timestamp,year,month,day,hour,province,location,lat,lon,aqi,pollution_level,pollution_class,temp,humidity,rain,wind_speed,wind_dir,pressure,cloud,pm2_5,pm10,co,no2,o3,so2
2026-04-14 00:00:00,2026,4,14,0,Tây Ninh,Phường Long Hoa,11.2575707,106.171227,114.0,Unhealthy for Sensitive Groups,2,27.4,82,0.0,10.2,148,1008.6,42,34.0,35.9,261.0,24.3,49.0,14.4
2026-04-14 01:00:00,2026,4,14,1,Tây Ninh,Phường Long Hoa,11.2575707,106.171227,113.0,Unhealthy for Sensitive Groups,2,27.0,84,0.0,9.5,155,1008.3,38,34.3,36.4,192.0,25.1,43.0,14.2
2026-04-14 02:00:00,2026,4,14,2,Tây Ninh,Phường Long Hoa,11.2575707,106.171227,112.0,Unhealthy for Sensitive Groups,2,26.5,86,0.0,9.6,160,1007.9,39,36.0,38.2,181.0,25.2,40.0,13.4
2026-04-14 03:00:00,2026,4,14,3,Tây Ninh,Phường Long Hoa,11.2575707,106.171227,112.0,Unhealthy for Sensitive Groups,2,26.2,87,0.0,9.0,164,1007.7,40,37.7,40.0,197.0,24.7,39.0,12.1
2026-04-14 04:00:00,2026,4,14,4,Tây Ninh,Phường Long Hoa,11.2575707,106.171227,111.0,Unhealthy for Sensitive Groups,2,26.0,87,0.0,8.3,162,1008.1,49,39.9,42.5,213.0,24.1,40.0,11.3
2026-04-14 05:00:00,2026,4,14,5,Tây Ninh,Phường Long Hoa,11.2575707,106.171227,111.0,Unhealthy for Sensitive Groups,2,25.8,87,0.0,7.6,161,1008.7,51,43.2,45.9,222.0,24.0,39.0,11.4
2026-04-14 06:00:00,2026,4,14,6,Tây Ninh,Phường Long Hoa,11.2575707,106.171227,110.0,Unhealthy for Sensitive Groups,2,25.6,88,0.0,7.0,159,1009.2,53,47.4,50.2,231.0,23.8,39.0,12.0
2026-04-14 07:00:00,2026,4,14,7,Tây Ninh,Phường Long Hoa,11.2575707,106.171227,110.0,Unhealthy for Sensitive Groups,2,26.5,85,0.0,8.3,162,1010.1,51,45.5,48.8,233.0,21.8,46.0,11.9
2026-04-14 08:00:00,2026,4,14,8,Tây Ninh,Phường Long Hoa,11.2575707,106.171227,109.0,Unhealthy for Sensitive Groups,2,28.0,77,0.0,10.0,167,1010.8,56,35.4,39.3,221.0,16.3,66.0,10.6
2026-04-14 09:00:00,2026,4,14,9,Tây Ninh,Phường Long Hoa,11.2575707,106.171227,108.0,Unhealthy for Sensitive Groups,2,29.8,69,0.0,11.2,184,1011.2,66,27.5,31.9,201.0,9.0,94.0,8.7
2026-04-14 09:00:00,2026,4,14,9,Tây Ninh,Phường Long Hoa,11.2575707,106.171227,116.0,Unhealthy for Sensitive Groups,2,29.8,70,0.0,10.4,178,1011.5,68,28.5,33.6,201.0,11.2,87.0,10.9
2026-04-14 10:00:00,2026,4,14,10,Tây Ninh,Phường Long Hoa,11.2575707,106.171227,108.0,Unhealthy for Sensitive Groups,2,31.5,62,0.0,10.1,176,1011.0,50,24.2,27.4,189.0,3.6,118.0,7.1
2026-04-14 10:00:00,2026,4,14,10,Tây Ninh,Phường Long Hoa,11.2575707,106.171227,115.0,Unhealthy for Sensitive Groups,2,31.4,63,0.0,9.4,173,1011.1,67,27.9,30.5,189.0,5.8,111.0,9.4
2026-04-14 11:00:00,2026,4,14,11,Tây Ninh,Phường Long Hoa,11.2575707,106.171227,115.0,Unhealthy for Sensitive Groups,2,32.9,57,0.0,9.1,162,1010.5,61,34.6,36.7,190.0,3.4,133.0,8.3
2026-04-14 11:00:00,2026,4,14,11,Tây Ninh,Phường Long Hoa,11.2575707,106.171227,107.0,Unhealthy for Sensitive Groups,2,33.1,55,0.0,9.8,163,1010.5,62,24.0,25.6,190.0,1.7,133.0,6.3
2026-04-14 12:00:00,2026,4,14,12,Tây Ninh,Phường Long Hoa,11.2575707,106.171227,116.0,Unhealthy for Sensitive Groups,2,34.2,51,0.0,8.5,152,1009.2,62,37.4,39.2,199.0,2.7,153.0,7.5
2026-04-14 12:00:00,2026,4,14,12,Tây Ninh,Phường Long Hoa,11.2575707,106.171227,106.0,Unhealthy for Sensitive Groups,2,34.3,50,0.0,9.2,154,1009.3,68,28.9,30.5,199.0,1.7,145.0,5.8
2026-04-14 13:00:00,2026,4,14,13,Tây Ninh,Phường Long Hoa,11.2575707,106.171227,116.0,Unhealthy for Sensitive Groups,2,35.2,47,0.0,7.7,139,1008.0,81,43.8,45.8,207.0,2.4,169.0,6.9
2026-04-14 13:00:00,2026,4,14,13,Tây Ninh,Phường Long Hoa,11.2575707,106.171227,106.0,Unhealthy for Sensitive Groups,2,35.3,46,0.0,8.9,153,1007.9,69,29.7,31.2,207.0,2.0,154.0,5.5
2026-04-14 14:00:00,2026,4,14,14,Tây Ninh,Phường Long Hoa,11.2575707,106.171227,106.0,Unhealthy for Sensitive Groups,2,35.9,44,0.0,9.5,155,1006.7,36,31.3,32.7,211.0,1.8,162.0,5.3
2026-04-14 14:00:00,2026,4,14,14,Tây Ninh,Phường Long Hoa,11.2575707,106.171227,117.0,Unhealthy for Sensitive Groups,2,35.7,45,0.0,7.1,135,1007.0,80,41.9,43.8,211.0,2.0,179.0,6.5
2026-04-14 15:00:00,2026,4,14,15,Tây Ninh,Phường Long Hoa,11.2575707,106.171227,105.0,Unhealthy for Sensitive Groups,2,36.0,43,0.0,10.4,166,1005.8,22,33.1,34.3,214.0,1.9,168.0,5.4
2026-04-14 15:00:00,2026,4,14,15,Tây Ninh,Phường Long Hoa,11.2575707,106.171227,118.0,Unhealthy for Sensitive Groups,2,35.9,44,0.0,7.8,146,1006.1,72,43.3,45.1,214.0,2.0,185.0,6.3
2026-04-14 16:00:00,2026,4,14,16,Tây Ninh,Phường Long Hoa,11.2575707,106.171227,119.0,Unhealthy for Sensitive Groups,2,35.6,44,0.0,7.6,161,1005.6,48,44.1,45.8,223.0,3.3,183.0,6.5
2026-04-14 16:00:00,2026,4,14,16,Tây Ninh,Phường Long Hoa,11.2575707,106.171227,105.0,Unhealthy for Sensitive Groups,2,35.9,43,0.0,10.2,170,1005.2,8,35.2,36.3,223.0,2.8,169.0,5.8
2026-04-14 17:00:00,2026,4,14,17,Tây Ninh,Phường Long Hoa,11.2575707,106.171227,122.0,Unhealthy for Sensitive Groups,2,35.1,45,0.0,7.6,180,1005.7,43,44.8,46.4,240.0,6.6,171.0,7.0
2026-04-14 17:00:00,2026,4,14,17,Tây Ninh,Phường Long Hoa,11.2575707,106.171227,110.0,Unhealthy for Sensitive Groups,2,35.5,43,0.0,9.7,176,1005.1,7,41.1,42.4,240.0,5.0,165.0,6.7
2026-04-14 18:00:00,2026,4,14,18,Tây Ninh,Phường Long Hoa,11.2575707,106.171227,140.0,Unhealthy for Sensitive Groups,2,33.9,49,0.0,6.4,196,1006.0,31,47.8,49.2,262.0,11.1,151.0,7.9
2026-04-14 18:00:00,2026,4,14,18,Tây Ninh,Phường Long Hoa,11.2575707,106.171227,125.0,Unhealthy for Sensitive Groups,2,34.2,47,0.0,7.9,183,1005.5,17,44.2,45.3,262.0,8.0,156.0,7.9
2026-04-14 19:00:00,2026,4,14,19,Tây Ninh,Phường Long Hoa,11.2575707,106.171227,133.0,Unhealthy for Sensitive Groups,2,32.3,56,0.0,5.6,195,1006.2,23,49.7,50.6,285.0,11.0,143.0,9.2
2026-04-14 19:00:00,2026,4,14,19,Tây Ninh,Phường Long Hoa,11.2575707,106.171227,148.0,Unhealthy for Sensitive Groups,2,32.3,57,0.0,3.5,204,1006.8,40,56.0,57.2,285.0,15.5,130.0,9.2
2026-04-14 20:00:00,2026,4,14,20,Tây Ninh,Phường Long Hoa,11.2575707,106.171227,147.0,Unhealthy for Sensitive Groups,2,31.1,62,0.0,6.5,146,1006.8,71,59.5,60.5,314.0,19.5,107.0,11.3
2026-04-14 20:00:00,2026,4,14,20,Tây Ninh,Phường Long Hoa,11.2575707,106.171227,135.0,Unhealthy for Sensitive Groups,2,31.0,62,0.0,5.9,169,1006.6,36,53.7,54.4,314.0,14.0,122.0,10.6
2026-04-14 21:00:00,2026,4,14,21,Tây Ninh,Phường Long Hoa,11.2575707,106.171227,130.0,Unhealthy for Sensitive Groups,2,29.7,68,0.0,11.0,142,1007.3,24,51.7,52.4,345.0,17.1,96.0,12.0
2026-04-14 21:00:00,2026,4,14,21,Tây Ninh,Phường Long Hoa,11.2575707,106.171227,138.0,Unhealthy for Sensitive Groups,2,29.9,67,0.0,13.3,142,1007.5,25,56.0,56.8,345.0,23.4,82.0,13.8
2026-04-14 22:00:00,2026,4,14,22,Tây Ninh,Phường Long Hoa,11.2575707,106.171227,119.0,Unhealthy for Sensitive Groups,2,28.7,71,0.0,12.9,150,1007.9,9,48.0,48.8,352.0,26.4,61.0,15.6
2026-04-14 22:00:00,2026,4,14,22,Tây Ninh,Phường Long Hoa,11.2575707,106.171227,118.0,Unhealthy for Sensitive Groups,2,28.7,71,0.0,11.6,150,1007.6,8,44.9,45.6,352.0,19.6,74.0,13.0
2026-04-14 23:00:00,2026,4,14,23,Tây Ninh,Phường Long Hoa,11.2575707,106.171227,106.0,Unhealthy for Sensitive Groups,2,27.8,74,0.0,11.5,160,1007.9,24,38.3,39.0,316.0,21.5,59.0,13.5
2026-04-14 23:00:00,2026,4,14,23,Tây Ninh,Phường Long Hoa,11.2575707,106.171227,118.0,Unhealthy for Sensitive Groups,2,27.8,74,0.0,12.1,157,1008.4,24,42.0,43.2,316.0,28.4,47.0,16.3
2026-04-15 00:00:00,2026,4,15,0,Tây Ninh,Phường Long Hoa,11.2575707,106.171227,106.0,Unhealthy for Sensitive Groups,2,27.2,76,0.0,10.6,162,1007.9,12,35.6,36.8,258.0,22.9,47.0,13.7
2026-04-15 00:00:00,2026,4,15,0,Tây Ninh,Phường Long Hoa,11.2575707,106.171227,118.0,Unhealthy for Sensitive Groups,2,27.2,78,0.0,10.8,159,1008.4,30,38.9,40.2,258.0,29.5,38.0,16.4
2026-04-15 01:00:00,2026,4,15,1,Tây Ninh,Phường Long Hoa,11.2575707,106.171227,106.0,Unhealthy for Sensitive Groups,2,26.7,79,0.0,9.4,162,1007.7,39,35.4,36.7,216.0,23.7,39.0,13.5
2026-04-15 01:00:00,2026,4,15,1,Tây Ninh,Phường Long Hoa,11.2575707,106.171227,118.0,Unhealthy for Sensitive Groups,2,26.8,80,0.0,9.8,163,1008.1,36,38.4,39.8,216.0,29.5,33.0,15.8
2026-04-15 02:00:00,2026,4,15,2,Tây Ninh,Phường Long Hoa,11.2575707,106.171227,106.0,Unhealthy for Sensitive Groups,2,26.4,81,0.0,8.4,160,1007.4,52,36.6,38.0,207.0,23.8,36.0,12.5
2026-04-15 02:00:00,2026,4,15,2,Tây Ninh,Phường Long Hoa,11.2575707,106.171227,118.0,Unhealthy for Sensitive Groups,2,26.5,81,0.0,9.0,164,1007.6,48,38.3,40.0,207.0,28.0,32.0,14.3
2026-04-15 03:00:00,2026,4,15,3,Tây Ninh,Phường Long Hoa,11.2575707,106.171227,106.0,Unhealthy for Sensitive Groups,2,26.1,83,0.0,7.4,157,1007.1,44,38.3,39.9,215.0,23.3,37.0,11.1
2026-04-15 03:00:00,2026,4,15,3,Tây Ninh,Phường Long Hoa,11.2575707,106.171227,118.0,Unhealthy for Sensitive Groups,2,26.3,82,0.0,7.9,156,1007.3,50,38.6,40.5,215.0,25.3,36.0,12.2
2026-04-15 04:00:00,2026,4,15,4,Tây Ninh,Phường Long Hoa,11.2575707,106.171227,118.0,Unhealthy for Sensitive Groups,2,25.9,84,0.0,7.6,149,1007.3,47,39.6,41.6,222.0,23.1,39.0,10.7
2026-04-15 04:00:00,2026,4,15,4,Tây Ninh,Phường Long Hoa,11.2575707,106.171227,107.0,Unhealthy for Sensitive Groups,2,25.8,85,0.0,7.6,155,1006.9,37,40.7,42.6,222.0,22.8,39.0,10.3
2026-04-15 05:00:00,2026,4,15,5,Tây Ninh,Phường Long Hoa,11.2575707,106.171227,107.0,Unhealthy for Sensitive Groups,2,25.5,86,0.0,7.4,157,1007.4,37,44.0,46.1,225.0,23.0,38.0,10.8
2026-04-15 05:00:00,2026,4,15,5,Tây Ninh,Phường Long Hoa,11.2575707,106.171227,118.0,Unhealthy for Sensitive Groups,2,25.6,87,0.0,7.3,147,1007.8,36,42.0,44.2,225.0,22.3,39.0,10.4
2026-04-15 06:00:00,2026,4,15,6,Tây Ninh,Phường Long Hoa,11.2575707,106.171227,118.0,Unhealthy for Sensitive Groups,2,25.3,89,0.0,7.2,153,1008.3,25,45.9,48.2,229.0,21.8,39.0,10.6
2026-04-15 06:00:00,2026,4,15,6,Tây Ninh,Phường Long Hoa,11.2575707,106.171227,107.0,Unhealthy for Sensitive Groups,2,25.2,88,0.0,6.8,155,1007.9,43,47.6,49.8,229.0,23.2,37.0,11.9
2026-04-15 07:00:00,2026,4,15,7,Tây Ninh,Phường Long Hoa,11.2575707,106.171227,117.0,Unhealthy for Sensitive Groups,2,26.3,86,0.0,9.0,157,1009.2,21,43.9,46.7,228.0,19.9,46.0,10.5
2026-04-15 07:00:00,2026,4,15,7,Tây Ninh,Phường Long Hoa,11.2575707,106.171227,107.0,Unhealthy for Sensitive Groups,2,26.2,84,0.0,7.7,152,1008.9,49,45.6,48.3,228.0,21.6,44.0,12.2
2026-04-15 08:00:00,2026,4,15,8,Tây Ninh,Phường Long Hoa,11.2575707,106.171227,117.0,Unhealthy for Sensitive Groups,2,28.0,78,0.0,11.0,161,1009.9,26,34.5,37.8,218.0,14.9,65.0,9.5
2026-04-15 08:00:00,2026,4,15,8,Tây Ninh,Phường Long Hoa,11.2575707,106.171227,107.0,Unhealthy for Sensitive Groups,2,27.8,77,0.0,8.9,159,1009.5,50,36.0,39.1,218.0,16.3,63.0,10.7
2026-04-15 09:00:00,2026,4,15,9,Tây Ninh,Phường Long Hoa,11.2575707,106.171227,117.0,Unhealthy for Sensitive Groups,2,30.0,67,0.0,11.4,167,1010.1,42,25.8,28.1,204.0,8.5,90.0,8.2
2026-04-15 09:00:00,2026,4,15,9,Tây Ninh,Phường Long Hoa,11.2575707,106.171227,107.0,Unhealthy for Sensitive Groups,2,29.9,68,0.0,10.2,172,1009.7,34,25.3,27.2,204.0,9.2,89.0,8.3
2026-04-15 10:00:00,2026,4,15,10,Tây Ninh,Phường Long Hoa,11.2575707,106.171227,117.0,Unhealthy for Sensitive Groups,2,31.7,59,0.0,10.7,160,1009.9,29,26.0,27.6,195.0,3.7,113.0,7.1
2026-04-15 10:00:00,2026,4,15,10,Tây Ninh,Phường Long Hoa,11.2575707,106.171227,107.0,Unhealthy for Sensitive Groups,2,31.7,60,0.0,10.7,168,1009.5,43,26.3,27.6,195.0,3.8,112.0,6.4
2026-04-15 11:00:00,2026,4,15,11,Tây Ninh,Phường Long Hoa,11.2575707,106.171227,107.0,Unhealthy for Sensitive Groups,2,33.2,53,0.0,10.5,164,1008.9,41,28.5,29.9,194.0,1.9,129.0,5.6
2026-04-15 11:00:00,2026,4,15,11,Tây Ninh,Phường Long Hoa,11.2575707,106.171227,117.0,Unhealthy for Sensitive Groups,2,33.3,52,0.0,10.2,157,1009.3,31,29.3,30.7,194.0,2.0,131.0,6.5
2026-04-15 12:00:00,2026,4,15,12,Tây Ninh,Phường Long Hoa,11.2575707,106.171227,107.0,Unhealthy for Sensitive Groups,2,34.6,47,0.0,10.7,166,1008.0,39,29.9,31.1,199.0,1.7,144.0,5.4
2026-04-15 12:00:00,2026,4,15,12,Tây Ninh,Phường Long Hoa,11.2575707,106.171227,116.0,Unhealthy for Sensitive Groups,2,34.7,48,0.0,9.6,160,1008.1,33,31.8,33.2,199.0,1.9,146.0,6.1
2026-04-15 13:00:00,2026,4,15,13,Tây Ninh,Phường Long Hoa,11.2575707,106.171227,107.0,Unhealthy for Sensitive Groups,2,35.7,42,0.0,10.6,170,1006.8,23,30.6,31.8,210.0,1.9,154.0,5.1
2026-04-15 13:00:00,2026,4,15,13,Tây Ninh,Phường Long Hoa,11.2575707,106.171227,115.0,Unhealthy for Sensitive Groups,2,35.6,44,0.0,9.6,160,1006.9,34,33.8,35.0,210.0,2.1,159.0,5.9
2026-04-15 14:00:00,2026,4,15,14,Tây Ninh,Phường Long Hoa,11.2575707,106.171227,107.0,Unhealthy for Sensitive Groups,2,36.3,40,0.0,11.6,173,1005.7,27,31.2,32.2,230.0,1.6,159.0,4.5
2026-04-15 14:00:00,2026,4,15,14,Tây Ninh,Phường Long Hoa,11.2575707,106.171227,114.0,Unhealthy for Sensitive Groups,2,35.9,43,0.0,10.9,163,1005.7,17,35.3,36.4,230.0,1.9,170.0,5.9
2026-04-15 15:00:00,2026,4,15,15,Tây Ninh,Phường Long Hoa,11.2575707,106.171227,107.0,Unhealthy for Sensitive Groups,2,36.5,37,0.0,12.3,173,1004.7,0,31.9,32.9,257.0,1.8,160.0,3.9
2026-04-15 15:00:00,2026,4,15,15,Tây Ninh,Phường Long Hoa,11.2575707,106.171227,114.0,Unhealthy for Sensitive Groups,2,36.1,41,0.0,11.5,166,1004.7,18,36.3,37.5,257.0,2.0,178.0,6.2
2026-04-15 16:00:00,2026,4,15,16,Tây Ninh,Phường Long Hoa,11.2575707,106.171227,107.0,Unhealthy for Sensitive Groups,2,36.2,37,0.0,12.6,178,1004.1,0,33.9,34.9,280.0,3.3,157.0,4.0
2026-04-15 16:00:00,2026,4,15,16,Tây Ninh,Phường Long Hoa,11.2575707,106.171227,113.0,Unhealthy for Sensitive Groups,2,35.9,40,0.0,10.9,172,1004.2,22,36.6,37.6,280.0,3.2,178.0,6.7
2026-04-15 17:00:00,2026,4,15,17,Tây Ninh,Phường Long Hoa,11.2575707,106.171227,107.0,Unhealthy for Sensitive Groups,2,35.4,38,0.0,11.9,178,1004.1,0,37.4,38.3,294.0,7.4,149.0,5.2
2026-04-15 17:00:00,2026,4,15,17,Tây Ninh,Phường Long Hoa,11.2575707,106.171227,114.0,Unhealthy for Sensitive Groups,2,35.3,40,0.0,10.1,176,1004.5,25,36.6,37.5,294.0,6.2,167.0,7.4
2026-04-15 18:00:00,2026,4,15,18,Tây Ninh,Phường Long Hoa,11.2575707,106.171227,131.0,Unhealthy for Sensitive Groups,2,34.1,43,0.0,8.4,170,1005.2,13,38.8,39.6,305.0,10.2,148.0,8.4
2026-04-15 18:00:00,2026,4,15,18,Tây Ninh,Phường Long Hoa,11.2575707,106.171227,114.0,Unhealthy for Sensitive Groups,2,34.1,40,0.0,9.1,173,1004.8,0,44.2,45.2,305.0,13.0,136.0,7.0
2026-04-15 19:00:00,2026,4,15,19,Tây Ninh,Phường Long Hoa,11.2575707,106.171227,138.0,Unhealthy for Sensitive Groups,2,32.2,49,0.0,7.3,171,1006.0,3,43.2,43.9,323.0,14.0,126.0,9.4
2026-04-15 19:00:00,2026,4,15,19,Tây Ninh,Phường Long Hoa,11.2575707,106.171227,119.0,Unhealthy for Sensitive Groups,2,32.0,47,0.0,6.4,164,1005.6,0,55.6,56.3,323.0,17.6,122.0,8.6
2026-04-15 20:00:00,2026,4,15,20,Tây Ninh,Phường Long Hoa,11.2575707,106.171227,137.0,Unhealthy for Sensitive Groups,2,31.0,53,0.0,6.5,177,1006.6,30,44.8,45.4,367.0,17.2,101.0,10.7
2026-04-15 20:00:00,2026,4,15,20,Tây Ninh,Phường Long Hoa,11.2575707,106.171227,118.0,Unhealthy for Sensitive Groups,2,30.7,52,0.0,5.6,165,1006.2,10,67.1,67.8,367.0,20.3,107.0,9.9
2026-04-15 21:00:00,2026,4,15,21,Tây Ninh,Phường Long Hoa,11.2575707,106.171227,110.0,Unhealthy for Sensitive Groups,2,29.6,58,0.0,9.7,149,1007.0,28,68.5,69.2,418.0,22.0,91.0,11.1
2026-04-15 21:00:00,2026,4,15,21,Tây Ninh,Phường Long Hoa,11.2575707,106.171227,128.0,Unhealthy for Sensitive Groups,2,29.7,59,0.0,10.6,145,1007.4,51,41.1,41.7,418.0,20.0,73.0,12.1
2026-04-15 22:00:00,2026,4,15,22,Tây Ninh,Phường Long Hoa,11.2575707,106.171227,109.0,Unhealthy for Sensitive Groups,2,28.7,71,0.0,13.4,149,1008.0,38,36.0,36.8,434.0,22.2,51.0,13.0
2026-04-15 22:00:00,2026,4,15,22,Tây Ninh,Phường Long Hoa,11.2575707,106.171227,111.0,Unhealthy for Sensitive Groups,2,28.5,73,0.0,12.3,148,1007.7,5,62.6,63.1,434.0,23.3,75.0,11.9
2026-04-15 23:00:00,2026,4,15,23,Tây Ninh,Phường Long Hoa,11.2575707,106.171227,105.0,Unhealthy for Sensitive Groups,2,28.1,76,0.0,13.2,163,1008.2,26,34.1,35.5,381.0,23.3,40.0,13.2
2026-04-15 23:00:00,2026,4,15,23,Tây Ninh,Phường Long Hoa,11.2575707,106.171227,112.0,Unhealthy for Sensitive Groups,2,28.0,79,0.0,11.3,163,1008.0,17,53.9,54.6,381.0,24.1,60.0,12.3
2026-04-16 00:00:00,2026,4,16,0,Tây Ninh,Phường Long Hoa,11.2575707,106.171227,104.0,Unhealthy for Sensitive Groups,2,27.7,78,0.0,11.4,167,1008.0,36,34.3,35.9,293.0,23.7,36.0,12.9
2026-04-16 00:00:00,2026,4,16,0,Tây Ninh,Phường Long Hoa,11.2575707,106.171227,114.0,Unhealthy for Sensitive Groups,2,27.7,82,0.0,10.4,166,1007.9,33,45.9,47.1,293.0,24.3,46.0,12.4
2026-04-16 01:00:00,2026,4,16,1,Tây Ninh,Phường Long Hoa,11.2575707,106.171227,103.0,Unhealthy for Sensitive Groups,2,27.3,80,0.0,9.6,167,1007.7,40,35.5,37.1,230.0,24.2,33.0,12.6
2026-04-16 01:00:00,2026,4,16,1,Tây Ninh,Phường Long Hoa,11.2575707,106.171227,115.0,Unhealthy for Sensitive Groups,2,27.3,83,0.0,9.3,167,1007.5,35,39.6,41.0,230.0,24.6,36.0,12.3
2026-04-16 02:00:00,2026,4,16,2,Tây Ninh,Phường Long Hoa,11.2575707,106.171227,103.0,Unhealthy for Sensitive Groups,2,26.9,83,0.0,8.3,162,1007.5,36,37.5,39.3,222.0,25.2,30.0,12.1
2026-04-16 02:00:00,2026,4,16,2,Tây Ninh,Phường Long Hoa,11.2575707,106.171227,116.0,Unhealthy for Sensitive Groups,2,26.9,85,0.0,8.2,165,1007.3,39,37.4,38.9,222.0,25.1,32.0,11.9
2026-04-16 03:00:00,2026,4,16,3,Tây Ninh,Phường Long Hoa,11.2575707,106.171227,116.0,Unhealthy for Sensitive Groups,2,26.6,88,0.0,8.0,162,1007.2,50,37.8,39.6,239.0,25.5,31.0,11.4
2026-04-16 03:00:00,2026,4,16,3,Tây Ninh,Phường Long Hoa,11.2575707,106.171227,103.0,Unhealthy for Sensitive Groups,2,26.6,86,0.0,7.3,160,1007.6,54,40.7,42.7,239.0,26.3,28.0,11.5
2026-04-16 04:00:00,2026,4,16,4,Tây Ninh,Phường Long Hoa,11.2575707,106.171227,116.0,Unhealthy for Sensitive Groups,2,26.4,90,0.0,8.1,159,1007.4,56,39.5,41.3,254.0,25.7,32.0,11.4
2026-04-16 04:00:00,2026,4,16,4,Tây Ninh,Phường Long Hoa,11.2575707,106.171227,103.0,Unhealthy for Sensitive Groups,2,26.4,87,0.0,7.2,162,1007.8,68,44.7,46.9,254.0,26.9,28.0,11.4
2026-04-16 05:00:00,2026,4,16,5,Tây Ninh,Phường Long Hoa,11.2575707,106.171227,115.0,Unhealthy for Sensitive Groups,2,26.2,91,0.0,7.4,157,1007.7,47,42.4,44.5,261.0,26.2,31.0,12.5
2026-04-16 05:00:00,2026,4,16,5,Tây Ninh,Phường Long Hoa,11.2575707,106.171227,104.0,Unhealthy for Sensitive Groups,2,26.3,89,0.0,6.4,164,1008.0,60,48.8,51.1,261.0,27.3,27.0,12.4
2026-04-16 06:00:00,2026,4,16,6,Tây Ninh,Phường Long Hoa,11.2575707,106.171227,105.0,Unhealthy for Sensitive Groups,2,26.0,90,0.0,6.2,159,1008.3,42,53.9,56.5,266.0,27.1,29.0,13.8
2026-04-16 06:00:00,2026,4,16,6,Tây Ninh,Phường Long Hoa,11.2575707,106.171227,115.0,Unhealthy for Sensitive Groups,2,26.1,92,0.0,6.3,156,1008.1,40,45.8,48.0,266.0,26.5,31.0,14.1
2026-04-16 07:00:00,2026,4,16,7,Tây Ninh,Phường Long Hoa,11.2575707,106.171227,115.0,Unhealthy for Sensitive Groups,2,27.1,88,0.0,7.3,160,1009.1,43,44.4,46.9,263.0,24.6,39.0,14.7
2026-04-16 07:00:00,2026,4,16,7,Tây Ninh,Phường Long Hoa,11.2575707,106.171227,105.0,Unhealthy for Sensitive Groups,2,27.0,86,0.0,7.8,158,1009.3,29,51.5,54.5,263.0,24.9,37.0,14.4
2026-04-16 08:00:00,2026,4,16,8,Tây Ninh,Phường Long Hoa,11.2575707,106.171227,115.0,Unhealthy for Sensitive Groups,2,28.7,77,0.0,9.5,171,1009.9,53,34.9,38.3,244.0,18.6,59.0,13.3
2026-04-16 08:00:00,2026,4,16,8,Tây Ninh,Phường Long Hoa,11.2575707,106.171227,106.0,Unhealthy for Sensitive Groups,2,28.7,77,0.0,8.8,168,1010.3,45,38.2,41.9,244.0,18.8,58.0,13.3
2026-04-16 09:00:00,2026,4,16,9,Tây Ninh,Phường Long Hoa,11.2575707,106.171227,115.0,Unhealthy for Sensitive Groups,2,30.3,69,0.0,8.7,173,1010.4,53,25.9,28.8,217.0,10.5,87.0,10.8
2026-04-16 09:00:00,2026,4,16,9,Tây Ninh,Phường Long Hoa,11.2575707,106.171227,107.0,Unhealthy for Sensitive Groups,2,30.4,67,0.0,8.7,173,1010.7,50,27.0,29.7,217.0,10.5,87.0,11.3
2026-04-16 10:00:00,2026,4,16,10,Tây Ninh,Phường Long Hoa,11.2575707,106.171227,107.0,Unhealthy for Sensitive Groups,2,32.1,59,0.0,8.4,170,1010.4,45,24.9,26.5,198.0,4.4,113.0,9.5
2026-04-16 10:00:00,2026,4,16,10,Tây Ninh,Phường Long Hoa,11.2575707,106.171227,115.0,Unhealthy for Sensitive Groups,2,32.1,60,0.0,8.5,168,1010.0,57,25.7,27.1,198.0,4.4,112.0,8.6
2026-04-16 11:00:00,2026,4,16,11,Tây Ninh,Phường Long Hoa,11.2575707,106.171227,107.0,Unhealthy for Sensitive Groups,2,33.6,52,0.0,7.8,167,1009.7,62,27.0,28.4,195.0,2.2,132.0,8.1
2026-04-16 11:00:00,2026,4,16,11,Tây Ninh,Phường Long Hoa,11.2575707,106.171227,115.0,Unhealthy for Sensitive Groups,2,33.7,53,0.0,8.4,160,1009.3,57,28.9,30.3,195.0,2.2,131.0,7.1
2026-04-16 12:00:00,2026,4,16,12,Tây Ninh,Phường Long Hoa,11.2575707,106.171227,106.0,Unhealthy for Sensitive Groups,2,35.0,47,0.0,7.2,177,1008.7,44,29.9,31.3,200.0,2.2,147.0,6.8
2026-04-16 12:00:00,2026,4,16,12,Tây Ninh,Phường Long Hoa,11.2575707,106.171227,115.0,Unhealthy for Sensitive Groups,2,35.0,48,0.0,7.8,167,1008.3,41,31.8,33.1,200.0,2.0,147.0,6.0
2026-04-16 13:00:00,2026,4,16,13,Tây Ninh,Phường Long Hoa,11.2575707,106.171227,106.0,Unhealthy for Sensitive Groups,2,36.0,44,0.0,6.7,164,1007.4,36,33.1,34.5,207.0,2.4,161.0,6.0
2026-04-16 13:00:00,2026,4,16,13,Tây Ninh,Phường Long Hoa,11.2575707,106.171227,115.0,Unhealthy for Sensitive Groups,2,35.6,46,0.0,7.7,152,1007.2,66,33.8,34.9,207.0,2.2,160.0,5.2
2026-04-16 14:00:00,2026,4,16,14,Tây Ninh,Phường Long Hoa,11.2575707,106.171227,115.0,Unhealthy for Sensitive Groups,2,35.8,45,0.0,7.9,156,1006.1,47,34.9,36.0,209.0,2.1,171.0,4.8
2026-04-16 14:00:00,2026,4,16,14,Tây Ninh,Phường Long Hoa,11.2575707,106.171227,106.0,Unhealthy for Sensitive Groups,2,36.3,41,0.0,6.7,144,1006.3,57,35.7,37.0,209.0,2.2,175.0,5.7
2026-04-16 15:00:00,2026,4,16,15,Tây Ninh,Phường Long Hoa,11.2575707,106.171227,106.0,Unhealthy for Sensitive Groups,2,36.2,41,0.0,7.1,139,1005.5,66,38.1,39.3,213.0,2.3,187.0,5.8
2026-04-16 15:00:00,2026,4,16,15,Tây Ninh,Phường Long Hoa,11.2575707,106.171227,116.0,Unhealthy for Sensitive Groups,2,35.8,45,0.1,8.9,166,1005.3,49,36.0,37.0,213.0,2.3,179.0,4.7
2026-04-16 16:00:00,2026,4,16,16,Tây Ninh,Phường Long Hoa,11.2575707,106.171227,106.0,Unhealthy for Sensitive Groups,2,35.7,42,0.0,7.8,146,1005.0,61,39.1,40.4,228.0,3.5,190.0,6.3
2026-04-16 16:00:00,2026,4,16,16,Tây Ninh,Phường Long Hoa,11.2575707,106.171227,116.0,Unhealthy for Sensitive Groups,2,35.3,46,0.1,8.4,173,1004.8,47,37.0,38.0,228.0,3.4,180.0,5.0
2026-04-16 17:00:00,2026,4,16,17,Tây Ninh,Phường Long Hoa,11.2575707,106.171227,120.0,Unhealthy for Sensitive Groups,2,35.0,44,0.0,9.8,144,1004.9,92,39.5,40.7,268.0,6.4,180.0,7.1
2026-04-16 17:00:00,2026,4,16,17,Tây Ninh,Phường Long Hoa,11.2575707,106.171227,117.0,Unhealthy for Sensitive Groups,2,34.6,48,0.0,10.1,153,1004.7,41,38.3,39.3,268.0,5.7,171.0,5.8
2026-04-16 18:00:00,2026,4,16,18,Tây Ninh,Phường Long Hoa,11.2575707,106.171227,133.0,Unhealthy for Sensitive Groups,2,33.2,53,0.0,10.4,146,1005.2,11,39.2,40.2,318.0,9.0,155.0,7.1
2026-04-16 18:00:00,2026,4,16,18,Tây Ninh,Phường Long Hoa,11.2575707,106.171227,140.0,Unhealthy for Sensitive Groups,2,33.1,54,0.0,12.0,147,1005.6,27,41.0,42.1,318.0,10.2,161.0,8.3
2026-04-16 19:00:00,2026,4,16,19,Tây Ninh,Phường Long Hoa,11.2575707,106.171227,142.0,Unhealthy for Sensitive Groups,2,31.6,61,0.0,7.9,137,1006.1,22,41.4,42.1,348.0,12.3,136.0,8.4
2026-04-16 19:00:00,2026,4,16,19,Tây Ninh,Phường Long Hoa,11.2575707,106.171227,150.0,Unhealthy for Sensitive Groups,2,31.6,64,0.0,9.6,146,1006.5,9,43.1,44.1,348.0,13.9,138.0,9.7
2026-04-16 20:00:00,2026,4,16,20,Tây Ninh,Phường Long Hoa,11.2575707,106.171227,143.0,Unhealthy for Sensitive Groups,2,30.6,67,0.0,8.5,144,1007.0,26,41.0,41.7,338.0,15.9,111.0,10.0
2026-04-16 20:00:00,2026,4,16,20,Tây Ninh,Phường Long Hoa,11.2575707,106.171227,151.0,Unhealthy,3,30.7,67,0.0,8.7,150,1007.1,24,37.5,38.4,338.0,17.0,109.0,11.4
2026-04-16 21:00:00,2026,4,16,21,Tây Ninh,Phường Long Hoa,11.2575707,106.171227,143.0,Unhealthy for Sensitive Groups,2,30.0,69,0.0,13.2,145,1007.7,0,30.3,31.3,307.0,19.9,75.0,13.3
2026-04-16 21:00:00,2026,4,16,21,Tây Ninh,Phường Long Hoa,11.2575707,106.171227,135.0,Unhealthy for Sensitive Groups,2,29.8,70,0.0,10.6,145,1007.8,0,39.0,39.7,307.0,19.6,83.0,11.6
2026-04-16 22:00:00,2026,4,16,22,Tây Ninh,Phường Long Hoa,11.2575707,106.171227,119.0,Unhealthy for Sensitive Groups,2,28.9,73,0.0,12.8,148,1008.5,9,36.2,37.4,282.0,22.5,60.0,12.8
2026-04-16 22:00:00,2026,4,16,22,Tây Ninh,Phường Long Hoa,11.2575707,106.171227,125.0,Unhealthy for Sensitive Groups,2,28.9,74,0.0,13.5,146,1008.4,0,27.2,28.6,282.0,22.2,50.0,14.6
2026-04-16 23:00:00,2026,4,16,23,Tây Ninh,Phường Long Hoa,11.2575707,106.171227,104.0,Unhealthy for Sensitive Groups,2,28.2,78,0.0,13.1,159,1008.8,40,27.6,29.0,272.0,23.7,39.0,14.7
2026-04-16 23:00:00,2026,4,16,23,Tây Ninh,Phường Long Hoa,11.2575707,106.171227,106.0,Unhealthy for Sensitive Groups,2,28.2,77,0.0,12.0,159,1008.7,44,33.9,35.5,272.0,23.8,48.0,13.2
2026-04-17 00:00:00,2026,4,17,0,Tây Ninh,Phường Long Hoa,11.2575707,106.171227,104.0,Unhealthy for Sensitive Groups,2,27.7,81,0.0,11.5,166,1008.8,45,30.5,32.1,268.0,24.7,37.0,14.2
2026-04-17 00:00:00,2026,4,17,0,Tây Ninh,Phường Long Hoa,11.2575707,106.171227,104.0,Unhealthy for Sensitive Groups,2,27.7,81,0.0,10.4,166,1008.6,46,32.4,34.1,268.0,24.2,41.0,13.1
2026-04-17 01:00:00,2026,4,17,1,Tây Ninh,Phường Long Hoa,11.2575707,106.171227,103.0,Unhealthy for Sensitive Groups,2,27.3,84,0.0,8.9,166,1008.3,52,32.4,34.1,263.0,24.7,37.0,12.9
2026-04-17 01:00:00,2026,4,17,1,Tây Ninh,Phường Long Hoa,11.2575707,106.171227,103.0,Unhealthy for Sensitive Groups,2,27.2,83,0.0,9.6,167,1008.4,37,33.1,34.8,263.0,25.5,36.0,13.6
2026-04-17 02:00:00,2026,4,17,2,Tây Ninh,Phường Long Hoa,11.2575707,106.171227,103.0,Unhealthy for Sensitive Groups,2,26.8,86,0.0,8.0,170,1008.1,42,35.2,37.0,255.0,26.2,34.0,12.9
2026-04-17 02:00:00,2026,4,17,2,Tây Ninh,Phường Long Hoa,11.2575707,106.171227,102.0,Unhealthy for Sensitive Groups,2,26.9,86,0.0,8.1,167,1008.2,59,33.3,35.3,255.0,25.6,34.0,12.6
2026-04-17 03:00:00,2026,4,17,3,Tây Ninh,Phường Long Hoa,11.2575707,106.171227,103.0,Unhealthy for Sensitive Groups,2,26.6,87,0.0,6.9,174,1008.0,59,37.3,39.3,247.0,26.6,32.0,12.0
2026-04-17 03:00:00,2026,4,17,3,Tây Ninh,Phường Long Hoa,11.2575707,106.171227,101.0,Unhealthy for Sensitive Groups,2,26.7,87,0.0,7.8,167,1008.1,65,35.6,37.7,247.0,26.5,34.0,12.2
2026-04-17 04:00:00,2026,4,17,4,Tây Ninh,Phường Long Hoa,11.2575707,106.171227,102.0,Unhealthy for Sensitive Groups,2,26.5,88,0.0,6.6,167,1008.3,76,41.6,43.9,240.0,26.7,32.0,11.5
2026-04-17 04:00:00,2026,4,17,4,Tây Ninh,Phường Long Hoa,11.2575707,106.171227,101.0,Unhealthy for Sensitive Groups,2,26.7,88,0.0,7.4,166,1008.2,72,40.4,42.7,240.0,27.1,35.0,12.2
2026-04-17 05:00:00,2026,4,17,5,Tây Ninh,Phường Long Hoa,11.2575707,106.171227,101.0,Unhealthy for Sensitive Groups,2,26.7,88,0.0,7.1,165,1008.6,65,48.9,51.6,238.0,27.8,34.0,13.3
2026-04-17 05:00:00,2026,4,17,5,Tây Ninh,Phường Long Hoa,11.2575707,106.171227,102.0,Unhealthy for Sensitive Groups,2,26.5,88,0.0,7.0,168,1008.7,74,49.7,52.5,238.0,26.9,31.0,11.9
2026-04-17 06:00:00,2026,4,17,6,Tây Ninh,Phường Long Hoa,11.2575707,106.171227,102.0,Unhealthy for Sensitive Groups,2,26.8,88,0.0,6.8,162,1009.2,59,61.0,64.0,238.0,28.2,34.0,14.7
2026-04-17 06:00:00,2026,4,17,6,Tây Ninh,Phường Long Hoa,11.2575707,106.171227,102.0,Unhealthy for Sensitive Groups,2,26.4,89,0.0,6.6,167,1009.1,64,60.3,63.3,238.0,26.8,32.0,12.6
2026-04-17 07:00:00,2026,4,17,7,Tây Ninh,Phường Long Hoa,11.2575707,106.171227,103.0,Unhealthy for Sensitive Groups,2,27.3,84,0.0,7.1,165,1010.0,61,52.9,56.5,234.0,24.7,39.0,12.6
2026-04-17 07:00:00,2026,4,17,7,Tây Ninh,Phường Long Hoa,11.2575707,106.171227,104.0,Unhealthy for Sensitive Groups,2,27.4,85,0.0,6.8,162,1009.7,52,52.6,56.1,234.0,26.5,41.0,15.1
2026-04-17 08:00:00,2026,4,17,8,Tây Ninh,Phường Long Hoa,11.2575707,106.171227,103.0,Unhealthy for Sensitive Groups,2,28.6,76,0.0,8.2,165,1010.4,63,36.2,40.3,220.0,18.8,57.0,11.0
2026-04-17 08:00:00,2026,4,17,8,Tây Ninh,Phường Long Hoa,11.2575707,106.171227,104.0,Unhealthy for Sensitive Groups,2,28.6,78,0.0,7.6,161,1010.1,52,33.2,37.3,220.0,20.7,60.0,13.4
2026-04-17 09:00:00,2026,4,17,9,Tây Ninh,Phường Long Hoa,11.2575707,106.171227,104.0,Unhealthy for Sensitive Groups,2,30.4,68,0.0,8.7,163,1010.5,53,23.9,27.5,202.0,12.7,85.0,10.6
2026-04-17 09:00:00,2026,4,17,9,Tây Ninh,Phường Long Hoa,11.2575707,106.171227,103.0,Unhealthy for Sensitive Groups,2,30.3,66,0.0,9.3,164,1010.7,64,24.4,28.4,202.0,11.0,82.0,8.7
2026-04-17 10:00:00,2026,4,17,10,Tây Ninh,Phường Long Hoa,11.2575707,106.171227,102.0,Unhealthy for Sensitive Groups,2,31.8,58,0.0,9.8,163,1010.6,66,23.3,26.7,191.0,5.1,105.0,6.9
2026-04-17 10:00:00,2026,4,17,10,Tây Ninh,Phường Long Hoa,11.2575707,106.171227,104.0,Unhealthy for Sensitive Groups,2,32.0,59,0.0,9.4,162,1010.4,53,23.4,25.7,191.0,6.5,109.0,8.3
2026-04-17 11:00:00,2026,4,17,11,Tây Ninh,Phường Long Hoa,11.2575707,106.171227,104.0,Unhealthy for Sensitive Groups,2,33.5,53,0.0,8.8,161,1009.7,51,23.3,24.6,192.0,3.8,130.0,7.3
2026-04-17 11:00:00,2026,4,17,11,Tây Ninh,Phường Long Hoa,11.2575707,106.171227,102.0,Unhealthy for Sensitive Groups,2,33.2,53,0.0,8.9,159,1009.9,65,23.5,25.3,192.0,2.8,125.0,6.1
2026-04-17 12:00:00,2026,4,17,12,Tây Ninh,Phường Long Hoa,11.2575707,106.171227,103.0,Unhealthy for Sensitive Groups,2,34.9,49,0.0,7.9,156,1008.5,48,24.3,25.7,200.0,2.8,149.0,6.8
2026-04-17 12:00:00,2026,4,17,12,Tây Ninh,Phường Long Hoa,11.2575707,106.171227,102.0,Unhealthy for Sensitive Groups,2,34.4,49,0.0,7.9,150,1008.9,63,25.3,26.9,200.0,2.3,143.0,5.7
2026-04-17 13:00:00,2026,4,17,13,Tây Ninh,Phường Long Hoa,11.2575707,106.171227,102.0,Unhealthy for Sensitive Groups,2,35.8,46,0.0,7.2,153,1007.5,46,25.3,26.7,210.0,2.4,164.0,6.5
2026-04-17 13:00:00,2026,4,17,13,Tây Ninh,Phường Long Hoa,11.2575707,106.171227,101.0,Unhealthy for Sensitive Groups,2,35.3,46,0.0,7.0,145,1007.9,62,27.2,28.8,210.0,2.3,157.0,5.5
2026-04-17 14:00:00,2026,4,17,14,Tây Ninh,Phường Long Hoa,11.2575707,106.171227,102.0,Unhealthy for Sensitive Groups,2,36.0,45,0.0,8.2,157,1006.6,53,26.0,27.4,219.0,1.9,174.0,6.3
2026-04-17 14:00:00,2026,4,17,14,Tây Ninh,Phường Long Hoa,11.2575707,106.171227,101.0,Unhealthy for Sensitive Groups,2,35.8,44,0.0,7.2,153,1006.9,57,28.7,30.3,219.0,1.9,168.0,5.4
2026-04-17 15:00:00,2026,4,17,15,Tây Ninh,Phường Long Hoa,11.2575707,106.171227,100.0,Moderate,1,36.0,43,0.0,8.3,162,1006.0,51,29.6,31.0,230.0,1.9,175.0,5.4
2026-04-17 15:00:00,2026,4,17,15,Tây Ninh,Phường Long Hoa,11.2575707,106.171227,101.0,Unhealthy for Sensitive Groups,2,35.8,46,0.0,9.9,161,1005.7,60,26.5,27.7,230.0,1.9,179.0,6.4
2026-04-17 16:00:00,2026,4,17,16,Tây Ninh,Phường Long Hoa,11.2575707,106.171227,99.0,Moderate,1,35.7,43,0.0,8.8,171,1005.5,46,29.7,31.0,248.0,3.1,174.0,5.8
2026-04-17 16:00:00,2026,4,17,16,Tây Ninh,Phường Long Hoa,11.2575707,106.171227,100.0,Moderate,1,35.2,47,0.0,10.5,164,1005.3,67,26.1,27.2,248.0,3.0,176.0,6.7
2026-04-17 17:00:00,2026,4,17,17,Tây Ninh,Phường Long Hoa,11.2575707,106.171227,115.0,Unhealthy for Sensitive Groups,2,34.4,49,0.0,8.8,168,1005.4,59,25.3,26.3,281.0,5.8,162.0,7.1
2026-04-17 17:00:00,2026,4,17,17,Tây Ninh,Phường Long Hoa,11.2575707,106.171227,107.0,Unhealthy for Sensitive Groups,2,34.9,45,0.0,7.6,177,1005.5,40,29.2,30.5,281.0,6.3,161.0,6.5
2026-04-17 18:00:00,2026,4,17,18,Tây Ninh,Phường Long Hoa,11.2575707,106.171227,123.0,Unhealthy for Sensitive Groups,2,33.7,48,0.0,5.9,191,1005.9,34,31.1,32.1,320.0,10.7,141.0,7.4
2026-04-17 18:00:00,2026,4,17,18,Tây Ninh,Phường Long Hoa,11.2575707,106.171227,131.0,Unhealthy for Sensitive Groups,2,33.3,52,0.0,6.1,177,1005.9,50,28.2,28.9,320.0,9.7,141.0,7.7
2026-04-17 19:00:00,2026,4,17,19,Tây Ninh,Phường Long Hoa,11.2575707,106.171227,131.0,Unhealthy for Sensitive Groups,2,32.5,52,0.0,5.2,196,1006.6,28,39.6,40.4,349.0,15.2,119.0,8.8
2026-04-17 19:00:00,2026,4,17,19,Tây Ninh,Phường Long Hoa,11.2575707,106.171227,138.0,Unhealthy for Sensitive Groups,2,32.2,55,0.0,4.7,180,1006.6,42,33.1,33.6,349.0,13.7,118.0,8.8
2026-04-17 20:00:00,2026,4,17,20,Tây Ninh,Phường Long Hoa,11.2575707,106.171227,130.0,Unhealthy for Sensitive Groups,2,31.4,57,0.0,6.8,180,1007.7,42,45.1,45.9,353.0,19.5,97.0,11.0
2026-04-17 20:00:00,2026,4,17,20,Tây Ninh,Phường Long Hoa,11.2575707,106.171227,135.0,Unhealthy for Sensitive Groups,2,31.2,57,0.0,6.2,170,1007.6,48,34.7,35.2,353.0,17.6,95.0,10.8
2026-04-17 21:00:00,2026,4,17,21,Tây Ninh,Phường Long Hoa,11.2575707,106.171227,120.0,Unhealthy for Sensitive Groups,2,30.2,63,0.0,9.6,167,1009.0,56,46.7,47.8,347.0,23.8,75.0,13.7
2026-04-17 21:00:00,2026,4,17,21,Tây Ninh,Phường Long Hoa,11.2575707,106.171227,124.0,Unhealthy for Sensitive Groups,2,30.2,60,0.0,9.6,160,1008.7,54,33.9,34.9,347.0,21.5,70.0,13.4
2026-04-17 22:00:00,2026,4,17,22,Tây Ninh,Phường Long Hoa,11.2575707,106.171227,103.0,Unhealthy for Sensitive Groups,2,29.2,68,0.0,11.8,160,1009.8,70,43.9,45.5,352.0,27.6,56.0,15.7
2026-04-17 22:00:00,2026,4,17,22,Tây Ninh,Phường Long Hoa,11.2575707,106.171227,104.0,Unhealthy for Sensitive Groups,2,29.3,63,0.0,11.8,157,1009.4,60,32.5,33.8,352.0,25.0,51.0,15.3
2026-04-17 23:00:00,2026,4,17,23,Tây Ninh,Phường Long Hoa,11.2575707,106.171227,100.0,Moderate,1,28.5,73,0.0,11.3,158,1009.8,70,42.0,43.7,383.0,30.7,42.0,16.6
2026-04-17 23:00:00,2026,4,17,23,Tây Ninh,Phường Long Hoa,11.2575707,106.171227,95.0,Moderate,1,28.4,68,0.0,11.4,156,1009.4,60,33.5,34.8,383.0,27.9,40.0,16.1
2026-04-18 00:00:00,2026,4,18,0,Tây Ninh,Phường Long Hoa,11.2575707,106.171227,101.0,Unhealthy for Sensitive Groups,2,28.0,77,0.0,9.7,153,1009.4,70,41.6,43.1,425.0,33.3,32.0,16.9
2026-04-18 00:00:00,2026,4,18,0,Tây Ninh,Phường Long Hoa,11.2575707,106.171227,94.0,Moderate,1,27.7,73,0.0,9.4,157,1009.0,60,36.0,37.4,425.0,30.3,35.0,16.3
2026-04-18 01:00:00,2026,4,18,1,Tây Ninh,Phường Long Hoa,11.2575707,106.171227,103.0,Unhealthy for Sensitive Groups,2,27.5,80,0.0,7.9,150,1009.0,70,42.7,44.2,459.0,35.1,25.0,16.8
2026-04-18 01:00:00,2026,4,18,1,Tây Ninh,Phường Long Hoa,11.2575707,106.171227,95.0,Moderate,1,27.1,78,0.0,7.8,158,1008.7,60,39.6,41.2,459.0,32.3,31.0,16.2
2026-04-18 02:00:00,2026,4,18,2,Tây Ninh,Phường Long Hoa,11.2575707,106.171227,95.0,Moderate,1,26.7,81,0.0,6.6,158,1008.5,61,43.8,45.5,475.0,34.2,27.0,15.9
2026-04-18 02:00:00,2026,4,18,2,Tây Ninh,Phường Long Hoa,11.2575707,106.171227,104.0,Unhealthy for Sensitive Groups,2,27.1,83,0.0,6.5,146,1008.8,68,44.8,46.4,475.0,36.1,21.0,16.2
2026-04-18 03:00:00,2026,4,18,3,Tây Ninh,Phường Long Hoa,11.2575707,106.171227,96.0,Moderate,1,26.4,83,0.0,5.6,153,1008.2,63,47.5,49.5,482.0,35.8,24.0,15.4
2026-04-18 03:00:00,2026,4,18,3,Tây Ninh,Phường Long Hoa,11.2575707,106.171227,105.0,Unhealthy for Sensitive Groups,2,26.8,85,0.0,5.4,143,1008.6,65,47.5,49.1,482.0,36.2,20.0,15.2
2026-04-18 04:00:00,2026,4,18,4,Tây Ninh,Phường Long Hoa,11.2575707,106.171227,97.0,Moderate,1,26.3,84,0.0,5.3,152,1008.2,64,51.0,53.2,489.0,36.2,24.0,15.1
2026-04-18 04:00:00,2026,4,18,4,Tây Ninh,Phường Long Hoa,11.2575707,106.171227,106.0,Unhealthy for Sensitive Groups,2,26.6,86,0.0,4.6,141,1008.5,63,49.8,51.7,489.0,35.4,22.0,14.4
2026-04-18 05:00:00,2026,4,18,5,Tây Ninh,Phường Long Hoa,11.2575707,106.171227,107.0,Unhealthy for Sensitive Groups,2,26.6,87,0.0,5.2,146,1008.7,64,52.5,54.6,500.0,33.6,24.0,14.3
2026-04-18 05:00:00,2026,4,18,5,Tây Ninh,Phường Long Hoa,11.2575707,106.171227,98.0,Moderate,1,26.3,86,0.0,5.8,150,1008.4,54,55.4,58.0,500.0,34.5,28.0,15.1
2026-04-18 06:00:00,2026,4,18,6,Tây Ninh,Phường Long Hoa,11.2575707,106.171227,99.0,Moderate,1,26.4,86,0.0,6.9,152,1008.9,44,62.9,65.9,510.0,31.6,34.0,15.3
2026-04-18 06:00:00,2026,4,18,6,Tây Ninh,Phường Long Hoa,11.2575707,106.171227,107.0,Unhealthy for Sensitive Groups,2,26.7,86,0.0,6.1,152,1009.1,66,56.5,58.8,510.0,30.8,28.0,14.4
2026-04-18 07:00:00,2026,4,18,7,Tây Ninh,Phường Long Hoa,11.2575707,106.171227,99.0,Moderate,1,27.1,84,0.0,7.7,152,1009.2,34,60.5,63.8,514.0,29.5,39.0,15.4
2026-04-18 07:00:00,2026,4,18,7,Tây Ninh,Phường Long Hoa,11.2575707,106.171227,106.0,Unhealthy for Sensitive Groups,2,27.4,83,0.0,7.1,156,1009.4,67,54.9,57.7,541.0,26.7,39.0,13.9
2026-04-18 08:00:00,2026,4,18,8,Tây Ninh,Phường Long Hoa,11.2575707,106.171227,100.0,Moderate,1,28.8,76,0.0,7.9,156,1009.5,41,47.2,50.35,516.0,23.35,49.5,13.100000000000001
2026-04-18 08:00:00,2026,4,18,8,Tây Ninh,Phường Long Hoa,11.2575707,106.171227,107.0,Unhealthy for Sensitive Groups,2,28.9,75,0.0,7.4,157,1009.7,64,39.5,43.0,517.0,20.0,60.0,12.3
2026-04-18 09:00:00,2026,4,18,9,Tây Ninh,Phường Long Hoa,11.2575707,106.171227,107.0,Unhealthy for Sensitive Groups,2,31.1,64,0.0,7.6,161,1009.7,48,33.15,36.7,515.0,16.0,73.5,11.25
2026-04-18 09:00:00,2026,4,18,9,Tây Ninh,Phường Long Hoa,11.2575707,106.171227,107.0,Unhealthy for Sensitive Groups,2,31.0,64,0.0,7.6,155,1010.0,62,26.8,30.4,406.2,12.0,87.0,10.2
2026-04-18 10:00:00,2026,4,18,10,Tây Ninh,Phường Long Hoa,11.2575707,106.171227,107.0,Unhealthy for Sensitive Groups,2,33.1,54,0.0,7.2,162,1009.6,55,24.450000000000003,27.5,334.6,8.95,99.5,9.3
2026-04-18 10:00:00,2026,4,18,10,Tây Ninh,Phường Long Hoa,11.2575707,106.171227,107.0,Unhealthy for Sensitive Groups,2,32.9,55,0.0,6.9,152,1009.9,59,22.1,24.6,263.0,5.9,112.0,8.4
2026-04-18 11:00:00,2026,4,18,11,Tây Ninh,Phường Long Hoa,11.2575707,106.171227,107.0,Unhealthy for Sensitive Groups,2,34.3,49,0.0,6.2,159,1008.9,57,21.55,23.4,250.0,4.6,123.0,7.9
2026-04-18 11:00:00,2026,4,18,11,Tây Ninh,Phường Long Hoa,11.2575707,106.171227,107.0,Unhealthy for Sensitive Groups,2,34.2,49,0.0,5.5,148,1009.2,51,21.0,22.2,237.0,3.3,134.0,7.4
2026-04-18 12:00:00,2026,4,18,12,Tây Ninh,Phường Long Hoa,11.2575707,106.171227,107.0,Unhealthy for Sensitive Groups,2,35.2,45,0.0,4.5,151,1008.0,59,21.8,23.049999999999997,244.0,2.95,144.0,7.15
2026-04-18 12:00:00,2026,4,18,12,Tây Ninh,Phường Long Hoa,11.2575707,106.171227,107.0,Unhealthy for Sensitive Groups,2,35.3,45,0.0,3.1,144,1008.0,43,22.6,23.9,251.0,2.6,154.0,6.9
2026-04-18 13:00:00,2026,4,18,13,Tây Ninh,Phường Long Hoa,11.2575707,106.171227,107.0,Unhealthy for Sensitive Groups,2,36.0,42,0.0,2.0,135,1007.0,35,24.6,25.8,268.0,2.4,169.0,6.5
2026-04-18 13:00:00,2026,4,18,13,Tây Ninh,Phường Long Hoa,11.2575707,106.171227,106.5,Unhealthy for Sensitive Groups,2,35.9,43,0.0,3.7,151,1007.0,61,25.450000000000003,26.65,270.0,2.2,174.0,6.35
2026-04-18 14:00:00,2026,4,18,14,Tây Ninh,Phường Long Hoa,11.2575707,106.171227,106.0,Unhealthy for Sensitive Groups,2,36.5,40,0.0,2.3,141,1006.0,49,26.3,27.5,272.0,2.0,179.0,6.2
2026-04-18 14:00:00,2026,4,18,14,Tây Ninh,Phường Long Hoa,11.2575707,106.171227,106.0,Unhealthy for Sensitive Groups,2,36.4,41,0.0,3.8,163,1006.0,68,26.6,27.833333333333332,274.3333333333333,2.0,181.0,6.166666666666667
2026-04-18 15:00:00,2026,4,18,15,Tây Ninh,Phường Long Hoa,11.2575707,106.171227,106.0,Unhealthy for Sensitive Groups,2,36.7,40,0.0,4.7,176,1005.1,76,26.9,28.166666666666668,276.6666666666667,2.0,183.0,6.133333333333333
2026-04-18 15:00:00,2026,4,18,15,Tây Ninh,Phường Long Hoa,11.2575707,106.171227,106.0,Unhealthy for Sensitive Groups,2,36.7,40,0.0,3.4,148,1005.1,63,27.2,28.5,279.0,2.0,185.0,6.1
2026-04-18 16:00:00,2026,4,18,16,Tây Ninh,Phường Long Hoa,11.2575707,106.171227,106.0,Unhealthy for Sensitive Groups,2,36.3,42,0.0,5.8,180,1004.7,83,27.549999999999997,28.85,288.5,2.6,184.0,6.199999999999999
2026-04-18 16:00:00,2026,4,18,16,Tây Ninh,Phường Long Hoa,11.2575707,106.171227,106.0,Unhealthy for Sensitive Groups,2,36.1,42,0.0,4.8,153,1004.7,77,27.9,29.2,298.0,3.2,183.0,6.3
2026-04-18 17:00:00,2026,4,18,17,Tây Ninh,Phường Long Hoa,11.2575707,106.171227,122.0,Unhealthy for Sensitive Groups,2,34.3,49,0.2,6.8,162,1005.2,85,28.6,29.7,341.0,6.4,170.0,7.2
2026-04-18 17:00:00,2026,4,18,17,Tây Ninh,Phường Long Hoa,11.2575707,106.171227,131.0,Unhealthy for Sensitive Groups,2,34.9,47,0.2,6.5,177,1005.1,82,30.25,31.25,368.5,8.55,159.5,7.85
2026-04-18 18:00:00,2026,4,18,18,Tây Ninh,Phường Long Hoa,11.2575707,106.171227,140.0,Unhealthy for Sensitive Groups,2,31.8,60,0.2,9.3,164,1006.2,92,31.9,32.8,396.0,10.7,149.0,8.5
2026-04-18 18:00:00,2026,4,18,18,Tây Ninh,Phường Long Hoa,11.2575707,106.171227,144.0,Unhealthy for Sensitive Groups,2,32.7,55,0.2,6.9,171,1006.0,81,33.75,34.599999999999994,415.5,12.25,141.5,9.0
2026-04-18 19:00:00,2026,4,18,19,Tây Ninh,Phường Long Hoa,11.2575707,106.171227,148.0,Unhealthy for Sensitive Groups,2,29.8,69,0.2,10.4,166,1007.2,100,35.6,36.4,435.0,13.8,134.0,9.5
2026-04-18 19:00:00,2026,4,18,19,Tây Ninh,Phường Long Hoa,11.2575707,106.171227,148.0,Unhealthy for Sensitive Groups,2,30.9,62,0.2,7.0,168,1006.9,80,35.6,36.4,435.0,13.8,134.0,9.5
2026-04-18 20:00:00,2026,4,18,20,Tây Ninh,Phường Long Hoa,11.2575707,106.171227,148.0,Unhealthy for Sensitive Groups,2,28.8,75,1.0,9.0,164,1008.2,100,35.6,36.4,435.0,13.8,134.0,9.5
2026-04-18 20:00:00,2026,4,18,20,Tây Ninh,Phường Long Hoa,11.2575707,106.171227,148.0,Unhealthy for Sensitive Groups,2,29.6,69,0.7,6.0,163,1007.8,85,35.6,36.4,435.0,13.8,134.0,9.5
2026-04-18 21:00:00,2026,4,18,21,Tây Ninh,Phường Long Hoa,11.2575707,106.171227,148.0,Unhealthy for Sensitive Groups,2,28.6,76,0.7,4.3,156,1008.8,89,35.6,36.4,435.0,13.8,134.0,9.5
2026-04-18 21:00:00,2026,4,18,21,Tây Ninh,Phường Long Hoa,11.2575707,106.171227,148.0,Unhealthy for Sensitive Groups,2,28.2,80,1.0,6.8,155,1009.2,100,35.6,36.4,435.0,13.8,134.0,9.5
2026-04-18 22:00:00,2026,4,18,22,Tây Ninh,Phường Long Hoa,11.2575707,106.171227,148.0,Unhealthy for Sensitive Groups,2,27.8,81,0.7,3.4,148,1009.4,94,35.6,36.4,435.0,13.8,134.0,9.5
2026-04-18 22:00:00,2026,4,18,22,Tây Ninh,Phường Long Hoa,11.2575707,106.171227,148.0,Unhealthy for Sensitive Groups,2,27.8,83,1.0,5.0,150,1009.8,100,35.6,36.4,435.0,13.8,134.0,9.5
2026-04-18 23:00:00,2026,4,18,23,Tây Ninh,Phường Long Hoa,11.2575707,106.171227,148.0,Unhealthy for Sensitive Groups,2,27.4,84,0.0,4.2,149,1009.4,96,35.6,36.4,435.0,13.8,134.0,9.5
2026-04-18 23:00:00,2026,4,18,23,Tây Ninh,Phường Long Hoa,11.2575707,106.171227,148.0,Unhealthy for Sensitive Groups,2,27.4,85,0.0,4.9,163,1009.6,100,35.6,36.4,435.0,13.8,134.0,9.5
2026-04-19 00:00:00,2026,4,19,0,Tây Ninh,Phường Long Hoa,11.2575707,106.171227,148.0,Unhealthy for Sensitive Groups,2,27.0,85,0.0,6.1,183,1009.1,100,35.6,36.4,435.0,13.8,134.0,9.5
2026-04-19 00:00:00,2026,4,19,0,Tây Ninh,Phường Long Hoa,11.2575707,106.171227,148.0,Unhealthy for Sensitive Groups,2,27.1,85,0.0,5.5,157,1009.1,98,35.6,36.4,435.0,13.8,134.0,9.5
2026-04-19 01:00:00,2026,4,19,1,Tây Ninh,Phường Long Hoa,11.2575707,106.171227,148.0,Unhealthy for Sensitive Groups,2,26.9,85,0.0,6.6,158,1008.7,100,35.6,36.4,435.0,13.8,134.0,9.5
2026-04-19 01:00:00,2026,4,19,1,Tây Ninh,Phường Long Hoa,11.2575707,106.171227,148.0,Unhealthy for Sensitive Groups,2,26.8,85,0.0,7.3,191,1008.6,100,35.6,36.4,435.0,13.8,134.0,9.5
2026-04-19 02:00:00,2026,4,19,2,Tây Ninh,Phường Long Hoa,11.2575707,106.171227,148.0,Unhealthy for Sensitive Groups,2,26.5,85,0.1,7.1,156,1008.3,100,35.6,36.4,435.0,13.8,134.0,9.5
2026-04-19 03:00:00,2026,4,19,3,Tây Ninh,Phường Long Hoa,11.2575707,106.171227,148.0,Unhealthy for Sensitive Groups,2,26.1,84,0.1,7.1,150,1007.8,100,35.6,36.4,435.0,13.8,134.0,9.5
2026-04-19 04:00:00,2026,4,19,4,Tây Ninh,Phường Long Hoa,11.2575707,106.171227,148.0,Unhealthy for Sensitive Groups,2,25.9,83,0.1,7.0,145,1007.6,100,35.6,36.4,435.0,13.8,134.0,9.5
2026-04-19 05:00:00,2026,4,19,5,Tây Ninh,Phường Long Hoa,11.2575707,106.171227,148.0,Unhealthy for Sensitive Groups,2,25.8,84,0.5,6.4,142,1007.9,92,35.6,36.4,435.0,13.8,134.0,9.5
2026-04-19 06:00:00,2026,4,19,6,Tây Ninh,Phường Long Hoa,11.2575707,106.171227,148.0,Unhealthy for Sensitive Groups,2,25.9,85,0.5,5.6,140,1008.5,84,35.6,36.4,435.0,13.8,134.0,9.5
2026-04-19 07:00:00,2026,4,19,7,Tây Ninh,Phường Long Hoa,11.2575707,106.171227,148.0,Unhealthy for Sensitive Groups,2,26.4,84,0.5,5.4,138,1009.0,76,35.6,36.4,435.0,13.8,134.0,9.5
2026-04-19 08:00:00,2026,4,19,8,Tây Ninh,Phường Long Hoa,11.2575707,106.171227,148.0,Unhealthy for Sensitive Groups,2,27.4,80,0.2,6.2,144,1009.3,79,35.6,36.4,435.0,13.8,134.0,9.5
2026-04-19 09:00:00,2026,4,19,9,Tây Ninh,Phường Long Hoa,11.2575707,106.171227,148.0,Unhealthy for Sensitive Groups,2,28.9,74,0.2,8.2,151,1009.6,83,35.6,36.4,435.0,13.8,134.0,9.5
2026-04-19 10:00:00,2026,4,19,10,Tây Ninh,Phường Long Hoa,11.2575707,106.171227,148.0,Unhealthy for Sensitive Groups,2,30.1,69,0.2,9.2,154,1009.5,86,35.6,36.4,435.0,13.8,134.0,9.5
2026-04-19 11:00:00,2026,4,19,11,Tây Ninh,Phường Long Hoa,11.2575707,106.171227,148.0,Unhealthy for Sensitive Groups,2,31.0,66,0.5,8.7,156,1008.9,90,35.6,36.4,435.0,13.8,134.0,9.5
2026-04-19 12:00:00,2026,4,19,12,Tây Ninh,Phường Long Hoa,11.2575707,106.171227,148.0,Unhealthy for Sensitive Groups,2,31.8,63,0.5,7.6,155,1008.0,95,35.6,36.4,435.0,13.8,134.0,9.5
2026-04-19 13:00:00,2026,4,19,13,Tây Ninh,Phường Long Hoa,11.2575707,106.171227,148.0,Unhealthy for Sensitive Groups,2,32.3,61,0.5,7.0,159,1007.2,99,35.6,36.4,435.0,13.8,134.0,9.5
2026-04-19 14:00:00,2026,4,19,14,Tây Ninh,Phường Long Hoa,11.2575707,106.171227,148.0,Unhealthy for Sensitive Groups,2,32.8,59,0.1,8.6,165,1006.4,99,35.6,36.4,435.0,13.8,134.0,9.5
2026-04-19 15:00:00,2026,4,19,15,Tây Ninh,Phường Long Hoa,11.2575707,106.171227,148.0,Unhealthy for Sensitive Groups,2,33.0,57,0.1,10.9,172,1005.6,100,35.6,36.4,435.0,13.8,134.0,9.5
2026-04-19 16:00:00,2026,4,19,16,Tây Ninh,Phường Long Hoa,11.2575707,106.171227,148.0,Unhealthy for Sensitive Groups,2,32.8,58,0.1,11.9,175,1005.2,100,35.6,36.4,435.0,13.8,134.0,9.5
2026-04-19 17:00:00,2026,4,19,17,Tây Ninh,Phường Long Hoa,11.2575707,106.171227,148.0,Unhealthy for Sensitive Groups,2,31.7,64,0.2,10.8,176,1005.5,100,35.6,36.4,435.0,13.8,134.0,9.5
2026-04-19 18:00:00,2026,4,19,18,Tây Ninh,Phường Long Hoa,11.2575707,106.171227,148.0,Unhealthy for Sensitive Groups,2,30.2,72,0.2,8.3,178,1006.3,100,35.6,36.4,435.0,13.8,134.0,9.5
2026-04-19 19:00:00,2026,4,19,19,Tây Ninh,Phường Long Hoa,11.2575707,106.171227,148.0,Unhealthy for Sensitive Groups,2,28.9,79,0.2,6.1,180,1007.1,100,35.6,36.4,435.0,13.8,134.0,9.5
2026-04-19 20:00:00,2026,4,19,20,Tây Ninh,Phường Long Hoa,11.2575707,106.171227,148.0,Unhealthy for Sensitive Groups,2,28.1,83,0.6,4.3,180,1008.0,100,35.6,36.4,435.0,13.8,134.0,9.5
2026-04-19 21:00:00,2026,4,19,21,Tây Ninh,Phường Long Hoa,11.2575707,106.171227,148.0,Unhealthy for Sensitive Groups,2,27.5,85,0.6,2.5,180,1009.1,100,35.6,36.4,435.0,13.8,134.0,9.5
2026-04-19 22:00:00,2026,4,19,22,Tây Ninh,Phường Long Hoa,11.2575707,106.171227,148.0,Unhealthy for Sensitive Groups,2,27.1,87,0.6,1.8,180,1009.7,100,35.6,36.4,435.0,13.8,134.0,9.5
2026-04-19 23:00:00,2026,4,19,23,Tây Ninh,Phường Long Hoa,11.2575707,106.171227,148.0,Unhealthy for Sensitive Groups,2,26.8,88,0.0,2.5,180,1009.6,100,35.6,36.4,435.0,13.8,134.0,9.5
2026-04-20 00:00:00,2026,4,20,0,Tây Ninh,Phường Long Hoa,11.2575707,106.171227,148.0,Unhealthy for Sensitive Groups,2,26.6,89,0.0,4.0,180,1009.1,100,35.6,36.4,435.0,13.8,134.0,9.5
2026-04-20 01:00:00,2026,4,20,1,Tây Ninh,Phường Long Hoa,11.2575707,106.171227,148.0,Unhealthy for Sensitive Groups,2,26.5,89,0.0,4.7,176,1008.7,100,35.6,36.4,435.0,13.8,134.0,9.5
2026-04-20 02:00:00,2026,4,20,2,Tây Ninh,Phường Long Hoa,11.2575707,106.171227,148.0,Unhealthy for Sensitive Groups,2,26.2,90,0.0,4.5,166,1008.4,100,35.6,36.4,435.0,13.8,134.0,9.5
2026-04-20 03:00:00,2026,4,20,3,Tây Ninh,Phường Long Hoa,11.2575707,106.171227,148.0,Unhealthy for Sensitive Groups,2,25.8,91,0.0,3.9,146,1008.1,100,35.6,36.4,435.0,13.8,134.0,9.5
2026-04-20 04:00:00,2026,4,20,4,Tây Ninh,Phường Long Hoa,11.2575707,106.171227,148.0,Unhealthy for Sensitive Groups,2,25.6,91,0.0,4.3,132,1008.0,100,35.6,36.4,435.0,13.8,134.0,9.5
2026-04-20 05:00:00,2026,4,20,5,Tây Ninh,Phường Long Hoa,11.2575707,106.171227,148.0,Unhealthy for Sensitive Groups,2,25.5,91,0.0,4.6,129,1008.3,97,35.6,36.4,435.0,13.8,134.0,9.5
2026-04-20 06:00:00,2026,4,20,6,Tây Ninh,Phường Long Hoa,11.2575707,106.171227,148.0,Unhealthy for Sensitive Groups,2,25.6,90,0.0,5.4,132,1008.8,94,35.6,36.4,435.0,13.8,134.0,9.5
2026-04-20 07:00:00,2026,4,20,7,Tây Ninh,Phường Long Hoa,11.2575707,106.171227,148.0,Unhealthy for Sensitive Groups,2,26.1,86,0.0,6.4,133,1009.3,91,35.6,36.4,435.0,13.8,134.0,9.5
2026-04-20 08:00:00,2026,4,20,8,Tây Ninh,Phường Long Hoa,11.2575707,106.171227,148.0,Unhealthy for Sensitive Groups,2,27.5,77,0.0,8.4,133,1009.7,90,35.6,36.4,435.0,13.8,134.0,9.5
2026-04-20 09:00:00,2026,4,20,9,Tây Ninh,Phường Long Hoa,11.2575707,106.171227,148.0,Unhealthy for Sensitive Groups,2,29.4,66,0.0,10.7,135,1009.9,88,35.6,36.4,435.0,13.8,134.0,9.5
2026-04-20 10:00:00,2026,4,20,10,Tây Ninh,Phường Long Hoa,11.2575707,106.171227,148.0,Unhealthy for Sensitive Groups,2,31.0,57,0.0,12.0,136,1009.9,87,35.6,36.4,435.0,13.8,134.0,9.5
2026-04-20 11:00:00,2026,4,20,11,Tây Ninh,Phường Long Hoa,11.2575707,106.171227,148.0,Unhealthy for Sensitive Groups,2,32.1,52,0.0,10.9,134,1009.4,88,35.6,36.4,435.0,13.8,134.0,9.5
2026-04-20 12:00:00,2026,4,20,12,Tây Ninh,Phường Long Hoa,11.2575707,106.171227,148.0,Unhealthy for Sensitive Groups,2,33.0,50,0.0,8.7,128,1008.7,89,35.6,36.4,435.0,13.8,134.0,9.5
2026-04-20 13:00:00,2026,4,20,13,Tây Ninh,Phường Long Hoa,11.2575707,106.171227,148.0,Unhealthy for Sensitive Groups,2,33.6,48,0.0,6.9,129,1007.8,90,35.6,36.4,435.0,13.8,134.0,9.5
2026-04-20 14:00:00,2026,4,20,14,Tây Ninh,Phường Long Hoa,11.2575707,106.171227,148.0,Unhealthy for Sensitive Groups,2,34.2,46,0.0,6.1,140,1006.8,86,35.6,36.4,435.0,13.8,134.0,9.5
2026-04-20 15:00:00,2026,4,20,15,Tây Ninh,Phường Long Hoa,11.2575707,106.171227,148.0,Unhealthy for Sensitive Groups,2,34.6,45,0.0,6.6,158,1005.6,81,35.6,36.4,435.0,13.8,134.0,9.5
2026-04-20 16:00:00,2026,4,20,16,Tây Ninh,Phường Long Hoa,11.2575707,106.171227,148.0,Unhealthy for Sensitive Groups,2,34.5,45,0.0,7.3,171,1005.0,77,35.6,36.4,435.0,13.8,134.0,9.5
2026-04-20 17:00:00,2026,4,20,17,Tây Ninh,Phường Long Hoa,11.2575707,106.171227,148.0,Unhealthy for Sensitive Groups,2,33.7,48,0.0,7.6,180,1005.1,78,35.6,36.4,435.0,13.8,134.0,9.5
2026-04-20 18:00:00,2026,4,20,18,Tây Ninh,Phường Long Hoa,11.2575707,106.171227,148.0,Unhealthy for Sensitive Groups,2,32.4,53,0.0,7.3,189,1005.8,79,35.6,36.4,435.0,13.8,134.0,9.5
2026-04-20 19:00:00,2026,4,20,19,Tây Ninh,Phường Long Hoa,11.2575707,106.171227,148.0,Unhealthy for Sensitive Groups,2,31.1,58,0.0,7.3,191,1006.5,80,35.6,36.4,435.0,13.8,134.0,9.5
2026-04-20 20:00:00,2026,4,20,20,Tây Ninh,Phường Long Hoa,11.2575707,106.171227,148.0,Unhealthy for Sensitive Groups,2,30.0,61,0.0,7.2,186,1007.4,81,35.6,36.4,435.0,13.8,134.0,9.5
2026-04-20 21:00:00,2026,4,20,21,Tây Ninh,Phường Long Hoa,11.2575707,106.171227,148.0,Unhealthy for Sensitive Groups,2,28.8,64,0.0,7.6,175,1008.5,83,35.6,36.4,435.0,13.8,134.0,9.5
2026-04-20 22:00:00,2026,4,20,22,Tây Ninh,Phường Long Hoa,11.2575707,106.171227,148.0,Unhealthy for Sensitive Groups,2,27.8,67,0.0,7.8,167,1009.1,84,35.6,36.4,435.0,13.8,134.0,9.5
2026-04-20 23:00:00,2026,4,20,23,Tây Ninh,Phường Long Hoa,11.2575707,106.171227,148.0,Unhealthy for Sensitive Groups,2,27.0,72,0.0,7.9,164,1009.1,89,35.6,36.4,435.0,13.8,134.0,9.5
