timestamp,year,month,day,hour,province,location,lat,lon,aqi,pollution_level,pollution_class,temp,humidity,rain,wind_speed,wind_dir,pressure,cloud,pm2_5,pm10,co,no2,o3,so2
2026-01-14 20:00:00,2026,1,14,20,Hồ Chí Minh,Phường An Lạc,10.7381994,106.6148874,106,Unhealthy for Sensitive Groups,2,25.3,76,0.0,11.5,145,1012.0,2,23.3,25.6,460.0,33.8,84.0,14.2
2026-01-14 21:00:00,2026,1,14,21,Hồ Chí Minh,Phường An Lạc,10.7381994,106.6148874,97,Moderate,1,24.8,80,0.0,10.2,139,1012.4,2,19.6,21.8,430.0,30.8,79.0,12.9
2026-01-14 22:00:00,2026,1,14,22,Hồ Chí Minh,Phường An Lạc,10.7381994,106.6148874,85,Moderate,1,24.3,83,0.0,9.4,137,1012.3,1,17.3,19.8,397.0,28.4,74.0,11.7
2026-01-14 23:00:00,2026,1,14,23,Hồ Chí Minh,Phường An Lạc,10.7381994,106.6148874,84,Moderate,1,24.0,84,0.0,9.3,136,1012.6,1,16.2,18.9,354.0,27.2,71.0,10.6
2026-01-15 00:00:00,2026,1,15,0,Hồ Chí Minh,Phường An Lạc,10.7381994,106.6148874,84,Moderate,1,23.6,86,0.0,10.4,138,1012.6,1,14.8,17.3,308.0,26.6,69.0,9.6
2026-01-15 01:00:00,2026,1,15,1,Hồ Chí Minh,Phường An Lạc,10.7381994,106.6148874,83,Moderate,1,23.3,88,0.0,9.0,136,1012.2,98,14.2,16.8,278.0,26.3,66.0,8.9
2026-01-15 02:00:00,2026,1,15,2,Hồ Chí Minh,Phường An Lạc,10.7381994,106.6148874,83,Moderate,1,23.1,90,0.0,8.2,140,1011.9,41,14.2,16.8,247.0,26.0,62.0,8.5
2026-01-15 03:00:00,2026,1,15,3,Hồ Chí Minh,Phường An Lạc,10.7381994,106.6148874,83,Moderate,1,23.0,91,0.0,6.2,147,1011.7,20,14.6,17.3,233.0,26.0,58.0,8.4
2026-01-15 04:00:00,2026,1,15,4,Hồ Chí Minh,Phường An Lạc,10.7381994,106.6148874,82,Moderate,1,22.9,92,0.0,6.5,141,1011.5,2,15.7,18.5,303.0,27.4,53.0,9.1
2026-01-15 05:00:00,2026,1,15,5,Hồ Chí Minh,Phường An Lạc,10.7381994,106.6148874,81,Moderate,1,22.7,93,0.0,6.1,130,1011.8,9,17.5,20.4,549.0,31.9,45.0,11.2
2026-01-15 06:00:00,2026,1,15,6,Hồ Chí Minh,Phường An Lạc,10.7381994,106.6148874,81,Moderate,1,22.4,94,0.0,2.7,94,1012.3,58,20.8,23.8,881.0,37.9,37.0,14.1
2026-01-15 07:00:00,2026,1,15,7,Hồ Chí Minh,Phường An Lạc,10.7381994,106.6148874,80,Moderate,1,23.2,91,0.0,3.3,36,1013.0,54,25.4,28.3,1094.0,38.7,34.0,13.9
2026-01-15 08:00:00,2026,1,15,8,Hồ Chí Minh,Phường An Lạc,10.7381994,106.6148874,79,Moderate,1,25.0,80,0.0,1.9,73,1013.6,0,23.1,26.7,1084.0,35.4,48.0,13.9
2026-01-15 09:00:00,2026,1,15,9,Hồ Chí Minh,Phường An Lạc,10.7381994,106.6148874,78,Moderate,1,27.1,68,0.0,1.3,45,1013.7,0,24.2,28.3,955.0,30.8,67.0,13.8
2026-01-15 10:00:00,2026,1,15,10,Hồ Chí Minh,Phường An Lạc,10.7381994,106.6148874,78,Moderate,1,29.2,56,0.0,2.9,11,1013.3,2,24.0,27.1,819.0,26.4,88.0,13.8
2026-01-15 11:00:00,2026,1,15,11,Hồ Chí Minh,Phường An Lạc,10.7381994,106.6148874,77,Moderate,1,31.1,48,0.0,7.4,356,1012.6,27,26.2,27.4,697.0,22.6,111.0,13.9
2026-01-15 12:00:00,2026,1,15,12,Hồ Chí Minh,Phường An Lạc,10.7381994,106.6148874,77,Moderate,1,32.5,41,0.0,9.0,358,1011.2,48,29.3,30.4,569.0,19.0,136.0,13.9
2026-01-15 13:00:00,2026,1,15,13,Hồ Chí Minh,Phường An Lạc,10.7381994,106.6148874,77,Moderate,1,32.6,41,0.0,8.0,355,1010.0,57,31.4,32.4,481.0,16.7,155.0,14.0
2026-01-15 14:00:00,2026,1,15,14,Hồ Chí Minh,Phường An Lạc,10.7381994,106.6148874,76,Moderate,1,32.3,43,0.1,6.2,353,1008.8,34,34.3,35.3,469.0,16.1,168.0,14.1
2026-01-15 15:00:00,2026,1,15,15,Hồ Chí Minh,Phường An Lạc,10.7381994,106.6148874,75,Moderate,1,32.2,43,0.1,4.0,350,1008.2,77,34.5,35.3,498.0,16.7,176.0,14.2
2026-01-15 16:00:00,2026,1,15,16,Hồ Chí Minh,Phường An Lạc,10.7381994,106.6148874,75,Moderate,1,31.9,43,0.1,1.9,49,1008.0,48,34.9,35.9,513.0,18.2,173.0,13.9
2026-01-15 17:00:00,2026,1,15,17,Hồ Chí Minh,Phường An Lạc,10.7381994,106.6148874,95,Moderate,1,29.9,52,0.1,9.4,135,1008.4,41,34.0,35.3,489.0,21.4,152.0,13.1
2026-01-15 18:00:00,2026,1,15,18,Hồ Chí Minh,Phường An Lạc,10.7381994,106.6148874,113,Unhealthy for Sensitive Groups,2,26.4,72,0.0,14.3,152,1008.9,10,29.4,30.9,451.0,25.5,121.0,11.9
2026-01-15 19:00:00,2026,1,15,19,Hồ Chí Minh,Phường An Lạc,10.7381994,106.6148874,120,Unhealthy for Sensitive Groups,2,25.9,73,0.0,13.9,143,1009.5,5,26.6,29.4,416.0,27.6,93.0,10.6
2026-01-15 20:00:00,2026,1,15,20,Hồ Chí Minh,Phường An Lạc,10.7381994,106.6148874,116,Unhealthy for Sensitive Groups,2,24.8,81,0.0,12.8,142,1010.6,7,20.9,23.2,393.0,26.6,90.0,10.3
2026-01-15 21:00:00,2026,1,15,21,Hồ Chí Minh,Phường An Lạc,10.7381994,106.6148874,106,Unhealthy for Sensitive Groups,2,24.4,83,0.0,13.3,139,1010.9,4,17.6,19.8,373.0,25.2,86.0,9.9
2026-01-15 22:00:00,2026,1,15,22,Hồ Chí Minh,Phường An Lạc,10.7381994,106.6148874,92,Moderate,1,23.9,86,0.0,11.5,136,1011.0,3,15.7,18.1,354.0,24.3,82.0,9.5
2026-01-15 23:00:00,2026,1,15,23,Hồ Chí Minh,Phường An Lạc,10.7381994,106.6148874,74,Moderate,1,23.6,87,0.0,9.6,142,1011.2,13,14.4,16.8,332.0,24.3,78.0,9.0
2026-01-16 00:00:00,2026,1,16,0,Hồ Chí Minh,Phường An Lạc,10.7381994,106.6148874,74,Moderate,1,23.5,88,0.0,8.2,140,1011.0,34,13.4,15.8,311.0,24.9,73.0,8.5
2026-01-16 01:00:00,2026,1,16,1,Hồ Chí Minh,Phường An Lạc,10.7381994,106.6148874,74,Moderate,1,23.3,90,0.0,7.2,141,1010.5,23,13.6,16.0,298.0,25.9,67.0,8.4
2026-01-16 02:00:00,2026,1,16,2,Hồ Chí Minh,Phường An Lạc,10.7381994,106.6148874,74,Moderate,1,23.3,89,0.0,7.0,140,1010.1,26,14.6,17.0,253.0,27.1,60.0,8.7
2026-01-16 03:00:00,2026,1,16,3,Hồ Chí Minh,Phường An Lạc,10.7381994,106.6148874,74,Moderate,1,23.0,91,0.0,6.2,142,1009.7,16,16.0,18.6,217.0,28.8,53.0,9.3
2026-01-16 04:00:00,2026,1,16,4,Hồ Chí Minh,Phường An Lạc,10.7381994,106.6148874,74,Moderate,1,22.8,93,0.0,4.9,147,1009.6,16,17.9,20.6,317.0,31.4,46.0,10.4
2026-01-16 05:00:00,2026,1,16,5,Hồ Chí Minh,Phường An Lạc,10.7381994,106.6148874,74,Moderate,1,22.5,94,0.0,3.7,157,1009.9,19,20.1,23.0,730.0,36.4,37.0,12.7
2026-01-16 06:00:00,2026,1,16,6,Hồ Chí Minh,Phường An Lạc,10.7381994,106.6148874,74,Moderate,1,22.1,96,0.0,1.7,198,1010.6,93,23.5,26.5,1279.0,42.5,28.0,15.5
2026-01-16 07:00:00,2026,1,16,7,Hồ Chí Minh,Phường An Lạc,10.7381994,106.6148874,75,Moderate,1,23.0,93,0.0,1.3,254,1011.4,90,37.5,41.8,1564.0,50.0,23.0,19.4
2026-01-16 08:00:00,2026,1,16,8,Hồ Chí Minh,Phường An Lạc,10.7381994,106.6148874,76,Moderate,1,25.1,81,0.0,5.3,145,1012.5,98,26.8,31.4,1315.0,46.3,36.0,17.7
2026-01-16 09:00:00,2026,1,16,9,Hồ Chí Minh,Phường An Lạc,10.7381994,106.6148874,76,Moderate,1,27.1,68,0.0,3.6,153,1012.9,98,26.4,31.4,802.0,41.0,54.0,15.4
2026-01-16 10:00:00,2026,1,16,10,Hồ Chí Minh,Phường An Lạc,10.7381994,106.6148874,76,Moderate,1,29.0,58,0.0,1.4,130,1012.7,99,28.9,31.3,439.0,36.0,74.0,13.4
2026-01-16 11:00:00,2026,1,16,11,Hồ Chí Minh,Phường An Lạc,10.7381994,106.6148874,77,Moderate,1,29.5,54,0.0,2.3,72,1012.2,98,35.0,37.3,424.0,31.4,95.0,12.2
2026-01-16 12:00:00,2026,1,16,12,Hồ Chí Minh,Phường An Lạc,10.7381994,106.6148874,77,Moderate,1,31.5,45,0.0,1.9,29,1011.0,100,38.8,40.7,560.0,27.0,117.0,11.3
2026-01-16 13:00:00,2026,1,16,13,Hồ Chí Minh,Phường An Lạc,10.7381994,106.6148874,78,Moderate,1,30.5,50,0.0,1.5,339,1009.7,100,39.9,41.8,668.0,24.0,135.0,10.9
2026-01-16 14:00:00,2026,1,16,14,Hồ Chí Minh,Phường An Lạc,10.7381994,106.6148874,79,Moderate,1,31.7,46,0.0,1.8,180,1008.4,100,42.7,44.5,686.0,22.2,149.0,10.9
2026-01-16 15:00:00,2026,1,16,15,Hồ Chí Minh,Phường An Lạc,10.7381994,106.6148874,80,Moderate,1,31.8,45,0.0,2.8,198,1007.6,100,40.4,42.0,676.0,21.7,160.0,11.3
2026-01-16 16:00:00,2026,1,16,16,Hồ Chí Minh,Phường An Lạc,10.7381994,106.6148874,80,Moderate,1,31.2,46,0.0,6.2,187,1007.3,98,40.7,42.4,646.0,24.0,158.0,12.1
2026-01-16 17:00:00,2026,1,16,17,Hồ Chí Minh,Phường An Lạc,10.7381994,106.6148874,81,Moderate,1,29.6,57,0.0,11.4,177,1007.4,93,41.0,42.4,586.0,32.1,136.0,13.8
2026-01-16 18:00:00,2026,1,16,18,Hồ Chí Minh,Phường An Lạc,10.7381994,106.6148874,84,Moderate,1,26.7,70,0.0,14.7,154,1008.3,93,42.0,43.4,506.0,42.9,102.0,16.0
2026-01-16 19:00:00,2026,1,16,19,Hồ Chí Minh,Phường An Lạc,10.7381994,106.6148874,90,Moderate,1,25.9,72,0.0,11.3,149,1008.9,98,36.1,38.9,443.0,45.9,79.0,16.1
2026-01-16 20:00:00,2026,1,16,20,Hồ Chí Minh,Phường An Lạc,10.7381994,106.6148874,87,Moderate,1,25.4,72,0.0,11.8,144,1010.0,63,30.6,33.3,417.0,42.1,76.0,15.5
2026-01-16 21:00:00,2026,1,16,21,Hồ Chí Minh,Phường An Lạc,10.7381994,106.6148874,84,Moderate,1,24.8,78,0.0,10.8,136,1010.4,95,26.1,28.7,408.0,36.8,71.0,14.7
2026-01-16 22:00:00,2026,1,16,22,Hồ Chí Minh,Phường An Lạc,10.7381994,106.6148874,85,Moderate,1,24.3,80,0.0,10.8,133,1010.4,100,23.3,25.8,396.0,32.5,68.0,13.7
2026-01-16 23:00:00,2026,1,16,23,Hồ Chí Minh,Phường An Lạc,10.7381994,106.6148874,86,Moderate,1,23.9,81,0.0,10.9,126,1010.5,90,21.1,23.6,372.0,30.1,67.0,12.3
2026-01-17 00:00:00,2026,1,17,0,Hồ Chí Minh,Phường An Lạc,10.7381994,106.6148874,86,Moderate,1,23.5,85,0.0,10.0,124,1010.3,98,18.7,21.3,345.0,28.7,67.0,10.6
2026-01-17 01:00:00,2026,1,17,1,Hồ Chí Minh,Phường An Lạc,10.7381994,106.6148874,87,Moderate,1,23.2,87,0.0,10.1,123,1009.8,97,17.8,20.4,320.0,27.8,66.0,9.4
2026-01-17 02:00:00,2026,1,17,2,Hồ Chí Minh,Phường An Lạc,10.7381994,106.6148874,87,Moderate,1,23.0,88,0.0,9.7,132,1009.5,95,18.0,20.7,260.0,27.0,64.0,8.7
2026-01-17 03:00:00,2026,1,17,3,Hồ Chí Minh,Phường An Lạc,10.7381994,106.6148874,87,Moderate,1,23.0,88,0.0,9.6,142,1008.6,95,18.6,21.5,202.0,26.7,60.0,8.5
2026-01-17 04:00:00,2026,1,17,4,Hồ Chí Minh,Phường An Lạc,10.7381994,106.6148874,88,Moderate,1,22.8,90,0.0,7.7,144,1008.7,100,19.6,22.5,258.0,28.0,56.0,9.1
2026-01-17 05:00:00,2026,1,17,5,Hồ Chí Minh,Phường An Lạc,10.7381994,106.6148874,88,Moderate,1,22.6,91,0.0,5.8,150,1009.2,98,21.0,24.1,566.0,32.7,48.0,11.2
2026-01-17 06:00:00,2026,1,17,6,Hồ Chí Minh,Phường An Lạc,10.7381994,106.6148874,88,Moderate,1,22.2,93,0.0,2.6,155,1009.4,99,23.9,27.3,988.0,38.9,38.0,14.0
2026-01-17 07:00:00,2026,1,17,7,Hồ Chí Minh,Phường An Lạc,10.7381994,106.6148874,88,Moderate,1,22.8,92,0.0,2.7,127,1010.0,22,31.5,35.3,1226.0,40.3,36.0,15.2
2026-01-17 08:00:00,2026,1,17,8,Hồ Chí Minh,Phường An Lạc,10.7381994,106.6148874,87,Moderate,1,25.0,79,0.0,6.2,123,1011.1,30,25.8,30.5,1087.0,36.6,47.0,14.6
2026-01-17 09:00:00,2026,1,17,9,Hồ Chí Minh,Phường An Lạc,10.7381994,106.6148874,87,Moderate,1,26.9,68,0.0,4.3,107,1011.3,16,25.5,30.3,764.0,31.3,63.0,13.8
2026-01-17 10:00:00,2026,1,17,10,Hồ Chí Minh,Phường An Lạc,10.7381994,106.6148874,87,Moderate,1,28.6,59,0.0,3.9,68,1010.9,20,24.4,27.6,530.0,26.5,82.0,13.1
2026-01-17 11:00:00,2026,1,17,11,Hồ Chí Minh,Phường An Lạc,10.7381994,106.6148874,87,Moderate,1,30.3,51,0.0,4.9,39,1010.0,98,25.5,27.6,514.0,22.6,107.0,12.5
2026-01-17 12:00:00,2026,1,17,12,Hồ Chí Minh,Phường An Lạc,10.7381994,106.6148874,86,Moderate,1,31.8,44,0.0,4.9,39,1008.9,98,29.1,30.9,588.0,19.2,135.0,12.0
2026-01-17 13:00:00,2026,1,17,13,Hồ Chí Minh,Phường An Lạc,10.7381994,106.6148874,85,Moderate,1,31.6,44,0.0,3.7,35,1007.7,75,30.9,32.4,641.0,17.0,155.0,11.5
2026-01-17 14:00:00,2026,1,17,14,Hồ Chí Minh,Phường An Lạc,10.7381994,106.6148874,84,Moderate,1,32.5,41,0.0,3.1,36,1006.3,63,31.1,32.5,635.0,16.3,163.0,10.9
2026-01-17 15:00:00,2026,1,17,15,Hồ Chí Minh,Phường An Lạc,10.7381994,106.6148874,83,Moderate,1,32.8,38,0.0,3.0,25,1005.6,30,30.2,31.7,608.0,16.7,162.0,10.4
2026-01-17 16:00:00,2026,1,17,16,Hồ Chí Minh,Phường An Lạc,10.7381994,106.6148874,82,Moderate,1,32.6,37,0.0,4.5,88,1005.4,18,29.5,31.2,569.0,18.1,155.0,10.1
2026-01-17 17:00:00,2026,1,17,17,Hồ Chí Minh,Phường An Lạc,10.7381994,106.6148874,84,Moderate,1,27.9,69,0.0,17.5,151,1006.0,40,27.9,29.9,511.0,21.1,138.0,10.2
2026-01-17 18:00:00,2026,1,17,18,Hồ Chí Minh,Phường An Lạc,10.7381994,106.6148874,100,Moderate,1,25.8,74,0.0,13.7,150,1006.7,4,27.4,29.4,440.0,25.0,115.0,10.6
2026-01-17 19:00:00,2026,1,17,19,Hồ Chí Minh,Phường An Lạc,10.7381994,106.6148874,107,Unhealthy for Sensitive Groups,2,25.5,78,0.0,15.7,139,1007.4,27,24.4,27.9,387.0,27.8,97.0,11.2
2026-01-17 20:00:00,2026,1,17,20,Hồ Chí Minh,Phường An Lạc,10.7381994,106.6148874,105,Unhealthy for Sensitive Groups,2,24.8,82,0.0,13.5,142,1008.1,59,20.7,23.6,369.0,25.9,96.0,10.4
2026-01-17 21:00:00,2026,1,17,21,Hồ Chí Minh,Phường An Lạc,10.7381994,106.6148874,96,Moderate,1,24.5,77,0.0,13.4,136,1008.5,3,18.9,21.9,368.0,23.2,94.0,9.2
2026-01-17 22:00:00,2026,1,17,22,Hồ Chí Minh,Phường An Lạc,10.7381994,106.6148874,84,Moderate,1,24.2,81,0.0,12.7,130,1008.7,17,18.5,21.5,365.0,21.4,92.0,8.3
2026-01-17 23:00:00,2026,1,17,23,Hồ Chí Minh,Phường An Lạc,10.7381994,106.6148874,76,Moderate,1,24.0,84,0.0,10.4,136,1008.8,13,18.6,21.6,349.0,21.1,89.0,7.9
2026-01-18 00:00:00,2026,1,18,0,Hồ Chí Minh,Phường An Lạc,10.7381994,106.6148874,76,Moderate,1,23.8,84,0.0,10.7,139,1008.7,16,18.2,21.2,330.0,21.7,85.0,7.7
2026-01-18 01:00:00,2026,1,18,1,Hồ Chí Minh,Phường An Lạc,10.7381994,106.6148874,76,Moderate,1,23.5,88,0.0,9.2,149,1008.2,64,18.5,21.7,322.0,22.7,81.0,7.8
2026-01-18 02:00:00,2026,1,18,2,Hồ Chí Minh,Phường An Lạc,10.7381994,106.6148874,76,Moderate,1,23.4,89,0.0,8.1,151,1007.8,39,19.2,22.5,289.0,23.3,76.0,8.0
2026-01-18 03:00:00,2026,1,18,3,Hồ Chí Minh,Phường An Lạc,10.7381994,106.6148874,76,Moderate,1,23.1,89,0.0,7.5,138,1007.3,49,21.0,24.6,267.0,24.4,70.0,8.5
2026-01-18 04:00:00,2026,1,18,4,Hồ Chí Minh,Phường An Lạc,10.7381994,106.6148874,76,Moderate,1,23.0,90,0.0,7.9,123,1007.4,43,23.7,28.0,377.0,27.6,64.0,10.0
2026-01-18 05:00:00,2026,1,18,5,Hồ Chí Minh,Phường An Lạc,10.7381994,106.6148874,76,Moderate,1,22.7,91,0.0,6.0,143,1007.7,99,27.1,32.0,787.0,36.2,54.0,13.8
2026-01-18 06:00:00,2026,1,18,6,Hồ Chí Minh,Phường An Lạc,10.7381994,106.6148874,77,Moderate,1,22.4,93,0.0,4.6,159,1008.3,92,31.4,36.7,1330.0,46.9,44.0,18.7
2026-01-18 07:00:00,2026,1,18,7,Hồ Chí Minh,Phường An Lạc,10.7381994,106.6148874,78,Moderate,1,23.4,89,0.0,2.4,153,1009.4,100,38.5,44.7,1618.0,48.0,46.0,19.0
2026-01-18 08:00:00,2026,1,18,8,Hồ Chí Minh,Phường An Lạc,10.7381994,106.6148874,78,Moderate,1,24.8,80,0.1,4.7,130,1010.2,88,33.2,39.5,1395.0,42.3,57.0,16.9
2026-01-18 09:00:00,2026,1,18,9,Hồ Chí Minh,Phường An Lạc,10.7381994,106.6148874,79,Moderate,1,26.8,69,0.0,5.1,129,1010.7,96,27.0,30.7,918.0,34.3,74.0,14.1
2026-01-18 10:00:00,2026,1,18,10,Hồ Chí Minh,Phường An Lạc,10.7381994,106.6148874,79,Moderate,1,28.6,59,0.1,4.6,132,1010.2,100,28.1,31.1,573.0,27.6,92.0,12.0
2026-01-18 11:00:00,2026,1,18,11,Hồ Chí Minh,Phường An Lạc,10.7381994,106.6148874,79,Moderate,1,30.0,52,0.0,2.2,114,1009.5,100,31.3,33.9,543.0,23.5,113.0,11.5
2026-01-18 12:00:00,2026,1,18,12,Hồ Chí Minh,Phường An Lạc,10.7381994,106.6148874,80,Moderate,1,31.3,45,0.0,1.1,90,1008.4,100,35.0,37.4,645.0,20.7,137.0,11.8
2026-01-18 13:00:00,2026,1,18,13,Hồ Chí Minh,Phường An Lạc,10.7381994,106.6148874,80,Moderate,1,30.6,47,0.1,2.0,153,1007.3,98,36.7,38.9,715.0,19.0,154.0,12.0
2026-01-18 14:00:00,2026,1,18,14,Hồ Chí Minh,Phường An Lạc,10.7381994,106.6148874,81,Moderate,1,31.5,44,0.1,2.4,171,1006.1,33,37.1,39.1,690.0,18.5,163.0,11.7
2026-01-18 15:00:00,2026,1,18,15,Hồ Chí Minh,Phường An Lạc,10.7381994,106.6148874,81,Moderate,1,31.0,45,0.1,4.8,165,1005.5,30,42.3,44.6,634.0,19.2,166.0,11.4
2026-01-18 16:00:00,2026,1,18,16,Hồ Chí Minh,Phường An Lạc,10.7381994,106.6148874,82,Moderate,1,30.0,50,0.1,8.1,162,1005.6,28,37.1,39.2,575.0,20.9,162.0,11.3
2026-01-18 17:00:00,2026,1,18,17,Hồ Chí Minh,Phường An Lạc,10.7381994,106.6148874,92,Moderate,1,27.7,65,0.2,15.0,174,1006.1,13,35.3,37.3,517.0,24.6,146.0,11.8
2026-01-18 18:00:00,2026,1,18,18,Hồ Chí Minh,Phường An Lạc,10.7381994,106.6148874,108,Unhealthy for Sensitive Groups,2,25.6,73,0.0,14.5,153,1006.8,12,35.6,37.4,457.0,29.4,122.0,12.6
2026-01-18 19:00:00,2026,1,18,19,Hồ Chí Minh,Phường An Lạc,10.7381994,106.6148874,114,Unhealthy for Sensitive Groups,2,25.0,78,0.0,14.6,141,1007.5,81,36.3,39.0,412.0,29.9,100.0,12.3
2026-01-18 20:00:00,2026,1,18,20,Hồ Chí Minh,Phường An Lạc,10.7381994,106.6148874,111,Unhealthy for Sensitive Groups,2,24.8,80,0.0,12.9,144,1008.3,65,30.4,32.6,396.0,28.2,97.0,11.6
2026-01-18 21:00:00,2026,1,18,21,Hồ Chí Minh,Phường An Lạc,10.7381994,106.6148874,103,Unhealthy for Sensitive Groups,2,24.3,82,0.0,11.4,145,1008.7,27,26.4,28.3,395.0,25.9,93.0,10.5
2026-01-18 22:00:00,2026,1,18,22,Hồ Chí Minh,Phường An Lạc,10.7381994,106.6148874,90,Moderate,1,24.0,81,0.0,11.3,136,1009.1,0,23.6,25.5,391.0,24.6,88.0,9.8
2026-01-18 23:00:00,2026,1,18,23,Hồ Chí Minh,Phường An Lạc,10.7381994,106.6148874,88,Moderate,1,23.8,82,0.0,9.1,139,1009.3,1,22.4,24.1,373.0,25.0,83.0,9.5
2026-01-19 00:00:00,2026,1,19,0,Hồ Chí Minh,Phường An Lạc,10.7381994,106.6148874,88,Moderate,1,23.5,84,0.0,8.7,132,1009.5,5,21.7,23.6,352.0,26.4,77.0,9.5
2026-01-19 01:00:00,2026,1,19,1,Hồ Chí Minh,Phường An Lạc,10.7381994,106.6148874,88,Moderate,1,23.5,86,0.0,8.1,129,1008.8,15,22.2,24.4,338.0,28.0,72.0,9.7
2026-01-19 02:00:00,2026,1,19,2,Hồ Chí Minh,Phường An Lạc,10.7381994,106.6148874,89,Moderate,1,23.3,88,0.0,9.2,132,1008.2,93,23.9,26.5,319.0,28.9,67.0,10.0
2026-01-19 03:00:00,2026,1,19,3,Hồ Chí Minh,Phường An Lạc,10.7381994,106.6148874,89,Moderate,1,23.1,90,0.0,8.8,141,1007.7,69,26.3,29.4,309.0,29.9,62.0,10.6
2026-01-19 04:00:00,2026,1,19,4,Hồ Chí Minh,Phường An Lạc,10.7381994,106.6148874,89,Moderate,1,23.0,90,0.0,7.8,140,1007.6,89,28.8,32.7,357.0,32.7,56.0,11.7
2026-01-19 05:00:00,2026,1,19,5,Hồ Chí Minh,Phường An Lạc,10.7381994,106.6148874,90,Moderate,1,22.8,91,0.0,6.5,138,1008.2,63,32.1,36.8,540.0,40.1,45.0,14.0
2026-01-19 06:00:00,2026,1,19,6,Hồ Chí Minh,Phường An Lạc,10.7381994,106.6148874,90,Moderate,1,22.6,92,0.0,5.5,136,1008.7,68,41.2,45.8,781.0,49.3,32.0,16.9
2026-01-19 07:00:00,2026,1,19,7,Hồ Chí Minh,Phường An Lạc,10.7381994,106.6148874,91,Moderate,1,23.2,90,0.0,4.1,165,1009.9,59,47.7,51.2,906.0,47.8,32.0,17.6
2026-01-19 08:00:00,2026,1,19,8,Hồ Chí Minh,Phường An Lạc,10.7381994,106.6148874,92,Moderate,1,25.4,78,0.0,7.3,136,1010.9,66,36.3,40.4,796.0,42.4,49.0,16.6
2026-01-19 09:00:00,2026,1,19,9,Hồ Chí Minh,Phường An Lạc,10.7381994,106.6148874,92,Moderate,1,27.0,70,0.0,7.5,132,1011.6,62,30.7,33.3,568.0,34.9,74.0,15.1
2026-01-19 10:00:00,2026,1,19,10,Hồ Chí Minh,Phường An Lạc,10.7381994,106.6148874,93,Moderate,1,28.5,62,0.2,5.0,128,1011.3,52,31.1,33.4,403.0,28.4,97.0,13.7
2026-01-19 11:00:00,2026,1,19,11,Hồ Chí Minh,Phường An Lạc,10.7381994,106.6148874,93,Moderate,1,29.2,57,0.2,2.5,135,1010.7,78,33.3,35.5,380.0,23.6,119.0,12.4
2026-01-19 12:00:00,2026,1,19,12,Hồ Chí Minh,Phường An Lạc,10.7381994,106.6148874,93,Moderate,1,30.4,51,0.0,2.3,148,1009.7,85,35.7,38.0,420.0,19.8,139.0,11.1
2026-01-19 13:00:00,2026,1,19,13,Hồ Chí Minh,Phường An Lạc,10.7381994,106.6148874,93,Moderate,1,30.0,49,0.0,0.4,180,1008.5,94,37.5,39.7,459.0,17.9,153.0,10.3
2026-01-19 14:00:00,2026,1,19,14,Hồ Chí Minh,Phường An Lạc,10.7381994,106.6148874,93,Moderate,1,29.5,50,0.0,3.9,214,1007.8,99,36.7,38.6,480.0,18.6,158.0,10.0
2026-01-19 15:00:00,2026,1,19,15,Hồ Chí Minh,Phường An Lạc,10.7381994,106.6148874,93,Moderate,1,28.8,53,0.0,6.4,198,1007.4,100,36.2,38.2,500.0,21.1,155.0,10.1
2026-01-19 16:00:00,2026,1,19,16,Hồ Chí Minh,Phường An Lạc,10.7381994,106.6148874,93,Moderate,1,28.8,53,0.1,3.8,197,1007.2,100,35.3,37.1,512.0,24.4,147.0,10.6
2026-01-19 17:00:00,2026,1,19,17,Hồ Chí Minh,Phường An Lạc,10.7381994,106.6148874,92,Moderate,1,28.1,56,0.0,6.9,186,1007.8,100,31.5,33.4,511.0,28.9,130.0,11.6
2026-01-19 18:00:00,2026,1,19,18,Hồ Chí Minh,Phường An Lạc,10.7381994,106.6148874,100,Moderate,1,26.3,68,0.0,13.4,185,1008.5,100,30.7,32.2,502.0,34.0,106.0,12.9
2026-01-19 19:00:00,2026,1,19,19,Hồ Chí Minh,Phường An Lạc,10.7381994,106.6148874,102,Unhealthy for Sensitive Groups,2,25.3,74,0.0,12.8,154,1009.3,43,35.5,38.2,494.0,38.7,84.0,14.3
2026-01-19 20:00:00,2026,1,19,20,Hồ Chí Minh,Phường An Lạc,10.7381994,106.6148874,95,Moderate,1,24.5,80,0.0,11.6,152,1010.0,27,31.0,33.8,486.0,37.8,77.0,14.2
2026-01-19 21:00:00,2026,1,19,21,Hồ Chí Minh,Phường An Lạc,10.7381994,106.6148874,92,Moderate,1,24.7,80,0.0,10.1,141,1010.6,27,27.4,30.2,478.0,36.7,68.0,14.0
2026-01-19 22:00:00,2026,1,19,22,Hồ Chí Minh,Phường An Lạc,10.7381994,106.6148874,92,Moderate,1,24.5,79,0.0,9.5,127,1010.2,7,26.1,28.9,485.0,36.5,59.0,13.9
2026-01-19 23:00:00,2026,1,19,23,Hồ Chí Minh,Phường An Lạc,10.7381994,106.6148874,92,Moderate,1,24.1,80,0.0,9.1,129,1010.3,0,26.1,29.2,528.0,37.7,53.0,13.6
2026-01-20 00:00:00,2026,1,20,0,Hồ Chí Minh,Phường An Lạc,10.7381994,106.6148874,92,Moderate,1,23.8,82,0.0,6.8,132,1010.3,5,26.5,30.2,586.0,39.7,47.0,13.3
2026-01-20 01:00:00,2026,1,20,1,Hồ Chí Minh,Phường An Lạc,10.7381994,106.6148874,93,Moderate,1,23.5,86,0.0,7.0,140,1009.7,9,28.2,32.2,601.0,42.0,42.0,13.5
2026-01-20 02:00:00,2026,1,20,2,Hồ Chí Minh,Phường An Lạc,10.7381994,106.6148874,93,Moderate,1,23.1,89,0.0,7.2,161,1009.0,14,29.6,34.0,497.0,44.6,37.0,14.7
2026-01-20 03:00:00,2026,1,20,3,Hồ Chí Minh,Phường An Lạc,10.7381994,106.6148874,94,Moderate,1,22.9,91,0.0,6.2,173,1008.8,15,32.0,36.6,352.0,47.5,33.0,16.2
2026-01-20 04:00:00,2026,1,20,4,Hồ Chí Minh,Phường An Lạc,10.7381994,106.6148874,94,Moderate,1,22.6,92,0.0,5.0,182,1009.1,35,36.4,41.2,340.0,49.8,28.0,17.1
2026-01-20 05:00:00,2026,1,20,5,Hồ Chí Minh,Phường An Lạc,10.7381994,106.6148874,95,Moderate,1,22.6,93,0.0,4.3,178,1009.4,76,45.8,51.2,623.0,51.4,20.0,16.1
2026-01-20 06:00:00,2026,1,20,6,Hồ Chí Minh,Phường An Lạc,10.7381994,106.6148874,96,Moderate,1,22.4,94,0.0,1.2,153,1009.9,100,69.8,72.6,1041.0,52.3,11.0,14.4
2026-01-20 07:00:00,2026,1,20,7,Hồ Chí Minh,Phường An Lạc,10.7381994,106.6148874,99,Moderate,1,23.4,91,0.0,2.4,48,1011.0,100,48.8,54.0,1282.0,56.6,17.0,23.7
2026-01-20 08:00:00,2026,1,20,8,Hồ Chí Minh,Phường An Lạc,10.7381994,106.6148874,99,Moderate,1,25.0,80,0.0,4.3,95,1011.9,100,36.4,41.6,1162.0,51.1,33.0,22.1
2026-01-20 09:00:00,2026,1,20,9,Hồ Chí Minh,Phường An Lạc,10.7381994,106.6148874,99,Moderate,1,26.9,68,0.0,4.1,90,1012.7,98,32.5,37.4,866.0,43.3,56.0,19.7
2026-01-20 10:00:00,2026,1,20,10,Hồ Chí Minh,Phường An Lạc,10.7381994,106.6148874,99,Moderate,1,28.5,58,0.1,2.9,86,1012.4,31,31.0,33.2,643.0,35.1,81.0,17.1
2026-01-20 11:00:00,2026,1,20,11,Hồ Chí Minh,Phường An Lạc,10.7381994,106.6148874,99,Moderate,1,29.8,49,0.0,2.1,20,1012.2,26,35.6,37.6,606.0,26.4,109.0,14.2
2026-01-20 12:00:00,2026,1,20,12,Hồ Chí Minh,Phường An Lạc,10.7381994,106.6148874,99,Moderate,1,31.4,42,0.0,3.1,3,1011.4,20,35.0,36.7,642.0,17.4,139.0,11.0
2026-01-20 13:00:00,2026,1,20,13,Hồ Chí Minh,Phường An Lạc,10.7381994,106.6148874,99,Moderate,1,31.0,44,0.0,3.3,9,1010.2,17,31.5,32.9,655.0,10.9,160.0,8.5
2026-01-20 14:00:00,2026,1,20,14,Hồ Chí Minh,Phường An Lạc,10.7381994,106.6148874,99,Moderate,1,32.0,39,0.0,4.9,28,1008.9,45,28.6,29.7,599.0,7.5,166.0,6.9
2026-01-20 15:00:00,2026,1,20,15,Hồ Chí Minh,Phường An Lạc,10.7381994,106.6148874,98,Moderate,1,32.1,37,0.0,7.8,42,1008.3,58,26.8,27.8,521.0,6.7,163.0,5.9
2026-01-20 16:00:00,2026,1,20,16,Hồ Chí Minh,Phường An Lạc,10.7381994,106.6148874,97,Moderate,1,31.5,37,0.0,3.8,98,1008.2,59,25.1,26.0,465.0,9.2,153.0,6.0
2026-01-20 17:00:00,2026,1,20,17,Hồ Chí Minh,Phường An Lạc,10.7381994,106.6148874,96,Moderate,1,28.5,55,0.0,13.3,182,1008.5,23,27.7,28.8,451.0,18.0,131.0,7.9
2026-01-20 18:00:00,2026,1,20,18,Hồ Chí Minh,Phường An Lạc,10.7381994,106.6148874,101,Unhealthy for Sensitive Groups,2,25.4,69,0.0,14.5,169,1008.8,84,28.7,30.0,460.0,30.3,103.0,10.9
2026-01-20 19:00:00,2026,1,20,19,Hồ Chí Minh,Phường An Lạc,10.7381994,106.6148874,106,Unhealthy for Sensitive Groups,2,25.9,68,0.0,13.9,155,1009.3,95,29.4,31.1,470.0,34.2,86.0,11.9
2026-01-20 20:00:00,2026,1,20,20,Hồ Chí Minh,Phường An Lạc,10.7381994,106.6148874,101,Unhealthy for Sensitive Groups,2,25.1,68,0.0,12.9,148,1010.5,78,23.7,26.0,480.0,31.0,86.0,11.2
2026-01-20 21:00:00,2026,1,20,21,Hồ Chí Minh,Phường An Lạc,10.7381994,106.6148874,94,Moderate,1,24.7,75,0.0,11.8,144,1011.1,97,19.1,20.8,492.0,26.7,85.0,10.3
2026-01-20 22:00:00,2026,1,20,22,Hồ Chí Minh,Phường An Lạc,10.7381994,106.6148874,94,Moderate,1,24.3,78,0.0,10.8,136,1011.2,95,17.1,18.4,496.0,24.1,82.0,9.7
2026-01-20 23:00:00,2026,1,20,23,Hồ Chí Minh,Phường An Lạc,10.7381994,106.6148874,93,Moderate,1,24.2,77,0.0,8.8,131,1011.2,73,17.3,18.7,480.0,24.5,76.0,9.4
2026-01-21 00:00:00,2026,1,21,0,Hồ Chí Minh,Phường An Lạc,10.7381994,106.6148874,92,Moderate,1,23.8,79,0.0,8.1,137,1011.1,63,17.8,19.3,456.0,26.5,67.0,9.4
2026-01-21 01:00:00,2026,1,21,1,Hồ Chí Minh,Phường An Lạc,10.7381994,106.6148874,91,Moderate,1,23.4,86,0.0,6.0,159,1010.7,0,19.6,21.3,454.0,29.2,59.0,9.9
2026-01-21 02:00:00,2026,1,21,2,Hồ Chí Minh,Phường An Lạc,10.7381994,106.6148874,91,Moderate,1,23.0,87,0.0,4.8,153,1010.5,2,22.5,24.3,450.0,32.7,52.0,11.4
2026-01-21 03:00:00,2026,1,21,3,Hồ Chí Minh,Phường An Lạc,10.7381994,106.6148874,90,Moderate,1,22.8,89,0.0,5.2,119,1010.1,0,26.6,28.5,467.0,36.9,46.0,13.6
2026-01-21 04:00:00,2026,1,21,4,Hồ Chí Minh,Phường An Lạc,10.7381994,106.6148874,89,Moderate,1,22.5,91,0.0,3.3,84,1010.4,1,32.7,34.7,606.0,40.3,40.0,15.2
2026-01-21 05:00:00,2026,1,21,5,Hồ Chí Minh,Phường An Lạc,10.7381994,106.6148874,89,Moderate,1,22.1,93,0.0,2.8,55,1010.9,7,38.6,40.5,1029.0,43.0,29.0,15.7
2026-01-21 06:00:00,2026,1,21,6,Hồ Chí Minh,Phường An Lạc,10.7381994,106.6148874,88,Moderate,1,21.9,93,0.0,4.6,13,1011.3,4,43.0,44.8,1574.0,45.0,18.0,15.8
2026-01-21 07:00:00,2026,1,21,7,Hồ Chí Minh,Phường An Lạc,10.7381994,106.6148874,86,Moderate,1,22.2,93,0.0,4.6,334,1011.7,43,53.8,55.5,1850.0,41.2,20.0,14.9
2026-01-21 08:00:00,2026,1,21,8,Hồ Chí Minh,Phường An Lạc,10.7381994,106.6148874,87,Moderate,1,24.5,78,0.0,4.2,335,1013.0,73,54.4,56.0,1605.0,37.7,47.0,15.5
2026-01-21 09:00:00,2026,1,21,9,Hồ Chí Minh,Phường An Lạc,10.7381994,106.6148874,88,Moderate,1,26.7,54,0.0,7.2,347,1014.0,96,42.7,45.1,1092.0,32.7,84.0,16.1
2026-01-21 10:00:00,2026,1,21,10,Hồ Chí Minh,Phường An Lạc,10.7381994,106.6148874,89,Moderate,1,28.9,39,0.0,6.0,351,1013.9,68,38.3,40.9,680.0,27.6,117.0,15.9
2026-01-21 11:00:00,2026,1,21,11,Hồ Chí Minh,Phường An Lạc,10.7381994,106.6148874,90,Moderate,1,30.7,33,0.0,3.4,6,1013.3,86,33.9,36.6,520.0,22.1,140.0,14.0
2026-01-21 12:00:00,2026,1,21,12,Hồ Chí Minh,Phường An Lạc,10.7381994,106.6148874,90,Moderate,1,32.2,27,0.0,5.2,49,1012.1,91,29.2,31.7,462.0,16.6,158.0,11.3
2026-01-21 13:00:00,2026,1,21,13,Hồ Chí Minh,Phường An Lạc,10.7381994,106.6148874,89,Moderate,1,32.7,23,0.0,11.5,55,1010.9,30,25.4,27.6,422.0,12.9,168.0,9.0
2026-01-21 14:00:00,2026,1,21,14,Hồ Chí Minh,Phường An Lạc,10.7381994,106.6148874,88,Moderate,1,32.9,24,0.0,9.5,54,1009.7,27,22.5,24.5,372.0,12.0,166.0,7.5
2026-01-21 15:00:00,2026,1,21,15,Hồ Chí Minh,Phường An Lạc,10.7381994,106.6148874,88,Moderate,1,33.4,22,0.0,8.7,63,1008.7,96,19.7,21.5,340.0,13.0,156.0,6.6
2026-01-21 16:00:00,2026,1,21,16,Hồ Chí Minh,Phường An Lạc,10.7381994,106.6148874,87,Moderate,1,29.8,48,0.0,12.4,147,1009.2,78,18.3,20.1,332.0,15.6,142.0,6.5
2026-01-21 17:00:00,2026,1,21,17,Hồ Chí Minh,Phường An Lạc,10.7381994,106.6148874,107,Unhealthy for Sensitive Groups,2,28.4,53,0.0,14.6,160,1009.5,15,20.6,23.5,357.0,20.9,124.0,8.0
2026-01-21 18:00:00,2026,1,21,18,Hồ Chí Minh,Phường An Lạc,10.7381994,106.6148874,116,Unhealthy for Sensitive Groups,2,26.5,60,0.0,14.7,155,1009.8,5,23.2,26.0,405.0,27.9,103.0,10.4
2026-01-21 19:00:00,2026,1,21,19,Hồ Chí Minh,Phường An Lạc,10.7381994,106.6148874,113,Unhealthy for Sensitive Groups,2,25.6,67,0.0,11.7,171,1010.7,7,25.3,27.5,452.0,40.5,74.0,13.8
2026-01-21 20:00:00,2026,1,21,20,Hồ Chí Minh,Phường An Lạc,10.7381994,106.6148874,99,Moderate,1,25.3,72,0.0,10.4,157,1011.9,10,23.9,26.1,473.0,37.0,74.0,13.4
2026-01-21 21:00:00,2026,1,21,21,Hồ Chí Minh,Phường An Lạc,10.7381994,106.6148874,85,Moderate,1,24.6,77,0.0,8.9,153,1012.7,27,21.9,24.1,492.0,32.4,73.0,12.9
2026-01-21 22:00:00,2026,1,21,22,Hồ Chí Minh,Phường An Lạc,10.7381994,106.6148874,85,Moderate,1,24.2,80,0.0,6.1,109,1012.8,5,20.4,22.5,558.0,30.1,70.0,12.7
2026-01-21 23:00:00,2026,1,21,23,Hồ Chí Minh,Phường An Lạc,10.7381994,106.6148874,86,Moderate,1,24.0,81,0.0,6.1,130,1012.7,2,20.8,22.9,716.0,32.1,62.0,13.1
2026-01-22 00:00:00,2026,1,22,0,Hồ Chí Minh,Phường An Lạc,10.7381994,106.6148874,86,Moderate,1,23.8,83,0.0,4.3,112,1012.7,70,22.1,24.3,920.0,36.3,51.0,13.9
2026-01-22 01:00:00,2026,1,22,1,Hồ Chí Minh,Phường An Lạc,10.7381994,106.6148874,86,Moderate,1,23.4,87,0.0,1.6,6,1012.0,56,25.8,28.1,1082.0,40.4,40.0,14.6
2026-01-22 02:00:00,2026,1,22,2,Hồ Chí Minh,Phường An Lạc,10.7381994,106.6148874,87,Moderate,1,23.4,85,0.0,1.5,306,1011.3,72,27.8,29.9,1146.0,43.7,31.0,14.9
2026-01-22 03:00:00,2026,1,22,3,Hồ Chí Minh,Phường An Lạc,10.7381994,106.6148874,87,Moderate,1,22.7,89,0.0,1.4,337,1011.1,95,27.2,29.0,1168.0,46.8,22.0,15.2
2026-01-22 04:00:00,2026,1,22,4,Hồ Chí Minh,Phường An Lạc,10.7381994,106.6148874,88,Moderate,1,22.5,89,0.0,6.1,348,1011.4,98,27.9,29.6,1229.0,48.8,16.0,15.9
2026-01-22 05:00:00,2026,1,22,5,Hồ Chí Minh,Phường An Lạc,10.7381994,106.6148874,87,Moderate,1,22.0,89,0.0,7.8,331,1012.0,99,28.8,30.4,1422.0,49.3,12.0,17.6
2026-01-22 06:00:00,2026,1,22,6,Hồ Chí Minh,Phường An Lạc,10.7381994,106.6148874,86,Moderate,1,21.4,86,0.0,7.8,326,1012.5,80,31.1,32.7,1654.0,48.7,11.0,19.7
2026-01-22 07:00:00,2026,1,22,7,Hồ Chí Minh,Phường An Lạc,10.7381994,106.6148874,85,Moderate,1,21.8,87,0.0,4.5,313,1013.5,72,43.8,45.2,1721.0,46.0,20.0,19.3
2026-01-22 08:00:00,2026,1,22,8,Hồ Chí Minh,Phường An Lạc,10.7381994,106.6148874,84,Moderate,1,24.1,65,0.0,3.4,313,1014.3,85,39.6,40.5,1473.0,42.0,44.0,19.1
2026-01-22 09:00:00,2026,1,22,9,Hồ Chí Minh,Phường An Lạc,10.7381994,106.6148874,83,Moderate,1,26.5,53,0.0,3.3,331,1015.2,84,35.7,36.9,1060.0,36.3,78.0,18.6
2026-01-22 10:00:00,2026,1,22,10,Hồ Chí Minh,Phường An Lạc,10.7381994,106.6148874,82,Moderate,1,28.9,46,0.0,2.1,322,1015.0,59,31.0,32.5,731.0,30.1,105.0,17.1
2026-01-22 11:00:00,2026,1,22,11,Hồ Chí Minh,Phường An Lạc,10.7381994,106.6148874,82,Moderate,1,30.7,40,0.0,1.1,279,1014.4,0,26.0,27.6,592.0,22.9,121.0,13.7
2026-01-22 12:00:00,2026,1,22,12,Hồ Chí Minh,Phường An Lạc,10.7381994,106.6148874,81,Moderate,1,32.1,34,0.0,1.1,162,1013.0,4,21.5,23.2,536.0,15.4,132.0,9.4
2026-01-22 13:00:00,2026,1,22,13,Hồ Chí Minh,Phường An Lạc,10.7381994,106.6148874,80,Moderate,1,31.8,35,0.0,2.3,157,1011.9,40,16.9,18.6,491.0,10.2,136.0,6.1
2026-01-22 14:00:00,2026,1,22,14,Hồ Chí Minh,Phường An Lạc,10.7381994,106.6148874,80,Moderate,1,33.1,30,0.0,3.3,135,1010.7,62,14.7,16.6,421.0,8.2,134.0,4.5
2026-01-22 15:00:00,2026,1,22,15,Hồ Chí Minh,Phường An Lạc,10.7381994,106.6148874,79,Moderate,1,33.1,29,0.0,4.1,119,1010.0,99,12.9,14.7,362.0,8.6,127.0,4.0
2026-01-22 16:00:00,2026,1,22,16,Hồ Chí Minh,Phường An Lạc,10.7381994,106.6148874,78,Moderate,1,33.0,28,0.0,6.2,75,1009.8,100,12.4,14.2,346.0,12.3,115.0,4.4
2026-01-22 17:00:00,2026,1,22,17,Hồ Chí Minh,Phường An Lạc,10.7381994,106.6148874,78,Moderate,1,32.0,29,0.0,6.0,97,1010.2,100,17.2,19.0,394.0,22.1,96.0,6.2
2026-01-22 18:00:00,2026,1,22,18,Hồ Chí Minh,Phường An Lạc,10.7381994,106.6148874,77,Moderate,1,28.2,60,0.0,14.7,165,1011.1,100,21.9,24.3,485.0,35.2,71.0,9.0
2026-01-22 19:00:00,2026,1,22,19,Hồ Chí Minh,Phường An Lạc,10.7381994,106.6148874,77,Moderate,1,26.6,68,0.0,9.6,163,1012.1,100,29.2,31.5,592.0,49.3,52.0,12.0
2026-01-22 20:00:00,2026,1,22,20,Hồ Chí Minh,Phường An Lạc,10.7381994,106.6148874,78,Moderate,1,26.3,72,0.0,10.2,138,1012.8,100,28.5,30.6,712.0,47.2,49.0,11.6
2026-01-22 21:00:00,2026,1,22,21,Hồ Chí Minh,Phường An Lạc,10.7381994,106.6148874,78,Moderate,1,25.9,74,0.0,6.8,101,1013.5,100,26.8,28.9,848.0,44.2,45.0,11.0
2026-01-22 22:00:00,2026,1,22,22,Hồ Chí Minh,Phường An Lạc,10.7381994,106.6148874,79,Moderate,1,25.8,74,0.0,3.9,37,1013.5,100,25.4,27.4,982.0,41.7,41.0,10.3
2026-01-22 23:00:00,2026,1,22,23,Hồ Chí Minh,Phường An Lạc,10.7381994,106.6148874,79,Moderate,1,25.8,73,0.0,1.6,333,1013.4,100,27.2,29.1,1146.0,40.3,39.0,9.2
2026-01-23 00:00:00,2026,1,23,0,Hồ Chí Minh,Phường An Lạc,10.7381994,106.6148874,80,Moderate,1,25.4,77,0.0,1.4,50,1013.3,100,24.4,26.2,1307.0,39.3,37.0,8.0
2026-01-23 01:00:00,2026,1,23,1,Hồ Chí Minh,Phường An Lạc,10.7381994,106.6148874,80,Moderate,1,25.0,74,0.0,4.6,9,1013.1,100,21.0,22.5,1352.0,38.2,36.0,7.2
2026-01-23 02:00:00,2026,1,23,2,Hồ Chí Minh,Phường An Lạc,10.7381994,106.6148874,79,Moderate,1,24.5,73,0.0,6.1,357,1012.9,100,19.4,20.7,1159.0,36.4,35.0,7.0
2026-01-23 03:00:00,2026,1,23,3,Hồ Chí Minh,Phường An Lạc,10.7381994,106.6148874,79,Moderate,1,24.1,68,0.0,5.1,352,1012.6,100,19.0,20.3,848.0,34.5,34.0,7.3
2026-01-23 04:00:00,2026,1,23,4,Hồ Chí Minh,Phường An Lạc,10.7381994,106.6148874,78,Moderate,1,23.9,63,0.0,5.0,358,1012.8,97,19.6,21.0,672.0,33.6,33.0,8.2
2026-01-23 05:00:00,2026,1,23,5,Hồ Chí Minh,Phường An Lạc,10.7381994,106.6148874,77,Moderate,1,23.5,63,0.0,5.2,6,1013.2,4,20.7,22.0,796.0,35.1,29.0,10.1
2026-01-23 06:00:00,2026,1,23,6,Hồ Chí Minh,Phường An Lạc,10.7381994,106.6148874,76,Moderate,1,23.1,65,0.0,4.8,13,1013.7,0,22.9,24.2,1054.0,37.8,25.0,12.5
2026-01-23 07:00:00,2026,1,23,7,Hồ Chí Minh,Phường An Lạc,10.7381994,106.6148874,76,Moderate,1,23.2,65,0.0,1.9,304,1014.8,0,34.2,36.6,1196.0,40.3,26.0,13.0
2026-01-23 08:00:00,2026,1,23,8,Hồ Chí Minh,Phường An Lạc,10.7381994,106.6148874,75,Moderate,1,25.2,58,0.0,0.9,349,1015.9,0,28.7,31.4,1082.0,36.2,44.0,12.7
2026-01-23 09:00:00,2026,1,23,9,Hồ Chí Minh,Phường An Lạc,10.7381994,106.6148874,74,Moderate,1,27.1,55,0.0,1.6,243,1016.4,0,24.6,28.1,852.0,30.4,68.0,12.2
2026-01-23 10:00:00,2026,1,23,10,Hồ Chí Minh,Phường An Lạc,10.7381994,106.6148874,73,Moderate,1,29.0,49,0.0,3.1,257,1016.0,4,21.1,24.6,673.0,25.2,91.0,11.5
2026-01-23 11:00:00,2026,1,23,11,Hồ Chí Minh,Phường An Lạc,10.7381994,106.6148874,72,Moderate,1,30.6,44,0.0,3.1,283,1015.1,6,19.2,22.4,622.0,21.1,109.0,10.6
2026-01-23 12:00:00,2026,1,23,12,Hồ Chí Minh,Phường An Lạc,10.7381994,106.6148874,71,Moderate,1,32.1,38,0.0,2.3,321,1014.1,19,17.7,20.6,622.0,17.6,125.0,9.5
2026-01-23 13:00:00,2026,1,23,13,Hồ Chí Minh,Phường An Lạc,10.7381994,106.6148874,71,Moderate,1,32.2,37,0.0,2.5,356,1013.1,30,16.3,18.8,610.0,14.9,135.0,8.5
2026-01-23 14:00:00,2026,1,23,14,Hồ Chí Minh,Phường An Lạc,10.7381994,106.6148874,71,Moderate,1,33.8,31,0.0,3.6,9,1011.8,62,14.6,16.6,550.0,12.2,140.0,7.4
2026-01-23 15:00:00,2026,1,23,15,Hồ Chí Minh,Phường An Lạc,10.7381994,106.6148874,71,Moderate,1,33.8,29,0.0,5.3,33,1010.9,100,13.1,14.6,477.0,10.2,139.0,6.3
2026-01-23 16:00:00,2026,1,23,16,Hồ Chí Minh,Phường An Lạc,10.7381994,106.6148874,71,Moderate,1,33.0,30,0.0,8.8,33,1010.6,94,12.0,13.3,435.0,12.0,131.0,6.1
2026-01-23 17:00:00,2026,1,23,17,Hồ Chí Minh,Phường An Lạc,10.7381994,106.6148874,71,Moderate,1,32.5,30,0.0,8.3,51,1011.0,92,13.2,14.8,449.0,20.6,110.0,7.3
2026-01-23 18:00:00,2026,1,23,18,Hồ Chí Minh,Phường An Lạc,10.7381994,106.6148874,75,Moderate,1,30.5,38,0.0,9.0,160,1011.7,47,21.9,24.6,493.0,32.9,82.0,9.4
2026-01-23 19:00:00,2026,1,23,19,Hồ Chí Minh,Phường An Lạc,10.7381994,106.6148874,73,Moderate,1,26.0,70,0.0,13.4,165,1013.0,87,31.7,34.8,531.0,49.4,54.0,13.2
2026-01-23 20:00:00,2026,1,23,20,Hồ Chí Minh,Phường An Lạc,10.7381994,106.6148874,71,Moderate,1,25.9,73,0.0,11.7,144,1013.6,58,31.9,34.6,546.0,49.0,52.0,15.4
2026-01-23 21:00:00,2026,1,23,21,Hồ Chí Minh,Phường An Lạc,10.7381994,106.6148874,71,Moderate,1,25.2,78,0.0,9.8,126,1014.1,31,31.4,33.9,555.0,48.4,48.0,18.3
2026-01-23 22:00:00,2026,1,23,22,Hồ Chí Minh,Phường An Lạc,10.7381994,106.6148874,72,Moderate,1,24.8,80,0.0,6.4,98,1014.4,94,32.2,34.3,568.0,47.5,44.0,19.7
2026-01-23 23:00:00,2026,1,23,23,Hồ Chí Minh,Phường An Lạc,10.7381994,106.6148874,72,Moderate,1,24.7,78,0.0,3.0,147,1014.3,12,31.5,33.3,597.0,46.3,39.0,18.3
2026-01-24 00:00:00,2026,1,24,0,Hồ Chí Minh,Phường An Lạc,10.7381994,106.6148874,73,Moderate,1,24.2,81,0.0,2.5,184,1014.2,0,28.2,29.7,630.0,44.8,34.0,15.4
2026-01-24 01:00:00,2026,1,24,1,Hồ Chí Minh,Phường An Lạc,10.7381994,106.6148874,73,Moderate,1,24.0,84,0.0,2.3,299,1013.9,1,26.3,27.7,647.0,43.2,29.0,12.9
2026-01-24 02:00:00,2026,1,24,2,Hồ Chí Minh,Phường An Lạc,10.7381994,106.6148874,73,Moderate,1,23.5,86,0.0,2.9,210,1013.6,0,25.8,27.2,605.0,41.3,26.0,11.3
2026-01-24 03:00:00,2026,1,24,3,Hồ Chí Minh,Phường An Lạc,10.7381994,106.6148874,74,Moderate,1,23.0,91,0.0,2.8,215,1013.3,1,25.5,26.8,546.0,39.2,24.0,10.1
2026-01-24 04:00:00,2026,1,24,4,Hồ Chí Minh,Phường An Lạc,10.7381994,106.6148874,74,Moderate,1,22.5,94,0.0,1.9,241,1013.4,3,25.3,26.5,575.0,37.9,22.0,9.7
2026-01-24 05:00:00,2026,1,24,5,Hồ Chí Minh,Phường An Lạc,10.7381994,106.6148874,75,Moderate,1,22.2,96,0.0,3.5,282,1013.8,28,25.1,26.4,797.0,38.3,18.0,10.5
2026-01-24 06:00:00,2026,1,24,6,Hồ Chí Minh,Phường An Lạc,10.7381994,106.6148874,75,Moderate,1,21.6,99,0.0,6.8,299,1014.1,55,27.5,28.9,1107.0,39.5,15.0,12.0
2026-01-24 07:00:00,2026,1,24,7,Hồ Chí Minh,Phường An Lạc,10.7381994,106.6148874,76,Moderate,1,22.1,91,0.0,5.1,318,1015.1,2,46.4,49.6,1300.0,44.1,21.0,16.0
2026-01-24 08:00:00,2026,1,24,8,Hồ Chí Minh,Phường An Lạc,10.7381994,106.6148874,77,Moderate,1,24.6,67,0.0,3.6,354,1015.6,16,39.2,41.9,1265.0,38.6,49.0,15.3
2026-01-24 09:00:00,2026,1,24,9,Hồ Chí Minh,Phường An Lạc,10.7381994,106.6148874,78,Moderate,1,26.9,57,0.0,2.0,27,1016.3,74,33.1,35.7,1113.0,30.8,88.0,14.2
2026-01-24 10:00:00,2026,1,24,10,Hồ Chí Minh,Phường An Lạc,10.7381994,106.6148874,79,Moderate,1,28.9,51,0.0,0.6,288,1016.2,88,28.8,32.0,974.0,23.9,122.0,13.2
2026-01-24 11:00:00,2026,1,24,11,Hồ Chí Minh,Phường An Lạc,10.7381994,106.6148874,79,Moderate,1,30.5,44,0.0,1.6,297,1015.5,88,27.9,31.4,890.0,18.6,146.0,12.2
2026-01-24 12:00:00,2026,1,24,12,Hồ Chí Minh,Phường An Lạc,10.7381994,106.6148874,80,Moderate,1,32.2,38,0.0,2.2,5,1014.3,91,26.1,29.5,818.0,14.2,165.0,11.2
2026-01-24 13:00:00,2026,1,24,13,Hồ Chí Minh,Phường An Lạc,10.7381994,106.6148874,81,Moderate,1,31.1,40,0.0,1.8,169,1013.4,77,23.8,26.3,765.0,11.5,177.0,10.3
2026-01-24 14:00:00,2026,1,24,14,Hồ Chí Minh,Phường An Lạc,10.7381994,106.6148874,81,Moderate,1,32.0,37,0.0,1.6,117,1012.6,84,21.9,23.9,747.0,10.8,181.0,9.4
2026-01-24 15:00:00,2026,1,24,15,Hồ Chí Minh,Phường An Lạc,10.7381994,106.6148874,82,Moderate,1,31.4,39,0.0,1.7,49,1012.2,92,21.7,23.8,747.0,11.7,178.0,8.7
2026-01-24 16:00:00,2026,1,24,16,Hồ Chí Minh,Phường An Lạc,10.7381994,106.6148874,102,Unhealthy for Sensitive Groups,2,31.0,40,0.0,1.8,84,1011.9,72,21.5,24.1,722.0,14.3,167.0,8.5
2026-01-24 17:00:00,2026,1,24,17,Hồ Chí Minh,Phường An Lạc,10.7381994,106.6148874,127,Unhealthy for Sensitive Groups,2,29.7,46,0.0,8.6,141,1012.1,53,22.2,26.5,641.0,19.8,143.0,9.3
2026-01-24 18:00:00,2026,1,24,18,Hồ Chí Minh,Phường An Lạc,10.7381994,106.6148874,139,Unhealthy for Sensitive Groups,2,27.0,63,0.0,13.6,148,1012.3,31,22.6,26.0,534.0,26.9,112.0,10.6
2026-01-24 19:00:00,2026,1,24,19,Hồ Chí Minh,Phường An Lạc,10.7381994,106.6148874,136,Unhealthy for Sensitive Groups,2,25.9,71,0.0,12.3,145,1012.5,2,24.4,27.1,454.0,31.9,88.0,11.9
2026-01-24 20:00:00,2026,1,24,20,Hồ Chí Minh,Phường An Lạc,10.7381994,106.6148874,124,Unhealthy for Sensitive Groups,2,25.5,70,0.0,13.7,142,1013.4,2,20.3,22.6,423.0,30.0,83.0,11.5
2026-01-24 21:00:00,2026,1,24,21,Hồ Chí Minh,Phường An Lạc,10.7381994,106.6148874,107,Unhealthy for Sensitive Groups,2,24.6,77,0.0,13.4,140,1013.5,1,17.5,19.7,419.0,27.5,75.0,10.9
2026-01-24 22:00:00,2026,1,24,22,Hồ Chí Minh,Phường An Lạc,10.7381994,106.6148874,85,Moderate,1,24.0,82,0.0,12.0,139,1013.4,1,15.9,17.9,422.0,25.8,68.0,10.4
2026-01-24 23:00:00,2026,1,24,23,Hồ Chí Minh,Phường An Lạc,10.7381994,106.6148874,80,Moderate,1,23.7,81,0.0,11.5,140,1013.4,0,15.1,16.9,427.0,25.8,63.0,10.1
2026-01-25 00:00:00,2026,1,25,0,Hồ Chí Minh,Phường An Lạc,10.7381994,106.6148874,79,Moderate,1,23.4,82,0.0,9.8,120,1013.0,77,15.0,16.8,440.0,26.6,59.0,9.9
2026-01-25 01:00:00,2026,1,25,1,Hồ Chí Minh,Phường An Lạc,10.7381994,106.6148874,78,Moderate,1,23.1,83,0.0,7.5,100,1013.0,83,16.3,18.0,462.0,27.9,54.0,10.1
2026-01-25 02:00:00,2026,1,25,2,Hồ Chí Minh,Phường An Lạc,10.7381994,106.6148874,77,Moderate,1,23.0,83,0.0,5.5,107,1012.4,94,18.0,19.8,461.0,29.5,49.0,10.8
2026-01-25 03:00:00,2026,1,25,3,Hồ Chí Minh,Phường An Lạc,10.7381994,106.6148874,76,Moderate,1,22.7,83,0.0,4.4,78,1012.2,91,20.0,21.7,468.0,31.4,43.0,11.7
2026-01-25 04:00:00,2026,1,25,4,Hồ Chí Minh,Phường An Lạc,10.7381994,106.6148874,75,Moderate,1,22.5,83,0.0,2.6,34,1012.1,61,22.1,23.9,583.0,33.6,38.0,12.6
2026-01-25 05:00:00,2026,1,25,5,Hồ Chí Minh,Phường An Lạc,10.7381994,106.6148874,75,Moderate,1,22.0,85,0.0,1.9,61,1012.7,8,30.6,31.9,944.0,37.0,30.0,13.3
2026-01-25 06:00:00,2026,1,25,6,Hồ Chí Minh,Phường An Lạc,10.7381994,106.6148874,76,Moderate,1,21.8,87,0.0,1.9,68,1013.1,9,36.1,37.7,1413.0,40.5,22.0,14.0
2026-01-25 07:00:00,2026,1,25,7,Hồ Chí Minh,Phường An Lạc,10.7381994,106.6148874,76,Moderate,1,22.3,87,0.0,4.3,343,1013.6,15,35.2,37.7,1666.0,36.7,27.0,12.3
2026-01-25 08:00:00,2026,1,25,8,Hồ Chí Minh,Phường An Lạc,10.7381994,106.6148874,75,Moderate,1,24.5,75,0.0,6.6,349,1014.6,4,30.5,32.8,1508.0,31.5,51.0,11.6
2026-01-25 09:00:00,2026,1,25,9,Hồ Chí Minh,Phường An Lạc,10.7381994,106.6148874,75,Moderate,1,26.5,64,0.0,6.1,355,1015.2,3,24.7,27.8,1135.0,24.2,84.0,10.7
2026-01-25 10:00:00,2026,1,25,10,Hồ Chí Minh,Phường An Lạc,10.7381994,106.6148874,74,Moderate,1,28.9,51,0.0,5.2,2,1015.1,58,22.1,25.1,814.0,17.8,113.0,9.5
2026-01-25 11:00:00,2026,1,25,11,Hồ Chí Minh,Phường An Lạc,10.7381994,106.6148874,73,Moderate,1,30.8,40,0.0,6.1,2,1014.6,98,19.7,22.4,639.0,13.2,133.0,8.0
2026-01-25 12:00:00,2026,1,25,12,Hồ Chí Minh,Phường An Lạc,10.7381994,106.6148874,73,Moderate,1,31.9,33,0.0,6.6,29,1013.8,100,18.5,20.5,517.0,9.5,149.0,6.2
2026-01-25 13:00:00,2026,1,25,13,Hồ Chí Minh,Phường An Lạc,10.7381994,106.6148874,72,Moderate,1,31.4,37,0.0,1.1,18,1012.5,99,18.3,19.6,436.0,7.4,160.0,5.1
2026-01-25 14:00:00,2026,1,25,14,Hồ Chí Minh,Phường An Lạc,10.7381994,106.6148874,71,Moderate,1,32.8,33,0.0,0.9,127,1011.5,95,19.0,20.3,404.0,6.8,169.0,4.7
2026-01-25 15:00:00,2026,1,25,15,Hồ Chí Minh,Phường An Lạc,10.7381994,106.6148874,71,Moderate,1,30.9,42,0.0,11.7,167,1011.3,100,19.4,20.7,414.0,7.9,172.0,4.9
2026-01-25 16:00:00,2026,1,25,16,Hồ Chí Minh,Phường An Lạc,10.7381994,106.6148874,86,Moderate,1,27.4,61,0.0,19.4,164,1011.6,50,19.5,20.9,430.0,11.7,166.0,5.9
2026-01-25 17:00:00,2026,1,25,17,Hồ Chí Minh,Phường An Lạc,10.7381994,106.6148874,110,Unhealthy for Sensitive Groups,2,28.2,54,0.0,8.1,156,1011.7,13,21.1,22.5,442.0,21.2,141.0,8.3
2026-01-25 18:00:00,2026,1,25,18,Hồ Chí Minh,Phường An Lạc,10.7381994,106.6148874,122,Unhealthy for Sensitive Groups,2,27.5,57,0.0,12.0,159,1012.0,9,27.4,30.4,461.0,33.5,105.0,11.4
2026-01-25 19:00:00,2026,1,25,19,Hồ Chí Minh,Phường An Lạc,10.7381994,106.6148874,121,Unhealthy for Sensitive Groups,2,26.4,66,0.0,12.3,162,1012.6,18,29.5,31.9,487.0,38.6,79.0,12.9
2026-01-25 20:00:00,2026,1,25,20,Hồ Chí Minh,Phường An Lạc,10.7381994,106.6148874,109,Unhealthy for Sensitive Groups,2,25.3,72,0.0,10.2,139,1013.3,22,23.5,25.4,537.0,35.5,76.0,12.4
2026-01-25 21:00:00,2026,1,25,21,Hồ Chí Minh,Phường An Lạc,10.7381994,106.6148874,94,Moderate,1,24.8,79,0.0,10.6,146,1013.7,29,18.7,20.5,595.0,31.2,72.0,11.6
2026-01-25 22:00:00,2026,1,25,22,Hồ Chí Minh,Phường An Lạc,10.7381994,106.6148874,75,Moderate,1,24.2,80,0.0,8.5,126,1013.6,0,16.5,18.3,610.0,27.7,68.0,10.7
2026-01-25 23:00:00,2026,1,25,23,Hồ Chí Minh,Phường An Lạc,10.7381994,106.6148874,72,Moderate,1,23.7,83,0.0,10.1,137,1013.8,0,14.8,16.5,538.0,25.5,65.0,9.5
2026-01-26 00:00:00,2026,1,26,0,Hồ Chí Minh,Phường An Lạc,10.7381994,106.6148874,72,Moderate,1,23.2,85,0.0,8.5,145,1013.4,0,13.0,14.5,424.0,24.0,63.0,8.3
2026-01-26 01:00:00,2026,1,26,1,Hồ Chí Minh,Phường An Lạc,10.7381994,106.6148874,72,Moderate,1,23.1,87,0.0,7.3,140,1013.6,3,12.2,13.6,352.0,23.4,59.0,7.5
2026-01-26 02:00:00,2026,1,26,2,Hồ Chí Minh,Phường An Lạc,10.7381994,106.6148874,71,Moderate,1,23.0,86,0.0,7.3,134,1013.0,20,12.3,13.8,343.0,23.7,54.0,7.3
2026-01-26 03:00:00,2026,1,26,3,Hồ Chí Minh,Phường An Lạc,10.7381994,106.6148874,71,Moderate,1,22.6,88,0.0,7.3,126,1012.6,5,13.8,15.3,375.0,24.8,48.0,7.6
2026-01-26 04:00:00,2026,1,26,4,Hồ Chí Minh,Phường An Lạc,10.7381994,106.6148874,70,Moderate,1,22.4,90,0.0,7.3,106,1012.7,55,16.2,17.9,468.0,27.1,42.0,8.6
2026-01-26 05:00:00,2026,1,26,5,Hồ Chí Minh,Phường An Lạc,10.7381994,106.6148874,70,Moderate,1,22.0,91,0.0,7.6,83,1013.0,23,18.7,20.5,689.0,32.4,34.0,11.2
2026-01-26 06:00:00,2026,1,26,6,Hồ Chí Minh,Phường An Lạc,10.7381994,106.6148874,69,Moderate,1,21.9,91,0.0,6.3,93,1013.4,88,22.4,24.3,970.0,38.8,27.0,14.5
2026-01-26 07:00:00,2026,1,26,7,Hồ Chí Minh,Phường An Lạc,10.7381994,106.6148874,68,Moderate,1,22.2,87,0.0,5.9,90,1014.1,0,37.7,41.2,1126.0,42.1,25.0,16.4
2026-01-26 08:00:00,2026,1,26,8,Hồ Chí Minh,Phường An Lạc,10.7381994,106.6148874,68,Moderate,1,24.2,74,0.0,4.5,97,1015.1,0,32.9,36.6,1041.0,35.8,47.0,15.1
2026-01-26 09:00:00,2026,1,26,9,Hồ Chí Minh,Phường An Lạc,10.7381994,106.6148874,68,Moderate,1,26.6,63,0.0,4.3,107,1015.6,0,29.0,33.5,832.0,27.0,78.0,13.1
2026-01-26 10:00:00,2026,1,26,10,Hồ Chí Minh,Phường An Lạc,10.7381994,106.6148874,68,Moderate,1,28.9,53,0.0,3.7,113,1015.3,0,27.6,32.1,662.0,19.4,106.0,11.1
2026-01-26 11:00:00,2026,1,26,11,Hồ Chí Minh,Phường An Lạc,10.7381994,106.6148874,69,Moderate,1,30.9,42,0.0,3.8,65,1014.7,13,25.2,29.2,603.0,14.2,129.0,8.9
2026-01-26 12:00:00,2026,1,26,12,Hồ Chí Minh,Phường An Lạc,10.7381994,106.6148874,69,Moderate,1,32.2,36,0.0,5.3,55,1013.3,16,24.9,28.2,584.0,10.2,149.0,6.6
2026-01-26 13:00:00,2026,1,26,13,Hồ Chí Minh,Phường An Lạc,10.7381994,106.6148874,70,Moderate,1,32.2,35,0.0,5.1,54,1012.1,91,25.3,27.9,549.0,7.8,161.0,4.9
2026-01-26 14:00:00,2026,1,26,14,Hồ Chí Minh,Phường An Lạc,10.7381994,106.6148874,71,Moderate,1,33.1,31,0.0,5.1,48,1011.1,100,25.1,27.2,461.0,7.2,164.0,4.1
2026-01-26 15:00:00,2026,1,26,15,Hồ Chí Minh,Phường An Lạc,10.7381994,106.6148874,71,Moderate,1,32.7,32,0.0,2.7,98,1010.7,100,24.1,26.0,358.0,8.3,159.0,3.9
2026-01-26 16:00:00,2026,1,26,16,Hồ Chí Minh,Phường An Lạc,10.7381994,106.6148874,78,Moderate,1,29.3,51,0.0,16.1,162,1011.0,100,22.7,24.9,298.0,11.1,148.0,4.4
2026-01-26 17:00:00,2026,1,26,17,Hồ Chí Minh,Phường An Lạc,10.7381994,106.6148874,99,Moderate,1,27.1,57,0.0,15.6,159,1011.4,20,20.3,23.2,321.0,17.0,127.0,6.1
2026-01-26 18:00:00,2026,1,26,18,Hồ Chí Minh,Phường An Lạc,10.7381994,106.6148874,110,Unhealthy for Sensitive Groups,2,27.2,59,0.0,13.6,149,1011.6,5,21.5,23.4,388.0,24.7,100.0,8.5
2026-01-26 19:00:00,2026,1,26,19,Hồ Chí Minh,Phường An Lạc,10.7381994,106.6148874,108,Unhealthy for Sensitive Groups,2,25.8,68,0.0,13.7,146,1012.4,7,18.7,20.4,436.0,30.4,80.0,10.2
2026-01-26 20:00:00,2026,1,26,20,Hồ Chí Minh,Phường An Lạc,10.7381994,106.6148874,98,Moderate,1,25.1,70,0.0,11.6,132,1013.5,23,14.5,16.1,442.0,28.0,79.0,9.7
2026-01-26 21:00:00,2026,1,26,21,Hồ Chí Minh,Phường An Lạc,10.7381994,106.6148874,83,Moderate,1,24.5,74,0.0,12.3,134,1013.8,27,12.1,13.7,431.0,24.7,77.0,9.0
2026-01-26 22:00:00,2026,1,26,22,Hồ Chí Minh,Phường An Lạc,10.7381994,106.6148874,69,Moderate,1,24.0,73,0.0,14.8,131,1013.9,16,11.3,12.8,413.0,22.0,75.0,8.3
2026-01-26 23:00:00,2026,1,26,23,Hồ Chí Minh,Phường An Lạc,10.7381994,106.6148874,68,Moderate,1,23.7,76,0.0,12.3,130,1013.8,0,10.8,12.3,387.0,20.4,73.0,7.5
2026-01-27 00:00:00,2026,1,27,0,Hồ Chí Minh,Phường An Lạc,10.7381994,106.6148874,68,Moderate,1,23.4,77,0.0,11.5,120,1013.7,0,10.0,11.4,354.0,19.5,71.0,6.7
2026-01-27 01:00:00,2026,1,27,1,Hồ Chí Minh,Phường An Lạc,10.7381994,106.6148874,68,Moderate,1,23.1,80,0.0,9.6,116,1013.5,1,10.3,11.6,333.0,19.6,67.0,6.3
2026-01-27 02:00:00,2026,1,27,2,Hồ Chí Minh,Phường An Lạc,10.7381994,106.6148874,68,Moderate,1,22.8,83,0.0,8.0,128,1013.2,1,11.2,12.6,305.0,20.8,61.0,6.6
2026-01-27 03:00:00,2026,1,27,3,Hồ Chí Minh,Phường An Lạc,10.7381994,106.6148874,68,Moderate,1,22.5,84,0.0,6.5,138,1012.9,16,13.0,14.4,288.0,22.9,55.0,7.3
2026-01-27 04:00:00,2026,1,27,4,Hồ Chí Minh,Phường An Lạc,10.7381994,106.6148874,68,Moderate,1,22.2,85,0.0,6.8,148,1013.1,0,14.8,16.3,355.0,25.8,48.0,8.6
2026-01-27 05:00:00,2026,1,27,5,Hồ Chí Minh,Phường An Lạc,10.7381994,106.6148874,67,Moderate,1,22.1,86,0.0,5.4,110,1013.6,8,16.5,18.2,594.0,30.9,39.0,11.1
2026-01-27 06:00:00,2026,1,27,6,Hồ Chí Minh,Phường An Lạc,10.7381994,106.6148874,67,Moderate,1,22.0,85,0.0,5.1,94,1014.2,70,19.3,21.1,916.0,36.8,29.0,14.1
2026-01-27 07:00:00,2026,1,27,7,Hồ Chí Minh,Phường An Lạc,10.7381994,106.6148874,67,Moderate,1,22.8,80,0.0,5.2,63,1014.9,6,35.2,38.2,1128.0,43.9,25.0,16.9
2026-01-27 08:00:00,2026,1,27,8,Hồ Chí Minh,Phường An Lạc,10.7381994,106.6148874,67,Moderate,1,24.7,69,0.0,4.6,54,1015.8,7,27.6,30.9,1140.0,38.4,42.0,16.1
2026-01-27 09:00:00,2026,1,27,9,Hồ Chí Minh,Phường An Lạc,10.7381994,106.6148874,66,Moderate,1,26.8,61,0.0,5.6,33,1016.4,73,24.3,27.8,1042.0,30.7,66.0,14.8
2026-01-27 10:00:00,2026,1,27,10,Hồ Chí Minh,Phường An Lạc,10.7381994,106.6148874,66,Moderate,1,28.9,51,0.0,5.4,14,1016.0,91,22.6,25.7,912.0,23.8,92.0,13.5
2026-01-27 11:00:00,2026,1,27,11,Hồ Chí Minh,Phường An Lạc,10.7381994,106.6148874,65,Moderate,1,30.9,41,0.0,5.6,358,1015.1,100,21.1,23.0,746.0,18.3,120.0,11.9
2026-01-27 12:00:00,2026,1,27,12,Hồ Chí Minh,Phường An Lạc,10.7381994,106.6148874,65,Moderate,1,32.4,35,0.0,6.5,357,1014.0,91,21.1,22.4,549.0,13.5,150.0,10.2
2026-01-27 13:00:00,2026,1,27,13,Hồ Chí Minh,Phường An Lạc,10.7381994,106.6148874,65,Moderate,1,32.3,35,0.0,3.8,25,1012.8,27,22.9,24.0,413.0,10.5,172.0,9.0
2026-01-27 14:00:00,2026,1,27,14,Hồ Chí Minh,Phường An Lạc,10.7381994,106.6148874,64,Moderate,1,33.5,31,0.0,2.3,4,1011.8,22,24.0,25.0,391.0,9.3,185.0,8.7
2026-01-27 15:00:00,2026,1,27,15,Hồ Chí Minh,Phường An Lạc,10.7381994,106.6148874,64,Moderate,1,33.7,30,0.0,1.5,330,1011.1,38,25.0,26.1,431.0,9.9,189.0,8.9
2026-01-27 16:00:00,2026,1,27,16,Hồ Chí Minh,Phường An Lạc,10.7381994,106.6148874,83,Moderate,1,32.8,31,0.0,5.1,148,1011.0,52,25.1,26.2,463.0,12.6,182.0,9.4
2026-01-27 17:00:00,2026,1,27,17,Hồ Chí Minh,Phường An Lạc,10.7381994,106.6148874,112,Unhealthy for Sensitive Groups,2,28.3,56,0.0,19.5,151,1011.9,13,26.3,27.4,466.0,19.5,153.0,10.4
2026-01-27 18:00:00,2026,1,27,18,Hồ Chí Minh,Phường An Lạc,10.7381994,106.6148874,131,Unhealthy for Sensitive Groups,2,26.4,58,0.0,12.7,140,1012.5,6,26.5,29.3,462.0,28.5,112.0,11.8
2026-01-27 19:00:00,2026,1,27,19,Hồ Chí Minh,Phường An Lạc,10.7381994,106.6148874,135,Unhealthy for Sensitive Groups,2,26.5,66,0.0,14.8,137,1013.0,39,26.5,29.0,452.0,33.3,85.0,11.8
2026-01-27 20:00:00,2026,1,27,20,Hồ Chí Minh,Phường An Lạc,10.7381994,106.6148874,128,Unhealthy for Sensitive Groups,2,25.2,71,0.0,13.9,132,1013.8,9,19.8,22.1,431.0,31.1,81.0,11.2
2026-01-27 21:00:00,2026,1,27,21,Hồ Chí Minh,Phường An Lạc,10.7381994,106.6148874,113,Unhealthy for Sensitive Groups,2,24.5,77,0.0,13.2,124,1014.1,0,16.6,18.6,403.0,28.0,74.0,10.3
2026-01-27 22:00:00,2026,1,27,22,Hồ Chí Minh,Phường An Lạc,10.7381994,106.6148874,92,Moderate,1,24.1,81,0.0,12.5,130,1014.2,1,14.6,16.4,383.0,25.6,69.0,9.5
2026-01-27 23:00:00,2026,1,27,23,Hồ Chí Minh,Phường An Lạc,10.7381994,106.6148874,68,Moderate,1,23.8,82,0.0,11.6,126,1013.9,8,13.0,14.7,376.0,24.3,66.0,8.6
2026-01-28 00:00:00,2026,1,28,0,Hồ Chí Minh,Phường An Lạc,10.7381994,106.6148874,68,Moderate,1,23.5,82,0.0,11.2,122,1013.4,14,11.7,13.4,376.0,23.6,65.0,7.8
2026-01-28 01:00:00,2026,1,28,1,Hồ Chí Minh,Phường An Lạc,10.7381994,106.6148874,68,Moderate,1,23.2,85,0.0,8.6,121,1012.9,10,11.7,13.4,378.0,23.9,62.0,7.4
2026-01-28 02:00:00,2026,1,28,2,Hồ Chí Minh,Phường An Lạc,10.7381994,106.6148874,68,Moderate,1,23.0,85,0.0,6.3,90,1012.6,26,12.7,14.4,341.0,25.3,56.0,7.7
2026-01-28 03:00:00,2026,1,28,3,Hồ Chí Minh,Phường An Lạc,10.7381994,106.6148874,68,Moderate,1,22.8,87,0.0,5.8,90,1012.0,16,14.8,16.6,306.0,27.6,49.0,8.4
2026-01-28 04:00:00,2026,1,28,4,Hồ Chí Minh,Phường An Lạc,10.7381994,106.6148874,68,Moderate,1,22.5,89,0.0,2.5,82,1011.8,19,17.3,19.3,389.0,30.7,42.0,9.8
2026-01-28 05:00:00,2026,1,28,5,Hồ Chí Minh,Phường An Lạc,10.7381994,106.6148874,68,Moderate,1,22.2,90,0.0,2.9,22,1012.5,26,20.4,22.5,730.0,36.2,31.0,12.4
2026-01-28 06:00:00,2026,1,28,6,Hồ Chí Minh,Phường An Lạc,10.7381994,106.6148874,69,Moderate,1,22.0,90,0.0,1.9,319,1013.2,3,24.8,27.1,1190.0,42.4,20.0,15.6
2026-01-28 07:00:00,2026,1,28,7,Hồ Chí Minh,Phường An Lạc,10.7381994,106.6148874,69,Moderate,1,22.6,90,0.0,0.7,360,1013.9,9,42.6,46.0,1465.0,48.2,17.0,18.3
2026-01-28 08:00:00,2026,1,28,8,Hồ Chí Minh,Phường An Lạc,10.7381994,106.6148874,70,Moderate,1,24.8,77,0.0,0.9,53,1015.0,0,31.1,34.3,1382.0,42.5,37.0,17.4
2026-01-28 09:00:00,2026,1,28,9,Hồ Chí Minh,Phường An Lạc,10.7381994,106.6148874,70,Moderate,1,26.9,65,0.0,2.4,36,1015.5,0,26.0,29.5,1114.0,34.4,66.0,16.2
2026-01-28 10:00:00,2026,1,28,10,Hồ Chí Minh,Phường An Lạc,10.7381994,106.6148874,70,Moderate,1,28.9,52,0.0,2.6,16,1015.1,0,22.8,25.8,876.0,27.0,92.0,14.4
2026-01-28 11:00:00,2026,1,28,11,Hồ Chí Minh,Phường An Lạc,10.7381994,106.6148874,70,Moderate,1,30.8,41,0.0,2.5,360,1014.7,1,19.7,22.2,740.0,20.9,112.0,11.7
2026-01-28 12:00:00,2026,1,28,12,Hồ Chí Minh,Phường An Lạc,10.7381994,106.6148874,70,Moderate,1,32.3,34,0.0,2.2,9,1013.5,1,18.4,20.7,633.0,15.5,130.0,8.6
2026-01-28 13:00:00,2026,1,28,13,Hồ Chí Minh,Phường An Lạc,10.7381994,106.6148874,70,Moderate,1,32.2,33,0.0,1.9,41,1012.1,5,17.8,19.7,553.0,12.1,140.0,6.2
2026-01-28 14:00:00,2026,1,28,14,Hồ Chí Minh,Phường An Lạc,10.7381994,106.6148874,70,Moderate,1,34.0,28,0.0,1.1,90,1010.9,99,16.4,18.0,506.0,11.3,140.0,5.0
2026-01-28 15:00:00,2026,1,28,15,Hồ Chí Minh,Phường An Lạc,10.7381994,106.6148874,69,Moderate,1,34.5,26,0.0,0.6,342,1010.2,64,15.8,17.8,486.0,12.5,134.0,4.6
2026-01-28 16:00:00,2026,1,28,16,Hồ Chí Minh,Phường An Lạc,10.7381994,106.6148874,68,Moderate,1,33.1,28,0.0,6.3,182,1010.3,99,15.7,18.5,464.0,14.9,123.0,4.8
2026-01-28 17:00:00,2026,1,28,17,Hồ Chí Minh,Phường An Lạc,10.7381994,106.6148874,67,Moderate,1,28.1,59,0.0,20.4,154,1011.3,48,14.4,16.6,429.0,19.2,107.0,6.1
2026-01-28 18:00:00,2026,1,28,18,Hồ Chí Minh,Phường An Lạc,10.7381994,106.6148874,75,Moderate,1,27.1,61,0.0,11.8,142,1011.7,5,17.6,19.6,392.0,24.7,88.0,8.1
2026-01-28 19:00:00,2026,1,28,19,Hồ Chí Minh,Phường An Lạc,10.7381994,106.6148874,74,Moderate,1,26.4,66,0.0,13.2,146,1012.5,2,20.9,23.6,363.0,27.0,75.0,9.4
2026-01-28 20:00:00,2026,1,28,20,Hồ Chí Minh,Phường An Lạc,10.7381994,106.6148874,66,Moderate,1,25.5,74,0.0,10.5,156,1013.4,1,17.4,19.6,341.0,25.4,72.0,9.1
2026-01-28 21:00:00,2026,1,28,21,Hồ Chí Minh,Phường An Lạc,10.7381994,106.6148874,65,Moderate,1,25.0,76,0.0,12.2,151,1013.8,1,14.6,16.8,327.0,23.4,69.0,8.7
2026-01-28 22:00:00,2026,1,28,22,Hồ Chí Minh,Phường An Lạc,10.7381994,106.6148874,65,Moderate,1,24.5,77,0.0,12.0,140,1013.9,2,13.4,15.4,333.0,22.2,64.0,8.4
2026-01-28 23:00:00,2026,1,28,23,Hồ Chí Minh,Phường An Lạc,10.7381994,106.6148874,64,Moderate,1,24.2,79,0.0,9.9,134,1013.8,0,12.9,14.7,377.0,22.5,59.0,8.1
2026-01-29 00:00:00,2026,1,29,0,Hồ Chí Minh,Phường An Lạc,10.7381994,106.6148874,64,Moderate,1,23.9,79,0.0,6.9,105,1013.6,0,12.7,14.3,442.0,23.8,53.0,7.9
2026-01-29 01:00:00,2026,1,29,1,Hồ Chí Minh,Phường An Lạc,10.7381994,106.6148874,65,Moderate,1,23.8,81,0.0,4.5,88,1013.3,2,14.1,15.8,489.0,25.8,47.0,8.2
2026-01-29 02:00:00,2026,1,29,2,Hồ Chí Minh,Phường An Lạc,10.7381994,106.6148874,65,Moderate,1,23.6,81,0.0,0.4,270,1012.5,7,16.8,18.6,473.0,28.8,40.0,9.0
2026-01-29 03:00:00,2026,1,29,3,Hồ Chí Minh,Phường An Lạc,10.7381994,106.6148874,65,Moderate,1,23.2,83,0.0,1.1,261,1012.3,38,20.1,22.1,440.0,32.5,33.0,10.3
2026-01-29 04:00:00,2026,1,29,4,Hồ Chí Minh,Phường An Lạc,10.7381994,106.6148874,66,Moderate,1,22.9,85,0.0,0.7,180,1012.2,98,23.6,25.7,491.0,36.0,26.0,12.0
2026-01-29 05:00:00,2026,1,29,5,Hồ Chí Minh,Phường An Lạc,10.7381994,106.6148874,66,Moderate,1,22.5,88,0.0,1.2,207,1012.6,99,27.0,29.4,732.0,39.9,18.0,14.7
2026-01-29 06:00:00,2026,1,29,6,Hồ Chí Minh,Phường An Lạc,10.7381994,106.6148874,67,Moderate,1,22.1,90,0.0,1.7,328,1013.1,94,31.1,33.8,1058.0,43.6,10.0,17.7
2026-01-29 07:00:00,2026,1,29,7,Hồ Chí Minh,Phường An Lạc,10.7381994,106.6148874,67,Moderate,1,22.7,87,0.0,4.1,345,1013.8,97,46.1,50.3,1254.0,44.8,11.0,21.8
2026-01-29 08:00:00,2026,1,29,8,Hồ Chí Minh,Phường An Lạc,10.7381994,106.6148874,68,Moderate,1,25.2,72,0.0,4.4,12,1014.6,39,42.6,47.1,1205.0,40.8,30.0,21.6
2026-01-29 09:00:00,2026,1,29,9,Hồ Chí Minh,Phường An Lạc,10.7381994,106.6148874,69,Moderate,1,27.4,63,0.0,6.2,10,1014.9,41,38.9,44.4,1025.0,35.0,57.0,21.2
2026-01-29 10:00:00,2026,1,29,10,Hồ Chí Minh,Phường An Lạc,10.7381994,106.6148874,70,Moderate,1,29.6,52,0.0,5.4,14,1014.7,88,37.0,43.4,847.0,29.1,83.0,19.9
2026-01-29 11:00:00,2026,1,29,11,Hồ Chí Minh,Phường An Lạc,10.7381994,106.6148874,71,Moderate,1,31.6,43,0.0,5.5,17,1014.1,100,35.3,41.2,699.0,22.8,106.0,16.9
2026-01-29 12:00:00,2026,1,29,12,Hồ Chí Minh,Phường An Lạc,10.7381994,106.6148874,72,Moderate,1,32.5,38,0.0,5.0,15,1012.9,99,31.4,35.2,552.0,16.5,127.0,13.0
2026-01-29 13:00:00,2026,1,29,13,Hồ Chí Minh,Phường An Lạc,10.7381994,106.6148874,74,Moderate,1,32.3,38,0.0,2.8,27,1011.6,100,29.0,31.4,448.0,12.4,140.0,10.0
2026-01-29 14:00:00,2026,1,29,14,Hồ Chí Minh,Phường An Lạc,10.7381994,106.6148874,75,Moderate,1,32.2,38,0.0,2.2,180,1010.9,99,28.2,30.4,417.0,11.8,142.0,8.4
2026-01-29 15:00:00,2026,1,29,15,Hồ Chí Minh,Phường An Lạc,10.7381994,106.6148874,76,Moderate,1,31.8,39,0.0,5.4,188,1010.2,100,27.0,29.1,428.0,13.5,137.0,7.7
2026-01-29 16:00:00,2026,1,29,16,Hồ Chí Minh,Phường An Lạc,10.7381994,106.6148874,77,Moderate,1,31.1,45,0.0,10.4,182,1010.5,100,25.2,27.2,437.0,16.6,127.0,7.7
2026-01-29 17:00:00,2026,1,29,17,Hồ Chí Minh,Phường An Lạc,10.7381994,106.6148874,77,Moderate,1,28.8,57,0.0,14.9,165,1011.2,64,22.8,25.0,427.0,22.0,111.0,8.7
2026-01-29 18:00:00,2026,1,29,18,Hồ Chí Minh,Phường An Lạc,10.7381994,106.6148874,78,Moderate,1,27.5,58,0.0,13.5,151,1011.9,97,25.3,28.2,413.0,28.7,91.0,10.3
2026-01-29 19:00:00,2026,1,29,19,Hồ Chí Minh,Phường An Lạc,10.7381994,106.6148874,79,Moderate,1,26.6,62,0.0,13.8,143,1012.2,19,25.3,28.1,399.0,31.9,81.0,11.5
2026-01-29 20:00:00,2026,1,29,20,Hồ Chí Minh,Phường An Lạc,10.7381994,106.6148874,79,Moderate,1,25.8,67,0.0,12.7,141,1013.4,0,21.3,23.6,385.0,30.6,78.0,11.3
2026-01-29 21:00:00,2026,1,29,21,Hồ Chí Minh,Phường An Lạc,10.7381994,106.6148874,80,Moderate,1,24.9,73,0.0,12.6,132,1013.7,0,18.2,20.3,370.0,28.7,74.0,11.0
2026-01-29 22:00:00,2026,1,29,22,Hồ Chí Minh,Phường An Lạc,10.7381994,106.6148874,80,Moderate,1,24.4,76,0.0,12.0,135,1014.0,0,16.5,18.6,353.0,27.0,71.0,10.5
2026-01-29 23:00:00,2026,1,29,23,Hồ Chí Minh,Phường An Lạc,10.7381994,106.6148874,80,Moderate,1,24.0,78,0.0,11.0,138,1014.3,0,14.8,16.8,331.0,25.6,69.0,9.6
2026-01-30 00:00:00,2026,1,30,0,Hồ Chí Minh,Phường An Lạc,10.7381994,106.6148874,80,Moderate,1,23.8,78,0.0,11.2,132,1013.9,0,12.9,14.8,308.0,24.3,67.0,8.5
2026-01-30 01:00:00,2026,1,30,1,Hồ Chí Minh,Phường An Lạc,10.7381994,106.6148874,80,Moderate,1,23.5,78,0.0,10.2,135,1013.5,3,12.0,13.8,295.0,23.6,64.0,7.8
2026-01-30 02:00:00,2026,1,30,2,Hồ Chí Minh,Phường An Lạc,10.7381994,106.6148874,80,Moderate,1,23.2,79,0.0,8.0,136,1012.9,4,11.8,13.6,269.0,23.1,61.0,7.5
2026-01-30 03:00:00,2026,1,30,3,Hồ Chí Minh,Phường An Lạc,10.7381994,106.6148874,80,Moderate,1,23.0,81,0.0,5.0,150,1012.9,71,12.3,14.0,253.0,23.1,57.0,7.5
2026-01-30 04:00:00,2026,1,30,4,Hồ Chí Minh,Phường An Lạc,10.7381994,106.6148874,79,Moderate,1,22.6,84,0.0,2.4,153,1013.2,98,13.4,15.1,328.0,24.7,53.0,8.4
2026-01-30 05:00:00,2026,1,30,5,Hồ Chí Minh,Phường An Lạc,10.7381994,106.6148874,78,Moderate,1,22.5,85,0.0,5.0,131,1013.6,99,15.5,17.4,589.0,30.0,45.0,10.9
2026-01-30 06:00:00,2026,1,30,6,Hồ Chí Minh,Phường An Lạc,10.7381994,106.6148874,77,Moderate,1,22.4,86,0.0,6.3,97,1014.2,100,19.1,21.1,940.0,36.9,36.0,14.3
2026-01-30 07:00:00,2026,1,30,7,Hồ Chí Minh,Phường An Lạc,10.7381994,106.6148874,76,Moderate,1,23.2,80,0.0,5.9,88,1014.5,99,23.0,24.7,1180.0,35.2,34.0,13.6
2026-01-30 08:00:00,2026,1,30,8,Hồ Chí Minh,Phường An Lạc,10.7381994,106.6148874,74,Moderate,1,25.0,68,0.0,4.5,76,1015.3,91,18.5,20.5,1211.0,31.1,50.0,13.0
2026-01-30 09:00:00,2026,1,30,9,Hồ Chí Minh,Phường An Lạc,10.7381994,106.6148874,72,Moderate,1,27.1,59,0.0,3.9,47,1015.7,100,17.9,20.3,1130.0,25.3,72.0,12.0
2026-01-30 10:00:00,2026,1,30,10,Hồ Chí Minh,Phường An Lạc,10.7381994,106.6148874,70,Moderate,1,29.2,51,0.0,3.5,62,1015.6,100,17.5,19.3,1022.0,20.3,94.0,11.1
2026-01-30 11:00:00,2026,1,30,11,Hồ Chí Minh,Phường An Lạc,10.7381994,106.6148874,68,Moderate,1,30.6,46,0.0,3.1,90,1014.9,100,17.1,18.2,899.0,16.6,114.0,10.1
2026-01-30 12:00:00,2026,1,30,12,Hồ Chí Minh,Phường An Lạc,10.7381994,106.6148874,67,Moderate,1,32.0,40,0.0,2.9,60,1013.9,93,18.6,19.7,749.0,13.6,133.0,9.0
2026-01-30 13:00:00,2026,1,30,13,Hồ Chí Minh,Phường An Lạc,10.7381994,106.6148874,66,Moderate,1,32.5,38,0.0,2.2,66,1012.6,100,22.0,23.2,616.0,11.9,149.0,8.4
2026-01-30 14:00:00,2026,1,30,14,Hồ Chí Minh,Phường An Lạc,10.7381994,106.6148874,65,Moderate,1,33.1,36,0.0,1.6,117,1011.7,100,23.9,25.1,511.0,11.5,163.0,8.4
2026-01-30 15:00:00,2026,1,30,15,Hồ Chí Minh,Phường An Lạc,10.7381994,106.6148874,65,Moderate,1,32.5,37,0.0,2.9,202,1011.1,86,24.9,26.1,424.0,12.4,173.0,8.8
2026-01-30 16:00:00,2026,1,30,16,Hồ Chí Minh,Phường An Lạc,10.7381994,106.6148874,68,Moderate,1,30.7,48,0.0,15.1,177,1011.3,95,24.9,26.1,371.0,15.0,171.0,9.4
2026-01-30 17:00:00,2026,1,30,17,Hồ Chí Minh,Phường An Lạc,10.7381994,106.6148874,94,Moderate,1,27.4,62,0.0,18.0,162,1011.8,60,24.0,25.3,370.0,21.1,149.0,10.4
2026-01-30 18:00:00,2026,1,30,18,Hồ Chí Minh,Phường An Lạc,10.7381994,106.6148874,110,Unhealthy for Sensitive Groups,2,27.5,62,0.0,11.3,133,1012.0,96,27.0,29.0,402.0,28.9,115.0,11.6
2026-01-30 19:00:00,2026,1,30,19,Hồ Chí Minh,Phường An Lạc,10.7381994,106.6148874,115,Unhealthy for Sensitive Groups,2,26.2,71,0.0,14.9,146,1012.8,100,20.9,23.2,429.0,27.3,87.0,10.4
2026-01-30 20:00:00,2026,1,30,20,Hồ Chí Minh,Phường An Lạc,10.7381994,106.6148874,109,Unhealthy for Sensitive Groups,2,25.1,80,0.0,12.0,140,1013.6,100,17.7,19.7,440.0,26.3,83.0,10.0
2026-01-30 21:00:00,2026,1,30,21,Hồ Chí Minh,Phường An Lạc,10.7381994,106.6148874,98,Moderate,1,24.9,80,0.0,12.1,133,1014.1,100,15.3,17.3,444.0,24.9,77.0,9.4
2026-01-30 22:00:00,2026,1,30,22,Hồ Chí Minh,Phường An Lạc,10.7381994,106.6148874,83,Moderate,1,24.5,82,0.0,10.5,142,1014.2,100,14.0,16.1,435.0,23.7,72.0,8.8
2026-01-30 23:00:00,2026,1,30,23,Hồ Chí Minh,Phường An Lạc,10.7381994,106.6148874,64,Moderate,1,24.2,84,0.0,9.6,139,1014.2,92,13.1,14.9,400.0,22.8,70.0,8.1
2026-01-31 00:00:00,2026,1,31,0,Hồ Chí Minh,Phường An Lạc,10.7381994,106.6148874,63,Moderate,1,23.9,81,0.0,10.3,137,1013.9,10,11.8,13.5,351.0,22.0,68.0,7.3
2026-01-31 01:00:00,2026,1,31,1,Hồ Chí Minh,Phường An Lạc,10.7381994,106.6148874,63,Moderate,1,23.7,82,0.0,11.2,138,1013.5,5,11.6,13.3,315.0,21.8,66.0,6.9
2026-01-31 02:00:00,2026,1,31,2,Hồ Chí Minh,Phường An Lạc,10.7381994,106.6148874,63,Moderate,1,23.5,83,0.0,9.7,130,1013.1,1,12.0,13.8,287.0,22.2,62.0,6.9
2026-01-31 03:00:00,2026,1,31,3,Hồ Chí Minh,Phường An Lạc,10.7381994,106.6148874,63,Moderate,1,23.2,85,0.0,7.8,136,1012.5,17,13.0,14.8,272.0,23.2,58.0,7.2
2026-01-31 04:00:00,2026,1,31,4,Hồ Chí Minh,Phường An Lạc,10.7381994,106.6148874,63,Moderate,1,23.0,86,0.0,5.6,132,1012.5,60,14.0,15.9,309.0,24.6,53.0,7.8
2026-01-31 05:00:00,2026,1,31,5,Hồ Chí Minh,Phường An Lạc,10.7381994,106.6148874,63,Moderate,1,22.8,87,0.0,6.0,123,1012.8,100,15.0,16.9,449.0,27.5,46.0,9.1
2026-01-31 06:00:00,2026,1,31,6,Hồ Chí Minh,Phường An Lạc,10.7381994,106.6148874,63,Moderate,1,22.6,88,0.0,6.3,103,1013.5,95,16.4,18.3,643.0,31.0,40.0,10.8
2026-01-31 07:00:00,2026,1,31,7,Hồ Chí Minh,Phường An Lạc,10.7381994,106.6148874,63,Moderate,1,23.5,84,0.0,7.1,100,1014.0,96,24.4,27.0,777.0,33.9,39.0,12.3
2026-01-31 08:00:00,2026,1,31,8,Hồ Chí Minh,Phường An Lạc,10.7381994,106.6148874,63,Moderate,1,25.4,71,0.0,6.7,85,1014.9,92,22.9,25.3,802.0,29.6,53.0,11.8
2026-01-31 09:00:00,2026,1,31,9,Hồ Chí Minh,Phường An Lạc,10.7381994,106.6148874,63,Moderate,1,27.5,62,0.0,5.8,83,1015.5,97,22.0,24.3,767.0,23.5,74.0,11.1
2026-01-31 10:00:00,2026,1,31,10,Hồ Chí Minh,Phường An Lạc,10.7381994,106.6148874,64,Moderate,1,29.8,54,0.0,5.5,77,1015.3,94,22.3,24.2,716.0,17.9,96.0,10.2
2026-01-31 11:00:00,2026,1,31,11,Hồ Chí Minh,Phường An Lạc,10.7381994,106.6148874,64,Moderate,1,31.8,45,0.0,6.4,58,1014.8,100,23.5,25.4,650.0,13.3,122.0,8.9
2026-01-31 12:00:00,2026,1,31,12,Hồ Chí Minh,Phường An Lạc,10.7381994,106.6148874,65,Moderate,1,33.1,39,0.0,6.8,53,1013.7,100,27.8,29.9,568.0,9.2,150.0,7.5
2026-01-31 13:00:00,2026,1,31,13,Hồ Chí Minh,Phường An Lạc,10.7381994,106.6148874,66,Moderate,1,33.2,36,0.0,6.8,22,1012.8,95,31.4,33.4,500.0,6.6,170.0,6.4
2026-01-31 14:00:00,2026,1,31,14,Hồ Chí Minh,Phường An Lạc,10.7381994,106.6148874,66,Moderate,1,33.2,35,0.0,4.9,358,1011.9,100,31.9,33.8,459.0,5.6,180.0,5.9
2026-01-31 15:00:00,2026,1,31,15,Hồ Chí Minh,Phường An Lạc,10.7381994,106.6148874,67,Moderate,1,33.8,32,0.0,1.5,159,1011.1,100,31.8,33.5,434.0,6.1,183.0,5.7
2026-01-31 16:00:00,2026,1,31,16,Hồ Chí Minh,Phường An Lạc,10.7381994,106.6148874,85,Moderate,1,31.6,41,0.0,13.3,182,1011.1,100,30.6,32.4,419.0,8.9,176.0,6.2
2026-01-31 17:00:00,2026,1,31,17,Hồ Chí Minh,Phường An Lạc,10.7381994,106.6148874,111,Unhealthy for Sensitive Groups,2,28.4,48,0.0,17.7,174,1011.9,100,31.4,33.2,417.0,16.2,151.0,7.8
2026-01-31 18:00:00,2026,1,31,18,Hồ Chí Minh,Phường An Lạc,10.7381994,106.6148874,128,Unhealthy for Sensitive Groups,2,28.6,47,0.0,11.8,149,1012.3,94,29.9,32.0,427.0,25.8,116.0,9.9
2026-01-31 19:00:00,2026,1,31,19,Hồ Chí Minh,Phường An Lạc,10.7381994,106.6148874,132,Unhealthy for Sensitive Groups,2,26.5,67,0.0,14.5,163,1012.7,39,22.7,25.5,436.0,26.1,96.0,10.2
2026-01-31 20:00:00,2026,1,31,20,Hồ Chí Minh,Phường An Lạc,10.7381994,106.6148874,126,Unhealthy for Sensitive Groups,2,25.7,68,0.0,12.9,147,1013.5,87,18.0,20.5,445.0,25.1,92.0,9.9
2026-01-31 21:00:00,2026,1,31,21,Hồ Chí Minh,Phường An Lạc,10.7381994,106.6148874,114,Unhealthy for Sensitive Groups,2,25.0,74,0.0,12.0,144,1013.8,21,15.3,17.6,454.0,23.9,86.0,9.4
2026-01-31 22:00:00,2026,1,31,22,Hồ Chí Minh,Phường An Lạc,10.7381994,106.6148874,96,Moderate,1,24.6,73,0.0,10.7,140,1013.7,65,14.3,16.6,451.0,23.3,79.0,9.0
2026-01-31 23:00:00,2026,1,31,23,Hồ Chí Minh,Phường An Lạc,10.7381994,106.6148874,75,Moderate,1,24.4,72,0.0,9.1,120,1013.9,88,14.1,16.3,425.0,23.9,72.0,8.6
2026-02-01 00:00:00,2026,2,1,0,Hồ Chí Minh,Phường An Lạc,10.7381994,106.6148874,70,Moderate,1,23.9,75,0.0,7.8,127,1013.7,100,13.7,15.9,388.0,25.2,65.0,8.2
2026-02-01 01:00:00,2026,2,1,1,Hồ Chí Minh,Phường An Lạc,10.7381994,106.6148874,70,Moderate,1,23.4,82,0.0,6.1,133,1012.9,89,14.2,16.4,363.0,26.8,58.0,8.3
2026-02-01 02:00:00,2026,2,1,2,Hồ Chí Minh,Phường An Lạc,10.7381994,106.6148874,70,Moderate,1,23.1,85,0.0,4.4,125,1012.2,78,15.2,17.4,322.0,28.5,52.0,8.9
2026-02-01 03:00:00,2026,2,1,3,Hồ Chí Minh,Phường An Lạc,10.7381994,106.6148874,70,Moderate,1,22.9,87,0.0,2.0,95,1012.1,93,16.7,19.1,293.0,30.5,45.0,10.0
2026-02-01 04:00:00,2026,2,1,4,Hồ Chí Minh,Phường An Lạc,10.7381994,106.6148874,71,Moderate,1,22.6,88,0.0,1.3,106,1011.9,100,19.4,21.9,388.0,33.0,39.0,11.3
2026-02-01 05:00:00,2026,2,1,5,Hồ Chí Minh,Phường An Lạc,10.7381994,106.6148874,71,Moderate,1,22.3,90,0.0,1.2,153,1012.4,100,23.2,26.1,758.0,37.4,29.0,13.3
2026-02-01 06:00:00,2026,2,1,6,Hồ Chí Minh,Phường An Lạc,10.7381994,106.6148874,72,Moderate,1,22.0,92,0.0,0.6,124,1013.1,100,28.4,31.8,1252.0,42.4,19.0,15.7
2026-02-01 07:00:00,2026,2,1,7,Hồ Chí Minh,Phường An Lạc,10.7381994,106.6148874,73,Moderate,1,22.5,92,0.0,4.4,81,1014.5,100,43.9,48.9,1526.0,42.6,19.0,16.4
2026-02-01 08:00:00,2026,2,1,8,Hồ Chí Minh,Phường An Lạc,10.7381994,106.6148874,75,Moderate,1,24.7,76,0.0,4.3,33,1015.4,98,38.0,41.8,1370.0,37.7,43.0,15.7
2026-02-01 09:00:00,2026,2,1,9,Hồ Chí Minh,Phường An Lạc,10.7381994,106.6148874,76,Moderate,1,27.0,52,0.0,6.6,11,1015.9,23,30.9,34.9,994.0,30.8,77.0,14.7
2026-02-01 10:00:00,2026,2,1,10,Hồ Chí Minh,Phường An Lạc,10.7381994,106.6148874,77,Moderate,1,29.0,40,0.0,5.6,7,1015.6,78,25.7,29.1,688.0,24.2,107.0,13.2
2026-02-01 11:00:00,2026,2,1,11,Hồ Chí Minh,Phường An Lạc,10.7381994,106.6148874,77,Moderate,1,31.0,33,0.0,4.6,18,1015.0,70,21.9,25.0,566.0,18.3,128.0,10.9
2026-02-01 12:00:00,2026,2,1,12,Hồ Chí Minh,Phường An Lạc,10.7381994,106.6148874,77,Moderate,1,32.6,28,0.0,4.7,43,1013.8,100,18.9,22.1,515.0,12.6,144.0,8.1
2026-02-01 13:00:00,2026,2,1,13,Hồ Chí Minh,Phường An Lạc,10.7381994,106.6148874,76,Moderate,1,32.7,28,0.0,4.6,51,1012.9,100,16.6,19.7,483.0,8.7,154.0,5.9
2026-02-01 14:00:00,2026,2,1,14,Hồ Chí Minh,Phường An Lạc,10.7381994,106.6148874,75,Moderate,1,33.8,25,0.0,4.8,75,1011.9,85,14.8,17.8,459.0,6.6,156.0,4.6
2026-02-01 15:00:00,2026,2,1,15,Hồ Chí Minh,Phường An Lạc,10.7381994,106.6148874,73,Moderate,1,33.8,25,0.0,6.6,77,1011.1,85,13.3,16.2,454.0,6.1,151.0,3.8
2026-02-01 16:00:00,2026,2,1,16,Hồ Chí Minh,Phường An Lạc,10.7381994,106.6148874,72,Moderate,1,33.5,26,0.0,7.5,98,1010.9,90,11.8,14.6,453.0,8.3,141.0,4.0
2026-02-01 17:00:00,2026,2,1,17,Hồ Chí Minh,Phường An Lạc,10.7381994,106.6148874,92,Moderate,1,31.1,35,0.0,13.0,153,1011.4,97,12.8,15.4,453.0,15.4,121.0,5.8
2026-02-01 18:00:00,2026,2,1,18,Hồ Chí Minh,Phường An Lạc,10.7381994,106.6148874,101,Unhealthy for Sensitive Groups,2,27.8,47,0.0,14.1,176,1012.1,99,19.0,22.2,457.0,25.1,96.0,8.6
2026-02-01 19:00:00,2026,2,1,19,Hồ Chí Minh,Phường An Lạc,10.7381994,106.6148874,99,Moderate,1,26.7,60,0.0,9.7,168,1013.0,34,20.0,22.1,459.0,32.7,79.0,11.5
2026-02-01 20:00:00,2026,2,1,20,Hồ Chí Minh,Phường An Lạc,10.7381994,106.6148874,88,Moderate,1,25.4,69,0.0,9.5,170,1013.6,0,17.6,19.9,456.0,30.9,76.0,11.2
2026-02-01 21:00:00,2026,2,1,21,Hồ Chí Minh,Phường An Lạc,10.7381994,106.6148874,74,Moderate,1,24.8,77,0.0,9.4,167,1013.9,0,16.6,18.7,451.0,28.4,72.0,10.8
2026-02-01 22:00:00,2026,2,1,22,Hồ Chí Minh,Phường An Lạc,10.7381994,106.6148874,67,Moderate,1,24.2,81,0.0,9.5,155,1013.5,0,16.4,18.5,442.0,27.1,67.0,10.5
2026-02-01 23:00:00,2026,2,1,23,Hồ Chí Minh,Phường An Lạc,10.7381994,106.6148874,67,Moderate,1,24.0,83,0.0,6.2,131,1013.3,60,16.4,18.6,419.0,27.7,60.0,10.4
2026-02-02 00:00:00,2026,2,2,0,Hồ Chí Minh,Phường An Lạc,10.7381994,106.6148874,67,Moderate,1,23.8,84,0.0,7.0,116,1013.6,81,16.6,18.9,393.0,29.4,53.0,10.4
2026-02-02 01:00:00,2026,2,2,1,Hồ Chí Minh,Phường An Lạc,10.7381994,106.6148874,68,Moderate,1,23.5,84,0.0,5.8,129,1013.2,95,18.7,20.9,397.0,31.4,45.0,10.5
2026-02-02 02:00:00,2026,2,2,2,Hồ Chí Minh,Phường An Lạc,10.7381994,106.6148874,68,Moderate,1,23.2,84,0.0,5.6,117,1013.0,100,21.6,23.9,430.0,33.7,37.0,10.4
2026-02-02 03:00:00,2026,2,2,3,Hồ Chí Minh,Phường An Lạc,10.7381994,106.6148874,69,Moderate,1,23.1,83,0.0,3.8,31,1012.9,83,25.6,28.1,492.0,36.3,28.0,10.5
2026-02-02 04:00:00,2026,2,2,4,Hồ Chí Minh,Phường An Lạc,10.7381994,106.6148874,70,Moderate,1,22.8,86,0.0,5.9,329,1013.0,97,28.8,30.9,624.0,38.6,22.0,11.1
2026-02-02 05:00:00,2026,2,2,5,Hồ Chí Minh,Phường An Lạc,10.7381994,106.6148874,70,Moderate,1,22.3,89,0.0,6.1,341,1013.6,93,30.0,32.0,918.0,41.1,16.0,13.2
2026-02-02 06:00:00,2026,2,2,6,Hồ Chí Minh,Phường An Lạc,10.7381994,106.6148874,71,Moderate,1,21.8,93,0.0,6.4,352,1013.8,97,31.7,33.8,1281.0,43.2,13.0,16.0
2026-02-02 07:00:00,2026,2,2,7,Hồ Chí Minh,Phường An Lạc,10.7381994,106.6148874,71,Moderate,1,22.0,93,0.0,5.5,11,1014.9,90,38.2,41.4,1472.0,39.6,21.0,15.2
2026-02-02 08:00:00,2026,2,2,8,Hồ Chí Minh,Phường An Lạc,10.7381994,106.6148874,71,Moderate,1,24.5,69,0.0,4.9,2,1015.4,91,33.8,36.6,1338.0,34.1,48.0,14.1
2026-02-02 09:00:00,2026,2,2,9,Hồ Chí Minh,Phường An Lạc,10.7381994,106.6148874,70,Moderate,1,27.0,52,0.0,4.9,2,1015.6,100,26.0,28.4,1033.0,26.3,86.0,12.5
2026-02-02 10:00:00,2026,2,2,10,Hồ Chí Minh,Phường An Lạc,10.7381994,106.6148874,70,Moderate,1,29.3,44,0.0,3.6,37,1015.0,92,21.7,23.7,773.0,19.2,116.0,10.6
2026-02-02 11:00:00,2026,2,2,11,Hồ Chí Minh,Phường An Lạc,10.7381994,106.6148874,70,Moderate,1,31.2,38,0.0,4.3,90,1014.4,84,17.9,19.7,642.0,13.6,131.0,8.2
2026-02-02 12:00:00,2026,2,2,12,Hồ Chí Minh,Phường An Lạc,10.7381994,106.6148874,69,Moderate,1,32.5,34,0.0,5.9,108,1013.3,91,13.7,15.4,556.0,8.8,137.0,5.5
2026-02-02 13:00:00,2026,2,2,13,Hồ Chí Minh,Phường An Lạc,10.7381994,106.6148874,69,Moderate,1,32.8,31,0.0,6.7,99,1012.4,97,10.6,12.2,482.0,5.6,139.0,3.5
2026-02-02 14:00:00,2026,2,2,14,Hồ Chí Minh,Phường An Lạc,10.7381994,106.6148874,68,Moderate,1,33.5,28,0.0,10.7,98,1011.2,91,8.5,10.0,403.0,4.1,136.0,2.5
2026-02-02 15:00:00,2026,2,2,15,Hồ Chí Minh,Phường An Lạc,10.7381994,106.6148874,68,Moderate,1,33.5,27,0.0,14.0,91,1010.5,87,7.2,8.3,336.0,4.2,128.0,2.2
2026-02-02 16:00:00,2026,2,2,16,Hồ Chí Minh,Phường An Lạc,10.7381994,106.6148874,67,Moderate,1,32.2,35,0.0,13.6,127,1010.3,73,6.8,7.9,303.0,6.7,118.0,2.8
2026-02-02 17:00:00,2026,2,2,17,Hồ Chí Minh,Phường An Lạc,10.7381994,106.6148874,77,Moderate,1,28.7,55,0.0,15.9,164,1011.0,80,9.8,11.4,324.0,13.4,105.0,4.8
2026-02-02 18:00:00,2026,2,2,18,Hồ Chí Minh,Phường An Lạc,10.7381994,106.6148874,81,Moderate,1,27.7,58,0.0,13.2,163,1011.5,3,17.8,19.8,379.0,22.4,90.0,7.7
2026-02-02 19:00:00,2026,2,2,19,Hồ Chí Minh,Phường An Lạc,10.7381994,106.6148874,76,Moderate,1,26.1,65,0.0,15.2,175,1012.4,3,21.9,24.6,426.0,30.7,82.0,10.6
2026-02-02 20:00:00,2026,2,2,20,Hồ Chí Minh,Phường An Lạc,10.7381994,106.6148874,66,Moderate,1,25.5,74,0.0,13.2,175,1013.0,2,19.7,22.4,446.0,29.1,77.0,10.6
2026-02-02 21:00:00,2026,2,2,21,Hồ Chí Minh,Phường An Lạc,10.7381994,106.6148874,67,Moderate,1,25.0,78,0.0,7.0,170,1013.6,19,17.6,19.9,458.0,27.1,69.0,10.6
2026-02-02 22:00:00,2026,2,2,22,Hồ Chí Minh,Phường An Lạc,10.7381994,106.6148874,67,Moderate,1,24.8,80,0.0,6.4,198,1013.4,1,17.3,19.4,479.0,26.7,60.0,10.7
2026-02-02 23:00:00,2026,2,2,23,Hồ Chí Minh,Phường An Lạc,10.7381994,106.6148874,67,Moderate,1,24.6,81,0.0,5.1,184,1013.7,9,20.1,21.9,522.0,29.4,49.0,10.9
2026-02-03 00:00:00,2026,2,3,0,Hồ Chí Minh,Phường An Lạc,10.7381994,106.6148874,67,Moderate,1,24.6,82,0.0,0.3,315,1013.7,22,22.7,24.4,574.0,33.6,38.0,11.3
2026-02-03 01:00:00,2026,2,3,1,Hồ Chí Minh,Phường An Lạc,10.7381994,106.6148874,68,Moderate,1,24.6,82,0.0,5.3,327,1013.7,97,22.5,24.2,612.0,37.2,28.0,11.7
2026-02-03 02:00:00,2026,2,3,2,Hồ Chí Minh,Phường An Lạc,10.7381994,106.6148874,68,Moderate,1,24.5,81,0.0,6.2,330,1013.1,98,22.4,23.9,618.0,38.9,22.0,12.0
2026-02-03 03:00:00,2026,2,3,3,Hồ Chí Minh,Phường An Lạc,10.7381994,106.6148874,68,Moderate,1,24.5,80,0.0,5.1,333,1013.1,100,22.8,24.3,610.0,39.9,18.0,12.4
2026-02-03 04:00:00,2026,2,3,4,Hồ Chí Minh,Phường An Lạc,10.7381994,106.6148874,68,Moderate,1,24.5,77,0.0,5.8,324,1013.0,100,23.9,25.3,625.0,41.2,15.0,13.7
2026-02-03 05:00:00,2026,2,3,5,Hồ Chí Minh,Phường An Lạc,10.7381994,106.6148874,67,Moderate,1,24.6,73,0.0,4.9,327,1013.2,100,25.7,27.1,703.0,43.5,12.0,16.7
2026-02-03 06:00:00,2026,2,3,6,Hồ Chí Minh,Phường An Lạc,10.7381994,106.6148874,67,Moderate,1,24.8,70,0.0,5.4,346,1013.5,100,28.9,30.3,803.0,46.2,11.0,20.6
2026-02-03 07:00:00,2026,2,3,7,Hồ Chí Minh,Phường An Lạc,10.7381994,106.6148874,67,Moderate,1,25.2,66,0.0,2.7,23,1014.5,99,39.8,42.0,841.0,45.1,18.0,23.7
2026-02-03 08:00:00,2026,2,3,8,Hồ Chí Minh,Phường An Lạc,10.7381994,106.6148874,67,Moderate,1,26.4,62,0.0,3.3,112,1015.3,69,31.7,34.0,760.0,42.8,32.0,22.8
2026-02-03 09:00:00,2026,2,3,9,Hồ Chí Minh,Phường An Lạc,10.7381994,106.6148874,67,Moderate,1,27.9,61,0.0,5.5,153,1015.9,40,28.3,31.2,615.0,39.3,52.0,21.5
2026-02-03 10:00:00,2026,2,3,10,Hồ Chí Minh,Phường An Lạc,10.7381994,106.6148874,67,Moderate,1,29.4,57,0.0,7.1,161,1015.5,36,25.3,28.5,490.0,34.7,71.0,19.2
2026-02-03 11:00:00,2026,2,3,11,Hồ Chí Minh,Phường An Lạc,10.7381994,106.6148874,67,Moderate,1,31.0,49,0.0,6.3,160,1014.8,6,21.0,24.1,410.0,27.8,89.0,15.2
2026-02-03 12:00:00,2026,2,3,12,Hồ Chí Minh,Phường An Lạc,10.7381994,106.6148874,68,Moderate,1,32.5,42,0.0,6.8,140,1013.7,41,17.9,21.0,349.0,19.7,107.0,10.3
2026-02-03 13:00:00,2026,2,3,13,Hồ Chí Minh,Phường An Lạc,10.7381994,106.6148874,68,Moderate,1,32.5,43,0.0,8.6,120,1012.8,13,14.6,17.3,309.0,13.7,118.0,6.5
2026-02-03 14:00:00,2026,2,3,14,Hồ Chí Minh,Phường An Lạc,10.7381994,106.6148874,68,Moderate,1,33.0,41,0.0,9.8,108,1011.6,7,12.5,14.9,290.0,10.1,122.0,4.4
2026-02-03 15:00:00,2026,2,3,15,Hồ Chí Minh,Phường An Lạc,10.7381994,106.6148874,69,Moderate,1,33.3,40,0.0,12.7,106,1010.7,73,11.3,13.3,291.0,8.6,119.0,3.3
2026-02-03 16:00:00,2026,2,3,16,Hồ Chí Minh,Phường An Lạc,10.7381994,106.6148874,69,Moderate,1,32.3,42,0.0,12.4,124,1010.7,91,10.9,12.8,311.0,11.3,110.0,3.5
2026-02-03 17:00:00,2026,2,3,17,Hồ Chí Minh,Phường An Lạc,10.7381994,106.6148874,69,Moderate,1,31.0,49,0.0,9.6,139,1010.9,88,12.7,15.0,354.0,21.8,91.0,5.7
2026-02-03 18:00:00,2026,2,3,18,Hồ Chí Minh,Phường An Lạc,10.7381994,106.6148874,70,Moderate,1,30.0,54,0.0,4.9,172,1011.5,44,20.7,22.9,416.0,36.6,65.0,9.1
2026-02-03 19:00:00,2026,2,3,19,Hồ Chí Minh,Phường An Lạc,10.7381994,106.6148874,70,Moderate,1,28.5,66,0.0,6.2,218,1012.1,64,33.2,36.3,481.0,48.2,42.0,13.6
2026-02-03 20:00:00,2026,2,3,20,Hồ Chí Minh,Phường An Lạc,10.7381994,106.6148874,71,Moderate,1,27.9,69,0.0,5.1,219,1013.2,100,38.2,41.1,541.0,49.4,37.0,14.7
2026-02-03 21:00:00,2026,2,3,21,Hồ Chí Minh,Phường An Lạc,10.7381994,106.6148874,73,Moderate,1,27.3,72,0.0,5.2,205,1013.6,100,39.1,41.7,603.0,50.9,30.0,16.1
2026-02-03 22:00:00,2026,2,3,22,Hồ Chí Minh,Phường An Lạc,10.7381994,106.6148874,74,Moderate,1,26.9,73,0.0,3.7,209,1013.4,100,37.3,39.5,674.0,51.2,25.0,16.2
2026-02-03 23:00:00,2026,2,3,23,Hồ Chí Minh,Phường An Lạc,10.7381994,106.6148874,76,Moderate,1,26.4,75,0.0,4.8,200,1013.6,100,32.0,33.9,775.0,48.8,23.0,13.7
2026-02-04 00:00:00,2026,2,4,0,Hồ Chí Minh,Phường An Lạc,10.7381994,106.6148874,77,Moderate,1,25.6,78,0.0,3.4,254,1013.4,100,27.3,28.9,884.0,45.1,23.0,9.9
2026-02-04 01:00:00,2026,2,4,1,Hồ Chí Minh,Phường An Lạc,10.7381994,106.6148874,78,Moderate,1,24.7,83,0.0,5.0,249,1013.4,99,26.4,28.0,941.0,42.7,23.0,7.0
2026-02-04 02:00:00,2026,2,4,2,Hồ Chí Minh,Phường An Lạc,10.7381994,106.6148874,78,Moderate,1,24.6,83,0.0,4.2,230,1012.8,88,26.3,27.8,889.0,42.6,22.0,5.8
2026-02-04 03:00:00,2026,2,4,3,Hồ Chí Minh,Phường An Lạc,10.7381994,106.6148874,78,Moderate,1,24.3,84,0.0,3.7,227,1012.8,76,23.6,25.0,785.0,43.8,21.0,5.6
2026-02-04 04:00:00,2026,2,4,4,Hồ Chí Minh,Phường An Lạc,10.7381994,106.6148874,78,Moderate,1,24.0,86,0.0,4.0,252,1012.6,11,19.4,20.6,736.0,45.5,19.0,6.6
2026-02-04 05:00:00,2026,2,4,5,Hồ Chí Minh,Phường An Lạc,10.7381994,106.6148874,78,Moderate,1,23.8,87,0.0,3.6,261,1012.9,22,17.9,19.1,820.0,48.1,15.0,9.3
2026-02-04 06:00:00,2026,2,4,6,Hồ Chí Minh,Phường An Lạc,10.7381994,106.6148874,77,Moderate,1,23.7,84,0.0,4.6,309,1013.2,60,18.5,19.7,958.0,51.2,11.0,13.2
2026-02-04 07:00:00,2026,2,4,7,Hồ Chí Minh,Phường An Lạc,10.7381994,106.6148874,76,Moderate,1,24.1,76,0.0,5.5,337,1013.7,9,36.9,38.0,1026.0,45.2,19.0,12.9
2026-02-04 08:00:00,2026,2,4,8,Hồ Chí Minh,Phường An Lạc,10.7381994,106.6148874,76,Moderate,1,26.4,60,0.0,4.0,27,1014.6,0,18.2,19.2,956.0,40.4,37.0,12.5
2026-02-04 09:00:00,2026,2,4,9,Hồ Chí Minh,Phường An Lạc,10.7381994,106.6148874,75,Moderate,1,28.5,53,0.0,0.9,90,1015.0,1,15.2,16.4,814.0,33.7,63.0,12.0
2026-02-04 10:00:00,2026,2,4,10,Hồ Chí Minh,Phường An Lạc,10.7381994,106.6148874,74,Moderate,1,30.2,50,0.0,3.2,196,1014.9,45,15.4,16.5,680.0,28.3,88.0,11.8
2026-02-04 11:00:00,2026,2,4,11,Hồ Chí Minh,Phường An Lạc,10.7381994,106.6148874,73,Moderate,1,31.5,48,0.0,4.4,189,1013.9,28,16.5,17.5,571.0,25.4,109.0,12.2
2026-02-04 12:00:00,2026,2,4,12,Hồ Chí Minh,Phường An Lạc,10.7381994,106.6148874,73,Moderate,1,32.5,44,0.1,4.8,160,1012.9,17,17.0,17.8,468.0,23.8,129.0,12.8
2026-02-04 13:00:00,2026,2,4,13,Hồ Chí Minh,Phường An Lạc,10.7381994,106.6148874,72,Moderate,1,32.0,44,0.1,8.5,145,1012.1,79,16.9,17.2,394.0,22.8,143.0,13.0
2026-02-04 14:00:00,2026,2,4,14,Hồ Chí Minh,Phường An Lạc,10.7381994,106.6148874,73,Moderate,1,32.0,47,0.6,8.9,148,1011.0,96,17.9,18.3,362.0,21.7,149.0,12.2
2026-02-04 15:00:00,2026,2,4,15,Hồ Chí Minh,Phường An Lạc,10.7381994,106.6148874,73,Moderate,1,31.0,54,0.2,8.0,175,1010.6,95,17.5,18.0,358.0,21.2,149.0,11.0
2026-02-04 16:00:00,2026,2,4,16,Hồ Chí Minh,Phường An Lạc,10.7381994,106.6148874,74,Moderate,1,30.4,56,0.0,4.3,202,1010.8,100,21.9,22.6,370.0,22.6,142.0,10.4
2026-02-04 17:00:00,2026,2,4,17,Hồ Chí Minh,Phường An Lạc,10.7381994,106.6148874,75,Moderate,1,29.4,58,0.0,8.1,201,1011.0,100,19.4,20.3,402.0,27.8,123.0,11.1
2026-02-04 18:00:00,2026,2,4,18,Hồ Chí Minh,Phường An Lạc,10.7381994,106.6148874,86,Moderate,1,28.3,59,0.0,8.2,170,1011.9,100,22.4,24.6,449.0,34.8,98.0,12.4
2026-02-04 19:00:00,2026,2,4,19,Hồ Chí Minh,Phường An Lạc,10.7381994,106.6148874,88,Moderate,1,27.3,68,0.0,9.7,158,1012.5,100,29.9,32.7,481.0,35.0,78.0,12.8
2026-02-04 20:00:00,2026,2,4,20,Hồ Chí Minh,Phường An Lạc,10.7381994,106.6148874,82,Moderate,1,26.7,73,0.0,8.5,155,1013.1,100,26.3,28.6,485.0,33.0,75.0,12.5
2026-02-04 21:00:00,2026,2,4,21,Hồ Chí Minh,Phường An Lạc,10.7381994,106.6148874,74,Moderate,1,26.2,74,0.0,9.3,148,1013.3,100,22.2,24.3,475.0,30.3,71.0,12.0
2026-02-04 22:00:00,2026,2,4,22,Hồ Chí Minh,Phường An Lạc,10.7381994,106.6148874,73,Moderate,1,25.7,76,0.0,9.5,158,1013.4,100,19.5,21.7,454.0,28.2,67.0,11.4
2026-02-04 23:00:00,2026,2,4,23,Hồ Chí Minh,Phường An Lạc,10.7381994,106.6148874,71,Moderate,1,25.3,77,0.0,9.8,154,1013.4,100,17.1,19.0,415.0,27.2,64.0,10.6
2026-02-05 00:00:00,2026,2,5,0,Hồ Chí Minh,Phường An Lạc,10.7381994,106.6148874,70,Moderate,1,24.9,80,0.0,7.2,148,1013.2,100,15.0,16.8,366.0,27.0,60.0,9.6
2026-02-05 01:00:00,2026,2,5,1,Hồ Chí Minh,Phường An Lạc,10.7381994,106.6148874,69,Moderate,1,24.5,83,0.0,7.2,161,1012.5,100,14.2,15.9,340.0,27.3,56.0,9.1
2026-02-05 02:00:00,2026,2,5,2,Hồ Chí Minh,Phường An Lạc,10.7381994,106.6148874,67,Moderate,1,24.3,85,0.0,7.2,158,1012.3,99,14.6,16.3,341.0,28.3,51.0,9.2
2026-02-05 03:00:00,2026,2,5,3,Hồ Chí Minh,Phường An Lạc,10.7381994,106.6148874,66,Moderate,1,24.1,86,0.0,6.1,130,1011.8,99,15.7,17.5,364.0,30.0,45.0,9.8
2026-02-05 04:00:00,2026,2,5,4,Hồ Chí Minh,Phường An Lạc,10.7381994,106.6148874,66,Moderate,1,24.0,87,0.0,5.5,117,1011.8,100,17.6,19.5,437.0,32.2,39.0,10.8
2026-02-05 05:00:00,2026,2,5,5,Hồ Chí Minh,Phường An Lạc,10.7381994,106.6148874,66,Moderate,1,23.9,88,0.0,3.7,119,1012.1,100,20.3,22.4,595.0,35.9,32.0,12.5
2026-02-05 06:00:00,2026,2,5,6,Hồ Chí Minh,Phường An Lạc,10.7381994,106.6148874,66,Moderate,1,23.7,88,0.0,3.7,119,1012.5,100,23.4,25.6,802.0,40.2,25.0,14.6
2026-02-05 07:00:00,2026,2,5,7,Hồ Chí Minh,Phường An Lạc,10.7381994,106.6148874,66,Moderate,1,24.3,87,0.0,3.8,87,1013.0,100,34.9,38.3,971.0,42.7,23.0,15.8
2026-02-05 08:00:00,2026,2,5,8,Hồ Chí Minh,Phường An Lạc,10.7381994,106.6148874,66,Moderate,1,25.8,78,0.0,3.7,61,1013.9,91,28.9,32.9,1094.0,38.5,39.0,15.6
2026-02-05 09:00:00,2026,2,5,9,Hồ Chí Minh,Phường An Lạc,10.7381994,106.6148874,67,Moderate,1,27.8,70,0.0,3.2,56,1014.6,27,30.0,35.0,1179.0,32.6,62.0,15.4
2026-02-05 10:00:00,2026,2,5,10,Hồ Chí Minh,Phường An Lạc,10.7381994,106.6148874,68,Moderate,1,30.0,61,0.0,3.1,36,1014.3,29,31.5,36.8,1168.0,26.9,89.0,15.2
2026-02-05 11:00:00,2026,2,5,11,Hồ Chí Minh,Phường An Lạc,10.7381994,106.6148874,70,Moderate,1,31.5,52,0.1,4.5,14,1013.5,46,32.0,35.3,984.0,21.5,122.0,15.3
2026-02-05 12:00:00,2026,2,5,12,Hồ Chí Minh,Phường An Lạc,10.7381994,106.6148874,71,Moderate,1,32.5,47,0.1,6.1,360,1012.3,43,37.6,39.5,704.0,16.4,159.0,15.5
2026-02-05 13:00:00,2026,2,5,13,Hồ Chí Minh,Phường An Lạc,10.7381994,106.6148874,73,Moderate,1,31.4,52,0.2,4.6,342,1011.6,71,38.5,40.3,493.0,13.5,183.0,15.4
2026-02-05 14:00:00,2026,2,5,14,Hồ Chí Minh,Phường An Lạc,10.7381994,106.6148874,75,Moderate,1,31.6,52,0.1,6.7,354,1010.7,100,41.4,43.2,429.0,14.2,187.0,14.6
2026-02-05 15:00:00,2026,2,5,15,Hồ Chí Minh,Phường An Lạc,10.7381994,106.6148874,77,Moderate,1,32.0,50,0.0,0.0,270,1010.1,99,39.1,41.0,435.0,17.1,179.0,13.3
2026-02-05 16:00:00,2026,2,5,16,Hồ Chí Minh,Phường An Lạc,10.7381994,106.6148874,84,Moderate,1,27.9,72,0.4,15.2,169,1010.2,99,35.4,37.0,444.0,20.2,164.0,12.3
2026-02-05 17:00:00,2026,2,5,17,Hồ Chí Minh,Phường An Lạc,10.7381994,106.6148874,110,Unhealthy for Sensitive Groups,2,27.0,74,0.1,13.3,150,1010.4,99,27.1,30.7,434.0,23.5,140.0,11.6
2026-02-05 18:00:00,2026,2,5,18,Hồ Chí Minh,Phường An Lạc,10.7381994,106.6148874,127,Unhealthy for Sensitive Groups,2,27.2,72,0.0,12.0,145,1011.0,99,23.6,26.0,426.0,27.1,110.0,11.1
2026-02-05 19:00:00,2026,2,5,19,Hồ Chí Minh,Phường An Lạc,10.7381994,106.6148874,131,Unhealthy for Sensitive Groups,2,26.2,80,0.0,11.9,148,1011.7,98,19.2,21.2,419.0,27.2,85.0,9.2
2026-02-05 20:00:00,2026,2,5,20,Hồ Chí Minh,Phường An Lạc,10.7381994,106.6148874,123,Unhealthy for Sensitive Groups,2,25.8,80,0.0,10.6,140,1012.5,99,17.5,19.6,415.0,27.2,80.0,9.4
2026-02-05 21:00:00,2026,2,5,21,Hồ Chí Minh,Phường An Lạc,10.7381994,106.6148874,106,Unhealthy for Sensitive Groups,2,25.0,83,0.0,9.9,147,1012.9,95,16.4,18.7,412.0,27.1,72.0,9.7
2026-02-05 22:00:00,2026,2,5,22,Hồ Chí Minh,Phường An Lạc,10.7381994,106.6148874,83,Moderate,1,24.6,85,0.0,10.2,149,1012.8,99,16.3,18.6,402.0,26.9,66.0,9.8
2026-02-05 23:00:00,2026,2,5,23,Hồ Chí Minh,Phường An Lạc,10.7381994,106.6148874,78,Moderate,1,24.3,87,0.0,10.1,140,1012.7,100,15.7,17.9,377.0,26.4,63.0,9.4
2026-02-06 00:00:00,2026,2,6,0,Hồ Chí Minh,Phường An Lạc,10.7381994,106.6148874,78,Moderate,1,24.1,87,0.0,9.7,130,1012.5,100,14.4,16.6,344.0,25.8,60.0,8.7
2026-02-06 01:00:00,2026,2,6,1,Hồ Chí Minh,Phường An Lạc,10.7381994,106.6148874,78,Moderate,1,24.0,89,0.0,8.7,133,1012.1,100,13.6,15.8,320.0,25.5,58.0,8.2
2026-02-06 02:00:00,2026,2,6,2,Hồ Chí Minh,Phường An Lạc,10.7381994,106.6148874,78,Moderate,1,23.9,89,0.0,6.3,149,1011.6,98,13.4,15.5,301.0,25.5,55.0,8.1
2026-02-06 03:00:00,2026,2,6,3,Hồ Chí Minh,Phường An Lạc,10.7381994,106.6148874,78,Moderate,1,23.6,90,0.0,5.4,154,1011.3,92,13.5,15.8,290.0,25.7,52.0,8.2
2026-02-06 04:00:00,2026,2,6,4,Hồ Chí Minh,Phường An Lạc,10.7381994,106.6148874,78,Moderate,1,23.4,92,0.0,4.0,170,1011.4,100,13.9,16.2,315.0,26.5,49.0,8.7
2026-02-06 05:00:00,2026,2,6,5,Hồ Chí Minh,Phường An Lạc,10.7381994,106.6148874,77,Moderate,1,23.2,93,0.0,3.3,174,1011.7,96,14.5,16.8,418.0,28.7,45.0,9.8
2026-02-06 06:00:00,2026,2,6,6,Hồ Chí Minh,Phường An Lạc,10.7381994,106.6148874,77,Moderate,1,23.1,94,0.0,5.0,136,1012.1,63,15.7,18.1,558.0,31.3,41.0,11.3
2026-02-06 07:00:00,2026,2,6,7,Hồ Chí Minh,Phường An Lạc,10.7381994,106.6148874,76,Moderate,1,23.9,91,0.0,6.8,132,1012.9,98,19.7,22.7,636.0,34.3,37.0,12.1
2026-02-06 08:00:00,2026,2,6,8,Hồ Chí Minh,Phường An Lạc,10.7381994,106.6148874,75,Moderate,1,25.6,80,0.0,9.6,128,1013.7,100,18.6,22.1,590.0,30.1,49.0,11.3
2026-02-06 09:00:00,2026,2,6,9,Hồ Chí Minh,Phường An Lạc,10.7381994,106.6148874,74,Moderate,1,27.2,70,0.0,8.1,133,1014.3,100,18.8,22.7,483.0,24.3,67.0,10.1
2026-02-06 10:00:00,2026,2,6,10,Hồ Chí Minh,Phường An Lạc,10.7381994,106.6148874,73,Moderate,1,28.7,64,0.0,4.6,154,1013.8,98,20.8,25.2,401.0,19.3,86.0,9.2
2026-02-06 11:00:00,2026,2,6,11,Hồ Chí Minh,Phường An Lạc,10.7381994,106.6148874,72,Moderate,1,29.5,59,0.2,4.8,165,1013.2,100,22.8,25.6,387.0,16.0,107.0,8.7
2026-02-06 12:00:00,2026,2,6,12,Hồ Chí Minh,Phường An Lạc,10.7381994,106.6148874,71,Moderate,1,29.7,61,0.6,7.2,179,1012.3,100,24.5,26.7,399.0,13.7,130.0,8.3
2026-02-06 13:00:00,2026,2,6,13,Hồ Chí Minh,Phường An Lạc,10.7381994,106.6148874,70,Moderate,1,29.4,62,0.3,9.0,175,1011.3,100,25.3,27.3,401.0,12.3,146.0,8.1
2026-02-06 14:00:00,2026,2,6,14,Hồ Chí Minh,Phường An Lạc,10.7381994,106.6148874,69,Moderate,1,28.5,64,0.8,12.0,173,1010.6,95,25.3,28.0,374.0,11.9,152.0,7.8
2026-02-06 15:00:00,2026,2,6,15,Hồ Chí Minh,Phường An Lạc,10.7381994,106.6148874,67,Moderate,1,28.5,64,0.1,11.5,166,1009.8,71,24.6,28.1,338.0,12.5,151.0,7.7
2026-02-06 16:00:00,2026,2,6,16,Hồ Chí Minh,Phường An Lạc,10.7381994,106.6148874,66,Moderate,1,29.0,62,0.0,11.1,172,1009.3,41,26.8,30.7,315.0,14.2,144.0,7.8
2026-02-06 17:00:00,2026,2,6,17,Hồ Chí Minh,Phường An Lạc,10.7381994,106.6148874,76,Moderate,1,28.0,65,0.0,13.1,164,1009.7,37,21.5,24.6,320.0,17.8,127.0,8.4
2026-02-06 18:00:00,2026,2,6,18,Hồ Chí Minh,Phường An Lạc,10.7381994,106.6148874,88,Moderate,1,25.6,74,0.0,13.3,152,1010.1,41,19.4,21.9,340.0,22.4,102.0,9.4
2026-02-06 19:00:00,2026,2,6,19,Hồ Chí Minh,Phường An Lạc,10.7381994,106.6148874,92,Moderate,1,25.7,77,0.0,11.6,144,1010.7,97,22.3,25.6,352.0,27.1,81.0,10.2
2026-02-06 20:00:00,2026,2,6,20,Hồ Chí Minh,Phường An Lạc,10.7381994,106.6148874,86,Moderate,1,25.0,82,0.0,10.5,141,1011.9,43,18.5,21.7,351.0,27.2,75.0,10.4
2026-02-06 21:00:00,2026,2,6,21,Hồ Chí Minh,Phường An Lạc,10.7381994,106.6148874,75,Moderate,1,24.6,85,0.0,9.6,137,1012.4,20,17.2,20.7,343.0,27.2,67.0,10.7
2026-02-06 22:00:00,2026,2,6,22,Hồ Chí Minh,Phường An Lạc,10.7381994,106.6148874,65,Moderate,1,24.4,86,0.0,9.0,145,1012.6,20,17.1,20.4,329.0,27.0,61.0,10.7
2026-02-06 23:00:00,2026,2,6,23,Hồ Chí Minh,Phường An Lạc,10.7381994,106.6148874,65,Moderate,1,24.0,88,0.0,9.2,149,1012.5,85,16.5,19.7,306.0,26.1,59.0,10.1
2026-02-07 00:00:00,2026,2,7,0,Hồ Chí Minh,Phường An Lạc,10.7381994,106.6148874,65,Moderate,1,23.8,89,0.0,8.8,149,1012.5,100,14.8,17.8,278.0,25.0,60.0,9.2
2026-02-07 01:00:00,2026,2,7,1,Hồ Chí Minh,Phường An Lạc,10.7381994,106.6148874,65,Moderate,1,23.8,91,0.0,8.7,138,1011.9,100,13.8,16.7,255.0,24.3,59.0,8.5
2026-02-07 02:00:00,2026,2,7,2,Hồ Chí Minh,Phường An Lạc,10.7381994,106.6148874,65,Moderate,1,23.8,90,0.0,8.6,131,1011.7,100,13.4,16.2,235.0,24.3,56.0,8.3
2026-02-07 03:00:00,2026,2,7,3,Hồ Chí Minh,Phường An Lạc,10.7381994,106.6148874,65,Moderate,1,23.6,90,0.0,7.6,135,1011.5,93,13.5,16.2,222.0,24.7,53.0,8.4
2026-02-07 04:00:00,2026,2,7,4,Hồ Chí Minh,Phường An Lạc,10.7381994,106.6148874,65,Moderate,1,23.4,91,0.0,7.3,126,1011.2,100,13.6,16.4,235.0,25.7,50.0,8.7
2026-02-07 05:00:00,2026,2,7,5,Hồ Chí Minh,Phường An Lạc,10.7381994,106.6148874,65,Moderate,1,23.2,93,0.0,7.3,128,1011.5,100,13.6,16.5,302.0,28.0,46.0,9.6
2026-02-07 06:00:00,2026,2,7,6,Hồ Chí Minh,Phường An Lạc,10.7381994,106.6148874,65,Moderate,1,23.2,93,0.0,7.7,118,1012.0,98,16.8,20.1,397.0,30.9,42.0,10.8
2026-02-07 07:00:00,2026,2,7,7,Hồ Chí Minh,Phường An Lạc,10.7381994,106.6148874,65,Moderate,1,24.0,89,0.0,9.2,116,1012.8,39,15.3,17.9,455.0,31.4,43.0,10.8
2026-02-07 08:00:00,2026,2,7,8,Hồ Chí Minh,Phường An Lạc,10.7381994,106.6148874,65,Moderate,1,25.5,79,0.0,10.9,117,1013.8,66,15.0,17.7,438.0,27.9,50.0,10.0
2026-02-07 09:00:00,2026,2,7,9,Hồ Chí Minh,Phường An Lạc,10.7381994,106.6148874,64,Moderate,1,27.4,68,0.0,10.3,117,1014.4,100,14.8,17.7,385.0,23.0,62.0,9.0
2026-02-07 10:00:00,2026,2,7,10,Hồ Chí Minh,Phường An Lạc,10.7381994,106.6148874,64,Moderate,1,29.0,59,0.0,8.2,123,1014.0,100,16.3,19.8,354.0,19.1,75.0,8.1
2026-02-07 11:00:00,2026,2,7,11,Hồ Chí Minh,Phường An Lạc,10.7381994,106.6148874,64,Moderate,1,29.9,55,0.1,6.5,113,1013.0,99,18.2,20.1,376.0,17.2,93.0,7.5
2026-02-07 12:00:00,2026,2,7,12,Hồ Chí Minh,Phường An Lạc,10.7381994,106.6148874,63,Moderate,1,31.5,50,0.0,5.1,94,1011.8,100,24.7,26.2,419.0,16.3,113.0,7.2
2026-02-07 13:00:00,2026,2,7,13,Hồ Chí Minh,Phường An Lạc,10.7381994,106.6148874,63,Moderate,1,31.6,49,0.0,5.1,82,1010.7,88,27.6,29.2,445.0,16.2,129.0,7.0
2026-02-07 14:00:00,2026,2,7,14,Hồ Chí Minh,Phường An Lạc,10.7381994,106.6148874,64,Moderate,1,31.8,48,0.0,4.9,96,1009.3,41,29.2,30.9,435.0,16.6,139.0,7.1
2026-02-07 15:00:00,2026,2,7,15,Hồ Chí Minh,Phường An Lạc,10.7381994,106.6148874,64,Moderate,1,32.5,45,0.0,5.6,112,1008.3,13,29.7,31.2,408.0,17.6,145.0,7.4
2026-02-07 16:00:00,2026,2,7,16,Hồ Chí Minh,Phường An Lạc,10.7381994,106.6148874,64,Moderate,1,32.3,45,0.0,7.2,143,1007.7,95,29.3,30.9,387.0,19.7,143.0,7.9
2026-02-07 17:00:00,2026,2,7,17,Hồ Chí Minh,Phường An Lạc,10.7381994,106.6148874,65,Moderate,1,28.9,62,0.0,17.0,163,1007.9,100,27.4,28.9,384.0,24.1,127.0,9.0
2026-02-07 18:00:00,2026,2,7,18,Hồ Chí Minh,Phường An Lạc,10.7381994,106.6148874,72,Moderate,1,26.4,72,0.0,13.5,144,1008.7,99,26.8,28.1,387.0,29.4,103.0,10.4
2026-02-07 19:00:00,2026,2,7,19,Hồ Chí Minh,Phường An Lạc,10.7381994,106.6148874,78,Moderate,1,25.3,82,0.0,13.8,137,1009.8,4,32.1,35.4,387.0,34.9,84.0,12.0
2026-02-07 20:00:00,2026,2,7,20,Hồ Chí Minh,Phường An Lạc,10.7381994,106.6148874,76,Moderate,1,24.5,84,0.0,12.5,137,1010.8,3,22.8,25.4,384.0,30.6,84.0,10.8
2026-02-07 21:00:00,2026,2,7,21,Hồ Chí Minh,Phường An Lạc,10.7381994,106.6148874,69,Moderate,1,24.4,84,0.0,13.6,133,1011.2,1,16.5,18.8,378.0,24.8,83.0,9.2
2026-02-07 22:00:00,2026,2,7,22,Hồ Chí Minh,Phường An Lạc,10.7381994,106.6148874,67,Moderate,1,24.0,85,0.0,13.4,129,1011.4,2,13.0,15.3,363.0,20.2,82.0,7.8
2026-02-07 23:00:00,2026,2,7,23,Hồ Chí Minh,Phường An Lạc,10.7381994,106.6148874,67,Moderate,1,23.8,86,0.0,12.7,129,1011.3,2,11.1,13.2,330.0,18.1,79.0,6.7
2026-02-08 00:00:00,2026,2,8,0,Hồ Chí Minh,Phường An Lạc,10.7381994,106.6148874,66,Moderate,1,23.6,86,0.0,12.6,127,1011.3,27,10.1,12.1,288.0,17.4,76.0,5.8
2026-02-08 01:00:00,2026,2,8,1,Hồ Chí Minh,Phường An Lạc,10.7381994,106.6148874,66,Moderate,1,23.9,87,0.0,11.1,132,1010.7,28,9.8,11.8,256.0,17.4,72.0,5.4
2026-02-08 02:00:00,2026,2,8,2,Hồ Chí Minh,Phường An Lạc,10.7381994,106.6148874,65,Moderate,1,23.9,86,0.0,9.4,140,1010.2,78,9.9,11.9,239.0,18.0,67.0,5.5
2026-02-08 03:00:00,2026,2,8,3,Hồ Chí Minh,Phường An Lạc,10.7381994,106.6148874,65,Moderate,1,24.0,85,0.0,10.0,146,1009.7,52,10.6,12.6,233.0,19.3,62.0,5.9
2026-02-08 04:00:00,2026,2,8,4,Hồ Chí Minh,Phường An Lạc,10.7381994,106.6148874,65,Moderate,1,23.6,86,0.0,9.8,133,1010.0,22,11.8,13.9,246.0,21.4,56.0,6.9
2026-02-08 05:00:00,2026,2,8,5,Hồ Chí Minh,Phường An Lạc,10.7381994,106.6148874,65,Moderate,1,23.2,88,0.0,7.8,128,1010.7,30,13.5,15.6,287.0,25.4,48.0,8.9
2026-02-08 06:00:00,2026,2,8,6,Hồ Chí Minh,Phường An Lạc,10.7381994,106.6148874,65,Moderate,1,22.9,90,0.0,5.1,117,1011.5,44,15.8,18.0,348.0,30.3,39.0,11.4
2026-02-08 07:00:00,2026,2,8,7,Hồ Chí Minh,Phường An Lạc,10.7381994,106.6148874,64,Moderate,1,23.8,88,0.0,2.5,111,1012.8,23,21.1,24.6,414.0,30.7,42.0,11.4
2026-02-08 08:00:00,2026,2,8,8,Hồ Chí Minh,Phường An Lạc,10.7381994,106.6148874,65,Moderate,1,25.7,76,0.0,4.5,88,1013.5,35,19.7,23.8,494.0,27.5,54.0,10.3
2026-02-08 09:00:00,2026,2,8,9,Hồ Chí Minh,Phường An Lạc,10.7381994,106.6148874,65,Moderate,1,27.3,68,0.2,5.2,22,1014.3,27,19.6,22.2,578.0,23.0,72.0,8.9
2026-02-08 10:00:00,2026,2,8,10,Hồ Chí Minh,Phường An Lạc,10.7381994,106.6148874,66,Moderate,1,29.4,52,0.1,5.4,354,1014.0,9,22.6,24.3,624.0,18.6,92.0,7.6
2026-02-08 11:00:00,2026,2,8,11,Hồ Chí Minh,Phường An Lạc,10.7381994,106.6148874,66,Moderate,1,31.4,43,0.0,5.4,360,1013.0,3,24.4,26.1,604.0,14.5,117.0,6.8
2026-02-08 12:00:00,2026,2,8,12,Hồ Chí Minh,Phường An Lạc,10.7381994,106.6148874,67,Moderate,1,33.2,35,0.0,3.8,17,1011.7,1,23.7,25.2,545.0,10.6,144.0,6.3
2026-02-08 13:00:00,2026,2,8,13,Hồ Chí Minh,Phường An Lạc,10.7381994,106.6148874,67,Moderate,1,33.1,33,0.0,3.6,60,1010.8,0,22.8,24.2,491.0,8.2,161.0,5.8
2026-02-08 14:00:00,2026,2,8,14,Hồ Chí Minh,Phường An Lạc,10.7381994,106.6148874,66,Moderate,1,34.0,30,0.0,4.8,65,1009.8,0,21.1,22.5,449.0,7.8,163.0,5.2
2026-02-08 15:00:00,2026,2,8,15,Hồ Chí Minh,Phường An Lạc,10.7381994,106.6148874,66,Moderate,1,34.2,29,0.0,6.5,82,1009.1,0,18.9,20.3,411.0,8.9,155.0,4.7
2026-02-08 16:00:00,2026,2,8,16,Hồ Chí Minh,Phường An Lạc,10.7381994,106.6148874,70,Moderate,1,31.9,42,0.0,14.9,139,1009.2,18,16.2,17.9,399.0,11.2,142.0,4.8
2026-02-08 17:00:00,2026,2,8,17,Hồ Chí Minh,Phường An Lạc,10.7381994,106.6148874,89,Moderate,1,27.7,63,0.0,18.1,160,1010.1,2,14.5,16.9,435.0,15.6,123.0,6.0
2026-02-08 18:00:00,2026,2,8,18,Hồ Chí Minh,Phường An Lạc,10.7381994,106.6148874,100,Moderate,1,27.5,62,0.0,15.9,155,1010.7,2,15.2,17.1,497.0,21.2,100.0,7.8
2026-02-08 19:00:00,2026,2,8,19,Hồ Chí Minh,Phường An Lạc,10.7381994,106.6148874,102,Unhealthy for Sensitive Groups,2,26.9,63,0.0,13.9,153,1011.2,3,19.2,21.5,542.0,22.4,87.0,8.0
2026-02-08 20:00:00,2026,2,8,20,Hồ Chí Minh,Phường An Lạc,10.7381994,106.6148874,95,Moderate,1,26.2,69,0.0,9.8,142,1011.8,58,17.6,19.7,530.0,23.7,80.0,8.8
2026-02-08 21:00:00,2026,2,8,21,Hồ Chí Minh,Phường An Lạc,10.7381994,106.6148874,82,Moderate,1,25.9,72,0.0,9.8,128,1012.4,78,18.3,20.1,501.0,25.6,71.0,10.0
2026-02-08 22:00:00,2026,2,8,22,Hồ Chí Minh,Phường An Lạc,10.7381994,106.6148874,62,Moderate,1,25.4,74,0.0,7.7,90,1012.3,66,21.5,23.3,531.0,27.9,61.0,11.0
2026-02-08 23:00:00,2026,2,8,23,Hồ Chí Minh,Phường An Lạc,10.7381994,106.6148874,61,Moderate,1,25.1,75,0.0,6.0,93,1012.3,88,25.9,27.8,690.0,31.1,52.0,11.8
2026-02-09 00:00:00,2026,2,9,0,Hồ Chí Minh,Phường An Lạc,10.7381994,106.6148874,62,Moderate,1,25.0,75,0.0,5.2,76,1011.8,90,28.4,30.4,908.0,34.8,42.0,12.4
2026-02-09 01:00:00,2026,2,9,1,Hồ Chí Minh,Phường An Lạc,10.7381994,106.6148874,64,Moderate,1,25.0,78,0.0,4.9,6,1011.2,97,28.2,30.3,1054.0,37.0,35.0,12.5
2026-02-09 02:00:00,2026,2,9,2,Hồ Chí Minh,Phường An Lạc,10.7381994,106.6148874,65,Moderate,1,24.5,79,0.0,6.1,330,1010.7,84,25.5,27.5,1046.0,36.3,31.0,11.2
2026-02-09 03:00:00,2026,2,9,3,Hồ Chí Minh,Phường An Lạc,10.7381994,106.6148874,67,Moderate,1,23.9,76,0.0,4.4,322,1010.6,91,24.9,26.7,966.0,34.2,30.0,9.4
2026-02-09 04:00:00,2026,2,9,4,Hồ Chí Minh,Phường An Lạc,10.7381994,106.6148874,68,Moderate,1,23.2,71,0.0,5.2,331,1010.4,91,26.0,27.7,929.0,33.5,29.0,9.3
2026-02-09 05:00:00,2026,2,9,5,Hồ Chí Minh,Phường An Lạc,10.7381994,106.6148874,69,Moderate,1,22.7,67,0.0,4.9,336,1010.3,95,28.4,30.2,1016.0,36.5,25.0,12.7
2026-02-09 06:00:00,2026,2,9,6,Hồ Chí Minh,Phường An Lạc,10.7381994,106.6148874,71,Moderate,1,22.2,67,0.0,4.5,353,1011.0,88,31.8,33.6,1145.0,41.0,20.0,17.9
2026-02-09 07:00:00,2026,2,9,7,Hồ Chí Minh,Phường An Lạc,10.7381994,106.6148874,72,Moderate,1,22.6,65,0.0,3.2,333,1011.6,97,48.0,50.3,1189.0,46.3,22.0,19.0
2026-02-09 08:00:00,2026,2,9,8,Hồ Chí Minh,Phường An Lạc,10.7381994,106.6148874,74,Moderate,1,25.2,55,0.0,1.8,360,1012.1,88,35.6,38.3,1059.0,41.4,41.0,17.5
2026-02-09 09:00:00,2026,2,9,9,Hồ Chí Minh,Phường An Lạc,10.7381994,106.6148874,76,Moderate,1,27.9,47,0.0,0.4,270,1012.5,98,27.0,29.8,843.0,34.6,69.0,15.5
2026-02-09 10:00:00,2026,2,9,10,Hồ Chí Minh,Phường An Lạc,10.7381994,106.6148874,76,Moderate,1,29.6,44,0.0,2.7,188,1012.3,77,21.8,24.8,677.0,28.3,95.0,13.6
2026-02-09 11:00:00,2026,2,9,11,Hồ Chí Minh,Phường An Lạc,10.7381994,106.6148874,76,Moderate,1,31.4,39,0.0,1.8,186,1011.8,88,19.6,22.3,625.0,23.3,118.0,12.2
2026-02-09 12:00:00,2026,2,9,12,Hồ Chí Minh,Phường An Lạc,10.7381994,106.6148874,76,Moderate,1,32.9,35,0.0,1.6,207,1010.5,93,18.5,20.9,623.0,18.9,140.0,11.0
2026-02-09 13:00:00,2026,2,9,13,Hồ Chí Minh,Phường An Lạc,10.7381994,106.6148874,75,Moderate,1,33.0,37,0.0,3.8,245,1009.6,97,17.6,19.2,619.0,15.5,158.0,10.2
2026-02-09 14:00:00,2026,2,9,14,Hồ Chí Minh,Phường An Lạc,10.7381994,106.6148874,75,Moderate,1,34.4,34,0.0,4.0,249,1008.6,99,17.6,18.5,591.0,12.8,174.0,9.6
2026-02-09 15:00:00,2026,2,9,15,Hồ Chí Minh,Phường An Lạc,10.7381994,106.6148874,75,Moderate,1,34.8,31,0.0,3.8,278,1008.0,100,17.9,18.8,561.0,11.1,186.0,9.4
2026-02-09 16:00:00,2026,2,9,16,Hồ Chí Minh,Phường An Lạc,10.7381994,106.6148874,75,Moderate,1,34.8,30,0.0,5.1,306,1007.9,100,18.3,19.3,537.0,12.4,186.0,9.7
2026-02-09 17:00:00,2026,2,9,17,Hồ Chí Minh,Phường An Lạc,10.7381994,106.6148874,106,Unhealthy for Sensitive Groups,2,33.2,33,0.0,1.9,158,1008.3,99,19.9,21.1,522.0,19.3,165.0,11.0
2026-02-09 18:00:00,2026,2,9,18,Hồ Chí Minh,Phường An Lạc,10.7381994,106.6148874,126,Unhealthy for Sensitive Groups,2,29.5,57,0.0,12.0,150,1009.2,1,26.5,28.9,512.0,29.0,132.0,12.7
2026-02-09 19:00:00,2026,2,9,19,Hồ Chí Minh,Phường An Lạc,10.7381994,106.6148874,134,Unhealthy for Sensitive Groups,2,27.7,68,0.0,10.4,163,1010.3,0,33.3,36.3,509.0,38.3,106.0,15.8
2026-02-09 20:00:00,2026,2,9,20,Hồ Chí Minh,Phường An Lạc,10.7381994,106.6148874,132,Unhealthy for Sensitive Groups,2,26.5,74,0.0,10.2,167,1011.3,0,27.9,30.2,509.0,34.9,96.0,14.7
2026-02-09 21:00:00,2026,2,9,21,Hồ Chí Minh,Phường An Lạc,10.7381994,106.6148874,122,Unhealthy for Sensitive Groups,2,25.9,76,0.0,8.6,170,1011.6,0,24.7,26.8,514.0,30.4,83.0,13.3
2026-02-09 22:00:00,2026,2,9,22,Hồ Chí Minh,Phường An Lạc,10.7381994,106.6148874,106,Unhealthy for Sensitive Groups,2,25.5,76,0.0,8.0,153,1011.4,16,24.0,26.0,536.0,28.1,70.0,12.4
2026-02-09 23:00:00,2026,2,9,23,Hồ Chí Minh,Phường An Lạc,10.7381994,106.6148874,84,Moderate,1,25.0,78,0.0,7.6,152,1011.3,6,25.6,27.5,592.0,30.0,59.0,12.7
2026-02-10 00:00:00,2026,2,10,0,Hồ Chí Minh,Phường An Lạc,10.7381994,106.6148874,79,Moderate,1,24.9,79,0.0,2.9,68,1011.1,23,27.4,29.6,664.0,34.1,50.0,13.7
2026-02-10 01:00:00,2026,2,10,1,Hồ Chí Minh,Phường An Lạc,10.7381994,106.6148874,79,Moderate,1,24.5,82,0.0,3.4,302,1011.0,3,29.8,32.2,709.0,38.1,41.0,14.5
2026-02-10 02:00:00,2026,2,10,2,Hồ Chí Minh,Phường An Lạc,10.7381994,106.6148874,79,Moderate,1,24.1,85,0.0,4.0,260,1010.7,2,32.5,35.0,693.0,41.1,33.0,14.6
2026-02-10 03:00:00,2026,2,10,3,Hồ Chí Minh,Phường An Lạc,10.7381994,106.6148874,80,Moderate,1,23.5,88,0.0,6.2,285,1010.4,0,34.2,36.9,651.0,43.9,26.0,14.7
2026-02-10 04:00:00,2026,2,10,4,Hồ Chí Minh,Phường An Lạc,10.7381994,106.6148874,81,Moderate,1,23.1,91,0.0,4.2,306,1010.3,0,36.0,38.6,638.0,46.4,21.0,15.4
2026-02-10 05:00:00,2026,2,10,5,Hồ Chí Minh,Phường An Lạc,10.7381994,106.6148874,82,Moderate,1,22.8,93,0.0,5.3,348,1011.0,0,37.3,39.9,703.0,49.0,15.0,17.4
2026-02-10 06:00:00,2026,2,10,6,Hồ Chí Minh,Phường An Lạc,10.7381994,106.6148874,82,Moderate,1,22.5,95,0.0,6.9,337,1011.4,0,39.3,42.1,798.0,51.2,12.0,20.1
2026-02-10 07:00:00,2026,2,10,7,Hồ Chí Minh,Phường An Lạc,10.7381994,106.6148874,83,Moderate,1,23.0,92,0.0,5.6,320,1012.2,50,58.7,62.9,836.0,52.8,16.0,24.9
2026-02-10 08:00:00,2026,2,10,8,Hồ Chí Minh,Phường An Lạc,10.7381994,106.6148874,84,Moderate,1,25.3,77,0.0,3.5,305,1013.1,84,53.9,58.2,760.0,48.6,42.0,26.7
2026-02-10 09:00:00,2026,2,10,9,Hồ Chí Minh,Phường An Lạc,10.7381994,106.6148874,86,Moderate,1,27.6,65,0.0,5.1,293,1013.3,95,50.1,55.4,627.0,42.6,79.0,29.0
2026-02-10 10:00:00,2026,2,10,10,Hồ Chí Minh,Phường An Lạc,10.7381994,106.6148874,88,Moderate,1,29.9,55,0.0,4.5,272,1013.3,20,44.4,49.7,516.0,36.1,116.0,29.8
2026-02-10 11:00:00,2026,2,10,11,Hồ Chí Minh,Phường An Lạc,10.7381994,106.6148874,90,Moderate,1,31.7,48,0.0,3.8,221,1012.4,41,40.6,43.9,455.0,28.6,153.0,27.8
2026-02-10 12:00:00,2026,2,10,12,Hồ Chí Minh,Phường An Lạc,10.7381994,106.6148874,91,Moderate,1,33.7,40,0.0,3.5,189,1011.0,54,40.3,42.3,417.0,20.7,191.0,24.2
2026-02-10 13:00:00,2026,2,10,13,Hồ Chí Minh,Phường An Lạc,10.7381994,106.6148874,93,Moderate,1,33.0,45,0.0,8.0,194,1010.4,91,39.6,41.4,401.0,15.3,214.0,20.8
2026-02-10 14:00:00,2026,2,10,14,Hồ Chí Minh,Phường An Lạc,10.7381994,106.6148874,95,Moderate,1,32.3,48,1.2,9.7,190,1009.7,100,36.0,37.7,420.0,14.0,217.0,18.0
2026-02-10 15:00:00,2026,2,10,15,Hồ Chí Minh,Phường An Lạc,10.7381994,106.6148874,97,Moderate,1,31.2,54,1.8,10.2,198,1009.4,55,34.3,36.1,461.0,15.2,207.0,15.3
2026-02-10 16:00:00,2026,2,10,16,Hồ Chí Minh,Phường An Lạc,10.7381994,106.6148874,126,Unhealthy for Sensitive Groups,2,31.1,54,0.1,6.5,203,1009.2,27,29.9,31.5,489.0,17.3,187.0,13.1
2026-02-10 17:00:00,2026,2,10,17,Hồ Chí Minh,Phường An Lạc,10.7381994,106.6148874,155,Unhealthy,3,31.0,54,0.0,4.9,172,1009.3,47,24.1,25.6,485.0,20.4,154.0,11.5
2026-02-10 18:00:00,2026,2,10,18,Hồ Chí Minh,Phường An Lạc,10.7381994,106.6148874,167,Unhealthy,3,29.0,64,0.0,11.7,151,1010.3,45,22.9,24.8,468.0,24.4,113.0,10.4
2026-02-10 19:00:00,2026,2,10,19,Hồ Chí Minh,Phường An Lạc,10.7381994,106.6148874,166,Unhealthy,3,27.9,66,0.0,11.2,147,1011.3,100,21.2,22.6,451.0,28.9,82.0,11.2
2026-02-10 20:00:00,2026,2,10,20,Hồ Chí Minh,Phường An Lạc,10.7381994,106.6148874,155,Unhealthy,3,27.9,67,0.0,10.4,146,1012.2,92,17.9,19.0,445.0,26.8,75.0,10.4
2026-02-10 21:00:00,2026,2,10,21,Hồ Chí Minh,Phường An Lạc,10.7381994,106.6148874,132,Unhealthy for Sensitive Groups,2,27.1,71,0.0,10.2,157,1012.6,70,14.2,15.1,439.0,23.8,64.0,9.2
2026-02-10 22:00:00,2026,2,10,22,Hồ Chí Minh,Phường An Lạc,10.7381994,106.6148874,100,Moderate,1,26.6,73,0.0,11.6,147,1012.7,6,11.6,12.3,422.0,20.9,57.0,8.0
2026-02-10 23:00:00,2026,2,10,23,Hồ Chí Minh,Phường An Lạc,10.7381994,106.6148874,96,Moderate,1,26.2,76,0.0,11.0,145,1012.7,88,9.2,9.6,380.0,18.0,55.0,6.7
2026-02-11 00:00:00,2026,2,11,0,Hồ Chí Minh,Phường An Lạc,10.7381994,106.6148874,94,Moderate,1,25.8,77,0.0,11.1,132,1012.6,98,6.8,7.0,326.0,15.1,57.0,5.4
2026-02-11 01:00:00,2026,2,11,1,Hồ Chí Minh,Phường An Lạc,10.7381994,106.6148874,92,Moderate,1,26.1,77,0.0,10.4,118,1012.5,100,5.3,5.5,283.0,13.2,57.0,4.5
2026-02-11 02:00:00,2026,2,11,2,Hồ Chí Minh,Phường An Lạc,10.7381994,106.6148874,90,Moderate,1,26.0,76,0.0,9.6,104,1012.3,100,4.8,4.9,244.0,12.6,56.0,4.1
2026-02-11 03:00:00,2026,2,11,3,Hồ Chí Minh,Phường An Lạc,10.7381994,106.6148874,88,Moderate,1,25.5,78,0.2,9.4,108,1012.1,100,5.0,5.3,215.0,13.0,54.0,4.0
2026-02-11 04:00:00,2026,2,11,4,Hồ Chí Minh,Phường An Lạc,10.7381994,106.6148874,85,Moderate,1,25.2,79,0.0,7.4,104,1011.9,100,5.9,6.2,240.0,14.8,51.0,4.6
2026-02-11 05:00:00,2026,2,11,5,Hồ Chí Minh,Phường An Lạc,10.7381994,106.6148874,82,Moderate,1,25.2,80,0.0,7.5,107,1012.5,100,7.7,8.1,370.0,19.7,42.0,6.4
2026-02-11 06:00:00,2026,2,11,6,Hồ Chí Minh,Phường An Lạc,10.7381994,106.6148874,80,Moderate,1,24.9,82,0.0,6.3,103,1013.3,100,10.2,10.7,553.0,25.9,32.0,8.7
2026-02-11 07:00:00,2026,2,11,7,Hồ Chí Minh,Phường An Lạc,10.7381994,106.6148874,77,Moderate,1,24.3,93,0.0,5.4,82,1014.0,100,15.9,16.9,677.0,28.4,30.0,9.5
2026-02-11 08:00:00,2026,2,11,8,Hồ Chí Minh,Phường An Lạc,10.7381994,106.6148874,73,Moderate,1,25.9,84,0.0,5.5,63,1015.0,90,15.0,16.2,688.0,23.9,46.0,8.6
2026-02-11 09:00:00,2026,2,11,9,Hồ Chí Minh,Phường An Lạc,10.7381994,106.6148874,70,Moderate,1,27.3,72,0.0,8.5,62,1015.6,100,14.1,15.7,640.0,17.7,69.0,7.4
2026-02-11 10:00:00,2026,2,11,10,Hồ Chí Minh,Phường An Lạc,10.7381994,106.6148874,67,Moderate,1,28.2,68,0.0,7.7,37,1015.7,98,12.0,13.5,584.0,12.5,88.0,6.2
2026-02-11 11:00:00,2026,2,11,11,Hồ Chí Minh,Phường An Lạc,10.7381994,106.6148874,64,Moderate,1,29.6,64,0.0,9.4,18,1014.7,86,10.0,11.1,526.0,9.3,100.0,5.1
2026-02-11 12:00:00,2026,2,11,12,Hồ Chí Minh,Phường An Lạc,10.7381994,106.6148874,61,Moderate,1,31.1,59,0.0,11.3,27,1013.4,100,9.5,10.4,460.0,7.3,108.0,4.1
2026-02-11 13:00:00,2026,2,11,13,Hồ Chí Minh,Phường An Lạc,10.7381994,106.6148874,58,Moderate,1,29.7,64,0.0,9.3,13,1012.8,100,9.2,10.0,416.0,6.4,113.0,3.5
2026-02-11 14:00:00,2026,2,11,14,Hồ Chí Minh,Phường An Lạc,10.7381994,106.6148874,56,Moderate,1,30.3,60,0.1,10.1,50,1011.8,100,12.7,14.5,407.0,6.4,118.0,3.5
2026-02-11 15:00:00,2026,2,11,15,Hồ Chí Minh,Phường An Lạc,10.7381994,106.6148874,54,Moderate,1,27.5,75,1.0,7.3,130,1011.4,100,12.5,14.2,420.0,7.7,121.0,3.9
2026-02-11 16:00:00,2026,2,11,16,Hồ Chí Minh,Phường An Lạc,10.7381994,106.6148874,52,Moderate,1,27.1,80,0.3,3.1,118,1011.2,100,13.2,15.1,452.0,11.2,116.0,4.8
2026-02-11 17:00:00,2026,2,11,17,Hồ Chí Minh,Phường An Lạc,10.7381994,106.6148874,50,Good,0,26.3,81,0.9,10.4,89,1011.6,72,14.0,15.9,521.0,18.3,99.0,6.2
2026-02-11 18:00:00,2026,2,11,18,Hồ Chí Minh,Phường An Lạc,10.7381994,106.6148874,50,Good,0,25.6,86,0.2,4.6,116,1011.7,39,14.9,16.4,609.0,27.7,75.0,8.0
2026-02-11 19:00:00,2026,2,11,19,Hồ Chí Minh,Phường An Lạc,10.7381994,106.6148874,49,Good,0,25.0,92,0.0,8.9,126,1012.1,91,23.8,24.9,660.0,42.9,41.0,11.8
2026-02-11 20:00:00,2026,2,11,20,Hồ Chí Minh,Phường An Lạc,10.7381994,106.6148874,48,Good,0,25.3,90,0.1,3.2,133,1012.6,91,26.4,27.4,641.0,44.2,36.0,12.4
2026-02-11 21:00:00,2026,2,11,21,Hồ Chí Minh,Phường An Lạc,10.7381994,106.6148874,49,Good,0,25.3,92,0.0,3.9,127,1012.5,72,28.2,29.3,585.0,46.0,29.0,13.1
2026-02-11 22:00:00,2026,2,11,22,Hồ Chí Minh,Phường An Lạc,10.7381994,106.6148874,51,Moderate,1,25.1,92,0.0,4.2,137,1012.4,52,29.6,30.9,531.0,47.2,24.0,13.6
2026-02-11 23:00:00,2026,2,11,23,Hồ Chí Minh,Phường An Lạc,10.7381994,106.6148874,52,Moderate,1,24.8,94,0.0,4.9,172,1012.2,97,29.1,30.5,490.0,47.2,21.0,13.5
2026-02-12 00:00:00,2026,2,12,0,Hồ Chí Minh,Phường An Lạc,10.7381994,106.6148874,54,Moderate,1,24.6,96,0.0,2.6,205,1012.3,74,28.8,30.2,451.0,46.5,20.0,13.2
2026-02-12 01:00:00,2026,2,12,1,Hồ Chí Minh,Phường An Lạc,10.7381994,106.6148874,56,Moderate,1,24.6,99,0.0,2.0,175,1011.6,100,29.6,31.1,420.0,45.7,19.0,13.0
2026-02-12 02:00:00,2026,2,12,2,Hồ Chí Minh,Phường An Lạc,10.7381994,106.6148874,58,Moderate,1,24.6,99,0.0,1.5,225,1010.9,73,29.4,31.1,373.0,44.8,18.0,12.9
2026-02-12 03:00:00,2026,2,12,3,Hồ Chí Minh,Phường An Lạc,10.7381994,106.6148874,61,Moderate,1,24.4,99,0.0,4.5,194,1010.9,34,27.5,29.2,333.0,43.8,18.0,12.9
2026-02-12 04:00:00,2026,2,12,4,Hồ Chí Minh,Phường An Lạc,10.7381994,106.6148874,63,Moderate,1,24.2,99,0.0,3.4,186,1011.0,73,25.6,27.4,383.0,42.9,18.0,13.2
2026-02-12 05:00:00,2026,2,12,5,Hồ Chí Minh,Phường An Lạc,10.7381994,106.6148874,64,Moderate,1,24.0,99,0.0,1.0,239,1011.3,99,24.5,26.2,622.0,42.9,16.0,14.2
2026-02-12 06:00:00,2026,2,12,6,Hồ Chí Minh,Phường An Lạc,10.7381994,106.6148874,66,Moderate,1,23.9,99,0.0,1.3,315,1011.7,98,25.1,26.9,950.0,43.1,14.0,15.6
2026-02-12 07:00:00,2026,2,12,7,Hồ Chí Minh,Phường An Lạc,10.7381994,106.6148874,67,Moderate,1,24.0,99,0.0,2.1,329,1012.9,84,36.0,37.5,1145.0,43.9,18.0,15.1
2026-02-12 08:00:00,2026,2,12,8,Hồ Chí Minh,Phường An Lạc,10.7381994,106.6148874,69,Moderate,1,25.6,86,0.0,2.9,11,1013.6,99,25.0,26.8,1085.0,39.1,36.0,14.3
2026-02-12 09:00:00,2026,2,12,9,Hồ Chí Minh,Phường An Lạc,10.7381994,106.6148874,70,Moderate,1,27.5,77,0.0,3.2,344,1014.4,100,20.4,22.8,892.0,32.3,62.0,13.2
2026-02-12 10:00:00,2026,2,12,10,Hồ Chí Minh,Phường An Lạc,10.7381994,106.6148874,70,Moderate,1,28.2,75,0.0,3.5,321,1014.1,100,21.8,23.9,717.0,26.7,85.0,12.0
2026-02-12 11:00:00,2026,2,12,11,Hồ Chí Minh,Phường An Lạc,10.7381994,106.6148874,71,Moderate,1,29.2,71,0.2,4.1,319,1013.3,100,23.1,23.9,600.0,23.4,104.0,10.6
2026-02-12 12:00:00,2026,2,12,12,Hồ Chí Minh,Phường An Lạc,10.7381994,106.6148874,72,Moderate,1,30.8,65,0.0,2.7,312,1012.0,93,25.1,25.9,500.0,21.3,120.0,9.1
2026-02-12 13:00:00,2026,2,12,13,Hồ Chí Minh,Phường An Lạc,10.7381994,106.6148874,74,Moderate,1,31.6,58,0.0,2.7,122,1011.0,99,27.8,28.7,444.0,19.9,132.0,8.1
2026-02-12 14:00:00,2026,2,12,14,Hồ Chí Minh,Phường An Lạc,10.7381994,106.6148874,75,Moderate,1,31.9,56,0.1,3.3,99,1009.7,100,28.9,29.8,464.0,18.8,141.0,8.1
2026-02-12 15:00:00,2026,2,12,15,Hồ Chí Minh,Phường An Lạc,10.7381994,106.6148874,77,Moderate,1,31.5,56,0.0,6.2,128,1009.2,100,27.6,28.6,527.0,18.4,146.0,8.7
2026-02-12 16:00:00,2026,2,12,16,Hồ Chí Minh,Phường An Lạc,10.7381994,106.6148874,78,Moderate,1,29.4,65,0.1,9.6,160,1009.0,99,24.2,25.3,562.0,19.4,142.0,9.3
2026-02-12 17:00:00,2026,2,12,17,Hồ Chí Minh,Phường An Lạc,10.7381994,106.6148874,79,Moderate,1,29.2,67,0.0,5.3,145,1009.5,100,22.6,23.5,529.0,22.7,122.0,9.8
2026-02-12 18:00:00,2026,2,12,18,Hồ Chí Minh,Phường An Lạc,10.7381994,106.6148874,80,Moderate,1,28.0,72,0.0,10.5,142,1010.3,100,20.1,21.9,468.0,27.4,92.0,10.4
2026-02-12 19:00:00,2026,2,12,19,Hồ Chí Minh,Phường An Lạc,10.7381994,106.6148874,80,Moderate,1,27.4,79,0.1,8.2,161,1010.4,100,31.2,34.0,424.0,39.6,66.0,12.8
2026-02-12 20:00:00,2026,2,12,20,Hồ Chí Minh,Phường An Lạc,10.7381994,106.6148874,81,Moderate,1,26.7,81,0.0,6.2,173,1011.1,100,33.1,36.0,425.0,41.6,57.0,13.6
2026-02-12 21:00:00,2026,2,12,21,Hồ Chí Minh,Phường An Lạc,10.7381994,106.6148874,82,Moderate,1,26.2,83,0.0,7.5,165,1011.7,100,34.0,36.9,444.0,44.1,46.0,14.7
2026-02-12 22:00:00,2026,2,12,22,Hồ Chí Minh,Phường An Lạc,10.7381994,106.6148874,82,Moderate,1,25.8,84,0.0,9.4,154,1011.9,100,30.6,33.2,444.0,44.5,38.0,14.9
2026-02-12 23:00:00,2026,2,12,23,Hồ Chí Minh,Phường An Lạc,10.7381994,106.6148874,82,Moderate,1,25.3,83,0.0,9.6,146,1012.0,100,25.0,27.4,395.0,40.6,39.0,13.5
2026-02-13 00:00:00,2026,2,13,0,Hồ Chí Minh,Phường An Lạc,10.7381994,106.6148874,82,Moderate,1,24.8,84,0.0,8.3,129,1011.8,100,20.3,22.6,326.0,34.6,44.0,11.3
2026-02-13 01:00:00,2026,2,13,1,Hồ Chí Minh,Phường An Lạc,10.7381994,106.6148874,81,Moderate,1,24.8,85,0.0,5.9,140,1011.1,100,18.2,20.4,290.0,30.2,47.0,9.7
2026-02-13 02:00:00,2026,2,13,2,Hồ Chí Minh,Phường An Lạc,10.7381994,106.6148874,80,Moderate,1,24.6,85,0.0,5.8,141,1010.2,100,17.7,19.8,287.0,28.9,44.0,9.3
2026-02-13 03:00:00,2026,2,13,3,Hồ Chí Minh,Phường An Lạc,10.7381994,106.6148874,79,Moderate,1,24.4,88,0.1,4.1,157,1009.7,100,18.3,20.4,317.0,29.1,39.0,9.5
2026-02-13 04:00:00,2026,2,13,4,Hồ Chí Minh,Phường An Lạc,10.7381994,106.6148874,78,Moderate,1,24.4,89,0.0,1.7,193,1009.2,100,20.1,22.2,428.0,30.1,35.0,10.2
2026-02-13 05:00:00,2026,2,13,5,Hồ Chí Minh,Phường An Lạc,10.7381994,106.6148874,78,Moderate,1,23.9,94,0.0,0.5,270,1009.8,100,23.4,25.6,706.0,32.8,28.0,11.9
2026-02-13 06:00:00,2026,2,13,6,Hồ Chí Minh,Phường An Lạc,10.7381994,106.6148874,78,Moderate,1,23.5,96,0.0,3.0,335,1009.8,87,26.0,28.4,1064.0,36.2,22.0,14.1
2026-02-13 07:00:00,2026,2,13,7,Hồ Chí Minh,Phường An Lạc,10.7381994,106.6148874,78,Moderate,1,24.0,94,0.0,3.4,47,1010.7,100,39.8,44.0,1293.0,45.5,25.0,20.2
2026-02-13 08:00:00,2026,2,13,8,Hồ Chí Minh,Phường An Lạc,10.7381994,106.6148874,78,Moderate,1,25.5,83,0.0,3.7,43,1011.2,100,37.8,42.1,1280.0,39.9,51.0,19.1
2026-02-13 09:00:00,2026,2,13,9,Hồ Chí Minh,Phường An Lạc,10.7381994,106.6148874,79,Moderate,1,27.3,76,0.0,4.3,33,1011.9,100,35.5,38.8,1137.0,32.0,88.0,17.5
2026-02-13 10:00:00,2026,2,13,10,Hồ Chí Minh,Phường An Lạc,10.7381994,106.6148874,81,Moderate,1,29.1,67,0.0,4.2,36,1011.7,90,32.6,34.2,992.0,24.7,120.0,15.5
2026-02-13 11:00:00,2026,2,13,11,Hồ Chí Minh,Phường An Lạc,10.7381994,106.6148874,81,Moderate,1,30.8,59,0.0,4.2,65,1010.8,100,31.8,33.3,886.0,18.5,143.0,12.6
2026-02-13 12:00:00,2026,2,13,12,Hồ Chí Minh,Phường An Lạc,10.7381994,106.6148874,82,Moderate,1,31.6,55,0.0,3.6,70,1009.6,99,28.8,30.2,776.0,12.8,161.0,9.2
2026-02-13 13:00:00,2026,2,13,13,Hồ Chí Minh,Phường An Lạc,10.7381994,106.6148874,83,Moderate,1,32.2,53,0.0,5.4,64,1008.7,9,23.9,25.2,665.0,9.1,169.0,6.7
2026-02-13 14:00:00,2026,2,13,14,Hồ Chí Minh,Phường An Lạc,10.7381994,106.6148874,82,Moderate,1,32.8,49,0.1,7.3,81,1007.5,100,19.3,20.8,534.0,7.9,163.0,5.4
2026-02-13 15:00:00,2026,2,13,15,Hồ Chí Minh,Phường An Lạc,10.7381994,106.6148874,81,Moderate,1,32.7,48,0.3,10.4,91,1007.4,100,17.5,20.1,400.0,8.6,148.0,4.9
2026-02-13 16:00:00,2026,2,13,16,Hồ Chí Minh,Phường An Lạc,10.7381994,106.6148874,88,Moderate,1,31.5,54,0.6,9.9,132,1007.6,100,16.0,18.9,320.0,11.3,131.0,5.2
2026-02-13 17:00:00,2026,2,13,17,Hồ Chí Minh,Phường An Lạc,10.7381994,106.6148874,105,Unhealthy for Sensitive Groups,2,29.5,60,0.0,12.5,162,1008.4,98,15.7,18.3,336.0,17.4,113.0,6.8
2026-02-13 18:00:00,2026,2,13,18,Hồ Chí Minh,Phường An Lạc,10.7381994,106.6148874,111,Unhealthy for Sensitive Groups,2,28.3,63,0.0,10.9,168,1009.4,100,17.7,20.0,405.0,25.5,94.0,9.1
2026-02-13 19:00:00,2026,2,13,19,Hồ Chí Minh,Phường An Lạc,10.7381994,106.6148874,105,Unhealthy for Sensitive Groups,2,27.2,70,0.0,10.0,166,1009.8,99,22.6,25.3,451.0,33.6,77.0,11.5
2026-02-13 20:00:00,2026,2,13,20,Hồ Chí Minh,Phường An Lạc,10.7381994,106.6148874,91,Moderate,1,26.4,74,0.0,10.0,159,1010.7,100,22.1,25.0,438.0,32.1,75.0,11.5
2026-02-13 21:00:00,2026,2,13,21,Hồ Chí Minh,Phường An Lạc,10.7381994,106.6148874,77,Moderate,1,25.8,76,0.0,10.9,147,1011.2,100,20.7,23.7,402.0,30.0,73.0,11.4
2026-02-13 22:00:00,2026,2,13,22,Hồ Chí Minh,Phường An Lạc,10.7381994,106.6148874,76,Moderate,1,25.4,77,0.0,11.6,147,1011.1,99,18.8,21.7,373.0,28.1,70.0,11.1
2026-02-13 23:00:00,2026,2,13,23,Hồ Chí Minh,Phường An Lạc,10.7381994,106.6148874,75,Moderate,1,25.0,79,0.0,4.8,158,1010.9,98,17.0,19.7,361.0,26.5,68.0,10.2
2026-02-14 00:00:00,2026,2,14,0,Hồ Chí Minh,Phường An Lạc,10.7381994,106.6148874,74,Moderate,1,24.6,81,0.0,5.5,163,1010.6,100,15.8,18.3,357.0,25.1,66.0,9.0
2026-02-14 01:00:00,2026,2,14,1,Hồ Chí Minh,Phường An Lạc,10.7381994,106.6148874,74,Moderate,1,24.8,82,0.0,5.4,154,1010.0,97,16.1,18.6,358.0,24.7,63.0,8.4
2026-02-14 02:00:00,2026,2,14,2,Hồ Chí Minh,Phường An Lạc,10.7381994,106.6148874,74,Moderate,1,24.7,85,0.0,3.0,104,1009.3,95,17.2,19.8,336.0,25.8,57.0,8.8
2026-02-14 03:00:00,2026,2,14,3,Hồ Chí Minh,Phường An Lạc,10.7381994,106.6148874,74,Moderate,1,24.5,85,0.0,4.7,94,1008.7,99,18.7,21.5,319.0,27.9,49.0,9.8
2026-02-14 04:00:00,2026,2,14,4,Hồ Chí Minh,Phường An Lạc,10.7381994,106.6148874,74,Moderate,1,24.1,88,0.0,2.6,78,1008.4,100,20.6,23.4,394.0,30.1,43.0,10.9
2026-02-14 05:00:00,2026,2,14,5,Hồ Chí Minh,Phường An Lạc,10.7381994,106.6148874,74,Moderate,1,24.0,89,0.0,2.2,35,1008.6,88,22.8,25.7,668.0,32.9,36.0,12.0
2026-02-14 06:00:00,2026,2,14,6,Hồ Chí Minh,Phường An Lạc,10.7381994,106.6148874,74,Moderate,1,23.9,89,0.0,4.5,331,1009.6,99,24.1,27.2,1034.0,35.8,29.0,13.3
2026-02-14 07:00:00,2026,2,14,7,Hồ Chí Minh,Phường An Lạc,10.7381994,106.6148874,73,Moderate,1,24.1,89,0.0,2.2,318,1010.3,59,32.7,36.0,1256.0,37.1,25.0,13.8
2026-02-14 08:00:00,2026,2,14,8,Hồ Chí Minh,Phường An Lạc,10.7381994,106.6148874,73,Moderate,1,26.0,79,0.0,2.8,63,1011.5,61,28.1,32.2,1205.0,32.2,49.0,13.8
2026-02-14 09:00:00,2026,2,14,9,Hồ Chí Minh,Phường An Lạc,10.7381994,106.6148874,72,Moderate,1,27.9,71,0.0,4.9,66,1012.0,97,27.9,32.8,1010.0,25.2,83.0,13.7
2026-02-14 10:00:00,2026,2,14,10,Hồ Chí Minh,Phường An Lạc,10.7381994,106.6148874,71,Moderate,1,30.0,62,0.0,6.5,66,1011.8,100,27.2,31.1,819.0,19.1,117.0,13.2
2026-02-14 11:00:00,2026,2,14,11,Hồ Chí Minh,Phường An Lạc,10.7381994,106.6148874,71,Moderate,1,31.4,56,0.0,7.0,64,1011.1,100,28.1,29.7,672.0,14.6,151.0,12.1
2026-02-14 12:00:00,2026,2,14,12,Hồ Chí Minh,Phường An Lạc,10.7381994,106.6148874,71,Moderate,1,32.3,51,0.0,6.9,67,1009.8,100,30.4,31.9,529.0,10.9,184.0,10.5
2026-02-14 13:00:00,2026,2,14,13,Hồ Chí Minh,Phường An Lạc,10.7381994,106.6148874,71,Moderate,1,32.5,52,0.0,5.1,100,1009.4,38,29.8,31.3,421.0,8.7,204.0,9.2
2026-02-14 14:00:00,2026,2,14,14,Hồ Chí Minh,Phường An Lạc,10.7381994,106.6148874,71,Moderate,1,33.5,48,0.0,4.8,110,1007.8,96,27.6,29.1,360.0,7.9,204.0,8.0
2026-02-14 15:00:00,2026,2,14,15,Hồ Chí Minh,Phường An Lạc,10.7381994,106.6148874,83,Moderate,1,33.6,45,0.1,8.3,106,1007.1,100,24.4,25.8,335.0,8.6,192.0,7.0
2026-02-14 16:00:00,2026,2,14,16,Hồ Chí Minh,Phường An Lạc,10.7381994,106.6148874,118,Unhealthy for Sensitive Groups,2,32.7,46,0.2,6.8,102,1006.9,18,21.5,23.6,340.0,11.6,172.0,6.8
2026-02-14 17:00:00,2026,2,14,17,Hồ Chí Minh,Phường An Lạc,10.7381994,106.6148874,145,Unhealthy for Sensitive Groups,2,32.1,47,0.0,10.0,174,1007.4,96,21.4,24.6,390.0,19.0,142.0,8.0
2026-02-14 18:00:00,2026,2,14,18,Hồ Chí Minh,Phường An Lạc,10.7381994,106.6148874,155,Unhealthy,3,29.5,57,0.0,11.9,181,1008.4,94,22.3,24.7,470.0,28.6,106.0,10.0
2026-02-14 19:00:00,2026,2,14,19,Hồ Chí Minh,Phường An Lạc,10.7381994,106.6148874,154,Unhealthy,3,28.2,65,0.0,8.2,172,1008.7,87,28.1,30.7,535.0,34.3,80.0,11.1
2026-02-14 20:00:00,2026,2,14,20,Hồ Chí Minh,Phường An Lạc,10.7381994,106.6148874,140,Unhealthy for Sensitive Groups,2,27.4,69,0.0,6.1,192,1009.2,84,24.2,26.5,571.0,32.6,75.0,11.0
2026-02-14 21:00:00,2026,2,14,21,Hồ Chí Minh,Phường An Lạc,10.7381994,106.6148874,116,Unhealthy for Sensitive Groups,2,26.8,73,0.0,5.0,229,1010.0,94,20.5,22.7,590.0,30.3,67.0,10.9
2026-02-14 22:00:00,2026,2,14,22,Hồ Chí Minh,Phường An Lạc,10.7381994,106.6148874,87,Moderate,1,26.3,77,0.0,5.4,217,1010.2,98,19.3,21.5,590.0,29.2,59.0,11.0
2026-02-14 23:00:00,2026,2,14,23,Hồ Chí Minh,Phường An Lạc,10.7381994,106.6148874,75,Moderate,1,25.9,79,0.0,5.2,211,1009.8,100,20.0,22.2,557.0,30.5,52.0,11.5
2026-02-15 00:00:00,2026,2,15,0,Hồ Chí Minh,Phường An Lạc,10.7381994,106.6148874,75,Moderate,1,25.5,81,0.0,6.0,201,1009.4,100,21.4,23.7,504.0,33.0,45.0,12.1
2026-02-15 01:00:00,2026,2,15,1,Hồ Chí Minh,Phường An Lạc,10.7381994,106.6148874,75,Moderate,1,25.2,86,0.0,5.2,202,1009.0,100,23.7,26.2,461.0,35.3,39.0,12.6
2026-02-15 02:00:00,2026,2,15,2,Hồ Chí Minh,Phường An Lạc,10.7381994,106.6148874,76,Moderate,1,24.8,88,0.0,5.4,214,1008.5,98,24.7,27.1,410.0,36.7,34.0,12.6
2026-02-15 03:00:00,2026,2,15,3,Hồ Chí Minh,Phường An Lạc,10.7381994,106.6148874,77,Moderate,1,24.4,90,0.0,4.2,239,1008.3,99,22.8,25.0,370.0,37.7,29.0,12.3
2026-02-15 04:00:00,2026,2,15,4,Hồ Chí Minh,Phường An Lạc,10.7381994,106.6148874,77,Moderate,1,24.0,92,0.0,4.2,265,1008.7,85,23.1,25.3,429.0,38.9,25.0,12.6
2026-02-15 05:00:00,2026,2,15,5,Hồ Chí Minh,Phường An Lạc,10.7381994,106.6148874,77,Moderate,1,23.8,93,0.0,4.5,263,1009.1,52,24.4,26.9,706.0,41.0,19.0,13.7
2026-02-15 06:00:00,2026,2,15,6,Hồ Chí Minh,Phường An Lạc,10.7381994,106.6148874,77,Moderate,1,23.6,95,0.0,2.5,270,1009.7,26,26.9,29.4,1083.0,43.1,15.0,15.4
2026-02-15 07:00:00,2026,2,15,7,Hồ Chí Minh,Phường An Lạc,10.7381994,106.6148874,78,Moderate,1,24.3,91,0.0,2.5,135,1010.8,16,31.3,35.2,1294.0,47.1,24.0,15.6
2026-02-15 08:00:00,2026,2,15,8,Hồ Chí Minh,Phường An Lạc,10.7381994,106.6148874,78,Moderate,1,26.3,80,0.0,5.8,94,1011.6,12,27.8,31.9,1179.0,41.1,44.0,15.9
2026-02-15 09:00:00,2026,2,15,9,Hồ Chí Minh,Phường An Lạc,10.7381994,106.6148874,78,Moderate,1,28.3,67,0.0,6.6,79,1011.7,16,29.0,34.2,899.0,32.6,72.0,16.3
2026-02-15 10:00:00,2026,2,15,10,Hồ Chí Minh,Phường An Lạc,10.7381994,106.6148874,78,Moderate,1,30.2,59,0.0,5.5,44,1011.6,56,32.9,38.1,671.0,24.9,101.0,16.0
2026-02-15 11:00:00,2026,2,15,11,Hồ Chí Minh,Phường An Lạc,10.7381994,106.6148874,78,Moderate,1,31.4,55,0.0,5.6,57,1010.8,40,37.0,39.5,589.0,18.7,134.0,14.7
2026-02-15 12:00:00,2026,2,15,12,Hồ Chí Minh,Phường An Lạc,10.7381994,106.6148874,79,Moderate,1,32.7,50,0.0,5.6,75,1009.7,24,39.9,42.5,559.0,13.3,169.0,12.9
2026-02-15 13:00:00,2026,2,15,13,Hồ Chí Minh,Phường An Lạc,10.7381994,106.6148874,80,Moderate,1,32.9,49,0.0,4.9,96,1008.8,7,38.5,41.0,518.0,9.4,189.0,10.9
2026-02-15 14:00:00,2026,2,15,14,Hồ Chí Minh,Phường An Lạc,10.7381994,106.6148874,81,Moderate,1,33.8,46,0.0,6.8,101,1007.4,8,34.1,36.3,426.0,7.1,187.0,8.6
2026-02-15 15:00:00,2026,2,15,15,Hồ Chí Minh,Phường An Lạc,10.7381994,106.6148874,81,Moderate,1,34.3,43,0.0,8.8,89,1006.6,28,27.1,29.1,322.0,6.4,170.0,6.2
2026-02-15 16:00:00,2026,2,15,16,Hồ Chí Minh,Phường An Lạc,10.7381994,106.6148874,93,Moderate,1,32.8,47,0.0,11.2,156,1006.4,85,21.2,23.5,263.0,8.3,148.0,5.0
2026-02-15 17:00:00,2026,2,15,17,Hồ Chí Minh,Phường An Lạc,10.7381994,106.6148874,115,Unhealthy for Sensitive Groups,2,31.2,52,0.1,13.5,164,1006.9,63,18.6,21.6,285.0,15.1,119.0,6.1
2026-02-15 18:00:00,2026,2,15,18,Hồ Chí Minh,Phường An Lạc,10.7381994,106.6148874,125,Unhealthy for Sensitive Groups,2,29.8,56,0.0,12.8,149,1007.5,27,20.3,22.4,352.0,24.5,84.0,8.4
2026-02-15 19:00:00,2026,2,15,19,Hồ Chí Minh,Phường An Lạc,10.7381994,106.6148874,122,Unhealthy for Sensitive Groups,2,29.0,62,0.0,13.2,151,1008.0,100,17.6,18.9,409.0,27.2,64.0,9.1
2026-02-15 20:00:00,2026,2,15,20,Hồ Chí Minh,Phường An Lạc,10.7381994,106.6148874,107,Unhealthy for Sensitive Groups,2,28.0,63,0.0,13.9,123,1008.9,100,15.7,16.9,445.0,26.3,59.0,9.1
2026-02-15 21:00:00,2026,2,15,21,Hồ Chí Minh,Phường An Lạc,10.7381994,106.6148874,84,Moderate,1,27.5,63,0.0,13.0,119,1009.2,68,13.9,15.0,472.0,24.9,52.0,8.9
2026-02-15 22:00:00,2026,2,15,22,Hồ Chí Minh,Phường An Lạc,10.7381994,106.6148874,79,Moderate,1,27.0,62,0.0,12.5,120,1009.1,100,12.4,13.3,467.0,23.4,46.0,8.6
2026-02-15 23:00:00,2026,2,15,23,Hồ Chí Minh,Phường An Lạc,10.7381994,106.6148874,78,Moderate,1,26.8,62,0.0,12.2,124,1009.2,97,11.0,11.9,406.0,21.6,43.0,7.8
2026-02-16 00:00:00,2026,2,16,0,Hồ Chí Minh,Phường An Lạc,10.7381994,106.6148874,77,Moderate,1,26.2,64,0.0,11.3,124,1009.0,97,9.6,10.4,313.0,19.7,42.0,6.7
2026-02-16 01:00:00,2026,2,16,1,Hồ Chí Minh,Phường An Lạc,10.7381994,106.6148874,76,Moderate,1,26.1,67,0.0,11.5,120,1008.7,97,9.2,10.0,243.0,18.3,41.0,5.9
2026-02-16 02:00:00,2026,2,16,2,Hồ Chí Minh,Phường An Lạc,10.7381994,106.6148874,75,Moderate,1,26.0,65,0.0,11.3,121,1008.3,94,9.1,9.8,209.0,17.6,40.0,5.5
2026-02-16 03:00:00,2026,2,16,3,Hồ Chí Minh,Phường An Lạc,10.7381994,106.6148874,74,Moderate,1,25.7,65,0.0,11.9,120,1007.8,93,9.1,9.9,197.0,17.4,39.0,5.3
2026-02-16 04:00:00,2026,2,16,4,Hồ Chí Minh,Phường An Lạc,10.7381994,106.6148874,72,Moderate,1,25.5,65,0.0,11.8,114,1007.9,100,9.5,10.3,221.0,17.7,37.0,5.5
2026-02-16 05:00:00,2026,2,16,5,Hồ Chí Minh,Phường An Lạc,10.7381994,106.6148874,71,Moderate,1,25.5,64,0.0,10.6,105,1008.0,100,10.0,10.9,312.0,19.3,32.0,6.2
2026-02-16 06:00:00,2026,2,16,6,Hồ Chí Minh,Phường An Lạc,10.7381994,106.6148874,70,Moderate,1,25.4,65,0.0,8.4,83,1008.6,99,11.2,12.0,438.0,21.5,27.0,7.2
2026-02-16 07:00:00,2026,2,16,7,Hồ Chí Minh,Phường An Lạc,10.7381994,106.6148874,68,Moderate,1,26.1,64,0.0,10.9,99,1009.4,95,20.3,22.0,518.0,21.9,29.0,7.8
2026-02-16 08:00:00,2026,2,16,8,Hồ Chí Minh,Phường An Lạc,10.7381994,106.6148874,67,Moderate,1,27.8,58,0.0,9.2,90,1010.5,100,20.0,21.2,511.0,20.0,43.0,8.0
2026-02-16 09:00:00,2026,2,16,9,Hồ Chí Minh,Phường An Lạc,10.7381994,106.6148874,67,Moderate,1,29.8,50,0.0,9.4,89,1011.0,98,19.4,21.0,457.0,17.2,63.0,8.1
2026-02-16 10:00:00,2026,2,16,10,Hồ Chí Minh,Phường An Lạc,10.7381994,106.6148874,66,Moderate,1,31.8,42,0.0,10.6,91,1011.1,98,19.2,20.8,400.0,14.3,80.0,7.8
2026-02-16 11:00:00,2026,2,16,11,Hồ Chí Minh,Phường An Lạc,10.7381994,106.6148874,65,Moderate,1,33.2,37,0.0,11.3,89,1010.6,99,17.7,19.5,346.0,11.1,93.0,6.5
2026-02-16 12:00:00,2026,2,16,12,Hồ Chí Minh,Phường An Lạc,10.7381994,106.6148874,63,Moderate,1,34.5,33,0.0,11.2,88,1009.3,100,15.5,17.5,287.0,7.8,104.0,4.8
2026-02-16 13:00:00,2026,2,16,13,Hồ Chí Minh,Phường An Lạc,10.7381994,106.6148874,61,Moderate,1,34.9,35,0.0,11.1,104,1008.5,100,12.9,15.0,247.0,5.7,110.0,3.5
2026-02-16 14:00:00,2026,2,16,14,Hồ Chí Minh,Phường An Lạc,10.7381994,106.6148874,59,Moderate,1,35.0,35,0.0,11.1,103,1007.0,33,11.5,13.4,235.0,4.8,111.0,2.9
2026-02-16 15:00:00,2026,2,16,15,Hồ Chí Minh,Phường An Lạc,10.7381994,106.6148874,57,Moderate,1,35.2,35,0.0,12.3,112,1006.2,20,11.0,12.9,240.0,5.1,109.0,2.8
2026-02-16 16:00:00,2026,2,16,16,Hồ Chí Minh,Phường An Lạc,10.7381994,106.6148874,55,Moderate,1,33.5,42,0.0,15.8,122,1006.3,6,10.9,12.8,257.0,7.3,102.0,3.4
2026-02-16 17:00:00,2026,2,16,17,Hồ Chí Minh,Phường An Lạc,10.7381994,106.6148874,54,Moderate,1,31.8,51,0.0,15.1,116,1006.3,3,11.7,13.4,290.0,13.6,89.0,5.2
2026-02-16 18:00:00,2026,2,16,18,Hồ Chí Minh,Phường An Lạc,10.7381994,106.6148874,54,Moderate,1,30.2,57,0.0,14.2,114,1006.5,1,15.9,17.3,334.0,21.8,72.0,7.7
2026-02-16 19:00:00,2026,2,16,19,Hồ Chí Minh,Phường An Lạc,10.7381994,106.6148874,53,Moderate,1,29.6,62,0.0,12.8,129,1006.8,40,15.0,16.2,364.0,25.6,59.0,8.3
2026-02-16 20:00:00,2026,2,16,20,Hồ Chí Minh,Phường An Lạc,10.7381994,106.6148874,53,Moderate,1,28.6,64,0.0,13.8,116,1007.7,92,13.1,14.3,370.0,23.4,56.0,7.9
2026-02-16 21:00:00,2026,2,16,21,Hồ Chí Minh,Phường An Lạc,10.7381994,106.6148874,53,Moderate,1,28.0,61,0.0,13.6,114,1007.8,2,11.7,12.8,362.0,20.3,52.0,7.4
2026-02-16 22:00:00,2026,2,16,22,Hồ Chí Minh,Phường An Lạc,10.7381994,106.6148874,53,Moderate,1,27.5,61,0.0,13.9,119,1008.0,17,11.0,12.1,342.0,17.7,49.0,6.8
2026-02-16 23:00:00,2026,2,16,23,Hồ Chí Minh,Phường An Lạc,10.7381994,106.6148874,52,Moderate,1,27.1,63,0.0,15.2,119,1008.3,66,10.4,11.4,300.0,15.9,47.0,6.0
2026-02-17 00:00:00,2026,2,17,0,Hồ Chí Minh,Phường An Lạc,10.7381994,106.6148874,52,Moderate,1,26.9,63,0.0,15.2,116,1008.2,100,9.3,10.2,245.0,14.5,46.0,5.1
2026-02-17 01:00:00,2026,2,17,1,Hồ Chí Minh,Phường An Lạc,10.7381994,106.6148874,52,Moderate,1,26.8,65,0.0,14.7,108,1007.8,98,9.1,10.1,207.0,13.6,45.0,4.5
2026-02-17 02:00:00,2026,2,17,2,Hồ Chí Minh,Phường An Lạc,10.7381994,106.6148874,52,Moderate,1,26.8,62,0.0,14.1,104,1007.6,100,9.3,10.3,190.0,13.2,44.0,4.3
2026-02-17 03:00:00,2026,2,17,3,Hồ Chí Minh,Phường An Lạc,10.7381994,106.6148874,52,Moderate,1,26.5,62,0.0,13.3,106,1007.3,100,9.5,10.7,190.0,13.4,42.0,4.3
2026-02-17 04:00:00,2026,2,17,4,Hồ Chí Minh,Phường An Lạc,10.7381994,106.6148874,52,Moderate,1,26.1,63,0.0,12.4,107,1007.4,98,9.7,10.9,219.0,14.2,40.0,4.7
2026-02-17 05:00:00,2026,2,17,5,Hồ Chí Minh,Phường An Lạc,10.7381994,106.6148874,52,Moderate,1,25.9,64,0.0,10.4,104,1007.7,84,10.2,11.4,306.0,16.4,35.0,5.6
2026-02-17 06:00:00,2026,2,17,6,Hồ Chí Minh,Phường An Lạc,10.7381994,106.6148874,52,Moderate,1,25.6,64,0.0,8.4,105,1008.5,99,11.7,13.0,422.0,19.3,29.0,6.8
2026-02-17 07:00:00,2026,2,17,7,Hồ Chí Minh,Phường An Lạc,10.7381994,106.6148874,52,Moderate,1,26.0,65,0.0,9.3,99,1009.6,14,16.8,18.4,493.0,20.5,33.0,8.4
2026-02-17 08:00:00,2026,2,17,8,Hồ Chí Minh,Phường An Lạc,10.7381994,106.6148874,52,Moderate,1,27.8,58,0.0,10.8,94,1010.5,100,16.5,18.6,478.0,17.9,43.0,8.0
2026-02-17 09:00:00,2026,2,17,9,Hồ Chí Minh,Phường An Lạc,10.7381994,106.6148874,52,Moderate,1,29.7,51,0.0,12.4,91,1011.2,100,15.5,18.4,417.0,14.3,58.0,7.3
2026-02-17 10:00:00,2026,2,17,10,Hồ Chí Minh,Phường An Lạc,10.7381994,106.6148874,52,Moderate,1,31.6,45,0.0,11.3,91,1011.3,98,15.2,18.7,357.0,11.1,73.0,6.6
2026-02-17 11:00:00,2026,2,17,11,Hồ Chí Minh,Phường An Lạc,10.7381994,106.6148874,51,Moderate,1,33.3,38,0.0,11.5,89,1010.7,100,15.0,18.4,308.0,8.6,91.0,5.7
2026-02-17 12:00:00,2026,2,17,12,Hồ Chí Minh,Phường An Lạc,10.7381994,106.6148874,51,Moderate,1,34.8,32,0.0,13.0,89,1009.7,100,14.6,17.6,261.0,6.5,110.0,4.8
2026-02-17 13:00:00,2026,2,17,13,Hồ Chí Minh,Phường An Lạc,10.7381994,106.6148874,51,Moderate,1,35.3,29,0.0,13.7,94,1008.9,100,13.9,16.8,229.0,5.2,122.0,4.1
2026-02-17 14:00:00,2026,2,17,14,Hồ Chí Minh,Phường An Lạc,10.7381994,106.6148874,51,Moderate,1,35.2,30,0.0,13.1,103,1007.7,100,13.2,15.9,219.0,4.3,125.0,3.6
2026-02-17 15:00:00,2026,2,17,15,Hồ Chí Minh,Phường An Lạc,10.7381994,106.6148874,51,Moderate,1,35.0,33,0.0,15.3,117,1007.0,100,12.6,15.0,225.0,4.2,122.0,3.3
2026-02-17 16:00:00,2026,2,17,16,Hồ Chí Minh,Phường An Lạc,10.7381994,106.6148874,51,Moderate,1,33.0,41,0.0,17.7,131,1007.0,100,12.1,14.3,244.0,6.2,113.0,3.6
2026-02-17 17:00:00,2026,2,17,17,Hồ Chí Minh,Phường An Lạc,10.7381994,106.6148874,51,Moderate,1,31.0,49,0.0,18.3,131,1007.4,99,12.5,14.1,283.0,12.5,96.0,5.2
2026-02-17 18:00:00,2026,2,17,18,Hồ Chí Minh,Phường An Lạc,10.7381994,106.6148874,51,Moderate,1,29.6,52,0.0,14.3,121,1007.8,96,16.2,17.7,335.0,20.9,73.0,7.4
2026-02-17 19:00:00,2026,2,17,19,Hồ Chí Minh,Phường An Lạc,10.7381994,106.6148874,51,Moderate,1,28.8,59,0.0,15.1,121,1008.3,99,16.3,17.4,382.0,27.0,53.0,8.7
2026-02-17 20:00:00,2026,2,17,20,Hồ Chí Minh,Phường An Lạc,10.7381994,106.6148874,52,Moderate,1,28.4,57,0.0,14.8,117,1009.2,89,15.8,16.9,427.0,25.5,51.0,8.6
2026-02-17 21:00:00,2026,2,17,21,Hồ Chí Minh,Phường An Lạc,10.7381994,106.6148874,52,Moderate,1,27.5,58,0.0,12.2,114,1010.0,96,14.8,15.9,465.0,23.3,48.0,8.5
2026-02-17 22:00:00,2026,2,17,22,Hồ Chí Minh,Phường An Lạc,10.7381994,106.6148874,52,Moderate,1,26.7,62,0.0,10.7,117,1010.3,98,13.9,14.8,468.0,21.6,45.0,8.3
2026-02-17 23:00:00,2026,2,17,23,Hồ Chí Minh,Phường An Lạc,10.7381994,106.6148874,52,Moderate,1,26.3,65,0.0,12.1,118,1010.6,95,12.9,13.6,402.0,20.4,42.0,7.8
2026-02-18 00:00:00,2026,2,18,0,Hồ Chí Minh,Phường An Lạc,10.7381994,106.6148874,53,Moderate,1,26.2,61,0.0,12.9,109,1010.4,91,12.2,12.9,301.0,19.7,40.0,7.1
2026-02-18 01:00:00,2026,2,18,1,Hồ Chí Minh,Phường An Lạc,10.7381994,106.6148874,53,Moderate,1,26.2,62,0.0,14.5,104,1010.2,38,12.7,13.5,230.0,19.6,36.0,6.6
2026-02-18 02:00:00,2026,2,18,2,Hồ Chí Minh,Phường An Lạc,10.7381994,106.6148874,53,Moderate,1,26.2,60,0.0,14.7,97,1010.0,99,13.8,14.6,194.0,20.5,30.0,6.4
2026-02-18 03:00:00,2026,2,18,3,Hồ Chí Minh,Phường An Lạc,10.7381994,106.6148874,54,Moderate,1,25.9,59,0.0,11.6,85,1009.6,55,14.6,15.3,189.0,22.2,24.0,6.3
2026-02-18 04:00:00,2026,2,18,4,Hồ Chí Minh,Phường An Lạc,10.7381994,106.6148874,54,Moderate,1,25.1,62,0.0,7.3,50,1009.5,60,15.8,16.5,270.0,24.0,20.0,6.7
2026-02-18 05:00:00,2026,2,18,5,Hồ Chí Minh,Phường An Lạc,10.7381994,106.6148874,55,Moderate,1,24.5,66,0.0,7.7,25,1009.6,10,17.9,18.7,539.0,26.5,17.0,8.0
2026-02-18 06:00:00,2026,2,18,6,Hồ Chí Minh,Phường An Lạc,10.7381994,106.6148874,55,Moderate,1,24.2,69,0.0,6.9,43,1010.3,16,21.1,22.1,894.0,29.2,17.0,9.8
2026-02-18 07:00:00,2026,2,18,7,Hồ Chí Minh,Phường An Lạc,10.7381994,106.6148874,56,Moderate,1,24.9,74,0.0,8.2,76,1011.3,28,35.3,37.6,1087.0,27.7,21.0,10.1
2026-02-18 08:00:00,2026,2,18,8,Hồ Chí Minh,Phường An Lạc,10.7381994,106.6148874,58,Moderate,1,26.8,67,0.0,7.6,90,1011.8,92,32.5,34.7,965.0,24.2,40.0,9.7
2026-02-18 09:00:00,2026,2,18,9,Hồ Chí Minh,Phường An Lạc,10.7381994,106.6148874,59,Moderate,1,29.2,54,0.0,8.4,100,1012.2,100,27.9,31.4,682.0,19.3,66.0,9.0
2026-02-18 10:00:00,2026,2,18,10,Hồ Chí Minh,Phường An Lạc,10.7381994,106.6148874,60,Moderate,1,31.6,42,0.0,7.6,97,1012.2,100,24.6,28.3,448.0,15.0,88.0,8.1
2026-02-18 11:00:00,2026,2,18,11,Hồ Chí Minh,Phường An Lạc,10.7381994,106.6148874,61,Moderate,1,33.3,36,0.0,9.6,84,1011.6,100,21.1,24.7,342.0,11.7,101.0,6.6
2026-02-18 12:00:00,2026,2,18,12,Hồ Chí Minh,Phường An Lạc,10.7381994,106.6148874,62,Moderate,1,34.6,34,0.0,10.5,84,1010.1,100,18.3,21.5,286.0,9.0,110.0,4.9
2026-02-18 13:00:00,2026,2,18,13,Hồ Chí Minh,Phường An Lạc,10.7381994,106.6148874,62,Moderate,1,35.0,33,0.0,14.3,96,1009.9,100,16.1,19.0,253.0,7.2,115.0,3.6
2026-02-18 14:00:00,2026,2,18,14,Hồ Chí Minh,Phường An Lạc,10.7381994,106.6148874,62,Moderate,1,35.0,34,0.0,14.3,100,1008.9,99,14.5,17.2,233.0,5.6,118.0,2.9
2026-02-18 15:00:00,2026,2,18,15,Hồ Chí Minh,Phường An Lạc,10.7381994,106.6148874,62,Moderate,1,35.0,34,0.2,13.0,115,1008.2,100,13.6,16.1,236.0,4.8,118.0,2.7
2026-02-18 16:00:00,2026,2,18,16,Hồ Chí Minh,Phường An Lạc,10.7381994,106.6148874,62,Moderate,1,33.5,41,0.3,12.7,126,1008.0,85,13.5,15.8,265.0,7.3,112.0,3.5
2026-02-18 17:00:00,2026,2,18,17,Hồ Chí Minh,Phường An Lạc,10.7381994,106.6148874,62,Moderate,1,32.0,49,0.0,10.5,128,1007.9,38,14.4,16.5,339.0,16.2,95.0,6.1
2026-02-18 18:00:00,2026,2,18,18,Hồ Chí Minh,Phường An Lạc,10.7381994,106.6148874,63,Moderate,1,30.0,58,0.0,12.5,134,1008.3,52,22.4,24.2,439.0,28.4,73.0,9.8
2026-02-18 19:00:00,2026,2,18,19,Hồ Chí Minh,Phường An Lạc,10.7381994,106.6148874,63,Moderate,1,29.2,65,0.0,10.4,163,1009.0,98,22.8,24.6,505.0,32.0,53.0,10.5
2026-02-18 20:00:00,2026,2,18,20,Hồ Chí Minh,Phường An Lạc,10.7381994,106.6148874,64,Moderate,1,28.1,68,0.0,11.2,134,1009.8,88,19.2,20.7,501.0,28.7,53.0,10.0
2026-02-18 21:00:00,2026,2,18,21,Hồ Chí Minh,Phường An Lạc,10.7381994,106.6148874,64,Moderate,1,27.4,70,0.0,13.0,124,1010.5,89,16.9,17.9,463.0,24.2,52.0,9.3
2026-02-18 22:00:00,2026,2,18,22,Hồ Chí Minh,Phường An Lạc,10.7381994,106.6148874,64,Moderate,1,27.0,70,0.0,13.1,113,1010.7,100,16.5,17.3,443.0,20.9,50.0,8.5
2026-02-18 23:00:00,2026,2,18,23,Hồ Chí Minh,Phường An Lạc,10.7381994,106.6148874,64,Moderate,1,26.6,69,0.0,12.0,99,1011.3,100,16.9,17.6,472.0,20.1,46.0,7.7
2026-02-19 00:00:00,2026,2,19,0,Hồ Chí Minh,Phường An Lạc,10.7381994,106.6148874,65,Moderate,1,26.4,70,0.0,8.8,85,1011.5,100,16.7,17.4,518.0,20.5,40.0,7.0
2026-02-19 01:00:00,2026,2,19,1,Hồ Chí Minh,Phường An Lạc,10.7381994,106.6148874,65,Moderate,1,26.3,72,0.0,6.3,66,1011.1,99,16.1,16.8,539.0,21.1,35.0,6.3
2026-02-19 02:00:00,2026,2,19,2,Hồ Chí Minh,Phường An Lạc,10.7381994,106.6148874,65,Moderate,1,26.0,73,0.0,5.8,88,1010.6,82,15.7,16.2,471.0,21.3,30.0,5.6
2026-02-19 03:00:00,2026,2,19,3,Hồ Chí Minh,Phường An Lạc,10.7381994,106.6148874,66,Moderate,1,25.6,74,0.0,5.6,94,1010.3,30,16.0,16.5,377.0,21.8,26.0,5.0
2026-02-19 04:00:00,2026,2,19,4,Hồ Chí Minh,Phường An Lạc,10.7381994,106.6148874,66,Moderate,1,25.3,75,0.0,4.6,103,1010.4,2,16.8,17.3,401.0,23.1,23.0,5.1
2026-02-19 05:00:00,2026,2,19,5,Hồ Chí Minh,Phường An Lạc,10.7381994,106.6148874,66,Moderate,1,24.9,76,0.0,3.6,90,1010.8,30,17.9,18.7,686.0,26.8,19.0,6.6
2026-02-19 06:00:00,2026,2,19,6,Hồ Chí Minh,Phường An Lạc,10.7381994,106.6148874,66,Moderate,1,24.5,79,0.0,2.9,47,1011.4,95,21.0,22.2,1089.0,31.4,17.0,8.9
2026-02-19 07:00:00,2026,2,19,7,Hồ Chí Minh,Phường An Lạc,10.7381994,106.6148874,66,Moderate,1,25.1,76,0.0,1.8,127,1012.5,45,23.6,24.9,1321.0,27.0,29.0,8.4
2026-02-19 08:00:00,2026,2,19,8,Hồ Chí Minh,Phường An Lạc,10.7381994,106.6148874,65,Moderate,1,27.2,64,0.0,1.3,98,1013.2,8,19.2,20.8,1219.0,23.4,44.0,8.0
2026-02-19 09:00:00,2026,2,19,9,Hồ Chí Minh,Phường An Lạc,10.7381994,106.6148874,64,Moderate,1,29.0,56,0.0,1.8,96,1013.7,39,18.0,20.4,946.0,18.5,66.0,7.4
2026-02-19 10:00:00,2026,2,19,10,Hồ Chí Minh,Phường An Lạc,10.7381994,106.6148874,63,Moderate,1,30.8,49,0.0,3.2,124,1013.6,99,15.9,18.6,702.0,14.2,86.0,6.7
2026-02-19 11:00:00,2026,2,19,11,Hồ Chí Minh,Phường An Lạc,10.7381994,106.6148874,62,Moderate,1,32.5,43,0.0,5.3,125,1012.9,99,14.1,16.5,548.0,11.3,101.0,5.7
2026-02-19 12:00:00,2026,2,19,12,Hồ Chí Minh,Phường An Lạc,10.7381994,106.6148874,61,Moderate,1,33.8,38,0.0,6.3,117,1012.1,99,12.8,15.0,423.0,9.1,115.0,4.7
2026-02-19 13:00:00,2026,2,19,13,Hồ Chí Minh,Phường An Lạc,10.7381994,106.6148874,61,Moderate,1,34.1,35,0.0,7.3,99,1011.6,100,11.7,13.6,338.0,7.7,124.0,3.9
2026-02-19 14:00:00,2026,2,19,14,Hồ Chí Minh,Phường An Lạc,10.7381994,106.6148874,60,Moderate,1,35.1,31,0.0,8.3,86,1010.4,100,11.0,12.6,306.0,6.5,129.0,3.4
2026-02-19 15:00:00,2026,2,19,15,Hồ Chí Minh,Phường An Lạc,10.7381994,106.6148874,60,Moderate,1,35.2,31,0.0,8.8,78,1009.8,100,10.6,12.0,315.0,6.1,130.0,3.2
2026-02-19 16:00:00,2026,2,19,16,Hồ Chí Minh,Phường An Lạc,10.7381994,106.6148874,60,Moderate,1,34.8,33,0.0,7.5,73,1009.3,100,10.6,12.0,339.0,8.4,125.0,3.8
2026-02-19 17:00:00,2026,2,19,17,Hồ Chí Minh,Phường An Lạc,10.7381994,106.6148874,60,Moderate,1,33.8,36,0.0,1.5,159,1009.4,98,12.3,13.9,379.0,16.2,109.0,6.0
2026-02-19 18:00:00,2026,2,19,18,Hồ Chí Minh,Phường An Lạc,10.7381994,106.6148874,62,Moderate,1,30.6,52,0.0,11.9,198,1010.2,100,21.0,22.9,434.0,26.7,86.0,9.1
2026-02-19 19:00:00,2026,2,19,19,Hồ Chí Minh,Phường An Lạc,10.7381994,106.6148874,62,Moderate,1,28.9,60,0.0,9.4,162,1010.7,99,22.6,24.4,471.0,31.9,67.0,10.6
2026-02-19 20:00:00,2026,2,19,20,Hồ Chí Minh,Phường An Lạc,10.7381994,106.6148874,59,Moderate,1,28.6,60,0.0,6.6,154,1011.8,100,18.0,19.6,468.0,28.9,66.0,10.1
2026-02-19 21:00:00,2026,2,19,21,Hồ Chí Minh,Phường An Lạc,10.7381994,106.6148874,59,Moderate,1,28.0,64,0.0,8.2,139,1012.2,95,15.9,17.3,447.0,24.9,64.0,9.5
2026-02-19 22:00:00,2026,2,19,22,Hồ Chí Minh,Phường An Lạc,10.7381994,106.6148874,59,Moderate,1,27.5,64,0.0,9.8,118,1012.5,98,15.8,17.1,449.0,22.5,60.0,8.9
2026-02-19 23:00:00,2026,2,19,23,Hồ Chí Minh,Phường An Lạc,10.7381994,106.6148874,59,Moderate,1,27.1,66,0.0,8.5,88,1012.5,97,17.7,18.9,504.0,23.2,52.0,8.5
2026-02-20 00:00:00,2026,2,20,0,Hồ Chí Minh,Phường An Lạc,10.7381994,106.6148874,59,Moderate,1,26.9,66,0.0,8.0,99,1012.6,77,19.0,20.2,580.0,25.6,43.0,8.2
2026-02-20 01:00:00,2026,2,20,1,Hồ Chí Minh,Phường An Lạc,10.7381994,106.6148874,59,Moderate,1,27.0,67,0.0,5.7,101,1012.0,95,20.5,21.8,626.0,27.7,35.0,8.0
2026-02-20 02:00:00,2026,2,20,2,Hồ Chí Minh,Phường An Lạc,10.7381994,106.6148874,60,Moderate,1,26.2,72,0.0,4.9,100,1011.8,84,22.1,23.5,576.0,28.8,30.0,7.6
2026-02-20 03:00:00,2026,2,20,3,Hồ Chí Minh,Phường An Lạc,10.7381994,106.6148874,60,Moderate,1,25.9,74,0.0,5.1,108,1011.5,52,23.6,25.0,494.0,29.7,26.0,7.3
2026-02-20 04:00:00,2026,2,20,4,Hồ Chí Minh,Phường An Lạc,10.7381994,106.6148874,61,Moderate,1,25.4,79,0.0,2.4,27,1011.4,77,23.1,24.6,522.0,31.1,24.0,8.0
2026-02-20 05:00:00,2026,2,20,5,Hồ Chí Minh,Phường An Lạc,10.7381994,106.6148874,62,Moderate,1,25.1,78,0.0,4.8,345,1011.7,97,24.3,25.8,798.0,34.0,20.0,10.7
2026-02-20 06:00:00,2026,2,20,6,Hồ Chí Minh,Phường An Lạc,10.7381994,106.6148874,62,Moderate,1,24.8,77,0.0,6.5,346,1012.4,99,27.9,29.5,1183.0,37.5,17.0,14.6
2026-02-20 07:00:00,2026,2,20,7,Hồ Chí Minh,Phường An Lạc,10.7381994,106.6148874,63,Moderate,1,25.1,68,0.0,5.9,2,1012.8,99,41.4,44.1,1404.0,37.3,24.0,13.5
2026-02-20 08:00:00,2026,2,20,8,Hồ Chí Minh,Phường An Lạc,10.7381994,106.6148874,64,Moderate,1,27.1,58,0.0,3.3,41,1013.7,98,34.7,37.6,1310.0,35.6,46.0,14.8
2026-02-20 09:00:00,2026,2,20,9,Hồ Chí Minh,Phường An Lạc,10.7381994,106.6148874,66,Moderate,1,29.2,54,0.0,1.2,129,1014.3,94,32.5,35.9,1053.0,33.1,78.0,16.4
2026-02-20 10:00:00,2026,2,20,10,Hồ Chí Minh,Phường An Lạc,10.7381994,106.6148874,67,Moderate,1,31.1,49,0.0,2.8,225,1014.0,100,31.0,34.7,813.0,29.6,106.0,16.9
2026-02-20 11:00:00,2026,2,20,11,Hồ Chí Minh,Phường An Lạc,10.7381994,106.6148874,68,Moderate,1,32.8,45,0.0,3.6,225,1013.3,100,29.0,32.5,642.0,24.3,128.0,15.1
2026-02-20 12:00:00,2026,2,20,12,Hồ Chí Minh,Phường An Lạc,10.7381994,106.6148874,70,Moderate,1,33.6,42,0.0,5.2,209,1012.1,87,27.1,30.2,488.0,18.0,146.0,12.0
2026-02-20 13:00:00,2026,2,20,13,Hồ Chí Minh,Phường An Lạc,10.7381994,106.6148874,71,Moderate,1,33.7,41,0.0,6.9,205,1011.4,34,24.7,27.8,378.0,13.3,160.0,9.6
2026-02-20 14:00:00,2026,2,20,14,Hồ Chí Minh,Phường An Lạc,10.7381994,106.6148874,72,Moderate,1,34.3,40,0.0,7.5,207,1010.4,20,23.7,26.7,329.0,10.9,169.0,8.4
2026-02-20 15:00:00,2026,2,20,15,Hồ Chí Minh,Phường An Lạc,10.7381994,106.6148874,73,Moderate,1,34.3,40,0.0,5.8,219,1009.4,23,23.1,26.0,324.0,10.0,174.0,7.9
2026-02-20 16:00:00,2026,2,20,16,Hồ Chí Minh,Phường An Lạc,10.7381994,106.6148874,81,Moderate,1,34.0,41,0.0,4.9,208,1008.7,30,23.0,26.3,337.0,11.6,168.0,7.9
2026-02-20 17:00:00,2026,2,20,17,Hồ Chí Minh,Phường An Lạc,10.7381994,106.6148874,107,Unhealthy for Sensitive Groups,2,32.6,45,0.0,7.6,173,1008.7,24,23.2,26.8,375.0,17.6,145.0,8.9
2026-02-20 18:00:00,2026,2,20,18,Hồ Chí Minh,Phường An Lạc,10.7381994,106.6148874,121,Unhealthy for Sensitive Groups,2,29.8,59,0.0,13.3,153,1009.5,16,25.6,28.0,432.0,25.9,111.0,10.4
2026-02-20 19:00:00,2026,2,20,19,Hồ Chí Minh,Phường An Lạc,10.7381994,106.6148874,122,Unhealthy for Sensitive Groups,2,28.6,65,0.0,11.4,157,1009.8,16,19.8,21.6,465.0,26.0,89.0,9.6
2026-02-20 20:00:00,2026,2,20,20,Hồ Chí Minh,Phường An Lạc,10.7381994,106.6148874,114,Unhealthy for Sensitive Groups,2,27.5,71,0.0,9.7,164,1010.4,3,17.9,19.4,450.0,25.2,83.0,9.4
2026-02-20 21:00:00,2026,2,20,21,Hồ Chí Minh,Phường An Lạc,10.7381994,106.6148874,100,Moderate,1,26.5,75,0.0,12.2,153,1010.8,47,16.8,18.3,411.0,24.0,75.0,9.0
2026-02-20 22:00:00,2026,2,20,22,Hồ Chí Minh,Phường An Lạc,10.7381994,106.6148874,82,Moderate,1,26.0,75,0.0,11.0,139,1010.8,32,16.0,17.4,381.0,23.1,68.0,8.6
2026-02-20 23:00:00,2026,2,20,23,Hồ Chí Minh,Phường An Lạc,10.7381994,106.6148874,77,Moderate,1,25.7,76,0.0,8.4,110,1010.4,12,15.4,16.6,371.0,22.4,63.0,7.9
2026-02-21 00:00:00,2026,2,21,0,Hồ Chí Minh,Phường An Lạc,10.7381994,106.6148874,76,Moderate,1,25.5,76,0.0,5.8,120,1010.3,51,14.5,15.5,370.0,22.0,58.0,7.1
2026-02-21 01:00:00,2026,2,21,1,Hồ Chí Minh,Phường An Lạc,10.7381994,106.6148874,76,Moderate,1,25.2,78,0.0,4.2,130,1009.7,6,15.0,15.9,375.0,22.3,53.0,6.8
2026-02-21 02:00:00,2026,2,21,2,Hồ Chí Minh,Phường An Lạc,10.7381994,106.6148874,75,Moderate,1,25.0,78,0.0,4.4,145,1009.5,18,16.8,17.8,370.0,23.7,47.0,7.1
2026-02-21 03:00:00,2026,2,21,3,Hồ Chí Minh,Phường An Lạc,10.7381994,106.6148874,75,Moderate,1,24.6,80,0.0,1.5,315,1009.3,1,19.5,20.5,370.0,25.8,41.0,7.8
2026-02-21 04:00:00,2026,2,21,4,Hồ Chí Minh,Phường An Lạc,10.7381994,106.6148874,75,Moderate,1,24.2,82,0.0,2.3,266,1009.2,2,22.9,24.3,420.0,28.4,35.0,8.9
2026-02-21 05:00:00,2026,2,21,5,Hồ Chí Minh,Phường An Lạc,10.7381994,106.6148874,75,Moderate,1,23.8,85,0.0,2.4,222,1009.6,20,26.3,28.0,573.0,32.4,26.0,10.5
2026-02-21 06:00:00,2026,2,21,6,Hồ Chí Minh,Phường An Lạc,10.7381994,106.6148874,75,Moderate,1,23.5,88,0.0,3.7,313,1009.9,55,29.9,31.8,774.0,36.8,18.0,12.5
2026-02-21 07:00:00,2026,2,21,7,Hồ Chí Minh,Phường An Lạc,10.7381994,106.6148874,75,Moderate,1,24.0,88,0.0,5.3,322,1010.8,0,47.7,51.1,909.0,41.0,21.0,15.5
2026-02-21 08:00:00,2026,2,21,8,Hồ Chí Minh,Phường An Lạc,10.7381994,106.6148874,76,Moderate,1,26.1,76,0.0,3.7,337,1011.4,3,42.0,46.0,925.0,38.3,44.0,18.1
2026-02-21 09:00:00,2026,2,21,9,Hồ Chí Minh,Phường An Lạc,10.7381994,106.6148874,76,Moderate,1,28.3,66,0.0,2.3,18,1011.9,14,39.5,43.7,874.0,34.4,77.0,21.6
2026-02-21 10:00:00,2026,2,21,10,Hồ Chí Minh,Phường An Lạc,10.7381994,106.6148874,77,Moderate,1,30.5,56,0.0,1.6,297,1011.6,20,38.9,42.1,793.0,29.8,111.0,23.4
2026-02-21 11:00:00,2026,2,21,11,Hồ Chí Minh,Phường An Lạc,10.7381994,106.6148874,78,Moderate,1,31.9,49,0.0,3.2,270,1010.6,23,37.6,39.6,672.0,23.9,148.0,22.2
2026-02-21 12:00:00,2026,2,21,12,Hồ Chí Minh,Phường An Lạc,10.7381994,106.6148874,78,Moderate,1,33.2,43,0.0,3.6,264,1009.0,18,39.8,41.7,521.0,17.4,186.0,19.4
2026-02-21 13:00:00,2026,2,21,13,Hồ Chí Minh,Phường An Lạc,10.7381994,106.6148874,79,Moderate,1,33.2,43,0.0,3.8,281,1007.8,57,42.7,44.7,411.0,12.6,213.0,16.7
2026-02-21 14:00:00,2026,2,21,14,Hồ Chí Minh,Phường An Lạc,10.7381994,106.6148874,81,Moderate,1,34.0,40,0.1,3.4,276,1006.8,51,42.5,44.4,376.0,10.4,227.0,14.8
2026-02-21 15:00:00,2026,2,21,15,Hồ Chí Minh,Phường An Lạc,10.7381994,106.6148874,85,Moderate,1,34.1,39,0.2,1.5,234,1005.9,91,41.7,43.4,381.0,9.9,231.0,13.0
2026-02-21 16:00:00,2026,2,21,16,Hồ Chí Minh,Phường An Lạc,10.7381994,106.6148874,130,Unhealthy for Sensitive Groups,2,33.4,41,0.1,5.3,170,1005.5,98,39.2,41.1,394.0,11.2,220.0,11.6
2026-02-21 17:00:00,2026,2,21,17,Hồ Chí Minh,Phường An Lạc,10.7381994,106.6148874,163,Unhealthy,3,31.5,50,0.0,12.1,152,1005.9,73,31.8,33.4,409.0,15.6,183.0,10.8
2026-02-21 18:00:00,2026,2,21,18,Hồ Chí Minh,Phường An Lạc,10.7381994,106.6148874,180,Unhealthy,3,29.0,58,0.0,14.9,149,1006.4,93,29.6,32.4,432.0,21.9,132.0,10.3
2026-02-21 19:00:00,2026,2,21,19,Hồ Chí Minh,Phường An Lạc,10.7381994,106.6148874,183,Unhealthy,3,27.9,62,0.0,13.1,139,1007.2,100,17.6,19.0,441.0,23.9,101.0,9.8
2026-02-21 20:00:00,2026,2,21,20,Hồ Chí Minh,Phường An Lạc,10.7381994,106.6148874,176,Unhealthy,3,26.8,69,0.0,11.6,143,1007.9,99,14.7,16.1,426.0,23.4,93.0,9.2
2026-02-21 21:00:00,2026,2,21,21,Hồ Chí Minh,Phường An Lạc,10.7381994,106.6148874,161,Unhealthy,3,26.2,70,0.0,11.6,139,1008.5,100,12.6,14.1,397.0,22.7,82.0,8.3
2026-02-21 22:00:00,2026,2,21,22,Hồ Chí Minh,Phường An Lạc,10.7381994,106.6148874,136,Unhealthy for Sensitive Groups,2,25.4,77,0.0,12.2,135,1008.8,100,12.3,13.8,370.0,21.9,73.0,7.5
2026-02-21 23:00:00,2026,2,21,23,Hồ Chí Minh,Phường An Lạc,10.7381994,106.6148874,104,Unhealthy for Sensitive Groups,2,25.0,80,0.0,10.6,129,1008.8,100,11.9,13.3,348.0,20.6,70.0,6.8
2026-02-22 00:00:00,2026,2,22,0,Hồ Chí Minh,Phường An Lạc,10.7381994,106.6148874,85,Moderate,1,24.7,80,0.0,10.1,129,1008.7,100,11.1,12.4,327.0,19.2,68.0,6.1
2026-02-22 01:00:00,2026,2,22,1,Hồ Chí Minh,Phường An Lạc,10.7381994,106.6148874,85,Moderate,1,24.6,81,0.0,8.5,132,1007.8,99,10.9,12.2,313.0,18.7,66.0,5.8
2026-02-22 02:00:00,2026,2,22,2,Hồ Chí Minh,Phường An Lạc,10.7381994,106.6148874,85,Moderate,1,24.5,81,0.0,8.4,138,1007.4,98,11.4,12.7,292.0,19.6,61.0,6.0
2026-02-22 03:00:00,2026,2,22,3,Hồ Chí Minh,Phường An Lạc,10.7381994,106.6148874,84,Moderate,1,24.2,81,0.0,6.7,144,1007.1,100,13.0,14.4,279.0,21.5,54.0,6.6
2026-02-22 04:00:00,2026,2,22,4,Hồ Chí Minh,Phường An Lạc,10.7381994,106.6148874,84,Moderate,1,24.0,82,0.0,5.5,153,1007.1,100,15.1,16.5,317.0,24.1,48.0,7.6
2026-02-22 05:00:00,2026,2,22,5,Hồ Chí Minh,Phường An Lạc,10.7381994,106.6148874,83,Moderate,1,23.9,82,0.0,5.9,140,1007.5,98,17.3,18.8,473.0,28.6,41.0,9.3
2026-02-22 06:00:00,2026,2,22,6,Hồ Chí Minh,Phường An Lạc,10.7381994,106.6148874,82,Moderate,1,23.8,82,0.0,2.5,150,1008.1,76,20.5,22.3,680.0,33.8,34.0,11.4
2026-02-22 07:00:00,2026,2,22,7,Hồ Chí Minh,Phường An Lạc,10.7381994,106.6148874,81,Moderate,1,24.2,84,0.0,1.5,240,1009.1,100,30.7,33.8,790.0,36.1,33.0,13.4
2026-02-22 08:00:00,2026,2,22,8,Hồ Chí Minh,Phường An Lạc,10.7381994,106.6148874,80,Moderate,1,26.0,75,0.0,3.8,139,1009.7,92,25.1,28.4,706.0,32.2,43.0,13.1
2026-02-22 09:00:00,2026,2,22,9,Hồ Chí Minh,Phường An Lạc,10.7381994,106.6148874,78,Moderate,1,28.0,65,0.0,6.7,128,1010.0,4,23.7,27.6,524.0,26.7,58.0,12.7
2026-02-22 10:00:00,2026,2,22,10,Hồ Chí Minh,Phường An Lạc,10.7381994,106.6148874,77,Moderate,1,30.0,56,0.0,7.3,128,1010.1,0,23.6,28.6,383.0,21.7,75.0,11.9
2026-02-22 11:00:00,2026,2,22,11,Hồ Chí Minh,Phường An Lạc,10.7381994,106.6148874,76,Moderate,1,31.9,48,0.0,4.8,127,1009.1,25,23.1,28.2,342.0,17.5,98.0,10.6
2026-02-22 12:00:00,2026,2,22,12,Hồ Chí Minh,Phường An Lạc,10.7381994,106.6148874,74,Moderate,1,33.0,44,0.0,4.2,144,1007.8,20,22.7,26.9,343.0,13.7,124.0,8.9
2026-02-22 13:00:00,2026,2,22,13,Hồ Chí Minh,Phường An Lạc,10.7381994,106.6148874,73,Moderate,1,32.9,44,0.0,4.3,158,1006.7,24,24.6,27.9,350.0,11.3,142.0,7.7
2026-02-22 14:00:00,2026,2,22,14,Hồ Chí Minh,Phường An Lạc,10.7381994,106.6148874,71,Moderate,1,33.0,43,0.4,5.9,149,1005.8,38,26.3,28.6,352.0,10.7,149.0,7.2
2026-02-22 15:00:00,2026,2,22,15,Hồ Chí Minh,Phường An Lạc,10.7381994,106.6148874,70,Moderate,1,32.7,45,0.2,6.7,142,1005.3,63,26.3,29.2,360.0,11.5,149.0,7.2
2026-02-22 16:00:00,2026,2,22,16,Hồ Chí Minh,Phường An Lạc,10.7381994,106.6148874,68,Moderate,1,31.8,50,0.0,10.6,156,1004.7,25,24.0,27.7,367.0,13.4,141.0,7.4
2026-02-22 17:00:00,2026,2,22,17,Hồ Chí Minh,Phường An Lạc,10.7381994,106.6148874,67,Moderate,1,29.4,63,0.0,15.3,161,1005.0,5,20.3,23.1,370.0,17.3,122.0,7.9
2026-02-22 18:00:00,2026,2,22,18,Hồ Chí Minh,Phường An Lạc,10.7381994,106.6148874,79,Moderate,1,28.0,68,0.0,13.9,159,1005.6,4,20.9,23.5,371.0,22.2,95.0,8.7
2026-02-22 19:00:00,2026,2,22,19,Hồ Chí Minh,Phường An Lạc,10.7381994,106.6148874,84,Moderate,1,26.6,78,0.0,13.9,142,1006.2,9,21.4,24.3,374.0,26.9,77.0,10.0
2026-02-22 20:00:00,2026,2,22,20,Hồ Chí Minh,Phường An Lạc,10.7381994,106.6148874,79,Moderate,1,26.0,81,0.0,13.2,136,1007.2,7,16.5,19.0,383.0,25.8,72.0,9.4
2026-02-22 21:00:00,2026,2,22,21,Hồ Chí Minh,Phường An Lạc,10.7381994,106.6148874,68,Moderate,1,25.5,85,0.0,10.5,123,1007.8,5,13.9,16.5,393.0,24.3,65.0,8.6
2026-02-22 22:00:00,2026,2,22,22,Hồ Chí Minh,Phường An Lạc,10.7381994,106.6148874,66,Moderate,1,25.4,84,0.0,10.0,126,1008.0,9,13.4,15.8,390.0,23.1,59.0,7.9
2026-02-22 23:00:00,2026,2,22,23,Hồ Chí Minh,Phường An Lạc,10.7381994,106.6148874,66,Moderate,1,25.0,86,0.0,10.1,129,1008.4,90,13.1,15.3,363.0,22.4,56.0,7.3
2026-02-23 00:00:00,2026,2,23,0,Hồ Chí Minh,Phường An Lạc,10.7381994,106.6148874,66,Moderate,1,24.9,85,0.0,9.9,134,1008.2,98,12.0,14.1,323.0,22.0,55.0,6.7
2026-02-23 01:00:00,2026,2,23,1,Hồ Chí Minh,Phường An Lạc,10.7381994,106.6148874,66,Moderate,1,24.8,89,0.0,9.3,140,1007.8,100,11.4,13.5,289.0,21.7,54.0,6.3
2026-02-23 02:00:00,2026,2,23,2,Hồ Chí Minh,Phường An Lạc,10.7381994,106.6148874,66,Moderate,1,24.6,88,0.0,10.2,141,1007.7,100,11.3,13.4,262.0,21.2,53.0,6.1
2026-02-23 03:00:00,2026,2,23,3,Hồ Chí Minh,Phường An Lạc,10.7381994,106.6148874,66,Moderate,1,24.5,88,0.0,9.4,133,1007.3,23,11.5,13.6,242.0,20.7,52.0,6.1
2026-02-23 04:00:00,2026,2,23,4,Hồ Chí Minh,Phường An Lạc,10.7381994,106.6148874,66,Moderate,1,24.5,85,0.0,10.4,127,1007.1,16,11.9,14.1,244.0,20.8,50.0,6.4
2026-02-23 05:00:00,2026,2,23,5,Hồ Chí Minh,Phường An Lạc,10.7381994,106.6148874,66,Moderate,1,24.4,84,0.0,10.2,122,1007.2,90,12.6,14.8,289.0,22.3,46.0,7.1
2026-02-23 06:00:00,2026,2,23,6,Hồ Chí Minh,Phường An Lạc,10.7381994,106.6148874,65,Moderate,1,24.3,83,0.0,10.1,125,1008.2,100,13.7,15.9,356.0,24.4,40.0,8.1
2026-02-23 07:00:00,2026,2,23,7,Hồ Chí Minh,Phường An Lạc,10.7381994,106.6148874,65,Moderate,1,25.2,79,0.0,6.8,127,1008.8,89,19.8,23.2,399.0,22.3,45.0,7.6
2026-02-23 08:00:00,2026,2,23,8,Hồ Chí Minh,Phường An Lạc,10.7381994,106.6148874,64,Moderate,1,27.0,68,0.0,8.6,119,1009.7,96,20.5,24.1,391.0,20.3,55.0,7.7
2026-02-23 09:00:00,2026,2,23,9,Hồ Chí Minh,Phường An Lạc,10.7381994,106.6148874,63,Moderate,1,28.9,58,0.0,9.4,119,1010.5,64,22.1,26.2,358.0,17.4,69.0,7.8
2026-02-23 10:00:00,2026,2,23,10,Hồ Chí Minh,Phường An Lạc,10.7381994,106.6148874,63,Moderate,1,30.8,50,0.0,9.7,124,1010.5,13,22.8,26.0,335.0,14.6,85.0,7.6
2026-02-23 11:00:00,2026,2,23,11,Hồ Chí Minh,Phường An Lạc,10.7381994,106.6148874,63,Moderate,1,32.2,45,0.0,7.8,128,1009.6,1,23.6,25.7,342.0,11.7,106.0,6.8
2026-02-23 12:00:00,2026,2,23,12,Hồ Chí Minh,Phường An Lạc,10.7381994,106.6148874,63,Moderate,1,33.9,41,0.0,4.8,124,1008.2,28,25.6,27.6,359.0,8.8,130.0,5.8
2026-02-23 13:00:00,2026,2,23,13,Hồ Chí Minh,Phường An Lạc,10.7381994,106.6148874,63,Moderate,1,33.2,43,0.0,4.1,157,1007.6,27,26.5,28.5,362.0,7.0,147.0,5.0
2026-02-23 14:00:00,2026,2,23,14,Hồ Chí Minh,Phường An Lạc,10.7381994,106.6148874,64,Moderate,1,33.6,42,0.1,7.7,180,1006.6,34,26.3,28.2,333.0,6.2,154.0,4.7
2026-02-23 15:00:00,2026,2,23,15,Hồ Chí Minh,Phường An Lạc,10.7381994,106.6148874,64,Moderate,1,32.8,45,0.2,10.6,182,1006.0,49,24.7,26.4,291.0,6.5,153.0,4.6
2026-02-23 16:00:00,2026,2,23,16,Hồ Chí Minh,Phường An Lạc,10.7381994,106.6148874,63,Moderate,1,32.0,45,0.0,12.8,171,1005.7,38,22.2,23.9,266.0,8.7,145.0,5.1
2026-02-23 17:00:00,2026,2,23,17,Hồ Chí Minh,Phường An Lạc,10.7381994,106.6148874,77,Moderate,1,30.1,48,0.0,14.9,162,1005.9,20,21.1,23.9,275.0,14.5,125.0,6.6
2026-02-23 18:00:00,2026,2,23,18,Hồ Chí Minh,Phường An Lạc,10.7381994,106.6148874,89,Moderate,1,28.3,54,0.0,14.1,158,1006.3,14,22.1,24.4,302.0,22.3,98.0,8.7
2026-02-23 19:00:00,2026,2,23,19,Hồ Chí Minh,Phường An Lạc,10.7381994,106.6148874,92,Moderate,1,27.1,66,0.0,12.2,154,1007.6,17,21.0,23.7,325.0,26.8,76.0,9.5
2026-02-23 20:00:00,2026,2,23,20,Hồ Chí Minh,Phường An Lạc,10.7381994,106.6148874,85,Moderate,1,26.5,72,0.0,11.3,149,1008.0,52,17.5,20.0,340.0,25.7,72.0,9.1
2026-02-23 21:00:00,2026,2,23,21,Hồ Chí Minh,Phường An Lạc,10.7381994,106.6148874,73,Moderate,1,26.0,76,0.0,12.5,136,1008.4,93,15.8,18.3,352.0,24.2,67.0,8.6
2026-02-23 22:00:00,2026,2,23,22,Hồ Chí Minh,Phường An Lạc,10.7381994,106.6148874,64,Moderate,1,25.5,79,0.0,12.7,130,1008.9,100,14.8,17.2,352.0,23.1,62.0,8.1
2026-02-23 23:00:00,2026,2,23,23,Hồ Chí Minh,Phường An Lạc,10.7381994,106.6148874,64,Moderate,1,25.1,81,0.0,11.3,126,1008.9,100,14.0,16.2,332.0,22.6,58.0,7.6
2026-02-24 00:00:00,2026,2,24,0,Hồ Chí Minh,Phường An Lạc,10.7381994,106.6148874,64,Moderate,1,25.0,81,0.0,9.2,125,1008.5,99,12.9,15.0,300.0,22.5,55.0,7.1
2026-02-24 01:00:00,2026,2,24,1,Hồ Chí Minh,Phường An Lạc,10.7381994,106.6148874,64,Moderate,1,25.0,79,0.0,8.8,136,1007.6,97,12.6,14.6,274.0,22.4,52.0,6.7
2026-02-24 02:00:00,2026,2,24,2,Hồ Chí Minh,Phường An Lạc,10.7381994,106.6148874,64,Moderate,1,24.8,78,0.0,9.4,142,1007.1,99,12.5,14.6,255.0,22.1,50.0,6.6
2026-02-24 03:00:00,2026,2,24,3,Hồ Chí Minh,Phường An Lạc,10.7381994,106.6148874,64,Moderate,1,24.6,76,0.0,9.0,137,1007.2,77,12.5,14.6,241.0,21.7,49.0,6.6
2026-02-24 04:00:00,2026,2,24,4,Hồ Chí Minh,Phường An Lạc,10.7381994,106.6148874,64,Moderate,1,24.5,77,0.0,9.7,137,1007.7,100,12.4,14.4,250.0,21.7,48.0,6.8
2026-02-24 05:00:00,2026,2,24,5,Hồ Chí Minh,Phường An Lạc,10.7381994,106.6148874,64,Moderate,1,24.3,79,0.0,9.4,135,1008.2,100,12.7,14.7,304.0,22.7,45.0,7.5
2026-02-24 06:00:00,2026,2,24,6,Hồ Chí Minh,Phường An Lạc,10.7381994,106.6148874,64,Moderate,1,24.1,80,0.0,8.1,137,1009.0,99,13.4,15.5,380.0,23.9,42.0,8.3
2026-02-24 07:00:00,2026,2,24,7,Hồ Chí Minh,Phường An Lạc,10.7381994,106.6148874,64,Moderate,1,24.8,82,0.0,8.3,141,1009.5,100,16.6,18.9,423.0,24.2,42.0,8.9
2026-02-24 08:00:00,2026,2,24,8,Hồ Chí Minh,Phường An Lạc,10.7381994,106.6148874,64,Moderate,1,26.4,72,0.0,11.8,126,1010.2,100,15.8,18.6,400.0,20.9,53.0,8.3
2026-02-24 09:00:00,2026,2,24,9,Hồ Chí Minh,Phường An Lạc,10.7381994,106.6148874,64,Moderate,1,28.3,63,0.0,11.7,127,1010.8,100,15.4,18.6,344.0,16.3,68.0,7.4
2026-02-24 10:00:00,2026,2,24,10,Hồ Chí Minh,Phường An Lạc,10.7381994,106.6148874,63,Moderate,1,30.2,53,0.0,11.0,125,1011.0,100,15.4,19.2,304.0,12.3,84.0,6.5
2026-02-24 11:00:00,2026,2,24,11,Hồ Chí Minh,Phường An Lạc,10.7381994,106.6148874,62,Moderate,1,32.0,46,0.0,9.9,117,1010.3,23,14.8,18.2,306.0,9.6,102.0,5.7
2026-02-24 12:00:00,2026,2,24,12,Hồ Chí Minh,Phường An Lạc,10.7381994,106.6148874,62,Moderate,1,33.8,40,0.0,9.2,93,1009.1,56,14.4,17.2,324.0,7.6,120.0,5.0
2026-02-24 13:00:00,2026,2,24,13,Hồ Chí Minh,Phường An Lạc,10.7381994,106.6148874,61,Moderate,1,33.5,42,0.0,7.6,117,1008.3,100,14.8,17.5,330.0,6.5,132.0,4.5
2026-02-24 14:00:00,2026,2,24,14,Hồ Chí Minh,Phường An Lạc,10.7381994,106.6148874,60,Moderate,1,34.0,41,0.0,6.6,135,1007.0,56,15.4,18.2,303.0,6.3,135.0,4.2
2026-02-24 15:00:00,2026,2,24,15,Hồ Chí Minh,Phường An Lạc,10.7381994,106.6148874,59,Moderate,1,33.8,40,0.0,8.1,155,1006.3,100,15.4,18.2,264.0,7.1,132.0,4.0
2026-02-24 16:00:00,2026,2,24,16,Hồ Chí Minh,Phường An Lạc,10.7381994,106.6148874,58,Moderate,1,31.3,51,0.0,15.4,169,1006.4,98,15.3,18.1,245.0,9.4,124.0,4.4
2026-02-24 17:00:00,2026,2,24,17,Hồ Chí Minh,Phường An Lạc,10.7381994,106.6148874,57,Moderate,1,29.4,57,0.0,14.2,162,1007.0,100,15.6,18.1,269.0,14.7,107.0,5.8
2026-02-24 18:00:00,2026,2,24,18,Hồ Chí Minh,Phường An Lạc,10.7381994,106.6148874,66,Moderate,1,28.0,62,0.0,15.0,150,1007.4,98,17.2,19.3,314.0,21.4,84.0,7.8
2026-02-24 19:00:00,2026,2,24,19,Hồ Chí Minh,Phường An Lạc,10.7381994,106.6148874,66,Moderate,1,26.6,71,0.0,12.0,141,1007.7,95,22.5,26.1,344.0,28.3,68.0,9.8
2026-02-24 20:00:00,2026,2,24,20,Hồ Chí Minh,Phường An Lạc,10.7381994,106.6148874,58,Moderate,1,26.1,79,0.0,13.8,144,1008.9,100,19.4,22.5,342.0,26.9,66.0,9.3
2026-02-24 21:00:00,2026,2,24,21,Hồ Chí Minh,Phường An Lạc,10.7381994,106.6148874,57,Moderate,1,25.6,83,0.0,13.4,132,1009.5,100,17.9,20.7,325.0,25.0,62.0,8.6
2026-02-24 22:00:00,2026,2,24,22,Hồ Chí Minh,Phường An Lạc,10.7381994,106.6148874,57,Moderate,1,25.5,84,0.0,14.1,133,1010.1,100,16.9,19.5,306.0,23.2,60.0,7.9
2026-02-24 23:00:00,2026,2,24,23,Hồ Chí Minh,Phường An Lạc,10.7381994,106.6148874,57,Moderate,1,25.2,84,0.0,13.4,136,1010.4,100,15.8,18.2,286.0,21.8,60.0,7.2
2026-02-25 00:00:00,2026,2,25,0,Hồ Chí Minh,Phường An Lạc,10.7381994,106.6148874,57,Moderate,1,25.0,84,0.0,13.0,138,1009.8,100,14.2,16.5,264.0,20.6,60.0,6.5
2026-02-25 01:00:00,2026,2,25,1,Hồ Chí Minh,Phường An Lạc,10.7381994,106.6148874,57,Moderate,1,25.4,83,0.0,11.0,142,1009.4,100,13.4,15.7,248.0,19.8,60.0,6.1
2026-02-25 02:00:00,2026,2,25,2,Hồ Chí Minh,Phường An Lạc,10.7381994,106.6148874,57,Moderate,1,25.0,85,0.0,10.7,144,1009.2,99,13.2,15.5,230.0,19.6,57.0,6.0
2026-02-25 03:00:00,2026,2,25,3,Hồ Chí Minh,Phường An Lạc,10.7381994,106.6148874,57,Moderate,1,24.8,86,0.0,9.7,135,1008.9,90,13.5,15.9,217.0,19.9,54.0,6.2
2026-02-25 04:00:00,2026,2,25,4,Hồ Chí Minh,Phường An Lạc,10.7381994,106.6148874,57,Moderate,1,24.6,88,0.0,8.8,133,1009.1,30,13.7,16.2,243.0,20.7,50.0,6.6
2026-02-25 05:00:00,2026,2,25,5,Hồ Chí Minh,Phường An Lạc,10.7381994,106.6148874,58,Moderate,1,24.4,89,0.0,8.0,140,1009.5,88,14.1,16.5,351.0,22.9,45.0,7.6
2026-02-25 06:00:00,2026,2,25,6,Hồ Chí Minh,Phường An Lạc,10.7381994,106.6148874,58,Moderate,1,24.1,90,0.0,7.5,140,1010.0,80,15.3,17.8,498.0,25.7,40.0,8.9
2026-02-25 07:00:00,2026,2,25,7,Hồ Chí Minh,Phường An Lạc,10.7381994,106.6148874,58,Moderate,1,24.8,88,0.0,4.2,168,1010.4,82,18.5,21.2,582.0,26.6,40.0,9.2
2026-02-25 08:00:00,2026,2,25,8,Hồ Chí Minh,Phường An Lạc,10.7381994,106.6148874,58,Moderate,1,26.9,75,0.0,6.0,127,1011.0,94,18.5,22.2,542.0,23.2,49.0,8.7
2026-02-25 09:00:00,2026,2,25,9,Hồ Chí Minh,Phường An Lạc,10.7381994,106.6148874,58,Moderate,1,28.9,63,0.0,7.0,113,1011.4,100,18.0,22.2,439.0,18.4,63.0,7.9
2026-02-25 10:00:00,2026,2,25,10,Hồ Chí Minh,Phường An Lạc,10.7381994,106.6148874,58,Moderate,1,30.8,54,0.0,8.5,107,1011.1,98,17.3,21.8,358.0,14.4,78.0,7.2
2026-02-25 11:00:00,2026,2,25,11,Hồ Chí Minh,Phường An Lạc,10.7381994,106.6148874,59,Moderate,1,32.5,44,0.0,7.9,106,1010.2,98,16.5,20.2,336.0,11.7,98.0,6.5
2026-02-25 12:00:00,2026,2,25,12,Hồ Chí Minh,Phường An Lạc,10.7381994,106.6148874,59,Moderate,1,33.2,40,0.0,7.0,100,1009.0,71,16.8,19.6,336.0,9.8,119.0,5.8
2026-02-25 13:00:00,2026,2,25,13,Hồ Chí Minh,Phường An Lạc,10.7381994,106.6148874,59,Moderate,1,33.5,39,0.0,7.7,114,1008.1,70,17.6,19.7,329.0,8.9,135.0,5.4
2026-02-25 14:00:00,2026,2,25,14,Hồ Chí Minh,Phường An Lạc,10.7381994,106.6148874,59,Moderate,1,34.7,35,0.0,6.7,128,1006.8,88,18.2,19.8,299.0,8.9,142.0,5.2
2026-02-25 15:00:00,2026,2,25,15,Hồ Chí Minh,Phường An Lạc,10.7381994,106.6148874,59,Moderate,1,33.5,38,0.0,11.0,150,1006.5,100,18.5,20.1,262.0,9.9,143.0,5.2
2026-02-25 16:00:00,2026,2,25,16,Hồ Chí Minh,Phường An Lạc,10.7381994,106.6148874,60,Moderate,1,29.8,53,0.0,17.2,169,1006.5,100,18.2,19.7,244.0,12.1,136.0,5.6
2026-02-25 17:00:00,2026,2,25,17,Hồ Chí Minh,Phường An Lạc,10.7381994,106.6148874,61,Moderate,1,29.0,57,0.0,11.4,152,1006.9,100,18.3,19.8,261.0,16.5,118.0,6.7
2026-02-25 18:00:00,2026,2,25,18,Hồ Chí Minh,Phường An Lạc,10.7381994,106.6148874,73,Moderate,1,27.8,60,0.0,13.3,159,1007.4,100,19.2,20.8,296.0,22.0,92.0,8.1
2026-02-25 19:00:00,2026,2,25,19,Hồ Chí Minh,Phường An Lạc,10.7381994,106.6148874,76,Moderate,1,27.5,67,0.0,11.6,152,1007.8,100,21.1,22.4,323.0,28.8,69.0,9.9
2026-02-25 20:00:00,2026,2,25,20,Hồ Chí Minh,Phường An Lạc,10.7381994,106.6148874,69,Moderate,1,26.5,78,0.0,13.8,140,1008.4,29,19.9,21.0,333.0,30.2,59.0,10.1
2026-02-25 21:00:00,2026,2,25,21,Hồ Chí Minh,Phường An Lạc,10.7381994,106.6148874,60,Moderate,1,26.0,78,0.0,12.0,130,1008.8,98,20.6,21.6,334.0,32.1,46.0,10.3
2026-02-25 22:00:00,2026,2,25,22,Hồ Chí Minh,Phường An Lạc,10.7381994,106.6148874,61,Moderate,1,26.0,77,0.0,11.3,132,1008.7,81,21.4,22.4,325.0,32.8,37.0,10.3
2026-02-25 23:00:00,2026,2,25,23,Hồ Chí Minh,Phường An Lạc,10.7381994,106.6148874,61,Moderate,1,25.7,76,0.0,9.7,130,1009.0,100,19.6,20.4,297.0,31.3,36.0,9.7
2026-02-26 00:00:00,2026,2,26,0,Hồ Chí Minh,Phường An Lạc,10.7381994,106.6148874,61,Moderate,1,25.9,75,0.0,8.0,138,1009.1,100,17.2,18.2,260.0,28.7,39.0,8.8
2026-02-26 01:00:00,2026,2,26,1,Hồ Chí Minh,Phường An Lạc,10.7381994,106.6148874,62,Moderate,1,25.8,81,0.4,10.5,160,1008.4,100,16.4,17.5,237.0,26.9,42.0,8.2
2026-02-26 02:00:00,2026,2,26,2,Hồ Chí Minh,Phường An Lạc,10.7381994,106.6148874,62,Moderate,1,25.2,90,0.7,8.4,165,1008.3,100,16.2,17.9,238.0,26.5,42.0,8.2
2026-02-26 03:00:00,2026,2,26,3,Hồ Chí Minh,Phường An Lạc,10.7381994,106.6148874,62,Moderate,1,25.0,92,0.4,7.9,183,1007.9,100,16.4,18.2,254.0,26.9,42.0,8.6
2026-02-26 04:00:00,2026,2,26,4,Hồ Chí Minh,Phường An Lạc,10.7381994,106.6148874,62,Moderate,1,24.8,92,0.2,9.0,179,1008.0,100,17.2,19.0,283.0,28.3,40.0,9.2
2026-02-26 05:00:00,2026,2,26,5,Hồ Chí Minh,Phường An Lạc,10.7381994,106.6148874,63,Moderate,1,24.7,93,0.2,8.3,174,1008.4,100,18.3,20.3,330.0,31.9,34.0,10.4
2026-02-26 06:00:00,2026,2,26,6,Hồ Chí Minh,Phường An Lạc,10.7381994,106.6148874,63,Moderate,1,24.6,93,0.2,8.2,171,1008.8,100,20.5,22.6,390.0,36.5,26.0,12.0
2026-02-26 07:00:00,2026,2,26,7,Hồ Chí Minh,Phường An Lạc,10.7381994,106.6148874,64,Moderate,1,24.1,95,0.4,11.1,103,1009.2,100,30.2,30.7,446.0,49.9,8.0,16.1
2026-02-26 08:00:00,2026,2,26,8,Hồ Chí Minh,Phường An Lạc,10.7381994,106.6148874,65,Moderate,1,23.6,97,2.7,8.6,101,1009.7,100,34.6,35.2,493.0,47.1,14.0,16.1
2026-02-26 09:00:00,2026,2,26,9,Hồ Chí Minh,Phường An Lạc,10.7381994,106.6148874,66,Moderate,1,24.2,96,3.6,7.3,107,1010.1,100,27.6,28.2,536.0,43.1,24.0,16.0
2026-02-26 10:00:00,2026,2,26,10,Hồ Chí Minh,Phường An Lạc,10.7381994,106.6148874,67,Moderate,1,24.1,97,5.1,6.8,102,1010.3,100,26.5,27.1,569.0,38.7,38.0,15.5
2026-02-26 11:00:00,2026,2,26,11,Hồ Chí Minh,Phường An Lạc,10.7381994,106.6148874,68,Moderate,1,24.4,97,4.4,4.6,135,1010.1,100,24.6,25.2,577.0,33.9,62.0,14.3
2026-02-26 12:00:00,2026,2,26,12,Hồ Chí Minh,Phường An Lạc,10.7381994,106.6148874,68,Moderate,1,24.6,96,3.1,1.5,97,1008.9,100,25.3,25.8,574.0,28.6,90.0,12.8
2026-02-26 13:00:00,2026,2,26,13,Hồ Chí Minh,Phường An Lạc,10.7381994,106.6148874,69,Moderate,1,24.5,91,1.1,6.4,25,1007.5,100,28.9,29.4,602.0,24.2,110.0,11.2
2026-02-26 14:00:00,2026,2,26,14,Hồ Chí Minh,Phường An Lạc,10.7381994,106.6148874,70,Moderate,1,26.0,81,1.6,4.3,28,1006.5,100,21.1,21.7,662.0,20.1,115.0,9.5
2026-02-26 15:00:00,2026,2,26,15,Hồ Chí Minh,Phường An Lạc,10.7381994,106.6148874,70,Moderate,1,25.0,87,1.3,4.9,306,1005.7,100,15.3,15.8,753.0,16.8,112.0,7.8
2026-02-26 16:00:00,2026,2,26,16,Hồ Chí Minh,Phường An Lạc,10.7381994,106.6148874,70,Moderate,1,24.3,92,1.3,6.3,283,1005.3,100,13.4,13.9,907.0,16.6,102.0,7.0
2026-02-26 17:00:00,2026,2,26,17,Hồ Chí Minh,Phường An Lạc,10.7381994,106.6148874,70,Moderate,1,24.0,96,0.5,4.3,292,1005.7,100,12.7,13.1,1172.0,22.7,83.0,7.9
2026-02-26 18:00:00,2026,2,26,18,Hồ Chí Minh,Phường An Lạc,10.7381994,106.6148874,69,Moderate,1,24.0,97,1.3,2.4,347,1006.3,88,16.0,16.3,1501.0,31.9,58.0,9.6
2026-02-26 19:00:00,2026,2,26,19,Hồ Chí Minh,Phường An Lạc,10.7381994,106.6148874,69,Moderate,1,24.7,95,1.0,5.7,136,1006.4,100,28.8,29.4,1782.0,44.2,37.0,11.6
2026-02-26 20:00:00,2026,2,26,20,Hồ Chí Minh,Phường An Lạc,10.7381994,106.6148874,70,Moderate,1,24.6,95,0.4,2.6,155,1007.2,96,27.6,28.0,2040.0,41.0,36.0,11.4
2026-02-26 21:00:00,2026,2,26,21,Hồ Chí Minh,Phường An Lạc,10.7381994,106.6148874,70,Moderate,1,24.5,96,0.2,6.3,145,1007.6,99,26.1,26.6,2252.0,36.5,34.0,11.1
2026-02-26 22:00:00,2026,2,26,22,Hồ Chí Minh,Phường An Lạc,10.7381994,106.6148874,71,Moderate,1,24.5,95,0.0,8.8,123,1007.7,98,24.8,25.6,2232.0,32.5,33.0,10.6
2026-02-26 23:00:00,2026,2,26,23,Hồ Chí Minh,Phường An Lạc,10.7381994,106.6148874,71,Moderate,1,24.5,96,0.0,10.4,116,1007.8,100,22.6,23.5,1794.0,29.6,33.0,9.7
2026-02-27 00:00:00,2026,2,27,0,Hồ Chí Minh,Phường An Lạc,10.7381994,106.6148874,71,Moderate,1,24.4,96,0.0,10.4,111,1007.5,100,19.2,20.3,1126.0,27.2,33.0,8.7
2026-02-27 01:00:00,2026,2,27,1,Hồ Chí Minh,Phường An Lạc,10.7381994,106.6148874,71,Moderate,1,24.5,96,0.0,9.0,110,1006.8,98,16.7,17.9,603.0,24.9,33.0,7.7
2026-02-27 02:00:00,2026,2,27,2,Hồ Chí Minh,Phường An Lạc,10.7381994,106.6148874,72,Moderate,1,24.6,95,0.1,8.6,110,1006.3,96,14.2,15.4,377.0,22.4,34.0,6.9
2026-02-27 03:00:00,2026,2,27,3,Hồ Chí Minh,Phường An Lạc,10.7381994,106.6148874,71,Moderate,1,24.4,95,0.0,7.5,105,1006.1,100,12.8,13.9,297.0,20.0,34.0,6.2
2026-02-27 04:00:00,2026,2,27,4,Hồ Chí Minh,Phường An Lạc,10.7381994,106.6148874,71,Moderate,1,24.2,95,0.0,8.9,96,1006.0,75,11.8,13.0,284.0,18.8,34.0,5.8
2026-02-27 05:00:00,2026,2,27,5,Hồ Chí Minh,Phường An Lạc,10.7381994,106.6148874,71,Moderate,1,24.0,95,0.0,8.0,108,1006.4,88,11.3,12.4,352.0,20.0,31.0,6.2
2026-02-27 06:00:00,2026,2,27,6,Hồ Chí Minh,Phường An Lạc,10.7381994,106.6148874,70,Moderate,1,24.0,95,0.0,8.5,96,1007.2,100,11.8,13.0,487.0,22.4,27.0,6.9
2026-02-27 07:00:00,2026,2,27,7,Hồ Chí Minh,Phường An Lạc,10.7381994,106.6148874,69,Moderate,1,24.5,95,1.5,9.1,112,1008.0,98,20.8,22.4,564.0,28.9,21.0,10.3
2026-02-27 08:00:00,2026,2,27,8,Hồ Chí Minh,Phường An Lạc,10.7381994,106.6148874,68,Moderate,1,25.9,89,0.3,9.4,110,1008.8,97,16.8,18.9,515.0,23.6,34.0,8.9
2026-02-27 09:00:00,2026,2,27,9,Hồ Chí Minh,Phường An Lạc,10.7381994,106.6148874,67,Moderate,1,26.9,85,0.2,9.3,118,1009.0,91,15.3,17.7,408.0,16.2,51.0,7.0
2026-02-27 10:00:00,2026,2,27,10,Hồ Chí Minh,Phường An Lạc,10.7381994,106.6148874,66,Moderate,1,28.2,79,0.2,10.5,114,1009.2,100,13.5,16.2,320.0,10.8,66.0,5.5
2026-02-27 11:00:00,2026,2,27,11,Hồ Chí Minh,Phường An Lạc,10.7381994,106.6148874,64,Moderate,1,29.4,71,0.2,11.7,121,1008.6,100,13.7,17.2,278.0,9.1,74.0,4.8
2026-02-27 12:00:00,2026,2,27,12,Hồ Chí Minh,Phường An Lạc,10.7381994,106.6148874,64,Moderate,1,27.1,80,10.4,7.9,191,1007.4,99,10.4,12.4,254.0,9.2,79.0,4.5
2026-02-27 13:00:00,2026,2,27,13,Hồ Chí Minh,Phường An Lạc,10.7381994,106.6148874,62,Moderate,1,29.8,66,0.2,5.3,142,1006.1,100,11.9,14.0,245.0,9.9,82.0,4.6
2026-02-27 14:00:00,2026,2,27,14,Hồ Chí Minh,Phường An Lạc,10.7381994,106.6148874,61,Moderate,1,27.5,74,1.6,9.6,163,1005.6,93,13.0,15.3,218.0,10.2,84.0,5.2
2026-02-27 15:00:00,2026,2,27,15,Hồ Chí Minh,Phường An Lạc,10.7381994,106.6148874,60,Moderate,1,27.1,79,4.7,2.9,112,1005.0,88,12.5,14.5,206.0,10.9,85.0,6.2
2026-02-27 16:00:00,2026,2,27,16,Hồ Chí Minh,Phường An Lạc,10.7381994,106.6148874,60,Moderate,1,27.2,78,0.2,8.7,156,1005.1,97,12.8,15.0,298.0,13.4,80.0,7.2
2026-02-27 17:00:00,2026,2,27,17,Hồ Chí Minh,Phường An Lạc,10.7381994,106.6148874,60,Moderate,1,25.4,86,4.3,7.5,117,1005.6,98,13.6,15.6,612.0,19.3,67.0,8.2
2026-02-27 18:00:00,2026,2,27,18,Hồ Chí Minh,Phường An Lạc,10.7381994,106.6148874,60,Moderate,1,25.2,89,0.0,5.4,92,1006.2,75,15.4,17.3,1030.0,27.0,49.0,9.1
2026-02-27 19:00:00,2026,2,27,19,Hồ Chí Minh,Phường An Lạc,10.7381994,106.6148874,60,Moderate,1,24.6,94,0.0,2.8,45,1006.6,51,27.9,30.3,1293.0,51.4,18.0,13.4
2026-02-27 20:00:00,2026,2,27,20,Hồ Chí Minh,Phường An Lạc,10.7381994,106.6148874,60,Moderate,1,24.6,96,0.0,4.9,73,1007.2,52,23.8,25.8,1264.0,46.1,21.0,12.1
2026-02-27 21:00:00,2026,2,27,21,Hồ Chí Minh,Phường An Lạc,10.7381994,106.6148874,59,Moderate,1,24.4,97,0.0,4.6,72,1007.5,99,19.8,21.6,1079.0,38.9,24.0,10.3
2026-02-27 22:00:00,2026,2,27,22,Hồ Chí Minh,Phường An Lạc,10.7381994,106.6148874,59,Moderate,1,24.1,97,0.0,4.0,85,1007.9,28,18.4,20.1,894.0,33.8,26.0,9.0
2026-02-27 23:00:00,2026,2,27,23,Hồ Chí Minh,Phường An Lạc,10.7381994,106.6148874,58,Moderate,1,24.0,97,0.1,4.0,117,1008.3,65,18.7,20.4,750.0,32.7,25.0,8.7
2026-02-28 00:00:00,2026,2,28,0,Hồ Chí Minh,Phường An Lạc,10.7381994,106.6148874,58,Moderate,1,24.0,96,0.0,4.8,110,1008.0,28,18.9,20.7,606.0,33.6,22.0,8.8
2026-02-28 01:00:00,2026,2,28,1,Hồ Chí Minh,Phường An Lạc,10.7381994,106.6148874,58,Moderate,1,23.9,96,0.0,7.4,139,1007.4,32,20.5,22.5,488.0,34.8,19.0,9.0
2026-02-28 02:00:00,2026,2,28,2,Hồ Chí Minh,Phường An Lạc,10.7381994,106.6148874,58,Moderate,1,23.8,97,0.0,7.4,135,1006.3,39,22.8,24.9,404.0,36.4,16.0,9.2
2026-02-28 03:00:00,2026,2,28,3,Hồ Chí Minh,Phường An Lạc,10.7381994,106.6148874,59,Moderate,1,23.6,97,0.0,5.8,124,1005.6,50,23.2,25.4,348.0,38.2,12.0,9.5
2026-02-28 04:00:00,2026,2,28,4,Hồ Chí Minh,Phường An Lạc,10.7381994,106.6148874,60,Moderate,1,23.5,98,0.0,6.1,114,1005.7,17,21.1,23.2,326.0,38.3,11.0,9.6
2026-02-28 05:00:00,2026,2,28,5,Hồ Chí Minh,Phường An Lạc,10.7381994,106.6148874,61,Moderate,1,23.5,98,0.0,6.9,104,1006.2,17,18.0,19.8,365.0,35.4,13.0,9.6
2026-02-28 06:00:00,2026,2,28,6,Hồ Chí Minh,Phường An Lạc,10.7381994,106.6148874,61,Moderate,1,23.5,98,0.0,7.2,93,1007.0,23,15.5,17.2,438.0,30.8,18.0,9.5
2026-02-28 07:00:00,2026,2,28,7,Hồ Chí Minh,Phường An Lạc,10.7381994,106.6148874,62,Moderate,1,24.5,95,0.0,9.1,99,1007.8,9,16.5,18.2,474.0,27.0,23.0,9.4
2026-02-28 08:00:00,2026,2,28,8,Hồ Chí Minh,Phường An Lạc,10.7381994,106.6148874,61,Moderate,1,26.0,86,0.0,12.3,117,1008.7,34,13.5,15.0,432.0,23.6,31.0,8.5
2026-02-28 09:00:00,2026,2,28,9,Hồ Chí Minh,Phường An Lạc,10.7381994,106.6148874,61,Moderate,1,27.7,77,0.0,11.1,124,1009.3,43,10.9,12.3,354.0,18.8,43.0,7.3
2026-02-28 10:00:00,2026,2,28,10,Hồ Chí Minh,Phường An Lạc,10.7381994,106.6148874,60,Moderate,1,28.9,73,0.0,8.7,124,1009.6,13,10.2,11.6,290.0,14.6,56.0,6.2
2026-02-28 11:00:00,2026,2,28,11,Hồ Chí Minh,Phường An Lạc,10.7381994,106.6148874,60,Moderate,1,29.9,70,0.0,8.7,128,1008.7,16,10.2,11.6,260.0,11.3,71.0,5.3
2026-02-28 12:00:00,2026,2,28,12,Hồ Chí Minh,Phường An Lạc,10.7381994,106.6148874,60,Moderate,1,30.5,67,0.1,9.1,142,1007.7,34,9.8,11.1,244.0,8.5,88.0,4.6
2026-02-28 13:00:00,2026,2,28,13,Hồ Chí Minh,Phường An Lạc,10.7381994,106.6148874,60,Moderate,1,31.0,65,0.0,7.4,148,1006.9,90,10.1,11.1,237.0,6.9,100.0,4.3
2026-02-28 14:00:00,2026,2,28,14,Hồ Chí Minh,Phường An Lạc,10.7381994,106.6148874,60,Moderate,1,31.4,61,0.0,8.0,142,1005.5,100,10.8,11.7,232.0,6.7,107.0,4.4
2026-02-28 15:00:00,2026,2,28,15,Hồ Chí Minh,Phường An Lạc,10.7381994,106.6148874,59,Moderate,1,29.5,68,0.5,9.9,155,1004.7,48,11.5,12.6,236.0,7.7,110.0,4.9
2026-02-28 16:00:00,2026,2,28,16,Hồ Chí Minh,Phường An Lạc,10.7381994,106.6148874,59,Moderate,1,29.4,68,0.3,8.8,161,1004.6,57,11.9,13.3,266.0,10.5,106.0,5.7
2026-02-28 17:00:00,2026,2,28,17,Hồ Chí Minh,Phường An Lạc,10.7381994,106.6148874,59,Moderate,1,28.4,72,0.2,11.2,136,1005.3,52,12.4,13.9,346.0,16.3,92.0,7.2
2026-02-28 18:00:00,2026,2,28,18,Hồ Chí Minh,Phường An Lạc,10.7381994,106.6148874,59,Moderate,1,27.0,81,0.0,9.3,140,1006.1,47,14.2,15.8,452.0,24.0,70.0,9.0
2026-02-28 19:00:00,2026,2,28,19,Hồ Chí Minh,Phường An Lạc,10.7381994,106.6148874,59,Moderate,1,26.8,84,0.0,10.0,144,1006.3,2,19.1,21.0,522.0,34.8,50.0,11.3
2026-02-28 20:00:00,2026,2,28,20,Hồ Chí Minh,Phường An Lạc,10.7381994,106.6148874,58,Moderate,1,26.2,87,0.0,9.9,138,1007.4,3,18.8,20.6,528.0,36.3,44.0,11.8
2026-02-28 21:00:00,2026,2,28,21,Hồ Chí Minh,Phường An Lạc,10.7381994,106.6148874,58,Moderate,1,25.8,91,0.0,9.3,136,1007.7,3,19.8,22.0,500.0,38.4,36.0,12.5
2026-02-28 22:00:00,2026,2,28,22,Hồ Chí Minh,Phường An Lạc,10.7381994,106.6148874,58,Moderate,1,25.5,93,0.0,9.3,134,1007.9,3,21.3,23.5,463.0,39.3,30.0,12.8
2026-02-28 23:00:00,2026,2,28,23,Hồ Chí Minh,Phường An Lạc,10.7381994,106.6148874,58,Moderate,1,25.3,94,0.0,8.3,136,1007.9,1,20.7,22.9,420.0,37.9,30.0,12.2
2026-03-01 00:00:00,2026,3,1,0,Hồ Chí Minh,Phường An Lạc,10.7381994,106.6148874,58,Moderate,1,25.0,96,0.0,8.3,139,1007.5,5,18.0,20.3,368.0,35.4,32.0,11.1
2026-03-01 01:00:00,2026,3,1,1,Hồ Chí Minh,Phường An Lạc,10.7381994,106.6148874,58,Moderate,1,25.1,97,0.0,8.5,145,1006.9,26,16.9,19.1,328.0,33.6,34.0,10.3
2026-03-01 02:00:00,2026,3,1,2,Hồ Chí Minh,Phường An Lạc,10.7381994,106.6148874,58,Moderate,1,24.9,97,0.0,8.3,139,1006.7,45,16.8,19.0,283.0,33.3,33.0,10.0
2026-03-01 03:00:00,2026,3,1,3,Hồ Chí Minh,Phường An Lạc,10.7381994,106.6148874,57,Moderate,1,24.7,97,0.0,8.1,135,1006.3,80,17.1,19.4,249.0,33.6,30.0,10.1
2026-03-01 04:00:00,2026,3,1,4,Hồ Chí Minh,Phường An Lạc,10.7381994,106.6148874,57,Moderate,1,24.5,97,0.0,7.9,141,1006.5,73,17.9,20.3,293.0,34.0,29.0,10.4
2026-03-01 05:00:00,2026,3,1,5,Hồ Chí Minh,Phường An Lạc,10.7381994,106.6148874,57,Moderate,1,24.4,97,0.0,6.4,137,1006.9,84,19.0,21.5,513.0,34.8,28.0,11.5
2026-03-01 06:00:00,2026,3,1,6,Hồ Chí Minh,Phường An Lạc,10.7381994,106.6148874,57,Moderate,1,24.3,98,0.0,5.2,131,1007.6,92,20.5,23.1,810.0,35.7,28.0,12.9
2026-03-01 07:00:00,2026,3,1,7,Hồ Chí Minh,Phường An Lạc,10.7381994,106.6148874,57,Moderate,1,25.2,95,0.0,8.4,130,1008.3,30,19.6,22.5,962.0,33.6,33.0,13.0
2026-03-01 08:00:00,2026,3,1,8,Hồ Chí Minh,Phường An Lạc,10.7381994,106.6148874,57,Moderate,1,26.7,86,0.0,9.6,128,1009.2,17,16.8,19.6,820.0,27.9,41.0,11.1
2026-03-01 09:00:00,2026,3,1,9,Hồ Chí Minh,Phường An Lạc,10.7381994,106.6148874,58,Moderate,1,28.1,78,0.1,7.8,122,1009.6,13,12.7,15.3,533.0,20.0,53.0,8.6
2026-03-01 10:00:00,2026,3,1,10,Hồ Chí Minh,Phường An Lạc,10.7381994,106.6148874,58,Moderate,1,29.2,71,0.0,6.0,123,1009.4,17,11.6,13.6,317.0,13.8,66.0,6.6
2026-03-01 11:00:00,2026,3,1,11,Hồ Chí Minh,Phường An Lạc,10.7381994,106.6148874,58,Moderate,1,30.3,65,0.0,5.4,116,1008.8,17,11.5,13.1,271.0,10.8,79.0,5.8
2026-03-01 12:00:00,2026,3,1,12,Hồ Chí Minh,Phường An Lạc,10.7381994,106.6148874,58,Moderate,1,31.0,62,0.0,5.5,107,1007.8,5,11.6,12.9,297.0,9.4,93.0,5.6
2026-03-01 13:00:00,2026,3,1,13,Hồ Chí Minh,Phường An Lạc,10.7381994,106.6148874,58,Moderate,1,32.0,55,0.0,5.1,96,1006.7,6,11.8,12.8,320.0,8.9,104.0,5.5
2026-03-01 14:00:00,2026,3,1,14,Hồ Chí Minh,Phường An Lạc,10.7381994,106.6148874,58,Moderate,1,32.2,54,0.0,6.0,106,1005.7,13,12.2,13.1,305.0,8.3,112.0,5.3
2026-03-01 15:00:00,2026,3,1,15,Hồ Chí Minh,Phường An Lạc,10.7381994,106.6148874,58,Moderate,1,32.1,53,0.0,6.4,119,1004.7,18,12.6,13.4,287.0,8.5,116.0,5.3
2026-03-01 16:00:00,2026,3,1,16,Hồ Chí Minh,Phường An Lạc,10.7381994,106.6148874,59,Moderate,1,31.6,56,0.0,8.1,141,1004.4,19,12.3,13.1,297.0,11.2,113.0,5.9
2026-03-01 17:00:00,2026,3,1,17,Hồ Chí Minh,Phường An Lạc,10.7381994,106.6148874,59,Moderate,1,30.5,62,0.0,9.6,166,1005.4,13,13.4,14.1,366.0,18.7,98.0,7.9
2026-03-01 18:00:00,2026,3,1,18,Hồ Chí Minh,Phường An Lạc,10.7381994,106.6148874,59,Moderate,1,28.1,71,0.0,10.9,163,1006.0,3,18.2,18.8,463.0,28.6,75.0,10.5
2026-03-01 19:00:00,2026,3,1,19,Hồ Chí Minh,Phường An Lạc,10.7381994,106.6148874,59,Moderate,1,27.5,79,0.0,12.4,149,1006.4,3,29.5,31.5,523.0,38.7,59.0,13.3
2026-03-01 20:00:00,2026,3,1,20,Hồ Chí Minh,Phường An Lạc,10.7381994,106.6148874,60,Moderate,1,26.5,85,0.0,11.0,152,1007.6,4,26.8,29.0,512.0,37.5,54.0,12.9
2026-03-01 21:00:00,2026,3,1,21,Hồ Chí Minh,Phường An Lạc,10.7381994,106.6148874,61,Moderate,1,26.1,88,0.0,10.4,138,1008.4,1,23.5,25.5,464.0,35.9,47.0,12.3
2026-03-01 22:00:00,2026,3,1,22,Hồ Chí Minh,Phường An Lạc,10.7381994,106.6148874,61,Moderate,1,25.7,91,0.0,9.0,128,1008.6,2,20.9,22.8,419.0,34.3,42.0,11.7
2026-03-01 23:00:00,2026,3,1,23,Hồ Chí Minh,Phường An Lạc,10.7381994,106.6148874,61,Moderate,1,25.5,92,0.0,8.5,126,1008.8,87,18.8,20.8,389.0,32.7,41.0,10.9
2026-03-02 00:00:00,2026,3,2,0,Hồ Chí Minh,Phường An Lạc,10.7381994,106.6148874,61,Moderate,1,25.2,92,0.0,7.8,138,1008.8,88,16.7,18.7,363.0,31.3,41.0,10.1
2026-03-02 01:00:00,2026,3,2,1,Hồ Chí Minh,Phường An Lạc,10.7381994,106.6148874,61,Moderate,1,25.5,93,0.0,8.7,146,1008.2,98,16.2,18.3,341.0,30.6,40.0,9.6
2026-03-02 02:00:00,2026,3,2,2,Hồ Chí Minh,Phường An Lạc,10.7381994,106.6148874,61,Moderate,1,25.4,94,0.0,7.3,149,1007.8,95,16.8,19.0,314.0,31.4,37.0,9.7
2026-03-02 03:00:00,2026,3,2,3,Hồ Chí Minh,Phường An Lạc,10.7381994,106.6148874,61,Moderate,1,25.1,96,0.0,5.7,152,1007.6,100,17.7,19.9,291.0,33.0,32.0,10.1
2026-03-02 04:00:00,2026,3,2,4,Hồ Chí Minh,Phường An Lạc,10.7381994,106.6148874,61,Moderate,1,25.2,96,0.0,5.6,147,1007.3,71,18.9,21.2,307.0,34.4,29.0,10.9
2026-03-02 05:00:00,2026,3,2,5,Hồ Chí Minh,Phường An Lạc,10.7381994,106.6148874,61,Moderate,1,25.1,96,0.0,5.7,152,1007.9,25,21.0,23.6,410.0,36.0,27.0,12.6
2026-03-02 06:00:00,2026,3,2,6,Hồ Chí Minh,Phường An Lạc,10.7381994,106.6148874,61,Moderate,1,24.8,97,0.0,4.3,165,1008.7,36,24.2,27.0,552.0,37.3,26.0,14.7
2026-03-02 07:00:00,2026,3,2,7,Hồ Chí Minh,Phường An Lạc,10.7381994,106.6148874,61,Moderate,1,25.5,96,0.0,6.1,157,1009.5,95,22.3,25.8,621.0,35.0,32.0,15.0
2026-03-02 08:00:00,2026,3,2,8,Hồ Chí Minh,Phường An Lạc,10.7381994,106.6148874,62,Moderate,1,27.3,85,0.0,8.2,144,1010.3,98,18.0,21.2,543.0,28.9,39.0,12.7
2026-03-02 09:00:00,2026,3,2,9,Hồ Chí Minh,Phường An Lạc,10.7381994,106.6148874,62,Moderate,1,28.6,77,0.0,8.4,140,1010.8,12,13.4,16.1,391.0,20.5,50.0,9.6
2026-03-02 10:00:00,2026,3,2,10,Hồ Chí Minh,Phường An Lạc,10.7381994,106.6148874,62,Moderate,1,30.0,68,0.0,8.1,133,1010.8,8,11.7,13.9,275.0,14.1,61.0,7.2
2026-03-02 11:00:00,2026,3,2,11,Hồ Chí Minh,Phường An Lạc,10.7381994,106.6148874,62,Moderate,1,31.2,62,0.0,7.7,126,1010.2,15,11.4,13.3,242.0,11.5,74.0,6.4
2026-03-02 12:00:00,2026,3,2,12,Hồ Chí Minh,Phường An Lạc,10.7381994,106.6148874,62,Moderate,1,31.7,59,0.0,7.6,128,1009.4,19,12.5,14.3,245.0,10.8,89.0,6.5
2026-03-02 13:00:00,2026,3,2,13,Hồ Chí Minh,Phường An Lạc,10.7381994,106.6148874,62,Moderate,1,32.3,56,0.0,7.4,129,1008.2,21,13.4,15.1,251.0,10.7,99.0,6.6
2026-03-02 14:00:00,2026,3,2,14,Hồ Chí Minh,Phường An Lạc,10.7381994,106.6148874,62,Moderate,1,32.3,56,0.1,7.4,139,1006.9,25,13.6,15.1,241.0,10.1,105.0,6.4
2026-03-02 15:00:00,2026,3,2,15,Hồ Chí Minh,Phường An Lạc,10.7381994,106.6148874,62,Moderate,1,32.2,57,0.1,8.7,137,1006.1,50,13.4,14.8,234.0,10.0,107.0,6.2
2026-03-02 16:00:00,2026,3,2,16,Hồ Chí Minh,Phường An Lạc,10.7381994,106.6148874,62,Moderate,1,31.2,61,0.0,11.1,146,1005.9,98,13.3,14.6,251.0,12.4,102.0,6.7
2026-03-02 17:00:00,2026,3,2,17,Hồ Chí Minh,Phường An Lạc,10.7381994,106.6148874,62,Moderate,1,29.5,67,0.0,13.3,148,1006.6,15,13.3,14.5,316.0,19.6,85.0,8.3
2026-03-02 18:00:00,2026,3,2,18,Hồ Chí Minh,Phường An Lạc,10.7381994,106.6148874,62,Moderate,1,27.9,74,0.0,12.2,152,1007.5,4,16.8,17.9,405.0,29.3,61.0,10.6
2026-03-02 19:00:00,2026,3,2,19,Hồ Chí Minh,Phường An Lạc,10.7381994,106.6148874,62,Moderate,1,27.3,78,0.0,13.1,144,1007.2,4,25.3,27.6,469.0,40.1,39.0,13.1
2026-03-02 20:00:00,2026,3,2,20,Hồ Chí Minh,Phường An Lạc,10.7381994,106.6148874,62,Moderate,1,26.5,85,0.0,12.1,139,1008.2,2,23.7,25.8,485.0,40.0,35.0,13.2
2026-03-02 21:00:00,2026,3,2,21,Hồ Chí Minh,Phường An Lạc,10.7381994,106.6148874,61,Moderate,1,26.1,88,0.0,11.5,136,1009.0,0,22.8,25.0,476.0,39.8,30.0,13.4
2026-03-02 22:00:00,2026,3,2,22,Hồ Chí Minh,Phường An Lạc,10.7381994,106.6148874,61,Moderate,1,25.8,90,0.0,10.1,133,1009.5,1,21.4,23.7,457.0,39.3,26.0,13.2
2026-03-02 23:00:00,2026,3,2,23,Hồ Chí Minh,Phường An Lạc,10.7381994,106.6148874,61,Moderate,1,25.5,91,0.0,9.7,129,1009.5,2,18.9,21.1,431.0,37.9,25.0,12.2
2026-03-03 00:00:00,2026,3,3,0,Hồ Chí Minh,Phường An Lạc,10.7381994,106.6148874,61,Moderate,1,25.2,92,0.0,8.8,134,1009.3,60,17.1,19.2,395.0,36.1,26.0,10.9
2026-03-03 01:00:00,2026,3,3,1,Hồ Chí Minh,Phường An Lạc,10.7381994,106.6148874,61,Moderate,1,25.5,93,0.0,6.9,147,1008.6,88,17.4,19.6,359.0,35.1,26.0,10.0
2026-03-03 02:00:00,2026,3,3,2,Hồ Chí Minh,Phường An Lạc,10.7381994,106.6148874,62,Moderate,1,25.2,95,0.0,5.8,173,1008.1,97,18.2,20.3,316.0,35.8,24.0,10.0
2026-03-03 03:00:00,2026,3,3,3,Hồ Chí Minh,Phường An Lạc,10.7381994,106.6148874,62,Moderate,1,25.2,96,0.0,6.0,185,1008.1,97,18.7,20.8,273.0,37.4,21.0,10.6
2026-03-03 04:00:00,2026,3,3,4,Hồ Chí Minh,Phường An Lạc,10.7381994,106.6148874,62,Moderate,1,25.4,94,0.0,6.7,174,1008.3,100,19.4,21.5,258.0,38.4,19.0,11.3
2026-03-03 05:00:00,2026,3,3,5,Hồ Chí Minh,Phường An Lạc,10.7381994,106.6148874,62,Moderate,1,25.4,93,0.0,7.7,168,1009.0,98,20.0,22.2,302.0,38.9,18.0,12.6
2026-03-03 06:00:00,2026,3,3,6,Hồ Chí Minh,Phường An Lạc,10.7381994,106.6148874,62,Moderate,1,25.4,94,0.0,6.6,163,1009.5,100,20.9,23.2,373.0,38.8,18.0,14.2
2026-03-03 07:00:00,2026,3,3,7,Hồ Chí Minh,Phường An Lạc,10.7381994,106.6148874,61,Moderate,1,25.5,93,0.0,9.0,142,1009.9,38,19.6,22.4,411.0,34.6,25.0,14.0
2026-03-03 08:00:00,2026,3,3,8,Hồ Chí Minh,Phường An Lạc,10.7381994,106.6148874,61,Moderate,1,27.0,85,0.0,7.7,141,1010.8,10,17.6,20.6,376.0,29.1,32.0,12.4
2026-03-03 09:00:00,2026,3,3,9,Hồ Chí Minh,Phường An Lạc,10.7381994,106.6148874,61,Moderate,1,28.8,75,0.0,7.1,150,1011.2,13,15.0,17.8,306.0,21.5,42.0,10.2
2026-03-03 10:00:00,2026,3,3,10,Hồ Chí Minh,Phường An Lạc,10.7381994,106.6148874,61,Moderate,1,30.3,64,0.0,6.2,154,1011.4,20,14.1,16.8,255.0,15.3,55.0,8.4
2026-03-03 11:00:00,2026,3,3,11,Hồ Chí Minh,Phường An Lạc,10.7381994,106.6148874,62,Moderate,1,31.3,60,0.1,6.4,137,1010.7,46,13.9,16.4,245.0,11.8,72.0,7.4
2026-03-03 12:00:00,2026,3,3,12,Hồ Chí Minh,Phường An Lạc,10.7381994,106.6148874,62,Moderate,1,31.6,60,0.1,7.0,130,1009.8,39,14.5,16.7,253.0,9.7,93.0,6.8
2026-03-03 13:00:00,2026,3,3,13,Hồ Chí Minh,Phường An Lạc,10.7381994,106.6148874,62,Moderate,1,32.2,56,0.0,3.4,106,1008.5,19,15.1,17.1,263.0,9.0,108.0,6.6
2026-03-03 14:00:00,2026,3,3,14,Hồ Chí Minh,Phường An Lạc,10.7381994,106.6148874,62,Moderate,1,32.5,55,0.0,2.8,108,1007.3,21,15.9,17.6,267.0,9.1,118.0,6.7
2026-03-03 15:00:00,2026,3,3,15,Hồ Chí Minh,Phường An Lạc,10.7381994,106.6148874,62,Moderate,1,32.5,55,0.0,3.5,114,1006.0,64,16.7,17.9,273.0,10.4,124.0,7.3
2026-03-03 16:00:00,2026,3,3,16,Hồ Chí Minh,Phường An Lạc,10.7381994,106.6148874,63,Moderate,1,32.5,56,0.0,3.6,135,1005.7,30,17.9,19.2,293.0,14.5,120.0,8.4
2026-03-03 17:00:00,2026,3,3,17,Hồ Chí Minh,Phường An Lạc,10.7381994,106.6148874,63,Moderate,1,32.1,58,0.0,3.6,117,1006.3,26,19.3,21.4,339.0,23.7,100.0,10.8
2026-03-03 18:00:00,2026,3,3,18,Hồ Chí Minh,Phường An Lạc,10.7381994,106.6148874,63,Moderate,1,29.9,68,0.0,9.5,134,1007.1,99,24.0,26.0,398.0,35.6,70.0,13.8
2026-03-03 19:00:00,2026,3,3,19,Hồ Chí Minh,Phường An Lạc,10.7381994,106.6148874,64,Moderate,1,28.0,79,0.0,9.7,145,1007.7,88,40.5,43.8,445.0,51.7,36.0,14.9
2026-03-03 20:00:00,2026,3,3,20,Hồ Chí Minh,Phường An Lạc,10.7381994,106.6148874,65,Moderate,1,26.9,83,0.0,8.8,139,1008.6,9,35.5,38.0,474.0,50.8,28.0,15.1
2026-03-03 21:00:00,2026,3,3,21,Hồ Chí Minh,Phường An Lạc,10.7381994,106.6148874,67,Moderate,1,26.4,86,0.0,10.0,128,1009.1,66,32.6,34.8,490.0,49.4,17.0,15.3
2026-03-03 22:00:00,2026,3,3,22,Hồ Chí Minh,Phường An Lạc,10.7381994,106.6148874,67,Moderate,1,26.0,90,0.0,10.3,136,1009.3,35,30.3,32.4,487.0,47.4,9.0,15.0
2026-03-03 23:00:00,2026,3,3,23,Hồ Chí Minh,Phường An Lạc,10.7381994,106.6148874,68,Moderate,1,25.8,92,0.0,10.2,136,1009.6,99,26.7,28.8,452.0,44.4,8.0,13.9
2026-03-04 00:00:00,2026,3,4,0,Hồ Chí Minh,Phường An Lạc,10.7381994,106.6148874,69,Moderate,1,25.6,93,0.0,9.6,131,1009.8,99,21.9,24.1,398.0,40.6,10.0,12.4
2026-03-04 01:00:00,2026,3,4,1,Hồ Chí Minh,Phường An Lạc,10.7381994,106.6148874,69,Moderate,1,25.9,94,0.0,9.2,141,1009.7,99,18.7,21.0,352.0,37.0,14.0,11.1
2026-03-04 02:00:00,2026,3,4,2,Hồ Chí Minh,Phường An Lạc,10.7381994,106.6148874,69,Moderate,1,25.8,94,0.0,8.2,139,1009.5,100,17.0,19.3,307.0,33.2,19.0,10.1
2026-03-04 03:00:00,2026,3,4,3,Hồ Chí Minh,Phường An Lạc,10.7381994,106.6148874,69,Moderate,1,25.6,93,0.0,8.4,133,1009.1,49,15.7,18.2,270.0,29.6,26.0,9.3
2026-03-04 04:00:00,2026,3,4,4,Hồ Chí Minh,Phường An Lạc,10.7381994,106.6148874,69,Moderate,1,25.5,93,0.0,8.7,138,1008.8,55,15.0,17.4,296.0,27.4,30.0,9.0
2026-03-04 05:00:00,2026,3,4,5,Hồ Chí Minh,Phường An Lạc,10.7381994,106.6148874,69,Moderate,1,25.2,92,0.1,8.3,124,1009.4,59,15.6,17.6,461.0,28.3,29.0,9.7
2026-03-04 06:00:00,2026,3,4,6,Hồ Chí Minh,Phường An Lạc,10.7381994,106.6148874,68,Moderate,1,24.9,95,0.0,6.4,115,1009.8,49,17.2,19.3,689.0,30.8,25.0,10.9
2026-03-04 07:00:00,2026,3,4,7,Hồ Chí Minh,Phường An Lạc,10.7381994,106.6148874,68,Moderate,1,25.1,93,0.1,4.4,171,1010.5,20,21.4,23.8,805.0,32.7,24.0,9.7
2026-03-04 08:00:00,2026,3,4,8,Hồ Chí Minh,Phường An Lạc,10.7381994,106.6148874,68,Moderate,1,26.9,86,0.0,6.1,156,1010.7,29,20.7,23.9,692.0,30.1,29.0,9.8
2026-03-04 09:00:00,2026,3,4,9,Hồ Chí Minh,Phường An Lạc,10.7381994,106.6148874,68,Moderate,1,28.5,77,0.0,6.9,143,1011.2,23,18.8,22.5,466.0,26.3,36.0,9.9
2026-03-04 10:00:00,2026,3,4,10,Hồ Chí Minh,Phường An Lạc,10.7381994,106.6148874,69,Moderate,1,29.9,72,0.0,5.7,127,1011.4,33,18.9,21.8,305.0,22.4,48.0,9.6
2026-03-04 11:00:00,2026,3,4,11,Hồ Chí Minh,Phường An Lạc,10.7381994,106.6148874,69,Moderate,1,31.1,66,0.1,5.7,114,1011.0,95,20.9,23.2,294.0,18.3,68.0,8.3
2026-03-04 12:00:00,2026,3,4,12,Hồ Chí Minh,Phường An Lạc,10.7381994,106.6148874,70,Moderate,1,31.5,61,0.0,6.3,90,1010.0,95,18.7,20.3,347.0,14.2,93.0,6.6
2026-03-04 13:00:00,2026,3,4,13,Hồ Chí Minh,Phường An Lạc,10.7381994,106.6148874,70,Moderate,1,32.2,61,1.0,7.0,125,1008.8,30,19.3,20.7,382.0,11.5,112.0,5.4
2026-03-04 14:00:00,2026,3,4,14,Hồ Chí Minh,Phường An Lạc,10.7381994,106.6148874,70,Moderate,1,32.3,58,0.0,8.2,131,1007.5,10,20.4,21.8,357.0,10.4,123.0,5.2
2026-03-04 15:00:00,2026,3,4,15,Hồ Chí Minh,Phường An Lạc,10.7381994,106.6148874,71,Moderate,1,31.8,59,0.0,10.9,140,1006.3,31,21.1,22.5,314.0,10.7,128.0,5.5
2026-03-04 16:00:00,2026,3,4,16,Hồ Chí Minh,Phường An Lạc,10.7381994,106.6148874,71,Moderate,1,30.4,64,0.0,13.6,143,1006.1,14,20.3,21.8,291.0,13.3,124.0,6.4
2026-03-04 17:00:00,2026,3,4,17,Hồ Chí Minh,Phường An Lạc,10.7381994,106.6148874,71,Moderate,1,29.3,69,0.0,12.0,133,1006.5,13,19.9,21.4,308.0,20.0,106.0,8.1
2026-03-04 18:00:00,2026,3,4,18,Hồ Chí Minh,Phường An Lạc,10.7381994,106.6148874,72,Moderate,1,28.2,72,0.0,10.5,149,1006.8,16,24.7,26.4,346.0,29.1,79.0,10.4
2026-03-04 19:00:00,2026,3,4,19,Hồ Chí Minh,Phường An Lạc,10.7381994,106.6148874,72,Moderate,1,27.7,76,0.0,9.3,152,1007.3,14,26.8,29.6,382.0,35.6,48.0,11.4
2026-03-04 20:00:00,2026,3,4,20,Hồ Chí Minh,Phường An Lạc,10.7381994,106.6148874,70,Moderate,1,26.7,80,0.0,9.5,143,1008.3,14,28.5,31.1,411.0,35.0,45.0,11.5
2026-03-04 21:00:00,2026,3,4,21,Hồ Chí Minh,Phường An Lạc,10.7381994,106.6148874,70,Moderate,1,26.1,83,0.0,9.8,130,1009.1,13,29.5,32.0,438.0,34.2,42.0,11.6
2026-03-04 22:00:00,2026,3,4,22,Hồ Chí Minh,Phường An Lạc,10.7381994,106.6148874,70,Moderate,1,25.8,87,0.0,11.1,133,1009.4,0,29.6,32.1,458.0,33.8,38.0,11.5
2026-03-04 23:00:00,2026,3,4,23,Hồ Chí Minh,Phường An Lạc,10.7381994,106.6148874,69,Moderate,1,25.5,89,0.0,9.0,128,1009.8,2,29.0,31.5,468.0,34.4,34.0,11.1
2026-03-05 00:00:00,2026,3,5,0,Hồ Chí Minh,Phường An Lạc,10.7381994,106.6148874,70,Moderate,1,25.2,91,0.0,4.0,150,1009.8,9,29.9,32.6,471.0,35.4,29.0,10.6
2026-03-05 01:00:00,2026,3,5,1,Hồ Chí Minh,Phường An Lạc,10.7381994,106.6148874,70,Moderate,1,25.4,93,0.0,6.6,164,1009.0,25,28.2,31.1,471.0,36.0,26.0,10.2
2026-03-05 02:00:00,2026,3,5,2,Hồ Chí Minh,Phường An Lạc,10.7381994,106.6148874,71,Moderate,1,25.3,93,0.0,5.8,173,1008.8,20,26.0,29.1,450.0,35.4,24.0,9.9
2026-03-05 03:00:00,2026,3,5,3,Hồ Chí Minh,Phường An Lạc,10.7381994,106.6148874,72,Moderate,1,25.0,93,0.2,7.2,152,1008.4,34,24.5,27.5,425.0,34.3,23.0,9.6
2026-03-05 04:00:00,2026,3,5,4,Hồ Chí Minh,Phường An Lạc,10.7381994,106.6148874,73,Moderate,1,24.9,93,0.0,7.1,146,1008.0,16,23.4,26.3,452.0,33.9,22.0,10.1
2026-03-05 05:00:00,2026,3,5,5,Hồ Chí Minh,Phường An Lạc,10.7381994,106.6148874,74,Moderate,1,24.8,94,0.0,6.4,137,1008.4,12,23.9,26.8,604.0,35.8,18.0,12.1
2026-03-05 06:00:00,2026,3,5,6,Hồ Chí Minh,Phường An Lạc,10.7381994,106.6148874,74,Moderate,1,24.7,94,0.0,4.6,126,1008.9,9,28.6,31.9,809.0,38.5,14.0,14.8
2026-03-05 07:00:00,2026,3,5,7,Hồ Chí Minh,Phường An Lạc,10.7381994,106.6148874,75,Moderate,1,25.9,89,0.0,6.9,121,1009.5,7,27.6,31.7,905.0,29.5,28.0,11.7
2026-03-05 08:00:00,2026,3,5,8,Hồ Chí Minh,Phường An Lạc,10.7381994,106.6148874,76,Moderate,1,27.5,79,0.0,9.1,111,1010.2,13,24.8,29.2,785.0,25.9,38.0,10.8
2026-03-05 09:00:00,2026,3,5,9,Hồ Chí Minh,Phường An Lạc,10.7381994,106.6148874,76,Moderate,1,28.8,71,0.0,8.3,96,1010.6,4,22.4,26.5,556.0,20.9,53.0,9.4
2026-03-05 10:00:00,2026,3,5,10,Hồ Chí Minh,Phường An Lạc,10.7381994,106.6148874,76,Moderate,1,30.0,65,0.0,7.4,89,1011.0,5,20.0,22.9,381.0,16.2,69.0,8.1
2026-03-05 11:00:00,2026,3,5,11,Hồ Chí Minh,Phường An Lạc,10.7381994,106.6148874,77,Moderate,1,31.1,61,0.0,7.3,83,1010.9,7,17.9,19.7,334.0,12.2,88.0,6.8
2026-03-05 12:00:00,2026,3,5,12,Hồ Chí Minh,Phường An Lạc,10.7381994,106.6148874,76,Moderate,1,31.9,58,0.0,5.7,77,1009.8,9,16.6,18.3,342.0,8.7,108.0,5.4
2026-03-05 13:00:00,2026,3,5,13,Hồ Chí Minh,Phường An Lạc,10.7381994,106.6148874,76,Moderate,1,32.5,49,0.0,5.2,106,1008.4,9,17.9,19.6,347.0,6.6,123.0,4.5
2026-03-05 14:00:00,2026,3,5,14,Hồ Chí Minh,Phường An Lạc,10.7381994,106.6148874,76,Moderate,1,31.9,50,0.3,10.2,141,1007.4,64,16.4,17.8,320.0,5.9,130.0,4.1
2026-03-05 15:00:00,2026,3,5,15,Hồ Chí Minh,Phường An Lạc,10.7381994,106.6148874,76,Moderate,1,30.7,57,0.2,11.7,151,1006.6,27,16.5,18.0,291.0,6.6,130.0,4.1
2026-03-05 16:00:00,2026,3,5,16,Hồ Chí Minh,Phường An Lạc,10.7381994,106.6148874,75,Moderate,1,30.6,57,0.0,9.3,133,1006.5,20,16.8,18.2,288.0,10.0,124.0,4.9
2026-03-05 17:00:00,2026,3,5,17,Hồ Chí Minh,Phường An Lạc,10.7381994,106.6148874,75,Moderate,1,29.9,59,0.0,12.1,140,1006.8,13,17.3,18.7,342.0,18.7,107.0,7.1
2026-03-05 18:00:00,2026,3,5,18,Hồ Chí Minh,Phường An Lạc,10.7381994,106.6148874,75,Moderate,1,28.1,70,0.9,7.6,94,1007.5,52,25.8,27.4,421.0,30.1,82.0,10.1
2026-03-05 19:00:00,2026,3,5,19,Hồ Chí Minh,Phường An Lạc,10.7381994,106.6148874,75,Moderate,1,27.4,79,0.0,10.3,101,1007.8,31,34.0,37.0,466.0,38.4,57.0,11.9
2026-03-05 20:00:00,2026,3,5,20,Hồ Chí Minh,Phường An Lạc,10.7381994,106.6148874,75,Moderate,1,26.9,81,0.0,8.8,109,1008.8,43,30.6,33.1,438.0,36.5,54.0,11.4
2026-03-05 21:00:00,2026,3,5,21,Hồ Chí Minh,Phường An Lạc,10.7381994,106.6148874,76,Moderate,1,26.6,82,0.0,11.6,116,1009.2,14,29.4,31.5,375.0,33.9,49.0,10.8
2026-03-05 22:00:00,2026,3,5,22,Hồ Chí Minh,Phường An Lạc,10.7381994,106.6148874,76,Moderate,1,26.0,85,0.0,8.8,86,1009.8,63,27.4,29.3,326.0,32.0,45.0,10.3
2026-03-05 23:00:00,2026,3,5,23,Hồ Chí Minh,Phường An Lạc,10.7381994,106.6148874,75,Moderate,1,25.4,89,0.4,6.6,49,1009.9,80,24.7,26.5,300.0,31.2,42.0,10.1
2026-03-06 00:00:00,2026,3,6,0,Hồ Chí Minh,Phường An Lạc,10.7381994,106.6148874,75,Moderate,1,24.8,93,0.0,5.1,8,1009.7,100,22.7,24.4,288.0,31.1,39.0,10.0
2026-03-06 01:00:00,2026,3,6,1,Hồ Chí Minh,Phường An Lạc,10.7381994,106.6148874,74,Moderate,1,24.5,95,0.0,4.1,319,1009.2,100,24.2,25.8,312.0,31.9,36.0,10.1
2026-03-06 02:00:00,2026,3,6,2,Hồ Chí Minh,Phường An Lạc,10.7381994,106.6148874,74,Moderate,1,24.6,95,0.0,5.7,325,1009.0,98,27.6,29.5,404.0,34.1,31.0,10.1
2026-03-06 03:00:00,2026,3,6,3,Hồ Chí Minh,Phường An Lạc,10.7381994,106.6148874,74,Moderate,1,24.3,97,0.0,5.6,331,1008.3,40,30.2,32.2,531.0,37.3,26.0,10.3
2026-03-06 04:00:00,2026,3,6,4,Hồ Chí Minh,Phường An Lạc,10.7381994,106.6148874,75,Moderate,1,24.2,99,0.0,5.7,307,1008.3,67,31.2,33.2,621.0,40.2,21.0,11.3
2026-03-06 05:00:00,2026,3,6,5,Hồ Chí Minh,Phường An Lạc,10.7381994,106.6148874,75,Moderate,1,24.1,96,0.1,6.2,322,1008.5,51,35.6,37.7,639.0,43.3,14.0,13.7
2026-03-06 06:00:00,2026,3,6,6,Hồ Chí Minh,Phường An Lạc,10.7381994,106.6148874,76,Moderate,1,24.0,95,0.2,6.7,322,1009.5,64,43.2,45.3,620.0,46.0,9.0,16.8
2026-03-06 07:00:00,2026,3,6,7,Hồ Chí Minh,Phường An Lạc,10.7381994,106.6148874,78,Moderate,1,24.5,95,1.7,4.8,307,1010.4,27,45.2,45.8,590.0,44.3,17.0,23.5
2026-03-06 08:00:00,2026,3,6,8,Hồ Chí Minh,Phường An Lạc,10.7381994,106.6148874,79,Moderate,1,26.2,84,0.0,4.7,337,1011.0,23,42.0,42.8,551.0,39.4,42.0,22.5
2026-03-06 09:00:00,2026,3,6,9,Hồ Chí Minh,Phường An Lạc,10.7381994,106.6148874,81,Moderate,1,28.0,75,0.1,5.4,323,1011.8,20,34.3,35.4,502.0,32.4,77.0,20.9
2026-03-06 10:00:00,2026,3,6,10,Hồ Chí Minh,Phường An Lạc,10.7381994,106.6148874,82,Moderate,1,29.5,68,0.1,4.3,332,1012.0,12,33.4,34.5,463.0,25.7,110.0,19.2
2026-03-06 11:00:00,2026,3,6,11,Hồ Chí Minh,Phường An Lạc,10.7381994,106.6148874,83,Moderate,1,30.8,62,0.1,4.1,315,1011.3,17,34.0,35.0,437.0,19.3,141.0,17.0
2026-03-06 12:00:00,2026,3,6,12,Hồ Chí Minh,Phường An Lạc,10.7381994,106.6148874,84,Moderate,1,31.8,58,0.1,1.6,333,1010.2,19,34.1,35.0,421.0,13.1,170.0,14.6
2026-03-06 13:00:00,2026,3,6,13,Hồ Chí Minh,Phường An Lạc,10.7381994,106.6148874,86,Moderate,1,32.0,54,0.0,3.0,57,1009.6,32,33.3,34.1,429.0,9.8,190.0,12.8
2026-03-06 14:00:00,2026,3,6,14,Hồ Chí Minh,Phường An Lạc,10.7381994,106.6148874,87,Moderate,1,32.2,51,0.0,7.4,45,1008.0,42,34.1,34.9,460.0,10.7,198.0,12.0
2026-03-06 15:00:00,2026,3,6,15,Hồ Chí Minh,Phường An Lạc,10.7381994,106.6148874,89,Moderate,1,30.5,61,0.9,4.8,68,1007.8,42,35.0,35.9,515.0,14.3,195.0,11.8
2026-03-06 16:00:00,2026,3,6,16,Hồ Chí Minh,Phường An Lạc,10.7381994,106.6148874,105,Unhealthy for Sensitive Groups,2,26.5,76,5.5,6.4,223,1008.3,86,38.3,39.1,609.0,19.1,182.0,11.5
2026-03-06 17:00:00,2026,3,6,17,Hồ Chí Minh,Phường An Lạc,10.7381994,106.6148874,135,Unhealthy for Sensitive Groups,2,26.3,75,0.1,10.4,135,1008.9,69,31.3,31.8,750.0,24.7,151.0,10.5
2026-03-06 18:00:00,2026,3,6,18,Hồ Chí Minh,Phường An Lạc,10.7381994,106.6148874,151,Unhealthy,3,25.0,84,0.1,9.3,75,1009.3,17,25.9,26.4,929.0,31.4,108.0,9.6
2026-03-06 19:00:00,2026,3,6,19,Hồ Chí Minh,Phường An Lạc,10.7381994,106.6148874,150,Unhealthy for Sensitive Groups,2,25.8,83,0.2,2.8,305,1009.1,34,23.3,23.6,1138.0,32.1,79.0,10.1
2026-03-06 20:00:00,2026,3,6,20,Hồ Chí Minh,Phường An Lạc,10.7381994,106.6148874,137,Unhealthy for Sensitive Groups,2,25.0,87,0.0,6.8,325,1010.2,6,29.9,30.2,1423.0,39.5,69.0,15.0
2026-03-06 21:00:00,2026,3,6,21,Hồ Chí Minh,Phường An Lạc,10.7381994,106.6148874,116,Unhealthy for Sensitive Groups,2,24.2,91,0.0,5.5,351,1010.8,2,40.2,40.4,1737.0,49.8,54.0,21.9
2026-03-06 22:00:00,2026,3,6,22,Hồ Chí Minh,Phường An Lạc,10.7381994,106.6148874,94,Moderate,1,23.7,93,0.0,3.3,354,1011.4,2,50.4,50.8,1933.0,59.1,41.0,27.4
2026-03-06 23:00:00,2026,3,6,23,Hồ Chí Minh,Phường An Lạc,10.7381994,106.6148874,96,Moderate,1,23.4,95,0.0,1.9,304,1011.6,5,58.3,58.6,1941.0,66.2,31.0,30.5
2026-03-07 00:00:00,2026,3,7,0,Hồ Chí Minh,Phường An Lạc,10.7381994,106.6148874,99,Moderate,1,23.4,96,0.0,2.4,73,1011.5,2,61.2,61.5,1830.0,72.3,21.0,32.2
2026-03-07 01:00:00,2026,3,7,1,Hồ Chí Minh,Phường An Lạc,10.7381994,106.6148874,103,Unhealthy for Sensitive Groups,2,23.8,99,0.0,0.9,307,1010.5,40,63.6,63.8,1664.0,76.6,14.0,33.1
2026-03-07 02:00:00,2026,3,7,2,Hồ Chí Minh,Phường An Lạc,10.7381994,106.6148874,107,Unhealthy for Sensitive Groups,2,23.6,99,0.0,2.9,292,1009.7,66,66.1,66.4,1403.0,79.0,8.0,33.0
2026-03-07 03:00:00,2026,3,7,3,Hồ Chí Minh,Phường An Lạc,10.7381994,106.6148874,111,Unhealthy for Sensitive Groups,2,23.5,98,0.0,2.9,317,1009.4,63,68.5,68.7,1086.0,79.7,3.0,31.9
2026-03-07 04:00:00,2026,3,7,4,Hồ Chí Minh,Phường An Lạc,10.7381994,106.6148874,115,Unhealthy for Sensitive Groups,2,23.3,99,0.0,3.7,313,1009.5,93,70.5,70.8,892.0,78.6,3.0,30.8
2026-03-07 05:00:00,2026,3,7,5,Hồ Chí Minh,Phường An Lạc,10.7381994,106.6148874,119,Unhealthy for Sensitive Groups,2,23.2,99,0.0,3.6,351,1009.9,100,72.6,72.9,950.0,75.6,6.0,30.0
2026-03-07 06:00:00,2026,3,7,6,Hồ Chí Minh,Phường An Lạc,10.7381994,106.6148874,123,Unhealthy for Sensitive Groups,2,23.1,99,0.0,4.6,11,1010.3,100,75.2,75.4,1131.0,70.9,13.0,29.2
2026-03-07 07:00:00,2026,3,7,7,Hồ Chí Minh,Phường An Lạc,10.7381994,106.6148874,126,Unhealthy for Sensitive Groups,2,23.1,99,0.0,2.9,7,1011.3,100,69.4,70.1,1226.0,60.3,24.0,20.1
2026-03-07 08:00:00,2026,3,7,8,Hồ Chí Minh,Phường An Lạc,10.7381994,106.6148874,128,Unhealthy for Sensitive Groups,2,25.5,86,0.0,3.2,357,1012.0,4,58.9,59.6,1130.0,50.2,53.0,18.1
2026-03-07 09:00:00,2026,3,7,9,Hồ Chí Minh,Phường An Lạc,10.7381994,106.6148874,130,Unhealthy for Sensitive Groups,2,27.8,72,0.0,3.2,3,1012.6,16,38.8,39.8,946.0,36.2,93.0,15.3
2026-03-07 10:00:00,2026,3,7,10,Hồ Chí Minh,Phường An Lạc,10.7381994,106.6148874,131,Unhealthy for Sensitive Groups,2,29.4,64,0.0,2.6,78,1012.4,99,26.6,28.2,781.0,24.3,127.0,12.6
2026-03-07 11:00:00,2026,3,7,11,Hồ Chí Minh,Phường An Lạc,10.7381994,106.6148874,130,Unhealthy for Sensitive Groups,2,30.6,58,0.0,4.3,90,1011.9,100,22.3,23.4,665.0,16.8,148.0,10.1
2026-03-07 12:00:00,2026,3,7,12,Hồ Chí Minh,Phường An Lạc,10.7381994,106.6148874,129,Unhealthy for Sensitive Groups,2,31.4,54,0.0,5.8,74,1010.7,95,19.6,20.5,567.0,11.4,163.0,7.7
2026-03-07 13:00:00,2026,3,7,13,Hồ Chí Minh,Phường An Lạc,10.7381994,106.6148874,127,Unhealthy for Sensitive Groups,2,31.6,51,0.0,5.1,67,1010.0,32,18.0,18.9,494.0,8.3,174.0,6.1
2026-03-07 14:00:00,2026,3,7,14,Hồ Chí Minh,Phường An Lạc,10.7381994,106.6148874,126,Unhealthy for Sensitive Groups,2,32.1,49,0.1,4.1,41,1009.0,28,17.6,18.5,426.0,7.2,184.0,5.7
2026-03-07 15:00:00,2026,3,7,15,Hồ Chí Minh,Phường An Lạc,10.7381994,106.6148874,124,Unhealthy for Sensitive Groups,2,31.6,50,0.1,3.6,150,1008.5,45,20.1,21.2,384.0,8.2,190.0,6.0
2026-03-07 16:00:00,2026,3,7,16,Hồ Chí Minh,Phường An Lạc,10.7381994,106.6148874,122,Unhealthy for Sensitive Groups,2,29.9,58,0.4,10.9,164,1008.2,66,19.4,20.5,437.0,12.1,185.0,7.1
2026-03-07 17:00:00,2026,3,7,17,Hồ Chí Minh,Phường An Lạc,10.7381994,106.6148874,135,Unhealthy for Sensitive Groups,2,28.8,64,0.3,3.5,81,1008.7,58,21.2,22.5,643.0,21.2,160.0,9.2
2026-03-07 18:00:00,2026,3,7,18,Hồ Chí Minh,Phường An Lạc,10.7381994,106.6148874,150,Unhealthy for Sensitive Groups,2,27.3,72,0.1,6.4,65,1009.2,38,31.8,33.5,944.0,33.2,124.0,12.1
2026-03-07 19:00:00,2026,3,7,19,Hồ Chí Minh,Phường An Lạc,10.7381994,106.6148874,149,Unhealthy for Sensitive Groups,2,25.2,87,0.2,4.6,167,1010.3,33,32.2,35.5,1243.0,33.8,81.0,9.8
2026-03-07 20:00:00,2026,3,7,20,Hồ Chí Minh,Phường An Lạc,10.7381994,106.6148874,135,Unhealthy for Sensitive Groups,2,25.2,86,0.1,3.1,69,1010.8,16,29.2,31.2,1573.0,34.5,73.0,10.4
2026-03-07 21:00:00,2026,3,7,21,Hồ Chí Minh,Phường An Lạc,10.7381994,106.6148874,121,Unhealthy for Sensitive Groups,2,25.1,88,0.0,3.6,270,1011.0,34,29.8,31.5,1901.0,35.6,61.0,11.2
2026-03-07 22:00:00,2026,3,7,22,Hồ Chí Minh,Phường An Lạc,10.7381994,106.6148874,120,Unhealthy for Sensitive Groups,2,25.0,90,0.0,5.4,200,1011.4,9,31.9,33.5,2026.0,36.7,52.0,11.8
2026-03-07 23:00:00,2026,3,7,23,Hồ Chí Minh,Phường An Lạc,10.7381994,106.6148874,118,Unhealthy for Sensitive Groups,2,24.7,92,0.0,5.4,176,1011.5,1,34.5,36.4,1737.0,37.9,47.0,12.2
2026-03-08 00:00:00,2026,3,8,0,Hồ Chí Minh,Phường An Lạc,10.7381994,106.6148874,115,Unhealthy for Sensitive Groups,2,24.5,93,0.0,3.3,167,1011.2,1,36.3,38.4,1245.0,39.2,44.0,12.4
2026-03-08 01:00:00,2026,3,8,1,Hồ Chí Minh,Phường An Lạc,10.7381994,106.6148874,113,Unhealthy for Sensitive Groups,2,24.7,93,0.0,3.1,183,1010.6,9,38.6,40.9,979.0,40.4,40.0,12.4
2026-03-08 02:00:00,2026,3,8,2,Hồ Chí Minh,Phường An Lạc,10.7381994,106.6148874,110,Unhealthy for Sensitive Groups,2,24.4,95,0.0,1.0,338,1010.2,0,41.1,43.4,1232.0,41.3,34.0,11.8
2026-03-08 03:00:00,2026,3,8,3,Hồ Chí Minh,Phường An Lạc,10.7381994,106.6148874,108,Unhealthy for Sensitive Groups,2,23.9,97,0.0,1.5,339,1010.2,0,43.1,45.4,1712.0,42.1,27.0,10.9
2026-03-08 04:00:00,2026,3,8,4,Hồ Chí Minh,Phường An Lạc,10.7381994,106.6148874,105,Unhealthy for Sensitive Groups,2,23.6,99,0.0,3.1,350,1010.3,22,46.4,48.7,1971.0,43.2,22.0,11.2
2026-03-08 05:00:00,2026,3,8,5,Hồ Chí Minh,Phường An Lạc,10.7381994,106.6148874,102,Unhealthy for Sensitive Groups,2,23.4,100,0.0,5.8,346,1010.4,64,50.3,52.5,1759.0,45.8,18.0,13.8
2026-03-08 06:00:00,2026,3,8,6,Hồ Chí Minh,Phường An Lạc,10.7381994,106.6148874,100,Moderate,1,23.2,99,0.0,8.2,346,1010.9,100,55.4,57.3,1326.0,48.7,16.0,17.6
2026-03-08 07:00:00,2026,3,8,7,Hồ Chí Minh,Phường An Lạc,10.7381994,106.6148874,98,Moderate,1,23.9,94,0.1,7.4,3,1012.0,32,57.0,58.3,973.0,45.0,26.0,15.9
2026-03-08 08:00:00,2026,3,8,8,Hồ Chí Minh,Phường An Lạc,10.7381994,106.6148874,97,Moderate,1,25.6,78,0.0,6.9,9,1012.5,1,43.8,45.3,822.0,40.3,51.0,15.6
2026-03-08 09:00:00,2026,3,8,9,Hồ Chí Minh,Phường An Lạc,10.7381994,106.6148874,96,Moderate,1,27.5,61,0.0,7.1,19,1012.7,0,34.2,36.3,751.0,33.5,87.0,15.2
2026-03-08 10:00:00,2026,3,8,10,Hồ Chí Minh,Phường An Lạc,10.7381994,106.6148874,95,Moderate,1,29.0,53,0.0,6.2,17,1012.5,0,31.5,33.8,701.0,27.0,120.0,14.2
2026-03-08 11:00:00,2026,3,8,11,Hồ Chí Minh,Phường An Lạc,10.7381994,106.6148874,96,Moderate,1,30.4,49,0.0,4.6,9,1012.0,0,30.0,32.2,655.0,20.9,147.0,12.3
2026-03-08 12:00:00,2026,3,8,12,Hồ Chí Minh,Phường An Lạc,10.7381994,106.6148874,97,Moderate,1,31.5,45,0.0,3.4,16,1010.8,0,27.9,30.4,630.0,15.0,172.0,9.8
2026-03-08 13:00:00,2026,3,8,13,Hồ Chí Minh,Phường An Lạc,10.7381994,106.6148874,97,Moderate,1,32.2,44,0.0,3.4,3,1009.8,5,26.4,29.1,614.0,11.0,189.0,7.9
2026-03-08 14:00:00,2026,3,8,14,Hồ Chí Minh,Phường An Lạc,10.7381994,106.6148874,98,Moderate,1,33.0,41,0.0,2.4,63,1008.7,8,25.4,28.3,611.0,9.0,200.0,6.8
2026-03-08 15:00:00,2026,3,8,15,Hồ Chí Minh,Phường An Lạc,10.7381994,106.6148874,99,Moderate,1,32.8,41,0.0,4.0,120,1007.9,20,24.1,27.0,617.0,8.9,204.0,6.3
2026-03-08 16:00:00,2026,3,8,16,Hồ Chí Minh,Phường An Lạc,10.7381994,106.6148874,115,Unhealthy for Sensitive Groups,2,32.2,44,0.0,6.2,142,1007.8,9,22.9,25.7,607.0,11.9,196.0,6.7
2026-03-08 17:00:00,2026,3,8,17,Hồ Chí Minh,Phường An Lạc,10.7381994,106.6148874,146,Unhealthy for Sensitive Groups,2,31.5,46,0.0,6.7,146,1007.8,12,22.6,25.3,560.0,20.7,168.0,8.9
2026-03-08 18:00:00,2026,3,8,18,Hồ Chí Minh,Phường An Lạc,10.7381994,106.6148874,160,Unhealthy,3,29.0,59,0.0,12.2,156,1008.4,5,31.0,34.5,498.0,32.7,128.0,12.1
2026-03-08 19:00:00,2026,3,8,19,Hồ Chí Minh,Phường An Lạc,10.7381994,106.6148874,161,Unhealthy,3,27.0,69,0.0,11.8,155,1009.1,1,35.4,39.0,462.0,40.8,94.0,14.2
2026-03-08 20:00:00,2026,3,8,20,Hồ Chí Minh,Phường An Lạc,10.7381994,106.6148874,153,Unhealthy,3,26.2,77,0.0,10.5,153,1009.8,2,28.9,31.7,482.0,38.1,87.0,13.9
2026-03-08 21:00:00,2026,3,8,21,Hồ Chí Minh,Phường An Lạc,10.7381994,106.6148874,136,Unhealthy for Sensitive Groups,2,26.0,80,0.0,9.5,159,1010.3,1,24.2,26.8,529.0,34.6,78.0,13.4
2026-03-08 22:00:00,2026,3,8,22,Hồ Chí Minh,Phường An Lạc,10.7381994,106.6148874,112,Unhealthy for Sensitive Groups,2,25.6,85,0.0,7.8,167,1010.5,0,21.5,24.1,552.0,32.5,69.0,12.9
2026-03-08 23:00:00,2026,3,8,23,Hồ Chí Minh,Phường An Lạc,10.7381994,106.6148874,98,Moderate,1,25.3,90,0.0,6.9,160,1010.7,0,20.4,22.9,512.0,32.6,62.0,12.2
2026-03-09 00:00:00,2026,3,9,0,Hồ Chí Minh,Phường An Lạc,10.7381994,106.6148874,97,Moderate,1,25.0,92,0.0,6.0,139,1010.8,3,20.3,22.8,450.0,34.3,56.0,11.6
2026-03-09 01:00:00,2026,3,9,1,Hồ Chí Minh,Phường An Lạc,10.7381994,106.6148874,96,Moderate,1,25.0,95,0.0,3.4,183,1010.6,5,24.2,26.8,434.0,38.0,49.0,11.9
2026-03-09 02:00:00,2026,3,9,2,Hồ Chí Minh,Phường An Lạc,10.7381994,106.6148874,94,Moderate,1,24.8,97,0.0,0.4,243,1010.2,21,31.1,34.1,500.0,45.5,38.0,13.5
2026-03-09 03:00:00,2026,3,9,3,Hồ Chí Minh,Phường An Lạc,10.7381994,106.6148874,93,Moderate,1,24.5,98,0.0,1.4,337,1009.7,29,37.7,41.0,614.0,55.1,25.0,16.0
2026-03-09 04:00:00,2026,3,9,4,Hồ Chí Minh,Phường An Lạc,10.7381994,106.6148874,93,Moderate,1,24.1,100,0.0,3.6,357,1009.8,38,41.7,45.2,741.0,61.8,16.0,19.4
2026-03-09 05:00:00,2026,3,9,5,Hồ Chí Minh,Phường An Lạc,10.7381994,106.6148874,93,Moderate,1,23.9,100,0.0,5.2,4,1010.4,63,42.7,46.6,906.0,63.8,12.0,25.0
2026-03-09 06:00:00,2026,3,9,6,Hồ Chí Minh,Phường An Lạc,10.7381994,106.6148874,92,Moderate,1,23.6,99,0.0,6.9,5,1011.1,75,46.6,50.5,1085.0,63.0,12.0,31.4
2026-03-09 07:00:00,2026,3,9,7,Hồ Chí Minh,Phường An Lạc,10.7381994,106.6148874,91,Moderate,1,24.8,94,0.0,5.3,350,1011.9,38,54.2,59.1,1175.0,59.9,20.0,29.5
2026-03-09 08:00:00,2026,3,9,8,Hồ Chí Minh,Phường An Lạc,10.7381994,106.6148874,91,Moderate,1,26.5,84,0.0,4.5,360,1012.6,16,44.6,49.7,1107.0,52.4,47.0,26.7
2026-03-09 09:00:00,2026,3,9,9,Hồ Chí Minh,Phường An Lạc,10.7381994,106.6148874,91,Moderate,1,28.4,71,0.0,3.3,6,1013.1,10,33.1,37.4,950.0,41.7,86.0,22.6
2026-03-09 10:00:00,2026,3,9,10,Hồ Chí Minh,Phường An Lạc,10.7381994,106.6148874,91,Moderate,1,30.0,62,0.0,1.5,14,1012.9,8,29.0,32.2,809.0,32.2,117.0,18.6
2026-03-09 11:00:00,2026,3,9,11,Hồ Chí Minh,Phường An Lạc,10.7381994,106.6148874,91,Moderate,1,31.4,56,0.0,2.7,82,1012.3,14,25.6,27.2,723.0,24.7,136.0,14.6
2026-03-09 12:00:00,2026,3,9,12,Hồ Chí Minh,Phường An Lạc,10.7381994,106.6148874,90,Moderate,1,32.0,51,0.1,5.4,105,1011.1,22,22.5,23.9,653.0,18.4,148.0,10.6
2026-03-09 13:00:00,2026,3,9,13,Hồ Chí Minh,Phường An Lạc,10.7381994,106.6148874,90,Moderate,1,31.8,50,0.1,2.0,117,1010.2,10,18.3,19.5,583.0,14.2,154.0,7.6
2026-03-09 14:00:00,2026,3,9,14,Hồ Chí Minh,Phường An Lạc,10.7381994,106.6148874,89,Moderate,1,33.0,45,0.1,3.3,99,1009.3,15,25.7,27.5,499.0,12.7,154.0,6.0
2026-03-09 15:00:00,2026,3,9,15,Hồ Chí Minh,Phường An Lạc,10.7381994,106.6148874,89,Moderate,1,33.2,43,0.1,4.7,99,1008.8,22,18.9,20.0,416.0,13.4,147.0,5.5
2026-03-09 16:00:00,2026,3,9,16,Hồ Chí Minh,Phường An Lạc,10.7381994,106.6148874,89,Moderate,1,32.0,47,0.1,8.7,124,1009.0,38,17.3,19.2,361.0,16.3,136.0,5.9
2026-03-09 17:00:00,2026,3,9,17,Hồ Chí Minh,Phường An Lạc,10.7381994,106.6148874,96,Moderate,1,29.2,63,0.1,12.6,146,1009.3,27,19.4,22.2,334.0,22.2,118.0,7.4
2026-03-09 18:00:00,2026,3,9,18,Hồ Chí Minh,Phường An Lạc,10.7381994,106.6148874,103,Unhealthy for Sensitive Groups,2,28.5,65,0.1,9.5,126,1009.7,32,23.7,26.7,334.0,30.5,94.0,9.8
2026-03-09 19:00:00,2026,3,9,19,Hồ Chí Minh,Phường An Lạc,10.7381994,106.6148874,98,Moderate,1,28.1,72,0.0,7.9,150,1010.2,7,35.7,38.9,390.0,43.1,65.0,12.4
2026-03-09 20:00:00,2026,3,9,20,Hồ Chí Minh,Phường An Lạc,10.7381994,106.6148874,87,Moderate,1,27.6,74,0.0,9.0,133,1011.1,19,32.2,34.9,575.0,45.5,55.0,13.3
2026-03-09 21:00:00,2026,3,9,21,Hồ Chí Minh,Phường An Lạc,10.7381994,106.6148874,87,Moderate,1,25.2,85,4.2,12.9,352,1012.4,99,30.2,32.6,816.0,49.0,42.0,14.5
2026-03-09 22:00:00,2026,3,9,22,Hồ Chí Minh,Phường An Lạc,10.7381994,106.6148874,88,Moderate,1,24.5,96,3.3,6.9,157,1012.0,63,38.4,41.4,920.0,53.3,30.0,15.8
2026-03-09 23:00:00,2026,3,9,23,Hồ Chí Minh,Phường An Lạc,10.7381994,106.6148874,89,Moderate,1,25.1,91,0.0,5.0,182,1012.3,66,42.3,45.6,741.0,58.9,22.0,17.1
2026-03-10 00:00:00,2026,3,10,0,Hồ Chí Minh,Phường An Lạc,10.7381994,106.6148874,91,Moderate,1,25.0,93,0.0,3.7,215,1012.2,70,43.3,47.0,424.0,65.3,15.0,18.3
2026-03-10 01:00:00,2026,3,10,1,Hồ Chí Minh,Phường An Lạc,10.7381994,106.6148874,93,Moderate,1,24.9,93,0.0,5.2,207,1011.5,36,47.4,51.3,217.0,70.0,10.0,19.5
2026-03-10 02:00:00,2026,3,10,2,Hồ Chí Minh,Phường An Lạc,10.7381994,106.6148874,96,Moderate,1,25.0,94,0.0,2.9,187,1011.1,8,53.2,57.3,231.0,72.3,6.0,20.3
2026-03-10 03:00:00,2026,3,10,3,Hồ Chí Minh,Phường An Lạc,10.7381994,106.6148874,97,Moderate,1,24.9,95,0.0,0.3,315,1010.4,13,60.8,64.5,355.0,73.0,2.0,21.1
2026-03-10 04:00:00,2026,3,10,4,Hồ Chí Minh,Phường An Lạc,10.7381994,106.6148874,100,Moderate,1,24.6,97,0.0,3.4,328,1010.5,5,63.1,66.6,499.0,71.7,2.0,22.1
2026-03-10 05:00:00,2026,3,10,5,Hồ Chí Minh,Phường An Lạc,10.7381994,106.6148874,102,Unhealthy for Sensitive Groups,2,24.3,99,0.0,5.9,337,1010.9,71,57.2,60.5,666.0,68.1,4.0,24.4
2026-03-10 06:00:00,2026,3,10,6,Hồ Chí Minh,Phường An Lạc,10.7381994,106.6148874,103,Unhealthy for Sensitive Groups,2,24.0,99,0.0,6.9,340,1011.4,98,55.8,59.1,853.0,62.5,8.0,27.1
2026-03-10 07:00:00,2026,3,10,7,Hồ Chí Minh,Phường An Lạc,10.7381994,106.6148874,104,Unhealthy for Sensitive Groups,2,25.1,87,0.0,3.4,354,1012.3,3,46.8,49.8,958.0,55.0,17.0,25.0
2026-03-10 08:00:00,2026,3,10,8,Hồ Chí Minh,Phường An Lạc,10.7381994,106.6148874,103,Unhealthy for Sensitive Groups,2,27.4,76,0.0,4.1,345,1013.2,5,40.5,43.8,914.0,48.0,41.0,22.5
2026-03-10 09:00:00,2026,3,10,9,Hồ Chí Minh,Phường An Lạc,10.7381994,106.6148874,103,Unhealthy for Sensitive Groups,2,29.2,66,0.0,2.2,355,1013.2,2,28.6,30.9,789.0,38.1,75.0,18.9
2026-03-10 10:00:00,2026,3,10,10,Hồ Chí Minh,Phường An Lạc,10.7381994,106.6148874,102,Unhealthy for Sensitive Groups,2,31.1,57,0.0,1.7,13,1013.4,5,21.6,23.2,683.0,29.1,102.0,15.2
2026-03-10 11:00:00,2026,3,10,11,Hồ Chí Minh,Phường An Lạc,10.7381994,106.6148874,102,Unhealthy for Sensitive Groups,2,32.7,49,0.0,3.6,49,1012.6,4,18.2,19.2,642.0,21.6,118.0,11.3
2026-03-10 12:00:00,2026,3,10,12,Hồ Chí Minh,Phường An Lạc,10.7381994,106.6148874,101,Unhealthy for Sensitive Groups,2,33.8,44,0.0,3.9,66,1011.3,24,15.3,15.9,621.0,15.0,128.0,7.3
2026-03-10 13:00:00,2026,3,10,13,Hồ Chí Minh,Phường An Lạc,10.7381994,106.6148874,100,Moderate,1,33.2,43,0.0,6.9,57,1010.8,38,14.5,15.1,581.0,11.3,132.0,4.7
2026-03-10 14:00:00,2026,3,10,14,Hồ Chí Minh,Phường An Lạc,10.7381994,106.6148874,100,Moderate,1,33.6,42,0.0,7.6,62,1009.9,41,15.1,15.9,485.0,11.3,130.0,4.0
2026-03-10 15:00:00,2026,3,10,15,Hồ Chí Minh,Phường An Lạc,10.7381994,106.6148874,99,Moderate,1,32.1,49,0.1,8.0,138,1009.5,60,17.6,20.1,371.0,14.1,123.0,4.6
2026-03-10 16:00:00,2026,3,10,16,Hồ Chí Minh,Phường An Lạc,10.7381994,106.6148874,99,Moderate,1,30.5,60,0.4,11.8,157,1009.4,63,20.7,23.4,314.0,19.5,112.0,6.2
2026-03-10 17:00:00,2026,3,10,17,Hồ Chí Minh,Phường An Lạc,10.7381994,106.6148874,99,Moderate,1,30.5,57,0.0,10.4,157,1009.6,29,23.2,26.0,370.0,28.8,97.0,9.1
2026-03-10 18:00:00,2026,3,10,18,Hồ Chí Minh,Phường An Lạc,10.7381994,106.6148874,99,Moderate,1,29.0,65,0.0,10.0,159,1010.0,31,30.3,33.4,482.0,40.6,80.0,12.9
2026-03-10 19:00:00,2026,3,10,19,Hồ Chí Minh,Phường An Lạc,10.7381994,106.6148874,100,Moderate,1,27.0,77,0.0,10.2,122,1011.0,27,33.8,36.2,555.0,53.0,45.0,14.0
2026-03-10 20:00:00,2026,3,10,20,Hồ Chí Minh,Phường An Lạc,10.7381994,106.6148874,100,Moderate,1,25.0,83,0.2,19.1,133,1012.1,59,42.7,45.3,521.0,59.8,34.0,16.8
2026-03-10 21:00:00,2026,3,10,21,Hồ Chí Minh,Phường An Lạc,10.7381994,106.6148874,101,Unhealthy for Sensitive Groups,2,25.0,83,0.0,8.9,98,1011.9,39,51.5,54.2,448.0,68.8,19.0,20.4
2026-03-10 22:00:00,2026,3,10,22,Hồ Chí Minh,Phường An Lạc,10.7381994,106.6148874,103,Unhealthy for Sensitive Groups,2,25.5,82,0.0,7.4,97,1012.2,11,54.4,57.0,447.0,73.7,9.0,22.0
2026-03-10 23:00:00,2026,3,10,23,Hồ Chí Minh,Phường An Lạc,10.7381994,106.6148874,105,Unhealthy for Sensitive Groups,2,25.4,85,0.0,3.8,71,1012.2,69,51.9,54.4,617.0,70.4,8.0,19.4
2026-03-11 00:00:00,2026,3,11,0,Hồ Chí Minh,Phường An Lạc,10.7381994,106.6148874,106,Unhealthy for Sensitive Groups,2,25.0,88,0.0,4.8,349,1011.9,34,46.3,48.5,859.0,62.8,11.0,14.8
2026-03-11 01:00:00,2026,3,11,1,Hồ Chí Minh,Phường An Lạc,10.7381994,106.6148874,106,Unhealthy for Sensitive Groups,2,25.5,87,0.0,4.2,355,1011.5,30,39.7,41.8,988.0,56.5,13.0,11.5
2026-03-11 02:00:00,2026,3,11,2,Hồ Chí Minh,Phường An Lạc,10.7381994,106.6148874,105,Unhealthy for Sensitive Groups,2,25.5,86,0.0,2.8,45,1011.0,91,36.7,38.9,880.0,53.4,11.0,10.8
2026-03-11 03:00:00,2026,3,11,3,Hồ Chí Minh,Phường An Lạc,10.7381994,106.6148874,104,Unhealthy for Sensitive Groups,2,25.2,88,0.0,2.3,360,1010.5,81,37.1,39.2,658.0,51.6,9.0,11.5
2026-03-11 04:00:00,2026,3,11,4,Hồ Chí Minh,Phường An Lạc,10.7381994,106.6148874,101,Unhealthy for Sensitive Groups,2,25.0,87,0.0,3.5,336,1010.3,75,39.2,41.2,508.0,50.2,9.0,12.6
2026-03-11 05:00:00,2026,3,11,5,Hồ Chí Minh,Phường An Lạc,10.7381994,106.6148874,99,Moderate,1,24.5,88,0.0,4.5,346,1010.4,85,41.2,43.2,523.0,49.7,11.0,14.4
2026-03-11 06:00:00,2026,3,11,6,Hồ Chí Minh,Phường An Lạc,10.7381994,106.6148874,97,Moderate,1,24.2,87,0.0,3.4,354,1010.8,100,42.4,44.2,609.0,49.7,15.0,16.6
2026-03-11 07:00:00,2026,3,11,7,Hồ Chí Minh,Phường An Lạc,10.7381994,106.6148874,96,Moderate,1,25.0,91,0.0,0.5,270,1011.6,87,39.7,40.3,670.0,43.5,35.0,11.0
2026-03-11 08:00:00,2026,3,11,8,Hồ Chí Minh,Phường An Lạc,10.7381994,106.6148874,96,Moderate,1,27.0,78,0.0,0.6,304,1012.5,18,29.3,29.8,662.0,38.2,60.0,10.7
2026-03-11 09:00:00,2026,3,11,9,Hồ Chí Minh,Phường An Lạc,10.7381994,106.6148874,95,Moderate,1,28.5,68,0.0,2.4,312,1013.0,25,20.7,21.4,629.0,30.8,96.0,10.3
2026-03-11 10:00:00,2026,3,11,10,Hồ Chí Minh,Phường An Lạc,10.7381994,106.6148874,94,Moderate,1,30.1,61,0.0,2.5,330,1012.8,81,18.3,19.0,610.0,24.1,129.0,10.0
2026-03-11 11:00:00,2026,3,11,11,Hồ Chí Minh,Phường An Lạc,10.7381994,106.6148874,94,Moderate,1,31.5,54,0.0,3.2,357,1011.9,68,17.9,18.7,631.0,19.0,157.0,10.0
2026-03-11 12:00:00,2026,3,11,12,Hồ Chí Minh,Phường An Lạc,10.7381994,106.6148874,94,Moderate,1,32.5,49,0.0,3.6,6,1010.7,88,18.5,19.4,666.0,14.6,183.0,10.2
2026-03-11 13:00:00,2026,3,11,13,Hồ Chí Minh,Phường An Lạc,10.7381994,106.6148874,94,Moderate,1,33.5,39,0.0,4.6,13,1009.6,61,20.5,21.7,680.0,11.7,202.0,10.4
2026-03-11 14:00:00,2026,3,11,14,Hồ Chí Minh,Phường An Lạc,10.7381994,106.6148874,94,Moderate,1,34.5,35,0.0,3.8,19,1008.6,73,22.2,23.5,655.0,10.4,215.0,10.5
2026-03-11 15:00:00,2026,3,11,15,Hồ Chí Minh,Phường An Lạc,10.7381994,106.6148874,96,Moderate,1,34.6,34,0.0,5.2,6,1007.9,53,23.0,24.3,609.0,10.6,220.0,10.6
2026-03-11 16:00:00,2026,3,11,16,Hồ Chí Minh,Phường An Lạc,10.7381994,106.6148874,135,Unhealthy for Sensitive Groups,2,34.1,34,0.0,4.1,119,1007.7,61,23.4,24.7,556.0,12.7,213.0,10.8
2026-03-11 17:00:00,2026,3,11,17,Hồ Chí Minh,Phường An Lạc,10.7381994,106.6148874,163,Unhealthy,3,29.5,63,0.1,18.6,154,1008.3,17,23.1,24.6,491.0,18.3,183.0,11.3
2026-03-11 18:00:00,2026,3,11,18,Hồ Chí Minh,Phường An Lạc,10.7381994,106.6148874,177,Unhealthy,3,28.8,62,0.0,12.7,148,1008.7,9,26.6,29.3,419.0,25.8,140.0,11.9
2026-03-11 19:00:00,2026,3,11,19,Hồ Chí Minh,Phường An Lạc,10.7381994,106.6148874,179,Unhealthy,3,28.6,65,0.0,11.2,156,1009.2,44,20.6,22.8,369.0,28.7,106.0,11.8
2026-03-11 20:00:00,2026,3,11,20,Hồ Chí Minh,Phường An Lạc,10.7381994,106.6148874,171,Unhealthy,3,27.6,69,0.0,12.4,154,1010.1,29,18.2,20.1,358.0,27.3,97.0,11.1
2026-03-11 21:00:00,2026,3,11,21,Hồ Chí Minh,Phường An Lạc,10.7381994,106.6148874,157,Unhealthy,3,26.8,74,0.0,13.1,143,1010.3,9,16.2,18.2,370.0,25.5,84.0,10.1
2026-03-11 22:00:00,2026,3,11,22,Hồ Chí Minh,Phường An Lạc,10.7381994,106.6148874,134,Unhealthy for Sensitive Groups,2,26.4,76,0.0,10.3,144,1010.9,23,15.8,17.6,383.0,25.1,72.0,9.4
2026-03-11 23:00:00,2026,3,11,23,Hồ Chí Minh,Phường An Lạc,10.7381994,106.6148874,104,Unhealthy for Sensitive Groups,2,26.0,77,0.0,7.9,131,1011.0,23,17.3,19.0,385.0,27.1,63.0,9.4
2026-03-12 00:00:00,2026,3,12,0,Hồ Chí Minh,Phường An Lạc,10.7381994,106.6148874,82,Moderate,1,25.8,77,0.0,5.5,109,1010.9,91,20.0,21.7,388.0,30.4,55.0,9.8
2026-03-12 01:00:00,2026,3,12,1,Hồ Chí Minh,Phường An Lạc,10.7381994,106.6148874,80,Moderate,1,26.0,76,0.0,3.3,158,1010.2,86,23.2,25.0,408.0,33.7,47.0,10.2
2026-03-12 02:00:00,2026,3,12,2,Hồ Chí Minh,Phường An Lạc,10.7381994,106.6148874,79,Moderate,1,25.9,76,0.0,4.8,138,1009.7,98,25.4,27.2,433.0,36.8,40.0,10.4
2026-03-12 03:00:00,2026,3,12,3,Hồ Chí Minh,Phường An Lạc,10.7381994,106.6148874,78,Moderate,1,25.8,75,0.0,4.5,137,1009.5,80,28.8,30.6,476.0,40.0,33.0,10.5
2026-03-12 04:00:00,2026,3,12,4,Hồ Chí Minh,Phường An Lạc,10.7381994,106.6148874,77,Moderate,1,25.6,75,0.0,5.9,92,1009.6,99,32.9,34.9,587.0,42.4,27.0,11.0
2026-03-12 05:00:00,2026,3,12,5,Hồ Chí Minh,Phường An Lạc,10.7381994,106.6148874,76,Moderate,1,25.6,72,0.0,7.2,91,1009.9,63,34.3,36.6,863.0,44.5,19.0,12.1
2026-03-12 06:00:00,2026,3,12,6,Hồ Chí Minh,Phường An Lạc,10.7381994,106.6148874,76,Moderate,1,25.5,72,0.0,7.8,81,1010.5,67,36.4,38.6,1208.0,45.8,13.0,13.5
2026-03-12 07:00:00,2026,3,12,7,Hồ Chí Minh,Phường An Lạc,10.7381994,106.6148874,75,Moderate,1,26.1,71,0.0,7.0,91,1011.3,2,46.6,49.4,1381.0,44.9,22.0,13.7
2026-03-12 08:00:00,2026,3,12,8,Hồ Chí Minh,Phường An Lạc,10.7381994,106.6148874,76,Moderate,1,28.1,61,0.0,6.2,78,1012.0,15,35.3,38.9,1226.0,37.8,49.0,13.1
2026-03-12 09:00:00,2026,3,12,9,Hồ Chí Minh,Phường An Lạc,10.7381994,106.6148874,76,Moderate,1,29.8,52,0.0,5.2,78,1012.0,3,28.1,32.0,899.0,27.8,86.0,12.3
2026-03-12 10:00:00,2026,3,12,10,Hồ Chí Minh,Phường An Lạc,10.7381994,106.6148874,77,Moderate,1,31.5,46,0.0,3.3,61,1012.0,9,25.6,29.5,632.0,19.7,118.0,11.2
2026-03-12 11:00:00,2026,3,12,11,Hồ Chí Minh,Phường An Lạc,10.7381994,106.6148874,78,Moderate,1,32.8,40,0.0,3.6,93,1011.0,13,23.1,26.7,516.0,15.2,138.0,9.7
2026-03-12 12:00:00,2026,3,12,12,Hồ Chí Minh,Phường An Lạc,10.7381994,106.6148874,78,Moderate,1,33.8,36,0.1,4.9,84,1009.7,26,20.8,24.3,460.0,12.4,153.0,7.9
2026-03-12 13:00:00,2026,3,12,13,Hồ Chí Minh,Phường An Lạc,10.7381994,106.6148874,78,Moderate,1,33.4,37,0.1,3.8,79,1008.9,25,19.4,22.8,416.0,10.9,161.0,6.6
2026-03-12 14:00:00,2026,3,12,14,Hồ Chí Minh,Phường An Lạc,10.7381994,106.6148874,78,Moderate,1,34.3,35,0.0,2.6,141,1007.7,24,18.4,21.8,365.0,10.2,164.0,5.8
2026-03-12 15:00:00,2026,3,12,15,Hồ Chí Minh,Phường An Lạc,10.7381994,106.6148874,78,Moderate,1,33.4,37,0.0,11.0,161,1007.0,24,18.0,21.7,326.0,10.7,160.0,5.4
2026-03-12 16:00:00,2026,3,12,16,Hồ Chí Minh,Phường An Lạc,10.7381994,106.6148874,85,Moderate,1,30.5,53,1.0,15.4,156,1007.2,55,18.0,21.9,313.0,12.7,151.0,5.6
2026-03-12 17:00:00,2026,3,12,17,Hồ Chí Minh,Phường An Lạc,10.7381994,106.6148874,107,Unhealthy for Sensitive Groups,2,30.3,54,0.1,10.7,135,1007.4,30,17.5,20.7,344.0,17.7,132.0,6.9
2026-03-12 18:00:00,2026,3,12,18,Hồ Chí Minh,Phường An Lạc,10.7381994,106.6148874,117,Unhealthy for Sensitive Groups,2,28.5,62,0.0,14.1,146,1007.9,16,20.6,23.0,401.0,24.3,108.0,8.7
2026-03-12 19:00:00,2026,3,12,19,Hồ Chí Minh,Phường An Lạc,10.7381994,106.6148874,115,Unhealthy for Sensitive Groups,2,27.5,70,0.0,14.1,137,1008.5,2,18.9,21.1,441.0,27.0,88.0,9.7
2026-03-12 20:00:00,2026,3,12,20,Hồ Chí Minh,Phường An Lạc,10.7381994,106.6148874,104,Unhealthy for Sensitive Groups,2,27.0,70,0.0,15.3,130,1009.5,2,16.2,18.5,446.0,24.9,84.0,9.0
2026-03-12 21:00:00,2026,3,12,21,Hồ Chí Minh,Phường An Lạc,10.7381994,106.6148874,89,Moderate,1,26.5,70,0.0,14.6,123,1010.2,0,14.4,16.4,435.0,22.1,79.0,7.9
2026-03-12 22:00:00,2026,3,12,22,Hồ Chí Minh,Phường An Lạc,10.7381994,106.6148874,75,Moderate,1,26.0,73,0.0,12.4,126,1010.5,0,13.8,15.7,424.0,20.5,74.0,7.2
2026-03-12 23:00:00,2026,3,12,23,Hồ Chí Minh,Phường An Lạc,10.7381994,106.6148874,75,Moderate,1,25.7,73,0.0,12.4,123,1010.6,0,13.9,15.5,413.0,20.9,69.0,6.9
2026-03-13 00:00:00,2026,3,13,0,Hồ Chí Minh,Phường An Lạc,10.7381994,106.6148874,75,Moderate,1,25.5,70,0.0,11.4,105,1010.5,0,14.4,15.9,403.0,22.6,63.0,7.0
2026-03-13 01:00:00,2026,3,13,1,Hồ Chí Minh,Phường An Lạc,10.7381994,106.6148874,74,Moderate,1,25.6,71,0.0,10.6,100,1010.0,6,16.9,18.4,408.0,24.6,57.0,7.1
2026-03-13 02:00:00,2026,3,13,2,Hồ Chí Minh,Phường An Lạc,10.7381994,106.6148874,74,Moderate,1,25.6,69,0.0,9.4,93,1009.4,6,20.4,21.8,421.0,27.0,51.0,7.2
2026-03-13 03:00:00,2026,3,13,3,Hồ Chí Minh,Phường An Lạc,10.7381994,106.6148874,73,Moderate,1,25.2,68,0.0,9.4,90,1009.3,7,24.0,25.6,449.0,29.9,44.0,7.5
2026-03-13 04:00:00,2026,3,13,4,Hồ Chí Minh,Phường An Lạc,10.7381994,106.6148874,73,Moderate,1,25.0,68,0.0,8.6,82,1009.8,9,26.6,28.2,533.0,32.6,39.0,8.2
2026-03-13 05:00:00,2026,3,13,5,Hồ Chí Minh,Phường An Lạc,10.7381994,106.6148874,72,Moderate,1,24.8,69,0.0,6.6,69,1009.9,6,27.7,29.5,750.0,36.1,32.0,9.8
2026-03-13 06:00:00,2026,3,13,6,Hồ Chí Minh,Phường An Lạc,10.7381994,106.6148874,72,Moderate,1,24.5,71,0.0,4.7,62,1010.7,10,31.5,33.6,1022.0,39.4,25.0,11.8
2026-03-13 07:00:00,2026,3,13,7,Hồ Chí Minh,Phường An Lạc,10.7381994,106.6148874,71,Moderate,1,25.7,69,0.0,4.7,74,1011.6,15,35.7,38.3,1160.0,35.6,37.0,10.2
2026-03-13 08:00:00,2026,3,13,8,Hồ Chí Minh,Phường An Lạc,10.7381994,106.6148874,70,Moderate,1,27.6,57,0.0,5.1,72,1012.3,17,26.3,29.4,1038.0,29.6,59.0,9.1
2026-03-13 09:00:00,2026,3,13,9,Hồ Chí Minh,Phường An Lạc,10.7381994,106.6148874,70,Moderate,1,29.2,50,0.0,5.8,88,1012.5,1,20.7,24.4,782.0,21.2,89.0,7.4
2026-03-13 10:00:00,2026,3,13,10,Hồ Chí Minh,Phường An Lạc,10.7381994,106.6148874,69,Moderate,1,31.0,44,0.0,6.1,87,1012.4,0,18.7,22.3,576.0,14.3,115.0,6.1
2026-03-13 11:00:00,2026,3,13,11,Hồ Chí Minh,Phường An Lạc,10.7381994,106.6148874,68,Moderate,1,32.5,40,0.0,6.0,85,1011.5,21,16.4,19.3,496.0,10.3,133.0,5.3
2026-03-13 12:00:00,2026,3,13,12,Hồ Chí Minh,Phường An Lạc,10.7381994,106.6148874,68,Moderate,1,33.2,37,0.0,5.4,82,1010.4,30,14.5,17.1,466.0,7.9,148.0,4.7
2026-03-13 13:00:00,2026,3,13,13,Hồ Chí Minh,Phường An Lạc,10.7381994,106.6148874,67,Moderate,1,33.5,35,0.1,4.3,114,1009.3,17,13.8,16.4,445.0,6.6,157.0,4.3
2026-03-13 14:00:00,2026,3,13,14,Hồ Chí Minh,Phường An Lạc,10.7381994,106.6148874,67,Moderate,1,34.5,34,0.0,2.8,153,1008.3,20,13.7,16.5,412.0,5.6,161.0,3.8
2026-03-13 15:00:00,2026,3,13,15,Hồ Chí Minh,Phường An Lạc,10.7381994,106.6148874,66,Moderate,1,34.0,35,0.0,4.4,210,1007.7,41,14.6,17.7,388.0,5.8,160.0,3.5
2026-03-13 16:00:00,2026,3,13,16,Hồ Chí Minh,Phường An Lạc,10.7381994,106.6148874,84,Moderate,1,32.8,39,0.0,9.9,225,1007.7,88,15.3,18.6,396.0,9.1,152.0,4.2
2026-03-13 17:00:00,2026,3,13,17,Hồ Chí Minh,Phường An Lạc,10.7381994,106.6148874,104,Unhealthy for Sensitive Groups,2,30.4,49,0.3,10.1,192,1008.1,53,21.5,25.7,466.0,18.4,131.0,6.6
2026-03-13 18:00:00,2026,3,13,18,Hồ Chí Minh,Phường An Lạc,10.7381994,106.6148874,113,Unhealthy for Sensitive Groups,2,29.1,56,0.2,7.0,136,1009.1,49,24.4,27.0,567.0,30.9,104.0,10.0
2026-03-13 19:00:00,2026,3,13,19,Hồ Chí Minh,Phường An Lạc,10.7381994,106.6148874,110,Unhealthy for Sensitive Groups,2,27.9,63,0.0,8.1,211,1009.6,48,31.8,34.9,638.0,37.6,81.0,11.5
2026-03-13 20:00:00,2026,3,13,20,Hồ Chí Minh,Phường An Lạc,10.7381994,106.6148874,99,Moderate,1,26.9,69,0.0,5.8,286,1011.2,30,29.3,32.0,643.0,36.0,79.0,12.3
2026-03-13 21:00:00,2026,3,13,21,Hồ Chí Minh,Phường An Lạc,10.7381994,106.6148874,85,Moderate,1,26.5,71,0.0,5.0,232,1011.6,95,29.2,32.0,617.0,33.8,76.0,13.4
2026-03-13 22:00:00,2026,3,13,22,Hồ Chí Minh,Phường An Lạc,10.7381994,106.6148874,70,Moderate,1,26.0,75,0.0,5.6,245,1011.7,98,32.1,34.8,599.0,32.8,71.0,14.1
2026-03-13 23:00:00,2026,3,13,23,Hồ Chí Minh,Phường An Lạc,10.7381994,106.6148874,72,Moderate,1,25.5,79,0.0,4.1,268,1011.5,45,34.5,37.1,596.0,33.9,64.0,14.0
2026-03-14 00:00:00,2026,3,14,0,Hồ Chí Minh,Phường An Lạc,10.7381994,106.6148874,74,Moderate,1,25.0,83,0.0,4.2,275,1011.4,48,35.7,38.3,601.0,36.1,55.0,13.6
2026-03-14 01:00:00,2026,3,14,1,Hồ Chí Minh,Phường An Lạc,10.7381994,106.6148874,75,Moderate,1,25.4,85,0.0,3.4,227,1010.6,100,36.7,39.1,632.0,38.1,47.0,13.3
2026-03-14 02:00:00,2026,3,14,2,Hồ Chí Minh,Phường An Lạc,10.7381994,106.6148874,77,Moderate,1,25.4,86,0.0,2.9,223,1010.5,34,38.0,40.2,709.0,39.4,42.0,13.5
2026-03-14 03:00:00,2026,3,14,3,Hồ Chí Minh,Phường An Lạc,10.7381994,106.6148874,79,Moderate,1,25.1,87,0.0,0.4,297,1010.2,100,39.8,41.9,812.0,40.5,38.0,13.8
2026-03-14 04:00:00,2026,3,14,4,Hồ Chí Minh,Phường An Lạc,10.7381994,106.6148874,80,Moderate,1,24.9,89,0.0,4.1,319,1010.4,100,42.8,44.9,904.0,41.8,35.0,14.2
2026-03-14 05:00:00,2026,3,14,5,Hồ Chí Minh,Phường An Lạc,10.7381994,106.6148874,82,Moderate,1,24.9,89,0.0,4.4,328,1010.7,59,45.9,48.0,980.0,44.8,30.0,14.7
2026-03-14 06:00:00,2026,3,14,6,Hồ Chí Minh,Phường An Lạc,10.7381994,106.6148874,83,Moderate,1,24.8,90,0.0,2.5,330,1011.5,100,47.8,49.9,1045.0,48.0,25.0,15.3
2026-03-14 07:00:00,2026,3,14,7,Hồ Chí Minh,Phường An Lạc,10.7381994,106.6148874,85,Moderate,1,25.4,87,0.0,1.1,351,1012.5,100,37.5,39.7,1072.0,49.1,24.0,14.2
2026-03-14 08:00:00,2026,3,14,8,Hồ Chí Minh,Phường An Lạc,10.7381994,106.6148874,85,Moderate,1,26.5,79,0.0,1.3,16,1013.4,97,36.6,39.2,1043.0,41.7,49.0,13.4
2026-03-14 09:00:00,2026,3,14,9,Hồ Chí Minh,Phường An Lạc,10.7381994,106.6148874,86,Moderate,1,27.8,70,0.0,3.3,68,1013.7,93,30.9,33.6,976.0,31.4,85.0,12.1
2026-03-14 10:00:00,2026,3,14,10,Hồ Chí Minh,Phường An Lạc,10.7381994,106.6148874,87,Moderate,1,29.7,59,0.0,3.1,59,1013.6,95,23.1,25.3,900.0,22.3,117.0,10.7
2026-03-14 11:00:00,2026,3,14,11,Hồ Chí Minh,Phường An Lạc,10.7381994,106.6148874,87,Moderate,1,30.0,57,0.0,1.8,101,1013.1,100,20.0,22.4,821.0,15.6,142.0,8.9
2026-03-14 12:00:00,2026,3,14,12,Hồ Chí Minh,Phường An Lạc,10.7381994,106.6148874,87,Moderate,1,30.9,52,0.0,3.3,112,1011.9,86,17.4,19.8,733.0,10.1,164.0,6.9
2026-03-14 13:00:00,2026,3,14,13,Hồ Chí Minh,Phường An Lạc,10.7381994,106.6148874,88,Moderate,1,31.0,51,0.0,1.6,117,1011.5,77,16.0,18.3,642.0,6.7,176.0,5.5
2026-03-14 14:00:00,2026,3,14,14,Hồ Chí Minh,Phường An Lạc,10.7381994,106.6148874,88,Moderate,1,31.9,48,0.0,3.4,137,1010.3,59,15.2,17.5,533.0,5.8,176.0,4.8
2026-03-14 15:00:00,2026,3,14,15,Hồ Chí Minh,Phường An Lạc,10.7381994,106.6148874,88,Moderate,1,31.8,48,0.2,6.4,135,1009.5,42,15.2,17.8,421.0,7.1,168.0,4.7
2026-03-14 16:00:00,2026,3,14,16,Hồ Chí Minh,Phường An Lạc,10.7381994,106.6148874,96,Moderate,1,30.7,51,0.2,8.7,142,1009.4,13,14.8,17.4,358.0,10.0,154.0,5.1
2026-03-14 17:00:00,2026,3,14,17,Hồ Chí Minh,Phường An Lạc,10.7381994,106.6148874,118,Unhealthy for Sensitive Groups,2,29.9,56,0.0,8.5,144,1009.8,23,15.1,17.5,359.0,15.6,134.0,6.3
2026-03-14 18:00:00,2026,3,14,18,Hồ Chí Minh,Phường An Lạc,10.7381994,106.6148874,128,Unhealthy for Sensitive Groups,2,28.8,61,0.0,7.9,117,1010.3,38,21.7,23.7,408.0,22.9,110.0,7.9
2026-03-14 19:00:00,2026,3,14,19,Hồ Chí Minh,Phường An Lạc,10.7381994,106.6148874,127,Unhealthy for Sensitive Groups,2,27.0,76,0.0,7.4,67,1011.3,24,23.1,25.1,508.0,30.2,87.0,9.7
2026-03-14 20:00:00,2026,3,14,20,Hồ Chí Minh,Phường An Lạc,10.7381994,106.6148874,115,Unhealthy for Sensitive Groups,2,26.7,73,0.0,6.6,74,1011.9,17,19.4,20.6,709.0,30.7,78.0,10.0
2026-03-14 21:00:00,2026,3,14,21,Hồ Chí Minh,Phường An Lạc,10.7381994,106.6148874,97,Moderate,1,26.1,76,0.0,6.2,46,1012.5,9,18.7,19.4,961.0,31.6,65.0,10.5
2026-03-14 22:00:00,2026,3,14,22,Hồ Chí Minh,Phường An Lạc,10.7381994,106.6148874,85,Moderate,1,25.6,80,0.0,3.5,62,1012.7,12,24.2,25.0,1112.0,33.5,53.0,10.7
2026-03-14 23:00:00,2026,3,14,23,Hồ Chí Minh,Phường An Lạc,10.7381994,106.6148874,84,Moderate,1,25.4,81,0.0,2.4,163,1012.9,30,28.3,29.5,1071.0,37.4,42.0,10.6
2026-03-15 00:00:00,2026,3,15,0,Hồ Chí Minh,Phường An Lạc,10.7381994,106.6148874,83,Moderate,1,25.0,84,0.0,4.1,38,1012.7,27,30.5,31.9,930.0,42.3,32.0,10.2
2026-03-15 01:00:00,2026,3,15,1,Hồ Chí Minh,Phường An Lạc,10.7381994,106.6148874,83,Moderate,1,25.2,89,0.0,0.8,27,1012.0,5,31.9,33.4,810.0,46.3,23.0,10.0
2026-03-15 02:00:00,2026,3,15,2,Hồ Chí Minh,Phường An Lạc,10.7381994,106.6148874,82,Moderate,1,25.0,89,0.0,3.2,19,1011.4,5,33.6,35.4,741.0,48.8,17.0,9.8
2026-03-15 03:00:00,2026,3,15,3,Hồ Chí Minh,Phường An Lạc,10.7381994,106.6148874,82,Moderate,1,24.5,91,0.0,4.4,308,1011.5,11,36.9,38.9,694.0,50.4,12.0,9.6
2026-03-15 04:00:00,2026,3,15,4,Hồ Chí Minh,Phường An Lạc,10.7381994,106.6148874,82,Moderate,1,24.2,91,0.0,4.1,311,1011.6,9,40.2,42.4,699.0,51.3,11.0,10.1
2026-03-15 05:00:00,2026,3,15,5,Hồ Chí Minh,Phường An Lạc,10.7381994,106.6148874,82,Moderate,1,23.9,92,0.0,3.4,328,1012.0,14,42.7,44.9,813.0,52.1,11.0,12.0
2026-03-15 06:00:00,2026,3,15,6,Hồ Chí Minh,Phường An Lạc,10.7381994,106.6148874,81,Moderate,1,23.5,94,0.0,3.1,298,1012.7,10,47.1,49.6,980.0,52.3,14.0,14.5
2026-03-15 07:00:00,2026,3,15,7,Hồ Chí Minh,Phường An Lạc,10.7381994,106.6148874,81,Moderate,1,24.4,92,0.0,2.4,324,1013.2,0,41.3,44.8,1059.0,40.6,34.0,10.7
2026-03-15 08:00:00,2026,3,15,8,Hồ Chí Minh,Phường An Lạc,10.7381994,106.6148874,82,Moderate,1,26.8,75,0.0,0.5,315,1014.0,5,28.1,32.1,963.0,34.4,60.0,10.4
2026-03-15 09:00:00,2026,3,15,9,Hồ Chí Minh,Phường An Lạc,10.7381994,106.6148874,81,Moderate,1,28.6,65,0.0,2.6,219,1014.3,9,25.3,30.0,780.0,25.8,97.0,9.9
2026-03-15 10:00:00,2026,3,15,10,Hồ Chí Minh,Phường An Lạc,10.7381994,106.6148874,80,Moderate,1,30.5,55,0.1,3.3,229,1014.2,21,23.8,28.5,633.0,18.4,128.0,9.1
2026-03-15 11:00:00,2026,3,15,11,Hồ Chí Minh,Phường An Lạc,10.7381994,106.6148874,80,Moderate,1,31.5,51,0.1,2.6,205,1013.3,27,20.7,24.6,579.0,13.4,149.0,7.5
2026-03-15 12:00:00,2026,3,15,12,Hồ Chí Minh,Phường An Lạc,10.7381994,106.6148874,80,Moderate,1,32.5,47,0.0,1.8,186,1012.1,20,17.2,20.1,562.0,9.6,164.0,5.6
2026-03-15 13:00:00,2026,3,15,13,Hồ Chí Minh,Phường An Lạc,10.7381994,106.6148874,80,Moderate,1,32.0,47,0.0,2.0,185,1011.2,26,16.1,19.2,537.0,7.4,171.0,4.3
2026-03-15 14:00:00,2026,3,15,14,Hồ Chí Minh,Phường An Lạc,10.7381994,106.6148874,80,Moderate,1,33.4,44,0.1,1.3,188,1010.1,41,14.1,17.1,475.0,7.0,167.0,4.0
2026-03-15 15:00:00,2026,3,15,15,Hồ Chí Minh,Phường An Lạc,10.7381994,106.6148874,80,Moderate,1,33.2,44,0.1,2.3,94,1009.3,53,14.1,17.1,406.0,8.3,155.0,4.3
2026-03-15 16:00:00,2026,3,15,16,Hồ Chí Minh,Phường An Lạc,10.7381994,106.6148874,99,Moderate,1,30.0,56,0.4,12.1,181,1009.5,43,14.6,17.3,372.0,11.2,139.0,4.9
2026-03-15 17:00:00,2026,3,15,17,Hồ Chí Minh,Phường An Lạc,10.7381994,106.6148874,115,Unhealthy for Sensitive Groups,2,29.2,60,0.2,11.3,115,1009.9,48,14.3,16.4,408.0,16.8,120.0,6.1
2026-03-15 18:00:00,2026,3,15,18,Hồ Chí Minh,Phường An Lạc,10.7381994,106.6148874,120,Unhealthy for Sensitive Groups,2,28.0,66,0.1,13.2,136,1010.4,35,15.7,17.2,480.0,24.0,97.0,7.7
2026-03-15 19:00:00,2026,3,15,19,Hồ Chí Minh,Phường An Lạc,10.7381994,106.6148874,114,Unhealthy for Sensitive Groups,2,27.5,70,0.0,10.7,125,1010.8,13,16.6,17.9,528.0,26.8,84.0,8.6
2026-03-15 20:00:00,2026,3,15,20,Hồ Chí Minh,Phường An Lạc,10.7381994,106.6148874,100,Moderate,1,27.0,72,0.0,13.1,128,1011.6,19,16.1,17.1,528.0,26.4,78.0,8.7
2026-03-15 21:00:00,2026,3,15,21,Hồ Chí Minh,Phường An Lạc,10.7381994,106.6148874,82,Moderate,1,26.5,72,0.0,11.3,117,1012.1,42,16.5,17.5,504.0,25.9,70.0,8.7
2026-03-15 22:00:00,2026,3,15,22,Hồ Chí Minh,Phường An Lạc,10.7381994,106.6148874,79,Moderate,1,26.1,73,0.0,10.3,112,1012.5,40,17.1,18.3,471.0,25.4,63.0,8.6
2026-03-15 23:00:00,2026,3,15,23,Hồ Chí Minh,Phường An Lạc,10.7381994,106.6148874,78,Moderate,1,25.7,76,0.0,9.0,120,1012.6,37,16.9,18.0,429.0,24.9,60.0,8.1
2026-03-16 00:00:00,2026,3,16,0,Hồ Chí Minh,Phường An Lạc,10.7381994,106.6148874,77,Moderate,1,25.4,78,0.0,7.6,124,1012.2,25,15.7,16.8,378.0,24.4,58.0,7.4
2026-03-16 01:00:00,2026,3,16,1,Hồ Chí Minh,Phường An Lạc,10.7381994,106.6148874,76,Moderate,1,25.4,79,0.0,9.0,113,1011.7,23,15.6,16.7,335.0,24.4,56.0,7.0
2026-03-16 02:00:00,2026,3,16,2,Hồ Chí Minh,Phường An Lạc,10.7381994,106.6148874,74,Moderate,1,25.0,78,0.0,10.0,110,1010.9,2,16.6,17.8,291.0,25.2,53.0,7.2
2026-03-16 03:00:00,2026,3,16,3,Hồ Chí Minh,Phường An Lạc,10.7381994,106.6148874,73,Moderate,1,24.6,78,0.0,10.1,110,1010.1,1,18.0,19.2,254.0,26.4,51.0,7.8
2026-03-16 04:00:00,2026,3,16,4,Hồ Chí Minh,Phường An Lạc,10.7381994,106.6148874,71,Moderate,1,24.2,80,0.0,8.4,99,1010.3,5,18.7,20.0,268.0,27.6,49.0,8.5
2026-03-16 05:00:00,2026,3,16,5,Hồ Chí Minh,Phường An Lạc,10.7381994,106.6148874,69,Moderate,1,24.0,81,0.0,7.4,90,1010.5,8,19.3,20.6,386.0,29.3,47.0,9.6
2026-03-16 06:00:00,2026,3,16,6,Hồ Chí Minh,Phường An Lạc,10.7381994,106.6148874,67,Moderate,1,23.8,82,0.0,6.0,83,1011.2,21,21.8,23.3,554.0,31.0,47.0,10.9
2026-03-16 07:00:00,2026,3,16,7,Hồ Chí Minh,Phường An Lạc,10.7381994,106.6148874,65,Moderate,1,25.0,77,0.0,6.8,88,1011.7,2,28.5,30.0,656.0,31.8,55.0,11.7
2026-03-16 08:00:00,2026,3,16,8,Hồ Chí Minh,Phường An Lạc,10.7381994,106.6148874,64,Moderate,1,27.0,66,0.0,9.2,90,1012.3,0,15.8,17.9,627.0,26.2,70.0,10.3
2026-03-16 09:00:00,2026,3,16,9,Hồ Chí Minh,Phường An Lạc,10.7381994,106.6148874,63,Moderate,1,28.9,57,0.0,9.9,86,1012.8,0,13.9,16.4,531.0,18.5,92.0,8.3
2026-03-16 10:00:00,2026,3,16,10,Hồ Chí Minh,Phường An Lạc,10.7381994,106.6148874,61,Moderate,1,30.5,51,0.0,8.6,78,1012.7,1,13.3,16.1,447.0,12.3,112.0,6.6
2026-03-16 11:00:00,2026,3,16,11,Hồ Chí Minh,Phường An Lạc,10.7381994,106.6148874,61,Moderate,1,31.9,46,0.0,6.5,82,1012.0,6,12.7,15.5,402.0,9.0,128.0,5.5
2026-03-16 12:00:00,2026,3,16,12,Hồ Chí Minh,Phường An Lạc,10.7381994,106.6148874,60,Moderate,1,33.1,41,0.0,6.1,90,1010.9,8,11.6,13.9,368.0,7.3,142.0,4.8
2026-03-16 13:00:00,2026,3,16,13,Hồ Chí Minh,Phường An Lạc,10.7381994,106.6148874,59,Moderate,1,32.5,43,0.0,3.7,67,1010.0,28,12.1,14.5,342.0,6.8,150.0,4.3
2026-03-16 14:00:00,2026,3,16,14,Hồ Chí Minh,Phường An Lạc,10.7381994,106.6148874,59,Moderate,1,33.3,40,0.1,1.8,45,1009.0,29,13.0,15.8,319.0,7.6,151.0,4.1
2026-03-16 15:00:00,2026,3,16,15,Hồ Chí Minh,Phường An Lạc,10.7381994,106.6148874,59,Moderate,1,33.2,41,0.1,2.9,176,1008.0,35,13.9,17.2,303.0,9.7,145.0,4.2
2026-03-16 16:00:00,2026,3,16,16,Hồ Chí Minh,Phường An Lạc,10.7381994,106.6148874,77,Moderate,1,32.4,43,0.1,4.9,188,1007.9,35,13.9,16.8,302.0,12.8,136.0,4.7
2026-03-16 17:00:00,2026,3,16,17,Hồ Chí Minh,Phường An Lạc,10.7381994,106.6148874,91,Moderate,1,30.4,51,0.1,12.0,164,1008.4,60,15.1,18.1,329.0,18.1,120.0,6.0
2026-03-16 18:00:00,2026,3,16,18,Hồ Chí Minh,Phường An Lạc,10.7381994,106.6148874,97,Moderate,1,28.3,63,0.1,13.5,146,1009.1,18,16.6,19.3,370.0,24.5,99.0,7.8
2026-03-16 19:00:00,2026,3,16,19,Hồ Chí Minh,Phường An Lạc,10.7381994,106.6148874,94,Moderate,1,27.7,67,0.0,10.1,140,1009.6,21,18.5,21.0,394.0,26.7,88.0,8.7
2026-03-16 20:00:00,2026,3,16,20,Hồ Chí Minh,Phường An Lạc,10.7381994,106.6148874,86,Moderate,1,26.8,74,0.0,10.7,150,1010.3,13,16.8,19.3,385.0,24.7,85.0,8.2
2026-03-16 21:00:00,2026,3,16,21,Hồ Chí Minh,Phường An Lạc,10.7381994,106.6148874,74,Moderate,1,26.0,77,0.0,13.2,137,1010.7,2,14.0,16.1,360.0,22.0,81.0,7.5
2026-03-16 22:00:00,2026,3,16,22,Hồ Chí Minh,Phường An Lạc,10.7381994,106.6148874,59,Moderate,1,25.6,77,0.0,13.9,134,1011.1,0,12.4,14.3,333.0,19.8,78.0,6.8
2026-03-16 23:00:00,2026,3,16,23,Hồ Chí Minh,Phường An Lạc,10.7381994,106.6148874,59,Moderate,1,25.2,79,0.0,12.8,129,1011.3,1,11.6,13.4,308.0,18.8,76.0,6.3
2026-03-17 00:00:00,2026,3,17,0,Hồ Chí Minh,Phường An Lạc,10.7381994,106.6148874,58,Moderate,1,25.0,79,0.0,12.7,133,1011.4,45,10.8,12.5,281.0,18.3,74.0,5.8
2026-03-17 01:00:00,2026,3,17,1,Hồ Chí Minh,Phường An Lạc,10.7381994,106.6148874,58,Moderate,1,25.0,80,0.0,11.1,136,1010.6,46,10.6,12.4,259.0,18.2,72.0,5.5
2026-03-17 02:00:00,2026,3,17,2,Hồ Chí Minh,Phường An Lạc,10.7381994,106.6148874,57,Moderate,1,24.8,81,0.0,10.7,135,1010.4,2,10.7,12.4,234.0,18.3,70.0,5.5
2026-03-17 03:00:00,2026,3,17,3,Hồ Chí Minh,Phường An Lạc,10.7381994,106.6148874,57,Moderate,1,24.5,83,0.0,11.0,130,1010.0,3,10.9,12.6,214.0,18.8,68.0,5.6
2026-03-17 04:00:00,2026,3,17,4,Hồ Chí Minh,Phường An Lạc,10.7381994,106.6148874,56,Moderate,1,24.4,83,0.0,11.1,124,1010.0,0,11.3,13.0,225.0,19.5,66.0,6.0
2026-03-17 05:00:00,2026,3,17,5,Hồ Chí Minh,Phường An Lạc,10.7381994,106.6148874,55,Moderate,1,24.1,83,0.0,11.4,114,1010.2,0,11.7,13.4,301.0,21.1,62.0,6.7
2026-03-17 06:00:00,2026,3,17,6,Hồ Chí Minh,Phường An Lạc,10.7381994,106.6148874,55,Moderate,1,24.0,82,0.0,10.6,108,1010.8,0,12.7,14.4,410.0,23.0,58.0,7.7
2026-03-17 07:00:00,2026,3,17,7,Hồ Chí Minh,Phường An Lạc,10.7381994,106.6148874,54,Moderate,1,25.1,75,0.0,8.3,92,1012.0,0,15.1,17.4,479.0,22.9,61.0,7.9
2026-03-17 08:00:00,2026,3,17,8,Hồ Chí Minh,Phường An Lạc,10.7381994,106.6148874,53,Moderate,1,26.9,65,0.0,11.1,97,1012.6,0,14.7,17.5,470.0,19.5,73.0,7.3
2026-03-17 09:00:00,2026,3,17,9,Hồ Chí Minh,Phường An Lạc,10.7381994,106.6148874,53,Moderate,1,28.9,55,0.0,11.3,98,1012.9,0,14.6,17.9,422.0,14.8,90.0,6.3
2026-03-17 10:00:00,2026,3,17,10,Hồ Chí Minh,Phường An Lạc,10.7381994,106.6148874,53,Moderate,1,30.8,49,0.0,11.4,97,1012.5,19,15.2,19.4,379.0,10.9,106.0,5.5
2026-03-17 11:00:00,2026,3,17,11,Hồ Chí Minh,Phường An Lạc,10.7381994,106.6148874,53,Moderate,1,32.4,43,0.0,10.7,97,1011.9,66,15.8,20.8,360.0,8.4,122.0,4.8
2026-03-17 12:00:00,2026,3,17,12,Hồ Chí Minh,Phường An Lạc,10.7381994,106.6148874,53,Moderate,1,33.6,40,0.0,8.3,104,1010.6,44,17.6,22.9,348.0,6.7,138.0,4.2
2026-03-17 13:00:00,2026,3,17,13,Hồ Chí Minh,Phường An Lạc,10.7381994,106.6148874,54,Moderate,1,33.2,39,0.0,6.0,115,1010.1,79,18.7,23.9,332.0,6.0,148.0,3.8
2026-03-17 14:00:00,2026,3,17,14,Hồ Chí Minh,Phường An Lạc,10.7381994,106.6148874,54,Moderate,1,34.0,36,0.0,6.1,140,1009.1,80,19.3,24.6,304.0,6.2,152.0,3.7
2026-03-17 15:00:00,2026,3,17,15,Hồ Chí Minh,Phường An Lạc,10.7381994,106.6148874,56,Moderate,1,33.8,35,0.0,11.0,154,1008.2,82,19.7,25.0,273.0,7.4,151.0,3.8
2026-03-17 16:00:00,2026,3,17,16,Hồ Chí Minh,Phường An Lạc,10.7381994,106.6148874,75,Moderate,1,29.9,54,0.0,20.4,155,1008.3,78,17.8,22.1,259.0,9.7,144.0,4.2
2026-03-17 17:00:00,2026,3,17,17,Hồ Chí Minh,Phường An Lạc,10.7381994,106.6148874,90,Moderate,1,29.4,55,0.0,15.0,142,1008.6,76,16.2,19.7,277.0,14.0,127.0,5.3
2026-03-17 18:00:00,2026,3,17,18,Hồ Chí Minh,Phường An Lạc,10.7381994,106.6148874,98,Moderate,1,27.0,67,0.0,15.9,155,1009.0,66,16.2,19.3,312.0,19.4,105.0,6.8
2026-03-17 19:00:00,2026,3,17,19,Hồ Chí Minh,Phường An Lạc,10.7381994,106.6148874,98,Moderate,1,26.9,70,0.0,15.0,140,1009.9,73,15.5,18.2,336.0,23.6,85.0,7.9
2026-03-17 20:00:00,2026,3,17,20,Hồ Chí Minh,Phường An Lạc,10.7381994,106.6148874,90,Moderate,1,26.0,76,0.0,13.8,131,1011.0,71,13.4,15.8,338.0,22.3,82.0,7.5
2026-03-17 21:00:00,2026,3,17,21,Hồ Chí Minh,Phường An Lạc,10.7381994,106.6148874,78,Moderate,1,25.4,79,0.0,13.1,126,1011.3,72,12.3,14.6,329.0,20.6,78.0,6.9
2026-03-17 22:00:00,2026,3,17,22,Hồ Chí Minh,Phường An Lạc,10.7381994,106.6148874,63,Moderate,1,25.2,78,0.0,14.3,131,1012.1,65,11.8,14.0,314.0,19.1,74.0,6.3
2026-03-17 23:00:00,2026,3,17,23,Hồ Chí Minh,Phường An Lạc,10.7381994,106.6148874,55,Moderate,1,25.0,77,0.0,14.0,127,1012.0,95,11.1,13.2,290.0,18.1,72.0,5.8
2026-03-18 00:00:00,2026,3,18,0,Hồ Chí Minh,Phường An Lạc,10.7381994,106.6148874,55,Moderate,1,25.0,75,0.0,14.4,126,1012.0,84,10.4,12.5,259.0,17.4,70.0,5.2
2026-03-18 01:00:00,2026,3,18,1,Hồ Chí Minh,Phường An Lạc,10.7381994,106.6148874,55,Moderate,1,24.9,75,0.0,13.9,121,1011.0,99,10.2,12.4,235.0,17.0,69.0,4.9
2026-03-18 02:00:00,2026,3,18,2,Hồ Chí Minh,Phường An Lạc,10.7381994,106.6148874,55,Moderate,1,24.6,76,0.0,13.0,121,1010.9,97,10.4,12.5,214.0,17.0,68.0,4.8
2026-03-18 03:00:00,2026,3,18,3,Hồ Chí Minh,Phường An Lạc,10.7381994,106.6148874,55,Moderate,1,24.4,77,0.0,12.3,122,1010.7,94,10.5,12.6,200.0,17.3,66.0,5.0
2026-03-18 04:00:00,2026,3,18,4,Hồ Chí Minh,Phường An Lạc,10.7381994,106.6148874,55,Moderate,1,24.1,78,0.0,12.2,121,1010.7,5,10.5,12.6,216.0,17.9,65.0,5.3
2026-03-18 05:00:00,2026,3,18,5,Hồ Chí Minh,Phường An Lạc,10.7381994,106.6148874,55,Moderate,1,23.9,79,0.0,11.9,120,1010.9,3,10.7,12.7,291.0,19.4,62.0,5.9
2026-03-18 06:00:00,2026,3,18,6,Hồ Chí Minh,Phường An Lạc,10.7381994,106.6148874,55,Moderate,1,23.7,79,0.0,11.4,115,1011.4,2,11.5,13.6,397.0,21.3,58.0,6.8
2026-03-18 07:00:00,2026,3,18,7,Hồ Chí Minh,Phường An Lạc,10.7381994,106.6148874,55,Moderate,1,25.0,75,0.0,9.8,108,1012.2,0,14.0,16.4,463.0,22.1,58.0,7.7
2026-03-18 08:00:00,2026,3,18,8,Hồ Chí Minh,Phường An Lạc,10.7381994,106.6148874,54,Moderate,1,26.7,65,0.0,11.4,108,1013.2,0,13.6,16.5,452.0,19.1,69.0,7.2
2026-03-18 09:00:00,2026,3,18,9,Hồ Chí Minh,Phường An Lạc,10.7381994,106.6148874,54,Moderate,1,28.9,55,0.0,10.0,110,1013.7,8,13.6,16.9,402.0,14.9,84.0,6.5
2026-03-18 10:00:00,2026,3,18,10,Hồ Chí Minh,Phường An Lạc,10.7381994,106.6148874,54,Moderate,1,31.0,47,0.0,8.9,114,1013.6,2,14.4,18.6,363.0,11.4,100.0,5.8
2026-03-18 11:00:00,2026,3,18,11,Hồ Chí Minh,Phường An Lạc,10.7381994,106.6148874,54,Moderate,1,32.5,42,0.0,7.6,109,1013.0,0,15.4,20.3,356.0,9.0,117.0,5.2
2026-03-18 12:00:00,2026,3,18,12,Hồ Chí Minh,Phường An Lạc,10.7381994,106.6148874,54,Moderate,1,33.8,39,0.0,6.9,110,1011.4,16,16.1,21.1,360.0,7.3,134.0,4.7
2026-03-18 13:00:00,2026,3,18,13,Hồ Chí Minh,Phường An Lạc,10.7381994,106.6148874,54,Moderate,1,33.5,39,0.0,7.5,127,1010.5,30,16.8,22.0,354.0,6.4,145.0,4.3
2026-03-18 14:00:00,2026,3,18,14,Hồ Chí Minh,Phường An Lạc,10.7381994,106.6148874,54,Moderate,1,33.8,38,0.0,10.0,147,1009.5,26,16.7,21.7,323.0,6.2,149.0,4.1
2026-03-18 15:00:00,2026,3,18,15,Hồ Chí Minh,Phường An Lạc,10.7381994,106.6148874,54,Moderate,1,32.8,42,0.0,12.4,150,1008.7,47,16.2,20.7,283.0,6.8,147.0,4.2
2026-03-18 16:00:00,2026,3,18,16,Hồ Chí Minh,Phường An Lạc,10.7381994,106.6148874,68,Moderate,1,30.5,52,0.0,17.0,157,1008.4,12,15.8,20.0,262.0,8.9,140.0,4.6
2026-03-18 17:00:00,2026,3,18,17,Hồ Chí Minh,Phường An Lạc,10.7381994,106.6148874,83,Moderate,1,29.5,55,0.0,14.4,144,1008.7,4,15.1,18.8,281.0,14.0,123.0,5.8
2026-03-18 18:00:00,2026,3,18,18,Hồ Chí Minh,Phường An Lạc,10.7381994,106.6148874,91,Moderate,1,27.0,65,0.0,16.5,152,1009.4,1,15.5,18.6,319.0,20.6,100.0,7.3
2026-03-18 19:00:00,2026,3,18,19,Hồ Chí Minh,Phường An Lạc,10.7381994,106.6148874,91,Moderate,1,26.8,73,0.0,13.6,156,1009.5,0,17.0,20.4,344.0,24.1,82.0,8.1
2026-03-18 20:00:00,2026,3,18,20,Hồ Chí Minh,Phường An Lạc,10.7381994,106.6148874,84,Moderate,1,25.8,81,0.0,13.5,143,1010.8,1,15.9,18.9,341.0,23.4,79.0,7.8
2026-03-18 21:00:00,2026,3,18,21,Hồ Chí Minh,Phường An Lạc,10.7381994,106.6148874,72,Moderate,1,25.5,80,0.0,13.5,136,1011.6,1,15.0,17.9,324.0,22.5,74.0,7.4
2026-03-18 22:00:00,2026,3,18,22,Hồ Chí Minh,Phường An Lạc,10.7381994,106.6148874,57,Moderate,1,25.2,80,0.0,12.2,133,1012.0,0,14.4,17.1,304.0,21.5,71.0,7.0
2026-03-18 23:00:00,2026,3,18,23,Hồ Chí Minh,Phường An Lạc,10.7381994,106.6148874,54,Moderate,1,25.1,79,0.0,12.3,136,1012.1,1,13.4,15.9,281.0,20.4,70.0,6.4
2026-03-19 00:00:00,2026,3,19,0,Hồ Chí Minh,Phường An Lạc,10.7381994,106.6148874,54,Moderate,1,25.0,80,0.0,12.3,136,1011.8,0,12.3,14.7,256.0,19.3,70.0,5.8
2026-03-19 01:00:00,2026,3,19,1,Hồ Chí Minh,Phường An Lạc,10.7381994,106.6148874,54,Moderate,1,24.9,83,0.0,8.9,130,1011.3,9,12.1,14.5,238.0,18.9,69.0,5.5
2026-03-19 02:00:00,2026,3,19,2,Hồ Chí Minh,Phường An Lạc,10.7381994,106.6148874,54,Moderate,1,24.6,83,0.0,8.4,133,1010.8,9,12.4,14.8,224.0,19.6,66.0,5.6
2026-03-19 03:00:00,2026,3,19,3,Hồ Chí Minh,Phường An Lạc,10.7381994,106.6148874,55,Moderate,1,24.4,84,0.0,8.1,137,1010.8,2,13.0,15.4,218.0,20.9,62.0,6.0
2026-03-19 04:00:00,2026,3,19,4,Hồ Chí Minh,Phường An Lạc,10.7381994,106.6148874,55,Moderate,1,24.2,84,0.0,8.3,134,1010.6,0,13.4,15.8,240.0,22.1,59.0,6.6
2026-03-19 05:00:00,2026,3,19,5,Hồ Chí Minh,Phường An Lạc,10.7381994,106.6148874,55,Moderate,1,24.0,85,0.0,8.5,132,1010.8,0,13.6,15.9,326.0,23.7,55.0,7.5
2026-03-19 06:00:00,2026,3,19,6,Hồ Chí Minh,Phường An Lạc,10.7381994,106.6148874,55,Moderate,1,23.9,86,0.0,9.3,130,1011.5,0,14.1,16.4,440.0,25.2,52.0,8.5
2026-03-19 07:00:00,2026,3,19,7,Hồ Chí Minh,Phường An Lạc,10.7381994,106.6148874,55,Moderate,1,25.1,79,0.0,10.5,123,1012.3,1,15.7,18.2,502.0,24.4,57.0,9.2
2026-03-19 08:00:00,2026,3,19,8,Hồ Chí Minh,Phường An Lạc,10.7381994,106.6148874,56,Moderate,1,26.9,69,0.0,14.8,120,1013.1,1,13.9,16.8,455.0,20.3,69.0,8.0
2026-03-19 09:00:00,2026,3,19,9,Hồ Chí Minh,Phường An Lạc,10.7381994,106.6148874,56,Moderate,1,28.6,61,0.0,14.4,123,1013.4,0,13.2,16.4,356.0,14.6,86.0,6.4
2026-03-19 10:00:00,2026,3,19,10,Hồ Chí Minh,Phường An Lạc,10.7381994,106.6148874,56,Moderate,1,30.4,54,0.0,11.8,117,1013.3,8,13.3,17.0,288.0,10.1,103.0,5.1
2026-03-19 11:00:00,2026,3,19,11,Hồ Chí Minh,Phường An Lạc,10.7381994,106.6148874,56,Moderate,1,32.0,47,0.0,8.4,100,1012.9,48,13.8,17.8,298.0,7.9,119.0,4.5
2026-03-19 12:00:00,2026,3,19,12,Hồ Chí Minh,Phường An Lạc,10.7381994,106.6148874,55,Moderate,1,32.9,43,0.0,6.9,97,1011.5,28,14.7,18.7,341.0,6.9,134.0,4.3
2026-03-19 13:00:00,2026,3,19,13,Hồ Chí Minh,Phường An Lạc,10.7381994,106.6148874,55,Moderate,1,32.5,45,0.1,6.2,120,1010.3,16,16.1,20.3,363.0,6.5,144.0,4.2
2026-03-19 14:00:00,2026,3,19,14,Hồ Chí Minh,Phường An Lạc,10.7381994,106.6148874,55,Moderate,1,33.0,43,0.0,8.0,128,1009.4,34,16.5,20.8,333.0,6.4,147.0,4.0
2026-03-19 15:00:00,2026,3,19,15,Hồ Chí Minh,Phường An Lạc,10.7381994,106.6148874,55,Moderate,1,32.5,44,0.0,10.6,134,1008.5,97,16.6,21.0,282.0,6.9,145.0,3.8
2026-03-19 16:00:00,2026,3,19,16,Hồ Chí Minh,Phường An Lạc,10.7381994,106.6148874,68,Moderate,1,30.6,53,0.0,15.5,148,1008.1,23,15.9,19.9,259.0,9.0,138.0,4.2
2026-03-19 17:00:00,2026,3,19,17,Hồ Chí Minh,Phường An Lạc,10.7381994,106.6148874,83,Moderate,1,29.4,56,0.0,14.7,149,1008.3,6,15.5,19.0,294.0,14.2,122.0,5.6
2026-03-19 18:00:00,2026,3,19,18,Hồ Chí Minh,Phường An Lạc,10.7381994,106.6148874,90,Moderate,1,27.8,60,0.0,17.0,150,1008.7,8,16.6,19.6,356.0,20.9,100.0,7.5
2026-03-19 19:00:00,2026,3,19,19,Hồ Chí Minh,Phường An Lạc,10.7381994,106.6148874,90,Moderate,1,26.8,71,0.0,11.8,149,1009.3,3,20.6,24.4,399.0,27.7,82.0,9.4
2026-03-19 20:00:00,2026,3,19,20,Hồ Chí Minh,Phường An Lạc,10.7381994,106.6148874,82,Moderate,1,26.5,73,0.0,12.8,138,1009.8,9,17.9,21.1,405.0,26.8,80.0,9.1
2026-03-19 21:00:00,2026,3,19,21,Hồ Chí Minh,Phường An Lạc,10.7381994,106.6148874,70,Moderate,1,26.0,76,0.0,12.1,131,1010.4,0,16.4,19.4,393.0,25.5,77.0,8.6
2026-03-19 22:00:00,2026,3,19,22,Hồ Chí Minh,Phường An Lạc,10.7381994,106.6148874,56,Moderate,1,25.6,78,0.0,12.0,129,1010.8,1,15.9,18.6,373.0,24.5,74.0,8.1
2026-03-19 23:00:00,2026,3,19,23,Hồ Chí Minh,Phường An Lạc,10.7381994,106.6148874,56,Moderate,1,25.3,80,0.0,12.9,131,1010.9,0,15.6,18.1,343.0,23.9,72.0,7.6
2026-03-20 00:00:00,2026,3,20,0,Hồ Chí Minh,Phường An Lạc,10.7381994,106.6148874,56,Moderate,1,25.0,80,0.0,12.1,134,1011.1,1,14.6,16.9,306.0,23.6,71.0,7.1
2026-03-20 01:00:00,2026,3,20,1,Hồ Chí Minh,Phường An Lạc,10.7381994,106.6148874,57,Moderate,1,24.8,84,0.0,10.3,142,1010.5,2,14.1,16.4,275.0,23.3,69.0,6.8
2026-03-20 02:00:00,2026,3,20,2,Hồ Chí Minh,Phường An Lạc,10.7381994,106.6148874,57,Moderate,1,24.6,84,0.0,9.7,141,1010.1,5,13.7,15.9,249.0,22.9,67.0,6.7
2026-03-20 03:00:00,2026,3,20,3,Hồ Chí Minh,Phường An Lạc,10.7381994,106.6148874,57,Moderate,1,24.5,85,0.0,9.4,142,1010.0,9,13.5,15.8,230.0,22.5,66.0,6.7
2026-03-20 04:00:00,2026,3,20,4,Hồ Chí Minh,Phường An Lạc,10.7381994,106.6148874,57,Moderate,1,24.4,86,0.0,8.7,135,1009.8,10,13.5,15.9,236.0,22.5,64.0,6.9
2026-03-20 05:00:00,2026,3,20,5,Hồ Chí Minh,Phường An Lạc,10.7381994,106.6148874,57,Moderate,1,24.2,88,0.0,8.9,130,1010.2,2,13.8,16.3,296.0,23.8,59.0,7.5
2026-03-20 06:00:00,2026,3,20,6,Hồ Chí Minh,Phường An Lạc,10.7381994,106.6148874,57,Moderate,1,24.2,88,0.0,8.9,126,1010.8,1,14.5,17.0,381.0,25.5,54.0,8.2
2026-03-20 07:00:00,2026,3,20,7,Hồ Chí Minh,Phường An Lạc,10.7381994,106.6148874,57,Moderate,1,25.2,83,0.0,7.0,138,1011.9,1,16.2,19.6,428.0,25.0,56.0,8.3
2026-03-20 08:00:00,2026,3,20,8,Hồ Chí Minh,Phường An Lạc,10.7381994,106.6148874,57,Moderate,1,27.0,71,0.0,12.3,125,1012.6,99,15.3,19.2,394.0,21.1,66.0,7.5
2026-03-20 09:00:00,2026,3,20,9,Hồ Chí Minh,Phường An Lạc,10.7381994,106.6148874,57,Moderate,1,28.8,61,0.0,12.6,126,1013.3,100,14.9,19.2,321.0,15.6,79.0,6.3
2026-03-20 10:00:00,2026,3,20,10,Hồ Chí Minh,Phường An Lạc,10.7381994,106.6148874,57,Moderate,1,30.8,52,0.0,11.7,126,1013.1,100,15.5,20.5,269.0,11.4,93.0,5.4
2026-03-20 11:00:00,2026,3,20,11,Hồ Chí Minh,Phường An Lạc,10.7381994,106.6148874,57,Moderate,1,32.0,48,0.0,9.5,126,1012.2,99,16.9,22.6,266.0,9.4,107.0,5.1
2026-03-20 12:00:00,2026,3,20,12,Hồ Chí Minh,Phường An Lạc,10.7381994,106.6148874,58,Moderate,1,31.9,48,0.1,9.4,121,1011.3,88,18.2,23.6,284.0,8.7,121.0,5.0
2026-03-20 13:00:00,2026,3,20,13,Hồ Chí Minh,Phường An Lạc,10.7381994,106.6148874,58,Moderate,1,31.5,50,0.2,9.6,124,1010.5,96,19.3,24.6,295.0,8.5,131.0,5.0
2026-03-20 14:00:00,2026,3,20,14,Hồ Chí Minh,Phường An Lạc,10.7381994,106.6148874,58,Moderate,1,31.5,51,0.4,11.1,141,1009.5,84,19.7,24.8,283.0,8.5,136.0,4.9
2026-03-20 15:00:00,2026,3,20,15,Hồ Chí Minh,Phường An Lạc,10.7381994,106.6148874,59,Moderate,1,31.0,54,0.1,12.4,137,1008.9,77,20.3,25.2,264.0,9.1,137.0,4.9
2026-03-20 16:00:00,2026,3,20,16,Hồ Chí Minh,Phường An Lạc,10.7381994,106.6148874,59,Moderate,1,30.3,56,0.0,13.7,140,1008.4,99,19.7,24.3,260.0,11.1,131.0,5.2
2026-03-20 17:00:00,2026,3,20,17,Hồ Chí Minh,Phường An Lạc,10.7381994,106.6148874,65,Moderate,1,29.0,59,0.0,13.5,144,1008.6,85,18.4,22.3,285.0,15.9,114.0,6.2
2026-03-20 18:00:00,2026,3,20,18,Hồ Chí Minh,Phường An Lạc,10.7381994,106.6148874,73,Moderate,1,27.5,63,0.0,12.5,143,1009.0,78,17.6,20.6,325.0,22.1,92.0,7.4
2026-03-20 19:00:00,2026,3,20,19,Hồ Chí Minh,Phường An Lạc,10.7381994,106.6148874,73,Moderate,1,27.0,71,0.0,11.2,143,1010.0,15,17.8,21.2,359.0,26.5,74.0,8.5
2026-03-20 20:00:00,2026,3,20,20,Hồ Chí Minh,Phường An Lạc,10.7381994,106.6148874,66,Moderate,1,26.2,77,0.0,10.8,142,1011.0,5,17.3,20.7,384.0,27.7,69.0,8.9
2026-03-20 21:00:00,2026,3,20,21,Hồ Chí Minh,Phường An Lạc,10.7381994,106.6148874,59,Moderate,1,25.8,80,0.0,10.7,132,1012.0,24,18.0,21.1,403.0,29.4,62.0,9.5
2026-03-20 22:00:00,2026,3,20,22,Hồ Chí Minh,Phường An Lạc,10.7381994,106.6148874,59,Moderate,1,25.4,83,0.0,10.5,129,1012.4,16,18.5,21.5,400.0,30.2,57.0,9.7
2026-03-20 23:00:00,2026,3,20,23,Hồ Chí Minh,Phường An Lạc,10.7381994,106.6148874,60,Moderate,1,25.1,84,0.0,10.3,131,1012.7,30,18.3,21.3,357.0,29.5,57.0,9.2
2026-03-21 00:00:00,2026,3,21,0,Hồ Chí Minh,Phường An Lạc,10.7381994,106.6148874,60,Moderate,1,24.9,86,0.0,9.9,132,1012.6,80,17.6,20.6,292.0,28.1,59.0,8.3
2026-03-21 01:00:00,2026,3,21,1,Hồ Chí Minh,Phường An Lạc,10.7381994,106.6148874,60,Moderate,1,24.6,88,0.0,9.9,135,1011.7,0,17.7,20.6,247.0,26.8,61.0,7.6
2026-03-21 02:00:00,2026,3,21,2,Hồ Chí Minh,Phường An Lạc,10.7381994,106.6148874,60,Moderate,1,24.5,88,0.0,8.6,129,1011.0,2,17.5,20.4,235.0,26.0,61.0,7.3
2026-03-21 03:00:00,2026,3,21,3,Hồ Chí Minh,Phường An Lạc,10.7381994,106.6148874,61,Moderate,1,24.3,90,0.0,7.3,120,1010.6,13,17.1,19.8,243.0,25.3,61.0,7.2
2026-03-21 04:00:00,2026,3,21,4,Hồ Chí Minh,Phường An Lạc,10.7381994,106.6148874,61,Moderate,1,24.1,91,0.0,7.5,117,1010.6,11,16.5,19.2,270.0,25.1,60.0,7.3
2026-03-21 05:00:00,2026,3,21,5,Hồ Chí Minh,Phường An Lạc,10.7381994,106.6148874,61,Moderate,1,24.0,92,0.0,8.2,123,1010.8,2,16.5,19.1,336.0,26.3,55.0,8.0
2026-03-21 06:00:00,2026,3,21,6,Hồ Chí Minh,Phường An Lạc,10.7381994,106.6148874,62,Moderate,1,23.8,92,0.0,7.1,120,1011.2,59,17.5,20.0,421.0,27.9,50.0,9.0
2026-03-21 07:00:00,2026,3,21,7,Hồ Chí Minh,Phường An Lạc,10.7381994,106.6148874,62,Moderate,1,25.4,85,0.0,9.3,117,1012.0,79,22.5,26.0,466.0,28.9,49.0,9.7
2026-03-21 08:00:00,2026,3,21,8,Hồ Chí Minh,Phường An Lạc,10.7381994,106.6148874,62,Moderate,1,27.0,76,0.0,11.0,116,1012.8,65,18.6,22.3,430.0,24.1,60.0,8.7
2026-03-21 09:00:00,2026,3,21,9,Hồ Chí Minh,Phường An Lạc,10.7381994,106.6148874,63,Moderate,1,28.9,65,0.0,11.1,120,1013.1,8,16.4,20.3,354.0,17.5,76.0,7.2
2026-03-21 10:00:00,2026,3,21,10,Hồ Chí Minh,Phường An Lạc,10.7381994,106.6148874,63,Moderate,1,30.6,56,0.0,11.5,119,1013.0,0,15.1,18.5,297.0,12.0,92.0,5.9
2026-03-21 11:00:00,2026,3,21,11,Hồ Chí Minh,Phường An Lạc,10.7381994,106.6148874,63,Moderate,1,32.3,49,0.0,11.5,104,1012.5,38,15.0,17.6,289.0,8.8,109.0,4.9
2026-03-21 12:00:00,2026,3,21,12,Hồ Chí Minh,Phường An Lạc,10.7381994,106.6148874,63,Moderate,1,33.4,44,0.0,10.7,107,1011.5,13,16.7,19.1,300.0,6.8,125.0,4.1
2026-03-21 13:00:00,2026,3,21,13,Hồ Chí Minh,Phường An Lạc,10.7381994,106.6148874,63,Moderate,1,33.8,41,0.0,10.5,109,1010.6,16,16.3,18.7,304.0,5.8,136.0,3.5
2026-03-21 14:00:00,2026,3,21,14,Hồ Chí Minh,Phường An Lạc,10.7381994,106.6148874,62,Moderate,1,34.2,39,0.0,11.0,115,1009.6,21,15.3,17.8,284.0,5.6,137.0,3.2
2026-03-21 15:00:00,2026,3,21,15,Hồ Chí Minh,Phường An Lạc,10.7381994,106.6148874,62,Moderate,1,33.5,39,0.0,13.7,129,1008.7,41,15.0,17.6,258.0,6.3,133.0,3.2
2026-03-21 16:00:00,2026,3,21,16,Hồ Chí Minh,Phường An Lạc,10.7381994,106.6148874,61,Moderate,1,30.6,56,0.1,16.5,151,1008.4,55,14.4,17.2,251.0,8.6,124.0,3.6
2026-03-21 17:00:00,2026,3,21,17,Hồ Chí Minh,Phường An Lạc,10.7381994,106.6148874,65,Moderate,1,30.5,56,0.0,12.5,148,1008.3,36,14.2,16.6,283.0,13.9,109.0,5.0
2026-03-21 18:00:00,2026,3,21,18,Hồ Chí Minh,Phường An Lạc,10.7381994,106.6148874,72,Moderate,1,28.1,66,0.0,14.4,148,1008.9,1,15.5,17.6,334.0,20.7,90.0,6.8
2026-03-21 19:00:00,2026,3,21,19,Hồ Chí Minh,Phường An Lạc,10.7381994,106.6148874,71,Moderate,1,27.4,73,0.0,13.7,147,1009.5,2,17.8,20.5,368.0,25.0,77.0,8.5
2026-03-21 20:00:00,2026,3,21,20,Hồ Chí Minh,Phường An Lạc,10.7381994,106.6148874,65,Moderate,1,26.8,75,0.0,11.7,135,1010.6,0,14.7,16.9,372.0,23.6,75.0,8.0
2026-03-21 21:00:00,2026,3,21,21,Hồ Chí Minh,Phường An Lạc,10.7381994,106.6148874,60,Moderate,1,26.2,78,0.0,13.1,133,1011.3,0,12.8,14.8,360.0,21.6,71.0,7.2
2026-03-21 22:00:00,2026,3,21,22,Hồ Chí Minh,Phường An Lạc,10.7381994,106.6148874,60,Moderate,1,25.6,84,0.0,13.1,133,1011.3,1,11.8,13.6,338.0,20.0,68.0,6.5
2026-03-21 23:00:00,2026,3,21,23,Hồ Chí Minh,Phường An Lạc,10.7381994,106.6148874,59,Moderate,1,25.5,84,0.0,12.6,128,1011.0,2,10.7,12.3,303.0,19.0,65.0,5.9
2026-03-22 00:00:00,2026,3,22,0,Hồ Chí Minh,Phường An Lạc,10.7381994,106.6148874,58,Moderate,1,25.2,84,0.0,12.8,129,1010.8,2,9.6,11.1,258.0,18.3,63.0,5.4
2026-03-22 01:00:00,2026,3,22,1,Hồ Chí Minh,Phường An Lạc,10.7381994,106.6148874,58,Moderate,1,25.1,85,0.0,13.1,133,1010.1,2,9.2,10.7,224.0,18.0,60.0,5.1
2026-03-22 02:00:00,2026,3,22,2,Hồ Chí Minh,Phường An Lạc,10.7381994,106.6148874,57,Moderate,1,25.2,83,0.0,12.5,130,1009.6,1,9.3,10.7,202.0,18.4,57.0,5.1
2026-03-22 03:00:00,2026,3,22,3,Hồ Chí Minh,Phường An Lạc,10.7381994,106.6148874,56,Moderate,1,25.0,83,0.0,11.7,127,1009.2,2,9.6,11.0,191.0,19.3,54.0,5.4
2026-03-22 04:00:00,2026,3,22,4,Hồ Chí Minh,Phường An Lạc,10.7381994,106.6148874,56,Moderate,1,24.8,83,0.0,10.5,128,1009.4,2,10.2,11.5,205.0,20.1,52.0,5.9
2026-03-22 05:00:00,2026,3,22,5,Hồ Chí Minh,Phường An Lạc,10.7381994,106.6148874,55,Moderate,1,24.6,82,0.0,9.7,125,1009.7,2,10.9,12.2,270.0,21.2,49.0,6.8
2026-03-22 06:00:00,2026,3,22,6,Hồ Chí Minh,Phường An Lạc,10.7381994,106.6148874,55,Moderate,1,24.4,82,0.0,9.1,124,1010.2,0,12.4,13.7,360.0,22.4,47.0,8.0
2026-03-22 07:00:00,2026,3,22,7,Hồ Chí Minh,Phường An Lạc,10.7381994,106.6148874,54,Moderate,1,25.7,76,0.0,9.7,121,1010.9,9,15.5,17.1,415.0,23.4,48.0,9.0
2026-03-22 08:00:00,2026,3,22,8,Hồ Chí Minh,Phường An Lạc,10.7381994,106.6148874,53,Moderate,1,27.6,65,0.0,12.9,113,1011.9,21,13.1,14.9,402.0,19.8,60.0,8.0
2026-03-22 09:00:00,2026,3,22,9,Hồ Chí Minh,Phường An Lạc,10.7381994,106.6148874,53,Moderate,1,29.6,57,0.0,12.7,111,1012.4,57,12.1,14.3,354.0,14.8,78.0,6.6
2026-03-22 10:00:00,2026,3,22,10,Hồ Chí Minh,Phường An Lạc,10.7381994,106.6148874,53,Moderate,1,31.5,49,0.0,13.8,107,1012.3,23,11.4,13.9,313.0,10.6,94.0,5.3
2026-03-22 11:00:00,2026,3,22,11,Hồ Chí Minh,Phường An Lạc,10.7381994,106.6148874,52,Moderate,1,33.2,40,0.0,13.3,103,1011.7,83,10.1,12.7,295.0,7.7,107.0,4.3
2026-03-22 12:00:00,2026,3,22,12,Hồ Chí Minh,Phường An Lạc,10.7381994,106.6148874,52,Moderate,1,34.9,34,0.0,12.6,92,1010.9,95,9.3,11.9,284.0,5.6,119.0,3.4
2026-03-22 13:00:00,2026,3,22,13,Hồ Chí Minh,Phường An Lạc,10.7381994,106.6148874,51,Moderate,1,34.6,34,0.0,12.1,101,1009.8,50,9.1,11.7,274.0,4.5,126.0,2.8
2026-03-22 14:00:00,2026,3,22,14,Hồ Chí Minh,Phường An Lạc,10.7381994,106.6148874,51,Moderate,1,35.0,33,0.0,12.2,107,1009.0,72,9.0,11.6,260.0,4.5,126.0,2.5
2026-03-22 15:00:00,2026,3,22,15,Hồ Chí Minh,Phường An Lạc,10.7381994,106.6148874,50,Good,0,34.4,33,0.0,13.2,124,1008.3,90,8.9,11.5,247.0,5.5,121.0,2.6
2026-03-22 16:00:00,2026,3,22,16,Hồ Chí Minh,Phường An Lạc,10.7381994,106.6148874,49,Good,0,30.6,54,0.0,20.8,149,1008.2,24,9.4,11.9,247.0,8.0,113.0,3.2
2026-03-22 17:00:00,2026,3,22,17,Hồ Chí Minh,Phường An Lạc,10.7381994,106.6148874,55,Moderate,1,30.5,52,0.0,16.5,142,1008.2,2,11.4,13.9,271.0,13.3,101.0,4.8
2026-03-22 18:00:00,2026,3,22,18,Hồ Chí Minh,Phường An Lạc,10.7381994,106.6148874,59,Moderate,1,28.0,65,0.0,16.5,145,1008.9,2,14.5,16.9,308.0,20.0,86.0,6.8
2026-03-22 19:00:00,2026,3,22,19,Hồ Chí Minh,Phường An Lạc,10.7381994,106.6148874,58,Moderate,1,27.5,71,0.0,13.9,147,1009.6,1,14.8,17.5,332.0,24.0,74.0,8.0
2026-03-22 20:00:00,2026,3,22,20,Hồ Chí Minh,Phường An Lạc,10.7381994,106.6148874,51,Moderate,1,26.7,75,0.0,12.3,134,1010.6,1,13.6,15.9,331.0,23.5,71.0,7.9
2026-03-22 21:00:00,2026,3,22,21,Hồ Chí Minh,Phường An Lạc,10.7381994,106.6148874,47,Good,0,26.2,77,0.0,14.0,133,1011.0,1,13.5,15.7,316.0,22.8,67.0,7.7
2026-03-22 22:00:00,2026,3,22,22,Hồ Chí Minh,Phường An Lạc,10.7381994,106.6148874,47,Good,0,25.9,80,0.0,13.9,136,1011.0,2,13.6,15.7,298.0,22.2,64.0,7.4
2026-03-22 23:00:00,2026,3,22,23,Hồ Chí Minh,Phường An Lạc,10.7381994,106.6148874,47,Good,0,25.6,82,0.0,10.1,136,1011.3,0,13.2,15.3,276.0,21.6,62.0,7.0
2026-03-23 00:00:00,2026,3,23,0,Hồ Chí Minh,Phường An Lạc,10.7381994,106.6148874,48,Good,0,25.4,81,0.0,10.7,138,1010.9,0,12.5,14.5,250.0,21.2,60.0,6.6
2026-03-23 01:00:00,2026,3,23,1,Hồ Chí Minh,Phường An Lạc,10.7381994,106.6148874,48,Good,0,25.2,81,0.0,10.4,138,1010.6,59,12.5,14.6,230.0,21.3,58.0,6.4
2026-03-23 02:00:00,2026,3,23,2,Hồ Chí Minh,Phường An Lạc,10.7381994,106.6148874,49,Good,0,25.2,81,0.0,10.1,137,1010.0,81,13.3,15.4,210.0,22.5,54.0,6.5
2026-03-23 03:00:00,2026,3,23,3,Hồ Chí Minh,Phường An Lạc,10.7381994,106.6148874,49,Good,0,25.0,81,0.0,9.7,140,1010.0,55,14.7,16.9,196.0,24.3,49.0,6.9
2026-03-23 04:00:00,2026,3,23,4,Hồ Chí Minh,Phường An Lạc,10.7381994,106.6148874,50,Good,0,24.8,83,0.0,9.8,137,1010.0,70,16.0,18.2,210.0,25.8,45.0,7.5
2026-03-23 05:00:00,2026,3,23,5,Hồ Chí Minh,Phường An Lạc,10.7381994,106.6148874,51,Moderate,1,24.5,83,0.0,9.7,132,1010.3,43,17.2,19.4,284.0,27.3,41.0,8.7
2026-03-23 06:00:00,2026,3,23,6,Hồ Chí Minh,Phường An Lạc,10.7381994,106.6148874,51,Moderate,1,24.4,83,0.0,8.9,124,1011.0,11,18.6,20.7,387.0,28.6,39.0,10.2
2026-03-23 07:00:00,2026,3,23,7,Hồ Chí Minh,Phường An Lạc,10.7381994,106.6148874,52,Moderate,1,25.6,79,0.0,8.6,119,1011.7,0,22.2,25.4,449.0,27.7,43.0,10.9
2026-03-23 08:00:00,2026,3,23,8,Hồ Chí Minh,Phường An Lạc,10.7381994,106.6148874,52,Moderate,1,27.6,67,0.0,11.9,112,1012.1,59,18.0,21.2,427.0,23.3,57.0,9.6
2026-03-23 09:00:00,2026,3,23,9,Hồ Chí Minh,Phường An Lạc,10.7381994,106.6148874,53,Moderate,1,29.8,56,0.0,11.8,110,1012.6,67,16.6,20.1,363.0,17.2,76.0,7.7
2026-03-23 10:00:00,2026,3,23,10,Hồ Chí Minh,Phường An Lạc,10.7381994,106.6148874,53,Moderate,1,31.6,48,0.0,11.9,112,1012.2,21,15.2,18.9,315.0,12.0,95.0,6.1
2026-03-23 11:00:00,2026,3,23,11,Hồ Chí Minh,Phường An Lạc,10.7381994,106.6148874,53,Moderate,1,33.3,42,0.0,10.0,104,1011.2,0,13.7,17.1,310.0,8.7,114.0,5.0
2026-03-23 12:00:00,2026,3,23,12,Hồ Chí Minh,Phường An Lạc,10.7381994,106.6148874,54,Moderate,1,34.8,36,0.0,8.7,83,1010.1,11,13.6,16.9,320.0,6.4,132.0,4.2
2026-03-23 13:00:00,2026,3,23,13,Hồ Chí Minh,Phường An Lạc,10.7381994,106.6148874,54,Moderate,1,34.5,37,0.0,8.3,90,1008.9,20,13.7,17.1,321.0,5.2,144.0,3.7
2026-03-23 14:00:00,2026,3,23,14,Hồ Chí Minh,Phường An Lạc,10.7381994,106.6148874,55,Moderate,1,35.3,34,0.0,9.1,72,1007.8,26,13.4,16.6,297.0,5.1,147.0,3.4
2026-03-23 15:00:00,2026,3,23,15,Hồ Chí Minh,Phường An Lạc,10.7381994,106.6148874,55,Moderate,1,35.4,32,0.0,9.1,76,1007.1,20,13.1,16.4,263.0,6.1,144.0,3.3
2026-03-23 16:00:00,2026,3,23,16,Hồ Chí Minh,Phường An Lạc,10.7381994,106.6148874,60,Moderate,1,33.1,39,0.0,11.6,152,1007.0,89,13.1,16.5,247.0,8.3,135.0,3.7
2026-03-23 17:00:00,2026,3,23,17,Hồ Chí Minh,Phường An Lạc,10.7381994,106.6148874,76,Moderate,1,29.4,56,0.0,18.4,160,1007.6,22,13.3,16.3,266.0,12.9,118.0,4.8
2026-03-23 18:00:00,2026,3,23,18,Hồ Chí Minh,Phường An Lạc,10.7381994,106.6148874,85,Moderate,1,28.5,57,0.0,16.0,150,1007.9,13,15.3,17.8,301.0,18.7,95.0,6.4
2026-03-23 19:00:00,2026,3,23,19,Hồ Chí Minh,Phường An Lạc,10.7381994,106.6148874,85,Moderate,1,26.9,70,0.0,15.1,144,1008.9,2,20.9,25.2,325.0,25.2,75.0,8.5
2026-03-23 20:00:00,2026,3,23,20,Hồ Chí Minh,Phường An Lạc,10.7381994,106.6148874,77,Moderate,1,26.5,78,0.0,14.3,140,1009.4,1,15.9,19.2,324.0,24.0,72.0,8.0
2026-03-23 21:00:00,2026,3,23,21,Hồ Chí Minh,Phường An Lạc,10.7381994,106.6148874,64,Moderate,1,26.0,79,0.0,13.5,131,1009.8,1,13.5,16.4,311.0,22.3,68.0,7.4
2026-03-23 22:00:00,2026,3,23,22,Hồ Chí Minh,Phường An Lạc,10.7381994,106.6148874,57,Moderate,1,25.8,81,0.0,12.2,133,1010.1,0,12.8,15.3,294.0,20.9,64.0,6.8
2026-03-23 23:00:00,2026,3,23,23,Hồ Chí Minh,Phường An Lạc,10.7381994,106.6148874,57,Moderate,1,25.4,82,0.0,12.2,131,1010.3,0,12.4,14.6,271.0,20.1,62.0,6.3
2026-03-24 00:00:00,2026,3,24,0,Hồ Chí Minh,Phường An Lạc,10.7381994,106.6148874,57,Moderate,1,25.1,82,0.0,12.0,134,1009.8,0,11.4,13.6,243.0,19.5,60.0,5.8
2026-03-24 01:00:00,2026,3,24,1,Hồ Chí Minh,Phường An Lạc,10.7381994,106.6148874,56,Moderate,1,25.0,83,0.0,12.1,137,1009.3,1,11.3,13.4,221.0,19.4,58.0,5.6
2026-03-24 02:00:00,2026,3,24,2,Hồ Chí Minh,Phường An Lạc,10.7381994,106.6148874,56,Moderate,1,24.8,84,0.0,10.6,140,1008.8,2,11.6,13.8,206.0,19.9,55.0,5.7
2026-03-24 03:00:00,2026,3,24,3,Hồ Chí Minh,Phường An Lạc,10.7381994,106.6148874,56,Moderate,1,24.6,85,0.0,10.8,138,1008.6,1,12.2,14.4,198.0,20.7,52.0,5.9
2026-03-24 04:00:00,2026,3,24,4,Hồ Chí Minh,Phường An Lạc,10.7381994,106.6148874,56,Moderate,1,24.4,86,0.0,10.0,131,1008.7,3,12.7,15.0,207.0,21.4,50.0,6.3
2026-03-24 05:00:00,2026,3,24,5,Hồ Chí Minh,Phường An Lạc,10.7381994,106.6148874,56,Moderate,1,24.1,87,0.0,9.9,128,1008.9,2,13.3,15.7,252.0,22.2,48.0,7.0
2026-03-24 06:00:00,2026,3,24,6,Hồ Chí Minh,Phường An Lạc,10.7381994,106.6148874,55,Moderate,1,23.9,88,0.0,9.8,128,1009.7,2,14.3,16.7,315.0,22.7,46.0,7.7
2026-03-24 07:00:00,2026,3,24,7,Hồ Chí Minh,Phường An Lạc,10.7381994,106.6148874,55,Moderate,1,25.5,81,0.0,11.3,119,1010.4,5,12.3,14.2,352.0,21.6,49.0,7.5
2026-03-24 08:00:00,2026,3,24,8,Hồ Chí Minh,Phường An Lạc,10.7381994,106.6148874,54,Moderate,1,27.4,69,0.0,13.7,120,1011.0,5,11.9,14.3,338.0,18.5,59.0,6.9
2026-03-24 09:00:00,2026,3,24,9,Hồ Chí Minh,Phường An Lạc,10.7381994,106.6148874,54,Moderate,1,29.2,59,0.0,12.8,121,1011.4,14,11.6,14.3,299.0,14.2,72.0,6.0
2026-03-24 10:00:00,2026,3,24,10,Hồ Chí Minh,Phường An Lạc,10.7381994,106.6148874,53,Moderate,1,31.0,52,0.0,11.1,126,1011.1,3,11.6,14.6,265.0,10.6,86.0,5.3
2026-03-24 11:00:00,2026,3,24,11,Hồ Chí Minh,Phường An Lạc,10.7381994,106.6148874,53,Moderate,1,32.7,45,0.0,10.6,129,1010.3,2,11.7,14.8,247.0,8.4,100.0,4.8
2026-03-24 12:00:00,2026,3,24,12,Hồ Chí Minh,Phường An Lạc,10.7381994,106.6148874,53,Moderate,1,34.0,39,0.0,10.8,133,1008.7,0,11.2,13.9,235.0,6.8,115.0,4.4
2026-03-24 13:00:00,2026,3,24,13,Hồ Chí Minh,Phường An Lạc,10.7381994,106.6148874,52,Moderate,1,34.2,37,0.0,10.6,133,1008.0,47,11.1,13.6,227.0,6.1,125.0,4.2
2026-03-24 14:00:00,2026,3,24,14,Hồ Chí Minh,Phường An Lạc,10.7381994,106.6148874,52,Moderate,1,34.7,34,0.0,11.2,134,1007.1,69,11.4,13.9,221.0,5.9,129.0,4.0
2026-03-24 15:00:00,2026,3,24,15,Hồ Chí Minh,Phường An Lạc,10.7381994,106.6148874,52,Moderate,1,33.3,40,0.0,14.5,146,1006.6,66,11.7,14.3,218.0,6.5,127.0,4.0
2026-03-24 16:00:00,2026,3,24,16,Hồ Chí Minh,Phường An Lạc,10.7381994,106.6148874,52,Moderate,1,31.8,47,0.0,16.2,154,1006.6,45,11.7,14.3,224.0,8.6,121.0,4.4
2026-03-24 17:00:00,2026,3,24,17,Hồ Chí Minh,Phường An Lạc,10.7381994,106.6148874,53,Moderate,1,30.4,52,0.0,15.8,148,1006.9,2,12.6,15.1,244.0,13.7,107.0,5.7
2026-03-24 18:00:00,2026,3,24,18,Hồ Chí Minh,Phường An Lạc,10.7381994,106.6148874,60,Moderate,1,27.9,61,0.0,14.6,154,1007.5,1,14.8,17.2,271.0,20.3,87.0,7.4
2026-03-24 19:00:00,2026,3,24,19,Hồ Chí Minh,Phường An Lạc,10.7381994,106.6148874,60,Moderate,1,27.0,71,0.0,15.5,152,1008.2,1,19.1,22.8,293.0,26.4,74.0,9.1
2026-03-24 20:00:00,2026,3,24,20,Hồ Chí Minh,Phường An Lạc,10.7381994,106.6148874,55,Moderate,1,26.2,78,0.0,13.1,136,1009.2,0,16.1,19.0,305.0,25.9,70.0,8.9
2026-03-24 21:00:00,2026,3,24,21,Hồ Chí Minh,Phường An Lạc,10.7381994,106.6148874,51,Moderate,1,25.8,81,0.0,13.1,128,1009.5,5,14.9,17.5,312.0,25.3,65.0,8.6
2026-03-24 22:00:00,2026,3,24,22,Hồ Chí Minh,Phường An Lạc,10.7381994,106.6148874,52,Moderate,1,25.4,84,0.0,11.9,124,1010.0,2,15.1,17.6,310.0,25.0,61.0,8.3
2026-03-24 23:00:00,2026,3,24,23,Hồ Chí Minh,Phường An Lạc,10.7381994,106.6148874,52,Moderate,1,25.1,85,0.0,10.3,123,1010.2,2,15.5,17.8,294.0,25.3,58.0,8.0
2026-03-25 00:00:00,2026,3,25,0,Hồ Chí Minh,Phường An Lạc,10.7381994,106.6148874,52,Moderate,1,24.8,87,0.0,9.9,127,1009.7,2,15.1,17.4,270.0,26.0,55.0,7.6
2026-03-25 01:00:00,2026,3,25,1,Hồ Chí Minh,Phường An Lạc,10.7381994,106.6148874,52,Moderate,1,24.8,88,0.0,8.6,129,1009.1,7,15.3,17.6,251.0,26.6,53.0,7.4
2026-03-25 02:00:00,2026,3,25,2,Hồ Chí Minh,Phường An Lạc,10.7381994,106.6148874,53,Moderate,1,24.6,87,0.0,7.8,134,1008.7,13,15.8,18.2,230.0,27.2,51.0,7.4
2026-03-25 03:00:00,2026,3,25,3,Hồ Chí Minh,Phường An Lạc,10.7381994,106.6148874,53,Moderate,1,24.4,88,0.0,8.0,132,1008.3,3,16.4,18.7,215.0,27.9,48.0,7.5
2026-03-25 04:00:00,2026,3,25,4,Hồ Chí Minh,Phường An Lạc,10.7381994,106.6148874,53,Moderate,1,24.1,88,0.0,7.9,125,1008.3,0,16.9,19.4,241.0,28.2,47.0,7.8
2026-03-25 05:00:00,2026,3,25,5,Hồ Chí Minh,Phường An Lạc,10.7381994,106.6148874,54,Moderate,1,23.9,89,0.0,7.3,123,1008.5,0,18.0,20.5,361.0,28.4,46.0,8.6
2026-03-25 06:00:00,2026,3,25,6,Hồ Chí Minh,Phường An Lạc,10.7381994,106.6148874,54,Moderate,1,23.7,90,0.0,5.6,117,1009.3,0,19.7,22.3,524.0,28.3,45.0,9.5
2026-03-25 07:00:00,2026,3,25,7,Hồ Chí Minh,Phường An Lạc,10.7381994,106.6148874,55,Moderate,1,25.3,82,0.0,7.7,120,1010.4,0,22.6,26.4,609.0,28.9,45.0,10.1
2026-03-25 08:00:00,2026,3,25,8,Hồ Chí Minh,Phường An Lạc,10.7381994,106.6148874,56,Moderate,1,27.5,68,0.0,11.4,118,1010.9,2,19.5,24.2,540.0,23.8,59.0,8.7
2026-03-25 09:00:00,2026,3,25,9,Hồ Chí Minh,Phường An Lạc,10.7381994,106.6148874,56,Moderate,1,29.5,55,0.0,12.3,119,1011.1,0,18.2,23.2,394.0,16.6,78.0,6.8
2026-03-25 10:00:00,2026,3,25,10,Hồ Chí Minh,Phường An Lạc,10.7381994,106.6148874,57,Moderate,1,31.5,48,0.0,11.4,114,1010.9,0,17.7,22.9,285.0,10.9,97.0,5.2
2026-03-25 11:00:00,2026,3,25,11,Hồ Chí Minh,Phường An Lạc,10.7381994,106.6148874,57,Moderate,1,33.2,43,0.0,10.0,105,1010.3,41,16.8,21.1,264.0,7.9,114.0,4.3
2026-03-25 12:00:00,2026,3,25,12,Hồ Chí Minh,Phường An Lạc,10.7381994,106.6148874,58,Moderate,1,34.7,37,0.0,9.8,96,1009.2,45,16.4,20.3,279.0,6.2,131.0,3.8
2026-03-25 13:00:00,2026,3,25,13,Hồ Chí Minh,Phường An Lạc,10.7381994,106.6148874,58,Moderate,1,34.8,37,0.0,9.5,90,1008.3,44,15.9,19.6,288.0,5.4,141.0,3.5
2026-03-25 14:00:00,2026,3,25,14,Hồ Chí Minh,Phường An Lạc,10.7381994,106.6148874,59,Moderate,1,35.8,33,0.0,9.4,102,1007.3,79,15.5,19.3,270.0,5.1,142.0,3.2
2026-03-25 15:00:00,2026,3,25,15,Hồ Chí Minh,Phường An Lạc,10.7381994,106.6148874,59,Moderate,1,35.0,33,0.0,13.8,131,1006.9,80,15.1,18.9,246.0,5.6,136.0,3.0
2026-03-25 16:00:00,2026,3,25,16,Hồ Chí Minh,Phường An Lạc,10.7381994,106.6148874,59,Moderate,1,31.9,45,0.0,18.2,160,1006.8,58,14.8,18.6,234.0,7.7,127.0,3.4
2026-03-25 17:00:00,2026,3,25,17,Hồ Chí Minh,Phường An Lạc,10.7381994,106.6148874,72,Moderate,1,30.8,53,0.0,16.7,150,1007.0,26,14.9,18.2,249.0,13.0,111.0,4.9
2026-03-25 18:00:00,2026,3,25,18,Hồ Chí Minh,Phường An Lạc,10.7381994,106.6148874,79,Moderate,1,28.2,64,0.0,17.4,149,1007.7,29,16.3,19.2,276.0,19.9,92.0,6.9
2026-03-25 19:00:00,2026,3,25,19,Hồ Chí Minh,Phường An Lạc,10.7381994,106.6148874,78,Moderate,1,27.1,78,0.0,16.6,144,1008.3,1,17.1,19.6,295.0,24.9,77.0,8.3
2026-03-25 20:00:00,2026,3,25,20,Hồ Chí Minh,Phường An Lạc,10.7381994,106.6148874,70,Moderate,1,26.4,82,0.0,16.3,139,1009.2,3,15.3,17.9,298.0,23.7,75.0,7.9
2026-03-25 21:00:00,2026,3,25,21,Hồ Chí Minh,Phường An Lạc,10.7381994,106.6148874,60,Moderate,1,26.2,83,0.0,15.4,135,1010.0,56,13.0,15.4,292.0,21.9,71.0,7.4
2026-03-25 22:00:00,2026,3,25,22,Hồ Chí Minh,Phường An Lạc,10.7381994,106.6148874,60,Moderate,1,26.1,83,0.0,13.4,136,1010.5,9,12.5,14.6,283.0,20.5,68.0,6.9
2026-03-25 23:00:00,2026,3,25,23,Hồ Chí Minh,Phường An Lạc,10.7381994,106.6148874,59,Moderate,1,25.9,84,0.0,12.0,131,1010.6,13,11.9,14.0,270.0,19.7,65.0,6.4
2026-03-26 00:00:00,2026,3,26,0,Hồ Chí Minh,Phường An Lạc,10.7381994,106.6148874,59,Moderate,1,25.5,85,0.0,11.2,131,1010.2,8,10.9,12.8,253.0,19.2,63.0,5.9
2026-03-26 01:00:00,2026,3,26,1,Hồ Chí Minh,Phường An Lạc,10.7381994,106.6148874,59,Moderate,1,25.4,87,0.0,11.6,126,1009.8,2,10.4,12.4,240.0,18.8,61.0,5.5
2026-03-26 02:00:00,2026,3,26,2,Hồ Chí Minh,Phường An Lạc,10.7381994,106.6148874,58,Moderate,1,25.1,87,0.0,11.6,127,1009.1,5,10.4,12.5,228.0,18.5,59.0,5.3
2026-03-26 03:00:00,2026,3,26,3,Hồ Chí Minh,Phường An Lạc,10.7381994,106.6148874,58,Moderate,1,24.9,86,0.0,11.7,127,1008.7,2,10.7,13.0,219.0,18.4,57.0,5.3
2026-03-26 04:00:00,2026,3,26,4,Hồ Chí Minh,Phường An Lạc,10.7381994,106.6148874,57,Moderate,1,24.6,85,0.0,10.5,125,1008.6,6,11.1,13.5,225.0,18.5,55.0,5.5
2026-03-26 05:00:00,2026,3,26,5,Hồ Chí Minh,Phường An Lạc,10.7381994,106.6148874,57,Moderate,1,24.5,86,0.0,10.0,128,1009.1,7,11.5,14.2,261.0,19.4,53.0,6.1
2026-03-26 06:00:00,2026,3,26,6,Hồ Chí Minh,Phường An Lạc,10.7381994,106.6148874,56,Moderate,1,24.5,85,0.0,9.6,127,1009.9,15,12.6,15.5,313.0,20.6,51.0,6.9
2026-03-26 07:00:00,2026,3,26,7,Hồ Chí Minh,Phường An Lạc,10.7381994,106.6148874,56,Moderate,1,26.0,77,0.0,10.0,123,1010.6,30,15.0,19.3,346.0,20.1,54.0,7.1
2026-03-26 08:00:00,2026,3,26,8,Hồ Chí Minh,Phường An Lạc,10.7381994,106.6148874,55,Moderate,1,27.6,68,0.0,12.6,115,1011.1,11,14.8,19.7,341.0,17.4,65.0,6.4
2026-03-26 09:00:00,2026,3,26,9,Hồ Chí Minh,Phường An Lạc,10.7381994,106.6148874,55,Moderate,1,29.5,58,0.0,11.7,110,1011.6,14,15.3,20.7,318.0,13.6,80.0,5.4
2026-03-26 10:00:00,2026,3,26,10,Hồ Chí Minh,Phường An Lạc,10.7381994,106.6148874,54,Moderate,1,31.6,49,0.0,10.9,99,1011.4,50,16.5,22.1,303.0,10.6,95.0,4.6
2026-03-26 11:00:00,2026,3,26,11,Hồ Chí Minh,Phường An Lạc,10.7381994,106.6148874,54,Moderate,1,32.5,45,0.0,9.5,92,1010.5,98,17.9,23.4,312.0,9.0,110.0,4.1
2026-03-26 12:00:00,2026,3,26,12,Hồ Chí Minh,Phường An Lạc,10.7381994,106.6148874,54,Moderate,1,33.2,42,0.0,8.1,91,1009.4,27,19.0,24.3,330.0,8.1,125.0,3.9
2026-03-26 13:00:00,2026,3,26,13,Hồ Chí Minh,Phường An Lạc,10.7381994,106.6148874,54,Moderate,1,33.8,40,0.0,7.6,86,1008.1,6,18.6,23.2,336.0,7.7,136.0,3.7
2026-03-26 14:00:00,2026,3,26,14,Hồ Chí Minh,Phường An Lạc,10.7381994,106.6148874,55,Moderate,1,35.3,36,0.0,8.8,81,1006.9,53,17.5,21.5,312.0,7.1,144.0,3.5
2026-03-26 15:00:00,2026,3,26,15,Hồ Chí Minh,Phường An Lạc,10.7381994,106.6148874,55,Moderate,1,34.7,36,0.0,12.2,118,1006.2,98,17.3,21.4,275.0,7.0,147.0,3.3
2026-03-26 16:00:00,2026,3,26,16,Hồ Chí Minh,Phường An Lạc,10.7381994,106.6148874,58,Moderate,1,31.2,52,0.0,18.6,152,1006.2,0,17.1,21.4,258.0,8.6,143.0,3.7
2026-03-26 17:00:00,2026,3,26,17,Hồ Chí Minh,Phường An Lạc,10.7381994,106.6148874,75,Moderate,1,30.5,55,0.0,14.8,142,1006.5,12,16.6,20.5,282.0,13.7,124.0,5.1
2026-03-26 18:00:00,2026,3,26,18,Hồ Chí Minh,Phường An Lạc,10.7381994,106.6148874,84,Moderate,1,28.5,62,0.0,15.6,144,1007.2,0,17.8,20.6,325.0,20.5,96.0,7.1
2026-03-26 19:00:00,2026,3,26,19,Hồ Chí Minh,Phường An Lạc,10.7381994,106.6148874,85,Moderate,1,27.2,68,0.0,14.5,144,1008.2,0,17.9,20.8,356.0,26.1,73.0,8.6
2026-03-26 20:00:00,2026,3,26,20,Hồ Chí Minh,Phường An Lạc,10.7381994,106.6148874,77,Moderate,1,26.6,74,0.0,14.7,143,1008.9,0,15.1,17.8,361.0,25.0,70.0,8.2
2026-03-26 21:00:00,2026,3,26,21,Hồ Chí Minh,Phường An Lạc,10.7381994,106.6148874,65,Moderate,1,26.0,79,0.0,13.4,132,1009.5,0,13.5,15.9,354.0,23.4,65.0,7.7
2026-03-26 22:00:00,2026,3,26,22,Hồ Chí Minh,Phường An Lạc,10.7381994,106.6148874,56,Moderate,1,25.6,80,0.0,12.5,127,1010.1,1,13.3,15.5,337.0,22.0,62.0,7.1
2026-03-26 23:00:00,2026,3,26,23,Hồ Chí Minh,Phường An Lạc,10.7381994,106.6148874,56,Moderate,1,25.3,82,0.0,11.8,130,1010.0,1,12.8,15.0,306.0,20.9,61.0,6.5
2026-03-27 00:00:00,2026,3,27,0,Hồ Chí Minh,Phường An Lạc,10.7381994,106.6148874,56,Moderate,1,25.0,85,0.0,10.2,129,1009.9,2,11.9,14.1,266.0,20.1,60.0,6.0
2026-03-27 01:00:00,2026,3,27,1,Hồ Chí Minh,Phường An Lạc,10.7381994,106.6148874,56,Moderate,1,24.8,87,0.0,10.3,126,1009.4,5,11.7,13.9,238.0,19.5,60.0,5.6
2026-03-27 02:00:00,2026,3,27,2,Hồ Chí Minh,Phường An Lạc,10.7381994,106.6148874,56,Moderate,1,24.5,88,0.0,9.6,127,1008.9,7,11.9,14.1,227.0,19.5,59.0,5.6
2026-03-27 03:00:00,2026,3,27,3,Hồ Chí Minh,Phường An Lạc,10.7381994,106.6148874,56,Moderate,1,24.2,89,0.0,9.4,132,1008.6,10,12.4,14.6,228.0,19.8,57.0,5.8
2026-03-27 04:00:00,2026,3,27,4,Hồ Chí Minh,Phường An Lạc,10.7381994,106.6148874,56,Moderate,1,24.0,89,0.0,9.4,137,1008.5,18,12.9,15.2,242.0,19.9,57.0,6.0
2026-03-27 05:00:00,2026,3,27,5,Hồ Chí Minh,Phường An Lạc,10.7381994,106.6148874,56,Moderate,1,23.9,89,0.0,8.5,136,1009.0,8,13.6,16.0,285.0,20.0,57.0,6.3
2026-03-27 06:00:00,2026,3,27,6,Hồ Chí Minh,Phường An Lạc,10.7381994,106.6148874,57,Moderate,1,23.8,88,0.0,8.0,130,1009.4,1,14.5,17.1,343.0,20.0,58.0,6.7
2026-03-27 07:00:00,2026,3,27,7,Hồ Chí Minh,Phường An Lạc,10.7381994,106.6148874,57,Moderate,1,25.4,81,0.0,9.9,128,1010.2,10,16.4,20.3,372.0,19.8,60.0,6.9
2026-03-27 08:00:00,2026,3,27,8,Hồ Chí Minh,Phường An Lạc,10.7381994,106.6148874,57,Moderate,1,27.5,68,0.0,13.2,128,1010.9,9,15.1,19.1,345.0,16.5,70.0,6.1
2026-03-27 09:00:00,2026,3,27,9,Hồ Chí Minh,Phường An Lạc,10.7381994,106.6148874,57,Moderate,1,29.5,57,0.0,13.9,130,1011.1,24,14.5,18.7,290.0,11.9,85.0,4.9
2026-03-27 10:00:00,2026,3,27,10,Hồ Chí Minh,Phường An Lạc,10.7381994,106.6148874,57,Moderate,1,31.2,49,0.0,13.2,130,1010.8,42,14.5,19.0,248.0,8.3,98.0,4.0
2026-03-27 11:00:00,2026,3,27,11,Hồ Chí Minh,Phường An Lạc,10.7381994,106.6148874,57,Moderate,1,32.3,45,0.0,12.1,132,1010.4,98,14.7,19.4,235.0,6.4,110.0,3.6
2026-03-27 12:00:00,2026,3,27,12,Hồ Chí Minh,Phường An Lạc,10.7381994,106.6148874,56,Moderate,1,32.6,43,0.0,11.6,141,1009.8,100,15.1,19.7,234.0,5.5,121.0,3.5
2026-03-27 13:00:00,2026,3,27,13,Hồ Chí Minh,Phường An Lạc,10.7381994,106.6148874,56,Moderate,1,32.6,44,0.0,11.1,132,1009.0,49,15.3,19.8,236.0,5.3,128.0,3.5
2026-03-27 14:00:00,2026,3,27,14,Hồ Chí Minh,Phường An Lạc,10.7381994,106.6148874,56,Moderate,1,33.2,41,0.0,9.7,130,1008.1,41,15.1,19.4,236.0,5.3,132.0,3.5
2026-03-27 15:00:00,2026,3,27,15,Hồ Chí Minh,Phường An Lạc,10.7381994,106.6148874,56,Moderate,1,33.4,40,0.0,9.4,130,1006.9,12,14.9,18.9,240.0,6.0,132.0,3.6
2026-03-27 16:00:00,2026,3,27,16,Hồ Chí Minh,Phường An Lạc,10.7381994,106.6148874,55,Moderate,1,33.0,40,0.0,10.1,134,1006.2,8,14.8,18.5,251.0,8.6,126.0,4.3
2026-03-27 17:00:00,2026,3,27,17,Hồ Chí Minh,Phường An Lạc,10.7381994,106.6148874,65,Moderate,1,31.1,49,0.0,12.9,148,1006.3,0,15.0,18.5,276.0,14.9,109.0,6.0
2026-03-27 18:00:00,2026,3,27,18,Hồ Chí Minh,Phường An Lạc,10.7381994,106.6148874,70,Moderate,1,28.2,63,0.0,14.3,149,1006.9,0,17.1,20.1,309.0,23.2,86.0,8.2
2026-03-27 19:00:00,2026,3,27,19,Hồ Chí Minh,Phường An Lạc,10.7381994,106.6148874,67,Moderate,1,27.3,68,0.0,14.6,148,1007.7,0,21.7,25.4,337.0,29.5,69.0,10.1
2026-03-27 20:00:00,2026,3,27,20,Hồ Chí Minh,Phường An Lạc,10.7381994,106.6148874,59,Moderate,1,26.5,71,0.0,12.0,143,1008.4,45,20.0,23.5,359.0,29.7,64.0,10.3
2026-03-27 21:00:00,2026,3,27,21,Hồ Chí Minh,Phường An Lạc,10.7381994,106.6148874,56,Moderate,1,26.0,75,0.0,11.5,141,1009.0,30,19.0,22.1,377.0,30.0,56.0,10.6
2026-03-27 22:00:00,2026,3,27,22,Hồ Chí Minh,Phường An Lạc,10.7381994,106.6148874,56,Moderate,1,25.4,80,0.0,11.7,135,1009.3,0,18.6,21.5,381.0,29.8,51.0,10.5
2026-03-27 23:00:00,2026,3,27,23,Hồ Chí Minh,Phường An Lạc,10.7381994,106.6148874,57,Moderate,1,24.9,86,0.0,11.5,130,1009.4,65,18.1,20.8,360.0,28.7,50.0,9.5
2026-03-28 00:00:00,2026,3,28,0,Hồ Chí Minh,Phường An Lạc,10.7381994,106.6148874,57,Moderate,1,24.5,88,0.0,9.9,122,1009.0,13,17.1,19.8,326.0,27.2,50.0,8.2
2026-03-28 01:00:00,2026,3,28,1,Hồ Chí Minh,Phường An Lạc,10.7381994,106.6148874,58,Moderate,1,24.4,90,0.0,8.4,110,1008.4,0,17.2,19.8,304.0,26.3,50.0,7.2
2026-03-28 02:00:00,2026,3,28,2,Hồ Chí Minh,Phường An Lạc,10.7381994,106.6148874,58,Moderate,1,24.1,91,0.0,7.8,112,1007.7,0,17.8,20.4,298.0,26.5,48.0,6.9
2026-03-28 03:00:00,2026,3,28,3,Hồ Chí Minh,Phường An Lạc,10.7381994,106.6148874,59,Moderate,1,24.0,92,0.0,7.5,120,1007.4,0,18.8,21.2,303.0,27.2,45.0,6.9
2026-03-28 04:00:00,2026,3,28,4,Hồ Chí Minh,Phường An Lạc,10.7381994,106.6148874,59,Moderate,1,23.8,93,0.0,7.0,119,1007.1,2,20.1,22.4,335.0,28.0,43.0,7.3
2026-03-28 05:00:00,2026,3,28,5,Hồ Chí Minh,Phường An Lạc,10.7381994,106.6148874,60,Moderate,1,23.7,93,0.0,7.2,112,1008.0,1,21.4,23.5,428.0,29.4,40.0,8.5
2026-03-28 06:00:00,2026,3,28,6,Hồ Chí Minh,Phường An Lạc,10.7381994,106.6148874,61,Moderate,1,23.6,92,0.0,7.3,110,1008.7,0,23.6,25.8,548.0,30.8,37.0,10.1
2026-03-28 07:00:00,2026,3,28,7,Hồ Chí Minh,Phường An Lạc,10.7381994,106.6148874,61,Moderate,1,25.2,86,0.0,7.7,114,1009.5,12,28.9,31.8,604.0,32.7,35.0,11.2
2026-03-28 08:00:00,2026,3,28,8,Hồ Chí Minh,Phường An Lạc,10.7381994,106.6148874,62,Moderate,1,27.4,72,0.0,12.9,115,1009.9,18,22.1,26.2,534.0,26.5,50.0,9.6
2026-03-28 09:00:00,2026,3,28,9,Hồ Chí Minh,Phường An Lạc,10.7381994,106.6148874,63,Moderate,1,29.4,62,0.0,12.4,118,1010.3,9,18.3,21.8,401.0,17.9,72.0,7.3
2026-03-28 10:00:00,2026,3,28,10,Hồ Chí Minh,Phường An Lạc,10.7381994,106.6148874,63,Moderate,1,31.4,53,0.0,11.5,122,1010.0,7,15.9,18.3,295.0,11.0,91.0,5.5
2026-03-28 11:00:00,2026,3,28,11,Hồ Chí Minh,Phường An Lạc,10.7381994,106.6148874,64,Moderate,1,33.0,47,0.0,11.3,132,1009.5,10,14.9,16.7,255.0,7.6,105.0,4.5
2026-03-28 12:00:00,2026,3,28,12,Hồ Chí Minh,Phường An Lạc,10.7381994,106.6148874,64,Moderate,1,34.0,45,0.0,13.0,141,1008.4,79,14.2,15.9,244.0,5.9,117.0,3.9
2026-03-28 13:00:00,2026,3,28,13,Hồ Chí Minh,Phường An Lạc,10.7381994,106.6148874,63,Moderate,1,34.0,44,0.0,14.2,142,1007.4,92,13.4,15.1,239.0,5.1,123.0,3.5
2026-03-28 14:00:00,2026,3,28,14,Hồ Chí Minh,Phường An Lạc,10.7381994,106.6148874,63,Moderate,1,33.5,45,0.0,16.9,147,1007.0,86,13.1,14.8,233.0,5.0,122.0,3.3
2026-03-28 15:00:00,2026,3,28,15,Hồ Chí Minh,Phường An Lạc,10.7381994,106.6148874,63,Moderate,1,32.1,48,0.0,18.4,146,1006.8,91,12.9,14.6,233.0,5.8,117.0,3.4
2026-03-28 16:00:00,2026,3,28,16,Hồ Chí Minh,Phường An Lạc,10.7381994,106.6148874,63,Moderate,1,30.6,52,0.0,18.2,146,1006.8,82,13.2,15.5,241.0,7.6,108.0,3.7
2026-03-28 17:00:00,2026,3,28,17,Hồ Chí Minh,Phường An Lạc,10.7381994,106.6148874,63,Moderate,1,29.1,59,0.0,17.4,149,1007.2,14,13.6,16.1,260.0,11.0,96.0,4.4
2026-03-28 18:00:00,2026,3,28,18,Hồ Chí Minh,Phường An Lạc,10.7381994,106.6148874,63,Moderate,1,27.5,65,0.0,16.1,149,1007.9,3,13.8,16.5,287.0,15.3,81.0,5.4
2026-03-28 19:00:00,2026,3,28,19,Hồ Chí Minh,Phường An Lạc,10.7381994,106.6148874,62,Moderate,1,27.2,69,0.0,14.4,140,1008.1,2,17.3,20.1,314.0,22.0,67.0,7.2
2026-03-28 20:00:00,2026,3,28,20,Hồ Chí Minh,Phường An Lạc,10.7381994,106.6148874,62,Moderate,1,26.6,74,0.0,11.0,142,1008.7,1,17.8,20.9,346.0,23.5,62.0,7.7
2026-03-28 21:00:00,2026,3,28,21,Hồ Chí Minh,Phường An Lạc,10.7381994,106.6148874,62,Moderate,1,26.2,78,0.0,9.9,138,1008.8,7,19.0,22.1,378.0,25.6,55.0,8.3
2026-03-28 22:00:00,2026,3,28,22,Hồ Chí Minh,Phường An Lạc,10.7381994,106.6148874,62,Moderate,1,26.0,81,0.0,9.6,133,1009.0,0,20.4,23.6,389.0,27.5,49.0,8.8
2026-03-28 23:00:00,2026,3,28,23,Hồ Chí Minh,Phường An Lạc,10.7381994,106.6148874,62,Moderate,1,25.6,83,0.0,8.8,129,1009.0,42,21.4,24.5,361.0,29.0,44.0,8.8
2026-03-29 00:00:00,2026,3,29,0,Hồ Chí Minh,Phường An Lạc,10.7381994,106.6148874,62,Moderate,1,25.3,86,0.0,7.9,125,1009.0,49,21.6,24.6,312.0,30.4,39.0,8.6
2026-03-29 01:00:00,2026,3,29,1,Hồ Chí Minh,Phường An Lạc,10.7381994,106.6148874,63,Moderate,1,25.2,89,0.0,9.7,119,1008.2,100,21.7,24.7,279.0,31.3,36.0,8.5
2026-03-29 02:00:00,2026,3,29,2,Hồ Chí Minh,Phường An Lạc,10.7381994,106.6148874,63,Moderate,1,25.0,90,0.0,9.0,125,1007.8,100,21.7,24.6,252.0,31.3,34.0,8.3
2026-03-29 03:00:00,2026,3,29,3,Hồ Chí Minh,Phường An Lạc,10.7381994,106.6148874,63,Moderate,1,24.8,91,0.0,7.3,134,1007.8,100,21.6,24.4,240.0,30.9,33.0,8.1
2026-03-29 04:00:00,2026,3,29,4,Hồ Chí Minh,Phường An Lạc,10.7381994,106.6148874,64,Moderate,1,24.6,92,0.0,4.3,132,1007.8,100,22.2,25.0,308.0,30.9,32.0,8.5
2026-03-29 05:00:00,2026,3,29,5,Hồ Chí Minh,Phường An Lạc,10.7381994,106.6148874,64,Moderate,1,24.3,94,0.0,0.9,191,1008.7,99,24.4,27.4,560.0,32.7,30.0,10.4
2026-03-29 06:00:00,2026,3,29,6,Hồ Chí Minh,Phường An Lạc,10.7381994,106.6148874,64,Moderate,1,24.1,94,0.0,0.6,288,1009.5,99,28.1,31.2,892.0,34.9,28.0,12.9
2026-03-29 07:00:00,2026,3,29,7,Hồ Chí Minh,Phường An Lạc,10.7381994,106.6148874,64,Moderate,1,26.0,89,0.0,6.4,100,1010.0,68,28.3,31.2,1054.0,34.2,27.0,13.0
2026-03-29 08:00:00,2026,3,29,8,Hồ Chí Minh,Phường An Lạc,10.7381994,106.6148874,64,Moderate,1,28.1,75,0.0,12.4,107,1010.5,20,18.9,22.0,879.0,27.2,39.0,10.6
2026-03-29 09:00:00,2026,3,29,9,Hồ Chí Minh,Phường An Lạc,10.7381994,106.6148874,64,Moderate,1,30.1,63,0.0,12.9,120,1010.9,70,13.8,16.1,534.0,17.5,55.0,7.4
2026-03-29 10:00:00,2026,3,29,10,Hồ Chí Minh,Phường An Lạc,10.7381994,106.6148874,64,Moderate,1,32.2,54,0.0,12.2,126,1010.8,4,11.9,13.5,270.0,10.1,71.0,4.9
2026-03-29 11:00:00,2026,3,29,11,Hồ Chí Minh,Phường An Lạc,10.7381994,106.6148874,63,Moderate,1,33.9,46,0.0,12.0,129,1010.2,9,11.4,12.6,194.0,7.0,86.0,4.1
2026-03-29 12:00:00,2026,3,29,12,Hồ Chí Minh,Phường An Lạc,10.7381994,106.6148874,63,Moderate,1,35.0,41,0.0,12.7,140,1009.5,13,11.1,12.2,199.0,6.2,100.0,4.1
2026-03-29 13:00:00,2026,3,29,13,Hồ Chí Minh,Phường An Lạc,10.7381994,106.6148874,63,Moderate,1,34.8,39,0.0,13.6,143,1008.4,21,10.9,11.9,212.0,6.1,109.0,4.2
2026-03-29 14:00:00,2026,3,29,14,Hồ Chí Minh,Phường An Lạc,10.7381994,106.6148874,63,Moderate,1,34.7,39,0.0,14.7,140,1007.3,41,10.5,11.4,208.0,5.8,112.0,4.0
2026-03-29 15:00:00,2026,3,29,15,Hồ Chí Minh,Phường An Lạc,10.7381994,106.6148874,62,Moderate,1,34.2,40,0.0,15.3,139,1006.9,39,10.0,10.9,211.0,6.2,109.0,4.0
2026-03-29 16:00:00,2026,3,29,16,Hồ Chí Minh,Phường An Lạc,10.7381994,106.6148874,62,Moderate,1,33.2,42,0.0,16.0,140,1006.6,34,9.7,10.6,228.0,8.7,102.0,4.5
2026-03-29 17:00:00,2026,3,29,17,Hồ Chí Minh,Phường An Lạc,10.7381994,106.6148874,62,Moderate,1,31.5,48,0.0,16.3,143,1006.7,10,10.9,12.2,267.0,15.2,88.0,6.1
2026-03-29 18:00:00,2026,3,29,18,Hồ Chí Minh,Phường An Lạc,10.7381994,106.6148874,62,Moderate,1,29.2,60,0.0,13.8,148,1007.0,0,13.9,15.4,318.0,23.8,68.0,8.2
2026-03-29 19:00:00,2026,3,29,19,Hồ Chí Minh,Phường An Lạc,10.7381994,106.6148874,62,Moderate,1,28.2,70,0.0,11.3,153,1008.0,10,18.0,19.9,358.0,30.6,52.0,10.0
2026-03-29 20:00:00,2026,3,29,20,Hồ Chí Minh,Phường An Lạc,10.7381994,106.6148874,62,Moderate,1,27.2,79,0.0,11.3,149,1008.6,0,18.6,20.7,381.0,30.9,49.0,10.2
2026-03-29 21:00:00,2026,3,29,21,Hồ Chí Minh,Phường An Lạc,10.7381994,106.6148874,62,Moderate,1,26.6,84,0.0,10.4,146,1009.2,1,18.9,21.2,394.0,31.4,44.0,10.4
2026-03-29 22:00:00,2026,3,29,22,Hồ Chí Minh,Phường An Lạc,10.7381994,106.6148874,62,Moderate,1,26.1,88,0.0,9.5,141,1009.9,7,19.0,21.5,389.0,31.8,40.0,10.4
2026-03-29 23:00:00,2026,3,29,23,Hồ Chí Minh,Phường An Lạc,10.7381994,106.6148874,62,Moderate,1,25.8,91,0.0,9.4,135,1010.0,12,19.2,21.7,355.0,32.0,37.0,10.0
2026-03-30 00:00:00,2026,3,30,0,Hồ Chí Minh,Phường An Lạc,10.7381994,106.6148874,61,Moderate,1,25.5,92,0.0,8.7,130,1010.0,23,18.4,21.0,305.0,32.0,34.0,9.4
2026-03-30 01:00:00,2026,3,30,1,Hồ Chí Minh,Phường An Lạc,10.7381994,106.6148874,61,Moderate,1,25.6,94,0.0,7.8,127,1009.7,15,17.9,20.4,269.0,32.1,31.0,8.9
2026-03-30 02:00:00,2026,3,30,2,Hồ Chí Minh,Phường An Lạc,10.7381994,106.6148874,61,Moderate,1,25.5,95,0.0,6.8,117,1009.3,23,17.8,20.3,259.0,32.7,27.0,8.6
2026-03-30 03:00:00,2026,3,30,3,Hồ Chí Minh,Phường An Lạc,10.7381994,106.6148874,60,Moderate,1,25.2,96,0.0,7.0,113,1009.0,16,18.0,20.6,262.0,33.2,24.0,8.4
2026-03-30 04:00:00,2026,3,30,4,Hồ Chí Minh,Phường An Lạc,10.7381994,106.6148874,60,Moderate,1,25.0,96,0.0,8.0,113,1008.7,15,17.5,20.0,276.0,32.4,23.0,8.3
2026-03-30 05:00:00,2026,3,30,5,Hồ Chí Minh,Phường An Lạc,10.7381994,106.6148874,60,Moderate,1,24.7,97,0.0,8.4,109,1008.9,3,16.8,19.3,310.0,29.2,25.0,8.3
2026-03-30 06:00:00,2026,3,30,6,Hồ Chí Minh,Phường An Lạc,10.7381994,106.6148874,59,Moderate,1,24.6,96,0.0,8.1,102,1009.4,2,16.8,19.4,353.0,24.6,30.0,8.3
2026-03-30 07:00:00,2026,3,30,7,Hồ Chí Minh,Phường An Lạc,10.7381994,106.6148874,58,Moderate,1,26.1,87,0.0,12.4,120,1010.0,32,18.0,21.6,374.0,23.4,33.0,9.0
2026-03-30 08:00:00,2026,3,30,8,Hồ Chí Minh,Phường An Lạc,10.7381994,106.6148874,57,Moderate,1,28.2,73,0.0,10.3,121,1011.0,9,16.6,21.1,350.0,20.4,42.0,8.3
2026-03-30 09:00:00,2026,3,30,9,Hồ Chí Minh,Phường An Lạc,10.7381994,106.6148874,57,Moderate,1,30.2,62,0.0,7.8,124,1011.7,19,15.3,20.3,302.0,16.1,55.0,7.2
2026-03-30 10:00:00,2026,3,30,10,Hồ Chí Minh,Phường An Lạc,10.7381994,106.6148874,57,Moderate,1,31.9,53,0.0,7.1,131,1011.6,20,15.1,20.5,265.0,12.5,69.0,6.3
2026-03-30 11:00:00,2026,3,30,11,Hồ Chí Minh,Phường An Lạc,10.7381994,106.6148874,57,Moderate,1,33.2,47,0.0,6.5,138,1011.0,23,14.4,19.4,253.0,10.2,85.0,5.6
2026-03-30 12:00:00,2026,3,30,12,Hồ Chí Minh,Phường An Lạc,10.7381994,106.6148874,58,Moderate,1,34.1,43,0.0,6.4,133,1010.0,20,13.8,18.6,251.0,8.5,102.0,5.1
2026-03-30 13:00:00,2026,3,30,13,Hồ Chí Minh,Phường An Lạc,10.7381994,106.6148874,58,Moderate,1,34.1,43,0.0,6.0,139,1009.0,38,13.4,18.3,249.0,7.6,114.0,4.7
2026-03-30 14:00:00,2026,3,30,14,Hồ Chí Minh,Phường An Lạc,10.7381994,106.6148874,58,Moderate,1,34.7,41,0.0,6.2,134,1008.1,35,13.4,18.3,241.0,7.1,119.0,4.5
2026-03-30 15:00:00,2026,3,30,15,Hồ Chí Minh,Phường An Lạc,10.7381994,106.6148874,58,Moderate,1,34.2,42,0.0,8.4,138,1007.4,23,13.6,18.7,234.0,7.3,118.0,4.4
2026-03-30 16:00:00,2026,3,30,16,Hồ Chí Minh,Phường An Lạc,10.7381994,106.6148874,59,Moderate,1,33.3,44,0.1,10.9,146,1007.0,80,13.9,19.1,236.0,9.1,111.0,4.8
2026-03-30 17:00:00,2026,3,30,17,Hồ Chí Minh,Phường An Lạc,10.7381994,106.6148874,59,Moderate,1,31.5,51,0.0,14.1,153,1007.3,3,14.8,19.7,256.0,14.0,94.0,5.9
2026-03-30 18:00:00,2026,3,30,18,Hồ Chí Minh,Phường An Lạc,10.7381994,106.6148874,59,Moderate,1,29.4,58,0.0,15.0,147,1007.7,1,16.3,20.8,287.0,20.6,71.0,7.4
2026-03-30 19:00:00,2026,3,30,19,Hồ Chí Minh,Phường An Lạc,10.7381994,106.6148874,60,Moderate,1,27.8,69,0.0,14.1,140,1008.4,1,21.7,27.4,312.0,27.8,51.0,10.0
2026-03-30 20:00:00,2026,3,30,20,Hồ Chí Minh,Phường An Lạc,10.7381994,106.6148874,60,Moderate,1,27.0,79,0.0,12.9,134,1009.2,1,20.2,25.6,330.0,27.9,47.0,9.8
2026-03-30 21:00:00,2026,3,30,21,Hồ Chí Minh,Phường An Lạc,10.7381994,106.6148874,60,Moderate,1,26.5,83,0.0,12.8,132,1010.0,0,19.7,25.0,344.0,28.0,41.0,9.5
2026-03-30 22:00:00,2026,3,30,22,Hồ Chí Minh,Phường An Lạc,10.7381994,106.6148874,60,Moderate,1,26.1,85,0.0,12.5,133,1010.7,0,19.2,24.3,342.0,27.7,37.0,9.1
2026-03-30 23:00:00,2026,3,30,23,Hồ Chí Minh,Phường An Lạc,10.7381994,106.6148874,60,Moderate,1,25.8,87,0.0,11.9,132,1010.8,4,18.2,22.9,312.0,26.6,37.0,8.4
2026-03-31 00:00:00,2026,3,31,0,Hồ Chí Minh,Phường An Lạc,10.7381994,106.6148874,60,Moderate,1,25.6,88,0.0,11.2,135,1010.7,4,16.6,21.1,268.0,25.2,39.0,7.6
2026-03-31 01:00:00,2026,3,31,1,Hồ Chí Minh,Phường An Lạc,10.7381994,106.6148874,60,Moderate,1,25.5,91,0.0,10.9,136,1010.6,2,16.2,20.6,236.0,24.6,40.0,7.1
2026-03-31 02:00:00,2026,3,31,2,Hồ Chí Minh,Phường An Lạc,10.7381994,106.6148874,60,Moderate,1,25.2,92,0.0,10.2,131,1009.6,9,16.8,20.9,214.0,25.4,38.0,7.1
2026-03-31 03:00:00,2026,3,31,3,Hồ Chí Minh,Phường An Lạc,10.7381994,106.6148874,60,Moderate,1,25.0,92,0.0,9.7,130,1009.5,9,17.3,21.4,204.0,27.0,35.0,7.4
2026-03-31 04:00:00,2026,3,31,4,Hồ Chí Minh,Phường An Lạc,10.7381994,106.6148874,60,Moderate,1,24.8,92,0.0,8.6,123,1009.5,9,17.9,21.8,247.0,28.3,32.0,8.0
2026-03-31 05:00:00,2026,3,31,5,Hồ Chí Minh,Phường An Lạc,10.7381994,106.6148874,60,Moderate,1,24.5,92,0.0,7.5,111,1009.4,5,18.9,22.9,405.0,29.4,29.0,9.2
2026-03-31 06:00:00,2026,3,31,6,Hồ Chí Minh,Phường An Lạc,10.7381994,106.6148874,60,Moderate,1,24.3,93,0.0,7.2,102,1010.5,4,21.4,25.4,615.0,30.2,27.0,10.7
2026-03-31 07:00:00,2026,3,31,7,Hồ Chí Minh,Phường An Lạc,10.7381994,106.6148874,60,Moderate,1,25.9,84,0.0,8.9,109,1011.2,5,23.2,28.5,725.0,28.5,31.0,10.7
2026-03-31 08:00:00,2026,3,31,8,Hồ Chí Minh,Phường An Lạc,10.7381994,106.6148874,61,Moderate,1,27.8,72,0.0,8.8,118,1012.0,7,19.2,26.0,639.0,24.9,40.0,9.8
2026-03-31 09:00:00,2026,3,31,9,Hồ Chí Minh,Phường An Lạc,10.7381994,106.6148874,61,Moderate,1,29.6,61,0.0,7.2,125,1012.6,5,19.1,27.0,454.0,19.8,53.0,8.5
2026-03-31 10:00:00,2026,3,31,10,Hồ Chí Minh,Phường An Lạc,10.7381994,106.6148874,61,Moderate,1,31.5,52,0.0,5.5,134,1012.2,5,19.8,28.3,310.0,15.6,68.0,7.5
2026-03-31 11:00:00,2026,3,31,11,Hồ Chí Minh,Phường An Lạc,10.7381994,106.6148874,62,Moderate,1,33.3,44,0.0,4.8,155,1011.6,1,19.4,27.6,269.0,12.9,85.0,7.0
2026-03-31 12:00:00,2026,3,31,12,Hồ Chí Minh,Phường An Lạc,10.7381994,106.6148874,62,Moderate,1,34.9,37,0.0,4.1,151,1010.5,34,19.1,27.0,269.0,11.0,103.0,6.8
2026-03-31 13:00:00,2026,3,31,13,Hồ Chí Minh,Phường An Lạc,10.7381994,106.6148874,63,Moderate,1,34.3,37,0.0,4.4,161,1009.6,77,18.9,26.3,271.0,10.0,116.0,6.7
2026-03-31 14:00:00,2026,3,31,14,Hồ Chí Minh,Phường An Lạc,10.7381994,106.6148874,63,Moderate,1,35.2,35,0.1,5.3,147,1008.3,65,18.9,25.7,257.0,9.7,122.0,6.6
2026-03-31 15:00:00,2026,3,31,15,Hồ Chí Minh,Phường An Lạc,10.7381994,106.6148874,64,Moderate,1,35.0,37,0.0,8.8,145,1007.3,78,18.7,25.1,246.0,10.3,123.0,6.5
2026-03-31 16:00:00,2026,3,31,16,Hồ Chí Minh,Phường An Lạc,10.7381994,106.6148874,64,Moderate,1,34.0,41,0.0,11.4,145,1006.8,80,18.6,24.4,247.0,12.6,117.0,6.9
2026-03-31 17:00:00,2026,3,31,17,Hồ Chí Minh,Phường An Lạc,10.7381994,106.6148874,64,Moderate,1,31.9,50,0.1,14.5,148,1006.9,68,18.9,24.1,275.0,18.0,99.0,8.0
2026-03-31 18:00:00,2026,3,31,18,Hồ Chí Minh,Phường An Lạc,10.7381994,106.6148874,65,Moderate,1,29.8,58,0.0,14.1,142,1007.5,81,20.5,24.9,316.0,25.3,74.0,9.6
2026-03-31 19:00:00,2026,3,31,19,Hồ Chí Minh,Phường An Lạc,10.7381994,106.6148874,65,Moderate,1,28.4,68,0.0,14.2,130,1007.9,93,23.1,28.5,343.0,31.8,54.0,11.2
2026-03-31 20:00:00,2026,3,31,20,Hồ Chí Minh,Phường An Lạc,10.7381994,106.6148874,65,Moderate,1,27.1,78,0.0,11.3,146,1008.5,86,21.2,25.6,342.0,33.1,45.0,11.5
2026-03-31 21:00:00,2026,3,31,21,Hồ Chí Minh,Phường An Lạc,10.7381994,106.6148874,65,Moderate,1,26.8,81,0.0,9.6,147,1009.1,78,20.8,25.1,326.0,34.8,34.0,11.9
2026-03-31 22:00:00,2026,3,31,22,Hồ Chí Minh,Phường An Lạc,10.7381994,106.6148874,65,Moderate,1,26.5,83,0.0,10.3,144,1010.0,57,21.7,25.7,305.0,35.7,26.0,11.9
2026-03-31 23:00:00,2026,3,31,23,Hồ Chí Minh,Phường An Lạc,10.7381994,106.6148874,66,Moderate,1,26.0,86,0.0,10.4,138,1010.0,58,20.9,24.8,278.0,34.8,26.0,11.2
2026-04-01 00:00:00,2026,4,1,0,Hồ Chí Minh,Phường An Lạc,10.7381994,106.6148874,66,Moderate,1,25.8,87,0.0,10.6,140,1009.7,67,19.4,23.0,246.0,33.0,29.0,10.1
2026-04-01 01:00:00,2026,4,1,1,Hồ Chí Minh,Phường An Lạc,10.7381994,106.6148874,66,Moderate,1,25.4,91,0.0,9.4,133,1009.5,99,18.9,22.3,226.0,31.7,32.0,9.3
2026-04-01 02:00:00,2026,4,1,2,Hồ Chí Minh,Phường An Lạc,10.7381994,106.6148874,66,Moderate,1,25.2,92,0.0,9.1,131,1009.0,98,19.0,22.2,214.0,31.5,32.0,9.0
2026-04-01 03:00:00,2026,4,1,3,Hồ Chí Minh,Phường An Lạc,10.7381994,106.6148874,67,Moderate,1,25.0,92,0.0,7.8,132,1009.0,91,19.4,22.5,213.0,31.9,32.0,9.1
2026-04-01 04:00:00,2026,4,1,4,Hồ Chí Minh,Phường An Lạc,10.7381994,106.6148874,67,Moderate,1,24.8,92,0.0,6.5,129,1009.2,65,19.9,23.0,254.0,31.9,32.0,9.3
2026-04-01 05:00:00,2026,4,1,5,Hồ Chí Minh,Phường An Lạc,10.7381994,106.6148874,67,Moderate,1,24.6,93,0.0,5.1,122,1009.5,66,20.5,23.5,387.0,31.8,33.0,10.0
2026-04-01 06:00:00,2026,4,1,6,Hồ Chí Minh,Phường An Lạc,10.7381994,106.6148874,67,Moderate,1,24.5,92,0.0,5.3,102,1010.2,100,21.7,24.7,562.0,31.4,34.0,11.0
2026-04-01 07:00:00,2026,4,1,7,Hồ Chí Minh,Phường An Lạc,10.7381994,106.6148874,67,Moderate,1,25.8,86,0.0,7.0,116,1010.9,95,25.1,30.5,656.0,28.7,40.0,10.5
2026-04-01 08:00:00,2026,4,1,8,Hồ Chí Minh,Phường An Lạc,10.7381994,106.6148874,67,Moderate,1,27.6,74,0.0,8.2,122,1011.8,38,23.2,29.1,591.0,24.7,52.0,9.4
2026-04-01 09:00:00,2026,4,1,9,Hồ Chí Minh,Phường An Lạc,10.7381994,106.6148874,68,Moderate,1,29.5,62,0.0,8.4,125,1012.3,9,22.1,27.2,447.0,19.0,70.0,7.9
2026-04-01 10:00:00,2026,4,1,10,Hồ Chí Minh,Phường An Lạc,10.7381994,106.6148874,68,Moderate,1,31.5,53,0.0,7.8,127,1012.0,13,22.8,28.0,335.0,14.3,88.0,6.7
2026-04-01 11:00:00,2026,4,1,11,Hồ Chí Minh,Phường An Lạc,10.7381994,106.6148874,68,Moderate,1,33.2,46,0.0,8.0,130,1011.1,2,24.3,29.7,305.0,11.2,107.0,6.0
2026-04-01 12:00:00,2026,4,1,12,Hồ Chí Minh,Phường An Lạc,10.7381994,106.6148874,69,Moderate,1,34.6,40,0.0,8.8,136,1010.0,1,26.0,31.7,309.0,9.0,127.0,5.6
2026-04-01 13:00:00,2026,4,1,13,Hồ Chí Minh,Phường An Lạc,10.7381994,106.6148874,69,Moderate,1,34.5,41,0.0,8.8,152,1009.2,2,27.4,33.3,314.0,7.9,140.0,5.4
2026-04-01 14:00:00,2026,4,1,14,Hồ Chí Minh,Phường An Lạc,10.7381994,106.6148874,70,Moderate,1,34.9,39,0.1,9.5,143,1007.8,40,28.5,34.5,310.0,7.7,144.0,5.3
2026-04-01 15:00:00,2026,4,1,15,Hồ Chí Minh,Phường An Lạc,10.7381994,106.6148874,71,Moderate,1,34.8,39,0.0,9.3,144,1007.0,70,29.0,34.9,307.0,8.6,141.0,5.5
2026-04-01 16:00:00,2026,4,1,16,Hồ Chí Minh,Phường An Lạc,10.7381994,106.6148874,72,Moderate,1,33.0,47,0.0,15.1,160,1006.7,27,28.7,34.3,311.0,11.2,132.0,6.0
2026-04-01 17:00:00,2026,4,1,17,Hồ Chí Minh,Phường An Lạc,10.7381994,106.6148874,73,Moderate,1,30.8,53,0.0,15.4,162,1006.7,4,27.9,33.1,325.0,16.9,113.0,7.3
2026-04-01 18:00:00,2026,4,1,18,Hồ Chí Minh,Phường An Lạc,10.7381994,106.6148874,78,Moderate,1,28.8,60,0.0,17.1,146,1007.2,3,27.9,32.4,344.0,24.2,88.0,8.9
2026-04-01 19:00:00,2026,4,1,19,Hồ Chí Minh,Phường An Lạc,10.7381994,106.6148874,78,Moderate,1,27.6,71,0.0,14.0,145,1008.3,6,25.6,29.3,360.0,27.4,67.0,9.7
2026-04-01 20:00:00,2026,4,1,20,Hồ Chí Minh,Phường An Lạc,10.7381994,106.6148874,74,Moderate,1,27.0,77,0.0,13.3,147,1009.2,3,25.2,28.6,371.0,27.5,62.0,9.7
2026-04-01 21:00:00,2026,4,1,21,Hồ Chí Minh,Phường An Lạc,10.7381994,106.6148874,75,Moderate,1,26.6,81,0.0,12.3,143,1009.8,2,25.7,28.9,378.0,27.7,56.0,9.6
2026-04-01 22:00:00,2026,4,1,22,Hồ Chí Minh,Phường An Lạc,10.7381994,106.6148874,75,Moderate,1,26.5,82,0.0,10.7,136,1010.5,2,25.7,28.8,372.0,27.6,52.0,9.4
2026-04-01 23:00:00,2026,4,1,23,Hồ Chí Minh,Phường An Lạc,10.7381994,106.6148874,75,Moderate,1,26.4,82,0.0,9.7,137,1010.7,2,25.1,28.1,341.0,27.0,52.0,8.9
2026-04-02 00:00:00,2026,4,2,0,Hồ Chí Minh,Phường An Lạc,10.7381994,106.6148874,76,Moderate,1,26.1,83,0.0,9.9,135,1010.5,5,23.9,26.7,296.0,26.1,53.0,8.3
2026-04-02 01:00:00,2026,4,2,1,Hồ Chí Minh,Phường An Lạc,10.7381994,106.6148874,76,Moderate,1,26.1,84,0.0,10.6,140,1010.1,16,23.2,25.8,265.0,25.4,54.0,7.8
2026-04-02 02:00:00,2026,4,2,2,Hồ Chí Minh,Phường An Lạc,10.7381994,106.6148874,77,Moderate,1,25.9,85,0.0,9.4,145,1009.7,11,22.8,25.3,248.0,25.1,53.0,7.7
2026-04-02 03:00:00,2026,4,2,3,Hồ Chí Minh,Phường An Lạc,10.7381994,106.6148874,77,Moderate,1,25.7,86,0.0,8.1,151,1009.7,63,22.4,24.7,245.0,25.1,51.0,7.7
2026-04-02 04:00:00,2026,4,2,4,Hồ Chí Minh,Phường An Lạc,10.7381994,106.6148874,77,Moderate,1,25.5,87,0.0,6.4,148,1009.7,34,22.0,24.4,274.0,25.0,50.0,7.9
2026-04-02 05:00:00,2026,4,2,5,Hồ Chí Minh,Phường An Lạc,10.7381994,106.6148874,77,Moderate,1,25.3,88,0.0,6.3,141,1009.9,28,22.3,24.7,374.0,25.4,48.0,8.4
2026-04-02 06:00:00,2026,4,2,6,Hồ Chí Minh,Phường An Lạc,10.7381994,106.6148874,78,Moderate,1,25.1,89,0.0,6.2,134,1010.5,18,24.1,26.9,507.0,25.8,47.0,9.0
2026-04-02 07:00:00,2026,4,2,7,Hồ Chí Minh,Phường An Lạc,10.7381994,106.6148874,78,Moderate,1,26.5,81,0.0,4.7,137,1011.2,14,25.4,29.1,581.0,27.9,46.0,10.6
2026-04-02 08:00:00,2026,4,2,8,Hồ Chí Minh,Phường An Lạc,10.7381994,106.6148874,78,Moderate,1,28.5,69,0.0,9.8,131,1012.0,28,22.3,26.7,537.0,22.9,58.0,8.9
2026-04-02 09:00:00,2026,4,2,9,Hồ Chí Minh,Phường An Lạc,10.7381994,106.6148874,78,Moderate,1,30.4,59,0.0,9.9,122,1012.5,17,20.3,24.6,435.0,15.9,76.0,6.6
2026-04-02 10:00:00,2026,4,2,10,Hồ Chí Minh,Phường An Lạc,10.7381994,106.6148874,78,Moderate,1,32.0,51,0.0,10.2,116,1012.2,14,20.7,24.8,355.0,10.3,93.0,4.8
2026-04-02 11:00:00,2026,4,2,11,Hồ Chí Minh,Phường An Lạc,10.7381994,106.6148874,77,Moderate,1,33.6,44,0.0,9.5,117,1011.7,5,21.4,25.3,334.0,7.4,110.0,4.0
2026-04-02 12:00:00,2026,4,2,12,Hồ Chí Minh,Phường An Lạc,10.7381994,106.6148874,77,Moderate,1,35.3,37,0.0,11.6,111,1010.7,39,21.0,24.6,335.0,5.9,127.0,3.6
2026-04-02 13:00:00,2026,4,2,13,Hồ Chí Minh,Phường An Lạc,10.7381994,106.6148874,77,Moderate,1,34.9,37,0.0,11.5,110,1009.5,40,20.3,23.6,336.0,5.3,137.0,3.4
2026-04-02 14:00:00,2026,4,2,14,Hồ Chí Minh,Phường An Lạc,10.7381994,106.6148874,76,Moderate,1,35.2,36,0.0,12.6,119,1008.5,22,18.9,21.9,324.0,5.2,138.0,3.1
2026-04-02 15:00:00,2026,4,2,15,Hồ Chí Minh,Phường An Lạc,10.7381994,106.6148874,75,Moderate,1,34.6,37,0.0,14.2,125,1007.6,37,18.0,20.8,310.0,5.9,132.0,3.0
2026-04-02 16:00:00,2026,4,2,16,Hồ Chí Minh,Phường An Lạc,10.7381994,106.6148874,74,Moderate,1,32.3,49,0.0,17.3,155,1007.3,3,17.3,20.1,307.0,8.0,122.0,3.3
2026-04-02 17:00:00,2026,4,2,17,Hồ Chí Minh,Phường An Lạc,10.7381994,106.6148874,73,Moderate,1,31.0,53,0.0,18.4,153,1007.5,1,17.1,20.0,323.0,12.6,107.0,4.5
2026-04-02 18:00:00,2026,4,2,18,Hồ Chí Minh,Phường An Lạc,10.7381994,106.6148874,72,Moderate,1,29.0,60,0.0,15.4,137,1008.3,0,18.2,21.2,350.0,18.6,88.0,6.2
2026-04-02 19:00:00,2026,4,2,19,Hồ Chí Minh,Phường An Lạc,10.7381994,106.6148874,71,Moderate,1,28.2,69,0.0,14.2,140,1008.8,1,22.5,25.9,369.0,24.4,70.0,8.4
2026-04-02 20:00:00,2026,4,2,20,Hồ Chí Minh,Phường An Lạc,10.7381994,106.6148874,71,Moderate,1,27.4,73,0.0,14.0,133,1009.8,0,19.7,22.9,377.0,24.1,67.0,8.2
2026-04-02 21:00:00,2026,4,2,21,Hồ Chí Minh,Phường An Lạc,10.7381994,106.6148874,71,Moderate,1,27.0,80,0.0,13.0,131,1010.5,1,18.0,21.1,378.0,23.7,62.0,8.0
2026-04-02 22:00:00,2026,4,2,22,Hồ Chí Minh,Phường An Lạc,10.7381994,106.6148874,70,Moderate,1,26.8,81,0.0,13.4,129,1011.0,0,16.6,19.7,369.0,23.1,59.0,7.6
2026-04-02 23:00:00,2026,4,2,23,Hồ Chí Minh,Phường An Lạc,10.7381994,106.6148874,69,Moderate,1,26.5,77,0.0,13.4,131,1010.8,0,14.7,17.6,341.0,22.0,58.0,7.0
2026-04-03 00:00:00,2026,4,3,0,Hồ Chí Minh,Phường An Lạc,10.7381994,106.6148874,68,Moderate,1,26.3,76,0.0,13.1,133,1010.4,0,12.7,15.4,302.0,20.6,58.0,6.2
2026-04-03 01:00:00,2026,4,3,1,Hồ Chí Minh,Phường An Lạc,10.7381994,106.6148874,67,Moderate,1,26.0,76,0.0,10.2,134,1009.9,6,11.8,14.3,276.0,19.9,58.0,5.8
2026-04-03 02:00:00,2026,4,3,2,Hồ Chí Minh,Phường An Lạc,10.7381994,106.6148874,66,Moderate,1,25.7,77,0.0,8.3,138,1009.5,13,11.8,14.2,263.0,20.4,56.0,5.8
2026-04-03 03:00:00,2026,4,3,3,Hồ Chí Minh,Phường An Lạc,10.7381994,106.6148874,65,Moderate,1,25.4,79,0.0,6.9,127,1009.2,14,12.0,14.3,262.0,21.6,54.0,6.2
2026-04-03 04:00:00,2026,4,3,4,Hồ Chí Minh,Phường An Lạc,10.7381994,106.6148874,64,Moderate,1,25.1,81,0.0,6.4,106,1009.2,7,12.4,14.6,296.0,22.5,52.0,6.6
2026-04-03 05:00:00,2026,4,3,5,Hồ Chí Minh,Phường An Lạc,10.7381994,106.6148874,63,Moderate,1,25.0,81,0.0,6.9,104,1009.6,8,13.2,15.4,406.0,23.2,51.0,7.3
2026-04-03 06:00:00,2026,4,3,6,Hồ Chí Minh,Phường An Lạc,10.7381994,106.6148874,63,Moderate,1,24.9,81,0.0,8.1,111,1010.0,1,14.4,16.6,551.0,23.7,51.0,8.0
2026-04-03 07:00:00,2026,4,3,7,Hồ Chí Minh,Phường An Lạc,10.7381994,106.6148874,62,Moderate,1,26.4,76,0.0,8.6,106,1010.7,0,14.2,16.1,622.0,24.9,49.0,9.1
2026-04-03 08:00:00,2026,4,3,8,Hồ Chí Minh,Phường An Lạc,10.7381994,106.6148874,61,Moderate,1,28.4,63,0.0,13.4,121,1011.4,20,10.5,12.9,548.0,20.5,61.0,7.9
2026-04-03 09:00:00,2026,4,3,9,Hồ Chí Minh,Phường An Lạc,10.7381994,106.6148874,60,Moderate,1,30.1,55,0.0,12.4,129,1011.7,13,10.2,12.9,402.0,14.4,77.0,6.2
2026-04-03 10:00:00,2026,4,3,10,Hồ Chí Minh,Phường An Lạc,10.7381994,106.6148874,59,Moderate,1,31.8,47,0.0,11.4,131,1011.2,3,10.7,13.8,292.0,9.6,93.0,4.9
2026-04-03 11:00:00,2026,4,3,11,Hồ Chí Minh,Phường An Lạc,10.7381994,106.6148874,58,Moderate,1,33.2,42,0.0,11.0,132,1010.4,17,11.4,14.8,268.0,7.2,108.0,4.4
2026-04-03 12:00:00,2026,4,3,12,Hồ Chí Minh,Phường An Lạc,10.7381994,106.6148874,57,Moderate,1,34.5,38,0.0,10.2,122,1009.2,16,12.3,15.9,280.0,6.1,123.0,4.2
2026-04-03 13:00:00,2026,4,3,13,Hồ Chí Minh,Phường An Lạc,10.7381994,106.6148874,56,Moderate,1,33.7,40,0.0,8.8,129,1008.5,18,13.1,16.6,291.0,5.7,133.0,4.2
2026-04-03 14:00:00,2026,4,3,14,Hồ Chí Minh,Phường An Lạc,10.7381994,106.6148874,56,Moderate,1,34.8,36,0.0,9.0,143,1007.6,23,13.4,16.9,285.0,5.5,137.0,4.1
2026-04-03 15:00:00,2026,4,3,15,Hồ Chí Minh,Phường An Lạc,10.7381994,106.6148874,55,Moderate,1,34.8,35,0.0,9.5,144,1006.8,27,13.2,16.5,278.0,6.1,137.0,4.1
2026-04-03 16:00:00,2026,4,3,16,Hồ Chí Minh,Phường An Lạc,10.7381994,106.6148874,55,Moderate,1,33.9,38,0.0,12.4,156,1006.4,7,12.8,15.8,279.0,8.6,129.0,4.7
2026-04-03 17:00:00,2026,4,3,17,Hồ Chí Minh,Phường An Lạc,10.7381994,106.6148874,66,Moderate,1,31.7,46,0.0,15.6,158,1006.6,2,12.6,15.4,295.0,14.7,109.0,6.2
2026-04-03 18:00:00,2026,4,3,18,Hồ Chí Minh,Phường An Lạc,10.7381994,106.6148874,73,Moderate,1,29.3,56,0.0,16.3,152,1007.2,2,14.1,16.2,320.0,22.7,82.0,8.2
2026-04-03 19:00:00,2026,4,3,19,Hồ Chí Minh,Phường An Lạc,10.7381994,106.6148874,70,Moderate,1,28.4,60,0.0,15.0,159,1008.2,0,20.0,23.5,346.0,28.6,64.0,10.2
2026-04-03 20:00:00,2026,4,3,20,Hồ Chí Minh,Phường An Lạc,10.7381994,106.6148874,61,Moderate,1,27.5,66,0.0,13.9,156,1009.0,0,18.7,21.8,376.0,29.3,57.0,10.6
2026-04-03 21:00:00,2026,4,3,21,Hồ Chí Minh,Phường An Lạc,10.7381994,106.6148874,53,Moderate,1,26.9,70,0.0,13.3,153,1009.5,0,18.5,21.2,406.0,30.4,46.0,11.1
2026-04-03 22:00:00,2026,4,3,22,Hồ Chí Minh,Phường An Lạc,10.7381994,106.6148874,53,Moderate,1,26.4,74,0.0,11.5,153,1009.8,0,18.9,21.5,419.0,31.5,38.0,11.3
2026-04-03 23:00:00,2026,4,3,23,Hồ Chí Minh,Phường An Lạc,10.7381994,106.6148874,54,Moderate,1,26.0,76,0.0,9.8,149,1009.6,0,19.4,22.1,398.0,32.6,34.0,10.9
2026-04-04 00:00:00,2026,4,4,0,Hồ Chí Minh,Phường An Lạc,10.7381994,106.6148874,54,Moderate,1,25.6,79,0.0,9.0,142,1009.3,65,19.6,22.2,359.0,33.9,31.0,10.2
2026-04-04 01:00:00,2026,4,4,1,Hồ Chí Minh,Phường An Lạc,10.7381994,106.6148874,55,Moderate,1,25.3,84,0.0,7.4,148,1008.9,7,20.8,23.4,334.0,35.1,29.0,9.7
2026-04-04 02:00:00,2026,4,4,2,Hồ Chí Minh,Phường An Lạc,10.7381994,106.6148874,55,Moderate,1,25.0,86,0.0,6.6,171,1008.5,100,22.2,25.0,316.0,36.6,26.0,9.5
2026-04-04 03:00:00,2026,4,4,3,Hồ Chí Minh,Phường An Lạc,10.7381994,106.6148874,56,Moderate,1,24.5,88,0.0,5.1,197,1008.0,77,23.2,26.0,311.0,38.1,23.0,9.4
2026-04-04 04:00:00,2026,4,4,4,Hồ Chí Minh,Phường An Lạc,10.7381994,106.6148874,57,Moderate,1,24.0,91,0.0,4.3,213,1007.9,88,24.2,27.0,370.0,38.9,21.0,9.8
2026-04-04 05:00:00,2026,4,4,5,Hồ Chí Minh,Phường An Lạc,10.7381994,106.6148874,58,Moderate,1,23.5,94,0.0,1.9,236,1008.1,94,26.5,29.5,577.0,39.3,19.0,11.2
2026-04-04 06:00:00,2026,4,4,6,Hồ Chí Minh,Phường An Lạc,10.7381994,106.6148874,59,Moderate,1,23.2,96,0.0,1.2,309,1008.6,83,31.8,34.9,846.0,39.0,17.0,13.0
2026-04-04 07:00:00,2026,4,4,7,Hồ Chí Minh,Phường An Lạc,10.7381994,106.6148874,61,Moderate,1,24.9,90,0.0,1.8,307,1009.1,72,37.8,41.8,976.0,38.0,22.0,14.1
2026-04-04 08:00:00,2026,4,4,8,Hồ Chí Minh,Phường An Lạc,10.7381994,106.6148874,63,Moderate,1,27.6,75,0.0,1.7,198,1009.9,84,26.9,31.7,828.0,33.3,36.0,13.2
2026-04-04 09:00:00,2026,4,4,9,Hồ Chí Minh,Phường An Lạc,10.7381994,106.6148874,65,Moderate,1,29.7,63,0.0,4.7,180,1010.5,94,22.3,27.7,539.0,26.7,57.0,11.9
2026-04-04 10:00:00,2026,4,4,10,Hồ Chí Minh,Phường An Lạc,10.7381994,106.6148874,66,Moderate,1,31.5,52,0.0,5.4,194,1010.2,98,23.4,29.7,320.0,21.1,78.0,10.9
2026-04-04 11:00:00,2026,4,4,11,Hồ Chí Minh,Phường An Lạc,10.7381994,106.6148874,67,Moderate,1,33.2,45,0.0,6.3,211,1009.6,97,25.0,31.5,261.0,17.5,99.0,10.4
2026-04-04 12:00:00,2026,4,4,12,Hồ Chí Minh,Phường An Lạc,10.7381994,106.6148874,68,Moderate,1,34.2,41,0.0,7.6,218,1008.6,97,25.4,31.2,272.0,14.9,120.0,10.1
2026-04-04 13:00:00,2026,4,4,13,Hồ Chí Minh,Phường An Lạc,10.7381994,106.6148874,69,Moderate,1,34.5,39,0.0,9.0,223,1007.5,59,25.9,31.2,288.0,13.1,136.0,10.0
2026-04-04 14:00:00,2026,4,4,14,Hồ Chí Minh,Phường An Lạc,10.7381994,106.6148874,70,Moderate,1,35.3,35,0.0,9.0,215,1006.1,61,26.0,30.7,288.0,11.7,146.0,10.0
2026-04-04 15:00:00,2026,4,4,15,Hồ Chí Minh,Phường An Lạc,10.7381994,106.6148874,71,Moderate,1,35.4,35,0.0,9.4,210,1005.3,34,25.6,29.9,292.0,11.2,151.0,10.0
2026-04-04 16:00:00,2026,4,4,16,Hồ Chí Minh,Phường An Lạc,10.7381994,106.6148874,72,Moderate,1,35.0,36,0.0,9.4,210,1005.1,52,24.6,28.8,300.0,12.8,146.0,10.3
2026-04-04 17:00:00,2026,4,4,17,Hồ Chí Minh,Phường An Lạc,10.7381994,106.6148874,74,Moderate,1,34.1,40,0.0,9.4,181,1004.9,40,22.4,25.7,312.0,18.2,123.0,10.8
2026-04-04 18:00:00,2026,4,4,18,Hồ Chí Minh,Phường An Lạc,10.7381994,106.6148874,79,Moderate,1,30.6,61,0.0,13.8,144,1005.4,5,22.4,24.9,326.0,25.6,89.0,11.6
2026-04-04 19:00:00,2026,4,4,19,Hồ Chí Minh,Phường An Lạc,10.7381994,106.6148874,81,Moderate,1,28.8,71,0.0,13.1,157,1005.8,85,24.2,26.6,339.0,32.9,63.0,13.1
2026-04-04 20:00:00,2026,4,4,20,Hồ Chí Minh,Phường An Lạc,10.7381994,106.6148874,76,Moderate,1,28.5,73,0.0,11.2,156,1006.7,53,22.0,24.4,349.0,33.4,54.0,13.2
2026-04-04 21:00:00,2026,4,4,21,Hồ Chí Minh,Phường An Lạc,10.7381994,106.6148874,76,Moderate,1,27.8,75,0.0,10.7,168,1007.4,54,21.5,24.2,357.0,34.3,41.0,13.4
2026-04-04 22:00:00,2026,4,4,22,Hồ Chí Minh,Phường An Lạc,10.7381994,106.6148874,76,Moderate,1,27.2,79,0.0,9.8,172,1008.0,54,22.0,24.7,364.0,35.2,31.0,13.4
2026-04-04 23:00:00,2026,4,4,23,Hồ Chí Minh,Phường An Lạc,10.7381994,106.6148874,76,Moderate,1,26.8,81,0.0,8.8,168,1008.1,100,22.9,25.6,370.0,36.3,27.0,13.0
2026-04-05 00:00:00,2026,4,5,0,Hồ Chí Minh,Phường An Lạc,10.7381994,106.6148874,77,Moderate,1,26.4,83,0.0,8.5,176,1007.8,98,23.3,26.1,374.0,37.6,25.0,12.3
2026-04-05 01:00:00,2026,4,5,1,Hồ Chí Minh,Phường An Lạc,10.7381994,106.6148874,77,Moderate,1,25.9,88,0.0,7.8,184,1007.4,79,24.4,27.4,372.0,38.8,24.0,11.9
2026-04-05 02:00:00,2026,4,5,2,Hồ Chí Minh,Phường An Lạc,10.7381994,106.6148874,77,Moderate,1,25.5,91,0.0,7.2,179,1006.8,3,25.7,28.8,345.0,40.0,22.0,11.6
2026-04-05 03:00:00,2026,4,5,3,Hồ Chí Minh,Phường An Lạc,10.7381994,106.6148874,78,Moderate,1,25.2,93,0.0,6.7,174,1006.2,5,27.2,30.4,311.0,41.2,20.0,11.5
2026-04-05 04:00:00,2026,4,5,4,Hồ Chí Minh,Phường An Lạc,10.7381994,106.6148874,78,Moderate,1,24.9,95,0.0,5.6,197,1006.4,29,29.0,32.4,320.0,42.3,19.0,12.4
2026-04-05 05:00:00,2026,4,5,5,Hồ Chí Minh,Phường An Lạc,10.7381994,106.6148874,78,Moderate,1,24.8,95,0.0,5.6,209,1007.0,100,32.1,35.7,430.0,44.1,17.0,15.5
2026-04-05 06:00:00,2026,4,5,6,Hồ Chí Minh,Phường An Lạc,10.7381994,106.6148874,79,Moderate,1,24.8,96,0.0,4.4,212,1007.6,91,38.2,42.0,583.0,45.9,15.0,19.5
2026-04-05 07:00:00,2026,4,5,7,Hồ Chí Minh,Phường An Lạc,10.7381994,106.6148874,79,Moderate,1,25.9,90,0.0,2.8,215,1008.4,30,37.7,41.6,657.0,44.2,22.0,20.4
2026-04-05 08:00:00,2026,4,5,8,Hồ Chí Minh,Phường An Lạc,10.7381994,106.6148874,79,Moderate,1,28.5,75,0.0,7.0,192,1009.0,20,26.1,30.5,571.0,37.4,41.0,18.2
2026-04-05 09:00:00,2026,4,5,9,Hồ Chí Minh,Phường An Lạc,10.7381994,106.6148874,79,Moderate,1,30.6,62,0.0,6.8,191,1009.4,16,23.6,28.5,405.0,27.9,67.0,15.1
2026-04-05 10:00:00,2026,4,5,10,Hồ Chí Minh,Phường An Lạc,10.7381994,106.6148874,79,Moderate,1,32.4,53,0.0,6.7,182,1009.2,32,23.0,26.5,278.0,20.1,92.0,12.6
2026-04-05 11:00:00,2026,4,5,11,Hồ Chí Minh,Phường An Lạc,10.7381994,106.6148874,79,Moderate,1,34.0,47,0.0,6.8,192,1009.0,48,22.6,25.0,240.0,15.6,114.0,11.3
2026-04-05 12:00:00,2026,4,5,12,Hồ Chí Minh,Phường An Lạc,10.7381994,106.6148874,79,Moderate,1,35.3,41,0.0,8.1,208,1008.2,42,22.9,24.8,241.0,12.7,135.0,10.5
2026-04-05 13:00:00,2026,4,5,13,Hồ Chí Minh,Phường An Lạc,10.7381994,106.6148874,79,Moderate,1,35.0,42,0.0,8.7,210,1007.1,26,23.3,24.9,246.0,10.9,149.0,9.9
2026-04-05 14:00:00,2026,4,5,14,Hồ Chí Minh,Phường An Lạc,10.7381994,106.6148874,79,Moderate,1,35.8,40,0.0,9.9,205,1006.0,18,23.2,24.7,240.0,9.8,153.0,9.1
2026-04-05 15:00:00,2026,4,5,15,Hồ Chí Minh,Phường An Lạc,10.7381994,106.6148874,79,Moderate,1,35.7,40,0.0,10.9,197,1005.4,11,22.1,23.8,237.0,9.8,150.0,8.4
2026-04-05 16:00:00,2026,4,5,16,Hồ Chí Minh,Phường An Lạc,10.7381994,106.6148874,78,Moderate,1,35.2,41,0.0,11.0,174,1005.0,27,21.0,23.6,246.0,11.5,140.0,8.2
2026-04-05 17:00:00,2026,4,5,17,Hồ Chí Minh,Phường An Lạc,10.7381994,106.6148874,79,Moderate,1,32.8,52,0.0,14.3,149,1005.3,6,19.8,22.8,280.0,16.1,118.0,8.7
2026-04-05 18:00:00,2026,4,5,18,Hồ Chí Minh,Phường An Lạc,10.7381994,106.6148874,90,Moderate,1,30.2,64,0.0,13.6,144,1005.7,5,19.2,21.6,325.0,22.4,88.0,9.6
2026-04-05 19:00:00,2026,4,5,19,Hồ Chí Minh,Phường An Lạc,10.7381994,106.6148874,89,Moderate,1,28.9,70,0.0,13.4,141,1006.3,13,19.5,21.8,353.0,26.2,65.0,10.5
2026-04-05 20:00:00,2026,4,5,20,Hồ Chí Minh,Phường An Lạc,10.7381994,106.6148874,79,Moderate,1,27.9,75,0.0,13.3,144,1007.3,5,18.3,20.6,348.0,27.6,57.0,10.7
2026-04-05 21:00:00,2026,4,5,21,Hồ Chí Minh,Phường An Lạc,10.7381994,106.6148874,77,Moderate,1,27.4,80,0.0,12.4,150,1008.0,0,18.5,21.0,326.0,29.4,46.0,10.9
2026-04-05 22:00:00,2026,4,5,22,Hồ Chí Minh,Phường An Lạc,10.7381994,106.6148874,76,Moderate,1,26.9,82,0.0,11.5,163,1008.9,0,18.8,21.4,302.0,30.6,38.0,11.0
2026-04-05 23:00:00,2026,4,5,23,Hồ Chí Minh,Phường An Lạc,10.7381994,106.6148874,76,Moderate,1,26.5,84,0.0,10.9,172,1009.4,0,19.0,21.7,278.0,30.2,37.0,10.7
2026-04-06 00:00:00,2026,4,6,0,Hồ Chí Minh,Phường An Lạc,10.7381994,106.6148874,76,Moderate,1,26.3,84,0.0,10.7,167,1009.0,3,18.5,21.2,254.0,29.0,40.0,10.1
2026-04-06 01:00:00,2026,4,6,1,Hồ Chí Minh,Phường An Lạc,10.7381994,106.6148874,75,Moderate,1,25.8,88,0.0,8.5,174,1008.6,5,18.7,21.5,240.0,28.8,41.0,9.8
2026-04-06 02:00:00,2026,4,6,2,Hồ Chí Minh,Phường An Lạc,10.7381994,106.6148874,75,Moderate,1,25.8,88,0.0,8.3,167,1008.2,8,20.0,22.9,234.0,30.3,38.0,9.8
2026-04-06 03:00:00,2026,4,6,3,Hồ Chí Minh,Phường An Lạc,10.7381994,106.6148874,74,Moderate,1,25.5,90,0.0,7.9,164,1008.0,4,23.0,26.0,238.0,32.7,33.0,10.0
2026-04-06 04:00:00,2026,4,6,4,Hồ Chí Minh,Phường An Lạc,10.7381994,106.6148874,74,Moderate,1,25.1,92,0.0,7.5,160,1008.0,1,26.4,29.6,277.0,34.9,30.0,10.6
2026-04-06 05:00:00,2026,4,6,5,Hồ Chí Minh,Phường An Lạc,10.7381994,106.6148874,74,Moderate,1,24.9,93,0.0,7.5,165,1008.7,0,29.2,32.6,395.0,37.6,27.0,12.4
2026-04-06 06:00:00,2026,4,6,6,Hồ Chí Minh,Phường An Lạc,10.7381994,106.6148874,73,Moderate,1,24.8,93,0.0,6.7,161,1009.2,0,32.9,36.6,546.0,40.1,24.0,14.7
2026-04-06 07:00:00,2026,4,6,7,Hồ Chí Minh,Phường An Lạc,10.7381994,106.6148874,73,Moderate,1,26.3,87,0.0,6.0,164,1009.9,2,26.1,30.4,621.0,32.6,43.0,13.3
2026-04-06 08:00:00,2026,4,6,8,Hồ Chí Minh,Phường An Lạc,10.7381994,106.6148874,72,Moderate,1,28.8,70,0.0,10.1,168,1010.5,17,22.0,26.7,544.0,26.8,55.0,11.4
2026-04-06 09:00:00,2026,4,6,9,Hồ Chí Minh,Phường An Lạc,10.7381994,106.6148874,72,Moderate,1,30.9,59,0.0,10.4,163,1010.7,42,19.2,24.0,390.0,18.8,73.0,8.8
2026-04-06 10:00:00,2026,4,6,10,Hồ Chí Minh,Phường An Lạc,10.7381994,106.6148874,71,Moderate,1,32.5,52,0.0,8.1,174,1010.3,26,19.5,24.3,272.0,12.5,91.0,6.9
2026-04-06 11:00:00,2026,4,6,11,Hồ Chí Minh,Phường An Lạc,10.7381994,106.6148874,71,Moderate,1,34.2,48,0.0,7.8,185,1009.8,2,20.9,25.9,238.0,9.6,109.0,6.4
2026-04-06 12:00:00,2026,4,6,12,Hồ Chí Minh,Phường An Lạc,10.7381994,106.6148874,71,Moderate,1,35.6,43,0.0,8.7,188,1008.8,12,21.9,26.8,240.0,8.4,126.0,6.7
2026-04-06 13:00:00,2026,4,6,13,Hồ Chí Minh,Phường An Lạc,10.7381994,106.6148874,71,Moderate,1,35.8,39,0.0,9.7,195,1008.3,16,22.6,27.2,246.0,8.0,138.0,7.0
2026-04-06 14:00:00,2026,4,6,14,Hồ Chí Minh,Phường An Lạc,10.7381994,106.6148874,71,Moderate,1,36.5,35,0.0,10.1,190,1007.3,12,22.6,26.8,244.0,8.0,144.0,7.0
2026-04-06 15:00:00,2026,4,6,15,Hồ Chí Minh,Phường An Lạc,10.7381994,106.6148874,71,Moderate,1,36.2,37,0.0,10.3,177,1006.5,12,22.0,25.9,245.0,8.9,144.0,7.0
2026-04-06 16:00:00,2026,4,6,16,Hồ Chí Minh,Phường An Lạc,10.7381994,106.6148874,71,Moderate,1,35.3,41,0.0,12.3,153,1006.3,13,21.7,25.5,255.0,11.1,137.0,7.3
2026-04-06 17:00:00,2026,4,6,17,Hồ Chí Minh,Phường An Lạc,10.7381994,106.6148874,71,Moderate,1,32.2,55,0.0,17.4,137,1006.7,4,20.7,23.9,281.0,15.8,119.0,8.1
2026-04-06 18:00:00,2026,4,6,18,Hồ Chí Minh,Phường An Lạc,10.7381994,106.6148874,81,Moderate,1,29.8,63,0.0,15.6,144,1007.1,2,21.4,24.0,315.0,22.0,93.0,9.2
2026-04-06 19:00:00,2026,4,6,19,Hồ Chí Minh,Phường An Lạc,10.7381994,106.6148874,81,Moderate,1,29.5,68,0.0,13.3,148,1007.3,5,23.5,26.2,339.0,27.2,71.0,10.6
2026-04-06 20:00:00,2026,4,6,20,Hồ Chí Minh,Phường An Lạc,10.7381994,106.6148874,73,Moderate,1,28.5,73,0.0,13.7,147,1008.2,2,23.1,25.6,343.0,28.1,64.0,11.0
2026-04-06 21:00:00,2026,4,6,21,Hồ Chí Minh,Phường An Lạc,10.7381994,106.6148874,72,Moderate,1,28.0,76,0.0,12.4,161,1009.0,0,23.5,26.1,335.0,29.4,55.0,11.5
2026-04-06 22:00:00,2026,4,6,22,Hồ Chí Minh,Phường An Lạc,10.7381994,106.6148874,72,Moderate,1,27.5,78,0.0,11.6,161,1009.6,2,23.7,26.4,325.0,30.0,49.0,11.7
2026-04-06 23:00:00,2026,4,6,23,Hồ Chí Minh,Phường An Lạc,10.7381994,106.6148874,73,Moderate,1,27.1,80,0.0,12.1,185,1010.2,0,23.5,26.1,313.0,29.2,49.0,11.2
2026-04-07 00:00:00,2026,4,7,0,Hồ Chí Minh,Phường An Lạc,10.7381994,106.6148874,73,Moderate,1,26.8,82,0.0,11.2,182,1010.0,0,22.6,25.3,298.0,27.7,52.0,10.5
2026-04-07 01:00:00,2026,4,7,1,Hồ Chí Minh,Phường An Lạc,10.7381994,106.6148874,73,Moderate,1,26.4,87,0.0,10.0,194,1009.7,0,22.9,25.4,285.0,27.2,53.0,10.2
2026-04-07 02:00:00,2026,4,7,2,Hồ Chí Minh,Phường An Lạc,10.7381994,106.6148874,74,Moderate,1,26.1,87,0.0,10.1,199,1009.2,9,24.1,26.7,265.0,28.1,50.0,10.5
2026-04-07 03:00:00,2026,4,7,3,Hồ Chí Minh,Phường An Lạc,10.7381994,106.6148874,74,Moderate,1,26.0,89,0.0,9.4,203,1009.1,9,26.3,28.8,248.0,29.9,46.0,11.2
2026-04-07 04:00:00,2026,4,7,4,Hồ Chí Minh,Phường An Lạc,10.7381994,106.6148874,74,Moderate,1,25.7,90,0.0,7.8,206,1009.0,6,29.5,32.1,269.0,32.4,42.0,13.0
2026-04-07 05:00:00,2026,4,7,5,Hồ Chí Minh,Phường An Lạc,10.7381994,106.6148874,75,Moderate,1,25.4,93,0.0,6.5,208,1009.6,12,34.7,37.5,373.0,37.4,35.0,17.4
2026-04-07 06:00:00,2026,4,7,6,Hồ Chí Minh,Phường An Lạc,10.7381994,106.6148874,75,Moderate,1,25.1,94,0.0,4.7,220,1010.0,4,43.4,46.8,514.0,43.1,28.0,22.8
2026-04-07 07:00:00,2026,4,7,7,Hồ Chí Minh,Phường An Lạc,10.7381994,106.6148874,76,Moderate,1,26.6,86,0.0,5.9,215,1010.8,11,47.8,51.0,591.0,43.4,30.0,24.5
2026-04-07 08:00:00,2026,4,7,8,Hồ Chí Minh,Phường An Lạc,10.7381994,106.6148874,78,Moderate,1,28.6,74,0.0,6.9,221,1011.6,13,35.6,39.9,540.0,36.2,47.0,21.8
2026-04-07 09:00:00,2026,4,7,9,Hồ Chí Minh,Phường An Lạc,10.7381994,106.6148874,79,Moderate,1,30.6,62,0.0,5.5,216,1011.8,17,30.0,33.5,426.0,26.2,72.0,18.0
2026-04-07 10:00:00,2026,4,7,10,Hồ Chí Minh,Phường An Lạc,10.7381994,106.6148874,80,Moderate,1,32.4,53,0.0,4.6,206,1011.6,5,28.7,30.7,334.0,18.1,98.0,15.0
2026-04-07 11:00:00,2026,4,7,11,Hồ Chí Minh,Phường An Lạc,10.7381994,106.6148874,81,Moderate,1,34.2,44,0.0,5.6,202,1011.1,32,30.4,32.1,301.0,13.6,124.0,13.7
2026-04-07 12:00:00,2026,4,7,12,Hồ Chí Minh,Phường An Lạc,10.7381994,106.6148874,82,Moderate,1,35.7,37,0.0,7.1,199,1010.0,53,31.8,33.4,291.0,11.0,151.0,13.2
2026-04-07 13:00:00,2026,4,7,13,Hồ Chí Minh,Phường An Lạc,10.7381994,106.6148874,83,Moderate,1,35.7,37,0.0,7.2,207,1008.9,83,32.2,33.6,286.0,9.5,171.0,12.8
2026-04-07 14:00:00,2026,4,7,14,Hồ Chí Minh,Phường An Lạc,10.7381994,106.6148874,83,Moderate,1,36.7,32,0.0,8.5,198,1007.8,93,31.8,33.1,279.0,8.3,185.0,12.2
2026-04-07 15:00:00,2026,4,7,15,Hồ Chí Minh,Phường An Lạc,10.7381994,106.6148874,84,Moderate,1,36.4,32,0.0,9.9,190,1006.9,96,31.2,32.5,277.0,8.2,192.0,11.8
2026-04-07 16:00:00,2026,4,7,16,Hồ Chí Minh,Phường An Lạc,10.7381994,106.6148874,88,Moderate,1,36.2,31,0.0,10.6,191,1006.4,98,30.5,31.7,284.0,10.4,186.0,11.5
2026-04-07 17:00:00,2026,4,7,17,Hồ Chí Minh,Phường An Lạc,10.7381994,106.6148874,117,Unhealthy for Sensitive Groups,2,35.5,31,0.0,12.7,191,1006.6,97,28.5,29.7,310.0,16.7,156.0,11.6
2026-04-07 18:00:00,2026,4,7,18,Hồ Chí Minh,Phường An Lạc,10.7381994,106.6148874,135,Unhealthy for Sensitive Groups,2,33.3,37,0.0,14.1,166,1007.0,59,27.9,29.0,344.0,25.3,112.0,11.8
2026-04-07 19:00:00,2026,4,7,19,Hồ Chí Minh,Phường An Lạc,10.7381994,106.6148874,138,Unhealthy for Sensitive Groups,2,29.7,71,0.0,13.8,149,1007.3,9,38.1,39.2,367.0,36.8,86.0,15.0
2026-04-07 20:00:00,2026,4,7,20,Hồ Chí Minh,Phường An Lạc,10.7381994,106.6148874,130,Unhealthy for Sensitive Groups,2,28.6,76,0.0,11.4,161,1008.0,1,34.7,36.2,366.0,36.0,75.0,14.8
2026-04-07 21:00:00,2026,4,7,21,Hồ Chí Minh,Phường An Lạc,10.7381994,106.6148874,114,Unhealthy for Sensitive Groups,2,28.4,77,0.0,10.5,158,1008.2,3,31.5,33.6,352.0,34.8,59.0,14.4
2026-04-07 22:00:00,2026,4,7,22,Hồ Chí Minh,Phường An Lạc,10.7381994,106.6148874,90,Moderate,1,27.8,79,0.0,11.6,175,1008.8,19,29.7,31.7,338.0,33.6,48.0,13.9
2026-04-07 23:00:00,2026,4,7,23,Hồ Chí Minh,Phường An Lạc,10.7381994,106.6148874,91,Moderate,1,27.1,83,0.0,11.1,173,1009.0,57,27.7,29.7,329.0,32.2,45.0,12.9
2026-04-08 00:00:00,2026,4,8,0,Hồ Chí Minh,Phường An Lạc,10.7381994,106.6148874,91,Moderate,1,26.7,86,0.0,10.6,181,1008.8,97,25.6,27.6,320.0,30.6,45.0,11.6
2026-04-08 01:00:00,2026,4,8,1,Hồ Chí Minh,Phường An Lạc,10.7381994,106.6148874,91,Moderate,1,26.5,91,0.0,9.1,187,1008.5,100,24.5,26.7,311.0,29.6,46.0,10.9
2026-04-08 02:00:00,2026,4,8,2,Hồ Chí Minh,Phường An Lạc,10.7381994,106.6148874,92,Moderate,1,26.4,92,0.0,9.4,192,1008.4,100,24.3,26.5,288.0,29.3,45.0,10.9
2026-04-08 03:00:00,2026,4,8,3,Hồ Chí Minh,Phường An Lạc,10.7381994,106.6148874,92,Moderate,1,26.2,94,0.0,8.9,193,1008.4,100,24.9,27.1,265.0,29.6,43.0,11.3
2026-04-08 04:00:00,2026,4,8,4,Hồ Chí Minh,Phường An Lạc,10.7381994,106.6148874,91,Moderate,1,26.6,91,0.1,9.0,193,1008.7,100,26.1,28.2,285.0,30.3,42.0,12.4
2026-04-08 05:00:00,2026,4,8,5,Hồ Chí Minh,Phường An Lạc,10.7381994,106.6148874,91,Moderate,1,26.9,90,0.1,8.2,194,1009.3,38,28.5,30.6,399.0,32.4,39.0,14.8
2026-04-08 06:00:00,2026,4,8,6,Hồ Chí Minh,Phường An Lạc,10.7381994,106.6148874,91,Moderate,1,26.5,92,0.0,4.7,198,1009.6,5,32.8,35.4,556.0,35.0,36.0,17.8
2026-04-08 07:00:00,2026,4,8,7,Hồ Chí Minh,Phường An Lạc,10.7381994,106.6148874,90,Moderate,1,27.4,88,0.0,4.0,212,1010.1,50,32.0,34.5,641.0,35.5,38.0,17.7
2026-04-08 08:00:00,2026,4,8,8,Hồ Chí Minh,Phường An Lạc,10.7381994,106.6148874,88,Moderate,1,29.1,77,0.0,3.6,180,1010.9,16,29.3,31.5,581.0,30.9,52.0,16.2
2026-04-08 09:00:00,2026,4,8,9,Hồ Chí Minh,Phường An Lạc,10.7381994,106.6148874,88,Moderate,1,31.5,63,0.0,5.1,176,1011.5,7,28.1,30.0,448.0,24.4,73.0,14.1
2026-04-08 10:00:00,2026,4,8,10,Hồ Chí Minh,Phường An Lạc,10.7381994,106.6148874,87,Moderate,1,33.4,52,0.0,6.2,172,1011.1,16,28.4,30.3,346.0,18.7,94.0,12.2
2026-04-08 11:00:00,2026,4,8,11,Hồ Chí Minh,Phường An Lạc,10.7381994,106.6148874,87,Moderate,1,34.7,46,0.0,5.8,164,1010.9,26,29.6,31.4,317.0,14.5,118.0,10.5
2026-04-08 12:00:00,2026,4,8,12,Hồ Chí Minh,Phường An Lạc,10.7381994,106.6148874,87,Moderate,1,35.8,42,0.0,5.6,165,1009.8,24,29.9,31.7,318.0,11.1,144.0,9.0
2026-04-08 13:00:00,2026,4,8,13,Hồ Chí Minh,Phường An Lạc,10.7381994,106.6148874,87,Moderate,1,35.8,42,0.0,6.4,172,1008.8,24,29.3,31.2,321.0,9.1,160.0,7.9
2026-04-08 14:00:00,2026,4,8,14,Hồ Chí Minh,Phường An Lạc,10.7381994,106.6148874,87,Moderate,1,36.3,40,0.0,6.9,173,1007.7,27,28.4,30.2,315.0,8.7,162.0,7.3
2026-04-08 15:00:00,2026,4,8,15,Hồ Chí Minh,Phường An Lạc,10.7381994,106.6148874,87,Moderate,1,36.5,38,0.0,7.2,166,1006.7,19,27.5,29.2,310.0,9.7,154.0,7.1
2026-04-08 16:00:00,2026,4,8,16,Hồ Chí Minh,Phường An Lạc,10.7381994,106.6148874,86,Moderate,1,35.2,42,0.0,11.0,148,1006.7,45,26.1,27.7,310.0,11.9,141.0,7.3
2026-04-08 17:00:00,2026,4,8,17,Hồ Chí Minh,Phường An Lạc,10.7381994,106.6148874,89,Moderate,1,32.5,58,0.2,15.2,145,1007.4,17,24.9,26.4,318.0,16.2,120.0,8.0
2026-04-08 18:00:00,2026,4,8,18,Hồ Chí Minh,Phường An Lạc,10.7381994,106.6148874,99,Moderate,1,30.8,65,0.0,14.6,148,1008.0,8,24.7,26.2,329.0,21.8,94.0,9.2
2026-04-08 19:00:00,2026,4,8,19,Hồ Chí Minh,Phường An Lạc,10.7381994,106.6148874,99,Moderate,1,30.3,71,0.0,15.9,145,1008.3,9,28.5,30.0,336.0,27.2,70.0,10.7
2026-04-08 20:00:00,2026,4,8,20,Hồ Chí Minh,Phường An Lạc,10.7381994,106.6148874,89,Moderate,1,29.0,75,0.0,15.7,152,1008.8,5,26.0,27.5,336.0,26.9,65.0,10.4
2026-04-08 21:00:00,2026,4,8,21,Hồ Chí Minh,Phường An Lạc,10.7381994,106.6148874,84,Moderate,1,28.5,79,0.0,14.6,148,1009.3,0,24.0,25.6,330.0,26.3,57.0,9.9
2026-04-08 22:00:00,2026,4,8,22,Hồ Chí Minh,Phường An Lạc,10.7381994,106.6148874,83,Moderate,1,28.0,84,0.0,13.8,144,1009.9,2,23.5,25.0,318.0,25.6,53.0,9.4
2026-04-08 23:00:00,2026,4,8,23,Hồ Chí Minh,Phường An Lạc,10.7381994,106.6148874,83,Moderate,1,27.8,85,0.0,12.0,147,1010.4,5,23.0,24.7,292.0,24.4,54.0,8.8
2026-04-09 00:00:00,2026,4,9,0,Hồ Chí Minh,Phường An Lạc,10.7381994,106.6148874,82,Moderate,1,27.4,86,0.0,11.0,150,1010.0,20,21.9,23.8,259.0,23.1,59.0,8.1
2026-04-09 01:00:00,2026,4,9,1,Hồ Chí Minh,Phường An Lạc,10.7381994,106.6148874,82,Moderate,1,27.1,88,0.0,10.3,151,1009.3,88,22.0,24.1,235.0,22.2,62.0,7.6
2026-04-09 02:00:00,2026,4,9,2,Hồ Chí Minh,Phường An Lạc,10.7381994,106.6148874,82,Moderate,1,26.9,88,0.0,10.5,143,1009.0,38,21.4,23.7,216.0,22.3,63.0,7.5
2026-04-09 03:00:00,2026,4,9,3,Hồ Chí Minh,Phường An Lạc,10.7381994,106.6148874,81,Moderate,1,26.7,90,0.0,10.9,142,1008.8,33,21.4,23.6,206.0,22.8,63.0,7.6
2026-04-09 04:00:00,2026,4,9,4,Hồ Chí Minh,Phường An Lạc,10.7381994,106.6148874,81,Moderate,1,26.5,91,0.0,10.3,144,1008.7,13,21.2,23.3,235.0,23.5,63.0,7.9
2026-04-09 05:00:00,2026,4,9,5,Hồ Chí Minh,Phường An Lạc,10.7381994,106.6148874,81,Moderate,1,26.2,92,0.0,8.8,149,1009.5,27,21.5,23.7,352.0,24.7,62.0,8.6
2026-04-09 06:00:00,2026,4,9,6,Hồ Chí Minh,Phường An Lạc,10.7381994,106.6148874,80,Moderate,1,26.1,92,0.0,6.6,147,1010.3,30,22.9,25.6,508.0,26.0,61.0,9.4
2026-04-09 07:00:00,2026,4,9,7,Hồ Chí Minh,Phường An Lạc,10.7381994,106.6148874,79,Moderate,1,27.7,83,0.0,9.4,132,1011.0,33,21.1,24.3,588.0,23.8,67.0,8.9
2026-04-09 08:00:00,2026,4,9,8,Hồ Chí Minh,Phường An Lạc,10.7381994,106.6148874,78,Moderate,1,29.2,73,0.0,9.6,131,1011.8,22,20.7,23.5,517.0,20.5,78.0,8.0
2026-04-09 09:00:00,2026,4,9,9,Hồ Chí Minh,Phường An Lạc,10.7381994,106.6148874,77,Moderate,1,31.0,61,0.0,10.8,134,1012.2,19,19.0,20.8,370.0,16.0,93.0,6.8
2026-04-09 10:00:00,2026,4,9,10,Hồ Chí Minh,Phường An Lạc,10.7381994,106.6148874,76,Moderate,1,32.5,52,0.0,11.8,142,1011.8,7,18.2,19.8,255.0,12.1,109.0,5.9
2026-04-09 11:00:00,2026,4,9,11,Hồ Chí Minh,Phường An Lạc,10.7381994,106.6148874,76,Moderate,1,34.0,46,0.0,12.2,152,1011.5,2,17.8,19.3,218.0,9.5,126.0,5.6
2026-04-09 12:00:00,2026,4,9,12,Hồ Chí Minh,Phường An Lạc,10.7381994,106.6148874,75,Moderate,1,34.9,40,0.0,11.9,157,1010.7,1,17.8,19.1,215.0,7.7,143.0,5.7
2026-04-09 13:00:00,2026,4,9,13,Hồ Chí Minh,Phường An Lạc,10.7381994,106.6148874,73,Moderate,1,34.9,42,0.0,9.4,154,1010.0,44,17.6,18.8,217.0,6.8,153.0,5.8
2026-04-09 14:00:00,2026,4,9,14,Hồ Chí Minh,Phường An Lạc,10.7381994,106.6148874,72,Moderate,1,34.8,40,0.0,10.8,159,1009.0,64,17.2,18.4,217.0,6.7,154.0,5.8
2026-04-09 15:00:00,2026,4,9,15,Hồ Chí Minh,Phường An Lạc,10.7381994,106.6148874,71,Moderate,1,34.0,41,0.0,13.8,159,1008.4,10,16.7,17.8,224.0,7.5,149.0,5.8
2026-04-09 16:00:00,2026,4,9,16,Hồ Chí Minh,Phường An Lạc,10.7381994,106.6148874,80,Moderate,1,33.1,43,0.0,13.6,157,1008.1,1,16.4,17.5,236.0,10.0,137.0,6.2
2026-04-09 17:00:00,2026,4,9,17,Hồ Chí Minh,Phường An Lạc,10.7381994,106.6148874,93,Moderate,1,31.6,49,0.0,14.5,155,1008.1,2,16.7,18.0,256.0,15.5,115.0,7.2
2026-04-09 18:00:00,2026,4,9,18,Hồ Chí Minh,Phường An Lạc,10.7381994,106.6148874,98,Moderate,1,29.8,56,0.0,14.9,142,1008.4,1,18.2,19.5,281.0,22.8,88.0,8.6
2026-04-09 19:00:00,2026,4,9,19,Hồ Chí Minh,Phường An Lạc,10.7381994,106.6148874,93,Moderate,1,28.7,66,0.0,15.0,137,1009.1,0,21.4,23.1,300.0,26.5,67.0,9.6
2026-04-09 20:00:00,2026,4,9,20,Hồ Chí Minh,Phường An Lạc,10.7381994,106.6148874,81,Moderate,1,27.9,73,0.0,13.6,148,1009.8,0,21.5,23.2,308.0,29.1,59.0,10.3
2026-04-09 21:00:00,2026,4,9,21,Hồ Chí Minh,Phường An Lạc,10.7381994,106.6148874,67,Moderate,1,27.4,78,0.0,12.2,147,1010.5,0,22.6,24.6,310.0,32.6,47.0,11.3
2026-04-09 22:00:00,2026,4,9,22,Hồ Chí Minh,Phường An Lạc,10.7381994,106.6148874,67,Moderate,1,27.0,81,0.0,10.3,149,1011.1,0,24.3,26.3,309.0,35.1,39.0,11.9
2026-04-09 23:00:00,2026,4,9,23,Hồ Chí Minh,Phường An Lạc,10.7381994,106.6148874,67,Moderate,1,26.7,83,0.0,9.4,142,1011.2,0,24.4,26.5,306.0,35.3,37.0,11.6
2026-04-10 00:00:00,2026,4,10,0,Hồ Chí Minh,Phường An Lạc,10.7381994,106.6148874,67,Moderate,1,26.4,85,0.0,9.0,158,1011.3,2,22.8,24.9,299.0,34.4,38.0,10.9
2026-04-10 01:00:00,2026,4,10,1,Hồ Chí Minh,Phường An Lạc,10.7381994,106.6148874,67,Moderate,1,26.0,88,0.0,6.5,177,1010.7,0,22.1,24.3,293.0,34.0,38.0,10.4
2026-04-10 02:00:00,2026,4,10,2,Hồ Chí Minh,Phường An Lạc,10.7381994,106.6148874,67,Moderate,1,25.8,88,0.0,6.2,188,1010.5,4,22.3,24.4,275.0,34.7,36.0,10.4
2026-04-10 03:00:00,2026,4,10,3,Hồ Chí Minh,Phường An Lạc,10.7381994,106.6148874,68,Moderate,1,25.5,90,0.0,6.0,175,1010.0,2,23.1,25.2,257.0,35.9,33.0,10.7
2026-04-10 04:00:00,2026,4,10,4,Hồ Chí Minh,Phường An Lạc,10.7381994,106.6148874,68,Moderate,1,25.2,90,0.0,6.1,175,1010.1,0,24.3,26.7,274.0,36.9,31.0,11.4
2026-04-10 05:00:00,2026,4,10,5,Hồ Chí Minh,Phường An Lạc,10.7381994,106.6148874,68,Moderate,1,25.0,91,0.0,6.7,166,1010.5,0,26.1,28.5,373.0,38.2,29.0,13.2
2026-04-10 06:00:00,2026,4,10,6,Hồ Chí Minh,Phường An Lạc,10.7381994,106.6148874,68,Moderate,1,25.0,91,0.0,7.3,164,1011.3,0,28.5,31.0,507.0,39.3,28.0,15.4
2026-04-10 07:00:00,2026,4,10,7,Hồ Chí Minh,Phường An Lạc,10.7381994,106.6148874,69,Moderate,1,26.9,81,0.0,5.1,163,1011.6,1,28.5,31.1,574.0,39.2,33.0,16.8
2026-04-10 08:00:00,2026,4,10,8,Hồ Chí Minh,Phường An Lạc,10.7381994,106.6148874,70,Moderate,1,29.2,67,0.0,7.9,164,1012.3,10,20.5,23.8,505.0,33.5,48.0,14.9
2026-04-10 09:00:00,2026,4,10,9,Hồ Chí Minh,Phường An Lạc,10.7381994,106.6148874,70,Moderate,1,31.3,56,0.0,7.7,164,1012.7,50,19.5,22.5,369.0,25.5,69.0,12.2
2026-04-10 10:00:00,2026,4,10,10,Hồ Chí Minh,Phường An Lạc,10.7381994,106.6148874,70,Moderate,1,32.7,51,0.0,6.8,163,1012.3,56,20.5,22.2,272.0,19.4,88.0,10.1
2026-04-10 11:00:00,2026,4,10,11,Hồ Chí Minh,Phường An Lạc,10.7381994,106.6148874,70,Moderate,1,34.1,46,0.0,3.4,155,1011.7,48,22.1,23.5,264.0,16.8,104.0,9.0
2026-04-10 12:00:00,2026,4,10,12,Hồ Chí Minh,Phường An Lạc,10.7381994,106.6148874,70,Moderate,1,35.1,42,0.0,2.1,128,1010.9,64,23.9,25.3,295.0,16.0,120.0,8.4
2026-04-10 13:00:00,2026,4,10,13,Hồ Chí Minh,Phường An Lạc,10.7381994,106.6148874,71,Moderate,1,34.2,45,0.0,3.6,127,1009.7,91,25.5,26.9,314.0,15.8,131.0,8.1
2026-04-10 14:00:00,2026,4,10,14,Hồ Chí Minh,Phường An Lạc,10.7381994,106.6148874,71,Moderate,1,35.8,41,0.0,4.2,160,1008.5,95,25.4,26.8,298.0,15.4,140.0,8.2
2026-04-10 15:00:00,2026,4,10,15,Hồ Chí Minh,Phường An Lạc,10.7381994,106.6148874,72,Moderate,1,35.8,41,0.0,5.8,178,1007.4,95,25.0,26.3,270.0,15.5,145.0,8.7
2026-04-10 16:00:00,2026,4,10,16,Hồ Chí Minh,Phường An Lạc,10.7381994,106.6148874,73,Moderate,1,34.8,44,0.1,7.5,170,1006.8,45,24.3,25.8,256.0,17.2,141.0,9.3
2026-04-10 17:00:00,2026,4,10,17,Hồ Chí Minh,Phường An Lạc,10.7381994,106.6148874,74,Moderate,1,33.2,50,0.1,11.0,155,1007.1,22,23.5,25.8,271.0,21.6,122.0,10.2
2026-04-10 18:00:00,2026,4,10,18,Hồ Chí Minh,Phường An Lạc,10.7381994,106.6148874,77,Moderate,1,30.8,59,0.0,14.6,140,1007.5,5,23.3,25.4,299.0,27.5,93.0,11.4
2026-04-10 19:00:00,2026,4,10,19,Hồ Chí Minh,Phường An Lạc,10.7381994,106.6148874,78,Moderate,1,30.0,65,0.0,14.0,144,1008.0,4,28.1,30.0,318.0,32.5,75.0,12.9
2026-04-10 20:00:00,2026,4,10,20,Hồ Chí Minh,Phường An Lạc,10.7381994,106.6148874,75,Moderate,1,28.8,70,0.0,11.8,147,1008.7,4,24.4,26.1,316.0,33.1,64.0,13.0
2026-04-10 21:00:00,2026,4,10,21,Hồ Chí Minh,Phường An Lạc,10.7381994,106.6148874,75,Moderate,1,28.2,74,0.0,10.8,154,1009.6,2,21.2,22.7,304.0,33.8,48.0,13.0
2026-04-10 22:00:00,2026,4,10,22,Hồ Chí Minh,Phường An Lạc,10.7381994,106.6148874,75,Moderate,1,27.9,76,0.0,10.5,161,1009.9,0,20.0,21.5,293.0,34.0,37.0,12.8
2026-04-10 23:00:00,2026,4,10,23,Hồ Chí Minh,Phường An Lạc,10.7381994,106.6148874,75,Moderate,1,27.4,78,0.0,10.0,162,1010.0,0,19.3,21.0,287.0,33.0,34.0,12.1
2026-04-11 00:00:00,2026,4,11,0,Hồ Chí Minh,Phường An Lạc,10.7381994,106.6148874,74,Moderate,1,27.0,81,0.0,8.0,160,1009.8,0,17.8,19.4,282.0,31.4,36.0,11.1
2026-04-11 01:00:00,2026,4,11,1,Hồ Chí Minh,Phường An Lạc,10.7381994,106.6148874,74,Moderate,1,26.5,85,0.0,7.0,192,1009.5,0,17.3,19.1,282.0,30.7,37.0,10.5
2026-04-11 02:00:00,2026,4,11,2,Hồ Chí Minh,Phường An Lạc,10.7381994,106.6148874,74,Moderate,1,26.3,86,0.0,6.5,182,1008.7,0,18.2,20.0,282.0,31.7,35.0,10.4
2026-04-11 03:00:00,2026,4,11,3,Hồ Chí Minh,Phường An Lạc,10.7381994,106.6148874,73,Moderate,1,26.0,87,0.0,7.7,201,1008.6,100,19.8,21.7,286.0,33.6,32.0,10.6
2026-04-11 04:00:00,2026,4,11,4,Hồ Chí Minh,Phường An Lạc,10.7381994,106.6148874,73,Moderate,1,26.0,87,0.0,7.4,183,1008.7,95,21.7,23.6,312.0,35.1,30.0,11.6
2026-04-11 05:00:00,2026,4,11,5,Hồ Chí Minh,Phường An Lạc,10.7381994,106.6148874,73,Moderate,1,25.9,88,0.0,7.3,170,1009.3,69,24.4,26.4,389.0,36.5,29.0,14.2
2026-04-11 06:00:00,2026,4,11,6,Hồ Chí Minh,Phường An Lạc,10.7381994,106.6148874,73,Moderate,1,25.6,90,0.0,5.5,169,1010.1,2,29.2,31.3,488.0,37.5,30.0,17.6
2026-04-11 07:00:00,2026,4,11,7,Hồ Chí Minh,Phường An Lạc,10.7381994,106.6148874,73,Moderate,1,26.9,83,0.0,5.8,176,1010.8,13,28.2,31.0,534.0,36.1,36.0,18.5
2026-04-11 08:00:00,2026,4,11,8,Hồ Chí Minh,Phường An Lạc,10.7381994,106.6148874,73,Moderate,1,29.0,71,0.1,10.1,199,1011.4,27,22.8,26.1,477.0,30.8,52.0,17.0
2026-04-11 09:00:00,2026,4,11,9,Hồ Chí Minh,Phường An Lạc,10.7381994,106.6148874,73,Moderate,1,30.9,60,0.1,8.5,205,1011.8,26,23.3,27.1,367.0,23.3,75.0,14.9
2026-04-11 10:00:00,2026,4,11,10,Hồ Chí Minh,Phường An Lạc,10.7381994,106.6148874,73,Moderate,1,32.6,53,0.1,7.4,202,1011.4,55,24.8,27.3,286.0,17.1,100.0,13.1
2026-04-11 11:00:00,2026,4,11,11,Hồ Chí Minh,Phường An Lạc,10.7381994,106.6148874,74,Moderate,1,34.0,47,0.0,6.7,188,1010.7,24,27.2,28.5,269.0,13.2,129.0,12.0
2026-04-11 12:00:00,2026,4,11,12,Hồ Chí Minh,Phường An Lạc,10.7381994,106.6148874,74,Moderate,1,35.1,43,0.0,6.5,178,1009.8,27,30.3,31.7,280.0,10.6,160.0,11.1
2026-04-11 13:00:00,2026,4,11,13,Hồ Chí Minh,Phường An Lạc,10.7381994,106.6148874,75,Moderate,1,34.7,45,0.0,4.8,214,1008.7,29,32.2,33.6,292.0,9.2,179.0,10.4
2026-04-11 14:00:00,2026,4,11,14,Hồ Chí Minh,Phường An Lạc,10.7381994,106.6148874,75,Moderate,1,35.8,41,0.0,5.2,207,1007.2,37,32.6,34.0,298.0,9.0,182.0,9.6
2026-04-11 15:00:00,2026,4,11,15,Hồ Chí Minh,Phường An Lạc,10.7381994,106.6148874,76,Moderate,1,36.0,39,0.0,6.1,185,1006.4,31,30.6,31.9,305.0,10.0,173.0,8.9
2026-04-11 16:00:00,2026,4,11,16,Hồ Chí Minh,Phường An Lạc,10.7381994,106.6148874,90,Moderate,1,34.8,42,0.2,10.6,157,1005.9,27,28.2,29.6,311.0,12.2,158.0,8.5
2026-04-11 17:00:00,2026,4,11,17,Hồ Chí Minh,Phường An Lạc,10.7381994,106.6148874,112,Unhealthy for Sensitive Groups,2,32.5,54,0.1,14.2,144,1005.8,13,23.7,25.8,314.0,16.3,133.0,8.7
2026-04-11 18:00:00,2026,4,11,18,Hồ Chí Minh,Phường An Lạc,10.7381994,106.6148874,125,Unhealthy for Sensitive Groups,2,30.6,63,0.0,15.2,139,1006.8,13,22.1,24.6,316.0,21.6,100.0,9.3
2026-04-11 19:00:00,2026,4,11,19,Hồ Chí Minh,Phường An Lạc,10.7381994,106.6148874,125,Unhealthy for Sensitive Groups,2,29.5,68,0.0,15.2,153,1007.3,7,25.9,28.3,314.0,28.6,73.0,11.1
2026-04-11 20:00:00,2026,4,11,20,Hồ Chí Minh,Phường An Lạc,10.7381994,106.6148874,113,Unhealthy for Sensitive Groups,2,29.0,71,0.0,13.0,154,1008.1,0,23.5,25.4,307.0,29.6,63.0,11.2
2026-04-11 21:00:00,2026,4,11,21,Hồ Chí Minh,Phường An Lạc,10.7381994,106.6148874,92,Moderate,1,28.4,74,0.0,11.6,161,1008.5,0,21.8,23.7,297.0,31.1,48.0,11.4
2026-04-11 22:00:00,2026,4,11,22,Hồ Chí Minh,Phường An Lạc,10.7381994,106.6148874,76,Moderate,1,27.9,77,0.0,11.4,191,1008.9,4,21.7,23.9,288.0,32.2,38.0,11.6
2026-04-11 23:00:00,2026,4,11,23,Hồ Chí Minh,Phường An Lạc,10.7381994,106.6148874,76,Moderate,1,27.7,76,0.0,9.8,188,1009.0,3,21.8,23.9,281.0,32.6,36.0,11.7
2026-04-12 00:00:00,2026,4,12,0,Hồ Chí Minh,Phường An Lạc,10.7381994,106.6148874,77,Moderate,1,27.2,76,0.0,8.1,185,1008.7,0,21.5,23.6,276.0,32.6,37.0,11.9
2026-04-12 01:00:00,2026,4,12,1,Hồ Chí Minh,Phường An Lạc,10.7381994,106.6148874,77,Moderate,1,26.8,82,0.0,6.3,177,1008.0,5,22.2,24.3,275.0,33.2,37.0,12.2
2026-04-12 02:00:00,2026,4,12,2,Hồ Chí Minh,Phường An Lạc,10.7381994,106.6148874,77,Moderate,1,26.5,84,0.0,5.1,172,1007.5,8,23.7,25.8,271.0,34.8,34.0,12.6
2026-04-12 03:00:00,2026,4,12,3,Hồ Chí Minh,Phường An Lạc,10.7381994,106.6148874,78,Moderate,1,26.3,86,0.0,4.7,152,1007.4,5,25.9,28.0,271.0,37.0,29.0,13.2
2026-04-12 04:00:00,2026,4,12,4,Hồ Chí Minh,Phường An Lạc,10.7381994,106.6148874,78,Moderate,1,26.0,88,0.0,5.1,141,1007.3,2,28.6,30.7,296.0,38.7,26.0,14.1
2026-04-12 05:00:00,2026,4,12,5,Hồ Chí Minh,Phường An Lạc,10.7381994,106.6148874,79,Moderate,1,25.8,90,0.0,4.7,137,1007.8,1,31.9,34.2,382.0,40.3,23.0,15.8
2026-04-12 06:00:00,2026,4,12,6,Hồ Chí Minh,Phường An Lạc,10.7381994,106.6148874,80,Moderate,1,25.6,91,0.0,5.1,148,1008.6,0,36.0,38.5,493.0,41.5,21.0,17.7
2026-04-12 07:00:00,2026,4,12,7,Hồ Chí Minh,Phường An Lạc,10.7381994,106.6148874,80,Moderate,1,27.2,81,0.0,5.1,153,1009.2,0,28.7,31.8,547.0,31.9,39.0,13.7
2026-04-12 08:00:00,2026,4,12,8,Hồ Chí Minh,Phường An Lạc,10.7381994,106.6148874,80,Moderate,1,29.5,71,0.0,7.5,165,1009.8,0,26.7,30.4,487.0,28.0,53.0,13.1
2026-04-12 09:00:00,2026,4,12,9,Hồ Chí Minh,Phường An Lạc,10.7381994,106.6148874,81,Moderate,1,31.5,62,0.0,8.1,167,1010.2,0,25.8,28.6,369.0,22.6,72.0,12.3
2026-04-12 10:00:00,2026,4,12,10,Hồ Chí Minh,Phường An Lạc,10.7381994,106.6148874,81,Moderate,1,33.4,53,0.0,7.7,171,1009.8,12,26.0,27.9,281.0,17.6,91.0,11.2
2026-04-12 11:00:00,2026,4,12,11,Hồ Chí Minh,Phường An Lạc,10.7381994,106.6148874,81,Moderate,1,35.0,44,0.0,7.8,175,1009.3,21,26.8,28.8,262.0,13.5,111.0,9.7
2026-04-12 12:00:00,2026,4,12,12,Hồ Chí Minh,Phường An Lạc,10.7381994,106.6148874,81,Moderate,1,36.0,38,0.0,8.8,176,1008.3,24,26.6,28.5,272.0,9.9,130.0,8.0
2026-04-12 13:00:00,2026,4,12,13,Hồ Chí Minh,Phường An Lạc,10.7381994,106.6148874,81,Moderate,1,35.2,43,0.0,8.3,175,1007.5,30,26.2,28.1,280.0,7.9,142.0,6.8
2026-04-12 14:00:00,2026,4,12,14,Hồ Chí Minh,Phường An Lạc,10.7381994,106.6148874,80,Moderate,1,35.6,42,0.0,11.0,169,1006.2,51,24.8,26.8,273.0,8.1,141.0,6.4
2026-04-12 15:00:00,2026,4,12,15,Hồ Chí Minh,Phường An Lạc,10.7381994,106.6148874,79,Moderate,1,34.0,46,0.2,12.6,163,1005.7,67,23.5,26.4,264.0,9.8,132.0,6.5
2026-04-12 16:00:00,2026,4,12,16,Hồ Chí Minh,Phường An Lạc,10.7381994,106.6148874,79,Moderate,1,32.4,56,0.5,15.3,159,1005.8,48,22.4,25.8,265.0,12.4,120.0,6.8
2026-04-12 17:00:00,2026,4,12,17,Hồ Chí Minh,Phường An Lạc,10.7381994,106.6148874,78,Moderate,1,31.5,61,0.0,15.4,170,1005.8,12,20.7,23.7,287.0,16.3,104.0,7.5
2026-04-12 18:00:00,2026,4,12,18,Hồ Chí Minh,Phường An Lạc,10.7381994,106.6148874,78,Moderate,1,30.9,63,0.0,10.9,171,1006.3,9,19.4,22.4,318.0,21.2,86.0,8.4
2026-04-12 19:00:00,2026,4,12,19,Hồ Chí Minh,Phường An Lạc,10.7381994,106.6148874,78,Moderate,1,29.8,69,0.0,10.9,168,1006.7,6,26.5,30.4,336.0,26.9,66.0,9.7
2026-04-12 20:00:00,2026,4,12,20,Hồ Chí Minh,Phường An Lạc,10.7381994,106.6148874,78,Moderate,1,29.0,73,0.0,10.6,159,1007.8,2,25.0,28.5,330.0,27.6,62.0,9.9
2026-04-12 21:00:00,2026,4,12,21,Hồ Chí Minh,Phường An Lạc,10.7381994,106.6148874,78,Moderate,1,28.5,76,0.0,11.4,145,1008.4,2,24.1,27.8,312.0,28.5,56.0,10.2
2026-04-12 22:00:00,2026,4,12,22,Hồ Chí Minh,Phường An Lạc,10.7381994,106.6148874,78,Moderate,1,28.0,78,0.0,11.3,160,1009.2,1,23.7,27.2,293.0,29.2,51.0,10.4
2026-04-12 23:00:00,2026,4,12,23,Hồ Chí Minh,Phường An Lạc,10.7381994,106.6148874,78,Moderate,1,27.6,79,0.0,10.1,170,1009.4,0,23.3,26.8,276.0,29.3,50.0,10.4
2026-04-13 00:00:00,2026,4,13,0,Hồ Chí Minh,Phường An Lạc,10.7381994,106.6148874,79,Moderate,1,27.3,81,0.0,9.8,167,1009.0,2,22.7,26.0,258.0,29.2,49.0,10.3
2026-04-13 01:00:00,2026,4,13,1,Hồ Chí Minh,Phường An Lạc,10.7381994,106.6148874,79,Moderate,1,27.1,85,0.0,9.6,172,1008.1,2,22.9,26.0,244.0,29.4,49.0,10.4
2026-04-13 02:00:00,2026,4,13,2,Hồ Chí Minh,Phường An Lạc,10.7381994,106.6148874,79,Moderate,1,26.8,86,0.0,9.2,179,1007.7,0,23.2,26.3,227.0,30.5,47.0,10.7
2026-04-13 03:00:00,2026,4,13,3,Hồ Chí Minh,Phường An Lạc,10.7381994,106.6148874,79,Moderate,1,26.5,87,0.0,7.8,175,1007.5,0,23.9,26.9,214.0,31.9,44.0,11.1
2026-04-13 04:00:00,2026,4,13,4,Hồ Chí Minh,Phường An Lạc,10.7381994,106.6148874,78,Moderate,1,26.2,89,0.0,6.7,166,1007.9,2,25.0,27.9,229.0,32.9,43.0,11.6
2026-04-13 05:00:00,2026,4,13,5,Hồ Chí Minh,Phường An Lạc,10.7381994,106.6148874,78,Moderate,1,26.0,90,0.0,6.8,163,1008.7,2,26.5,29.6,307.0,33.7,43.0,12.6
2026-04-13 06:00:00,2026,4,13,6,Hồ Chí Minh,Phường An Lạc,10.7381994,106.6148874,78,Moderate,1,26.0,89,0.0,6.9,171,1009.5,0,28.3,31.4,414.0,34.0,45.0,13.7
2026-04-13 07:00:00,2026,4,13,7,Hồ Chí Minh,Phường An Lạc,10.7381994,106.6148874,77,Moderate,1,27.8,81,0.0,5.6,153,1010.3,0,24.1,27.8,470.0,31.9,52.0,13.1
2026-04-13 08:00:00,2026,4,13,8,Hồ Chí Minh,Phường An Lạc,10.7381994,106.6148874,77,Moderate,1,29.6,70,0.0,9.2,160,1011.1,16,21.2,25.3,424.0,27.0,64.0,11.7
2026-04-13 09:00:00,2026,4,13,9,Hồ Chí Minh,Phường An Lạc,10.7381994,106.6148874,76,Moderate,1,31.2,61,0.0,8.7,167,1011.5,9,20.9,24.9,328.0,20.3,82.0,9.7
2026-04-13 10:00:00,2026,4,13,10,Hồ Chí Minh,Phường An Lạc,10.7381994,106.6148874,76,Moderate,1,32.8,55,0.0,8.2,170,1011.2,16,21.8,25.7,255.0,14.6,99.0,8.0
2026-04-13 11:00:00,2026,4,13,11,Hồ Chí Minh,Phường An Lạc,10.7381994,106.6148874,75,Moderate,1,34.0,51,0.0,8.2,171,1010.7,26,22.6,26.1,238.0,11.1,116.0,7.0
2026-04-13 12:00:00,2026,4,13,12,Hồ Chí Minh,Phường An Lạc,10.7381994,106.6148874,75,Moderate,1,34.5,48,0.1,9.4,162,1009.8,25,22.9,26.1,244.0,8.6,132.0,6.4
2026-04-13 13:00:00,2026,4,13,13,Hồ Chí Minh,Phường An Lạc,10.7381994,106.6148874,75,Moderate,1,33.8,52,0.1,8.9,162,1009.0,40,23.8,27.0,249.0,7.4,143.0,6.0
2026-04-13 14:00:00,2026,4,13,14,Hồ Chí Minh,Phường An Lạc,10.7381994,106.6148874,74,Moderate,1,33.7,53,0.0,9.9,165,1007.9,31,23.7,26.6,242.0,7.3,146.0,5.9
2026-04-13 15:00:00,2026,4,13,15,Hồ Chí Minh,Phường An Lạc,10.7381994,106.6148874,74,Moderate,1,33.5,53,0.0,10.0,171,1007.2,21,24.6,27.4,235.0,8.3,144.0,6.1
2026-04-13 16:00:00,2026,4,13,16,Hồ Chí Minh,Phường An Lạc,10.7381994,106.6148874,74,Moderate,1,33.3,54,0.0,10.5,164,1006.9,17,22.7,25.6,237.0,10.7,135.0,6.5
2026-04-13 17:00:00,2026,4,13,17,Hồ Chí Minh,Phường An Lạc,10.7381994,106.6148874,79,Moderate,1,32.1,57,0.0,13.2,151,1007.1,14,22.5,25.9,259.0,15.3,116.0,7.3
2026-04-13 18:00:00,2026,4,13,18,Hồ Chí Minh,Phường An Lạc,10.7381994,106.6148874,86,Moderate,1,29.9,66,0.0,13.5,133,1007.8,7,21.2,24.0,291.0,21.2,91.0,8.4
2026-04-13 19:00:00,2026,4,13,19,Hồ Chí Minh,Phường An Lạc,10.7381994,106.6148874,84,Moderate,1,29.0,72,0.0,12.5,130,1008.6,5,30.5,34.5,311.0,30.4,68.0,10.9
2026-04-13 20:00:00,2026,4,13,20,Hồ Chí Minh,Phường An Lạc,10.7381994,106.6148874,75,Moderate,1,28.5,75,0.0,11.9,129,1009.1,2,26.1,29.8,308.0,31.4,61.0,11.2
2026-04-13 21:00:00,2026,4,13,21,Hồ Chí Minh,Phường An Lạc,10.7381994,106.6148874,75,Moderate,1,28.1,77,0.0,10.5,147,1009.6,0,25.1,29.3,293.0,32.8,51.0,11.7
2026-04-13 22:00:00,2026,4,13,22,Hồ Chí Minh,Phường An Lạc,10.7381994,106.6148874,75,Moderate,1,27.8,79,0.0,9.8,144,1010.2,0,25.7,29.7,283.0,33.9,43.0,11.9
2026-04-13 23:00:00,2026,4,13,23,Hồ Chí Minh,Phường An Lạc,10.7381994,106.6148874,75,Moderate,1,27.5,80,0.0,9.0,150,1010.1,0,26.0,30.0,283.0,34.5,40.0,11.6
2026-04-14 00:00:00,2026,4,14,0,Hồ Chí Minh,Phường An Lạc,10.7381994,106.6148874,76,Moderate,1,27.1,82,0.0,8.1,152,1009.5,0,24.9,28.7,286.0,34.8,40.0,11.0
2026-04-14 01:00:00,2026,4,14,1,Hồ Chí Minh,Phường An Lạc,10.7381994,106.6148874,76,Moderate,1,26.9,86,0.0,6.7,180,1009.1,0,24.0,27.8,294.0,35.3,39.0,10.7
2026-04-14 02:00:00,2026,4,14,2,Hồ Chí Minh,Phường An Lạc,10.7381994,106.6148874,76,Moderate,1,26.7,87,0.0,4.8,193,1008.7,0,23.9,27.5,299.0,36.0,37.0,10.7
2026-04-14 03:00:00,2026,4,14,3,Hồ Chí Minh,Phường An Lạc,10.7381994,106.6148874,76,Moderate,1,26.5,88,0.0,4.0,180,1008.0,0,24.7,28.3,308.0,36.9,35.0,11.0
2026-04-14 04:00:00,2026,4,14,4,Hồ Chí Minh,Phường An Lạc,10.7381994,106.6148874,76,Moderate,1,26.4,89,0.0,3.6,177,1008.3,0,26.8,30.4,338.0,37.8,33.0,11.7
2026-04-14 05:00:00,2026,4,14,5,Hồ Chí Minh,Phường An Lạc,10.7381994,106.6148874,76,Moderate,1,26.2,90,0.0,4.4,142,1008.8,0,30.2,34.0,424.0,39.7,30.0,13.5
2026-04-14 06:00:00,2026,4,14,6,Hồ Chí Minh,Phường An Lạc,10.7381994,106.6148874,77,Moderate,1,26.2,90,0.0,4.1,128,1009.5,0,34.1,38.2,531.0,41.6,28.0,15.8
2026-04-14 07:00:00,2026,4,14,7,Hồ Chí Minh,Phường An Lạc,10.7381994,106.6148874,77,Moderate,1,27.6,83,0.0,3.7,145,1009.9,5,22.9,26.4,577.0,35.1,42.0,13.8
2026-04-14 08:00:00,2026,4,14,8,Hồ Chí Minh,Phường An Lạc,10.7381994,106.6148874,77,Moderate,1,29.4,73,0.0,6.6,159,1011.1,16,19.7,23.6,503.0,29.4,56.0,11.9
2026-04-14 09:00:00,2026,4,14,9,Hồ Chí Minh,Phường An Lạc,10.7381994,106.6148874,77,Moderate,1,30.5,66,0.1,6.8,151,1011.5,38,20.4,24.2,368.0,21.5,76.0,9.4
2026-04-14 10:00:00,2026,4,14,10,Hồ Chí Minh,Phường An Lạc,10.7381994,106.6148874,77,Moderate,1,31.8,61,0.2,7.4,137,1011.1,30,20.3,22.8,267.0,14.9,95.0,7.3
2026-04-14 11:00:00,2026,4,14,11,Hồ Chí Minh,Phường An Lạc,10.7381994,106.6148874,77,Moderate,1,33.0,56,0.1,6.6,125,1010.3,28,19.9,21.8,242.0,10.9,114.0,6.2
2026-04-14 12:00:00,2026,4,14,12,Hồ Chí Minh,Phường An Lạc,10.7381994,106.6148874,76,Moderate,1,34.4,51,0.0,7.1,114,1009.4,19,20.2,22.0,251.0,8.2,132.0,5.6
2026-04-14 13:00:00,2026,4,14,13,Hồ Chí Minh,Phường An Lạc,10.7381994,106.6148874,76,Moderate,1,33.4,55,0.0,5.7,127,1008.6,100,20.0,21.6,260.0,6.9,144.0,5.3
2026-04-14 14:00:00,2026,4,14,14,Hồ Chí Minh,Phường An Lạc,10.7381994,106.6148874,76,Moderate,1,33.8,53,0.0,7.7,152,1007.5,100,19.6,21.3,258.0,6.7,146.0,5.2
2026-04-14 15:00:00,2026,4,14,15,Hồ Chí Minh,Phường An Lạc,10.7381994,106.6148874,76,Moderate,1,32.4,55,0.0,9.4,169,1007.0,81,19.4,21.1,257.0,7.9,141.0,5.5
2026-04-14 16:00:00,2026,4,14,16,Hồ Chí Minh,Phường An Lạc,10.7381994,106.6148874,75,Moderate,1,32.8,51,0.0,10.7,145,1006.4,35,18.9,20.5,260.0,10.8,130.0,6.1
2026-04-14 17:00:00,2026,4,14,17,Hồ Chí Minh,Phường An Lạc,10.7381994,106.6148874,75,Moderate,1,31.5,54,0.0,13.8,138,1006.2,11,18.8,20.3,272.0,16.6,109.0,7.2
2026-04-14 18:00:00,2026,4,14,18,Hồ Chí Minh,Phường An Lạc,10.7381994,106.6148874,82,Moderate,1,29.7,59,0.0,12.1,131,1006.8,5,19.6,20.8,290.0,24.2,83.0,8.7
2026-04-14 19:00:00,2026,4,14,19,Hồ Chí Minh,Phường An Lạc,10.7381994,106.6148874,79,Moderate,1,28.5,66,0.0,11.3,134,1007.5,7,20.4,22.0,303.0,30.3,61.0,10.0
2026-04-14 20:00:00,2026,4,14,20,Hồ Chí Minh,Phường An Lạc,10.7381994,106.6148874,73,Moderate,1,27.8,73,0.0,9.9,138,1008.3,5,21.0,22.8,311.0,33.7,48.0,10.9
