timestamp,year,month,day,hour,province,location,lat,lon,aqi,pollution_level,pollution_class,temp,humidity,rain,wind_speed,wind_dir,pressure,cloud,pm2_5,pm10,co,no2,o3,so2
2025-01-01 00:00:00,2025,1,1,0,An Giang,Xã Giồng Riềng,9.9237413,105.2736878,77,Moderate,1,24.5,84,0.0,8.8,12,1011.1,98,25.4,25.6,442.0,13.2,45.0,9.8
2025-01-01 01:00:00,2025,1,1,1,An Giang,Xã Giồng Riềng,9.9237413,105.2736878,75,Moderate,1,23.9,84,0.0,8.4,11,1010.8,98,18.6,18.7,421.0,10.7,47.0,7.9
2025-01-01 02:00:00,2025,1,1,2,An Giang,Xã Giồng Riềng,9.9237413,105.2736878,71,Moderate,1,23.5,84,0.0,7.3,9,1010.4,99,14.3,14.3,398.0,9.4,48.0,6.9
2025-01-01 03:00:00,2025,1,1,3,An Giang,Xã Giồng Riềng,9.9237413,105.2736878,69,Moderate,1,23.0,84,0.0,7.4,13,1009.7,99,12.5,12.5,370.0,8.7,49.0,6.3
2025-01-01 04:00:00,2025,1,1,4,An Giang,Xã Giồng Riềng,9.9237413,105.2736878,66,Moderate,1,22.5,84,0.0,8.2,15,1009.6,95,12.0,12.0,347.0,8.4,49.0,6.2
2025-01-01 05:00:00,2025,1,1,5,An Giang,Xã Giồng Riềng,9.9237413,105.2736878,65,Moderate,1,22.0,84,0.0,7.3,10,1009.6,100,12.2,12.3,331.0,8.9,46.0,6.7
2025-01-01 06:00:00,2025,1,1,6,An Giang,Xã Giồng Riềng,9.9237413,105.2736878,64,Moderate,1,21.8,83,0.0,7.8,13,1009.9,100,13.1,13.2,319.0,9.9,43.0,7.5
2025-01-01 07:00:00,2025,1,1,7,An Giang,Xã Giồng Riềng,9.9237413,105.2736878,63,Moderate,1,22.1,83,0.0,9.6,14,1010.4,100,12.7,12.7,314.0,9.5,43.0,8.5
2025-01-01 08:00:00,2025,1,1,8,An Giang,Xã Giồng Riềng,9.9237413,105.2736878,62,Moderate,1,24.2,82,0.0,8.5,6,1011.6,100,14.9,15.0,318.0,8.3,52.0,9.1
2025-01-01 09:00:00,2025,1,1,9,An Giang,Xã Giồng Riềng,9.9237413,105.2736878,62,Moderate,1,25.4,77,0.0,10.7,9,1011.9,100,14.8,14.9,329.0,6.7,64.0,9.9
2025-01-01 10:00:00,2025,1,1,10,An Giang,Xã Giồng Riềng,9.9237413,105.2736878,62,Moderate,1,26.5,73,0.0,12.2,20,1012.0,100,15.8,16.0,336.0,5.3,78.0,10.6
2025-01-01 11:00:00,2025,1,1,11,An Giang,Xã Giồng Riềng,9.9237413,105.2736878,62,Moderate,1,27.4,72,0.0,13.1,18,1011.6,100,17.1,17.3,334.0,4.2,94.0,10.8
2025-01-01 12:00:00,2025,1,1,12,An Giang,Xã Giồng Riềng,9.9237413,105.2736878,63,Moderate,1,28.0,71,0.0,14.0,23,1010.5,100,18.5,18.7,329.0,3.3,111.0,10.9
2025-01-01 13:00:00,2025,1,1,13,An Giang,Xã Giồng Riềng,9.9237413,105.2736878,63,Moderate,1,28.5,69,0.0,14.6,30,1009.4,100,19.6,19.9,327.0,2.9,122.0,11.0
2025-01-01 14:00:00,2025,1,1,14,An Giang,Xã Giồng Riềng,9.9237413,105.2736878,64,Moderate,1,28.6,71,0.0,13.4,26,1008.3,100,20.1,20.4,329.0,2.8,125.0,11.2
2025-01-01 15:00:00,2025,1,1,15,An Giang,Xã Giồng Riềng,9.9237413,105.2736878,65,Moderate,1,28.5,73,0.0,12.4,22,1007.9,100,20.6,20.8,334.0,3.2,123.0,11.3
2025-01-01 16:00:00,2025,1,1,16,An Giang,Xã Giồng Riềng,9.9237413,105.2736878,66,Moderate,1,28.2,73,0.0,11.3,31,1007.6,100,21.2,21.4,344.0,4.5,116.0,11.7
2025-01-01 17:00:00,2025,1,1,17,An Giang,Xã Giồng Riềng,9.9237413,105.2736878,67,Moderate,1,27.6,78,0.0,7.5,35,1007.9,99,23.4,23.6,358.0,7.3,101.0,12.0
2025-01-01 18:00:00,2025,1,1,18,An Giang,Xã Giồng Riềng,9.9237413,105.2736878,69,Moderate,1,26.1,83,0.0,6.3,24,1008.2,74,27.6,27.8,377.0,11.0,81.0,12.5
2025-01-01 19:00:00,2025,1,1,19,An Giang,Xã Giồng Riềng,9.9237413,105.2736878,70,Moderate,1,25.3,85,0.0,6.6,21,1008.8,56,21.5,21.5,404.0,13.2,64.0,10.7
2025-01-01 20:00:00,2025,1,1,20,An Giang,Xã Giồng Riềng,9.9237413,105.2736878,69,Moderate,1,25.7,85,0.0,6.7,8,1009.6,84,27.5,27.6,448.0,16.2,58.0,13.1
2025-01-01 21:00:00,2025,1,1,21,An Giang,Xã Giồng Riềng,9.9237413,105.2736878,68,Moderate,1,25.3,83,0.0,7.6,14,1009.9,100,32.8,33.2,500.0,20.5,49.0,16.4
2025-01-01 22:00:00,2025,1,1,22,An Giang,Xã Giồng Riềng,9.9237413,105.2736878,67,Moderate,1,24.6,85,0.0,8.0,344,1010.2,100,40.5,40.9,536.0,23.8,41.0,18.5
2025-01-01 23:00:00,2025,1,1,23,An Giang,Xã Giồng Riềng,9.9237413,105.2736878,68,Moderate,1,24.0,87,0.0,5.0,358,1010.6,98,48.5,49.5,545.0,25.9,34.0,18.3
2025-01-02 00:00:00,2025,1,2,0,An Giang,Xã Giồng Riềng,9.9237413,105.2736878,69,Moderate,1,24.0,86,0.0,4.8,340,1010.6,100,52.7,53.6,538.0,27.1,27.0,16.9
2025-01-02 01:00:00,2025,1,2,1,An Giang,Xã Giồng Riềng,9.9237413,105.2736878,72,Moderate,1,24.2,83,0.0,6.5,330,1010.6,100,48.7,49.2,518.0,26.6,23.0,15.1
2025-01-02 02:00:00,2025,1,2,2,An Giang,Xã Giồng Riềng,9.9237413,105.2736878,74,Moderate,1,24.2,81,0.0,6.9,345,1009.9,100,36.3,36.6,477.0,23.1,24.0,13.0
2025-01-02 03:00:00,2025,1,2,3,An Giang,Xã Giồng Riềng,9.9237413,105.2736878,76,Moderate,1,24.1,81,0.0,7.3,353,1009.5,100,29.3,29.5,424.0,17.8,28.0,10.6
2025-01-02 04:00:00,2025,1,2,4,An Giang,Xã Giồng Riềng,9.9237413,105.2736878,78,Moderate,1,24.3,79,0.0,8.5,355,1009.2,100,25.3,25.4,387.0,13.7,31.0,8.8
2025-01-02 05:00:00,2025,1,2,5,An Giang,Xã Giồng Riềng,9.9237413,105.2736878,79,Moderate,1,24.2,79,0.0,9.5,2,1009.2,36,23.0,23.1,384.0,12.2,30.0,8.2
2025-01-02 06:00:00,2025,1,2,6,An Giang,Xã Giồng Riềng,9.9237413,105.2736878,80,Moderate,1,23.2,82,0.0,8.7,7,1009.8,78,22.2,22.2,398.0,11.7,29.0,8.2
2025-01-02 07:00:00,2025,1,2,7,An Giang,Xã Giồng Riềng,9.9237413,105.2736878,81,Moderate,1,23.4,84,0.0,9.6,5,1010.7,99,16.8,16.9,406.0,9.9,36.0,8.1
2025-01-02 08:00:00,2025,1,2,8,An Giang,Xã Giồng Riềng,9.9237413,105.2736878,81,Moderate,1,24.9,86,0.0,9.2,356,1011.7,99,18.0,18.0,400.0,7.9,55.0,7.9
2025-01-02 09:00:00,2025,1,2,9,An Giang,Xã Giồng Riềng,9.9237413,105.2736878,81,Moderate,1,26.0,81,0.0,13.0,2,1012.1,100,16.5,16.6,389.0,5.2,81.0,7.5
2025-01-02 10:00:00,2025,1,2,10,An Giang,Xã Giồng Riềng,9.9237413,105.2736878,82,Moderate,1,26.4,78,0.0,14.4,16,1012.2,100,16.0,16.1,377.0,3.1,101.0,7.1
2025-01-02 11:00:00,2025,1,2,11,An Giang,Xã Giồng Riềng,9.9237413,105.2736878,82,Moderate,1,26.7,77,0.0,14.5,19,1011.6,100,15.3,15.4,365.0,2.2,110.0,6.5
2025-01-02 12:00:00,2025,1,2,12,An Giang,Xã Giồng Riềng,9.9237413,105.2736878,81,Moderate,1,26.7,77,0.0,11.8,7,1010.8,100,14.5,14.6,352.0,2.0,114.0,5.8
2025-01-02 13:00:00,2025,1,2,13,An Giang,Xã Giồng Riềng,9.9237413,105.2736878,81,Moderate,1,26.8,78,0.0,9.0,357,1009.8,100,13.8,13.9,345.0,2.1,115.0,5.3
2025-01-02 14:00:00,2025,1,2,14,An Giang,Xã Giồng Riềng,9.9237413,105.2736878,81,Moderate,1,27.5,76,0.0,9.1,352,1008.9,98,14.0,14.0,346.0,1.9,115.0,5.0
2025-01-02 15:00:00,2025,1,2,15,An Giang,Xã Giồng Riềng,9.9237413,105.2736878,80,Moderate,1,27.7,74,0.0,11.8,6,1008.5,99,13.9,14.0,353.0,2.0,113.0,4.8
2025-01-02 16:00:00,2025,1,2,16,An Giang,Xã Giồng Riềng,9.9237413,105.2736878,79,Moderate,1,27.2,76,0.0,12.5,6,1008.4,84,14.3,14.3,362.0,3.6,107.0,5.5
2025-01-02 17:00:00,2025,1,2,17,An Giang,Xã Giồng Riềng,9.9237413,105.2736878,79,Moderate,1,26.6,82,0.0,7.4,356,1008.6,69,16.7,16.7,378.0,7.9,93.0,7.6
2025-01-02 18:00:00,2025,1,2,18,An Giang,Xã Giồng Riềng,9.9237413,105.2736878,78,Moderate,1,25.4,87,0.0,4.5,358,1009.0,100,23.0,23.1,398.0,13.6,75.0,10.4
2025-01-02 19:00:00,2025,1,2,19,An Giang,Xã Giồng Riềng,9.9237413,105.2736878,78,Moderate,1,25.0,85,0.0,6.7,355,1009.5,100,21.0,21.3,406.0,14.6,59.0,10.2
2025-01-02 20:00:00,2025,1,2,20,An Giang,Xã Giồng Riềng,9.9237413,105.2736878,78,Moderate,1,26.0,79,0.0,7.4,7,1009.9,100,28.1,28.6,391.0,17.1,51.0,11.8
2025-01-02 21:00:00,2025,1,2,21,An Giang,Xã Giồng Riềng,9.9237413,105.2736878,78,Moderate,1,25.5,81,0.0,6.9,14,1010.4,100,33.4,34.0,365.0,20.5,39.0,14.0
2025-01-02 22:00:00,2025,1,2,22,An Giang,Xã Giồng Riềng,9.9237413,105.2736878,78,Moderate,1,24.9,86,0.0,4.7,2,1010.5,100,38.4,39.0,351.0,23.1,30.0,15.3
2025-01-02 23:00:00,2025,1,2,23,An Giang,Xã Giồng Riềng,9.9237413,105.2736878,78,Moderate,1,24.6,87,0.0,5.4,356,1010.6,100,41.2,41.8,362.0,23.9,25.0,15.0
2025-01-03 00:00:00,2025,1,3,0,An Giang,Xã Giồng Riềng,9.9237413,105.2736878,77,Moderate,1,24.3,88,0.0,4.6,349,1010.5,100,42.3,42.7,384.0,23.8,22.0,13.9
2025-01-03 01:00:00,2025,1,3,1,An Giang,Xã Giồng Riềng,9.9237413,105.2736878,76,Moderate,1,24.1,88,0.0,5.4,354,1010.2,100,44.6,45.1,400.0,24.5,19.0,13.0
2025-01-03 02:00:00,2025,1,3,2,An Giang,Xã Giồng Riềng,9.9237413,105.2736878,76,Moderate,1,24.1,85,0.0,6.7,351,1009.4,100,48.5,48.9,402.0,27.2,15.0,12.9
2025-01-03 03:00:00,2025,1,3,3,An Giang,Xã Giồng Riềng,9.9237413,105.2736878,77,Moderate,1,23.8,85,0.0,7.6,355,1008.7,100,54.0,54.6,399.0,30.7,10.0,13.1
2025-01-03 04:00:00,2025,1,3,4,An Giang,Xã Giồng Riềng,9.9237413,105.2736878,79,Moderate,1,23.6,86,0.0,8.4,350,1008.4,100,63.1,63.6,396.0,32.3,8.0,13.2
2025-01-03 05:00:00,2025,1,3,5,An Giang,Xã Giồng Riềng,9.9237413,105.2736878,82,Moderate,1,23.5,86,0.0,8.7,352,1009.0,100,69.2,69.8,396.0,31.0,7.0,13.3
2025-01-03 06:00:00,2025,1,3,6,An Giang,Xã Giồng Riềng,9.9237413,105.2736878,86,Moderate,1,23.5,86,0.0,10.3,5,1009.8,56,68.7,69.4,397.0,27.9,9.0,13.4
2025-01-03 07:00:00,2025,1,3,7,An Giang,Xã Giồng Riềng,9.9237413,105.2736878,91,Moderate,1,23.7,86,0.0,10.1,5,1010.6,100,73.8,73.8,399.0,27.6,10.0,13.2
2025-01-03 08:00:00,2025,1,3,8,An Giang,Xã Giồng Riềng,9.9237413,105.2736878,96,Moderate,1,24.9,88,0.0,7.7,12,1011.8,100,54.6,54.6,405.0,22.2,30.0,13.2
2025-01-03 09:00:00,2025,1,3,9,An Giang,Xã Giồng Riềng,9.9237413,105.2736878,99,Moderate,1,26.0,84,0.0,7.3,31,1012.5,100,40.5,40.5,412.0,14.7,58.0,13.1
2025-01-03 10:00:00,2025,1,3,10,An Giang,Xã Giồng Riềng,9.9237413,105.2736878,101,Unhealthy for Sensitive Groups,2,26.4,81,0.0,9.2,21,1012.2,100,23.6,23.6,414.0,8.8,81.0,12.7
2025-01-03 11:00:00,2025,1,3,11,An Giang,Xã Giồng Riềng,9.9237413,105.2736878,102,Unhealthy for Sensitive Groups,2,26.5,79,0.0,11.0,21,1012.0,100,16.8,16.9,408.0,6.0,94.0,11.7
2025-01-03 12:00:00,2025,1,3,12,An Giang,Xã Giồng Riềng,9.9237413,105.2736878,102,Unhealthy for Sensitive Groups,2,26.4,77,0.4,12.7,13,1011.2,100,14.5,14.6,398.0,4.9,102.0,10.4
2025-01-03 13:00:00,2025,1,3,13,An Giang,Xã Giồng Riềng,9.9237413,105.2736878,102,Unhealthy for Sensitive Groups,2,27.5,75,0.0,13.1,25,1010.2,98,13.6,13.7,389.0,4.3,106.0,9.2
2025-01-03 14:00:00,2025,1,3,14,An Giang,Xã Giồng Riềng,9.9237413,105.2736878,102,Unhealthy for Sensitive Groups,2,28.0,73,0.0,12.6,37,1009.3,87,13.6,13.7,378.0,3.8,105.0,8.1
2025-01-03 15:00:00,2025,1,3,15,An Giang,Xã Giồng Riềng,9.9237413,105.2736878,102,Unhealthy for Sensitive Groups,2,28.0,75,0.1,11.1,36,1008.7,74,12.9,13.0,369.0,3.8,100.0,7.2
2025-01-03 16:00:00,2025,1,3,16,An Giang,Xã Giồng Riềng,9.9237413,105.2736878,102,Unhealthy for Sensitive Groups,2,27.9,74,0.1,9.4,32,1008.7,99,12.5,12.5,371.0,5.0,92.0,7.0
2025-01-03 17:00:00,2025,1,3,17,An Giang,Xã Giồng Riềng,9.9237413,105.2736878,102,Unhealthy for Sensitive Groups,2,27.1,81,0.0,5.1,67,1009.0,100,14.2,14.2,396.0,8.1,81.0,8.1
2025-01-03 18:00:00,2025,1,3,18,An Giang,Xã Giồng Riềng,9.9237413,105.2736878,101,Unhealthy for Sensitive Groups,2,26.1,85,0.0,2.6,51,1009.1,100,19.3,19.3,434.0,12.4,67.0,10.0
2025-01-03 19:00:00,2025,1,3,19,An Giang,Xã Giồng Riềng,9.9237413,105.2736878,101,Unhealthy for Sensitive Groups,2,25.6,86,0.0,6.3,114,1009.7,100,20.7,21.0,464.0,14.1,51.0,10.3
2025-01-03 20:00:00,2025,1,3,20,An Giang,Xã Giồng Riềng,9.9237413,105.2736878,101,Unhealthy for Sensitive Groups,2,25.5,90,0.0,9.6,139,1010.5,100,26.3,26.4,477.0,15.7,46.0,11.6
2025-01-03 21:00:00,2025,1,3,21,An Giang,Xã Giồng Riềng,9.9237413,105.2736878,101,Unhealthy for Sensitive Groups,2,24.6,95,0.0,2.8,153,1010.7,100,30.6,30.7,483.0,18.0,39.0,13.5
2025-01-03 22:00:00,2025,1,3,22,An Giang,Xã Giồng Riềng,9.9237413,105.2736878,101,Unhealthy for Sensitive Groups,2,24.2,96,0.0,1.9,221,1011.0,100,36.6,36.7,489.0,19.8,34.0,14.9
2025-01-03 23:00:00,2025,1,3,23,An Giang,Xã Giồng Riềng,9.9237413,105.2736878,100,Moderate,1,24.0,98,0.0,1.7,212,1011.0,100,41.0,41.1,500.0,20.7,31.0,15.5
2025-01-04 00:00:00,2025,1,4,0,An Giang,Xã Giồng Riềng,9.9237413,105.2736878,100,Moderate,1,23.8,98,0.0,0.0,270,1010.8,100,44.0,44.1,510.0,21.2,29.0,15.6
2025-01-04 01:00:00,2025,1,4,1,An Giang,Xã Giồng Riềng,9.9237413,105.2736878,101,Unhealthy for Sensitive Groups,2,23.4,100,0.0,1.8,79,1010.5,99,41.2,41.3,514.0,21.2,28.0,15.3
2025-01-04 02:00:00,2025,1,4,2,An Giang,Xã Giồng Riềng,9.9237413,105.2736878,100,Moderate,1,23.1,100,0.0,2.5,60,1009.9,100,38.2,38.3,504.0,20.6,27.0,14.6
2025-01-04 03:00:00,2025,1,4,3,An Giang,Xã Giồng Riềng,9.9237413,105.2736878,99,Moderate,1,22.9,100,0.0,2.2,35,1009.4,100,35.3,35.4,488.0,19.5,26.0,13.4
2025-01-04 04:00:00,2025,1,4,4,An Giang,Xã Giồng Riềng,9.9237413,105.2736878,98,Moderate,1,23.0,100,0.0,3.5,12,1008.9,100,32.0,32.1,480.0,18.2,27.0,12.3
2025-01-04 05:00:00,2025,1,4,5,An Giang,Xã Giồng Riềng,9.9237413,105.2736878,95,Moderate,1,22.8,100,0.0,5.6,45,1009.1,100,28.2,28.3,497.0,16.7,27.0,11.2
2025-01-04 06:00:00,2025,1,4,6,An Giang,Xã Giồng Riềng,9.9237413,105.2736878,91,Moderate,1,22.5,100,0.0,7.5,35,1009.6,100,25.0,25.2,522.0,15.0,29.0,10.0
2025-01-04 07:00:00,2025,1,4,7,An Giang,Xã Giồng Riềng,9.9237413,105.2736878,87,Moderate,1,23.1,95,0.0,10.2,34,1010.2,100,39.0,39.0,526.0,19.0,26.0,13.5
2025-01-04 08:00:00,2025,1,4,8,An Giang,Xã Giồng Riềng,9.9237413,105.2736878,84,Moderate,1,24.8,88,0.0,8.4,31,1011.6,100,32.0,32.1,485.0,15.6,40.0,13.3
2025-01-04 09:00:00,2025,1,4,9,An Giang,Xã Giồng Riềng,9.9237413,105.2736878,82,Moderate,1,26.2,72,0.0,12.5,21,1012.1,100,26.1,26.4,423.0,10.9,61.0,13.1
2025-01-04 10:00:00,2025,1,4,10,An Giang,Xã Giồng Riềng,9.9237413,105.2736878,81,Moderate,1,27.0,69,0.0,14.3,21,1011.8,98,24.3,24.6,375.0,7.0,81.0,12.7
2025-01-04 11:00:00,2025,1,4,11,An Giang,Xã Giồng Riềng,9.9237413,105.2736878,81,Moderate,1,27.6,69,0.0,13.0,19,1011.6,88,24.4,24.8,359.0,4.8,101.0,12.2
2025-01-04 12:00:00,2025,1,4,12,An Giang,Xã Giồng Riềng,9.9237413,105.2736878,82,Moderate,1,28.1,67,0.0,11.6,18,1011.0,41,25.4,25.8,357.0,3.3,122.0,11.6
2025-01-04 13:00:00,2025,1,4,13,An Giang,Xã Giồng Riềng,9.9237413,105.2736878,83,Moderate,1,28.6,67,0.0,11.1,20,1010.1,28,25.5,25.9,357.0,2.5,135.0,11.0
2025-01-04 14:00:00,2025,1,4,14,An Giang,Xã Giồng Riềng,9.9237413,105.2736878,84,Moderate,1,28.8,67,0.0,10.8,18,1008.9,49,23.9,24.3,350.0,1.8,138.0,9.9
2025-01-04 15:00:00,2025,1,4,15,An Giang,Xã Giồng Riềng,9.9237413,105.2736878,85,Moderate,1,28.7,68,0.0,10.8,18,1008.2,48,22.0,22.4,345.0,1.6,134.0,8.7
2025-01-04 16:00:00,2025,1,4,16,An Giang,Xã Giồng Riềng,9.9237413,105.2736878,85,Moderate,1,28.5,69,0.0,10.0,15,1008.1,49,21.2,21.7,347.0,3.2,125.0,8.7
2025-01-04 17:00:00,2025,1,4,17,An Giang,Xã Giồng Riềng,9.9237413,105.2736878,86,Moderate,1,27.9,75,0.0,6.6,26,1008.7,78,23.6,23.9,359.0,7.7,111.0,10.5
2025-01-04 18:00:00,2025,1,4,18,An Giang,Xã Giồng Riềng,9.9237413,105.2736878,87,Moderate,1,26.2,82,0.0,4.6,21,1009.1,85,30.5,30.9,378.0,13.9,92.0,13.4
2025-01-04 19:00:00,2025,1,4,19,An Giang,Xã Giồng Riềng,9.9237413,105.2736878,88,Moderate,1,25.9,83,0.0,2.3,94,1009.9,100,30.4,30.6,407.0,17.8,72.0,14.7
2025-01-04 20:00:00,2025,1,4,20,An Giang,Xã Giồng Riềng,9.9237413,105.2736878,89,Moderate,1,25.8,86,0.0,2.4,138,1010.9,100,42.7,43.0,460.0,22.8,64.0,18.9
2025-01-04 21:00:00,2025,1,4,21,An Giang,Xã Giồng Riềng,9.9237413,105.2736878,90,Moderate,1,25.0,91,0.0,6.3,180,1011.5,100,54.1,54.7,522.0,29.7,52.0,24.6
2025-01-04 22:00:00,2025,1,4,22,An Giang,Xã Giồng Riềng,9.9237413,105.2736878,92,Moderate,1,24.1,95,0.0,8.4,171,1011.6,100,64.7,66.1,552.0,35.2,42.0,28.5
2025-01-04 23:00:00,2025,1,4,23,An Giang,Xã Giồng Riềng,9.9237413,105.2736878,95,Moderate,1,23.5,98,0.0,3.6,186,1011.7,100,70.1,71.2,521.0,38.0,35.0,29.2
2025-01-05 00:00:00,2025,1,5,0,An Giang,Xã Giồng Riềng,9.9237413,105.2736878,98,Moderate,1,23.1,98,0.0,2.3,209,1011.8,100,71.9,73.1,459.0,39.4,29.0,28.0
2025-01-05 01:00:00,2025,1,5,1,An Giang,Xã Giồng Riềng,9.9237413,105.2736878,100,Moderate,1,23.0,99,0.0,0.7,166,1011.4,100,75.7,76.8,413.0,39.4,24.0,25.9
2025-01-05 02:00:00,2025,1,5,2,An Giang,Xã Giồng Riềng,9.9237413,105.2736878,104,Unhealthy for Sensitive Groups,2,22.5,100,0.0,2.1,255,1010.8,100,78.7,79.4,403.0,37.7,19.0,22.4
2025-01-05 03:00:00,2025,1,5,3,An Giang,Xã Giồng Riềng,9.9237413,105.2736878,108,Unhealthy for Sensitive Groups,2,22.1,100,0.0,4.2,280,1010.6,100,75.4,76.1,411.0,34.6,15.0,18.0
2025-01-05 04:00:00,2025,1,5,4,An Giang,Xã Giồng Riềng,9.9237413,105.2736878,112,Unhealthy for Sensitive Groups,2,21.6,99,0.0,7.7,323,1010.4,91,70.8,71.5,425.0,31.2,14.0,14.8
2025-01-05 05:00:00,2025,1,5,5,An Giang,Xã Giồng Riềng,9.9237413,105.2736878,116,Unhealthy for Sensitive Groups,2,21.5,90,0.0,7.1,353,1010.9,95,65.7,66.4,453.0,28.0,15.0,14.3
2025-01-05 06:00:00,2025,1,5,6,An Giang,Xã Giồng Riềng,9.9237413,105.2736878,120,Unhealthy for Sensitive Groups,2,21.2,89,0.0,5.5,11,1011.3,100,59.8,60.3,489.0,24.5,19.0,15.0
2025-01-05 07:00:00,2025,1,5,7,An Giang,Xã Giồng Riềng,9.9237413,105.2736878,124,Unhealthy for Sensitive Groups,2,21.8,87,0.0,9.6,12,1012.1,99,49.5,49.6,500.0,23.9,28.0,14.9
2025-01-05 08:00:00,2025,1,5,8,An Giang,Xã Giồng Riềng,9.9237413,105.2736878,125,Unhealthy for Sensitive Groups,2,23.7,80,0.0,11.7,3,1013.4,42,42.6,42.6,466.0,18.7,49.0,14.3
2025-01-05 09:00:00,2025,1,5,9,An Giang,Xã Giồng Riềng,9.9237413,105.2736878,126,Unhealthy for Sensitive Groups,2,24.8,73,0.0,13.6,5,1014.1,7,33.4,33.5,408.0,11.6,79.0,13.5
2025-01-05 10:00:00,2025,1,5,10,An Giang,Xã Giồng Riềng,9.9237413,105.2736878,126,Unhealthy for Sensitive Groups,2,25.7,69,0.0,14.7,11,1013.9,3,28.8,29.1,358.0,6.0,102.0,12.4
2025-01-05 11:00:00,2025,1,5,11,An Giang,Xã Giồng Riềng,9.9237413,105.2736878,127,Unhealthy for Sensitive Groups,2,26.4,68,0.0,16.2,8,1013.2,21,26.4,26.8,328.0,3.5,113.0,10.8
2025-01-05 12:00:00,2025,1,5,12,An Giang,Xã Giồng Riềng,9.9237413,105.2736878,127,Unhealthy for Sensitive Groups,2,27.2,67,0.0,15.4,10,1012.3,96,23.7,24.2,307.0,2.6,117.0,8.9
2025-01-05 13:00:00,2025,1,5,13,An Giang,Xã Giồng Riềng,9.9237413,105.2736878,127,Unhealthy for Sensitive Groups,2,28.0,66,0.0,13.3,9,1011.1,22,20.8,21.2,290.0,2.2,118.0,7.3
2025-01-05 14:00:00,2025,1,5,14,An Giang,Xã Giồng Riềng,9.9237413,105.2736878,127,Unhealthy for Sensitive Groups,2,28.4,65,0.0,13.6,8,1009.9,6,18.5,18.9,275.0,1.6,118.0,6.1
2025-01-05 15:00:00,2025,1,5,15,An Giang,Xã Giồng Riềng,9.9237413,105.2736878,126,Unhealthy for Sensitive Groups,2,28.0,65,0.0,14.3,11,1009.1,3,16.5,17.0,265.0,1.4,115.0,5.3
2025-01-05 16:00:00,2025,1,5,16,An Giang,Xã Giồng Riềng,9.9237413,105.2736878,125,Unhealthy for Sensitive Groups,2,27.9,66,0.0,13.3,18,1008.8,0,15.3,15.8,263.0,2.7,108.0,5.5
2025-01-05 17:00:00,2025,1,5,17,An Giang,Xã Giồng Riềng,9.9237413,105.2736878,125,Unhealthy for Sensitive Groups,2,27.2,71,0.0,8.9,42,1009.2,3,16.9,17.2,268.0,6.3,96.0,7.0
2025-01-05 18:00:00,2025,1,5,18,An Giang,Xã Giồng Riềng,9.9237413,105.2736878,124,Unhealthy for Sensitive Groups,2,25.5,77,0.0,5.6,63,1009.7,0,22.0,22.3,280.0,11.4,80.0,9.4
2025-01-05 19:00:00,2025,1,5,19,An Giang,Xã Giồng Riềng,9.9237413,105.2736878,123,Unhealthy for Sensitive Groups,2,24.9,80,0.0,2.6,74,1010.1,0,22.9,23.1,304.0,15.3,58.0,10.7
2025-01-05 20:00:00,2025,1,5,20,An Giang,Xã Giồng Riềng,9.9237413,105.2736878,122,Unhealthy for Sensitive Groups,2,24.4,83,0.0,3.8,5,1011.4,62,32.1,33.1,351.0,18.1,50.0,12.5
2025-01-05 21:00:00,2025,1,5,21,An Giang,Xã Giồng Riềng,9.9237413,105.2736878,121,Unhealthy for Sensitive Groups,2,23.7,86,0.0,4.7,353,1012.1,76,37.3,38.1,409.0,21.9,40.0,15.0
2025-01-05 22:00:00,2025,1,5,22,An Giang,Xã Giồng Riềng,9.9237413,105.2736878,120,Unhealthy for Sensitive Groups,2,23.5,82,0.0,7.0,359,1012.0,91,42.0,42.8,448.0,25.0,31.0,16.6
2025-01-05 23:00:00,2025,1,5,23,An Giang,Xã Giồng Riềng,9.9237413,105.2736878,117,Unhealthy for Sensitive Groups,2,23.1,78,0.0,7.4,26,1011.9,94,46.0,46.8,450.0,26.3,26.0,16.3
2025-01-06 00:00:00,2025,1,6,0,An Giang,Xã Giồng Riềng,9.9237413,105.2736878,115,Unhealthy for Sensitive Groups,2,22.5,79,0.0,7.8,37,1011.8,96,47.6,48.3,433.0,26.8,23.0,15.0
2025-01-06 01:00:00,2025,1,6,1,An Giang,Xã Giồng Riềng,9.9237413,105.2736878,112,Unhealthy for Sensitive Groups,2,21.9,83,0.0,6.0,49,1011.6,29,48.4,49.1,418.0,27.4,21.0,14.0
2025-01-06 02:00:00,2025,1,6,2,An Giang,Xã Giồng Riềng,9.9237413,105.2736878,109,Unhealthy for Sensitive Groups,2,21.0,89,0.0,5.0,49,1011.0,0,50.3,51.0,413.0,28.6,18.0,13.7
2025-01-06 03:00:00,2025,1,6,3,An Giang,Xã Giồng Riềng,9.9237413,105.2736878,106,Unhealthy for Sensitive Groups,2,20.7,90,0.0,5.4,30,1010.5,0,53.8,54.6,410.0,29.9,15.0,13.5
2025-01-06 04:00:00,2025,1,6,4,An Giang,Xã Giồng Riềng,9.9237413,105.2736878,104,Unhealthy for Sensitive Groups,2,20.4,90,0.0,4.6,42,1010.4,0,58.3,59.0,404.0,30.1,14.0,13.5
2025-01-06 05:00:00,2025,1,6,5,An Giang,Xã Giồng Riềng,9.9237413,105.2736878,103,Unhealthy for Sensitive Groups,2,19.9,92,0.0,3.0,17,1010.5,0,60.8,61.7,389.0,28.7,13.0,13.4
2025-01-06 06:00:00,2025,1,6,6,An Giang,Xã Giồng Riềng,9.9237413,105.2736878,102,Unhealthy for Sensitive Groups,2,19.4,92,0.0,4.0,339,1010.8,93,59.1,59.8,372.0,26.2,13.0,13.3
2025-01-06 07:00:00,2025,1,6,7,An Giang,Xã Giồng Riềng,9.9237413,105.2736878,102,Unhealthy for Sensitive Groups,2,19.9,90,0.0,6.3,340,1011.8,94,39.1,39.7,363.0,19.2,26.0,13.1
2025-01-06 08:00:00,2025,1,6,8,An Giang,Xã Giồng Riềng,9.9237413,105.2736878,101,Unhealthy for Sensitive Groups,2,22.5,83,0.0,7.9,360,1012.6,9,33.4,34.5,374.0,15.9,46.0,14.4
2025-01-06 09:00:00,2025,1,6,9,An Giang,Xã Giồng Riềng,9.9237413,105.2736878,100,Moderate,1,24.5,78,0.0,8.7,13,1013.2,38,31.0,32.4,393.0,11.3,74.0,16.1
2025-01-06 10:00:00,2025,1,6,10,An Giang,Xã Giồng Riềng,9.9237413,105.2736878,100,Moderate,1,26.1,76,0.0,7.7,25,1013.1,63,26.8,27.3,400.0,7.4,99.0,16.8
2025-01-06 11:00:00,2025,1,6,11,An Giang,Xã Giồng Riềng,9.9237413,105.2736878,100,Moderate,1,27.4,71,0.0,7.3,57,1012.8,76,29.9,30.6,380.0,5.0,116.0,15.6
2025-01-06 12:00:00,2025,1,6,12,An Giang,Xã Giồng Riềng,9.9237413,105.2736878,100,Moderate,1,28.1,67,0.0,7.6,47,1011.9,72,30.2,30.7,348.0,3.4,130.0,13.3
2025-01-06 13:00:00,2025,1,6,13,An Giang,Xã Giồng Riềng,9.9237413,105.2736878,101,Unhealthy for Sensitive Groups,2,28.5,64,0.0,6.9,37,1010.9,100,27.5,28.1,324.0,2.4,138.0,11.3
2025-01-06 14:00:00,2025,1,6,14,An Giang,Xã Giồng Riềng,9.9237413,105.2736878,101,Unhealthy for Sensitive Groups,2,28.8,63,0.0,7.3,23,1009.9,96,25.9,26.4,316.0,1.7,139.0,9.9
2025-01-06 15:00:00,2025,1,6,15,An Giang,Xã Giồng Riềng,9.9237413,105.2736878,102,Unhealthy for Sensitive Groups,2,28.8,63,0.0,7.2,22,1009.2,73,24.0,24.5,317.0,1.7,134.0,8.7
2025-01-06 16:00:00,2025,1,6,16,An Giang,Xã Giồng Riềng,9.9237413,105.2736878,103,Unhealthy for Sensitive Groups,2,28.4,63,0.0,7.1,19,1009.2,34,22.3,22.6,320.0,2.9,124.0,8.3
2025-01-06 17:00:00,2025,1,6,17,An Giang,Xã Giồng Riềng,9.9237413,105.2736878,104,Unhealthy for Sensitive Groups,2,27.6,71,0.0,5.3,350,1009.5,9,22.9,23.2,324.0,6.0,108.0,8.8
2025-01-06 18:00:00,2025,1,6,18,An Giang,Xã Giồng Riềng,9.9237413,105.2736878,104,Unhealthy for Sensitive Groups,2,25.7,77,0.0,7.2,338,1010.2,0,26.1,26.4,331.0,10.4,88.0,10.1
2025-01-06 19:00:00,2025,1,6,19,An Giang,Xã Giồng Riềng,9.9237413,105.2736878,105,Unhealthy for Sensitive Groups,2,24.6,77,0.0,9.3,344,1011.0,0,33.8,34.0,341.0,17.2,64.0,13.1
2025-01-06 20:00:00,2025,1,6,20,An Giang,Xã Giồng Riềng,9.9237413,105.2736878,106,Unhealthy for Sensitive Groups,2,24.5,77,0.0,10.9,348,1011.9,3,43.3,43.7,356.0,21.8,57.0,17.1
2025-01-06 21:00:00,2025,1,6,21,An Giang,Xã Giồng Riềng,9.9237413,105.2736878,107,Unhealthy for Sensitive Groups,2,23.8,84,0.0,4.0,350,1012.3,24,52.9,53.1,375.0,28.2,47.0,22.5
2025-01-06 22:00:00,2025,1,6,22,An Giang,Xã Giồng Riềng,9.9237413,105.2736878,109,Unhealthy for Sensitive Groups,2,23.4,85,0.0,2.8,207,1012.3,3,63.6,63.8,396.0,32.9,39.0,25.9
2025-01-06 23:00:00,2025,1,6,23,An Giang,Xã Giồng Riềng,9.9237413,105.2736878,111,Unhealthy for Sensitive Groups,2,22.8,89,0.0,4.8,217,1012.1,0,74.3,74.5,422.0,34.2,34.0,25.7
2025-01-07 00:00:00,2025,1,7,0,An Giang,Xã Giồng Riềng,9.9237413,105.2736878,114,Unhealthy for Sensitive Groups,2,21.9,94,0.0,2.8,220,1012.1,2,80.1,80.3,451.0,33.9,31.0,23.6
2025-01-07 01:00:00,2025,1,7,1,An Giang,Xã Giồng Riềng,9.9237413,105.2736878,117,Unhealthy for Sensitive Groups,2,21.5,94,0.0,1.8,225,1011.8,7,77.5,77.8,471.0,33.4,27.0,21.2
2025-01-07 02:00:00,2025,1,7,2,An Giang,Xã Giồng Riềng,9.9237413,105.2736878,120,Unhealthy for Sensitive Groups,2,21.1,94,0.0,3.0,237,1011.4,4,78.0,78.2,478.0,33.7,22.0,18.7
2025-01-07 03:00:00,2025,1,7,3,An Giang,Xã Giồng Riềng,9.9237413,105.2736878,123,Unhealthy for Sensitive Groups,2,20.9,95,0.0,5.9,315,1010.7,9,80.6,80.8,477.0,33.9,17.0,15.9
2025-01-07 04:00:00,2025,1,7,4,An Giang,Xã Giồng Riềng,9.9237413,105.2736878,126,Unhealthy for Sensitive Groups,2,21.0,91,0.0,6.8,325,1010.5,0,83.6,83.8,467.0,32.5,15.0,13.6
2025-01-07 05:00:00,2025,1,7,5,An Giang,Xã Giồng Riềng,9.9237413,105.2736878,129,Unhealthy for Sensitive Groups,2,20.6,87,0.0,7.4,337,1010.8,0,75.4,75.4,445.0,28.3,16.0,12.2
2025-01-07 06:00:00,2025,1,7,6,An Giang,Xã Giồng Riềng,9.9237413,105.2736878,130,Unhealthy for Sensitive Groups,2,20.2,82,0.0,8.2,350,1011.3,0,60.8,61.0,414.0,22.6,20.0,11.4
2025-01-07 07:00:00,2025,1,7,7,An Giang,Xã Giồng Riềng,9.9237413,105.2736878,130,Unhealthy for Sensitive Groups,2,20.5,81,0.0,9.9,2,1012.0,2,52.9,53.3,385.0,19.2,32.0,12.6
2025-01-07 08:00:00,2025,1,7,8,An Giang,Xã Giồng Riềng,9.9237413,105.2736878,132,Unhealthy for Sensitive Groups,2,22.8,79,0.0,7.9,1,1013.7,25,42.0,42.7,360.0,14.7,57.0,11.9
2025-01-07 09:00:00,2025,1,7,9,An Giang,Xã Giồng Riềng,9.9237413,105.2736878,133,Unhealthy for Sensitive Groups,2,24.4,75,0.0,10.9,6,1014.1,68,31.3,32.0,337.0,8.5,91.0,10.8
2025-01-07 10:00:00,2025,1,7,10,An Giang,Xã Giồng Riềng,9.9237413,105.2736878,133,Unhealthy for Sensitive Groups,2,25.8,73,0.0,11.9,3,1013.6,88,26.4,26.5,317.0,3.9,119.0,9.8
2025-01-07 11:00:00,2025,1,7,11,An Giang,Xã Giồng Riềng,9.9237413,105.2736878,133,Unhealthy for Sensitive Groups,2,27.2,70,0.0,11.9,3,1013.2,91,24.4,24.6,301.0,2.3,133.0,8.8
2025-01-07 12:00:00,2025,1,7,12,An Giang,Xã Giồng Riềng,9.9237413,105.2736878,132,Unhealthy for Sensitive Groups,2,28.1,66,0.0,12.5,6,1012.6,99,22.2,22.4,289.0,2.2,139.0,7.9
2025-01-07 13:00:00,2025,1,7,13,An Giang,Xã Giồng Riềng,9.9237413,105.2736878,131,Unhealthy for Sensitive Groups,2,28.8,63,0.0,13.0,6,1011.5,69,21.2,21.4,280.0,2.4,143.0,7.2
2025-01-07 14:00:00,2025,1,7,14,An Giang,Xã Giồng Riềng,9.9237413,105.2736878,131,Unhealthy for Sensitive Groups,2,29.1,61,0.0,12.2,13,1010.3,57,21.1,21.4,272.0,1.9,147.0,6.6
2025-01-07 15:00:00,2025,1,7,15,An Giang,Xã Giồng Riềng,9.9237413,105.2736878,130,Unhealthy for Sensitive Groups,2,29.0,60,0.0,11.0,28,1009.7,29,21.0,21.3,268.0,1.7,147.0,6.4
2025-01-07 16:00:00,2025,1,7,16,An Giang,Xã Giồng Riềng,9.9237413,105.2736878,130,Unhealthy for Sensitive Groups,2,28.6,62,0.0,10.1,39,1009.7,0,21.2,21.5,274.0,3.1,142.0,7.0
2025-01-07 17:00:00,2025,1,7,17,An Giang,Xã Giồng Riềng,9.9237413,105.2736878,130,Unhealthy for Sensitive Groups,2,27.8,71,0.0,7.0,42,1010.0,5,24.0,24.2,293.0,7.8,127.0,9.3
2025-01-07 18:00:00,2025,1,7,18,An Giang,Xã Giồng Riềng,9.9237413,105.2736878,130,Unhealthy for Sensitive Groups,2,25.8,80,0.0,4.6,26,1010.4,7,31.3,31.4,321.0,14.1,105.0,12.5
2025-01-07 19:00:00,2025,1,7,19,An Giang,Xã Giồng Riềng,9.9237413,105.2736878,130,Unhealthy for Sensitive Groups,2,25.0,82,0.0,4.3,5,1010.6,0,42.4,42.7,355.0,19.1,80.0,14.3
2025-01-07 20:00:00,2025,1,7,20,An Giang,Xã Giồng Riềng,9.9237413,105.2736878,131,Unhealthy for Sensitive Groups,2,25.9,76,0.0,0.4,360,1011.2,1,49.8,50.1,409.0,20.4,73.0,15.8
2025-01-07 21:00:00,2025,1,7,21,An Giang,Xã Giồng Riềng,9.9237413,105.2736878,132,Unhealthy for Sensitive Groups,2,25.0,79,0.0,2.4,117,1011.7,82,55.4,55.5,470.0,22.1,63.0,17.7
2025-01-07 22:00:00,2025,1,7,22,An Giang,Xã Giồng Riềng,9.9237413,105.2736878,132,Unhealthy for Sensitive Groups,2,24.0,85,0.0,7.7,131,1011.9,94,57.6,57.9,490.0,22.5,56.0,18.4
2025-01-07 23:00:00,2025,1,7,23,An Giang,Xã Giồng Riềng,9.9237413,105.2736878,132,Unhealthy for Sensitive Groups,2,23.2,93,0.0,6.5,134,1011.6,98,53.3,53.7,434.0,20.2,55.0,16.8
2025-01-08 00:00:00,2025,1,8,0,An Giang,Xã Giồng Riềng,9.9237413,105.2736878,129,Unhealthy for Sensitive Groups,2,22.9,95,0.0,7.1,153,1011.9,92,47.8,48.5,338.0,16.7,57.0,14.1
2025-01-08 01:00:00,2025,1,8,1,An Giang,Xã Giồng Riềng,9.9237413,105.2736878,126,Unhealthy for Sensitive Groups,2,22.6,95,0.0,6.1,148,1011.3,37,44.8,45.8,266.0,14.4,57.0,11.9
2025-01-08 02:00:00,2025,1,8,2,An Giang,Xã Giồng Riềng,9.9237413,105.2736878,123,Unhealthy for Sensitive Groups,2,22.0,97,0.0,4.2,173,1010.9,86,44.1,45.2,243.0,14.5,54.0,11.4
2025-01-08 03:00:00,2025,1,8,3,An Giang,Xã Giồng Riềng,9.9237413,105.2736878,119,Unhealthy for Sensitive Groups,2,21.9,97,0.0,0.6,56,1010.4,92,45.9,47.0,245.0,15.9,50.0,11.5
2025-01-08 04:00:00,2025,1,8,4,An Giang,Xã Giồng Riềng,9.9237413,105.2736878,115,Unhealthy for Sensitive Groups,2,21.5,98,0.0,2.0,95,1010.2,51,48.8,50.3,256.0,17.7,44.0,10.9
2025-01-08 05:00:00,2025,1,8,5,An Giang,Xã Giồng Riềng,9.9237413,105.2736878,112,Unhealthy for Sensitive Groups,2,21.2,100,0.0,1.2,39,1010.6,98,66.8,68.5,282.0,20.9,31.0,8.1
2025-01-08 06:00:00,2025,1,8,6,An Giang,Xã Giồng Riềng,9.9237413,105.2736878,111,Unhealthy for Sensitive Groups,2,20.9,100,0.0,1.5,339,1011.1,100,87.5,89.2,318.0,24.5,17.0,4.5
2025-01-08 07:00:00,2025,1,8,7,An Giang,Xã Giồng Riềng,9.9237413,105.2736878,114,Unhealthy for Sensitive Groups,2,20.8,99,0.0,1.0,329,1011.7,100,104.3,106.2,337.0,30.0,14.0,3.3
2025-01-08 08:00:00,2025,1,8,8,An Giang,Xã Giồng Riềng,9.9237413,105.2736878,119,Unhealthy for Sensitive Groups,2,23.1,98,0.0,1.9,229,1012.9,100,66.8,68.7,322.0,23.7,40.0,7.1
2025-01-08 09:00:00,2025,1,8,9,An Giang,Xã Giồng Riềng,9.9237413,105.2736878,122,Unhealthy for Sensitive Groups,2,25.5,91,0.0,0.4,207,1013.6,99,36.8,40.2,290.0,15.1,77.0,12.4
2025-01-08 10:00:00,2025,1,8,10,An Giang,Xã Giồng Riềng,9.9237413,105.2736878,122,Unhealthy for Sensitive Groups,2,27.2,76,0.0,2.2,325,1013.7,99,31.1,33.5,267.0,8.2,109.0,15.7
2025-01-08 11:00:00,2025,1,8,11,An Giang,Xã Giồng Riềng,9.9237413,105.2736878,123,Unhealthy for Sensitive Groups,2,28.2,68,0.0,2.5,356,1013.0,87,31.5,32.9,265.0,4.9,131.0,15.3
2025-01-08 12:00:00,2025,1,8,12,An Giang,Xã Giồng Riềng,9.9237413,105.2736878,123,Unhealthy for Sensitive Groups,2,29.0,64,0.0,4.2,12,1012.0,22,31.8,32.8,272.0,3.4,149.0,13.1
2025-01-08 13:00:00,2025,1,8,13,An Giang,Xã Giồng Riềng,9.9237413,105.2736878,124,Unhealthy for Sensitive Groups,2,29.5,60,0.0,6.7,5,1010.7,100,32.7,33.4,281.0,2.7,162.0,11.2
2025-01-08 14:00:00,2025,1,8,14,An Giang,Xã Giồng Riềng,9.9237413,105.2736878,126,Unhealthy for Sensitive Groups,2,29.6,59,0.0,7.7,3,1009.7,6,33.8,34.2,289.0,2.1,172.0,10.3
2025-01-08 15:00:00,2025,1,8,15,An Giang,Xã Giồng Riềng,9.9237413,105.2736878,127,Unhealthy for Sensitive Groups,2,29.5,60,0.0,7.7,21,1009.4,3,35.3,35.7,298.0,2.2,176.0,9.8
2025-01-08 16:00:00,2025,1,8,16,An Giang,Xã Giồng Riềng,9.9237413,105.2736878,128,Unhealthy for Sensitive Groups,2,29.2,61,0.0,7.8,26,1009.4,4,37.1,37.5,311.0,3.8,172.0,10.0
2025-01-08 17:00:00,2025,1,8,17,An Giang,Xã Giồng Riềng,9.9237413,105.2736878,130,Unhealthy for Sensitive Groups,2,28.5,69,0.0,5.3,24,1009.6,1,41.2,41.4,326.0,7.7,153.0,11.3
2025-01-08 18:00:00,2025,1,8,18,An Giang,Xã Giồng Riềng,9.9237413,105.2736878,132,Unhealthy for Sensitive Groups,2,26.2,77,0.0,6.2,33,1010.0,6,49.4,49.6,343.0,13.1,125.0,13.4
2025-01-08 19:00:00,2025,1,8,19,An Giang,Xã Giồng Riềng,9.9237413,105.2736878,134,Unhealthy for Sensitive Groups,2,25.3,80,0.0,6.9,33,1010.5,1,44.4,44.5,368.0,17.6,98.0,15.2
2025-01-08 20:00:00,2025,1,8,20,An Giang,Xã Giồng Riềng,9.9237413,105.2736878,134,Unhealthy for Sensitive Groups,2,25.5,81,0.0,2.9,79,1011.6,18,50.3,50.3,416.0,17.7,91.0,16.0
2025-01-08 21:00:00,2025,1,8,21,An Giang,Xã Giồng Riềng,9.9237413,105.2736878,134,Unhealthy for Sensitive Groups,2,25.3,80,0.0,1.3,98,1012.0,41,52.6,52.7,471.0,17.7,82.0,16.9
2025-01-08 22:00:00,2025,1,8,22,An Giang,Xã Giồng Riềng,9.9237413,105.2736878,134,Unhealthy for Sensitive Groups,2,24.5,83,0.0,9.5,127,1012.2,81,49.5,49.8,487.0,17.2,74.0,16.8
2025-01-08 23:00:00,2025,1,8,23,An Giang,Xã Giồng Riềng,9.9237413,105.2736878,133,Unhealthy for Sensitive Groups,2,23.5,87,0.0,7.3,130,1012.4,100,41.0,41.7,429.0,15.5,70.0,14.6
2025-01-09 00:00:00,2025,1,9,0,An Giang,Xã Giồng Riềng,9.9237413,105.2736878,132,Unhealthy for Sensitive Groups,2,22.9,90,0.0,6.1,140,1012.5,100,32.1,33.3,333.0,13.4,68.0,11.4
2025-01-09 01:00:00,2025,1,9,1,An Giang,Xã Giồng Riềng,9.9237413,105.2736878,130,Unhealthy for Sensitive Groups,2,22.2,93,0.0,4.1,135,1011.8,100,27.1,28.6,262.0,12.1,65.0,8.9
2025-01-09 02:00:00,2025,1,9,2,An Giang,Xã Giồng Riềng,9.9237413,105.2736878,128,Unhealthy for Sensitive Groups,2,21.9,94,0.0,4.4,128,1011.4,100,26.0,27.5,242.0,12.4,62.0,8.3
2025-01-09 03:00:00,2025,1,9,3,An Giang,Xã Giồng Riềng,9.9237413,105.2736878,126,Unhealthy for Sensitive Groups,2,21.8,95,0.0,5.0,128,1011.1,100,26.2,28.6,248.0,13.5,58.0,8.4
2025-01-09 04:00:00,2025,1,9,4,An Giang,Xã Giồng Riềng,9.9237413,105.2736878,124,Unhealthy for Sensitive Groups,2,21.5,95,0.0,4.2,115,1010.8,100,28.9,31.5,263.0,15.1,52.0,8.2
2025-01-09 05:00:00,2025,1,9,5,An Giang,Xã Giồng Riềng,9.9237413,105.2736878,122,Unhealthy for Sensitive Groups,2,21.4,94,0.0,2.7,132,1011.1,100,34.0,37.0,294.0,17.7,40.0,6.6
2025-01-09 06:00:00,2025,1,9,6,An Giang,Xã Giồng Riềng,9.9237413,105.2736878,119,Unhealthy for Sensitive Groups,2,21.1,95,0.0,2.7,138,1011.5,100,44.4,47.4,334.0,20.6,27.0,4.6
2025-01-09 07:00:00,2025,1,9,7,An Giang,Xã Giồng Riềng,9.9237413,105.2736878,114,Unhealthy for Sensitive Groups,2,21.8,94,0.0,3.6,57,1012.3,100,56.0,57.6,351.0,21.2,28.0,8.7
2025-01-09 08:00:00,2025,1,9,8,An Giang,Xã Giồng Riềng,9.9237413,105.2736878,109,Unhealthy for Sensitive Groups,2,24.0,90,0.0,1.5,339,1013.2,98,44.7,47.1,319.0,18.2,43.0,10.8
2025-01-09 09:00:00,2025,1,9,9,An Giang,Xã Giồng Riềng,9.9237413,105.2736878,107,Unhealthy for Sensitive Groups,2,25.8,84,0.0,2.3,72,1013.9,100,31.9,37.1,264.0,13.9,65.0,13.7
2025-01-09 10:00:00,2025,1,9,10,An Giang,Xã Giồng Riềng,9.9237413,105.2736878,106,Unhealthy for Sensitive Groups,2,27.2,78,0.0,4.2,102,1014.0,100,30.4,35.9,225.0,10.1,88.0,15.5
2025-01-09 11:00:00,2025,1,9,11,An Giang,Xã Giồng Riềng,9.9237413,105.2736878,106,Unhealthy for Sensitive Groups,2,28.3,70,0.0,5.1,98,1013.6,100,30.6,32.7,223.0,7.1,115.0,15.1
2025-01-09 12:00:00,2025,1,9,12,An Giang,Xã Giồng Riềng,9.9237413,105.2736878,106,Unhealthy for Sensitive Groups,2,28.9,65,0.0,5.0,69,1012.6,100,36.2,38.0,238.0,4.5,143.0,13.6
2025-01-09 13:00:00,2025,1,9,13,An Giang,Xã Giồng Riềng,9.9237413,105.2736878,107,Unhealthy for Sensitive Groups,2,29.1,63,0.0,5.7,49,1011.4,100,38.9,40.3,251.0,2.8,163.0,12.3
2025-01-09 14:00:00,2025,1,9,14,An Giang,Xã Giồng Riềng,9.9237413,105.2736878,107,Unhealthy for Sensitive Groups,2,29.4,61,0.0,6.0,46,1010.3,100,39.8,41.1,254.0,1.9,169.0,11.3
2025-01-09 15:00:00,2025,1,9,15,An Giang,Xã Giồng Riềng,9.9237413,105.2736878,108,Unhealthy for Sensitive Groups,2,29.2,62,0.0,6.2,54,1010.3,79,40.2,41.4,255.0,1.9,167.0,10.5
2025-01-09 16:00:00,2025,1,9,16,An Giang,Xã Giồng Riềng,9.9237413,105.2736878,108,Unhealthy for Sensitive Groups,2,29.0,63,0.0,5.9,47,1010.4,99,40.7,41.9,263.0,3.6,157.0,10.6
2025-01-09 17:00:00,2025,1,9,17,An Giang,Xã Giồng Riềng,9.9237413,105.2736878,109,Unhealthy for Sensitive Groups,2,28.2,70,0.0,5.9,52,1010.8,100,44.2,45.2,279.0,8.6,137.0,12.4
2025-01-09 18:00:00,2025,1,9,18,An Giang,Xã Giồng Riềng,9.9237413,105.2736878,109,Unhealthy for Sensitive Groups,2,26.4,75,0.0,6.6,41,1011.4,100,52.3,53.1,302.0,15.3,110.0,15.2
2025-01-09 19:00:00,2025,1,9,19,An Giang,Xã Giồng Riềng,9.9237413,105.2736878,113,Unhealthy for Sensitive Groups,2,25.6,77,0.0,5.9,18,1012.0,100,64.0,65.0,337.0,20.9,93.0,18.3
2025-01-09 20:00:00,2025,1,9,20,An Giang,Xã Giồng Riềng,9.9237413,105.2736878,111,Unhealthy for Sensitive Groups,2,25.4,82,0.0,5.8,9,1012.9,100,78.9,79.9,401.0,23.9,81.0,20.7
2025-01-09 21:00:00,2025,1,9,21,An Giang,Xã Giồng Riềng,9.9237413,105.2736878,114,Unhealthy for Sensitive Groups,2,25.0,84,0.0,3.5,15,1013.4,100,89.9,90.6,478.0,27.8,66.0,23.9
2025-01-09 22:00:00,2025,1,9,22,An Giang,Xã Giồng Riềng,9.9237413,105.2736878,118,Unhealthy for Sensitive Groups,2,24.8,83,0.0,0.6,236,1013.3,100,91.7,92.7,516.0,29.7,54.0,25.4
2025-01-09 23:00:00,2025,1,9,23,An Giang,Xã Giồng Riềng,9.9237413,105.2736878,123,Unhealthy for Sensitive Groups,2,24.0,88,0.0,3.0,194,1013.2,100,80.8,81.5,482.0,27.1,52.0,23.5
2025-01-10 00:00:00,2025,1,10,0,An Giang,Xã Giồng Riềng,9.9237413,105.2736878,127,Unhealthy for Sensitive Groups,2,23.1,94,0.0,3.2,218,1013.1,100,72.4,73.1,411.0,22.4,54.0,19.9
2025-01-10 01:00:00,2025,1,10,1,An Giang,Xã Giồng Riềng,9.9237413,105.2736878,131,Unhealthy for Sensitive Groups,2,22.7,95,0.0,3.1,239,1013.0,100,70.8,71.5,356.0,19.8,54.0,17.1
2025-01-10 02:00:00,2025,1,10,2,An Giang,Xã Giồng Riềng,9.9237413,105.2736878,136,Unhealthy for Sensitive Groups,2,22.5,96,0.0,2.6,304,1012.3,99,73.6,74.3,340.0,22.0,46.0,16.3
2025-01-10 03:00:00,2025,1,10,3,An Giang,Xã Giồng Riềng,9.9237413,105.2736878,141,Unhealthy for Sensitive Groups,2,22.3,96,0.0,1.3,360,1011.6,38,80.1,81.0,342.0,26.4,36.0,16.5
2025-01-10 04:00:00,2025,1,10,4,An Giang,Xã Giồng Riềng,9.9237413,105.2736878,146,Unhealthy for Sensitive Groups,2,22.1,96,0.0,5.0,44,1011.8,12,84.3,85.4,349.0,29.0,28.0,16.7
2025-01-10 05:00:00,2025,1,10,5,An Giang,Xã Giồng Riềng,9.9237413,105.2736878,150,Unhealthy for Sensitive Groups,2,21.9,96,0.0,4.8,63,1012.3,7,79.2,79.6,364.0,28.5,23.0,17.0
2025-01-10 06:00:00,2025,1,10,6,An Giang,Xã Giồng Riềng,9.9237413,105.2736878,151,Unhealthy,3,21.5,95,0.0,4.5,16,1013.0,52,74.0,74.5,384.0,26.2,22.0,17.5
2025-01-10 07:00:00,2025,1,10,7,An Giang,Xã Giồng Riềng,9.9237413,105.2736878,152,Unhealthy,3,22.1,90,0.0,10.1,356,1013.8,99,62.4,62.9,394.0,25.4,32.0,17.9
2025-01-10 08:00:00,2025,1,10,8,An Giang,Xã Giồng Riềng,9.9237413,105.2736878,152,Unhealthy,3,24.1,89,0.0,5.4,6,1014.9,78,52.4,52.6,382.0,20.2,52.0,16.5
2025-01-10 09:00:00,2025,1,10,9,An Giang,Xã Giồng Riềng,9.9237413,105.2736878,152,Unhealthy,3,25.8,83,0.0,8.8,44,1015.4,99,36.1,36.4,360.0,12.9,79.0,14.5
2025-01-10 10:00:00,2025,1,10,10,An Giang,Xã Giồng Riềng,9.9237413,105.2736878,152,Unhealthy,3,26.5,80,0.1,11.2,66,1015.4,98,25.5,25.8,343.0,7.2,103.0,13.2
2025-01-10 11:00:00,2025,1,10,11,An Giang,Xã Giồng Riềng,9.9237413,105.2736878,152,Unhealthy,3,26.6,79,0.2,12.0,43,1015.0,100,20.4,20.9,342.0,4.6,118.0,12.9
2025-01-10 12:00:00,2025,1,10,12,An Giang,Xã Giồng Riềng,9.9237413,105.2736878,152,Unhealthy,3,27.4,76,0.1,12.4,28,1014.2,96,19.2,19.7,346.0,3.6,129.0,13.3
2025-01-10 13:00:00,2025,1,10,13,An Giang,Xã Giồng Riềng,9.9237413,105.2736878,152,Unhealthy,3,27.9,73,0.0,11.6,26,1013.2,100,21.8,22.2,343.0,3.3,137.0,13.8
2025-01-10 14:00:00,2025,1,10,14,An Giang,Xã Giồng Riềng,9.9237413,105.2736878,151,Unhealthy,3,27.9,71,0.0,11.0,14,1012.2,100,25.1,25.6,320.0,3.1,146.0,14.4
2025-01-10 15:00:00,2025,1,10,15,An Giang,Xã Giồng Riềng,9.9237413,105.2736878,151,Unhealthy,3,28.2,68,0.0,11.3,14,1011.6,100,27.2,27.6,290.0,3.5,153.0,15.2
2025-01-10 16:00:00,2025,1,10,16,An Giang,Xã Giồng Riềng,9.9237413,105.2736878,151,Unhealthy,3,28.1,67,0.0,11.0,26,1011.6,100,28.3,28.8,275.0,5.1,151.0,16.2
2025-01-10 17:00:00,2025,1,10,17,An Giang,Xã Giồng Riềng,9.9237413,105.2736878,150,Unhealthy for Sensitive Groups,2,27.3,73,0.0,9.5,9,1012.1,100,30.4,30.7,285.0,8.9,135.0,17.6
2025-01-10 18:00:00,2025,1,10,18,An Giang,Xã Giồng Riềng,9.9237413,105.2736878,150,Unhealthy for Sensitive Groups,2,25.8,81,0.0,4.2,355,1012.6,100,36.7,37.0,310.0,13.9,110.0,19.2
2025-01-10 19:00:00,2025,1,10,19,An Giang,Xã Giồng Riềng,9.9237413,105.2736878,149,Unhealthy for Sensitive Groups,2,25.5,82,0.0,0.4,297,1013.1,100,49.4,50.4,341.0,16.1,89.0,17.7
2025-01-10 20:00:00,2025,1,10,20,An Giang,Xã Giồng Riềng,9.9237413,105.2736878,148,Unhealthy for Sensitive Groups,2,25.2,83,0.0,3.4,354,1013.5,100,57.6,58.3,389.0,17.9,82.0,19.3
2025-01-10 21:00:00,2025,1,10,21,An Giang,Xã Giồng Riềng,9.9237413,105.2736878,146,Unhealthy for Sensitive Groups,2,24.8,83,0.0,3.6,87,1013.7,100,61.7,62.6,443.0,20.3,72.0,21.4
2025-01-10 22:00:00,2025,1,10,22,An Giang,Xã Giồng Riềng,9.9237413,105.2736878,143,Unhealthy for Sensitive Groups,2,24.5,86,0.0,11.7,117,1013.9,100,70.8,71.5,468.0,21.7,63.0,22.3
2025-01-10 23:00:00,2025,1,10,23,An Giang,Xã Giồng Riềng,9.9237413,105.2736878,140,Unhealthy for Sensitive Groups,2,24.0,87,0.0,7.9,90,1014.4,100,75.0,75.7,435.0,21.5,56.0,21.1
2025-01-11 00:00:00,2025,1,11,0,An Giang,Xã Giồng Riềng,9.9237413,105.2736878,140,Unhealthy for Sensitive Groups,2,23.5,88,0.0,7.6,72,1014.3,100,64.7,65.4,372.0,20.4,50.0,18.8
2025-01-11 01:00:00,2025,1,11,1,An Giang,Xã Giồng Riềng,9.9237413,105.2736878,139,Unhealthy for Sensitive Groups,2,23.2,89,0.0,7.8,67,1013.7,100,51.3,51.7,325.0,18.6,48.0,16.3
2025-01-11 02:00:00,2025,1,11,2,An Giang,Xã Giồng Riềng,9.9237413,105.2736878,137,Unhealthy for Sensitive Groups,2,22.9,90,0.0,8.3,56,1013.1,11,38.9,39.1,313.0,15.9,52.0,13.8
2025-01-11 03:00:00,2025,1,11,3,An Giang,Xã Giồng Riềng,9.9237413,105.2736878,133,Unhealthy for Sensitive Groups,2,22.8,84,0.0,11.2,42,1012.7,36,29.5,29.7,317.0,12.6,60.0,11.2
2025-01-11 04:00:00,2025,1,11,4,An Giang,Xã Giồng Riềng,9.9237413,105.2736878,128,Unhealthy for Sensitive Groups,2,22.4,73,0.0,10.4,32,1012.9,12,22.8,23.1,324.0,9.9,67.0,9.0
2025-01-11 05:00:00,2025,1,11,5,An Giang,Xã Giồng Riềng,9.9237413,105.2736878,122,Unhealthy for Sensitive Groups,2,21.5,77,0.0,7.8,22,1013.5,12,18.2,18.5,332.0,8.6,70.0,7.6
2025-01-11 06:00:00,2025,1,11,6,An Giang,Xã Giồng Riềng,9.9237413,105.2736878,115,Unhealthy for Sensitive Groups,2,21.0,81,0.0,8.7,8,1014.3,43,15.8,16.1,344.0,8.0,73.0,6.6
2025-01-11 07:00:00,2025,1,11,7,An Giang,Xã Giồng Riềng,9.9237413,105.2736878,109,Unhealthy for Sensitive Groups,2,21.1,77,0.0,11.2,5,1015.0,1,21.2,21.7,354.0,8.5,72.0,7.0
2025-01-11 08:00:00,2025,1,11,8,An Giang,Xã Giồng Riềng,9.9237413,105.2736878,105,Unhealthy for Sensitive Groups,2,22.3,75,0.0,10.3,2,1016.4,100,21.0,21.5,362.0,7.2,80.0,6.8
2025-01-11 09:00:00,2025,1,11,9,An Giang,Xã Giồng Riềng,9.9237413,105.2736878,102,Unhealthy for Sensitive Groups,2,23.7,70,0.0,15.3,9,1016.9,100,19.9,20.5,368.0,5.3,90.0,6.5
2025-01-11 10:00:00,2025,1,11,10,An Giang,Xã Giồng Riềng,9.9237413,105.2736878,100,Moderate,1,24.9,68,0.0,17.3,14,1016.9,100,19.6,20.1,369.0,3.8,101.0,6.2
2025-01-11 11:00:00,2025,1,11,11,An Giang,Xã Giồng Riềng,9.9237413,105.2736878,100,Moderate,1,25.9,67,0.0,16.3,14,1016.4,100,19.3,19.8,360.0,2.9,111.0,6.1
2025-01-11 12:00:00,2025,1,11,12,An Giang,Xã Giồng Riềng,9.9237413,105.2736878,99,Moderate,1,27.0,65,0.0,15.2,21,1015.2,100,18.9,19.4,346.0,2.4,121.0,6.0
2025-01-11 13:00:00,2025,1,11,13,An Giang,Xã Giồng Riềng,9.9237413,105.2736878,99,Moderate,1,27.3,64,0.0,14.5,21,1013.9,100,18.5,19.0,336.0,2.2,128.0,6.0
2025-01-11 14:00:00,2025,1,11,14,An Giang,Xã Giồng Riềng,9.9237413,105.2736878,99,Moderate,1,27.3,63,0.0,15.9,27,1012.6,100,18.2,18.7,333.0,2.0,130.0,6.0
2025-01-11 15:00:00,2025,1,11,15,An Giang,Xã Giồng Riềng,9.9237413,105.2736878,98,Moderate,1,27.5,64,0.0,14.9,34,1012.4,100,17.9,18.4,334.0,2.1,130.0,6.0
2025-01-11 16:00:00,2025,1,11,16,An Giang,Xã Giồng Riềng,9.9237413,105.2736878,98,Moderate,1,27.2,67,0.0,12.8,22,1012.1,97,17.7,18.2,344.0,3.4,124.0,6.7
2025-01-11 17:00:00,2025,1,11,17,An Giang,Xã Giồng Riềng,9.9237413,105.2736878,97,Moderate,1,27.1,69,0.0,8.0,16,1012.3,99,19.4,19.8,371.0,6.9,111.0,8.4
2025-01-11 18:00:00,2025,1,11,18,An Giang,Xã Giồng Riềng,9.9237413,105.2736878,96,Moderate,1,25.5,74,0.0,7.2,12,1012.7,91,24.0,24.4,407.0,11.7,94.0,10.7
2025-01-11 19:00:00,2025,1,11,19,An Giang,Xã Giồng Riềng,9.9237413,105.2736878,95,Moderate,1,25.0,73,0.0,9.6,28,1013.0,100,28.3,28.9,425.0,12.7,78.0,9.6
2025-01-11 20:00:00,2025,1,11,20,An Giang,Xã Giồng Riềng,9.9237413,105.2736878,93,Moderate,1,24.3,76,0.0,6.4,36,1014.4,100,36.7,37.0,410.0,14.2,72.0,10.6
2025-01-11 21:00:00,2025,1,11,21,An Giang,Xã Giồng Riềng,9.9237413,105.2736878,91,Moderate,1,24.3,74,0.0,10.7,31,1014.8,100,39.1,39.5,379.0,16.2,63.0,11.9
2025-01-11 22:00:00,2025,1,11,22,An Giang,Xã Giồng Riềng,9.9237413,105.2736878,89,Moderate,1,24.3,72,0.0,12.4,30,1015.0,100,35.3,35.5,353.0,16.6,59.0,12.1
2025-01-11 23:00:00,2025,1,11,23,An Giang,Xã Giồng Riềng,9.9237413,105.2736878,86,Moderate,1,24.2,67,0.0,13.9,30,1015.1,100,24.6,24.7,340.0,13.8,63.0,10.3
2025-01-12 00:00:00,2025,1,12,0,An Giang,Xã Giồng Riềng,9.9237413,105.2736878,81,Moderate,1,23.6,68,0.0,14.3,39,1014.7,98,14.8,14.9,333.0,9.5,70.0,7.5
2025-01-12 01:00:00,2025,1,12,1,An Giang,Xã Giồng Riềng,9.9237413,105.2736878,77,Moderate,1,23.1,65,0.0,16.1,29,1014.1,100,10.4,10.5,331.0,6.1,77.0,5.3
2025-01-12 02:00:00,2025,1,12,2,An Giang,Xã Giồng Riềng,9.9237413,105.2736878,73,Moderate,1,22.6,64,0.0,17.1,18,1013.2,100,9.5,9.7,335.0,4.8,81.0,4.4
2025-01-12 03:00:00,2025,1,12,3,An Giang,Xã Giồng Riềng,9.9237413,105.2736878,71,Moderate,1,22.2,65,0.0,16.4,15,1012.5,100,10.1,10.3,344.0,4.5,85.0,4.2
2025-01-12 04:00:00,2025,1,12,4,An Giang,Xã Giồng Riềng,9.9237413,105.2736878,69,Moderate,1,21.8,66,0.0,15.8,17,1012.8,100,11.1,11.4,354.0,4.6,86.0,4.3
2025-01-12 05:00:00,2025,1,12,5,An Giang,Xã Giồng Riềng,9.9237413,105.2736878,68,Moderate,1,21.4,68,0.0,15.3,16,1013.5,100,12.0,12.3,364.0,5.2,83.0,4.8
2025-01-12 06:00:00,2025,1,12,6,An Giang,Xã Giồng Riềng,9.9237413,105.2736878,67,Moderate,1,20.9,69,0.0,15.7,11,1013.9,100,12.8,13.0,374.0,6.3,78.0,5.7
2025-01-12 07:00:00,2025,1,12,7,An Giang,Xã Giồng Riềng,9.9237413,105.2736878,67,Moderate,1,20.5,71,0.0,16.1,10,1014.6,100,15.2,15.4,381.0,6.5,77.0,6.2
2025-01-12 08:00:00,2025,1,12,8,An Giang,Xã Giồng Riềng,9.9237413,105.2736878,67,Moderate,1,21.4,74,0.0,16.6,9,1015.6,52,15.6,15.8,385.0,5.5,83.0,6.1
2025-01-12 09:00:00,2025,1,12,9,An Giang,Xã Giồng Riềng,9.9237413,105.2736878,66,Moderate,1,22.5,71,0.0,19.8,10,1016.0,27,14.7,15.0,386.0,4.2,92.0,5.9
2025-01-12 10:00:00,2025,1,12,10,An Giang,Xã Giồng Riềng,9.9237413,105.2736878,66,Moderate,1,23.6,68,0.0,20.3,12,1015.9,98,14.7,15.1,384.0,3.1,101.0,5.7
2025-01-12 11:00:00,2025,1,12,11,An Giang,Xã Giồng Riềng,9.9237413,105.2736878,65,Moderate,1,24.5,66,0.0,20.3,12,1015.3,61,15.0,15.3,376.0,2.4,109.0,5.5
2025-01-12 12:00:00,2025,1,12,12,An Giang,Xã Giồng Riềng,9.9237413,105.2736878,65,Moderate,1,25.4,64,0.0,19.8,12,1014.3,50,15.2,15.5,364.0,2.0,117.0,5.3
2025-01-12 13:00:00,2025,1,12,13,An Giang,Xã Giồng Riềng,9.9237413,105.2736878,64,Moderate,1,26.0,62,0.0,19.2,11,1012.9,87,15.3,15.5,355.0,1.9,122.0,5.1
2025-01-12 14:00:00,2025,1,12,14,An Giang,Xã Giồng Riềng,9.9237413,105.2736878,64,Moderate,1,26.5,61,0.0,18.6,15,1011.7,100,15.3,15.6,348.0,1.8,123.0,4.9
2025-01-12 15:00:00,2025,1,12,15,An Giang,Xã Giồng Riềng,9.9237413,105.2736878,64,Moderate,1,26.4,61,0.0,18.0,16,1011.0,99,15.4,15.7,344.0,2.0,122.0,4.8
2025-01-12 16:00:00,2025,1,12,16,An Giang,Xã Giồng Riềng,9.9237413,105.2736878,64,Moderate,1,26.1,62,0.0,15.7,16,1010.9,52,15.9,16.2,348.0,3.2,117.0,5.2
2025-01-12 17:00:00,2025,1,12,17,An Giang,Xã Giồng Riềng,9.9237413,105.2736878,64,Moderate,1,25.6,65,0.0,11.1,20,1011.2,14,17.8,18.0,368.0,6.3,106.0,6.5
2025-01-12 18:00:00,2025,1,12,18,An Giang,Xã Giồng Riềng,9.9237413,105.2736878,63,Moderate,1,23.8,71,0.0,6.3,355,1011.8,5,21.5,21.7,396.0,10.4,91.0,8.3
2025-01-12 19:00:00,2025,1,12,19,An Giang,Xã Giồng Riềng,9.9237413,105.2736878,63,Moderate,1,23.1,72,0.0,9.6,334,1012.1,2,20.0,20.3,415.0,10.6,84.0,7.9
2025-01-12 20:00:00,2025,1,12,20,An Giang,Xã Giồng Riềng,9.9237413,105.2736878,62,Moderate,1,23.0,69,0.0,11.3,346,1013.3,76,23.0,23.1,416.0,10.8,83.0,8.2
2025-01-12 21:00:00,2025,1,12,21,An Giang,Xã Giồng Riềng,9.9237413,105.2736878,61,Moderate,1,23.0,65,0.0,12.4,360,1013.9,97,23.9,24.0,409.0,11.1,81.0,8.7
2025-01-12 22:00:00,2025,1,12,22,An Giang,Xã Giồng Riềng,9.9237413,105.2736878,60,Moderate,1,22.5,66,0.0,12.6,9,1014.2,76,24.5,24.7,405.0,11.0,81.0,8.7
2025-01-12 23:00:00,2025,1,12,23,An Giang,Xã Giồng Riềng,9.9237413,105.2736878,59,Moderate,1,22.4,66,0.0,14.9,360,1014.3,100,25.4,25.8,410.0,10.1,85.0,7.9
2025-01-13 00:00:00,2025,1,13,0,An Giang,Xã Giồng Riềng,9.9237413,105.2736878,59,Moderate,1,22.5,64,0.0,16.1,4,1014.3,76,26.3,26.6,419.0,8.7,91.0,6.7
2025-01-13 01:00:00,2025,1,13,1,An Giang,Xã Giồng Riềng,9.9237413,105.2736878,60,Moderate,1,21.9,65,0.0,14.9,1,1013.6,67,26.3,26.4,423.0,7.6,93.0,5.8
2025-01-13 02:00:00,2025,1,13,2,An Giang,Xã Giồng Riềng,9.9237413,105.2736878,61,Moderate,1,21.2,67,0.0,14.1,10,1013.0,98,25.1,25.2,418.0,7.0,88.0,5.4
2025-01-13 03:00:00,2025,1,13,3,An Giang,Xã Giồng Riềng,9.9237413,105.2736878,63,Moderate,1,20.6,69,0.0,11.6,12,1012.2,67,22.7,22.8,408.0,6.7,80.0,5.2
2025-01-13 04:00:00,2025,1,13,4,An Giang,Xã Giồng Riềng,9.9237413,105.2736878,64,Moderate,1,19.8,73,0.0,9.1,21,1012.2,25,20.0,20.1,400.0,6.6,73.0,5.2
2025-01-13 05:00:00,2025,1,13,5,An Giang,Xã Giồng Riềng,9.9237413,105.2736878,65,Moderate,1,19.1,75,0.0,10.4,21,1012.4,5,18.1,18.3,397.0,7.0,69.0,5.6
2025-01-13 06:00:00,2025,1,13,6,An Giang,Xã Giồng Riềng,9.9237413,105.2736878,65,Moderate,1,18.9,73,0.0,13.6,8,1012.7,12,17.3,17.5,396.0,7.7,67.0,6.2
2025-01-13 07:00:00,2025,1,13,7,An Giang,Xã Giồng Riềng,9.9237413,105.2736878,66,Moderate,1,18.8,74,0.0,14.5,5,1013.3,5,31.5,31.8,392.0,8.0,68.0,6.7
2025-01-13 08:00:00,2025,1,13,8,An Giang,Xã Giồng Riềng,9.9237413,105.2736878,67,Moderate,1,20.2,73,0.0,11.8,16,1014.6,42,30.7,31.1,382.0,6.8,77.0,6.7
2025-01-13 09:00:00,2025,1,13,9,An Giang,Xã Giồng Riềng,9.9237413,105.2736878,68,Moderate,1,21.4,69,0.0,11.5,14,1015.3,10,28.7,29.2,369.0,5.2,89.0,6.8
2025-01-13 10:00:00,2025,1,13,10,An Giang,Xã Giồng Riềng,9.9237413,105.2736878,70,Moderate,1,22.7,67,0.0,11.1,13,1015.3,9,27.5,28.1,358.0,3.8,101.0,7.0
2025-01-13 11:00:00,2025,1,13,11,An Giang,Xã Giồng Riềng,9.9237413,105.2736878,71,Moderate,1,23.9,66,0.0,10.1,12,1014.8,10,27.5,28.1,353.0,3.0,113.0,7.4
2025-01-13 12:00:00,2025,1,13,12,An Giang,Xã Giồng Riềng,9.9237413,105.2736878,72,Moderate,1,24.9,65,0.0,9.0,22,1013.8,14,28.1,28.6,351.0,2.4,125.0,7.8
2025-01-13 13:00:00,2025,1,13,13,An Giang,Xã Giồng Riềng,9.9237413,105.2736878,73,Moderate,1,25.6,64,0.0,8.5,28,1012.5,96,28.7,29.3,348.0,2.2,134.0,8.3
2025-01-13 14:00:00,2025,1,13,14,An Giang,Xã Giồng Riềng,9.9237413,105.2736878,74,Moderate,1,26.3,64,0.0,6.7,31,1010.9,39,29.2,29.7,338.0,2.0,142.0,8.7
2025-01-13 15:00:00,2025,1,13,15,An Giang,Xã Giồng Riềng,9.9237413,105.2736878,75,Moderate,1,26.7,63,0.0,6.6,73,1010.3,46,29.5,30.0,326.0,2.0,147.0,9.0
2025-01-13 16:00:00,2025,1,13,16,An Giang,Xã Giồng Riềng,9.9237413,105.2736878,77,Moderate,1,26.8,63,0.0,8.8,73,1010.1,59,29.9,30.5,326.0,3.2,145.0,9.5
2025-01-13 17:00:00,2025,1,13,17,An Giang,Xã Giồng Riềng,9.9237413,105.2736878,78,Moderate,1,26.0,69,0.0,7.0,42,1010.3,19,30.4,31.0,348.0,6.2,130.0,10.0
2025-01-13 18:00:00,2025,1,13,18,An Giang,Xã Giồng Riềng,9.9237413,105.2736878,87,Moderate,1,24.2,74,0.0,10.1,355,1010.7,46,33.9,34.3,381.0,10.4,107.0,10.7
2025-01-13 19:00:00,2025,1,13,19,An Giang,Xã Giồng Riềng,9.9237413,105.2736878,88,Moderate,1,23.5,77,0.0,12.8,356,1011.5,25,31.9,32.0,408.0,14.8,91.0,13.5
2025-01-13 20:00:00,2025,1,13,20,An Giang,Xã Giồng Riềng,9.9237413,105.2736878,84,Moderate,1,24.3,74,0.0,10.3,345,1012.8,98,38.8,38.9,421.0,17.6,85.0,15.9
2025-01-13 21:00:00,2025,1,13,21,An Giang,Xã Giồng Riềng,9.9237413,105.2736878,83,Moderate,1,24.0,73,0.0,9.3,347,1013.3,95,43.1,43.2,428.0,21.2,77.0,19.1
2025-01-13 22:00:00,2025,1,13,22,An Giang,Xã Giồng Riềng,9.9237413,105.2736878,84,Moderate,1,23.6,73,0.0,7.0,348,1013.1,99,47.8,48.0,430.0,22.8,71.0,20.4
2025-01-13 23:00:00,2025,1,13,23,An Giang,Xã Giồng Riềng,9.9237413,105.2736878,86,Moderate,1,23.4,73,0.0,6.8,357,1013.1,25,48.8,49.0,425.0,20.4,69.0,18.0
2025-01-14 00:00:00,2025,1,14,0,An Giang,Xã Giồng Riềng,9.9237413,105.2736878,88,Moderate,1,22.5,76,0.0,6.7,354,1013.0,98,33.5,33.8,416.0,16.0,69.0,13.7
2025-01-14 01:00:00,2025,1,14,1,An Giang,Xã Giồng Riềng,9.9237413,105.2736878,89,Moderate,1,22.1,76,0.0,8.9,352,1012.4,100,22.6,22.8,411.0,12.1,70.0,10.0
2025-01-14 02:00:00,2025,1,14,2,An Giang,Xã Giồng Riềng,9.9237413,105.2736878,89,Moderate,1,21.8,75,0.0,10.9,353,1012.2,100,18.6,18.9,415.0,9.8,72.0,7.8
2025-01-14 03:00:00,2025,1,14,3,An Giang,Xã Giồng Riềng,9.9237413,105.2736878,88,Moderate,1,21.3,74,0.0,11.3,351,1011.3,98,17.7,17.8,424.0,8.0,74.0,6.3
2025-01-14 04:00:00,2025,1,14,4,An Giang,Xã Giồng Riềng,9.9237413,105.2736878,88,Moderate,1,21.2,72,0.0,12.3,356,1011.2,100,18.3,18.4,430.0,6.9,74.0,5.3
2025-01-14 05:00:00,2025,1,14,5,An Giang,Xã Giồng Riềng,9.9237413,105.2736878,88,Moderate,1,21.1,71,0.0,13.2,357,1011.5,100,19.0,19.0,433.0,6.7,68.0,5.1
2025-01-14 06:00:00,2025,1,14,6,An Giang,Xã Giồng Riềng,9.9237413,105.2736878,88,Moderate,1,20.9,72,0.0,13.8,353,1011.9,64,19.4,19.6,435.0,7.1,61.0,5.4
2025-01-14 07:00:00,2025,1,14,7,An Giang,Xã Giồng Riềng,9.9237413,105.2736878,88,Moderate,1,20.9,75,0.0,14.5,352,1012.6,91,40.2,40.4,431.0,7.2,61.0,5.7
2025-01-14 08:00:00,2025,1,14,8,An Giang,Xã Giồng Riềng,9.9237413,105.2736878,89,Moderate,1,22.1,76,0.0,14.1,4,1013.8,100,39.1,39.5,420.0,5.9,72.0,5.7
2025-01-14 09:00:00,2025,1,14,9,An Giang,Xã Giồng Riềng,9.9237413,105.2736878,89,Moderate,1,23.5,73,0.0,14.7,8,1014.5,100,35.6,36.2,404.0,4.2,88.0,5.7
2025-01-14 10:00:00,2025,1,14,10,An Giang,Xã Giồng Riềng,9.9237413,105.2736878,90,Moderate,1,24.9,72,0.0,13.8,9,1014.3,97,31.9,32.6,388.0,2.9,101.0,5.7
2025-01-14 11:00:00,2025,1,14,11,An Giang,Xã Giồng Riềng,9.9237413,105.2736878,90,Moderate,1,26.2,70,0.0,13.7,14,1013.9,100,29.2,29.8,371.0,2.4,111.0,5.7
2025-01-14 12:00:00,2025,1,14,12,An Giang,Xã Giồng Riềng,9.9237413,105.2736878,91,Moderate,1,27.4,68,0.0,13.1,9,1013.0,77,27.4,28.1,352.0,2.3,118.0,5.7
2025-01-14 13:00:00,2025,1,14,13,An Giang,Xã Giồng Riềng,9.9237413,105.2736878,90,Moderate,1,28.3,67,0.0,12.3,8,1012.1,97,26.0,26.7,338.0,2.5,123.0,5.8
2025-01-14 14:00:00,2025,1,14,14,An Giang,Xã Giồng Riềng,9.9237413,105.2736878,90,Moderate,1,28.9,65,0.0,12.5,7,1010.7,99,24.8,25.4,328.0,2.6,124.0,6.0
2025-01-14 15:00:00,2025,1,14,15,An Giang,Xã Giồng Riềng,9.9237413,105.2736878,90,Moderate,1,28.8,65,0.0,12.9,53,1010.4,100,23.8,24.4,322.0,2.9,123.0,6.3
2025-01-14 16:00:00,2025,1,14,16,An Giang,Xã Giồng Riềng,9.9237413,105.2736878,89,Moderate,1,28.0,69,0.0,11.3,34,1010.2,88,23.3,23.9,323.0,4.0,117.0,6.8
2025-01-14 17:00:00,2025,1,14,17,An Giang,Xã Giồng Riềng,9.9237413,105.2736878,89,Moderate,1,27.8,73,0.0,7.8,5,1010.2,66,23.9,24.4,336.0,6.3,105.0,7.7
2025-01-14 18:00:00,2025,1,14,18,An Giang,Xã Giồng Riềng,9.9237413,105.2736878,88,Moderate,1,26.7,76,0.0,6.8,12,1010.8,100,26.3,26.7,355.0,9.4,89.0,8.9
2025-01-14 19:00:00,2025,1,14,19,An Giang,Xã Giồng Riềng,9.9237413,105.2736878,88,Moderate,1,26.4,78,0.0,5.1,58,1011.6,100,24.6,25.2,375.0,11.3,73.0,9.3
2025-01-14 20:00:00,2025,1,14,20,An Giang,Xã Giồng Riềng,9.9237413,105.2736878,87,Moderate,1,26.0,83,0.1,11.5,76,1012.5,100,26.8,27.4,402.0,11.7,70.0,9.7
2025-01-14 21:00:00,2025,1,14,21,An Giang,Xã Giồng Riềng,9.9237413,105.2736878,86,Moderate,1,25.0,84,0.5,14.3,73,1013.0,100,26.4,27.0,430.0,12.3,65.0,10.3
2025-01-14 22:00:00,2025,1,14,22,An Giang,Xã Giồng Riềng,9.9237413,105.2736878,84,Moderate,1,24.2,90,2.5,13.0,56,1012.9,100,28.1,28.8,423.0,12.8,61.0,10.8
2025-01-14 23:00:00,2025,1,14,23,An Giang,Xã Giồng Riềng,9.9237413,105.2736878,83,Moderate,1,24.1,92,1.9,12.4,41,1012.7,100,28.1,28.7,351.0,13.3,59.0,11.1
2025-01-15 00:00:00,2025,1,15,0,An Giang,Xã Giồng Riềng,9.9237413,105.2736878,81,Moderate,1,23.8,94,0.0,10.6,43,1012.5,100,28.9,29.5,246.0,13.7,59.0,11.2
2025-01-15 01:00:00,2025,1,15,1,An Giang,Xã Giồng Riềng,9.9237413,105.2736878,80,Moderate,1,23.4,95,0.0,5.0,49,1012.2,100,30.6,31.2,169.0,14.1,58.0,11.3
2025-01-15 02:00:00,2025,1,15,2,An Giang,Xã Giồng Riềng,9.9237413,105.2736878,81,Moderate,1,23.0,96,0.0,4.5,47,1011.6,98,32.5,32.9,150.0,14.4,56.0,11.4
2025-01-15 03:00:00,2025,1,15,3,An Giang,Xã Giồng Riềng,9.9237413,105.2736878,82,Moderate,1,22.9,97,0.0,5.5,36,1011.2,94,34.0,34.5,159.0,14.5,55.0,11.4
2025-01-15 04:00:00,2025,1,15,4,An Giang,Xã Giồng Riềng,9.9237413,105.2736878,84,Moderate,1,22.9,97,0.2,5.3,45,1011.2,100,34.8,35.3,171.0,14.4,52.0,11.2
2025-01-15 05:00:00,2025,1,15,5,An Giang,Xã Giồng Riềng,9.9237413,105.2736878,85,Moderate,1,23.2,96,0.2,6.7,59,1011.4,100,33.1,33.5,177.0,14.2,46.0,10.7
2025-01-15 06:00:00,2025,1,15,6,An Giang,Xã Giồng Riềng,9.9237413,105.2736878,86,Moderate,1,23.2,96,0.0,8.2,50,1011.8,89,29.5,29.9,186.0,13.8,39.0,10.1
2025-01-15 07:00:00,2025,1,15,7,An Giang,Xã Giồng Riềng,9.9237413,105.2736878,87,Moderate,1,23.3,96,0.1,7.9,39,1012.6,93,20.8,21.2,201.0,13.0,43.0,7.5
2025-01-15 08:00:00,2025,1,15,8,An Giang,Xã Giồng Riềng,9.9237413,105.2736878,86,Moderate,1,25.0,92,0.2,8.1,51,1013.5,97,17.4,17.7,232.0,10.8,56.0,8.1
2025-01-15 09:00:00,2025,1,15,9,An Giang,Xã Giồng Riềng,9.9237413,105.2736878,84,Moderate,1,25.7,89,0.4,9.3,43,1014.1,61,13.9,14.1,269.0,7.7,74.0,8.8
2025-01-15 10:00:00,2025,1,15,10,An Giang,Xã Giồng Riềng,9.9237413,105.2736878,82,Moderate,1,27.0,84,0.1,11.0,26,1013.8,13,13.0,13.3,290.0,5.2,92.0,9.5
2025-01-15 11:00:00,2025,1,15,11,An Giang,Xã Giồng Riềng,9.9237413,105.2736878,80,Moderate,1,28.3,77,0.1,15.2,47,1013.2,100,14.2,14.6,279.0,3.8,110.0,9.9
2025-01-15 12:00:00,2025,1,15,12,An Giang,Xã Giồng Riềng,9.9237413,105.2736878,79,Moderate,1,28.7,73,0.0,16.8,59,1012.5,94,15.7,16.3,252.0,3.0,129.0,10.2
2025-01-15 13:00:00,2025,1,15,13,An Giang,Xã Giồng Riềng,9.9237413,105.2736878,78,Moderate,1,29.5,71,0.1,17.5,60,1011.2,100,17.0,17.6,229.0,2.6,143.0,10.4
2025-01-15 14:00:00,2025,1,15,14,An Giang,Xã Giồng Riềng,9.9237413,105.2736878,77,Moderate,1,27.2,83,2.8,11.0,75,1010.3,93,18.7,19.3,216.0,2.3,152.0,10.4
2025-01-15 15:00:00,2025,1,15,15,An Giang,Xã Giồng Riềng,9.9237413,105.2736878,76,Moderate,1,27.7,82,1.5,12.7,40,1009.6,88,19.4,20.1,209.0,2.4,157.0,10.2
2025-01-15 16:00:00,2025,1,15,16,An Giang,Xã Giồng Riềng,9.9237413,105.2736878,76,Moderate,1,26.7,87,1.0,10.6,100,1009.5,90,20.5,21.1,211.0,3.1,155.0,10.3
2025-01-15 17:00:00,2025,1,15,17,An Giang,Xã Giồng Riềng,9.9237413,105.2736878,82,Moderate,1,26.5,89,0.0,4.5,106,1009.6,31,20.4,20.8,230.0,4.9,143.0,10.8
2025-01-15 18:00:00,2025,1,15,18,An Giang,Xã Giồng Riềng,9.9237413,105.2736878,96,Moderate,1,25.5,90,0.2,14.2,36,1010.8,29,21.1,21.4,258.0,7.5,124.0,11.6
2025-01-15 19:00:00,2025,1,15,19,An Giang,Xã Giồng Riềng,9.9237413,105.2736878,103,Unhealthy for Sensitive Groups,2,24.4,92,0.0,9.1,21,1011.6,11,26.8,27.7,285.0,9.5,114.0,13.2
2025-01-15 20:00:00,2025,1,15,20,An Giang,Xã Giồng Riềng,9.9237413,105.2736878,104,Unhealthy for Sensitive Groups,2,24.5,94,0.0,6.3,31,1012.1,96,29.2,29.8,308.0,11.3,104.0,14.1
2025-01-15 21:00:00,2025,1,15,21,An Giang,Xã Giồng Riềng,9.9237413,105.2736878,99,Moderate,1,24.2,95,0.0,4.0,108,1012.3,100,32.7,33.8,329.0,13.9,89.0,15.4
2025-01-15 22:00:00,2025,1,15,22,An Giang,Xã Giồng Riềng,9.9237413,105.2736878,87,Moderate,1,24.1,95,0.0,2.8,101,1012.2,44,38.0,39.1,339.0,16.0,76.0,16.1
2025-01-15 23:00:00,2025,1,15,23,An Giang,Xã Giồng Riềng,9.9237413,105.2736878,77,Moderate,1,23.9,95,0.0,2.7,28,1012.5,29,42.1,43.3,331.0,17.2,66.0,15.8
2025-01-16 00:00:00,2025,1,16,0,An Giang,Xã Giồng Riềng,9.9237413,105.2736878,78,Moderate,1,23.6,97,0.0,5.3,336,1012.5,76,43.0,44.2,312.0,18.0,58.0,15.0
2025-01-16 01:00:00,2025,1,16,1,An Giang,Xã Giồng Riềng,9.9237413,105.2736878,79,Moderate,1,23.5,97,0.0,8.4,353,1012.0,43,43.0,44.1,301.0,18.7,51.0,14.4
2025-01-16 02:00:00,2025,1,16,2,An Giang,Xã Giồng Riềng,9.9237413,105.2736878,80,Moderate,1,23.1,97,0.0,5.2,356,1011.6,3,44.0,45.1,307.0,19.6,44.0,14.2
2025-01-16 03:00:00,2025,1,16,3,An Giang,Xã Giồng Riềng,9.9237413,105.2736878,81,Moderate,1,22.4,98,0.0,3.9,22,1011.3,20,46.2,47.3,321.0,20.4,38.0,14.1
2025-01-16 04:00:00,2025,1,16,4,An Giang,Xã Giồng Riềng,9.9237413,105.2736878,82,Moderate,1,22.7,97,0.0,5.4,21,1011.2,100,48.4,49.5,330.0,20.7,33.0,14.1
2025-01-16 05:00:00,2025,1,16,5,An Giang,Xã Giồng Riềng,9.9237413,105.2736878,84,Moderate,1,23.1,96,0.1,7.1,34,1011.4,86,50.8,51.7,328.0,20.7,28.0,14.4
2025-01-16 06:00:00,2025,1,16,6,An Giang,Xã Giồng Riềng,9.9237413,105.2736878,85,Moderate,1,23.0,97,0.0,5.7,24,1012.0,98,51.9,52.5,320.0,20.2,25.0,14.8
2025-01-16 07:00:00,2025,1,16,7,An Giang,Xã Giồng Riềng,9.9237413,105.2736878,87,Moderate,1,23.5,96,0.0,8.2,15,1012.5,24,35.2,35.5,311.0,18.5,32.0,15.1
2025-01-16 08:00:00,2025,1,16,8,An Giang,Xã Giồng Riềng,9.9237413,105.2736878,89,Moderate,1,25.2,89,0.0,9.9,45,1013.5,47,29.2,29.5,302.0,16.1,45.0,15.8
2025-01-16 09:00:00,2025,1,16,9,An Giang,Xã Giồng Riềng,9.9237413,105.2736878,90,Moderate,1,26.2,89,0.0,7.8,37,1014.4,16,20.1,20.6,292.0,12.8,64.0,16.8
2025-01-16 10:00:00,2025,1,16,10,An Giang,Xã Giồng Riềng,9.9237413,105.2736878,90,Moderate,1,27.3,83,0.0,12.0,37,1014.1,25,15.4,15.8,279.0,9.8,84.0,17.1
2025-01-16 11:00:00,2025,1,16,11,An Giang,Xã Giồng Riềng,9.9237413,105.2736878,90,Moderate,1,28.0,77,0.1,16.4,40,1013.6,28,14.3,14.5,258.0,7.4,104.0,16.3
2025-01-16 12:00:00,2025,1,16,12,An Giang,Xã Giồng Riềng,9.9237413,105.2736878,90,Moderate,1,28.6,72,0.1,16.7,45,1012.6,21,15.7,15.9,234.0,5.3,125.0,14.8
2025-01-16 13:00:00,2025,1,16,13,An Giang,Xã Giồng Riềng,9.9237413,105.2736878,90,Moderate,1,29.0,70,0.1,16.1,53,1011.4,31,16.9,17.0,217.0,3.8,141.0,13.6
2025-01-16 14:00:00,2025,1,16,14,An Giang,Xã Giồng Riềng,9.9237413,105.2736878,90,Moderate,1,29.2,70,0.0,13.5,61,1010.3,88,17.3,17.5,210.0,2.9,150.0,12.8
2025-01-16 15:00:00,2025,1,16,15,An Giang,Xã Giồng Riềng,9.9237413,105.2736878,90,Moderate,1,29.3,68,0.0,14.1,46,1009.6,100,17.8,17.9,211.0,2.6,155.0,12.2
2025-01-16 16:00:00,2025,1,16,16,An Giang,Xã Giồng Riềng,9.9237413,105.2736878,90,Moderate,1,28.9,69,0.0,12.2,44,1009.4,99,17.9,18.0,216.0,3.5,151.0,12.0
2025-01-16 17:00:00,2025,1,16,17,An Giang,Xã Giồng Riềng,9.9237413,105.2736878,90,Moderate,1,28.2,73,0.0,9.9,57,1009.6,26,18.9,19.0,224.0,6.2,135.0,12.6
2025-01-16 18:00:00,2025,1,16,18,An Giang,Xã Giồng Riềng,9.9237413,105.2736878,90,Moderate,1,27.2,72,0.0,10.4,51,1010.0,74,21.9,22.0,237.0,10.1,112.0,13.6
2025-01-16 19:00:00,2025,1,16,19,An Giang,Xã Giồng Riềng,9.9237413,105.2736878,95,Moderate,1,26.2,77,0.0,8.5,69,1010.8,28,31.2,31.8,261.0,11.8,97.0,14.2
2025-01-16 20:00:00,2025,1,16,20,An Giang,Xã Giồng Riềng,9.9237413,105.2736878,93,Moderate,1,25.6,83,0.0,5.1,86,1012.1,97,31.9,32.1,311.0,12.2,91.0,14.0
2025-01-16 21:00:00,2025,1,16,21,An Giang,Xã Giồng Riềng,9.9237413,105.2736878,90,Moderate,1,25.5,85,0.0,7.6,78,1012.9,99,30.6,31.3,372.0,12.7,82.0,13.8
2025-01-16 22:00:00,2025,1,16,22,An Giang,Xã Giồng Riềng,9.9237413,105.2736878,90,Moderate,1,25.0,87,0.0,9.3,75,1012.9,63,28.8,29.7,402.0,13.4,73.0,13.5
2025-01-16 23:00:00,2025,1,16,23,An Giang,Xã Giồng Riềng,9.9237413,105.2736878,89,Moderate,1,24.4,89,0.0,10.5,82,1013.2,51,29.5,31.2,371.0,14.7,63.0,13.3
2025-01-17 00:00:00,2025,1,17,0,An Giang,Xã Giồng Riềng,9.9237413,105.2736878,88,Moderate,1,24.0,91,0.0,11.3,63,1012.8,84,30.7,32.4,309.0,16.1,52.0,13.0
2025-01-17 01:00:00,2025,1,17,1,An Giang,Xã Giồng Riềng,9.9237413,105.2736878,87,Moderate,1,23.9,83,0.0,13.9,40,1012.4,100,28.2,29.3,265.0,16.3,46.0,12.3
2025-01-17 02:00:00,2025,1,17,2,An Giang,Xã Giồng Riềng,9.9237413,105.2736878,86,Moderate,1,23.1,73,0.0,13.5,25,1011.9,100,22.4,22.8,262.0,14.3,47.0,10.7
2025-01-17 03:00:00,2025,1,17,3,An Giang,Xã Giồng Riềng,9.9237413,105.2736878,84,Moderate,1,22.4,71,0.0,13.4,22,1011.5,100,17.7,17.9,278.0,11.1,52.0,8.5
2025-01-17 04:00:00,2025,1,17,4,An Giang,Xã Giồng Riềng,9.9237413,105.2736878,81,Moderate,1,22.0,71,0.0,13.0,24,1011.4,100,15.1,15.3,293.0,8.7,56.0,6.9
2025-01-17 05:00:00,2025,1,17,5,An Giang,Xã Giồng Riềng,9.9237413,105.2736878,78,Moderate,1,21.6,72,0.0,12.7,31,1011.7,100,14.0,14.1,300.0,7.9,56.0,6.1
2025-01-17 06:00:00,2025,1,17,6,An Giang,Xã Giồng Riềng,9.9237413,105.2736878,75,Moderate,1,21.4,73,0.0,13.2,28,1012.0,100,13.8,14.0,306.0,7.9,56.0,5.8
2025-01-17 07:00:00,2025,1,17,7,An Giang,Xã Giồng Riềng,9.9237413,105.2736878,72,Moderate,1,21.3,76,0.0,14.1,19,1012.4,99,11.0,11.0,311.0,7.7,55.0,6.4
2025-01-17 08:00:00,2025,1,17,8,An Giang,Xã Giồng Riềng,9.9237413,105.2736878,70,Moderate,1,22.9,77,0.0,12.2,22,1013.7,49,11.7,11.8,316.0,6.4,65.0,6.2
2025-01-17 09:00:00,2025,1,17,9,An Giang,Xã Giồng Riềng,9.9237413,105.2736878,68,Moderate,1,24.1,72,0.0,14.3,20,1014.0,22,11.2,11.4,320.0,4.7,79.0,6.0
2025-01-17 10:00:00,2025,1,17,10,An Giang,Xã Giồng Riềng,9.9237413,105.2736878,67,Moderate,1,25.1,70,0.0,15.1,17,1013.6,6,11.6,11.8,323.0,3.3,92.0,6.0
2025-01-17 11:00:00,2025,1,17,11,An Giang,Xã Giồng Riềng,9.9237413,105.2736878,67,Moderate,1,26.1,69,0.0,14.2,20,1012.9,15,12.0,12.2,323.0,2.6,103.0,6.2
2025-01-17 12:00:00,2025,1,17,12,An Giang,Xã Giồng Riềng,9.9237413,105.2736878,67,Moderate,1,27.0,68,0.0,13.4,27,1011.7,6,12.4,12.6,321.0,2.2,114.0,6.6
2025-01-17 13:00:00,2025,1,17,13,An Giang,Xã Giồng Riềng,9.9237413,105.2736878,67,Moderate,1,27.5,68,0.0,11.0,32,1010.6,57,13.2,13.4,320.0,2.0,123.0,7.1
2025-01-17 14:00:00,2025,1,17,14,An Giang,Xã Giồng Riềng,9.9237413,105.2736878,66,Moderate,1,28.0,68,0.0,10.1,35,1009.7,100,14.2,14.3,317.0,1.6,131.0,7.5
2025-01-17 15:00:00,2025,1,17,15,An Giang,Xã Giồng Riềng,9.9237413,105.2736878,66,Moderate,1,28.2,68,0.0,9.9,33,1009.1,99,14.8,15.0,315.0,1.4,136.0,7.9
2025-01-17 16:00:00,2025,1,17,16,An Giang,Xã Giồng Riềng,9.9237413,105.2736878,66,Moderate,1,28.0,69,0.0,10.1,27,1008.9,99,15.4,15.6,321.0,2.9,135.0,8.9
2025-01-17 17:00:00,2025,1,17,17,An Giang,Xã Giồng Riềng,9.9237413,105.2736878,65,Moderate,1,27.3,73,0.0,7.1,24,1009.1,100,17.0,17.2,340.0,7.5,123.0,11.0
2025-01-17 18:00:00,2025,1,17,18,An Giang,Xã Giồng Riềng,9.9237413,105.2736878,70,Moderate,1,25.6,82,0.0,4.1,23,1009.6,55,24.1,24.2,367.0,13.7,104.0,13.7
2025-01-17 19:00:00,2025,1,17,19,An Giang,Xã Giồng Riềng,9.9237413,105.2736878,73,Moderate,1,25.1,80,0.0,2.2,360,1010.0,9,29.0,29.2,395.0,17.7,77.0,13.7
2025-01-17 20:00:00,2025,1,17,20,An Giang,Xã Giồng Riềng,9.9237413,105.2736878,67,Moderate,1,25.9,77,0.0,1.8,45,1010.6,97,39.5,39.7,429.0,19.3,70.0,15.1
2025-01-17 21:00:00,2025,1,17,21,An Giang,Xã Giồng Riềng,9.9237413,105.2736878,66,Moderate,1,25.1,78,0.0,3.8,11,1010.9,99,44.4,44.9,464.0,21.4,60.0,17.0
2025-01-17 22:00:00,2025,1,17,22,An Giang,Xã Giồng Riềng,9.9237413,105.2736878,67,Moderate,1,24.4,82,0.0,3.0,76,1011.2,97,42.4,43.2,476.0,22.3,53.0,17.6
2025-01-17 23:00:00,2025,1,17,23,An Giang,Xã Giồng Riềng,9.9237413,105.2736878,68,Moderate,1,23.6,87,0.0,9.0,127,1011.6,98,37.6,38.9,444.0,20.5,51.0,15.6
2025-01-18 00:00:00,2025,1,18,0,An Giang,Xã Giồng Riềng,9.9237413,105.2736878,69,Moderate,1,22.9,90,0.0,5.0,136,1011.0,97,34.7,36.6,389.0,17.6,50.0,12.5
2025-01-18 01:00:00,2025,1,18,1,An Giang,Xã Giồng Riềng,9.9237413,105.2736878,69,Moderate,1,22.4,92,0.0,3.7,129,1010.9,100,34.5,36.6,346.0,16.6,48.0,10.4
2025-01-18 02:00:00,2025,1,18,2,An Giang,Xã Giồng Riềng,9.9237413,105.2736878,70,Moderate,1,22.4,91,0.0,3.5,118,1010.7,25,37.8,40.2,325.0,19.6,42.0,10.8
2025-01-18 03:00:00,2025,1,18,3,An Giang,Xã Giồng Riềng,9.9237413,105.2736878,71,Moderate,1,22.0,91,0.0,2.7,122,1010.3,0,45.3,47.8,316.0,24.5,34.0,12.2
2025-01-18 04:00:00,2025,1,18,4,An Giang,Xã Giồng Riềng,9.9237413,105.2736878,74,Moderate,1,21.8,91,0.0,0.7,194,1009.9,1,55.6,58.3,322.0,27.9,27.0,13.3
2025-01-18 05:00:00,2025,1,18,5,An Giang,Xã Giồng Riềng,9.9237413,105.2736878,77,Moderate,1,21.2,94,0.0,3.9,317,1010.2,0,63.6,65.9,353.0,28.7,19.0,13.2
2025-01-18 06:00:00,2025,1,18,6,An Giang,Xã Giồng Riềng,9.9237413,105.2736878,82,Moderate,1,20.8,97,0.0,4.8,329,1010.8,0,73.1,73.8,397.0,27.9,12.0,12.6
2025-01-18 07:00:00,2025,1,18,7,An Giang,Xã Giồng Riềng,9.9237413,105.2736878,87,Moderate,1,21.2,95,0.0,8.0,335,1011.6,0,63.1,64.0,428.0,23.6,29.0,15.1
2025-01-18 08:00:00,2025,1,18,8,An Giang,Xã Giồng Riềng,9.9237413,105.2736878,92,Moderate,1,22.9,83,0.0,7.4,356,1013.0,19,51.9,52.2,430.0,18.2,52.0,14.0
2025-01-18 09:00:00,2025,1,18,9,An Giang,Xã Giồng Riềng,9.9237413,105.2736878,95,Moderate,1,24.2,76,0.0,8.1,5,1013.8,27,40.2,40.5,418.0,10.7,85.0,12.4
2025-01-18 10:00:00,2025,1,18,10,An Giang,Xã Giồng Riềng,9.9237413,105.2736878,98,Moderate,1,25.5,71,0.0,8.4,10,1013.7,0,35.5,36.0,404.0,5.0,113.0,11.3
2025-01-18 11:00:00,2025,1,18,11,An Giang,Xã Giồng Riềng,9.9237413,105.2736878,100,Moderate,1,26.4,70,0.0,8.3,11,1013.1,37,34.6,35.2,391.0,2.9,131.0,11.0
2025-01-18 12:00:00,2025,1,18,12,An Giang,Xã Giồng Riềng,9.9237413,105.2736878,102,Unhealthy for Sensitive Groups,2,27.1,69,0.0,7.6,19,1012.4,0,34.8,35.5,376.0,2.5,144.0,11.1
2025-01-18 13:00:00,2025,1,18,13,An Giang,Xã Giồng Riềng,9.9237413,105.2736878,105,Unhealthy for Sensitive Groups,2,27.8,66,0.0,7.1,30,1011.6,4,34.5,35.2,364.0,2.5,151.0,11.0
2025-01-18 14:00:00,2025,1,18,14,An Giang,Xã Giồng Riềng,9.9237413,105.2736878,107,Unhealthy for Sensitive Groups,2,28.0,64,0.0,8.5,27,1010.4,26,32.5,33.3,356.0,2.0,153.0,10.2
2025-01-18 15:00:00,2025,1,18,15,An Giang,Xã Giồng Riềng,9.9237413,105.2736878,109,Unhealthy for Sensitive Groups,2,27.8,65,0.0,9.7,18,1009.6,78,30.6,31.3,352.0,1.8,150.0,9.2
2025-01-18 16:00:00,2025,1,18,16,An Giang,Xã Giồng Riềng,9.9237413,105.2736878,110,Unhealthy for Sensitive Groups,2,27.6,66,0.0,10.7,17,1009.1,28,29.1,29.8,353.0,3.0,142.0,8.9
2025-01-18 17:00:00,2025,1,18,17,An Giang,Xã Giồng Riềng,9.9237413,105.2736878,112,Unhealthy for Sensitive Groups,2,26.9,71,0.0,11.4,15,1008.9,2,29.0,29.6,361.0,6.4,126.0,9.7
2025-01-18 18:00:00,2025,1,18,18,An Giang,Xã Giồng Riềng,9.9237413,105.2736878,113,Unhealthy for Sensitive Groups,2,25.5,76,0.0,8.6,8,1008.9,63,33.8,34.2,376.0,11.2,104.0,11.2
2025-01-18 19:00:00,2025,1,18,19,An Giang,Xã Giồng Riềng,9.9237413,105.2736878,114,Unhealthy for Sensitive Groups,2,24.8,79,0.0,7.4,4,1009.4,1,32.1,32.1,393.0,15.1,86.0,12.7
2025-01-18 20:00:00,2025,1,18,20,An Giang,Xã Giồng Riềng,9.9237413,105.2736878,114,Unhealthy for Sensitive Groups,2,24.5,85,0.0,4.7,358,1010.6,97,36.6,36.7,418.0,17.5,82.0,15.3
2025-01-18 21:00:00,2025,1,18,21,An Giang,Xã Giồng Riềng,9.9237413,105.2736878,114,Unhealthy for Sensitive Groups,2,24.1,87,0.0,4.3,358,1010.7,72,41.8,41.9,446.0,20.8,76.0,18.9
2025-01-18 22:00:00,2025,1,18,22,An Giang,Xã Giồng Riềng,9.9237413,105.2736878,114,Unhealthy for Sensitive Groups,2,23.8,88,0.0,4.7,356,1010.8,86,50.1,50.2,462.0,24.2,69.0,21.7
2025-01-18 23:00:00,2025,1,18,23,An Giang,Xã Giồng Riềng,9.9237413,105.2736878,115,Unhealthy for Sensitive Groups,2,23.8,86,0.0,2.8,35,1010.7,98,59.3,59.5,455.0,27.5,61.0,23.2
2025-01-19 00:00:00,2025,1,19,0,An Giang,Xã Giồng Riềng,9.9237413,105.2736878,117,Unhealthy for Sensitive Groups,2,23.6,86,0.0,1.4,50,1010.5,90,67.3,67.5,437.0,30.9,53.0,24.1
2025-01-19 01:00:00,2025,1,19,1,An Giang,Xã Giồng Riềng,9.9237413,105.2736878,120,Unhealthy for Sensitive Groups,2,23.0,88,0.0,4.1,34,1010.1,84,70.5,71.2,426.0,33.5,45.0,24.1
2025-01-19 02:00:00,2025,1,19,2,An Giang,Xã Giồng Riềng,9.9237413,105.2736878,124,Unhealthy for Sensitive Groups,2,22.3,91,0.0,4.5,76,1009.8,98,70.8,72.4,431.0,35.3,37.0,23.1
2025-01-19 03:00:00,2025,1,19,3,An Giang,Xã Giồng Riềng,9.9237413,105.2736878,127,Unhealthy for Sensitive Groups,2,22.0,93,0.0,2.6,51,1009.2,89,71.2,73.3,444.0,36.4,30.0,21.4
2025-01-19 04:00:00,2025,1,19,4,An Giang,Xã Giồng Riềng,9.9237413,105.2736878,130,Unhealthy for Sensitive Groups,2,21.4,95,0.0,2.2,42,1009.0,100,75.0,76.8,459.0,36.4,25.0,19.6
2025-01-19 05:00:00,2025,1,19,5,An Giang,Xã Giồng Riềng,9.9237413,105.2736878,132,Unhealthy for Sensitive Groups,2,21.0,96,0.0,1.8,6,1009.4,96,81.0,82.7,482.0,35.3,18.0,17.7
2025-01-19 06:00:00,2025,1,19,6,An Giang,Xã Giồng Riềng,9.9237413,105.2736878,134,Unhealthy for Sensitive Groups,2,20.7,97,0.0,3.3,338,1009.9,100,83.8,85.2,508.0,33.1,14.0,15.6
2025-01-19 07:00:00,2025,1,19,7,An Giang,Xã Giồng Riềng,9.9237413,105.2736878,135,Unhealthy for Sensitive Groups,2,21.1,94,0.0,6.6,334,1010.6,47,112.7,113.4,515.0,31.2,20.0,14.1
2025-01-19 08:00:00,2025,1,19,8,An Giang,Xã Giồng Riềng,9.9237413,105.2736878,140,Unhealthy for Sensitive Groups,2,23.7,85,0.0,4.1,345,1011.9,86,84.1,85.0,486.0,24.6,45.0,14.4
2025-01-19 09:00:00,2025,1,19,9,An Giang,Xã Giồng Riềng,9.9237413,105.2736878,144,Unhealthy for Sensitive Groups,2,25.5,77,0.0,4.2,10,1012.3,55,51.6,53.8,439.0,15.4,81.0,14.8
2025-01-19 10:00:00,2025,1,19,10,An Giang,Xã Giồng Riềng,9.9237413,105.2736878,145,Unhealthy for Sensitive Groups,2,26.8,75,0.0,3.4,25,1012.1,94,41.0,43.1,399.0,8.3,111.0,14.8
2025-01-19 11:00:00,2025,1,19,11,An Giang,Xã Giồng Riềng,9.9237413,105.2736878,145,Unhealthy for Sensitive Groups,2,27.9,72,0.0,2.8,40,1011.6,88,40.5,42.3,377.0,5.2,130.0,14.0
2025-01-19 12:00:00,2025,1,19,12,An Giang,Xã Giồng Riềng,9.9237413,105.2736878,146,Unhealthy for Sensitive Groups,2,28.9,67,0.0,5.9,59,1010.8,100,43.1,44.6,362.0,4.2,143.0,12.7
2025-01-19 13:00:00,2025,1,19,13,An Giang,Xã Giồng Riềng,9.9237413,105.2736878,147,Unhealthy for Sensitive Groups,2,29.3,65,0.0,6.9,51,1009.8,100,45.2,46.6,353.0,3.7,152.0,11.5
2025-01-19 14:00:00,2025,1,19,14,An Giang,Xã Giồng Riềng,9.9237413,105.2736878,148,Unhealthy for Sensitive Groups,2,29.6,63,0.0,7.4,51,1008.6,100,47.4,48.7,347.0,3.0,160.0,10.4
2025-01-19 15:00:00,2025,1,19,15,An Giang,Xã Giồng Riềng,9.9237413,105.2736878,150,Unhealthy for Sensitive Groups,2,29.4,63,0.0,8.8,43,1007.6,100,48.1,49.4,347.0,2.9,164.0,9.4
2025-01-19 16:00:00,2025,1,19,16,An Giang,Xã Giồng Riềng,9.9237413,105.2736878,150,Unhealthy for Sensitive Groups,2,29.1,64,0.0,9.0,43,1007.5,100,47.1,48.3,356.0,3.8,161.0,9.0
2025-01-19 17:00:00,2025,1,19,17,An Giang,Xã Giồng Riềng,9.9237413,105.2736878,151,Unhealthy,3,28.3,71,0.0,7.7,33,1007.5,99,48.2,49.1,377.0,6.5,145.0,9.4
2025-01-19 18:00:00,2025,1,19,18,An Giang,Xã Giồng Riềng,9.9237413,105.2736878,151,Unhealthy,3,26.7,78,0.0,5.2,16,1007.8,86,52.4,53.1,407.0,10.3,122.0,10.5
2025-01-19 19:00:00,2025,1,19,19,An Giang,Xã Giồng Riềng,9.9237413,105.2736878,152,Unhealthy,3,25.5,83,0.0,5.5,351,1008.3,100,62.2,62.6,437.0,17.5,98.0,15.0
2025-01-19 20:00:00,2025,1,19,20,An Giang,Xã Giồng Riềng,9.9237413,105.2736878,152,Unhealthy,3,25.8,83,0.0,6.3,342,1009.6,100,73.8,74.3,477.0,22.6,85.0,18.7
2025-01-19 21:00:00,2025,1,19,21,An Giang,Xã Giồng Riềng,9.9237413,105.2736878,153,Unhealthy,3,25.0,84,0.0,5.1,352,1010.2,100,85.2,85.9,517.0,29.4,67.0,23.6
2025-01-19 22:00:00,2025,1,19,22,An Giang,Xã Giồng Riềng,9.9237413,105.2736878,154,Unhealthy,3,25.0,84,0.0,0.3,225,1010.3,100,92.4,93.1,521.0,32.6,53.0,25.6
2025-01-19 23:00:00,2025,1,19,23,An Giang,Xã Giồng Riềng,9.9237413,105.2736878,155,Unhealthy,3,24.6,85,0.0,0.7,166,1010.3,97,81.0,81.5,459.0,28.6,49.0,21.9
2025-01-20 00:00:00,2025,1,20,0,An Giang,Xã Giồng Riềng,9.9237413,105.2736878,155,Unhealthy,3,23.8,91,0.0,7.9,147,1010.1,93,53.8,54.8,361.0,20.9,49.0,15.3
2025-01-20 01:00:00,2025,1,20,1,An Giang,Xã Giồng Riềng,9.9237413,105.2736878,155,Unhealthy,3,23.3,94,0.0,7.3,149,1009.8,79,34.3,35.5,286.0,15.0,50.0,10.0
2025-01-20 02:00:00,2025,1,20,2,An Giang,Xã Giồng Riềng,9.9237413,105.2736878,154,Unhealthy,3,22.6,96,0.0,6.4,135,1009.3,100,22.4,24.6,259.0,12.9,49.0,7.6
2025-01-20 03:00:00,2025,1,20,3,An Giang,Xã Giồng Riềng,9.9237413,105.2736878,153,Unhealthy,3,22.5,96,0.0,5.7,108,1008.7,98,18.1,20.4,254.0,12.6,49.0,6.6
2025-01-20 04:00:00,2025,1,20,4,An Giang,Xã Giồng Riềng,9.9237413,105.2736878,152,Unhealthy,3,22.1,97,0.0,5.8,116,1008.3,71,18.7,21.2,254.0,13.3,47.0,6.0
2025-01-20 05:00:00,2025,1,20,5,An Giang,Xã Giồng Riềng,9.9237413,105.2736878,151,Unhealthy,3,21.6,97,0.0,5.3,108,1008.6,99,22.4,25.1,257.0,15.7,42.0,5.6
2025-01-20 06:00:00,2025,1,20,6,An Giang,Xã Giồng Riềng,9.9237413,105.2736878,148,Unhealthy for Sensitive Groups,2,21.1,97,0.0,4.4,117,1009.1,99,27.6,30.7,265.0,19.1,35.0,5.7
2025-01-20 07:00:00,2025,1,20,7,An Giang,Xã Giồng Riềng,9.9237413,105.2736878,142,Unhealthy for Sensitive Groups,2,21.9,95,0.0,5.6,112,1009.8,96,28.9,31.7,268.0,16.9,35.0,7.7
2025-01-20 08:00:00,2025,1,20,8,An Giang,Xã Giồng Riềng,9.9237413,105.2736878,133,Unhealthy for Sensitive Groups,2,24.1,90,0.0,5.2,92,1010.8,89,22.1,25.6,261.0,14.2,49.0,8.5
2025-01-20 09:00:00,2025,1,20,9,An Giang,Xã Giồng Riềng,9.9237413,105.2736878,127,Unhealthy for Sensitive Groups,2,25.7,84,0.0,6.7,96,1011.3,85,20.6,24.7,250.0,10.3,69.0,9.6
2025-01-20 10:00:00,2025,1,20,10,An Giang,Xã Giồng Riềng,9.9237413,105.2736878,123,Unhealthy for Sensitive Groups,2,27.2,74,0.0,6.5,95,1011.5,23,21.9,26.8,243.0,7.1,88.0,10.4
2025-01-20 11:00:00,2025,1,20,11,An Giang,Xã Giồng Riềng,9.9237413,105.2736878,121,Unhealthy for Sensitive Groups,2,28.1,68,0.0,6.6,55,1011.3,83,21.9,26.0,246.0,5.0,106.0,10.6
2025-01-20 12:00:00,2025,1,20,12,An Giang,Xã Giồng Riềng,9.9237413,105.2736878,119,Unhealthy for Sensitive Groups,2,28.6,64,0.0,7.6,31,1010.6,99,23.3,25.2,253.0,3.5,124.0,10.5
2025-01-20 13:00:00,2025,1,20,13,An Giang,Xã Giồng Riềng,9.9237413,105.2736878,117,Unhealthy for Sensitive Groups,2,29.0,61,0.0,7.7,24,1009.8,97,26.1,27.7,259.0,2.5,138.0,10.1
2025-01-20 14:00:00,2025,1,20,14,An Giang,Xã Giồng Riềng,9.9237413,105.2736878,115,Unhealthy for Sensitive Groups,2,29.4,58,0.0,7.9,21,1008.8,54,27.9,29.3,259.0,1.9,148.0,9.2
2025-01-20 15:00:00,2025,1,20,15,An Giang,Xã Giồng Riềng,9.9237413,105.2736878,113,Unhealthy for Sensitive Groups,2,29.4,59,0.0,10.1,10,1008.2,98,28.8,29.9,259.0,1.8,153.0,8.0
2025-01-20 16:00:00,2025,1,20,16,An Giang,Xã Giồng Riềng,9.9237413,105.2736878,111,Unhealthy for Sensitive Groups,2,28.9,61,0.0,11.1,7,1008.0,100,29.0,30.0,268.0,3.1,151.0,7.6
2025-01-20 17:00:00,2025,1,20,17,An Giang,Xã Giồng Riềng,9.9237413,105.2736878,109,Unhealthy for Sensitive Groups,2,28.0,66,0.0,9.5,1,1008.3,9,29.8,30.5,296.0,6.7,136.0,8.6
2025-01-20 18:00:00,2025,1,20,18,An Giang,Xã Giồng Riềng,9.9237413,105.2736878,108,Unhealthy for Sensitive Groups,2,26.3,72,0.0,7.4,6,1008.6,8,33.4,33.9,333.0,11.8,114.0,10.5
2025-01-20 19:00:00,2025,1,20,19,An Giang,Xã Giồng Riềng,9.9237413,105.2736878,106,Unhealthy for Sensitive Groups,2,24.9,78,0.0,5.2,22,1009.3,44,64.7,66.4,366.0,18.5,87.0,14.0
2025-01-20 20:00:00,2025,1,20,20,An Giang,Xã Giồng Riềng,9.9237413,105.2736878,106,Unhealthy for Sensitive Groups,2,24.8,76,0.0,6.4,10,1010.0,40,70.5,71.9,396.0,17.8,81.0,14.2
2025-01-20 21:00:00,2025,1,20,21,An Giang,Xã Giồng Riềng,9.9237413,105.2736878,106,Unhealthy for Sensitive Groups,2,24.0,81,0.0,3.8,90,1010.5,100,68.2,69.4,421.0,16.8,73.0,14.3
2025-01-20 22:00:00,2025,1,20,22,An Giang,Xã Giồng Riềng,9.9237413,105.2736878,104,Unhealthy for Sensitive Groups,2,23.5,86,0.0,10.1,145,1011.0,100,60.5,61.9,424.0,15.7,67.0,13.8
2025-01-20 23:00:00,2025,1,20,23,An Giang,Xã Giồng Riềng,9.9237413,105.2736878,100,Moderate,1,23.4,88,0.0,8.4,135,1011.5,100,46.9,48.4,388.0,14.1,64.0,11.8
2025-01-21 00:00:00,2025,1,21,0,An Giang,Xã Giồng Riềng,9.9237413,105.2736878,97,Moderate,1,22.8,90,0.0,6.3,129,1011.3,99,33.2,35.0,330.0,12.3,62.0,9.1
2025-01-21 01:00:00,2025,1,21,1,An Giang,Xã Giồng Riềng,9.9237413,105.2736878,95,Moderate,1,22.1,92,0.0,5.9,125,1010.6,100,26.8,28.6,284.0,11.4,60.0,7.2
2025-01-21 02:00:00,2025,1,21,2,An Giang,Xã Giồng Riềng,9.9237413,105.2736878,95,Moderate,1,21.7,93,0.0,6.6,123,1010.2,98,26.4,29.0,261.0,12.0,57.0,6.6
2025-01-21 03:00:00,2025,1,21,3,An Giang,Xã Giồng Riềng,9.9237413,105.2736878,95,Moderate,1,21.2,95,0.0,6.2,120,1009.6,91,26.8,29.5,249.0,13.5,53.0,6.7
2025-01-21 04:00:00,2025,1,21,4,An Giang,Xã Giồng Riềng,9.9237413,105.2736878,96,Moderate,1,21.0,95,0.0,5.8,104,1009.5,55,28.3,31.2,246.0,15.2,50.0,7.2
2025-01-21 05:00:00,2025,1,21,5,An Giang,Xã Giồng Riềng,9.9237413,105.2736878,97,Moderate,1,20.6,96,0.0,5.5,101,1009.7,43,31.4,34.5,258.0,17.5,46.0,8.2
2025-01-21 06:00:00,2025,1,21,6,An Giang,Xã Giồng Riềng,9.9237413,105.2736878,98,Moderate,1,20.4,97,0.0,5.2,106,1010.1,50,34.7,38.0,280.0,19.9,42.0,9.6
2025-01-21 07:00:00,2025,1,21,7,An Giang,Xã Giồng Riềng,9.9237413,105.2736878,98,Moderate,1,21.0,95,0.0,7.5,105,1010.7,60,31.9,35.0,294.0,19.6,49.0,9.2
2025-01-21 08:00:00,2025,1,21,8,An Giang,Xã Giồng Riềng,9.9237413,105.2736878,99,Moderate,1,23.4,88,0.0,4.7,83,1012.0,81,28.8,32.1,290.0,16.1,63.0,9.8
2025-01-21 09:00:00,2025,1,21,9,An Giang,Xã Giồng Riềng,9.9237413,105.2736878,99,Moderate,1,25.1,80,0.0,7.3,81,1012.4,64,25.3,29.7,279.0,11.3,83.0,10.6
2025-01-21 10:00:00,2025,1,21,10,An Giang,Xã Giồng Riềng,9.9237413,105.2736878,100,Moderate,1,26.8,72,0.0,7.8,75,1012.4,58,24.3,26.8,272.0,7.3,103.0,11.0
2025-01-21 11:00:00,2025,1,21,11,An Giang,Xã Giồng Riềng,9.9237413,105.2736878,100,Moderate,1,28.2,60,0.0,8.9,63,1011.9,99,28.4,30.4,276.0,4.9,122.0,10.6
2025-01-21 12:00:00,2025,1,21,12,An Giang,Xã Giồng Riềng,9.9237413,105.2736878,100,Moderate,1,28.9,57,0.0,9.3,53,1011.0,100,32.9,34.7,284.0,3.4,140.0,9.7
2025-01-21 13:00:00,2025,1,21,13,An Giang,Xã Giồng Riềng,9.9237413,105.2736878,101,Unhealthy for Sensitive Groups,2,29.4,55,0.0,8.7,45,1010.2,34,35.2,36.6,291.0,2.5,154.0,9.0
2025-01-21 14:00:00,2025,1,21,14,An Giang,Xã Giồng Riềng,9.9237413,105.2736878,102,Unhealthy for Sensitive Groups,2,29.6,54,0.0,8.9,29,1008.9,48,36.9,38.2,291.0,1.9,163.0,8.4
2025-01-21 15:00:00,2025,1,21,15,An Giang,Xã Giồng Riềng,9.9237413,105.2736878,103,Unhealthy for Sensitive Groups,2,29.4,55,0.0,10.0,30,1008.1,26,38.3,39.5,291.0,1.8,168.0,8.0
2025-01-21 16:00:00,2025,1,21,16,An Giang,Xã Giồng Riềng,9.9237413,105.2736878,104,Unhealthy for Sensitive Groups,2,29.0,57,0.0,9.9,38,1008.0,95,39.6,40.7,297.0,3.3,164.0,8.3
2025-01-21 17:00:00,2025,1,21,17,An Giang,Xã Giồng Riềng,9.9237413,105.2736878,105,Unhealthy for Sensitive Groups,2,28.0,63,0.0,7.3,30,1007.8,88,42.1,43.1,316.0,7.4,147.0,10.0
2025-01-21 18:00:00,2025,1,21,18,An Giang,Xã Giồng Riềng,9.9237413,105.2736878,113,Unhealthy for Sensitive Groups,2,26.1,70,0.0,5.1,10,1008.3,40,48.8,49.6,343.0,12.9,122.0,12.6
2025-01-21 19:00:00,2025,1,21,19,An Giang,Xã Giồng Riềng,9.9237413,105.2736878,118,Unhealthy for Sensitive Groups,2,25.1,75,0.0,6.5,341,1009.0,98,52.3,52.9,370.0,15.7,101.0,13.8
2025-01-21 20:00:00,2025,1,21,20,An Giang,Xã Giồng Riềng,9.9237413,105.2736878,113,Unhealthy for Sensitive Groups,2,24.6,76,0.0,5.8,346,1010.4,97,59.6,60.1,404.0,16.0,93.0,14.1
2025-01-21 21:00:00,2025,1,21,21,An Giang,Xã Giồng Riềng,9.9237413,105.2736878,106,Unhealthy for Sensitive Groups,2,24.2,80,0.0,2.9,11,1010.8,100,58.9,59.4,440.0,16.4,83.0,14.4
2025-01-21 22:00:00,2025,1,21,22,An Giang,Xã Giồng Riềng,9.9237413,105.2736878,105,Unhealthy for Sensitive Groups,2,23.5,82,0.0,8.3,132,1011.0,96,50.3,50.8,452.0,16.2,76.0,14.0
2025-01-21 23:00:00,2025,1,21,23,An Giang,Xã Giồng Riềng,9.9237413,105.2736878,104,Unhealthy for Sensitive Groups,2,22.8,89,0.0,6.4,126,1011.0,100,40.4,41.1,423.0,14.8,76.0,12.2
2025-01-22 00:00:00,2025,1,22,0,An Giang,Xã Giồng Riềng,9.9237413,105.2736878,103,Unhealthy for Sensitive Groups,2,22.5,90,0.0,8.0,126,1010.6,100,32.0,33.1,371.0,12.8,79.0,9.8
2025-01-22 01:00:00,2025,1,22,1,An Giang,Xã Giồng Riềng,9.9237413,105.2736878,103,Unhealthy for Sensitive Groups,2,21.9,92,0.0,5.0,116,1010.4,100,27.0,28.3,328.0,11.4,80.0,7.9
2025-01-22 02:00:00,2025,1,22,2,An Giang,Xã Giồng Riềng,9.9237413,105.2736878,103,Unhealthy for Sensitive Groups,2,21.4,94,0.0,4.8,110,1010.2,90,25.1,26.8,308.0,11.2,78.0,7.1
2025-01-22 03:00:00,2025,1,22,3,An Giang,Xã Giồng Riềng,9.9237413,105.2736878,103,Unhealthy for Sensitive Groups,2,21.0,95,0.0,5.7,114,1009.5,85,25.4,27.1,298.0,11.7,75.0,6.8
2025-01-22 04:00:00,2025,1,22,4,An Giang,Xã Giồng Riềng,9.9237413,105.2736878,103,Unhealthy for Sensitive Groups,2,20.9,96,0.0,7.5,114,1009.6,99,26.2,28.3,291.0,12.4,71.0,6.9
2025-01-22 05:00:00,2025,1,22,5,An Giang,Xã Giồng Riềng,9.9237413,105.2736878,102,Unhealthy for Sensitive Groups,2,20.8,96,0.0,7.7,115,1010.2,100,26.9,29.7,285.0,13.8,64.0,7.3
2025-01-22 06:00:00,2025,1,22,6,An Giang,Xã Giồng Riềng,9.9237413,105.2736878,102,Unhealthy for Sensitive Groups,2,20.6,96,0.0,5.9,104,1010.9,100,28.5,31.3,282.0,15.6,56.0,7.9
2025-01-22 07:00:00,2025,1,22,7,An Giang,Xã Giồng Riềng,9.9237413,105.2736878,101,Unhealthy for Sensitive Groups,2,21.0,95,0.0,7.4,103,1011.5,100,27.7,30.3,277.0,14.6,62.0,8.4
2025-01-22 08:00:00,2025,1,22,8,An Giang,Xã Giồng Riềng,9.9237413,105.2736878,101,Unhealthy for Sensitive Groups,2,23.4,89,0.0,6.2,97,1012.4,100,25.8,28.8,265.0,12.6,72.0,9.0
2025-01-22 09:00:00,2025,1,22,9,An Giang,Xã Giồng Riềng,9.9237413,105.2736878,101,Unhealthy for Sensitive Groups,2,25.3,82,0.0,8.3,94,1013.0,100,23.9,27.6,251.0,9.8,88.0,10.0
2025-01-22 10:00:00,2025,1,22,10,An Giang,Xã Giồng Riềng,9.9237413,105.2736878,100,Moderate,1,27.0,73,0.0,8.8,94,1012.9,100,22.8,25.3,244.0,7.3,105.0,10.8
2025-01-22 11:00:00,2025,1,22,11,An Giang,Xã Giồng Riềng,9.9237413,105.2736878,100,Moderate,1,28.2,64,0.0,8.0,85,1012.5,37,25.1,26.7,250.0,5.3,127.0,11.5
2025-01-22 12:00:00,2025,1,22,12,An Giang,Xã Giồng Riềng,9.9237413,105.2736878,100,Moderate,1,29.0,61,0.0,6.9,67,1011.8,86,29.4,30.7,264.0,3.5,152.0,12.2
2025-01-22 13:00:00,2025,1,22,13,An Giang,Xã Giồng Riềng,9.9237413,105.2736878,100,Moderate,1,29.6,58,0.0,6.2,73,1010.7,99,32.0,33.3,275.0,2.4,169.0,12.6
2025-01-22 14:00:00,2025,1,22,14,An Giang,Xã Giồng Riềng,9.9237413,105.2736878,99,Moderate,1,29.8,56,0.0,6.7,90,1009.5,100,33.9,34.9,278.0,2.0,175.0,12.4
2025-01-22 15:00:00,2025,1,22,15,An Giang,Xã Giồng Riềng,9.9237413,105.2736878,99,Moderate,1,29.5,57,0.0,7.0,91,1009.0,79,35.3,36.3,278.0,2.3,173.0,11.9
2025-01-22 16:00:00,2025,1,22,16,An Giang,Xã Giồng Riềng,9.9237413,105.2736878,99,Moderate,1,29.8,55,0.0,3.0,73,1008.8,100,36.3,37.3,282.0,3.8,164.0,11.8
2025-01-22 17:00:00,2025,1,22,17,An Giang,Xã Giồng Riềng,9.9237413,105.2736878,112,Unhealthy for Sensitive Groups,2,29.5,55,0.0,1.0,338,1008.9,100,36.7,37.6,294.0,7.5,146.0,12.7
2025-01-22 18:00:00,2025,1,22,18,An Giang,Xã Giồng Riềng,9.9237413,105.2736878,124,Unhealthy for Sensitive Groups,2,27.9,68,0.0,2.9,4,1009.1,100,39.5,40.3,310.0,12.3,122.0,13.9
2025-01-22 19:00:00,2025,1,22,19,An Giang,Xã Giồng Riềng,9.9237413,105.2736878,128,Unhealthy for Sensitive Groups,2,26.5,72,0.0,5.7,103,1009.9,100,58.0,59.0,322.0,17.3,98.0,15.5
2025-01-22 20:00:00,2025,1,22,20,An Giang,Xã Giồng Riềng,9.9237413,105.2736878,122,Unhealthy for Sensitive Groups,2,26.8,76,0.0,4.3,123,1010.5,100,61.5,62.2,330.0,18.2,84.0,15.5
2025-01-22 21:00:00,2025,1,22,21,An Giang,Xã Giồng Riềng,9.9237413,105.2736878,107,Unhealthy for Sensitive Groups,2,25.8,77,0.0,4.8,112,1010.8,100,58.3,59.3,335.0,19.4,65.0,15.3
2025-01-22 22:00:00,2025,1,22,22,An Giang,Xã Giồng Riềng,9.9237413,105.2736878,98,Moderate,1,24.5,80,0.0,4.1,128,1011.0,94,49.7,50.4,333.0,19.8,51.0,14.7
2025-01-22 23:00:00,2025,1,22,23,An Giang,Xã Giồng Riềng,9.9237413,105.2736878,98,Moderate,1,23.8,80,0.0,8.1,148,1011.5,100,40.4,41.3,320.0,18.7,47.0,13.2
2025-01-23 00:00:00,2025,1,23,0,An Giang,Xã Giồng Riềng,9.9237413,105.2736878,98,Moderate,1,23.5,79,0.0,11.1,148,1011.8,100,31.8,32.8,299.0,16.9,48.0,11.2
2025-01-23 01:00:00,2025,1,23,1,An Giang,Xã Giồng Riềng,9.9237413,105.2736878,98,Moderate,1,23.0,79,0.0,9.4,138,1011.5,100,25.8,26.9,280.0,15.4,49.0,9.6
2025-01-23 02:00:00,2025,1,23,2,An Giang,Xã Giồng Riềng,9.9237413,105.2736878,98,Moderate,1,22.7,79,0.0,9.8,136,1010.9,100,22.9,24.0,263.0,14.5,50.0,8.5
2025-01-23 03:00:00,2025,1,23,3,An Giang,Xã Giồng Riềng,9.9237413,105.2736878,98,Moderate,1,22.6,78,0.0,8.8,137,1010.4,100,22.2,23.5,246.0,14.0,51.0,7.7
2025-01-23 04:00:00,2025,1,23,4,An Giang,Xã Giồng Riềng,9.9237413,105.2736878,97,Moderate,1,22.6,78,0.0,8.5,128,1010.1,100,23.1,24.6,236.0,14.5,51.0,7.6
2025-01-23 05:00:00,2025,1,23,5,An Giang,Xã Giồng Riềng,9.9237413,105.2736878,97,Moderate,1,22.5,79,0.0,8.9,126,1010.4,100,25.8,27.9,239.0,17.4,47.0,8.8
2025-01-23 06:00:00,2025,1,23,6,An Giang,Xã Giồng Riềng,9.9237413,105.2736878,97,Moderate,1,22.1,82,0.0,8.5,125,1010.7,100,30.3,32.7,248.0,21.3,42.0,10.7
2025-01-23 07:00:00,2025,1,23,7,An Giang,Xã Giồng Riềng,9.9237413,105.2736878,97,Moderate,1,22.5,83,0.0,8.8,121,1011.1,100,28.8,31.1,249.0,14.6,52.0,7.9
2025-01-23 08:00:00,2025,1,23,8,An Giang,Xã Giồng Riềng,9.9237413,105.2736878,97,Moderate,1,24.5,84,0.0,6.9,118,1012.3,100,26.1,27.9,233.0,12.1,62.0,8.2
2025-01-23 09:00:00,2025,1,23,9,An Giang,Xã Giồng Riềng,9.9237413,105.2736878,97,Moderate,1,26.2,77,0.0,8.9,117,1013.0,100,23.6,26.8,210.0,8.7,76.0,8.7
2025-01-23 10:00:00,2025,1,23,10,An Giang,Xã Giồng Riềng,9.9237413,105.2736878,97,Moderate,1,27.7,71,0.0,9.0,116,1012.7,100,22.0,25.4,192.0,5.8,89.0,9.0
2025-01-23 11:00:00,2025,1,23,11,An Giang,Xã Giồng Riềng,9.9237413,105.2736878,97,Moderate,1,29.0,67,0.0,7.8,95,1012.0,100,19.6,21.5,186.0,4.0,101.0,9.0
2025-01-23 12:00:00,2025,1,23,12,An Giang,Xã Giồng Riềng,9.9237413,105.2736878,97,Moderate,1,30.0,62,0.0,7.6,82,1011.1,100,21.8,23.5,186.0,2.7,113.0,8.8
2025-01-23 13:00:00,2025,1,23,13,An Giang,Xã Giồng Riềng,9.9237413,105.2736878,96,Moderate,1,30.8,58,0.0,9.3,71,1010.2,99,27.1,28.7,189.0,2.0,122.0,8.7
2025-01-23 14:00:00,2025,1,23,14,An Giang,Xã Giồng Riềng,9.9237413,105.2736878,95,Moderate,1,30.4,59,0.0,9.3,61,1009.0,71,30.9,32.4,193.0,1.8,128.0,8.7
2025-01-23 15:00:00,2025,1,23,15,An Giang,Xã Giồng Riềng,9.9237413,105.2736878,95,Moderate,1,30.5,58,0.0,9.2,51,1008.3,100,32.5,33.9,201.0,2.3,131.0,8.7
2025-01-23 16:00:00,2025,1,23,16,An Giang,Xã Giồng Riềng,9.9237413,105.2736878,95,Moderate,1,30.0,59,0.0,9.5,46,1008.2,100,33.9,35.2,216.0,3.6,128.0,9.1
2025-01-23 17:00:00,2025,1,23,17,An Giang,Xã Giồng Riềng,9.9237413,105.2736878,95,Moderate,1,29.0,67,0.0,6.9,23,1008.4,99,34.1,35.3,247.0,6.6,115.0,10.2
2025-01-23 18:00:00,2025,1,23,18,An Giang,Xã Giồng Riềng,9.9237413,105.2736878,94,Moderate,1,27.6,73,0.0,5.3,28,1008.8,100,36.7,37.5,286.0,10.4,95.0,11.6
2025-01-23 19:00:00,2025,1,23,19,An Giang,Xã Giồng Riềng,9.9237413,105.2736878,94,Moderate,1,26.9,75,0.0,6.7,36,1009.8,100,27.7,28.4,314.0,11.7,72.0,10.6
2025-01-23 20:00:00,2025,1,23,20,An Giang,Xã Giồng Riềng,9.9237413,105.2736878,92,Moderate,1,26.0,81,0.0,6.2,60,1010.7,99,26.9,27.5,323.0,12.5,65.0,10.8
2025-01-23 21:00:00,2025,1,23,21,An Giang,Xã Giồng Riềng,9.9237413,105.2736878,88,Moderate,1,25.5,82,0.0,7.6,71,1010.9,100,24.6,25.2,320.0,13.5,55.0,11.0
2025-01-23 22:00:00,2025,1,23,22,An Giang,Xã Giồng Riềng,9.9237413,105.2736878,85,Moderate,1,25.0,84,0.0,7.9,107,1011.1,100,22.6,23.3,307.0,14.3,47.0,11.0
2025-01-23 23:00:00,2025,1,23,23,An Giang,Xã Giồng Riềng,9.9237413,105.2736878,83,Moderate,1,24.6,86,0.0,8.8,123,1011.2,100,21.5,22.4,277.0,14.6,43.0,10.4
2025-01-24 00:00:00,2025,1,24,0,An Giang,Xã Giồng Riềng,9.9237413,105.2736878,81,Moderate,1,24.0,86,0.0,9.3,117,1010.9,100,21.2,22.2,236.0,14.6,41.0,9.6
2025-01-24 01:00:00,2025,1,24,1,An Giang,Xã Giồng Riềng,9.9237413,105.2736878,80,Moderate,1,23.5,89,0.0,7.8,112,1010.1,100,21.8,22.9,204.0,14.8,39.0,8.9
2025-01-24 02:00:00,2025,1,24,2,An Giang,Xã Giồng Riềng,9.9237413,105.2736878,80,Moderate,1,23.1,92,0.0,6.0,107,1009.5,100,23.2,24.3,188.0,15.1,36.0,8.3
2025-01-24 03:00:00,2025,1,24,3,An Giang,Xã Giồng Riềng,9.9237413,105.2736878,80,Moderate,1,22.7,94,0.0,5.0,111,1008.9,100,25.4,26.5,181.0,15.5,34.0,7.8
2025-01-24 04:00:00,2025,1,24,4,An Giang,Xã Giồng Riềng,9.9237413,105.2736878,80,Moderate,1,22.2,96,0.0,4.3,114,1008.9,100,27.2,28.5,182.0,16.6,31.0,8.0
2025-01-24 05:00:00,2025,1,24,5,An Giang,Xã Giồng Riềng,9.9237413,105.2736878,81,Moderate,1,22.1,97,0.0,5.2,104,1009.0,100,29.3,31.0,198.0,19.5,27.0,9.3
2025-01-24 06:00:00,2025,1,24,6,An Giang,Xã Giồng Riềng,9.9237413,105.2736878,81,Moderate,1,22.1,97,0.0,6.0,95,1009.4,98,33.6,36.1,222.0,22.9,23.0,11.2
2025-01-24 07:00:00,2025,1,24,7,An Giang,Xã Giồng Riềng,9.9237413,105.2736878,81,Moderate,1,22.8,94,0.0,6.4,74,1010.1,100,40.9,43.0,234.0,24.9,24.0,12.0
2025-01-24 08:00:00,2025,1,24,8,An Giang,Xã Giồng Riềng,9.9237413,105.2736878,82,Moderate,1,25.0,87,0.0,5.8,83,1010.6,100,30.4,32.2,219.0,20.9,33.0,12.3
2025-01-24 09:00:00,2025,1,24,9,An Giang,Xã Giồng Riềng,9.9237413,105.2736878,83,Moderate,1,26.6,80,0.0,7.6,90,1011.1,100,24.0,25.7,193.0,15.2,47.0,12.7
2025-01-24 10:00:00,2025,1,24,10,An Giang,Xã Giồng Riềng,9.9237413,105.2736878,83,Moderate,1,28.1,75,0.0,8.3,94,1011.3,100,22.6,24.2,182.0,10.3,65.0,12.8
2025-01-24 11:00:00,2025,1,24,11,An Giang,Xã Giồng Riềng,9.9237413,105.2736878,83,Moderate,1,29.2,68,0.1,8.8,75,1010.9,100,22.8,24.2,203.0,7.0,91.0,12.2
2025-01-24 12:00:00,2025,1,24,12,An Giang,Xã Giồng Riềng,9.9237413,105.2736878,83,Moderate,1,29.9,64,0.0,8.0,63,1010.4,100,26.7,28.1,240.0,4.4,122.0,11.2
2025-01-24 13:00:00,2025,1,24,13,An Giang,Xã Giồng Riềng,9.9237413,105.2736878,84,Moderate,1,30.5,60,0.0,8.1,53,1009.4,100,40.2,41.9,269.0,2.8,146.0,10.6
2025-01-24 14:00:00,2025,1,24,14,An Giang,Xã Giồng Riềng,9.9237413,105.2736878,85,Moderate,1,30.5,59,0.0,8.3,51,1008.4,100,42.6,44.0,278.0,2.1,162.0,10.5
2025-01-24 15:00:00,2025,1,24,15,An Giang,Xã Giồng Riềng,9.9237413,105.2736878,86,Moderate,1,30.5,60,0.0,7.7,59,1007.7,100,46.2,47.5,280.0,2.3,171.0,10.6
2025-01-24 16:00:00,2025,1,24,16,An Giang,Xã Giồng Riềng,9.9237413,105.2736878,87,Moderate,1,30.1,62,0.0,6.9,62,1007.6,100,48.3,49.6,289.0,3.6,170.0,11.1
2025-01-24 17:00:00,2025,1,24,17,An Giang,Xã Giồng Riềng,9.9237413,105.2736878,88,Moderate,1,29.5,66,0.0,4.5,67,1007.8,100,51.0,52.2,319.0,6.8,154.0,12.3
2025-01-24 18:00:00,2025,1,24,18,An Giang,Xã Giồng Riềng,9.9237413,105.2736878,96,Moderate,1,28.2,74,0.0,2.3,29,1007.9,50,54.4,55.3,357.0,11.1,129.0,13.8
2025-01-24 19:00:00,2025,1,24,19,An Giang,Xã Giồng Riềng,9.9237413,105.2736878,110,Unhealthy for Sensitive Groups,2,27.4,76,0.0,3.2,3,1008.3,74,45.9,46.4,371.0,13.9,99.0,12.9
2025-01-24 20:00:00,2025,1,24,20,An Giang,Xã Giồng Riềng,9.9237413,105.2736878,112,Unhealthy for Sensitive Groups,2,26.0,84,0.0,5.5,142,1009.5,100,40.4,40.9,342.0,14.3,85.0,12.6
2025-01-24 21:00:00,2025,1,24,21,An Giang,Xã Giồng Riềng,9.9237413,105.2736878,104,Unhealthy for Sensitive Groups,2,25.8,85,0.0,8.2,123,1010.1,99,34.2,35.0,290.0,14.7,66.0,12.1
2025-01-24 22:00:00,2025,1,24,22,An Giang,Xã Giồng Riềng,9.9237413,105.2736878,95,Moderate,1,25.2,87,0.0,8.4,113,1010.5,100,28.8,29.6,246.0,14.9,51.0,11.4
2025-01-24 23:00:00,2025,1,24,23,An Giang,Xã Giồng Riềng,9.9237413,105.2736878,96,Moderate,1,24.6,87,0.0,9.0,103,1010.2,100,23.4,24.4,221.0,14.5,44.0,10.5
2025-01-25 00:00:00,2025,1,25,0,An Giang,Xã Giồng Riềng,9.9237413,105.2736878,96,Moderate,1,24.2,87,0.0,11.6,116,1010.3,100,18.9,20.3,204.0,13.8,42.0,9.4
2025-01-25 01:00:00,2025,1,25,1,An Giang,Xã Giồng Riềng,9.9237413,105.2736878,96,Moderate,1,23.8,90,0.0,11.7,117,1009.8,100,16.8,18.6,191.0,13.1,41.0,8.4
2025-01-25 02:00:00,2025,1,25,2,An Giang,Xã Giồng Riềng,9.9237413,105.2736878,95,Moderate,1,23.5,93,0.0,10.0,113,1009.5,100,16.1,18.0,181.0,12.5,41.0,7.6
2025-01-25 03:00:00,2025,1,25,3,An Giang,Xã Giồng Riềng,9.9237413,105.2736878,95,Moderate,1,23.2,94,0.0,9.1,120,1009.2,97,16.2,18.3,176.0,12.1,43.0,6.9
2025-01-25 04:00:00,2025,1,25,4,An Giang,Xã Giồng Riềng,9.9237413,105.2736878,94,Moderate,1,23.1,95,0.0,7.4,113,1009.2,99,16.9,19.0,177.0,11.9,44.0,6.6
2025-01-25 05:00:00,2025,1,25,5,An Giang,Xã Giồng Riềng,9.9237413,105.2736878,93,Moderate,1,22.6,97,0.0,6.3,110,1009.2,98,17.8,20.0,190.0,12.6,42.0,6.9
2025-01-25 06:00:00,2025,1,25,6,An Giang,Xã Giồng Riềng,9.9237413,105.2736878,92,Moderate,1,22.5,97,0.0,6.9,110,1009.3,40,18.9,21.2,208.0,13.7,38.0,7.5
2025-01-25 07:00:00,2025,1,25,7,An Giang,Xã Giồng Riềng,9.9237413,105.2736878,90,Moderate,1,23.0,95,0.0,8.1,89,1010.3,37,19.9,22.2,217.0,13.0,42.0,7.4
2025-01-25 08:00:00,2025,1,25,8,An Giang,Xã Giồng Riềng,9.9237413,105.2736878,89,Moderate,1,25.2,88,0.0,7.0,89,1011.4,85,17.9,21.2,205.0,10.5,49.0,7.3
2025-01-25 09:00:00,2025,1,25,9,An Giang,Xã Giồng Riềng,9.9237413,105.2736878,87,Moderate,1,26.9,79,0.0,12.2,98,1012.1,79,17.0,20.4,183.0,7.1,60.0,7.2
2025-01-25 10:00:00,2025,1,25,10,An Giang,Xã Giồng Riềng,9.9237413,105.2736878,87,Moderate,1,28.3,71,0.0,11.5,101,1012.0,100,16.3,19.7,167.0,4.4,70.0,7.1
2025-01-25 11:00:00,2025,1,25,11,An Giang,Xã Giồng Riềng,9.9237413,105.2736878,86,Moderate,1,29.2,67,0.0,11.4,97,1011.3,100,15.2,17.2,163.0,3.1,79.0,7.0
2025-01-25 12:00:00,2025,1,25,12,An Giang,Xã Giồng Riềng,9.9237413,105.2736878,86,Moderate,1,29.6,66,0.0,11.6,98,1010.3,99,16.1,17.8,163.0,2.5,87.0,7.0
2025-01-25 13:00:00,2025,1,25,13,An Giang,Xã Giồng Riềng,9.9237413,105.2736878,85,Moderate,1,30.1,64,0.0,11.0,96,1009.2,77,17.0,18.6,165.0,2.2,95.0,7.1
2025-01-25 14:00:00,2025,1,25,14,An Giang,Xã Giồng Riềng,9.9237413,105.2736878,83,Moderate,1,30.5,61,0.0,10.8,86,1007.8,86,18.7,20.1,164.0,1.9,105.0,7.3
2025-01-25 15:00:00,2025,1,25,15,An Giang,Xã Giồng Riềng,9.9237413,105.2736878,81,Moderate,1,30.9,58,0.0,11.5,87,1007.0,89,20.5,21.8,164.0,1.9,115.0,7.5
2025-01-25 16:00:00,2025,1,25,16,An Giang,Xã Giồng Riềng,9.9237413,105.2736878,78,Moderate,1,30.5,59,0.0,11.7,101,1007.1,82,21.2,22.4,169.0,3.0,118.0,8.1
2025-01-25 17:00:00,2025,1,25,17,An Giang,Xã Giồng Riềng,9.9237413,105.2736878,76,Moderate,1,29.8,63,0.0,9.8,120,1007.8,41,21.2,22.2,182.0,6.1,107.0,9.3
2025-01-25 18:00:00,2025,1,25,18,An Giang,Xã Giồng Riềng,9.9237413,105.2736878,73,Moderate,1,28.0,70,0.0,9.9,143,1008.4,22,24.8,25.7,199.0,10.2,89.0,10.8
2025-01-25 19:00:00,2025,1,25,19,An Giang,Xã Giồng Riềng,9.9237413,105.2736878,71,Moderate,1,27.0,73,0.0,9.9,147,1008.8,16,31.1,33.1,213.0,10.9,74.0,10.7
2025-01-25 20:00:00,2025,1,25,20,An Giang,Xã Giồng Riềng,9.9237413,105.2736878,69,Moderate,1,26.1,79,0.0,7.1,133,1009.3,35,28.0,29.7,222.0,11.7,64.0,10.7
2025-01-25 21:00:00,2025,1,25,21,An Giang,Xã Giồng Riềng,9.9237413,105.2736878,68,Moderate,1,25.4,83,0.0,7.7,121,1009.5,92,24.3,26.0,228.0,12.8,51.0,10.6
2025-01-25 22:00:00,2025,1,25,22,An Giang,Xã Giồng Riềng,9.9237413,105.2736878,67,Moderate,1,24.8,85,0.0,7.6,126,1010.2,100,23.0,25.1,231.0,13.6,41.0,10.4
2025-01-25 23:00:00,2025,1,25,23,An Giang,Xã Giồng Riềng,9.9237413,105.2736878,67,Moderate,1,24.2,88,0.0,7.3,118,1010.4,100,22.5,24.8,229.0,13.7,37.0,9.8
2025-01-26 00:00:00,2025,1,26,0,An Giang,Xã Giồng Riềng,9.9237413,105.2736878,67,Moderate,1,24.0,88,0.0,8.5,119,1010.1,100,21.4,23.5,224.0,13.4,37.0,9.1
2025-01-26 01:00:00,2025,1,26,1,An Giang,Xã Giồng Riềng,9.9237413,105.2736878,67,Moderate,1,23.6,90,0.0,8.4,124,1009.8,100,20.3,22.3,218.0,13.4,36.0,8.4
2025-01-26 02:00:00,2025,1,26,2,An Giang,Xã Giồng Riềng,9.9237413,105.2736878,67,Moderate,1,23.4,92,0.0,6.5,114,1009.7,100,19.7,21.7,210.0,13.7,34.0,7.8
2025-01-26 03:00:00,2025,1,26,3,An Giang,Xã Giồng Riềng,9.9237413,105.2736878,68,Moderate,1,22.9,96,0.0,4.9,107,1009.3,100,20.3,22.3,202.0,14.1,33.0,7.2
2025-01-26 04:00:00,2025,1,26,4,An Giang,Xã Giồng Riềng,9.9237413,105.2736878,68,Moderate,1,22.8,96,0.0,6.4,98,1008.9,99,22.5,24.6,198.0,14.9,31.0,7.2
2025-01-26 05:00:00,2025,1,26,5,An Giang,Xã Giồng Riềng,9.9237413,105.2736878,68,Moderate,1,22.5,97,0.0,5.0,92,1009.2,31,24.4,26.5,206.0,16.7,28.0,8.1
2025-01-26 06:00:00,2025,1,26,6,An Giang,Xã Giồng Riềng,9.9237413,105.2736878,69,Moderate,1,22.5,96,0.0,5.4,76,1009.8,46,26.7,29.0,219.0,18.9,26.0,9.4
2025-01-26 07:00:00,2025,1,26,7,An Giang,Xã Giồng Riềng,9.9237413,105.2736878,70,Moderate,1,23.1,94,0.0,8.1,72,1010.6,16,25.0,28.0,223.0,13.4,34.0,7.6
2025-01-26 08:00:00,2025,1,26,8,An Giang,Xã Giồng Riềng,9.9237413,105.2736878,70,Moderate,1,25.3,85,0.0,11.2,88,1011.4,87,20.3,23.9,209.0,11.1,42.0,7.9
2025-01-26 09:00:00,2025,1,26,9,An Giang,Xã Giồng Riềng,9.9237413,105.2736878,70,Moderate,1,26.8,79,0.0,12.4,92,1012.3,57,18.8,22.9,185.0,7.9,54.0,8.3
2025-01-26 10:00:00,2025,1,26,10,An Giang,Xã Giồng Riềng,9.9237413,105.2736878,71,Moderate,1,28.1,74,0.0,12.3,97,1012.1,43,18.4,22.7,167.0,5.2,65.0,8.4
2025-01-26 11:00:00,2025,1,26,11,An Giang,Xã Giồng Riềng,9.9237413,105.2736878,71,Moderate,1,29.4,69,0.0,11.7,99,1011.8,28,17.6,21.4,159.0,3.6,76.0,8.1
2025-01-26 12:00:00,2025,1,26,12,An Giang,Xã Giồng Riềng,9.9237413,105.2736878,71,Moderate,1,30.2,66,0.0,10.6,101,1011.0,27,15.7,17.7,157.0,2.5,87.0,7.5
2025-01-26 13:00:00,2025,1,26,13,An Giang,Xã Giồng Riềng,9.9237413,105.2736878,71,Moderate,1,30.5,65,0.0,11.2,100,1009.9,41,15.8,17.5,158.0,1.9,95.0,7.1
2025-01-26 14:00:00,2025,1,26,14,An Giang,Xã Giồng Riềng,9.9237413,105.2736878,71,Moderate,1,30.2,61,0.1,12.8,88,1008.9,29,17.2,18.9,164.0,1.6,100.0,6.9
2025-01-26 15:00:00,2025,1,26,15,An Giang,Xã Giồng Riềng,9.9237413,105.2736878,71,Moderate,1,30.7,56,0.0,11.3,88,1008.0,96,19.3,20.8,175.0,1.8,102.0,6.9
2025-01-26 16:00:00,2025,1,26,16,An Giang,Xã Giồng Riềng,9.9237413,105.2736878,71,Moderate,1,30.5,57,0.0,12.1,88,1007.9,63,21.2,22.7,183.0,2.7,100.0,7.1
2025-01-26 17:00:00,2025,1,26,17,An Giang,Xã Giồng Riềng,9.9237413,105.2736878,71,Moderate,1,29.5,63,0.0,7.7,111,1008.2,26,21.4,22.6,186.0,4.9,91.0,7.9
2025-01-26 18:00:00,2025,1,26,18,An Giang,Xã Giồng Riềng,9.9237413,105.2736878,71,Moderate,1,27.9,69,0.0,7.1,137,1008.5,91,21.2,22.2,187.0,7.8,78.0,9.0
2025-01-26 19:00:00,2025,1,26,19,An Giang,Xã Giồng Riềng,9.9237413,105.2736878,70,Moderate,1,26.7,59,0.0,11.0,145,1009.3,51,28.9,29.7,190.0,12.1,66.0,11.6
2025-01-26 20:00:00,2025,1,26,20,An Giang,Xã Giồng Riềng,9.9237413,105.2736878,70,Moderate,1,25.8,68,0.0,8.0,124,1009.7,94,30.7,31.5,199.0,12.8,61.0,11.4
2025-01-26 21:00:00,2025,1,26,21,An Giang,Xã Giồng Riềng,9.9237413,105.2736878,70,Moderate,1,24.9,70,0.0,9.4,133,1010.5,100,27.9,28.6,210.0,13.7,55.0,11.0
2025-01-26 22:00:00,2025,1,26,22,An Giang,Xã Giồng Riềng,9.9237413,105.2736878,71,Moderate,1,24.4,75,0.0,9.8,142,1010.6,100,22.6,23.5,216.0,14.1,52.0,10.4
2025-01-26 23:00:00,2025,1,26,23,An Giang,Xã Giồng Riềng,9.9237413,105.2736878,71,Moderate,1,24.0,79,0.0,8.7,132,1010.7,100,18.5,20.0,211.0,13.4,56.0,9.3
2025-01-27 00:00:00,2025,1,27,0,An Giang,Xã Giồng Riềng,9.9237413,105.2736878,70,Moderate,1,23.7,82,0.0,11.0,122,1010.6,86,16.6,18.4,201.0,12.2,64.0,7.9
2025-01-27 01:00:00,2025,1,27,1,An Giang,Xã Giồng Riềng,9.9237413,105.2736878,70,Moderate,1,23.5,83,0.0,11.0,122,1010.1,2,16.9,18.7,192.0,11.7,68.0,7.1
2025-01-27 02:00:00,2025,1,27,2,An Giang,Xã Giồng Riềng,9.9237413,105.2736878,69,Moderate,1,22.9,86,0.0,7.7,108,1009.7,11,18.0,19.9,186.0,12.3,66.0,7.0
2025-01-27 03:00:00,2025,1,27,3,An Giang,Xã Giồng Riềng,9.9237413,105.2736878,69,Moderate,1,22.5,88,0.0,6.4,100,1009.1,29,19.3,21.2,183.0,13.6,61.0,7.5
2025-01-27 04:00:00,2025,1,27,4,An Giang,Xã Giồng Riềng,9.9237413,105.2736878,69,Moderate,1,22.1,90,0.0,6.3,95,1008.9,11,20.4,22.4,185.0,15.0,56.0,8.4
2025-01-27 05:00:00,2025,1,27,5,An Giang,Xã Giồng Riềng,9.9237413,105.2736878,69,Moderate,1,21.9,92,0.0,6.5,87,1009.5,40,22.3,24.2,198.0,17.1,48.0,10.1
2025-01-27 06:00:00,2025,1,27,6,An Giang,Xã Giồng Riềng,9.9237413,105.2736878,69,Moderate,1,22.0,93,0.0,6.6,69,1010.1,71,25.8,27.8,217.0,19.5,39.0,12.2
2025-01-27 07:00:00,2025,1,27,7,An Giang,Xã Giồng Riềng,9.9237413,105.2736878,69,Moderate,1,22.6,93,0.0,8.9,48,1010.8,70,21.3,22.8,234.0,18.1,47.0,12.0
2025-01-27 08:00:00,2025,1,27,8,An Giang,Xã Giồng Riềng,9.9237413,105.2736878,68,Moderate,1,24.7,86,0.0,15.7,52,1011.7,33,22.4,23.6,245.0,16.2,60.0,13.9
2025-01-27 09:00:00,2025,1,27,9,An Giang,Xã Giồng Riềng,9.9237413,105.2736878,69,Moderate,1,25.8,75,0.0,14.2,41,1012.2,12,21.7,22.2,253.0,13.4,79.0,16.5
2025-01-27 10:00:00,2025,1,27,10,An Giang,Xã Giồng Riềng,9.9237413,105.2736878,69,Moderate,1,26.7,64,0.0,13.5,42,1012.3,10,22.2,22.7,258.0,10.7,99.0,17.9
2025-01-27 11:00:00,2025,1,27,11,An Giang,Xã Giồng Riềng,9.9237413,105.2736878,69,Moderate,1,27.5,61,0.0,11.5,35,1012.0,97,23.6,24.2,260.0,8.0,122.0,16.9
2025-01-27 12:00:00,2025,1,27,12,An Giang,Xã Giồng Riềng,9.9237413,105.2736878,70,Moderate,1,28.2,61,0.0,9.3,37,1011.2,100,25.3,25.8,259.0,5.3,146.0,14.7
2025-01-27 13:00:00,2025,1,27,13,An Giang,Xã Giồng Riềng,9.9237413,105.2736878,71,Moderate,1,28.6,61,0.0,8.1,37,1010.1,100,25.9,26.5,258.0,3.4,163.0,12.9
2025-01-27 14:00:00,2025,1,27,14,An Giang,Xã Giồng Riềng,9.9237413,105.2736878,72,Moderate,1,28.9,61,0.0,7.3,42,1009.0,89,25.6,26.3,256.0,2.5,170.0,11.9
2025-01-27 15:00:00,2025,1,27,15,An Giang,Xã Giồng Riềng,9.9237413,105.2736878,72,Moderate,1,29.0,60,0.0,7.9,41,1008.1,52,25.3,25.9,255.0,2.4,170.0,11.3
2025-01-27 16:00:00,2025,1,27,16,An Giang,Xã Giồng Riềng,9.9237413,105.2736878,81,Moderate,1,28.5,62,0.0,10.2,18,1007.9,76,24.9,25.6,259.0,3.4,163.0,11.1
2025-01-27 17:00:00,2025,1,27,17,An Giang,Xã Giồng Riềng,9.9237413,105.2736878,103,Unhealthy for Sensitive Groups,2,27.6,67,0.0,9.7,3,1008.2,88,25.0,25.6,272.0,6.2,145.0,11.8
2025-01-27 18:00:00,2025,1,27,18,An Giang,Xã Giồng Riềng,9.9237413,105.2736878,117,Unhealthy for Sensitive Groups,2,26.2,72,0.0,9.7,4,1008.8,100,27.6,28.0,291.0,10.0,121.0,12.9
2025-01-27 19:00:00,2025,1,27,19,An Giang,Xã Giồng Riềng,9.9237413,105.2736878,122,Unhealthy for Sensitive Groups,2,25.2,77,0.0,5.1,39,1009.5,93,39.5,40.0,309.0,12.5,103.0,13.5
2025-01-27 20:00:00,2025,1,27,20,An Giang,Xã Giồng Riềng,9.9237413,105.2736878,118,Unhealthy for Sensitive Groups,2,25.0,79,0.0,4.6,111,1010.6,85,38.6,39.3,324.0,12.3,95.0,12.4
2025-01-27 21:00:00,2025,1,27,21,An Giang,Xã Giồng Riềng,9.9237413,105.2736878,107,Unhealthy for Sensitive Groups,2,24.4,80,0.0,11.8,124,1011.5,90,32.6,33.6,337.0,11.9,85.0,10.8
2025-01-27 22:00:00,2025,1,27,22,An Giang,Xã Giồng Riềng,9.9237413,105.2736878,90,Moderate,1,23.9,81,0.0,13.0,131,1011.9,96,24.8,26.0,350.0,11.4,78.0,9.3
2025-01-27 23:00:00,2025,1,27,23,An Giang,Xã Giồng Riềng,9.9237413,105.2736878,76,Moderate,1,23.5,83,0.0,11.2,125,1012.3,99,20.8,22.6,362.0,10.6,79.0,8.0
2025-01-28 00:00:00,2025,1,28,0,An Giang,Xã Giồng Riềng,9.9237413,105.2736878,76,Moderate,1,23.1,84,0.0,10.5,117,1012.3,99,18.9,20.7,372.0,9.7,83.0,6.8
2025-01-28 01:00:00,2025,1,28,1,An Giang,Xã Giồng Riềng,9.9237413,105.2736878,77,Moderate,1,22.7,85,0.0,9.8,104,1012.0,100,18.4,20.2,380.0,9.3,84.0,6.0
2025-01-28 02:00:00,2025,1,28,2,An Giang,Xã Giồng Riềng,9.9237413,105.2736878,77,Moderate,1,22.4,86,0.0,9.2,90,1011.6,100,18.6,20.5,382.0,9.8,80.0,5.8
2025-01-28 03:00:00,2025,1,28,3,An Giang,Xã Giồng Riềng,9.9237413,105.2736878,77,Moderate,1,22.0,87,0.0,7.9,94,1011.3,100,19.5,21.3,381.0,10.9,73.0,6.0
2025-01-28 04:00:00,2025,1,28,4,An Giang,Xã Giồng Riềng,9.9237413,105.2736878,77,Moderate,1,21.6,89,0.0,6.5,95,1011.1,100,20.9,22.7,387.0,12.2,67.0,6.6
2025-01-28 05:00:00,2025,1,28,5,An Giang,Xã Giồng Riềng,9.9237413,105.2736878,77,Moderate,1,21.4,91,0.0,6.1,87,1011.3,100,22.6,24.4,405.0,14.2,59.0,7.6
2025-01-28 06:00:00,2025,1,28,6,An Giang,Xã Giồng Riềng,9.9237413,105.2736878,77,Moderate,1,21.1,94,0.0,6.2,68,1012.0,100,24.8,26.6,430.0,16.4,51.0,9.0
2025-01-28 07:00:00,2025,1,28,7,An Giang,Xã Giồng Riềng,9.9237413,105.2736878,77,Moderate,1,21.7,93,0.0,9.0,53,1012.6,98,28.6,30.4,453.0,16.5,54.0,10.0
2025-01-28 08:00:00,2025,1,28,8,An Giang,Xã Giồng Riềng,9.9237413,105.2736878,77,Moderate,1,24.3,85,0.0,12.4,51,1013.8,95,28.0,29.3,473.0,15.3,64.0,12.0
2025-01-28 09:00:00,2025,1,28,9,An Giang,Xã Giồng Riềng,9.9237413,105.2736878,78,Moderate,1,25.5,78,0.1,12.1,40,1014.5,93,27.1,27.9,492.0,13.6,78.0,14.6
2025-01-28 10:00:00,2025,1,28,10,An Giang,Xã Giồng Riềng,9.9237413,105.2736878,78,Moderate,1,26.5,74,0.2,11.5,31,1014.8,57,30.6,31.4,501.0,11.5,96.0,16.0
2025-01-28 11:00:00,2025,1,28,11,An Giang,Xã Giồng Riềng,9.9237413,105.2736878,79,Moderate,1,27.3,70,0.0,11.3,33,1014.6,44,34.9,35.7,496.0,8.7,119.0,15.0
2025-01-28 12:00:00,2025,1,28,12,An Giang,Xã Giồng Riềng,9.9237413,105.2736878,80,Moderate,1,28.0,67,0.0,10.3,36,1014.1,22,38.6,39.5,482.0,5.5,146.0,12.8
2025-01-28 13:00:00,2025,1,28,13,An Giang,Xã Giồng Riềng,9.9237413,105.2736878,81,Moderate,1,28.5,63,0.0,8.5,35,1013.3,97,39.6,40.3,468.0,3.2,165.0,10.9
2025-01-28 14:00:00,2025,1,28,14,An Giang,Xã Giồng Riềng,9.9237413,105.2736878,83,Moderate,1,29.0,59,0.0,8.3,33,1011.9,41,39.0,39.7,455.0,2.2,174.0,9.9
2025-01-28 15:00:00,2025,1,28,15,An Giang,Xã Giồng Riềng,9.9237413,105.2736878,84,Moderate,1,29.0,58,0.0,8.6,39,1011.0,8,38.4,39.1,442.0,2.2,175.0,9.2
2025-01-28 16:00:00,2025,1,28,16,An Giang,Xã Giồng Riềng,9.9237413,105.2736878,85,Moderate,1,28.4,59,0.0,10.2,34,1010.8,1,37.6,38.2,440.0,3.4,169.0,9.3
2025-01-28 17:00:00,2025,1,28,17,An Giang,Xã Giồng Riềng,9.9237413,105.2736878,105,Unhealthy for Sensitive Groups,2,27.6,63,0.0,10.0,9,1010.8,29,37.7,38.3,462.0,6.9,152.0,10.6
2025-01-28 18:00:00,2025,1,28,18,An Giang,Xã Giồng Riềng,9.9237413,105.2736878,121,Unhealthy for Sensitive Groups,2,25.8,71,0.0,7.8,353,1011.4,4,41.6,41.9,496.0,11.6,129.0,12.7
2025-01-28 19:00:00,2025,1,28,19,An Giang,Xã Giồng Riềng,9.9237413,105.2736878,128,Unhealthy for Sensitive Groups,2,24.6,77,0.0,6.5,355,1012.0,1,45.1,45.4,511.0,13.2,115.0,14.2
2025-01-28 20:00:00,2025,1,28,20,An Giang,Xã Giồng Riềng,9.9237413,105.2736878,127,Unhealthy for Sensitive Groups,2,24.0,81,0.0,6.6,145,1013.9,100,43.1,43.5,491.0,12.5,107.0,13.0
2025-01-28 21:00:00,2025,1,28,21,An Giang,Xã Giồng Riềng,9.9237413,105.2736878,119,Unhealthy for Sensitive Groups,2,23.8,77,0.0,12.8,138,1014.8,69,33.8,34.5,452.0,11.6,95.0,11.2
2025-01-28 22:00:00,2025,1,28,22,An Giang,Xã Giồng Riềng,9.9237413,105.2736878,104,Unhealthy for Sensitive Groups,2,23.0,80,0.0,9.8,134,1015.0,0,24.2,25.4,421.0,11.0,85.0,9.7
2025-01-28 23:00:00,2025,1,28,23,An Giang,Xã Giồng Riềng,9.9237413,105.2736878,89,Moderate,1,22.2,84,0.0,6.2,131,1015.2,0,19.8,21.3,407.0,10.9,79.0,8.6
2025-01-29 00:00:00,2025,1,29,0,An Giang,Xã Giồng Riềng,9.9237413,105.2736878,89,Moderate,1,21.8,87,0.0,6.1,120,1015.3,1,19.5,21.4,400.0,11.2,75.0,7.6
2025-01-29 01:00:00,2025,1,29,1,An Giang,Xã Giồng Riềng,9.9237413,105.2736878,89,Moderate,1,21.2,90,0.0,5.0,92,1014.9,70,20.3,22.3,396.0,11.8,70.0,7.1
2025-01-29 02:00:00,2025,1,29,2,An Giang,Xã Giồng Riềng,9.9237413,105.2736878,90,Moderate,1,20.8,93,0.0,4.6,64,1014.1,93,21.9,24.0,391.0,13.1,64.0,7.1
2025-01-29 03:00:00,2025,1,29,3,An Giang,Xã Giồng Riềng,9.9237413,105.2736878,90,Moderate,1,20.5,95,0.0,4.1,56,1013.4,100,24.7,26.9,388.0,14.7,57.0,7.4
2025-01-29 04:00:00,2025,1,29,4,An Giang,Xã Giồng Riềng,9.9237413,105.2736878,90,Moderate,1,20.1,95,0.0,3.7,55,1013.5,100,27.6,29.8,394.0,16.2,51.0,8.2
2025-01-29 05:00:00,2025,1,29,5,An Giang,Xã Giồng Riềng,9.9237413,105.2736878,91,Moderate,1,19.8,97,0.0,3.8,45,1014.0,100,30.4,32.6,418.0,17.9,44.0,9.8
2025-01-29 06:00:00,2025,1,29,6,An Giang,Xã Giồng Riềng,9.9237413,105.2736878,92,Moderate,1,20.0,97,0.0,6.4,32,1014.6,100,33.3,35.3,451.0,19.5,38.0,11.9
2025-01-29 07:00:00,2025,1,29,7,An Giang,Xã Giồng Riềng,9.9237413,105.2736878,92,Moderate,1,20.6,96,0.0,8.4,23,1015.5,100,45.9,47.7,473.0,24.1,36.0,12.4
2025-01-29 08:00:00,2025,1,29,8,An Giang,Xã Giồng Riềng,9.9237413,105.2736878,94,Moderate,1,23.0,90,0.0,12.6,24,1016.3,100,45.1,46.1,475.0,19.0,57.0,11.8
2025-01-29 09:00:00,2025,1,29,9,An Giang,Xã Giồng Riềng,9.9237413,105.2736878,95,Moderate,1,24.0,79,0.0,12.4,14,1016.8,100,33.9,34.7,465.0,12.0,87.0,11.1
2025-01-29 10:00:00,2025,1,29,10,An Giang,Xã Giồng Riềng,9.9237413,105.2736878,96,Moderate,1,25.1,67,0.0,12.3,14,1017.0,49,29.2,29.9,451.0,6.5,114.0,10.6
2025-01-29 11:00:00,2025,1,29,11,An Giang,Xã Giồng Riềng,9.9237413,105.2736878,96,Moderate,1,26.0,64,0.0,11.6,13,1016.6,27,27.4,28.1,432.0,4.1,133.0,10.7
2025-01-29 12:00:00,2025,1,29,12,An Giang,Xã Giồng Riềng,9.9237413,105.2736878,95,Moderate,1,26.7,61,0.0,10.3,12,1015.7,93,27.0,27.7,409.0,3.2,149.0,11.1
2025-01-29 13:00:00,2025,1,29,13,An Giang,Xã Giồng Riềng,9.9237413,105.2736878,94,Moderate,1,27.4,59,0.0,9.1,25,1014.5,100,27.2,28.0,391.0,2.8,162.0,11.6
2025-01-29 14:00:00,2025,1,29,14,An Giang,Xã Giồng Riềng,9.9237413,105.2736878,93,Moderate,1,27.3,59,0.0,9.4,36,1013.0,99,27.7,28.4,380.0,2.2,173.0,12.1
2025-01-29 15:00:00,2025,1,29,15,An Giang,Xã Giồng Riềng,9.9237413,105.2736878,92,Moderate,1,27.4,59,0.0,10.8,36,1012.0,34,28.9,29.6,375.0,2.2,180.0,12.8
2025-01-29 16:00:00,2025,1,29,16,An Giang,Xã Giồng Riềng,9.9237413,105.2736878,91,Moderate,1,27.5,59,0.0,10.4,37,1011.5,94,30.5,31.2,378.0,3.6,179.0,13.8
2025-01-29 17:00:00,2025,1,29,17,An Giang,Xã Giồng Riềng,9.9237413,105.2736878,117,Unhealthy for Sensitive Groups,2,26.6,65,0.0,7.4,47,1011.6,100,32.4,33.1,400.0,7.6,164.0,15.6
2025-01-29 18:00:00,2025,1,29,18,An Giang,Xã Giồng Riềng,9.9237413,105.2736878,133,Unhealthy for Sensitive Groups,2,24.5,76,0.0,5.0,19,1011.8,100,39.1,39.7,430.0,13.1,141.0,17.7
2025-01-29 19:00:00,2025,1,29,19,An Giang,Xã Giồng Riềng,9.9237413,105.2736878,139,Unhealthy for Sensitive Groups,2,23.5,78,0.0,4.3,114,1012.2,95,42.6,43.0,444.0,17.6,111.0,17.8
2025-01-29 20:00:00,2025,1,29,20,An Giang,Xã Giồng Riềng,9.9237413,105.2736878,134,Unhealthy for Sensitive Groups,2,22.8,79,0.0,4.6,126,1013.3,100,56.0,56.5,424.0,18.9,101.0,18.5
2025-01-29 21:00:00,2025,1,29,21,An Giang,Xã Giồng Riềng,9.9237413,105.2736878,124,Unhealthy for Sensitive Groups,2,22.5,81,0.0,8.5,144,1013.9,100,62.4,62.6,388.0,20.7,86.0,19.3
2025-01-29 22:00:00,2025,1,29,22,An Giang,Xã Giồng Riềng,9.9237413,105.2736878,108,Unhealthy for Sensitive Groups,2,21.6,85,0.0,8.3,156,1014.1,91,54.1,54.5,361.0,21.4,74.0,18.9
2025-01-29 23:00:00,2025,1,29,23,An Giang,Xã Giồng Riềng,9.9237413,105.2736878,96,Moderate,1,20.4,91,0.0,5.4,166,1013.6,100,43.0,43.4,355.0,19.7,66.0,16.1
2025-01-30 00:00:00,2025,1,30,0,An Giang,Xã Giồng Riềng,9.9237413,105.2736878,98,Moderate,1,19.9,94,0.0,5.5,153,1013.4,100,33.6,34.6,359.0,17.0,61.0,12.2
2025-01-30 01:00:00,2025,1,30,1,An Giang,Xã Giồng Riềng,9.9237413,105.2736878,99,Moderate,1,19.7,95,0.0,5.2,151,1013.0,100,27.6,28.6,365.0,15.4,56.0,9.2
2025-01-30 02:00:00,2025,1,30,2,An Giang,Xã Giồng Riềng,9.9237413,105.2736878,100,Moderate,1,19.5,96,0.0,3.9,124,1012.5,100,24.4,26.0,368.0,16.1,51.0,8.2
2025-01-30 03:00:00,2025,1,30,3,An Giang,Xã Giồng Riềng,9.9237413,105.2736878,100,Moderate,1,19.4,96,0.0,2.6,129,1011.8,100,25.1,27.4,373.0,18.0,47.0,8.2
2025-01-30 04:00:00,2025,1,30,4,An Giang,Xã Giồng Riềng,9.9237413,105.2736878,100,Moderate,1,19.5,97,0.0,0.9,127,1011.2,68,29.9,32.4,383.0,19.8,42.0,8.1
2025-01-30 05:00:00,2025,1,30,5,An Giang,Xã Giồng Riềng,9.9237413,105.2736878,100,Moderate,1,19.0,98,0.0,0.6,18,1011.4,98,38.0,40.5,409.0,21.5,31.0,7.2
2025-01-30 06:00:00,2025,1,30,6,An Giang,Xã Giồng Riềng,9.9237413,105.2736878,101,Unhealthy for Sensitive Groups,2,18.5,100,0.0,0.8,45,1011.7,100,48.9,51.0,442.0,23.0,19.0,6.3
2025-01-30 07:00:00,2025,1,30,7,An Giang,Xã Giồng Riềng,9.9237413,105.2736878,103,Unhealthy for Sensitive Groups,2,18.5,100,0.0,3.5,9,1012.5,100,65.4,68.7,453.0,26.0,23.0,9.6
2025-01-30 08:00:00,2025,1,30,8,An Giang,Xã Giồng Riềng,9.9237413,105.2736878,105,Unhealthy for Sensitive Groups,2,21.0,98,0.0,1.7,18,1013.6,100,50.2,53.8,423.0,20.8,50.0,11.3
2025-01-30 09:00:00,2025,1,30,9,An Giang,Xã Giồng Riềng,9.9237413,105.2736878,105,Unhealthy for Sensitive Groups,2,23.9,89,0.0,0.9,349,1014.2,82,37.3,42.8,371.0,13.6,88.0,13.6
2025-01-30 10:00:00,2025,1,30,10,An Giang,Xã Giồng Riềng,9.9237413,105.2736878,106,Unhealthy for Sensitive Groups,2,26.0,74,0.0,2.3,360,1014.2,100,33.4,38.5,334.0,7.9,119.0,15.2
2025-01-30 11:00:00,2025,1,30,11,An Giang,Xã Giồng Riềng,9.9237413,105.2736878,106,Unhealthy for Sensitive Groups,2,27.1,65,0.0,3.2,357,1013.8,100,33.4,35.5,327.0,5.1,139.0,15.3
2025-01-30 12:00:00,2025,1,30,12,An Giang,Xã Giồng Riềng,9.9237413,105.2736878,107,Unhealthy for Sensitive Groups,2,27.5,62,0.0,4.0,360,1013.1,100,35.3,37.0,334.0,3.9,152.0,14.7
2025-01-30 13:00:00,2025,1,30,13,An Giang,Xã Giồng Riềng,9.9237413,105.2736878,108,Unhealthy for Sensitive Groups,2,27.6,60,0.0,4.9,2,1011.7,100,35.0,36.6,339.0,3.2,160.0,14.1
2025-01-30 14:00:00,2025,1,30,14,An Giang,Xã Giồng Riềng,9.9237413,105.2736878,109,Unhealthy for Sensitive Groups,2,27.5,59,0.0,5.8,356,1010.4,97,34.1,35.5,329.0,2.5,163.0,13.4
2025-01-30 15:00:00,2025,1,30,15,An Giang,Xã Giồng Riềng,9.9237413,105.2736878,109,Unhealthy for Sensitive Groups,2,27.5,58,0.0,6.1,19,1009.5,96,33.3,34.7,317.0,2.3,160.0,12.6
2025-01-30 16:00:00,2025,1,30,16,An Giang,Xã Giồng Riềng,9.9237413,105.2736878,110,Unhealthy for Sensitive Groups,2,27.6,59,0.0,6.6,35,1009.3,99,33.6,35.0,322.0,3.8,151.0,12.6
2025-01-30 17:00:00,2025,1,30,17,An Giang,Xã Giồng Riềng,9.9237413,105.2736878,110,Unhealthy for Sensitive Groups,2,26.7,67,0.0,5.2,27,1009.4,100,34.9,36.3,355.0,8.1,134.0,13.7
2025-01-30 18:00:00,2025,1,30,18,An Giang,Xã Giồng Riềng,9.9237413,105.2736878,117,Unhealthy for Sensitive Groups,2,24.5,76,0.0,4.9,8,1009.4,97,43.9,45.1,405.0,14.0,111.0,15.6
2025-01-30 19:00:00,2025,1,30,19,An Giang,Xã Giồng Riềng,9.9237413,105.2736878,115,Unhealthy for Sensitive Groups,2,23.3,80,0.0,5.2,340,1009.9,100,56.1,57.2,457.0,17.9,83.0,16.4
2025-01-30 20:00:00,2025,1,30,20,An Giang,Xã Giồng Riềng,9.9237413,105.2736878,112,Unhealthy for Sensitive Groups,2,24.1,72,0.0,2.4,297,1010.4,100,62.9,63.8,521.0,20.8,75.0,18.8
2025-01-30 21:00:00,2025,1,30,21,An Giang,Xã Giồng Riềng,9.9237413,105.2736878,113,Unhealthy for Sensitive Groups,2,23.4,74,0.0,4.1,299,1010.9,100,69.6,70.5,587.0,24.8,65.0,22.1
2025-01-30 22:00:00,2025,1,30,22,An Giang,Xã Giồng Riềng,9.9237413,105.2736878,114,Unhealthy for Sensitive Groups,2,22.1,82,0.0,4.9,303,1011.1,100,80.1,81.0,614.0,28.5,54.0,24.2
2025-01-30 23:00:00,2025,1,30,23,An Giang,Xã Giồng Riềng,9.9237413,105.2736878,116,Unhealthy for Sensitive Groups,2,21.9,83,0.0,1.3,188,1011.3,100,91.5,92.7,571.0,32.1,44.0,24.5
2025-01-31 00:00:00,2025,1,31,0,An Giang,Xã Giồng Riềng,9.9237413,105.2736878,121,Unhealthy for Sensitive Groups,2,21.2,85,0.0,9.1,172,1011.4,100,98.5,99.7,488.0,35.4,34.0,23.6
2025-01-31 01:00:00,2025,1,31,1,An Giang,Xã Giồng Riềng,9.9237413,105.2736878,128,Unhealthy for Sensitive Groups,2,21.0,88,0.0,8.3,194,1010.9,100,93.4,94.3,421.0,36.1,28.0,21.9
2025-01-31 02:00:00,2025,1,31,2,An Giang,Xã Giồng Riềng,9.9237413,105.2736878,135,Unhealthy for Sensitive Groups,2,20.5,93,0.0,9.6,188,1010.4,100,77.5,78.2,388.0,32.1,29.0,19.0
2025-01-31 03:00:00,2025,1,31,3,An Giang,Xã Giồng Riềng,9.9237413,105.2736878,141,Unhealthy for Sensitive Groups,2,20.5,95,0.0,10.2,173,1009.6,100,63.1,64.0,371.0,25.5,33.0,15.2
2025-01-31 04:00:00,2025,1,31,4,An Giang,Xã Giồng Riềng,9.9237413,105.2736878,145,Unhealthy for Sensitive Groups,2,20.1,96,0.0,6.2,173,1009.3,100,52.2,53.0,365.0,20.6,36.0,12.1
2025-01-31 05:00:00,2025,1,31,5,An Giang,Xã Giồng Riềng,9.9237413,105.2736878,147,Unhealthy for Sensitive Groups,2,19.7,98,0.0,5.2,182,1009.6,100,44.2,45.4,379.0,19.8,31.0,10.2
2025-01-31 06:00:00,2025,1,31,6,An Giang,Xã Giồng Riềng,9.9237413,105.2736878,147,Unhealthy for Sensitive Groups,2,19.4,99,0.0,3.1,190,1010.2,100,40.9,42.4,404.0,20.6,25.0,8.9
2025-01-31 07:00:00,2025,1,31,7,An Giang,Xã Giồng Riềng,9.9237413,105.2736878,147,Unhealthy for Sensitive Groups,2,20.0,99,0.0,1.8,323,1011.1,100,45.8,47.8,413.0,18.1,31.0,8.6
2025-01-31 08:00:00,2025,1,31,8,An Giang,Xã Giồng Riềng,9.9237413,105.2736878,145,Unhealthy for Sensitive Groups,2,22.4,92,0.0,2.3,32,1012.2,100,40.2,42.1,389.0,14.4,58.0,9.5
2025-01-31 09:00:00,2025,1,31,9,An Giang,Xã Giồng Riềng,9.9237413,105.2736878,144,Unhealthy for Sensitive Groups,2,24.5,85,0.0,1.2,63,1013.0,100,32.7,36.7,349.0,9.2,95.0,10.8
2025-01-31 10:00:00,2025,1,31,10,An Giang,Xã Giồng Riềng,9.9237413,105.2736878,143,Unhealthy for Sensitive Groups,2,26.5,76,0.1,3.8,301,1013.1,88,32.2,34.3,320.0,5.2,126.0,11.6
2025-01-31 11:00:00,2025,1,31,11,An Giang,Xã Giồng Riềng,9.9237413,105.2736878,143,Unhealthy for Sensitive Groups,2,27.7,69,0.0,8.0,322,1012.5,97,36.8,38.8,316.0,3.4,143.0,11.7
2025-01-31 12:00:00,2025,1,31,12,An Giang,Xã Giồng Riềng,9.9237413,105.2736878,143,Unhealthy for Sensitive Groups,2,28.6,63,0.0,10.3,325,1011.6,100,39.5,41.3,323.0,2.7,153.0,11.4
2025-01-31 13:00:00,2025,1,31,13,An Giang,Xã Giồng Riềng,9.9237413,105.2736878,144,Unhealthy for Sensitive Groups,2,29.1,57,0.0,9.2,329,1010.7,100,41.2,42.8,330.0,2.4,160.0,11.0
2025-01-31 14:00:00,2025,1,31,14,An Giang,Xã Giồng Riềng,9.9237413,105.2736878,144,Unhealthy for Sensitive Groups,2,29.1,51,0.0,9.9,338,1009.2,100,42.0,43.7,329.0,1.8,166.0,10.2
2025-01-31 15:00:00,2025,1,31,15,An Giang,Xã Giồng Riềng,9.9237413,105.2736878,145,Unhealthy for Sensitive Groups,2,28.9,50,0.0,10.5,340,1008.2,100,43.1,44.5,329.0,1.6,169.0,9.4
2025-01-31 16:00:00,2025,1,31,16,An Giang,Xã Giồng Riềng,9.9237413,105.2736878,146,Unhealthy for Sensitive Groups,2,28.5,52,0.0,8.4,349,1008.0,100,44.0,45.4,337.0,3.3,165.0,9.6
2025-01-31 17:00:00,2025,1,31,17,An Giang,Xã Giồng Riềng,9.9237413,105.2736878,147,Unhealthy for Sensitive Groups,2,27.8,61,0.0,4.5,29,1008.4,100,46.1,47.4,361.0,8.2,152.0,11.6
2025-01-31 18:00:00,2025,1,31,18,An Giang,Xã Giồng Riềng,9.9237413,105.2736878,148,Unhealthy for Sensitive Groups,2,25.7,69,0.0,2.7,86,1008.9,100,54.4,55.5,394.0,15.0,133.0,14.6
2025-01-31 19:00:00,2025,1,31,19,An Giang,Xã Giồng Riềng,9.9237413,105.2736878,150,Unhealthy for Sensitive Groups,2,24.6,73,0.0,3.6,96,1009.5,100,56.3,57.3,427.0,21.6,110.0,16.4
2025-01-31 20:00:00,2025,1,31,20,An Giang,Xã Giồng Riềng,9.9237413,105.2736878,150,Unhealthy for Sensitive Groups,2,24.0,78,0.0,2.3,90,1009.9,100,69.4,70.3,453.0,27.5,93.0,20.6
2025-01-31 21:00:00,2025,1,31,21,An Giang,Xã Giồng Riềng,9.9237413,105.2736878,150,Unhealthy for Sensitive Groups,2,23.5,80,0.0,1.6,84,1010.6,100,81.3,82.0,479.0,35.4,70.0,26.1
2025-01-31 22:00:00,2025,1,31,22,An Giang,Xã Giồng Riềng,9.9237413,105.2736878,150,Unhealthy for Sensitive Groups,2,22.6,83,0.0,2.1,322,1010.6,100,92.9,93.6,511.0,39.8,53.0,28.6
2025-01-31 23:00:00,2025,1,31,23,An Giang,Xã Giồng Riềng,9.9237413,105.2736878,151,Unhealthy,3,21.8,88,0.0,8.0,288,1010.5,99,94.1,94.8,558.0,37.6,48.0,25.1
2025-02-01 00:00:00,2025,2,1,0,An Giang,Xã Giồng Riềng,9.9237413,105.2736878,151,Unhealthy,3,21.4,92,0.0,5.8,263,1010.3,100,84.3,85.0,612.0,31.8,49.0,18.6
2025-02-01 01:00:00,2025,2,1,1,An Giang,Xã Giồng Riềng,9.9237413,105.2736878,150,Unhealthy for Sensitive Groups,2,21.6,93,0.0,5.8,244,1010.1,100,72.4,72.9,650.0,26.6,51.0,13.2
2025-02-01 02:00:00,2025,2,1,2,An Giang,Xã Giồng Riềng,9.9237413,105.2736878,149,Unhealthy for Sensitive Groups,2,21.8,93,0.0,5.8,254,1009.6,100,63.3,64.0,671.0,22.9,56.0,10.4
2025-02-01 03:00:00,2025,2,1,3,An Giang,Xã Giồng Riềng,9.9237413,105.2736878,148,Unhealthy for Sensitive Groups,2,21.9,91,0.0,1.9,221,1008.8,100,57.9,58.6,676.0,19.6,62.0,8.7
2025-02-01 04:00:00,2025,2,1,4,An Giang,Xã Giồng Riềng,9.9237413,105.2736878,147,Unhealthy for Sensitive Groups,2,21.5,92,0.0,0.6,124,1008.6,100,56.7,57.5,649.0,17.7,63.0,7.6
2025-02-01 05:00:00,2025,2,1,5,An Giang,Xã Giồng Riềng,9.9237413,105.2736878,148,Unhealthy for Sensitive Groups,2,21.0,94,0.0,3.6,93,1008.9,100,61.5,62.2,563.0,18.5,51.0,7.0
2025-02-01 06:00:00,2025,2,1,6,An Giang,Xã Giồng Riềng,9.9237413,105.2736878,150,Unhealthy for Sensitive Groups,2,19.8,98,0.0,7.8,95,1009.3,100,65.2,65.7,444.0,20.7,34.0,7.0
2025-02-01 07:00:00,2025,2,1,7,An Giang,Xã Giồng Riềng,9.9237413,105.2736878,150,Unhealthy for Sensitive Groups,2,20.3,95,0.0,6.8,93,1010.2,100,61.5,61.9,353.0,24.9,39.0,8.5
2025-02-01 08:00:00,2025,2,1,8,An Giang,Xã Giồng Riềng,9.9237413,105.2736878,151,Unhealthy,3,23.4,88,0.0,4.6,101,1010.4,30,56.7,57.2,318.0,19.1,66.0,8.9
2025-02-01 09:00:00,2025,2,1,9,An Giang,Xã Giồng Riềng,9.9237413,105.2736878,151,Unhealthy,3,25.9,81,0.0,3.7,125,1011.3,77,37.4,38.3,312.0,11.2,105.0,9.4
2025-02-01 10:00:00,2025,2,1,10,An Giang,Xã Giồng Riềng,9.9237413,105.2736878,151,Unhealthy,3,27.3,77,0.0,0.8,207,1011.4,100,32.4,33.4,314.0,5.1,136.0,9.6
2025-02-01 11:00:00,2025,2,1,11,An Giang,Xã Giồng Riềng,9.9237413,105.2736878,151,Unhealthy,3,28.5,69,0.0,2.7,290,1011.1,53,32.0,33.2,322.0,2.7,154.0,9.3
2025-02-01 12:00:00,2025,2,1,12,An Giang,Xã Giồng Riềng,9.9237413,105.2736878,151,Unhealthy,3,29.5,61,0.0,4.4,328,1010.4,97,32.1,33.3,338.0,2.1,164.0,8.7
2025-02-01 13:00:00,2025,2,1,13,An Giang,Xã Giồng Riềng,9.9237413,105.2736878,151,Unhealthy,3,30.0,58,0.0,5.1,337,1009.3,98,32.2,33.4,350.0,2.0,172.0,8.2
2025-02-01 14:00:00,2025,2,1,14,An Giang,Xã Giồng Riềng,9.9237413,105.2736878,151,Unhealthy,3,30.2,56,0.0,4.7,356,1008.2,100,32.6,33.6,350.0,1.4,178.0,7.6
2025-02-01 15:00:00,2025,2,1,15,An Giang,Xã Giồng Riềng,9.9237413,105.2736878,151,Unhealthy,3,30.2,56,0.0,5.6,360,1007.2,100,33.2,34.2,347.0,1.3,181.0,7.0
2025-02-01 16:00:00,2025,2,1,16,An Giang,Xã Giồng Riềng,9.9237413,105.2736878,150,Unhealthy for Sensitive Groups,2,29.9,57,0.0,5.2,2,1007.0,100,34.0,34.9,353.0,2.9,178.0,7.4
2025-02-01 17:00:00,2025,2,1,17,An Giang,Xã Giồng Riềng,9.9237413,105.2736878,150,Unhealthy for Sensitive Groups,2,29.0,65,0.0,4.0,10,1007.3,100,35.7,36.7,382.0,7.7,166.0,9.5
2025-02-01 18:00:00,2025,2,1,18,An Giang,Xã Giồng Riềng,9.9237413,105.2736878,150,Unhealthy for Sensitive Groups,2,26.9,75,0.0,4.6,11,1007.6,100,42.6,43.4,421.0,14.2,148.0,12.6
2025-02-01 19:00:00,2025,2,1,19,An Giang,Xã Giồng Riềng,9.9237413,105.2736878,151,Unhealthy,3,25.8,78,0.0,2.6,16,1008.4,100,54.8,55.9,440.0,17.5,108.0,11.9
2025-02-01 20:00:00,2025,2,1,20,An Giang,Xã Giồng Riềng,9.9237413,105.2736878,148,Unhealthy for Sensitive Groups,2,25.1,74,0.0,5.1,108,1008.9,96,58.7,59.6,422.0,18.1,95.0,11.8
2025-02-01 21:00:00,2025,2,1,21,An Giang,Xã Giồng Riềng,9.9237413,105.2736878,147,Unhealthy for Sensitive Groups,2,24.5,80,0.0,13.0,166,1009.9,62,58.7,59.5,383.0,18.9,76.0,11.5
2025-02-01 22:00:00,2025,2,1,22,An Giang,Xã Giồng Riềng,9.9237413,105.2736878,145,Unhealthy for Sensitive Groups,2,23.9,89,0.0,11.2,158,1010.2,99,53.6,54.2,346.0,19.0,62.0,11.0
2025-02-01 23:00:00,2025,2,1,23,An Giang,Xã Giồng Riềng,9.9237413,105.2736878,141,Unhealthy for Sensitive Groups,2,23.2,92,0.0,10.2,156,1010.1,100,47.4,48.1,316.0,17.7,55.0,9.9
2025-02-02 00:00:00,2025,2,2,0,An Giang,Xã Giồng Riềng,9.9237413,105.2736878,136,Unhealthy for Sensitive Groups,2,22.8,95,0.0,9.0,158,1010.0,99,41.1,41.9,287.0,15.8,52.0,8.4
2025-02-02 01:00:00,2025,2,2,1,An Giang,Xã Giồng Riềng,9.9237413,105.2736878,131,Unhealthy for Sensitive Groups,2,22.3,97,0.0,7.3,152,1009.7,98,36.8,37.6,265.0,14.1,51.0,7.3
2025-02-02 02:00:00,2025,2,2,2,An Giang,Xã Giồng Riềng,9.9237413,105.2736878,128,Unhealthy for Sensitive Groups,2,22.0,98,0.0,6.8,143,1009.4,8,33.9,34.8,252.0,13.1,51.0,6.7
2025-02-02 03:00:00,2025,2,2,3,An Giang,Xã Giồng Riềng,9.9237413,105.2736878,125,Unhealthy for Sensitive Groups,2,21.9,100,0.0,6.4,133,1008.9,100,32.1,33.1,245.0,12.4,52.0,6.4
2025-02-02 04:00:00,2025,2,2,4,An Giang,Xã Giồng Riềng,9.9237413,105.2736878,122,Unhealthy for Sensitive Groups,2,22.0,100,0.0,5.2,131,1008.6,100,31.7,32.6,243.0,12.0,53.0,6.3
2025-02-02 05:00:00,2025,2,2,5,An Giang,Xã Giồng Riềng,9.9237413,105.2736878,119,Unhealthy for Sensitive Groups,2,22.3,99,0.0,6.9,121,1009.1,100,31.7,32.7,249.0,12.3,50.0,6.4
2025-02-02 06:00:00,2025,2,2,6,An Giang,Xã Giồng Riềng,9.9237413,105.2736878,116,Unhealthy for Sensitive Groups,2,22.5,96,0.0,7.8,112,1009.5,100,31.7,33.1,261.0,13.0,47.0,6.7
2025-02-02 07:00:00,2025,2,2,7,An Giang,Xã Giồng Riềng,9.9237413,105.2736878,113,Unhealthy for Sensitive Groups,2,22.5,95,0.0,6.6,106,1010.1,69,34.9,37.1,266.0,12.9,54.0,7.5
2025-02-02 08:00:00,2025,2,2,8,An Giang,Xã Giồng Riềng,9.9237413,105.2736878,110,Unhealthy for Sensitive Groups,2,24.0,89,0.0,7.2,104,1011.0,75,28.9,32.1,256.0,10.4,72.0,7.7
2025-02-02 09:00:00,2025,2,2,9,An Giang,Xã Giồng Riềng,9.9237413,105.2736878,107,Unhealthy for Sensitive Groups,2,25.4,81,0.0,5.1,100,1011.6,12,28.0,31.5,240.0,6.9,97.0,8.0
2025-02-02 10:00:00,2025,2,2,10,An Giang,Xã Giồng Riềng,9.9237413,105.2736878,106,Unhealthy for Sensitive Groups,2,27.0,74,0.0,5.1,100,1011.7,37,32.1,35.4,233.0,4.2,120.0,8.4
2025-02-02 11:00:00,2025,2,2,11,An Giang,Xã Giồng Riềng,9.9237413,105.2736878,106,Unhealthy for Sensitive Groups,2,28.4,68,0.0,4.1,92,1011.2,24,36.7,39.3,243.0,2.9,139.0,8.9
2025-02-02 12:00:00,2025,2,2,12,An Giang,Xã Giồng Riềng,9.9237413,105.2736878,107,Unhealthy for Sensitive Groups,2,29.0,65,0.0,2.4,99,1010.4,11,39.8,42.4,262.0,2.3,156.0,9.5
2025-02-02 13:00:00,2025,2,2,13,An Giang,Xã Giồng Riềng,9.9237413,105.2736878,107,Unhealthy for Sensitive Groups,2,29.7,61,0.0,2.5,111,1009.7,12,42.3,44.7,279.0,2.0,168.0,9.8
2025-02-02 14:00:00,2025,2,2,14,An Giang,Xã Giồng Riềng,9.9237413,105.2736878,108,Unhealthy for Sensitive Groups,2,30.2,58,0.0,2.0,85,1008.4,10,43.7,45.9,286.0,1.6,175.0,9.4
2025-02-02 15:00:00,2025,2,2,15,An Giang,Xã Giồng Riềng,9.9237413,105.2736878,110,Unhealthy for Sensitive Groups,2,30.5,56,0.0,1.9,73,1007.5,2,43.9,46.0,291.0,1.5,177.0,8.8
2025-02-02 16:00:00,2025,2,2,16,An Giang,Xã Giồng Riềng,9.9237413,105.2736878,111,Unhealthy for Sensitive Groups,2,30.5,55,0.0,2.5,90,1007.1,100,43.3,45.3,304.0,2.5,171.0,8.3
2025-02-02 17:00:00,2025,2,2,17,An Giang,Xã Giồng Riềng,9.9237413,105.2736878,122,Unhealthy for Sensitive Groups,2,30.0,60,0.0,3.2,90,1007.3,31,42.6,44.5,338.0,5.3,152.0,8.3
2025-02-02 18:00:00,2025,2,2,18,An Giang,Xã Giồng Riềng,9.9237413,105.2736878,134,Unhealthy for Sensitive Groups,2,28.0,73,0.0,3.2,43,1007.8,3,44.7,46.0,381.0,9.1,125.0,8.5
2025-02-02 19:00:00,2025,2,2,19,An Giang,Xã Giồng Riềng,9.9237413,105.2736878,135,Unhealthy for Sensitive Groups,2,26.5,78,0.0,3.6,340,1008.2,2,42.3,43.2,404.0,13.9,111.0,10.9
2025-02-02 20:00:00,2025,2,2,20,An Giang,Xã Giồng Riềng,9.9237413,105.2736878,129,Unhealthy for Sensitive Groups,2,26.4,77,0.0,0.6,18,1009.2,94,43.0,43.8,394.0,14.7,98.0,10.5
2025-02-02 21:00:00,2025,2,2,21,An Giang,Xã Giồng Riềng,9.9237413,105.2736878,117,Unhealthy for Sensitive Groups,2,25.0,82,0.0,5.9,182,1009.8,82,40.0,40.6,364.0,15.7,79.0,9.9
2025-02-02 22:00:00,2025,2,2,22,An Giang,Xã Giồng Riềng,9.9237413,105.2736878,108,Unhealthy for Sensitive Groups,2,24.3,88,0.0,11.3,153,1010.4,54,38.2,38.8,328.0,16.2,64.0,9.2
2025-02-02 23:00:00,2025,2,2,23,An Giang,Xã Giồng Riềng,9.9237413,105.2736878,106,Unhealthy for Sensitive Groups,2,23.7,92,0.0,10.5,156,1010.4,3,34.3,34.9,283.0,15.7,55.0,8.5
2025-02-03 00:00:00,2025,2,3,0,An Giang,Xã Giồng Riềng,9.9237413,105.2736878,105,Unhealthy for Sensitive Groups,2,23.2,93,0.0,9.8,160,1010.2,4,29.3,30.2,233.0,14.7,49.0,7.7
2025-02-03 01:00:00,2025,2,3,1,An Giang,Xã Giồng Riềng,9.9237413,105.2736878,104,Unhealthy for Sensitive Groups,2,22.8,96,0.0,6.4,151,1010.2,0,25.1,26.0,196.0,14.1,43.0,7.0
2025-02-03 02:00:00,2025,2,3,2,An Giang,Xã Giồng Riềng,9.9237413,105.2736878,102,Unhealthy for Sensitive Groups,2,22.1,98,0.0,3.9,164,1009.5,8,22.9,24.0,183.0,14.5,37.0,6.5
2025-02-03 03:00:00,2025,2,3,3,An Giang,Xã Giồng Riềng,9.9237413,105.2736878,101,Unhealthy for Sensitive Groups,2,21.8,99,0.0,4.1,165,1009.2,0,22.4,24.0,183.0,15.3,32.0,6.1
2025-02-03 04:00:00,2025,2,3,4,An Giang,Xã Giồng Riềng,9.9237413,105.2736878,100,Moderate,1,21.7,100,0.0,4.1,151,1009.2,20,21.7,23.5,191.0,15.7,29.0,5.8
2025-02-03 05:00:00,2025,2,3,5,An Giang,Xã Giồng Riềng,9.9237413,105.2736878,99,Moderate,1,21.6,100,0.0,3.9,143,1009.4,99,22.1,23.7,210.0,15.8,26.0,5.3
2025-02-03 06:00:00,2025,2,3,6,An Giang,Xã Giồng Riềng,9.9237413,105.2736878,98,Moderate,1,21.9,100,0.0,5.1,138,1010.0,100,23.3,25.1,237.0,15.5,25.0,4.9
2025-02-03 07:00:00,2025,2,3,7,An Giang,Xã Giồng Riềng,9.9237413,105.2736878,98,Moderate,1,22.3,99,0.0,6.3,117,1010.5,100,29.0,30.2,250.0,14.7,31.0,5.3
2025-02-03 08:00:00,2025,2,3,8,An Giang,Xã Giồng Riềng,9.9237413,105.2736878,97,Moderate,1,24.2,89,0.0,10.5,110,1011.5,38,23.7,26.0,235.0,11.7,44.0,5.8
2025-02-03 09:00:00,2025,2,3,9,An Giang,Xã Giồng Riềng,9.9237413,105.2736878,97,Moderate,1,26.0,80,0.0,11.7,100,1012.4,76,17.2,19.8,207.0,7.6,62.0,6.5
2025-02-03 10:00:00,2025,2,3,10,An Giang,Xã Giồng Riềng,9.9237413,105.2736878,96,Moderate,1,27.5,72,0.0,11.7,92,1012.4,81,16.6,18.9,191.0,4.5,80.0,7.0
2025-02-03 11:00:00,2025,2,3,11,An Giang,Xã Giồng Riềng,9.9237413,105.2736878,94,Moderate,1,28.6,68,0.0,11.9,93,1011.8,100,23.6,25.7,203.0,3.2,98.0,7.3
2025-02-03 12:00:00,2025,2,3,12,An Giang,Xã Giồng Riềng,9.9237413,105.2736878,93,Moderate,1,29.0,66,0.0,11.4,95,1010.9,84,30.5,32.5,228.0,2.9,117.0,7.4
2025-02-03 13:00:00,2025,2,3,13,An Giang,Xã Giồng Riềng,9.9237413,105.2736878,92,Moderate,1,30.2,60,0.0,10.8,85,1009.8,61,34.2,36.1,245.0,2.8,131.0,7.5
2025-02-03 14:00:00,2025,2,3,14,An Giang,Xã Giồng Riềng,9.9237413,105.2736878,92,Moderate,1,30.6,59,0.0,11.0,87,1008.6,33,36.6,38.2,242.0,2.5,140.0,7.3
2025-02-03 15:00:00,2025,2,3,15,An Giang,Xã Giồng Riềng,9.9237413,105.2736878,91,Moderate,1,30.7,58,0.0,10.3,92,1007.9,38,38.5,40.2,231.0,2.4,145.0,7.0
2025-02-03 16:00:00,2025,2,3,16,An Giang,Xã Giồng Riềng,9.9237413,105.2736878,91,Moderate,1,30.5,57,0.0,10.4,88,1007.6,34,36.2,37.5,226.0,3.1,143.0,7.1
2025-02-03 17:00:00,2025,2,3,17,An Giang,Xã Giồng Riềng,9.9237413,105.2736878,90,Moderate,1,29.6,65,0.0,6.7,88,1007.8,22,32.4,33.5,237.0,5.3,129.0,8.0
2025-02-03 18:00:00,2025,2,3,18,An Giang,Xã Giồng Riềng,9.9237413,105.2736878,89,Moderate,1,28.0,76,0.0,3.1,83,1008.2,12,29.3,30.2,254.0,8.2,107.0,9.3
2025-02-03 19:00:00,2025,2,3,19,An Giang,Xã Giồng Riềng,9.9237413,105.2736878,88,Moderate,1,26.5,77,0.0,8.1,133,1008.9,13,28.2,28.8,262.0,10.8,90.0,10.4
2025-02-03 20:00:00,2025,2,3,20,An Giang,Xã Giồng Riềng,9.9237413,105.2736878,86,Moderate,1,26.0,70,0.0,11.3,123,1010.2,8,23.3,24.0,253.0,10.9,79.0,9.9
2025-02-03 21:00:00,2025,2,3,21,An Giang,Xã Giồng Riềng,9.9237413,105.2736878,85,Moderate,1,25.0,76,0.0,9.9,125,1010.7,0,15.9,16.8,235.0,11.0,64.0,9.2
2025-02-03 22:00:00,2025,2,3,22,An Giang,Xã Giồng Riềng,9.9237413,105.2736878,82,Moderate,1,24.4,79,0.0,10.4,127,1010.9,0,12.8,14.3,220.0,11.0,53.0,8.5
2025-02-03 23:00:00,2025,2,3,23,An Giang,Xã Giồng Riềng,9.9237413,105.2736878,80,Moderate,1,24.0,81,0.0,10.6,122,1011.2,2,12.1,13.7,212.0,10.8,51.0,7.7
2025-02-04 00:00:00,2025,2,4,0,An Giang,Xã Giồng Riềng,9.9237413,105.2736878,78,Moderate,1,23.4,82,0.0,9.0,120,1010.9,49,12.5,14.1,207.0,10.5,53.0,6.9
2025-02-04 01:00:00,2025,2,4,1,An Giang,Xã Giồng Riềng,9.9237413,105.2736878,77,Moderate,1,22.9,84,0.0,7.4,135,1010.6,78,13.7,15.4,203.0,10.6,54.0,6.3
2025-02-04 02:00:00,2025,2,4,2,An Giang,Xã Giồng Riềng,9.9237413,105.2736878,76,Moderate,1,22.2,87,0.0,5.5,148,1010.3,66,15.4,17.2,201.0,11.5,52.0,6.0
2025-02-04 03:00:00,2025,2,4,3,An Giang,Xã Giồng Riềng,9.9237413,105.2736878,75,Moderate,1,22.0,88,0.0,5.8,154,1010.1,71,17.4,19.3,200.0,12.8,49.0,6.0
2025-02-04 04:00:00,2025,2,4,4,An Giang,Xã Giồng Riềng,9.9237413,105.2736878,75,Moderate,1,21.9,87,0.0,6.8,138,1010.2,14,19.4,21.3,202.0,14.2,45.0,6.3
2025-02-04 05:00:00,2025,2,4,5,An Giang,Xã Giồng Riềng,9.9237413,105.2736878,74,Moderate,1,21.8,86,0.0,7.0,122,1010.6,100,21.5,23.5,208.0,16.2,38.0,7.1
2025-02-04 06:00:00,2025,2,4,6,An Giang,Xã Giồng Riềng,9.9237413,105.2736878,74,Moderate,1,22.4,83,0.0,7.9,101,1011.2,98,24.5,26.5,218.0,18.4,30.0,8.3
2025-02-04 07:00:00,2025,2,4,7,An Giang,Xã Giồng Riềng,9.9237413,105.2736878,75,Moderate,1,22.8,83,0.0,8.8,79,1012.0,58,23.3,25.3,227.0,16.1,38.0,8.8
2025-02-04 08:00:00,2025,2,4,8,An Giang,Xã Giồng Riềng,9.9237413,105.2736878,74,Moderate,1,24.5,85,0.0,7.7,69,1012.6,97,24.9,27.4,237.0,14.4,52.0,11.7
2025-02-04 09:00:00,2025,2,4,9,An Giang,Xã Giồng Riềng,9.9237413,105.2736878,74,Moderate,1,26.4,77,0.0,10.9,57,1013.6,91,26.0,29.4,247.0,12.0,73.0,15.7
2025-02-04 10:00:00,2025,2,4,10,An Giang,Xã Giồng Riềng,9.9237413,105.2736878,75,Moderate,1,27.6,66,0.0,14.1,51,1013.8,87,24.7,26.2,253.0,9.6,94.0,18.0
2025-02-04 11:00:00,2025,2,4,11,An Giang,Xã Giồng Riềng,9.9237413,105.2736878,76,Moderate,1,28.4,62,0.0,14.8,48,1013.3,92,26.4,27.4,253.0,7.1,117.0,17.0
2025-02-04 12:00:00,2025,2,4,12,An Giang,Xã Giồng Riềng,9.9237413,105.2736878,76,Moderate,1,28.9,60,0.0,13.0,46,1012.3,97,28.2,29.2,250.0,4.5,141.0,14.2
2025-02-04 13:00:00,2025,2,4,13,An Giang,Xã Giồng Riềng,9.9237413,105.2736878,76,Moderate,1,29.5,58,0.0,10.3,47,1011.1,39,29.3,30.4,246.0,2.7,158.0,12.0
2025-02-04 14:00:00,2025,2,4,14,An Giang,Xã Giồng Riềng,9.9237413,105.2736878,75,Moderate,1,29.9,57,0.0,7.4,39,1010.0,14,29.3,30.4,240.0,1.8,166.0,10.9
2025-02-04 15:00:00,2025,2,4,15,An Giang,Xã Giồng Riềng,9.9237413,105.2736878,75,Moderate,1,30.0,56,0.0,5.6,45,1009.2,1,29.3,30.4,235.0,1.7,166.0,10.3
2025-02-04 16:00:00,2025,2,4,16,An Giang,Xã Giồng Riềng,9.9237413,105.2736878,74,Moderate,1,29.8,57,0.0,4.5,56,1008.9,14,29.2,30.3,238.0,3.0,160.0,10.4
2025-02-04 17:00:00,2025,2,4,17,An Giang,Xã Giồng Riềng,9.9237413,105.2736878,95,Moderate,1,29.2,60,0.0,3.5,69,1008.9,4,29.6,30.5,261.0,7.0,143.0,11.7
2025-02-04 18:00:00,2025,2,4,18,An Giang,Xã Giồng Riềng,9.9237413,105.2736878,110,Unhealthy for Sensitive Groups,2,27.4,73,0.0,3.5,51,1009.4,2,34.7,35.4,293.0,12.5,119.0,13.6
2025-02-04 19:00:00,2025,2,4,19,An Giang,Xã Giồng Riềng,9.9237413,105.2736878,115,Unhealthy for Sensitive Groups,2,25.9,75,0.0,5.7,11,1010.2,0,42.0,43.1,313.0,15.9,101.0,15.1
2025-02-04 20:00:00,2025,2,4,20,An Giang,Xã Giồng Riềng,9.9237413,105.2736878,112,Unhealthy for Sensitive Groups,2,25.5,75,0.0,7.1,9,1010.3,12,40.7,41.6,308.0,14.7,93.0,13.6
2025-02-04 21:00:00,2025,2,4,21,An Giang,Xã Giồng Riềng,9.9237413,105.2736878,102,Unhealthy for Sensitive Groups,2,24.6,79,0.0,8.6,120,1011.2,52,30.4,31.4,290.0,13.0,81.0,11.5
2025-02-04 22:00:00,2025,2,4,22,An Giang,Xã Giồng Riềng,9.9237413,105.2736878,85,Moderate,1,24.2,81,0.0,14.0,138,1011.2,100,20.7,22.1,279.0,11.7,72.0,9.6
2025-02-04 23:00:00,2025,2,4,23,An Giang,Xã Giồng Riềng,9.9237413,105.2736878,78,Moderate,1,23.5,85,0.0,10.0,126,1011.6,43,16.9,18.8,283.0,11.0,70.0,8.2
2025-02-05 00:00:00,2025,2,5,0,An Giang,Xã Giồng Riềng,9.9237413,105.2736878,79,Moderate,1,23.0,87,0.0,7.8,116,1011.2,0,16.5,18.3,293.0,10.7,70.0,7.0
2025-02-05 01:00:00,2025,2,5,1,An Giang,Xã Giồng Riềng,9.9237413,105.2736878,79,Moderate,1,22.5,88,0.0,7.7,115,1010.8,6,17.3,19.2,301.0,10.9,69.0,6.3
2025-02-05 02:00:00,2025,2,5,2,An Giang,Xã Giồng Riềng,9.9237413,105.2736878,79,Moderate,1,22.1,90,0.0,7.6,102,1010.5,34,18.8,20.7,303.0,11.9,65.0,6.1
2025-02-05 03:00:00,2025,2,5,3,An Giang,Xã Giồng Riềng,9.9237413,105.2736878,80,Moderate,1,21.8,92,0.0,5.4,96,1009.9,30,21.0,22.9,304.0,13.4,59.0,6.3
2025-02-05 04:00:00,2025,2,5,4,An Giang,Xã Giồng Riềng,9.9237413,105.2736878,80,Moderate,1,21.4,94,0.0,4.7,118,1010.0,19,23.5,25.6,309.0,15.0,53.0,6.8
2025-02-05 05:00:00,2025,2,5,5,An Giang,Xã Giồng Riềng,9.9237413,105.2736878,80,Moderate,1,21.0,95,0.0,4.5,90,1010.3,7,26.0,28.0,325.0,17.2,45.0,7.7
2025-02-05 06:00:00,2025,2,5,6,An Giang,Xã Giồng Riềng,9.9237413,105.2736878,81,Moderate,1,21.0,96,0.0,5.9,50,1010.8,10,28.8,31.0,346.0,19.5,37.0,9.0
2025-02-05 07:00:00,2025,2,5,7,An Giang,Xã Giồng Riềng,9.9237413,105.2736878,81,Moderate,1,21.6,94,0.0,8.5,44,1011.5,82,32.0,34.3,362.0,17.5,47.0,8.8
2025-02-05 08:00:00,2025,2,5,8,An Giang,Xã Giồng Riềng,9.9237413,105.2736878,82,Moderate,1,24.0,88,0.0,8.1,66,1012.2,0,29.7,32.4,367.0,15.4,61.0,10.8
2025-02-05 09:00:00,2025,2,5,9,An Giang,Xã Giồng Riềng,9.9237413,105.2736878,82,Moderate,1,26.1,78,0.0,12.6,46,1012.9,28,28.2,30.0,367.0,12.4,82.0,13.5
2025-02-05 10:00:00,2025,2,5,10,An Giang,Xã Giồng Riềng,9.9237413,105.2736878,82,Moderate,1,27.1,73,0.0,12.8,34,1012.9,35,30.7,32.1,364.0,9.5,104.0,15.0
2025-02-05 11:00:00,2025,2,5,11,An Giang,Xã Giồng Riềng,9.9237413,105.2736878,83,Moderate,1,27.9,68,0.0,10.5,38,1012.2,88,35.4,36.8,360.0,6.8,128.0,14.1
2025-02-05 12:00:00,2025,2,5,12,An Giang,Xã Giồng Riềng,9.9237413,105.2736878,84,Moderate,1,28.8,62,0.0,10.0,41,1011.4,95,36.6,37.8,354.0,4.3,152.0,11.9
2025-02-05 13:00:00,2025,2,5,13,An Giang,Xã Giồng Riềng,9.9237413,105.2736878,84,Moderate,1,29.5,57,0.0,10.2,45,1010.4,94,36.9,38.1,348.0,2.6,169.0,10.2
2025-02-05 14:00:00,2025,2,5,14,An Giang,Xã Giồng Riềng,9.9237413,105.2736878,85,Moderate,1,29.7,55,0.0,9.2,35,1009.1,96,35.6,36.7,339.0,1.7,176.0,9.3
2025-02-05 15:00:00,2025,2,5,15,An Giang,Xã Giồng Riềng,9.9237413,105.2736878,86,Moderate,1,29.9,54,0.0,8.3,27,1008.3,99,34.2,35.0,331.0,1.7,175.0,8.8
2025-02-05 16:00:00,2025,2,5,16,An Giang,Xã Giồng Riềng,9.9237413,105.2736878,89,Moderate,1,29.5,55,0.0,6.0,49,1008.1,99,33.4,34.2,333.0,3.0,168.0,9.0
2025-02-05 17:00:00,2025,2,5,17,An Giang,Xã Giồng Riềng,9.9237413,105.2736878,112,Unhealthy for Sensitive Groups,2,28.5,60,0.0,5.4,42,1008.3,92,33.6,34.3,356.0,6.9,152.0,10.7
2025-02-05 18:00:00,2025,2,5,18,An Giang,Xã Giồng Riềng,9.9237413,105.2736878,127,Unhealthy for Sensitive Groups,2,27.0,71,0.0,3.7,14,1008.9,95,38.8,39.2,389.0,12.1,130.0,13.0
2025-02-05 19:00:00,2025,2,5,19,An Giang,Xã Giồng Riềng,9.9237413,105.2736878,132,Unhealthy for Sensitive Groups,2,25.9,73,0.0,2.2,346,1009.3,96,46.0,46.3,411.0,19.0,109.0,15.9
2025-02-05 20:00:00,2025,2,5,20,An Giang,Xã Giồng Riềng,9.9237413,105.2736878,128,Unhealthy for Sensitive Groups,2,25.6,73,0.0,0.4,297,1010.3,100,53.1,53.6,410.0,17.7,100.0,14.9
2025-02-05 21:00:00,2025,2,5,21,An Giang,Xã Giồng Riềng,9.9237413,105.2736878,117,Unhealthy for Sensitive Groups,2,24.3,78,0.0,11.4,157,1011.0,100,45.3,45.8,396.0,15.8,88.0,13.4
2025-02-05 22:00:00,2025,2,5,22,An Giang,Xã Giồng Riềng,9.9237413,105.2736878,100,Moderate,1,23.1,86,0.0,8.5,156,1011.3,100,31.0,32.0,385.0,14.1,78.0,11.7
2025-02-05 23:00:00,2025,2,5,23,An Giang,Xã Giồng Riềng,9.9237413,105.2736878,91,Moderate,1,22.6,90,0.0,9.2,147,1011.7,100,21.3,23.3,381.0,12.6,74.0,9.7
2025-02-06 00:00:00,2025,2,6,0,An Giang,Xã Giồng Riềng,9.9237413,105.2736878,91,Moderate,1,22.1,93,0.0,8.0,144,1011.2,100,16.7,18.8,379.0,11.3,73.0,7.5
2025-02-06 01:00:00,2025,2,6,1,An Giang,Xã Giồng Riềng,9.9237413,105.2736878,91,Moderate,1,21.8,95,0.0,6.4,137,1010.8,91,15.8,17.9,373.0,10.6,71.0,6.0
2025-02-06 02:00:00,2025,2,6,2,An Giang,Xã Giồng Riềng,9.9237413,105.2736878,91,Moderate,1,21.4,96,0.0,6.4,135,1010.1,66,16.5,18.8,360.0,10.6,69.0,5.4
2025-02-06 03:00:00,2025,2,6,3,An Giang,Xã Giồng Riềng,9.9237413,105.2736878,91,Moderate,1,21.2,95,0.0,6.8,119,1009.8,76,17.8,20.1,343.0,11.2,66.0,5.4
2025-02-06 04:00:00,2025,2,6,4,An Giang,Xã Giồng Riềng,9.9237413,105.2736878,91,Moderate,1,21.0,96,0.0,5.9,102,1009.8,91,19.3,21.8,332.0,12.2,63.0,5.8
2025-02-06 05:00:00,2025,2,6,5,An Giang,Xã Giồng Riềng,9.9237413,105.2736878,90,Moderate,1,20.5,96,0.0,4.8,112,1010.4,95,21.3,24.0,333.0,14.4,56.0,6.6
2025-02-06 06:00:00,2025,2,6,6,An Giang,Xã Giồng Riềng,9.9237413,105.2736878,90,Moderate,1,20.4,96,0.0,4.8,112,1011.0,0,24.5,27.5,339.0,17.1,49.0,7.8
2025-02-06 07:00:00,2025,2,6,7,An Giang,Xã Giồng Riềng,9.9237413,105.2736878,90,Moderate,1,21.2,94,0.0,8.2,99,1011.6,42,28.3,31.3,340.0,18.5,46.0,8.3
2025-02-06 08:00:00,2025,2,6,8,An Giang,Xã Giồng Riềng,9.9237413,105.2736878,89,Moderate,1,23.5,88,0.0,6.0,115,1012.7,33,23.3,27.8,330.0,15.3,60.0,8.9
2025-02-06 09:00:00,2025,2,6,9,An Giang,Xã Giồng Riềng,9.9237413,105.2736878,89,Moderate,1,25.0,82,0.0,7.2,122,1013.2,100,23.9,28.5,315.0,10.8,80.0,9.6
2025-02-06 10:00:00,2025,2,6,10,An Giang,Xã Giồng Riềng,9.9237413,105.2736878,88,Moderate,1,26.6,76,0.0,6.4,119,1013.0,63,23.2,26.1,307.0,7.0,101.0,10.2
2025-02-06 11:00:00,2025,2,6,11,An Giang,Xã Giồng Riềng,9.9237413,105.2736878,88,Moderate,1,28.0,67,0.0,4.8,101,1012.2,4,23.3,24.9,310.0,4.7,123.0,10.4
2025-02-06 12:00:00,2025,2,6,12,An Giang,Xã Giồng Riềng,9.9237413,105.2736878,86,Moderate,1,28.9,62,0.0,4.1,75,1011.4,6,23.8,25.0,319.0,3.1,146.0,10.4
2025-02-06 13:00:00,2025,2,6,13,An Giang,Xã Giồng Riềng,9.9237413,105.2736878,85,Moderate,1,29.5,59,0.0,5.1,67,1010.3,5,23.7,24.6,329.0,2.1,161.0,10.2
2025-02-06 14:00:00,2025,2,6,14,An Giang,Xã Giồng Riềng,9.9237413,105.2736878,84,Moderate,1,29.9,56,0.0,5.9,50,1009.0,5,23.2,23.9,337.0,1.3,166.0,9.3
2025-02-06 15:00:00,2025,2,6,15,An Giang,Xã Giồng Riềng,9.9237413,105.2736878,83,Moderate,1,30.0,54,0.0,5.5,38,1008.3,3,22.5,23.2,345.0,1.1,164.0,8.0
2025-02-06 16:00:00,2025,2,6,16,An Giang,Xã Giồng Riềng,9.9237413,105.2736878,82,Moderate,1,29.8,54,0.0,5.4,50,1008.0,14,22.4,22.9,358.0,2.5,156.0,7.8
2025-02-06 17:00:00,2025,2,6,17,An Giang,Xã Giồng Riềng,9.9237413,105.2736878,100,Moderate,1,28.6,61,0.0,6.9,39,1008.0,6,23.4,24.0,385.0,6.6,142.0,9.3
2025-02-06 18:00:00,2025,2,6,18,An Giang,Xã Giồng Riềng,9.9237413,105.2736878,113,Unhealthy for Sensitive Groups,2,26.9,67,0.0,7.9,16,1008.6,1,29.7,30.2,416.0,12.3,122.0,11.8
2025-02-06 19:00:00,2025,2,6,19,An Giang,Xã Giồng Riềng,9.9237413,105.2736878,118,Unhealthy for Sensitive Groups,2,25.2,73,0.0,5.6,25,1008.9,0,42.4,43.2,429.0,20.0,101.0,14.6
2025-02-06 20:00:00,2025,2,6,20,An Giang,Xã Giồng Riềng,9.9237413,105.2736878,113,Unhealthy for Sensitive Groups,2,25.2,73,0.0,6.4,52,1009.1,58,54.5,55.1,406.0,22.8,87.0,16.2
2025-02-06 21:00:00,2025,2,6,21,An Giang,Xã Giồng Riềng,9.9237413,105.2736878,100,Moderate,1,24.3,78,0.0,10.2,132,1009.7,41,59.8,60.5,364.0,26.4,68.0,18.3
2025-02-06 22:00:00,2025,2,6,22,An Giang,Xã Giồng Riềng,9.9237413,105.2736878,81,Moderate,1,23.2,83,0.0,9.6,137,1009.9,98,54.7,55.3,330.0,27.6,54.0,18.7
2025-02-06 23:00:00,2025,2,6,23,An Giang,Xã Giồng Riềng,9.9237413,105.2736878,83,Moderate,1,22.8,84,0.0,9.7,133,1010.2,87,40.0,41.0,317.0,24.1,52.0,15.9
2025-02-07 00:00:00,2025,2,7,0,An Giang,Xã Giồng Riềng,9.9237413,105.2736878,84,Moderate,1,22.4,85,0.0,10.0,116,1010.2,96,30.3,31.4,311.0,18.2,56.0,11.5
2025-02-07 01:00:00,2025,2,7,1,An Giang,Xã Giồng Riềng,9.9237413,105.2736878,85,Moderate,1,22.2,86,0.0,9.9,105,1009.9,100,24.5,26.1,304.0,13.8,59.0,8.1
2025-02-07 02:00:00,2025,2,7,2,An Giang,Xã Giồng Riềng,9.9237413,105.2736878,86,Moderate,1,22.0,88,0.0,9.8,104,1009.5,98,21.9,23.9,288.0,12.4,59.0,6.6
2025-02-07 03:00:00,2025,2,7,3,An Giang,Xã Giồng Riềng,9.9237413,105.2736878,87,Moderate,1,21.6,91,0.0,7.7,106,1009.4,99,21.0,23.1,270.0,12.4,59.0,6.2
2025-02-07 04:00:00,2025,2,7,4,An Giang,Xã Giồng Riềng,9.9237413,105.2736878,87,Moderate,1,21.2,93,0.0,6.4,108,1009.2,100,21.5,23.6,261.0,13.6,58.0,6.4
2025-02-07 05:00:00,2025,2,7,5,An Giang,Xã Giồng Riềng,9.9237413,105.2736878,87,Moderate,1,20.9,94,0.0,5.0,103,1009.5,100,24.2,26.7,270.0,17.2,54.0,7.8
2025-02-07 06:00:00,2025,2,7,6,An Giang,Xã Giồng Riềng,9.9237413,105.2736878,87,Moderate,1,20.8,93,0.0,1.8,79,1010.5,100,29.1,32.0,287.0,21.9,48.0,9.8
2025-02-07 07:00:00,2025,2,7,7,An Giang,Xã Giồng Riềng,9.9237413,105.2736878,88,Moderate,1,21.5,91,0.0,3.5,192,1011.1,100,29.8,32.8,296.0,16.4,52.0,7.5
2025-02-07 08:00:00,2025,2,7,8,An Giang,Xã Giồng Riềng,9.9237413,105.2736878,88,Moderate,1,23.5,87,0.0,4.7,173,1012.7,100,26.4,30.2,287.0,13.1,65.0,7.6
2025-02-07 09:00:00,2025,2,7,9,An Giang,Xã Giồng Riềng,9.9237413,105.2736878,88,Moderate,1,25.4,77,0.0,7.8,134,1013.5,100,24.1,29.2,270.0,8.6,84.0,7.6
2025-02-07 10:00:00,2025,2,7,10,An Giang,Xã Giồng Riềng,9.9237413,105.2736878,88,Moderate,1,26.8,71,0.0,8.9,118,1013.7,88,24.3,29.9,258.0,5.0,102.0,7.8
2025-02-07 11:00:00,2025,2,7,11,An Giang,Xã Giồng Riềng,9.9237413,105.2736878,88,Moderate,1,28.1,66,0.0,7.9,111,1013.0,100,23.4,27.7,255.0,3.2,118.0,8.1
2025-02-07 12:00:00,2025,2,7,12,An Giang,Xã Giồng Riềng,9.9237413,105.2736878,88,Moderate,1,29.0,62,0.0,7.5,100,1012.1,100,23.6,26.0,256.0,2.3,132.0,8.5
2025-02-07 13:00:00,2025,2,7,13,An Giang,Xã Giồng Riềng,9.9237413,105.2736878,88,Moderate,1,29.6,58,0.0,7.3,74,1011.3,100,26.4,28.5,264.0,1.9,144.0,8.8
2025-02-07 14:00:00,2025,2,7,14,An Giang,Xã Giồng Riềng,9.9237413,105.2736878,89,Moderate,1,29.1,59,0.0,6.3,53,1010.2,100,29.5,31.3,278.0,1.3,154.0,8.7
2025-02-07 15:00:00,2025,2,7,15,An Giang,Xã Giồng Riềng,9.9237413,105.2736878,89,Moderate,1,29.5,57,0.0,6.3,35,1009.5,72,32.0,33.8,298.0,1.2,160.0,8.6
2025-02-07 16:00:00,2025,2,7,16,An Giang,Xã Giồng Riềng,9.9237413,105.2736878,90,Moderate,1,29.6,56,0.0,5.6,27,1009.2,98,33.5,35.2,323.0,2.6,159.0,9.1
2025-02-07 17:00:00,2025,2,7,17,An Giang,Xã Giồng Riềng,9.9237413,105.2736878,91,Moderate,1,29.0,61,0.0,4.9,358,1009.6,65,35.2,36.6,359.0,6.8,145.0,10.8
2025-02-07 18:00:00,2025,2,7,18,An Giang,Xã Giồng Riềng,9.9237413,105.2736878,103,Unhealthy for Sensitive Groups,2,27.0,71,0.0,4.5,353,1010.0,8,41.4,42.5,400.0,12.6,123.0,13.0
2025-02-07 19:00:00,2025,2,7,19,An Giang,Xã Giồng Riềng,9.9237413,105.2736878,108,Unhealthy for Sensitive Groups,2,25.8,74,0.0,5.6,358,1010.4,3,46.1,46.9,430.0,17.6,94.0,13.8
2025-02-07 20:00:00,2025,2,7,20,An Giang,Xã Giồng Riềng,9.9237413,105.2736878,103,Unhealthy for Sensitive Groups,2,25.5,80,0.0,3.1,13,1011.0,45,57.7,58.4,448.0,20.6,81.0,15.4
2025-02-07 21:00:00,2025,2,7,21,An Giang,Xã Giồng Riềng,9.9237413,105.2736878,94,Moderate,1,25.3,80,0.0,0.7,14,1011.1,37,63.6,64.3,456.0,24.6,63.0,17.4
2025-02-07 22:00:00,2025,2,7,22,An Giang,Xã Giồng Riềng,9.9237413,105.2736878,94,Moderate,1,23.9,85,0.0,10.9,156,1011.4,86,59.0,59.8,442.0,26.4,50.0,17.9
2025-02-07 23:00:00,2025,2,7,23,An Giang,Xã Giồng Riềng,9.9237413,105.2736878,94,Moderate,1,23.1,82,0.0,10.0,144,1011.7,100,47.0,47.8,389.0,23.8,46.0,15.5
2025-02-08 00:00:00,2025,2,8,0,An Giang,Xã Giồng Riềng,9.9237413,105.2736878,95,Moderate,1,22.8,84,0.0,9.1,142,1011.1,99,37.6,38.6,315.0,18.9,47.0,11.6
2025-02-08 01:00:00,2025,2,8,1,An Giang,Xã Giồng Riềng,9.9237413,105.2736878,96,Moderate,1,22.7,86,0.0,7.0,140,1010.4,100,31.4,32.6,259.0,15.6,48.0,8.6
2025-02-08 02:00:00,2025,2,8,2,An Giang,Xã Giồng Riềng,9.9237413,105.2736878,96,Moderate,1,22.4,89,0.0,4.8,132,1010.0,59,27.5,28.9,237.0,15.2,47.0,7.3
2025-02-08 03:00:00,2025,2,8,3,An Giang,Xã Giồng Riềng,9.9237413,105.2736878,97,Moderate,1,21.3,94,0.0,4.0,90,1009.8,37,27.0,28.4,234.0,16.3,45.0,7.0
2025-02-08 04:00:00,2025,2,8,4,An Giang,Xã Giồng Riềng,9.9237413,105.2736878,97,Moderate,1,20.9,96,0.0,3.4,32,1010.0,81,30.4,32.1,241.0,18.2,42.0,7.2
2025-02-08 05:00:00,2025,2,8,5,An Giang,Xã Giồng Riềng,9.9237413,105.2736878,98,Moderate,1,20.9,97,0.0,1.6,6,1010.2,100,37.1,39.3,263.0,22.1,32.0,8.0
2025-02-08 06:00:00,2025,2,8,6,An Giang,Xã Giồng Riềng,9.9237413,105.2736878,99,Moderate,1,21.2,96,0.0,2.3,337,1010.9,100,44.1,47.0,296.0,26.9,20.0,9.5
2025-02-08 07:00:00,2025,2,8,7,An Giang,Xã Giồng Riềng,9.9237413,105.2736878,101,Unhealthy for Sensitive Groups,2,21.4,96,0.0,2.8,320,1011.4,70,44.4,46.9,315.0,25.6,27.0,10.4
2025-02-08 08:00:00,2025,2,8,8,An Giang,Xã Giồng Riềng,9.9237413,105.2736878,102,Unhealthy for Sensitive Groups,2,23.9,90,0.0,2.5,352,1012.3,80,32.4,36.1,305.0,21.0,48.0,12.2
2025-02-08 09:00:00,2025,2,8,9,An Giang,Xã Giồng Riềng,9.9237413,105.2736878,103,Unhealthy for Sensitive Groups,2,25.7,82,0.0,5.5,54,1012.8,99,29.3,33.6,281.0,14.7,78.0,14.7
2025-02-08 10:00:00,2025,2,8,10,An Giang,Xã Giồng Riềng,9.9237413,105.2736878,103,Unhealthy for Sensitive Groups,2,26.8,75,0.0,8.2,26,1013.2,71,28.1,29.8,266.0,9.3,105.0,16.0
2025-02-08 11:00:00,2025,2,8,11,An Giang,Xã Giồng Riềng,9.9237413,105.2736878,104,Unhealthy for Sensitive Groups,2,28.3,68,0.1,8.6,352,1012.7,25,30.6,32.1,271.0,6.0,128.0,15.1
2025-02-08 12:00:00,2025,2,8,12,An Giang,Xã Giồng Riềng,9.9237413,105.2736878,104,Unhealthy for Sensitive Groups,2,29.1,63,0.0,7.6,1,1011.9,24,30.6,31.9,284.0,3.7,148.0,13.1
2025-02-08 13:00:00,2025,2,8,13,An Giang,Xã Giồng Riềng,9.9237413,105.2736878,105,Unhealthy for Sensitive Groups,2,29.6,60,0.0,8.5,354,1010.8,27,28.9,30.0,290.0,2.2,161.0,11.2
2025-02-08 14:00:00,2025,2,8,14,An Giang,Xã Giồng Riềng,9.9237413,105.2736878,105,Unhealthy for Sensitive Groups,2,29.8,57,0.0,9.4,348,1009.5,36,26.7,27.6,278.0,1.3,164.0,9.7
2025-02-08 15:00:00,2025,2,8,15,An Giang,Xã Giồng Riềng,9.9237413,105.2736878,105,Unhealthy for Sensitive Groups,2,29.5,56,0.0,10.3,359,1009.0,90,24.4,25.3,259.0,1.3,160.0,8.4
2025-02-08 16:00:00,2025,2,8,16,An Giang,Xã Giồng Riềng,9.9237413,105.2736878,104,Unhealthy for Sensitive Groups,2,29.0,59,0.0,9.9,3,1009.1,97,21.8,22.6,253.0,2.5,151.0,7.9
2025-02-08 17:00:00,2025,2,8,17,An Giang,Xã Giồng Riềng,9.9237413,105.2736878,103,Unhealthy for Sensitive Groups,2,28.5,63,0.0,6.2,10,1009.3,76,20.2,20.8,272.0,5.5,135.0,8.5
2025-02-08 18:00:00,2025,2,8,18,An Giang,Xã Giồng Riềng,9.9237413,105.2736878,112,Unhealthy for Sensitive Groups,2,26.9,73,0.0,2.2,48,1009.6,100,23.1,23.6,303.0,9.7,113.0,9.8
2025-02-08 19:00:00,2025,2,8,19,An Giang,Xã Giồng Riềng,9.9237413,105.2736878,113,Unhealthy for Sensitive Groups,2,25.5,75,0.0,4.1,124,1010.0,100,29.5,29.6,327.0,16.9,89.0,13.1
2025-02-08 20:00:00,2025,2,8,20,An Giang,Xã Giồng Riềng,9.9237413,105.2736878,105,Unhealthy for Sensitive Groups,2,25.3,73,0.0,7.9,141,1010.9,72,42.8,43.1,339.0,18.2,83.0,14.2
2025-02-08 21:00:00,2025,2,8,21,An Giang,Xã Giồng Riềng,9.9237413,105.2736878,97,Moderate,1,24.5,75,0.0,5.8,146,1011.2,93,47.8,48.1,344.0,20.0,74.0,15.6
2025-02-08 22:00:00,2025,2,8,22,An Giang,Xã Giồng Riềng,9.9237413,105.2736878,96,Moderate,1,24.0,78,0.0,9.6,166,1011.7,83,43.0,43.2,342.0,20.9,65.0,15.9
2025-02-08 23:00:00,2025,2,8,23,An Giang,Xã Giồng Riềng,9.9237413,105.2736878,94,Moderate,1,23.5,90,0.0,8.3,169,1011.9,100,37.5,37.8,328.0,20.0,58.0,14.0
2025-02-09 00:00:00,2025,2,9,0,An Giang,Xã Giồng Riềng,9.9237413,105.2736878,93,Moderate,1,23.0,94,0.0,6.3,149,1011.8,99,33.8,34.3,307.0,18.3,50.0,11.1
2025-02-09 01:00:00,2025,2,9,1,An Giang,Xã Giồng Riềng,9.9237413,105.2736878,93,Moderate,1,22.4,96,0.0,9.8,66,1012.0,100,33.1,34.0,296.0,17.4,44.0,9.2
2025-02-09 02:00:00,2025,2,9,2,An Giang,Xã Giồng Riềng,9.9237413,105.2736878,93,Moderate,1,22.2,96,0.0,4.0,93,1011.2,100,35.3,36.2,306.0,18.7,37.0,9.5
2025-02-09 03:00:00,2025,2,9,3,An Giang,Xã Giồng Riềng,9.9237413,105.2736878,94,Moderate,1,21.8,96,0.0,6.3,53,1010.5,99,37.0,38.0,326.0,20.7,31.0,10.8
2025-02-09 04:00:00,2025,2,9,4,An Giang,Xã Giồng Riềng,9.9237413,105.2736878,95,Moderate,1,21.8,96,0.0,9.9,22,1010.3,100,38.2,39.0,344.0,21.3,29.0,11.6
2025-02-09 05:00:00,2025,2,9,5,An Giang,Xã Giồng Riềng,9.9237413,105.2736878,95,Moderate,1,21.9,94,0.0,11.0,19,1010.4,100,35.7,36.3,357.0,19.0,34.0,11.3
2025-02-09 06:00:00,2025,2,9,6,An Giang,Xã Giồng Riềng,9.9237413,105.2736878,95,Moderate,1,21.7,81,0.0,12.0,22,1010.7,100,29.0,29.3,367.0,15.2,43.0,10.6
2025-02-09 07:00:00,2025,2,9,7,An Giang,Xã Giồng Riềng,9.9237413,105.2736878,94,Moderate,1,21.3,74,0.0,11.8,17,1011.4,100,26.1,26.7,373.0,11.9,54.0,10.0
2025-02-09 08:00:00,2025,2,9,8,An Giang,Xã Giồng Riềng,9.9237413,105.2736878,92,Moderate,1,23.0,72,0.0,11.8,8,1012.6,4,20.0,20.4,371.0,9.4,67.0,8.8
2025-02-09 09:00:00,2025,2,9,9,An Giang,Xã Giồng Riềng,9.9237413,105.2736878,91,Moderate,1,24.3,65,0.0,16.3,11,1013.2,12,15.9,16.4,364.0,5.9,85.0,7.2
2025-02-09 10:00:00,2025,2,9,10,An Giang,Xã Giồng Riềng,9.9237413,105.2736878,90,Moderate,1,25.5,63,0.0,15.5,15,1013.5,100,14.8,15.4,357.0,3.2,102.0,6.2
2025-02-09 11:00:00,2025,2,9,11,An Giang,Xã Giồng Riềng,9.9237413,105.2736878,89,Moderate,1,26.6,61,0.0,13.3,18,1013.0,83,15.3,15.9,351.0,2.2,118.0,6.6
2025-02-09 12:00:00,2025,2,9,12,An Giang,Xã Giồng Riềng,9.9237413,105.2736878,87,Moderate,1,27.5,60,0.0,11.7,29,1012.4,34,16.7,17.3,344.0,2.0,133.0,7.6
2025-02-09 13:00:00,2025,2,9,13,An Giang,Xã Giồng Riềng,9.9237413,105.2736878,86,Moderate,1,28.1,59,0.0,10.4,32,1011.1,1,18.9,19.6,336.0,2.1,146.0,8.5
2025-02-09 14:00:00,2025,2,9,14,An Giang,Xã Giồng Riềng,9.9237413,105.2736878,85,Moderate,1,28.8,57,0.0,8.4,45,1009.6,24,21.3,22.1,322.0,1.9,156.0,9.0
2025-02-09 15:00:00,2025,2,9,15,An Giang,Xã Giồng Riềng,9.9237413,105.2736878,85,Moderate,1,29.0,54,0.0,7.8,56,1008.8,28,23.5,24.4,307.0,2.0,164.0,9.3
2025-02-09 16:00:00,2025,2,9,16,An Giang,Xã Giồng Riềng,9.9237413,105.2736878,85,Moderate,1,28.8,55,0.0,6.3,59,1009.0,19,25.3,26.2,305.0,2.9,164.0,9.8
2025-02-09 17:00:00,2025,2,9,17,An Giang,Xã Giồng Riềng,9.9237413,105.2736878,94,Moderate,1,28.5,57,0.0,4.4,60,1009.1,26,27.0,27.9,327.0,5.0,153.0,10.4
2025-02-09 18:00:00,2025,2,9,18,An Giang,Xã Giồng Riềng,9.9237413,105.2736878,108,Unhealthy for Sensitive Groups,2,27.3,65,0.0,0.9,349,1009.5,3,30.7,31.4,362.0,8.0,134.0,11.1
2025-02-09 19:00:00,2025,2,9,19,An Giang,Xã Giồng Riềng,9.9237413,105.2736878,115,Unhealthy for Sensitive Groups,2,25.4,68,0.0,3.1,294,1010.1,9,40.3,40.9,389.0,16.4,115.0,15.9
2025-02-09 20:00:00,2025,2,9,20,An Giang,Xã Giồng Riềng,9.9237413,105.2736878,114,Unhealthy for Sensitive Groups,2,24.5,73,0.0,3.9,158,1010.9,59,52.0,52.6,398.0,18.6,104.0,16.9
2025-02-09 21:00:00,2025,2,9,21,An Giang,Xã Giồng Riềng,9.9237413,105.2736878,108,Unhealthy for Sensitive Groups,2,23.8,79,0.0,9.2,182,1011.6,93,59.4,59.8,399.0,21.6,88.0,18.1
2025-02-09 22:00:00,2025,2,9,22,An Giang,Xã Giồng Riềng,9.9237413,105.2736878,96,Moderate,1,23.7,83,0.0,9.1,188,1012.0,100,51.0,51.6,396.0,23.1,74.0,18.0
2025-02-09 23:00:00,2025,2,9,23,An Giang,Xã Giồng Riềng,9.9237413,105.2736878,90,Moderate,1,23.2,87,0.0,7.6,180,1012.3,100,38.9,39.6,386.0,21.5,63.0,15.1
2025-02-10 00:00:00,2025,2,10,0,An Giang,Xã Giồng Riềng,9.9237413,105.2736878,90,Moderate,1,22.5,93,0.0,5.1,186,1012.2,100,33.1,34.1,372.0,18.5,52.0,10.9
2025-02-10 01:00:00,2025,2,10,1,An Giang,Xã Giồng Riềng,9.9237413,105.2736878,90,Moderate,1,22.0,95,0.0,3.4,115,1011.9,44,31.1,32.2,364.0,17.1,43.0,8.0
2025-02-10 02:00:00,2025,2,10,2,An Giang,Xã Giồng Riềng,9.9237413,105.2736878,90,Moderate,1,21.9,98,0.0,7.7,59,1011.5,42,33.4,35.2,368.0,19.3,33.0,7.8
2025-02-10 03:00:00,2025,2,10,3,An Giang,Xã Giồng Riềng,9.9237413,105.2736878,90,Moderate,1,21.5,98,0.0,4.2,80,1011.0,100,38.2,40.0,378.0,23.1,25.0,8.8
2025-02-10 04:00:00,2025,2,10,4,An Giang,Xã Giồng Riềng,9.9237413,105.2736878,90,Moderate,1,21.1,98,0.0,3.1,118,1010.9,95,43.0,44.7,393.0,25.4,20.0,10.0
2025-02-10 05:00:00,2025,2,10,5,An Giang,Xã Giồng Riềng,9.9237413,105.2736878,90,Moderate,1,21.0,98,0.0,3.1,149,1011.0,98,44.2,45.9,419.0,25.3,19.0,11.1
2025-02-10 06:00:00,2025,2,10,6,An Giang,Xã Giồng Riềng,9.9237413,105.2736878,91,Moderate,1,20.9,98,0.0,0.8,315,1011.5,100,42.6,44.0,450.0,23.7,21.0,12.3
2025-02-10 07:00:00,2025,2,10,7,An Giang,Xã Giồng Riềng,9.9237413,105.2736878,92,Moderate,1,21.1,99,0.0,6.1,346,1012.1,100,48.1,48.8,461.0,22.9,30.0,13.3
2025-02-10 08:00:00,2025,2,10,8,An Giang,Xã Giồng Riềng,9.9237413,105.2736878,94,Moderate,1,23.8,89,0.0,4.4,348,1013.3,21,38.0,38.3,435.0,17.8,54.0,13.3
2025-02-10 09:00:00,2025,2,10,9,An Giang,Xã Giồng Riềng,9.9237413,105.2736878,96,Moderate,1,25.9,78,0.0,4.4,333,1013.7,60,26.5,27.0,390.0,10.7,88.0,13.2
2025-02-10 10:00:00,2025,2,10,10,An Giang,Xã Giồng Riềng,9.9237413,105.2736878,97,Moderate,1,27.1,71,0.0,7.6,352,1013.7,91,22.3,22.8,353.0,5.2,117.0,12.9
2025-02-10 11:00:00,2025,2,10,11,An Giang,Xã Giồng Riềng,9.9237413,105.2736878,97,Moderate,1,27.8,68,0.0,9.4,353,1013.0,100,21.7,22.2,337.0,3.0,135.0,12.3
2025-02-10 12:00:00,2025,2,10,12,An Giang,Xã Giồng Riềng,9.9237413,105.2736878,98,Moderate,1,28.4,62,0.0,9.1,353,1011.9,40,21.2,21.7,330.0,2.5,148.0,11.4
2025-02-10 13:00:00,2025,2,10,13,An Giang,Xã Giồng Riềng,9.9237413,105.2736878,98,Moderate,1,29.0,58,0.0,8.5,358,1011.1,59,19.6,20.0,323.0,2.3,154.0,10.4
2025-02-10 14:00:00,2025,2,10,14,An Giang,Xã Giồng Riềng,9.9237413,105.2736878,98,Moderate,1,29.2,58,0.0,9.1,353,1009.8,100,17.4,17.8,310.0,1.8,154.0,8.9
2025-02-10 15:00:00,2025,2,10,15,An Giang,Xã Giồng Riềng,9.9237413,105.2736878,98,Moderate,1,29.2,58,0.0,10.4,352,1009.4,100,15.1,15.5,297.0,1.7,147.0,7.1
2025-02-10 16:00:00,2025,2,10,16,An Giang,Xã Giồng Riềng,9.9237413,105.2736878,97,Moderate,1,28.6,59,0.0,10.6,360,1009.5,100,13.1,13.4,294.0,2.5,137.0,6.1
2025-02-10 17:00:00,2025,2,10,17,An Giang,Xã Giồng Riềng,9.9237413,105.2736878,96,Moderate,1,27.6,63,0.0,8.8,4,1009.8,100,12.2,12.5,307.0,4.6,122.0,6.0
2025-02-10 18:00:00,2025,2,10,18,An Giang,Xã Giồng Riềng,9.9237413,105.2736878,103,Unhealthy for Sensitive Groups,2,26.2,70,0.0,5.1,352,1010.2,100,14.1,14.3,330.0,7.6,104.0,6.7
2025-02-10 19:00:00,2025,2,10,19,An Giang,Xã Giồng Riềng,9.9237413,105.2736878,101,Unhealthy for Sensitive Groups,2,25.6,75,0.0,4.4,7,1010.6,100,26.9,27.4,357.0,13.7,81.0,8.9
2025-02-10 20:00:00,2025,2,10,20,An Giang,Xã Giồng Riềng,9.9237413,105.2736878,92,Moderate,1,25.6,76,0.0,3.1,350,1010.9,100,31.9,32.5,391.0,18.1,71.0,11.7
2025-02-10 21:00:00,2025,2,10,21,An Giang,Xã Giồng Riềng,9.9237413,105.2736878,90,Moderate,1,26.4,74,0.0,0.7,104,1011.7,100,40.5,41.6,428.0,24.2,57.0,15.4
2025-02-10 22:00:00,2025,2,10,22,An Giang,Xã Giồng Riềng,9.9237413,105.2736878,89,Moderate,1,25.8,72,0.0,2.6,146,1011.8,100,50.2,51.5,452.0,28.0,46.0,17.6
2025-02-10 23:00:00,2025,2,10,23,An Giang,Xã Giồng Riềng,9.9237413,105.2736878,89,Moderate,1,24.9,77,0.0,5.1,157,1011.9,100,48.3,49.4,452.0,27.5,43.0,16.8
2025-02-11 00:00:00,2025,2,11,0,An Giang,Xã Giồng Riềng,9.9237413,105.2736878,89,Moderate,1,24.5,79,0.0,7.9,168,1012.0,100,44.2,44.7,438.0,24.7,43.0,14.5
2025-02-11 01:00:00,2025,2,11,1,An Giang,Xã Giồng Riềng,9.9237413,105.2736878,90,Moderate,1,23.5,89,0.0,7.8,165,1011.9,100,43.3,43.8,426.0,22.3,44.0,12.3
2025-02-11 02:00:00,2025,2,11,2,An Giang,Xã Giồng Riềng,9.9237413,105.2736878,91,Moderate,1,23.2,95,0.0,5.6,180,1011.5,100,42.4,42.8,419.0,21.0,45.0,10.7
2025-02-11 03:00:00,2025,2,11,3,An Giang,Xã Giồng Riềng,9.9237413,105.2736878,92,Moderate,1,22.9,98,0.0,4.8,202,1010.8,100,41.1,41.6,414.0,20.0,46.0,9.4
2025-02-11 04:00:00,2025,2,11,4,An Giang,Xã Giồng Riềng,9.9237413,105.2736878,93,Moderate,1,23.0,98,0.0,5.7,204,1010.7,100,41.2,41.9,413.0,19.2,47.0,8.4
2025-02-11 05:00:00,2025,2,11,5,An Giang,Xã Giồng Riềng,9.9237413,105.2736878,92,Moderate,1,22.8,99,0.0,6.2,197,1010.7,100,41.8,42.5,424.0,19.0,43.0,8.1
2025-02-11 06:00:00,2025,2,11,6,An Giang,Xã Giồng Riềng,9.9237413,105.2736878,92,Moderate,1,22.8,99,0.0,7.1,204,1011.1,98,41.3,42.0,439.0,18.9,39.0,8.3
2025-02-11 07:00:00,2025,2,11,7,An Giang,Xã Giồng Riềng,9.9237413,105.2736878,92,Moderate,1,23.1,98,0.0,8.0,218,1011.5,100,43.3,44.1,443.0,18.6,41.0,8.5
2025-02-11 08:00:00,2025,2,11,8,An Giang,Xã Giồng Riềng,9.9237413,105.2736878,92,Moderate,1,24.3,94,0.0,2.2,265,1012.6,100,33.5,34.7,425.0,14.4,65.0,8.6
2025-02-11 09:00:00,2025,2,11,9,An Giang,Xã Giồng Riềng,9.9237413,105.2736878,91,Moderate,1,26.5,77,0.0,4.1,326,1013.4,100,28.8,29.7,395.0,8.5,99.0,8.8
2025-02-11 10:00:00,2025,2,11,10,An Giang,Xã Giồng Riềng,9.9237413,105.2736878,91,Moderate,1,27.6,67,0.0,5.4,339,1013.6,100,29.3,30.0,369.0,4.1,126.0,8.7
2025-02-11 11:00:00,2025,2,11,11,An Giang,Xã Giồng Riềng,9.9237413,105.2736878,92,Moderate,1,28.5,63,0.0,5.5,347,1013.0,98,28.4,29.0,351.0,2.5,139.0,8.3
2025-02-11 12:00:00,2025,2,11,12,An Giang,Xã Giồng Riềng,9.9237413,105.2736878,93,Moderate,1,29.4,61,0.0,4.1,337,1012.1,100,27.2,27.8,336.0,2.4,145.0,7.7
2025-02-11 13:00:00,2025,2,11,13,An Giang,Xã Giồng Riềng,9.9237413,105.2736878,93,Moderate,1,30.1,59,0.0,4.4,322,1011.0,100,25.8,26.4,323.0,2.5,149.0,7.2
2025-02-11 14:00:00,2025,2,11,14,An Giang,Xã Giồng Riềng,9.9237413,105.2736878,94,Moderate,1,30.6,57,0.0,4.0,324,1009.7,100,26.6,27.1,308.0,2.0,152.0,6.6
2025-02-11 15:00:00,2025,2,11,15,An Giang,Xã Giồng Riềng,9.9237413,105.2736878,95,Moderate,1,30.9,55,0.1,4.3,336,1008.8,67,25.9,26.4,294.0,1.8,153.0,6.1
2025-02-11 16:00:00,2025,2,11,16,An Giang,Xã Giồng Riềng,9.9237413,105.2736878,96,Moderate,1,30.5,56,0.1,4.8,340,1008.7,100,26.1,26.5,291.0,3.4,149.0,6.6
2025-02-11 17:00:00,2025,2,11,17,An Giang,Xã Giồng Riềng,9.9237413,105.2736878,103,Unhealthy for Sensitive Groups,2,29.8,60,0.0,4.0,352,1009.0,68,26.5,27.0,305.0,9.0,137.0,9.1
2025-02-11 18:00:00,2025,2,11,18,An Giang,Xã Giồng Riềng,9.9237413,105.2736878,111,Unhealthy for Sensitive Groups,2,28.2,73,0.0,3.1,332,1009.6,100,33.8,34.1,329.0,16.5,120.0,12.6
2025-02-11 19:00:00,2025,2,11,19,An Giang,Xã Giồng Riềng,9.9237413,105.2736878,110,Unhealthy for Sensitive Groups,2,27.0,75,0.0,4.5,323,1010.3,100,45.9,46.3,358.0,19.9,117.0,14.1
2025-02-11 20:00:00,2025,2,11,20,An Giang,Xã Giồng Riềng,9.9237413,105.2736878,105,Unhealthy for Sensitive Groups,2,26.6,78,0.0,10.1,151,1011.0,100,55.3,55.6,397.0,19.5,105.0,13.5
2025-02-11 21:00:00,2025,2,11,21,An Giang,Xã Giồng Riềng,9.9237413,105.2736878,104,Unhealthy for Sensitive Groups,2,25.6,83,0.0,8.3,175,1011.8,100,50.6,50.9,439.0,18.9,88.0,12.6
2025-02-11 22:00:00,2025,2,11,22,An Giang,Xã Giồng Riềng,9.9237413,105.2736878,105,Unhealthy for Sensitive Groups,2,25.0,86,0.0,7.8,209,1012.1,100,44.4,44.5,461.0,17.7,76.0,11.3
2025-02-11 23:00:00,2025,2,11,23,An Giang,Xã Giồng Riềng,9.9237413,105.2736878,104,Unhealthy for Sensitive Groups,2,25.0,88,0.0,7.6,225,1012.2,100,39.1,39.3,443.0,15.3,75.0,9.4
2025-02-12 00:00:00,2025,2,12,0,An Giang,Xã Giồng Riềng,9.9237413,105.2736878,104,Unhealthy for Sensitive Groups,2,24.9,85,0.0,6.9,231,1012.2,100,33.8,34.1,404.0,12.4,79.0,7.2
2025-02-12 01:00:00,2025,2,12,1,An Giang,Xã Giồng Riềng,9.9237413,105.2736878,102,Unhealthy for Sensitive Groups,2,25.0,83,0.0,7.8,220,1011.9,99,29.8,30.0,375.0,10.5,81.0,5.6
2025-02-12 02:00:00,2025,2,12,2,An Giang,Xã Giồng Riềng,9.9237413,105.2736878,101,Unhealthy for Sensitive Groups,2,24.5,85,0.0,7.5,217,1011.2,100,29.0,29.4,370.0,10.3,78.0,4.8
2025-02-12 03:00:00,2025,2,12,3,An Giang,Xã Giồng Riềng,9.9237413,105.2736878,100,Moderate,1,24.4,87,0.0,4.7,212,1010.5,100,29.0,29.8,374.0,11.1,74.0,4.7
2025-02-12 04:00:00,2025,2,12,4,An Giang,Xã Giồng Riềng,9.9237413,105.2736878,99,Moderate,1,24.2,89,0.0,3.4,177,1010.3,100,31.3,32.6,380.0,12.5,69.0,4.9
2025-02-12 05:00:00,2025,2,12,5,An Giang,Xã Giồng Riềng,9.9237413,105.2736878,98,Moderate,1,23.8,91,0.0,4.0,148,1010.4,96,34.5,36.0,386.0,15.6,61.0,6.0
2025-02-12 06:00:00,2025,2,12,6,An Giang,Xã Giồng Riềng,9.9237413,105.2736878,97,Moderate,1,23.3,94,0.0,5.5,161,1010.8,22,38.0,39.8,394.0,19.3,54.0,7.5
2025-02-12 07:00:00,2025,2,12,7,An Giang,Xã Giồng Riềng,9.9237413,105.2736878,97,Moderate,1,23.9,92,0.0,6.9,189,1011.4,22,41.8,43.1,393.0,20.1,40.0,7.3
2025-02-12 08:00:00,2025,2,12,8,An Giang,Xã Giồng Riềng,9.9237413,105.2736878,97,Moderate,1,25.6,83,0.4,4.3,24,1012.6,96,36.7,38.3,377.0,15.0,67.0,6.6
2025-02-12 09:00:00,2025,2,12,9,An Giang,Xã Giồng Riềng,9.9237413,105.2736878,97,Moderate,1,25.1,88,1.6,2.7,302,1013.6,97,27.5,30.2,352.0,7.9,104.0,5.7
2025-02-12 10:00:00,2025,2,12,10,An Giang,Xã Giồng Riềng,9.9237413,105.2736878,97,Moderate,1,27.0,82,0.1,5.1,247,1013.7,76,24.9,27.0,334.0,2.7,131.0,4.9
2025-02-12 11:00:00,2025,2,12,11,An Giang,Xã Giồng Riềng,9.9237413,105.2736878,96,Moderate,1,28.7,76,0.0,5.7,233,1013.2,97,23.3,24.3,328.0,1.1,137.0,4.3
2025-02-12 12:00:00,2025,2,12,12,An Giang,Xã Giồng Riềng,9.9237413,105.2736878,96,Moderate,1,30.4,66,0.0,6.2,248,1012.0,77,23.6,24.4,328.0,1.3,133.0,3.9
2025-02-12 13:00:00,2025,2,12,13,An Giang,Xã Giồng Riềng,9.9237413,105.2736878,96,Moderate,1,30.9,63,0.1,6.7,254,1011.0,30,27.0,27.9,327.0,1.7,129.0,3.5
2025-02-12 14:00:00,2025,2,12,14,An Giang,Xã Giồng Riềng,9.9237413,105.2736878,96,Moderate,1,31.3,63,0.0,7.1,251,1009.6,15,27.5,28.6,321.0,1.6,128.0,3.2
2025-02-12 15:00:00,2025,2,12,15,An Giang,Xã Giồng Riềng,9.9237413,105.2736878,96,Moderate,1,31.3,60,0.0,7.1,246,1008.9,94,26.1,27.1,314.0,1.6,126.0,3.1
2025-02-12 16:00:00,2025,2,12,16,An Giang,Xã Giồng Riềng,9.9237413,105.2736878,96,Moderate,1,31.2,59,0.0,8.3,271,1008.8,100,26.8,27.9,313.0,2.1,123.0,3.1
2025-02-12 17:00:00,2025,2,12,17,An Giang,Xã Giồng Riềng,9.9237413,105.2736878,96,Moderate,1,29.9,63,0.1,8.6,241,1009.3,100,27.3,28.3,320.0,3.1,117.0,3.2
2025-02-12 18:00:00,2025,2,12,18,An Giang,Xã Giồng Riềng,9.9237413,105.2736878,96,Moderate,1,27.9,73,0.1,5.6,158,1010.1,65,26.1,27.1,333.0,4.4,110.0,3.4
2025-02-12 19:00:00,2025,2,12,19,An Giang,Xã Giồng Riềng,9.9237413,105.2736878,95,Moderate,1,26.8,83,0.0,2.1,142,1010.5,24,26.4,27.1,348.0,8.3,100.0,5.2
2025-02-12 20:00:00,2025,2,12,20,An Giang,Xã Giồng Riềng,9.9237413,105.2736878,94,Moderate,1,25.6,82,0.0,5.4,188,1011.0,24,30.6,31.3,369.0,9.6,94.0,6.2
2025-02-12 21:00:00,2025,2,12,21,An Giang,Xã Giồng Riềng,9.9237413,105.2736878,91,Moderate,1,25.3,88,0.0,2.3,225,1012.2,55,31.0,31.7,392.0,11.4,85.0,7.4
2025-02-12 22:00:00,2025,2,12,22,An Giang,Xã Giồng Riềng,9.9237413,105.2736878,90,Moderate,1,25.2,88,0.0,3.8,229,1012.6,20,30.5,31.7,399.0,12.5,78.0,8.0
2025-02-12 23:00:00,2025,2,12,23,An Giang,Xã Giồng Riềng,9.9237413,105.2736878,88,Moderate,1,24.9,91,0.0,5.9,258,1012.7,18,29.1,30.5,377.0,12.1,76.0,7.2
2025-02-13 00:00:00,2025,2,13,0,An Giang,Xã Giồng Riềng,9.9237413,105.2736878,88,Moderate,1,24.7,92,0.0,6.7,254,1012.6,28,26.4,27.8,341.0,10.9,75.0,5.8
2025-02-13 01:00:00,2025,2,13,1,An Giang,Xã Giồng Riềng,9.9237413,105.2736878,87,Moderate,1,24.7,93,0.0,6.4,241,1012.1,23,23.8,24.9,313.0,9.9,75.0,4.6
2025-02-13 02:00:00,2025,2,13,2,An Giang,Xã Giồng Riềng,9.9237413,105.2736878,86,Moderate,1,24.5,94,0.1,5.2,221,1011.5,88,22.1,23.1,304.0,9.0,75.0,4.0
2025-02-13 03:00:00,2025,2,13,3,An Giang,Xã Giồng Riềng,9.9237413,105.2736878,86,Moderate,1,24.2,94,0.3,2.2,180,1011.3,99,21.1,22.1,304.0,8.3,75.0,3.6
2025-02-13 04:00:00,2025,2,13,4,An Giang,Xã Giồng Riềng,9.9237413,105.2736878,85,Moderate,1,24.4,93,0.3,7.7,219,1011.0,74,20.8,21.9,310.0,8.8,73.0,3.8
2025-02-13 05:00:00,2025,2,13,5,An Giang,Xã Giồng Riềng,9.9237413,105.2736878,84,Moderate,1,23.8,97,0.0,2.5,150,1011.2,83,22.3,23.4,325.0,12.3,62.0,5.1
2025-02-13 06:00:00,2025,2,13,6,An Giang,Xã Giồng Riềng,9.9237413,105.2736878,83,Moderate,1,23.9,98,0.0,6.2,154,1011.5,97,27.1,28.6,346.0,17.0,49.0,7.0
2025-02-13 07:00:00,2025,2,13,7,An Giang,Xã Giồng Riềng,9.9237413,105.2736878,82,Moderate,1,24.1,97,0.0,6.4,144,1012.0,59,25.1,25.7,358.0,11.9,52.0,5.7
2025-02-13 08:00:00,2025,2,13,8,An Giang,Xã Giồng Riềng,9.9237413,105.2736878,81,Moderate,1,25.5,92,0.0,4.8,132,1012.9,19,23.1,23.9,354.0,9.5,64.0,5.5
2025-02-13 09:00:00,2025,2,13,9,An Giang,Xã Giồng Riềng,9.9237413,105.2736878,79,Moderate,1,27.4,82,0.0,8.1,174,1013.1,39,19.3,20.1,341.0,6.2,82.0,5.1
2025-02-13 10:00:00,2025,2,13,10,An Giang,Xã Giồng Riềng,9.9237413,105.2736878,79,Moderate,1,28.7,79,0.0,7.3,171,1013.6,46,18.6,19.4,328.0,3.6,98.0,4.7
2025-02-13 11:00:00,2025,2,13,11,An Giang,Xã Giồng Riềng,9.9237413,105.2736878,78,Moderate,1,29.9,73,0.0,6.5,186,1013.0,9,19.6,20.4,316.0,2.3,112.0,4.2
2025-02-13 12:00:00,2025,2,13,12,An Giang,Xã Giồng Riềng,9.9237413,105.2736878,78,Moderate,1,31.0,67,0.1,3.6,177,1011.9,18,20.1,20.8,304.0,1.7,124.0,3.7
2025-02-13 13:00:00,2025,2,13,13,An Giang,Xã Giồng Riềng,9.9237413,105.2736878,77,Moderate,1,31.3,63,0.0,3.3,257,1011.0,100,21.7,22.4,296.0,1.5,132.0,3.3
2025-02-13 14:00:00,2025,2,13,14,An Giang,Xã Giồng Riềng,9.9237413,105.2736878,77,Moderate,1,29.1,71,1.3,8.8,272,1010.1,57,23.4,24.0,292.0,1.5,134.0,3.2
2025-02-13 15:00:00,2025,2,13,15,An Giang,Xã Giồng Riềng,9.9237413,105.2736878,77,Moderate,1,29.9,71,0.1,2.2,270,1009.1,28,23.5,24.2,293.0,1.7,133.0,3.3
2025-02-13 16:00:00,2025,2,13,16,An Giang,Xã Giồng Riềng,9.9237413,105.2736878,76,Moderate,1,29.5,72,0.1,3.5,345,1009.0,31,22.9,23.6,303.0,2.4,127.0,3.5
2025-02-13 17:00:00,2025,2,13,17,An Giang,Xã Giồng Riềng,9.9237413,105.2736878,76,Moderate,1,27.9,76,0.3,7.2,270,1009.6,64,22.6,23.4,325.0,3.3,117.0,3.6
2025-02-13 18:00:00,2025,2,13,18,An Giang,Xã Giồng Riềng,9.9237413,105.2736878,76,Moderate,1,27.2,81,0.0,3.9,233,1010.1,32,21.5,22.3,357.0,4.7,102.0,3.7
2025-02-13 19:00:00,2025,2,13,19,An Giang,Xã Giồng Riềng,9.9237413,105.2736878,75,Moderate,1,26.4,87,0.0,2.6,196,1010.6,34,26.1,27.0,390.0,7.0,88.0,4.9
2025-02-13 20:00:00,2025,2,13,20,An Giang,Xã Giồng Riềng,9.9237413,105.2736878,75,Moderate,1,26.0,86,0.0,4.5,217,1010.9,13,30.5,31.4,435.0,11.6,81.0,7.7
2025-02-13 21:00:00,2025,2,13,21,An Giang,Xã Giồng Riềng,9.9237413,105.2736878,75,Moderate,1,25.2,90,0.0,5.9,218,1011.9,13,39.2,40.3,481.0,17.9,70.0,11.5
2025-02-13 22:00:00,2025,2,13,22,An Giang,Xã Giồng Riềng,9.9237413,105.2736878,76,Moderate,1,24.8,91,0.0,6.3,204,1012.4,1,47.4,48.3,494.0,21.8,61.0,13.7
2025-02-13 23:00:00,2025,2,13,23,An Giang,Xã Giồng Riềng,9.9237413,105.2736878,77,Moderate,1,24.5,93,0.0,6.8,197,1012.5,1,46.9,47.6,446.0,21.2,55.0,12.6
2025-02-14 00:00:00,2025,2,14,0,An Giang,Xã Giồng Riềng,9.9237413,105.2736878,79,Moderate,1,24.2,96,0.0,5.9,211,1012.5,1,38.2,38.8,364.0,18.3,49.0,9.9
2025-02-14 01:00:00,2025,2,14,1,An Giang,Xã Giồng Riềng,9.9237413,105.2736878,80,Moderate,1,24.0,97,0.0,6.3,195,1012.1,4,33.1,33.6,297.0,15.7,46.0,7.7
2025-02-14 02:00:00,2025,2,14,2,An Giang,Xã Giồng Riềng,9.9237413,105.2736878,81,Moderate,1,23.9,98,0.0,5.2,184,1011.3,1,30.2,30.9,263.0,14.5,45.0,6.9
2025-02-14 03:00:00,2025,2,14,3,An Giang,Xã Giồng Riềng,9.9237413,105.2736878,82,Moderate,1,23.5,99,0.0,4.0,188,1010.8,6,27.6,28.3,245.0,13.6,45.0,6.6
2025-02-14 04:00:00,2025,2,14,4,An Giang,Xã Giồng Riềng,9.9237413,105.2736878,82,Moderate,1,23.0,100,0.0,3.5,156,1010.4,100,26.1,26.9,238.0,13.0,46.0,6.5
2025-02-14 05:00:00,2025,2,14,5,An Giang,Xã Giồng Riềng,9.9237413,105.2736878,83,Moderate,1,23.6,100,0.0,4.7,130,1010.5,100,25.5,26.3,246.0,12.9,45.0,6.7
2025-02-14 06:00:00,2025,2,14,6,An Giang,Xã Giồng Riềng,9.9237413,105.2736878,83,Moderate,1,23.9,99,0.0,8.3,150,1011.1,100,25.6,26.4,266.0,13.1,46.0,7.1
2025-02-14 07:00:00,2025,2,14,7,An Giang,Xã Giồng Riềng,9.9237413,105.2736878,83,Moderate,1,24.2,96,0.0,10.0,159,1011.7,79,28.9,29.9,277.0,12.7,50.0,6.7
2025-02-14 08:00:00,2025,2,14,8,An Giang,Xã Giồng Riềng,9.9237413,105.2736878,83,Moderate,1,25.5,87,0.0,9.6,147,1012.9,54,19.9,21.2,269.0,10.0,63.0,6.0
2025-02-14 09:00:00,2025,2,14,9,An Giang,Xã Giồng Riềng,9.9237413,105.2736878,83,Moderate,1,27.2,78,0.0,8.2,151,1013.1,39,18.6,19.7,252.0,6.2,81.0,5.0
2025-02-14 10:00:00,2025,2,14,10,An Giang,Xã Giồng Riềng,9.9237413,105.2736878,83,Moderate,1,28.5,73,0.0,5.2,134,1013.0,16,20.5,21.5,243.0,3.3,98.0,4.3
2025-02-14 11:00:00,2025,2,14,11,An Giang,Xã Giồng Riềng,9.9237413,105.2736878,83,Moderate,1,29.7,67,0.1,4.5,119,1012.4,26,27.7,28.6,250.0,2.2,114.0,4.3
2025-02-14 12:00:00,2025,2,14,12,An Giang,Xã Giồng Riềng,9.9237413,105.2736878,84,Moderate,1,30.6,62,0.1,3.5,118,1011.6,29,30.5,31.3,264.0,1.9,129.0,4.6
2025-02-14 13:00:00,2025,2,14,13,An Giang,Xã Giồng Riềng,9.9237413,105.2736878,85,Moderate,1,31.5,59,0.1,2.9,101,1010.4,30,31.1,32.0,275.0,1.9,139.0,4.8
2025-02-14 14:00:00,2025,2,14,14,An Giang,Xã Giồng Riềng,9.9237413,105.2736878,85,Moderate,1,31.8,57,0.0,1.5,97,1009.3,26,30.4,31.2,279.0,1.7,143.0,4.8
2025-02-14 15:00:00,2025,2,14,15,An Giang,Xã Giồng Riềng,9.9237413,105.2736878,86,Moderate,1,31.5,57,0.0,2.0,243,1008.4,33,28.9,29.7,281.0,1.8,142.0,4.7
2025-02-14 16:00:00,2025,2,14,16,An Giang,Xã Giồng Riềng,9.9237413,105.2736878,87,Moderate,1,30.5,63,0.1,7.4,264,1008.2,55,26.4,27.2,284.0,2.3,136.0,4.7
2025-02-14 17:00:00,2025,2,14,17,An Giang,Xã Giồng Riềng,9.9237413,105.2736878,87,Moderate,1,29.4,69,0.0,9.3,257,1008.1,57,25.3,26.1,294.0,3.7,123.0,4.7
2025-02-14 18:00:00,2025,2,14,18,An Giang,Xã Giồng Riềng,9.9237413,105.2736878,87,Moderate,1,28.2,73,0.0,8.6,281,1008.4,28,23.5,24.2,307.0,5.6,106.0,4.6
2025-02-14 19:00:00,2025,2,14,19,An Giang,Xã Giồng Riềng,9.9237413,105.2736878,87,Moderate,1,27.2,77,0.0,11.4,276,1009.1,30,40.9,42.3,310.0,10.2,94.0,7.3
2025-02-14 20:00:00,2025,2,14,20,An Giang,Xã Giồng Riềng,9.9237413,105.2736878,89,Moderate,1,25.8,88,0.0,2.9,120,1009.9,19,37.7,38.9,296.0,10.6,85.0,7.2
2025-02-14 21:00:00,2025,2,14,21,An Giang,Xã Giồng Riềng,9.9237413,105.2736878,89,Moderate,1,25.5,91,0.0,2.8,169,1010.8,21,35.5,36.7,274.0,11.2,73.0,6.9
2025-02-14 22:00:00,2025,2,14,22,An Giang,Xã Giồng Riềng,9.9237413,105.2736878,89,Moderate,1,25.1,92,0.0,3.6,177,1011.5,39,34.3,35.5,257.0,11.6,63.0,6.5
2025-02-14 23:00:00,2025,2,14,23,An Giang,Xã Giồng Riềng,9.9237413,105.2736878,88,Moderate,1,25.1,92,0.0,3.5,208,1011.4,29,33.1,34.1,251.0,11.3,59.0,5.7
2025-02-15 00:00:00,2025,2,15,0,An Giang,Xã Giồng Riềng,9.9237413,105.2736878,86,Moderate,1,24.7,95,0.0,3.7,215,1010.9,8,29.8,30.9,251.0,10.8,57.0,4.7
2025-02-15 01:00:00,2025,2,15,1,An Giang,Xã Giồng Riềng,9.9237413,105.2736878,86,Moderate,1,24.4,96,0.0,6.0,226,1010.5,3,27.8,28.9,251.0,11.1,55.0,4.1
2025-02-15 02:00:00,2025,2,15,2,An Giang,Xã Giồng Riềng,9.9237413,105.2736878,85,Moderate,1,24.0,98,0.0,4.2,190,1010.1,4,28.2,29.2,248.0,13.0,50.0,4.0
2025-02-15 03:00:00,2025,2,15,3,An Giang,Xã Giồng Riềng,9.9237413,105.2736878,85,Moderate,1,23.8,99,0.0,5.6,163,1009.5,7,31.2,32.4,245.0,15.7,43.0,4.3
2025-02-15 04:00:00,2025,2,15,4,An Giang,Xã Giồng Riềng,9.9237413,105.2736878,85,Moderate,1,23.6,100,0.0,6.2,150,1009.2,23,36.4,37.5,246.0,17.8,38.0,4.7
2025-02-15 05:00:00,2025,2,15,5,An Giang,Xã Giồng Riềng,9.9237413,105.2736878,86,Moderate,1,23.5,100,0.1,6.6,125,1009.6,100,39.5,40.4,257.0,19.1,32.0,5.4
2025-02-15 06:00:00,2025,2,15,6,An Giang,Xã Giồng Riềng,9.9237413,105.2736878,88,Moderate,1,23.8,98,0.1,4.5,106,1009.9,99,41.9,42.7,273.0,19.8,28.0,6.1
2025-02-15 07:00:00,2025,2,15,7,An Giang,Xã Giồng Riềng,9.9237413,105.2736878,89,Moderate,1,24.1,98,0.0,4.8,105,1010.6,100,39.6,41.0,283.0,16.4,39.0,6.7
2025-02-15 08:00:00,2025,2,15,8,An Giang,Xã Giồng Riềng,9.9237413,105.2736878,90,Moderate,1,25.5,93,0.0,5.4,184,1011.8,48,31.2,32.7,280.0,12.5,57.0,6.3
2025-02-15 09:00:00,2025,2,15,9,An Giang,Xã Giồng Riềng,9.9237413,105.2736878,91,Moderate,1,27.4,82,0.1,6.2,229,1012.1,38,25.7,27.2,271.0,7.2,81.0,5.6
2025-02-15 10:00:00,2025,2,15,10,An Giang,Xã Giồng Riềng,9.9237413,105.2736878,92,Moderate,1,28.9,74,0.2,4.1,247,1012.1,25,24.9,26.3,266.0,3.2,101.0,5.0
2025-02-15 11:00:00,2025,2,15,11,An Giang,Xã Giồng Riềng,9.9237413,105.2736878,92,Moderate,1,29.9,68,0.3,1.7,347,1011.5,31,29.3,30.6,271.0,1.9,111.0,4.3
2025-02-15 12:00:00,2025,2,15,12,An Giang,Xã Giồng Riềng,9.9237413,105.2736878,92,Moderate,1,30.4,67,0.1,2.6,348,1010.8,49,36.1,37.5,281.0,2.0,117.0,3.5
2025-02-15 13:00:00,2025,2,15,13,An Giang,Xã Giồng Riềng,9.9237413,105.2736878,93,Moderate,1,30.6,67,0.1,1.8,349,1009.8,36,44.2,46.0,289.0,2.3,123.0,3.2
2025-02-15 14:00:00,2025,2,15,14,An Giang,Xã Giồng Riềng,9.9237413,105.2736878,94,Moderate,1,31.2,64,0.1,1.4,293,1008.1,23,34.7,35.9,292.0,2.2,132.0,3.6
2025-02-15 15:00:00,2025,2,15,15,An Giang,Xã Giồng Riềng,9.9237413,105.2736878,94,Moderate,1,31.0,64,0.1,3.3,283,1007.4,21,34.0,35.0,292.0,2.3,141.0,4.3
2025-02-15 16:00:00,2025,2,15,16,An Giang,Xã Giồng Riềng,9.9237413,105.2736878,95,Moderate,1,29.7,69,0.4,6.9,298,1007.3,63,35.5,36.6,296.0,2.9,144.0,5.1
2025-02-15 17:00:00,2025,2,15,17,An Giang,Xã Giồng Riềng,9.9237413,105.2736878,95,Moderate,1,28.1,77,0.0,10.0,242,1007.6,38,34.7,35.6,306.0,4.2,136.0,5.7
2025-02-15 18:00:00,2025,2,15,18,An Giang,Xã Giồng Riềng,9.9237413,105.2736878,96,Moderate,1,26.1,83,0.2,13.3,115,1008.3,100,32.1,33.1,319.0,5.9,122.0,6.2
2025-02-15 19:00:00,2025,2,15,19,An Giang,Xã Giồng Riềng,9.9237413,105.2736878,97,Moderate,1,25.4,86,0.2,10.2,121,1009.0,60,34.8,35.9,328.0,11.5,82.0,6.9
2025-02-15 20:00:00,2025,2,15,20,An Giang,Xã Giồng Riềng,9.9237413,105.2736878,96,Moderate,1,24.5,94,0.0,8.6,169,1009.2,24,36.1,37.0,328.0,11.0,83.0,7.4
2025-02-15 21:00:00,2025,2,15,21,An Giang,Xã Giồng Riềng,9.9237413,105.2736878,96,Moderate,1,24.6,96,0.0,6.2,144,1010.4,34,39.0,40.0,324.0,10.4,83.0,8.2
2025-02-15 22:00:00,2025,2,15,22,An Giang,Xã Giồng Riềng,9.9237413,105.2736878,97,Moderate,1,24.7,97,0.0,5.7,122,1011.1,95,46.2,47.4,319.0,10.1,82.0,8.5
2025-02-15 23:00:00,2025,2,15,23,An Giang,Xã Giồng Riềng,9.9237413,105.2736878,98,Moderate,1,24.7,93,0.0,6.6,133,1011.2,19,46.6,47.7,316.0,10.2,77.0,8.0
2025-02-16 00:00:00,2025,2,16,0,An Giang,Xã Giồng Riềng,9.9237413,105.2736878,99,Moderate,1,24.2,94,0.0,9.3,140,1011.1,12,44.0,45.2,313.0,10.7,71.0,7.2
2025-02-16 01:00:00,2025,2,16,1,An Giang,Xã Giồng Riềng,9.9237413,105.2736878,100,Moderate,1,23.9,96,0.0,4.5,140,1010.9,18,41.1,42.0,308.0,11.3,64.0,6.5
2025-02-16 02:00:00,2025,2,16,2,An Giang,Xã Giồng Riềng,9.9237413,105.2736878,102,Unhealthy for Sensitive Groups,2,23.9,97,0.0,5.9,142,1010.3,5,37.1,38.2,300.0,12.1,58.0,6.2
2025-02-16 03:00:00,2025,2,16,3,An Giang,Xã Giồng Riềng,9.9237413,105.2736878,102,Unhealthy for Sensitive Groups,2,23.5,97,0.0,5.1,138,1009.8,1,34.7,35.9,291.0,13.1,51.0,6.0
2025-02-16 04:00:00,2025,2,16,4,An Giang,Xã Giồng Riềng,9.9237413,105.2736878,103,Unhealthy for Sensitive Groups,2,23.0,98,0.0,4.0,148,1009.7,5,33.2,34.7,286.0,14.1,46.0,6.2
2025-02-16 05:00:00,2025,2,16,5,An Giang,Xã Giồng Riềng,9.9237413,105.2736878,103,Unhealthy for Sensitive Groups,2,22.8,98,0.0,4.3,152,1010.2,12,32.6,34.2,295.0,15.7,40.0,6.9
2025-02-16 06:00:00,2025,2,16,6,An Giang,Xã Giồng Riềng,9.9237413,105.2736878,102,Unhealthy for Sensitive Groups,2,22.9,98,0.0,4.6,144,1010.9,91,32.2,33.9,309.0,17.4,35.0,7.9
2025-02-16 07:00:00,2025,2,16,7,An Giang,Xã Giồng Riềng,9.9237413,105.2736878,101,Unhealthy for Sensitive Groups,2,23.6,95,0.0,6.8,145,1011.6,82,18.0,19.9,307.0,12.2,44.0,7.1
2025-02-16 08:00:00,2025,2,16,8,An Giang,Xã Giồng Riềng,9.9237413,105.2736878,99,Moderate,1,26.2,83,0.0,12.8,116,1012.6,93,12.1,14.0,271.0,9.7,52.0,7.0
2025-02-16 09:00:00,2025,2,16,9,An Giang,Xã Giồng Riềng,9.9237413,105.2736878,97,Moderate,1,27.5,77,0.0,14.8,106,1013.3,80,10.1,12.0,219.0,6.2,63.0,6.9
2025-02-16 10:00:00,2025,2,16,10,An Giang,Xã Giồng Riềng,9.9237413,105.2736878,96,Moderate,1,29.0,70,0.0,14.7,102,1013.4,78,10.2,12.3,181.0,3.5,74.0,6.7
2025-02-16 11:00:00,2025,2,16,11,An Giang,Xã Giồng Riềng,9.9237413,105.2736878,94,Moderate,1,30.1,63,0.2,15.5,100,1012.8,63,9.5,10.9,170.0,2.2,83.0,6.3
2025-02-16 12:00:00,2025,2,16,12,An Giang,Xã Giồng Riềng,9.9237413,105.2736878,93,Moderate,1,31.0,60,0.1,14.9,98,1011.4,71,8.7,9.9,173.0,1.7,90.0,5.9
2025-02-16 13:00:00,2025,2,16,13,An Giang,Xã Giồng Riềng,9.9237413,105.2736878,90,Moderate,1,31.5,61,0.3,14.9,97,1010.4,51,8.4,9.7,176.0,1.5,96.0,5.6
2025-02-16 14:00:00,2025,2,16,14,An Giang,Xã Giồng Riềng,9.9237413,105.2736878,87,Moderate,1,32.0,53,0.0,15.7,99,1009.3,45,8.6,10.1,174.0,1.4,100.0,5.5
2025-02-16 15:00:00,2025,2,16,15,An Giang,Xã Giồng Riềng,9.9237413,105.2736878,85,Moderate,1,32.1,53,0.0,16.6,99,1008.4,50,8.9,10.7,172.0,1.6,101.0,5.5
2025-02-16 16:00:00,2025,2,16,16,An Giang,Xã Giồng Riềng,9.9237413,105.2736878,82,Moderate,1,31.2,54,0.0,17.6,104,1008.4,50,9.2,11.1,173.0,2.3,99.0,5.7
2025-02-16 17:00:00,2025,2,16,17,An Giang,Xã Giồng Riềng,9.9237413,105.2736878,80,Moderate,1,30.2,58,0.0,15.7,109,1009.0,23,9.9,12.0,180.0,4.0,91.0,6.2
2025-02-16 18:00:00,2025,2,16,18,An Giang,Xã Giồng Riềng,9.9237413,105.2736878,78,Moderate,1,29.0,63,0.0,15.1,116,1009.7,72,10.7,12.7,190.0,6.2,80.0,7.0
2025-02-16 19:00:00,2025,2,16,19,An Giang,Xã Giồng Riềng,9.9237413,105.2736878,76,Moderate,1,27.9,66,0.0,14.8,117,1010.4,17,19.4,23.0,198.0,7.9,73.0,7.6
2025-02-16 20:00:00,2025,2,16,20,An Giang,Xã Giồng Riềng,9.9237413,105.2736878,75,Moderate,1,27.4,70,0.0,14.0,123,1011.3,0,17.5,20.5,204.0,8.2,68.0,7.6
2025-02-16 21:00:00,2025,2,16,21,An Giang,Xã Giồng Riềng,9.9237413,105.2736878,73,Moderate,1,26.6,75,0.0,13.2,118,1012.3,7,16.4,19.2,208.0,8.5,62.0,7.6
2025-02-16 22:00:00,2025,2,16,22,An Giang,Xã Giồng Riềng,9.9237413,105.2736878,71,Moderate,1,25.7,80,0.0,12.5,113,1012.6,7,16.0,18.6,208.0,8.8,57.0,7.4
2025-02-16 23:00:00,2025,2,16,23,An Giang,Xã Giồng Riềng,9.9237413,105.2736878,68,Moderate,1,25.1,84,0.0,11.0,109,1012.6,16,15.4,17.9,202.0,8.8,55.0,7.0
2025-02-17 00:00:00,2025,2,17,0,An Giang,Xã Giồng Riềng,9.9237413,105.2736878,66,Moderate,1,24.7,86,0.0,9.5,122,1012.7,30,14.3,16.7,192.0,8.8,55.0,6.4
2025-02-17 01:00:00,2025,2,17,1,An Giang,Xã Giồng Riềng,9.9237413,105.2736878,63,Moderate,1,24.5,87,0.0,10.4,118,1012.1,17,13.2,15.5,183.0,8.8,55.0,5.9
2025-02-17 02:00:00,2025,2,17,2,An Giang,Xã Giồng Riềng,9.9237413,105.2736878,60,Moderate,1,24.1,88,0.0,8.2,119,1011.6,3,12.5,14.7,176.0,9.0,53.0,5.4
2025-02-17 03:00:00,2025,2,17,3,An Giang,Xã Giồng Riềng,9.9237413,105.2736878,58,Moderate,1,23.6,90,0.0,5.7,122,1011.2,0,12.2,14.3,171.0,9.2,51.0,5.0
2025-02-17 04:00:00,2025,2,17,4,An Giang,Xã Giồng Riềng,9.9237413,105.2736878,56,Moderate,1,23.1,92,0.0,4.4,122,1011.2,1,12.2,14.2,170.0,9.4,49.0,4.8
2025-02-17 05:00:00,2025,2,17,5,An Giang,Xã Giồng Riềng,9.9237413,105.2736878,54,Moderate,1,22.9,93,0.0,4.9,123,1011.3,24,12.2,14.2,179.0,9.9,46.0,4.9
2025-02-17 06:00:00,2025,2,17,6,An Giang,Xã Giồng Riềng,9.9237413,105.2736878,53,Moderate,1,22.9,92,0.0,5.9,121,1011.9,89,12.4,14.5,194.0,10.3,44.0,5.3
2025-02-17 07:00:00,2025,2,17,7,An Giang,Xã Giồng Riềng,9.9237413,105.2736878,51,Moderate,1,23.8,87,0.0,10.5,110,1012.7,95,13.7,16.5,202.0,9.3,46.0,5.5
2025-02-17 08:00:00,2025,2,17,8,An Giang,Xã Giồng Riềng,9.9237413,105.2736878,51,Moderate,1,26.1,76,0.0,14.5,110,1013.5,20,13.6,16.5,198.0,7.6,55.0,6.0
2025-02-17 09:00:00,2025,2,17,9,An Giang,Xã Giồng Riềng,9.9237413,105.2736878,51,Moderate,1,27.7,70,0.0,17.7,102,1014.1,98,12.9,16.1,189.0,5.3,67.0,6.6
2025-02-17 10:00:00,2025,2,17,10,An Giang,Xã Giồng Riềng,9.9237413,105.2736878,51,Moderate,1,29.1,64,0.0,18.0,98,1013.9,100,12.8,16.2,180.0,3.4,78.0,6.8
2025-02-17 11:00:00,2025,2,17,11,An Giang,Xã Giồng Riềng,9.9237413,105.2736878,51,Moderate,1,30.4,58,0.0,19.5,93,1013.3,99,13.0,16.7,174.0,2.4,85.0,6.3
2025-02-17 12:00:00,2025,2,17,12,An Giang,Xã Giồng Riềng,9.9237413,105.2736878,51,Moderate,1,31.1,55,0.0,19.3,88,1012.1,100,10.5,13.1,170.0,1.8,91.0,5.3
2025-02-17 13:00:00,2025,2,17,13,An Giang,Xã Giồng Riềng,9.9237413,105.2736878,52,Moderate,1,31.6,52,0.0,18.4,89,1011.4,100,9.6,11.7,166.0,1.5,95.0,4.7
2025-02-17 14:00:00,2025,2,17,14,An Giang,Xã Giồng Riềng,9.9237413,105.2736878,52,Moderate,1,31.8,51,0.0,18.4,93,1010.1,100,8.8,10.4,163.0,1.3,98.0,4.6
2025-02-17 15:00:00,2025,2,17,15,An Giang,Xã Giồng Riềng,9.9237413,105.2736878,52,Moderate,1,31.5,52,0.0,18.1,95,1009.4,100,8.4,9.8,162.0,1.5,99.0,4.7
2025-02-17 16:00:00,2025,2,17,16,An Giang,Xã Giồng Riềng,9.9237413,105.2736878,52,Moderate,1,31.2,53,0.0,17.3,98,1009.2,100,8.4,9.9,163.0,2.1,97.0,5.1
2025-02-17 17:00:00,2025,2,17,17,An Giang,Xã Giồng Riềng,9.9237413,105.2736878,52,Moderate,1,30.2,56,0.0,16.8,105,1009.7,78,8.7,10.3,170.0,3.6,91.0,5.8
2025-02-17 18:00:00,2025,2,17,18,An Giang,Xã Giồng Riềng,9.9237413,105.2736878,51,Moderate,1,28.6,61,0.0,13.7,111,1010.3,5,9.6,11.2,180.0,5.7,81.0,6.7
2025-02-17 19:00:00,2025,2,17,19,An Giang,Xã Giồng Riềng,9.9237413,105.2736878,51,Moderate,1,27.6,64,0.0,14.8,122,1011.3,66,16.7,19.1,187.0,8.6,78.0,8.3
2025-02-17 20:00:00,2025,2,17,20,An Giang,Xã Giồng Riềng,9.9237413,105.2736878,51,Moderate,1,26.9,68,0.0,14.3,124,1012.2,56,17.1,19.3,190.0,9.0,73.0,8.2
2025-02-17 21:00:00,2025,2,17,21,An Giang,Xã Giồng Riềng,9.9237413,105.2736878,51,Moderate,1,25.9,74,0.0,12.0,118,1013.1,98,16.4,18.5,191.0,9.5,66.0,8.0
2025-02-17 22:00:00,2025,2,17,22,An Giang,Xã Giồng Riềng,9.9237413,105.2736878,51,Moderate,1,25.2,78,0.0,11.6,114,1013.6,96,15.7,17.5,189.0,9.8,60.0,7.7
2025-02-17 23:00:00,2025,2,17,23,An Giang,Xã Giồng Riềng,9.9237413,105.2736878,51,Moderate,1,24.9,80,0.0,12.1,118,1013.5,92,14.7,16.5,181.0,9.7,58.0,7.0
2025-02-18 00:00:00,2025,2,18,0,An Giang,Xã Giồng Riềng,9.9237413,105.2736878,51,Moderate,1,24.6,80,0.0,13.0,123,1013.0,99,13.6,15.3,170.0,9.4,57.0,6.1
2025-02-18 01:00:00,2025,2,18,1,An Giang,Xã Giồng Riềng,9.9237413,105.2736878,51,Moderate,1,24.3,81,0.0,13.2,128,1012.3,100,12.9,14.5,162.0,9.1,57.0,5.4
2025-02-18 02:00:00,2025,2,18,2,An Giang,Xã Giồng Riềng,9.9237413,105.2736878,51,Moderate,1,24.0,82,0.0,12.7,129,1012.1,100,12.1,13.7,160.0,8.9,57.0,4.8
2025-02-18 03:00:00,2025,2,18,3,An Giang,Xã Giồng Riềng,9.9237413,105.2736878,51,Moderate,1,23.6,84,0.0,9.9,123,1011.8,100,11.4,13.0,160.0,8.8,56.0,4.4
2025-02-18 04:00:00,2025,2,18,4,An Giang,Xã Giồng Riềng,9.9237413,105.2736878,51,Moderate,1,23.5,85,0.0,10.0,124,1011.4,100,11.0,12.6,164.0,9.0,55.0,4.3
2025-02-18 05:00:00,2025,2,18,5,An Giang,Xã Giồng Riềng,9.9237413,105.2736878,51,Moderate,1,23.4,85,0.0,11.1,119,1011.6,100,11.0,12.6,173.0,9.9,51.0,4.6
2025-02-18 06:00:00,2025,2,18,6,An Giang,Xã Giồng Riềng,9.9237413,105.2736878,51,Moderate,1,23.5,84,0.0,11.0,111,1012.3,100,11.6,13.1,184.0,11.1,46.0,5.2
2025-02-18 07:00:00,2025,2,18,7,An Giang,Xã Giồng Riềng,9.9237413,105.2736878,51,Moderate,1,24.0,82,0.0,11.2,100,1012.8,100,13.0,15.0,191.0,11.1,50.0,5.6
2025-02-18 08:00:00,2025,2,18,8,An Giang,Xã Giồng Riềng,9.9237413,105.2736878,50,Good,0,26.1,77,0.0,11.7,100,1013.4,100,12.9,15.0,190.0,9.1,59.0,6.2
2025-02-18 09:00:00,2025,2,18,9,An Giang,Xã Giồng Riềng,9.9237413,105.2736878,50,Good,0,27.9,71,0.0,14.8,95,1014.0,100,12.4,14.8,185.0,6.4,71.0,7.1
2025-02-18 10:00:00,2025,2,18,10,An Giang,Xã Giồng Riềng,9.9237413,105.2736878,50,Good,0,29.4,65,0.0,15.7,89,1014.1,100,13.0,15.9,180.0,4.2,83.0,7.6
2025-02-18 11:00:00,2025,2,18,11,An Giang,Xã Giồng Riềng,9.9237413,105.2736878,50,Good,0,30.6,62,0.0,15.5,89,1013.5,100,12.3,14.8,176.0,2.9,95.0,7.6
2025-02-18 12:00:00,2025,2,18,12,An Giang,Xã Giồng Riềng,9.9237413,105.2736878,50,Good,0,31.4,60,0.0,15.2,94,1012.8,99,10.9,12.6,172.0,2.1,106.0,7.2
2025-02-18 13:00:00,2025,2,18,13,An Giang,Xã Giồng Riềng,9.9237413,105.2736878,50,Good,0,31.5,58,0.0,15.9,99,1011.7,85,10.4,11.1,169.0,1.7,112.0,6.8
2025-02-18 14:00:00,2025,2,18,14,An Giang,Xã Giồng Riềng,9.9237413,105.2736878,50,Good,0,31.6,58,0.1,14.5,104,1010.7,14,9.5,10.2,166.0,1.4,111.0,6.2
2025-02-18 15:00:00,2025,2,18,15,An Giang,Xã Giồng Riềng,9.9237413,105.2736878,51,Moderate,1,31.6,57,0.0,14.2,98,1009.6,12,9.1,9.7,164.0,1.4,106.0,5.5
2025-02-18 16:00:00,2025,2,18,16,An Giang,Xã Giồng Riềng,9.9237413,105.2736878,51,Moderate,1,30.9,58,0.0,15.9,108,1009.4,84,8.2,8.8,166.0,2.2,98.0,5.3
2025-02-18 17:00:00,2025,2,18,17,An Giang,Xã Giồng Riềng,9.9237413,105.2736878,51,Moderate,1,30.2,59,0.0,12.5,106,1009.6,37,8.4,9.0,174.0,4.0,88.0,5.7
2025-02-18 18:00:00,2025,2,18,18,An Giang,Xã Giồng Riềng,9.9237413,105.2736878,51,Moderate,1,29.0,64,0.0,9.8,114,1010.1,8,8.7,9.3,186.0,6.6,77.0,6.6
2025-02-18 19:00:00,2025,2,18,19,An Giang,Xã Giồng Riềng,9.9237413,105.2736878,50,Good,0,28.2,66,0.0,13.2,118,1010.9,4,22.5,24.0,196.0,11.0,76.0,9.7
2025-02-18 20:00:00,2025,2,18,20,An Giang,Xã Giồng Riềng,9.9237413,105.2736878,51,Moderate,1,27.5,71,0.0,10.1,117,1011.6,63,25.7,27.4,200.0,11.8,70.0,9.7
2025-02-18 21:00:00,2025,2,18,21,An Giang,Xã Giồng Riềng,9.9237413,105.2736878,52,Moderate,1,26.8,71,0.0,13.0,114,1012.7,29,25.0,27.0,202.0,12.8,62.0,9.6
2025-02-18 22:00:00,2025,2,18,22,An Giang,Xã Giồng Riềng,9.9237413,105.2736878,52,Moderate,1,26.0,75,0.0,11.1,112,1013.1,4,23.1,25.2,205.0,13.4,56.0,9.3
2025-02-18 23:00:00,2025,2,18,23,An Giang,Xã Giồng Riềng,9.9237413,105.2736878,53,Moderate,1,25.3,79,0.0,9.4,108,1012.9,1,21.6,23.7,211.0,12.9,56.0,8.5
2025-02-19 00:00:00,2025,2,19,0,An Giang,Xã Giồng Riềng,9.9237413,105.2736878,54,Moderate,1,24.6,83,0.0,7.7,129,1012.6,0,20.1,22.2,219.0,11.9,58.0,7.3
2025-02-19 01:00:00,2025,2,19,1,An Giang,Xã Giồng Riềng,9.9237413,105.2736878,54,Moderate,1,24.0,87,0.0,5.7,145,1012.3,0,19.3,21.2,229.0,11.5,59.0,6.5
2025-02-19 02:00:00,2025,2,19,2,An Giang,Xã Giồng Riềng,9.9237413,105.2736878,55,Moderate,1,23.8,88,0.0,6.8,153,1011.9,64,19.0,21.0,242.0,12.0,58.0,6.1
2025-02-19 03:00:00,2025,2,19,3,An Giang,Xã Giồng Riềng,9.9237413,105.2736878,56,Moderate,1,23.5,90,0.0,6.9,155,1011.2,100,19.7,21.5,259.0,13.1,56.0,5.9
2025-02-19 04:00:00,2025,2,19,4,An Giang,Xã Giồng Riềng,9.9237413,105.2736878,56,Moderate,1,23.0,92,0.0,4.4,145,1011.1,100,21.5,23.3,276.0,14.7,52.0,6.2
2025-02-19 05:00:00,2025,2,19,5,An Giang,Xã Giồng Riềng,9.9237413,105.2736878,57,Moderate,1,22.8,93,0.0,4.3,132,1011.4,100,25.4,27.4,298.0,17.8,43.0,7.1
2025-02-19 06:00:00,2025,2,19,6,An Giang,Xã Giồng Riềng,9.9237413,105.2736878,58,Moderate,1,22.6,94,0.0,4.5,90,1012.2,100,30.5,32.5,322.0,21.4,34.0,8.5
2025-02-19 07:00:00,2025,2,19,7,An Giang,Xã Giồng Riềng,9.9237413,105.2736878,60,Moderate,1,23.5,90,0.0,8.3,60,1012.7,100,31.4,33.4,336.0,20.3,37.0,9.3
2025-02-19 08:00:00,2025,2,19,8,An Giang,Xã Giồng Riềng,9.9237413,105.2736878,62,Moderate,1,26.0,82,0.0,9.2,92,1013.3,40,26.8,29.5,335.0,16.7,52.0,10.3
2025-02-19 09:00:00,2025,2,19,9,An Giang,Xã Giồng Riềng,9.9237413,105.2736878,63,Moderate,1,27.9,75,0.0,14.5,84,1013.7,88,21.1,24.1,325.0,11.7,74.0,11.6
2025-02-19 10:00:00,2025,2,19,10,An Giang,Xã Giồng Riềng,9.9237413,105.2736878,64,Moderate,1,29.0,73,0.0,12.8,76,1013.8,97,20.1,21.8,315.0,7.5,94.0,12.1
2025-02-19 11:00:00,2025,2,19,11,An Giang,Xã Giồng Riềng,9.9237413,105.2736878,64,Moderate,1,29.8,68,0.0,11.5,68,1013.0,100,21.5,22.4,306.0,5.1,111.0,10.9
2025-02-19 12:00:00,2025,2,19,12,An Giang,Xã Giồng Riềng,9.9237413,105.2736878,65,Moderate,1,29.8,66,0.0,12.7,78,1012.2,100,23.9,24.9,296.0,3.5,125.0,9.0
2025-02-19 13:00:00,2025,2,19,13,An Giang,Xã Giồng Riềng,9.9237413,105.2736878,66,Moderate,1,24.5,92,8.1,13.1,111,1012.2,100,25.6,26.7,288.0,2.6,133.0,7.4
2025-02-19 14:00:00,2025,2,19,14,An Giang,Xã Giồng Riềng,9.9237413,105.2736878,68,Moderate,1,27.2,82,0.4,5.8,60,1010.7,84,23.0,23.9,286.0,2.2,130.0,6.7
2025-02-19 15:00:00,2025,2,19,15,An Giang,Xã Giồng Riềng,9.9237413,105.2736878,69,Moderate,1,29.0,77,0.2,5.8,116,1009.7,93,30.2,31.3,286.0,2.4,120.0,6.5
2025-02-19 16:00:00,2025,2,19,16,An Giang,Xã Giồng Riềng,9.9237413,105.2736878,71,Moderate,1,29.4,74,0.3,7.6,105,1009.5,96,17.7,18.4,283.0,3.4,109.0,6.6
2025-02-19 17:00:00,2025,2,19,17,An Giang,Xã Giồng Riềng,9.9237413,105.2736878,72,Moderate,1,27.0,81,3.3,7.1,83,1009.8,95,12.5,13.2,274.0,5.7,96.0,7.4
2025-02-19 18:00:00,2025,2,19,18,An Giang,Xã Giồng Riềng,9.9237413,105.2736878,72,Moderate,1,26.0,86,0.1,8.7,38,1010.6,90,10.7,11.4,262.0,8.8,82.0,8.5
2025-02-19 19:00:00,2025,2,19,19,An Giang,Xã Giồng Riềng,9.9237413,105.2736878,72,Moderate,1,25.2,87,0.0,5.7,41,1010.6,65,12.0,12.6,254.0,9.2,82.0,9.8
2025-02-19 20:00:00,2025,2,19,20,An Giang,Xã Giồng Riềng,9.9237413,105.2736878,71,Moderate,1,25.3,85,0.0,7.4,87,1011.3,100,14.0,15.2,255.0,9.9,76.0,9.7
2025-02-19 21:00:00,2025,2,19,21,An Giang,Xã Giồng Riềng,9.9237413,105.2736878,70,Moderate,1,24.9,85,0.0,7.7,108,1012.0,98,13.9,15.1,261.0,10.9,68.0,9.5
2025-02-19 22:00:00,2025,2,19,22,An Giang,Xã Giồng Riềng,9.9237413,105.2736878,69,Moderate,1,25.0,84,0.0,11.8,102,1012.5,100,14.6,15.9,265.0,11.7,62.0,9.2
2025-02-19 23:00:00,2025,2,19,23,An Giang,Xã Giồng Riềng,9.9237413,105.2736878,68,Moderate,1,25.0,82,0.0,12.9,106,1012.8,100,15.7,17.1,263.0,11.9,62.0,8.6
2025-02-20 00:00:00,2025,2,20,0,An Giang,Xã Giồng Riềng,9.9237413,105.2736878,68,Moderate,1,24.5,83,0.0,10.9,109,1012.5,100,16.6,18.0,259.0,11.9,65.0,7.9
2025-02-20 01:00:00,2025,2,20,1,An Giang,Xã Giồng Riềng,9.9237413,105.2736878,68,Moderate,1,24.1,84,0.0,9.1,111,1012.0,100,17.4,18.9,255.0,12.1,66.0,7.3
2025-02-20 02:00:00,2025,2,20,2,An Giang,Xã Giồng Riềng,9.9237413,105.2736878,67,Moderate,1,23.7,86,0.0,7.2,108,1011.5,100,18.3,19.9,251.0,12.8,64.0,6.9
2025-02-20 03:00:00,2025,2,20,3,An Giang,Xã Giồng Riềng,9.9237413,105.2736878,67,Moderate,1,23.4,88,0.0,7.5,101,1011.1,100,19.3,20.9,248.0,13.7,59.0,6.7
2025-02-20 04:00:00,2025,2,20,4,An Giang,Xã Giồng Riềng,9.9237413,105.2736878,67,Moderate,1,23.2,89,0.0,7.4,91,1010.8,100,20.7,22.2,251.0,14.9,55.0,6.8
2025-02-20 05:00:00,2025,2,20,5,An Giang,Xã Giồng Riềng,9.9237413,105.2736878,67,Moderate,1,23.0,90,0.0,6.9,76,1011.3,100,22.7,24.4,267.0,17.2,48.0,7.4
2025-02-20 06:00:00,2025,2,20,6,An Giang,Xã Giồng Riềng,9.9237413,105.2736878,67,Moderate,1,22.7,92,0.0,5.7,72,1011.9,100,25.7,27.4,290.0,19.8,40.0,8.3
2025-02-20 07:00:00,2025,2,20,7,An Giang,Xã Giồng Riềng,9.9237413,105.2736878,67,Moderate,1,23.4,90,0.0,7.5,66,1012.7,100,25.4,27.0,306.0,17.1,46.0,7.7
2025-02-20 08:00:00,2025,2,20,8,An Giang,Xã Giồng Riềng,9.9237413,105.2736878,66,Moderate,1,25.5,83,0.0,6.3,88,1013.7,100,22.6,25.0,308.0,14.4,58.0,8.5
2025-02-20 09:00:00,2025,2,20,9,An Giang,Xã Giồng Riềng,9.9237413,105.2736878,66,Moderate,1,27.2,76,0.0,9.2,90,1014.2,100,21.3,24.5,303.0,10.5,76.0,9.7
2025-02-20 10:00:00,2025,2,20,10,An Giang,Xã Giồng Riềng,9.9237413,105.2736878,66,Moderate,1,28.6,71,0.0,10.8,86,1014.1,100,22.2,26.1,299.0,7.3,94.0,10.3
2025-02-20 11:00:00,2025,2,20,11,An Giang,Xã Giồng Riềng,9.9237413,105.2736878,66,Moderate,1,29.9,65,0.1,11.6,72,1013.3,100,22.2,23.6,300.0,5.2,113.0,10.0
2025-02-20 12:00:00,2025,2,20,12,An Giang,Xã Giồng Riềng,9.9237413,105.2736878,66,Moderate,1,30.5,61,0.1,12.0,66,1012.3,100,24.3,25.4,303.0,3.7,134.0,9.2
2025-02-20 13:00:00,2025,2,20,13,An Giang,Xã Giồng Riềng,9.9237413,105.2736878,66,Moderate,1,31.3,58,0.1,12.1,69,1011.2,100,24.5,25.6,302.0,2.7,148.0,8.6
2025-02-20 14:00:00,2025,2,20,14,An Giang,Xã Giồng Riềng,9.9237413,105.2736878,66,Moderate,1,31.5,56,0.1,11.8,79,1010.1,100,24.0,25.1,297.0,2.3,155.0,8.5
2025-02-20 15:00:00,2025,2,20,15,An Giang,Xã Giồng Riềng,9.9237413,105.2736878,66,Moderate,1,31.5,55,0.1,12.3,84,1009.3,99,24.0,25.0,289.0,2.5,155.0,8.6
2025-02-20 16:00:00,2025,2,20,16,An Giang,Xã Giồng Riềng,9.9237413,105.2736878,65,Moderate,1,31.4,54,0.0,12.1,89,1009.0,100,22.1,23.2,279.0,3.3,150.0,8.8
2025-02-20 17:00:00,2025,2,20,17,An Giang,Xã Giồng Riềng,9.9237413,105.2736878,85,Moderate,1,30.7,57,0.0,9.4,83,1009.3,100,19.7,20.8,268.0,5.2,135.0,9.1
2025-02-20 18:00:00,2025,2,20,18,An Giang,Xã Giồng Riềng,9.9237413,105.2736878,97,Moderate,1,29.0,65,0.0,6.0,87,1009.7,99,18.6,19.6,255.0,7.7,114.0,9.5
2025-02-20 19:00:00,2025,2,20,19,An Giang,Xã Giồng Riềng,9.9237413,105.2736878,101,Unhealthy for Sensitive Groups,2,28.1,62,0.0,12.2,112,1010.5,100,25.8,26.8,244.0,10.7,105.0,11.3
2025-02-20 20:00:00,2025,2,20,20,An Giang,Xã Giồng Riềng,9.9237413,105.2736878,100,Moderate,1,27.0,68,0.0,8.2,98,1010.8,100,24.0,25.1,238.0,11.1,93.0,10.7
2025-02-20 21:00:00,2025,2,20,21,An Giang,Xã Giồng Riềng,9.9237413,105.2736878,91,Moderate,1,26.5,69,0.0,11.8,98,1011.4,97,21.0,22.9,234.0,11.8,77.0,9.8
2025-02-20 22:00:00,2025,2,20,22,An Giang,Xã Giồng Riềng,9.9237413,105.2736878,76,Moderate,1,26.0,74,0.0,11.2,108,1012.1,97,18.5,20.4,228.0,12.1,65.0,8.9
2025-02-20 23:00:00,2025,2,20,23,An Giang,Xã Giồng Riềng,9.9237413,105.2736878,70,Moderate,1,25.6,76,0.0,11.3,112,1012.1,100,17.1,19.0,218.0,11.9,62.0,8.1
2025-02-21 00:00:00,2025,2,21,0,An Giang,Xã Giồng Riềng,9.9237413,105.2736878,70,Moderate,1,25.2,78,0.0,11.7,121,1011.9,100,15.8,17.6,207.0,11.5,63.0,7.4
2025-02-21 01:00:00,2025,2,21,1,An Giang,Xã Giồng Riềng,9.9237413,105.2736878,70,Moderate,1,25.0,79,0.0,11.0,118,1011.8,27,14.7,16.4,198.0,11.2,63.0,6.7
2025-02-21 02:00:00,2025,2,21,2,An Giang,Xã Giồng Riềng,9.9237413,105.2736878,70,Moderate,1,24.9,79,0.0,11.5,120,1011.6,14,13.6,15.1,191.0,11.0,61.0,6.0
2025-02-21 03:00:00,2025,2,21,3,An Giang,Xã Giồng Riềng,9.9237413,105.2736878,70,Moderate,1,24.8,79,0.0,12.1,118,1011.3,17,12.6,14.0,186.0,10.9,58.0,5.4
2025-02-21 04:00:00,2025,2,21,4,An Giang,Xã Giồng Riềng,9.9237413,105.2736878,69,Moderate,1,24.8,78,0.0,12.5,110,1011.1,48,12.0,13.3,186.0,10.9,56.0,5.1
2025-02-21 05:00:00,2025,2,21,5,An Giang,Xã Giồng Riềng,9.9237413,105.2736878,68,Moderate,1,24.6,79,0.0,12.0,107,1011.1,61,11.7,12.8,195.0,11.2,53.0,5.2
2025-02-21 06:00:00,2025,2,21,6,An Giang,Xã Giồng Riềng,9.9237413,105.2736878,67,Moderate,1,24.5,79,0.0,11.5,100,1011.7,35,11.7,12.7,209.0,11.7,50.0,5.6
2025-02-21 07:00:00,2025,2,21,7,An Giang,Xã Giồng Riềng,9.9237413,105.2736878,66,Moderate,1,24.9,79,0.0,11.4,101,1012.6,100,12.5,13.8,219.0,10.5,52.0,5.9
2025-02-21 08:00:00,2025,2,21,8,An Giang,Xã Giồng Riềng,9.9237413,105.2736878,65,Moderate,1,26.6,76,0.0,9.4,98,1013.6,100,11.9,13.4,222.0,8.5,60.0,6.2
2025-02-21 09:00:00,2025,2,21,9,An Giang,Xã Giồng Riềng,9.9237413,105.2736878,64,Moderate,1,28.0,71,0.0,13.3,89,1013.9,12,10.9,12.9,221.0,5.7,70.0,6.5
2025-02-21 10:00:00,2025,2,21,10,An Giang,Xã Giồng Riềng,9.9237413,105.2736878,63,Moderate,1,29.9,65,0.0,15.4,85,1014.3,78,10.9,13.3,218.0,3.5,80.0,6.6
2025-02-21 11:00:00,2025,2,21,11,An Giang,Xã Giồng Riềng,9.9237413,105.2736878,62,Moderate,1,30.9,62,0.0,15.2,83,1013.8,94,10.6,13.3,211.0,2.4,88.0,6.3
2025-02-21 12:00:00,2025,2,21,12,An Giang,Xã Giồng Riềng,9.9237413,105.2736878,61,Moderate,1,31.6,60,0.0,15.5,87,1012.8,100,10.4,13.0,201.0,1.9,95.0,5.8
2025-02-21 13:00:00,2025,2,21,13,An Giang,Xã Giồng Riềng,9.9237413,105.2736878,60,Moderate,1,32.1,56,0.0,16.2,88,1011.7,92,9.9,12.1,192.0,1.8,98.0,5.4
2025-02-21 14:00:00,2025,2,21,14,An Giang,Xã Giồng Riềng,9.9237413,105.2736878,59,Moderate,1,32.0,55,0.1,15.4,83,1010.5,31,9.8,12.1,181.0,1.8,96.0,5.0
2025-02-21 15:00:00,2025,2,21,15,An Giang,Xã Giồng Riềng,9.9237413,105.2736878,57,Moderate,1,31.5,56,0.1,16.2,86,1009.8,90,8.9,10.8,171.0,2.2,91.0,4.7
2025-02-21 16:00:00,2025,2,21,16,An Giang,Xã Giồng Riềng,9.9237413,105.2736878,56,Moderate,1,29.0,67,2.2,3.4,106,1009.9,59,9.1,10.4,170.0,3.1,86.0,4.8
2025-02-21 17:00:00,2025,2,21,17,An Giang,Xã Giồng Riềng,9.9237413,105.2736878,55,Moderate,1,28.0,78,3.4,3.8,301,1010.6,58,9.4,11.0,187.0,5.1,80.0,5.7
2025-02-21 18:00:00,2025,2,21,18,An Giang,Xã Giồng Riềng,9.9237413,105.2736878,54,Moderate,1,26.4,85,1.5,3.1,291,1011.5,66,10.6,12.3,214.0,7.6,74.0,7.0
2025-02-21 19:00:00,2025,2,21,19,An Giang,Xã Giồng Riềng,9.9237413,105.2736878,53,Moderate,1,25.8,93,0.1,2.5,266,1012.0,24,20.5,23.2,235.0,11.1,66.0,8.8
2025-02-21 20:00:00,2025,2,21,20,An Giang,Xã Giồng Riềng,9.9237413,105.2736878,53,Moderate,1,24.2,94,0.0,1.8,90,1012.5,89,23.6,26.0,242.0,11.5,63.0,9.0
2025-02-21 21:00:00,2025,2,21,21,An Giang,Xã Giồng Riềng,9.9237413,105.2736878,53,Moderate,1,24.8,91,0.0,5.6,90,1013.2,100,21.1,23.2,242.0,12.0,59.0,9.3
2025-02-21 22:00:00,2025,2,21,22,An Giang,Xã Giồng Riềng,9.9237413,105.2736878,53,Moderate,1,24.6,90,0.0,6.0,81,1013.8,100,19.5,21.6,242.0,12.8,55.0,9.4
2025-02-21 23:00:00,2025,2,21,23,An Giang,Xã Giồng Riềng,9.9237413,105.2736878,53,Moderate,1,24.3,91,0.0,6.0,83,1013.4,99,18.7,20.9,244.0,13.2,53.0,9.0
2025-02-22 00:00:00,2025,2,22,0,An Giang,Xã Giồng Riềng,9.9237413,105.2736878,53,Moderate,1,23.6,93,0.0,5.1,84,1013.5,100,18.9,21.1,245.0,13.7,50.0,8.4
2025-02-22 01:00:00,2025,2,22,1,An Giang,Xã Giồng Riềng,9.9237413,105.2736878,53,Moderate,1,23.4,94,0.0,4.8,79,1013.0,100,22.5,24.8,243.0,16.2,46.0,8.3
2025-02-22 02:00:00,2025,2,22,2,An Giang,Xã Giồng Riềng,9.9237413,105.2736878,54,Moderate,1,23.0,94,0.0,4.3,66,1012.4,100,30.6,33.3,233.0,22.6,37.0,9.2
2025-02-22 03:00:00,2025,2,22,3,An Giang,Xã Giồng Riềng,9.9237413,105.2736878,55,Moderate,1,22.8,95,0.0,4.6,54,1012.0,100,41.1,43.9,221.0,30.9,27.0,10.7
2025-02-22 04:00:00,2025,2,22,4,An Giang,Xã Giồng Riềng,9.9237413,105.2736878,58,Moderate,1,22.5,96,0.0,4.5,53,1011.9,100,50.6,53.6,219.0,37.0,19.0,12.0
2025-02-22 05:00:00,2025,2,22,5,An Giang,Xã Giồng Riềng,9.9237413,105.2736878,61,Moderate,1,22.2,98,0.0,4.0,27,1012.0,100,59.6,62.6,237.0,39.9,12.0,12.7
2025-02-22 06:00:00,2025,2,22,6,An Giang,Xã Giồng Riềng,9.9237413,105.2736878,66,Moderate,1,22.1,98,0.0,3.2,34,1012.4,100,66.1,68.9,266.0,40.6,8.0,13.1
2025-02-22 07:00:00,2025,2,22,7,An Giang,Xã Giồng Riềng,9.9237413,105.2736878,70,Moderate,1,22.9,99,0.0,4.6,54,1013.0,100,46.7,49.6,286.0,29.8,25.0,11.4
2025-02-22 08:00:00,2025,2,22,8,An Giang,Xã Giồng Riềng,9.9237413,105.2736878,73,Moderate,1,25.4,91,0.0,5.9,72,1013.9,100,33.9,38.4,289.0,24.2,49.0,14.0
2025-02-22 09:00:00,2025,2,22,9,An Giang,Xã Giồng Riềng,9.9237413,105.2736878,75,Moderate,1,27.0,83,0.0,10.5,55,1014.5,100,31.7,37.5,283.0,16.4,83.0,17.4
2025-02-22 10:00:00,2025,2,22,10,An Giang,Xã Giồng Riềng,9.9237413,105.2736878,77,Moderate,1,28.0,80,0.0,10.1,57,1014.3,100,33.9,39.3,276.0,10.1,112.0,18.9
2025-02-22 11:00:00,2025,2,22,11,An Giang,Xã Giồng Riềng,9.9237413,105.2736878,79,Moderate,1,29.3,76,0.1,10.4,56,1013.8,100,34.5,36.2,270.0,6.6,133.0,16.4
2025-02-22 12:00:00,2025,2,22,12,An Giang,Xã Giồng Riềng,9.9237413,105.2736878,81,Moderate,1,30.0,72,0.1,11.7,59,1012.9,100,35.9,37.5,263.0,4.5,148.0,12.0
2025-02-22 13:00:00,2025,2,22,13,An Giang,Xã Giồng Riềng,9.9237413,105.2736878,84,Moderate,1,30.2,69,0.2,11.8,59,1011.6,100,35.2,36.6,256.0,3.3,156.0,8.5
2025-02-22 14:00:00,2025,2,22,14,An Giang,Xã Giồng Riềng,9.9237413,105.2736878,86,Moderate,1,29.8,72,1.0,12.4,60,1010.3,100,33.1,34.1,249.0,3.0,153.0,7.2
2025-02-22 15:00:00,2025,2,22,15,An Giang,Xã Giồng Riềng,9.9237413,105.2736878,88,Moderate,1,26.1,85,12.4,3.8,229,1010.1,100,30.3,31.2,243.0,3.6,141.0,6.9
2025-02-22 16:00:00,2025,2,22,16,An Giang,Xã Giồng Riềng,9.9237413,105.2736878,90,Moderate,1,25.2,89,0.5,7.8,37,1010.0,97,26.3,27.1,240.0,4.9,127.0,7.0
2025-02-22 17:00:00,2025,2,22,17,An Giang,Xã Giồng Riềng,9.9237413,105.2736878,91,Moderate,1,25.5,89,4.2,6.1,56,1010.7,98,19.1,19.7,246.0,7.1,109.0,7.8
2025-02-22 18:00:00,2025,2,22,18,An Giang,Xã Giồng Riềng,9.9237413,105.2736878,96,Moderate,1,25.2,92,2.3,10.6,94,1011.3,97,17.5,18.0,255.0,10.0,88.0,9.0
2025-02-22 19:00:00,2025,2,22,19,An Giang,Xã Giồng Riềng,9.9237413,105.2736878,93,Moderate,1,24.0,93,0.5,14.0,78,1011.7,100,27.2,28.5,257.0,11.1,103.0,11.7
2025-02-22 20:00:00,2025,2,22,20,An Giang,Xã Giồng Riềng,9.9237413,105.2736878,93,Moderate,1,25.5,94,0.0,6.7,74,1012.4,100,26.5,27.5,244.0,12.2,90.0,11.7
2025-02-22 21:00:00,2025,2,22,21,An Giang,Xã Giồng Riềng,9.9237413,105.2736878,94,Moderate,1,25.5,91,0.0,10.4,90,1012.9,91,23.3,24.3,224.0,13.6,72.0,11.6
2025-02-22 22:00:00,2025,2,22,22,An Giang,Xã Giồng Riềng,9.9237413,105.2736878,94,Moderate,1,25.1,87,0.0,10.8,90,1013.3,98,20.8,22.3,208.0,14.7,58.0,11.3
2025-02-22 23:00:00,2025,2,22,23,An Giang,Xã Giồng Riềng,9.9237413,105.2736878,94,Moderate,1,24.6,88,0.0,8.8,81,1013.4,100,18.1,19.3,202.0,15.1,51.0,10.4
2025-02-23 00:00:00,2025,2,23,0,An Giang,Xã Giồng Riềng,9.9237413,105.2736878,94,Moderate,1,24.2,90,0.0,7.8,77,1013.6,100,15.5,16.5,200.0,15.1,48.0,9.2
2025-02-23 01:00:00,2025,2,23,1,An Giang,Xã Giồng Riềng,9.9237413,105.2736878,94,Moderate,1,24.0,91,0.0,7.1,75,1013.3,100,13.9,14.7,201.0,14.9,46.0,8.2
2025-02-23 02:00:00,2025,2,23,2,An Giang,Xã Giồng Riềng,9.9237413,105.2736878,93,Moderate,1,23.9,91,0.0,6.5,76,1013.2,100,12.8,13.4,203.0,14.5,46.0,7.5
2025-02-23 03:00:00,2025,2,23,3,An Giang,Xã Giồng Riềng,9.9237413,105.2736878,91,Moderate,1,23.9,90,0.0,8.0,81,1012.6,100,11.7,12.2,207.0,14.0,47.0,6.9
2025-02-23 04:00:00,2025,2,23,4,An Giang,Xã Giồng Riềng,9.9237413,105.2736878,89,Moderate,1,23.9,90,0.0,8.0,82,1012.1,100,10.9,11.4,215.0,13.8,47.0,6.8
2025-02-23 05:00:00,2025,2,23,5,An Giang,Xã Giồng Riềng,9.9237413,105.2736878,85,Moderate,1,23.4,92,0.0,5.9,67,1012.6,100,10.9,11.4,228.0,14.6,44.0,7.2
2025-02-23 06:00:00,2025,2,23,6,An Giang,Xã Giồng Riềng,9.9237413,105.2736878,81,Moderate,1,23.2,94,0.0,5.6,42,1013.1,100,12.4,12.8,245.0,15.8,41.0,8.1
2025-02-23 07:00:00,2025,2,23,7,An Giang,Xã Giồng Riềng,9.9237413,105.2736878,76,Moderate,1,23.8,93,0.0,9.3,25,1013.8,100,16.8,17.6,259.0,14.1,44.0,7.6
2025-02-23 08:00:00,2025,2,23,8,An Giang,Xã Giồng Riềng,9.9237413,105.2736878,73,Moderate,1,26.1,86,0.1,7.9,55,1014.8,100,16.9,18.0,272.0,12.5,51.0,8.5
2025-02-23 09:00:00,2025,2,23,9,An Giang,Xã Giồng Riềng,9.9237413,105.2736878,72,Moderate,1,26.3,85,0.1,10.1,20,1015.6,87,15.7,17.3,283.0,10.2,62.0,9.8
2025-02-23 10:00:00,2025,2,23,10,An Giang,Xã Giồng Riềng,9.9237413,105.2736878,70,Moderate,1,27.8,78,0.2,13.5,65,1015.2,100,15.2,17.3,279.0,8.0,74.0,10.4
2025-02-23 11:00:00,2025,2,23,11,An Giang,Xã Giồng Riềng,9.9237413,105.2736878,69,Moderate,1,28.8,75,0.3,16.5,77,1014.7,99,15.4,17.2,248.0,6.1,88.0,9.9
2025-02-23 12:00:00,2025,2,23,12,An Giang,Xã Giồng Riềng,9.9237413,105.2736878,67,Moderate,1,28.8,72,1.7,21.6,87,1013.6,98,14.1,14.9,203.0,4.4,104.0,8.9
2025-02-23 13:00:00,2025,2,23,13,An Giang,Xã Giồng Riềng,9.9237413,105.2736878,65,Moderate,1,28.1,80,1.0,13.3,82,1012.6,58,13.2,13.8,170.0,3.1,113.0,7.8
2025-02-23 14:00:00,2025,2,23,14,An Giang,Xã Giồng Riềng,9.9237413,105.2736878,63,Moderate,1,28.6,69,0.2,19.8,87,1011.5,60,12.4,12.9,159.0,2.4,113.0,6.8
2025-02-23 15:00:00,2025,2,23,15,An Giang,Xã Giồng Riềng,9.9237413,105.2736878,61,Moderate,1,28.1,73,0.1,20.3,77,1010.7,90,10.6,11.3,160.0,2.1,107.0,5.8
2025-02-23 16:00:00,2025,2,23,16,An Giang,Xã Giồng Riềng,9.9237413,105.2736878,60,Moderate,1,28.2,75,0.0,13.1,89,1010.8,100,8.0,8.7,164.0,2.7,100.0,5.4
2025-02-23 17:00:00,2025,2,23,17,An Giang,Xã Giồng Riềng,9.9237413,105.2736878,58,Moderate,1,26.6,85,3.6,13.5,106,1011.5,98,9.6,10.3,170.0,4.5,91.0,5.8
2025-02-23 18:00:00,2025,2,23,18,An Giang,Xã Giồng Riềng,9.9237413,105.2736878,57,Moderate,1,26.5,81,0.0,15.8,92,1011.5,45,11.0,12.0,178.0,7.1,80.0,6.8
2025-02-23 19:00:00,2025,2,23,19,An Giang,Xã Giồng Riềng,9.9237413,105.2736878,57,Moderate,1,26.0,79,0.0,16.8,86,1012.5,59,12.4,13.7,185.0,8.9,72.0,7.9
2025-02-23 20:00:00,2025,2,23,20,An Giang,Xã Giồng Riềng,9.9237413,105.2736878,55,Moderate,1,25.6,85,0.0,10.2,72,1013.1,36,12.3,13.3,188.0,9.7,69.0,8.2
2025-02-23 21:00:00,2025,2,23,21,An Giang,Xã Giồng Riềng,9.9237413,105.2736878,54,Moderate,1,25.4,85,0.0,14.2,66,1014.0,27,12.5,13.4,189.0,10.8,65.0,8.7
2025-02-23 22:00:00,2025,2,23,22,An Giang,Xã Giồng Riềng,9.9237413,105.2736878,53,Moderate,1,25.1,86,0.0,13.3,77,1014.5,37,13.4,14.2,189.0,12.2,61.0,9.2
2025-02-23 23:00:00,2025,2,23,23,An Giang,Xã Giồng Riềng,9.9237413,105.2736878,52,Moderate,1,24.9,87,0.0,13.6,83,1014.7,31,14.4,15.2,188.0,13.8,57.0,9.7
2025-02-24 00:00:00,2025,2,24,0,An Giang,Xã Giồng Riềng,9.9237413,105.2736878,52,Moderate,1,24.9,86,0.0,14.2,81,1014.5,14,15.4,16.3,187.0,15.6,52.0,10.3
2025-02-24 01:00:00,2025,2,24,1,An Giang,Xã Giồng Riềng,9.9237413,105.2736878,52,Moderate,1,24.9,84,0.0,14.7,82,1013.9,46,17.3,18.2,186.0,17.3,48.0,10.8
2025-02-24 02:00:00,2025,2,24,2,An Giang,Xã Giồng Riềng,9.9237413,105.2736878,52,Moderate,1,25.0,82,0.0,15.7,77,1013.4,42,20.1,21.0,187.0,19.0,43.0,11.3
2025-02-24 03:00:00,2025,2,24,3,An Giang,Xã Giồng Riềng,9.9237413,105.2736878,53,Moderate,1,24.9,81,0.0,14.5,75,1012.7,83,22.8,23.7,189.0,20.5,38.0,11.9
2025-02-24 04:00:00,2025,2,24,4,An Giang,Xã Giồng Riềng,9.9237413,105.2736878,54,Moderate,1,24.6,82,0.0,13.7,74,1012.3,99,23.9,24.7,192.0,21.2,35.0,12.3
2025-02-24 05:00:00,2025,2,24,5,An Giang,Xã Giồng Riềng,9.9237413,105.2736878,55,Moderate,1,24.5,82,0.0,13.8,75,1012.7,100,23.5,24.2,198.0,21.0,33.0,12.6
2025-02-24 06:00:00,2025,2,24,6,An Giang,Xã Giồng Riềng,9.9237413,105.2736878,56,Moderate,1,24.8,81,0.0,13.8,76,1013.6,100,22.5,23.3,204.0,19.9,32.0,12.9
2025-02-24 07:00:00,2025,2,24,7,An Giang,Xã Giồng Riềng,9.9237413,105.2736878,57,Moderate,1,24.8,82,0.0,12.9,63,1014.5,100,16.5,18.0,208.0,12.1,51.0,8.1
2025-02-24 08:00:00,2025,2,24,8,An Giang,Xã Giồng Riềng,9.9237413,105.2736878,57,Moderate,1,26.6,77,0.0,16.5,72,1015.0,59,16.3,18.1,206.0,9.9,61.0,8.0
2025-02-24 09:00:00,2025,2,24,9,An Giang,Xã Giồng Riềng,9.9237413,105.2736878,57,Moderate,1,27.8,72,0.0,21.3,75,1015.7,24,15.0,17.5,201.0,6.9,74.0,7.9
2025-02-24 10:00:00,2025,2,24,10,An Giang,Xã Giồng Riềng,9.9237413,105.2736878,57,Moderate,1,28.8,66,0.0,28.4,81,1015.8,18,14.3,17.3,195.0,4.4,86.0,7.5
2025-02-24 11:00:00,2025,2,24,11,An Giang,Xã Giồng Riềng,9.9237413,105.2736878,57,Moderate,1,29.7,62,0.1,31.2,87,1014.9,39,12.9,15.9,186.0,3.0,93.0,6.7
2025-02-24 12:00:00,2025,2,24,12,An Giang,Xã Giồng Riềng,9.9237413,105.2736878,57,Moderate,1,30.0,65,0.4,25.5,84,1014.2,15,11.8,14.6,176.0,2.2,99.0,5.6
2025-02-24 13:00:00,2025,2,24,13,An Giang,Xã Giồng Riềng,9.9237413,105.2736878,57,Moderate,1,30.3,62,0.1,26.5,86,1013.3,31,10.9,13.7,169.0,1.7,102.0,4.8
2025-02-24 14:00:00,2025,2,24,14,An Giang,Xã Giồng Riềng,9.9237413,105.2736878,56,Moderate,1,30.1,61,0.0,25.4,89,1011.9,34,10.4,13.1,168.0,1.4,103.0,4.4
2025-02-24 15:00:00,2025,2,24,15,An Giang,Xã Giồng Riềng,9.9237413,105.2736878,56,Moderate,1,30.0,60,0.0,26.9,95,1010.8,22,10.5,13.2,170.0,1.5,103.0,4.4
2025-02-24 16:00:00,2025,2,24,16,An Giang,Xã Giồng Riềng,9.9237413,105.2736878,56,Moderate,1,29.6,63,0.0,23.2,93,1011.1,38,10.3,12.9,175.0,2.1,100.0,4.6
2025-02-24 17:00:00,2025,2,24,17,An Giang,Xã Giồng Riềng,9.9237413,105.2736878,56,Moderate,1,28.8,66,0.0,17.9,93,1011.2,1,10.4,12.6,183.0,3.8,94.0,5.3
2025-02-24 18:00:00,2025,2,24,18,An Giang,Xã Giồng Riềng,9.9237413,105.2736878,56,Moderate,1,27.6,67,0.0,17.2,96,1012.0,4,11.0,12.7,193.0,6.0,85.0,6.3
2025-02-24 19:00:00,2025,2,24,19,An Giang,Xã Giồng Riềng,9.9237413,105.2736878,56,Moderate,1,27.1,67,0.0,18.4,99,1012.7,4,12.4,14.2,202.0,7.5,74.0,6.7
2025-02-24 20:00:00,2025,2,24,20,An Giang,Xã Giồng Riềng,9.9237413,105.2736878,56,Moderate,1,27.5,66,0.0,19.2,97,1014.0,36,12.7,14.3,208.0,7.8,71.0,6.8
2025-02-24 21:00:00,2025,2,24,21,An Giang,Xã Giồng Riềng,9.9237413,105.2736878,56,Moderate,1,27.0,67,0.0,18.4,94,1014.6,6,12.8,14.3,213.0,8.3,66.0,6.9
2025-02-24 22:00:00,2025,2,24,22,An Giang,Xã Giồng Riềng,9.9237413,105.2736878,57,Moderate,1,26.5,69,0.0,17.7,88,1015.0,5,13.1,14.6,219.0,9.5,61.0,7.2
2025-02-24 23:00:00,2025,2,24,23,An Giang,Xã Giồng Riềng,9.9237413,105.2736878,56,Moderate,1,26.1,70,0.0,15.7,85,1015.5,12,14.8,16.1,228.0,11.8,55.0,7.8
2025-02-25 00:00:00,2025,2,25,0,An Giang,Xã Giồng Riềng,9.9237413,105.2736878,57,Moderate,1,25.5,74,0.0,11.7,69,1015.6,23,17.7,19.0,239.0,14.8,48.0,8.6
2025-02-25 01:00:00,2025,2,25,1,An Giang,Xã Giồng Riềng,9.9237413,105.2736878,57,Moderate,1,24.6,79,0.0,7.5,60,1014.9,15,21.2,22.4,250.0,17.7,42.0,9.4
2025-02-25 02:00:00,2025,2,25,2,An Giang,Xã Giồng Riềng,9.9237413,105.2736878,57,Moderate,1,23.9,85,0.0,5.9,55,1014.3,15,24.4,25.6,258.0,20.5,36.0,10.0
2025-02-25 03:00:00,2025,2,25,3,An Giang,Xã Giồng Riềng,9.9237413,105.2736878,57,Moderate,1,23.4,88,0.0,6.3,51,1013.8,44,27.6,28.8,267.0,23.1,30.0,10.6
2025-02-25 04:00:00,2025,2,25,4,An Giang,Xã Giồng Riềng,9.9237413,105.2736878,58,Moderate,1,23.0,92,0.0,6.7,34,1013.7,10,31.1,32.1,289.0,24.8,26.0,11.2
2025-02-25 05:00:00,2025,2,25,5,An Giang,Xã Giồng Riềng,9.9237413,105.2736878,59,Moderate,1,22.7,96,0.0,6.6,26,1013.7,44,33.6,34.6,342.0,25.5,21.0,11.7
2025-02-25 06:00:00,2025,2,25,6,An Giang,Xã Giồng Riềng,9.9237413,105.2736878,59,Moderate,1,22.6,97,0.0,7.0,18,1014.5,91,35.5,36.4,407.0,25.3,18.0,12.2
2025-02-25 07:00:00,2025,2,25,7,An Giang,Xã Giồng Riềng,9.9237413,105.2736878,61,Moderate,1,23.4,95,0.0,8.3,20,1015.2,65,32.6,33.4,441.0,24.0,30.0,12.9
2025-02-25 08:00:00,2025,2,25,8,An Giang,Xã Giồng Riềng,9.9237413,105.2736878,62,Moderate,1,26.0,87,0.0,6.8,27,1016.0,79,30.2,31.8,416.0,19.8,52.0,14.0
2025-02-25 09:00:00,2025,2,25,9,An Giang,Xã Giồng Riềng,9.9237413,105.2736878,63,Moderate,1,27.5,76,0.0,9.8,47,1016.4,67,24.6,26.7,359.0,13.9,82.0,15.4
2025-02-25 10:00:00,2025,2,25,10,An Giang,Xã Giồng Riềng,9.9237413,105.2736878,64,Moderate,1,28.7,69,0.0,16.2,66,1016.7,24,20.5,22.4,308.0,9.0,109.0,15.9
2025-02-25 11:00:00,2025,2,25,11,An Giang,Xã Giồng Riềng,9.9237413,105.2736878,65,Moderate,1,29.5,63,0.1,22.0,73,1016.2,35,17.2,18.1,275.0,6.2,129.0,14.7
2025-02-25 12:00:00,2025,2,25,12,An Giang,Xã Giồng Riềng,9.9237413,105.2736878,65,Moderate,1,30.4,59,0.0,22.3,76,1014.9,70,17.3,17.8,248.0,4.3,144.0,12.7
2025-02-25 13:00:00,2025,2,25,13,An Giang,Xã Giồng Riềng,9.9237413,105.2736878,65,Moderate,1,31.1,55,0.0,22.2,79,1014.0,9,17.2,17.6,227.0,3.1,152.0,10.7
2025-02-25 14:00:00,2025,2,25,14,An Giang,Xã Giồng Riềng,9.9237413,105.2736878,66,Moderate,1,31.5,52,0.1,22.6,82,1012.8,60,15.9,16.4,211.0,2.2,148.0,8.9
2025-02-25 15:00:00,2025,2,25,15,An Giang,Xã Giồng Riềng,9.9237413,105.2736878,67,Moderate,1,31.4,52,0.0,21.8,86,1011.9,22,12.8,13.6,201.0,2.0,137.0,7.3
2025-02-25 16:00:00,2025,2,25,16,An Giang,Xã Giồng Riềng,9.9237413,105.2736878,69,Moderate,1,31.0,55,0.0,18.4,89,1011.7,62,10.1,11.1,198.0,2.5,124.0,6.3
2025-02-25 17:00:00,2025,2,25,17,An Giang,Xã Giồng Riềng,9.9237413,105.2736878,85,Moderate,1,29.9,59,0.0,15.2,97,1012.1,86,10.1,12.0,206.0,4.3,111.0,6.5
2025-02-25 18:00:00,2025,2,25,18,An Giang,Xã Giồng Riềng,9.9237413,105.2736878,91,Moderate,1,28.3,60,0.0,15.3,91,1012.9,32,10.9,12.5,222.0,6.9,97.0,7.4
2025-02-25 19:00:00,2025,2,25,19,An Giang,Xã Giồng Riềng,9.9237413,105.2736878,88,Moderate,1,27.5,61,0.0,13.4,94,1014.0,14,16.9,19.0,235.0,9.6,90.0,9.0
2025-02-25 20:00:00,2025,2,25,20,An Giang,Xã Giồng Riềng,9.9237413,105.2736878,80,Moderate,1,27.3,63,0.0,14.9,98,1015.0,83,17.1,19.2,242.0,10.1,82.0,8.9
2025-02-25 21:00:00,2025,2,25,21,An Giang,Xã Giồng Riềng,9.9237413,105.2736878,67,Moderate,1,26.6,68,0.0,15.1,102,1016.1,90,16.9,18.9,247.0,10.9,71.0,8.6
2025-02-25 22:00:00,2025,2,25,22,An Giang,Xã Giồng Riềng,9.9237413,105.2736878,68,Moderate,1,26.2,69,0.0,15.3,99,1016.5,98,16.4,18.3,250.0,11.4,63.0,8.3
2025-02-25 23:00:00,2025,2,25,23,An Giang,Xã Giồng Riềng,9.9237413,105.2736878,68,Moderate,1,26.0,69,0.0,15.2,100,1016.3,100,15.7,17.6,249.0,11.4,60.0,7.8
2025-02-26 00:00:00,2025,2,26,0,An Giang,Xã Giồng Riềng,9.9237413,105.2736878,68,Moderate,1,25.8,70,0.0,13.8,107,1016.0,100,15.0,16.7,246.0,11.3,59.0,7.1
2025-02-26 01:00:00,2025,2,26,1,An Giang,Xã Giồng Riềng,9.9237413,105.2736878,68,Moderate,1,25.5,71,0.0,13.3,111,1014.8,100,14.7,16.2,245.0,11.6,58.0,6.7
2025-02-26 02:00:00,2025,2,26,2,An Giang,Xã Giồng Riềng,9.9237413,105.2736878,67,Moderate,1,25.2,72,0.0,12.1,101,1014.1,88,14.8,16.3,245.0,12.8,54.0,6.6
2025-02-26 03:00:00,2025,2,26,3,An Giang,Xã Giồng Riềng,9.9237413,105.2736878,67,Moderate,1,24.7,75,0.0,11.5,94,1013.6,100,15.6,16.9,248.0,14.4,50.0,6.8
2025-02-26 04:00:00,2025,2,26,4,An Giang,Xã Giồng Riềng,9.9237413,105.2736878,65,Moderate,1,24.4,78,0.0,10.7,77,1013.2,100,17.2,18.4,256.0,16.2,45.0,7.3
2025-02-26 05:00:00,2025,2,26,5,An Giang,Xã Giồng Riềng,9.9237413,105.2736878,64,Moderate,1,23.9,81,0.0,9.4,35,1013.4,100,19.2,20.4,275.0,18.7,38.0,8.4
2025-02-26 06:00:00,2025,2,26,6,An Giang,Xã Giồng Riềng,9.9237413,105.2736878,63,Moderate,1,23.5,86,0.0,8.7,17,1014.2,92,21.7,23.0,301.0,21.4,31.0,9.8
2025-02-26 07:00:00,2025,2,26,7,An Giang,Xã Giồng Riềng,9.9237413,105.2736878,62,Moderate,1,24.0,88,0.0,8.6,39,1015.3,100,26.1,27.9,321.0,19.8,38.0,10.4
2025-02-26 08:00:00,2025,2,26,8,An Giang,Xã Giồng Riềng,9.9237413,105.2736878,61,Moderate,1,26.1,82,0.0,9.7,35,1015.9,98,27.4,29.7,334.0,17.1,54.0,11.9
2025-02-26 09:00:00,2025,2,26,9,An Giang,Xã Giồng Riềng,9.9237413,105.2736878,61,Moderate,1,27.7,76,0.0,10.1,31,1016.4,21,26.3,29.6,343.0,13.3,78.0,14.0
2025-02-26 10:00:00,2025,2,26,10,An Giang,Xã Giồng Riềng,9.9237413,105.2736878,61,Moderate,1,29.1,67,0.0,13.3,55,1016.8,46,26.1,30.6,343.0,9.8,99.0,14.8
2025-02-26 11:00:00,2025,2,26,11,An Giang,Xã Giồng Riềng,9.9237413,105.2736878,62,Moderate,1,29.8,63,0.0,13.7,60,1016.3,39,23.7,28.1,331.0,6.8,117.0,13.2
2025-02-26 12:00:00,2025,2,26,12,An Giang,Xã Giồng Riềng,9.9237413,105.2736878,62,Moderate,1,30.5,60,0.0,15.4,66,1015.2,24,20.0,23.6,310.0,4.1,133.0,10.4
2025-02-26 13:00:00,2025,2,26,13,An Giang,Xã Giồng Riềng,9.9237413,105.2736878,62,Moderate,1,30.9,58,0.0,15.6,66,1014.2,12,17.5,20.5,291.0,2.2,143.0,8.2
2025-02-26 14:00:00,2025,2,26,14,An Giang,Xã Giồng Riềng,9.9237413,105.2736878,62,Moderate,1,31.5,56,0.0,14.2,64,1012.7,13,15.7,18.4,274.0,1.5,145.0,7.3
2025-02-26 15:00:00,2025,2,26,15,An Giang,Xã Giồng Riềng,9.9237413,105.2736878,62,Moderate,1,31.5,55,0.0,15.1,67,1011.6,36,14.3,16.6,259.0,1.8,141.0,6.9
2025-02-26 16:00:00,2025,2,26,16,An Giang,Xã Giồng Riềng,9.9237413,105.2736878,63,Moderate,1,31.5,55,0.0,14.6,81,1011.3,98,13.0,15.3,248.0,2.6,133.0,6.8
2025-02-26 17:00:00,2025,2,26,17,An Giang,Xã Giồng Riềng,9.9237413,105.2736878,77,Moderate,1,30.6,56,0.0,15.7,91,1011.4,99,12.1,14.4,245.0,4.3,121.0,7.0
2025-02-26 18:00:00,2025,2,26,18,An Giang,Xã Giồng Riềng,9.9237413,105.2736878,86,Moderate,1,29.2,58,0.0,13.9,94,1011.7,100,11.6,13.7,247.0,6.5,106.0,7.5
2025-02-26 19:00:00,2025,2,26,19,An Giang,Xã Giồng Riềng,9.9237413,105.2736878,88,Moderate,1,28.1,62,0.0,13.1,81,1012.6,99,13.6,15.2,250.0,8.9,95.0,8.7
2025-02-26 20:00:00,2025,2,26,20,An Giang,Xã Giồng Riềng,9.9237413,105.2736878,83,Moderate,1,26.1,80,0.0,9.9,52,1013.9,100,13.7,15.2,254.0,9.4,87.0,8.5
2025-02-26 21:00:00,2025,2,26,21,An Giang,Xã Giồng Riềng,9.9237413,105.2736878,73,Moderate,1,26.0,79,0.0,10.0,82,1014.3,93,12.9,14.3,260.0,10.0,75.0,8.2
2025-02-26 22:00:00,2025,2,26,22,An Giang,Xã Giồng Riềng,9.9237413,105.2736878,62,Moderate,1,26.4,74,0.0,13.7,89,1014.4,35,13.1,14.3,263.0,10.8,66.0,7.9
2025-02-26 23:00:00,2025,2,26,23,An Giang,Xã Giồng Riềng,9.9237413,105.2736878,62,Moderate,1,26.0,74,0.0,14.4,91,1014.2,99,13.8,15.1,262.0,11.8,62.0,7.7
2025-02-27 00:00:00,2025,2,27,0,An Giang,Xã Giồng Riềng,9.9237413,105.2736878,62,Moderate,1,25.6,76,0.0,13.3,91,1013.8,96,14.4,15.7,258.0,12.9,60.0,7.6
2025-02-27 01:00:00,2025,2,27,1,An Giang,Xã Giồng Riềng,9.9237413,105.2736878,62,Moderate,1,25.2,77,0.0,11.9,92,1013.2,99,14.7,16.0,255.0,13.7,58.0,7.4
2025-02-27 02:00:00,2025,2,27,2,An Giang,Xã Giồng Riềng,9.9237413,105.2736878,62,Moderate,1,25.0,78,0.0,12.1,95,1012.6,99,14.7,15.9,252.0,14.0,57.0,7.1
2025-02-27 03:00:00,2025,2,27,3,An Giang,Xã Giồng Riềng,9.9237413,105.2736878,62,Moderate,1,24.5,80,0.0,9.9,93,1012.3,99,14.8,16.1,249.0,14.2,55.0,6.7
2025-02-27 04:00:00,2025,2,27,4,An Giang,Xã Giồng Riềng,9.9237413,105.2736878,61,Moderate,1,24.2,83,0.0,9.2,88,1012.1,100,15.2,16.4,249.0,14.4,54.0,6.5
2025-02-27 05:00:00,2025,2,27,5,An Giang,Xã Giồng Riềng,9.9237413,105.2736878,61,Moderate,1,24.0,84,0.0,11.2,89,1012.1,34,15.7,16.9,257.0,15.5,49.0,6.8
2025-02-27 06:00:00,2025,2,27,6,An Giang,Xã Giồng Riềng,9.9237413,105.2736878,61,Moderate,1,23.9,85,0.0,11.0,93,1012.5,0,16.6,17.8,268.0,16.7,45.0,7.3
2025-02-27 07:00:00,2025,2,27,7,An Giang,Xã Giồng Riềng,9.9237413,105.2736878,61,Moderate,1,24.4,85,0.0,11.7,90,1013.3,2,19.4,20.0,273.0,19.5,42.0,8.7
2025-02-27 08:00:00,2025,2,27,8,An Giang,Xã Giồng Riềng,9.9237413,105.2736878,60,Moderate,1,26.8,78,0.0,10.5,93,1013.9,0,15.9,17.1,268.0,15.6,56.0,8.8
2025-02-27 09:00:00,2025,2,27,9,An Giang,Xã Giồng Riềng,9.9237413,105.2736878,59,Moderate,1,28.5,72,0.0,11.5,89,1014.4,2,14.1,16.0,258.0,10.2,77.0,9.0
2025-02-27 10:00:00,2025,2,27,10,An Giang,Xã Giồng Riềng,9.9237413,105.2736878,58,Moderate,1,30.1,63,0.0,14.1,86,1014.7,1,14.2,17.1,248.0,5.8,94.0,8.8
2025-02-27 11:00:00,2025,2,27,11,An Giang,Xã Giồng Riềng,9.9237413,105.2736878,57,Moderate,1,31.3,57,0.0,17.4,84,1014.2,18,13.6,16.4,238.0,3.5,106.0,8.0
2025-02-27 12:00:00,2025,2,27,12,An Giang,Xã Giồng Riềng,9.9237413,105.2736878,56,Moderate,1,32.1,53,0.1,18.4,87,1013.0,11,12.4,15.0,227.0,2.3,116.0,6.8
2025-02-27 13:00:00,2025,2,27,13,An Giang,Xã Giồng Riềng,9.9237413,105.2736878,55,Moderate,1,32.7,49,0.0,17.9,85,1011.6,3,11.4,13.9,219.0,1.6,120.0,5.9
2025-02-27 14:00:00,2025,2,27,14,An Giang,Xã Giồng Riềng,9.9237413,105.2736878,55,Moderate,1,32.9,48,0.0,17.3,89,1010.3,4,10.4,13.0,214.0,1.3,118.0,5.3
2025-02-27 15:00:00,2025,2,27,15,An Giang,Xã Giồng Riềng,9.9237413,105.2736878,54,Moderate,1,32.7,48,0.0,17.8,88,1009.3,13,9.5,11.9,212.0,1.7,110.0,4.9
2025-02-27 16:00:00,2025,2,27,16,An Giang,Xã Giồng Riềng,9.9237413,105.2736878,54,Moderate,1,32.2,48,0.0,17.5,94,1009.1,20,8.8,11.0,213.0,2.5,102.0,4.9
2025-02-27 17:00:00,2025,2,27,17,An Giang,Xã Giồng Riềng,9.9237413,105.2736878,53,Moderate,1,31.0,52,0.0,15.9,94,1009.3,19,8.7,10.7,219.0,4.1,93.0,5.6
2025-02-27 18:00:00,2025,2,27,18,An Giang,Xã Giồng Riềng,9.9237413,105.2736878,53,Moderate,1,29.3,57,0.0,13.8,103,1010.1,11,9.5,11.2,229.0,6.3,84.0,6.6
2025-02-27 19:00:00,2025,2,27,19,An Giang,Xã Giồng Riềng,9.9237413,105.2736878,53,Moderate,1,28.2,60,0.0,12.0,116,1011.3,79,15.9,18.2,236.0,8.4,79.0,7.7
2025-02-27 20:00:00,2025,2,27,20,An Giang,Xã Giồng Riềng,9.9237413,105.2736878,53,Moderate,1,27.1,66,0.0,12.5,115,1011.8,1,15.6,17.5,240.0,9.3,74.0,8.1
2025-02-27 21:00:00,2025,2,27,21,An Giang,Xã Giồng Riềng,9.9237413,105.2736878,53,Moderate,1,26.1,72,0.0,11.4,114,1012.8,4,15.8,17.5,242.0,10.5,66.0,8.5
2025-02-27 22:00:00,2025,2,27,22,An Giang,Xã Giồng Riềng,9.9237413,105.2736878,54,Moderate,1,25.5,76,0.0,12.0,108,1013.4,2,16.5,18.2,241.0,11.5,60.0,8.7
2025-02-27 23:00:00,2025,2,27,23,An Giang,Xã Giồng Riềng,9.9237413,105.2736878,54,Moderate,1,25.0,80,0.0,11.5,115,1013.5,17,16.9,18.6,237.0,11.9,57.0,8.3
2025-02-28 00:00:00,2025,2,28,0,An Giang,Xã Giồng Riềng,9.9237413,105.2736878,54,Moderate,1,24.7,82,0.0,10.9,117,1013.6,19,16.3,17.9,231.0,12.0,56.0,7.6
2025-02-28 01:00:00,2025,2,28,1,An Giang,Xã Giồng Riềng,9.9237413,105.2736878,54,Moderate,1,24.4,83,0.0,11.0,116,1012.9,6,15.5,17.2,225.0,12.0,56.0,6.9
2025-02-28 02:00:00,2025,2,28,2,An Giang,Xã Giồng Riềng,9.9237413,105.2736878,54,Moderate,1,24.1,83,0.0,10.5,117,1012.1,15,14.9,16.5,218.0,11.6,56.0,6.1
2025-02-28 03:00:00,2025,2,28,3,An Giang,Xã Giồng Riềng,9.9237413,105.2736878,54,Moderate,1,24.0,83,0.0,10.8,120,1011.4,10,14.4,16.1,212.0,11.1,57.0,5.3
2025-02-28 04:00:00,2025,2,28,4,An Giang,Xã Giồng Riềng,9.9237413,105.2736878,54,Moderate,1,23.9,83,0.0,11.5,117,1011.1,0,14.2,15.9,211.0,10.9,57.0,4.9
2025-02-28 05:00:00,2025,2,28,5,An Giang,Xã Giồng Riềng,9.9237413,105.2736878,54,Moderate,1,23.7,83,0.0,11.6,114,1011.3,1,14.5,16.3,221.0,11.6,54.0,5.1
2025-02-28 06:00:00,2025,2,28,6,An Giang,Xã Giồng Riềng,9.9237413,105.2736878,54,Moderate,1,23.6,83,0.0,10.5,106,1012.1,0,15.3,17.1,235.0,12.7,50.0,5.7
2025-02-28 07:00:00,2025,2,28,7,An Giang,Xã Giồng Riềng,9.9237413,105.2736878,54,Moderate,1,24.3,81,0.0,10.7,99,1012.9,0,15.3,16.7,244.0,11.8,54.0,5.9
2025-02-28 08:00:00,2025,2,28,8,An Giang,Xã Giồng Riềng,9.9237413,105.2736878,54,Moderate,1,26.9,74,0.0,12.9,102,1013.3,1,13.9,16.1,240.0,9.5,65.0,6.2
2025-02-28 09:00:00,2025,2,28,9,An Giang,Xã Giồng Riềng,9.9237413,105.2736878,54,Moderate,1,28.4,69,0.0,14.2,98,1013.8,3,13.1,15.7,229.0,6.2,80.0,6.7
2025-02-28 10:00:00,2025,2,28,10,An Giang,Xã Giồng Riềng,9.9237413,105.2736878,53,Moderate,1,30.1,61,0.0,15.1,99,1014.2,6,13.2,16.2,221.0,3.7,94.0,6.9
2025-02-28 11:00:00,2025,2,28,11,An Giang,Xã Giồng Riềng,9.9237413,105.2736878,53,Moderate,1,31.5,55,0.0,15.2,96,1013.5,0,13.0,16.0,218.0,2.5,105.0,6.7
2025-02-28 12:00:00,2025,2,28,12,An Giang,Xã Giồng Riềng,9.9237413,105.2736878,53,Moderate,1,32.7,50,0.0,14.6,92,1012.3,0,11.7,14.0,216.0,2.0,116.0,6.4
2025-02-28 13:00:00,2025,2,28,13,An Giang,Xã Giồng Riềng,9.9237413,105.2736878,53,Moderate,1,33.4,47,0.0,14.7,83,1011.1,97,11.0,12.5,215.0,1.8,123.0,6.1
2025-02-28 14:00:00,2025,2,28,14,An Giang,Xã Giồng Riềng,9.9237413,105.2736878,53,Moderate,1,33.8,45,0.0,13.8,81,1009.6,100,11.4,12.5,213.0,1.6,128.0,5.9
2025-02-28 15:00:00,2025,2,28,15,An Giang,Xã Giồng Riềng,9.9237413,105.2736878,53,Moderate,1,33.5,46,0.0,13.5,88,1008.6,68,11.4,12.3,212.0,1.7,130.0,5.8
2025-02-28 16:00:00,2025,2,28,16,An Giang,Xã Giồng Riềng,9.9237413,105.2736878,53,Moderate,1,33.3,45,0.0,12.6,86,1008.0,97,11.0,11.8,214.0,2.5,127.0,6.0
2025-02-28 17:00:00,2025,2,28,17,An Giang,Xã Giồng Riềng,9.9237413,105.2736878,59,Moderate,1,32.6,49,0.0,10.6,76,1008.2,11,10.9,11.8,222.0,4.6,117.0,6.7
2025-02-28 18:00:00,2025,2,28,18,An Giang,Xã Giồng Riềng,9.9237413,105.2736878,66,Moderate,1,30.4,57,0.0,8.5,88,1008.6,8,11.1,11.9,233.0,7.5,101.0,7.8
2025-02-28 19:00:00,2025,2,28,19,An Giang,Xã Giồng Riềng,9.9237413,105.2736878,68,Moderate,1,29.0,58,0.0,13.9,111,1009.6,0,23.5,24.9,241.0,10.8,96.0,9.3
2025-02-28 20:00:00,2025,2,28,20,An Giang,Xã Giồng Riềng,9.9237413,105.2736878,66,Moderate,1,28.1,60,0.0,12.6,115,1010.5,92,20.5,21.5,244.0,11.1,85.0,9.2
2025-02-28 21:00:00,2025,2,28,21,An Giang,Xã Giồng Riềng,9.9237413,105.2736878,59,Moderate,1,26.9,64,0.0,12.4,118,1011.8,67,17.0,18.5,243.0,11.5,70.0,9.0
2025-02-28 22:00:00,2025,2,28,22,An Giang,Xã Giồng Riềng,9.9237413,105.2736878,55,Moderate,1,25.9,69,0.0,12.2,115,1012.6,85,15.0,16.5,240.0,11.8,59.0,8.6
2025-02-28 23:00:00,2025,2,28,23,An Giang,Xã Giồng Riềng,9.9237413,105.2736878,55,Moderate,1,25.2,75,0.0,12.5,110,1012.8,93,14.5,15.9,234.0,11.8,56.0,8.0
2025-03-01 00:00:00,2025,3,1,0,An Giang,Xã Giồng Riềng,9.9237413,105.2736878,55,Moderate,1,24.8,79,0.0,11.8,117,1012.8,95,14.3,15.8,225.0,11.6,57.0,7.3
2025-03-01 01:00:00,2025,3,1,1,An Giang,Xã Giồng Riềng,9.9237413,105.2736878,55,Moderate,1,24.4,83,0.0,11.8,123,1012.2,90,14.3,15.9,218.0,11.5,58.0,6.6
2025-03-01 02:00:00,2025,3,1,2,An Giang,Xã Giồng Riềng,9.9237413,105.2736878,55,Moderate,1,24.0,86,0.0,10.6,118,1011.8,96,14.3,15.9,212.0,11.4,57.0,6.1
2025-03-01 03:00:00,2025,3,1,3,An Giang,Xã Giồng Riềng,9.9237413,105.2736878,55,Moderate,1,23.7,89,0.0,10.5,117,1011.4,41,14.1,15.7,208.0,11.3,56.0,5.6
2025-03-01 04:00:00,2025,3,1,4,An Giang,Xã Giồng Riềng,9.9237413,105.2736878,54,Moderate,1,23.5,90,0.0,11.1,113,1010.9,14,13.9,15.7,207.0,11.2,55.0,5.4
2025-03-01 05:00:00,2025,3,1,5,An Giang,Xã Giồng Riềng,9.9237413,105.2736878,54,Moderate,1,23.5,91,0.0,10.5,114,1010.7,0,14.1,15.9,214.0,11.3,53.0,5.5
2025-03-01 06:00:00,2025,3,1,6,An Giang,Xã Giồng Riềng,9.9237413,105.2736878,54,Moderate,1,23.2,93,0.0,9.4,116,1011.2,6,14.8,16.6,224.0,11.3,50.0,5.7
2025-03-01 07:00:00,2025,3,1,7,An Giang,Xã Giồng Riềng,9.9237413,105.2736878,54,Moderate,1,24.0,89,0.0,11.7,111,1011.7,5,16.4,19.5,230.0,10.5,53.0,5.9
2025-03-01 08:00:00,2025,3,1,8,An Giang,Xã Giồng Riềng,9.9237413,105.2736878,54,Moderate,1,26.4,79,0.0,14.2,108,1012.6,95,15.4,18.8,224.0,8.4,62.0,6.1
2025-03-01 09:00:00,2025,3,1,9,An Giang,Xã Giồng Riềng,9.9237413,105.2736878,55,Moderate,1,28.0,70,0.0,11.7,108,1013.2,53,14.1,17.6,214.0,5.6,75.0,6.4
2025-03-01 10:00:00,2025,3,1,10,An Giang,Xã Giồng Riềng,9.9237413,105.2736878,55,Moderate,1,29.5,65,0.0,10.3,105,1013.4,52,14.2,17.9,207.0,3.4,87.0,6.6
2025-03-01 11:00:00,2025,3,1,11,An Giang,Xã Giồng Riềng,9.9237413,105.2736878,55,Moderate,1,31.0,57,0.0,10.6,105,1012.6,49,14.7,18.6,210.0,2.7,95.0,6.6
2025-03-01 12:00:00,2025,3,1,12,An Giang,Xã Giồng Riềng,9.9237413,105.2736878,55,Moderate,1,32.5,51,0.0,11.6,94,1010.9,83,17.1,20.7,216.0,2.6,102.0,6.5
2025-03-01 13:00:00,2025,3,1,13,An Giang,Xã Giồng Riềng,9.9237413,105.2736878,55,Moderate,1,32.5,51,0.0,12.3,93,1010.0,98,17.6,20.3,219.0,2.7,107.0,6.4
2025-03-01 14:00:00,2025,3,1,14,An Giang,Xã Giồng Riềng,9.9237413,105.2736878,56,Moderate,1,33.1,49,0.1,13.0,94,1008.7,94,19.1,21.1,214.0,2.5,111.0,6.2
2025-03-01 15:00:00,2025,3,1,15,An Giang,Xã Giồng Riềng,9.9237413,105.2736878,57,Moderate,1,33.2,48,0.0,14.7,112,1007.5,94,19.0,20.6,205.0,2.4,115.0,6.1
2025-03-01 16:00:00,2025,3,1,16,An Giang,Xã Giồng Riềng,9.9237413,105.2736878,57,Moderate,1,32.9,47,0.0,14.6,119,1007.0,99,17.8,19.0,201.0,3.1,114.0,6.2
2025-03-01 17:00:00,2025,3,1,17,An Giang,Xã Giồng Riềng,9.9237413,105.2736878,58,Moderate,1,32.0,48,0.0,14.7,113,1007.0,79,16.7,18.0,205.0,5.1,108.0,6.9
2025-03-01 18:00:00,2025,3,1,18,An Giang,Xã Giồng Riềng,9.9237413,105.2736878,58,Moderate,1,30.2,54,0.0,11.7,101,1007.6,56,16.2,17.4,214.0,7.8,99.0,7.9
2025-03-01 19:00:00,2025,3,1,19,An Giang,Xã Giồng Riềng,9.9237413,105.2736878,59,Moderate,1,28.5,64,0.0,2.1,165,1008.6,94,17.1,18.5,221.0,9.6,83.0,8.3
2025-03-01 20:00:00,2025,3,1,20,An Giang,Xã Giồng Riềng,9.9237413,105.2736878,58,Moderate,1,28.0,67,0.0,4.5,209,1009.9,99,17.3,19.0,225.0,10.2,76.0,8.6
2025-03-01 21:00:00,2025,3,1,21,An Giang,Xã Giồng Riềng,9.9237413,105.2736878,58,Moderate,1,27.0,66,0.0,8.9,140,1010.6,100,14.9,16.4,228.0,11.0,66.0,9.0
2025-03-01 22:00:00,2025,3,1,22,An Giang,Xã Giồng Riềng,9.9237413,105.2736878,58,Moderate,1,25.8,69,0.0,7.2,125,1011.4,91,14.7,16.3,229.0,11.7,58.0,9.1
2025-03-01 23:00:00,2025,3,1,23,An Giang,Xã Giồng Riềng,9.9237413,105.2736878,58,Moderate,1,24.9,75,0.0,5.7,127,1011.6,94,15.3,16.9,227.0,12.3,54.0,8.8
2025-03-02 00:00:00,2025,3,2,0,An Giang,Xã Giồng Riềng,9.9237413,105.2736878,58,Moderate,1,24.4,82,0.0,7.1,133,1011.5,97,16.1,17.8,223.0,12.8,52.0,8.2
2025-03-02 01:00:00,2025,3,2,1,An Giang,Xã Giồng Riềng,9.9237413,105.2736878,58,Moderate,1,23.9,88,0.0,6.8,132,1010.8,99,17.3,19.3,221.0,13.3,51.0,7.7
2025-03-02 02:00:00,2025,3,2,2,An Giang,Xã Giồng Riềng,9.9237413,105.2736878,58,Moderate,1,23.5,91,0.0,5.6,121,1010.3,99,19.2,21.3,222.0,13.5,51.0,7.4
2025-03-02 03:00:00,2025,3,2,3,An Giang,Xã Giồng Riềng,9.9237413,105.2736878,59,Moderate,1,23.3,93,0.0,4.4,120,1010.0,94,21.5,23.7,225.0,13.6,52.0,7.3
2025-03-02 04:00:00,2025,3,2,4,An Giang,Xã Giồng Riềng,9.9237413,105.2736878,59,Moderate,1,23.1,94,0.0,6.9,129,1009.6,96,20.8,23.6,230.0,14.3,52.0,7.4
2025-03-02 05:00:00,2025,3,2,5,An Giang,Xã Giồng Riềng,9.9237413,105.2736878,60,Moderate,1,23.0,95,0.0,6.2,112,1009.8,23,23.3,25.9,241.0,16.6,46.0,8.1
2025-03-02 06:00:00,2025,3,2,6,An Giang,Xã Giồng Riềng,9.9237413,105.2736878,61,Moderate,1,22.9,96,0.0,7.0,108,1010.2,93,27.4,29.7,254.0,19.5,39.0,9.1
2025-03-02 07:00:00,2025,3,2,7,An Giang,Xã Giồng Riềng,9.9237413,105.2736878,62,Moderate,1,23.8,92,0.0,8.5,95,1010.8,95,33.4,36.8,256.0,20.6,38.0,9.6
2025-03-02 08:00:00,2025,3,2,8,An Giang,Xã Giồng Riềng,9.9237413,105.2736878,63,Moderate,1,26.1,80,0.0,13.5,104,1011.4,93,22.2,26.1,237.0,15.7,55.0,8.8
2025-03-02 09:00:00,2025,3,2,9,An Giang,Xã Giồng Riềng,9.9237413,105.2736878,64,Moderate,1,28.0,69,0.0,13.4,96,1011.8,96,18.0,22.2,208.0,8.9,78.0,7.8
2025-03-02 10:00:00,2025,3,2,10,An Giang,Xã Giồng Riềng,9.9237413,105.2736878,64,Moderate,1,29.6,61,0.0,12.4,90,1012.1,95,17.9,22.2,187.0,3.8,97.0,6.9
2025-03-02 11:00:00,2025,3,2,11,An Giang,Xã Giồng Riềng,9.9237413,105.2736878,65,Moderate,1,30.7,55,0.0,13.7,85,1011.5,96,17.5,20.7,185.0,2.2,107.0,6.5
2025-03-02 12:00:00,2025,3,2,12,An Giang,Xã Giồng Riềng,9.9237413,105.2736878,65,Moderate,1,31.2,53,0.0,13.2,78,1010.4,100,19.2,21.4,192.0,2.3,114.0,6.3
2025-03-02 13:00:00,2025,3,2,13,An Giang,Xã Giồng Riềng,9.9237413,105.2736878,65,Moderate,1,30.9,55,0.0,13.4,75,1009.4,66,21.3,23.3,198.0,2.6,118.0,6.2
2025-03-02 14:00:00,2025,3,2,14,An Giang,Xã Giồng Riềng,9.9237413,105.2736878,66,Moderate,1,32.0,51,0.0,12.7,77,1008.1,99,22.4,24.2,199.0,2.3,123.0,5.9
2025-03-02 15:00:00,2025,3,2,15,An Giang,Xã Giồng Riềng,9.9237413,105.2736878,66,Moderate,1,32.4,49,0.0,13.2,85,1007.3,97,20.8,22.4,199.0,2.1,126.0,5.7
2025-03-02 16:00:00,2025,3,2,16,An Giang,Xã Giồng Riềng,9.9237413,105.2736878,66,Moderate,1,31.9,50,0.0,13.1,82,1006.8,96,18.6,20.2,201.0,2.8,124.0,5.9
2025-03-02 17:00:00,2025,3,2,17,An Giang,Xã Giồng Riềng,9.9237413,105.2736878,66,Moderate,1,31.8,48,0.0,12.6,70,1006.5,32,16.8,18.3,206.0,4.8,115.0,6.7
2025-03-02 18:00:00,2025,3,2,18,An Giang,Xã Giồng Riềng,9.9237413,105.2736878,66,Moderate,1,30.1,53,0.0,10.4,76,1006.7,8,16.1,17.5,212.0,7.6,101.0,7.9
2025-03-02 19:00:00,2025,3,2,19,An Giang,Xã Giồng Riềng,9.9237413,105.2736878,66,Moderate,1,29.1,55,0.0,12.5,83,1007.3,0,26.0,28.3,216.0,10.8,94.0,9.5
2025-03-02 20:00:00,2025,3,2,20,An Giang,Xã Giồng Riềng,9.9237413,105.2736878,67,Moderate,1,28.0,61,0.0,12.8,106,1008.1,38,24.9,26.8,217.0,11.8,84.0,9.8
2025-03-02 21:00:00,2025,3,2,21,An Giang,Xã Giồng Riềng,9.9237413,105.2736878,68,Moderate,1,26.5,67,0.0,9.8,130,1008.7,100,24.6,27.4,216.0,13.3,70.0,10.2
2025-03-02 22:00:00,2025,3,2,22,An Giang,Xã Giồng Riềng,9.9237413,105.2736878,68,Moderate,1,25.4,75,0.0,9.2,129,1009.6,100,24.2,27.0,214.0,14.6,59.0,10.3
2025-03-02 23:00:00,2025,3,2,23,An Giang,Xã Giồng Riềng,9.9237413,105.2736878,69,Moderate,1,24.7,79,0.0,9.8,131,1009.7,93,24.6,27.5,212.0,15.5,53.0,9.8
2025-03-03 00:00:00,2025,3,3,0,An Giang,Xã Giồng Riềng,9.9237413,105.2736878,70,Moderate,1,24.1,84,0.0,8.8,139,1009.5,100,25.2,28.2,210.0,16.2,50.0,9.0
2025-03-03 01:00:00,2025,3,3,1,An Giang,Xã Giồng Riềng,9.9237413,105.2736878,71,Moderate,1,23.5,89,0.0,6.2,147,1009.1,76,26.1,29.0,207.0,17.0,47.0,8.4
2025-03-03 02:00:00,2025,3,3,2,An Giang,Xã Giồng Riềng,9.9237413,105.2736878,72,Moderate,1,23.1,92,0.0,5.4,143,1008.8,33,27.0,30.0,202.0,18.3,43.0,8.0
2025-03-03 03:00:00,2025,3,3,3,An Giang,Xã Giồng Riềng,9.9237413,105.2736878,72,Moderate,1,22.9,94,0.0,5.1,141,1008.5,2,28.3,31.3,196.0,19.8,40.0,7.8
2025-03-03 04:00:00,2025,3,3,4,An Giang,Xã Giồng Riềng,9.9237413,105.2736878,73,Moderate,1,22.8,94,0.0,5.3,142,1008.6,6,30.2,33.3,197.0,20.5,39.0,7.7
2025-03-03 05:00:00,2025,3,3,5,An Giang,Xã Giồng Riềng,9.9237413,105.2736878,74,Moderate,1,22.8,95,0.0,6.8,143,1008.6,22,31.4,34.6,211.0,20.3,41.0,8.0
2025-03-03 06:00:00,2025,3,3,6,An Giang,Xã Giồng Riềng,9.9237413,105.2736878,74,Moderate,1,22.6,96,0.0,6.4,135,1009.3,68,32.7,36.0,231.0,19.4,44.0,8.4
2025-03-03 07:00:00,2025,3,3,7,An Giang,Xã Giồng Riềng,9.9237413,105.2736878,75,Moderate,1,23.6,93,0.0,6.4,112,1010.2,80,34.3,38.5,242.0,19.7,44.0,8.5
2025-03-03 08:00:00,2025,3,3,8,An Giang,Xã Giồng Riềng,9.9237413,105.2736878,75,Moderate,1,26.0,84,0.0,5.5,128,1011.1,0,26.5,31.8,233.0,15.2,58.0,8.2
2025-03-03 09:00:00,2025,3,3,9,An Giang,Xã Giồng Riềng,9.9237413,105.2736878,75,Moderate,1,28.1,73,0.0,9.0,123,1011.5,2,21.0,26.1,215.0,9.0,78.0,7.7
2025-03-03 10:00:00,2025,3,3,10,An Giang,Xã Giồng Riềng,9.9237413,105.2736878,76,Moderate,1,29.8,63,0.0,9.9,115,1011.5,88,20.6,26.0,200.0,4.2,94.0,7.3
2025-03-03 11:00:00,2025,3,3,11,An Giang,Xã Giồng Riềng,9.9237413,105.2736878,76,Moderate,1,31.2,57,0.0,10.3,115,1010.9,31,19.4,23.7,193.0,2.3,104.0,7.0
2025-03-03 12:00:00,2025,3,3,12,An Giang,Xã Giồng Riềng,9.9237413,105.2736878,76,Moderate,1,32.2,54,0.0,9.4,121,1009.8,8,16.9,19.4,188.0,1.8,110.0,6.7
2025-03-03 13:00:00,2025,3,3,13,An Giang,Xã Giồng Riềng,9.9237413,105.2736878,76,Moderate,1,33.2,49,0.0,9.3,124,1008.6,98,14.8,16.6,185.0,1.7,114.0,6.5
2025-03-03 14:00:00,2025,3,3,14,An Giang,Xã Giồng Riềng,9.9237413,105.2736878,75,Moderate,1,33.6,46,0.0,7.8,103,1007.0,88,13.6,15.1,180.0,1.4,115.0,6.3
2025-03-03 15:00:00,2025,3,3,15,An Giang,Xã Giồng Riềng,9.9237413,105.2736878,75,Moderate,1,33.8,45,0.0,9.4,91,1006.1,42,12.5,13.8,176.0,1.4,114.0,6.2
2025-03-03 16:00:00,2025,3,3,16,An Giang,Xã Giồng Riềng,9.9237413,105.2736878,74,Moderate,1,34.0,44,0.0,9.4,95,1005.5,55,12.0,13.2,180.0,2.3,109.0,6.3
2025-03-03 17:00:00,2025,3,3,17,An Giang,Xã Giồng Riềng,9.9237413,105.2736878,73,Moderate,1,33.2,46,0.0,3.8,172,1005.4,100,11.4,12.5,199.0,4.6,98.0,6.6
2025-03-03 18:00:00,2025,3,3,18,An Giang,Xã Giồng Riềng,9.9237413,105.2736878,73,Moderate,1,30.6,61,0.0,9.6,257,1006.2,99,12.3,13.2,226.0,7.8,84.0,7.1
2025-03-03 19:00:00,2025,3,3,19,An Giang,Xã Giồng Riềng,9.9237413,105.2736878,72,Moderate,1,29.1,70,0.0,9.6,247,1007.1,93,22.8,25.0,247.0,12.6,68.0,7.8
2025-03-03 20:00:00,2025,3,3,20,An Giang,Xã Giồng Riềng,9.9237413,105.2736878,72,Moderate,1,28.5,71,0.0,10.2,214,1008.1,100,24.3,26.6,256.0,14.3,60.0,7.9
2025-03-03 21:00:00,2025,3,3,21,An Giang,Xã Giồng Riềng,9.9237413,105.2736878,72,Moderate,1,27.2,73,0.0,7.6,208,1008.9,100,26.4,28.6,259.0,16.9,50.0,8.1
2025-03-03 22:00:00,2025,3,3,22,An Giang,Xã Giồng Riềng,9.9237413,105.2736878,72,Moderate,1,26.2,77,0.0,7.2,207,1009.5,100,32.8,35.0,260.0,20.7,39.0,8.4
2025-03-03 23:00:00,2025,3,3,23,An Giang,Xã Giồng Riềng,9.9237413,105.2736878,73,Moderate,1,25.5,82,0.0,7.5,204,1009.7,97,43.2,45.6,260.0,26.9,28.0,8.8
2025-03-04 00:00:00,2025,3,4,0,An Giang,Xã Giồng Riềng,9.9237413,105.2736878,75,Moderate,1,24.9,85,0.0,7.1,204,1009.5,100,52.2,54.5,258.0,34.4,18.0,9.2
2025-03-04 01:00:00,2025,3,4,1,An Giang,Xã Giồng Riềng,9.9237413,105.2736878,77,Moderate,1,24.4,88,0.0,6.5,208,1009.1,99,56.6,58.6,256.0,39.6,10.0,9.4
2025-03-04 02:00:00,2025,3,4,2,An Giang,Xã Giồng Riềng,9.9237413,105.2736878,80,Moderate,1,23.6,92,0.0,4.3,204,1008.6,100,58.1,60.1,253.0,41.4,6.0,9.2
2025-03-04 03:00:00,2025,3,4,3,An Giang,Xã Giồng Riềng,9.9237413,105.2736878,82,Moderate,1,23.4,94,0.0,3.1,211,1008.2,79,58.8,60.8,251.0,40.9,5.0,8.7
2025-03-04 04:00:00,2025,3,4,4,An Giang,Xã Giồng Riềng,9.9237413,105.2736878,85,Moderate,1,23.2,94,0.0,1.9,214,1008.3,49,56.7,58.8,258.0,38.7,8.0,8.4
2025-03-04 05:00:00,2025,3,4,5,An Giang,Xã Giồng Riềng,9.9237413,105.2736878,88,Moderate,1,23.0,95,0.0,1.1,171,1008.7,90,55.2,57.0,291.0,34.3,14.0,8.4
2025-03-04 06:00:00,2025,3,4,6,An Giang,Xã Giồng Riềng,9.9237413,105.2736878,90,Moderate,1,22.8,96,0.0,1.7,139,1009.3,66,56.6,58.6,333.0,28.1,24.0,8.6
2025-03-04 07:00:00,2025,3,4,7,An Giang,Xã Giồng Riềng,9.9237413,105.2736878,92,Moderate,1,23.9,94,0.0,4.7,133,1009.7,4,58.1,60.1,346.0,28.2,24.0,8.5
2025-03-04 08:00:00,2025,3,4,8,An Giang,Xã Giồng Riềng,9.9237413,105.2736878,94,Moderate,1,26.4,84,0.0,6.9,118,1010.7,26,29.7,33.1,302.0,21.3,43.0,8.9
2025-03-04 09:00:00,2025,3,4,9,An Giang,Xã Giồng Riềng,9.9237413,105.2736878,94,Moderate,1,28.1,74,0.0,6.9,118,1011.0,25,23.0,26.3,230.0,11.7,69.0,9.3
2025-03-04 10:00:00,2025,3,4,10,An Giang,Xã Giồng Riềng,9.9237413,105.2736878,94,Moderate,1,29.8,65,0.0,8.3,124,1011.3,31,20.1,22.3,176.0,4.5,90.0,9.5
2025-03-04 11:00:00,2025,3,4,11,An Giang,Xã Giồng Riềng,9.9237413,105.2736878,94,Moderate,1,31.1,58,0.0,8.6,129,1010.7,84,20.4,21.8,160.0,2.0,102.0,9.1
2025-03-04 12:00:00,2025,3,4,12,An Giang,Xã Giồng Riềng,9.9237413,105.2736878,94,Moderate,1,32.0,53,0.0,7.2,125,1009.5,94,21.0,22.2,163.0,1.9,109.0,8.5
2025-03-04 13:00:00,2025,3,4,13,An Giang,Xã Giồng Riềng,9.9237413,105.2736878,95,Moderate,1,32.6,51,0.0,5.2,131,1008.1,14,21.3,22.4,167.0,2.1,116.0,8.0
2025-03-04 14:00:00,2025,3,4,14,An Giang,Xã Giồng Riềng,9.9237413,105.2736878,95,Moderate,1,33.2,50,0.0,5.0,120,1006.9,12,23.7,24.9,164.0,1.7,126.0,7.9
2025-03-04 15:00:00,2025,3,4,15,An Giang,Xã Giồng Riềng,9.9237413,105.2736878,96,Moderate,1,33.2,51,0.0,6.2,116,1005.9,16,25.7,27.0,163.0,1.7,134.0,8.0
2025-03-04 16:00:00,2025,3,4,16,An Giang,Xã Giồng Riềng,9.9237413,105.2736878,97,Moderate,1,33.0,51,0.1,5.2,117,1005.3,23,29.2,30.5,175.0,2.8,135.0,8.1
2025-03-04 17:00:00,2025,3,4,17,An Giang,Xã Giồng Riềng,9.9237413,105.2736878,99,Moderate,1,32.4,52,0.1,3.1,118,1005.5,26,27.6,28.9,214.0,5.9,122.0,8.4
2025-03-04 18:00:00,2025,3,4,18,An Giang,Xã Giồng Riềng,9.9237413,105.2736878,100,Moderate,1,30.5,65,0.1,1.6,264,1005.9,35,27.5,28.8,266.0,10.2,101.0,8.8
2025-03-04 19:00:00,2025,3,4,19,An Giang,Xã Giồng Riềng,9.9237413,105.2736878,102,Unhealthy for Sensitive Groups,2,29.0,72,0.0,6.7,264,1006.2,29,43.1,44.5,294.0,17.3,83.0,11.2
2025-03-04 20:00:00,2025,3,4,20,An Giang,Xã Giồng Riềng,9.9237413,105.2736878,104,Unhealthy for Sensitive Groups,2,28.2,76,0.0,8.3,200,1007.3,12,40.3,41.2,277.0,17.1,73.0,10.2
2025-03-04 21:00:00,2025,3,4,21,An Giang,Xã Giồng Riềng,9.9237413,105.2736878,106,Unhealthy for Sensitive Groups,2,27.4,81,0.0,9.9,189,1008.1,21,34.9,35.7,237.0,16.8,59.0,8.9
2025-03-04 22:00:00,2025,3,4,22,An Giang,Xã Giồng Riềng,9.9237413,105.2736878,107,Unhealthy for Sensitive Groups,2,26.8,84,0.0,10.8,176,1008.6,44,30.3,31.0,205.0,16.3,48.0,7.6
2025-03-04 23:00:00,2025,3,4,23,An Giang,Xã Giồng Riềng,9.9237413,105.2736878,106,Unhealthy for Sensitive Groups,2,26.1,87,0.0,9.7,169,1009.2,12,26.6,27.6,193.0,15.1,45.0,6.5
2025-03-05 00:00:00,2025,3,5,0,An Giang,Xã Giồng Riềng,9.9237413,105.2736878,105,Unhealthy for Sensitive Groups,2,25.5,91,0.0,9.6,164,1009.3,71,23.7,24.9,189.0,13.6,46.0,5.6
2025-03-05 01:00:00,2025,3,5,1,An Giang,Xã Giồng Riềng,9.9237413,105.2736878,102,Unhealthy for Sensitive Groups,2,25.0,95,0.0,7.7,169,1008.9,70,22.9,24.6,188.0,13.2,46.0,5.0
2025-03-05 02:00:00,2025,3,5,2,An Giang,Xã Giồng Riềng,9.9237413,105.2736878,98,Moderate,1,24.6,98,0.0,4.5,173,1008.3,24,23.2,25.0,187.0,15.1,41.0,4.9
2025-03-05 03:00:00,2025,3,5,3,An Giang,Xã Giồng Riềng,9.9237413,105.2736878,95,Moderate,1,24.1,99,0.0,3.7,169,1007.8,37,25.7,27.4,188.0,18.0,34.0,5.2
2025-03-05 04:00:00,2025,3,5,4,An Giang,Xã Giồng Riềng,9.9237413,105.2736878,92,Moderate,1,23.9,100,0.0,3.5,159,1007.7,100,29.8,31.4,195.0,19.7,30.0,5.6
2025-03-05 05:00:00,2025,3,5,5,An Giang,Xã Giồng Riềng,9.9237413,105.2736878,90,Moderate,1,24.0,100,0.0,2.8,130,1008.0,100,33.6,35.4,215.0,19.3,29.0,6.1
2025-03-05 06:00:00,2025,3,5,6,An Giang,Xã Giồng Riềng,9.9237413,105.2736878,88,Moderate,1,24.5,99,0.0,4.2,126,1008.7,100,35.6,37.5,240.0,17.7,32.0,6.8
2025-03-05 07:00:00,2025,3,5,7,An Giang,Xã Giồng Riềng,9.9237413,105.2736878,86,Moderate,1,24.9,95,0.0,5.0,116,1009.1,41,26.8,28.9,251.0,15.1,38.0,7.0
2025-03-05 08:00:00,2025,3,5,8,An Giang,Xã Giồng Riềng,9.9237413,105.2736878,83,Moderate,1,27.0,84,0.0,4.5,119,1009.8,93,19.9,22.4,233.0,11.9,55.0,6.9
2025-03-05 09:00:00,2025,3,5,9,An Giang,Xã Giồng Riềng,9.9237413,105.2736878,83,Moderate,1,28.5,75,0.0,3.5,105,1010.3,93,18.5,19.9,199.0,7.4,80.0,6.8
2025-03-05 10:00:00,2025,3,5,10,An Giang,Xã Giồng Riềng,9.9237413,105.2736878,82,Moderate,1,30.0,67,0.0,4.2,110,1010.6,74,23.0,24.4,175.0,4.0,100.0,6.8
2025-03-05 11:00:00,2025,3,5,11,An Giang,Xã Giồng Riềng,9.9237413,105.2736878,82,Moderate,1,31.1,61,0.0,4.8,119,1009.7,4,24.1,25.6,169.0,2.5,112.0,6.8
2025-03-05 12:00:00,2025,3,5,12,An Giang,Xã Giồng Riềng,9.9237413,105.2736878,83,Moderate,1,32.5,55,0.0,5.6,121,1008.8,32,24.6,26.0,172.0,2.0,120.0,6.8
2025-03-05 13:00:00,2025,3,5,13,An Giang,Xã Giồng Riềng,9.9237413,105.2736878,83,Moderate,1,33.5,49,0.0,6.1,122,1007.7,64,26.2,27.6,177.0,1.9,127.0,7.0
2025-03-05 14:00:00,2025,3,5,14,An Giang,Xã Giồng Riềng,9.9237413,105.2736878,84,Moderate,1,33.9,48,0.0,5.6,107,1006.5,58,27.5,29.0,180.0,1.7,135.0,7.4
2025-03-05 15:00:00,2025,3,5,15,An Giang,Xã Giồng Riềng,9.9237413,105.2736878,84,Moderate,1,34.2,46,0.0,6.3,72,1005.4,73,29.9,31.4,185.0,1.8,141.0,7.9
2025-03-05 16:00:00,2025,3,5,16,An Giang,Xã Giồng Riềng,9.9237413,105.2736878,84,Moderate,1,34.2,46,0.0,7.8,56,1004.9,78,30.0,31.4,194.0,2.8,140.0,8.3
2025-03-05 17:00:00,2025,3,5,17,An Giang,Xã Giồng Riềng,9.9237413,105.2736878,84,Moderate,1,32.7,51,0.1,5.1,32,1005.1,47,29.3,30.7,215.0,5.3,128.0,8.5
2025-03-05 18:00:00,2025,3,5,18,An Giang,Xã Giồng Riềng,9.9237413,105.2736878,84,Moderate,1,30.6,63,0.0,3.2,304,1005.3,24,29.1,30.4,240.0,8.6,109.0,8.6
2025-03-05 19:00:00,2025,3,5,19,An Giang,Xã Giồng Riềng,9.9237413,105.2736878,85,Moderate,1,28.8,77,0.0,13.9,223,1006.0,55,34.0,35.6,255.0,7.5,91.0,6.4
2025-03-05 20:00:00,2025,3,5,20,An Giang,Xã Giồng Riềng,9.9237413,105.2736878,84,Moderate,1,27.9,77,0.0,9.5,178,1007.6,86,30.6,31.9,251.0,8.3,83.0,6.1
2025-03-05 21:00:00,2025,3,5,21,An Giang,Xã Giồng Riềng,9.9237413,105.2736878,83,Moderate,1,27.4,79,0.0,10.5,174,1008.4,94,25.3,26.2,237.0,9.4,71.0,5.8
2025-03-05 22:00:00,2025,3,5,22,An Giang,Xã Giồng Riềng,9.9237413,105.2736878,82,Moderate,1,27.0,84,0.0,9.9,170,1008.8,100,23.4,24.2,221.0,10.5,61.0,5.5
2025-03-05 23:00:00,2025,3,5,23,An Giang,Xã Giồng Riềng,9.9237413,105.2736878,81,Moderate,1,26.6,87,0.0,9.8,162,1009.3,99,22.4,23.2,205.0,11.5,55.0,5.5
2025-03-06 00:00:00,2025,3,6,0,An Giang,Xã Giồng Riềng,9.9237413,105.2736878,81,Moderate,1,26.2,89,0.0,10.2,156,1009.9,100,22.5,23.4,188.0,12.6,50.0,5.6
2025-03-06 01:00:00,2025,3,6,1,An Giang,Xã Giồng Riềng,9.9237413,105.2736878,81,Moderate,1,25.8,92,0.0,9.0,151,1009.6,99,22.6,23.6,175.0,13.7,45.0,5.7
2025-03-06 02:00:00,2025,3,6,2,An Giang,Xã Giồng Riềng,9.9237413,105.2736878,81,Moderate,1,25.4,94,0.0,8.8,145,1009.0,100,22.5,23.6,170.0,15.0,39.0,5.9
2025-03-06 03:00:00,2025,3,6,3,An Giang,Xã Giồng Riềng,9.9237413,105.2736878,81,Moderate,1,25.0,97,0.0,7.7,141,1008.7,100,23.6,25.3,171.0,16.3,34.0,6.1
2025-03-06 04:00:00,2025,3,6,4,An Giang,Xã Giồng Riềng,9.9237413,105.2736878,81,Moderate,1,24.7,98,0.0,7.8,134,1008.6,62,23.8,25.6,173.0,17.0,31.0,6.4
2025-03-06 05:00:00,2025,3,6,5,An Giang,Xã Giồng Riềng,9.9237413,105.2736878,80,Moderate,1,24.5,99,0.0,7.9,125,1008.8,100,23.7,25.7,179.0,17.1,31.0,6.7
2025-03-06 06:00:00,2025,3,6,6,An Giang,Xã Giồng Riềng,9.9237413,105.2736878,79,Moderate,1,24.5,99,0.0,6.7,117,1009.5,100,23.3,25.6,187.0,16.5,34.0,6.9
2025-03-06 07:00:00,2025,3,6,7,An Giang,Xã Giồng Riềng,9.9237413,105.2736878,78,Moderate,1,25.4,93,0.0,9.1,124,1010.4,39,26.8,30.2,190.0,14.6,40.0,6.3
2025-03-06 08:00:00,2025,3,6,8,An Giang,Xã Giồng Riềng,9.9237413,105.2736878,78,Moderate,1,27.1,82,0.0,8.9,118,1011.4,16,21.1,24.7,182.0,11.5,48.0,6.4
2025-03-06 09:00:00,2025,3,6,9,An Giang,Xã Giồng Riềng,9.9237413,105.2736878,78,Moderate,1,28.9,70,0.0,10.5,115,1012.1,23,17.6,21.4,170.0,7.2,59.0,6.6
2025-03-06 10:00:00,2025,3,6,10,An Giang,Xã Giồng Riềng,9.9237413,105.2736878,78,Moderate,1,30.6,60,0.0,12.2,114,1012.1,34,17.2,21.2,160.0,3.8,70.0,6.7
2025-03-06 11:00:00,2025,3,6,11,An Giang,Xã Giồng Riềng,9.9237413,105.2736878,78,Moderate,1,32.2,53,0.0,13.2,112,1011.4,31,16.8,19.9,157.0,2.4,82.0,6.6
2025-03-06 12:00:00,2025,3,6,12,An Giang,Xã Giồng Riềng,9.9237413,105.2736878,77,Moderate,1,33.3,49,0.0,12.4,107,1010.2,13,16.4,18.4,158.0,1.9,94.0,6.4
2025-03-06 13:00:00,2025,3,6,13,An Giang,Xã Giồng Riềng,9.9237413,105.2736878,76,Moderate,1,34.0,48,0.0,12.4,103,1009.5,13,16.9,18.6,158.0,1.7,103.0,6.3
2025-03-06 14:00:00,2025,3,6,14,An Giang,Xã Giồng Riềng,9.9237413,105.2736878,76,Moderate,1,34.2,48,0.0,11.9,100,1008.2,13,16.9,18.5,156.0,1.4,107.0,6.3
2025-03-06 15:00:00,2025,3,6,15,An Giang,Xã Giồng Riềng,9.9237413,105.2736878,75,Moderate,1,34.0,48,0.0,11.2,111,1007.3,15,16.9,18.4,153.0,1.5,107.0,6.4
2025-03-06 16:00:00,2025,3,6,16,An Giang,Xã Giồng Riềng,9.9237413,105.2736878,73,Moderate,1,33.3,49,0.0,9.7,109,1006.9,11,16.9,18.4,155.0,2.4,104.0,6.8
2025-03-06 17:00:00,2025,3,6,17,An Giang,Xã Giồng Riềng,9.9237413,105.2736878,72,Moderate,1,32.7,50,0.0,10.2,104,1006.6,22,16.8,18.3,164.0,4.6,96.0,7.6
2025-03-06 18:00:00,2025,3,6,18,An Giang,Xã Giồng Riềng,9.9237413,105.2736878,71,Moderate,1,31.3,55,0.0,8.0,98,1007.0,3,17.5,18.9,177.0,7.7,84.0,8.7
2025-03-06 19:00:00,2025,3,6,19,An Giang,Xã Giồng Riềng,9.9237413,105.2736878,70,Moderate,1,30.1,59,0.0,6.5,113,1008.2,11,24.4,26.3,192.0,11.1,68.0,9.7
2025-03-06 20:00:00,2025,3,6,20,An Giang,Xã Giồng Riềng,9.9237413,105.2736878,69,Moderate,1,29.0,64,0.0,7.0,176,1008.9,20,29.4,31.0,212.0,13.0,59.0,10.3
2025-03-06 21:00:00,2025,3,6,21,An Giang,Xã Giồng Riềng,9.9237413,105.2736878,69,Moderate,1,28.0,71,0.0,7.1,174,1010.2,16,29.7,31.1,233.0,15.7,48.0,11.1
2025-03-06 22:00:00,2025,3,6,22,An Giang,Xã Giồng Riềng,9.9237413,105.2736878,70,Moderate,1,27.2,75,0.0,6.8,169,1010.9,96,26.4,27.8,243.0,17.5,39.0,11.4
2025-03-06 23:00:00,2025,3,6,23,An Giang,Xã Giồng Riềng,9.9237413,105.2736878,70,Moderate,1,26.5,78,0.0,6.8,130,1010.7,52,24.3,26.4,232.0,17.5,36.0,10.9
2025-03-07 00:00:00,2025,3,7,0,An Giang,Xã Giồng Riềng,9.9237413,105.2736878,70,Moderate,1,25.9,83,0.0,6.9,123,1010.7,8,23.0,25.3,211.0,16.7,37.0,10.0
2025-03-07 01:00:00,2025,3,7,1,An Giang,Xã Giồng Riềng,9.9237413,105.2736878,70,Moderate,1,25.4,87,0.0,6.5,118,1010.1,21,22.9,25.3,196.0,16.1,37.0,9.2
2025-03-07 02:00:00,2025,3,7,2,An Giang,Xã Giồng Riềng,9.9237413,105.2736878,70,Moderate,1,25.1,89,0.0,7.5,120,1009.6,100,23.5,25.9,197.0,16.4,36.0,8.6
2025-03-07 03:00:00,2025,3,7,3,An Giang,Xã Giồng Riềng,9.9237413,105.2736878,70,Moderate,1,24.9,91,0.0,6.3,121,1009.2,93,22.4,25.2,205.0,16.9,34.0,8.1
2025-03-07 04:00:00,2025,3,7,4,An Giang,Xã Giồng Riềng,9.9237413,105.2736878,70,Moderate,1,24.6,94,0.0,3.8,95,1009.3,86,23.8,26.4,211.0,17.0,33.0,7.8
2025-03-07 05:00:00,2025,3,7,5,An Giang,Xã Giồng Riềng,9.9237413,105.2736878,70,Moderate,1,24.4,95,0.0,4.0,69,1009.3,36,26.2,28.7,212.0,16.5,33.0,7.8
2025-03-07 06:00:00,2025,3,7,6,An Giang,Xã Giồng Riềng,9.9237413,105.2736878,70,Moderate,1,24.5,96,0.0,5.8,81,1009.7,44,28.3,30.9,211.0,15.6,34.0,8.0
2025-03-07 07:00:00,2025,3,7,7,An Giang,Xã Giồng Riềng,9.9237413,105.2736878,71,Moderate,1,25.6,89,0.0,11.9,94,1010.5,36,26.5,29.9,205.0,15.4,35.0,8.3
2025-03-07 08:00:00,2025,3,7,8,An Giang,Xã Giồng Riềng,9.9237413,105.2736878,71,Moderate,1,27.9,76,0.0,14.8,91,1010.8,57,19.6,23.0,191.0,11.9,43.0,8.0
2025-03-07 09:00:00,2025,3,7,9,An Giang,Xã Giồng Riềng,9.9237413,105.2736878,71,Moderate,1,29.5,68,0.0,17.0,95,1011.1,70,15.3,18.3,173.0,7.2,55.0,7.5
2025-03-07 10:00:00,2025,3,7,10,An Giang,Xã Giồng Riềng,9.9237413,105.2736878,70,Moderate,1,31.3,59,0.0,20.5,101,1011.0,77,13.3,16.4,158.0,3.5,65.0,6.8
2025-03-07 11:00:00,2025,3,7,11,An Giang,Xã Giồng Riềng,9.9237413,105.2736878,70,Moderate,1,32.5,53,0.1,20.3,102,1010.2,71,12.1,14.9,150.0,2.0,72.0,5.8
2025-03-07 12:00:00,2025,3,7,12,An Giang,Xã Giồng Riềng,9.9237413,105.2736878,70,Moderate,1,33.2,51,0.2,20.3,103,1009.2,99,11.1,13.7,145.0,1.7,77.0,4.6
2025-03-07 13:00:00,2025,3,7,13,An Giang,Xã Giồng Riềng,9.9237413,105.2736878,69,Moderate,1,33.7,49,0.2,19.6,109,1008.6,86,10.4,12.5,142.0,1.6,81.0,3.8
2025-03-07 14:00:00,2025,3,7,14,An Giang,Xã Giồng Riềng,9.9237413,105.2736878,69,Moderate,1,33.8,48,0.1,19.1,114,1007.4,87,11.1,12.6,139.0,1.5,83.0,3.6
2025-03-07 15:00:00,2025,3,7,15,An Giang,Xã Giồng Riềng,9.9237413,105.2736878,68,Moderate,1,33.5,48,0.1,17.6,110,1006.7,100,10.1,11.4,137.0,1.8,84.0,3.7
2025-03-07 16:00:00,2025,3,7,16,An Giang,Xã Giồng Riềng,9.9237413,105.2736878,67,Moderate,1,33.2,48,0.0,20.3,107,1006.5,100,9.6,10.8,138.0,2.5,82.0,4.2
2025-03-07 17:00:00,2025,3,7,17,An Giang,Xã Giồng Riềng,9.9237413,105.2736878,67,Moderate,1,31.9,52,0.0,19.9,110,1006.8,100,9.2,10.9,143.0,4.2,77.0,5.1
2025-03-07 18:00:00,2025,3,7,18,An Giang,Xã Giồng Riềng,9.9237413,105.2736878,66,Moderate,1,30.4,58,0.0,16.0,113,1007.9,99,9.5,11.0,151.0,6.3,71.0,6.3
2025-03-07 19:00:00,2025,3,7,19,An Giang,Xã Giồng Riềng,9.9237413,105.2736878,65,Moderate,1,29.4,62,0.0,16.7,116,1008.8,23,12.4,14.2,158.0,7.3,64.0,6.6
2025-03-07 20:00:00,2025,3,7,20,An Giang,Xã Giồng Riềng,9.9237413,105.2736878,64,Moderate,1,28.2,71,0.0,16.5,117,1009.9,75,12.4,14.2,162.0,7.7,61.0,6.6
2025-03-07 21:00:00,2025,3,7,21,An Giang,Xã Giồng Riềng,9.9237413,105.2736878,63,Moderate,1,27.4,78,0.0,14.6,111,1010.5,94,12.7,14.6,164.0,8.3,57.0,6.7
2025-03-07 22:00:00,2025,3,7,22,An Giang,Xã Giồng Riềng,9.9237413,105.2736878,61,Moderate,1,27.0,80,0.0,13.8,114,1011.0,100,13.3,15.2,167.0,8.7,54.0,6.6
2025-03-07 23:00:00,2025,3,7,23,An Giang,Xã Giồng Riềng,9.9237413,105.2736878,60,Moderate,1,26.7,80,0.0,14.8,112,1011.0,5,13.2,15.1,170.0,8.8,54.0,6.3
2025-03-08 00:00:00,2025,3,8,0,An Giang,Xã Giồng Riềng,9.9237413,105.2736878,59,Moderate,1,26.4,81,0.0,13.2,118,1010.9,95,12.6,14.4,172.0,8.8,55.0,5.8
2025-03-08 01:00:00,2025,3,8,1,An Giang,Xã Giồng Riềng,9.9237413,105.2736878,58,Moderate,1,26.2,80,0.0,13.7,112,1010.4,77,12.1,13.9,177.0,8.9,56.0,5.4
2025-03-08 02:00:00,2025,3,8,2,An Giang,Xã Giồng Riềng,9.9237413,105.2736878,57,Moderate,1,26.0,80,0.0,13.7,106,1009.7,66,11.9,13.6,185.0,9.1,58.0,5.2
2025-03-08 03:00:00,2025,3,8,3,An Giang,Xã Giồng Riềng,9.9237413,105.2736878,56,Moderate,1,25.8,80,0.0,12.9,97,1009.4,8,12.1,13.8,195.0,9.4,61.0,5.1
2025-03-08 04:00:00,2025,3,8,4,An Giang,Xã Giồng Riềng,9.9237413,105.2736878,55,Moderate,1,25.5,81,0.0,11.5,87,1009.3,5,12.4,14.0,205.0,10.0,63.0,5.2
2025-03-08 05:00:00,2025,3,8,5,An Giang,Xã Giồng Riềng,9.9237413,105.2736878,54,Moderate,1,25.2,83,0.0,10.2,81,1009.4,44,13.1,14.6,216.0,11.4,61.0,5.7
2025-03-08 06:00:00,2025,3,8,6,An Giang,Xã Giồng Riềng,9.9237413,105.2736878,53,Moderate,1,25.0,84,0.0,9.2,67,1010.0,5,14.3,15.8,228.0,13.1,57.0,6.5
2025-03-08 07:00:00,2025,3,8,7,An Giang,Xã Giồng Riềng,9.9237413,105.2736878,52,Moderate,1,25.6,82,0.0,11.1,61,1010.7,53,16.2,18.0,238.0,11.9,62.0,6.8
2025-03-08 08:00:00,2025,3,8,8,An Giang,Xã Giồng Riềng,9.9237413,105.2736878,51,Moderate,1,28.1,73,0.0,13.5,67,1011.5,63,15.1,17.2,247.0,10.3,71.0,7.8
2025-03-08 09:00:00,2025,3,8,9,An Giang,Xã Giồng Riềng,9.9237413,105.2736878,51,Moderate,1,29.8,66,0.0,15.2,71,1011.7,50,15.7,18.4,254.0,8.0,85.0,9.1
2025-03-08 10:00:00,2025,3,8,10,An Giang,Xã Giồng Riềng,9.9237413,105.2736878,51,Moderate,1,30.9,62,0.1,17.3,69,1012.1,46,16.5,19.6,256.0,6.0,100.0,10.0
2025-03-08 11:00:00,2025,3,8,11,An Giang,Xã Giồng Riềng,9.9237413,105.2736878,51,Moderate,1,32.0,57,0.1,16.5,63,1011.5,20,16.5,19.0,248.0,4.4,118.0,9.9
2025-03-08 12:00:00,2025,3,8,12,An Giang,Xã Giồng Riềng,9.9237413,105.2736878,51,Moderate,1,33.0,54,0.1,15.4,64,1010.2,23,16.2,17.3,236.0,3.0,137.0,9.3
2025-03-08 13:00:00,2025,3,8,13,An Giang,Xã Giồng Riềng,9.9237413,105.2736878,52,Moderate,1,33.5,52,0.0,14.6,68,1009.4,34,17.1,17.9,226.0,2.2,150.0,8.7
2025-03-08 14:00:00,2025,3,8,14,An Giang,Xã Giồng Riềng,9.9237413,105.2736878,52,Moderate,1,33.8,50,0.0,13.1,67,1008.1,100,17.3,18.2,223.0,1.9,152.0,8.0
2025-03-08 15:00:00,2025,3,8,15,An Giang,Xã Giồng Riềng,9.9237413,105.2736878,53,Moderate,1,33.5,49,0.0,13.1,69,1007.3,100,17.2,18.0,223.0,2.1,147.0,7.2
2025-03-08 16:00:00,2025,3,8,16,An Giang,Xã Giồng Riềng,9.9237413,105.2736878,71,Moderate,1,32.5,52,0.0,8.3,70,1007.0,100,17.8,18.6,225.0,3.0,141.0,7.1
2025-03-08 17:00:00,2025,3,8,17,An Giang,Xã Giồng Riềng,9.9237413,105.2736878,86,Moderate,1,30.8,60,0.3,9.3,36,1007.7,90,18.0,18.8,230.0,5.2,135.0,8.2
2025-03-08 18:00:00,2025,3,8,18,An Giang,Xã Giồng Riềng,9.9237413,105.2736878,96,Moderate,1,29.5,64,0.1,5.6,50,1008.3,64,19.5,20.2,238.0,8.1,128.0,9.9
2025-03-08 19:00:00,2025,3,8,19,An Giang,Xã Giồng Riềng,9.9237413,105.2736878,102,Unhealthy for Sensitive Groups,2,28.8,67,0.0,4.6,48,1008.8,99,22.4,23.7,245.0,9.9,110.0,10.5
2025-03-08 20:00:00,2025,3,8,20,An Giang,Xã Giồng Riềng,9.9237413,105.2736878,101,Unhealthy for Sensitive Groups,2,28.0,78,0.0,7.8,48,1009.4,69,23.1,24.8,251.0,10.6,99.0,10.3
2025-03-08 21:00:00,2025,3,8,21,An Giang,Xã Giồng Riềng,9.9237413,105.2736878,92,Moderate,1,27.5,78,0.0,9.9,80,1010.8,68,20.7,22.6,257.0,11.7,84.0,9.9
2025-03-08 22:00:00,2025,3,8,22,An Giang,Xã Giồng Riềng,9.9237413,105.2736878,78,Moderate,1,27.1,75,0.0,10.8,89,1011.1,99,19.0,21.0,260.0,12.9,72.0,9.6
2025-03-08 23:00:00,2025,3,8,23,An Giang,Xã Giồng Riềng,9.9237413,105.2736878,61,Moderate,1,26.8,77,0.0,10.2,98,1011.4,94,19.2,21.3,258.0,14.1,66.0,9.2
2025-03-09 00:00:00,2025,3,9,0,An Giang,Xã Giồng Riềng,9.9237413,105.2736878,60,Moderate,1,26.4,80,0.0,7.7,101,1011.3,74,20.4,22.4,252.0,15.4,62.0,8.8
2025-03-09 01:00:00,2025,3,9,1,An Giang,Xã Giồng Riềng,9.9237413,105.2736878,60,Moderate,1,26.0,83,0.0,6.2,111,1010.9,28,22.2,24.3,246.0,16.9,58.0,8.5
2025-03-09 02:00:00,2025,3,9,2,An Giang,Xã Giồng Riềng,9.9237413,105.2736878,61,Moderate,1,25.5,84,0.0,5.2,121,1010.6,31,24.4,26.4,237.0,18.8,53.0,8.3
2025-03-09 03:00:00,2025,3,9,3,An Giang,Xã Giồng Riềng,9.9237413,105.2736878,62,Moderate,1,25.2,85,0.0,4.6,99,1010.0,43,26.4,28.4,228.0,20.9,48.0,8.3
2025-03-09 04:00:00,2025,3,9,4,An Giang,Xã Giồng Riềng,9.9237413,105.2736878,64,Moderate,1,24.9,87,0.0,4.9,80,1009.9,9,28.0,30.0,228.0,22.8,44.0,8.6
2025-03-09 05:00:00,2025,3,9,5,An Giang,Xã Giồng Riềng,9.9237413,105.2736878,65,Moderate,1,24.5,87,0.0,5.2,65,1009.8,0,29.5,31.4,242.0,25.3,36.0,9.2
2025-03-09 06:00:00,2025,3,9,6,An Giang,Xã Giồng Riềng,9.9237413,105.2736878,66,Moderate,1,24.3,88,0.0,6.2,54,1010.5,4,32.8,34.8,266.0,27.7,29.0,10.1
2025-03-09 07:00:00,2025,3,9,7,An Giang,Xã Giồng Riềng,9.9237413,105.2736878,68,Moderate,1,25.4,85,0.0,8.3,39,1011.1,0,37.1,39.0,289.0,25.7,37.0,13.1
2025-03-09 08:00:00,2025,3,9,8,An Giang,Xã Giồng Riềng,9.9237413,105.2736878,70,Moderate,1,28.1,75,0.0,10.8,48,1011.8,0,36.3,39.2,315.0,21.6,66.0,15.4
2025-03-09 09:00:00,2025,3,9,9,An Giang,Xã Giồng Riềng,9.9237413,105.2736878,72,Moderate,1,30.1,67,0.0,12.9,41,1012.7,5,32.8,36.7,341.0,15.8,106.0,18.3
2025-03-09 10:00:00,2025,3,9,10,An Giang,Xã Giồng Riềng,9.9237413,105.2736878,73,Moderate,1,31.9,57,0.0,14.4,54,1013.0,87,30.5,33.6,353.0,11.0,137.0,19.8
2025-03-09 11:00:00,2025,3,9,11,An Giang,Xã Giồng Riềng,9.9237413,105.2736878,75,Moderate,1,31.6,53,0.0,14.7,65,1012.6,100,28.5,29.9,338.0,8.0,150.0,18.3
2025-03-09 12:00:00,2025,3,9,12,An Giang,Xã Giồng Riềng,9.9237413,105.2736878,76,Moderate,1,31.2,54,0.0,16.1,61,1012.0,87,25.0,26.4,308.0,5.9,153.0,15.3
2025-03-09 13:00:00,2025,3,9,13,An Giang,Xã Giồng Riềng,9.9237413,105.2736878,76,Moderate,1,32.4,51,0.0,16.8,52,1011.2,100,20.8,22.1,284.0,4.4,152.0,12.6
2025-03-09 14:00:00,2025,3,9,14,An Giang,Xã Giồng Riềng,9.9237413,105.2736878,77,Moderate,1,29.6,64,0.5,10.8,90,1010.7,100,18.1,19.3,272.0,3.4,149.0,10.8
2025-03-09 15:00:00,2025,3,9,15,An Giang,Xã Giồng Riềng,9.9237413,105.2736878,77,Moderate,1,31.1,55,0.0,7.5,80,1010.0,100,15.9,17.2,266.0,3.1,142.0,9.3
2025-03-09 16:00:00,2025,3,9,16,An Giang,Xã Giồng Riềng,9.9237413,105.2736878,91,Moderate,1,29.6,63,0.1,15.3,74,1009.8,97,14.4,15.5,267.0,3.5,134.0,8.5
2025-03-09 17:00:00,2025,3,9,17,An Giang,Xã Giồng Riềng,9.9237413,105.2736878,105,Unhealthy for Sensitive Groups,2,29.4,63,0.0,9.7,72,1010.0,69,14.0,14.8,284.0,5.1,126.0,8.7
2025-03-09 18:00:00,2025,3,9,18,An Giang,Xã Giồng Riềng,9.9237413,105.2736878,110,Unhealthy for Sensitive Groups,2,28.5,68,0.2,5.4,76,1010.4,35,14.8,15.8,308.0,7.5,116.0,9.5
2025-03-09 19:00:00,2025,3,9,19,An Giang,Xã Giồng Riềng,9.9237413,105.2736878,105,Unhealthy for Sensitive Groups,2,28.0,70,0.0,6.0,83,1010.7,62,18.6,21.1,320.0,9.7,95.0,9.4
2025-03-09 20:00:00,2025,3,9,20,An Giang,Xã Giồng Riềng,9.9237413,105.2736878,93,Moderate,1,26.5,78,0.1,11.3,53,1011.8,31,18.5,20.8,305.0,11.2,85.0,9.9
2025-03-09 21:00:00,2025,3,9,21,An Giang,Xã Giồng Riềng,9.9237413,105.2736878,79,Moderate,1,26.4,78,0.0,9.9,61,1012.6,30,18.6,20.7,278.0,13.2,71.0,10.6
2025-03-09 22:00:00,2025,3,9,22,An Giang,Xã Giồng Riềng,9.9237413,105.2736878,75,Moderate,1,26.5,78,0.0,10.4,76,1013.0,59,18.7,20.4,255.0,14.8,60.0,10.8
2025-03-09 23:00:00,2025,3,9,23,An Giang,Xã Giồng Riềng,9.9237413,105.2736878,75,Moderate,1,26.6,79,0.0,10.4,91,1013.2,100,18.3,19.8,245.0,15.2,53.0,10.1
2025-03-10 00:00:00,2025,3,10,0,An Giang,Xã Giồng Riềng,9.9237413,105.2736878,75,Moderate,1,26.9,79,0.0,11.8,97,1012.6,100,17.2,18.4,241.0,15.2,49.0,9.0
2025-03-10 01:00:00,2025,3,10,1,An Giang,Xã Giồng Riềng,9.9237413,105.2736878,74,Moderate,1,26.9,80,0.0,11.3,98,1012.4,100,16.4,17.5,236.0,15.7,45.0,8.3
2025-03-10 02:00:00,2025,3,10,2,An Giang,Xã Giồng Riềng,9.9237413,105.2736878,74,Moderate,1,26.8,78,0.0,11.1,97,1011.5,58,17.1,18.1,226.0,17.2,41.0,8.5
2025-03-10 03:00:00,2025,3,10,3,An Giang,Xã Giồng Riềng,9.9237413,105.2736878,73,Moderate,1,26.2,78,0.0,9.7,91,1010.8,98,18.5,19.4,215.0,19.2,38.0,9.1
2025-03-10 04:00:00,2025,3,10,4,An Giang,Xã Giồng Riềng,9.9237413,105.2736878,72,Moderate,1,26.0,78,0.0,8.9,77,1010.8,97,20.3,21.3,211.0,21.1,35.0,10.2
2025-03-10 05:00:00,2025,3,10,5,An Giang,Xã Giồng Riềng,9.9237413,105.2736878,72,Moderate,1,25.9,80,0.0,9.1,73,1010.9,100,23.2,24.2,219.0,23.7,30.0,12.2
2025-03-10 06:00:00,2025,3,10,6,An Giang,Xã Giồng Riềng,9.9237413,105.2736878,71,Moderate,1,25.9,81,0.0,9.6,82,1011.7,51,27.1,28.2,233.0,26.2,26.0,14.6
2025-03-10 07:00:00,2025,3,10,7,An Giang,Xã Giồng Riềng,9.9237413,105.2736878,71,Moderate,1,26.1,82,0.0,8.2,67,1012.4,22,24.9,25.6,243.0,22.3,33.0,12.9
2025-03-10 08:00:00,2025,3,10,8,An Giang,Xã Giồng Riềng,9.9237413,105.2736878,70,Moderate,1,28.0,75,0.0,10.5,68,1013.0,8,21.6,23.2,245.0,17.8,56.0,12.7
2025-03-10 09:00:00,2025,3,10,9,An Giang,Xã Giồng Riềng,9.9237413,105.2736878,68,Moderate,1,29.8,66,0.0,13.9,60,1013.5,34,18.5,20.8,242.0,11.5,88.0,12.4
2025-03-10 10:00:00,2025,3,10,10,An Giang,Xã Giồng Riềng,9.9237413,105.2736878,67,Moderate,1,31.4,60,0.0,18.2,64,1013.7,32,16.4,18.3,236.0,6.6,114.0,11.8
2025-03-10 11:00:00,2025,3,10,11,An Giang,Xã Giồng Riềng,9.9237413,105.2736878,66,Moderate,1,32.5,56,0.1,18.6,68,1013.0,28,16.5,17.1,227.0,4.3,129.0,10.6
2025-03-10 12:00:00,2025,3,10,12,An Giang,Xã Giồng Riềng,9.9237413,105.2736878,65,Moderate,1,33.2,53,0.0,18.0,71,1012.2,35,17.0,17.5,215.0,3.3,137.0,9.1
2025-03-10 13:00:00,2025,3,10,13,An Giang,Xã Giồng Riềng,9.9237413,105.2736878,64,Moderate,1,33.9,50,0.0,18.3,74,1011.2,100,14.6,15.0,201.0,2.7,138.0,7.8
2025-03-10 14:00:00,2025,3,10,14,An Giang,Xã Giồng Riềng,9.9237413,105.2736878,63,Moderate,1,33.8,48,0.0,22.0,91,1009.7,100,13.2,13.9,183.0,2.2,130.0,6.8
2025-03-10 15:00:00,2025,3,10,15,An Giang,Xã Giồng Riềng,9.9237413,105.2736878,63,Moderate,1,29.5,71,2.7,10.2,73,1009.6,37,12.5,13.6,164.0,2.2,115.0,5.9
2025-03-10 16:00:00,2025,3,10,16,An Giang,Xã Giồng Riềng,9.9237413,105.2736878,63,Moderate,1,32.1,53,0.0,12.8,70,1009.1,44,9.7,10.8,151.0,2.8,100.0,5.6
2025-03-10 17:00:00,2025,3,10,17,An Giang,Xã Giồng Riềng,9.9237413,105.2736878,69,Moderate,1,32.5,47,0.0,20.5,89,1009.1,83,10.3,12.0,149.0,4.4,87.0,6.1
2025-03-10 18:00:00,2025,3,10,18,An Giang,Xã Giồng Riềng,9.9237413,105.2736878,69,Moderate,1,30.6,55,0.0,18.1,95,1009.9,29,9.9,11.6,154.0,6.6,74.0,7.0
2025-03-10 19:00:00,2025,3,10,19,An Giang,Xã Giồng Riềng,9.9237413,105.2736878,61,Moderate,1,29.6,60,0.0,17.9,94,1011.1,33,11.5,12.7,160.0,8.7,63.0,7.8
2025-03-10 20:00:00,2025,3,10,20,An Giang,Xã Giồng Riềng,9.9237413,105.2736878,61,Moderate,1,29.2,64,0.0,16.9,97,1011.4,90,11.9,13.3,165.0,9.0,60.0,7.7
2025-03-10 21:00:00,2025,3,10,21,An Giang,Xã Giồng Riềng,9.9237413,105.2736878,60,Moderate,1,28.4,67,0.0,17.5,89,1012.2,100,12.5,14.0,171.0,9.5,55.0,7.5
2025-03-10 22:00:00,2025,3,10,22,An Giang,Xã Giồng Riềng,9.9237413,105.2736878,60,Moderate,1,27.6,71,0.0,14.4,78,1012.8,22,13.3,14.8,174.0,10.1,51.0,7.4
2025-03-10 23:00:00,2025,3,10,23,An Giang,Xã Giồng Riềng,9.9237413,105.2736878,59,Moderate,1,27.0,74,0.0,13.3,77,1012.6,92,13.9,15.5,173.0,10.9,49.0,7.3
2025-03-11 00:00:00,2025,3,11,0,An Giang,Xã Giồng Riềng,9.9237413,105.2736878,59,Moderate,1,26.7,75,0.0,12.5,82,1011.8,37,14.2,15.8,169.0,11.8,47.0,7.2
2025-03-11 01:00:00,2025,3,11,1,An Giang,Xã Giồng Riềng,9.9237413,105.2736878,59,Moderate,1,26.2,76,0.0,10.7,82,1011.2,83,14.6,16.2,166.0,13.0,45.0,7.3
2025-03-11 02:00:00,2025,3,11,2,An Giang,Xã Giồng Riềng,9.9237413,105.2736878,58,Moderate,1,25.7,78,0.0,8.0,80,1010.2,60,15.4,16.9,165.0,14.4,42.0,7.5
2025-03-11 03:00:00,2025,3,11,3,An Giang,Xã Giồng Riềng,9.9237413,105.2736878,58,Moderate,1,25.3,80,0.0,7.5,79,1009.7,43,16.1,17.6,166.0,16.1,38.0,7.7
2025-03-11 04:00:00,2025,3,11,4,An Giang,Xã Giồng Riềng,9.9237413,105.2736878,58,Moderate,1,25.2,79,0.0,7.9,90,1009.5,23,17.4,18.9,170.0,17.9,34.0,8.3
2025-03-11 05:00:00,2025,3,11,5,An Giang,Xã Giồng Riềng,9.9237413,105.2736878,58,Moderate,1,25.2,79,0.0,7.4,94,1009.7,1,19.9,21.4,179.0,20.4,29.0,9.4
2025-03-11 06:00:00,2025,3,11,6,An Giang,Xã Giồng Riềng,9.9237413,105.2736878,58,Moderate,1,25.0,80,0.0,8.1,89,1010.4,1,23.7,25.2,191.0,23.1,24.0,10.9
2025-03-11 07:00:00,2025,3,11,7,An Giang,Xã Giồng Riềng,9.9237413,105.2736878,57,Moderate,1,26.0,78,0.0,9.9,85,1011.0,0,18.6,19.8,203.0,17.4,34.0,9.9
2025-03-11 08:00:00,2025,3,11,8,An Giang,Xã Giồng Riềng,9.9237413,105.2736878,57,Moderate,1,28.8,70,0.0,11.2,86,1011.9,79,16.7,18.7,215.0,14.3,44.0,9.9
2025-03-11 09:00:00,2025,3,11,9,An Giang,Xã Giồng Riềng,9.9237413,105.2736878,56,Moderate,1,30.5,62,0.0,14.9,81,1012.5,36,15.8,18.5,226.0,9.9,57.0,10.0
2025-03-11 10:00:00,2025,3,11,10,An Giang,Xã Giồng Riềng,9.9237413,105.2736878,56,Moderate,1,32.1,54,0.0,19.0,83,1012.7,37,16.0,19.6,230.0,6.3,71.0,9.7
2025-03-11 11:00:00,2025,3,11,11,An Giang,Xã Giồng Riềng,9.9237413,105.2736878,56,Moderate,1,32.7,52,0.1,18.6,88,1012.0,30,16.1,20.3,221.0,4.3,84.0,8.9
2025-03-11 12:00:00,2025,3,11,12,An Giang,Xã Giồng Riềng,9.9237413,105.2736878,56,Moderate,1,33.6,49,0.0,18.0,87,1010.8,30,16.4,20.6,205.0,3.1,98.0,7.9
2025-03-11 13:00:00,2025,3,11,13,An Giang,Xã Giồng Riềng,9.9237413,105.2736878,56,Moderate,1,34.5,46,0.0,16.3,84,1009.7,69,15.3,19.1,189.0,2.3,106.0,6.9
2025-03-11 14:00:00,2025,3,11,14,An Giang,Xã Giồng Riềng,9.9237413,105.2736878,56,Moderate,1,34.5,45,0.0,15.5,85,1008.5,98,15.9,20.0,175.0,1.8,107.0,6.0
2025-03-11 15:00:00,2025,3,11,15,An Giang,Xã Giồng Riềng,9.9237413,105.2736878,56,Moderate,1,33.1,46,0.2,18.2,91,1007.9,71,13.4,16.8,160.0,1.7,103.0,5.2
2025-03-11 16:00:00,2025,3,11,16,An Giang,Xã Giồng Riềng,9.9237413,105.2736878,56,Moderate,1,33.0,46,0.1,18.6,99,1008.0,32,11.7,14.7,152.0,2.4,96.0,4.9
2025-03-11 17:00:00,2025,3,11,17,An Giang,Xã Giồng Riềng,9.9237413,105.2736878,56,Moderate,1,32.5,48,0.0,16.3,107,1008.2,84,11.0,13.6,152.0,4.2,86.0,5.6
2025-03-11 18:00:00,2025,3,11,18,An Giang,Xã Giồng Riềng,9.9237413,105.2736878,56,Moderate,1,31.1,51,0.0,13.8,97,1009.0,100,12.1,15.0,158.0,6.8,74.0,6.8
2025-03-11 19:00:00,2025,3,11,19,An Giang,Xã Giồng Riềng,9.9237413,105.2736878,57,Moderate,1,30.0,55,0.0,14.2,102,1010.0,100,15.1,17.5,165.0,8.8,63.0,7.8
2025-03-11 20:00:00,2025,3,11,20,An Giang,Xã Giồng Riềng,9.9237413,105.2736878,57,Moderate,1,29.0,60,0.0,14.0,105,1010.8,90,15.1,17.2,173.0,9.7,58.0,8.1
2025-03-11 21:00:00,2025,3,11,21,An Giang,Xã Giồng Riềng,9.9237413,105.2736878,57,Moderate,1,27.9,66,0.0,12.3,111,1011.9,60,15.7,17.7,182.0,11.1,50.0,8.6
2025-03-11 22:00:00,2025,3,11,22,An Giang,Xã Giồng Riềng,9.9237413,105.2736878,58,Moderate,1,27.4,69,0.0,12.0,98,1012.1,46,16.9,18.9,188.0,12.3,44.0,8.8
2025-03-11 23:00:00,2025,3,11,23,An Giang,Xã Giồng Riềng,9.9237413,105.2736878,58,Moderate,1,27.0,72,0.0,10.5,102,1011.8,19,17.8,19.7,187.0,13.3,41.0,8.7
2025-03-12 00:00:00,2025,3,12,0,An Giang,Xã Giồng Riềng,9.9237413,105.2736878,58,Moderate,1,26.4,76,0.0,7.4,103,1011.3,15,18.2,20.1,182.0,14.2,40.0,8.4
2025-03-12 01:00:00,2025,3,12,1,An Giang,Xã Giồng Riềng,9.9237413,105.2736878,59,Moderate,1,25.6,80,0.0,6.6,111,1010.8,24,18.6,20.5,177.0,14.9,39.0,8.1
2025-03-12 02:00:00,2025,3,12,2,An Giang,Xã Giồng Riềng,9.9237413,105.2736878,59,Moderate,1,25.1,83,0.0,7.9,110,1010.0,73,19.0,20.9,172.0,15.2,39.0,7.6
2025-03-12 03:00:00,2025,3,12,3,An Giang,Xã Giồng Riềng,9.9237413,105.2736878,59,Moderate,1,24.9,84,0.0,8.9,103,1009.6,94,18.9,20.8,167.0,15.2,39.0,7.1
2025-03-12 04:00:00,2025,3,12,4,An Giang,Xã Giồng Riềng,9.9237413,105.2736878,60,Moderate,1,24.6,87,0.0,9.4,103,1009.3,100,18.7,20.5,167.0,15.2,39.0,6.8
2025-03-12 05:00:00,2025,3,12,5,An Giang,Xã Giồng Riềng,9.9237413,105.2736878,60,Moderate,1,24.6,88,0.0,10.0,108,1009.7,96,18.9,20.8,179.0,15.5,38.0,7.0
2025-03-12 06:00:00,2025,3,12,6,An Giang,Xã Giồng Riềng,9.9237413,105.2736878,60,Moderate,1,24.6,88,0.0,10.0,105,1010.0,100,19.3,21.2,196.0,15.8,36.0,7.5
2025-03-12 07:00:00,2025,3,12,7,An Giang,Xã Giồng Riềng,9.9237413,105.2736878,59,Moderate,1,25.6,84,0.0,9.6,87,1010.5,100,22.5,24.6,205.0,17.1,35.0,8.6
2025-03-12 08:00:00,2025,3,12,8,An Giang,Xã Giồng Riềng,9.9237413,105.2736878,59,Moderate,1,28.5,73,0.0,10.8,89,1011.0,100,19.3,22.2,199.0,13.4,46.0,8.6
2025-03-12 09:00:00,2025,3,12,9,An Giang,Xã Giồng Riềng,9.9237413,105.2736878,60,Moderate,1,30.4,64,0.0,13.5,90,1011.2,100,16.9,20.3,186.0,8.3,62.0,8.5
2025-03-12 10:00:00,2025,3,12,10,An Giang,Xã Giồng Riềng,9.9237413,105.2736878,60,Moderate,1,32.2,55,0.0,15.7,92,1011.2,97,15.9,19.8,174.0,4.3,76.0,8.2
2025-03-12 11:00:00,2025,3,12,11,An Giang,Xã Giồng Riềng,9.9237413,105.2736878,60,Moderate,1,33.5,51,0.0,15.7,91,1010.6,100,15.2,19.4,165.0,2.5,85.0,7.4
2025-03-12 12:00:00,2025,3,12,12,An Giang,Xã Giồng Riềng,9.9237413,105.2736878,60,Moderate,1,34.5,48,0.0,14.8,93,1009.6,100,14.2,18.3,156.0,1.8,92.0,6.3
2025-03-12 13:00:00,2025,3,12,13,An Giang,Xã Giồng Riềng,9.9237413,105.2736878,60,Moderate,1,35.2,45,0.0,14.6,94,1008.3,100,13.5,17.3,151.0,1.6,96.0,5.6
2025-03-12 14:00:00,2025,3,12,14,An Giang,Xã Giồng Riềng,9.9237413,105.2736878,59,Moderate,1,35.5,43,0.0,15.5,95,1006.7,100,13.1,16.8,150.0,1.6,97.0,5.3
2025-03-12 15:00:00,2025,3,12,15,An Giang,Xã Giồng Riềng,9.9237413,105.2736878,59,Moderate,1,32.7,52,0.3,16.1,130,1006.4,100,12.2,15.4,153.0,2.0,95.0,5.4
2025-03-12 16:00:00,2025,3,12,16,An Giang,Xã Giồng Riềng,9.9237413,105.2736878,59,Moderate,1,32.8,49,0.0,15.0,113,1006.0,98,12.3,15.1,156.0,2.9,91.0,5.7
2025-03-12 17:00:00,2025,3,12,17,An Giang,Xã Giồng Riềng,9.9237413,105.2736878,59,Moderate,1,32.2,51,0.0,19.1,108,1005.8,82,12.0,14.5,159.0,4.7,85.0,6.5
2025-03-12 18:00:00,2025,3,12,18,An Giang,Xã Giồng Riềng,9.9237413,105.2736878,59,Moderate,1,31.0,55,0.0,14.4,110,1007.0,100,12.0,14.3,163.0,7.0,77.0,7.5
2025-03-12 19:00:00,2025,3,12,19,An Giang,Xã Giồng Riềng,9.9237413,105.2736878,59,Moderate,1,30.0,59,0.0,14.1,104,1008.2,100,14.4,16.5,168.0,8.2,70.0,7.9
2025-03-12 20:00:00,2025,3,12,20,An Giang,Xã Giồng Riềng,9.9237413,105.2736878,59,Moderate,1,29.0,64,0.0,13.4,117,1008.8,100,14.3,16.1,175.0,9.0,65.0,8.1
2025-03-12 21:00:00,2025,3,12,21,An Giang,Xã Giồng Riềng,9.9237413,105.2736878,59,Moderate,1,28.1,69,0.0,11.7,122,1010.1,100,14.2,15.9,183.0,10.2,58.0,8.4
2025-03-12 22:00:00,2025,3,12,22,An Giang,Xã Giồng Riềng,9.9237413,105.2736878,59,Moderate,1,27.2,74,0.0,11.1,115,1010.5,100,15.2,16.9,189.0,11.3,53.0,8.5
2025-03-12 23:00:00,2025,3,12,23,An Giang,Xã Giồng Riềng,9.9237413,105.2736878,59,Moderate,1,26.4,80,0.0,9.5,115,1010.3,100,16.9,18.6,191.0,12.4,50.0,8.4
2025-03-13 00:00:00,2025,3,13,0,An Giang,Xã Giồng Riềng,9.9237413,105.2736878,59,Moderate,1,25.9,85,0.0,8.6,119,1010.6,100,18.3,20.1,190.0,13.4,48.0,8.2
2025-03-13 01:00:00,2025,3,13,1,An Giang,Xã Giồng Riềng,9.9237413,105.2736878,59,Moderate,1,25.6,88,0.0,7.2,125,1010.2,100,19.0,21.0,186.0,14.2,47.0,8.0
2025-03-13 02:00:00,2025,3,13,2,An Giang,Xã Giồng Riềng,9.9237413,105.2736878,59,Moderate,1,25.4,90,0.0,7.6,112,1009.7,100,19.8,21.9,177.0,14.8,45.0,7.6
2025-03-13 03:00:00,2025,3,13,3,An Giang,Xã Giồng Riềng,9.9237413,105.2736878,59,Moderate,1,25.2,91,0.0,9.6,106,1008.8,100,20.1,22.2,167.0,15.1,44.0,7.2
2025-03-13 04:00:00,2025,3,13,4,An Giang,Xã Giồng Riềng,9.9237413,105.2736878,59,Moderate,1,25.1,91,0.0,10.4,105,1008.6,100,19.7,21.7,161.0,15.1,43.0,7.0
2025-03-13 05:00:00,2025,3,13,5,An Giang,Xã Giồng Riềng,9.9237413,105.2736878,59,Moderate,1,25.0,91,0.0,11.1,110,1008.9,100,19.0,21.0,168.0,14.7,42.0,7.2
2025-03-13 06:00:00,2025,3,13,6,An Giang,Xã Giồng Riềng,9.9237413,105.2736878,59,Moderate,1,25.0,90,0.0,11.8,103,1009.4,21,18.5,20.4,180.0,14.0,41.0,7.7
2025-03-13 07:00:00,2025,3,13,7,An Giang,Xã Giồng Riềng,9.9237413,105.2736878,59,Moderate,1,26.0,85,0.0,14.8,100,1010.4,15,19.2,21.5,185.0,13.4,42.0,8.4
2025-03-13 08:00:00,2025,3,13,8,An Giang,Xã Giồng Riềng,9.9237413,105.2736878,59,Moderate,1,28.0,75,0.0,16.1,96,1011.5,78,15.9,18.4,175.0,10.6,51.0,8.2
2025-03-13 09:00:00,2025,3,13,9,An Giang,Xã Giồng Riềng,9.9237413,105.2736878,58,Moderate,1,30.0,63,0.0,17.6,97,1011.8,87,13.8,16.4,158.0,6.7,63.0,8.0
2025-03-13 10:00:00,2025,3,13,10,An Giang,Xã Giồng Riềng,9.9237413,105.2736878,58,Moderate,1,31.8,54,0.0,18.0,97,1011.6,17,13.3,16.4,144.0,3.6,74.0,7.6
2025-03-13 11:00:00,2025,3,13,11,An Giang,Xã Giồng Riềng,9.9237413,105.2736878,58,Moderate,1,33.2,48,0.0,16.2,94,1011.3,14,12.3,15.4,139.0,2.3,83.0,6.9
2025-03-13 12:00:00,2025,3,13,12,An Giang,Xã Giồng Riềng,9.9237413,105.2736878,58,Moderate,1,34.2,43,0.0,15.7,95,1010.4,16,11.3,14.0,138.0,1.8,91.0,6.0
2025-03-13 13:00:00,2025,3,13,13,An Giang,Xã Giồng Riềng,9.9237413,105.2736878,57,Moderate,1,34.8,40,0.0,14.2,99,1009.1,15,10.3,12.5,137.0,1.6,97.0,5.4
2025-03-13 14:00:00,2025,3,13,14,An Giang,Xã Giồng Riềng,9.9237413,105.2736878,57,Moderate,1,35.2,38,0.0,14.1,100,1007.5,55,9.9,11.7,135.0,1.4,102.0,5.2
2025-03-13 15:00:00,2025,3,13,15,An Giang,Xã Giồng Riềng,9.9237413,105.2736878,57,Moderate,1,35.0,38,0.0,15.5,108,1006.7,92,10.0,11.5,133.0,1.6,104.0,5.4
2025-03-13 16:00:00,2025,3,13,16,An Giang,Xã Giồng Riềng,9.9237413,105.2736878,57,Moderate,1,34.2,40,0.0,15.9,106,1006.3,16,10.2,11.6,134.0,2.3,103.0,5.7
2025-03-13 17:00:00,2025,3,13,17,An Giang,Xã Giồng Riềng,9.9237413,105.2736878,56,Moderate,1,33.2,42,0.0,15.9,115,1006.4,14,10.4,11.8,140.0,4.0,95.0,6.3
2025-03-13 18:00:00,2025,3,13,18,An Giang,Xã Giồng Riềng,9.9237413,105.2736878,56,Moderate,1,31.3,47,0.0,12.7,126,1006.9,16,11.5,13.1,149.0,6.4,84.0,7.2
2025-03-13 19:00:00,2025,3,13,19,An Giang,Xã Giồng Riềng,9.9237413,105.2736878,56,Moderate,1,29.5,56,0.0,15.3,124,1008.3,0,18.0,20.2,160.0,9.2,78.0,8.6
2025-03-13 20:00:00,2025,3,13,20,An Giang,Xã Giồng Riềng,9.9237413,105.2736878,56,Moderate,1,28.9,61,0.0,15.2,119,1009.4,23,18.2,20.8,173.0,10.2,70.0,8.7
2025-03-13 21:00:00,2025,3,13,21,An Giang,Xã Giồng Riềng,9.9237413,105.2736878,57,Moderate,1,27.7,68,0.0,12.6,121,1010.5,99,18.8,21.3,188.0,11.8,59.0,8.9
2025-03-13 22:00:00,2025,3,13,22,An Giang,Xã Giồng Riềng,9.9237413,105.2736878,57,Moderate,1,26.6,74,0.0,9.2,111,1011.0,97,21.0,23.3,199.0,13.7,49.0,9.2
2025-03-13 23:00:00,2025,3,13,23,An Giang,Xã Giồng Riềng,9.9237413,105.2736878,58,Moderate,1,25.9,79,0.0,9.7,102,1011.4,100,23.9,26.3,203.0,16.3,42.0,9.5
2025-03-14 00:00:00,2025,3,14,0,An Giang,Xã Giồng Riềng,9.9237413,105.2736878,58,Moderate,1,25.4,84,0.0,8.0,100,1011.5,0,27.1,29.6,203.0,19.2,37.0,9.9
2025-03-14 01:00:00,2025,3,14,1,An Giang,Xã Giồng Riềng,9.9237413,105.2736878,59,Moderate,1,24.8,89,0.0,7.7,106,1011.2,0,30.2,32.7,201.0,21.7,33.0,10.2
2025-03-14 02:00:00,2025,3,14,2,An Giang,Xã Giồng Riềng,9.9237413,105.2736878,60,Moderate,1,24.5,92,0.0,8.4,106,1010.4,0,32.4,35.0,195.0,23.8,30.0,10.3
2025-03-14 03:00:00,2025,3,14,3,An Giang,Xã Giồng Riềng,9.9237413,105.2736878,61,Moderate,1,24.1,95,0.0,8.9,108,1009.9,6,34.1,36.9,186.0,25.4,28.0,10.2
2025-03-14 04:00:00,2025,3,14,4,An Giang,Xã Giồng Riềng,9.9237413,105.2736878,62,Moderate,1,24.0,97,0.0,8.3,104,1009.8,45,34.7,37.5,183.0,25.5,28.0,10.1
2025-03-14 05:00:00,2025,3,14,5,An Giang,Xã Giồng Riềng,9.9237413,105.2736878,64,Moderate,1,23.9,98,0.0,7.0,93,1010.0,94,34.3,37.1,193.0,23.5,31.0,10.0
2025-03-14 06:00:00,2025,3,14,6,An Giang,Xã Giồng Riềng,9.9237413,105.2736878,65,Moderate,1,23.9,98,0.0,6.4,80,1010.8,97,33.5,36.2,208.0,20.0,36.0,9.8
2025-03-14 07:00:00,2025,3,14,7,An Giang,Xã Giồng Riềng,9.9237413,105.2736878,67,Moderate,1,25.2,90,0.0,10.8,88,1011.7,92,28.9,32.8,213.0,17.1,44.0,9.8
2025-03-14 08:00:00,2025,3,14,8,An Giang,Xã Giồng Riềng,9.9237413,105.2736878,67,Moderate,1,27.7,79,0.0,13.7,92,1012.0,81,23.1,27.0,197.0,13.5,54.0,9.5
2025-03-14 09:00:00,2025,3,14,9,An Giang,Xã Giồng Riềng,9.9237413,105.2736878,68,Moderate,1,29.6,68,0.0,14.5,96,1012.4,100,20.5,24.4,171.0,8.6,67.0,9.1
2025-03-14 10:00:00,2025,3,14,10,An Giang,Xã Giồng Riềng,9.9237413,105.2736878,69,Moderate,1,31.3,59,0.1,13.6,98,1012.7,100,19.3,23.7,151.0,4.7,79.0,8.5
2025-03-14 11:00:00,2025,3,14,11,An Giang,Xã Giồng Riềng,9.9237413,105.2736878,69,Moderate,1,32.7,53,0.0,13.6,97,1012.0,99,17.8,22.3,144.0,2.8,88.0,7.6
2025-03-14 12:00:00,2025,3,14,12,An Giang,Xã Giồng Riềng,9.9237413,105.2736878,70,Moderate,1,34.0,48,0.0,13.6,96,1011.1,100,16.1,20.3,142.0,2.0,97.0,6.6
2025-03-14 13:00:00,2025,3,14,13,An Giang,Xã Giồng Riềng,9.9237413,105.2736878,70,Moderate,1,34.7,45,0.0,13.6,98,1010.1,100,15.1,19.0,141.0,1.6,102.0,5.9
2025-03-14 14:00:00,2025,3,14,14,An Giang,Xã Giồng Riềng,9.9237413,105.2736878,70,Moderate,1,35.1,43,0.0,13.5,100,1008.8,100,14.5,18.0,138.0,1.4,105.0,5.6
2025-03-14 15:00:00,2025,3,14,15,An Giang,Xã Giồng Riềng,9.9237413,105.2736878,71,Moderate,1,34.9,44,0.0,13.4,108,1007.9,100,13.7,16.8,135.0,1.6,104.0,5.6
2025-03-14 16:00:00,2025,3,14,16,An Giang,Xã Giồng Riềng,9.9237413,105.2736878,71,Moderate,1,34.4,44,0.0,13.9,114,1007.6,100,13.2,16.1,136.0,2.5,101.0,5.9
2025-03-14 17:00:00,2025,3,14,17,An Giang,Xã Giồng Riềng,9.9237413,105.2736878,71,Moderate,1,33.6,46,0.0,13.3,111,1007.7,100,12.9,15.6,143.0,4.6,93.0,6.6
2025-03-14 18:00:00,2025,3,14,18,An Giang,Xã Giồng Riềng,9.9237413,105.2736878,72,Moderate,1,32.0,50,0.0,12.0,114,1008.1,95,13.4,15.9,153.0,7.4,81.0,7.7
2025-03-14 19:00:00,2025,3,14,19,An Giang,Xã Giồng Riềng,9.9237413,105.2736878,72,Moderate,1,30.5,54,0.0,14.7,115,1009.1,91,25.1,28.8,163.0,12.3,73.0,9.6
2025-03-14 20:00:00,2025,3,14,20,An Giang,Xã Giồng Riềng,9.9237413,105.2736878,72,Moderate,1,29.7,59,0.0,13.7,120,1010.0,99,26.8,29.9,172.0,13.4,65.0,10.0
2025-03-14 21:00:00,2025,3,14,21,An Giang,Xã Giồng Riềng,9.9237413,105.2736878,73,Moderate,1,28.2,68,0.0,12.3,127,1011.0,40,26.0,28.9,180.0,14.9,55.0,10.5
2025-03-14 22:00:00,2025,3,14,22,An Giang,Xã Giồng Riềng,9.9237413,105.2736878,74,Moderate,1,27.0,76,0.0,10.2,126,1011.9,99,25.1,27.9,184.0,16.3,46.0,10.7
2025-03-14 23:00:00,2025,3,14,23,An Giang,Xã Giồng Riềng,9.9237413,105.2736878,74,Moderate,1,26.2,82,0.0,10.4,126,1012.2,96,25.3,27.9,183.0,17.3,41.0,10.4
2025-03-15 00:00:00,2025,3,15,0,An Giang,Xã Giồng Riềng,9.9237413,105.2736878,74,Moderate,1,25.4,89,0.0,9.8,126,1012.2,98,25.4,28.1,178.0,18.2,39.0,9.8
2025-03-15 01:00:00,2025,3,15,1,An Giang,Xã Giồng Riềng,9.9237413,105.2736878,74,Moderate,1,24.8,94,0.0,8.8,123,1012.0,97,26.3,29.0,173.0,19.0,37.0,9.2
2025-03-15 02:00:00,2025,3,15,2,An Giang,Xã Giồng Riềng,9.9237413,105.2736878,74,Moderate,1,24.4,97,0.0,8.8,121,1011.3,100,26.3,29.3,168.0,19.6,36.0,8.7
2025-03-15 03:00:00,2025,3,15,3,An Giang,Xã Giồng Riềng,9.9237413,105.2736878,73,Moderate,1,24.0,98,0.0,7.7,118,1010.8,99,26.6,29.3,164.0,20.0,35.0,8.2
2025-03-15 04:00:00,2025,3,15,4,An Giang,Xã Giồng Riềng,9.9237413,105.2736878,73,Moderate,1,23.8,99,0.0,5.9,110,1010.5,100,28.2,30.9,166.0,20.4,35.0,8.0
2025-03-15 05:00:00,2025,3,15,5,An Giang,Xã Giồng Riềng,9.9237413,105.2736878,72,Moderate,1,23.9,99,0.0,5.9,108,1010.5,100,28.3,31.1,183.0,21.2,33.0,8.3
2025-03-15 06:00:00,2025,3,15,6,An Giang,Xã Giồng Riềng,9.9237413,105.2736878,72,Moderate,1,23.9,99,0.0,5.8,106,1011.2,100,31.9,34.6,207.0,22.0,30.0,8.8
2025-03-15 07:00:00,2025,3,15,7,An Giang,Xã Giồng Riềng,9.9237413,105.2736878,71,Moderate,1,24.8,94,0.0,9.0,110,1011.5,100,28.0,31.5,218.0,16.2,41.0,8.0
2025-03-15 08:00:00,2025,3,15,8,An Giang,Xã Giồng Riềng,9.9237413,105.2736878,71,Moderate,1,27.1,81,0.0,10.9,112,1012.3,100,22.5,26.1,204.0,12.7,49.0,7.9
2025-03-15 09:00:00,2025,3,15,9,An Giang,Xã Giồng Riềng,9.9237413,105.2736878,71,Moderate,1,29.3,68,0.0,12.4,114,1012.9,100,18.2,22.1,178.0,7.8,61.0,7.9
2025-03-15 10:00:00,2025,3,15,10,An Giang,Xã Giồng Riềng,9.9237413,105.2736878,71,Moderate,1,30.9,60,0.0,10.5,110,1012.9,100,17.6,21.8,158.0,4.1,72.0,7.7
2025-03-15 11:00:00,2025,3,15,11,An Giang,Xã Giồng Riềng,9.9237413,105.2736878,71,Moderate,1,32.7,51,0.0,10.2,107,1012.2,100,18.0,22.5,151.0,2.5,82.0,7.4
2025-03-15 12:00:00,2025,3,15,12,An Giang,Xã Giồng Riềng,9.9237413,105.2736878,71,Moderate,1,34.5,43,0.0,10.3,89,1011.0,98,17.8,22.0,149.0,2.1,91.0,7.0
2025-03-15 13:00:00,2025,3,15,13,An Giang,Xã Giồng Riềng,9.9237413,105.2736878,71,Moderate,1,35.1,43,0.0,11.2,71,1009.8,92,17.2,20.1,149.0,2.0,99.0,6.8
2025-03-15 14:00:00,2025,3,15,14,An Giang,Xã Giồng Riềng,9.9237413,105.2736878,71,Moderate,1,34.5,46,0.1,11.1,74,1008.8,86,18.0,20.1,149.0,1.7,108.0,6.9
2025-03-15 15:00:00,2025,3,15,15,An Giang,Xã Giồng Riềng,9.9237413,105.2736878,72,Moderate,1,34.2,48,0.1,8.3,89,1008.0,89,19.2,21.1,151.0,1.8,115.0,7.3
2025-03-15 16:00:00,2025,3,15,16,An Giang,Xã Giồng Riềng,9.9237413,105.2736878,72,Moderate,1,33.7,49,0.0,8.3,88,1007.6,82,20.0,21.8,158.0,3.0,118.0,7.9
2025-03-15 17:00:00,2025,3,15,17,An Giang,Xã Giồng Riềng,9.9237413,105.2736878,73,Moderate,1,33.0,50,0.1,9.9,105,1007.7,100,20.8,22.5,176.0,6.0,113.0,9.1
2025-03-15 18:00:00,2025,3,15,18,An Giang,Xã Giồng Riềng,9.9237413,105.2736878,73,Moderate,1,31.9,54,0.0,7.4,119,1008.1,78,22.1,23.7,200.0,10.1,103.0,10.5
2025-03-15 19:00:00,2025,3,15,19,An Giang,Xã Giồng Riềng,9.9237413,105.2736878,74,Moderate,1,30.6,59,0.0,5.8,120,1008.8,16,34.5,36.9,214.0,14.7,81.0,11.7
2025-03-15 20:00:00,2025,3,15,20,An Giang,Xã Giồng Riềng,9.9237413,105.2736878,75,Moderate,1,29.2,66,0.0,10.3,139,1010.2,21,37.7,39.6,210.0,16.4,69.0,11.6
2025-03-15 21:00:00,2025,3,15,21,An Giang,Xã Giồng Riềng,9.9237413,105.2736878,76,Moderate,1,28.2,70,0.0,10.0,152,1011.0,25,38.2,40.2,196.0,18.8,53.0,11.5
2025-03-15 22:00:00,2025,3,15,22,An Giang,Xã Giồng Riềng,9.9237413,105.2736878,77,Moderate,1,27.1,75,0.0,7.3,144,1011.3,92,36.3,38.9,188.0,20.5,40.0,11.2
2025-03-15 23:00:00,2025,3,15,23,An Giang,Xã Giồng Riềng,9.9237413,105.2736878,78,Moderate,1,26.2,80,0.0,6.1,135,1011.5,74,33.3,35.7,193.0,20.9,33.0,10.4
2025-03-16 00:00:00,2025,3,16,0,An Giang,Xã Giồng Riềng,9.9237413,105.2736878,79,Moderate,1,25.6,85,0.0,5.8,146,1011.5,2,30.9,33.3,203.0,20.8,30.0,9.5
2025-03-16 01:00:00,2025,3,16,1,An Giang,Xã Giồng Riềng,9.9237413,105.2736878,79,Moderate,1,25.0,91,0.0,5.9,157,1011.3,3,30.6,33.1,212.0,20.6,28.0,8.7
2025-03-16 02:00:00,2025,3,16,2,An Giang,Xã Giồng Riềng,9.9237413,105.2736878,80,Moderate,1,24.5,94,0.0,5.4,138,1010.8,0,30.0,32.9,216.0,20.9,27.0,8.4
2025-03-16 03:00:00,2025,3,16,3,An Giang,Xã Giồng Riềng,9.9237413,105.2736878,80,Moderate,1,24.2,98,0.0,4.5,133,1010.3,2,30.5,33.4,219.0,21.2,27.0,8.4
2025-03-16 04:00:00,2025,3,16,4,An Giang,Xã Giồng Riềng,9.9237413,105.2736878,80,Moderate,1,24.0,99,0.0,4.4,145,1010.1,11,31.3,34.5,221.0,21.0,28.0,8.0
2025-03-16 05:00:00,2025,3,16,5,An Giang,Xã Giồng Riềng,9.9237413,105.2736878,81,Moderate,1,23.9,100,0.0,4.4,148,1010.3,99,34.2,37.8,224.0,20.1,28.0,6.9
2025-03-16 06:00:00,2025,3,16,6,An Giang,Xã Giồng Riềng,9.9237413,105.2736878,81,Moderate,1,24.0,99,0.0,3.0,128,1010.7,100,40.5,44.1,225.0,18.6,29.0,5.5
2025-03-16 07:00:00,2025,3,16,7,An Giang,Xã Giồng Riềng,9.9237413,105.2736878,82,Moderate,1,25.1,93,0.0,7.7,118,1011.4,70,47.1,52.6,220.0,18.8,30.0,6.0
2025-03-16 08:00:00,2025,3,16,8,An Giang,Xã Giồng Riềng,9.9237413,105.2736878,84,Moderate,1,27.5,81,0.0,8.9,122,1012.3,24,33.5,40.3,202.0,14.7,43.0,6.9
2025-03-16 09:00:00,2025,3,16,9,An Giang,Xã Giồng Riềng,9.9237413,105.2736878,85,Moderate,1,29.3,70,0.0,8.0,108,1012.8,11,28.8,36.0,177.0,9.0,61.0,8.0
2025-03-16 10:00:00,2025,3,16,10,An Giang,Xã Giồng Riềng,9.9237413,105.2736878,85,Moderate,1,31.0,60,0.0,8.0,100,1012.4,3,28.1,35.7,160.0,4.6,78.0,8.8
2025-03-16 11:00:00,2025,3,16,11,An Giang,Xã Giồng Riềng,9.9237413,105.2736878,86,Moderate,1,32.5,54,0.0,7.9,103,1011.8,15,28.9,36.4,157.0,2.8,94.0,8.7
2025-03-16 12:00:00,2025,3,16,12,An Giang,Xã Giồng Riềng,9.9237413,105.2736878,87,Moderate,1,33.2,52,0.1,9.0,90,1010.8,28,28.2,33.5,161.0,2.2,110.0,8.2
2025-03-16 13:00:00,2025,3,16,13,An Giang,Xã Giồng Riềng,9.9237413,105.2736878,88,Moderate,1,33.9,50,0.0,9.6,94,1009.7,26,26.3,29.1,165.0,2.1,122.0,7.9
2025-03-16 14:00:00,2025,3,16,14,An Giang,Xã Giồng Riềng,9.9237413,105.2736878,89,Moderate,1,34.0,50,0.0,9.7,93,1008.3,8,25.0,27.2,164.0,2.0,128.0,7.9
2025-03-16 15:00:00,2025,3,16,15,An Giang,Xã Giồng Riềng,9.9237413,105.2736878,90,Moderate,1,34.3,49,0.0,9.8,104,1007.3,29,24.3,26.3,162.0,2.3,131.0,8.1
2025-03-16 16:00:00,2025,3,16,16,An Giang,Xã Giồng Riềng,9.9237413,105.2736878,90,Moderate,1,33.5,51,0.0,12.5,122,1007.0,97,22.6,24.1,167.0,3.1,128.0,8.2
2025-03-16 17:00:00,2025,3,16,17,An Giang,Xã Giồng Riềng,9.9237413,105.2736878,90,Moderate,1,32.3,52,0.0,12.3,143,1007.1,32,20.6,22.0,182.0,4.7,118.0,8.1
2025-03-16 18:00:00,2025,3,16,18,An Giang,Xã Giồng Riềng,9.9237413,105.2736878,90,Moderate,1,31.2,57,0.0,2.4,126,1007.8,100,20.9,22.4,203.0,7.0,103.0,8.0
2025-03-16 19:00:00,2025,3,16,19,An Giang,Xã Giồng Riềng,9.9237413,105.2736878,90,Moderate,1,29.0,66,0.0,3.9,283,1009.0,100,32.9,36.1,223.0,9.5,94.0,9.3
2025-03-16 20:00:00,2025,3,16,20,An Giang,Xã Giồng Riềng,9.9237413,105.2736878,90,Moderate,1,26.9,85,0.0,4.9,197,1009.7,100,33.5,36.1,240.0,9.5,88.0,9.0
2025-03-16 21:00:00,2025,3,16,21,An Giang,Xã Giồng Riềng,9.9237413,105.2736878,90,Moderate,1,26.9,85,0.0,5.0,150,1010.5,99,33.5,36.1,255.0,9.8,79.0,8.6
2025-03-16 22:00:00,2025,3,16,22,An Giang,Xã Giồng Riềng,9.9237413,105.2736878,89,Moderate,1,27.1,82,0.0,5.3,156,1011.4,83,34.1,36.4,264.0,12.4,68.0,8.6
2025-03-16 23:00:00,2025,3,16,23,An Giang,Xã Giồng Riềng,9.9237413,105.2736878,89,Moderate,1,25.6,86,0.0,3.9,127,1011.9,84,41.9,44.4,264.0,19.3,54.0,9.4
2025-03-17 00:00:00,2025,3,17,0,An Giang,Xã Giồng Riềng,9.9237413,105.2736878,90,Moderate,1,25.0,87,0.0,3.1,144,1011.5,100,50.5,52.6,259.0,28.5,39.0,10.5
2025-03-17 01:00:00,2025,3,17,1,An Giang,Xã Giồng Riềng,9.9237413,105.2736878,92,Moderate,1,24.5,88,0.0,1.0,211,1011.0,100,63.6,66.1,255.0,35.7,26.0,11.4
2025-03-17 02:00:00,2025,3,17,2,An Giang,Xã Giồng Riềng,9.9237413,105.2736878,95,Moderate,1,24.3,89,0.0,0.3,315,1011.1,97,70.1,73.3,251.0,39.4,18.0,11.6
2025-03-17 03:00:00,2025,3,17,3,An Giang,Xã Giồng Riềng,9.9237413,105.2736878,98,Moderate,1,24.0,92,0.0,1.6,27,1010.8,77,67.1,70.3,248.0,41.3,12.0,11.5
2025-03-17 04:00:00,2025,3,17,4,An Giang,Xã Giồng Riềng,9.9237413,105.2736878,102,Unhealthy for Sensitive Groups,2,23.5,94,0.0,3.1,7,1010.7,98,66.8,70.1,254.0,41.7,10.0,11.6
2025-03-17 05:00:00,2025,3,17,5,An Giang,Xã Giồng Riềng,9.9237413,105.2736878,105,Unhealthy for Sensitive Groups,2,23.3,96,0.0,1.9,319,1010.9,88,73.1,76.4,285.0,41.3,9.0,12.4
2025-03-17 06:00:00,2025,3,17,6,An Giang,Xã Giồng Riềng,9.9237413,105.2736878,109,Unhealthy for Sensitive Groups,2,23.1,98,0.0,3.8,349,1011.3,55,77.8,80.8,325.0,39.5,11.0,13.5
2025-03-17 07:00:00,2025,3,17,7,An Giang,Xã Giồng Riềng,9.9237413,105.2736878,113,Unhealthy for Sensitive Groups,2,24.2,92,0.0,3.2,71,1011.5,26,70.5,73.1,339.0,37.2,19.0,14.7
2025-03-17 08:00:00,2025,3,17,8,An Giang,Xã Giồng Riềng,9.9237413,105.2736878,116,Unhealthy for Sensitive Groups,2,27.5,76,0.0,6.9,118,1011.9,98,26.4,31.2,301.0,27.9,40.0,13.0
2025-03-17 09:00:00,2025,3,17,9,An Giang,Xã Giồng Riềng,9.9237413,105.2736878,115,Unhealthy for Sensitive Groups,2,29.5,67,0.0,14.4,100,1012.6,100,21.0,25.6,237.0,15.0,70.0,10.7
2025-03-17 10:00:00,2025,3,17,10,An Giang,Xã Giồng Riềng,9.9237413,105.2736878,114,Unhealthy for Sensitive Groups,2,31.2,58,0.0,14.3,96,1012.5,100,20.8,25.4,192.0,5.4,96.0,8.9
2025-03-17 11:00:00,2025,3,17,11,An Giang,Xã Giồng Riềng,9.9237413,105.2736878,113,Unhealthy for Sensitive Groups,2,32.5,51,0.0,13.7,87,1011.9,92,17.8,20.1,185.0,2.2,115.0,8.0
2025-03-17 12:00:00,2025,3,17,12,An Giang,Xã Giồng Riềng,9.9237413,105.2736878,112,Unhealthy for Sensitive Groups,2,33.5,49,0.0,12.0,68,1010.9,23,17.9,19.2,197.0,2.3,129.0,7.6
2025-03-17 13:00:00,2025,3,17,13,An Giang,Xã Giồng Riềng,9.9237413,105.2736878,111,Unhealthy for Sensitive Groups,2,34.2,49,0.0,12.1,60,1009.8,38,19.2,20.4,209.0,2.8,141.0,7.4
2025-03-17 14:00:00,2025,3,17,14,An Giang,Xã Giồng Riềng,9.9237413,105.2736878,110,Unhealthy for Sensitive Groups,2,34.1,49,0.0,12.2,62,1008.8,58,21.0,22.1,215.0,2.8,150.0,7.1
2025-03-17 15:00:00,2025,3,17,15,An Giang,Xã Giồng Riềng,9.9237413,105.2736878,110,Unhealthy for Sensitive Groups,2,33.8,51,0.0,10.4,67,1007.9,100,24.2,25.4,222.0,3.3,155.0,7.0
2025-03-17 16:00:00,2025,3,17,16,An Giang,Xã Giồng Riềng,9.9237413,105.2736878,110,Unhealthy for Sensitive Groups,2,29.0,76,1.9,10.6,317,1008.5,87,27.1,28.1,228.0,4.7,155.0,7.4
2025-03-17 17:00:00,2025,3,17,17,An Giang,Xã Giồng Riềng,9.9237413,105.2736878,110,Unhealthy for Sensitive Groups,2,28.2,75,1.3,2.0,100,1008.9,82,29.0,30.2,233.0,7.5,150.0,8.6
2025-03-17 18:00:00,2025,3,17,18,An Giang,Xã Giồng Riềng,9.9237413,105.2736878,111,Unhealthy for Sensitive Groups,2,25.9,86,0.7,11.4,211,1009.6,66,31.3,32.2,238.0,11.1,140.0,10.3
2025-03-17 19:00:00,2025,3,17,19,An Giang,Xã Giồng Riềng,9.9237413,105.2736878,112,Unhealthy for Sensitive Groups,2,25.4,89,0.2,5.9,140,1010.3,73,46.0,47.3,247.0,13.1,124.0,11.3
2025-03-17 20:00:00,2025,3,17,20,An Giang,Xã Giồng Riềng,9.9237413,105.2736878,114,Unhealthy for Sensitive Groups,2,25.9,91,0.1,7.2,112,1010.9,58,45.8,47.0,267.0,14.7,110.0,12.4
2025-03-17 21:00:00,2025,3,17,21,An Giang,Xã Giồng Riềng,9.9237413,105.2736878,115,Unhealthy for Sensitive Groups,2,25.7,88,0.1,8.4,100,1011.9,91,43.4,44.6,291.0,17.0,90.0,13.7
2025-03-17 22:00:00,2025,3,17,22,An Giang,Xã Giồng Riềng,9.9237413,105.2736878,116,Unhealthy for Sensitive Groups,2,25.0,91,0.0,7.6,109,1012.1,100,40.7,42.1,306.0,18.6,73.0,14.2
2025-03-17 23:00:00,2025,3,17,23,An Giang,Xã Giồng Riềng,9.9237413,105.2736878,117,Unhealthy for Sensitive Groups,2,24.8,90,0.0,8.3,123,1012.1,100,34.1,35.6,305.0,18.8,61.0,12.9
2025-03-18 00:00:00,2025,3,18,0,An Giang,Xã Giồng Riềng,9.9237413,105.2736878,116,Unhealthy for Sensitive Groups,2,24.8,91,0.1,4.5,92,1012.4,100,28.5,30.9,296.0,18.2,51.0,10.7
2025-03-18 01:00:00,2025,3,18,1,An Giang,Xã Giồng Riềng,9.9237413,105.2736878,114,Unhealthy for Sensitive Groups,2,24.6,94,0.2,2.6,78,1012.0,99,26.1,28.4,286.0,18.1,45.0,9.0
2025-03-18 02:00:00,2025,3,18,2,An Giang,Xã Giồng Riềng,9.9237413,105.2736878,110,Unhealthy for Sensitive Groups,2,24.6,92,0.1,10.6,88,1011.6,100,23.0,25.3,273.0,18.7,44.0,8.3
2025-03-18 03:00:00,2025,3,18,3,An Giang,Xã Giồng Riềng,9.9237413,105.2736878,105,Unhealthy for Sensitive Groups,2,24.1,92,0.2,10.4,105,1010.8,100,24.8,26.8,260.0,19.7,45.0,8.0
2025-03-18 04:00:00,2025,3,18,4,An Giang,Xã Giồng Riềng,9.9237413,105.2736878,100,Moderate,1,24.2,91,0.1,5.9,110,1010.8,96,28.0,30.0,258.0,21.0,46.0,8.2
2025-03-18 05:00:00,2025,3,18,5,An Giang,Xã Giồng Riềng,9.9237413,105.2736878,97,Moderate,1,23.9,94,0.0,4.6,129,1011.0,100,34.0,35.7,280.0,23.7,41.0,9.0
2025-03-18 06:00:00,2025,3,18,6,An Giang,Xã Giồng Riềng,9.9237413,105.2736878,93,Moderate,1,24.1,92,0.0,5.2,110,1011.7,100,38.5,40.7,315.0,26.8,34.0,10.3
2025-03-18 07:00:00,2025,3,18,7,An Giang,Xã Giồng Riềng,9.9237413,105.2736878,90,Moderate,1,25.0,90,0.0,6.9,85,1012.2,100,50.8,53.1,339.0,30.8,30.0,11.8
2025-03-18 08:00:00,2025,3,18,8,An Giang,Xã Giồng Riềng,9.9237413,105.2736878,88,Moderate,1,27.0,76,0.4,12.1,69,1013.5,100,28.2,31.4,343.0,23.9,53.0,11.7
2025-03-18 09:00:00,2025,3,18,9,An Giang,Xã Giồng Riềng,9.9237413,105.2736878,88,Moderate,1,27.6,77,0.2,12.6,79,1013.8,100,23.5,27.0,337.0,14.3,85.0,11.5
2025-03-18 10:00:00,2025,3,18,10,An Giang,Xã Giồng Riềng,9.9237413,105.2736878,89,Moderate,1,29.9,69,0.0,13.4,79,1013.6,97,22.5,25.3,331.0,6.9,114.0,11.1
2025-03-18 11:00:00,2025,3,18,11,An Giang,Xã Giồng Riềng,9.9237413,105.2736878,89,Moderate,1,31.2,62,0.0,12.8,56,1012.6,65,21.8,22.9,328.0,4.0,137.0,10.2
2025-03-18 12:00:00,2025,3,18,12,An Giang,Xã Giồng Riềng,9.9237413,105.2736878,89,Moderate,1,32.2,57,0.0,15.2,46,1011.7,100,23.1,24.0,324.0,3.3,158.0,9.0
2025-03-18 13:00:00,2025,3,18,13,An Giang,Xã Giồng Riềng,9.9237413,105.2736878,90,Moderate,1,31.4,59,0.0,11.8,44,1010.7,64,24.4,25.4,321.0,3.1,172.0,8.0
2025-03-18 14:00:00,2025,3,18,14,An Giang,Xã Giồng Riềng,9.9237413,105.2736878,90,Moderate,1,32.9,55,0.2,13.0,52,1009.4,67,25.6,26.7,316.0,2.9,180.0,7.2
2025-03-18 15:00:00,2025,3,18,15,An Giang,Xã Giồng Riềng,9.9237413,105.2736878,90,Moderate,1,33.0,53,0.0,12.7,67,1008.9,52,27.1,28.2,310.0,3.1,181.0,6.6
2025-03-18 16:00:00,2025,3,18,16,An Giang,Xã Giồng Riềng,9.9237413,105.2736878,96,Moderate,1,32.9,54,0.0,10.3,78,1008.8,33,30.3,31.4,311.0,4.1,177.0,6.6
2025-03-18 17:00:00,2025,3,18,17,An Giang,Xã Giồng Riềng,9.9237413,105.2736878,123,Unhealthy for Sensitive Groups,2,31.5,58,0.0,8.7,72,1009.1,27,28.6,29.7,326.0,6.1,165.0,7.8
2025-03-18 18:00:00,2025,3,18,18,An Giang,Xã Giồng Riềng,9.9237413,105.2736878,140,Unhealthy for Sensitive Groups,2,28.2,74,0.4,10.1,27,1009.6,15,28.6,29.5,347.0,8.8,148.0,9.6
2025-03-18 19:00:00,2025,3,18,19,An Giang,Xã Giồng Riềng,9.9237413,105.2736878,147,Unhealthy for Sensitive Groups,2,27.0,80,0.1,12.5,51,1010.6,70,37.8,39.1,358.0,12.2,144.0,12.7
2025-03-18 20:00:00,2025,3,18,20,An Giang,Xã Giồng Riềng,9.9237413,105.2736878,148,Unhealthy for Sensitive Groups,2,27.2,79,0.0,10.0,123,1011.4,95,34.1,35.7,348.0,12.5,126.0,11.7
2025-03-18 21:00:00,2025,3,18,21,An Giang,Xã Giồng Riềng,9.9237413,105.2736878,142,Unhealthy for Sensitive Groups,2,27.5,77,0.0,12.0,116,1012.1,39,27.6,29.3,328.0,12.8,101.0,10.4
2025-03-18 22:00:00,2025,3,18,22,An Giang,Xã Giồng Riềng,9.9237413,105.2736878,126,Unhealthy for Sensitive Groups,2,27.0,75,0.0,15.4,119,1012.3,55,25.5,28.0,312.0,13.3,82.0,9.3
2025-03-18 23:00:00,2025,3,18,23,An Giang,Xã Giồng Riềng,9.9237413,105.2736878,106,Unhealthy for Sensitive Groups,2,26.2,77,0.0,15.4,120,1012.9,68,24.4,26.8,305.0,13.8,76.0,8.6
2025-03-19 00:00:00,2025,3,19,0,An Giang,Xã Giồng Riềng,9.9237413,105.2736878,85,Moderate,1,26.0,77,0.0,15.5,112,1013.0,100,24.4,26.7,302.0,14.3,76.0,8.1
2025-03-19 01:00:00,2025,3,19,1,An Giang,Xã Giồng Riềng,9.9237413,105.2736878,85,Moderate,1,25.8,78,0.0,13.7,107,1012.3,100,25.7,27.9,301.0,15.3,75.0,7.9
2025-03-19 02:00:00,2025,3,19,2,An Giang,Xã Giồng Riềng,9.9237413,105.2736878,85,Moderate,1,25.5,80,0.0,11.5,98,1012.0,100,26.4,28.8,301.0,16.9,71.0,7.8
2025-03-19 03:00:00,2025,3,19,3,An Giang,Xã Giồng Riềng,9.9237413,105.2736878,85,Moderate,1,25.0,82,0.0,8.2,82,1011.8,100,28.2,30.5,304.0,19.0,66.0,7.8
2025-03-19 04:00:00,2025,3,19,4,An Giang,Xã Giồng Riềng,9.9237413,105.2736878,86,Moderate,1,24.6,86,0.0,7.1,63,1012.1,100,31.8,34.0,311.0,20.9,61.0,8.6
2025-03-19 05:00:00,2025,3,19,5,An Giang,Xã Giồng Riềng,9.9237413,105.2736878,86,Moderate,1,24.2,90,0.0,7.7,57,1012.5,99,37.0,39.2,327.0,23.5,54.0,10.7
2025-03-19 06:00:00,2025,3,19,6,An Giang,Xã Giồng Riềng,9.9237413,105.2736878,86,Moderate,1,24.1,93,0.0,7.5,50,1013.2,88,43.7,46.1,348.0,25.9,47.0,13.5
2025-03-19 07:00:00,2025,3,19,7,An Giang,Xã Giồng Riềng,9.9237413,105.2736878,87,Moderate,1,25.2,87,0.1,13.0,46,1014.0,100,31.7,34.2,365.0,19.1,64.0,12.4
2025-03-19 08:00:00,2025,3,19,8,An Giang,Xã Giồng Riềng,9.9237413,105.2736878,85,Moderate,1,25.8,86,0.0,12.0,41,1014.6,99,33.1,35.6,374.0,16.7,83.0,14.0
2025-03-19 09:00:00,2025,3,19,9,An Giang,Xã Giồng Riềng,9.9237413,105.2736878,85,Moderate,1,28.3,72,0.0,13.1,36,1015.2,100,32.4,33.5,379.0,13.4,111.0,16.0
2025-03-19 10:00:00,2025,3,19,10,An Giang,Xã Giồng Riềng,9.9237413,105.2736878,86,Moderate,1,30.2,61,0.0,13.8,48,1015.3,100,33.3,34.5,382.0,10.2,136.0,16.8
2025-03-19 11:00:00,2025,3,19,11,An Giang,Xã Giồng Riềng,9.9237413,105.2736878,87,Moderate,1,31.3,56,0.0,13.7,51,1015.0,98,33.2,34.5,383.0,7.4,158.0,15.1
2025-03-19 12:00:00,2025,3,19,12,An Giang,Xã Giồng Riềng,9.9237413,105.2736878,88,Moderate,1,32.5,50,0.0,13.1,52,1014.1,100,33.4,35.2,381.0,4.9,178.0,12.1
2025-03-19 13:00:00,2025,3,19,13,An Giang,Xã Giồng Riềng,9.9237413,105.2736878,89,Moderate,1,33.4,45,0.0,13.0,53,1012.9,100,31.3,33.1,379.0,3.1,191.0,9.6
2025-03-19 14:00:00,2025,3,19,14,An Giang,Xã Giồng Riềng,9.9237413,105.2736878,90,Moderate,1,33.5,45,0.0,13.0,46,1011.9,45,30.3,32.2,375.0,2.1,195.0,8.2
2025-03-19 15:00:00,2025,3,19,15,An Giang,Xã Giồng Riềng,9.9237413,105.2736878,104,Unhealthy for Sensitive Groups,2,33.5,45,0.0,12.3,40,1010.9,31,29.6,31.7,370.0,1.9,192.0,7.4
2025-03-19 16:00:00,2025,3,19,16,An Giang,Xã Giồng Riềng,9.9237413,105.2736878,131,Unhealthy for Sensitive Groups,2,33.2,45,0.0,10.0,34,1010.5,9,28.7,30.6,370.0,3.3,184.0,7.4
2025-03-19 17:00:00,2025,3,19,17,An Giang,Xã Giồng Riềng,9.9237413,105.2736878,152,Unhealthy,3,32.9,45,0.0,10.2,45,1010.5,56,28.1,29.8,377.0,7.4,169.0,8.5
2025-03-19 18:00:00,2025,3,19,18,An Giang,Xã Giồng Riềng,9.9237413,105.2736878,161,Unhealthy,3,31.2,51,0.0,7.8,53,1010.8,19,30.6,32.0,389.0,13.0,148.0,10.4
2025-03-19 19:00:00,2025,3,19,19,An Giang,Xã Giồng Riềng,9.9237413,105.2736878,163,Unhealthy,3,29.5,55,0.0,6.3,77,1011.5,3,39.7,40.7,402.0,15.0,125.0,10.1
2025-03-19 20:00:00,2025,3,19,20,An Giang,Xã Giồng Riềng,9.9237413,105.2736878,158,Unhealthy,3,28.5,65,0.0,3.3,61,1012.9,20,49.4,50.2,420.0,16.9,116.0,11.5
2025-03-19 21:00:00,2025,3,19,21,An Giang,Xã Giồng Riềng,9.9237413,105.2736878,147,Unhealthy for Sensitive Groups,2,27.5,66,0.0,6.3,105,1013.1,2,53.2,54.0,440.0,19.6,103.0,13.3
2025-03-19 22:00:00,2025,3,19,22,An Giang,Xã Giồng Riềng,9.9237413,105.2736878,129,Unhealthy for Sensitive Groups,2,27.1,68,0.0,13.6,113,1014.1,59,51.5,52.3,445.0,21.5,91.0,14.2
2025-03-19 23:00:00,2025,3,19,23,An Giang,Xã Giồng Riềng,9.9237413,105.2736878,106,Unhealthy for Sensitive Groups,2,26.1,73,0.0,7.5,110,1014.7,100,47.0,48.1,423.0,21.4,84.0,13.2
2025-03-20 00:00:00,2025,3,20,0,An Giang,Xã Giồng Riềng,9.9237413,105.2736878,98,Moderate,1,25.5,77,0.0,5.0,105,1014.3,100,44.2,45.4,387.0,20.5,78.0,11.3
2025-03-20 01:00:00,2025,3,20,1,An Giang,Xã Giồng Riềng,9.9237413,105.2736878,100,Moderate,1,24.9,81,0.0,5.9,90,1014.1,100,44.7,46.0,360.0,21.7,70.0,10.0
2025-03-20 02:00:00,2025,3,20,2,An Giang,Xã Giồng Riềng,9.9237413,105.2736878,102,Unhealthy for Sensitive Groups,2,24.5,83,0.0,6.7,56,1013.8,99,49.9,51.3,349.0,27.3,57.0,10.1
2025-03-20 03:00:00,2025,3,20,3,An Giang,Xã Giồng Riềng,9.9237413,105.2736878,105,Unhealthy for Sensitive Groups,2,24.2,86,0.0,6.1,71,1013.3,100,62.4,64.5,348.0,34.8,41.0,10.9
2025-03-20 04:00:00,2025,3,20,4,An Giang,Xã Giồng Riềng,9.9237413,105.2736878,108,Unhealthy for Sensitive Groups,2,23.9,89,0.0,5.0,60,1013.3,97,72.4,74.7,357.0,39.7,31.0,11.8
2025-03-20 05:00:00,2025,3,20,5,An Giang,Xã Giồng Riềng,9.9237413,105.2736878,112,Unhealthy for Sensitive Groups,2,23.4,92,0.0,8.1,24,1013.8,99,77.5,79.9,385.0,40.3,28.0,13.0
2025-03-20 06:00:00,2025,3,20,6,An Giang,Xã Giồng Riềng,9.9237413,105.2736878,117,Unhealthy for Sensitive Groups,2,23.2,94,0.0,5.2,49,1014.7,100,77.1,78.5,423.0,38.1,29.0,14.3
2025-03-20 07:00:00,2025,3,20,7,An Giang,Xã Giồng Riềng,9.9237413,105.2736878,120,Unhealthy for Sensitive Groups,2,24.4,89,0.0,7.3,36,1015.2,100,60.1,61.7,448.0,36.4,43.0,15.8
2025-03-20 08:00:00,2025,3,20,8,An Giang,Xã Giồng Riềng,9.9237413,105.2736878,123,Unhealthy for Sensitive Groups,2,26.0,63,0.0,15.6,33,1015.9,100,46.9,47.4,447.0,29.4,65.0,15.7
2025-03-20 09:00:00,2025,3,20,9,An Giang,Xã Giồng Riềng,9.9237413,105.2736878,124,Unhealthy for Sensitive Groups,2,26.9,56,0.0,15.9,39,1016.3,100,37.3,37.8,434.0,19.6,97.0,15.5
2025-03-20 10:00:00,2025,3,20,10,An Giang,Xã Giồng Riềng,9.9237413,105.2736878,125,Unhealthy for Sensitive Groups,2,28.4,52,0.0,13.7,51,1016.5,99,34.8,35.4,421.0,11.7,127.0,15.2
2025-03-20 11:00:00,2025,3,20,11,An Giang,Xã Giồng Riềng,9.9237413,105.2736878,125,Unhealthy for Sensitive Groups,2,30.1,48,0.0,9.9,53,1016.1,100,34.6,35.4,415.0,7.6,153.0,14.7
2025-03-20 12:00:00,2025,3,20,12,An Giang,Xã Giồng Riềng,9.9237413,105.2736878,125,Unhealthy for Sensitive Groups,2,31.6,45,0.0,8.8,39,1014.9,99,35.0,36.0,410.0,5.4,177.0,14.2
2025-03-20 13:00:00,2025,3,20,13,An Giang,Xã Giồng Riềng,9.9237413,105.2736878,125,Unhealthy for Sensitive Groups,2,32.6,41,0.0,9.3,41,1013.8,81,34.8,36.0,405.0,4.0,194.0,13.6
2025-03-20 14:00:00,2025,3,20,14,An Giang,Xã Giồng Riềng,9.9237413,105.2736878,126,Unhealthy for Sensitive Groups,2,33.3,40,0.0,8.8,43,1012.6,98,34.7,36.2,395.0,3.0,203.0,12.9
2025-03-20 15:00:00,2025,3,20,15,An Giang,Xã Giồng Riềng,9.9237413,105.2736878,126,Unhealthy for Sensitive Groups,2,33.7,38,0.0,8.8,49,1011.5,100,34.7,36.4,384.0,2.8,206.0,12.1
2025-03-20 16:00:00,2025,3,20,16,An Giang,Xã Giồng Riềng,9.9237413,105.2736878,127,Unhealthy for Sensitive Groups,2,33.6,37,0.0,9.2,59,1011.1,87,35.4,37.0,382.0,4.1,203.0,12.1
2025-03-20 17:00:00,2025,3,20,17,An Giang,Xã Giồng Riềng,9.9237413,105.2736878,154,Unhealthy,3,33.0,39,0.0,8.9,54,1011.1,100,36.3,37.8,397.0,7.9,191.0,13.4
2025-03-20 18:00:00,2025,3,20,18,An Giang,Xã Giồng Riềng,9.9237413,105.2736878,169,Unhealthy,3,30.9,48,0.0,10.1,27,1011.6,91,39.7,41.1,421.0,13.2,173.0,15.4
2025-03-20 19:00:00,2025,3,20,19,An Giang,Xã Giồng Riềng,9.9237413,105.2736878,177,Unhealthy,3,29.2,53,0.0,5.6,358,1012.2,100,57.3,58.6,433.0,16.8,129.0,14.1
2025-03-20 20:00:00,2025,3,20,20,An Giang,Xã Giồng Riềng,9.9237413,105.2736878,173,Unhealthy,3,28.0,62,0.0,10.8,159,1014.2,100,69.2,70.5,423.0,17.9,123.0,15.6
2025-03-20 21:00:00,2025,3,20,21,An Giang,Xã Giồng Riềng,9.9237413,105.2736878,164,Unhealthy,3,27.2,67,0.0,10.2,159,1015.1,100,71.0,72.2,401.0,19.3,114.0,17.6
2025-03-20 22:00:00,2025,3,20,22,An Giang,Xã Giồng Riềng,9.9237413,105.2736878,151,Unhealthy,3,26.5,71,0.0,9.8,139,1015.9,100,66.4,67.5,382.0,20.2,104.0,18.1
2025-03-20 23:00:00,2025,3,20,23,An Giang,Xã Giồng Riềng,9.9237413,105.2736878,137,Unhealthy for Sensitive Groups,2,26.0,74,0.0,6.5,146,1015.9,100,55.9,57.2,369.0,19.5,94.0,15.8
2025-03-21 00:00:00,2025,3,21,0,An Giang,Xã Giồng Riềng,9.9237413,105.2736878,138,Unhealthy for Sensitive Groups,2,25.4,77,0.0,4.1,139,1015.4,100,45.2,46.7,357.0,18.2,82.0,12.1
2025-03-21 01:00:00,2025,3,21,1,An Giang,Xã Giồng Riềng,9.9237413,105.2736878,138,Unhealthy for Sensitive Groups,2,25.0,79,0.0,2.5,90,1014.7,100,39.1,40.7,352.0,18.8,71.0,9.4
2025-03-21 02:00:00,2025,3,21,2,An Giang,Xã Giồng Riềng,9.9237413,105.2736878,137,Unhealthy for Sensitive Groups,2,24.6,80,0.0,3.8,79,1014.0,100,39.2,41.4,353.0,22.8,59.0,8.6
2025-03-21 03:00:00,2025,3,21,3,An Giang,Xã Giồng Riềng,9.9237413,105.2736878,136,Unhealthy for Sensitive Groups,2,24.2,82,0.0,4.4,52,1013.3,100,45.1,47.5,360.0,28.6,48.0,8.9
2025-03-21 04:00:00,2025,3,21,4,An Giang,Xã Giồng Riềng,9.9237413,105.2736878,134,Unhealthy for Sensitive Groups,2,24.0,83,0.0,4.9,36,1013.4,99,58.0,60.8,373.0,33.7,39.0,9.9
2025-03-21 05:00:00,2025,3,21,5,An Giang,Xã Giồng Riềng,9.9237413,105.2736878,133,Unhealthy for Sensitive Groups,2,23.4,86,0.0,3.9,22,1013.8,100,71.5,74.3,396.0,38.6,30.0,12.0
2025-03-21 06:00:00,2025,3,21,6,An Giang,Xã Giồng Riềng,9.9237413,105.2736878,132,Unhealthy for Sensitive Groups,2,23.2,87,0.0,8.3,14,1014.0,100,81.7,84.8,425.0,42.7,24.0,14.9
2025-03-21 07:00:00,2025,3,21,7,An Giang,Xã Giồng Riềng,9.9237413,105.2736878,132,Unhealthy for Sensitive Groups,2,24.1,85,0.0,8.7,14,1014.8,100,92.9,95.2,444.0,42.1,31.0,16.1
2025-03-21 08:00:00,2025,3,21,8,An Giang,Xã Giồng Riềng,9.9237413,105.2736878,136,Unhealthy for Sensitive Groups,2,26.2,75,0.0,11.4,15,1016.2,100,75.7,77.8,445.0,32.4,72.0,16.9
2025-03-21 09:00:00,2025,3,21,9,An Giang,Xã Giồng Riềng,9.9237413,105.2736878,139,Unhealthy for Sensitive Groups,2,28.1,61,0.0,11.7,18,1016.7,49,58.4,60.1,436.0,19.0,129.0,18.0
2025-03-21 10:00:00,2025,3,21,10,An Giang,Xã Giồng Riềng,9.9237413,105.2736878,141,Unhealthy for Sensitive Groups,2,30.1,51,0.0,10.8,26,1016.8,84,56.2,57.9,426.0,8.8,171.0,18.1
2025-03-21 11:00:00,2025,3,21,11,An Giang,Xã Giồng Riềng,9.9237413,105.2736878,143,Unhealthy for Sensitive Groups,2,31.6,45,0.0,12.7,33,1015.9,75,54.5,56.2,417.0,5.1,185.0,16.4
2025-03-21 12:00:00,2025,3,21,12,An Giang,Xã Giồng Riềng,9.9237413,105.2736878,145,Unhealthy for Sensitive Groups,2,32.8,41,0.0,13.5,34,1014.6,36,50.1,51.9,406.0,4.6,185.0,13.8
2025-03-21 13:00:00,2025,3,21,13,An Giang,Xã Giồng Riềng,9.9237413,105.2736878,147,Unhealthy for Sensitive Groups,2,33.7,40,0.0,12.2,41,1013.3,81,45.4,47.5,396.0,4.5,184.0,11.7
2025-03-21 14:00:00,2025,3,21,14,An Giang,Xã Giồng Riềng,9.9237413,105.2736878,148,Unhealthy for Sensitive Groups,2,33.9,39,0.0,12.5,40,1012.0,100,42.0,44.4,385.0,3.5,188.0,10.6
2025-03-21 15:00:00,2025,3,21,15,An Giang,Xã Giồng Riềng,9.9237413,105.2736878,149,Unhealthy for Sensitive Groups,2,34.0,39,0.0,12.8,39,1011.0,72,41.1,43.4,375.0,3.0,190.0,10.0
2025-03-21 16:00:00,2025,3,21,16,An Giang,Xã Giồng Riềng,9.9237413,105.2736878,150,Unhealthy for Sensitive Groups,2,33.2,42,0.0,12.2,53,1010.5,98,40.9,43.2,372.0,4.3,187.0,10.1
2025-03-21 17:00:00,2025,3,21,17,An Giang,Xã Giồng Riềng,9.9237413,105.2736878,164,Unhealthy,3,32.5,44,0.0,11.5,40,1010.7,100,41.4,43.8,385.0,9.1,173.0,11.5
2025-03-21 18:00:00,2025,3,21,18,An Giang,Xã Giồng Riềng,9.9237413,105.2736878,171,Unhealthy,3,31.2,48,0.0,6.8,42,1011.5,99,46.2,48.2,405.0,15.8,154.0,13.6
2025-03-21 19:00:00,2025,3,21,19,An Giang,Xã Giồng Riềng,9.9237413,105.2736878,168,Unhealthy,3,29.8,53,0.0,6.9,9,1012.1,90,62.6,64.5,412.0,19.5,124.0,13.7
2025-03-21 20:00:00,2025,3,21,20,An Giang,Xã Giồng Riềng,9.9237413,105.2736878,158,Unhealthy,3,28.5,58,0.0,8.7,356,1013.3,100,77.1,78.7,393.0,23.4,109.0,15.3
2025-03-21 21:00:00,2025,3,21,21,An Giang,Xã Giồng Riềng,9.9237413,105.2736878,151,Unhealthy,3,28.0,61,0.0,3.6,123,1014.0,100,86.4,87.8,362.0,28.4,89.0,17.3
2025-03-21 22:00:00,2025,3,21,22,An Giang,Xã Giồng Riềng,9.9237413,105.2736878,151,Unhealthy,3,27.2,69,0.0,12.9,130,1014.7,100,82.9,84.5,337.0,30.5,76.0,17.8
2025-03-21 23:00:00,2025,3,21,23,An Giang,Xã Giồng Riềng,9.9237413,105.2736878,151,Unhealthy,3,26.5,75,0.0,11.5,124,1014.7,100,68.2,69.8,326.0,26.4,77.0,15.2
2025-03-22 00:00:00,2025,3,22,0,An Giang,Xã Giồng Riềng,9.9237413,105.2736878,152,Unhealthy,3,26.1,74,0.0,10.9,136,1014.0,100,48.7,50.4,321.0,19.2,84.0,11.0
2025-03-22 01:00:00,2025,3,22,1,An Giang,Xã Giồng Riềng,9.9237413,105.2736878,152,Unhealthy,3,25.9,75,0.0,11.4,116,1013.2,100,38.3,40.3,317.0,14.3,89.0,7.9
2025-03-22 02:00:00,2025,3,22,2,An Giang,Xã Giồng Riềng,9.9237413,105.2736878,152,Unhealthy,3,25.5,77,0.0,10.3,106,1012.5,100,36.1,38.4,308.0,14.0,86.0,6.9
2025-03-22 03:00:00,2025,3,22,3,An Giang,Xã Giồng Riềng,9.9237413,105.2736878,152,Unhealthy,3,25.2,77,0.0,9.1,97,1011.8,100,37.5,39.8,300.0,15.9,80.0,6.9
2025-03-22 04:00:00,2025,3,22,4,An Giang,Xã Giồng Riềng,9.9237413,105.2736878,151,Unhealthy,3,24.9,77,0.0,7.3,74,1011.8,63,40.0,42.4,299.0,18.1,74.0,7.4
2025-03-22 05:00:00,2025,3,22,5,An Giang,Xã Giồng Riềng,9.9237413,105.2736878,151,Unhealthy,3,24.2,81,0.0,7.0,18,1012.2,40,43.7,45.9,311.0,20.8,65.0,8.2
2025-03-22 06:00:00,2025,3,22,6,An Giang,Xã Giồng Riềng,9.9237413,105.2736878,150,Unhealthy for Sensitive Groups,2,23.7,84,0.0,5.6,68,1012.6,59,47.7,49.8,331.0,23.9,57.0,9.4
2025-03-22 07:00:00,2025,3,22,7,An Giang,Xã Giồng Riềng,9.9237413,105.2736878,148,Unhealthy for Sensitive Groups,2,25.1,78,0.0,8.7,66,1013.2,8,54.9,57.4,347.0,21.8,62.0,10.1
2025-03-22 08:00:00,2025,3,22,8,An Giang,Xã Giồng Riềng,9.9237413,105.2736878,144,Unhealthy for Sensitive Groups,2,27.4,71,0.0,12.3,61,1014.3,50,46.6,49.6,353.0,17.9,85.0,11.2
2025-03-22 09:00:00,2025,3,22,9,An Giang,Xã Giồng Riềng,9.9237413,105.2736878,141,Unhealthy for Sensitive Groups,2,29.3,65,0.0,13.7,67,1014.8,8,44.8,48.0,355.0,12.5,116.0,12.6
2025-03-22 10:00:00,2025,3,22,10,An Giang,Xã Giồng Riềng,9.9237413,105.2736878,140,Unhealthy for Sensitive Groups,2,31.2,55,0.0,15.5,62,1014.7,9,44.2,47.7,358.0,8.1,144.0,13.3
2025-03-22 11:00:00,2025,3,22,11,An Giang,Xã Giồng Riềng,9.9237413,105.2736878,138,Unhealthy for Sensitive Groups,2,32.7,48,0.0,16.6,59,1013.9,35,44.4,48.0,363.0,5.6,164.0,12.5
2025-03-22 12:00:00,2025,3,22,12,An Giang,Xã Giồng Riềng,9.9237413,105.2736878,137,Unhealthy for Sensitive Groups,2,33.7,44,0.0,15.4,56,1012.7,34,43.5,47.4,368.0,4.0,181.0,10.9
2025-03-22 13:00:00,2025,3,22,13,An Giang,Xã Giồng Riềng,9.9237413,105.2736878,137,Unhealthy for Sensitive Groups,2,34.6,40,0.0,15.0,61,1011.4,50,42.0,46.3,373.0,3.0,191.0,9.6
2025-03-22 14:00:00,2025,3,22,14,An Giang,Xã Giồng Riềng,9.9237413,105.2736878,136,Unhealthy for Sensitive Groups,2,35.0,38,0.0,14.6,56,1009.9,26,40.9,45.4,378.0,2.5,194.0,9.0
2025-03-22 15:00:00,2025,3,22,15,An Giang,Xã Giồng Riềng,9.9237413,105.2736878,136,Unhealthy for Sensitive Groups,2,34.8,38,0.0,14.0,60,1009.0,88,38.2,43.1,382.0,2.6,191.0,8.6
2025-03-22 16:00:00,2025,3,22,16,An Giang,Xã Giồng Riềng,9.9237413,105.2736878,136,Unhealthy for Sensitive Groups,2,34.5,39,0.0,13.9,77,1009.1,59,34.3,39.3,380.0,3.4,181.0,8.4
2025-03-22 17:00:00,2025,3,22,17,An Giang,Xã Giồng Riềng,9.9237413,105.2736878,155,Unhealthy,3,33.3,41,0.0,12.5,82,1009.6,8,30.6,35.4,366.0,5.5,162.0,8.4
2025-03-22 18:00:00,2025,3,22,18,An Giang,Xã Giồng Riềng,9.9237413,105.2736878,162,Unhealthy,3,31.9,45,0.0,8.1,77,1010.3,6,26.8,30.5,346.0,8.3,137.0,8.6
2025-03-22 19:00:00,2025,3,22,19,An Giang,Xã Giồng Riềng,9.9237413,105.2736878,161,Unhealthy,3,30.4,49,0.0,11.2,122,1011.2,1,36.3,38.5,326.0,11.4,143.0,11.3
2025-03-22 20:00:00,2025,3,22,20,An Giang,Xã Giồng Riềng,9.9237413,105.2736878,158,Unhealthy,3,28.3,62,0.0,15.2,129,1012.9,0,26.0,27.5,307.0,11.5,126.0,10.3
2025-03-22 21:00:00,2025,3,22,21,An Giang,Xã Giồng Riềng,9.9237413,105.2736878,148,Unhealthy for Sensitive Groups,2,27.1,70,0.0,13.6,119,1013.6,1,19.3,21.0,289.0,11.7,103.0,8.9
2025-03-22 22:00:00,2025,3,22,22,An Giang,Xã Giồng Riềng,9.9237413,105.2736878,130,Unhealthy for Sensitive Groups,2,26.5,72,0.0,13.1,105,1014.0,16,20.1,22.1,274.0,12.0,86.0,7.8
2025-03-22 23:00:00,2025,3,22,23,An Giang,Xã Giồng Riềng,9.9237413,105.2736878,111,Unhealthy for Sensitive Groups,2,26.2,72,0.0,12.7,106,1013.9,24,22.2,24.2,264.0,12.7,80.0,7.4
2025-03-23 00:00:00,2025,3,23,0,An Giang,Xã Giồng Riềng,9.9237413,105.2736878,106,Unhealthy for Sensitive Groups,2,25.8,74,0.0,12.9,117,1013.6,16,23.3,25.6,258.0,13.5,79.0,7.3
2025-03-23 01:00:00,2025,3,23,1,An Giang,Xã Giồng Riềng,9.9237413,105.2736878,103,Unhealthy for Sensitive Groups,2,25.4,75,0.0,11.0,116,1012.9,18,23.5,26.0,252.0,14.2,79.0,7.1
2025-03-23 02:00:00,2025,3,23,2,An Giang,Xã Giồng Riềng,9.9237413,105.2736878,102,Unhealthy for Sensitive Groups,2,25.1,77,0.0,11.8,109,1012.4,86,23.1,25.7,244.0,14.5,77.0,6.6
2025-03-23 03:00:00,2025,3,23,3,An Giang,Xã Giồng Riềng,9.9237413,105.2736878,100,Moderate,1,24.9,77,0.0,10.9,107,1011.7,37,23.2,26.0,237.0,14.6,74.0,6.0
2025-03-23 04:00:00,2025,3,23,4,An Giang,Xã Giồng Riềng,9.9237413,105.2736878,99,Moderate,1,24.5,79,0.0,9.7,105,1011.4,17,24.1,27.2,236.0,15.1,72.0,5.8
2025-03-23 05:00:00,2025,3,23,5,An Giang,Xã Giồng Riềng,9.9237413,105.2736878,97,Moderate,1,24.2,80,0.0,8.1,89,1011.8,89,25.8,29.2,248.0,17.0,67.0,6.4
2025-03-23 06:00:00,2025,3,23,6,An Giang,Xã Giồng Riềng,9.9237413,105.2736878,96,Moderate,1,24.0,81,0.0,7.8,94,1012.4,94,28.8,32.4,267.0,19.2,61.0,7.3
2025-03-23 07:00:00,2025,3,23,7,An Giang,Xã Giồng Riềng,9.9237413,105.2736878,94,Moderate,1,25.2,75,0.0,8.7,112,1013.2,100,27.0,31.0,280.0,15.8,73.0,7.6
2025-03-23 08:00:00,2025,3,23,8,An Giang,Xã Giồng Riềng,9.9237413,105.2736878,92,Moderate,1,27.9,68,0.0,13.0,104,1014.2,18,26.2,31.7,279.0,12.8,88.0,8.1
2025-03-23 09:00:00,2025,3,23,9,An Giang,Xã Giồng Riềng,9.9237413,105.2736878,90,Moderate,1,29.9,62,0.0,12.7,97,1014.3,5,26.8,33.4,271.0,8.5,109.0,8.9
2025-03-23 10:00:00,2025,3,23,10,An Giang,Xã Giồng Riềng,9.9237413,105.2736878,88,Moderate,1,31.8,53,0.0,11.9,91,1014.0,12,27.6,33.6,270.0,5.2,128.0,9.3
2025-03-23 11:00:00,2025,3,23,11,An Giang,Xã Giồng Riềng,9.9237413,105.2736878,87,Moderate,1,33.3,45,0.0,10.0,72,1013.3,26,31.8,38.1,283.0,3.6,144.0,9.1
2025-03-23 12:00:00,2025,3,23,12,An Giang,Xã Giồng Riềng,9.9237413,105.2736878,86,Moderate,1,33.9,43,0.0,9.5,63,1012.5,23,36.0,41.9,302.0,2.9,159.0,8.6
2025-03-23 13:00:00,2025,3,23,13,An Giang,Xã Giồng Riềng,9.9237413,105.2736878,85,Moderate,1,34.5,41,0.0,8.1,62,1011.2,30,38.6,44.1,316.0,2.6,171.0,8.2
2025-03-23 14:00:00,2025,3,23,14,An Giang,Xã Giồng Riềng,9.9237413,105.2736878,85,Moderate,1,34.8,39,0.0,8.4,67,1010.0,33,41.0,46.2,318.0,2.2,180.0,8.0
2025-03-23 15:00:00,2025,3,23,15,An Giang,Xã Giồng Riềng,9.9237413,105.2736878,90,Moderate,1,34.5,40,0.2,8.7,72,1009.1,73,42.7,47.8,315.0,2.3,187.0,8.0
2025-03-23 16:00:00,2025,3,23,16,An Giang,Xã Giồng Riềng,9.9237413,105.2736878,115,Unhealthy for Sensitive Groups,2,33.8,41,0.4,7.4,76,1009.0,36,44.1,49.0,312.0,3.7,187.0,8.5
2025-03-23 17:00:00,2025,3,23,17,An Giang,Xã Giồng Riềng,9.9237413,105.2736878,136,Unhealthy for Sensitive Groups,2,33.1,43,0.2,6.4,82,1009.3,33,45.4,49.8,313.0,7.6,178.0,10.0
2025-03-23 18:00:00,2025,3,23,18,An Giang,Xã Giồng Riềng,9.9237413,105.2736878,150,Unhealthy for Sensitive Groups,2,31.2,51,0.2,8.1,107,1009.9,33,48.0,51.8,314.0,12.8,163.0,11.9
2025-03-23 19:00:00,2025,3,23,19,An Giang,Xã Giồng Riềng,9.9237413,105.2736878,156,Unhealthy,3,29.8,58,0.0,8.2,122,1010.8,45,68.7,72.4,311.0,20.4,150.0,14.5
2025-03-23 20:00:00,2025,3,23,20,An Giang,Xã Giồng Riềng,9.9237413,105.2736878,157,Unhealthy,3,29.3,59,0.1,2.9,180,1011.7,44,68.2,71.5,298.0,19.2,131.0,13.6
2025-03-23 21:00:00,2025,3,23,21,An Giang,Xã Giồng Riềng,9.9237413,105.2736878,152,Unhealthy,3,28.1,66,0.0,10.8,159,1012.8,20,48.3,51.5,280.0,17.5,105.0,12.4
2025-03-23 22:00:00,2025,3,23,22,An Giang,Xã Giồng Riềng,9.9237413,105.2736878,139,Unhealthy for Sensitive Groups,2,27.0,72,0.0,8.4,135,1013.7,39,37.4,40.3,269.0,17.0,84.0,11.2
2025-03-23 23:00:00,2025,3,23,23,An Giang,Xã Giồng Riềng,9.9237413,105.2736878,119,Unhealthy for Sensitive Groups,2,26.6,75,0.0,7.5,132,1013.7,1,36.0,38.9,271.0,18.3,73.0,10.1
2025-03-24 00:00:00,2025,3,24,0,An Giang,Xã Giồng Riềng,9.9237413,105.2736878,101,Unhealthy for Sensitive Groups,2,25.5,81,0.0,6.2,158,1013.1,3,38.4,41.3,280.0,20.6,66.0,9.1
2025-03-24 01:00:00,2025,3,24,1,An Giang,Xã Giồng Riềng,9.9237413,105.2736878,103,Unhealthy for Sensitive Groups,2,24.8,86,0.0,5.2,166,1012.0,11,43.7,46.7,286.0,23.3,60.0,8.4
2025-03-24 02:00:00,2025,3,24,2,An Giang,Xã Giồng Riềng,9.9237413,105.2736878,105,Unhealthy for Sensitive Groups,2,24.2,89,0.0,4.5,137,1011.5,17,48.5,51.6,284.0,26.9,50.0,8.3
2025-03-24 03:00:00,2025,3,24,3,An Giang,Xã Giồng Riềng,9.9237413,105.2736878,108,Unhealthy for Sensitive Groups,2,23.9,91,0.0,3.9,106,1011.0,52,52.3,56.2,278.0,30.9,41.0,8.6
2025-03-24 04:00:00,2025,3,24,4,An Giang,Xã Giồng Riềng,9.9237413,105.2736878,111,Unhealthy for Sensitive Groups,2,23.8,92,0.0,6.6,101,1010.7,0,54.4,58.7,274.0,32.5,37.0,9.0
2025-03-24 05:00:00,2025,3,24,5,An Giang,Xã Giồng Riềng,9.9237413,105.2736878,114,Unhealthy for Sensitive Groups,2,23.5,93,0.0,8.9,118,1010.9,9,56.5,61.0,272.0,30.4,42.0,9.5
2025-03-24 06:00:00,2025,3,24,6,An Giang,Xã Giồng Riềng,9.9237413,105.2736878,117,Unhealthy for Sensitive Groups,2,23.4,92,0.0,9.8,122,1011.5,7,56.9,61.7,272.0,26.0,53.0,10.0
2025-03-24 07:00:00,2025,3,24,7,An Giang,Xã Giồng Riềng,9.9237413,105.2736878,120,Unhealthy for Sensitive Groups,2,24.8,85,0.0,8.9,118,1012.1,21,35.5,42.4,272.0,17.1,74.0,8.7
2025-03-24 08:00:00,2025,3,24,8,An Giang,Xã Giồng Riềng,9.9237413,105.2736878,121,Unhealthy for Sensitive Groups,2,27.1,74,0.0,10.5,112,1012.9,91,31.5,38.1,272.0,13.5,91.0,8.7
2025-03-24 09:00:00,2025,3,24,9,An Giang,Xã Giồng Riềng,9.9237413,105.2736878,121,Unhealthy for Sensitive Groups,2,29.5,60,0.0,11.4,111,1013.2,97,28.7,34.7,272.0,8.5,115.0,8.6
2025-03-24 10:00:00,2025,3,24,10,An Giang,Xã Giồng Riềng,9.9237413,105.2736878,122,Unhealthy for Sensitive Groups,2,31.9,49,0.0,8.8,102,1012.8,98,31.5,36.7,277.0,4.6,137.0,8.5
2025-03-24 11:00:00,2025,3,24,11,An Giang,Xã Giồng Riềng,9.9237413,105.2736878,122,Unhealthy for Sensitive Groups,2,33.3,44,0.0,8.5,85,1011.8,42,35.6,40.3,289.0,3.0,153.0,8.1
2025-03-24 12:00:00,2025,3,24,12,An Giang,Xã Giồng Riềng,9.9237413,105.2736878,122,Unhealthy for Sensitive Groups,2,34.7,40,0.0,11.4,66,1010.4,16,39.6,43.8,306.0,2.7,165.0,7.6
2025-03-24 13:00:00,2025,3,24,13,An Giang,Xã Giồng Riềng,9.9237413,105.2736878,123,Unhealthy for Sensitive Groups,2,35.2,38,0.0,13.1,54,1009.0,11,42.3,46.2,319.0,2.6,176.0,7.3
2025-03-24 14:00:00,2025,3,24,14,An Giang,Xã Giồng Riềng,9.9237413,105.2736878,123,Unhealthy for Sensitive Groups,2,35.2,38,0.0,12.5,55,1007.7,32,43.8,47.4,327.0,2.3,187.0,7.2
2025-03-24 15:00:00,2025,3,24,15,An Giang,Xã Giồng Riềng,9.9237413,105.2736878,124,Unhealthy for Sensitive Groups,2,35.1,38,0.0,9.9,61,1006.9,23,44.5,48.0,331.0,2.2,195.0,7.3
2025-03-24 16:00:00,2025,3,24,16,An Giang,Xã Giồng Riềng,9.9237413,105.2736878,126,Unhealthy for Sensitive Groups,2,34.8,38,0.0,7.5,60,1006.6,15,45.4,48.8,328.0,3.6,194.0,7.6
2025-03-24 17:00:00,2025,3,24,17,An Giang,Xã Giồng Riềng,9.9237413,105.2736878,148,Unhealthy for Sensitive Groups,2,34.5,38,0.0,4.7,62,1006.6,30,46.0,49.1,312.0,7.4,177.0,8.2
2025-03-24 18:00:00,2025,3,24,18,An Giang,Xã Giồng Riềng,9.9237413,105.2736878,158,Unhealthy,3,32.7,44,0.0,3.3,45,1007.1,2,47.0,49.9,288.0,12.5,150.0,8.9
2025-03-24 19:00:00,2025,3,24,19,An Giang,Xã Giồng Riềng,9.9237413,105.2736878,160,Unhealthy,3,29.7,54,0.0,18.4,178,1008.4,59,55.8,58.0,269.0,19.4,115.0,9.6
2025-03-24 20:00:00,2025,3,24,20,An Giang,Xã Giồng Riềng,9.9237413,105.2736878,154,Unhealthy,3,27.9,64,0.0,11.2,164,1009.7,99,55.5,57.9,261.0,20.9,99.0,9.7
2025-03-24 21:00:00,2025,3,24,21,An Giang,Xã Giồng Riềng,9.9237413,105.2736878,142,Unhealthy for Sensitive Groups,2,27.9,65,0.0,11.8,169,1010.3,57,56.5,58.8,259.0,22.9,77.0,9.7
2025-03-24 22:00:00,2025,3,24,22,An Giang,Xã Giồng Riềng,9.9237413,105.2736878,122,Unhealthy for Sensitive Groups,2,27.0,70,0.0,10.2,152,1011.0,49,52.0,54.2,258.0,23.3,63.0,9.6
2025-03-24 23:00:00,2025,3,24,23,An Giang,Xã Giồng Riềng,9.9237413,105.2736878,124,Unhealthy for Sensitive Groups,2,26.5,75,0.0,9.3,148,1010.9,56,40.9,43.4,258.0,20.8,63.0,9.1
2025-03-25 00:00:00,2025,3,25,0,An Giang,Xã Giồng Riềng,9.9237413,105.2736878,124,Unhealthy for Sensitive Groups,2,26.0,76,0.0,8.5,153,1010.4,98,33.5,37.3,260.0,16.8,71.0,8.4
2025-03-25 01:00:00,2025,3,25,1,An Giang,Xã Giồng Riềng,9.9237413,105.2736878,124,Unhealthy for Sensitive Groups,2,25.8,78,0.0,7.9,150,1009.6,99,30.4,34.7,259.0,13.6,78.0,7.7
2025-03-25 02:00:00,2025,3,25,2,An Giang,Xã Giồng Riềng,9.9237413,105.2736878,122,Unhealthy for Sensitive Groups,2,25.8,79,0.0,9.3,148,1009.0,100,28.3,32.9,252.0,12.2,81.0,6.9
2025-03-25 03:00:00,2025,3,25,3,An Giang,Xã Giồng Riềng,9.9237413,105.2736878,120,Unhealthy for Sensitive Groups,2,25.6,78,0.0,10.3,144,1008.6,100,27.4,32.1,242.0,11.5,82.0,6.1
2025-03-25 04:00:00,2025,3,25,4,An Giang,Xã Giồng Riềng,9.9237413,105.2736878,117,Unhealthy for Sensitive Groups,2,25.6,78,0.0,11.9,139,1008.7,100,26.5,31.4,237.0,11.3,83.0,5.6
2025-03-25 05:00:00,2025,3,25,5,An Giang,Xã Giồng Riềng,9.9237413,105.2736878,115,Unhealthy for Sensitive Groups,2,25.4,79,0.0,12.1,137,1009.0,99,26.0,30.9,241.0,11.7,81.0,5.6
2025-03-25 06:00:00,2025,3,25,6,An Giang,Xã Giồng Riềng,9.9237413,105.2736878,111,Unhealthy for Sensitive Groups,2,25.1,82,0.0,11.1,130,1009.3,96,26.4,31.0,249.0,12.5,79.0,6.0
2025-03-25 07:00:00,2025,3,25,7,An Giang,Xã Giồng Riềng,9.9237413,105.2736878,108,Unhealthy for Sensitive Groups,2,25.8,79,0.0,11.0,125,1009.9,100,25.0,29.2,257.0,12.0,82.0,6.5
2025-03-25 08:00:00,2025,3,25,8,An Giang,Xã Giồng Riềng,9.9237413,105.2736878,107,Unhealthy for Sensitive Groups,2,26.8,74,0.0,12.5,125,1010.3,100,22.2,26.8,263.0,9.6,94.0,6.6
2025-03-25 09:00:00,2025,3,25,9,An Giang,Xã Giồng Riềng,9.9237413,105.2736878,106,Unhealthy for Sensitive Groups,2,29.2,61,0.0,14.7,123,1010.4,100,20.9,25.7,268.0,6.3,111.0,6.7
2025-03-25 10:00:00,2025,3,25,10,An Giang,Xã Giồng Riềng,9.9237413,105.2736878,105,Unhealthy for Sensitive Groups,2,30.9,54,0.0,11.2,128,1009.9,100,21.1,26.3,273.0,3.8,125.0,6.6
2025-03-25 11:00:00,2025,3,25,11,An Giang,Xã Giồng Riềng,9.9237413,105.2736878,104,Unhealthy for Sensitive Groups,2,31.9,50,0.0,8.9,126,1009.3,100,20.3,24.0,276.0,2.8,134.0,6.1
2025-03-25 12:00:00,2025,3,25,12,An Giang,Xã Giồng Riềng,9.9237413,105.2736878,103,Unhealthy for Sensitive Groups,2,31.9,50,0.0,9.6,116,1008.4,100,22.2,25.6,278.0,2.6,141.0,5.4
2025-03-25 13:00:00,2025,3,25,13,An Giang,Xã Giồng Riềng,9.9237413,105.2736878,101,Unhealthy for Sensitive Groups,2,31.9,50,0.0,9.7,102,1007.5,99,25.0,28.1,283.0,2.6,145.0,5.0
2025-03-25 14:00:00,2025,3,25,14,An Giang,Xã Giồng Riềng,9.9237413,105.2736878,99,Moderate,1,32.2,49,0.0,3.6,117,1006.2,92,26.0,28.9,295.0,2.6,148.0,5.1
2025-03-25 15:00:00,2025,3,25,15,An Giang,Xã Giồng Riềng,9.9237413,105.2736878,98,Moderate,1,32.6,46,0.0,3.1,208,1005.4,47,27.5,30.4,309.0,2.8,150.0,5.4
2025-03-25 16:00:00,2025,3,25,16,An Giang,Xã Giồng Riềng,9.9237413,105.2736878,96,Moderate,1,32.2,48,0.2,6.2,190,1005.1,97,28.2,31.1,314.0,3.7,147.0,6.0
2025-03-25 17:00:00,2025,3,25,17,An Giang,Xã Giồng Riềng,9.9237413,105.2736878,101,Unhealthy for Sensitive Groups,2,31.0,53,0.4,9.2,177,1005.5,40,28.0,30.9,299.0,5.8,137.0,6.9
2025-03-25 18:00:00,2025,3,25,18,An Giang,Xã Giồng Riềng,9.9237413,105.2736878,106,Unhealthy for Sensitive Groups,2,29.5,60,0.1,12.5,172,1006.2,39,28.7,31.2,274.0,8.7,123.0,8.0
2025-03-25 19:00:00,2025,3,25,19,An Giang,Xã Giồng Riềng,9.9237413,105.2736878,106,Unhealthy for Sensitive Groups,2,28.2,65,0.0,15.2,166,1007.0,8,45.9,49.5,258.0,13.2,104.0,9.2
2025-03-25 20:00:00,2025,3,25,20,An Giang,Xã Giồng Riềng,9.9237413,105.2736878,99,Moderate,1,27.8,66,0.0,9.6,143,1007.2,1,43.9,47.1,259.0,14.3,94.0,9.7
2025-03-25 21:00:00,2025,3,25,21,An Giang,Xã Giồng Riềng,9.9237413,105.2736878,89,Moderate,1,27.0,69,0.0,10.4,136,1008.0,0,41.1,44.2,267.0,15.8,81.0,10.3
2025-03-25 22:00:00,2025,3,25,22,An Giang,Xã Giồng Riềng,9.9237413,105.2736878,88,Moderate,1,26.2,73,0.0,9.0,142,1008.8,0,39.2,42.5,276.0,17.7,68.0,10.6
2025-03-25 23:00:00,2025,3,25,23,An Giang,Xã Giồng Riềng,9.9237413,105.2736878,87,Moderate,1,25.5,77,0.0,8.2,144,1008.8,0,40.7,44.6,283.0,20.0,58.0,10.3
2025-03-26 00:00:00,2025,3,26,0,An Giang,Xã Giồng Riềng,9.9237413,105.2736878,87,Moderate,1,24.9,80,0.0,6.5,146,1008.3,0,42.7,46.3,289.0,22.5,49.0,9.8
2025-03-26 01:00:00,2025,3,26,1,An Giang,Xã Giồng Riềng,9.9237413,105.2736878,88,Moderate,1,24.3,84,0.0,4.8,146,1007.7,0,44.8,48.5,294.0,24.9,42.0,9.3
2025-03-26 02:00:00,2025,3,26,2,An Giang,Xã Giồng Riềng,9.9237413,105.2736878,89,Moderate,1,23.9,86,0.0,6.7,121,1007.2,9,46.4,50.4,294.0,27.2,37.0,9.1
2025-03-26 03:00:00,2025,3,26,3,An Giang,Xã Giồng Riềng,9.9237413,105.2736878,91,Moderate,1,23.6,88,0.0,6.6,116,1006.6,1,48.1,52.4,292.0,29.3,33.0,9.0
2025-03-26 04:00:00,2025,3,26,4,An Giang,Xã Giồng Riềng,9.9237413,105.2736878,92,Moderate,1,23.3,91,0.0,5.4,116,1006.5,66,52.3,56.3,293.0,30.6,31.0,9.1
2025-03-26 05:00:00,2025,3,26,5,An Giang,Xã Giồng Riềng,9.9237413,105.2736878,95,Moderate,1,23.0,93,0.0,4.0,126,1007.0,76,58.0,61.7,303.0,31.4,29.0,9.8
2025-03-26 06:00:00,2025,3,26,6,An Giang,Xã Giồng Riềng,9.9237413,105.2736878,98,Moderate,1,22.8,94,0.0,6.0,127,1007.8,8,59.8,64.3,317.0,31.5,28.0,10.7
2025-03-26 07:00:00,2025,3,26,7,An Giang,Xã Giồng Riềng,9.9237413,105.2736878,101,Unhealthy for Sensitive Groups,2,24.5,86,0.0,7.7,127,1008.4,42,55.3,60.5,324.0,26.0,41.0,10.0
2025-03-26 08:00:00,2025,3,26,8,An Giang,Xã Giồng Riềng,9.9237413,105.2736878,104,Unhealthy for Sensitive Groups,2,27.1,77,0.0,11.2,134,1009.0,56,39.0,46.6,314.0,19.4,65.0,9.2
2025-03-26 09:00:00,2025,3,26,9,An Giang,Xã Giồng Riềng,9.9237413,105.2736878,106,Unhealthy for Sensitive Groups,2,29.5,61,0.0,11.1,136,1009.4,1,31.0,39.1,297.0,10.4,98.0,8.2
2025-03-26 10:00:00,2025,3,26,10,An Giang,Xã Giồng Riềng,9.9237413,105.2736878,107,Unhealthy for Sensitive Groups,2,31.6,52,0.0,9.3,143,1009.4,51,32.7,39.5,288.0,3.7,126.0,7.3
2025-03-26 11:00:00,2025,3,26,11,An Giang,Xã Giồng Riềng,9.9237413,105.2736878,108,Unhealthy for Sensitive Groups,2,33.0,47,0.0,7.4,146,1008.4,30,37.6,42.7,298.0,1.6,143.0,6.8
2025-03-26 12:00:00,2025,3,26,12,An Giang,Xã Giồng Riềng,9.9237413,105.2736878,110,Unhealthy for Sensitive Groups,2,34.2,42,0.0,4.4,148,1007.2,24,42.0,46.8,316.0,1.9,154.0,6.4
2025-03-26 13:00:00,2025,3,26,13,An Giang,Xã Giồng Riềng,9.9237413,105.2736878,112,Unhealthy for Sensitive Groups,2,35.0,38,0.0,2.2,171,1005.8,54,45.4,49.9,329.0,2.4,161.0,6.2
2025-03-26 14:00:00,2025,3,26,14,An Giang,Xã Giồng Riềng,9.9237413,105.2736878,114,Unhealthy for Sensitive Groups,2,35.4,36,0.0,3.0,232,1004.5,82,47.4,51.7,329.0,2.3,166.0,6.1
2025-03-26 15:00:00,2025,3,26,15,An Giang,Xã Giồng Riềng,9.9237413,105.2736878,116,Unhealthy for Sensitive Groups,2,35.2,37,0.0,7.8,255,1004.0,70,47.4,51.6,323.0,2.4,168.0,6.2
2025-03-26 16:00:00,2025,3,26,16,An Giang,Xã Giồng Riềng,9.9237413,105.2736878,118,Unhealthy for Sensitive Groups,2,33.3,48,0.0,16.0,271,1003.8,59,46.8,51.0,319.0,3.7,163.0,6.4
2025-03-26 17:00:00,2025,3,26,17,An Giang,Xã Giồng Riềng,9.9237413,105.2736878,120,Unhealthy for Sensitive Groups,2,30.5,61,0.0,19.3,284,1004.2,72,45.5,49.5,320.0,6.7,147.0,6.7
2025-03-26 18:00:00,2025,3,26,18,An Giang,Xã Giồng Riềng,9.9237413,105.2736878,128,Unhealthy for Sensitive Groups,2,29.1,69,0.0,10.4,260,1005.2,52,44.2,47.7,323.0,10.9,123.0,7.2
2025-03-26 19:00:00,2025,3,26,19,An Giang,Xã Giồng Riềng,9.9237413,105.2736878,127,Unhealthy for Sensitive Groups,2,28.6,71,0.0,10.7,241,1006.0,55,51.9,54.4,324.0,16.6,101.0,8.3
2025-03-26 20:00:00,2025,3,26,20,An Giang,Xã Giồng Riềng,9.9237413,105.2736878,124,Unhealthy for Sensitive Groups,2,28.0,78,0.2,10.5,196,1006.2,77,49.7,51.6,321.0,17.8,89.0,8.2
2025-03-26 21:00:00,2025,3,26,21,An Giang,Xã Giồng Riềng,9.9237413,105.2736878,125,Unhealthy for Sensitive Groups,2,27.5,77,0.0,9.3,202,1007.2,58,47.6,49.2,316.0,19.4,73.0,8.0
2025-03-26 22:00:00,2025,3,26,22,An Giang,Xã Giồng Riềng,9.9237413,105.2736878,125,Unhealthy for Sensitive Groups,2,27.0,80,0.0,8.4,196,1007.9,29,47.6,49.1,312.0,20.8,59.0,7.8
2025-03-26 23:00:00,2025,3,26,23,An Giang,Xã Giồng Riềng,9.9237413,105.2736878,126,Unhealthy for Sensitive Groups,2,26.3,84,0.0,8.6,188,1007.7,15,49.0,50.8,310.0,21.8,50.0,7.7
2025-03-27 00:00:00,2025,3,27,0,An Giang,Xã Giồng Riềng,9.9237413,105.2736878,127,Unhealthy for Sensitive Groups,2,25.9,86,0.0,8.3,174,1007.6,3,49.0,50.8,308.0,22.7,42.0,7.7
2025-03-27 01:00:00,2025,3,27,1,An Giang,Xã Giồng Riềng,9.9237413,105.2736878,128,Unhealthy for Sensitive Groups,2,25.4,87,0.0,6.7,160,1006.7,17,46.6,48.7,303.0,23.2,37.0,7.6
2025-03-27 02:00:00,2025,3,27,2,An Giang,Xã Giồng Riềng,9.9237413,105.2736878,128,Unhealthy for Sensitive Groups,2,25.0,88,0.0,7.5,134,1006.3,4,44.4,47.4,291.0,23.4,34.0,7.5
2025-03-27 03:00:00,2025,3,27,3,An Giang,Xã Giồng Riềng,9.9237413,105.2736878,128,Unhealthy for Sensitive Groups,2,24.8,88,0.0,7.1,133,1006.0,45,42.5,46.0,277.0,23.3,33.0,7.4
2025-03-27 04:00:00,2025,3,27,4,An Giang,Xã Giồng Riềng,9.9237413,105.2736878,127,Unhealthy for Sensitive Groups,2,24.5,90,0.0,6.6,131,1006.1,57,42.1,45.8,270.0,23.0,33.0,7.4
2025-03-27 05:00:00,2025,3,27,5,An Giang,Xã Giồng Riềng,9.9237413,105.2736878,126,Unhealthy for Sensitive Groups,2,24.1,91,0.0,7.8,128,1006.6,62,42.4,46.1,277.0,22.8,33.0,7.6
2025-03-27 06:00:00,2025,3,27,6,An Giang,Xã Giồng Riềng,9.9237413,105.2736878,124,Unhealthy for Sensitive Groups,2,24.0,92,0.0,10.1,125,1007.2,83,43.2,47.0,292.0,22.3,34.0,7.9
2025-03-27 07:00:00,2025,3,27,7,An Giang,Xã Giồng Riềng,9.9237413,105.2736878,123,Unhealthy for Sensitive Groups,2,25.0,87,0.0,9.8,126,1007.7,97,44.2,49.2,299.0,20.1,43.0,8.0
2025-03-27 08:00:00,2025,3,27,8,An Giang,Xã Giồng Riềng,9.9237413,105.2736878,122,Unhealthy for Sensitive Groups,2,27.4,75,0.0,10.6,130,1008.6,70,33.6,40.5,290.0,15.3,67.0,8.3
2025-03-27 09:00:00,2025,3,27,9,An Giang,Xã Giồng Riềng,9.9237413,105.2736878,121,Unhealthy for Sensitive Groups,2,29.6,61,0.0,9.4,126,1009.2,15,30.5,37.1,275.0,8.6,99.0,8.7
2025-03-27 10:00:00,2025,3,27,10,An Giang,Xã Giồng Riềng,9.9237413,105.2736878,121,Unhealthy for Sensitive Groups,2,31.5,54,0.0,8.0,118,1009.1,35,34.1,38.9,265.0,3.6,127.0,8.8
2025-03-27 11:00:00,2025,3,27,11,An Giang,Xã Giồng Riềng,9.9237413,105.2736878,121,Unhealthy for Sensitive Groups,2,32.5,49,0.0,5.8,120,1008.3,24,39.1,43.7,268.0,1.9,144.0,8.3
2025-03-27 12:00:00,2025,3,27,12,An Giang,Xã Giồng Riềng,9.9237413,105.2736878,121,Unhealthy for Sensitive Groups,2,33.8,44,0.0,3.5,145,1007.0,72,40.3,44.6,276.0,1.7,156.0,7.5
2025-03-27 13:00:00,2025,3,27,13,An Giang,Xã Giồng Riềng,9.9237413,105.2736878,121,Unhealthy for Sensitive Groups,2,34.8,40,0.0,4.4,168,1005.6,13,39.9,44.1,282.0,1.9,164.0,6.8
2025-03-27 14:00:00,2025,3,27,14,An Giang,Xã Giồng Riềng,9.9237413,105.2736878,121,Unhealthy for Sensitive Groups,2,35.5,38,0.0,6.3,156,1004.3,34,39.3,43.5,281.0,1.4,169.0,6.4
2025-03-27 15:00:00,2025,3,27,15,An Giang,Xã Giồng Riềng,9.9237413,105.2736878,120,Unhealthy for Sensitive Groups,2,35.7,36,0.0,6.5,152,1003.2,42,38.4,42.6,277.0,1.2,169.0,6.2
2025-03-27 16:00:00,2025,3,27,16,An Giang,Xã Giồng Riềng,9.9237413,105.2736878,119,Unhealthy for Sensitive Groups,2,35.4,36,0.0,3.9,214,1002.7,35,37.6,41.6,278.0,2.5,163.0,6.3
2025-03-27 17:00:00,2025,3,27,17,An Giang,Xã Giồng Riềng,9.9237413,105.2736878,120,Unhealthy for Sensitive Groups,2,33.3,44,0.0,8.1,270,1003.1,23,37.6,41.2,292.0,6.9,145.0,7.0
2025-03-27 18:00:00,2025,3,27,18,An Giang,Xã Giồng Riềng,9.9237413,105.2736878,130,Unhealthy for Sensitive Groups,2,30.0,66,0.0,14.9,285,1003.9,3,38.5,41.7,310.0,12.8,119.0,8.0
2025-03-27 19:00:00,2025,3,27,19,An Giang,Xã Giồng Riềng,9.9237413,105.2736878,128,Unhealthy for Sensitive Groups,2,28.8,73,0.0,9.1,240,1004.9,19,50.6,53.6,319.0,15.8,95.0,8.0
2025-03-27 20:00:00,2025,3,27,20,An Giang,Xã Giồng Riềng,9.9237413,105.2736878,118,Unhealthy for Sensitive Groups,2,28.9,71,0.0,8.8,195,1005.0,35,46.1,48.5,309.0,14.8,89.0,7.3
2025-03-27 21:00:00,2025,3,27,21,An Giang,Xã Giồng Riềng,9.9237413,105.2736878,116,Unhealthy for Sensitive Groups,2,28.3,70,0.0,10.6,156,1005.8,0,41.0,43.2,289.0,13.5,80.0,6.4
2025-03-27 22:00:00,2025,3,27,22,An Giang,Xã Giồng Riềng,9.9237413,105.2736878,115,Unhealthy for Sensitive Groups,2,27.2,69,0.0,11.8,151,1006.9,2,38.5,40.7,272.0,12.9,71.0,5.7
2025-03-27 23:00:00,2025,3,27,23,An Giang,Xã Giồng Riềng,9.9237413,105.2736878,114,Unhealthy for Sensitive Groups,2,26.2,74,0.0,9.4,162,1007.2,0,37.6,40.0,262.0,13.7,63.0,5.6
2025-03-28 00:00:00,2025,3,28,0,An Giang,Xã Giồng Riềng,9.9237413,105.2736878,113,Unhealthy for Sensitive Groups,2,25.6,79,0.0,7.7,177,1007.3,3,38.2,40.6,255.0,15.1,55.0,5.9
2025-03-28 01:00:00,2025,3,28,1,An Giang,Xã Giồng Riềng,9.9237413,105.2736878,112,Unhealthy for Sensitive Groups,2,25.0,83,0.0,6.3,182,1006.6,9,36.4,38.6,250.0,16.6,49.0,6.1
2025-03-28 02:00:00,2025,3,28,2,An Giang,Xã Giồng Riềng,9.9237413,105.2736878,111,Unhealthy for Sensitive Groups,2,24.6,87,0.0,6.7,166,1006.2,18,34.5,36.8,246.0,17.9,44.0,6.2
2025-03-28 03:00:00,2025,3,28,3,An Giang,Xã Giồng Riềng,9.9237413,105.2736878,110,Unhealthy for Sensitive Groups,2,24.4,89,0.0,6.9,150,1006.0,22,33.9,36.7,244.0,19.2,40.0,6.2
2025-03-28 04:00:00,2025,3,28,4,An Giang,Xã Giồng Riềng,9.9237413,105.2736878,109,Unhealthy for Sensitive Groups,2,24.2,90,0.0,7.6,142,1006.2,0,35.3,38.6,246.0,20.0,38.0,6.4
2025-03-28 05:00:00,2025,3,28,5,An Giang,Xã Giồng Riềng,9.9237413,105.2736878,108,Unhealthy for Sensitive Groups,2,24.0,91,0.0,7.4,133,1006.5,0,38.1,41.3,258.0,20.6,36.0,6.9
2025-03-28 06:00:00,2025,3,28,6,An Giang,Xã Giồng Riềng,9.9237413,105.2736878,108,Unhealthy for Sensitive Groups,2,23.7,92,0.0,7.3,126,1007.0,0,40.3,43.7,275.0,20.7,35.0,7.5
2025-03-28 07:00:00,2025,3,28,7,An Giang,Xã Giồng Riềng,9.9237413,105.2736878,107,Unhealthy for Sensitive Groups,2,25.0,86,0.0,6.0,141,1008.1,0,38.6,42.6,283.0,18.9,43.0,7.9
2025-03-28 08:00:00,2025,3,28,8,An Giang,Xã Giồng Riềng,9.9237413,105.2736878,107,Unhealthy for Sensitive Groups,2,27.6,72,0.0,10.6,134,1008.9,0,26.1,31.7,274.0,14.3,62.0,7.6
2025-03-28 09:00:00,2025,3,28,9,An Giang,Xã Giồng Riềng,9.9237413,105.2736878,106,Unhealthy for Sensitive Groups,2,29.8,59,0.0,8.8,134,1009.6,0,23.5,29.3,256.0,8.0,89.0,7.2
2025-03-28 10:00:00,2025,3,28,10,An Giang,Xã Giồng Riềng,9.9237413,105.2736878,105,Unhealthy for Sensitive Groups,2,31.5,51,0.0,7.3,132,1009.7,0,23.9,28.1,243.0,3.2,112.0,6.9
2025-03-28 11:00:00,2025,3,28,11,An Giang,Xã Giồng Riềng,9.9237413,105.2736878,104,Unhealthy for Sensitive Groups,2,33.0,45,0.0,6.7,128,1009.0,0,27.5,31.5,241.0,1.6,126.0,6.8
2025-03-28 12:00:00,2025,3,28,12,An Giang,Xã Giồng Riềng,9.9237413,105.2736878,103,Unhealthy for Sensitive Groups,2,34.3,40,0.0,6.5,118,1008.0,0,30.6,34.9,244.0,1.6,136.0,6.8
2025-03-28 13:00:00,2025,3,28,13,An Giang,Xã Giồng Riềng,9.9237413,105.2736878,102,Unhealthy for Sensitive Groups,2,35.3,36,0.0,7.0,111,1006.6,0,31.1,35.5,244.0,1.8,143.0,6.9
2025-03-28 14:00:00,2025,3,28,14,An Giang,Xã Giồng Riềng,9.9237413,105.2736878,101,Unhealthy for Sensitive Groups,2,36.0,34,0.0,9.6,99,1005.3,0,30.6,34.8,236.0,1.4,147.0,6.9
2025-03-28 15:00:00,2025,3,28,15,An Giang,Xã Giồng Riềng,9.9237413,105.2736878,100,Moderate,1,35.9,34,0.0,13.7,91,1004.3,14,30.5,34.5,226.0,1.3,148.0,7.0
2025-03-28 16:00:00,2025,3,28,16,An Giang,Xã Giồng Riềng,9.9237413,105.2736878,100,Moderate,1,35.5,35,0.0,12.2,68,1003.7,59,31.0,34.6,223.0,2.5,143.0,7.3
2025-03-28 17:00:00,2025,3,28,17,An Giang,Xã Giồng Riềng,9.9237413,105.2736878,99,Moderate,1,34.2,37,0.0,6.3,63,1004.1,1,32.1,35.4,235.0,6.5,130.0,8.2
2025-03-28 18:00:00,2025,3,28,18,An Giang,Xã Giồng Riềng,9.9237413,105.2736878,98,Moderate,1,32.2,42,0.0,3.9,323,1004.8,0,35.0,38.1,254.0,11.8,111.0,9.4
2025-03-28 19:00:00,2025,3,28,19,An Giang,Xã Giồng Riềng,9.9237413,105.2736878,98,Moderate,1,30.0,57,0.0,12.8,195,1005.9,14,54.0,56.2,265.0,20.5,89.0,11.2
2025-03-28 20:00:00,2025,3,28,20,An Giang,Xã Giồng Riềng,9.9237413,105.2736878,98,Moderate,1,29.2,59,0.0,12.9,167,1006.5,7,54.1,55.8,261.0,19.6,79.0,10.0
2025-03-28 21:00:00,2025,3,28,21,An Giang,Xã Giồng Riềng,9.9237413,105.2736878,99,Moderate,1,28.2,64,0.0,11.1,160,1007.8,3,45.6,46.9,250.0,18.3,66.0,8.4
2025-03-28 22:00:00,2025,3,28,22,An Giang,Xã Giồng Riềng,9.9237413,105.2736878,100,Moderate,1,27.5,67,0.0,9.1,155,1008.7,17,38.2,39.6,241.0,17.0,55.0,7.1
2025-03-28 23:00:00,2025,3,28,23,An Giang,Xã Giồng Riềng,9.9237413,105.2736878,100,Moderate,1,26.9,70,0.0,9.1,158,1008.8,42,32.6,34.2,237.0,15.7,50.0,6.3
2025-03-29 00:00:00,2025,3,29,0,An Giang,Xã Giồng Riềng,9.9237413,105.2736878,99,Moderate,1,26.4,73,0.0,8.6,168,1008.6,85,28.1,29.6,234.0,14.4,49.0,5.8
2025-03-29 01:00:00,2025,3,29,1,An Giang,Xã Giồng Riềng,9.9237413,105.2736878,98,Moderate,1,25.9,76,0.0,8.4,161,1008.6,87,25.3,27.2,233.0,13.8,47.0,5.5
2025-03-29 02:00:00,2025,3,29,2,An Giang,Xã Giồng Riềng,9.9237413,105.2736878,97,Moderate,1,25.4,80,0.0,8.3,153,1008.0,88,23.6,25.9,232.0,14.6,44.0,5.4
2025-03-29 03:00:00,2025,3,29,3,An Giang,Xã Giồng Riềng,9.9237413,105.2736878,96,Moderate,1,25.0,83,0.0,7.9,147,1007.5,99,24.3,26.7,233.0,16.1,41.0,5.6
2025-03-29 04:00:00,2025,3,29,4,An Giang,Xã Giồng Riềng,9.9237413,105.2736878,95,Moderate,1,24.6,85,0.0,7.6,146,1007.5,80,26.9,29.4,238.0,17.3,39.0,5.9
2025-03-29 05:00:00,2025,3,29,5,An Giang,Xã Giồng Riềng,9.9237413,105.2736878,95,Moderate,1,24.2,88,0.0,6.9,131,1007.8,91,30.9,33.4,253.0,18.4,37.0,6.5
2025-03-29 06:00:00,2025,3,29,6,An Giang,Xã Giồng Riềng,9.9237413,105.2736878,94,Moderate,1,23.8,90,0.0,7.2,115,1008.4,73,36.0,38.6,271.0,19.3,35.0,7.4
2025-03-29 07:00:00,2025,3,29,7,An Giang,Xã Giồng Riềng,9.9237413,105.2736878,94,Moderate,1,25.2,82,0.0,7.1,114,1009.1,32,40.2,43.8,276.0,19.0,39.0,8.0
2025-03-29 08:00:00,2025,3,29,8,An Giang,Xã Giồng Riềng,9.9237413,105.2736878,94,Moderate,1,28.0,69,0.0,13.6,120,1009.5,90,27.8,33.3,253.0,14.6,56.0,8.7
2025-03-29 09:00:00,2025,3,29,9,An Giang,Xã Giồng Riềng,9.9237413,105.2736878,94,Moderate,1,29.8,60,0.0,11.5,113,1010.1,89,24.4,30.0,217.0,8.6,81.0,9.6
2025-03-29 10:00:00,2025,3,29,10,An Giang,Xã Giồng Riềng,9.9237413,105.2736878,94,Moderate,1,31.8,50,0.0,10.5,114,1010.1,76,23.2,26.8,188.0,4.0,99.0,10.0
2025-03-29 11:00:00,2025,3,29,11,An Giang,Xã Giồng Riềng,9.9237413,105.2736878,94,Moderate,1,33.8,43,0.0,13.8,105,1009.6,95,22.6,25.2,177.0,2.4,106.0,9.4
2025-03-29 12:00:00,2025,3,29,12,An Giang,Xã Giồng Riềng,9.9237413,105.2736878,94,Moderate,1,34.9,39,0.0,13.8,106,1008.5,95,20.7,22.7,173.0,2.2,107.0,8.2
2025-03-29 13:00:00,2025,3,29,13,An Giang,Xã Giồng Riềng,9.9237413,105.2736878,93,Moderate,1,35.6,36,0.0,14.3,95,1007.6,100,19.9,21.5,171.0,2.3,107.0,7.3
2025-03-29 14:00:00,2025,3,29,14,An Giang,Xã Giồng Riềng,9.9237413,105.2736878,92,Moderate,1,35.8,36,0.0,14.1,83,1006.3,83,19.4,20.8,167.0,2.1,108.0,6.9
2025-03-29 15:00:00,2025,3,29,15,An Giang,Xã Giồng Riềng,9.9237413,105.2736878,91,Moderate,1,35.7,37,0.1,14.1,84,1005.4,75,18.5,19.8,163.0,2.1,108.0,6.8
2025-03-29 16:00:00,2025,3,29,16,An Giang,Xã Giồng Riềng,9.9237413,105.2736878,90,Moderate,1,35.9,36,0.1,16.6,90,1004.7,24,16.9,17.9,164.0,3.1,104.0,7.0
2025-03-29 17:00:00,2025,3,29,17,An Giang,Xã Giồng Riềng,9.9237413,105.2736878,88,Moderate,1,35.2,37,0.0,15.3,98,1004.8,13,16.4,17.4,173.0,5.7,95.0,7.8
2025-03-29 18:00:00,2025,3,29,18,An Giang,Xã Giồng Riềng,9.9237413,105.2736878,87,Moderate,1,33.5,40,0.0,8.4,140,1005.6,29,17.1,18.0,186.0,9.3,83.0,9.0
2025-03-29 19:00:00,2025,3,29,19,An Giang,Xã Giồng Riềng,9.9237413,105.2736878,85,Moderate,1,31.0,48,0.0,6.5,175,1007.0,36,22.0,23.2,193.0,12.8,64.0,9.2
2025-03-29 20:00:00,2025,3,29,20,An Giang,Xã Giồng Riềng,9.9237413,105.2736878,83,Moderate,1,30.2,56,0.0,12.5,125,1008.0,79,23.5,25.1,190.0,13.9,57.0,9.5
2025-03-29 21:00:00,2025,3,29,21,An Giang,Xã Giồng Riềng,9.9237413,105.2736878,80,Moderate,1,28.8,65,0.0,14.1,118,1009.1,92,23.6,25.4,181.0,15.5,48.0,10.0
2025-03-29 22:00:00,2025,3,29,22,An Giang,Xã Giồng Riềng,9.9237413,105.2736878,78,Moderate,1,28.0,69,0.0,13.4,116,1010.3,99,24.2,26.1,174.0,16.9,41.0,10.2
2025-03-29 23:00:00,2025,3,29,23,An Giang,Xã Giồng Riềng,9.9237413,105.2736878,77,Moderate,1,27.5,73,0.0,12.2,119,1010.8,98,25.0,27.1,170.0,17.9,38.0,9.9
2025-03-30 00:00:00,2025,3,30,0,An Giang,Xã Giồng Riềng,9.9237413,105.2736878,76,Moderate,1,27.0,77,0.0,12.4,131,1010.4,71,26.2,28.4,168.0,18.7,36.0,9.4
2025-03-30 01:00:00,2025,3,30,1,An Giang,Xã Giồng Riềng,9.9237413,105.2736878,76,Moderate,1,26.6,81,0.0,11.3,133,1010.0,78,29.0,31.3,165.0,19.6,35.0,8.9
2025-03-30 02:00:00,2025,3,30,2,An Giang,Xã Giồng Riềng,9.9237413,105.2736878,76,Moderate,1,26.3,84,0.0,10.2,139,1009.4,49,31.8,34.0,160.0,21.2,32.0,8.5
2025-03-30 03:00:00,2025,3,30,3,An Giang,Xã Giồng Riềng,9.9237413,105.2736878,77,Moderate,1,26.0,86,0.0,8.7,120,1008.9,16,34.8,37.0,154.0,22.9,29.0,8.1
2025-03-30 04:00:00,2025,3,30,4,An Giang,Xã Giồng Riềng,9.9237413,105.2736878,78,Moderate,1,25.9,87,0.0,9.3,118,1008.9,22,34.9,37.4,153.0,23.5,28.0,8.1
2025-03-30 05:00:00,2025,3,30,5,An Giang,Xã Giồng Riềng,9.9237413,105.2736878,78,Moderate,1,25.8,88,0.0,10.3,117,1009.2,46,40.4,42.5,162.0,22.6,28.0,8.7
2025-03-30 06:00:00,2025,3,30,6,An Giang,Xã Giồng Riềng,9.9237413,105.2736878,79,Moderate,1,25.5,90,0.0,9.3,99,1009.7,100,44.6,46.4,175.0,20.5,30.0,9.6
2025-03-30 07:00:00,2025,3,30,7,An Giang,Xã Giồng Riềng,9.9237413,105.2736878,80,Moderate,1,26.6,85,0.1,14.6,94,1010.4,33,24.8,27.1,181.0,14.8,36.0,8.6
2025-03-30 08:00:00,2025,3,30,8,An Giang,Xã Giồng Riềng,9.9237413,105.2736878,79,Moderate,1,28.4,74,0.0,15.9,96,1011.4,90,17.8,20.0,173.0,11.5,45.0,8.0
2025-03-30 09:00:00,2025,3,30,9,An Giang,Xã Giồng Riềng,9.9237413,105.2736878,78,Moderate,1,30.5,63,0.0,17.2,97,1011.8,41,15.3,18.0,158.0,7.0,58.0,7.2
2025-03-30 10:00:00,2025,3,30,10,An Giang,Xã Giồng Riềng,9.9237413,105.2736878,77,Moderate,1,32.4,55,0.0,16.2,92,1011.7,100,14.6,17.9,148.0,3.5,71.0,6.6
2025-03-30 11:00:00,2025,3,30,11,An Giang,Xã Giồng Riềng,9.9237413,105.2736878,76,Moderate,1,33.9,50,0.0,15.0,93,1011.3,95,15.1,18.9,147.0,2.2,83.0,6.5
2025-03-30 12:00:00,2025,3,30,12,An Giang,Xã Giồng Riềng,9.9237413,105.2736878,76,Moderate,1,35.0,47,0.0,14.4,88,1010.3,100,15.5,19.0,151.0,1.9,94.0,6.5
2025-03-30 13:00:00,2025,3,30,13,An Giang,Xã Giồng Riềng,9.9237413,105.2736878,75,Moderate,1,35.5,45,0.0,13.3,88,1009.2,100,15.5,18.2,153.0,1.9,102.0,6.6
2025-03-30 14:00:00,2025,3,30,14,An Giang,Xã Giồng Riềng,9.9237413,105.2736878,75,Moderate,1,35.8,43,0.0,13.3,90,1008.0,100,14.5,15.8,150.0,1.8,106.0,6.5
2025-03-30 15:00:00,2025,3,30,15,An Giang,Xã Giồng Riềng,9.9237413,105.2736878,74,Moderate,1,35.0,45,0.1,13.9,93,1007.1,95,14.8,16.1,146.0,1.9,107.0,6.4
2025-03-30 16:00:00,2025,3,30,16,An Giang,Xã Giồng Riềng,9.9237413,105.2736878,74,Moderate,1,34.3,47,0.1,11.2,118,1006.8,45,15.0,16.2,148.0,2.8,104.0,6.5
2025-03-30 17:00:00,2025,3,30,17,An Giang,Xã Giồng Riềng,9.9237413,105.2736878,74,Moderate,1,32.7,51,0.1,6.7,142,1007.1,83,15.3,16.4,163.0,5.0,95.0,7.1
2025-03-30 18:00:00,2025,3,30,18,An Giang,Xã Giồng Riềng,9.9237413,105.2736878,74,Moderate,1,31.0,57,0.3,8.4,155,1008.0,65,16.6,17.6,183.0,8.0,83.0,8.0
2025-03-30 19:00:00,2025,3,30,19,An Giang,Xã Giồng Riềng,9.9237413,105.2736878,74,Moderate,1,28.5,76,0.6,10.9,202,1008.9,60,19.3,20.3,195.0,9.5,73.0,8.7
2025-03-30 20:00:00,2025,3,30,20,An Giang,Xã Giồng Riềng,9.9237413,105.2736878,73,Moderate,1,28.9,71,0.1,7.9,169,1009.3,92,19.1,20.0,189.0,10.4,67.0,8.8
2025-03-30 21:00:00,2025,3,30,21,An Giang,Xã Giồng Riềng,9.9237413,105.2736878,73,Moderate,1,28.5,71,0.0,12.5,129,1010.1,94,19.6,20.6,175.0,11.7,59.0,9.0
2025-03-30 22:00:00,2025,3,30,22,An Giang,Xã Giồng Riềng,9.9237413,105.2736878,73,Moderate,1,28.0,74,0.0,12.2,115,1010.8,78,21.5,22.6,165.0,12.8,53.0,8.9
2025-03-30 23:00:00,2025,3,30,23,An Giang,Xã Giồng Riềng,9.9237413,105.2736878,72,Moderate,1,27.5,78,0.0,11.5,125,1011.2,84,22.7,24.1,165.0,13.3,51.0,8.4
2025-03-31 00:00:00,2025,3,31,0,An Giang,Xã Giồng Riềng,9.9237413,105.2736878,72,Moderate,1,27.0,81,0.0,10.8,132,1010.8,66,24.5,26.3,170.0,13.7,50.0,7.8
2025-03-31 01:00:00,2025,3,31,1,An Giang,Xã Giồng Riềng,9.9237413,105.2736878,72,Moderate,1,26.6,82,0.0,8.9,148,1010.6,96,26.7,28.9,175.0,14.6,49.0,7.3
2025-03-31 02:00:00,2025,3,31,2,An Giang,Xã Giồng Riềng,9.9237413,105.2736878,72,Moderate,1,26.3,84,0.0,7.8,142,1010.1,98,29.2,31.5,177.0,16.7,45.0,7.0
2025-03-31 03:00:00,2025,3,31,3,An Giang,Xã Giồng Riềng,9.9237413,105.2736878,72,Moderate,1,26.0,85,0.0,4.3,135,1009.8,91,32.6,35.2,178.0,19.4,41.0,6.9
2025-03-31 04:00:00,2025,3,31,4,An Giang,Xã Giồng Riềng,9.9237413,105.2736878,71,Moderate,1,25.6,87,0.0,3.6,135,1009.3,98,38.8,41.4,183.0,21.6,38.0,7.3
2025-03-31 05:00:00,2025,3,31,5,An Giang,Xã Giồng Riềng,9.9237413,105.2736878,72,Moderate,1,25.7,87,0.0,4.5,83,1009.5,89,46.4,49.4,195.0,23.4,35.0,8.7
2025-03-31 06:00:00,2025,3,31,6,An Giang,Xã Giồng Riềng,9.9237413,105.2736878,72,Moderate,1,25.6,87,0.0,4.9,57,1009.9,77,59.4,62.6,210.0,24.6,34.0,10.5
2025-03-31 07:00:00,2025,3,31,7,An Giang,Xã Giồng Riềng,9.9237413,105.2736878,74,Moderate,1,27.0,80,0.0,6.1,71,1010.4,91,44.9,48.4,219.0,21.6,43.0,11.6
2025-03-31 08:00:00,2025,3,31,8,An Giang,Xã Giồng Riềng,9.9237413,105.2736878,75,Moderate,1,28.7,74,0.0,9.7,51,1011.1,98,36.8,40.4,218.0,17.0,62.0,11.5
2025-03-31 09:00:00,2025,3,31,9,An Giang,Xã Giồng Riềng,9.9237413,105.2736878,77,Moderate,1,30.5,66,0.1,11.3,56,1011.8,94,29.6,31.5,211.0,10.6,89.0,11.2
2025-03-31 10:00:00,2025,3,31,10,An Giang,Xã Giồng Riềng,9.9237413,105.2736878,78,Moderate,1,32.2,58,0.0,12.9,41,1011.6,100,28.6,29.9,206.0,5.6,113.0,10.7
2025-03-31 11:00:00,2025,3,31,11,An Giang,Xã Giồng Riềng,9.9237413,105.2736878,80,Moderate,1,33.2,53,0.0,13.5,27,1011.4,99,29.4,30.5,205.0,3.4,131.0,9.7
2025-03-31 12:00:00,2025,3,31,12,An Giang,Xã Giồng Riềng,9.9237413,105.2736878,81,Moderate,1,33.3,51,0.0,11.6,19,1010.4,89,30.4,31.4,206.0,2.6,146.0,8.4
2025-03-31 13:00:00,2025,3,31,13,An Giang,Xã Giồng Riềng,9.9237413,105.2736878,82,Moderate,1,34.2,49,0.0,11.4,13,1009.0,100,32.6,33.8,208.0,2.5,154.0,7.3
2025-03-31 14:00:00,2025,3,31,14,An Giang,Xã Giồng Riềng,9.9237413,105.2736878,84,Moderate,1,33.5,50,0.0,8.6,10,1008.0,100,32.5,33.6,209.0,2.7,153.0,6.6
2025-03-31 15:00:00,2025,3,31,15,An Giang,Xã Giồng Riềng,9.9237413,105.2736878,85,Moderate,1,32.3,53,0.1,7.6,47,1007.7,100,31.9,32.9,212.0,3.5,145.0,6.1
2025-03-31 16:00:00,2025,3,31,16,An Giang,Xã Giồng Riềng,9.9237413,105.2736878,87,Moderate,1,29.0,78,2.2,5.4,76,1007.6,100,33.5,34.6,223.0,5.0,135.0,6.1
2025-03-31 17:00:00,2025,3,31,17,An Giang,Xã Giồng Riềng,9.9237413,105.2736878,93,Moderate,1,28.5,77,1.3,1.8,66,1007.6,100,38.6,39.7,251.0,7.3,122.0,6.7
2025-03-31 18:00:00,2025,3,31,18,An Giang,Xã Giồng Riềng,9.9237413,105.2736878,100,Moderate,1,28.0,79,0.1,2.5,21,1007.7,100,40.2,40.7,288.0,10.3,107.0,7.8
2025-03-31 19:00:00,2025,3,31,19,An Giang,Xã Giồng Riềng,9.9237413,105.2736878,99,Moderate,1,27.7,83,0.0,4.0,273,1008.3,100,48.2,48.9,317.0,13.4,96.0,9.1
2025-03-31 20:00:00,2025,3,31,20,An Giang,Xã Giồng Riềng,9.9237413,105.2736878,95,Moderate,1,26.8,94,0.0,2.6,214,1009.3,100,53.1,53.9,336.0,15.9,88.0,10.2
2025-03-31 21:00:00,2025,3,31,21,An Giang,Xã Giồng Riềng,9.9237413,105.2736878,98,Moderate,1,26.8,94,0.0,6.3,211,1009.7,100,62.2,62.9,348.0,19.4,78.0,11.8
2025-03-31 22:00:00,2025,3,31,22,An Giang,Xã Giồng Riềng,9.9237413,105.2736878,102,Unhealthy for Sensitive Groups,2,26.4,95,0.0,5.9,194,1010.4,100,66.4,67.1,344.0,21.9,69.0,12.8
2025-03-31 23:00:00,2025,3,31,23,An Giang,Xã Giồng Riềng,9.9237413,105.2736878,107,Unhealthy for Sensitive Groups,2,26.1,95,0.0,6.0,155,1010.4,100,69.4,70.1,314.0,22.7,64.0,12.7
2025-04-01 00:00:00,2025,4,1,0,An Giang,Xã Giồng Riềng,9.9237413,105.2736878,112,Unhealthy for Sensitive Groups,2,25.8,96,0.0,3.8,139,1010.1,95,69.6,70.1,270.0,22.6,60.0,12.1
2025-04-01 01:00:00,2025,4,1,1,An Giang,Xã Giồng Riềng,9.9237413,105.2736878,117,Unhealthy for Sensitive Groups,2,25.6,97,0.0,4.8,146,1009.5,100,69.2,69.8,234.0,22.2,58.0,11.6
2025-04-01 02:00:00,2025,4,1,2,An Giang,Xã Giồng Riềng,9.9237413,105.2736878,121,Unhealthy for Sensitive Groups,2,25.5,95,0.0,6.2,172,1008.7,100,68.5,69.2,216.0,21.5,56.0,11.4
2025-04-01 03:00:00,2025,4,1,3,An Giang,Xã Giồng Riềng,9.9237413,105.2736878,125,Unhealthy for Sensitive Groups,2,25.3,95,0.0,2.4,283,1008.8,98,66.8,67.3,208.0,20.6,56.0,11.2
2025-04-01 04:00:00,2025,4,1,4,An Giang,Xã Giồng Riềng,9.9237413,105.2736878,129,Unhealthy for Sensitive Groups,2,25.2,94,0.2,3.3,77,1008.5,98,61.2,61.9,206.0,20.0,55.0,11.1
2025-04-01 05:00:00,2025,4,1,5,An Giang,Xã Giồng Riềng,9.9237413,105.2736878,131,Unhealthy for Sensitive Groups,2,25.0,95,0.4,1.5,315,1009.0,98,55.5,56.1,215.0,20.5,51.0,10.9
2025-04-01 06:00:00,2025,4,1,6,An Giang,Xã Giồng Riềng,9.9237413,105.2736878,132,Unhealthy for Sensitive Groups,2,24.8,95,0.4,5.8,214,1009.6,100,49.2,49.7,231.0,21.3,47.0,10.8
2025-04-01 07:00:00,2025,4,1,7,An Giang,Xã Giồng Riềng,9.9237413,105.2736878,131,Unhealthy for Sensitive Groups,2,24.7,94,0.9,5.9,110,1010.3,100,38.6,39.1,239.0,17.9,54.0,8.9
2025-04-01 08:00:00,2025,4,1,8,An Giang,Xã Giồng Riềng,9.9237413,105.2736878,130,Unhealthy for Sensitive Groups,2,26.9,86,0.0,1.3,106,1010.9,100,29.7,31.0,231.0,14.2,72.0,9.8
2025-04-01 09:00:00,2025,4,1,9,An Giang,Xã Giồng Riềng,9.9237413,105.2736878,129,Unhealthy for Sensitive Groups,2,28.5,78,0.0,2.5,98,1011.3,79,24.7,26.4,215.0,9.2,97.0,10.9
2025-04-01 10:00:00,2025,4,1,10,An Giang,Xã Giồng Riềng,9.9237413,105.2736878,129,Unhealthy for Sensitive Groups,2,30.0,71,0.2,5.6,73,1011.2,61,21.9,23.6,204.0,5.2,117.0,11.4
2025-04-01 11:00:00,2025,4,1,11,An Giang,Xã Giồng Riềng,9.9237413,105.2736878,128,Unhealthy for Sensitive Groups,2,31.0,67,0.2,6.9,62,1010.9,76,20.5,21.8,204.0,3.3,126.0,10.5
2025-04-01 12:00:00,2025,4,1,12,An Giang,Xã Giồng Riềng,9.9237413,105.2736878,127,Unhealthy for Sensitive Groups,2,32.7,60,0.2,11.9,51,1009.6,96,19.5,20.4,209.0,2.4,130.0,8.8
2025-04-01 13:00:00,2025,4,1,13,An Giang,Xã Giồng Riềng,9.9237413,105.2736878,126,Unhealthy for Sensitive Groups,2,31.8,61,0.1,9.4,110,1009.1,100,17.6,18.2,214.0,2.2,131.0,7.6
2025-04-01 14:00:00,2025,4,1,14,An Giang,Xã Giồng Riềng,9.9237413,105.2736878,125,Unhealthy for Sensitive Groups,2,26.0,93,11.7,5.3,142,1008.7,100,17.1,17.6,216.0,2.1,130.0,7.1
2025-04-01 15:00:00,2025,4,1,15,An Giang,Xã Giồng Riềng,9.9237413,105.2736878,123,Unhealthy for Sensitive Groups,2,27.2,86,0.1,6.4,259,1008.2,100,18.3,18.9,218.0,2.6,125.0,6.9
2025-04-01 16:00:00,2025,4,1,16,An Giang,Xã Giồng Riềng,9.9237413,105.2736878,122,Unhealthy for Sensitive Groups,2,28.4,79,0.0,6.7,272,1008.2,98,19.3,19.8,221.0,4.6,116.0,7.2
2025-04-01 17:00:00,2025,4,1,17,An Giang,Xã Giồng Riềng,9.9237413,105.2736878,120,Unhealthy for Sensitive Groups,2,26.2,89,9.8,7.8,119,1009.0,100,20.4,20.7,224.0,9.2,99.0,8.2
2025-04-01 18:00:00,2025,4,1,18,An Giang,Xã Giồng Riềng,9.9237413,105.2736878,118,Unhealthy for Sensitive Groups,2,25.2,89,5.0,4.8,326,1009.0,96,23.2,23.7,227.0,15.4,78.0,9.7
2025-04-01 19:00:00,2025,4,1,19,An Giang,Xã Giồng Riềng,9.9237413,105.2736878,116,Unhealthy for Sensitive Groups,2,24.9,94,0.0,1.6,90,1009.7,99,36.6,38.0,236.0,19.1,67.0,11.3
2025-04-01 20:00:00,2025,4,1,20,An Giang,Xã Giồng Riềng,9.9237413,105.2736878,115,Unhealthy for Sensitive Groups,2,24.5,98,3.6,4.7,164,1011.2,100,42.7,44.2,259.0,22.7,59.0,12.4
2025-04-01 21:00:00,2025,4,1,21,An Giang,Xã Giồng Riềng,9.9237413,105.2736878,114,Unhealthy for Sensitive Groups,2,24.2,96,2.0,2.6,168,1011.0,43,49.6,51.0,287.0,27.6,49.0,14.0
2025-04-01 22:00:00,2025,4,1,22,An Giang,Xã Giồng Riềng,9.9237413,105.2736878,113,Unhealthy for Sensitive Groups,2,24.1,97,0.0,5.5,131,1011.1,99,55.4,56.9,298.0,31.2,41.0,15.0
2025-04-01 23:00:00,2025,4,1,23,An Giang,Xã Giồng Riềng,9.9237413,105.2736878,112,Unhealthy for Sensitive Groups,2,24.4,96,0.0,3.1,111,1011.5,99,49.5,51.5,275.0,31.8,38.0,15.0
2025-04-02 00:00:00,2025,4,2,0,An Giang,Xã Giồng Riềng,9.9237413,105.2736878,110,Unhealthy for Sensitive Groups,2,24.5,95,0.0,1.8,37,1011.2,100,50.1,52.2,234.0,31.0,38.0,14.5
2025-04-02 01:00:00,2025,4,2,1,An Giang,Xã Giồng Riềng,9.9237413,105.2736878,108,Unhealthy for Sensitive Groups,2,24.2,96,0.0,4.4,55,1010.2,99,51.6,53.8,208.0,31.0,37.0,14.1
2025-04-02 02:00:00,2025,4,2,2,An Giang,Xã Giồng Riềng,9.9237413,105.2736878,106,Unhealthy for Sensitive Groups,2,24.3,96,0.0,5.4,50,1009.6,98,53.0,55.2,208.0,33.4,32.0,13.7
2025-04-02 03:00:00,2025,4,2,3,An Giang,Xã Giồng Riềng,9.9237413,105.2736878,104,Unhealthy for Sensitive Groups,2,24.2,97,0.0,5.8,30,1008.9,100,55.1,57.3,223.0,36.6,25.0,13.4
2025-04-02 04:00:00,2025,4,2,4,An Giang,Xã Giồng Riềng,9.9237413,105.2736878,103,Unhealthy for Sensitive Groups,2,24.0,98,0.0,4.5,16,1008.9,100,60.3,62.6,246.0,38.4,22.0,13.5
2025-04-02 05:00:00,2025,4,2,5,An Giang,Xã Giồng Riềng,9.9237413,105.2736878,103,Unhealthy for Sensitive Groups,2,24.0,98,0.0,4.7,28,1009.4,100,67.3,69.6,284.0,38.3,22.0,14.8
2025-04-02 06:00:00,2025,4,2,6,An Giang,Xã Giồng Riềng,9.9237413,105.2736878,104,Unhealthy for Sensitive Groups,2,24.0,99,0.0,6.4,40,1010.1,99,71.0,73.6,329.0,36.8,24.0,16.6
2025-04-02 07:00:00,2025,4,2,7,An Giang,Xã Giồng Riềng,9.9237413,105.2736878,106,Unhealthy for Sensitive Groups,2,25.0,94,0.0,11.0,50,1010.6,100,62.9,65.9,357.0,30.8,36.0,17.9
2025-04-02 08:00:00,2025,4,2,8,An Giang,Xã Giồng Riềng,9.9237413,105.2736878,109,Unhealthy for Sensitive Groups,2,26.5,89,0.0,9.9,52,1011.6,100,48.2,51.5,354.0,24.6,56.0,16.7
2025-04-02 09:00:00,2025,4,2,9,An Giang,Xã Giồng Riềng,9.9237413,105.2736878,111,Unhealthy for Sensitive Groups,2,28.2,80,0.2,13.3,65,1012.5,100,31.9,34.9,334.0,15.9,83.0,14.9
2025-04-02 10:00:00,2025,4,2,10,An Giang,Xã Giồng Riềng,9.9237413,105.2736878,112,Unhealthy for Sensitive Groups,2,29.5,73,0.2,17.1,72,1011.8,100,24.1,26.3,305.0,8.9,106.0,13.1
2025-04-02 11:00:00,2025,4,2,11,An Giang,Xã Giồng Riềng,9.9237413,105.2736878,112,Unhealthy for Sensitive Groups,2,30.6,67,0.0,22.8,85,1011.3,91,20.4,21.4,264.0,5.2,122.0,11.1
2025-04-02 12:00:00,2025,4,2,12,An Giang,Xã Giồng Riềng,9.9237413,105.2736878,112,Unhealthy for Sensitive Groups,2,31.1,66,0.0,21.7,83,1010.7,100,17.5,18.0,216.0,3.2,133.0,9.0
2025-04-02 13:00:00,2025,4,2,13,An Giang,Xã Giồng Riềng,9.9237413,105.2736878,112,Unhealthy for Sensitive Groups,2,30.1,71,2.0,18.0,91,1009.6,97,14.3,14.7,179.0,2.4,135.0,7.4
2025-04-02 14:00:00,2025,4,2,14,An Giang,Xã Giồng Riềng,9.9237413,105.2736878,111,Unhealthy for Sensitive Groups,2,28.5,79,5.6,9.9,111,1009.1,99,10.9,11.2,164.0,2.9,122.0,6.8
2025-04-02 15:00:00,2025,4,2,15,An Giang,Xã Giồng Riềng,9.9237413,105.2736878,111,Unhealthy for Sensitive Groups,2,29.0,73,3.2,14.9,89,1008.4,100,10.9,11.3,161.0,4.7,100.0,6.7
2025-04-02 16:00:00,2025,4,2,16,An Giang,Xã Giồng Riềng,9.9237413,105.2736878,110,Unhealthy for Sensitive Groups,2,26.2,89,3.7,13.3,98,1009.1,100,12.9,14.0,164.0,6.3,83.0,6.7
2025-04-02 17:00:00,2025,4,2,17,An Giang,Xã Giồng Riềng,9.9237413,105.2736878,109,Unhealthy for Sensitive Groups,2,27.1,82,0.2,11.5,104,1008.7,93,15.0,16.4,173.0,7.6,76.0,6.6
2025-04-02 18:00:00,2025,4,2,18,An Giang,Xã Giồng Riềng,9.9237413,105.2736878,109,Unhealthy for Sensitive Groups,2,27.1,80,0.0,14.9,103,1009.3,66,14.0,15.4,189.0,8.7,73.0,6.7
2025-04-02 19:00:00,2025,4,2,19,An Giang,Xã Giồng Riềng,9.9237413,105.2736878,108,Unhealthy for Sensitive Groups,2,26.5,81,0.0,12.6,107,1010.3,61,14.1,15.5,201.0,8.9,76.0,6.7
2025-04-02 20:00:00,2025,4,2,20,An Giang,Xã Giồng Riềng,9.9237413,105.2736878,105,Unhealthy for Sensitive Groups,2,27.0,76,0.0,18.1,110,1010.5,29,14.0,15.3,208.0,9.6,72.0,6.9
2025-04-02 21:00:00,2025,4,2,21,An Giang,Xã Giồng Riềng,9.9237413,105.2736878,102,Unhealthy for Sensitive Groups,2,26.6,78,0.0,18.9,111,1011.3,3,14.8,16.0,213.0,10.5,67.0,7.1
2025-04-02 22:00:00,2025,4,2,22,An Giang,Xã Giồng Riềng,9.9237413,105.2736878,99,Moderate,1,26.3,80,0.0,16.7,110,1012.0,12,15.7,17.1,214.0,11.2,62.0,7.1
2025-04-02 23:00:00,2025,4,2,23,An Giang,Xã Giồng Riềng,9.9237413,105.2736878,95,Moderate,1,26.0,81,0.0,14.7,110,1012.3,73,16.2,17.5,209.0,11.5,60.0,6.8
2025-04-03 00:00:00,2025,4,3,0,An Giang,Xã Giồng Riềng,9.9237413,105.2736878,92,Moderate,1,25.9,81,0.0,13.6,113,1012.3,51,15.9,17.2,201.0,11.5,59.0,6.3
2025-04-03 01:00:00,2025,4,3,1,An Giang,Xã Giồng Riềng,9.9237413,105.2736878,89,Moderate,1,25.6,82,0.0,13.8,117,1011.9,36,15.8,17.1,195.0,11.8,57.0,5.9
2025-04-03 02:00:00,2025,4,3,2,An Giang,Xã Giồng Riềng,9.9237413,105.2736878,86,Moderate,1,25.5,82,0.0,14.9,115,1011.5,17,16.5,17.6,190.0,12.4,54.0,5.7
2025-04-03 03:00:00,2025,4,3,3,An Giang,Xã Giồng Riềng,9.9237413,105.2736878,83,Moderate,1,25.2,83,0.0,14.4,112,1011.2,4,17.3,18.4,187.0,13.3,52.0,5.6
2025-04-03 04:00:00,2025,4,3,4,An Giang,Xã Giồng Riềng,9.9237413,105.2736878,80,Moderate,1,25.0,83,0.0,14.3,114,1011.1,27,18.0,19.2,191.0,14.0,49.0,5.8
2025-04-03 05:00:00,2025,4,3,5,An Giang,Xã Giồng Riềng,9.9237413,105.2736878,76,Moderate,1,24.9,83,0.0,14.4,112,1011.3,12,19.3,20.3,209.0,14.9,44.0,6.3
2025-04-03 06:00:00,2025,4,3,6,An Giang,Xã Giồng Riềng,9.9237413,105.2736878,72,Moderate,1,24.9,83,0.0,14.4,94,1011.5,33,21.0,22.0,235.0,15.7,40.0,7.1
2025-04-03 07:00:00,2025,4,3,7,An Giang,Xã Giồng Riềng,9.9237413,105.2736878,67,Moderate,1,25.8,82,0.0,13.7,92,1012.1,97,20.9,21.9,257.0,14.1,45.0,7.4
2025-04-03 08:00:00,2025,4,3,8,An Giang,Xã Giồng Riềng,9.9237413,105.2736878,63,Moderate,1,27.4,76,0.0,16.9,98,1013.8,79,19.0,20.4,273.0,12.3,55.0,8.2
2025-04-03 09:00:00,2025,4,3,9,An Giang,Xã Giồng Riềng,9.9237413,105.2736878,61,Moderate,1,28.8,72,0.0,18.9,89,1014.0,21,17.5,19.4,284.0,9.7,70.0,9.3
2025-04-03 10:00:00,2025,4,3,10,An Giang,Xã Giồng Riềng,9.9237413,105.2736878,60,Moderate,1,30.2,63,0.0,21.7,84,1013.9,24,19.0,21.8,285.0,7.4,86.0,9.9
2025-04-03 11:00:00,2025,4,3,11,An Giang,Xã Giồng Riềng,9.9237413,105.2736878,59,Moderate,1,31.0,60,0.0,20.6,84,1013.5,16,20.1,22.9,270.0,5.4,104.0,9.6
2025-04-03 12:00:00,2025,4,3,12,An Giang,Xã Giồng Riềng,9.9237413,105.2736878,59,Moderate,1,31.8,59,0.0,18.1,84,1012.5,7,18.5,20.4,244.0,3.7,124.0,8.9
2025-04-03 13:00:00,2025,4,3,13,An Giang,Xã Giồng Riềng,9.9237413,105.2736878,59,Moderate,1,32.2,55,0.0,17.7,86,1011.2,4,16.9,18.3,221.0,2.5,136.0,8.2
2025-04-03 14:00:00,2025,4,3,14,An Giang,Xã Giồng Riềng,9.9237413,105.2736878,59,Moderate,1,32.5,53,0.0,16.9,88,1010.0,3,15.3,16.5,203.0,2.0,138.0,7.6
2025-04-03 15:00:00,2025,4,3,15,An Giang,Xã Giồng Riềng,9.9237413,105.2736878,60,Moderate,1,32.5,53,0.0,17.9,95,1009.0,7,14.4,15.7,187.0,2.0,133.0,7.0
2025-04-03 16:00:00,2025,4,3,16,An Giang,Xã Giồng Riềng,9.9237413,105.2736878,60,Moderate,1,31.9,53,0.0,18.1,96,1008.3,5,13.9,15.5,180.0,3.0,125.0,6.8
2025-04-03 17:00:00,2025,4,3,17,An Giang,Xã Giồng Riềng,9.9237413,105.2736878,61,Moderate,1,31.0,58,0.0,14.7,97,1008.2,5,14.3,16.4,187.0,5.5,112.0,7.2
2025-04-03 18:00:00,2025,4,3,18,An Giang,Xã Giồng Riềng,9.9237413,105.2736878,70,Moderate,1,29.4,64,0.0,13.9,103,1008.4,0,16.9,18.7,204.0,9.0,96.0,8.0
2025-04-03 19:00:00,2025,4,3,19,An Giang,Xã Giồng Riềng,9.9237413,105.2736878,72,Moderate,1,28.1,68,0.0,17.0,114,1009.1,0,24.8,25.5,219.0,14.2,98.0,11.0
2025-04-03 20:00:00,2025,4,3,20,An Giang,Xã Giồng Riềng,9.9237413,105.2736878,71,Moderate,1,27.5,70,0.0,14.8,113,1010.1,99,24.4,25.8,231.0,14.4,88.0,10.4
2025-04-03 21:00:00,2025,4,3,21,An Giang,Xã Giồng Riềng,9.9237413,105.2736878,64,Moderate,1,26.8,75,0.0,15.4,108,1010.6,100,22.3,23.6,242.0,14.7,74.0,9.6
2025-04-03 22:00:00,2025,4,3,22,An Giang,Xã Giồng Riềng,9.9237413,105.2736878,63,Moderate,1,26.1,79,0.0,14.0,106,1011.2,100,21.4,22.6,249.0,14.9,64.0,8.8
2025-04-03 23:00:00,2025,4,3,23,An Giang,Xã Giồng Riềng,9.9237413,105.2736878,63,Moderate,1,25.6,81,0.0,12.3,105,1011.4,99,21.8,23.0,251.0,15.1,61.0,8.1
2025-04-04 00:00:00,2025,4,4,0,An Giang,Xã Giồng Riềng,9.9237413,105.2736878,64,Moderate,1,25.2,83,0.0,10.3,101,1011.4,98,22.2,23.5,249.0,15.2,61.0,7.5
2025-04-04 01:00:00,2025,4,4,1,An Giang,Xã Giồng Riềng,9.9237413,105.2736878,64,Moderate,1,24.8,85,0.0,9.2,107,1010.9,96,22.8,24.2,248.0,15.3,61.0,6.9
2025-04-04 02:00:00,2025,4,4,2,An Giang,Xã Giồng Riềng,9.9237413,105.2736878,65,Moderate,1,24.4,86,0.0,9.1,124,1010.7,100,23.2,24.7,249.0,15.3,60.0,6.3
2025-04-04 03:00:00,2025,4,4,3,An Giang,Xã Giồng Riềng,9.9237413,105.2736878,66,Moderate,1,24.1,87,0.0,9.3,127,1010.2,96,23.5,25.0,252.0,15.3,60.0,5.8
2025-04-04 04:00:00,2025,4,4,4,An Giang,Xã Giồng Riềng,9.9237413,105.2736878,66,Moderate,1,24.0,87,0.0,10.0,124,1010.3,94,23.4,25.0,259.0,15.2,60.0,5.6
2025-04-04 05:00:00,2025,4,4,5,An Giang,Xã Giồng Riềng,9.9237413,105.2736878,67,Moderate,1,24.0,86,0.0,10.6,120,1010.6,98,23.7,25.4,276.0,15.3,58.0,5.8
2025-04-04 06:00:00,2025,4,4,6,An Giang,Xã Giồng Riềng,9.9237413,105.2736878,67,Moderate,1,23.9,86,0.0,10.9,110,1010.9,0,24.7,26.5,296.0,15.4,56.0,6.2
2025-04-04 07:00:00,2025,4,4,7,An Giang,Xã Giồng Riềng,9.9237413,105.2736878,67,Moderate,1,25.1,83,0.0,11.1,110,1011.3,0,25.0,26.6,308.0,14.0,61.0,6.6
2025-04-04 08:00:00,2025,4,4,8,An Giang,Xã Giồng Riềng,9.9237413,105.2736878,68,Moderate,1,27.4,77,0.0,15.2,117,1012.7,95,22.2,24.5,304.0,11.1,75.0,6.9
2025-04-04 09:00:00,2025,4,4,9,An Giang,Xã Giồng Riềng,9.9237413,105.2736878,68,Moderate,1,28.9,72,0.0,16.3,112,1013.1,99,20.5,23.5,292.0,7.0,93.0,7.2
2025-04-04 10:00:00,2025,4,4,10,An Giang,Xã Giồng Riềng,9.9237413,105.2736878,68,Moderate,1,30.4,65,0.0,15.5,110,1013.1,100,19.6,22.8,276.0,3.9,108.0,7.3
2025-04-04 11:00:00,2025,4,4,11,An Giang,Xã Giồng Riềng,9.9237413,105.2736878,68,Moderate,1,31.4,60,0.0,16.1,106,1012.7,100,17.2,19.8,257.0,2.6,115.0,7.0
2025-04-04 12:00:00,2025,4,4,12,An Giang,Xã Giồng Riềng,9.9237413,105.2736878,68,Moderate,1,32.3,54,0.0,14.8,99,1011.7,100,15.4,17.2,235.0,2.2,118.0,6.5
2025-04-04 13:00:00,2025,4,4,13,An Giang,Xã Giồng Riềng,9.9237413,105.2736878,68,Moderate,1,33.0,50,0.0,13.9,93,1010.8,100,13.9,15.1,218.0,2.1,119.0,6.1
2025-04-04 14:00:00,2025,4,4,14,An Giang,Xã Giồng Riềng,9.9237413,105.2736878,68,Moderate,1,32.9,49,0.0,14.2,93,1009.6,99,13.3,14.6,207.0,1.9,120.0,5.9
2025-04-04 15:00:00,2025,4,4,15,An Giang,Xã Giồng Riềng,9.9237413,105.2736878,67,Moderate,1,33.2,48,0.0,14.3,95,1008.5,100,12.8,14.1,201.0,1.9,118.0,5.9
2025-04-04 16:00:00,2025,4,4,16,An Giang,Xã Giồng Riềng,9.9237413,105.2736878,67,Moderate,1,32.7,49,0.0,15.0,109,1008.2,100,13.1,14.6,204.0,2.9,114.0,6.1
2025-04-04 17:00:00,2025,4,4,17,An Giang,Xã Giồng Riềng,9.9237413,105.2736878,67,Moderate,1,31.5,54,0.0,13.4,121,1008.2,99,14.8,16.7,221.0,5.4,104.0,6.7
2025-04-04 18:00:00,2025,4,4,18,An Giang,Xã Giồng Riềng,9.9237413,105.2736878,67,Moderate,1,29.8,61,0.0,11.4,131,1008.4,98,17.6,19.4,246.0,8.8,91.0,7.4
2025-04-04 19:00:00,2025,4,4,19,An Giang,Xã Giồng Riềng,9.9237413,105.2736878,67,Moderate,1,28.5,66,0.0,12.7,129,1009.1,90,30.2,33.2,266.0,13.2,78.0,8.9
2025-04-04 20:00:00,2025,4,4,20,An Giang,Xã Giồng Riềng,9.9237413,105.2736878,68,Moderate,1,27.6,69,0.0,13.1,124,1010.1,8,29.1,31.5,277.0,13.5,74.0,8.9
2025-04-04 21:00:00,2025,4,4,21,An Giang,Xã Giồng Riềng,9.9237413,105.2736878,68,Moderate,1,26.6,74,0.0,13.3,123,1011.0,72,27.6,29.9,283.0,13.9,69.0,8.8
2025-04-04 22:00:00,2025,4,4,22,An Giang,Xã Giồng Riềng,9.9237413,105.2736878,69,Moderate,1,25.7,81,0.0,10.2,121,1011.6,97,27.0,29.2,286.0,14.6,64.0,8.6
2025-04-04 23:00:00,2025,4,4,23,An Giang,Xã Giồng Riềng,9.9237413,105.2736878,69,Moderate,1,25.0,86,0.0,9.2,111,1011.8,93,27.4,29.5,286.0,15.6,61.0,8.3
2025-04-05 00:00:00,2025,4,5,0,An Giang,Xã Giồng Riềng,9.9237413,105.2736878,70,Moderate,1,24.6,88,0.0,8.2,104,1011.5,98,28.4,30.6,283.0,16.8,57.0,7.8
2025-04-05 01:00:00,2025,4,5,1,An Giang,Xã Giồng Riềng,9.9237413,105.2736878,70,Moderate,1,24.1,91,0.0,5.5,103,1011.1,95,31.0,33.1,280.0,18.3,54.0,7.5
2025-04-05 02:00:00,2025,4,5,2,An Giang,Xã Giồng Riềng,9.9237413,105.2736878,71,Moderate,1,23.6,93,0.0,4.6,121,1010.7,92,34.8,37.0,277.0,20.8,49.0,7.3
2025-04-05 03:00:00,2025,4,5,3,An Giang,Xã Giồng Riềng,9.9237413,105.2736878,72,Moderate,1,23.4,95,0.0,4.9,118,1010.1,14,39.1,41.3,273.0,23.7,43.0,7.2
2025-04-05 04:00:00,2025,4,5,4,An Giang,Xã Giồng Riềng,9.9237413,105.2736878,73,Moderate,1,23.1,96,0.0,4.9,96,1010.0,3,41.6,43.9,273.0,24.9,40.0,7.3
2025-04-05 05:00:00,2025,4,5,5,An Giang,Xã Giồng Riềng,9.9237413,105.2736878,75,Moderate,1,23.1,96,0.0,6.0,99,1010.4,1,42.4,44.8,282.0,23.5,42.0,7.7
2025-04-05 06:00:00,2025,4,5,6,An Giang,Xã Giồng Riềng,9.9237413,105.2736878,77,Moderate,1,23.0,97,0.0,6.1,113,1010.8,12,43.5,46.1,293.0,20.5,48.0,8.3
2025-04-05 07:00:00,2025,4,5,7,An Giang,Xã Giồng Riềng,9.9237413,105.2736878,78,Moderate,1,24.9,90,0.0,8.5,122,1011.5,20,31.5,36.0,293.0,14.0,60.0,7.7
2025-04-05 08:00:00,2025,4,5,8,An Giang,Xã Giồng Riềng,9.9237413,105.2736878,79,Moderate,1,27.6,77,0.0,15.8,114,1012.5,57,29.1,33.2,270.0,11.2,67.0,7.4
2025-04-05 09:00:00,2025,4,5,9,An Giang,Xã Giồng Riềng,9.9237413,105.2736878,80,Moderate,1,29.2,69,0.0,13.8,112,1012.9,44,23.7,28.1,235.0,7.3,77.0,7.1
2025-04-05 10:00:00,2025,4,5,10,An Giang,Xã Giồng Riềng,9.9237413,105.2736878,80,Moderate,1,30.5,63,0.0,10.1,110,1012.8,17,23.5,28.3,208.0,4.3,87.0,6.7
2025-04-05 11:00:00,2025,4,5,11,An Giang,Xã Giồng Riềng,9.9237413,105.2736878,80,Moderate,1,31.7,58,0.1,9.2,110,1012.0,35,24.0,29.1,197.0,2.9,96.0,6.4
2025-04-05 12:00:00,2025,4,5,12,An Giang,Xã Giồng Riềng,9.9237413,105.2736878,81,Moderate,1,32.5,54,0.0,9.4,110,1011.2,41,22.6,27.2,194.0,2.3,105.0,6.0
2025-04-05 13:00:00,2025,4,5,13,An Giang,Xã Giồng Riềng,9.9237413,105.2736878,81,Moderate,1,33.1,51,0.0,9.5,112,1010.1,56,21.7,25.4,192.0,2.1,111.0,5.9
2025-04-05 14:00:00,2025,4,5,14,An Giang,Xã Giồng Riềng,9.9237413,105.2736878,82,Moderate,1,33.5,49,0.1,9.6,113,1008.9,60,20.7,23.5,186.0,1.6,115.0,5.9
2025-04-05 15:00:00,2025,4,5,15,An Giang,Xã Giồng Riềng,9.9237413,105.2736878,83,Moderate,1,33.5,48,0.1,10.0,113,1008.1,30,20.5,22.5,183.0,1.5,118.0,6.2
2025-04-05 16:00:00,2025,4,5,16,An Giang,Xã Giồng Riềng,9.9237413,105.2736878,83,Moderate,1,33.1,50,0.0,10.6,111,1007.4,19,20.8,22.9,190.0,3.2,114.0,6.7
2025-04-05 17:00:00,2025,4,5,17,An Giang,Xã Giồng Riềng,9.9237413,105.2736878,84,Moderate,1,32.3,52,0.0,10.3,112,1007.1,19,22.6,24.8,221.0,8.2,101.0,7.9
2025-04-05 18:00:00,2025,4,5,18,An Giang,Xã Giồng Riềng,9.9237413,105.2736878,85,Moderate,1,30.5,66,0.0,3.0,123,1007.3,72,26.3,28.2,263.0,14.9,83.0,9.4
2025-04-05 19:00:00,2025,4,5,19,An Giang,Xã Giồng Riềng,9.9237413,105.2736878,86,Moderate,1,29.1,67,0.0,5.7,191,1007.8,83,47.3,50.2,291.0,20.9,63.0,11.0
2025-04-05 20:00:00,2025,4,5,20,An Giang,Xã Giồng Riềng,9.9237413,105.2736878,87,Moderate,1,28.0,74,0.0,6.6,197,1009.1,38,49.9,52.9,289.0,21.1,56.0,10.7
2025-04-05 21:00:00,2025,4,5,21,An Giang,Xã Giồng Riềng,9.9237413,105.2736878,89,Moderate,1,27.4,76,0.0,7.8,171,1010.0,14,46.2,48.8,273.0,21.4,46.0,10.3
2025-04-05 22:00:00,2025,4,5,22,An Giang,Xã Giồng Riềng,9.9237413,105.2736878,91,Moderate,1,26.5,81,0.0,7.4,158,1010.9,11,42.0,44.5,262.0,21.9,38.0,9.9
2025-04-05 23:00:00,2025,4,5,23,An Giang,Xã Giồng Riềng,9.9237413,105.2736878,92,Moderate,1,25.8,87,0.0,6.9,160,1011.2,0,39.8,42.3,264.0,22.5,34.0,9.3
2025-04-06 00:00:00,2025,4,6,0,An Giang,Xã Giồng Riềng,9.9237413,105.2736878,93,Moderate,1,25.0,91,0.0,6.3,160,1011.1,0,40.3,42.7,270.0,23.3,31.0,8.7
2025-04-06 01:00:00,2025,4,6,1,An Giang,Xã Giồng Riềng,9.9237413,105.2736878,94,Moderate,1,24.5,95,0.0,6.3,149,1010.8,1,42.4,44.9,274.0,24.2,29.0,8.3
2025-04-06 02:00:00,2025,4,6,2,An Giang,Xã Giồng Riềng,9.9237413,105.2736878,95,Moderate,1,24.2,97,0.0,6.6,139,1010.3,3,43.4,46.1,271.0,25.4,27.0,8.1
2025-04-06 03:00:00,2025,4,6,3,An Giang,Xã Giồng Riềng,9.9237413,105.2736878,96,Moderate,1,24.0,98,0.0,7.0,134,1009.9,10,44.7,47.5,264.0,26.7,26.0,8.1
2025-04-06 04:00:00,2025,4,6,4,An Giang,Xã Giồng Riềng,9.9237413,105.2736878,96,Moderate,1,23.8,99,0.0,5.8,120,1010.0,13,46.6,49.4,261.0,27.3,26.0,8.3
2025-04-06 05:00:00,2025,4,6,5,An Giang,Xã Giồng Riềng,9.9237413,105.2736878,97,Moderate,1,23.6,99,0.0,4.5,97,1010.4,96,49.0,51.8,267.0,27.1,26.0,9.0
2025-04-06 06:00:00,2025,4,6,6,An Giang,Xã Giồng Riềng,9.9237413,105.2736878,97,Moderate,1,24.0,99,0.0,5.3,80,1010.7,100,52.4,55.3,275.0,26.2,27.0,9.9
2025-04-06 07:00:00,2025,4,6,7,An Giang,Xã Giồng Riềng,9.9237413,105.2736878,98,Moderate,1,25.4,91,0.0,10.5,97,1011.5,91,53.8,57.6,272.0,23.4,33.0,10.0
2025-04-06 08:00:00,2025,4,6,8,An Giang,Xã Giồng Riềng,9.9237413,105.2736878,100,Moderate,1,27.4,81,0.0,11.2,100,1012.9,98,31.9,36.3,245.0,17.8,47.0,9.5
2025-04-06 09:00:00,2025,4,6,9,An Giang,Xã Giồng Riềng,9.9237413,105.2736878,100,Moderate,1,29.2,70,0.0,12.2,98,1013.1,100,24.6,28.9,207.0,10.1,68.0,8.8
2025-04-06 10:00:00,2025,4,6,10,An Giang,Xã Giồng Riềng,9.9237413,105.2736878,101,Unhealthy for Sensitive Groups,2,30.5,63,0.0,12.6,101,1012.7,100,21.7,25.0,178.0,4.2,85.0,8.1
2025-04-06 11:00:00,2025,4,6,11,An Giang,Xã Giồng Riềng,9.9237413,105.2736878,100,Moderate,1,32.2,54,0.0,14.6,99,1012.1,82,20.2,22.1,167.0,2.1,97.0,7.4
2025-04-06 12:00:00,2025,4,6,12,An Giang,Xã Giồng Riềng,9.9237413,105.2736878,100,Moderate,1,33.2,48,0.0,16.9,92,1010.8,37,19.7,21.4,165.0,1.9,106.0,6.6
2025-04-06 13:00:00,2025,4,6,13,An Giang,Xã Giồng Riềng,9.9237413,105.2736878,100,Moderate,1,33.2,49,0.0,17.4,96,1009.4,20,19.3,20.8,164.0,2.0,113.0,6.1
2025-04-06 14:00:00,2025,4,6,14,An Giang,Xã Giồng Riềng,9.9237413,105.2736878,99,Moderate,1,33.5,49,0.0,14.7,98,1008.1,4,18.8,20.1,160.0,1.7,117.0,5.9
2025-04-06 15:00:00,2025,4,6,15,An Giang,Xã Giồng Riềng,9.9237413,105.2736878,99,Moderate,1,33.8,47,0.0,13.7,100,1007.3,29,17.8,19.0,157.0,1.7,119.0,6.0
2025-04-06 16:00:00,2025,4,6,16,An Giang,Xã Giồng Riềng,9.9237413,105.2736878,99,Moderate,1,33.5,46,0.0,14.7,101,1006.7,3,16.9,18.0,159.0,2.8,116.0,6.4
2025-04-06 17:00:00,2025,4,6,17,An Giang,Xã Giồng Riềng,9.9237413,105.2736878,99,Moderate,1,32.7,48,0.0,14.6,92,1006.7,2,17.3,18.3,170.0,6.0,105.0,7.3
2025-04-06 18:00:00,2025,4,6,18,An Giang,Xã Giồng Riềng,9.9237413,105.2736878,98,Moderate,1,30.7,55,0.0,11.9,87,1007.3,5,19.6,20.5,186.0,10.3,90.0,8.6
2025-04-06 19:00:00,2025,4,6,19,An Giang,Xã Giồng Riềng,9.9237413,105.2736878,98,Moderate,1,28.9,62,0.0,11.1,103,1008.2,16,33.1,34.8,199.0,13.4,70.0,9.4
2025-04-06 20:00:00,2025,4,6,20,An Giang,Xã Giồng Riềng,9.9237413,105.2736878,96,Moderate,1,28.1,68,0.0,11.4,116,1009.4,27,33.5,34.9,205.0,14.8,62.0,9.8
2025-04-06 21:00:00,2025,4,6,21,An Giang,Xã Giồng Riềng,9.9237413,105.2736878,95,Moderate,1,27.2,74,0.0,11.6,114,1010.4,48,33.3,34.8,208.0,16.8,50.0,10.2
2025-04-06 22:00:00,2025,4,6,22,An Giang,Xã Giồng Riềng,9.9237413,105.2736878,94,Moderate,1,26.5,80,0.0,11.1,120,1011.5,79,32.9,34.5,209.0,18.5,41.0,10.4
2025-04-06 23:00:00,2025,4,6,23,An Giang,Xã Giồng Riềng,9.9237413,105.2736878,93,Moderate,1,25.8,84,0.0,11.2,123,1011.8,66,33.5,35.6,208.0,19.7,36.0,10.0
2025-04-07 00:00:00,2025,4,7,0,An Giang,Xã Giồng Riềng,9.9237413,105.2736878,92,Moderate,1,25.4,89,0.0,11.3,124,1011.9,52,33.6,35.9,205.0,20.6,34.0,9.2
2025-04-07 01:00:00,2025,4,7,1,An Giang,Xã Giồng Riềng,9.9237413,105.2736878,92,Moderate,1,25.1,92,0.0,10.2,129,1011.5,57,34.8,36.9,202.0,21.4,32.0,8.5
2025-04-07 02:00:00,2025,4,7,2,An Giang,Xã Giồng Riềng,9.9237413,105.2736878,91,Moderate,1,24.9,93,0.0,8.0,132,1011.5,77,36.3,38.5,197.0,22.7,30.0,8.0
2025-04-07 03:00:00,2025,4,7,3,An Giang,Xã Giồng Riềng,9.9237413,105.2736878,91,Moderate,1,24.7,93,0.0,7.0,125,1011.1,78,37.5,39.8,191.0,24.0,28.0,7.6
2025-04-07 04:00:00,2025,4,7,4,An Giang,Xã Giồng Riềng,9.9237413,105.2736878,90,Moderate,1,24.5,94,0.0,7.4,119,1011.5,71,38.1,40.4,189.0,23.7,28.0,7.3
2025-04-07 05:00:00,2025,4,7,5,An Giang,Xã Giồng Riềng,9.9237413,105.2736878,89,Moderate,1,24.3,94,0.0,7.7,120,1011.9,9,37.8,40.2,196.0,20.7,31.0,7.2
2025-04-07 06:00:00,2025,4,7,6,An Giang,Xã Giồng Riềng,9.9237413,105.2736878,88,Moderate,1,24.0,95,0.0,8.4,118,1012.3,86,36.2,38.5,206.0,16.2,37.0,7.2
2025-04-07 07:00:00,2025,4,7,7,An Giang,Xã Giồng Riềng,9.9237413,105.2736878,87,Moderate,1,25.9,84,0.0,14.4,110,1012.7,96,25.3,28.5,208.0,11.4,45.0,6.7
2025-04-07 08:00:00,2025,4,7,8,An Giang,Xã Giồng Riềng,9.9237413,105.2736878,84,Moderate,1,28.0,73,0.0,16.5,101,1013.5,94,21.7,24.9,192.0,9.1,55.0,6.9
2025-04-07 09:00:00,2025,4,7,9,An Giang,Xã Giồng Riềng,9.9237413,105.2736878,83,Moderate,1,29.7,64,0.0,17.6,98,1013.8,99,19.3,22.1,168.0,5.9,69.0,7.1
2025-04-07 10:00:00,2025,4,7,10,An Giang,Xã Giồng Riềng,9.9237413,105.2736878,83,Moderate,1,31.3,56,0.0,16.1,104,1013.7,98,17.8,19.4,152.0,3.4,83.0,7.1
2025-04-07 11:00:00,2025,4,7,11,An Giang,Xã Giồng Riềng,9.9237413,105.2736878,82,Moderate,1,32.7,50,0.0,14.9,107,1013.3,20,17.8,19.3,153.0,2.3,95.0,6.8
2025-04-07 12:00:00,2025,4,7,12,An Giang,Xã Giồng Riềng,9.9237413,105.2736878,82,Moderate,1,33.8,44,0.0,14.3,95,1012.1,28,18.7,20.1,162.0,2.0,106.0,6.3
2025-04-07 13:00:00,2025,4,7,13,An Giang,Xã Giồng Riềng,9.9237413,105.2736878,82,Moderate,1,34.7,41,0.0,14.4,89,1010.7,11,19.4,20.8,172.0,1.9,115.0,5.9
2025-04-07 14:00:00,2025,4,7,14,An Giang,Xã Giồng Riềng,9.9237413,105.2736878,82,Moderate,1,35.2,38,0.0,15.1,90,1009.4,4,19.4,20.8,182.0,1.7,121.0,5.8
2025-04-07 15:00:00,2025,4,7,15,An Giang,Xã Giồng Riềng,9.9237413,105.2736878,82,Moderate,1,35.0,36,0.0,16.1,86,1008.5,5,19.2,20.5,192.0,1.7,123.0,5.8
2025-04-07 16:00:00,2025,4,7,16,An Giang,Xã Giồng Riềng,9.9237413,105.2736878,82,Moderate,1,34.5,36,0.0,17.0,86,1008.1,0,19.0,20.3,202.0,2.7,121.0,6.1
2025-04-07 17:00:00,2025,4,7,17,An Giang,Xã Giồng Riềng,9.9237413,105.2736878,83,Moderate,1,33.2,40,0.0,16.2,91,1008.2,0,19.6,20.8,210.0,5.6,110.0,6.9
2025-04-07 18:00:00,2025,4,7,18,An Giang,Xã Giồng Riềng,9.9237413,105.2736878,83,Moderate,1,30.8,50,0.0,13.4,104,1009.0,0,21.2,22.4,217.0,9.5,94.0,8.0
2025-04-07 19:00:00,2025,4,7,19,An Giang,Xã Giồng Riềng,9.9237413,105.2736878,83,Moderate,1,29.2,54,0.0,12.7,108,1009.7,0,32.7,34.0,222.0,13.5,78.0,9.1
2025-04-07 20:00:00,2025,4,7,20,An Giang,Xã Giồng Riềng,9.9237413,105.2736878,83,Moderate,1,28.2,57,0.0,12.2,118,1010.8,34,29.9,31.3,223.0,13.9,70.0,9.1
2025-04-07 21:00:00,2025,4,7,21,An Giang,Xã Giồng Riềng,9.9237413,105.2736878,83,Moderate,1,27.3,61,0.0,13.1,128,1011.6,82,28.3,30.0,221.0,14.5,59.0,9.1
2025-04-07 22:00:00,2025,4,7,22,An Giang,Xã Giồng Riềng,9.9237413,105.2736878,82,Moderate,1,26.4,71,0.0,11.4,123,1012.3,87,28.6,30.9,220.0,15.1,51.0,8.9
2025-04-07 23:00:00,2025,4,7,23,An Giang,Xã Giồng Riềng,9.9237413,105.2736878,82,Moderate,1,25.8,78,0.0,11.5,117,1012.5,96,29.5,31.8,223.0,15.6,49.0,8.5
2025-04-08 00:00:00,2025,4,8,0,An Giang,Xã Giồng Riềng,9.9237413,105.2736878,81,Moderate,1,25.5,83,0.0,11.4,111,1012.5,100,30.3,32.7,227.0,16.1,49.0,8.1
2025-04-08 01:00:00,2025,4,8,1,An Giang,Xã Giồng Riềng,9.9237413,105.2736878,81,Moderate,1,25.4,86,0.0,10.6,116,1012.0,100,31.4,34.0,230.0,16.5,49.0,7.6
2025-04-08 02:00:00,2025,4,8,2,An Giang,Xã Giồng Riềng,9.9237413,105.2736878,81,Moderate,1,25.1,87,0.0,8.5,119,1011.6,100,32.7,35.3,228.0,16.8,48.0,7.1
2025-04-08 03:00:00,2025,4,8,3,An Giang,Xã Giồng Riềng,9.9237413,105.2736878,80,Moderate,1,24.8,89,0.0,3.9,112,1011.4,100,34.0,36.8,225.0,17.0,47.0,6.5
2025-04-08 04:00:00,2025,4,8,4,An Giang,Xã Giồng Riềng,9.9237413,105.2736878,80,Moderate,1,25.0,89,0.0,2.6,124,1011.5,94,36.0,38.8,227.0,17.3,46.0,6.3
2025-04-08 05:00:00,2025,4,8,5,An Giang,Xã Giồng Riềng,9.9237413,105.2736878,80,Moderate,1,24.7,90,0.0,2.7,152,1012.2,100,38.5,41.3,244.0,18.5,42.0,6.7
2025-04-08 06:00:00,2025,4,8,6,An Giang,Xã Giồng Riềng,9.9237413,105.2736878,80,Moderate,1,24.6,91,0.0,3.8,149,1012.8,98,43.0,45.8,266.0,19.8,37.0,7.3
2025-04-08 07:00:00,2025,4,8,7,An Giang,Xã Giồng Riềng,9.9237413,105.2736878,81,Moderate,1,26.3,84,0.0,4.8,119,1013.3,48,37.8,42.3,273.0,13.3,53.0,7.7
2025-04-08 08:00:00,2025,4,8,8,An Giang,Xã Giồng Riềng,9.9237413,105.2736878,82,Moderate,1,28.6,74,0.0,10.8,111,1014.1,94,32.2,36.3,249.0,10.5,63.0,7.5
2025-04-08 09:00:00,2025,4,8,9,An Giang,Xã Giồng Riềng,9.9237413,105.2736878,83,Moderate,1,30.3,64,0.0,14.0,108,1014.5,39,27.4,31.4,209.0,6.5,77.0,7.3
2025-04-08 10:00:00,2025,4,8,10,An Giang,Xã Giồng Riềng,9.9237413,105.2736878,83,Moderate,1,32.0,55,0.0,15.8,107,1014.1,45,23.4,26.5,179.0,3.5,90.0,7.0
2025-04-08 11:00:00,2025,4,8,11,An Giang,Xã Giồng Riềng,9.9237413,105.2736878,84,Moderate,1,33.0,50,0.0,16.7,101,1013.6,36,21.3,23.3,170.0,2.3,99.0,6.8
2025-04-08 12:00:00,2025,4,8,12,An Giang,Xã Giồng Riềng,9.9237413,105.2736878,84,Moderate,1,33.6,47,0.0,15.9,100,1012.6,87,21.2,23.2,170.0,1.9,106.0,6.6
2025-04-08 13:00:00,2025,4,8,13,An Giang,Xã Giồng Riềng,9.9237413,105.2736878,84,Moderate,1,34.5,44,0.0,14.6,100,1011.3,38,22.3,24.2,170.0,1.9,111.0,6.4
2025-04-08 14:00:00,2025,4,8,14,An Giang,Xã Giồng Riềng,9.9237413,105.2736878,85,Moderate,1,35.0,41,0.0,15.7,95,1009.9,50,20.5,22.1,167.0,1.8,113.0,6.2
2025-04-08 15:00:00,2025,4,8,15,An Giang,Xã Giồng Riềng,9.9237413,105.2736878,85,Moderate,1,35.0,40,0.0,15.5,100,1009.0,31,20.3,21.8,163.0,1.9,112.0,6.1
2025-04-08 16:00:00,2025,4,8,16,An Giang,Xã Giồng Riềng,9.9237413,105.2736878,85,Moderate,1,34.0,42,0.0,14.1,111,1008.9,24,19.8,21.2,163.0,3.0,108.0,6.3
2025-04-08 17:00:00,2025,4,8,17,An Giang,Xã Giồng Riềng,9.9237413,105.2736878,85,Moderate,1,33.0,45,0.0,14.5,115,1009.2,34,20.5,21.9,167.0,5.7,98.0,7.0
2025-04-08 18:00:00,2025,4,8,18,An Giang,Xã Giồng Riềng,9.9237413,105.2736878,85,Moderate,1,31.5,50,0.0,14.1,118,1010.0,44,21.7,22.9,175.0,9.2,84.0,8.0
2025-04-08 19:00:00,2025,4,8,19,An Giang,Xã Giồng Riềng,9.9237413,105.2736878,85,Moderate,1,30.3,55,0.0,14.9,124,1010.7,27,30.7,32.5,182.0,11.9,72.0,8.6
2025-04-08 20:00:00,2025,4,8,20,An Giang,Xã Giồng Riềng,9.9237413,105.2736878,85,Moderate,1,29.1,63,0.0,14.4,128,1011.6,92,31.1,32.7,190.0,12.7,66.0,8.6
2025-04-08 21:00:00,2025,4,8,21,An Giang,Xã Giồng Riềng,9.9237413,105.2736878,85,Moderate,1,28.2,70,0.0,12.1,130,1012.4,96,31.3,33.2,198.0,13.9,58.0,8.6
2025-04-08 22:00:00,2025,4,8,22,An Giang,Xã Giồng Riềng,9.9237413,105.2736878,85,Moderate,1,27.5,74,0.0,11.5,124,1012.8,100,32.1,34.8,203.0,14.9,52.0,8.5
2025-04-08 23:00:00,2025,4,8,23,An Giang,Xã Giồng Riềng,9.9237413,105.2736878,86,Moderate,1,27.0,78,0.0,11.3,124,1012.8,96,32.9,35.9,203.0,15.4,50.0,8.3
2025-04-09 00:00:00,2025,4,9,0,An Giang,Xã Giồng Riềng,9.9237413,105.2736878,86,Moderate,1,26.5,81,0.0,10.5,121,1012.1,29,33.5,36.6,200.0,15.9,51.0,8.1
2025-04-09 01:00:00,2025,4,9,1,An Giang,Xã Giồng Riềng,9.9237413,105.2736878,86,Moderate,1,26.1,85,0.0,9.2,121,1011.3,10,34.1,37.1,199.0,16.7,50.0,7.9
2025-04-09 02:00:00,2025,4,9,2,An Giang,Xã Giồng Riềng,9.9237413,105.2736878,86,Moderate,1,25.8,87,0.0,5.8,106,1010.6,71,35.6,38.6,200.0,18.5,46.0,7.7
2025-04-09 03:00:00,2025,4,9,3,An Giang,Xã Giồng Riềng,9.9237413,105.2736878,87,Moderate,1,25.5,89,0.0,3.5,69,1010.3,100,38.1,41.0,203.0,20.7,41.0,7.5
2025-04-09 04:00:00,2025,4,9,4,An Giang,Xã Giồng Riềng,9.9237413,105.2736878,87,Moderate,1,25.2,91,0.0,3.0,52,1010.3,100,41.7,44.5,206.0,22.4,37.0,7.7
2025-04-09 05:00:00,2025,4,9,5,An Giang,Xã Giồng Riềng,9.9237413,105.2736878,88,Moderate,1,25.2,91,0.0,5.9,88,1010.6,100,47.8,50.6,210.0,23.8,34.0,8.7
2025-04-09 06:00:00,2025,4,9,6,An Giang,Xã Giồng Riềng,9.9237413,105.2736878,88,Moderate,1,25.2,91,0.0,7.8,99,1011.1,100,56.7,59.5,214.0,24.6,33.0,10.1
2025-04-09 07:00:00,2025,4,9,7,An Giang,Xã Giồng Riềng,9.9237413,105.2736878,90,Moderate,1,26.7,83,0.0,12.1,100,1011.5,100,51.3,54.7,215.0,23.3,37.0,11.2
2025-04-09 08:00:00,2025,4,9,8,An Giang,Xã Giồng Riềng,9.9237413,105.2736878,91,Moderate,1,28.6,74,0.0,13.5,109,1012.6,66,36.8,41.8,210.0,17.7,52.0,10.3
2025-04-09 09:00:00,2025,4,9,9,An Giang,Xã Giồng Riềng,9.9237413,105.2736878,91,Moderate,1,30.1,67,0.1,12.8,109,1012.7,16,25.4,29.0,201.0,10.0,73.0,9.1
2025-04-09 10:00:00,2025,4,9,10,An Giang,Xã Giồng Riềng,9.9237413,105.2736878,91,Moderate,1,32.0,59,0.0,12.6,107,1012.3,11,22.5,24.9,193.0,4.1,91.0,8.1
2025-04-09 11:00:00,2025,4,9,11,An Giang,Xã Giồng Riềng,9.9237413,105.2736878,91,Moderate,1,33.2,53,0.0,11.4,108,1012.0,27,20.4,22.2,185.0,1.9,103.0,7.4
2025-04-09 12:00:00,2025,4,9,12,An Giang,Xã Giồng Riềng,9.9237413,105.2736878,91,Moderate,1,34.0,52,0.0,9.7,106,1010.9,24,20.0,21.5,177.0,1.5,111.0,6.9
2025-04-09 13:00:00,2025,4,9,13,An Giang,Xã Giồng Riềng,9.9237413,105.2736878,91,Moderate,1,34.8,48,0.0,9.4,108,1009.2,100,19.4,20.8,174.0,1.8,114.0,6.5
2025-04-09 14:00:00,2025,4,9,14,An Giang,Xã Giồng Riềng,9.9237413,105.2736878,90,Moderate,1,33.5,50,0.0,12.8,156,1008.0,100,17.9,19.2,180.0,2.1,109.0,6.1
2025-04-09 15:00:00,2025,4,9,15,An Giang,Xã Giồng Riềng,9.9237413,105.2736878,90,Moderate,1,26.7,89,9.2,7.9,169,1007.8,100,18.3,19.4,192.0,3.0,99.0,5.8
2025-04-09 16:00:00,2025,4,9,16,An Giang,Xã Giồng Riềng,9.9237413,105.2736878,90,Moderate,1,27.5,84,0.3,0.2,360,1007.6,99,20.7,21.8,204.0,4.8,88.0,5.8
2025-04-09 17:00:00,2025,4,9,17,An Giang,Xã Giồng Riềng,9.9237413,105.2736878,90,Moderate,1,28.0,83,0.1,4.3,338,1007.7,100,19.3,20.3,212.0,7.9,77.0,6.2
2025-04-09 18:00:00,2025,4,9,18,An Giang,Xã Giồng Riềng,9.9237413,105.2736878,90,Moderate,1,27.6,83,0.0,1.4,50,1008.1,100,22.9,23.8,220.0,11.8,65.0,6.9
2025-04-09 19:00:00,2025,4,9,19,An Giang,Xã Giồng Riềng,9.9237413,105.2736878,90,Moderate,1,26.9,90,0.0,2.4,333,1008.8,100,33.5,35.3,233.0,15.8,56.0,8.0
2025-04-09 20:00:00,2025,4,9,20,An Giang,Xã Giồng Riềng,9.9237413,105.2736878,90,Moderate,1,27.5,87,0.0,6.4,140,1009.2,59,40.5,41.7,262.0,18.8,49.0,8.6
2025-04-09 21:00:00,2025,4,9,21,An Giang,Xã Giồng Riềng,9.9237413,105.2736878,91,Moderate,1,27.2,87,0.0,9.3,158,1010.1,71,47.8,49.4,297.0,23.1,38.0,9.3
2025-04-09 22:00:00,2025,4,9,22,An Giang,Xã Giồng Riềng,9.9237413,105.2736878,93,Moderate,1,26.9,86,0.0,8.5,162,1011.2,99,48.8,50.5,314.0,26.5,30.0,9.7
2025-04-09 23:00:00,2025,4,9,23,An Giang,Xã Giồng Riềng,9.9237413,105.2736878,94,Moderate,1,26.4,89,0.0,7.9,147,1011.0,100,49.7,51.5,298.0,27.9,26.0,9.4
2025-04-10 00:00:00,2025,4,10,0,An Giang,Xã Giồng Riềng,9.9237413,105.2736878,96,Moderate,1,25.9,92,0.0,5.8,160,1010.4,98,48.9,50.8,265.0,28.6,24.0,8.7
2025-04-10 01:00:00,2025,4,10,1,An Giang,Xã Giồng Riềng,9.9237413,105.2736878,97,Moderate,1,25.5,94,0.0,5.1,157,1009.7,99,52.2,54.1,237.0,29.8,22.0,8.3
2025-04-10 02:00:00,2025,4,10,2,An Giang,Xã Giồng Riềng,9.9237413,105.2736878,99,Moderate,1,25.0,97,0.0,3.5,156,1009.1,97,60.5,62.6,222.0,33.0,17.0,8.3
2025-04-10 03:00:00,2025,4,10,3,An Giang,Xã Giồng Riềng,9.9237413,105.2736878,101,Unhealthy for Sensitive Groups,2,25.0,97,0.0,1.3,146,1009.0,100,67.5,69.8,214.0,36.8,13.0,8.6
2025-04-10 04:00:00,2025,4,10,4,An Giang,Xã Giồng Riềng,9.9237413,105.2736878,104,Unhealthy for Sensitive Groups,2,24.7,99,0.0,2.7,113,1008.5,97,67.8,70.1,211.0,38.7,11.0,9.2
2025-04-10 05:00:00,2025,4,10,5,An Giang,Xã Giồng Riềng,9.9237413,105.2736878,107,Unhealthy for Sensitive Groups,2,24.6,99,0.0,1.1,108,1008.9,95,69.8,72.2,220.0,37.8,13.0,10.4
2025-04-10 06:00:00,2025,4,10,6,An Giang,Xã Giồng Riềng,9.9237413,105.2736878,109,Unhealthy for Sensitive Groups,2,24.6,97,0.2,6.7,117,1009.0,98,78.2,80.6,235.0,34.9,19.0,11.8
2025-04-10 07:00:00,2025,4,10,7,An Giang,Xã Giồng Riềng,9.9237413,105.2736878,111,Unhealthy for Sensitive Groups,2,25.9,91,0.0,2.4,132,1009.8,100,56.2,59.3,241.0,25.2,30.0,10.1
2025-04-10 08:00:00,2025,4,10,8,An Giang,Xã Giồng Riềng,9.9237413,105.2736878,112,Unhealthy for Sensitive Groups,2,27.8,82,0.0,7.3,107,1010.7,100,34.9,38.5,228.0,19.3,45.0,9.9
2025-04-10 09:00:00,2025,4,10,9,An Giang,Xã Giồng Riềng,9.9237413,105.2736878,112,Unhealthy for Sensitive Groups,2,29.4,75,0.1,7.1,109,1011.4,99,26.1,29.8,206.0,11.1,67.0,9.5
2025-04-10 10:00:00,2025,4,10,10,An Giang,Xã Giồng Riềng,9.9237413,105.2736878,112,Unhealthy for Sensitive Groups,2,30.5,70,0.2,6.9,104,1011.4,100,23.4,27.5,187.0,5.0,84.0,8.9
2025-04-10 11:00:00,2025,4,10,11,An Giang,Xã Giồng Riềng,9.9237413,105.2736878,112,Unhealthy for Sensitive Groups,2,31.9,62,0.2,6.1,104,1010.6,100,22.3,25.1,177.0,2.7,94.0,7.9
2025-04-10 12:00:00,2025,4,10,12,An Giang,Xã Giồng Riềng,9.9237413,105.2736878,112,Unhealthy for Sensitive Groups,2,28.4,76,3.5,11.2,128,1009.9,100,21.6,23.1,170.0,2.3,99.0,6.8
2025-04-10 13:00:00,2025,4,10,13,An Giang,Xã Giồng Riềng,9.9237413,105.2736878,112,Unhealthy for Sensitive Groups,2,28.5,78,0.2,5.4,214,1009.2,100,21.9,23.2,166.0,2.9,100.0,6.0
2025-04-10 14:00:00,2025,4,10,14,An Giang,Xã Giồng Riềng,9.9237413,105.2736878,112,Unhealthy for Sensitive Groups,2,29.2,73,0.1,7.0,179,1008.0,100,21.8,23.1,164.0,4.1,94.0,5.7
2025-04-10 15:00:00,2025,4,10,15,An Giang,Xã Giồng Riềng,9.9237413,105.2736878,113,Unhealthy for Sensitive Groups,2,29.5,72,0.0,3.6,183,1006.4,100,20.4,21.6,165.0,6.1,83.0,5.8
2025-04-10 16:00:00,2025,4,10,16,An Giang,Xã Giồng Riềng,9.9237413,105.2736878,113,Unhealthy for Sensitive Groups,2,29.7,72,0.0,3.7,104,1005.6,100,25.3,26.2,171.0,9.1,71.0,6.4
2025-04-10 17:00:00,2025,4,10,17,An Giang,Xã Giồng Riềng,9.9237413,105.2736878,113,Unhealthy for Sensitive Groups,2,29.3,73,0.0,5.1,108,1005.6,100,27.7,28.6,181.0,13.2,60.0,7.8
2025-04-10 18:00:00,2025,4,10,18,An Giang,Xã Giồng Riềng,9.9237413,105.2736878,114,Unhealthy for Sensitive Groups,2,28.5,77,0.0,5.3,114,1005.8,100,34.6,35.3,196.0,18.3,49.0,9.7
2025-04-10 19:00:00,2025,4,10,19,An Giang,Xã Giồng Riềng,9.9237413,105.2736878,116,Unhealthy for Sensitive Groups,2,27.6,82,0.0,5.0,142,1006.3,100,40.6,41.0,228.0,20.3,51.0,12.2
2025-04-10 20:00:00,2025,4,10,20,An Giang,Xã Giồng Riềng,9.9237413,105.2736878,116,Unhealthy for Sensitive Groups,2,27.0,88,0.0,2.3,90,1007.1,100,47.5,48.0,297.0,23.8,44.0,13.5
2025-04-10 21:00:00,2025,4,10,21,An Giang,Xã Giồng Riềng,9.9237413,105.2736878,117,Unhealthy for Sensitive Groups,2,26.6,90,0.0,2.9,158,1007.7,100,57.3,57.9,383.0,28.6,35.0,15.3
2025-04-10 22:00:00,2025,4,10,22,An Giang,Xã Giồng Riềng,9.9237413,105.2736878,118,Unhealthy for Sensitive Groups,2,26.2,92,0.0,3.5,195,1008.4,100,62.9,64.0,430.0,32.8,27.0,16.3
2025-04-10 23:00:00,2025,4,10,23,An Giang,Xã Giồng Riềng,9.9237413,105.2736878,119,Unhealthy for Sensitive Groups,2,25.9,93,0.0,7.0,203,1009.0,100,67.8,69.2,405.0,35.6,21.0,15.8
2025-04-11 00:00:00,2025,4,11,0,An Giang,Xã Giồng Riềng,9.9237413,105.2736878,121,Unhealthy for Sensitive Groups,2,25.6,92,0.0,6.2,202,1009.2,99,66.6,68.2,342.0,37.6,17.0,14.5
2025-04-11 01:00:00,2025,4,11,1,An Giang,Xã Giồng Riềng,9.9237413,105.2736878,123,Unhealthy for Sensitive Groups,2,25.2,93,0.0,5.0,193,1008.4,99,71.5,73.1,286.0,39.0,13.0,13.2
2025-04-11 02:00:00,2025,4,11,2,An Giang,Xã Giồng Riềng,9.9237413,105.2736878,125,Unhealthy for Sensitive Groups,2,25.0,94,0.0,5.6,178,1007.8,27,77.8,79.4,250.0,39.8,9.0,12.2
2025-04-11 03:00:00,2025,4,11,3,An Giang,Xã Giồng Riềng,9.9237413,105.2736878,127,Unhealthy for Sensitive Groups,2,24.6,96,0.0,4.1,167,1007.2,25,77.3,78.9,220.0,40.0,6.0,11.2
2025-04-11 04:00:00,2025,4,11,4,An Giang,Xã Giồng Riềng,9.9237413,105.2736878,128,Unhealthy for Sensitive Groups,2,24.5,97,0.0,3.7,157,1007.2,76,75.7,77.1,204.0,38.7,7.0,10.6
2025-04-11 05:00:00,2025,4,11,5,An Giang,Xã Giồng Riềng,9.9237413,105.2736878,129,Unhealthy for Sensitive Groups,2,24.4,98,0.0,3.8,139,1007.4,95,79.2,80.6,211.0,35.8,12.0,10.7
2025-04-11 06:00:00,2025,4,11,6,An Giang,Xã Giồng Riềng,9.9237413,105.2736878,130,Unhealthy for Sensitive Groups,2,24.3,98,0.0,3.6,160,1008.0,94,90.6,92.4,231.0,31.5,21.0,11.1
2025-04-11 07:00:00,2025,4,11,7,An Giang,Xã Giồng Riềng,9.9237413,105.2736878,131,Unhealthy for Sensitive Groups,2,25.9,93,0.0,4.6,149,1008.8,11,90.8,91.5,240.0,36.8,34.0,14.9
2025-04-11 08:00:00,2025,4,11,8,An Giang,Xã Giồng Riềng,9.9237413,105.2736878,135,Unhealthy for Sensitive Groups,2,28.2,84,0.0,6.0,134,1009.8,99,46.6,47.8,224.0,27.2,51.0,13.1
2025-04-11 09:00:00,2025,4,11,9,An Giang,Xã Giồng Riềng,9.9237413,105.2736878,136,Unhealthy for Sensitive Groups,2,29.6,74,0.1,7.1,114,1009.9,100,22.4,24.5,196.0,14.0,75.0,10.5
2025-04-11 10:00:00,2025,4,11,10,An Giang,Xã Giồng Riềng,9.9237413,105.2736878,136,Unhealthy for Sensitive Groups,2,30.6,69,0.1,7.7,123,1009.9,99,17.3,18.6,174.0,4.2,94.0,8.3
2025-04-11 11:00:00,2025,4,11,11,An Giang,Xã Giồng Riềng,9.9237413,105.2736878,135,Unhealthy for Sensitive Groups,2,31.5,66,0.0,6.6,139,1009.7,100,16.1,16.8,165.0,1.1,103.0,7.0
2025-04-11 12:00:00,2025,4,11,12,An Giang,Xã Giồng Riềng,9.9237413,105.2736878,134,Unhealthy for Sensitive Groups,2,32.5,62,0.0,6.8,143,1008.9,100,15.7,16.4,161.0,1.3,107.0,6.0
2025-04-11 13:00:00,2025,4,11,13,An Giang,Xã Giồng Riềng,9.9237413,105.2736878,134,Unhealthy for Sensitive Groups,2,32.7,60,0.0,4.8,195,1007.8,99,15.5,16.1,159.0,1.9,107.0,5.2
2025-04-11 14:00:00,2025,4,11,14,An Giang,Xã Giồng Riềng,9.9237413,105.2736878,133,Unhealthy for Sensitive Groups,2,30.8,70,0.9,8.9,262,1006.7,99,13.9,14.5,155.0,1.6,102.0,4.3
2025-04-11 15:00:00,2025,4,11,15,An Giang,Xã Giồng Riềng,9.9237413,105.2736878,132,Unhealthy for Sensitive Groups,2,30.4,71,0.4,5.0,167,1006.1,93,13.4,13.9,153.0,1.7,92.0,3.6
2025-04-11 16:00:00,2025,4,11,16,An Giang,Xã Giồng Riềng,9.9237413,105.2736878,131,Unhealthy for Sensitive Groups,2,29.7,70,0.4,7.9,221,1005.8,91,28.5,29.5,158.0,3.0,81.0,3.3
2025-04-11 17:00:00,2025,4,11,17,An Giang,Xã Giồng Riềng,9.9237413,105.2736878,132,Unhealthy for Sensitive Groups,2,29.5,72,0.0,5.8,266,1005.9,74,19.3,19.8,174.0,6.4,70.0,3.9
2025-04-11 18:00:00,2025,4,11,18,An Giang,Xã Giồng Riềng,9.9237413,105.2736878,131,Unhealthy for Sensitive Groups,2,28.6,77,0.0,6.5,251,1007.1,54,23.7,24.3,198.0,11.0,57.0,4.9
2025-04-11 19:00:00,2025,4,11,19,An Giang,Xã Giồng Riềng,9.9237413,105.2736878,130,Unhealthy for Sensitive Groups,2,27.7,80,0.0,7.0,247,1008.1,50,31.2,32.7,221.0,17.9,54.0,7.0
2025-04-11 20:00:00,2025,4,11,20,An Giang,Xã Giồng Riềng,9.9237413,105.2736878,129,Unhealthy for Sensitive Groups,2,27.0,83,0.0,6.0,254,1008.3,8,34.5,35.7,241.0,18.0,50.0,7.1
2025-04-11 21:00:00,2025,4,11,21,An Giang,Xã Giồng Riềng,9.9237413,105.2736878,127,Unhealthy for Sensitive Groups,2,26.7,85,0.0,5.4,228,1009.2,40,32.2,33.4,261.0,18.2,45.0,7.1
2025-04-11 22:00:00,2025,4,11,22,An Giang,Xã Giồng Riềng,9.9237413,105.2736878,125,Unhealthy for Sensitive Groups,2,26.4,87,0.0,4.7,212,1009.9,83,32.7,33.9,279.0,19.0,40.0,7.1
2025-04-11 23:00:00,2025,4,11,23,An Giang,Xã Giồng Riềng,9.9237413,105.2736878,122,Unhealthy for Sensitive Groups,2,26.1,89,0.0,6.0,183,1010.3,86,36.9,38.1,295.0,20.6,35.0,6.8
2025-04-12 00:00:00,2025,4,12,0,An Giang,Xã Giồng Riềng,9.9237413,105.2736878,118,Unhealthy for Sensitive Groups,2,25.9,91,0.0,7.0,190,1010.4,74,39.9,41.1,309.0,22.8,29.0,6.4
2025-04-12 01:00:00,2025,4,12,1,An Giang,Xã Giồng Riềng,9.9237413,105.2736878,116,Unhealthy for Sensitive Groups,2,25.7,91,0.0,7.5,217,1009.4,98,42.3,43.3,318.0,25.5,23.0,6.2
2025-04-12 02:00:00,2025,4,12,2,An Giang,Xã Giồng Riềng,9.9237413,105.2736878,113,Unhealthy for Sensitive Groups,2,25.3,94,0.0,4.2,190,1008.8,81,50.2,51.3,320.0,29.6,15.0,6.4
2025-04-12 03:00:00,2025,4,12,3,An Giang,Xã Giồng Riềng,9.9237413,105.2736878,110,Unhealthy for Sensitive Groups,2,24.8,96,0.0,2.6,129,1008.3,0,59.6,60.8,318.0,34.3,8.0,6.9
2025-04-12 04:00:00,2025,4,12,4,An Giang,Xã Giồng Riềng,9.9237413,105.2736878,108,Unhealthy for Sensitive Groups,2,24.5,98,0.0,3.1,126,1008.0,78,63.3,64.5,315.0,37.1,4.0,7.6
2025-04-12 05:00:00,2025,4,12,5,An Giang,Xã Giồng Riềng,9.9237413,105.2736878,107,Unhealthy for Sensitive Groups,2,24.3,99,0.0,3.4,122,1008.4,73,66.4,67.5,316.0,37.4,5.0,8.8
2025-04-12 06:00:00,2025,4,12,6,An Giang,Xã Giồng Riềng,9.9237413,105.2736878,105,Unhealthy for Sensitive Groups,2,24.1,99,0.0,2.3,129,1009.4,100,76.8,78.0,316.0,35.9,11.0,10.3
2025-04-12 07:00:00,2025,4,12,7,An Giang,Xã Giồng Riềng,9.9237413,105.2736878,104,Unhealthy for Sensitive Groups,2,26.0,93,0.0,3.5,145,1010.1,72,78.5,79.9,302.0,32.0,22.0,10.4
2025-04-12 08:00:00,2025,4,12,8,An Giang,Xã Giồng Riềng,9.9237413,105.2736878,103,Unhealthy for Sensitive Groups,2,28.6,81,0.0,5.2,151,1010.5,49,32.6,34.7,261.0,23.8,40.0,9.3
2025-04-12 09:00:00,2025,4,12,9,An Giang,Xã Giồng Riềng,9.9237413,105.2736878,101,Unhealthy for Sensitive Groups,2,30.1,71,0.0,5.7,156,1011.0,17,18.9,21.1,206.0,12.5,65.0,7.7
2025-04-12 10:00:00,2025,4,12,10,An Giang,Xã Giồng Riềng,9.9237413,105.2736878,101,Unhealthy for Sensitive Groups,2,31.3,64,0.0,4.9,141,1011.0,17,14.9,16.4,165.0,4.0,84.0,6.4
2025-04-12 11:00:00,2025,4,12,11,An Giang,Xã Giồng Riềng,9.9237413,105.2736878,101,Unhealthy for Sensitive Groups,2,32.3,58,0.0,5.5,128,1010.6,12,13.0,13.9,151.0,1.3,93.0,5.5
2025-04-12 12:00:00,2025,4,12,12,An Giang,Xã Giồng Riềng,9.9237413,105.2736878,100,Moderate,1,33.2,53,0.0,6.4,128,1009.7,94,12.3,13.0,152.0,1.4,97.0,4.8
2025-04-12 13:00:00,2025,4,12,13,An Giang,Xã Giồng Riềng,9.9237413,105.2736878,100,Moderate,1,33.7,51,0.0,3.7,129,1008.5,95,11.8,12.3,154.0,1.8,98.0,4.3
2025-04-12 14:00:00,2025,4,12,14,An Giang,Xã Giồng Riềng,9.9237413,105.2736878,100,Moderate,1,33.5,50,0.0,2.3,219,1007.3,99,11.4,12.0,152.0,1.3,98.0,3.8
2025-04-12 15:00:00,2025,4,12,15,An Giang,Xã Giồng Riềng,9.9237413,105.2736878,99,Moderate,1,33.0,54,0.0,9.0,275,1006.8,34,10.9,11.7,152.0,1.0,95.0,3.4
2025-04-12 16:00:00,2025,4,12,16,An Giang,Xã Giồng Riềng,9.9237413,105.2736878,99,Moderate,1,31.5,64,0.1,12.0,282,1006.6,61,10.3,11.1,159.0,2.1,89.0,3.3
2025-04-12 17:00:00,2025,4,12,17,An Giang,Xã Giồng Riềng,9.9237413,105.2736878,97,Moderate,1,30.5,69,0.0,11.2,255,1006.3,63,10.6,11.4,177.0,5.2,77.0,3.7
2025-04-12 18:00:00,2025,4,12,18,An Giang,Xã Giồng Riềng,9.9237413,105.2736878,97,Moderate,1,29.6,70,0.0,8.0,211,1006.5,93,14.3,15.1,203.0,9.5,61.0,4.5
2025-04-12 19:00:00,2025,4,12,19,An Giang,Xã Giồng Riềng,9.9237413,105.2736878,96,Moderate,1,28.5,75,0.0,6.4,216,1007.4,22,32.0,33.6,229.0,18.2,38.0,6.3
2025-04-12 20:00:00,2025,4,12,20,An Giang,Xã Giồng Riềng,9.9237413,105.2736878,96,Moderate,1,27.6,79,0.0,6.5,185,1008.7,9,37.1,38.5,258.0,21.4,31.0,7.2
2025-04-12 21:00:00,2025,4,12,21,An Giang,Xã Giồng Riềng,9.9237413,105.2736878,96,Moderate,1,27.1,82,0.0,6.1,156,1009.4,0,44.4,45.5,287.0,25.9,22.0,8.3
2025-04-12 22:00:00,2025,4,12,22,An Giang,Xã Giồng Riềng,9.9237413,105.2736878,97,Moderate,1,26.6,85,0.0,5.4,166,1009.9,0,49.8,51.1,303.0,29.4,15.0,8.9
2025-04-12 23:00:00,2025,4,12,23,An Giang,Xã Giồng Riềng,9.9237413,105.2736878,99,Moderate,1,26.4,85,0.0,5.6,163,1010.0,0,51.0,52.2,295.0,30.5,12.0,8.4
2025-04-13 00:00:00,2025,4,13,0,An Giang,Xã Giồng Riềng,9.9237413,105.2736878,100,Moderate,1,26.0,87,0.0,4.1,165,1009.9,1,51.3,52.5,275.0,30.6,12.0,7.4
2025-04-13 01:00:00,2025,4,13,1,An Giang,Xã Giồng Riềng,9.9237413,105.2736878,101,Unhealthy for Sensitive Groups,2,25.6,89,0.0,3.9,164,1009.6,3,53.2,54.2,263.0,31.3,11.0,6.7
2025-04-13 02:00:00,2025,4,13,2,An Giang,Xã Giồng Riềng,9.9237413,105.2736878,102,Unhealthy for Sensitive Groups,2,25.4,90,0.0,4.3,178,1009.0,1,55.9,57.0,270.0,33.8,7.0,6.5
2025-04-13 03:00:00,2025,4,13,3,An Giang,Xã Giồng Riềng,9.9237413,105.2736878,103,Unhealthy for Sensitive Groups,2,25.1,92,0.0,4.8,169,1008.5,0,61.0,61.9,284.0,36.8,3.0,6.6
2025-04-13 04:00:00,2025,4,13,4,An Giang,Xã Giồng Riềng,9.9237413,105.2736878,103,Unhealthy for Sensitive Groups,2,24.9,94,0.0,5.2,151,1008.3,0,70.3,71.5,295.0,38.3,2.0,7.0
2025-04-13 05:00:00,2025,4,13,5,An Giang,Xã Giồng Riềng,9.9237413,105.2736878,104,Unhealthy for Sensitive Groups,2,24.8,95,0.0,5.9,133,1008.8,0,78.2,79.4,302.0,37.9,5.0,7.9
2025-04-13 06:00:00,2025,4,13,6,An Giang,Xã Giồng Riềng,9.9237413,105.2736878,105,Unhealthy for Sensitive Groups,2,24.7,96,0.0,5.5,122,1009.6,0,82.9,84.1,305.0,36.0,13.0,9.1
2025-04-13 07:00:00,2025,4,13,7,An Giang,Xã Giồng Riềng,9.9237413,105.2736878,106,Unhealthy for Sensitive Groups,2,26.5,89,0.0,6.7,114,1010.3,5,85.4,87.5,295.0,34.5,24.0,10.5
2025-04-13 08:00:00,2025,4,13,8,An Giang,Xã Giồng Riềng,9.9237413,105.2736878,106,Unhealthy for Sensitive Groups,2,29.4,78,0.0,7.2,112,1011.0,0,40.2,43.2,260.0,25.7,47.0,10.8
2025-04-13 09:00:00,2025,4,13,9,An Giang,Xã Giồng Riềng,9.9237413,105.2736878,107,Unhealthy for Sensitive Groups,2,31.0,70,0.0,6.9,95,1011.5,5,26.5,29.8,211.0,13.5,79.0,11.1
2025-04-13 10:00:00,2025,4,13,10,An Giang,Xã Giồng Riềng,9.9237413,105.2736878,108,Unhealthy for Sensitive Groups,2,32.0,65,0.1,7.6,90,1011.4,15,24.9,26.4,174.0,4.5,104.0,11.1
2025-04-13 11:00:00,2025,4,13,11,An Giang,Xã Giồng Riềng,9.9237413,105.2736878,109,Unhealthy for Sensitive Groups,2,33.0,62,0.0,8.8,94,1010.8,37,27.2,28.2,162.0,1.7,116.0,10.5
2025-04-13 12:00:00,2025,4,13,12,An Giang,Xã Giồng Riềng,9.9237413,105.2736878,111,Unhealthy for Sensitive Groups,2,33.7,58,0.0,9.8,98,1009.7,100,28.6,29.6,162.0,2.0,122.0,9.6
2025-04-13 13:00:00,2025,4,13,13,An Giang,Xã Giồng Riềng,9.9237413,105.2736878,112,Unhealthy for Sensitive Groups,2,34.2,55,0.0,11.2,93,1008.4,74,27.8,28.8,164.0,2.8,124.0,8.9
2025-04-13 14:00:00,2025,4,13,14,An Giang,Xã Giồng Riềng,9.9237413,105.2736878,114,Unhealthy for Sensitive Groups,2,31.4,66,0.9,13.2,128,1007.4,99,27.6,28.5,161.0,3.0,123.0,8.7
2025-04-13 15:00:00,2025,4,13,15,An Giang,Xã Giồng Riềng,9.9237413,105.2736878,116,Unhealthy for Sensitive Groups,2,29.2,75,0.3,10.1,178,1007.1,99,28.1,28.9,160.0,3.7,118.0,8.8
2025-04-13 16:00:00,2025,4,13,16,An Giang,Xã Giồng Riềng,9.9237413,105.2736878,117,Unhealthy for Sensitive Groups,2,28.9,76,0.1,7.0,184,1006.7,67,28.7,29.5,165.0,5.7,110.0,9.1
2025-04-13 17:00:00,2025,4,13,17,An Giang,Xã Giồng Riềng,9.9237413,105.2736878,119,Unhealthy for Sensitive Groups,2,29.3,73,0.0,4.8,195,1006.3,33,28.0,28.7,182.0,9.7,98.0,9.5
2025-04-13 18:00:00,2025,4,13,18,An Giang,Xã Giồng Riềng,9.9237413,105.2736878,121,Unhealthy for Sensitive Groups,2,28.9,76,0.0,3.8,177,1006.9,23,31.0,31.5,206.0,15.1,82.0,10.2
2025-04-13 19:00:00,2025,4,13,19,An Giang,Xã Giồng Riềng,9.9237413,105.2736878,123,Unhealthy for Sensitive Groups,2,28.1,83,0.0,1.7,167,1007.8,9,53.4,54.6,223.0,21.9,72.0,12.1
2025-04-13 20:00:00,2025,4,13,20,An Giang,Xã Giồng Riềng,9.9237413,105.2736878,125,Unhealthy for Sensitive Groups,2,28.0,86,0.0,6.8,138,1008.6,1,73.6,74.5,227.0,29.1,57.0,12.9
2025-04-13 21:00:00,2025,4,13,21,An Giang,Xã Giồng Riềng,9.9237413,105.2736878,129,Unhealthy for Sensitive Groups,2,27.6,86,0.0,7.1,135,1010.0,7,86.6,87.5,225.0,38.8,35.0,13.9
2025-04-13 22:00:00,2025,4,13,22,An Giang,Xã Giồng Riềng,9.9237413,105.2736878,133,Unhealthy for Sensitive Groups,2,27.3,87,0.0,8.0,134,1011.0,0,87.1,88.9,221.0,45.4,19.0,14.3
2025-04-13 23:00:00,2025,4,13,23,An Giang,Xã Giồng Riềng,9.9237413,105.2736878,137,Unhealthy for Sensitive Groups,2,26.6,90,0.0,7.1,135,1011.0,0,77.1,78.0,215.0,45.3,14.0,13.6
2025-04-14 00:00:00,2025,4,14,0,An Giang,Xã Giồng Riềng,9.9237413,105.2736878,140,Unhealthy for Sensitive Groups,2,26.1,93,0.0,7.9,131,1010.6,0,73.3,75.2,208.0,41.9,14.0,12.3
2025-04-14 01:00:00,2025,4,14,1,An Giang,Xã Giồng Riềng,9.9237413,105.2736878,142,Unhealthy for Sensitive Groups,2,25.5,96,0.0,3.7,113,1010.5,6,76.1,78.5,201.0,40.2,13.0,11.4
2025-04-14 02:00:00,2025,4,14,2,An Giang,Xã Giồng Riềng,9.9237413,105.2736878,145,Unhealthy for Sensitive Groups,2,25.2,97,0.0,3.9,112,1009.6,7,93.6,96.4,196.0,43.3,8.0,11.5
2025-04-14 03:00:00,2025,4,14,3,An Giang,Xã Giồng Riềng,9.9237413,105.2736878,148,Unhealthy for Sensitive Groups,2,25.2,97,0.0,6.0,107,1008.9,15,101.7,104.5,191.0,48.0,2.0,12.1
2025-04-14 04:00:00,2025,4,14,4,An Giang,Xã Giồng Riềng,9.9237413,105.2736878,151,Unhealthy,3,25.1,97,0.0,4.8,75,1009.1,33,99.0,101.5,189.0,49.4,1.0,12.6
2025-04-14 05:00:00,2025,4,14,5,An Giang,Xã Giồng Riềng,9.9237413,105.2736878,151,Unhealthy,3,25.0,97,0.0,5.5,71,1009.6,86,87.5,89.9,193.0,44.9,6.0,13.2
2025-04-14 06:00:00,2025,4,14,6,An Giang,Xã Giồng Riềng,9.9237413,105.2736878,151,Unhealthy,3,25.1,96,0.0,7.7,72,1010.2,94,86.8,89.2,199.0,37.2,15.0,13.8
2025-04-14 07:00:00,2025,4,14,7,An Giang,Xã Giồng Riềng,9.9237413,105.2736878,151,Unhealthy,3,26.8,88,0.0,11.9,80,1010.9,99,56.8,59.0,201.0,24.9,26.0,11.6
2025-04-14 08:00:00,2025,4,14,8,An Giang,Xã Giồng Riềng,9.9237413,105.2736878,151,Unhealthy,3,27.8,86,0.1,7.6,89,1011.6,97,30.7,33.5,195.0,18.7,43.0,10.6
2025-04-14 09:00:00,2025,4,14,9,An Giang,Xã Giồng Riềng,9.9237413,105.2736878,151,Unhealthy,3,29.5,74,0.1,11.3,90,1012.0,93,20.2,23.3,184.0,10.1,68.0,9.2
2025-04-14 10:00:00,2025,4,14,10,An Giang,Xã Giồng Riềng,9.9237413,105.2736878,151,Unhealthy,3,30.9,67,0.0,13.3,100,1011.6,98,19.2,22.9,176.0,3.7,88.0,8.0
2025-04-14 11:00:00,2025,4,14,11,An Giang,Xã Giồng Riềng,9.9237413,105.2736878,150,Unhealthy for Sensitive Groups,2,31.8,64,0.1,12.3,101,1011.3,100,18.4,22.1,174.0,1.5,101.0,7.1
2025-04-14 12:00:00,2025,4,14,12,An Giang,Xã Giồng Riềng,9.9237413,105.2736878,150,Unhealthy for Sensitive Groups,2,32.3,63,0.1,8.1,95,1010.7,100,17.1,20.4,174.0,1.4,110.0,6.4
2025-04-14 13:00:00,2025,4,14,13,An Giang,Xã Giồng Riềng,9.9237413,105.2736878,150,Unhealthy for Sensitive Groups,2,32.9,59,0.1,9.2,93,1009.4,100,16.9,19.8,174.0,1.8,115.0,5.9
2025-04-14 14:00:00,2025,4,14,14,An Giang,Xã Giồng Riềng,9.9237413,105.2736878,149,Unhealthy for Sensitive Groups,2,29.5,75,3.5,5.5,139,1008.8,99,16.1,18.3,171.0,1.8,114.0,5.4
2025-04-14 15:00:00,2025,4,14,15,An Giang,Xã Giồng Riềng,9.9237413,105.2736878,147,Unhealthy for Sensitive Groups,2,29.2,75,0.0,11.4,219,1008.2,83,15.5,16.8,167.0,2.2,108.0,5.1
2025-04-14 16:00:00,2025,4,14,16,An Giang,Xã Giồng Riềng,9.9237413,105.2736878,146,Unhealthy for Sensitive Groups,2,28.4,78,0.3,14.2,156,1008.3,100,18.3,19.8,172.0,4.0,99.0,5.2
2025-04-14 17:00:00,2025,4,14,17,An Giang,Xã Giồng Riềng,9.9237413,105.2736878,145,Unhealthy for Sensitive Groups,2,27.5,81,0.0,7.0,132,1008.2,100,19.7,20.7,194.0,8.3,85.0,5.9
2025-04-14 18:00:00,2025,4,14,18,An Giang,Xã Giồng Riềng,9.9237413,105.2736878,144,Unhealthy for Sensitive Groups,2,27.5,82,0.0,3.4,162,1008.7,100,22.4,23.5,223.0,14.1,67.0,6.9
2025-04-14 19:00:00,2025,4,14,19,An Giang,Xã Giồng Riềng,9.9237413,105.2736878,143,Unhealthy for Sensitive Groups,2,26.8,86,0.0,2.8,135,1009.6,100,33.2,35.2,243.0,15.6,71.0,8.9
2025-04-14 20:00:00,2025,4,14,20,An Giang,Xã Giồng Riềng,9.9237413,105.2736878,141,Unhealthy for Sensitive Groups,2,27.6,78,0.0,9.3,115,1009.9,100,37.3,39.6,242.0,15.2,71.0,8.9
2025-04-14 21:00:00,2025,4,14,21,An Giang,Xã Giồng Riềng,9.9237413,105.2736878,137,Unhealthy for Sensitive Groups,2,27.5,77,0.0,10.1,112,1010.8,100,33.4,35.6,231.0,14.6,70.0,8.9
2025-04-14 22:00:00,2025,4,14,22,An Giang,Xã Giồng Riềng,9.9237413,105.2736878,132,Unhealthy for Sensitive Groups,2,27.4,78,0.0,11.1,99,1011.3,100,28.3,30.5,222.0,14.2,70.0,8.7
2025-04-14 23:00:00,2025,4,14,23,An Giang,Xã Giồng Riềng,9.9237413,105.2736878,126,Unhealthy for Sensitive Groups,2,26.9,82,0.0,9.4,92,1011.5,100,25.7,27.8,222.0,14.1,70.0,8.2
2025-04-15 00:00:00,2025,4,15,0,An Giang,Xã Giồng Riềng,9.9237413,105.2736878,120,Unhealthy for Sensitive Groups,2,26.3,86,0.0,7.9,87,1011.2,100,25.2,27.2,224.0,14.3,70.0,7.6
2025-04-15 01:00:00,2025,4,15,1,An Giang,Xã Giồng Riềng,9.9237413,105.2736878,115,Unhealthy for Sensitive Groups,2,26.0,88,0.0,7.8,81,1010.6,100,26.2,28.2,223.0,14.6,69.0,7.1
2025-04-15 02:00:00,2025,4,15,2,An Giang,Xã Giồng Riềng,9.9237413,105.2736878,110,Unhealthy for Sensitive Groups,2,25.6,90,0.0,4.8,79,1009.8,26,27.5,29.5,212.0,15.4,67.0,6.8
2025-04-15 03:00:00,2025,4,15,3,An Giang,Xã Giồng Riềng,9.9237413,105.2736878,103,Unhealthy for Sensitive Groups,2,25.0,93,0.0,4.0,69,1009.2,99,28.6,30.7,198.0,16.4,65.0,6.7
2025-04-15 04:00:00,2025,4,15,4,An Giang,Xã Giồng Riềng,9.9237413,105.2736878,96,Moderate,1,24.9,94,0.0,3.1,50,1009.2,98,29.6,31.7,193.0,17.0,64.0,6.7
2025-04-15 05:00:00,2025,4,15,5,An Giang,Xã Giồng Riềng,9.9237413,105.2736878,90,Moderate,1,24.8,94,0.0,3.8,45,1009.3,100,29.0,31.2,207.0,17.4,62.0,6.9
2025-04-15 06:00:00,2025,4,15,6,An Giang,Xã Giồng Riềng,9.9237413,105.2736878,85,Moderate,1,24.6,95,0.0,3.4,72,1009.8,100,28.6,30.7,230.0,17.4,61.0,7.1
2025-04-15 07:00:00,2025,4,15,7,An Giang,Xã Giồng Riềng,9.9237413,105.2736878,80,Moderate,1,26.4,88,0.0,6.5,90,1010.3,100,49.0,51.9,245.0,24.5,49.0,10.3
2025-04-15 08:00:00,2025,4,15,8,An Giang,Xã Giồng Riềng,9.9237413,105.2736878,79,Moderate,1,28.2,78,0.0,12.2,109,1011.0,98,37.1,40.9,243.0,19.4,65.0,10.4
2025-04-15 09:00:00,2025,4,15,9,An Giang,Xã Giồng Riềng,9.9237413,105.2736878,80,Moderate,1,29.5,72,0.0,13.9,103,1011.3,100,31.5,35.7,233.0,12.3,87.0,10.6
2025-04-15 10:00:00,2025,4,15,10,An Giang,Xã Giồng Riềng,9.9237413,105.2736878,81,Moderate,1,30.7,67,0.0,15.5,98,1011.2,99,30.6,35.6,222.0,6.7,106.0,10.4
2025-04-15 11:00:00,2025,4,15,11,An Giang,Xã Giồng Riềng,9.9237413,105.2736878,82,Moderate,1,31.6,62,0.0,16.1,96,1010.6,100,27.9,32.4,211.0,4.1,120.0,9.7
2025-04-15 12:00:00,2025,4,15,12,An Giang,Xã Giồng Riềng,9.9237413,105.2736878,83,Moderate,1,32.7,57,0.0,16.7,97,1009.7,100,24.3,26.5,198.0,3.1,132.0,8.7
2025-04-15 13:00:00,2025,4,15,13,An Giang,Xã Giồng Riềng,9.9237413,105.2736878,83,Moderate,1,32.8,56,0.1,15.8,97,1008.7,100,24.3,25.8,191.0,2.6,139.0,7.9
2025-04-15 14:00:00,2025,4,15,14,An Giang,Xã Giồng Riềng,9.9237413,105.2736878,84,Moderate,1,33.1,57,0.1,13.9,95,1007.4,100,24.3,25.6,190.0,2.3,140.0,7.2
2025-04-15 15:00:00,2025,4,15,15,An Giang,Xã Giồng Riềng,9.9237413,105.2736878,85,Moderate,1,33.2,55,0.0,14.8,100,1006.5,100,22.8,24.0,193.0,2.6,137.0,6.6
2025-04-15 16:00:00,2025,4,15,16,An Giang,Xã Giồng Riềng,9.9237413,105.2736878,85,Moderate,1,29.7,75,1.4,15.3,59,1006.9,100,22.4,23.5,205.0,3.7,129.0,6.5
2025-04-15 17:00:00,2025,4,15,17,An Giang,Xã Giồng Riềng,9.9237413,105.2736878,86,Moderate,1,29.4,74,0.1,6.5,62,1006.8,93,24.1,25.2,233.0,6.3,115.0,7.2
2025-04-15 18:00:00,2025,4,15,18,An Giang,Xã Giồng Riềng,9.9237413,105.2736878,86,Moderate,1,28.4,76,0.4,12.3,3,1008.0,86,25.3,27.0,270.0,9.8,98.0,8.3
2025-04-15 19:00:00,2025,4,15,19,An Giang,Xã Giồng Riềng,9.9237413,105.2736878,86,Moderate,1,25.9,87,0.2,3.3,13,1009.2,91,34.6,35.9,291.0,15.5,83.0,10.5
2025-04-15 20:00:00,2025,4,15,20,An Giang,Xã Giồng Riềng,9.9237413,105.2736878,86,Moderate,1,26.8,88,0.0,4.2,72,1009.5,98,36.6,38.5,282.0,16.5,75.0,10.5
2025-04-15 21:00:00,2025,4,15,21,An Giang,Xã Giồng Riềng,9.9237413,105.2736878,86,Moderate,1,26.2,90,0.0,4.2,65,1010.4,99,38.5,40.5,258.0,17.9,63.0,10.4
2025-04-15 22:00:00,2025,4,15,22,An Giang,Xã Giồng Riềng,9.9237413,105.2736878,87,Moderate,1,26.0,90,0.0,2.2,66,1010.9,71,35.7,37.7,242.0,18.9,55.0,10.2
2025-04-15 23:00:00,2025,4,15,23,An Giang,Xã Giồng Riềng,9.9237413,105.2736878,87,Moderate,1,26.0,89,0.0,1.5,69,1010.8,97,32.8,34.8,247.0,19.0,54.0,9.7
2025-04-16 00:00:00,2025,4,16,0,An Giang,Xã Giồng Riềng,9.9237413,105.2736878,88,Moderate,1,25.5,91,0.0,4.4,99,1010.0,37,32.7,34.8,260.0,18.7,56.0,9.0
2025-04-16 01:00:00,2025,4,16,1,An Giang,Xã Giồng Riềng,9.9237413,105.2736878,89,Moderate,1,25.4,92,0.0,5.1,98,1009.4,58,35.0,37.1,267.0,19.3,56.0,8.6
2025-04-16 02:00:00,2025,4,16,2,An Giang,Xã Giồng Riềng,9.9237413,105.2736878,89,Moderate,1,25.0,94,0.0,4.4,102,1009.0,100,37.7,39.9,258.0,21.9,51.0,8.5
2025-04-16 03:00:00,2025,4,16,3,An Giang,Xã Giồng Riềng,9.9237413,105.2736878,90,Moderate,1,24.8,94,0.0,3.3,96,1008.7,99,41.6,43.9,242.0,25.3,44.0,8.7
2025-04-16 04:00:00,2025,4,16,4,An Giang,Xã Giồng Riềng,9.9237413,105.2736878,91,Moderate,1,24.6,95,0.0,2.4,77,1009.1,100,47.8,50.2,231.0,27.7,39.0,9.2
2025-04-16 05:00:00,2025,4,16,5,An Giang,Xã Giồng Riềng,9.9237413,105.2736878,93,Moderate,1,24.5,96,0.0,3.1,36,1009.6,100,56.1,58.4,234.0,28.6,37.0,10.3
2025-04-16 06:00:00,2025,4,16,6,An Giang,Xã Giồng Riềng,9.9237413,105.2736878,96,Moderate,1,24.4,96,0.0,3.8,41,1009.7,100,61.0,63.6,243.0,28.4,38.0,11.7
2025-04-16 07:00:00,2025,4,16,7,An Giang,Xã Giồng Riềng,9.9237413,105.2736878,98,Moderate,1,26.1,92,0.0,4.7,72,1010.1,97,49.8,52.9,245.0,24.3,44.0,9.9
2025-04-16 08:00:00,2025,4,16,8,An Giang,Xã Giồng Riềng,9.9237413,105.2736878,98,Moderate,1,28.1,82,0.1,13.0,114,1011.3,100,35.4,39.6,233.0,18.9,62.0,9.8
2025-04-16 09:00:00,2025,4,16,9,An Giang,Xã Giồng Riềng,9.9237413,105.2736878,98,Moderate,1,29.1,77,0.0,13.2,121,1011.9,100,28.8,33.3,214.0,11.5,86.0,9.6
2025-04-16 10:00:00,2025,4,16,10,An Giang,Xã Giồng Riềng,9.9237413,105.2736878,98,Moderate,1,30.0,73,0.0,12.1,118,1011.7,100,27.8,32.6,199.0,5.7,104.0,9.0
2025-04-16 11:00:00,2025,4,16,11,An Giang,Xã Giồng Riềng,9.9237413,105.2736878,98,Moderate,1,31.2,68,0.0,12.9,118,1011.4,100,25.7,30.3,195.0,3.2,111.0,7.6
2025-04-16 12:00:00,2025,4,16,12,An Giang,Xã Giồng Riềng,9.9237413,105.2736878,98,Moderate,1,30.7,67,1.7,16.3,100,1010.8,100,23.2,26.9,195.0,2.4,111.0,5.9
2025-04-16 13:00:00,2025,4,16,13,An Giang,Xã Giồng Riềng,9.9237413,105.2736878,98,Moderate,1,28.8,78,0.9,8.7,97,1009.7,99,17.9,19.8,193.0,2.3,109.0,4.6
2025-04-16 14:00:00,2025,4,16,14,An Giang,Xã Giồng Riềng,9.9237413,105.2736878,97,Moderate,1,29.0,71,3.4,12.5,174,1009.5,100,16.4,17.9,182.0,2.4,105.0,4.2
2025-04-16 15:00:00,2025,4,16,15,An Giang,Xã Giồng Riềng,9.9237413,105.2736878,96,Moderate,1,27.8,81,0.2,8.4,208,1008.9,100,17.6,19.2,168.0,3.1,98.0,4.3
2025-04-16 16:00:00,2025,4,16,16,An Giang,Xã Giồng Riềng,9.9237413,105.2736878,96,Moderate,1,28.4,78,0.0,5.2,221,1008.1,100,17.5,18.9,165.0,5.0,89.0,4.6
2025-04-16 17:00:00,2025,4,16,17,An Giang,Xã Giồng Riềng,9.9237413,105.2736878,95,Moderate,1,28.6,76,0.1,8.6,168,1008.1,100,18.3,20.5,180.0,7.9,79.0,5.0
2025-04-16 18:00:00,2025,4,16,18,An Giang,Xã Giồng Riềng,9.9237413,105.2736878,95,Moderate,1,27.9,80,0.1,5.3,147,1008.4,100,21.7,24.2,207.0,12.0,67.0,5.8
2025-04-16 19:00:00,2025,4,16,19,An Giang,Xã Giồng Riềng,9.9237413,105.2736878,95,Moderate,1,26.7,88,0.0,3.6,131,1009.3,100,33.1,34.9,237.0,17.2,55.0,7.0
2025-04-16 20:00:00,2025,4,16,20,An Giang,Xã Giồng Riềng,9.9237413,105.2736878,94,Moderate,1,27.0,89,0.0,2.7,222,1009.6,100,43.8,45.5,272.0,26.9,43.0,10.2
2025-04-16 21:00:00,2025,4,16,21,An Giang,Xã Giồng Riềng,9.9237413,105.2736878,95,Moderate,1,26.9,90,0.0,3.2,223,1010.5,100,65.2,67.1,310.0,40.4,27.0,14.5
2025-04-16 22:00:00,2025,4,16,22,An Giang,Xã Giồng Riềng,9.9237413,105.2736878,97,Moderate,1,26.7,91,0.0,0.6,288,1011.2,100,88.0,90.3,339.0,50.8,14.0,17.4
2025-04-16 23:00:00,2025,4,16,23,An Giang,Xã Giồng Riềng,9.9237413,105.2736878,102,Unhealthy for Sensitive Groups,2,26.4,92,0.0,0.5,45,1011.4,100,109.7,111.8,353.0,55.4,7.0,17.5
2025-04-17 00:00:00,2025,4,17,0,An Giang,Xã Giồng Riềng,9.9237413,105.2736878,110,Unhealthy for Sensitive Groups,2,26.1,95,0.0,2.7,86,1010.9,100,114.6,116.4,358.0,57.0,3.0,16.2
2025-04-17 01:00:00,2025,4,17,1,An Giang,Xã Giồng Riềng,9.9237413,105.2736878,119,Unhealthy for Sensitive Groups,2,25.6,97,0.0,3.6,63,1010.5,100,117.1,119.0,360.0,57.4,1.0,15.0
2025-04-17 02:00:00,2025,4,17,2,An Giang,Xã Giồng Riềng,9.9237413,105.2736878,127,Unhealthy for Sensitive Groups,2,25.3,97,0.0,4.5,47,1010.2,100,116.6,118.5,358.0,57.1,0.0,14.2
2025-04-17 03:00:00,2025,4,17,3,An Giang,Xã Giồng Riềng,9.9237413,105.2736878,136,Unhealthy for Sensitive Groups,2,25.0,96,0.0,6.3,97,1009.6,100,114.8,116.6,354.0,55.7,0.0,13.4
2025-04-17 04:00:00,2025,4,17,4,An Giang,Xã Giồng Riềng,9.9237413,105.2736878,143,Unhealthy for Sensitive Groups,2,24.8,95,0.0,4.5,90,1009.4,100,125.7,127.6,354.0,53.6,0.0,13.1
2025-04-17 05:00:00,2025,4,17,5,An Giang,Xã Giồng Riềng,9.9237413,105.2736878,150,Unhealthy for Sensitive Groups,2,24.9,95,0.0,4.2,83,1009.9,99,144.8,146.7,371.0,51.7,7.0,13.7
2025-04-17 06:00:00,2025,4,17,6,An Giang,Xã Giồng Riềng,9.9237413,105.2736878,152,Unhealthy,3,24.5,97,0.0,2.8,75,1010.3,100,154.1,156.0,393.0,49.1,18.0,14.8
2025-04-17 07:00:00,2025,4,17,7,An Giang,Xã Giồng Riềng,9.9237413,105.2736878,154,Unhealthy,3,25.8,93,0.0,5.9,110,1010.2,100,39.5,41.2,390.0,20.8,37.0,8.5
2025-04-17 08:00:00,2025,4,17,8,An Giang,Xã Giồng Riềng,9.9237413,105.2736878,154,Unhealthy,3,27.2,87,0.0,5.9,104,1011.4,100,30.7,33.2,336.0,16.4,52.0,8.7
2025-04-17 09:00:00,2025,4,17,9,An Giang,Xã Giồng Riềng,9.9237413,105.2736878,154,Unhealthy,3,28.9,78,0.0,7.0,111,1012.1,100,24.4,27.2,257.0,10.4,72.0,8.9
2025-04-17 10:00:00,2025,4,17,10,An Giang,Xã Giồng Riềng,9.9237413,105.2736878,154,Unhealthy,3,30.1,71,0.0,6.9,110,1011.6,100,21.7,23.6,197.0,5.6,90.0,8.9
2025-04-17 11:00:00,2025,4,17,11,An Giang,Xã Giồng Riềng,9.9237413,105.2736878,154,Unhealthy,3,31.2,69,0.0,7.6,112,1011.2,100,19.6,20.7,176.0,3.4,104.0,8.4
2025-04-17 12:00:00,2025,4,17,12,An Giang,Xã Giồng Riềng,9.9237413,105.2736878,154,Unhealthy,3,32.2,64,0.0,7.3,123,1010.3,100,19.9,21.0,174.0,2.4,115.0,7.7
2025-04-17 13:00:00,2025,4,17,13,An Giang,Xã Giồng Riềng,9.9237413,105.2736878,154,Unhealthy,3,32.5,63,0.0,8.7,132,1009.1,100,20.0,21.0,175.0,2.2,119.0,6.8
2025-04-17 14:00:00,2025,4,17,14,An Giang,Xã Giồng Riềng,9.9237413,105.2736878,154,Unhealthy,3,32.7,62,0.0,9.3,130,1007.5,100,19.3,20.3,171.0,2.4,113.0,5.6
2025-04-17 15:00:00,2025,4,17,15,An Giang,Xã Giồng Riềng,9.9237413,105.2736878,154,Unhealthy,3,32.0,63,0.1,5.8,175,1006.9,100,18.8,19.6,169.0,3.3,100.0,4.2
2025-04-17 16:00:00,2025,4,17,16,An Giang,Xã Giồng Riềng,9.9237413,105.2736878,154,Unhealthy,3,29.8,73,0.7,10.5,177,1006.5,100,18.0,18.7,176.0,5.0,87.0,3.7
2025-04-17 17:00:00,2025,4,17,17,An Giang,Xã Giồng Riềng,9.9237413,105.2736878,154,Unhealthy,3,28.2,79,0.2,5.1,174,1006.7,100,20.7,21.1,197.0,7.7,75.0,4.5
2025-04-17 18:00:00,2025,4,17,18,An Giang,Xã Giồng Riềng,9.9237413,105.2736878,154,Unhealthy,3,27.9,85,0.0,2.1,218,1006.8,100,23.8,24.2,227.0,11.3,63.0,6.2
2025-04-17 19:00:00,2025,4,17,19,An Giang,Xã Giồng Riềng,9.9237413,105.2736878,154,Unhealthy,3,27.4,87,0.0,2.2,275,1007.9,100,32.8,34.0,254.0,12.3,65.0,6.3
2025-04-17 20:00:00,2025,4,17,20,An Giang,Xã Giồng Riềng,9.9237413,105.2736878,154,Unhealthy,3,26.9,86,0.0,5.3,192,1008.1,95,36.7,37.6,278.0,13.4,59.0,6.5
2025-04-17 21:00:00,2025,4,17,21,An Giang,Xã Giồng Riềng,9.9237413,105.2736878,154,Unhealthy,3,26.6,87,0.0,5.9,203,1009.1,80,37.6,38.8,299.0,15.1,51.0,6.6
2025-04-17 22:00:00,2025,4,17,22,An Giang,Xã Giồng Riềng,9.9237413,105.2736878,153,Unhealthy,3,26.6,87,0.0,7.8,218,1009.9,74,35.0,36.4,309.0,17.1,44.0,6.7
2025-04-17 23:00:00,2025,4,17,23,An Giang,Xã Giồng Riềng,9.9237413,105.2736878,152,Unhealthy,3,25.9,90,2.3,4.4,150,1010.4,90,32.9,34.3,302.0,19.3,38.0,6.5
2025-04-18 00:00:00,2025,4,18,0,An Giang,Xã Giồng Riềng,9.9237413,105.2736878,150,Unhealthy for Sensitive Groups,2,25.1,95,3.6,5.3,125,1010.0,96,38.1,39.5,284.0,22.0,33.0,6.2
2025-04-18 01:00:00,2025,4,18,1,An Giang,Xã Giồng Riềng,9.9237413,105.2736878,143,Unhealthy for Sensitive Groups,2,25.0,95,0.1,4.7,198,1010.0,94,46.0,47.4,268.0,25.3,27.0,5.8
2025-04-18 02:00:00,2025,4,18,2,An Giang,Xã Giồng Riềng,9.9237413,105.2736878,135,Unhealthy for Sensitive Groups,2,25.0,96,0.0,1.2,39,1010.0,96,49.4,50.9,256.0,30.8,18.0,5.1
2025-04-18 03:00:00,2025,4,18,3,An Giang,Xã Giồng Riềng,9.9237413,105.2736878,128,Unhealthy for Sensitive Groups,2,24.6,98,0.0,1.8,96,1008.9,97,64.5,66.1,245.0,37.1,7.0,4.3
2025-04-18 04:00:00,2025,4,18,4,An Giang,Xã Giồng Riềng,9.9237413,105.2736878,123,Unhealthy for Sensitive Groups,2,24.4,98,0.0,2.2,95,1008.8,100,86.6,87.5,241.0,40.1,3.0,4.2
2025-04-18 05:00:00,2025,4,18,5,An Giang,Xã Giồng Riềng,9.9237413,105.2736878,119,Unhealthy for Sensitive Groups,2,24.1,99,0.0,3.4,96,1008.8,100,94.1,95.2,253.0,37.6,7.0,5.4
2025-04-18 06:00:00,2025,4,18,6,An Giang,Xã Giồng Riềng,9.9237413,105.2736878,114,Unhealthy for Sensitive Groups,2,24.2,99,0.0,3.8,87,1009.1,100,99.2,100.1,272.0,31.9,18.0,7.2
2025-04-18 07:00:00,2025,4,18,7,An Giang,Xã Giồng Riềng,9.9237413,105.2736878,108,Unhealthy for Sensitive Groups,2,25.5,96,0.0,4.7,81,1010.0,89,91.0,93.4,277.0,35.5,24.0,11.8
2025-04-18 08:00:00,2025,4,18,8,An Giang,Xã Giồng Riềng,9.9237413,105.2736878,113,Unhealthy for Sensitive Groups,2,28.7,83,0.0,5.4,116,1011.1,93,54.8,58.7,254.0,26.6,46.0,10.9
2025-04-18 09:00:00,2025,4,18,9,An Giang,Xã Giồng Riềng,9.9237413,105.2736878,116,Unhealthy for Sensitive Groups,2,30.1,74,0.1,5.6,132,1011.3,72,34.3,39.1,217.0,14.4,77.0,9.7
2025-04-18 10:00:00,2025,4,18,10,An Giang,Xã Giồng Riềng,9.9237413,105.2736878,117,Unhealthy for Sensitive Groups,2,31.2,68,0.0,3.0,123,1011.2,78,29.1,33.8,189.0,5.2,103.0,8.6
2025-04-18 11:00:00,2025,4,18,11,An Giang,Xã Giồng Riềng,9.9237413,105.2736878,118,Unhealthy for Sensitive Groups,2,32.0,63,0.0,2.5,90,1010.6,35,26.7,30.6,179.0,2.0,118.0,7.9
2025-04-18 12:00:00,2025,4,18,12,An Giang,Xã Giồng Riềng,9.9237413,105.2736878,118,Unhealthy for Sensitive Groups,2,32.7,60,0.0,2.3,61,1009.5,69,25.5,28.2,176.0,1.7,128.0,7.5
2025-04-18 13:00:00,2025,4,18,13,An Giang,Xã Giồng Riềng,9.9237413,105.2736878,119,Unhealthy for Sensitive Groups,2,33.2,58,0.0,1.9,73,1008.2,89,24.6,26.4,176.0,2.0,132.0,6.9
2025-04-18 14:00:00,2025,4,18,14,An Giang,Xã Giồng Riềng,9.9237413,105.2736878,120,Unhealthy for Sensitive Groups,2,33.3,56,0.0,1.7,131,1007.0,57,24.0,25.5,173.0,1.5,129.0,6.0
2025-04-18 15:00:00,2025,4,18,15,An Giang,Xã Giồng Riềng,9.9237413,105.2736878,120,Unhealthy for Sensitive Groups,2,33.5,55,0.0,2.4,167,1006.0,18,22.7,24.2,172.0,1.6,121.0,5.0
2025-04-18 16:00:00,2025,4,18,16,An Giang,Xã Giồng Riềng,9.9237413,105.2736878,120,Unhealthy for Sensitive Groups,2,32.8,56,0.0,3.1,208,1005.4,19,22.7,24.1,179.0,3.2,108.0,4.5
2025-04-18 17:00:00,2025,4,18,17,An Giang,Xã Giồng Riềng,9.9237413,105.2736878,121,Unhealthy for Sensitive Groups,2,32.1,59,0.0,5.5,238,1005.1,26,22.1,23.5,203.0,7.7,89.0,5.0
2025-04-18 18:00:00,2025,4,18,18,An Giang,Xã Giồng Riềng,9.9237413,105.2736878,121,Unhealthy for Sensitive Groups,2,29.9,72,0.1,5.1,260,1006.0,61,22.9,24.0,234.0,13.8,67.0,6.0
2025-04-18 19:00:00,2025,4,18,19,An Giang,Xã Giồng Riềng,9.9237413,105.2736878,121,Unhealthy for Sensitive Groups,2,29.0,78,0.0,5.1,252,1006.9,73,41.8,43.8,257.0,18.6,55.0,7.3
2025-04-18 20:00:00,2025,4,18,20,An Giang,Xã Giồng Riềng,9.9237413,105.2736878,122,Unhealthy for Sensitive Groups,2,27.5,87,0.0,3.9,242,1007.6,28,58.9,60.8,263.0,22.5,45.0,8.1
2025-04-18 21:00:00,2025,4,18,21,An Giang,Xã Giồng Riềng,9.9237413,105.2736878,124,Unhealthy for Sensitive Groups,2,27.5,90,0.0,2.1,250,1008.4,19,62.6,64.3,260.0,27.8,31.0,9.2
2025-04-18 22:00:00,2025,4,18,22,An Giang,Xã Giồng Riềng,9.9237413,105.2736878,127,Unhealthy for Sensitive Groups,2,27.1,90,0.0,3.3,225,1009.4,23,59.8,61.7,251.0,31.2,21.0,9.6
2025-04-18 23:00:00,2025,4,18,23,An Giang,Xã Giồng Riềng,9.9237413,105.2736878,129,Unhealthy for Sensitive Groups,2,26.7,93,0.0,3.2,153,1009.5,60,56.5,58.2,234.0,30.6,18.0,8.7
2025-04-19 00:00:00,2025,4,19,0,An Giang,Xã Giồng Riềng,9.9237413,105.2736878,132,Unhealthy for Sensitive Groups,2,26.2,95,0.0,11.0,122,1009.3,56,49.9,51.6,213.0,28.1,18.0,7.0
2025-04-19 01:00:00,2025,4,19,1,An Giang,Xã Giồng Riềng,9.9237413,105.2736878,133,Unhealthy for Sensitive Groups,2,25.9,93,0.0,8.3,124,1008.9,30,47.3,48.9,198.0,26.3,19.0,5.9
2025-04-19 02:00:00,2025,4,19,2,An Giang,Xã Giồng Riềng,9.9237413,105.2736878,133,Unhealthy for Sensitive Groups,2,25.5,94,0.2,4.4,128,1008.8,65,49.6,51.1,196.0,26.7,18.0,5.7
2025-04-19 03:00:00,2025,4,19,3,An Giang,Xã Giồng Riềng,9.9237413,105.2736878,133,Unhealthy for Sensitive Groups,2,25.4,96,0.0,6.4,126,1008.3,22,50.6,52.3,201.0,27.8,16.0,6.0
2025-04-19 04:00:00,2025,4,19,4,An Giang,Xã Giồng Riềng,9.9237413,105.2736878,132,Unhealthy for Sensitive Groups,2,25.3,97,0.0,5.7,127,1008.0,5,50.5,52.2,211.0,27.9,17.0,6.5
2025-04-19 05:00:00,2025,4,19,5,An Giang,Xã Giồng Riềng,9.9237413,105.2736878,128,Unhealthy for Sensitive Groups,2,25.0,98,0.0,4.8,124,1008.4,5,50.8,52.5,230.0,26.5,18.0,7.3
2025-04-19 06:00:00,2025,4,19,6,An Giang,Xã Giồng Riềng,9.9237413,105.2736878,124,Unhealthy for Sensitive Groups,2,24.9,99,0.0,4.8,103,1009.0,3,51.9,53.8,254.0,24.2,22.0,8.3
2025-04-19 07:00:00,2025,4,19,7,An Giang,Xã Giồng Riềng,9.9237413,105.2736878,119,Unhealthy for Sensitive Groups,2,26.4,95,0.0,7.4,104,1009.5,7,56.9,59.0,263.0,22.8,28.0,9.1
2025-04-19 08:00:00,2025,4,19,8,An Giang,Xã Giồng Riềng,9.9237413,105.2736878,115,Unhealthy for Sensitive Groups,2,28.7,85,0.1,7.6,149,1010.0,93,33.4,36.9,243.0,17.3,47.0,8.5
2025-04-19 09:00:00,2025,4,19,9,An Giang,Xã Giồng Riềng,9.9237413,105.2736878,113,Unhealthy for Sensitive Groups,2,30.4,73,0.0,8.0,142,1010.3,89,22.6,26.7,208.0,9.6,72.0,7.7
2025-04-19 10:00:00,2025,4,19,10,An Giang,Xã Giồng Riềng,9.9237413,105.2736878,112,Unhealthy for Sensitive Groups,2,31.8,61,0.0,7.4,129,1010.0,97,20.5,23.1,181.0,3.9,94.0,7.0
2025-04-19 11:00:00,2025,4,19,11,An Giang,Xã Giồng Riềng,9.9237413,105.2736878,111,Unhealthy for Sensitive Groups,2,32.8,55,0.0,7.1,120,1009.8,87,21.7,23.3,172.0,2.0,107.0,6.6
2025-04-19 12:00:00,2025,4,19,12,An Giang,Xã Giồng Riềng,9.9237413,105.2736878,110,Unhealthy for Sensitive Groups,2,33.3,52,0.0,8.1,119,1009.0,49,23.2,24.9,170.0,1.9,116.0,6.3
2025-04-19 13:00:00,2025,4,19,13,An Giang,Xã Giồng Riềng,9.9237413,105.2736878,110,Unhealthy for Sensitive Groups,2,33.7,51,0.0,9.7,115,1007.8,43,24.4,26.0,170.0,2.2,121.0,6.0
2025-04-19 14:00:00,2025,4,19,14,An Giang,Xã Giồng Riềng,9.9237413,105.2736878,110,Unhealthy for Sensitive Groups,2,33.9,51,0.0,9.5,109,1006.9,38,24.7,26.2,167.0,1.7,124.0,5.7
2025-04-19 15:00:00,2025,4,19,15,An Giang,Xã Giồng Riềng,9.9237413,105.2736878,110,Unhealthy for Sensitive Groups,2,34.0,48,0.0,10.1,112,1005.8,93,23.9,25.3,166.0,1.6,124.0,5.5
2025-04-19 16:00:00,2025,4,19,16,An Giang,Xã Giồng Riềng,9.9237413,105.2736878,110,Unhealthy for Sensitive Groups,2,33.5,49,0.0,10.0,120,1005.1,94,23.6,24.9,171.0,3.0,118.0,5.5
2025-04-19 17:00:00,2025,4,19,17,An Giang,Xã Giồng Riềng,9.9237413,105.2736878,110,Unhealthy for Sensitive Groups,2,33.0,54,0.0,6.0,107,1005.0,23,23.8,25.0,187.0,7.3,101.0,6.0
2025-04-19 18:00:00,2025,4,19,18,An Giang,Xã Giồng Riềng,9.9237413,105.2736878,110,Unhealthy for Sensitive Groups,2,31.0,59,0.0,5.8,173,1005.6,13,28.2,29.2,208.0,13.2,79.0,6.9
2025-04-19 19:00:00,2025,4,19,19,An Giang,Xã Giồng Riềng,9.9237413,105.2736878,111,Unhealthy for Sensitive Groups,2,29.5,64,0.0,8.5,226,1006.9,20,57.9,59.6,225.0,22.8,69.0,10.9
2025-04-19 20:00:00,2025,4,19,20,An Giang,Xã Giồng Riềng,9.9237413,105.2736878,113,Unhealthy for Sensitive Groups,2,28.5,77,0.0,4.7,196,1007.3,16,56.1,57.3,233.0,24.2,58.0,10.6
2025-04-19 21:00:00,2025,4,19,21,An Giang,Xã Giồng Riềng,9.9237413,105.2736878,112,Unhealthy for Sensitive Groups,2,28.0,77,0.0,7.1,174,1008.3,6,55.2,56.5,236.0,26.1,43.0,10.1
2025-04-19 22:00:00,2025,4,19,22,An Giang,Xã Giồng Riềng,9.9237413,105.2736878,112,Unhealthy for Sensitive Groups,2,27.5,80,0.0,7.0,176,1009.0,0,55.3,56.5,235.0,27.6,30.0,9.6
2025-04-19 23:00:00,2025,4,19,23,An Giang,Xã Giồng Riềng,9.9237413,105.2736878,111,Unhealthy for Sensitive Groups,2,26.8,85,0.0,7.0,162,1009.2,1,54.8,55.8,228.0,28.4,23.0,9.0
2025-04-20 00:00:00,2025,4,20,0,An Giang,Xã Giồng Riềng,9.9237413,105.2736878,111,Unhealthy for Sensitive Groups,2,26.1,91,0.0,5.0,150,1009.3,16,52.4,53.8,218.0,28.9,19.0,8.4
2025-04-20 01:00:00,2025,4,20,1,An Giang,Xã Giồng Riềng,9.9237413,105.2736878,111,Unhealthy for Sensitive Groups,2,25.7,95,0.0,5.3,142,1009.1,11,49.7,51.2,213.0,29.1,16.0,7.9
2025-04-20 02:00:00,2025,4,20,2,An Giang,Xã Giồng Riềng,9.9237413,105.2736878,111,Unhealthy for Sensitive Groups,2,25.4,97,0.0,6.0,134,1009.0,46,47.5,49.1,218.0,29.3,14.0,7.6
2025-04-20 03:00:00,2025,4,20,3,An Giang,Xã Giồng Riềng,9.9237413,105.2736878,111,Unhealthy for Sensitive Groups,2,25.1,98,0.0,6.6,133,1008.4,57,46.3,48.2,229.0,29.2,14.0,7.4
2025-04-20 04:00:00,2025,4,20,4,An Giang,Xã Giồng Riềng,9.9237413,105.2736878,111,Unhealthy for Sensitive Groups,2,25.0,99,0.0,6.7,124,1008.5,51,46.2,48.1,238.0,28.3,15.0,7.4
2025-04-20 05:00:00,2025,4,20,5,An Giang,Xã Giồng Riềng,9.9237413,105.2736878,110,Unhealthy for Sensitive Groups,2,24.8,99,0.0,6.2,128,1008.7,15,49.2,51.2,245.0,26.6,18.0,7.8
2025-04-20 06:00:00,2025,4,20,6,An Giang,Xã Giồng Riềng,9.9237413,105.2736878,110,Unhealthy for Sensitive Groups,2,24.7,100,0.0,6.9,131,1009.2,100,53.9,55.9,250.0,24.1,23.0,8.5
2025-04-20 07:00:00,2025,4,20,7,An Giang,Xã Giồng Riềng,9.9237413,105.2736878,110,Unhealthy for Sensitive Groups,2,25.5,98,0.0,9.4,126,1009.7,75,48.9,51.1,246.0,20.6,29.0,8.6
2025-04-20 08:00:00,2025,4,20,8,An Giang,Xã Giồng Riềng,9.9237413,105.2736878,110,Unhealthy for Sensitive Groups,2,28.1,85,0.0,6.4,122,1010.3,19,26.2,29.2,224.0,15.7,44.0,8.5
2025-04-20 09:00:00,2025,4,20,9,An Giang,Xã Giồng Riềng,9.9237413,105.2736878,109,Unhealthy for Sensitive Groups,2,30.1,70,0.0,6.5,114,1010.7,10,20.4,23.3,193.0,9.0,65.0,8.4
2025-04-20 10:00:00,2025,4,20,10,An Giang,Xã Giồng Riềng,9.9237413,105.2736878,109,Unhealthy for Sensitive Groups,2,31.5,61,0.0,7.4,108,1010.8,12,17.5,18.5,170.0,3.9,83.0,8.1
2025-04-20 11:00:00,2025,4,20,11,An Giang,Xã Giồng Riềng,9.9237413,105.2736878,108,Unhealthy for Sensitive Groups,2,32.5,55,0.0,8.0,106,1010.7,12,16.9,17.6,164.0,2.1,96.0,7.5
2025-04-20 12:00:00,2025,4,20,12,An Giang,Xã Giồng Riềng,9.9237413,105.2736878,108,Unhealthy for Sensitive Groups,2,33.3,52,0.0,7.6,108,1009.8,25,16.5,17.1,166.0,2.0,106.0,6.7
2025-04-20 13:00:00,2025,4,20,13,An Giang,Xã Giồng Riềng,9.9237413,105.2736878,107,Unhealthy for Sensitive Groups,2,33.8,49,0.0,7.8,112,1008.8,79,16.4,16.9,168.0,2.1,113.0,6.1
2025-04-20 14:00:00,2025,4,20,14,An Giang,Xã Giồng Riềng,9.9237413,105.2736878,106,Unhealthy for Sensitive Groups,2,34.0,47,0.0,6.7,114,1007.7,65,16.1,16.7,165.0,1.5,118.0,5.7
2025-04-20 15:00:00,2025,4,20,15,An Giang,Xã Giồng Riềng,9.9237413,105.2736878,105,Unhealthy for Sensitive Groups,2,34.1,46,0.0,8.3,120,1006.8,59,15.8,16.5,162.0,1.1,120.0,5.6
2025-04-20 16:00:00,2025,4,20,16,An Giang,Xã Giồng Riềng,9.9237413,105.2736878,104,Unhealthy for Sensitive Groups,2,34.0,46,0.0,9.9,119,1006.4,53,15.7,16.4,171.0,2.7,116.0,5.8
2025-04-20 17:00:00,2025,4,20,17,An Giang,Xã Giồng Riềng,9.9237413,105.2736878,104,Unhealthy for Sensitive Groups,2,33.2,49,0.0,7.5,138,1006.5,25,16.8,17.5,203.0,7.9,102.0,6.8
2025-04-20 18:00:00,2025,4,20,18,An Giang,Xã Giồng Riềng,9.9237413,105.2736878,103,Unhealthy for Sensitive Groups,2,31.4,61,0.0,3.0,163,1006.9,8,22.9,23.7,247.0,15.0,81.0,8.2
2025-04-20 19:00:00,2025,4,20,19,An Giang,Xã Giồng Riềng,9.9237413,105.2736878,102,Unhealthy for Sensitive Groups,2,29.5,65,0.0,5.0,206,1007.9,23,43.7,45.1,275.0,21.0,66.0,10.4
2025-04-20 20:00:00,2025,4,20,20,An Giang,Xã Giồng Riềng,9.9237413,105.2736878,101,Unhealthy for Sensitive Groups,2,29.2,65,0.0,11.0,152,1008.5,10,48.0,49.7,270.0,21.6,57.0,10.2
2025-04-20 21:00:00,2025,4,20,21,An Giang,Xã Giồng Riềng,9.9237413,105.2736878,100,Moderate,1,28.1,71,0.0,10.6,154,1009.5,0,45.6,47.3,250.0,22.5,44.0,10.0
2025-04-20 22:00:00,2025,4,20,22,An Giang,Xã Giồng Riềng,9.9237413,105.2736878,99,Moderate,1,27.0,78,0.0,7.8,158,1010.5,0,42.0,43.7,238.0,23.3,33.0,9.6
2025-04-20 23:00:00,2025,4,20,23,An Giang,Xã Giồng Riềng,9.9237413,105.2736878,98,Moderate,1,26.1,85,0.0,4.8,165,1010.8,0,39.8,41.6,248.0,23.7,27.0,9.0
2025-04-21 00:00:00,2025,4,21,0,An Giang,Xã Giồng Riềng,9.9237413,105.2736878,97,Moderate,1,25.5,90,0.0,3.8,163,1010.3,0,39.8,41.7,266.0,24.0,24.0,8.4
2025-04-21 01:00:00,2025,4,21,1,An Giang,Xã Giồng Riềng,9.9237413,105.2736878,96,Moderate,1,25.0,93,0.0,2.8,162,1010.1,0,43.2,45.2,279.0,25.4,21.0,8.0
2025-04-21 02:00:00,2025,4,21,2,An Giang,Xã Giồng Riềng,9.9237413,105.2736878,95,Moderate,1,24.5,95,0.0,3.7,137,1010.0,5,49.4,51.5,279.0,29.4,15.0,8.1
2025-04-21 03:00:00,2025,4,21,3,An Giang,Xã Giồng Riềng,9.9237413,105.2736878,95,Moderate,1,24.2,98,0.0,2.7,127,1009.9,78,56.7,58.8,273.0,34.5,10.0,8.5
2025-04-21 04:00:00,2025,4,21,4,An Giang,Xã Giồng Riềng,9.9237413,105.2736878,96,Moderate,1,24.1,99,0.0,2.3,141,1010.0,77,62.9,65.2,271.0,37.1,8.0,9.1
2025-04-21 05:00:00,2025,4,21,5,An Giang,Xã Giồng Riềng,9.9237413,105.2736878,98,Moderate,1,24.0,99,0.0,3.3,135,1010.4,13,67.8,70.3,280.0,35.5,11.0,10.0
2025-04-21 06:00:00,2025,4,21,6,An Giang,Xã Giồng Riềng,9.9237413,105.2736878,99,Moderate,1,24.0,100,0.0,3.2,87,1010.7,97,72.6,75.2,293.0,31.3,19.0,11.2
2025-04-21 07:00:00,2025,4,21,7,An Giang,Xã Giồng Riềng,9.9237413,105.2736878,101,Unhealthy for Sensitive Groups,2,26.1,94,0.0,5.8,99,1011.5,92,61.0,63.8,291.0,24.4,28.0,10.5
2025-04-21 08:00:00,2025,4,21,8,An Giang,Xã Giồng Riềng,9.9237413,105.2736878,102,Unhealthy for Sensitive Groups,2,28.4,82,0.0,6.1,124,1012.2,8,35.0,39.0,262.0,18.3,43.0,9.7
2025-04-21 09:00:00,2025,4,21,9,An Giang,Xã Giồng Riềng,9.9237413,105.2736878,103,Unhealthy for Sensitive Groups,2,30.1,71,0.0,7.3,107,1012.5,4,23.7,27.8,219.0,9.9,64.0,8.6
2025-04-21 10:00:00,2025,4,21,10,An Giang,Xã Giồng Riềng,9.9237413,105.2736878,104,Unhealthy for Sensitive Groups,2,31.6,61,0.0,8.5,95,1012.0,7,19.8,23.9,186.0,3.6,82.0,7.8
2025-04-21 11:00:00,2025,4,21,11,An Giang,Xã Giồng Riềng,9.9237413,105.2736878,104,Unhealthy for Sensitive Groups,2,32.7,55,0.0,9.6,93,1011.4,12,19.7,23.8,174.0,1.5,94.0,7.4
2025-04-21 12:00:00,2025,4,21,12,An Giang,Xã Giồng Riềng,9.9237413,105.2736878,104,Unhealthy for Sensitive Groups,2,33.3,51,0.0,10.6,101,1010.5,100,19.6,23.5,171.0,1.6,103.0,7.3
2025-04-21 13:00:00,2025,4,21,13,An Giang,Xã Giồng Riềng,9.9237413,105.2736878,104,Unhealthy for Sensitive Groups,2,33.7,50,0.0,11.2,112,1009.6,90,20.1,23.5,170.0,2.0,109.0,7.2
2025-04-21 14:00:00,2025,4,21,14,An Giang,Xã Giồng Riềng,9.9237413,105.2736878,105,Unhealthy for Sensitive Groups,2,33.8,52,0.1,9.6,110,1008.7,93,19.9,22.1,166.0,1.8,114.0,7.2
2025-04-21 15:00:00,2025,4,21,15,An Giang,Xã Giồng Riềng,9.9237413,105.2736878,105,Unhealthy for Sensitive Groups,2,34.0,53,0.0,9.8,114,1007.8,99,20.0,21.5,163.0,2.0,118.0,7.2
2025-04-21 16:00:00,2025,4,21,16,An Giang,Xã Giồng Riềng,9.9237413,105.2736878,106,Unhealthy for Sensitive Groups,2,32.8,54,0.0,13.0,123,1007.5,78,20.5,21.9,165.0,3.3,115.0,7.5
2025-04-21 17:00:00,2025,4,21,17,An Giang,Xã Giồng Riềng,9.9237413,105.2736878,106,Unhealthy for Sensitive Groups,2,30.7,63,0.3,10.4,100,1008.0,34,20.2,21.5,176.0,6.6,103.0,8.2
2025-04-21 18:00:00,2025,4,21,18,An Giang,Xã Giồng Riềng,9.9237413,105.2736878,106,Unhealthy for Sensitive Groups,2,30.2,65,0.0,5.9,102,1008.8,39,22.5,23.8,193.0,11.0,85.0,9.1
2025-04-21 19:00:00,2025,4,21,19,An Giang,Xã Giồng Riềng,9.9237413,105.2736878,106,Unhealthy for Sensitive Groups,2,30.0,64,0.0,9.4,120,1009.6,9,36.7,39.3,203.0,16.3,71.0,11.0
2025-04-21 20:00:00,2025,4,21,20,An Giang,Xã Giồng Riềng,9.9237413,105.2736878,106,Unhealthy for Sensitive Groups,2,28.2,83,0.0,4.6,99,1009.8,60,39.9,42.5,201.0,17.7,61.0,11.0
2025-04-21 21:00:00,2025,4,21,21,An Giang,Xã Giồng Riềng,9.9237413,105.2736878,105,Unhealthy for Sensitive Groups,2,28.4,78,0.0,9.8,131,1011.0,100,39.8,42.3,192.0,19.7,48.0,11.0
2025-04-21 22:00:00,2025,4,21,22,An Giang,Xã Giồng Riềng,9.9237413,105.2736878,104,Unhealthy for Sensitive Groups,2,27.5,82,0.0,7.8,138,1011.6,12,38.6,41.0,188.0,21.6,37.0,10.8
2025-04-21 23:00:00,2025,4,21,23,An Giang,Xã Giồng Riềng,9.9237413,105.2736878,104,Unhealthy for Sensitive Groups,2,26.7,87,0.0,5.9,125,1011.5,97,38.0,40.2,193.0,22.8,31.0,10.2
2025-04-22 00:00:00,2025,4,22,0,An Giang,Xã Giồng Riềng,9.9237413,105.2736878,104,Unhealthy for Sensitive Groups,2,26.2,91,0.0,5.9,135,1011.4,100,38.8,41.0,202.0,23.8,28.0,9.3
2025-04-22 01:00:00,2025,4,22,1,An Giang,Xã Giồng Riềng,9.9237413,105.2736878,104,Unhealthy for Sensitive Groups,2,25.5,94,0.0,4.1,128,1010.9,0,43.1,45.4,209.0,25.6,24.0,8.8
2025-04-22 02:00:00,2025,4,22,2,An Giang,Xã Giồng Riềng,9.9237413,105.2736878,104,Unhealthy for Sensitive Groups,2,25.2,96,0.0,3.7,113,1010.1,0,49.7,52.2,210.0,29.5,18.0,8.8
2025-04-22 03:00:00,2025,4,22,3,An Giang,Xã Giồng Riềng,9.9237413,105.2736878,104,Unhealthy for Sensitive Groups,2,25.0,97,0.0,3.4,96,1009.7,0,56.6,58.9,208.0,34.2,12.0,9.1
2025-04-22 04:00:00,2025,4,22,4,An Giang,Xã Giồng Riềng,9.9237413,105.2736878,104,Unhealthy for Sensitive Groups,2,24.9,97,0.0,3.3,103,1009.9,82,62.6,65.2,209.0,36.7,10.0,9.6
2025-04-22 05:00:00,2025,4,22,5,An Giang,Xã Giồng Riềng,9.9237413,105.2736878,104,Unhealthy for Sensitive Groups,2,24.8,97,0.0,3.8,95,1010.3,86,68.7,71.2,220.0,35.6,12.0,10.5
2025-04-22 06:00:00,2025,4,22,6,An Giang,Xã Giồng Riềng,9.9237413,105.2736878,104,Unhealthy for Sensitive Groups,2,25.0,97,0.0,4.2,83,1010.7,100,75.9,78.5,234.0,32.3,18.0,11.5
2025-04-22 07:00:00,2025,4,22,7,An Giang,Xã Giồng Riềng,9.9237413,105.2736878,104,Unhealthy for Sensitive Groups,2,27.0,89,0.0,5.7,108,1011.4,99,58.1,61.5,237.0,24.3,31.0,11.1
2025-04-22 08:00:00,2025,4,22,8,An Giang,Xã Giồng Riềng,9.9237413,105.2736878,104,Unhealthy for Sensitive Groups,2,28.6,80,0.0,8.4,125,1012.6,100,27.5,31.3,219.0,18.2,47.0,9.9
2025-04-22 09:00:00,2025,4,22,9,An Giang,Xã Giồng Riềng,9.9237413,105.2736878,103,Unhealthy for Sensitive Groups,2,30.3,71,0.0,10.3,128,1013.0,100,21.4,25.3,191.0,9.8,70.0,8.2
2025-04-22 10:00:00,2025,4,22,10,An Giang,Xã Giồng Riềng,9.9237413,105.2736878,103,Unhealthy for Sensitive Groups,2,31.6,63,0.0,11.1,122,1012.8,100,21.1,25.5,168.0,3.6,86.0,6.7
2025-04-22 11:00:00,2025,4,22,11,An Giang,Xã Giồng Riềng,9.9237413,105.2736878,103,Unhealthy for Sensitive Groups,2,30.1,64,0.4,19.0,151,1012.6,100,20.7,25.1,158.0,1.7,91.0,5.7
2025-04-22 12:00:00,2025,4,22,12,An Giang,Xã Giồng Riềng,9.9237413,105.2736878,103,Unhealthy for Sensitive Groups,2,30.8,64,0.1,8.8,163,1011.6,100,19.2,23.5,155.0,2.0,90.0,5.0
2025-04-22 13:00:00,2025,4,22,13,An Giang,Xã Giồng Riềng,9.9237413,105.2736878,103,Unhealthy for Sensitive Groups,2,32.8,59,0.0,11.3,160,1010.5,100,17.9,21.9,154.0,2.7,88.0,4.6
2025-04-22 14:00:00,2025,4,22,14,An Giang,Xã Giồng Riềng,9.9237413,105.2736878,103,Unhealthy for Sensitive Groups,2,32.3,58,0.0,16.9,147,1009.6,100,20.4,24.7,153.0,2.9,86.0,4.6
2025-04-22 15:00:00,2025,4,22,15,An Giang,Xã Giồng Riềng,9.9237413,105.2736878,103,Unhealthy for Sensitive Groups,2,28.0,75,0.5,11.1,155,1009.1,100,18.0,20.6,154.0,3.5,83.0,4.9
2025-04-22 16:00:00,2025,4,22,16,An Giang,Xã Giồng Riềng,9.9237413,105.2736878,102,Unhealthy for Sensitive Groups,2,30.2,68,0.0,9.3,152,1008.5,100,16.5,18.9,161.0,5.0,79.0,5.4
2025-04-22 17:00:00,2025,4,22,17,An Giang,Xã Giồng Riềng,9.9237413,105.2736878,102,Unhealthy for Sensitive Groups,2,30.3,65,0.0,9.5,153,1008.5,100,17.0,19.4,179.0,7.9,73.0,6.1
2025-04-22 18:00:00,2025,4,22,18,An Giang,Xã Giồng Riềng,9.9237413,105.2736878,102,Unhealthy for Sensitive Groups,2,29.4,69,0.0,7.3,152,1009.1,100,17.9,20.1,203.0,11.7,65.0,7.0
2025-04-22 19:00:00,2025,4,22,19,An Giang,Xã Giồng Riềng,9.9237413,105.2736878,101,Unhealthy for Sensitive Groups,2,28.5,73,0.0,6.6,151,1009.6,100,24.2,25.4,222.0,14.6,48.0,8.4
2025-04-22 20:00:00,2025,4,22,20,An Giang,Xã Giồng Riềng,9.9237413,105.2736878,100,Moderate,1,26.2,93,0.0,2.3,321,1010.0,100,31.0,32.2,232.0,19.3,41.0,9.9
2025-04-22 21:00:00,2025,4,22,21,An Giang,Xã Giồng Riềng,9.9237413,105.2736878,99,Moderate,1,26.0,97,0.0,1.5,346,1010.2,100,37.1,38.3,237.0,26.0,30.0,12.1
2025-04-22 22:00:00,2025,4,22,22,An Giang,Xã Giồng Riềng,9.9237413,105.2736878,99,Moderate,1,25.5,99,0.0,0.2,360,1010.6,100,53.7,54.8,239.0,32.5,21.0,13.9
2025-04-22 23:00:00,2025,4,22,23,An Giang,Xã Giồng Riềng,9.9237413,105.2736878,100,Moderate,1,25.4,100,0.0,0.7,270,1010.6,100,70.8,71.9,237.0,38.5,14.0,15.0
2025-04-23 00:00:00,2025,4,23,0,An Giang,Xã Giồng Riềng,9.9237413,105.2736878,104,Unhealthy for Sensitive Groups,2,25.2,100,0.0,1.2,309,1010.2,100,81.5,82.7,233.0,44.3,8.0,15.7
2025-04-23 01:00:00,2025,4,23,1,An Giang,Xã Giồng Riềng,9.9237413,105.2736878,108,Unhealthy for Sensitive Groups,2,25.2,100,0.0,0.9,233,1009.7,100,87.3,88.5,231.0,48.9,3.0,16.4
2025-04-23 02:00:00,2025,4,23,2,An Giang,Xã Giồng Riềng,9.9237413,105.2736878,113,Unhealthy for Sensitive Groups,2,25.1,98,0.0,3.0,194,1009.2,97,99.7,101.0,235.0,52.1,0.0,17.2
2025-04-23 03:00:00,2025,4,23,3,An Giang,Xã Giồng Riềng,9.9237413,105.2736878,118,Unhealthy for Sensitive Groups,2,24.9,99,0.0,2.7,172,1008.7,15,116.9,118.3,241.0,54.0,0.0,18.1
2025-04-23 04:00:00,2025,4,23,4,An Giang,Xã Giồng Riềng,9.9237413,105.2736878,124,Unhealthy for Sensitive Groups,2,24.7,99,0.0,3.7,137,1008.9,29,119.7,121.1,250.0,53.7,0.0,18.7
2025-04-23 05:00:00,2025,4,23,5,An Giang,Xã Giồng Riềng,9.9237413,105.2736878,130,Unhealthy for Sensitive Groups,2,24.8,99,0.0,4.1,113,1009.1,6,102.7,104.1,266.0,50.6,6.0,19.4
2025-04-23 06:00:00,2025,4,23,6,An Giang,Xã Giồng Riềng,9.9237413,105.2736878,134,Unhealthy for Sensitive Groups,2,25.0,98,0.0,5.4,104,1009.6,0,92.0,93.4,284.0,45.3,15.0,19.8
2025-04-23 07:00:00,2025,4,23,7,An Giang,Xã Giồng Riềng,9.9237413,105.2736878,135,Unhealthy for Sensitive Groups,2,26.4,92,0.0,5.7,101,1010.3,0,81.5,83.4,285.0,38.0,28.0,19.3
2025-04-23 08:00:00,2025,4,23,8,An Giang,Xã Giồng Riềng,9.9237413,105.2736878,138,Unhealthy for Sensitive Groups,2,29.2,77,0.0,7.9,141,1011.5,91,35.4,37.5,252.0,27.1,48.0,17.0
2025-04-23 09:00:00,2025,4,23,9,An Giang,Xã Giồng Riềng,9.9237413,105.2736878,139,Unhealthy for Sensitive Groups,2,30.4,70,0.1,7.3,170,1012.0,45,21.5,23.9,203.0,14.3,72.0,13.8
2025-04-23 10:00:00,2025,4,23,10,An Giang,Xã Giồng Riềng,9.9237413,105.2736878,139,Unhealthy for Sensitive Groups,2,31.5,64,0.1,6.8,177,1011.8,27,18.9,20.8,165.0,5.0,89.0,10.7
2025-04-23 11:00:00,2025,4,23,11,An Giang,Xã Giồng Riềng,9.9237413,105.2736878,138,Unhealthy for Sensitive Groups,2,32.2,62,0.3,7.6,202,1011.6,99,17.5,18.5,153.0,1.9,95.0,8.1
2025-04-23 12:00:00,2025,4,23,12,An Giang,Xã Giồng Riềng,9.9237413,105.2736878,138,Unhealthy for Sensitive Groups,2,30.0,71,10.2,6.6,248,1010.5,85,15.5,16.1,153.0,2.2,94.0,5.7
2025-04-23 13:00:00,2025,4,23,13,An Giang,Xã Giồng Riềng,9.9237413,105.2736878,138,Unhealthy for Sensitive Groups,2,27.5,85,4.6,9.0,157,1010.4,100,13.6,14.1,156.0,3.2,91.0,4.0
2025-04-23 14:00:00,2025,4,23,14,An Giang,Xã Giồng Riềng,9.9237413,105.2736878,137,Unhealthy for Sensitive Groups,2,27.7,84,0.7,5.6,230,1009.5,99,12.4,12.7,158.0,3.7,85.0,3.4
2025-04-23 15:00:00,2025,4,23,15,An Giang,Xã Giồng Riềng,9.9237413,105.2736878,136,Unhealthy for Sensitive Groups,2,28.2,80,0.4,7.5,217,1008.0,100,12.5,13.1,163.0,4.8,76.0,3.5
2025-04-23 16:00:00,2025,4,23,16,An Giang,Xã Giồng Riềng,9.9237413,105.2736878,136,Unhealthy for Sensitive Groups,2,28.5,79,0.0,5.8,256,1007.9,99,13.6,14.6,171.0,7.0,67.0,4.0
2025-04-23 17:00:00,2025,4,23,17,An Giang,Xã Giồng Riềng,9.9237413,105.2736878,136,Unhealthy for Sensitive Groups,2,28.5,77,0.0,6.9,239,1007.7,100,14.3,15.3,184.0,10.7,57.0,4.9
2025-04-23 18:00:00,2025,4,23,18,An Giang,Xã Giồng Riềng,9.9237413,105.2736878,135,Unhealthy for Sensitive Groups,2,28.0,80,0.0,5.3,218,1008.4,100,22.1,22.9,201.0,15.5,47.0,6.2
2025-04-23 19:00:00,2025,4,23,19,An Giang,Xã Giồng Riềng,9.9237413,105.2736878,136,Unhealthy for Sensitive Groups,2,27.0,85,0.0,4.2,227,1009.0,99,46.6,48.0,218.0,27.2,29.0,9.4
2025-04-23 20:00:00,2025,4,23,20,An Giang,Xã Giồng Riềng,9.9237413,105.2736878,138,Unhealthy for Sensitive Groups,2,26.6,86,0.0,5.1,198,1009.6,100,65.9,67.3,234.0,34.6,22.0,11.7
2025-04-23 21:00:00,2025,4,23,21,An Giang,Xã Giồng Riềng,9.9237413,105.2736878,142,Unhealthy for Sensitive Groups,2,26.1,89,0.0,4.2,205,1010.2,98,83.1,84.8,250.0,44.6,11.0,14.7
2025-04-23 22:00:00,2025,4,23,22,An Giang,Xã Giồng Riềng,9.9237413,105.2736878,147,Unhealthy for Sensitive Groups,2,25.6,92,0.0,3.7,203,1010.7,97,97.8,99.7,261.0,51.6,4.0,16.5
2025-04-23 23:00:00,2025,4,23,23,An Giang,Xã Giồng Riềng,9.9237413,105.2736878,150,Unhealthy for Sensitive Groups,2,25.4,94,0.0,3.6,189,1010.5,100,105.5,107.3,268.0,52.6,2.0,15.8
2025-04-24 00:00:00,2025,4,24,0,An Giang,Xã Giồng Riềng,9.9237413,105.2736878,151,Unhealthy,3,25.0,96,0.0,3.8,188,1009.8,100,105.5,107.3,270.0,50.5,4.0,13.8
2025-04-24 01:00:00,2025,4,24,1,An Giang,Xã Giồng Riềng,9.9237413,105.2736878,152,Unhealthy,3,24.9,96,0.0,3.8,180,1009.3,100,96.9,98.5,266.0,48.0,5.0,12.1
2025-04-24 02:00:00,2025,4,24,2,An Giang,Xã Giồng Riềng,9.9237413,105.2736878,152,Unhealthy,3,24.6,96,0.0,3.4,174,1008.8,97,90.6,92.4,248.0,46.1,5.0,11.1
2025-04-24 03:00:00,2025,4,24,3,An Giang,Xã Giồng Riềng,9.9237413,105.2736878,152,Unhealthy,3,24.6,96,0.0,4.4,153,1008.4,95,84.3,85.9,224.0,43.8,5.0,10.2
2025-04-24 04:00:00,2025,4,24,4,An Giang,Xã Giồng Riềng,9.9237413,105.2736878,151,Unhealthy,3,24.6,95,0.0,5.0,139,1008.5,100,79.2,80.8,207.0,40.8,8.0,9.7
2025-04-24 05:00:00,2025,4,24,5,An Giang,Xã Giồng Riềng,9.9237413,105.2736878,150,Unhealthy for Sensitive Groups,2,24.5,95,0.0,5.5,142,1008.7,97,80.6,82.4,209.0,37.0,14.0,9.8
2025-04-24 06:00:00,2025,4,24,6,An Giang,Xã Giồng Riềng,9.9237413,105.2736878,147,Unhealthy for Sensitive Groups,2,24.4,96,0.0,6.0,155,1009.0,98,84.5,86.4,220.0,32.4,23.0,10.2
2025-04-24 07:00:00,2025,4,24,7,An Giang,Xã Giồng Riềng,9.9237413,105.2736878,147,Unhealthy for Sensitive Groups,2,26.4,89,0.0,6.6,154,1009.9,9,69.8,71.9,221.0,24.4,32.0,9.3
2025-04-24 08:00:00,2025,4,24,8,An Giang,Xã Giồng Riềng,9.9237413,105.2736878,145,Unhealthy for Sensitive Groups,2,28.9,79,0.0,8.0,160,1010.8,64,40.0,43.1,201.0,18.0,48.0,7.7
2025-04-24 09:00:00,2025,4,24,9,An Giang,Xã Giồng Riềng,9.9237413,105.2736878,146,Unhealthy for Sensitive Groups,2,30.5,67,0.0,9.2,178,1011.3,3,19.9,22.9,173.0,9.1,69.0,5.6
2025-04-24 10:00:00,2025,4,24,10,An Giang,Xã Giồng Riềng,9.9237413,105.2736878,146,Unhealthy for Sensitive Groups,2,31.9,60,0.0,8.0,189,1011.2,5,14.8,16.8,150.0,2.6,86.0,3.9
2025-04-24 11:00:00,2025,4,24,11,An Giang,Xã Giồng Riềng,9.9237413,105.2736878,145,Unhealthy for Sensitive Groups,2,33.0,54,0.0,7.9,200,1010.8,13,12.6,13.9,141.0,0.6,94.0,3.3
2025-04-24 12:00:00,2025,4,24,12,An Giang,Xã Giồng Riềng,9.9237413,105.2736878,145,Unhealthy for Sensitive Groups,2,33.8,53,0.0,8.0,203,1009.9,15,11.0,11.8,138.0,0.8,96.0,3.1
2025-04-24 13:00:00,2025,4,24,13,An Giang,Xã Giồng Riềng,9.9237413,105.2736878,144,Unhealthy for Sensitive Groups,2,33.5,54,0.0,8.7,236,1008.9,100,10.1,10.7,137.0,1.4,95.0,3.0
2025-04-24 14:00:00,2025,4,24,14,An Giang,Xã Giồng Riềng,9.9237413,105.2736878,144,Unhealthy for Sensitive Groups,2,29.2,77,3.0,15.3,261,1008.4,91,9.3,9.9,133.0,1.4,89.0,2.6
2025-04-24 15:00:00,2025,4,24,15,An Giang,Xã Giồng Riềng,9.9237413,105.2736878,144,Unhealthy for Sensitive Groups,2,30.0,71,0.3,15.0,235,1007.5,66,8.7,9.3,131.0,1.8,78.0,2.1
2025-04-24 16:00:00,2025,4,24,16,An Giang,Xã Giồng Riềng,9.9237413,105.2736878,143,Unhealthy for Sensitive Groups,2,29.1,73,0.0,11.6,212,1007.3,69,9.0,9.6,136.0,3.4,68.0,2.3
2025-04-24 17:00:00,2025,4,24,17,An Giang,Xã Giồng Riềng,9.9237413,105.2736878,143,Unhealthy for Sensitive Groups,2,28.9,73,0.1,8.3,198,1007.1,67,10.8,11.2,152.0,7.2,58.0,3.5
2025-04-24 18:00:00,2025,4,24,18,An Giang,Xã Giồng Riềng,9.9237413,105.2736878,142,Unhealthy for Sensitive Groups,2,28.1,78,0.0,6.1,180,1007.7,100,14.6,15.0,176.0,12.2,48.0,5.2
2025-04-24 19:00:00,2025,4,24,19,An Giang,Xã Giồng Riềng,9.9237413,105.2736878,142,Unhealthy for Sensitive Groups,2,27.3,82,0.0,5.1,197,1008.7,100,24.1,25.4,206.0,14.5,38.0,5.8
2025-04-24 20:00:00,2025,4,24,20,An Giang,Xã Giồng Riềng,9.9237413,105.2736878,139,Unhealthy for Sensitive Groups,2,27.0,83,0.0,6.9,163,1009.4,93,33.3,34.5,250.0,18.6,32.0,6.9
2025-04-24 21:00:00,2025,4,24,21,An Giang,Xã Giồng Riềng,9.9237413,105.2736878,136,Unhealthy for Sensitive Groups,2,26.8,85,0.0,5.8,184,1010.0,92,44.9,46.0,300.0,24.2,23.0,8.5
2025-04-24 22:00:00,2025,4,24,22,An Giang,Xã Giồng Riềng,9.9237413,105.2736878,132,Unhealthy for Sensitive Groups,2,26.4,87,0.0,6.0,185,1010.8,26,47.3,48.3,325.0,28.0,17.0,9.3
2025-04-24 23:00:00,2025,4,24,23,An Giang,Xã Giồng Riềng,9.9237413,105.2736878,127,Unhealthy for Sensitive Groups,2,26.2,88,0.0,6.3,183,1010.8,23,46.3,47.4,305.0,28.0,16.0,8.7
2025-04-25 00:00:00,2025,4,25,0,An Giang,Xã Giồng Riềng,9.9237413,105.2736878,120,Unhealthy for Sensitive Groups,2,26.0,90,0.0,7.7,183,1010.4,21,43.7,44.7,261.0,26.2,17.0,7.3
2025-04-25 01:00:00,2025,4,25,1,An Giang,Xã Giồng Riềng,9.9237413,105.2736878,114,Unhealthy for Sensitive Groups,2,25.9,90,0.0,8.0,186,1009.5,72,42.4,43.4,222.0,24.8,18.0,6.3
2025-04-25 02:00:00,2025,4,25,2,An Giang,Xã Giồng Riềng,9.9237413,105.2736878,108,Unhealthy for Sensitive Groups,2,26.0,90,0.0,7.4,184,1009.1,83,42.4,43.4,196.0,25.0,16.0,6.0
2025-04-25 03:00:00,2025,4,25,3,An Giang,Xã Giồng Riềng,9.9237413,105.2736878,103,Unhealthy for Sensitive Groups,2,25.5,91,0.0,6.7,183,1008.5,7,42.5,43.4,174.0,25.8,14.0,5.9
2025-04-25 04:00:00,2025,4,25,4,An Giang,Xã Giồng Riềng,9.9237413,105.2736878,99,Moderate,1,25.2,93,0.0,6.0,173,1008.7,25,43.7,44.6,163.0,25.8,13.0,6.2
2025-04-25 05:00:00,2025,4,25,5,An Giang,Xã Giồng Riềng,9.9237413,105.2736878,96,Moderate,1,25.0,93,0.0,5.2,153,1008.8,1,48.9,49.8,170.0,25.0,14.0,7.0
2025-04-25 06:00:00,2025,4,25,6,An Giang,Xã Giồng Riềng,9.9237413,105.2736878,93,Moderate,1,25.0,94,0.0,4.6,171,1009.5,0,58.7,59.6,186.0,23.6,16.0,8.2
2025-04-25 07:00:00,2025,4,25,7,An Giang,Xã Giồng Riềng,9.9237413,105.2736878,91,Moderate,1,27.0,87,0.0,4.5,178,1010.4,1,45.1,46.0,195.0,17.5,24.0,7.3
2025-04-25 08:00:00,2025,4,25,8,An Giang,Xã Giồng Riềng,9.9237413,105.2736878,89,Moderate,1,29.6,75,0.1,8.4,195,1011.1,18,24.6,26.3,185.0,13.2,41.0,6.4
2025-04-25 09:00:00,2025,4,25,9,An Giang,Xã Giồng Riềng,9.9237413,105.2736878,87,Moderate,1,30.9,68,0.1,7.3,203,1011.6,17,16.1,18.1,167.0,7.3,66.0,5.1
2025-04-25 10:00:00,2025,4,25,10,An Giang,Xã Giồng Riềng,9.9237413,105.2736878,87,Moderate,1,31.8,66,0.1,5.0,215,1011.9,24,13.9,15.8,153.0,2.8,85.0,4.1
2025-04-25 11:00:00,2025,4,25,11,An Giang,Xã Giồng Riềng,9.9237413,105.2736878,87,Moderate,1,32.6,63,0.1,4.0,201,1011.4,10,12.9,14.5,149.0,1.3,96.0,3.6
2025-04-25 12:00:00,2025,4,25,12,An Giang,Xã Giồng Riềng,9.9237413,105.2736878,87,Moderate,1,33.3,60,0.1,4.5,194,1010.5,12,12.3,13.6,149.0,1.2,102.0,3.5
2025-04-25 13:00:00,2025,4,25,13,An Giang,Xã Giồng Riềng,9.9237413,105.2736878,87,Moderate,1,33.7,58,0.1,3.1,220,1009.0,79,11.5,12.8,150.0,1.5,104.0,3.3
2025-04-25 14:00:00,2025,4,25,14,An Giang,Xã Giồng Riềng,9.9237413,105.2736878,87,Moderate,1,28.6,81,7.8,17.3,258,1008.8,76,11.0,12.1,147.0,1.4,103.0,2.9
2025-04-25 15:00:00,2025,4,25,15,An Giang,Xã Giồng Riềng,9.9237413,105.2736878,87,Moderate,1,28.0,82,0.3,9.9,190,1008.2,87,10.5,11.3,145.0,1.6,98.0,2.6
2025-04-25 16:00:00,2025,4,25,16,An Giang,Xã Giồng Riềng,9.9237413,105.2736878,87,Moderate,1,28.1,80,0.1,8.2,220,1007.1,53,11.4,12.2,151.0,3.3,90.0,2.8
2025-04-25 17:00:00,2025,4,25,17,An Giang,Xã Giồng Riềng,9.9237413,105.2736878,88,Moderate,1,28.8,78,0.0,6.0,175,1007.0,91,13.0,14.1,168.0,7.2,78.0,3.7
2025-04-25 18:00:00,2025,4,25,18,An Giang,Xã Giồng Riềng,9.9237413,105.2736878,88,Moderate,1,28.0,83,0.0,3.2,133,1007.6,91,15.5,16.5,194.0,12.7,64.0,5.2
2025-04-25 19:00:00,2025,4,25,19,An Giang,Xã Giồng Riềng,9.9237413,105.2736878,88,Moderate,1,27.1,88,0.0,2.5,69,1008.5,68,35.7,37.6,224.0,18.8,56.0,6.9
2025-04-25 20:00:00,2025,4,25,20,An Giang,Xã Giồng Riềng,9.9237413,105.2736878,89,Moderate,1,27.5,86,0.0,4.8,119,1008.9,98,47.8,49.5,266.0,21.6,49.0,7.7
2025-04-25 21:00:00,2025,4,25,21,An Giang,Xã Giồng Riềng,9.9237413,105.2736878,90,Moderate,1,27.1,88,0.0,5.5,148,1009.8,72,52.3,53.8,313.0,25.5,39.0,8.9
2025-04-25 22:00:00,2025,4,25,22,An Giang,Xã Giồng Riềng,9.9237413,105.2736878,91,Moderate,1,26.9,89,0.0,5.0,159,1010.8,32,52.4,53.8,343.0,28.0,31.0,9.5
2025-04-25 23:00:00,2025,4,25,23,An Giang,Xã Giồng Riềng,9.9237413,105.2736878,91,Moderate,1,26.5,91,0.0,4.4,159,1011.0,16,50.3,51.8,347.0,27.5,29.0,9.1
2025-04-26 00:00:00,2025,4,26,0,An Giang,Xã Giồng Riềng,9.9237413,105.2736878,92,Moderate,1,26.5,90,0.0,6.7,149,1010.5,11,47.5,49.1,334.0,25.6,29.0,8.1
2025-04-26 01:00:00,2025,4,26,1,An Giang,Xã Giồng Riềng,9.9237413,105.2736878,92,Moderate,1,26.4,90,0.0,6.6,171,1009.5,1,45.5,47.3,314.0,24.8,28.0,7.4
2025-04-26 02:00:00,2025,4,26,2,An Giang,Xã Giồng Riềng,9.9237413,105.2736878,92,Moderate,1,26.0,91,0.0,5.8,164,1008.5,0,45.1,46.8,284.0,26.8,24.0,7.2
2025-04-26 03:00:00,2025,4,26,3,An Giang,Xã Giồng Riềng,9.9237413,105.2736878,93,Moderate,1,25.7,93,0.0,5.3,147,1008.2,0,55.1,56.9,246.0,29.8,19.0,7.2
2025-04-26 04:00:00,2025,4,26,4,An Giang,Xã Giồng Riềng,9.9237413,105.2736878,94,Moderate,1,25.5,94,0.0,6.0,159,1008.2,0,56.2,58.1,220.0,31.0,17.0,7.3
2025-04-26 05:00:00,2025,4,26,5,An Giang,Xã Giồng Riềng,9.9237413,105.2736878,95,Moderate,1,25.3,96,0.0,4.7,157,1009.3,1,51.5,53.4,220.0,29.1,19.0,7.7
2025-04-26 06:00:00,2025,4,26,6,An Giang,Xã Giồng Riềng,9.9237413,105.2736878,95,Moderate,1,25.3,96,0.0,4.4,145,1009.7,4,56.1,58.2,231.0,25.3,24.0,8.3
2025-04-26 07:00:00,2025,4,26,7,An Giang,Xã Giồng Riềng,9.9237413,105.2736878,95,Moderate,1,27.2,90,0.0,5.8,141,1010.4,11,51.1,53.1,233.0,20.3,34.0,8.0
2025-04-26 08:00:00,2025,4,26,8,An Giang,Xã Giồng Riềng,9.9237413,105.2736878,95,Moderate,1,29.6,79,0.0,11.1,151,1011.1,7,27.4,30.7,211.0,15.3,52.0,7.3
2025-04-26 09:00:00,2025,4,26,9,An Giang,Xã Giồng Riềng,9.9237413,105.2736878,96,Moderate,1,31.2,67,0.0,11.0,150,1011.2,4,19.5,23.1,180.0,8.3,78.0,6.2
2025-04-26 10:00:00,2025,4,26,10,An Giang,Xã Giồng Riềng,9.9237413,105.2736878,96,Moderate,1,32.3,59,0.0,8.1,149,1011.1,9,17.6,20.4,156.0,3.1,98.0,5.4
2025-04-26 11:00:00,2025,4,26,11,An Giang,Xã Giồng Riềng,9.9237413,105.2736878,96,Moderate,1,33.2,55,0.0,7.3,142,1010.7,13,15.1,16.6,147.0,1.3,108.0,5.0
2025-04-26 12:00:00,2025,4,26,12,An Giang,Xã Giồng Riềng,9.9237413,105.2736878,96,Moderate,1,33.9,54,0.0,6.9,121,1009.9,63,14.4,15.3,146.0,1.3,114.0,4.7
2025-04-26 13:00:00,2025,4,26,13,An Giang,Xã Giồng Riềng,9.9237413,105.2736878,97,Moderate,1,34.3,51,0.0,9.3,109,1008.7,81,15.1,16.1,148.0,1.7,114.0,4.4
2025-04-26 14:00:00,2025,4,26,14,An Giang,Xã Giồng Riềng,9.9237413,105.2736878,97,Moderate,1,30.2,69,5.1,16.2,199,1008.3,99,14.1,15.0,149.0,1.9,108.0,3.7
2025-04-26 15:00:00,2025,4,26,15,An Giang,Xã Giồng Riềng,9.9237413,105.2736878,97,Moderate,1,27.1,86,8.2,9.0,232,1008.4,99,13.4,14.1,153.0,2.5,98.0,3.0
2025-04-26 16:00:00,2025,4,26,16,An Giang,Xã Giồng Riềng,9.9237413,105.2736878,97,Moderate,1,27.5,82,1.8,4.2,223,1008.3,100,14.6,15.4,163.0,4.3,87.0,2.9
2025-04-26 17:00:00,2025,4,26,17,An Giang,Xã Giồng Riềng,9.9237413,105.2736878,98,Moderate,1,27.2,84,0.0,6.0,311,1008.4,94,15.7,16.5,185.0,7.5,77.0,3.9
2025-04-26 18:00:00,2025,4,26,18,An Giang,Xã Giồng Riềng,9.9237413,105.2736878,98,Moderate,1,27.0,86,0.0,6.3,340,1008.7,90,19.8,20.6,213.0,11.7,67.0,5.5
2025-04-26 19:00:00,2025,4,26,19,An Giang,Xã Giồng Riềng,9.9237413,105.2736878,98,Moderate,1,26.3,92,0.0,0.4,153,1009.7,93,32.5,33.9,237.0,16.8,50.0,7.6
2025-04-26 20:00:00,2025,4,26,20,An Giang,Xã Giồng Riềng,9.9237413,105.2736878,98,Moderate,1,25.7,94,0.0,3.9,77,1010.2,87,40.4,41.8,253.0,19.9,45.0,9.3
2025-04-26 21:00:00,2025,4,26,21,An Giang,Xã Giồng Riềng,9.9237413,105.2736878,97,Moderate,1,25.5,95,0.0,4.9,82,1011.0,97,51.6,52.9,264.0,24.3,39.0,11.6
2025-04-26 22:00:00,2025,4,26,22,An Giang,Xã Giồng Riềng,9.9237413,105.2736878,97,Moderate,1,25.2,96,0.0,3.6,81,1011.7,90,54.8,56.6,273.0,28.7,32.0,13.5
2025-04-26 23:00:00,2025,4,26,23,An Giang,Xã Giồng Riềng,9.9237413,105.2736878,98,Moderate,1,25.2,97,0.0,5.5,67,1012.1,89,67.3,69.2,276.0,32.7,26.0,14.5
2025-04-27 00:00:00,2025,4,27,0,An Giang,Xã Giồng Riềng,9.9237413,105.2736878,99,Moderate,1,25.0,98,0.0,4.7,72,1011.8,94,72.2,74.0,275.0,36.8,20.0,15.1
2025-04-27 01:00:00,2025,4,27,1,An Giang,Xã Giồng Riềng,9.9237413,105.2736878,101,Unhealthy for Sensitive Groups,2,24.9,98,0.0,6.1,71,1011.4,100,81.3,83.4,281.0,40.7,15.0,15.4
2025-04-27 02:00:00,2025,4,27,2,An Giang,Xã Giồng Riềng,9.9237413,105.2736878,105,Unhealthy for Sensitive Groups,2,24.6,99,0.0,4.6,79,1010.5,100,91.7,94.1,297.0,45.4,8.0,15.2
2025-04-27 03:00:00,2025,4,27,3,An Giang,Xã Giồng Riềng,9.9237413,105.2736878,110,Unhealthy for Sensitive Groups,2,24.3,99,0.0,4.0,69,1010.2,93,106.2,108.5,319.0,50.0,2.0,14.8
2025-04-27 04:00:00,2025,4,27,4,An Giang,Xã Giồng Riềng,9.9237413,105.2736878,115,Unhealthy for Sensitive Groups,2,24.3,98,0.0,5.8,74,1009.9,22,117.8,120.6,343.0,51.5,1.0,14.9
2025-04-27 05:00:00,2025,4,27,5,An Giang,Xã Giồng Riềng,9.9237413,105.2736878,122,Unhealthy for Sensitive Groups,2,24.1,98,0.0,6.3,77,1010.2,9,131.3,133.6,380.0,48.5,7.0,16.6
2025-04-27 06:00:00,2025,4,27,6,An Giang,Xã Giồng Riềng,9.9237413,105.2736878,130,Unhealthy for Sensitive Groups,2,24.1,97,0.0,6.0,74,1010.8,0,120.6,122.9,419.0,42.4,19.0,18.8
2025-04-27 07:00:00,2025,4,27,7,An Giang,Xã Giồng Riềng,9.9237413,105.2736878,137,Unhealthy for Sensitive Groups,2,25.5,93,0.0,6.1,71,1011.2,0,91.7,95.2,424.0,34.1,34.0,19.9
2025-04-27 08:00:00,2025,4,27,8,An Giang,Xã Giồng Riềng,9.9237413,105.2736878,141,Unhealthy for Sensitive Groups,2,27.6,87,0.0,7.3,81,1012.0,24,70.8,75.0,363.0,25.9,53.0,17.9
2025-04-27 09:00:00,2025,4,27,9,An Giang,Xã Giồng Riềng,9.9237413,105.2736878,146,Unhealthy for Sensitive Groups,2,29.4,76,0.0,9.0,96,1012.0,19,39.9,43.8,268.0,14.5,81.0,15.1
2025-04-27 10:00:00,2025,4,27,10,An Giang,Xã Giồng Riềng,9.9237413,105.2736878,148,Unhealthy for Sensitive Groups,2,30.6,68,0.0,10.0,97,1011.7,22,28.4,29.6,194.0,5.9,103.0,12.6
2025-04-27 11:00:00,2025,4,27,11,An Giang,Xã Giồng Riềng,9.9237413,105.2736878,149,Unhealthy for Sensitive Groups,2,31.6,62,0.0,9.8,95,1011.4,89,25.5,26.4,166.0,2.7,116.0,10.9
2025-04-27 12:00:00,2025,4,27,12,An Giang,Xã Giồng Riềng,9.9237413,105.2736878,150,Unhealthy for Sensitive Groups,2,32.3,59,0.1,9.6,96,1010.3,16,23.6,24.4,159.0,2.2,125.0,9.6
2025-04-27 13:00:00,2025,4,27,13,An Giang,Xã Giồng Riềng,9.9237413,105.2736878,150,Unhealthy for Sensitive Groups,2,32.8,56,0.1,9.6,96,1009.0,19,22.8,23.5,157.0,2.3,130.0,8.7
2025-04-27 14:00:00,2025,4,27,14,An Giang,Xã Giồng Riềng,9.9237413,105.2736878,150,Unhealthy for Sensitive Groups,2,32.8,56,0.0,9.1,108,1007.7,17,22.6,23.2,154.0,1.5,134.0,8.3
2025-04-27 15:00:00,2025,4,27,15,An Giang,Xã Giồng Riềng,9.9237413,105.2736878,151,Unhealthy,3,32.9,56,0.0,8.1,111,1007.0,16,22.1,22.7,155.0,1.3,135.0,8.4
2025-04-27 16:00:00,2025,4,27,16,An Giang,Xã Giồng Riềng,9.9237413,105.2736878,151,Unhealthy,3,32.5,56,0.0,8.6,120,1006.4,23,21.7,22.2,159.0,3.5,129.0,9.0
2025-04-27 17:00:00,2025,4,27,17,An Giang,Xã Giồng Riềng,9.9237413,105.2736878,151,Unhealthy,3,31.1,64,0.0,11.0,152,1006.4,28,23.5,23.9,166.0,9.7,113.0,10.5
2025-04-27 18:00:00,2025,4,27,18,An Giang,Xã Giồng Riềng,9.9237413,105.2736878,151,Unhealthy,3,28.5,75,0.0,12.5,213,1007.3,32,31.4,31.9,177.0,18.3,91.0,12.6
2025-04-27 19:00:00,2025,4,27,19,An Giang,Xã Giồng Riềng,9.9237413,105.2736878,151,Unhealthy,3,27.5,77,0.0,8.1,239,1008.3,23,46.6,48.1,190.0,20.7,74.0,12.9
2025-04-27 20:00:00,2025,4,27,20,An Giang,Xã Giồng Riềng,9.9237413,105.2736878,152,Unhealthy,3,26.5,84,0.4,7.0,296,1008.9,96,51.3,52.9,207.0,23.2,62.0,12.9
2025-04-27 21:00:00,2025,4,27,21,An Giang,Xã Giồng Riềng,9.9237413,105.2736878,152,Unhealthy,3,26.1,89,0.1,6.9,256,1009.3,55,55.2,57.2,226.0,26.6,44.0,12.9
2025-04-27 22:00:00,2025,4,27,22,An Giang,Xã Giồng Riềng,9.9237413,105.2736878,152,Unhealthy,3,25.6,92,0.0,4.9,213,1010.2,56,56.2,58.1,243.0,29.6,30.0,12.6
2025-04-27 23:00:00,2025,4,27,23,An Giang,Xã Giồng Riềng,9.9237413,105.2736878,152,Unhealthy,3,25.1,94,0.0,3.6,213,1010.5,44,56.6,58.4,256.0,31.4,22.0,11.8
2025-04-28 00:00:00,2025,4,28,0,An Giang,Xã Giồng Riềng,9.9237413,105.2736878,152,Unhealthy,3,24.8,95,0.0,4.0,210,1010.3,26,57.9,59.8,266.0,32.7,16.0,10.8
2025-04-28 01:00:00,2025,4,28,1,An Giang,Xã Giồng Riềng,9.9237413,105.2736878,151,Unhealthy,3,24.3,96,0.0,4.2,220,1009.8,17,59.4,61.5,274.0,34.4,12.0,10.1
2025-04-28 02:00:00,2025,4,28,2,An Giang,Xã Giồng Riềng,9.9237413,105.2736878,151,Unhealthy,3,23.8,97,0.0,3.7,219,1009.5,25,63.6,65.7,278.0,37.5,7.0,10.1
2025-04-28 03:00:00,2025,4,28,3,An Giang,Xã Giồng Riềng,9.9237413,105.2736878,150,Unhealthy for Sensitive Groups,2,23.5,98,0.0,1.5,201,1009.0,3,71.9,74.3,280.0,40.9,3.0,10.5
2025-04-28 04:00:00,2025,4,28,4,An Giang,Xã Giồng Riềng,9.9237413,105.2736878,148,Unhealthy for Sensitive Groups,2,23.4,98,0.0,1.3,180,1009.1,43,77.1,79.4,288.0,42.0,3.0,10.7
2025-04-28 05:00:00,2025,4,28,5,An Giang,Xã Giồng Riềng,9.9237413,105.2736878,144,Unhealthy for Sensitive Groups,2,23.2,99,0.0,1.8,127,1009.6,91,81.5,84.1,314.0,39.4,6.0,10.7
2025-04-28 06:00:00,2025,4,28,6,An Giang,Xã Giồng Riềng,9.9237413,105.2736878,139,Unhealthy for Sensitive Groups,2,23.1,100,0.0,3.7,79,1010.0,9,86.6,89.6,345.0,34.4,13.0,10.6
2025-04-28 07:00:00,2025,4,28,7,An Giang,Xã Giồng Riềng,9.9237413,105.2736878,135,Unhealthy for Sensitive Groups,2,25.5,95,0.0,5.1,82,1010.2,2,76.4,79.4,349.0,28.5,24.0,11.5
2025-04-28 08:00:00,2025,4,28,8,An Giang,Xã Giồng Riềng,9.9237413,105.2736878,133,Unhealthy for Sensitive Groups,2,29.0,80,0.0,7.6,109,1010.9,45,38.4,42.7,298.0,21.5,42.0,10.7
2025-04-28 09:00:00,2025,4,28,9,An Giang,Xã Giồng Riềng,9.9237413,105.2736878,130,Unhealthy for Sensitive Groups,2,30.4,71,0.0,8.5,107,1011.3,3,25.6,30.0,218.0,11.8,68.0,9.5
2025-04-28 10:00:00,2025,4,28,10,An Giang,Xã Giồng Riềng,9.9237413,105.2736878,129,Unhealthy for Sensitive Groups,2,31.5,63,0.0,10.3,90,1010.9,10,25.6,30.5,160.0,4.5,90.0,8.6
2025-04-28 11:00:00,2025,4,28,11,An Giang,Xã Giồng Riềng,9.9237413,105.2736878,128,Unhealthy for Sensitive Groups,2,32.3,58,0.0,10.4,91,1010.5,22,25.0,28.9,145.0,2.0,106.0,8.2
2025-04-28 12:00:00,2025,4,28,12,An Giang,Xã Giồng Riềng,9.9237413,105.2736878,128,Unhealthy for Sensitive Groups,2,32.8,57,0.0,10.9,98,1009.7,18,24.7,26.6,151.0,2.0,118.0,8.0
2025-04-28 13:00:00,2025,4,28,13,An Giang,Xã Giồng Riềng,9.9237413,105.2736878,128,Unhealthy for Sensitive Groups,2,33.2,54,0.0,9.8,107,1008.6,29,26.1,27.8,158.0,2.3,127.0,7.9
2025-04-28 14:00:00,2025,4,28,14,An Giang,Xã Giồng Riềng,9.9237413,105.2736878,129,Unhealthy for Sensitive Groups,2,33.2,56,0.0,8.5,118,1007.6,64,28.1,29.7,158.0,2.0,132.0,7.6
2025-04-28 15:00:00,2025,4,28,15,An Giang,Xã Giồng Riềng,9.9237413,105.2736878,129,Unhealthy for Sensitive Groups,2,32.5,60,0.0,7.6,117,1006.8,42,27.3,28.9,158.0,2.1,132.0,7.4
2025-04-28 16:00:00,2025,4,28,16,An Giang,Xã Giồng Riềng,9.9237413,105.2736878,130,Unhealthy for Sensitive Groups,2,32.5,58,0.0,8.2,112,1006.0,11,28.8,30.3,164.0,3.4,128.0,7.5
2025-04-28 17:00:00,2025,4,28,17,An Giang,Xã Giồng Riềng,9.9237413,105.2736878,130,Unhealthy for Sensitive Groups,2,31.0,63,0.1,10.7,193,1005.9,37,32.9,34.6,178.0,6.5,117.0,8.1
2025-04-28 18:00:00,2025,4,28,18,An Giang,Xã Giồng Riềng,9.9237413,105.2736878,131,Unhealthy for Sensitive Groups,2,27.8,79,0.1,10.5,253,1006.4,26,35.9,37.4,198.0,10.8,100.0,8.9
2025-04-28 19:00:00,2025,4,28,19,An Giang,Xã Giồng Riềng,9.9237413,105.2736878,132,Unhealthy for Sensitive Groups,2,27.0,79,0.0,6.8,287,1007.1,58,49.8,51.1,217.0,18.4,77.0,10.4
2025-04-28 20:00:00,2025,4,28,20,An Giang,Xã Giồng Riềng,9.9237413,105.2736878,132,Unhealthy for Sensitive Groups,2,27.5,79,0.0,7.9,225,1007.5,100,56.1,57.6,234.0,21.5,67.0,10.7
2025-04-28 21:00:00,2025,4,28,21,An Giang,Xã Giồng Riềng,9.9237413,105.2736878,133,Unhealthy for Sensitive Groups,2,27.0,81,0.0,7.2,193,1008.9,100,63.1,64.5,251.0,25.9,52.0,11.0
2025-04-28 22:00:00,2025,4,28,22,An Giang,Xã Giồng Riềng,9.9237413,105.2736878,134,Unhealthy for Sensitive Groups,2,27.0,81,0.0,9.8,188,1009.7,100,66.6,68.0,267.0,30.2,39.0,11.1
2025-04-28 23:00:00,2025,4,28,23,An Giang,Xã Giồng Riềng,9.9237413,105.2736878,135,Unhealthy for Sensitive Groups,2,26.6,85,0.0,7.3,173,1010.2,97,65.9,67.3,282.0,34.3,30.0,10.6
2025-04-29 00:00:00,2025,4,29,0,An Giang,Xã Giồng Riềng,9.9237413,105.2736878,136,Unhealthy for Sensitive Groups,2,25.9,91,0.0,3.1,152,1010.1,0,70.3,72.4,295.0,38.2,22.0,9.9
2025-04-29 01:00:00,2025,4,29,1,An Giang,Xã Giồng Riềng,9.9237413,105.2736878,137,Unhealthy for Sensitive Groups,2,25.5,92,0.0,1.8,180,1009.7,56,86.8,89.2,306.0,40.6,17.0,9.3
2025-04-29 02:00:00,2025,4,29,2,An Giang,Xã Giồng Riềng,9.9237413,105.2736878,140,Unhealthy for Sensitive Groups,2,25.0,94,0.0,2.2,194,1009.3,100,85.9,87.8,315.0,40.4,16.0,9.3
2025-04-29 03:00:00,2025,4,29,3,An Giang,Xã Giồng Riềng,9.9237413,105.2736878,142,Unhealthy for Sensitive Groups,2,24.6,96,0.0,1.4,220,1008.6,100,87.1,88.9,322.0,38.6,18.0,9.4
2025-04-29 04:00:00,2025,4,29,4,An Giang,Xã Giồng Riềng,9.9237413,105.2736878,144,Unhealthy for Sensitive Groups,2,24.2,98,0.0,0.8,27,1008.6,100,95.7,97.8,326.0,36.7,20.0,9.2
2025-04-29 05:00:00,2025,4,29,5,An Giang,Xã Giồng Riềng,9.9237413,105.2736878,146,Unhealthy for Sensitive Groups,2,24.0,98,0.0,3.3,45,1008.7,100,113.4,115.5,331.0,36.0,20.0,8.0
2025-04-29 06:00:00,2025,4,29,6,An Giang,Xã Giồng Riềng,9.9237413,105.2736878,149,Unhealthy for Sensitive Groups,2,24.6,97,0.0,4.4,58,1009.1,100,131.8,133.2,332.0,35.2,21.0,6.3
2025-04-29 07:00:00,2025,4,29,7,An Giang,Xã Giồng Riềng,9.9237413,105.2736878,151,Unhealthy,3,26.5,89,0.0,4.6,42,1009.6,99,153.7,155.5,317.0,47.6,19.0,10.5
2025-04-29 08:00:00,2025,4,29,8,An Giang,Xã Giồng Riềng,9.9237413,105.2736878,152,Unhealthy,3,29.5,73,0.1,4.9,96,1010.4,97,53.3,58.8,269.0,34.9,44.0,10.2
2025-04-29 09:00:00,2025,4,29,9,An Giang,Xã Giồng Riềng,9.9237413,105.2736878,153,Unhealthy,3,30.7,65,0.0,5.9,104,1011.0,75,33.2,38.2,205.0,17.4,78.0,9.7
2025-04-29 10:00:00,2025,4,29,10,An Giang,Xã Giồng Riềng,9.9237413,105.2736878,153,Unhealthy,3,32.1,56,0.0,7.4,112,1010.8,95,26.8,30.2,159.0,4.5,107.0,9.3
2025-04-29 11:00:00,2025,4,29,11,An Giang,Xã Giồng Riềng,9.9237413,105.2736878,153,Unhealthy,3,33.2,49,0.0,7.9,101,1010.4,70,26.4,28.6,147.0,0.7,124.0,9.1
2025-04-29 12:00:00,2025,4,29,12,An Giang,Xã Giồng Riềng,9.9237413,105.2736878,153,Unhealthy,3,34.2,44,0.0,8.5,97,1009.4,84,26.4,28.2,154.0,1.5,135.0,9.1
2025-04-29 13:00:00,2025,4,29,13,An Giang,Xã Giồng Riềng,9.9237413,105.2736878,153,Unhealthy,3,34.8,41,0.0,10.1,100,1008.4,70,27.2,28.9,161.0,2.6,143.0,9.1
2025-04-29 14:00:00,2025,4,29,14,An Giang,Xã Giồng Riềng,9.9237413,105.2736878,153,Unhealthy,3,34.6,42,0.0,12.0,103,1007.4,64,28.1,29.6,164.0,2.0,152.0,9.1
2025-04-29 15:00:00,2025,4,29,15,An Giang,Xã Giồng Riềng,9.9237413,105.2736878,153,Unhealthy,3,34.1,44,0.0,9.5,109,1006.7,72,28.6,30.0,169.0,1.8,157.0,9.3
2025-04-29 16:00:00,2025,4,29,16,An Giang,Xã Giồng Riềng,9.9237413,105.2736878,153,Unhealthy,3,33.9,44,0.0,8.4,106,1006.2,99,29.2,30.5,174.0,3.6,156.0,9.9
2025-04-29 17:00:00,2025,4,29,17,An Giang,Xã Giồng Riềng,9.9237413,105.2736878,153,Unhealthy,3,32.0,52,0.0,12.3,130,1006.4,79,31.7,32.9,179.0,9.4,143.0,11.6
2025-04-29 18:00:00,2025,4,29,18,An Giang,Xã Giồng Riềng,9.9237413,105.2736878,153,Unhealthy,3,30.9,58,0.0,7.6,152,1007.0,18,40.5,41.6,185.0,17.2,123.0,13.9
2025-04-29 19:00:00,2025,4,29,19,An Giang,Xã Giồng Riềng,9.9237413,105.2736878,153,Unhealthy,3,29.2,66,0.0,14.1,169,1007.9,26,53.6,55.2,192.0,20.1,91.0,13.3
2025-04-29 20:00:00,2025,4,29,20,An Giang,Xã Giồng Riềng,9.9237413,105.2736878,153,Unhealthy,3,27.9,73,0.0,7.5,159,1008.4,100,52.0,53.6,200.0,20.1,77.0,12.3
2025-04-29 21:00:00,2025,4,29,21,An Giang,Xã Giồng Riềng,9.9237413,105.2736878,153,Unhealthy,3,27.5,76,0.0,7.3,149,1009.1,100,45.9,47.8,209.0,20.0,58.0,11.0
2025-04-29 22:00:00,2025,4,29,22,An Giang,Xã Giồng Riềng,9.9237413,105.2736878,153,Unhealthy,3,27.2,79,0.0,6.6,139,1009.7,100,40.0,42.4,217.0,20.1,43.0,9.8
2025-04-29 23:00:00,2025,4,29,23,An Giang,Xã Giồng Riềng,9.9237413,105.2736878,152,Unhealthy,3,27.0,79,0.0,6.1,148,1010.0,100,38.3,40.6,224.0,20.3,38.0,9.0
2025-04-30 00:00:00,2025,4,30,0,An Giang,Xã Giồng Riềng,9.9237413,105.2736878,152,Unhealthy,3,26.6,81,0.0,6.0,155,1010.1,100,38.6,41.0,231.0,20.7,37.0,8.3
2025-04-30 01:00:00,2025,4,30,1,An Giang,Xã Giồng Riềng,9.9237413,105.2736878,151,Unhealthy,3,26.0,85,0.0,4.0,159,1009.6,100,39.6,42.0,238.0,21.4,36.0,7.9
2025-04-30 02:00:00,2025,4,30,2,An Giang,Xã Giồng Riềng,9.9237413,105.2736878,149,Unhealthy for Sensitive Groups,2,25.8,87,0.0,2.9,173,1009.5,98,41.2,43.7,245.0,22.7,34.0,7.8
2025-04-30 03:00:00,2025,4,30,3,An Giang,Xã Giồng Riềng,9.9237413,105.2736878,145,Unhealthy for Sensitive Groups,2,25.7,87,0.0,3.3,144,1009.0,99,43.2,45.8,252.0,24.3,33.0,8.0
2025-04-30 04:00:00,2025,4,30,4,An Giang,Xã Giồng Riềng,9.9237413,105.2736878,140,Unhealthy for Sensitive Groups,2,25.6,86,0.0,4.4,145,1008.8,26,45.5,48.1,257.0,25.3,32.0,8.3
2025-04-30 05:00:00,2025,4,30,5,An Giang,Xã Giồng Riềng,9.9237413,105.2736878,135,Unhealthy for Sensitive Groups,2,25.4,86,0.0,0.6,18,1009.4,12,49.1,51.8,263.0,25.7,30.0,8.9
2025-04-30 06:00:00,2025,4,30,6,An Giang,Xã Giồng Riềng,9.9237413,105.2736878,128,Unhealthy for Sensitive Groups,2,25.1,89,0.0,2.0,27,1009.7,0,53.7,56.6,268.0,25.4,30.0,9.6
2025-04-30 07:00:00,2025,4,30,7,An Giang,Xã Giồng Riềng,9.9237413,105.2736878,120,Unhealthy for Sensitive Groups,2,27.5,78,0.0,4.4,69,1010.0,0,54.7,57.9,262.0,24.4,35.0,10.5
2025-04-30 08:00:00,2025,4,30,8,An Giang,Xã Giồng Riềng,9.9237413,105.2736878,110,Unhealthy for Sensitive Groups,2,29.0,75,0.0,5.8,104,1010.8,8,31.5,35.7,236.0,18.5,54.0,9.7
2025-04-30 09:00:00,2025,4,30,9,An Giang,Xã Giồng Riềng,9.9237413,105.2736878,108,Unhealthy for Sensitive Groups,2,30.8,64,0.0,12.2,103,1010.9,8,23.9,28.5,200.0,10.2,81.0,8.7
2025-04-30 10:00:00,2025,4,30,10,An Giang,Xã Giồng Riềng,9.9237413,105.2736878,107,Unhealthy for Sensitive Groups,2,32.4,53,0.0,13.9,95,1010.7,3,22.3,26.9,174.0,4.1,103.0,7.8
2025-04-30 11:00:00,2025,4,30,11,An Giang,Xã Giồng Riềng,9.9237413,105.2736878,106,Unhealthy for Sensitive Groups,2,33.8,48,0.0,13.7,94,1010.3,2,22.2,26.2,167.0,2.0,116.0,7.3
2025-04-30 12:00:00,2025,4,30,12,An Giang,Xã Giồng Riềng,9.9237413,105.2736878,106,Unhealthy for Sensitive Groups,2,34.8,43,0.0,13.0,90,1009.6,6,21.0,23.1,169.0,2.0,125.0,6.9
2025-04-30 13:00:00,2025,4,30,13,An Giang,Xã Giồng Riềng,9.9237413,105.2736878,105,Unhealthy for Sensitive Groups,2,35.5,40,0.0,12.3,85,1008.5,5,22.4,23.7,173.0,2.3,133.0,6.8
2025-04-30 14:00:00,2025,4,30,14,An Giang,Xã Giồng Riềng,9.9237413,105.2736878,105,Unhealthy for Sensitive Groups,2,35.5,40,0.0,11.8,77,1007.2,6,24.2,25.5,175.0,2.0,142.0,6.9
2025-04-30 15:00:00,2025,4,30,15,An Giang,Xã Giồng Riềng,9.9237413,105.2736878,104,Unhealthy for Sensitive Groups,2,35.5,41,0.0,10.1,79,1005.9,11,25.3,26.5,179.0,2.1,149.0,7.4
2025-04-30 16:00:00,2025,4,30,16,An Giang,Xã Giồng Riềng,9.9237413,105.2736878,104,Unhealthy for Sensitive Groups,2,35.2,41,0.0,9.4,90,1005.3,14,28.2,29.4,183.0,3.6,150.0,8.1
2025-04-30 17:00:00,2025,4,30,17,An Giang,Xã Giồng Riềng,9.9237413,105.2736878,104,Unhealthy for Sensitive Groups,2,34.4,42,0.0,9.7,102,1005.3,16,28.9,29.9,188.0,7.7,140.0,9.6
2025-04-30 18:00:00,2025,4,30,18,An Giang,Xã Giồng Riềng,9.9237413,105.2736878,104,Unhealthy for Sensitive Groups,2,32.6,44,0.0,9.9,132,1006.1,100,33.6,34.5,193.0,13.2,123.0,11.4
2025-04-30 19:00:00,2025,4,30,19,An Giang,Xã Giồng Riềng,9.9237413,105.2736878,103,Unhealthy for Sensitive Groups,2,31.8,43,0.0,11.8,113,1006.8,11,56.1,57.5,197.0,19.3,105.0,13.5
2025-04-30 20:00:00,2025,4,30,20,An Giang,Xã Giồng Riềng,9.9237413,105.2736878,103,Unhealthy for Sensitive Groups,2,30.7,47,0.0,10.7,115,1007.7,10,57.7,58.8,198.0,19.2,92.0,12.8
2025-04-30 21:00:00,2025,4,30,21,An Giang,Xã Giồng Riềng,9.9237413,105.2736878,104,Unhealthy for Sensitive Groups,2,29.7,57,0.0,11.1,113,1008.6,2,51.0,52.3,197.0,19.1,75.0,11.7
2025-04-30 22:00:00,2025,4,30,22,An Giang,Xã Giồng Riềng,9.9237413,105.2736878,104,Unhealthy for Sensitive Groups,2,28.9,66,0.0,11.9,115,1009.0,0,41.8,44.2,196.0,19.1,60.0,10.6
2025-04-30 23:00:00,2025,4,30,23,An Giang,Xã Giồng Riềng,9.9237413,105.2736878,104,Unhealthy for Sensitive Groups,2,28.4,73,0.0,11.0,114,1009.3,0,35.3,38.0,194.0,19.0,51.0,9.4
2025-05-01 00:00:00,2025,5,1,0,An Giang,Xã Giồng Riềng,9.9237413,105.2736878,104,Unhealthy for Sensitive Groups,2,27.9,78,0.0,10.1,117,1009.3,13,32.9,35.7,192.0,19.1,46.0,8.1
2025-05-01 01:00:00,2025,5,1,1,An Giang,Xã Giồng Riềng,9.9237413,105.2736878,103,Unhealthy for Sensitive Groups,2,27.5,81,0.0,9.5,122,1009.2,73,35.4,38.2,190.0,19.7,41.0,7.3
2025-05-01 02:00:00,2025,5,1,2,An Giang,Xã Giồng Riềng,9.9237413,105.2736878,103,Unhealthy for Sensitive Groups,2,27.2,84,0.0,8.3,117,1009.0,6,39.2,42.1,187.0,21.7,37.0,7.3
2025-05-01 03:00:00,2025,5,1,3,An Giang,Xã Giồng Riềng,9.9237413,105.2736878,103,Unhealthy for Sensitive Groups,2,26.9,86,0.0,7.5,111,1008.9,2,42.3,45.2,185.0,24.3,33.0,7.9
2025-05-01 04:00:00,2025,5,1,4,An Giang,Xã Giồng Riềng,9.9237413,105.2736878,103,Unhealthy for Sensitive Groups,2,26.6,88,0.0,6.0,95,1008.7,19,44.8,47.8,188.0,25.7,32.0,8.5
2025-05-01 05:00:00,2025,5,1,5,An Giang,Xã Giồng Riềng,9.9237413,105.2736878,103,Unhealthy for Sensitive Groups,2,26.4,90,0.0,4.7,88,1009.2,44,47.0,49.9,204.0,25.4,32.0,9.3
2025-05-01 06:00:00,2025,5,1,6,An Giang,Xã Giồng Riềng,9.9237413,105.2736878,102,Unhealthy for Sensitive Groups,2,26.3,90,0.0,5.6,75,1009.6,35,50.2,53.2,226.0,24.0,33.0,10.3
2025-05-01 07:00:00,2025,5,1,7,An Giang,Xã Giồng Riềng,9.9237413,105.2736878,102,Unhealthy for Sensitive Groups,2,28.3,81,0.0,6.5,77,1010.2,57,45.5,48.4,236.0,23.4,35.0,10.6
2025-05-01 08:00:00,2025,5,1,8,An Giang,Xã Giồng Riềng,9.9237413,105.2736878,101,Unhealthy for Sensitive Groups,2,30.4,68,0.0,14.1,86,1011.0,41,30.0,33.9,222.0,18.0,52.0,10.3
2025-05-01 09:00:00,2025,5,1,9,An Giang,Xã Giồng Riềng,9.9237413,105.2736878,101,Unhealthy for Sensitive Groups,2,31.7,63,0.1,14.1,88,1011.4,97,24.9,29.0,195.0,10.5,75.0,10.0
2025-05-01 10:00:00,2025,5,1,10,An Giang,Xã Giồng Riềng,9.9237413,105.2736878,101,Unhealthy for Sensitive Groups,2,33.0,58,0.0,14.0,89,1011.1,99,24.2,29.0,174.0,4.8,94.0,9.3
2025-05-01 11:00:00,2025,5,1,11,An Giang,Xã Giồng Riềng,9.9237413,105.2736878,101,Unhealthy for Sensitive Groups,2,34.3,53,0.0,16.7,90,1010.2,99,24.1,29.4,166.0,2.5,104.0,8.1
2025-05-01 12:00:00,2025,5,1,12,An Giang,Xã Giồng Riềng,9.9237413,105.2736878,101,Unhealthy for Sensitive Groups,2,29.1,77,3.8,13.3,91,1010.1,100,20.7,25.0,164.0,2.0,109.0,6.7
2025-05-01 13:00:00,2025,5,1,13,An Giang,Xã Giồng Riềng,9.9237413,105.2736878,101,Unhealthy for Sensitive Groups,2,30.7,69,0.0,13.0,104,1009.5,100,16.8,19.0,164.0,2.3,109.0,5.7
2025-05-01 14:00:00,2025,5,1,14,An Giang,Xã Giồng Riềng,9.9237413,105.2736878,101,Unhealthy for Sensitive Groups,2,31.6,67,0.2,10.4,91,1008.1,100,16.2,17.6,165.0,2.8,104.0,5.5
2025-05-01 15:00:00,2025,5,1,15,An Giang,Xã Giồng Riềng,9.9237413,105.2736878,100,Moderate,1,30.1,72,3.4,15.7,66,1007.8,100,17.1,18.2,169.0,4.2,94.0,5.7
2025-05-01 16:00:00,2025,5,1,16,An Giang,Xã Giồng Riềng,9.9237413,105.2736878,99,Moderate,1,27.4,82,0.7,13.2,135,1008.4,100,17.8,18.7,177.0,6.6,83.0,6.4
2025-05-01 17:00:00,2025,5,1,17,An Giang,Xã Giồng Riềng,9.9237413,105.2736878,98,Moderate,1,27.0,83,0.1,9.4,162,1007.9,100,18.4,19.3,192.0,10.8,71.0,7.8
2025-05-01 18:00:00,2025,5,1,18,An Giang,Xã Giồng Riềng,9.9237413,105.2736878,97,Moderate,1,26.5,87,0.0,6.7,161,1008.3,100,22.9,23.9,211.0,16.2,58.0,9.6
2025-05-01 19:00:00,2025,5,1,19,An Giang,Xã Giồng Riềng,9.9237413,105.2736878,96,Moderate,1,26.0,91,0.0,6.4,169,1009.1,100,41.2,42.6,226.0,20.5,55.0,10.6
2025-05-01 20:00:00,2025,5,1,20,An Giang,Xã Giồng Riềng,9.9237413,105.2736878,95,Moderate,1,26.7,89,0.0,9.6,167,1009.8,99,42.3,44.1,234.0,22.4,48.0,11.0
2025-05-01 21:00:00,2025,5,1,21,An Giang,Xã Giồng Riềng,9.9237413,105.2736878,94,Moderate,1,26.4,90,0.0,9.3,161,1010.2,100,44.6,46.3,237.0,25.0,39.0,11.6
2025-05-01 22:00:00,2025,5,1,22,An Giang,Xã Giồng Riềng,9.9237413,105.2736878,93,Moderate,1,26.0,92,0.0,4.6,169,1010.7,100,48.7,50.1,238.0,26.5,32.0,11.6
2025-05-01 23:00:00,2025,5,1,23,An Giang,Xã Giồng Riềng,9.9237413,105.2736878,94,Moderate,1,25.6,94,0.0,3.5,165,1010.9,100,52.3,53.7,237.0,25.2,31.0,10.5
2025-05-02 00:00:00,2025,5,2,0,An Giang,Xã Giồng Riềng,9.9237413,105.2736878,95,Moderate,1,25.4,95,0.0,3.3,144,1010.6,88,40.9,42.6,233.0,22.8,31.0,8.8
2025-05-02 01:00:00,2025,5,2,1,An Giang,Xã Giồng Riềng,9.9237413,105.2736878,96,Moderate,1,25.2,95,0.0,3.7,137,1009.6,94,37.7,39.5,227.0,22.3,31.0,7.7
2025-05-02 02:00:00,2025,5,2,2,An Giang,Xã Giồng Riềng,9.9237413,105.2736878,96,Moderate,1,25.0,96,0.0,3.7,157,1008.9,96,38.6,40.3,216.0,26.1,26.0,7.7
2025-05-02 03:00:00,2025,5,2,3,An Giang,Xã Giồng Riềng,9.9237413,105.2736878,96,Moderate,1,25.4,94,0.1,8.4,113,1008.5,96,45.4,47.1,203.0,31.8,20.0,8.2
2025-05-02 04:00:00,2025,5,2,4,An Giang,Xã Giồng Riềng,9.9237413,105.2736878,96,Moderate,1,25.1,94,0.0,7.1,109,1008.6,98,58.1,60.1,194.0,34.7,17.0,8.8
2025-05-02 05:00:00,2025,5,2,5,An Giang,Xã Giồng Riềng,9.9237413,105.2736878,98,Moderate,1,25.0,93,0.0,7.6,102,1008.8,100,76.8,78.9,192.0,32.4,19.0,9.4
2025-05-02 06:00:00,2025,5,2,6,An Giang,Xã Giồng Riềng,9.9237413,105.2736878,100,Moderate,1,24.9,93,0.0,7.1,109,1009.4,99,70.3,72.2,194.0,27.4,25.0,10.1
2025-05-02 07:00:00,2025,5,2,7,An Giang,Xã Giồng Riềng,9.9237413,105.2736878,102,Unhealthy for Sensitive Groups,2,26.2,86,0.0,5.5,103,1010.3,100,34.1,36.8,194.0,17.0,38.0,8.8
2025-05-02 08:00:00,2025,5,2,8,An Giang,Xã Giồng Riềng,9.9237413,105.2736878,101,Unhealthy for Sensitive Groups,2,27.8,85,0.0,6.9,57,1010.2,100,23.2,26.1,189.0,13.3,51.0,8.7
2025-05-02 09:00:00,2025,5,2,9,An Giang,Xã Giồng Riềng,9.9237413,105.2736878,101,Unhealthy for Sensitive Groups,2,29.0,80,0.3,11.0,93,1010.6,100,20.6,23.9,181.0,8.2,68.0,8.4
2025-05-02 10:00:00,2025,5,2,10,An Giang,Xã Giồng Riềng,9.9237413,105.2736878,100,Moderate,1,30.2,74,0.1,12.1,86,1010.5,100,20.3,24.2,173.0,4.2,83.0,8.1
2025-05-02 11:00:00,2025,5,2,11,An Giang,Xã Giồng Riềng,9.9237413,105.2736878,100,Moderate,1,31.8,66,0.0,12.5,101,1009.8,100,20.8,24.7,165.0,2.5,93.0,7.5
2025-05-02 12:00:00,2025,5,2,12,An Giang,Xã Giồng Riềng,9.9237413,105.2736878,99,Moderate,1,32.5,62,0.0,14.6,109,1009.1,98,19.4,22.8,157.0,1.9,101.0,6.8
2025-05-02 13:00:00,2025,5,2,13,An Giang,Xã Giồng Riềng,9.9237413,105.2736878,99,Moderate,1,30.9,66,1.3,18.4,109,1008.5,100,17.2,19.7,151.0,1.9,104.0,6.2
2025-05-02 14:00:00,2025,5,2,14,An Giang,Xã Giồng Riềng,9.9237413,105.2736878,99,Moderate,1,29.9,73,1.3,13.1,119,1007.6,95,15.5,17.5,148.0,2.0,100.0,5.7
2025-05-02 15:00:00,2025,5,2,15,An Giang,Xã Giồng Riềng,9.9237413,105.2736878,99,Moderate,1,31.2,68,0.1,10.8,128,1007.0,100,15.1,16.6,147.0,2.7,91.0,5.3
2025-05-02 16:00:00,2025,5,2,16,An Giang,Xã Giồng Riềng,9.9237413,105.2736878,99,Moderate,1,30.8,67,0.0,12.2,121,1006.5,100,17.1,18.6,152.0,4.5,81.0,5.5
2025-05-02 17:00:00,2025,5,2,17,An Giang,Xã Giồng Riềng,9.9237413,105.2736878,99,Moderate,1,29.4,73,0.7,6.3,149,1007.0,99,17.7,19.0,165.0,7.6,73.0,6.5
2025-05-02 18:00:00,2025,5,2,18,An Giang,Xã Giồng Riềng,9.9237413,105.2736878,99,Moderate,1,28.5,78,0.0,4.1,113,1007.7,100,23.6,25.2,182.0,11.8,64.0,8.0
2025-05-02 19:00:00,2025,5,2,19,An Giang,Xã Giồng Riềng,9.9237413,105.2736878,99,Moderate,1,28.0,79,0.0,5.5,131,1008.2,100,37.1,38.8,198.0,21.1,45.0,10.4
2025-05-02 20:00:00,2025,5,2,20,An Giang,Xã Giồng Riềng,9.9237413,105.2736878,99,Moderate,1,26.5,90,0.0,6.7,144,1008.8,100,32.0,33.9,209.0,20.7,43.0,10.2
2025-05-02 21:00:00,2025,5,2,21,An Giang,Xã Giồng Riềng,9.9237413,105.2736878,98,Moderate,1,26.1,93,0.0,5.2,158,1009.7,99,32.6,34.1,219.0,20.1,39.0,9.9
2025-05-02 22:00:00,2025,5,2,22,An Giang,Xã Giồng Riềng,9.9237413,105.2736878,97,Moderate,1,25.7,94,0.0,5.4,166,1010.4,77,33.9,35.4,224.0,20.0,36.0,9.5
2025-05-02 23:00:00,2025,5,2,23,An Giang,Xã Giồng Riềng,9.9237413,105.2736878,95,Moderate,1,25.2,96,0.0,4.3,147,1010.3,100,36.1,37.6,227.0,20.3,33.0,8.9
2025-05-03 00:00:00,2025,5,3,0,An Giang,Xã Giồng Riềng,9.9237413,105.2736878,94,Moderate,1,25.0,97,0.0,4.1,128,1009.8,100,36.1,37.6,225.0,21.1,29.0,8.3
2025-05-03 01:00:00,2025,5,3,1,An Giang,Xã Giồng Riềng,9.9237413,105.2736878,94,Moderate,1,25.0,97,0.0,5.3,100,1009.1,96,36.7,38.2,217.0,22.6,26.0,7.9
2025-05-03 02:00:00,2025,5,3,2,An Giang,Xã Giồng Riềng,9.9237413,105.2736878,93,Moderate,1,25.0,97,0.0,5.8,92,1008.3,96,39.8,41.4,194.0,26.1,21.0,7.9
2025-05-03 03:00:00,2025,5,3,3,An Giang,Xã Giồng Riềng,9.9237413,105.2736878,94,Moderate,1,24.7,97,0.0,4.3,118,1007.7,52,47.3,48.9,164.0,30.4,16.0,8.2
2025-05-03 04:00:00,2025,5,3,4,An Giang,Xã Giồng Riềng,9.9237413,105.2736878,94,Moderate,1,24.5,98,0.0,4.2,149,1007.9,84,52.4,54.4,145.0,31.8,15.0,8.4
2025-05-03 05:00:00,2025,5,3,5,An Giang,Xã Giồng Riềng,9.9237413,105.2736878,93,Moderate,1,24.5,98,0.0,5.1,96,1008.2,67,50.1,52.0,151.0,28.0,19.0,8.3
2025-05-03 06:00:00,2025,5,3,6,An Giang,Xã Giồng Riềng,9.9237413,105.2736878,91,Moderate,1,24.6,98,0.0,5.0,60,1008.5,27,43.8,45.5,168.0,21.3,26.0,8.0
2025-05-03 07:00:00,2025,5,3,7,An Giang,Xã Giồng Riềng,9.9237413,105.2736878,89,Moderate,1,26.2,92,0.0,6.4,68,1009.4,63,57.6,59.8,178.0,26.2,25.0,13.2
2025-05-03 08:00:00,2025,5,3,8,An Giang,Xã Giồng Riềng,9.9237413,105.2736878,91,Moderate,1,28.4,82,0.1,11.6,105,1009.9,15,28.1,30.5,171.0,20.5,36.0,12.1
2025-05-03 09:00:00,2025,5,3,9,An Giang,Xã Giồng Riềng,9.9237413,105.2736878,91,Moderate,1,29.5,76,0.1,10.3,103,1011.0,35,22.0,24.4,158.0,12.6,52.0,10.6
2025-05-03 10:00:00,2025,5,3,10,An Giang,Xã Giồng Riềng,9.9237413,105.2736878,91,Moderate,1,30.5,71,0.2,10.1,107,1010.5,90,19.8,22.4,148.0,6.6,65.0,9.3
2025-05-03 11:00:00,2025,5,3,11,An Giang,Xã Giồng Riềng,9.9237413,105.2736878,91,Moderate,1,30.8,67,0.1,14.1,71,1009.9,100,19.7,22.1,148.0,4.1,76.0,8.4
2025-05-03 12:00:00,2025,5,3,12,An Giang,Xã Giồng Riềng,9.9237413,105.2736878,91,Moderate,1,28.1,81,0.6,13.8,50,1009.2,91,16.5,17.6,153.0,3.5,84.0,7.7
2025-05-03 13:00:00,2025,5,3,13,An Giang,Xã Giồng Riềng,9.9237413,105.2736878,91,Moderate,1,30.9,71,0.1,8.7,69,1007.9,77,20.0,20.8,155.0,3.7,87.0,7.1
2025-05-03 14:00:00,2025,5,3,14,An Giang,Xã Giồng Riềng,9.9237413,105.2736878,91,Moderate,1,29.4,74,4.2,16.4,125,1007.7,86,19.6,20.3,150.0,4.4,80.0,6.3
2025-05-03 15:00:00,2025,5,3,15,An Giang,Xã Giồng Riềng,9.9237413,105.2736878,91,Moderate,1,28.7,76,0.3,5.2,134,1006.7,57,20.0,20.7,142.0,6.0,68.0,5.6
2025-05-03 16:00:00,2025,5,3,16,An Giang,Xã Giồng Riềng,9.9237413,105.2736878,92,Moderate,1,27.2,81,5.6,1.8,156,1007.2,88,20.5,20.9,142.0,8.8,56.0,5.7
2025-05-03 17:00:00,2025,5,3,17,An Giang,Xã Giồng Riềng,9.9237413,105.2736878,92,Moderate,1,25.9,90,5.2,5.2,112,1007.4,100,21.8,22.5,151.0,13.2,46.0,6.9
2025-05-03 18:00:00,2025,5,3,18,An Giang,Xã Giồng Riềng,9.9237413,105.2736878,92,Moderate,1,25.9,89,1.1,1.2,207,1007.8,97,27.2,28.2,166.0,18.8,37.0,8.9
2025-05-03 19:00:00,2025,5,3,19,An Giang,Xã Giồng Riềng,9.9237413,105.2736878,93,Moderate,1,25.5,92,0.1,0.2,270,1008.1,80,38.0,38.6,191.0,19.7,39.0,9.8
2025-05-03 20:00:00,2025,5,3,20,An Giang,Xã Giồng Riềng,9.9237413,105.2736878,93,Moderate,1,25.4,97,0.4,4.2,20,1009.1,100,50.1,51.2,234.0,26.0,31.0,12.2
2025-05-03 21:00:00,2025,5,3,21,An Giang,Xã Giồng Riềng,9.9237413,105.2736878,94,Moderate,1,25.0,98,3.5,3.9,62,1009.5,100,68.9,70.1,287.0,34.8,19.0,15.4
2025-05-03 22:00:00,2025,5,3,22,An Giang,Xã Giồng Riềng,9.9237413,105.2736878,98,Moderate,1,25.0,98,0.0,2.7,122,1009.7,99,87.5,88.9,324.0,41.7,10.0,17.3
2025-05-03 23:00:00,2025,5,3,23,An Giang,Xã Giồng Riềng,9.9237413,105.2736878,103,Unhealthy for Sensitive Groups,2,24.6,98,0.0,3.4,133,1009.4,47,124.8,125.7,334.0,45.1,5.0,16.6
2025-05-04 00:00:00,2025,5,4,0,An Giang,Xã Giồng Riềng,9.9237413,105.2736878,112,Unhealthy for Sensitive Groups,2,24.6,99,0.0,3.5,78,1009.2,92,138.3,138.8,328.0,46.6,2.0,14.6
2025-05-04 01:00:00,2025,5,4,1,An Giang,Xã Giồng Riềng,9.9237413,105.2736878,123,Unhealthy for Sensitive Groups,2,24.5,99,0.0,4.8,77,1008.6,100,153.2,154.1,318.0,47.5,0.0,13.2
2025-05-04 02:00:00,2025,5,4,2,An Giang,Xã Giồng Riềng,9.9237413,105.2736878,135,Unhealthy for Sensitive Groups,2,24.2,98,0.0,3.7,79,1007.9,100,140.2,141.1,304.0,48.2,0.0,13.2
2025-05-04 03:00:00,2025,5,4,3,An Giang,Xã Giồng Riềng,9.9237413,105.2736878,145,Unhealthy for Sensitive Groups,2,23.8,98,0.0,3.3,49,1007.1,82,127.6,128.1,285.0,48.2,0.0,13.9
2025-05-04 04:00:00,2025,5,4,4,An Giang,Xã Giồng Riềng,9.9237413,105.2736878,151,Unhealthy,3,23.6,98,0.0,3.9,77,1006.9,99,117.1,117.8,273.0,47.2,0.0,14.6
2025-05-04 05:00:00,2025,5,4,5,An Giang,Xã Giồng Riềng,9.9237413,105.2736878,152,Unhealthy,3,23.5,97,0.0,2.6,124,1007.1,75,108.7,110.1,280.0,45.4,7.0,15.7
2025-05-04 06:00:00,2025,5,4,6,An Giang,Xã Giồng Riềng,9.9237413,105.2736878,153,Unhealthy,3,23.6,97,0.0,3.7,113,1007.2,42,106.2,108.0,294.0,42.6,17.0,16.8
2025-05-04 07:00:00,2025,5,4,7,An Giang,Xã Giồng Riềng,9.9237413,105.2736878,155,Unhealthy,3,25.2,95,0.0,3.3,131,1008.0,2,95.2,98.5,291.0,39.6,31.0,19.9
2025-05-04 08:00:00,2025,5,4,8,An Giang,Xã Giồng Riềng,9.9237413,105.2736878,156,Unhealthy,3,27.5,89,0.0,5.6,119,1008.5,15,52.2,55.9,254.0,29.5,45.0,16.7
2025-05-04 09:00:00,2025,5,4,9,An Giang,Xã Giồng Riềng,9.9237413,105.2736878,156,Unhealthy,3,28.9,82,0.0,7.3,134,1008.8,7,27.0,30.4,200.0,15.5,65.0,12.3
2025-05-04 10:00:00,2025,5,4,10,An Giang,Xã Giồng Riềng,9.9237413,105.2736878,156,Unhealthy,3,30.2,76,0.0,8.4,127,1008.6,9,22.6,25.8,159.0,5.1,82.0,8.8
2025-05-04 11:00:00,2025,5,4,11,An Giang,Xã Giồng Riềng,9.9237413,105.2736878,156,Unhealthy,3,31.0,72,0.0,7.1,126,1008.2,57,20.7,23.1,143.0,1.6,94.0,7.2
2025-05-04 12:00:00,2025,5,4,12,An Giang,Xã Giồng Riềng,9.9237413,105.2736878,156,Unhealthy,3,31.6,69,0.1,7.0,122,1007.8,54,19.6,21.0,138.0,1.7,104.0,6.5
2025-05-04 13:00:00,2025,5,4,13,An Giang,Xã Giồng Riềng,9.9237413,105.2736878,156,Unhealthy,3,32.2,67,0.1,8.1,114,1006.9,83,18.7,19.7,138.0,2.3,107.0,5.9
2025-05-04 14:00:00,2025,5,4,14,An Giang,Xã Giồng Riềng,9.9237413,105.2736878,156,Unhealthy,3,30.5,74,0.7,3.1,173,1005.7,99,17.3,18.2,137.0,2.3,101.0,5.2
2025-05-04 15:00:00,2025,5,4,15,An Giang,Xã Giồng Riềng,9.9237413,105.2736878,156,Unhealthy,3,25.6,93,14.9,10.5,218,1006.6,100,16.2,17.3,139.0,2.8,89.0,4.6
2025-05-04 16:00:00,2025,5,4,16,An Giang,Xã Giồng Riềng,9.9237413,105.2736878,156,Unhealthy,3,26.0,91,2.2,3.4,264,1005.8,99,16.8,17.8,150.0,4.5,76.0,4.5
2025-05-04 17:00:00,2025,5,4,17,An Giang,Xã Giồng Riềng,9.9237413,105.2736878,156,Unhealthy,3,26.6,90,0.1,2.4,234,1005.6,100,19.0,19.9,174.0,8.0,64.0,5.1
2025-05-04 18:00:00,2025,5,4,18,An Giang,Xã Giồng Riềng,9.9237413,105.2736878,156,Unhealthy,3,26.4,93,0.0,0.6,18,1006.6,100,25.1,26.4,206.0,12.8,52.0,6.1
2025-05-04 19:00:00,2025,5,4,19,An Giang,Xã Giồng Riềng,9.9237413,105.2736878,156,Unhealthy,3,25.8,96,0.0,1.6,333,1007.4,94,45.1,46.4,241.0,21.1,45.0,9.4
2025-05-04 20:00:00,2025,5,4,20,An Giang,Xã Giồng Riềng,9.9237413,105.2736878,156,Unhealthy,3,25.8,97,0.0,3.1,177,1008.1,100,49.5,51.3,285.0,23.2,39.0,9.8
2025-05-04 21:00:00,2025,5,4,21,An Giang,Xã Giồng Riềng,9.9237413,105.2736878,156,Unhealthy,3,25.6,97,0.0,1.9,202,1009.0,100,56.0,57.6,331.0,26.0,30.0,10.2
2025-05-04 22:00:00,2025,5,4,22,An Giang,Xã Giồng Riềng,9.9237413,105.2736878,156,Unhealthy,3,25.4,96,0.0,4.9,186,1009.4,100,56.2,57.9,356.0,28.3,23.0,10.3
2025-05-04 23:00:00,2025,5,4,23,An Giang,Xã Giồng Riềng,9.9237413,105.2736878,155,Unhealthy,3,25.3,95,0.0,5.2,211,1009.6,100,63.1,64.7,345.0,29.1,20.0,9.5
2025-05-05 00:00:00,2025,5,5,0,An Giang,Xã Giồng Riềng,9.9237413,105.2736878,154,Unhealthy,3,25.0,95,0.0,4.2,227,1009.4,100,60.8,62.4,313.0,29.3,18.0,8.2
2025-05-05 01:00:00,2025,5,5,1,An Giang,Xã Giồng Riềng,9.9237413,105.2736878,152,Unhealthy,3,24.7,96,0.0,3.8,267,1008.6,100,57.9,59.5,281.0,30.4,16.0,7.4
2025-05-05 02:00:00,2025,5,5,2,An Giang,Xã Giồng Riềng,9.9237413,105.2736878,150,Unhealthy for Sensitive Groups,2,24.5,97,0.0,4.0,216,1008.0,100,67.8,69.4,252.0,33.7,10.0,7.4
2025-05-05 03:00:00,2025,5,5,3,An Giang,Xã Giồng Riềng,9.9237413,105.2736878,143,Unhealthy for Sensitive Groups,2,24.1,98,0.0,3.9,204,1007.6,100,86.6,88.2,222.0,37.8,3.0,7.9
2025-05-05 04:00:00,2025,5,5,4,An Giang,Xã Giồng Riềng,9.9237413,105.2736878,139,Unhealthy for Sensitive Groups,2,24.0,98,0.0,0.7,194,1007.4,100,105.9,107.6,203.0,39.9,0.0,8.4
2025-05-05 05:00:00,2025,5,5,5,An Giang,Xã Giồng Riềng,9.9237413,105.2736878,138,Unhealthy for Sensitive Groups,2,23.8,98,0.0,2.2,185,1008.2,100,118.3,120.1,204.0,39.2,4.0,9.0
2025-05-05 06:00:00,2025,5,5,6,An Giang,Xã Giồng Riềng,9.9237413,105.2736878,139,Unhealthy for Sensitive Groups,2,23.8,100,0.0,2.1,110,1008.3,100,133.2,135.0,216.0,36.5,12.0,9.5
2025-05-05 07:00:00,2025,5,5,7,An Giang,Xã Giồng Riềng,9.9237413,105.2736878,142,Unhealthy for Sensitive Groups,2,25.1,96,0.0,4.4,148,1008.7,100,104.8,106.9,221.0,34.9,23.0,10.3
2025-05-05 08:00:00,2025,5,5,8,An Giang,Xã Giồng Riềng,9.9237413,105.2736878,143,Unhealthy for Sensitive Groups,2,27.9,88,0.1,5.5,157,1009.8,100,42.6,45.6,209.0,25.8,43.0,9.1
2025-05-05 09:00:00,2025,5,5,9,An Giang,Xã Giồng Riềng,9.9237413,105.2736878,142,Unhealthy for Sensitive Groups,2,28.8,85,0.2,7.2,148,1009.8,98,23.9,27.1,189.0,13.2,72.0,7.5
2025-05-05 10:00:00,2025,5,5,10,An Giang,Xã Giồng Riềng,9.9237413,105.2736878,141,Unhealthy for Sensitive Groups,2,29.6,80,0.2,9.8,149,1009.3,96,19.2,22.1,172.0,3.9,93.0,6.1
2025-05-05 11:00:00,2025,5,5,11,An Giang,Xã Giồng Riềng,9.9237413,105.2736878,141,Unhealthy for Sensitive Groups,2,30.2,77,0.2,9.4,148,1008.7,100,18.6,21.2,160.0,1.0,102.0,5.1
2025-05-05 12:00:00,2025,5,5,12,An Giang,Xã Giồng Riềng,9.9237413,105.2736878,141,Unhealthy for Sensitive Groups,2,30.9,74,0.2,9.3,146,1008.2,100,16.2,18.0,150.0,1.4,105.0,4.2
2025-05-05 13:00:00,2025,5,5,13,An Giang,Xã Giồng Riềng,9.9237413,105.2736878,140,Unhealthy for Sensitive Groups,2,31.5,71,0.4,9.4,138,1006.9,99,13.4,14.3,146.0,2.3,103.0,3.6
2025-05-05 14:00:00,2025,5,5,14,An Giang,Xã Giồng Riềng,9.9237413,105.2736878,140,Unhealthy for Sensitive Groups,2,31.4,71,0.4,8.6,158,1005.8,100,11.8,12.5,147.0,2.6,97.0,3.2
2025-05-05 15:00:00,2025,5,5,15,An Giang,Xã Giồng Riềng,9.9237413,105.2736878,139,Unhealthy for Sensitive Groups,2,25.7,90,7.9,3.4,238,1006.1,100,10.4,11.0,153.0,3.4,87.0,3.0
2025-05-05 16:00:00,2025,5,5,16,An Giang,Xã Giồng Riềng,9.9237413,105.2736878,139,Unhealthy for Sensitive Groups,2,26.6,88,0.2,5.1,260,1005.9,99,11.2,11.9,165.0,4.9,77.0,3.1
2025-05-05 17:00:00,2025,5,5,17,An Giang,Xã Giồng Riềng,9.9237413,105.2736878,138,Unhealthy for Sensitive Groups,2,27.6,86,0.0,6.4,223,1005.9,97,11.8,12.6,181.0,7.1,70.0,3.5
2025-05-05 18:00:00,2025,5,5,18,An Giang,Xã Giồng Riềng,9.9237413,105.2736878,137,Unhealthy for Sensitive Groups,2,27.0,88,0.8,5.8,236,1006.9,95,19.2,19.8,203.0,10.0,64.0,4.2
2025-05-05 19:00:00,2025,5,5,19,An Giang,Xã Giồng Riềng,9.9237413,105.2736878,137,Unhealthy for Sensitive Groups,2,26.0,92,1.0,3.1,135,1007.4,89,23.1,24.1,233.0,13.9,53.0,5.3
2025-05-05 20:00:00,2025,5,5,20,An Giang,Xã Giồng Riềng,9.9237413,105.2736878,134,Unhealthy for Sensitive Groups,2,26.1,94,0.0,3.6,213,1008.0,6,27.6,28.7,280.0,17.7,45.0,6.7
2025-05-05 21:00:00,2025,5,5,21,An Giang,Xã Giồng Riềng,9.9237413,105.2736878,132,Unhealthy for Sensitive Groups,2,25.6,95,0.0,3.1,216,1008.8,76,36.4,37.6,334.0,22.9,35.0,8.6
2025-05-05 22:00:00,2025,5,5,22,An Giang,Xã Giồng Riềng,9.9237413,105.2736878,130,Unhealthy for Sensitive Groups,2,25.5,95,0.0,3.5,201,1009.4,19,48.5,49.7,373.0,26.9,27.0,9.8
2025-05-05 23:00:00,2025,5,5,23,An Giang,Xã Giồng Riềng,9.9237413,105.2736878,129,Unhealthy for Sensitive Groups,2,25.3,95,0.0,3.4,164,1009.3,1,50.2,51.5,388.0,28.3,24.0,9.8
2025-05-06 00:00:00,2025,5,6,0,An Giang,Xã Giồng Riềng,9.9237413,105.2736878,128,Unhealthy for Sensitive Groups,2,25.2,96,0.0,5.2,158,1008.7,16,49.1,50.4,386.0,28.5,24.0,9.1
2025-05-06 01:00:00,2025,5,6,1,An Giang,Xã Giồng Riềng,9.9237413,105.2736878,127,Unhealthy for Sensitive Groups,2,25.1,96,0.0,5.5,167,1007.8,4,54.0,55.4,371.0,29.2,23.0,8.6
2025-05-06 02:00:00,2025,5,6,2,An Giang,Xã Giồng Riềng,9.9237413,105.2736878,126,Unhealthy for Sensitive Groups,2,25.0,97,0.0,5.5,171,1007.3,1,61.5,63.1,332.0,31.7,19.0,8.5
2025-05-06 03:00:00,2025,5,6,3,An Giang,Xã Giồng Riềng,9.9237413,105.2736878,126,Unhealthy for Sensitive Groups,2,24.8,97,0.0,4.6,159,1007.0,1,66.8,68.5,280.0,34.7,14.0,8.5
2025-05-06 04:00:00,2025,5,6,4,An Giang,Xã Giồng Riềng,9.9237413,105.2736878,124,Unhealthy for Sensitive Groups,2,24.7,98,0.0,4.8,153,1007.2,1,68.2,69.8,243.0,35.3,13.0,8.6
2025-05-06 05:00:00,2025,5,6,5,An Giang,Xã Giồng Riềng,9.9237413,105.2736878,120,Unhealthy for Sensitive Groups,2,24.7,97,0.0,5.1,153,1007.5,0,71.2,73.1,241.0,32.0,18.0,9.0
2025-05-06 06:00:00,2025,5,6,6,An Giang,Xã Giồng Riềng,9.9237413,105.2736878,115,Unhealthy for Sensitive Groups,2,24.9,97,0.0,6.1,148,1007.7,0,76.6,78.7,255.0,26.3,27.0,9.5
2025-05-06 07:00:00,2025,5,6,7,An Giang,Xã Giồng Riềng,9.9237413,105.2736878,109,Unhealthy for Sensitive Groups,2,26.4,95,0.0,6.6,147,1008.3,3,53.1,54.4,256.0,20.5,35.0,8.6
2025-05-06 08:00:00,2025,5,6,8,An Giang,Xã Giồng Riềng,9.9237413,105.2736878,103,Unhealthy for Sensitive Groups,2,28.4,86,0.0,9.8,157,1009.6,37,29.1,30.9,226.0,15.5,53.0,7.6
2025-05-06 09:00:00,2025,5,6,9,An Giang,Xã Giồng Riềng,9.9237413,105.2736878,102,Unhealthy for Sensitive Groups,2,29.8,78,0.1,11.0,165,1009.9,19,18.7,20.1,182.0,8.6,78.0,6.2
2025-05-06 10:00:00,2025,5,6,10,An Giang,Xã Giồng Riềng,9.9237413,105.2736878,101,Unhealthy for Sensitive Groups,2,31.0,71,0.1,9.3,170,1009.6,49,15.7,16.4,150.0,3.5,97.0,5.0
2025-05-06 11:00:00,2025,5,6,11,An Giang,Xã Giồng Riềng,9.9237413,105.2736878,101,Unhealthy for Sensitive Groups,2,31.6,69,0.1,8.8,161,1009.0,25,14.0,14.4,140.0,1.8,103.0,4.2
2025-05-06 12:00:00,2025,5,6,12,An Giang,Xã Giồng Riềng,9.9237413,105.2736878,101,Unhealthy for Sensitive Groups,2,32.0,69,0.0,7.2,161,1008.3,64,12.1,12.4,141.0,1.7,103.0,3.6
2025-05-06 13:00:00,2025,5,6,13,An Giang,Xã Giồng Riềng,9.9237413,105.2736878,100,Moderate,1,32.5,67,0.1,6.2,158,1007.0,100,10.2,10.4,146.0,2.0,99.0,3.1
2025-05-06 14:00:00,2025,5,6,14,An Giang,Xã Giồng Riềng,9.9237413,105.2736878,100,Moderate,1,28.2,82,3.5,10.5,229,1006.8,83,9.6,9.8,152.0,1.6,93.0,2.5
2025-05-06 15:00:00,2025,5,6,15,An Giang,Xã Giồng Riềng,9.9237413,105.2736878,100,Moderate,1,28.6,81,1.8,0.8,153,1006.2,98,8.9,9.2,162.0,1.5,84.0,2.1
2025-05-06 16:00:00,2025,5,6,16,An Giang,Xã Giồng Riềng,9.9237413,105.2736878,100,Moderate,1,28.7,83,0.0,4.6,132,1005.4,94,9.0,9.3,175.0,3.0,74.0,2.2
2025-05-06 17:00:00,2025,5,6,17,An Giang,Xã Giồng Riềng,9.9237413,105.2736878,99,Moderate,1,28.6,83,0.0,4.8,149,1005.3,65,11.2,11.7,192.0,7.4,62.0,3.3
2025-05-06 18:00:00,2025,5,6,18,An Giang,Xã Giồng Riềng,9.9237413,105.2736878,99,Moderate,1,27.9,89,0.0,3.1,190,1006.0,54,16.8,17.6,211.0,13.3,50.0,5.0
2025-05-06 19:00:00,2025,5,6,19,An Giang,Xã Giồng Riềng,9.9237413,105.2736878,99,Moderate,1,27.2,89,0.0,2.7,250,1007.0,22,28.3,29.3,233.0,16.3,40.0,5.8
2025-05-06 20:00:00,2025,5,6,20,An Giang,Xã Giồng Riềng,9.9237413,105.2736878,100,Moderate,1,27.3,91,0.0,4.4,192,1007.4,27,35.5,36.3,261.0,17.6,36.0,6.3
2025-05-06 21:00:00,2025,5,6,21,An Giang,Xã Giồng Riềng,9.9237413,105.2736878,100,Moderate,1,27.0,91,0.0,5.4,195,1008.3,16,38.0,38.8,291.0,19.5,31.0,6.9
2025-05-06 22:00:00,2025,5,6,22,An Giang,Xã Giồng Riềng,9.9237413,105.2736878,100,Moderate,1,26.4,93,0.0,5.0,201,1008.5,1,37.8,38.6,306.0,21.2,27.0,7.2
2025-05-06 23:00:00,2025,5,6,23,An Giang,Xã Giồng Riềng,9.9237413,105.2736878,99,Moderate,1,25.9,93,0.0,4.6,216,1008.4,0,38.6,39.3,295.0,22.6,24.0,6.8
2025-05-07 00:00:00,2025,5,7,0,An Giang,Xã Giồng Riềng,9.9237413,105.2736878,98,Moderate,1,25.7,93,0.0,5.2,221,1008.0,0,40.6,41.3,268.0,23.9,22.0,6.1
2025-05-07 01:00:00,2025,5,7,1,An Giang,Xã Giồng Riềng,9.9237413,105.2736878,98,Moderate,1,25.5,94,0.0,5.8,216,1007.8,12,43.7,44.4,243.0,25.0,20.0,5.5
2025-05-07 02:00:00,2025,5,7,2,An Giang,Xã Giồng Riềng,9.9237413,105.2736878,97,Moderate,1,25.4,94,0.0,6.2,190,1007.4,0,42.3,43.0,222.0,26.2,18.0,5.3
2025-05-07 03:00:00,2025,5,7,3,An Giang,Xã Giồng Riềng,9.9237413,105.2736878,95,Moderate,1,25.3,95,0.0,6.3,182,1007.0,1,43.0,43.5,202.0,27.3,16.0,5.2
2025-05-07 04:00:00,2025,5,7,4,An Giang,Xã Giồng Riềng,9.9237413,105.2736878,93,Moderate,1,25.3,96,0.0,6.5,199,1006.9,4,48.1,48.7,192.0,27.1,16.0,5.3
2025-05-07 05:00:00,2025,5,7,5,An Giang,Xã Giồng Riềng,9.9237413,105.2736878,91,Moderate,1,25.4,95,0.0,6.6,209,1007.2,2,54.0,54.7,203.0,25.2,17.0,5.9
2025-05-07 06:00:00,2025,5,7,6,An Giang,Xã Giồng Riềng,9.9237413,105.2736878,90,Moderate,1,25.4,96,0.0,7.2,215,1007.7,66,53.0,53.7,224.0,22.1,20.0,6.6
2025-05-07 07:00:00,2025,5,7,7,An Giang,Xã Giồng Riềng,9.9237413,105.2736878,88,Moderate,1,27.0,92,0.0,6.3,193,1008.0,66,49.7,51.2,235.0,18.3,32.0,7.1
2025-05-07 08:00:00,2025,5,7,8,An Giang,Xã Giồng Riềng,9.9237413,105.2736878,87,Moderate,1,28.9,83,0.1,10.3,192,1008.7,52,25.8,28.2,224.0,13.7,52.0,6.0
2025-05-07 09:00:00,2025,5,7,9,An Giang,Xã Giồng Riềng,9.9237413,105.2736878,87,Moderate,1,30.0,76,0.0,10.8,191,1009.3,51,17.3,19.7,203.0,7.3,80.0,4.5
2025-05-07 10:00:00,2025,5,7,10,An Giang,Xã Giồng Riềng,9.9237413,105.2736878,87,Moderate,1,31.1,70,0.0,10.9,192,1009.2,9,14.3,16.4,186.0,2.6,101.0,3.3
2025-05-07 11:00:00,2025,5,7,11,An Giang,Xã Giồng Riềng,9.9237413,105.2736878,87,Moderate,1,32.0,65,0.1,11.4,207,1008.9,19,12.4,14.0,178.0,1.0,108.0,2.7
2025-05-07 12:00:00,2025,5,7,12,An Giang,Xã Giồng Riềng,9.9237413,105.2736878,87,Moderate,1,32.1,64,0.0,11.4,229,1008.2,25,11.1,12.7,173.0,1.1,107.0,2.5
2025-05-07 13:00:00,2025,5,7,13,An Giang,Xã Giồng Riềng,9.9237413,105.2736878,86,Moderate,1,31.9,65,0.0,8.5,207,1007.1,100,10.2,11.5,171.0,1.4,104.0,2.3
2025-05-07 14:00:00,2025,5,7,14,An Giang,Xã Giồng Riềng,9.9237413,105.2736878,86,Moderate,1,31.8,65,0.0,9.6,232,1005.8,98,9.4,10.7,169.0,1.3,98.0,2.0
2025-05-07 15:00:00,2025,5,7,15,An Giang,Xã Giồng Riềng,9.9237413,105.2736878,86,Moderate,1,31.5,64,0.1,12.8,254,1004.8,96,9.1,10.3,169.0,1.5,89.0,1.7
2025-05-07 16:00:00,2025,5,7,16,An Giang,Xã Giồng Riềng,9.9237413,105.2736878,86,Moderate,1,31.4,65,0.0,13.6,248,1004.2,99,9.2,10.3,173.0,2.9,80.0,1.9
2025-05-07 17:00:00,2025,5,7,17,An Giang,Xã Giồng Riềng,9.9237413,105.2736878,86,Moderate,1,30.1,72,0.0,11.9,256,1004.3,97,11.2,12.3,186.0,6.8,70.0,2.9
2025-05-07 18:00:00,2025,5,7,18,An Giang,Xã Giồng Riềng,9.9237413,105.2736878,86,Moderate,1,29.0,77,0.0,8.4,254,1005.1,95,17.6,18.7,204.0,12.0,60.0,4.4
2025-05-07 19:00:00,2025,5,7,19,An Giang,Xã Giồng Riềng,9.9237413,105.2736878,87,Moderate,1,28.1,80,0.0,9.9,251,1006.3,83,30.6,32.0,217.0,17.0,51.0,5.9
2025-05-07 20:00:00,2025,5,7,20,An Giang,Xã Giồng Riềng,9.9237413,105.2736878,87,Moderate,1,27.2,87,0.0,4.8,217,1006.2,92,38.5,39.8,220.0,17.8,48.0,6.2
2025-05-07 21:00:00,2025,5,7,21,An Giang,Xã Giồng Riềng,9.9237413,105.2736878,87,Moderate,1,27.0,88,0.0,6.7,207,1007.2,99,39.6,40.7,217.0,19.0,43.0,6.5
2025-05-07 22:00:00,2025,5,7,22,An Giang,Xã Giồng Riềng,9.9237413,105.2736878,87,Moderate,1,26.7,91,0.0,7.2,205,1007.6,100,37.0,38.2,212.0,19.9,39.0,6.6
2025-05-07 23:00:00,2025,5,7,23,An Giang,Xã Giồng Riềng,9.9237413,105.2736878,87,Moderate,1,26.3,94,0.0,6.1,208,1007.8,98,35.4,36.6,204.0,19.8,37.0,6.0
2025-05-08 00:00:00,2025,5,8,0,An Giang,Xã Giồng Riềng,9.9237413,105.2736878,87,Moderate,1,26.0,95,0.0,5.4,195,1007.6,100,34.9,36.1,193.0,19.4,36.0,5.1
2025-05-08 01:00:00,2025,5,8,1,An Giang,Xã Giồng Riềng,9.9237413,105.2736878,86,Moderate,1,25.9,95,0.0,6.5,194,1007.3,100,37.7,38.8,184.0,20.6,33.0,4.6
2025-05-08 02:00:00,2025,5,8,2,An Giang,Xã Giồng Riềng,9.9237413,105.2736878,86,Moderate,1,25.9,96,0.0,6.6,189,1006.7,100,43.2,44.2,176.0,25.6,25.0,4.9
2025-05-08 03:00:00,2025,5,8,3,An Giang,Xã Giồng Riềng,9.9237413,105.2736878,86,Moderate,1,25.8,96,0.0,6.3,183,1006.4,85,54.1,55.2,170.0,32.3,15.0,5.5
2025-05-08 04:00:00,2025,5,8,4,An Giang,Xã Giồng Riềng,9.9237413,105.2736878,87,Moderate,1,25.6,96,0.0,6.6,189,1006.5,63,66.8,68.0,172.0,35.5,11.0,6.0
2025-05-08 05:00:00,2025,5,8,5,An Giang,Xã Giồng Riềng,9.9237413,105.2736878,88,Moderate,1,25.6,97,0.0,6.5,178,1007.0,71,67.8,68.9,192.0,32.6,15.0,6.4
2025-05-08 06:00:00,2025,5,8,6,An Giang,Xã Giồng Riềng,9.9237413,105.2736878,90,Moderate,1,25.8,97,0.0,7.4,187,1007.5,75,63.3,64.5,221.0,26.4,25.0,6.6
2025-05-08 07:00:00,2025,5,8,7,An Giang,Xã Giồng Riềng,9.9237413,105.2736878,91,Moderate,1,27.3,93,0.0,6.8,192,1007.9,72,45.3,46.8,231.0,16.9,37.0,5.5
2025-05-08 08:00:00,2025,5,8,8,An Giang,Xã Giồng Riềng,9.9237413,105.2736878,90,Moderate,1,29.5,84,0.1,9.2,203,1008.5,65,20.4,22.5,205.0,12.5,50.0,4.6
2025-05-08 09:00:00,2025,5,8,9,An Giang,Xã Giồng Riềng,9.9237413,105.2736878,90,Moderate,1,30.9,73,0.2,10.2,224,1009.1,80,14.1,16.5,161.0,6.4,68.0,3.5
2025-05-08 10:00:00,2025,5,8,10,An Giang,Xã Giồng Riềng,9.9237413,105.2736878,89,Moderate,1,31.4,70,0.1,9.4,220,1009.0,72,12.1,14.5,127.0,1.9,80.0,2.5
2025-05-08 11:00:00,2025,5,8,11,An Giang,Xã Giồng Riềng,9.9237413,105.2736878,89,Moderate,1,32.0,68,0.1,10.6,227,1008.6,64,10.2,12.4,117.0,0.6,82.0,2.0
2025-05-08 12:00:00,2025,5,8,12,An Giang,Xã Giồng Riềng,9.9237413,105.2736878,89,Moderate,1,30.6,75,3.8,10.0,250,1007.8,96,8.8,10.7,117.0,0.8,78.0,1.8
2025-05-08 13:00:00,2025,5,8,13,An Giang,Xã Giồng Riềng,9.9237413,105.2736878,89,Moderate,1,31.7,70,0.1,9.4,257,1006.6,88,8.2,10.0,119.0,1.3,74.0,1.6
2025-05-08 14:00:00,2025,5,8,14,An Giang,Xã Giồng Riềng,9.9237413,105.2736878,89,Moderate,1,29.6,78,4.4,12.1,255,1006.4,97,7.5,9.1,118.0,1.4,71.0,1.5
2025-05-08 15:00:00,2025,5,8,15,An Giang,Xã Giồng Riềng,9.9237413,105.2736878,89,Moderate,1,30.4,75,0.4,10.5,245,1005.2,90,7.7,9.3,119.0,1.8,68.0,1.4
2025-05-08 16:00:00,2025,5,8,16,An Giang,Xã Giồng Riềng,9.9237413,105.2736878,88,Moderate,1,27.2,85,5.2,9.3,254,1006.0,100,7.9,9.2,123.0,2.7,64.0,1.6
2025-05-08 17:00:00,2025,5,8,17,An Giang,Xã Giồng Riềng,9.9237413,105.2736878,88,Moderate,1,27.8,85,0.1,8.3,213,1005.2,84,9.4,10.7,133.0,4.6,60.0,2.1
2025-05-08 18:00:00,2025,5,8,18,An Giang,Xã Giồng Riềng,9.9237413,105.2736878,88,Moderate,1,27.8,85,0.0,6.3,231,1006.2,84,11.1,12.1,147.0,7.1,56.0,2.8
2025-05-08 19:00:00,2025,5,8,19,An Giang,Xã Giồng Riềng,9.9237413,105.2736878,88,Moderate,1,27.3,87,0.0,7.8,232,1007.2,58,21.8,23.2,158.0,12.2,46.0,4.3
2025-05-08 20:00:00,2025,5,8,20,An Giang,Xã Giồng Riềng,9.9237413,105.2736878,87,Moderate,1,27.1,88,0.0,6.2,197,1007.2,100,22.7,24.0,166.0,12.0,46.0,4.4
2025-05-08 21:00:00,2025,5,8,21,An Giang,Xã Giồng Riềng,9.9237413,105.2736878,85,Moderate,1,27.1,89,0.0,7.7,198,1008.1,97,21.9,23.2,173.0,11.8,46.0,4.5
2025-05-08 22:00:00,2025,5,8,22,An Giang,Xã Giồng Riềng,9.9237413,105.2736878,84,Moderate,1,27.1,89,0.0,8.1,208,1008.8,89,22.2,23.5,174.0,12.1,45.0,4.5
2025-05-08 23:00:00,2025,5,8,23,An Giang,Xã Giồng Riềng,9.9237413,105.2736878,82,Moderate,1,27.0,90,0.0,7.9,227,1009.0,88,24.0,25.3,167.0,13.1,43.0,4.3
2025-05-09 00:00:00,2025,5,9,0,An Giang,Xã Giồng Riềng,9.9237413,105.2736878,81,Moderate,1,26.4,93,0.0,5.7,226,1008.5,99,26.8,28.0,155.0,14.6,40.0,4.0
2025-05-09 01:00:00,2025,5,9,1,An Giang,Xã Giồng Riềng,9.9237413,105.2736878,81,Moderate,1,26.0,94,0.0,4.8,209,1007.6,94,28.5,29.7,144.0,15.9,37.0,3.8
2025-05-09 02:00:00,2025,5,9,2,An Giang,Xã Giồng Riềng,9.9237413,105.2736878,80,Moderate,1,25.9,94,0.0,5.6,201,1006.9,95,30.0,31.2,135.0,17.2,34.0,3.7
2025-05-09 03:00:00,2025,5,9,3,An Giang,Xã Giồng Riềng,9.9237413,105.2736878,79,Moderate,1,25.8,94,0.0,6.0,197,1006.2,97,32.7,34.0,128.0,18.4,32.0,3.7
2025-05-09 04:00:00,2025,5,9,4,An Giang,Xã Giồng Riềng,9.9237413,105.2736878,77,Moderate,1,25.6,93,0.0,6.5,182,1006.4,49,34.2,35.4,129.0,18.8,31.0,3.8
2025-05-09 05:00:00,2025,5,9,5,An Giang,Xã Giồng Riềng,9.9237413,105.2736878,74,Moderate,1,25.5,94,0.0,7.5,188,1006.8,78,35.2,36.4,147.0,18.4,30.0,4.3
2025-05-09 06:00:00,2025,5,9,6,An Giang,Xã Giồng Riềng,9.9237413,105.2736878,71,Moderate,1,25.7,93,0.0,7.6,192,1007.3,40,38.9,40.2,174.0,17.2,31.0,4.9
2025-05-09 07:00:00,2025,5,9,7,An Giang,Xã Giồng Riềng,9.9237413,105.2736878,69,Moderate,1,27.4,90,0.0,7.7,181,1008.2,27,43.4,44.6,188.0,17.2,34.0,5.6
2025-05-09 08:00:00,2025,5,9,8,An Giang,Xã Giồng Riềng,9.9237413,105.2736878,69,Moderate,1,29.6,83,0.0,6.7,183,1008.9,17,17.7,19.6,178.0,12.6,46.0,4.6
2025-05-09 09:00:00,2025,5,9,9,An Giang,Xã Giồng Riềng,9.9237413,105.2736878,69,Moderate,1,30.8,76,0.1,8.9,230,1009.4,22,11.3,13.3,155.0,6.3,62.0,3.3
2025-05-09 10:00:00,2025,5,9,10,An Giang,Xã Giồng Riềng,9.9237413,105.2736878,68,Moderate,1,31.5,72,0.1,10.1,243,1009.6,33,10.2,12.4,138.0,1.7,74.0,2.2
2025-05-09 11:00:00,2025,5,9,11,An Giang,Xã Giồng Riềng,9.9237413,105.2736878,68,Moderate,1,32.1,69,0.1,11.4,254,1008.9,92,9.4,11.6,132.0,0.3,76.0,1.8
2025-05-09 12:00:00,2025,5,9,12,An Giang,Xã Giồng Riềng,9.9237413,105.2736878,68,Moderate,1,31.9,70,0.2,10.6,280,1008.1,93,8.4,10.4,132.0,0.7,74.0,1.6
2025-05-09 13:00:00,2025,5,9,13,An Giang,Xã Giồng Riềng,9.9237413,105.2736878,68,Moderate,1,31.4,71,0.1,10.4,250,1007.3,98,7.8,9.7,132.0,1.2,71.0,1.6
2025-05-09 14:00:00,2025,5,9,14,An Giang,Xã Giồng Riềng,9.9237413,105.2736878,68,Moderate,1,32.0,65,0.1,12.7,235,1006.1,94,8.2,10.2,130.0,1.2,70.0,1.6
2025-05-09 15:00:00,2025,5,9,15,An Giang,Xã Giồng Riềng,9.9237413,105.2736878,68,Moderate,1,31.6,66,0.1,11.8,245,1004.9,100,8.9,10.9,129.0,1.5,68.0,1.6
2025-05-09 16:00:00,2025,5,9,16,An Giang,Xã Giồng Riềng,9.9237413,105.2736878,68,Moderate,1,31.1,71,0.1,10.7,253,1004.5,95,10.1,12.3,133.0,2.7,65.0,1.9
2025-05-09 17:00:00,2025,5,9,17,An Giang,Xã Giồng Riềng,9.9237413,105.2736878,68,Moderate,1,30.5,76,0.0,9.9,261,1004.5,84,10.1,12.2,146.0,5.3,60.0,2.5
2025-05-09 18:00:00,2025,5,9,18,An Giang,Xã Giồng Riềng,9.9237413,105.2736878,68,Moderate,1,29.4,79,0.0,7.2,252,1005.5,63,13.7,15.7,165.0,8.7,53.0,3.3
2025-05-09 19:00:00,2025,5,9,19,An Giang,Xã Giồng Riềng,9.9237413,105.2736878,69,Moderate,1,28.5,82,0.0,7.4,241,1006.1,92,21.9,23.3,180.0,12.2,46.0,4.4
2025-05-09 20:00:00,2025,5,9,20,An Giang,Xã Giồng Riềng,9.9237413,105.2736878,69,Moderate,1,28.5,80,0.0,7.8,226,1006.0,63,23.6,25.0,190.0,12.6,45.0,4.6
2025-05-09 21:00:00,2025,5,9,21,An Giang,Xã Giồng Riềng,9.9237413,105.2736878,69,Moderate,1,27.9,83,0.0,6.0,201,1007.0,100,23.3,24.6,196.0,13.2,44.0,4.9
2025-05-09 22:00:00,2025,5,9,22,An Giang,Xã Giồng Riềng,9.9237413,105.2736878,69,Moderate,1,27.6,84,0.0,6.7,196,1008.1,100,24.6,25.8,198.0,13.6,43.0,5.0
2025-05-09 23:00:00,2025,5,9,23,An Giang,Xã Giồng Riềng,9.9237413,105.2736878,69,Moderate,1,27.4,86,0.0,6.0,201,1008.6,100,27.6,28.8,194.0,13.4,43.0,4.6
2025-05-10 00:00:00,2025,5,10,0,An Giang,Xã Giồng Riềng,9.9237413,105.2736878,69,Moderate,1,27.2,87,0.0,6.4,220,1008.2,100,26.4,27.5,187.0,12.9,43.0,4.1
2025-05-10 01:00:00,2025,5,10,1,An Giang,Xã Giồng Riềng,9.9237413,105.2736878,69,Moderate,1,26.9,89,0.0,6.0,217,1007.6,99,23.7,24.9,179.0,13.4,42.0,3.7
2025-05-10 02:00:00,2025,5,10,2,An Giang,Xã Giồng Riềng,9.9237413,105.2736878,69,Moderate,1,26.9,89,0.0,6.2,202,1006.9,95,23.3,24.4,172.0,16.1,37.0,3.7
2025-05-10 03:00:00,2025,5,10,3,An Giang,Xã Giồng Riềng,9.9237413,105.2736878,68,Moderate,1,26.6,90,0.0,6.0,197,1006.5,100,27.8,29.0,165.0,19.7,31.0,3.9
2025-05-10 04:00:00,2025,5,10,4,An Giang,Xã Giồng Riềng,9.9237413,105.2736878,68,Moderate,1,26.6,91,0.0,6.0,185,1006.4,99,38.2,39.5,162.0,21.1,29.0,4.1
2025-05-10 05:00:00,2025,5,10,5,An Giang,Xã Giồng Riềng,9.9237413,105.2736878,68,Moderate,1,26.4,92,0.0,6.1,183,1006.7,99,43.0,44.0,167.0,18.5,33.0,4.1
2025-05-10 06:00:00,2025,5,10,6,An Giang,Xã Giồng Riềng,9.9237413,105.2736878,69,Moderate,1,26.3,93,0.0,7.4,167,1007.1,100,29.8,30.9,177.0,13.8,42.0,4.1
2025-05-10 07:00:00,2025,5,10,7,An Giang,Xã Giồng Riềng,9.9237413,105.2736878,68,Moderate,1,27.9,90,0.0,7.3,170,1007.8,100,37.6,38.6,182.0,20.8,32.0,6.0
2025-05-10 08:00:00,2025,5,10,8,An Giang,Xã Giồng Riềng,9.9237413,105.2736878,68,Moderate,1,27.9,90,0.4,4.1,67,1009.0,100,27.9,29.5,179.0,16.2,44.0,5.8
2025-05-10 09:00:00,2025,5,10,9,An Giang,Xã Giồng Riềng,9.9237413,105.2736878,69,Moderate,1,24.5,98,9.0,14.8,59,1010.7,100,21.7,23.7,172.0,9.9,61.0,5.5
2025-05-10 10:00:00,2025,5,10,10,An Giang,Xã Giồng Riềng,9.9237413,105.2736878,69,Moderate,1,25.5,91,1.0,2.8,117,1010.4,100,16.2,18.4,166.0,5.0,74.0,5.0
2025-05-10 11:00:00,2025,5,10,11,An Giang,Xã Giồng Riềng,9.9237413,105.2736878,70,Moderate,1,25.9,90,1.1,5.5,203,1009.8,100,12.8,14.9,162.0,2.8,79.0,4.0
2025-05-10 12:00:00,2025,5,10,12,An Giang,Xã Giồng Riềng,9.9237413,105.2736878,70,Moderate,1,27.5,84,0.4,10.1,241,1009.1,100,9.5,11.3,158.0,1.9,79.0,2.7
2025-05-10 13:00:00,2025,5,10,13,An Giang,Xã Giồng Riềng,9.9237413,105.2736878,70,Moderate,1,29.5,79,0.1,6.8,248,1007.6,100,7.8,9.4,154.0,1.5,78.0,1.8
2025-05-10 14:00:00,2025,5,10,14,An Giang,Xã Giồng Riềng,9.9237413,105.2736878,70,Moderate,1,29.6,77,0.0,10.7,264,1006.3,100,6.6,8.1,147.0,1.2,75.0,1.4
2025-05-10 15:00:00,2025,5,10,15,An Giang,Xã Giồng Riềng,9.9237413,105.2736878,70,Moderate,1,30.0,75,0.1,12.8,269,1005.3,100,7.1,8.4,139.0,1.5,70.0,1.4
2025-05-10 16:00:00,2025,5,10,16,An Giang,Xã Giồng Riềng,9.9237413,105.2736878,70,Moderate,1,29.6,75,0.0,13.6,276,1004.7,99,7.0,8.1,138.0,2.6,65.0,1.7
2025-05-10 17:00:00,2025,5,10,17,An Giang,Xã Giồng Riềng,9.9237413,105.2736878,70,Moderate,1,29.0,78,0.0,13.5,271,1004.9,86,8.4,9.4,147.0,5.0,59.0,2.4
2025-05-10 18:00:00,2025,5,10,18,An Giang,Xã Giồng Riềng,9.9237413,105.2736878,70,Moderate,1,28.0,82,0.0,8.4,260,1005.4,93,9.9,10.9,163.0,8.3,53.0,3.3
2025-05-10 19:00:00,2025,5,10,19,An Giang,Xã Giồng Riềng,9.9237413,105.2736878,69,Moderate,1,27.0,86,0.0,5.5,234,1006.3,98,19.4,20.4,179.0,11.4,46.0,4.2
2025-05-10 20:00:00,2025,5,10,20,An Giang,Xã Giồng Riềng,9.9237413,105.2736878,69,Moderate,1,27.5,87,0.0,3.4,212,1006.9,22,26.6,27.5,198.0,15.6,39.0,5.5
2025-05-10 21:00:00,2025,5,10,21,An Giang,Xã Giồng Riềng,9.9237413,105.2736878,69,Moderate,1,27.0,88,0.0,4.3,202,1007.8,7,37.5,38.5,219.0,21.5,29.0,7.4
2025-05-10 22:00:00,2025,5,10,22,An Giang,Xã Giồng Riềng,9.9237413,105.2736878,71,Moderate,1,26.6,90,0.0,3.9,217,1008.3,25,46.7,47.6,229.0,26.7,21.0,8.6
2025-05-10 23:00:00,2025,5,10,23,An Giang,Xã Giồng Riềng,9.9237413,105.2736878,73,Moderate,1,26.6,90,0.0,0.3,45,1008.7,100,50.9,51.8,221.0,31.0,15.0,8.8
2025-05-11 00:00:00,2025,5,11,0,An Giang,Xã Giồng Riềng,9.9237413,105.2736878,75,Moderate,1,25.0,97,4.7,5.4,6,1008.7,100,60.1,61.2,203.0,34.5,10.0,8.3
2025-05-11 01:00:00,2025,5,11,1,An Giang,Xã Giồng Riềng,9.9237413,105.2736878,78,Moderate,1,24.9,98,0.1,2.0,170,1007.4,100,69.6,70.5,185.0,35.2,10.0,7.6
2025-05-11 02:00:00,2025,5,11,2,An Giang,Xã Giồng Riềng,9.9237413,105.2736878,82,Moderate,1,24.7,99,0.0,2.8,215,1007.2,100,64.7,65.7,168.0,31.1,17.0,6.4
2025-05-11 03:00:00,2025,5,11,3,An Giang,Xã Giồng Riềng,9.9237413,105.2736878,85,Moderate,1,24.6,99,0.0,1.5,210,1006.3,100,45.6,46.3,151.0,24.1,27.0,4.8
2025-05-11 04:00:00,2025,5,11,4,An Giang,Xã Giồng Riềng,9.9237413,105.2736878,87,Moderate,1,24.0,100,7.3,5.2,209,1007.2,100,32.5,33.3,143.0,18.4,36.0,3.9
2025-05-11 05:00:00,2025,5,11,5,An Giang,Xã Giồng Riềng,9.9237413,105.2736878,86,Moderate,1,24.0,99,2.8,4.1,165,1007.5,100,36.4,37.4,152.0,15.7,39.0,4.1
2025-05-11 06:00:00,2025,5,11,6,An Giang,Xã Giồng Riềng,9.9237413,105.2736878,86,Moderate,1,24.0,98,0.0,8.0,144,1007.2,100,46.4,47.4,170.0,14.3,40.0,4.9
2025-05-11 07:00:00,2025,5,11,7,An Giang,Xã Giồng Riềng,9.9237413,105.2736878,87,Moderate,1,24.6,96,0.0,4.6,144,1007.9,100,103.4,104.5,182.0,36.8,16.0,10.3
2025-05-11 08:00:00,2025,5,11,8,An Giang,Xã Giồng Riềng,9.9237413,105.2736878,93,Moderate,1,26.9,91,0.0,3.6,221,1008.0,100,32.1,33.8,180.0,26.9,37.0,9.1
2025-05-11 09:00:00,2025,5,11,9,An Giang,Xã Giồng Riềng,9.9237413,105.2736878,94,Moderate,1,28.5,83,0.0,7.7,237,1008.0,100,18.5,20.3,171.0,13.4,67.0,7.3
2025-05-11 10:00:00,2025,5,11,10,An Giang,Xã Giồng Riềng,9.9237413,105.2736878,93,Moderate,1,30.0,76,0.1,11.5,256,1008.3,100,15.0,15.5,163.0,3.4,88.0,5.8
2025-05-11 11:00:00,2025,5,11,11,An Giang,Xã Giồng Riềng,9.9237413,105.2736878,93,Moderate,1,30.8,72,0.1,13.0,275,1007.8,97,13.8,14.3,156.0,0.4,94.0,4.7
2025-05-11 12:00:00,2025,5,11,12,An Giang,Xã Giồng Riềng,9.9237413,105.2736878,93,Moderate,1,31.3,71,0.1,12.5,282,1006.9,94,12.9,13.3,149.0,1.0,91.0,3.7
2025-05-11 13:00:00,2025,5,11,13,An Giang,Xã Giồng Riềng,9.9237413,105.2736878,94,Moderate,1,30.5,73,0.8,13.4,262,1006.2,92,10.6,11.0,144.0,2.2,85.0,3.0
2025-05-11 14:00:00,2025,5,11,14,An Giang,Xã Giồng Riềng,9.9237413,105.2736878,94,Moderate,1,30.6,74,0.4,13.2,258,1004.7,44,11.4,11.7,139.0,2.6,75.0,2.4
2025-05-11 15:00:00,2025,5,11,15,An Giang,Xã Giồng Riềng,9.9237413,105.2736878,94,Moderate,1,30.1,76,1.1,10.3,239,1003.8,83,10.9,11.3,136.0,3.6,61.0,2.1
2025-05-11 16:00:00,2025,5,11,16,An Giang,Xã Giồng Riềng,9.9237413,105.2736878,95,Moderate,1,29.8,77,0.2,8.9,242,1003.8,94,9.5,10.0,142.0,5.9,48.0,2.4
2025-05-11 17:00:00,2025,5,11,17,An Giang,Xã Giồng Riềng,9.9237413,105.2736878,95,Moderate,1,29.1,80,0.1,5.1,231,1003.8,99,14.4,15.0,167.0,10.9,38.0,3.7
2025-05-11 18:00:00,2025,5,11,18,An Giang,Xã Giồng Riềng,9.9237413,105.2736878,95,Moderate,1,28.3,86,0.1,4.0,212,1004.4,100,22.1,22.8,200.0,17.4,30.0,5.5
2025-05-11 19:00:00,2025,5,11,19,An Giang,Xã Giồng Riềng,9.9237413,105.2736878,96,Moderate,1,27.7,88,0.0,3.1,216,1005.4,100,32.1,33.1,223.0,19.5,34.0,6.6
2025-05-11 20:00:00,2025,5,11,20,An Giang,Xã Giồng Riềng,9.9237413,105.2736878,97,Moderate,1,27.4,84,0.0,6.4,216,1006.2,100,51.6,52.6,224.0,28.0,27.0,9.8
2025-05-11 21:00:00,2025,5,11,21,An Giang,Xã Giồng Riềng,9.9237413,105.2736878,100,Moderate,1,27.2,86,0.0,5.5,216,1007.2,100,73.8,75.0,213.0,39.6,16.0,14.1
2025-05-11 22:00:00,2025,5,11,22,An Giang,Xã Giồng Riềng,9.9237413,105.2736878,103,Unhealthy for Sensitive Groups,2,27.1,88,0.0,4.9,208,1007.4,100,94.1,95.2,202.0,48.0,8.0,16.6
2025-05-11 23:00:00,2025,5,11,23,An Giang,Xã Giồng Riềng,9.9237413,105.2736878,108,Unhealthy for Sensitive Groups,2,26.8,89,0.0,4.6,189,1007.9,100,104.3,105.5,195.0,49.9,4.0,15.6
2025-05-12 00:00:00,2025,5,12,0,An Giang,Xã Giồng Riềng,9.9237413,105.2736878,114,Unhealthy for Sensitive Groups,2,26.4,92,0.0,4.7,203,1007.4,42,107.1,108.3,189.0,48.4,2.0,12.9
2025-05-12 01:00:00,2025,5,12,1,An Giang,Xã Giồng Riềng,9.9237413,105.2736878,119,Unhealthy for Sensitive Groups,2,26.2,93,0.0,4.0,212,1006.5,100,104.8,105.9,179.0,46.8,1.0,10.8
2025-05-12 02:00:00,2025,5,12,2,An Giang,Xã Giồng Riềng,9.9237413,105.2736878,122,Unhealthy for Sensitive Groups,2,24.6,95,9.0,10.5,53,1006.7,100,108.7,109.7,161.0,46.5,0.0,10.3
2025-05-12 03:00:00,2025,5,12,3,An Giang,Xã Giồng Riềng,9.9237413,105.2736878,127,Unhealthy for Sensitive Groups,2,24.0,99,1.0,10.4,72,1006.5,100,114.1,115.0,141.0,45.9,0.0,10.4
2025-05-12 04:00:00,2025,5,12,4,An Giang,Xã Giồng Riềng,9.9237413,105.2736878,134,Unhealthy for Sensitive Groups,2,23.6,96,0.8,6.5,109,1006.8,100,118.5,119.7,132.0,43.6,2.0,10.3
2025-05-12 05:00:00,2025,5,12,5,An Giang,Xã Giồng Riềng,9.9237413,105.2736878,143,Unhealthy for Sensitive Groups,2,24.0,95,0.0,7.7,159,1006.4,100,101.5,102.7,146.0,38.5,9.0,9.7
2025-05-12 06:00:00,2025,5,12,6,An Giang,Xã Giồng Riềng,9.9237413,105.2736878,150,Unhealthy for Sensitive Groups,2,24.0,96,0.0,5.2,124,1006.8,100,37.4,37.7,172.0,31.6,20.0,8.8
2025-05-12 07:00:00,2025,5,12,7,An Giang,Xã Giồng Riềng,9.9237413,105.2736878,149,Unhealthy for Sensitive Groups,2,24.9,95,0.0,7.6,185,1008.3,100,100.6,102.4,187.0,35.0,27.0,10.0
2025-05-12 08:00:00,2025,5,12,8,An Giang,Xã Giồng Riềng,9.9237413,105.2736878,149,Unhealthy for Sensitive Groups,2,28.6,82,0.1,5.0,210,1007.8,85,46.4,48.7,179.0,25.8,44.0,8.4
2025-05-12 09:00:00,2025,5,12,9,An Giang,Xã Giồng Riềng,9.9237413,105.2736878,150,Unhealthy for Sensitive Groups,2,29.5,81,0.2,6.3,233,1008.3,98,27.2,29.6,161.0,13.2,68.0,6.1
2025-05-12 10:00:00,2025,5,12,10,An Giang,Xã Giồng Riềng,9.9237413,105.2736878,150,Unhealthy for Sensitive Groups,2,29.4,79,0.2,12.7,247,1008.7,100,18.7,21.0,147.0,3.9,84.0,4.3
2025-05-12 11:00:00,2025,5,12,11,An Giang,Xã Giồng Riềng,9.9237413,105.2736878,150,Unhealthy for Sensitive Groups,2,29.3,79,0.5,6.1,212,1008.1,96,13.7,15.5,145.0,1.1,87.0,3.3
2025-05-12 12:00:00,2025,5,12,12,An Giang,Xã Giồng Riềng,9.9237413,105.2736878,150,Unhealthy for Sensitive Groups,2,30.4,76,0.1,4.7,187,1006.9,98,11.8,12.9,148.0,1.7,82.0,2.6
2025-05-12 13:00:00,2025,5,12,13,An Giang,Xã Giồng Riềng,9.9237413,105.2736878,150,Unhealthy for Sensitive Groups,2,31.2,74,0.1,4.8,233,1005.7,99,10.6,11.4,151.0,2.5,77.0,2.2
2025-05-12 14:00:00,2025,5,12,14,An Giang,Xã Giồng Riềng,9.9237413,105.2736878,150,Unhealthy for Sensitive Groups,2,28.6,81,3.9,14.2,221,1005.5,100,9.4,10.3,149.0,2.2,73.0,1.8
2025-05-12 15:00:00,2025,5,12,15,An Giang,Xã Giồng Riềng,9.9237413,105.2736878,150,Unhealthy for Sensitive Groups,2,29.7,77,0.2,5.2,239,1004.7,100,8.9,10.0,147.0,2.2,68.0,1.5
2025-05-12 16:00:00,2025,5,12,16,An Giang,Xã Giồng Riềng,9.9237413,105.2736878,150,Unhealthy for Sensitive Groups,2,28.7,79,3.1,11.3,188,1004.9,99,8.9,9.7,153.0,3.7,62.0,1.8
2025-05-12 17:00:00,2025,5,12,17,An Giang,Xã Giồng Riềng,9.9237413,105.2736878,150,Unhealthy for Sensitive Groups,2,28.0,84,0.7,5.6,173,1004.7,100,11.8,12.5,173.0,8.3,53.0,3.2
2025-05-12 18:00:00,2025,5,12,18,An Giang,Xã Giồng Riềng,9.9237413,105.2736878,150,Unhealthy for Sensitive Groups,2,27.6,90,0.0,1.8,259,1005.5,94,18.5,19.2,201.0,14.4,42.0,5.1
2025-05-12 19:00:00,2025,5,12,19,An Giang,Xã Giồng Riềng,9.9237413,105.2736878,150,Unhealthy for Sensitive Groups,2,26.9,92,0.9,1.5,173,1006.8,100,39.5,40.9,223.0,23.4,34.0,7.9
2025-05-12 20:00:00,2025,5,12,20,An Giang,Xã Giồng Riềng,9.9237413,105.2736878,150,Unhealthy for Sensitive Groups,2,26.3,90,0.0,4.9,184,1007.0,100,40.4,41.6,237.0,23.6,32.0,7.9
2025-05-12 21:00:00,2025,5,12,21,An Giang,Xã Giồng Riềng,9.9237413,105.2736878,150,Unhealthy for Sensitive Groups,2,26.2,92,0.0,4.6,169,1007.9,100,43.2,44.2,246.0,23.9,28.0,7.9
2025-05-12 22:00:00,2025,5,12,22,An Giang,Xã Giồng Riềng,9.9237413,105.2736878,147,Unhealthy for Sensitive Groups,2,26.0,94,0.0,4.0,190,1008.8,100,42.0,43.1,244.0,23.1,27.0,7.5
2025-05-12 23:00:00,2025,5,12,23,An Giang,Xã Giồng Riềng,9.9237413,105.2736878,141,Unhealthy for Sensitive Groups,2,25.8,95,0.6,3.2,289,1009.1,100,36.4,37.3,224.0,19.8,31.0,6.2
2025-05-13 00:00:00,2025,5,13,0,An Giang,Xã Giồng Riềng,9.9237413,105.2736878,134,Unhealthy for Sensitive Groups,2,25.4,96,0.0,4.3,228,1008.8,100,25.7,26.4,194.0,15.5,36.0,4.5
2025-05-13 01:00:00,2025,5,13,1,An Giang,Xã Giồng Riềng,9.9237413,105.2736878,126,Unhealthy for Sensitive Groups,2,25.4,95,0.0,7.9,249,1008.6,100,24.3,24.9,172.0,14.1,38.0,3.5
2025-05-13 02:00:00,2025,5,13,2,An Giang,Xã Giồng Riềng,9.9237413,105.2736878,117,Unhealthy for Sensitive Groups,2,25.0,96,0.0,6.0,237,1007.7,100,34.8,35.5,167.0,18.8,31.0,3.8
2025-05-13 03:00:00,2025,5,13,3,An Giang,Xã Giồng Riềng,9.9237413,105.2736878,110,Unhealthy for Sensitive Groups,2,24.8,97,0.0,4.3,185,1007.6,100,52.9,53.6,170.0,26.4,19.0,4.7
2025-05-13 04:00:00,2025,5,13,4,An Giang,Xã Giồng Riềng,9.9237413,105.2736878,103,Unhealthy for Sensitive Groups,2,24.6,97,0.0,4.2,173,1007.7,100,59.6,60.3,178.0,31.1,12.0,5.7
2025-05-13 05:00:00,2025,5,13,5,An Giang,Xã Giồng Riềng,9.9237413,105.2736878,98,Moderate,1,24.5,97,0.0,4.2,137,1007.7,100,59.1,59.8,195.0,30.5,12.0,6.8
2025-05-13 06:00:00,2025,5,13,6,An Giang,Xã Giồng Riềng,9.9237413,105.2736878,94,Moderate,1,24.5,98,0.0,4.0,183,1008.6,97,69.2,70.1,217.0,27.1,16.0,8.0
2025-05-13 07:00:00,2025,5,13,7,An Giang,Xã Giồng Riềng,9.9237413,105.2736878,97,Moderate,1,25.5,94,0.7,8.5,167,1009.0,100,77.5,78.5,227.0,26.7,19.0,8.2
2025-05-13 08:00:00,2025,5,13,8,An Giang,Xã Giồng Riềng,9.9237413,105.2736878,95,Moderate,1,27.5,90,0.0,5.6,140,1009.4,100,31.3,33.1,215.0,20.1,37.0,7.2
2025-05-13 09:00:00,2025,5,13,9,An Giang,Xã Giồng Riềng,9.9237413,105.2736878,93,Moderate,1,28.8,82,0.1,6.2,144,1009.9,100,18.8,20.9,191.0,10.9,61.0,5.9
2025-05-13 10:00:00,2025,5,13,10,An Giang,Xã Giồng Riềng,9.9237413,105.2736878,92,Moderate,1,29.5,78,0.3,3.6,131,1010.1,100,16.2,18.5,173.0,4.1,80.0,4.8
2025-05-13 11:00:00,2025,5,13,11,An Giang,Xã Giồng Riềng,9.9237413,105.2736878,92,Moderate,1,30.1,78,0.3,3.1,114,1010.0,100,15.3,17.6,169.0,1.9,88.0,4.1
2025-05-13 12:00:00,2025,5,13,12,An Giang,Xã Giồng Riềng,9.9237413,105.2736878,92,Moderate,1,30.9,76,0.0,3.1,118,1009.0,100,13.8,15.7,170.0,2.0,89.0,3.6
2025-05-13 13:00:00,2025,5,13,13,An Giang,Xã Giồng Riềng,9.9237413,105.2736878,93,Moderate,1,31.4,76,0.1,2.6,102,1008.2,100,13.0,14.6,170.0,2.5,89.0,3.3
2025-05-13 14:00:00,2025,5,13,14,An Giang,Xã Giồng Riềng,9.9237413,105.2736878,93,Moderate,1,31.0,75,2.1,1.8,246,1006.9,100,13.0,14.5,161.0,2.3,87.0,2.9
2025-05-13 15:00:00,2025,5,13,15,An Giang,Xã Giồng Riềng,9.9237413,105.2736878,93,Moderate,1,25.1,97,5.6,13.9,217,1007.6,100,12.4,13.7,151.0,2.4,83.0,2.7
2025-05-13 16:00:00,2025,5,13,16,An Giang,Xã Giồng Riềng,9.9237413,105.2736878,93,Moderate,1,25.4,91,3.3,4.1,221,1006.7,100,12.3,13.7,152.0,3.7,77.0,2.9
2025-05-13 17:00:00,2025,5,13,17,An Giang,Xã Giồng Riềng,9.9237413,105.2736878,94,Moderate,1,26.0,91,0.1,6.7,211,1006.4,100,14.1,15.7,173.0,6.9,69.0,3.8
2025-05-13 18:00:00,2025,5,13,18,An Giang,Xã Giồng Riềng,9.9237413,105.2736878,94,Moderate,1,25.9,93,0.0,0.9,180,1006.6,100,19.6,21.1,206.0,11.3,59.0,5.2
2025-05-13 19:00:00,2025,5,13,19,An Giang,Xã Giồng Riềng,9.9237413,105.2736878,94,Moderate,1,25.5,94,0.0,0.6,162,1007.8,100,33.2,34.1,239.0,20.0,33.0,7.4
2025-05-13 20:00:00,2025,5,13,20,An Giang,Xã Giồng Riềng,9.9237413,105.2736878,93,Moderate,1,25.6,94,0.0,3.7,119,1008.3,100,47.0,47.8,269.0,23.7,28.0,9.2
2025-05-13 21:00:00,2025,5,13,21,An Giang,Xã Giồng Riềng,9.9237413,105.2736878,94,Moderate,1,25.2,95,0.0,3.5,141,1009.4,100,51.6,52.5,298.0,28.6,22.0,11.5
2025-05-13 22:00:00,2025,5,13,22,An Giang,Xã Giồng Riềng,9.9237413,105.2736878,95,Moderate,1,25.0,96,0.0,3.3,131,1010.1,100,55.5,56.3,322.0,31.9,18.0,12.9
2025-05-13 23:00:00,2025,5,13,23,An Giang,Xã Giồng Riềng,9.9237413,105.2736878,96,Moderate,1,25.0,96,0.0,4.1,124,1010.6,100,55.1,56.0,341.0,31.6,19.0,12.3
2025-05-14 00:00:00,2025,5,14,0,An Giang,Xã Giồng Riềng,9.9237413,105.2736878,98,Moderate,1,25.0,97,0.0,4.9,118,1010.2,100,53.4,54.5,355.0,29.7,23.0,10.8
2025-05-14 01:00:00,2025,5,14,1,An Giang,Xã Giồng Riềng,9.9237413,105.2736878,100,Moderate,1,24.7,99,0.0,4.1,113,1009.6,100,52.3,53.4,358.0,28.5,25.0,9.6
2025-05-14 02:00:00,2025,5,14,2,An Giang,Xã Giồng Riềng,9.9237413,105.2736878,103,Unhealthy for Sensitive Groups,2,24.5,99,0.0,2.3,129,1008.9,100,53.3,54.5,341.0,29.7,22.0,9.3
2025-05-14 03:00:00,2025,5,14,3,An Giang,Xã Giồng Riềng,9.9237413,105.2736878,105,Unhealthy for Sensitive Groups,2,24.3,99,0.0,2.5,94,1008.6,92,54.7,55.8,313.0,31.7,17.0,9.4
2025-05-14 04:00:00,2025,5,14,4,An Giang,Xã Giồng Riềng,9.9237413,105.2736878,105,Unhealthy for Sensitive Groups,2,24.4,99,0.0,5.4,110,1008.3,76,63.3,64.3,293.0,32.2,15.0,9.8
2025-05-14 05:00:00,2025,5,14,5,An Giang,Xã Giồng Riềng,9.9237413,105.2736878,106,Unhealthy for Sensitive Groups,2,24.2,99,0.0,6.1,113,1008.4,1,62.9,63.8,295.0,29.9,19.0,10.9
2025-05-14 06:00:00,2025,5,14,6,An Giang,Xã Giồng Riềng,9.9237413,105.2736878,106,Unhealthy for Sensitive Groups,2,24.2,98,0.0,6.8,92,1008.8,8,65.7,66.8,306.0,26.1,27.0,12.3
2025-05-14 07:00:00,2025,5,14,7,An Giang,Xã Giồng Riềng,9.9237413,105.2736878,106,Unhealthy for Sensitive Groups,2,25.7,95,0.0,5.2,76,1009.5,19,53.2,54.8,301.0,22.6,37.0,13.4
2025-05-14 08:00:00,2025,5,14,8,An Giang,Xã Giồng Riềng,9.9237413,105.2736878,103,Unhealthy for Sensitive Groups,2,28.1,88,0.0,6.2,100,1009.9,100,50.5,52.7,263.0,18.1,51.0,12.9
2025-05-14 09:00:00,2025,5,14,9,An Giang,Xã Giồng Riềng,9.9237413,105.2736878,105,Unhealthy for Sensitive Groups,2,29.5,82,0.0,9.6,104,1010.0,77,35.3,38.2,210.0,11.8,72.0,12.2
2025-05-14 10:00:00,2025,5,14,10,An Giang,Xã Giồng Riềng,9.9237413,105.2736878,107,Unhealthy for Sensitive Groups,2,30.7,73,0.0,8.7,104,1010.2,64,27.8,30.4,170.0,6.8,90.0,11.3
2025-05-14 11:00:00,2025,5,14,11,An Giang,Xã Giồng Riềng,9.9237413,105.2736878,108,Unhealthy for Sensitive Groups,2,31.3,70,0.1,7.3,100,1010.2,99,23.8,24.7,156.0,4.3,106.0,10.3
2025-05-14 12:00:00,2025,5,14,12,An Giang,Xã Giồng Riềng,9.9237413,105.2736878,109,Unhealthy for Sensitive Groups,2,31.6,70,0.1,7.8,98,1009.6,100,23.5,24.0,156.0,3.1,120.0,9.2
2025-05-14 13:00:00,2025,5,14,13,An Giang,Xã Giồng Riềng,9.9237413,105.2736878,110,Unhealthy for Sensitive Groups,2,31.9,70,0.1,8.1,119,1009.3,97,24.7,25.1,156.0,2.7,125.0,8.2
2025-05-14 14:00:00,2025,5,14,14,An Giang,Xã Giồng Riềng,9.9237413,105.2736878,111,Unhealthy for Sensitive Groups,2,31.5,72,0.2,8.7,120,1007.6,96,23.9,24.3,150.0,2.6,117.0,7.2
2025-05-14 15:00:00,2025,5,14,15,An Giang,Xã Giồng Riềng,9.9237413,105.2736878,112,Unhealthy for Sensitive Groups,2,27.2,87,7.5,11.3,123,1007.7,100,21.0,21.4,144.0,3.3,100.0,6.3
2025-05-14 16:00:00,2025,5,14,16,An Giang,Xã Giồng Riềng,9.9237413,105.2736878,113,Unhealthy for Sensitive Groups,2,27.5,85,0.2,4.5,124,1007.4,98,19.2,19.6,147.0,5.5,84.0,6.0
2025-05-14 17:00:00,2025,5,14,17,An Giang,Xã Giồng Riềng,9.9237413,105.2736878,114,Unhealthy for Sensitive Groups,2,27.6,85,0.0,1.8,191,1007.1,100,20.1,20.7,163.0,10.0,70.0,6.8
2025-05-14 18:00:00,2025,5,14,18,An Giang,Xã Giồng Riềng,9.9237413,105.2736878,114,Unhealthy for Sensitive Groups,2,27.0,91,0.0,1.5,330,1008.1,100,24.7,25.3,188.0,15.9,57.0,8.3
2025-05-14 19:00:00,2025,5,14,19,An Giang,Xã Giồng Riềng,9.9237413,105.2736878,115,Unhealthy for Sensitive Groups,2,26.2,96,0.0,2.8,18,1008.7,100,58.8,61.2,213.0,29.3,48.0,12.7
2025-05-14 20:00:00,2025,5,14,20,An Giang,Xã Giồng Riềng,9.9237413,105.2736878,118,Unhealthy for Sensitive Groups,2,27.1,91,0.0,5.3,108,1009.2,100,65.4,67.3,237.0,32.3,37.0,12.6
2025-05-14 21:00:00,2025,5,14,21,An Giang,Xã Giồng Riềng,9.9237413,105.2736878,120,Unhealthy for Sensitive Groups,2,26.8,93,0.0,4.7,90,1009.9,100,59.3,61.0,262.0,36.4,23.0,12.5
2025-05-14 22:00:00,2025,5,14,22,An Giang,Xã Giồng Riềng,9.9237413,105.2736878,120,Unhealthy for Sensitive Groups,2,26.5,95,0.0,4.8,79,1010.5,100,70.5,71.9,283.0,38.6,13.0,12.1
2025-05-14 23:00:00,2025,5,14,23,An Giang,Xã Giồng Riềng,9.9237413,105.2736878,122,Unhealthy for Sensitive Groups,2,26.1,95,0.0,4.5,76,1010.5,100,72.6,74.3,294.0,36.9,12.0,11.1
2025-05-15 00:00:00,2025,5,15,0,An Giang,Xã Giồng Riềng,9.9237413,105.2736878,124,Unhealthy for Sensitive Groups,2,25.9,95,0.0,4.3,57,1010.1,100,63.1,64.5,302.0,33.4,16.0,9.7
2025-05-15 01:00:00,2025,5,15,1,An Giang,Xã Giồng Riềng,9.9237413,105.2736878,125,Unhealthy for Sensitive Groups,2,25.6,95,0.0,4.9,66,1009.6,100,61.9,63.1,319.0,31.0,18.0,8.8
2025-05-15 02:00:00,2025,5,15,2,An Giang,Xã Giồng Riềng,9.9237413,105.2736878,126,Unhealthy for Sensitive Groups,2,25.4,95,0.0,4.7,81,1009.2,100,57.7,59.3,356.0,31.6,16.0,8.6
2025-05-15 03:00:00,2025,5,15,3,An Giang,Xã Giồng Riềng,9.9237413,105.2736878,126,Unhealthy for Sensitive Groups,2,25.2,96,0.0,5.4,86,1008.4,99,63.8,65.4,401.0,33.4,12.0,8.9
2025-05-15 04:00:00,2025,5,15,4,An Giang,Xã Giồng Riềng,9.9237413,105.2736878,127,Unhealthy for Sensitive Groups,2,25.1,96,0.0,5.2,56,1007.8,100,64.5,66.1,438.0,33.7,12.0,9.4
2025-05-15 05:00:00,2025,5,15,5,An Giang,Xã Giồng Riềng,9.9237413,105.2736878,127,Unhealthy for Sensitive Groups,2,25.0,97,0.0,6.8,42,1007.9,100,73.6,75.2,470.0,31.2,15.0,10.1
2025-05-15 06:00:00,2025,5,15,6,An Giang,Xã Giồng Riềng,9.9237413,105.2736878,128,Unhealthy for Sensitive Groups,2,25.2,97,0.0,7.3,54,1008.5,100,80.3,82.0,492.0,27.3,22.0,11.0
2025-05-15 07:00:00,2025,5,15,7,An Giang,Xã Giồng Riềng,9.9237413,105.2736878,130,Unhealthy for Sensitive Groups,2,26.7,93,0.0,6.8,58,1009.5,100,114.6,117.6,475.0,34.4,21.0,12.8
2025-05-15 08:00:00,2025,5,15,8,An Giang,Xã Giồng Riềng,9.9237413,105.2736878,136,Unhealthy for Sensitive Groups,2,28.4,88,0.0,7.9,51,1010.2,98,62.9,66.4,382.0,26.4,39.0,12.5
2025-05-15 09:00:00,2025,5,15,9,An Giang,Xã Giồng Riềng,9.9237413,105.2736878,138,Unhealthy for Sensitive Groups,2,29.6,82,0.2,10.8,72,1010.6,93,36.4,39.7,249.0,15.4,63.0,12.1
2025-05-15 10:00:00,2025,5,15,10,An Giang,Xã Giồng Riềng,9.9237413,105.2736878,138,Unhealthy for Sensitive Groups,2,30.4,80,0.1,9.3,68,1010.3,91,32.0,35.9,151.0,7.0,83.0,11.5
2025-05-15 11:00:00,2025,5,15,11,An Giang,Xã Giồng Riềng,9.9237413,105.2736878,138,Unhealthy for Sensitive Groups,2,28.0,84,7.3,15.0,96,1011.0,100,27.0,29.9,124.0,3.9,94.0,10.5
2025-05-15 12:00:00,2025,5,15,12,An Giang,Xã Giồng Riềng,9.9237413,105.2736878,138,Unhealthy for Sensitive Groups,2,28.2,87,0.2,4.3,114,1010.3,99,22.5,23.8,131.0,3.5,101.0,9.4
2025-05-15 13:00:00,2025,5,15,13,An Giang,Xã Giồng Riềng,9.9237413,105.2736878,138,Unhealthy for Sensitive Groups,2,28.5,83,1.9,15.3,134,1010.1,100,23.4,24.1,140.0,3.6,102.0,8.2
2025-05-15 14:00:00,2025,5,15,14,An Giang,Xã Giồng Riềng,9.9237413,105.2736878,138,Unhealthy for Sensitive Groups,2,27.5,84,0.6,11.6,122,1009.2,100,24.9,25.5,137.0,3.3,97.0,6.9
2025-05-15 15:00:00,2025,5,15,15,An Giang,Xã Giồng Riềng,9.9237413,105.2736878,138,Unhealthy for Sensitive Groups,2,27.4,88,0.1,6.2,116,1008.1,100,24.3,24.9,136.0,3.6,88.0,5.6
2025-05-15 16:00:00,2025,5,15,16,An Giang,Xã Giồng Riềng,9.9237413,105.2736878,139,Unhealthy for Sensitive Groups,2,28.1,86,0.0,5.6,153,1007.3,100,21.1,21.7,139.0,5.3,76.0,5.0
2025-05-15 17:00:00,2025,5,15,17,An Giang,Xã Giồng Riềng,9.9237413,105.2736878,139,Unhealthy for Sensitive Groups,2,28.0,86,0.0,10.0,111,1007.6,100,21.8,22.2,146.0,9.3,61.0,5.6
2025-05-15 18:00:00,2025,5,15,18,An Giang,Xã Giồng Riềng,9.9237413,105.2736878,139,Unhealthy for Sensitive Groups,2,27.0,89,0.0,9.0,90,1007.9,100,23.7,24.2,157.0,14.7,44.0,6.9
2025-05-15 19:00:00,2025,5,15,19,An Giang,Xã Giồng Riềng,9.9237413,105.2736878,139,Unhealthy for Sensitive Groups,2,26.1,92,0.0,7.9,89,1008.2,100,42.5,43.0,178.0,21.4,39.0,10.2
2025-05-15 20:00:00,2025,5,15,20,An Giang,Xã Giồng Riềng,9.9237413,105.2736878,137,Unhealthy for Sensitive Groups,2,26.0,96,0.0,5.6,69,1009.5,100,51.6,52.4,220.0,25.3,33.0,11.8
2025-05-15 21:00:00,2025,5,15,21,An Giang,Xã Giồng Riềng,9.9237413,105.2736878,136,Unhealthy for Sensitive Groups,2,25.9,96,0.0,4.6,64,1010.2,100,61.7,62.9,272.0,30.8,25.0,14.0
2025-05-15 22:00:00,2025,5,15,22,An Giang,Xã Giồng Riềng,9.9237413,105.2736878,136,Unhealthy for Sensitive Groups,2,25.7,96,0.0,4.8,61,1010.7,100,73.3,74.5,307.0,35.8,18.0,15.7
2025-05-15 23:00:00,2025,5,15,23,An Giang,Xã Giồng Riềng,9.9237413,105.2736878,136,Unhealthy for Sensitive Groups,2,25.4,97,0.0,4.0,58,1010.5,100,90.1,91.5,310.0,39.8,12.0,16.2
2025-05-16 00:00:00,2025,5,16,0,An Giang,Xã Giồng Riềng,9.9237413,105.2736878,138,Unhealthy for Sensitive Groups,2,25.5,97,0.0,4.5,61,1010.3,100,98.0,99.4,297.0,43.4,8.0,16.1
2025-05-16 01:00:00,2025,5,16,1,An Giang,Xã Giồng Riềng,9.9237413,105.2736878,142,Unhealthy for Sensitive Groups,2,25.2,97,0.0,5.0,60,1009.8,100,104.5,105.9,285.0,46.1,4.0,16.1
2025-05-16 02:00:00,2025,5,16,2,An Giang,Xã Giồng Riềng,9.9237413,105.2736878,146,Unhealthy for Sensitive Groups,2,25.1,97,0.0,5.2,65,1009.4,100,108.7,110.1,278.0,48.0,1.0,16.3
2025-05-16 03:00:00,2025,5,16,3,An Giang,Xã Giồng Riềng,9.9237413,105.2736878,150,Unhealthy for Sensitive Groups,2,24.9,98,0.0,4.6,81,1008.8,100,111.3,112.9,272.0,49.0,0.0,16.7
2025-05-16 04:00:00,2025,5,16,4,An Giang,Xã Giồng Riềng,9.9237413,105.2736878,151,Unhealthy,3,24.8,98,0.0,5.2,74,1008.9,100,117.1,119.0,276.0,48.3,2.0,17.1
2025-05-16 05:00:00,2025,5,16,5,An Giang,Xã Giồng Riềng,9.9237413,105.2736878,153,Unhealthy,3,24.8,98,0.0,5.7,79,1008.8,100,136.0,137.8,304.0,45.7,8.0,18.1
2025-05-16 06:00:00,2025,5,16,6,An Giang,Xã Giồng Riềng,9.9237413,105.2736878,154,Unhealthy,3,24.9,98,0.0,6.2,75,1009.0,100,126.7,129.0,341.0,41.3,17.0,19.3
2025-05-16 07:00:00,2025,5,16,7,An Giang,Xã Giồng Riềng,9.9237413,105.2736878,155,Unhealthy,3,26.2,95,0.0,4.7,81,1009.3,99,90.6,93.6,351.0,29.8,32.0,20.2
2025-05-16 08:00:00,2025,5,16,8,An Giang,Xã Giồng Riềng,9.9237413,105.2736878,154,Unhealthy,3,27.9,87,0.0,12.4,92,1010.0,99,66.6,70.1,305.0,23.6,47.0,18.1
2025-05-16 09:00:00,2025,5,16,9,An Giang,Xã Giồng Riềng,9.9237413,105.2736878,154,Unhealthy,3,29.1,81,0.1,13.7,95,1010.0,100,47.6,51.2,232.0,14.9,67.0,15.1
2025-05-16 10:00:00,2025,5,16,10,An Giang,Xã Giồng Riềng,9.9237413,105.2736878,155,Unhealthy,3,30.1,76,0.1,13.5,93,1009.8,100,36.6,39.6,176.0,8.1,86.0,12.6
2025-05-16 11:00:00,2025,5,16,11,An Giang,Xã Giồng Riềng,9.9237413,105.2736878,155,Unhealthy,3,30.9,75,0.0,11.5,98,1009.7,100,32.6,34.3,158.0,4.7,103.0,11.2
2025-05-16 12:00:00,2025,5,16,12,An Giang,Xã Giồng Riềng,9.9237413,105.2736878,155,Unhealthy,3,31.2,76,0.1,10.5,106,1009.2,100,29.3,30.0,158.0,3.1,118.0,10.4
2025-05-16 13:00:00,2025,5,16,13,An Giang,Xã Giồng Riềng,9.9237413,105.2736878,155,Unhealthy,3,31.2,79,0.2,10.7,113,1008.1,99,25.1,25.6,159.0,2.5,124.0,9.5
2025-05-16 14:00:00,2025,5,16,14,An Giang,Xã Giồng Riềng,9.9237413,105.2736878,155,Unhealthy,3,29.2,81,2.4,16.5,108,1007.3,100,23.0,23.5,155.0,2.6,114.0,8.2
2025-05-16 15:00:00,2025,5,16,15,An Giang,Xã Giồng Riềng,9.9237413,105.2736878,155,Unhealthy,3,26.9,89,0.4,8.6,121,1006.6,99,20.8,21.2,152.0,3.6,95.0,6.8
2025-05-16 16:00:00,2025,5,16,16,An Giang,Xã Giồng Riềng,9.9237413,105.2736878,155,Unhealthy,3,28.0,85,0.1,5.6,132,1006.1,99,19.3,19.6,156.0,6.1,77.0,6.3
2025-05-16 17:00:00,2025,5,16,17,An Giang,Xã Giồng Riềng,9.9237413,105.2736878,155,Unhealthy,3,28.2,85,0.0,3.7,133,1006.5,100,20.4,20.7,170.0,10.1,63.0,7.0
2025-05-16 18:00:00,2025,5,16,18,An Giang,Xã Giồng Riềng,9.9237413,105.2736878,155,Unhealthy,3,27.5,90,0.0,3.9,112,1007.4,95,25.0,25.6,192.0,15.4,50.0,8.5
2025-05-16 19:00:00,2025,5,16,19,An Giang,Xã Giồng Riềng,9.9237413,105.2736878,155,Unhealthy,3,26.8,93,0.0,2.7,98,1007.8,90,52.0,53.1,217.0,25.9,40.0,10.8
2025-05-16 20:00:00,2025,5,16,20,An Giang,Xã Giồng Riềng,9.9237413,105.2736878,155,Unhealthy,3,26.9,92,0.5,7.7,357,1008.5,99,70.1,71.7,253.0,36.5,30.0,14.5
2025-05-16 21:00:00,2025,5,16,21,An Giang,Xã Giồng Riềng,9.9237413,105.2736878,156,Unhealthy,3,26.7,92,0.1,1.6,180,1009.0,100,93.4,95.2,293.0,50.9,17.0,19.4
2025-05-16 22:00:00,2025,5,16,22,An Giang,Xã Giồng Riềng,9.9237413,105.2736878,156,Unhealthy,3,26.6,91,0.0,1.5,249,1009.6,100,115.0,117.1,315.0,60.5,6.0,22.4
2025-05-16 23:00:00,2025,5,16,23,An Giang,Xã Giồng Riềng,9.9237413,105.2736878,157,Unhealthy,3,26.5,90,0.0,0.2,270,1010.2,100,128.1,130.4,303.0,60.7,2.0,21.8
2025-05-17 00:00:00,2025,5,17,0,An Giang,Xã Giồng Riềng,9.9237413,105.2736878,158,Unhealthy,3,26.2,91,0.0,1.2,27,1009.8,100,137.8,140.2,272.0,56.0,0.0,19.3
2025-05-17 01:00:00,2025,5,17,1,An Giang,Xã Giồng Riềng,9.9237413,105.2736878,159,Unhealthy,3,26.2,91,0.0,0.6,72,1009.3,100,146.7,149.0,247.0,51.2,0.0,16.6
2025-05-17 02:00:00,2025,5,17,2,An Giang,Xã Giồng Riềng,9.9237413,105.2736878,160,Unhealthy,3,25.7,93,0.0,1.4,50,1008.7,100,154.6,156.5,236.0,48.6,0.0,13.9
2025-05-17 03:00:00,2025,5,17,3,An Giang,Xã Giồng Riềng,9.9237413,105.2736878,161,Unhealthy,3,25.4,94,0.1,5.4,92,1008.7,100,155.1,156.9,232.0,46.0,0.0,11.0
2025-05-17 04:00:00,2025,5,17,4,An Giang,Xã Giồng Riềng,9.9237413,105.2736878,162,Unhealthy,3,25.0,96,0.7,8.5,90,1008.5,100,80.3,81.5,232.0,41.5,4.0,9.1
2025-05-17 05:00:00,2025,5,17,5,An Giang,Xã Giồng Riềng,9.9237413,105.2736878,161,Unhealthy,3,24.6,96,0.0,7.6,90,1009.0,97,45.4,46.4,242.0,33.2,14.0,8.7
2025-05-17 06:00:00,2025,5,17,6,An Giang,Xã Giồng Riềng,9.9237413,105.2736878,159,Unhealthy,3,24.5,97,0.0,9.5,109,1009.6,100,36.6,37.5,256.0,23.1,27.0,9.3
2025-05-17 07:00:00,2025,5,17,7,An Giang,Xã Giồng Riềng,9.9237413,105.2736878,157,Unhealthy,3,25.3,95,0.0,8.1,78,1009.3,100,34.5,35.2,260.0,14.7,41.0,8.8
2025-05-17 08:00:00,2025,5,17,8,An Giang,Xã Giồng Riềng,9.9237413,105.2736878,156,Unhealthy,3,27.8,89,0.0,11.5,88,1010.5,97,25.8,26.2,242.0,12.1,50.0,9.5
2025-05-17 09:00:00,2025,5,17,9,An Giang,Xã Giồng Riềng,9.9237413,105.2736878,155,Unhealthy,3,28.9,84,0.1,13.5,88,1010.4,94,20.5,21.0,213.0,8.6,62.0,10.5
2025-05-17 10:00:00,2025,5,17,10,An Giang,Xã Giồng Riềng,9.9237413,105.2736878,154,Unhealthy,3,29.4,83,0.3,14.4,94,1010.2,98,21.5,22.1,190.0,5.7,75.0,11.0
2025-05-17 11:00:00,2025,5,17,11,An Giang,Xã Giồng Riềng,9.9237413,105.2736878,154,Unhealthy,3,30.1,83,0.1,12.6,92,1009.6,100,20.1,20.5,182.0,4.0,89.0,10.4
2025-05-17 12:00:00,2025,5,17,12,An Giang,Xã Giồng Riềng,9.9237413,105.2736878,154,Unhealthy,3,30.8,81,0.1,11.6,98,1009.1,100,20.6,21.0,181.0,3.0,104.0,9.3
2025-05-17 13:00:00,2025,5,17,13,An Giang,Xã Giồng Riềng,9.9237413,105.2736878,154,Unhealthy,3,31.1,81,0.3,11.4,108,1008.6,94,21.5,21.9,179.0,2.6,113.0,8.4
2025-05-17 14:00:00,2025,5,17,14,An Giang,Xã Giồng Riềng,9.9237413,105.2736878,153,Unhealthy,3,31.0,80,1.0,9.1,108,1007.2,82,21.7,22.1,170.0,2.6,114.0,8.0
2025-05-17 15:00:00,2025,5,17,15,An Giang,Xã Giồng Riềng,9.9237413,105.2736878,153,Unhealthy,3,27.4,85,10.5,16.9,110,1007.6,100,22.2,22.5,160.0,3.2,110.0,7.8
2025-05-17 16:00:00,2025,5,17,16,An Giang,Xã Giồng Riềng,9.9237413,105.2736878,153,Unhealthy,3,26.6,89,1.9,4.5,166,1006.4,99,21.9,22.2,165.0,4.8,101.0,7.8
2025-05-17 17:00:00,2025,5,17,17,An Giang,Xã Giồng Riềng,9.9237413,105.2736878,153,Unhealthy,3,27.0,89,0.0,4.0,172,1006.2,100,23.2,23.4,192.0,7.3,87.0,7.8
2025-05-17 18:00:00,2025,5,17,18,An Giang,Xã Giồng Riềng,9.9237413,105.2736878,154,Unhealthy,3,26.8,93,0.0,2.6,254,1006.7,94,26.3,26.5,234.0,10.9,68.0,8.0
2025-05-17 19:00:00,2025,5,17,19,An Giang,Xã Giồng Riềng,9.9237413,105.2736878,154,Unhealthy,3,26.0,97,0.0,3.0,295,1007.5,89,60.8,61.7,278.0,31.2,45.0,13.1
2025-05-17 20:00:00,2025,5,17,20,An Giang,Xã Giồng Riềng,9.9237413,105.2736878,154,Unhealthy,3,27.5,88,0.0,6.1,120,1007.7,72,92.7,94.3,329.0,44.1,32.0,17.4
2025-05-17 21:00:00,2025,5,17,21,An Giang,Xã Giồng Riềng,9.9237413,105.2736878,154,Unhealthy,3,26.7,92,0.0,5.0,128,1008.8,33,119.2,121.1,382.0,61.5,15.0,23.2
2025-05-17 22:00:00,2025,5,17,22,An Giang,Xã Giồng Riềng,9.9237413,105.2736878,155,Unhealthy,3,26.4,92,0.0,5.1,141,1009.8,100,136.9,138.8,412.0,71.8,2.0,26.1
2025-05-17 23:00:00,2025,5,17,23,An Giang,Xã Giồng Riềng,9.9237413,105.2736878,155,Unhealthy,3,26.4,92,0.0,5.6,115,1009.9,100,120.1,121.5,401.0,68.0,0.0,23.5
2025-05-18 00:00:00,2025,5,18,0,An Giang,Xã Giồng Riềng,9.9237413,105.2736878,155,Unhealthy,3,26.1,93,0.0,4.7,106,1009.7,69,98.5,99.7,368.0,57.1,2.0,18.0
2025-05-18 01:00:00,2025,5,18,1,An Giang,Xã Giồng Riềng,9.9237413,105.2736878,154,Unhealthy,3,25.6,94,0.0,4.5,95,1009.2,82,92.0,93.1,339.0,48.4,4.0,13.9
2025-05-18 02:00:00,2025,5,18,2,An Giang,Xã Giồng Riềng,9.9237413,105.2736878,153,Unhealthy,3,25.4,94,0.0,5.3,78,1008.8,94,91.5,92.9,323.0,46.2,2.0,12.8
2025-05-18 03:00:00,2025,5,18,3,An Giang,Xã Giồng Riềng,9.9237413,105.2736878,152,Unhealthy,3,25.4,94,0.0,6.7,74,1008.3,99,94.8,95.9,312.0,46.3,0.0,13.0
2025-05-18 04:00:00,2025,5,18,4,An Giang,Xã Giồng Riềng,9.9237413,105.2736878,150,Unhealthy for Sensitive Groups,2,25.2,95,0.0,5.9,78,1008.3,99,94.5,95.9,312.0,44.9,0.0,13.4
2025-05-18 05:00:00,2025,5,18,5,An Giang,Xã Giồng Riềng,9.9237413,105.2736878,151,Unhealthy,3,25.2,95,0.0,6.7,70,1008.4,100,92.2,93.6,336.0,40.7,5.0,13.7
2025-05-18 06:00:00,2025,5,18,6,An Giang,Xã Giồng Riềng,9.9237413,105.2736878,152,Unhealthy,3,25.5,95,0.0,7.4,67,1008.6,98,87.8,89.2,372.0,35.1,13.0,14.2
2025-05-18 07:00:00,2025,5,18,7,An Giang,Xã Giồng Riềng,9.9237413,105.2736878,153,Unhealthy,3,26.9,93,0.0,7.1,63,1009.4,100,78.0,79.4,380.0,27.1,27.0,14.0
2025-05-18 08:00:00,2025,5,18,8,An Giang,Xã Giồng Riềng,9.9237413,105.2736878,154,Unhealthy,3,28.6,87,0.0,6.9,84,1010.7,100,48.1,50.3,335.0,20.8,42.0,13.3
2025-05-18 09:00:00,2025,5,18,9,An Giang,Xã Giồng Riềng,9.9237413,105.2736878,154,Unhealthy,3,29.6,82,0.1,10.3,84,1010.7,100,26.0,28.2,264.0,12.0,64.0,12.4
2025-05-18 10:00:00,2025,5,18,10,An Giang,Xã Giồng Riềng,9.9237413,105.2736878,154,Unhealthy,3,30.4,79,0.3,10.4,91,1010.4,99,22.8,24.5,209.0,5.4,84.0,11.5
2025-05-18 11:00:00,2025,5,18,11,An Giang,Xã Giồng Riềng,9.9237413,105.2736878,154,Unhealthy,3,30.9,80,0.1,9.0,85,1009.6,98,22.8,23.6,189.0,2.8,102.0,10.8
2025-05-18 12:00:00,2025,5,18,12,An Giang,Xã Giồng Riềng,9.9237413,105.2736878,154,Unhealthy,3,31.4,79,0.2,9.6,81,1009.0,100,23.3,23.8,185.0,2.3,118.0,10.2
2025-05-18 13:00:00,2025,5,18,13,An Giang,Xã Giồng Riềng,9.9237413,105.2736878,155,Unhealthy,3,31.5,76,1.3,9.5,89,1008.5,98,24.0,24.6,181.0,2.5,125.0,9.4
2025-05-18 14:00:00,2025,5,18,14,An Giang,Xã Giồng Riềng,9.9237413,105.2736878,155,Unhealthy,3,31.4,74,0.2,7.9,114,1007.2,100,23.7,24.2,168.0,2.4,116.0,8.0
2025-05-18 15:00:00,2025,5,18,15,An Giang,Xã Giồng Riềng,9.9237413,105.2736878,155,Unhealthy,3,26.7,90,7.3,11.7,153,1007.3,100,25.4,25.9,156.0,3.1,98.0,6.4
2025-05-18 16:00:00,2025,5,18,16,An Giang,Xã Giồng Riềng,9.9237413,105.2736878,155,Unhealthy,3,27.1,87,0.1,5.1,138,1006.3,75,24.7,25.1,152.0,6.1,80.0,5.9
2025-05-18 17:00:00,2025,5,18,17,An Giang,Xã Giồng Riềng,9.9237413,105.2736878,155,Unhealthy,3,28.0,85,0.0,4.2,121,1005.9,83,24.9,25.3,163.0,12.4,65.0,7.0
2025-05-18 18:00:00,2025,5,18,18,An Giang,Xã Giồng Riềng,9.9237413,105.2736878,155,Unhealthy,3,27.4,90,0.0,2.7,82,1006.5,94,33.9,34.2,184.0,21.1,49.0,9.1
2025-05-18 19:00:00,2025,5,18,19,An Giang,Xã Giồng Riềng,9.9237413,105.2736878,155,Unhealthy,3,27.0,92,0.0,2.4,132,1007.1,98,42.6,43.9,206.0,19.9,54.0,10.7
2025-05-18 20:00:00,2025,5,18,20,An Giang,Xã Giồng Riềng,9.9237413,105.2736878,155,Unhealthy,3,27.4,91,0.0,4.7,97,1006.8,100,59.8,61.7,230.0,25.6,43.0,12.1
2025-05-18 21:00:00,2025,5,18,21,An Giang,Xã Giồng Riềng,9.9237413,105.2736878,154,Unhealthy,3,27.0,93,0.0,5.0,139,1007.5,100,74.7,76.8,255.0,33.3,28.0,14.0
2025-05-18 22:00:00,2025,5,18,22,An Giang,Xã Giồng Riềng,9.9237413,105.2736878,153,Unhealthy,3,26.8,93,0.0,5.8,144,1008.3,95,78.5,80.3,276.0,38.5,16.0,14.9
2025-05-18 23:00:00,2025,5,18,23,An Giang,Xã Giồng Riềng,9.9237413,105.2736878,152,Unhealthy,3,26.4,94,0.0,5.4,130,1008.6,61,68.9,70.5,293.0,38.3,11.0,13.7
2025-05-19 00:00:00,2025,5,19,0,An Giang,Xã Giồng Riềng,9.9237413,105.2736878,150,Unhealthy for Sensitive Groups,2,26.1,94,0.0,5.0,139,1008.8,43,63.8,65.2,305.0,35.5,10.0,11.6
2025-05-19 01:00:00,2025,5,19,1,An Giang,Xã Giồng Riềng,9.9237413,105.2736878,149,Unhealthy for Sensitive Groups,2,25.8,94,0.0,4.0,126,1008.6,8,65.9,67.3,307.0,34.0,9.0,10.3
2025-05-19 02:00:00,2025,5,19,2,An Giang,Xã Giồng Riềng,9.9237413,105.2736878,146,Unhealthy for Sensitive Groups,2,25.5,94,0.0,4.0,95,1008.1,0,74.3,75.9,289.0,36.3,5.0,10.8
2025-05-19 03:00:00,2025,5,19,3,An Giang,Xã Giồng Riềng,9.9237413,105.2736878,144,Unhealthy for Sensitive Groups,2,25.2,96,0.0,4.3,75,1007.2,0,89.2,91.0,261.0,39.9,1.0,12.1
2025-05-19 04:00:00,2025,5,19,4,An Giang,Xã Giồng Riềng,9.9237413,105.2736878,144,Unhealthy for Sensitive Groups,2,25.0,96,0.0,4.5,90,1007.4,3,109.2,111.1,244.0,41.5,0.0,13.1
2025-05-19 05:00:00,2025,5,19,5,An Giang,Xã Giồng Riềng,9.9237413,105.2736878,145,Unhealthy for Sensitive Groups,2,25.0,96,0.0,4.8,124,1007.5,39,128.5,130.4,253.0,39.9,2.0,13.2
2025-05-19 06:00:00,2025,5,19,6,An Giang,Xã Giồng Riềng,9.9237413,105.2736878,149,Unhealthy for Sensitive Groups,2,25.1,96,0.1,7.6,142,1008.2,48,135.5,136.9,273.0,36.3,6.0,13.0
2025-05-19 07:00:00,2025,5,19,7,An Giang,Xã Giồng Riềng,9.9237413,105.2736878,151,Unhealthy,3,26.1,94,0.0,5.4,140,1008.7,41,79.2,80.8,276.0,25.2,19.0,10.2
2025-05-19 08:00:00,2025,5,19,8,An Giang,Xã Giồng Riềng,9.9237413,105.2736878,151,Unhealthy,3,28.7,85,0.0,7.7,131,1009.0,9,34.0,36.0,245.0,19.0,34.0,9.4
2025-05-19 09:00:00,2025,5,19,9,An Giang,Xã Giồng Riềng,9.9237413,105.2736878,151,Unhealthy,3,29.8,78,0.0,10.4,124,1009.5,26,19.6,21.5,198.0,10.5,56.0,8.2
2025-05-19 10:00:00,2025,5,19,10,An Giang,Xã Giồng Riềng,9.9237413,105.2736878,150,Unhealthy for Sensitive Groups,2,30.5,77,0.0,9.1,124,1009.6,66,19.0,21.4,162.0,4.2,74.0,7.4
2025-05-19 11:00:00,2025,5,19,11,An Giang,Xã Giồng Riềng,9.9237413,105.2736878,150,Unhealthy for Sensitive Groups,2,31.1,77,0.1,7.5,120,1009.2,95,19.4,21.6,149.0,2.1,87.0,7.3
2025-05-19 12:00:00,2025,5,19,12,An Giang,Xã Giồng Riềng,9.9237413,105.2736878,150,Unhealthy for Sensitive Groups,2,28.4,81,6.3,15.7,146,1009.2,100,18.8,19.4,147.0,2.1,98.0,7.5
2025-05-19 13:00:00,2025,5,19,13,An Giang,Xã Giồng Riềng,9.9237413,105.2736878,150,Unhealthy for Sensitive Groups,2,27.0,88,0.4,7.5,143,1009.0,100,18.2,18.7,148.0,2.9,100.0,7.5
2025-05-19 14:00:00,2025,5,19,14,An Giang,Xã Giồng Riềng,9.9237413,105.2736878,150,Unhealthy for Sensitive Groups,2,26.6,88,1.0,2.3,238,1008.1,100,17.6,18.0,147.0,3.6,90.0,6.7
2025-05-19 15:00:00,2025,5,19,15,An Giang,Xã Giồng Riềng,9.9237413,105.2736878,149,Unhealthy for Sensitive Groups,2,28.5,83,0.1,0.9,259,1007.0,100,16.1,16.5,149.0,5.0,72.0,5.8
2025-05-19 16:00:00,2025,5,19,16,An Giang,Xã Giồng Riềng,9.9237413,105.2736878,148,Unhealthy for Sensitive Groups,2,28.5,82,0.1,7.1,164,1006.1,100,19.0,19.4,155.0,8.1,57.0,5.8
2025-05-19 17:00:00,2025,5,19,17,An Giang,Xã Giồng Riềng,9.9237413,105.2736878,148,Unhealthy for Sensitive Groups,2,27.1,89,0.9,6.8,115,1006.5,100,22.7,23.2,166.0,13.7,48.0,7.5
2025-05-19 18:00:00,2025,5,19,18,An Giang,Xã Giồng Riềng,9.9237413,105.2736878,148,Unhealthy for Sensitive Groups,2,26.5,92,0.1,7.6,104,1006.3,100,30.6,31.7,180.0,21.0,41.0,10.2
2025-05-19 19:00:00,2025,5,19,19,An Giang,Xã Giồng Riềng,9.9237413,105.2736878,147,Unhealthy for Sensitive Groups,2,25.6,96,0.0,3.1,111,1006.6,100,43.5,44.7,198.0,23.5,30.0,9.4
2025-05-19 20:00:00,2025,5,19,20,An Giang,Xã Giồng Riềng,9.9237413,105.2736878,147,Unhealthy for Sensitive Groups,2,26.4,95,0.0,5.8,68,1007.5,100,51.3,52.6,220.0,27.5,25.0,11.1
2025-05-19 21:00:00,2025,5,19,21,An Giang,Xã Giồng Riềng,9.9237413,105.2736878,146,Unhealthy for Sensitive Groups,2,26.0,96,0.0,4.5,61,1008.1,100,61.0,62.2,245.0,33.1,17.0,13.3
2025-05-19 22:00:00,2025,5,19,22,An Giang,Xã Giồng Riềng,9.9237413,105.2736878,145,Unhealthy for Sensitive Groups,2,26.0,97,0.0,6.5,71,1008.4,100,75.2,76.6,268.0,37.7,11.0,14.8
2025-05-19 23:00:00,2025,5,19,23,An Giang,Xã Giồng Riềng,9.9237413,105.2736878,145,Unhealthy for Sensitive Groups,2,25.8,97,0.0,6.1,87,1008.4,100,88.7,90.3,284.0,40.4,7.0,14.7
2025-05-20 00:00:00,2025,5,20,0,An Giang,Xã Giồng Riềng,9.9237413,105.2736878,147,Unhealthy for Sensitive Groups,2,25.3,97,0.0,5.0,90,1008.6,100,94.5,96.2,297.0,42.1,3.0,13.8
2025-05-20 01:00:00,2025,5,20,1,An Giang,Xã Giồng Riềng,9.9237413,105.2736878,150,Unhealthy for Sensitive Groups,2,24.9,97,0.0,4.0,100,1008.3,100,99.9,101.5,318.0,43.2,1.0,13.2
2025-05-20 02:00:00,2025,5,20,2,An Giang,Xã Giồng Riềng,9.9237413,105.2736878,151,Unhealthy,3,24.7,97,0.0,3.7,61,1007.7,100,109.7,111.3,356.0,44.2,0.0,13.4
2025-05-20 03:00:00,2025,5,20,3,An Giang,Xã Giồng Riềng,9.9237413,105.2736878,152,Unhealthy,3,24.5,98,0.0,3.8,49,1007.3,100,119.2,121.1,401.0,44.6,0.0,13.9
2025-05-20 04:00:00,2025,5,20,4,An Giang,Xã Giồng Riềng,9.9237413,105.2736878,152,Unhealthy,3,24.4,98,0.0,3.5,51,1007.1,100,131.3,133.2,435.0,43.8,0.0,14.5
2025-05-20 05:00:00,2025,5,20,5,An Giang,Xã Giồng Riềng,9.9237413,105.2736878,153,Unhealthy,3,24.2,98,0.0,3.5,51,1007.4,100,133.6,135.0,459.0,41.9,6.0,15.3
2025-05-20 06:00:00,2025,5,20,6,An Giang,Xã Giồng Riềng,9.9237413,105.2736878,153,Unhealthy,3,24.5,98,0.0,6.3,59,1007.6,100,134.6,136.4,472.0,38.9,15.0,16.2
2025-05-20 07:00:00,2025,5,20,7,An Giang,Xã Giồng Riềng,9.9237413,105.2736878,153,Unhealthy,3,25.7,96,0.0,4.2,54,1008.1,100,106.6,108.7,455.0,35.9,28.0,16.1
2025-05-20 08:00:00,2025,5,20,8,An Giang,Xã Giồng Riềng,9.9237413,105.2736878,153,Unhealthy,3,28.4,88,0.0,4.6,48,1009.1,99,70.8,73.6,382.0,27.4,45.0,14.3
2025-05-20 09:00:00,2025,5,20,9,An Giang,Xã Giồng Riềng,9.9237413,105.2736878,154,Unhealthy,3,29.2,83,0.0,6.5,85,1009.3,98,39.7,42.7,279.0,15.8,69.0,11.9
2025-05-20 10:00:00,2025,5,20,10,An Giang,Xã Giồng Riềng,9.9237413,105.2736878,155,Unhealthy,3,30.0,82,0.1,5.7,79,1009.2,97,28.8,31.2,201.0,7.0,88.0,9.9
2025-05-20 11:00:00,2025,5,20,11,An Giang,Xã Giồng Riềng,9.9237413,105.2736878,155,Unhealthy,3,30.8,81,0.3,4.7,86,1009.2,95,26.8,27.7,175.0,4.0,100.0,9.0
2025-05-20 12:00:00,2025,5,20,12,An Giang,Xã Giồng Riềng,9.9237413,105.2736878,155,Unhealthy,3,30.7,81,0.6,6.9,85,1008.4,100,28.1,28.5,174.0,3.8,108.0,8.5
2025-05-20 13:00:00,2025,5,20,13,An Giang,Xã Giồng Riềng,9.9237413,105.2736878,155,Unhealthy,3,31.1,79,0.3,8.6,82,1007.5,100,29.7,30.2,176.0,4.3,111.0,8.0
2025-05-20 14:00:00,2025,5,20,14,An Giang,Xã Giồng Riềng,9.9237413,105.2736878,155,Unhealthy,3,29.4,80,3.3,9.6,176,1006.3,98,32.0,32.4,171.0,4.2,107.0,7.0
2025-05-20 15:00:00,2025,5,20,15,An Giang,Xã Giồng Riềng,9.9237413,105.2736878,156,Unhealthy,3,26.6,89,6.6,8.1,245,1006.4,100,31.3,31.5,169.0,4.7,97.0,6.0
2025-05-20 16:00:00,2025,5,20,16,An Giang,Xã Giồng Riềng,9.9237413,105.2736878,156,Unhealthy,3,26.5,87,0.3,8.0,128,1006.3,100,26.2,26.5,173.0,6.8,84.0,5.6
2025-05-20 17:00:00,2025,5,20,17,An Giang,Xã Giồng Riềng,9.9237413,105.2736878,156,Unhealthy,3,26.5,88,0.2,6.9,115,1006.3,100,22.8,23.1,185.0,11.6,68.0,6.2
2025-05-20 18:00:00,2025,5,20,18,An Giang,Xã Giồng Riềng,9.9237413,105.2736878,156,Unhealthy,3,26.2,91,0.0,4.5,119,1007.0,100,26.4,26.6,204.0,18.0,49.0,7.3
2025-05-20 19:00:00,2025,5,20,19,An Giang,Xã Giồng Riềng,9.9237413,105.2736878,156,Unhealthy,3,25.5,94,0.0,3.6,143,1008.1,99,41.2,42.3,228.0,21.1,40.0,8.7
2025-05-20 20:00:00,2025,5,20,20,An Giang,Xã Giồng Riềng,9.9237413,105.2736878,156,Unhealthy,3,26.2,95,0.0,4.3,132,1008.7,99,57.7,58.7,263.0,30.8,28.0,11.0
2025-05-20 21:00:00,2025,5,20,21,An Giang,Xã Giồng Riềng,9.9237413,105.2736878,156,Unhealthy,3,26.0,96,0.0,5.4,172,1009.3,99,84.5,85.7,303.0,44.0,13.0,14.0
2025-05-20 22:00:00,2025,5,20,22,An Giang,Xã Giồng Riềng,9.9237413,105.2736878,157,Unhealthy,3,25.6,96,0.0,4.5,178,1009.7,100,118.0,119.7,334.0,53.1,1.0,15.4
2025-05-20 23:00:00,2025,5,20,23,An Giang,Xã Giồng Riềng,9.9237413,105.2736878,158,Unhealthy,3,25.2,96,0.0,4.5,180,1009.4,100,152.7,153.7,349.0,54.1,0.0,13.3
2025-05-21 00:00:00,2025,5,21,0,An Giang,Xã Giồng Riềng,9.9237413,105.2736878,159,Unhealthy,3,25.2,95,0.0,6.0,173,1008.9,100,165.8,166.7,356.0,51.0,0.0,9.6
2025-05-21 01:00:00,2025,5,21,1,An Giang,Xã Giồng Riềng,9.9237413,105.2736878,161,Unhealthy,3,24.9,96,0.0,4.5,182,1008.0,100,166.7,167.6,357.0,48.2,0.0,7.0
2025-05-21 02:00:00,2025,5,21,2,An Giang,Xã Giồng Riềng,9.9237413,105.2736878,162,Unhealthy,3,24.6,96,0.0,4.2,173,1007.3,100,183.9,184.9,352.0,47.4,0.0,6.8
2025-05-21 03:00:00,2025,5,21,3,An Giang,Xã Giồng Riềng,9.9237413,105.2736878,164,Unhealthy,3,24.9,96,0.0,6.1,161,1007.3,100,179.7,180.7,343.0,46.8,0.0,7.6
2025-05-21 04:00:00,2025,5,21,4,An Giang,Xã Giồng Riềng,9.9237413,105.2736878,165,Unhealthy,3,24.9,96,0.0,5.4,140,1007.2,100,158.3,159.3,335.0,45.7,0.0,8.6
2025-05-21 05:00:00,2025,5,21,5,An Giang,Xã Giồng Riềng,9.9237413,105.2736878,166,Unhealthy,3,24.6,97,0.0,4.8,103,1007.2,100,147.6,148.5,339.0,44.6,3.0,9.6
2025-05-21 06:00:00,2025,5,21,6,An Giang,Xã Giồng Riềng,9.9237413,105.2736878,166,Unhealthy,3,24.6,97,0.0,4.6,129,1007.5,100,143.4,144.4,345.0,43.0,7.0,10.8
2025-05-21 07:00:00,2025,5,21,7,An Giang,Xã Giồng Riềng,9.9237413,105.2736878,166,Unhealthy,3,26.0,95,0.0,5.4,127,1008.2,100,90.1,92.0,333.0,29.8,20.0,10.0
2025-05-21 08:00:00,2025,5,21,8,An Giang,Xã Giồng Riềng,9.9237413,105.2736878,166,Unhealthy,3,28.5,87,0.0,2.4,153,1008.5,76,72.4,75.0,287.0,22.5,41.0,9.0
2025-05-21 09:00:00,2025,5,21,9,An Giang,Xã Giồng Riềng,9.9237413,105.2736878,166,Unhealthy,3,29.9,80,0.0,3.9,164,1008.9,94,40.6,44.1,223.0,12.4,70.0,7.5
2025-05-21 10:00:00,2025,5,21,10,An Giang,Xã Giồng Riềng,9.9237413,105.2736878,166,Unhealthy,3,30.9,73,0.0,5.0,180,1008.8,100,25.5,29.1,174.0,4.8,93.0,6.2
2025-05-21 11:00:00,2025,5,21,11,An Giang,Xã Giồng Riềng,9.9237413,105.2736878,166,Unhealthy,3,31.6,68,0.0,5.0,199,1008.5,100,21.2,24.6,155.0,2.0,105.0,5.3
2025-05-21 12:00:00,2025,5,21,12,An Giang,Xã Giồng Riềng,9.9237413,105.2736878,166,Unhealthy,3,32.1,65,0.1,2.6,231,1007.6,95,19.5,22.6,150.0,1.7,110.0,4.5
2025-05-21 13:00:00,2025,5,21,13,An Giang,Xã Giồng Riềng,9.9237413,105.2736878,165,Unhealthy,3,32.0,65,0.1,3.6,261,1006.6,39,16.1,18.3,149.0,1.9,109.0,3.8
2025-05-21 14:00:00,2025,5,21,14,An Giang,Xã Giồng Riềng,9.9237413,105.2736878,165,Unhealthy,3,30.2,74,0.3,8.9,263,1005.7,81,12.8,14.0,147.0,1.5,100.0,3.0
2025-05-21 15:00:00,2025,5,21,15,An Giang,Xã Giồng Riềng,9.9237413,105.2736878,165,Unhealthy,3,30.2,71,0.3,9.3,236,1005.2,59,11.9,12.9,149.0,1.7,84.0,2.4
2025-05-21 16:00:00,2025,5,21,16,An Giang,Xã Giồng Riềng,9.9237413,105.2736878,164,Unhealthy,3,29.5,75,0.3,9.3,224,1005.2,95,10.9,12.0,153.0,3.9,69.0,2.5
2025-05-21 17:00:00,2025,5,21,17,An Giang,Xã Giồng Riềng,9.9237413,105.2736878,164,Unhealthy,3,26.5,89,4.9,11.1,166,1006.5,100,13.3,14.3,157.0,9.7,56.0,4.0
2025-05-21 18:00:00,2025,5,21,18,An Giang,Xã Giồng Riềng,9.9237413,105.2736878,164,Unhealthy,3,25.9,93,0.7,4.1,247,1007.3,100,20.1,21.1,163.0,17.6,44.0,6.3
2025-05-21 19:00:00,2025,5,21,19,An Giang,Xã Giồng Riềng,9.9237413,105.2736878,164,Unhealthy,3,25.4,96,0.1,1.1,360,1007.7,100,51.7,53.0,176.0,29.3,23.0,9.4
2025-05-21 20:00:00,2025,5,21,20,An Giang,Xã Giồng Riềng,9.9237413,105.2736878,164,Unhealthy,3,26.1,94,0.0,2.8,195,1007.9,100,64.0,65.4,202.0,30.5,21.0,9.8
2025-05-21 21:00:00,2025,5,21,21,An Giang,Xã Giồng Riềng,9.9237413,105.2736878,164,Unhealthy,3,26.0,94,0.0,3.8,172,1008.7,100,65.4,66.6,235.0,32.2,17.0,10.2
2025-05-21 22:00:00,2025,5,21,22,An Giang,Xã Giồng Riềng,9.9237413,105.2736878,164,Unhealthy,3,26.0,94,0.5,5.3,190,1009.0,100,65.9,67.1,259.0,33.1,15.0,10.2
2025-05-21 23:00:00,2025,5,21,23,An Giang,Xã Giồng Riềng,9.9237413,105.2736878,162,Unhealthy,3,26.0,95,0.2,5.4,195,1008.7,100,60.1,61.2,271.0,32.5,14.0,9.2
2025-05-22 00:00:00,2025,5,22,0,An Giang,Xã Giồng Riềng,9.9237413,105.2736878,160,Unhealthy,3,25.9,95,0.2,3.6,183,1008.2,100,60.1,61.0,275.0,31.3,15.0,7.7
2025-05-22 01:00:00,2025,5,22,1,An Giang,Xã Giồng Riềng,9.9237413,105.2736878,158,Unhealthy,3,25.8,96,0.1,6.4,232,1007.7,100,62.9,64.0,266.0,30.6,14.0,6.7
2025-05-22 02:00:00,2025,5,22,2,An Giang,Xã Giồng Riềng,9.9237413,105.2736878,156,Unhealthy,3,25.8,96,0.1,4.0,231,1007.2,100,66.4,67.5,234.0,31.4,12.0,6.5
2025-05-22 03:00:00,2025,5,22,3,An Giang,Xã Giồng Riềng,9.9237413,105.2736878,153,Unhealthy,3,25.5,97,0.0,2.5,225,1006.8,100,69.2,70.1,189.0,32.8,9.0,6.7
2025-05-22 04:00:00,2025,5,22,4,An Giang,Xã Giồng Riềng,9.9237413,105.2736878,151,Unhealthy,3,25.5,98,0.0,4.7,140,1006.8,100,70.5,71.5,157.0,33.6,7.0,7.1
2025-05-22 05:00:00,2025,5,22,5,An Giang,Xã Giồng Riềng,9.9237413,105.2736878,145,Unhealthy for Sensitive Groups,2,25.6,98,1.0,5.1,170,1007.2,100,74.0,74.7,151.0,33.9,5.0,7.8
2025-05-22 06:00:00,2025,5,22,6,An Giang,Xã Giồng Riềng,9.9237413,105.2736878,137,Unhealthy for Sensitive Groups,2,25.5,98,0.0,2.4,138,1007.3,100,73.1,73.8,157.0,33.7,4.0,8.8
2025-05-22 07:00:00,2025,5,22,7,An Giang,Xã Giồng Riềng,9.9237413,105.2736878,130,Unhealthy for Sensitive Groups,2,25.8,97,0.0,7.8,157,1008.0,100,94.1,95.9,165.0,33.3,15.0,9.4
2025-05-22 08:00:00,2025,5,22,8,An Giang,Xã Giồng Riềng,9.9237413,105.2736878,130,Unhealthy for Sensitive Groups,2,26.5,94,0.4,8.6,217,1009.0,100,54.7,56.8,172.0,24.8,34.0,8.3
2025-05-22 09:00:00,2025,5,22,9,An Giang,Xã Giồng Riềng,9.9237413,105.2736878,128,Unhealthy for Sensitive Groups,2,26.5,91,0.9,8.0,264,1008.9,100,34.5,37.1,179.0,13.1,60.0,6.7
2025-05-22 10:00:00,2025,5,22,10,An Giang,Xã Giồng Riềng,9.9237413,105.2736878,128,Unhealthy for Sensitive Groups,2,28.0,85,0.2,9.5,272,1008.5,100,25.2,28.3,182.0,4.5,78.0,5.3
2025-05-22 11:00:00,2025,5,22,11,An Giang,Xã Giồng Riềng,9.9237413,105.2736878,128,Unhealthy for Sensitive Groups,2,29.5,78,0.2,10.1,265,1007.9,100,19.5,22.1,176.0,2.0,80.0,4.2
2025-05-22 12:00:00,2025,5,22,12,An Giang,Xã Giồng Riềng,9.9237413,105.2736878,127,Unhealthy for Sensitive Groups,2,29.4,76,0.4,10.8,270,1007.2,100,13.6,14.8,165.0,2.6,73.0,3.3
2025-05-22 13:00:00,2025,5,22,13,An Giang,Xã Giồng Riềng,9.9237413,105.2736878,127,Unhealthy for Sensitive Groups,2,29.0,81,0.8,9.3,289,1006.8,100,12.7,13.4,156.0,3.6,67.0,2.8
2025-05-22 14:00:00,2025,5,22,14,An Giang,Xã Giồng Riềng,9.9237413,105.2736878,127,Unhealthy for Sensitive Groups,2,29.4,82,0.1,10.9,283,1005.5,98,11.6,12.5,150.0,3.6,64.0,2.8
2025-05-22 15:00:00,2025,5,22,15,An Giang,Xã Giồng Riềng,9.9237413,105.2736878,126,Unhealthy for Sensitive Groups,2,29.4,81,0.0,10.5,265,1004.4,100,11.6,12.4,146.0,4.1,61.0,3.1
2025-05-22 16:00:00,2025,5,22,16,An Giang,Xã Giồng Riềng,9.9237413,105.2736878,126,Unhealthy for Sensitive Groups,2,29.5,75,0.1,9.6,265,1004.1,100,12.5,13.3,151.0,6.2,56.0,3.8
2025-05-22 17:00:00,2025,5,22,17,An Giang,Xã Giồng Riềng,9.9237413,105.2736878,127,Unhealthy for Sensitive Groups,2,29.1,79,0.1,6.3,267,1004.1,100,18.0,18.9,175.0,10.9,47.0,4.7
2025-05-22 18:00:00,2025,5,22,18,An Giang,Xã Giồng Riềng,9.9237413,105.2736878,127,Unhealthy for Sensitive Groups,2,28.0,86,0.0,4.6,259,1004.6,100,26.0,26.9,209.0,17.3,35.0,5.8
2025-05-22 19:00:00,2025,5,22,19,An Giang,Xã Giồng Riềng,9.9237413,105.2736878,128,Unhealthy for Sensitive Groups,2,27.3,89,0.0,4.1,247,1005.1,100,53.6,54.7,231.0,31.1,27.0,11.3
2025-05-22 20:00:00,2025,5,22,20,An Giang,Xã Giồng Riềng,9.9237413,105.2736878,128,Unhealthy for Sensitive Groups,2,26.0,95,0.0,4.1,247,1005.8,100,85.7,87.1,228.0,39.3,19.0,15.2
2025-05-22 21:00:00,2025,5,22,21,An Giang,Xã Giồng Riềng,9.9237413,105.2736878,130,Unhealthy for Sensitive Groups,2,25.8,96,0.0,3.6,186,1006.2,100,115.5,116.9,212.0,50.4,8.0,20.3
2025-05-22 22:00:00,2025,5,22,22,An Giang,Xã Giồng Riềng,9.9237413,105.2736878,135,Unhealthy for Sensitive Groups,2,25.6,97,0.0,5.5,163,1006.5,100,142.0,143.4,200.0,57.4,0.0,23.2
2025-05-22 23:00:00,2025,5,22,23,An Giang,Xã Giồng Riềng,9.9237413,105.2736878,143,Unhealthy for Sensitive Groups,2,25.1,97,2.0,11.0,215,1007.2,100,149.0,150.4,200.0,56.6,0.0,21.7
2025-05-23 00:00:00,2025,5,23,0,An Giang,Xã Giồng Riềng,9.9237413,105.2736878,151,Unhealthy,3,24.9,97,9.0,9.1,229,1007.5,100,142.0,143.4,204.0,51.7,0.0,17.9
2025-05-23 01:00:00,2025,5,23,1,An Giang,Xã Giồng Riềng,9.9237413,105.2736878,152,Unhealthy,3,24.8,97,0.9,5.4,201,1006.4,100,135.5,136.4,202.0,46.2,0.0,14.1
2025-05-23 02:00:00,2025,5,23,2,An Giang,Xã Giồng Riềng,9.9237413,105.2736878,154,Unhealthy,3,24.4,99,1.1,5.1,174,1005.6,100,126.2,126.7,187.0,41.2,4.0,10.6
2025-05-23 03:00:00,2025,5,23,3,An Giang,Xã Giồng Riềng,9.9237413,105.2736878,155,Unhealthy,3,24.5,98,0.7,5.8,154,1005.0,100,75.4,76.1,166.0,35.6,10.0,7.1
2025-05-23 04:00:00,2025,5,23,4,An Giang,Xã Giồng Riềng,9.9237413,105.2736878,155,Unhealthy,3,24.4,98,0.4,7.5,145,1004.7,100,33.1,33.4,154.0,29.9,17.0,4.5
2025-05-23 05:00:00,2025,5,23,5,An Giang,Xã Giồng Riềng,9.9237413,105.2736878,155,Unhealthy,3,24.3,98,0.1,8.3,158,1005.1,98,23.7,24.0,159.0,23.7,24.0,3.6
2025-05-23 06:00:00,2025,5,23,6,An Giang,Xã Giồng Riềng,9.9237413,105.2736878,153,Unhealthy,3,24.2,98,0.0,8.7,175,1005.6,100,18.9,19.2,171.0,17.3,31.0,3.7
2025-05-23 07:00:00,2025,5,23,7,An Giang,Xã Giồng Riềng,9.9237413,105.2736878,152,Unhealthy,3,25.6,92,0.0,14.0,217,1006.7,87,35.2,36.1,180.0,14.8,30.0,5.6
2025-05-23 08:00:00,2025,5,23,8,An Giang,Xã Giồng Riềng,9.9237413,105.2736878,151,Unhealthy,3,26.2,93,2.1,8.6,231,1006.9,80,25.2,26.2,179.0,11.6,39.0,5.0
2025-05-23 09:00:00,2025,5,23,9,An Giang,Xã Giồng Riềng,9.9237413,105.2736878,150,Unhealthy for Sensitive Groups,2,27.5,88,0.1,2.3,176,1006.9,97,15.0,16.0,173.0,7.1,51.0,4.1
2025-05-23 10:00:00,2025,5,23,10,An Giang,Xã Giồng Riềng,9.9237413,105.2736878,149,Unhealthy for Sensitive Groups,2,29.2,85,0.1,5.4,194,1007.1,99,10.5,11.5,167.0,3.7,61.0,3.3
2025-05-23 11:00:00,2025,5,23,11,An Giang,Xã Giồng Riềng,9.9237413,105.2736878,148,Unhealthy for Sensitive Groups,2,30.3,79,0.3,6.1,223,1006.5,100,8.5,9.5,160.0,2.2,67.0,2.8
2025-05-23 12:00:00,2025,5,23,12,An Giang,Xã Giồng Riềng,9.9237413,105.2736878,147,Unhealthy for Sensitive Groups,2,30.6,73,0.2,7.6,270,1005.5,100,7.9,8.8,152.0,1.8,71.0,2.4
2025-05-23 13:00:00,2025,5,23,13,An Giang,Xã Giồng Riềng,9.9237413,105.2736878,146,Unhealthy for Sensitive Groups,2,27.0,85,8.2,11.0,236,1005.7,100,6.9,7.7,147.0,2.0,72.0,2.2
2025-05-23 14:00:00,2025,5,23,14,An Giang,Xã Giồng Riềng,9.9237413,105.2736878,146,Unhealthy for Sensitive Groups,2,27.4,87,0.6,7.0,212,1004.5,100,6.8,7.5,144.0,2.5,68.0,2.2
2025-05-23 15:00:00,2025,5,23,15,An Giang,Xã Giồng Riềng,9.9237413,105.2736878,145,Unhealthy for Sensitive Groups,2,27.8,88,0.7,9.2,206,1003.8,100,9.3,10.0,144.0,3.6,60.0,2.3
2025-05-23 16:00:00,2025,5,23,16,An Giang,Xã Giồng Riềng,9.9237413,105.2736878,145,Unhealthy for Sensitive Groups,2,27.5,90,0.4,9.0,227,1003.4,100,11.2,11.9,152.0,6.1,52.0,2.9
2025-05-23 17:00:00,2025,5,23,17,An Giang,Xã Giồng Riềng,9.9237413,105.2736878,145,Unhealthy for Sensitive Groups,2,27.5,87,0.2,6.4,238,1003.5,100,14.6,15.3,178.0,11.3,43.0,4.3
2025-05-23 18:00:00,2025,5,23,18,An Giang,Xã Giồng Riềng,9.9237413,105.2736878,144,Unhealthy for Sensitive Groups,2,27.2,90,0.0,3.5,204,1004.1,100,28.8,29.5,212.0,17.9,34.0,6.1
2025-05-23 19:00:00,2025,5,23,19,An Giang,Xã Giồng Riềng,9.9237413,105.2736878,145,Unhealthy for Sensitive Groups,2,26.6,92,0.0,4.0,198,1005.2,100,45.3,46.6,236.0,25.6,31.0,8.3
2025-05-23 20:00:00,2025,5,23,20,An Giang,Xã Giồng Riềng,9.9237413,105.2736878,144,Unhealthy for Sensitive Groups,2,26.4,90,0.0,6.6,201,1005.5,100,45.5,46.6,243.0,24.3,29.0,7.9
2025-05-23 21:00:00,2025,5,23,21,An Giang,Xã Giồng Riềng,9.9237413,105.2736878,140,Unhealthy for Sensitive Groups,2,26.1,91,0.0,6.3,182,1006.9,100,40.6,41.4,239.0,22.4,27.0,7.2
2025-05-23 22:00:00,2025,5,23,22,An Giang,Xã Giồng Riềng,9.9237413,105.2736878,132,Unhealthy for Sensitive Groups,2,26.0,92,0.0,6.9,186,1007.4,100,39.6,40.4,229.0,21.2,25.0,6.6
2025-05-23 23:00:00,2025,5,23,23,An Giang,Xã Giồng Riềng,9.9237413,105.2736878,121,Unhealthy for Sensitive Groups,2,25.9,92,0.1,6.8,191,1007.2,100,39.3,40.2,208.0,21.2,23.0,5.9
2025-05-24 00:00:00,2025,5,24,0,An Giang,Xã Giồng Riềng,9.9237413,105.2736878,110,Unhealthy for Sensitive Groups,2,25.5,94,0.0,6.3,217,1006.7,100,37.0,37.7,181.0,21.8,21.0,5.3
2025-05-24 01:00:00,2025,5,24,1,An Giang,Xã Giồng Riềng,9.9237413,105.2736878,99,Moderate,1,25.4,95,0.0,9.1,238,1006.2,100,42.0,42.8,158.0,22.1,20.0,4.7
2025-05-24 02:00:00,2025,5,24,2,An Giang,Xã Giồng Riềng,9.9237413,105.2736878,91,Moderate,1,25.0,96,0.0,7.5,224,1005.2,95,49.2,50.1,143.0,21.5,21.0,4.2
2025-05-24 03:00:00,2025,5,24,3,An Giang,Xã Giồng Riềng,9.9237413,105.2736878,84,Moderate,1,24.7,96,0.0,7.7,216,1004.8,100,48.0,48.7,133.0,20.5,23.0,3.9
2025-05-24 04:00:00,2025,5,24,4,An Giang,Xã Giồng Riềng,9.9237413,105.2736878,81,Moderate,1,24.6,96,0.0,6.1,210,1005.2,100,37.4,38.1,132.0,19.7,25.0,3.8
2025-05-24 05:00:00,2025,5,24,5,An Giang,Xã Giồng Riềng,9.9237413,105.2736878,82,Moderate,1,25.1,95,0.0,5.7,198,1005.7,100,35.4,36.0,149.0,19.8,24.0,4.2
2025-05-24 06:00:00,2025,5,24,6,An Giang,Xã Giồng Riềng,9.9237413,105.2736878,83,Moderate,1,25.1,96,0.1,4.5,180,1006.1,100,45.8,46.3,175.0,20.1,22.0,4.8
2025-05-24 07:00:00,2025,5,24,7,An Giang,Xã Giồng Riềng,9.9237413,105.2736878,85,Moderate,1,25.7,95,0.0,6.5,183,1006.8,100,62.4,63.6,191.0,22.1,20.0,6.5
2025-05-24 08:00:00,2025,5,24,8,An Giang,Xã Giồng Riềng,9.9237413,105.2736878,88,Moderate,1,26.8,92,0.1,4.1,131,1007.5,100,32.7,34.0,185.0,17.5,31.0,6.0
2025-05-24 09:00:00,2025,5,24,9,An Giang,Xã Giồng Riềng,9.9237413,105.2736878,88,Moderate,1,27.2,89,0.3,3.4,155,1007.7,100,25.8,27.2,169.0,11.1,46.0,5.3
2025-05-24 10:00:00,2025,5,24,10,An Giang,Xã Giồng Riềng,9.9237413,105.2736878,89,Moderate,1,28.0,86,0.8,7.2,264,1008.2,98,18.2,19.7,155.0,6.4,56.0,4.6
2025-05-24 11:00:00,2025,5,24,11,An Giang,Xã Giồng Riềng,9.9237413,105.2736878,90,Moderate,1,26.5,89,14.8,13.8,249,1008.0,100,15.0,16.1,147.0,5.0,56.0,4.0
2025-05-24 12:00:00,2025,5,24,12,An Giang,Xã Giồng Riềng,9.9237413,105.2736878,90,Moderate,1,26.1,92,3.0,9.0,240,1007.2,100,12.0,12.9,141.0,5.3,52.0,3.4
2025-05-24 13:00:00,2025,5,24,13,An Giang,Xã Giồng Riềng,9.9237413,105.2736878,91,Moderate,1,26.8,90,2.3,8.4,222,1007.2,100,12.3,12.9,138.0,5.7,49.0,3.1
2025-05-24 14:00:00,2025,5,24,14,An Giang,Xã Giồng Riềng,9.9237413,105.2736878,91,Moderate,1,26.2,92,0.8,10.0,237,1006.1,100,13.4,13.8,138.0,5.1,52.0,3.0
2025-05-24 15:00:00,2025,5,24,15,An Giang,Xã Giồng Riềng,9.9237413,105.2736878,92,Moderate,1,26.6,91,1.1,6.0,229,1005.4,100,15.3,15.7,141.0,4.7,56.0,3.1
2025-05-24 16:00:00,2025,5,24,16,An Giang,Xã Giồng Riềng,9.9237413,105.2736878,92,Moderate,1,26.6,91,0.3,4.3,213,1004.9,100,14.7,15.3,151.0,6.7,56.0,3.8
2025-05-24 17:00:00,2025,5,24,17,An Giang,Xã Giồng Riềng,9.9237413,105.2736878,93,Moderate,1,26.9,90,0.5,7.2,208,1005.4,100,20.1,20.6,171.0,12.8,47.0,5.2
2025-05-24 18:00:00,2025,5,24,18,An Giang,Xã Giồng Riềng,9.9237413,105.2736878,93,Moderate,1,26.1,96,0.5,4.8,209,1005.9,100,29.6,30.2,198.0,21.2,33.0,7.1
2025-05-24 19:00:00,2025,5,24,19,An Giang,Xã Giồng Riềng,9.9237413,105.2736878,93,Moderate,1,25.8,97,0.7,2.6,196,1006.6,100,76.6,77.3,220.0,42.0,19.0,13.9
2025-05-24 20:00:00,2025,5,24,20,An Giang,Xã Giồng Riềng,9.9237413,105.2736878,96,Moderate,1,25.5,97,0.0,4.5,157,1007.6,100,96.4,97.3,234.0,42.6,16.0,13.9
2025-05-24 21:00:00,2025,5,24,21,An Giang,Xã Giồng Riềng,9.9237413,105.2736878,101,Unhealthy for Sensitive Groups,2,25.3,98,0.0,5.2,153,1007.9,100,89.9,90.8,243.0,43.4,12.0,13.9
2025-05-24 22:00:00,2025,5,24,22,An Giang,Xã Giồng Riềng,9.9237413,105.2736878,106,Unhealthy for Sensitive Groups,2,25.0,98,0.0,4.2,133,1008.4,100,89.4,90.1,245.0,43.4,9.0,13.7
2025-05-24 23:00:00,2025,5,24,23,An Giang,Xã Giồng Riềng,9.9237413,105.2736878,111,Unhealthy for Sensitive Groups,2,24.9,99,0.0,4.8,127,1008.5,100,87.1,87.8,234.0,41.7,10.0,13.2
2025-05-25 00:00:00,2025,5,25,0,An Giang,Xã Giồng Riềng,9.9237413,105.2736878,116,Unhealthy for Sensitive Groups,2,24.8,99,0.0,4.8,124,1008.2,100,76.8,77.5,215.0,39.2,12.0,12.6
2025-05-25 01:00:00,2025,5,25,1,An Giang,Xã Giồng Riềng,9.9237413,105.2736878,120,Unhealthy for Sensitive Groups,2,24.7,98,0.0,5.9,128,1007.7,100,59.4,60.1,200.0,37.3,13.0,12.1
2025-05-25 02:00:00,2025,5,25,2,An Giang,Xã Giồng Riềng,9.9237413,105.2736878,122,Unhealthy for Sensitive Groups,2,24.5,99,0.0,4.9,123,1007.2,100,50.8,51.2,194.0,37.2,12.0,11.8
2025-05-25 03:00:00,2025,5,25,3,An Giang,Xã Giồng Riềng,9.9237413,105.2736878,122,Unhealthy for Sensitive Groups,2,24.5,98,0.0,5.1,138,1006.6,89,48.7,49.2,193.0,37.6,9.0,11.7
2025-05-25 04:00:00,2025,5,25,4,An Giang,Xã Giồng Riềng,9.9237413,105.2736878,122,Unhealthy for Sensitive Groups,2,24.0,99,0.0,3.7,209,1007.0,82,56.1,56.7,196.0,36.5,10.0,11.5
2025-05-25 05:00:00,2025,5,25,5,An Giang,Xã Giồng Riềng,9.9237413,105.2736878,124,Unhealthy for Sensitive Groups,2,24.1,99,0.0,3.8,329,1007.6,99,65.0,65.7,208.0,32.7,14.0,11.3
2025-05-25 06:00:00,2025,5,25,6,An Giang,Xã Giồng Riềng,9.9237413,105.2736878,127,Unhealthy for Sensitive Groups,2,24.0,100,0.0,3.9,34,1007.4,100,70.8,71.5,225.0,27.3,21.0,11.2
2025-05-25 07:00:00,2025,5,25,7,An Giang,Xã Giồng Riềng,9.9237413,105.2736878,130,Unhealthy for Sensitive Groups,2,25.0,96,0.0,2.0,360,1008.8,100,76.4,77.8,231.0,26.7,30.0,12.5
2025-05-25 08:00:00,2025,5,25,8,An Giang,Xã Giồng Riềng,9.9237413,105.2736878,131,Unhealthy for Sensitive Groups,2,27.6,90,0.0,1.8,66,1009.1,94,59.8,61.7,219.0,20.7,45.0,11.5
2025-05-25 09:00:00,2025,5,25,9,An Giang,Xã Giồng Riềng,9.9237413,105.2736878,134,Unhealthy for Sensitive Groups,2,29.0,81,0.1,1.4,157,1009.8,86,39.7,42.0,196.0,12.3,67.0,10.0
2025-05-25 10:00:00,2025,5,25,10,An Giang,Xã Giồng Riềng,9.9237413,105.2736878,136,Unhealthy for Sensitive Groups,2,29.8,78,0.1,1.8,53,1009.8,94,26.9,27.8,176.0,5.9,86.0,8.6
2025-05-25 11:00:00,2025,5,25,11,An Giang,Xã Giồng Riềng,9.9237413,105.2736878,136,Unhealthy for Sensitive Groups,2,29.8,80,0.3,1.0,59,1009.7,100,22.8,23.4,160.0,3.1,101.0,7.5
2025-05-25 12:00:00,2025,5,25,12,An Giang,Xã Giồng Riềng,9.9237413,105.2736878,137,Unhealthy for Sensitive Groups,2,29.9,80,0.4,1.9,292,1009.0,100,23.4,24.2,146.0,2.2,113.0,6.4
2025-05-25 13:00:00,2025,5,25,13,An Giang,Xã Giồng Riềng,9.9237413,105.2736878,138,Unhealthy for Sensitive Groups,2,28.4,79,11.5,12.2,243,1008.2,100,22.8,23.6,138.0,2.2,117.0,5.5
2025-05-25 14:00:00,2025,5,25,14,An Giang,Xã Giồng Riềng,9.9237413,105.2736878,140,Unhealthy for Sensitive Groups,2,27.2,90,12.8,7.6,262,1007.3,100,22.1,22.9,138.0,2.6,108.0,4.6
2025-05-25 15:00:00,2025,5,25,15,An Giang,Xã Giồng Riềng,9.9237413,105.2736878,140,Unhealthy for Sensitive Groups,2,27.3,88,1.6,7.7,239,1007.7,100,18.8,19.6,144.0,3.9,91.0,3.8
2025-05-25 16:00:00,2025,5,25,16,An Giang,Xã Giồng Riềng,9.9237413,105.2736878,141,Unhealthy for Sensitive Groups,2,27.1,88,0.8,6.5,247,1007.4,100,19.4,20.1,151.0,6.2,74.0,3.6
2025-05-25 17:00:00,2025,5,25,17,An Giang,Xã Giồng Riềng,9.9237413,105.2736878,141,Unhealthy for Sensitive Groups,2,26.2,92,3.0,8.0,200,1007.8,100,21.6,22.4,157.0,10.0,60.0,4.2
2025-05-25 18:00:00,2025,5,25,18,An Giang,Xã Giồng Riềng,9.9237413,105.2736878,141,Unhealthy for Sensitive Groups,2,25.8,95,1.6,6.2,159,1008.4,100,25.6,26.7,164.0,14.9,45.0,5.5
2025-05-25 19:00:00,2025,5,25,19,An Giang,Xã Giồng Riềng,9.9237413,105.2736878,141,Unhealthy for Sensitive Groups,2,25.2,96,0.7,4.2,121,1009.2,100,52.6,53.6,176.0,28.4,19.0,9.2
2025-05-25 20:00:00,2025,5,25,20,An Giang,Xã Giồng Riềng,9.9237413,105.2736878,139,Unhealthy for Sensitive Groups,2,25.6,95,0.3,6.6,229,1010.0,100,62.2,62.9,199.0,33.4,14.0,11.1
2025-05-25 21:00:00,2025,5,25,21,An Giang,Xã Giồng Riềng,9.9237413,105.2736878,135,Unhealthy for Sensitive Groups,2,25.3,95,0.1,4.7,230,1010.5,100,71.0,71.9,227.0,40.2,6.0,13.8
2025-05-25 22:00:00,2025,5,25,22,An Giang,Xã Giồng Riềng,9.9237413,105.2736878,133,Unhealthy for Sensitive Groups,2,24.8,96,0.0,2.3,203,1010.8,100,97.6,98.5,248.0,45.0,1.0,15.6
2025-05-25 23:00:00,2025,5,25,23,An Giang,Xã Giồng Riềng,9.9237413,105.2736878,134,Unhealthy for Sensitive Groups,2,24.8,96,0.0,3.8,107,1011.1,100,130.4,131.3,257.0,46.0,0.0,15.8
2025-05-26 00:00:00,2025,5,26,0,An Giang,Xã Giồng Riềng,9.9237413,105.2736878,138,Unhealthy for Sensitive Groups,2,24.5,97,0.0,3.0,123,1010.4,100,106.4,107.1,259.0,45.1,0.0,15.2
2025-05-26 01:00:00,2025,5,26,1,An Giang,Xã Giồng Riềng,9.9237413,105.2736878,141,Unhealthy for Sensitive Groups,2,24.3,98,0.0,2.9,120,1009.8,100,95.0,95.7,260.0,43.8,0.0,14.5
2025-05-26 02:00:00,2025,5,26,2,An Giang,Xã Giồng Riềng,9.9237413,105.2736878,145,Unhealthy for Sensitive Groups,2,24.6,98,0.0,3.0,142,1009.0,100,92.4,93.1,260.0,42.3,0.0,13.9
2025-05-26 03:00:00,2025,5,26,3,An Giang,Xã Giồng Riềng,9.9237413,105.2736878,150,Unhealthy for Sensitive Groups,2,24.6,98,0.0,3.2,133,1008.1,100,117.6,118.3,259.0,40.4,0.0,13.1
2025-05-26 04:00:00,2025,5,26,4,An Giang,Xã Giồng Riềng,9.9237413,105.2736878,151,Unhealthy,3,24.6,99,0.0,4.0,100,1008.0,100,119.2,120.1,261.0,39.6,0.0,12.7
2025-05-26 05:00:00,2025,5,26,5,An Giang,Xã Giồng Riềng,9.9237413,105.2736878,153,Unhealthy,3,24.7,98,0.0,6.5,98,1008.6,100,125.7,126.7,272.0,41.9,1.0,12.7
2025-05-26 06:00:00,2025,5,26,6,An Giang,Xã Giồng Riềng,9.9237413,105.2736878,154,Unhealthy,3,24.5,98,0.0,7.0,116,1008.8,99,125.3,126.2,286.0,45.4,4.0,13.0
2025-05-26 07:00:00,2025,5,26,7,An Giang,Xã Giồng Riềng,9.9237413,105.2736878,155,Unhealthy,3,25.6,96,0.0,6.8,117,1009.4,100,85.7,86.6,287.0,46.8,8.0,13.5
2025-05-26 08:00:00,2025,5,26,8,An Giang,Xã Giồng Riềng,9.9237413,105.2736878,156,Unhealthy,3,26.8,92,0.0,5.2,117,1009.9,87,71.0,72.6,265.0,37.5,25.0,13.6
2025-05-26 09:00:00,2025,5,26,9,An Giang,Xã Giồng Riềng,9.9237413,105.2736878,156,Unhealthy,3,27.8,89,0.0,5.4,110,1010.7,100,53.7,55.5,231.0,24.5,49.0,13.6
2025-05-26 10:00:00,2025,5,26,10,An Giang,Xã Giồng Riềng,9.9237413,105.2736878,156,Unhealthy,3,29.0,79,0.1,2.9,137,1010.8,99,43.1,45.6,200.0,14.1,69.0,13.1
2025-05-26 11:00:00,2025,5,26,11,An Giang,Xã Giồng Riềng,9.9237413,105.2736878,156,Unhealthy,3,29.9,74,0.1,2.9,248,1010.5,30,31.2,33.3,178.0,8.9,82.0,11.6
2025-05-26 12:00:00,2025,5,26,12,An Giang,Xã Giồng Riềng,9.9237413,105.2736878,157,Unhealthy,3,30.8,74,0.0,6.0,263,1009.6,30,26.2,27.8,160.0,6.2,92.0,9.4
2025-05-26 13:00:00,2025,5,26,13,An Giang,Xã Giồng Riềng,9.9237413,105.2736878,157,Unhealthy,3,31.1,72,0.0,7.1,276,1008.5,56,23.4,24.9,146.0,4.5,97.0,7.6
2025-05-26 14:00:00,2025,5,26,14,An Giang,Xã Giồng Riềng,9.9237413,105.2736878,157,Unhealthy,3,31.1,71,0.0,7.5,262,1007.0,40,19.8,21.1,134.0,2.6,98.0,6.1
2025-05-26 15:00:00,2025,5,26,15,An Giang,Xã Giồng Riềng,9.9237413,105.2736878,157,Unhealthy,3,31.1,71,0.0,8.1,257,1005.9,17,17.8,19.0,127.0,1.6,95.0,4.9
2025-05-26 16:00:00,2025,5,26,16,An Giang,Xã Giồng Riềng,9.9237413,105.2736878,157,Unhealthy,3,31.0,71,0.0,6.8,258,1005.7,32,15.4,16.6,130.0,3.3,87.0,4.5
2025-05-26 17:00:00,2025,5,26,17,An Giang,Xã Giồng Riềng,9.9237413,105.2736878,157,Unhealthy,3,30.1,76,0.0,7.7,281,1006.3,100,14.7,15.7,151.0,9.2,70.0,5.1
2025-05-26 18:00:00,2025,5,26,18,An Giang,Xã Giồng Riềng,9.9237413,105.2736878,156,Unhealthy,3,28.5,83,0.0,7.2,302,1006.9,99,28.2,29.4,182.0,17.8,49.0,6.6
2025-05-26 19:00:00,2025,5,26,19,An Giang,Xã Giồng Riềng,9.9237413,105.2736878,156,Unhealthy,3,27.4,87,0.0,6.0,319,1007.5,100,30.9,31.8,214.0,17.5,30.0,6.2
2025-05-26 20:00:00,2025,5,26,20,An Giang,Xã Giồng Riềng,9.9237413,105.2736878,156,Unhealthy,3,27.7,84,0.0,8.5,246,1008.3,100,43.0,44.0,245.0,21.0,26.0,7.2
2025-05-26 21:00:00,2025,5,26,21,An Giang,Xã Giồng Riềng,9.9237413,105.2736878,156,Unhealthy,3,27.2,87,0.0,5.9,227,1009.3,99,53.9,54.9,275.0,25.8,21.0,8.6
2025-05-26 22:00:00,2025,5,26,22,An Giang,Xã Giồng Riềng,9.9237413,105.2736878,155,Unhealthy,3,26.9,89,0.0,5.0,193,1009.6,100,56.0,57.2,299.0,29.7,16.0,9.5
2025-05-26 23:00:00,2025,5,26,23,An Giang,Xã Giồng Riềng,9.9237413,105.2736878,154,Unhealthy,3,26.5,90,0.0,6.6,154,1010.0,96,67.1,68.2,313.0,31.6,13.0,9.3
2025-05-27 00:00:00,2025,5,27,0,An Giang,Xã Giồng Riềng,9.9237413,105.2736878,153,Unhealthy,3,26.2,91,0.0,7.3,126,1009.6,96,62.6,63.6,321.0,32.6,10.0,8.6
2025-05-27 01:00:00,2025,5,27,1,An Giang,Xã Giồng Riềng,9.9237413,105.2736878,152,Unhealthy,3,26.0,92,0.0,7.3,136,1008.8,53,67.8,68.7,322.0,33.5,8.0,8.2
2025-05-27 02:00:00,2025,5,27,2,An Giang,Xã Giồng Riềng,9.9237413,105.2736878,151,Unhealthy,3,25.5,93,0.0,7.3,140,1008.1,47,71.9,72.9,314.0,35.3,5.0,8.6
2025-05-27 03:00:00,2025,5,27,3,An Giang,Xã Giồng Riềng,9.9237413,105.2736878,151,Unhealthy,3,25.1,94,0.0,6.6,143,1007.6,43,73.1,74.0,299.0,37.0,3.0,9.3
2025-05-27 04:00:00,2025,5,27,4,An Giang,Xã Giồng Riềng,9.9237413,105.2736878,149,Unhealthy for Sensitive Groups,2,24.8,95,0.0,5.1,122,1007.8,24,73.8,74.7,285.0,36.8,3.0,10.1
2025-05-27 05:00:00,2025,5,27,5,An Giang,Xã Giồng Riềng,9.9237413,105.2736878,145,Unhealthy for Sensitive Groups,2,24.6,96,0.0,5.2,119,1008.0,48,87.5,88.5,280.0,33.5,7.0,11.0
2025-05-27 06:00:00,2025,5,27,6,An Giang,Xã Giồng Riềng,9.9237413,105.2736878,141,Unhealthy for Sensitive Groups,2,24.7,96,0.0,5.4,110,1008.5,50,95.0,95.9,276.0,28.1,14.0,12.0
2025-05-27 07:00:00,2025,5,27,7,An Giang,Xã Giồng Riềng,9.9237413,105.2736878,138,Unhealthy for Sensitive Groups,2,26.3,92,0.0,5.2,117,1009.0,32,102.2,104.3,262.0,30.2,22.0,14.4
2025-05-27 08:00:00,2025,5,27,8,An Giang,Xã Giồng Riềng,9.9237413,105.2736878,139,Unhealthy for Sensitive Groups,2,29.2,84,0.0,5.4,116,1009.1,97,71.0,74.0,227.0,23.4,37.0,12.8
2025-05-27 09:00:00,2025,5,27,9,An Giang,Xã Giồng Riềng,9.9237413,105.2736878,139,Unhealthy for Sensitive Groups,2,30.2,77,0.1,6.7,128,1009.4,98,46.4,50.1,182.0,14.0,57.0,10.4
2025-05-27 10:00:00,2025,5,27,10,An Giang,Xã Giồng Riềng,9.9237413,105.2736878,139,Unhealthy for Sensitive Groups,2,31.2,72,0.1,5.6,159,1009.3,100,29.1,32.6,150.0,6.9,72.0,8.3
2025-05-27 11:00:00,2025,5,27,11,An Giang,Xã Giồng Riềng,9.9237413,105.2736878,137,Unhealthy for Sensitive Groups,2,31.1,74,0.1,4.8,209,1008.8,100,24.9,28.0,142.0,4.3,77.0,6.6
2025-05-27 12:00:00,2025,5,27,12,An Giang,Xã Giồng Riềng,9.9237413,105.2736878,136,Unhealthy for Sensitive Groups,2,28.2,85,3.8,11.7,271,1008.4,100,20.7,22.4,147.0,4.0,76.0,5.1
2025-05-27 13:00:00,2025,5,27,13,An Giang,Xã Giồng Riềng,9.9237413,105.2736878,136,Unhealthy for Sensitive Groups,2,29.4,82,0.1,5.1,238,1007.6,100,18.6,20.1,149.0,4.2,73.0,4.0
2025-05-27 14:00:00,2025,5,27,14,An Giang,Xã Giồng Riềng,9.9237413,105.2736878,135,Unhealthy for Sensitive Groups,2,29.4,82,0.6,7.7,210,1006.8,100,16.5,17.6,142.0,3.8,67.0,3.3
2025-05-27 15:00:00,2025,5,27,15,An Giang,Xã Giồng Riềng,9.9237413,105.2736878,135,Unhealthy for Sensitive Groups,2,28.3,84,4.3,8.3,204,1006.3,100,13.6,14.6,132.0,3.9,59.0,3.1
2025-05-27 16:00:00,2025,5,27,16,An Giang,Xã Giồng Riềng,9.9237413,105.2736878,135,Unhealthy for Sensitive Groups,2,27.0,87,3.6,2.4,171,1006.5,100,13.1,14.0,130.0,5.7,50.0,3.3
2025-05-27 17:00:00,2025,5,27,17,An Giang,Xã Giồng Riềng,9.9237413,105.2736878,134,Unhealthy for Sensitive Groups,2,27.1,88,0.1,2.7,157,1006.8,100,17.3,18.0,140.0,10.4,41.0,4.3
2025-05-27 18:00:00,2025,5,27,18,An Giang,Xã Giồng Riềng,9.9237413,105.2736878,135,Unhealthy for Sensitive Groups,2,26.5,92,0.1,2.6,102,1007.6,99,24.7,25.6,158.0,16.8,31.0,5.7
2025-05-27 19:00:00,2025,5,27,19,An Giang,Xã Giồng Riềng,9.9237413,105.2736878,134,Unhealthy for Sensitive Groups,2,25.9,94,0.3,1.7,108,1008.0,100,49.5,51.3,178.0,26.9,26.0,8.8
2025-05-27 20:00:00,2025,5,27,20,An Giang,Xã Giồng Riềng,9.9237413,105.2736878,136,Unhealthy for Sensitive Groups,2,26.0,94,0.0,3.8,188,1008.4,100,53.4,55.2,199.0,28.0,23.0,9.5
2025-05-27 21:00:00,2025,5,27,21,An Giang,Xã Giồng Riềng,9.9237413,105.2736878,137,Unhealthy for Sensitive Groups,2,25.9,95,0.0,4.9,188,1009.2,100,66.1,68.0,221.0,29.6,19.0,10.3
2025-05-27 22:00:00,2025,5,27,22,An Giang,Xã Giồng Riềng,9.9237413,105.2736878,139,Unhealthy for Sensitive Groups,2,25.8,96,0.0,4.3,175,1009.2,100,68.0,69.6,243.0,31.2,15.0,10.7
2025-05-27 23:00:00,2025,5,27,23,An Giang,Xã Giồng Riềng,9.9237413,105.2736878,140,Unhealthy for Sensitive Groups,2,25.5,97,0.0,4.3,152,1009.5,100,69.8,71.2,263.0,32.6,12.0,10.1
2025-05-28 00:00:00,2025,5,28,0,An Giang,Xã Giồng Riềng,9.9237413,105.2736878,140,Unhealthy for Sensitive Groups,2,25.4,97,0.0,4.1,151,1009.2,100,67.1,68.7,282.0,34.0,8.0,9.0
2025-05-28 01:00:00,2025,5,28,1,An Giang,Xã Giồng Riềng,9.9237413,105.2736878,141,Unhealthy for Sensitive Groups,2,25.3,97,0.0,4.7,162,1008.3,100,80.1,81.5,301.0,35.3,6.0,8.2
2025-05-28 02:00:00,2025,5,28,2,An Giang,Xã Giồng Riềng,9.9237413,105.2736878,142,Unhealthy for Sensitive Groups,2,25.0,98,0.0,3.9,202,1007.5,100,88.9,90.1,323.0,36.9,4.0,8.1
2025-05-28 03:00:00,2025,5,28,3,An Giang,Xã Giồng Riềng,9.9237413,105.2736878,144,Unhealthy for Sensitive Groups,2,24.8,98,0.0,3.8,221,1006.9,96,85.0,86.1,345.0,38.5,3.0,8.3
2025-05-28 04:00:00,2025,5,28,4,An Giang,Xã Giồng Riềng,9.9237413,105.2736878,145,Unhealthy for Sensitive Groups,2,24.9,98,0.0,4.5,214,1007.0,100,89.6,91.0,362.0,39.0,4.0,8.1
2025-05-28 05:00:00,2025,5,28,5,An Giang,Xã Giồng Riềng,9.9237413,105.2736878,146,Unhealthy for Sensitive Groups,2,24.9,98,0.0,4.8,202,1007.1,97,104.3,105.5,379.0,38.6,6.0,7.0
2025-05-28 06:00:00,2025,5,28,6,An Giang,Xã Giồng Riềng,9.9237413,105.2736878,148,Unhealthy for Sensitive Groups,2,25.1,98,0.0,5.6,195,1007.2,98,139.2,141.1,390.0,37.1,11.0,5.5
2025-05-28 07:00:00,2025,5,28,7,An Giang,Xã Giồng Riềng,9.9237413,105.2736878,151,Unhealthy,3,26.6,95,0.0,3.5,165,1007.7,82,65.4,66.6,375.0,21.4,25.0,7.3
2025-05-28 08:00:00,2025,5,28,8,An Giang,Xã Giồng Riềng,9.9237413,105.2736878,149,Unhealthy for Sensitive Groups,2,28.5,82,2.5,9.9,305,1008.3,93,33.2,34.9,310.0,16.6,39.0,7.3
2025-05-28 09:00:00,2025,5,28,9,An Giang,Xã Giồng Riềng,9.9237413,105.2736878,145,Unhealthy for Sensitive Groups,2,29.5,81,0.0,9.0,301,1008.2,94,24.5,26.6,217.0,10.0,59.0,7.3
2025-05-28 10:00:00,2025,5,28,10,An Giang,Xã Giồng Riềng,9.9237413,105.2736878,143,Unhealthy for Sensitive Groups,2,30.5,77,0.1,10.2,291,1008.1,31,21.4,24.2,147.0,4.9,75.0,7.0
2025-05-28 11:00:00,2025,5,28,11,An Giang,Xã Giồng Riềng,9.9237413,105.2736878,142,Unhealthy for Sensitive Groups,2,31.1,74,0.1,11.8,287,1007.9,66,18.0,20.4,120.0,2.7,85.0,6.4
2025-05-28 12:00:00,2025,5,28,12,An Giang,Xã Giồng Riềng,9.9237413,105.2736878,141,Unhealthy for Sensitive Groups,2,31.4,72,0.1,11.7,280,1007.2,88,15.1,16.8,114.0,2.1,91.0,5.5
2025-05-28 13:00:00,2025,5,28,13,An Giang,Xã Giồng Riềng,9.9237413,105.2736878,141,Unhealthy for Sensitive Groups,2,30.9,70,0.0,13.8,283,1006.3,96,13.4,14.4,114.0,2.1,92.0,4.8
2025-05-28 14:00:00,2025,5,28,14,An Giang,Xã Giồng Riềng,9.9237413,105.2736878,140,Unhealthy for Sensitive Groups,2,31.2,69,0.0,13.9,290,1004.9,99,12.3,13.2,113.0,2.2,86.0,4.2
2025-05-28 15:00:00,2025,5,28,15,An Giang,Xã Giồng Riềng,9.9237413,105.2736878,140,Unhealthy for Sensitive Groups,2,30.2,75,0.0,11.8,278,1004.4,99,11.9,12.7,116.0,3.0,74.0,3.8
2025-05-28 16:00:00,2025,5,28,16,An Giang,Xã Giồng Riềng,9.9237413,105.2736878,140,Unhealthy for Sensitive Groups,2,30.0,78,0.0,11.7,261,1003.9,97,12.9,14.3,128.0,5.5,61.0,4.0
2025-05-28 17:00:00,2025,5,28,17,An Giang,Xã Giồng Riềng,9.9237413,105.2736878,139,Unhealthy for Sensitive Groups,2,29.5,82,0.7,6.4,281,1005.0,100,16.9,18.4,152.0,10.8,48.0,5.2
2025-05-28 18:00:00,2025,5,28,18,An Giang,Xã Giồng Riềng,9.9237413,105.2736878,139,Unhealthy for Sensitive Groups,2,28.8,86,0.0,2.2,261,1005.7,100,28.1,29.3,184.0,17.8,34.0,7.1
2025-05-28 19:00:00,2025,5,28,19,An Giang,Xã Giồng Riềng,9.9237413,105.2736878,140,Unhealthy for Sensitive Groups,2,28.3,86,0.0,1.3,98,1007.0,100,42.5,44.2,214.0,23.2,25.0,8.3
2025-05-28 20:00:00,2025,5,28,20,An Giang,Xã Giồng Riềng,9.9237413,105.2736878,139,Unhealthy for Sensitive Groups,2,26.3,92,0.0,9.8,142,1007.4,100,50.8,52.2,241.0,28.1,18.0,10.0
2025-05-28 21:00:00,2025,5,28,21,An Giang,Xã Giồng Riềng,9.9237413,105.2736878,139,Unhealthy for Sensitive Groups,2,26.1,91,0.0,9.2,163,1007.8,100,65.9,67.1,266.0,34.7,9.0,12.2
2025-05-28 22:00:00,2025,5,28,22,An Giang,Xã Giồng Riềng,9.9237413,105.2736878,139,Unhealthy for Sensitive Groups,2,25.9,89,0.0,5.9,180,1008.5,100,86.4,87.8,287.0,39.6,2.0,13.5
2025-05-28 23:00:00,2025,5,28,23,An Giang,Xã Giồng Riềng,9.9237413,105.2736878,141,Unhealthy for Sensitive Groups,2,25.8,90,0.0,3.3,158,1008.9,100,95.9,97.3,311.0,40.8,0.0,12.9
2025-05-29 00:00:00,2025,5,29,0,An Giang,Xã Giồng Riềng,9.9237413,105.2736878,143,Unhealthy for Sensitive Groups,2,25.6,91,0.0,4.6,169,1008.5,100,77.8,78.9,332.0,40.2,1.0,11.3
2025-05-29 01:00:00,2025,5,29,1,An Giang,Xã Giồng Riềng,9.9237413,105.2736878,145,Unhealthy for Sensitive Groups,2,25.6,92,0.1,3.2,180,1008.0,100,83.6,84.8,327.0,39.6,2.0,9.9
2025-05-29 02:00:00,2025,5,29,2,An Giang,Xã Giồng Riềng,9.9237413,105.2736878,145,Unhealthy for Sensitive Groups,2,25.5,93,0.1,5.6,117,1007.6,100,96.4,97.8,273.0,40.2,1.0,9.2
2025-05-29 03:00:00,2025,5,29,3,An Giang,Xã Giồng Riềng,9.9237413,105.2736878,146,Unhealthy for Sensitive Groups,2,25.4,94,2.0,2.3,157,1007.4,100,97.6,98.7,194.0,40.8,0.0,8.7
2025-05-29 04:00:00,2025,5,29,4,An Giang,Xã Giồng Riềng,9.9237413,105.2736878,147,Unhealthy for Sensitive Groups,2,25.4,94,0.0,5.0,154,1007.5,100,81.5,82.9,140.0,39.9,2.0,8.2
2025-05-29 05:00:00,2025,5,29,5,An Giang,Xã Giồng Riềng,9.9237413,105.2736878,146,Unhealthy for Sensitive Groups,2,25.6,95,0.1,3.1,173,1007.3,100,79.9,81.7,138.0,37.0,9.0,7.7
2025-05-29 06:00:00,2025,5,29,6,An Giang,Xã Giồng Riềng,9.9237413,105.2736878,144,Unhealthy for Sensitive Groups,2,25.9,93,0.1,2.1,121,1007.5,100,86.8,88.9,162.0,32.6,19.0,7.3
2025-05-29 07:00:00,2025,5,29,7,An Giang,Xã Giồng Riềng,9.9237413,105.2736878,138,Unhealthy for Sensitive Groups,2,26.5,93,0.0,4.8,138,1008.1,100,74.7,76.1,180.0,36.6,9.0,10.6
2025-05-29 08:00:00,2025,5,29,8,An Giang,Xã Giồng Riềng,9.9237413,105.2736878,139,Unhealthy for Sensitive Groups,2,27.6,92,0.1,2.0,95,1008.7,100,58.2,60.3,182.0,28.0,34.0,10.1
2025-05-29 09:00:00,2025,5,29,9,An Giang,Xã Giồng Riềng,9.9237413,105.2736878,142,Unhealthy for Sensitive Groups,2,28.6,87,0.0,2.4,222,1009.0,100,35.6,38.9,179.0,16.3,69.0,9.4
2025-05-29 10:00:00,2025,5,29,10,An Giang,Xã Giồng Riềng,9.9237413,105.2736878,143,Unhealthy for Sensitive Groups,2,29.1,82,1.1,9.4,235,1009.3,96,31.7,36.2,171.0,7.4,91.0,8.3
2025-05-29 11:00:00,2025,5,29,11,An Giang,Xã Giồng Riềng,9.9237413,105.2736878,144,Unhealthy for Sensitive Groups,2,29.7,80,0.2,7.6,265,1008.9,53,25.0,29.5,155.0,4.4,88.0,6.5
2025-05-29 12:00:00,2025,5,29,12,An Giang,Xã Giồng Riềng,9.9237413,105.2736878,145,Unhealthy for Sensitive Groups,2,30.1,79,0.3,9.3,278,1008.5,99,19.7,23.2,134.0,4.3,72.0,4.3
2025-05-29 13:00:00,2025,5,29,13,An Giang,Xã Giồng Riềng,9.9237413,105.2736878,145,Unhealthy for Sensitive Groups,2,27.6,86,7.4,18.2,262,1008.7,100,14.6,16.8,122.0,4.7,59.0,2.7
2025-05-29 14:00:00,2025,5,29,14,An Giang,Xã Giồng Riềng,9.9237413,105.2736878,145,Unhealthy for Sensitive Groups,2,26.8,91,0.9,7.6,251,1007.4,100,12.5,14.3,126.0,4.7,54.0,2.2
2025-05-29 15:00:00,2025,5,29,15,An Giang,Xã Giồng Riềng,9.9237413,105.2736878,145,Unhealthy for Sensitive Groups,2,26.7,92,1.0,7.8,209,1007.4,100,11.4,12.8,137.0,5.1,51.0,2.4
2025-05-29 16:00:00,2025,5,29,16,An Giang,Xã Giồng Riềng,9.9237413,105.2736878,145,Unhealthy for Sensitive Groups,2,26.6,93,1.9,8.1,225,1007.8,100,11.9,13.2,147.0,6.1,49.0,2.7
2025-05-29 17:00:00,2025,5,29,17,An Giang,Xã Giồng Riềng,9.9237413,105.2736878,145,Unhealthy for Sensitive Groups,2,25.4,93,5.3,9.4,204,1008.0,100,10.8,12.2,149.0,8.1,46.0,3.2
2025-05-29 18:00:00,2025,5,29,18,An Giang,Xã Giồng Riềng,9.9237413,105.2736878,145,Unhealthy for Sensitive Groups,2,24.8,96,4.6,7.8,202,1009.2,100,15.9,17.2,149.0,10.6,44.0,3.8
2025-05-29 19:00:00,2025,5,29,19,An Giang,Xã Giồng Riềng,9.9237413,105.2736878,143,Unhealthy for Sensitive Groups,2,24.9,96,1.8,8.1,201,1009.4,100,43.0,45.5,151.0,22.8,29.0,7.3
2025-05-29 20:00:00,2025,5,29,20,An Giang,Xã Giồng Riềng,9.9237413,105.2736878,143,Unhealthy for Sensitive Groups,2,25.5,96,3.4,7.9,167,1009.8,100,41.6,43.8,158.0,22.2,29.0,7.2
2025-05-29 21:00:00,2025,5,29,21,An Giang,Xã Giồng Riềng,9.9237413,105.2736878,142,Unhealthy for Sensitive Groups,2,25.5,96,2.4,9.7,182,1010.4,100,41.6,43.5,168.0,21.3,29.0,7.0
2025-05-29 22:00:00,2025,5,29,22,An Giang,Xã Giồng Riềng,9.9237413,105.2736878,140,Unhealthy for Sensitive Groups,2,25.5,96,2.2,8.8,185,1010.8,100,41.6,43.4,174.0,20.9,28.0,6.8
2025-05-29 23:00:00,2025,5,29,23,An Giang,Xã Giồng Riềng,9.9237413,105.2736878,135,Unhealthy for Sensitive Groups,2,25.5,96,1.3,6.3,185,1011.0,100,44.2,46.0,174.0,21.5,26.0,6.4
2025-05-30 00:00:00,2025,5,30,0,An Giang,Xã Giồng Riềng,9.9237413,105.2736878,130,Unhealthy for Sensitive Groups,2,25.4,96,0.9,8.2,195,1010.7,100,46.4,48.2,172.0,22.5,23.0,6.0
2025-05-30 01:00:00,2025,5,30,1,An Giang,Xã Giồng Riềng,9.9237413,105.2736878,126,Unhealthy for Sensitive Groups,2,25.3,97,0.9,6.6,202,1010.1,100,46.7,48.5,168.0,23.0,21.0,5.6
2025-05-30 02:00:00,2025,5,30,2,An Giang,Xã Giồng Riềng,9.9237413,105.2736878,123,Unhealthy for Sensitive Groups,2,25.3,97,1.1,7.8,224,1009.6,100,48.8,50.8,161.0,22.5,21.0,5.3
2025-05-30 03:00:00,2025,5,30,3,An Giang,Xã Giồng Riềng,9.9237413,105.2736878,118,Unhealthy for Sensitive Groups,2,25.1,98,0.8,3.1,204,1008.8,100,48.3,50.4,154.0,21.5,22.0,4.9
2025-05-30 04:00:00,2025,5,30,4,An Giang,Xã Giồng Riềng,9.9237413,105.2736878,113,Unhealthy for Sensitive Groups,2,25.1,98,0.7,4.3,204,1009.1,100,42.8,45.1,154.0,20.7,23.0,4.8
2025-05-30 05:00:00,2025,5,30,5,An Giang,Xã Giồng Riềng,9.9237413,105.2736878,109,Unhealthy for Sensitive Groups,2,25.0,98,1.1,6.7,216,1009.4,100,42.8,45.4,170.0,20.8,22.0,5.0
2025-05-30 06:00:00,2025,5,30,6,An Giang,Xã Giồng Riềng,9.9237413,105.2736878,105,Unhealthy for Sensitive Groups,2,25.1,98,0.8,4.6,216,1009.7,100,46.0,48.7,194.0,20.9,21.0,5.3
2025-05-30 07:00:00,2025,5,30,7,An Giang,Xã Giồng Riềng,9.9237413,105.2736878,100,Moderate,1,25.2,97,1.5,4.3,165,1010.9,100,75.7,78.9,207.0,23.2,23.0,7.0
2025-05-30 08:00:00,2025,5,30,8,An Giang,Xã Giồng Riềng,9.9237413,105.2736878,100,Moderate,1,26.5,94,0.1,5.4,143,1011.4,96,47.4,51.9,199.0,18.0,41.0,6.8
2025-05-30 09:00:00,2025,5,30,9,An Giang,Xã Giồng Riềng,9.9237413,105.2736878,99,Moderate,1,27.5,91,0.3,6.6,197,1011.5,89,38.1,43.7,180.0,10.9,66.0,6.5
2025-05-30 10:00:00,2025,5,30,10,An Giang,Xã Giồng Riềng,9.9237413,105.2736878,100,Moderate,1,28.4,89,0.4,9.5,224,1011.7,100,31.9,38.4,163.0,5.5,82.0,5.9
2025-05-30 11:00:00,2025,5,30,11,An Giang,Xã Giồng Riềng,9.9237413,105.2736878,100,Moderate,1,26.8,90,0.6,12.4,182,1012.0,100,25.3,31.9,152.0,3.6,82.0,4.8
2025-05-30 12:00:00,2025,5,30,12,An Giang,Xã Giồng Riềng,9.9237413,105.2736878,100,Moderate,1,27.5,85,0.0,10.1,213,1011.4,100,18.8,25.2,143.0,3.5,73.0,3.5
2025-05-30 13:00:00,2025,5,30,13,An Giang,Xã Giồng Riềng,9.9237413,105.2736878,100,Moderate,1,28.1,82,0.1,10.8,213,1010.9,100,16.4,21.4,137.0,4.0,65.0,2.7
2025-05-30 14:00:00,2025,5,30,14,An Giang,Xã Giồng Riềng,9.9237413,105.2736878,100,Moderate,1,28.4,81,0.2,7.9,210,1009.8,100,14.8,18.9,132.0,4.6,62.0,2.8
2025-05-30 15:00:00,2025,5,30,15,An Giang,Xã Giồng Riềng,9.9237413,105.2736878,100,Moderate,1,28.8,79,0.0,8.4,195,1008.7,99,16.1,19.5,130.0,5.8,61.0,3.5
2025-05-30 16:00:00,2025,5,30,16,An Giang,Xã Giồng Riềng,9.9237413,105.2736878,101,Unhealthy for Sensitive Groups,2,29.4,77,0.0,10.1,199,1008.3,100,20.0,22.9,140.0,7.4,59.0,4.1
2025-05-30 17:00:00,2025,5,30,17,An Giang,Xã Giồng Riềng,9.9237413,105.2736878,101,Unhealthy for Sensitive Groups,2,29.1,80,0.0,7.0,181,1008.3,100,19.6,21.8,169.0,9.4,56.0,4.5
2025-05-30 18:00:00,2025,5,30,18,An Giang,Xã Giồng Riềng,9.9237413,105.2736878,102,Unhealthy for Sensitive Groups,2,27.9,87,0.0,4.6,169,1008.9,100,21.7,23.5,210.0,11.8,52.0,4.8
2025-05-30 19:00:00,2025,5,30,19,An Giang,Xã Giồng Riềng,9.9237413,105.2736878,103,Unhealthy for Sensitive Groups,2,27.3,89,0.0,0.9,180,1009.6,94,25.1,27.3,247.0,14.2,43.0,5.8
2025-05-30 20:00:00,2025,5,30,20,An Giang,Xã Giồng Riềng,9.9237413,105.2736878,101,Unhealthy for Sensitive Groups,2,26.4,86,0.0,10.2,210,1010.9,98,22.6,24.4,282.0,14.9,42.0,6.2
2025-05-30 21:00:00,2025,5,30,21,An Giang,Xã Giồng Riềng,9.9237413,105.2736878,99,Moderate,1,25.7,84,0.0,5.6,163,1011.4,96,24.1,25.6,312.0,16.0,40.0,6.6
2025-05-30 22:00:00,2025,5,30,22,An Giang,Xã Giồng Riềng,9.9237413,105.2736878,98,Moderate,1,25.7,87,0.0,7.0,159,1012.2,100,29.8,31.2,315.0,17.1,38.0,6.8
2025-05-30 23:00:00,2025,5,30,23,An Giang,Xã Giồng Riềng,9.9237413,105.2736878,97,Moderate,1,25.9,90,0.0,7.7,179,1012.0,99,34.6,35.9,268.0,18.6,35.0,6.5
2025-05-31 00:00:00,2025,5,31,0,An Giang,Xã Giồng Riềng,9.9237413,105.2736878,96,Moderate,1,25.5,94,0.0,6.6,197,1011.5,100,35.6,37.1,194.0,20.0,32.0,5.8
2025-05-31 01:00:00,2025,5,31,1,An Giang,Xã Giồng Riềng,9.9237413,105.2736878,95,Moderate,1,25.5,95,0.0,7.5,215,1011.2,100,38.3,39.9,140.0,20.2,32.0,5.1
2025-05-31 02:00:00,2025,5,31,2,An Giang,Xã Giồng Riềng,9.9237413,105.2736878,94,Moderate,1,25.3,96,0.0,6.8,205,1010.9,100,34.0,36.0,125.0,17.7,36.0,4.2
2025-05-31 03:00:00,2025,5,31,3,An Giang,Xã Giồng Riềng,9.9237413,105.2736878,93,Moderate,1,25.5,96,0.0,8.1,186,1010.4,100,29.0,31.2,130.0,14.0,43.0,3.3
2025-05-31 04:00:00,2025,5,31,4,An Giang,Xã Giồng Riềng,9.9237413,105.2736878,91,Moderate,1,25.5,96,0.0,8.8,221,1010.5,100,23.0,25.6,141.0,11.4,47.0,2.8
2025-05-31 05:00:00,2025,5,31,5,An Giang,Xã Giồng Riềng,9.9237413,105.2736878,89,Moderate,1,25.3,95,0.0,7.2,219,1010.8,100,23.4,26.1,161.0,11.8,44.0,3.3
2025-05-31 06:00:00,2025,5,31,6,An Giang,Xã Giồng Riềng,9.9237413,105.2736878,88,Moderate,1,25.2,95,0.0,7.5,217,1011.2,100,29.8,32.5,189.0,13.3,39.0,4.2
2025-05-31 07:00:00,2025,5,31,7,An Giang,Xã Giồng Riềng,9.9237413,105.2736878,86,Moderate,1,26.0,94,0.0,8.6,217,1011.7,89,36.9,38.9,204.0,14.0,34.0,5.0
2025-05-31 08:00:00,2025,5,31,8,An Giang,Xã Giồng Riềng,9.9237413,105.2736878,83,Moderate,1,28.8,88,0.0,6.1,227,1011.5,65,22.3,25.3,196.0,10.6,46.0,4.5
2025-05-31 09:00:00,2025,5,31,9,An Giang,Xã Giồng Riềng,9.9237413,105.2736878,80,Moderate,1,29.8,80,0.1,9.7,248,1012.0,42,13.6,16.6,175.0,6.0,62.0,3.7
2025-05-31 10:00:00,2025,5,31,10,An Giang,Xã Giồng Riềng,9.9237413,105.2736878,78,Moderate,1,30.5,75,0.0,11.1,263,1012.0,34,12.3,15.4,159.0,2.5,74.0,3.1
2025-05-31 11:00:00,2025,5,31,11,An Giang,Xã Giồng Riềng,9.9237413,105.2736878,77,Moderate,1,29.4,77,2.4,13.1,278,1011.8,93,11.8,15.0,154.0,1.3,79.0,2.7
2025-05-31 12:00:00,2025,5,31,12,An Giang,Xã Giồng Riềng,9.9237413,105.2736878,75,Moderate,1,28.4,81,0.7,14.0,258,1011.4,100,10.9,14.3,153.0,1.3,79.0,2.5
2025-05-31 13:00:00,2025,5,31,13,An Giang,Xã Giồng Riềng,9.9237413,105.2736878,75,Moderate,1,28.9,83,0.1,11.3,263,1010.6,93,10.7,14.4,152.0,1.7,78.0,2.4
2025-05-31 14:00:00,2025,5,31,14,An Giang,Xã Giồng Riềng,9.9237413,105.2736878,74,Moderate,1,30.0,77,0.0,13.7,261,1009.6,98,11.2,15.3,146.0,1.9,75.0,2.2
2025-05-31 15:00:00,2025,5,31,15,An Giang,Xã Giồng Riềng,9.9237413,105.2736878,74,Moderate,1,30.5,74,0.0,13.3,257,1009.0,81,11.8,16.2,141.0,2.5,69.0,2.0
2025-05-31 16:00:00,2025,5,31,16,An Giang,Xã Giồng Riềng,9.9237413,105.2736878,73,Moderate,1,29.8,76,0.2,12.1,264,1008.8,75,15.0,19.2,143.0,5.0,63.0,2.5
2025-05-31 17:00:00,2025,5,31,17,An Giang,Xã Giồng Riềng,9.9237413,105.2736878,73,Moderate,1,29.3,80,0.0,11.1,263,1008.7,92,21.8,25.8,160.0,11.6,54.0,4.3
2025-05-31 18:00:00,2025,5,31,18,An Giang,Xã Giồng Riềng,9.9237413,105.2736878,73,Moderate,1,28.3,84,0.0,7.4,263,1009.2,81,33.2,37.1,186.0,20.0,44.0,6.7
2025-05-31 19:00:00,2025,5,31,19,An Giang,Xã Giồng Riềng,9.9237413,105.2736878,74,Moderate,1,27.5,86,0.0,7.1,261,1009.7,99,70.8,75.7,207.0,35.3,31.0,11.5
2025-05-31 20:00:00,2025,5,31,20,An Giang,Xã Giồng Riềng,9.9237413,105.2736878,78,Moderate,1,26.9,91,0.0,5.6,253,1010.2,77,93.8,98.5,220.0,35.5,29.0,11.6
2025-05-31 21:00:00,2025,5,31,21,An Giang,Xã Giồng Riềng,9.9237413,105.2736878,85,Moderate,1,26.6,92,0.0,5.4,240,1010.9,62,85.7,89.9,229.0,35.7,26.0,11.6
2025-05-31 22:00:00,2025,5,31,22,An Giang,Xã Giồng Riềng,9.9237413,105.2736878,90,Moderate,1,26.4,93,0.0,5.5,221,1011.1,82,80.3,84.5,231.0,35.2,24.0,11.2
2025-05-31 23:00:00,2025,5,31,23,An Giang,Xã Giồng Riềng,9.9237413,105.2736878,94,Moderate,1,26.1,94,0.0,5.1,197,1011.7,90,77.3,81.3,221.0,33.5,23.0,9.8
2025-06-01 00:00:00,2025,6,1,0,An Giang,Xã Giồng Riềng,9.9237413,105.2736878,98,Moderate,1,25.9,95,0.0,6.1,175,1011.7,100,73.6,77.3,204.0,31.1,23.0,8.0
2025-06-01 01:00:00,2025,6,1,1,An Giang,Xã Giồng Riềng,9.9237413,105.2736878,102,Unhealthy for Sensitive Groups,2,26.2,93,0.0,7.4,181,1011.1,91,67.8,71.5,189.0,28.5,23.0,6.4
2025-06-01 02:00:00,2025,6,1,2,An Giang,Xã Giồng Riềng,9.9237413,105.2736878,105,Unhealthy for Sensitive Groups,2,26.1,93,0.0,6.1,185,1010.2,100,62.9,66.4,176.0,25.6,24.0,5.4
2025-06-01 03:00:00,2025,6,1,3,An Giang,Xã Giồng Riềng,9.9237413,105.2736878,108,Unhealthy for Sensitive Groups,2,26.1,93,0.0,6.3,193,1009.5,95,55.4,58.4,164.0,22.5,26.0,4.8
2025-06-01 04:00:00,2025,6,1,4,An Giang,Xã Giồng Riềng,9.9237413,105.2736878,111,Unhealthy for Sensitive Groups,2,25.5,95,0.0,4.9,197,1009.6,80,45.4,48.1,162.0,19.9,27.0,4.5
2025-06-01 05:00:00,2025,6,1,5,An Giang,Xã Giồng Riềng,9.9237413,105.2736878,113,Unhealthy for Sensitive Groups,2,25.6,95,0.0,5.4,228,1010.1,86,42.5,44.9,180.0,18.7,26.0,4.8
2025-06-01 06:00:00,2025,6,1,6,An Giang,Xã Giồng Riềng,9.9237413,105.2736878,115,Unhealthy for Sensitive Groups,2,25.8,93,0.0,8.9,261,1010.6,100,46.2,48.8,208.0,18.1,24.0,5.4
2025-06-01 07:00:00,2025,6,1,7,An Giang,Xã Giồng Riềng,9.9237413,105.2736878,117,Unhealthy for Sensitive Groups,2,26.5,93,0.0,7.6,275,1010.8,91,56.5,58.8,222.0,19.3,29.0,6.8
2025-06-01 08:00:00,2025,6,1,8,An Giang,Xã Giồng Riềng,9.9237413,105.2736878,119,Unhealthy for Sensitive Groups,2,28.9,87,0.0,0.6,304,1011.2,62,31.4,34.6,209.0,14.4,42.0,5.7
2025-06-01 09:00:00,2025,6,1,9,An Giang,Xã Giồng Riềng,9.9237413,105.2736878,120,Unhealthy for Sensitive Groups,2,30.5,78,0.1,6.4,227,1011.0,59,20.1,23.7,184.0,7.6,60.0,4.2
2025-06-01 10:00:00,2025,6,1,10,An Giang,Xã Giồng Riềng,9.9237413,105.2736878,120,Unhealthy for Sensitive Groups,2,31.7,69,0.0,7.7,231,1010.7,14,15.8,19.6,162.0,2.6,73.0,3.0
2025-06-01 11:00:00,2025,6,1,11,An Giang,Xã Giồng Riềng,9.9237413,105.2736878,121,Unhealthy for Sensitive Groups,2,32.6,65,0.0,7.3,228,1010.4,85,13.9,18.0,151.0,0.9,78.0,2.4
2025-06-01 12:00:00,2025,6,1,12,An Giang,Xã Giồng Riềng,9.9237413,105.2736878,121,Unhealthy for Sensitive Groups,2,33.0,63,0.0,10.0,253,1009.5,77,13.0,17.4,144.0,1.0,79.0,2.1
2025-06-01 13:00:00,2025,6,1,13,An Giang,Xã Giồng Riềng,9.9237413,105.2736878,121,Unhealthy for Sensitive Groups,2,32.8,62,0.0,12.9,258,1009.1,71,12.1,16.4,141.0,1.4,78.0,2.0
2025-06-01 14:00:00,2025,6,1,14,An Giang,Xã Giồng Riềng,9.9237413,105.2736878,121,Unhealthy for Sensitive Groups,2,33.0,59,0.0,13.7,259,1008.1,82,11.1,15.1,142.0,1.4,75.0,1.8
2025-06-01 15:00:00,2025,6,1,15,An Giang,Xã Giồng Riềng,9.9237413,105.2736878,121,Unhealthy for Sensitive Groups,2,32.2,61,0.0,16.7,258,1007.4,69,11.6,15.1,147.0,1.8,69.0,1.8
2025-06-01 16:00:00,2025,6,1,16,An Giang,Xã Giồng Riềng,9.9237413,105.2736878,121,Unhealthy for Sensitive Groups,2,31.5,66,0.0,15.0,260,1007.2,100,11.8,14.8,154.0,3.4,63.0,2.2
2025-06-01 17:00:00,2025,6,1,17,An Giang,Xã Giồng Riềng,9.9237413,105.2736878,121,Unhealthy for Sensitive Groups,2,30.5,71,0.0,9.8,247,1007.3,100,15.1,17.9,166.0,7.4,56.0,3.3
2025-06-01 18:00:00,2025,6,1,18,An Giang,Xã Giồng Riềng,9.9237413,105.2736878,120,Unhealthy for Sensitive Groups,2,29.1,76,0.0,7.6,242,1007.8,98,20.8,23.4,181.0,12.6,48.0,4.7
2025-06-01 19:00:00,2025,6,1,19,An Giang,Xã Giồng Riềng,9.9237413,105.2736878,119,Unhealthy for Sensitive Groups,2,28.4,81,0.0,8.6,234,1008.8,100,32.6,36.1,191.0,15.2,43.0,5.3
2025-06-01 20:00:00,2025,6,1,20,An Giang,Xã Giồng Riềng,9.9237413,105.2736878,115,Unhealthy for Sensitive Groups,2,28.5,79,0.0,10.5,232,1009.4,100,38.3,41.4,192.0,16.2,41.0,5.6
2025-06-01 21:00:00,2025,6,1,21,An Giang,Xã Giồng Riềng,9.9237413,105.2736878,109,Unhealthy for Sensitive Groups,2,27.7,82,0.0,8.1,215,1010.6,100,39.7,42.6,187.0,17.6,39.0,6.0
2025-06-01 22:00:00,2025,6,1,22,An Giang,Xã Giồng Riềng,9.9237413,105.2736878,104,Unhealthy for Sensitive Groups,2,25.7,87,7.4,8.3,136,1011.7,93,40.2,43.1,180.0,17.8,40.0,6.0
2025-06-01 23:00:00,2025,6,1,23,An Giang,Xã Giồng Riềng,9.9237413,105.2736878,100,Moderate,1,26.5,90,0.0,13.4,195,1011.0,83,39.0,41.8,168.0,15.7,46.0,5.2
2025-06-02 00:00:00,2025,6,2,0,An Giang,Xã Giồng Riềng,9.9237413,105.2736878,97,Moderate,1,26.1,91,0.0,13.1,203,1010.8,73,31.7,34.5,153.0,12.5,54.0,4.1
2025-06-02 01:00:00,2025,6,2,1,An Giang,Xã Giồng Riềng,9.9237413,105.2736878,93,Moderate,1,25.8,94,0.0,10.6,201,1010.6,75,25.7,28.5,143.0,10.5,59.0,3.3
2025-06-02 02:00:00,2025,6,2,2,An Giang,Xã Giồng Riềng,9.9237413,105.2736878,89,Moderate,1,25.4,95,0.0,8.8,208,1009.6,92,27.8,30.3,138.0,11.3,58.0,3.2
2025-06-02 03:00:00,2025,6,2,3,An Giang,Xã Giồng Riềng,9.9237413,105.2736878,86,Moderate,1,25.3,94,0.0,8.9,214,1009.0,97,32.8,35.2,137.0,13.3,55.0,3.4
2025-06-02 04:00:00,2025,6,2,4,An Giang,Xã Giồng Riềng,9.9237413,105.2736878,84,Moderate,1,25.1,95,0.0,7.7,204,1009.0,100,32.6,34.8,144.0,14.0,54.0,3.5
2025-06-02 05:00:00,2025,6,2,5,An Giang,Xã Giồng Riềng,9.9237413,105.2736878,83,Moderate,1,25.1,96,0.0,6.9,205,1009.1,100,22.9,25.1,168.0,12.1,58.0,3.3
2025-06-02 06:00:00,2025,6,2,6,An Giang,Xã Giồng Riềng,9.9237413,105.2736878,81,Moderate,1,25.5,96,0.0,8.6,200,1009.3,100,19.7,21.5,200.0,8.9,65.0,3.1
2025-06-02 07:00:00,2025,6,2,7,An Giang,Xã Giồng Riềng,9.9237413,105.2736878,79,Moderate,1,26.8,95,0.0,9.4,182,1009.6,100,28.1,31.2,222.0,9.1,67.0,3.6
2025-06-02 08:00:00,2025,6,2,8,An Giang,Xã Giồng Riềng,9.9237413,105.2736878,77,Moderate,1,29.0,88,0.1,9.7,202,1010.4,100,19.6,23.0,223.0,7.2,77.0,3.5
2025-06-02 09:00:00,2025,6,2,9,An Giang,Xã Giồng Riềng,9.9237413,105.2736878,76,Moderate,1,29.8,83,0.2,14.3,205,1010.7,100,17.5,20.4,212.0,4.7,91.0,3.4
2025-06-02 10:00:00,2025,6,2,10,An Giang,Xã Giồng Riềng,9.9237413,105.2736878,75,Moderate,1,28.4,85,4.1,10.5,200,1011.1,100,16.4,19.0,203.0,2.8,100.0,3.2
2025-06-02 11:00:00,2025,6,2,11,An Giang,Xã Giồng Riềng,9.9237413,105.2736878,75,Moderate,1,29.8,81,0.1,10.7,215,1010.7,100,16.1,18.7,197.0,2.3,100.0,2.9
2025-06-02 12:00:00,2025,6,2,12,An Giang,Xã Giồng Riềng,9.9237413,105.2736878,76,Moderate,1,26.3,87,8.6,7.2,266,1010.7,100,14.1,16.9,192.0,2.5,95.0,2.6
2025-06-02 13:00:00,2025,6,2,13,An Giang,Xã Giồng Riềng,9.9237413,105.2736878,76,Moderate,1,26.1,90,0.6,5.4,264,1009.7,100,14.0,16.1,190.0,2.7,91.0,2.4
2025-06-02 14:00:00,2025,6,2,14,An Giang,Xã Giồng Riềng,9.9237413,105.2736878,76,Moderate,1,27.4,87,0.3,12.7,238,1008.2,100,15.0,17.6,190.0,2.3,92.0,2.3
2025-06-02 15:00:00,2025,6,2,15,An Giang,Xã Giồng Riềng,9.9237413,105.2736878,76,Moderate,1,28.0,87,0.2,8.8,223,1007.3,100,14.7,17.5,192.0,2.0,95.0,2.3
2025-06-02 16:00:00,2025,6,2,16,An Giang,Xã Giồng Riềng,9.9237413,105.2736878,76,Moderate,1,28.3,86,0.0,9.1,245,1007.2,100,15.2,18.1,202.0,2.8,95.0,2.6
2025-06-02 17:00:00,2025,6,2,17,An Giang,Xã Giồng Riềng,9.9237413,105.2736878,77,Moderate,1,28.5,86,0.0,7.5,255,1007.3,100,16.0,19.1,228.0,5.7,89.0,3.3
2025-06-02 18:00:00,2025,6,2,18,An Giang,Xã Giồng Riềng,9.9237413,105.2736878,77,Moderate,1,27.6,89,0.0,5.3,258,1008.1,100,21.8,24.6,261.0,9.7,79.0,4.2
2025-06-02 19:00:00,2025,6,2,19,An Giang,Xã Giồng Riềng,9.9237413,105.2736878,77,Moderate,1,27.0,90,0.0,7.2,252,1008.9,100,41.4,44.5,280.0,17.9,59.0,6.6
2025-06-02 20:00:00,2025,6,2,20,An Giang,Xã Giồng Riềng,9.9237413,105.2736878,78,Moderate,1,27.2,95,0.0,6.0,253,1008.7,100,53.4,56.7,272.0,22.9,51.0,8.0
2025-06-02 21:00:00,2025,6,2,21,An Giang,Xã Giồng Riềng,9.9237413,105.2736878,79,Moderate,1,27.0,96,0.0,4.8,239,1008.8,100,70.3,74.0,250.0,29.5,41.0,9.8
2025-06-02 22:00:00,2025,6,2,22,An Giang,Xã Giồng Riềng,9.9237413,105.2736878,82,Moderate,1,27.1,95,0.0,7.3,226,1009.4,83,79.4,83.1,233.0,33.3,34.0,10.6
2025-06-02 23:00:00,2025,6,2,23,An Giang,Xã Giồng Riềng,9.9237413,105.2736878,85,Moderate,1,27.0,95,0.0,6.7,232,1009.2,100,68.7,72.2,231.0,31.8,34.0,9.5
2025-06-03 00:00:00,2025,6,3,0,An Giang,Xã Giồng Riềng,9.9237413,105.2736878,88,Moderate,1,27.0,95,0.0,5.9,230,1009.3,100,59.8,63.3,233.0,27.3,37.0,7.3
2025-06-03 01:00:00,2025,6,3,1,An Giang,Xã Giồng Riềng,9.9237413,105.2736878,90,Moderate,1,26.9,95,0.0,5.4,230,1008.8,100,56.0,59.5,229.0,22.4,41.0,5.4
2025-06-03 02:00:00,2025,6,3,2,An Giang,Xã Giồng Riềng,9.9237413,105.2736878,93,Moderate,1,26.8,93,0.2,7.1,232,1008.3,100,48.0,51.3,207.0,17.0,46.0,4.0
2025-06-03 03:00:00,2025,6,3,3,An Giang,Xã Giồng Riềng,9.9237413,105.2736878,95,Moderate,1,26.8,92,0.0,8.8,239,1008.0,100,26.1,29.6,178.0,11.2,51.0,2.7
2025-06-03 04:00:00,2025,6,3,4,An Giang,Xã Giồng Riềng,9.9237413,105.2736878,94,Moderate,1,26.3,92,0.0,11.4,247,1008.2,94,17.2,20.3,161.0,7.3,54.0,2.0
2025-06-03 05:00:00,2025,6,3,5,An Giang,Xã Giồng Riềng,9.9237413,105.2736878,93,Moderate,1,26.0,90,0.0,14.4,255,1008.8,68,21.4,23.9,171.0,7.1,51.0,2.1
2025-06-03 06:00:00,2025,6,3,6,An Giang,Xã Giồng Riềng,9.9237413,105.2736878,93,Moderate,1,25.5,93,0.0,11.9,245,1009.6,96,22.5,24.5,193.0,8.9,46.0,2.8
2025-06-03 07:00:00,2025,6,3,7,An Giang,Xã Giồng Riềng,9.9237413,105.2736878,93,Moderate,1,26.5,90,0.0,10.0,237,1009.7,100,17.6,18.7,208.0,9.1,48.0,3.0
2025-06-03 08:00:00,2025,6,3,8,An Giang,Xã Giồng Riềng,9.9237413,105.2736878,92,Moderate,1,25.4,95,2.0,8.6,234,1010.8,100,16.0,17.0,207.0,9.3,48.0,3.6
2025-06-03 09:00:00,2025,6,3,9,An Giang,Xã Giồng Riềng,9.9237413,105.2736878,92,Moderate,1,26.3,92,1.0,11.7,245,1010.9,100,14.6,15.4,198.0,9.5,48.0,4.3
2025-06-03 10:00:00,2025,6,3,10,An Giang,Xã Giồng Riềng,9.9237413,105.2736878,91,Moderate,1,27.0,90,0.3,10.7,237,1011.0,100,14.1,14.7,186.0,9.4,48.0,4.8
2025-06-03 11:00:00,2025,6,3,11,An Giang,Xã Giồng Riềng,9.9237413,105.2736878,91,Moderate,1,28.0,89,0.6,12.1,238,1010.5,100,11.9,12.4,172.0,8.6,49.0,4.7
2025-06-03 12:00:00,2025,6,3,12,An Giang,Xã Giồng Riềng,9.9237413,105.2736878,91,Moderate,1,27.2,92,2.0,12.4,230,1009.7,100,11.7,12.1,155.0,7.4,50.0,4.3
2025-06-03 13:00:00,2025,6,3,13,An Giang,Xã Giồng Riềng,9.9237413,105.2736878,91,Moderate,1,27.1,91,2.1,13.4,228,1009.0,100,12.0,12.6,142.0,6.5,50.0,3.9
2025-06-03 14:00:00,2025,6,3,14,An Giang,Xã Giồng Riềng,9.9237413,105.2736878,90,Moderate,1,27.5,90,1.5,16.2,235,1007.8,100,12.0,12.7,135.0,5.8,49.0,3.5
2025-06-03 15:00:00,2025,6,3,15,An Giang,Xã Giồng Riềng,9.9237413,105.2736878,90,Moderate,1,27.7,87,0.4,17.6,246,1007.2,100,13.0,13.8,131.0,5.2,46.0,3.1
2025-06-03 16:00:00,2025,6,3,16,An Giang,Xã Giồng Riềng,9.9237413,105.2736878,90,Moderate,1,27.1,91,0.6,12.4,242,1007.0,100,12.5,13.3,133.0,5.5,43.0,3.0
2025-06-03 17:00:00,2025,6,3,17,An Giang,Xã Giồng Riềng,9.9237413,105.2736878,90,Moderate,1,27.0,93,0.8,10.0,244,1007.2,100,13.3,14.4,144.0,7.0,39.0,3.2
2025-06-03 18:00:00,2025,6,3,18,An Giang,Xã Giồng Riềng,9.9237413,105.2736878,90,Moderate,1,26.6,94,0.7,9.1,252,1007.7,100,16.9,18.3,161.0,9.4,35.0,3.7
2025-06-03 19:00:00,2025,6,3,19,An Giang,Xã Giồng Riềng,9.9237413,105.2736878,89,Moderate,1,26.2,93,0.5,11.8,259,1008.1,100,29.6,31.7,169.0,14.9,27.0,5.0
2025-06-03 20:00:00,2025,6,3,20,An Giang,Xã Giồng Riềng,9.9237413,105.2736878,88,Moderate,1,27.1,88,0.0,10.3,251,1008.0,100,34.3,36.7,162.0,13.9,29.0,4.8
2025-06-03 21:00:00,2025,6,3,21,An Giang,Xã Giồng Riềng,9.9237413,105.2736878,86,Moderate,1,27.0,88,0.0,9.1,260,1008.8,100,29.4,31.9,147.0,12.6,32.0,4.5
2025-06-03 22:00:00,2025,6,3,22,An Giang,Xã Giồng Riềng,9.9237413,105.2736878,83,Moderate,1,27.1,88,0.0,9.0,239,1009.4,100,22.9,25.5,135.0,11.4,34.0,4.2
2025-06-03 23:00:00,2025,6,3,23,An Giang,Xã Giồng Riềng,9.9237413,105.2736878,78,Moderate,1,26.9,90,0.1,6.8,233,1009.6,88,20.8,23.4,131.0,10.6,36.0,3.7
2025-06-04 00:00:00,2025,6,4,0,An Giang,Xã Giồng Riềng,9.9237413,105.2736878,74,Moderate,1,26.5,91,0.0,7.7,229,1009.3,100,19.6,22.4,130.0,10.0,37.0,3.1
2025-06-04 01:00:00,2025,6,4,1,An Giang,Xã Giồng Riềng,9.9237413,105.2736878,70,Moderate,1,26.7,90,0.0,10.1,241,1008.7,69,19.8,22.6,129.0,9.7,38.0,2.7
2025-06-04 02:00:00,2025,6,4,2,An Giang,Xã Giồng Riềng,9.9237413,105.2736878,67,Moderate,1,26.4,90,0.0,8.9,232,1008.1,100,20.4,23.1,124.0,9.9,38.0,2.5
2025-06-04 03:00:00,2025,6,4,3,An Giang,Xã Giồng Riềng,9.9237413,105.2736878,64,Moderate,1,26.4,87,0.1,11.0,232,1007.6,100,21.8,24.6,118.0,10.3,37.0,2.4
2025-06-04 04:00:00,2025,6,4,4,An Giang,Xã Giồng Riềng,9.9237413,105.2736878,64,Moderate,1,26.1,87,0.1,11.6,231,1007.3,99,21.7,24.7,117.0,10.5,36.0,2.5
2025-06-04 05:00:00,2025,6,4,5,An Giang,Xã Giồng Riềng,9.9237413,105.2736878,64,Moderate,1,26.0,88,0.0,11.6,224,1007.7,48,22.1,25.4,127.0,10.4,35.0,2.8
2025-06-04 06:00:00,2025,6,4,6,An Giang,Xã Giồng Riềng,9.9237413,105.2736878,64,Moderate,1,26.0,90,0.0,12.1,228,1008.6,30,25.0,28.5,142.0,10.0,33.0,3.1
2025-06-04 07:00:00,2025,6,4,7,An Giang,Xã Giồng Riềng,9.9237413,105.2736878,65,Moderate,1,26.9,89,0.1,17.5,242,1009.6,74,25.7,28.7,151.0,8.7,35.0,3.8
2025-06-04 08:00:00,2025,6,4,8,An Giang,Xã Giồng Riềng,9.9237413,105.2736878,65,Moderate,1,27.9,83,0.3,15.8,233,1009.6,83,16.5,21.0,146.0,6.7,44.0,3.4
2025-06-04 09:00:00,2025,6,4,9,An Giang,Xã Giồng Riềng,9.9237413,105.2736878,65,Moderate,1,27.0,88,2.3,15.6,233,1010.7,86,13.4,18.3,135.0,4.0,57.0,2.9
2025-06-04 10:00:00,2025,6,4,10,An Giang,Xã Giồng Riềng,9.9237413,105.2736878,65,Moderate,1,27.5,86,0.3,17.7,237,1010.7,81,11.5,16.2,126.0,1.9,67.0,2.5
2025-06-04 11:00:00,2025,6,4,11,An Giang,Xã Giồng Riềng,9.9237413,105.2736878,65,Moderate,1,28.3,83,0.2,18.5,248,1009.9,94,9.7,14.4,123.0,1.1,70.0,2.2
2025-06-04 12:00:00,2025,6,4,12,An Giang,Xã Giồng Riềng,9.9237413,105.2736878,65,Moderate,1,29.4,78,0.1,17.4,252,1009.1,98,8.8,13.5,122.0,1.0,70.0,1.9
2025-06-04 13:00:00,2025,6,4,13,An Giang,Xã Giồng Riềng,9.9237413,105.2736878,65,Moderate,1,29.5,76,0.5,18.9,256,1008.5,100,8.8,14.3,122.0,1.2,68.0,1.7
2025-06-04 14:00:00,2025,6,4,14,An Giang,Xã Giồng Riềng,9.9237413,105.2736878,64,Moderate,1,29.1,81,0.7,16.5,247,1007.3,100,9.4,15.2,119.0,1.4,65.0,1.6
2025-06-04 15:00:00,2025,6,4,15,An Giang,Xã Giồng Riềng,9.9237413,105.2736878,64,Moderate,1,29.4,78,0.0,17.2,255,1006.6,36,9.9,16.3,117.0,1.9,61.0,1.6
2025-06-04 16:00:00,2025,6,4,16,An Giang,Xã Giồng Riềng,9.9237413,105.2736878,64,Moderate,1,29.4,77,0.0,15.7,259,1006.1,43,12.1,18.2,119.0,3.0,57.0,1.8
2025-06-04 17:00:00,2025,6,4,17,An Giang,Xã Giồng Riềng,9.9237413,105.2736878,64,Moderate,1,29.0,80,0.0,14.4,261,1006.7,54,13.7,18.9,129.0,5.1,53.0,2.4
2025-06-04 18:00:00,2025,6,4,18,An Giang,Xã Giồng Riềng,9.9237413,105.2736878,64,Moderate,1,28.1,82,0.0,10.0,255,1007.7,59,16.4,21.4,144.0,7.8,48.0,3.2
2025-06-04 19:00:00,2025,6,4,19,An Giang,Xã Giồng Riềng,9.9237413,105.2736878,64,Moderate,1,27.5,83,0.0,10.4,238,1007.9,44,27.2,32.6,156.0,13.8,40.0,5.2
2025-06-04 20:00:00,2025,6,4,20,An Giang,Xã Giồng Riềng,9.9237413,105.2736878,64,Moderate,1,26.9,89,0.0,7.3,208,1008.5,94,34.3,39.1,162.0,14.9,37.0,5.5
2025-06-04 21:00:00,2025,6,4,21,An Giang,Xã Giồng Riềng,9.9237413,105.2736878,64,Moderate,1,26.5,90,0.0,6.5,212,1009.4,74,35.9,40.9,165.0,16.6,32.0,5.9
2025-06-04 22:00:00,2025,6,4,22,An Giang,Xã Giồng Riềng,9.9237413,105.2736878,64,Moderate,1,26.4,90,0.1,10.9,251,1010.1,96,38.3,43.9,163.0,18.0,28.0,6.0
2025-06-04 23:00:00,2025,6,4,23,An Giang,Xã Giồng Riềng,9.9237413,105.2736878,65,Moderate,1,25.7,91,0.1,11.3,256,1010.1,100,43.2,49.6,151.0,19.3,25.0,5.6
2025-06-05 00:00:00,2025,6,5,0,An Giang,Xã Giồng Riềng,9.9237413,105.2736878,67,Moderate,1,25.4,93,0.0,9.2,247,1009.8,100,47.0,54.1,133.0,20.3,23.0,5.0
2025-06-05 01:00:00,2025,6,5,1,An Giang,Xã Giồng Riềng,9.9237413,105.2736878,70,Moderate,1,25.5,93,0.0,7.6,239,1009.1,100,46.7,54.0,120.0,20.6,22.0,4.4
2025-06-05 02:00:00,2025,6,5,2,An Giang,Xã Giồng Riềng,9.9237413,105.2736878,72,Moderate,1,25.2,96,0.0,8.7,230,1008.6,75,44.1,51.9,116.0,19.7,23.0,4.0
2025-06-05 03:00:00,2025,6,5,3,An Giang,Xã Giồng Riềng,9.9237413,105.2736878,74,Moderate,1,25.4,96,0.0,7.3,222,1008.2,96,43.1,51.0,118.0,18.0,26.0,3.6
2025-06-05 04:00:00,2025,6,5,4,An Giang,Xã Giồng Riềng,9.9237413,105.2736878,76,Moderate,1,25.4,96,0.0,8.7,227,1008.3,99,37.5,44.7,123.0,15.8,29.0,3.3
2025-06-05 05:00:00,2025,6,5,5,An Giang,Xã Giồng Riềng,9.9237413,105.2736878,78,Moderate,1,25.5,95,0.0,12.8,248,1008.6,99,26.7,32.8,134.0,12.9,33.0,3.1
2025-06-05 06:00:00,2025,6,5,6,An Giang,Xã Giồng Riềng,9.9237413,105.2736878,78,Moderate,1,25.2,94,0.0,8.5,243,1008.9,94,19.7,24.9,149.0,9.6,38.0,3.0
2025-06-05 07:00:00,2025,6,5,7,An Giang,Xã Giồng Riềng,9.9237413,105.2736878,78,Moderate,1,26.4,93,0.0,6.8,230,1009.3,25,14.8,18.5,157.0,6.0,46.0,2.8
2025-06-05 08:00:00,2025,6,5,8,An Giang,Xã Giồng Riềng,9.9237413,105.2736878,77,Moderate,1,28.8,83,0.1,13.4,248,1009.7,30,11.5,14.4,152.0,4.8,52.0,2.7
2025-06-05 09:00:00,2025,6,5,9,An Giang,Xã Giồng Riềng,9.9237413,105.2736878,76,Moderate,1,29.6,79,0.1,14.9,249,1009.7,20,10.0,12.8,140.0,3.2,60.0,2.5
2025-06-05 10:00:00,2025,6,5,10,An Giang,Xã Giồng Riềng,9.9237413,105.2736878,76,Moderate,1,30.5,74,0.0,15.9,252,1009.8,35,9.0,12.0,130.0,1.9,66.0,2.3
2025-06-05 11:00:00,2025,6,5,11,An Giang,Xã Giồng Riềng,9.9237413,105.2736878,76,Moderate,1,29.7,74,0.8,18.0,254,1009.7,95,7.3,10.4,123.0,1.4,68.0,2.1
2025-06-05 12:00:00,2025,6,5,12,An Giang,Xã Giồng Riềng,9.9237413,105.2736878,75,Moderate,1,30.2,76,0.4,16.0,262,1008.8,55,6.8,10.2,118.0,1.3,67.0,1.9
2025-06-05 13:00:00,2025,6,5,13,An Giang,Xã Giồng Riềng,9.9237413,105.2736878,75,Moderate,1,30.4,71,0.3,18.1,265,1008.1,85,6.9,10.9,115.0,1.4,66.0,1.8
2025-06-05 14:00:00,2025,6,5,14,An Giang,Xã Giồng Riềng,9.9237413,105.2736878,75,Moderate,1,30.0,74,0.4,18.3,263,1007.2,97,7.5,11.4,113.0,1.4,66.0,1.7
2025-06-05 15:00:00,2025,6,5,15,An Giang,Xã Giồng Riềng,9.9237413,105.2736878,75,Moderate,1,29.8,77,1.1,15.6,256,1006.8,100,7.5,11.2,113.0,1.6,65.0,1.6
2025-06-05 16:00:00,2025,6,5,16,An Giang,Xã Giồng Riềng,9.9237413,105.2736878,75,Moderate,1,29.2,79,0.2,14.3,252,1006.5,100,8.5,13.3,118.0,2.4,63.0,1.8
2025-06-05 17:00:00,2025,6,5,17,An Giang,Xã Giồng Riềng,9.9237413,105.2736878,74,Moderate,1,28.6,84,0.0,11.1,254,1006.9,98,9.4,12.9,132.0,4.4,58.0,2.3
2025-06-05 18:00:00,2025,6,5,18,An Giang,Xã Giồng Riềng,9.9237413,105.2736878,74,Moderate,1,28.0,84,0.0,9.9,235,1007.2,81,13.7,16.4,151.0,7.0,51.0,3.0
2025-06-05 19:00:00,2025,6,5,19,An Giang,Xã Giồng Riềng,9.9237413,105.2736878,74,Moderate,1,27.3,86,0.0,10.1,241,1007.9,98,15.0,19.1,163.0,7.4,47.0,3.0
2025-06-05 20:00:00,2025,6,5,20,An Giang,Xã Giồng Riềng,9.9237413,105.2736878,73,Moderate,1,27.5,84,0.0,11.2,220,1008.3,82,15.1,18.2,164.0,8.1,45.0,3.3
2025-06-05 21:00:00,2025,6,5,21,An Giang,Xã Giồng Riềng,9.9237413,105.2736878,71,Moderate,1,27.0,85,0.0,9.6,214,1009.2,86,16.2,18.7,160.0,9.2,42.0,3.6
2025-06-05 22:00:00,2025,6,5,22,An Giang,Xã Giồng Riềng,9.9237413,105.2736878,69,Moderate,1,26.5,88,0.0,9.4,206,1009.7,85,20.3,22.5,153.0,10.3,39.0,3.8
2025-06-05 23:00:00,2025,6,5,23,An Giang,Xã Giồng Riềng,9.9237413,105.2736878,68,Moderate,1,26.4,89,0.0,10.4,212,1010.2,90,26.3,28.3,144.0,11.8,35.0,3.7
2025-06-06 00:00:00,2025,6,6,0,An Giang,Xã Giồng Riềng,9.9237413,105.2736878,66,Moderate,1,26.3,90,0.0,9.8,220,1009.5,76,29.9,31.9,133.0,13.5,31.0,3.5
2025-06-06 01:00:00,2025,6,6,1,An Giang,Xã Giồng Riềng,9.9237413,105.2736878,65,Moderate,1,26.0,91,0.0,6.5,226,1008.9,69,27.5,29.6,125.0,14.0,30.0,3.2
2025-06-06 02:00:00,2025,6,6,2,An Giang,Xã Giồng Riềng,9.9237413,105.2736878,63,Moderate,1,26.0,90,0.0,7.9,237,1008.1,89,22.6,24.7,120.0,12.5,33.0,2.8
2025-06-06 03:00:00,2025,6,6,3,An Giang,Xã Giồng Riềng,9.9237413,105.2736878,61,Moderate,1,26.4,88,0.0,8.5,242,1007.9,92,18.7,20.8,117.0,10.0,38.0,2.4
2025-06-06 04:00:00,2025,6,6,4,An Giang,Xã Giồng Riềng,9.9237413,105.2736878,59,Moderate,1,26.1,89,0.0,6.8,238,1007.9,100,15.7,18.1,118.0,7.9,42.0,2.1
2025-06-06 05:00:00,2025,6,6,5,An Giang,Xã Giồng Riềng,9.9237413,105.2736878,57,Moderate,1,26.5,88,0.0,9.4,246,1008.7,100,16.2,18.6,129.0,7.1,43.0,2.3
2025-06-06 06:00:00,2025,6,6,6,An Giang,Xã Giồng Riềng,9.9237413,105.2736878,56,Moderate,1,26.4,89,0.0,10.5,243,1009.4,100,18.3,20.6,144.0,6.9,44.0,2.6
2025-06-06 07:00:00,2025,6,6,7,An Giang,Xã Giồng Riềng,9.9237413,105.2736878,56,Moderate,1,26.2,89,0.7,14.3,264,1010.3,100,18.5,22.2,152.0,6.9,44.0,3.0
2025-06-06 08:00:00,2025,6,6,8,An Giang,Xã Giồng Riềng,9.9237413,105.2736878,56,Moderate,1,29.1,80,0.3,13.7,247,1009.6,100,13.3,17.5,146.0,5.6,48.0,2.7
2025-06-06 09:00:00,2025,6,6,9,An Giang,Xã Giồng Riềng,9.9237413,105.2736878,56,Moderate,1,29.2,80,0.7,15.9,245,1010.1,100,11.5,15.4,134.0,3.9,55.0,2.3
2025-06-06 10:00:00,2025,6,6,10,An Giang,Xã Giồng Riềng,9.9237413,105.2736878,57,Moderate,1,28.5,81,2.3,19.6,251,1010.5,98,10.7,15.2,124.0,2.5,60.0,2.0
2025-06-06 11:00:00,2025,6,6,11,An Giang,Xã Giồng Riềng,9.9237413,105.2736878,57,Moderate,1,29.0,82,0.3,14.3,249,1010.0,100,10.4,14.1,121.0,1.8,64.0,1.8
2025-06-06 12:00:00,2025,6,6,12,An Giang,Xã Giồng Riềng,9.9237413,105.2736878,57,Moderate,1,30.0,78,0.0,15.0,256,1008.7,100,8.8,11.9,120.0,1.5,67.0,1.7
2025-06-06 13:00:00,2025,6,6,13,An Giang,Xã Giồng Riềng,9.9237413,105.2736878,57,Moderate,1,30.7,74,0.0,16.5,247,1007.8,100,8.5,11.6,120.0,1.5,68.0,1.7
2025-06-06 14:00:00,2025,6,6,14,An Giang,Xã Giồng Riềng,9.9237413,105.2736878,57,Moderate,1,30.2,76,0.0,17.4,256,1006.6,100,7.8,10.8,117.0,1.5,66.0,1.6
2025-06-06 15:00:00,2025,6,6,15,An Giang,Xã Giồng Riềng,9.9237413,105.2736878,57,Moderate,1,30.1,75,0.1,17.5,258,1006.2,100,7.5,10.5,114.0,1.7,63.0,1.6
2025-06-06 16:00:00,2025,6,6,16,An Giang,Xã Giồng Riềng,9.9237413,105.2736878,57,Moderate,1,29.8,76,0.0,15.3,254,1005.9,100,8.9,11.4,118.0,2.8,58.0,1.8
2025-06-06 17:00:00,2025,6,6,17,An Giang,Xã Giồng Riềng,9.9237413,105.2736878,57,Moderate,1,29.3,79,0.0,11.1,256,1006.7,100,12.8,14.9,136.0,5.5,52.0,2.5
2025-06-06 18:00:00,2025,6,6,18,An Giang,Xã Giồng Riềng,9.9237413,105.2736878,58,Moderate,1,28.4,84,0.0,7.4,244,1007.6,100,16.7,18.7,159.0,9.0,46.0,3.5
2025-06-06 19:00:00,2025,6,6,19,An Giang,Xã Giồng Riềng,9.9237413,105.2736878,58,Moderate,1,27.8,85,0.0,8.2,234,1007.8,100,22.4,25.0,174.0,11.0,45.0,4.0
2025-06-06 20:00:00,2025,6,6,20,An Giang,Xã Giồng Riềng,9.9237413,105.2736878,59,Moderate,1,27.8,87,0.0,7.6,202,1008.3,100,29.6,31.9,170.0,12.8,42.0,4.6
2025-06-06 21:00:00,2025,6,6,21,An Giang,Xã Giồng Riềng,9.9237413,105.2736878,60,Moderate,1,27.5,86,0.0,9.5,213,1009.2,100,33.6,35.9,158.0,15.3,37.0,5.3
2025-06-06 22:00:00,2025,6,6,22,An Giang,Xã Giồng Riềng,9.9237413,105.2736878,61,Moderate,1,27.4,86,0.0,8.7,228,1009.1,100,35.3,37.4,145.0,16.9,33.0,5.7
2025-06-06 23:00:00,2025,6,6,23,An Giang,Xã Giồng Riềng,9.9237413,105.2736878,63,Moderate,1,27.2,87,0.0,9.1,232,1009.2,100,33.4,35.5,135.0,16.9,32.0,5.3
2025-06-07 00:00:00,2025,6,7,0,An Giang,Xã Giồng Riềng,9.9237413,105.2736878,63,Moderate,1,27.0,87,0.0,9.8,218,1009.0,84,32.5,34.6,126.0,16.0,31.0,4.4
2025-06-07 01:00:00,2025,6,7,1,An Giang,Xã Giồng Riềng,9.9237413,105.2736878,64,Moderate,1,26.6,88,0.0,9.9,241,1008.2,100,32.0,34.0,120.0,15.1,31.0,3.7
2025-06-07 02:00:00,2025,6,7,2,An Giang,Xã Giồng Riềng,9.9237413,105.2736878,64,Moderate,1,26.5,89,0.0,10.1,227,1007.3,100,31.3,33.3,117.0,14.7,30.0,3.4
2025-06-07 03:00:00,2025,6,7,3,An Giang,Xã Giồng Riềng,9.9237413,105.2736878,65,Moderate,1,26.2,91,0.0,10.6,222,1006.7,100,30.3,32.2,116.0,14.3,30.0,3.2
2025-06-07 04:00:00,2025,6,7,4,An Giang,Xã Giồng Riềng,9.9237413,105.2736878,66,Moderate,1,26.0,92,0.0,7.4,209,1007.2,100,28.5,30.6,120.0,13.4,30.0,3.1
2025-06-07 05:00:00,2025,6,7,5,An Giang,Xã Giồng Riềng,9.9237413,105.2736878,67,Moderate,1,25.8,93,0.0,5.7,208,1007.7,100,28.1,30.5,133.0,11.6,32.0,3.1
2025-06-07 06:00:00,2025,6,7,6,An Giang,Xã Giồng Riềng,9.9237413,105.2736878,68,Moderate,1,25.8,95,0.0,3.5,235,1008.3,98,25.5,28.3,151.0,9.4,35.0,3.2
2025-06-07 07:00:00,2025,6,7,7,An Giang,Xã Giồng Riềng,9.9237413,105.2736878,69,Moderate,1,26.5,92,0.0,7.9,253,1008.7,100,29.2,31.1,161.0,10.0,33.0,3.7
2025-06-07 08:00:00,2025,6,7,8,An Giang,Xã Giồng Riềng,9.9237413,105.2736878,70,Moderate,1,26.8,88,4.4,12.0,244,1009.8,100,17.8,21.3,156.0,7.5,42.0,3.2
2025-06-07 09:00:00,2025,6,7,9,An Giang,Xã Giồng Riềng,9.9237413,105.2736878,70,Moderate,1,27.2,86,0.0,16.7,234,1010.0,100,13.8,18.0,144.0,4.1,55.0,2.5
2025-06-07 10:00:00,2025,6,7,10,An Giang,Xã Giồng Riềng,9.9237413,105.2736878,70,Moderate,1,28.8,79,0.0,14.6,244,1009.8,100,10.6,15.3,134.0,1.9,63.0,2.0
2025-06-07 11:00:00,2025,6,7,11,An Giang,Xã Giồng Riềng,9.9237413,105.2736878,70,Moderate,1,29.2,79,0.0,14.9,248,1009.4,100,9.7,14.9,129.0,1.9,62.0,1.9
2025-06-07 12:00:00,2025,6,7,12,An Giang,Xã Giồng Riềng,9.9237413,105.2736878,70,Moderate,1,28.8,78,0.8,15.4,251,1008.8,100,10.2,14.6,126.0,3.0,56.0,2.0
2025-06-07 13:00:00,2025,6,7,13,An Giang,Xã Giồng Riềng,9.9237413,105.2736878,70,Moderate,1,29.0,79,0.1,17.8,246,1007.8,100,11.8,15.1,125.0,4.1,51.0,2.2
2025-06-07 14:00:00,2025,6,7,14,An Giang,Xã Giồng Riềng,9.9237413,105.2736878,71,Moderate,1,29.5,78,0.2,18.2,247,1006.7,100,13.4,16.6,125.0,4.6,50.0,2.4
2025-06-07 15:00:00,2025,6,7,15,An Giang,Xã Giồng Riềng,9.9237413,105.2736878,71,Moderate,1,27.7,84,4.6,12.3,238,1006.5,100,14.4,17.6,128.0,5.0,51.0,2.8
2025-06-07 16:00:00,2025,6,7,16,An Giang,Xã Giồng Riềng,9.9237413,105.2736878,72,Moderate,1,27.7,85,0.1,11.3,224,1006.3,100,15.8,18.9,132.0,5.9,50.0,3.1
2025-06-07 17:00:00,2025,6,7,17,An Giang,Xã Giồng Riềng,9.9237413,105.2736878,72,Moderate,1,28.0,85,0.0,10.7,240,1006.6,100,16.7,19.7,140.0,7.7,47.0,3.5
2025-06-07 18:00:00,2025,6,7,18,An Giang,Xã Giồng Riềng,9.9237413,105.2736878,73,Moderate,1,27.5,86,0.0,7.9,240,1006.8,100,18.5,21.4,151.0,10.0,43.0,3.9
2025-06-07 19:00:00,2025,6,7,19,An Giang,Xã Giồng Riềng,9.9237413,105.2736878,73,Moderate,1,27.0,87,0.0,11.3,239,1007.7,100,21.6,25.1,157.0,10.0,42.0,3.8
2025-06-07 20:00:00,2025,6,7,20,An Giang,Xã Giồng Riềng,9.9237413,105.2736878,73,Moderate,1,26.9,87,1.1,10.3,237,1008.3,85,25.2,28.6,155.0,11.2,40.0,4.1
2025-06-07 21:00:00,2025,6,7,21,An Giang,Xã Giồng Riềng,9.9237413,105.2736878,72,Moderate,1,25.4,93,0.6,15.4,234,1009.0,78,27.4,31.0,149.0,12.8,37.0,4.6
2025-06-07 22:00:00,2025,6,7,22,An Giang,Xã Giồng Riềng,9.9237413,105.2736878,72,Moderate,1,24.9,94,0.0,9.8,215,1009.3,100,29.0,32.6,142.0,13.2,36.0,4.6
2025-06-07 23:00:00,2025,6,7,23,An Giang,Xã Giồng Riềng,9.9237413,105.2736878,71,Moderate,1,24.9,95,0.0,9.3,221,1009.2,91,27.9,31.5,135.0,11.0,40.0,3.7
2025-06-08 00:00:00,2025,6,8,0,An Giang,Xã Giồng Riềng,9.9237413,105.2736878,71,Moderate,1,24.9,96,0.0,10.9,202,1008.8,82,19.9,23.5,127.0,7.7,47.0,2.4
2025-06-08 01:00:00,2025,6,8,1,An Giang,Xã Giồng Riềng,9.9237413,105.2736878,70,Moderate,1,24.4,97,2.9,14.4,234,1008.7,99,15.0,18.5,121.0,6.1,50.0,1.6
2025-06-08 02:00:00,2025,6,8,2,An Giang,Xã Giồng Riềng,9.9237413,105.2736878,68,Moderate,1,24.2,97,0.1,10.1,207,1008.0,98,17.9,20.9,115.0,8.3,45.0,1.8
2025-06-08 03:00:00,2025,6,8,3,An Giang,Xã Giồng Riềng,9.9237413,105.2736878,67,Moderate,1,24.0,98,0.2,6.2,234,1006.6,100,25.1,27.8,110.0,12.3,37.0,2.5
2025-06-08 04:00:00,2025,6,8,4,An Giang,Xã Giồng Riềng,9.9237413,105.2736878,66,Moderate,1,24.2,98,0.1,7.0,215,1006.8,99,31.0,33.2,111.0,14.6,32.0,3.0
2025-06-08 05:00:00,2025,6,8,5,An Giang,Xã Giồng Riềng,9.9237413,105.2736878,67,Moderate,1,24.5,97,0.1,8.2,232,1007.0,98,32.8,34.7,124.0,13.6,33.0,3.0
2025-06-08 06:00:00,2025,6,8,6,An Giang,Xã Giồng Riềng,9.9237413,105.2736878,67,Moderate,1,25.0,96,0.0,8.3,196,1007.8,75,26.8,28.3,144.0,10.9,37.0,2.8
2025-06-08 07:00:00,2025,6,8,7,An Giang,Xã Giồng Riềng,9.9237413,105.2736878,67,Moderate,1,24.7,95,2.2,11.6,229,1008.9,100,16.9,19.3,157.0,6.5,44.0,2.7
2025-06-08 08:00:00,2025,6,8,8,An Giang,Xã Giồng Riềng,9.9237413,105.2736878,66,Moderate,1,25.4,93,4.6,15.1,250,1009.6,100,14.2,16.6,157.0,5.1,48.0,2.5
2025-06-08 09:00:00,2025,6,8,9,An Giang,Xã Giồng Riềng,9.9237413,105.2736878,66,Moderate,1,26.1,91,11.5,12.0,235,1009.6,97,10.4,13.0,151.0,3.2,54.0,2.3
2025-06-08 10:00:00,2025,6,8,10,An Giang,Xã Giồng Riềng,9.9237413,105.2736878,65,Moderate,1,26.9,90,0.7,14.2,249,1009.4,100,8.8,11.1,142.0,1.9,57.0,2.1
2025-06-08 11:00:00,2025,6,8,11,An Giang,Xã Giồng Riềng,9.9237413,105.2736878,65,Moderate,1,28.3,85,0.3,17.8,258,1009.0,100,7.7,9.7,131.0,1.7,56.0,1.9
2025-06-08 12:00:00,2025,6,8,12,An Giang,Xã Giồng Riềng,9.9237413,105.2736878,65,Moderate,1,28.2,81,0.1,17.3,260,1008.2,94,6.8,8.6,118.0,2.0,53.0,1.8
2025-06-08 13:00:00,2025,6,8,13,An Giang,Xã Giồng Riềng,9.9237413,105.2736878,65,Moderate,1,29.8,74,0.0,21.3,257,1007.1,95,7.9,9.3,109.0,2.6,50.0,1.8
2025-06-08 14:00:00,2025,6,8,14,An Giang,Xã Giồng Riềng,9.9237413,105.2736878,64,Moderate,1,29.8,74,0.1,21.5,254,1006.0,89,9.4,10.9,105.0,3.3,47.0,2.0
2025-06-08 15:00:00,2025,6,8,15,An Giang,Xã Giồng Riềng,9.9237413,105.2736878,64,Moderate,1,29.1,77,0.1,18.6,250,1005.3,76,10.0,11.5,106.0,4.3,45.0,2.3
2025-06-08 16:00:00,2025,6,8,16,An Giang,Xã Giồng Riềng,9.9237413,105.2736878,64,Moderate,1,29.0,77,0.0,17.6,247,1005.0,100,13.4,14.8,110.0,5.6,42.0,2.7
2025-06-08 17:00:00,2025,6,8,17,An Giang,Xã Giồng Riềng,9.9237413,105.2736878,64,Moderate,1,28.3,81,0.0,12.9,243,1005.5,100,15.4,16.8,120.0,7.4,39.0,3.1
2025-06-08 18:00:00,2025,6,8,18,An Giang,Xã Giồng Riềng,9.9237413,105.2736878,63,Moderate,1,27.5,83,0.0,10.8,234,1006.2,100,18.0,19.4,133.0,9.4,36.0,3.6
2025-06-08 19:00:00,2025,6,8,19,An Giang,Xã Giồng Riềng,9.9237413,105.2736878,63,Moderate,1,27.0,85,0.0,7.1,221,1007.1,100,39.3,40.7,147.0,20.5,24.0,6.6
2025-06-08 20:00:00,2025,6,8,20,An Giang,Xã Giồng Riềng,9.9237413,105.2736878,65,Moderate,1,26.6,87,0.0,12.4,261,1008.3,99,39.7,41.1,164.0,20.2,24.0,6.5
2025-06-08 21:00:00,2025,6,8,21,An Giang,Xã Giồng Riềng,9.9237413,105.2736878,66,Moderate,1,25.6,91,0.3,10.8,260,1008.5,100,39.2,40.6,181.0,19.7,23.0,6.3
2025-06-08 22:00:00,2025,6,8,22,An Giang,Xã Giồng Riềng,9.9237413,105.2736878,67,Moderate,1,25.4,93,0.8,9.9,245,1009.3,100,37.6,39.0,188.0,18.5,24.0,5.8
2025-06-08 23:00:00,2025,6,8,23,An Giang,Xã Giồng Riềng,9.9237413,105.2736878,68,Moderate,1,25.5,94,0.2,6.0,260,1008.8,100,31.0,32.6,177.0,15.8,27.0,4.8
2025-06-09 00:00:00,2025,6,9,0,An Giang,Xã Giồng Riềng,9.9237413,105.2736878,68,Moderate,1,25.8,94,0.1,12.8,251,1008.8,100,23.8,25.8,156.0,12.4,31.0,3.5
2025-06-09 01:00:00,2025,6,9,1,An Giang,Xã Giồng Riềng,9.9237413,105.2736878,69,Moderate,1,25.1,94,0.1,13.5,241,1007.7,100,20.6,22.9,138.0,9.8,35.0,2.5
2025-06-09 02:00:00,2025,6,9,2,An Giang,Xã Giồng Riềng,9.9237413,105.2736878,69,Moderate,1,24.9,95,0.2,10.7,237,1007.5,99,16.1,18.5,124.0,8.8,37.0,2.1
2025-06-09 03:00:00,2025,6,9,3,An Giang,Xã Giồng Riềng,9.9237413,105.2736878,69,Moderate,1,24.9,96,0.2,15.1,231,1007.0,100,14.4,16.4,112.0,8.6,38.0,2.1
2025-06-09 04:00:00,2025,6,9,4,An Giang,Xã Giồng Riềng,9.9237413,105.2736878,68,Moderate,1,24.8,96,0.3,10.2,244,1006.8,71,16.2,17.9,109.0,8.2,39.0,2.1
2025-06-09 05:00:00,2025,6,9,5,An Giang,Xã Giồng Riềng,9.9237413,105.2736878,67,Moderate,1,24.9,95,0.2,9.2,231,1006.3,93,20.2,21.6,124.0,7.4,40.0,2.2
2025-06-09 06:00:00,2025,6,9,6,An Giang,Xã Giồng Riềng,9.9237413,105.2736878,66,Moderate,1,25.0,95,0.2,12.1,217,1007.2,81,19.2,20.4,148.0,6.4,41.0,2.3
2025-06-09 07:00:00,2025,6,9,7,An Giang,Xã Giồng Riềng,9.9237413,105.2736878,65,Moderate,1,25.9,92,0.1,13.1,247,1007.9,100,15.5,17.9,161.0,6.1,43.0,2.7
2025-06-09 08:00:00,2025,6,9,8,An Giang,Xã Giồng Riềng,9.9237413,105.2736878,65,Moderate,1,27.3,87,0.2,16.6,238,1007.9,100,12.2,15.4,153.0,4.8,47.0,2.5
2025-06-09 09:00:00,2025,6,9,9,An Giang,Xã Giồng Riềng,9.9237413,105.2736878,65,Moderate,1,28.5,83,0.1,18.5,255,1007.8,100,10.0,13.6,134.0,3.1,51.0,2.2
2025-06-09 10:00:00,2025,6,9,10,An Giang,Xã Giồng Riềng,9.9237413,105.2736878,65,Moderate,1,29.5,77,0.1,18.5,263,1007.9,100,8.8,12.5,120.0,1.9,55.0,1.9
2025-06-09 11:00:00,2025,6,9,11,An Giang,Xã Giồng Riềng,9.9237413,105.2736878,65,Moderate,1,28.5,78,0.3,18.4,262,1007.3,100,7.9,11.2,116.0,1.7,56.0,1.8
2025-06-09 12:00:00,2025,6,9,12,An Giang,Xã Giồng Riềng,9.9237413,105.2736878,65,Moderate,1,27.1,84,0.9,20.1,250,1007.3,100,9.2,11.7,116.0,1.9,56.0,1.7
2025-06-09 13:00:00,2025,6,9,13,An Giang,Xã Giồng Riềng,9.9237413,105.2736878,65,Moderate,1,26.7,89,3.3,14.7,248,1007.0,100,8.7,12.1,118.0,2.4,56.0,1.7
2025-06-09 14:00:00,2025,6,9,14,An Giang,Xã Giồng Riềng,9.9237413,105.2736878,65,Moderate,1,26.4,93,1.6,12.5,250,1006.0,100,10.0,14.6,121.0,3.0,55.0,1.8
2025-06-09 15:00:00,2025,6,9,15,An Giang,Xã Giồng Riềng,9.9237413,105.2736878,65,Moderate,1,26.6,91,1.2,16.6,249,1004.9,100,11.1,15.8,125.0,3.8,53.0,1.9
2025-06-09 16:00:00,2025,6,9,16,An Giang,Xã Giồng Riềng,9.9237413,105.2736878,65,Moderate,1,26.6,93,0.6,12.4,248,1004.8,100,12.0,16.1,131.0,4.7,52.0,2.1
2025-06-09 17:00:00,2025,6,9,17,An Giang,Xã Giồng Riềng,9.9237413,105.2736878,65,Moderate,1,26.3,94,0.5,10.7,245,1005.2,100,12.8,16.1,141.0,5.8,51.0,2.4
2025-06-09 18:00:00,2025,6,9,18,An Giang,Xã Giồng Riềng,9.9237413,105.2736878,65,Moderate,1,26.2,93,0.2,10.5,254,1005.5,100,13.5,16.3,154.0,7.1,50.0,2.9
2025-06-09 19:00:00,2025,6,9,19,An Giang,Xã Giồng Riềng,9.9237413,105.2736878,64,Moderate,1,26.0,94,0.3,10.6,242,1006.3,100,18.3,23.3,161.0,8.8,49.0,3.4
2025-06-09 20:00:00,2025,6,9,20,An Giang,Xã Giồng Riềng,9.9237413,105.2736878,62,Moderate,1,26.7,91,0.1,10.0,242,1006.5,100,20.3,24.4,159.0,9.4,48.0,3.6
2025-06-09 21:00:00,2025,6,9,21,An Giang,Xã Giồng Riềng,9.9237413,105.2736878,61,Moderate,1,26.5,92,0.0,9.0,239,1007.2,100,22.1,26.3,152.0,10.3,45.0,3.9
2025-06-09 22:00:00,2025,6,9,22,An Giang,Xã Giồng Riềng,9.9237413,105.2736878,59,Moderate,1,26.4,92,0.0,5.4,249,1007.8,100,24.8,28.9,144.0,10.9,44.0,4.0
2025-06-09 23:00:00,2025,6,9,23,An Giang,Xã Giồng Riềng,9.9237413,105.2736878,58,Moderate,1,26.1,93,0.0,4.0,252,1007.5,100,27.2,31.3,135.0,10.9,43.0,3.7
2025-06-10 00:00:00,2025,6,10,0,An Giang,Xã Giồng Riềng,9.9237413,105.2736878,58,Moderate,1,26.0,92,0.0,4.4,235,1006.8,100,26.3,30.7,124.0,10.7,43.0,3.1
2025-06-10 01:00:00,2025,6,10,1,An Giang,Xã Giồng Riềng,9.9237413,105.2736878,58,Moderate,1,26.0,92,0.0,5.0,226,1006.0,100,25.1,30.6,116.0,10.2,44.0,2.7
2025-06-10 02:00:00,2025,6,10,2,An Giang,Xã Giồng Riềng,9.9237413,105.2736878,58,Moderate,1,26.2,89,0.0,13.2,260,1005.4,100,24.7,33.5,111.0,9.4,45.0,2.4
2025-06-10 03:00:00,2025,6,10,3,An Giang,Xã Giồng Riềng,9.9237413,105.2736878,59,Moderate,1,26.2,89,0.0,13.1,255,1005.3,100,24.2,35.0,108.0,8.4,47.0,2.3
2025-06-10 04:00:00,2025,6,10,4,An Giang,Xã Giồng Riềng,9.9237413,105.2736878,60,Moderate,1,26.1,90,0.0,16.8,251,1005.2,100,24.0,36.1,109.0,7.5,49.0,2.2
2025-06-10 05:00:00,2025,6,10,5,An Giang,Xã Giồng Riềng,9.9237413,105.2736878,61,Moderate,1,25.7,91,0.1,14.1,247,1005.2,100,23.6,35.7,116.0,7.0,49.0,2.4
2025-06-10 06:00:00,2025,6,10,6,An Giang,Xã Giồng Riềng,9.9237413,105.2736878,61,Moderate,1,25.8,91,0.2,12.8,241,1005.7,98,22.4,33.2,127.0,6.7,49.0,2.6
2025-06-10 07:00:00,2025,6,10,7,An Giang,Xã Giồng Riềng,9.9237413,105.2736878,61,Moderate,1,26.4,90,0.1,15.3,252,1006.2,100,24.5,35.7,135.0,7.5,45.0,3.0
2025-06-10 08:00:00,2025,6,10,8,An Giang,Xã Giồng Riềng,9.9237413,105.2736878,62,Moderate,1,26.9,88,0.1,10.5,266,1007.1,100,20.2,30.9,136.0,5.9,52.0,2.8
2025-06-10 09:00:00,2025,6,10,9,An Giang,Xã Giồng Riềng,9.9237413,105.2736878,63,Moderate,1,27.0,88,0.1,12.7,259,1007.3,100,17.9,28.8,134.0,3.7,62.0,2.5
2025-06-10 10:00:00,2025,6,10,10,An Giang,Xã Giồng Riềng,9.9237413,105.2736878,63,Moderate,1,27.5,86,0.3,14.3,276,1007.2,100,14.5,25.1,131.0,2.0,70.0,2.2
2025-06-10 11:00:00,2025,6,10,11,An Giang,Xã Giồng Riềng,9.9237413,105.2736878,64,Moderate,1,28.0,86,0.7,16.6,273,1007.1,100,12.3,22.0,126.0,1.4,74.0,2.0
2025-06-10 12:00:00,2025,6,10,12,An Giang,Xã Giồng Riềng,9.9237413,105.2736878,64,Moderate,1,27.5,85,2.7,16.7,268,1006.3,100,12.0,21.3,121.0,1.3,75.0,1.8
2025-06-10 13:00:00,2025,6,10,13,An Giang,Xã Giồng Riềng,9.9237413,105.2736878,65,Moderate,1,28.2,85,0.4,17.7,260,1005.7,100,11.7,20.0,118.0,1.7,74.0,1.7
2025-06-10 14:00:00,2025,6,10,14,An Giang,Xã Giồng Riềng,9.9237413,105.2736878,65,Moderate,1,27.2,89,3.6,12.5,265,1005.0,100,13.0,20.1,120.0,2.6,69.0,1.8
2025-06-10 15:00:00,2025,6,10,15,An Giang,Xã Giồng Riềng,9.9237413,105.2736878,65,Moderate,1,27.0,89,1.1,13.5,240,1004.4,100,13.9,20.6,125.0,3.9,61.0,2.1
2025-06-10 16:00:00,2025,6,10,16,An Giang,Xã Giồng Riềng,9.9237413,105.2736878,65,Moderate,1,27.0,89,0.2,11.1,262,1004.3,100,15.2,20.7,131.0,5.3,54.0,2.4
2025-06-10 17:00:00,2025,6,10,17,An Giang,Xã Giồng Riềng,9.9237413,105.2736878,66,Moderate,1,27.2,87,0.1,11.6,264,1004.7,100,16.6,21.6,137.0,7.0,50.0,2.9
2025-06-10 18:00:00,2025,6,10,18,An Giang,Xã Giồng Riềng,9.9237413,105.2736878,66,Moderate,1,26.6,88,0.1,11.9,256,1005.1,100,17.6,22.2,143.0,8.8,48.0,3.5
2025-06-10 19:00:00,2025,6,10,19,An Giang,Xã Giồng Riềng,9.9237413,105.2736878,66,Moderate,1,26.6,89,0.0,11.7,252,1005.7,100,22.9,29.2,147.0,10.2,48.0,4.3
2025-06-10 20:00:00,2025,6,10,20,An Giang,Xã Giồng Riềng,9.9237413,105.2736878,67,Moderate,1,27.0,82,0.0,11.7,266,1006.6,100,23.1,29.6,148.0,9.3,48.0,3.9
2025-06-10 21:00:00,2025,6,10,21,An Giang,Xã Giồng Riềng,9.9237413,105.2736878,67,Moderate,1,27.0,81,0.0,13.2,258,1006.9,100,22.8,29.5,147.0,8.1,49.0,3.4
2025-06-10 22:00:00,2025,6,10,22,An Giang,Xã Giồng Riềng,9.9237413,105.2736878,67,Moderate,1,26.5,87,0.0,12.8,255,1007.2,100,20.3,26.5,144.0,7.1,50.0,2.9
2025-06-10 23:00:00,2025,6,10,23,An Giang,Xã Giồng Riềng,9.9237413,105.2736878,67,Moderate,1,26.4,88,0.0,12.4,248,1007.1,100,17.3,22.5,136.0,6.4,51.0,2.4
2025-06-11 00:00:00,2025,6,11,0,An Giang,Xã Giồng Riềng,9.9237413,105.2736878,66,Moderate,1,26.4,90,0.1,12.3,247,1006.4,100,15.3,19.3,125.0,5.9,52.0,2.0
2025-06-11 01:00:00,2025,6,11,1,An Giang,Xã Giồng Riềng,9.9237413,105.2736878,65,Moderate,1,26.5,91,0.3,13.1,252,1005.7,100,14.3,17.8,117.0,5.6,53.0,1.7
2025-06-11 02:00:00,2025,6,11,2,An Giang,Xã Giồng Riềng,9.9237413,105.2736878,64,Moderate,1,26.5,91,0.2,14.3,247,1004.9,100,13.9,17.5,113.0,5.5,53.0,1.6
2025-06-11 03:00:00,2025,6,11,3,An Giang,Xã Giồng Riềng,9.9237413,105.2736878,63,Moderate,1,24.9,94,1.5,18.0,271,1005.1,100,14.3,17.9,111.0,5.6,54.0,1.6
2025-06-11 04:00:00,2025,6,11,4,An Giang,Xã Giồng Riềng,9.9237413,105.2736878,62,Moderate,1,25.8,93,1.2,16.0,261,1004.3,100,14.0,17.4,111.0,5.6,53.0,1.7
2025-06-11 05:00:00,2025,6,11,5,An Giang,Xã Giồng Riềng,9.9237413,105.2736878,61,Moderate,1,25.9,91,2.1,18.8,261,1004.8,100,12.5,15.8,114.0,5.6,51.0,1.8
2025-06-11 06:00:00,2025,6,11,6,An Giang,Xã Giồng Riềng,9.9237413,105.2736878,60,Moderate,1,25.5,92,3.6,14.7,263,1005.7,100,12.1,15.1,120.0,5.5,48.0,2.0
2025-06-11 07:00:00,2025,6,11,7,An Giang,Xã Giồng Riềng,9.9237413,105.2736878,59,Moderate,1,25.3,92,1.6,20.2,258,1007.0,100,13.3,17.2,124.0,5.8,49.0,2.2
2025-06-11 08:00:00,2025,6,11,8,An Giang,Xã Giồng Riềng,9.9237413,105.2736878,58,Moderate,1,26.5,90,0.1,19.1,266,1006.8,100,12.2,15.7,125.0,5.3,50.0,2.4
2025-06-11 09:00:00,2025,6,11,9,An Giang,Xã Giồng Riềng,9.9237413,105.2736878,58,Moderate,1,28.1,83,0.2,19.8,269,1007.2,100,12.4,15.3,125.0,4.7,50.0,2.7
2025-06-11 10:00:00,2025,6,11,10,An Giang,Xã Giồng Riềng,9.9237413,105.2736878,57,Moderate,1,27.1,87,1.1,20.3,271,1007.1,100,12.2,14.9,124.0,4.3,51.0,2.9
2025-06-11 11:00:00,2025,6,11,11,An Giang,Xã Giồng Riềng,9.9237413,105.2736878,57,Moderate,1,27.7,83,0.4,22.2,272,1006.8,100,10.8,13.6,123.0,4.2,52.0,3.0
2025-06-11 12:00:00,2025,6,11,12,An Giang,Xã Giồng Riềng,9.9237413,105.2736878,57,Moderate,1,27.6,86,0.6,21.8,270,1006.1,100,11.4,14.1,121.0,4.3,53.0,2.9
2025-06-11 13:00:00,2025,6,11,13,An Giang,Xã Giồng Riềng,9.9237413,105.2736878,57,Moderate,1,27.1,86,1.5,23.3,275,1006.0,100,12.5,15.3,120.0,4.5,53.0,2.9
2025-06-11 14:00:00,2025,6,11,14,An Giang,Xã Giồng Riềng,9.9237413,105.2736878,57,Moderate,1,26.5,90,0.5,19.7,266,1005.7,100,13.2,16.1,121.0,4.8,52.0,2.8
2025-06-11 15:00:00,2025,6,11,15,An Giang,Xã Giồng Riềng,9.9237413,105.2736878,57,Moderate,1,25.2,93,1.7,19.7,275,1005.4,100,13.2,16.1,124.0,5.2,50.0,2.7
2025-06-11 16:00:00,2025,6,11,16,An Giang,Xã Giồng Riềng,9.9237413,105.2736878,57,Moderate,1,25.7,93,2.0,15.7,275,1005.2,100,13.7,16.4,128.0,5.9,47.0,2.8
2025-06-11 17:00:00,2025,6,11,17,An Giang,Xã Giồng Riềng,9.9237413,105.2736878,57,Moderate,1,26.0,91,0.6,13.1,269,1005.1,100,15.6,17.8,136.0,7.3,44.0,3.2
2025-06-11 18:00:00,2025,6,11,18,An Giang,Xã Giồng Riềng,9.9237413,105.2736878,56,Moderate,1,26.0,93,0.3,11.2,266,1005.4,100,17.1,18.7,146.0,9.0,41.0,3.7
2025-06-11 19:00:00,2025,6,11,19,An Giang,Xã Giồng Riềng,9.9237413,105.2736878,56,Moderate,1,26.0,94,0.4,10.3,267,1005.6,100,20.1,20.8,154.0,12.2,36.0,5.3
2025-06-11 20:00:00,2025,6,11,20,An Giang,Xã Giồng Riềng,9.9237413,105.2736878,56,Moderate,1,26.0,94,0.4,5.4,264,1006.2,100,21.2,21.9,162.0,12.2,35.0,5.3
2025-06-11 21:00:00,2025,6,11,21,An Giang,Xã Giồng Riềng,9.9237413,105.2736878,56,Moderate,1,25.9,95,0.2,4.8,255,1007.0,100,23.8,24.6,168.0,12.2,34.0,5.2
2025-06-11 22:00:00,2025,6,11,22,An Giang,Xã Giồng Riềng,9.9237413,105.2736878,56,Moderate,1,25.8,95,0.0,5.3,235,1007.1,100,21.1,21.8,167.0,11.8,34.0,4.9
2025-06-11 23:00:00,2025,6,11,23,An Giang,Xã Giồng Riềng,9.9237413,105.2736878,56,Moderate,1,25.8,95,0.0,7.7,240,1007.3,100,17.6,18.3,153.0,10.5,35.0,4.0
2025-06-12 00:00:00,2025,6,12,0,An Giang,Xã Giồng Riềng,9.9237413,105.2736878,56,Moderate,1,25.9,95,0.2,10.0,249,1006.7,100,14.2,14.9,132.0,8.8,38.0,2.9
2025-06-12 01:00:00,2025,6,12,1,An Giang,Xã Giồng Riềng,9.9237413,105.2736878,56,Moderate,1,26.1,93,0.0,11.1,258,1006.0,100,13.6,14.5,116.0,7.5,40.0,2.1
2025-06-12 02:00:00,2025,6,12,2,An Giang,Xã Giồng Riềng,9.9237413,105.2736878,56,Moderate,1,26.1,93,0.1,15.5,257,1005.6,100,13.0,14.1,111.0,6.9,42.0,1.8
2025-06-12 03:00:00,2025,6,12,3,An Giang,Xã Giồng Riềng,9.9237413,105.2736878,56,Moderate,1,25.9,94,0.0,13.1,258,1005.4,100,13.1,14.5,113.0,6.7,45.0,1.8
2025-06-12 04:00:00,2025,6,12,4,An Giang,Xã Giồng Riềng,9.9237413,105.2736878,56,Moderate,1,26.0,92,0.0,13.7,259,1005.5,100,13.0,14.5,116.0,6.6,46.0,1.9
2025-06-12 05:00:00,2025,6,12,5,An Giang,Xã Giồng Riềng,9.9237413,105.2736878,56,Moderate,1,26.2,89,0.0,12.7,262,1005.7,100,12.6,14.1,123.0,6.6,46.0,2.1
2025-06-12 06:00:00,2025,6,12,6,An Giang,Xã Giồng Riềng,9.9237413,105.2736878,56,Moderate,1,25.5,91,3.7,14.2,258,1006.3,100,12.7,14.2,132.0,6.7,45.0,2.4
2025-06-12 07:00:00,2025,6,12,7,An Giang,Xã Giồng Riềng,9.9237413,105.2736878,56,Moderate,1,26.2,91,0.1,14.3,253,1006.5,100,17.8,19.3,137.0,8.7,44.0,2.9
2025-06-12 08:00:00,2025,6,12,8,An Giang,Xã Giồng Riềng,9.9237413,105.2736878,56,Moderate,1,26.1,92,0.6,17.1,243,1007.1,100,15.0,16.6,135.0,7.1,48.0,2.9
2025-06-12 09:00:00,2025,6,12,9,An Giang,Xã Giồng Riềng,9.9237413,105.2736878,56,Moderate,1,26.4,91,0.3,14.2,244,1007.4,100,13.6,15.4,130.0,4.8,55.0,2.8
2025-06-12 10:00:00,2025,6,12,10,An Giang,Xã Giồng Riềng,9.9237413,105.2736878,57,Moderate,1,27.8,87,0.4,16.3,264,1007.5,100,10.8,12.8,126.0,3.0,59.0,2.7
2025-06-12 11:00:00,2025,6,12,11,An Giang,Xã Giồng Riềng,9.9237413,105.2736878,56,Moderate,1,27.2,87,1.2,19.2,257,1007.2,100,9.4,11.6,125.0,2.1,61.0,2.3
2025-06-12 12:00:00,2025,6,12,12,An Giang,Xã Giồng Riềng,9.9237413,105.2736878,56,Moderate,1,28.0,82,0.5,22.9,254,1007.2,100,7.9,10.0,125.0,1.6,60.0,1.9
2025-06-12 13:00:00,2025,6,12,13,An Giang,Xã Giồng Riềng,9.9237413,105.2736878,56,Moderate,1,27.0,87,0.5,21.9,261,1006.8,100,8.3,11.3,127.0,1.6,59.0,1.6
2025-06-12 14:00:00,2025,6,12,14,An Giang,Xã Giồng Riềng,9.9237413,105.2736878,56,Moderate,1,26.9,89,0.4,22.6,265,1006.3,100,9.2,11.8,130.0,2.1,56.0,1.7
2025-06-12 15:00:00,2025,6,12,15,An Giang,Xã Giồng Riềng,9.9237413,105.2736878,55,Moderate,1,26.6,90,0.5,18.3,260,1005.5,100,10.5,13.0,135.0,3.1,51.0,1.9
2025-06-12 16:00:00,2025,6,12,16,An Giang,Xã Giồng Riềng,9.9237413,105.2736878,55,Moderate,1,27.1,87,0.1,16.2,255,1005.2,100,11.6,14.4,141.0,4.1,48.0,2.2
2025-06-12 17:00:00,2025,6,12,17,An Giang,Xã Giồng Riềng,9.9237413,105.2736878,55,Moderate,1,27.0,87,0.1,17.4,262,1005.9,100,13.2,16.2,151.0,5.1,46.0,2.4
2025-06-12 18:00:00,2025,6,12,18,An Giang,Xã Giồng Riềng,9.9237413,105.2736878,55,Moderate,1,25.5,90,0.5,16.7,252,1006.6,100,12.7,15.6,162.0,6.0,46.0,2.6
2025-06-12 19:00:00,2025,6,12,19,An Giang,Xã Giồng Riềng,9.9237413,105.2736878,54,Moderate,1,25.4,93,0.2,14.7,237,1006.7,100,15.9,19.4,171.0,6.8,46.0,2.8
2025-06-12 20:00:00,2025,6,12,20,An Giang,Xã Giồng Riềng,9.9237413,105.2736878,54,Moderate,1,25.5,93,0.1,13.0,227,1006.9,100,16.1,19.4,177.0,6.7,46.0,2.8
2025-06-12 21:00:00,2025,6,12,21,An Giang,Xã Giồng Riềng,9.9237413,105.2736878,53,Moderate,1,25.8,93,0.0,15.2,219,1007.6,100,16.1,19.3,181.0,6.6,46.0,2.8
2025-06-12 22:00:00,2025,6,12,22,An Giang,Xã Giồng Riềng,9.9237413,105.2736878,53,Moderate,1,25.9,92,0.0,14.0,217,1008.1,100,16.2,19.6,182.0,6.7,45.0,2.7
2025-06-12 23:00:00,2025,6,12,23,An Giang,Xã Giồng Riềng,9.9237413,105.2736878,52,Moderate,1,26.2,90,0.0,13.9,222,1008.0,100,16.9,20.3,178.0,7.3,43.0,2.6
2025-06-13 00:00:00,2025,6,13,0,An Giang,Xã Giồng Riềng,9.9237413,105.2736878,52,Moderate,1,26.4,88,0.0,14.2,229,1007.9,100,18.3,21.5,170.0,8.2,41.0,2.5
2025-06-13 01:00:00,2025,6,13,1,An Giang,Xã Giồng Riềng,9.9237413,105.2736878,53,Moderate,1,26.5,89,0.0,13.3,230,1007.6,100,20.1,23.3,163.0,8.7,40.0,2.4
2025-06-13 02:00:00,2025,6,13,2,An Giang,Xã Giồng Riềng,9.9237413,105.2736878,53,Moderate,1,26.5,90,0.0,13.2,227,1007.1,100,20.7,23.6,158.0,8.7,40.0,2.3
2025-06-13 03:00:00,2025,6,13,3,An Giang,Xã Giồng Riềng,9.9237413,105.2736878,54,Moderate,1,26.5,90,0.0,12.3,230,1006.9,100,19.4,22.1,154.0,8.4,41.0,2.2
2025-06-13 04:00:00,2025,6,13,4,An Giang,Xã Giồng Riềng,9.9237413,105.2736878,54,Moderate,1,26.4,91,0.1,12.1,221,1006.8,100,18.2,20.7,154.0,8.0,42.0,2.2
2025-06-13 05:00:00,2025,6,13,5,An Giang,Xã Giồng Riềng,9.9237413,105.2736878,55,Moderate,1,26.2,91,0.2,10.9,231,1007.5,100,15.1,17.3,163.0,7.8,41.0,2.3
2025-06-13 06:00:00,2025,6,13,6,An Giang,Xã Giồng Riềng,9.9237413,105.2736878,55,Moderate,1,25.8,93,1.2,15.4,246,1008.3,100,14.7,16.6,176.0,7.6,41.0,2.5
2025-06-13 07:00:00,2025,6,13,7,An Giang,Xã Giồng Riềng,9.9237413,105.2736878,55,Moderate,1,25.9,92,0.3,10.7,235,1008.6,100,17.2,19.8,185.0,6.3,43.0,2.7
2025-06-13 08:00:00,2025,6,13,8,An Giang,Xã Giồng Riềng,9.9237413,105.2736878,55,Moderate,1,26.5,92,0.2,6.6,164,1008.8,100,14.6,17.5,186.0,5.2,51.0,2.7
2025-06-13 09:00:00,2025,6,13,9,An Giang,Xã Giồng Riềng,9.9237413,105.2736878,55,Moderate,1,28.4,88,0.1,7.2,235,1009.7,100,14.1,17.5,182.0,3.6,61.0,2.7
2025-06-13 10:00:00,2025,6,13,10,An Giang,Xã Giồng Riềng,9.9237413,105.2736878,55,Moderate,1,28.4,85,1.9,15.4,256,1009.6,100,13.9,17.8,177.0,2.5,69.0,2.7
2025-06-13 11:00:00,2025,6,13,11,An Giang,Xã Giồng Riềng,9.9237413,105.2736878,56,Moderate,1,29.3,79,0.0,17.0,239,1009.1,100,13.9,18.2,170.0,2.1,72.0,2.5
2025-06-13 12:00:00,2025,6,13,12,An Giang,Xã Giồng Riềng,9.9237413,105.2736878,56,Moderate,1,29.9,74,0.0,20.8,243,1008.3,100,13.6,18.2,161.0,2.0,73.0,2.3
2025-06-13 13:00:00,2025,6,13,13,An Giang,Xã Giồng Riềng,9.9237413,105.2736878,56,Moderate,1,29.5,74,0.9,21.3,250,1008.1,100,12.9,17.3,155.0,2.2,72.0,2.1
2025-06-13 14:00:00,2025,6,13,14,An Giang,Xã Giồng Riềng,9.9237413,105.2736878,57,Moderate,1,28.6,83,0.3,14.8,254,1007.5,100,13.7,18.2,153.0,2.3,71.0,2.0
2025-06-13 15:00:00,2025,6,13,15,An Giang,Xã Giồng Riềng,9.9237413,105.2736878,57,Moderate,1,29.0,80,0.1,17.5,251,1006.9,100,14.7,19.0,153.0,2.7,69.0,2.0
2025-06-13 16:00:00,2025,6,13,16,An Giang,Xã Giồng Riềng,9.9237413,105.2736878,58,Moderate,1,28.8,80,0.1,14.5,253,1006.3,100,15.3,19.1,159.0,4.0,65.0,2.3
2025-06-13 17:00:00,2025,6,13,17,An Giang,Xã Giồng Riềng,9.9237413,105.2736878,58,Moderate,1,28.6,80,0.0,11.5,241,1006.2,100,17.9,21.5,174.0,6.8,60.0,3.1
2025-06-13 18:00:00,2025,6,13,18,An Giang,Xã Giồng Riềng,9.9237413,105.2736878,58,Moderate,1,28.0,82,0.0,8.3,240,1006.9,100,22.1,25.7,194.0,10.6,53.0,4.1
2025-06-13 19:00:00,2025,6,13,19,An Giang,Xã Giồng Riềng,9.9237413,105.2736878,59,Moderate,1,27.1,85,0.0,6.2,229,1007.5,100,29.1,32.8,211.0,11.6,56.0,4.5
2025-06-13 20:00:00,2025,6,13,20,An Giang,Xã Giồng Riềng,9.9237413,105.2736878,60,Moderate,1,27.2,87,0.1,1.8,233,1008.5,100,42.6,46.1,221.0,13.8,51.0,5.2
2025-06-13 21:00:00,2025,6,13,21,An Giang,Xã Giồng Riềng,9.9237413,105.2736878,63,Moderate,1,26.6,89,0.1,4.2,220,1009.3,100,45.5,49.1,228.0,16.9,44.0,6.0
2025-06-13 22:00:00,2025,6,13,22,An Giang,Xã Giồng Riềng,9.9237413,105.2736878,65,Moderate,1,26.2,92,0.0,4.8,205,1009.3,100,48.0,51.6,231.0,19.6,38.0,6.6
2025-06-13 23:00:00,2025,6,13,23,An Giang,Xã Giồng Riềng,9.9237413,105.2736878,68,Moderate,1,25.8,94,0.0,4.9,204,1009.7,100,52.3,56.0,227.0,21.6,35.0,6.5
2025-06-14 00:00:00,2025,6,14,0,An Giang,Xã Giồng Riềng,9.9237413,105.2736878,71,Moderate,1,25.9,93,0.1,7.4,209,1009.6,100,57.5,61.2,219.0,23.3,33.0,6.1
2025-06-14 01:00:00,2025,6,14,1,An Giang,Xã Giồng Riềng,9.9237413,105.2736878,75,Moderate,1,25.9,93,0.0,8.5,204,1009.2,100,62.6,66.1,212.0,24.3,32.0,5.7
2025-06-14 02:00:00,2025,6,14,2,An Giang,Xã Giồng Riềng,9.9237413,105.2736878,79,Moderate,1,25.8,94,0.0,8.0,190,1008.9,100,64.5,68.0,208.0,24.5,34.0,5.5
2025-06-14 03:00:00,2025,6,14,3,An Giang,Xã Giồng Riềng,9.9237413,105.2736878,82,Moderate,1,25.6,94,0.0,7.0,193,1008.6,100,65.7,69.2,206.0,24.2,37.0,5.4
2025-06-14 04:00:00,2025,6,14,4,An Giang,Xã Giồng Riềng,9.9237413,105.2736878,86,Moderate,1,25.5,93,0.0,7.1,199,1008.7,100,65.0,68.2,208.0,23.5,40.0,5.4
2025-06-14 05:00:00,2025,6,14,5,An Giang,Xã Giồng Riềng,9.9237413,105.2736878,91,Moderate,1,25.5,94,0.8,6.1,212,1009.0,100,69.6,72.9,219.0,23.0,41.0,5.9
2025-06-14 06:00:00,2025,6,14,6,An Giang,Xã Giồng Riềng,9.9237413,105.2736878,95,Moderate,1,25.5,96,0.0,6.9,227,1009.4,96,79.9,83.6,234.0,22.2,41.0,6.6
2025-06-14 07:00:00,2025,6,14,7,An Giang,Xã Giồng Riềng,9.9237413,105.2736878,101,Unhealthy for Sensitive Groups,2,26.7,95,0.0,6.8,215,1009.6,92,65.2,68.7,240.0,20.5,48.0,6.7
2025-06-14 08:00:00,2025,6,14,8,An Giang,Xã Giồng Riềng,9.9237413,105.2736878,106,Unhealthy for Sensitive Groups,2,28.4,88,0.0,8.0,214,1010.3,100,48.3,51.5,230.0,15.5,67.0,6.1
2025-06-14 09:00:00,2025,6,14,9,An Giang,Xã Giồng Riềng,9.9237413,105.2736878,110,Unhealthy for Sensitive Groups,2,29.8,79,0.1,11.9,207,1010.5,100,37.5,40.5,210.0,8.6,92.0,5.3
2025-06-14 10:00:00,2025,6,14,10,An Giang,Xã Giồng Riềng,9.9237413,105.2736878,112,Unhealthy for Sensitive Groups,2,30.3,77,0.5,14.2,216,1010.5,100,32.0,35.2,191.0,3.4,110.0,4.5
2025-06-14 11:00:00,2025,6,14,11,An Giang,Xã Giồng Riềng,9.9237413,105.2736878,114,Unhealthy for Sensitive Groups,2,31.2,72,0.0,11.8,223,1010.0,100,27.9,31.3,173.0,1.5,114.0,3.9
2025-06-14 12:00:00,2025,6,14,12,An Giang,Xã Giồng Riềng,9.9237413,105.2736878,116,Unhealthy for Sensitive Groups,2,31.9,64,0.1,14.1,251,1009.4,100,25.8,29.5,154.0,1.4,111.0,3.3
2025-06-14 13:00:00,2025,6,14,13,An Giang,Xã Giồng Riềng,9.9237413,105.2736878,117,Unhealthy for Sensitive Groups,2,32.2,60,0.0,15.7,259,1008.7,100,24.4,28.0,143.0,1.6,105.0,2.9
2025-06-14 14:00:00,2025,6,14,14,An Giang,Xã Giồng Riềng,9.9237413,105.2736878,118,Unhealthy for Sensitive Groups,2,31.6,63,0.0,16.8,254,1007.9,99,23.4,26.9,142.0,1.5,98.0,2.6
2025-06-14 15:00:00,2025,6,14,15,An Giang,Xã Giồng Riềng,9.9237413,105.2736878,119,Unhealthy for Sensitive Groups,2,31.3,64,0.0,15.7,251,1007.3,100,23.2,26.1,147.0,1.7,90.0,2.5
2025-06-14 16:00:00,2025,6,14,16,An Giang,Xã Giồng Riềng,9.9237413,105.2736878,120,Unhealthy for Sensitive Groups,2,30.4,72,0.0,11.7,253,1007.3,100,22.8,25.7,158.0,3.4,80.0,2.8
2025-06-14 17:00:00,2025,6,14,17,An Giang,Xã Giồng Riềng,9.9237413,105.2736878,121,Unhealthy for Sensitive Groups,2,29.8,75,0.0,9.7,255,1007.4,100,25.6,27.9,176.0,7.6,69.0,3.8
2025-06-14 18:00:00,2025,6,14,18,An Giang,Xã Giồng Riềng,9.9237413,105.2736878,122,Unhealthy for Sensitive Groups,2,28.6,79,0.0,8.2,251,1007.7,100,32.7,34.8,198.0,13.2,57.0,5.3
2025-06-14 19:00:00,2025,6,14,19,An Giang,Xã Giồng Riềng,9.9237413,105.2736878,123,Unhealthy for Sensitive Groups,2,27.6,82,0.0,6.0,253,1008.5,100,45.6,48.5,217.0,17.1,48.0,6.1
2025-06-14 20:00:00,2025,6,14,20,An Giang,Xã Giồng Riềng,9.9237413,105.2736878,125,Unhealthy for Sensitive Groups,2,27.0,87,0.0,5.2,224,1009.1,100,48.9,51.8,230.0,18.2,44.0,6.4
2025-06-14 21:00:00,2025,6,14,21,An Giang,Xã Giồng Riềng,9.9237413,105.2736878,125,Unhealthy for Sensitive Groups,2,26.6,89,0.0,4.8,214,1010.0,99,51.8,54.5,239.0,19.7,39.0,6.9
2025-06-14 22:00:00,2025,6,14,22,An Giang,Xã Giồng Riềng,9.9237413,105.2736878,126,Unhealthy for Sensitive Groups,2,26.4,90,0.0,5.6,220,1010.4,100,53.4,55.9,240.0,20.9,34.0,7.1
2025-06-14 23:00:00,2025,6,14,23,An Giang,Xã Giồng Riềng,9.9237413,105.2736878,126,Unhealthy for Sensitive Groups,2,26.1,91,0.0,5.5,221,1010.1,97,54.7,56.9,229.0,21.3,32.0,6.7
2025-06-15 00:00:00,2025,6,15,0,An Giang,Xã Giồng Riềng,9.9237413,105.2736878,127,Unhealthy for Sensitive Groups,2,25.9,92,0.0,4.8,209,1010.0,100,53.0,55.1,210.0,21.4,30.0,6.1
2025-06-15 01:00:00,2025,6,15,1,An Giang,Xã Giồng Riềng,9.9237413,105.2736878,126,Unhealthy for Sensitive Groups,2,25.5,94,0.0,4.7,212,1009.3,100,54.0,56.2,194.0,22.0,28.0,5.7
2025-06-15 02:00:00,2025,6,15,2,An Giang,Xã Giồng Riềng,9.9237413,105.2736878,125,Unhealthy for Sensitive Groups,2,25.4,95,0.0,5.2,205,1008.8,95,58.2,60.3,184.0,24.2,25.0,5.7
2025-06-15 03:00:00,2025,6,15,3,An Giang,Xã Giồng Riềng,9.9237413,105.2736878,125,Unhealthy for Sensitive Groups,2,25.3,95,0.0,5.7,215,1008.5,100,61.9,64.0,177.0,26.9,21.0,5.9
2025-06-15 04:00:00,2025,6,15,4,An Giang,Xã Giồng Riềng,9.9237413,105.2736878,124,Unhealthy for Sensitive Groups,2,25.3,95,0.0,7.2,215,1008.3,100,68.2,70.3,178.0,28.2,19.0,6.1
2025-06-15 05:00:00,2025,6,15,5,An Giang,Xã Giồng Riềng,9.9237413,105.2736878,125,Unhealthy for Sensitive Groups,2,25.5,95,0.0,7.7,213,1008.5,96,74.0,76.4,193.0,27.2,19.0,6.5
2025-06-15 06:00:00,2025,6,15,6,An Giang,Xã Giồng Riềng,9.9237413,105.2736878,125,Unhealthy for Sensitive Groups,2,25.5,96,0.0,7.4,209,1009.0,93,75.7,77.5,215.0,24.8,21.0,7.1
2025-06-15 07:00:00,2025,6,15,7,An Giang,Xã Giồng Riềng,9.9237413,105.2736878,125,Unhealthy for Sensitive Groups,2,27.0,93,0.0,6.5,204,1009.5,99,103.8,106.2,226.0,27.8,24.0,9.2
2025-06-15 08:00:00,2025,6,15,8,An Giang,Xã Giồng Riềng,9.9237413,105.2736878,129,Unhealthy for Sensitive Groups,2,28.8,88,0.0,5.7,224,1010.0,100,41.6,44.9,215.0,20.6,42.0,7.7
2025-06-15 09:00:00,2025,6,15,9,An Giang,Xã Giồng Riềng,9.9237413,105.2736878,128,Unhealthy for Sensitive Groups,2,30.0,80,0.3,8.0,234,1010.1,100,28.5,32.0,193.0,10.7,67.0,5.6
2025-06-15 10:00:00,2025,6,15,10,An Giang,Xã Giồng Riềng,9.9237413,105.2736878,127,Unhealthy for Sensitive Groups,2,30.4,78,0.1,5.6,249,1009.9,100,22.5,25.6,174.0,3.3,86.0,4.0
2025-06-15 11:00:00,2025,6,15,11,An Giang,Xã Giồng Riềng,9.9237413,105.2736878,126,Unhealthy for Sensitive Groups,2,30.9,77,0.3,6.7,270,1009.4,100,19.2,21.9,165.0,0.9,93.0,3.2
2025-06-15 12:00:00,2025,6,15,12,An Giang,Xã Giồng Riềng,9.9237413,105.2736878,125,Unhealthy for Sensitive Groups,2,31.5,74,0.3,9.1,279,1008.8,100,17.8,20.6,159.0,1.1,94.0,2.9
2025-06-15 13:00:00,2025,6,15,13,An Giang,Xã Giồng Riềng,9.9237413,105.2736878,124,Unhealthy for Sensitive Groups,2,31.5,67,0.1,9.8,283,1008.0,100,16.6,19.3,156.0,1.6,92.0,2.7
2025-06-15 14:00:00,2025,6,15,14,An Giang,Xã Giồng Riềng,9.9237413,105.2736878,123,Unhealthy for Sensitive Groups,2,30.6,69,0.5,12.8,272,1007.1,100,16.4,18.9,155.0,1.4,88.0,2.3
2025-06-15 15:00:00,2025,6,15,15,An Giang,Xã Giồng Riềng,9.9237413,105.2736878,123,Unhealthy for Sensitive Groups,2,30.0,74,0.4,14.7,276,1006.4,99,16.1,18.8,157.0,1.7,81.0,2.0
2025-06-15 16:00:00,2025,6,15,16,An Giang,Xã Giồng Riềng,9.9237413,105.2736878,122,Unhealthy for Sensitive Groups,2,29.5,77,0.0,12.8,272,1006.2,99,16.7,19.2,164.0,3.5,73.0,2.2
2025-06-15 17:00:00,2025,6,15,17,An Giang,Xã Giồng Riềng,9.9237413,105.2736878,121,Unhealthy for Sensitive Groups,2,29.1,80,0.0,11.3,272,1006.3,100,19.6,21.9,182.0,8.3,64.0,3.5
2025-06-15 18:00:00,2025,6,15,18,An Giang,Xã Giồng Riềng,9.9237413,105.2736878,121,Unhealthy for Sensitive Groups,2,28.2,83,0.0,6.4,286,1006.8,100,29.3,31.4,205.0,14.8,53.0,5.4
2025-06-15 19:00:00,2025,6,15,19,An Giang,Xã Giồng Riềng,9.9237413,105.2736878,120,Unhealthy for Sensitive Groups,2,27.6,83,0.0,8.5,269,1007.3,100,39.1,41.2,221.0,16.6,45.0,6.0
2025-06-15 20:00:00,2025,6,15,20,An Giang,Xã Giồng Riềng,9.9237413,105.2736878,120,Unhealthy for Sensitive Groups,2,27.5,87,0.0,6.8,235,1007.9,100,43.4,45.5,224.0,16.7,44.0,6.2
2025-06-15 21:00:00,2025,6,15,21,An Giang,Xã Giồng Riềng,9.9237413,105.2736878,119,Unhealthy for Sensitive Groups,2,27.5,88,0.0,8.7,228,1008.4,100,43.9,45.8,221.0,16.8,43.0,6.4
2025-06-15 22:00:00,2025,6,15,22,An Giang,Xã Giồng Riềng,9.9237413,105.2736878,118,Unhealthy for Sensitive Groups,2,27.0,90,0.0,7.1,221,1009.1,99,40.9,42.7,218.0,16.8,43.0,6.3
2025-06-15 23:00:00,2025,6,15,23,An Giang,Xã Giồng Riềng,9.9237413,105.2736878,117,Unhealthy for Sensitive Groups,2,26.7,92,0.0,7.7,216,1009.2,100,39.0,40.9,219.0,16.1,44.0,5.6
2025-06-16 00:00:00,2025,6,16,0,An Giang,Xã Giồng Riềng,9.9237413,105.2736878,115,Unhealthy for Sensitive Groups,2,26.5,92,0.0,7.4,214,1009.4,100,38.6,40.7,221.0,15.3,45.0,4.7
2025-06-16 01:00:00,2025,6,16,1,An Giang,Xã Giồng Riềng,9.9237413,105.2736878,114,Unhealthy for Sensitive Groups,2,26.1,93,0.0,5.9,211,1009.1,100,39.0,41.2,219.0,15.5,45.0,4.0
2025-06-16 02:00:00,2025,6,16,2,An Giang,Xã Giồng Riềng,9.9237413,105.2736878,112,Unhealthy for Sensitive Groups,2,25.9,95,0.0,4.8,209,1008.7,85,40.7,43.0,209.0,17.9,41.0,3.9
2025-06-16 03:00:00,2025,6,16,3,An Giang,Xã Giồng Riềng,9.9237413,105.2736878,110,Unhealthy for Sensitive Groups,2,25.7,95,0.0,4.2,205,1008.5,96,47.4,49.7,195.0,21.3,35.0,4.2
2025-06-16 04:00:00,2025,6,16,4,An Giang,Xã Giồng Riềng,9.9237413,105.2736878,109,Unhealthy for Sensitive Groups,2,25.6,96,0.0,4.9,213,1008.6,97,56.9,59.4,190.0,23.2,31.0,4.5
2025-06-16 05:00:00,2025,6,16,5,An Giang,Xã Giồng Riềng,9.9237413,105.2736878,108,Unhealthy for Sensitive Groups,2,25.8,95,0.0,6.0,231,1008.7,98,62.2,64.7,204.0,22.5,30.0,5.0
2025-06-16 06:00:00,2025,6,16,6,An Giang,Xã Giồng Riềng,9.9237413,105.2736878,107,Unhealthy for Sensitive Groups,2,26.0,95,0.0,5.7,224,1008.8,99,68.0,70.5,227.0,20.2,30.0,5.5
2025-06-16 07:00:00,2025,6,16,7,An Giang,Xã Giồng Riềng,9.9237413,105.2736878,106,Unhealthy for Sensitive Groups,2,27.8,91,0.0,6.6,223,1009.2,91,74.5,76.8,236.0,21.9,36.0,6.8
2025-06-16 08:00:00,2025,6,16,8,An Giang,Xã Giồng Riềng,9.9237413,105.2736878,103,Unhealthy for Sensitive Groups,2,29.1,84,0.0,6.8,258,1009.4,94,30.9,34.1,216.0,16.2,46.0,6.1
2025-06-16 09:00:00,2025,6,16,9,An Giang,Xã Giồng Riềng,9.9237413,105.2736878,102,Unhealthy for Sensitive Groups,2,30.4,76,0.1,9.0,283,1009.7,97,18.6,22.3,183.0,8.4,60.0,5.2
2025-06-16 10:00:00,2025,6,16,10,An Giang,Xã Giồng Riềng,9.9237413,105.2736878,101,Unhealthy for Sensitive Groups,2,31.0,72,0.1,8.9,289,1009.8,96,15.2,19.1,158.0,2.7,71.0,4.5
2025-06-16 11:00:00,2025,6,16,11,An Giang,Xã Giồng Riềng,9.9237413,105.2736878,100,Moderate,1,30.8,74,0.5,9.8,296,1009.5,98,13.6,17.7,152.0,0.9,79.0,4.4
2025-06-16 12:00:00,2025,6,16,12,An Giang,Xã Giồng Riềng,9.9237413,105.2736878,99,Moderate,1,29.2,82,3.2,6.2,314,1008.9,94,13.9,18.0,154.0,1.2,85.0,4.5
2025-06-16 13:00:00,2025,6,16,13,An Giang,Xã Giồng Riềng,9.9237413,105.2736878,99,Moderate,1,29.0,83,0.1,13.5,279,1008.5,100,14.4,18.2,156.0,1.9,86.0,4.5
2025-06-16 14:00:00,2025,6,16,14,An Giang,Xã Giồng Riềng,9.9237413,105.2736878,99,Moderate,1,29.5,81,0.0,9.7,269,1007.4,98,13.3,16.5,152.0,2.2,80.0,4.1
2025-06-16 15:00:00,2025,6,16,15,An Giang,Xã Giồng Riềng,9.9237413,105.2736878,99,Moderate,1,29.6,80,0.1,12.3,265,1006.7,99,13.4,16.1,147.0,2.9,71.0,3.5
2025-06-16 16:00:00,2025,6,16,16,An Giang,Xã Giồng Riềng,9.9237413,105.2736878,98,Moderate,1,29.0,81,1.0,8.5,249,1006.7,99,13.6,16.3,151.0,4.6,61.0,3.3
2025-06-16 17:00:00,2025,6,16,17,An Giang,Xã Giồng Riềng,9.9237413,105.2736878,98,Moderate,1,28.8,83,0.1,6.9,255,1006.6,100,15.5,18.0,168.0,7.1,54.0,3.6
2025-06-16 18:00:00,2025,6,16,18,An Giang,Xã Giồng Riềng,9.9237413,105.2736878,98,Moderate,1,28.1,86,0.9,4.4,263,1006.9,100,19.9,22.3,195.0,10.5,47.0,4.3
2025-06-16 19:00:00,2025,6,16,19,An Giang,Xã Giồng Riềng,9.9237413,105.2736878,97,Moderate,1,27.5,87,0.0,1.0,292,1007.6,100,41.6,44.1,226.0,21.0,34.0,8.1
2025-06-16 20:00:00,2025,6,16,20,An Giang,Xã Giồng Riềng,9.9237413,105.2736878,97,Moderate,1,27.6,86,0.0,5.6,276,1007.6,100,57.0,59.6,265.0,28.0,27.0,10.3
2025-06-16 21:00:00,2025,6,16,21,An Giang,Xã Giồng Riềng,9.9237413,105.2736878,98,Moderate,1,27.4,88,0.0,4.2,252,1008.6,100,77.1,79.9,308.0,37.6,18.0,13.5
2025-06-16 22:00:00,2025,6,16,22,An Giang,Xã Giồng Riềng,9.9237413,105.2736878,101,Unhealthy for Sensitive Groups,2,27.0,89,0.0,5.6,272,1009.0,99,99.0,102.0,344.0,45.4,10.0,16.2
2025-06-16 23:00:00,2025,6,16,23,An Giang,Xã Giồng Riềng,9.9237413,105.2736878,107,Unhealthy for Sensitive Groups,2,27.2,86,0.0,7.4,274,1009.3,100,122.9,125.7,369.0,49.8,5.0,18.6
2025-06-17 00:00:00,2025,6,17,0,An Giang,Xã Giồng Riềng,9.9237413,105.2736878,116,Unhealthy for Sensitive Groups,2,26.9,89,0.0,6.4,280,1009.7,100,157.9,161.1,385.0,52.3,3.0,20.7
2025-06-17 01:00:00,2025,6,17,1,An Giang,Xã Giồng Riềng,9.9237413,105.2736878,129,Unhealthy for Sensitive Groups,2,26.5,91,0.0,6.1,282,1009.3,90,195.1,197.9,389.0,52.7,1.0,20.9
2025-06-17 02:00:00,2025,6,17,2,An Giang,Xã Giồng Riềng,9.9237413,105.2736878,145,Unhealthy for Sensitive Groups,2,26.5,90,0.0,6.4,288,1008.7,36,228.2,231.4,373.0,50.8,0.0,18.1
2025-06-17 03:00:00,2025,6,17,3,An Giang,Xã Giồng Riềng,9.9237413,105.2736878,153,Unhealthy,3,26.3,91,0.0,5.2,292,1008.7,16,234.2,237.0,344.0,46.9,0.0,13.5
2025-06-17 04:00:00,2025,6,17,4,An Giang,Xã Giồng Riềng,9.9237413,105.2736878,157,Unhealthy,3,26.3,90,0.0,3.7,313,1009.0,10,179.3,182.1,316.0,41.0,4.0,9.4
2025-06-17 05:00:00,2025,6,17,5,An Giang,Xã Giồng Riềng,9.9237413,105.2736878,160,Unhealthy,3,26.1,91,0.0,4.2,288,1008.9,7,94.8,96.9,297.0,31.9,13.0,6.6
2025-06-17 06:00:00,2025,6,17,6,An Giang,Xã Giồng Riềng,9.9237413,105.2736878,161,Unhealthy,3,26.2,92,0.0,4.1,272,1009.4,14,48.1,49.7,280.0,20.9,25.0,4.4
2025-06-17 07:00:00,2025,6,17,7,An Giang,Xã Giồng Riềng,9.9237413,105.2736878,160,Unhealthy,3,28.0,90,0.0,4.9,309,1010.1,27,39.2,41.0,255.0,19.5,25.0,4.8
2025-06-17 08:00:00,2025,6,17,8,An Giang,Xã Giồng Riềng,9.9237413,105.2736878,159,Unhealthy,3,28.0,82,2.1,7.8,323,1010.4,100,29.0,31.3,213.0,14.7,34.0,4.4
2025-06-17 09:00:00,2025,6,17,9,An Giang,Xã Giồng Riềng,9.9237413,105.2736878,159,Unhealthy,3,28.9,83,0.2,8.1,276,1010.3,98,19.6,22.6,163.0,8.1,46.0,3.9
2025-06-17 10:00:00,2025,6,17,10,An Giang,Xã Giồng Riềng,9.9237413,105.2736878,159,Unhealthy,3,29.6,82,0.1,9.4,283,1010.1,72,15.7,19.5,127.0,3.1,57.0,3.5
2025-06-17 11:00:00,2025,6,17,11,An Giang,Xã Giồng Riềng,9.9237413,105.2736878,159,Unhealthy,3,30.1,80,0.1,10.4,272,1009.8,88,15.3,19.4,115.0,1.3,66.0,3.2
2025-06-17 12:00:00,2025,6,17,12,An Giang,Xã Giồng Riềng,9.9237413,105.2736878,159,Unhealthy,3,30.7,78,0.2,10.9,279,1009.1,99,14.3,18.7,117.0,1.2,73.0,3.0
2025-06-17 13:00:00,2025,6,17,13,An Giang,Xã Giồng Riềng,9.9237413,105.2736878,159,Unhealthy,3,30.5,80,0.3,10.7,261,1008.7,100,13.0,17.4,120.0,1.6,76.0,2.9
2025-06-17 14:00:00,2025,6,17,14,An Giang,Xã Giồng Riềng,9.9237413,105.2736878,159,Unhealthy,3,30.4,79,0.2,8.6,268,1007.6,100,11.2,14.7,119.0,2.1,74.0,2.8
2025-06-17 15:00:00,2025,6,17,15,An Giang,Xã Giồng Riềng,9.9237413,105.2736878,159,Unhealthy,3,28.5,82,1.4,9.8,262,1007.6,100,12.9,15.9,119.0,3.1,68.0,2.8
2025-06-17 16:00:00,2025,6,17,16,An Giang,Xã Giồng Riềng,9.9237413,105.2736878,159,Unhealthy,3,27.9,84,0.6,7.5,243,1007.6,100,14.5,17.9,126.0,5.2,61.0,3.2
2025-06-17 17:00:00,2025,6,17,17,An Giang,Xã Giồng Riềng,9.9237413,105.2736878,159,Unhealthy,3,27.1,88,0.4,6.3,183,1007.7,100,17.5,20.8,144.0,9.2,53.0,4.2
2025-06-17 18:00:00,2025,6,17,18,An Giang,Xã Giồng Riềng,9.9237413,105.2736878,159,Unhealthy,3,26.9,91,0.1,8.3,194,1007.4,100,25.4,28.3,168.0,14.3,45.0,5.7
2025-06-17 19:00:00,2025,6,17,19,An Giang,Xã Giồng Riềng,9.9237413,105.2736878,159,Unhealthy,3,26.2,94,0.0,5.4,214,1007.9,100,29.9,31.9,189.0,14.5,40.0,5.1
2025-06-17 20:00:00,2025,6,17,20,An Giang,Xã Giồng Riềng,9.9237413,105.2736878,159,Unhealthy,3,25.4,92,0.0,6.2,213,1008.5,100,32.6,34.7,205.0,15.2,38.0,5.5
2025-06-17 21:00:00,2025,6,17,21,An Giang,Xã Giồng Riềng,9.9237413,105.2736878,159,Unhealthy,3,25.2,95,0.0,4.1,214,1008.9,100,33.2,35.4,217.0,16.2,36.0,6.1
2025-06-17 22:00:00,2025,6,17,22,An Giang,Xã Giồng Riềng,9.9237413,105.2736878,158,Unhealthy,3,25.4,96,0.0,3.4,177,1009.3,100,36.2,38.5,221.0,17.0,34.0,6.3
2025-06-17 23:00:00,2025,6,17,23,An Giang,Xã Giồng Riềng,9.9237413,105.2736878,156,Unhealthy,3,25.6,96,0.0,5.2,180,1009.6,100,36.1,38.5,212.0,17.1,33.0,5.8
2025-06-18 00:00:00,2025,6,18,0,An Giang,Xã Giồng Riềng,9.9237413,105.2736878,154,Unhealthy,3,25.9,96,0.0,5.8,206,1009.4,100,36.0,38.5,194.0,17.0,32.0,5.1
2025-06-18 01:00:00,2025,6,18,1,An Giang,Xã Giồng Riềng,9.9237413,105.2736878,152,Unhealthy,3,26.1,96,0.0,5.1,228,1009.2,100,39.2,42.0,176.0,18.3,30.0,4.8
2025-06-18 02:00:00,2025,6,18,2,An Giang,Xã Giồng Riềng,9.9237413,105.2736878,142,Unhealthy for Sensitive Groups,2,26.2,95,0.0,5.7,252,1008.7,100,45.8,48.7,158.0,22.6,24.0,5.5
2025-06-18 03:00:00,2025,6,18,3,An Giang,Xã Giồng Riềng,9.9237413,105.2736878,123,Unhealthy for Sensitive Groups,2,26.1,94,0.0,4.3,248,1008.6,100,59.6,62.9,141.0,28.2,17.0,6.6
2025-06-18 04:00:00,2025,6,18,4,An Giang,Xã Giồng Riềng,9.9237413,105.2736878,105,Unhealthy for Sensitive Groups,2,26.1,93,0.0,3.5,255,1008.4,100,78.2,81.5,132.0,32.1,12.0,7.6
2025-06-18 05:00:00,2025,6,18,5,An Giang,Xã Giồng Riềng,9.9237413,105.2736878,95,Moderate,1,26.2,93,0.0,1.9,253,1008.5,100,97.3,100.6,140.0,33.4,12.0,8.5
2025-06-18 06:00:00,2025,6,18,6,An Giang,Xã Giồng Riềng,9.9237413,105.2736878,95,Moderate,1,25.9,95,0.0,0.8,135,1008.7,100,127.6,131.3,157.0,33.0,14.0,9.3
2025-06-18 07:00:00,2025,6,18,7,An Giang,Xã Giồng Riềng,9.9237413,105.2736878,103,Unhealthy for Sensitive Groups,2,27.2,93,0.0,2.3,141,1009.0,100,44.5,47.3,166.0,16.8,24.0,4.5
2025-06-18 08:00:00,2025,6,18,8,An Giang,Xã Giồng Riềng,9.9237413,105.2736878,103,Unhealthy for Sensitive Groups,2,29.5,79,1.3,9.2,274,1009.6,67,29.2,32.1,160.0,13.5,31.0,4.6
2025-06-18 09:00:00,2025,6,18,9,An Giang,Xã Giồng Riềng,9.9237413,105.2736878,103,Unhealthy for Sensitive Groups,2,30.3,73,0.1,7.9,257,1010.6,100,21.2,24.7,147.0,8.9,41.0,4.6
2025-06-18 10:00:00,2025,6,18,10,An Giang,Xã Giồng Riềng,9.9237413,105.2736878,104,Unhealthy for Sensitive Groups,2,26.9,84,2.4,14.6,266,1011.1,100,17.7,20.5,135.0,5.2,50.0,4.5
2025-06-18 11:00:00,2025,6,18,11,An Giang,Xã Giồng Riềng,9.9237413,105.2736878,104,Unhealthy for Sensitive Groups,2,27.7,85,0.0,6.9,247,1010.0,100,13.2,15.5,128.0,3.4,56.0,4.1
2025-06-18 12:00:00,2025,6,18,12,An Giang,Xã Giồng Riềng,9.9237413,105.2736878,104,Unhealthy for Sensitive Groups,2,30.0,76,0.2,12.0,261,1009.4,100,10.2,12.2,123.0,2.6,61.0,3.5
2025-06-18 13:00:00,2025,6,18,13,An Giang,Xã Giồng Riềng,9.9237413,105.2736878,103,Unhealthy for Sensitive Groups,2,30.5,76,0.1,15.4,263,1008.5,100,9.3,11.3,120.0,2.3,64.0,3.0
2025-06-18 14:00:00,2025,6,18,14,An Giang,Xã Giồng Riềng,9.9237413,105.2736878,103,Unhealthy for Sensitive Groups,2,30.5,76,0.1,18.4,269,1007.6,100,9.7,11.4,117.0,2.1,66.0,2.7
2025-06-18 15:00:00,2025,6,18,15,An Giang,Xã Giồng Riềng,9.9237413,105.2736878,103,Unhealthy for Sensitive Groups,2,30.0,72,0.6,21.2,264,1006.8,100,10.1,11.3,116.0,2.4,67.0,2.6
2025-06-18 16:00:00,2025,6,18,16,An Giang,Xã Giồng Riềng,9.9237413,105.2736878,102,Unhealthy for Sensitive Groups,2,28.6,81,0.5,17.6,264,1007.1,100,10.6,12.0,119.0,3.7,65.0,2.8
2025-06-18 17:00:00,2025,6,18,17,An Giang,Xã Giồng Riềng,9.9237413,105.2736878,102,Unhealthy for Sensitive Groups,2,28.1,85,0.0,14.5,262,1007.1,100,12.3,14.0,128.0,6.8,60.0,3.5
2025-06-18 18:00:00,2025,6,18,18,An Giang,Xã Giồng Riềng,9.9237413,105.2736878,101,Unhealthy for Sensitive Groups,2,27.6,86,0.0,10.6,260,1007.6,100,16.7,18.3,141.0,11.0,52.0,4.6
2025-06-18 19:00:00,2025,6,18,19,An Giang,Xã Giồng Riềng,9.9237413,105.2736878,100,Moderate,1,27.0,89,0.0,4.6,244,1008.0,100,27.4,28.7,158.0,15.3,39.0,5.8
2025-06-18 20:00:00,2025,6,18,20,An Giang,Xã Giồng Riềng,9.9237413,105.2736878,100,Moderate,1,26.5,93,0.0,2.9,169,1008.4,100,42.0,43.4,186.0,19.2,34.0,7.0
2025-06-18 21:00:00,2025,6,18,21,An Giang,Xã Giồng Riềng,9.9237413,105.2736878,101,Unhealthy for Sensitive Groups,2,26.4,96,0.0,4.7,176,1009.1,100,56.6,58.1,219.0,24.4,26.0,8.5
2025-06-18 22:00:00,2025,6,18,22,An Giang,Xã Giồng Riềng,9.9237413,105.2736878,104,Unhealthy for Sensitive Groups,2,26.2,96,0.0,7.4,193,1009.4,100,56.9,58.3,237.0,27.5,21.0,9.2
2025-06-18 23:00:00,2025,6,18,23,An Giang,Xã Giồng Riềng,9.9237413,105.2736878,106,Unhealthy for Sensitive Groups,2,26.1,97,0.0,5.0,210,1009.9,100,54.6,56.0,230.0,26.3,21.0,8.2
2025-06-19 00:00:00,2025,6,19,0,An Giang,Xã Giồng Riềng,9.9237413,105.2736878,108,Unhealthy for Sensitive Groups,2,26.2,97,0.1,4.5,196,1009.8,100,50.1,51.5,208.0,22.9,23.0,6.4
2025-06-19 01:00:00,2025,6,19,1,An Giang,Xã Giồng Riềng,9.9237413,105.2736878,109,Unhealthy for Sensitive Groups,2,25.9,97,0.0,4.6,222,1008.9,100,43.2,44.7,185.0,20.3,25.0,4.9
2025-06-19 02:00:00,2025,6,19,2,An Giang,Xã Giồng Riềng,9.9237413,105.2736878,110,Unhealthy for Sensitive Groups,2,25.8,97,0.0,4.8,243,1007.9,100,40.7,42.4,162.0,20.3,24.0,4.4
2025-06-19 03:00:00,2025,6,19,3,An Giang,Xã Giồng Riềng,9.9237413,105.2736878,109,Unhealthy for Sensitive Groups,2,26.1,95,0.0,7.3,263,1007.0,99,43.8,45.4,137.0,21.1,22.0,4.2
2025-06-19 04:00:00,2025,6,19,4,An Giang,Xã Giồng Riềng,9.9237413,105.2736878,107,Unhealthy for Sensitive Groups,2,25.6,94,0.2,13.9,271,1007.5,100,43.5,45.3,125.0,20.3,22.0,4.0
2025-06-19 05:00:00,2025,6,19,5,An Giang,Xã Giồng Riềng,9.9237413,105.2736878,104,Unhealthy for Sensitive Groups,2,25.2,94,0.2,9.2,249,1007.9,100,35.6,37.4,136.0,16.4,26.0,3.6
2025-06-19 06:00:00,2025,6,19,6,An Giang,Xã Giồng Riềng,9.9237413,105.2736878,98,Moderate,1,25.2,96,0.0,9.2,227,1008.5,99,28.5,30.2,160.0,10.9,33.0,3.3
2025-06-19 07:00:00,2025,6,19,7,An Giang,Xã Giồng Riềng,9.9237413,105.2736878,89,Moderate,1,26.5,94,0.0,7.9,231,1009.3,100,13.9,16.1,172.0,5.3,44.0,2.6
2025-06-19 08:00:00,2025,6,19,8,An Giang,Xã Giồng Riềng,9.9237413,105.2736878,86,Moderate,1,28.5,86,0.1,11.8,244,1009.2,100,10.4,12.4,161.0,4.3,50.0,2.6
2025-06-19 09:00:00,2025,6,19,9,An Giang,Xã Giồng Riềng,9.9237413,105.2736878,85,Moderate,1,28.9,83,0.1,15.9,275,1009.1,99,8.1,9.8,139.0,2.8,58.0,2.5
2025-06-19 10:00:00,2025,6,19,10,An Giang,Xã Giồng Riềng,9.9237413,105.2736878,83,Moderate,1,29.8,79,0.1,16.8,275,1009.4,100,7.9,9.6,122.0,1.8,64.0,2.4
2025-06-19 11:00:00,2025,6,19,11,An Giang,Xã Giồng Riềng,9.9237413,105.2736878,83,Moderate,1,27.0,84,3.7,19.8,268,1009.9,100,7.4,9.0,118.0,1.5,65.0,2.1
2025-06-19 12:00:00,2025,6,19,12,An Giang,Xã Giồng Riềng,9.9237413,105.2736878,82,Moderate,1,28.5,80,0.2,15.8,269,1009.2,100,5.8,7.0,120.0,1.6,63.0,1.8
2025-06-19 13:00:00,2025,6,19,13,An Giang,Xã Giồng Riềng,9.9237413,105.2736878,82,Moderate,1,30.0,73,0.3,15.3,273,1008.3,100,5.7,6.8,122.0,1.8,61.0,1.7
2025-06-19 14:00:00,2025,6,19,14,An Giang,Xã Giồng Riềng,9.9237413,105.2736878,81,Moderate,1,29.7,77,0.5,15.0,280,1007.5,100,7.3,8.3,120.0,1.8,61.0,1.8
2025-06-19 15:00:00,2025,6,19,15,An Giang,Xã Giồng Riềng,9.9237413,105.2736878,81,Moderate,1,29.1,80,0.0,13.7,265,1006.7,100,7.7,8.8,117.0,1.9,61.0,2.1
2025-06-19 16:00:00,2025,6,19,16,An Giang,Xã Giồng Riềng,9.9237413,105.2736878,81,Moderate,1,29.0,80,0.0,11.4,267,1006.6,100,8.1,9.2,120.0,3.2,59.0,2.7
2025-06-19 17:00:00,2025,6,19,17,An Giang,Xã Giồng Riềng,9.9237413,105.2736878,81,Moderate,1,29.1,79,0.0,9.9,267,1006.9,100,9.4,10.5,132.0,6.5,54.0,3.8
2025-06-19 18:00:00,2025,6,19,18,An Giang,Xã Giồng Riềng,9.9237413,105.2736878,80,Moderate,1,28.1,82,0.1,9.4,275,1007.4,100,16.4,17.5,149.0,10.9,47.0,5.1
2025-06-19 19:00:00,2025,6,19,19,An Giang,Xã Giồng Riềng,9.9237413,105.2736878,80,Moderate,1,27.2,88,0.0,4.9,260,1007.8,100,35.7,37.1,164.0,19.3,35.0,7.9
2025-06-19 20:00:00,2025,6,19,20,An Giang,Xã Giồng Riềng,9.9237413,105.2736878,81,Moderate,1,27.2,89,0.0,4.7,242,1008.2,100,39.9,41.1,175.0,20.7,32.0,8.2
2025-06-19 21:00:00,2025,6,19,21,An Giang,Xã Giồng Riềng,9.9237413,105.2736878,81,Moderate,1,27.1,90,0.0,8.4,228,1008.9,100,40.6,41.8,183.0,22.4,28.0,8.6
2025-06-19 22:00:00,2025,6,19,22,An Giang,Xã Giồng Riềng,9.9237413,105.2736878,80,Moderate,1,27.0,92,0.0,7.6,236,1009.2,100,45.9,47.1,184.0,22.9,26.0,8.5
2025-06-19 23:00:00,2025,6,19,23,An Giang,Xã Giồng Riềng,9.9237413,105.2736878,79,Moderate,1,26.9,92,0.0,6.9,225,1009.4,99,51.5,52.9,172.0,20.7,30.0,7.4
2025-06-20 00:00:00,2025,6,20,0,An Giang,Xã Giồng Riềng,9.9237413,105.2736878,78,Moderate,1,26.9,93,0.0,8.1,241,1009.3,100,44.2,45.6,153.0,17.2,36.0,5.8
2025-06-20 01:00:00,2025,6,20,1,An Giang,Xã Giồng Riềng,9.9237413,105.2736878,78,Moderate,1,26.6,93,0.0,6.8,245,1008.5,99,29.5,30.9,137.0,14.7,40.0,4.5
2025-06-20 02:00:00,2025,6,20,2,An Giang,Xã Giồng Riềng,9.9237413,105.2736878,77,Moderate,1,26.4,93,0.0,8.2,238,1007.6,93,26.0,27.2,125.0,14.5,39.0,3.8
2025-06-20 03:00:00,2025,6,20,3,An Giang,Xã Giồng Riềng,9.9237413,105.2736878,75,Moderate,1,26.3,92,0.0,16.4,244,1007.7,99,29.3,30.4,116.0,15.3,35.0,3.5
2025-06-20 04:00:00,2025,6,20,4,An Giang,Xã Giồng Riềng,9.9237413,105.2736878,74,Moderate,1,25.1,92,0.1,14.7,241,1008.0,100,30.9,31.8,115.0,15.6,32.0,3.4
2025-06-20 05:00:00,2025,6,20,5,An Giang,Xã Giồng Riềng,9.9237413,105.2736878,73,Moderate,1,25.5,94,0.0,9.0,258,1008.2,100,33.1,34.0,128.0,15.2,30.0,3.8
2025-06-20 06:00:00,2025,6,20,6,An Giang,Xã Giồng Riềng,9.9237413,105.2736878,73,Moderate,1,26.0,93,0.0,10.9,251,1008.4,100,34.7,35.6,149.0,14.3,29.0,4.5
2025-06-20 07:00:00,2025,6,20,7,An Giang,Xã Giồng Riềng,9.9237413,105.2736878,73,Moderate,1,27.1,88,0.0,9.4,293,1008.7,99,36.8,38.1,162.0,12.3,34.0,4.7
2025-06-20 08:00:00,2025,6,20,8,An Giang,Xã Giồng Riềng,9.9237413,105.2736878,75,Moderate,1,29.0,88,0.0,10.1,235,1008.2,100,20.7,22.1,157.0,9.4,45.0,4.4
2025-06-20 09:00:00,2025,6,20,9,An Giang,Xã Giồng Riềng,9.9237413,105.2736878,76,Moderate,1,27.0,90,2.2,15.0,238,1009.5,100,14.0,15.5,143.0,5.5,61.0,4.0
2025-06-20 10:00:00,2025,6,20,10,An Giang,Xã Giồng Riềng,9.9237413,105.2736878,77,Moderate,1,28.8,86,0.2,7.6,255,1009.4,98,11.1,12.8,132.0,2.7,71.0,3.6
2025-06-20 11:00:00,2025,6,20,11,An Giang,Xã Giồng Riềng,9.9237413,105.2736878,77,Moderate,1,30.2,83,0.1,9.1,243,1009.0,100,9.6,10.9,127.0,2.1,71.0,3.1
2025-06-20 12:00:00,2025,6,20,12,An Giang,Xã Giồng Riềng,9.9237413,105.2736878,77,Moderate,1,30.2,81,0.6,12.2,268,1008.0,100,8.8,9.8,125.0,2.6,65.0,2.6
2025-06-20 13:00:00,2025,6,20,13,An Giang,Xã Giồng Riềng,9.9237413,105.2736878,77,Moderate,1,29.1,82,4.6,6.4,281,1007.6,100,8.1,8.9,124.0,3.2,60.0,2.3
2025-06-20 14:00:00,2025,6,20,14,An Giang,Xã Giồng Riềng,9.9237413,105.2736878,78,Moderate,1,28.0,83,1.0,11.2,235,1007.3,100,7.2,8.0,123.0,3.5,57.0,2.3
2025-06-20 15:00:00,2025,6,20,15,An Giang,Xã Giồng Riềng,9.9237413,105.2736878,78,Moderate,1,27.0,85,3.5,11.6,228,1007.1,100,8.8,9.5,122.0,4.0,55.0,2.6
2025-06-20 16:00:00,2025,6,20,16,An Giang,Xã Giồng Riềng,9.9237413,105.2736878,78,Moderate,1,27.0,86,0.1,15.9,244,1006.9,100,10.7,11.4,125.0,4.9,53.0,2.9
2025-06-20 17:00:00,2025,6,20,17,An Giang,Xã Giồng Riềng,9.9237413,105.2736878,78,Moderate,1,25.6,90,1.2,14.0,258,1007.8,100,10.7,11.4,133.0,6.4,51.0,3.2
2025-06-20 18:00:00,2025,6,20,18,An Giang,Xã Giồng Riềng,9.9237413,105.2736878,78,Moderate,1,25.5,92,0.1,8.4,263,1008.0,100,12.2,13.0,145.0,8.3,48.0,3.5
2025-06-20 19:00:00,2025,6,20,19,An Giang,Xã Giồng Riềng,9.9237413,105.2736878,78,Moderate,1,25.6,93,0.0,8.9,246,1008.6,100,18.5,18.9,155.0,11.5,40.0,4.1
2025-06-20 20:00:00,2025,6,20,20,An Giang,Xã Giồng Riềng,9.9237413,105.2736878,76,Moderate,1,25.0,97,0.7,8.6,239,1009.4,100,25.7,26.3,163.0,14.5,35.0,5.0
2025-06-20 21:00:00,2025,6,20,21,An Giang,Xã Giồng Riềng,9.9237413,105.2736878,75,Moderate,1,25.0,96,0.1,7.8,247,1009.8,100,33.1,33.8,170.0,18.4,29.0,6.1
2025-06-20 22:00:00,2025,6,20,22,An Giang,Xã Giồng Riềng,9.9237413,105.2736878,74,Moderate,1,25.1,96,0.0,5.8,275,1009.8,100,40.0,40.9,168.0,20.3,26.0,6.6
2025-06-20 23:00:00,2025,6,20,23,An Giang,Xã Giồng Riềng,9.9237413,105.2736878,74,Moderate,1,25.2,95,0.0,5.2,295,1010.2,100,41.0,41.9,150.0,18.0,29.0,5.7
2025-06-21 00:00:00,2025,6,21,0,An Giang,Xã Giồng Riềng,9.9237413,105.2736878,73,Moderate,1,25.3,95,0.0,7.2,270,1009.0,100,28.5,29.4,124.0,13.6,36.0,4.0
2025-06-21 01:00:00,2025,6,21,1,An Giang,Xã Giồng Riềng,9.9237413,105.2736878,71,Moderate,1,25.0,96,0.0,5.0,249,1008.0,100,20.7,21.7,105.0,10.6,40.0,2.8
2025-06-21 02:00:00,2025,6,21,2,An Giang,Xã Giồng Riềng,9.9237413,105.2736878,71,Moderate,1,24.9,96,0.0,4.3,222,1007.5,100,19.8,21.0,99.0,10.8,39.0,2.6
2025-06-21 03:00:00,2025,6,21,3,An Giang,Xã Giồng Riềng,9.9237413,105.2736878,70,Moderate,1,25.1,96,0.0,4.5,233,1006.9,100,23.2,24.5,99.0,12.4,36.0,2.8
2025-06-21 04:00:00,2025,6,21,4,An Giang,Xã Giồng Riềng,9.9237413,105.2736878,69,Moderate,1,25.0,96,0.1,6.0,219,1007.0,100,25.9,27.4,105.0,13.1,34.0,3.0
2025-06-21 05:00:00,2025,6,21,5,An Giang,Xã Giồng Riềng,9.9237413,105.2736878,69,Moderate,1,24.9,95,0.2,12.8,264,1007.6,100,22.9,24.2,121.0,11.7,36.0,3.1
2025-06-21 06:00:00,2025,6,21,6,An Giang,Xã Giồng Riềng,9.9237413,105.2736878,68,Moderate,1,24.1,96,3.3,5.7,235,1008.5,100,21.4,22.6,142.0,9.4,39.0,3.1
2025-06-21 07:00:00,2025,6,21,7,An Giang,Xã Giồng Riềng,9.9237413,105.2736878,67,Moderate,1,24.8,96,0.1,5.6,173,1008.6,100,20.4,22.2,154.0,7.9,43.0,3.1
2025-06-21 08:00:00,2025,6,21,8,An Giang,Xã Giồng Riềng,9.9237413,105.2736878,66,Moderate,1,27.3,86,0.0,12.3,249,1009.0,100,13.0,14.5,148.0,6.2,50.0,3.0
2025-06-21 09:00:00,2025,6,21,9,An Giang,Xã Giồng Riềng,9.9237413,105.2736878,65,Moderate,1,28.0,84,0.1,14.1,255,1009.2,100,10.4,11.8,134.0,3.9,59.0,2.7
2025-06-21 10:00:00,2025,6,21,10,An Giang,Xã Giồng Riềng,9.9237413,105.2736878,65,Moderate,1,26.8,85,5.4,13.1,236,1009.8,100,8.6,10.0,122.0,2.1,65.0,2.5
2025-06-21 11:00:00,2025,6,21,11,An Giang,Xã Giồng Riềng,9.9237413,105.2736878,64,Moderate,1,27.5,86,0.3,10.7,247,1008.9,100,6.3,7.4,118.0,1.4,67.0,2.2
2025-06-21 12:00:00,2025,6,21,12,An Giang,Xã Giồng Riềng,9.9237413,105.2736878,64,Moderate,1,27.4,83,1.9,17.0,252,1008.7,100,4.5,5.3,117.0,1.2,66.0,1.8
2025-06-21 13:00:00,2025,6,21,13,An Giang,Xã Giồng Riềng,9.9237413,105.2736878,64,Moderate,1,28.0,84,0.5,14.2,238,1007.9,100,4.5,5.3,117.0,1.3,64.0,1.6
2025-06-21 14:00:00,2025,6,21,14,An Giang,Xã Giồng Riềng,9.9237413,105.2736878,63,Moderate,1,27.0,85,1.5,17.2,249,1007.2,100,6.7,7.5,117.0,1.6,63.0,1.7
2025-06-21 15:00:00,2025,6,21,15,An Giang,Xã Giồng Riềng,9.9237413,105.2736878,63,Moderate,1,27.4,84,0.1,15.2,246,1006.1,100,7.5,8.4,118.0,2.3,61.0,1.9
2025-06-21 16:00:00,2025,6,21,16,An Giang,Xã Giồng Riềng,9.9237413,105.2736878,63,Moderate,1,27.2,81,1.0,16.3,242,1006.3,99,8.2,9.2,121.0,3.4,58.0,2.3
2025-06-21 17:00:00,2025,6,21,17,An Giang,Xã Giồng Riềng,9.9237413,105.2736878,63,Moderate,1,26.5,88,1.3,14.3,251,1006.9,98,11.0,11.9,128.0,5.5,53.0,2.8
2025-06-21 18:00:00,2025,6,21,18,An Giang,Xã Giồng Riềng,9.9237413,105.2736878,63,Moderate,1,25.8,90,0.1,12.0,234,1007.6,98,14.1,15.0,137.0,8.0,48.0,3.4
2025-06-21 19:00:00,2025,6,21,19,An Giang,Xã Giồng Riềng,9.9237413,105.2736878,63,Moderate,1,25.1,92,0.1,14.6,238,1008.6,100,14.1,15.5,144.0,7.1,48.0,2.8
2025-06-21 20:00:00,2025,6,21,20,An Giang,Xã Giồng Riềng,9.9237413,105.2736878,63,Moderate,1,25.1,92,0.0,14.8,216,1009.3,100,18.2,19.3,147.0,9.9,42.0,3.6
2025-06-21 21:00:00,2025,6,21,21,An Giang,Xã Giồng Riềng,9.9237413,105.2736878,62,Moderate,1,24.2,93,0.2,14.7,227,1010.4,100,25.8,26.8,147.0,13.8,35.0,4.8
2025-06-21 22:00:00,2025,6,21,22,An Giang,Xã Giồng Riềng,9.9237413,105.2736878,61,Moderate,1,24.1,96,1.3,11.8,227,1010.3,100,32.8,33.9,144.0,16.3,30.0,5.4
2025-06-21 23:00:00,2025,6,21,23,An Giang,Xã Giồng Riềng,9.9237413,105.2736878,61,Moderate,1,24.1,97,3.7,10.7,228,1010.1,100,36.0,37.0,137.0,16.2,30.0,5.0
2025-06-22 00:00:00,2025,6,22,0,An Giang,Xã Giồng Riềng,9.9237413,105.2736878,60,Moderate,1,24.1,97,2.5,9.0,215,1010.2,100,34.8,35.7,128.0,14.6,32.0,4.2
2025-06-22 01:00:00,2025,6,22,1,An Giang,Xã Giồng Riềng,9.9237413,105.2736878,61,Moderate,1,23.6,98,5.2,10.2,211,1009.9,100,27.1,28.1,121.0,13.1,35.0,3.4
2025-06-22 02:00:00,2025,6,22,2,An Giang,Xã Giồng Riềng,9.9237413,105.2736878,61,Moderate,1,23.6,99,4.5,10.4,203,1009.2,100,19.8,20.8,115.0,12.0,37.0,2.9
2025-06-22 03:00:00,2025,6,22,3,An Giang,Xã Giồng Riềng,9.9237413,105.2736878,61,Moderate,1,23.5,97,2.4,11.0,205,1009.0,100,19.1,20.0,111.0,10.8,40.0,2.6
2025-06-22 04:00:00,2025,6,22,4,An Giang,Xã Giồng Riềng,9.9237413,105.2736878,61,Moderate,1,23.0,98,9.7,9.8,215,1009.2,100,19.5,20.4,113.0,9.9,42.0,2.4
2025-06-22 05:00:00,2025,6,22,5,An Giang,Xã Giồng Riềng,9.9237413,105.2736878,61,Moderate,1,23.3,98,3.8,12.2,216,1009.3,100,17.9,18.7,129.0,9.5,42.0,2.6
2025-06-22 06:00:00,2025,6,22,6,An Giang,Xã Giồng Riềng,9.9237413,105.2736878,60,Moderate,1,23.4,97,5.4,9.8,232,1009.5,100,16.9,17.6,152.0,9.3,41.0,2.9
2025-06-22 07:00:00,2025,6,22,7,An Giang,Xã Giồng Riềng,9.9237413,105.2736878,60,Moderate,1,23.5,97,5.2,8.3,214,1010.0,100,29.5,30.5,167.0,12.3,34.0,3.8
2025-06-22 08:00:00,2025,6,22,8,An Giang,Xã Giồng Riềng,9.9237413,105.2736878,60,Moderate,1,24.4,94,1.3,14.3,245,1010.7,100,16.8,17.9,168.0,10.5,37.0,3.6
2025-06-22 09:00:00,2025,6,22,9,An Giang,Xã Giồng Riềng,9.9237413,105.2736878,61,Moderate,1,25.0,93,1.3,13.5,236,1010.7,100,15.7,16.4,162.0,7.9,40.0,3.2
2025-06-22 10:00:00,2025,6,22,10,An Giang,Xã Giồng Riềng,9.9237413,105.2736878,61,Moderate,1,26.3,90,0.2,14.0,234,1010.5,100,12.4,12.8,154.0,5.8,44.0,2.9
2025-06-22 11:00:00,2025,6,22,11,An Giang,Xã Giồng Riềng,9.9237413,105.2736878,62,Moderate,1,26.8,87,0.2,14.6,244,1010.4,100,10.2,10.6,143.0,4.4,48.0,2.7
2025-06-22 12:00:00,2025,6,22,12,An Giang,Xã Giồng Riềng,9.9237413,105.2736878,62,Moderate,1,27.6,83,0.1,16.2,246,1009.6,100,8.9,9.3,129.0,3.5,51.0,2.5
2025-06-22 13:00:00,2025,6,22,13,An Giang,Xã Giồng Riềng,9.9237413,105.2736878,62,Moderate,1,28.1,81,0.2,20.9,238,1008.7,100,8.0,8.7,119.0,2.9,54.0,2.3
2025-06-22 14:00:00,2025,6,22,14,An Giang,Xã Giồng Riềng,9.9237413,105.2736878,63,Moderate,1,28.1,78,0.2,23.8,248,1007.9,100,7.9,8.6,116.0,2.8,55.0,2.2
2025-06-22 15:00:00,2025,6,22,15,An Giang,Xã Giồng Riềng,9.9237413,105.2736878,63,Moderate,1,27.8,81,0.4,21.2,252,1007.1,100,7.9,8.4,116.0,3.1,55.0,2.1
2025-06-22 16:00:00,2025,6,22,16,An Giang,Xã Giồng Riềng,9.9237413,105.2736878,63,Moderate,1,28.0,78,0.1,20.3,253,1006.8,100,9.3,9.8,121.0,3.8,54.0,2.1
2025-06-22 17:00:00,2025,6,22,17,An Giang,Xã Giồng Riềng,9.9237413,105.2736878,63,Moderate,1,27.2,82,0.0,15.4,254,1006.7,100,11.7,12.3,131.0,5.1,52.0,2.4
2025-06-22 18:00:00,2025,6,22,18,An Giang,Xã Giồng Riềng,9.9237413,105.2736878,63,Moderate,1,26.5,86,0.0,11.9,256,1007.6,100,11.6,12.1,144.0,6.7,49.0,2.8
2025-06-22 19:00:00,2025,6,22,19,An Giang,Xã Giồng Riềng,9.9237413,105.2736878,63,Moderate,1,26.1,87,0.1,8.3,248,1008.2,100,15.5,17.2,157.0,8.4,45.0,3.2
2025-06-22 20:00:00,2025,6,22,20,An Giang,Xã Giồng Riềng,9.9237413,105.2736878,63,Moderate,1,25.1,93,0.0,5.1,219,1008.6,100,17.8,19.4,172.0,9.1,43.0,3.4
2025-06-22 21:00:00,2025,6,22,21,An Giang,Xã Giồng Riềng,9.9237413,105.2736878,63,Moderate,1,25.3,93,0.4,6.1,203,1009.3,100,19.6,21.2,186.0,10.1,40.0,3.7
2025-06-22 22:00:00,2025,6,22,22,An Giang,Xã Giồng Riềng,9.9237413,105.2736878,62,Moderate,1,25.1,94,0.3,5.8,171,1010.0,100,22.1,23.7,191.0,10.8,38.0,3.8
2025-06-22 23:00:00,2025,6,22,23,An Giang,Xã Giồng Riềng,9.9237413,105.2736878,61,Moderate,1,24.8,95,0.3,6.5,166,1010.2,96,23.3,25.0,179.0,11.1,37.0,3.5
2025-06-23 00:00:00,2025,6,23,0,An Giang,Xã Giồng Riềng,9.9237413,105.2736878,60,Moderate,1,24.6,95,0.1,6.8,192,1009.7,83,22.7,24.3,158.0,11.0,37.0,3.0
2025-06-23 01:00:00,2025,6,23,1,An Giang,Xã Giồng Riềng,9.9237413,105.2736878,59,Moderate,1,24.3,95,0.4,12.6,251,1009.5,100,23.1,24.9,140.0,10.8,37.0,2.6
2025-06-23 02:00:00,2025,6,23,2,An Giang,Xã Giồng Riềng,9.9237413,105.2736878,59,Moderate,1,24.2,94,0.2,10.6,240,1009.1,100,22.8,24.6,126.0,10.3,38.0,2.3
2025-06-23 03:00:00,2025,6,23,3,An Giang,Xã Giồng Riềng,9.9237413,105.2736878,59,Moderate,1,24.0,96,0.7,8.6,229,1008.7,79,19.4,21.0,115.0,9.6,40.0,2.2
2025-06-23 04:00:00,2025,6,23,4,An Giang,Xã Giồng Riềng,9.9237413,105.2736878,59,Moderate,1,24.0,96,0.3,7.4,221,1008.6,99,18.1,19.5,112.0,8.8,42.0,2.1
2025-06-23 05:00:00,2025,6,23,5,An Giang,Xã Giồng Riềng,9.9237413,105.2736878,59,Moderate,1,24.1,96,0.2,10.2,236,1008.9,100,18.3,19.6,124.0,8.1,42.0,2.3
2025-06-23 06:00:00,2025,6,23,6,An Giang,Xã Giồng Riềng,9.9237413,105.2736878,59,Moderate,1,24.2,95,0.6,11.5,247,1009.2,99,18.2,19.3,144.0,7.3,41.0,2.6
2025-06-23 07:00:00,2025,6,23,7,An Giang,Xã Giồng Riềng,9.9237413,105.2736878,59,Moderate,1,24.6,95,0.3,9.3,238,1009.1,97,29.6,31.3,156.0,10.2,33.0,3.8
2025-06-23 08:00:00,2025,6,23,8,An Giang,Xã Giồng Riềng,9.9237413,105.2736878,59,Moderate,1,26.5,89,0.1,12.6,248,1009.3,100,16.8,18.9,151.0,7.8,42.0,3.3
2025-06-23 09:00:00,2025,6,23,9,An Giang,Xã Giồng Riềng,9.9237413,105.2736878,59,Moderate,1,27.5,85,0.1,14.8,257,1009.7,100,12.4,14.5,138.0,4.5,55.0,2.7
2025-06-23 10:00:00,2025,6,23,10,An Giang,Xã Giồng Riềng,9.9237413,105.2736878,59,Moderate,1,28.4,80,0.1,16.7,258,1009.7,100,10.4,12.4,126.0,2.1,64.0,2.2
2025-06-23 11:00:00,2025,6,23,11,An Giang,Xã Giồng Riềng,9.9237413,105.2736878,59,Moderate,1,29.5,74,0.1,19.1,261,1009.3,99,9.1,11.1,120.0,1.3,67.0,1.9
2025-06-23 12:00:00,2025,6,23,12,An Giang,Xã Giồng Riềng,9.9237413,105.2736878,59,Moderate,1,29.4,75,0.4,20.1,258,1008.8,100,8.1,10.0,115.0,1.3,66.0,1.7
2025-06-23 13:00:00,2025,6,23,13,An Giang,Xã Giồng Riềng,9.9237413,105.2736878,58,Moderate,1,29.5,74,0.0,18.6,258,1007.7,100,7.6,9.4,112.0,1.6,65.0,1.6
2025-06-23 14:00:00,2025,6,23,14,An Giang,Xã Giồng Riềng,9.9237413,105.2736878,58,Moderate,1,29.2,73,0.0,19.5,258,1006.7,100,7.9,9.3,111.0,1.8,65.0,1.7
2025-06-23 15:00:00,2025,6,23,15,An Giang,Xã Giồng Riềng,9.9237413,105.2736878,58,Moderate,1,28.5,75,0.0,20.3,263,1006.0,100,8.3,9.8,111.0,2.2,65.0,2.0
2025-06-23 16:00:00,2025,6,23,16,An Giang,Xã Giồng Riềng,9.9237413,105.2736878,58,Moderate,1,28.0,80,0.0,15.1,255,1005.9,100,8.4,10.0,114.0,3.1,63.0,2.3
2025-06-23 17:00:00,2025,6,23,17,An Giang,Xã Giồng Riềng,9.9237413,105.2736878,58,Moderate,1,27.5,81,0.0,14.6,256,1006.0,100,12.5,13.9,122.0,4.8,60.0,2.8
2025-06-23 18:00:00,2025,6,23,18,An Giang,Xã Giồng Riềng,9.9237413,105.2736878,58,Moderate,1,27.0,83,0.0,13.0,260,1006.8,100,14.3,15.7,133.0,7.0,55.0,3.3
2025-06-23 19:00:00,2025,6,23,19,An Giang,Xã Giồng Riềng,9.9237413,105.2736878,59,Moderate,1,26.5,84,0.1,11.1,261,1007.5,100,15.1,16.6,142.0,8.2,52.0,3.5
2025-06-23 20:00:00,2025,6,23,20,An Giang,Xã Giồng Riềng,9.9237413,105.2736878,59,Moderate,1,26.8,84,0.0,9.3,246,1007.8,100,20.0,21.7,146.0,8.5,51.0,3.5
2025-06-23 21:00:00,2025,6,23,21,An Giang,Xã Giồng Riềng,9.9237413,105.2736878,59,Moderate,1,26.2,88,0.0,8.1,242,1008.9,99,23.6,25.3,148.0,9.0,51.0,3.6
2025-06-23 22:00:00,2025,6,23,22,An Giang,Xã Giồng Riềng,9.9237413,105.2736878,59,Moderate,1,26.4,89,0.1,11.4,264,1009.6,100,18.2,19.8,150.0,9.2,50.0,3.5
2025-06-23 23:00:00,2025,6,23,23,An Giang,Xã Giồng Riềng,9.9237413,105.2736878,59,Moderate,1,26.0,90,0.1,11.7,257,1009.9,100,13.2,14.9,154.0,9.0,49.0,3.1
2025-06-24 00:00:00,2025,6,24,0,An Giang,Xã Giồng Riềng,9.9237413,105.2736878,58,Moderate,1,25.5,90,0.0,11.7,245,1009.7,100,12.0,13.6,158.0,8.6,49.0,2.7
2025-06-24 01:00:00,2025,6,24,1,An Giang,Xã Giồng Riềng,9.9237413,105.2736878,57,Moderate,1,24.8,93,0.5,14.1,263,1009.4,100,15.9,17.5,157.0,8.3,48.0,2.3
2025-06-24 02:00:00,2025,6,24,2,An Giang,Xã Giồng Riềng,9.9237413,105.2736878,56,Moderate,1,25.0,94,0.3,10.5,251,1008.3,100,18.9,20.3,146.0,8.5,47.0,2.2
2025-06-24 03:00:00,2025,6,24,3,An Giang,Xã Giồng Riềng,9.9237413,105.2736878,56,Moderate,1,24.9,96,0.2,10.1,241,1007.9,100,18.2,19.6,131.0,8.8,45.0,2.2
2025-06-24 04:00:00,2025,6,24,4,An Giang,Xã Giồng Riềng,9.9237413,105.2736878,56,Moderate,1,25.0,96,0.1,10.0,234,1008.0,100,17.3,18.8,124.0,8.8,43.0,2.3
2025-06-24 05:00:00,2025,6,24,5,An Giang,Xã Giồng Riềng,9.9237413,105.2736878,56,Moderate,1,25.0,95,0.1,11.0,246,1008.2,97,17.9,19.7,134.0,8.4,41.0,2.5
2025-06-24 06:00:00,2025,6,24,6,An Giang,Xã Giồng Riềng,9.9237413,105.2736878,56,Moderate,1,25.0,94,0.1,11.3,239,1008.5,100,19.3,21.4,151.0,7.7,39.0,2.8
2025-06-24 07:00:00,2025,6,24,7,An Giang,Xã Giồng Riềng,9.9237413,105.2736878,56,Moderate,1,26.0,92,0.1,11.6,234,1009.2,100,28.2,31.1,160.0,10.0,32.0,3.6
2025-06-24 08:00:00,2025,6,24,8,An Giang,Xã Giồng Riềng,9.9237413,105.2736878,56,Moderate,1,26.5,88,1.2,16.0,258,1009.3,100,18.8,23.1,153.0,7.5,41.0,3.1
2025-06-24 09:00:00,2025,6,24,9,An Giang,Xã Giồng Riềng,9.9237413,105.2736878,56,Moderate,1,26.5,90,0.2,12.4,254,1009.4,100,14.4,18.9,137.0,4.2,52.0,2.5
2025-06-24 10:00:00,2025,6,24,10,An Giang,Xã Giồng Riềng,9.9237413,105.2736878,56,Moderate,1,28.5,81,0.5,17.5,256,1009.2,100,11.4,15.8,125.0,1.7,61.0,2.0
2025-06-24 11:00:00,2025,6,24,11,An Giang,Xã Giồng Riềng,9.9237413,105.2736878,56,Moderate,1,29.5,77,0.2,18.0,256,1009.0,100,9.9,13.4,119.0,1.0,64.0,1.9
2025-06-24 12:00:00,2025,6,24,12,An Giang,Xã Giồng Riềng,9.9237413,105.2736878,56,Moderate,1,30.1,75,0.0,18.1,259,1008.6,100,9.1,12.5,116.0,1.3,63.0,2.0
2025-06-24 13:00:00,2025,6,24,13,An Giang,Xã Giồng Riềng,9.9237413,105.2736878,56,Moderate,1,29.9,72,0.0,19.6,264,1007.8,100,9.3,12.5,115.0,1.8,62.0,2.2
2025-06-24 14:00:00,2025,6,24,14,An Giang,Xã Giồng Riềng,9.9237413,105.2736878,57,Moderate,1,29.7,74,0.5,20.8,258,1006.8,100,10.1,13.4,116.0,2.5,60.0,2.3
2025-06-24 15:00:00,2025,6,24,15,An Giang,Xã Giồng Riềng,9.9237413,105.2736878,57,Moderate,1,29.0,77,0.3,13.7,253,1006.3,100,11.0,15.0,120.0,3.4,57.0,2.5
2025-06-24 16:00:00,2025,6,24,16,An Giang,Xã Giồng Riềng,9.9237413,105.2736878,57,Moderate,1,28.5,79,0.1,16.5,257,1005.8,100,13.6,18.0,124.0,4.4,54.0,2.7
2025-06-24 17:00:00,2025,6,24,17,An Giang,Xã Giồng Riềng,9.9237413,105.2736878,57,Moderate,1,28.1,82,0.0,13.6,262,1006.2,100,14.9,19.7,129.0,5.4,51.0,2.9
2025-06-24 18:00:00,2025,6,24,18,An Giang,Xã Giồng Riềng,9.9237413,105.2736878,58,Moderate,1,27.8,82,0.0,13.1,261,1007.0,100,15.9,21.0,136.0,6.5,49.0,3.0
2025-06-24 19:00:00,2025,6,24,19,An Giang,Xã Giồng Riềng,9.9237413,105.2736878,58,Moderate,1,27.5,80,0.0,13.0,252,1007.6,100,20.7,25.3,140.0,9.4,42.0,3.8
2025-06-24 20:00:00,2025,6,24,20,An Giang,Xã Giồng Riềng,9.9237413,105.2736878,58,Moderate,1,27.6,75,0.0,12.8,256,1008.2,100,26.1,30.4,141.0,11.5,38.0,4.5
2025-06-24 21:00:00,2025,6,24,21,An Giang,Xã Giồng Riềng,9.9237413,105.2736878,59,Moderate,1,27.5,77,0.0,12.8,246,1008.8,100,30.6,34.7,139.0,14.5,32.0,5.4
2025-06-24 22:00:00,2025,6,24,22,An Giang,Xã Giồng Riềng,9.9237413,105.2736878,59,Moderate,1,26.9,83,0.0,10.5,245,1009.0,85,35.9,39.9,138.0,16.7,28.0,5.9
2025-06-24 23:00:00,2025,6,24,23,An Giang,Xã Giồng Riềng,9.9237413,105.2736878,61,Moderate,1,26.2,89,0.0,8.0,230,1009.1,71,42.8,46.7,139.0,17.6,26.0,5.6
2025-06-25 00:00:00,2025,6,25,0,An Giang,Xã Giồng Riềng,9.9237413,105.2736878,64,Moderate,1,25.9,91,0.0,7.5,224,1008.8,93,43.4,47.0,140.0,17.8,25.0,4.9
2025-06-25 01:00:00,2025,6,25,1,An Giang,Xã Giồng Riềng,9.9237413,105.2736878,66,Moderate,1,25.5,93,0.0,6.7,214,1008.4,97,38.3,41.7,140.0,17.4,26.0,4.2
2025-06-25 02:00:00,2025,6,25,2,An Giang,Xã Giồng Riềng,9.9237413,105.2736878,68,Moderate,1,25.1,94,0.0,8.8,208,1008.1,26,33.5,36.9,137.0,16.2,28.0,3.7
2025-06-25 03:00:00,2025,6,25,3,An Giang,Xã Giồng Riềng,9.9237413,105.2736878,70,Moderate,1,25.2,93,0.0,9.5,217,1007.7,17,30.4,33.9,133.0,14.4,31.0,3.3
2025-06-25 04:00:00,2025,6,25,4,An Giang,Xã Giồng Riềng,9.9237413,105.2736878,71,Moderate,1,25.3,93,0.0,10.7,213,1007.8,100,28.7,32.5,133.0,12.6,34.0,3.0
2025-06-25 05:00:00,2025,6,25,5,An Giang,Xã Giồng Riềng,9.9237413,105.2736878,72,Moderate,1,25.4,93,0.0,11.4,217,1008.2,95,27.4,31.5,140.0,11.1,35.0,3.0
2025-06-25 06:00:00,2025,6,25,6,An Giang,Xã Giồng Riềng,9.9237413,105.2736878,73,Moderate,1,25.5,93,0.0,9.9,228,1008.5,28,25.5,29.6,150.0,9.7,37.0,3.3
2025-06-25 07:00:00,2025,6,25,7,An Giang,Xã Giồng Riềng,9.9237413,105.2736878,73,Moderate,1,26.9,87,0.0,12.4,231,1009.2,25,24.2,28.6,156.0,8.5,39.0,3.3
2025-06-25 08:00:00,2025,6,25,8,An Giang,Xã Giồng Riềng,9.9237413,105.2736878,73,Moderate,1,26.9,88,1.2,11.8,245,1010.1,91,17.7,23.7,152.0,6.5,45.0,2.9
2025-06-25 09:00:00,2025,6,25,9,An Giang,Xã Giồng Riềng,9.9237413,105.2736878,73,Moderate,1,27.6,86,0.1,13.3,251,1010.7,100,12.7,18.6,144.0,3.7,54.0,2.3
2025-06-25 10:00:00,2025,6,25,10,An Giang,Xã Giồng Riềng,9.9237413,105.2736878,73,Moderate,1,27.5,85,0.6,14.8,260,1010.4,100,11.2,17.1,136.0,1.6,61.0,1.9
2025-06-25 11:00:00,2025,6,25,11,An Giang,Xã Giồng Riềng,9.9237413,105.2736878,73,Moderate,1,28.9,79,0.0,14.8,264,1009.9,97,10.8,16.1,129.0,0.9,65.0,1.8
2025-06-25 12:00:00,2025,6,25,12,An Giang,Xã Giồng Riềng,9.9237413,105.2736878,73,Moderate,1,29.4,78,0.1,14.6,260,1009.1,98,10.3,15.0,123.0,0.9,68.0,2.0
2025-06-25 13:00:00,2025,6,25,13,An Giang,Xã Giồng Riềng,9.9237413,105.2736878,73,Moderate,1,29.8,75,0.0,17.1,262,1007.8,76,9.8,14.0,118.0,1.3,69.0,2.1
2025-06-25 14:00:00,2025,6,25,14,An Giang,Xã Giồng Riềng,9.9237413,105.2736878,73,Moderate,1,29.2,76,1.5,17.1,269,1007.2,88,9.3,13.1,115.0,1.8,67.0,2.2
2025-06-25 15:00:00,2025,6,25,15,An Giang,Xã Giồng Riềng,9.9237413,105.2736878,73,Moderate,1,29.1,72,1.0,17.6,263,1006.7,96,10.6,13.7,114.0,2.5,62.0,2.2
2025-06-25 16:00:00,2025,6,25,16,An Giang,Xã Giồng Riềng,9.9237413,105.2736878,73,Moderate,1,27.7,84,0.8,13.4,250,1007.2,100,11.6,14.8,119.0,3.9,57.0,2.5
2025-06-25 17:00:00,2025,6,25,17,An Giang,Xã Giồng Riềng,9.9237413,105.2736878,73,Moderate,1,27.9,85,0.0,9.1,260,1006.9,100,14.1,17.1,135.0,6.1,52.0,3.1
2025-06-25 18:00:00,2025,6,25,18,An Giang,Xã Giồng Riềng,9.9237413,105.2736878,72,Moderate,1,27.5,87,0.0,9.8,256,1006.8,100,16.9,19.7,156.0,9.0,48.0,3.9
2025-06-25 19:00:00,2025,6,25,19,An Giang,Xã Giồng Riềng,9.9237413,105.2736878,73,Moderate,1,26.8,90,0.0,6.5,242,1007.7,100,21.1,27.1,174.0,9.2,45.0,4.0
2025-06-25 20:00:00,2025,6,25,20,An Giang,Xã Giồng Riềng,9.9237413,105.2736878,73,Moderate,1,26.4,90,0.0,7.8,228,1008.6,100,22.1,27.8,186.0,11.7,40.0,4.8
2025-06-25 21:00:00,2025,6,25,21,An Giang,Xã Giồng Riềng,9.9237413,105.2736878,72,Moderate,1,26.1,91,0.0,6.7,216,1009.2,100,30.2,35.5,193.0,15.1,33.0,5.9
2025-06-25 22:00:00,2025,6,25,22,An Giang,Xã Giồng Riềng,9.9237413,105.2736878,72,Moderate,1,26.0,91,0.0,5.7,229,1009.7,100,38.1,43.3,193.0,17.4,28.0,6.4
2025-06-25 23:00:00,2025,6,25,23,An Giang,Xã Giồng Riềng,9.9237413,105.2736878,72,Moderate,1,26.0,91,0.0,6.6,227,1009.8,100,38.9,43.9,180.0,17.6,27.0,6.0
2025-06-26 00:00:00,2025,6,26,0,An Giang,Xã Giồng Riềng,9.9237413,105.2736878,72,Moderate,1,25.9,91,0.0,7.8,214,1009.6,100,36.2,41.1,160.0,16.8,27.0,5.0
2025-06-26 01:00:00,2025,6,26,1,An Giang,Xã Giồng Riềng,9.9237413,105.2736878,71,Moderate,1,25.6,93,0.0,7.7,217,1009.2,100,35.2,40.0,143.0,15.9,28.0,4.2
2025-06-26 02:00:00,2025,6,26,2,An Giang,Xã Giồng Riềng,9.9237413,105.2736878,71,Moderate,1,25.7,94,0.0,8.5,215,1008.6,100,34.5,39.0,131.0,15.4,28.0,3.8
2025-06-26 03:00:00,2025,6,26,3,An Giang,Xã Giồng Riềng,9.9237413,105.2736878,71,Moderate,1,25.7,94,0.0,6.6,202,1007.8,100,33.1,37.6,122.0,14.9,29.0,3.5
2025-06-26 04:00:00,2025,6,26,4,An Giang,Xã Giồng Riềng,9.9237413,105.2736878,71,Moderate,1,25.2,95,0.3,6.4,230,1007.9,100,31.7,36.1,122.0,13.8,31.0,3.3
2025-06-26 05:00:00,2025,6,26,5,An Giang,Xã Giồng Riềng,9.9237413,105.2736878,72,Moderate,1,24.6,96,3.8,5.0,291,1008.6,89,30.3,34.8,141.0,11.7,34.0,3.1
2025-06-26 06:00:00,2025,6,26,6,An Giang,Xã Giồng Riềng,9.9237413,105.2736878,72,Moderate,1,24.4,95,3.0,11.9,312,1009.5,91,24.6,29.2,169.0,9.1,39.0,3.0
2025-06-26 07:00:00,2025,6,26,7,An Giang,Xã Giồng Riềng,9.9237413,105.2736878,72,Moderate,1,24.8,94,0.7,11.7,250,1010.0,98,33.4,40.4,185.0,10.7,38.0,3.7
2025-06-26 08:00:00,2025,6,26,8,An Giang,Xã Giồng Riềng,9.9237413,105.2736878,73,Moderate,1,27.5,84,1.8,13.7,232,1009.6,98,18.3,24.3,177.0,8.3,46.0,3.5
2025-06-26 09:00:00,2025,6,26,9,An Giang,Xã Giồng Riềng,9.9237413,105.2736878,73,Moderate,1,28.0,84,0.2,12.2,217,1010.3,100,15.1,21.0,157.0,5.0,56.0,3.2
2025-06-26 10:00:00,2025,6,26,10,An Giang,Xã Giồng Riềng,9.9237413,105.2736878,73,Moderate,1,28.2,84,0.3,12.5,231,1010.1,100,14.3,19.8,143.0,2.5,64.0,2.9
2025-06-26 11:00:00,2025,6,26,11,An Giang,Xã Giồng Riềng,9.9237413,105.2736878,73,Moderate,1,26.9,87,6.3,9.4,228,1010.4,100,11.9,17.8,145.0,1.6,66.0,2.4
2025-06-26 12:00:00,2025,6,26,12,An Giang,Xã Giồng Riềng,9.9237413,105.2736878,73,Moderate,1,27.4,85,0.2,16.9,249,1010.0,100,10.2,16.5,153.0,1.5,65.0,1.9
2025-06-26 13:00:00,2025,6,26,13,An Giang,Xã Giồng Riềng,9.9237413,105.2736878,73,Moderate,1,26.6,86,0.0,16.5,248,1008.9,100,9.2,13.6,160.0,1.9,64.0,1.6
2025-06-26 14:00:00,2025,6,26,14,An Giang,Xã Giồng Riềng,9.9237413,105.2736878,73,Moderate,1,28.5,77,0.1,17.3,246,1008.4,100,10.0,14.1,160.0,2.4,63.0,1.7
2025-06-26 15:00:00,2025,6,26,15,An Giang,Xã Giồng Riềng,9.9237413,105.2736878,73,Moderate,1,27.9,81,0.8,12.7,255,1007.6,100,10.2,14.3,159.0,3.3,61.0,2.0
2025-06-26 16:00:00,2025,6,26,16,An Giang,Xã Giồng Riềng,9.9237413,105.2736878,73,Moderate,1,28.0,80,0.1,12.6,253,1007.4,100,13.8,17.3,162.0,5.0,58.0,2.6
2025-06-26 17:00:00,2025,6,26,17,An Giang,Xã Giồng Riềng,9.9237413,105.2736878,74,Moderate,1,27.5,84,0.0,10.3,248,1007.6,100,18.5,21.9,174.0,7.8,54.0,3.4
2025-06-26 18:00:00,2025,6,26,18,An Giang,Xã Giồng Riềng,9.9237413,105.2736878,74,Moderate,1,26.8,87,0.0,7.5,235,1007.8,100,24.7,28.0,191.0,11.2,50.0,4.5
2025-06-26 19:00:00,2025,6,26,19,An Giang,Xã Giồng Riềng,9.9237413,105.2736878,75,Moderate,1,26.1,89,0.0,6.7,218,1008.5,100,27.9,30.5,206.0,14.6,39.0,5.4
2025-06-26 20:00:00,2025,6,26,20,An Giang,Xã Giồng Riềng,9.9237413,105.2736878,75,Moderate,1,26.0,95,0.2,5.9,182,1009.9,100,34.7,37.5,219.0,16.2,37.0,5.9
2025-06-26 21:00:00,2025,6,26,21,An Giang,Xã Giồng Riềng,9.9237413,105.2736878,76,Moderate,1,25.8,95,0.2,5.1,197,1010.6,100,40.3,43.3,231.0,18.3,33.0,6.6
2025-06-26 22:00:00,2025,6,26,22,An Giang,Xã Giồng Riềng,9.9237413,105.2736878,77,Moderate,1,25.5,95,0.0,5.3,213,1010.4,100,43.3,46.6,239.0,19.7,31.0,6.9
2025-06-26 23:00:00,2025,6,26,23,An Giang,Xã Giồng Riềng,9.9237413,105.2736878,78,Moderate,1,25.4,94,0.0,7.1,221,1010.3,100,44.4,48.0,241.0,19.6,31.0,6.5
2025-06-27 00:00:00,2025,6,27,0,An Giang,Xã Giồng Riềng,9.9237413,105.2736878,78,Moderate,1,25.2,95,0.0,6.6,191,1010.0,100,43.9,47.6,239.0,18.8,33.0,5.6
2025-06-27 01:00:00,2025,6,27,1,An Giang,Xã Giồng Riềng,9.9237413,105.2736878,79,Moderate,1,24.9,97,0.0,6.7,180,1009.2,100,44.1,48.2,237.0,18.1,34.0,5.0
2025-06-27 02:00:00,2025,6,27,2,An Giang,Xã Giồng Riềng,9.9237413,105.2736878,80,Moderate,1,24.8,98,0.0,9.2,179,1008.8,100,44.4,48.5,234.0,18.3,34.0,4.8
2025-06-27 03:00:00,2025,6,27,3,An Giang,Xã Giồng Riềng,9.9237413,105.2736878,81,Moderate,1,24.6,97,0.0,7.7,179,1008.1,100,45.4,49.5,230.0,18.7,35.0,4.7
2025-06-27 04:00:00,2025,6,27,4,An Giang,Xã Giồng Riềng,9.9237413,105.2736878,82,Moderate,1,24.4,97,0.0,5.7,189,1007.8,100,46.2,50.4,229.0,18.0,38.0,4.6
2025-06-27 05:00:00,2025,6,27,5,An Giang,Xã Giồng Riềng,9.9237413,105.2736878,83,Moderate,1,23.9,98,0.0,4.3,204,1008.2,99,49.4,53.4,234.0,15.4,45.0,4.4
2025-06-27 06:00:00,2025,6,27,6,An Giang,Xã Giồng Riềng,9.9237413,105.2736878,85,Moderate,1,24.1,98,0.0,7.6,202,1008.8,100,47.3,51.2,242.0,11.8,54.0,4.2
2025-06-27 07:00:00,2025,6,27,7,An Giang,Xã Giồng Riềng,9.9237413,105.2736878,87,Moderate,1,25.2,96,0.0,10.9,258,1010.2,94,29.3,31.8,242.0,10.3,48.0,3.9
2025-06-27 08:00:00,2025,6,27,8,An Giang,Xã Giồng Riềng,9.9237413,105.2736878,86,Moderate,1,27.3,92,0.0,8.9,249,1009.4,65,20.7,23.7,229.0,8.0,58.0,3.5
2025-06-27 09:00:00,2025,6,27,9,An Giang,Xã Giồng Riềng,9.9237413,105.2736878,86,Moderate,1,27.0,87,3.2,12.6,256,1010.1,93,17.8,20.4,208.0,4.8,71.0,2.9
2025-06-27 10:00:00,2025,6,27,10,An Giang,Xã Giồng Riềng,9.9237413,105.2736878,87,Moderate,1,28.5,80,0.1,12.6,237,1009.8,99,13.1,15.5,190.0,2.3,80.0,2.4
2025-06-27 11:00:00,2025,6,27,11,An Giang,Xã Giồng Riềng,9.9237413,105.2736878,87,Moderate,1,29.0,78,0.1,13.1,232,1009.3,96,11.8,14.1,177.0,1.3,83.0,2.0
2025-06-27 12:00:00,2025,6,27,12,An Giang,Xã Giồng Riềng,9.9237413,105.2736878,87,Moderate,1,30.0,74,0.2,14.6,230,1008.9,100,10.4,12.8,167.0,1.1,82.0,1.8
2025-06-27 13:00:00,2025,6,27,13,An Giang,Xã Giồng Riềng,9.9237413,105.2736878,87,Moderate,1,30.0,72,2.7,16.7,233,1008.3,100,9.4,12.4,161.0,1.2,79.0,1.6
2025-06-27 14:00:00,2025,6,27,14,An Giang,Xã Giồng Riềng,9.9237413,105.2736878,87,Moderate,1,27.6,83,5.8,6.5,208,1007.6,100,9.0,12.0,162.0,1.4,74.0,1.5
2025-06-27 15:00:00,2025,6,27,15,An Giang,Xã Giồng Riềng,9.9237413,105.2736878,87,Moderate,1,27.5,85,0.1,6.2,195,1007.3,100,9.3,12.1,167.0,2.0,68.0,1.6
2025-06-27 16:00:00,2025,6,27,16,An Giang,Xã Giồng Riềng,9.9237413,105.2736878,86,Moderate,1,28.0,82,0.1,11.0,240,1007.0,100,10.7,13.0,176.0,3.5,62.0,2.0
2025-06-27 17:00:00,2025,6,27,17,An Giang,Xã Giồng Riềng,9.9237413,105.2736878,86,Moderate,1,28.0,83,0.0,11.0,252,1007.1,100,13.6,15.8,188.0,6.4,57.0,2.9
2025-06-27 18:00:00,2025,6,27,18,An Giang,Xã Giồng Riềng,9.9237413,105.2736878,86,Moderate,1,27.1,86,0.0,8.5,245,1007.3,100,20.8,22.9,204.0,10.1,52.0,4.1
2025-06-27 19:00:00,2025,6,27,19,An Giang,Xã Giồng Riềng,9.9237413,105.2736878,85,Moderate,1,26.2,90,0.0,5.8,236,1007.6,100,20.7,23.7,217.0,9.4,57.0,4.0
2025-06-27 20:00:00,2025,6,27,20,An Giang,Xã Giồng Riềng,9.9237413,105.2736878,85,Moderate,1,26.3,91,0.0,5.8,250,1008.1,72,28.5,31.4,227.0,12.4,51.0,4.9
2025-06-27 21:00:00,2025,6,27,21,An Giang,Xã Giồng Riềng,9.9237413,105.2736878,84,Moderate,1,25.8,94,0.0,4.8,233,1009.1,27,38.0,41.1,236.0,16.4,42.0,6.1
2025-06-27 22:00:00,2025,6,27,22,An Giang,Xã Giồng Riềng,9.9237413,105.2736878,84,Moderate,1,25.8,95,0.0,6.9,221,1009.8,87,41.7,44.8,238.0,19.1,36.0,6.7
2025-06-27 23:00:00,2025,6,27,23,An Giang,Xã Giồng Riềng,9.9237413,105.2736878,84,Moderate,1,25.6,95,0.0,6.5,226,1009.8,25,39.7,43.0,231.0,19.4,34.0,6.2
2025-06-28 00:00:00,2025,6,28,0,An Giang,Xã Giồng Riềng,9.9237413,105.2736878,83,Moderate,1,25.5,95,0.2,6.5,236,1009.6,36,39.5,43.0,218.0,18.4,36.0,5.2
2025-06-28 01:00:00,2025,6,28,1,An Giang,Xã Giồng Riềng,9.9237413,105.2736878,83,Moderate,1,25.4,95,0.0,5.4,236,1009.1,39,39.7,43.4,206.0,16.7,38.0,4.2
2025-06-28 02:00:00,2025,6,28,2,An Giang,Xã Giồng Riềng,9.9237413,105.2736878,83,Moderate,1,25.0,96,0.0,4.7,212,1008.6,38,38.2,42.1,198.0,14.1,43.0,3.5
2025-06-28 03:00:00,2025,6,28,3,An Giang,Xã Giồng Riềng,9.9237413,105.2736878,82,Moderate,1,24.7,95,0.2,7.9,266,1008.8,95,33.1,37.6,192.0,10.8,49.0,2.9
2025-06-28 04:00:00,2025,6,28,4,An Giang,Xã Giồng Riềng,9.9237413,105.2736878,81,Moderate,1,24.9,92,0.2,9.6,244,1009.0,32,23.3,28.2,189.0,8.4,53.0,2.5
2025-06-28 05:00:00,2025,6,28,5,An Giang,Xã Giồng Riềng,9.9237413,105.2736878,79,Moderate,1,25.1,93,0.1,10.1,258,1009.3,47,20.8,25.3,194.0,7.8,53.0,2.6
2025-06-28 06:00:00,2025,6,28,6,An Giang,Xã Giồng Riềng,9.9237413,105.2736878,76,Moderate,1,25.0,93,0.1,10.0,253,1009.3,38,26.1,29.9,202.0,8.0,50.0,2.9
2025-06-28 07:00:00,2025,6,28,7,An Giang,Xã Giồng Riềng,9.9237413,105.2736878,75,Moderate,1,26.4,92,0.0,10.8,242,1009.6,23,18.9,23.2,207.0,5.6,56.0,2.7
2025-06-28 08:00:00,2025,6,28,8,An Giang,Xã Giồng Riềng,9.9237413,105.2736878,74,Moderate,1,27.3,87,0.3,12.9,249,1010.0,97,15.6,19.0,204.0,4.5,62.0,2.7
2025-06-28 09:00:00,2025,6,28,9,An Giang,Xã Giồng Riềng,9.9237413,105.2736878,73,Moderate,1,26.2,88,4.2,12.1,266,1010.5,100,13.6,16.8,197.0,3.0,71.0,2.6
2025-06-28 10:00:00,2025,6,28,10,An Giang,Xã Giồng Riềng,9.9237413,105.2736878,73,Moderate,1,26.4,85,1.2,15.3,261,1010.4,99,12.3,15.3,189.0,1.9,76.0,2.5
2025-06-28 11:00:00,2025,6,28,11,An Giang,Xã Giồng Riềng,9.9237413,105.2736878,73,Moderate,1,27.3,84,0.4,16.3,247,1009.6,94,9.1,11.9,181.0,1.5,73.0,2.1
2025-06-28 12:00:00,2025,6,28,12,An Giang,Xã Giồng Riềng,9.9237413,105.2736878,73,Moderate,1,28.4,82,0.1,17.3,245,1009.3,81,6.9,9.7,173.0,1.5,66.0,1.7
2025-06-28 13:00:00,2025,6,28,13,An Giang,Xã Giồng Riềng,9.9237413,105.2736878,72,Moderate,1,27.8,81,1.8,20.6,261,1008.9,96,7.1,9.7,166.0,1.7,61.0,1.4
2025-06-28 14:00:00,2025,6,28,14,An Giang,Xã Giồng Riềng,9.9237413,105.2736878,72,Moderate,1,27.8,81,0.5,17.6,257,1007.9,73,7.8,10.5,159.0,1.8,59.0,1.5
2025-06-28 15:00:00,2025,6,28,15,An Giang,Xã Giồng Riềng,9.9237413,105.2736878,72,Moderate,1,29.0,76,0.1,17.6,259,1006.6,61,8.5,11.2,154.0,2.0,59.0,1.7
2025-06-28 16:00:00,2025,6,28,16,An Giang,Xã Giồng Riềng,9.9237413,105.2736878,72,Moderate,1,28.8,76,0.0,16.2,258,1006.2,96,8.1,10.4,155.0,2.8,57.0,2.1
2025-06-28 17:00:00,2025,6,28,17,An Giang,Xã Giồng Riềng,9.9237413,105.2736878,72,Moderate,1,28.3,78,0.0,13.3,257,1006.0,81,8.9,10.8,166.0,4.8,53.0,2.7
2025-06-28 18:00:00,2025,6,28,18,An Giang,Xã Giồng Riềng,9.9237413,105.2736878,71,Moderate,1,27.5,81,0.0,9.5,248,1005.9,81,12.2,13.9,184.0,7.4,47.0,3.4
2025-06-28 19:00:00,2025,6,28,19,An Giang,Xã Giồng Riềng,9.9237413,105.2736878,70,Moderate,1,26.5,85,0.0,8.1,241,1006.5,97,24.1,28.0,198.0,12.8,38.0,5.1
2025-06-28 20:00:00,2025,6,28,20,An Giang,Xã Giồng Riềng,9.9237413,105.2736878,71,Moderate,1,26.0,90,0.0,5.2,221,1007.0,95,27.9,31.4,207.0,13.7,36.0,5.3
2025-06-28 21:00:00,2025,6,28,21,An Giang,Xã Giồng Riềng,9.9237413,105.2736878,71,Moderate,1,25.8,91,0.0,6.7,211,1008.0,93,30.7,34.1,212.0,14.9,32.0,5.6
2025-06-28 22:00:00,2025,6,28,22,An Giang,Xã Giồng Riềng,9.9237413,105.2736878,70,Moderate,1,25.8,91,0.0,8.0,205,1008.3,78,31.2,34.8,212.0,15.3,31.0,5.6
2025-06-28 23:00:00,2025,6,28,23,An Giang,Xã Giồng Riềng,9.9237413,105.2736878,69,Moderate,1,25.2,94,0.0,9.0,210,1008.5,84,30.5,34.2,202.0,14.3,33.0,4.9
2025-06-29 00:00:00,2025,6,29,0,An Giang,Xã Giồng Riềng,9.9237413,105.2736878,68,Moderate,1,25.0,95,0.0,9.2,211,1008.3,60,27.9,31.8,187.0,12.4,36.0,3.9
2025-06-29 01:00:00,2025,6,29,1,An Giang,Xã Giồng Riềng,9.9237413,105.2736878,67,Moderate,1,25.0,95,0.0,9.1,221,1007.8,17,23.9,27.9,175.0,10.6,40.0,3.0
2025-06-29 02:00:00,2025,6,29,2,An Giang,Xã Giồng Riềng,9.9237413,105.2736878,66,Moderate,1,25.4,93,0.1,10.4,233,1007.8,48,19.3,23.3,170.0,8.9,44.0,2.5
2025-06-29 03:00:00,2025,6,29,3,An Giang,Xã Giồng Riềng,9.9237413,105.2736878,64,Moderate,1,25.5,91,0.3,17.5,278,1008.2,100,16.1,19.9,168.0,7.3,48.0,2.1
2025-06-29 04:00:00,2025,6,29,4,An Giang,Xã Giồng Riềng,9.9237413,105.2736878,63,Moderate,1,24.9,91,0.5,14.2,252,1008.0,46,14.6,18.4,169.0,6.0,50.0,1.9
2025-06-29 05:00:00,2025,6,29,5,An Giang,Xã Giồng Riềng,9.9237413,105.2736878,62,Moderate,1,24.5,96,0.2,12.5,249,1008.2,61,13.8,17.5,176.0,5.5,49.0,2.0
2025-06-29 06:00:00,2025,6,29,6,An Giang,Xã Giồng Riềng,9.9237413,105.2736878,61,Moderate,1,24.3,95,0.7,14.0,248,1008.3,45,13.0,16.8,186.0,5.4,47.0,2.3
2025-06-29 07:00:00,2025,6,29,7,An Giang,Xã Giồng Riềng,9.9237413,105.2736878,60,Moderate,1,25.0,93,0.3,16.4,249,1009.0,100,17.8,23.6,191.0,5.0,52.0,2.5
2025-06-29 08:00:00,2025,6,29,8,An Giang,Xã Giồng Riềng,9.9237413,105.2736878,60,Moderate,1,26.2,91,1.3,10.8,255,1008.8,86,16.2,22.6,187.0,4.1,56.0,2.4
2025-06-29 09:00:00,2025,6,29,9,An Giang,Xã Giồng Riềng,9.9237413,105.2736878,60,Moderate,1,27.1,85,1.0,16.8,260,1008.9,98,14.3,20.7,177.0,2.8,62.0,2.2
2025-06-29 10:00:00,2025,6,29,10,An Giang,Xã Giồng Riềng,9.9237413,105.2736878,60,Moderate,1,28.0,80,0.0,16.5,256,1008.8,99,13.0,19.0,168.0,1.9,66.0,2.1
2025-06-29 11:00:00,2025,6,29,11,An Giang,Xã Giồng Riềng,9.9237413,105.2736878,60,Moderate,1,29.1,75,0.1,18.8,261,1008.2,100,12.1,18.5,161.0,1.6,67.0,2.0
2025-06-29 12:00:00,2025,6,29,12,An Giang,Xã Giồng Riềng,9.9237413,105.2736878,60,Moderate,1,28.7,70,0.5,24.0,265,1008.0,100,11.5,18.5,154.0,1.7,66.0,1.9
2025-06-29 13:00:00,2025,6,29,13,An Giang,Xã Giồng Riềng,9.9237413,105.2736878,61,Moderate,1,28.1,78,0.6,22.9,266,1007.4,100,12.1,17.6,147.0,1.8,65.0,1.8
2025-06-29 14:00:00,2025,6,29,14,An Giang,Xã Giồng Riềng,9.9237413,105.2736878,61,Moderate,1,28.1,75,0.4,23.4,267,1006.6,99,12.4,18.0,139.0,1.7,66.0,1.8
2025-06-29 15:00:00,2025,6,29,15,An Giang,Xã Giồng Riềng,9.9237413,105.2736878,62,Moderate,1,28.1,78,0.0,22.2,267,1005.7,92,12.8,18.8,132.0,1.6,67.0,1.8
2025-06-29 16:00:00,2025,6,29,16,An Giang,Xã Giồng Riềng,9.9237413,105.2736878,62,Moderate,1,28.5,76,0.0,22.2,265,1005.5,100,12.6,19.2,129.0,2.1,66.0,2.0
2025-06-29 17:00:00,2025,6,29,17,An Giang,Xã Giồng Riềng,9.9237413,105.2736878,62,Moderate,1,27.9,80,0.0,18.0,268,1005.2,100,14.0,19.0,134.0,3.7,61.0,2.4
2025-06-29 18:00:00,2025,6,29,18,An Giang,Xã Giồng Riềng,9.9237413,105.2736878,63,Moderate,1,27.2,82,0.0,13.7,265,1005.1,99,14.7,19.6,143.0,5.8,54.0,2.9
2025-06-29 19:00:00,2025,6,29,19,An Giang,Xã Giồng Riềng,9.9237413,105.2736878,63,Moderate,1,26.6,83,0.0,13.0,260,1005.5,99,20.5,27.2,149.0,8.8,46.0,4.0
2025-06-29 20:00:00,2025,6,29,20,An Giang,Xã Giồng Riềng,9.9237413,105.2736878,63,Moderate,1,27.0,80,0.0,12.6,272,1006.1,99,22.4,28.2,147.0,9.3,44.0,4.3
2025-06-29 21:00:00,2025,6,29,21,An Giang,Xã Giồng Riềng,9.9237413,105.2736878,62,Moderate,1,26.9,79,0.0,11.7,279,1006.9,98,22.2,27.6,142.0,9.9,41.0,4.6
2025-06-29 22:00:00,2025,6,29,22,An Giang,Xã Giồng Riềng,9.9237413,105.2736878,62,Moderate,1,26.5,81,0.0,9.2,276,1007.4,24,22.8,28.1,136.0,10.6,38.0,4.8
2025-06-29 23:00:00,2025,6,29,23,An Giang,Xã Giồng Riềng,9.9237413,105.2736878,61,Moderate,1,26.1,85,0.0,7.4,273,1008.0,28,23.9,29.2,130.0,11.3,34.0,4.5
2025-06-30 00:00:00,2025,6,30,0,An Giang,Xã Giồng Riềng,9.9237413,105.2736878,60,Moderate,1,26.4,86,0.1,10.8,266,1007.7,89,24.4,30.3,125.0,11.9,31.0,4.1
2025-06-30 01:00:00,2025,6,30,1,An Giang,Xã Giồng Riềng,9.9237413,105.2736878,60,Moderate,1,26.2,89,0.5,11.4,254,1007.6,99,26.1,32.0,120.0,12.2,28.0,3.7
2025-06-30 02:00:00,2025,6,30,2,An Giang,Xã Giồng Riềng,9.9237413,105.2736878,60,Moderate,1,26.4,90,0.0,13.2,259,1007.2,99,26.0,31.9,116.0,11.8,28.0,3.5
2025-06-30 03:00:00,2025,6,30,3,An Giang,Xã Giồng Riềng,9.9237413,105.2736878,61,Moderate,1,26.1,91,0.0,11.8,259,1006.7,100,24.2,30.2,113.0,11.1,29.0,3.3
2025-06-30 04:00:00,2025,6,30,4,An Giang,Xã Giồng Riềng,9.9237413,105.2736878,61,Moderate,1,26.0,92,0.0,11.2,267,1006.7,100,22.1,28.0,116.0,10.2,30.0,3.3
2025-06-30 05:00:00,2025,6,30,5,An Giang,Xã Giồng Riềng,9.9237413,105.2736878,62,Moderate,1,26.0,93,0.0,9.9,267,1006.8,100,20.8,26.8,130.0,9.4,30.0,3.5
2025-06-30 06:00:00,2025,6,30,6,An Giang,Xã Giồng Riềng,9.9237413,105.2736878,63,Moderate,1,26.1,93,0.0,9.9,268,1006.8,90,20.3,26.3,150.0,8.4,31.0,3.9
2025-06-30 07:00:00,2025,6,30,7,An Giang,Xã Giồng Riềng,9.9237413,105.2736878,63,Moderate,1,27.4,90,0.0,8.5,277,1007.2,88,27.2,30.2,160.0,9.5,29.0,4.7
2025-06-30 08:00:00,2025,6,30,8,An Giang,Xã Giồng Riềng,9.9237413,105.2736878,64,Moderate,1,29.0,79,0.0,12.9,285,1007.3,21,16.8,23.1,150.0,7.3,39.0,4.3
2025-06-30 09:00:00,2025,6,30,9,An Giang,Xã Giồng Riềng,9.9237413,105.2736878,64,Moderate,1,29.5,75,0.0,19.2,278,1007.6,15,13.2,21.4,131.0,4.2,54.0,3.8
2025-06-30 10:00:00,2025,6,30,10,An Giang,Xã Giồng Riềng,9.9237413,105.2736878,64,Moderate,1,29.8,76,0.2,19.0,263,1007.9,40,12.4,21.5,116.0,1.9,64.0,3.3
2025-06-30 11:00:00,2025,6,30,11,An Giang,Xã Giồng Riềng,9.9237413,105.2736878,64,Moderate,1,30.2,70,0.1,21.3,274,1007.7,65,12.0,22.1,112.0,1.1,67.0,2.9
2025-06-30 12:00:00,2025,6,30,12,An Giang,Xã Giồng Riềng,9.9237413,105.2736878,64,Moderate,1,30.1,74,0.1,19.7,274,1007.5,93,11.8,22.4,113.0,1.1,67.0,2.4
2025-06-30 13:00:00,2025,6,30,13,An Giang,Xã Giồng Riềng,9.9237413,105.2736878,64,Moderate,1,30.4,68,0.4,21.3,274,1006.9,100,11.7,22.5,114.0,1.3,65.0,2.1
2025-06-30 14:00:00,2025,6,30,14,An Giang,Xã Giồng Riềng,9.9237413,105.2736878,64,Moderate,1,30.1,68,0.0,23.1,272,1006.1,100,11.6,20.9,112.0,1.3,62.0,1.9
2025-06-30 15:00:00,2025,6,30,15,An Giang,Xã Giồng Riềng,9.9237413,105.2736878,64,Moderate,1,30.4,65,0.0,25.7,270,1005.2,99,11.5,20.1,110.0,1.4,58.0,1.7
2025-06-30 16:00:00,2025,6,30,16,An Giang,Xã Giồng Riềng,9.9237413,105.2736878,64,Moderate,1,29.3,74,0.2,22.2,267,1004.8,98,11.1,18.0,111.0,2.1,54.0,1.8
2025-06-30 17:00:00,2025,6,30,17,An Giang,Xã Giồng Riềng,9.9237413,105.2736878,64,Moderate,1,28.7,78,0.0,17.2,263,1004.9,100,11.5,17.4,119.0,3.7,50.0,2.3
2025-06-30 18:00:00,2025,6,30,18,An Giang,Xã Giồng Riềng,9.9237413,105.2736878,64,Moderate,1,28.0,83,0.0,12.7,263,1005.2,98,13.6,18.5,130.0,5.8,45.0,3.0
2025-06-30 19:00:00,2025,6,30,19,An Giang,Xã Giồng Riềng,9.9237413,105.2736878,63,Moderate,1,27.2,85,0.0,9.2,254,1005.7,100,18.5,25.2,140.0,7.9,40.0,3.9
2025-06-30 20:00:00,2025,6,30,20,An Giang,Xã Giồng Riềng,9.9237413,105.2736878,63,Moderate,1,27.5,82,0.0,12.2,257,1006.3,98,20.7,26.9,148.0,9.2,37.0,4.3
2025-06-30 21:00:00,2025,6,30,21,An Giang,Xã Giồng Riềng,9.9237413,105.2736878,63,Moderate,1,27.4,83,0.0,12.1,260,1007.0,97,24.9,30.5,154.0,10.9,34.0,4.7
2025-06-30 22:00:00,2025,6,30,22,An Giang,Xã Giồng Riềng,9.9237413,105.2736878,63,Moderate,1,27.3,83,0.0,10.0,255,1007.5,96,26.2,31.4,158.0,11.9,31.0,4.9
2025-06-30 23:00:00,2025,6,30,23,An Giang,Xã Giồng Riềng,9.9237413,105.2736878,64,Moderate,1,26.8,87,0.0,7.4,247,1007.9,21,25.5,30.7,158.0,11.7,31.0,4.4
2025-07-01 00:00:00,2025,7,1,0,An Giang,Xã Giồng Riềng,9.9237413,105.2736878,64,Moderate,1,26.5,90,0.0,7.0,249,1007.7,24,24.5,29.9,154.0,10.8,32.0,3.6
2025-07-01 01:00:00,2025,7,1,1,An Giang,Xã Giồng Riềng,9.9237413,105.2736878,64,Moderate,1,26.5,90,0.0,8.5,249,1007.4,96,22.8,28.3,148.0,9.9,33.0,3.0
2025-07-01 02:00:00,2025,7,1,2,An Giang,Xã Giồng Riềng,9.9237413,105.2736878,64,Moderate,1,26.3,91,0.0,8.7,249,1006.8,88,21.1,26.5,137.0,9.4,33.0,2.7
2025-07-01 03:00:00,2025,7,1,3,An Giang,Xã Giồng Riềng,9.9237413,105.2736878,63,Moderate,1,26.2,92,0.0,10.1,254,1006.7,91,20.0,25.1,123.0,8.9,33.0,2.5
2025-07-01 04:00:00,2025,7,1,4,An Giang,Xã Giồng Riềng,9.9237413,105.2736878,63,Moderate,1,26.2,89,0.3,10.9,243,1006.5,96,18.9,23.6,116.0,8.3,33.0,2.5
2025-07-01 05:00:00,2025,7,1,5,An Giang,Xã Giồng Riềng,9.9237413,105.2736878,62,Moderate,1,26.0,90,0.0,11.1,245,1006.4,82,18.0,22.5,123.0,7.4,33.0,2.6
2025-07-01 06:00:00,2025,7,1,6,An Giang,Xã Giồng Riềng,9.9237413,105.2736878,62,Moderate,1,26.4,89,0.0,13.0,256,1006.6,79,17.6,21.8,137.0,6.3,34.0,2.8
2025-07-01 07:00:00,2025,7,1,7,An Giang,Xã Giồng Riềng,9.9237413,105.2736878,62,Moderate,1,27.5,86,0.0,15.6,264,1007.0,45,14.2,17.1,145.0,5.5,36.0,2.9
2025-07-01 08:00:00,2025,7,1,8,An Giang,Xã Giồng Riềng,9.9237413,105.2736878,61,Moderate,1,28.5,79,0.0,19.0,265,1008.0,83,11.0,14.8,140.0,4.3,43.0,2.7
2025-07-01 09:00:00,2025,7,1,9,An Giang,Xã Giồng Riềng,9.9237413,105.2736878,60,Moderate,1,28.1,81,0.0,16.8,260,1008.3,81,9.7,13.8,128.0,2.7,52.0,2.5
2025-07-01 10:00:00,2025,7,1,10,An Giang,Xã Giồng Riềng,9.9237413,105.2736878,60,Moderate,1,29.9,75,0.0,18.9,271,1008.1,100,9.6,13.8,119.0,1.5,59.0,2.3
2025-07-01 11:00:00,2025,7,1,11,An Giang,Xã Giồng Riềng,9.9237413,105.2736878,60,Moderate,1,29.6,77,2.3,18.5,257,1008.3,100,8.5,12.2,116.0,1.2,60.0,2.1
2025-07-01 12:00:00,2025,7,1,12,An Giang,Xã Giồng Riềng,9.9237413,105.2736878,59,Moderate,1,29.1,76,0.2,19.3,269,1007.7,100,8.3,11.7,116.0,1.4,59.0,1.8
2025-07-01 13:00:00,2025,7,1,13,An Giang,Xã Giồng Riềng,9.9237413,105.2736878,59,Moderate,1,27.9,82,3.8,20.7,241,1007.3,99,7.3,10.2,116.0,1.8,57.0,1.7
2025-07-01 14:00:00,2025,7,1,14,An Giang,Xã Giồng Riềng,9.9237413,105.2736878,59,Moderate,1,27.1,86,0.1,18.9,246,1006.6,100,7.6,10.0,115.0,2.1,55.0,1.8
2025-07-01 15:00:00,2025,7,1,15,An Giang,Xã Giồng Riềng,9.9237413,105.2736878,58,Moderate,1,27.7,84,0.2,18.0,263,1006.0,100,6.9,9.3,113.0,2.6,53.0,2.0
2025-07-01 16:00:00,2025,7,1,16,An Giang,Xã Giồng Riềng,9.9237413,105.2736878,58,Moderate,1,27.5,83,0.2,19.6,264,1005.8,100,8.3,10.8,115.0,3.4,51.0,2.3
2025-07-01 17:00:00,2025,7,1,17,An Giang,Xã Giồng Riềng,9.9237413,105.2736878,58,Moderate,1,27.1,86,0.1,12.7,259,1006.0,100,8.5,10.6,121.0,5.0,48.0,2.7
2025-07-01 18:00:00,2025,7,1,18,An Giang,Xã Giồng Riềng,9.9237413,105.2736878,57,Moderate,1,26.9,88,0.0,12.9,252,1006.4,100,10.3,12.4,130.0,6.9,45.0,3.2
2025-07-01 19:00:00,2025,7,1,19,An Giang,Xã Giồng Riềng,9.9237413,105.2736878,57,Moderate,1,26.6,88,0.0,12.6,253,1007.5,100,13.7,17.1,138.0,6.8,48.0,3.1
2025-07-01 20:00:00,2025,7,1,20,An Giang,Xã Giồng Riềng,9.9237413,105.2736878,57,Moderate,1,26.8,87,0.0,11.8,236,1007.3,100,15.9,19.2,145.0,7.3,46.0,3.5
2025-07-01 21:00:00,2025,7,1,21,An Giang,Xã Giồng Riềng,9.9237413,105.2736878,56,Moderate,1,26.7,87,0.0,12.8,232,1007.9,100,16.2,19.2,151.0,8.1,43.0,4.0
2025-07-01 22:00:00,2025,7,1,22,An Giang,Xã Giồng Riềng,9.9237413,105.2736878,56,Moderate,1,26.6,89,0.0,10.5,243,1008.5,98,16.2,18.9,153.0,8.9,40.0,4.3
2025-07-01 23:00:00,2025,7,1,23,An Giang,Xã Giồng Riềng,9.9237413,105.2736878,55,Moderate,1,26.8,90,0.0,14.3,250,1008.8,100,17.2,19.9,147.0,10.0,36.0,4.3
2025-07-02 00:00:00,2025,7,2,0,An Giang,Xã Giồng Riềng,9.9237413,105.2736878,54,Moderate,1,26.2,90,0.0,10.5,246,1008.4,88,19.4,22.1,137.0,11.2,32.0,4.2
2025-07-02 01:00:00,2025,7,2,1,An Giang,Xã Giồng Riềng,9.9237413,105.2736878,53,Moderate,1,26.3,90,0.0,13.4,252,1007.9,100,20.8,23.6,128.0,11.6,30.0,3.9
2025-07-02 02:00:00,2025,7,2,2,An Giang,Xã Giồng Riềng,9.9237413,105.2736878,53,Moderate,1,26.5,88,0.0,14.1,259,1007.1,100,19.4,22.1,120.0,10.7,31.0,3.5
2025-07-02 03:00:00,2025,7,2,3,An Giang,Xã Giồng Riềng,9.9237413,105.2736878,53,Moderate,1,26.2,90,0.0,12.6,267,1006.2,100,15.0,17.6,114.0,9.1,35.0,2.9
2025-07-02 04:00:00,2025,7,2,4,An Giang,Xã Giồng Riềng,9.9237413,105.2736878,53,Moderate,1,26.2,92,0.0,11.7,274,1005.9,100,15.0,17.5,113.0,7.9,37.0,2.7
2025-07-02 05:00:00,2025,7,2,5,An Giang,Xã Giồng Riềng,9.9237413,105.2736878,52,Moderate,1,26.1,92,0.0,10.4,272,1007.0,100,16.9,19.3,124.0,7.9,36.0,3.0
2025-07-02 06:00:00,2025,7,2,6,An Giang,Xã Giồng Riềng,9.9237413,105.2736878,52,Moderate,1,26.0,91,0.0,7.2,284,1007.5,100,17.3,19.6,142.0,8.4,34.0,3.6
2025-07-02 07:00:00,2025,7,2,7,An Giang,Xã Giồng Riềng,9.9237413,105.2736878,52,Moderate,1,25.4,92,5.5,15.0,260,1008.8,100,20.2,22.6,153.0,9.8,32.0,4.0
2025-07-02 08:00:00,2025,7,2,8,An Giang,Xã Giồng Riềng,9.9237413,105.2736878,53,Moderate,1,26.1,86,1.2,15.8,269,1008.5,100,12.0,15.7,151.0,7.8,40.0,4.0
2025-07-02 09:00:00,2025,7,2,9,An Giang,Xã Giồng Riềng,9.9237413,105.2736878,53,Moderate,1,26.9,88,0.3,8.5,242,1008.8,100,10.5,14.1,142.0,5.0,51.0,4.1
2025-07-02 10:00:00,2025,7,2,10,An Giang,Xã Giồng Riềng,9.9237413,105.2736878,53,Moderate,1,28.4,84,0.1,13.4,258,1008.9,100,9.7,13.4,133.0,3.0,59.0,4.0
2025-07-02 11:00:00,2025,7,2,11,An Giang,Xã Giồng Riềng,9.9237413,105.2736878,53,Moderate,1,28.9,81,0.2,14.2,271,1008.9,100,9.3,13.1,127.0,2.4,62.0,3.7
2025-07-02 12:00:00,2025,7,2,12,An Giang,Xã Giồng Riềng,9.9237413,105.2736878,53,Moderate,1,26.8,84,6.7,16.6,261,1009.0,100,8.8,13.0,122.0,2.5,63.0,3.3
2025-07-02 13:00:00,2025,7,2,13,An Giang,Xã Giồng Riềng,9.9237413,105.2736878,53,Moderate,1,27.4,85,1.3,13.3,260,1008.4,100,9.0,14.5,118.0,3.0,62.0,3.0
2025-07-02 14:00:00,2025,7,2,14,An Giang,Xã Giồng Riềng,9.9237413,105.2736878,53,Moderate,1,28.1,81,0.3,13.0,245,1007.9,100,10.4,16.5,115.0,3.7,59.0,3.0
2025-07-02 15:00:00,2025,7,2,15,An Giang,Xã Giồng Riềng,9.9237413,105.2736878,53,Moderate,1,27.5,81,0.8,15.3,266,1007.2,100,12.6,18.8,113.0,4.8,53.0,3.1
2025-07-02 16:00:00,2025,7,2,16,An Giang,Xã Giồng Riềng,9.9237413,105.2736878,54,Moderate,1,25.6,90,3.3,16.2,251,1008.2,100,14.6,20.8,116.0,5.8,49.0,3.2
2025-07-02 17:00:00,2025,7,2,17,An Giang,Xã Giồng Riềng,9.9237413,105.2736878,55,Moderate,1,25.9,92,0.1,10.8,246,1007.3,100,14.6,19.9,129.0,6.6,46.0,3.3
2025-07-02 18:00:00,2025,7,2,18,An Giang,Xã Giồng Riềng,9.9237413,105.2736878,55,Moderate,1,26.1,93,0.2,9.8,239,1007.7,100,14.2,18.0,148.0,7.4,44.0,3.5
2025-07-02 19:00:00,2025,7,2,19,An Giang,Xã Giồng Riềng,9.9237413,105.2736878,55,Moderate,1,25.8,94,0.1,7.0,249,1008.4,100,16.8,23.3,159.0,7.3,44.0,3.4
2025-07-02 20:00:00,2025,7,2,20,An Giang,Xã Giồng Riềng,9.9237413,105.2736878,56,Moderate,1,25.9,93,0.1,10.0,255,1009.4,100,15.0,19.4,156.0,7.3,44.0,3.4
2025-07-02 21:00:00,2025,7,2,21,An Giang,Xã Giồng Riềng,9.9237413,105.2736878,56,Moderate,1,25.5,92,0.7,14.9,262,1009.9,100,14.1,17.2,147.0,7.2,43.0,3.4
2025-07-02 22:00:00,2025,7,2,22,An Giang,Xã Giồng Riềng,9.9237413,105.2736878,55,Moderate,1,25.4,92,0.1,15.1,255,1009.9,100,13.6,15.8,136.0,7.2,42.0,3.4
2025-07-02 23:00:00,2025,7,2,23,An Giang,Xã Giồng Riềng,9.9237413,105.2736878,55,Moderate,1,25.2,93,0.1,15.4,256,1010.2,100,12.7,14.4,126.0,7.3,41.0,3.2
2025-07-03 00:00:00,2025,7,3,0,An Giang,Xã Giồng Riềng,9.9237413,105.2736878,55,Moderate,1,25.5,92,0.0,14.0,258,1009.7,100,11.7,13.2,114.0,7.3,39.0,3.0
2025-07-03 01:00:00,2025,7,3,1,An Giang,Xã Giồng Riềng,9.9237413,105.2736878,54,Moderate,1,25.6,92,0.0,14.0,271,1009.1,100,12.5,14.1,106.0,7.5,38.0,2.8
2025-07-03 02:00:00,2025,7,3,2,An Giang,Xã Giồng Riềng,9.9237413,105.2736878,53,Moderate,1,25.8,91,0.0,11.9,269,1008.4,100,14.3,16.2,101.0,7.8,36.0,2.7
2025-07-03 03:00:00,2025,7,3,3,An Giang,Xã Giồng Riềng,9.9237413,105.2736878,53,Moderate,1,25.8,91,0.0,11.5,270,1007.9,100,15.2,17.7,99.0,8.2,35.0,2.7
2025-07-03 04:00:00,2025,7,3,4,An Giang,Xã Giồng Riềng,9.9237413,105.2736878,53,Moderate,1,25.8,91,0.0,12.2,272,1008.0,100,14.8,17.9,103.0,8.3,34.0,2.8
2025-07-03 05:00:00,2025,7,3,5,An Giang,Xã Giồng Riềng,9.9237413,105.2736878,53,Moderate,1,25.8,90,0.0,13.0,269,1008.2,100,15.5,19.2,117.0,7.8,33.0,3.0
2025-07-03 06:00:00,2025,7,3,6,An Giang,Xã Giồng Riềng,9.9237413,105.2736878,53,Moderate,1,26.0,88,0.0,12.1,274,1008.5,100,15.3,18.6,137.0,7.0,33.0,3.2
2025-07-03 07:00:00,2025,7,3,7,An Giang,Xã Giồng Riềng,9.9237413,105.2736878,53,Moderate,1,26.8,89,0.0,12.2,284,1008.9,100,20.5,25.1,148.0,8.2,31.0,4.8
2025-07-03 08:00:00,2025,7,3,8,An Giang,Xã Giồng Riềng,9.9237413,105.2736878,53,Moderate,1,28.1,79,0.0,17.8,276,1009.4,98,13.9,18.7,141.0,6.4,39.0,4.4
2025-07-03 09:00:00,2025,7,3,9,An Giang,Xã Giồng Riềng,9.9237413,105.2736878,53,Moderate,1,28.0,82,0.3,17.8,279,1009.8,100,11.7,16.9,126.0,3.8,49.0,3.9
2025-07-03 10:00:00,2025,7,3,10,An Giang,Xã Giồng Riềng,9.9237413,105.2736878,53,Moderate,1,29.3,78,0.2,18.9,273,1009.6,100,11.2,17.5,114.0,2.0,57.0,3.4
2025-07-03 11:00:00,2025,7,3,11,An Giang,Xã Giồng Riềng,9.9237413,105.2736878,53,Moderate,1,29.5,77,1.6,19.7,275,1009.6,100,11.1,18.3,111.0,1.6,60.0,2.9
2025-07-03 12:00:00,2025,7,3,12,An Giang,Xã Giồng Riềng,9.9237413,105.2736878,53,Moderate,1,28.4,79,2.4,20.9,272,1009.3,100,11.1,18.2,113.0,1.8,60.0,2.5
2025-07-03 13:00:00,2025,7,3,13,An Giang,Xã Giồng Riềng,9.9237413,105.2736878,53,Moderate,1,28.7,80,0.0,18.6,267,1008.6,100,10.9,16.8,114.0,2.3,59.0,2.3
2025-07-03 14:00:00,2025,7,3,14,An Giang,Xã Giồng Riềng,9.9237413,105.2736878,54,Moderate,1,28.1,81,1.5,23.1,266,1008.1,100,10.2,15.4,114.0,2.5,59.0,2.3
2025-07-03 15:00:00,2025,7,3,15,An Giang,Xã Giồng Riềng,9.9237413,105.2736878,54,Moderate,1,28.5,82,0.8,17.2,252,1007.5,100,10.4,14.3,114.0,2.9,58.0,2.6
2025-07-03 16:00:00,2025,7,3,16,An Giang,Xã Giồng Riềng,9.9237413,105.2736878,53,Moderate,1,28.2,81,0.1,15.6,258,1007.1,100,11.8,15.0,117.0,4.1,55.0,3.1
2025-07-03 17:00:00,2025,7,3,17,An Giang,Xã Giồng Riềng,9.9237413,105.2736878,53,Moderate,1,27.8,84,0.0,13.9,253,1007.6,100,12.7,15.7,127.0,6.8,49.0,4.0
2025-07-03 18:00:00,2025,7,3,18,An Giang,Xã Giồng Riềng,9.9237413,105.2736878,53,Moderate,1,27.4,85,0.0,9.8,252,1008.0,100,14.9,17.9,141.0,10.4,42.0,5.2
2025-07-03 19:00:00,2025,7,3,19,An Giang,Xã Giồng Riềng,9.9237413,105.2736878,53,Moderate,1,27.0,86,0.0,8.6,241,1008.6,100,23.3,25.8,152.0,13.5,36.0,5.8
2025-07-03 20:00:00,2025,7,3,20,An Giang,Xã Giồng Riềng,9.9237413,105.2736878,54,Moderate,1,26.8,85,0.0,7.2,231,1009.1,100,30.4,32.7,158.0,16.1,31.0,6.5
2025-07-03 21:00:00,2025,7,3,21,An Giang,Xã Giồng Riềng,9.9237413,105.2736878,55,Moderate,1,26.5,86,0.0,7.6,227,1009.8,100,37.1,39.2,161.0,19.5,24.0,7.5
2025-07-03 22:00:00,2025,7,3,22,An Giang,Xã Giồng Riềng,9.9237413,105.2736878,57,Moderate,1,26.1,88,0.0,6.9,233,1009.9,100,41.1,43.2,159.0,21.6,20.0,7.9
2025-07-03 23:00:00,2025,7,3,23,An Giang,Xã Giồng Riềng,9.9237413,105.2736878,59,Moderate,1,26.0,90,0.0,7.0,241,1009.9,100,40.0,42.1,150.0,21.1,20.0,7.2
2025-07-04 00:00:00,2025,7,4,0,An Giang,Xã Giồng Riềng,9.9237413,105.2736878,62,Moderate,1,26.1,91,0.0,7.3,242,1009.4,100,36.3,38.4,137.0,19.3,22.0,5.9
2025-07-04 01:00:00,2025,7,4,1,An Giang,Xã Giồng Riềng,9.9237413,105.2736878,64,Moderate,1,26.0,92,0.0,7.7,246,1009.0,100,34.3,36.6,126.0,17.5,25.0,4.8
2025-07-04 02:00:00,2025,7,4,2,An Giang,Xã Giồng Riềng,9.9237413,105.2736878,66,Moderate,1,26.1,90,0.0,8.1,249,1008.4,100,33.5,36.0,119.0,16.5,27.0,4.2
2025-07-04 03:00:00,2025,7,4,3,An Giang,Xã Giồng Riềng,9.9237413,105.2736878,68,Moderate,1,25.9,91,0.0,7.9,240,1008.0,100,32.5,35.0,114.0,15.5,29.0,3.9
2025-07-04 04:00:00,2025,7,4,4,An Giang,Xã Giồng Riềng,9.9237413,105.2736878,69,Moderate,1,25.8,91,0.0,7.9,250,1007.9,99,29.2,31.8,115.0,14.1,31.0,3.6
2025-07-04 05:00:00,2025,7,4,5,An Giang,Xã Giồng Riềng,9.9237413,105.2736878,70,Moderate,1,25.5,93,0.0,7.3,247,1008.3,100,22.2,25.0,129.0,11.7,34.0,3.3
2025-07-04 06:00:00,2025,7,4,6,An Giang,Xã Giồng Riềng,9.9237413,105.2736878,71,Moderate,1,25.7,90,0.0,8.2,248,1008.8,99,16.6,19.4,148.0,8.8,38.0,3.1
2025-07-04 07:00:00,2025,7,4,7,An Giang,Xã Giồng Riềng,9.9237413,105.2736878,71,Moderate,1,27.3,87,0.0,9.7,246,1009.4,18,25.4,27.9,159.0,9.1,35.0,4.2
2025-07-04 08:00:00,2025,7,4,8,An Giang,Xã Giồng Riềng,9.9237413,105.2736878,72,Moderate,1,28.8,79,0.1,16.1,265,1009.5,50,13.8,18.6,152.0,6.8,43.0,3.6
2025-07-04 09:00:00,2025,7,4,9,An Giang,Xã Giồng Riềng,9.9237413,105.2736878,72,Moderate,1,28.7,79,0.1,14.6,261,1009.6,51,10.7,16.1,136.0,3.7,53.0,2.7
2025-07-04 10:00:00,2025,7,4,10,An Giang,Xã Giồng Riềng,9.9237413,105.2736878,72,Moderate,1,30.2,73,0.1,17.6,272,1009.5,97,10.0,15.3,123.0,1.4,61.0,2.0
2025-07-04 11:00:00,2025,7,4,11,An Giang,Xã Giồng Riềng,9.9237413,105.2736878,71,Moderate,1,30.6,67,0.1,21.9,275,1009.5,100,9.3,14.6,117.0,0.8,64.0,1.8
2025-07-04 12:00:00,2025,7,4,12,An Giang,Xã Giồng Riềng,9.9237413,105.2736878,71,Moderate,1,29.5,70,0.0,22.0,271,1008.9,96,8.6,12.0,113.0,1.1,63.0,1.8
2025-07-04 13:00:00,2025,7,4,13,An Giang,Xã Giồng Riềng,9.9237413,105.2736878,71,Moderate,1,30.0,71,0.6,23.1,260,1007.9,31,8.9,12.3,111.0,1.5,62.0,1.9
2025-07-04 14:00:00,2025,7,4,14,An Giang,Xã Giồng Riềng,9.9237413,105.2736878,71,Moderate,1,30.2,73,0.6,23.1,262,1007.5,37,7.6,10.4,109.0,1.9,59.0,1.9
2025-07-04 15:00:00,2025,7,4,15,An Giang,Xã Giồng Riềng,9.9237413,105.2736878,71,Moderate,1,29.6,71,0.0,24.6,261,1006.7,73,7.6,9.7,109.0,2.4,55.0,1.9
2025-07-04 16:00:00,2025,7,4,16,An Giang,Xã Giồng Riềng,9.9237413,105.2736878,70,Moderate,1,29.0,74,0.0,23.7,258,1006.5,74,8.4,10.2,111.0,3.3,52.0,2.1
2025-07-04 17:00:00,2025,7,4,17,An Giang,Xã Giồng Riềng,9.9237413,105.2736878,70,Moderate,1,28.4,77,0.1,20.3,257,1006.4,88,9.0,10.6,117.0,4.7,50.0,2.5
2025-07-04 18:00:00,2025,7,4,18,An Giang,Xã Giồng Riềng,9.9237413,105.2736878,70,Moderate,1,27.6,80,0.0,15.6,258,1007.0,92,10.7,12.5,125.0,6.4,48.0,3.0
2025-07-04 19:00:00,2025,7,4,19,An Giang,Xã Giồng Riềng,9.9237413,105.2736878,69,Moderate,1,27.1,81,0.0,13.1,255,1007.6,87,12.9,14.9,131.0,7.0,48.0,3.2
2025-07-04 20:00:00,2025,7,4,20,An Giang,Xã Giồng Riềng,9.9237413,105.2736878,68,Moderate,1,26.6,87,0.0,11.1,248,1008.3,75,14.9,16.7,134.0,8.2,44.0,3.6
2025-07-04 21:00:00,2025,7,4,21,An Giang,Xã Giồng Riềng,9.9237413,105.2736878,67,Moderate,1,26.7,87,0.0,10.9,243,1008.8,98,18.1,20.0,134.0,9.9,39.0,4.2
2025-07-04 22:00:00,2025,7,4,22,An Giang,Xã Giồng Riềng,9.9237413,105.2736878,65,Moderate,1,26.2,90,0.0,8.1,245,1009.1,80,20.3,22.2,134.0,10.8,36.0,4.4
2025-07-04 23:00:00,2025,7,4,23,An Giang,Xã Giồng Riềng,9.9237413,105.2736878,64,Moderate,1,25.9,93,0.0,7.7,237,1009.1,81,20.4,22.6,133.0,10.3,36.0,3.9
2025-07-05 00:00:00,2025,7,5,0,An Giang,Xã Giồng Riềng,9.9237413,105.2736878,62,Moderate,1,25.8,93,0.0,8.9,230,1008.5,100,18.3,20.7,130.0,9.1,37.0,3.1
2025-07-05 01:00:00,2025,7,5,1,An Giang,Xã Giồng Riềng,9.9237413,105.2736878,60,Moderate,1,25.7,94,0.0,9.1,238,1008.0,100,16.1,18.7,126.0,8.0,38.0,2.5
2025-07-05 02:00:00,2025,7,5,2,An Giang,Xã Giồng Riềng,9.9237413,105.2736878,59,Moderate,1,26.1,91,0.0,10.9,243,1007.7,100,14.4,17.1,118.0,7.3,39.0,2.2
2025-07-05 03:00:00,2025,7,5,3,An Giang,Xã Giồng Riềng,9.9237413,105.2736878,57,Moderate,1,26.2,90,0.0,11.5,243,1007.3,100,13.4,16.1,108.0,6.7,39.0,2.1
2025-07-05 04:00:00,2025,7,5,4,An Giang,Xã Giồng Riềng,9.9237413,105.2736878,55,Moderate,1,26.1,91,0.0,11.4,244,1007.2,100,13.2,15.9,105.0,6.2,40.0,2.1
2025-07-05 05:00:00,2025,7,5,5,An Giang,Xã Giồng Riềng,9.9237413,105.2736878,54,Moderate,1,26.4,90,0.0,12.9,250,1007.2,100,13.2,16.0,114.0,5.7,39.0,2.3
2025-07-05 06:00:00,2025,7,5,6,An Giang,Xã Giồng Riềng,9.9237413,105.2736878,53,Moderate,1,26.5,89,0.0,13.5,247,1007.5,84,13.2,15.9,129.0,5.3,39.0,2.6
2025-07-05 07:00:00,2025,7,5,7,An Giang,Xã Giồng Riềng,9.9237413,105.2736878,53,Moderate,1,27.4,86,0.1,16.1,250,1008.0,98,15.0,18.3,138.0,5.6,37.0,3.0
2025-07-05 08:00:00,2025,7,5,8,An Giang,Xã Giồng Riềng,9.9237413,105.2736878,52,Moderate,1,28.4,77,0.4,17.9,260,1008.4,100,10.4,14.0,135.0,4.4,43.0,2.7
2025-07-05 09:00:00,2025,7,5,9,An Giang,Xã Giồng Riềng,9.9237413,105.2736878,51,Moderate,1,29.0,80,0.1,14.7,264,1008.6,99,9.2,12.6,126.0,2.6,51.0,2.3
2025-07-05 10:00:00,2025,7,5,10,An Giang,Xã Giồng Riềng,9.9237413,105.2736878,51,Moderate,1,29.1,74,0.3,20.2,271,1008.6,100,8.6,12.2,118.0,1.4,57.0,2.0
2025-07-05 11:00:00,2025,7,5,11,An Giang,Xã Giồng Riềng,9.9237413,105.2736878,51,Moderate,1,29.4,78,0.6,18.9,267,1008.3,99,8.7,12.4,114.0,1.0,60.0,1.8
2025-07-05 12:00:00,2025,7,5,12,An Giang,Xã Giồng Riềng,9.9237413,105.2736878,51,Moderate,1,29.0,75,0.8,23.0,271,1007.5,98,8.6,12.5,111.0,1.1,61.0,1.7
2025-07-05 13:00:00,2025,7,5,13,An Giang,Xã Giồng Riềng,9.9237413,105.2736878,51,Moderate,1,29.4,79,0.2,18.7,262,1007.1,98,8.1,11.5,109.0,1.4,61.0,1.7
2025-07-05 14:00:00,2025,7,5,14,An Giang,Xã Giồng Riềng,9.9237413,105.2736878,51,Moderate,1,28.6,82,1.3,18.5,240,1006.5,93,9.0,12.0,109.0,1.6,62.0,1.7
2025-07-05 15:00:00,2025,7,5,15,An Giang,Xã Giồng Riềng,9.9237413,105.2736878,51,Moderate,1,29.7,75,0.1,19.1,252,1005.6,85,9.0,11.8,110.0,2.0,61.0,1.9
2025-07-05 16:00:00,2025,7,5,16,An Giang,Xã Giồng Riềng,9.9237413,105.2736878,51,Moderate,1,29.4,74,0.0,20.3,251,1005.6,87,9.4,11.7,113.0,2.7,60.0,2.1
2025-07-05 17:00:00,2025,7,5,17,An Giang,Xã Giồng Riềng,9.9237413,105.2736878,51,Moderate,1,28.6,79,0.0,17.0,253,1005.7,98,9.1,11.3,121.0,4.2,56.0,2.5
2025-07-05 18:00:00,2025,7,5,18,An Giang,Xã Giồng Riềng,9.9237413,105.2736878,51,Moderate,1,27.7,84,0.0,14.6,248,1006.0,83,11.1,13.1,130.0,6.1,50.0,3.1
2025-07-05 19:00:00,2025,7,5,19,An Giang,Xã Giồng Riềng,9.9237413,105.2736878,51,Moderate,1,27.0,87,0.0,11.7,239,1006.8,99,15.3,20.2,138.0,6.4,51.0,3.2
2025-07-05 20:00:00,2025,7,5,20,An Giang,Xã Giồng Riềng,9.9237413,105.2736878,52,Moderate,1,26.7,89,0.0,11.3,227,1007.4,87,15.7,20.1,142.0,6.5,50.0,3.2
2025-07-05 21:00:00,2025,7,5,21,An Giang,Xã Giồng Riềng,9.9237413,105.2736878,52,Moderate,1,26.6,89,0.0,10.7,228,1008.4,68,16.2,20.1,143.0,6.6,49.0,3.3
2025-07-05 22:00:00,2025,7,5,22,An Giang,Xã Giồng Riềng,9.9237413,105.2736878,52,Moderate,1,26.4,90,0.0,9.7,227,1008.8,93,15.5,19.0,142.0,6.6,48.0,3.2
2025-07-05 23:00:00,2025,7,5,23,An Giang,Xã Giồng Riềng,9.9237413,105.2736878,51,Moderate,1,26.1,91,0.0,8.5,222,1008.9,100,15.1,18.3,137.0,6.6,47.0,2.9
2025-07-06 00:00:00,2025,7,6,0,An Giang,Xã Giồng Riềng,9.9237413,105.2736878,51,Moderate,1,26.1,90,0.0,8.9,223,1008.4,100,14.4,17.3,129.0,6.5,47.0,2.4
2025-07-06 01:00:00,2025,7,6,1,An Giang,Xã Giồng Riềng,9.9237413,105.2736878,50,Good,0,26.0,91,0.0,8.7,218,1007.7,100,13.7,16.4,122.0,6.4,46.0,2.1
2025-07-06 02:00:00,2025,7,6,2,An Giang,Xã Giồng Riềng,9.9237413,105.2736878,50,Good,0,26.0,90,0.0,7.8,218,1007.1,100,13.4,16.1,114.0,6.4,45.0,2.0
2025-07-06 03:00:00,2025,7,6,3,An Giang,Xã Giồng Riềng,9.9237413,105.2736878,50,Good,0,25.9,90,0.1,11.1,254,1007.2,99,13.2,15.8,106.0,6.3,43.0,2.0
2025-07-06 04:00:00,2025,7,6,4,An Giang,Xã Giồng Riềng,9.9237413,105.2736878,50,Good,0,25.5,92,0.0,8.6,234,1007.4,100,12.3,14.9,104.0,6.1,42.0,2.0
2025-07-06 05:00:00,2025,7,6,5,An Giang,Xã Giồng Riềng,9.9237413,105.2736878,50,Good,0,25.5,91,0.1,10.2,242,1007.6,99,12.5,15.0,113.0,5.7,41.0,2.0
2025-07-06 06:00:00,2025,7,6,6,An Giang,Xã Giồng Riềng,9.9237413,105.2736878,50,Good,0,25.2,94,0.1,8.4,254,1008.0,100,11.0,13.5,129.0,5.1,41.0,2.1
2025-07-06 07:00:00,2025,7,6,7,An Giang,Xã Giồng Riềng,9.9237413,105.2736878,49,Good,0,25.6,92,0.6,13.3,242,1008.9,100,12.9,17.6,138.0,4.4,44.0,2.2
2025-07-06 08:00:00,2025,7,6,8,An Giang,Xã Giồng Riềng,9.9237413,105.2736878,49,Good,0,26.9,86,0.1,18.7,245,1008.9,100,11.6,15.8,136.0,3.6,48.0,2.2
2025-07-06 09:00:00,2025,7,6,9,An Giang,Xã Giồng Riềng,9.9237413,105.2736878,49,Good,0,28.0,81,0.0,17.3,242,1009.2,100,9.7,13.5,127.0,2.5,54.0,2.2
2025-07-06 10:00:00,2025,7,6,10,An Giang,Xã Giồng Riềng,9.9237413,105.2736878,49,Good,0,28.6,81,0.1,16.9,255,1009.2,100,8.8,13.0,120.0,1.7,59.0,2.1
2025-07-06 11:00:00,2025,7,6,11,An Giang,Xã Giồng Riềng,9.9237413,105.2736878,49,Good,0,29.6,78,0.2,14.6,250,1008.8,100,7.9,11.8,115.0,1.3,61.0,1.9
2025-07-06 12:00:00,2025,7,6,12,An Giang,Xã Giồng Riềng,9.9237413,105.2736878,49,Good,0,30.4,73,0.0,15.7,251,1008.1,100,7.2,10.9,112.0,1.1,62.0,1.6
2025-07-06 13:00:00,2025,7,6,13,An Giang,Xã Giồng Riềng,9.9237413,105.2736878,49,Good,0,30.1,67,0.6,18.2,259,1007.5,100,6.9,10.5,110.0,1.2,62.0,1.5
2025-07-06 14:00:00,2025,7,6,14,An Giang,Xã Giồng Riềng,9.9237413,105.2736878,49,Good,0,29.3,73,0.8,20.5,255,1007.0,100,7.5,10.9,111.0,1.7,60.0,1.6
2025-07-06 15:00:00,2025,7,6,15,An Giang,Xã Giồng Riềng,9.9237413,105.2736878,49,Good,0,28.8,79,0.2,18.2,242,1006.0,100,7.9,11.0,114.0,2.6,57.0,1.9
2025-07-06 16:00:00,2025,7,6,16,An Giang,Xã Giồng Riềng,9.9237413,105.2736878,48,Good,0,28.5,79,0.0,16.2,236,1006.2,100,10.3,13.0,119.0,3.7,54.0,2.2
2025-07-06 17:00:00,2025,7,6,17,An Giang,Xã Giồng Riềng,9.9237413,105.2736878,48,Good,0,27.9,82,0.0,14.7,237,1006.6,100,11.0,13.7,127.0,5.3,51.0,2.7
2025-07-06 18:00:00,2025,7,6,18,An Giang,Xã Giồng Riềng,9.9237413,105.2736878,49,Good,0,27.5,83,0.0,10.8,240,1006.9,100,12.9,15.6,137.0,7.2,47.0,3.2
2025-07-06 19:00:00,2025,7,6,19,An Giang,Xã Giồng Riềng,9.9237413,105.2736878,49,Good,0,27.0,85,0.0,11.0,249,1007.7,100,15.5,19.4,145.0,7.4,48.0,3.3
2025-07-06 20:00:00,2025,7,6,20,An Giang,Xã Giồng Riềng,9.9237413,105.2736878,49,Good,0,26.2,94,0.1,7.1,204,1009.0,100,19.3,23.1,151.0,7.9,46.0,3.6
2025-07-06 21:00:00,2025,7,6,21,An Giang,Xã Giồng Riềng,9.9237413,105.2736878,50,Good,0,26.0,95,0.1,8.1,208,1009.3,100,20.4,24.3,156.0,8.7,44.0,3.9
2025-07-06 22:00:00,2025,7,6,22,An Giang,Xã Giồng Riềng,9.9237413,105.2736878,50,Good,0,25.8,95,0.0,8.2,212,1009.6,100,19.2,23.2,157.0,9.0,43.0,4.0
2025-07-06 23:00:00,2025,7,6,23,An Giang,Xã Giồng Riềng,9.9237413,105.2736878,51,Moderate,1,25.5,96,0.0,7.1,210,1009.9,100,17.8,21.8,153.0,8.6,43.0,3.6
2025-07-07 00:00:00,2025,7,7,0,An Giang,Xã Giồng Riềng,9.9237413,105.2736878,51,Moderate,1,25.2,97,0.0,7.9,191,1009.5,100,17.5,21.3,144.0,7.8,45.0,2.9
2025-07-07 01:00:00,2025,7,7,1,An Giang,Xã Giồng Riềng,9.9237413,105.2736878,51,Moderate,1,25.4,96,0.0,8.8,221,1009.1,100,17.6,23.2,136.0,7.3,45.0,2.4
2025-07-07 02:00:00,2025,7,7,2,An Giang,Xã Giồng Riềng,9.9237413,105.2736878,51,Moderate,1,25.4,96,0.0,8.8,227,1008.4,100,15.9,20.2,126.0,7.7,43.0,2.3
2025-07-07 03:00:00,2025,7,7,3,An Giang,Xã Giồng Riềng,9.9237413,105.2736878,52,Moderate,1,25.2,96,0.0,10.0,216,1008.2,99,16.4,20.3,115.0,8.5,41.0,2.4
2025-07-07 04:00:00,2025,7,7,4,An Giang,Xã Giồng Riềng,9.9237413,105.2736878,52,Moderate,1,25.1,96,0.0,10.0,221,1008.4,100,18.0,21.7,112.0,8.7,40.0,2.5
2025-07-07 05:00:00,2025,7,7,5,An Giang,Xã Giồng Riềng,9.9237413,105.2736878,52,Moderate,1,24.9,96,0.0,8.2,203,1008.2,96,19.2,22.6,123.0,8.0,41.0,2.7
2025-07-07 06:00:00,2025,7,7,6,An Giang,Xã Giồng Riềng,9.9237413,105.2736878,53,Moderate,1,24.5,96,0.0,6.7,232,1008.4,96,20.2,23.6,142.0,6.9,43.0,2.9
2025-07-07 07:00:00,2025,7,7,7,An Giang,Xã Giồng Riềng,9.9237413,105.2736878,54,Moderate,1,25.7,95,0.0,7.5,255,1009.2,76,23.5,24.9,155.0,9.3,32.0,4.0
2025-07-07 08:00:00,2025,7,7,8,An Giang,Xã Giồng Riềng,9.9237413,105.2736878,55,Moderate,1,27.9,88,0.0,8.8,231,1009.3,31,13.0,16.1,155.0,7.1,42.0,3.6
2025-07-07 09:00:00,2025,7,7,9,An Giang,Xã Giồng Riềng,9.9237413,105.2736878,55,Moderate,1,29.0,83,0.3,12.7,237,1009.3,38,10.7,14.1,149.0,4.1,56.0,3.1
2025-07-07 10:00:00,2025,7,7,10,An Giang,Xã Giồng Riềng,9.9237413,105.2736878,55,Moderate,1,30.1,78,0.2,13.2,253,1009.5,81,10.0,14.1,144.0,1.9,65.0,2.6
2025-07-07 11:00:00,2025,7,7,11,An Giang,Xã Giồng Riềng,9.9237413,105.2736878,55,Moderate,1,27.9,83,11.2,16.8,239,1009.1,99,9.5,14.4,142.0,1.4,65.0,2.3
2025-07-07 12:00:00,2025,7,7,12,An Giang,Xã Giồng Riềng,9.9237413,105.2736878,55,Moderate,1,27.6,88,0.5,12.7,232,1008.7,100,8.3,13.3,141.0,1.9,60.0,2.1
2025-07-07 13:00:00,2025,7,7,13,An Giang,Xã Giồng Riềng,9.9237413,105.2736878,55,Moderate,1,26.3,91,7.3,15.2,229,1009.0,100,8.2,12.3,143.0,2.4,56.0,2.0
2025-07-07 14:00:00,2025,7,7,14,An Giang,Xã Giồng Riềng,9.9237413,105.2736878,55,Moderate,1,26.3,92,1.2,15.1,232,1008.3,100,8.8,12.5,148.0,2.7,54.0,1.8
2025-07-07 15:00:00,2025,7,7,15,An Giang,Xã Giồng Riềng,9.9237413,105.2736878,56,Moderate,1,25.6,90,2.9,14.5,245,1008.1,100,8.7,12.3,155.0,3.2,52.0,1.7
2025-07-07 16:00:00,2025,7,7,16,An Giang,Xã Giồng Riềng,9.9237413,105.2736878,56,Moderate,1,25.8,93,0.9,9.8,235,1007.7,100,9.3,12.0,166.0,4.1,50.0,1.9
2025-07-07 17:00:00,2025,7,7,17,An Giang,Xã Giồng Riềng,9.9237413,105.2736878,56,Moderate,1,26.4,91,1.0,8.3,214,1007.7,100,11.3,14.1,182.0,6.0,48.0,2.5
2025-07-07 18:00:00,2025,7,7,18,An Giang,Xã Giồng Riềng,9.9237413,105.2736878,56,Moderate,1,26.0,93,0.2,8.2,218,1008.3,100,14.4,17.1,201.0,8.3,47.0,3.5
2025-07-07 19:00:00,2025,7,7,19,An Giang,Xã Giồng Riềng,9.9237413,105.2736878,56,Moderate,1,25.6,95,0.1,8.0,200,1009.3,100,21.2,24.4,216.0,11.8,39.0,4.5
2025-07-07 20:00:00,2025,7,7,20,An Giang,Xã Giồng Riềng,9.9237413,105.2736878,56,Moderate,1,25.8,96,0.9,7.8,202,1009.5,100,23.9,27.1,223.0,12.3,39.0,4.8
2025-07-07 21:00:00,2025,7,7,21,An Giang,Xã Giồng Riềng,9.9237413,105.2736878,57,Moderate,1,25.6,96,2.0,7.2,181,1010.4,100,26.5,29.8,225.0,13.0,39.0,5.3
2025-07-07 22:00:00,2025,7,7,22,An Giang,Xã Giồng Riềng,9.9237413,105.2736878,57,Moderate,1,25.5,96,0.4,9.0,210,1010.9,100,24.1,27.2,226.0,12.9,40.0,5.3
2025-07-07 23:00:00,2025,7,7,23,An Giang,Xã Giồng Riềng,9.9237413,105.2736878,58,Moderate,1,25.3,96,0.6,11.1,210,1010.8,100,19.3,22.2,229.0,11.3,44.0,4.5
2025-07-08 00:00:00,2025,7,8,0,An Giang,Xã Giồng Riềng,9.9237413,105.2736878,58,Moderate,1,25.1,97,0.1,10.5,193,1010.0,96,15.2,18.0,231.0,9.0,51.0,3.3
2025-07-08 01:00:00,2025,7,8,1,An Giang,Xã Giồng Riềng,9.9237413,105.2736878,58,Moderate,1,24.8,97,0.0,11.6,199,1009.9,100,15.1,17.3,228.0,7.6,55.0,2.5
2025-07-08 02:00:00,2025,7,8,2,An Giang,Xã Giồng Riềng,9.9237413,105.2736878,57,Moderate,1,24.5,96,0.0,12.3,205,1009.4,100,17.2,18.9,215.0,8.1,56.0,2.5
2025-07-08 03:00:00,2025,7,8,3,An Giang,Xã Giồng Riềng,9.9237413,105.2736878,57,Moderate,1,24.4,97,0.0,12.3,207,1008.9,100,19.7,21.1,196.0,9.5,56.0,3.0
2025-07-08 04:00:00,2025,7,8,4,An Giang,Xã Giồng Riềng,9.9237413,105.2736878,58,Moderate,1,24.3,97,0.0,11.3,207,1009.2,100,19.2,20.2,184.0,10.3,56.0,3.3
2025-07-08 05:00:00,2025,7,8,5,An Giang,Xã Giồng Riềng,9.9237413,105.2736878,58,Moderate,1,24.4,97,0.0,9.6,233,1009.9,99,21.5,22.5,185.0,9.8,57.0,3.4
2025-07-08 06:00:00,2025,7,8,6,An Giang,Xã Giồng Riềng,9.9237413,105.2736878,58,Moderate,1,24.4,97,0.3,7.7,219,1009.7,90,25.3,26.5,192.0,8.8,59.0,3.4
2025-07-08 07:00:00,2025,7,8,7,An Giang,Xã Giồng Riềng,9.9237413,105.2736878,59,Moderate,1,25.2,92,0.0,10.3,235,1010.3,94,36.9,38.2,197.0,15.3,38.0,5.5
2025-07-08 08:00:00,2025,7,8,8,An Giang,Xã Giồng Riềng,9.9237413,105.2736878,60,Moderate,1,26.3,92,0.0,8.9,228,1011.0,100,26.2,27.6,200.0,12.0,54.0,5.1
2025-07-08 09:00:00,2025,7,8,9,An Giang,Xã Giồng Riềng,9.9237413,105.2736878,61,Moderate,1,27.1,86,0.0,9.6,250,1011.1,100,17.6,19.2,201.0,7.5,76.0,4.4
2025-07-08 10:00:00,2025,7,8,10,An Giang,Xã Giồng Riềng,9.9237413,105.2736878,61,Moderate,1,27.9,82,0.1,14.0,257,1011.4,100,12.1,13.9,197.0,3.9,92.0,3.8
2025-07-08 11:00:00,2025,7,8,11,An Giang,Xã Giồng Riềng,9.9237413,105.2736878,62,Moderate,1,28.5,78,0.0,16.1,264,1010.9,99,9.7,12.3,184.0,2.3,96.0,3.1
2025-07-08 12:00:00,2025,7,8,12,An Giang,Xã Giồng Riềng,9.9237413,105.2736878,62,Moderate,1,29.8,73,0.1,18.9,266,1009.9,100,8.0,11.4,166.0,1.8,93.0,2.4
2025-07-08 13:00:00,2025,7,8,13,An Giang,Xã Giồng Riềng,9.9237413,105.2736878,62,Moderate,1,30.1,72,0.0,18.3,263,1008.5,100,7.5,10.9,152.0,1.5,89.0,1.9
2025-07-08 14:00:00,2025,7,8,14,An Giang,Xã Giồng Riềng,9.9237413,105.2736878,62,Moderate,1,30.1,70,0.0,15.7,243,1007.6,100,6.9,10.1,145.0,1.2,86.0,1.6
2025-07-08 15:00:00,2025,7,8,15,An Giang,Xã Giồng Riềng,9.9237413,105.2736878,61,Moderate,1,30.1,69,0.0,13.9,240,1006.5,100,6.9,10.0,142.0,1.3,81.0,1.6
2025-07-08 16:00:00,2025,7,8,16,An Giang,Xã Giồng Riềng,9.9237413,105.2736878,61,Moderate,1,29.8,70,0.0,16.2,241,1006.0,100,6.9,10.0,142.0,1.8,77.0,1.7
2025-07-08 17:00:00,2025,7,8,17,An Giang,Xã Giồng Riềng,9.9237413,105.2736878,61,Moderate,1,28.9,75,0.0,15.7,255,1006.2,100,6.9,9.8,147.0,3.1,73.0,2.1
2025-07-08 18:00:00,2025,7,8,18,An Giang,Xã Giồng Riềng,9.9237413,105.2736878,61,Moderate,1,27.6,81,0.0,12.4,254,1006.8,100,9.0,11.5,156.0,4.9,69.0,2.6
2025-07-08 19:00:00,2025,7,8,19,An Giang,Xã Giồng Riềng,9.9237413,105.2736878,60,Moderate,1,27.0,83,0.0,11.0,238,1007.4,99,19.2,23.2,165.0,9.7,59.0,4.3
2025-07-08 20:00:00,2025,7,8,20,An Giang,Xã Giồng Riềng,9.9237413,105.2736878,60,Moderate,1,26.4,87,0.0,8.7,220,1008.1,96,21.4,25.1,175.0,10.0,59.0,4.5
2025-07-08 21:00:00,2025,7,8,21,An Giang,Xã Giồng Riềng,9.9237413,105.2736878,60,Moderate,1,26.0,89,0.0,9.2,223,1009.0,100,22.4,26.0,185.0,10.4,58.0,4.7
2025-07-08 22:00:00,2025,7,8,22,An Giang,Xã Giồng Riềng,9.9237413,105.2736878,59,Moderate,1,25.8,90,0.0,9.8,226,1009.5,100,21.5,25.0,190.0,10.6,58.0,4.7
2025-07-08 23:00:00,2025,7,8,23,An Giang,Xã Giồng Riềng,9.9237413,105.2736878,59,Moderate,1,25.6,90,0.0,8.4,227,1009.8,99,19.9,23.3,185.0,10.4,58.0,4.2
2025-07-09 00:00:00,2025,7,9,0,An Giang,Xã Giồng Riềng,9.9237413,105.2736878,59,Moderate,1,25.5,91,0.0,8.4,223,1009.6,99,19.4,22.7,175.0,10.1,57.0,3.5
2025-07-09 01:00:00,2025,7,9,1,An Giang,Xã Giồng Riềng,9.9237413,105.2736878,60,Moderate,1,25.3,91,0.0,8.2,220,1009.3,92,19.6,22.8,167.0,9.8,56.0,2.9
2025-07-09 02:00:00,2025,7,9,2,An Giang,Xã Giồng Riềng,9.9237413,105.2736878,60,Moderate,1,25.1,92,0.0,7.1,207,1008.6,100,19.3,22.3,163.0,9.9,54.0,2.7
2025-07-09 03:00:00,2025,7,9,3,An Giang,Xã Giồng Riềng,9.9237413,105.2736878,60,Moderate,1,24.9,94,0.0,8.3,196,1007.9,98,18.7,21.6,161.0,10.0,51.0,2.6
2025-07-09 04:00:00,2025,7,9,4,An Giang,Xã Giồng Riềng,9.9237413,105.2736878,60,Moderate,1,24.7,95,0.0,9.0,211,1008.0,96,18.8,21.5,161.0,9.7,49.0,2.6
2025-07-09 05:00:00,2025,7,9,5,An Giang,Xã Giồng Riềng,9.9237413,105.2736878,60,Moderate,1,25.0,94,0.0,8.9,218,1008.0,100,18.9,21.7,166.0,8.5,48.0,2.6
2025-07-09 06:00:00,2025,7,9,6,An Giang,Xã Giồng Riềng,9.9237413,105.2736878,60,Moderate,1,25.0,94,0.0,10.3,224,1008.5,100,16.4,19.2,172.0,6.7,48.0,2.6
2025-07-09 07:00:00,2025,7,9,7,An Giang,Xã Giồng Riềng,9.9237413,105.2736878,59,Moderate,1,25.9,88,0.6,16.9,258,1009.9,100,12.1,15.6,175.0,4.6,53.0,2.5
2025-07-09 08:00:00,2025,7,9,8,An Giang,Xã Giồng Riềng,9.9237413,105.2736878,57,Moderate,1,27.0,84,0.0,13.8,242,1009.7,100,9.7,13.4,170.0,3.9,55.0,2.3
2025-07-09 09:00:00,2025,7,9,9,An Giang,Xã Giồng Riềng,9.9237413,105.2736878,55,Moderate,1,26.8,82,1.8,19.2,248,1010.8,94,8.7,12.1,162.0,2.8,59.0,2.1
2025-07-09 10:00:00,2025,7,9,10,An Giang,Xã Giồng Riềng,9.9237413,105.2736878,55,Moderate,1,27.0,85,7.2,17.5,261,1010.6,99,8.0,11.5,152.0,2.1,61.0,2.0
2025-07-09 11:00:00,2025,7,9,11,An Giang,Xã Giồng Riềng,9.9237413,105.2736878,54,Moderate,1,27.8,84,0.3,15.9,264,1010.4,95,7.2,10.1,141.0,1.9,62.0,2.0
2025-07-09 12:00:00,2025,7,9,12,An Giang,Xã Giồng Riềng,9.9237413,105.2736878,54,Moderate,1,29.2,79,0.3,19.4,269,1009.7,96,6.3,8.8,129.0,2.0,63.0,2.1
2025-07-09 13:00:00,2025,7,9,13,An Giang,Xã Giồng Riềng,9.9237413,105.2736878,54,Moderate,1,28.9,80,3.5,18.9,267,1008.5,92,6.2,8.3,121.0,2.2,62.0,2.1
2025-07-09 14:00:00,2025,7,9,14,An Giang,Xã Giồng Riềng,9.9237413,105.2736878,54,Moderate,1,28.9,77,0.1,20.2,269,1007.4,98,6.3,8.3,117.0,2.5,60.0,2.0
2025-07-09 15:00:00,2025,7,9,15,An Giang,Xã Giồng Riềng,9.9237413,105.2736878,54,Moderate,1,29.1,75,0.0,19.2,260,1006.7,93,7.3,9.2,117.0,2.9,57.0,1.9
2025-07-09 16:00:00,2025,7,9,16,An Giang,Xã Giồng Riềng,9.9237413,105.2736878,54,Moderate,1,28.8,76,0.0,20.7,263,1006.1,87,7.6,9.3,120.0,3.5,54.0,1.9
2025-07-09 17:00:00,2025,7,9,17,An Giang,Xã Giồng Riềng,9.9237413,105.2736878,54,Moderate,1,28.3,80,0.0,18.6,268,1005.8,72,9.2,10.8,127.0,4.6,53.0,2.3
2025-07-09 18:00:00,2025,7,9,18,An Giang,Xã Giồng Riềng,9.9237413,105.2736878,54,Moderate,1,27.8,82,0.0,13.7,256,1006.2,51,9.6,11.0,138.0,5.9,52.0,2.8
2025-07-09 19:00:00,2025,7,9,19,An Giang,Xã Giồng Riềng,9.9237413,105.2736878,54,Moderate,1,27.3,82,0.0,11.6,251,1006.5,56,10.8,13.9,146.0,5.4,56.0,2.8
2025-07-09 20:00:00,2025,7,9,20,An Giang,Xã Giồng Riềng,9.9237413,105.2736878,53,Moderate,1,27.2,83,0.0,11.5,259,1007.5,63,12.2,14.6,151.0,6.2,53.0,3.2
2025-07-09 21:00:00,2025,7,9,21,An Giang,Xã Giồng Riềng,9.9237413,105.2736878,52,Moderate,1,26.9,87,0.0,10.2,249,1008.3,98,14.1,16.1,154.0,7.4,49.0,3.7
2025-07-09 22:00:00,2025,7,9,22,An Giang,Xã Giồng Riềng,9.9237413,105.2736878,52,Moderate,1,26.5,90,0.0,7.3,250,1008.6,55,15.0,16.8,154.0,8.4,45.0,4.0
2025-07-09 23:00:00,2025,7,9,23,An Giang,Xã Giồng Riềng,9.9237413,105.2736878,51,Moderate,1,26.0,93,0.0,6.2,258,1008.6,77,15.5,17.3,148.0,9.3,41.0,3.9
2025-07-10 00:00:00,2025,7,10,0,An Giang,Xã Giồng Riềng,9.9237413,105.2736878,51,Moderate,1,25.8,94,0.0,6.7,268,1008.1,28,16.5,18.3,139.0,10.0,38.0,3.6
2025-07-10 01:00:00,2025,7,10,1,An Giang,Xã Giồng Riềng,9.9237413,105.2736878,51,Moderate,1,25.8,95,0.0,7.1,254,1007.4,100,17.9,19.7,131.0,10.4,35.0,3.3
2025-07-10 02:00:00,2025,7,10,2,An Giang,Xã Giồng Riềng,9.9237413,105.2736878,50,Good,0,26.3,93,0.0,8.1,241,1006.8,92,18.2,20.1,125.0,10.2,34.0,3.1
2025-07-10 03:00:00,2025,7,10,3,An Giang,Xã Giồng Riềng,9.9237413,105.2736878,50,Good,0,26.1,94,0.0,8.9,230,1006.3,22,16.4,18.6,121.0,9.6,34.0,3.0
2025-07-10 04:00:00,2025,7,10,4,An Giang,Xã Giồng Riềng,9.9237413,105.2736878,50,Good,0,25.6,96,0.0,7.6,227,1006.1,42,15.8,18.1,121.0,8.8,35.0,2.9
2025-07-10 05:00:00,2025,7,10,5,An Giang,Xã Giồng Riềng,9.9237413,105.2736878,50,Good,0,25.6,96,0.0,7.6,236,1006.4,31,15.5,17.8,128.0,8.0,35.0,2.9
2025-07-10 06:00:00,2025,7,10,6,An Giang,Xã Giồng Riềng,9.9237413,105.2736878,49,Good,0,25.8,95,0.0,8.6,239,1006.6,13,14.9,17.2,140.0,7.1,35.0,3.0
2025-07-10 07:00:00,2025,7,10,7,An Giang,Xã Giồng Riềng,9.9237413,105.2736878,49,Good,0,27.8,87,0.1,16.5,252,1007.5,52,10.0,11.9,144.0,4.2,42.0,2.3
2025-07-10 08:00:00,2025,7,10,8,An Giang,Xã Giồng Riềng,9.9237413,105.2736878,48,Good,0,28.8,82,0.8,15.7,265,1007.3,26,7.7,9.8,135.0,3.4,47.0,2.1
2025-07-10 09:00:00,2025,7,10,9,An Giang,Xã Giồng Riềng,9.9237413,105.2736878,48,Good,0,29.8,76,0.1,22.2,268,1007.5,22,6.5,8.5,118.0,2.2,53.0,1.8
2025-07-10 10:00:00,2025,7,10,10,An Giang,Xã Giồng Riềng,9.9237413,105.2736878,48,Good,0,29.9,72,0.1,24.3,270,1007.6,46,6.4,8.8,106.0,1.4,58.0,1.6
2025-07-10 11:00:00,2025,7,10,11,An Giang,Xã Giồng Riềng,9.9237413,105.2736878,47,Good,0,29.9,78,0.1,22.2,265,1007.1,63,6.7,9.3,102.0,1.2,59.0,1.5
2025-07-10 12:00:00,2025,7,10,12,An Giang,Xã Giồng Riềng,9.9237413,105.2736878,47,Good,0,30.0,79,0.4,20.9,257,1006.6,77,6.9,9.3,102.0,1.3,58.0,1.6
2025-07-10 13:00:00,2025,7,10,13,An Giang,Xã Giồng Riềng,9.9237413,105.2736878,47,Good,0,30.2,76,0.1,22.7,253,1006.0,79,6.7,8.9,103.0,1.5,57.0,1.6
2025-07-10 14:00:00,2025,7,10,14,An Giang,Xã Giồng Riềng,9.9237413,105.2736878,48,Good,0,29.5,78,0.5,20.0,246,1005.0,96,7.2,9.3,104.0,1.7,56.0,1.7
2025-07-10 15:00:00,2025,7,10,15,An Giang,Xã Giồng Riềng,9.9237413,105.2736878,48,Good,0,29.2,77,0.1,22.2,241,1004.3,97,7.0,9.0,106.0,2.0,55.0,1.8
2025-07-10 16:00:00,2025,7,10,16,An Giang,Xã Giồng Riềng,9.9237413,105.2736878,48,Good,0,29.2,77,0.0,22.0,245,1003.8,100,7.0,8.8,109.0,2.6,54.0,1.9
2025-07-10 17:00:00,2025,7,10,17,An Giang,Xã Giồng Riềng,9.9237413,105.2736878,48,Good,0,28.9,78,0.0,20.1,246,1003.6,100,7.4,9.0,114.0,3.6,52.0,2.2
2025-07-10 18:00:00,2025,7,10,18,An Giang,Xã Giồng Riềng,9.9237413,105.2736878,47,Good,0,28.1,81,0.0,16.7,245,1003.9,97,8.5,10.0,121.0,4.8,49.0,2.5
2025-07-10 19:00:00,2025,7,10,19,An Giang,Xã Giồng Riềng,9.9237413,105.2736878,47,Good,0,27.5,83,0.0,14.5,245,1004.9,99,10.1,12.0,126.0,5.5,50.0,2.7
2025-07-10 20:00:00,2025,7,10,20,An Giang,Xã Giồng Riềng,9.9237413,105.2736878,47,Good,0,27.6,82,0.0,13.4,227,1005.4,40,11.4,13.2,130.0,5.8,50.0,2.9
2025-07-10 21:00:00,2025,7,10,21,An Giang,Xã Giồng Riềng,9.9237413,105.2736878,47,Good,0,27.4,82,0.0,12.5,231,1005.9,68,12.0,13.9,132.0,6.2,50.0,3.1
2025-07-10 22:00:00,2025,7,10,22,An Giang,Xã Giồng Riềng,9.9237413,105.2736878,46,Good,0,27.0,84,0.0,10.9,224,1006.3,28,12.6,14.4,132.0,6.5,50.0,3.1
2025-07-10 23:00:00,2025,7,10,23,An Giang,Xã Giồng Riềng,9.9237413,105.2736878,46,Good,0,26.8,85,0.0,11.2,222,1006.2,88,12.7,14.5,128.0,6.6,49.0,2.9
2025-07-11 00:00:00,2025,7,11,0,An Giang,Xã Giồng Riềng,9.9237413,105.2736878,45,Good,0,26.6,86,0.0,12.2,221,1005.8,73,11.7,13.4,121.0,6.5,48.0,2.4
2025-07-11 01:00:00,2025,7,11,1,An Giang,Xã Giồng Riềng,9.9237413,105.2736878,45,Good,0,26.5,88,0.0,10.5,217,1005.5,92,11.5,13.2,115.0,6.2,47.0,2.1
2025-07-11 02:00:00,2025,7,11,2,An Giang,Xã Giồng Riềng,9.9237413,105.2736878,44,Good,0,26.2,90,0.0,10.7,217,1004.9,100,12.3,14.1,108.0,5.6,47.0,1.8
2025-07-11 03:00:00,2025,7,11,3,An Giang,Xã Giồng Riềng,9.9237413,105.2736878,43,Good,0,26.4,89,0.1,10.8,234,1004.6,83,10.5,13.2,101.0,4.9,48.0,1.7
2025-07-11 04:00:00,2025,7,11,4,An Giang,Xã Giồng Riềng,9.9237413,105.2736878,41,Good,0,26.5,88,0.1,11.4,251,1004.8,88,8.6,11.8,100.0,4.4,48.0,1.6
2025-07-11 05:00:00,2025,7,11,5,An Giang,Xã Giồng Riềng,9.9237413,105.2736878,40,Good,0,26.2,90,0.1,11.5,256,1004.7,65,9.3,11.8,111.0,4.4,48.0,1.8
2025-07-11 06:00:00,2025,7,11,6,An Giang,Xã Giồng Riềng,9.9237413,105.2736878,39,Good,0,25.0,91,1.6,20.1,249,1005.6,95,10.2,12.1,127.0,4.6,48.0,2.2
2025-07-11 07:00:00,2025,7,11,7,An Giang,Xã Giồng Riềng,9.9237413,105.2736878,38,Good,0,25.4,93,0.1,14.3,245,1006.0,71,9.1,11.6,138.0,3.9,48.0,2.3
2025-07-11 08:00:00,2025,7,11,8,An Giang,Xã Giồng Riềng,9.9237413,105.2736878,38,Good,0,28.0,85,0.1,16.6,260,1006.2,97,7.8,10.4,137.0,3.1,50.0,2.1
2025-07-11 09:00:00,2025,7,11,9,An Giang,Xã Giồng Riềng,9.9237413,105.2736878,38,Good,0,28.8,85,0.2,15.3,258,1006.6,99,6.9,9.8,131.0,2.1,53.0,1.8
2025-07-11 10:00:00,2025,7,11,10,An Giang,Xã Giồng Riềng,9.9237413,105.2736878,38,Good,0,29.1,80,0.2,18.2,252,1006.1,69,6.5,9.7,125.0,1.3,55.0,1.6
2025-07-11 11:00:00,2025,7,11,11,An Giang,Xã Giồng Riềng,9.9237413,105.2736878,38,Good,0,30.1,75,0.1,19.6,255,1005.8,85,5.9,8.7,120.0,1.1,56.0,1.5
2025-07-11 12:00:00,2025,7,11,12,An Giang,Xã Giồng Riềng,9.9237413,105.2736878,38,Good,0,30.5,75,0.0,20.5,262,1005.1,100,5.3,8.1,116.0,1.2,56.0,1.5
2025-07-11 13:00:00,2025,7,11,13,An Giang,Xã Giồng Riềng,9.9237413,105.2736878,38,Good,0,30.2,77,0.3,21.1,263,1004.4,100,5.8,8.1,113.0,1.3,56.0,1.5
2025-07-11 14:00:00,2025,7,11,14,An Giang,Xã Giồng Riềng,9.9237413,105.2736878,38,Good,0,29.6,75,0.9,22.3,260,1003.7,99,5.8,8.1,112.0,1.3,56.0,1.5
2025-07-11 15:00:00,2025,7,11,15,An Giang,Xã Giồng Riềng,9.9237413,105.2736878,37,Good,0,29.2,81,1.3,18.1,261,1003.4,100,5.6,7.8,113.0,1.3,57.0,1.6
2025-07-11 16:00:00,2025,7,11,16,An Giang,Xã Giồng Riềng,9.9237413,105.2736878,37,Good,0,27.9,83,2.5,17.7,260,1003.6,98,5.8,7.9,116.0,1.7,56.0,1.7
2025-07-11 17:00:00,2025,7,11,17,An Giang,Xã Giồng Riềng,9.9237413,105.2736878,37,Good,0,28.1,83,0.0,14.7,248,1003.5,98,6.4,8.5,120.0,2.9,53.0,2.0
2025-07-11 18:00:00,2025,7,11,18,An Giang,Xã Giồng Riềng,9.9237413,105.2736878,37,Good,0,27.5,83,0.1,16.2,256,1004.2,95,8.4,10.4,127.0,4.6,49.0,2.4
2025-07-11 19:00:00,2025,7,11,19,An Giang,Xã Giồng Riềng,9.9237413,105.2736878,37,Good,0,26.5,87,0.1,12.4,248,1005.0,53,10.9,13.2,133.0,6.4,42.0,3.1
2025-07-11 20:00:00,2025,7,11,20,An Giang,Xã Giồng Riềng,9.9237413,105.2736878,37,Good,0,26.6,91,0.0,8.5,226,1005.7,88,12.8,15.0,142.0,7.3,39.0,3.5
2025-07-11 21:00:00,2025,7,11,21,An Giang,Xã Giồng Riềng,9.9237413,105.2736878,37,Good,0,26.3,93,0.0,6.8,233,1006.6,68,15.0,17.1,152.0,8.6,36.0,3.9
2025-07-11 22:00:00,2025,7,11,22,An Giang,Xã Giồng Riềng,9.9237413,105.2736878,38,Good,0,26.4,93,0.0,7.0,230,1006.8,52,16.2,18.4,154.0,9.1,34.0,4.0
2025-07-11 23:00:00,2025,7,11,23,An Giang,Xã Giồng Riềng,9.9237413,105.2736878,38,Good,0,26.3,93,0.0,9.8,239,1007.7,81,15.6,17.9,142.0,8.1,35.0,3.4
2025-07-12 00:00:00,2025,7,12,0,An Giang,Xã Giồng Riềng,9.9237413,105.2736878,39,Good,0,26.3,91,0.4,11.0,242,1007.4,45,12.0,14.9,122.0,6.4,38.0,2.4
2025-07-12 01:00:00,2025,7,12,1,An Giang,Xã Giồng Riềng,9.9237413,105.2736878,39,Good,0,26.2,91,0.0,10.1,243,1006.6,25,9.8,12.6,107.0,5.2,40.0,1.7
2025-07-12 02:00:00,2025,7,12,2,An Giang,Xã Giồng Riềng,9.9237413,105.2736878,39,Good,0,25.9,93,0.0,10.1,245,1006.2,36,9.6,12.3,102.0,5.4,39.0,1.7
2025-07-12 03:00:00,2025,7,12,3,An Giang,Xã Giồng Riềng,9.9237413,105.2736878,38,Good,0,26.0,91,0.1,12.3,258,1005.8,36,10.7,13.3,103.0,6.2,37.0,1.9
2025-07-12 04:00:00,2025,7,12,4,An Giang,Xã Giồng Riềng,9.9237413,105.2736878,38,Good,0,25.9,91,0.1,12.4,251,1005.8,88,11.7,14.3,107.0,6.6,35.0,2.2
2025-07-12 05:00:00,2025,7,12,5,An Giang,Xã Giồng Riềng,9.9237413,105.2736878,39,Good,0,25.8,92,0.0,10.6,252,1005.9,67,13.1,15.7,116.0,6.2,34.0,2.3
2025-07-12 06:00:00,2025,7,12,6,An Giang,Xã Giồng Riềng,9.9237413,105.2736878,39,Good,0,25.7,93,0.0,12.1,247,1006.1,39,13.0,15.6,128.0,5.5,34.0,2.5
2025-07-12 07:00:00,2025,7,12,7,An Giang,Xã Giồng Riềng,9.9237413,105.2736878,40,Good,0,26.1,90,0.2,15.5,242,1006.9,48,15.0,16.6,136.0,6.6,30.0,3.3
2025-07-12 08:00:00,2025,7,12,8,An Giang,Xã Giồng Riềng,9.9237413,105.2736878,41,Good,0,28.5,83,0.2,14.3,245,1007.1,38,9.7,12.7,135.0,5.1,37.0,2.9
2025-07-12 09:00:00,2025,7,12,9,An Giang,Xã Giồng Riềng,9.9237413,105.2736878,41,Good,0,28.6,80,0.7,15.7,251,1007.7,35,8.5,12.4,130.0,3.0,48.0,2.4
2025-07-12 10:00:00,2025,7,12,10,An Giang,Xã Giồng Riềng,9.9237413,105.2736878,42,Good,0,27.5,85,3.0,16.4,246,1008.0,68,8.0,12.6,125.0,1.5,55.0,2.0
2025-07-12 11:00:00,2025,7,12,11,An Giang,Xã Giồng Riềng,9.9237413,105.2736878,42,Good,0,29.3,81,0.2,13.7,238,1007.4,64,7.1,12.3,121.0,1.0,57.0,1.7
2025-07-12 12:00:00,2025,7,12,12,An Giang,Xã Giồng Riềng,9.9237413,105.2736878,42,Good,0,30.7,76,0.2,13.4,253,1007.0,75,7.1,13.0,117.0,1.1,56.0,1.5
2025-07-12 13:00:00,2025,7,12,13,An Giang,Xã Giồng Riềng,9.9237413,105.2736878,42,Good,0,30.0,74,0.1,16.1,250,1006.3,71,8.5,16.8,115.0,1.4,55.0,1.5
2025-07-12 14:00:00,2025,7,12,14,An Giang,Xã Giồng Riềng,9.9237413,105.2736878,43,Good,0,29.5,74,0.1,18.9,236,1005.7,100,9.3,15.9,116.0,1.8,55.0,1.7
2025-07-12 15:00:00,2025,7,12,15,An Giang,Xã Giồng Riềng,9.9237413,105.2736878,43,Good,0,29.5,75,0.0,16.0,239,1005.4,98,9.4,15.1,118.0,2.5,54.0,2.1
2025-07-12 16:00:00,2025,7,12,16,An Giang,Xã Giồng Riềng,9.9237413,105.2736878,44,Good,0,28.9,78,0.0,13.5,236,1005.3,94,9.8,14.8,123.0,3.6,53.0,2.5
2025-07-12 17:00:00,2025,7,12,17,An Giang,Xã Giồng Riềng,9.9237413,105.2736878,45,Good,0,28.6,79,0.0,14.8,237,1005.4,100,9.8,14.1,132.0,5.2,50.0,3.0
2025-07-12 18:00:00,2025,7,12,18,An Giang,Xã Giồng Riềng,9.9237413,105.2736878,45,Good,0,27.8,84,0.0,8.9,238,1006.1,100,11.7,15.4,142.0,7.1,46.0,3.5
2025-07-12 19:00:00,2025,7,12,19,An Giang,Xã Giồng Riềng,9.9237413,105.2736878,46,Good,0,27.1,86,0.0,10.5,231,1006.9,85,21.1,28.8,150.0,10.2,40.0,4.3
2025-07-12 20:00:00,2025,7,12,20,An Giang,Xã Giồng Riềng,9.9237413,105.2736878,48,Good,0,27.3,83,0.0,11.5,224,1007.3,90,25.3,31.8,152.0,11.2,38.0,4.7
2025-07-12 21:00:00,2025,7,12,21,An Giang,Xã Giồng Riềng,9.9237413,105.2736878,50,Good,0,26.9,84,0.0,10.4,222,1007.8,97,27.6,33.9,151.0,12.5,34.0,5.3
2025-07-12 22:00:00,2025,7,12,22,An Giang,Xã Giồng Riềng,9.9237413,105.2736878,51,Moderate,1,26.6,85,0.0,9.0,215,1008.1,97,27.6,33.8,149.0,13.4,32.0,5.5
2025-07-12 23:00:00,2025,7,12,23,An Giang,Xã Giồng Riềng,9.9237413,105.2736878,52,Moderate,1,26.4,87,0.0,8.4,215,1008.3,15,27.2,33.6,148.0,13.4,31.0,5.1
2025-07-13 00:00:00,2025,7,13,0,An Giang,Xã Giồng Riềng,9.9237413,105.2736878,53,Moderate,1,26.1,88,0.0,9.2,222,1008.3,47,27.0,33.6,147.0,13.0,30.0,4.3
2025-07-13 01:00:00,2025,7,13,1,An Giang,Xã Giồng Riềng,9.9237413,105.2736878,54,Moderate,1,26.0,89,0.0,8.1,225,1007.8,94,26.0,32.9,145.0,12.1,31.0,3.6
2025-07-13 02:00:00,2025,7,13,2,An Giang,Xã Giồng Riềng,9.9237413,105.2736878,56,Moderate,1,26.0,90,0.0,8.2,232,1007.4,22,19.6,27.5,140.0,10.5,34.0,3.0
2025-07-13 03:00:00,2025,7,13,3,An Giang,Xã Giồng Riềng,9.9237413,105.2736878,57,Moderate,1,26.0,90,0.0,9.3,236,1006.9,23,15.6,23.1,134.0,8.4,38.0,2.4
2025-07-13 04:00:00,2025,7,13,4,An Giang,Xã Giồng Riềng,9.9237413,105.2736878,57,Moderate,1,26.0,89,0.1,13.2,250,1007.1,28,15.7,22.4,132.0,6.8,41.0,2.1
2025-07-13 05:00:00,2025,7,13,5,An Giang,Xã Giồng Riềng,9.9237413,105.2736878,58,Moderate,1,25.5,91,0.0,10.3,258,1007.3,98,17.4,23.2,137.0,6.3,41.0,2.2
2025-07-13 06:00:00,2025,7,13,6,An Giang,Xã Giồng Riềng,9.9237413,105.2736878,58,Moderate,1,25.4,92,0.1,16.0,243,1008.2,97,17.8,23.0,146.0,6.3,39.0,2.6
2025-07-13 07:00:00,2025,7,13,7,An Giang,Xã Giồng Riềng,9.9237413,105.2736878,58,Moderate,1,26.0,89,0.2,14.1,248,1008.7,100,20.3,32.0,150.0,6.5,39.0,3.3
2025-07-13 08:00:00,2025,7,13,8,An Giang,Xã Giồng Riềng,9.9237413,105.2736878,59,Moderate,1,28.3,82,0.0,15.1,248,1008.6,87,15.4,25.3,146.0,5.0,45.0,2.9
2025-07-13 09:00:00,2025,7,13,9,An Giang,Xã Giồng Riềng,9.9237413,105.2736878,59,Moderate,1,29.1,79,0.2,13.4,250,1009.1,91,14.3,23.9,137.0,3.0,54.0,2.4
2025-07-13 10:00:00,2025,7,13,10,An Giang,Xã Giồng Riềng,9.9237413,105.2736878,60,Moderate,1,30.0,76,0.1,12.7,257,1008.8,86,11.9,21.0,130.0,1.5,60.0,2.0
2025-07-13 11:00:00,2025,7,13,11,An Giang,Xã Giồng Riềng,9.9237413,105.2736878,60,Moderate,1,30.6,75,0.1,12.9,255,1008.4,67,9.7,17.8,125.0,1.1,62.0,1.8
2025-07-13 12:00:00,2025,7,13,12,An Giang,Xã Giồng Riềng,9.9237413,105.2736878,60,Moderate,1,29.8,76,2.4,15.7,271,1008.0,66,8.8,16.5,121.0,1.2,62.0,1.6
2025-07-13 13:00:00,2025,7,13,13,An Giang,Xã Giồng Riềng,9.9237413,105.2736878,61,Moderate,1,27.7,84,6.3,16.4,246,1008.5,100,9.1,16.4,119.0,1.4,62.0,1.6
2025-07-13 14:00:00,2025,7,13,14,An Giang,Xã Giồng Riềng,9.9237413,105.2736878,61,Moderate,1,28.0,86,0.5,13.1,252,1007.4,100,9.3,15.5,120.0,1.5,62.0,1.7
2025-07-13 15:00:00,2025,7,13,15,An Giang,Xã Giồng Riềng,9.9237413,105.2736878,61,Moderate,1,28.6,84,0.3,13.2,253,1006.7,99,9.4,14.8,122.0,1.8,60.0,1.8
2025-07-13 16:00:00,2025,7,13,16,An Giang,Xã Giồng Riềng,9.9237413,105.2736878,61,Moderate,1,28.4,81,0.1,14.7,242,1006.4,99,9.5,14.7,126.0,2.6,58.0,2.1
2025-07-13 17:00:00,2025,7,13,17,An Giang,Xã Giồng Riềng,9.9237413,105.2736878,61,Moderate,1,28.5,80,0.0,14.1,249,1006.2,100,10.3,15.0,131.0,4.3,54.0,2.6
2025-07-13 18:00:00,2025,7,13,18,An Giang,Xã Giồng Riềng,9.9237413,105.2736878,61,Moderate,1,27.8,83,0.1,12.1,245,1006.3,100,12.8,17.1,136.0,6.5,48.0,3.2
2025-07-13 19:00:00,2025,7,13,19,An Giang,Xã Giồng Riềng,9.9237413,105.2736878,61,Moderate,1,27.0,86,0.0,10.7,240,1006.7,99,21.0,28.1,143.0,9.9,41.0,4.4
2025-07-13 20:00:00,2025,7,13,20,An Giang,Xã Giồng Riềng,9.9237413,105.2736878,61,Moderate,1,26.6,87,0.0,7.8,222,1007.8,99,25.4,31.5,152.0,10.8,39.0,4.7
2025-07-13 21:00:00,2025,7,13,21,An Giang,Xã Giồng Riềng,9.9237413,105.2736878,61,Moderate,1,26.4,89,0.0,9.2,228,1008.5,95,27.6,33.3,162.0,12.0,36.0,5.2
2025-07-13 22:00:00,2025,7,13,22,An Giang,Xã Giồng Riềng,9.9237413,105.2736878,61,Moderate,1,26.2,91,0.0,9.0,224,1008.6,94,25.6,30.6,168.0,12.7,33.0,5.3
2025-07-13 23:00:00,2025,7,13,23,An Giang,Xã Giồng Riềng,9.9237413,105.2736878,61,Moderate,1,25.9,92,0.0,8.6,210,1008.9,100,23.5,28.0,168.0,12.5,32.0,4.8
2025-07-14 00:00:00,2025,7,14,0,An Giang,Xã Giồng Riềng,9.9237413,105.2736878,60,Moderate,1,25.8,93,0.0,8.5,209,1008.6,100,22.9,27.0,164.0,11.9,31.0,4.0
2025-07-14 01:00:00,2025,7,14,1,An Giang,Xã Giồng Riềng,9.9237413,105.2736878,60,Moderate,1,25.5,94,0.0,7.5,213,1008.2,92,22.9,27.0,158.0,11.4,30.0,3.3
2025-07-14 02:00:00,2025,7,14,2,An Giang,Xã Giồng Riềng,9.9237413,105.2736878,60,Moderate,1,25.6,94,0.0,7.2,205,1007.8,38,22.7,26.8,149.0,11.6,28.0,3.0
2025-07-14 03:00:00,2025,7,14,3,An Giang,Xã Giồng Riềng,9.9237413,105.2736878,60,Moderate,1,25.4,95,0.0,5.3,213,1007.6,56,23.0,27.1,138.0,12.0,26.0,3.0
2025-07-14 04:00:00,2025,7,14,4,An Giang,Xã Giồng Riềng,9.9237413,105.2736878,60,Moderate,1,25.3,95,0.0,5.3,232,1007.6,69,23.1,27.4,131.0,11.6,26.0,2.9
2025-07-14 05:00:00,2025,7,14,5,An Giang,Xã Giồng Riềng,9.9237413,105.2736878,61,Moderate,1,25.5,94,0.0,5.5,243,1007.6,39,22.6,27.3,132.0,9.9,29.0,2.7
2025-07-14 06:00:00,2025,7,14,6,An Giang,Xã Giồng Riềng,9.9237413,105.2736878,62,Moderate,1,25.8,92,0.0,7.9,213,1007.6,40,21.4,26.2,137.0,7.5,34.0,2.6
2025-07-14 07:00:00,2025,7,14,7,An Giang,Xã Giồng Riềng,9.9237413,105.2736878,62,Moderate,1,26.5,91,0.0,8.3,180,1007.7,21,22.5,27.5,140.0,8.4,29.0,3.6
2025-07-14 08:00:00,2025,7,14,8,An Giang,Xã Giồng Riềng,9.9237413,105.2736878,62,Moderate,1,27.8,81,1.4,13.1,247,1008.8,81,14.9,21.7,140.0,6.3,38.0,3.2
2025-07-14 09:00:00,2025,7,14,9,An Giang,Xã Giồng Riềng,9.9237413,105.2736878,62,Moderate,1,28.5,83,0.1,11.2,233,1009.3,96,11.8,18.6,138.0,3.5,51.0,2.6
2025-07-14 10:00:00,2025,7,14,10,An Giang,Xã Giồng Riềng,9.9237413,105.2736878,62,Moderate,1,29.2,82,0.1,15.1,267,1009.3,100,11.1,18.0,136.0,1.5,60.0,2.2
2025-07-14 11:00:00,2025,7,14,11,An Giang,Xã Giồng Riềng,9.9237413,105.2736878,62,Moderate,1,28.6,82,2.0,16.2,249,1009.1,98,9.6,15.8,132.0,1.0,62.0,2.0
2025-07-14 12:00:00,2025,7,14,12,An Giang,Xã Giồng Riềng,9.9237413,105.2736878,62,Moderate,1,29.8,78,0.4,16.7,243,1008.6,100,8.8,14.7,126.0,1.4,59.0,1.9
2025-07-14 13:00:00,2025,7,14,13,An Giang,Xã Giồng Riềng,9.9237413,105.2736878,62,Moderate,1,29.4,79,0.2,15.4,249,1007.9,100,8.7,13.4,123.0,1.8,57.0,1.8
2025-07-14 14:00:00,2025,7,14,14,An Giang,Xã Giồng Riềng,9.9237413,105.2736878,62,Moderate,1,29.5,76,0.1,16.7,236,1007.0,100,8.8,13.2,123.0,1.9,56.0,1.8
2025-07-14 15:00:00,2025,7,14,15,An Giang,Xã Giồng Riềng,9.9237413,105.2736878,62,Moderate,1,29.2,76,0.2,18.1,249,1006.1,99,8.8,12.7,124.0,2.2,56.0,1.8
2025-07-14 16:00:00,2025,7,14,16,An Giang,Xã Giồng Riềng,9.9237413,105.2736878,62,Moderate,1,29.1,77,0.1,16.7,245,1005.6,100,8.9,13.0,129.0,2.8,54.0,2.0
2025-07-14 17:00:00,2025,7,14,17,An Giang,Xã Giồng Riềng,9.9237413,105.2736878,62,Moderate,1,29.0,76,0.0,13.7,248,1005.4,100,9.2,13.3,138.0,4.2,51.0,2.5
2025-07-14 18:00:00,2025,7,14,18,An Giang,Xã Giồng Riềng,9.9237413,105.2736878,61,Moderate,1,28.0,82,0.0,10.5,250,1005.6,99,11.7,15.8,151.0,6.1,47.0,3.1
2025-07-14 19:00:00,2025,7,14,19,An Giang,Xã Giồng Riềng,9.9237413,105.2736878,61,Moderate,1,27.0,85,0.0,9.8,238,1005.9,99,17.1,23.3,161.0,8.4,42.0,3.8
2025-07-14 20:00:00,2025,7,14,20,An Giang,Xã Giồng Riềng,9.9237413,105.2736878,61,Moderate,1,26.6,89,0.0,8.3,224,1007.2,77,18.2,24.4,169.0,8.3,42.0,3.9
2025-07-14 21:00:00,2025,7,14,21,An Giang,Xã Giồng Riềng,9.9237413,105.2736878,60,Moderate,1,26.1,92,0.0,9.7,220,1008.0,80,19.2,25.7,175.0,8.2,41.0,3.9
2025-07-14 22:00:00,2025,7,14,22,An Giang,Xã Giồng Riềng,9.9237413,105.2736878,60,Moderate,1,26.0,94,0.0,10.8,213,1008.1,72,19.6,26.7,176.0,8.5,40.0,3.9
2025-07-14 23:00:00,2025,7,14,23,An Giang,Xã Giồng Riềng,9.9237413,105.2736878,59,Moderate,1,25.8,95,0.0,9.0,211,1008.5,39,20.4,28.1,167.0,9.5,37.0,3.7
2025-07-15 00:00:00,2025,7,15,0,An Giang,Xã Giồng Riềng,9.9237413,105.2736878,59,Moderate,1,25.5,96,0.0,7.0,203,1008.7,51,23.0,30.7,152.0,10.9,34.0,3.5
2025-07-15 01:00:00,2025,7,15,1,An Giang,Xã Giồng Riềng,9.9237413,105.2736878,59,Moderate,1,25.5,97,0.0,6.8,207,1008.0,91,26.0,33.6,140.0,11.9,31.0,3.3
2025-07-15 02:00:00,2025,7,15,2,An Giang,Xã Giồng Riềng,9.9237413,105.2736878,59,Moderate,1,25.4,97,0.0,7.7,211,1007.4,99,27.8,35.5,133.0,12.2,30.0,3.2
2025-07-15 03:00:00,2025,7,15,3,An Giang,Xã Giồng Riềng,9.9237413,105.2736878,60,Moderate,1,25.2,96,0.0,6.9,205,1006.8,98,27.7,35.2,128.0,12.0,30.0,3.1
2025-07-15 04:00:00,2025,7,15,4,An Giang,Xã Giồng Riềng,9.9237413,105.2736878,60,Moderate,1,25.1,97,0.0,8.3,200,1006.4,92,25.4,32.6,128.0,11.2,31.0,3.0
2025-07-15 05:00:00,2025,7,15,5,An Giang,Xã Giồng Riềng,9.9237413,105.2736878,60,Moderate,1,25.1,97,0.0,6.9,219,1006.9,99,22.4,29.5,136.0,9.4,34.0,2.9
2025-07-15 06:00:00,2025,7,15,6,An Giang,Xã Giồng Riềng,9.9237413,105.2736878,60,Moderate,1,25.2,97,0.1,5.4,222,1007.0,98,21.1,27.6,149.0,7.0,39.0,2.8
2025-07-15 07:00:00,2025,7,15,7,An Giang,Xã Giồng Riềng,9.9237413,105.2736878,60,Moderate,1,26.1,91,0.2,13.2,236,1008.0,84,13.8,18.5,157.0,4.9,43.0,2.8
2025-07-15 08:00:00,2025,7,15,8,An Giang,Xã Giồng Riềng,9.9237413,105.2736878,59,Moderate,1,27.6,81,1.3,16.5,240,1008.0,97,12.0,16.6,156.0,4.0,50.0,2.6
2025-07-15 09:00:00,2025,7,15,9,An Giang,Xã Giồng Riềng,9.9237413,105.2736878,59,Moderate,1,27.9,83,0.1,14.5,225,1008.3,100,10.4,14.1,151.0,2.7,60.0,2.3
2025-07-15 10:00:00,2025,7,15,10,An Giang,Xã Giồng Riềng,9.9237413,105.2736878,59,Moderate,1,29.1,80,0.1,13.7,230,1008.4,99,8.8,12.0,147.0,1.7,68.0,2.0
2025-07-15 11:00:00,2025,7,15,11,An Giang,Xã Giồng Riềng,9.9237413,105.2736878,59,Moderate,1,27.4,82,4.9,22.4,244,1008.7,99,6.2,8.3,148.0,1.3,73.0,1.8
2025-07-15 12:00:00,2025,7,15,12,An Giang,Xã Giồng Riềng,9.9237413,105.2736878,59,Moderate,1,27.9,82,2.0,14.7,245,1007.8,100,5.6,7.2,151.0,1.3,76.0,1.7
2025-07-15 13:00:00,2025,7,15,13,An Giang,Xã Giồng Riềng,9.9237413,105.2736878,58,Moderate,1,29.1,81,0.2,13.6,241,1007.2,99,5.9,7.5,154.0,1.5,77.0,1.7
2025-07-15 14:00:00,2025,7,15,14,An Giang,Xã Giồng Riềng,9.9237413,105.2736878,58,Moderate,1,27.9,82,3.4,18.4,238,1006.7,98,5.9,7.2,154.0,1.8,76.0,1.7
2025-07-15 15:00:00,2025,7,15,15,An Giang,Xã Giồng Riềng,9.9237413,105.2736878,58,Moderate,1,28.5,82,0.4,14.8,234,1006.0,99,6.4,7.7,152.0,2.3,73.0,1.8
2025-07-15 16:00:00,2025,7,15,16,An Giang,Xã Giồng Riềng,9.9237413,105.2736878,58,Moderate,1,27.4,86,1.8,14.5,219,1006.0,100,8.1,9.2,156.0,3.5,70.0,2.2
2025-07-15 17:00:00,2025,7,15,17,An Giang,Xã Giồng Riềng,9.9237413,105.2736878,57,Moderate,1,27.5,85,0.1,12.1,228,1005.6,99,9.8,10.9,167.0,5.9,66.0,3.0
2025-07-15 18:00:00,2025,7,15,18,An Giang,Xã Giồng Riềng,9.9237413,105.2736878,57,Moderate,1,26.6,88,0.0,10.4,203,1006.1,99,13.5,14.4,183.0,9.0,62.0,4.1
2025-07-15 19:00:00,2025,7,15,19,An Giang,Xã Giồng Riềng,9.9237413,105.2736878,58,Moderate,1,25.6,92,0.0,8.3,198,1006.6,99,24.3,26.7,199.0,12.3,55.0,5.3
2025-07-15 20:00:00,2025,7,15,20,An Giang,Xã Giồng Riềng,9.9237413,105.2736878,58,Moderate,1,26.0,95,0.0,8.5,180,1007.1,96,25.6,27.5,215.0,12.4,55.0,5.5
2025-07-15 21:00:00,2025,7,15,21,An Giang,Xã Giồng Riềng,9.9237413,105.2736878,59,Moderate,1,25.8,95,0.0,8.6,190,1007.9,95,26.1,28.0,230.0,12.5,56.0,5.8
2025-07-15 22:00:00,2025,7,15,22,An Giang,Xã Giồng Riềng,9.9237413,105.2736878,60,Moderate,1,25.5,96,0.0,6.6,197,1008.6,89,27.3,28.9,239.0,12.5,56.0,5.8
2025-07-15 23:00:00,2025,7,15,23,An Giang,Xã Giồng Riềng,9.9237413,105.2736878,60,Moderate,1,25.4,97,0.0,6.9,187,1008.5,92,26.0,27.3,239.0,12.2,56.0,5.3
2025-07-16 00:00:00,2025,7,16,0,An Giang,Xã Giồng Riềng,9.9237413,105.2736878,61,Moderate,1,25.2,97,0.0,7.3,189,1008.4,100,24.3,25.4,232.0,11.9,55.0,4.5
2025-07-16 01:00:00,2025,7,16,1,An Giang,Xã Giồng Riềng,9.9237413,105.2736878,61,Moderate,1,25.2,96,0.0,8.5,187,1007.8,89,26.1,27.2,221.0,12.0,54.0,4.0
2025-07-16 02:00:00,2025,7,16,2,An Giang,Xã Giồng Riềng,9.9237413,105.2736878,61,Moderate,1,25.1,97,0.0,7.6,194,1007.3,99,32.6,34.1,200.0,13.4,50.0,4.0
2025-07-16 03:00:00,2025,7,16,3,An Giang,Xã Giồng Riềng,9.9237413,105.2736878,61,Moderate,1,24.9,97,0.0,6.7,189,1006.7,99,33.9,35.3,174.0,15.3,45.0,4.3
2025-07-16 04:00:00,2025,7,16,4,An Giang,Xã Giồng Riềng,9.9237413,105.2736878,62,Moderate,1,25.0,97,0.0,8.7,188,1006.5,97,33.8,35.2,158.0,15.8,43.0,4.4
2025-07-16 05:00:00,2025,7,16,5,An Giang,Xã Giồng Riềng,9.9237413,105.2736878,63,Moderate,1,25.0,97,0.0,9.3,190,1006.9,98,31.4,32.8,163.0,13.6,46.0,4.1
2025-07-16 06:00:00,2025,7,16,6,An Giang,Xã Giồng Riềng,9.9237413,105.2736878,63,Moderate,1,25.0,97,0.0,8.2,206,1007.5,97,22.8,24.0,178.0,9.9,53.0,3.6
2025-07-16 07:00:00,2025,7,16,7,An Giang,Xã Giồng Riềng,9.9237413,105.2736878,64,Moderate,1,26.1,91,0.0,15.7,228,1008.3,97,16.9,17.8,187.0,7.3,59.0,3.8
2025-07-16 08:00:00,2025,7,16,8,An Giang,Xã Giồng Riềng,9.9237413,105.2736878,64,Moderate,1,26.1,87,0.8,16.3,228,1009.5,99,11.8,12.5,183.0,5.6,68.0,3.4
2025-07-16 09:00:00,2025,7,16,9,An Giang,Xã Giồng Riềng,9.9237413,105.2736878,64,Moderate,1,26.7,85,0.2,17.0,219,1009.8,99,9.3,10.0,172.0,3.3,80.0,2.9
2025-07-16 10:00:00,2025,7,16,10,An Giang,Xã Giồng Riềng,9.9237413,105.2736878,64,Moderate,1,28.7,76,0.1,15.6,214,1009.4,100,7.7,8.8,163.0,1.7,87.0,2.5
2025-07-16 11:00:00,2025,7,16,11,An Giang,Xã Giồng Riềng,9.9237413,105.2736878,64,Moderate,1,28.5,78,0.3,16.1,220,1008.9,100,6.4,7.7,156.0,1.4,83.0,2.2
2025-07-16 12:00:00,2025,7,16,12,An Giang,Xã Giồng Riềng,9.9237413,105.2736878,64,Moderate,1,29.5,77,0.1,15.1,231,1007.9,95,6.8,8.1,151.0,1.8,73.0,2.0
2025-07-16 13:00:00,2025,7,16,13,An Giang,Xã Giồng Riềng,9.9237413,105.2736878,64,Moderate,1,28.0,79,1.0,22.6,253,1008.2,99,7.0,8.7,146.0,2.2,65.0,1.9
2025-07-16 14:00:00,2025,7,16,14,An Giang,Xã Giồng Riềng,9.9237413,105.2736878,64,Moderate,1,27.3,89,4.4,13.5,232,1007.6,100,7.1,9.0,141.0,2.0,62.0,1.7
2025-07-16 15:00:00,2025,7,16,15,An Giang,Xã Giồng Riềng,9.9237413,105.2736878,64,Moderate,1,26.8,87,0.9,16.6,244,1007.1,100,7.0,8.8,138.0,1.8,62.0,1.6
2025-07-16 16:00:00,2025,7,16,16,An Giang,Xã Giồng Riềng,9.9237413,105.2736878,64,Moderate,1,27.1,86,0.2,12.9,231,1006.3,100,6.7,8.6,139.0,2.2,60.0,1.7
2025-07-16 17:00:00,2025,7,16,17,An Giang,Xã Giồng Riềng,9.9237413,105.2736878,64,Moderate,1,27.3,86,0.0,9.1,216,1006.3,100,6.8,8.6,150.0,3.8,56.0,2.2
2025-07-16 18:00:00,2025,7,16,18,An Giang,Xã Giồng Riềng,9.9237413,105.2736878,64,Moderate,1,26.9,89,0.1,8.0,205,1006.4,100,9.0,10.6,165.0,6.1,50.0,3.0
2025-07-16 19:00:00,2025,7,16,19,An Giang,Xã Giồng Riềng,9.9237413,105.2736878,63,Moderate,1,26.1,92,0.0,6.9,213,1007.1,100,14.4,15.9,177.0,9.3,41.0,4.1
2025-07-16 20:00:00,2025,7,16,20,An Giang,Xã Giồng Riềng,9.9237413,105.2736878,62,Moderate,1,25.7,93,0.4,6.7,189,1008.5,100,16.3,17.6,181.0,9.8,41.0,4.4
2025-07-16 21:00:00,2025,7,16,21,An Giang,Xã Giồng Riềng,9.9237413,105.2736878,61,Moderate,1,25.6,94,1.2,9.4,209,1009.1,100,16.6,17.9,182.0,10.4,41.0,4.9
2025-07-16 22:00:00,2025,7,16,22,An Giang,Xã Giồng Riềng,9.9237413,105.2736878,61,Moderate,1,25.2,95,0.4,9.1,219,1009.4,100,18.0,19.3,180.0,10.8,41.0,5.0
2025-07-16 23:00:00,2025,7,16,23,An Giang,Xã Giồng Riềng,9.9237413,105.2736878,60,Moderate,1,25.0,96,0.3,11.0,212,1009.4,100,19.4,20.5,175.0,10.6,43.0,4.6
2025-07-17 00:00:00,2025,7,17,0,An Giang,Xã Giồng Riềng,9.9237413,105.2736878,59,Moderate,1,24.9,96,0.3,8.4,223,1009.2,99,17.8,18.8,167.0,10.1,45.0,3.9
2025-07-17 01:00:00,2025,7,17,1,An Giang,Xã Giồng Riềng,9.9237413,105.2736878,59,Moderate,1,24.7,96,0.3,8.0,214,1008.5,100,16.9,17.9,160.0,9.7,47.0,3.3
2025-07-17 02:00:00,2025,7,17,2,An Giang,Xã Giồng Riềng,9.9237413,105.2736878,58,Moderate,1,24.5,97,0.2,6.4,216,1008.2,98,17.1,18.0,155.0,9.5,48.0,3.0
2025-07-17 03:00:00,2025,7,17,3,An Giang,Xã Giồng Riềng,9.9237413,105.2736878,56,Moderate,1,24.5,96,0.1,8.0,189,1007.3,100,16.8,17.8,151.0,9.3,50.0,2.8
2025-07-17 04:00:00,2025,7,17,4,An Giang,Xã Giồng Riềng,9.9237413,105.2736878,55,Moderate,1,24.6,96,0.2,9.4,220,1008.1,100,17.0,18.2,152.0,9.0,50.0,2.8
2025-07-17 05:00:00,2025,7,17,5,An Giang,Xã Giồng Riềng,9.9237413,105.2736878,53,Moderate,1,24.6,93,2.1,7.2,245,1008.9,97,17.2,18.3,164.0,8.6,49.0,2.9
2025-07-17 06:00:00,2025,7,17,6,An Giang,Xã Giồng Riềng,9.9237413,105.2736878,52,Moderate,1,24.5,96,0.4,6.5,270,1008.8,100,16.2,17.3,181.0,8.1,48.0,3.1
2025-07-17 07:00:00,2025,7,17,7,An Giang,Xã Giồng Riềng,9.9237413,105.2736878,52,Moderate,1,24.7,96,0.8,7.2,167,1009.2,93,16.1,17.3,192.0,7.8,54.0,3.2
2025-07-17 08:00:00,2025,7,17,8,An Giang,Xã Giồng Riềng,9.9237413,105.2736878,52,Moderate,1,26.1,93,0.0,6.9,221,1009.5,96,12.2,13.4,193.0,7.1,55.0,3.3
2025-07-17 09:00:00,2025,7,17,9,An Giang,Xã Giồng Riềng,9.9237413,105.2736878,52,Moderate,1,27.4,88,0.1,10.2,249,1009.8,86,13.3,14.5,189.0,6.1,56.0,3.4
2025-07-17 10:00:00,2025,7,17,10,An Giang,Xã Giồng Riềng,9.9237413,105.2736878,52,Moderate,1,28.4,85,0.3,13.7,247,1009.6,100,12.2,13.6,181.0,5.1,57.0,3.4
2025-07-17 11:00:00,2025,7,17,11,An Giang,Xã Giồng Riềng,9.9237413,105.2736878,52,Moderate,1,28.4,83,0.4,13.9,251,1009.4,97,10.4,11.9,168.0,4.2,58.0,3.1
2025-07-17 12:00:00,2025,7,17,12,An Giang,Xã Giồng Riềng,9.9237413,105.2736878,53,Moderate,1,28.5,82,0.4,16.0,251,1008.8,100,9.2,10.9,151.0,3.2,60.0,2.7
2025-07-17 13:00:00,2025,7,17,13,An Giang,Xã Giồng Riềng,9.9237413,105.2736878,53,Moderate,1,29.0,77,0.8,16.0,245,1008.2,100,7.9,9.7,137.0,2.6,60.0,2.4
2025-07-17 14:00:00,2025,7,17,14,An Giang,Xã Giồng Riềng,9.9237413,105.2736878,53,Moderate,1,28.7,79,0.1,14.7,243,1007.6,100,7.2,9.3,128.0,2.2,59.0,2.1
2025-07-17 15:00:00,2025,7,17,15,An Giang,Xã Giồng Riềng,9.9237413,105.2736878,53,Moderate,1,29.4,76,0.1,16.3,245,1006.6,100,6.9,9.3,123.0,2.1,58.0,1.8
2025-07-17 16:00:00,2025,7,17,16,An Giang,Xã Giồng Riềng,9.9237413,105.2736878,53,Moderate,1,29.4,75,0.1,16.8,249,1006.4,95,7.0,9.4,123.0,2.5,56.0,1.8
2025-07-17 17:00:00,2025,7,17,17,An Giang,Xã Giồng Riềng,9.9237413,105.2736878,53,Moderate,1,29.0,77,0.1,14.8,248,1006.4,98,8.1,10.3,131.0,3.7,53.0,2.2
2025-07-17 18:00:00,2025,7,17,18,An Giang,Xã Giồng Riềng,9.9237413,105.2736878,53,Moderate,1,28.1,81,0.0,11.1,250,1006.8,100,9.7,12.0,144.0,5.5,50.0,2.9
2025-07-17 19:00:00,2025,7,17,19,An Giang,Xã Giồng Riềng,9.9237413,105.2736878,53,Moderate,1,27.4,83,0.0,10.0,244,1007.5,100,13.2,15.8,156.0,7.3,47.0,3.6
2025-07-17 20:00:00,2025,7,17,20,An Giang,Xã Giồng Riềng,9.9237413,105.2736878,53,Moderate,1,26.9,85,0.0,10.3,245,1008.5,100,14.8,17.3,168.0,7.8,45.0,3.8
2025-07-17 21:00:00,2025,7,17,21,An Giang,Xã Giồng Riềng,9.9237413,105.2736878,53,Moderate,1,26.6,86,0.0,9.8,250,1009.1,100,15.8,18.3,180.0,8.5,43.0,4.1
2025-07-17 22:00:00,2025,7,17,22,An Giang,Xã Giồng Riềng,9.9237413,105.2736878,53,Moderate,1,26.5,86,0.0,13.2,264,1009.3,100,17.1,19.6,185.0,9.0,41.0,4.2
2025-07-17 23:00:00,2025,7,17,23,An Giang,Xã Giồng Riềng,9.9237413,105.2736878,53,Moderate,1,26.0,88,0.0,8.4,254,1009.0,100,18.3,20.8,180.0,9.3,39.0,3.9
2025-07-18 00:00:00,2025,7,18,0,An Giang,Xã Giồng Riềng,9.9237413,105.2736878,53,Moderate,1,25.7,90,0.0,6.9,255,1008.5,100,18.0,20.5,169.0,9.5,38.0,3.4
2025-07-18 01:00:00,2025,7,18,1,An Giang,Xã Giồng Riềng,9.9237413,105.2736878,53,Moderate,1,25.6,92,0.0,7.0,244,1008.0,100,17.6,20.1,157.0,9.4,37.0,3.0
2025-07-18 02:00:00,2025,7,18,2,An Giang,Xã Giồng Riềng,9.9237413,105.2736878,53,Moderate,1,26.1,91,0.0,8.2,247,1007.8,100,17.6,20.1,145.0,9.0,37.0,2.7
2025-07-18 03:00:00,2025,7,18,3,An Giang,Xã Giồng Riềng,9.9237413,105.2736878,53,Moderate,1,26.4,90,0.0,5.9,227,1007.1,100,17.5,19.9,133.0,8.3,38.0,2.5
2025-07-18 04:00:00,2025,7,18,4,An Giang,Xã Giồng Riềng,9.9237413,105.2736878,53,Moderate,1,26.4,89,0.1,8.6,255,1007.2,100,14.7,17.2,128.0,7.6,39.0,2.4
2025-07-18 05:00:00,2025,7,18,5,An Giang,Xã Giồng Riềng,9.9237413,105.2736878,53,Moderate,1,26.4,88,0.0,9.9,260,1007.7,80,10.7,13.0,136.0,6.8,40.0,2.4
2025-07-18 06:00:00,2025,7,18,6,An Giang,Xã Giồng Riềng,9.9237413,105.2736878,52,Moderate,1,26.3,89,0.0,9.5,251,1007.5,96,9.3,11.3,150.0,5.9,42.0,2.5
2025-07-18 07:00:00,2025,7,18,7,An Giang,Xã Giồng Riềng,9.9237413,105.2736878,51,Moderate,1,27.3,84,0.5,14.5,259,1008.4,99,10.9,13.0,158.0,5.1,45.0,2.7
2025-07-18 08:00:00,2025,7,18,8,An Giang,Xã Giồng Riềng,9.9237413,105.2736878,51,Moderate,1,27.9,84,0.1,17.7,245,1009.1,98,9.7,11.7,153.0,4.0,51.0,2.5
2025-07-18 09:00:00,2025,7,18,9,An Giang,Xã Giồng Riềng,9.9237413,105.2736878,51,Moderate,1,28.4,77,0.6,18.4,245,1009.5,99,7.7,10.0,141.0,2.6,59.0,2.2
2025-07-18 10:00:00,2025,7,18,10,An Giang,Xã Giồng Riềng,9.9237413,105.2736878,50,Good,0,28.7,79,0.1,18.1,249,1009.2,98,7.8,10.1,132.0,1.6,65.0,2.0
2025-07-18 11:00:00,2025,7,18,11,An Giang,Xã Giồng Riềng,9.9237413,105.2736878,50,Good,0,29.4,75,0.1,18.4,258,1008.6,99,8.2,10.9,128.0,1.5,66.0,2.0
2025-07-18 12:00:00,2025,7,18,12,An Giang,Xã Giồng Riềng,9.9237413,105.2736878,49,Good,0,29.3,75,0.0,18.1,265,1007.9,100,8.5,11.4,126.0,1.8,64.0,2.1
2025-07-18 13:00:00,2025,7,18,13,An Giang,Xã Giồng Riềng,9.9237413,105.2736878,49,Good,0,29.4,74,0.0,20.2,262,1006.4,100,9.5,12.3,125.0,2.4,62.0,2.2
2025-07-18 14:00:00,2025,7,18,14,An Giang,Xã Giồng Riềng,9.9237413,105.2736878,50,Good,0,29.7,73,0.0,21.3,264,1005.6,97,9.9,13.0,124.0,3.1,60.0,2.4
2025-07-18 15:00:00,2025,7,18,15,An Giang,Xã Giồng Riềng,9.9237413,105.2736878,50,Good,0,29.8,71,0.0,18.9,262,1005.5,99,10.2,13.4,124.0,4.0,57.0,2.7
2025-07-18 16:00:00,2025,7,18,16,An Giang,Xã Giồng Riềng,9.9237413,105.2736878,50,Good,0,28.9,76,0.0,13.8,263,1005.4,100,12.9,15.8,129.0,5.0,55.0,3.0
2025-07-18 17:00:00,2025,7,18,17,An Giang,Xã Giồng Riềng,9.9237413,105.2736878,51,Moderate,1,28.2,80,0.0,11.7,256,1005.8,100,15.0,17.9,141.0,6.1,53.0,3.4
2025-07-18 18:00:00,2025,7,18,18,An Giang,Xã Giồng Riềng,9.9237413,105.2736878,51,Moderate,1,27.5,83,0.0,10.0,249,1006.0,100,15.6,18.6,158.0,7.3,52.0,3.8
2025-07-18 19:00:00,2025,7,18,19,An Giang,Xã Giồng Riềng,9.9237413,105.2736878,52,Moderate,1,27.1,84,0.0,10.1,241,1006.5,100,18.2,21.4,172.0,10.3,43.0,5.1
2025-07-18 20:00:00,2025,7,18,20,An Giang,Xã Giồng Riềng,9.9237413,105.2736878,52,Moderate,1,27.1,86,0.0,8.6,239,1006.6,100,19.4,22.6,183.0,11.2,40.0,5.5
2025-07-18 21:00:00,2025,7,18,21,An Giang,Xã Giồng Riềng,9.9237413,105.2736878,53,Moderate,1,26.7,88,0.0,7.7,231,1006.8,100,21.2,24.4,192.0,12.4,36.0,6.0
2025-07-18 22:00:00,2025,7,18,22,An Giang,Xã Giồng Riềng,9.9237413,105.2736878,53,Moderate,1,26.5,89,0.0,6.8,235,1007.1,100,22.9,26.1,195.0,13.1,32.0,6.1
2025-07-18 23:00:00,2025,7,18,23,An Giang,Xã Giồng Riềng,9.9237413,105.2736878,54,Moderate,1,26.4,90,0.0,5.3,232,1007.3,100,23.5,26.8,187.0,12.8,30.0,5.6
2025-07-19 00:00:00,2025,7,19,0,An Giang,Xã Giồng Riềng,9.9237413,105.2736878,54,Moderate,1,26.3,91,0.0,5.5,218,1006.7,100,22.3,25.7,172.0,12.1,29.0,4.7
2025-07-19 01:00:00,2025,7,19,1,An Giang,Xã Giồng Riềng,9.9237413,105.2736878,55,Moderate,1,26.2,91,0.0,5.6,222,1006.1,100,19.3,22.9,159.0,11.3,28.0,4.0
2025-07-19 02:00:00,2025,7,19,2,An Giang,Xã Giồng Riềng,9.9237413,105.2736878,55,Moderate,1,25.9,93,0.0,5.8,206,1005.1,100,18.0,21.7,150.0,10.9,27.0,3.6
2025-07-19 03:00:00,2025,7,19,3,An Giang,Xã Giồng Riềng,9.9237413,105.2736878,55,Moderate,1,25.8,95,0.0,5.6,187,1004.8,100,17.8,21.4,144.0,10.5,27.0,3.3
2025-07-19 04:00:00,2025,7,19,4,An Giang,Xã Giồng Riềng,9.9237413,105.2736878,55,Moderate,1,25.3,97,0.0,5.9,230,1005.0,100,17.1,20.8,144.0,9.7,28.0,3.1
2025-07-19 05:00:00,2025,7,19,5,An Giang,Xã Giồng Riềng,9.9237413,105.2736878,55,Moderate,1,24.6,94,0.4,13.3,260,1006.0,100,15.8,19.5,157.0,8.1,31.0,2.8
2025-07-19 06:00:00,2025,7,19,6,An Giang,Xã Giồng Riềng,9.9237413,105.2736878,56,Moderate,1,24.6,96,0.7,12.4,280,1006.1,100,11.4,14.8,176.0,6.2,36.0,2.6
2025-07-19 07:00:00,2025,7,19,7,An Giang,Xã Giồng Riềng,9.9237413,105.2736878,56,Moderate,1,26.2,91,0.3,12.8,261,1006.0,66,16.6,18.6,187.0,7.9,33.0,3.4
2025-07-19 08:00:00,2025,7,19,8,An Giang,Xã Giồng Riềng,9.9237413,105.2736878,56,Moderate,1,25.9,92,0.0,7.0,247,1006.5,99,9.3,11.6,182.0,6.1,40.0,3.0
2025-07-19 09:00:00,2025,7,19,9,An Giang,Xã Giồng Riềng,9.9237413,105.2736878,56,Moderate,1,28.4,85,0.1,15.2,246,1006.8,100,6.8,9.1,170.0,3.6,49.0,2.5
2025-07-19 10:00:00,2025,7,19,10,An Giang,Xã Giồng Riềng,9.9237413,105.2736878,56,Moderate,1,28.8,82,0.1,16.0,246,1006.6,94,6.6,8.9,160.0,1.7,57.0,2.1
2025-07-19 11:00:00,2025,7,19,11,An Giang,Xã Giồng Riềng,9.9237413,105.2736878,56,Moderate,1,27.9,82,0.5,23.4,262,1006.3,53,6.7,9.2,156.0,1.1,61.0,1.9
2025-07-19 12:00:00,2025,7,19,12,An Giang,Xã Giồng Riềng,9.9237413,105.2736878,56,Moderate,1,28.6,80,0.1,22.8,249,1005.4,87,6.8,9.5,155.0,1.2,62.0,1.7
2025-07-19 13:00:00,2025,7,19,13,An Giang,Xã Giồng Riềng,9.9237413,105.2736878,56,Moderate,1,29.2,79,0.2,21.0,250,1004.3,98,6.7,9.5,154.0,1.4,63.0,1.6
2025-07-19 14:00:00,2025,7,19,14,An Giang,Xã Giồng Riềng,9.9237413,105.2736878,55,Moderate,1,29.6,76,0.0,20.2,254,1003.5,100,7.1,10.2,150.0,1.4,62.0,1.5
2025-07-19 15:00:00,2025,7,19,15,An Giang,Xã Giồng Riềng,9.9237413,105.2736878,55,Moderate,1,29.4,71,0.4,20.7,257,1003.2,100,7.7,11.3,147.0,1.5,60.0,1.5
2025-07-19 16:00:00,2025,7,19,16,An Giang,Xã Giồng Riềng,9.9237413,105.2736878,55,Moderate,1,29.0,77,0.3,18.8,253,1003.3,100,8.6,13.0,148.0,2.0,58.0,1.6
2025-07-19 17:00:00,2025,7,19,17,An Giang,Xã Giồng Riềng,9.9237413,105.2736878,55,Moderate,1,28.5,81,0.0,15.0,252,1003.8,100,10.1,15.1,158.0,3.0,55.0,2.0
2025-07-19 18:00:00,2025,7,19,18,An Giang,Xã Giồng Riềng,9.9237413,105.2736878,54,Moderate,1,27.8,84,0.0,14.7,251,1004.0,100,12.0,17.6,172.0,4.4,52.0,2.5
2025-07-19 19:00:00,2025,7,19,19,An Giang,Xã Giồng Riềng,9.9237413,105.2736878,54,Moderate,1,27.4,84,0.0,11.3,248,1004.5,100,13.2,17.5,185.0,5.3,55.0,2.9
2025-07-19 20:00:00,2025,7,19,20,An Giang,Xã Giồng Riềng,9.9237413,105.2736878,53,Moderate,1,26.8,87,0.0,7.9,227,1004.9,100,15.8,20.2,194.0,6.1,53.0,3.3
2025-07-19 21:00:00,2025,7,19,21,An Giang,Xã Giồng Riềng,9.9237413,105.2736878,53,Moderate,1,26.7,89,0.0,7.2,231,1005.2,100,17.2,22.1,201.0,7.1,50.0,3.9
2025-07-19 22:00:00,2025,7,19,22,An Giang,Xã Giồng Riềng,9.9237413,105.2736878,53,Moderate,1,26.5,90,0.0,7.9,237,1005.7,100,18.2,23.3,203.0,8.0,47.0,4.2
2025-07-19 23:00:00,2025,7,19,23,An Giang,Xã Giồng Riềng,9.9237413,105.2736878,52,Moderate,1,26.5,90,0.0,9.0,224,1005.8,100,19.2,24.4,198.0,8.6,45.0,4.1
2025-07-20 00:00:00,2025,7,20,0,An Giang,Xã Giồng Riềng,9.9237413,105.2736878,52,Moderate,1,26.5,88,0.1,9.2,228,1005.7,100,19.1,24.3,188.0,9.0,43.0,3.7
2025-07-20 01:00:00,2025,7,20,1,An Giang,Xã Giồng Riềng,9.9237413,105.2736878,52,Moderate,1,26.2,89,0.1,9.8,229,1004.9,100,18.6,23.7,181.0,9.0,42.0,3.3
2025-07-20 02:00:00,2025,7,20,2,An Giang,Xã Giồng Riềng,9.9237413,105.2736878,52,Moderate,1,26.0,90,0.3,10.5,243,1004.6,100,18.3,23.2,179.0,8.2,43.0,2.9
2025-07-20 03:00:00,2025,7,20,3,An Giang,Xã Giồng Riềng,9.9237413,105.2736878,52,Moderate,1,25.5,92,0.9,12.0,263,1004.6,100,17.3,21.8,179.0,6.9,45.0,2.5
2025-07-20 04:00:00,2025,7,20,4,An Giang,Xã Giồng Riềng,9.9237413,105.2736878,52,Moderate,1,25.4,93,0.1,14.6,265,1004.7,100,12.3,16.2,179.0,5.8,47.0,2.2
2025-07-20 05:00:00,2025,7,20,5,An Giang,Xã Giồng Riềng,9.9237413,105.2736878,51,Moderate,1,25.3,93,0.1,13.7,252,1005.3,100,9.1,12.2,177.0,5.1,47.0,2.1
2025-07-20 06:00:00,2025,7,20,6,An Giang,Xã Giồng Riềng,9.9237413,105.2736878,51,Moderate,1,24.9,95,0.2,12.9,247,1005.8,100,8.2,10.8,175.0,4.7,46.0,2.2
2025-07-20 07:00:00,2025,7,20,7,An Giang,Xã Giồng Riềng,9.9237413,105.2736878,50,Good,0,25.4,94,0.4,12.7,232,1006.1,100,10.9,14.6,177.0,4.3,47.0,2.3
2025-07-20 08:00:00,2025,7,20,8,An Giang,Xã Giồng Riềng,9.9237413,105.2736878,50,Good,0,26.8,90,0.3,11.6,217,1006.1,100,10.4,13.5,187.0,3.7,50.0,2.2
2025-07-20 09:00:00,2025,7,20,9,An Giang,Xã Giồng Riềng,9.9237413,105.2736878,50,Good,0,26.5,89,2.8,19.8,245,1007.2,100,9.8,12.8,200.0,2.8,55.0,2.1
2025-07-20 10:00:00,2025,7,20,10,An Giang,Xã Giồng Riềng,9.9237413,105.2736878,50,Good,0,26.4,91,1.1,14.7,245,1006.8,100,7.7,10.4,205.0,2.2,59.0,2.1
2025-07-20 11:00:00,2025,7,20,11,An Giang,Xã Giồng Riềng,9.9237413,105.2736878,50,Good,0,28.0,87,0.4,15.4,254,1006.4,100,6.7,9.0,195.0,2.1,62.0,2.3
2025-07-20 12:00:00,2025,7,20,12,An Giang,Xã Giồng Riềng,9.9237413,105.2736878,50,Good,0,27.0,88,3.9,20.0,262,1006.2,100,7.6,9.9,177.0,2.2,64.0,2.7
2025-07-20 13:00:00,2025,7,20,13,An Giang,Xã Giồng Riềng,9.9237413,105.2736878,50,Good,0,26.4,92,0.6,17.6,256,1005.3,100,8.8,11.3,163.0,2.3,66.0,2.8
2025-07-20 14:00:00,2025,7,20,14,An Giang,Xã Giồng Riềng,9.9237413,105.2736878,51,Moderate,1,26.9,91,0.7,15.2,256,1004.5,100,9.1,11.8,158.0,2.1,68.0,2.5
2025-07-20 15:00:00,2025,7,20,15,An Giang,Xã Giồng Riềng,9.9237413,105.2736878,51,Moderate,1,27.8,85,0.2,16.5,257,1003.8,100,8.0,11.0,158.0,1.9,69.0,2.1
2025-07-20 16:00:00,2025,7,20,16,An Giang,Xã Giồng Riềng,9.9237413,105.2736878,51,Moderate,1,28.3,82,0.0,17.9,255,1003.3,100,7.7,10.9,161.0,2.1,69.0,1.9
2025-07-20 17:00:00,2025,7,20,17,An Giang,Xã Giồng Riềng,9.9237413,105.2736878,51,Moderate,1,27.7,85,0.2,14.5,253,1003.7,100,8.4,11.4,168.0,3.3,67.0,2.2
2025-07-20 18:00:00,2025,7,20,18,An Giang,Xã Giồng Riềng,9.9237413,105.2736878,50,Good,0,27.1,87,0.3,12.7,239,1004.7,100,9.7,12.7,177.0,4.9,64.0,2.8
2025-07-20 19:00:00,2025,7,20,19,An Giang,Xã Giồng Riềng,9.9237413,105.2736878,50,Good,0,26.6,87,1.2,12.9,235,1005.4,100,14.0,17.1,186.0,6.9,58.0,3.6
2025-07-20 20:00:00,2025,7,20,20,An Giang,Xã Giồng Riềng,9.9237413,105.2736878,50,Good,0,26.2,90,0.9,9.5,238,1006.1,100,15.9,19.0,194.0,6.8,58.0,3.6
2025-07-20 21:00:00,2025,7,20,21,An Giang,Xã Giồng Riềng,9.9237413,105.2736878,50,Good,0,25.8,94,3.3,17.7,261,1007.0,100,15.8,18.9,201.0,6.8,57.0,3.5
2025-07-20 22:00:00,2025,7,20,22,An Giang,Xã Giồng Riềng,9.9237413,105.2736878,50,Good,0,25.2,94,0.4,11.6,234,1007.4,100,14.5,17.5,201.0,6.5,57.0,3.3
2025-07-20 23:00:00,2025,7,20,23,An Giang,Xã Giồng Riềng,9.9237413,105.2736878,50,Good,0,25.3,95,0.4,13.6,236,1007.8,100,9.8,12.4,189.0,6.0,58.0,2.8
2025-07-21 00:00:00,2025,7,21,0,An Giang,Xã Giồng Riềng,9.9237413,105.2736878,48,Good,0,24.9,95,0.5,20.6,245,1007.8,100,9.2,11.4,171.0,5.3,59.0,2.2
2025-07-21 01:00:00,2025,7,21,1,An Giang,Xã Giồng Riềng,9.9237413,105.2736878,46,Good,0,25.4,93,0.8,17.5,246,1007.0,100,9.6,11.4,159.0,4.7,59.0,1.7
2025-07-21 02:00:00,2025,7,21,2,An Giang,Xã Giồng Riềng,9.9237413,105.2736878,45,Good,0,25.6,93,0.9,16.1,241,1006.7,100,9.7,11.4,157.0,4.3,57.0,1.5
2025-07-21 03:00:00,2025,7,21,3,An Giang,Xã Giồng Riềng,9.9237413,105.2736878,43,Good,0,25.6,92,0.7,13.3,240,1006.0,100,8.7,10.9,161.0,3.9,54.0,1.4
2025-07-21 04:00:00,2025,7,21,4,An Giang,Xã Giồng Riềng,9.9237413,105.2736878,42,Good,0,25.9,91,0.7,12.0,248,1005.9,100,8.1,11.5,168.0,3.8,51.0,1.4
2025-07-21 05:00:00,2025,7,21,5,An Giang,Xã Giồng Riềng,9.9237413,105.2736878,41,Good,0,25.8,91,0.8,10.8,244,1006.1,100,8.3,12.1,181.0,4.0,47.0,1.6
2025-07-21 06:00:00,2025,7,21,6,An Giang,Xã Giồng Riềng,9.9237413,105.2736878,41,Good,0,25.8,93,0.8,10.8,234,1006.1,100,9.0,12.8,197.0,4.4,42.0,2.0
2025-07-21 07:00:00,2025,7,21,7,An Giang,Xã Giồng Riềng,9.9237413,105.2736878,41,Good,0,26.1,91,0.5,12.6,260,1007.2,100,9.1,13.6,203.0,3.7,41.0,1.9
2025-07-21 08:00:00,2025,7,21,8,An Giang,Xã Giồng Riềng,9.9237413,105.2736878,41,Good,0,28.0,83,0.1,15.8,251,1007.2,100,9.8,14.5,192.0,3.4,42.0,2.0
2025-07-21 09:00:00,2025,7,21,9,An Giang,Xã Giồng Riềng,9.9237413,105.2736878,41,Good,0,29.3,76,0.7,19.8,262,1007.7,100,9.7,14.8,172.0,2.9,43.0,2.0
2025-07-21 10:00:00,2025,7,21,10,An Giang,Xã Giồng Riềng,9.9237413,105.2736878,41,Good,0,29.3,75,1.1,20.1,260,1007.8,100,9.6,15.7,154.0,2.4,45.0,2.0
2025-07-21 11:00:00,2025,7,21,11,An Giang,Xã Giồng Riềng,9.9237413,105.2736878,41,Good,0,30.3,70,0.0,23.4,256,1007.0,100,9.3,16.0,142.0,2.0,48.0,1.8
2025-07-21 12:00:00,2025,7,21,12,An Giang,Xã Giồng Riềng,9.9237413,105.2736878,42,Good,0,31.2,65,0.0,27.2,253,1006.3,100,9.4,16.4,132.0,1.6,51.0,1.6
2025-07-21 13:00:00,2025,7,21,13,An Giang,Xã Giồng Riềng,9.9237413,105.2736878,42,Good,0,31.5,61,0.1,28.9,254,1005.8,100,9.1,15.5,127.0,1.4,53.0,1.4
2025-07-21 14:00:00,2025,7,21,14,An Giang,Xã Giồng Riềng,9.9237413,105.2736878,42,Good,0,30.4,68,0.1,26.2,255,1005.3,100,10.0,16.8,130.0,1.5,53.0,1.4
2025-07-21 15:00:00,2025,7,21,15,An Giang,Xã Giồng Riềng,9.9237413,105.2736878,42,Good,0,29.8,69,0.3,25.9,256,1005.0,100,10.1,16.8,137.0,1.8,52.0,1.5
2025-07-21 16:00:00,2025,7,21,16,An Giang,Xã Giồng Riềng,9.9237413,105.2736878,42,Good,0,28.1,80,0.3,19.2,262,1004.8,100,9.8,15.3,144.0,2.3,51.0,1.7
2025-07-21 17:00:00,2025,7,21,17,An Giang,Xã Giồng Riềng,9.9237413,105.2736878,43,Good,0,28.4,82,0.0,14.1,259,1004.7,100,10.4,15.4,148.0,3.2,50.0,2.1
2025-07-21 18:00:00,2025,7,21,18,An Giang,Xã Giồng Riềng,9.9237413,105.2736878,43,Good,0,28.4,79,0.0,16.2,249,1005.3,100,11.5,16.5,151.0,4.4,48.0,2.5
2025-07-21 19:00:00,2025,7,21,19,An Giang,Xã Giồng Riềng,9.9237413,105.2736878,43,Good,0,28.0,77,0.0,15.7,257,1005.8,100,12.7,18.3,154.0,4.5,48.0,2.4
2025-07-21 20:00:00,2025,7,21,20,An Giang,Xã Giồng Riềng,9.9237413,105.2736878,43,Good,0,27.7,78,0.0,13.3,242,1006.9,100,12.5,17.3,156.0,4.3,49.0,2.4
2025-07-21 21:00:00,2025,7,21,21,An Giang,Xã Giồng Riềng,9.9237413,105.2736878,43,Good,0,27.5,80,0.0,12.2,241,1007.1,100,12.3,16.8,159.0,4.1,49.0,2.3
2025-07-21 22:00:00,2025,7,21,22,An Giang,Xã Giồng Riềng,9.9237413,105.2736878,42,Good,0,27.4,82,0.0,10.0,236,1007.6,100,12.2,16.5,162.0,4.0,50.0,2.2
2025-07-21 23:00:00,2025,7,21,23,An Giang,Xã Giồng Riềng,9.9237413,105.2736878,42,Good,0,27.0,83,0.0,9.2,225,1007.7,100,12.3,16.3,168.0,4.1,50.0,2.1
2025-07-22 00:00:00,2025,7,22,0,An Giang,Xã Giồng Riềng,9.9237413,105.2736878,42,Good,0,26.8,84,0.0,10.7,216,1007.0,100,12.2,15.9,174.0,4.4,50.0,2.0
2025-07-22 01:00:00,2025,7,22,1,An Giang,Xã Giồng Riềng,9.9237413,105.2736878,43,Good,0,26.8,86,0.0,11.6,219,1006.5,100,11.9,15.4,181.0,4.6,50.0,1.9
2025-07-22 02:00:00,2025,7,22,2,An Giang,Xã Giồng Riềng,9.9237413,105.2736878,43,Good,0,26.9,86,0.0,12.3,220,1005.7,100,11.4,14.6,187.0,4.6,52.0,1.9
2025-07-22 03:00:00,2025,7,22,3,An Giang,Xã Giồng Riềng,9.9237413,105.2736878,43,Good,0,26.8,87,0.0,12.9,217,1005.4,100,10.9,13.9,193.0,4.5,55.0,2.0
2025-07-22 04:00:00,2025,7,22,4,An Giang,Xã Giồng Riềng,9.9237413,105.2736878,44,Good,0,26.9,86,0.0,12.9,226,1005.4,100,10.6,13.4,200.0,4.4,57.0,2.1
2025-07-22 05:00:00,2025,7,22,5,An Giang,Xã Giồng Riềng,9.9237413,105.2736878,44,Good,0,26.9,86,0.1,14.8,223,1005.6,100,10.7,13.5,211.0,4.4,58.0,2.3
2025-07-22 06:00:00,2025,7,22,6,An Giang,Xã Giồng Riềng,9.9237413,105.2736878,45,Good,0,27.0,86,0.0,16.6,230,1005.7,100,11.3,14.0,222.0,4.5,59.0,2.6
2025-07-22 07:00:00,2025,7,22,7,An Giang,Xã Giồng Riềng,9.9237413,105.2736878,45,Good,0,28.0,83,0.0,18.6,232,1006.3,100,10.3,13.3,226.0,3.5,58.0,2.3
2025-07-22 08:00:00,2025,7,22,8,An Giang,Xã Giồng Riềng,9.9237413,105.2736878,45,Good,0,29.3,78,0.0,17.9,233,1006.9,100,10.7,14.0,217.0,2.8,58.0,2.1
2025-07-22 09:00:00,2025,7,22,9,An Giang,Xã Giồng Riềng,9.9237413,105.2736878,45,Good,0,30.2,71,0.3,22.5,238,1007.1,95,10.0,14.0,201.0,1.9,58.0,1.8
2025-07-22 10:00:00,2025,7,22,10,An Giang,Xã Giồng Riềng,9.9237413,105.2736878,45,Good,0,31.1,66,0.0,25.2,241,1007.1,98,9.6,13.9,186.0,1.2,58.0,1.6
2025-07-22 11:00:00,2025,7,22,11,An Giang,Xã Giồng Riềng,9.9237413,105.2736878,45,Good,0,31.8,62,0.0,27.7,253,1006.9,100,9.6,14.3,173.0,0.9,58.0,1.5
2025-07-22 12:00:00,2025,7,22,12,An Giang,Xã Giồng Riềng,9.9237413,105.2736878,45,Good,0,31.5,63,0.0,28.5,253,1006.0,78,9.7,14.7,161.0,0.9,59.0,1.3
2025-07-22 13:00:00,2025,7,22,13,An Giang,Xã Giồng Riềng,9.9237413,105.2736878,45,Good,0,31.5,64,0.0,29.0,253,1005.2,100,10.0,15.2,156.0,0.9,59.0,1.3
2025-07-22 14:00:00,2025,7,22,14,An Giang,Xã Giồng Riềng,9.9237413,105.2736878,46,Good,0,31.3,66,0.0,28.4,251,1004.4,100,10.2,15.4,163.0,0.9,59.0,1.3
2025-07-22 15:00:00,2025,7,22,15,An Giang,Xã Giồng Riềng,9.9237413,105.2736878,46,Good,0,31.1,65,0.0,26.6,252,1004.0,100,10.4,15.9,178.0,0.9,59.0,1.4
2025-07-22 16:00:00,2025,7,22,16,An Giang,Xã Giồng Riềng,9.9237413,105.2736878,46,Good,0,30.5,69,0.0,22.5,250,1003.7,100,10.2,15.3,194.0,1.3,59.0,1.5
2025-07-22 17:00:00,2025,7,22,17,An Giang,Xã Giồng Riềng,9.9237413,105.2736878,46,Good,0,29.7,73,0.0,19.0,247,1003.7,100,10.5,15.2,208.0,2.2,58.0,1.8
2025-07-22 18:00:00,2025,7,22,18,An Giang,Xã Giồng Riềng,9.9237413,105.2736878,46,Good,0,28.7,77,0.0,15.9,244,1003.8,100,11.3,15.6,223.0,3.3,56.0,2.2
2025-07-22 19:00:00,2025,7,22,19,An Giang,Xã Giồng Riềng,9.9237413,105.2736878,46,Good,0,28.2,79,0.0,15.5,237,1004.7,100,13.5,18.4,242.0,4.4,54.0,2.5
2025-07-22 20:00:00,2025,7,22,20,An Giang,Xã Giồng Riềng,9.9237413,105.2736878,46,Good,0,28.0,78,0.0,12.9,230,1005.2,99,13.6,18.4,273.0,4.5,53.0,2.6
2025-07-22 21:00:00,2025,7,22,21,An Giang,Xã Giồng Riềng,9.9237413,105.2736878,46,Good,0,27.6,81,0.0,12.2,224,1005.7,100,13.6,18.2,309.0,4.7,52.0,2.7
2025-07-22 22:00:00,2025,7,22,22,An Giang,Xã Giồng Riềng,9.9237413,105.2736878,46,Good,0,27.5,82,0.0,13.4,228,1006.3,99,13.9,18.2,332.0,4.8,51.0,2.7
2025-07-22 23:00:00,2025,7,22,23,An Giang,Xã Giồng Riềng,9.9237413,105.2736878,47,Good,0,27.4,81,0.0,12.6,226,1006.4,97,13.9,18.0,330.0,4.7,51.0,2.4
2025-07-23 00:00:00,2025,7,23,0,An Giang,Xã Giồng Riềng,9.9237413,105.2736878,47,Good,0,27.2,81,0.0,13.2,223,1006.2,98,13.4,17.2,315.0,4.6,51.0,2.1
2025-07-23 01:00:00,2025,7,23,1,An Giang,Xã Giồng Riềng,9.9237413,105.2736878,47,Good,0,27.1,82,0.0,12.5,223,1005.7,96,11.6,15.0,303.0,4.6,51.0,1.8
2025-07-23 02:00:00,2025,7,23,2,An Giang,Xã Giồng Riềng,9.9237413,105.2736878,47,Good,0,26.7,85,0.0,11.4,213,1005.1,97,11.3,14.8,302.0,5.0,50.0,1.8
2025-07-23 03:00:00,2025,7,23,3,An Giang,Xã Giồng Riềng,9.9237413,105.2736878,47,Good,0,26.4,88,0.0,11.6,202,1004.8,100,11.8,15.3,304.0,5.6,49.0,1.9
2025-07-23 04:00:00,2025,7,23,4,An Giang,Xã Giồng Riềng,9.9237413,105.2736878,47,Good,0,25.6,95,0.0,3.8,270,1005.1,100,13.4,16.7,303.0,5.9,48.0,2.1
2025-07-23 05:00:00,2025,7,23,5,An Giang,Xã Giồng Riềng,9.9237413,105.2736878,48,Good,0,26.0,93,0.1,8.4,259,1005.1,100,14.1,17.6,298.0,5.9,48.0,2.4
2025-07-23 06:00:00,2025,7,23,6,An Giang,Xã Giồng Riềng,9.9237413,105.2736878,48,Good,0,26.5,90,0.1,8.7,230,1005.2,100,14.8,18.5,290.0,5.7,48.0,2.7
2025-07-23 07:00:00,2025,7,23,7,An Giang,Xã Giồng Riềng,9.9237413,105.2736878,49,Good,0,27.5,86,0.1,11.1,233,1005.6,100,13.7,17.3,272.0,4.8,54.0,2.8
2025-07-23 08:00:00,2025,7,23,8,An Giang,Xã Giồng Riềng,9.9237413,105.2736878,49,Good,0,28.5,84,0.0,10.1,221,1006.3,79,13.3,17.9,234.0,3.8,54.0,2.5
2025-07-23 09:00:00,2025,7,23,9,An Giang,Xã Giồng Riềng,9.9237413,105.2736878,50,Good,0,30.0,79,0.0,12.1,249,1006.3,47,12.2,18.0,186.0,2.4,55.0,2.0
2025-07-23 10:00:00,2025,7,23,10,An Giang,Xã Giồng Riềng,9.9237413,105.2736878,50,Good,0,30.8,71,0.1,20.6,240,1006.2,55,11.0,17.1,148.0,1.3,55.0,1.7
2025-07-23 11:00:00,2025,7,23,11,An Giang,Xã Giồng Riềng,9.9237413,105.2736878,50,Good,0,31.4,66,0.0,22.3,250,1006.0,80,10.3,16.6,129.0,0.9,56.0,1.6
2025-07-23 12:00:00,2025,7,23,12,An Giang,Xã Giồng Riềng,9.9237413,105.2736878,50,Good,0,31.9,63,0.0,23.2,247,1005.2,72,10.1,16.1,119.0,0.8,57.0,1.6
2025-07-23 13:00:00,2025,7,23,13,An Giang,Xã Giồng Riềng,9.9237413,105.2736878,50,Good,0,32.0,60,0.0,23.6,250,1004.3,74,9.9,15.7,114.0,0.9,57.0,1.6
2025-07-23 14:00:00,2025,7,23,14,An Giang,Xã Giồng Riềng,9.9237413,105.2736878,50,Good,0,31.9,63,0.2,22.9,251,1003.7,84,9.8,15.5,112.0,0.9,57.0,1.5
2025-07-23 15:00:00,2025,7,23,15,An Giang,Xã Giồng Riềng,9.9237413,105.2736878,50,Good,0,31.5,63,0.3,22.9,254,1003.0,97,9.6,15.1,114.0,1.1,55.0,1.4
2025-07-23 16:00:00,2025,7,23,16,An Giang,Xã Giồng Riềng,9.9237413,105.2736878,50,Good,0,30.6,68,0.0,20.0,251,1002.8,100,9.6,14.6,119.0,1.5,54.0,1.5
2025-07-23 17:00:00,2025,7,23,17,An Giang,Xã Giồng Riềng,9.9237413,105.2736878,50,Good,0,29.9,74,0.0,16.5,252,1003.0,97,10.2,14.8,126.0,2.4,52.0,1.8
2025-07-23 18:00:00,2025,7,23,18,An Giang,Xã Giồng Riềng,9.9237413,105.2736878,50,Good,0,29.0,78,0.0,14.5,253,1003.8,99,11.5,15.5,135.0,3.6,49.0,2.2
2025-07-23 19:00:00,2025,7,23,19,An Giang,Xã Giồng Riềng,9.9237413,105.2736878,50,Good,0,28.5,79,0.0,13.3,245,1004.6,97,13.2,17.5,144.0,5.2,46.0,2.8
2025-07-23 20:00:00,2025,7,23,20,An Giang,Xã Giồng Riềng,9.9237413,105.2736878,50,Good,0,28.2,78,0.0,13.9,236,1005.2,99,15.0,19.2,154.0,6.4,43.0,3.3
2025-07-23 21:00:00,2025,7,23,21,An Giang,Xã Giồng Riềng,9.9237413,105.2736878,50,Good,0,28.0,80,0.0,12.7,234,1006.2,98,17.5,21.5,164.0,8.0,39.0,4.0
2025-07-23 22:00:00,2025,7,23,22,An Giang,Xã Giồng Riềng,9.9237413,105.2736878,51,Moderate,1,27.5,82,0.0,11.7,233,1007.0,99,19.9,23.8,170.0,9.4,35.0,4.4
2025-07-23 23:00:00,2025,7,23,23,An Giang,Xã Giồng Riềng,9.9237413,105.2736878,51,Moderate,1,27.4,84,0.0,11.1,231,1007.0,100,21.5,25.4,171.0,10.2,33.0,4.2
2025-07-24 00:00:00,2025,7,24,0,An Giang,Xã Giồng Riềng,9.9237413,105.2736878,52,Moderate,1,27.1,86,0.0,8.5,232,1007.0,100,22.0,26.0,168.0,10.8,31.0,3.8
2025-07-24 01:00:00,2025,7,24,1,An Giang,Xã Giồng Riềng,9.9237413,105.2736878,53,Moderate,1,26.9,88,0.0,7.5,233,1006.6,100,22.1,26.0,163.0,10.9,30.0,3.4
2025-07-24 02:00:00,2025,7,24,2,An Giang,Xã Giồng Riềng,9.9237413,105.2736878,54,Moderate,1,26.6,89,0.0,9.3,230,1005.8,100,21.6,25.5,152.0,10.5,31.0,3.1
2025-07-24 03:00:00,2025,7,24,3,An Giang,Xã Giồng Riềng,9.9237413,105.2736878,54,Moderate,1,26.4,91,0.0,10.1,241,1005.3,99,20.2,24.1,138.0,9.7,33.0,2.9
2025-07-24 04:00:00,2025,7,24,4,An Giang,Xã Giồng Riềng,9.9237413,105.2736878,55,Moderate,1,26.5,92,0.0,9.6,236,1005.5,100,19.0,22.9,131.0,8.7,35.0,2.8
2025-07-24 05:00:00,2025,7,24,5,An Giang,Xã Giồng Riềng,9.9237413,105.2736878,56,Moderate,1,27.0,90,0.0,10.1,237,1005.7,100,18.0,21.8,138.0,7.5,37.0,2.8
2025-07-24 06:00:00,2025,7,24,6,An Giang,Xã Giồng Riềng,9.9237413,105.2736878,56,Moderate,1,27.2,90,0.0,9.4,239,1006.1,100,16.5,20.0,152.0,6.2,39.0,2.9
2025-07-24 07:00:00,2025,7,24,7,An Giang,Xã Giồng Riềng,9.9237413,105.2736878,56,Moderate,1,28.2,86,0.0,12.7,238,1006.6,100,17.3,20.4,159.0,7.1,36.0,3.4
2025-07-24 08:00:00,2025,7,24,8,An Giang,Xã Giồng Riềng,9.9237413,105.2736878,56,Moderate,1,29.5,78,0.0,10.5,248,1007.8,100,13.2,17.5,151.0,5.4,44.0,3.0
2025-07-24 09:00:00,2025,7,24,9,An Giang,Xã Giồng Riềng,9.9237413,105.2736878,56,Moderate,1,30.1,72,0.1,15.4,259,1008.0,100,13.3,20.5,136.0,3.1,54.0,2.5
2025-07-24 10:00:00,2025,7,24,10,An Giang,Xã Giồng Riềng,9.9237413,105.2736878,57,Moderate,1,30.8,67,0.0,19.3,268,1007.9,82,14.7,25.2,124.0,1.4,62.0,2.0
2025-07-24 11:00:00,2025,7,24,11,An Giang,Xã Giồng Riềng,9.9237413,105.2736878,57,Moderate,1,31.5,63,0.0,19.7,265,1007.4,64,15.4,27.6,119.0,0.8,64.0,1.7
2025-07-24 12:00:00,2025,7,24,12,An Giang,Xã Giồng Riềng,9.9237413,105.2736878,57,Moderate,1,31.5,64,0.0,20.8,265,1006.7,55,15.7,28.6,117.0,0.9,64.0,1.6
2025-07-24 13:00:00,2025,7,24,13,An Giang,Xã Giồng Riềng,9.9237413,105.2736878,58,Moderate,1,31.5,65,0.0,20.8,265,1005.8,93,15.5,28.8,116.0,1.0,63.0,1.5
2025-07-24 14:00:00,2025,7,24,14,An Giang,Xã Giồng Riềng,9.9237413,105.2736878,58,Moderate,1,31.4,66,0.0,21.1,266,1005.1,17,15.2,28.3,114.0,1.0,62.0,1.4
2025-07-24 15:00:00,2025,7,24,15,An Giang,Xã Giồng Riềng,9.9237413,105.2736878,59,Moderate,1,30.9,67,0.0,22.0,266,1004.6,71,14.6,27.4,113.0,1.0,61.0,1.5
2025-07-24 16:00:00,2025,7,24,16,An Giang,Xã Giồng Riềng,9.9237413,105.2736878,59,Moderate,1,30.4,69,0.0,20.6,260,1004.4,66,14.2,26.0,116.0,1.4,59.0,1.6
2025-07-24 17:00:00,2025,7,24,17,An Giang,Xã Giồng Riềng,9.9237413,105.2736878,60,Moderate,1,29.5,74,0.0,18.8,261,1004.7,42,13.8,24.3,124.0,2.4,56.0,1.9
2025-07-24 18:00:00,2025,7,24,18,An Giang,Xã Giồng Riềng,9.9237413,105.2736878,60,Moderate,1,28.5,78,0.0,15.1,255,1005.0,99,14.3,22.9,136.0,3.7,53.0,2.4
2025-07-24 19:00:00,2025,7,24,19,An Giang,Xã Giồng Riềng,9.9237413,105.2736878,60,Moderate,1,27.8,80,0.0,12.8,248,1005.9,100,18.1,28.0,147.0,6.2,48.0,3.4
2025-07-24 20:00:00,2025,7,24,20,An Giang,Xã Giồng Riềng,9.9237413,105.2736878,61,Moderate,1,27.7,81,0.0,10.5,243,1006.8,91,17.7,26.3,160.0,6.4,47.0,3.5
2025-07-24 21:00:00,2025,7,24,21,An Giang,Xã Giồng Riềng,9.9237413,105.2736878,61,Moderate,1,27.4,83,0.0,10.4,242,1007.6,100,17.7,25.6,172.0,6.6,46.0,3.7
2025-07-24 22:00:00,2025,7,24,22,An Giang,Xã Giồng Riềng,9.9237413,105.2736878,61,Moderate,1,27.0,85,0.0,10.0,242,1008.1,100,18.0,25.4,178.0,6.8,45.0,3.7
2025-07-24 23:00:00,2025,7,24,23,An Giang,Xã Giồng Riềng,9.9237413,105.2736878,61,Moderate,1,26.7,87,0.0,8.6,248,1007.9,100,18.2,25.1,173.0,6.8,44.0,3.4
2025-07-25 00:00:00,2025,7,25,0,An Giang,Xã Giồng Riềng,9.9237413,105.2736878,60,Moderate,1,26.5,89,0.0,8.8,251,1007.7,100,17.5,24.3,161.0,6.8,44.0,3.0
2025-07-25 01:00:00,2025,7,25,1,An Giang,Xã Giồng Riềng,9.9237413,105.2736878,60,Moderate,1,26.3,91,0.0,9.4,246,1007.0,100,16.8,23.6,150.0,6.8,43.0,2.7
2025-07-25 02:00:00,2025,7,25,2,An Giang,Xã Giồng Riềng,9.9237413,105.2736878,60,Moderate,1,26.2,91,0.0,9.0,255,1006.3,98,16.4,23.2,139.0,6.9,42.0,2.6
2025-07-25 03:00:00,2025,7,25,3,An Giang,Xã Giồng Riềng,9.9237413,105.2736878,59,Moderate,1,26.0,93,0.0,8.8,251,1005.7,73,16.5,23.3,129.0,7.1,41.0,2.6
2025-07-25 04:00:00,2025,7,25,4,An Giang,Xã Giồng Riềng,9.9237413,105.2736878,59,Moderate,1,26.0,93,0.0,8.2,255,1005.7,100,17.0,23.7,126.0,7.1,40.0,2.7
2025-07-25 05:00:00,2025,7,25,5,An Giang,Xã Giồng Riềng,9.9237413,105.2736878,59,Moderate,1,26.0,93,0.0,7.1,243,1006.2,100,17.8,24.3,139.0,7.1,38.0,3.0
2025-07-25 06:00:00,2025,7,25,6,An Giang,Xã Giồng Riềng,9.9237413,105.2736878,59,Moderate,1,25.8,94,0.0,6.9,239,1006.4,71,18.5,24.9,159.0,7.0,35.0,3.4
2025-07-25 07:00:00,2025,7,25,7,An Giang,Xã Giồng Riềng,9.9237413,105.2736878,59,Moderate,1,27.5,89,0.0,8.4,230,1006.9,28,16.2,21.4,169.0,5.9,38.0,3.3
2025-07-25 08:00:00,2025,7,25,8,An Giang,Xã Giồng Riềng,9.9237413,105.2736878,59,Moderate,1,29.7,78,0.0,13.2,273,1007.3,44,13.6,21.2,159.0,4.6,45.0,3.0
2025-07-25 09:00:00,2025,7,25,9,An Giang,Xã Giồng Riềng,9.9237413,105.2736878,59,Moderate,1,30.4,74,0.0,17.0,274,1007.5,83,12.4,21.0,139.0,2.8,55.0,2.6
2025-07-25 10:00:00,2025,7,25,10,An Giang,Xã Giồng Riềng,9.9237413,105.2736878,59,Moderate,1,30.9,71,0.1,19.5,275,1007.5,99,12.6,21.9,123.0,1.4,63.0,2.2
2025-07-25 11:00:00,2025,7,25,11,An Giang,Xã Giồng Riềng,9.9237413,105.2736878,58,Moderate,1,31.2,70,0.1,20.2,269,1007.6,69,12.8,23.3,118.0,1.0,66.0,2.0
2025-07-25 12:00:00,2025,7,25,12,An Giang,Xã Giồng Riềng,9.9237413,105.2736878,58,Moderate,1,31.6,67,0.0,20.4,266,1007.3,56,12.9,23.6,116.0,1.0,66.0,1.9
2025-07-25 13:00:00,2025,7,25,13,An Giang,Xã Giồng Riềng,9.9237413,105.2736878,58,Moderate,1,31.6,67,0.0,22.4,264,1006.7,56,12.9,23.6,116.0,1.1,66.0,1.8
2025-07-25 14:00:00,2025,7,25,14,An Giang,Xã Giồng Riềng,9.9237413,105.2736878,58,Moderate,1,31.4,66,0.0,23.2,261,1006.2,42,12.7,23.3,115.0,1.0,65.0,1.7
2025-07-25 15:00:00,2025,7,25,15,An Giang,Xã Giồng Riềng,9.9237413,105.2736878,58,Moderate,1,31.0,67,0.0,22.9,259,1005.5,24,12.6,22.9,114.0,1.0,63.0,1.7
2025-07-25 16:00:00,2025,7,25,16,An Giang,Xã Giồng Riềng,9.9237413,105.2736878,57,Moderate,1,30.5,70,0.0,21.7,258,1005.2,57,12.5,22.4,116.0,1.4,61.0,1.8
2025-07-25 17:00:00,2025,7,25,17,An Giang,Xã Giồng Riềng,9.9237413,105.2736878,57,Moderate,1,29.8,73,0.0,18.3,257,1005.0,27,12.6,21.9,123.0,2.6,58.0,2.2
2025-07-25 18:00:00,2025,7,25,18,An Giang,Xã Giồng Riềng,9.9237413,105.2736878,57,Moderate,1,28.9,77,0.0,15.9,258,1005.6,64,13.9,21.6,132.0,4.3,54.0,2.7
2025-07-25 19:00:00,2025,7,25,19,An Giang,Xã Giồng Riềng,9.9237413,105.2736878,57,Moderate,1,28.2,79,0.0,13.7,254,1006.0,100,14.6,22.8,140.0,5.3,47.0,3.1
2025-07-25 20:00:00,2025,7,25,20,An Giang,Xã Giồng Riềng,9.9237413,105.2736878,57,Moderate,1,28.3,78,0.0,13.0,246,1007.0,94,14.3,22.0,146.0,5.3,46.0,3.1
2025-07-25 21:00:00,2025,7,25,21,An Giang,Xã Giồng Riềng,9.9237413,105.2736878,56,Moderate,1,27.8,81,0.0,11.0,247,1007.6,99,14.5,21.7,151.0,5.4,46.0,3.2
2025-07-25 22:00:00,2025,7,25,22,An Giang,Xã Giồng Riềng,9.9237413,105.2736878,56,Moderate,1,27.4,83,0.0,10.4,244,1007.8,100,14.1,21.0,152.0,5.4,45.0,3.1
2025-07-25 23:00:00,2025,7,25,23,An Giang,Xã Giồng Riềng,9.9237413,105.2736878,56,Moderate,1,27.3,85,0.0,10.1,239,1008.2,100,13.6,20.1,148.0,5.3,45.0,2.8
2025-07-26 00:00:00,2025,7,26,0,An Giang,Xã Giồng Riềng,9.9237413,105.2736878,55,Moderate,1,27.2,86,0.0,10.0,242,1007.9,100,13.1,19.4,141.0,5.3,45.0,2.5
2025-07-26 01:00:00,2025,7,26,1,An Giang,Xã Giồng Riềng,9.9237413,105.2736878,55,Moderate,1,27.7,84,0.0,11.3,250,1007.2,100,13.0,19.0,134.0,5.3,44.0,2.2
2025-07-26 02:00:00,2025,7,26,2,An Giang,Xã Giồng Riềng,9.9237413,105.2736878,55,Moderate,1,27.6,85,0.0,11.6,252,1006.5,100,13.2,19.0,128.0,5.6,43.0,2.2
2025-07-26 03:00:00,2025,7,26,3,An Giang,Xã Giồng Riềng,9.9237413,105.2736878,54,Moderate,1,27.5,85,0.0,12.0,248,1006.1,100,13.6,19.3,123.0,6.1,41.0,2.3
2025-07-26 04:00:00,2025,7,26,4,An Giang,Xã Giồng Riềng,9.9237413,105.2736878,54,Moderate,1,27.5,85,0.0,12.3,243,1005.9,100,13.6,19.1,121.0,6.3,40.0,2.4
2025-07-26 05:00:00,2025,7,26,5,An Giang,Xã Giồng Riềng,9.9237413,105.2736878,54,Moderate,1,27.1,86,0.0,10.5,246,1006.6,100,13.2,18.6,127.0,6.3,39.0,2.6
2025-07-26 06:00:00,2025,7,26,6,An Giang,Xã Giồng Riềng,9.9237413,105.2736878,53,Moderate,1,27.4,85,0.0,10.1,248,1007.2,100,13.2,18.5,137.0,6.0,38.0,2.9
2025-07-26 07:00:00,2025,7,26,7,An Giang,Xã Giồng Riềng,9.9237413,105.2736878,53,Moderate,1,28.0,84,0.0,12.0,248,1007.7,99,16.4,21.5,142.0,6.5,34.0,3.4
2025-07-26 08:00:00,2025,7,26,8,An Giang,Xã Giồng Riềng,9.9237413,105.2736878,53,Moderate,1,30.0,80,0.1,14.5,250,1007.9,86,13.5,20.4,137.0,5.0,41.0,3.0
2025-07-26 09:00:00,2025,7,26,9,An Giang,Xã Giồng Riềng,9.9237413,105.2736878,53,Moderate,1,30.2,76,0.2,21.9,263,1008.2,74,11.8,19.1,126.0,2.9,51.0,2.4
2025-07-26 10:00:00,2025,7,26,10,An Giang,Xã Giồng Riềng,9.9237413,105.2736878,53,Moderate,1,31.0,71,0.1,22.4,262,1008.2,60,11.4,18.9,119.0,1.4,59.0,2.0
2025-07-26 11:00:00,2025,7,26,11,An Giang,Xã Giồng Riềng,9.9237413,105.2736878,53,Moderate,1,31.1,73,0.0,20.7,262,1008.3,95,11.4,19.4,118.0,0.9,64.0,1.8
2025-07-26 12:00:00,2025,7,26,12,An Giang,Xã Giồng Riềng,9.9237413,105.2736878,53,Moderate,1,31.0,71,0.3,20.9,263,1007.6,100,11.3,19.3,119.0,0.9,66.0,1.6
2025-07-26 13:00:00,2025,7,26,13,An Giang,Xã Giồng Riềng,9.9237413,105.2736878,53,Moderate,1,31.0,71,0.1,22.0,257,1007.2,100,11.4,20.2,121.0,1.0,68.0,1.6
2025-07-26 14:00:00,2025,7,26,14,An Giang,Xã Giồng Riềng,9.9237413,105.2736878,52,Moderate,1,30.3,71,0.0,21.7,256,1006.8,100,11.7,21.0,121.0,1.0,69.0,1.6
2025-07-26 15:00:00,2025,7,26,15,An Giang,Xã Giồng Riềng,9.9237413,105.2736878,52,Moderate,1,29.9,75,0.0,19.7,250,1006.1,100,12.0,21.7,121.0,1.1,68.0,1.7
2025-07-26 16:00:00,2025,7,26,16,An Giang,Xã Giồng Riềng,9.9237413,105.2736878,52,Moderate,1,30.0,75,0.0,18.5,248,1005.8,100,12.4,21.9,124.0,1.6,66.0,1.9
2025-07-26 17:00:00,2025,7,26,17,An Giang,Xã Giồng Riềng,9.9237413,105.2736878,52,Moderate,1,29.5,77,0.0,15.9,244,1005.9,100,13.0,22.2,131.0,2.9,62.0,2.3
2025-07-26 18:00:00,2025,7,26,18,An Giang,Xã Giồng Riềng,9.9237413,105.2736878,52,Moderate,1,28.8,79,0.0,13.7,236,1006.5,100,14.2,22.9,140.0,4.6,56.0,2.8
2025-07-26 19:00:00,2025,7,26,19,An Giang,Xã Giồng Riềng,9.9237413,105.2736878,52,Moderate,1,28.2,81,0.0,12.6,239,1007.0,100,15.7,25.3,147.0,6.7,50.0,3.6
2025-07-26 20:00:00,2025,7,26,20,An Giang,Xã Giồng Riềng,9.9237413,105.2736878,52,Moderate,1,28.1,81,0.0,10.8,244,1007.4,100,15.6,24.3,150.0,6.9,49.0,3.7
2025-07-26 21:00:00,2025,7,26,21,An Giang,Xã Giồng Riềng,9.9237413,105.2736878,53,Moderate,1,28.0,81,0.0,9.9,241,1008.4,100,16.4,25.1,152.0,7.2,47.0,3.9
2025-07-26 22:00:00,2025,7,26,22,An Giang,Xã Giồng Riềng,9.9237413,105.2736878,53,Moderate,1,27.8,83,0.0,9.9,226,1009.0,100,17.3,25.8,150.0,7.3,45.0,3.9
2025-07-26 23:00:00,2025,7,26,23,An Giang,Xã Giồng Riềng,9.9237413,105.2736878,53,Moderate,1,27.4,85,0.0,10.9,220,1009.0,100,17.6,26.3,144.0,7.0,44.0,3.5
2025-07-27 00:00:00,2025,7,27,0,An Giang,Xã Giồng Riềng,9.9237413,105.2736878,53,Moderate,1,27.1,86,0.0,11.5,220,1008.5,100,16.8,25.6,135.0,6.6,43.0,2.9
2025-07-27 01:00:00,2025,7,27,1,An Giang,Xã Giồng Riềng,9.9237413,105.2736878,54,Moderate,1,26.9,87,0.0,11.5,222,1007.7,100,15.7,24.7,128.0,6.2,43.0,2.5
2025-07-27 02:00:00,2025,7,27,2,An Giang,Xã Giồng Riềng,9.9237413,105.2736878,54,Moderate,1,26.6,89,0.0,11.0,222,1007.1,100,14.8,24.0,122.0,5.9,43.0,2.3
2025-07-27 03:00:00,2025,7,27,3,An Giang,Xã Giồng Riềng,9.9237413,105.2736878,54,Moderate,1,26.6,87,0.0,10.8,234,1006.9,91,14.4,23.6,117.0,5.7,42.0,2.2
2025-07-27 04:00:00,2025,7,27,4,An Giang,Xã Giồng Riềng,9.9237413,105.2736878,54,Moderate,1,26.6,85,0.0,11.2,230,1006.8,100,14.6,23.7,117.0,5.6,42.0,2.2
2025-07-27 05:00:00,2025,7,27,5,An Giang,Xã Giồng Riềng,9.9237413,105.2736878,54,Moderate,1,26.6,86,0.0,11.0,212,1007.0,100,15.0,24.1,126.0,5.7,40.0,2.5
2025-07-27 06:00:00,2025,7,27,6,An Giang,Xã Giồng Riềng,9.9237413,105.2736878,54,Moderate,1,26.7,89,0.0,10.5,221,1007.5,95,15.3,24.6,141.0,6.0,38.0,2.8
2025-07-27 07:00:00,2025,7,27,7,An Giang,Xã Giồng Riềng,9.9237413,105.2736878,55,Moderate,1,27.8,85,0.0,12.3,224,1007.9,95,17.9,26.2,149.0,7.1,37.0,3.5
2025-07-27 08:00:00,2025,7,27,8,An Giang,Xã Giồng Riềng,9.9237413,105.2736878,55,Moderate,1,29.0,79,0.1,12.6,223,1008.2,100,13.4,25.2,146.0,5.5,45.0,3.1
2025-07-27 09:00:00,2025,7,27,9,An Giang,Xã Giồng Riềng,9.9237413,105.2736878,55,Moderate,1,29.7,74,0.1,17.5,236,1008.4,100,12.9,24.9,137.0,3.2,55.0,2.5
2025-07-27 10:00:00,2025,7,27,10,An Giang,Xã Giồng Riềng,9.9237413,105.2736878,55,Moderate,1,29.7,74,0.4,17.1,244,1008.9,100,12.5,25.1,128.0,1.6,63.0,2.0
2025-07-27 11:00:00,2025,7,27,11,An Giang,Xã Giồng Riềng,9.9237413,105.2736878,55,Moderate,1,29.9,75,0.3,21.1,243,1008.4,100,11.7,22.6,122.0,1.1,65.0,1.8
2025-07-27 12:00:00,2025,7,27,12,An Giang,Xã Giồng Riềng,9.9237413,105.2736878,55,Moderate,1,29.4,77,1.3,24.3,247,1008.0,100,11.5,22.1,116.0,1.3,63.0,1.7
2025-07-27 13:00:00,2025,7,27,13,An Giang,Xã Giồng Riềng,9.9237413,105.2736878,55,Moderate,1,29.0,77,0.6,25.9,248,1007.2,100,10.8,21.4,113.0,1.6,61.0,1.7
2025-07-27 14:00:00,2025,7,27,14,An Giang,Xã Giồng Riềng,9.9237413,105.2736878,55,Moderate,1,28.4,82,0.4,22.6,259,1006.9,100,10.5,18.6,113.0,1.9,58.0,1.7
2025-07-27 15:00:00,2025,7,27,15,An Giang,Xã Giồng Riềng,9.9237413,105.2736878,55,Moderate,1,27.7,81,0.4,18.3,253,1006.4,100,10.6,19.0,115.0,2.4,55.0,1.9
2025-07-27 16:00:00,2025,7,27,16,An Giang,Xã Giồng Riềng,9.9237413,105.2736878,55,Moderate,1,26.4,84,1.4,19.7,254,1006.4,100,10.1,17.8,120.0,2.9,52.0,2.0
2025-07-27 17:00:00,2025,7,27,17,An Giang,Xã Giồng Riềng,9.9237413,105.2736878,54,Moderate,1,25.5,92,1.6,17.5,249,1006.6,100,10.6,17.6,130.0,3.5,50.0,2.1
2025-07-27 18:00:00,2025,7,27,18,An Giang,Xã Giồng Riềng,9.9237413,105.2736878,54,Moderate,1,25.2,93,0.3,13.4,233,1006.7,100,10.7,17.9,144.0,4.2,49.0,2.3
2025-07-27 19:00:00,2025,7,27,19,An Giang,Xã Giồng Riềng,9.9237413,105.2736878,54,Moderate,1,25.3,95,0.2,10.9,232,1006.9,100,14.1,23.9,152.0,5.9,44.0,3.0
2025-07-27 20:00:00,2025,7,27,20,An Giang,Xã Giồng Riềng,9.9237413,105.2736878,54,Moderate,1,25.6,94,0.1,8.9,251,1007.7,100,15.3,24.8,151.0,6.3,43.0,3.2
2025-07-27 21:00:00,2025,7,27,21,An Giang,Xã Giồng Riềng,9.9237413,105.2736878,54,Moderate,1,25.5,95,0.1,7.1,227,1007.9,100,16.0,25.2,145.0,6.9,41.0,3.5
2025-07-27 22:00:00,2025,7,27,22,An Giang,Xã Giồng Riềng,9.9237413,105.2736878,54,Moderate,1,25.2,95,0.0,7.1,225,1008.3,100,16.7,25.8,140.0,7.1,40.0,3.6
2025-07-27 23:00:00,2025,7,27,23,An Giang,Xã Giồng Riềng,9.9237413,105.2736878,54,Moderate,1,25.5,94,0.0,7.6,218,1008.4,100,15.8,24.6,137.0,6.6,41.0,3.2
2025-07-28 00:00:00,2025,7,28,0,An Giang,Xã Giồng Riềng,9.9237413,105.2736878,54,Moderate,1,25.4,96,0.0,6.0,221,1008.0,96,13.6,21.7,134.0,5.7,44.0,2.5
2025-07-28 01:00:00,2025,7,28,1,An Giang,Xã Giồng Riềng,9.9237413,105.2736878,53,Moderate,1,25.5,96,0.0,5.9,207,1007.3,97,12.6,19.6,130.0,5.0,46.0,2.0
2025-07-28 02:00:00,2025,7,28,2,An Giang,Xã Giồng Riềng,9.9237413,105.2736878,53,Moderate,1,25.5,96,0.0,7.6,214,1006.9,58,12.5,18.8,122.0,4.9,47.0,1.8
2025-07-28 03:00:00,2025,7,28,3,An Giang,Xã Giồng Riềng,9.9237413,105.2736878,53,Moderate,1,25.0,94,0.7,6.8,248,1006.8,100,12.9,18.7,113.0,5.1,48.0,1.8
2025-07-28 04:00:00,2025,7,28,4,An Giang,Xã Giồng Riềng,9.9237413,105.2736878,53,Moderate,1,25.0,95,0.0,5.1,216,1006.8,99,12.1,17.9,109.0,5.2,48.0,1.9
2025-07-28 05:00:00,2025,7,28,5,An Giang,Xã Giồng Riềng,9.9237413,105.2736878,52,Moderate,1,25.0,94,2.1,13.1,222,1007.0,100,11.0,17.2,115.0,5.3,47.0,2.2
2025-07-28 06:00:00,2025,7,28,6,An Giang,Xã Giồng Riềng,9.9237413,105.2736878,52,Moderate,1,23.6,99,13.7,12.0,212,1008.1,100,11.4,17.3,125.0,5.3,45.0,2.5
2025-07-28 07:00:00,2025,7,28,7,An Giang,Xã Giồng Riềng,9.9237413,105.2736878,52,Moderate,1,24.5,96,1.1,12.8,208,1008.0,98,14.1,21.7,133.0,5.0,47.0,2.4
2025-07-28 08:00:00,2025,7,28,8,An Giang,Xã Giồng Riềng,9.9237413,105.2736878,51,Moderate,1,26.1,90,0.5,11.1,228,1008.8,100,14.5,21.5,134.0,4.2,50.0,2.5
2025-07-28 09:00:00,2025,7,28,9,An Giang,Xã Giồng Riềng,9.9237413,105.2736878,51,Moderate,1,26.0,92,0.7,11.7,233,1009.1,100,14.2,21.7,131.0,3.1,53.0,2.6
2025-07-28 10:00:00,2025,7,28,10,An Giang,Xã Giồng Riềng,9.9237413,105.2736878,52,Moderate,1,27.3,88,0.7,12.7,243,1009.4,100,12.9,19.3,128.0,2.2,56.0,2.5
2025-07-28 11:00:00,2025,7,28,11,An Giang,Xã Giồng Riềng,9.9237413,105.2736878,52,Moderate,1,26.6,95,0.7,13.3,251,1009.0,100,11.7,18.1,123.0,1.6,57.0,2.1
2025-07-28 12:00:00,2025,7,28,12,An Giang,Xã Giồng Riềng,9.9237413,105.2736878,52,Moderate,1,26.9,90,1.0,16.8,237,1007.8,100,9.6,15.9,117.0,1.3,56.0,1.4
2025-07-28 13:00:00,2025,7,28,13,An Giang,Xã Giồng Riềng,9.9237413,105.2736878,51,Moderate,1,28.2,83,0.7,19.9,239,1006.6,100,7.3,13.2,113.0,1.1,56.0,1.1
2025-07-28 14:00:00,2025,7,28,14,An Giang,Xã Giồng Riềng,9.9237413,105.2736878,51,Moderate,1,28.9,79,0.4,19.1,241,1005.9,100,7.2,11.9,110.0,1.1,57.0,1.3
2025-07-28 15:00:00,2025,7,28,15,An Giang,Xã Giồng Riềng,9.9237413,105.2736878,51,Moderate,1,29.0,78,0.0,18.8,244,1005.6,100,8.0,12.5,109.0,1.4,58.0,1.7
2025-07-28 16:00:00,2025,7,28,16,An Giang,Xã Giồng Riềng,9.9237413,105.2736878,51,Moderate,1,29.1,76,0.0,20.1,236,1005.1,100,8.1,12.8,111.0,2.0,57.0,2.1
2025-07-28 17:00:00,2025,7,28,17,An Giang,Xã Giồng Riềng,9.9237413,105.2736878,50,Good,0,28.2,83,0.2,14.0,239,1005.2,100,8.1,12.4,120.0,3.2,54.0,2.4
2025-07-28 18:00:00,2025,7,28,18,An Giang,Xã Giồng Riềng,9.9237413,105.2736878,50,Good,0,27.7,84,0.1,12.9,251,1005.4,100,9.5,13.2,132.0,4.6,50.0,2.7
2025-07-28 19:00:00,2025,7,28,19,An Giang,Xã Giồng Riềng,9.9237413,105.2736878,50,Good,0,27.4,85,0.1,10.8,255,1005.8,100,11.5,15.2,142.0,6.4,43.0,3.2
2025-07-28 20:00:00,2025,7,28,20,An Giang,Xã Giồng Riềng,9.9237413,105.2736878,50,Good,0,27.1,85,0.0,11.7,256,1006.6,87,13.5,17.5,146.0,7.0,41.0,3.5
2025-07-28 21:00:00,2025,7,28,21,An Giang,Xã Giồng Riềng,9.9237413,105.2736878,49,Good,0,27.0,86,0.0,13.3,247,1006.9,40,14.8,19.2,147.0,7.8,39.0,3.9
2025-07-28 22:00:00,2025,7,28,22,An Giang,Xã Giồng Riềng,9.9237413,105.2736878,49,Good,0,26.5,87,0.0,11.2,230,1007.2,89,16.5,21.1,146.0,8.4,37.0,4.0
2025-07-28 23:00:00,2025,7,28,23,An Giang,Xã Giồng Riềng,9.9237413,105.2736878,49,Good,0,26.4,89,0.0,9.5,224,1007.6,100,16.8,21.6,142.0,8.5,36.0,3.7
2025-07-29 00:00:00,2025,7,29,0,An Giang,Xã Giồng Riềng,9.9237413,105.2736878,49,Good,0,26.5,90,0.0,9.6,210,1007.1,100,16.3,21.2,136.0,8.2,36.0,3.1
2025-07-29 01:00:00,2025,7,29,1,An Giang,Xã Giồng Riềng,9.9237413,105.2736878,50,Good,0,26.5,92,0.0,9.8,210,1006.6,98,15.9,20.7,131.0,7.9,36.0,2.6
2025-07-29 02:00:00,2025,7,29,2,An Giang,Xã Giồng Riềng,9.9237413,105.2736878,50,Good,0,26.6,93,0.1,10.4,206,1006.5,58,15.3,19.9,127.0,7.5,37.0,2.4
2025-07-29 03:00:00,2025,7,29,3,An Giang,Xã Giồng Riềng,9.9237413,105.2736878,50,Good,0,26.4,95,0.0,9.3,209,1006.4,36,14.7,19.2,124.0,7.0,38.0,2.2
2025-07-29 04:00:00,2025,7,29,4,An Giang,Xã Giồng Riềng,9.9237413,105.2736878,51,Moderate,1,26.2,96,0.0,8.9,216,1006.4,18,13.6,18.1,123.0,6.5,39.0,2.2
2025-07-29 05:00:00,2025,7,29,5,An Giang,Xã Giồng Riềng,9.9237413,105.2736878,51,Moderate,1,26.4,95,0.0,10.5,207,1006.3,41,13.1,17.6,125.0,6.0,40.0,2.3
2025-07-29 06:00:00,2025,7,29,6,An Giang,Xã Giồng Riềng,9.9237413,105.2736878,51,Moderate,1,26.5,93,0.0,9.8,218,1006.7,31,12.7,17.2,129.0,5.4,41.0,2.5
2025-07-29 07:00:00,2025,7,29,7,An Giang,Xã Giồng Riềng,9.9237413,105.2736878,51,Moderate,1,28.0,86,0.0,13.4,228,1007.2,43,14.2,18.8,131.0,5.5,41.0,3.0
2025-07-29 08:00:00,2025,7,29,8,An Giang,Xã Giồng Riềng,9.9237413,105.2736878,51,Moderate,1,29.7,78,0.0,16.0,213,1007.6,32,12.3,17.9,127.0,4.3,50.0,2.7
2025-07-29 09:00:00,2025,7,29,9,An Giang,Xã Giồng Riềng,9.9237413,105.2736878,51,Moderate,1,30.5,73,0.4,21.0,232,1007.9,100,11.1,17.1,121.0,2.5,62.0,2.3
2025-07-29 10:00:00,2025,7,29,10,An Giang,Xã Giồng Riềng,9.9237413,105.2736878,51,Moderate,1,29.8,79,2.1,18.3,247,1008.2,82,11.1,18.2,118.0,1.3,71.0,2.0
2025-07-29 11:00:00,2025,7,29,11,An Giang,Xã Giồng Riềng,9.9237413,105.2736878,50,Good,0,30.6,78,0.2,18.3,232,1007.3,60,11.1,18.1,123.0,1.0,73.0,1.8
2025-07-29 12:00:00,2025,7,29,12,An Giang,Xã Giồng Riềng,9.9237413,105.2736878,50,Good,0,31.3,66,0.2,25.8,243,1007.2,90,10.6,17.1,132.0,1.1,72.0,1.6
2025-07-29 13:00:00,2025,7,29,13,An Giang,Xã Giồng Riềng,9.9237413,105.2736878,50,Good,0,30.2,71,0.1,24.7,241,1006.3,89,9.5,14.8,139.0,1.3,70.0,1.5
2025-07-29 14:00:00,2025,7,29,14,An Giang,Xã Giồng Riềng,9.9237413,105.2736878,51,Moderate,1,31.0,68,0.1,26.8,240,1005.5,85,9.6,14.8,140.0,1.3,68.0,1.5
2025-07-29 15:00:00,2025,7,29,15,An Giang,Xã Giồng Riềng,9.9237413,105.2736878,51,Moderate,1,30.5,70,0.1,25.6,244,1005.1,95,8.6,12.8,139.0,1.4,66.0,1.5
2025-07-29 16:00:00,2025,7,29,16,An Giang,Xã Giồng Riềng,9.9237413,105.2736878,51,Moderate,1,30.3,68,0.0,24.3,246,1005.0,99,8.2,11.8,141.0,1.8,63.0,1.6
2025-07-29 17:00:00,2025,7,29,17,An Giang,Xã Giồng Riềng,9.9237413,105.2736878,51,Moderate,1,29.5,73,0.0,21.6,246,1005.3,59,8.0,11.3,148.0,2.6,59.0,1.9
2025-07-29 18:00:00,2025,7,29,18,An Giang,Xã Giồng Riềng,9.9237413,105.2736878,51,Moderate,1,28.5,76,0.0,17.6,243,1005.6,73,8.6,11.6,159.0,3.7,53.0,2.2
2025-07-29 19:00:00,2025,7,29,19,An Giang,Xã Giồng Riềng,9.9237413,105.2736878,51,Moderate,1,27.8,79,0.0,12.6,236,1006.3,91,11.3,15.3,170.0,4.4,50.0,2.4
2025-07-29 20:00:00,2025,7,29,20,An Giang,Xã Giồng Riềng,9.9237413,105.2736878,51,Moderate,1,27.8,82,0.0,12.9,226,1006.9,78,11.6,15.1,184.0,4.7,49.0,2.6
2025-07-29 21:00:00,2025,7,29,21,An Giang,Xã Giồng Riềng,9.9237413,105.2736878,51,Moderate,1,27.1,83,0.0,11.3,226,1007.8,67,11.8,15.0,199.0,5.1,47.0,2.8
2025-07-29 22:00:00,2025,7,29,22,An Giang,Xã Giồng Riềng,9.9237413,105.2736878,50,Good,0,27.0,85,0.0,9.8,232,1008.6,65,11.8,14.8,207.0,5.4,46.0,2.9
2025-07-29 23:00:00,2025,7,29,23,An Giang,Xã Giồng Riềng,9.9237413,105.2736878,50,Good,0,26.8,88,0.0,7.3,232,1009.1,71,11.5,14.2,202.0,5.6,45.0,2.7
2025-07-30 00:00:00,2025,7,30,0,An Giang,Xã Giồng Riềng,9.9237413,105.2736878,49,Good,0,26.5,91,0.0,7.2,219,1008.6,89,11.0,13.6,189.0,5.6,45.0,2.4
2025-07-30 01:00:00,2025,7,30,1,An Giang,Xã Giồng Riềng,9.9237413,105.2736878,48,Good,0,26.6,93,0.0,7.8,230,1008.3,77,11.3,13.9,176.0,5.8,44.0,2.2
2025-07-30 02:00:00,2025,7,30,2,An Giang,Xã Giồng Riềng,9.9237413,105.2736878,47,Good,0,26.6,93,0.0,8.1,225,1008.1,77,12.1,14.7,163.0,6.2,43.0,2.2
2025-07-30 03:00:00,2025,7,30,3,An Giang,Xã Giồng Riềng,9.9237413,105.2736878,47,Good,0,26.5,95,0.0,7.7,221,1007.7,31,13.0,15.7,149.0,6.7,43.0,2.2
2025-07-30 04:00:00,2025,7,30,4,An Giang,Xã Giồng Riềng,9.9237413,105.2736878,46,Good,0,26.1,95,0.1,8.7,230,1007.8,82,13.2,15.9,143.0,6.9,43.0,2.4
2025-07-30 05:00:00,2025,7,30,5,An Giang,Xã Giồng Riềng,9.9237413,105.2736878,46,Good,0,25.6,93,0.8,9.7,222,1008.0,97,13.1,15.8,150.0,6.9,43.0,2.7
2025-07-30 06:00:00,2025,7,30,6,An Giang,Xã Giồng Riềng,9.9237413,105.2736878,46,Good,0,25.5,95,0.3,10.0,221,1008.3,100,13.4,16.1,165.0,6.6,43.0,3.1
2025-07-30 07:00:00,2025,7,30,7,An Giang,Xã Giồng Riềng,9.9237413,105.2736878,47,Good,0,26.4,92,0.2,12.6,229,1008.9,100,13.8,16.5,175.0,5.9,46.0,3.3
2025-07-30 08:00:00,2025,7,30,8,An Giang,Xã Giồng Riềng,9.9237413,105.2736878,46,Good,0,26.4,91,0.1,12.3,224,1009.7,100,11.4,14.8,175.0,4.5,56.0,3.0
2025-07-30 09:00:00,2025,7,30,9,An Giang,Xã Giồng Riềng,9.9237413,105.2736878,46,Good,0,28.4,84,0.0,16.3,237,1009.6,100,11.2,14.8,170.0,2.7,69.0,2.4
2025-07-30 10:00:00,2025,7,30,10,An Giang,Xã Giồng Riềng,9.9237413,105.2736878,46,Good,0,29.8,77,0.4,20.3,249,1009.4,100,10.8,15.0,164.0,1.4,77.0,2.0
2025-07-30 11:00:00,2025,7,30,11,An Giang,Xã Giồng Riềng,9.9237413,105.2736878,46,Good,0,30.7,72,0.1,19.8,247,1009.2,100,9.5,13.6,157.0,1.2,77.0,1.9
2025-07-30 12:00:00,2025,7,30,12,An Giang,Xã Giồng Riềng,9.9237413,105.2736878,46,Good,0,31.2,68,0.1,19.8,248,1008.3,100,9.5,13.9,150.0,1.5,72.0,2.0
2025-07-30 13:00:00,2025,7,30,13,An Giang,Xã Giồng Riềng,9.9237413,105.2736878,46,Good,0,31.5,67,0.0,20.5,249,1007.6,100,9.3,12.5,144.0,1.8,68.0,2.0
2025-07-30 14:00:00,2025,7,30,14,An Giang,Xã Giồng Riềng,9.9237413,105.2736878,46,Good,0,31.4,65,0.0,22.7,251,1006.9,99,9.3,12.5,141.0,1.8,66.0,1.9
2025-07-30 15:00:00,2025,7,30,15,An Giang,Xã Giồng Riềng,9.9237413,105.2736878,46,Good,0,30.9,68,0.0,22.4,251,1006.2,96,9.2,12.7,139.0,1.8,65.0,1.8
2025-07-30 16:00:00,2025,7,30,16,An Giang,Xã Giồng Riềng,9.9237413,105.2736878,46,Good,0,30.2,71,0.0,19.9,252,1005.8,96,9.3,12.9,140.0,2.1,63.0,1.9
2025-07-30 17:00:00,2025,7,30,17,An Giang,Xã Giồng Riềng,9.9237413,105.2736878,46,Good,0,29.7,74,0.0,16.9,251,1005.5,100,9.1,13.0,144.0,3.2,59.0,2.3
2025-07-30 18:00:00,2025,7,30,18,An Giang,Xã Giồng Riềng,9.9237413,105.2736878,46,Good,0,28.9,77,0.0,14.8,248,1006.0,79,10.2,13.9,150.0,4.6,53.0,2.8
2025-07-30 19:00:00,2025,7,30,19,An Giang,Xã Giồng Riềng,9.9237413,105.2736878,46,Good,0,28.1,80,0.0,12.4,242,1006.7,62,19.7,29.6,156.0,6.6,53.0,3.5
2025-07-30 20:00:00,2025,7,30,20,An Giang,Xã Giồng Riềng,9.9237413,105.2736878,48,Good,0,28.1,79,0.0,10.1,235,1007.4,15,19.4,27.6,163.0,6.7,51.0,3.6
2025-07-30 21:00:00,2025,7,30,21,An Giang,Xã Giồng Riềng,9.9237413,105.2736878,49,Good,0,27.5,82,0.0,10.1,231,1008.0,26,18.4,25.8,170.0,6.9,49.0,3.8
2025-07-30 22:00:00,2025,7,30,22,An Giang,Xã Giồng Riềng,9.9237413,105.2736878,50,Good,0,27.1,86,0.0,8.8,227,1008.4,28,17.6,24.3,173.0,7.1,46.0,3.8
2025-07-30 23:00:00,2025,7,30,23,An Giang,Xã Giồng Riềng,9.9237413,105.2736878,51,Moderate,1,26.8,90,0.0,8.1,219,1008.5,99,16.9,22.8,167.0,7.4,43.0,3.5
2025-07-31 00:00:00,2025,7,31,0,An Giang,Xã Giồng Riềng,9.9237413,105.2736878,51,Moderate,1,26.5,92,0.0,7.9,219,1008.3,100,16.1,21.5,157.0,7.6,41.0,3.1
2025-07-31 01:00:00,2025,7,31,1,An Giang,Xã Giồng Riềng,9.9237413,105.2736878,52,Moderate,1,26.3,94,0.0,6.6,221,1008.0,97,16.1,21.0,149.0,7.7,39.0,2.7
2025-07-31 02:00:00,2025,7,31,2,An Giang,Xã Giồng Riềng,9.9237413,105.2736878,52,Moderate,1,26.1,96,0.0,6.3,207,1007.5,100,16.4,20.8,145.0,7.5,40.0,2.5
2025-07-31 03:00:00,2025,7,31,3,An Giang,Xã Giồng Riềng,9.9237413,105.2736878,52,Moderate,1,26.0,93,0.3,6.9,195,1007.8,55,16.0,20.0,142.0,7.1,41.0,2.3
2025-07-31 04:00:00,2025,7,31,4,An Giang,Xã Giồng Riềng,9.9237413,105.2736878,53,Moderate,1,25.9,95,0.0,7.1,210,1007.8,42,13.6,17.1,140.0,6.6,43.0,2.2
2025-07-31 05:00:00,2025,7,31,5,An Giang,Xã Giồng Riềng,9.9237413,105.2736878,53,Moderate,1,25.9,93,0.2,11.8,223,1008.2,37,10.5,13.4,139.0,6.1,43.0,2.3
2025-07-31 06:00:00,2025,7,31,6,An Giang,Xã Giồng Riềng,9.9237413,105.2736878,53,Moderate,1,24.5,96,6.1,16.7,271,1009.5,99,10.9,13.4,139.0,5.6,43.0,2.6
2025-07-31 07:00:00,2025,7,31,7,An Giang,Xã Giồng Riềng,9.9237413,105.2736878,52,Moderate,1,25.4,92,1.3,10.9,246,1009.1,59,15.5,19.0,139.0,5.7,44.0,3.1
2025-07-31 08:00:00,2025,7,31,8,An Giang,Xã Giồng Riềng,9.9237413,105.2736878,52,Moderate,1,28.1,87,0.0,11.8,257,1009.0,23,13.3,17.6,135.0,4.5,51.0,2.8
2025-07-31 09:00:00,2025,7,31,9,An Giang,Xã Giồng Riềng,9.9237413,105.2736878,53,Moderate,1,28.8,84,0.2,12.4,244,1009.5,90,11.9,15.8,131.0,2.8,61.0,2.4
2025-07-31 10:00:00,2025,7,31,10,An Giang,Xã Giồng Riềng,9.9237413,105.2736878,53,Moderate,1,27.8,84,1.3,15.2,249,1009.7,100,11.7,15.5,133.0,1.5,68.0,2.1
2025-07-31 11:00:00,2025,7,31,11,An Giang,Xã Giồng Riềng,9.9237413,105.2736878,53,Moderate,1,29.3,81,0.1,13.5,241,1008.9,100,11.9,16.1,149.0,1.0,72.0,1.8
2025-07-31 12:00:00,2025,7,31,12,An Giang,Xã Giồng Riềng,9.9237413,105.2736878,53,Moderate,1,30.0,80,0.2,14.0,232,1008.4,99,12.1,16.8,170.0,0.9,73.0,1.6
2025-07-31 13:00:00,2025,7,31,13,An Giang,Xã Giồng Riềng,9.9237413,105.2736878,53,Moderate,1,30.5,77,0.1,17.3,239,1007.5,99,12.6,17.5,184.0,1.0,73.0,1.5
2025-07-31 14:00:00,2025,7,31,14,An Giang,Xã Giồng Riềng,9.9237413,105.2736878,54,Moderate,1,31.0,69,0.1,19.7,240,1006.5,99,13.1,18.3,180.0,1.1,72.0,1.4
2025-07-31 15:00:00,2025,7,31,15,An Giang,Xã Giồng Riềng,9.9237413,105.2736878,54,Moderate,1,30.5,70,0.0,19.4,244,1006.0,100,13.6,19.2,168.0,1.3,69.0,1.5
2025-07-31 16:00:00,2025,7,31,16,An Giang,Xã Giồng Riềng,9.9237413,105.2736878,54,Moderate,1,30.4,69,0.0,19.2,240,1006.0,100,13.8,20.3,161.0,1.9,65.0,1.7
2025-07-31 17:00:00,2025,7,31,17,An Giang,Xã Giồng Riềng,9.9237413,105.2736878,55,Moderate,1,29.6,75,0.0,14.5,240,1005.9,100,14.1,21.1,167.0,3.3,60.0,2.2
2025-07-31 18:00:00,2025,7,31,18,An Giang,Xã Giồng Riềng,9.9237413,105.2736878,55,Moderate,1,28.7,78,0.0,12.3,233,1005.8,98,15.3,22.1,179.0,5.1,54.0,2.9
2025-07-31 19:00:00,2025,7,31,19,An Giang,Xã Giồng Riềng,9.9237413,105.2736878,56,Moderate,1,27.9,80,0.0,10.3,229,1006.2,99,18.2,26.7,189.0,5.6,51.0,3.1
2025-07-31 20:00:00,2025,7,31,20,An Giang,Xã Giồng Riềng,9.9237413,105.2736878,55,Moderate,1,27.4,83,0.0,9.8,210,1007.5,98,18.1,26.3,196.0,6.0,48.0,3.3
2025-07-31 21:00:00,2025,7,31,21,An Giang,Xã Giồng Riềng,9.9237413,105.2736878,55,Moderate,1,27.1,84,0.0,11.0,215,1008.0,47,17.8,25.5,201.0,6.5,45.0,3.6
2025-07-31 22:00:00,2025,7,31,22,An Giang,Xã Giồng Riềng,9.9237413,105.2736878,55,Moderate,1,27.0,86,0.0,8.1,215,1008.5,94,17.8,24.9,202.0,7.0,41.0,3.7
2025-07-31 23:00:00,2025,7,31,23,An Giang,Xã Giồng Riềng,9.9237413,105.2736878,55,Moderate,1,26.6,89,0.0,8.0,214,1008.3,92,17.5,24.3,196.0,7.5,38.0,3.5
2025-08-01 00:00:00,2025,8,1,0,An Giang,Xã Giồng Riềng,9.9237413,105.2736878,55,Moderate,1,26.2,91,0.0,7.0,209,1007.9,80,17.0,23.4,184.0,7.9,35.0,3.1
2025-08-01 01:00:00,2025,8,1,1,An Giang,Xã Giồng Riềng,9.9237413,105.2736878,55,Moderate,1,25.9,94,0.0,6.5,212,1007.4,90,17.2,23.3,173.0,8.2,33.0,2.8
2025-08-01 02:00:00,2025,8,1,2,An Giang,Xã Giồng Riềng,9.9237413,105.2736878,55,Moderate,1,25.7,95,0.0,6.9,213,1006.9,89,17.2,23.0,160.0,8.4,31.0,2.7
2025-08-01 03:00:00,2025,8,1,3,An Giang,Xã Giồng Riềng,9.9237413,105.2736878,56,Moderate,1,25.6,95,0.0,8.1,197,1006.6,78,16.7,22.2,147.0,8.6,30.0,2.7
2025-08-01 04:00:00,2025,8,1,4,An Giang,Xã Giồng Riềng,9.9237413,105.2736878,56,Moderate,1,25.5,96,0.0,8.9,193,1006.8,97,16.3,21.4,142.0,8.4,30.0,2.7
2025-08-01 05:00:00,2025,8,1,5,An Giang,Xã Giồng Riềng,9.9237413,105.2736878,56,Moderate,1,25.5,96,0.0,9.1,201,1007.4,100,15.8,20.7,153.0,7.8,30.0,2.9
2025-08-01 06:00:00,2025,8,1,6,An Giang,Xã Giồng Riềng,9.9237413,105.2736878,56,Moderate,1,25.4,97,0.0,8.0,218,1007.6,95,15.2,19.7,172.0,6.8,30.0,3.1
2025-08-01 07:00:00,2025,8,1,7,An Giang,Xã Giồng Riềng,9.9237413,105.2736878,57,Moderate,1,27.0,92,0.1,7.9,219,1008.2,86,17.8,22.9,183.0,6.7,29.0,3.5
2025-08-01 08:00:00,2025,8,1,8,An Giang,Xã Giồng Riềng,9.9237413,105.2736878,57,Moderate,1,28.9,84,0.1,10.8,228,1008.5,72,13.0,19.0,179.0,5.1,36.0,3.1
2025-08-01 09:00:00,2025,8,1,9,An Giang,Xã Giồng Riềng,9.9237413,105.2736878,57,Moderate,1,29.9,79,0.1,13.2,232,1008.4,97,11.0,17.2,167.0,3.0,46.0,2.6
2025-08-01 10:00:00,2025,8,1,10,An Giang,Xã Giồng Riềng,9.9237413,105.2736878,57,Moderate,1,30.6,75,0.1,13.6,242,1008.4,96,10.3,16.0,156.0,1.4,53.0,2.2
2025-08-01 11:00:00,2025,8,1,11,An Giang,Xã Giồng Riềng,9.9237413,105.2736878,57,Moderate,1,30.9,72,0.2,15.9,242,1008.0,100,9.2,14.6,146.0,0.8,55.0,1.8
2025-08-01 12:00:00,2025,8,1,12,An Giang,Xã Giồng Riềng,9.9237413,105.2736878,56,Moderate,1,31.0,70,0.1,18.0,252,1007.4,100,8.5,13.4,136.0,0.8,54.0,1.6
2025-08-01 13:00:00,2025,8,1,13,An Giang,Xã Giồng Riềng,9.9237413,105.2736878,56,Moderate,1,31.4,69,0.0,21.1,251,1006.7,100,8.0,12.7,133.0,0.9,53.0,1.4
2025-08-01 14:00:00,2025,8,1,14,An Giang,Xã Giồng Riềng,9.9237413,105.2736878,56,Moderate,1,30.1,74,0.2,19.9,250,1006.2,100,7.9,12.1,141.0,1.0,55.0,1.4
2025-08-01 15:00:00,2025,8,1,15,An Giang,Xã Giồng Riềng,9.9237413,105.2736878,55,Moderate,1,30.2,73,0.0,20.7,252,1005.6,100,9.1,13.1,157.0,1.3,57.0,1.6
2025-08-01 16:00:00,2025,8,1,16,An Giang,Xã Giồng Riềng,9.9237413,105.2736878,55,Moderate,1,29.8,74,0.0,19.2,251,1005.2,100,9.2,13.2,174.0,1.9,58.0,1.9
2025-08-01 17:00:00,2025,8,1,17,An Giang,Xã Giồng Riềng,9.9237413,105.2736878,54,Moderate,1,29.3,77,0.0,15.3,246,1005.2,100,9.3,13.2,195.0,3.1,57.0,2.3
2025-08-01 18:00:00,2025,8,1,18,An Giang,Xã Giồng Riềng,9.9237413,105.2736878,54,Moderate,1,28.5,81,0.0,11.5,247,1005.6,99,10.4,13.9,218.0,4.7,55.0,2.8
2025-08-01 19:00:00,2025,8,1,19,An Giang,Xã Giồng Riềng,9.9237413,105.2736878,54,Moderate,1,27.8,84,0.0,11.4,232,1005.9,100,14.2,18.3,234.0,6.0,50.0,3.3
2025-08-01 20:00:00,2025,8,1,20,An Giang,Xã Giồng Riềng,9.9237413,105.2736878,53,Moderate,1,27.8,82,0.0,11.5,220,1007.2,97,14.3,18.0,239.0,6.1,52.0,3.4
2025-08-01 21:00:00,2025,8,1,21,An Giang,Xã Giồng Riềng,9.9237413,105.2736878,53,Moderate,1,27.5,84,0.0,11.4,218,1007.7,85,14.7,18.2,237.0,6.2,54.0,3.6
2025-08-01 22:00:00,2025,8,1,22,An Giang,Xã Giồng Riềng,9.9237413,105.2736878,53,Moderate,1,27.1,86,0.0,9.6,217,1008.0,89,15.3,18.5,233.0,6.4,55.0,3.7
2025-08-01 23:00:00,2025,8,1,23,An Giang,Xã Giồng Riềng,9.9237413,105.2736878,52,Moderate,1,26.8,88,0.0,9.4,215,1008.7,100,15.7,18.6,229.0,6.8,55.0,3.5
2025-08-02 00:00:00,2025,8,2,0,An Giang,Xã Giồng Riềng,9.9237413,105.2736878,52,Moderate,1,26.5,90,0.0,9.4,215,1008.7,99,15.8,18.5,224.0,7.3,55.0,3.3
2025-08-02 01:00:00,2025,8,2,1,An Giang,Xã Giồng Riềng,9.9237413,105.2736878,52,Moderate,1,26.3,91,0.0,8.1,212,1007.9,100,16.8,19.4,217.0,8.0,54.0,3.1
2025-08-02 02:00:00,2025,8,2,2,An Giang,Xã Giồng Riềng,9.9237413,105.2736878,52,Moderate,1,26.0,91,0.0,8.0,207,1007.4,100,18.0,20.5,207.0,9.0,52.0,3.1
2025-08-02 03:00:00,2025,8,2,3,An Giang,Xã Giồng Riềng,9.9237413,105.2736878,52,Moderate,1,25.9,92,0.0,8.1,209,1007.3,100,19.4,21.8,196.0,10.1,50.0,3.2
2025-08-02 04:00:00,2025,8,2,4,An Giang,Xã Giồng Riềng,9.9237413,105.2736878,52,Moderate,1,25.8,93,0.0,6.9,205,1007.3,100,21.5,23.8,192.0,10.9,48.0,3.4
2025-08-02 05:00:00,2025,8,2,5,An Giang,Xã Giồng Riềng,9.9237413,105.2736878,53,Moderate,1,25.6,94,0.0,6.4,209,1007.4,100,23.5,25.7,201.0,11.4,45.0,3.9
2025-08-02 06:00:00,2025,8,2,6,An Giang,Xã Giồng Riềng,9.9237413,105.2736878,54,Moderate,1,25.5,96,0.0,5.9,203,1007.7,100,24.9,27.1,216.0,11.6,42.0,4.6
2025-08-02 07:00:00,2025,8,2,7,An Giang,Xã Giồng Riềng,9.9237413,105.2736878,54,Moderate,1,27.0,92,0.0,6.0,209,1008.3,100,29.2,32.2,224.0,10.1,48.0,4.6
2025-08-02 08:00:00,2025,8,2,8,An Giang,Xã Giồng Riềng,9.9237413,105.2736878,55,Moderate,1,29.2,85,0.0,6.7,211,1009.3,100,25.0,29.0,219.0,7.7,63.0,4.1
2025-08-02 09:00:00,2025,8,2,9,An Giang,Xã Giồng Riềng,9.9237413,105.2736878,56,Moderate,1,30.6,75,0.0,9.1,212,1009.2,100,20.0,24.1,207.0,4.3,83.0,3.3
2025-08-02 10:00:00,2025,8,2,10,An Giang,Xã Giồng Riềng,9.9237413,105.2736878,57,Moderate,1,31.4,71,0.1,10.5,207,1009.0,98,17.7,21.7,197.0,1.8,98.0,2.7
2025-08-02 11:00:00,2025,8,2,11,An Giang,Xã Giồng Riềng,9.9237413,105.2736878,58,Moderate,1,31.6,71,0.0,13.5,196,1009.0,100,17.1,21.2,192.0,0.9,104.0,2.4
2025-08-02 12:00:00,2025,8,2,12,An Giang,Xã Giồng Riềng,9.9237413,105.2736878,59,Moderate,1,32.2,64,0.0,13.3,213,1008.3,100,17.6,21.5,188.0,0.9,104.0,2.3
2025-08-02 13:00:00,2025,8,2,13,An Giang,Xã Giồng Riềng,9.9237413,105.2736878,59,Moderate,1,32.0,65,0.0,12.0,230,1007.6,100,17.3,21.0,184.0,1.1,102.0,2.3
2025-08-02 14:00:00,2025,8,2,14,An Giang,Xã Giồng Riềng,9.9237413,105.2736878,60,Moderate,1,30.4,73,0.9,5.9,243,1007.2,100,16.5,20.0,175.0,1.2,96.0,2.2
2025-08-02 15:00:00,2025,8,2,15,An Giang,Xã Giồng Riềng,9.9237413,105.2736878,61,Moderate,1,30.5,73,0.1,12.3,205,1006.6,100,15.5,18.8,165.0,1.5,87.0,2.2
2025-08-02 16:00:00,2025,8,2,16,An Giang,Xã Giồng Riềng,9.9237413,105.2736878,62,Moderate,1,30.0,75,0.0,10.3,195,1006.3,100,15.0,17.3,167.0,2.5,78.0,2.4
2025-08-02 17:00:00,2025,8,2,17,An Giang,Xã Giồng Riềng,9.9237413,105.2736878,62,Moderate,1,29.7,77,0.0,6.6,213,1005.7,100,13.7,15.7,184.0,4.9,70.0,3.1
2025-08-02 18:00:00,2025,8,2,18,An Giang,Xã Giồng Riềng,9.9237413,105.2736878,63,Moderate,1,29.1,82,0.0,3.2,199,1005.8,100,15.3,16.8,213.0,8.0,61.0,4.2
2025-08-02 19:00:00,2025,8,2,19,An Giang,Xã Giồng Riềng,9.9237413,105.2736878,63,Moderate,1,28.1,88,0.0,2.6,146,1006.5,100,27.3,30.2,251.0,11.3,57.0,5.6
2025-08-02 20:00:00,2025,8,2,20,An Giang,Xã Giồng Riềng,9.9237413,105.2736878,64,Moderate,1,27.5,89,0.0,6.0,170,1007.8,100,28.8,31.3,316.0,11.4,55.0,5.9
2025-08-02 21:00:00,2025,8,2,21,An Giang,Xã Giồng Riềng,9.9237413,105.2736878,65,Moderate,1,27.4,89,0.0,7.7,169,1008.6,100,28.5,30.7,391.0,11.7,52.0,6.2
2025-08-02 22:00:00,2025,8,2,22,An Giang,Xã Giồng Riềng,9.9237413,105.2736878,67,Moderate,1,27.0,89,0.0,7.0,183,1009.1,100,28.2,30.5,422.0,12.2,49.0,6.4
2025-08-02 23:00:00,2025,8,2,23,An Giang,Xã Giồng Riềng,9.9237413,105.2736878,68,Moderate,1,26.6,90,0.0,5.8,182,1009.7,100,30.5,32.9,369.0,13.4,45.0,6.2
2025-08-03 00:00:00,2025,8,3,0,An Giang,Xã Giồng Riềng,9.9237413,105.2736878,69,Moderate,1,26.4,91,0.0,6.5,185,1009.7,100,33.3,35.7,272.0,14.8,40.0,5.7
2025-08-03 01:00:00,2025,8,3,1,An Giang,Xã Giồng Riềng,9.9237413,105.2736878,71,Moderate,1,26.2,92,0.0,6.8,202,1009.5,100,32.4,34.6,198.0,15.6,37.0,5.3
2025-08-03 02:00:00,2025,8,3,2,An Giang,Xã Giồng Riềng,9.9237413,105.2736878,72,Moderate,1,26.0,95,0.0,7.3,216,1009.0,100,30.0,32.1,176.0,15.2,38.0,4.9
2025-08-03 03:00:00,2025,8,3,3,An Giang,Xã Giồng Riềng,9.9237413,105.2736878,73,Moderate,1,25.9,97,0.0,8.6,217,1008.5,100,28.6,30.7,177.0,14.1,41.0,4.6
2025-08-03 04:00:00,2025,8,3,4,An Giang,Xã Giồng Riềng,9.9237413,105.2736878,74,Moderate,1,25.9,97,0.0,7.2,207,1008.2,99,27.6,29.6,186.0,13.0,43.0,4.4
2025-08-03 05:00:00,2025,8,3,5,An Giang,Xã Giồng Riềng,9.9237413,105.2736878,74,Moderate,1,25.8,97,0.0,6.3,211,1008.1,100,27.2,29.1,203.0,12.5,41.0,4.7
2025-08-03 06:00:00,2025,8,3,6,An Giang,Xã Giồng Riềng,9.9237413,105.2736878,75,Moderate,1,25.5,98,0.0,4.4,232,1008.2,99,27.8,29.6,226.0,12.1,39.0,5.1
2025-08-03 07:00:00,2025,8,3,7,An Giang,Xã Giồng Riềng,9.9237413,105.2736878,75,Moderate,1,27.1,94,0.0,5.3,198,1008.9,99,32.0,34.2,237.0,11.6,40.0,5.8
2025-08-03 08:00:00,2025,8,3,8,An Giang,Xã Giồng Riềng,9.9237413,105.2736878,75,Moderate,1,29.5,85,0.0,7.9,200,1010.0,100,22.8,25.7,223.0,8.8,56.0,5.1
2025-08-03 09:00:00,2025,8,3,9,An Giang,Xã Giồng Riềng,9.9237413,105.2736878,75,Moderate,1,30.9,75,0.0,10.8,213,1010.7,100,19.0,21.1,196.0,4.8,78.0,4.0
2025-08-03 10:00:00,2025,8,3,10,An Giang,Xã Giồng Riềng,9.9237413,105.2736878,75,Moderate,1,31.6,70,0.0,10.8,210,1010.5,100,17.9,20.0,174.0,1.9,94.0,3.2
2025-08-03 11:00:00,2025,8,3,11,An Giang,Xã Giồng Riềng,9.9237413,105.2736878,75,Moderate,1,32.3,67,0.0,10.0,213,1010.3,100,17.1,19.2,162.0,0.9,99.0,2.8
2025-08-03 12:00:00,2025,8,3,12,An Giang,Xã Giồng Riềng,9.9237413,105.2736878,75,Moderate,1,32.7,67,0.1,9.1,236,1009.7,100,16.8,18.9,155.0,0.9,99.0,2.7
2025-08-03 13:00:00,2025,8,3,13,An Giang,Xã Giồng Riềng,9.9237413,105.2736878,75,Moderate,1,28.9,80,4.0,12.3,218,1010.2,87,16.5,18.6,150.0,1.1,96.0,2.5
2025-08-03 14:00:00,2025,8,3,14,An Giang,Xã Giồng Riềng,9.9237413,105.2736878,75,Moderate,1,30.2,77,0.1,12.1,232,1009.2,100,15.0,16.9,145.0,1.1,92.0,2.1
2025-08-03 15:00:00,2025,8,3,15,An Giang,Xã Giồng Riềng,9.9237413,105.2736878,75,Moderate,1,30.5,77,0.1,12.0,231,1008.3,100,14.7,16.1,141.0,1.4,85.0,1.8
2025-08-03 16:00:00,2025,8,3,16,An Giang,Xã Giồng Riềng,9.9237413,105.2736878,75,Moderate,1,27.2,85,2.4,17.4,237,1008.7,100,12.3,13.5,145.0,2.5,78.0,1.9
2025-08-03 17:00:00,2025,8,3,17,An Giang,Xã Giồng Riềng,9.9237413,105.2736878,74,Moderate,1,27.2,84,0.1,13.0,229,1007.9,97,12.2,13.0,161.0,5.2,70.0,2.8
2025-08-03 18:00:00,2025,8,3,18,An Giang,Xã Giồng Riềng,9.9237413,105.2736878,74,Moderate,1,27.2,85,0.0,8.9,228,1008.1,68,14.6,15.4,183.0,8.7,62.0,4.2
2025-08-03 19:00:00,2025,8,3,19,An Giang,Xã Giồng Riềng,9.9237413,105.2736878,74,Moderate,1,26.1,92,0.0,5.8,184,1008.6,79,21.5,22.9,205.0,9.8,60.0,4.9
2025-08-03 20:00:00,2025,8,3,20,An Giang,Xã Giồng Riềng,9.9237413,105.2736878,74,Moderate,1,26.1,93,0.0,5.6,197,1009.3,51,25.4,26.4,226.0,11.7,54.0,5.8
2025-08-03 21:00:00,2025,8,3,21,An Giang,Xã Giồng Riềng,9.9237413,105.2736878,73,Moderate,1,25.9,94,0.0,5.5,199,1010.0,5,30.6,31.8,247.0,14.3,46.0,6.9
2025-08-03 22:00:00,2025,8,3,22,An Giang,Xã Giồng Riềng,9.9237413,105.2736878,74,Moderate,1,25.8,94,0.0,6.2,202,1010.3,42,31.8,32.7,256.0,15.9,41.0,7.4
2025-08-03 23:00:00,2025,8,3,23,An Giang,Xã Giồng Riềng,9.9237413,105.2736878,74,Moderate,1,25.5,95,0.0,5.3,215,1010.5,74,28.6,29.5,247.0,15.5,41.0,6.7
2025-08-04 00:00:00,2025,8,4,0,An Giang,Xã Giồng Riềng,9.9237413,105.2736878,74,Moderate,1,25.4,96,0.0,5.2,200,1010.3,84,27.5,28.5,227.0,14.0,44.0,5.4
2025-08-04 01:00:00,2025,8,4,1,An Giang,Xã Giồng Riềng,9.9237413,105.2736878,73,Moderate,1,25.4,96,0.0,6.5,185,1009.9,91,28.9,30.0,210.0,13.0,46.0,4.4
2025-08-04 02:00:00,2025,8,4,2,An Giang,Xã Giồng Riềng,9.9237413,105.2736878,73,Moderate,1,25.3,96,0.0,6.3,185,1009.3,93,31.2,32.1,199.0,13.1,44.0,4.1
2025-08-04 03:00:00,2025,8,4,3,An Giang,Xã Giồng Riềng,9.9237413,105.2736878,73,Moderate,1,25.2,96,0.0,7.2,183,1009.1,99,31.9,32.8,191.0,13.6,42.0,4.1
2025-08-04 04:00:00,2025,8,4,4,An Giang,Xã Giồng Riềng,9.9237413,105.2736878,73,Moderate,1,25.1,97,0.0,6.5,188,1009.0,90,31.5,32.4,191.0,14.0,39.0,4.3
2025-08-04 05:00:00,2025,8,4,5,An Giang,Xã Giồng Riềng,9.9237413,105.2736878,74,Moderate,1,24.8,98,0.0,4.5,209,1008.9,100,32.6,33.4,208.0,14.4,35.0,5.0
2025-08-04 06:00:00,2025,8,4,6,An Giang,Xã Giồng Riềng,9.9237413,105.2736878,74,Moderate,1,24.9,98,0.0,5.6,211,1008.8,100,35.9,36.6,234.0,14.6,31.0,5.9
2025-08-04 07:00:00,2025,8,4,7,An Giang,Xã Giồng Riềng,9.9237413,105.2736878,75,Moderate,1,26.4,94,0.0,5.8,216,1009.2,97,36.7,37.4,248.0,13.6,34.0,6.2
2025-08-04 08:00:00,2025,8,4,8,An Giang,Xã Giồng Riềng,9.9237413,105.2736878,75,Moderate,1,28.8,87,0.0,8.5,215,1010.3,86,27.5,28.5,240.0,10.1,52.0,5.4
2025-08-04 09:00:00,2025,8,4,9,An Giang,Xã Giồng Riềng,9.9237413,105.2736878,76,Moderate,1,30.2,81,0.1,10.0,231,1010.6,91,19.0,20.4,220.0,5.4,77.0,3.9
2025-08-04 10:00:00,2025,8,4,10,An Giang,Xã Giồng Riềng,9.9237413,105.2736878,76,Moderate,1,31.2,78,0.1,8.2,244,1010.2,100,17.3,18.7,202.0,1.9,95.0,2.8
2025-08-04 11:00:00,2025,8,4,11,An Giang,Xã Giồng Riềng,9.9237413,105.2736878,76,Moderate,1,32.0,74,0.1,8.4,254,1009.9,94,16.4,17.8,190.0,0.8,99.0,2.3
2025-08-04 12:00:00,2025,8,4,12,An Giang,Xã Giồng Riềng,9.9237413,105.2736878,76,Moderate,1,32.0,71,0.1,13.5,254,1009.3,66,15.7,16.9,179.0,0.8,96.0,2.2
2025-08-04 13:00:00,2025,8,4,13,An Giang,Xã Giồng Riềng,9.9237413,105.2736878,75,Moderate,1,30.5,75,5.0,7.2,256,1009.0,96,15.3,16.5,174.0,1.1,92.0,2.1
2025-08-04 14:00:00,2025,8,4,14,An Giang,Xã Giồng Riềng,9.9237413,105.2736878,75,Moderate,1,31.0,70,0.0,7.1,243,1007.7,78,15.0,16.2,177.0,1.2,89.0,2.0
2025-08-04 15:00:00,2025,8,4,15,An Giang,Xã Giồng Riềng,9.9237413,105.2736878,75,Moderate,1,30.9,70,0.0,12.9,254,1007.1,96,14.8,15.8,186.0,1.4,84.0,2.0
2025-08-04 16:00:00,2025,8,4,16,An Giang,Xã Giồng Riềng,9.9237413,105.2736878,75,Moderate,1,30.2,74,0.0,12.9,252,1007.2,93,15.3,16.4,195.0,2.0,80.0,2.1
2025-08-04 17:00:00,2025,8,4,17,An Giang,Xã Giồng Riềng,9.9237413,105.2736878,76,Moderate,1,29.5,78,0.0,14.4,254,1007.5,80,16.7,17.7,204.0,3.0,76.0,2.4
2025-08-04 18:00:00,2025,8,4,18,An Giang,Xã Giồng Riềng,9.9237413,105.2736878,76,Moderate,1,28.8,81,0.0,12.3,239,1008.2,52,16.6,17.5,214.0,4.3,73.0,2.8
2025-08-04 19:00:00,2025,8,4,19,An Giang,Xã Giồng Riềng,9.9237413,105.2736878,76,Moderate,1,27.8,85,0.0,10.7,240,1008.5,20,18.3,19.1,220.0,7.4,61.0,3.9
2025-08-04 20:00:00,2025,8,4,20,An Giang,Xã Giồng Riềng,9.9237413,105.2736878,76,Moderate,1,28.0,89,0.0,14.8,236,1009.0,42,20.0,20.8,219.0,7.2,61.0,4.0
2025-08-04 21:00:00,2025,8,4,21,An Giang,Xã Giồng Riềng,9.9237413,105.2736878,75,Moderate,1,27.4,89,0.0,15.3,221,1009.3,63,18.7,19.5,213.0,7.1,61.0,4.0
2025-08-04 22:00:00,2025,8,4,22,An Giang,Xã Giồng Riềng,9.9237413,105.2736878,74,Moderate,1,26.7,92,0.0,11.9,215,1009.9,8,16.6,17.3,209.0,7.1,60.0,4.0
2025-08-04 23:00:00,2025,8,4,23,An Giang,Xã Giồng Riềng,9.9237413,105.2736878,73,Moderate,1,26.2,93,0.0,10.2,211,1010.3,22,15.3,15.9,208.0,7.5,58.0,3.8
2025-08-05 00:00:00,2025,8,5,0,An Giang,Xã Giồng Riềng,9.9237413,105.2736878,72,Moderate,1,26.0,94,0.0,9.3,205,1009.9,31,15.5,16.1,208.0,8.1,54.0,3.5
2025-08-05 01:00:00,2025,8,5,1,An Giang,Xã Giồng Riềng,9.9237413,105.2736878,71,Moderate,1,25.8,95,0.0,11.0,198,1009.0,21,17.2,17.6,208.0,8.8,51.0,3.4
2025-08-05 02:00:00,2025,8,5,2,An Giang,Xã Giồng Riềng,9.9237413,105.2736878,70,Moderate,1,25.5,96,0.0,9.2,196,1008.4,27,17.8,18.2,207.0,9.5,48.0,3.6
2025-08-05 03:00:00,2025,8,5,3,An Giang,Xã Giồng Riềng,9.9237413,105.2736878,69,Moderate,1,25.4,97,0.0,9.2,191,1008.3,43,17.8,18.2,205.0,10.3,46.0,3.9
2025-08-05 04:00:00,2025,8,5,4,An Giang,Xã Giồng Riềng,9.9237413,105.2736878,67,Moderate,1,25.1,97,0.0,8.8,191,1008.4,51,17.7,18.0,207.0,10.7,44.0,4.2
2025-08-05 05:00:00,2025,8,5,5,An Giang,Xã Giồng Riềng,9.9237413,105.2736878,66,Moderate,1,25.1,98,0.0,9.2,191,1008.6,24,17.3,17.6,217.0,10.8,40.0,4.7
2025-08-05 06:00:00,2025,8,5,6,An Giang,Xã Giồng Riềng,9.9237413,105.2736878,65,Moderate,1,25.1,97,0.0,9.0,195,1009.0,34,17.1,17.3,229.0,10.5,36.0,5.2
2025-08-05 07:00:00,2025,8,5,7,An Giang,Xã Giồng Riềng,9.9237413,105.2736878,63,Moderate,1,26.4,93,0.0,8.9,193,1009.2,39,19.6,20.2,233.0,8.9,39.0,4.7
2025-08-05 08:00:00,2025,8,5,8,An Giang,Xã Giồng Riềng,9.9237413,105.2736878,62,Moderate,1,29.0,84,0.1,13.7,202,1010.1,88,12.5,13.6,220.0,6.8,50.0,4.1
2025-08-05 09:00:00,2025,8,5,9,An Giang,Xã Giồng Riềng,9.9237413,105.2736878,60,Moderate,1,30.1,78,0.1,14.8,204,1010.2,79,8.8,10.6,199.0,3.9,66.0,3.3
2025-08-05 10:00:00,2025,8,5,10,An Giang,Xã Giồng Riềng,9.9237413,105.2736878,59,Moderate,1,31.0,71,0.1,13.3,221,1009.7,85,7.9,10.3,181.0,1.8,77.0,2.6
2025-08-05 11:00:00,2025,8,5,11,An Giang,Xã Giồng Riềng,9.9237413,105.2736878,59,Moderate,1,31.5,68,0.5,13.1,233,1009.2,79,7.5,10.3,169.0,1.1,79.0,2.2
2025-08-05 12:00:00,2025,8,5,12,An Giang,Xã Giồng Riềng,9.9237413,105.2736878,58,Moderate,1,32.5,65,0.2,11.7,238,1008.3,55,7.1,10.0,160.0,1.1,77.0,1.9
2025-08-05 13:00:00,2025,8,5,13,An Giang,Xã Giồng Riềng,9.9237413,105.2736878,57,Moderate,1,32.5,62,0.0,13.9,245,1007.5,44,6.6,9.1,156.0,1.2,75.0,1.8
2025-08-05 14:00:00,2025,8,5,14,An Giang,Xã Giồng Riềng,9.9237413,105.2736878,56,Moderate,1,28.5,76,3.5,20.9,248,1007.8,94,6.6,9.0,157.0,1.1,74.0,1.7
2025-08-05 15:00:00,2025,8,5,15,An Giang,Xã Giồng Riềng,9.9237413,105.2736878,55,Moderate,1,27.3,86,6.1,8.9,223,1007.4,100,6.5,8.8,162.0,1.2,72.0,1.7
2025-08-05 16:00:00,2025,8,5,16,An Giang,Xã Giồng Riềng,9.9237413,105.2736878,55,Moderate,1,28.6,81,0.1,12.4,240,1007.0,90,6.5,8.7,170.0,2.0,69.0,2.0
2025-08-05 17:00:00,2025,8,5,17,An Giang,Xã Giồng Riềng,9.9237413,105.2736878,54,Moderate,1,28.4,81,0.1,11.2,220,1007.8,78,7.2,9.1,185.0,4.0,63.0,2.6
2025-08-05 18:00:00,2025,8,5,18,An Giang,Xã Giồng Riềng,9.9237413,105.2736878,53,Moderate,1,27.6,85,0.1,10.4,225,1007.8,92,10.0,11.6,203.0,6.7,55.0,3.5
2025-08-05 19:00:00,2025,8,5,19,An Giang,Xã Giồng Riềng,9.9237413,105.2736878,52,Moderate,1,27.0,87,0.0,8.9,214,1008.0,51,15.7,17.5,216.0,10.6,44.0,4.8
2025-08-05 20:00:00,2025,8,5,20,An Giang,Xã Giồng Riềng,9.9237413,105.2736878,52,Moderate,1,26.6,94,0.0,9.8,194,1009.1,80,17.3,18.9,218.0,10.9,43.0,5.2
2025-08-05 21:00:00,2025,8,5,21,An Giang,Xã Giồng Riềng,9.9237413,105.2736878,52,Moderate,1,26.1,94,0.0,10.4,203,1009.8,94,18.3,19.8,216.0,11.4,41.0,5.7
2025-08-05 22:00:00,2025,8,5,22,An Giang,Xã Giồng Riềng,9.9237413,105.2736878,52,Moderate,1,25.5,95,0.0,9.0,215,1009.7,37,18.6,20.0,214.0,11.8,39.0,5.9
2025-08-05 23:00:00,2025,8,5,23,An Giang,Xã Giồng Riềng,9.9237413,105.2736878,52,Moderate,1,25.0,96,0.0,8.9,223,1009.6,86,18.6,20.0,217.0,11.8,38.0,5.6
2025-08-06 00:00:00,2025,8,6,0,An Giang,Xã Giồng Riềng,9.9237413,105.2736878,52,Moderate,1,24.6,97,0.0,8.3,213,1009.4,96,18.2,19.6,222.0,11.7,38.0,5.0
2025-08-06 01:00:00,2025,8,6,1,An Giang,Xã Giồng Riềng,9.9237413,105.2736878,53,Moderate,1,24.5,97,0.0,7.2,198,1008.6,98,18.9,20.4,224.0,12.1,36.0,4.7
2025-08-06 02:00:00,2025,8,6,2,An Giang,Xã Giồng Riềng,9.9237413,105.2736878,53,Moderate,1,24.4,97,0.0,6.9,187,1008.1,92,20.9,22.4,219.0,13.6,32.0,4.8
2025-08-06 03:00:00,2025,8,6,3,An Giang,Xã Giồng Riềng,9.9237413,105.2736878,53,Moderate,1,24.3,97,0.0,6.5,180,1008.0,99,23.3,24.9,212.0,15.6,27.0,5.2
2025-08-06 04:00:00,2025,8,6,4,An Giang,Xã Giồng Riềng,9.9237413,105.2736878,54,Moderate,1,24.2,97,0.0,6.5,183,1007.9,99,25.4,27.0,208.0,16.6,23.0,5.6
2025-08-06 05:00:00,2025,8,6,5,An Giang,Xã Giồng Riềng,9.9237413,105.2736878,54,Moderate,1,24.3,97,0.0,7.0,183,1008.4,100,26.5,28.1,214.0,16.2,21.0,6.2
2025-08-06 06:00:00,2025,8,6,6,An Giang,Xã Giồng Riềng,9.9237413,105.2736878,55,Moderate,1,24.2,97,0.0,6.7,185,1008.7,100,27.6,29.4,224.0,14.9,20.0,6.9
2025-08-06 07:00:00,2025,8,6,7,An Giang,Xã Giồng Riềng,9.9237413,105.2736878,56,Moderate,1,25.6,93,0.0,6.7,177,1009.2,100,27.8,30.4,225.0,12.9,25.0,6.9
2025-08-06 08:00:00,2025,8,6,8,An Giang,Xã Giồng Riềng,9.9237413,105.2736878,57,Moderate,1,28.3,86,0.0,8.0,185,1009.9,100,22.2,26.1,207.0,9.8,41.0,6.0
2025-08-06 09:00:00,2025,8,6,9,An Giang,Xã Giồng Riềng,9.9237413,105.2736878,58,Moderate,1,29.8,77,0.1,10.4,194,1009.7,100,15.9,21.7,180.0,5.5,63.0,4.7
2025-08-06 10:00:00,2025,8,6,10,An Giang,Xã Giồng Riềng,9.9237413,105.2736878,58,Moderate,1,30.6,73,0.0,8.0,208,1010.1,100,14.7,22.3,158.0,2.3,79.0,3.6
2025-08-06 11:00:00,2025,8,6,11,An Giang,Xã Giồng Riềng,9.9237413,105.2736878,59,Moderate,1,31.4,71,0.1,7.4,229,1009.5,100,12.0,18.7,146.0,1.2,82.0,2.8
2025-08-06 12:00:00,2025,8,6,12,An Giang,Xã Giồng Riềng,9.9237413,105.2736878,59,Moderate,1,31.5,71,0.2,10.1,246,1008.6,100,10.9,17.7,140.0,1.1,79.0,2.1
2025-08-06 13:00:00,2025,8,6,13,An Giang,Xã Giồng Riềng,9.9237413,105.2736878,60,Moderate,1,29.1,78,9.1,9.3,243,1008.5,100,9.6,15.9,137.0,1.4,74.0,1.7
2025-08-06 14:00:00,2025,8,6,14,An Giang,Xã Giồng Riềng,9.9237413,105.2736878,60,Moderate,1,28.0,80,0.5,12.0,233,1008.2,100,8.8,13.4,138.0,1.6,69.0,1.5
2025-08-06 15:00:00,2025,8,6,15,An Giang,Xã Giồng Riềng,9.9237413,105.2736878,60,Moderate,1,27.8,81,0.1,15.2,239,1007.5,100,7.9,11.5,142.0,2.0,62.0,1.6
2025-08-06 16:00:00,2025,8,6,16,An Giang,Xã Giồng Riềng,9.9237413,105.2736878,60,Moderate,1,27.6,83,0.4,12.9,233,1007.5,100,7.5,10.4,149.0,3.3,55.0,2.0
2025-08-06 17:00:00,2025,8,6,17,An Giang,Xã Giồng Riềng,9.9237413,105.2736878,60,Moderate,1,26.9,85,1.2,9.6,221,1007.5,100,8.4,11.0,159.0,6.1,48.0,3.1
2025-08-06 18:00:00,2025,8,6,18,An Giang,Xã Giồng Riềng,9.9237413,105.2736878,60,Moderate,1,26.5,88,0.0,8.7,214,1007.8,100,11.7,13.8,172.0,9.8,41.0,4.6
2025-08-06 19:00:00,2025,8,6,19,An Giang,Xã Giồng Riềng,9.9237413,105.2736878,61,Moderate,1,25.8,93,0.0,8.5,208,1008.4,100,14.4,16.2,185.0,11.0,37.0,5.1
2025-08-06 20:00:00,2025,8,6,20,An Giang,Xã Giồng Riềng,9.9237413,105.2736878,60,Moderate,1,25.9,93,0.0,8.1,175,1008.9,100,15.6,17.3,198.0,11.2,36.0,5.5
2025-08-06 21:00:00,2025,8,6,21,An Giang,Xã Giồng Riềng,9.9237413,105.2736878,60,Moderate,1,25.7,94,0.0,7.2,183,1009.6,92,16.4,18.2,212.0,11.6,34.0,6.0
2025-08-06 22:00:00,2025,8,6,22,An Giang,Xã Giồng Riềng,9.9237413,105.2736878,60,Moderate,1,25.4,96,0.0,5.0,178,1010.2,100,18.2,19.9,220.0,12.5,32.0,6.4
2025-08-06 23:00:00,2025,8,6,23,An Giang,Xã Giồng Riềng,9.9237413,105.2736878,60,Moderate,1,25.1,97,0.0,4.6,171,1010.2,100,20.6,22.3,221.0,14.3,28.0,6.6
2025-08-07 00:00:00,2025,8,7,0,An Giang,Xã Giồng Riềng,9.9237413,105.2736878,60,Moderate,1,24.9,98,0.0,4.9,172,1009.9,100,23.3,25.0,216.0,16.6,23.0,6.6
2025-08-07 01:00:00,2025,8,7,1,An Giang,Xã Giồng Riềng,9.9237413,105.2736878,61,Moderate,1,24.7,98,0.0,4.5,173,1009.4,100,27.3,29.0,208.0,18.5,19.0,6.7
2025-08-07 02:00:00,2025,8,7,2,An Giang,Xã Giồng Riềng,9.9237413,105.2736878,61,Moderate,1,24.5,98,0.0,4.0,180,1009.0,100,28.6,30.3,195.0,19.8,17.0,7.0
2025-08-07 03:00:00,2025,8,7,3,An Giang,Xã Giồng Riềng,9.9237413,105.2736878,62,Moderate,1,24.5,98,0.0,6.5,166,1008.9,100,28.9,30.7,178.0,20.6,16.0,7.4
2025-08-07 04:00:00,2025,8,7,4,An Giang,Xã Giồng Riềng,9.9237413,105.2736878,63,Moderate,1,24.6,98,0.0,6.4,162,1008.3,100,30.7,32.6,167.0,20.4,17.0,7.3
2025-08-07 05:00:00,2025,8,7,5,An Giang,Xã Giồng Riềng,9.9237413,105.2736878,63,Moderate,1,24.3,98,0.0,4.3,158,1008.5,100,37.5,39.6,166.0,18.9,19.0,6.2
2025-08-07 06:00:00,2025,8,7,6,An Giang,Xã Giồng Riềng,9.9237413,105.2736878,64,Moderate,1,24.2,98,0.0,4.3,180,1009.2,100,56.3,57.9,169.0,16.5,22.0,4.7
2025-08-07 07:00:00,2025,8,7,7,An Giang,Xã Giồng Riềng,9.9237413,105.2736878,67,Moderate,1,26.0,94,0.0,5.0,240,1010.6,100,37.7,39.3,171.0,13.5,28.0,3.4
2025-08-07 08:00:00,2025,8,7,8,An Giang,Xã Giồng Riềng,9.9237413,105.2736878,67,Moderate,1,28.9,82,0.0,6.0,205,1011.0,99,18.4,20.6,167.0,9.6,41.0,2.8
2025-08-07 09:00:00,2025,8,7,9,An Giang,Xã Giồng Riềng,9.9237413,105.2736878,67,Moderate,1,30.0,76,0.1,11.2,218,1011.2,100,9.4,12.3,162.0,5.1,56.0,2.6
2025-08-07 10:00:00,2025,8,7,10,An Giang,Xã Giồng Riềng,9.9237413,105.2736878,67,Moderate,1,29.2,79,3.1,10.5,207,1011.3,100,7.4,9.6,157.0,1.9,68.0,2.4
2025-08-07 11:00:00,2025,8,7,11,An Giang,Xã Giồng Riềng,9.9237413,105.2736878,66,Moderate,1,30.4,76,0.2,9.1,236,1010.9,100,6.0,7.9,154.0,0.8,72.0,2.2
2025-08-07 12:00:00,2025,8,7,12,An Giang,Xã Giồng Riềng,9.9237413,105.2736878,65,Moderate,1,30.5,73,0.1,11.4,247,1010.4,99,5.4,7.2,152.0,0.9,73.0,2.1
2025-08-07 13:00:00,2025,8,7,13,An Giang,Xã Giồng Riềng,9.9237413,105.2736878,65,Moderate,1,31.0,70,0.0,11.5,248,1009.7,100,5.2,7.1,150.0,1.1,72.0,2.0
2025-08-07 14:00:00,2025,8,7,14,An Giang,Xã Giồng Riềng,9.9237413,105.2736878,65,Moderate,1,30.3,71,1.0,13.2,238,1008.6,100,5.1,7.0,142.0,0.7,72.0,1.7
2025-08-07 15:00:00,2025,8,7,15,An Giang,Xã Giồng Riềng,9.9237413,105.2736878,64,Moderate,1,30.2,71,0.0,12.4,251,1007.8,100,5.1,7.2,133.0,0.5,71.0,1.5
2025-08-07 16:00:00,2025,8,7,16,An Giang,Xã Giồng Riềng,9.9237413,105.2736878,64,Moderate,1,29.8,70,0.0,11.4,235,1007.6,98,5.2,7.3,138.0,1.6,67.0,1.8
2025-08-07 17:00:00,2025,8,7,17,An Giang,Xã Giồng Riềng,9.9237413,105.2736878,64,Moderate,1,29.2,74,0.0,8.6,233,1007.4,91,5.9,8.0,168.0,5.2,58.0,3.1
2025-08-07 18:00:00,2025,8,7,18,An Giang,Xã Giồng Riềng,9.9237413,105.2736878,64,Moderate,1,28.5,82,0.0,2.9,202,1007.5,73,9.8,11.6,211.0,10.1,47.0,4.9
2025-08-07 19:00:00,2025,8,7,19,An Giang,Xã Giồng Riềng,9.9237413,105.2736878,63,Moderate,1,27.0,89,0.0,2.9,187,1008.2,67,24.8,27.5,255.0,18.2,34.0,8.1
2025-08-07 20:00:00,2025,8,7,20,An Giang,Xã Giồng Riềng,9.9237413,105.2736878,64,Moderate,1,27.2,87,0.0,2.8,230,1008.8,8,37.1,39.8,297.0,20.3,31.0,9.0
2025-08-07 21:00:00,2025,8,7,21,An Giang,Xã Giồng Riềng,9.9237413,105.2736878,66,Moderate,1,26.8,89,0.0,2.1,200,1009.8,11,42.7,45.2,338.0,23.1,26.0,10.2
2025-08-07 22:00:00,2025,8,7,22,An Giang,Xã Giồng Riềng,9.9237413,105.2736878,68,Moderate,1,26.0,93,0.0,4.3,213,1010.2,10,37.8,40.2,369.0,24.6,23.0,10.6
2025-08-07 23:00:00,2025,8,7,23,An Giang,Xã Giồng Riềng,9.9237413,105.2736878,70,Moderate,1,25.5,93,0.0,4.0,190,1010.0,0,32.1,34.2,390.0,23.5,23.0,9.4
2025-08-08 00:00:00,2025,8,8,0,An Giang,Xã Giồng Riềng,9.9237413,105.2736878,71,Moderate,1,25.1,94,0.0,4.4,201,1009.7,2,29.0,31.2,400.0,21.0,24.0,7.3
2025-08-08 01:00:00,2025,8,8,1,An Giang,Xã Giồng Riềng,9.9237413,105.2736878,72,Moderate,1,24.9,95,0.0,4.8,205,1009.1,11,30.4,32.5,389.0,18.7,26.0,5.6
2025-08-08 02:00:00,2025,8,8,2,An Giang,Xã Giồng Riềng,9.9237413,105.2736878,72,Moderate,1,24.7,95,0.0,5.2,207,1008.5,0,30.5,32.5,338.0,17.2,27.0,4.7
2025-08-08 03:00:00,2025,8,8,3,An Giang,Xã Giồng Riềng,9.9237413,105.2736878,72,Moderate,1,24.6,95,0.0,5.2,202,1008.4,0,26.2,28.1,265.0,16.0,29.0,4.2
2025-08-08 04:00:00,2025,8,8,4,An Giang,Xã Giồng Riềng,9.9237413,105.2736878,72,Moderate,1,24.4,96,0.0,4.8,193,1008.6,4,25.0,26.9,212.0,15.0,30.0,4.0
2025-08-08 05:00:00,2025,8,8,5,An Giang,Xã Giồng Riềng,9.9237413,105.2736878,71,Moderate,1,24.3,96,0.0,5.2,209,1009.0,2,29.6,31.8,201.0,14.8,28.0,4.4
2025-08-08 06:00:00,2025,8,8,6,An Giang,Xã Giồng Riềng,9.9237413,105.2736878,71,Moderate,1,24.4,96,0.0,6.0,217,1009.9,15,35.6,37.7,210.0,14.8,26.0,5.1
2025-08-08 07:00:00,2025,8,8,7,An Giang,Xã Giồng Riềng,9.9237413,105.2736878,69,Moderate,1,26.3,91,0.0,7.5,207,1010.7,25,28.3,30.4,212.0,12.0,30.0,5.2
2025-08-08 08:00:00,2025,8,8,8,An Giang,Xã Giồng Riềng,9.9237413,105.2736878,68,Moderate,1,29.0,83,0.0,4.4,212,1011.4,33,17.6,20.7,192.0,8.9,43.0,4.5
2025-08-08 09:00:00,2025,8,8,9,An Giang,Xã Giồng Riềng,9.9237413,105.2736878,68,Moderate,1,30.3,74,0.1,7.9,266,1011.5,49,11.4,15.0,165.0,4.7,60.0,3.5
2025-08-08 10:00:00,2025,8,8,10,An Giang,Xã Giồng Riềng,9.9237413,105.2736878,68,Moderate,1,31.1,69,0.1,10.2,278,1011.7,92,10.0,13.8,144.0,1.5,73.0,2.7
2025-08-08 11:00:00,2025,8,8,11,An Giang,Xã Giồng Riềng,9.9237413,105.2736878,68,Moderate,1,31.7,66,0.1,10.9,277,1011.5,98,9.3,13.1,136.0,0.5,76.0,2.4
2025-08-08 12:00:00,2025,8,8,12,An Giang,Xã Giồng Riềng,9.9237413,105.2736878,69,Moderate,1,31.9,63,0.0,11.9,270,1010.8,100,8.8,12.4,135.0,0.6,75.0,2.2
2025-08-08 13:00:00,2025,8,8,13,An Giang,Xã Giồng Riềng,9.9237413,105.2736878,69,Moderate,1,32.1,61,0.0,11.9,266,1009.9,100,8.3,11.9,135.0,0.9,72.0,2.2
2025-08-08 14:00:00,2025,8,8,14,An Giang,Xã Giồng Riềng,9.9237413,105.2736878,69,Moderate,1,31.4,60,0.3,12.7,264,1009.3,99,7.7,11.3,131.0,0.9,68.0,2.1
2025-08-08 15:00:00,2025,8,8,15,An Giang,Xã Giồng Riềng,9.9237413,105.2736878,70,Moderate,1,30.5,66,0.1,10.4,269,1008.8,100,7.5,10.5,128.0,1.1,63.0,2.0
2025-08-08 16:00:00,2025,8,8,16,An Giang,Xã Giồng Riềng,9.9237413,105.2736878,70,Moderate,1,29.7,71,0.0,11.9,273,1008.3,99,7.8,11.3,133.0,2.4,57.0,2.4
2025-08-08 17:00:00,2025,8,8,17,An Giang,Xã Giồng Riềng,9.9237413,105.2736878,70,Moderate,1,29.5,73,0.0,8.4,261,1008.2,74,8.7,12.3,155.0,5.4,50.0,3.5
2025-08-08 18:00:00,2025,8,8,18,An Giang,Xã Giồng Riềng,9.9237413,105.2736878,70,Moderate,1,28.6,79,0.0,4.4,261,1008.7,96,12.2,15.6,186.0,9.6,42.0,5.1
2025-08-08 19:00:00,2025,8,8,19,An Giang,Xã Giồng Riềng,9.9237413,105.2736878,70,Moderate,1,27.5,84,0.0,5.4,233,1008.9,99,24.7,29.2,210.0,16.9,33.0,8.1
2025-08-08 20:00:00,2025,8,8,20,An Giang,Xã Giồng Riềng,9.9237413,105.2736878,70,Moderate,1,27.5,80,0.0,5.9,227,1009.5,100,36.2,40.7,222.0,20.5,28.0,9.8
2025-08-08 21:00:00,2025,8,8,21,An Giang,Xã Giồng Riềng,9.9237413,105.2736878,70,Moderate,1,27.2,79,0.0,6.9,229,1010.6,100,43.7,48.0,227.0,25.3,21.0,12.0
2025-08-08 22:00:00,2025,8,8,22,An Giang,Xã Giồng Riềng,9.9237413,105.2736878,70,Moderate,1,26.9,80,0.0,8.3,228,1011.3,100,41.9,45.6,224.0,27.0,18.0,12.7
2025-08-08 23:00:00,2025,8,8,23,An Giang,Xã Giồng Riềng,9.9237413,105.2736878,71,Moderate,1,26.8,81,0.0,7.5,233,1011.8,100,32.5,35.6,207.0,22.8,22.0,10.4
2025-08-09 00:00:00,2025,8,9,0,An Giang,Xã Giồng Riềng,9.9237413,105.2736878,71,Moderate,1,26.9,81,0.0,8.5,238,1011.6,100,22.4,25.3,182.0,15.7,29.0,6.5
2025-08-09 01:00:00,2025,8,9,1,An Giang,Xã Giồng Riềng,9.9237413,105.2736878,70,Moderate,1,26.9,81,0.0,7.9,240,1010.8,100,16.9,19.6,161.0,10.2,34.0,3.6
2025-08-09 02:00:00,2025,8,9,2,An Giang,Xã Giồng Riềng,9.9237413,105.2736878,69,Moderate,1,26.8,83,0.0,8.0,245,1010.1,100,13.9,16.4,147.0,8.4,35.0,2.7
2025-08-09 03:00:00,2025,8,9,3,An Giang,Xã Giồng Riềng,9.9237413,105.2736878,68,Moderate,1,26.6,86,0.0,6.9,239,1009.7,100,12.9,15.1,136.0,8.3,35.0,2.7
2025-08-09 04:00:00,2025,8,9,4,An Giang,Xã Giồng Riềng,9.9237413,105.2736878,66,Moderate,1,26.3,89,0.0,5.1,253,1009.9,100,13.2,15.3,133.0,8.3,35.0,2.9
2025-08-09 05:00:00,2025,8,9,5,An Giang,Xã Giồng Riềng,9.9237413,105.2736878,65,Moderate,1,26.5,89,0.0,5.7,238,1009.8,97,14.2,16.2,143.0,8.0,34.0,3.2
2025-08-09 06:00:00,2025,8,9,6,An Giang,Xã Giồng Riềng,9.9237413,105.2736878,64,Moderate,1,26.2,91,0.0,5.6,239,1010.2,97,14.2,16.1,159.0,7.9,34.0,3.8
2025-08-09 07:00:00,2025,8,9,7,An Giang,Xã Giồng Riềng,9.9237413,105.2736878,62,Moderate,1,28.0,86,0.0,8.2,248,1010.9,99,16.4,18.0,167.0,9.1,31.0,4.7
2025-08-09 08:00:00,2025,8,9,8,An Giang,Xã Giồng Riềng,9.9237413,105.2736878,61,Moderate,1,28.6,79,0.0,9.1,240,1011.3,100,9.7,11.9,157.0,7.1,41.0,4.3
2025-08-09 09:00:00,2025,8,9,9,An Giang,Xã Giồng Riềng,9.9237413,105.2736878,60,Moderate,1,29.5,75,0.4,14.2,271,1011.4,100,7.3,9.6,139.0,4.3,55.0,3.8
2025-08-09 10:00:00,2025,8,9,10,An Giang,Xã Giồng Riềng,9.9237413,105.2736878,60,Moderate,1,29.6,78,0.1,15.6,278,1011.3,100,6.1,7.9,125.0,2.2,66.0,3.3
2025-08-09 11:00:00,2025,8,9,11,An Giang,Xã Giồng Riềng,9.9237413,105.2736878,60,Moderate,1,29.2,78,1.5,16.2,280,1011.2,100,5.8,7.3,121.0,1.5,72.0,3.0
2025-08-09 12:00:00,2025,8,9,12,An Giang,Xã Giồng Riềng,9.9237413,105.2736878,59,Moderate,1,29.5,77,0.3,12.0,252,1010.1,100,6.0,7.3,121.0,1.5,74.0,2.9
2025-08-09 13:00:00,2025,8,9,13,An Giang,Xã Giồng Riềng,9.9237413,105.2736878,59,Moderate,1,28.4,76,0.5,14.0,262,1010.0,100,5.0,5.9,123.0,1.8,74.0,2.7
2025-08-09 14:00:00,2025,8,9,14,An Giang,Xã Giồng Riềng,9.9237413,105.2736878,59,Moderate,1,28.4,77,0.8,19.2,260,1009.1,100,4.9,5.8,125.0,2.2,71.0,2.5
2025-08-09 15:00:00,2025,8,9,15,An Giang,Xã Giồng Riềng,9.9237413,105.2736878,59,Moderate,1,27.4,82,0.1,18.8,261,1008.3,100,5.0,5.9,128.0,2.7,64.0,2.3
2025-08-09 16:00:00,2025,8,9,16,An Giang,Xã Giồng Riềng,9.9237413,105.2736878,58,Moderate,1,27.2,82,0.0,17.2,265,1007.8,100,5.1,5.9,136.0,3.4,59.0,2.3
2025-08-09 17:00:00,2025,8,9,17,An Giang,Xã Giồng Riềng,9.9237413,105.2736878,58,Moderate,1,27.5,81,0.0,15.2,251,1007.8,100,6.1,6.7,153.0,4.1,55.0,2.4
2025-08-09 18:00:00,2025,8,9,18,An Giang,Xã Giồng Riềng,9.9237413,105.2736878,58,Moderate,1,26.8,84,0.0,11.6,257,1008.4,100,6.3,7.0,175.0,4.8,52.0,2.7
2025-08-09 19:00:00,2025,8,9,19,An Giang,Xã Giồng Riềng,9.9237413,105.2736878,57,Moderate,1,26.1,88,0.0,5.5,279,1009.0,100,11.4,12.3,191.0,9.5,43.0,5.2
2025-08-09 20:00:00,2025,8,9,20,An Giang,Xã Giồng Riềng,9.9237413,105.2736878,56,Moderate,1,26.6,88,0.0,5.4,255,1009.2,100,11.8,12.7,196.0,9.6,43.0,5.4
2025-08-09 21:00:00,2025,8,9,21,An Giang,Xã Giồng Riềng,9.9237413,105.2736878,54,Moderate,1,26.2,90,0.0,3.8,221,1010.0,100,12.3,13.2,194.0,9.8,42.0,5.7
2025-08-09 22:00:00,2025,8,9,22,An Giang,Xã Giồng Riềng,9.9237413,105.2736878,51,Moderate,1,26.2,90,0.0,5.2,248,1010.3,100,13.2,14.0,190.0,10.0,41.0,5.7
2025-08-09 23:00:00,2025,8,9,23,An Giang,Xã Giồng Riềng,9.9237413,105.2736878,47,Good,0,26.1,91,0.2,4.7,227,1010.9,100,13.7,14.6,182.0,10.2,39.0,5.3
2025-08-10 00:00:00,2025,8,10,0,An Giang,Xã Giồng Riềng,9.9237413,105.2736878,44,Good,0,25.9,94,0.0,2.0,190,1010.3,100,13.3,14.3,171.0,10.3,38.0,4.7
2025-08-10 01:00:00,2025,8,10,1,An Giang,Xã Giồng Riềng,9.9237413,105.2736878,42,Good,0,25.6,94,0.0,5.5,226,1009.6,100,13.5,14.6,162.0,10.4,36.0,4.2
2025-08-10 02:00:00,2025,8,10,2,An Giang,Xã Giồng Riềng,9.9237413,105.2736878,42,Good,0,25.6,94,0.0,0.9,11,1008.7,100,14.0,15.3,156.0,10.3,35.0,3.9
2025-08-10 03:00:00,2025,8,10,3,An Giang,Xã Giồng Riềng,9.9237413,105.2736878,42,Good,0,25.1,96,0.0,2.2,14,1008.1,98,13.8,15.2,151.0,10.2,34.0,3.6
2025-08-10 04:00:00,2025,8,10,4,An Giang,Xã Giồng Riềng,9.9237413,105.2736878,42,Good,0,24.5,98,0.0,3.4,270,1008.1,97,13.4,14.8,148.0,9.8,33.0,3.5
2025-08-10 05:00:00,2025,8,10,5,An Giang,Xã Giồng Riềng,9.9237413,105.2736878,42,Good,0,24.2,99,0.0,4.2,290,1008.5,98,13.3,14.8,146.0,9.3,31.0,3.7
2025-08-10 06:00:00,2025,8,10,6,An Giang,Xã Giồng Riềng,9.9237413,105.2736878,42,Good,0,24.5,97,0.8,11.3,236,1009.4,100,13.9,15.4,144.0,8.6,30.0,4.0
2025-08-10 07:00:00,2025,8,10,7,An Giang,Xã Giồng Riềng,9.9237413,105.2736878,42,Good,0,24.5,95,1.2,4.0,190,1009.3,98,15.4,17.4,143.0,7.9,31.0,4.0
2025-08-10 08:00:00,2025,8,10,8,An Giang,Xã Giồng Riềng,9.9237413,105.2736878,42,Good,0,27.9,83,0.5,10.7,248,1009.4,90,11.3,13.6,142.0,5.9,38.0,3.5
2025-08-10 09:00:00,2025,8,10,9,An Giang,Xã Giồng Riềng,9.9237413,105.2736878,42,Good,0,29.0,82,0.2,8.4,260,1009.4,95,8.5,11.0,142.0,3.2,49.0,2.8
2025-08-10 10:00:00,2025,8,10,10,An Giang,Xã Giồng Riềng,9.9237413,105.2736878,42,Good,0,30.3,77,0.1,11.8,263,1009.4,100,6.7,8.8,140.0,1.3,56.0,2.2
2025-08-10 11:00:00,2025,8,10,11,An Giang,Xã Giồng Riềng,9.9237413,105.2736878,42,Good,0,27.3,84,6.3,18.2,263,1010.2,100,5.8,7.8,136.0,0.8,58.0,2.0
2025-08-10 12:00:00,2025,8,10,12,An Giang,Xã Giồng Riềng,9.9237413,105.2736878,42,Good,0,28.9,80,0.7,14.2,252,1009.2,100,5.5,7.7,131.0,1.0,57.0,1.9
2025-08-10 13:00:00,2025,8,10,13,An Giang,Xã Giồng Riềng,9.9237413,105.2736878,42,Good,0,29.6,76,0.4,16.2,258,1008.4,93,5.9,7.8,128.0,1.4,55.0,1.9
2025-08-10 14:00:00,2025,8,10,14,An Giang,Xã Giồng Riềng,9.9237413,105.2736878,42,Good,0,28.5,79,0.5,20.1,252,1007.5,93,6.6,8.2,127.0,1.8,54.0,2.0
2025-08-10 15:00:00,2025,8,10,15,An Giang,Xã Giồng Riềng,9.9237413,105.2736878,43,Good,0,27.0,84,1.3,15.1,238,1007.3,100,7.0,8.5,127.0,2.4,52.0,2.1
2025-08-10 16:00:00,2025,8,10,16,An Giang,Xã Giồng Riềng,9.9237413,105.2736878,43,Good,0,27.7,83,0.2,18.8,246,1006.8,97,7.4,8.7,129.0,3.1,50.0,2.3
2025-08-10 17:00:00,2025,8,10,17,An Giang,Xã Giồng Riềng,9.9237413,105.2736878,43,Good,0,27.5,80,0.1,19.3,250,1006.8,99,7.0,8.1,135.0,3.8,49.0,2.5
2025-08-10 18:00:00,2025,8,10,18,An Giang,Xã Giồng Riềng,9.9237413,105.2736878,44,Good,0,26.6,84,0.0,16.2,251,1007.4,100,7.1,8.0,143.0,4.5,48.0,2.7
2025-08-10 19:00:00,2025,8,10,19,An Giang,Xã Giồng Riềng,9.9237413,105.2736878,44,Good,0,26.1,87,0.0,12.5,229,1007.8,100,9.2,10.4,151.0,5.4,47.0,2.9
2025-08-10 20:00:00,2025,8,10,20,An Giang,Xã Giồng Riềng,9.9237413,105.2736878,43,Good,0,25.2,93,0.7,14.7,237,1008.1,100,9.1,10.2,161.0,5.4,47.0,3.0
2025-08-10 21:00:00,2025,8,10,21,An Giang,Xã Giồng Riềng,9.9237413,105.2736878,43,Good,0,25.2,94,0.1,13.5,240,1009.1,100,9.3,10.6,171.0,5.3,46.0,3.1
2025-08-10 22:00:00,2025,8,10,22,An Giang,Xã Giồng Riềng,9.9237413,105.2736878,42,Good,0,25.3,94,1.1,12.7,235,1010.0,100,9.3,10.8,172.0,5.2,46.0,3.0
2025-08-10 23:00:00,2025,8,10,23,An Giang,Xã Giồng Riềng,9.9237413,105.2736878,42,Good,0,25.5,94,0.0,11.8,223,1009.7,100,9.4,11.1,157.0,5.0,46.0,2.6
2025-08-11 00:00:00,2025,8,11,0,An Giang,Xã Giồng Riềng,9.9237413,105.2736878,41,Good,0,25.5,94,0.0,12.5,227,1009.3,100,9.4,11.2,135.0,4.7,46.0,2.2
2025-08-11 01:00:00,2025,8,11,1,An Giang,Xã Giồng Riềng,9.9237413,105.2736878,40,Good,0,25.1,94,0.0,14.3,225,1009.0,100,8.5,10.3,119.0,4.5,45.0,1.8
2025-08-11 02:00:00,2025,8,11,2,An Giang,Xã Giồng Riềng,9.9237413,105.2736878,39,Good,0,24.8,95,0.0,11.7,226,1008.5,100,7.7,9.2,117.0,4.5,44.0,1.7
2025-08-11 03:00:00,2025,8,11,3,An Giang,Xã Giồng Riềng,9.9237413,105.2736878,38,Good,0,24.5,96,0.0,10.2,224,1007.6,99,7.4,8.6,122.0,4.7,42.0,1.7
2025-08-11 04:00:00,2025,8,11,4,An Giang,Xã Giồng Riềng,9.9237413,105.2736878,37,Good,0,24.6,95,0.0,14.2,230,1007.6,97,8.1,9.2,129.0,4.9,40.0,1.9
2025-08-11 05:00:00,2025,8,11,5,An Giang,Xã Giồng Riềng,9.9237413,105.2736878,36,Good,0,24.2,94,0.0,14.5,258,1008.0,100,8.8,10.0,141.0,5.3,37.0,2.3
2025-08-11 06:00:00,2025,8,11,6,An Giang,Xã Giồng Riềng,9.9237413,105.2736878,35,Good,0,24.2,95,0.0,9.3,248,1007.6,100,10.3,11.5,155.0,5.8,34.0,2.9
2025-08-11 07:00:00,2025,8,11,7,An Giang,Xã Giồng Riềng,9.9237413,105.2736878,35,Good,0,25.0,89,0.0,18.7,242,1008.4,100,10.7,12.0,162.0,5.4,35.0,3.2
2025-08-11 08:00:00,2025,8,11,8,An Giang,Xã Giồng Riềng,9.9237413,105.2736878,34,Good,0,26.8,83,0.0,21.9,256,1009.0,100,6.4,7.5,153.0,4.2,41.0,2.8
2025-08-11 09:00:00,2025,8,11,9,An Giang,Xã Giồng Riềng,9.9237413,105.2736878,33,Good,0,28.2,79,0.1,20.9,259,1009.2,96,5.5,6.4,136.0,2.6,50.0,2.3
2025-08-11 10:00:00,2025,8,11,10,An Giang,Xã Giồng Riềng,9.9237413,105.2736878,33,Good,0,28.8,75,0.7,21.3,254,1009.3,60,4.7,5.5,123.0,1.4,56.0,1.9
2025-08-11 11:00:00,2025,8,11,11,An Giang,Xã Giồng Riềng,9.9237413,105.2736878,32,Good,0,27.5,80,2.6,18.8,260,1009.6,92,4.5,5.3,119.0,1.1,59.0,1.8
2025-08-11 12:00:00,2025,8,11,12,An Giang,Xã Giồng Riềng,9.9237413,105.2736878,32,Good,0,28.2,78,0.1,18.4,255,1008.6,82,4.6,5.4,118.0,1.3,59.0,1.8
2025-08-11 13:00:00,2025,8,11,13,An Giang,Xã Giồng Riềng,9.9237413,105.2736878,32,Good,0,28.7,73,1.3,20.7,259,1007.8,99,5.2,6.1,119.0,1.7,59.0,1.8
2025-08-11 14:00:00,2025,8,11,14,An Giang,Xã Giồng Riềng,9.9237413,105.2736878,32,Good,0,27.8,76,1.5,21.2,260,1007.2,100,6.0,7.1,120.0,2.1,57.0,1.8
2025-08-11 15:00:00,2025,8,11,15,An Giang,Xã Giồng Riềng,9.9237413,105.2736878,32,Good,0,28.1,78,0.2,17.6,264,1006.2,100,6.6,7.6,123.0,2.7,54.0,1.9
2025-08-11 16:00:00,2025,8,11,16,An Giang,Xã Giồng Riềng,9.9237413,105.2736878,32,Good,0,28.2,74,0.1,17.4,259,1005.7,99,7.3,8.1,126.0,3.3,51.0,2.0
2025-08-11 17:00:00,2025,8,11,17,An Giang,Xã Giồng Riềng,9.9237413,105.2736878,32,Good,0,27.4,77,0.0,18.1,257,1006.2,99,7.8,8.7,131.0,4.0,49.0,2.3
2025-08-11 18:00:00,2025,8,11,18,An Giang,Xã Giồng Riềng,9.9237413,105.2736878,32,Good,0,26.6,84,0.1,13.6,253,1006.3,96,8.5,9.4,136.0,4.9,48.0,2.7
2025-08-11 19:00:00,2025,8,11,19,An Giang,Xã Giồng Riềng,9.9237413,105.2736878,32,Good,0,26.5,80,0.0,15.3,258,1006.9,100,10.5,12.3,142.0,5.1,52.0,2.9
2025-08-11 20:00:00,2025,8,11,20,An Giang,Xã Giồng Riềng,9.9237413,105.2736878,32,Good,0,26.4,88,0.0,10.6,249,1007.7,100,11.1,13.0,149.0,5.2,51.0,3.1
2025-08-11 21:00:00,2025,8,11,21,An Giang,Xã Giồng Riềng,9.9237413,105.2736878,33,Good,0,26.5,84,0.0,12.4,257,1008.3,100,11.7,13.6,157.0,5.4,50.0,3.3
2025-08-11 22:00:00,2025,8,11,22,An Giang,Xã Giồng Riềng,9.9237413,105.2736878,33,Good,0,26.3,86,0.0,10.9,253,1008.6,95,11.2,13.0,161.0,5.5,49.0,3.3
2025-08-11 23:00:00,2025,8,11,23,An Giang,Xã Giồng Riềng,9.9237413,105.2736878,33,Good,0,26.4,86,0.0,11.1,257,1009.1,94,10.6,12.5,159.0,5.4,48.0,3.0
2025-08-12 00:00:00,2025,8,12,0,An Giang,Xã Giồng Riềng,9.9237413,105.2736878,34,Good,0,26.0,88,0.0,10.0,253,1008.6,100,10.2,12.2,154.0,5.1,47.0,2.6
2025-08-12 01:00:00,2025,8,12,1,An Giang,Xã Giồng Riềng,9.9237413,105.2736878,34,Good,0,25.9,86,0.0,8.8,259,1008.3,97,9.9,11.9,147.0,5.1,45.0,2.3
2025-08-12 02:00:00,2025,8,12,2,An Giang,Xã Giồng Riềng,9.9237413,105.2736878,34,Good,0,25.7,85,0.0,14.0,269,1008.0,100,9.5,11.3,136.0,5.6,42.0,2.4
2025-08-12 03:00:00,2025,8,12,3,An Giang,Xã Giồng Riềng,9.9237413,105.2736878,34,Good,0,24.9,90,0.1,11.2,271,1007.5,100,9.6,11.3,124.0,6.4,39.0,2.7
2025-08-12 04:00:00,2025,8,12,4,An Giang,Xã Giồng Riềng,9.9237413,105.2736878,35,Good,0,24.8,91,0.4,12.9,254,1007.3,100,10.2,11.8,118.0,6.7,37.0,2.8
2025-08-12 05:00:00,2025,8,12,5,An Giang,Xã Giồng Riềng,9.9237413,105.2736878,35,Good,0,24.4,93,0.0,12.6,244,1007.6,77,11.4,13.0,124.0,6.2,38.0,2.7
2025-08-12 06:00:00,2025,8,12,6,An Giang,Xã Giồng Riềng,9.9237413,105.2736878,35,Good,0,23.9,94,0.2,10.4,236,1007.8,100,9.1,10.3,136.0,5.2,40.0,2.5
2025-08-12 07:00:00,2025,8,12,7,An Giang,Xã Giồng Riềng,9.9237413,105.2736878,35,Good,0,25.0,93,0.0,10.4,208,1008.2,95,14.3,16.6,144.0,7.3,34.0,3.5
2025-08-12 08:00:00,2025,8,12,8,An Giang,Xã Giồng Riềng,9.9237413,105.2736878,36,Good,0,26.4,89,0.0,16.1,248,1008.7,100,13.7,16.5,141.0,5.7,41.0,3.2
2025-08-12 09:00:00,2025,8,12,9,An Giang,Xã Giồng Riềng,9.9237413,105.2736878,37,Good,0,28.0,80,0.0,20.5,251,1008.7,61,13.4,17.1,134.0,3.5,52.0,2.8
2025-08-12 10:00:00,2025,8,12,10,An Giang,Xã Giồng Riềng,9.9237413,105.2736878,38,Good,0,29.1,74,0.1,18.4,248,1008.6,97,13.0,17.2,128.0,1.9,60.0,2.5
2025-08-12 11:00:00,2025,8,12,11,An Giang,Xã Giồng Riềng,9.9237413,105.2736878,40,Good,0,29.8,70,0.1,22.2,255,1008.0,98,12.8,17.0,125.0,1.3,64.0,2.2
2025-08-12 12:00:00,2025,8,12,12,An Giang,Xã Giồng Riềng,9.9237413,105.2736878,41,Good,0,30.0,69,0.1,21.3,258,1007.4,100,12.2,16.1,122.0,1.2,66.0,2.0
2025-08-12 13:00:00,2025,8,12,13,An Giang,Xã Giồng Riềng,9.9237413,105.2736878,43,Good,0,29.0,74,1.0,18.6,261,1007.2,98,11.9,15.8,121.0,1.4,66.0,1.9
2025-08-12 14:00:00,2025,8,12,14,An Giang,Xã Giồng Riềng,9.9237413,105.2736878,44,Good,0,29.4,73,0.1,17.4,253,1006.4,96,11.3,14.9,121.0,1.6,64.0,1.9
2025-08-12 15:00:00,2025,8,12,15,An Giang,Xã Giồng Riềng,9.9237413,105.2736878,45,Good,0,28.5,77,0.6,14.6,254,1006.3,89,10.4,13.6,123.0,2.1,61.0,1.9
2025-08-12 16:00:00,2025,8,12,16,An Giang,Xã Giồng Riềng,9.9237413,105.2736878,45,Good,0,28.4,78,0.1,13.6,250,1006.2,100,10.1,12.2,126.0,2.9,58.0,2.2
2025-08-12 17:00:00,2025,8,12,17,An Giang,Xã Giồng Riềng,9.9237413,105.2736878,46,Good,0,27.6,79,0.1,17.0,243,1006.5,100,10.6,12.7,132.0,4.4,55.0,2.8
2025-08-12 18:00:00,2025,8,12,18,An Giang,Xã Giồng Riềng,9.9237413,105.2736878,46,Good,0,26.7,85,0.0,12.1,240,1007.1,99,11.1,13.0,140.0,6.3,52.0,3.6
2025-08-12 19:00:00,2025,8,12,19,An Giang,Xã Giồng Riềng,9.9237413,105.2736878,47,Good,0,26.0,88,0.1,13.3,261,1008.0,100,11.5,12.8,147.0,7.0,51.0,3.8
2025-08-12 20:00:00,2025,8,12,20,An Giang,Xã Giồng Riềng,9.9237413,105.2736878,47,Good,0,26.0,89,0.0,8.7,240,1008.7,99,12.7,14.0,154.0,7.5,49.0,4.1
2025-08-12 21:00:00,2025,8,12,21,An Giang,Xã Giồng Riềng,9.9237413,105.2736878,47,Good,0,25.9,90,0.0,7.1,240,1009.6,95,13.6,14.9,160.0,8.2,46.0,4.5
2025-08-12 22:00:00,2025,8,12,22,An Giang,Xã Giồng Riềng,9.9237413,105.2736878,48,Good,0,25.7,91,0.0,6.4,209,1009.9,98,13.5,14.6,163.0,8.5,44.0,4.5
2025-08-12 23:00:00,2025,8,12,23,An Giang,Xã Giồng Riềng,9.9237413,105.2736878,48,Good,0,25.6,91,0.0,8.7,238,1010.3,100,11.3,12.4,163.0,7.9,44.0,3.9
2025-08-13 00:00:00,2025,8,13,0,An Giang,Xã Giồng Riềng,9.9237413,105.2736878,48,Good,0,25.9,91,0.0,8.2,248,1010.0,100,9.6,10.7,160.0,7.0,44.0,3.0
2025-08-13 01:00:00,2025,8,13,1,An Giang,Xã Giồng Riềng,9.9237413,105.2736878,48,Good,0,25.7,92,0.0,8.4,236,1009.0,100,9.2,10.3,154.0,6.0,45.0,2.2
2025-08-13 02:00:00,2025,8,13,2,An Giang,Xã Giồng Riềng,9.9237413,105.2736878,48,Good,0,25.3,94,0.0,6.7,232,1008.6,100,8.7,9.8,140.0,5.1,47.0,1.8
2025-08-13 03:00:00,2025,8,13,3,An Giang,Xã Giồng Riềng,9.9237413,105.2736878,48,Good,0,25.4,94,0.0,6.9,221,1008.7,100,7.8,9.0,123.0,4.3,49.0,1.5
2025-08-13 04:00:00,2025,8,13,4,An Giang,Xã Giồng Riềng,9.9237413,105.2736878,47,Good,0,24.9,93,1.9,7.1,255,1008.4,100,7.1,8.4,114.0,3.9,50.0,1.5
2025-08-13 05:00:00,2025,8,13,5,An Giang,Xã Giồng Riềng,9.9237413,105.2736878,47,Good,0,23.5,98,8.2,12.3,239,1009.4,100,7.8,9.1,122.0,4.3,47.0,1.8
2025-08-13 06:00:00,2025,8,13,6,An Giang,Xã Giồng Riềng,9.9237413,105.2736878,46,Good,0,23.8,98,2.3,6.6,235,1009.0,99,8.3,9.6,137.0,5.1,43.0,2.2
2025-08-13 07:00:00,2025,8,13,7,An Giang,Xã Giồng Riềng,9.9237413,105.2736878,46,Good,0,24.1,96,0.1,8.2,195,1009.3,98,8.0,9.1,148.0,4.5,49.0,2.2
2025-08-13 08:00:00,2025,8,13,8,An Giang,Xã Giồng Riềng,9.9237413,105.2736878,45,Good,0,26.1,85,2.6,17.5,249,1010.5,100,7.5,8.7,147.0,3.7,53.0,2.4
2025-08-13 09:00:00,2025,8,13,9,An Giang,Xã Giồng Riềng,9.9237413,105.2736878,44,Good,0,27.0,85,0.3,13.5,247,1010.8,100,8.0,9.3,140.0,2.7,59.0,2.6
2025-08-13 10:00:00,2025,8,13,10,An Giang,Xã Giồng Riềng,9.9237413,105.2736878,43,Good,0,28.1,81,0.2,15.3,255,1010.4,100,7.7,9.1,135.0,1.8,64.0,2.7
2025-08-13 11:00:00,2025,8,13,11,An Giang,Xã Giồng Riềng,9.9237413,105.2736878,42,Good,0,26.5,85,10.0,18.3,255,1010.5,100,7.0,8.5,133.0,1.3,66.0,2.4
2025-08-13 12:00:00,2025,8,13,12,An Giang,Xã Giồng Riềng,9.9237413,105.2736878,41,Good,0,27.5,82,0.2,17.5,242,1009.7,100,6.5,8.1,131.0,1.0,66.0,2.0
2025-08-13 13:00:00,2025,8,13,13,An Giang,Xã Giồng Riềng,9.9237413,105.2736878,40,Good,0,27.8,81,0.2,15.2,254,1008.9,100,6.2,7.8,130.0,1.0,66.0,1.7
2025-08-13 14:00:00,2025,8,13,14,An Giang,Xã Giồng Riềng,9.9237413,105.2736878,39,Good,0,27.4,80,0.3,17.9,246,1008.1,100,5.8,7.0,128.0,1.2,65.0,1.8
2025-08-13 15:00:00,2025,8,13,15,An Giang,Xã Giồng Riềng,9.9237413,105.2736878,38,Good,0,27.6,77,0.1,19.6,255,1007.4,100,5.7,6.9,127.0,1.6,64.0,2.0
2025-08-13 16:00:00,2025,8,13,16,An Giang,Xã Giồng Riềng,9.9237413,105.2736878,37,Good,0,27.5,79,0.0,19.4,254,1007.0,100,6.0,7.0,128.0,2.3,61.0,2.3
2025-08-13 17:00:00,2025,8,13,17,An Giang,Xã Giồng Riềng,9.9237413,105.2736878,37,Good,0,27.3,80,0.0,15.7,248,1006.6,100,6.7,7.7,134.0,3.6,57.0,2.7
2025-08-13 18:00:00,2025,8,13,18,An Giang,Xã Giồng Riềng,9.9237413,105.2736878,36,Good,0,26.8,82,0.0,12.9,245,1006.7,100,7.8,8.8,143.0,5.3,52.0,3.2
2025-08-13 19:00:00,2025,8,13,19,An Giang,Xã Giồng Riềng,9.9237413,105.2736878,35,Good,0,26.5,83,0.0,10.6,242,1007.3,100,7.9,9.1,151.0,5.2,50.0,2.9
2025-08-13 20:00:00,2025,8,13,20,An Giang,Xã Giồng Riềng,9.9237413,105.2736878,35,Good,0,27.1,82,0.0,13.3,257,1008.0,100,8.9,10.1,160.0,6.2,46.0,3.4
2025-08-13 21:00:00,2025,8,13,21,An Giang,Xã Giồng Riềng,9.9237413,105.2736878,34,Good,0,26.9,84,0.0,11.7,249,1008.8,100,10.8,12.1,169.0,7.5,40.0,4.1
2025-08-13 22:00:00,2025,8,13,22,An Giang,Xã Giồng Riềng,9.9237413,105.2736878,34,Good,0,26.5,87,0.0,9.3,257,1009.4,100,12.3,13.7,172.0,8.3,36.0,4.4
2025-08-13 23:00:00,2025,8,13,23,An Giang,Xã Giồng Riềng,9.9237413,105.2736878,33,Good,0,26.5,88,0.0,9.0,257,1009.3,100,11.8,13.4,163.0,8.3,34.0,4.1
2025-08-14 00:00:00,2025,8,14,0,An Giang,Xã Giồng Riềng,9.9237413,105.2736878,34,Good,0,26.2,88,0.0,6.6,261,1009.3,100,11.2,13.0,148.0,7.8,34.0,3.4
2025-08-14 01:00:00,2025,8,14,1,An Giang,Xã Giồng Riềng,9.9237413,105.2736878,34,Good,0,26.5,87,0.0,9.2,263,1008.6,100,10.9,12.8,135.0,7.3,34.0,2.9
2025-08-14 02:00:00,2025,8,14,2,An Giang,Xã Giồng Riềng,9.9237413,105.2736878,34,Good,0,26.6,86,0.0,10.6,266,1007.9,100,10.2,12.2,127.0,6.8,35.0,2.7
2025-08-14 03:00:00,2025,8,14,3,An Giang,Xã Giồng Riềng,9.9237413,105.2736878,34,Good,0,26.6,87,0.0,11.7,266,1007.1,100,9.4,11.4,121.0,6.3,36.0,2.6
2025-08-14 04:00:00,2025,8,14,4,An Giang,Xã Giồng Riềng,9.9237413,105.2736878,35,Good,0,26.6,86,0.0,11.3,268,1007.0,100,8.8,10.6,120.0,5.7,37.0,2.5
2025-08-14 05:00:00,2025,8,14,5,An Giang,Xã Giồng Riềng,9.9237413,105.2736878,35,Good,0,26.6,84,0.0,11.9,272,1007.7,100,7.9,9.7,128.0,5.1,38.0,2.5
2025-08-14 06:00:00,2025,8,14,6,An Giang,Xã Giồng Riềng,9.9237413,105.2736878,35,Good,0,25.9,85,1.8,16.2,262,1008.2,100,6.2,7.6,142.0,4.5,40.0,2.5
2025-08-14 07:00:00,2025,8,14,7,An Giang,Xã Giồng Riềng,9.9237413,105.2736878,35,Good,0,25.9,91,0.0,10.5,243,1008.1,100,9.0,10.8,149.0,5.9,35.0,3.7
2025-08-14 08:00:00,2025,8,14,8,An Giang,Xã Giồng Riềng,9.9237413,105.2736878,35,Good,0,27.2,81,1.2,19.5,268,1009.0,100,7.2,8.9,144.0,4.6,42.0,3.4
2025-08-14 09:00:00,2025,8,14,9,An Giang,Xã Giồng Riềng,9.9237413,105.2736878,35,Good,0,27.9,82,0.5,16.2,258,1009.0,100,6.4,8.0,133.0,2.8,51.0,3.0
2025-08-14 10:00:00,2025,8,14,10,An Giang,Xã Giồng Riềng,9.9237413,105.2736878,34,Good,0,29.3,78,0.2,19.9,266,1008.9,99,5.3,6.7,124.0,1.5,57.0,2.6
2025-08-14 11:00:00,2025,8,14,11,An Giang,Xã Giồng Riềng,9.9237413,105.2736878,34,Good,0,29.1,78,1.4,17.7,253,1008.6,99,4.7,6.0,122.0,0.9,59.0,2.2
2025-08-14 12:00:00,2025,8,14,12,An Giang,Xã Giồng Riềng,9.9237413,105.2736878,34,Good,0,26.6,83,2.2,23.8,262,1008.6,100,4.7,6.3,122.0,0.8,58.0,1.8
2025-08-14 13:00:00,2025,8,14,13,An Giang,Xã Giồng Riềng,9.9237413,105.2736878,33,Good,0,27.8,80,1.2,23.4,254,1007.4,100,5.0,7.1,122.0,0.9,56.0,1.5
2025-08-14 14:00:00,2025,8,14,14,An Giang,Xã Giồng Riềng,9.9237413,105.2736878,33,Good,0,26.2,87,4.4,20.2,251,1007.8,100,5.1,7.0,121.0,1.1,54.0,1.5
2025-08-14 15:00:00,2025,8,14,15,An Giang,Xã Giồng Riềng,9.9237413,105.2736878,33,Good,0,27.3,83,0.1,20.5,246,1006.0,100,5.0,7.0,120.0,1.6,51.0,1.7
2025-08-14 16:00:00,2025,8,14,16,An Giang,Xã Giồng Riềng,9.9237413,105.2736878,33,Good,0,28.3,78,0.3,19.8,263,1006.2,100,5.5,7.4,122.0,2.2,48.0,1.9
2025-08-14 17:00:00,2025,8,14,17,An Giang,Xã Giồng Riềng,9.9237413,105.2736878,33,Good,0,26.5,86,0.5,17.7,258,1006.4,100,6.2,8.1,128.0,3.1,46.0,2.3
2025-08-14 18:00:00,2025,8,14,18,An Giang,Xã Giồng Riềng,9.9237413,105.2736878,33,Good,0,25.8,89,0.2,13.6,259,1006.7,100,6.8,8.6,136.0,4.2,45.0,2.7
2025-08-14 19:00:00,2025,8,14,19,An Giang,Xã Giồng Riềng,9.9237413,105.2736878,32,Good,0,26.0,89,0.1,12.4,249,1006.4,100,7.1,8.5,142.0,4.5,45.0,2.7
2025-08-14 20:00:00,2025,8,14,20,An Giang,Xã Giồng Riềng,9.9237413,105.2736878,32,Good,0,26.2,87,0.0,10.3,239,1007.2,100,7.5,8.8,144.0,4.8,44.0,2.9
2025-08-14 21:00:00,2025,8,14,21,An Giang,Xã Giồng Riềng,9.9237413,105.2736878,32,Good,0,26.3,87,0.0,12.4,242,1007.5,100,7.6,8.8,145.0,5.2,42.0,3.2
2025-08-14 22:00:00,2025,8,14,22,An Giang,Xã Giồng Riềng,9.9237413,105.2736878,32,Good,0,26.1,86,0.0,12.3,238,1008.1,100,7.9,9.0,143.0,5.3,41.0,3.3
2025-08-14 23:00:00,2025,8,14,23,An Giang,Xã Giồng Riềng,9.9237413,105.2736878,31,Good,0,25.1,91,0.0,13.1,226,1007.8,100,7.1,8.2,138.0,4.8,42.0,2.8
2025-08-15 00:00:00,2025,8,15,0,An Giang,Xã Giồng Riềng,9.9237413,105.2736878,30,Good,0,24.5,94,0.6,14.7,259,1007.9,93,5.9,7.0,130.0,4.1,44.0,2.1
2025-08-15 01:00:00,2025,8,15,1,An Giang,Xã Giồng Riềng,9.9237413,105.2736878,29,Good,0,24.5,95,0.1,13.8,243,1007.3,97,5.6,6.6,124.0,3.6,45.0,1.6
2025-08-15 02:00:00,2025,8,15,2,An Giang,Xã Giồng Riềng,9.9237413,105.2736878,28,Good,0,24.1,95,0.5,8.1,269,1005.5,100,5.8,6.8,118.0,3.6,46.0,1.6
2025-08-15 03:00:00,2025,8,15,3,An Giang,Xã Giồng Riềng,9.9237413,105.2736878,27,Good,0,24.2,96,0.1,11.5,205,1005.5,100,6.3,7.2,114.0,3.8,46.0,1.8
2025-08-15 04:00:00,2025,8,15,4,An Giang,Xã Giồng Riềng,9.9237413,105.2736878,27,Good,0,24.0,96,0.7,12.1,245,1005.8,100,5.9,7.0,113.0,4.0,46.0,2.0
2025-08-15 05:00:00,2025,8,15,5,An Giang,Xã Giồng Riềng,9.9237413,105.2736878,26,Good,0,23.6,98,6.8,13.6,233,1006.6,100,5.4,6.5,120.0,4.3,44.0,2.3
2025-08-15 06:00:00,2025,8,15,6,An Giang,Xã Giồng Riềng,9.9237413,105.2736878,26,Good,0,24.0,96,1.9,8.2,303,1005.5,100,5.7,6.6,130.0,4.5,41.0,2.7
2025-08-15 07:00:00,2025,8,15,7,An Giang,Xã Giồng Riềng,9.9237413,105.2736878,26,Good,0,24.7,95,0.2,7.8,222,1005.9,100,7.2,8.3,137.0,4.8,41.0,2.6
2025-08-15 08:00:00,2025,8,15,8,An Giang,Xã Giồng Riềng,9.9237413,105.2736878,26,Good,0,26.5,87,0.2,15.7,240,1006.5,99,6.2,7.3,135.0,3.7,46.0,2.4
2025-08-15 09:00:00,2025,8,15,9,An Giang,Xã Giồng Riềng,9.9237413,105.2736878,25,Good,0,27.0,86,0.2,15.8,241,1007.2,100,5.8,6.9,129.0,2.3,52.0,2.0
2025-08-15 10:00:00,2025,8,15,10,An Giang,Xã Giồng Riềng,9.9237413,105.2736878,25,Good,0,26.2,86,1.4,16.5,246,1007.3,100,4.7,5.9,124.0,1.3,56.0,1.8
2025-08-15 11:00:00,2025,8,15,11,An Giang,Xã Giồng Riềng,9.9237413,105.2736878,25,Good,0,27.2,84,0.3,17.8,257,1006.9,100,3.8,4.8,121.0,1.2,57.0,1.8
2025-08-15 12:00:00,2025,8,15,12,An Giang,Xã Giồng Riềng,9.9237413,105.2736878,25,Good,0,28.1,80,0.3,19.0,251,1006.2,100,3.6,4.5,118.0,1.4,55.0,1.8
2025-08-15 13:00:00,2025,8,15,13,An Giang,Xã Giồng Riềng,9.9237413,105.2736878,25,Good,0,27.1,81,3.2,20.3,259,1005.9,100,4.3,5.3,116.0,1.7,54.0,1.9
2025-08-15 14:00:00,2025,8,15,14,An Giang,Xã Giồng Riềng,9.9237413,105.2736878,25,Good,0,26.9,84,0.3,18.2,250,1005.1,100,4.6,5.7,115.0,1.7,54.0,1.8
2025-08-15 15:00:00,2025,8,15,15,An Giang,Xã Giồng Riềng,9.9237413,105.2736878,25,Good,0,27.0,82,0.2,23.2,263,1004.7,100,4.8,5.9,116.0,1.7,55.0,1.8
2025-08-15 16:00:00,2025,8,15,16,An Giang,Xã Giồng Riềng,9.9237413,105.2736878,25,Good,0,26.6,85,0.2,18.7,256,1004.7,100,4.2,5.2,120.0,1.9,54.0,1.8
2025-08-15 17:00:00,2025,8,15,17,An Giang,Xã Giồng Riềng,9.9237413,105.2736878,25,Good,0,26.1,88,0.8,16.7,263,1004.6,100,3.8,4.6,131.0,2.6,52.0,2.1
2025-08-15 18:00:00,2025,8,15,18,An Giang,Xã Giồng Riềng,9.9237413,105.2736878,25,Good,0,25.9,90,0.2,12.7,249,1004.7,100,4.2,4.9,145.0,3.6,49.0,2.4
2025-08-15 19:00:00,2025,8,15,19,An Giang,Xã Giồng Riềng,9.9237413,105.2736878,25,Good,0,25.8,90,0.0,10.5,246,1005.1,100,5.5,6.0,153.0,5.3,44.0,3.0
2025-08-15 20:00:00,2025,8,15,20,An Giang,Xã Giồng Riềng,9.9237413,105.2736878,24,Good,0,25.2,94,0.2,12.0,251,1005.9,100,6.4,6.9,150.0,6.1,41.0,3.5
2025-08-15 21:00:00,2025,8,15,21,An Giang,Xã Giồng Riềng,9.9237413,105.2736878,23,Good,0,25.4,94,0.2,11.3,248,1007.0,100,7.2,7.6,140.0,7.2,38.0,4.2
2025-08-15 22:00:00,2025,8,15,22,An Giang,Xã Giồng Riềng,9.9237413,105.2736878,23,Good,0,25.4,94,0.8,9.6,250,1007.4,100,8.3,8.6,131.0,7.9,35.0,4.5
2025-08-15 23:00:00,2025,8,15,23,An Giang,Xã Giồng Riềng,9.9237413,105.2736878,23,Good,0,25.3,94,1.1,8.5,238,1007.2,100,9.2,9.5,124.0,7.8,34.0,4.1
2025-08-16 00:00:00,2025,8,16,0,An Giang,Xã Giồng Riềng,9.9237413,105.2736878,23,Good,0,25.1,95,0.8,8.4,233,1006.6,100,8.9,9.3,118.0,7.3,35.0,3.3
2025-08-16 01:00:00,2025,8,16,1,An Giang,Xã Giồng Riềng,9.9237413,105.2736878,24,Good,0,23.9,97,4.1,13.1,258,1006.4,100,6.8,7.3,113.0,6.5,36.0,2.6
2025-08-16 02:00:00,2025,8,16,2,An Giang,Xã Giồng Riềng,9.9237413,105.2736878,24,Good,0,24.1,94,4.3,14.9,257,1006.3,100,4.7,5.4,110.0,5.4,40.0,2.1
2025-08-16 03:00:00,2025,8,16,3,An Giang,Xã Giồng Riềng,9.9237413,105.2736878,24,Good,0,24.5,94,1.2,12.4,262,1005.3,100,4.0,4.6,109.0,4.1,44.0,1.6
2025-08-16 04:00:00,2025,8,16,4,An Giang,Xã Giồng Riềng,9.9237413,105.2736878,23,Good,0,23.4,96,4.3,12.6,253,1006.0,100,3.9,4.4,112.0,3.2,47.0,1.4
2025-08-16 05:00:00,2025,8,16,5,An Giang,Xã Giồng Riềng,9.9237413,105.2736878,23,Good,0,23.9,95,3.7,14.5,248,1006.0,100,3.7,4.0,122.0,3.3,46.0,1.7
2025-08-16 06:00:00,2025,8,16,6,An Giang,Xã Giồng Riềng,9.9237413,105.2736878,23,Good,0,24.1,94,2.8,13.4,263,1006.3,100,3.6,3.7,135.0,3.8,43.0,2.2
2025-08-16 07:00:00,2025,8,16,7,An Giang,Xã Giồng Riềng,9.9237413,105.2736878,22,Good,0,24.4,94,2.2,16.9,263,1006.5,100,6.4,6.5,144.0,6.3,35.0,3.3
2025-08-16 08:00:00,2025,8,16,8,An Giang,Xã Giồng Riềng,9.9237413,105.2736878,22,Good,0,24.9,92,1.0,18.3,260,1007.6,100,5.7,6.0,144.0,5.6,37.0,3.2
2025-08-16 09:00:00,2025,8,16,9,An Giang,Xã Giồng Riềng,9.9237413,105.2736878,22,Good,0,24.9,92,1.3,16.4,266,1008.0,100,5.2,5.7,139.0,4.7,39.0,3.0
2025-08-16 10:00:00,2025,8,16,10,An Giang,Xã Giồng Riềng,9.9237413,105.2736878,22,Good,0,26.6,87,0.9,18.7,262,1008.2,100,5.6,6.3,135.0,3.9,42.0,2.8
2025-08-16 11:00:00,2025,8,16,11,An Giang,Xã Giồng Riềng,9.9237413,105.2736878,22,Good,0,25.2,94,4.5,17.9,255,1008.1,100,5.7,6.4,132.0,3.3,45.0,2.6
2025-08-16 12:00:00,2025,8,16,12,An Giang,Xã Giồng Riềng,9.9237413,105.2736878,23,Good,0,25.4,94,1.5,18.4,262,1007.5,100,5.5,6.1,130.0,2.9,47.0,2.4
2025-08-16 13:00:00,2025,8,16,13,An Giang,Xã Giồng Riềng,9.9237413,105.2736878,23,Good,0,25.0,91,3.0,19.1,256,1006.9,100,5.1,5.6,129.0,2.7,49.0,2.3
2025-08-16 14:00:00,2025,8,16,14,An Giang,Xã Giồng Riềng,9.9237413,105.2736878,23,Good,0,25.0,92,1.8,20.0,252,1006.1,100,4.1,4.5,131.0,2.7,49.0,2.2
2025-08-16 15:00:00,2025,8,16,15,An Giang,Xã Giồng Riềng,9.9237413,105.2736878,23,Good,0,25.0,89,2.0,20.1,258,1005.8,100,3.9,4.2,136.0,2.9,47.0,2.2
2025-08-16 16:00:00,2025,8,16,16,An Giang,Xã Giồng Riềng,9.9237413,105.2736878,23,Good,0,24.6,94,0.9,12.9,250,1005.6,100,4.1,4.2,141.0,3.3,46.0,2.2
2025-08-16 17:00:00,2025,8,16,17,An Giang,Xã Giồng Riềng,9.9237413,105.2736878,23,Good,0,24.8,93,0.3,11.6,249,1005.9,100,4.4,4.6,148.0,3.9,45.0,2.4
2025-08-16 18:00:00,2025,8,16,18,An Giang,Xã Giồng Riềng,9.9237413,105.2736878,23,Good,0,24.8,92,0.2,11.9,256,1006.3,100,5.2,5.6,155.0,4.7,45.0,2.7
2025-08-16 19:00:00,2025,8,16,19,An Giang,Xã Giồng Riềng,9.9237413,105.2736878,23,Good,0,24.9,91,0.2,11.2,248,1006.9,100,7.2,8.3,159.0,5.0,46.0,2.9
2025-08-16 20:00:00,2025,8,16,20,An Giang,Xã Giồng Riềng,9.9237413,105.2736878,23,Good,0,24.4,94,0.5,10.9,239,1007.7,100,8.1,9.3,159.0,5.4,45.0,3.1
2025-08-16 21:00:00,2025,8,16,21,An Giang,Xã Giồng Riềng,9.9237413,105.2736878,24,Good,0,24.8,94,0.1,11.2,246,1008.0,100,9.2,10.5,155.0,5.9,43.0,3.5
2025-08-16 22:00:00,2025,8,16,22,An Giang,Xã Giồng Riềng,9.9237413,105.2736878,24,Good,0,24.8,93,0.3,11.7,255,1008.5,100,9.7,10.9,150.0,6.2,42.0,3.6
2025-08-16 23:00:00,2025,8,16,23,An Giang,Xã Giồng Riềng,9.9237413,105.2736878,24,Good,0,24.8,92,1.2,12.1,268,1008.4,100,8.4,9.5,142.0,6.1,42.0,3.3
2025-08-17 00:00:00,2025,8,17,0,An Giang,Xã Giồng Riềng,9.9237413,105.2736878,24,Good,0,25.2,91,1.5,14.5,278,1007.8,100,7.2,8.2,133.0,5.9,42.0,2.9
2025-08-17 01:00:00,2025,8,17,1,An Giang,Xã Giồng Riềng,9.9237413,105.2736878,24,Good,0,25.3,92,0.2,13.2,276,1007.3,100,7.1,7.9,126.0,5.7,42.0,2.5
2025-08-17 02:00:00,2025,8,17,2,An Giang,Xã Giồng Riềng,9.9237413,105.2736878,24,Good,0,25.4,92,0.0,12.1,271,1006.9,100,7.7,8.3,123.0,5.7,42.0,2.4
2025-08-17 03:00:00,2025,8,17,3,An Giang,Xã Giồng Riềng,9.9237413,105.2736878,24,Good,0,25.2,90,0.0,14.0,269,1006.9,100,7.5,7.9,122.0,5.7,42.0,2.4
2025-08-17 04:00:00,2025,8,17,4,An Giang,Xã Giồng Riềng,9.9237413,105.2736878,25,Good,0,24.5,93,0.5,18.3,265,1007.2,100,6.4,6.8,125.0,5.7,42.0,2.4
2025-08-17 05:00:00,2025,8,17,5,An Giang,Xã Giồng Riềng,9.9237413,105.2736878,25,Good,0,24.8,93,0.2,13.0,271,1007.5,100,5.4,5.7,136.0,5.5,43.0,2.6
2025-08-17 06:00:00,2025,8,17,6,An Giang,Xã Giồng Riềng,9.9237413,105.2736878,26,Good,0,25.0,93,0.1,12.6,272,1008.0,100,5.2,5.5,150.0,5.3,44.0,2.8
2025-08-17 07:00:00,2025,8,17,7,An Giang,Xã Giồng Riềng,9.9237413,105.2736878,26,Good,0,25.4,91,0.1,13.4,278,1008.7,99,8.5,9.6,159.0,5.2,42.0,3.3
2025-08-17 08:00:00,2025,8,17,8,An Giang,Xã Giồng Riềng,9.9237413,105.2736878,26,Good,0,26.7,86,0.0,15.1,271,1009.4,100,7.1,8.2,156.0,4.3,45.0,3.1
2025-08-17 09:00:00,2025,8,17,9,An Giang,Xã Giồng Riềng,9.9237413,105.2736878,27,Good,0,27.6,80,0.2,18.3,276,1009.5,100,6.5,7.7,148.0,3.0,48.0,2.8
2025-08-17 10:00:00,2025,8,17,10,An Giang,Xã Giồng Riềng,9.9237413,105.2736878,27,Good,0,26.6,85,0.8,18.7,278,1010.0,100,5.5,6.5,141.0,2.1,52.0,2.7
2025-08-17 11:00:00,2025,8,17,11,An Giang,Xã Giồng Riềng,9.9237413,105.2736878,27,Good,0,26.1,86,0.9,19.3,266,1009.6,100,4.7,5.3,140.0,1.7,55.0,2.8
2025-08-17 12:00:00,2025,8,17,12,An Giang,Xã Giồng Riềng,9.9237413,105.2736878,27,Good,0,26.4,88,1.3,15.0,264,1009.2,100,4.6,5.3,140.0,1.6,58.0,3.0
2025-08-17 13:00:00,2025,8,17,13,An Giang,Xã Giồng Riềng,9.9237413,105.2736878,27,Good,0,27.7,83,0.1,17.6,262,1008.1,100,4.5,5.0,141.0,1.7,60.0,3.2
2025-08-17 14:00:00,2025,8,17,14,An Giang,Xã Giồng Riềng,9.9237413,105.2736878,26,Good,0,27.5,80,0.4,17.6,271,1007.7,100,4.2,4.5,140.0,1.8,60.0,3.1
2025-08-17 15:00:00,2025,8,17,15,An Giang,Xã Giồng Riềng,9.9237413,105.2736878,26,Good,0,27.9,80,0.0,16.3,264,1007.5,100,4.1,4.5,138.0,2.0,58.0,2.9
2025-08-17 16:00:00,2025,8,17,16,An Giang,Xã Giồng Riềng,9.9237413,105.2736878,26,Good,0,28.0,78,0.0,15.6,263,1007.3,100,4.9,5.5,139.0,3.2,54.0,3.1
2025-08-17 17:00:00,2025,8,17,17,An Giang,Xã Giồng Riềng,9.9237413,105.2736878,27,Good,0,27.6,79,0.0,14.7,262,1007.7,100,6.9,7.5,142.0,6.1,47.0,4.1
2025-08-17 18:00:00,2025,8,17,18,An Giang,Xã Giồng Riềng,9.9237413,105.2736878,27,Good,0,26.4,82,0.5,11.4,259,1008.5,100,9.9,10.6,148.0,10.0,38.0,5.4
2025-08-17 19:00:00,2025,8,17,19,An Giang,Xã Giồng Riềng,9.9237413,105.2736878,28,Good,0,25.7,86,0.2,7.4,266,1009.1,100,10.8,12.1,158.0,8.3,41.0,5.0
2025-08-17 20:00:00,2025,8,17,20,An Giang,Xã Giồng Riềng,9.9237413,105.2736878,28,Good,0,25.5,88,0.2,11.5,279,1010.4,100,14.8,16.0,176.0,10.9,36.0,6.3
2025-08-17 21:00:00,2025,8,17,21,An Giang,Xã Giồng Riềng,9.9237413,105.2736878,30,Good,0,25.0,93,0.7,7.1,236,1011.1,100,19.1,20.5,198.0,14.3,28.0,7.9
2025-08-17 22:00:00,2025,8,17,22,An Giang,Xã Giồng Riềng,9.9237413,105.2736878,31,Good,0,24.9,95,0.3,4.2,223,1011.3,100,23.4,24.9,212.0,16.6,23.0,8.8
2025-08-17 23:00:00,2025,8,17,23,An Giang,Xã Giồng Riềng,9.9237413,105.2736878,34,Good,0,24.9,95,0.5,5.9,232,1011.0,100,23.6,25.1,212.0,16.5,21.0,8.1
2025-08-18 00:00:00,2025,8,18,0,An Giang,Xã Giồng Riềng,9.9237413,105.2736878,36,Good,0,25.0,95,0.1,5.6,245,1010.6,100,20.7,22.2,205.0,15.1,22.0,6.5
2025-08-18 01:00:00,2025,8,18,1,An Giang,Xã Giồng Riềng,9.9237413,105.2736878,39,Good,0,24.8,96,0.0,6.6,233,1009.7,100,20.1,21.5,196.0,13.9,22.0,5.2
2025-08-18 02:00:00,2025,8,18,2,An Giang,Xã Giồng Riềng,9.9237413,105.2736878,41,Good,0,24.7,96,0.0,8.2,230,1009.2,100,20.0,21.4,185.0,13.4,22.0,4.6
2025-08-18 03:00:00,2025,8,18,3,An Giang,Xã Giồng Riềng,9.9237413,105.2736878,43,Good,0,24.7,96,0.0,8.5,234,1009.0,100,19.7,21.1,173.0,12.9,22.0,4.3
2025-08-18 04:00:00,2025,8,18,4,An Giang,Xã Giồng Riềng,9.9237413,105.2736878,45,Good,0,24.6,96,0.0,8.5,234,1009.3,100,18.6,20.0,167.0,12.2,22.0,4.1
2025-08-18 05:00:00,2025,8,18,5,An Giang,Xã Giồng Riềng,9.9237413,105.2736878,47,Good,0,24.7,95,0.0,8.0,239,1009.1,100,17.4,18.8,174.0,11.0,22.0,4.2
2025-08-18 06:00:00,2025,8,18,6,An Giang,Xã Giồng Riềng,9.9237413,105.2736878,49,Good,0,24.7,94,0.0,8.2,238,1009.2,100,16.9,18.3,186.0,9.4,23.0,4.6
2025-08-18 07:00:00,2025,8,18,7,An Giang,Xã Giồng Riềng,9.9237413,105.2736878,51,Moderate,1,25.4,93,0.0,8.6,216,1009.9,100,17.8,18.7,191.0,9.2,24.0,5.0
2025-08-18 08:00:00,2025,8,18,8,An Giang,Xã Giồng Riềng,9.9237413,105.2736878,52,Moderate,1,27.0,90,0.0,8.3,214,1010.6,100,13.6,15.3,180.0,6.9,33.0,4.2
2025-08-18 09:00:00,2025,8,18,9,An Giang,Xã Giồng Riềng,9.9237413,105.2736878,52,Moderate,1,28.6,79,0.2,12.3,241,1010.9,100,9.2,11.8,163.0,3.8,46.0,3.2
2025-08-18 10:00:00,2025,8,18,10,An Giang,Xã Giồng Riềng,9.9237413,105.2736878,52,Moderate,1,29.5,73,0.5,15.1,253,1011.1,100,8.6,11.4,149.0,1.4,56.0,2.3
2025-08-18 11:00:00,2025,8,18,11,An Giang,Xã Giồng Riềng,9.9237413,105.2736878,53,Moderate,1,30.4,70,0.0,15.6,256,1010.9,100,8.7,11.6,145.0,0.6,60.0,1.8
2025-08-18 12:00:00,2025,8,18,12,An Giang,Xã Giồng Riềng,9.9237413,105.2736878,53,Moderate,1,31.0,68,0.0,16.9,256,1010.2,100,8.5,11.4,144.0,0.6,62.0,1.6
2025-08-18 13:00:00,2025,8,18,13,An Giang,Xã Giồng Riềng,9.9237413,105.2736878,53,Moderate,1,30.0,68,1.0,17.8,257,1009.7,100,8.3,11.2,145.0,0.8,63.0,1.5
2025-08-18 14:00:00,2025,8,18,14,An Giang,Xã Giồng Riềng,9.9237413,105.2736878,54,Moderate,1,30.3,70,0.1,15.8,263,1009.1,97,7.8,10.0,143.0,0.8,64.0,1.6
2025-08-18 15:00:00,2025,8,18,15,An Giang,Xã Giồng Riềng,9.9237413,105.2736878,54,Moderate,1,30.0,70,0.0,16.4,255,1008.4,100,8.2,10.4,142.0,0.9,64.0,1.8
2025-08-18 16:00:00,2025,8,18,16,An Giang,Xã Giồng Riềng,9.9237413,105.2736878,54,Moderate,1,29.6,70,0.0,15.1,255,1008.2,97,8.6,11.1,149.0,1.5,63.0,2.1
2025-08-18 17:00:00,2025,8,18,17,An Giang,Xã Giồng Riềng,9.9237413,105.2736878,55,Moderate,1,29.0,74,0.0,12.9,252,1008.2,100,8.7,11.1,171.0,2.8,59.0,2.5
2025-08-18 18:00:00,2025,8,18,18,An Giang,Xã Giồng Riềng,9.9237413,105.2736878,55,Moderate,1,27.8,81,0.0,8.3,236,1008.7,97,9.6,11.3,200.0,4.7,53.0,3.0
2025-08-18 19:00:00,2025,8,18,19,An Giang,Xã Giồng Riềng,9.9237413,105.2736878,55,Moderate,1,26.6,86,0.0,5.7,226,1009.5,100,14.5,16.9,223.0,7.4,47.0,4.1
2025-08-18 20:00:00,2025,8,18,20,An Giang,Xã Giồng Riềng,9.9237413,105.2736878,55,Moderate,1,26.2,87,0.0,5.0,221,1010.2,37,15.8,18.0,234.0,7.8,45.0,4.4
2025-08-18 21:00:00,2025,8,18,21,An Giang,Xã Giồng Riềng,9.9237413,105.2736878,55,Moderate,1,25.9,88,0.0,6.5,214,1010.9,90,16.9,18.9,239.0,8.3,43.0,4.8
2025-08-18 22:00:00,2025,8,18,22,An Giang,Xã Giồng Riềng,9.9237413,105.2736878,55,Moderate,1,25.5,89,0.0,7.0,215,1011.3,91,17.9,19.9,240.0,8.9,41.0,5.0
2025-08-18 23:00:00,2025,8,18,23,An Giang,Xã Giồng Riềng,9.9237413,105.2736878,55,Moderate,1,25.2,91,0.0,7.4,219,1011.0,94,18.9,20.8,234.0,9.5,38.0,4.8
2025-08-19 00:00:00,2025,8,19,0,An Giang,Xã Giồng Riềng,9.9237413,105.2736878,54,Moderate,1,25.0,91,0.0,8.2,202,1011.2,99,19.6,21.5,224.0,10.2,36.0,4.4
2025-08-19 01:00:00,2025,8,19,1,An Giang,Xã Giồng Riềng,9.9237413,105.2736878,54,Moderate,1,25.0,91,0.0,8.4,203,1010.7,36,20.1,21.8,218.0,10.6,34.0,4.1
2025-08-19 02:00:00,2025,8,19,2,An Giang,Xã Giồng Riềng,9.9237413,105.2736878,54,Moderate,1,24.6,93,0.0,8.4,205,1010.2,60,20.7,21.9,219.0,10.6,34.0,4.0
2025-08-19 03:00:00,2025,8,19,3,An Giang,Xã Giồng Riềng,9.9237413,105.2736878,54,Moderate,1,24.4,95,0.0,9.6,206,1009.9,71,21.1,22.1,223.0,10.4,36.0,4.0
2025-08-19 04:00:00,2025,8,19,4,An Giang,Xã Giồng Riềng,9.9237413,105.2736878,54,Moderate,1,24.4,96,0.0,9.7,209,1010.1,42,21.2,22.1,229.0,10.1,37.0,4.1
2025-08-19 05:00:00,2025,8,19,5,An Giang,Xã Giồng Riềng,9.9237413,105.2736878,54,Moderate,1,24.3,96,0.0,8.4,214,1010.3,94,21.6,22.5,241.0,10.2,36.0,4.6
2025-08-19 06:00:00,2025,8,19,6,An Giang,Xã Giồng Riềng,9.9237413,105.2736878,55,Moderate,1,24.1,96,0.0,7.5,224,1010.3,99,22.9,23.8,254.0,10.2,34.0,5.2
2025-08-19 07:00:00,2025,8,19,7,An Giang,Xã Giồng Riềng,9.9237413,105.2736878,55,Moderate,1,25.7,92,0.0,8.2,216,1010.8,99,25.3,26.7,256.0,8.6,39.0,4.6
2025-08-19 08:00:00,2025,8,19,8,An Giang,Xã Giồng Riềng,9.9237413,105.2736878,56,Moderate,1,28.8,84,0.0,7.6,211,1011.1,90,19.1,20.9,235.0,6.4,51.0,3.9
2025-08-19 09:00:00,2025,8,19,9,An Giang,Xã Giồng Riềng,9.9237413,105.2736878,57,Moderate,1,30.1,77,0.1,10.3,257,1011.3,11,15.4,17.5,203.0,3.5,68.0,3.0
2025-08-19 10:00:00,2025,8,19,10,An Giang,Xã Giồng Riềng,9.9237413,105.2736878,57,Moderate,1,27.2,83,8.9,7.7,221,1012.0,91,13.2,15.2,177.0,1.3,79.0,2.2
2025-08-19 11:00:00,2025,8,19,11,An Giang,Xã Giồng Riềng,9.9237413,105.2736878,58,Moderate,1,29.1,79,0.3,4.3,228,1011.2,69,11.6,13.5,166.0,0.7,79.0,1.8
2025-08-19 12:00:00,2025,8,19,12,An Giang,Xã Giồng Riềng,9.9237413,105.2736878,58,Moderate,1,29.1,77,3.8,16.4,271,1010.6,96,11.0,13.2,161.0,1.0,74.0,1.6
2025-08-19 13:00:00,2025,8,19,13,An Giang,Xã Giồng Riềng,9.9237413,105.2736878,58,Moderate,1,29.6,77,2.7,8.5,263,1009.5,59,10.4,12.8,160.0,1.3,70.0,1.6
2025-08-19 14:00:00,2025,8,19,14,An Giang,Xã Giồng Riềng,9.9237413,105.2736878,58,Moderate,1,29.8,76,0.2,10.1,251,1008.6,39,10.2,12.2,159.0,1.3,69.0,1.7
2025-08-19 15:00:00,2025,8,19,15,An Giang,Xã Giồng Riềng,9.9237413,105.2736878,58,Moderate,1,30.4,71,0.0,12.3,265,1008.2,37,10.1,12.0,161.0,1.3,69.0,1.9
2025-08-19 16:00:00,2025,8,19,16,An Giang,Xã Giồng Riềng,9.9237413,105.2736878,59,Moderate,1,30.0,69,0.0,13.8,261,1007.9,49,10.4,12.5,169.0,2.1,67.0,2.3
2025-08-19 17:00:00,2025,8,19,17,An Giang,Xã Giồng Riềng,9.9237413,105.2736878,59,Moderate,1,29.0,75,0.0,12.3,266,1008.1,41,10.9,13.1,190.0,4.3,60.0,3.1
2025-08-19 18:00:00,2025,8,19,18,An Giang,Xã Giồng Riềng,9.9237413,105.2736878,59,Moderate,1,27.8,81,0.0,7.5,260,1008.4,26,12.8,14.8,218.0,7.2,52.0,4.2
2025-08-19 19:00:00,2025,8,19,19,An Giang,Xã Giồng Riềng,9.9237413,105.2736878,59,Moderate,1,26.7,87,0.0,5.8,248,1009.0,24,15.8,18.5,239.0,8.1,47.0,4.5
2025-08-19 20:00:00,2025,8,19,20,An Giang,Xã Giồng Riềng,9.9237413,105.2736878,59,Moderate,1,27.4,79,0.0,8.6,233,1009.6,20,16.8,19.0,246.0,8.4,45.0,4.8
2025-08-19 21:00:00,2025,8,19,21,An Giang,Xã Giồng Riềng,9.9237413,105.2736878,59,Moderate,1,26.8,83,0.0,8.0,216,1010.2,0,16.4,18.6,245.0,8.9,41.0,5.2
2025-08-19 22:00:00,2025,8,19,22,An Giang,Xã Giồng Riềng,9.9237413,105.2736878,59,Moderate,1,26.4,85,0.0,8.1,227,1010.9,1,16.6,18.9,242.0,9.3,38.0,5.3
2025-08-19 23:00:00,2025,8,19,23,An Giang,Xã Giồng Riềng,9.9237413,105.2736878,59,Moderate,1,26.0,88,0.0,7.1,221,1010.4,18,16.4,18.6,237.0,9.6,36.0,4.9
2025-08-20 00:00:00,2025,8,20,0,An Giang,Xã Giồng Riềng,9.9237413,105.2736878,59,Moderate,1,25.8,88,0.0,6.5,231,1010.2,1,15.7,18.0,229.0,9.8,34.0,4.3
2025-08-20 01:00:00,2025,8,20,1,An Giang,Xã Giồng Riềng,9.9237413,105.2736878,59,Moderate,1,25.6,89,0.0,5.7,226,1009.9,32,16.2,18.6,221.0,10.2,32.0,3.8
2025-08-20 02:00:00,2025,8,20,2,An Giang,Xã Giồng Riềng,9.9237413,105.2736878,58,Moderate,1,25.4,90,0.0,5.3,218,1009.4,35,17.7,20.1,210.0,11.1,30.0,3.6
2025-08-20 03:00:00,2025,8,20,3,An Giang,Xã Giồng Riềng,9.9237413,105.2736878,58,Moderate,1,25.1,92,0.0,4.9,216,1009.1,33,19.0,21.5,197.0,12.2,28.0,3.6
2025-08-20 04:00:00,2025,8,20,4,An Giang,Xã Giồng Riềng,9.9237413,105.2736878,58,Moderate,1,25.1,93,0.0,6.8,228,1008.9,20,19.2,21.5,192.0,12.6,27.0,3.7
2025-08-20 05:00:00,2025,8,20,5,An Giang,Xã Giồng Riềng,9.9237413,105.2736878,58,Moderate,1,25.1,93,0.0,6.6,223,1009.3,66,19.0,21.4,203.0,12.1,26.0,4.1
2025-08-20 06:00:00,2025,8,20,6,An Giang,Xã Giồng Riềng,9.9237413,105.2736878,57,Moderate,1,25.1,93,0.0,6.5,219,1009.5,65,19.8,22.3,220.0,11.0,27.0,4.7
2025-08-20 07:00:00,2025,8,20,7,An Giang,Xã Giồng Riềng,9.9237413,105.2736878,57,Moderate,1,26.8,89,0.0,7.4,221,1009.8,100,22.8,26.2,228.0,9.2,32.0,4.8
2025-08-20 08:00:00,2025,8,20,8,An Giang,Xã Giồng Riềng,9.9237413,105.2736878,57,Moderate,1,29.1,78,0.0,8.0,239,1010.0,54,17.1,22.1,215.0,6.9,44.0,4.1
2025-08-20 09:00:00,2025,8,20,9,An Giang,Xã Giồng Riềng,9.9237413,105.2736878,57,Moderate,1,30.2,72,0.0,9.7,258,1010.3,70,14.6,20.1,191.0,3.7,60.0,3.2
2025-08-20 10:00:00,2025,8,20,10,An Giang,Xã Giồng Riềng,9.9237413,105.2736878,57,Moderate,1,31.1,68,0.0,11.1,263,1010.3,52,14.1,19.9,172.0,1.3,71.0,2.5
2025-08-20 11:00:00,2025,8,20,11,An Giang,Xã Giồng Riềng,9.9237413,105.2736878,57,Moderate,1,31.5,66,0.0,12.4,267,1010.1,50,13.6,19.4,163.0,0.6,74.0,2.2
2025-08-20 12:00:00,2025,8,20,12,An Giang,Xã Giồng Riềng,9.9237413,105.2736878,57,Moderate,1,31.5,64,0.1,13.3,267,1009.5,98,13.3,19.2,159.0,0.6,72.0,2.1
2025-08-20 13:00:00,2025,8,20,13,An Giang,Xã Giồng Riềng,9.9237413,105.2736878,57,Moderate,1,31.5,62,0.0,13.9,276,1008.4,100,13.2,19.2,157.0,0.9,70.0,2.0
2025-08-20 14:00:00,2025,8,20,14,An Giang,Xã Giồng Riềng,9.9237413,105.2736878,57,Moderate,1,31.3,62,0.2,15.5,271,1007.7,100,13.1,18.9,158.0,1.0,69.0,1.9
2025-08-20 15:00:00,2025,8,20,15,An Giang,Xã Giồng Riềng,9.9237413,105.2736878,58,Moderate,1,30.0,71,0.0,15.7,281,1007.6,99,15.1,21.5,161.0,1.4,66.0,1.9
2025-08-20 16:00:00,2025,8,20,16,An Giang,Xã Giồng Riềng,9.9237413,105.2736878,58,Moderate,1,29.1,71,0.3,17.6,264,1007.3,99,13.8,18.7,167.0,2.1,64.0,2.1
2025-08-20 17:00:00,2025,8,20,17,An Giang,Xã Giồng Riềng,9.9237413,105.2736878,58,Moderate,1,28.4,75,0.0,13.0,259,1007.4,100,13.7,17.6,177.0,3.4,61.0,2.6
2025-08-20 18:00:00,2025,8,20,18,An Giang,Xã Giồng Riềng,9.9237413,105.2736878,59,Moderate,1,27.5,79,0.0,11.1,261,1008.0,92,14.3,16.7,190.0,5.2,58.0,3.3
2025-08-20 19:00:00,2025,8,20,19,An Giang,Xã Giồng Riềng,9.9237413,105.2736878,59,Moderate,1,26.6,83,0.0,7.7,252,1008.4,67,17.6,20.5,203.0,5.9,58.0,3.6
2025-08-20 20:00:00,2025,8,20,20,An Giang,Xã Giồng Riềng,9.9237413,105.2736878,59,Moderate,1,27.4,87,0.0,8.7,230,1008.7,100,18.6,21.0,216.0,7.4,53.0,4.3
2025-08-20 21:00:00,2025,8,20,21,An Giang,Xã Giồng Riềng,9.9237413,105.2736878,59,Moderate,1,26.6,91,0.0,6.5,231,1009.5,100,19.8,21.9,228.0,9.3,45.0,5.3
2025-08-20 22:00:00,2025,8,20,22,An Giang,Xã Giồng Riềng,9.9237413,105.2736878,59,Moderate,1,26.4,93,0.0,4.4,218,1010.5,100,22.4,24.7,236.0,10.6,40.0,5.8
2025-08-20 23:00:00,2025,8,20,23,An Giang,Xã Giồng Riềng,9.9237413,105.2736878,60,Moderate,1,26.1,93,0.0,8.3,210,1010.5,100,22.9,25.0,239.0,10.4,38.0,5.3
2025-08-21 00:00:00,2025,8,21,0,An Giang,Xã Giồng Riềng,9.9237413,105.2736878,61,Moderate,1,25.8,94,0.0,6.8,220,1010.4,100,19.4,21.1,237.0,9.5,38.0,4.3
2025-08-21 01:00:00,2025,8,21,1,An Giang,Xã Giồng Riềng,9.9237413,105.2736878,61,Moderate,1,25.9,93,0.0,7.3,226,1010.1,100,17.5,19.3,229.0,8.7,38.0,3.5
2025-08-21 02:00:00,2025,8,21,2,An Giang,Xã Giồng Riềng,9.9237413,105.2736878,61,Moderate,1,26.0,93,0.0,7.8,236,1009.2,100,16.0,17.9,206.0,8.1,39.0,3.0
2025-08-21 03:00:00,2025,8,21,3,An Giang,Xã Giồng Riềng,9.9237413,105.2736878,61,Moderate,1,25.8,93,0.0,6.1,220,1008.5,100,15.0,16.9,175.0,7.5,39.0,2.8
2025-08-21 04:00:00,2025,8,21,4,An Giang,Xã Giồng Riềng,9.9237413,105.2736878,60,Moderate,1,25.6,94,0.0,5.1,216,1008.5,99,14.7,16.8,159.0,7.6,39.0,2.8
2025-08-21 05:00:00,2025,8,21,5,An Giang,Xã Giồng Riềng,9.9237413,105.2736878,60,Moderate,1,25.3,95,0.1,3.2,177,1009.2,100,15.4,17.5,172.0,9.2,35.0,3.5
2025-08-21 06:00:00,2025,8,21,6,An Giang,Xã Giồng Riềng,9.9237413,105.2736878,60,Moderate,1,24.5,96,1.7,3.6,30,1010.3,100,18.9,21.0,199.0,11.4,30.0,4.5
2025-08-21 07:00:00,2025,8,21,7,An Giang,Xã Giồng Riềng,9.9237413,105.2736878,60,Moderate,1,24.6,96,1.0,5.2,119,1010.9,100,24.0,26.0,218.0,12.0,31.0,5.1
2025-08-21 08:00:00,2025,8,21,8,An Giang,Xã Giồng Riềng,9.9237413,105.2736878,60,Moderate,1,25.8,92,1.4,7.2,202,1010.6,100,22.4,24.6,220.0,9.8,39.0,4.9
2025-08-21 09:00:00,2025,8,21,9,An Giang,Xã Giồng Riềng,9.9237413,105.2736878,60,Moderate,1,26.5,91,0.4,4.0,117,1011.6,100,19.6,21.5,214.0,6.8,51.0,4.7
2025-08-21 10:00:00,2025,8,21,10,An Giang,Xã Giồng Riềng,9.9237413,105.2736878,61,Moderate,1,27.8,83,0.3,8.0,186,1011.8,100,18.3,20.0,207.0,4.5,60.0,4.4
2025-08-21 11:00:00,2025,8,21,11,An Giang,Xã Giồng Riềng,9.9237413,105.2736878,61,Moderate,1,28.6,75,0.1,9.3,189,1011.7,100,18.0,19.4,199.0,3.5,65.0,4.1
2025-08-21 12:00:00,2025,8,21,12,An Giang,Xã Giồng Riềng,9.9237413,105.2736878,61,Moderate,1,25.5,86,1.2,13.5,240,1012.1,100,15.8,17.1,188.0,3.2,68.0,3.7
2025-08-21 13:00:00,2025,8,21,13,An Giang,Xã Giồng Riềng,9.9237413,105.2736878,62,Moderate,1,24.8,91,1.7,11.4,243,1011.2,100,14.1,15.3,181.0,3.2,69.0,3.4
2025-08-21 14:00:00,2025,8,21,14,An Giang,Xã Giồng Riềng,9.9237413,105.2736878,62,Moderate,1,25.5,88,1.3,12.3,230,1010.2,100,14.4,15.4,178.0,3.5,67.0,3.1
2025-08-21 15:00:00,2025,8,21,15,An Giang,Xã Giồng Riềng,9.9237413,105.2736878,62,Moderate,1,25.8,89,0.6,10.7,226,1009.1,100,11.3,12.3,177.0,4.2,63.0,2.9
2025-08-21 16:00:00,2025,8,21,16,An Giang,Xã Giồng Riềng,9.9237413,105.2736878,62,Moderate,1,25.6,90,0.4,12.0,229,1008.3,100,10.8,11.5,180.0,4.9,60.0,2.8
2025-08-21 17:00:00,2025,8,21,17,An Giang,Xã Giồng Riềng,9.9237413,105.2736878,61,Moderate,1,25.6,91,0.4,10.6,226,1008.1,100,11.0,11.4,190.0,5.5,60.0,3.0
2025-08-21 18:00:00,2025,8,21,18,An Giang,Xã Giồng Riềng,9.9237413,105.2736878,61,Moderate,1,25.2,94,0.2,9.4,211,1008.6,100,9.8,10.1,203.0,6.0,61.0,3.3
2025-08-21 19:00:00,2025,8,21,19,An Giang,Xã Giồng Riềng,9.9237413,105.2736878,61,Moderate,1,25.0,94,0.8,6.3,204,1009.3,100,13.9,14.8,212.0,7.7,57.0,4.1
2025-08-21 20:00:00,2025,8,21,20,An Giang,Xã Giồng Riềng,9.9237413,105.2736878,60,Moderate,1,24.1,94,3.8,8.4,203,1010.3,100,13.2,13.9,212.0,7.7,57.0,4.2
2025-08-21 21:00:00,2025,8,21,21,An Giang,Xã Giồng Riềng,9.9237413,105.2736878,60,Moderate,1,23.9,95,2.4,10.0,203,1011.1,100,13.8,14.6,207.0,7.7,58.0,4.4
2025-08-21 22:00:00,2025,8,21,22,An Giang,Xã Giồng Riềng,9.9237413,105.2736878,59,Moderate,1,23.9,96,1.6,7.2,202,1011.6,98,14.2,15.3,201.0,7.8,57.0,4.4
2025-08-21 23:00:00,2025,8,21,23,An Giang,Xã Giồng Riềng,9.9237413,105.2736878,59,Moderate,1,23.9,96,0.7,7.5,190,1011.6,100,15.7,17.1,193.0,8.2,55.0,4.1
2025-08-22 00:00:00,2025,8,22,0,An Giang,Xã Giồng Riềng,9.9237413,105.2736878,58,Moderate,1,24.0,96,0.3,7.6,202,1011.2,71,16.2,17.8,183.0,8.8,51.0,3.7
2025-08-22 01:00:00,2025,8,22,1,An Giang,Xã Giồng Riềng,9.9237413,105.2736878,58,Moderate,1,23.7,97,0.0,5.2,211,1010.7,94,16.5,18.3,175.0,9.3,48.0,3.4
2025-08-22 02:00:00,2025,8,22,2,An Giang,Xã Giồng Riềng,9.9237413,105.2736878,58,Moderate,1,23.8,97,0.0,5.6,225,1010.1,100,16.7,18.7,167.0,9.6,46.0,3.2
2025-08-22 03:00:00,2025,8,22,3,An Giang,Xã Giồng Riềng,9.9237413,105.2736878,58,Moderate,1,23.6,98,0.0,3.6,200,1009.5,31,17.1,19.3,161.0,9.8,44.0,3.1
2025-08-22 04:00:00,2025,8,22,4,An Giang,Xã Giồng Riềng,9.9237413,105.2736878,58,Moderate,1,23.0,98,0.0,3.9,208,1009.3,89,17.6,19.8,161.0,9.9,42.0,3.2
2025-08-22 05:00:00,2025,8,22,5,An Giang,Xã Giồng Riềng,9.9237413,105.2736878,58,Moderate,1,23.0,97,0.0,4.8,195,1009.4,42,18.6,20.7,176.0,10.0,38.0,3.7
2025-08-22 06:00:00,2025,8,22,6,An Giang,Xã Giồng Riềng,9.9237413,105.2736878,58,Moderate,1,23.1,97,0.0,5.6,184,1010.1,20,19.0,21.0,197.0,10.0,34.0,4.3
2025-08-22 07:00:00,2025,8,22,7,An Giang,Xã Giồng Riềng,9.9237413,105.2736878,58,Moderate,1,24.7,94,0.0,5.9,166,1010.7,86,25.8,28.0,209.0,10.7,33.0,5.4
2025-08-22 08:00:00,2025,8,22,8,An Giang,Xã Giồng Riềng,9.9237413,105.2736878,58,Moderate,1,27.5,85,0.0,7.0,190,1010.7,85,22.5,25.4,201.0,8.2,49.0,4.7
2025-08-22 09:00:00,2025,8,22,9,An Giang,Xã Giồng Riềng,9.9237413,105.2736878,59,Moderate,1,29.4,71,0.0,10.2,226,1010.9,63,17.9,21.2,184.0,4.8,72.0,3.7
2025-08-22 10:00:00,2025,8,22,10,An Giang,Xã Giồng Riềng,9.9237413,105.2736878,58,Moderate,1,28.9,73,0.8,12.9,228,1011.0,56,13.7,16.2,168.0,2.2,88.0,2.8
2025-08-22 11:00:00,2025,8,22,11,An Giang,Xã Giồng Riềng,9.9237413,105.2736878,58,Moderate,1,30.0,69,0.0,11.6,224,1010.8,98,11.1,13.0,157.0,1.2,92.0,2.2
2025-08-22 12:00:00,2025,8,22,12,An Giang,Xã Giồng Riềng,9.9237413,105.2736878,57,Moderate,1,30.7,67,0.0,11.9,231,1010.0,67,10.9,13.2,148.0,1.0,90.0,1.8
2025-08-22 13:00:00,2025,8,22,13,An Giang,Xã Giồng Riềng,9.9237413,105.2736878,57,Moderate,1,30.2,67,0.0,14.1,238,1009.2,96,8.5,10.3,144.0,1.0,86.0,1.6
2025-08-22 14:00:00,2025,8,22,14,An Giang,Xã Giồng Riềng,9.9237413,105.2736878,56,Moderate,1,28.8,74,1.3,11.8,245,1008.5,52,7.3,8.6,149.0,1.0,82.0,1.5
2025-08-22 15:00:00,2025,8,22,15,An Giang,Xã Giồng Riềng,9.9237413,105.2736878,56,Moderate,1,28.4,73,0.8,18.0,236,1008.3,98,6.6,7.9,161.0,1.2,77.0,1.7
2025-08-22 16:00:00,2025,8,22,16,An Giang,Xã Giồng Riềng,9.9237413,105.2736878,55,Moderate,1,28.5,74,0.0,12.4,251,1007.7,65,5.8,7.0,172.0,1.9,71.0,2.0
2025-08-22 17:00:00,2025,8,22,17,An Giang,Xã Giồng Riềng,9.9237413,105.2736878,55,Moderate,1,27.8,77,0.7,14.1,259,1007.6,100,5.6,6.7,182.0,3.5,64.0,2.6
2025-08-22 18:00:00,2025,8,22,18,An Giang,Xã Giồng Riềng,9.9237413,105.2736878,54,Moderate,1,26.9,81,0.0,10.0,249,1008.4,87,7.3,8.2,192.0,5.7,56.0,3.4
2025-08-22 19:00:00,2025,8,22,19,An Giang,Xã Giồng Riềng,9.9237413,105.2736878,54,Moderate,1,26.0,84,0.0,8.5,222,1009.1,63,7.1,7.8,202.0,5.8,53.0,3.3
2025-08-22 20:00:00,2025,8,22,20,An Giang,Xã Giồng Riềng,9.9237413,105.2736878,54,Moderate,1,26.3,84,0.0,7.1,221,1010.1,96,8.2,9.0,213.0,6.5,50.0,3.7
2025-08-22 21:00:00,2025,8,22,21,An Giang,Xã Giồng Riềng,9.9237413,105.2736878,53,Moderate,1,25.6,87,0.0,6.6,215,1010.7,75,9.5,10.2,223.0,7.5,47.0,4.3
2025-08-22 22:00:00,2025,8,22,22,An Giang,Xã Giồng Riềng,9.9237413,105.2736878,53,Moderate,1,25.4,90,0.2,7.6,207,1011.2,75,10.2,10.9,225.0,8.2,44.0,4.5
2025-08-22 23:00:00,2025,8,22,23,An Giang,Xã Giồng Riềng,9.9237413,105.2736878,52,Moderate,1,25.1,92,0.2,6.4,216,1011.0,72,9.9,10.6,214.0,8.3,43.0,4.1
2025-08-23 00:00:00,2025,8,23,0,An Giang,Xã Giồng Riềng,9.9237413,105.2736878,52,Moderate,1,24.9,94,0.0,5.5,226,1010.7,100,9.5,10.2,194.0,8.1,42.0,3.4
2025-08-23 01:00:00,2025,8,23,1,An Giang,Xã Giồng Riềng,9.9237413,105.2736878,51,Moderate,1,25.0,94,0.5,6.4,218,1010.0,100,9.5,10.2,176.0,7.9,41.0,2.9
2025-08-23 02:00:00,2025,8,23,2,An Giang,Xã Giồng Riềng,9.9237413,105.2736878,51,Moderate,1,25.1,94,0.6,6.4,248,1009.4,100,9.6,10.3,161.0,7.9,40.0,2.6
2025-08-23 03:00:00,2025,8,23,3,An Giang,Xã Giồng Riềng,9.9237413,105.2736878,50,Good,0,25.1,93,0.0,7.5,235,1008.8,99,9.7,10.5,147.0,7.9,38.0,2.5
2025-08-23 04:00:00,2025,8,23,4,An Giang,Xã Giồng Riềng,9.9237413,105.2736878,49,Good,0,25.1,93,0.0,7.7,245,1008.4,100,9.6,10.5,138.0,7.7,37.0,2.5
2025-08-23 05:00:00,2025,8,23,5,An Giang,Xã Giồng Riềng,9.9237413,105.2736878,47,Good,0,25.1,93,0.0,6.7,243,1008.5,100,8.8,9.7,137.0,7.2,36.0,2.7
2025-08-23 06:00:00,2025,8,23,6,An Giang,Xã Giồng Riềng,9.9237413,105.2736878,46,Good,0,25.1,93,0.0,5.3,242,1009.4,100,8.3,9.2,140.0,6.5,35.0,3.1
2025-08-23 07:00:00,2025,8,23,7,An Giang,Xã Giồng Riềng,9.9237413,105.2736878,44,Good,0,26.0,89,0.1,9.3,260,1010.1,92,12.0,13.2,141.0,7.7,32.0,3.9
2025-08-23 08:00:00,2025,8,23,8,An Giang,Xã Giồng Riềng,9.9237413,105.2736878,42,Good,0,28.8,75,0.0,14.3,263,1010.3,30,9.1,10.5,138.0,5.9,39.0,3.4
2025-08-23 09:00:00,2025,8,23,9,An Giang,Xã Giồng Riềng,9.9237413,105.2736878,39,Good,0,28.9,75,1.3,15.3,258,1010.8,45,6.7,8.2,133.0,3.3,49.0,2.7
2025-08-23 10:00:00,2025,8,23,10,An Giang,Xã Giồng Riềng,9.9237413,105.2736878,37,Good,0,29.5,75,0.2,16.6,257,1010.8,56,5.1,6.4,129.0,1.4,57.0,2.1
2025-08-23 11:00:00,2025,8,23,11,An Giang,Xã Giồng Riềng,9.9237413,105.2736878,36,Good,0,29.8,74,0.2,17.3,253,1010.8,58,4.5,5.7,126.0,0.8,60.0,1.8
2025-08-23 12:00:00,2025,8,23,12,An Giang,Xã Giồng Riềng,9.9237413,105.2736878,35,Good,0,29.9,73,3.2,15.3,253,1010.2,94,4.4,5.6,123.0,0.8,61.0,1.7
2025-08-23 13:00:00,2025,8,23,13,An Giang,Xã Giồng Riềng,9.9237413,105.2736878,33,Good,0,30.2,71,0.1,17.9,246,1008.6,98,4.3,5.6,121.0,0.9,61.0,1.6
2025-08-23 14:00:00,2025,8,23,14,An Giang,Xã Giồng Riềng,9.9237413,105.2736878,33,Good,0,30.5,65,0.0,19.7,254,1007.5,97,4.9,6.1,120.0,1.0,61.0,1.5
2025-08-23 15:00:00,2025,8,23,15,An Giang,Xã Giồng Riềng,9.9237413,105.2736878,32,Good,0,30.2,65,0.0,19.6,255,1006.8,97,5.0,6.3,119.0,1.2,61.0,1.5
2025-08-23 16:00:00,2025,8,23,16,An Giang,Xã Giồng Riềng,9.9237413,105.2736878,32,Good,0,29.6,67,0.0,18.5,257,1006.2,99,5.3,6.7,124.0,1.7,60.0,1.7
2025-08-23 17:00:00,2025,8,23,17,An Giang,Xã Giồng Riềng,9.9237413,105.2736878,32,Good,0,29.0,69,0.0,14.9,262,1006.2,99,5.7,7.1,138.0,2.8,58.0,2.2
2025-08-23 18:00:00,2025,8,23,18,An Giang,Xã Giồng Riềng,9.9237413,105.2736878,32,Good,0,27.9,76,0.0,10.1,260,1006.9,100,6.9,8.1,156.0,4.2,56.0,2.8
2025-08-23 19:00:00,2025,8,23,19,An Giang,Xã Giồng Riềng,9.9237413,105.2736878,32,Good,0,27.0,80,0.0,8.8,250,1007.7,100,10.4,12.1,169.0,6.6,52.0,3.8
2025-08-23 20:00:00,2025,8,23,20,An Giang,Xã Giồng Riềng,9.9237413,105.2736878,32,Good,0,26.8,79,0.0,8.3,231,1008.3,100,11.8,13.4,172.0,6.5,52.0,3.9
2025-08-23 21:00:00,2025,8,23,21,An Giang,Xã Giồng Riềng,9.9237413,105.2736878,33,Good,0,26.7,79,0.0,10.4,234,1009.3,100,11.4,12.9,170.0,6.4,51.0,4.0
2025-08-23 22:00:00,2025,8,23,22,An Giang,Xã Giồng Riềng,9.9237413,105.2736878,33,Good,0,26.7,79,0.0,9.8,235,1009.5,100,10.4,11.9,164.0,6.1,51.0,3.9
2025-08-23 23:00:00,2025,8,23,23,An Giang,Xã Giồng Riềng,9.9237413,105.2736878,33,Good,0,26.7,79,0.0,10.1,241,1009.2,100,9.3,10.8,154.0,5.7,51.0,3.4
2025-08-24 00:00:00,2025,8,24,0,An Giang,Xã Giồng Riềng,9.9237413,105.2736878,33,Good,0,26.8,79,0.0,10.2,247,1009.3,100,8.1,9.5,141.0,5.1,50.0,2.7
2025-08-24 01:00:00,2025,8,24,1,An Giang,Xã Giồng Riềng,9.9237413,105.2736878,33,Good,0,26.5,80,0.0,8.3,240,1008.5,100,7.3,8.5,130.0,4.7,49.0,2.2
2025-08-24 02:00:00,2025,8,24,2,An Giang,Xã Giồng Riềng,9.9237413,105.2736878,33,Good,0,26.3,82,0.0,9.6,236,1008.0,100,6.5,7.6,123.0,4.5,47.0,2.0
2025-08-24 03:00:00,2025,8,24,3,An Giang,Xã Giồng Riềng,9.9237413,105.2736878,32,Good,0,26.2,82,0.0,8.8,239,1007.3,100,5.8,6.9,118.0,4.4,44.0,1.9
2025-08-24 04:00:00,2025,8,24,4,An Giang,Xã Giồng Riềng,9.9237413,105.2736878,32,Good,0,24.1,92,1.5,16.1,264,1008.1,100,5.2,6.2,116.0,4.2,42.0,1.9
2025-08-24 05:00:00,2025,8,24,5,An Giang,Xã Giồng Riềng,9.9237413,105.2736878,31,Good,0,24.0,94,0.7,14.7,250,1008.6,100,4.0,4.9,118.0,3.9,40.0,1.9
2025-08-24 06:00:00,2025,8,24,6,An Giang,Xã Giồng Riềng,9.9237413,105.2736878,30,Good,0,23.3,97,6.3,12.6,236,1009.5,100,3.9,4.7,124.0,3.6,39.0,1.8
2025-08-24 07:00:00,2025,8,24,7,An Giang,Xã Giồng Riềng,9.9237413,105.2736878,29,Good,0,23.5,96,6.7,9.5,261,1009.9,100,5.0,5.9,127.0,3.7,40.0,2.2
2025-08-24 08:00:00,2025,8,24,8,An Giang,Xã Giồng Riềng,9.9237413,105.2736878,28,Good,0,26.2,88,0.1,11.2,232,1009.4,97,4.4,5.3,126.0,3.0,44.0,2.1
2025-08-24 09:00:00,2025,8,24,9,An Giang,Xã Giồng Riềng,9.9237413,105.2736878,27,Good,0,28.0,83,0.2,16.9,249,1009.9,98,4.4,5.3,123.0,2.0,50.0,2.0
2025-08-24 10:00:00,2025,8,24,10,An Giang,Xã Giồng Riềng,9.9237413,105.2736878,27,Good,0,28.5,78,0.2,21.1,262,1009.7,100,4.2,5.2,121.0,1.3,55.0,1.9
2025-08-24 11:00:00,2025,8,24,11,An Giang,Xã Giồng Riềng,9.9237413,105.2736878,27,Good,0,28.0,76,1.1,24.5,244,1009.2,100,3.9,5.0,120.0,1.0,57.0,1.7
2025-08-24 12:00:00,2025,8,24,12,An Giang,Xã Giồng Riềng,9.9237413,105.2736878,26,Good,0,28.5,78,0.4,24.4,249,1008.6,100,3.7,4.9,119.0,0.9,57.0,1.4
2025-08-24 13:00:00,2025,8,24,13,An Giang,Xã Giồng Riềng,9.9237413,105.2736878,26,Good,0,28.6,76,0.2,27.0,248,1007.4,100,3.8,5.0,118.0,0.9,57.0,1.2
2025-08-24 14:00:00,2025,8,24,14,An Giang,Xã Giồng Riềng,9.9237413,105.2736878,26,Good,0,28.8,74,0.1,27.6,249,1006.4,100,4.0,5.3,118.0,0.9,57.0,1.1
2025-08-24 15:00:00,2025,8,24,15,An Giang,Xã Giồng Riềng,9.9237413,105.2736878,26,Good,0,29.0,70,0.1,26.9,253,1006.0,100,4.4,5.8,118.0,1.0,56.0,1.2
2025-08-24 16:00:00,2025,8,24,16,An Giang,Xã Giồng Riềng,9.9237413,105.2736878,26,Good,0,27.6,75,0.2,25.0,264,1006.3,100,4.6,6.0,120.0,1.4,55.0,1.3
2025-08-24 17:00:00,2025,8,24,17,An Giang,Xã Giồng Riềng,9.9237413,105.2736878,26,Good,0,26.0,85,0.4,17.9,258,1006.1,100,5.1,6.4,126.0,2.2,53.0,1.6
2025-08-24 18:00:00,2025,8,24,18,An Giang,Xã Giồng Riềng,9.9237413,105.2736878,26,Good,0,26.2,87,0.0,14.5,253,1006.3,100,5.2,6.3,135.0,3.2,50.0,2.0
2025-08-24 19:00:00,2025,8,24,19,An Giang,Xã Giồng Riềng,9.9237413,105.2736878,26,Good,0,26.1,84,0.1,15.2,259,1006.9,100,8.6,10.5,141.0,4.7,49.0,2.9
2025-08-24 20:00:00,2025,8,24,20,An Giang,Xã Giồng Riềng,9.9237413,105.2736878,25,Good,0,26.1,90,0.0,11.5,247,1007.4,100,8.8,10.7,143.0,5.0,47.0,3.1
2025-08-24 21:00:00,2025,8,24,21,An Giang,Xã Giồng Riềng,9.9237413,105.2736878,25,Good,0,26.1,89,0.0,11.0,215,1008.0,100,9.5,11.4,142.0,5.4,45.0,3.4
2025-08-24 22:00:00,2025,8,24,22,An Giang,Xã Giồng Riềng,9.9237413,105.2736878,24,Good,0,26.2,90,0.0,11.2,221,1008.4,100,10.4,12.3,139.0,5.5,44.0,3.4
2025-08-24 23:00:00,2025,8,24,23,An Giang,Xã Giồng Riềng,9.9237413,105.2736878,24,Good,0,26.1,89,0.0,9.9,225,1008.1,100,10.5,12.5,132.0,5.1,45.0,3.0
2025-08-25 00:00:00,2025,8,25,0,An Giang,Xã Giồng Riềng,9.9237413,105.2736878,25,Good,0,25.9,90,0.0,10.7,217,1007.8,100,9.5,11.6,123.0,4.4,46.0,2.3
2025-08-25 01:00:00,2025,8,25,1,An Giang,Xã Giồng Riềng,9.9237413,105.2736878,25,Good,0,26.1,89,0.0,11.5,230,1007.3,100,9.1,11.2,116.0,3.9,48.0,1.8
2025-08-25 02:00:00,2025,8,25,2,An Giang,Xã Giồng Riềng,9.9237413,105.2736878,25,Good,0,26.5,85,0.0,12.5,233,1006.8,100,8.9,11.1,114.0,3.6,49.0,1.6
2025-08-25 03:00:00,2025,8,25,3,An Giang,Xã Giồng Riềng,9.9237413,105.2736878,26,Good,0,26.5,84,0.1,13.6,234,1006.4,100,8.6,10.8,114.0,3.5,49.0,1.6
2025-08-25 04:00:00,2025,8,25,4,An Giang,Xã Giồng Riềng,9.9237413,105.2736878,26,Good,0,24.9,90,2.5,16.1,275,1007.0,100,8.4,10.5,116.0,3.4,50.0,1.6
2025-08-25 05:00:00,2025,8,25,5,An Giang,Xã Giồng Riềng,9.9237413,105.2736878,27,Good,0,24.5,92,1.5,15.6,234,1006.5,100,8.2,10.3,122.0,3.5,50.0,1.8
2025-08-25 06:00:00,2025,8,25,6,An Giang,Xã Giồng Riềng,9.9237413,105.2736878,27,Good,0,24.5,94,0.1,11.3,223,1007.0,100,7.7,9.6,130.0,3.6,51.0,2.0
2025-08-25 07:00:00,2025,8,25,7,An Giang,Xã Giồng Riềng,9.9237413,105.2736878,28,Good,0,25.4,91,0.3,16.3,236,1007.7,100,7.6,9.5,134.0,3.3,51.0,2.2
2025-08-25 08:00:00,2025,8,25,8,An Giang,Xã Giồng Riềng,9.9237413,105.2736878,28,Good,0,26.6,84,0.1,19.5,220,1008.4,100,7.3,9.5,132.0,2.7,53.0,1.9
2025-08-25 09:00:00,2025,8,25,9,An Giang,Xã Giồng Riềng,9.9237413,105.2736878,29,Good,0,27.0,84,0.0,18.2,225,1008.8,100,6.9,9.0,126.0,1.8,57.0,1.5
2025-08-25 10:00:00,2025,8,25,10,An Giang,Xã Giồng Riềng,9.9237413,105.2736878,29,Good,0,29.1,76,0.1,22.0,231,1008.6,100,5.6,7.2,121.0,1.2,60.0,1.3
2025-08-25 11:00:00,2025,8,25,11,An Giang,Xã Giồng Riềng,9.9237413,105.2736878,30,Good,0,26.8,82,5.4,21.4,248,1008.6,100,5.7,6.9,120.0,1.1,62.0,1.5
2025-08-25 12:00:00,2025,8,25,12,An Giang,Xã Giồng Riềng,9.9237413,105.2736878,30,Good,0,27.4,80,0.2,19.9,233,1007.9,100,6.4,7.7,119.0,1.2,64.0,1.8
2025-08-25 13:00:00,2025,8,25,13,An Giang,Xã Giồng Riềng,9.9237413,105.2736878,30,Good,0,29.2,76,0.2,20.6,236,1007.2,100,6.5,8.0,120.0,1.3,65.0,2.0
2025-08-25 14:00:00,2025,8,25,14,An Giang,Xã Giồng Riềng,9.9237413,105.2736878,31,Good,0,28.9,72,0.7,23.6,242,1006.2,100,5.6,7.2,121.0,1.2,64.0,1.8
2025-08-25 15:00:00,2025,8,25,15,An Giang,Xã Giồng Riềng,9.9237413,105.2736878,31,Good,0,28.5,77,0.0,18.6,244,1005.6,100,5.4,7.1,123.0,1.1,62.0,1.4
2025-08-25 16:00:00,2025,8,25,16,An Giang,Xã Giồng Riềng,9.9237413,105.2736878,31,Good,0,28.8,73,0.1,19.3,234,1005.1,100,5.8,8.1,126.0,1.3,60.0,1.3
2025-08-25 17:00:00,2025,8,25,17,An Giang,Xã Giồng Riềng,9.9237413,105.2736878,31,Good,0,28.6,77,0.1,15.4,234,1005.3,100,6.3,8.2,131.0,2.3,58.0,1.7
2025-08-25 18:00:00,2025,8,25,18,An Giang,Xã Giồng Riềng,9.9237413,105.2736878,32,Good,0,27.9,76,0.0,14.5,232,1006.1,100,7.4,9.3,137.0,3.7,55.0,2.3
2025-08-25 19:00:00,2025,8,25,19,An Giang,Xã Giồng Riềng,9.9237413,105.2736878,32,Good,0,27.2,77,0.0,13.6,224,1006.8,100,8.9,11.2,140.0,5.0,51.0,2.8
2025-08-25 20:00:00,2025,8,25,20,An Giang,Xã Giồng Riềng,9.9237413,105.2736878,32,Good,0,26.6,84,0.1,10.1,224,1007.5,100,9.8,12.2,140.0,4.9,51.0,2.8
2025-08-25 21:00:00,2025,8,25,21,An Giang,Xã Giồng Riềng,9.9237413,105.2736878,32,Good,0,26.3,85,0.0,8.1,211,1008.2,100,10.1,12.6,138.0,4.7,52.0,2.8
2025-08-25 22:00:00,2025,8,25,22,An Giang,Xã Giồng Riềng,9.9237413,105.2736878,32,Good,0,26.1,85,0.1,12.2,221,1008.9,100,9.7,12.2,134.0,4.4,53.0,2.7
2025-08-25 23:00:00,2025,8,25,23,An Giang,Xã Giồng Riềng,9.9237413,105.2736878,32,Good,0,26.0,85,0.0,11.2,225,1009.2,100,8.1,10.4,127.0,3.8,55.0,2.2
2025-08-26 00:00:00,2025,8,26,0,An Giang,Xã Giồng Riềng,9.9237413,105.2736878,32,Good,0,25.8,86,0.0,10.8,217,1009.1,100,6.5,8.4,118.0,3.1,57.0,1.5
2025-08-26 01:00:00,2025,8,26,1,An Giang,Xã Giồng Riềng,9.9237413,105.2736878,31,Good,0,25.9,87,0.0,12.0,223,1008.6,100,6.0,7.5,111.0,2.7,58.0,1.1
2025-08-26 02:00:00,2025,8,26,2,An Giang,Xã Giồng Riềng,9.9237413,105.2736878,31,Good,0,25.9,87,0.0,11.8,220,1008.2,100,6.2,7.6,108.0,2.9,56.0,1.1
2025-08-26 03:00:00,2025,8,26,3,An Giang,Xã Giồng Riềng,9.9237413,105.2736878,30,Good,0,25.8,88,0.1,11.5,211,1007.7,89,6.7,7.9,108.0,3.3,54.0,1.3
2025-08-26 04:00:00,2025,8,26,4,An Giang,Xã Giồng Riềng,9.9237413,105.2736878,30,Good,0,25.8,88,0.0,10.2,214,1007.6,99,6.4,7.7,110.0,3.7,51.0,1.5
2025-08-26 05:00:00,2025,8,26,5,An Giang,Xã Giồng Riềng,9.9237413,105.2736878,30,Good,0,25.4,91,0.0,8.3,222,1008.2,100,6.6,8.0,116.0,3.9,49.0,1.8
2025-08-26 06:00:00,2025,8,26,6,An Giang,Xã Giồng Riềng,9.9237413,105.2736878,29,Good,0,24.6,91,1.1,11.0,260,1008.8,100,7.0,8.4,125.0,4.0,46.0,2.2
2025-08-26 07:00:00,2025,8,26,7,An Giang,Xã Giồng Riềng,9.9237413,105.2736878,29,Good,0,24.0,95,1.9,16.2,255,1009.9,100,10.3,12.2,133.0,5.1,41.0,2.9
2025-08-26 08:00:00,2025,8,26,8,An Giang,Xã Giồng Riềng,9.9237413,105.2736878,30,Good,0,25.5,87,0.7,6.1,203,1010.2,100,9.2,11.6,140.0,4.0,47.0,2.6
2025-08-26 09:00:00,2025,8,26,9,An Giang,Xã Giồng Riềng,9.9237413,105.2736878,30,Good,0,26.4,86,0.0,5.8,214,1010.5,100,8.4,11.1,146.0,2.5,56.0,2.1
2025-08-26 10:00:00,2025,8,26,10,An Giang,Xã Giồng Riềng,9.9237413,105.2736878,30,Good,0,28.4,80,0.0,6.9,185,1010.6,100,7.7,10.2,147.0,1.4,64.0,1.8
2025-08-26 11:00:00,2025,8,26,11,An Giang,Xã Giồng Riềng,9.9237413,105.2736878,31,Good,0,30.1,73,0.2,12.9,216,1010.0,100,7.5,10.0,139.0,1.0,69.0,1.6
2025-08-26 12:00:00,2025,8,26,12,An Giang,Xã Giồng Riềng,9.9237413,105.2736878,31,Good,0,31.2,66,0.1,17.0,222,1009.5,100,7.6,10.0,126.0,0.9,73.0,1.5
2025-08-26 13:00:00,2025,8,26,13,An Giang,Xã Giồng Riềng,9.9237413,105.2736878,31,Good,0,31.6,56,0.1,21.7,229,1008.7,100,7.8,10.3,119.0,1.0,75.0,1.5
2025-08-26 14:00:00,2025,8,26,14,An Giang,Xã Giồng Riềng,9.9237413,105.2736878,31,Good,0,31.9,55,0.0,21.4,237,1007.7,100,7.9,10.3,122.0,1.0,74.0,1.4
2025-08-26 15:00:00,2025,8,26,15,An Giang,Xã Giồng Riềng,9.9237413,105.2736878,32,Good,0,31.2,59,0.1,21.7,246,1007.2,100,7.7,10.2,130.0,1.2,72.0,1.4
2025-08-26 16:00:00,2025,8,26,16,An Giang,Xã Giồng Riềng,9.9237413,105.2736878,32,Good,0,30.1,65,0.0,16.8,242,1007.0,100,7.7,10.1,142.0,1.6,69.0,1.5
2025-08-26 17:00:00,2025,8,26,17,An Giang,Xã Giồng Riềng,9.9237413,105.2736878,33,Good,0,29.5,69,0.0,14.3,245,1006.9,100,7.9,10.3,157.0,2.5,66.0,1.9
2025-08-26 18:00:00,2025,8,26,18,An Giang,Xã Giồng Riềng,9.9237413,105.2736878,33,Good,0,28.5,73,0.0,11.8,244,1007.9,100,8.6,10.7,175.0,3.6,63.0,2.4
2025-08-26 19:00:00,2025,8,26,19,An Giang,Xã Giồng Riềng,9.9237413,105.2736878,33,Good,0,27.9,77,0.0,11.0,240,1008.8,100,11.4,14.0,193.0,5.1,60.0,3.1
2025-08-26 20:00:00,2025,8,26,20,An Giang,Xã Giồng Riềng,9.9237413,105.2736878,33,Good,0,27.4,80,0.0,9.6,236,1009.7,100,12.0,14.6,211.0,4.6,59.0,2.9
2025-08-26 21:00:00,2025,8,26,21,An Giang,Xã Giồng Riềng,9.9237413,105.2736878,34,Good,0,26.9,83,0.0,7.6,248,1010.2,100,10.8,13.3,229.0,3.9,57.0,2.7
2025-08-26 22:00:00,2025,8,26,22,An Giang,Xã Giồng Riềng,9.9237413,105.2736878,34,Good,0,26.2,87,0.0,5.7,224,1010.6,100,8.2,10.3,240.0,3.7,54.0,2.5
2025-08-26 23:00:00,2025,8,26,23,An Giang,Xã Giồng Riềng,9.9237413,105.2736878,34,Good,0,25.6,90,0.0,6.9,203,1010.6,97,8.5,10.4,238.0,4.6,49.0,2.5
2025-08-27 00:00:00,2025,8,27,0,An Giang,Xã Giồng Riềng,9.9237413,105.2736878,34,Good,0,25.5,91,0.0,6.1,210,1010.2,100,9.3,10.9,229.0,5.9,44.0,2.6
2025-08-27 01:00:00,2025,8,27,1,An Giang,Xã Giồng Riềng,9.9237413,105.2736878,34,Good,0,25.4,93,0.0,6.2,202,1009.8,100,10.2,11.8,220.0,7.1,39.0,2.7
2025-08-27 02:00:00,2025,8,27,2,An Giang,Xã Giồng Riềng,9.9237413,105.2736878,35,Good,0,25.4,93,0.0,5.2,194,1009.3,100,11.1,12.6,215.0,7.8,36.0,2.7
2025-08-27 03:00:00,2025,8,27,3,An Giang,Xã Giồng Riềng,9.9237413,105.2736878,36,Good,0,25.1,94,0.0,4.2,187,1008.8,99,11.6,13.0,210.0,8.2,35.0,2.7
2025-08-27 04:00:00,2025,8,27,4,An Giang,Xã Giồng Riềng,9.9237413,105.2736878,37,Good,0,24.9,95,0.0,5.2,202,1008.3,100,11.5,13.0,202.0,8.4,34.0,2.8
2025-08-27 05:00:00,2025,8,27,5,An Giang,Xã Giồng Riềng,9.9237413,105.2736878,38,Good,0,25.0,94,0.0,4.7,212,1008.8,100,11.3,12.8,188.0,8.5,33.0,3.1
2025-08-27 06:00:00,2025,8,27,6,An Giang,Xã Giồng Riềng,9.9237413,105.2736878,38,Good,0,25.2,93,0.1,4.0,249,1009.2,100,12.0,13.7,172.0,8.5,32.0,3.6
2025-08-27 07:00:00,2025,8,27,7,An Giang,Xã Giồng Riềng,9.9237413,105.2736878,39,Good,0,25.9,91,0.1,4.5,277,1009.6,100,11.7,13.1,157.0,7.2,35.0,4.0
2025-08-27 08:00:00,2025,8,27,8,An Giang,Xã Giồng Riềng,9.9237413,105.2736878,40,Good,0,28.0,82,0.5,7.4,271,1010.6,100,9.3,11.4,147.0,5.7,43.0,3.7
2025-08-27 09:00:00,2025,8,27,9,An Giang,Xã Giồng Riềng,9.9237413,105.2736878,40,Good,0,26.1,85,3.1,17.0,250,1011.4,100,8.4,10.6,139.0,3.6,54.0,3.2
2025-08-27 10:00:00,2025,8,27,10,An Giang,Xã Giồng Riềng,9.9237413,105.2736878,40,Good,0,26.7,85,0.1,10.5,243,1010.9,100,8.4,10.6,132.0,1.9,63.0,2.8
2025-08-27 11:00:00,2025,8,27,11,An Giang,Xã Giồng Riềng,9.9237413,105.2736878,40,Good,0,29.6,76,0.1,12.8,251,1010.5,100,8.3,10.4,127.0,1.1,67.0,2.4
2025-08-27 12:00:00,2025,8,27,12,An Giang,Xã Giồng Riềng,9.9237413,105.2736878,40,Good,0,30.4,73,0.0,15.8,259,1009.8,100,7.9,10.0,123.0,0.9,68.0,1.9
2025-08-27 13:00:00,2025,8,27,13,An Giang,Xã Giồng Riềng,9.9237413,105.2736878,40,Good,0,30.9,68,0.0,15.9,264,1009.0,99,7.3,9.4,121.0,0.8,68.0,1.6
2025-08-27 14:00:00,2025,8,27,14,An Giang,Xã Giồng Riềng,9.9237413,105.2736878,40,Good,0,30.4,67,0.4,18.7,263,1008.3,97,7.4,9.7,120.0,0.8,66.0,1.5
2025-08-27 15:00:00,2025,8,27,15,An Giang,Xã Giồng Riềng,9.9237413,105.2736878,40,Good,0,29.9,67,0.8,20.8,264,1007.4,89,7.8,10.2,121.0,1.1,62.0,1.5
2025-08-27 16:00:00,2025,8,27,16,An Giang,Xã Giồng Riềng,9.9237413,105.2736878,40,Good,0,29.1,73,0.0,17.7,261,1007.5,98,7.9,10.1,125.0,1.7,59.0,1.7
2025-08-27 17:00:00,2025,8,27,17,An Giang,Xã Giồng Riềng,9.9237413,105.2736878,40,Good,0,28.6,75,0.0,14.4,260,1007.6,76,8.4,10.2,133.0,2.8,57.0,2.2
2025-08-27 18:00:00,2025,8,27,18,An Giang,Xã Giồng Riềng,9.9237413,105.2736878,40,Good,0,27.8,79,0.0,12.6,259,1008.4,53,9.4,11.3,145.0,4.2,55.0,2.8
2025-08-27 19:00:00,2025,8,27,19,An Giang,Xã Giồng Riềng,9.9237413,105.2736878,40,Good,0,27.1,82,0.0,11.6,248,1009.2,91,10.3,12.5,156.0,5.0,50.0,3.1
2025-08-27 20:00:00,2025,8,27,20,An Giang,Xã Giồng Riềng,9.9237413,105.2736878,40,Good,0,27.2,80,0.0,14.6,260,1009.6,100,12.0,14.0,168.0,5.8,47.0,3.6
2025-08-27 21:00:00,2025,8,27,21,An Giang,Xã Giồng Riềng,9.9237413,105.2736878,40,Good,0,27.1,81,0.0,10.5,258,1010.0,100,12.8,14.7,180.0,6.9,44.0,4.3
2025-08-27 22:00:00,2025,8,27,22,An Giang,Xã Giồng Riềng,9.9237413,105.2736878,40,Good,0,27.0,82,0.0,8.1,283,1011.0,100,12.4,14.2,184.0,7.5,41.0,4.7
2025-08-27 23:00:00,2025,8,27,23,An Giang,Xã Giồng Riềng,9.9237413,105.2736878,41,Good,0,26.5,86,0.0,8.5,282,1011.0,100,11.7,13.4,174.0,7.2,40.0,4.4
2025-08-28 00:00:00,2025,8,28,0,An Giang,Xã Giồng Riềng,9.9237413,105.2736878,41,Good,0,26.4,86,0.0,8.4,281,1010.4,100,10.1,11.7,157.0,6.4,40.0,3.9
2025-08-28 01:00:00,2025,8,28,1,An Giang,Xã Giồng Riềng,9.9237413,105.2736878,42,Good,0,26.2,87,0.0,8.6,259,1009.6,100,8.1,9.5,141.0,5.6,40.0,3.3
2025-08-28 02:00:00,2025,8,28,2,An Giang,Xã Giồng Riềng,9.9237413,105.2736878,41,Good,0,26.3,87,0.0,9.8,262,1009.0,100,6.3,7.4,129.0,5.0,40.0,2.8
2025-08-28 03:00:00,2025,8,28,3,An Giang,Xã Giồng Riềng,9.9237413,105.2736878,40,Good,0,26.1,87,0.0,11.5,272,1008.5,99,5.2,6.2,120.0,4.4,41.0,2.4
2025-08-28 04:00:00,2025,8,28,4,An Giang,Xã Giồng Riềng,9.9237413,105.2736878,39,Good,0,26.1,85,0.1,14.4,260,1008.5,100,4.7,5.5,114.0,4.0,41.0,2.2
2025-08-28 05:00:00,2025,8,28,5,An Giang,Xã Giồng Riềng,9.9237413,105.2736878,38,Good,0,25.8,85,0.0,14.2,257,1008.4,100,4.5,5.2,115.0,4.1,39.0,2.4
2025-08-28 06:00:00,2025,8,28,6,An Giang,Xã Giồng Riềng,9.9237413,105.2736878,37,Good,0,25.7,88,0.0,10.7,262,1008.4,100,4.7,5.3,121.0,4.5,37.0,2.8
2025-08-28 07:00:00,2025,8,28,7,An Giang,Xã Giồng Riềng,9.9237413,105.2736878,36,Good,0,26.9,84,0.0,13.2,277,1009.1,100,5.6,6.3,124.0,4.6,35.0,3.8
2025-08-28 08:00:00,2025,8,28,8,An Giang,Xã Giồng Riềng,9.9237413,105.2736878,35,Good,0,27.4,77,0.0,22.1,247,1010.1,100,4.8,5.9,123.0,3.7,39.0,3.4
2025-08-28 09:00:00,2025,8,28,9,An Giang,Xã Giồng Riềng,9.9237413,105.2736878,34,Good,0,27.2,81,0.0,16.2,251,1010.2,100,4.0,5.0,119.0,2.5,45.0,2.9
2025-08-28 10:00:00,2025,8,28,10,An Giang,Xã Giồng Riềng,9.9237413,105.2736878,33,Good,0,28.9,75,0.1,22.7,269,1010.2,99,3.8,4.8,116.0,1.6,50.0,2.5
2025-08-28 11:00:00,2025,8,28,11,An Giang,Xã Giồng Riềng,9.9237413,105.2736878,32,Good,0,29.3,70,0.5,24.1,277,1009.9,97,3.5,4.6,114.0,1.3,52.0,2.1
2025-08-28 12:00:00,2025,8,28,12,An Giang,Xã Giồng Riềng,9.9237413,105.2736878,31,Good,0,29.2,75,0.0,23.4,269,1009.0,22,3.7,5.0,111.0,1.3,52.0,1.9
2025-08-28 13:00:00,2025,8,28,13,An Giang,Xã Giồng Riềng,9.9237413,105.2736878,31,Good,0,30.2,73,0.1,24.0,266,1007.9,43,4.1,5.3,110.0,1.4,52.0,1.7
2025-08-28 14:00:00,2025,8,28,14,An Giang,Xã Giồng Riềng,9.9237413,105.2736878,30,Good,0,30.0,72,0.0,24.4,261,1006.4,49,3.7,4.9,109.0,1.6,52.0,1.8
2025-08-28 15:00:00,2025,8,28,15,An Giang,Xã Giồng Riềng,9.9237413,105.2736878,29,Good,0,30.0,68,0.0,26.0,262,1005.8,98,4.0,4.9,109.0,1.9,52.0,2.0
2025-08-28 16:00:00,2025,8,28,16,An Giang,Xã Giồng Riềng,9.9237413,105.2736878,29,Good,0,29.4,72,0.0,26.5,263,1005.5,96,4.6,5.7,111.0,2.3,51.0,2.2
2025-08-28 17:00:00,2025,8,28,17,An Giang,Xã Giồng Riềng,9.9237413,105.2736878,28,Good,0,27.3,80,0.1,22.9,259,1006.7,65,4.7,5.6,118.0,2.9,49.0,2.4
2025-08-28 18:00:00,2025,8,28,18,An Giang,Xã Giồng Riềng,9.9237413,105.2736878,28,Good,0,26.7,83,0.0,18.4,258,1007.7,99,4.7,5.6,126.0,3.7,46.0,2.5
2025-08-28 19:00:00,2025,8,28,19,An Giang,Xã Giồng Riềng,9.9237413,105.2736878,27,Good,0,26.1,86,0.0,15.6,258,1008.5,100,5.2,6.1,132.0,4.6,44.0,2.9
2025-08-28 20:00:00,2025,8,28,20,An Giang,Xã Giồng Riềng,9.9237413,105.2736878,26,Good,0,26.0,85,1.9,20.3,282,1009.1,100,5.0,5.8,132.0,4.7,43.0,3.1
2025-08-28 21:00:00,2025,8,28,21,An Giang,Xã Giồng Riềng,9.9237413,105.2736878,25,Good,0,24.5,94,3.4,15.0,264,1009.4,100,5.1,5.9,129.0,4.8,42.0,3.3
2025-08-28 22:00:00,2025,8,28,22,An Giang,Xã Giồng Riềng,9.9237413,105.2736878,23,Good,0,25.5,91,0.2,17.1,248,1009.6,100,5.5,6.2,125.0,4.8,41.0,3.3
2025-08-28 23:00:00,2025,8,28,23,An Giang,Xã Giồng Riềng,9.9237413,105.2736878,22,Good,0,25.8,91,0.6,17.0,255,1009.5,100,4.9,5.6,120.0,4.5,41.0,2.9
2025-08-29 00:00:00,2025,8,29,0,An Giang,Xã Giồng Riềng,9.9237413,105.2736878,21,Good,0,25.8,92,0.5,15.9,266,1009.1,100,4.2,4.8,115.0,4.0,41.0,2.3
2025-08-29 01:00:00,2025,8,29,1,An Giang,Xã Giồng Riềng,9.9237413,105.2736878,20,Good,0,25.6,93,0.6,16.0,269,1008.5,100,3.7,4.3,111.0,3.6,41.0,1.9
2025-08-29 02:00:00,2025,8,29,2,An Giang,Xã Giồng Riềng,9.9237413,105.2736878,20,Good,0,25.6,94,0.6,13.6,264,1008.0,100,3.6,4.1,110.0,3.5,41.0,1.8
2025-08-29 03:00:00,2025,8,29,3,An Giang,Xã Giồng Riềng,9.9237413,105.2736878,19,Good,0,25.5,93,0.7,15.1,268,1007.7,100,3.5,4.0,110.0,3.4,40.0,1.9
2025-08-29 04:00:00,2025,8,29,4,An Giang,Xã Giồng Riềng,9.9237413,105.2736878,19,Good,0,25.5,94,0.4,16.2,266,1007.6,100,3.3,3.8,113.0,3.4,40.0,2.0
2025-08-29 05:00:00,2025,8,29,5,An Giang,Xã Giồng Riềng,9.9237413,105.2736878,19,Good,0,25.5,93,0.2,15.1,269,1008.0,100,3.2,3.6,121.0,3.4,39.0,2.2
2025-08-29 06:00:00,2025,8,29,6,An Giang,Xã Giồng Riềng,9.9237413,105.2736878,19,Good,0,25.6,91,0.0,16.4,273,1008.3,100,3.3,3.6,130.0,3.4,39.0,2.5
2025-08-29 07:00:00,2025,8,29,7,An Giang,Xã Giồng Riềng,9.9237413,105.2736878,19,Good,0,26.1,89,0.0,14.2,268,1008.7,100,4.7,5.6,137.0,3.6,38.0,2.3
2025-08-29 08:00:00,2025,8,29,8,An Giang,Xã Giồng Riềng,9.9237413,105.2736878,18,Good,0,27.5,83,0.0,18.6,256,1009.4,100,4.7,5.7,137.0,2.9,41.0,2.2
2025-08-29 09:00:00,2025,8,29,9,An Giang,Xã Giồng Riềng,9.9237413,105.2736878,18,Good,0,28.1,80,0.6,22.0,265,1009.8,100,4.7,6.0,134.0,2.0,46.0,2.1
2025-08-29 10:00:00,2025,8,29,10,An Giang,Xã Giồng Riềng,9.9237413,105.2736878,19,Good,0,28.8,80,0.2,19.1,256,1009.4,99,4.7,6.2,130.0,1.3,50.0,2.0
2025-08-29 11:00:00,2025,8,29,11,An Giang,Xã Giồng Riềng,9.9237413,105.2736878,19,Good,0,28.9,80,1.0,19.3,262,1008.7,100,5.2,7.0,127.0,1.1,53.0,2.0
2025-08-29 12:00:00,2025,8,29,12,An Giang,Xã Giồng Riềng,9.9237413,105.2736878,20,Good,0,29.3,77,0.3,23.5,266,1008.3,100,5.4,7.3,123.0,1.2,54.0,2.0
2025-08-29 13:00:00,2025,8,29,13,An Giang,Xã Giồng Riềng,9.9237413,105.2736878,21,Good,0,28.5,74,0.4,24.8,263,1007.5,100,5.4,7.3,121.0,1.4,55.0,2.1
2025-08-29 14:00:00,2025,8,29,14,An Giang,Xã Giồng Riềng,9.9237413,105.2736878,22,Good,0,28.1,81,1.3,19.9,255,1007.0,100,5.4,7.3,121.0,1.7,54.0,2.2
2025-08-29 15:00:00,2025,8,29,15,An Giang,Xã Giồng Riềng,9.9237413,105.2736878,23,Good,0,28.2,76,0.0,24.2,261,1006.3,100,5.6,7.8,123.0,2.2,53.0,2.2
2025-08-29 16:00:00,2025,8,29,16,An Giang,Xã Giồng Riềng,9.9237413,105.2736878,24,Good,0,28.3,77,0.0,21.4,258,1006.0,100,6.1,7.9,126.0,2.8,51.0,2.4
2025-08-29 17:00:00,2025,8,29,17,An Giang,Xã Giồng Riềng,9.9237413,105.2736878,24,Good,0,28.2,76,0.0,20.0,261,1006.4,100,6.9,8.8,131.0,3.7,50.0,2.7
2025-08-29 18:00:00,2025,8,29,18,An Giang,Xã Giồng Riềng,9.9237413,105.2736878,24,Good,0,28.0,75,0.0,18.0,258,1007.0,100,7.4,9.4,137.0,4.6,48.0,3.1
2025-08-29 19:00:00,2025,8,29,19,An Giang,Xã Giồng Riềng,9.9237413,105.2736878,24,Good,0,27.9,76,0.0,15.6,259,1007.7,100,8.7,11.0,142.0,5.3,46.0,3.5
2025-08-29 20:00:00,2025,8,29,20,An Giang,Xã Giồng Riềng,9.9237413,105.2736878,24,Good,0,26.2,89,0.1,13.1,237,1008.7,100,9.6,12.0,144.0,5.4,44.0,3.6
2025-08-29 21:00:00,2025,8,29,21,An Giang,Xã Giồng Riềng,9.9237413,105.2736878,23,Good,0,26.0,90,0.1,12.3,233,1009.2,100,10.0,12.5,145.0,5.6,41.0,3.6
2025-08-29 22:00:00,2025,8,29,22,An Giang,Xã Giồng Riềng,9.9237413,105.2736878,23,Good,0,25.9,91,0.0,10.2,233,1009.7,100,10.2,12.5,144.0,5.5,39.0,3.5
2025-08-29 23:00:00,2025,8,29,23,An Giang,Xã Giồng Riềng,9.9237413,105.2736878,23,Good,0,26.5,86,0.0,12.3,249,1009.2,100,10.0,12.3,139.0,4.9,40.0,2.9
2025-08-30 00:00:00,2025,8,30,0,An Giang,Xã Giồng Riềng,9.9237413,105.2736878,24,Good,0,27.2,81,0.0,14.9,255,1008.9,100,9.3,12.0,132.0,4.0,41.0,2.2
2025-08-30 01:00:00,2025,8,30,1,An Giang,Xã Giồng Riềng,9.9237413,105.2736878,25,Good,0,27.4,79,0.0,17.1,263,1008.3,100,8.5,11.2,126.0,3.3,43.0,1.6
2025-08-30 02:00:00,2025,8,30,2,An Giang,Xã Giồng Riềng,9.9237413,105.2736878,26,Good,0,26.5,81,0.0,19.9,260,1007.6,100,8.4,11.2,123.0,3.0,44.0,1.4
2025-08-30 03:00:00,2025,8,30,3,An Giang,Xã Giồng Riềng,9.9237413,105.2736878,27,Good,0,25.9,87,0.0,15.5,252,1007.4,100,8.6,11.3,122.0,2.9,45.0,1.5
2025-08-30 04:00:00,2025,8,30,4,An Giang,Xã Giồng Riềng,9.9237413,105.2736878,28,Good,0,26.0,86,0.1,15.7,255,1007.3,100,8.8,11.6,124.0,2.9,45.0,1.6
2025-08-30 05:00:00,2025,8,30,5,An Giang,Xã Giồng Riềng,9.9237413,105.2736878,29,Good,0,26.2,87,0.0,15.7,257,1007.3,100,8.7,11.3,133.0,3.1,42.0,1.9
2025-08-30 06:00:00,2025,8,30,6,An Giang,Xã Giồng Riềng,9.9237413,105.2736878,30,Good,0,26.1,86,0.1,17.4,244,1007.8,100,8.3,10.6,145.0,3.4,39.0,2.3
2025-08-30 07:00:00,2025,8,30,7,An Giang,Xã Giồng Riềng,9.9237413,105.2736878,30,Good,0,26.1,86,0.1,17.2,259,1008.5,100,8.8,11.0,153.0,3.7,37.0,2.5
2025-08-30 08:00:00,2025,8,30,8,An Giang,Xã Giồng Riềng,9.9237413,105.2736878,31,Good,0,27.5,82,0.0,15.4,243,1008.4,100,8.3,10.7,154.0,3.0,40.0,2.3
2025-08-30 09:00:00,2025,8,30,9,An Giang,Xã Giồng Riềng,9.9237413,105.2736878,32,Good,0,28.8,79,0.1,17.7,249,1008.6,100,7.9,10.4,150.0,2.1,45.0,2.1
2025-08-30 10:00:00,2025,8,30,10,An Giang,Xã Giồng Riềng,9.9237413,105.2736878,32,Good,0,29.3,76,0.2,21.0,250,1008.7,100,7.2,9.5,147.0,1.4,49.0,1.9
2025-08-30 11:00:00,2025,8,30,11,An Giang,Xã Giồng Riềng,9.9237413,105.2736878,33,Good,0,28.0,81,2.0,16.7,256,1008.6,100,6.3,8.4,145.0,1.1,51.0,1.7
2025-08-30 12:00:00,2025,8,30,12,An Giang,Xã Giồng Riềng,9.9237413,105.2736878,33,Good,0,29.5,74,0.3,23.5,252,1007.8,100,5.9,7.8,144.0,1.1,52.0,1.5
2025-08-30 13:00:00,2025,8,30,13,An Giang,Xã Giồng Riềng,9.9237413,105.2736878,33,Good,0,27.9,78,2.3,24.7,254,1007.0,100,4.8,6.3,143.0,1.2,53.0,1.4
2025-08-30 14:00:00,2025,8,30,14,An Giang,Xã Giồng Riềng,9.9237413,105.2736878,33,Good,0,27.7,84,0.5,22.1,252,1006.1,100,4.5,5.6,142.0,1.5,53.0,1.5
2025-08-30 15:00:00,2025,8,30,15,An Giang,Xã Giồng Riềng,9.9237413,105.2736878,33,Good,0,27.2,81,0.3,23.7,250,1006.2,100,5.0,6.2,141.0,2.0,52.0,1.8
2025-08-30 16:00:00,2025,8,30,16,An Giang,Xã Giồng Riềng,9.9237413,105.2736878,33,Good,0,27.0,83,0.2,22.8,256,1005.7,100,5.2,6.4,142.0,2.5,51.0,2.1
2025-08-30 17:00:00,2025,8,30,17,An Giang,Xã Giồng Riềng,9.9237413,105.2736878,33,Good,0,27.0,84,0.1,17.5,253,1006.0,100,4.9,6.1,148.0,3.1,49.0,2.3
2025-08-30 18:00:00,2025,8,30,18,An Giang,Xã Giồng Riềng,9.9237413,105.2736878,32,Good,0,26.6,86,0.0,15.5,248,1006.1,100,5.2,6.2,157.0,3.8,48.0,2.5
2025-08-30 19:00:00,2025,8,30,19,An Giang,Xã Giồng Riềng,9.9237413,105.2736878,32,Good,0,26.2,87,0.0,13.5,247,1006.4,100,7.2,8.3,162.0,5.8,42.0,3.5
2025-08-30 20:00:00,2025,8,30,20,An Giang,Xã Giồng Riềng,9.9237413,105.2736878,32,Good,0,26.2,88,0.0,11.3,236,1007.0,100,7.3,8.4,161.0,5.5,42.0,3.4
2025-08-30 21:00:00,2025,8,30,21,An Giang,Xã Giồng Riềng,9.9237413,105.2736878,31,Good,0,26.4,88,0.0,13.2,232,1007.6,100,7.0,8.2,157.0,5.1,42.0,3.3
2025-08-30 22:00:00,2025,8,30,22,An Giang,Xã Giồng Riềng,9.9237413,105.2736878,31,Good,0,26.2,90,0.0,12.0,237,1008.0,100,6.8,8.0,153.0,4.7,42.0,3.1
2025-08-30 23:00:00,2025,8,30,23,An Giang,Xã Giồng Riềng,9.9237413,105.2736878,30,Good,0,26.1,90,0.0,11.9,239,1007.8,100,6.5,7.7,149.0,4.3,42.0,2.6
2025-08-31 00:00:00,2025,8,31,0,An Giang,Xã Giồng Riềng,9.9237413,105.2736878,29,Good,0,26.2,89,0.0,11.8,230,1007.7,99,6.1,7.3,144.0,3.9,41.0,2.0
2025-08-31 01:00:00,2025,8,31,1,An Giang,Xã Giồng Riềng,9.9237413,105.2736878,29,Good,0,25.9,90,0.0,11.5,230,1007.4,96,5.6,6.8,139.0,3.6,41.0,1.6
2025-08-31 02:00:00,2025,8,31,2,An Giang,Xã Giồng Riềng,9.9237413,105.2736878,28,Good,0,25.4,91,0.2,14.9,242,1007.3,97,5.1,6.2,134.0,3.6,42.0,1.5
2025-08-31 03:00:00,2025,8,31,3,An Giang,Xã Giồng Riềng,9.9237413,105.2736878,28,Good,0,24.6,94,0.2,14.4,241,1006.9,89,4.9,5.9,129.0,3.7,42.0,1.5
2025-08-31 04:00:00,2025,8,31,4,An Giang,Xã Giồng Riềng,9.9237413,105.2736878,27,Good,0,24.0,94,0.2,15.4,236,1007.2,94,4.9,5.8,129.0,3.8,43.0,1.7
2025-08-31 05:00:00,2025,8,31,5,An Giang,Xã Giồng Riềng,9.9237413,105.2736878,26,Good,0,23.9,96,0.2,11.2,232,1007.1,85,4.5,5.2,137.0,3.8,42.0,2.0
2025-08-31 06:00:00,2025,8,31,6,An Giang,Xã Giồng Riềng,9.9237413,105.2736878,26,Good,0,24.4,95,0.1,11.7,236,1007.1,54,4.7,5.4,150.0,3.8,42.0,2.4
2025-08-31 07:00:00,2025,8,31,7,An Giang,Xã Giồng Riềng,9.9237413,105.2736878,25,Good,0,25.4,90,0.1,15.7,248,1007.6,81,5.1,6.0,157.0,3.2,42.0,2.4
2025-08-31 08:00:00,2025,8,31,8,An Giang,Xã Giồng Riềng,9.9237413,105.2736878,24,Good,0,27.7,83,0.0,17.3,251,1008.0,100,5.2,6.4,153.0,2.6,45.0,2.2
2025-08-31 09:00:00,2025,8,31,9,An Giang,Xã Giồng Riềng,9.9237413,105.2736878,24,Good,0,29.3,75,0.1,18.9,261,1008.1,100,5.1,6.3,143.0,1.8,48.0,1.8
2025-08-31 10:00:00,2025,8,31,10,An Giang,Xã Giồng Riềng,9.9237413,105.2736878,23,Good,0,29.7,75,0.7,20.9,267,1007.9,100,4.0,5.1,135.0,1.2,51.0,1.6
2025-08-31 11:00:00,2025,8,31,11,An Giang,Xã Giồng Riềng,9.9237413,105.2736878,23,Good,0,28.7,77,1.6,23.4,253,1008.0,99,3.7,4.8,133.0,1.0,52.0,1.6
2025-08-31 12:00:00,2025,8,31,12,An Giang,Xã Giồng Riềng,9.9237413,105.2736878,22,Good,0,28.1,84,2.7,16.2,262,1007.4,100,4.0,5.1,134.0,1.0,52.0,1.6
2025-08-31 13:00:00,2025,8,31,13,An Giang,Xã Giồng Riềng,9.9237413,105.2736878,22,Good,0,27.3,82,1.4,19.5,259,1006.8,98,3.7,4.7,134.0,1.1,52.0,1.6
2025-08-31 14:00:00,2025,8,31,14,An Giang,Xã Giồng Riềng,9.9237413,105.2736878,22,Good,0,28.5,79,0.4,20.9,255,1006.1,100,3.4,4.4,133.0,1.1,51.0,1.5
2025-08-31 15:00:00,2025,8,31,15,An Giang,Xã Giồng Riềng,9.9237413,105.2736878,23,Good,0,27.5,82,1.5,19.3,254,1005.9,100,3.4,4.4,131.0,1.1,50.0,1.3
2025-08-31 16:00:00,2025,8,31,16,An Giang,Xã Giồng Riềng,9.9237413,105.2736878,23,Good,0,27.5,83,0.4,17.3,255,1006.1,100,3.2,4.2,132.0,1.4,48.0,1.3
2025-08-31 17:00:00,2025,8,31,17,An Giang,Xã Giồng Riềng,9.9237413,105.2736878,23,Good,0,26.8,86,0.3,18.9,261,1005.9,99,3.8,4.6,138.0,2.1,47.0,1.6
2025-08-31 18:00:00,2025,8,31,18,An Giang,Xã Giồng Riềng,9.9237413,105.2736878,23,Good,0,25.8,88,0.1,14.7,256,1006.7,96,4.4,5.2,147.0,3.0,45.0,2.0
2025-08-31 19:00:00,2025,8,31,19,An Giang,Xã Giồng Riềng,9.9237413,105.2736878,23,Good,0,25.6,90,0.1,12.4,246,1006.8,99,6.0,6.6,152.0,5.6,39.0,3.3
2025-08-31 20:00:00,2025,8,31,20,An Giang,Xã Giồng Riềng,9.9237413,105.2736878,22,Good,0,25.9,88,0.1,16.0,255,1007.5,100,6.4,7.0,152.0,5.5,39.0,3.3
2025-08-31 21:00:00,2025,8,31,21,An Giang,Xã Giồng Riềng,9.9237413,105.2736878,22,Good,0,25.3,91,0.1,17.1,245,1008.1,100,6.2,6.7,149.0,5.3,38.0,3.3
2025-08-31 22:00:00,2025,8,31,22,An Giang,Xã Giồng Riềng,9.9237413,105.2736878,21,Good,0,25.0,91,0.2,13.2,240,1008.2,100,5.7,6.2,145.0,5.0,38.0,3.2
2025-08-31 23:00:00,2025,8,31,23,An Giang,Xã Giồng Riềng,9.9237413,105.2736878,20,Good,0,24.9,94,0.0,6.8,241,1007.9,100,4.9,5.5,138.0,4.6,39.0,2.8
2025-09-01 00:00:00,2025,9,1,0,An Giang,Xã Giồng Riềng,9.9237413,105.2736878,20,Good,0,25.0,95,0.0,10.4,255,1007.2,100,4.6,5.3,129.0,4.2,41.0,2.3
2025-09-01 01:00:00,2025,9,1,1,An Giang,Xã Giồng Riềng,9.9237413,105.2736878,20,Good,0,25.5,93,0.1,15.5,258,1007.0,100,4.7,5.5,123.0,3.9,42.0,1.9
2025-09-01 02:00:00,2025,9,1,2,An Giang,Xã Giồng Riềng,9.9237413,105.2736878,19,Good,0,25.4,93,0.2,13.8,259,1006.7,100,4.2,5.0,121.0,3.7,43.0,1.7
2025-09-01 03:00:00,2025,9,1,3,An Giang,Xã Giồng Riềng,9.9237413,105.2736878,19,Good,0,25.1,93,0.1,13.3,243,1006.4,100,4.0,4.7,121.0,3.5,44.0,1.6
2025-09-01 04:00:00,2025,9,1,4,An Giang,Xã Giồng Riềng,9.9237413,105.2736878,19,Good,0,24.7,95,0.0,10.4,240,1006.2,97,3.9,4.5,123.0,3.4,45.0,1.6
2025-09-01 05:00:00,2025,9,1,5,An Giang,Xã Giồng Riềng,9.9237413,105.2736878,19,Good,0,24.8,95,0.1,10.2,233,1006.6,100,4.0,4.5,127.0,3.4,45.0,1.7
2025-09-01 06:00:00,2025,9,1,6,An Giang,Xã Giồng Riềng,9.9237413,105.2736878,20,Good,0,24.7,96,0.8,9.3,229,1006.9,100,4.2,4.7,132.0,3.4,44.0,1.8
2025-09-01 07:00:00,2025,9,1,7,An Giang,Xã Giồng Riềng,9.9237413,105.2736878,20,Good,0,25.1,94,0.8,14.6,250,1007.6,100,5.7,6.5,135.0,4.0,43.0,2.7
2025-09-01 08:00:00,2025,9,1,8,An Giang,Xã Giồng Riềng,9.9237413,105.2736878,20,Good,0,27.2,82,0.3,14.6,254,1007.9,100,4.6,5.5,135.0,3.2,47.0,2.4
2025-09-01 09:00:00,2025,9,1,9,An Giang,Xã Giồng Riềng,9.9237413,105.2736878,20,Good,0,28.1,81,0.1,13.7,243,1008.0,100,4.7,5.8,132.0,2.0,53.0,2.1
2025-09-01 10:00:00,2025,9,1,10,An Giang,Xã Giồng Riềng,9.9237413,105.2736878,21,Good,0,29.1,79,0.3,15.4,259,1008.1,100,4.7,6.1,130.0,1.1,57.0,1.8
2025-09-01 11:00:00,2025,9,1,11,An Giang,Xã Giồng Riềng,9.9237413,105.2736878,22,Good,0,28.2,80,5.8,17.7,261,1008.2,99,4.5,6.0,128.0,0.7,57.0,1.6
2025-09-01 12:00:00,2025,9,1,12,An Giang,Xã Giồng Riềng,9.9237413,105.2736878,23,Good,0,27.3,84,2.1,18.3,260,1007.4,100,4.2,5.8,127.0,0.7,56.0,1.4
2025-09-01 13:00:00,2025,9,1,13,An Giang,Xã Giồng Riềng,9.9237413,105.2736878,23,Good,0,28.4,80,0.3,17.6,255,1006.4,100,4.5,6.1,126.0,0.8,54.0,1.4
2025-09-01 14:00:00,2025,9,1,14,An Giang,Xã Giồng Riềng,9.9237413,105.2736878,24,Good,0,28.1,83,1.0,16.2,255,1005.8,100,4.9,6.5,126.0,1.1,53.0,1.5
2025-09-01 15:00:00,2025,9,1,15,An Giang,Xã Giồng Riềng,9.9237413,105.2736878,24,Good,0,27.1,85,0.9,13.7,242,1005.6,100,5.6,7.1,126.0,1.6,52.0,1.8
2025-09-01 16:00:00,2025,9,1,16,An Giang,Xã Giồng Riềng,9.9237413,105.2736878,25,Good,0,27.5,84,0.1,15.8,251,1005.6,100,5.6,7.1,130.0,2.2,50.0,2.1
2025-09-01 17:00:00,2025,9,1,17,An Giang,Xã Giồng Riềng,9.9237413,105.2736878,25,Good,0,26.0,88,0.6,13.8,259,1005.8,100,5.8,7.3,140.0,3.2,48.0,2.4
2025-09-01 18:00:00,2025,9,1,18,An Giang,Xã Giồng Riềng,9.9237413,105.2736878,25,Good,0,25.4,92,0.2,11.3,245,1006.0,100,6.4,7.7,154.0,4.3,45.0,2.8
2025-09-01 19:00:00,2025,9,1,19,An Giang,Xã Giồng Riềng,9.9237413,105.2736878,24,Good,0,25.1,95,0.1,7.6,223,1006.8,100,9.8,11.6,167.0,6.7,39.0,3.9
2025-09-01 20:00:00,2025,9,1,20,An Giang,Xã Giồng Riềng,9.9237413,105.2736878,23,Good,0,25.5,95,0.8,8.4,215,1007.5,100,10.0,11.7,180.0,7.1,38.0,4.2
2025-09-01 21:00:00,2025,9,1,21,An Giang,Xã Giồng Riềng,9.9237413,105.2736878,22,Good,0,25.5,96,0.1,8.4,233,1007.9,100,10.7,12.3,191.0,7.7,36.0,4.5
2025-09-01 22:00:00,2025,9,1,22,An Giang,Xã Giồng Riềng,9.9237413,105.2736878,23,Good,0,25.5,96,0.0,10.1,223,1008.4,100,11.5,12.9,192.0,7.9,35.0,4.6
2025-09-01 23:00:00,2025,9,1,23,An Giang,Xã Giồng Riềng,9.9237413,105.2736878,24,Good,0,25.3,95,0.0,7.3,230,1008.2,100,10.6,12.0,174.0,7.3,36.0,4.0
2025-09-02 00:00:00,2025,9,2,0,An Giang,Xã Giồng Riềng,9.9237413,105.2736878,25,Good,0,25.1,96,0.1,6.2,218,1007.9,100,8.7,9.9,146.0,6.3,37.0,3.2
2025-09-02 01:00:00,2025,9,2,1,An Giang,Xã Giồng Riềng,9.9237413,105.2736878,26,Good,0,25.0,96,0.0,6.5,199,1007.7,100,7.4,8.5,126.0,5.5,38.0,2.5
2025-09-02 02:00:00,2025,9,2,2,An Giang,Xã Giồng Riềng,9.9237413,105.2736878,26,Good,0,24.5,97,2.3,10.2,260,1007.5,100,6.9,8.0,121.0,5.3,38.0,2.2
2025-09-02 03:00:00,2025,9,2,3,An Giang,Xã Giồng Riềng,9.9237413,105.2736878,27,Good,0,24.5,96,0.4,5.2,241,1007.0,100,6.8,7.8,123.0,5.3,38.0,2.2
2025-09-02 04:00:00,2025,9,2,4,An Giang,Xã Giồng Riềng,9.9237413,105.2736878,27,Good,0,24.6,96,0.5,6.7,256,1007.0,100,6.7,7.7,127.0,5.3,38.0,2.2
2025-09-02 05:00:00,2025,9,2,5,An Giang,Xã Giồng Riềng,9.9237413,105.2736878,28,Good,0,24.8,95,0.3,8.3,250,1007.3,100,5.9,6.8,131.0,5.1,38.0,2.4
2025-09-02 06:00:00,2025,9,2,6,An Giang,Xã Giồng Riềng,9.9237413,105.2736878,28,Good,0,24.7,96,0.5,9.3,242,1007.4,100,4.8,5.7,135.0,4.9,39.0,2.6
2025-09-02 07:00:00,2025,9,2,7,An Giang,Xã Giồng Riềng,9.9237413,105.2736878,28,Good,0,25.1,95,0.4,10.5,237,1008.1,100,5.7,6.8,139.0,3.4,43.0,2.3
2025-09-02 08:00:00,2025,9,2,8,An Giang,Xã Giồng Riềng,9.9237413,105.2736878,28,Good,0,26.2,91,0.0,12.3,230,1008.3,100,5.6,6.6,140.0,2.8,45.0,2.1
2025-09-02 09:00:00,2025,9,2,9,An Giang,Xã Giồng Riềng,9.9237413,105.2736878,28,Good,0,26.9,88,0.1,14.0,247,1008.9,100,5.0,6.2,140.0,2.0,49.0,1.8
2025-09-02 10:00:00,2025,9,2,10,An Giang,Xã Giồng Riềng,9.9237413,105.2736878,28,Good,0,27.0,87,0.1,12.1,250,1008.9,100,3.8,4.8,139.0,1.4,51.0,1.7
2025-09-02 11:00:00,2025,9,2,11,An Giang,Xã Giồng Riềng,9.9237413,105.2736878,28,Good,0,27.0,85,0.1,15.0,256,1008.7,100,3.8,4.8,136.0,1.3,52.0,1.7
2025-09-02 12:00:00,2025,9,2,12,An Giang,Xã Giồng Riềng,9.9237413,105.2736878,28,Good,0,27.6,83,0.1,14.9,258,1007.9,100,4.2,5.1,133.0,1.4,53.0,1.9
2025-09-02 13:00:00,2025,9,2,13,An Giang,Xã Giồng Riềng,9.9237413,105.2736878,28,Good,0,28.9,77,0.1,19.4,260,1006.7,99,3.9,4.9,129.0,1.8,52.0,2.1
2025-09-02 14:00:00,2025,9,2,14,An Giang,Xã Giồng Riềng,9.9237413,105.2736878,28,Good,0,30.0,73,0.2,21.2,269,1005.8,100,4.1,5.1,124.0,2.4,50.0,2.4
2025-09-02 15:00:00,2025,9,2,15,An Giang,Xã Giồng Riềng,9.9237413,105.2736878,28,Good,0,28.4,77,0.4,23.9,263,1006.0,100,4.6,5.5,120.0,3.1,48.0,2.8
2025-09-02 16:00:00,2025,9,2,16,An Giang,Xã Giồng Riềng,9.9237413,105.2736878,27,Good,0,27.6,81,0.0,19.7,264,1006.3,100,5.1,5.9,121.0,4.1,45.0,3.2
2025-09-02 17:00:00,2025,9,2,17,An Giang,Xã Giồng Riềng,9.9237413,105.2736878,27,Good,0,26.8,84,0.0,15.9,256,1006.7,100,5.6,6.4,132.0,5.3,42.0,3.7
2025-09-02 18:00:00,2025,9,2,18,An Giang,Xã Giồng Riềng,9.9237413,105.2736878,27,Good,0,26.4,87,0.0,9.8,238,1007.1,100,6.5,7.2,149.0,6.8,38.0,4.4
2025-09-02 19:00:00,2025,9,2,19,An Giang,Xã Giồng Riềng,9.9237413,105.2736878,27,Good,0,26.1,90,0.0,8.0,239,1007.6,100,8.6,9.7,165.0,7.8,35.0,4.7
2025-09-02 20:00:00,2025,9,2,20,An Giang,Xã Giồng Riềng,9.9237413,105.2736878,27,Good,0,25.8,93,0.4,8.4,230,1008.1,100,9.8,10.8,181.0,9.0,32.0,5.3
2025-09-02 21:00:00,2025,9,2,21,An Giang,Xã Giồng Riềng,9.9237413,105.2736878,27,Good,0,25.7,95,0.0,10.0,214,1009.1,100,10.7,11.6,195.0,10.6,28.0,6.0
2025-09-02 22:00:00,2025,9,2,22,An Giang,Xã Giồng Riềng,9.9237413,105.2736878,27,Good,0,25.6,96,0.1,10.1,224,1009.4,100,13.3,14.2,199.0,11.1,26.0,6.2
2025-09-02 23:00:00,2025,9,2,23,An Giang,Xã Giồng Riềng,9.9237413,105.2736878,27,Good,0,25.4,97,0.1,9.4,220,1009.5,100,11.1,12.0,183.0,9.6,28.0,5.3
2025-09-03 00:00:00,2025,9,3,0,An Giang,Xã Giồng Riềng,9.9237413,105.2736878,28,Good,0,25.4,96,0.2,7.1,232,1008.8,100,7.4,8.2,156.0,7.1,33.0,3.9
2025-09-03 01:00:00,2025,9,3,1,An Giang,Xã Giồng Riềng,9.9237413,105.2736878,27,Good,0,25.4,96,0.0,9.9,232,1008.3,100,5.8,6.5,136.0,5.1,37.0,2.8
2025-09-03 02:00:00,2025,9,3,2,An Giang,Xã Giồng Riềng,9.9237413,105.2736878,27,Good,0,25.2,95,0.1,8.7,257,1007.8,100,5.0,5.7,129.0,4.3,39.0,2.3
2025-09-03 03:00:00,2025,9,3,3,An Giang,Xã Giồng Riềng,9.9237413,105.2736878,27,Good,0,25.5,94,0.1,9.6,265,1007.4,100,4.5,5.2,128.0,4.0,41.0,2.1
2025-09-03 04:00:00,2025,9,3,4,An Giang,Xã Giồng Riềng,9.9237413,105.2736878,26,Good,0,25.6,93,0.1,10.0,277,1007.1,100,4.1,4.8,130.0,3.9,42.0,2.1
2025-09-03 05:00:00,2025,9,3,5,An Giang,Xã Giồng Riềng,9.9237413,105.2736878,26,Good,0,25.5,94,0.1,12.0,279,1007.3,97,3.9,4.5,136.0,4.2,40.0,2.5
2025-09-03 06:00:00,2025,9,3,6,An Giang,Xã Giồng Riềng,9.9237413,105.2736878,26,Good,0,25.8,91,0.1,15.5,275,1007.8,67,4.3,4.8,146.0,4.6,37.0,3.2
2025-09-03 07:00:00,2025,9,3,7,An Giang,Xã Giồng Riềng,9.9237413,105.2736878,25,Good,0,26.1,90,0.1,10.9,279,1008.5,100,6.8,7.3,149.0,5.3,35.0,4.0
2025-09-03 08:00:00,2025,9,3,8,An Giang,Xã Giồng Riềng,9.9237413,105.2736878,26,Good,0,27.8,83,0.3,17.6,271,1009.0,83,5.3,6.1,140.0,4.2,42.0,3.8
2025-09-03 09:00:00,2025,9,3,9,An Giang,Xã Giồng Riềng,9.9237413,105.2736878,26,Good,0,28.8,78,0.1,18.2,270,1009.1,28,4.8,5.7,126.0,2.7,51.0,3.4
2025-09-03 10:00:00,2025,9,3,10,An Giang,Xã Giồng Riềng,9.9237413,105.2736878,26,Good,0,29.8,70,0.1,21.0,277,1009.4,80,4.4,5.5,115.0,1.5,58.0,3.1
2025-09-03 11:00:00,2025,9,3,11,An Giang,Xã Giồng Riềng,9.9237413,105.2736878,26,Good,0,30.0,65,0.5,23.2,277,1009.1,97,4.3,5.7,112.0,1.0,62.0,2.8
2025-09-03 12:00:00,2025,9,3,12,An Giang,Xã Giồng Riềng,9.9237413,105.2736878,26,Good,0,29.6,75,0.8,19.8,268,1008.5,100,4.5,6.2,112.0,0.9,65.0,2.4
2025-09-03 13:00:00,2025,9,3,13,An Giang,Xã Giồng Riềng,9.9237413,105.2736878,26,Good,0,29.8,67,0.2,21.6,269,1007.7,100,4.6,6.5,112.0,1.0,66.0,2.2
2025-09-03 14:00:00,2025,9,3,14,An Giang,Xã Giồng Riềng,9.9237413,105.2736878,26,Good,0,29.5,69,0.1,20.8,265,1006.9,100,4.5,6.1,111.0,1.1,65.0,2.2
2025-09-03 15:00:00,2025,9,3,15,An Giang,Xã Giồng Riềng,9.9237413,105.2736878,26,Good,0,29.2,70,0.0,19.8,259,1006.0,100,4.7,6.3,110.0,1.3,62.0,2.2
2025-09-03 16:00:00,2025,9,3,16,An Giang,Xã Giồng Riềng,9.9237413,105.2736878,27,Good,0,28.8,73,0.0,18.6,260,1005.7,100,4.8,6.6,112.0,1.8,58.0,2.4
2025-09-03 17:00:00,2025,9,3,17,An Giang,Xã Giồng Riềng,9.9237413,105.2736878,28,Good,0,28.2,75,0.0,15.9,265,1005.7,100,4.8,6.4,120.0,2.7,53.0,2.7
2025-09-03 18:00:00,2025,9,3,18,An Giang,Xã Giồng Riềng,9.9237413,105.2736878,28,Good,0,27.4,80,0.0,12.9,264,1006.3,75,5.4,6.8,131.0,3.9,48.0,3.0
2025-09-03 19:00:00,2025,9,3,19,An Giang,Xã Giồng Riềng,9.9237413,105.2736878,28,Good,0,26.7,83,0.0,10.8,255,1006.9,94,6.9,8.5,139.0,4.8,43.0,3.0
2025-09-03 20:00:00,2025,9,3,20,An Giang,Xã Giồng Riềng,9.9237413,105.2736878,27,Good,0,27.0,85,0.0,14.5,259,1007.7,95,7.0,8.4,142.0,4.9,42.0,3.1
2025-09-03 21:00:00,2025,9,3,21,An Giang,Xã Giồng Riềng,9.9237413,105.2736878,25,Good,0,26.7,87,0.0,13.8,263,1008.6,94,7.0,8.2,142.0,5.0,41.0,3.3
2025-09-03 22:00:00,2025,9,3,22,An Giang,Xã Giồng Riềng,9.9237413,105.2736878,24,Good,0,26.5,90,0.1,12.9,250,1008.9,87,6.4,7.5,140.0,4.9,40.0,3.3
2025-09-03 23:00:00,2025,9,3,23,An Giang,Xã Giồng Riềng,9.9237413,105.2736878,23,Good,0,26.3,91,0.1,11.7,261,1009.0,95,5.7,6.6,134.0,4.5,41.0,2.9
2025-09-04 00:00:00,2025,9,4,0,An Giang,Xã Giồng Riềng,9.9237413,105.2736878,22,Good,0,26.2,91,0.0,11.2,254,1008.6,99,4.9,5.8,127.0,4.0,42.0,2.2
2025-09-04 01:00:00,2025,9,4,1,An Giang,Xã Giồng Riềng,9.9237413,105.2736878,22,Good,0,25.9,93,0.0,10.8,240,1008.2,99,4.2,5.0,121.0,3.7,42.0,1.8
2025-09-04 02:00:00,2025,9,4,2,An Giang,Xã Giồng Riềng,9.9237413,105.2736878,21,Good,0,25.5,94,0.0,9.5,237,1007.4,100,4.0,4.6,119.0,3.9,40.0,1.7
2025-09-04 03:00:00,2025,9,4,3,An Giang,Xã Giồng Riềng,9.9237413,105.2736878,21,Good,0,25.2,94,0.5,12.0,254,1007.4,100,4.3,4.7,120.0,4.4,38.0,1.9
2025-09-04 04:00:00,2025,9,4,4,An Giang,Xã Giồng Riềng,9.9237413,105.2736878,21,Good,0,24.8,95,1.7,7.2,256,1007.2,100,4.4,4.8,123.0,4.7,36.0,2.1
2025-09-04 05:00:00,2025,9,4,5,An Giang,Xã Giồng Riềng,9.9237413,105.2736878,21,Good,0,24.6,96,0.1,7.2,231,1007.4,100,4.4,4.8,130.0,4.8,35.0,2.4
2025-09-04 06:00:00,2025,9,4,6,An Giang,Xã Giồng Riềng,9.9237413,105.2736878,21,Good,0,24.2,97,1.5,12.3,236,1008.2,100,4.9,5.3,139.0,4.7,34.0,2.7
2025-09-04 07:00:00,2025,9,4,7,An Giang,Xã Giồng Riềng,9.9237413,105.2736878,21,Good,0,24.6,95,0.2,8.2,218,1008.2,99,5.9,7.1,143.0,3.5,42.0,2.6
2025-09-04 08:00:00,2025,9,4,8,An Giang,Xã Giồng Riềng,9.9237413,105.2736878,21,Good,0,26.8,87,0.1,15.3,249,1009.0,100,5.2,6.4,137.0,2.8,46.0,2.4
2025-09-04 09:00:00,2025,9,4,9,An Giang,Xã Giồng Riềng,9.9237413,105.2736878,21,Good,0,28.0,81,0.2,16.2,255,1009.6,99,4.8,6.2,126.0,1.8,52.0,2.1
2025-09-04 10:00:00,2025,9,4,10,An Giang,Xã Giồng Riềng,9.9237413,105.2736878,21,Good,0,29.3,77,0.2,16.1,257,1009.2,100,4.9,6.5,118.0,1.1,56.0,1.9
2025-09-04 11:00:00,2025,9,4,11,An Giang,Xã Giồng Riềng,9.9237413,105.2736878,21,Good,0,29.5,75,0.1,16.3,257,1008.5,99,5.0,6.9,115.0,0.8,56.0,1.7
2025-09-04 12:00:00,2025,9,4,12,An Giang,Xã Giồng Riềng,9.9237413,105.2736878,21,Good,0,30.6,72,0.2,16.2,258,1007.8,100,5.2,7.4,114.0,0.8,55.0,1.5
2025-09-04 13:00:00,2025,9,4,13,An Giang,Xã Giồng Riềng,9.9237413,105.2736878,22,Good,0,29.9,74,0.4,17.1,261,1006.5,99,5.3,7.7,114.0,1.0,53.0,1.4
2025-09-04 14:00:00,2025,9,4,14,An Giang,Xã Giồng Riềng,9.9237413,105.2736878,23,Good,0,29.6,71,0.5,19.2,250,1005.8,100,5.6,7.9,113.0,1.3,52.0,1.5
2025-09-04 15:00:00,2025,9,4,15,An Giang,Xã Giồng Riềng,9.9237413,105.2736878,24,Good,0,29.0,77,0.5,16.8,249,1005.1,100,6.2,8.3,113.0,1.7,51.0,1.8
2025-09-04 16:00:00,2025,9,4,16,An Giang,Xã Giồng Riềng,9.9237413,105.2736878,24,Good,0,28.1,79,0.1,15.6,251,1004.9,99,6.6,8.7,115.0,2.3,49.0,2.1
2025-09-04 17:00:00,2025,9,4,17,An Giang,Xã Giồng Riềng,9.9237413,105.2736878,25,Good,0,28.1,79,0.3,16.9,245,1005.3,94,6.5,8.5,123.0,3.4,47.0,2.5
2025-09-04 18:00:00,2025,9,4,18,An Giang,Xã Giồng Riềng,9.9237413,105.2736878,24,Good,0,27.4,83,0.0,12.6,245,1005.7,83,7.1,9.1,134.0,4.6,44.0,3.0
2025-09-04 19:00:00,2025,9,4,19,An Giang,Xã Giồng Riềng,9.9237413,105.2736878,24,Good,0,26.8,85,0.0,11.5,236,1006.7,93,8.7,10.9,142.0,5.3,43.0,3.3
2025-09-04 20:00:00,2025,9,4,20,An Giang,Xã Giồng Riềng,9.9237413,105.2736878,23,Good,0,26.2,92,1.5,8.5,234,1007.1,100,8.7,10.6,146.0,5.2,43.0,3.3
2025-09-04 21:00:00,2025,9,4,21,An Giang,Xã Giồng Riềng,9.9237413,105.2736878,24,Good,0,26.1,94,0.2,10.3,226,1007.9,100,8.3,10.1,148.0,5.0,43.0,3.3
2025-09-04 22:00:00,2025,9,4,22,An Giang,Xã Giồng Riềng,9.9237413,105.2736878,24,Good,0,25.9,93,0.4,7.5,233,1008.6,100,8.2,9.8,145.0,4.8,43.0,3.1
2025-09-04 23:00:00,2025,9,4,23,An Giang,Xã Giồng Riềng,9.9237413,105.2736878,24,Good,0,25.9,94,0.0,8.8,229,1008.6,100,7.8,9.4,135.0,4.6,43.0,2.7
2025-09-05 00:00:00,2025,9,5,0,An Giang,Xã Giồng Riềng,9.9237413,105.2736878,24,Good,0,25.4,95,0.1,11.6,246,1008.6,100,6.7,8.1,121.0,4.3,43.0,2.2
2025-09-05 01:00:00,2025,9,5,1,An Giang,Xã Giồng Riềng,9.9237413,105.2736878,25,Good,0,24.9,94,0.1,13.2,235,1008.0,99,5.8,7.0,110.0,4.1,42.0,1.8
2025-09-05 02:00:00,2025,9,5,2,An Giang,Xã Giồng Riềng,9.9237413,105.2736878,25,Good,0,24.6,95,0.1,10.5,243,1007.2,100,5.3,6.3,106.0,4.0,41.0,1.7
2025-09-05 03:00:00,2025,9,5,3,An Giang,Xã Giồng Riềng,9.9237413,105.2736878,25,Good,0,24.5,97,0.0,8.6,231,1006.9,100,4.9,5.8,105.0,4.1,40.0,1.7
2025-09-05 04:00:00,2025,9,5,4,An Giang,Xã Giồng Riềng,9.9237413,105.2736878,25,Good,0,24.6,96,0.0,8.5,232,1006.8,94,4.8,5.5,107.0,4.1,39.0,1.8
2025-09-05 05:00:00,2025,9,5,5,An Giang,Xã Giồng Riềng,9.9237413,105.2736878,25,Good,0,24.9,96,0.0,8.5,257,1006.9,100,4.8,5.5,114.0,4.3,37.0,2.2
2025-09-05 06:00:00,2025,9,5,6,An Giang,Xã Giồng Riềng,9.9237413,105.2736878,26,Good,0,25.2,93,0.0,11.4,243,1007.6,97,5.1,5.8,123.0,4.5,35.0,2.8
2025-09-05 07:00:00,2025,9,5,7,An Giang,Xã Giồng Riềng,9.9237413,105.2736878,26,Good,0,26.3,89,0.0,13.6,253,1008.3,98,5.2,5.8,129.0,3.7,41.0,2.7
2025-09-05 08:00:00,2025,9,5,8,An Giang,Xã Giồng Riềng,9.9237413,105.2736878,25,Good,0,28.1,81,0.1,15.2,246,1009.2,75,4.6,5.5,129.0,2.9,46.0,2.4
2025-09-05 09:00:00,2025,9,5,9,An Giang,Xã Giồng Riềng,9.9237413,105.2736878,25,Good,0,28.9,80,0.2,13.7,251,1009.6,84,4.1,5.1,126.0,1.9,52.0,2.1
2025-09-05 10:00:00,2025,9,5,10,An Giang,Xã Giồng Riềng,9.9237413,105.2736878,25,Good,0,29.8,77,0.2,12.9,258,1009.7,86,3.5,4.5,123.0,1.1,57.0,1.8
2025-09-05 11:00:00,2025,9,5,11,An Giang,Xã Giồng Riềng,9.9237413,105.2736878,25,Good,0,29.1,74,2.0,19.8,251,1009.9,96,3.2,4.1,121.0,0.9,57.0,1.6
2025-09-05 12:00:00,2025,9,5,12,An Giang,Xã Giồng Riềng,9.9237413,105.2736878,25,Good,0,28.6,78,2.6,14.8,248,1008.9,100,3.0,3.9,120.0,1.0,56.0,1.5
2025-09-05 13:00:00,2025,9,5,13,An Giang,Xã Giồng Riềng,9.9237413,105.2736878,24,Good,0,29.9,73,0.2,17.0,253,1007.5,97,3.2,4.3,119.0,1.2,54.0,1.5
2025-09-05 14:00:00,2025,9,5,14,An Giang,Xã Giồng Riềng,9.9237413,105.2736878,24,Good,0,30.0,70,0.4,19.4,247,1006.4,96,4.1,5.3,116.0,1.3,54.0,1.6
2025-09-05 15:00:00,2025,9,5,15,An Giang,Xã Giồng Riềng,9.9237413,105.2736878,24,Good,0,29.1,78,1.6,15.6,254,1005.6,95,4.7,6.4,113.0,1.4,53.0,1.8
2025-09-05 16:00:00,2025,9,5,16,An Giang,Xã Giồng Riềng,9.9237413,105.2736878,25,Good,0,28.6,76,0.2,18.0,250,1005.8,98,4.7,6.9,116.0,1.9,52.0,2.1
2025-09-05 17:00:00,2025,9,5,17,An Giang,Xã Giồng Riềng,9.9237413,105.2736878,25,Good,0,28.0,78,0.0,15.2,246,1006.1,100,4.9,7.4,128.0,3.0,49.0,2.5
2025-09-05 18:00:00,2025,9,5,18,An Giang,Xã Giồng Riềng,9.9237413,105.2736878,25,Good,0,27.0,83,0.0,10.0,242,1006.8,100,6.2,8.6,146.0,4.4,44.0,2.9
2025-09-05 19:00:00,2025,9,5,19,An Giang,Xã Giồng Riềng,9.9237413,105.2736878,24,Good,0,26.6,85,0.0,9.0,233,1007.2,100,9.0,12.5,160.0,5.6,41.0,3.5
2025-09-05 20:00:00,2025,9,5,20,An Giang,Xã Giồng Riềng,9.9237413,105.2736878,23,Good,0,26.9,87,0.0,7.9,237,1007.8,99,9.4,12.5,168.0,5.6,40.0,3.6
2025-09-05 21:00:00,2025,9,5,21,An Giang,Xã Giồng Riềng,9.9237413,105.2736878,23,Good,0,26.8,87,0.0,9.5,237,1008.3,96,9.5,12.3,172.0,5.6,40.0,3.7
2025-09-05 22:00:00,2025,9,5,22,An Giang,Xã Giồng Riềng,9.9237413,105.2736878,23,Good,0,26.7,87,0.0,9.6,236,1008.9,98,9.2,11.8,171.0,5.5,39.0,3.6
2025-09-05 23:00:00,2025,9,5,23,An Giang,Xã Giồng Riềng,9.9237413,105.2736878,23,Good,0,26.5,88,0.0,7.9,229,1008.9,86,8.5,10.9,162.0,5.3,38.0,3.2
2025-09-06 00:00:00,2025,9,6,0,An Giang,Xã Giồng Riềng,9.9237413,105.2736878,23,Good,0,26.0,90,0.0,7.3,230,1009.1,100,7.7,9.9,148.0,5.0,38.0,2.7
2025-09-06 01:00:00,2025,9,6,1,An Giang,Xã Giồng Riềng,9.9237413,105.2736878,24,Good,0,25.9,91,0.0,5.7,238,1008.5,100,7.6,9.6,137.0,4.9,37.0,2.3
2025-09-06 02:00:00,2025,9,6,2,An Giang,Xã Giồng Riềng,9.9237413,105.2736878,24,Good,0,25.7,92,0.0,7.0,244,1008.1,100,7.7,9.6,131.0,5.2,35.0,2.2
2025-09-06 03:00:00,2025,9,6,3,An Giang,Xã Giồng Riềng,9.9237413,105.2736878,24,Good,0,25.6,93,0.0,5.9,225,1007.1,100,7.8,9.6,127.0,5.8,33.0,2.3
2025-09-06 04:00:00,2025,9,6,4,An Giang,Xã Giồng Riềng,9.9237413,105.2736878,25,Good,0,25.1,95,0.0,8.7,246,1007.4,100,8.0,9.8,125.0,5.9,32.0,2.4
2025-09-06 05:00:00,2025,9,6,5,An Giang,Xã Giồng Riềng,9.9237413,105.2736878,25,Good,0,25.1,94,0.4,11.5,267,1008.0,100,7.7,9.6,125.0,5.3,34.0,2.3
2025-09-06 06:00:00,2025,9,6,6,An Giang,Xã Giồng Riềng,9.9237413,105.2736878,26,Good,0,25.0,94,0.0,11.3,252,1008.1,100,6.7,8.5,126.0,4.2,37.0,2.3
2025-09-06 07:00:00,2025,9,6,7,An Giang,Xã Giồng Riềng,9.9237413,105.2736878,26,Good,0,25.9,90,0.0,13.7,261,1008.9,100,7.9,10.6,126.0,4.0,43.0,2.5
2025-09-06 08:00:00,2025,9,6,8,An Giang,Xã Giồng Riềng,9.9237413,105.2736878,27,Good,0,26.4,89,0.5,9.7,285,1009.8,100,7.1,9.4,125.0,3.2,48.0,2.4
2025-09-06 09:00:00,2025,9,6,9,An Giang,Xã Giồng Riềng,9.9237413,105.2736878,27,Good,0,28.0,83,0.0,11.5,274,1010.2,100,6.3,8.3,123.0,2.2,54.0,2.3
2025-09-06 10:00:00,2025,9,6,10,An Giang,Xã Giồng Riềng,9.9237413,105.2736878,27,Good,0,29.5,75,0.0,15.9,254,1009.9,100,4.9,6.5,121.0,1.4,59.0,2.2
2025-09-06 11:00:00,2025,9,6,11,An Giang,Xã Giồng Riềng,9.9237413,105.2736878,28,Good,0,30.2,71,0.1,15.2,256,1009.7,100,4.5,5.9,117.0,1.0,61.0,2.0
2025-09-06 12:00:00,2025,9,6,12,An Giang,Xã Giồng Riềng,9.9237413,105.2736878,28,Good,0,30.8,68,0.1,16.5,248,1008.8,100,4.2,5.5,112.0,0.9,61.0,1.8
2025-09-06 13:00:00,2025,9,6,13,An Giang,Xã Giồng Riềng,9.9237413,105.2736878,28,Good,0,31.1,68,0.1,17.4,244,1007.8,98,4.2,5.6,109.0,0.9,61.0,1.6
2025-09-06 14:00:00,2025,9,6,14,An Giang,Xã Giồng Riềng,9.9237413,105.2736878,28,Good,0,30.9,68,0.1,18.2,243,1006.8,100,4.4,5.8,106.0,0.8,60.0,1.4
2025-09-06 15:00:00,2025,9,6,15,An Giang,Xã Giồng Riềng,9.9237413,105.2736878,28,Good,0,30.6,70,0.1,17.4,243,1006.0,99,4.6,6.1,105.0,0.8,58.0,1.3
2025-09-06 16:00:00,2025,9,6,16,An Giang,Xã Giồng Riềng,9.9237413,105.2736878,28,Good,0,30.0,71,0.0,15.8,249,1005.3,100,4.6,6.1,108.0,1.3,56.0,1.4
2025-09-06 17:00:00,2025,9,6,17,An Giang,Xã Giồng Riềng,9.9237413,105.2736878,28,Good,0,29.3,74,0.0,14.8,239,1005.6,98,4.9,6.4,120.0,2.8,52.0,2.0
2025-09-06 18:00:00,2025,9,6,18,An Giang,Xã Giồng Riềng,9.9237413,105.2736878,28,Good,0,28.1,80,0.0,9.9,233,1006.7,92,6.1,7.5,136.0,4.7,48.0,2.9
2025-09-06 19:00:00,2025,9,6,19,An Giang,Xã Giồng Riềng,9.9237413,105.2736878,28,Good,0,27.2,84,0.0,10.3,224,1007.4,100,9.4,11.3,147.0,5.8,48.0,3.5
2025-09-06 20:00:00,2025,9,6,20,An Giang,Xã Giồng Riềng,9.9237413,105.2736878,28,Good,0,27.2,85,0.0,12.1,215,1007.8,100,11.7,13.6,149.0,6.8,44.0,4.1
2025-09-06 21:00:00,2025,9,6,21,An Giang,Xã Giồng Riềng,9.9237413,105.2736878,29,Good,0,26.7,88,0.0,9.4,210,1008.9,100,13.3,15.2,147.0,8.1,39.0,5.0
2025-09-06 22:00:00,2025,9,6,22,An Giang,Xã Giồng Riềng,9.9237413,105.2736878,29,Good,0,26.4,90,0.0,9.0,203,1009.6,100,13.6,15.5,144.0,8.8,36.0,5.4
2025-09-06 23:00:00,2025,9,6,23,An Giang,Xã Giồng Riềng,9.9237413,105.2736878,30,Good,0,26.1,90,0.0,7.8,224,1009.6,100,12.8,14.9,143.0,8.3,36.0,4.9
2025-09-07 00:00:00,2025,9,7,0,An Giang,Xã Giồng Riềng,9.9237413,105.2736878,31,Good,0,26.1,89,0.0,8.0,222,1009.2,100,11.6,13.9,142.0,7.3,38.0,3.9
2025-09-07 01:00:00,2025,9,7,1,An Giang,Xã Giồng Riềng,9.9237413,105.2736878,32,Good,0,26.1,88,0.0,6.6,206,1008.5,100,11.5,14.0,138.0,6.6,39.0,3.2
2025-09-07 02:00:00,2025,9,7,2,An Giang,Xã Giồng Riềng,9.9237413,105.2736878,32,Good,0,25.9,89,0.0,7.4,202,1007.6,100,11.6,14.1,130.0,6.8,37.0,3.0
2025-09-07 03:00:00,2025,9,7,3,An Giang,Xã Giồng Riềng,9.9237413,105.2736878,33,Good,0,25.5,90,0.0,8.0,189,1007.2,100,12.0,14.6,119.0,7.3,35.0,2.9
2025-09-07 04:00:00,2025,9,7,4,An Giang,Xã Giồng Riềng,9.9237413,105.2736878,34,Good,0,25.3,91,0.0,7.1,201,1007.5,100,12.3,14.8,113.0,7.3,34.0,2.9
2025-09-07 05:00:00,2025,9,7,5,An Giang,Xã Giồng Riềng,9.9237413,105.2736878,34,Good,0,25.4,91,0.0,5.6,197,1007.7,100,10.3,12.8,116.0,6.4,37.0,2.8
2025-09-07 06:00:00,2025,9,7,6,An Giang,Xã Giồng Riềng,9.9237413,105.2736878,35,Good,0,25.2,92,0.0,7.4,184,1007.9,93,8.1,10.4,124.0,5.1,41.0,2.7
2025-09-07 07:00:00,2025,9,7,7,An Giang,Xã Giồng Riềng,9.9237413,105.2736878,35,Good,0,26.0,88,1.3,14.6,237,1009.3,100,8.2,10.0,129.0,4.5,42.0,3.0
2025-09-07 08:00:00,2025,9,7,8,An Giang,Xã Giồng Riềng,9.9237413,105.2736878,35,Good,0,28.5,80,0.0,11.1,236,1009.4,100,6.8,8.5,127.0,3.9,45.0,2.9
2025-09-07 09:00:00,2025,9,7,9,An Giang,Xã Giồng Riềng,9.9237413,105.2736878,35,Good,0,30.0,76,0.1,13.3,235,1009.9,100,6.6,8.2,123.0,3.1,50.0,2.9
2025-09-07 10:00:00,2025,9,7,10,An Giang,Xã Giồng Riềng,9.9237413,105.2736878,35,Good,0,26.6,83,6.2,17.8,230,1010.5,100,6.0,7.6,119.0,2.4,54.0,2.7
2025-09-07 11:00:00,2025,9,7,11,An Giang,Xã Giồng Riềng,9.9237413,105.2736878,35,Good,0,27.6,82,0.3,15.6,240,1010.4,100,5.9,7.5,117.0,2.1,55.0,2.4
2025-09-07 12:00:00,2025,9,7,12,An Giang,Xã Giồng Riềng,9.9237413,105.2736878,36,Good,0,29.0,79,0.2,14.9,238,1009.2,100,4.6,6.1,117.0,1.9,56.0,2.0
2025-09-07 13:00:00,2025,9,7,13,An Giang,Xã Giồng Riềng,9.9237413,105.2736878,36,Good,0,29.0,74,0.2,22.0,242,1008.6,100,4.6,5.7,119.0,2.0,56.0,1.8
2025-09-07 14:00:00,2025,9,7,14,An Giang,Xã Giồng Riềng,9.9237413,105.2736878,36,Good,0,27.2,81,2.9,17.6,250,1008.1,100,4.8,5.9,124.0,2.3,58.0,1.9
2025-09-07 15:00:00,2025,9,7,15,An Giang,Xã Giồng Riềng,9.9237413,105.2736878,36,Good,0,26.3,89,1.6,12.8,228,1007.4,100,5.7,6.7,132.0,2.8,59.0,2.2
2025-09-07 16:00:00,2025,9,7,16,An Giang,Xã Giồng Riềng,9.9237413,105.2736878,36,Good,0,25.8,89,0.7,14.1,235,1007.4,100,5.9,6.8,141.0,3.7,60.0,2.6
2025-09-07 17:00:00,2025,9,7,17,An Giang,Xã Giồng Riềng,9.9237413,105.2736878,36,Good,0,25.1,93,1.5,10.4,224,1007.5,100,6.4,7.2,151.0,5.2,59.0,3.2
2025-09-07 18:00:00,2025,9,7,18,An Giang,Xã Giồng Riềng,9.9237413,105.2736878,36,Good,0,25.0,94,0.3,8.0,218,1007.9,100,8.2,9.0,161.0,7.0,57.0,3.9
2025-09-07 19:00:00,2025,9,7,19,An Giang,Xã Giồng Riềng,9.9237413,105.2736878,37,Good,0,24.7,95,0.1,10.2,201,1008.9,100,11.4,12.3,170.0,9.0,55.0,5.4
2025-09-07 20:00:00,2025,9,7,20,An Giang,Xã Giồng Riềng,9.9237413,105.2736878,37,Good,0,25.2,96,0.8,9.6,185,1009.9,100,13.4,14.2,174.0,9.6,53.0,5.9
2025-09-07 21:00:00,2025,9,7,21,An Giang,Xã Giồng Riềng,9.9237413,105.2736878,37,Good,0,25.2,96,0.2,8.0,196,1010.4,100,14.4,15.1,177.0,10.5,50.0,6.7
2025-09-07 22:00:00,2025,9,7,22,An Giang,Xã Giồng Riềng,9.9237413,105.2736878,38,Good,0,25.0,97,0.1,7.9,196,1010.8,100,15.3,15.8,180.0,11.2,47.0,7.1
2025-09-07 23:00:00,2025,9,7,23,An Giang,Xã Giồng Riềng,9.9237413,105.2736878,38,Good,0,24.8,97,0.1,7.4,186,1010.3,100,15.5,16.2,187.0,11.5,45.0,6.9
2025-09-08 00:00:00,2025,9,8,0,An Giang,Xã Giồng Riềng,9.9237413,105.2736878,38,Good,0,24.6,97,0.0,5.2,178,1010.2,100,15.4,16.0,196.0,11.5,44.0,6.4
2025-09-08 01:00:00,2025,9,8,1,An Giang,Xã Giồng Riềng,9.9237413,105.2736878,39,Good,0,24.6,97,0.0,6.9,171,1009.4,100,14.5,15.1,200.0,11.3,43.0,5.9
2025-09-08 02:00:00,2025,9,8,2,An Giang,Xã Giồng Riềng,9.9237413,105.2736878,40,Good,0,24.8,96,0.0,8.5,187,1008.9,100,13.2,13.9,197.0,10.9,43.0,5.5
2025-09-08 03:00:00,2025,9,8,3,An Giang,Xã Giồng Riềng,9.9237413,105.2736878,40,Good,0,24.8,96,0.0,6.5,188,1008.1,100,12.6,13.2,190.0,10.3,45.0,5.1
2025-09-08 04:00:00,2025,9,8,4,An Giang,Xã Giồng Riềng,9.9237413,105.2736878,40,Good,0,24.8,97,0.0,6.8,191,1008.1,100,12.7,13.4,184.0,9.7,46.0,4.9
2025-09-08 05:00:00,2025,9,8,5,An Giang,Xã Giồng Riềng,9.9237413,105.2736878,40,Good,0,24.5,97,0.0,7.3,187,1008.0,100,13.6,14.5,182.0,9.5,46.0,5.0
2025-09-08 06:00:00,2025,9,8,6,An Giang,Xã Giồng Riềng,9.9237413,105.2736878,41,Good,0,24.6,97,0.0,7.9,193,1008.8,99,14.4,15.4,181.0,9.4,46.0,5.2
2025-09-08 07:00:00,2025,9,8,7,An Giang,Xã Giồng Riềng,9.9237413,105.2736878,42,Good,0,26.1,91,0.0,12.6,216,1009.8,100,14.8,15.8,179.0,8.7,48.0,5.5
2025-09-08 08:00:00,2025,9,8,8,An Giang,Xã Giồng Riềng,9.9237413,105.2736878,43,Good,0,27.5,89,0.1,8.9,212,1010.3,100,13.6,14.9,176.0,7.0,56.0,5.0
2025-09-08 09:00:00,2025,9,8,9,An Giang,Xã Giồng Riềng,9.9237413,105.2736878,44,Good,0,28.6,84,0.3,11.7,239,1010.8,100,13.3,14.6,173.0,4.7,66.0,4.3
2025-09-08 10:00:00,2025,9,8,10,An Giang,Xã Giồng Riềng,9.9237413,105.2736878,45,Good,0,28.2,80,1.4,13.6,235,1010.8,100,13.1,14.4,168.0,2.8,75.0,3.7
2025-09-08 11:00:00,2025,9,8,11,An Giang,Xã Giồng Riềng,9.9237413,105.2736878,46,Good,0,29.0,75,0.1,11.9,232,1010.5,100,13.8,15.5,158.0,1.9,81.0,3.4
2025-09-08 12:00:00,2025,9,8,12,An Giang,Xã Giồng Riềng,9.9237413,105.2736878,48,Good,0,30.4,71,0.2,14.2,241,1009.8,100,12.4,13.7,145.0,1.5,85.0,3.2
2025-09-08 13:00:00,2025,9,8,13,An Giang,Xã Giồng Riềng,9.9237413,105.2736878,49,Good,0,27.4,78,3.5,18.1,218,1009.0,100,13.1,14.4,138.0,1.4,87.0,3.0
2025-09-08 14:00:00,2025,9,8,14,An Giang,Xã Giồng Riềng,9.9237413,105.2736878,50,Good,0,26.0,92,1.0,11.4,191,1008.3,100,12.9,14.2,137.0,1.3,85.0,2.6
2025-09-08 15:00:00,2025,9,8,15,An Giang,Xã Giồng Riềng,9.9237413,105.2736878,51,Moderate,1,27.1,87,0.4,10.7,187,1007.6,100,11.6,12.7,141.0,1.4,81.0,2.3
2025-09-08 16:00:00,2025,9,8,16,An Giang,Xã Giồng Riềng,9.9237413,105.2736878,52,Moderate,1,27.0,88,0.3,9.4,183,1007.1,99,10.2,11.0,153.0,2.7,75.0,2.6
2025-09-08 17:00:00,2025,9,8,17,An Giang,Xã Giồng Riềng,9.9237413,105.2736878,52,Moderate,1,27.2,87,0.2,8.3,191,1007.4,99,10.2,10.9,176.0,6.0,66.0,4.0
2025-09-08 18:00:00,2025,9,8,18,An Giang,Xã Giồng Riềng,9.9237413,105.2736878,52,Moderate,1,26.4,91,0.1,5.4,194,1008.4,100,13.6,14.2,207.0,10.5,54.0,6.0
2025-09-08 19:00:00,2025,9,8,19,An Giang,Xã Giồng Riềng,9.9237413,105.2736878,53,Moderate,1,25.5,96,0.0,4.2,190,1009.1,100,23.6,24.6,240.0,12.2,48.0,7.5
2025-09-08 20:00:00,2025,9,8,20,An Giang,Xã Giồng Riềng,9.9237413,105.2736878,54,Moderate,1,25.4,97,0.0,4.6,138,1010.0,100,28.8,29.5,281.0,15.1,41.0,9.2
2025-09-08 21:00:00,2025,9,8,21,An Giang,Xã Giồng Riềng,9.9237413,105.2736878,55,Moderate,1,25.1,97,0.4,5.4,154,1010.8,100,34.1,34.7,324.0,19.0,32.0,11.4
2025-09-08 22:00:00,2025,9,8,22,An Giang,Xã Giồng Riềng,9.9237413,105.2736878,57,Moderate,1,25.1,96,0.6,5.7,148,1011.7,100,38.3,38.9,344.0,21.5,25.0,12.7
2025-09-08 23:00:00,2025,9,8,23,An Giang,Xã Giồng Riềng,9.9237413,105.2736878,59,Moderate,1,24.9,96,0.0,6.1,148,1011.8,100,37.1,37.6,323.0,21.1,24.0,12.1
2025-09-09 00:00:00,2025,9,9,0,An Giang,Xã Giồng Riềng,9.9237413,105.2736878,61,Moderate,1,24.6,97,0.0,4.5,146,1011.3,100,33.9,34.3,278.0,19.3,27.0,10.6
2025-09-09 01:00:00,2025,9,9,1,An Giang,Xã Giồng Riềng,9.9237413,105.2736878,63,Moderate,1,24.6,97,0.0,4.8,169,1010.5,100,31.7,32.2,239.0,17.5,29.0,9.2
2025-09-09 02:00:00,2025,9,9,2,An Giang,Xã Giồng Riềng,9.9237413,105.2736878,64,Moderate,1,24.1,98,0.0,3.4,186,1010.5,100,28.9,29.3,213.0,16.3,31.0,8.4
2025-09-09 03:00:00,2025,9,9,3,An Giang,Xã Giồng Riềng,9.9237413,105.2736878,65,Moderate,1,24.1,98,0.0,3.4,137,1009.8,100,26.0,26.4,193.0,15.1,33.0,7.8
2025-09-09 04:00:00,2025,9,9,4,An Giang,Xã Giồng Riềng,9.9237413,105.2736878,67,Moderate,1,24.5,98,0.0,5.7,171,1009.6,100,24.6,25.0,181.0,14.1,34.0,7.4
2025-09-09 05:00:00,2025,9,9,5,An Giang,Xã Giồng Riềng,9.9237413,105.2736878,68,Moderate,1,24.2,99,0.0,5.0,206,1010.0,100,24.6,25.1,184.0,13.7,32.0,7.6
2025-09-09 06:00:00,2025,9,9,6,An Giang,Xã Giồng Riềng,9.9237413,105.2736878,69,Moderate,1,24.0,99,0.0,3.4,212,1010.1,100,26.4,26.8,195.0,13.6,30.0,8.2
2025-09-09 07:00:00,2025,9,9,7,An Giang,Xã Giồng Riềng,9.9237413,105.2736878,70,Moderate,1,24.9,98,0.0,4.5,236,1010.6,100,30.0,31.0,198.0,10.6,32.0,7.1
2025-09-09 08:00:00,2025,9,9,8,An Giang,Xã Giồng Riềng,9.9237413,105.2736878,71,Moderate,1,26.7,90,0.0,6.9,195,1011.7,100,19.2,20.4,184.0,8.0,44.0,6.1
2025-09-09 09:00:00,2025,9,9,9,An Giang,Xã Giồng Riềng,9.9237413,105.2736878,72,Moderate,1,28.1,84,0.1,13.5,203,1011.8,100,15.3,16.6,162.0,4.5,61.0,4.6
2025-09-09 10:00:00,2025,9,9,10,An Giang,Xã Giồng Riềng,9.9237413,105.2736878,72,Moderate,1,30.0,76,0.2,14.5,211,1011.8,100,13.9,15.1,147.0,1.9,73.0,3.4
2025-09-09 11:00:00,2025,9,9,11,An Giang,Xã Giồng Riềng,9.9237413,105.2736878,72,Moderate,1,30.5,72,0.2,13.6,214,1011.5,100,12.5,13.6,147.0,0.9,77.0,2.6
2025-09-09 12:00:00,2025,9,9,12,An Giang,Xã Giồng Riềng,9.9237413,105.2736878,72,Moderate,1,29.2,75,3.9,13.6,191,1011.0,100,11.0,12.0,153.0,0.9,76.0,2.0
2025-09-09 13:00:00,2025,9,9,13,An Giang,Xã Giồng Riềng,9.9237413,105.2736878,72,Moderate,1,29.1,75,0.5,10.8,191,1009.9,100,10.0,10.9,160.0,1.2,73.0,1.8
2025-09-09 14:00:00,2025,9,9,14,An Giang,Xã Giồng Riềng,9.9237413,105.2736878,71,Moderate,1,26.9,86,1.9,5.0,270,1009.0,100,7.6,8.1,161.0,1.8,68.0,1.9
2025-09-09 15:00:00,2025,9,9,15,An Giang,Xã Giồng Riềng,9.9237413,105.2736878,71,Moderate,1,26.9,79,0.9,10.1,219,1008.7,100,6.1,6.5,163.0,2.7,61.0,2.4
2025-09-09 16:00:00,2025,9,9,16,An Giang,Xã Giồng Riềng,9.9237413,105.2736878,70,Moderate,1,25.9,90,2.3,6.0,143,1008.8,100,5.7,6.1,172.0,4.1,54.0,3.0
2025-09-09 17:00:00,2025,9,9,17,An Giang,Xã Giồng Riềng,9.9237413,105.2736878,70,Moderate,1,25.5,92,2.0,5.2,149,1009.0,100,6.7,7.1,194.0,5.9,49.0,3.8
2025-09-09 18:00:00,2025,9,9,18,An Giang,Xã Giồng Riềng,9.9237413,105.2736878,70,Moderate,1,25.3,94,1.5,3.3,139,1009.9,100,7.8,8.2,225.0,8.1,44.0,4.7
2025-09-09 19:00:00,2025,9,9,19,An Giang,Xã Giồng Riềng,9.9237413,105.2736878,69,Moderate,1,25.1,96,0.2,4.1,157,1010.4,100,10.8,11.1,255.0,10.1,42.0,5.7
2025-09-09 20:00:00,2025,9,9,20,An Giang,Xã Giồng Riềng,9.9237413,105.2736878,68,Moderate,1,25.7,94,0.2,2.3,151,1011.0,100,15.1,15.4,286.0,12.3,36.0,7.0
2025-09-09 21:00:00,2025,9,9,21,An Giang,Xã Giồng Riềng,9.9237413,105.2736878,67,Moderate,1,25.4,95,0.1,4.0,153,1011.3,100,18.7,19.1,316.0,15.4,28.0,8.7
2025-09-09 22:00:00,2025,9,9,22,An Giang,Xã Giồng Riềng,9.9237413,105.2736878,65,Moderate,1,25.1,96,0.0,4.1,146,1012.0,100,22.5,22.9,337.0,17.9,22.0,9.8
2025-09-09 23:00:00,2025,9,9,23,An Giang,Xã Giồng Riềng,9.9237413,105.2736878,64,Moderate,1,24.8,97,0.0,3.6,135,1011.9,100,24.2,24.6,342.0,19.0,19.0,9.9
2025-09-10 00:00:00,2025,9,10,0,An Giang,Xã Giồng Riềng,9.9237413,105.2736878,63,Moderate,1,24.5,98,0.0,4.2,126,1011.5,100,24.0,24.4,338.0,19.4,17.0,9.5
2025-09-10 01:00:00,2025,9,10,1,An Giang,Xã Giồng Riềng,9.9237413,105.2736878,62,Moderate,1,24.5,98,0.0,3.1,111,1010.7,100,25.0,25.5,334.0,20.0,15.0,8.7
2025-09-10 02:00:00,2025,9,10,2,An Giang,Xã Giồng Riềng,9.9237413,105.2736878,61,Moderate,1,24.4,98,0.0,3.5,99,1010.6,100,29.7,30.0,332.0,21.2,11.0,7.3
2025-09-10 03:00:00,2025,9,10,3,An Giang,Xã Giồng Riềng,9.9237413,105.2736878,61,Moderate,1,24.3,98,0.0,2.9,112,1010.3,100,36.9,37.1,330.0,22.6,8.0,5.4
2025-09-10 04:00:00,2025,9,10,4,An Giang,Xã Giồng Riềng,9.9237413,105.2736878,62,Moderate,1,24.4,98,0.0,3.8,101,1010.2,100,41.9,42.1,332.0,23.0,6.0,4.1
2025-09-10 05:00:00,2025,9,10,5,An Giang,Xã Giồng Riềng,9.9237413,105.2736878,64,Moderate,1,24.0,99,0.0,3.1,87,1010.2,100,46.4,46.7,349.0,22.3,6.0,3.8
2025-09-10 06:00:00,2025,9,10,6,An Giang,Xã Giồng Riềng,9.9237413,105.2736878,66,Moderate,1,23.8,99,0.0,3.5,102,1010.6,100,53.8,54.0,370.0,20.6,7.0,4.0
2025-09-10 07:00:00,2025,9,10,7,An Giang,Xã Giồng Riềng,9.9237413,105.2736878,68,Moderate,1,25.3,95,0.0,3.1,301,1011.6,100,31.4,31.7,368.0,16.2,27.0,10.3
2025-09-10 08:00:00,2025,9,10,8,An Giang,Xã Giồng Riềng,9.9237413,105.2736878,68,Moderate,1,27.2,87,0.0,5.1,302,1011.5,100,16.8,17.2,320.0,12.2,47.0,9.0
2025-09-10 09:00:00,2025,9,10,9,An Giang,Xã Giồng Riềng,9.9237413,105.2736878,68,Moderate,1,28.8,78,0.0,4.9,262,1011.9,99,10.5,11.0,248.0,6.7,73.0,7.2
2025-09-10 10:00:00,2025,9,10,10,An Giang,Xã Giồng Riềng,9.9237413,105.2736878,68,Moderate,1,30.0,74,0.1,5.0,251,1011.6,87,9.3,9.9,193.0,2.5,93.0,5.7
2025-09-10 11:00:00,2025,9,10,11,An Giang,Xã Giồng Riềng,9.9237413,105.2736878,67,Moderate,1,31.2,69,0.0,4.8,241,1011.1,97,8.6,9.2,172.0,1.1,99.0,4.7
2025-09-10 12:00:00,2025,9,10,12,An Giang,Xã Giồng Riềng,9.9237413,105.2736878,67,Moderate,1,31.8,67,0.0,6.0,249,1010.4,98,8.1,8.7,166.0,1.0,98.0,4.0
2025-09-10 13:00:00,2025,9,10,13,An Giang,Xã Giồng Riềng,9.9237413,105.2736878,67,Moderate,1,31.8,66,0.1,7.4,256,1009.1,100,7.6,8.1,164.0,1.2,94.0,3.5
2025-09-10 14:00:00,2025,9,10,14,An Giang,Xã Giồng Riềng,9.9237413,105.2736878,67,Moderate,1,31.2,65,0.0,10.4,260,1008.2,100,7.1,7.7,157.0,1.1,88.0,3.0
2025-09-10 15:00:00,2025,9,10,15,An Giang,Xã Giồng Riềng,9.9237413,105.2736878,67,Moderate,1,29.8,70,0.1,12.4,242,1007.7,100,6.4,7.1,152.0,1.3,79.0,2.7
2025-09-10 16:00:00,2025,9,10,16,An Giang,Xã Giồng Riềng,9.9237413,105.2736878,67,Moderate,1,29.0,72,0.0,9.2,267,1007.0,100,5.9,6.6,160.0,2.3,70.0,2.9
2025-09-10 17:00:00,2025,9,10,17,An Giang,Xã Giồng Riềng,9.9237413,105.2736878,67,Moderate,1,28.6,75,0.0,4.9,280,1007.4,100,6.1,7.1,191.0,4.7,60.0,3.7
2025-09-10 18:00:00,2025,9,10,18,An Giang,Xã Giồng Riềng,9.9237413,105.2736878,67,Moderate,1,27.7,83,0.0,2.6,326,1007.9,100,7.4,8.3,234.0,7.9,49.0,4.9
2025-09-10 19:00:00,2025,9,10,19,An Giang,Xã Giồng Riềng,9.9237413,105.2736878,67,Moderate,1,27.2,84,0.0,0.8,333,1008.4,100,15.3,16.2,271.0,13.5,36.0,7.6
2025-09-10 20:00:00,2025,9,10,20,An Giang,Xã Giồng Riềng,9.9237413,105.2736878,67,Moderate,1,26.9,92,0.0,4.7,106,1009.2,100,24.3,25.3,292.0,17.0,30.0,9.8
2025-09-10 21:00:00,2025,9,10,21,An Giang,Xã Giồng Riềng,9.9237413,105.2736878,68,Moderate,1,26.2,96,0.0,3.1,118,1009.9,100,27.4,28.2,306.0,21.9,21.0,13.0
2025-09-10 22:00:00,2025,9,10,22,An Giang,Xã Giồng Riềng,9.9237413,105.2736878,68,Moderate,1,26.0,96,0.0,0.8,117,1010.3,99,33.9,34.7,321.0,26.6,14.0,15.3
2025-09-10 23:00:00,2025,9,10,23,An Giang,Xã Giồng Riềng,9.9237413,105.2736878,70,Moderate,1,25.6,97,0.0,2.1,59,1010.7,86,40.6,41.6,343.0,30.8,9.0,16.2
2025-09-11 00:00:00,2025,9,11,0,An Giang,Xã Giồng Riềng,9.9237413,105.2736878,71,Moderate,1,25.5,97,0.0,2.4,73,1010.3,85,45.9,46.9,366.0,34.7,4.0,16.4
2025-09-11 01:00:00,2025,9,11,1,An Giang,Xã Giồng Riềng,9.9237413,105.2736878,73,Moderate,1,25.2,98,0.0,2.5,30,1009.6,98,54.4,55.2,379.0,37.2,1.0,16.2
2025-09-11 02:00:00,2025,9,11,2,An Giang,Xã Giồng Riềng,9.9237413,105.2736878,76,Moderate,1,25.0,98,0.0,0.3,315,1009.1,98,60.8,61.0,376.0,37.5,0.0,15.7
2025-09-11 03:00:00,2025,9,11,3,An Giang,Xã Giồng Riềng,9.9237413,105.2736878,78,Moderate,1,24.5,100,0.0,2.1,232,1008.8,100,64.0,64.3,364.0,36.3,0.0,14.7
2025-09-11 04:00:00,2025,9,11,4,An Giang,Xã Giồng Riềng,9.9237413,105.2736878,81,Moderate,1,24.4,100,0.0,1.9,214,1008.4,100,69.2,69.4,347.0,34.7,0.0,13.3
2025-09-11 05:00:00,2025,9,11,5,An Giang,Xã Giồng Riềng,9.9237413,105.2736878,83,Moderate,1,24.1,100,0.0,2.3,270,1008.5,100,74.7,75.0,328.0,33.4,2.0,11.0
2025-09-11 06:00:00,2025,9,11,6,An Giang,Xã Giồng Riềng,9.9237413,105.2736878,86,Moderate,1,23.9,100,0.0,2.0,27,1009.2,100,76.8,77.1,305.0,31.6,7.0,8.2
2025-09-11 07:00:00,2025,9,11,7,An Giang,Xã Giồng Riềng,9.9237413,105.2736878,88,Moderate,1,25.2,99,0.0,2.6,25,1009.8,100,86.4,87.3,278.0,26.5,23.0,5.7
2025-09-11 08:00:00,2025,9,11,8,An Giang,Xã Giồng Riềng,9.9237413,105.2736878,93,Moderate,1,28.8,87,0.0,4.4,289,1010.2,25,27.8,29.4,242.0,19.4,39.0,6.1
2025-09-11 09:00:00,2025,9,11,9,An Giang,Xã Giồng Riềng,9.9237413,105.2736878,93,Moderate,1,30.7,72,0.2,6.3,294,1010.3,70,17.5,19.2,201.0,9.6,62.0,6.5
2025-09-11 10:00:00,2025,9,11,10,An Giang,Xã Giồng Riềng,9.9237413,105.2736878,94,Moderate,1,31.8,66,0.0,7.1,304,1010.0,80,15.3,16.8,172.0,2.4,78.0,6.6
2025-09-11 11:00:00,2025,9,11,11,An Giang,Xã Giồng Riềng,9.9237413,105.2736878,95,Moderate,1,32.5,62,0.0,6.7,308,1009.5,97,14.8,16.3,163.0,0.3,84.0,5.8
2025-09-11 12:00:00,2025,9,11,12,An Giang,Xã Giồng Riềng,9.9237413,105.2736878,95,Moderate,1,30.3,68,5.0,9.6,284,1009.3,100,15.3,16.7,166.0,0.7,83.0,4.7
2025-09-11 13:00:00,2025,9,11,13,An Giang,Xã Giồng Riềng,9.9237413,105.2736878,96,Moderate,1,29.1,73,6.2,3.9,223,1007.9,100,15.1,16.6,166.0,1.4,80.0,3.7
2025-09-11 14:00:00,2025,9,11,14,An Giang,Xã Giồng Riềng,9.9237413,105.2736878,96,Moderate,1,29.4,72,0.1,12.6,253,1007.4,100,12.4,13.6,156.0,1.4,73.0,3.0
2025-09-11 15:00:00,2025,9,11,15,An Giang,Xã Giồng Riềng,9.9237413,105.2736878,97,Moderate,1,29.4,73,0.5,11.5,260,1007.0,99,8.9,10.2,145.0,1.6,63.0,2.6
2025-09-11 16:00:00,2025,9,11,16,An Giang,Xã Giồng Riềng,9.9237413,105.2736878,97,Moderate,1,27.4,81,3.0,4.5,157,1007.5,100,7.7,9.5,143.0,2.9,54.0,2.8
2025-09-11 17:00:00,2025,9,11,17,An Giang,Xã Giồng Riềng,9.9237413,105.2736878,97,Moderate,1,27.2,81,0.1,2.2,85,1007.1,100,7.9,9.5,157.0,5.8,46.0,4.0
2025-09-11 18:00:00,2025,9,11,18,An Giang,Xã Giồng Riềng,9.9237413,105.2736878,98,Moderate,1,25.8,88,1.6,13.1,90,1008.5,100,10.7,11.9,180.0,9.9,39.0,5.8
2025-09-11 19:00:00,2025,9,11,19,An Giang,Xã Giồng Riềng,9.9237413,105.2736878,98,Moderate,1,24.3,96,4.6,1.0,121,1009.4,100,16.1,17.1,205.0,14.3,32.0,8.7
2025-09-11 20:00:00,2025,9,11,20,An Giang,Xã Giồng Riềng,9.9237413,105.2736878,98,Moderate,1,25.1,95,0.6,2.0,100,1010.3,100,20.1,21.0,232.0,16.1,30.0,10.4
2025-09-11 21:00:00,2025,9,11,21,An Giang,Xã Giồng Riềng,9.9237413,105.2736878,97,Moderate,1,25.1,96,0.2,4.4,78,1010.8,100,23.2,23.7,260.0,18.6,27.0,12.6
2025-09-11 22:00:00,2025,9,11,22,An Giang,Xã Giồng Riềng,9.9237413,105.2736878,97,Moderate,1,25.0,96,0.3,3.4,25,1011.0,100,26.5,26.9,282.0,20.8,24.0,14.4
2025-09-11 23:00:00,2025,9,11,23,An Giang,Xã Giồng Riềng,9.9237413,105.2736878,96,Moderate,1,24.8,96,0.1,4.2,50,1010.8,100,29.7,30.0,293.0,22.5,22.0,15.1
2025-09-12 00:00:00,2025,9,12,0,An Giang,Xã Giồng Riềng,9.9237413,105.2736878,95,Moderate,1,24.4,98,0.0,2.9,7,1010.5,100,31.7,32.0,298.0,24.0,20.0,15.2
2025-09-12 01:00:00,2025,9,12,1,An Giang,Xã Giồng Riềng,9.9237413,105.2736878,94,Moderate,1,24.3,97,0.0,4.8,15,1009.9,100,33.6,33.9,300.0,25.1,18.0,15.3
2025-09-12 02:00:00,2025,9,12,2,An Giang,Xã Giồng Riềng,9.9237413,105.2736878,92,Moderate,1,24.3,97,0.1,6.2,12,1009.4,100,34.7,34.9,298.0,26.2,16.0,15.5
2025-09-12 03:00:00,2025,9,12,3,An Giang,Xã Giồng Riềng,9.9237413,105.2736878,90,Moderate,1,24.0,97,0.0,5.2,4,1008.6,97,35.4,35.6,293.0,26.9,14.0,15.6
2025-09-12 04:00:00,2025,9,12,4,An Giang,Xã Giồng Riềng,9.9237413,105.2736878,88,Moderate,1,23.7,98,0.0,5.1,4,1008.0,70,38.3,38.5,288.0,26.6,16.0,15.9
2025-09-12 05:00:00,2025,9,12,5,An Giang,Xã Giồng Riềng,9.9237413,105.2736878,85,Moderate,1,23.4,98,0.0,4.5,23,1007.9,32,42.1,42.3,286.0,24.8,22.0,16.9
2025-09-12 06:00:00,2025,9,12,6,An Giang,Xã Giồng Riềng,9.9237413,105.2736878,82,Moderate,1,23.4,98,0.0,4.7,47,1008.5,67,43.9,44.0,286.0,22.0,31.0,18.1
2025-09-12 07:00:00,2025,9,12,7,An Giang,Xã Giồng Riềng,9.9237413,105.2736878,79,Moderate,1,25.0,93,0.0,8.2,49,1009.8,96,44.8,44.9,283.0,18.5,47.0,19.2
2025-09-12 08:00:00,2025,9,12,8,An Giang,Xã Giồng Riềng,9.9237413,105.2736878,75,Moderate,1,27.1,81,0.0,9.1,27,1010.1,51,34.2,34.6,277.0,14.6,70.0,17.2
2025-09-12 09:00:00,2025,9,12,9,An Giang,Xã Giồng Riềng,9.9237413,105.2736878,76,Moderate,1,29.0,72,0.0,10.2,30,1010.1,81,32.0,32.4,269.0,9.1,101.0,14.5
2025-09-12 10:00:00,2025,9,12,10,An Giang,Xã Giồng Riềng,9.9237413,105.2736878,77,Moderate,1,30.2,69,0.0,9.1,41,1010.3,83,33.5,33.9,262.0,4.9,125.0,12.1
2025-09-12 11:00:00,2025,9,12,11,An Giang,Xã Giồng Riềng,9.9237413,105.2736878,79,Moderate,1,31.1,67,0.0,9.1,56,1010.1,29,35.5,35.9,257.0,2.9,136.0,10.4
2025-09-12 12:00:00,2025,9,12,12,An Giang,Xã Giồng Riềng,9.9237413,105.2736878,81,Moderate,1,31.9,63,0.0,9.6,49,1009.0,35,35.4,35.9,253.0,2.2,140.0,9.0
2025-09-12 13:00:00,2025,9,12,13,An Giang,Xã Giồng Riềng,9.9237413,105.2736878,82,Moderate,1,32.0,61,0.0,11.2,84,1008.1,96,35.4,35.9,246.0,2.2,138.0,8.2
2025-09-12 14:00:00,2025,9,12,14,An Giang,Xã Giồng Riềng,9.9237413,105.2736878,84,Moderate,1,30.0,69,0.3,12.0,112,1007.9,100,35.6,36.2,231.0,3.1,127.0,8.0
2025-09-12 15:00:00,2025,9,12,15,An Giang,Xã Giồng Riềng,9.9237413,105.2736878,86,Moderate,1,28.0,76,2.8,15.7,121,1007.9,99,37.3,37.7,214.0,4.7,110.0,8.2
2025-09-12 16:00:00,2025,9,12,16,An Giang,Xã Giồng Riềng,9.9237413,105.2736878,89,Moderate,1,27.4,80,0.2,9.2,129,1008.2,100,32.7,33.1,210.0,6.5,95.0,8.8
2025-09-12 17:00:00,2025,9,12,17,An Giang,Xã Giồng Riềng,9.9237413,105.2736878,91,Moderate,1,26.5,84,0.3,7.2,143,1008.4,100,34.1,34.5,233.0,8.5,85.0,9.8
2025-09-12 18:00:00,2025,9,12,18,An Giang,Xã Giồng Riềng,9.9237413,105.2736878,93,Moderate,1,25.8,92,1.2,4.7,162,1008.5,100,36.1,36.3,270.0,10.6,78.0,11.0
2025-09-12 19:00:00,2025,9,12,19,An Giang,Xã Giồng Riềng,9.9237413,105.2736878,96,Moderate,1,25.2,95,0.5,5.0,165,1009.6,100,32.2,32.2,296.0,14.5,54.0,12.1
2025-09-12 20:00:00,2025,9,12,20,An Giang,Xã Giồng Riềng,9.9237413,105.2736878,97,Moderate,1,25.8,95,0.2,5.6,184,1009.7,100,31.3,31.3,301.0,15.7,50.0,13.0
2025-09-12 21:00:00,2025,9,12,21,An Giang,Xã Giồng Riềng,9.9237413,105.2736878,98,Moderate,1,25.7,95,0.1,4.5,194,1010.2,100,36.1,36.1,295.0,17.4,45.0,14.3
2025-09-12 22:00:00,2025,9,12,22,An Giang,Xã Giồng Riềng,9.9237413,105.2736878,99,Moderate,1,25.1,97,0.0,3.5,208,1010.6,100,41.0,41.0,291.0,18.8,40.0,14.9
2025-09-12 23:00:00,2025,9,12,23,An Giang,Xã Giồng Riềng,9.9237413,105.2736878,100,Moderate,1,24.9,98,0.0,3.2,236,1010.7,100,43.3,43.3,294.0,19.6,36.0,14.2
2025-09-13 00:00:00,2025,9,13,0,An Giang,Xã Giồng Riềng,9.9237413,105.2736878,102,Unhealthy for Sensitive Groups,2,25.0,98,0.0,2.7,208,1010.2,100,43.0,43.0,299.0,20.0,31.0,12.8
2025-09-13 01:00:00,2025,9,13,1,An Giang,Xã Giồng Riềng,9.9237413,105.2736878,103,Unhealthy for Sensitive Groups,2,25.0,98,0.7,3.1,230,1009.6,100,42.0,42.0,299.0,20.1,29.0,11.8
2025-09-13 02:00:00,2025,9,13,2,An Giang,Xã Giồng Riềng,9.9237413,105.2736878,104,Unhealthy for Sensitive Groups,2,24.9,98,1.2,4.0,280,1008.9,100,37.8,37.8,291.0,19.7,29.0,11.4
2025-09-13 03:00:00,2025,9,13,3,An Giang,Xã Giồng Riềng,9.9237413,105.2736878,104,Unhealthy for Sensitive Groups,2,24.6,99,2.7,2.1,301,1008.8,100,36.6,36.6,278.0,18.9,31.0,11.4
2025-09-13 04:00:00,2025,9,13,4,An Giang,Xã Giồng Riềng,9.9237413,105.2736878,104,Unhealthy for Sensitive Groups,2,24.4,100,1.3,3.1,204,1008.8,100,35.5,35.5,266.0,18.3,34.0,12.0
2025-09-13 05:00:00,2025,9,13,5,An Giang,Xã Giồng Riềng,9.9237413,105.2736878,104,Unhealthy for Sensitive Groups,2,24.3,100,0.0,1.5,277,1009.0,100,35.3,35.3,258.0,18.2,37.0,13.7
2025-09-13 06:00:00,2025,9,13,6,An Giang,Xã Giồng Riềng,9.9237413,105.2736878,103,Unhealthy for Sensitive Groups,2,24.2,100,0.1,2.9,112,1009.5,100,35.7,35.7,252.0,18.1,40.0,16.0
2025-09-13 07:00:00,2025,9,13,7,An Giang,Xã Giồng Riềng,9.9237413,105.2736878,103,Unhealthy for Sensitive Groups,2,25.1,97,0.2,4.0,95,1010.3,100,46.0,46.1,240.0,18.1,42.0,18.4
2025-09-13 08:00:00,2025,9,13,8,An Giang,Xã Giồng Riềng,9.9237413,105.2736878,103,Unhealthy for Sensitive Groups,2,26.5,89,0.0,4.7,47,1010.7,100,35.4,35.5,218.0,14.4,53.0,18.0
2025-09-13 09:00:00,2025,9,13,9,An Giang,Xã Giồng Riềng,9.9237413,105.2736878,103,Unhealthy for Sensitive Groups,2,28.1,79,0.1,8.8,62,1011.3,100,19.8,20.2,191.0,9.2,68.0,17.5
2025-09-13 10:00:00,2025,9,13,10,An Giang,Xã Giồng Riềng,9.9237413,105.2736878,102,Unhealthy for Sensitive Groups,2,28.4,77,0.1,8.2,76,1011.2,100,16.3,16.6,170.0,5.2,80.0,16.3
2025-09-13 11:00:00,2025,9,13,11,An Giang,Xã Giồng Riềng,9.9237413,105.2736878,100,Moderate,1,27.5,81,1.8,9.0,120,1010.9,99,15.9,16.2,160.0,3.6,86.0,14.1
2025-09-13 12:00:00,2025,9,13,12,An Giang,Xã Giồng Riềng,9.9237413,105.2736878,98,Moderate,1,29.4,75,0.1,6.9,135,1009.7,100,17.2,17.6,155.0,3.1,89.0,11.2
2025-09-13 13:00:00,2025,9,13,13,An Giang,Xã Giồng Riềng,9.9237413,105.2736878,96,Moderate,1,30.2,70,0.2,9.4,122,1008.1,100,16.1,16.4,151.0,3.2,90.0,9.1
2025-09-13 14:00:00,2025,9,13,14,An Giang,Xã Giồng Riềng,9.9237413,105.2736878,95,Moderate,1,26.6,86,7.2,12.4,121,1008.2,100,16.2,16.5,145.0,3.5,88.0,8.3
2025-09-13 15:00:00,2025,9,13,15,An Giang,Xã Giồng Riềng,9.9237413,105.2736878,93,Moderate,1,27.1,83,0.2,9.7,112,1008.1,100,15.8,16.1,140.0,4.3,83.0,8.1
2025-09-13 16:00:00,2025,9,13,16,An Giang,Xã Giồng Riềng,9.9237413,105.2736878,91,Moderate,1,25.5,90,4.5,8.4,152,1007.9,100,15.5,15.7,141.0,5.6,77.0,8.0
2025-09-13 17:00:00,2025,9,13,17,An Giang,Xã Giồng Riềng,9.9237413,105.2736878,90,Moderate,1,25.5,91,0.4,8.9,174,1008.3,100,16.8,17.0,149.0,7.4,68.0,7.7
2025-09-13 18:00:00,2025,9,13,18,An Giang,Xã Giồng Riềng,9.9237413,105.2736878,88,Moderate,1,24.8,93,0.0,7.1,223,1008.9,100,18.0,18.1,162.0,9.7,57.0,7.5
2025-09-13 19:00:00,2025,9,13,19,An Giang,Xã Giồng Riềng,9.9237413,105.2736878,86,Moderate,1,24.4,95,0.1,6.0,205,1010.2,100,28.6,28.9,180.0,14.7,44.0,11.2
2025-09-13 20:00:00,2025,9,13,20,An Giang,Xã Giồng Riềng,9.9237413,105.2736878,86,Moderate,1,24.6,97,1.4,2.5,188,1010.5,100,28.8,29.0,208.0,14.5,42.0,11.1
2025-09-13 21:00:00,2025,9,13,21,An Giang,Xã Giồng Riềng,9.9237413,105.2736878,86,Moderate,1,24.6,97,0.1,5.2,211,1010.7,100,31.1,31.3,240.0,14.3,40.0,11.0
2025-09-13 22:00:00,2025,9,13,22,An Giang,Xã Giồng Riềng,9.9237413,105.2736878,85,Moderate,1,24.1,97,0.0,3.6,210,1011.1,100,29.6,29.9,266.0,14.6,37.0,10.7
2025-09-13 23:00:00,2025,9,13,23,An Giang,Xã Giồng Riềng,9.9237413,105.2736878,84,Moderate,1,24.0,97,0.0,2.2,284,1011.2,100,32.9,33.2,279.0,16.1,32.0,10.1
2025-09-14 00:00:00,2025,9,14,0,An Giang,Xã Giồng Riềng,9.9237413,105.2736878,84,Moderate,1,23.8,99,0.0,2.1,285,1010.7,99,36.2,36.4,284.0,18.2,26.0,9.3
2025-09-14 01:00:00,2025,9,14,1,An Giang,Xã Giồng Riềng,9.9237413,105.2736878,83,Moderate,1,23.5,99,0.0,2.7,247,1010.1,100,39.8,40.0,289.0,19.7,22.0,8.5
2025-09-14 02:00:00,2025,9,14,2,An Giang,Xã Giồng Riềng,9.9237413,105.2736878,83,Moderate,1,23.7,98,0.0,4.0,219,1009.5,100,38.0,38.1,299.0,19.9,20.0,7.6
2025-09-14 03:00:00,2025,9,14,3,An Giang,Xã Giồng Riềng,9.9237413,105.2736878,83,Moderate,1,23.5,99,0.0,1.6,186,1009.3,97,35.2,35.4,309.0,19.5,20.0,6.7
2025-09-14 04:00:00,2025,9,14,4,An Giang,Xã Giồng Riềng,9.9237413,105.2736878,83,Moderate,1,23.5,99,0.0,1.2,141,1009.4,42,38.0,38.2,304.0,19.1,20.0,6.1
2025-09-14 05:00:00,2025,9,14,5,An Giang,Xã Giồng Riềng,9.9237413,105.2736878,83,Moderate,1,23.5,98,4.2,5.4,214,1010.3,100,42.5,42.7,274.0,19.4,20.0,6.2
2025-09-14 06:00:00,2025,9,14,6,An Giang,Xã Giồng Riềng,9.9237413,105.2736878,83,Moderate,1,23.6,98,0.1,3.4,245,1010.3,97,52.0,52.3,231.0,19.6,22.0,6.6
2025-09-14 07:00:00,2025,9,14,7,An Giang,Xã Giồng Riềng,9.9237413,105.2736878,85,Moderate,1,24.6,94,0.1,5.9,230,1010.9,100,29.8,30.2,193.0,13.3,30.0,7.9
2025-09-14 08:00:00,2025,9,14,8,An Giang,Xã Giồng Riềng,9.9237413,105.2736878,83,Moderate,1,26.6,87,0.1,3.4,288,1012.1,100,16.7,17.3,167.0,10.0,39.0,6.3
2025-09-14 09:00:00,2025,9,14,9,An Giang,Xã Giồng Riềng,9.9237413,105.2736878,82,Moderate,1,28.1,80,0.1,3.1,242,1012.3,100,9.3,10.0,147.0,5.4,52.0,4.1
2025-09-14 10:00:00,2025,9,14,10,An Giang,Xã Giồng Riềng,9.9237413,105.2736878,81,Moderate,1,29.5,72,0.1,7.8,220,1012.1,100,6.9,7.5,134.0,2.1,61.0,2.5
2025-09-14 11:00:00,2025,9,14,11,An Giang,Xã Giồng Riềng,9.9237413,105.2736878,80,Moderate,1,26.1,83,6.2,14.6,237,1012.3,100,5.4,6.0,131.0,1.4,62.0,2.1
2025-09-14 12:00:00,2025,9,14,12,An Giang,Xã Giồng Riềng,9.9237413,105.2736878,79,Moderate,1,25.2,92,0.6,7.0,247,1011.1,100,4.7,5.5,136.0,1.9,58.0,2.2
2025-09-14 13:00:00,2025,9,14,13,An Giang,Xã Giồng Riềng,9.9237413,105.2736878,78,Moderate,1,27.8,81,0.2,9.5,238,1009.9,100,4.4,5.1,139.0,2.4,56.0,2.5
2025-09-14 14:00:00,2025,9,14,14,An Giang,Xã Giồng Riềng,9.9237413,105.2736878,77,Moderate,1,29.2,76,0.2,11.0,228,1009.0,100,4.6,5.5,134.0,2.0,58.0,2.6
2025-09-14 15:00:00,2025,9,14,15,An Giang,Xã Giồng Riềng,9.9237413,105.2736878,76,Moderate,1,27.4,81,1.2,12.1,221,1008.6,100,4.7,5.7,127.0,1.6,61.0,2.7
2025-09-14 16:00:00,2025,9,14,16,An Giang,Xã Giồng Riềng,9.9237413,105.2736878,75,Moderate,1,27.7,80,0.1,7.3,237,1008.2,100,4.9,6.0,131.0,2.4,60.0,3.2
2025-09-14 17:00:00,2025,9,14,17,An Giang,Xã Giồng Riềng,9.9237413,105.2736878,74,Moderate,1,27.7,79,0.0,7.6,245,1008.4,100,5.2,6.1,151.0,5.6,52.0,4.3
2025-09-14 18:00:00,2025,9,14,18,An Giang,Xã Giồng Riềng,9.9237413,105.2736878,73,Moderate,1,26.7,86,0.0,3.5,215,1009.0,100,7.9,8.6,182.0,9.9,41.0,5.8
2025-09-14 19:00:00,2025,9,14,19,An Giang,Xã Giồng Riềng,9.9237413,105.2736878,72,Moderate,1,26.1,89,0.0,2.6,168,1009.9,100,14.8,15.9,218.0,11.9,37.0,7.0
2025-09-14 20:00:00,2025,9,14,20,An Giang,Xã Giồng Riềng,9.9237413,105.2736878,71,Moderate,1,25.8,94,0.0,4.9,147,1010.6,100,15.4,16.4,267.0,11.9,35.0,7.1
2025-09-14 21:00:00,2025,9,14,21,An Giang,Xã Giồng Riềng,9.9237413,105.2736878,70,Moderate,1,25.2,97,0.0,5.2,174,1011.1,100,15.4,16.4,320.0,12.0,33.0,7.2
2025-09-14 22:00:00,2025,9,14,22,An Giang,Xã Giồng Riềng,9.9237413,105.2736878,68,Moderate,1,24.9,98,0.0,3.4,183,1011.7,100,16.1,16.9,346.0,12.4,30.0,7.3
2025-09-14 23:00:00,2025,9,14,23,An Giang,Xã Giồng Riềng,9.9237413,105.2736878,67,Moderate,1,24.4,99,0.0,3.6,189,1011.4,100,17.9,18.8,321.0,13.5,26.0,7.2
2025-09-15 00:00:00,2025,9,15,0,An Giang,Xã Giồng Riềng,9.9237413,105.2736878,66,Moderate,1,24.1,99,0.0,4.2,200,1010.9,100,20.0,20.9,270.0,15.0,22.0,7.0
2025-09-15 01:00:00,2025,9,15,1,An Giang,Xã Giồng Riềng,9.9237413,105.2736878,64,Moderate,1,24.2,98,0.0,5.1,198,1010.3,100,19.9,20.7,231.0,16.1,19.0,6.9
2025-09-15 02:00:00,2025,9,15,2,An Giang,Xã Giồng Riềng,9.9237413,105.2736878,63,Moderate,1,24.0,97,0.0,4.2,192,1009.8,100,21.0,21.9,223.0,16.7,17.0,6.8
2025-09-15 03:00:00,2025,9,15,3,An Giang,Xã Giồng Riềng,9.9237413,105.2736878,61,Moderate,1,23.9,96,0.0,3.4,186,1009.6,100,21.1,21.9,227.0,17.0,16.0,6.7
2025-09-15 04:00:00,2025,9,15,4,An Giang,Xã Giồng Riềng,9.9237413,105.2736878,60,Moderate,1,23.8,97,0.0,2.7,148,1009.8,99,20.5,21.3,230.0,17.0,16.0,6.9
2025-09-15 05:00:00,2025,9,15,5,An Giang,Xã Giồng Riềng,9.9237413,105.2736878,58,Moderate,1,23.6,98,0.0,2.7,122,1010.1,100,22.1,22.9,229.0,17.0,16.0,7.6
2025-09-15 06:00:00,2025,9,15,6,An Giang,Xã Giồng Riềng,9.9237413,105.2736878,56,Moderate,1,23.8,98,0.0,2.9,133,1010.4,87,27.9,29.0,225.0,16.6,16.0,8.6
2025-09-15 07:00:00,2025,9,15,7,An Giang,Xã Giồng Riềng,9.9237413,105.2736878,54,Moderate,1,25.8,91,0.0,5.0,167,1010.7,6,26.0,26.9,215.0,15.3,18.0,8.5
2025-09-15 08:00:00,2025,9,15,8,An Giang,Xã Giồng Riềng,9.9237413,105.2736878,54,Moderate,1,27.5,85,0.0,4.0,170,1011.8,100,17.6,19.2,190.0,11.6,35.0,7.4
2025-09-15 09:00:00,2025,9,15,9,An Giang,Xã Giồng Riềng,9.9237413,105.2736878,54,Moderate,1,29.5,73,0.1,7.3,220,1011.7,100,12.3,14.6,158.0,6.4,58.0,6.0
2025-09-15 10:00:00,2025,9,15,10,An Giang,Xã Giồng Riềng,9.9237413,105.2736878,54,Moderate,1,30.5,68,0.1,9.7,242,1011.6,100,9.9,12.1,133.0,2.5,75.0,4.6
2025-09-15 11:00:00,2025,9,15,11,An Giang,Xã Giồng Riềng,9.9237413,105.2736878,55,Moderate,1,30.9,68,0.1,10.4,250,1011.5,100,8.3,10.3,123.0,1.1,78.0,3.5
2025-09-15 12:00:00,2025,9,15,12,An Giang,Xã Giồng Riềng,9.9237413,105.2736878,55,Moderate,1,31.0,69,0.3,10.9,248,1010.5,99,7.1,9.1,121.0,0.9,75.0,2.5
2025-09-15 13:00:00,2025,9,15,13,An Giang,Xã Giồng Riềng,9.9237413,105.2736878,55,Moderate,1,28.4,76,5.1,16.1,235,1009.9,99,6.4,8.2,122.0,1.0,70.0,1.9
2025-09-15 14:00:00,2025,9,15,14,An Giang,Xã Giồng Riềng,9.9237413,105.2736878,55,Moderate,1,28.5,78,0.4,9.6,236,1008.7,81,5.6,7.0,122.0,1.0,66.0,1.7
2025-09-15 15:00:00,2025,9,15,15,An Giang,Xã Giồng Riềng,9.9237413,105.2736878,55,Moderate,1,29.3,75,0.1,8.5,235,1007.8,99,5.3,6.6,125.0,1.4,62.0,1.8
2025-09-15 16:00:00,2025,9,15,16,An Giang,Xã Giồng Riềng,9.9237413,105.2736878,55,Moderate,1,27.9,79,0.1,7.0,209,1007.5,99,5.6,7.1,139.0,2.3,57.0,2.2
2025-09-15 17:00:00,2025,9,15,17,An Giang,Xã Giồng Riềng,9.9237413,105.2736878,55,Moderate,1,28.3,76,0.0,4.6,219,1008.0,100,6.3,7.6,170.0,4.0,52.0,2.8
2025-09-15 18:00:00,2025,9,15,18,An Giang,Xã Giồng Riềng,9.9237413,105.2736878,56,Moderate,1,27.1,85,0.0,3.1,180,1008.8,100,7.4,8.6,212.0,6.3,47.0,3.7
2025-09-15 19:00:00,2025,9,15,19,An Giang,Xã Giồng Riềng,9.9237413,105.2736878,55,Moderate,1,26.8,88,0.0,2.3,141,1010.0,100,9.5,10.7,249.0,7.8,43.0,4.5
2025-09-15 20:00:00,2025,9,15,20,An Giang,Xã Giồng Riềng,9.9237413,105.2736878,55,Moderate,1,26.6,93,0.0,5.4,200,1010.7,100,10.4,11.4,280.0,8.1,42.0,4.9
2025-09-15 21:00:00,2025,9,15,21,An Giang,Xã Giồng Riềng,9.9237413,105.2736878,55,Moderate,1,26.6,91,0.0,7.3,211,1011.3,99,11.6,12.7,306.0,8.7,40.0,5.5
2025-09-15 22:00:00,2025,9,15,22,An Giang,Xã Giồng Riềng,9.9237413,105.2736878,54,Moderate,1,26.2,91,0.0,5.5,229,1011.7,100,11.9,12.9,319.0,9.2,38.0,5.8
2025-09-15 23:00:00,2025,9,15,23,An Giang,Xã Giồng Riềng,9.9237413,105.2736878,54,Moderate,1,26.3,90,0.0,4.8,217,1011.6,100,11.7,12.7,312.0,9.9,36.0,5.7
2025-09-16 00:00:00,2025,9,16,0,An Giang,Xã Giồng Riềng,9.9237413,105.2736878,53,Moderate,1,26.2,90,0.0,6.8,202,1011.1,100,11.7,12.7,292.0,10.7,34.0,5.4
2025-09-16 01:00:00,2025,9,16,1,An Giang,Xã Giồng Riềng,9.9237413,105.2736878,53,Moderate,1,25.8,93,0.0,5.5,163,1010.5,100,13.1,14.1,270.0,11.0,33.0,5.0
2025-09-16 02:00:00,2025,9,16,2,An Giang,Xã Giồng Riềng,9.9237413,105.2736878,52,Moderate,1,25.6,93,0.0,6.7,186,1009.6,100,13.2,14.1,247.0,10.5,34.0,4.5
2025-09-16 03:00:00,2025,9,16,3,An Giang,Xã Giồng Riềng,9.9237413,105.2736878,51,Moderate,1,24.9,96,0.0,3.6,207,1009.0,98,11.3,12.2,221.0,9.4,35.0,3.9
2025-09-16 04:00:00,2025,9,16,4,An Giang,Xã Giồng Riềng,9.9237413,105.2736878,50,Good,0,24.6,98,0.0,6.2,216,1008.8,100,10.3,11.2,202.0,8.5,37.0,3.6
2025-09-16 05:00:00,2025,9,16,5,An Giang,Xã Giồng Riềng,9.9237413,105.2736878,49,Good,0,24.6,98,0.0,8.9,234,1009.4,100,9.7,10.6,197.0,8.0,37.0,3.9
2025-09-16 06:00:00,2025,9,16,6,An Giang,Xã Giồng Riềng,9.9237413,105.2736878,47,Good,0,24.0,95,1.7,10.5,297,1010.0,98,9.5,10.4,198.0,7.7,38.0,4.4
2025-09-16 07:00:00,2025,9,16,7,An Giang,Xã Giồng Riềng,9.9237413,105.2736878,44,Good,0,25.1,93,0.0,8.4,280,1010.4,44,9.9,10.3,194.0,8.0,38.0,5.1
2025-09-16 08:00:00,2025,9,16,8,An Giang,Xã Giồng Riềng,9.9237413,105.2736878,41,Good,0,26.3,90,0.3,6.9,265,1010.9,96,7.9,8.4,176.0,6.1,47.0,4.4
2025-09-16 09:00:00,2025,9,16,9,An Giang,Xã Giồng Riềng,9.9237413,105.2736878,39,Good,0,28.7,79,0.0,10.4,259,1011.1,99,6.3,6.8,152.0,3.5,60.0,3.4
2025-09-16 10:00:00,2025,9,16,10,An Giang,Xã Giồng Riềng,9.9237413,105.2736878,38,Good,0,30.4,69,0.0,14.2,261,1011.1,100,5.8,6.2,134.0,1.6,70.0,2.6
2025-09-16 11:00:00,2025,9,16,11,An Giang,Xã Giồng Riềng,9.9237413,105.2736878,37,Good,0,31.1,67,0.0,16.1,266,1010.8,100,4.8,5.1,127.0,0.9,74.0,2.2
2025-09-16 12:00:00,2025,9,16,12,An Giang,Xã Giồng Riềng,9.9237413,105.2736878,37,Good,0,30.5,72,0.2,16.1,275,1009.8,100,4.6,5.0,125.0,0.9,75.0,1.9
2025-09-16 13:00:00,2025,9,16,13,An Giang,Xã Giồng Riềng,9.9237413,105.2736878,36,Good,0,27.9,80,2.8,16.0,258,1009.1,100,4.7,5.1,125.0,1.0,74.0,1.8
2025-09-16 14:00:00,2025,9,16,14,An Giang,Xã Giồng Riềng,9.9237413,105.2736878,36,Good,0,29.0,76,0.1,17.0,261,1007.8,100,5.0,5.4,122.0,1.1,72.0,1.8
2025-09-16 15:00:00,2025,9,16,15,An Giang,Xã Giồng Riềng,9.9237413,105.2736878,36,Good,0,29.5,73,0.0,15.9,257,1007.2,100,5.0,5.8,120.0,1.4,69.0,1.9
2025-09-16 16:00:00,2025,9,16,16,An Giang,Xã Giồng Riềng,9.9237413,105.2736878,36,Good,0,29.2,73,0.0,13.8,279,1007.2,100,5.2,6.1,132.0,2.1,65.0,2.2
2025-09-16 17:00:00,2025,9,16,17,An Giang,Xã Giồng Riềng,9.9237413,105.2736878,36,Good,0,28.2,80,0.0,8.2,292,1007.6,100,5.4,6.2,170.0,3.5,60.0,2.8
2025-09-16 18:00:00,2025,9,16,18,An Giang,Xã Giồng Riềng,9.9237413,105.2736878,36,Good,0,27.4,87,0.0,2.5,270,1008.0,100,6.7,7.4,221.0,5.3,54.0,3.6
2025-09-16 19:00:00,2025,9,16,19,An Giang,Xã Giồng Riềng,9.9237413,105.2736878,36,Good,0,26.8,89,0.0,2.9,248,1008.2,100,14.9,15.7,257.0,12.3,41.0,7.4
2025-09-16 20:00:00,2025,9,16,20,An Giang,Xã Giồng Riềng,9.9237413,105.2736878,37,Good,0,27.1,86,0.0,0.7,104,1009.2,100,15.9,16.5,268.0,12.0,41.0,7.8
2025-09-16 21:00:00,2025,9,16,21,An Giang,Xã Giồng Riềng,9.9237413,105.2736878,38,Good,0,26.8,88,0.0,0.5,90,1010.0,100,15.1,15.4,263.0,11.7,40.0,8.4
2025-09-16 22:00:00,2025,9,16,22,An Giang,Xã Giồng Riềng,9.9237413,105.2736878,38,Good,0,26.5,90,0.0,2.2,132,1010.7,100,15.0,15.3,249.0,11.7,39.0,8.6
2025-09-16 23:00:00,2025,9,16,23,An Giang,Xã Giồng Riềng,9.9237413,105.2736878,39,Good,0,26.4,89,0.0,4.2,187,1010.5,100,16.6,16.9,219.0,12.6,36.0,8.3
2025-09-17 00:00:00,2025,9,17,0,An Giang,Xã Giồng Riềng,9.9237413,105.2736878,40,Good,0,26.4,89,0.0,5.8,210,1009.6,99,19.0,19.6,179.0,13.9,32.0,7.7
2025-09-17 01:00:00,2025,9,17,1,An Giang,Xã Giồng Riềng,9.9237413,105.2736878,41,Good,0,25.9,91,0.0,5.2,221,1008.9,100,18.3,19.0,149.0,14.1,31.0,6.9
2025-09-17 02:00:00,2025,9,17,2,An Giang,Xã Giồng Riềng,9.9237413,105.2736878,42,Good,0,26.1,90,0.0,6.9,229,1008.3,100,14.0,14.6,136.0,12.2,34.0,5.7
2025-09-17 03:00:00,2025,9,17,3,An Giang,Xã Giồng Riềng,9.9237413,105.2736878,42,Good,0,26.1,91,0.0,7.0,226,1007.8,58,11.0,11.6,132.0,9.2,39.0,4.4
2025-09-17 04:00:00,2025,9,17,4,An Giang,Xã Giồng Riềng,9.9237413,105.2736878,42,Good,0,25.6,93,0.0,5.9,230,1007.5,53,9.5,10.3,134.0,6.8,44.0,3.3
2025-09-17 05:00:00,2025,9,17,5,An Giang,Xã Giồng Riềng,9.9237413,105.2736878,42,Good,0,25.7,92,0.0,8.0,242,1007.9,95,7.8,8.6,146.0,5.6,46.0,2.8
2025-09-17 06:00:00,2025,9,17,6,An Giang,Xã Giồng Riềng,9.9237413,105.2736878,41,Good,0,25.0,92,0.4,17.9,279,1009.2,99,4.9,5.6,165.0,4.8,48.0,2.6
2025-09-17 07:00:00,2025,9,17,7,An Giang,Xã Giồng Riềng,9.9237413,105.2736878,41,Good,0,25.1,90,0.5,12.3,266,1009.7,99,7.7,8.6,173.0,4.5,49.0,3.1
2025-09-17 08:00:00,2025,9,17,8,An Giang,Xã Giồng Riềng,9.9237413,105.2736878,40,Good,0,27.0,82,1.7,11.9,273,1009.8,99,5.4,6.4,161.0,3.5,55.0,2.8
2025-09-17 09:00:00,2025,9,17,9,An Giang,Xã Giồng Riềng,9.9237413,105.2736878,40,Good,0,28.5,76,0.0,17.2,265,1010.1,99,4.1,4.9,139.0,2.1,63.0,2.5
2025-09-17 10:00:00,2025,9,17,10,An Giang,Xã Giồng Riềng,9.9237413,105.2736878,39,Good,0,29.7,73,0.0,16.0,267,1010.1,100,3.6,4.4,122.0,1.2,68.0,2.2
2025-09-17 11:00:00,2025,9,17,11,An Giang,Xã Giồng Riềng,9.9237413,105.2736878,39,Good,0,29.3,74,0.2,19.7,266,1010.0,100,3.2,3.9,116.0,1.2,68.0,2.1
2025-09-17 12:00:00,2025,9,17,12,An Giang,Xã Giồng Riềng,9.9237413,105.2736878,39,Good,0,28.9,77,3.7,21.9,265,1009.2,100,3.2,3.9,116.0,1.8,64.0,2.1
2025-09-17 13:00:00,2025,9,17,13,An Giang,Xã Giồng Riềng,9.9237413,105.2736878,38,Good,0,28.0,79,0.5,17.8,276,1007.6,100,3.3,4.0,115.0,2.3,61.0,2.1
2025-09-17 14:00:00,2025,9,17,14,An Giang,Xã Giồng Riềng,9.9237413,105.2736878,38,Good,0,28.8,73,0.2,22.9,272,1007.0,99,3.7,4.4,112.0,2.6,59.0,2.1
2025-09-17 15:00:00,2025,9,17,15,An Giang,Xã Giồng Riềng,9.9237413,105.2736878,38,Good,0,28.8,74,0.1,20.0,269,1006.6,100,4.1,4.8,109.0,2.8,58.0,2.2
2025-09-17 16:00:00,2025,9,17,16,An Giang,Xã Giồng Riềng,9.9237413,105.2736878,38,Good,0,29.0,73,0.0,17.9,267,1006.0,100,4.6,5.4,110.0,3.2,56.0,2.4
2025-09-17 17:00:00,2025,9,17,17,An Giang,Xã Giồng Riềng,9.9237413,105.2736878,38,Good,0,28.4,75,0.0,14.8,264,1005.9,100,5.0,5.9,120.0,3.9,54.0,2.7
2025-09-17 18:00:00,2025,9,17,18,An Giang,Xã Giồng Riềng,9.9237413,105.2736878,38,Good,0,27.7,78,0.0,11.9,259,1006.6,100,5.3,6.2,134.0,4.7,51.0,3.0
2025-09-17 19:00:00,2025,9,17,19,An Giang,Xã Giồng Riềng,9.9237413,105.2736878,37,Good,0,27.2,80,0.0,10.0,256,1007.7,100,8.5,10.2,143.0,5.1,50.0,3.3
2025-09-17 20:00:00,2025,9,17,20,An Giang,Xã Giồng Riềng,9.9237413,105.2736878,36,Good,0,25.6,88,0.0,13.4,250,1008.8,100,9.7,11.3,143.0,5.4,49.0,3.6
2025-09-17 21:00:00,2025,9,17,21,An Giang,Xã Giồng Riềng,9.9237413,105.2736878,35,Good,0,25.5,90,0.0,12.6,241,1009.1,100,9.9,11.6,138.0,5.7,47.0,4.0
2025-09-17 22:00:00,2025,9,17,22,An Giang,Xã Giồng Riềng,9.9237413,105.2736878,34,Good,0,25.6,91,0.0,11.4,244,1009.4,100,10.5,12.0,132.0,5.9,46.0,4.2
2025-09-17 23:00:00,2025,9,17,23,An Giang,Xã Giồng Riềng,9.9237413,105.2736878,33,Good,0,26.1,90,0.0,11.8,245,1009.5,100,11.0,12.5,126.0,5.7,46.0,3.9
2025-09-18 00:00:00,2025,9,18,0,An Giang,Xã Giồng Riềng,9.9237413,105.2736878,33,Good,0,26.8,85,0.0,11.7,257,1009.0,100,9.7,11.2,119.0,5.2,46.0,3.3
2025-09-18 01:00:00,2025,9,18,1,An Giang,Xã Giồng Riềng,9.9237413,105.2736878,31,Good,0,26.9,84,0.0,10.6,270,1007.8,98,8.5,10.0,114.0,4.9,45.0,2.8
2025-09-18 02:00:00,2025,9,18,2,An Giang,Xã Giồng Riềng,9.9237413,105.2736878,29,Good,0,26.1,89,0.0,8.0,264,1006.7,93,8.1,9.6,112.0,4.9,44.0,2.6
2025-09-18 03:00:00,2025,9,18,3,An Giang,Xã Giồng Riềng,9.9237413,105.2736878,28,Good,0,26.1,89,0.0,9.2,268,1005.8,96,7.6,9.1,111.0,5.0,42.0,2.6
2025-09-18 04:00:00,2025,9,18,4,An Giang,Xã Giồng Riềng,9.9237413,105.2736878,28,Good,0,26.0,89,0.0,6.5,272,1006.0,100,7.3,8.6,112.0,5.0,40.0,2.7
2025-09-18 05:00:00,2025,9,18,5,An Giang,Xã Giồng Riềng,9.9237413,105.2736878,27,Good,0,24.3,97,1.0,16.5,232,1007.7,100,7.3,8.4,116.0,5.0,38.0,2.9
2025-09-18 06:00:00,2025,9,18,6,An Giang,Xã Giồng Riềng,9.9237413,105.2736878,27,Good,0,24.1,96,2.6,7.4,231,1007.9,100,6.9,7.9,121.0,4.9,37.0,3.1
2025-09-18 07:00:00,2025,9,18,7,An Giang,Xã Giồng Riềng,9.9237413,105.2736878,27,Good,0,25.5,92,0.1,11.8,224,1009.1,100,6.7,7.7,124.0,5.3,39.0,3.3
2025-09-18 08:00:00,2025,9,18,8,An Giang,Xã Giồng Riềng,9.9237413,105.2736878,27,Good,0,26.8,85,6.0,14.7,241,1009.5,100,4.5,5.2,123.0,4.3,45.0,3.5
2025-09-18 09:00:00,2025,9,18,9,An Giang,Xã Giồng Riềng,9.9237413,105.2736878,27,Good,0,27.1,83,2.5,9.6,227,1009.5,67,4.6,5.2,119.0,3.0,52.0,3.8
2025-09-18 10:00:00,2025,9,18,10,An Giang,Xã Giồng Riềng,9.9237413,105.2736878,27,Good,0,29.8,76,0.1,15.8,253,1009.3,100,4.4,5.0,115.0,1.9,59.0,3.9
2025-09-18 11:00:00,2025,9,18,11,An Giang,Xã Giồng Riềng,9.9237413,105.2736878,27,Good,0,27.0,84,3.3,18.1,265,1009.7,88,3.9,4.3,110.0,1.4,64.0,3.7
2025-09-18 12:00:00,2025,9,18,12,An Giang,Xã Giồng Riềng,9.9237413,105.2736878,27,Good,0,28.2,81,0.6,16.9,281,1008.1,88,4.0,4.6,105.0,1.1,68.0,3.3
2025-09-18 13:00:00,2025,9,18,13,An Giang,Xã Giồng Riềng,9.9237413,105.2736878,28,Good,0,29.2,75,0.3,22.1,264,1006.9,71,4.3,5.2,102.0,1.2,68.0,2.9
2025-09-18 14:00:00,2025,9,18,14,An Giang,Xã Giồng Riềng,9.9237413,105.2736878,28,Good,0,30.1,72,0.3,24.5,271,1006.0,80,4.0,4.8,102.0,1.6,63.0,2.6
2025-09-18 15:00:00,2025,9,18,15,An Giang,Xã Giồng Riềng,9.9237413,105.2736878,28,Good,0,29.0,74,0.9,21.1,273,1006.0,95,3.7,4.5,104.0,2.3,55.0,2.2
2025-09-18 16:00:00,2025,9,18,16,An Giang,Xã Giồng Riềng,9.9237413,105.2736878,28,Good,0,28.5,78,1.2,18.1,265,1006.1,100,3.3,3.8,107.0,3.0,48.0,2.1
2025-09-18 17:00:00,2025,9,18,17,An Giang,Xã Giồng Riềng,9.9237413,105.2736878,28,Good,0,25.5,86,1.0,19.1,245,1007.1,100,3.4,3.8,114.0,3.6,44.0,2.3
2025-09-18 18:00:00,2025,9,18,18,An Giang,Xã Giồng Riềng,9.9237413,105.2736878,27,Good,0,25.3,92,0.3,10.5,243,1007.8,100,3.8,4.2,122.0,4.2,41.0,2.8
2025-09-18 19:00:00,2025,9,18,19,An Giang,Xã Giồng Riềng,9.9237413,105.2736878,27,Good,0,25.6,92,0.1,11.8,253,1008.1,100,4.6,5.2,127.0,4.5,38.0,3.0
2025-09-18 20:00:00,2025,9,18,20,An Giang,Xã Giồng Riềng,9.9237413,105.2736878,26,Good,0,26.6,83,0.1,13.6,255,1009.1,100,4.9,5.5,124.0,4.5,37.0,2.9
2025-09-18 21:00:00,2025,9,18,21,An Giang,Xã Giồng Riềng,9.9237413,105.2736878,26,Good,0,26.4,85,0.1,16.3,263,1010.3,100,5.3,5.9,118.0,4.4,36.0,2.8
2025-09-18 22:00:00,2025,9,18,22,An Giang,Xã Giồng Riềng,9.9237413,105.2736878,25,Good,0,25.9,88,0.2,12.9,261,1010.9,100,4.7,5.3,112.0,4.2,35.0,2.6
2025-09-18 23:00:00,2025,9,18,23,An Giang,Xã Giồng Riềng,9.9237413,105.2736878,24,Good,0,25.8,91,0.2,15.1,258,1010.4,100,3.9,4.3,108.0,3.9,35.0,2.2
2025-09-19 00:00:00,2025,9,19,0,An Giang,Xã Giồng Riềng,9.9237413,105.2736878,22,Good,0,25.5,92,0.1,14.0,258,1009.9,100,3.1,3.5,104.0,3.5,36.0,1.8
2025-09-19 01:00:00,2025,9,19,1,An Giang,Xã Giồng Riềng,9.9237413,105.2736878,21,Good,0,25.5,90,0.1,17.3,249,1009.4,100,2.7,3.0,101.0,3.1,37.0,1.5
2025-09-19 02:00:00,2025,9,19,2,An Giang,Xã Giồng Riềng,9.9237413,105.2736878,20,Good,0,24.9,93,0.3,13.7,248,1008.8,100,2.3,2.6,98.0,2.8,38.0,1.4
2025-09-19 03:00:00,2025,9,19,3,An Giang,Xã Giồng Riềng,9.9237413,105.2736878,19,Good,0,25.1,92,0.1,15.5,260,1008.2,100,2.1,2.3,95.0,2.5,39.0,1.3
2025-09-19 04:00:00,2025,9,19,4,An Giang,Xã Giồng Riềng,9.9237413,105.2736878,18,Good,0,25.0,94,0.2,15.5,250,1008.4,100,2.0,2.1,97.0,2.4,40.0,1.4
2025-09-19 05:00:00,2025,9,19,5,An Giang,Xã Giồng Riềng,9.9237413,105.2736878,17,Good,0,24.8,94,0.1,14.1,243,1008.8,100,2.1,2.2,107.0,2.7,38.0,1.7
2025-09-19 06:00:00,2025,9,19,6,An Giang,Xã Giồng Riềng,9.9237413,105.2736878,17,Good,0,24.7,93,0.2,16.0,256,1009.7,100,2.5,2.6,120.0,3.1,36.0,2.0
2025-09-19 07:00:00,2025,9,19,7,An Giang,Xã Giồng Riềng,9.9237413,105.2736878,17,Good,0,25.3,92,0.2,15.8,244,1010.3,100,5.1,5.8,130.0,4.2,33.0,2.8
2025-09-19 08:00:00,2025,9,19,8,An Giang,Xã Giồng Riềng,9.9237413,105.2736878,17,Good,0,26.6,81,0.0,16.2,253,1011.0,100,5.1,6.0,132.0,3.5,37.0,2.5
2025-09-19 09:00:00,2025,9,19,9,An Giang,Xã Giồng Riềng,9.9237413,105.2736878,17,Good,0,28.4,74,0.0,13.5,241,1011.6,100,5.5,6.8,130.0,2.5,43.0,2.2
2025-09-19 10:00:00,2025,9,19,10,An Giang,Xã Giồng Riềng,9.9237413,105.2736878,18,Good,0,28.2,68,0.2,17.8,238,1011.7,100,6.1,7.9,128.0,1.7,48.0,1.9
2025-09-19 11:00:00,2025,9,19,11,An Giang,Xã Giồng Riềng,9.9237413,105.2736878,18,Good,0,27.6,77,0.5,16.3,235,1011.4,100,6.6,8.7,126.0,1.3,51.0,1.7
2025-09-19 12:00:00,2025,9,19,12,An Giang,Xã Giồng Riềng,9.9237413,105.2736878,19,Good,0,26.8,86,0.9,15.6,236,1010.7,100,6.8,9.0,124.0,1.1,54.0,1.6
2025-09-19 13:00:00,2025,9,19,13,An Giang,Xã Giồng Riềng,9.9237413,105.2736878,20,Good,0,26.6,90,2.0,15.2,240,1009.6,100,6.8,9.1,121.0,1.0,56.0,1.5
2025-09-19 14:00:00,2025,9,19,14,An Giang,Xã Giồng Riềng,9.9237413,105.2736878,21,Good,0,29.3,71,0.5,21.0,246,1008.4,41,7.0,9.3,115.0,0.9,58.0,1.4
2025-09-19 15:00:00,2025,9,19,15,An Giang,Xã Giồng Riềng,9.9237413,105.2736878,22,Good,0,29.8,65,0.1,21.3,249,1007.8,100,7.5,10.1,109.0,1.0,59.0,1.4
2025-09-19 16:00:00,2025,9,19,16,An Giang,Xã Giồng Riềng,9.9237413,105.2736878,24,Good,0,28.9,67,0.0,17.4,253,1007.4,100,8.0,10.7,108.0,1.4,59.0,1.6
2025-09-19 17:00:00,2025,9,19,17,An Giang,Xã Giồng Riềng,9.9237413,105.2736878,25,Good,0,28.4,72,0.0,14.0,262,1007.5,100,8.4,11.2,118.0,2.5,56.0,2.1
2025-09-19 18:00:00,2025,9,19,18,An Giang,Xã Giồng Riềng,9.9237413,105.2736878,26,Good,0,27.5,77,0.0,12.3,260,1008.1,100,9.3,11.8,134.0,4.1,51.0,2.8
2025-09-19 19:00:00,2025,9,19,19,An Giang,Xã Giồng Riềng,9.9237413,105.2736878,26,Good,0,26.8,80,0.0,9.8,256,1008.7,100,13.3,16.5,149.0,6.6,42.0,4.1
2025-09-19 20:00:00,2025,9,19,20,An Giang,Xã Giồng Riềng,9.9237413,105.2736878,25,Good,0,27.0,79,0.0,7.1,249,1009.1,98,14.3,17.2,161.0,6.8,40.0,4.4
2025-09-19 21:00:00,2025,9,19,21,An Giang,Xã Giồng Riềng,9.9237413,105.2736878,24,Good,0,26.5,82,0.0,4.8,245,1010.1,100,14.1,16.9,172.0,7.0,38.0,4.7
2025-09-19 22:00:00,2025,9,19,22,An Giang,Xã Giồng Riềng,9.9237413,105.2736878,26,Good,0,26.1,84,0.0,4.2,216,1010.5,100,13.2,16.1,178.0,7.1,36.0,4.8
2025-09-19 23:00:00,2025,9,19,23,An Giang,Xã Giồng Riềng,9.9237413,105.2736878,27,Good,0,25.7,86,0.0,5.7,193,1010.5,92,12.7,15.4,179.0,6.9,35.0,4.3
2025-09-20 00:00:00,2025,9,20,0,An Giang,Xã Giồng Riềng,9.9237413,105.2736878,29,Good,0,25.4,88,0.0,5.9,211,1010.2,100,12.0,14.6,175.0,6.6,34.0,3.6
2025-09-20 01:00:00,2025,9,20,1,An Giang,Xã Giồng Riềng,9.9237413,105.2736878,30,Good,0,25.6,87,0.0,6.7,243,1009.7,100,11.5,14.0,167.0,6.4,33.0,3.0
2025-09-20 02:00:00,2025,9,20,2,An Giang,Xã Giồng Riềng,9.9237413,105.2736878,32,Good,0,25.6,87,0.0,5.9,247,1009.5,100,10.7,13.2,151.0,6.3,32.0,2.8
2025-09-20 03:00:00,2025,9,20,3,An Giang,Xã Giồng Riềng,9.9237413,105.2736878,33,Good,0,25.7,87,0.0,6.2,244,1009.2,100,10.4,12.8,132.0,6.3,32.0,2.7
2025-09-20 04:00:00,2025,9,20,4,An Giang,Xã Giồng Riềng,9.9237413,105.2736878,35,Good,0,25.5,88,0.0,5.5,232,1009.2,100,10.6,13.0,122.0,6.1,32.0,2.7
2025-09-20 05:00:00,2025,9,20,5,An Giang,Xã Giồng Riềng,9.9237413,105.2736878,36,Good,0,24.8,93,0.0,4.1,195,1009.4,92,10.3,12.6,131.0,5.5,34.0,2.8
2025-09-20 06:00:00,2025,9,20,6,An Giang,Xã Giồng Riềng,9.9237413,105.2736878,38,Good,0,24.5,94,0.0,5.6,207,1010.0,55,9.3,11.3,150.0,4.7,36.0,2.9
2025-09-20 07:00:00,2025,9,20,7,An Giang,Xã Giồng Riềng,9.9237413,105.2736878,39,Good,0,26.6,87,0.0,6.2,218,1010.3,35,15.9,18.6,159.0,7.3,29.0,4.7
2025-09-20 08:00:00,2025,9,20,8,An Giang,Xã Giồng Riềng,9.9237413,105.2736878,41,Good,0,28.5,81,0.0,7.5,259,1010.6,95,12.1,15.9,149.0,5.5,39.0,3.9
2025-09-20 09:00:00,2025,9,20,9,An Giang,Xã Giồng Riềng,9.9237413,105.2736878,42,Good,0,29.7,72,0.0,12.2,262,1010.4,98,10.3,14.3,131.0,3.0,52.0,2.8
2025-09-20 10:00:00,2025,9,20,10,An Giang,Xã Giồng Riềng,9.9237413,105.2736878,43,Good,0,31.4,63,0.0,15.6,262,1010.2,100,9.3,13.0,116.0,1.1,62.0,2.0
2025-09-20 11:00:00,2025,9,20,11,An Giang,Xã Giồng Riềng,9.9237413,105.2736878,43,Good,0,32.0,59,0.1,18.3,263,1009.9,100,8.3,11.6,111.0,0.5,65.0,1.6
2025-09-20 12:00:00,2025,9,20,12,An Giang,Xã Giồng Riềng,9.9237413,105.2736878,44,Good,0,32.3,58,0.0,20.1,263,1009.2,100,7.6,10.6,110.0,0.6,64.0,1.5
2025-09-20 13:00:00,2025,9,20,13,An Giang,Xã Giồng Riềng,9.9237413,105.2736878,44,Good,0,32.3,58,0.0,20.8,261,1008.3,99,7.0,9.7,110.0,0.8,63.0,1.4
2025-09-20 14:00:00,2025,9,20,14,An Giang,Xã Giồng Riềng,9.9237413,105.2736878,44,Good,0,31.8,59,0.0,21.5,258,1007.3,99,6.7,9.3,109.0,0.9,61.0,1.3
2025-09-20 15:00:00,2025,9,20,15,An Giang,Xã Giồng Riềng,9.9237413,105.2736878,44,Good,0,31.2,62,0.0,20.2,250,1006.4,74,6.6,9.1,110.0,1.0,59.0,1.3
2025-09-20 16:00:00,2025,9,20,16,An Giang,Xã Giồng Riềng,9.9237413,105.2736878,44,Good,0,30.6,63,0.0,20.7,253,1006.3,65,6.6,8.9,115.0,1.5,56.0,1.5
2025-09-20 17:00:00,2025,9,20,17,An Giang,Xã Giồng Riềng,9.9237413,105.2736878,43,Good,0,29.4,68,0.0,17.8,252,1006.6,67,6.9,9.3,126.0,2.5,52.0,2.0
2025-09-20 18:00:00,2025,9,20,18,An Giang,Xã Giồng Riềng,9.9237413,105.2736878,43,Good,0,28.6,70,0.0,12.6,253,1007.3,81,7.6,9.7,141.0,3.7,47.0,2.6
2025-09-20 19:00:00,2025,9,20,19,An Giang,Xã Giồng Riềng,9.9237413,105.2736878,43,Good,0,28.1,72,0.0,10.0,252,1007.8,80,10.5,13.4,157.0,5.3,42.0,3.5
2025-09-20 20:00:00,2025,9,20,20,An Giang,Xã Giồng Riềng,9.9237413,105.2736878,42,Good,0,27.2,78,0.0,7.3,245,1008.9,88,11.7,14.3,176.0,5.9,40.0,3.9
2025-09-20 21:00:00,2025,9,20,21,An Giang,Xã Giồng Riềng,9.9237413,105.2736878,42,Good,0,26.7,81,0.0,5.8,240,1009.4,51,12.4,14.9,195.0,6.7,37.0,4.5
2025-09-20 22:00:00,2025,9,20,22,An Giang,Xã Giồng Riềng,9.9237413,105.2736878,42,Good,0,26.2,85,0.0,4.6,231,1009.8,98,12.7,15.2,204.0,7.3,35.0,4.8
2025-09-20 23:00:00,2025,9,20,23,An Giang,Xã Giồng Riềng,9.9237413,105.2736878,42,Good,0,25.9,87,0.0,5.3,215,1009.8,54,13.1,15.5,194.0,7.7,33.0,4.5
2025-09-21 00:00:00,2025,9,21,0,An Giang,Xã Giồng Riềng,9.9237413,105.2736878,42,Good,0,25.6,88,0.0,6.5,204,1009.5,43,12.8,15.3,173.0,7.8,32.0,4.0
2025-09-21 01:00:00,2025,9,21,1,An Giang,Xã Giồng Riềng,9.9237413,105.2736878,42,Good,0,25.5,88,0.0,7.4,212,1008.7,100,12.6,15.0,155.0,7.7,32.0,3.5
2025-09-21 02:00:00,2025,9,21,2,An Giang,Xã Giồng Riềng,9.9237413,105.2736878,42,Good,0,25.4,89,0.0,7.5,217,1008.2,100,11.8,14.1,143.0,7.1,33.0,3.1
2025-09-21 03:00:00,2025,9,21,3,An Giang,Xã Giồng Riềng,9.9237413,105.2736878,42,Good,0,25.2,90,0.0,7.4,219,1007.8,100,10.8,13.2,133.0,6.3,34.0,2.7
2025-09-21 04:00:00,2025,9,21,4,An Giang,Xã Giồng Riềng,9.9237413,105.2736878,42,Good,0,25.2,91,0.0,8.2,220,1007.7,94,10.1,12.4,128.0,5.4,36.0,2.5
2025-09-21 05:00:00,2025,9,21,5,An Giang,Xã Giồng Riềng,9.9237413,105.2736878,42,Good,0,25.3,91,0.0,7.8,212,1007.9,57,9.7,12.0,131.0,4.7,38.0,2.5
2025-09-21 06:00:00,2025,9,21,6,An Giang,Xã Giồng Riềng,9.9237413,105.2736878,42,Good,0,25.4,92,0.0,7.4,209,1008.4,19,9.6,11.9,137.0,4.0,40.0,2.7
2025-09-21 07:00:00,2025,9,21,7,An Giang,Xã Giồng Riềng,9.9237413,105.2736878,42,Good,0,27.2,86,0.0,7.5,215,1008.9,83,10.6,12.6,140.0,5.1,34.0,3.7
2025-09-21 08:00:00,2025,9,21,8,An Giang,Xã Giồng Riềng,9.9237413,105.2736878,41,Good,0,29.5,75,0.0,12.0,251,1009.5,52,8.6,11.5,133.0,3.9,41.0,3.1
2025-09-21 09:00:00,2025,9,21,9,An Giang,Xã Giồng Riềng,9.9237413,105.2736878,41,Good,0,30.9,65,0.0,19.2,263,1009.9,17,7.7,10.7,122.0,2.2,51.0,2.4
2025-09-21 10:00:00,2025,9,21,10,An Giang,Xã Giồng Riềng,9.9237413,105.2736878,40,Good,0,31.5,63,0.0,21.7,265,1009.8,64,7.4,10.4,113.0,1.0,58.0,1.8
2025-09-21 11:00:00,2025,9,21,11,An Giang,Xã Giồng Riềng,9.9237413,105.2736878,40,Good,0,32.0,61,0.0,22.7,267,1009.4,95,7.2,10.1,110.0,0.6,61.0,1.6
2025-09-21 12:00:00,2025,9,21,12,An Giang,Xã Giồng Riềng,9.9237413,105.2736878,40,Good,0,32.0,59,0.0,23.8,270,1008.5,99,7.2,10.0,109.0,0.7,63.0,1.5
2025-09-21 13:00:00,2025,9,21,13,An Giang,Xã Giồng Riềng,9.9237413,105.2736878,40,Good,0,31.8,60,0.0,23.8,266,1006.8,100,7.2,10.0,109.0,0.8,63.0,1.5
2025-09-21 14:00:00,2025,9,21,14,An Giang,Xã Giồng Riềng,9.9237413,105.2736878,40,Good,0,31.0,63,0.0,24.6,261,1005.8,99,7.1,9.8,109.0,0.8,62.0,1.4
2025-09-21 15:00:00,2025,9,21,15,An Giang,Xã Giồng Riềng,9.9237413,105.2736878,40,Good,0,30.2,68,0.3,22.4,256,1005.6,100,6.9,9.5,111.0,1.0,60.0,1.4
2025-09-21 16:00:00,2025,9,21,16,An Giang,Xã Giồng Riềng,9.9237413,105.2736878,40,Good,0,30.0,67,0.0,20.6,258,1005.9,100,6.9,9.2,115.0,1.4,58.0,1.6
2025-09-21 17:00:00,2025,9,21,17,An Giang,Xã Giồng Riềng,9.9237413,105.2736878,40,Good,0,29.2,70,0.0,16.0,256,1006.5,100,6.9,9.0,125.0,2.4,55.0,2.1
2025-09-21 18:00:00,2025,9,21,18,An Giang,Xã Giồng Riềng,9.9237413,105.2736878,40,Good,0,28.4,73,0.0,13.5,245,1007.2,100,7.7,9.5,139.0,3.7,52.0,2.7
2025-09-21 19:00:00,2025,9,21,19,An Giang,Xã Giồng Riềng,9.9237413,105.2736878,40,Good,0,28.0,75,0.0,10.9,251,1007.8,100,10.3,12.7,149.0,4.8,51.0,3.4
2025-09-21 20:00:00,2025,9,21,20,An Giang,Xã Giồng Riềng,9.9237413,105.2736878,40,Good,0,28.2,75,0.0,9.4,250,1008.2,100,10.6,12.8,154.0,5.1,50.0,3.6
2025-09-21 21:00:00,2025,9,21,21,An Giang,Xã Giồng Riềng,9.9237413,105.2736878,40,Good,0,28.3,75,0.0,11.8,253,1009.4,100,11.7,14.1,155.0,5.5,48.0,3.9
2025-09-21 22:00:00,2025,9,21,22,An Giang,Xã Giồng Riềng,9.9237413,105.2736878,39,Good,0,28.0,74,0.0,10.8,249,1009.6,100,11.3,13.4,153.0,5.6,46.0,3.9
2025-09-21 23:00:00,2025,9,21,23,An Giang,Xã Giồng Riềng,9.9237413,105.2736878,39,Good,0,27.5,77,0.0,8.6,247,1009.7,100,10.4,12.2,145.0,5.2,45.0,3.4
2025-09-22 00:00:00,2025,9,22,0,An Giang,Xã Giồng Riềng,9.9237413,105.2736878,39,Good,0,27.2,80,0.0,6.7,243,1009.6,100,8.7,10.4,134.0,4.6,45.0,2.7
2025-09-22 01:00:00,2025,9,22,1,An Giang,Xã Giồng Riềng,9.9237413,105.2736878,38,Good,0,26.9,83,0.1,6.2,229,1008.9,100,7.6,9.2,124.0,4.1,45.0,2.2
2025-09-22 02:00:00,2025,9,22,2,An Giang,Xã Giồng Riềng,9.9237413,105.2736878,37,Good,0,27.0,83,0.0,7.3,242,1008.5,100,7.2,8.8,118.0,3.9,44.0,2.0
2025-09-22 03:00:00,2025,9,22,3,An Giang,Xã Giồng Riềng,9.9237413,105.2736878,36,Good,0,27.0,83,0.1,9.6,257,1008.1,100,6.8,8.4,114.0,3.9,43.0,2.0
2025-09-22 04:00:00,2025,9,22,4,An Giang,Xã Giồng Riềng,9.9237413,105.2736878,36,Good,0,26.8,83,0.4,9.1,260,1008.2,100,7.3,9.0,113.0,4.1,42.0,2.1
2025-09-22 05:00:00,2025,9,22,5,An Giang,Xã Giồng Riềng,9.9237413,105.2736878,35,Good,0,26.6,86,0.2,11.5,272,1008.6,100,7.9,9.5,118.0,4.7,41.0,2.5
2025-09-22 06:00:00,2025,9,22,6,An Giang,Xã Giồng Riềng,9.9237413,105.2736878,35,Good,0,26.0,91,0.4,11.0,267,1009.1,100,8.6,10.2,126.0,5.5,40.0,3.2
2025-09-22 07:00:00,2025,9,22,7,An Giang,Xã Giồng Riềng,9.9237413,105.2736878,35,Good,0,26.0,91,0.8,10.5,262,1009.5,100,9.3,11.0,129.0,5.8,38.0,3.9
2025-09-22 08:00:00,2025,9,22,8,An Giang,Xã Giồng Riềng,9.9237413,105.2736878,34,Good,0,27.9,82,0.2,18.4,270,1010.4,100,8.8,10.7,122.0,5.1,42.0,3.8
2025-09-22 09:00:00,2025,9,22,9,An Giang,Xã Giồng Riềng,9.9237413,105.2736878,34,Good,0,29.0,72,0.1,22.8,282,1010.7,100,7.4,9.1,111.0,4.1,47.0,3.6
2025-09-22 10:00:00,2025,9,22,10,An Giang,Xã Giồng Riềng,9.9237413,105.2736878,34,Good,0,30.1,62,0.0,24.5,278,1010.7,100,7.5,9.1,103.0,3.3,51.0,3.5
2025-09-22 11:00:00,2025,9,22,11,An Giang,Xã Giồng Riềng,9.9237413,105.2736878,34,Good,0,29.7,69,0.1,22.8,280,1009.9,100,7.5,9.4,101.0,2.8,54.0,3.4
2025-09-22 12:00:00,2025,9,22,12,An Giang,Xã Giồng Riềng,9.9237413,105.2736878,35,Good,0,29.2,71,0.0,21.4,285,1009.6,100,7.7,9.8,102.0,2.6,55.0,3.3
2025-09-22 13:00:00,2025,9,22,13,An Giang,Xã Giồng Riềng,9.9237413,105.2736878,35,Good,0,29.5,64,0.0,22.2,284,1008.4,100,8.1,10.5,104.0,2.5,56.0,3.2
2025-09-22 14:00:00,2025,9,22,14,An Giang,Xã Giồng Riềng,9.9237413,105.2736878,35,Good,0,29.2,68,0.0,17.5,282,1007.3,100,8.4,10.8,105.0,2.6,55.0,3.1
2025-09-22 15:00:00,2025,9,22,15,An Giang,Xã Giồng Riềng,9.9237413,105.2736878,35,Good,0,29.5,67,0.0,19.1,273,1006.5,100,8.6,11.0,106.0,2.9,53.0,2.9
2025-09-22 16:00:00,2025,9,22,16,An Giang,Xã Giồng Riềng,9.9237413,105.2736878,35,Good,0,29.0,71,0.0,18.4,264,1006.4,100,8.8,11.1,110.0,3.7,50.0,3.1
2025-09-22 17:00:00,2025,9,22,17,An Giang,Xã Giồng Riềng,9.9237413,105.2736878,36,Good,0,28.9,69,0.0,11.0,267,1006.8,100,9.2,11.5,117.0,5.5,45.0,3.9
2025-09-22 18:00:00,2025,9,22,18,An Giang,Xã Giồng Riềng,9.9237413,105.2736878,36,Good,0,28.5,66,0.0,12.1,267,1007.4,100,10.5,12.6,126.0,7.8,39.0,4.9
2025-09-22 19:00:00,2025,9,22,19,An Giang,Xã Giồng Riềng,9.9237413,105.2736878,36,Good,0,28.2,67,0.0,11.7,275,1008.3,100,10.6,13.1,135.0,5.2,44.0,3.6
2025-09-22 20:00:00,2025,9,22,20,An Giang,Xã Giồng Riềng,9.9237413,105.2736878,37,Good,0,28.3,66,0.0,13.4,266,1009.0,100,11.1,13.4,147.0,5.6,42.0,3.9
2025-09-22 21:00:00,2025,9,22,21,An Giang,Xã Giồng Riềng,9.9237413,105.2736878,37,Good,0,28.1,68,0.0,10.3,272,1009.4,100,11.7,13.9,160.0,6.2,40.0,4.2
2025-09-22 22:00:00,2025,9,22,22,An Giang,Xã Giồng Riềng,9.9237413,105.2736878,37,Good,0,27.6,72,0.0,7.6,255,1009.6,100,11.7,13.9,164.0,6.4,39.0,4.3
2025-09-22 23:00:00,2025,9,22,23,An Giang,Xã Giồng Riềng,9.9237413,105.2736878,37,Good,0,27.3,74,0.0,8.6,259,1009.9,100,10.7,13.0,152.0,6.1,39.0,3.8
2025-09-23 00:00:00,2025,9,23,0,An Giang,Xã Giồng Riềng,9.9237413,105.2736878,37,Good,0,27.4,76,0.0,8.9,261,1009.9,100,9.8,12.2,132.0,5.4,40.0,3.1
2025-09-23 01:00:00,2025,9,23,1,An Giang,Xã Giồng Riềng,9.9237413,105.2736878,37,Good,0,27.6,74,0.0,11.5,262,1009.3,100,10.0,12.5,116.0,4.9,41.0,2.5
2025-09-23 02:00:00,2025,9,23,2,An Giang,Xã Giồng Riềng,9.9237413,105.2736878,37,Good,0,27.5,75,0.0,11.3,270,1008.7,100,10.2,12.6,111.0,4.7,41.0,2.3
2025-09-23 03:00:00,2025,9,23,3,An Giang,Xã Giồng Riềng,9.9237413,105.2736878,38,Good,0,27.4,77,0.0,11.2,264,1008.0,100,10.0,12.3,111.0,4.7,42.0,2.2
2025-09-23 04:00:00,2025,9,23,4,An Giang,Xã Giồng Riềng,9.9237413,105.2736878,38,Good,0,27.4,78,0.0,11.2,268,1007.7,100,9.6,11.9,113.0,4.7,42.0,2.3
2025-09-23 05:00:00,2025,9,23,5,An Giang,Xã Giồng Riềng,9.9237413,105.2736878,39,Good,0,27.4,78,0.0,11.3,263,1007.8,100,9.4,11.7,119.0,5.0,42.0,2.7
2025-09-23 06:00:00,2025,9,23,6,An Giang,Xã Giồng Riềng,9.9237413,105.2736878,39,Good,0,27.3,78,0.0,11.0,265,1007.9,100,9.5,11.8,128.0,5.3,41.0,3.2
2025-09-23 07:00:00,2025,9,23,7,An Giang,Xã Giồng Riềng,9.9237413,105.2736878,39,Good,0,28.0,76,0.0,13.0,268,1008.7,100,14.0,16.2,132.0,9.3,29.0,6.4
2025-09-23 08:00:00,2025,9,23,8,An Giang,Xã Giồng Riềng,9.9237413,105.2736878,40,Good,0,28.2,74,0.0,13.7,305,1010.2,100,12.5,15.2,128.0,6.9,39.0,5.3
2025-09-23 09:00:00,2025,9,23,9,An Giang,Xã Giồng Riềng,9.9237413,105.2736878,41,Good,0,28.5,74,0.0,8.4,289,1010.1,100,10.4,14.1,119.0,3.7,53.0,3.8
2025-09-23 10:00:00,2025,9,23,10,An Giang,Xã Giồng Riềng,9.9237413,105.2736878,41,Good,0,30.2,64,0.0,19.1,272,1010.2,100,9.3,12.9,111.0,1.3,63.0,2.6
2025-09-23 11:00:00,2025,9,23,11,An Giang,Xã Giồng Riềng,9.9237413,105.2736878,42,Good,0,30.1,66,0.1,22.5,267,1010.1,100,8.3,11.4,107.0,0.7,64.0,2.1
2025-09-23 12:00:00,2025,9,23,12,An Giang,Xã Giồng Riềng,9.9237413,105.2736878,42,Good,0,30.0,66,0.0,22.2,268,1008.9,88,7.6,10.5,104.0,1.0,61.0,2.0
2025-09-23 13:00:00,2025,9,23,13,An Giang,Xã Giồng Riềng,9.9237413,105.2736878,42,Good,0,31.2,57,0.1,26.2,266,1008.0,100,7.2,9.9,102.0,1.3,58.0,1.9
2025-09-23 14:00:00,2025,9,23,14,An Giang,Xã Giồng Riềng,9.9237413,105.2736878,42,Good,0,30.8,59,0.2,24.3,263,1006.8,68,7.4,10.2,102.0,1.4,56.0,1.8
2025-09-23 15:00:00,2025,9,23,15,An Giang,Xã Giồng Riềng,9.9237413,105.2736878,41,Good,0,30.9,57,0.0,25.4,261,1005.9,44,7.3,10.2,103.0,1.5,55.0,1.7
2025-09-23 16:00:00,2025,9,23,16,An Giang,Xã Giồng Riềng,9.9237413,105.2736878,41,Good,0,30.2,61,0.0,22.4,261,1005.7,74,7.3,10.0,106.0,1.8,54.0,1.7
2025-09-23 17:00:00,2025,9,23,17,An Giang,Xã Giồng Riềng,9.9237413,105.2736878,41,Good,0,29.3,65,0.0,18.8,257,1005.8,98,7.5,9.7,115.0,2.4,55.0,2.0
2025-09-23 18:00:00,2025,9,23,18,An Giang,Xã Giồng Riềng,9.9237413,105.2736878,41,Good,0,28.5,68,0.0,15.4,256,1006.2,93,7.9,9.9,126.0,3.0,56.0,2.3
2025-09-23 19:00:00,2025,9,23,19,An Giang,Xã Giồng Riềng,9.9237413,105.2736878,40,Good,0,28.0,71,0.0,15.2,251,1007.0,100,10.2,12.6,132.0,4.6,53.0,3.3
2025-09-23 20:00:00,2025,9,23,20,An Giang,Xã Giồng Riềng,9.9237413,105.2736878,40,Good,0,28.1,72,0.0,11.4,259,1007.7,100,10.1,12.5,128.0,4.5,53.0,3.3
2025-09-23 21:00:00,2025,9,23,21,An Giang,Xã Giồng Riềng,9.9237413,105.2736878,40,Good,0,28.3,71,0.0,11.9,272,1008.3,100,9.7,11.8,118.0,4.2,53.0,3.2
2025-09-23 22:00:00,2025,9,23,22,An Giang,Xã Giồng Riềng,9.9237413,105.2736878,40,Good,0,28.1,72,0.0,11.9,268,1008.8,100,8.8,10.9,110.0,4.0,52.0,3.0
2025-09-23 23:00:00,2025,9,23,23,An Giang,Xã Giồng Riềng,9.9237413,105.2736878,39,Good,0,28.1,75,0.0,13.0,276,1008.3,100,7.8,9.8,106.0,3.7,51.0,2.6
2025-09-24 00:00:00,2025,9,24,0,An Giang,Xã Giồng Riềng,9.9237413,105.2736878,39,Good,0,28.2,74,0.0,14.9,270,1007.8,100,7.0,9.0,103.0,3.3,49.0,2.2
2025-09-24 01:00:00,2025,9,24,1,An Giang,Xã Giồng Riềng,9.9237413,105.2736878,38,Good,0,27.9,78,0.0,13.0,272,1007.3,100,6.7,8.6,102.0,3.1,48.0,1.9
2025-09-24 02:00:00,2025,9,24,2,An Giang,Xã Giồng Riềng,9.9237413,105.2736878,37,Good,0,27.3,84,0.1,11.2,270,1007.2,100,6.5,8.3,101.0,3.1,47.0,1.9
2025-09-24 03:00:00,2025,9,24,3,An Giang,Xã Giồng Riềng,9.9237413,105.2736878,37,Good,0,27.0,88,0.1,10.0,263,1006.6,100,6.4,8.2,101.0,3.3,45.0,2.0
2025-09-24 04:00:00,2025,9,24,4,An Giang,Xã Giồng Riềng,9.9237413,105.2736878,36,Good,0,26.8,89,0.0,11.9,264,1006.6,100,6.3,8.0,103.0,3.6,44.0,2.2
2025-09-24 05:00:00,2025,9,24,5,An Giang,Xã Giồng Riềng,9.9237413,105.2736878,36,Good,0,26.6,88,0.0,11.5,259,1006.4,100,6.4,7.9,108.0,4.2,42.0,2.6
2025-09-24 06:00:00,2025,9,24,6,An Giang,Xã Giồng Riềng,9.9237413,105.2736878,35,Good,0,26.6,89,0.0,14.9,262,1006.8,100,6.7,8.1,116.0,4.9,40.0,3.2
2025-09-24 07:00:00,2025,9,24,7,An Giang,Xã Giồng Riềng,9.9237413,105.2736878,35,Good,0,26.4,86,0.2,13.3,257,1007.6,100,8.1,9.9,120.0,5.2,40.0,3.4
2025-09-24 08:00:00,2025,9,24,8,An Giang,Xã Giồng Riềng,9.9237413,105.2736878,34,Good,0,27.4,81,0.0,11.2,244,1008.4,95,7.1,8.6,118.0,4.1,46.0,3.0
2025-09-24 09:00:00,2025,9,24,9,An Giang,Xã Giồng Riềng,9.9237413,105.2736878,33,Good,0,29.6,70,0.2,20.2,262,1008.5,100,6.7,8.4,114.0,2.6,53.0,2.5
2025-09-24 10:00:00,2025,9,24,10,An Giang,Xã Giồng Riềng,9.9237413,105.2736878,32,Good,0,30.0,65,0.4,21.6,260,1008.6,100,6.0,7.8,110.0,1.5,59.0,2.1
2025-09-24 11:00:00,2025,9,24,11,An Giang,Xã Giồng Riềng,9.9237413,105.2736878,31,Good,0,29.9,72,0.4,19.1,262,1008.1,100,6.3,8.4,110.0,1.2,61.0,1.9
2025-09-24 12:00:00,2025,9,24,12,An Giang,Xã Giồng Riềng,9.9237413,105.2736878,31,Good,0,29.2,70,0.3,21.8,259,1007.3,100,6.2,8.1,111.0,1.4,62.0,1.9
2025-09-24 13:00:00,2025,9,24,13,An Giang,Xã Giồng Riềng,9.9237413,105.2736878,31,Good,0,30.0,69,0.0,20.7,255,1006.2,100,6.6,8.6,111.0,1.5,62.0,1.8
2025-09-24 14:00:00,2025,9,24,14,An Giang,Xã Giồng Riềng,9.9237413,105.2736878,31,Good,0,29.5,69,0.1,22.7,257,1005.6,100,7.3,9.7,109.0,1.4,61.0,1.7
2025-09-24 15:00:00,2025,9,24,15,An Giang,Xã Giồng Riềng,9.9237413,105.2736878,31,Good,0,29.0,72,0.0,18.7,253,1004.8,100,7.3,9.9,107.0,1.3,60.0,1.6
2025-09-24 16:00:00,2025,9,24,16,An Giang,Xã Giồng Riềng,9.9237413,105.2736878,31,Good,0,29.2,70,0.1,23.3,255,1004.0,100,7.2,9.7,106.0,1.4,58.0,1.6
2025-09-24 17:00:00,2025,9,24,17,An Giang,Xã Giồng Riềng,9.9237413,105.2736878,31,Good,0,28.6,74,0.0,18.7,258,1004.4,100,7.0,9.3,109.0,2.0,55.0,1.9
2025-09-24 18:00:00,2025,9,24,18,An Giang,Xã Giồng Riềng,9.9237413,105.2736878,31,Good,0,27.1,80,0.0,15.7,272,1004.9,83,7.1,9.1,115.0,2.8,52.0,2.2
2025-09-24 19:00:00,2025,9,24,19,An Giang,Xã Giồng Riềng,9.9237413,105.2736878,30,Good,0,27.1,81,0.0,14.8,257,1005.7,98,5.8,7.1,119.0,3.4,50.0,2.4
2025-09-24 20:00:00,2025,9,24,20,An Giang,Xã Giồng Riềng,9.9237413,105.2736878,30,Good,0,27.3,83,0.1,13.7,265,1006.5,100,5.7,6.7,121.0,3.9,48.0,2.7
2025-09-24 21:00:00,2025,9,24,21,An Giang,Xã Giồng Riềng,9.9237413,105.2736878,29,Good,0,27.4,81,0.0,14.9,255,1007.0,100,6.2,7.0,121.0,4.5,45.0,3.1
2025-09-24 22:00:00,2025,9,24,22,An Giang,Xã Giồng Riềng,9.9237413,105.2736878,28,Good,0,26.9,84,0.0,14.7,264,1007.4,100,6.4,7.2,120.0,4.7,44.0,3.2
2025-09-24 23:00:00,2025,9,24,23,An Giang,Xã Giồng Riềng,9.9237413,105.2736878,28,Good,0,27.4,82,0.0,14.4,254,1007.5,100,6.2,7.0,117.0,4.2,45.0,2.7
2025-09-25 00:00:00,2025,9,25,0,An Giang,Xã Giồng Riềng,9.9237413,105.2736878,28,Good,0,27.4,81,0.0,20.0,256,1007.5,100,5.3,6.3,112.0,3.3,48.0,2.0
2025-09-25 01:00:00,2025,9,25,1,An Giang,Xã Giồng Riềng,9.9237413,105.2736878,27,Good,0,25.8,89,0.2,15.7,257,1006.6,100,4.4,5.4,108.0,2.6,50.0,1.4
2025-09-25 02:00:00,2025,9,25,2,An Giang,Xã Giồng Riềng,9.9237413,105.2736878,27,Good,0,25.1,96,0.5,15.3,267,1006.7,100,4.4,5.5,105.0,2.4,51.0,1.3
2025-09-25 03:00:00,2025,9,25,3,An Giang,Xã Giồng Riềng,9.9237413,105.2736878,27,Good,0,25.0,95,1.8,17.7,260,1006.8,100,4.5,5.6,103.0,2.5,51.0,1.3
2025-09-25 04:00:00,2025,9,25,4,An Giang,Xã Giồng Riềng,9.9237413,105.2736878,26,Good,0,25.1,94,0.6,14.0,240,1006.3,100,4.6,5.8,105.0,2.7,50.0,1.5
2025-09-25 05:00:00,2025,9,25,5,An Giang,Xã Giồng Riềng,9.9237413,105.2736878,26,Good,0,25.4,94,0.3,14.4,255,1006.6,100,4.8,6.0,114.0,3.1,48.0,1.9
2025-09-25 06:00:00,2025,9,25,6,An Giang,Xã Giồng Riềng,9.9237413,105.2736878,26,Good,0,24.9,93,0.3,17.3,251,1007.3,100,5.4,6.5,127.0,3.7,45.0,2.4
2025-09-25 07:00:00,2025,9,25,7,An Giang,Xã Giồng Riềng,9.9237413,105.2736878,25,Good,0,25.9,91,0.2,15.7,253,1007.8,100,6.6,7.8,134.0,4.5,42.0,2.9
2025-09-25 08:00:00,2025,9,25,8,An Giang,Xã Giồng Riềng,9.9237413,105.2736878,25,Good,0,29.0,76,0.0,19.3,258,1008.0,97,6.5,7.8,131.0,3.5,46.0,2.6
2025-09-25 09:00:00,2025,9,25,9,An Giang,Xã Giồng Riềng,9.9237413,105.2736878,25,Good,0,29.2,75,1.4,22.1,251,1008.8,100,6.4,8.1,122.0,2.1,51.0,2.2
2025-09-25 10:00:00,2025,9,25,10,An Giang,Xã Giồng Riềng,9.9237413,105.2736878,25,Good,0,29.6,70,0.0,20.6,250,1009.1,100,6.0,7.8,116.0,1.1,55.0,1.8
2025-09-25 11:00:00,2025,9,25,11,An Giang,Xã Giồng Riềng,9.9237413,105.2736878,25,Good,0,27.2,80,1.4,23.5,258,1009.5,100,5.8,7.8,116.0,0.8,57.0,1.6
2025-09-25 12:00:00,2025,9,25,12,An Giang,Xã Giồng Riềng,9.9237413,105.2736878,25,Good,0,27.9,79,0.6,21.4,255,1008.0,100,6.1,8.2,117.0,0.8,57.0,1.5
2025-09-25 13:00:00,2025,9,25,13,An Giang,Xã Giồng Riềng,9.9237413,105.2736878,25,Good,0,29.2,73,0.2,23.6,249,1006.9,100,6.3,8.5,119.0,0.9,57.0,1.4
2025-09-25 14:00:00,2025,9,25,14,An Giang,Xã Giồng Riềng,9.9237413,105.2736878,25,Good,0,29.5,74,0.2,22.3,251,1006.3,100,6.7,9.2,119.0,0.9,57.0,1.4
2025-09-25 15:00:00,2025,9,25,15,An Giang,Xã Giồng Riềng,9.9237413,105.2736878,25,Good,0,29.3,72,0.1,23.6,254,1005.6,100,6.5,8.8,118.0,1.1,56.0,1.5
2025-09-25 16:00:00,2025,9,25,16,An Giang,Xã Giồng Riềng,9.9237413,105.2736878,25,Good,0,28.1,77,0.4,22.7,259,1006.0,100,6.8,9.2,120.0,1.5,55.0,1.7
2025-09-25 17:00:00,2025,9,25,17,An Giang,Xã Giồng Riềng,9.9237413,105.2736878,26,Good,0,27.2,82,0.1,12.3,266,1006.3,100,7.3,9.6,125.0,2.5,52.0,2.2
2025-09-25 18:00:00,2025,9,25,18,An Giang,Xã Giồng Riềng,9.9237413,105.2736878,26,Good,0,27.0,85,0.0,13.3,269,1006.8,100,8.2,10.4,133.0,3.7,49.0,2.9
2025-09-25 19:00:00,2025,9,25,19,An Giang,Xã Giồng Riềng,9.9237413,105.2736878,26,Good,0,27.1,84,0.0,13.5,269,1007.5,100,8.8,10.6,138.0,5.5,43.0,3.7
2025-09-25 20:00:00,2025,9,25,20,An Giang,Xã Giồng Riềng,9.9237413,105.2736878,25,Good,0,26.4,89,0.0,13.4,262,1008.1,100,9.1,11.0,140.0,6.2,40.0,4.0
2025-09-25 21:00:00,2025,9,25,21,An Giang,Xã Giồng Riềng,9.9237413,105.2736878,26,Good,0,26.4,90,0.1,11.7,257,1009.2,100,10.6,12.3,139.0,7.0,37.0,4.4
2025-09-25 22:00:00,2025,9,25,22,An Giang,Xã Giồng Riềng,9.9237413,105.2736878,27,Good,0,26.2,92,0.1,12.2,245,1009.6,100,11.6,13.5,137.0,7.3,35.0,4.4
2025-09-25 23:00:00,2025,9,25,23,An Giang,Xã Giồng Riềng,9.9237413,105.2736878,28,Good,0,26.0,93,0.3,11.7,243,1009.6,100,11.1,13.0,132.0,6.4,36.0,3.8
2025-09-26 00:00:00,2025,9,26,0,An Giang,Xã Giồng Riềng,9.9237413,105.2736878,28,Good,0,25.9,93,0.3,11.2,232,1008.7,100,8.9,10.9,126.0,5.0,39.0,2.8
2025-09-26 01:00:00,2025,9,26,1,An Giang,Xã Giồng Riềng,9.9237413,105.2736878,29,Good,0,25.8,92,0.1,12.8,239,1007.9,100,7.5,9.3,120.0,3.8,42.0,2.0
2025-09-26 02:00:00,2025,9,26,2,An Giang,Xã Giồng Riềng,9.9237413,105.2736878,30,Good,0,25.8,92,0.0,13.0,245,1007.7,100,5.8,7.3,115.0,3.0,43.0,1.5
2025-09-26 03:00:00,2025,9,26,3,An Giang,Xã Giồng Riềng,9.9237413,105.2736878,30,Good,0,25.8,91,0.0,16.2,246,1007.9,100,4.0,4.9,110.0,2.5,44.0,1.3
2025-09-26 04:00:00,2025,9,26,4,An Giang,Xã Giồng Riềng,9.9237413,105.2736878,30,Good,0,24.9,91,0.1,15.3,251,1007.9,100,2.9,3.4,109.0,2.4,44.0,1.3
2025-09-26 05:00:00,2025,9,26,5,An Giang,Xã Giồng Riềng,9.9237413,105.2736878,29,Good,0,25.2,92,0.1,14.5,259,1008.3,100,3.0,3.2,115.0,3.3,41.0,1.9
2025-09-26 06:00:00,2025,9,26,6,An Giang,Xã Giồng Riềng,9.9237413,105.2736878,29,Good,0,25.2,93,0.1,12.9,249,1008.8,100,4.0,4.2,126.0,4.7,36.0,2.9
2025-09-26 07:00:00,2025,9,26,7,An Giang,Xã Giồng Riềng,9.9237413,105.2736878,29,Good,0,25.5,92,0.1,15.0,247,1009.2,100,6.0,6.5,133.0,5.4,34.0,3.4
2025-09-26 08:00:00,2025,9,26,8,An Giang,Xã Giồng Riềng,9.9237413,105.2736878,29,Good,0,26.6,86,0.1,15.4,249,1009.9,100,6.3,7.2,134.0,4.5,36.0,3.1
2025-09-26 09:00:00,2025,9,26,9,An Giang,Xã Giồng Riềng,9.9237413,105.2736878,29,Good,0,27.9,81,0.1,15.1,245,1010.9,100,5.9,7.4,133.0,3.2,39.0,2.8
2025-09-26 10:00:00,2025,9,26,10,An Giang,Xã Giồng Riềng,9.9237413,105.2736878,29,Good,0,26.2,90,6.8,14.3,242,1011.4,100,5.7,7.6,130.0,2.2,42.0,2.5
2025-09-26 11:00:00,2025,9,26,11,An Giang,Xã Giồng Riềng,9.9237413,105.2736878,29,Good,0,27.0,87,0.5,16.0,247,1010.9,100,5.7,7.8,126.0,1.8,45.0,2.3
2025-09-26 12:00:00,2025,9,26,12,An Giang,Xã Giồng Riềng,9.9237413,105.2736878,29,Good,0,26.2,87,0.5,14.8,264,1009.6,100,5.8,8.0,120.0,1.7,48.0,2.2
2025-09-26 13:00:00,2025,9,26,13,An Giang,Xã Giồng Riềng,9.9237413,105.2736878,29,Good,0,27.4,81,0.8,21.0,265,1008.6,100,6.0,8.0,115.0,1.7,50.0,2.2
2025-09-26 14:00:00,2025,9,26,14,An Giang,Xã Giồng Riềng,9.9237413,105.2736878,29,Good,0,28.5,76,0.4,21.8,270,1007.9,100,6.9,9.1,111.0,1.8,51.0,2.3
2025-09-26 15:00:00,2025,9,26,15,An Giang,Xã Giồng Riềng,9.9237413,105.2736878,29,Good,0,28.7,73,0.0,21.5,264,1007.3,100,7.7,10.2,108.0,2.1,52.0,2.4
2025-09-26 16:00:00,2025,9,26,16,An Giang,Xã Giồng Riềng,9.9237413,105.2736878,29,Good,0,28.4,73,0.0,20.6,275,1007.5,100,8.4,11.3,109.0,2.5,51.0,2.6
2025-09-26 17:00:00,2025,9,26,17,An Giang,Xã Giồng Riềng,9.9237413,105.2736878,29,Good,0,27.9,76,0.0,16.9,277,1007.7,100,8.9,11.7,117.0,3.2,48.0,2.8
2025-09-26 18:00:00,2025,9,26,18,An Giang,Xã Giồng Riềng,9.9237413,105.2736878,29,Good,0,27.1,80,0.0,12.7,281,1008.3,100,8.8,11.3,128.0,4.1,44.0,3.0
2025-09-26 19:00:00,2025,9,26,19,An Giang,Xã Giồng Riềng,9.9237413,105.2736878,29,Good,0,26.8,82,0.0,12.4,271,1008.7,100,9.2,11.2,136.0,5.9,38.0,4.3
2025-09-26 20:00:00,2025,9,26,20,An Giang,Xã Giồng Riềng,9.9237413,105.2736878,29,Good,0,27.1,79,0.0,11.4,275,1009.0,100,10.5,12.3,139.0,6.2,37.0,4.5
2025-09-26 21:00:00,2025,9,26,21,An Giang,Xã Giồng Riềng,9.9237413,105.2736878,30,Good,0,27.2,79,0.0,11.5,273,1009.5,100,10.4,12.0,138.0,6.6,35.0,4.7
2025-09-26 22:00:00,2025,9,26,22,An Giang,Xã Giồng Riềng,9.9237413,105.2736878,30,Good,0,27.2,80,0.0,10.3,276,1010.3,100,9.5,11.1,135.0,6.6,34.0,4.7
2025-09-26 23:00:00,2025,9,26,23,An Giang,Xã Giồng Riềng,9.9237413,105.2736878,29,Good,0,27.1,82,0.0,11.0,274,1010.3,100,8.1,9.6,128.0,5.8,35.0,4.1
2025-09-27 00:00:00,2025,9,27,0,An Giang,Xã Giồng Riềng,9.9237413,105.2736878,29,Good,0,26.9,86,0.0,10.4,278,1009.9,100,6.5,7.9,119.0,4.7,38.0,3.1
2025-09-27 01:00:00,2025,9,27,1,An Giang,Xã Giồng Riềng,9.9237413,105.2736878,28,Good,0,26.8,86,0.0,10.5,286,1009.3,100,5.4,6.5,112.0,3.9,39.0,2.5
2025-09-27 02:00:00,2025,9,27,2,An Giang,Xã Giồng Riềng,9.9237413,105.2736878,28,Good,0,26.5,87,0.0,11.8,276,1008.6,100,4.7,5.6,107.0,3.8,38.0,2.4
2025-09-27 03:00:00,2025,9,27,3,An Giang,Xã Giồng Riềng,9.9237413,105.2736878,28,Good,0,25.8,86,0.6,11.0,240,1008.5,100,4.5,5.3,103.0,4.1,37.0,2.7
2025-09-27 04:00:00,2025,9,27,4,An Giang,Xã Giồng Riềng,9.9237413,105.2736878,28,Good,0,25.4,92,0.3,8.8,251,1008.4,98,4.7,5.5,103.0,4.4,35.0,3.0
2025-09-27 05:00:00,2025,9,27,5,An Giang,Xã Giồng Riềng,9.9237413,105.2736878,28,Good,0,25.5,92,0.2,9.7,255,1008.8,97,5.2,5.9,111.0,4.8,33.0,3.5
2025-09-27 06:00:00,2025,9,27,6,An Giang,Xã Giồng Riềng,9.9237413,105.2736878,29,Good,0,25.0,94,0.2,12.3,233,1008.9,74,6.1,6.8,124.0,5.1,31.0,4.1
2025-09-27 07:00:00,2025,9,27,7,An Giang,Xã Giồng Riềng,9.9237413,105.2736878,29,Good,0,26.3,89,0.1,14.7,253,1009.5,98,5.3,6.2,131.0,4.3,35.0,4.0
2025-09-27 08:00:00,2025,9,27,8,An Giang,Xã Giồng Riềng,9.9237413,105.2736878,29,Good,0,27.1,87,0.3,10.8,260,1009.8,91,4.4,5.3,126.0,4.0,36.0,3.9
2025-09-27 09:00:00,2025,9,27,9,An Giang,Xã Giồng Riềng,9.9237413,105.2736878,29,Good,0,28.9,76,0.3,20.2,274,1009.8,100,4.6,5.5,115.0,3.6,38.0,3.7
2025-09-27 10:00:00,2025,9,27,10,An Giang,Xã Giồng Riềng,9.9237413,105.2736878,28,Good,0,30.6,69,0.0,20.9,274,1009.8,100,4.5,5.5,108.0,3.2,42.0,3.6
2025-09-27 11:00:00,2025,9,27,11,An Giang,Xã Giồng Riềng,9.9237413,105.2736878,28,Good,0,29.2,73,2.0,21.3,279,1009.6,100,4.7,5.9,108.0,2.7,49.0,3.6
2025-09-27 12:00:00,2025,9,27,12,An Giang,Xã Giồng Riềng,9.9237413,105.2736878,28,Good,0,29.0,75,0.1,23.6,274,1008.8,100,5.2,6.5,111.0,2.3,57.0,3.6
2025-09-27 13:00:00,2025,9,27,13,An Giang,Xã Giồng Riềng,9.9237413,105.2736878,28,Good,0,27.5,81,0.5,24.7,271,1008.2,100,5.2,6.6,113.0,2.0,62.0,3.6
2025-09-27 14:00:00,2025,9,27,14,An Giang,Xã Giồng Riềng,9.9237413,105.2736878,28,Good,0,27.8,79,0.3,20.6,254,1007.4,100,4.8,6.1,113.0,2.1,62.0,3.5
2025-09-27 15:00:00,2025,9,27,15,An Giang,Xã Giồng Riềng,9.9237413,105.2736878,27,Good,0,26.6,86,1.5,18.6,258,1006.7,100,4.2,5.2,113.0,2.4,60.0,3.3
2025-09-27 16:00:00,2025,9,27,16,An Giang,Xã Giồng Riềng,9.9237413,105.2736878,27,Good,0,25.3,91,0.9,20.5,267,1007.0,100,4.3,5.2,114.0,2.8,57.0,3.2
2025-09-27 17:00:00,2025,9,27,17,An Giang,Xã Giồng Riềng,9.9237413,105.2736878,26,Good,0,25.5,92,0.5,16.6,258,1006.6,100,4.1,4.9,118.0,3.3,54.0,3.1
2025-09-27 18:00:00,2025,9,27,18,An Giang,Xã Giồng Riềng,9.9237413,105.2736878,26,Good,0,25.8,90,0.1,16.4,258,1006.7,100,4.0,4.6,123.0,3.9,50.0,3.1
2025-09-27 19:00:00,2025,9,27,19,An Giang,Xã Giồng Riềng,9.9237413,105.2736878,26,Good,0,26.0,89,0.0,14.5,263,1007.3,100,6.2,7.1,126.0,6.3,44.0,4.7
2025-09-27 20:00:00,2025,9,27,20,An Giang,Xã Giồng Riềng,9.9237413,105.2736878,26,Good,0,25.8,92,0.3,13.5,267,1008.2,100,5.5,6.1,126.0,5.9,44.0,4.5
2025-09-27 21:00:00,2025,9,27,21,An Giang,Xã Giồng Riềng,9.9237413,105.2736878,25,Good,0,25.9,92,0.1,13.9,266,1008.4,100,5.3,5.8,124.0,5.3,43.0,4.2
2025-09-27 22:00:00,2025,9,27,22,An Giang,Xã Giồng Riềng,9.9237413,105.2736878,24,Good,0,26.0,91,0.0,15.1,278,1008.3,100,5.2,5.7,121.0,4.8,43.0,3.9
2025-09-27 23:00:00,2025,9,27,23,An Giang,Xã Giồng Riềng,9.9237413,105.2736878,23,Good,0,25.8,91,0.0,13.7,281,1008.0,100,4.9,5.4,116.0,4.4,43.0,3.4
2025-09-28 00:00:00,2025,9,28,0,An Giang,Xã Giồng Riềng,9.9237413,105.2736878,22,Good,0,26.0,90,0.0,14.2,269,1007.2,100,4.6,5.2,111.0,4.0,43.0,2.8
2025-09-28 01:00:00,2025,9,28,1,An Giang,Xã Giồng Riềng,9.9237413,105.2736878,21,Good,0,26.0,90,0.0,13.5,260,1006.9,100,4.4,5.1,107.0,3.7,44.0,2.4
2025-09-28 02:00:00,2025,9,28,2,An Giang,Xã Giồng Riềng,9.9237413,105.2736878,21,Good,0,26.5,86,0.0,14.0,269,1006.6,100,4.5,5.2,106.0,3.5,45.0,2.2
2025-09-28 03:00:00,2025,9,28,3,An Giang,Xã Giồng Riềng,9.9237413,105.2736878,20,Good,0,26.5,83,0.0,13.0,264,1006.2,100,4.6,5.4,106.0,3.4,47.0,2.1
2025-09-28 04:00:00,2025,9,28,4,An Giang,Xã Giồng Riềng,9.9237413,105.2736878,20,Good,0,26.2,83,0.0,12.6,251,1006.1,100,4.5,5.3,108.0,3.5,47.0,2.1
2025-09-28 05:00:00,2025,9,28,5,An Giang,Xã Giồng Riềng,9.9237413,105.2736878,21,Good,0,23.5,97,5.0,12.2,245,1006.7,100,4.4,5.1,115.0,4.0,45.0,2.4
2025-09-28 06:00:00,2025,9,28,6,An Giang,Xã Giồng Riềng,9.9237413,105.2736878,21,Good,0,23.5,97,6.1,8.3,202,1006.9,100,4.8,5.5,123.0,4.7,42.0,2.9
2025-09-28 07:00:00,2025,9,28,7,An Giang,Xã Giồng Riềng,9.9237413,105.2736878,21,Good,0,23.6,96,7.3,9.9,199,1008.0,100,5.8,6.8,128.0,4.1,39.0,2.8
2025-09-28 08:00:00,2025,9,28,8,An Giang,Xã Giồng Riềng,9.9237413,105.2736878,20,Good,0,25.1,92,0.5,15.2,244,1007.7,100,4.5,5.3,126.0,3.2,43.0,2.5
2025-09-28 09:00:00,2025,9,28,9,An Giang,Xã Giồng Riềng,9.9237413,105.2736878,20,Good,0,26.6,84,0.4,17.5,240,1008.4,100,4.2,5.2,120.0,2.0,48.0,2.1
2025-09-28 10:00:00,2025,9,28,10,An Giang,Xã Giồng Riềng,9.9237413,105.2736878,21,Good,0,28.8,77,0.3,18.6,252,1008.3,100,4.0,5.0,114.0,1.1,52.0,1.7
2025-09-28 11:00:00,2025,9,28,11,An Giang,Xã Giồng Riềng,9.9237413,105.2736878,21,Good,0,30.0,73,0.2,19.0,247,1007.7,100,3.4,4.4,110.0,0.8,55.0,1.5
2025-09-28 12:00:00,2025,9,28,12,An Giang,Xã Giồng Riềng,9.9237413,105.2736878,22,Good,0,31.0,66,0.1,23.4,257,1006.7,100,3.0,3.9,106.0,0.7,56.0,1.3
2025-09-28 13:00:00,2025,9,28,13,An Giang,Xã Giồng Riềng,9.9237413,105.2736878,22,Good,0,27.2,83,4.6,22.0,250,1006.8,100,3.1,4.1,103.0,0.9,57.0,1.3
2025-09-28 14:00:00,2025,9,28,14,An Giang,Xã Giồng Riềng,9.9237413,105.2736878,23,Good,0,27.7,79,0.3,21.0,245,1005.6,100,3.5,4.6,102.0,1.3,56.0,1.5
2025-09-28 15:00:00,2025,9,28,15,An Giang,Xã Giồng Riềng,9.9237413,105.2736878,24,Good,0,27.8,77,0.2,21.5,243,1004.7,100,4.0,5.1,102.0,2.0,54.0,1.7
2025-09-28 16:00:00,2025,9,28,16,An Giang,Xã Giồng Riềng,9.9237413,105.2736878,24,Good,0,27.5,79,0.1,19.0,237,1004.4,100,4.3,5.2,105.0,2.6,52.0,2.0
2025-09-28 17:00:00,2025,9,28,17,An Giang,Xã Giồng Riềng,9.9237413,105.2736878,25,Good,0,26.9,82,0.1,18.1,238,1005.5,100,4.5,5.4,114.0,3.2,49.0,2.3
2025-09-28 18:00:00,2025,9,28,18,An Giang,Xã Giồng Riềng,9.9237413,105.2736878,25,Good,0,26.1,87,0.1,12.9,242,1006.4,100,4.8,5.7,125.0,3.7,45.0,2.5
2025-09-28 19:00:00,2025,9,28,19,An Giang,Xã Giồng Riềng,9.9237413,105.2736878,25,Good,0,25.3,92,0.5,12.5,231,1006.8,100,5.4,6.3,132.0,4.5,44.0,2.9
2025-09-28 20:00:00,2025,9,28,20,An Giang,Xã Giồng Riềng,9.9237413,105.2736878,24,Good,0,25.4,93,0.6,9.8,208,1007.3,100,5.1,5.9,130.0,4.4,42.0,2.9
2025-09-28 21:00:00,2025,9,28,21,An Giang,Xã Giồng Riềng,9.9237413,105.2736878,23,Good,0,25.1,94,0.4,13.7,231,1008.1,100,5.3,5.9,123.0,4.3,39.0,2.8
2025-09-28 22:00:00,2025,9,28,22,An Giang,Xã Giồng Riềng,9.9237413,105.2736878,22,Good,0,24.9,93,0.1,12.1,207,1008.1,100,5.6,6.3,117.0,4.3,37.0,2.7
2025-09-28 23:00:00,2025,9,28,23,An Giang,Xã Giồng Riềng,9.9237413,105.2736878,21,Good,0,24.8,94,0.0,11.2,198,1008.2,100,5.8,6.6,113.0,4.4,37.0,2.5
2025-09-29 00:00:00,2025,9,29,0,An Giang,Xã Giồng Riềng,9.9237413,105.2736878,20,Good,0,24.4,96,1.3,7.9,204,1007.7,100,6.2,7.2,109.0,4.5,37.0,2.3
2025-09-29 01:00:00,2025,9,29,1,An Giang,Xã Giồng Riềng,9.9237413,105.2736878,19,Good,0,24.5,95,0.0,9.1,205,1007.4,100,6.5,7.6,106.0,4.5,38.0,2.2
2025-09-29 02:00:00,2025,9,29,2,An Giang,Xã Giồng Riềng,9.9237413,105.2736878,19,Good,0,24.4,97,0.0,6.1,223,1006.8,100,6.7,8.0,104.0,4.3,40.0,2.1
2025-09-29 03:00:00,2025,9,29,3,An Giang,Xã Giồng Riềng,9.9237413,105.2736878,20,Good,0,23.9,96,4.4,10.2,231,1007.2,100,6.6,7.9,103.0,4.1,43.0,2.1
2025-09-29 04:00:00,2025,9,29,4,An Giang,Xã Giồng Riềng,9.9237413,105.2736878,20,Good,0,24.2,95,0.1,11.2,208,1006.7,100,5.9,7.2,104.0,4.0,45.0,2.1
2025-09-29 05:00:00,2025,9,29,5,An Giang,Xã Giồng Riềng,9.9237413,105.2736878,20,Good,0,24.2,96,0.0,8.3,202,1007.0,100,5.2,6.1,109.0,4.2,44.0,2.4
2025-09-29 06:00:00,2025,9,29,6,An Giang,Xã Giồng Riềng,9.9237413,105.2736878,21,Good,0,24.2,96,0.1,13.7,198,1007.9,100,5.2,6.0,115.0,4.6,43.0,2.7
2025-09-29 07:00:00,2025,9,29,7,An Giang,Xã Giồng Riềng,9.9237413,105.2736878,21,Good,0,24.8,92,0.8,17.8,219,1009.1,99,5.0,5.8,119.0,3.9,44.0,2.6
2025-09-29 08:00:00,2025,9,29,8,An Giang,Xã Giồng Riềng,9.9237413,105.2736878,20,Good,0,26.8,81,0.1,19.5,223,1009.4,100,4.8,5.6,117.0,3.2,46.0,2.4
2025-09-29 09:00:00,2025,9,29,9,An Giang,Xã Giồng Riềng,9.9237413,105.2736878,21,Good,0,28.1,77,0.1,17.3,218,1009.5,100,4.0,4.8,113.0,2.2,49.0,2.2
2025-09-29 10:00:00,2025,9,29,10,An Giang,Xã Giồng Riềng,9.9237413,105.2736878,21,Good,0,29.0,76,0.1,16.9,215,1009.3,100,3.9,4.8,109.0,1.5,51.0,1.9
2025-09-29 11:00:00,2025,9,29,11,An Giang,Xã Giồng Riềng,9.9237413,105.2736878,21,Good,0,30.7,69,0.1,19.0,217,1008.5,100,3.7,4.7,106.0,1.2,53.0,1.6
2025-09-29 12:00:00,2025,9,29,12,An Giang,Xã Giồng Riềng,9.9237413,105.2736878,22,Good,0,28.5,75,1.0,24.0,229,1008.0,100,3.8,4.8,103.0,1.1,55.0,1.4
2025-09-29 13:00:00,2025,9,29,13,An Giang,Xã Giồng Riềng,9.9237413,105.2736878,22,Good,0,28.1,77,1.7,19.4,209,1007.4,100,3.4,4.4,102.0,1.2,56.0,1.3
2025-09-29 14:00:00,2025,9,29,14,An Giang,Xã Giồng Riềng,9.9237413,105.2736878,23,Good,0,26.5,81,3.7,22.0,213,1007.2,100,3.7,4.5,105.0,1.4,56.0,1.5
2025-09-29 15:00:00,2025,9,29,15,An Giang,Xã Giồng Riềng,9.9237413,105.2736878,24,Good,0,26.2,88,0.7,13.2,202,1006.3,100,4.3,5.0,111.0,1.8,55.0,1.9
2025-09-29 16:00:00,2025,9,29,16,An Giang,Xã Giồng Riềng,9.9237413,105.2736878,24,Good,0,26.7,85,0.3,20.0,213,1006.9,100,4.8,5.7,118.0,2.5,53.0,2.4
2025-09-29 17:00:00,2025,9,29,17,An Giang,Xã Giồng Riềng,9.9237413,105.2736878,25,Good,0,26.2,87,0.1,13.2,202,1007.8,100,4.4,5.4,126.0,3.7,48.0,3.0
2025-09-29 18:00:00,2025,9,29,18,An Giang,Xã Giồng Riềng,9.9237413,105.2736878,25,Good,0,25.1,93,1.3,11.3,188,1008.9,100,5.3,6.0,134.0,5.3,42.0,3.6
2025-09-29 19:00:00,2025,9,29,19,An Giang,Xã Giồng Riềng,9.9237413,105.2736878,24,Good,0,24.8,96,1.0,8.7,193,1009.5,100,9.4,10.4,139.0,8.7,34.0,5.3
2025-09-29 20:00:00,2025,9,29,20,An Giang,Xã Giồng Riềng,9.9237413,105.2736878,23,Good,0,24.9,95,0.0,6.7,178,1010.2,100,10.0,10.9,138.0,9.1,32.0,5.6
2025-09-29 21:00:00,2025,9,29,21,An Giang,Xã Giồng Riềng,9.9237413,105.2736878,22,Good,0,24.5,96,1.1,7.8,189,1011.2,100,11.1,12.1,133.0,9.6,29.0,6.0
2025-09-29 22:00:00,2025,9,29,22,An Giang,Xã Giồng Riềng,9.9237413,105.2736878,23,Good,0,24.5,96,0.4,11.0,166,1011.5,100,12.0,13.0,127.0,10.1,26.0,6.1
2025-09-29 23:00:00,2025,9,29,23,An Giang,Xã Giồng Riềng,9.9237413,105.2736878,25,Good,0,24.0,96,0.1,12.2,172,1011.4,100,12.4,13.4,120.0,10.4,24.0,5.8
2025-09-30 00:00:00,2025,9,30,0,An Giang,Xã Giồng Riềng,9.9237413,105.2736878,26,Good,0,23.8,96,0.1,10.2,173,1010.7,100,12.5,13.5,113.0,10.5,23.0,5.3
2025-09-30 01:00:00,2025,9,30,1,An Giang,Xã Giồng Riềng,9.9237413,105.2736878,27,Good,0,23.6,96,0.0,8.3,169,1009.5,100,12.7,13.7,109.0,10.6,22.0,4.8
2025-09-30 02:00:00,2025,9,30,2,An Giang,Xã Giồng Riềng,9.9237413,105.2736878,28,Good,0,23.5,97,0.0,6.6,163,1009.1,98,13.0,14.1,108.0,10.7,22.0,4.5
2025-09-30 03:00:00,2025,9,30,3,An Giang,Xã Giồng Riềng,9.9237413,105.2736878,29,Good,0,23.4,98,0.0,6.2,163,1009.0,99,14.1,15.5,110.0,10.8,23.0,4.2
2025-09-30 04:00:00,2025,9,30,4,An Giang,Xã Giồng Riềng,9.9237413,105.2736878,30,Good,0,23.5,98,0.0,7.5,226,1009.2,97,14.1,15.7,117.0,10.5,25.0,4.1
2025-09-30 05:00:00,2025,9,30,5,An Giang,Xã Giồng Riềng,9.9237413,105.2736878,32,Good,0,22.9,99,1.7,9.4,244,1009.9,100,11.9,13.4,134.0,9.6,28.0,4.3
2025-09-30 06:00:00,2025,9,30,6,An Giang,Xã Giồng Riềng,9.9237413,105.2736878,33,Good,0,23.4,97,0.1,5.0,201,1010.6,99,11.0,12.5,156.0,8.2,31.0,4.6
2025-09-30 07:00:00,2025,9,30,7,An Giang,Xã Giồng Riềng,9.9237413,105.2736878,34,Good,0,24.5,93,0.1,9.6,176,1011.1,92,16.8,18.2,167.0,9.3,24.0,6.4
2025-09-30 08:00:00,2025,9,30,8,An Giang,Xã Giồng Riềng,9.9237413,105.2736878,36,Good,0,27.8,81,0.0,12.6,178,1011.3,74,12.6,15.0,158.0,6.9,36.0,5.3
2025-09-30 09:00:00,2025,9,30,9,An Giang,Xã Giồng Riềng,9.9237413,105.2736878,37,Good,0,29.5,72,0.1,15.6,191,1011.6,37,9.9,12.5,139.0,3.7,54.0,3.7
2025-09-30 10:00:00,2025,9,30,10,An Giang,Xã Giồng Riềng,9.9237413,105.2736878,38,Good,0,30.1,69,0.1,17.1,207,1011.6,81,7.3,9.3,123.0,1.3,66.0,2.5
2025-09-30 11:00:00,2025,9,30,11,An Giang,Xã Giồng Riềng,9.9237413,105.2736878,39,Good,0,31.5,65,0.1,13.7,213,1010.8,100,6.0,7.5,117.0,0.5,69.0,2.0
2025-09-30 12:00:00,2025,9,30,12,An Giang,Xã Giồng Riềng,9.9237413,105.2736878,39,Good,0,32.2,61,0.1,13.3,210,1009.7,100,5.2,6.4,114.0,0.6,68.0,1.9
2025-09-30 13:00:00,2025,9,30,13,An Giang,Xã Giồng Riềng,9.9237413,105.2736878,40,Good,0,31.1,63,0.1,10.7,228,1008.4,100,4.9,6.0,114.0,0.9,66.0,1.9
2025-09-30 14:00:00,2025,9,30,14,An Giang,Xã Giồng Riềng,9.9237413,105.2736878,40,Good,0,27.5,77,7.1,12.3,210,1008.7,100,4.8,5.8,112.0,0.7,65.0,1.6
2025-09-30 15:00:00,2025,9,30,15,An Giang,Xã Giồng Riềng,9.9237413,105.2736878,40,Good,0,27.5,79,0.2,5.5,113,1007.9,100,4.7,5.7,112.0,0.7,62.0,1.4
2025-09-30 16:00:00,2025,9,30,16,An Giang,Xã Giồng Riềng,9.9237413,105.2736878,40,Good,0,28.1,76,0.1,4.7,106,1007.5,100,5.5,6.4,122.0,2.1,58.0,2.0
2025-09-30 17:00:00,2025,9,30,17,An Giang,Xã Giồng Riềng,9.9237413,105.2736878,40,Good,0,28.2,76,0.0,4.1,128,1007.8,99,7.2,8.2,145.0,5.9,51.0,4.0
2025-09-30 18:00:00,2025,9,30,18,An Giang,Xã Giồng Riềng,9.9237413,105.2736878,41,Good,0,26.9,83,0.0,3.6,117,1008.8,100,12.2,12.8,177.0,11.2,42.0,6.8
2025-09-30 19:00:00,2025,9,30,19,An Giang,Xã Giồng Riềng,9.9237413,105.2736878,42,Good,0,26.0,88,0.0,3.5,118,1009.6,100,21.9,23.9,214.0,14.4,31.0,7.8
2025-09-30 20:00:00,2025,9,30,20,An Giang,Xã Giồng Riềng,9.9237413,105.2736878,44,Good,0,25.6,90,0.0,2.4,107,1010.2,97,29.2,31.1,263.0,17.2,27.0,9.4
2025-09-30 21:00:00,2025,9,30,21,An Giang,Xã Giồng Riềng,9.9237413,105.2736878,47,Good,0,25.2,92,0.0,3.9,103,1011.0,98,33.5,35.4,317.0,21.1,21.0,11.6
2025-09-30 22:00:00,2025,9,30,22,An Giang,Xã Giồng Riềng,9.9237413,105.2736878,51,Moderate,1,24.8,95,0.0,3.3,112,1011.9,100,38.0,39.9,356.0,24.5,16.0,13.1
2025-09-30 23:00:00,2025,9,30,23,An Giang,Xã Giồng Riềng,9.9237413,105.2736878,53,Moderate,1,24.8,95,0.0,3.7,129,1012.0,100,41.4,43.3,367.0,26.8,12.0,13.0
2025-10-01 00:00:00,2025,10,1,0,An Giang,Xã Giồng Riềng,9.9237413,105.2736878,56,Moderate,1,24.5,96,0.0,3.7,104,1011.6,100,41.9,43.4,363.0,28.5,8.0,12.2
2025-10-01 01:00:00,2025,10,1,1,An Giang,Xã Giồng Riềng,9.9237413,105.2736878,58,Moderate,1,24.5,96,0.0,4.7,88,1010.9,100,43.7,45.2,360.0,30.1,5.0,11.6
2025-10-01 02:00:00,2025,10,1,2,An Giang,Xã Giồng Riềng,9.9237413,105.2736878,61,Moderate,1,24.4,97,0.0,4.3,92,1010.1,94,49.6,51.2,369.0,32.0,2.0,11.6
2025-10-01 03:00:00,2025,10,1,3,An Giang,Xã Giồng Riềng,9.9237413,105.2736878,64,Moderate,1,24.0,98,0.0,5.4,110,1009.7,99,55.4,56.8,379.0,33.7,0.0,11.8
2025-10-01 04:00:00,2025,10,1,4,An Giang,Xã Giồng Riềng,9.9237413,105.2736878,68,Moderate,1,23.9,98,0.0,6.4,101,1009.4,97,54.1,55.3,376.0,33.8,0.0,12.2
2025-10-01 05:00:00,2025,10,1,5,An Giang,Xã Giồng Riềng,9.9237413,105.2736878,71,Moderate,1,23.9,98,0.0,6.3,92,1009.5,14,50.2,51.5,353.0,31.5,6.0,13.1
2025-10-01 06:00:00,2025,10,1,6,An Giang,Xã Giồng Riềng,9.9237413,105.2736878,75,Moderate,1,23.9,98,0.0,6.7,96,1009.8,0,47.4,48.9,317.0,27.6,15.0,14.1
2025-10-01 07:00:00,2025,10,1,7,An Giang,Xã Giồng Riềng,9.9237413,105.2736878,78,Moderate,1,26.1,93,0.0,4.1,67,1010.8,98,46.7,48.7,279.0,28.7,16.0,15.8
2025-10-01 08:00:00,2025,10,1,8,An Giang,Xã Giồng Riềng,9.9237413,105.2736878,81,Moderate,1,28.5,81,0.0,4.2,108,1011.1,67,37.6,41.0,237.0,22.0,33.0,15.3
2025-10-01 09:00:00,2025,10,1,9,An Giang,Xã Giồng Riềng,9.9237413,105.2736878,83,Moderate,1,30.1,68,0.0,2.0,117,1011.5,26,23.3,27.5,191.0,12.7,58.0,14.5
2025-10-01 10:00:00,2025,10,1,10,An Giang,Xã Giồng Riềng,9.9237413,105.2736878,84,Moderate,1,31.4,61,0.0,1.0,68,1011.4,16,19.4,22.5,159.0,5.6,79.0,13.5
2025-10-01 11:00:00,2025,10,1,11,An Giang,Xã Giồng Riềng,9.9237413,105.2736878,85,Moderate,1,32.2,59,0.0,0.9,127,1010.9,77,18.7,21.0,148.0,2.7,94.0,12.0
2025-10-01 12:00:00,2025,10,1,12,An Giang,Xã Giồng Riềng,9.9237413,105.2736878,86,Moderate,1,32.8,57,0.0,1.5,194,1009.8,95,19.6,21.9,149.0,1.9,105.0,10.2
2025-10-01 13:00:00,2025,10,1,13,An Giang,Xã Giồng Riềng,9.9237413,105.2736878,87,Moderate,1,32.5,55,0.0,2.2,246,1009.0,23,20.1,22.4,152.0,1.7,111.0,8.6
2025-10-01 14:00:00,2025,10,1,14,An Giang,Xã Giồng Riềng,9.9237413,105.2736878,89,Moderate,1,31.0,65,1.9,8.8,293,1008.1,82,19.7,22.0,153.0,1.5,110.0,7.3
2025-10-01 15:00:00,2025,10,1,15,An Giang,Xã Giồng Riềng,9.9237413,105.2736878,90,Moderate,1,30.0,68,0.9,4.5,268,1007.7,100,19.4,21.5,155.0,1.9,104.0,6.3
2025-10-01 16:00:00,2025,10,1,16,An Giang,Xã Giồng Riềng,9.9237413,105.2736878,91,Moderate,1,26.1,84,8.2,4.1,103,1009.1,100,17.4,19.0,156.0,2.9,95.0,5.8
2025-10-01 17:00:00,2025,10,1,17,An Giang,Xã Giồng Riềng,9.9237413,105.2736878,93,Moderate,1,26.0,86,0.7,5.8,182,1008.9,91,16.1,17.2,154.0,5.1,83.0,6.0
2025-10-01 18:00:00,2025,10,1,18,An Giang,Xã Giồng Riềng,9.9237413,105.2736878,93,Moderate,1,25.7,87,0.2,3.8,101,1009.9,29,17.8,18.7,152.0,8.0,69.0,6.8
2025-10-01 19:00:00,2025,10,1,19,An Giang,Xã Giồng Riềng,9.9237413,105.2736878,94,Moderate,1,25.7,94,0.0,2.8,75,1010.3,80,22.2,23.1,155.0,11.7,55.0,8.8
2025-10-01 20:00:00,2025,10,1,20,An Giang,Xã Giồng Riềng,9.9237413,105.2736878,94,Moderate,1,25.5,95,0.0,6.5,98,1010.9,91,21.4,21.9,165.0,11.7,53.0,9.1
2025-10-01 21:00:00,2025,10,1,21,An Giang,Xã Giồng Riềng,9.9237413,105.2736878,93,Moderate,1,25.0,96,0.0,4.3,90,1011.5,100,19.6,20.2,180.0,11.7,50.0,9.4
2025-10-01 22:00:00,2025,10,1,22,An Giang,Xã Giồng Riềng,9.9237413,105.2736878,92,Moderate,1,24.6,98,0.0,3.7,67,1011.9,99,20.3,20.8,197.0,12.2,46.0,9.7
2025-10-01 23:00:00,2025,10,1,23,An Giang,Xã Giồng Riềng,9.9237413,105.2736878,90,Moderate,1,24.2,99,0.0,2.7,58,1011.6,99,22.7,23.2,220.0,13.5,41.0,9.7
2025-10-02 00:00:00,2025,10,2,0,An Giang,Xã Giồng Riềng,9.9237413,105.2736878,89,Moderate,1,24.1,99,0.0,4.0,58,1010.9,100,24.3,24.9,246.0,15.2,35.0,9.7
2025-10-02 01:00:00,2025,10,2,1,An Giang,Xã Giồng Riềng,9.9237413,105.2736878,87,Moderate,1,24.9,99,0.0,4.0,100,1010.0,93,25.4,25.8,263.0,16.8,30.0,9.8
2025-10-02 02:00:00,2025,10,2,2,An Giang,Xã Giồng Riềng,9.9237413,105.2736878,85,Moderate,1,24.6,99,0.0,2.5,120,1009.8,27,26.7,27.1,259.0,18.3,27.0,10.1
2025-10-02 03:00:00,2025,10,2,3,An Giang,Xã Giồng Riềng,9.9237413,105.2736878,83,Moderate,1,24.4,100,0.0,1.0,211,1010.1,99,27.9,28.3,247.0,19.7,24.0,10.7
2025-10-02 04:00:00,2025,10,2,4,An Giang,Xã Giồng Riềng,9.9237413,105.2736878,81,Moderate,1,24.4,95,1.3,2.3,238,1010.1,87,28.8,29.3,253.0,20.4,23.0,11.6
2025-10-02 05:00:00,2025,10,2,5,An Giang,Xã Giồng Riềng,9.9237413,105.2736878,79,Moderate,1,24.5,95,0.1,1.5,76,1010.6,61,32.1,32.7,308.0,20.4,22.0,13.4
2025-10-02 06:00:00,2025,10,2,6,An Giang,Xã Giồng Riềng,9.9237413,105.2736878,77,Moderate,1,24.3,96,0.0,5.6,75,1011.4,35,37.1,37.6,382.0,19.8,23.0,15.7
2025-10-02 07:00:00,2025,10,2,7,An Giang,Xã Giồng Riềng,9.9237413,105.2736878,76,Moderate,1,25.2,96,0.0,4.5,47,1011.3,27,36.2,36.7,413.0,17.5,26.0,12.0
2025-10-02 08:00:00,2025,10,2,8,An Giang,Xã Giồng Riềng,9.9237413,105.2736878,75,Moderate,1,27.8,82,0.0,5.3,45,1012.2,14,22.2,22.8,359.0,14.1,42.0,12.6
2025-10-02 09:00:00,2025,10,2,9,An Giang,Xã Giồng Riềng,9.9237413,105.2736878,74,Moderate,1,29.8,72,0.0,5.3,55,1012.4,9,15.9,16.8,262.0,9.3,65.0,13.4
2025-10-02 10:00:00,2025,10,2,10,An Giang,Xã Giồng Riềng,9.9237413,105.2736878,73,Moderate,1,31.2,65,0.0,5.9,50,1012.2,8,15.8,16.7,189.0,5.5,86.0,13.6
2025-10-02 11:00:00,2025,10,2,11,An Giang,Xã Giồng Riềng,9.9237413,105.2736878,73,Moderate,1,32.3,61,0.0,5.4,60,1011.4,8,17.6,18.4,168.0,3.7,105.0,12.9
2025-10-02 12:00:00,2025,10,2,12,An Giang,Xã Giồng Riềng,9.9237413,105.2736878,73,Moderate,1,33.0,59,0.0,4.4,78,1010.2,23,20.1,20.8,170.0,2.9,121.0,11.6
2025-10-02 13:00:00,2025,10,2,13,An Giang,Xã Giồng Riềng,9.9237413,105.2736878,73,Moderate,1,33.8,52,0.0,7.4,96,1009.1,98,23.2,23.7,175.0,2.6,131.0,10.2
2025-10-02 14:00:00,2025,10,2,14,An Giang,Xã Giồng Riềng,9.9237413,105.2736878,73,Moderate,1,32.3,56,0.0,2.9,184,1008.2,99,25.4,25.8,174.0,2.9,129.0,8.7
2025-10-02 15:00:00,2025,10,2,15,An Giang,Xã Giồng Riềng,9.9237413,105.2736878,74,Moderate,1,28.1,79,1.0,14.4,304,1008.2,75,27.0,27.4,176.0,3.7,119.0,7.1
2025-10-02 16:00:00,2025,10,2,16,An Giang,Xã Giồng Riềng,9.9237413,105.2736878,74,Moderate,1,28.9,71,0.1,8.8,180,1008.3,50,26.9,27.2,185.0,4.7,110.0,6.3
2025-10-02 17:00:00,2025,10,2,17,An Giang,Xã Giồng Riềng,9.9237413,105.2736878,75,Moderate,1,27.1,77,0.1,6.2,187,1008.5,48,25.1,25.3,206.0,5.7,105.0,6.8
2025-10-02 18:00:00,2025,10,2,18,An Giang,Xã Giồng Riềng,9.9237413,105.2736878,76,Moderate,1,26.2,82,0.1,4.6,193,1009.1,39,24.3,24.4,234.0,6.9,101.0,8.0
2025-10-02 19:00:00,2025,10,2,19,An Giang,Xã Giồng Riềng,9.9237413,105.2736878,77,Moderate,1,26.0,92,0.0,1.0,158,1009.2,30,20.7,20.8,263.0,9.1,83.0,9.0
2025-10-02 20:00:00,2025,10,2,20,An Giang,Xã Giồng Riềng,9.9237413,105.2736878,76,Moderate,1,26.0,93,0.0,0.9,11,1009.7,14,22.5,22.6,297.0,10.6,76.0,9.9
2025-10-02 21:00:00,2025,10,2,21,An Giang,Xã Giồng Riềng,9.9237413,105.2736878,77,Moderate,1,25.9,94,0.0,0.5,180,1010.6,13,24.4,24.5,332.0,12.8,65.0,11.1
2025-10-02 22:00:00,2025,10,2,22,An Giang,Xã Giồng Riềng,9.9237413,105.2736878,77,Moderate,1,25.6,95,0.0,3.2,223,1011.0,5,31.1,31.2,345.0,14.8,56.0,11.8
2025-10-02 23:00:00,2025,10,2,23,An Giang,Xã Giồng Riềng,9.9237413,105.2736878,78,Moderate,1,25.2,96,0.0,3.9,204,1010.9,7,32.4,32.5,319.0,16.4,48.0,11.7
2025-10-03 00:00:00,2025,10,3,0,An Giang,Xã Giồng Riềng,9.9237413,105.2736878,79,Moderate,1,25.2,95,0.1,1.5,144,1010.7,89,36.0,36.1,271.0,17.8,42.0,11.2
2025-10-03 01:00:00,2025,10,3,1,An Giang,Xã Giồng Riềng,9.9237413,105.2736878,80,Moderate,1,25.4,97,0.0,5.7,143,1009.6,93,37.4,37.5,233.0,18.7,36.0,10.7
2025-10-03 02:00:00,2025,10,3,2,An Giang,Xã Giồng Riềng,9.9237413,105.2736878,81,Moderate,1,25.0,99,0.0,0.4,360,1009.8,100,37.3,37.4,215.0,19.1,31.0,10.4
2025-10-03 03:00:00,2025,10,3,3,An Giang,Xã Giồng Riềng,9.9237413,105.2736878,82,Moderate,1,24.5,99,0.0,2.0,315,1009.8,98,37.3,37.4,206.0,19.1,28.0,10.2
2025-10-03 04:00:00,2025,10,3,4,An Giang,Xã Giồng Riềng,9.9237413,105.2736878,83,Moderate,1,24.5,98,0.1,2.8,320,1009.8,100,39.8,39.8,204.0,18.7,27.0,10.2
2025-10-03 05:00:00,2025,10,3,5,An Giang,Xã Giồng Riềng,9.9237413,105.2736878,84,Moderate,1,23.9,97,0.7,2.5,262,1010.6,99,41.2,41.3,216.0,18.1,28.0,10.9
2025-10-03 06:00:00,2025,10,3,6,An Giang,Xã Giồng Riềng,9.9237413,105.2736878,84,Moderate,1,23.8,99,0.0,2.5,21,1011.6,100,45.9,46.0,234.0,17.0,31.0,11.9
2025-10-03 07:00:00,2025,10,3,7,An Giang,Xã Giồng Riềng,9.9237413,105.2736878,85,Moderate,1,24.9,94,0.2,4.4,148,1011.7,90,48.8,48.9,239.0,15.9,37.0,14.0
2025-10-03 08:00:00,2025,10,3,8,An Giang,Xã Giồng Riềng,9.9237413,105.2736878,86,Moderate,1,27.0,84,0.1,0.7,166,1012.4,90,23.8,24.4,215.0,12.0,51.0,11.8
2025-10-03 09:00:00,2025,10,3,9,An Giang,Xã Giồng Riềng,9.9237413,105.2736878,87,Moderate,1,29.1,73,0.0,1.8,135,1012.5,95,15.5,16.3,177.0,6.6,71.0,8.8
2025-10-03 10:00:00,2025,10,3,10,An Giang,Xã Giồng Riềng,9.9237413,105.2736878,86,Moderate,1,30.8,67,0.0,4.0,162,1012.2,99,11.9,12.7,148.0,2.6,85.0,6.2
2025-10-03 11:00:00,2025,10,3,11,An Giang,Xã Giồng Riềng,9.9237413,105.2736878,86,Moderate,1,31.6,63,0.0,5.0,167,1011.7,98,11.0,11.9,138.0,1.3,88.0,4.6
2025-10-03 12:00:00,2025,10,3,12,An Giang,Xã Giồng Riềng,9.9237413,105.2736878,86,Moderate,1,32.6,57,0.0,8.1,155,1010.4,100,10.8,11.6,137.0,1.5,85.0,3.4
2025-10-03 13:00:00,2025,10,3,13,An Giang,Xã Giồng Riềng,9.9237413,105.2736878,85,Moderate,1,32.5,56,0.0,8.3,196,1009.3,100,16.4,17.6,138.0,1.9,81.0,2.7
2025-10-03 14:00:00,2025,10,3,14,An Giang,Xã Giồng Riềng,9.9237413,105.2736878,84,Moderate,1,28.4,75,1.9,10.5,286,1009.2,100,11.6,12.3,137.0,1.9,78.0,2.5
2025-10-03 15:00:00,2025,10,3,15,An Giang,Xã Giồng Riềng,9.9237413,105.2736878,83,Moderate,1,26.6,84,1.7,15.0,160,1009.7,100,9.3,9.7,138.0,2.1,74.0,2.7
2025-10-03 16:00:00,2025,10,3,16,An Giang,Xã Giồng Riềng,9.9237413,105.2736878,81,Moderate,1,25.0,93,6.5,8.0,208,1010.5,100,8.6,9.0,147.0,3.6,69.0,3.6
2025-10-03 17:00:00,2025,10,3,17,An Giang,Xã Giồng Riềng,9.9237413,105.2736878,80,Moderate,1,25.1,90,2.4,2.8,145,1009.8,100,8.6,9.0,167.0,7.3,61.0,5.5
2025-10-03 18:00:00,2025,10,3,18,An Giang,Xã Giồng Riềng,9.9237413,105.2736878,78,Moderate,1,24.9,92,0.1,4.9,114,1010.6,100,12.3,12.6,194.0,12.2,52.0,8.1
2025-10-03 19:00:00,2025,10,3,19,An Giang,Xã Giồng Riềng,9.9237413,105.2736878,77,Moderate,1,25.7,90,0.0,4.8,103,1010.5,98,19.7,20.3,223.0,14.4,42.0,9.8
2025-10-03 20:00:00,2025,10,3,20,An Giang,Xã Giồng Riềng,9.9237413,105.2736878,77,Moderate,1,25.5,92,0.0,4.0,122,1011.4,98,26.3,26.9,257.0,15.7,37.0,10.3
2025-10-03 21:00:00,2025,10,3,21,An Giang,Xã Giồng Riềng,9.9237413,105.2736878,77,Moderate,1,25.0,95,0.0,2.9,137,1012.1,99,27.1,27.8,291.0,17.5,31.0,11.0
2025-10-03 22:00:00,2025,10,3,22,An Giang,Xã Giồng Riềng,9.9237413,105.2736878,78,Moderate,1,24.8,95,0.0,3.8,155,1012.8,99,24.4,25.0,310.0,18.2,26.0,11.0
2025-10-03 23:00:00,2025,10,3,23,An Giang,Xã Giồng Riềng,9.9237413,105.2736878,77,Moderate,1,24.7,93,0.0,4.8,165,1012.7,98,22.6,23.6,300.0,16.8,25.0,9.7
2025-10-04 00:00:00,2025,10,4,0,An Giang,Xã Giồng Riềng,9.9237413,105.2736878,76,Moderate,1,24.5,94,0.0,3.8,180,1012.1,98,19.2,20.3,273.0,14.4,26.0,7.8
2025-10-04 01:00:00,2025,10,4,1,An Giang,Xã Giồng Riềng,9.9237413,105.2736878,75,Moderate,1,25.0,94,0.0,4.8,160,1011.4,91,16.6,17.7,250.0,12.8,27.0,6.4
2025-10-04 02:00:00,2025,10,4,2,An Giang,Xã Giồng Riềng,9.9237413,105.2736878,73,Moderate,1,24.8,94,0.0,3.6,160,1011.0,95,15.8,16.8,239.0,12.7,25.0,5.7
2025-10-04 03:00:00,2025,10,4,3,An Giang,Xã Giồng Riềng,9.9237413,105.2736878,71,Moderate,1,24.5,95,0.0,3.1,225,1010.8,97,15.9,16.9,231.0,13.4,23.0,5.5
2025-10-04 04:00:00,2025,10,4,4,An Giang,Xã Giồng Riềng,9.9237413,105.2736878,69,Moderate,1,24.2,97,0.0,2.3,247,1010.7,97,18.1,19.1,225.0,14.1,22.0,5.9
2025-10-04 05:00:00,2025,10,4,5,An Giang,Xã Giồng Riềng,9.9237413,105.2736878,67,Moderate,1,24.0,98,0.0,0.8,135,1010.7,100,23.0,24.1,222.0,15.0,22.0,7.5
2025-10-04 06:00:00,2025,10,4,6,An Giang,Xã Giồng Riềng,9.9237413,105.2736878,66,Moderate,1,23.9,98,0.0,1.6,270,1011.5,100,29.8,31.0,220.0,15.8,23.0,9.7
2025-10-04 07:00:00,2025,10,4,7,An Giang,Xã Giồng Riềng,9.9237413,105.2736878,64,Moderate,1,26.8,89,0.0,2.2,185,1011.4,100,32.4,33.9,211.0,16.6,25.0,10.4
2025-10-04 08:00:00,2025,10,4,8,An Giang,Xã Giồng Riềng,9.9237413,105.2736878,63,Moderate,1,29.5,71,0.0,4.6,222,1012.1,100,11.8,13.6,186.0,12.1,35.0,8.2
2025-10-04 09:00:00,2025,10,4,9,An Giang,Xã Giồng Riềng,9.9237413,105.2736878,62,Moderate,1,26.2,82,5.4,19.6,213,1013.9,100,8.0,9.8,153.0,6.0,50.0,5.2
2025-10-04 10:00:00,2025,10,4,10,An Giang,Xã Giồng Riềng,9.9237413,105.2736878,61,Moderate,1,28.2,74,0.2,8.7,198,1013.0,99,7.3,9.2,129.0,1.5,60.0,2.9
2025-10-04 11:00:00,2025,10,4,11,An Giang,Xã Giồng Riềng,9.9237413,105.2736878,61,Moderate,1,30.2,68,0.0,8.4,205,1012.4,98,6.6,8.5,120.0,0.2,63.0,1.9
2025-10-04 12:00:00,2025,10,4,12,An Giang,Xã Giồng Riềng,9.9237413,105.2736878,60,Moderate,1,31.5,64,0.1,8.3,229,1011.1,100,6.0,7.8,120.0,0.5,61.0,1.7
2025-10-04 13:00:00,2025,10,4,13,An Giang,Xã Giồng Riềng,9.9237413,105.2736878,60,Moderate,1,31.8,60,0.1,11.7,234,1010.8,100,5.5,7.1,121.0,1.0,59.0,1.6
2025-10-04 14:00:00,2025,10,4,14,An Giang,Xã Giồng Riềng,9.9237413,105.2736878,59,Moderate,1,32.2,57,0.0,12.1,238,1009.2,99,5.0,6.4,120.0,1.0,58.0,1.5
2025-10-04 15:00:00,2025,10,4,15,An Giang,Xã Giồng Riềng,9.9237413,105.2736878,58,Moderate,1,31.5,60,0.1,12.5,234,1008.7,81,5.2,6.5,120.0,1.2,55.0,1.6
2025-10-04 16:00:00,2025,10,4,16,An Giang,Xã Giồng Riềng,9.9237413,105.2736878,58,Moderate,1,31.0,61,0.1,13.0,232,1008.6,69,5.5,6.9,129.0,2.0,52.0,2.0
2025-10-04 17:00:00,2025,10,4,17,An Giang,Xã Giồng Riềng,9.9237413,105.2736878,58,Moderate,1,29.5,67,0.0,6.6,196,1009.5,97,6.0,7.2,151.0,3.5,47.0,2.7
2025-10-04 18:00:00,2025,10,4,18,An Giang,Xã Giồng Riềng,9.9237413,105.2736878,57,Moderate,1,28.1,76,0.0,4.5,164,1010.0,100,8.0,9.1,180.0,5.6,41.0,3.7
2025-10-04 19:00:00,2025,10,4,19,An Giang,Xã Giồng Riềng,9.9237413,105.2736878,57,Moderate,1,26.2,93,0.0,5.7,169,1010.3,94,15.8,17.1,209.0,12.2,28.0,6.8
2025-10-04 20:00:00,2025,10,4,20,An Giang,Xã Giồng Riềng,9.9237413,105.2736878,57,Moderate,1,26.1,94,0.0,6.0,163,1011.9,98,20.0,21.1,236.0,14.8,24.0,8.3
2025-10-04 21:00:00,2025,10,4,21,An Giang,Xã Giồng Riềng,9.9237413,105.2736878,56,Moderate,1,26.2,92,0.0,4.5,137,1012.2,100,23.5,24.7,262.0,18.5,18.0,10.2
2025-10-04 22:00:00,2025,10,4,22,An Giang,Xã Giồng Riềng,9.9237413,105.2736878,56,Moderate,1,26.2,91,0.0,5.3,156,1012.7,100,29.7,31.1,282.0,21.4,14.0,11.5
2025-10-04 23:00:00,2025,10,4,23,An Giang,Xã Giồng Riềng,9.9237413,105.2736878,56,Moderate,1,26.1,91,0.0,6.5,167,1012.6,100,33.8,35.0,297.0,23.1,12.0,11.5
2025-10-05 00:00:00,2025,10,5,0,An Giang,Xã Giồng Riềng,9.9237413,105.2736878,57,Moderate,1,25.3,95,0.1,3.5,195,1011.8,99,33.1,34.3,306.0,24.0,10.0,10.7
2025-10-05 01:00:00,2025,10,5,1,An Giang,Xã Giồng Riềng,9.9237413,105.2736878,58,Moderate,1,24.8,96,0.2,3.5,171,1011.8,100,33.5,34.8,303.0,23.9,10.0,9.9
2025-10-05 02:00:00,2025,10,5,2,An Giang,Xã Giồng Riềng,9.9237413,105.2736878,60,Moderate,1,24.8,97,0.2,5.2,164,1011.1,99,32.6,33.8,278.0,22.5,11.0,9.0
2025-10-05 03:00:00,2025,10,5,3,An Giang,Xã Giồng Riềng,9.9237413,105.2736878,61,Moderate,1,24.4,97,0.0,4.2,198,1010.8,100,28.9,30.0,241.0,20.1,14.0,8.1
2025-10-05 04:00:00,2025,10,5,4,An Giang,Xã Giồng Riềng,9.9237413,105.2736878,63,Moderate,1,24.1,98,0.0,4.6,189,1010.8,100,25.3,26.3,214.0,17.6,17.0,7.3
2025-10-05 05:00:00,2025,10,5,5,An Giang,Xã Giồng Riềng,9.9237413,105.2736878,63,Moderate,1,24.4,97,0.0,6.4,188,1011.2,98,24.0,25.1,210.0,15.4,21.0,7.0
2025-10-05 06:00:00,2025,10,5,6,An Giang,Xã Giồng Riềng,9.9237413,105.2736878,63,Moderate,1,24.5,96,0.0,6.6,189,1011.9,100,22.8,23.7,215.0,13.1,26.0,7.0
2025-10-05 07:00:00,2025,10,5,7,An Giang,Xã Giồng Riềng,9.9237413,105.2736878,63,Moderate,1,26.3,90,0.0,8.3,200,1012.4,100,26.6,27.9,212.0,13.9,34.0,9.3
2025-10-05 08:00:00,2025,10,5,8,An Giang,Xã Giồng Riềng,9.9237413,105.2736878,62,Moderate,1,28.1,81,0.0,9.2,200,1013.1,100,12.9,14.7,191.0,10.2,47.0,7.3
2025-10-05 09:00:00,2025,10,5,9,An Giang,Xã Giồng Riềng,9.9237413,105.2736878,62,Moderate,1,28.6,77,0.0,12.3,210,1013.6,100,7.6,9.4,162.0,5.1,65.0,4.5
2025-10-05 10:00:00,2025,10,5,10,An Giang,Xã Giồng Riềng,9.9237413,105.2736878,62,Moderate,1,30.5,67,0.0,13.5,229,1013.3,100,6.7,8.5,139.0,1.3,77.0,2.4
2025-10-05 11:00:00,2025,10,5,11,An Giang,Xã Giồng Riềng,9.9237413,105.2736878,62,Moderate,1,32.2,59,0.1,14.7,243,1012.4,100,6.2,8.1,128.0,0.2,78.0,1.5
2025-10-05 12:00:00,2025,10,5,12,An Giang,Xã Giồng Riềng,9.9237413,105.2736878,62,Moderate,1,32.2,58,0.0,15.9,248,1011.1,100,5.6,7.4,122.0,0.5,74.0,1.3
2025-10-05 13:00:00,2025,10,5,13,An Giang,Xã Giồng Riềng,9.9237413,105.2736878,62,Moderate,1,32.2,58,0.0,15.8,258,1010.7,100,5.2,6.9,119.0,0.9,70.0,1.3
2025-10-05 14:00:00,2025,10,5,14,An Giang,Xã Giồng Riềng,9.9237413,105.2736878,62,Moderate,1,32.0,59,0.0,16.0,255,1009.7,97,5.2,6.8,116.0,0.9,68.0,1.3
2025-10-05 15:00:00,2025,10,5,15,An Giang,Xã Giồng Riềng,9.9237413,105.2736878,62,Moderate,1,31.7,60,0.0,15.5,255,1009.2,78,4.8,6.3,116.0,1.0,66.0,1.4
2025-10-05 16:00:00,2025,10,5,16,An Giang,Xã Giồng Riềng,9.9237413,105.2736878,62,Moderate,1,31.1,61,0.0,14.7,247,1008.8,73,5.0,6.4,121.0,1.8,62.0,1.9
2025-10-05 17:00:00,2025,10,5,17,An Giang,Xã Giồng Riềng,9.9237413,105.2736878,62,Moderate,1,30.0,66,0.0,11.9,241,1008.8,100,5.2,6.6,134.0,3.9,56.0,2.9
2025-10-05 18:00:00,2025,10,5,18,An Giang,Xã Giồng Riềng,9.9237413,105.2736878,62,Moderate,1,28.4,74,0.0,7.2,243,1009.7,92,7.3,8.5,151.0,6.6,49.0,4.2
2025-10-05 19:00:00,2025,10,5,19,An Giang,Xã Giồng Riềng,9.9237413,105.2736878,62,Moderate,1,27.8,81,0.0,7.7,261,1010.7,98,14.4,15.4,166.0,12.0,36.0,6.7
2025-10-05 20:00:00,2025,10,5,20,An Giang,Xã Giồng Riềng,9.9237413,105.2736878,62,Moderate,1,27.3,84,0.0,6.1,238,1011.7,87,19.3,20.3,175.0,13.1,34.0,7.4
2025-10-05 21:00:00,2025,10,5,21,An Giang,Xã Giồng Riềng,9.9237413,105.2736878,62,Moderate,1,26.5,88,0.0,6.6,223,1012.0,91,22.5,23.5,181.0,14.5,32.0,8.2
2025-10-05 22:00:00,2025,10,5,22,An Giang,Xã Giồng Riềng,9.9237413,105.2736878,62,Moderate,1,26.0,90,0.0,7.3,216,1012.2,99,20.3,21.2,184.0,14.8,31.0,8.4
2025-10-05 23:00:00,2025,10,5,23,An Giang,Xã Giồng Riềng,9.9237413,105.2736878,61,Moderate,1,25.6,92,0.0,6.9,225,1012.3,100,15.0,15.9,183.0,12.9,34.0,7.1
2025-10-06 00:00:00,2025,10,6,0,An Giang,Xã Giồng Riềng,9.9237413,105.2736878,59,Moderate,1,25.5,92,0.0,6.7,218,1011.8,100,12.2,13.0,180.0,10.0,39.0,5.2
2025-10-06 01:00:00,2025,10,6,1,An Giang,Xã Giồng Riềng,9.9237413,105.2736878,57,Moderate,1,25.0,96,0.0,6.6,209,1011.2,100,11.4,12.1,174.0,8.1,42.0,3.7
2025-10-06 02:00:00,2025,10,6,2,An Giang,Xã Giồng Riềng,9.9237413,105.2736878,55,Moderate,1,25.1,95,0.0,7.3,216,1010.6,100,11.8,12.6,164.0,8.3,40.0,3.3
2025-10-06 03:00:00,2025,10,6,3,An Giang,Xã Giồng Riềng,9.9237413,105.2736878,53,Moderate,1,24.9,95,0.0,7.8,202,1009.9,98,13.0,13.8,152.0,9.4,37.0,3.4
2025-10-06 04:00:00,2025,10,6,4,An Giang,Xã Giồng Riềng,9.9237413,105.2736878,52,Moderate,1,24.5,96,0.0,7.1,199,1009.9,100,14.8,15.6,147.0,10.3,34.0,3.7
2025-10-06 05:00:00,2025,10,6,5,An Giang,Xã Giồng Riềng,9.9237413,105.2736878,51,Moderate,1,24.4,96,0.0,5.6,202,1010.2,100,17.1,18.0,156.0,10.7,32.0,4.5
2025-10-06 06:00:00,2025,10,6,6,An Giang,Xã Giồng Riềng,9.9237413,105.2736878,50,Good,0,24.3,96,0.0,6.0,185,1010.8,98,19.5,20.4,172.0,10.7,31.0,5.6
2025-10-06 07:00:00,2025,10,6,7,An Giang,Xã Giồng Riềng,9.9237413,105.2736878,50,Good,0,26.8,88,0.0,4.8,205,1011.4,98,24.9,27.0,179.0,11.2,34.0,6.7
2025-10-06 08:00:00,2025,10,6,8,An Giang,Xã Giồng Riềng,9.9237413,105.2736878,50,Good,0,29.2,78,0.0,6.9,219,1012.1,100,12.5,15.1,170.0,8.3,45.0,5.4
2025-10-06 09:00:00,2025,10,6,9,An Giang,Xã Giồng Riềng,9.9237413,105.2736878,50,Good,0,31.0,66,0.1,13.0,233,1012.4,43,8.7,11.1,152.0,4.2,60.0,3.5
2025-10-06 10:00:00,2025,10,6,10,An Giang,Xã Giồng Riềng,9.9237413,105.2736878,50,Good,0,30.8,63,0.7,16.9,259,1012.7,45,7.7,10.2,138.0,1.2,71.0,2.1
2025-10-06 11:00:00,2025,10,6,11,An Giang,Xã Giồng Riềng,9.9237413,105.2736878,50,Good,0,31.8,59,0.1,16.1,248,1012.1,31,7.4,9.9,130.0,0.3,73.0,1.6
2025-10-06 12:00:00,2025,10,6,12,An Giang,Xã Giồng Riềng,9.9237413,105.2736878,50,Good,0,31.1,59,0.3,21.5,251,1011.5,89,7.6,10.1,126.0,0.5,72.0,1.5
2025-10-06 13:00:00,2025,10,6,13,An Giang,Xã Giồng Riềng,9.9237413,105.2736878,50,Good,0,31.1,64,0.1,17.3,254,1010.5,99,8.1,10.6,123.0,0.8,70.0,1.5
2025-10-06 14:00:00,2025,10,6,14,An Giang,Xã Giồng Riềng,9.9237413,105.2736878,51,Moderate,1,32.2,58,0.0,17.7,258,1009.4,98,8.2,10.7,121.0,0.8,70.0,1.4
2025-10-06 15:00:00,2025,10,6,15,An Giang,Xã Giồng Riềng,9.9237413,105.2736878,51,Moderate,1,31.4,59,0.2,18.1,263,1009.0,99,8.4,10.7,122.0,0.8,70.0,1.4
2025-10-06 16:00:00,2025,10,6,16,An Giang,Xã Giồng Riềng,9.9237413,105.2736878,51,Moderate,1,30.1,68,0.0,16.5,264,1009.0,100,8.4,10.6,127.0,1.3,69.0,1.6
2025-10-06 17:00:00,2025,10,6,17,An Giang,Xã Giồng Riềng,9.9237413,105.2736878,52,Moderate,1,29.1,73,0.0,14.3,266,1009.1,100,8.6,10.7,140.0,2.5,65.0,2.3
2025-10-06 18:00:00,2025,10,6,18,An Giang,Xã Giồng Riềng,9.9237413,105.2736878,52,Moderate,1,27.9,80,0.0,8.7,252,1009.6,99,9.8,11.4,157.0,4.1,60.0,3.2
2025-10-06 19:00:00,2025,10,6,19,An Giang,Xã Giồng Riềng,9.9237413,105.2736878,52,Moderate,1,27.4,84,0.0,7.1,232,1010.3,100,16.6,19.0,173.0,7.7,51.0,4.9
2025-10-06 20:00:00,2025,10,6,20,An Giang,Xã Giồng Riềng,9.9237413,105.2736878,52,Moderate,1,26.8,88,0.0,4.9,219,1011.3,100,19.0,21.4,189.0,8.9,47.0,5.6
2025-10-06 21:00:00,2025,10,6,21,An Giang,Xã Giồng Riềng,9.9237413,105.2736878,52,Moderate,1,26.3,90,0.0,5.4,201,1012.2,100,21.5,23.7,203.0,10.5,41.0,6.4
2025-10-06 22:00:00,2025,10,6,22,An Giang,Xã Giồng Riềng,9.9237413,105.2736878,52,Moderate,1,25.9,92,0.0,7.2,202,1012.9,98,22.2,24.3,209.0,11.4,37.0,6.8
2025-10-06 23:00:00,2025,10,6,23,An Giang,Xã Giồng Riềng,9.9237413,105.2736878,52,Moderate,1,25.5,93,0.0,7.4,203,1012.9,100,21.5,23.5,200.0,11.0,36.0,6.2
2025-10-07 00:00:00,2025,10,7,0,An Giang,Xã Giồng Riềng,9.9237413,105.2736878,53,Moderate,1,25.2,94,0.0,8.6,206,1012.7,100,19.7,21.6,182.0,9.9,38.0,5.1
2025-10-07 01:00:00,2025,10,7,1,An Giang,Xã Giồng Riềng,9.9237413,105.2736878,54,Moderate,1,25.9,95,0.0,9.2,191,1011.2,99,18.2,20.0,167.0,8.9,39.0,4.2
2025-10-07 02:00:00,2025,10,7,2,An Giang,Xã Giồng Riềng,9.9237413,105.2736878,54,Moderate,1,26.0,94,0.0,8.4,205,1010.3,99,16.9,18.7,158.0,8.3,40.0,3.7
2025-10-07 03:00:00,2025,10,7,3,An Giang,Xã Giồng Riềng,9.9237413,105.2736878,55,Moderate,1,25.5,96,0.0,7.7,213,1010.0,100,16.0,17.8,151.0,7.9,40.0,3.5
2025-10-07 04:00:00,2025,10,7,4,An Giang,Xã Giồng Riềng,9.9237413,105.2736878,55,Moderate,1,25.3,96,0.0,7.1,207,1009.7,98,15.5,17.3,148.0,7.4,41.0,3.4
2025-10-07 05:00:00,2025,10,7,5,An Giang,Xã Giồng Riềng,9.9237413,105.2736878,55,Moderate,1,25.1,96,0.0,7.0,222,1009.8,78,15.5,17.3,154.0,7.1,41.0,3.7
2025-10-07 06:00:00,2025,10,7,6,An Giang,Xã Giồng Riềng,9.9237413,105.2736878,55,Moderate,1,24.9,96,0.0,6.3,215,1010.4,100,15.5,17.2,164.0,6.7,41.0,4.2
2025-10-07 07:00:00,2025,10,7,7,An Giang,Xã Giồng Riềng,9.9237413,105.2736878,54,Moderate,1,27.0,87,0.0,6.4,209,1011.0,100,14.9,16.2,166.0,7.2,38.0,4.9
2025-10-07 08:00:00,2025,10,7,8,An Giang,Xã Giồng Riềng,9.9237413,105.2736878,54,Moderate,1,28.8,79,0.1,10.9,263,1011.7,79,9.6,11.9,152.0,5.4,43.0,4.0
2025-10-07 09:00:00,2025,10,7,9,An Giang,Xã Giồng Riềng,9.9237413,105.2736878,53,Moderate,1,30.1,71,0.1,12.5,245,1012.4,51,7.6,9.9,131.0,2.8,50.0,2.7
2025-10-07 10:00:00,2025,10,7,10,An Giang,Xã Giồng Riềng,9.9237413,105.2736878,53,Moderate,1,31.5,63,0.0,14.2,258,1012.5,31,6.2,8.2,115.0,1.0,55.0,1.8
2025-10-07 11:00:00,2025,10,7,11,An Giang,Xã Giồng Riềng,9.9237413,105.2736878,53,Moderate,1,29.3,70,1.2,15.5,269,1012.6,77,4.9,6.4,111.0,0.6,57.0,1.6
2025-10-07 12:00:00,2025,10,7,12,An Giang,Xã Giồng Riềng,9.9237413,105.2736878,53,Moderate,1,29.5,65,1.7,19.1,262,1011.9,87,4.9,6.3,113.0,0.9,57.0,1.8
2025-10-07 13:00:00,2025,10,7,13,An Giang,Xã Giồng Riềng,9.9237413,105.2736878,53,Moderate,1,29.2,67,1.6,20.2,265,1011.1,76,4.9,6.3,116.0,1.3,57.0,2.0
2025-10-07 14:00:00,2025,10,7,14,An Giang,Xã Giồng Riềng,9.9237413,105.2736878,52,Moderate,1,30.0,64,0.4,18.0,263,1010.0,95,4.8,6.1,116.0,1.3,56.0,1.9
2025-10-07 15:00:00,2025,10,7,15,An Giang,Xã Giồng Riềng,9.9237413,105.2736878,52,Moderate,1,28.8,73,0.1,17.2,264,1009.8,100,4.5,5.7,116.0,1.4,55.0,1.8
2025-10-07 16:00:00,2025,10,7,16,An Giang,Xã Giồng Riềng,9.9237413,105.2736878,52,Moderate,1,27.5,78,1.3,14.5,259,1009.7,99,4.6,5.7,122.0,1.8,53.0,1.9
2025-10-07 17:00:00,2025,10,7,17,An Giang,Xã Giồng Riềng,9.9237413,105.2736878,51,Moderate,1,27.2,79,0.0,11.8,244,1010.0,93,4.8,6.1,138.0,3.0,50.0,2.4
2025-10-07 18:00:00,2025,10,7,18,An Giang,Xã Giồng Riềng,9.9237413,105.2736878,51,Moderate,1,26.5,84,0.0,8.7,220,1010.3,95,6.5,7.8,160.0,4.6,45.0,3.1
2025-10-07 19:00:00,2025,10,7,19,An Giang,Xã Giồng Riềng,9.9237413,105.2736878,51,Moderate,1,26.0,88,0.0,8.2,220,1011.1,100,12.7,15.0,176.0,7.2,39.0,4.5
2025-10-07 20:00:00,2025,10,7,20,An Giang,Xã Giồng Riềng,9.9237413,105.2736878,50,Good,0,25.6,90,0.0,5.8,216,1012.1,99,13.6,15.8,183.0,7.4,38.0,4.7
2025-10-07 21:00:00,2025,10,7,21,An Giang,Xã Giồng Riềng,9.9237413,105.2736878,50,Good,0,25.5,91,0.0,5.9,203,1012.7,93,14.6,16.7,186.0,7.8,37.0,4.9
2025-10-07 22:00:00,2025,10,7,22,An Giang,Xã Giồng Riềng,9.9237413,105.2736878,49,Good,0,25.2,93,0.0,6.4,209,1012.7,99,15.1,17.3,183.0,8.1,36.0,5.0
2025-10-07 23:00:00,2025,10,7,23,An Giang,Xã Giồng Riềng,9.9237413,105.2736878,47,Good,0,25.4,93,0.0,6.2,216,1012.7,100,15.6,17.9,173.0,8.4,34.0,4.7
2025-10-08 00:00:00,2025,10,8,0,An Giang,Xã Giồng Riềng,9.9237413,105.2736878,46,Good,0,25.4,93,0.0,5.1,212,1012.4,100,15.9,18.2,157.0,8.8,33.0,4.2
2025-10-08 01:00:00,2025,10,8,1,An Giang,Xã Giồng Riềng,9.9237413,105.2736878,46,Good,0,26.1,83,0.0,8.1,233,1010.7,91,16.0,18.2,145.0,8.8,32.0,3.7
2025-10-08 02:00:00,2025,10,8,2,An Giang,Xã Giồng Riềng,9.9237413,105.2736878,45,Good,0,25.7,85,0.0,9.0,224,1010.1,100,15.2,17.3,139.0,8.3,33.0,3.3
2025-10-08 03:00:00,2025,10,8,3,An Giang,Xã Giồng Riềng,9.9237413,105.2736878,45,Good,0,26.1,85,0.0,7.6,242,1010.0,100,14.6,16.6,136.0,7.6,35.0,3.0
2025-10-08 04:00:00,2025,10,8,4,An Giang,Xã Giồng Riềng,9.9237413,105.2736878,45,Good,0,26.1,86,0.0,7.4,256,1009.7,100,12.5,14.4,135.0,6.8,37.0,2.9
2025-10-08 05:00:00,2025,10,8,5,An Giang,Xã Giồng Riềng,9.9237413,105.2736878,44,Good,0,26.2,85,0.1,7.7,258,1009.8,100,9.6,11.2,138.0,6.1,38.0,3.2
2025-10-08 06:00:00,2025,10,8,6,An Giang,Xã Giồng Riềng,9.9237413,105.2736878,43,Good,0,26.0,87,0.0,8.5,252,1010.2,100,8.6,10.1,144.0,5.5,40.0,3.7
2025-10-08 07:00:00,2025,10,8,7,An Giang,Xã Giồng Riềng,9.9237413,105.2736878,42,Good,0,28.4,74,0.4,8.5,266,1010.7,62,10.1,12.2,145.0,4.5,45.0,3.2
2025-10-08 08:00:00,2025,10,8,8,An Giang,Xã Giồng Riềng,9.9237413,105.2736878,41,Good,0,29.7,67,0.1,13.6,278,1011.3,98,9.1,11.4,138.0,3.5,50.0,3.0
2025-10-08 09:00:00,2025,10,8,9,An Giang,Xã Giồng Riềng,9.9237413,105.2736878,41,Good,0,30.6,62,0.0,14.9,287,1011.7,63,7.8,10.0,127.0,2.2,56.0,2.8
2025-10-08 10:00:00,2025,10,8,10,An Giang,Xã Giồng Riềng,9.9237413,105.2736878,41,Good,0,30.6,62,0.1,13.8,292,1011.7,61,6.6,8.7,119.0,1.3,60.0,2.6
2025-10-08 11:00:00,2025,10,8,11,An Giang,Xã Giồng Riềng,9.9237413,105.2736878,41,Good,0,32.2,59,0.0,9.8,296,1010.6,96,5.3,7.0,117.0,1.3,59.0,2.5
2025-10-08 12:00:00,2025,10,8,12,An Giang,Xã Giồng Riềng,9.9237413,105.2736878,41,Good,0,28.8,71,6.7,19.5,265,1010.0,100,5.3,6.5,117.0,1.7,56.0,2.4
2025-10-08 13:00:00,2025,10,8,13,An Giang,Xã Giồng Riềng,9.9237413,105.2736878,41,Good,0,28.0,77,3.8,8.6,285,1008.7,99,4.8,5.6,118.0,2.1,54.0,2.4
2025-10-08 14:00:00,2025,10,8,14,An Giang,Xã Giồng Riềng,9.9237413,105.2736878,41,Good,0,27.7,77,0.2,14.1,247,1008.7,98,4.2,4.9,117.0,2.0,54.0,2.3
2025-10-08 15:00:00,2025,10,8,15,An Giang,Xã Giồng Riềng,9.9237413,105.2736878,41,Good,0,26.5,87,3.7,11.6,258,1008.6,100,3.6,4.1,116.0,1.9,55.0,2.2
2025-10-08 16:00:00,2025,10,8,16,An Giang,Xã Giồng Riềng,9.9237413,105.2736878,41,Good,0,26.0,90,2.7,5.8,272,1008.2,100,3.2,3.7,124.0,2.3,55.0,2.3
2025-10-08 17:00:00,2025,10,8,17,An Giang,Xã Giồng Riềng,9.9237413,105.2736878,41,Good,0,24.9,92,7.4,5.3,213,1009.1,100,4.4,4.7,145.0,3.6,52.0,2.8
2025-10-08 18:00:00,2025,10,8,18,An Giang,Xã Giồng Riềng,9.9237413,105.2736878,41,Good,0,24.2,94,5.2,6.2,240,1010.0,100,6.5,7.1,175.0,5.4,48.0,3.6
2025-10-08 19:00:00,2025,10,8,19,An Giang,Xã Giồng Riềng,9.9237413,105.2736878,41,Good,0,25.1,94,6.8,7.6,277,1008.9,100,9.5,9.7,202.0,10.1,37.0,6.4
2025-10-08 20:00:00,2025,10,8,20,An Giang,Xã Giồng Riềng,9.9237413,105.2736878,40,Good,0,25.4,94,0.2,4.2,290,1009.8,100,12.3,12.5,226.0,11.9,34.0,7.4
2025-10-08 21:00:00,2025,10,8,21,An Giang,Xã Giồng Riềng,9.9237413,105.2736878,40,Good,0,25.4,94,0.0,1.8,225,1010.8,100,15.1,15.4,247.0,14.4,29.0,8.8
2025-10-08 22:00:00,2025,10,8,22,An Giang,Xã Giồng Riềng,9.9237413,105.2736878,40,Good,0,25.4,94,0.0,1.5,144,1011.3,100,20.3,20.8,264.0,16.7,24.0,10.0
2025-10-08 23:00:00,2025,10,8,23,An Giang,Xã Giồng Riềng,9.9237413,105.2736878,41,Good,0,25.1,95,0.0,0.9,169,1011.0,99,21.2,21.7,273.0,18.7,20.0,10.6
2025-10-09 00:00:00,2025,10,9,0,An Giang,Xã Giồng Riềng,9.9237413,105.2736878,42,Good,0,25.0,96,0.0,2.6,25,1010.4,100,22.7,23.2,276.0,20.5,16.0,11.0
2025-10-09 01:00:00,2025,10,9,1,An Giang,Xã Giồng Riềng,9.9237413,105.2736878,43,Good,0,25.0,94,0.0,3.6,250,1010.2,100,25.6,26.1,278.0,21.5,13.0,11.3
2025-10-09 02:00:00,2025,10,9,2,An Giang,Xã Giồng Riềng,9.9237413,105.2736878,45,Good,0,24.0,94,3.9,8.3,354,1009.9,100,26.5,27.0,282.0,21.2,12.0,11.5
2025-10-09 03:00:00,2025,10,9,3,An Giang,Xã Giồng Riềng,9.9237413,105.2736878,47,Good,0,23.4,94,10.4,6.7,236,1010.3,100,24.9,25.2,284.0,20.1,13.0,11.7
2025-10-09 04:00:00,2025,10,9,4,An Giang,Xã Giồng Riềng,9.9237413,105.2736878,49,Good,0,23.3,94,0.5,6.3,37,1009.0,100,22.1,22.4,280.0,18.5,16.0,11.9
2025-10-09 05:00:00,2025,10,9,5,An Giang,Xã Giồng Riềng,9.9237413,105.2736878,50,Good,0,23.0,98,0.1,4.4,235,1009.4,100,20.8,21.0,267.0,16.4,22.0,12.4
2025-10-09 06:00:00,2025,10,9,6,An Giang,Xã Giồng Riềng,9.9237413,105.2736878,51,Moderate,1,22.8,99,0.0,2.9,30,1009.9,100,21.8,21.9,247.0,13.8,30.0,12.9
2025-10-09 07:00:00,2025,10,9,7,An Giang,Xã Giồng Riềng,9.9237413,105.2736878,52,Moderate,1,24.9,91,0.0,4.2,258,1010.1,100,33.5,33.9,227.0,11.1,40.0,12.5
2025-10-09 08:00:00,2025,10,9,8,An Giang,Xã Giồng Riềng,9.9237413,105.2736878,54,Moderate,1,26.6,82,0.0,8.1,271,1010.9,100,29.1,29.7,206.0,8.8,55.0,12.2
2025-10-09 09:00:00,2025,10,9,9,An Giang,Xã Giồng Riềng,9.9237413,105.2736878,56,Moderate,1,28.2,75,0.0,9.8,288,1011.1,99,26.4,27.2,185.0,5.6,77.0,11.6
2025-10-09 10:00:00,2025,10,9,10,An Giang,Xã Giồng Riềng,9.9237413,105.2736878,58,Moderate,1,30.0,66,0.0,10.7,286,1011.1,99,26.8,27.6,168.0,3.2,95.0,10.8
2025-10-09 11:00:00,2025,10,9,11,An Giang,Xã Giồng Riềng,9.9237413,105.2736878,60,Moderate,1,31.2,62,0.1,10.1,282,1010.3,99,26.3,27.0,158.0,2.2,108.0,9.4
2025-10-09 12:00:00,2025,10,9,12,An Giang,Xã Giồng Riềng,9.9237413,105.2736878,61,Moderate,1,30.0,65,0.8,14.3,255,1009.0,100,25.2,25.8,152.0,2.0,118.0,7.8
2025-10-09 13:00:00,2025,10,9,13,An Giang,Xã Giồng Riềng,9.9237413,105.2736878,63,Moderate,1,30.6,58,0.4,10.1,269,1008.7,100,24.3,24.9,149.0,2.0,123.0,6.4
2025-10-09 14:00:00,2025,10,9,14,An Giang,Xã Giồng Riềng,9.9237413,105.2736878,65,Moderate,1,30.8,58,0.0,7.6,288,1007.7,100,23.2,23.7,147.0,2.1,121.0,5.5
2025-10-09 15:00:00,2025,10,9,15,An Giang,Xã Giồng Riềng,9.9237413,105.2736878,67,Moderate,1,29.1,69,0.4,14.9,253,1007.5,100,22.1,22.6,148.0,2.5,113.0,4.9
2025-10-09 16:00:00,2025,10,9,16,An Giang,Xã Giồng Riềng,9.9237413,105.2736878,68,Moderate,1,29.2,68,0.0,10.3,276,1007.2,100,17.5,17.9,158.0,3.3,103.0,4.7
2025-10-09 17:00:00,2025,10,9,17,An Giang,Xã Giồng Riềng,9.9237413,105.2736878,70,Moderate,1,28.2,73,0.0,6.8,272,1007.9,100,12.8,13.2,182.0,4.9,91.0,4.8
2025-10-09 18:00:00,2025,10,9,18,An Giang,Xã Giồng Riềng,9.9237413,105.2736878,70,Moderate,1,27.0,81,0.0,7.3,263,1008.2,100,13.1,13.4,214.0,6.9,76.0,5.3
2025-10-09 19:00:00,2025,10,9,19,An Giang,Xã Giồng Riềng,9.9237413,105.2736878,71,Moderate,1,25.5,92,0.0,4.9,182,1008.5,100,9.5,9.5,242.0,9.4,59.0,7.0
2025-10-09 20:00:00,2025,10,9,20,An Giang,Xã Giồng Riềng,9.9237413,105.2736878,71,Moderate,1,25.6,92,0.0,3.1,170,1009.6,100,16.0,16.3,266.0,12.8,53.0,9.1
2025-10-09 21:00:00,2025,10,9,21,An Giang,Xã Giồng Riềng,9.9237413,105.2736878,71,Moderate,1,25.4,93,0.0,3.4,180,1009.9,100,22.2,22.5,287.0,17.4,43.0,11.9
2025-10-09 22:00:00,2025,10,9,22,An Giang,Xã Giồng Riềng,9.9237413,105.2736878,72,Moderate,1,25.1,95,0.0,2.7,160,1010.1,98,28.6,29.1,295.0,21.2,36.0,13.7
2025-10-09 23:00:00,2025,10,9,23,An Giang,Xã Giồng Riềng,9.9237413,105.2736878,73,Moderate,1,24.9,96,0.0,2.2,125,1009.8,82,31.2,31.7,281.0,23.6,31.0,13.8
2025-10-10 00:00:00,2025,10,10,0,An Giang,Xã Giồng Riềng,9.9237413,105.2736878,73,Moderate,1,24.4,98,0.0,4.0,141,1009.1,0,35.5,36.1,254.0,25.1,27.0,13.0
2025-10-10 01:00:00,2025,10,10,1,An Giang,Xã Giồng Riềng,9.9237413,105.2736878,75,Moderate,1,24.8,97,0.0,5.5,134,1008.5,9,36.3,36.9,233.0,25.0,27.0,11.8
2025-10-10 02:00:00,2025,10,10,2,An Giang,Xã Giồng Riềng,9.9237413,105.2736878,76,Moderate,1,24.8,97,0.1,4.8,146,1008.3,34,31.9,32.4,224.0,22.2,32.0,10.1
2025-10-10 03:00:00,2025,10,10,3,An Giang,Xã Giồng Riềng,9.9237413,105.2736878,76,Moderate,1,24.5,98,0.0,6.0,175,1008.2,37,26.3,26.8,221.0,17.9,39.0,8.0
2025-10-10 04:00:00,2025,10,10,4,An Giang,Xã Giồng Riềng,9.9237413,105.2736878,76,Moderate,1,24.2,99,0.0,5.1,207,1008.4,20,22.3,22.4,219.0,14.2,46.0,6.5
2025-10-10 05:00:00,2025,10,10,5,An Giang,Xã Giồng Riềng,9.9237413,105.2736878,76,Moderate,1,23.8,99,0.0,3.8,229,1008.6,39,20.3,20.4,219.0,12.3,48.0,6.0
2025-10-10 06:00:00,2025,10,10,6,An Giang,Xã Giồng Riềng,9.9237413,105.2736878,76,Moderate,1,23.5,99,0.0,1.4,50,1008.7,85,19.8,19.8,221.0,11.1,49.0,6.2
2025-10-10 07:00:00,2025,10,10,7,An Giang,Xã Giồng Riềng,9.9237413,105.2736878,76,Moderate,1,24.4,93,0.0,2.9,259,1009.7,39,10.8,10.9,222.0,9.5,57.0,6.6
2025-10-10 08:00:00,2025,10,10,8,An Giang,Xã Giồng Riềng,9.9237413,105.2736878,74,Moderate,1,26.9,80,0.0,2.8,55,1010.0,26,7.1,7.2,221.0,7.7,70.0,6.7
2025-10-10 09:00:00,2025,10,10,9,An Giang,Xã Giồng Riềng,9.9237413,105.2736878,72,Moderate,1,29.0,74,0.0,3.6,150,1010.7,55,7.1,7.2,218.0,5.3,88.0,6.9
2025-10-10 10:00:00,2025,10,10,10,An Giang,Xã Giồng Riềng,9.9237413,105.2736878,70,Moderate,1,30.5,68,0.1,4.0,175,1010.8,77,9.4,9.5,213.0,3.4,104.0,7.0
2025-10-10 11:00:00,2025,10,10,11,An Giang,Xã Giồng Riềng,9.9237413,105.2736878,69,Moderate,1,31.5,61,0.1,6.8,158,1009.8,98,11.6,11.7,203.0,2.6,115.0,7.0
2025-10-10 12:00:00,2025,10,10,12,An Giang,Xã Giồng Riềng,9.9237413,105.2736878,67,Moderate,1,29.8,66,1.0,10.5,153,1008.8,94,14.1,14.1,190.0,2.3,123.0,6.9
2025-10-10 13:00:00,2025,10,10,13,An Giang,Xã Giồng Riềng,9.9237413,105.2736878,66,Moderate,1,31.1,58,0.1,17.7,139,1007.7,100,16.5,16.5,180.0,2.3,127.0,6.6
2025-10-10 14:00:00,2025,10,10,14,An Giang,Xã Giồng Riềng,9.9237413,105.2736878,66,Moderate,1,30.0,66,0.2,8.7,97,1007.2,98,18.0,18.2,170.0,2.3,124.0,5.9
2025-10-10 15:00:00,2025,10,10,15,An Giang,Xã Giồng Riềng,9.9237413,105.2736878,65,Moderate,1,28.9,68,0.4,10.1,184,1007.1,58,18.4,18.5,161.0,2.5,117.0,5.0
2025-10-10 16:00:00,2025,10,10,16,An Giang,Xã Giồng Riềng,9.9237413,105.2736878,65,Moderate,1,29.3,69,0.1,6.1,220,1006.9,96,17.1,17.1,168.0,3.7,106.0,4.8
2025-10-10 17:00:00,2025,10,10,17,An Giang,Xã Giồng Riềng,9.9237413,105.2736878,65,Moderate,1,25.6,88,0.9,4.9,182,1008.0,100,15.5,15.6,199.0,6.5,91.0,5.9
2025-10-10 18:00:00,2025,10,10,18,An Giang,Xã Giồng Riềng,9.9237413,105.2736878,65,Moderate,1,25.5,89,0.5,2.8,75,1007.8,100,18.3,18.4,245.0,10.2,74.0,7.6
2025-10-10 19:00:00,2025,10,10,19,An Giang,Xã Giồng Riềng,9.9237413,105.2736878,66,Moderate,1,26.0,93,0.2,2.8,320,1008.0,100,13.3,13.4,288.0,10.7,63.0,8.5
2025-10-10 20:00:00,2025,10,10,20,An Giang,Xã Giồng Riềng,9.9237413,105.2736878,66,Moderate,1,26.5,89,0.0,2.8,285,1008.4,100,14.8,14.9,325.0,11.6,60.0,9.5
2025-10-10 21:00:00,2025,10,10,21,An Giang,Xã Giồng Riềng,9.9237413,105.2736878,66,Moderate,1,26.1,92,0.1,1.7,198,1009.1,100,16.5,16.5,359.0,13.0,55.0,10.9
2025-10-10 22:00:00,2025,10,10,22,An Giang,Xã Giồng Riềng,9.9237413,105.2736878,65,Moderate,1,25.8,95,0.1,8.0,174,1009.8,100,18.6,18.7,385.0,14.1,51.0,11.9
2025-10-10 23:00:00,2025,10,10,23,An Giang,Xã Giồng Riềng,9.9237413,105.2736878,64,Moderate,1,24.5,94,1.0,5.8,178,1010.2,100,21.2,21.3,395.0,14.7,48.0,12.3
2025-10-11 00:00:00,2025,10,11,0,An Giang,Xã Giồng Riềng,9.9237413,105.2736878,64,Moderate,1,24.4,95,0.6,3.3,283,1009.5,99,21.9,22.0,397.0,15.1,46.0,12.4
2025-10-11 01:00:00,2025,10,11,1,An Giang,Xã Giồng Riềng,9.9237413,105.2736878,62,Moderate,1,24.1,96,0.1,2.5,360,1008.9,100,23.5,23.5,410.0,15.7,43.0,12.4
2025-10-11 02:00:00,2025,10,11,2,An Giang,Xã Giồng Riềng,9.9237413,105.2736878,61,Moderate,1,24.1,97,0.0,1.3,315,1008.1,100,22.8,22.8,452.0,17.0,38.0,12.5
2025-10-11 03:00:00,2025,10,11,3,An Giang,Xã Giồng Riềng,9.9237413,105.2736878,60,Moderate,1,23.9,98,0.0,1.1,9,1008.1,90,21.9,21.9,506.0,18.5,33.0,12.5
2025-10-11 04:00:00,2025,10,11,4,An Giang,Xã Giồng Riềng,9.9237413,105.2736878,60,Moderate,1,23.8,99,0.0,2.8,79,1008.0,90,22.9,22.9,536.0,18.9,31.0,12.6
2025-10-11 05:00:00,2025,10,11,5,An Giang,Xã Giồng Riềng,9.9237413,105.2736878,60,Moderate,1,23.5,99,0.0,2.8,105,1008.3,55,23.7,23.7,529.0,17.6,34.0,13.2
2025-10-11 06:00:00,2025,10,11,6,An Giang,Xã Giồng Riềng,9.9237413,105.2736878,60,Moderate,1,23.6,99,0.0,4.0,95,1008.8,61,21.1,21.1,499.0,15.3,39.0,13.9
2025-10-11 07:00:00,2025,10,11,7,An Giang,Xã Giồng Riềng,9.9237413,105.2736878,60,Moderate,1,25.8,92,0.0,2.9,97,1009.4,33,17.3,17.3,452.0,15.3,38.0,17.0
2025-10-11 08:00:00,2025,10,11,8,An Giang,Xã Giồng Riềng,9.9237413,105.2736878,61,Moderate,1,28.0,78,0.0,3.7,141,1009.9,97,10.4,10.4,378.0,12.1,53.0,14.8
2025-10-11 09:00:00,2025,10,11,9,An Giang,Xã Giồng Riềng,9.9237413,105.2736878,61,Moderate,1,29.6,70,0.0,4.9,174,1010.0,88,8.8,8.8,288.0,7.8,73.0,11.7
2025-10-11 10:00:00,2025,10,11,10,An Giang,Xã Giồng Riềng,9.9237413,105.2736878,61,Moderate,1,30.9,66,0.0,6.7,172,1010.2,92,7.7,7.7,217.0,4.3,90.0,8.9
2025-10-11 11:00:00,2025,10,11,11,An Giang,Xã Giồng Riềng,9.9237413,105.2736878,61,Moderate,1,31.5,62,0.0,6.6,171,1009.4,92,6.5,6.5,181.0,2.7,99.0,6.7
2025-10-11 12:00:00,2025,10,11,12,An Giang,Xã Giồng Riềng,9.9237413,105.2736878,61,Moderate,1,32.4,57,0.0,8.5,173,1008.0,79,6.9,7.0,164.0,1.9,103.0,4.7
2025-10-11 13:00:00,2025,10,11,13,An Giang,Xã Giồng Riềng,9.9237413,105.2736878,60,Moderate,1,32.1,55,0.1,7.5,224,1007.2,100,6.5,6.5,156.0,1.6,105.0,3.3
2025-10-11 14:00:00,2025,10,11,14,An Giang,Xã Giồng Riềng,9.9237413,105.2736878,59,Moderate,1,28.6,72,0.8,14.5,226,1007.2,100,5.6,5.6,156.0,1.4,104.0,2.7
2025-10-11 15:00:00,2025,10,11,15,An Giang,Xã Giồng Riềng,9.9237413,105.2736878,58,Moderate,1,28.8,71,0.7,5.6,213,1006.8,100,5.2,5.2,166.0,1.6,100.0,2.6
2025-10-11 16:00:00,2025,10,11,16,An Giang,Xã Giồng Riềng,9.9237413,105.2736878,57,Moderate,1,28.8,70,0.0,5.3,218,1006.7,100,5.0,5.0,176.0,2.5,94.0,3.0
2025-10-11 17:00:00,2025,10,11,17,An Giang,Xã Giồng Riềng,9.9237413,105.2736878,56,Moderate,1,27.4,78,1.2,0.7,256,1007.0,100,4.8,4.8,182.0,4.5,86.0,3.8
2025-10-11 18:00:00,2025,10,11,18,An Giang,Xã Giồng Riềng,9.9237413,105.2736878,55,Moderate,1,26.5,85,0.0,1.9,56,1007.7,100,7.5,7.5,189.0,7.3,75.0,5.1
2025-10-11 19:00:00,2025,10,11,19,An Giang,Xã Giồng Riềng,9.9237413,105.2736878,54,Moderate,1,25.8,91,0.0,4.1,105,1008.7,100,18.9,19.1,202.0,13.7,58.0,8.1
2025-10-11 20:00:00,2025,10,11,20,An Giang,Xã Giồng Riềng,9.9237413,105.2736878,55,Moderate,1,25.8,90,0.0,6.9,84,1009.2,98,22.4,22.6,230.0,16.3,53.0,10.0
2025-10-11 21:00:00,2025,10,11,21,An Giang,Xã Giồng Riềng,9.9237413,105.2736878,55,Moderate,1,25.4,91,0.0,9.2,164,1009.8,100,29.7,30.3,264.0,20.0,47.0,12.7
2025-10-11 22:00:00,2025,10,11,22,An Giang,Xã Giồng Riềng,9.9237413,105.2736878,56,Moderate,1,25.5,90,0.0,6.2,158,1010.1,45,35.9,36.4,283.0,23.9,40.0,15.0
2025-10-11 23:00:00,2025,10,11,23,An Giang,Xã Giồng Riềng,9.9237413,105.2736878,58,Moderate,1,25.1,92,0.0,5.9,200,1009.7,94,39.8,40.7,273.0,27.9,35.0,16.6
2025-10-12 00:00:00,2025,10,12,0,An Giang,Xã Giồng Riềng,9.9237413,105.2736878,60,Moderate,1,25.0,92,0.0,5.3,213,1009.4,100,46.6,47.6,248.0,32.0,29.0,17.7
2025-10-12 01:00:00,2025,10,12,1,An Giang,Xã Giồng Riềng,9.9237413,105.2736878,62,Moderate,1,25.2,94,0.0,6.3,233,1008.8,97,52.0,53.3,223.0,35.5,24.0,18.0
2025-10-12 02:00:00,2025,10,12,2,An Giang,Xã Giồng Riềng,9.9237413,105.2736878,64,Moderate,1,25.1,93,0.0,6.8,230,1008.3,99,59.8,61.2,201.0,38.8,17.0,16.8
2025-10-12 03:00:00,2025,10,12,3,An Giang,Xã Giồng Riềng,9.9237413,105.2736878,68,Moderate,1,24.8,94,0.0,3.5,249,1008.1,91,71.5,71.9,180.0,41.5,11.0,14.8
2025-10-12 04:00:00,2025,10,12,4,An Giang,Xã Giồng Riềng,9.9237413,105.2736878,72,Moderate,1,24.6,94,0.0,4.7,238,1007.9,98,72.4,72.9,169.0,41.8,8.0,13.2
2025-10-12 05:00:00,2025,10,12,5,An Giang,Xã Giồng Riềng,9.9237413,105.2736878,76,Moderate,1,24.5,95,0.0,3.4,196,1008.3,99,74.5,75.0,177.0,38.7,11.0,12.8
2025-10-12 06:00:00,2025,10,12,6,An Giang,Xã Giồng Riềng,9.9237413,105.2736878,81,Moderate,1,24.4,95,0.0,3.1,190,1008.6,95,78.2,78.9,195.0,33.2,17.0,12.9
2025-10-12 07:00:00,2025,10,12,7,An Giang,Xã Giồng Riềng,9.9237413,105.2736878,86,Moderate,1,27.3,87,0.0,4.3,265,1009.0,74,27.5,28.7,204.0,15.0,36.0,8.3
2025-10-12 08:00:00,2025,10,12,8,An Giang,Xã Giồng Riềng,9.9237413,105.2736878,87,Moderate,1,29.5,71,0.0,4.7,252,1010.1,97,12.3,13.8,195.0,11.1,50.0,6.9
2025-10-12 09:00:00,2025,10,12,9,An Giang,Xã Giồng Riềng,9.9237413,105.2736878,87,Moderate,1,30.6,67,0.1,5.9,207,1010.6,82,8.5,10.2,178.0,5.7,70.0,4.9
2025-10-12 10:00:00,2025,10,12,10,An Giang,Xã Giồng Riềng,9.9237413,105.2736878,87,Moderate,1,31.5,62,0.1,7.5,213,1010.6,100,7.3,8.9,165.0,1.7,83.0,3.3
2025-10-12 11:00:00,2025,10,12,11,An Giang,Xã Giồng Riềng,9.9237413,105.2736878,87,Moderate,1,29.8,69,3.6,9.3,257,1010.0,98,6.5,7.9,161.0,0.5,85.0,2.4
2025-10-12 12:00:00,2025,10,12,12,An Giang,Xã Giồng Riềng,9.9237413,105.2736878,87,Moderate,1,26.6,83,11.6,10.2,262,1009.3,100,5.5,6.7,160.0,0.8,81.0,1.9
2025-10-12 13:00:00,2025,10,12,13,An Giang,Xã Giồng Riềng,9.9237413,105.2736878,87,Moderate,1,27.8,75,0.5,6.3,204,1008.0,100,5.4,6.5,160.0,1.3,77.0,1.7
2025-10-12 14:00:00,2025,10,12,14,An Giang,Xã Giồng Riềng,9.9237413,105.2736878,87,Moderate,1,29.9,68,0.2,11.4,215,1007.3,100,5.4,6.4,157.0,1.5,74.0,1.7
2025-10-12 15:00:00,2025,10,12,15,An Giang,Xã Giồng Riềng,9.9237413,105.2736878,87,Moderate,1,29.7,68,0.6,14.3,215,1006.4,100,5.3,6.3,155.0,2.0,69.0,2.1
2025-10-12 16:00:00,2025,10,12,16,An Giang,Xã Giồng Riềng,9.9237413,105.2736878,87,Moderate,1,29.1,71,0.1,8.5,197,1006.6,100,5.9,6.9,161.0,3.1,64.0,2.7
2025-10-12 17:00:00,2025,10,12,17,An Giang,Xã Giồng Riềng,9.9237413,105.2736878,87,Moderate,1,28.5,73,0.0,6.1,183,1007.2,100,6.9,7.9,180.0,5.1,57.0,3.7
2025-10-12 18:00:00,2025,10,12,18,An Giang,Xã Giồng Riềng,9.9237413,105.2736878,87,Moderate,1,27.0,83,0.0,8.4,155,1008.1,100,9.7,10.6,208.0,7.6,49.0,5.0
2025-10-12 19:00:00,2025,10,12,19,An Giang,Xã Giồng Riềng,9.9237413,105.2736878,87,Moderate,1,27.0,85,0.0,8.8,179,1008.7,100,16.4,17.8,241.0,11.0,42.0,6.3
2025-10-12 20:00:00,2025,10,12,20,An Giang,Xã Giồng Riềng,9.9237413,105.2736878,87,Moderate,1,26.5,87,0.0,5.9,157,1009.5,100,16.2,17.6,287.0,11.7,39.0,6.9
2025-10-12 21:00:00,2025,10,12,21,An Giang,Xã Giồng Riềng,9.9237413,105.2736878,86,Moderate,1,26.0,89,0.0,6.6,171,1009.9,100,18.2,19.6,339.0,12.6,35.0,7.7
2025-10-12 22:00:00,2025,10,12,22,An Giang,Xã Giồng Riềng,9.9237413,105.2736878,85,Moderate,1,25.5,90,0.0,4.7,203,1010.2,100,21.0,22.4,371.0,13.8,31.0,8.2
2025-10-12 23:00:00,2025,10,12,23,An Giang,Xã Giồng Riềng,9.9237413,105.2736878,84,Moderate,1,25.1,93,0.0,3.6,200,1010.1,100,21.8,23.1,371.0,15.5,27.0,8.2
2025-10-13 00:00:00,2025,10,13,0,An Giang,Xã Giồng Riềng,9.9237413,105.2736878,83,Moderate,1,24.8,95,0.0,3.1,187,1009.7,100,23.0,24.4,351.0,17.4,24.0,8.0
2025-10-13 01:00:00,2025,10,13,1,An Giang,Xã Giồng Riềng,9.9237413,105.2736878,80,Moderate,1,24.8,97,0.0,3.4,174,1008.8,87,27.1,28.6,326.0,18.3,22.0,7.6
2025-10-13 02:00:00,2025,10,13,2,An Giang,Xã Giồng Riềng,9.9237413,105.2736878,78,Moderate,1,24.6,97,0.0,3.8,163,1008.8,99,30.2,31.4,296.0,17.5,22.0,6.9
2025-10-13 03:00:00,2025,10,13,3,An Giang,Xã Giồng Riềng,9.9237413,105.2736878,76,Moderate,1,24.5,98,0.0,5.2,166,1008.6,72,25.5,26.6,261.0,15.6,23.0,6.1
2025-10-13 04:00:00,2025,10,13,4,An Giang,Xã Giồng Riềng,9.9237413,105.2736878,72,Moderate,1,24.2,99,0.0,4.3,163,1008.6,93,19.2,20.2,238.0,13.7,25.0,5.5
2025-10-13 05:00:00,2025,10,13,5,An Giang,Xã Giồng Riềng,9.9237413,105.2736878,67,Moderate,1,24.1,98,0.0,1.5,187,1008.8,82,15.3,16.1,240.0,12.2,27.0,5.6
2025-10-13 06:00:00,2025,10,13,6,An Giang,Xã Giồng Riềng,9.9237413,105.2736878,62,Moderate,1,24.0,99,0.0,2.4,167,1009.3,84,13.4,14.1,254.0,10.6,31.0,6.0
2025-10-13 07:00:00,2025,10,13,7,An Giang,Xã Giồng Riềng,9.9237413,105.2736878,56,Moderate,1,26.6,89,0.4,3.9,196,1009.8,100,9.0,10.0,254.0,8.4,41.0,4.5
2025-10-13 08:00:00,2025,10,13,8,An Giang,Xã Giồng Riềng,9.9237413,105.2736878,54,Moderate,1,28.9,78,0.0,6.0,217,1010.5,100,8.1,9.1,223.0,6.9,45.0,4.7
2025-10-13 09:00:00,2025,10,13,9,An Giang,Xã Giồng Riềng,9.9237413,105.2736878,54,Moderate,1,30.2,72,0.0,6.8,220,1010.9,99,6.8,8.0,179.0,4.8,52.0,4.9
2025-10-13 10:00:00,2025,10,13,10,An Giang,Xã Giồng Riềng,9.9237413,105.2736878,54,Moderate,1,31.3,66,0.0,7.7,210,1010.6,99,6.4,7.8,144.0,3.1,57.0,4.9
2025-10-13 11:00:00,2025,10,13,11,An Giang,Xã Giồng Riềng,9.9237413,105.2736878,54,Moderate,1,31.9,63,0.0,6.7,196,1010.0,100,6.2,7.6,130.0,2.2,61.0,4.3
2025-10-13 12:00:00,2025,10,13,12,An Giang,Xã Giồng Riềng,9.9237413,105.2736878,54,Moderate,1,31.0,64,0.8,12.4,219,1008.8,100,7.5,9.1,126.0,1.8,64.0,3.3
2025-10-13 13:00:00,2025,10,13,13,An Giang,Xã Giồng Riềng,9.9237413,105.2736878,54,Moderate,1,29.9,70,1.5,12.1,213,1008.3,100,6.6,7.9,125.0,1.7,65.0,2.7
2025-10-13 14:00:00,2025,10,13,14,An Giang,Xã Giồng Riềng,9.9237413,105.2736878,54,Moderate,1,31.2,65,0.1,10.1,197,1007.1,100,6.9,8.0,122.0,1.7,64.0,2.5
2025-10-13 15:00:00,2025,10,13,15,An Giang,Xã Giồng Riềng,9.9237413,105.2736878,54,Moderate,1,29.9,68,0.5,11.3,173,1006.4,100,6.7,7.8,122.0,2.1,61.0,2.5
2025-10-13 16:00:00,2025,10,13,16,An Giang,Xã Giồng Riềng,9.9237413,105.2736878,54,Moderate,1,28.6,74,0.1,10.7,211,1006.6,100,7.0,7.9,132.0,3.4,57.0,3.1
2025-10-13 17:00:00,2025,10,13,17,An Giang,Xã Giồng Riềng,9.9237413,105.2736878,54,Moderate,1,28.2,76,0.0,0.9,191,1007.1,100,7.2,8.2,156.0,5.9,51.0,4.3
2025-10-13 18:00:00,2025,10,13,18,An Giang,Xã Giồng Riềng,9.9237413,105.2736878,54,Moderate,1,27.5,81,0.1,1.7,167,1007.6,99,10.2,11.0,190.0,9.3,43.0,6.1
2025-10-13 19:00:00,2025,10,13,19,An Giang,Xã Giồng Riềng,9.9237413,105.2736878,54,Moderate,1,26.4,88,0.0,2.6,192,1007.9,100,15.4,16.1,223.0,13.3,34.0,8.2
2025-10-13 20:00:00,2025,10,13,20,An Giang,Xã Giồng Riềng,9.9237413,105.2736878,54,Moderate,1,26.4,87,0.0,2.7,132,1008.5,100,17.9,18.5,256.0,15.9,29.0,10.0
2025-10-13 21:00:00,2025,10,13,21,An Giang,Xã Giồng Riềng,9.9237413,105.2736878,54,Moderate,1,26.2,89,0.0,0.6,72,1009.0,100,21.3,22.0,289.0,19.7,23.0,12.5
2025-10-13 22:00:00,2025,10,13,22,An Giang,Xã Giồng Riềng,9.9237413,105.2736878,55,Moderate,1,25.8,92,0.0,2.2,24,1009.3,100,30.9,31.8,312.0,23.4,17.0,14.4
2025-10-13 23:00:00,2025,10,13,23,An Giang,Xã Giồng Riềng,9.9237413,105.2736878,55,Moderate,1,25.7,94,0.0,1.8,37,1009.5,100,36.2,37.0,314.0,27.0,12.0,15.2
2025-10-14 00:00:00,2025,10,14,0,An Giang,Xã Giồng Riềng,9.9237413,105.2736878,57,Moderate,1,25.5,95,0.0,2.7,42,1009.5,100,40.4,41.4,306.0,30.5,8.0,15.4
2025-10-14 01:00:00,2025,10,14,1,An Giang,Xã Giồng Riềng,9.9237413,105.2736878,58,Moderate,1,25.5,97,0.0,3.1,80,1008.6,59,44.1,45.1,310.0,33.2,5.0,15.8
2025-10-14 02:00:00,2025,10,14,2,An Giang,Xã Giồng Riềng,9.9237413,105.2736878,60,Moderate,1,25.3,97,0.0,5.5,109,1008.4,93,43.8,44.8,344.0,35.2,3.0,16.7
2025-10-14 03:00:00,2025,10,14,3,An Giang,Xã Giồng Riềng,9.9237413,105.2736878,61,Moderate,1,25.1,96,0.0,7.3,110,1008.1,85,44.4,45.4,390.0,36.3,3.0,17.8
2025-10-14 04:00:00,2025,10,14,4,An Giang,Xã Giồng Riềng,9.9237413,105.2736878,63,Moderate,1,25.0,97,0.0,4.5,106,1008.1,100,41.1,42.3,419.0,35.6,5.0,18.6
2025-10-14 05:00:00,2025,10,14,5,An Giang,Xã Giồng Riềng,9.9237413,105.2736878,65,Moderate,1,24.7,97,0.0,2.7,98,1008.3,100,32.6,33.9,419.0,32.3,10.0,19.5
2025-10-14 06:00:00,2025,10,14,6,An Giang,Xã Giồng Riềng,9.9237413,105.2736878,66,Moderate,1,24.5,98,0.0,2.3,58,1008.7,100,29.8,31.2,401.0,27.2,19.0,20.1
2025-10-14 07:00:00,2025,10,14,7,An Giang,Xã Giồng Riềng,9.9237413,105.2736878,68,Moderate,1,25.7,94,0.0,6.5,66,1009.5,100,44.4,46.2,370.0,26.5,22.0,15.9
2025-10-14 08:00:00,2025,10,14,8,An Giang,Xã Giồng Riềng,9.9237413,105.2736878,71,Moderate,1,28.4,80,0.1,4.7,122,1010.5,100,28.6,31.3,318.0,19.9,45.0,13.6
2025-10-14 09:00:00,2025,10,14,9,An Giang,Xã Giồng Riềng,9.9237413,105.2736878,73,Moderate,1,29.9,72,0.1,6.7,146,1010.7,100,20.7,23.5,253.0,10.7,77.0,10.4
2025-10-14 10:00:00,2025,10,14,10,An Giang,Xã Giồng Riềng,9.9237413,105.2736878,74,Moderate,1,31.4,64,0.0,7.8,148,1010.5,99,17.0,18.2,202.0,3.9,100.0,7.7
2025-10-14 11:00:00,2025,10,14,11,An Giang,Xã Giồng Riềng,9.9237413,105.2736878,75,Moderate,1,32.2,61,0.0,8.0,160,1009.8,97,17.2,18.2,179.0,1.6,107.0,5.8
2025-10-14 12:00:00,2025,10,14,12,An Giang,Xã Giồng Riềng,9.9237413,105.2736878,76,Moderate,1,33.0,58,0.0,7.9,169,1008.9,100,16.1,17.0,171.0,1.5,106.0,4.4
2025-10-14 13:00:00,2025,10,14,13,An Giang,Xã Giồng Riềng,9.9237413,105.2736878,76,Moderate,1,32.8,56,0.1,9.3,158,1008.2,100,15.7,16.4,167.0,2.0,101.0,3.5
2025-10-14 14:00:00,2025,10,14,14,An Giang,Xã Giồng Riềng,9.9237413,105.2736878,77,Moderate,1,32.0,59,0.0,10.5,187,1007.3,100,16.4,17.1,163.0,2.3,94.0,3.2
2025-10-14 15:00:00,2025,10,14,15,An Giang,Xã Giồng Riềng,9.9237413,105.2736878,78,Moderate,1,27.0,79,6.2,3.3,225,1007.5,100,15.5,16.2,163.0,3.2,84.0,3.5
2025-10-14 16:00:00,2025,10,14,16,An Giang,Xã Giồng Riềng,9.9237413,105.2736878,79,Moderate,1,26.5,86,1.5,1.3,262,1007.1,100,14.7,15.1,174.0,5.0,73.0,4.4
2025-10-14 17:00:00,2025,10,14,17,An Giang,Xã Giồng Riềng,9.9237413,105.2736878,80,Moderate,1,27.1,84,0.3,3.5,105,1007.2,100,16.1,16.5,202.0,8.3,62.0,6.2
2025-10-14 18:00:00,2025,10,14,18,An Giang,Xã Giồng Riềng,9.9237413,105.2736878,80,Moderate,1,26.2,90,0.0,1.7,32,1007.7,100,19.4,19.8,241.0,12.4,51.0,8.6
2025-10-14 19:00:00,2025,10,14,19,An Giang,Xã Giồng Riềng,9.9237413,105.2736878,81,Moderate,1,26.5,90,0.0,2.7,94,1008.0,100,26.1,26.7,281.0,13.9,46.0,9.6
2025-10-14 20:00:00,2025,10,14,20,An Giang,Xã Giồng Riềng,9.9237413,105.2736878,82,Moderate,1,26.6,88,0.0,5.3,102,1008.8,100,26.5,26.9,324.0,14.3,46.0,10.6
2025-10-14 21:00:00,2025,10,14,21,An Giang,Xã Giồng Riềng,9.9237413,105.2736878,83,Moderate,1,26.2,89,0.0,6.1,92,1009.5,100,27.2,27.7,367.0,14.9,45.0,12.1
2025-10-14 22:00:00,2025,10,14,22,An Giang,Xã Giồng Riềng,9.9237413,105.2736878,83,Moderate,1,25.9,90,0.0,6.4,79,1009.8,100,28.5,28.9,392.0,15.6,44.0,13.5
2025-10-14 23:00:00,2025,10,14,23,An Giang,Xã Giồng Riềng,9.9237413,105.2736878,83,Moderate,1,25.6,91,0.0,6.3,77,1009.4,100,28.6,29.0,386.0,16.3,43.0,14.6
2025-10-15 00:00:00,2025,10,15,0,An Giang,Xã Giồng Riềng,9.9237413,105.2736878,83,Moderate,1,25.2,93,0.0,5.5,52,1009.1,95,29.9,30.3,362.0,17.1,41.0,15.6
2025-10-15 01:00:00,2025,10,15,1,An Giang,Xã Giồng Riềng,9.9237413,105.2736878,82,Moderate,1,25.4,96,0.0,4.2,43,1008.5,100,32.7,33.2,340.0,18.3,38.0,16.4
2025-10-15 02:00:00,2025,10,15,2,An Giang,Xã Giồng Riềng,9.9237413,105.2736878,81,Moderate,1,25.4,96,0.0,5.7,46,1007.8,100,37.5,37.8,323.0,20.3,33.0,16.8
2025-10-15 03:00:00,2025,10,15,3,An Giang,Xã Giồng Riềng,9.9237413,105.2736878,80,Moderate,1,25.2,96,0.0,7.1,47,1007.3,100,41.2,41.7,308.0,22.7,28.0,17.1
2025-10-15 04:00:00,2025,10,15,4,An Giang,Xã Giồng Riềng,9.9237413,105.2736878,80,Moderate,1,25.1,96,0.0,8.0,40,1007.3,100,44.5,44.8,301.0,24.1,25.0,17.9
2025-10-15 05:00:00,2025,10,15,5,An Giang,Xã Giồng Riềng,9.9237413,105.2736878,80,Moderate,1,25.0,96,0.0,9.3,50,1007.4,100,46.7,47.0,313.0,24.4,26.0,20.1
2025-10-15 06:00:00,2025,10,15,6,An Giang,Xã Giồng Riềng,9.9237413,105.2736878,81,Moderate,1,25.0,97,0.0,7.7,51,1007.9,100,49.5,49.8,333.0,23.7,29.0,22.8
2025-10-15 07:00:00,2025,10,15,7,An Giang,Xã Giồng Riềng,9.9237413,105.2736878,83,Moderate,1,27.2,89,0.0,7.4,43,1008.4,96,50.9,51.3,336.0,23.5,34.0,24.9
2025-10-15 08:00:00,2025,10,15,8,An Giang,Xã Giồng Riềng,9.9237413,105.2736878,84,Moderate,1,29.5,75,0.0,10.2,67,1008.8,77,36.6,37.4,306.0,18.7,53.0,22.1
2025-10-15 09:00:00,2025,10,15,9,An Giang,Xã Giồng Riềng,9.9237413,105.2736878,84,Moderate,1,31.2,62,0.0,12.4,82,1009.0,54,22.7,23.7,259.0,11.9,79.0,18.2
2025-10-15 10:00:00,2025,10,15,10,An Giang,Xã Giồng Riềng,9.9237413,105.2736878,85,Moderate,1,32.5,56,0.0,12.7,84,1009.1,63,19.4,20.3,221.0,6.6,100.0,14.6
2025-10-15 11:00:00,2025,10,15,11,An Giang,Xã Giồng Riềng,9.9237413,105.2736878,85,Moderate,1,33.2,53,0.0,12.2,82,1008.5,87,19.7,20.5,202.0,3.9,112.0,11.7
2025-10-15 12:00:00,2025,10,15,12,An Giang,Xã Giồng Riềng,9.9237413,105.2736878,85,Moderate,1,33.4,54,0.0,11.0,91,1007.6,69,20.4,21.2,192.0,2.7,120.0,9.2
2025-10-15 13:00:00,2025,10,15,13,An Giang,Xã Giồng Riềng,9.9237413,105.2736878,85,Moderate,1,33.6,52,0.0,11.0,89,1006.7,59,18.5,19.3,185.0,2.2,121.0,7.4
2025-10-15 14:00:00,2025,10,15,14,An Giang,Xã Giồng Riềng,9.9237413,105.2736878,86,Moderate,1,29.5,68,3.3,7.3,80,1006.2,99,17.7,18.4,179.0,2.4,113.0,6.4
2025-10-15 15:00:00,2025,10,15,15,An Giang,Xã Giồng Riềng,9.9237413,105.2736878,86,Moderate,1,31.5,61,0.0,3.9,133,1005.0,89,16.9,17.5,177.0,3.4,98.0,6.2
2025-10-15 16:00:00,2025,10,15,16,An Giang,Xã Giồng Riềng,9.9237413,105.2736878,86,Moderate,1,27.3,83,4.8,13.8,110,1005.9,100,15.1,15.5,181.0,5.2,84.0,6.6
2025-10-15 17:00:00,2025,10,15,17,An Giang,Xã Giồng Riềng,9.9237413,105.2736878,86,Moderate,1,25.8,90,1.1,13.7,73,1007.1,100,15.1,15.5,195.0,8.1,72.0,7.9
2025-10-15 18:00:00,2025,10,15,18,An Giang,Xã Giồng Riềng,9.9237413,105.2736878,86,Moderate,1,25.3,87,0.2,5.9,11,1007.3,100,17.1,17.4,215.0,11.8,61.0,9.9
2025-10-15 19:00:00,2025,10,15,19,An Giang,Xã Giồng Riềng,9.9237413,105.2736878,86,Moderate,1,27.0,86,0.0,8.0,144,1006.9,100,15.4,15.8,235.0,10.4,56.0,8.6
2025-10-15 20:00:00,2025,10,15,20,An Giang,Xã Giồng Riềng,9.9237413,105.2736878,85,Moderate,1,25.3,94,5.0,0.8,315,1008.7,100,15.5,16.1,254.0,12.5,50.0,10.2
2025-10-15 21:00:00,2025,10,15,21,An Giang,Xã Giồng Riềng,9.9237413,105.2736878,84,Moderate,1,25.2,94,1.8,11.3,63,1008.9,100,19.3,19.8,272.0,15.4,42.0,12.3
2025-10-15 22:00:00,2025,10,15,22,An Giang,Xã Giồng Riềng,9.9237413,105.2736878,83,Moderate,1,25.1,93,0.1,7.1,351,1009.1,100,23.9,24.4,285.0,18.0,35.0,14.0
2025-10-15 23:00:00,2025,10,15,23,An Giang,Xã Giồng Riềng,9.9237413,105.2736878,83,Moderate,1,25.0,94,0.0,3.3,354,1008.6,100,24.7,25.3,290.0,20.0,31.0,14.7
2025-10-16 00:00:00,2025,10,16,0,An Giang,Xã Giồng Riềng,9.9237413,105.2736878,82,Moderate,1,24.8,96,0.0,5.6,312,1008.2,100,30.3,30.9,291.0,21.7,28.0,14.9
2025-10-16 01:00:00,2025,10,16,1,An Giang,Xã Giồng Riềng,9.9237413,105.2736878,82,Moderate,1,25.3,98,0.0,5.2,340,1008.2,100,31.8,32.4,290.0,22.7,26.0,15.0
2025-10-16 02:00:00,2025,10,16,2,An Giang,Xã Giồng Riềng,9.9237413,105.2736878,82,Moderate,1,24.5,100,0.7,4.4,78,1007.9,100,30.5,31.0,287.0,22.7,25.0,14.9
2025-10-16 03:00:00,2025,10,16,3,An Giang,Xã Giồng Riềng,9.9237413,105.2736878,82,Moderate,1,24.5,97,0.2,2.3,266,1007.8,100,29.7,30.2,282.0,21.9,25.0,14.7
2025-10-16 04:00:00,2025,10,16,4,An Giang,Xã Giồng Riềng,9.9237413,105.2736878,80,Moderate,1,24.3,98,0.0,1.5,69,1007.3,100,30.2,30.6,282.0,20.7,28.0,14.8
2025-10-16 05:00:00,2025,10,16,5,An Giang,Xã Giồng Riềng,9.9237413,105.2736878,79,Moderate,1,24.1,99,0.0,1.5,21,1007.7,100,30.2,30.6,294.0,19.4,33.0,15.7
2025-10-16 06:00:00,2025,10,16,6,An Giang,Xã Giồng Riềng,9.9237413,105.2736878,78,Moderate,1,24.1,99,0.0,2.5,4,1008.2,100,31.2,31.4,312.0,17.8,40.0,16.8
2025-10-16 07:00:00,2025,10,16,7,An Giang,Xã Giồng Riềng,9.9237413,105.2736878,76,Moderate,1,25.9,87,0.0,5.7,24,1008.8,100,34.1,34.3,316.0,14.9,46.0,13.1
2025-10-16 08:00:00,2025,10,16,8,An Giang,Xã Giồng Riềng,9.9237413,105.2736878,75,Moderate,1,27.9,78,0.0,6.3,18,1009.3,100,26.1,26.6,298.0,11.5,65.0,12.0
2025-10-16 09:00:00,2025,10,16,9,An Giang,Xã Giồng Riềng,9.9237413,105.2736878,74,Moderate,1,29.9,67,0.0,14.0,29,1009.2,100,24.4,25.0,266.0,6.9,90.0,10.4
2025-10-16 10:00:00,2025,10,16,10,An Giang,Xã Giồng Riềng,9.9237413,105.2736878,74,Moderate,1,31.1,62,0.0,14.9,38,1008.9,100,24.7,25.4,235.0,3.4,111.0,9.1
2025-10-16 11:00:00,2025,10,16,11,An Giang,Xã Giồng Riềng,9.9237413,105.2736878,74,Moderate,1,32.2,59,0.0,13.3,32,1008.0,100,24.5,25.2,203.0,2.1,121.0,8.4
2025-10-16 12:00:00,2025,10,16,12,An Giang,Xã Giồng Riềng,9.9237413,105.2736878,75,Moderate,1,33.7,54,0.0,13.8,43,1006.9,100,23.6,24.4,171.0,2.1,126.0,7.9
2025-10-16 13:00:00,2025,10,16,13,An Giang,Xã Giồng Riềng,9.9237413,105.2736878,75,Moderate,1,31.8,57,0.0,16.0,73,1006.1,100,22.9,23.7,152.0,2.3,129.0,7.9
2025-10-16 14:00:00,2025,10,16,14,An Giang,Xã Giồng Riềng,9.9237413,105.2736878,75,Moderate,1,33.1,55,0.0,15.9,76,1005.4,100,22.4,23.1,155.0,2.5,131.0,8.3
2025-10-16 15:00:00,2025,10,16,15,An Giang,Xã Giồng Riềng,9.9237413,105.2736878,76,Moderate,1,30.8,66,1.0,20.0,101,1005.1,100,21.5,22.2,171.0,3.0,132.0,9.1
2025-10-16 16:00:00,2025,10,16,16,An Giang,Xã Giồng Riềng,9.9237413,105.2736878,76,Moderate,1,30.5,65,0.0,12.0,97,1004.8,100,24.1,24.7,184.0,4.3,129.0,10.2
2025-10-16 17:00:00,2025,10,16,17,An Giang,Xã Giồng Riềng,9.9237413,105.2736878,77,Moderate,1,30.2,64,0.0,17.1,68,1005.9,100,25.2,25.7,190.0,6.9,121.0,12.0
2025-10-16 18:00:00,2025,10,16,18,An Giang,Xã Giồng Riềng,9.9237413,105.2736878,79,Moderate,1,28.1,75,0.0,12.0,60,1005.8,100,27.5,27.8,193.0,10.3,110.0,14.1
2025-10-16 19:00:00,2025,10,16,19,An Giang,Xã Giồng Riềng,9.9237413,105.2736878,79,Moderate,1,27.5,82,0.0,10.4,51,1006.7,100,22.1,22.5,195.0,10.4,94.0,12.4
2025-10-16 20:00:00,2025,10,16,20,An Giang,Xã Giồng Riềng,9.9237413,105.2736878,79,Moderate,1,27.0,82,0.0,7.8,56,1007.9,100,25.5,25.8,194.0,13.4,82.0,13.7
2025-10-16 21:00:00,2025,10,16,21,An Giang,Xã Giồng Riềng,9.9237413,105.2736878,80,Moderate,1,26.9,84,0.0,9.7,63,1008.4,100,28.6,29.0,191.0,17.5,65.0,15.5
2025-10-16 22:00:00,2025,10,16,22,An Giang,Xã Giồng Riềng,9.9237413,105.2736878,81,Moderate,1,26.6,86,0.0,8.6,57,1008.9,100,34.8,35.3,190.0,20.7,52.0,16.7
2025-10-16 23:00:00,2025,10,16,23,An Giang,Xã Giồng Riềng,9.9237413,105.2736878,82,Moderate,1,26.4,88,0.0,6.8,55,1008.8,100,41.6,42.1,197.0,22.1,45.0,16.8
2025-10-17 00:00:00,2025,10,17,0,An Giang,Xã Giồng Riềng,9.9237413,105.2736878,84,Moderate,1,25.9,91,0.0,7.4,56,1008.8,100,42.7,43.3,207.0,22.4,42.0,16.3
2025-10-17 01:00:00,2025,10,17,1,An Giang,Xã Giồng Riềng,9.9237413,105.2736878,85,Moderate,1,26.1,92,0.5,8.5,90,1008.2,100,40.3,40.6,205.0,22.1,40.0,15.6
2025-10-17 02:00:00,2025,10,17,2,An Giang,Xã Giồng Riềng,9.9237413,105.2736878,85,Moderate,1,24.7,95,5.3,9.2,86,1008.4,100,35.6,36.1,178.0,20.9,38.0,14.4
2025-10-17 03:00:00,2025,10,17,3,An Giang,Xã Giồng Riềng,9.9237413,105.2736878,86,Moderate,1,24.1,96,8.6,4.8,112,1008.0,100,31.7,32.4,140.0,19.0,37.0,13.0
2025-10-17 04:00:00,2025,10,17,4,An Giang,Xã Giồng Riềng,9.9237413,105.2736878,86,Moderate,1,24.2,97,0.9,11.8,78,1008.0,100,30.4,31.0,114.0,17.3,37.0,12.3
2025-10-17 05:00:00,2025,10,17,5,An Giang,Xã Giồng Riềng,9.9237413,105.2736878,86,Moderate,1,24.3,94,0.1,9.5,76,1008.3,100,28.3,28.5,114.0,16.1,37.0,12.9
2025-10-17 06:00:00,2025,10,17,6,An Giang,Xã Giồng Riềng,9.9237413,105.2736878,86,Moderate,1,24.4,93,0.0,9.5,92,1009.1,20,29.0,29.2,126.0,15.1,37.0,14.2
2025-10-17 07:00:00,2025,10,17,7,An Giang,Xã Giồng Riềng,9.9237413,105.2736878,86,Moderate,1,26.6,90,0.0,4.9,88,1009.5,100,19.3,19.7,134.0,13.9,47.0,15.3
2025-10-17 08:00:00,2025,10,17,8,An Giang,Xã Giồng Riềng,9.9237413,105.2736878,84,Moderate,1,28.8,77,0.1,10.1,84,1010.1,100,14.7,15.2,132.0,12.0,59.0,15.8
2025-10-17 09:00:00,2025,10,17,9,An Giang,Xã Giồng Riềng,9.9237413,105.2736878,83,Moderate,1,30.4,69,0.1,15.3,89,1010.6,100,14.3,14.7,126.0,9.3,75.0,16.3
2025-10-17 10:00:00,2025,10,17,10,An Giang,Xã Giồng Riềng,9.9237413,105.2736878,83,Moderate,1,30.9,66,0.7,19.1,87,1010.6,100,14.7,15.1,122.0,6.9,91.0,16.1
2025-10-17 11:00:00,2025,10,17,11,An Giang,Xã Giồng Riềng,9.9237413,105.2736878,82,Moderate,1,32.0,59,0.0,17.9,100,1009.6,100,14.8,15.3,123.0,5.0,106.0,14.5
2025-10-17 12:00:00,2025,10,17,12,An Giang,Xã Giồng Riềng,9.9237413,105.2736878,81,Moderate,1,30.5,66,0.1,17.1,102,1008.8,100,15.9,16.4,127.0,3.3,120.0,12.1
2025-10-17 13:00:00,2025,10,17,13,An Giang,Xã Giồng Riềng,9.9237413,105.2736878,80,Moderate,1,32.1,59,3.1,16.2,103,1007.7,98,16.7,17.2,130.0,2.4,128.0,10.3
2025-10-17 14:00:00,2025,10,17,14,An Giang,Xã Giồng Riềng,9.9237413,105.2736878,80,Moderate,1,31.1,64,0.6,17.3,68,1006.8,80,17.6,18.2,131.0,2.4,127.0,9.2
2025-10-17 15:00:00,2025,10,17,15,An Giang,Xã Giồng Riềng,9.9237413,105.2736878,79,Moderate,1,30.7,68,3.1,10.9,103,1006.3,99,17.9,18.5,133.0,3.2,120.0,8.7
2025-10-17 16:00:00,2025,10,17,16,An Giang,Xã Giồng Riềng,9.9237413,105.2736878,79,Moderate,1,30.5,63,0.0,13.5,81,1005.9,100,19.0,19.4,137.0,4.8,112.0,9.0
2025-10-17 17:00:00,2025,10,17,17,An Giang,Xã Giồng Riềng,9.9237413,105.2736878,78,Moderate,1,29.6,67,0.0,14.1,104,1006.2,100,19.8,20.1,143.0,7.7,103.0,10.7
2025-10-17 18:00:00,2025,10,17,18,An Giang,Xã Giồng Riềng,9.9237413,105.2736878,78,Moderate,1,27.9,78,0.1,9.1,111,1006.9,100,22.5,22.8,152.0,11.3,93.0,13.3
2025-10-17 19:00:00,2025,10,17,19,An Giang,Xã Giồng Riềng,9.9237413,105.2736878,77,Moderate,1,28.0,77,0.0,8.7,83,1007.3,100,23.0,23.4,171.0,14.1,76.0,14.8
2025-10-17 20:00:00,2025,10,17,20,An Giang,Xã Giồng Riềng,9.9237413,105.2736878,78,Moderate,1,28.0,77,0.0,7.8,77,1008.4,96,26.8,27.6,211.0,17.7,69.0,17.3
2025-10-17 21:00:00,2025,10,17,21,An Giang,Xã Giồng Riềng,9.9237413,105.2736878,78,Moderate,1,27.6,79,0.0,7.7,87,1008.8,98,33.3,34.2,261.0,22.6,59.0,20.8
2025-10-17 22:00:00,2025,10,17,22,An Giang,Xã Giồng Riềng,9.9237413,105.2736878,78,Moderate,1,27.1,83,0.1,7.3,73,1009.5,100,42.1,43.2,290.0,26.3,51.0,23.1
2025-10-17 23:00:00,2025,10,17,23,An Giang,Xã Giồng Riềng,9.9237413,105.2736878,79,Moderate,1,26.6,87,0.0,4.2,80,1009.0,59,48.4,50.2,281.0,27.7,46.0,23.1
2025-10-18 00:00:00,2025,10,18,0,An Giang,Xã Giồng Riềng,9.9237413,105.2736878,79,Moderate,1,25.9,91,0.3,6.0,80,1008.8,96,49.7,51.7,253.0,27.8,42.0,21.8
2025-10-18 01:00:00,2025,10,18,1,An Giang,Xã Giồng Riềng,9.9237413,105.2736878,80,Moderate,1,25.4,96,0.1,9.7,79,1008.7,100,47.7,49.5,229.0,27.4,39.0,20.7
2025-10-18 02:00:00,2025,10,18,2,An Giang,Xã Giồng Riềng,9.9237413,105.2736878,81,Moderate,1,25.4,93,0.1,9.6,84,1007.9,65,49.0,50.5,220.0,26.5,37.0,20.1
2025-10-18 03:00:00,2025,10,18,3,An Giang,Xã Giồng Riềng,9.9237413,105.2736878,82,Moderate,1,24.8,94,0.1,8.4,97,1008.1,99,49.8,51.2,216.0,24.9,37.0,19.7
2025-10-18 04:00:00,2025,10,18,4,An Giang,Xã Giồng Riềng,9.9237413,105.2736878,83,Moderate,1,24.6,94,0.0,6.5,114,1007.6,100,42.8,43.9,212.0,23.3,38.0,19.2
2025-10-18 05:00:00,2025,10,18,5,An Giang,Xã Giồng Riềng,9.9237413,105.2736878,84,Moderate,1,24.5,95,0.0,9.3,100,1007.9,100,33.9,34.8,210.0,21.9,40.0,18.6
2025-10-18 06:00:00,2025,10,18,6,An Giang,Xã Giồng Riềng,9.9237413,105.2736878,85,Moderate,1,24.3,95,0.0,6.4,108,1008.3,100,29.5,30.3,208.0,20.3,44.0,18.0
2025-10-18 07:00:00,2025,10,18,7,An Giang,Xã Giồng Riềng,9.9237413,105.2736878,85,Moderate,1,27.0,87,0.0,5.5,117,1008.7,100,12.2,12.9,199.0,10.8,47.0,10.0
2025-10-18 08:00:00,2025,10,18,8,An Giang,Xã Giồng Riềng,9.9237413,105.2736878,84,Moderate,1,29.0,73,0.0,12.1,108,1009.4,99,9.1,9.7,176.0,9.3,52.0,10.3
2025-10-18 09:00:00,2025,10,18,9,An Giang,Xã Giồng Riềng,9.9237413,105.2736878,84,Moderate,1,30.1,68,0.0,14.3,96,1009.7,100,10.8,11.6,146.0,7.2,59.0,10.8
2025-10-18 10:00:00,2025,10,18,10,An Giang,Xã Giồng Riềng,9.9237413,105.2736878,84,Moderate,1,31.2,62,0.0,15.7,93,1009.9,100,10.3,11.0,125.0,5.6,65.0,10.7
2025-10-18 11:00:00,2025,10,18,11,An Giang,Xã Giồng Riềng,9.9237413,105.2736878,83,Moderate,1,32.3,55,0.0,15.5,89,1009.0,100,9.1,9.7,122.0,4.9,67.0,9.6
2025-10-18 12:00:00,2025,10,18,12,An Giang,Xã Giồng Riềng,9.9237413,105.2736878,83,Moderate,1,26.1,86,3.7,17.5,132,1008.8,99,10.1,10.7,127.0,4.6,68.0,7.9
2025-10-18 13:00:00,2025,10,18,13,An Giang,Xã Giồng Riềng,9.9237413,105.2736878,82,Moderate,1,30.2,67,0.0,10.0,104,1007.9,100,9.0,9.4,131.0,4.5,70.0,7.1
2025-10-18 14:00:00,2025,10,18,14,An Giang,Xã Giồng Riềng,9.9237413,105.2736878,82,Moderate,1,32.0,60,0.1,15.1,105,1006.0,100,8.8,9.1,127.0,4.2,78.0,7.7
2025-10-18 15:00:00,2025,10,18,15,An Giang,Xã Giồng Riềng,9.9237413,105.2736878,81,Moderate,1,29.5,68,1.3,17.6,106,1006.1,100,9.2,9.5,122.0,4.1,87.0,9.1
2025-10-18 16:00:00,2025,10,18,16,An Giang,Xã Giồng Riềng,9.9237413,105.2736878,80,Moderate,1,29.7,68,0.0,12.0,106,1006.1,100,9.9,10.1,122.0,4.7,92.0,10.5
2025-10-18 17:00:00,2025,10,18,17,An Giang,Xã Giồng Riềng,9.9237413,105.2736878,79,Moderate,1,28.9,69,0.0,13.2,102,1006.5,100,10.7,10.9,129.0,6.6,88.0,11.5
2025-10-18 18:00:00,2025,10,18,18,An Giang,Xã Giồng Riềng,9.9237413,105.2736878,78,Moderate,1,27.7,76,0.0,11.2,89,1007.0,95,12.4,12.5,142.0,9.2,78.0,12.5
2025-10-18 19:00:00,2025,10,18,19,An Giang,Xã Giồng Riềng,9.9237413,105.2736878,77,Moderate,1,25.8,87,0.0,5.5,52,1007.0,100,14.1,14.8,159.0,16.0,43.0,13.3
2025-10-18 20:00:00,2025,10,18,20,An Giang,Xã Giồng Riềng,9.9237413,105.2736878,77,Moderate,1,25.7,89,0.0,7.5,63,1007.8,100,15.6,16.3,186.0,17.2,40.0,13.9
2025-10-18 21:00:00,2025,10,18,21,An Giang,Xã Giồng Riềng,9.9237413,105.2736878,76,Moderate,1,25.6,91,0.0,6.3,70,1008.5,100,17.8,18.5,218.0,18.9,35.0,14.8
2025-10-18 22:00:00,2025,10,18,22,An Giang,Xã Giồng Riềng,9.9237413,105.2736878,74,Moderate,1,25.4,93,0.0,3.1,66,1008.4,84,19.4,20.3,238.0,20.6,30.0,15.4
2025-10-18 23:00:00,2025,10,18,23,An Giang,Xã Giồng Riềng,9.9237413,105.2736878,72,Moderate,1,25.0,95,0.0,5.7,44,1008.4,80,21.4,22.2,234.0,22.3,26.0,15.6
2025-10-19 00:00:00,2025,10,19,0,An Giang,Xã Giồng Riềng,9.9237413,105.2736878,70,Moderate,1,24.8,97,0.0,4.2,47,1008.0,98,23.3,24.2,217.0,24.0,23.0,15.5
2025-10-19 01:00:00,2025,10,19,1,An Giang,Xã Giồng Riềng,9.9237413,105.2736878,68,Moderate,1,25.1,95,0.0,8.0,44,1007.1,100,24.8,25.7,205.0,25.5,20.0,15.7
2025-10-19 02:00:00,2025,10,19,2,An Giang,Xã Giồng Riềng,9.9237413,105.2736878,66,Moderate,1,25.0,95,0.0,6.6,33,1006.3,99,25.8,26.9,206.0,27.0,18.0,16.3
2025-10-19 03:00:00,2025,10,19,3,An Giang,Xã Giồng Riềng,9.9237413,105.2736878,63,Moderate,1,24.7,96,0.0,6.1,28,1005.7,99,26.7,27.9,213.0,28.2,16.0,17.2
2025-10-19 04:00:00,2025,10,19,4,An Giang,Xã Giồng Riềng,9.9237413,105.2736878,61,Moderate,1,24.5,97,0.0,6.8,40,1005.8,100,27.5,28.8,219.0,28.5,17.0,18.2
2025-10-19 05:00:00,2025,10,19,5,An Giang,Xã Giồng Riềng,9.9237413,105.2736878,60,Moderate,1,24.4,97,0.0,7.3,20,1006.1,93,28.5,29.9,226.0,27.5,20.0,19.7
2025-10-19 06:00:00,2025,10,19,6,An Giang,Xã Giồng Riềng,9.9237413,105.2736878,60,Moderate,1,24.5,97,0.0,7.5,27,1006.6,95,30.2,31.7,234.0,25.5,24.0,21.3
2025-10-19 07:00:00,2025,10,19,7,An Giang,Xã Giồng Riềng,9.9237413,105.2736878,60,Moderate,1,26.4,89,0.0,7.1,36,1007.5,87,28.8,30.7,231.0,20.7,26.0,22.2
2025-10-19 08:00:00,2025,10,19,8,An Giang,Xã Giồng Riềng,9.9237413,105.2736878,61,Moderate,1,28.7,77,0.0,11.6,69,1008.0,100,26.0,28.7,210.0,17.5,41.0,21.9
2025-10-19 09:00:00,2025,10,19,9,An Giang,Xã Giồng Riềng,9.9237413,105.2736878,63,Moderate,1,30.3,68,0.2,13.9,79,1008.5,98,22.2,25.1,178.0,13.0,62.0,21.4
2025-10-19 10:00:00,2025,10,19,10,An Giang,Xã Giồng Riềng,9.9237413,105.2736878,64,Moderate,1,31.6,63,0.0,14.3,75,1008.2,99,19.4,20.8,155.0,9.0,82.0,20.1
2025-10-19 11:00:00,2025,10,19,11,An Giang,Xã Giồng Riềng,9.9237413,105.2736878,64,Moderate,1,33.1,56,0.0,14.6,77,1007.5,100,19.1,20.0,147.0,6.1,101.0,17.2
2025-10-19 12:00:00,2025,10,19,12,An Giang,Xã Giồng Riềng,9.9237413,105.2736878,65,Moderate,1,33.9,53,0.0,13.4,78,1006.2,99,19.0,19.8,148.0,3.7,118.0,13.4
2025-10-19 13:00:00,2025,10,19,13,An Giang,Xã Giồng Riềng,9.9237413,105.2736878,66,Moderate,1,34.3,49,0.0,14.9,82,1005.3,99,18.7,19.5,150.0,2.2,129.0,10.4
2025-10-19 14:00:00,2025,10,19,14,An Giang,Xã Giồng Riềng,9.9237413,105.2736878,67,Moderate,1,34.3,48,0.0,14.0,89,1004.2,98,17.8,18.5,149.0,1.8,129.0,8.8
2025-10-19 15:00:00,2025,10,19,15,An Giang,Xã Giồng Riềng,9.9237413,105.2736878,68,Moderate,1,32.8,53,0.0,8.8,129,1003.7,99,18.3,19.0,151.0,2.4,123.0,7.9
2025-10-19 16:00:00,2025,10,19,16,An Giang,Xã Giồng Riềng,9.9237413,105.2736878,69,Moderate,1,28.5,73,5.2,4.0,117,1005.0,98,18.6,19.2,161.0,3.6,114.0,7.6
2025-10-19 17:00:00,2025,10,19,17,An Giang,Xã Giồng Riềng,9.9237413,105.2736878,69,Moderate,1,27.8,78,0.3,4.5,157,1005.4,99,19.8,20.4,186.0,5.8,102.0,7.9
2025-10-19 18:00:00,2025,10,19,18,An Giang,Xã Giồng Riềng,9.9237413,105.2736878,70,Moderate,1,27.3,82,0.0,2.6,164,1005.8,100,23.6,23.9,220.0,8.7,87.0,8.6
2025-10-19 19:00:00,2025,10,19,19,An Giang,Xã Giồng Riềng,9.9237413,105.2736878,71,Moderate,1,27.0,90,0.0,10.0,116,1006.4,100,25.0,25.3,254.0,9.7,78.0,9.1
2025-10-19 20:00:00,2025,10,19,20,An Giang,Xã Giồng Riềng,9.9237413,105.2736878,72,Moderate,1,26.9,88,0.1,4.6,116,1006.9,100,24.7,24.9,293.0,9.7,76.0,9.3
2025-10-19 21:00:00,2025,10,19,21,An Giang,Xã Giồng Riềng,9.9237413,105.2736878,73,Moderate,1,26.5,91,0.0,2.1,149,1007.4,100,26.4,26.6,332.0,9.7,73.0,9.6
2025-10-19 22:00:00,2025,10,19,22,An Giang,Xã Giồng Riềng,9.9237413,105.2736878,74,Moderate,1,26.3,91,0.0,0.6,342,1007.7,74,24.4,24.7,350.0,9.9,69.0,9.6
2025-10-19 23:00:00,2025,10,19,23,An Giang,Xã Giồng Riềng,9.9237413,105.2736878,74,Moderate,1,25.5,93,0.3,5.6,303,1008.1,71,25.0,25.1,330.0,10.5,64.0,9.1
2025-10-20 00:00:00,2025,10,20,0,An Giang,Xã Giồng Riềng,9.9237413,105.2736878,74,Moderate,1,25.5,94,0.0,4.9,298,1007.7,60,24.1,24.3,289.0,11.3,58.0,8.4
2025-10-20 01:00:00,2025,10,20,1,An Giang,Xã Giồng Riềng,9.9237413,105.2736878,75,Moderate,1,26.4,94,0.0,4.5,355,1007.1,98,25.3,25.5,249.0,12.2,52.0,8.0
2025-10-20 02:00:00,2025,10,20,2,An Giang,Xã Giồng Riềng,9.9237413,105.2736878,75,Moderate,1,25.2,95,2.5,8.5,342,1006.5,100,26.4,26.5,214.0,13.5,46.0,8.1
2025-10-20 03:00:00,2025,10,20,3,An Giang,Xã Giồng Riềng,9.9237413,105.2736878,75,Moderate,1,25.0,96,0.2,7.1,336,1006.3,100,28.0,28.1,181.0,15.0,41.0,8.5
2025-10-20 04:00:00,2025,10,20,4,An Giang,Xã Giồng Riềng,9.9237413,105.2736878,75,Moderate,1,24.9,96,0.0,6.1,3,1005.8,100,28.5,28.6,161.0,15.9,37.0,9.2
2025-10-20 05:00:00,2025,10,20,5,An Giang,Xã Giồng Riềng,9.9237413,105.2736878,75,Moderate,1,24.4,98,0.0,5.5,351,1006.1,100,28.2,28.3,166.0,16.0,34.0,10.4
2025-10-20 06:00:00,2025,10,20,6,An Giang,Xã Giồng Riềng,9.9237413,105.2736878,75,Moderate,1,24.2,98,0.0,4.6,342,1006.7,100,28.8,28.8,184.0,15.4,32.0,11.9
2025-10-20 07:00:00,2025,10,20,7,An Giang,Xã Giồng Riềng,9.9237413,105.2736878,75,Moderate,1,27.0,86,0.0,5.9,325,1007.3,40,17.1,17.2,195.0,11.4,44.0,11.3
2025-10-20 08:00:00,2025,10,20,8,An Giang,Xã Giồng Riềng,9.9237413,105.2736878,74,Moderate,1,29.5,72,0.0,4.9,309,1007.9,98,14.7,14.8,187.0,8.9,63.0,11.8
2025-10-20 09:00:00,2025,10,20,9,An Giang,Xã Giồng Riềng,9.9237413,105.2736878,73,Moderate,1,31.0,65,0.0,3.2,286,1008.1,84,15.8,16.1,171.0,5.5,90.0,12.5
2025-10-20 10:00:00,2025,10,20,10,An Giang,Xã Giồng Riềng,9.9237413,105.2736878,72,Moderate,1,32.0,61,0.0,4.6,318,1008.1,100,16.1,16.4,157.0,2.9,109.0,12.3
2025-10-20 11:00:00,2025,10,20,11,An Giang,Xã Giồng Riềng,9.9237413,105.2736878,72,Moderate,1,33.3,55,0.0,7.5,333,1007.3,100,13.1,13.4,147.0,1.9,113.0,10.4
2025-10-20 12:00:00,2025,10,20,12,An Giang,Xã Giồng Riềng,9.9237413,105.2736878,71,Moderate,1,34.2,51,0.0,8.7,353,1006.2,100,11.3,11.6,139.0,1.7,109.0,7.6
2025-10-20 13:00:00,2025,10,20,13,An Giang,Xã Giồng Riềng,9.9237413,105.2736878,71,Moderate,1,32.4,59,1.5,13.3,347,1005.6,100,10.4,10.7,136.0,1.9,104.0,5.6
2025-10-20 14:00:00,2025,10,20,14,An Giang,Xã Giồng Riềng,9.9237413,105.2736878,70,Moderate,1,30.5,66,15.8,10.4,247,1005.0,100,10.4,10.7,139.0,2.5,100.0,5.0
2025-10-20 15:00:00,2025,10,20,15,An Giang,Xã Giồng Riềng,9.9237413,105.2736878,69,Moderate,1,28.7,74,5.8,6.0,131,1005.0,100,12.6,12.9,146.0,3.5,96.0,5.0
2025-10-20 16:00:00,2025,10,20,16,An Giang,Xã Giồng Riềng,9.9237413,105.2736878,69,Moderate,1,28.5,76,0.1,4.2,234,1004.7,99,12.8,13.0,163.0,4.6,91.0,5.4
2025-10-20 17:00:00,2025,10,20,17,An Giang,Xã Giồng Riềng,9.9237413,105.2736878,68,Moderate,1,28.8,76,0.1,1.9,236,1005.2,100,12.5,12.7,200.0,5.6,88.0,5.9
2025-10-20 18:00:00,2025,10,20,18,An Giang,Xã Giồng Riềng,9.9237413,105.2736878,67,Moderate,1,26.9,86,1.8,8.0,236,1006.1,100,15.7,15.8,245.0,6.8,85.0,6.7
2025-10-20 19:00:00,2025,10,20,19,An Giang,Xã Giồng Riềng,9.9237413,105.2736878,67,Moderate,1,26.6,94,0.0,7.8,241,1006.3,100,13.1,13.1,268.0,8.0,74.0,6.6
2025-10-20 20:00:00,2025,10,20,20,An Giang,Xã Giồng Riềng,9.9237413,105.2736878,66,Moderate,1,26.8,92,0.0,5.0,308,1007.1,100,12.4,12.5,247.0,8.7,71.0,7.2
2025-10-20 21:00:00,2025,10,20,21,An Giang,Xã Giồng Riềng,9.9237413,105.2736878,65,Moderate,1,25.9,93,2.2,7.4,353,1008.2,100,13.6,13.6,203.0,9.6,67.0,8.0
2025-10-20 22:00:00,2025,10,20,22,An Giang,Xã Giồng Riềng,9.9237413,105.2736878,64,Moderate,1,25.2,97,4.3,3.0,33,1008.6,100,15.6,15.6,170.0,10.2,63.0,8.4
2025-10-20 23:00:00,2025,10,20,23,An Giang,Xã Giồng Riềng,9.9237413,105.2736878,63,Moderate,1,24.9,96,7.9,8.0,329,1009.4,100,14.8,14.8,160.0,10.0,61.0,7.8
2025-10-21 00:00:00,2025,10,21,0,An Giang,Xã Giồng Riềng,9.9237413,105.2736878,62,Moderate,1,24.8,95,3.2,4.5,355,1008.9,100,13.2,13.2,161.0,9.5,60.0,6.8
2025-10-21 01:00:00,2025,10,21,1,An Giang,Xã Giồng Riềng,9.9237413,105.2736878,61,Moderate,1,25.1,95,5.2,0.8,135,1008.2,100,12.1,12.2,163.0,9.3,58.0,6.1
2025-10-21 02:00:00,2025,10,21,2,An Giang,Xã Giồng Riềng,9.9237413,105.2736878,60,Moderate,1,24.9,94,3.4,5.0,229,1007.8,100,11.9,11.9,164.0,9.7,55.0,6.2
2025-10-21 03:00:00,2025,10,21,3,An Giang,Xã Giồng Riềng,9.9237413,105.2736878,58,Moderate,1,24.5,97,1.2,5.7,215,1007.5,100,12.2,12.3,167.0,10.4,50.0,6.6
2025-10-21 04:00:00,2025,10,21,4,An Giang,Xã Giồng Riềng,9.9237413,105.2736878,57,Moderate,1,24.5,97,0.6,1.5,194,1007.0,100,12.5,12.5,171.0,11.0,47.0,7.3
2025-10-21 05:00:00,2025,10,21,5,An Giang,Xã Giồng Riềng,9.9237413,105.2736878,56,Moderate,1,24.5,98,0.2,3.1,270,1007.3,100,13.4,13.5,175.0,11.5,44.0,8.3
2025-10-21 06:00:00,2025,10,21,6,An Giang,Xã Giồng Riềng,9.9237413,105.2736878,54,Moderate,1,24.5,99,0.0,4.5,310,1007.9,100,13.7,13.8,180.0,11.9,41.0,9.5
2025-10-21 07:00:00,2025,10,21,7,An Giang,Xã Giồng Riềng,9.9237413,105.2736878,53,Moderate,1,25.6,92,0.0,5.8,304,1008.0,100,12.0,12.0,183.0,10.5,50.0,8.9
2025-10-21 08:00:00,2025,10,21,8,An Giang,Xã Giồng Riềng,9.9237413,105.2736878,52,Moderate,1,28.0,78,0.0,8.4,304,1008.6,100,8.9,9.0,181.0,8.4,61.0,8.7
2025-10-21 09:00:00,2025,10,21,9,An Giang,Xã Giồng Riềng,9.9237413,105.2736878,52,Moderate,1,30.2,66,0.1,12.0,353,1008.8,100,8.8,8.9,177.0,5.6,77.0,8.5
2025-10-21 10:00:00,2025,10,21,10,An Giang,Xã Giồng Riềng,9.9237413,105.2736878,51,Moderate,1,31.6,60,0.1,13.2,17,1008.7,100,10.0,10.2,177.0,3.4,91.0,8.0
2025-10-21 11:00:00,2025,10,21,11,An Giang,Xã Giồng Riềng,9.9237413,105.2736878,51,Moderate,1,32.3,58,0.1,12.4,19,1008.2,100,11.1,11.3,185.0,2.6,101.0,7.2
2025-10-21 12:00:00,2025,10,21,12,An Giang,Xã Giồng Riềng,9.9237413,105.2736878,51,Moderate,1,33.4,56,0.0,10.0,13,1007.3,100,11.6,11.8,197.0,2.4,108.0,6.2
2025-10-21 13:00:00,2025,10,21,13,An Giang,Xã Giồng Riềng,9.9237413,105.2736878,51,Moderate,1,33.9,52,0.0,9.6,34,1006.5,100,10.7,10.9,205.0,2.6,113.0,5.5
2025-10-21 14:00:00,2025,10,21,14,An Giang,Xã Giồng Riềng,9.9237413,105.2736878,51,Moderate,1,34.4,50,0.0,10.5,41,1005.0,100,12.0,12.2,202.0,2.8,114.0,5.3
2025-10-21 15:00:00,2025,10,21,15,An Giang,Xã Giồng Riềng,9.9237413,105.2736878,51,Moderate,1,27.4,85,6.3,6.8,32,1005.8,100,13.4,13.6,196.0,3.4,113.0,5.5
2025-10-21 16:00:00,2025,10,21,16,An Giang,Xã Giồng Riềng,9.9237413,105.2736878,51,Moderate,1,26.4,87,8.8,12.2,272,1006.3,100,12.8,13.0,195.0,4.6,108.0,6.2
2025-10-21 17:00:00,2025,10,21,17,An Giang,Xã Giồng Riềng,9.9237413,105.2736878,51,Moderate,1,26.5,85,0.1,8.8,275,1006.7,100,15.3,15.4,204.0,6.9,99.0,7.6
2025-10-21 18:00:00,2025,10,21,18,An Giang,Xã Giồng Riềng,9.9237413,105.2736878,51,Moderate,1,26.0,89,0.0,4.8,239,1007.0,100,18.0,18.1,219.0,9.9,87.0,9.5
2025-10-21 19:00:00,2025,10,21,19,An Giang,Xã Giồng Riềng,9.9237413,105.2736878,51,Moderate,1,26.4,91,0.0,2.7,360,1006.9,99,28.0,28.1,239.0,17.2,57.0,12.6
2025-10-21 20:00:00,2025,10,21,20,An Giang,Xã Giồng Riềng,9.9237413,105.2736878,53,Moderate,1,26.5,91,0.0,4.4,21,1007.8,100,31.1,31.1,265.0,18.2,53.0,13.6
2025-10-21 21:00:00,2025,10,21,21,An Giang,Xã Giồng Riềng,9.9237413,105.2736878,54,Moderate,1,26.0,93,0.0,4.2,31,1008.4,100,32.6,32.7,296.0,19.5,48.0,14.9
2025-10-21 22:00:00,2025,10,21,22,An Giang,Xã Giồng Riềng,9.9237413,105.2736878,56,Moderate,1,25.7,92,0.0,4.0,18,1008.2,100,36.7,36.8,327.0,20.5,44.0,15.7
2025-10-21 23:00:00,2025,10,21,23,An Giang,Xã Giồng Riềng,9.9237413,105.2736878,58,Moderate,1,25.3,93,0.0,3.5,21,1008.5,100,40.5,40.6,365.0,20.9,42.0,15.6
2025-10-22 00:00:00,2025,10,22,0,An Giang,Xã Giồng Riềng,9.9237413,105.2736878,60,Moderate,1,25.3,90,0.3,8.3,30,1008.2,100,42.3,42.3,404.0,20.9,42.0,14.9
2025-10-22 01:00:00,2025,10,22,1,An Giang,Xã Giồng Riềng,9.9237413,105.2736878,63,Moderate,1,24.6,97,0.2,5.0,268,1007.8,100,40.2,40.3,420.0,20.4,43.0,14.3
2025-10-22 02:00:00,2025,10,22,2,An Giang,Xã Giồng Riềng,9.9237413,105.2736878,65,Moderate,1,24.7,96,0.0,3.1,315,1006.9,100,28.9,29.0,394.0,18.9,45.0,13.5
2025-10-22 03:00:00,2025,10,22,3,An Giang,Xã Giồng Riềng,9.9237413,105.2736878,67,Moderate,1,24.5,97,1.0,4.7,274,1006.9,100,20.5,20.6,344.0,16.8,48.0,12.7
2025-10-22 04:00:00,2025,10,22,4,An Giang,Xã Giồng Riềng,9.9237413,105.2736878,67,Moderate,1,24.3,98,0.8,6.1,268,1006.7,100,18.9,18.9,306.0,15.4,51.0,12.7
2025-10-22 05:00:00,2025,10,22,5,An Giang,Xã Giồng Riềng,9.9237413,105.2736878,68,Moderate,1,24.0,99,0.0,3.4,295,1007.1,43,21.7,21.7,293.0,15.6,52.0,14.5
2025-10-22 06:00:00,2025,10,22,6,An Giang,Xã Giồng Riềng,9.9237413,105.2736878,69,Moderate,1,24.0,99,0.0,3.3,22,1007.6,98,27.7,27.8,292.0,16.4,54.0,17.1
2025-10-22 07:00:00,2025,10,22,7,An Giang,Xã Giồng Riềng,9.9237413,105.2736878,70,Moderate,1,25.4,95,0.0,2.9,277,1008.3,100,23.6,23.7,289.0,13.6,72.0,17.3
2025-10-22 08:00:00,2025,10,22,8,An Giang,Xã Giồng Riềng,9.9237413,105.2736878,71,Moderate,1,27.5,82,0.0,6.0,339,1008.9,100,21.4,21.6,282.0,11.0,86.0,16.3
2025-10-22 09:00:00,2025,10,22,9,An Giang,Xã Giồng Riềng,9.9237413,105.2736878,72,Moderate,1,29.0,76,0.0,6.0,353,1009.6,100,20.4,20.6,273.0,7.5,105.0,14.8
2025-10-22 10:00:00,2025,10,22,10,An Giang,Xã Giồng Riềng,9.9237413,105.2736878,73,Moderate,1,30.9,69,0.2,6.5,3,1010.0,100,21.0,21.2,265.0,4.7,120.0,13.0
2025-10-22 11:00:00,2025,10,22,11,An Giang,Xã Giồng Riềng,9.9237413,105.2736878,74,Moderate,1,32.3,61,0.2,8.7,18,1009.0,100,21.5,21.8,255.0,3.5,128.0,10.6
2025-10-22 12:00:00,2025,10,22,12,An Giang,Xã Giồng Riềng,9.9237413,105.2736878,75,Moderate,1,32.6,57,0.1,6.5,28,1007.6,100,21.5,21.7,244.0,3.1,133.0,7.9
2025-10-22 13:00:00,2025,10,22,13,An Giang,Xã Giồng Riềng,9.9237413,105.2736878,76,Moderate,1,32.2,56,9.2,9.0,47,1007.0,100,21.8,21.9,238.0,3.1,133.0,6.1
2025-10-22 14:00:00,2025,10,22,14,An Giang,Xã Giồng Riềng,9.9237413,105.2736878,77,Moderate,1,30.0,68,0.5,10.0,20,1006.6,100,21.6,21.7,237.0,3.6,127.0,5.7
2025-10-22 15:00:00,2025,10,22,15,An Giang,Xã Giồng Riềng,9.9237413,105.2736878,78,Moderate,1,30.0,68,0.5,10.9,31,1005.8,100,19.6,19.7,240.0,4.5,117.0,6.2
2025-10-22 16:00:00,2025,10,22,16,An Giang,Xã Giồng Riềng,9.9237413,105.2736878,78,Moderate,1,30.5,66,0.1,10.0,34,1006.2,95,18.9,19.0,255.0,5.6,107.0,6.7
2025-10-22 17:00:00,2025,10,22,17,An Giang,Xã Giồng Riềng,9.9237413,105.2736878,79,Moderate,1,30.1,67,0.0,6.9,39,1006.4,100,19.3,19.4,289.0,6.9,98.0,7.1
2025-10-22 18:00:00,2025,10,22,18,An Giang,Xã Giồng Riềng,9.9237413,105.2736878,79,Moderate,1,28.2,78,0.0,2.2,114,1007.4,99,21.9,22.0,334.0,8.3,89.0,7.5
2025-10-22 19:00:00,2025,10,22,19,An Giang,Xã Giồng Riềng,9.9237413,105.2736878,80,Moderate,1,26.0,91,3.3,9.0,113,1008.0,100,26.4,26.5,375.0,13.2,69.0,9.1
2025-10-22 20:00:00,2025,10,22,20,An Giang,Xã Giồng Riềng,9.9237413,105.2736878,79,Moderate,1,26.0,90,0.1,8.1,111,1008.2,100,25.0,25.0,415.0,13.1,66.0,9.6
2025-10-22 21:00:00,2025,10,22,21,An Giang,Xã Giồng Riềng,9.9237413,105.2736878,79,Moderate,1,25.6,93,0.0,3.3,77,1008.6,100,25.1,25.1,451.0,13.0,63.0,10.3
2025-10-22 22:00:00,2025,10,22,22,An Giang,Xã Giồng Riềng,9.9237413,105.2736878,78,Moderate,1,25.4,95,0.0,0.4,153,1008.9,100,27.1,27.1,458.0,13.3,58.0,10.8
2025-10-22 23:00:00,2025,10,22,23,An Giang,Xã Giồng Riềng,9.9237413,105.2736878,77,Moderate,1,25.1,96,0.0,1.1,180,1009.1,100,29.8,29.8,415.0,14.3,52.0,10.9
2025-10-23 00:00:00,2025,10,23,0,An Giang,Xã Giồng Riềng,9.9237413,105.2736878,76,Moderate,1,24.0,97,2.1,9.2,47,1009.6,100,30.7,30.7,344.0,15.7,45.0,10.8
2025-10-23 01:00:00,2025,10,23,1,An Giang,Xã Giồng Riềng,9.9237413,105.2736878,75,Moderate,1,23.7,96,0.3,3.7,47,1008.5,100,31.1,31.1,286.0,17.3,38.0,10.7
2025-10-23 02:00:00,2025,10,23,2,An Giang,Xã Giồng Riềng,9.9237413,105.2736878,75,Moderate,1,24.0,94,0.1,1.6,354,1008.3,100,32.6,32.7,258.0,19.4,31.0,10.3
2025-10-23 03:00:00,2025,10,23,3,An Giang,Xã Giồng Riềng,9.9237413,105.2736878,75,Moderate,1,24.0,95,0.2,8.6,8,1008.1,100,36.2,36.3,243.0,21.7,24.0,9.9
2025-10-23 04:00:00,2025,10,23,4,An Giang,Xã Giồng Riềng,9.9237413,105.2736878,76,Moderate,1,24.0,95,0.0,3.9,34,1007.6,89,44.2,44.4,237.0,22.9,20.0,10.3
2025-10-23 05:00:00,2025,10,23,5,An Giang,Xã Giồng Riềng,9.9237413,105.2736878,79,Moderate,1,23.6,99,0.0,5.4,20,1007.7,96,51.7,51.8,243.0,22.7,20.0,12.2
2025-10-23 06:00:00,2025,10,23,6,An Giang,Xã Giồng Riềng,9.9237413,105.2736878,81,Moderate,1,23.5,99,0.0,5.7,18,1008.6,99,59.3,59.4,258.0,21.5,23.0,14.9
2025-10-23 07:00:00,2025,10,23,7,An Giang,Xã Giồng Riềng,9.9237413,105.2736878,84,Moderate,1,25.2,94,0.0,8.4,40,1009.2,100,29.1,29.2,270.0,15.4,42.0,12.3
2025-10-23 08:00:00,2025,10,23,8,An Giang,Xã Giồng Riềng,9.9237413,105.2736878,85,Moderate,1,27.2,84,0.1,8.1,53,1009.7,98,19.6,19.6,278.0,12.2,60.0,11.5
2025-10-23 09:00:00,2025,10,23,9,An Giang,Xã Giồng Riềng,9.9237413,105.2736878,84,Moderate,1,29.0,74,0.1,9.4,48,1009.8,97,17.5,17.5,283.0,7.7,85.0,10.3
2025-10-23 10:00:00,2025,10,23,10,An Giang,Xã Giồng Riềng,9.9237413,105.2736878,84,Moderate,1,30.3,68,0.2,10.7,53,1009.5,100,19.0,19.1,281.0,4.4,107.0,9.1
2025-10-23 11:00:00,2025,10,23,11,An Giang,Xã Giồng Riềng,9.9237413,105.2736878,84,Moderate,1,32.1,61,0.1,10.6,60,1008.9,99,27.0,27.0,265.0,3.1,122.0,7.8
2025-10-23 12:00:00,2025,10,23,12,An Giang,Xã Giồng Riềng,9.9237413,105.2736878,84,Moderate,1,33.0,57,0.1,9.8,83,1008.3,100,22.2,22.2,242.0,3.0,133.0,6.6
2025-10-23 13:00:00,2025,10,23,13,An Giang,Xã Giồng Riềng,9.9237413,105.2736878,84,Moderate,1,33.2,54,0.1,12.8,89,1007.6,100,22.5,22.5,225.0,3.3,139.0,5.8
2025-10-23 14:00:00,2025,10,23,14,An Giang,Xã Giồng Riềng,9.9237413,105.2736878,85,Moderate,1,32.6,54,0.0,16.4,89,1006.4,100,21.9,22.0,218.0,3.8,137.0,5.7
2025-10-23 15:00:00,2025,10,23,15,An Giang,Xã Giồng Riềng,9.9237413,105.2736878,85,Moderate,1,29.9,68,1.3,12.2,68,1006.5,100,23.1,23.2,217.0,4.7,129.0,6.1
2025-10-23 16:00:00,2025,10,23,16,An Giang,Xã Giồng Riềng,9.9237413,105.2736878,85,Moderate,1,28.1,78,0.3,10.1,71,1006.6,100,27.1,27.2,223.0,6.4,118.0,7.0
2025-10-23 17:00:00,2025,10,23,17,An Giang,Xã Giồng Riềng,9.9237413,105.2736878,86,Moderate,1,27.0,87,0.4,7.3,48,1007.6,100,28.6,28.6,238.0,9.5,104.0,8.6
2025-10-23 18:00:00,2025,10,23,18,An Giang,Xã Giồng Riềng,9.9237413,105.2736878,86,Moderate,1,26.5,90,0.0,4.7,43,1008.3,100,32.7,32.8,261.0,13.5,87.0,10.6
2025-10-23 19:00:00,2025,10,23,19,An Giang,Xã Giồng Riềng,9.9237413,105.2736878,87,Moderate,1,26.0,95,0.0,4.3,358,1008.8,100,28.9,29.0,284.0,14.6,78.0,12.6
2025-10-23 20:00:00,2025,10,23,20,An Giang,Xã Giồng Riềng,9.9237413,105.2736878,88,Moderate,1,25.9,94,0.0,4.9,36,1009.7,100,33.4,33.5,312.0,15.8,74.0,13.6
2025-10-23 21:00:00,2025,10,23,21,An Giang,Xã Giồng Riềng,9.9237413,105.2736878,88,Moderate,1,25.9,91,0.0,5.6,21,1010.0,100,34.6,34.6,341.0,17.5,68.0,14.9
2025-10-23 22:00:00,2025,10,23,22,An Giang,Xã Giồng Riềng,9.9237413,105.2736878,89,Moderate,1,25.6,93,0.1,8.0,42,1010.5,100,32.9,33.1,354.0,18.5,63.0,15.7
2025-10-23 23:00:00,2025,10,23,23,An Giang,Xã Giồng Riềng,9.9237413,105.2736878,90,Moderate,1,25.7,94,0.0,7.7,31,1009.9,100,31.2,31.4,341.0,18.3,61.0,15.6
2025-10-24 00:00:00,2025,10,24,0,An Giang,Xã Giồng Riềng,9.9237413,105.2736878,90,Moderate,1,25.6,94,0.0,9.3,36,1009.2,100,30.0,30.2,312.0,17.5,61.0,15.0
2025-10-24 01:00:00,2025,10,24,1,An Giang,Xã Giồng Riềng,9.9237413,105.2736878,90,Moderate,1,25.2,96,0.1,11.9,38,1008.3,100,29.3,29.5,285.0,16.6,61.0,14.2
2025-10-24 02:00:00,2025,10,24,2,An Giang,Xã Giồng Riềng,9.9237413,105.2736878,90,Moderate,1,25.4,96,0.1,9.8,38,1008.0,100,28.5,28.8,263.0,15.7,60.0,13.2
2025-10-24 03:00:00,2025,10,24,3,An Giang,Xã Giồng Riềng,9.9237413,105.2736878,89,Moderate,1,24.9,96,1.7,10.2,56,1008.2,100,27.6,27.9,243.0,14.7,59.0,11.9
2025-10-24 04:00:00,2025,10,24,4,An Giang,Xã Giồng Riềng,9.9237413,105.2736878,88,Moderate,1,24.5,97,2.5,8.9,65,1008.2,100,25.8,26.1,236.0,13.9,58.0,11.0
2025-10-24 05:00:00,2025,10,24,5,An Giang,Xã Giồng Riềng,9.9237413,105.2736878,87,Moderate,1,24.4,97,0.5,8.9,45,1008.3,100,25.3,25.5,254.0,13.8,56.0,10.7
2025-10-24 06:00:00,2025,10,24,6,An Giang,Xã Giồng Riềng,9.9237413,105.2736878,84,Moderate,1,24.2,98,0.8,11.2,21,1009.3,100,24.7,24.9,286.0,13.8,55.0,10.7
2025-10-24 07:00:00,2025,10,24,7,An Giang,Xã Giồng Riềng,9.9237413,105.2736878,81,Moderate,1,26.1,91,0.3,7.7,25,1009.1,99,27.0,27.2,307.0,11.7,64.0,10.0
2025-10-24 08:00:00,2025,10,24,8,An Giang,Xã Giồng Riềng,9.9237413,105.2736878,81,Moderate,1,28.1,81,0.0,9.7,15,1009.9,99,25.6,25.8,306.0,9.4,76.0,9.3
2025-10-24 09:00:00,2025,10,24,9,An Giang,Xã Giồng Riềng,9.9237413,105.2736878,82,Moderate,1,29.5,71,0.0,10.8,18,1010.5,100,22.8,23.1,293.0,6.3,92.0,8.4
2025-10-24 10:00:00,2025,10,24,10,An Giang,Xã Giồng Riềng,9.9237413,105.2736878,82,Moderate,1,30.7,66,0.0,11.2,30,1010.4,100,21.6,21.8,280.0,4.0,105.0,7.7
2025-10-24 11:00:00,2025,10,24,11,An Giang,Xã Giồng Riềng,9.9237413,105.2736878,82,Moderate,1,31.5,63,0.0,9.8,30,1009.9,100,21.7,21.8,264.0,3.2,110.0,7.1
2025-10-24 12:00:00,2025,10,24,12,An Giang,Xã Giồng Riềng,9.9237413,105.2736878,82,Moderate,1,30.8,63,1.1,10.1,94,1009.2,100,21.2,21.6,248.0,3.1,112.0,6.7
2025-10-24 13:00:00,2025,10,24,13,An Giang,Xã Giồng Riềng,9.9237413,105.2736878,82,Moderate,1,30.5,65,3.2,7.5,79,1008.1,98,25.0,25.6,245.0,3.7,113.0,7.1
2025-10-24 14:00:00,2025,10,24,14,An Giang,Xã Giồng Riềng,9.9237413,105.2736878,82,Moderate,1,32.3,58,0.0,7.7,69,1006.7,100,24.6,25.0,269.0,4.8,115.0,8.9
2025-10-24 15:00:00,2025,10,24,15,An Giang,Xã Giồng Riềng,9.9237413,105.2736878,82,Moderate,1,31.3,60,0.8,13.9,109,1006.4,100,25.7,26.1,306.0,6.4,116.0,11.6
2025-10-24 16:00:00,2025,10,24,16,An Giang,Xã Giồng Riềng,9.9237413,105.2736878,83,Moderate,1,27.0,86,0.4,10.5,63,1007.0,100,26.6,26.9,330.0,8.5,113.0,14.1
2025-10-24 17:00:00,2025,10,24,17,An Giang,Xã Giồng Riềng,9.9237413,105.2736878,83,Moderate,1,26.0,93,0.8,8.7,21,1008.5,100,27.4,27.7,325.0,11.4,105.0,16.2
2025-10-24 18:00:00,2025,10,24,18,An Giang,Xã Giồng Riềng,9.9237413,105.2736878,82,Moderate,1,25.7,93,0.1,5.7,41,1008.5,100,28.9,29.1,307.0,14.7,94.0,18.1
2025-10-24 19:00:00,2025,10,24,19,An Giang,Xã Giồng Riềng,9.9237413,105.2736878,82,Moderate,1,25.4,94,0.0,3.5,35,1008.3,100,40.7,40.7,292.0,22.9,56.0,19.9
2025-10-24 20:00:00,2025,10,24,20,An Giang,Xã Giồng Riềng,9.9237413,105.2736878,83,Moderate,1,25.5,93,0.0,4.8,61,1009.2,100,43.2,43.3,292.0,23.6,53.0,20.8
2025-10-24 21:00:00,2025,10,24,21,An Giang,Xã Giồng Riềng,9.9237413,105.2736878,84,Moderate,1,25.5,93,0.0,6.5,77,1009.8,100,44.1,44.2,296.0,24.5,48.0,22.1
2025-10-24 22:00:00,2025,10,24,22,An Giang,Xã Giồng Riềng,9.9237413,105.2736878,85,Moderate,1,25.2,93,0.0,4.7,72,1009.8,100,44.8,44.9,287.0,25.4,44.0,22.9
2025-10-24 23:00:00,2025,10,24,23,An Giang,Xã Giồng Riềng,9.9237413,105.2736878,86,Moderate,1,25.4,93,0.0,5.0,88,1009.6,100,44.0,44.2,250.0,26.0,40.0,22.9
2025-10-25 00:00:00,2025,10,25,0,An Giang,Xã Giồng Riềng,9.9237413,105.2736878,87,Moderate,1,25.0,95,0.0,5.0,71,1009.6,100,43.8,44.1,201.0,26.5,37.0,22.5
2025-10-25 01:00:00,2025,10,25,1,An Giang,Xã Giồng Riềng,9.9237413,105.2736878,88,Moderate,1,24.8,95,0.0,6.2,52,1009.2,100,44.0,44.4,166.0,26.9,34.0,22.0
2025-10-25 02:00:00,2025,10,25,2,An Giang,Xã Giồng Riềng,9.9237413,105.2736878,90,Moderate,1,24.8,96,0.0,2.5,352,1008.5,100,43.8,44.1,158.0,27.4,30.0,21.6
2025-10-25 03:00:00,2025,10,25,3,An Giang,Xã Giồng Riềng,9.9237413,105.2736878,91,Moderate,1,24.1,98,0.0,1.1,279,1008.2,100,43.4,43.8,164.0,27.7,27.0,21.1
2025-10-25 04:00:00,2025,10,25,4,An Giang,Xã Giồng Riềng,9.9237413,105.2736878,92,Moderate,1,24.0,99,0.0,3.6,311,1008.0,100,41.4,41.7,175.0,26.9,26.0,20.6
2025-10-25 05:00:00,2025,10,25,5,An Giang,Xã Giồng Riềng,9.9237413,105.2736878,94,Moderate,1,24.0,99,0.0,5.4,320,1007.8,100,39.5,39.6,191.0,24.5,28.0,20.4
2025-10-25 06:00:00,2025,10,25,6,An Giang,Xã Giồng Riềng,9.9237413,105.2736878,95,Moderate,1,24.1,100,0.0,5.0,314,1008.7,100,39.8,40.0,212.0,20.9,33.0,20.2
2025-10-25 07:00:00,2025,10,25,7,An Giang,Xã Giồng Riềng,9.9237413,105.2736878,96,Moderate,1,25.8,88,0.0,10.1,357,1008.5,100,25.0,25.1,228.0,14.6,44.0,12.9
2025-10-25 08:00:00,2025,10,25,8,An Giang,Xã Giồng Riềng,9.9237413,105.2736878,96,Moderate,1,27.9,79,0.0,10.1,358,1009.0,100,17.6,17.8,233.0,11.6,61.0,12.0
2025-10-25 09:00:00,2025,10,25,9,An Giang,Xã Giồng Riềng,9.9237413,105.2736878,95,Moderate,1,29.9,68,0.0,10.2,10,1009.8,100,16.7,16.8,233.0,7.6,85.0,10.8
2025-10-25 10:00:00,2025,10,25,10,An Giang,Xã Giồng Riềng,9.9237413,105.2736878,95,Moderate,1,30.2,68,0.1,9.9,12,1010.6,100,15.0,15.1,231.0,4.5,102.0,9.5
2025-10-25 11:00:00,2025,10,25,11,An Giang,Xã Giồng Riềng,9.9237413,105.2736878,94,Moderate,1,30.0,67,0.1,10.7,42,1010.2,100,12.6,12.7,225.0,3.2,106.0,7.9
2025-10-25 12:00:00,2025,10,25,12,An Giang,Xã Giồng Riềng,9.9237413,105.2736878,94,Moderate,1,29.2,70,0.1,4.6,54,1009.3,100,10.1,10.2,217.0,3.0,104.0,6.2
2025-10-25 13:00:00,2025,10,25,13,An Giang,Xã Giồng Riềng,9.9237413,105.2736878,93,Moderate,1,28.1,76,4.0,7.2,84,1008.6,100,9.5,9.6,214.0,3.6,99.0,5.3
2025-10-25 14:00:00,2025,10,25,14,An Giang,Xã Giồng Riềng,9.9237413,105.2736878,91,Moderate,1,27.8,78,0.5,8.0,318,1007.7,100,8.8,8.8,219.0,5.5,92.0,5.8
2025-10-25 15:00:00,2025,10,25,15,An Giang,Xã Giồng Riềng,9.9237413,105.2736878,90,Moderate,1,27.6,76,0.0,7.6,333,1007.5,100,10.8,10.9,230.0,8.3,84.0,7.1
2025-10-25 16:00:00,2025,10,25,16,An Giang,Xã Giồng Riềng,9.9237413,105.2736878,88,Moderate,1,27.5,77,0.1,4.3,5,1007.8,100,13.9,13.9,245.0,10.9,75.0,8.5
2025-10-25 17:00:00,2025,10,25,17,An Giang,Xã Giồng Riềng,9.9237413,105.2736878,87,Moderate,1,26.4,89,1.3,6.2,21,1007.6,100,14.9,14.9,266.0,12.8,67.0,9.8
2025-10-25 18:00:00,2025,10,25,18,An Giang,Xã Giồng Riềng,9.9237413,105.2736878,86,Moderate,1,26.0,93,1.2,6.0,29,1007.8,100,16.2,16.2,290.0,14.5,60.0,11.1
2025-10-25 19:00:00,2025,10,25,19,An Giang,Xã Giồng Riềng,9.9237413,105.2736878,85,Moderate,1,25.4,97,0.1,3.9,227,1008.7,100,15.8,16.1,314.0,15.9,55.0,12.5
2025-10-25 20:00:00,2025,10,25,20,An Giang,Xã Giồng Riềng,9.9237413,105.2736878,83,Moderate,1,25.2,99,0.4,2.6,245,1009.2,100,15.1,15.1,337.0,16.3,55.0,13.5
2025-10-25 21:00:00,2025,10,25,21,An Giang,Xã Giồng Riềng,9.9237413,105.2736878,80,Moderate,1,25.1,97,0.0,3.1,329,1010.1,100,15.8,15.8,358.0,16.9,55.0,14.8
2025-10-25 22:00:00,2025,10,25,22,An Giang,Xã Giồng Riềng,9.9237413,105.2736878,78,Moderate,1,25.0,94,0.5,3.5,348,1010.3,100,17.3,17.3,372.0,17.8,54.0,15.8
2025-10-25 23:00:00,2025,10,25,23,An Giang,Xã Giồng Riềng,9.9237413,105.2736878,75,Moderate,1,24.6,95,1.2,3.2,297,1010.2,100,19.6,19.6,377.0,19.3,50.0,16.2
2025-10-26 00:00:00,2025,10,26,0,An Giang,Xã Giồng Riềng,9.9237413,105.2736878,73,Moderate,1,24.5,96,0.3,0.5,225,1010.0,100,21.8,21.8,374.0,21.1,44.0,16.2
2025-10-26 01:00:00,2025,10,26,1,An Giang,Xã Giồng Riềng,9.9237413,105.2736878,71,Moderate,1,23.1,98,0.8,1.5,234,1009.6,100,23.8,23.8,362.0,21.7,40.0,15.6
2025-10-26 02:00:00,2025,10,26,2,An Giang,Xã Giồng Riềng,9.9237413,105.2736878,70,Moderate,1,23.5,97,0.9,1.0,202,1009.2,100,21.1,21.1,331.0,20.0,40.0,13.9
2025-10-26 03:00:00,2025,10,26,3,An Giang,Xã Giồng Riềng,9.9237413,105.2736878,68,Moderate,1,23.0,97,2.5,3.2,360,1009.3,100,18.1,18.2,290.0,17.2,43.0,11.6
2025-10-26 04:00:00,2025,10,26,4,An Giang,Xã Giồng Riềng,9.9237413,105.2736878,65,Moderate,1,23.2,96,1.3,6.0,25,1008.2,100,16.8,16.9,267.0,15.3,44.0,10.3
2025-10-26 05:00:00,2025,10,26,5,An Giang,Xã Giồng Riềng,9.9237413,105.2736878,63,Moderate,1,23.1,97,0.5,9.1,7,1008.4,100,17.1,17.2,283.0,15.7,40.0,10.6
2025-10-26 06:00:00,2025,10,26,6,An Giang,Xã Giồng Riềng,9.9237413,105.2736878,61,Moderate,1,23.2,96,0.2,7.8,9,1009.0,100,18.8,19.2,316.0,16.9,35.0,11.8
2025-10-26 07:00:00,2025,10,26,7,An Giang,Xã Giồng Riềng,9.9237413,105.2736878,59,Moderate,1,24.0,92,0.2,6.7,19,1009.7,100,12.3,12.4,335.0,14.0,45.0,10.3
2025-10-26 08:00:00,2025,10,26,8,An Giang,Xã Giồng Riềng,9.9237413,105.2736878,58,Moderate,1,25.5,85,0.0,5.5,19,1010.2,99,13.6,13.8,323.0,11.9,54.0,11.5
2025-10-26 09:00:00,2025,10,26,9,An Giang,Xã Giồng Riềng,9.9237413,105.2736878,58,Moderate,1,27.5,78,0.0,2.4,36,1011.0,77,13.1,13.5,296.0,8.9,67.0,13.0
2025-10-26 10:00:00,2025,10,26,10,An Giang,Xã Giồng Riềng,9.9237413,105.2736878,57,Moderate,1,29.8,66,0.1,7.2,72,1010.7,46,13.4,13.9,270.0,6.3,81.0,14.0
2025-10-26 11:00:00,2025,10,26,11,An Giang,Xã Giồng Riềng,9.9237413,105.2736878,57,Moderate,1,30.9,61,0.1,6.3,95,1009.9,99,14.3,14.6,248.0,4.6,98.0,13.9
2025-10-26 12:00:00,2025,10,26,12,An Giang,Xã Giồng Riềng,9.9237413,105.2736878,57,Moderate,1,30.8,62,0.2,5.8,112,1009.4,100,15.8,16.2,227.0,3.3,115.0,13.2
2025-10-26 13:00:00,2025,10,26,13,An Giang,Xã Giồng Riềng,9.9237413,105.2736878,58,Moderate,1,30.9,64,0.1,6.6,139,1008.4,100,16.8,17.2,211.0,2.6,127.0,12.5
2025-10-26 14:00:00,2025,10,26,14,An Giang,Xã Giồng Riềng,9.9237413,105.2736878,59,Moderate,1,30.9,63,0.1,6.5,156,1007.2,99,17.5,17.9,202.0,2.1,131.0,12.0
2025-10-26 15:00:00,2025,10,26,15,An Giang,Xã Giồng Riềng,9.9237413,105.2736878,59,Moderate,1,31.5,61,0.0,7.1,174,1006.2,52,17.9,18.3,198.0,2.2,129.0,11.5
2025-10-26 16:00:00,2025,10,26,16,An Giang,Xã Giồng Riềng,9.9237413,105.2736878,60,Moderate,1,30.4,64,0.1,7.4,166,1006.5,43,17.6,18.0,205.0,3.6,121.0,11.4
2025-10-26 17:00:00,2025,10,26,17,An Giang,Xã Giồng Riềng,9.9237413,105.2736878,60,Moderate,1,29.4,68,0.1,2.2,90,1007.2,70,18.7,18.9,226.0,7.5,101.0,11.9
2025-10-26 18:00:00,2025,10,26,18,An Giang,Xã Giồng Riềng,9.9237413,105.2736878,61,Moderate,1,26.5,87,0.8,4.4,251,1008.4,100,20.4,20.7,257.0,12.8,75.0,12.7
2025-10-26 19:00:00,2025,10,26,19,An Giang,Xã Giồng Riềng,9.9237413,105.2736878,61,Moderate,1,24.5,95,0.2,6.0,33,1009.3,100,33.3,33.4,291.0,21.1,55.0,19.1
2025-10-26 20:00:00,2025,10,26,20,An Giang,Xã Giồng Riềng,9.9237413,105.2736878,63,Moderate,1,24.7,94,0.9,6.1,30,1009.9,91,29.6,29.7,337.0,20.7,51.0,18.0
2025-10-26 21:00:00,2025,10,26,21,An Giang,Xã Giồng Riềng,9.9237413,105.2736878,64,Moderate,1,24.6,96,0.2,6.0,17,1010.6,91,30.9,31.0,387.0,20.0,46.0,16.6
2025-10-26 22:00:00,2025,10,26,22,An Giang,Xã Giồng Riềng,9.9237413,105.2736878,65,Moderate,1,24.1,98,0.2,10.6,325,1011.1,100,32.6,32.7,407.0,19.2,43.0,15.4
2025-10-26 23:00:00,2025,10,26,23,An Giang,Xã Giồng Riềng,9.9237413,105.2736878,67,Moderate,1,24.3,94,0.1,6.9,346,1011.0,100,31.2,31.2,371.0,18.4,44.0,15.0
2025-10-27 00:00:00,2025,10,27,0,An Giang,Xã Giồng Riềng,9.9237413,105.2736878,68,Moderate,1,24.1,96,1.3,6.8,2,1011.1,100,30.6,30.7,304.0,17.4,47.0,14.9
2025-10-27 01:00:00,2025,10,27,1,An Giang,Xã Giồng Riềng,9.9237413,105.2736878,68,Moderate,1,23.6,97,2.1,9.5,25,1010.2,100,28.4,28.5,252.0,16.1,50.0,14.4
2025-10-27 02:00:00,2025,10,27,2,An Giang,Xã Giồng Riềng,9.9237413,105.2736878,69,Moderate,1,23.5,96,3.4,8.1,58,1009.6,100,24.9,25.0,233.0,14.2,52.0,12.7
2025-10-27 03:00:00,2025,10,27,3,An Giang,Xã Giồng Riềng,9.9237413,105.2736878,69,Moderate,1,23.5,96,2.3,5.3,332,1009.4,100,20.6,20.7,229.0,11.9,55.0,10.6
2025-10-27 04:00:00,2025,10,27,4,An Giang,Xã Giồng Riềng,9.9237413,105.2736878,69,Moderate,1,23.5,97,2.4,3.1,273,1009.6,100,16.8,16.8,227.0,10.4,56.0,9.2
2025-10-27 05:00:00,2025,10,27,5,An Giang,Xã Giồng Riềng,9.9237413,105.2736878,69,Moderate,1,23.5,98,2.2,5.5,302,1009.4,100,15.9,16.0,224.0,10.5,53.0,9.2
2025-10-27 06:00:00,2025,10,27,6,An Giang,Xã Giồng Riềng,9.9237413,105.2736878,69,Moderate,1,23.5,98,1.9,5.2,326,1010.1,100,17.4,17.4,222.0,11.2,50.0,9.9
2025-10-27 07:00:00,2025,10,27,7,An Giang,Xã Giồng Riềng,9.9237413,105.2736878,69,Moderate,1,23.9,98,1.7,5.7,332,1010.3,100,23.6,23.6,222.0,14.3,44.0,13.0
2025-10-27 08:00:00,2025,10,27,8,An Giang,Xã Giồng Riềng,9.9237413,105.2736878,70,Moderate,1,25.6,88,0.9,10.9,340,1010.7,100,16.8,16.9,222.0,11.0,61.0,12.2
2025-10-27 09:00:00,2025,10,27,9,An Giang,Xã Giồng Riềng,9.9237413,105.2736878,70,Moderate,1,27.2,78,0.0,15.8,352,1010.6,100,14.3,14.4,222.0,6.3,85.0,11.0
2025-10-27 10:00:00,2025,10,27,10,An Giang,Xã Giồng Riềng,9.9237413,105.2736878,71,Moderate,1,29.2,69,0.1,13.1,347,1010.6,100,12.7,12.8,224.0,2.9,104.0,9.8
2025-10-27 11:00:00,2025,10,27,11,An Giang,Xã Giồng Riềng,9.9237413,105.2736878,70,Moderate,1,30.1,65,0.0,12.7,339,1009.8,96,10.5,10.5,230.0,1.8,113.0,8.6
2025-10-27 12:00:00,2025,10,27,12,An Giang,Xã Giồng Riềng,9.9237413,105.2736878,70,Moderate,1,30.6,64,0.0,11.7,337,1008.9,95,9.8,9.8,238.0,1.9,116.0,7.5
2025-10-27 13:00:00,2025,10,27,13,An Giang,Xã Giồng Riềng,9.9237413,105.2736878,70,Moderate,1,32.0,55,0.0,12.5,305,1008.1,99,9.3,9.3,242.0,2.1,118.0,6.6
2025-10-27 14:00:00,2025,10,27,14,An Giang,Xã Giồng Riềng,9.9237413,105.2736878,69,Moderate,1,26.5,87,2.3,15.8,302,1007.7,100,9.1,9.1,238.0,1.9,121.0,6.1
2025-10-27 15:00:00,2025,10,27,15,An Giang,Xã Giồng Riềng,9.9237413,105.2736878,68,Moderate,1,26.9,84,2.4,8.7,297,1007.6,100,9.1,9.1,231.0,1.8,123.0,5.8
2025-10-27 16:00:00,2025,10,27,16,An Giang,Xã Giồng Riềng,9.9237413,105.2736878,67,Moderate,1,27.9,78,0.0,11.3,280,1007.5,100,9.4,9.5,230.0,2.6,120.0,6.0
2025-10-27 17:00:00,2025,10,27,17,An Giang,Xã Giồng Riềng,9.9237413,105.2736878,67,Moderate,1,27.5,79,0.0,11.4,286,1008.0,97,10.5,10.6,243.0,5.1,108.0,7.0
2025-10-27 18:00:00,2025,10,27,18,An Giang,Xã Giồng Riềng,9.9237413,105.2736878,66,Moderate,1,26.4,85,0.0,5.9,315,1008.6,100,14.0,14.0,263.0,8.5,92.0,8.4
2025-10-27 19:00:00,2025,10,27,19,An Giang,Xã Giồng Riềng,9.9237413,105.2736878,65,Moderate,1,26.8,87,0.4,5.2,272,1008.7,98,27.7,27.8,279.0,15.6,57.0,12.2
2025-10-27 20:00:00,2025,10,27,20,An Giang,Xã Giồng Riềng,9.9237413,105.2736878,65,Moderate,1,27.0,87,1.2,5.8,250,1009.2,95,32.4,32.5,289.0,15.4,55.0,12.1
2025-10-27 21:00:00,2025,10,27,21,An Giang,Xã Giồng Riềng,9.9237413,105.2736878,65,Moderate,1,26.6,88,0.0,7.1,246,1010.2,99,34.6,34.6,294.0,15.0,52.0,11.9
2025-10-27 22:00:00,2025,10,27,22,An Giang,Xã Giồng Riềng,9.9237413,105.2736878,65,Moderate,1,26.4,89,0.1,9.4,269,1010.2,98,27.6,27.7,292.0,13.8,52.0,11.1
2025-10-27 23:00:00,2025,10,27,23,An Giang,Xã Giồng Riềng,9.9237413,105.2736878,65,Moderate,1,26.2,89,0.0,9.1,287,1009.7,100,22.0,22.1,274.0,11.1,56.0,9.1
2025-10-28 00:00:00,2025,10,28,0,An Giang,Xã Giồng Riềng,9.9237413,105.2736878,64,Moderate,1,25.9,88,0.0,7.4,293,1009.6,100,17.2,17.3,249.0,7.6,63.0,6.5
2025-10-28 01:00:00,2025,10,28,1,An Giang,Xã Giồng Riềng,9.9237413,105.2736878,63,Moderate,1,25.5,93,0.0,4.9,268,1009.1,100,14.4,14.4,232.0,5.3,66.0,4.7
2025-10-28 02:00:00,2025,10,28,2,An Giang,Xã Giồng Riềng,9.9237413,105.2736878,62,Moderate,1,25.6,92,0.1,8.1,291,1008.5,100,14.1,14.1,231.0,5.2,64.0,4.4
2025-10-28 03:00:00,2025,10,28,3,An Giang,Xã Giồng Riềng,9.9237413,105.2736878,61,Moderate,1,25.4,93,0.2,6.7,276,1008.6,100,15.4,15.4,240.0,6.4,58.0,5.0
2025-10-28 04:00:00,2025,10,28,4,An Giang,Xã Giồng Riềng,9.9237413,105.2736878,60,Moderate,1,25.0,94,0.3,8.3,294,1008.2,100,16.5,16.6,254.0,7.8,53.0,5.9
2025-10-28 05:00:00,2025,10,28,5,An Giang,Xã Giồng Riềng,9.9237413,105.2736878,60,Moderate,1,24.8,94,0.1,6.1,304,1008.6,100,18.0,18.1,278.0,9.7,47.0,7.2
2025-10-28 06:00:00,2025,10,28,6,An Giang,Xã Giồng Riềng,9.9237413,105.2736878,60,Moderate,1,24.7,95,0.0,6.0,299,1009.2,100,19.9,19.9,308.0,11.9,40.0,8.8
2025-10-28 07:00:00,2025,10,28,7,An Giang,Xã Giồng Riềng,9.9237413,105.2736878,61,Moderate,1,25.9,86,0.0,8.4,329,1009.5,100,24.2,24.4,325.0,12.6,41.0,9.4
2025-10-28 08:00:00,2025,10,28,8,An Giang,Xã Giồng Riềng,9.9237413,105.2736878,61,Moderate,1,26.4,84,0.2,10.1,329,1010.2,100,19.4,19.6,321.0,10.6,51.0,9.3
2025-10-28 09:00:00,2025,10,28,9,An Giang,Xã Giồng Riềng,9.9237413,105.2736878,61,Moderate,1,27.1,80,0.2,10.5,321,1010.8,100,16.7,16.8,305.0,7.9,64.0,9.2
2025-10-28 10:00:00,2025,10,28,10,An Giang,Xã Giồng Riềng,9.9237413,105.2736878,61,Moderate,1,28.2,75,0.1,11.6,321,1010.5,100,12.9,13.0,287.0,5.6,75.0,8.7
2025-10-28 11:00:00,2025,10,28,11,An Giang,Xã Giồng Riềng,9.9237413,105.2736878,61,Moderate,1,30.4,65,0.0,12.7,321,1009.5,100,10.9,11.0,269.0,4.2,81.0,7.6
2025-10-28 12:00:00,2025,10,28,12,An Giang,Xã Giồng Riềng,9.9237413,105.2736878,61,Moderate,1,29.5,68,0.5,14.1,322,1008.6,100,6.4,6.4,250.0,3.2,85.0,6.3
2025-10-28 13:00:00,2025,10,28,13,An Giang,Xã Giồng Riềng,9.9237413,105.2736878,61,Moderate,1,27.5,78,0.1,10.8,342,1007.9,100,6.7,6.7,236.0,2.9,86.0,5.4
2025-10-28 14:00:00,2025,10,28,14,An Giang,Xã Giồng Riềng,9.9237413,105.2736878,61,Moderate,1,29.0,73,0.6,9.3,317,1006.9,100,6.8,6.8,232.0,3.3,84.0,5.3
2025-10-28 15:00:00,2025,10,28,15,An Giang,Xã Giồng Riềng,9.9237413,105.2736878,61,Moderate,1,29.3,73,0.3,9.7,329,1006.1,100,7.5,7.5,234.0,4.4,80.0,5.7
2025-10-28 16:00:00,2025,10,28,16,An Giang,Xã Giồng Riềng,9.9237413,105.2736878,60,Moderate,1,29.1,71,0.1,7.0,314,1006.8,100,8.5,8.5,238.0,5.7,75.0,6.1
2025-10-28 17:00:00,2025,10,28,17,An Giang,Xã Giồng Riềng,9.9237413,105.2736878,60,Moderate,1,26.0,88,6.5,9.3,311,1008.1,100,10.7,10.7,244.0,7.4,68.0,6.5
2025-10-28 18:00:00,2025,10,28,18,An Giang,Xã Giồng Riềng,9.9237413,105.2736878,60,Moderate,1,25.6,93,1.0,4.5,241,1008.4,100,11.6,11.7,252.0,9.3,60.0,6.8
2025-10-28 19:00:00,2025,10,28,19,An Giang,Xã Giồng Riềng,9.9237413,105.2736878,60,Moderate,1,26.0,94,2.5,6.0,303,1008.3,100,16.1,16.2,263.0,10.9,69.0,8.9
2025-10-28 20:00:00,2025,10,28,20,An Giang,Xã Giồng Riềng,9.9237413,105.2736878,59,Moderate,1,25.8,96,0.8,3.3,229,1009.4,100,15.0,15.1,286.0,11.3,63.0,8.9
2025-10-28 21:00:00,2025,10,28,21,An Giang,Xã Giồng Riềng,9.9237413,105.2736878,58,Moderate,1,25.1,93,5.3,5.3,12,1010.0,100,14.9,15.0,312.0,11.8,54.0,8.9
2025-10-28 22:00:00,2025,10,28,22,An Giang,Xã Giồng Riềng,9.9237413,105.2736878,56,Moderate,1,25.1,94,0.5,2.7,278,1009.3,100,16.1,16.1,317.0,12.1,47.0,8.8
2025-10-28 23:00:00,2025,10,28,23,An Giang,Xã Giồng Riềng,9.9237413,105.2736878,55,Moderate,1,25.0,96,0.2,4.2,329,1009.2,100,16.5,16.5,281.0,12.2,42.0,8.5
2025-10-29 00:00:00,2025,10,29,0,An Giang,Xã Giồng Riềng,9.9237413,105.2736878,54,Moderate,1,24.6,97,0.0,4.0,273,1008.9,100,15.3,15.3,224.0,12.2,39.0,8.1
2025-10-29 01:00:00,2025,10,29,1,An Giang,Xã Giồng Riềng,9.9237413,105.2736878,54,Moderate,1,24.8,97,0.0,5.1,337,1008.1,100,14.1,14.1,183.0,11.9,37.0,7.9
2025-10-29 02:00:00,2025,10,29,2,An Giang,Xã Giồng Riềng,9.9237413,105.2736878,54,Moderate,1,24.8,98,0.6,5.8,338,1007.7,100,12.9,12.9,174.0,11.0,39.0,7.9
2025-10-29 03:00:00,2025,10,29,3,An Giang,Xã Giồng Riềng,9.9237413,105.2736878,54,Moderate,1,24.6,97,0.2,7.5,350,1007.1,100,12.1,12.1,181.0,9.8,42.0,8.0
2025-10-29 04:00:00,2025,10,29,4,An Giang,Xã Giồng Riềng,9.9237413,105.2736878,54,Moderate,1,24.4,97,0.6,8.0,344,1006.9,100,10.6,10.7,187.0,9.0,45.0,8.2
2025-10-29 05:00:00,2025,10,29,5,An Giang,Xã Giồng Riềng,9.9237413,105.2736878,53,Moderate,1,24.0,96,0.1,8.8,351,1007.1,100,9.4,9.4,185.0,9.0,44.0,8.5
2025-10-29 06:00:00,2025,10,29,6,An Giang,Xã Giồng Riềng,9.9237413,105.2736878,52,Moderate,1,23.9,96,0.0,8.6,12,1008.1,100,10.1,10.1,184.0,9.3,42.0,8.9
2025-10-29 07:00:00,2025,10,29,7,An Giang,Xã Giồng Riềng,9.9237413,105.2736878,52,Moderate,1,24.9,94,0.0,9.1,32,1008.4,100,8.7,8.8,187.0,10.1,37.0,8.0
2025-10-29 08:00:00,2025,10,29,8,An Giang,Xã Giồng Riềng,9.9237413,105.2736878,50,Good,0,27.1,82,0.1,13.1,32,1008.8,100,9.0,9.2,200.0,9.5,48.0,8.9
2025-10-29 09:00:00,2025,10,29,9,An Giang,Xã Giồng Riềng,9.9237413,105.2736878,49,Good,0,28.2,76,0.1,12.8,32,1008.9,100,10.3,10.3,219.0,8.8,62.0,10.1
2025-10-29 10:00:00,2025,10,29,10,An Giang,Xã Giồng Riềng,9.9237413,105.2736878,47,Good,0,29.8,71,0.1,10.2,44,1009.1,100,11.8,11.8,236.0,8.2,75.0,11.0
2025-10-29 11:00:00,2025,10,29,11,An Giang,Xã Giồng Riềng,9.9237413,105.2736878,47,Good,0,30.6,65,0.2,8.8,41,1008.1,100,12.6,12.6,249.0,8.0,83.0,11.0
2025-10-29 12:00:00,2025,10,29,12,An Giang,Xã Giồng Riềng,9.9237413,105.2736878,48,Good,0,26.0,90,3.8,11.0,58,1007.6,100,12.3,12.3,260.0,8.0,89.0,10.6
2025-10-29 13:00:00,2025,10,29,13,An Giang,Xã Giồng Riềng,9.9237413,105.2736878,49,Good,0,29.0,73,1.9,2.4,347,1006.3,100,13.1,13.1,268.0,8.3,92.0,10.5
2025-10-29 14:00:00,2025,10,29,14,An Giang,Xã Giồng Riềng,9.9237413,105.2736878,50,Good,0,30.1,67,0.0,7.3,351,1005.4,100,13.8,13.8,271.0,8.9,93.0,11.1
2025-10-29 15:00:00,2025,10,29,15,An Giang,Xã Giồng Riềng,9.9237413,105.2736878,50,Good,0,29.1,68,0.1,12.0,46,1005.0,100,14.3,14.3,272.0,9.8,92.0,11.9
2025-10-29 16:00:00,2025,10,29,16,An Giang,Xã Giồng Riềng,9.9237413,105.2736878,51,Moderate,1,27.6,77,0.1,10.6,79,1005.8,100,15.2,15.2,270.0,10.9,88.0,12.5
2025-10-29 17:00:00,2025,10,29,17,An Giang,Xã Giồng Riềng,9.9237413,105.2736878,52,Moderate,1,27.2,79,0.1,4.7,62,1006.9,100,19.2,19.3,265.0,12.7,79.0,12.6
2025-10-29 18:00:00,2025,10,29,18,An Giang,Xã Giồng Riềng,9.9237413,105.2736878,52,Moderate,1,25.4,93,3.0,8.3,33,1007.9,100,21.3,21.3,258.0,14.8,68.0,12.4
2025-10-29 19:00:00,2025,10,29,19,An Giang,Xã Giồng Riềng,9.9237413,105.2736878,53,Moderate,1,25.0,94,0.5,3.9,298,1007.2,100,25.1,25.1,256.0,16.3,63.0,13.2
2025-10-29 20:00:00,2025,10,29,20,An Giang,Xã Giồng Riềng,9.9237413,105.2736878,54,Moderate,1,25.2,94,0.0,4.7,353,1007.9,100,22.6,22.6,264.0,15.3,64.0,12.8
2025-10-29 21:00:00,2025,10,29,21,An Giang,Xã Giồng Riềng,9.9237413,105.2736878,55,Moderate,1,25.0,96,0.0,7.6,1,1008.6,100,21.1,21.1,278.0,13.9,66.0,12.4
2025-10-29 22:00:00,2025,10,29,22,An Giang,Xã Giồng Riềng,9.9237413,105.2736878,55,Moderate,1,24.8,96,0.0,7.8,13,1008.9,100,19.2,19.2,287.0,13.1,66.0,12.1
2025-10-29 23:00:00,2025,10,29,23,An Giang,Xã Giồng Riềng,9.9237413,105.2736878,56,Moderate,1,24.2,96,0.5,8.5,356,1008.9,100,16.5,16.5,290.0,13.3,63.0,12.2
2025-10-30 00:00:00,2025,10,30,0,An Giang,Xã Giồng Riềng,9.9237413,105.2736878,56,Moderate,1,24.1,96,0.6,8.3,355,1008.5,100,16.2,16.2,289.0,14.1,59.0,12.5
2025-10-30 01:00:00,2025,10,30,1,An Giang,Xã Giồng Riềng,9.9237413,105.2736878,56,Moderate,1,24.4,98,0.0,5.4,21,1007.9,100,17.6,17.6,280.0,15.1,55.0,13.1
2025-10-30 02:00:00,2025,10,30,2,An Giang,Xã Giồng Riềng,9.9237413,105.2736878,56,Moderate,1,24.0,99,0.0,2.4,312,1007.5,100,19.2,19.2,258.0,16.5,51.0,14.1
2025-10-30 03:00:00,2025,10,30,3,An Giang,Xã Giồng Riềng,9.9237413,105.2736878,56,Moderate,1,24.1,99,0.0,2.4,297,1007.3,100,21.5,21.5,228.0,18.2,46.0,15.4
2025-10-30 04:00:00,2025,10,30,4,An Giang,Xã Giồng Riềng,9.9237413,105.2736878,57,Moderate,1,24.0,99,0.1,0.6,236,1007.5,100,23.3,23.3,208.0,19.5,42.0,16.4
2025-10-30 05:00:00,2025,10,30,5,An Giang,Xã Giồng Riềng,9.9237413,105.2736878,58,Moderate,1,24.2,99,0.0,1.0,225,1007.9,100,25.2,25.3,204.0,20.5,37.0,16.9
2025-10-30 06:00:00,2025,10,30,6,An Giang,Xã Giồng Riềng,9.9237413,105.2736878,60,Moderate,1,24.1,99,0.3,1.5,225,1008.3,100,28.0,28.1,210.0,21.0,33.0,17.1
2025-10-30 07:00:00,2025,10,30,7,An Giang,Xã Giồng Riềng,9.9237413,105.2736878,61,Moderate,1,25.4,94,0.1,5.9,349,1009.0,100,14.7,14.7,216.0,9.7,41.0,9.1
2025-10-30 08:00:00,2025,10,30,8,An Giang,Xã Giồng Riềng,9.9237413,105.2736878,62,Moderate,1,26.5,88,0.1,4.9,336,1009.8,100,12.6,12.7,223.0,8.1,52.0,8.8
2025-10-30 09:00:00,2025,10,30,9,An Giang,Xã Giồng Riềng,9.9237413,105.2736878,62,Moderate,1,27.9,81,0.0,0.8,153,1010.5,100,9.7,9.7,231.0,5.9,68.0,8.4
2025-10-30 10:00:00,2025,10,30,10,An Giang,Xã Giồng Riềng,9.9237413,105.2736878,62,Moderate,1,28.6,77,0.1,2.9,180,1010.7,100,8.6,8.6,233.0,4.1,82.0,8.0
2025-10-30 11:00:00,2025,10,30,11,An Giang,Xã Giồng Riềng,9.9237413,105.2736878,62,Moderate,1,29.4,73,0.1,6.2,210,1010.4,100,7.5,7.5,224.0,3.1,93.0,7.6
2025-10-30 12:00:00,2025,10,30,12,An Giang,Xã Giồng Riềng,9.9237413,105.2736878,62,Moderate,1,30.0,70,0.2,8.1,211,1009.3,100,7.5,7.5,209.0,2.5,102.0,7.2
2025-10-30 13:00:00,2025,10,30,13,An Giang,Xã Giồng Riềng,9.9237413,105.2736878,61,Moderate,1,30.5,70,0.1,11.9,214,1008.8,100,7.8,7.8,197.0,2.2,106.0,6.8
2025-10-30 14:00:00,2025,10,30,14,An Giang,Xã Giồng Riềng,9.9237413,105.2736878,61,Moderate,1,29.2,72,1.3,8.5,215,1008.1,100,7.9,8.0,189.0,2.1,103.0,6.2
2025-10-30 15:00:00,2025,10,30,15,An Giang,Xã Giồng Riềng,9.9237413,105.2736878,60,Moderate,1,30.0,67,0.0,7.2,215,1007.1,100,7.7,7.7,185.0,2.4,96.0,5.7
2025-10-30 16:00:00,2025,10,30,16,An Giang,Xã Giồng Riềng,9.9237413,105.2736878,60,Moderate,1,30.5,64,0.0,9.3,217,1007.3,100,7.5,7.6,194.0,3.5,86.0,5.5
2025-10-30 17:00:00,2025,10,30,17,An Giang,Xã Giồng Riềng,9.9237413,105.2736878,59,Moderate,1,29.2,69,0.0,7.8,228,1007.7,100,7.1,7.3,225.0,5.8,74.0,6.0
2025-10-30 18:00:00,2025,10,30,18,An Giang,Xã Giồng Riềng,9.9237413,105.2736878,58,Moderate,1,27.6,78,0.0,4.1,236,1008.6,100,9.3,9.5,270.0,8.9,59.0,7.0
2025-10-30 19:00:00,2025,10,30,19,An Giang,Xã Giồng Riềng,9.9237413,105.2736878,57,Moderate,1,26.9,94,0.0,1.0,239,1009.1,100,15.9,16.4,313.0,13.7,42.0,8.2
2025-10-30 20:00:00,2025,10,30,20,An Giang,Xã Giồng Riềng,9.9237413,105.2736878,56,Moderate,1,26.5,93,0.3,1.0,68,1010.1,100,18.1,18.6,355.0,15.1,38.0,9.0
2025-10-30 21:00:00,2025,10,30,21,An Giang,Xã Giồng Riềng,9.9237413,105.2736878,55,Moderate,1,26.1,95,0.1,2.4,73,1010.7,100,19.7,20.3,396.0,17.1,31.0,10.2
2025-10-30 22:00:00,2025,10,30,22,An Giang,Xã Giồng Riềng,9.9237413,105.2736878,55,Moderate,1,26.1,94,0.0,4.5,106,1010.9,100,23.1,23.7,417.0,18.8,26.0,10.9
2025-10-30 23:00:00,2025,10,30,23,An Giang,Xã Giồng Riềng,9.9237413,105.2736878,56,Moderate,1,25.8,96,0.0,3.5,129,1011.0,100,25.3,25.9,406.0,19.9,22.0,10.8
2025-10-31 00:00:00,2025,10,31,0,An Giang,Xã Giồng Riềng,9.9237413,105.2736878,56,Moderate,1,25.5,98,0.0,2.8,125,1010.8,100,26.1,26.7,375.0,20.7,19.0,10.2
2025-10-31 01:00:00,2025,10,31,1,An Giang,Xã Giồng Riềng,9.9237413,105.2736878,57,Moderate,1,26.0,94,0.1,1.9,107,1010.1,100,25.2,25.8,343.0,21.4,17.0,9.7
2025-10-31 02:00:00,2025,10,31,2,An Giang,Xã Giồng Riềng,9.9237413,105.2736878,58,Moderate,1,25.8,95,0.0,1.2,117,1009.8,99,25.3,25.9,313.0,22.1,15.0,9.5
2025-10-31 03:00:00,2025,10,31,3,An Giang,Xã Giồng Riềng,9.9237413,105.2736878,59,Moderate,1,25.8,94,0.1,1.9,197,1009.8,99,26.1,26.9,283.0,22.7,13.0,9.3
2025-10-31 04:00:00,2025,10,31,4,An Giang,Xã Giồng Riềng,9.9237413,105.2736878,59,Moderate,1,24.6,94,0.5,8.6,157,1009.9,95,22.4,22.9,265.0,22.4,14.0,9.3
2025-10-31 05:00:00,2025,10,31,5,An Giang,Xã Giồng Riềng,9.9237413,105.2736878,59,Moderate,1,24.1,95,0.0,8.3,162,1009.9,87,22.5,23.2,273.0,20.9,17.0,9.6
2025-10-31 06:00:00,2025,10,31,6,An Giang,Xã Giồng Riềng,9.9237413,105.2736878,59,Moderate,1,24.0,95,0.0,9.1,141,1010.9,100,22.2,22.9,294.0,18.4,21.0,10.0
2025-10-31 07:00:00,2025,10,31,7,An Giang,Xã Giồng Riềng,9.9237413,105.2736878,58,Moderate,1,26.6,90,0.0,6.1,122,1011.3,13,15.7,16.4,297.0,13.3,35.0,9.2
2025-10-31 08:00:00,2025,10,31,8,An Giang,Xã Giồng Riềng,9.9237413,105.2736878,58,Moderate,1,29.0,79,0.1,8.8,163,1012.0,9,10.7,11.9,262.0,10.0,50.0,7.9
2025-10-31 09:00:00,2025,10,31,9,An Giang,Xã Giồng Riềng,9.9237413,105.2736878,58,Moderate,1,29.8,74,1.6,15.0,173,1012.6,78,7.1,8.1,209.0,5.5,70.0,6.0
2025-10-31 10:00:00,2025,10,31,10,An Giang,Xã Giồng Riềng,9.9237413,105.2736878,58,Moderate,1,30.1,69,1.8,14.3,175,1012.3,68,6.4,6.9,168.0,2.2,86.0,4.6
2025-10-31 11:00:00,2025,10,31,11,An Giang,Xã Giồng Riềng,9.9237413,105.2736878,58,Moderate,1,31.0,64,0.2,12.7,169,1011.4,100,7.3,7.8,152.0,1.0,94.0,3.9
2025-10-31 12:00:00,2025,10,31,12,An Giang,Xã Giồng Riềng,9.9237413,105.2736878,58,Moderate,1,30.4,67,0.6,14.8,147,1010.5,94,8.3,9.0,148.0,1.0,99.0,3.6
2025-10-31 13:00:00,2025,10,31,13,An Giang,Xã Giồng Riềng,9.9237413,105.2736878,58,Moderate,1,32.0,61,2.2,12.7,151,1009.8,97,9.0,9.8,149.0,1.4,99.0,3.5
2025-10-31 14:00:00,2025,10,31,14,An Giang,Xã Giồng Riềng,9.9237413,105.2736878,58,Moderate,1,27.9,77,7.4,5.9,135,1009.7,96,10.2,11.2,153.0,1.9,94.0,3.4
2025-10-31 15:00:00,2025,10,31,15,An Giang,Xã Giồng Riềng,9.9237413,105.2736878,58,Moderate,1,29.9,70,0.1,4.8,151,1009.0,91,10.5,11.2,161.0,2.8,85.0,3.5
2025-10-31 16:00:00,2025,10,31,16,An Giang,Xã Giồng Riềng,9.9237413,105.2736878,58,Moderate,1,27.6,79,3.2,9.3,164,1009.5,100,11.4,12.0,173.0,4.4,76.0,4.0
2025-10-31 17:00:00,2025,10,31,17,An Giang,Xã Giồng Riềng,9.9237413,105.2736878,59,Moderate,1,27.5,80,0.1,7.9,131,1010.2,98,12.6,13.2,188.0,6.9,67.0,5.1
2025-10-31 18:00:00,2025,10,31,18,An Giang,Xã Giồng Riềng,9.9237413,105.2736878,59,Moderate,1,26.8,85,0.1,7.4,113,1010.5,99,15.3,15.9,205.0,10.1,57.0,6.7
2025-10-31 19:00:00,2025,10,31,19,An Giang,Xã Giồng Riềng,9.9237413,105.2736878,60,Moderate,1,26.4,87,0.0,7.7,106,1010.7,100,21.5,22.3,224.0,14.9,48.0,9.2
2025-10-31 20:00:00,2025,10,31,20,An Giang,Xã Giồng Riềng,9.9237413,105.2736878,60,Moderate,1,26.2,88,0.0,5.2,119,1012.1,70,24.7,25.5,246.0,16.2,44.0,10.0
2025-10-31 21:00:00,2025,10,31,21,An Giang,Xã Giồng Riềng,9.9237413,105.2736878,61,Moderate,1,25.5,91,0.0,6.7,117,1012.8,91,26.7,27.8,269.0,18.0,38.0,11.2
2025-10-31 22:00:00,2025,10,31,22,An Giang,Xã Giồng Riềng,9.9237413,105.2736878,61,Moderate,1,25.0,94,0.0,4.6,135,1012.8,25,28.3,29.7,288.0,19.3,33.0,11.8
2025-10-31 23:00:00,2025,10,31,23,An Giang,Xã Giồng Riềng,9.9237413,105.2736878,62,Moderate,1,24.7,95,0.0,2.7,203,1012.4,55,28.9,30.4,304.0,19.5,31.0,11.5
2025-11-01 00:00:00,2025,11,1,0,An Giang,Xã Giồng Riềng,9.9237413,105.2736878,62,Moderate,1,24.6,96,0.0,2.0,153,1011.7,89,28.9,30.5,315.0,19.1,31.0,10.6
2025-11-01 01:00:00,2025,11,1,1,An Giang,Xã Giồng Riềng,9.9237413,105.2736878,62,Moderate,1,24.8,99,0.0,3.6,189,1011.5,44,28.7,30.5,310.0,19.2,30.0,10.0
2025-11-01 02:00:00,2025,11,1,2,An Giang,Xã Giồng Riềng,9.9237413,105.2736878,63,Moderate,1,24.8,99,0.0,3.1,152,1010.6,13,29.8,31.8,274.0,20.4,27.0,9.8
2025-11-01 03:00:00,2025,11,1,3,An Giang,Xã Giồng Riềng,9.9237413,105.2736878,63,Moderate,1,24.5,99,0.0,2.4,117,1010.2,38,32.8,35.0,221.0,22.1,23.0,9.8
2025-11-01 04:00:00,2025,11,1,4,An Giang,Xã Giồng Riềng,9.9237413,105.2736878,64,Moderate,1,24.5,98,0.0,4.5,146,1009.8,62,36.4,38.8,185.0,23.0,21.0,9.8
2025-11-01 05:00:00,2025,11,1,5,An Giang,Xã Giồng Riềng,9.9237413,105.2736878,65,Moderate,1,24.2,98,0.0,2.3,90,1010.4,88,40.6,43.0,186.0,22.9,22.0,10.0
2025-11-01 06:00:00,2025,11,1,6,An Giang,Xã Giồng Riềng,9.9237413,105.2736878,66,Moderate,1,24.4,96,0.0,3.2,87,1011.2,83,49.6,51.5,204.0,22.0,25.0,10.3
2025-11-01 07:00:00,2025,11,1,7,An Giang,Xã Giồng Riềng,9.9237413,105.2736878,69,Moderate,1,26.1,93,0.0,0.2,360,1011.5,12,15.2,16.2,214.0,9.8,58.0,6.1
2025-11-01 08:00:00,2025,11,1,8,An Giang,Xã Giồng Riềng,9.9237413,105.2736878,69,Moderate,1,28.8,77,0.0,1.9,107,1012.4,32,10.9,11.6,205.0,7.7,70.0,5.6
2025-11-01 09:00:00,2025,11,1,9,An Giang,Xã Giồng Riềng,9.9237413,105.2736878,69,Moderate,1,30.5,66,0.0,5.8,160,1012.9,92,8.9,9.5,189.0,4.7,86.0,5.0
2025-11-01 10:00:00,2025,11,1,10,An Giang,Xã Giồng Riềng,9.9237413,105.2736878,69,Moderate,1,31.5,62,0.0,6.1,192,1012.5,87,8.4,8.8,176.0,2.4,97.0,4.3
2025-11-01 11:00:00,2025,11,1,11,An Giang,Xã Giồng Riềng,9.9237413,105.2736878,69,Moderate,1,32.2,59,0.0,6.4,220,1011.6,99,7.8,8.3,170.0,1.5,99.0,3.6
2025-11-01 12:00:00,2025,11,1,12,An Giang,Xã Giồng Riềng,9.9237413,105.2736878,69,Moderate,1,32.7,58,0.0,7.8,217,1010.0,99,6.5,7.1,167.0,1.2,95.0,2.9
2025-11-01 13:00:00,2025,11,1,13,An Giang,Xã Giồng Riềng,9.9237413,105.2736878,69,Moderate,1,28.9,74,5.4,10.5,241,1010.1,100,5.7,6.3,166.0,1.2,90.0,2.4
2025-11-01 14:00:00,2025,11,1,14,An Giang,Xã Giồng Riềng,9.9237413,105.2736878,69,Moderate,1,30.5,67,0.2,9.5,251,1008.7,100,5.4,6.5,164.0,1.1,85.0,2.1
2025-11-01 15:00:00,2025,11,1,15,An Giang,Xã Giồng Riềng,9.9237413,105.2736878,68,Moderate,1,30.7,64,0.0,9.5,268,1008.6,100,4.9,5.9,164.0,1.3,78.0,2.0
2025-11-01 16:00:00,2025,11,1,16,An Giang,Xã Giồng Riềng,9.9237413,105.2736878,68,Moderate,1,29.1,70,0.4,6.7,265,1008.9,100,6.0,7.1,170.0,2.4,71.0,2.4
2025-11-01 17:00:00,2025,11,1,17,An Giang,Xã Giồng Riềng,9.9237413,105.2736878,67,Moderate,1,28.6,74,0.1,6.2,253,1009.3,100,6.6,7.7,185.0,5.0,62.0,3.5
2025-11-01 18:00:00,2025,11,1,18,An Giang,Xã Giồng Riềng,9.9237413,105.2736878,67,Moderate,1,26.4,90,0.8,4.7,99,1010.6,100,9.1,10.1,206.0,8.5,53.0,5.0
2025-11-01 19:00:00,2025,11,1,19,An Giang,Xã Giồng Riềng,9.9237413,105.2736878,66,Moderate,1,25.0,95,0.2,1.8,37,1011.1,100,17.5,19.2,227.0,12.9,42.0,7.5
2025-11-01 20:00:00,2025,11,1,20,An Giang,Xã Giồng Riềng,9.9237413,105.2736878,66,Moderate,1,25.2,96,0.5,3.3,9,1012.1,100,16.6,18.0,248.0,13.3,40.0,8.0
2025-11-01 21:00:00,2025,11,1,21,An Giang,Xã Giồng Riềng,9.9237413,105.2736878,65,Moderate,1,25.1,97,0.4,2.3,29,1012.6,100,17.2,18.6,269.0,13.9,37.0,8.7
2025-11-01 22:00:00,2025,11,1,22,An Giang,Xã Giồng Riềng,9.9237413,105.2736878,64,Moderate,1,25.0,97,0.3,2.0,95,1012.5,100,20.3,21.5,283.0,15.1,33.0,9.2
2025-11-01 23:00:00,2025,11,1,23,An Giang,Xã Giồng Riềng,9.9237413,105.2736878,64,Moderate,1,24.8,98,0.2,1.5,187,1011.9,100,23.5,24.9,286.0,17.5,28.0,9.1
2025-11-02 00:00:00,2025,11,2,0,An Giang,Xã Giồng Riềng,9.9237413,105.2736878,63,Moderate,1,24.5,99,0.1,0.2,90,1011.4,100,29.8,31.1,282.0,20.5,21.0,8.9
2025-11-02 01:00:00,2025,11,2,1,An Giang,Xã Giồng Riềng,9.9237413,105.2736878,63,Moderate,1,24.7,97,0.0,5.1,82,1010.7,100,29.6,30.6,279.0,23.1,16.0,8.8
2025-11-02 02:00:00,2025,11,2,2,An Giang,Xã Giồng Riềng,9.9237413,105.2736878,63,Moderate,1,24.6,98,0.3,3.5,78,1009.9,100,29.8,30.7,280.0,25.3,12.0,9.2
2025-11-02 03:00:00,2025,11,2,3,An Giang,Xã Giồng Riềng,9.9237413,105.2736878,63,Moderate,1,24.5,97,0.1,4.6,51,1010.0,100,26.4,27.3,283.0,27.0,9.0,9.8
2025-11-02 04:00:00,2025,11,2,4,An Giang,Xã Giồng Riềng,9.9237413,105.2736878,63,Moderate,1,24.3,97,0.0,3.1,21,1010.0,66,22.9,23.7,284.0,27.1,10.0,10.5
2025-11-02 05:00:00,2025,11,2,5,An Giang,Xã Giồng Riềng,9.9237413,105.2736878,62,Moderate,1,23.6,99,1.8,3.6,250,1010.4,100,24.7,25.7,286.0,24.6,16.0,11.5
2025-11-02 06:00:00,2025,11,2,6,An Giang,Xã Giồng Riềng,9.9237413,105.2736878,60,Moderate,1,23.8,99,0.8,4.9,174,1011.2,96,20.8,21.5,287.0,20.5,26.0,12.5
2025-11-02 07:00:00,2025,11,2,7,An Giang,Xã Giồng Riềng,9.9237413,105.2736878,58,Moderate,1,25.5,95,0.3,3.0,25,1011.3,99,13.0,13.6,278.0,13.8,34.0,12.1
2025-11-02 08:00:00,2025,11,2,8,An Giang,Xã Giồng Riềng,9.9237413,105.2736878,57,Moderate,1,27.5,85,0.0,2.2,284,1012.1,92,10.4,11.4,250.0,10.7,46.0,10.6
2025-11-02 09:00:00,2025,11,2,9,An Giang,Xã Giồng Riềng,9.9237413,105.2736878,57,Moderate,1,27.9,79,8.4,13.0,246,1013.0,93,7.5,7.9,211.0,6.3,62.0,8.6
2025-11-02 10:00:00,2025,11,2,10,An Giang,Xã Giồng Riềng,9.9237413,105.2736878,57,Moderate,1,26.2,87,3.3,3.4,252,1012.7,100,5.7,6.0,182.0,3.1,73.0,6.8
2025-11-02 11:00:00,2025,11,2,11,An Giang,Xã Giồng Riềng,9.9237413,105.2736878,57,Moderate,1,29.4,73,0.1,8.8,269,1012.2,98,4.8,5.0,171.0,2.0,76.0,5.4
2025-11-02 12:00:00,2025,11,2,12,An Giang,Xã Giồng Riềng,9.9237413,105.2736878,57,Moderate,1,30.2,68,0.1,11.1,261,1010.7,100,5.2,5.4,169.0,2.0,74.0,4.3
2025-11-02 13:00:00,2025,11,2,13,An Giang,Xã Giồng Riềng,9.9237413,105.2736878,57,Moderate,1,28.0,78,0.1,10.6,261,1009.7,100,6.3,6.5,168.0,2.3,70.0,3.6
2025-11-02 14:00:00,2025,11,2,14,An Giang,Xã Giồng Riềng,9.9237413,105.2736878,57,Moderate,1,27.0,79,3.4,12.3,258,1009.6,100,5.1,5.3,161.0,2.7,66.0,3.4
2025-11-02 15:00:00,2025,11,2,15,An Giang,Xã Giồng Riềng,9.9237413,105.2736878,57,Moderate,1,26.9,84,0.3,10.1,248,1009.2,100,4.1,4.3,155.0,3.4,60.0,3.7
2025-11-02 16:00:00,2025,11,2,16,An Giang,Xã Giồng Riềng,9.9237413,105.2736878,57,Moderate,1,26.4,85,1.6,6.5,242,1008.9,100,4.7,5.1,160.0,4.6,54.0,4.2
2025-11-02 17:00:00,2025,11,2,17,An Giang,Xã Giồng Riềng,9.9237413,105.2736878,57,Moderate,1,26.4,86,0.1,5.5,191,1009.1,100,5.6,6.0,184.0,6.9,47.0,5.2
2025-11-02 18:00:00,2025,11,2,18,An Giang,Xã Giồng Riềng,9.9237413,105.2736878,56,Moderate,1,25.5,92,0.0,4.7,189,1009.4,100,7.5,8.0,218.0,9.7,40.0,6.6
2025-11-02 19:00:00,2025,11,2,19,An Giang,Xã Giồng Riềng,9.9237413,105.2736878,56,Moderate,1,26.0,92,0.0,5.3,235,1009.6,100,10.8,11.3,248.0,9.9,33.0,6.0
2025-11-02 20:00:00,2025,11,2,20,An Giang,Xã Giồng Riềng,9.9237413,105.2736878,56,Moderate,1,25.6,93,0.0,5.7,257,1010.3,100,12.9,13.5,274.0,10.3,31.0,6.4
2025-11-02 21:00:00,2025,11,2,21,An Giang,Xã Giồng Riềng,9.9237413,105.2736878,55,Moderate,1,25.6,93,0.5,6.0,254,1011.1,100,12.7,13.4,297.0,10.7,29.0,6.8
2025-11-02 22:00:00,2025,11,2,22,An Giang,Xã Giồng Riềng,9.9237413,105.2736878,55,Moderate,1,25.6,93,0.0,5.9,252,1011.0,100,13.1,13.8,298.0,10.6,28.0,6.8
2025-11-02 23:00:00,2025,11,2,23,An Giang,Xã Giồng Riềng,9.9237413,105.2736878,54,Moderate,1,25.7,93,0.0,6.8,233,1010.8,100,13.1,13.9,261.0,9.5,30.0,5.9
2025-11-03 00:00:00,2025,11,3,0,An Giang,Xã Giồng Riềng,9.9237413,105.2736878,53,Moderate,1,25.1,95,0.0,4.2,245,1010.0,100,10.8,11.5,203.0,7.7,34.0,4.6
2025-11-03 01:00:00,2025,11,3,1,An Giang,Xã Giồng Riềng,9.9237413,105.2736878,52,Moderate,1,25.5,90,0.0,7.2,289,1009.7,100,7.7,8.4,159.0,6.3,37.0,3.5
2025-11-03 02:00:00,2025,11,3,2,An Giang,Xã Giồng Riềng,9.9237413,105.2736878,50,Good,0,25.6,91,0.3,5.5,279,1009.2,100,5.6,6.2,144.0,5.3,39.0,2.8
2025-11-03 03:00:00,2025,11,3,3,An Giang,Xã Giồng Riềng,9.9237413,105.2736878,45,Good,0,25.5,93,0.1,5.5,251,1008.9,100,4.6,5.1,142.0,4.6,41.0,2.4
2025-11-03 04:00:00,2025,11,3,4,An Giang,Xã Giồng Riềng,9.9237413,105.2736878,42,Good,0,24.5,96,7.7,11.0,242,1009.7,100,4.2,4.6,142.0,4.3,42.0,2.4
2025-11-03 05:00:00,2025,11,3,5,An Giang,Xã Giồng Riềng,9.9237413,105.2736878,38,Good,0,24.1,97,4.4,8.4,259,1009.6,100,4.2,4.6,142.0,5.0,40.0,3.0
2025-11-03 06:00:00,2025,11,3,6,An Giang,Xã Giồng Riềng,9.9237413,105.2736878,35,Good,0,24.5,96,1.2,5.4,262,1010.3,100,4.8,5.2,144.0,6.2,37.0,3.9
2025-11-03 07:00:00,2025,11,3,7,An Giang,Xã Giồng Riềng,9.9237413,105.2736878,32,Good,0,25.4,92,1.0,9.4,259,1010.9,100,10.7,11.4,144.0,9.5,31.0,6.4
2025-11-03 08:00:00,2025,11,3,8,An Giang,Xã Giồng Riềng,9.9237413,105.2736878,32,Good,0,25.2,92,7.7,12.4,284,1011.9,100,8.4,8.8,140.0,9.0,34.0,7.3
2025-11-03 09:00:00,2025,11,3,9,An Giang,Xã Giồng Riềng,9.9237413,105.2736878,31,Good,0,26.1,91,1.6,11.9,290,1012.2,100,8.5,8.8,135.0,8.3,39.0,8.4
2025-11-03 10:00:00,2025,11,3,10,An Giang,Xã Giồng Riềng,9.9237413,105.2736878,31,Good,0,26.5,82,9.9,13.7,293,1012.0,100,8.9,9.2,132.0,7.2,45.0,8.8
2025-11-03 11:00:00,2025,11,3,11,An Giang,Xã Giồng Riềng,9.9237413,105.2736878,32,Good,0,27.5,86,1.1,9.6,276,1011.4,100,9.2,9.5,133.0,5.5,53.0,7.7
2025-11-03 12:00:00,2025,11,3,12,An Giang,Xã Giồng Riềng,9.9237413,105.2736878,33,Good,0,27.2,85,3.3,11.9,273,1010.3,100,7.6,7.8,135.0,3.6,61.0,5.8
2025-11-03 13:00:00,2025,11,3,13,An Giang,Xã Giồng Riềng,9.9237413,105.2736878,33,Good,0,27.8,82,0.5,11.2,282,1009.3,100,4.0,4.2,136.0,2.2,67.0,4.4
2025-11-03 14:00:00,2025,11,3,14,An Giang,Xã Giồng Riềng,9.9237413,105.2736878,33,Good,0,29.5,74,0.2,9.9,273,1008.2,100,3.2,3.3,131.0,1.8,68.0,3.9
2025-11-03 15:00:00,2025,11,3,15,An Giang,Xã Giồng Riềng,9.9237413,105.2736878,32,Good,0,29.5,70,0.1,12.5,275,1007.6,100,3.7,3.8,125.0,1.9,67.0,3.8
2025-11-03 16:00:00,2025,11,3,16,An Giang,Xã Giồng Riềng,9.9237413,105.2736878,32,Good,0,26.9,80,0.7,14.8,240,1007.9,100,2.9,3.0,128.0,2.6,64.0,3.9
2025-11-03 17:00:00,2025,11,3,17,An Giang,Xã Giồng Riềng,9.9237413,105.2736878,32,Good,0,25.5,87,0.2,13.6,259,1007.4,100,3.7,3.8,147.0,3.9,58.0,4.2
2025-11-03 18:00:00,2025,11,3,18,An Giang,Xã Giồng Riềng,9.9237413,105.2736878,32,Good,0,24.9,93,0.0,4.2,230,1008.0,100,5.1,5.3,175.0,5.7,51.0,4.8
2025-11-03 19:00:00,2025,11,3,19,An Giang,Xã Giồng Riềng,9.9237413,105.2736878,31,Good,0,26.0,89,0.0,5.9,252,1008.4,100,9.9,10.4,197.0,10.0,36.0,6.2
2025-11-03 20:00:00,2025,11,3,20,An Giang,Xã Giồng Riềng,9.9237413,105.2736878,31,Good,0,26.0,89,0.0,5.0,249,1009.5,99,12.3,12.8,212.0,9.8,36.0,6.3
2025-11-03 21:00:00,2025,11,3,21,An Giang,Xã Giồng Riềng,9.9237413,105.2736878,31,Good,0,25.7,91,0.3,3.2,273,1010.5,100,11.4,11.9,221.0,9.6,37.0,6.4
2025-11-03 22:00:00,2025,11,3,22,An Giang,Xã Giồng Riềng,9.9237413,105.2736878,31,Good,0,25.1,94,1.7,2.9,292,1010.5,100,9.9,10.3,220.0,9.7,36.0,6.5
2025-11-03 23:00:00,2025,11,3,23,An Giang,Xã Giồng Riềng,9.9237413,105.2736878,30,Good,0,25.1,96,0.2,6.1,256,1010.5,100,8.7,9.1,200.0,10.2,34.0,6.3
2025-11-04 00:00:00,2025,11,4,0,An Giang,Xã Giồng Riềng,9.9237413,105.2736878,30,Good,0,24.9,97,0.0,7.6,236,1010.0,72,9.7,10.1,170.0,11.1,31.0,6.0
2025-11-04 01:00:00,2025,11,4,1,An Giang,Xã Giồng Riềng,9.9237413,105.2736878,29,Good,0,24.7,96,0.0,7.0,274,1009.6,100,13.0,13.4,150.0,12.9,28.0,6.2
2025-11-04 02:00:00,2025,11,4,2,An Giang,Xã Giồng Riềng,9.9237413,105.2736878,30,Good,0,24.5,97,0.0,3.8,253,1008.7,100,18.2,18.7,147.0,16.9,23.0,7.0
2025-11-04 03:00:00,2025,11,4,3,An Giang,Xã Giồng Riềng,9.9237413,105.2736878,32,Good,0,24.5,97,0.0,5.7,257,1008.5,100,23.3,23.9,153.0,21.8,17.0,8.3
2025-11-04 04:00:00,2025,11,4,4,An Giang,Xã Giồng Riềng,9.9237413,105.2736878,36,Good,0,24.4,97,0.0,3.6,243,1008.3,100,20.1,20.5,166.0,24.6,14.0,9.6
2025-11-04 05:00:00,2025,11,4,5,An Giang,Xã Giồng Riềng,9.9237413,105.2736878,38,Good,0,24.2,97,0.0,3.3,292,1008.5,100,22.5,23.0,192.0,23.6,14.0,11.1
2025-11-04 06:00:00,2025,11,4,6,An Giang,Xã Giồng Riềng,9.9237413,105.2736878,42,Good,0,24.4,97,0.0,4.3,318,1009.4,100,20.7,20.8,224.0,20.4,18.0,12.6
2025-11-04 07:00:00,2025,11,4,7,An Giang,Xã Giồng Riềng,9.9237413,105.2736878,44,Good,0,26.0,93,0.0,6.0,267,1010.0,100,19.6,20.1,242.0,15.3,28.0,10.3
2025-11-04 08:00:00,2025,11,4,8,An Giang,Xã Giồng Riềng,9.9237413,105.2736878,46,Good,0,27.5,83,2.3,10.5,282,1011.2,100,8.7,8.9,233.0,11.5,44.0,9.3
2025-11-04 09:00:00,2025,11,4,9,An Giang,Xã Giồng Riềng,9.9237413,105.2736878,46,Good,0,27.5,81,4.8,6.7,301,1011.4,97,5.8,5.8,210.0,6.3,66.0,7.9
2025-11-04 10:00:00,2025,11,4,10,An Giang,Xã Giồng Riềng,9.9237413,105.2736878,46,Good,0,29.4,75,0.4,9.1,285,1011.5,99,5.9,5.9,189.0,2.4,81.0,6.5
2025-11-04 11:00:00,2025,11,4,11,An Giang,Xã Giồng Riềng,9.9237413,105.2736878,45,Good,0,28.1,77,3.7,9.8,277,1010.3,100,4.3,4.4,176.0,1.2,81.0,5.0
2025-11-04 12:00:00,2025,11,4,12,An Giang,Xã Giồng Riềng,9.9237413,105.2736878,44,Good,0,29.9,69,0.1,9.4,272,1009.2,95,4.0,4.0,166.0,1.3,74.0,3.4
2025-11-04 13:00:00,2025,11,4,13,An Giang,Xã Giồng Riềng,9.9237413,105.2736878,44,Good,0,31.3,61,0.0,12.8,266,1008.6,100,3.4,3.4,161.0,1.6,68.0,2.3
2025-11-04 14:00:00,2025,11,4,14,An Giang,Xã Giồng Riềng,9.9237413,105.2736878,43,Good,0,30.5,63,0.0,15.6,259,1007.3,98,2.7,2.7,163.0,1.7,66.0,2.0
2025-11-04 15:00:00,2025,11,4,15,An Giang,Xã Giồng Riềng,9.9237413,105.2736878,43,Good,0,29.4,69,0.1,15.2,260,1007.0,98,2.2,2.3,171.0,1.9,64.0,2.1
2025-11-04 16:00:00,2025,11,4,16,An Giang,Xã Giồng Riềng,9.9237413,105.2736878,43,Good,0,29.1,71,0.0,13.0,273,1007.0,90,2.4,2.8,184.0,2.6,62.0,2.5
2025-11-04 17:00:00,2025,11,4,17,An Giang,Xã Giồng Riềng,9.9237413,105.2736878,43,Good,0,28.4,76,0.0,12.9,282,1007.7,97,3.4,3.9,204.0,3.8,59.0,3.1
2025-11-04 18:00:00,2025,11,4,18,An Giang,Xã Giồng Riềng,9.9237413,105.2736878,43,Good,0,27.4,81,0.0,6.5,278,1008.1,95,5.3,5.8,228.0,5.5,56.0,4.0
2025-11-04 19:00:00,2025,11,4,19,An Giang,Xã Giồng Riềng,9.9237413,105.2736878,43,Good,0,26.0,92,0.0,8.7,5,1008.5,100,8.8,9.3,247.0,8.3,49.0,5.8
2025-11-04 20:00:00,2025,11,4,20,An Giang,Xã Giồng Riềng,9.9237413,105.2736878,43,Good,0,25.5,93,0.1,8.1,28,1009.5,100,11.2,11.5,255.0,10.5,43.0,7.2
2025-11-04 21:00:00,2025,11,4,21,An Giang,Xã Giồng Riềng,9.9237413,105.2736878,43,Good,0,25.1,96,0.1,7.6,36,1009.6,100,14.3,14.5,258.0,13.7,35.0,9.3
2025-11-04 22:00:00,2025,11,4,22,An Giang,Xã Giồng Riềng,9.9237413,105.2736878,43,Good,0,25.0,95,0.0,2.9,22,1009.6,100,17.9,18.1,265.0,16.5,28.0,11.0
2025-11-04 23:00:00,2025,11,4,23,An Giang,Xã Giồng Riềng,9.9237413,105.2736878,44,Good,0,24.8,96,0.0,3.1,347,1009.1,100,20.4,20.7,277.0,18.7,24.0,12.1
2025-11-05 00:00:00,2025,11,5,0,An Giang,Xã Giồng Riềng,9.9237413,105.2736878,46,Good,0,24.6,97,0.0,3.1,324,1008.8,100,21.3,21.7,293.0,20.5,21.0,13.0
2025-11-05 01:00:00,2025,11,5,1,An Giang,Xã Giồng Riềng,9.9237413,105.2736878,49,Good,0,25.0,99,0.0,4.4,348,1008.4,100,22.4,22.6,317.0,21.9,19.0,13.6
2025-11-05 02:00:00,2025,11,5,2,An Giang,Xã Giồng Riềng,9.9237413,105.2736878,50,Good,0,24.9,97,0.5,6.8,40,1008.1,100,23.6,23.7,359.0,22.8,17.0,13.9
2025-11-05 03:00:00,2025,11,5,3,An Giang,Xã Giồng Riềng,9.9237413,105.2736878,51,Moderate,1,24.8,97,0.2,6.2,41,1007.8,100,24.7,24.8,409.0,23.3,17.0,14.0
2025-11-05 04:00:00,2025,11,5,4,An Giang,Xã Giồng Riềng,9.9237413,105.2736878,51,Moderate,1,24.8,97,0.5,6.6,9,1007.5,100,26.3,26.3,443.0,22.8,19.0,14.1
2025-11-05 05:00:00,2025,11,5,5,An Giang,Xã Giồng Riềng,9.9237413,105.2736878,51,Moderate,1,24.6,97,1.2,5.2,356,1008.0,100,26.7,26.7,450.0,21.0,24.0,14.6
2025-11-05 06:00:00,2025,11,5,6,An Giang,Xã Giồng Riềng,9.9237413,105.2736878,52,Moderate,1,24.6,98,0.2,5.2,29,1008.7,100,26.8,26.8,442.0,18.4,32.0,15.2
2025-11-05 07:00:00,2025,11,5,7,An Giang,Xã Giồng Riềng,9.9237413,105.2736878,52,Moderate,1,25.4,94,0.1,5.6,339,1008.6,100,31.4,31.5,426.0,20.8,30.0,16.6
2025-11-05 08:00:00,2025,11,5,8,An Giang,Xã Giồng Riềng,9.9237413,105.2736878,53,Moderate,1,27.8,80,0.0,6.6,323,1009.5,100,22.1,22.1,403.0,16.0,57.0,15.2
2025-11-05 09:00:00,2025,11,5,9,An Giang,Xã Giồng Riềng,9.9237413,105.2736878,54,Moderate,1,29.5,70,0.0,8.3,326,1010.0,100,17.7,17.7,374.0,9.5,93.0,13.1
2025-11-05 10:00:00,2025,11,5,10,An Giang,Xã Giồng Riềng,9.9237413,105.2736878,55,Moderate,1,30.5,65,0.0,8.6,334,1009.6,100,15.5,15.5,347.0,4.5,119.0,11.1
2025-11-05 11:00:00,2025,11,5,11,An Giang,Xã Giồng Riềng,9.9237413,105.2736878,56,Moderate,1,31.3,61,0.0,7.7,329,1008.7,100,13.9,13.9,325.0,2.6,125.0,9.1
2025-11-05 12:00:00,2025,11,5,12,An Giang,Xã Giồng Riềng,9.9237413,105.2736878,57,Moderate,1,31.0,61,0.0,5.2,254,1007.3,100,12.5,12.6,305.0,2.2,120.0,7.1
2025-11-05 13:00:00,2025,11,5,13,An Giang,Xã Giồng Riềng,9.9237413,105.2736878,58,Moderate,1,29.7,66,6.3,8.6,272,1007.2,100,14.0,14.1,293.0,2.4,115.0,5.9
2025-11-05 14:00:00,2025,11,5,14,An Giang,Xã Giồng Riềng,9.9237413,105.2736878,59,Moderate,1,29.9,67,0.3,6.1,246,1005.8,100,15.3,15.4,287.0,2.7,113.0,5.9
2025-11-05 15:00:00,2025,11,5,15,An Giang,Xã Giồng Riềng,9.9237413,105.2736878,60,Moderate,1,30.2,64,0.0,1.9,326,1005.3,100,15.7,15.8,288.0,3.5,111.0,6.7
2025-11-05 16:00:00,2025,11,5,16,An Giang,Xã Giồng Riềng,9.9237413,105.2736878,61,Moderate,1,30.0,65,0.0,3.6,30,1005.2,100,17.0,17.1,303.0,5.1,105.0,7.7
2025-11-05 17:00:00,2025,11,5,17,An Giang,Xã Giồng Riềng,9.9237413,105.2736878,62,Moderate,1,29.1,69,0.7,4.1,49,1006.1,100,21.7,21.8,344.0,7.7,94.0,8.8
2025-11-05 18:00:00,2025,11,5,18,An Giang,Xã Giồng Riềng,9.9237413,105.2736878,64,Moderate,1,27.0,83,3.0,2.6,34,1007.0,100,23.6,23.8,399.0,11.1,81.0,10.0
2025-11-05 19:00:00,2025,11,5,19,An Giang,Xã Giồng Riềng,9.9237413,105.2736878,66,Moderate,1,26.0,93,0.0,4.4,325,1007.1,100,22.0,22.1,443.0,14.7,65.0,11.7
2025-11-05 20:00:00,2025,11,5,20,An Giang,Xã Giồng Riềng,9.9237413,105.2736878,67,Moderate,1,26.0,94,0.0,2.4,347,1007.8,100,21.2,21.2,468.0,16.3,60.0,13.2
2025-11-05 21:00:00,2025,11,5,21,An Giang,Xã Giồng Riềng,9.9237413,105.2736878,68,Moderate,1,25.8,95,0.0,2.0,100,1008.3,100,27.1,27.1,483.0,18.6,52.0,15.3
2025-11-05 22:00:00,2025,11,5,22,An Giang,Xã Giồng Riềng,9.9237413,105.2736878,69,Moderate,1,25.5,97,0.0,0.9,169,1008.7,100,33.5,33.5,486.0,20.7,46.0,16.8
2025-11-05 23:00:00,2025,11,5,23,An Giang,Xã Giồng Riềng,9.9237413,105.2736878,70,Moderate,1,25.2,98,0.0,1.5,166,1008.4,100,37.3,37.4,470.0,22.5,42.0,17.2
2025-11-06 00:00:00,2025,11,6,0,An Giang,Xã Giồng Riềng,9.9237413,105.2736878,72,Moderate,1,24.8,99,0.0,2.5,188,1008.0,100,38.0,38.0,443.0,24.2,38.0,17.0
2025-11-06 01:00:00,2025,11,6,1,An Giang,Xã Giồng Riềng,9.9237413,105.2736878,73,Moderate,1,25.6,93,0.0,0.9,37,1007.3,100,39.8,39.9,424.0,25.3,35.0,16.5
2025-11-06 02:00:00,2025,11,6,2,An Giang,Xã Giồng Riềng,9.9237413,105.2736878,75,Moderate,1,25.5,96,0.0,1.5,30,1006.5,100,40.9,40.9,429.0,25.6,32.0,15.7
2025-11-06 03:00:00,2025,11,6,3,An Giang,Xã Giồng Riềng,9.9237413,105.2736878,76,Moderate,1,25.0,98,0.0,1.9,17,1006.1,100,39.6,39.7,442.0,25.2,29.0,14.7
2025-11-06 04:00:00,2025,11,6,4,An Giang,Xã Giồng Riềng,9.9237413,105.2736878,78,Moderate,1,24.6,100,0.0,2.8,288,1005.9,100,37.4,37.4,441.0,24.2,28.0,14.1
2025-11-06 05:00:00,2025,11,6,5,An Giang,Xã Giồng Riềng,9.9237413,105.2736878,79,Moderate,1,24.5,100,0.0,3.5,339,1006.2,100,31.5,31.5,410.0,22.4,29.0,14.2
2025-11-06 06:00:00,2025,11,6,6,An Giang,Xã Giồng Riềng,9.9237413,105.2736878,79,Moderate,1,24.5,98,0.0,4.2,340,1006.7,100,28.5,28.5,365.0,20.0,32.0,14.7
2025-11-06 07:00:00,2025,11,6,7,An Giang,Xã Giồng Riềng,9.9237413,105.2736878,79,Moderate,1,25.6,93,0.0,4.8,340,1007.3,100,26.5,26.5,331.0,18.0,32.0,13.7
2025-11-06 08:00:00,2025,11,6,8,An Giang,Xã Giồng Riềng,9.9237413,105.2736878,79,Moderate,1,27.6,82,0.0,5.6,335,1008.3,100,15.8,15.9,320.0,14.6,48.0,13.4
2025-11-06 09:00:00,2025,11,6,9,An Giang,Xã Giồng Riềng,9.9237413,105.2736878,78,Moderate,1,28.9,74,0.0,7.5,314,1008.5,100,11.9,12.0,320.0,10.0,70.0,13.0
2025-11-06 10:00:00,2025,11,6,10,An Giang,Xã Giồng Riềng,9.9237413,105.2736878,78,Moderate,1,29.4,71,0.0,7.8,304,1008.7,100,11.0,11.1,317.0,6.4,87.0,12.3
2025-11-06 11:00:00,2025,11,6,11,An Giang,Xã Giồng Riềng,9.9237413,105.2736878,77,Moderate,1,30.0,67,0.0,10.1,305,1007.8,100,11.4,11.5,305.0,4.8,94.0,11.0
2025-11-06 12:00:00,2025,11,6,12,An Giang,Xã Giồng Riềng,9.9237413,105.2736878,77,Moderate,1,29.5,68,0.1,9.6,298,1007.1,100,11.8,11.9,289.0,4.2,95.0,9.3
2025-11-06 13:00:00,2025,11,6,13,An Giang,Xã Giồng Riềng,9.9237413,105.2736878,77,Moderate,1,27.8,76,0.3,10.6,272,1006.6,100,13.4,13.5,274.0,4.1,94.0,8.2
2025-11-06 14:00:00,2025,11,6,14,An Giang,Xã Giồng Riềng,9.9237413,105.2736878,77,Moderate,1,28.2,75,0.0,7.5,281,1005.4,100,13.5,13.6,259.0,4.5,91.0,8.0
2025-11-06 15:00:00,2025,11,6,15,An Giang,Xã Giồng Riềng,9.9237413,105.2736878,77,Moderate,1,27.2,85,0.6,9.8,308,1004.9,100,13.2,13.3,245.0,5.5,86.0,8.4
2025-11-06 16:00:00,2025,11,6,16,An Giang,Xã Giồng Riềng,9.9237413,105.2736878,77,Moderate,1,27.3,83,0.2,7.7,279,1004.5,100,13.3,13.4,239.0,6.7,80.0,8.8
2025-11-06 17:00:00,2025,11,6,17,An Giang,Xã Giồng Riềng,9.9237413,105.2736878,76,Moderate,1,27.0,85,0.0,5.2,276,1005.0,100,14.6,14.6,246.0,8.4,73.0,9.2
2025-11-06 18:00:00,2025,11,6,18,An Giang,Xã Giồng Riềng,9.9237413,105.2736878,76,Moderate,1,26.0,90,0.0,4.5,233,1004.9,100,15.5,15.5,260.0,10.2,65.0,9.6
2025-11-06 19:00:00,2025,11,6,19,An Giang,Xã Giồng Riềng,9.9237413,105.2736878,75,Moderate,1,26.4,89,0.0,7.8,241,1005.8,100,17.6,17.8,274.0,9.1,70.0,9.1
2025-11-06 20:00:00,2025,11,6,20,An Giang,Xã Giồng Riềng,9.9237413,105.2736878,74,Moderate,1,26.4,89,0.0,8.8,239,1006.5,100,15.1,15.3,286.0,8.3,69.0,8.0
2025-11-06 21:00:00,2025,11,6,21,An Giang,Xã Giồng Riềng,9.9237413,105.2736878,74,Moderate,1,26.2,89,0.0,10.2,236,1006.7,100,12.8,13.0,297.0,7.1,69.0,6.4
2025-11-06 22:00:00,2025,11,6,22,An Giang,Xã Giồng Riềng,9.9237413,105.2736878,73,Moderate,1,26.5,87,0.0,12.2,237,1007.3,100,10.7,10.9,301.0,6.1,69.0,5.0
2025-11-06 23:00:00,2025,11,6,23,An Giang,Xã Giồng Riềng,9.9237413,105.2736878,71,Moderate,1,26.6,84,0.0,15.6,248,1007.5,100,9.2,9.5,293.0,5.4,70.0,4.0
2025-11-07 00:00:00,2025,11,7,0,An Giang,Xã Giồng Riềng,9.9237413,105.2736878,68,Moderate,1,25.9,87,0.0,12.4,244,1006.7,100,8.2,8.6,278.0,4.9,72.0,3.1
2025-11-07 01:00:00,2025,11,7,1,An Giang,Xã Giồng Riềng,9.9237413,105.2736878,66,Moderate,1,25.6,93,0.0,11.9,245,1006.1,100,7.6,8.2,264.0,4.5,75.0,2.5
2025-11-07 02:00:00,2025,11,7,2,An Giang,Xã Giồng Riềng,9.9237413,105.2736878,63,Moderate,1,25.9,93,0.1,13.8,249,1005.4,100,7.3,8.2,252.0,4.1,79.0,2.1
2025-11-07 03:00:00,2025,11,7,3,An Giang,Xã Giồng Riềng,9.9237413,105.2736878,60,Moderate,1,25.8,91,0.1,13.2,239,1005.0,100,7.2,8.1,240.0,3.7,84.0,2.0
2025-11-07 04:00:00,2025,11,7,4,An Giang,Xã Giồng Riềng,9.9237413,105.2736878,57,Moderate,1,24.5,94,1.2,13.9,253,1005.6,100,7.0,8.0,235.0,3.8,87.0,2.2
2025-11-07 05:00:00,2025,11,7,5,An Giang,Xã Giồng Riềng,9.9237413,105.2736878,54,Moderate,1,24.7,95,0.5,9.9,235,1005.8,100,7.1,8.0,240.0,4.8,85.0,2.9
2025-11-07 06:00:00,2025,11,7,6,An Giang,Xã Giồng Riềng,9.9237413,105.2736878,52,Moderate,1,24.4,96,0.5,4.0,240,1006.8,100,7.9,8.7,252.0,6.1,81.0,3.8
2025-11-07 07:00:00,2025,11,7,7,An Giang,Xã Giồng Riềng,9.9237413,105.2736878,50,Good,0,25.9,93,0.1,7.7,183,1007.1,100,10.2,11.2,262.0,6.2,77.0,4.2
2025-11-07 08:00:00,2025,11,7,8,An Giang,Xã Giồng Riềng,9.9237413,105.2736878,47,Good,0,27.3,86,0.2,12.5,247,1008.2,100,8.2,9.3,269.0,5.0,84.0,3.8
2025-11-07 09:00:00,2025,11,7,9,An Giang,Xã Giồng Riềng,9.9237413,105.2736878,46,Good,0,28.3,80,0.2,12.3,243,1008.8,100,7.8,8.8,274.0,3.3,94.0,3.3
2025-11-07 10:00:00,2025,11,7,10,An Giang,Xã Giồng Riềng,9.9237413,105.2736878,45,Good,0,30.0,73,0.1,14.0,242,1008.5,100,7.3,8.0,275.0,2.1,100.0,2.9
2025-11-07 11:00:00,2025,11,7,11,An Giang,Xã Giồng Riềng,9.9237413,105.2736878,45,Good,0,28.6,75,0.2,18.0,241,1008.5,100,6.1,6.5,268.0,1.9,100.0,2.6
2025-11-07 12:00:00,2025,11,7,12,An Giang,Xã Giồng Riềng,9.9237413,105.2736878,44,Good,0,30.0,72,0.1,15.7,243,1007.8,100,6.1,6.5,256.0,2.1,97.0,2.3
2025-11-07 13:00:00,2025,11,7,13,An Giang,Xã Giồng Riềng,9.9237413,105.2736878,43,Good,0,28.2,79,0.5,16.3,234,1007.5,100,6.4,6.8,245.0,2.5,95.0,2.2
2025-11-07 14:00:00,2025,11,7,14,An Giang,Xã Giồng Riềng,9.9237413,105.2736878,42,Good,0,29.0,76,0.3,11.1,258,1007.1,100,6.5,6.9,236.0,2.9,96.0,2.3
2025-11-07 15:00:00,2025,11,7,15,An Giang,Xã Giồng Riềng,9.9237413,105.2736878,43,Good,0,25.4,89,2.0,15.2,244,1007.1,100,6.8,7.1,227.0,3.4,97.0,2.5
2025-11-07 16:00:00,2025,11,7,16,An Giang,Xã Giồng Riềng,9.9237413,105.2736878,44,Good,0,25.4,88,0.2,13.9,226,1007.4,100,7.8,8.1,227.0,4.1,97.0,2.8
2025-11-07 17:00:00,2025,11,7,17,An Giang,Xã Giồng Riềng,9.9237413,105.2736878,45,Good,0,25.1,90,0.1,9.2,228,1007.1,100,9.4,9.7,241.0,5.1,94.0,3.4
2025-11-07 18:00:00,2025,11,7,18,An Giang,Xã Giồng Riềng,9.9237413,105.2736878,45,Good,0,24.8,93,0.0,6.0,209,1008.0,100,10.2,10.6,262.0,6.2,90.0,4.1
2025-11-07 19:00:00,2025,11,7,19,An Giang,Xã Giồng Riềng,9.9237413,105.2736878,44,Good,0,25.4,95,0.0,4.5,182,1008.9,100,11.8,12.2,278.0,8.0,85.0,4.6
2025-11-07 20:00:00,2025,11,7,20,An Giang,Xã Giồng Riềng,9.9237413,105.2736878,44,Good,0,25.1,96,0.0,5.6,176,1010.0,100,11.4,11.8,283.0,7.6,82.0,4.6
2025-11-07 21:00:00,2025,11,7,21,An Giang,Xã Giồng Riềng,9.9237413,105.2736878,43,Good,0,24.8,97,0.0,4.2,173,1010.5,100,11.0,11.4,283.0,7.0,78.0,4.6
2025-11-07 22:00:00,2025,11,7,22,An Giang,Xã Giồng Riềng,9.9237413,105.2736878,42,Good,0,24.9,97,0.0,5.9,160,1010.8,100,10.5,10.9,280.0,6.8,73.0,4.5
2025-11-07 23:00:00,2025,11,7,23,An Giang,Xã Giồng Riềng,9.9237413,105.2736878,40,Good,0,24.8,97,0.0,6.2,218,1010.8,100,9.6,9.9,274.0,7.2,67.0,4.2
2025-11-08 00:00:00,2025,11,8,0,An Giang,Xã Giồng Riềng,9.9237413,105.2736878,39,Good,0,24.5,96,0.2,5.6,184,1009.6,100,9.5,9.8,265.0,8.1,61.0,3.9
2025-11-08 01:00:00,2025,11,8,1,An Giang,Xã Giồng Riềng,9.9237413,105.2736878,37,Good,0,24.4,99,0.0,4.8,243,1009.1,100,11.7,12.2,257.0,8.8,55.0,3.7
2025-11-08 02:00:00,2025,11,8,2,An Giang,Xã Giồng Riềng,9.9237413,105.2736878,36,Good,0,24.1,99,0.0,3.5,208,1008.7,100,13.5,13.9,248.0,9.3,50.0,3.6
2025-11-08 03:00:00,2025,11,8,3,An Giang,Xã Giồng Riềng,9.9237413,105.2736878,37,Good,0,24.0,99,0.0,4.0,185,1008.3,100,13.3,13.7,240.0,9.6,45.0,3.6
2025-11-08 04:00:00,2025,11,8,4,An Giang,Xã Giồng Riềng,9.9237413,105.2736878,38,Good,0,23.9,99,0.0,3.2,183,1008.3,100,13.5,14.0,238.0,10.3,41.0,4.0
2025-11-08 05:00:00,2025,11,8,5,An Giang,Xã Giồng Riềng,9.9237413,105.2736878,39,Good,0,23.8,99,0.0,3.2,177,1008.5,38,14.8,15.4,249.0,11.9,35.0,5.1
2025-11-08 06:00:00,2025,11,8,6,An Giang,Xã Giồng Riềng,9.9237413,105.2736878,40,Good,0,23.7,99,0.0,3.9,158,1009.4,54,17.2,17.8,265.0,13.8,29.0,6.5
2025-11-08 07:00:00,2025,11,8,7,An Giang,Xã Giồng Riềng,9.9237413,105.2736878,42,Good,0,26.0,93,0.0,4.6,144,1010.2,33,22.1,23.1,270.0,13.3,31.0,8.3
2025-11-08 08:00:00,2025,11,8,8,An Giang,Xã Giồng Riềng,9.9237413,105.2736878,44,Good,0,28.4,81,0.0,5.8,180,1011.0,10,16.9,18.9,253.0,10.1,47.0,7.4
2025-11-08 09:00:00,2025,11,8,9,An Giang,Xã Giồng Riềng,9.9237413,105.2736878,45,Good,0,30.0,72,0.0,10.2,210,1011.2,20,13.3,16.0,225.0,5.8,68.0,6.2
2025-11-08 10:00:00,2025,11,8,10,An Giang,Xã Giồng Riềng,9.9237413,105.2736878,46,Good,0,31.0,68,0.0,10.4,217,1011.2,53,11.6,14.2,204.0,2.5,84.0,5.0
2025-11-08 11:00:00,2025,11,8,11,An Giang,Xã Giồng Riềng,9.9237413,105.2736878,47,Good,0,31.6,65,0.1,11.1,233,1010.6,89,10.0,12.0,197.0,1.2,88.0,4.0
2025-11-08 12:00:00,2025,11,8,12,An Giang,Xã Giồng Riềng,9.9237413,105.2736878,48,Good,0,30.0,69,0.6,14.9,247,1010.0,98,8.8,10.4,195.0,1.0,87.0,3.0
2025-11-08 13:00:00,2025,11,8,13,An Giang,Xã Giồng Riềng,9.9237413,105.2736878,48,Good,0,30.2,69,0.7,8.9,207,1009.3,100,7.8,9.2,196.0,1.2,83.0,2.4
2025-11-08 14:00:00,2025,11,8,14,An Giang,Xã Giồng Riềng,9.9237413,105.2736878,48,Good,0,28.5,73,1.2,10.8,244,1009.1,100,6.7,7.8,194.0,1.6,77.0,2.2
2025-11-08 15:00:00,2025,11,8,15,An Giang,Xã Giồng Riềng,9.9237413,105.2736878,48,Good,0,28.4,76,0.7,9.3,224,1008.2,99,6.3,6.9,194.0,2.5,69.0,2.4
2025-11-08 16:00:00,2025,11,8,16,An Giang,Xã Giồng Riềng,9.9237413,105.2736878,48,Good,0,28.2,76,0.0,5.4,206,1007.6,98,6.5,7.2,202.0,4.2,61.0,3.1
2025-11-08 17:00:00,2025,11,8,17,An Giang,Xã Giồng Riềng,9.9237413,105.2736878,48,Good,0,28.0,78,0.0,5.2,221,1008.3,99,7.2,8.0,222.0,7.2,53.0,4.7
2025-11-08 18:00:00,2025,11,8,18,An Giang,Xã Giồng Riềng,9.9237413,105.2736878,48,Good,0,27.1,85,0.0,2.3,241,1009.1,100,11.7,12.5,249.0,11.1,46.0,6.8
2025-11-08 19:00:00,2025,11,8,19,An Giang,Xã Giồng Riềng,9.9237413,105.2736878,48,Good,0,25.1,94,0.0,6.4,108,1009.7,100,18.0,19.0,279.0,14.4,41.0,8.3
2025-11-08 20:00:00,2025,11,8,20,An Giang,Xã Giồng Riềng,9.9237413,105.2736878,49,Good,0,24.8,97,0.9,10.5,82,1011.1,100,18.4,19.3,317.0,15.4,37.0,9.2
2025-11-08 21:00:00,2025,11,8,21,An Giang,Xã Giồng Riềng,9.9237413,105.2736878,50,Good,0,24.8,94,0.1,6.3,103,1010.6,100,20.7,21.4,356.0,16.8,32.0,10.3
2025-11-08 22:00:00,2025,11,8,22,An Giang,Xã Giồng Riềng,9.9237413,105.2736878,51,Moderate,1,24.3,96,4.5,5.4,76,1011.6,100,23.4,24.1,376.0,17.7,28.0,10.9
2025-11-08 23:00:00,2025,11,8,23,An Giang,Xã Giồng Riềng,9.9237413,105.2736878,52,Moderate,1,24.1,92,18.4,3.1,59,1012.1,100,23.5,24.3,358.0,17.7,26.0,10.3
2025-11-09 00:00:00,2025,11,9,0,An Giang,Xã Giồng Riềng,9.9237413,105.2736878,53,Moderate,1,24.0,96,0.8,5.4,60,1011.2,98,22.6,23.4,321.0,17.2,26.0,9.2
2025-11-09 01:00:00,2025,11,9,1,An Giang,Xã Giồng Riềng,9.9237413,105.2736878,55,Moderate,1,24.7,96,0.1,5.3,98,1010.4,98,22.9,23.7,292.0,17.3,24.0,8.1
2025-11-09 02:00:00,2025,11,9,2,An Giang,Xã Giồng Riềng,9.9237413,105.2736878,56,Moderate,1,24.6,93,0.0,6.9,129,1009.5,99,25.7,26.5,285.0,18.8,19.0,7.1
2025-11-09 03:00:00,2025,11,9,3,An Giang,Xã Giồng Riềng,9.9237413,105.2736878,57,Moderate,1,24.0,95,0.3,2.1,38,1009.0,100,32.5,33.2,288.0,20.8,14.0,6.1
2025-11-09 04:00:00,2025,11,9,4,An Giang,Xã Giồng Riềng,9.9237413,105.2736878,58,Moderate,1,23.8,96,0.4,3.3,112,1009.0,97,35.4,35.7,289.0,21.5,12.0,5.9
2025-11-09 05:00:00,2025,11,9,5,An Giang,Xã Giồng Riềng,9.9237413,105.2736878,60,Moderate,1,23.7,95,0.7,3.2,93,1008.8,96,35.7,36.0,287.0,20.0,16.0,7.0
2025-11-09 06:00:00,2025,11,9,6,An Giang,Xã Giồng Riềng,9.9237413,105.2736878,62,Moderate,1,23.3,96,0.0,1.7,108,1009.4,86,37.7,37.8,284.0,17.1,25.0,8.9
2025-11-09 07:00:00,2025,11,9,7,An Giang,Xã Giồng Riềng,9.9237413,105.2736878,64,Moderate,1,25.3,96,0.0,5.2,115,1009.6,100,13.4,13.4,276.0,12.7,44.0,12.2
2025-11-09 08:00:00,2025,11,9,8,An Giang,Xã Giồng Riềng,9.9237413,105.2736878,63,Moderate,1,27.9,82,0.0,2.8,125,1010.3,100,10.9,11.0,260.0,10.4,56.0,12.5
2025-11-09 09:00:00,2025,11,9,9,An Giang,Xã Giồng Riềng,9.9237413,105.2736878,63,Moderate,1,29.7,72,0.0,1.9,214,1010.7,100,10.3,10.4,240.0,7.3,73.0,12.8
2025-11-09 10:00:00,2025,11,9,10,An Giang,Xã Giồng Riềng,9.9237413,105.2736878,62,Moderate,1,31.0,66,0.1,1.5,249,1010.5,100,10.0,10.2,223.0,4.7,89.0,12.7
2025-11-09 11:00:00,2025,11,9,11,An Giang,Xã Giồng Riềng,9.9237413,105.2736878,62,Moderate,1,32.1,63,0.1,1.5,7,1010.1,100,11.5,11.7,211.0,3.2,103.0,11.9
2025-11-09 12:00:00,2025,11,9,12,An Giang,Xã Giồng Riềng,9.9237413,105.2736878,62,Moderate,1,32.9,58,0.1,2.8,35,1008.9,100,13.2,13.4,201.0,2.4,117.0,10.7
2025-11-09 13:00:00,2025,11,9,13,An Giang,Xã Giồng Riềng,9.9237413,105.2736878,63,Moderate,1,33.0,54,2.8,3.0,33,1008.6,100,14.0,14.2,195.0,2.0,125.0,9.6
2025-11-09 14:00:00,2025,11,9,14,An Giang,Xã Giồng Riềng,9.9237413,105.2736878,63,Moderate,1,30.5,65,0.5,11.7,291,1007.5,100,14.2,14.3,193.0,2.0,126.0,8.5
2025-11-09 15:00:00,2025,11,9,15,An Giang,Xã Giồng Riềng,9.9237413,105.2736878,64,Moderate,1,25.9,87,0.5,8.1,253,1007.5,100,15.6,15.8,194.0,2.6,121.0,7.4
2025-11-09 16:00:00,2025,11,9,16,An Giang,Xã Giồng Riềng,9.9237413,105.2736878,65,Moderate,1,26.3,83,3.3,1.5,210,1006.9,100,16.1,16.3,201.0,4.0,113.0,7.2
2025-11-09 17:00:00,2025,11,9,17,An Giang,Xã Giồng Riềng,9.9237413,105.2736878,66,Moderate,1,26.0,87,0.4,6.1,114,1007.8,100,18.0,18.2,214.0,6.8,100.0,8.2
2025-11-09 18:00:00,2025,11,9,18,An Giang,Xã Giồng Riềng,9.9237413,105.2736878,67,Moderate,1,25.3,93,0.1,6.6,61,1008.5,100,22.5,22.6,233.0,10.4,83.0,10.1
2025-11-09 19:00:00,2025,11,9,19,An Giang,Xã Giồng Riềng,9.9237413,105.2736878,68,Moderate,1,26.7,86,0.0,8.8,90,1008.4,100,16.6,16.6,259.0,10.2,72.0,10.2
2025-11-09 20:00:00,2025,11,9,20,An Giang,Xã Giồng Riềng,9.9237413,105.2736878,67,Moderate,1,25.9,91,0.4,8.8,39,1009.8,100,18.1,18.1,296.0,11.8,67.0,11.9
2025-11-09 21:00:00,2025,11,9,21,An Giang,Xã Giồng Riềng,9.9237413,105.2736878,67,Moderate,1,25.5,94,0.1,1.9,241,1009.8,100,20.6,20.7,340.0,14.2,61.0,14.2
2025-11-09 22:00:00,2025,11,9,22,An Giang,Xã Giồng Riềng,9.9237413,105.2736878,67,Moderate,1,24.9,98,0.0,1.0,338,1010.2,100,26.7,26.7,375.0,16.6,54.0,15.9
2025-11-09 23:00:00,2025,11,9,23,An Giang,Xã Giồng Riềng,9.9237413,105.2736878,68,Moderate,1,24.5,99,0.0,2.2,14,1009.7,100,29.6,29.6,393.0,19.0,48.0,16.6
2025-11-10 00:00:00,2025,11,10,0,An Giang,Xã Giồng Riềng,9.9237413,105.2736878,68,Moderate,1,24.4,99,0.0,0.6,326,1009.3,100,32.7,32.7,403.0,21.6,43.0,16.6
2025-11-10 01:00:00,2025,11,10,1,An Giang,Xã Giồng Riềng,9.9237413,105.2736878,69,Moderate,1,25.0,100,0.0,2.7,67,1009.1,100,41.2,41.2,419.0,23.6,37.0,16.0
2025-11-10 02:00:00,2025,11,10,2,An Giang,Xã Giồng Riềng,9.9237413,105.2736878,71,Moderate,1,25.0,100,0.0,1.7,18,1008.2,100,55.5,55.5,449.0,25.2,30.0,13.9
2025-11-10 03:00:00,2025,11,10,3,An Giang,Xã Giồng Riềng,9.9237413,105.2736878,73,Moderate,1,25.0,100,0.0,0.4,270,1008.1,100,68.2,68.2,486.0,26.3,22.0,11.2
2025-11-10 04:00:00,2025,11,10,4,An Giang,Xã Giồng Riềng,9.9237413,105.2736878,77,Moderate,1,25.1,99,0.0,5.6,97,1008.2,100,68.7,68.7,522.0,26.4,18.0,9.9
2025-11-10 05:00:00,2025,11,10,5,An Giang,Xã Giồng Riềng,9.9237413,105.2736878,80,Moderate,1,24.9,98,0.0,4.3,92,1008.3,100,68.2,68.2,571.0,25.3,17.0,11.4
2025-11-10 06:00:00,2025,11,10,6,An Giang,Xã Giồng Riềng,9.9237413,105.2736878,82,Moderate,1,24.5,99,0.0,3.6,110,1008.9,100,71.0,71.0,620.0,23.2,19.0,14.5
2025-11-10 07:00:00,2025,11,10,7,An Giang,Xã Giồng Riềng,9.9237413,105.2736878,85,Moderate,1,25.8,93,0.0,5.1,117,1009.3,100,72.2,72.2,620.0,21.6,22.0,11.5
2025-11-10 08:00:00,2025,11,10,8,An Giang,Xã Giồng Riềng,9.9237413,105.2736878,91,Moderate,1,27.8,83,0.0,4.7,108,1010.2,100,38.0,38.1,529.0,16.6,46.0,12.6
2025-11-10 09:00:00,2025,11,10,9,An Giang,Xã Giồng Riềng,9.9237413,105.2736878,93,Moderate,1,29.6,73,0.0,4.7,122,1010.5,100,22.3,22.6,390.0,9.7,79.0,14.1
2025-11-10 10:00:00,2025,11,10,10,An Giang,Xã Giồng Riềng,9.9237413,105.2736878,94,Moderate,1,30.9,68,0.1,4.4,128,1010.1,100,19.2,19.5,284.0,4.4,104.0,14.5
2025-11-10 11:00:00,2025,11,10,11,An Giang,Xã Giồng Riềng,9.9237413,105.2736878,95,Moderate,1,31.9,62,0.0,2.5,159,1009.1,100,18.1,18.5,248.0,2.3,116.0,12.9
2025-11-10 12:00:00,2025,11,10,12,An Giang,Xã Giồng Riềng,9.9237413,105.2736878,95,Moderate,1,31.6,60,0.0,5.2,229,1008.1,100,17.5,17.9,244.0,1.8,120.0,10.3
2025-11-10 13:00:00,2025,11,10,13,An Giang,Xã Giồng Riềng,9.9237413,105.2736878,96,Moderate,1,28.8,70,3.9,10.5,248,1007.7,100,20.7,21.3,242.0,1.8,120.0,8.0
2025-11-10 14:00:00,2025,11,10,14,An Giang,Xã Giồng Riềng,9.9237413,105.2736878,96,Moderate,1,28.6,70,0.1,14.8,190,1007.6,100,17.3,17.7,229.0,1.8,115.0,6.5
2025-11-10 15:00:00,2025,11,10,15,An Giang,Xã Giồng Riềng,9.9237413,105.2736878,97,Moderate,1,28.2,72,0.1,5.5,212,1007.3,100,15.7,16.0,218.0,2.2,106.0,5.5
2025-11-10 16:00:00,2025,11,10,16,An Giang,Xã Giồng Riềng,9.9237413,105.2736878,97,Moderate,1,28.1,72,0.0,6.0,175,1007.1,100,14.8,15.0,218.0,3.3,95.0,5.0
2025-11-10 17:00:00,2025,11,10,17,An Giang,Xã Giồng Riềng,9.9237413,105.2736878,97,Moderate,1,27.9,73,0.0,2.6,205,1007.4,100,12.9,13.1,239.0,5.5,82.0,5.4
2025-11-10 18:00:00,2025,11,10,18,An Giang,Xã Giồng Riềng,9.9237413,105.2736878,96,Moderate,1,26.8,79,0.0,5.4,124,1008.0,100,15.4,15.5,271.0,8.5,68.0,6.4
2025-11-10 19:00:00,2025,11,10,19,An Giang,Xã Giồng Riềng,9.9237413,105.2736878,95,Moderate,1,24.6,96,0.0,2.9,94,1008.4,100,17.7,17.8,299.0,11.6,56.0,7.8
2025-11-10 20:00:00,2025,11,10,20,An Giang,Xã Giồng Riềng,9.9237413,105.2736878,96,Moderate,1,25.0,96,0.0,3.0,197,1008.8,100,16.6,16.6,319.0,11.6,53.0,7.8
2025-11-10 21:00:00,2025,11,10,21,An Giang,Xã Giồng Riềng,9.9237413,105.2736878,95,Moderate,1,24.9,98,0.0,2.4,138,1009.7,100,17.6,17.8,335.0,11.5,48.0,7.9
2025-11-10 22:00:00,2025,11,10,22,An Giang,Xã Giồng Riềng,9.9237413,105.2736878,95,Moderate,1,24.8,98,0.0,2.9,112,1010.0,100,16.8,16.9,344.0,11.5,45.0,7.7
2025-11-10 23:00:00,2025,11,10,23,An Giang,Xã Giồng Riềng,9.9237413,105.2736878,94,Moderate,1,24.6,98,0.0,3.9,158,1009.9,100,15.6,15.8,347.0,11.4,45.0,7.0
2025-11-11 00:00:00,2025,11,11,0,An Giang,Xã Giồng Riềng,9.9237413,105.2736878,93,Moderate,1,24.4,98,0.0,2.6,129,1010.0,100,16.5,16.7,342.0,11.2,46.0,6.2
2025-11-11 01:00:00,2025,11,11,1,An Giang,Xã Giồng Riềng,9.9237413,105.2736878,92,Moderate,1,24.9,99,0.0,2.7,160,1008.6,100,15.7,15.9,327.0,11.3,46.0,5.7
2025-11-11 02:00:00,2025,11,11,2,An Giang,Xã Giồng Riềng,9.9237413,105.2736878,89,Moderate,1,24.9,99,0.0,3.3,202,1008.1,100,14.4,14.6,290.0,11.8,44.0,6.0
2025-11-11 03:00:00,2025,11,11,3,An Giang,Xã Giồng Riềng,9.9237413,105.2736878,86,Moderate,1,24.5,100,0.0,2.3,122,1007.6,100,15.4,15.6,243.0,12.5,42.0,6.7
2025-11-11 04:00:00,2025,11,11,4,An Giang,Xã Giồng Riềng,9.9237413,105.2736878,81,Moderate,1,24.5,99,0.0,6.0,81,1008.2,100,16.2,16.4,211.0,12.9,40.0,7.5
2025-11-11 05:00:00,2025,11,11,5,An Giang,Xã Giồng Riềng,9.9237413,105.2736878,76,Moderate,1,23.8,99,0.8,9.6,113,1009.1,100,16.6,16.7,211.0,13.2,39.0,8.6
2025-11-11 06:00:00,2025,11,11,6,An Giang,Xã Giồng Riềng,9.9237413,105.2736878,72,Moderate,1,24.0,98,0.1,5.8,76,1009.9,100,17.8,17.9,227.0,13.2,39.0,9.8
2025-11-11 07:00:00,2025,11,11,7,An Giang,Xã Giồng Riềng,9.9237413,105.2736878,67,Moderate,1,25.4,92,0.0,2.8,55,1009.7,100,8.6,8.6,238.0,11.9,50.0,10.1
2025-11-11 08:00:00,2025,11,11,8,An Giang,Xã Giồng Riềng,9.9237413,105.2736878,61,Moderate,1,27.5,81,0.0,8.1,87,1010.8,100,8.1,8.1,233.0,9.8,60.0,10.0
2025-11-11 09:00:00,2025,11,11,9,An Giang,Xã Giồng Riềng,9.9237413,105.2736878,59,Moderate,1,29.6,69,0.0,8.5,90,1011.1,100,7.7,7.7,222.0,6.9,75.0,9.7
2025-11-11 10:00:00,2025,11,11,10,An Giang,Xã Giồng Riềng,9.9237413,105.2736878,58,Moderate,1,31.0,66,0.0,5.6,96,1010.6,100,7.6,7.6,216.0,4.5,89.0,9.4
2025-11-11 11:00:00,2025,11,11,11,An Giang,Xã Giồng Riềng,9.9237413,105.2736878,56,Moderate,1,32.2,61,0.0,5.4,98,1010.1,100,8.9,8.9,219.0,3.2,101.0,8.8
2025-11-11 12:00:00,2025,11,11,12,An Giang,Xã Giồng Riềng,9.9237413,105.2736878,56,Moderate,1,32.5,61,0.0,3.7,104,1008.9,100,9.9,10.0,226.0,2.5,112.0,8.1
2025-11-11 13:00:00,2025,11,11,13,An Giang,Xã Giồng Riềng,9.9237413,105.2736878,55,Moderate,1,32.8,57,0.0,4.8,77,1008.2,100,11.0,11.1,232.0,2.1,119.0,7.5
2025-11-11 14:00:00,2025,11,11,14,An Giang,Xã Giồng Riềng,9.9237413,105.2736878,54,Moderate,1,33.0,57,0.1,6.0,106,1007.3,100,11.9,12.0,233.0,1.8,123.0,7.1
2025-11-11 15:00:00,2025,11,11,15,An Giang,Xã Giồng Riềng,9.9237413,105.2736878,54,Moderate,1,27.2,82,1.4,9.3,109,1008.0,100,12.1,12.2,234.0,1.8,123.0,6.9
2025-11-11 16:00:00,2025,11,11,16,An Giang,Xã Giồng Riềng,9.9237413,105.2736878,53,Moderate,1,27.7,75,0.2,2.4,54,1007.4,100,11.8,11.9,238.0,2.9,117.0,7.0
2025-11-11 17:00:00,2025,11,11,17,An Giang,Xã Giồng Riềng,9.9237413,105.2736878,53,Moderate,1,27.9,73,0.0,1.6,186,1007.7,100,11.6,11.7,247.0,5.6,101.0,7.6
2025-11-11 18:00:00,2025,11,11,18,An Giang,Xã Giồng Riềng,9.9237413,105.2736878,55,Moderate,1,27.0,79,0.0,2.8,140,1008.2,100,14.1,14.2,260.0,9.3,79.0,8.5
2025-11-11 19:00:00,2025,11,11,19,An Giang,Xã Giồng Riềng,9.9237413,105.2736878,53,Moderate,1,26.7,89,0.0,4.8,165,1008.5,100,25.4,25.4,278.0,13.2,77.0,13.6
2025-11-11 20:00:00,2025,11,11,20,An Giang,Xã Giồng Riềng,9.9237413,105.2736878,54,Moderate,1,26.6,89,0.0,4.4,161,1009.4,100,25.8,25.9,306.0,16.0,69.0,15.5
2025-11-11 21:00:00,2025,11,11,21,An Giang,Xã Giồng Riềng,9.9237413,105.2736878,54,Moderate,1,26.2,90,0.0,4.0,177,1009.9,100,28.9,29.0,339.0,19.9,57.0,17.9
2025-11-11 22:00:00,2025,11,11,22,An Giang,Xã Giồng Riềng,9.9237413,105.2736878,55,Moderate,1,26.0,91,0.0,2.2,215,1010.2,100,35.0,35.2,365.0,22.5,47.0,19.0
2025-11-11 23:00:00,2025,11,11,23,An Giang,Xã Giồng Riềng,9.9237413,105.2736878,57,Moderate,1,25.6,92,0.0,1.7,193,1010.1,100,38.1,38.2,380.0,22.5,40.0,17.3
2025-11-12 00:00:00,2025,11,12,0,An Giang,Xã Giồng Riềng,9.9237413,105.2736878,59,Moderate,1,25.5,93,0.0,1.6,186,1010.1,100,31.7,31.9,387.0,21.2,35.0,14.2
2025-11-12 01:00:00,2025,11,12,1,An Giang,Xã Giồng Riềng,9.9237413,105.2736878,60,Moderate,1,25.9,98,0.0,6.3,110,1009.0,100,31.3,31.7,389.0,20.4,32.0,11.8
2025-11-12 02:00:00,2025,11,12,2,An Giang,Xã Giồng Riềng,9.9237413,105.2736878,62,Moderate,1,26.0,96,0.0,5.2,102,1008.9,100,31.5,31.9,383.0,20.8,30.0,10.7
2025-11-12 03:00:00,2025,11,12,3,An Giang,Xã Giồng Riềng,9.9237413,105.2736878,63,Moderate,1,25.6,97,0.0,3.2,93,1008.7,100,31.0,31.3,372.0,21.6,30.0,10.3
2025-11-12 04:00:00,2025,11,12,4,An Giang,Xã Giồng Riềng,9.9237413,105.2736878,65,Moderate,1,25.4,97,0.0,3.9,112,1009.1,100,33.9,34.3,363.0,22.1,30.0,10.4
2025-11-12 05:00:00,2025,11,12,5,An Giang,Xã Giồng Riềng,9.9237413,105.2736878,66,Moderate,1,25.0,98,0.0,5.2,96,1009.5,100,38.0,38.4,365.0,22.5,28.0,11.5
2025-11-12 06:00:00,2025,11,12,6,An Giang,Xã Giồng Riềng,9.9237413,105.2736878,68,Moderate,1,24.8,98,0.0,4.3,68,1010.3,100,44.2,44.7,369.0,22.5,27.0,13.1
2025-11-12 07:00:00,2025,11,12,7,An Giang,Xã Giồng Riềng,9.9237413,105.2736878,70,Moderate,1,25.9,88,0.0,9.3,80,1010.4,100,24.9,26.0,358.0,15.2,41.0,11.7
2025-11-12 08:00:00,2025,11,12,8,An Giang,Xã Giồng Riềng,9.9237413,105.2736878,72,Moderate,1,28.0,81,0.0,8.3,95,1011.6,100,19.2,20.5,319.0,12.2,52.0,11.1
2025-11-12 09:00:00,2025,11,12,9,An Giang,Xã Giồng Riềng,9.9237413,105.2736878,73,Moderate,1,28.8,78,0.0,9.6,102,1011.8,100,16.1,17.5,265.0,8.1,67.0,10.3
2025-11-12 10:00:00,2025,11,12,10,An Giang,Xã Giồng Riềng,9.9237413,105.2736878,74,Moderate,1,30.0,72,0.0,7.9,101,1011.7,100,14.6,15.9,221.0,4.9,81.0,9.6
2025-11-12 11:00:00,2025,11,12,11,An Giang,Xã Giồng Riềng,9.9237413,105.2736878,74,Moderate,1,31.0,67,0.1,6.3,110,1011.3,100,15.5,16.8,197.0,3.3,92.0,9.0
2025-11-12 12:00:00,2025,11,12,12,An Giang,Xã Giồng Riềng,9.9237413,105.2736878,75,Moderate,1,32.4,59,0.0,8.8,129,1009.5,100,16.3,17.6,183.0,2.5,102.0,8.5
2025-11-12 13:00:00,2025,11,12,13,An Giang,Xã Giồng Riềng,9.9237413,105.2736878,75,Moderate,1,26.0,86,11.4,5.1,108,1010.2,100,17.3,18.6,174.0,2.3,107.0,7.9
2025-11-12 14:00:00,2025,11,12,14,An Giang,Xã Giồng Riềng,9.9237413,105.2736878,76,Moderate,1,27.7,77,0.0,1.9,338,1009.1,100,19.1,20.4,170.0,2.5,105.0,6.9
2025-11-12 15:00:00,2025,11,12,15,An Giang,Xã Giồng Riềng,9.9237413,105.2736878,77,Moderate,1,29.1,73,0.0,0.3,225,1008.5,100,23.1,24.5,172.0,3.1,99.0,5.8
2025-11-12 16:00:00,2025,11,12,16,An Giang,Xã Giồng Riềng,9.9237413,105.2736878,78,Moderate,1,29.1,71,0.0,4.4,192,1008.5,100,20.6,21.6,174.0,4.5,91.0,5.4
2025-11-12 17:00:00,2025,11,12,17,An Giang,Xã Giồng Riềng,9.9237413,105.2736878,78,Moderate,1,26.6,83,1.8,7.9,123,1009.5,93,20.9,21.7,171.0,6.7,81.0,6.3
2025-11-12 18:00:00,2025,11,12,18,An Giang,Xã Giồng Riềng,9.9237413,105.2736878,79,Moderate,1,25.6,89,0.0,7.3,123,1010.7,97,21.6,22.3,168.0,9.6,69.0,7.9
2025-11-12 19:00:00,2025,11,12,19,An Giang,Xã Giồng Riềng,9.9237413,105.2736878,80,Moderate,1,25.3,93,0.0,5.2,121,1010.4,100,26.3,27.1,175.0,15.0,58.0,12.2
2025-11-12 20:00:00,2025,11,12,20,An Giang,Xã Giồng Riềng,9.9237413,105.2736878,80,Moderate,1,25.2,93,0.0,3.7,113,1011.4,100,27.2,27.9,199.0,16.7,52.0,13.5
2025-11-12 21:00:00,2025,11,12,21,An Giang,Xã Giồng Riềng,9.9237413,105.2736878,80,Moderate,1,25.0,93,0.0,7.0,116,1011.9,100,32.6,33.2,233.0,19.1,43.0,15.3
2025-11-12 22:00:00,2025,11,12,22,An Giang,Xã Giồng Riềng,9.9237413,105.2736878,80,Moderate,1,24.5,92,0.0,4.0,108,1012.2,100,37.7,38.3,259.0,21.2,36.0,16.5
2025-11-12 23:00:00,2025,11,12,23,An Giang,Xã Giồng Riềng,9.9237413,105.2736878,81,Moderate,1,24.3,92,0.0,4.2,121,1012.2,100,40.7,41.2,272.0,22.5,31.0,16.3
2025-11-13 00:00:00,2025,11,13,0,An Giang,Xã Giồng Riềng,9.9237413,105.2736878,81,Moderate,1,24.0,94,0.0,4.5,119,1011.8,100,37.7,38.3,277.0,23.4,28.0,15.5
2025-11-13 01:00:00,2025,11,13,1,An Giang,Xã Giồng Riềng,9.9237413,105.2736878,81,Moderate,1,24.3,95,0.0,5.9,101,1011.2,100,41.3,41.8,278.0,24.1,25.0,14.9
2025-11-13 02:00:00,2025,11,13,2,An Giang,Xã Giồng Riềng,9.9237413,105.2736878,82,Moderate,1,24.6,94,0.0,6.2,100,1010.6,100,43.3,43.9,270.0,24.9,22.0,14.8
2025-11-13 03:00:00,2025,11,13,3,An Giang,Xã Giồng Riềng,9.9237413,105.2736878,83,Moderate,1,24.4,95,0.0,4.9,90,1010.5,100,47.7,48.2,258.0,25.6,20.0,15.1
2025-11-13 04:00:00,2025,11,13,4,An Giang,Xã Giồng Riềng,9.9237413,105.2736878,85,Moderate,1,24.4,96,0.0,4.5,88,1010.4,100,48.3,48.7,256.0,25.7,20.0,16.0
2025-11-13 05:00:00,2025,11,13,5,An Giang,Xã Giồng Riềng,9.9237413,105.2736878,86,Moderate,1,24.1,97,0.0,4.3,92,1010.9,100,50.6,51.0,277.0,25.3,20.0,18.5
2025-11-13 06:00:00,2025,11,13,6,An Giang,Xã Giồng Riềng,9.9237413,105.2736878,87,Moderate,1,24.0,97,0.0,2.3,90,1011.5,100,54.6,54.9,307.0,24.3,23.0,21.6
2025-11-13 07:00:00,2025,11,13,7,An Giang,Xã Giồng Riềng,9.9237413,105.2736878,88,Moderate,1,25.8,86,0.0,7.6,118,1012.1,40,57.6,58.3,324.0,22.5,28.0,19.8
2025-11-13 08:00:00,2025,11,13,8,An Giang,Xã Giồng Riềng,9.9237413,105.2736878,91,Moderate,1,27.9,76,0.0,6.5,124,1013.0,91,37.7,38.6,315.0,18.0,52.0,19.4
2025-11-13 09:00:00,2025,11,13,9,An Giang,Xã Giồng Riềng,9.9237413,105.2736878,93,Moderate,1,29.4,70,0.0,7.1,133,1013.2,100,26.3,27.3,292.0,11.8,86.0,18.7
2025-11-13 10:00:00,2025,11,13,10,An Giang,Xã Giồng Riềng,9.9237413,105.2736878,93,Moderate,1,30.9,66,0.0,6.2,139,1013.1,100,23.9,25.0,270.0,7.0,112.0,17.3
2025-11-13 11:00:00,2025,11,13,11,An Giang,Xã Giồng Riềng,9.9237413,105.2736878,94,Moderate,1,31.7,63,0.0,3.6,131,1012.6,99,27.5,28.6,251.0,4.9,121.0,14.3
2025-11-13 12:00:00,2025,11,13,12,An Giang,Xã Giồng Riềng,9.9237413,105.2736878,95,Moderate,1,32.5,60,0.0,1.2,333,1011.5,100,33.4,34.6,232.0,4.3,123.0,10.6
2025-11-13 13:00:00,2025,11,13,13,An Giang,Xã Giồng Riềng,9.9237413,105.2736878,97,Moderate,1,34.0,50,0.0,6.2,57,1010.0,100,30.2,31.0,220.0,4.0,123.0,7.8
2025-11-13 14:00:00,2025,11,13,14,An Giang,Xã Giồng Riềng,9.9237413,105.2736878,98,Moderate,1,32.0,57,0.1,10.3,274,1009.2,91,32.2,32.9,215.0,3.7,126.0,6.7
2025-11-13 15:00:00,2025,11,13,15,An Giang,Xã Giồng Riềng,9.9237413,105.2736878,99,Moderate,1,26.2,85,5.3,7.9,313,1010.4,85,32.6,33.2,216.0,3.9,127.0,6.5
2025-11-13 16:00:00,2025,11,13,16,An Giang,Xã Giồng Riềng,9.9237413,105.2736878,100,Moderate,1,27.0,78,0.3,6.3,231,1010.0,89,35.4,36.1,230.0,4.7,124.0,6.7
2025-11-13 17:00:00,2025,11,13,17,An Giang,Xã Giồng Riềng,9.9237413,105.2736878,102,Unhealthy for Sensitive Groups,2,26.5,80,0.0,5.6,158,1010.8,100,35.4,36.0,269.0,6.7,113.0,7.2
2025-11-13 18:00:00,2025,11,13,18,An Giang,Xã Giồng Riềng,9.9237413,105.2736878,103,Unhealthy for Sensitive Groups,2,26.0,83,0.1,3.0,73,1011.0,99,36.0,36.4,319.0,9.4,97.0,8.1
2025-11-13 19:00:00,2025,11,13,19,An Giang,Xã Giồng Riềng,9.9237413,105.2736878,105,Unhealthy for Sensitive Groups,2,24.8,94,0.1,4.7,187,1010.8,98,30.3,30.5,350.0,14.9,84.0,13.0
2025-11-13 20:00:00,2025,11,13,20,An Giang,Xã Giồng Riềng,9.9237413,105.2736878,105,Unhealthy for Sensitive Groups,2,25.0,94,0.0,1.8,96,1012.0,100,28.8,28.9,342.0,15.6,74.0,13.1
2025-11-13 21:00:00,2025,11,13,21,An Giang,Xã Giồng Riềng,9.9237413,105.2736878,105,Unhealthy for Sensitive Groups,2,24.7,95,0.2,10.1,91,1012.5,95,31.4,31.7,313.0,16.5,60.0,13.4
2025-11-13 22:00:00,2025,11,13,22,An Giang,Xã Giồng Riềng,9.9237413,105.2736878,105,Unhealthy for Sensitive Groups,2,24.4,94,0.3,1.7,108,1012.5,95,33.8,33.9,287.0,17.0,51.0,13.7
2025-11-13 23:00:00,2025,11,13,23,An Giang,Xã Giồng Riềng,9.9237413,105.2736878,105,Unhealthy for Sensitive Groups,2,24.0,95,0.0,1.3,172,1012.3,79,36.0,36.1,270.0,16.8,51.0,14.3
2025-11-14 00:00:00,2025,11,14,0,An Giang,Xã Giồng Riềng,9.9237413,105.2736878,104,Unhealthy for Sensitive Groups,2,23.5,98,0.0,2.2,175,1011.8,100,34.5,34.6,255.0,16.1,55.0,15.1
2025-11-14 01:00:00,2025,11,14,1,An Giang,Xã Giồng Riềng,9.9237413,105.2736878,104,Unhealthy for Sensitive Groups,2,24.8,96,0.1,0.7,346,1010.8,100,34.0,34.1,247.0,15.8,58.0,15.6
2025-11-14 02:00:00,2025,11,14,2,An Giang,Xã Giồng Riềng,9.9237413,105.2736878,103,Unhealthy for Sensitive Groups,2,24.6,97,0.1,11.1,320,1010.6,100,37.5,37.7,251.0,16.2,56.0,15.5
2025-11-14 03:00:00,2025,11,14,3,An Giang,Xã Giồng Riềng,9.9237413,105.2736878,102,Unhealthy for Sensitive Groups,2,24.4,95,0.1,1.5,201,1010.2,100,41.2,41.4,262.0,16.8,51.0,15.2
2025-11-14 04:00:00,2025,11,14,4,An Giang,Xã Giồng Riềng,9.9237413,105.2736878,102,Unhealthy for Sensitive Groups,2,24.1,97,0.0,4.1,311,1009.9,99,39.0,39.2,273.0,17.1,49.0,15.2
2025-11-14 05:00:00,2025,11,14,5,An Giang,Xã Giồng Riềng,9.9237413,105.2736878,101,Unhealthy for Sensitive Groups,2,24.2,96,0.0,5.5,9,1010.2,100,39.2,39.3,280.0,17.1,48.0,16.2
2025-11-14 06:00:00,2025,11,14,6,An Giang,Xã Giồng Riềng,9.9237413,105.2736878,100,Moderate,1,23.6,97,0.0,4.4,7,1010.5,100,42.0,42.1,286.0,16.7,49.0,17.5
2025-11-14 07:00:00,2025,11,14,7,An Giang,Xã Giồng Riềng,9.9237413,105.2736878,99,Moderate,1,25.2,94,0.0,6.7,341,1010.8,100,41.2,41.4,292.0,16.5,51.0,17.2
2025-11-14 08:00:00,2025,11,14,8,An Giang,Xã Giồng Riềng,9.9237413,105.2736878,97,Moderate,1,27.5,80,0.0,6.7,352,1011.8,97,25.0,25.3,298.0,12.6,74.0,15.4
2025-11-14 09:00:00,2025,11,14,9,An Giang,Xã Giồng Riềng,9.9237413,105.2736878,96,Moderate,1,29.4,68,0.0,7.0,35,1012.3,97,18.0,18.2,304.0,7.3,105.0,12.7
2025-11-14 10:00:00,2025,11,14,10,An Giang,Xã Giồng Riềng,9.9237413,105.2736878,95,Moderate,1,31.0,58,0.0,10.4,51,1012.2,100,16.9,17.1,306.0,3.3,129.0,10.4
2025-11-14 11:00:00,2025,11,14,11,An Giang,Xã Giồng Riềng,9.9237413,105.2736878,95,Moderate,1,32.0,52,0.0,12.5,50,1011.7,100,15.9,16.1,304.0,1.9,140.0,8.6
2025-11-14 12:00:00,2025,11,14,12,An Giang,Xã Giồng Riềng,9.9237413,105.2736878,94,Moderate,1,32.5,49,0.0,13.2,47,1010.6,100,14.2,14.4,299.0,1.8,144.0,7.0
2025-11-14 13:00:00,2025,11,14,13,An Giang,Xã Giồng Riềng,9.9237413,105.2736878,92,Moderate,1,32.6,45,0.0,16.7,41,1009.4,98,12.3,12.5,291.0,2.0,144.0,5.9
2025-11-14 14:00:00,2025,11,14,14,An Giang,Xã Giồng Riềng,9.9237413,105.2736878,90,Moderate,1,32.8,44,0.1,14.6,35,1008.9,59,10.9,10.9,275.0,1.7,142.0,5.1
2025-11-14 15:00:00,2025,11,14,15,An Giang,Xã Giồng Riềng,9.9237413,105.2736878,88,Moderate,1,32.7,42,0.0,13.4,33,1008.7,13,9.5,9.6,256.0,1.7,137.0,4.8
2025-11-14 16:00:00,2025,11,14,16,An Giang,Xã Giồng Riềng,9.9237413,105.2736878,86,Moderate,1,32.3,43,0.0,13.0,18,1008.5,9,8.6,8.6,251.0,2.8,128.0,5.1
2025-11-14 17:00:00,2025,11,14,17,An Giang,Xã Giồng Riềng,9.9237413,105.2736878,94,Moderate,1,30.4,52,0.0,13.5,5,1008.9,10,9.4,9.4,268.0,5.8,112.0,6.3
2025-11-14 18:00:00,2025,11,14,18,An Giang,Xã Giồng Riềng,9.9237413,105.2736878,95,Moderate,1,28.1,58,0.0,10.8,2,1009.7,87,12.3,12.3,298.0,9.8,91.0,8.2
2025-11-14 19:00:00,2025,11,14,19,An Giang,Xã Giồng Riềng,9.9237413,105.2736878,87,Moderate,1,27.4,63,0.0,11.5,11,1010.4,100,19.2,19.3,333.0,11.6,72.0,8.8
2025-11-14 20:00:00,2025,11,14,20,An Giang,Xã Giồng Riềng,9.9237413,105.2736878,79,Moderate,1,27.3,60,0.0,11.9,23,1011.3,98,20.6,20.7,377.0,12.2,68.0,9.2
2025-11-14 21:00:00,2025,11,14,21,An Giang,Xã Giồng Riềng,9.9237413,105.2736878,78,Moderate,1,26.2,64,0.0,8.0,59,1011.8,92,20.0,20.1,425.0,12.9,61.0,9.8
2025-11-14 22:00:00,2025,11,14,22,An Giang,Xã Giồng Riềng,9.9237413,105.2736878,77,Moderate,1,24.9,73,0.0,7.0,93,1012.2,99,18.8,18.9,461.0,13.6,56.0,10.0
2025-11-14 23:00:00,2025,11,14,23,An Giang,Xã Giồng Riềng,9.9237413,105.2736878,76,Moderate,1,24.0,83,0.0,5.8,76,1011.9,100,17.8,17.8,473.0,14.0,52.0,9.5
2025-11-15 00:00:00,2025,11,15,0,An Giang,Xã Giồng Riềng,9.9237413,105.2736878,74,Moderate,1,23.5,87,0.0,4.9,54,1011.6,100,17.2,17.2,473.0,14.2,49.0,8.8
2025-11-15 01:00:00,2025,11,15,1,An Giang,Xã Giồng Riềng,9.9237413,105.2736878,72,Moderate,1,23.5,93,0.0,3.5,35,1011.0,99,17.1,17.2,471.0,14.4,46.0,8.1
2025-11-15 02:00:00,2025,11,15,2,An Giang,Xã Giồng Riềng,9.9237413,105.2736878,71,Moderate,1,23.3,93,0.0,4.3,17,1010.4,100,16.9,17.1,475.0,14.6,43.0,7.7
2025-11-15 03:00:00,2025,11,15,3,An Giang,Xã Giồng Riềng,9.9237413,105.2736878,69,Moderate,1,23.6,84,0.0,8.0,14,1009.9,100,16.6,16.8,477.0,14.7,41.0,7.4
2025-11-15 04:00:00,2025,11,15,4,An Giang,Xã Giồng Riềng,9.9237413,105.2736878,67,Moderate,1,23.5,77,0.0,9.5,21,1010.3,100,16.4,16.6,471.0,14.4,40.0,7.5
2025-11-15 05:00:00,2025,11,15,5,An Giang,Xã Giồng Riềng,9.9237413,105.2736878,65,Moderate,1,23.1,78,0.0,10.2,31,1010.9,69,15.8,15.9,451.0,13.8,39.0,8.3
2025-11-15 06:00:00,2025,11,15,6,An Giang,Xã Giồng Riềng,9.9237413,105.2736878,63,Moderate,1,22.6,80,0.0,9.3,34,1011.5,0,15.8,15.9,422.0,12.8,39.0,9.4
2025-11-15 07:00:00,2025,11,15,7,An Giang,Xã Giồng Riềng,9.9237413,105.2736878,60,Moderate,1,24.5,76,0.0,9.9,9,1011.2,6,27.9,28.2,391.0,9.0,56.0,9.3
2025-11-15 08:00:00,2025,11,15,8,An Giang,Xã Giồng Riềng,9.9237413,105.2736878,59,Moderate,1,27.0,63,0.0,13.7,14,1012.1,2,28.1,28.5,355.0,7.4,74.0,9.1
2025-11-15 09:00:00,2025,11,15,9,An Giang,Xã Giồng Riềng,9.9237413,105.2736878,60,Moderate,1,28.4,55,0.0,15.1,12,1012.5,43,27.1,27.6,316.0,5.2,99.0,8.8
2025-11-15 10:00:00,2025,11,15,10,An Giang,Xã Giồng Riềng,9.9237413,105.2736878,60,Moderate,1,29.6,50,0.0,15.1,15,1012.4,58,24.9,25.4,287.0,3.4,119.0,8.4
2025-11-15 11:00:00,2025,11,15,11,An Giang,Xã Giồng Riềng,9.9237413,105.2736878,61,Moderate,1,30.2,50,0.0,13.9,23,1011.8,51,21.5,22.1,273.0,2.4,127.0,7.5
2025-11-15 12:00:00,2025,11,15,12,An Giang,Xã Giồng Riềng,9.9237413,105.2736878,62,Moderate,1,30.8,48,0.0,11.7,32,1010.7,38,19.0,19.5,268.0,1.9,130.0,6.5
2025-11-15 13:00:00,2025,11,15,13,An Giang,Xã Giồng Riềng,9.9237413,105.2736878,62,Moderate,1,31.3,43,0.0,11.9,60,1010.3,0,18.6,19.2,266.0,1.7,133.0,6.1
2025-11-15 14:00:00,2025,11,15,14,An Giang,Xã Giồng Riềng,9.9237413,105.2736878,63,Moderate,1,31.4,42,0.0,11.5,70,1009.1,0,20.2,20.7,263.0,1.7,142.0,6.8
2025-11-15 15:00:00,2025,11,15,15,An Giang,Xã Giồng Riềng,9.9237413,105.2736878,63,Moderate,1,31.1,44,0.0,12.0,76,1008.9,2,23.6,24.1,264.0,2.1,153.0,8.1
2025-11-15 16:00:00,2025,11,15,16,An Giang,Xã Giồng Riềng,9.9237413,105.2736878,74,Moderate,1,30.2,46,0.0,14.1,74,1009.0,8,27.3,27.8,274.0,3.5,155.0,9.7
2025-11-15 17:00:00,2025,11,15,17,An Giang,Xã Giồng Riềng,9.9237413,105.2736878,92,Moderate,1,28.9,52,0.0,8.9,48,1009.5,30,30.7,31.2,295.0,6.3,143.0,11.2
2025-11-15 18:00:00,2025,11,15,18,An Giang,Xã Giồng Riềng,9.9237413,105.2736878,101,Unhealthy for Sensitive Groups,2,27.2,59,0.0,7.6,72,1010.1,13,34.7,35.2,326.0,10.2,124.0,13.0
2025-11-15 19:00:00,2025,11,15,19,An Giang,Xã Giồng Riềng,9.9237413,105.2736878,102,Unhealthy for Sensitive Groups,2,26.2,66,0.0,3.0,104,1010.6,92,35.0,35.3,364.0,14.3,100.0,15.3
2025-11-15 20:00:00,2025,11,15,20,An Giang,Xã Giồng Riềng,9.9237413,105.2736878,96,Moderate,1,25.8,71,0.0,2.4,153,1011.4,33,37.7,38.1,419.0,17.2,91.0,17.6
2025-11-15 21:00:00,2025,11,15,21,An Giang,Xã Giồng Riềng,9.9237413,105.2736878,88,Moderate,1,25.2,73,0.0,0.3,315,1011.6,95,42.3,42.6,482.0,21.2,78.0,20.7
2025-11-15 22:00:00,2025,11,15,22,An Giang,Xã Giồng Riềng,9.9237413,105.2736878,76,Moderate,1,24.6,75,0.0,1.5,263,1011.4,74,48.5,49.0,525.0,24.6,65.0,22.5
2025-11-15 23:00:00,2025,11,15,23,An Giang,Xã Giồng Riềng,9.9237413,105.2736878,78,Moderate,1,24.2,76,0.0,1.0,31,1011.8,92,56.1,56.5,532.0,27.0,53.0,22.0
2025-11-16 00:00:00,2025,11,16,0,An Giang,Xã Giồng Riềng,9.9237413,105.2736878,81,Moderate,1,23.8,75,0.0,5.4,4,1011.4,65,57.9,58.2,520.0,28.8,41.0,20.2
2025-11-16 01:00:00,2025,11,16,1,An Giang,Xã Giồng Riềng,9.9237413,105.2736878,85,Moderate,1,23.5,84,0.0,3.6,3,1010.9,56,54.0,54.2,508.0,29.2,32.0,18.2
2025-11-16 02:00:00,2025,11,16,2,An Giang,Xã Giồng Riềng,9.9237413,105.2736878,88,Moderate,1,24.0,81,0.0,2.8,27,1010.0,100,48.7,48.8,508.0,27.7,27.0,16.4
2025-11-16 03:00:00,2025,11,16,3,An Giang,Xã Giồng Riềng,9.9237413,105.2736878,91,Moderate,1,23.8,80,0.0,4.5,313,1009.4,18,44.2,44.4,508.0,24.9,25.0,14.4
2025-11-16 04:00:00,2025,11,16,4,An Giang,Xã Giồng Riềng,9.9237413,105.2736878,93,Moderate,1,23.5,80,0.0,8.1,328,1009.5,95,39.5,39.6,495.0,21.6,26.0,12.6
2025-11-16 05:00:00,2025,11,16,5,An Giang,Xã Giồng Riềng,9.9237413,105.2736878,95,Moderate,1,23.8,80,0.0,10.3,345,1009.8,81,30.2,30.3,458.0,17.7,30.0,11.0
2025-11-16 06:00:00,2025,11,16,6,An Giang,Xã Giồng Riềng,9.9237413,105.2736878,97,Moderate,1,23.9,81,0.0,11.2,354,1010.3,100,21.4,21.4,408.0,13.2,37.0,9.5
2025-11-16 07:00:00,2025,11,16,7,An Giang,Xã Giồng Riềng,9.9237413,105.2736878,97,Moderate,1,25.4,77,0.0,11.5,2,1011.0,81,23.1,23.2,364.0,13.0,38.0,10.0
2025-11-16 08:00:00,2025,11,16,8,An Giang,Xã Giồng Riềng,9.9237413,105.2736878,97,Moderate,1,27.4,69,0.0,13.8,7,1011.8,100,14.6,14.7,334.0,10.0,57.0,9.1
2025-11-16 09:00:00,2025,11,16,9,An Giang,Xã Giồng Riềng,9.9237413,105.2736878,95,Moderate,1,26.9,71,0.0,12.8,15,1012.8,89,11.1,11.3,311.0,5.9,83.0,7.8
2025-11-16 10:00:00,2025,11,16,10,An Giang,Xã Giồng Riềng,9.9237413,105.2736878,94,Moderate,1,28.7,66,0.6,12.2,9,1012.4,100,10.3,10.5,289.0,2.9,103.0,6.7
2025-11-16 11:00:00,2025,11,16,11,An Giang,Xã Giồng Riềng,9.9237413,105.2736878,93,Moderate,1,30.0,62,0.0,12.4,22,1011.8,100,10.1,10.3,267.0,1.8,110.0,6.1
2025-11-16 12:00:00,2025,11,16,12,An Giang,Xã Giồng Riềng,9.9237413,105.2736878,92,Moderate,1,30.7,58,0.0,12.9,32,1010.8,100,9.6,9.8,246.0,1.9,111.0,5.8
2025-11-16 13:00:00,2025,11,16,13,An Giang,Xã Giồng Riềng,9.9237413,105.2736878,91,Moderate,1,27.4,78,0.4,7.7,69,1010.5,100,8.4,8.7,232.0,2.3,107.0,5.6
2025-11-16 14:00:00,2025,11,16,14,An Giang,Xã Giồng Riềng,9.9237413,105.2736878,90,Moderate,1,26.2,81,5.0,2.3,72,1010.0,100,8.1,8.3,227.0,3.0,98.0,5.5
2025-11-16 15:00:00,2025,11,16,15,An Giang,Xã Giồng Riềng,9.9237413,105.2736878,89,Moderate,1,26.6,78,0.5,7.0,48,1009.4,100,7.7,7.9,228.0,4.1,86.0,5.5
2025-11-16 16:00:00,2025,11,16,16,An Giang,Xã Giồng Riềng,9.9237413,105.2736878,88,Moderate,1,25.5,90,0.8,8.2,61,1009.5,100,8.3,8.4,232.0,5.7,74.0,6.0
2025-11-16 17:00:00,2025,11,16,17,An Giang,Xã Giồng Riềng,9.9237413,105.2736878,86,Moderate,1,24.8,89,1.9,8.5,78,1010.6,100,9.8,9.9,238.0,8.2,64.0,7.2
2025-11-16 18:00:00,2025,11,16,18,An Giang,Xã Giồng Riềng,9.9237413,105.2736878,84,Moderate,1,24.4,93,1.0,10.1,55,1010.7,100,11.8,11.9,247.0,11.1,55.0,8.7
2025-11-16 19:00:00,2025,11,16,19,An Giang,Xã Giồng Riềng,9.9237413,105.2736878,82,Moderate,1,24.9,93,0.4,13.0,27,1011.2,100,20.2,20.4,255.0,14.6,53.0,10.9
2025-11-16 20:00:00,2025,11,16,20,An Giang,Xã Giồng Riềng,9.9237413,105.2736878,81,Moderate,1,24.9,93,0.1,11.3,31,1012.1,100,19.6,19.7,263.0,14.5,54.0,11.4
2025-11-16 21:00:00,2025,11,16,21,An Giang,Xã Giồng Riềng,9.9237413,105.2736878,79,Moderate,1,24.6,92,0.2,13.7,38,1012.7,100,20.1,20.2,271.0,14.3,55.0,12.1
2025-11-16 22:00:00,2025,11,16,22,An Giang,Xã Giồng Riềng,9.9237413,105.2736878,77,Moderate,1,23.8,96,0.5,10.0,33,1012.3,99,20.3,20.4,267.0,14.2,55.0,12.4
2025-11-16 23:00:00,2025,11,16,23,An Giang,Xã Giồng Riềng,9.9237413,105.2736878,75,Moderate,1,23.5,96,0.1,9.5,27,1012.1,99,20.0,20.1,244.0,14.1,53.0,12.0
2025-11-17 00:00:00,2025,11,17,0,An Giang,Xã Giồng Riềng,9.9237413,105.2736878,71,Moderate,1,23.7,96,0.0,9.5,27,1011.8,100,19.2,19.3,210.0,14.1,49.0,11.2
2025-11-17 01:00:00,2025,11,17,1,An Giang,Xã Giồng Riềng,9.9237413,105.2736878,68,Moderate,1,24.2,96,0.0,10.9,38,1011.2,100,17.6,17.7,182.0,13.9,45.0,10.5
2025-11-17 02:00:00,2025,11,17,2,An Giang,Xã Giồng Riềng,9.9237413,105.2736878,65,Moderate,1,24.0,97,0.3,12.6,46,1010.7,100,15.8,15.9,166.0,13.4,42.0,9.9
2025-11-17 03:00:00,2025,11,17,3,An Giang,Xã Giồng Riềng,9.9237413,105.2736878,62,Moderate,1,24.0,96,0.1,11.4,38,1010.2,91,14.3,14.3,157.0,12.7,39.0,9.3
2025-11-17 04:00:00,2025,11,17,4,An Giang,Xã Giồng Riềng,9.9237413,105.2736878,59,Moderate,1,23.8,96,0.0,10.1,41,1009.8,88,13.2,13.3,155.0,12.2,36.0,9.0
2025-11-17 05:00:00,2025,11,17,5,An Giang,Xã Giồng Riềng,9.9237413,105.2736878,57,Moderate,1,23.9,96,0.0,9.0,35,1010.0,100,13.0,13.1,166.0,12.0,33.0,9.0
2025-11-17 06:00:00,2025,11,17,6,An Giang,Xã Giồng Riềng,9.9237413,105.2736878,55,Moderate,1,23.8,96,0.0,10.9,38,1010.8,100,13.2,13.2,185.0,12.0,30.0,9.2
2025-11-17 07:00:00,2025,11,17,7,An Giang,Xã Giồng Riềng,9.9237413,105.2736878,55,Moderate,1,24.9,93,0.1,12.7,31,1011.2,100,15.8,16.1,197.0,13.4,32.0,11.0
2025-11-17 08:00:00,2025,11,17,8,An Giang,Xã Giồng Riềng,9.9237413,105.2736878,54,Moderate,1,26.1,86,0.2,14.5,45,1012.1,100,13.0,13.1,193.0,12.9,40.0,12.2
2025-11-17 09:00:00,2025,11,17,9,An Giang,Xã Giồng Riềng,9.9237413,105.2736878,54,Moderate,1,28.0,77,0.1,16.9,50,1013.0,100,13.0,13.2,182.0,12.2,51.0,13.8
2025-11-17 10:00:00,2025,11,17,10,An Giang,Xã Giồng Riềng,9.9237413,105.2736878,54,Moderate,1,28.5,71,0.1,20.4,67,1012.6,100,13.4,13.6,174.0,11.3,62.0,14.9
2025-11-17 11:00:00,2025,11,17,11,An Giang,Xã Giồng Riềng,9.9237413,105.2736878,54,Moderate,1,28.4,72,1.0,17.5,71,1011.9,100,13.2,13.4,176.0,10.2,72.0,14.8
2025-11-17 12:00:00,2025,11,17,12,An Giang,Xã Giồng Riềng,9.9237413,105.2736878,54,Moderate,1,27.5,81,3.0,17.6,76,1010.9,100,12.3,12.5,182.0,8.9,81.0,14.1
2025-11-17 13:00:00,2025,11,17,13,An Giang,Xã Giồng Riềng,9.9237413,105.2736878,55,Moderate,1,26.1,91,0.5,9.8,70,1010.3,100,11.8,12.1,185.0,7.9,89.0,13.5
2025-11-17 14:00:00,2025,11,17,14,An Giang,Xã Giồng Riềng,9.9237413,105.2736878,55,Moderate,1,26.0,92,0.7,9.8,62,1008.9,100,11.5,11.9,179.0,7.2,95.0,13.0
2025-11-17 15:00:00,2025,11,17,15,An Giang,Xã Giồng Riềng,9.9237413,105.2736878,55,Moderate,1,26.5,83,0.4,14.9,68,1008.7,100,11.8,12.4,169.0,6.7,99.0,12.6
2025-11-17 16:00:00,2025,11,17,16,An Giang,Xã Giồng Riềng,9.9237413,105.2736878,56,Moderate,1,26.3,83,0.1,18.6,81,1009.2,100,12.2,13.0,165.0,7.0,98.0,12.4
2025-11-17 17:00:00,2025,11,17,17,An Giang,Xã Giồng Riềng,9.9237413,105.2736878,56,Moderate,1,25.4,90,0.3,14.5,75,1009.3,100,12.4,13.0,171.0,8.5,88.0,12.4
2025-11-17 18:00:00,2025,11,17,18,An Giang,Xã Giồng Riềng,9.9237413,105.2736878,56,Moderate,1,24.9,93,0.2,12.2,73,1009.8,100,12.5,13.3,182.0,10.8,73.0,12.6
2025-11-17 19:00:00,2025,11,17,19,An Giang,Xã Giồng Riềng,9.9237413,105.2736878,56,Moderate,1,26.5,77,0.1,13.3,65,1010.1,100,18.9,19.8,195.0,15.7,71.0,17.5
2025-11-17 20:00:00,2025,11,17,20,An Giang,Xã Giồng Riềng,9.9237413,105.2736878,56,Moderate,1,26.2,79,0.0,12.4,56,1011.1,100,19.8,21.5,209.0,17.1,64.0,18.1
2025-11-17 21:00:00,2025,11,17,21,An Giang,Xã Giồng Riềng,9.9237413,105.2736878,56,Moderate,1,25.7,84,0.0,10.7,59,1011.6,100,19.8,21.8,224.0,19.1,55.0,18.8
2025-11-17 22:00:00,2025,11,17,22,An Giang,Xã Giồng Riềng,9.9237413,105.2736878,56,Moderate,1,25.4,87,0.0,10.7,60,1011.6,100,20.8,22.9,241.0,21.0,47.0,19.6
2025-11-17 23:00:00,2025,11,17,23,An Giang,Xã Giồng Riềng,9.9237413,105.2736878,56,Moderate,1,25.2,89,0.0,11.0,55,1011.4,100,22.4,24.5,262.0,22.9,42.0,20.5
2025-11-18 00:00:00,2025,11,18,0,An Giang,Xã Giồng Riềng,9.9237413,105.2736878,56,Moderate,1,25.0,91,0.0,10.7,55,1010.8,99,24.3,26.3,284.0,24.7,40.0,21.3
2025-11-18 01:00:00,2025,11,18,1,An Giang,Xã Giồng Riềng,9.9237413,105.2736878,57,Moderate,1,25.1,92,0.0,7.3,46,1010.2,100,25.7,27.6,299.0,25.4,38.0,21.5
2025-11-18 02:00:00,2025,11,18,2,An Giang,Xã Giồng Riềng,9.9237413,105.2736878,58,Moderate,1,25.0,94,0.2,5.2,27,1009.7,95,27.3,28.6,303.0,24.6,38.0,20.6
2025-11-18 03:00:00,2025,11,18,3,An Giang,Xã Giồng Riềng,9.9237413,105.2736878,59,Moderate,1,24.7,96,0.1,6.0,16,1009.3,100,29.3,29.8,301.0,22.7,39.0,19.0
2025-11-18 04:00:00,2025,11,18,4,An Giang,Xã Giồng Riềng,9.9237413,105.2736878,60,Moderate,1,24.4,96,0.0,5.9,27,1009.3,100,30.3,30.6,299.0,20.5,40.0,17.3
2025-11-18 05:00:00,2025,11,18,5,An Giang,Xã Giồng Riềng,9.9237413,105.2736878,61,Moderate,1,24.5,96,0.0,8.6,20,1009.5,100,30.3,30.6,303.0,18.1,39.0,15.5
2025-11-18 06:00:00,2025,11,18,6,An Giang,Xã Giồng Riềng,9.9237413,105.2736878,63,Moderate,1,24.5,94,0.0,7.8,26,1010.2,100,29.5,29.8,307.0,15.4,38.0,13.6
2025-11-18 07:00:00,2025,11,18,7,An Giang,Xã Giồng Riềng,9.9237413,105.2736878,64,Moderate,1,25.1,96,0.0,5.3,45,1011.0,93,30.5,30.9,300.0,15.8,38.0,14.0
2025-11-18 08:00:00,2025,11,18,8,An Giang,Xã Giồng Riềng,9.9237413,105.2736878,66,Moderate,1,27.1,85,0.0,6.9,33,1011.6,100,21.9,22.4,271.0,12.4,58.0,13.2
2025-11-18 09:00:00,2025,11,18,9,An Giang,Xã Giồng Riềng,9.9237413,105.2736878,67,Moderate,1,28.3,78,0.0,7.7,36,1011.9,64,17.7,18.2,231.0,7.7,85.0,12.2
2025-11-18 10:00:00,2025,11,18,10,An Giang,Xã Giồng Riềng,9.9237413,105.2736878,67,Moderate,1,30.5,67,0.0,14.4,77,1011.4,88,15.8,16.3,200.0,4.6,104.0,11.7
2025-11-18 11:00:00,2025,11,18,11,An Giang,Xã Giồng Riềng,9.9237413,105.2736878,67,Moderate,1,30.7,64,0.0,18.1,84,1011.0,96,15.0,15.8,189.0,4.9,105.0,12.3
2025-11-18 12:00:00,2025,11,18,12,An Giang,Xã Giồng Riềng,9.9237413,105.2736878,67,Moderate,1,27.9,77,2.9,19.2,84,1010.0,100,13.9,14.8,187.0,6.9,97.0,13.4
2025-11-18 13:00:00,2025,11,18,13,An Giang,Xã Giồng Riềng,9.9237413,105.2736878,67,Moderate,1,30.3,66,0.3,21.6,75,1008.8,65,14.8,15.8,183.0,8.1,91.0,13.9
2025-11-18 14:00:00,2025,11,18,14,An Giang,Xã Giồng Riềng,9.9237413,105.2736878,68,Moderate,1,30.1,67,0.1,18.9,71,1008.0,91,14.1,15.6,171.0,7.3,92.0,13.0
2025-11-18 15:00:00,2025,11,18,15,An Giang,Xã Giồng Riềng,9.9237413,105.2736878,68,Moderate,1,30.0,67,1.0,17.2,70,1007.4,77,13.6,15.5,157.0,5.8,95.0,11.5
2025-11-18 16:00:00,2025,11,18,16,An Giang,Xã Giồng Riềng,9.9237413,105.2736878,68,Moderate,1,27.8,75,1.5,18.2,87,1007.6,95,12.9,15.3,149.0,5.3,93.0,10.2
2025-11-18 17:00:00,2025,11,18,17,An Giang,Xã Giồng Riềng,9.9237413,105.2736878,68,Moderate,1,27.1,79,0.1,13.0,88,1008.5,96,11.2,12.9,153.0,6.7,82.0,9.5
2025-11-18 18:00:00,2025,11,18,18,An Giang,Xã Giồng Riềng,9.9237413,105.2736878,68,Moderate,1,25.8,88,0.1,11.5,87,1009.5,95,10.9,12.1,163.0,9.0,67.0,9.1
2025-11-18 19:00:00,2025,11,18,19,An Giang,Xã Giồng Riềng,9.9237413,105.2736878,68,Moderate,1,25.0,94,5.6,13.4,73,1009.8,100,16.5,17.8,173.0,13.7,64.0,12.7
2025-11-18 20:00:00,2025,11,18,20,An Giang,Xã Giồng Riềng,9.9237413,105.2736878,68,Moderate,1,25.1,94,0.8,11.4,69,1010.6,100,14.9,16.1,177.0,14.3,58.0,12.8
2025-11-18 21:00:00,2025,11,18,21,An Giang,Xã Giồng Riềng,9.9237413,105.2736878,67,Moderate,1,25.0,93,0.1,10.4,54,1011.4,100,14.4,15.7,180.0,15.2,50.0,12.9
2025-11-18 22:00:00,2025,11,18,22,An Giang,Xã Giồng Riềng,9.9237413,105.2736878,67,Moderate,1,24.9,94,0.0,12.9,57,1011.2,100,14.6,15.7,193.0,16.1,43.0,13.1
2025-11-18 23:00:00,2025,11,18,23,An Giang,Xã Giồng Riềng,9.9237413,105.2736878,66,Moderate,1,24.5,94,0.0,12.5,55,1011.1,99,14.5,15.6,227.0,16.9,39.0,13.2
2025-11-19 00:00:00,2025,11,19,0,An Giang,Xã Giồng Riềng,9.9237413,105.2736878,66,Moderate,1,24.5,94,0.0,10.8,47,1011.1,100,14.4,15.5,270.0,17.6,36.0,13.3
2025-11-19 01:00:00,2025,11,19,1,An Giang,Xã Giồng Riềng,9.9237413,105.2736878,65,Moderate,1,24.6,93,0.0,11.9,65,1010.6,98,15.0,16.2,295.0,18.4,34.0,13.7
2025-11-19 02:00:00,2025,11,19,2,An Giang,Xã Giồng Riềng,9.9237413,105.2736878,64,Moderate,1,24.3,92,1.4,11.7,59,1010.1,100,16.9,18.2,285.0,19.7,32.0,14.9
2025-11-19 03:00:00,2025,11,19,3,An Giang,Xã Giồng Riềng,9.9237413,105.2736878,63,Moderate,1,24.1,94,0.2,12.1,46,1009.6,100,19.2,20.3,257.0,21.1,32.0,16.3
2025-11-19 04:00:00,2025,11,19,4,An Giang,Xã Giồng Riềng,9.9237413,105.2736878,62,Moderate,1,24.1,95,0.1,13.6,39,1009.1,100,21.4,22.0,233.0,21.2,32.0,16.9
2025-11-19 05:00:00,2025,11,19,5,An Giang,Xã Giồng Riềng,9.9237413,105.2736878,61,Moderate,1,24.2,95,0.0,12.1,35,1009.8,100,21.6,21.9,223.0,19.2,33.0,16.0
2025-11-19 06:00:00,2025,11,19,6,An Giang,Xã Giồng Riềng,9.9237413,105.2736878,60,Moderate,1,24.0,96,0.0,10.6,40,1010.7,100,20.6,20.8,219.0,16.1,35.0,14.2
2025-11-19 07:00:00,2025,11,19,7,An Giang,Xã Giồng Riềng,9.9237413,105.2736878,60,Moderate,1,24.5,93,0.0,12.9,28,1011.0,100,17.1,17.2,214.0,12.0,42.0,11.6
2025-11-19 08:00:00,2025,11,19,8,An Giang,Xã Giồng Riềng,9.9237413,105.2736878,58,Moderate,1,26.5,81,0.0,15.3,24,1012.0,100,9.4,9.4,209.0,9.2,53.0,9.7
2025-11-19 09:00:00,2025,11,19,9,An Giang,Xã Giồng Riềng,9.9237413,105.2736878,57,Moderate,1,27.8,74,0.0,16.3,23,1012.5,100,5.8,6.0,205.0,5.3,69.0,7.1
2025-11-19 10:00:00,2025,11,19,10,An Giang,Xã Giồng Riềng,9.9237413,105.2736878,56,Moderate,1,28.9,69,0.0,18.1,38,1012.2,100,4.3,4.4,198.0,2.5,81.0,5.0
2025-11-19 11:00:00,2025,11,19,11,An Giang,Xã Giồng Riềng,9.9237413,105.2736878,55,Moderate,1,30.3,65,0.0,17.4,45,1011.3,100,3.5,3.6,184.0,1.5,85.0,3.8
2025-11-19 12:00:00,2025,11,19,12,An Giang,Xã Giồng Riềng,9.9237413,105.2736878,54,Moderate,1,31.0,62,0.0,16.6,53,1010.4,100,3.3,3.3,168.0,1.4,85.0,3.1
2025-11-19 13:00:00,2025,11,19,13,An Giang,Xã Giồng Riềng,9.9237413,105.2736878,53,Moderate,1,30.1,67,0.3,14.8,72,1009.3,100,4.7,4.8,161.0,2.1,83.0,3.2
2025-11-19 14:00:00,2025,11,19,14,An Giang,Xã Giồng Riềng,9.9237413,105.2736878,52,Moderate,1,30.3,62,0.0,13.3,71,1008.1,100,4.8,4.9,172.0,3.6,80.0,4.5
2025-11-19 15:00:00,2025,11,19,15,An Giang,Xã Giồng Riềng,9.9237413,105.2736878,52,Moderate,1,29.9,65,0.1,11.2,75,1007.9,100,5.9,5.9,193.0,5.8,76.0,6.6
2025-11-19 16:00:00,2025,11,19,16,An Giang,Xã Giồng Riềng,9.9237413,105.2736878,51,Moderate,1,24.6,91,3.8,18.8,56,1009.3,100,8.3,8.4,212.0,7.8,72.0,8.2
2025-11-19 17:00:00,2025,11,19,17,An Giang,Xã Giồng Riềng,9.9237413,105.2736878,50,Good,0,24.0,94,1.8,13.0,96,1009.3,100,10.9,10.9,223.0,9.2,69.0,8.8
2025-11-19 18:00:00,2025,11,19,18,An Giang,Xã Giồng Riềng,9.9237413,105.2736878,50,Good,0,24.3,94,0.9,11.3,53,1010.0,100,11.8,11.9,231.0,10.3,67.0,9.0
2025-11-19 19:00:00,2025,11,19,19,An Giang,Xã Giồng Riềng,9.9237413,105.2736878,51,Moderate,1,25.2,94,0.6,8.3,33,1009.8,100,15.0,15.3,240.0,10.0,77.0,9.8
2025-11-19 20:00:00,2025,11,19,20,An Giang,Xã Giồng Riềng,9.9237413,105.2736878,50,Good,0,24.9,94,1.0,12.5,20,1011.1,98,13.4,13.5,249.0,10.0,71.0,10.0
2025-11-19 21:00:00,2025,11,19,21,An Giang,Xã Giồng Riềng,9.9237413,105.2736878,50,Good,0,24.1,95,0.4,14.6,35,1012.0,100,11.9,12.0,259.0,10.0,63.0,10.2
2025-11-19 22:00:00,2025,11,19,22,An Giang,Xã Giồng Riềng,9.9237413,105.2736878,50,Good,0,23.8,93,0.2,16.5,27,1011.8,100,11.0,11.0,270.0,9.6,57.0,10.0
2025-11-19 23:00:00,2025,11,19,23,An Giang,Xã Giồng Riềng,9.9237413,105.2736878,49,Good,0,23.6,93,0.0,17.6,27,1011.5,100,9.3,9.3,285.0,8.5,55.0,9.2
2025-11-20 00:00:00,2025,11,20,0,An Giang,Xã Giồng Riềng,9.9237413,105.2736878,49,Good,0,23.7,91,0.0,17.4,26,1011.1,100,7.4,7.5,302.0,7.0,55.0,8.0
2025-11-20 01:00:00,2025,11,20,1,An Giang,Xã Giồng Riềng,9.9237413,105.2736878,47,Good,0,24.2,92,0.0,15.3,43,1010.8,100,5.9,6.0,313.0,5.8,56.0,6.9
2025-11-20 02:00:00,2025,11,20,2,An Giang,Xã Giồng Riềng,9.9237413,105.2736878,46,Good,0,24.1,93,0.1,15.2,42,1009.8,100,4.7,4.7,314.0,5.2,57.0,6.1
2025-11-20 03:00:00,2025,11,20,3,An Giang,Xã Giồng Riềng,9.9237413,105.2736878,44,Good,0,23.8,91,0.0,18.0,29,1009.4,100,4.0,4.1,310.0,5.0,59.0,5.4
2025-11-20 04:00:00,2025,11,20,4,An Giang,Xã Giồng Riềng,9.9237413,105.2736878,41,Good,0,23.4,86,0.0,18.1,28,1009.2,100,3.7,3.7,308.0,5.0,61.0,5.0
2025-11-20 05:00:00,2025,11,20,5,An Giang,Xã Giồng Riềng,9.9237413,105.2736878,38,Good,0,23.2,84,0.0,16.8,24,1009.7,100,3.6,3.6,312.0,5.3,61.0,5.1
2025-11-20 06:00:00,2025,11,20,6,An Giang,Xã Giồng Riềng,9.9237413,105.2736878,35,Good,0,23.5,80,0.0,17.5,19,1010.3,100,3.9,3.9,319.0,5.9,60.0,5.5
2025-11-20 07:00:00,2025,11,20,7,An Giang,Xã Giồng Riềng,9.9237413,105.2736878,32,Good,0,24.4,75,0.0,15.6,26,1011.3,99,4.4,4.5,323.0,6.1,62.0,6.0
2025-11-20 08:00:00,2025,11,20,8,An Giang,Xã Giồng Riềng,9.9237413,105.2736878,30,Good,0,25.9,69,0.0,19.9,26,1012.3,100,4.3,4.4,322.0,5.1,71.0,5.7
2025-11-20 09:00:00,2025,11,20,9,An Giang,Xã Giồng Riềng,9.9237413,105.2736878,29,Good,0,27.2,65,0.0,21.3,25,1012.8,100,4.2,4.2,319.0,3.8,85.0,5.3
2025-11-20 10:00:00,2025,11,20,10,An Giang,Xã Giồng Riềng,9.9237413,105.2736878,30,Good,0,28.0,64,0.0,19.4,22,1012.7,100,4.5,4.5,315.0,2.8,94.0,5.0
2025-11-20 11:00:00,2025,11,20,11,An Giang,Xã Giồng Riềng,9.9237413,105.2736878,32,Good,0,28.4,64,0.0,16.4,19,1012.1,100,4.3,4.3,312.0,2.6,97.0,4.9
2025-11-20 12:00:00,2025,11,20,12,An Giang,Xã Giồng Riềng,9.9237413,105.2736878,34,Good,0,28.6,63,0.0,18.4,36,1011.6,100,4.2,4.2,309.0,2.8,95.0,4.8
2025-11-20 13:00:00,2025,11,20,13,An Giang,Xã Giồng Riềng,9.9237413,105.2736878,36,Good,0,27.4,69,0.0,13.4,22,1010.5,100,4.5,4.5,307.0,3.1,94.0,4.9
2025-11-20 14:00:00,2025,11,20,14,An Giang,Xã Giồng Riềng,9.9237413,105.2736878,38,Good,0,27.1,74,1.1,12.5,15,1009.5,100,4.9,5.0,304.0,3.4,94.0,5.1
2025-11-20 15:00:00,2025,11,20,15,An Giang,Xã Giồng Riềng,9.9237413,105.2736878,40,Good,0,27.6,70,0.1,17.0,13,1009.2,100,5.3,5.3,302.0,3.8,93.0,5.5
2025-11-20 16:00:00,2025,11,20,16,An Giang,Xã Giồng Riềng,9.9237413,105.2736878,42,Good,0,26.2,74,0.1,18.0,18,1009.6,100,5.8,5.8,304.0,4.5,90.0,6.0
2025-11-20 17:00:00,2025,11,20,17,An Giang,Xã Giồng Riềng,9.9237413,105.2736878,43,Good,0,25.5,77,0.2,14.0,22,1010.2,100,6.9,6.9,314.0,5.8,83.0,6.6
2025-11-20 18:00:00,2025,11,20,18,An Giang,Xã Giồng Riềng,9.9237413,105.2736878,43,Good,0,24.5,83,0.2,11.9,22,1011.3,100,8.1,8.1,329.0,7.5,74.0,7.4
2025-11-20 19:00:00,2025,11,20,19,An Giang,Xã Giồng Riềng,9.9237413,105.2736878,42,Good,0,26.0,74,0.2,14.1,23,1011.5,100,11.0,11.1,340.0,7.9,72.0,7.9
2025-11-20 20:00:00,2025,11,20,20,An Giang,Xã Giồng Riềng,9.9237413,105.2736878,40,Good,0,25.6,76,0.0,13.8,24,1012.8,100,11.1,11.1,344.0,7.9,68.0,8.0
2025-11-20 21:00:00,2025,11,20,21,An Giang,Xã Giồng Riềng,9.9237413,105.2736878,39,Good,0,25.3,77,0.0,12.5,20,1013.1,99,10.9,10.9,345.0,8.0,62.0,8.1
2025-11-20 22:00:00,2025,11,20,22,An Giang,Xã Giồng Riềng,9.9237413,105.2736878,37,Good,0,24.7,80,0.0,12.5,21,1012.9,100,10.4,10.5,342.0,7.8,57.0,7.9
2025-11-20 23:00:00,2025,11,20,23,An Giang,Xã Giồng Riềng,9.9237413,105.2736878,35,Good,0,24.8,77,0.0,15.6,24,1012.4,100,10.2,10.3,334.0,7.2,55.0,7.3
2025-11-21 00:00:00,2025,11,21,0,An Giang,Xã Giồng Riềng,9.9237413,105.2736878,33,Good,0,24.6,75,0.0,17.6,22,1011.7,100,10.4,10.5,323.0,6.4,54.0,6.4
2025-11-21 01:00:00,2025,11,21,1,An Giang,Xã Giồng Riềng,9.9237413,105.2736878,30,Good,0,24.5,76,0.0,20.2,22,1011.4,100,10.8,10.9,316.0,5.7,53.0,5.7
2025-11-21 02:00:00,2025,11,21,2,An Giang,Xã Giồng Riềng,9.9237413,105.2736878,29,Good,0,24.3,77,0.0,18.9,18,1011.0,100,11.2,11.3,316.0,5.4,52.0,5.4
2025-11-21 03:00:00,2025,11,21,3,An Giang,Xã Giồng Riềng,9.9237413,105.2736878,28,Good,0,24.0,78,0.0,17.5,12,1010.6,100,11.4,11.5,320.0,5.2,51.0,5.2
2025-11-21 04:00:00,2025,11,21,4,An Giang,Xã Giồng Riềng,9.9237413,105.2736878,30,Good,0,23.7,80,0.0,18.0,14,1010.3,100,11.4,11.4,324.0,5.2,50.0,5.3
2025-11-21 05:00:00,2025,11,21,5,An Giang,Xã Giồng Riềng,9.9237413,105.2736878,31,Good,0,23.6,80,0.0,18.0,19,1010.6,86,11.1,11.1,327.0,5.6,48.0,5.7
2025-11-21 06:00:00,2025,11,21,6,An Giang,Xã Giồng Riềng,9.9237413,105.2736878,32,Good,0,23.6,79,0.0,18.6,23,1010.9,100,10.8,10.9,330.0,6.1,47.0,6.2
2025-11-21 07:00:00,2025,11,21,7,An Giang,Xã Giồng Riềng,9.9237413,105.2736878,33,Good,0,24.2,76,0.0,17.8,24,1012.1,99,16.5,16.6,331.0,5.7,55.0,6.6
2025-11-21 08:00:00,2025,11,21,8,An Giang,Xã Giồng Riềng,9.9237413,105.2736878,35,Good,0,25.8,71,0.0,21.4,26,1012.8,94,15.7,15.8,328.0,4.8,71.0,6.7
2025-11-21 09:00:00,2025,11,21,9,An Giang,Xã Giồng Riềng,9.9237413,105.2736878,37,Good,0,26.9,68,0.0,22.6,21,1013.1,100,13.9,14.0,322.0,3.6,93.0,6.9
2025-11-21 10:00:00,2025,11,21,10,An Giang,Xã Giồng Riềng,9.9237413,105.2736878,39,Good,0,28.2,64,0.0,22.1,22,1013.1,100,12.0,12.1,314.0,2.7,110.0,7.0
2025-11-21 11:00:00,2025,11,21,11,An Giang,Xã Giồng Riềng,9.9237413,105.2736878,40,Good,0,29.5,60,0.0,25.9,40,1012.2,100,10.2,10.3,302.0,2.4,116.0,6.9
2025-11-21 12:00:00,2025,11,21,12,An Giang,Xã Giồng Riềng,9.9237413,105.2736878,41,Good,0,28.4,64,0.0,21.9,26,1011.2,100,9.5,9.6,288.0,2.5,117.0,6.8
2025-11-21 13:00:00,2025,11,21,13,An Giang,Xã Giồng Riềng,9.9237413,105.2736878,42,Good,0,29.5,61,0.1,24.8,55,1010.4,95,9.2,9.4,274.0,2.8,116.0,7.0
2025-11-21 14:00:00,2025,11,21,14,An Giang,Xã Giồng Riềng,9.9237413,105.2736878,43,Good,0,29.8,60,0.1,23.7,58,1009.6,92,9.9,10.1,257.0,3.3,116.0,7.8
2025-11-21 15:00:00,2025,11,21,15,An Giang,Xã Giồng Riềng,9.9237413,105.2736878,46,Good,0,29.2,62,0.1,22.2,59,1009.4,100,9.9,10.0,240.0,4.1,115.0,8.9
2025-11-21 16:00:00,2025,11,21,16,An Giang,Xã Giồng Riềng,9.9237413,105.2736878,50,Good,0,28.8,65,0.0,17.5,42,1009.3,100,10.9,10.9,237.0,5.4,111.0,10.0
2025-11-21 17:00:00,2025,11,21,17,An Giang,Xã Giồng Riềng,9.9237413,105.2736878,57,Moderate,1,27.4,71,0.1,13.9,25,1010.0,97,12.5,12.6,261.0,7.4,102.0,11.0
2025-11-21 18:00:00,2025,11,21,18,An Giang,Xã Giồng Riềng,9.9237413,105.2736878,59,Moderate,1,26.6,74,0.0,9.8,18,1010.8,100,14.1,14.2,300.0,9.9,90.0,12.0
2025-11-21 19:00:00,2025,11,21,19,An Giang,Xã Giồng Riềng,9.9237413,105.2736878,54,Moderate,1,26.5,76,0.0,8.8,43,1010.9,99,15.0,15.0,329.0,9.7,83.0,10.4
2025-11-21 20:00:00,2025,11,21,20,An Giang,Xã Giồng Riềng,9.9237413,105.2736878,49,Good,0,26.5,76,0.0,7.9,35,1011.8,99,15.6,15.7,339.0,9.5,78.0,9.9
2025-11-21 21:00:00,2025,11,21,21,An Giang,Xã Giồng Riềng,9.9237413,105.2736878,49,Good,0,26.4,76,0.0,10.6,34,1012.1,100,14.2,14.3,340.0,9.1,72.0,9.2
2025-11-21 22:00:00,2025,11,21,22,An Giang,Xã Giồng Riềng,9.9237413,105.2736878,50,Good,0,26.9,70,0.0,15.2,39,1012.7,100,11.6,11.6,337.0,8.5,68.0,8.4
2025-11-21 23:00:00,2025,11,21,23,An Giang,Xã Giồng Riềng,9.9237413,105.2736878,50,Good,0,26.8,66,0.0,15.5,38,1012.2,100,8.9,8.9,329.0,7.3,68.0,7.2
2025-11-22 00:00:00,2025,11,22,0,An Giang,Xã Giồng Riềng,9.9237413,105.2736878,50,Good,0,26.2,68,0.0,13.8,26,1011.8,100,6.6,6.7,316.0,5.7,69.0,5.9
2025-11-22 01:00:00,2025,11,22,1,An Giang,Xã Giồng Riềng,9.9237413,105.2736878,49,Good,0,25.2,74,0.0,14.3,23,1011.3,100,5.6,5.6,306.0,4.6,70.0,5.0
2025-11-22 02:00:00,2025,11,22,2,An Giang,Xã Giồng Riềng,9.9237413,105.2736878,48,Good,0,25.0,74,0.0,16.5,18,1010.6,100,5.3,5.4,300.0,4.2,70.0,4.7
2025-11-22 03:00:00,2025,11,22,3,An Giang,Xã Giồng Riềng,9.9237413,105.2736878,47,Good,0,24.6,75,0.0,14.3,18,1010.4,100,5.5,5.6,297.0,4.3,68.0,4.8
2025-11-22 04:00:00,2025,11,22,4,An Giang,Xã Giồng Riềng,9.9237413,105.2736878,46,Good,0,24.4,76,0.0,12.3,15,1010.2,99,6.0,6.0,297.0,4.6,67.0,5.0
2025-11-22 05:00:00,2025,11,22,5,An Giang,Xã Giồng Riềng,9.9237413,105.2736878,45,Good,0,24.0,77,0.0,12.4,13,1010.3,100,6.4,6.5,303.0,5.2,64.0,5.4
2025-11-22 06:00:00,2025,11,22,6,An Giang,Xã Giồng Riềng,9.9237413,105.2736878,44,Good,0,23.8,78,0.0,12.4,14,1010.8,100,7.0,7.1,311.0,6.1,61.0,6.0
2025-11-22 07:00:00,2025,11,22,7,An Giang,Xã Giồng Riềng,9.9237413,105.2736878,44,Good,0,23.6,81,0.0,12.2,9,1011.9,100,9.3,9.3,317.0,6.8,57.0,6.8
2025-11-22 08:00:00,2025,11,22,8,An Giang,Xã Giồng Riềng,9.9237413,105.2736878,43,Good,0,24.6,77,0.0,14.1,13,1012.5,100,9.7,9.8,316.0,6.6,62.0,7.1
2025-11-22 09:00:00,2025,11,22,9,An Giang,Xã Giồng Riềng,9.9237413,105.2736878,41,Good,0,25.3,73,0.0,16.4,17,1012.9,94,9.6,9.6,311.0,6.3,70.0,7.5
2025-11-22 10:00:00,2025,11,22,10,An Giang,Xã Giồng Riềng,9.9237413,105.2736878,41,Good,0,26.8,68,0.0,19.2,22,1012.2,100,9.3,9.3,307.0,5.8,78.0,7.8
2025-11-22 11:00:00,2025,11,22,11,An Giang,Xã Giồng Riềng,9.9237413,105.2736878,40,Good,0,26.1,72,0.0,16.7,21,1011.7,99,8.8,8.8,307.0,5.0,87.0,7.7
2025-11-22 12:00:00,2025,11,22,12,An Giang,Xã Giồng Riềng,9.9237413,105.2736878,40,Good,0,27.0,70,0.0,16.8,23,1010.8,100,8.4,8.4,308.0,4.0,97.0,7.4
2025-11-22 13:00:00,2025,11,22,13,An Giang,Xã Giồng Riềng,9.9237413,105.2736878,40,Good,0,27.5,69,0.0,15.5,28,1010.3,100,8.1,8.1,306.0,3.5,104.0,7.2
2025-11-22 14:00:00,2025,11,22,14,An Giang,Xã Giồng Riềng,9.9237413,105.2736878,40,Good,0,27.2,72,0.0,13.3,27,1009.7,100,7.7,7.7,298.0,3.5,106.0,7.2
2025-11-22 15:00:00,2025,11,22,15,An Giang,Xã Giồng Riềng,9.9237413,105.2736878,39,Good,0,27.6,70,0.0,14.1,32,1009.4,100,7.3,7.3,288.0,3.9,105.0,7.4
2025-11-22 16:00:00,2025,11,22,16,An Giang,Xã Giồng Riềng,9.9237413,105.2736878,41,Good,0,27.2,71,0.0,15.4,34,1009.4,100,7.7,7.7,282.0,4.9,101.0,8.0
2025-11-22 17:00:00,2025,11,22,17,An Giang,Xã Giồng Riềng,9.9237413,105.2736878,43,Good,0,26.4,76,0.0,14.0,36,1009.8,100,9.1,9.1,284.0,7.1,92.0,9.4
2025-11-22 18:00:00,2025,11,22,18,An Giang,Xã Giồng Riềng,9.9237413,105.2736878,45,Good,0,25.7,79,0.0,13.8,33,1010.2,100,11.1,11.1,290.0,9.9,80.0,11.2
2025-11-22 19:00:00,2025,11,22,19,An Giang,Xã Giồng Riềng,9.9237413,105.2736878,45,Good,0,27.0,74,0.1,14.6,34,1010.3,100,11.6,11.6,298.0,9.6,82.0,10.9
2025-11-22 20:00:00,2025,11,22,20,An Giang,Xã Giồng Riềng,9.9237413,105.2736878,44,Good,0,27.0,72,0.0,14.3,39,1011.0,100,12.3,12.4,308.0,9.3,76.0,10.3
2025-11-22 21:00:00,2025,11,22,21,An Giang,Xã Giồng Riềng,9.9237413,105.2736878,43,Good,0,26.9,73,0.0,14.5,37,1011.2,100,12.1,12.2,319.0,8.9,68.0,9.5
2025-11-22 22:00:00,2025,11,22,22,An Giang,Xã Giồng Riềng,9.9237413,105.2736878,41,Good,0,26.5,75,0.0,13.3,40,1010.9,100,11.6,11.7,331.0,8.5,61.0,8.7
2025-11-22 23:00:00,2025,11,22,23,An Giang,Xã Giồng Riềng,9.9237413,105.2736878,39,Good,0,26.1,77,0.0,12.6,37,1010.8,100,10.9,10.9,344.0,8.2,57.0,8.1
2025-11-23 00:00:00,2025,11,23,0,An Giang,Xã Giồng Riềng,9.9237413,105.2736878,36,Good,0,25.5,78,0.0,11.5,40,1010.5,93,10.0,10.0,358.0,8.0,55.0,7.6
2025-11-23 01:00:00,2025,11,23,1,An Giang,Xã Giồng Riềng,9.9237413,105.2736878,37,Good,0,25.1,86,0.0,12.6,52,1010.1,100,9.5,9.5,364.0,7.8,53.0,7.1
2025-11-23 02:00:00,2025,11,23,2,An Giang,Xã Giồng Riềng,9.9237413,105.2736878,37,Good,0,25.0,87,0.1,11.1,46,1009.7,100,9.1,9.1,359.0,7.6,52.0,6.6
2025-11-23 03:00:00,2025,11,23,3,An Giang,Xã Giồng Riềng,9.9237413,105.2736878,38,Good,0,24.3,93,1.1,10.8,32,1009.3,100,8.5,8.5,346.0,7.4,53.0,6.2
2025-11-23 04:00:00,2025,11,23,4,An Giang,Xã Giồng Riềng,9.9237413,105.2736878,38,Good,0,24.0,94,1.0,11.4,27,1009.0,98,8.0,8.1,334.0,7.4,53.0,6.0
2025-11-23 05:00:00,2025,11,23,5,An Giang,Xã Giồng Riềng,9.9237413,105.2736878,39,Good,0,23.8,93,0.0,11.3,22,1009.2,100,7.7,7.7,324.0,7.9,52.0,6.2
2025-11-23 06:00:00,2025,11,23,6,An Giang,Xã Giồng Riềng,9.9237413,105.2736878,39,Good,0,23.5,94,0.0,11.0,18,1009.8,99,8.0,8.0,315.0,8.5,51.0,6.7
2025-11-23 07:00:00,2025,11,23,7,An Giang,Xã Giồng Riềng,9.9237413,105.2736878,39,Good,0,24.2,88,0.0,10.1,19,1010.3,96,11.8,11.8,305.0,7.7,54.0,7.1
2025-11-23 08:00:00,2025,11,23,8,An Giang,Xã Giồng Riềng,9.9237413,105.2736878,40,Good,0,25.8,81,0.0,11.1,23,1011.2,99,12.2,12.3,297.0,6.7,64.0,7.1
2025-11-23 09:00:00,2025,11,23,9,An Giang,Xã Giồng Riềng,9.9237413,105.2736878,40,Good,0,27.1,75,0.0,13.6,29,1011.8,100,11.6,11.7,289.0,5.4,79.0,7.2
2025-11-23 10:00:00,2025,11,23,10,An Giang,Xã Giồng Riềng,9.9237413,105.2736878,40,Good,0,28.0,71,0.0,16.0,38,1011.5,100,10.5,10.6,276.0,4.3,90.0,7.2
2025-11-23 11:00:00,2025,11,23,11,An Giang,Xã Giồng Riềng,9.9237413,105.2736878,41,Good,0,28.7,68,0.0,20.6,52,1010.8,96,9.7,9.9,252.0,3.5,96.0,7.2
2025-11-23 12:00:00,2025,11,23,12,An Giang,Xã Giồng Riềng,9.9237413,105.2736878,41,Good,0,29.7,65,0.1,18.9,59,1010.0,71,8.1,8.3,224.0,3.0,100.0,7.2
2025-11-23 13:00:00,2025,11,23,13,An Giang,Xã Giồng Riềng,9.9237413,105.2736878,41,Good,0,29.4,67,0.0,22.5,63,1009.6,98,9.4,9.7,208.0,3.0,101.0,7.4
2025-11-23 14:00:00,2025,11,23,14,An Giang,Xã Giồng Riềng,9.9237413,105.2736878,41,Good,0,27.2,79,0.5,17.9,93,1008.9,100,9.4,9.7,213.0,3.6,100.0,7.9
2025-11-23 15:00:00,2025,11,23,15,An Giang,Xã Giồng Riềng,9.9237413,105.2736878,41,Good,0,26.8,82,0.8,11.5,92,1009.1,100,10.0,10.3,230.0,4.8,96.0,8.7
2025-11-23 16:00:00,2025,11,23,16,An Giang,Xã Giồng Riềng,9.9237413,105.2736878,42,Good,0,27.5,79,0.2,13.5,92,1009.0,94,12.1,12.5,248.0,6.5,91.0,9.8
2025-11-23 17:00:00,2025,11,23,17,An Giang,Xã Giồng Riềng,9.9237413,105.2736878,44,Good,0,26.0,85,0.2,13.3,49,1009.3,98,14.7,15.0,265.0,9.3,85.0,11.7
2025-11-23 18:00:00,2025,11,23,18,An Giang,Xã Giồng Riềng,9.9237413,105.2736878,44,Good,0,24.8,90,0.0,11.1,40,1009.6,100,17.6,17.9,282.0,12.6,77.0,14.1
2025-11-23 19:00:00,2025,11,23,19,An Giang,Xã Giồng Riềng,9.9237413,105.2736878,45,Good,0,25.3,90,0.0,8.6,20,1009.4,22,24.2,24.6,299.0,14.3,79.0,14.6
2025-11-23 20:00:00,2025,11,23,20,An Giang,Xã Giồng Riềng,9.9237413,105.2736878,47,Good,0,25.0,90,0.7,10.2,39,1010.3,96,24.9,25.1,318.0,14.1,73.0,14.2
2025-11-23 21:00:00,2025,11,23,21,An Giang,Xã Giồng Riềng,9.9237413,105.2736878,49,Good,0,25.0,91,0.3,9.1,51,1010.5,98,23.3,23.6,337.0,13.9,65.0,13.6
2025-11-23 22:00:00,2025,11,23,22,An Giang,Xã Giồng Riềng,9.9237413,105.2736878,50,Good,0,24.4,95,0.6,7.3,38,1010.6,100,22.0,22.2,341.0,13.7,57.0,12.8
2025-11-23 23:00:00,2025,11,23,23,An Giang,Xã Giồng Riềng,9.9237413,105.2736878,51,Moderate,1,24.0,96,0.1,6.6,47,1010.5,100,21.5,21.7,320.0,13.6,50.0,11.9
2025-11-24 00:00:00,2025,11,24,0,An Giang,Xã Giồng Riềng,9.9237413,105.2736878,52,Moderate,1,24.1,96,0.1,8.1,62,1010.5,100,20.4,20.5,286.0,13.5,45.0,10.9
2025-11-24 01:00:00,2025,11,24,1,An Giang,Xã Giồng Riềng,9.9237413,105.2736878,53,Moderate,1,24.9,96,0.2,8.4,42,1009.8,100,18.8,18.9,258.0,13.1,40.0,9.8
2025-11-24 02:00:00,2025,11,24,2,An Giang,Xã Giồng Riềng,9.9237413,105.2736878,54,Moderate,1,24.8,95,0.0,7.6,27,1009.2,100,17.2,17.3,242.0,12.2,37.0,8.6
2025-11-24 03:00:00,2025,11,24,3,An Giang,Xã Giồng Riềng,9.9237413,105.2736878,55,Moderate,1,24.5,95,0.1,9.8,36,1009.1,100,15.7,15.9,233.0,11.1,36.0,7.4
2025-11-24 04:00:00,2025,11,24,4,An Giang,Xã Giồng Riềng,9.9237413,105.2736878,55,Moderate,1,24.4,96,0.0,10.0,20,1008.6,59,14.0,14.2,233.0,10.1,36.0,6.6
2025-11-24 05:00:00,2025,11,24,5,An Giang,Xã Giồng Riềng,9.9237413,105.2736878,56,Moderate,1,24.2,96,0.0,10.4,26,1008.8,100,12.6,12.8,250.0,9.5,36.0,6.6
2025-11-24 06:00:00,2025,11,24,6,An Giang,Xã Giồng Riềng,9.9237413,105.2736878,56,Moderate,1,24.0,95,0.0,11.0,23,1009.4,98,11.7,12.0,275.0,9.1,37.0,7.0
2025-11-24 07:00:00,2025,11,24,7,An Giang,Xã Giồng Riềng,9.9237413,105.2736878,57,Moderate,1,25.2,87,0.0,11.0,24,1009.7,97,13.6,13.9,287.0,8.2,44.0,7.8
2025-11-24 08:00:00,2025,11,24,8,An Giang,Xã Giồng Riềng,9.9237413,105.2736878,57,Moderate,1,27.0,79,0.0,14.0,33,1010.8,95,11.8,12.2,273.0,7.0,61.0,8.6
2025-11-24 09:00:00,2025,11,24,9,An Giang,Xã Giồng Riềng,9.9237413,105.2736878,57,Moderate,1,28.6,73,0.0,15.3,40,1010.9,90,10.9,11.3,246.0,5.3,85.0,9.8
2025-11-24 10:00:00,2025,11,24,10,An Giang,Xã Giồng Riềng,9.9237413,105.2736878,57,Moderate,1,30.0,67,0.0,16.6,53,1010.5,91,10.8,11.0,223.0,4.0,105.0,10.5
2025-11-24 11:00:00,2025,11,24,11,An Giang,Xã Giồng Riềng,9.9237413,105.2736878,57,Moderate,1,30.8,63,0.0,18.6,64,1009.8,96,11.8,12.3,212.0,3.2,118.0,10.4
2025-11-24 12:00:00,2025,11,24,12,An Giang,Xã Giồng Riềng,9.9237413,105.2736878,57,Moderate,1,31.6,58,0.0,18.7,68,1008.9,96,13.7,14.4,206.0,2.8,127.0,10.0
2025-11-24 13:00:00,2025,11,24,13,An Giang,Xã Giồng Riềng,9.9237413,105.2736878,57,Moderate,1,31.9,56,0.0,21.3,76,1008.0,89,15.5,16.2,201.0,2.6,133.0,9.7
2025-11-24 14:00:00,2025,11,24,14,An Giang,Xã Giồng Riềng,9.9237413,105.2736878,58,Moderate,1,32.0,55,0.0,19.6,77,1007.4,100,16.7,17.6,197.0,2.5,137.0,9.7
2025-11-24 15:00:00,2025,11,24,15,An Giang,Xã Giồng Riềng,9.9237413,105.2736878,59,Moderate,1,31.4,59,0.0,16.7,74,1007.2,97,17.2,18.0,195.0,2.8,138.0,9.8
2025-11-24 16:00:00,2025,11,24,16,An Giang,Xã Giồng Riềng,9.9237413,105.2736878,59,Moderate,1,31.0,60,0.0,15.0,72,1007.0,91,17.7,18.5,195.0,3.9,134.0,10.3
2025-11-24 17:00:00,2025,11,24,17,An Giang,Xã Giồng Riềng,9.9237413,105.2736878,74,Moderate,1,29.8,66,0.0,9.8,64,1007.8,86,19.1,19.6,195.0,6.7,121.0,11.4
2025-11-24 18:00:00,2025,11,24,18,An Giang,Xã Giồng Riềng,9.9237413,105.2736878,82,Moderate,1,28.2,73,0.0,11.5,73,1008.8,99,21.3,21.8,198.0,10.4,102.0,12.7
2025-11-24 19:00:00,2025,11,24,19,An Giang,Xã Giồng Riềng,9.9237413,105.2736878,81,Moderate,1,26.7,84,0.1,5.1,82,1009.1,97,23.8,24.9,207.0,13.5,79.0,13.3
2025-11-24 20:00:00,2025,11,24,20,An Giang,Xã Giồng Riềng,9.9237413,105.2736878,73,Moderate,1,24.6,96,0.9,14.0,20,1011.1,100,25.0,26.0,227.0,13.6,77.0,13.6
2025-11-24 21:00:00,2025,11,24,21,An Giang,Xã Giồng Riềng,9.9237413,105.2736878,62,Moderate,1,24.9,91,2.0,5.5,9,1011.1,95,23.1,24.2,253.0,13.8,73.0,14.0
2025-11-24 22:00:00,2025,11,24,22,An Giang,Xã Giồng Riềng,9.9237413,105.2736878,60,Moderate,1,24.6,94,0.6,2.7,70,1010.7,97,21.4,22.9,278.0,14.2,69.0,14.1
2025-11-24 23:00:00,2025,11,24,23,An Giang,Xã Giồng Riềng,9.9237413,105.2736878,60,Moderate,1,24.4,95,0.1,4.9,96,1010.7,95,20.2,21.9,298.0,15.1,62.0,13.6
2025-11-25 00:00:00,2025,11,25,0,An Giang,Xã Giồng Riềng,9.9237413,105.2736878,60,Moderate,1,24.1,96,0.1,12.3,46,1010.7,92,20.8,22.6,316.0,16.3,55.0,12.8
2025-11-25 01:00:00,2025,11,25,1,An Giang,Xã Giồng Riềng,9.9237413,105.2736878,60,Moderate,1,24.5,94,0.2,8.7,6,1009.9,91,24.3,26.4,333.0,17.4,49.0,12.6
2025-11-25 02:00:00,2025,11,25,2,An Giang,Xã Giồng Riềng,9.9237413,105.2736878,61,Moderate,1,24.3,96,0.0,4.0,8,1008.7,100,28.6,30.5,356.0,18.7,46.0,13.7
2025-11-25 03:00:00,2025,11,25,3,An Giang,Xã Giồng Riềng,9.9237413,105.2736878,62,Moderate,1,24.0,96,0.0,4.2,20,1008.2,95,31.9,33.2,379.0,19.9,45.0,15.4
2025-11-25 04:00:00,2025,11,25,4,An Giang,Xã Giồng Riềng,9.9237413,105.2736878,63,Moderate,1,24.0,92,0.0,8.1,17,1008.1,93,32.4,33.3,383.0,19.8,45.0,15.9
2025-11-25 05:00:00,2025,11,25,5,An Giang,Xã Giồng Riềng,9.9237413,105.2736878,65,Moderate,1,23.9,91,0.0,9.9,15,1008.3,100,28.9,29.5,354.0,17.4,43.0,14.3
2025-11-25 06:00:00,2025,11,25,6,An Giang,Xã Giồng Riềng,9.9237413,105.2736878,66,Moderate,1,24.0,92,0.0,11.6,18,1008.9,100,22.2,22.6,307.0,13.7,42.0,11.6
2025-11-25 07:00:00,2025,11,25,7,An Giang,Xã Giồng Riềng,9.9237413,105.2736878,67,Moderate,1,25.3,86,0.0,12.7,27,1009.3,2,28.9,29.6,267.0,15.3,43.0,12.4
2025-11-25 08:00:00,2025,11,25,8,An Giang,Xã Giồng Riềng,9.9237413,105.2736878,69,Moderate,1,27.0,77,0.0,14.6,21,1010.2,2,20.3,20.8,246.0,11.7,57.0,10.5
2025-11-25 09:00:00,2025,11,25,9,An Giang,Xã Giồng Riềng,9.9237413,105.2736878,69,Moderate,1,28.2,71,0.0,16.3,21,1010.6,92,14.4,15.0,232.0,6.7,76.0,7.9
2025-11-25 10:00:00,2025,11,25,10,An Giang,Xã Giồng Riềng,9.9237413,105.2736878,70,Moderate,1,29.4,65,0.0,17.3,23,1010.2,91,11.4,12.0,221.0,2.9,92.0,6.0
2025-11-25 11:00:00,2025,11,25,11,An Giang,Xã Giồng Riềng,9.9237413,105.2736878,70,Moderate,1,30.4,62,0.0,17.4,30,1009.8,99,10.1,10.8,210.0,1.5,101.0,5.3
2025-11-25 12:00:00,2025,11,25,12,An Giang,Xã Giồng Riềng,9.9237413,105.2736878,70,Moderate,1,30.9,60,0.0,16.3,35,1008.7,80,9.8,10.5,201.0,1.4,106.0,5.2
2025-11-25 13:00:00,2025,11,25,13,An Giang,Xã Giồng Riềng,9.9237413,105.2736878,69,Moderate,1,31.0,58,0.0,15.4,43,1007.7,33,9.9,10.6,195.0,1.6,109.0,5.4
2025-11-25 14:00:00,2025,11,25,14,An Giang,Xã Giồng Riềng,9.9237413,105.2736878,69,Moderate,1,31.2,57,0.2,15.1,40,1007.0,27,10.1,10.9,188.0,1.6,111.0,5.6
2025-11-25 15:00:00,2025,11,25,15,An Giang,Xã Giồng Riềng,9.9237413,105.2736878,68,Moderate,1,31.0,56,0.0,16.1,36,1006.4,13,10.4,11.1,184.0,1.8,111.0,6.0
2025-11-25 16:00:00,2025,11,25,16,An Giang,Xã Giồng Riềng,9.9237413,105.2736878,68,Moderate,1,30.5,56,0.0,14.7,36,1006.3,16,10.7,11.3,190.0,3.0,107.0,6.7
2025-11-25 17:00:00,2025,11,25,17,An Giang,Xã Giồng Riềng,9.9237413,105.2736878,67,Moderate,1,29.4,61,0.0,13.8,26,1007.1,27,12.0,12.4,214.0,5.8,95.0,7.8
2025-11-25 18:00:00,2025,11,25,18,An Giang,Xã Giồng Riềng,9.9237413,105.2736878,66,Moderate,1,28.5,63,0.0,12.3,31,1008.2,83,14.6,15.0,249.0,9.5,78.0,9.1
2025-11-25 19:00:00,2025,11,25,19,An Giang,Xã Giồng Riềng,9.9237413,105.2736878,66,Moderate,1,26.8,81,0.0,4.7,43,1008.9,100,10.7,10.8,282.0,9.2,72.0,8.3
2025-11-25 20:00:00,2025,11,25,20,An Giang,Xã Giồng Riềng,9.9237413,105.2736878,65,Moderate,1,26.9,82,0.0,6.1,78,1009.8,91,12.2,12.3,310.0,9.3,67.0,8.0
2025-11-25 21:00:00,2025,11,25,21,An Giang,Xã Giồng Riềng,9.9237413,105.2736878,63,Moderate,1,26.0,89,0.0,4.1,77,1010.2,95,13.7,13.8,336.0,9.3,61.0,7.5
2025-11-25 22:00:00,2025,11,25,22,An Giang,Xã Giồng Riềng,9.9237413,105.2736878,63,Moderate,1,26.0,81,0.0,10.2,30,1010.3,55,14.6,14.8,353.0,8.9,59.0,7.2
2025-11-25 23:00:00,2025,11,25,23,An Giang,Xã Giồng Riềng,9.9237413,105.2736878,62,Moderate,1,25.8,73,0.0,12.3,30,1010.1,98,15.5,15.8,358.0,7.7,64.0,7.0
2025-11-26 00:00:00,2025,11,26,0,An Giang,Xã Giồng Riềng,9.9237413,105.2736878,62,Moderate,1,24.8,77,0.0,9.7,31,1009.6,73,16.7,17.1,354.0,6.0,73.0,6.9
2025-11-26 01:00:00,2025,11,26,1,An Giang,Xã Giồng Riềng,9.9237413,105.2736878,61,Moderate,1,23.9,96,0.0,6.5,48,1009.4,99,17.6,17.9,344.0,4.9,81.0,7.0
2025-11-26 02:00:00,2025,11,26,2,An Giang,Xã Giồng Riềng,9.9237413,105.2736878,61,Moderate,1,23.7,97,0.0,6.6,49,1008.6,100,17.9,18.3,325.0,4.7,85.0,7.3
2025-11-26 03:00:00,2025,11,26,3,An Giang,Xã Giồng Riềng,9.9237413,105.2736878,60,Moderate,1,23.4,96,0.0,7.4,23,1008.4,97,18.1,18.5,300.0,4.9,88.0,7.7
2025-11-26 04:00:00,2025,11,26,4,An Giang,Xã Giồng Riềng,9.9237413,105.2736878,58,Moderate,1,23.0,91,0.0,9.4,4,1008.2,99,18.3,18.7,284.0,5.4,89.0,8.1
2025-11-26 05:00:00,2025,11,26,5,An Giang,Xã Giồng Riềng,9.9237413,105.2736878,57,Moderate,1,22.8,82,0.0,12.0,8,1008.8,99,18.6,19.0,286.0,6.3,88.0,8.6
2025-11-26 06:00:00,2025,11,26,6,An Giang,Xã Giồng Riềng,9.9237413,105.2736878,56,Moderate,1,22.5,75,0.0,12.9,8,1009.6,100,19.2,19.6,296.0,7.4,85.0,9.2
2025-11-26 07:00:00,2025,11,26,7,An Giang,Xã Giồng Riềng,9.9237413,105.2736878,56,Moderate,1,23.5,74,0.0,13.6,12,1010.0,99,15.0,15.3,303.0,6.1,84.0,9.5
2025-11-26 08:00:00,2025,11,26,8,An Giang,Xã Giồng Riềng,9.9237413,105.2736878,55,Moderate,1,25.0,70,0.0,14.8,14,1010.9,100,15.9,16.4,302.0,5.2,94.0,9.2
2025-11-26 09:00:00,2025,11,26,9,An Giang,Xã Giồng Riềng,9.9237413,105.2736878,54,Moderate,1,26.5,65,0.0,15.7,17,1011.4,95,16.9,17.3,298.0,3.9,108.0,8.7
2025-11-26 10:00:00,2025,11,26,10,An Giang,Xã Giồng Riềng,9.9237413,105.2736878,55,Moderate,1,27.7,61,0.0,16.2,14,1011.3,91,17.6,18.1,292.0,2.9,119.0,8.1
2025-11-26 11:00:00,2025,11,26,11,An Giang,Xã Giồng Riềng,9.9237413,105.2736878,55,Moderate,1,28.6,59,0.0,14.6,10,1010.6,88,17.9,18.4,285.0,2.3,125.0,7.3
2025-11-26 12:00:00,2025,11,26,12,An Giang,Xã Giồng Riềng,9.9237413,105.2736878,56,Moderate,1,29.4,58,0.0,12.9,8,1009.5,44,17.6,18.1,277.0,1.9,128.0,6.5
2025-11-26 13:00:00,2025,11,26,13,An Giang,Xã Giồng Riềng,9.9237413,105.2736878,57,Moderate,1,30.1,56,0.0,12.3,14,1008.8,63,16.8,17.3,270.0,1.8,129.0,5.8
2025-11-26 14:00:00,2025,11,26,14,An Giang,Xã Giồng Riềng,9.9237413,105.2736878,57,Moderate,1,30.1,55,0.0,12.7,8,1008.1,97,15.9,16.5,262.0,1.8,128.0,5.4
2025-11-26 15:00:00,2025,11,26,15,An Giang,Xã Giồng Riềng,9.9237413,105.2736878,61,Moderate,1,29.9,55,0.0,11.7,17,1008.0,100,15.7,16.2,255.0,2.0,124.0,5.2
2025-11-26 16:00:00,2025,11,26,16,An Giang,Xã Giồng Riềng,9.9237413,105.2736878,70,Moderate,1,29.2,57,0.0,11.1,14,1007.9,100,15.3,15.8,255.0,2.7,117.0,5.3
2025-11-26 17:00:00,2025,11,26,17,An Giang,Xã Giồng Riềng,9.9237413,105.2736878,75,Moderate,1,28.2,63,0.0,11.5,3,1008.5,100,15.9,16.3,269.0,4.6,105.0,6.0
2025-11-26 18:00:00,2025,11,26,18,An Giang,Xã Giồng Riềng,9.9237413,105.2736878,74,Moderate,1,26.8,67,0.0,10.0,6,1009.5,100,16.6,16.9,291.0,7.0,89.0,7.1
2025-11-26 19:00:00,2025,11,26,19,An Giang,Xã Giồng Riềng,9.9237413,105.2736878,68,Moderate,1,25.5,75,0.0,5.4,8,1010.0,100,17.2,17.7,304.0,7.7,79.0,6.9
2025-11-26 20:00:00,2025,11,26,20,An Giang,Xã Giồng Riềng,9.9237413,105.2736878,60,Moderate,1,25.9,72,0.0,9.9,357,1010.7,100,16.3,16.5,301.0,7.5,76.0,6.7
2025-11-26 21:00:00,2025,11,26,21,An Giang,Xã Giồng Riềng,9.9237413,105.2736878,60,Moderate,1,26.3,66,0.0,14.4,10,1010.7,100,15.0,15.2,289.0,7.1,72.0,6.5
2025-11-26 22:00:00,2025,11,26,22,An Giang,Xã Giồng Riềng,9.9237413,105.2736878,60,Moderate,1,25.8,67,0.0,14.2,359,1010.7,100,13.9,14.0,278.0,6.8,69.0,6.2
2025-11-26 23:00:00,2025,11,26,23,An Giang,Xã Giồng Riềng,9.9237413,105.2736878,60,Moderate,1,25.4,65,0.0,15.9,5,1010.6,100,13.2,13.3,272.0,6.5,67.0,5.8
2025-11-27 00:00:00,2025,11,27,0,An Giang,Xã Giồng Riềng,9.9237413,105.2736878,60,Moderate,1,25.1,62,0.0,15.0,10,1010.6,100,13.1,13.2,266.0,6.1,66.0,5.4
2025-11-27 01:00:00,2025,11,27,1,An Giang,Xã Giồng Riềng,9.9237413,105.2736878,60,Moderate,1,24.8,68,0.0,15.3,12,1010.1,100,13.3,13.5,261.0,5.9,65.0,5.1
2025-11-27 02:00:00,2025,11,27,2,An Giang,Xã Giồng Riềng,9.9237413,105.2736878,59,Moderate,1,24.6,68,0.0,15.3,12,1009.6,100,13.7,13.9,254.0,5.8,63.0,5.1
2025-11-27 03:00:00,2025,11,27,3,An Giang,Xã Giồng Riềng,9.9237413,105.2736878,59,Moderate,1,24.2,68,0.0,17.5,12,1009.2,100,14.1,14.3,246.0,5.8,62.0,5.3
2025-11-27 04:00:00,2025,11,27,4,An Giang,Xã Giồng Riềng,9.9237413,105.2736878,58,Moderate,1,23.8,68,0.0,16.3,11,1009.2,100,14.3,14.5,242.0,5.8,61.0,5.6
2025-11-27 05:00:00,2025,11,27,5,An Giang,Xã Giồng Riềng,9.9237413,105.2736878,58,Moderate,1,23.2,70,0.0,15.8,8,1009.6,2,14.4,14.6,243.0,5.9,60.0,6.1
2025-11-27 06:00:00,2025,11,27,6,An Giang,Xã Giồng Riềng,9.9237413,105.2736878,58,Moderate,1,22.8,70,0.0,16.1,6,1010.2,1,14.7,15.0,248.0,5.9,59.0,6.6
2025-11-27 07:00:00,2025,11,27,7,An Giang,Xã Giồng Riềng,9.9237413,105.2736878,57,Moderate,1,23.5,70,0.0,17.6,11,1010.5,0,18.1,18.5,253.0,5.7,66.0,6.9
2025-11-27 08:00:00,2025,11,27,8,An Giang,Xã Giồng Riềng,9.9237413,105.2736878,58,Moderate,1,24.9,66,0.0,19.3,14,1011.5,0,18.3,18.8,258.0,4.7,78.0,6.7
2025-11-27 09:00:00,2025,11,27,9,An Giang,Xã Giồng Riềng,9.9237413,105.2736878,58,Moderate,1,26.1,63,0.0,20.6,16,1011.8,30,18.0,18.6,264.0,3.4,96.0,6.5
2025-11-27 10:00:00,2025,11,27,10,An Giang,Xã Giồng Riềng,9.9237413,105.2736878,58,Moderate,1,27.3,59,0.0,22.6,19,1011.4,38,18.0,18.5,266.0,2.3,109.0,6.2
2025-11-27 11:00:00,2025,11,27,11,An Giang,Xã Giồng Riềng,9.9237413,105.2736878,58,Moderate,1,28.1,58,0.0,23.0,23,1010.9,100,17.8,18.3,262.0,1.8,114.0,5.8
2025-11-27 12:00:00,2025,11,27,12,An Giang,Xã Giồng Riềng,9.9237413,105.2736878,58,Moderate,1,28.9,56,0.0,22.2,23,1009.6,100,17.6,18.2,254.0,1.7,116.0,5.3
2025-11-27 13:00:00,2025,11,27,13,An Giang,Xã Giồng Riềng,9.9237413,105.2736878,58,Moderate,1,29.6,56,0.0,18.2,28,1009.1,100,17.3,17.9,249.0,1.7,116.0,4.9
2025-11-27 14:00:00,2025,11,27,14,An Giang,Xã Giồng Riềng,9.9237413,105.2736878,58,Moderate,1,30.0,53,0.0,14.9,43,1008.4,100,17.2,17.8,247.0,1.7,117.0,4.7
2025-11-27 15:00:00,2025,11,27,15,An Giang,Xã Giồng Riềng,9.9237413,105.2736878,58,Moderate,1,29.5,56,0.0,13.5,42,1007.9,100,17.5,17.9,247.0,2.0,116.0,4.6
2025-11-27 16:00:00,2025,11,27,16,An Giang,Xã Giồng Riềng,9.9237413,105.2736878,58,Moderate,1,29.2,57,0.0,15.0,30,1007.9,100,18.0,18.4,252.0,2.8,112.0,4.9
2025-11-27 17:00:00,2025,11,27,17,An Giang,Xã Giồng Riềng,9.9237413,105.2736878,58,Moderate,1,28.1,62,0.0,15.0,11,1008.7,100,19.7,19.9,266.0,4.8,103.0,5.8
2025-11-27 18:00:00,2025,11,27,18,An Giang,Xã Giồng Riềng,9.9237413,105.2736878,59,Moderate,1,26.8,59,0.0,17.9,13,1009.8,100,21.8,22.1,284.0,7.4,90.0,7.2
2025-11-27 19:00:00,2025,11,27,19,An Giang,Xã Giồng Riềng,9.9237413,105.2736878,59,Moderate,1,26.0,63,0.0,18.0,12,1010.1,100,23.5,23.9,298.0,6.9,84.0,6.6
2025-11-27 20:00:00,2025,11,27,20,An Giang,Xã Giồng Riềng,9.9237413,105.2736878,60,Moderate,1,25.8,63,0.0,17.6,14,1011.3,100,25.0,25.3,301.0,6.9,80.0,6.8
2025-11-27 21:00:00,2025,11,27,21,An Giang,Xã Giồng Riềng,9.9237413,105.2736878,61,Moderate,1,25.2,64,0.0,15.6,8,1011.2,100,25.9,26.2,298.0,6.9,74.0,7.0
2025-11-27 22:00:00,2025,11,27,22,An Giang,Xã Giồng Riềng,9.9237413,105.2736878,62,Moderate,1,24.7,64,0.0,15.3,3,1011.2,100,26.3,26.7,298.0,6.9,69.0,7.1
2025-11-27 23:00:00,2025,11,27,23,An Giang,Xã Giồng Riềng,9.9237413,105.2736878,63,Moderate,1,24.5,63,0.0,16.9,7,1011.2,99,26.3,26.5,305.0,6.7,66.0,7.0
2025-11-28 00:00:00,2025,11,28,0,An Giang,Xã Giồng Riềng,9.9237413,105.2736878,64,Moderate,1,24.1,64,0.0,17.7,2,1010.7,100,25.8,26.1,314.0,6.5,64.0,6.7
2025-11-28 01:00:00,2025,11,28,1,An Giang,Xã Giồng Riềng,9.9237413,105.2736878,65,Moderate,1,23.9,66,0.0,17.5,10,1010.0,100,25.1,25.4,317.0,6.3,63.0,6.5
2025-11-28 02:00:00,2025,11,28,2,An Giang,Xã Giồng Riềng,9.9237413,105.2736878,66,Moderate,1,23.6,67,0.0,16.9,2,1009.6,100,24.0,24.2,307.0,6.0,64.0,6.5
2025-11-28 03:00:00,2025,11,28,3,An Giang,Xã Giồng Riềng,9.9237413,105.2736878,67,Moderate,1,22.8,72,0.0,17.4,352,1009.6,100,22.7,22.9,290.0,5.8,65.0,6.5
2025-11-28 04:00:00,2025,11,28,4,An Giang,Xã Giồng Riềng,9.9237413,105.2736878,68,Moderate,1,22.2,72,0.0,16.8,357,1009.6,100,21.6,21.9,279.0,5.6,66.0,6.6
2025-11-28 05:00:00,2025,11,28,5,An Giang,Xã Giồng Riềng,9.9237413,105.2736878,68,Moderate,1,21.8,71,0.0,18.8,4,1009.8,100,21.2,21.5,281.0,5.7,64.0,6.9
2025-11-28 06:00:00,2025,11,28,6,An Giang,Xã Giồng Riềng,9.9237413,105.2736878,69,Moderate,1,21.4,71,0.0,19.5,3,1010.1,100,21.5,21.8,290.0,5.8,61.0,7.2
2025-11-28 07:00:00,2025,11,28,7,An Giang,Xã Giồng Riềng,9.9237413,105.2736878,70,Moderate,1,21.7,72,0.0,17.1,4,1011.2,100,31.8,32.4,296.0,5.4,66.0,7.2
2025-11-28 08:00:00,2025,11,28,8,An Giang,Xã Giồng Riềng,9.9237413,105.2736878,71,Moderate,1,22.7,68,0.0,17.5,4,1012.1,100,31.9,32.4,298.0,4.5,77.0,7.1
2025-11-28 09:00:00,2025,11,28,9,An Giang,Xã Giồng Riềng,9.9237413,105.2736878,72,Moderate,1,24.0,63,0.0,18.4,4,1012.6,95,30.5,31.1,298.0,3.3,93.0,7.0
2025-11-28 10:00:00,2025,11,28,10,An Giang,Xã Giồng Riềng,9.9237413,105.2736878,73,Moderate,1,25.1,59,0.0,19.3,3,1012.4,85,28.9,29.6,294.0,2.4,106.0,6.8
2025-11-28 11:00:00,2025,11,28,11,An Giang,Xã Giồng Riềng,9.9237413,105.2736878,74,Moderate,1,26.2,54,0.0,21.8,2,1011.7,99,27.3,27.9,283.0,2.0,115.0,6.5
2025-11-28 12:00:00,2025,11,28,12,An Giang,Xã Giồng Riềng,9.9237413,105.2736878,75,Moderate,1,27.0,53,0.0,22.4,5,1009.7,98,25.4,26.1,269.0,1.8,121.0,6.2
2025-11-28 13:00:00,2025,11,28,13,An Giang,Xã Giồng Riềng,9.9237413,105.2736878,76,Moderate,1,27.5,52,0.0,19.5,9,1009.4,100,23.7,24.3,259.0,1.9,125.0,6.0
2025-11-28 14:00:00,2025,11,28,14,An Giang,Xã Giồng Riềng,9.9237413,105.2736878,76,Moderate,1,27.5,52,0.0,17.7,12,1008.3,100,22.4,23.0,256.0,1.9,127.0,5.9
2025-11-28 15:00:00,2025,11,28,15,An Giang,Xã Giồng Riềng,9.9237413,105.2736878,77,Moderate,1,27.3,53,0.0,16.7,11,1008.0,100,21.8,22.3,257.0,2.1,127.0,5.9
2025-11-28 16:00:00,2025,11,28,16,An Giang,Xã Giồng Riềng,9.9237413,105.2736878,77,Moderate,1,26.6,55,0.0,15.5,13,1008.2,100,21.4,21.9,264.0,3.1,123.0,6.3
2025-11-28 17:00:00,2025,11,28,17,An Giang,Xã Giồng Riềng,9.9237413,105.2736878,77,Moderate,1,25.5,61,0.0,11.1,9,1008.9,100,22.3,22.7,283.0,5.6,111.0,7.3
2025-11-28 18:00:00,2025,11,28,18,An Giang,Xã Giồng Riềng,9.9237413,105.2736878,77,Moderate,1,24.1,64,0.0,9.2,1,1009.7,100,24.2,24.6,308.0,8.8,94.0,8.7
2025-11-28 19:00:00,2025,11,28,19,An Giang,Xã Giồng Riềng,9.9237413,105.2736878,78,Moderate,1,23.2,68,0.0,6.8,357,1010.4,80,22.3,22.5,324.0,10.8,80.0,9.5
2025-11-28 20:00:00,2025,11,28,20,An Giang,Xã Giồng Riềng,9.9237413,105.2736878,78,Moderate,1,23.2,64,0.0,10.3,359,1011.2,100,22.6,22.8,319.0,10.9,76.0,9.8
2025-11-28 21:00:00,2025,11,28,21,An Giang,Xã Giồng Riềng,9.9237413,105.2736878,77,Moderate,1,22.8,66,0.0,10.3,1,1011.9,100,21.8,22.0,304.0,11.1,71.0,10.2
2025-11-28 22:00:00,2025,11,28,22,An Giang,Xã Giồng Riềng,9.9237413,105.2736878,77,Moderate,1,22.5,67,0.0,8.7,347,1011.8,100,21.0,21.2,296.0,11.1,67.0,10.3
2025-11-28 23:00:00,2025,11,28,23,An Giang,Xã Giồng Riềng,9.9237413,105.2736878,77,Moderate,1,21.8,71,0.0,9.4,336,1011.6,99,19.6,19.7,305.0,10.7,65.0,10.0
2025-11-29 00:00:00,2025,11,29,0,An Giang,Xã Giồng Riềng,9.9237413,105.2736878,76,Moderate,1,21.6,70,0.0,8.3,340,1011.3,100,17.9,18.1,321.0,10.0,63.0,9.4
2025-11-29 01:00:00,2025,11,29,1,An Giang,Xã Giồng Riềng,9.9237413,105.2736878,75,Moderate,1,21.3,70,0.0,11.7,350,1010.6,99,17.0,17.2,331.0,9.5,62.0,9.0
2025-11-29 02:00:00,2025,11,29,2,An Giang,Xã Giồng Riềng,9.9237413,105.2736878,75,Moderate,1,21.2,69,0.0,13.2,356,1009.8,99,16.5,16.7,327.0,9.3,61.0,8.9
2025-11-29 03:00:00,2025,11,29,3,An Giang,Xã Giồng Riềng,9.9237413,105.2736878,74,Moderate,1,21.1,69,0.0,12.7,353,1009.2,100,16.4,16.6,317.0,9.3,60.0,8.9
2025-11-29 04:00:00,2025,11,29,4,An Giang,Xã Giồng Riềng,9.9237413,105.2736878,73,Moderate,1,21.0,69,0.0,11.1,353,1009.1,98,16.4,16.6,311.0,9.3,59.0,9.0
2025-11-29 05:00:00,2025,11,29,5,An Giang,Xã Giồng Riềng,9.9237413,105.2736878,73,Moderate,1,20.8,71,0.0,9.2,356,1009.8,99,16.5,16.8,315.0,9.5,57.0,9.4
2025-11-29 06:00:00,2025,11,29,6,An Giang,Xã Giồng Riềng,9.9237413,105.2736878,72,Moderate,1,20.5,72,0.0,9.8,354,1010.3,98,17.2,17.5,323.0,9.6,56.0,9.9
2025-11-29 07:00:00,2025,11,29,7,An Giang,Xã Giồng Riềng,9.9237413,105.2736878,72,Moderate,1,21.6,70,0.0,12.5,349,1010.7,99,16.7,16.9,326.0,9.1,61.0,10.5
2025-11-29 08:00:00,2025,11,29,8,An Giang,Xã Giồng Riềng,9.9237413,105.2736878,71,Moderate,1,23.0,69,0.0,10.3,353,1011.5,100,16.5,16.8,321.0,7.3,79.0,10.5
2025-11-29 09:00:00,2025,11,29,9,An Giang,Xã Giồng Riềng,9.9237413,105.2736878,69,Moderate,1,24.2,68,0.0,10.6,359,1012.1,100,15.9,16.2,312.0,4.8,103.0,10.4
2025-11-29 10:00:00,2025,11,29,10,An Giang,Xã Giồng Riềng,9.9237413,105.2736878,68,Moderate,1,26.6,63,0.0,12.6,2,1011.6,100,15.0,15.2,301.0,2.9,122.0,10.1
2025-11-29 11:00:00,2025,11,29,11,An Giang,Xã Giồng Riềng,9.9237413,105.2736878,67,Moderate,1,27.9,59,0.0,12.6,2,1011.0,100,14.1,14.4,288.0,2.2,130.0,9.4
2025-11-29 12:00:00,2025,11,29,12,An Giang,Xã Giồng Riềng,9.9237413,105.2736878,66,Moderate,1,28.8,58,0.0,11.0,4,1009.8,100,13.6,13.9,273.0,2.0,133.0,8.4
2025-11-29 13:00:00,2025,11,29,13,An Giang,Xã Giồng Riềng,9.9237413,105.2736878,65,Moderate,1,29.5,56,0.0,10.6,2,1008.9,100,13.4,13.6,262.0,2.1,135.0,7.7
2025-11-29 14:00:00,2025,11,29,14,An Giang,Xã Giồng Riềng,9.9237413,105.2736878,64,Moderate,1,29.8,56,0.0,10.2,9,1008.0,100,13.3,13.6,254.0,1.9,139.0,7.4
2025-11-29 15:00:00,2025,11,29,15,An Giang,Xã Giồng Riềng,9.9237413,105.2736878,63,Moderate,1,29.8,56,0.0,7.5,17,1007.8,100,13.5,13.8,249.0,1.9,142.0,7.3
2025-11-29 16:00:00,2025,11,29,16,An Giang,Xã Giồng Riềng,9.9237413,105.2736878,76,Moderate,1,29.3,57,0.0,7.0,21,1008.2,100,14.0,14.2,254.0,3.2,138.0,7.8
2025-11-29 17:00:00,2025,11,29,17,An Giang,Xã Giồng Riềng,9.9237413,105.2736878,88,Moderate,1,28.0,66,0.0,5.1,27,1008.5,100,16.6,16.7,267.0,6.8,122.0,9.1
2025-11-29 18:00:00,2025,11,29,18,An Giang,Xã Giồng Riềng,9.9237413,105.2736878,92,Moderate,1,26.7,71,0.0,5.5,41,1009.2,99,22.8,22.9,291.0,11.7,98.0,11.0
2025-11-29 19:00:00,2025,11,29,19,An Giang,Xã Giồng Riềng,9.9237413,105.2736878,87,Moderate,1,25.7,76,0.0,4.5,61,1009.9,100,30.4,30.6,334.0,15.8,81.0,13.2
2025-11-29 20:00:00,2025,11,29,20,An Giang,Xã Giồng Riềng,9.9237413,105.2736878,77,Moderate,1,25.2,79,0.0,3.0,38,1010.6,100,34.0,34.2,417.0,17.4,74.0,14.6
2025-11-29 21:00:00,2025,11,29,21,An Giang,Xã Giồng Riềng,9.9237413,105.2736878,64,Moderate,1,24.5,82,0.0,1.7,328,1011.0,100,36.4,36.6,519.0,19.6,64.0,16.5
2025-11-29 22:00:00,2025,11,29,22,An Giang,Xã Giồng Riềng,9.9237413,105.2736878,64,Moderate,1,23.7,86,0.0,2.8,285,1011.0,100,37.8,38.1,594.0,21.6,55.0,17.8
2025-11-29 23:00:00,2025,11,29,23,An Giang,Xã Giồng Riềng,9.9237413,105.2736878,65,Moderate,1,23.2,89,0.0,3.0,284,1010.6,100,40.0,40.7,621.0,23.4,49.0,18.1
2025-11-30 00:00:00,2025,11,30,0,An Giang,Xã Giồng Riềng,9.9237413,105.2736878,67,Moderate,1,22.9,89,0.0,5.6,335,1010.4,100,41.9,43.0,621.0,25.0,44.0,17.7
2025-11-30 01:00:00,2025,11,30,1,An Giang,Xã Giồng Riềng,9.9237413,105.2736878,69,Moderate,1,22.9,86,0.0,6.5,330,1010.2,100,42.0,43.0,605.0,25.7,39.0,16.9
2025-11-30 02:00:00,2025,11,30,2,An Giang,Xã Giồng Riềng,9.9237413,105.2736878,72,Moderate,1,22.6,90,0.0,5.8,321,1009.6,65,38.3,39.2,564.0,24.9,35.0,15.4
2025-11-30 03:00:00,2025,11,30,3,An Giang,Xã Giồng Riềng,9.9237413,105.2736878,73,Moderate,1,22.1,93,0.0,4.6,342,1009.3,62,34.9,35.7,507.0,23.2,31.0,13.5
2025-11-30 04:00:00,2025,11,30,4,An Giang,Xã Giồng Riềng,9.9237413,105.2736878,75,Moderate,1,21.7,93,0.0,5.3,342,1009.3,37,33.2,33.9,471.0,21.3,29.0,12.1
2025-11-30 05:00:00,2025,11,30,5,An Giang,Xã Giồng Riềng,9.9237413,105.2736878,77,Moderate,1,21.5,91,0.0,4.9,321,1009.8,77,31.5,32.2,486.0,19.8,27.0,11.8
2025-11-30 06:00:00,2025,11,30,6,An Giang,Xã Giồng Riềng,9.9237413,105.2736878,78,Moderate,1,21.5,89,0.0,5.1,324,1010.3,17,30.0,30.7,522.0,18.2,27.0,12.0
2025-11-30 07:00:00,2025,11,30,7,An Giang,Xã Giồng Riềng,9.9237413,105.2736878,79,Moderate,1,23.5,79,0.0,7.6,342,1010.9,30,29.5,30.2,529.0,14.5,40.0,12.2
2025-11-30 08:00:00,2025,11,30,8,An Giang,Xã Giồng Riềng,9.9237413,105.2736878,80,Moderate,1,25.7,73,0.0,4.5,360,1012.0,23,25.3,26.1,475.0,11.5,65.0,13.2
2025-11-30 09:00:00,2025,11,30,9,An Giang,Xã Giồng Riềng,9.9237413,105.2736878,81,Moderate,1,27.4,65,0.0,6.8,349,1012.3,35,20.8,21.0,392.0,7.4,100.0,14.4
2025-11-30 10:00:00,2025,11,30,10,An Giang,Xã Giồng Riềng,9.9237413,105.2736878,81,Moderate,1,28.9,59,0.0,7.9,340,1011.7,4,17.9,18.0,326.0,4.2,127.0,14.7
2025-11-30 11:00:00,2025,11,30,11,An Giang,Xã Giồng Riềng,9.9237413,105.2736878,82,Moderate,1,29.6,57,0.0,6.6,347,1011.3,9,16.5,16.7,297.0,2.7,137.0,13.2
2025-11-30 12:00:00,2025,11,30,12,An Giang,Xã Giồng Riềng,9.9237413,105.2736878,82,Moderate,1,30.3,56,0.0,4.3,2,1010.4,31,16.1,16.2,286.0,2.2,139.0,10.9
2025-11-30 13:00:00,2025,11,30,13,An Giang,Xã Giồng Riềng,9.9237413,105.2736878,82,Moderate,1,31.4,50,0.0,2.7,48,1009.3,98,15.7,15.9,279.0,2.0,138.0,9.0
2025-11-30 14:00:00,2025,11,30,14,An Giang,Xã Giồng Riềng,9.9237413,105.2736878,82,Moderate,1,31.2,51,0.0,3.0,17,1008.3,100,15.5,15.9,269.0,1.8,138.0,8.1
2025-11-30 15:00:00,2025,11,30,15,An Giang,Xã Giồng Riềng,9.9237413,105.2736878,82,Moderate,1,31.2,52,0.0,4.4,322,1008.1,100,15.9,16.4,264.0,1.9,137.0,7.7
2025-11-30 16:00:00,2025,11,30,16,An Giang,Xã Giồng Riềng,9.9237413,105.2736878,83,Moderate,1,30.6,56,0.0,5.4,304,1008.1,99,16.5,16.9,268.0,3.3,130.0,7.9
2025-11-30 17:00:00,2025,11,30,17,An Giang,Xã Giồng Riềng,9.9237413,105.2736878,89,Moderate,1,29.0,67,0.0,6.0,275,1008.8,15,19.0,19.3,287.0,7.1,114.0,9.3
2025-11-30 18:00:00,2025,11,30,18,An Giang,Xã Giồng Riềng,9.9237413,105.2736878,92,Moderate,1,26.7,75,0.0,9.4,271,1009.4,3,24.2,24.4,316.0,12.1,93.0,11.3
2025-11-30 19:00:00,2025,11,30,19,An Giang,Xã Giồng Riềng,9.9237413,105.2736878,85,Moderate,1,26.0,74,0.0,8.9,263,1009.9,4,21.0,21.1,343.0,12.4,84.0,11.3
2025-11-30 20:00:00,2025,11,30,20,An Giang,Xã Giồng Riềng,9.9237413,105.2736878,82,Moderate,1,25.6,79,0.0,8.8,247,1010.7,0,19.0,19.2,365.0,11.3,80.0,10.4
2025-11-30 21:00:00,2025,11,30,21,An Giang,Xã Giồng Riềng,9.9237413,105.2736878,81,Moderate,1,25.0,83,0.0,6.5,228,1011.3,0,17.2,17.3,385.0,9.9,75.0,9.2
2025-11-30 22:00:00,2025,11,30,22,An Giang,Xã Giồng Riềng,9.9237413,105.2736878,79,Moderate,1,24.4,88,0.0,4.1,229,1011.6,2,16.9,17.1,398.0,8.9,70.0,8.1
2025-11-30 23:00:00,2025,11,30,23,An Giang,Xã Giồng Riềng,9.9237413,105.2736878,78,Moderate,1,24.1,89,0.0,3.5,291,1011.4,6,16.8,16.9,402.0,8.7,66.0,7.3
2025-12-01 00:00:00,2025,12,1,0,An Giang,Xã Giồng Riềng,9.9237413,105.2736878,75,Moderate,1,23.9,92,0.0,4.4,291,1011.3,1,16.3,16.5,400.0,9.0,63.0,6.6
2025-12-01 01:00:00,2025,12,1,1,An Giang,Xã Giồng Riềng,9.9237413,105.2736878,73,Moderate,1,23.5,95,0.0,4.4,300,1011.0,0,16.1,16.2,394.0,9.3,61.0,6.2
2025-12-01 02:00:00,2025,12,1,2,An Giang,Xã Giồng Riềng,9.9237413,105.2736878,71,Moderate,1,23.5,96,0.0,4.2,306,1010.4,5,15.7,15.9,382.0,9.6,60.0,6.0
2025-12-01 03:00:00,2025,12,1,3,An Giang,Xã Giồng Riềng,9.9237413,105.2736878,69,Moderate,1,23.5,96,0.0,4.9,321,1010.0,3,15.5,15.7,366.0,9.9,59.0,6.0
2025-12-01 04:00:00,2025,12,1,4,An Giang,Xã Giồng Riềng,9.9237413,105.2736878,67,Moderate,1,23.2,96,0.0,4.8,315,1010.2,0,15.6,15.8,356.0,10.4,58.0,6.3
2025-12-01 05:00:00,2025,12,1,5,An Giang,Xã Giồng Riềng,9.9237413,105.2736878,66,Moderate,1,23.0,96,0.0,4.6,312,1010.6,2,16.1,16.4,361.0,11.6,52.0,7.2
2025-12-01 06:00:00,2025,12,1,6,An Giang,Xã Giồng Riềng,9.9237413,105.2736878,64,Moderate,1,22.9,95,0.0,4.0,302,1010.9,5,18.0,18.2,372.0,13.0,46.0,8.4
2025-12-01 07:00:00,2025,12,1,7,An Giang,Xã Giồng Riềng,9.9237413,105.2736878,63,Moderate,1,24.6,89,0.0,3.8,315,1011.5,0,24.4,25.0,370.0,15.6,46.0,9.8
2025-12-01 08:00:00,2025,12,1,8,An Giang,Xã Giồng Riềng,9.9237413,105.2736878,63,Moderate,1,27.2,80,0.0,1.7,288,1012.2,0,11.9,12.2,343.0,11.8,68.0,10.2
2025-12-01 09:00:00,2025,12,1,9,An Giang,Xã Giồng Riềng,9.9237413,105.2736878,62,Moderate,1,29.1,69,0.0,2.2,279,1012.5,0,8.7,8.9,304.0,6.7,99.0,10.8
2025-12-01 10:00:00,2025,12,1,10,An Giang,Xã Giồng Riềng,9.9237413,105.2736878,61,Moderate,1,30.4,63,0.0,1.5,249,1012.2,23,8.5,8.6,273.0,2.8,123.0,10.9
2025-12-01 11:00:00,2025,12,1,11,An Giang,Xã Giồng Riềng,9.9237413,105.2736878,60,Moderate,1,31.3,58,0.0,1.0,211,1011.4,27,8.7,8.8,258.0,1.5,133.0,10.3
2025-12-01 12:00:00,2025,12,1,12,An Giang,Xã Giồng Riềng,9.9237413,105.2736878,59,Moderate,1,31.8,56,0.0,1.5,225,1010.2,38,9.3,9.5,251.0,1.6,136.0,9.2
2025-12-01 13:00:00,2025,12,1,13,An Giang,Xã Giồng Riềng,9.9237413,105.2736878,58,Moderate,1,32.0,54,0.0,3.7,227,1009.4,19,9.7,9.8,247.0,1.8,135.0,8.3
2025-12-01 14:00:00,2025,12,1,14,An Giang,Xã Giồng Riềng,9.9237413,105.2736878,58,Moderate,1,30.6,61,0.3,11.2,254,1008.4,55,9.7,9.8,241.0,1.8,132.0,7.7
2025-12-01 15:00:00,2025,12,1,15,An Giang,Xã Giồng Riềng,9.9237413,105.2736878,57,Moderate,1,29.5,69,0.1,11.9,255,1008.0,73,9.3,9.4,238.0,2.0,126.0,7.2
2025-12-01 16:00:00,2025,12,1,16,An Giang,Xã Giồng Riềng,9.9237413,105.2736878,69,Moderate,1,29.5,68,0.0,9.5,249,1008.0,55,8.7,8.8,243.0,2.7,117.0,7.0
2025-12-01 17:00:00,2025,12,1,17,An Giang,Xã Giồng Riềng,9.9237413,105.2736878,79,Moderate,1,28.5,73,0.0,8.2,237,1008.3,61,9.9,10.1,263.0,4.2,105.0,7.1
2025-12-01 18:00:00,2025,12,1,18,An Giang,Xã Giồng Riềng,9.9237413,105.2736878,81,Moderate,1,27.1,81,0.0,4.0,231,1008.8,90,11.2,11.3,290.0,6.3,91.0,7.3
2025-12-01 19:00:00,2025,12,1,19,An Giang,Xã Giồng Riềng,9.9237413,105.2736878,74,Moderate,1,26.3,88,0.0,5.5,229,1009.2,17,15.8,16.3,310.0,8.6,77.0,7.8
2025-12-01 20:00:00,2025,12,1,20,An Giang,Xã Giồng Riềng,9.9237413,105.2736878,62,Moderate,1,26.0,89,0.0,7.3,232,1009.8,2,14.7,15.0,315.0,8.6,75.0,7.9
2025-12-01 21:00:00,2025,12,1,21,An Giang,Xã Giồng Riềng,9.9237413,105.2736878,53,Moderate,1,25.5,90,0.0,5.6,230,1010.1,47,14.6,14.9,312.0,8.7,73.0,7.9
2025-12-01 22:00:00,2025,12,1,22,An Giang,Xã Giồng Riềng,9.9237413,105.2736878,53,Moderate,1,25.1,91,0.0,6.1,223,1010.3,80,15.5,15.8,307.0,8.7,71.0,7.8
2025-12-01 23:00:00,2025,12,1,23,An Giang,Xã Giồng Riềng,9.9237413,105.2736878,53,Moderate,1,24.6,92,0.0,4.9,231,1010.6,66,16.1,16.4,301.0,8.7,69.0,7.3
2025-12-02 00:00:00,2025,12,2,0,An Giang,Xã Giồng Riềng,9.9237413,105.2736878,53,Moderate,1,24.3,93,0.0,5.0,232,1010.8,98,15.9,16.2,292.0,8.7,67.0,6.6
2025-12-02 01:00:00,2025,12,2,1,An Giang,Xã Giồng Riềng,9.9237413,105.2736878,53,Moderate,1,24.5,94,0.0,6.6,225,1010.3,100,15.6,15.9,283.0,8.6,66.0,6.0
2025-12-02 02:00:00,2025,12,2,2,An Giang,Xã Giồng Riềng,9.9237413,105.2736878,53,Moderate,1,24.4,94,0.0,5.2,226,1009.6,98,15.1,15.4,271.0,8.2,66.0,5.5
2025-12-02 03:00:00,2025,12,2,3,An Giang,Xã Giồng Riềng,9.9237413,105.2736878,53,Moderate,1,24.1,96,0.0,6.1,236,1008.8,99,14.3,14.7,259.0,7.7,67.0,5.1
2025-12-02 04:00:00,2025,12,2,4,An Giang,Xã Giồng Riềng,9.9237413,105.2736878,53,Moderate,1,24.1,96,0.0,6.0,241,1009.0,71,13.8,14.3,256.0,7.6,67.0,5.0
2025-12-02 05:00:00,2025,12,2,5,An Giang,Xã Giồng Riềng,9.9237413,105.2736878,52,Moderate,1,24.0,96,0.0,5.6,228,1009.4,3,14.5,15.0,273.0,8.8,61.0,5.7
2025-12-02 06:00:00,2025,12,2,6,An Giang,Xã Giồng Riềng,9.9237413,105.2736878,52,Moderate,1,23.7,96,0.0,4.4,218,1010.3,5,17.6,18.5,300.0,10.5,54.0,6.7
2025-12-02 07:00:00,2025,12,2,7,An Giang,Xã Giồng Riềng,9.9237413,105.2736878,52,Moderate,1,25.9,88,0.0,5.8,248,1010.9,0,20.6,21.9,312.0,10.3,57.0,7.3
2025-12-02 08:00:00,2025,12,2,8,An Giang,Xã Giồng Riềng,9.9237413,105.2736878,52,Moderate,1,28.4,77,0.0,5.4,268,1011.9,0,13.1,13.8,296.0,8.1,72.0,7.2
2025-12-02 09:00:00,2025,12,2,9,An Giang,Xã Giồng Riềng,9.9237413,105.2736878,52,Moderate,1,29.9,68,0.0,3.8,289,1012.5,7,13.1,13.7,265.0,5.2,92.0,7.0
2025-12-02 10:00:00,2025,12,2,10,An Giang,Xã Giồng Riềng,9.9237413,105.2736878,52,Moderate,1,30.9,64,0.0,1.8,281,1012.1,7,14.2,14.8,243.0,3.0,108.0,7.0
2025-12-02 11:00:00,2025,12,2,11,An Giang,Xã Giồng Riềng,9.9237413,105.2736878,53,Moderate,1,31.6,62,0.0,1.4,220,1011.4,13,15.7,16.2,239.0,2.4,117.0,7.5
2025-12-02 12:00:00,2025,12,2,12,An Giang,Xã Giồng Riềng,9.9237413,105.2736878,54,Moderate,1,31.8,60,0.2,1.8,204,1010.2,25,17.7,18.2,243.0,2.7,121.0,8.3
2025-12-02 13:00:00,2025,12,2,13,An Giang,Xã Giồng Riềng,9.9237413,105.2736878,54,Moderate,1,31.4,63,0.0,2.8,230,1009.5,47,21.4,21.9,246.0,3.1,121.0,8.6
2025-12-02 14:00:00,2025,12,2,14,An Giang,Xã Giồng Riềng,9.9237413,105.2736878,55,Moderate,1,31.4,62,0.0,2.8,220,1008.4,64,21.4,21.8,240.0,3.2,115.0,8.0
2025-12-02 15:00:00,2025,12,2,15,An Giang,Xã Giồng Riềng,9.9237413,105.2736878,56,Moderate,1,29.8,67,0.6,10.4,231,1008.0,91,19.6,20.0,232.0,3.5,105.0,7.0
2025-12-02 16:00:00,2025,12,2,16,An Giang,Xã Giồng Riềng,9.9237413,105.2736878,57,Moderate,1,27.9,77,0.3,10.0,214,1008.1,80,16.8,17.1,234.0,4.5,94.0,6.6
2025-12-02 17:00:00,2025,12,2,17,An Giang,Xã Giồng Riềng,9.9237413,105.2736878,58,Moderate,1,27.9,77,0.0,3.8,191,1008.8,79,15.5,15.8,250.0,6.8,81.0,7.1
2025-12-02 18:00:00,2025,12,2,18,An Giang,Xã Giồng Riềng,9.9237413,105.2736878,58,Moderate,1,25.2,92,1.9,9.5,89,1010.1,83,18.6,18.9,275.0,9.9,67.0,8.2
2025-12-02 19:00:00,2025,12,2,19,An Giang,Xã Giồng Riềng,9.9237413,105.2736878,59,Moderate,1,26.4,93,0.3,5.1,153,1009.9,31,24.3,24.7,305.0,11.4,61.0,7.8
2025-12-02 20:00:00,2025,12,2,20,An Giang,Xã Giồng Riềng,9.9237413,105.2736878,60,Moderate,1,26.4,94,0.0,3.3,167,1010.6,45,25.0,25.4,343.0,11.1,59.0,7.9
2025-12-02 21:00:00,2025,12,2,21,An Giang,Xã Giồng Riềng,9.9237413,105.2736878,61,Moderate,1,26.1,94,0.0,2.0,225,1011.1,68,23.1,23.3,386.0,10.8,56.0,8.0
2025-12-02 22:00:00,2025,12,2,22,An Giang,Xã Giồng Riềng,9.9237413,105.2736878,62,Moderate,1,25.7,96,0.0,8.9,52,1011.6,66,17.8,18.0,416.0,11.3,52.0,7.9
2025-12-02 23:00:00,2025,12,2,23,An Giang,Xã Giồng Riềng,9.9237413,105.2736878,62,Moderate,1,24.4,94,0.2,7.0,80,1011.2,41,19.0,19.1,423.0,13.0,45.0,7.7
2025-12-03 00:00:00,2025,12,3,0,An Giang,Xã Giồng Riềng,9.9237413,105.2736878,62,Moderate,1,23.9,98,0.1,1.9,151,1011.4,81,24.9,25.0,418.0,15.5,37.0,7.3
2025-12-03 01:00:00,2025,12,3,1,An Giang,Xã Giồng Riềng,9.9237413,105.2736878,63,Moderate,1,24.2,98,0.0,2.3,72,1010.5,82,31.4,31.7,411.0,18.0,29.0,6.5
2025-12-03 02:00:00,2025,12,3,2,An Giang,Xã Giồng Riềng,9.9237413,105.2736878,64,Moderate,1,24.2,99,0.0,1.7,103,1010.1,93,48.2,48.3,405.0,20.8,23.0,4.9
2025-12-03 03:00:00,2025,12,3,3,An Giang,Xã Giồng Riềng,9.9237413,105.2736878,67,Moderate,1,24.2,99,0.1,1.8,66,1009.8,100,61.0,61.2,398.0,23.6,17.0,3.0
2025-12-03 04:00:00,2025,12,3,4,An Giang,Xã Giồng Riềng,9.9237413,105.2736878,71,Moderate,1,24.3,98,0.0,2.8,105,1010.0,49,64.7,65.0,398.0,25.1,14.0,1.8
2025-12-03 05:00:00,2025,12,3,5,An Giang,Xã Giồng Riềng,9.9237413,105.2736878,76,Moderate,1,24.1,98,0.0,2.9,101,1010.5,63,70.1,70.1,416.0,24.7,11.0,1.6
2025-12-03 06:00:00,2025,12,3,6,An Giang,Xã Giồng Riềng,9.9237413,105.2736878,81,Moderate,1,24.2,98,0.0,3.3,96,1011.2,100,79.9,80.1,441.0,23.0,9.0,2.1
2025-12-03 07:00:00,2025,12,3,7,An Giang,Xã Giồng Riềng,9.9237413,105.2736878,86,Moderate,1,25.5,96,0.0,3.9,137,1011.4,32,68.0,68.2,441.0,18.5,22.0,6.4
2025-12-03 08:00:00,2025,12,3,8,An Giang,Xã Giồng Riềng,9.9237413,105.2736878,90,Moderate,1,27.5,86,0.0,1.9,151,1012.4,21,51.3,51.6,394.0,15.1,47.0,9.1
2025-12-03 09:00:00,2025,12,3,9,An Giang,Xã Giồng Riềng,9.9237413,105.2736878,94,Moderate,1,29.1,79,0.1,0.5,45,1012.9,25,35.5,36.0,323.0,10.5,81.0,12.8
2025-12-03 10:00:00,2025,12,3,10,An Giang,Xã Giồng Riềng,9.9237413,105.2736878,96,Moderate,1,30.1,74,0.3,1.5,60,1013.0,21,29.2,29.7,269.0,6.6,110.0,15.1
2025-12-03 11:00:00,2025,12,3,11,An Giang,Xã Giồng Riềng,9.9237413,105.2736878,97,Moderate,1,30.9,70,0.3,2.2,48,1012.2,31,29.9,30.3,251.0,4.3,129.0,14.7
2025-12-03 12:00:00,2025,12,3,12,An Giang,Xã Giồng Riềng,9.9237413,105.2736878,98,Moderate,1,31.5,63,0.1,4.8,27,1011.0,80,31.7,31.9,250.0,2.9,143.0,12.8
2025-12-03 13:00:00,2025,12,3,13,An Giang,Xã Giồng Riềng,9.9237413,105.2736878,100,Moderate,1,32.2,58,0.4,5.1,337,1009.4,100,31.1,31.2,254.0,2.2,149.0,11.2
2025-12-03 14:00:00,2025,12,3,14,An Giang,Xã Giồng Riềng,9.9237413,105.2736878,101,Unhealthy for Sensitive Groups,2,27.5,80,0.9,11.7,313,1009.7,66,31.1,31.2,259.0,2.4,145.0,10.2
2025-12-03 15:00:00,2025,12,3,15,An Giang,Xã Giồng Riềng,9.9237413,105.2736878,102,Unhealthy for Sensitive Groups,2,28.9,71,0.3,4.0,249,1008.9,84,31.1,31.2,268.0,3.3,135.0,9.4
2025-12-03 16:00:00,2025,12,3,16,An Giang,Xã Giồng Riềng,9.9237413,105.2736878,103,Unhealthy for Sensitive Groups,2,28.4,75,0.1,4.5,209,1008.6,98,33.3,33.6,281.0,4.8,121.0,8.9
2025-12-03 17:00:00,2025,12,3,17,An Giang,Xã Giồng Riềng,9.9237413,105.2736878,105,Unhealthy for Sensitive Groups,2,27.7,79,0.0,5.8,171,1009.1,63,31.1,31.3,299.0,7.3,104.0,8.8
2025-12-03 18:00:00,2025,12,3,18,An Giang,Xã Giồng Riềng,9.9237413,105.2736878,106,Unhealthy for Sensitive Groups,2,26.5,86,0.0,5.1,186,1009.8,39,31.2,31.3,320.0,10.3,85.0,9.1
2025-12-03 19:00:00,2025,12,3,19,An Giang,Xã Giồng Riềng,9.9237413,105.2736878,107,Unhealthy for Sensitive Groups,2,25.5,93,5.7,3.9,13,1010.9,100,32.5,32.8,335.0,13.4,64.0,10.2
2025-12-03 20:00:00,2025,12,3,20,An Giang,Xã Giồng Riềng,9.9237413,105.2736878,108,Unhealthy for Sensitive Groups,2,24.9,95,1.5,9.6,49,1011.6,100,31.9,32.0,338.0,13.6,64.0,11.1
2025-12-03 21:00:00,2025,12,3,21,An Giang,Xã Giồng Riềng,9.9237413,105.2736878,109,Unhealthy for Sensitive Groups,2,24.0,98,1.0,5.1,350,1012.3,100,32.5,32.6,335.0,13.8,64.0,12.4
2025-12-03 22:00:00,2025,12,3,22,An Giang,Xã Giồng Riềng,9.9237413,105.2736878,110,Unhealthy for Sensitive Groups,2,23.9,97,1.3,4.5,83,1012.4,98,32.9,33.1,335.0,14.3,62.0,13.4
2025-12-03 23:00:00,2025,12,3,23,An Giang,Xã Giồng Riềng,9.9237413,105.2736878,112,Unhealthy for Sensitive Groups,2,23.6,98,0.1,6.4,243,1012.4,91,38.9,38.9,344.0,15.6,58.0,14.1
2025-12-04 00:00:00,2025,12,4,0,An Giang,Xã Giồng Riềng,9.9237413,105.2736878,114,Unhealthy for Sensitive Groups,2,23.4,98,0.0,2.9,227,1012.1,65,41.6,41.6,356.0,17.1,53.0,14.6
2025-12-04 01:00:00,2025,12,4,1,An Giang,Xã Giồng Riềng,9.9237413,105.2736878,115,Unhealthy for Sensitive Groups,2,23.8,99,0.0,3.4,328,1011.1,49,36.1,36.2,359.0,17.3,49.0,14.1
2025-12-04 02:00:00,2025,12,4,2,An Giang,Xã Giồng Riềng,9.9237413,105.2736878,116,Unhealthy for Sensitive Groups,2,23.9,98,0.0,3.6,357,1010.4,70,24.0,24.1,346.0,15.0,48.0,11.8
2025-12-04 03:00:00,2025,12,4,3,An Giang,Xã Giồng Riềng,9.9237413,105.2736878,113,Unhealthy for Sensitive Groups,2,23.8,99,0.0,7.6,1,1009.9,99,18.0,18.2,323.0,11.5,48.0,8.5
2025-12-04 04:00:00,2025,12,4,4,An Giang,Xã Giồng Riềng,9.9237413,105.2736878,109,Unhealthy for Sensitive Groups,2,24.0,98,0.0,9.4,353,1009.6,93,15.4,15.5,304.0,8.9,48.0,6.3
2025-12-04 05:00:00,2025,12,4,5,An Giang,Xã Giồng Riềng,9.9237413,105.2736878,104,Unhealthy for Sensitive Groups,2,23.3,95,0.0,10.5,4,1009.8,23,14.3,14.4,292.0,8.4,46.0,6.1
2025-12-04 06:00:00,2025,12,4,6,An Giang,Xã Giồng Riềng,9.9237413,105.2736878,98,Moderate,1,23.2,94,0.0,10.6,34,1010.4,50,13.8,13.9,283.0,8.9,45.0,7.0
2025-12-04 07:00:00,2025,12,4,7,An Giang,Xã Giồng Riềng,9.9237413,105.2736878,92,Moderate,1,24.6,92,0.0,10.8,21,1011.1,66,12.7,12.8,274.0,8.6,47.0,7.2
2025-12-04 08:00:00,2025,12,4,8,An Giang,Xã Giồng Riềng,9.9237413,105.2736878,88,Moderate,1,25.9,88,0.1,12.3,31,1012.1,76,13.1,13.2,264.0,7.9,51.0,7.3
2025-12-04 09:00:00,2025,12,4,9,An Giang,Xã Giồng Riềng,9.9237413,105.2736878,84,Moderate,1,27.3,81,0.1,14.0,54,1012.6,55,11.7,11.7,254.0,6.9,57.0,7.5
2025-12-04 10:00:00,2025,12,4,10,An Giang,Xã Giồng Riềng,9.9237413,105.2736878,82,Moderate,1,28.4,77,0.1,15.0,80,1012.6,37,12.9,12.9,243.0,6.0,67.0,7.8
2025-12-04 11:00:00,2025,12,4,11,An Giang,Xã Giồng Riềng,9.9237413,105.2736878,81,Moderate,1,29.2,74,0.1,17.7,96,1011.7,100,14.4,14.4,229.0,5.2,86.0,8.3
2025-12-04 12:00:00,2025,12,4,12,An Giang,Xã Giồng Riềng,9.9237413,105.2736878,79,Moderate,1,28.4,76,3.0,17.1,88,1011.0,100,17.7,17.8,214.0,4.4,110.0,8.9
2025-12-04 13:00:00,2025,12,4,13,An Giang,Xã Giồng Riềng,9.9237413,105.2736878,78,Moderate,1,28.3,75,5.0,16.0,107,1010.7,76,19.3,19.4,203.0,4.1,123.0,9.2
2025-12-04 14:00:00,2025,12,4,14,An Giang,Xã Giồng Riềng,9.9237413,105.2736878,77,Moderate,1,29.1,70,0.1,16.6,113,1009.9,75,21.4,21.4,199.0,4.3,118.0,8.6
2025-12-04 15:00:00,2025,12,4,15,An Giang,Xã Giồng Riềng,9.9237413,105.2736878,76,Moderate,1,27.2,76,0.7,17.8,114,1009.6,89,18.3,18.3,199.0,4.9,102.0,7.7
2025-12-04 16:00:00,2025,12,4,16,An Giang,Xã Giồng Riềng,9.9237413,105.2736878,75,Moderate,1,26.5,85,1.6,8.5,85,1009.5,46,15.9,16.0,202.0,6.0,87.0,7.3
2025-12-04 17:00:00,2025,12,4,17,An Giang,Xã Giồng Riềng,9.9237413,105.2736878,73,Moderate,1,26.8,84,0.1,7.8,113,1010.2,54,16.1,16.2,209.0,7.9,76.0,8.0
2025-12-04 18:00:00,2025,12,4,18,An Giang,Xã Giồng Riềng,9.9237413,105.2736878,72,Moderate,1,25.7,87,0.1,9.2,101,1010.9,31,18.2,18.3,219.0,10.3,65.0,9.2
2025-12-04 19:00:00,2025,12,4,19,An Giang,Xã Giồng Riềng,9.9237413,105.2736878,71,Moderate,1,25.2,90,0.1,7.3,132,1011.2,21,13.9,14.4,229.0,10.2,61.0,9.4
2025-12-04 20:00:00,2025,12,4,20,An Giang,Xã Giồng Riềng,9.9237413,105.2736878,69,Moderate,1,25.3,90,0.0,7.5,123,1012.5,43,14.7,15.2,239.0,11.4,55.0,9.9
2025-12-04 21:00:00,2025,12,4,21,An Giang,Xã Giồng Riềng,9.9237413,105.2736878,68,Moderate,1,25.0,91,0.0,7.5,105,1013.1,6,16.1,17.1,248.0,13.0,46.0,10.7
2025-12-04 22:00:00,2025,12,4,22,An Giang,Xã Giồng Riềng,9.9237413,105.2736878,66,Moderate,1,24.9,93,0.0,7.1,100,1013.0,3,16.9,18.1,252.0,14.1,40.0,11.0
2025-12-04 23:00:00,2025,12,4,23,An Giang,Xã Giồng Riềng,9.9237413,105.2736878,65,Moderate,1,24.5,95,0.0,6.3,88,1013.4,2,16.0,17.5,245.0,13.9,38.0,10.4
2025-12-05 00:00:00,2025,12,5,0,An Giang,Xã Giồng Riềng,9.9237413,105.2736878,63,Moderate,1,24.1,96,0.0,5.8,81,1013.3,42,15.4,17.1,232.0,13.2,39.0,9.5
2025-12-05 01:00:00,2025,12,5,1,An Giang,Xã Giồng Riềng,9.9237413,105.2736878,60,Moderate,1,24.2,96,0.0,6.0,87,1012.9,82,16.4,18.2,222.0,13.6,38.0,9.0
2025-12-05 02:00:00,2025,12,5,2,An Giang,Xã Giồng Riềng,9.9237413,105.2736878,59,Moderate,1,24.5,93,0.0,8.3,94,1012.2,61,19.3,21.1,216.0,16.7,33.0,9.5
2025-12-05 03:00:00,2025,12,5,3,An Giang,Xã Giồng Riềng,9.9237413,105.2736878,58,Moderate,1,24.5,91,0.0,10.8,100,1011.7,14,24.7,26.7,213.0,20.9,26.0,10.5
2025-12-05 04:00:00,2025,12,5,4,An Giang,Xã Giồng Riềng,9.9237413,105.2736878,59,Moderate,1,24.4,91,0.0,10.8,91,1011.5,45,31.1,33.1,220.0,23.5,22.0,11.6
2025-12-05 05:00:00,2025,12,5,5,An Giang,Xã Giồng Riềng,9.9237413,105.2736878,60,Moderate,1,23.9,94,0.0,7.3,74,1011.8,59,35.0,36.9,251.0,23.5,21.0,13.1
2025-12-05 06:00:00,2025,12,5,6,An Giang,Xã Giồng Riềng,9.9237413,105.2736878,62,Moderate,1,23.4,96,0.0,7.3,52,1012.3,14,34.2,36.0,293.0,21.9,23.0,14.8
2025-12-05 07:00:00,2025,12,5,7,An Giang,Xã Giồng Riềng,9.9237413,105.2736878,64,Moderate,1,24.7,94,0.0,9.2,45,1013.0,27,43.3,46.0,314.0,20.2,24.0,15.5
2025-12-05 08:00:00,2025,12,5,8,An Giang,Xã Giồng Riềng,9.9237413,105.2736878,67,Moderate,1,26.8,83,0.0,12.5,55,1014.2,5,34.9,38.4,292.0,16.6,41.0,15.9
2025-12-05 09:00:00,2025,12,5,9,An Giang,Xã Giồng Riềng,9.9237413,105.2736878,69,Moderate,1,27.9,77,0.2,14.8,56,1014.7,39,27.7,31.9,249.0,11.6,64.0,16.3
2025-12-05 10:00:00,2025,12,5,10,An Giang,Xã Giồng Riềng,9.9237413,105.2736878,70,Moderate,1,28.9,72,0.2,13.7,55,1014.2,19,23.4,26.8,216.0,7.5,86.0,16.0
2025-12-05 11:00:00,2025,12,5,11,An Giang,Xã Giồng Riềng,9.9237413,105.2736878,71,Moderate,1,29.6,68,0.1,13.1,58,1013.8,21,20.7,21.8,208.0,5.0,103.0,14.3
2025-12-05 12:00:00,2025,12,5,12,An Giang,Xã Giồng Riềng,9.9237413,105.2736878,72,Moderate,1,30.0,67,0.1,11.3,59,1013.1,31,20.4,21.4,210.0,3.4,119.0,11.9
2025-12-05 13:00:00,2025,12,5,13,An Giang,Xã Giồng Riềng,9.9237413,105.2736878,72,Moderate,1,30.4,63,0.0,12.2,68,1011.8,8,20.5,21.5,213.0,2.4,130.0,10.1
2025-12-05 14:00:00,2025,12,5,14,An Giang,Xã Giồng Riềng,9.9237413,105.2736878,72,Moderate,1,30.8,58,0.0,12.3,85,1010.9,9,21.1,22.2,210.0,1.9,137.0,9.6
2025-12-05 15:00:00,2025,12,5,15,An Giang,Xã Giồng Riềng,9.9237413,105.2736878,72,Moderate,1,30.5,60,0.0,12.1,85,1010.1,7,21.3,22.2,207.0,2.0,139.0,9.7
2025-12-05 16:00:00,2025,12,5,16,An Giang,Xã Giồng Riềng,9.9237413,105.2736878,72,Moderate,1,29.8,63,0.0,10.7,81,1010.0,7,21.1,22.0,214.0,3.1,135.0,10.0
2025-12-05 17:00:00,2025,12,5,17,An Giang,Xã Giồng Riềng,9.9237413,105.2736878,73,Moderate,1,28.8,70,0.0,5.7,79,1010.2,9,21.7,22.3,242.0,5.8,120.0,10.5
2025-12-05 18:00:00,2025,12,5,18,An Giang,Xã Giồng Riềng,9.9237413,105.2736878,73,Moderate,1,26.9,78,0.0,5.2,86,1011.3,9,25.6,26.0,280.0,9.3,97.0,11.3
2025-12-05 19:00:00,2025,12,5,19,An Giang,Xã Giồng Riềng,9.9237413,105.2736878,75,Moderate,1,26.0,80,0.0,6.9,15,1011.9,34,37.1,37.7,300.0,18.5,76.0,16.8
2025-12-05 20:00:00,2025,12,5,20,An Giang,Xã Giồng Riềng,9.9237413,105.2736878,76,Moderate,1,25.2,87,0.0,2.7,70,1012.8,72,37.6,38.1,282.0,18.2,72.0,16.8
2025-12-05 21:00:00,2025,12,5,21,An Giang,Xã Giồng Riềng,9.9237413,105.2736878,78,Moderate,1,24.8,87,0.3,9.2,45,1013.7,91,35.9,36.3,247.0,17.9,67.0,16.7
2025-12-05 22:00:00,2025,12,5,22,An Giang,Xã Giồng Riềng,9.9237413,105.2736878,80,Moderate,1,24.5,89,0.2,4.5,104,1013.4,100,37.0,37.6,226.0,18.0,61.0,16.5
2025-12-05 23:00:00,2025,12,5,23,An Giang,Xã Giồng Riềng,9.9237413,105.2736878,81,Moderate,1,24.5,91,0.0,6.3,97,1013.1,100,40.0,41.0,236.0,18.6,56.0,16.1
2025-12-06 00:00:00,2025,12,6,0,An Giang,Xã Giồng Riềng,9.9237413,105.2736878,83,Moderate,1,24.0,94,0.0,3.8,95,1012.9,100,39.8,40.9,261.0,19.5,50.0,15.6
2025-12-06 01:00:00,2025,12,6,1,An Giang,Xã Giồng Riềng,9.9237413,105.2736878,86,Moderate,1,24.0,96,0.0,5.6,68,1012.6,99,42.3,43.5,286.0,21.1,44.0,15.0
2025-12-06 02:00:00,2025,12,6,2,An Giang,Xã Giồng Riềng,9.9237413,105.2736878,88,Moderate,1,23.9,96,0.0,5.0,71,1012.0,99,48.4,49.8,308.0,24.1,36.0,14.4
2025-12-06 03:00:00,2025,12,6,3,An Giang,Xã Giồng Riềng,9.9237413,105.2736878,90,Moderate,1,23.5,98,0.0,4.8,63,1011.8,100,54.5,55.9,330.0,27.7,28.0,13.8
2025-12-06 04:00:00,2025,12,6,4,An Giang,Xã Giồng Riềng,9.9237413,105.2736878,93,Moderate,1,23.2,98,0.0,5.1,58,1011.7,100,66.1,66.8,347.0,29.5,23.0,13.4
2025-12-06 05:00:00,2025,12,6,5,An Giang,Xã Giồng Riềng,9.9237413,105.2736878,96,Moderate,1,23.0,99,0.0,5.3,35,1012.1,100,67.5,68.2,362.0,28.1,20.0,13.3
2025-12-06 06:00:00,2025,12,6,6,An Giang,Xã Giồng Riềng,9.9237413,105.2736878,99,Moderate,1,23.0,99,0.0,7.1,19,1012.5,100,63.6,64.3,373.0,24.9,20.0,13.6
2025-12-06 07:00:00,2025,12,6,7,An Giang,Xã Giồng Riềng,9.9237413,105.2736878,102,Unhealthy for Sensitive Groups,2,24.1,96,0.0,7.6,14,1012.9,69,43.1,45.2,368.0,22.8,30.0,16.2
2025-12-06 08:00:00,2025,12,6,8,An Giang,Xã Giồng Riềng,9.9237413,105.2736878,102,Unhealthy for Sensitive Groups,2,25.9,80,0.0,9.9,21,1013.9,76,33.4,36.6,332.0,19.5,45.0,16.6
2025-12-06 09:00:00,2025,12,6,9,An Giang,Xã Giồng Riềng,9.9237413,105.2736878,102,Unhealthy for Sensitive Groups,2,27.1,72,0.0,9.1,34,1014.3,27,25.2,28.4,281.0,14.8,67.0,17.1
2025-12-06 10:00:00,2025,12,6,10,An Giang,Xã Giồng Riềng,9.9237413,105.2736878,102,Unhealthy for Sensitive Groups,2,28.2,70,0.0,9.7,56,1014.0,75,21.8,24.0,244.0,10.7,88.0,17.0
2025-12-06 11:00:00,2025,12,6,11,An Giang,Xã Giồng Riềng,9.9237413,105.2736878,101,Unhealthy for Sensitive Groups,2,29.0,66,0.0,9.5,53,1013.5,38,21.9,22.9,239.0,7.6,109.0,15.9
2025-12-06 12:00:00,2025,12,6,12,An Giang,Xã Giồng Riềng,9.9237413,105.2736878,102,Unhealthy for Sensitive Groups,2,29.9,62,0.0,8.7,45,1012.4,34,23.0,23.9,248.0,5.1,131.0,14.3
2025-12-06 13:00:00,2025,12,6,13,An Giang,Xã Giồng Riềng,9.9237413,105.2736878,102,Unhealthy for Sensitive Groups,2,30.0,62,0.0,10.6,28,1011.2,87,24.1,24.9,255.0,3.4,146.0,13.0
2025-12-06 14:00:00,2025,12,6,14,An Giang,Xã Giồng Riềng,9.9237413,105.2736878,102,Unhealthy for Sensitive Groups,2,30.0,60,0.0,9.5,32,1010.6,23,27.4,28.3,249.0,2.6,154.0,12.1
2025-12-06 15:00:00,2025,12,6,15,An Giang,Xã Giồng Riềng,9.9237413,105.2736878,103,Unhealthy for Sensitive Groups,2,29.8,60,0.0,9.2,39,1010.3,24,24.9,25.5,240.0,2.6,156.0,11.6
2025-12-06 16:00:00,2025,12,6,16,An Giang,Xã Giồng Riềng,9.9237413,105.2736878,103,Unhealthy for Sensitive Groups,2,29.2,62,0.0,9.4,60,1010.1,93,24.3,25.0,243.0,4.1,150.0,11.8
2025-12-06 17:00:00,2025,12,6,17,An Giang,Xã Giồng Riềng,9.9237413,105.2736878,104,Unhealthy for Sensitive Groups,2,28.2,69,0.0,6.7,76,1010.4,71,26.1,26.6,263.0,8.2,133.0,13.4
2025-12-06 18:00:00,2025,12,6,18,An Giang,Xã Giồng Riềng,9.9237413,105.2736878,104,Unhealthy for Sensitive Groups,2,26.6,75,0.0,7.4,137,1010.8,70,32.2,32.7,295.0,13.8,109.0,15.8
2025-12-06 19:00:00,2025,12,6,19,An Giang,Xã Giồng Riềng,9.9237413,105.2736878,105,Unhealthy for Sensitive Groups,2,25.4,89,0.0,6.0,177,1011.6,36,37.3,38.0,334.0,17.9,75.0,15.3
2025-12-06 20:00:00,2025,12,6,20,An Giang,Xã Giồng Riềng,9.9237413,105.2736878,105,Unhealthy for Sensitive Groups,2,25.4,89,0.0,4.7,178,1012.8,97,45.3,45.9,391.0,22.3,65.0,18.4
2025-12-06 21:00:00,2025,12,6,21,An Giang,Xã Giồng Riềng,9.9237413,105.2736878,106,Unhealthy for Sensitive Groups,2,25.5,90,0.0,2.0,207,1013.3,86,54.5,54.9,456.0,28.3,51.0,22.6
2025-12-06 22:00:00,2025,12,6,22,An Giang,Xã Giồng Riềng,9.9237413,105.2736878,107,Unhealthy for Sensitive Groups,2,25.0,90,0.0,4.1,178,1013.0,48,62.9,63.6,491.0,32.3,40.0,25.0
2025-12-06 23:00:00,2025,12,6,23,An Giang,Xã Giồng Riềng,9.9237413,105.2736878,110,Unhealthy for Sensitive Groups,2,24.3,91,0.0,6.3,143,1012.8,76,63.8,65.2,475.0,32.3,36.0,24.1
2025-12-07 00:00:00,2025,12,7,0,An Giang,Xã Giồng Riềng,9.9237413,105.2736878,113,Unhealthy for Sensitive Groups,2,23.4,94,0.0,3.7,151,1012.6,87,61.2,63.3,429.0,30.2,35.0,21.5
2025-12-07 01:00:00,2025,12,7,1,An Giang,Xã Giồng Riềng,9.9237413,105.2736878,115,Unhealthy for Sensitive Groups,2,23.1,95,0.0,3.6,127,1012.3,70,57.6,60.5,387.0,28.2,34.0,18.9
2025-12-07 02:00:00,2025,12,7,2,An Giang,Xã Giồng Riềng,9.9237413,105.2736878,116,Unhealthy for Sensitive Groups,2,23.0,95,0.0,4.3,107,1011.8,73,52.5,55.4,357.0,26.8,33.0,16.7
2025-12-07 03:00:00,2025,12,7,3,An Giang,Xã Giồng Riềng,9.9237413,105.2736878,117,Unhealthy for Sensitive Groups,2,22.7,96,0.1,8.5,61,1011.7,99,49.0,52.0,330.0,25.5,32.0,14.6
2025-12-07 04:00:00,2025,12,7,4,An Giang,Xã Giồng Riềng,9.9237413,105.2736878,116,Unhealthy for Sensitive Groups,2,23.0,94,0.1,6.9,97,1011.5,99,48.9,52.0,309.0,24.5,31.0,13.5
2025-12-07 05:00:00,2025,12,7,5,An Giang,Xã Giồng Riềng,9.9237413,105.2736878,115,Unhealthy for Sensitive Groups,2,22.4,97,0.0,4.0,63,1011.7,98,50.9,53.8,295.0,24.5,27.0,14.1
2025-12-07 06:00:00,2025,12,7,6,An Giang,Xã Giồng Riềng,9.9237413,105.2736878,113,Unhealthy for Sensitive Groups,2,22.1,98,0.0,4.1,67,1012.2,87,51.5,54.1,287.0,24.7,23.0,15.6
2025-12-07 07:00:00,2025,12,7,7,An Giang,Xã Giồng Riềng,9.9237413,105.2736878,112,Unhealthy for Sensitive Groups,2,23.8,95,0.0,6.0,41,1012.7,80,53.3,56.0,280.0,23.2,32.0,16.9
2025-12-07 08:00:00,2025,12,7,8,An Giang,Xã Giồng Riềng,9.9237413,105.2736878,113,Unhealthy for Sensitive Groups,2,26.0,85,0.0,8.9,63,1013.7,80,41.2,45.1,273.0,18.2,55.0,16.7
2025-12-07 09:00:00,2025,12,7,9,An Giang,Xã Giồng Riềng,9.9237413,105.2736878,113,Unhealthy for Sensitive Groups,2,27.3,78,0.0,10.3,61,1014.0,55,31.1,35.3,267.0,11.2,86.0,16.3
2025-12-07 10:00:00,2025,12,7,10,An Giang,Xã Giồng Riềng,9.9237413,105.2736878,114,Unhealthy for Sensitive Groups,2,28.4,70,0.0,11.9,42,1013.6,47,26.5,27.9,258.0,5.7,111.0,15.3
2025-12-07 11:00:00,2025,12,7,11,An Giang,Xã Giồng Riềng,9.9237413,105.2736878,115,Unhealthy for Sensitive Groups,2,29.2,61,0.0,13.6,37,1013.0,51,25.0,26.0,243.0,3.3,122.0,13.1
2025-12-07 12:00:00,2025,12,7,12,An Giang,Xã Giồng Riềng,9.9237413,105.2736878,115,Unhealthy for Sensitive Groups,2,29.7,55,0.0,15.0,35,1012.1,55,22.4,23.2,224.0,2.4,127.0,10.2
2025-12-07 13:00:00,2025,12,7,13,An Giang,Xã Giồng Riềng,9.9237413,105.2736878,115,Unhealthy for Sensitive Groups,2,29.8,54,0.0,15.6,35,1011.5,46,19.6,20.2,212.0,2.0,128.0,8.0
2025-12-07 14:00:00,2025,12,7,14,An Giang,Xã Giồng Riềng,9.9237413,105.2736878,114,Unhealthy for Sensitive Groups,2,30.0,54,0.0,16.3,35,1010.5,61,17.5,18.0,207.0,1.6,128.0,6.9
2025-12-07 15:00:00,2025,12,7,15,An Giang,Xã Giồng Riềng,9.9237413,105.2736878,113,Unhealthy for Sensitive Groups,2,29.6,56,0.0,14.5,39,1009.9,70,16.2,16.6,209.0,1.8,125.0,6.4
2025-12-07 16:00:00,2025,12,7,16,An Giang,Xã Giồng Riềng,9.9237413,105.2736878,112,Unhealthy for Sensitive Groups,2,29.3,57,0.0,12.2,45,1010.0,18,15.7,16.1,217.0,3.0,117.0,6.6
2025-12-07 17:00:00,2025,12,7,17,An Giang,Xã Giồng Riềng,9.9237413,105.2736878,111,Unhealthy for Sensitive Groups,2,27.9,66,0.0,8.3,48,1010.2,85,17.5,17.8,235.0,6.0,102.0,7.6
2025-12-07 18:00:00,2025,12,7,18,An Giang,Xã Giồng Riềng,9.9237413,105.2736878,111,Unhealthy for Sensitive Groups,2,26.0,72,0.0,6.0,37,1010.7,100,21.9,22.2,261.0,10.1,83.0,9.3
2025-12-07 19:00:00,2025,12,7,19,An Giang,Xã Giồng Riềng,9.9237413,105.2736878,110,Unhealthy for Sensitive Groups,2,25.5,75,0.0,5.9,14,1011.4,95,23.6,23.6,287.0,15.5,62.0,11.4
2025-12-07 20:00:00,2025,12,7,20,An Giang,Xã Giồng Riềng,9.9237413,105.2736878,108,Unhealthy for Sensitive Groups,2,25.2,75,0.0,5.9,18,1012.4,100,29.5,29.5,318.0,18.5,55.0,13.5
2025-12-07 21:00:00,2025,12,7,21,An Giang,Xã Giồng Riềng,9.9237413,105.2736878,106,Unhealthy for Sensitive Groups,2,25.5,69,0.0,11.2,10,1012.2,100,37.1,37.6,350.0,22.8,45.0,16.4
2025-12-07 22:00:00,2025,12,7,22,An Giang,Xã Giồng Riềng,9.9237413,105.2736878,105,Unhealthy for Sensitive Groups,2,24.8,70,0.0,8.0,31,1012.3,100,45.1,45.8,363.0,26.5,36.0,18.4
2025-12-07 23:00:00,2025,12,7,23,An Giang,Xã Giồng Riềng,9.9237413,105.2736878,103,Unhealthy for Sensitive Groups,2,23.5,80,0.0,7.3,107,1012.5,100,50.9,52.2,339.0,28.9,30.0,18.8
2025-12-08 00:00:00,2025,12,8,0,An Giang,Xã Giồng Riềng,9.9237413,105.2736878,101,Unhealthy for Sensitive Groups,2,23.1,89,0.0,1.3,172,1012.2,100,54.5,56.1,295.0,30.8,26.0,18.4
2025-12-08 01:00:00,2025,12,8,1,An Giang,Xã Giồng Riềng,9.9237413,105.2736878,101,Unhealthy for Sensitive Groups,2,23.0,90,0.0,1.0,329,1011.9,100,58.4,60.3,266.0,32.6,22.0,17.9
2025-12-08 02:00:00,2025,12,8,2,An Giang,Xã Giồng Riềng,9.9237413,105.2736878,101,Unhealthy for Sensitive Groups,2,23.0,90,0.0,4.3,17,1011.7,100,62.4,64.5,264.0,35.3,16.0,17.3
2025-12-08 03:00:00,2025,12,8,3,An Giang,Xã Giồng Riềng,9.9237413,105.2736878,102,Unhealthy for Sensitive Groups,2,23.0,89,0.0,7.2,19,1011.3,100,66.6,69.2,276.0,38.0,10.0,16.5
2025-12-08 04:00:00,2025,12,8,4,An Giang,Xã Giồng Riềng,9.9237413,105.2736878,104,Unhealthy for Sensitive Groups,2,22.3,86,0.0,9.3,32,1011.2,96,72.6,75.0,298.0,38.1,8.0,16.0
2025-12-08 05:00:00,2025,12,8,5,An Giang,Xã Giồng Riềng,9.9237413,105.2736878,106,Unhealthy for Sensitive Groups,2,21.7,80,0.0,10.1,49,1011.7,97,68.9,70.8,341.0,34.0,11.0,16.1
2025-12-08 06:00:00,2025,12,8,6,An Giang,Xã Giồng Riềng,9.9237413,105.2736878,108,Unhealthy for Sensitive Groups,2,21.0,78,0.0,9.3,47,1012.1,100,59.4,60.5,394.0,27.4,18.0,16.4
2025-12-08 07:00:00,2025,12,8,7,An Giang,Xã Giồng Riềng,9.9237413,105.2736878,109,Unhealthy for Sensitive Groups,2,22.0,77,0.0,9.7,24,1013.3,100,41.8,42.5,414.0,16.5,36.0,13.7
2025-12-08 08:00:00,2025,12,8,8,An Giang,Xã Giồng Riềng,9.9237413,105.2736878,108,Unhealthy for Sensitive Groups,2,24.0,72,0.0,9.0,12,1014.2,100,30.9,31.5,371.0,12.9,53.0,12.6
2025-12-08 09:00:00,2025,12,8,9,An Giang,Xã Giồng Riềng,9.9237413,105.2736878,107,Unhealthy for Sensitive Groups,2,25.2,64,0.0,13.0,17,1014.7,100,23.5,24.4,296.0,7.9,76.0,11.0
2025-12-08 10:00:00,2025,12,8,10,An Giang,Xã Giồng Riềng,9.9237413,105.2736878,106,Unhealthy for Sensitive Groups,2,26.1,62,0.0,13.8,26,1014.7,100,20.3,21.5,240.0,4.1,96.0,9.8
2025-12-08 11:00:00,2025,12,8,11,An Giang,Xã Giồng Riềng,9.9237413,105.2736878,105,Unhealthy for Sensitive Groups,2,27.0,61,0.0,12.5,30,1014.1,98,19.4,20.7,225.0,2.5,110.0,9.3
2025-12-08 12:00:00,2025,12,8,12,An Giang,Xã Giồng Riềng,9.9237413,105.2736878,105,Unhealthy for Sensitive Groups,2,27.8,60,0.0,11.7,31,1013.1,85,19.3,20.7,229.0,2.1,120.0,9.1
2025-12-08 13:00:00,2025,12,8,13,An Giang,Xã Giồng Riềng,9.9237413,105.2736878,104,Unhealthy for Sensitive Groups,2,28.3,58,0.0,12.5,40,1012.3,100,19.1,20.4,233.0,2.0,127.0,9.0
2025-12-08 14:00:00,2025,12,8,14,An Giang,Xã Giồng Riềng,9.9237413,105.2736878,104,Unhealthy for Sensitive Groups,2,28.5,56,0.0,7.3,52,1011.2,100,18.9,20.2,226.0,1.8,131.0,8.8
2025-12-08 15:00:00,2025,12,8,15,An Giang,Xã Giồng Riềng,9.9237413,105.2736878,104,Unhealthy for Sensitive Groups,2,28.6,55,0.0,11.0,72,1010.5,100,19.0,20.3,219.0,2.0,132.0,8.7
2025-12-08 16:00:00,2025,12,8,16,An Giang,Xã Giồng Riềng,9.9237413,105.2736878,105,Unhealthy for Sensitive Groups,2,28.1,57,0.0,9.7,63,1010.2,100,19.5,20.7,223.0,3.2,127.0,9.0
2025-12-08 17:00:00,2025,12,8,17,An Giang,Xã Giồng Riềng,9.9237413,105.2736878,105,Unhealthy for Sensitive Groups,2,26.9,66,0.0,7.9,41,1010.5,99,21.9,22.9,242.0,6.2,113.0,10.0
2025-12-08 18:00:00,2025,12,8,18,An Giang,Xã Giồng Riềng,9.9237413,105.2736878,105,Unhealthy for Sensitive Groups,2,25.5,69,0.0,7.3,20,1010.4,95,26.1,26.8,271.0,10.1,93.0,11.3
2025-12-08 19:00:00,2025,12,8,19,An Giang,Xã Giồng Riềng,9.9237413,105.2736878,106,Unhealthy for Sensitive Groups,2,24.2,76,0.0,5.5,23,1011.2,96,32.2,32.7,308.0,15.4,72.0,14.1
2025-12-08 20:00:00,2025,12,8,20,An Giang,Xã Giồng Riềng,9.9237413,105.2736878,107,Unhealthy for Sensitive Groups,2,24.2,74,0.0,6.0,21,1011.7,91,32.4,32.8,357.0,16.0,66.0,14.2
2025-12-08 21:00:00,2025,12,8,21,An Giang,Xã Giồng Riềng,9.9237413,105.2736878,107,Unhealthy for Sensitive Groups,2,23.7,75,0.0,6.1,5,1011.9,100,30.6,31.2,414.0,16.9,58.0,14.2
2025-12-08 22:00:00,2025,12,8,22,An Giang,Xã Giồng Riềng,9.9237413,105.2736878,106,Unhealthy for Sensitive Groups,2,23.2,78,0.0,5.3,10,1011.9,100,30.7,31.3,463.0,17.6,51.0,13.9
2025-12-08 23:00:00,2025,12,8,23,An Giang,Xã Giồng Riềng,9.9237413,105.2736878,105,Unhealthy for Sensitive Groups,2,23.0,80,0.0,1.9,61,1011.6,100,31.5,32.2,501.0,18.3,44.0,12.9
2025-12-09 00:00:00,2025,12,9,0,An Giang,Xã Giồng Riềng,9.9237413,105.2736878,103,Unhealthy for Sensitive Groups,2,22.3,84,0.0,1.9,139,1011.4,99,32.2,33.1,532.0,18.8,38.0,11.5
2025-12-09 01:00:00,2025,12,9,1,An Giang,Xã Giồng Riềng,9.9237413,105.2736878,101,Unhealthy for Sensitive Groups,2,21.9,90,0.0,5.1,184,1011.1,97,30.0,30.9,545.0,18.4,34.0,10.2
2025-12-09 02:00:00,2025,12,9,2,An Giang,Xã Giồng Riềng,9.9237413,105.2736878,98,Moderate,1,21.6,93,0.0,1.5,315,1010.5,96,25.6,26.1,536.0,16.4,34.0,9.0
2025-12-09 03:00:00,2025,12,9,3,An Giang,Xã Giồng Riềng,9.9237413,105.2736878,95,Moderate,1,21.4,93,0.0,3.6,333,1010.2,100,21.5,22.1,510.0,13.6,37.0,7.9
2025-12-09 04:00:00,2025,12,9,4,An Giang,Xã Giồng Riềng,9.9237413,105.2736878,91,Moderate,1,21.0,93,0.0,4.4,351,1010.4,91,18.0,18.7,474.0,11.3,41.0,7.2
2025-12-09 05:00:00,2025,12,9,5,An Giang,Xã Giồng Riềng,9.9237413,105.2736878,86,Moderate,1,21.4,89,0.0,6.6,9,1010.8,100,15.0,15.7,423.0,10.3,44.0,7.1
2025-12-09 06:00:00,2025,12,9,6,An Giang,Xã Giồng Riềng,9.9237413,105.2736878,81,Moderate,1,21.5,87,0.0,7.5,8,1011.3,99,13.2,13.8,363.0,9.7,47.0,7.4
2025-12-09 07:00:00,2025,12,9,7,An Giang,Xã Giồng Riềng,9.9237413,105.2736878,77,Moderate,1,22.2,86,0.0,8.0,9,1012.1,99,13.9,14.6,312.0,9.9,51.0,8.0
2025-12-09 08:00:00,2025,12,9,8,An Giang,Xã Giồng Riềng,9.9237413,105.2736878,75,Moderate,1,24.5,78,0.0,8.0,9,1013.0,97,12.5,13.5,279.0,8.8,62.0,9.0
2025-12-09 09:00:00,2025,12,9,9,An Giang,Xã Giồng Riềng,9.9237413,105.2736878,73,Moderate,1,26.0,70,0.0,12.1,15,1013.4,98,11.9,13.1,256.0,7.2,78.0,10.3
2025-12-09 10:00:00,2025,12,9,10,An Giang,Xã Giồng Riềng,9.9237413,105.2736878,72,Moderate,1,27.0,67,0.0,12.5,16,1013.4,23,12.1,12.8,240.0,5.7,93.0,11.0
2025-12-09 11:00:00,2025,12,9,11,An Giang,Xã Giồng Riềng,9.9237413,105.2736878,71,Moderate,1,28.0,65,0.0,11.3,14,1012.7,13,14.0,14.6,232.0,4.4,107.0,10.5
2025-12-09 12:00:00,2025,12,9,12,An Giang,Xã Giồng Riềng,9.9237413,105.2736878,71,Moderate,1,28.6,63,0.0,11.1,20,1011.5,98,14.5,15.3,230.0,3.1,121.0,9.4
2025-12-09 13:00:00,2025,12,9,13,An Giang,Xã Giồng Riềng,9.9237413,105.2736878,70,Moderate,1,28.6,60,0.0,10.8,48,1011.3,100,13.9,14.8,229.0,2.3,130.0,8.4
2025-12-09 14:00:00,2025,12,9,14,An Giang,Xã Giồng Riềng,9.9237413,105.2736878,70,Moderate,1,28.5,62,0.0,10.2,36,1010.4,100,13.9,14.8,222.0,1.9,131.0,7.6
2025-12-09 15:00:00,2025,12,9,15,An Giang,Xã Giồng Riềng,9.9237413,105.2736878,69,Moderate,1,28.6,61,0.0,9.9,42,1010.0,100,13.9,14.8,215.0,2.0,127.0,6.8
2025-12-09 16:00:00,2025,12,9,16,An Giang,Xã Giồng Riềng,9.9237413,105.2736878,69,Moderate,1,28.5,61,0.0,9.1,32,1009.9,100,13.8,14.8,217.0,3.0,119.0,6.6
2025-12-09 17:00:00,2025,12,9,17,An Giang,Xã Giồng Riềng,9.9237413,105.2736878,68,Moderate,1,27.5,67,0.0,6.7,46,1010.3,100,15.2,15.9,234.0,5.8,104.0,7.3
2025-12-09 18:00:00,2025,12,9,18,An Giang,Xã Giồng Riềng,9.9237413,105.2736878,68,Moderate,1,26.4,75,0.0,3.3,41,1010.6,100,19.4,20.1,261.0,9.6,83.0,8.5
2025-12-09 19:00:00,2025,12,9,19,An Giang,Xã Giồng Riềng,9.9237413,105.2736878,67,Moderate,1,25.3,79,0.0,4.4,339,1011.2,64,30.5,31.3,288.0,14.8,70.0,12.5
2025-12-09 20:00:00,2025,12,9,20,An Giang,Xã Giồng Riềng,9.9237413,105.2736878,67,Moderate,1,25.0,79,0.0,4.4,328,1011.7,98,32.0,32.7,315.0,16.3,63.0,13.4
2025-12-09 21:00:00,2025,12,9,21,An Giang,Xã Giồng Riềng,9.9237413,105.2736878,67,Moderate,1,24.6,81,0.0,3.2,297,1011.6,100,33.2,33.9,342.0,18.5,53.0,14.5
2025-12-09 22:00:00,2025,12,9,22,An Giang,Xã Giồng Riềng,9.9237413,105.2736878,67,Moderate,1,24.5,82,0.0,3.9,292,1011.7,97,36.3,37.3,360.0,19.8,45.0,14.9
2025-12-09 23:00:00,2025,12,9,23,An Giang,Xã Giồng Riềng,9.9237413,105.2736878,68,Moderate,1,24.3,80,0.0,5.9,325,1011.6,100,38.0,39.5,365.0,19.8,39.0,13.9
2025-12-10 00:00:00,2025,12,10,0,An Giang,Xã Giồng Riềng,9.9237413,105.2736878,68,Moderate,1,24.9,77,0.0,6.1,326,1011.6,100,35.3,36.6,361.0,19.1,35.0,12.1
2025-12-10 01:00:00,2025,12,10,1,An Giang,Xã Giồng Riềng,9.9237413,105.2736878,69,Moderate,1,24.6,78,0.0,7.9,340,1010.9,100,30.3,31.3,349.0,18.0,32.0,10.6
2025-12-10 02:00:00,2025,12,10,2,An Giang,Xã Giồng Riềng,9.9237413,105.2736878,69,Moderate,1,24.7,75,0.0,10.3,355,1010.3,88,25.4,26.1,326.0,16.5,31.0,9.6
2025-12-10 03:00:00,2025,12,10,3,An Giang,Xã Giồng Riềng,9.9237413,105.2736878,69,Moderate,1,24.0,76,0.0,9.9,2,1010.0,45,22.0,22.4,295.0,14.6,31.0,8.9
2025-12-10 04:00:00,2025,12,10,4,An Giang,Xã Giồng Riềng,9.9237413,105.2736878,69,Moderate,1,24.1,75,0.0,13.0,11,1010.0,100,19.7,20.0,269.0,12.7,33.0,8.3
2025-12-10 05:00:00,2025,12,10,5,An Giang,Xã Giồng Riềng,9.9237413,105.2736878,69,Moderate,1,24.5,71,0.0,13.6,17,1010.3,100,17.3,17.7,254.0,11.0,38.0,7.9
2025-12-10 06:00:00,2025,12,10,6,An Giang,Xã Giồng Riềng,9.9237413,105.2736878,69,Moderate,1,24.0,72,0.0,14.0,15,1010.8,96,15.0,15.5,245.0,9.3,46.0,7.6
2025-12-10 07:00:00,2025,12,10,7,An Giang,Xã Giồng Riềng,9.9237413,105.2736878,69,Moderate,1,24.5,71,0.0,14.8,10,1011.4,100,16.4,17.0,239.0,8.0,54.0,7.1
2025-12-10 08:00:00,2025,12,10,8,An Giang,Xã Giồng Riềng,9.9237413,105.2736878,69,Moderate,1,25.4,71,0.0,15.3,12,1012.1,38,14.8,15.4,236.0,6.6,65.0,6.8
2025-12-10 09:00:00,2025,12,10,9,An Giang,Xã Giồng Riềng,9.9237413,105.2736878,70,Moderate,1,26.7,68,0.0,17.8,14,1012.4,100,11.5,11.9,236.0,4.6,80.0,6.3
2025-12-10 10:00:00,2025,12,10,10,An Giang,Xã Giồng Riềng,9.9237413,105.2736878,70,Moderate,1,27.5,66,0.0,18.8,15,1011.8,91,9.3,9.5,235.0,3.1,92.0,5.9
2025-12-10 11:00:00,2025,12,10,11,An Giang,Xã Giồng Riềng,9.9237413,105.2736878,69,Moderate,1,28.9,63,0.0,18.7,19,1011.1,98,7.7,7.9,232.0,2.4,98.0,5.5
2025-12-10 12:00:00,2025,12,10,12,An Giang,Xã Giồng Riềng,9.9237413,105.2736878,69,Moderate,1,29.2,64,0.0,18.2,23,1010.3,96,7.5,7.6,227.0,2.0,101.0,5.2
2025-12-10 13:00:00,2025,12,10,13,An Giang,Xã Giồng Riềng,9.9237413,105.2736878,68,Moderate,1,29.1,66,0.0,17.7,25,1009.4,47,7.8,8.0,223.0,2.1,102.0,5.3
2025-12-10 14:00:00,2025,12,10,14,An Giang,Xã Giồng Riềng,9.9237413,105.2736878,68,Moderate,1,29.4,65,0.2,17.2,32,1008.7,63,11.0,11.6,216.0,2.4,103.0,6.0
2025-12-10 15:00:00,2025,12,10,15,An Giang,Xã Giồng Riềng,9.9237413,105.2736878,67,Moderate,1,29.2,67,0.0,14.6,38,1008.2,100,10.9,11.2,210.0,3.1,103.0,7.0
2025-12-10 16:00:00,2025,12,10,16,An Giang,Xã Giồng Riềng,9.9237413,105.2736878,67,Moderate,1,27.6,75,1.8,14.9,67,1008.4,100,12.1,12.5,210.0,4.5,100.0,8.2
2025-12-10 17:00:00,2025,12,10,17,An Giang,Xã Giồng Riềng,9.9237413,105.2736878,67,Moderate,1,25.6,90,2.8,8.0,23,1009.0,100,16.1,16.5,225.0,7.1,91.0,9.5
2025-12-10 18:00:00,2025,12,10,18,An Giang,Xã Giồng Riềng,9.9237413,105.2736878,67,Moderate,1,24.8,93,3.9,10.3,40,1010.0,100,21.0,21.3,247.0,10.3,79.0,11.0
2025-12-10 19:00:00,2025,12,10,19,An Giang,Xã Giồng Riềng,9.9237413,105.2736878,67,Moderate,1,24.8,93,2.9,9.1,65,1010.6,100,17.8,18.0,261.0,11.1,66.0,9.8
2025-12-10 20:00:00,2025,12,10,20,An Giang,Xã Giồng Riềng,9.9237413,105.2736878,66,Moderate,1,24.5,94,0.1,9.4,90,1011.6,100,21.3,21.7,257.0,12.0,65.0,10.8
2025-12-10 21:00:00,2025,12,10,21,An Giang,Xã Giồng Riềng,9.9237413,105.2736878,65,Moderate,1,24.4,95,0.1,6.3,53,1011.4,100,21.9,22.2,244.0,13.2,62.0,12.1
2025-12-10 22:00:00,2025,12,10,22,An Giang,Xã Giồng Riềng,9.9237413,105.2736878,64,Moderate,1,23.9,95,0.2,12.1,46,1011.6,100,22.5,22.6,233.0,14.0,60.0,12.7
2025-12-10 23:00:00,2025,12,10,23,An Giang,Xã Giồng Riềng,9.9237413,105.2736878,63,Moderate,1,23.0,95,0.7,10.4,82,1011.5,100,21.2,21.4,228.0,14.0,57.0,12.1
2025-12-11 00:00:00,2025,12,11,0,An Giang,Xã Giồng Riềng,9.9237413,105.2736878,61,Moderate,1,22.8,96,1.3,4.0,18,1011.2,100,20.2,20.3,225.0,13.4,54.0,10.8
2025-12-11 01:00:00,2025,12,11,1,An Giang,Xã Giồng Riềng,9.9237413,105.2736878,60,Moderate,1,23.1,96,0.5,3.8,79,1010.8,100,17.6,17.7,225.0,12.7,51.0,9.5
2025-12-11 02:00:00,2025,12,11,2,An Giang,Xã Giồng Riềng,9.9237413,105.2736878,59,Moderate,1,23.2,96,0.4,3.2,87,1010.4,100,13.6,13.6,231.0,11.6,49.0,8.2
2025-12-11 03:00:00,2025,12,11,3,An Giang,Xã Giồng Riềng,9.9237413,105.2736878,58,Moderate,1,23.5,97,0.3,8.9,45,1010.1,100,12.2,12.2,241.0,10.3,47.0,6.9
2025-12-11 04:00:00,2025,12,11,4,An Giang,Xã Giồng Riềng,9.9237413,105.2736878,57,Moderate,1,23.4,97,1.5,7.2,58,1010.3,100,11.6,11.6,248.0,9.4,46.0,6.1
2025-12-11 05:00:00,2025,12,11,5,An Giang,Xã Giồng Riềng,9.9237413,105.2736878,56,Moderate,1,23.4,96,0.6,8.7,32,1010.8,100,11.9,12.0,249.0,9.4,43.0,6.1
2025-12-11 06:00:00,2025,12,11,6,An Giang,Xã Giồng Riềng,9.9237413,105.2736878,56,Moderate,1,23.3,96,1.8,10.5,7,1010.8,100,13.5,13.6,248.0,9.9,41.0,6.7
2025-12-11 07:00:00,2025,12,11,7,An Giang,Xã Giồng Riềng,9.9237413,105.2736878,56,Moderate,1,23.4,95,0.2,9.7,357,1011.5,100,16.4,16.5,246.0,8.4,48.0,6.6
2025-12-11 08:00:00,2025,12,11,8,An Giang,Xã Giồng Riềng,9.9237413,105.2736878,56,Moderate,1,23.9,95,4.3,10.4,360,1012.2,100,18.4,18.6,247.0,7.4,59.0,7.1
2025-12-11 09:00:00,2025,12,11,9,An Giang,Xã Giồng Riềng,9.9237413,105.2736878,56,Moderate,1,24.2,94,2.1,12.9,15,1012.2,100,18.5,18.7,248.0,6.2,75.0,7.8
2025-12-11 10:00:00,2025,12,11,10,An Giang,Xã Giồng Riềng,9.9237413,105.2736878,57,Moderate,1,25.4,87,0.2,15.4,48,1012.2,100,17.6,17.9,242.0,5.4,85.0,8.7
2025-12-11 11:00:00,2025,12,11,11,An Giang,Xã Giồng Riềng,9.9237413,105.2736878,57,Moderate,1,27.0,82,0.2,15.5,63,1011.7,100,16.0,16.9,223.0,5.8,86.0,9.9
2025-12-11 12:00:00,2025,12,11,12,An Giang,Xã Giồng Riềng,9.9237413,105.2736878,58,Moderate,1,28.1,76,0.1,16.6,73,1010.9,100,16.7,19.0,198.0,6.7,81.0,11.2
2025-12-11 13:00:00,2025,12,11,13,An Giang,Xã Giồng Riềng,9.9237413,105.2736878,59,Moderate,1,29.0,75,0.1,23.0,83,1009.7,100,16.6,19.4,178.0,7.1,77.0,11.8
2025-12-11 14:00:00,2025,12,11,14,An Giang,Xã Giồng Riềng,9.9237413,105.2736878,60,Moderate,1,25.6,87,1.7,16.8,99,1009.6,100,15.3,18.3,168.0,6.2,76.0,10.8
2025-12-11 15:00:00,2025,12,11,15,An Giang,Xã Giồng Riềng,9.9237413,105.2736878,60,Moderate,1,26.5,89,0.1,10.1,92,1009.0,100,13.5,16.2,164.0,4.9,75.0,9.0
2025-12-11 16:00:00,2025,12,11,16,An Giang,Xã Giồng Riềng,9.9237413,105.2736878,60,Moderate,1,26.9,83,0.1,12.8,90,1008.8,100,12.6,15.2,163.0,4.5,73.0,7.9
2025-12-11 17:00:00,2025,12,11,17,An Giang,Xã Giồng Riềng,9.9237413,105.2736878,60,Moderate,1,26.8,84,0.0,12.4,93,1009.0,99,13.2,15.5,165.0,6.1,67.0,8.3
2025-12-11 18:00:00,2025,12,11,18,An Giang,Xã Giồng Riềng,9.9237413,105.2736878,60,Moderate,1,26.3,83,0.0,14.0,97,1009.5,88,14.5,16.6,170.0,8.6,60.0,9.4
2025-12-11 19:00:00,2025,12,11,19,An Giang,Xã Giồng Riềng,9.9237413,105.2736878,59,Moderate,1,26.5,82,0.0,14.8,93,1010.0,99,13.4,15.0,174.0,9.4,53.0,9.1
2025-12-11 20:00:00,2025,12,11,20,An Giang,Xã Giồng Riềng,9.9237413,105.2736878,59,Moderate,1,26.0,83,0.0,13.8,98,1011.2,100,14.2,15.9,176.0,9.6,52.0,9.1
2025-12-11 21:00:00,2025,12,11,21,An Giang,Xã Giồng Riềng,9.9237413,105.2736878,58,Moderate,1,25.6,84,0.0,13.7,101,1011.5,100,14.4,16.1,176.0,9.9,50.0,9.0
2025-12-11 22:00:00,2025,12,11,22,An Giang,Xã Giồng Riềng,9.9237413,105.2736878,58,Moderate,1,25.5,84,0.0,14.5,104,1011.2,100,14.3,16.0,174.0,10.0,48.0,8.7
2025-12-11 23:00:00,2025,12,11,23,An Giang,Xã Giồng Riềng,9.9237413,105.2736878,57,Moderate,1,25.2,81,0.0,14.8,100,1010.9,100,13.9,15.7,167.0,9.8,47.0,8.1
2025-12-12 00:00:00,2025,12,12,0,An Giang,Xã Giồng Riềng,9.9237413,105.2736878,56,Moderate,1,25.0,80,0.0,14.3,101,1010.5,100,13.4,15.1,158.0,9.5,46.0,7.3
2025-12-12 01:00:00,2025,12,12,1,An Giang,Xã Giồng Riềng,9.9237413,105.2736878,56,Moderate,1,24.8,86,0.0,12.8,104,1010.3,100,12.9,14.6,150.0,9.2,45.0,6.7
2025-12-12 02:00:00,2025,12,12,2,An Giang,Xã Giồng Riềng,9.9237413,105.2736878,55,Moderate,1,24.8,88,0.0,11.7,100,1009.7,100,12.1,13.9,144.0,8.9,45.0,6.3
2025-12-12 03:00:00,2025,12,12,3,An Giang,Xã Giồng Riềng,9.9237413,105.2736878,55,Moderate,1,24.6,90,0.0,12.1,93,1009.4,100,11.6,13.3,141.0,8.7,44.0,6.0
2025-12-12 04:00:00,2025,12,12,4,An Giang,Xã Giồng Riềng,9.9237413,105.2736878,55,Moderate,1,24.6,89,0.0,12.5,97,1009.4,100,11.4,13.0,141.0,8.7,43.0,6.1
2025-12-12 05:00:00,2025,12,12,5,An Giang,Xã Giồng Riềng,9.9237413,105.2736878,55,Moderate,1,24.5,89,0.0,11.2,96,1009.5,100,11.7,13.3,148.0,9.4,39.0,6.6
2025-12-12 06:00:00,2025,12,12,6,An Giang,Xã Giồng Riềng,9.9237413,105.2736878,55,Moderate,1,24.5,89,0.0,11.6,96,1010.1,100,12.7,14.1,160.0,10.5,34.0,7.5
2025-12-12 07:00:00,2025,12,12,7,An Giang,Xã Giồng Riềng,9.9237413,105.2736878,55,Moderate,1,25.4,88,0.0,12.1,80,1010.7,27,13.3,14.7,171.0,10.0,36.0,8.2
2025-12-12 08:00:00,2025,12,12,8,An Giang,Xã Giồng Riềng,9.9237413,105.2736878,55,Moderate,1,27.0,80,0.0,14.8,81,1011.7,63,13.4,15.1,180.0,8.7,42.0,8.6
2025-12-12 09:00:00,2025,12,12,9,An Giang,Xã Giồng Riềng,9.9237413,105.2736878,54,Moderate,1,28.3,73,0.0,18.5,83,1011.9,100,12.7,15.0,189.0,6.8,51.0,9.1
2025-12-12 10:00:00,2025,12,12,10,An Giang,Xã Giồng Riềng,9.9237413,105.2736878,54,Moderate,1,29.0,68,0.0,20.8,81,1011.8,99,13.0,15.8,193.0,5.2,61.0,9.4
2025-12-12 11:00:00,2025,12,12,11,An Giang,Xã Giồng Riềng,9.9237413,105.2736878,53,Moderate,1,29.7,63,0.0,20.8,78,1011.5,98,13.4,16.0,192.0,4.0,73.0,9.1
2025-12-12 12:00:00,2025,12,12,12,An Giang,Xã Giồng Riềng,9.9237413,105.2736878,53,Moderate,1,30.1,61,0.0,17.8,78,1010.5,100,13.2,14.6,186.0,2.9,87.0,8.5
2025-12-12 13:00:00,2025,12,12,13,An Giang,Xã Giồng Riềng,9.9237413,105.2736878,53,Moderate,1,30.2,60,0.0,16.9,83,1009.5,100,14.0,15.3,180.0,2.3,97.0,8.1
2025-12-12 14:00:00,2025,12,12,14,An Giang,Xã Giồng Riềng,9.9237413,105.2736878,53,Moderate,1,30.0,61,0.0,15.1,81,1008.6,100,14.6,15.8,171.0,2.0,101.0,8.0
2025-12-12 15:00:00,2025,12,12,15,An Giang,Xã Giồng Riềng,9.9237413,105.2736878,53,Moderate,1,30.0,62,0.0,13.2,79,1008.0,100,15.4,16.6,161.0,2.1,102.0,8.0
2025-12-12 16:00:00,2025,12,12,16,An Giang,Xã Giồng Riềng,9.9237413,105.2736878,53,Moderate,1,29.6,65,0.0,10.8,86,1008.0,100,15.0,16.2,156.0,3.2,98.0,8.3
2025-12-12 17:00:00,2025,12,12,17,An Giang,Xã Giồng Riềng,9.9237413,105.2736878,53,Moderate,1,28.5,70,0.0,10.4,99,1008.5,100,15.9,17.0,160.0,5.9,87.0,9.2
2025-12-12 18:00:00,2025,12,12,18,An Giang,Xã Giồng Riềng,9.9237413,105.2736878,53,Moderate,1,27.0,73,0.0,10.0,108,1009.0,100,18.2,19.3,170.0,9.5,71.0,10.3
2025-12-12 19:00:00,2025,12,12,19,An Giang,Xã Giồng Riềng,9.9237413,105.2736878,54,Moderate,1,26.3,79,0.0,9.7,106,1009.9,100,19.0,20.1,183.0,12.2,53.0,10.8
2025-12-12 20:00:00,2025,12,12,20,An Giang,Xã Giồng Riềng,9.9237413,105.2736878,54,Moderate,1,26.1,80,0.0,11.1,102,1010.5,100,21.1,22.8,203.0,13.3,48.0,11.2
2025-12-12 21:00:00,2025,12,12,21,An Giang,Xã Giồng Riềng,9.9237413,105.2736878,55,Moderate,1,25.5,84,0.0,9.2,97,1011.4,100,22.2,23.8,227.0,14.9,42.0,11.8
2025-12-12 22:00:00,2025,12,12,22,An Giang,Xã Giồng Riềng,9.9237413,105.2736878,55,Moderate,1,25.0,87,0.0,9.4,101,1010.9,100,22.6,24.3,241.0,16.2,36.0,12.1
2025-12-12 23:00:00,2025,12,12,23,An Giang,Xã Giồng Riềng,9.9237413,105.2736878,56,Moderate,1,24.5,90,0.0,8.2,98,1011.2,100,23.0,24.7,237.0,17.1,33.0,11.8
2025-12-13 00:00:00,2025,12,13,0,An Giang,Xã Giồng Riềng,9.9237413,105.2736878,57,Moderate,1,24.2,92,0.0,7.1,100,1011.0,100,23.6,25.3,223.0,17.8,31.0,11.1
2025-12-13 01:00:00,2025,12,13,1,An Giang,Xã Giồng Riềng,9.9237413,105.2736878,58,Moderate,1,23.9,94,0.0,5.8,88,1010.5,100,25.1,26.9,210.0,18.3,29.0,10.5
2025-12-13 02:00:00,2025,12,13,2,An Giang,Xã Giồng Riềng,9.9237413,105.2736878,59,Moderate,1,23.9,94,0.0,5.6,97,1009.8,100,26.2,28.1,201.0,18.6,28.0,10.0
2025-12-13 03:00:00,2025,12,13,3,An Giang,Xã Giồng Riềng,9.9237413,105.2736878,60,Moderate,1,23.8,93,0.0,6.3,129,1009.4,100,26.1,28.1,193.0,18.7,27.0,9.6
2025-12-13 04:00:00,2025,12,13,4,An Giang,Xã Giồng Riềng,9.9237413,105.2736878,61,Moderate,1,23.5,93,0.0,5.9,125,1009.4,100,26.3,28.3,191.0,18.6,27.0,9.5
2025-12-13 05:00:00,2025,12,13,5,An Giang,Xã Giồng Riềng,9.9237413,105.2736878,63,Moderate,1,23.2,94,0.0,6.0,111,1009.4,100,27.1,29.2,201.0,18.5,25.0,9.6
2025-12-13 06:00:00,2025,12,13,6,An Giang,Xã Giồng Riềng,9.9237413,105.2736878,64,Moderate,1,23.0,95,0.0,5.5,109,1009.8,100,28.8,31.1,217.0,18.3,23.0,10.0
2025-12-13 07:00:00,2025,12,13,7,An Giang,Xã Giồng Riềng,9.9237413,105.2736878,66,Moderate,1,24.0,92,0.0,6.0,69,1010.8,95,29.1,31.8,227.0,15.3,31.0,9.8
2025-12-13 08:00:00,2025,12,13,8,An Giang,Xã Giồng Riềng,9.9237413,105.2736878,67,Moderate,1,26.0,86,0.0,5.5,73,1011.7,100,26.4,30.0,222.0,13.1,44.0,10.9
2025-12-13 09:00:00,2025,12,13,9,An Giang,Xã Giồng Riềng,9.9237413,105.2736878,68,Moderate,1,27.6,82,0.0,6.2,80,1012.5,99,25.2,29.5,211.0,10.0,62.0,12.3
2025-12-13 10:00:00,2025,12,13,10,An Giang,Xã Giồng Riềng,9.9237413,105.2736878,69,Moderate,1,28.9,78,0.0,6.8,72,1011.8,95,26.1,31.5,203.0,7.3,80.0,13.2
2025-12-13 11:00:00,2025,12,13,11,An Giang,Xã Giồng Riềng,9.9237413,105.2736878,70,Moderate,1,29.7,72,0.1,8.0,72,1011.1,98,25.8,29.6,203.0,5.3,98.0,12.9
2025-12-13 12:00:00,2025,12,13,12,An Giang,Xã Giồng Riềng,9.9237413,105.2736878,71,Moderate,1,30.4,67,0.1,10.2,77,1010.1,99,25.0,26.8,205.0,3.6,115.0,12.1
2025-12-13 13:00:00,2025,12,13,13,An Giang,Xã Giồng Riềng,9.9237413,105.2736878,72,Moderate,1,30.5,67,0.1,12.6,101,1009.2,98,23.1,24.7,205.0,2.5,126.0,11.2
2025-12-13 14:00:00,2025,12,13,14,An Giang,Xã Giồng Riềng,9.9237413,105.2736878,73,Moderate,1,30.6,67,0.0,13.2,104,1008.3,98,20.0,21.5,194.0,1.9,127.0,10.2
2025-12-13 15:00:00,2025,12,13,15,An Giang,Xã Giồng Riềng,9.9237413,105.2736878,74,Moderate,1,30.4,65,0.1,13.7,94,1007.8,93,17.3,18.6,181.0,1.8,121.0,9.2
2025-12-13 16:00:00,2025,12,13,16,An Giang,Xã Giồng Riềng,9.9237413,105.2736878,74,Moderate,1,30.0,66,0.0,12.8,95,1007.4,99,15.4,16.5,179.0,3.3,111.0,9.1
2025-12-13 17:00:00,2025,12,13,17,An Giang,Xã Giồng Riềng,9.9237413,105.2736878,74,Moderate,1,29.0,71,0.0,8.2,105,1008.0,100,16.4,17.3,199.0,7.4,96.0,10.5
2025-12-13 18:00:00,2025,12,13,18,An Giang,Xã Giồng Riềng,9.9237413,105.2736878,74,Moderate,1,27.5,75,0.0,7.3,110,1008.5,99,22.2,23.3,231.0,13.0,78.0,12.8
2025-12-13 19:00:00,2025,12,13,19,An Giang,Xã Giồng Riềng,9.9237413,105.2736878,74,Moderate,1,26.4,85,0.0,13.2,12,1009.9,99,23.1,24.0,260.0,15.2,62.0,12.7
2025-12-13 20:00:00,2025,12,13,20,An Giang,Xã Giồng Riềng,9.9237413,105.2736878,75,Moderate,1,25.4,87,0.1,8.7,37,1010.6,100,29.1,31.0,285.0,15.4,63.0,13.4
2025-12-13 21:00:00,2025,12,13,21,An Giang,Xã Giồng Riềng,9.9237413,105.2736878,75,Moderate,1,25.0,89,0.1,6.2,78,1011.0,100,32.9,34.9,305.0,15.7,64.0,14.4
2025-12-13 22:00:00,2025,12,13,22,An Giang,Xã Giồng Riềng,9.9237413,105.2736878,76,Moderate,1,24.9,91,0.0,6.9,104,1011.4,100,28.9,29.8,308.0,16.7,63.0,15.2
2025-12-13 23:00:00,2025,12,13,23,An Giang,Xã Giồng Riềng,9.9237413,105.2736878,77,Moderate,1,24.5,93,0.1,9.4,107,1012.1,100,33.1,34.1,276.0,19.0,57.0,15.4
2025-12-14 00:00:00,2025,12,14,0,An Giang,Xã Giồng Riềng,9.9237413,105.2736878,78,Moderate,1,23.9,92,0.4,8.0,84,1011.8,100,40.3,41.4,225.0,22.0,48.0,15.3
2025-12-14 01:00:00,2025,12,14,1,An Giang,Xã Giồng Riềng,9.9237413,105.2736878,79,Moderate,1,24.1,94,0.4,3.2,74,1010.6,100,47.3,48.4,192.0,24.2,42.0,15.4
2025-12-14 02:00:00,2025,12,14,2,An Giang,Xã Giồng Riềng,9.9237413,105.2736878,81,Moderate,1,24.0,96,0.0,2.5,330,1009.8,100,53.9,55.2,191.0,25.0,40.0,16.0
2025-12-14 03:00:00,2025,12,14,3,An Giang,Xã Giồng Riềng,9.9237413,105.2736878,84,Moderate,1,23.6,97,0.0,4.0,330,1009.3,100,59.8,61.2,207.0,25.1,40.0,16.8
2025-12-14 04:00:00,2025,12,14,4,An Giang,Xã Giồng Riềng,9.9237413,105.2736878,87,Moderate,1,23.6,98,0.0,5.2,348,1009.2,100,54.7,56.1,229.0,24.3,41.0,17.5
2025-12-14 05:00:00,2025,12,14,5,An Giang,Xã Giồng Riềng,9.9237413,105.2736878,89,Moderate,1,23.5,98,0.0,5.6,2,1009.5,100,52.0,53.0,261.0,22.7,42.0,18.1
2025-12-14 06:00:00,2025,12,14,6,An Giang,Xã Giồng Riềng,9.9237413,105.2736878,91,Moderate,1,23.5,96,0.0,7.2,1,1009.9,100,49.9,50.5,300.0,20.2,45.0,18.5
2025-12-14 07:00:00,2025,12,14,7,An Giang,Xã Giồng Riềng,9.9237413,105.2736878,93,Moderate,1,24.4,96,0.0,7.9,16,1011.0,100,39.3,40.0,321.0,13.5,55.0,14.3
2025-12-14 08:00:00,2025,12,14,8,An Giang,Xã Giồng Riềng,9.9237413,105.2736878,94,Moderate,1,26.1,89,0.0,8.2,32,1012.0,100,31.4,32.0,311.0,10.9,64.0,12.7
2025-12-14 09:00:00,2025,12,14,9,An Giang,Xã Giồng Riềng,9.9237413,105.2736878,95,Moderate,1,27.5,78,0.0,12.9,35,1012.3,100,20.8,21.5,283.0,7.2,77.0,10.4
2025-12-14 10:00:00,2025,12,14,10,An Giang,Xã Giồng Riềng,9.9237413,105.2736878,94,Moderate,1,28.4,74,0.0,11.7,41,1011.9,100,16.9,17.6,258.0,4.3,88.0,8.7
2025-12-14 11:00:00,2025,12,14,11,An Giang,Xã Giồng Riềng,9.9237413,105.2736878,93,Moderate,1,29.3,71,0.0,9.6,47,1011.4,100,15.1,15.8,240.0,2.9,97.0,7.8
2025-12-14 12:00:00,2025,12,14,12,An Giang,Xã Giồng Riềng,9.9237413,105.2736878,93,Moderate,1,30.0,68,0.1,9.4,54,1010.4,90,13.9,14.6,224.0,2.3,104.0,7.5
2025-12-14 13:00:00,2025,12,14,13,An Giang,Xã Giồng Riềng,9.9237413,105.2736878,92,Moderate,1,30.0,65,0.2,11.8,64,1009.6,100,14.2,15.1,212.0,2.1,111.0,7.5
2025-12-14 14:00:00,2025,12,14,14,An Giang,Xã Giồng Riềng,9.9237413,105.2736878,91,Moderate,1,30.0,64,0.0,13.1,60,1008.9,100,14.2,15.0,201.0,2.0,118.0,8.0
2025-12-14 15:00:00,2025,12,14,15,An Giang,Xã Giồng Riềng,9.9237413,105.2736878,90,Moderate,1,28.8,72,1.5,8.4,55,1008.5,100,15.2,15.9,194.0,2.4,124.0,9.0
2025-12-14 16:00:00,2025,12,14,16,An Giang,Xã Giồng Riềng,9.9237413,105.2736878,90,Moderate,1,28.9,72,0.0,8.5,58,1008.3,100,16.5,17.2,196.0,3.4,124.0,9.8
2025-12-14 17:00:00,2025,12,14,17,An Giang,Xã Giồng Riềng,9.9237413,105.2736878,90,Moderate,1,27.6,81,0.5,6.2,54,1008.6,100,18.5,19.0,214.0,5.4,113.0,10.2
2025-12-14 18:00:00,2025,12,14,18,An Giang,Xã Giồng Riềng,9.9237413,105.2736878,90,Moderate,1,26.4,89,0.0,3.8,49,1009.0,100,21.5,21.8,242.0,8.1,97.0,10.5
2025-12-14 19:00:00,2025,12,14,19,An Giang,Xã Giồng Riềng,9.9237413,105.2736878,90,Moderate,1,24.5,89,0.0,7.5,60,1009.6,100,24.0,24.7,268.0,12.3,58.0,10.5
2025-12-14 20:00:00,2025,12,14,20,An Giang,Xã Giồng Riềng,9.9237413,105.2736878,90,Moderate,1,24.7,89,0.0,5.6,86,1010.4,100,29.8,30.2,290.0,13.0,59.0,11.8
2025-12-14 21:00:00,2025,12,14,21,An Giang,Xã Giồng Riềng,9.9237413,105.2736878,90,Moderate,1,24.6,90,0.0,6.5,88,1010.8,73,35.4,35.7,310.0,14.1,60.0,13.6
2025-12-14 22:00:00,2025,12,14,22,An Giang,Xã Giồng Riềng,9.9237413,105.2736878,91,Moderate,1,24.5,92,0.0,6.7,87,1010.6,96,33.8,34.5,318.0,15.2,59.0,14.8
2025-12-14 23:00:00,2025,12,14,23,An Giang,Xã Giồng Riềng,9.9237413,105.2736878,91,Moderate,1,24.4,92,0.0,6.7,109,1011.2,100,34.9,36.1,304.0,16.1,56.0,14.8
2025-12-15 00:00:00,2025,12,15,0,An Giang,Xã Giồng Riềng,9.9237413,105.2736878,91,Moderate,1,24.2,94,0.0,5.4,96,1011.2,100,36.2,37.5,279.0,17.1,52.0,14.2
2025-12-15 01:00:00,2025,12,15,1,An Giang,Xã Giồng Riềng,9.9237413,105.2736878,91,Moderate,1,24.8,93,0.0,7.6,98,1010.7,100,37.6,39.2,265.0,18.2,47.0,13.9
2025-12-15 02:00:00,2025,12,15,2,An Giang,Xã Giồng Riềng,9.9237413,105.2736878,90,Moderate,1,24.9,91,0.0,7.8,77,1010.3,100,38.4,40.7,273.0,20.0,41.0,14.2
2025-12-15 03:00:00,2025,12,15,3,An Giang,Xã Giồng Riềng,9.9237413,105.2736878,89,Moderate,1,24.5,93,0.0,6.7,54,1010.0,100,39.7,42.1,291.0,21.9,35.0,14.6
2025-12-15 04:00:00,2025,12,15,4,An Giang,Xã Giồng Riềng,9.9237413,105.2736878,87,Moderate,1,24.0,96,0.0,7.6,38,1009.8,100,40.3,42.5,308.0,22.8,31.0,15.0
2025-12-15 05:00:00,2025,12,15,5,An Giang,Xã Giồng Riềng,9.9237413,105.2736878,86,Moderate,1,23.8,97,0.0,7.1,38,1010.3,100,39.0,40.7,323.0,22.0,29.0,15.2
2025-12-15 06:00:00,2025,12,15,6,An Giang,Xã Giồng Riềng,9.9237413,105.2736878,84,Moderate,1,23.6,97,0.0,5.6,22,1010.8,100,36.1,37.3,336.0,20.1,29.0,15.2
2025-12-15 07:00:00,2025,12,15,7,An Giang,Xã Giồng Riềng,9.9237413,105.2736878,83,Moderate,1,24.2,90,0.0,8.1,17,1011.3,100,39.8,42.5,336.0,25.4,32.0,16.2
2025-12-15 08:00:00,2025,12,15,8,An Giang,Xã Giồng Riềng,9.9237413,105.2736878,83,Moderate,1,25.3,81,0.0,9.3,22,1012.4,100,36.9,39.8,310.0,21.2,49.0,16.7
2025-12-15 09:00:00,2025,12,15,9,An Giang,Xã Giồng Riềng,9.9237413,105.2736878,84,Moderate,1,26.5,75,0.0,10.3,27,1012.9,100,30.6,33.3,272.0,15.3,74.0,17.4
2025-12-15 10:00:00,2025,12,15,10,An Giang,Xã Giồng Riềng,9.9237413,105.2736878,85,Moderate,1,28.1,71,0.0,10.7,50,1012.9,100,25.9,27.0,246.0,10.3,96.0,17.4
2025-12-15 11:00:00,2025,12,15,11,An Giang,Xã Giồng Riềng,9.9237413,105.2736878,85,Moderate,1,29.2,67,0.0,11.2,52,1012.6,98,25.9,27.0,247.0,7.1,113.0,15.9
2025-12-15 12:00:00,2025,12,15,12,An Giang,Xã Giồng Riềng,9.9237413,105.2736878,86,Moderate,1,29.4,67,0.0,11.8,56,1011.5,100,25.3,26.3,261.0,4.9,127.0,13.7
2025-12-15 13:00:00,2025,12,15,13,An Giang,Xã Giồng Riềng,9.9237413,105.2736878,87,Moderate,1,29.7,65,0.0,11.2,58,1010.2,100,23.3,24.3,274.0,3.6,136.0,12.2
2025-12-15 14:00:00,2025,12,15,14,An Giang,Xã Giồng Riềng,9.9237413,105.2736878,88,Moderate,1,30.0,63,0.0,10.7,57,1009.4,100,22.5,23.6,279.0,3.0,139.0,11.8
2025-12-15 15:00:00,2025,12,15,15,An Giang,Xã Giồng Riềng,9.9237413,105.2736878,89,Moderate,1,29.8,63,0.0,11.3,61,1009.3,100,22.7,23.7,283.0,3.3,137.0,12.1
2025-12-15 16:00:00,2025,12,15,16,An Giang,Xã Giồng Riềng,9.9237413,105.2736878,90,Moderate,1,29.2,65,0.0,10.1,59,1009.0,100,23.6,24.6,291.0,5.4,129.0,13.1
2025-12-15 17:00:00,2025,12,15,17,An Giang,Xã Giồng Riềng,9.9237413,105.2736878,90,Moderate,1,28.1,74,0.0,6.0,51,1009.4,90,27.0,27.8,307.0,10.6,113.0,15.4
2025-12-15 18:00:00,2025,12,15,18,An Giang,Xã Giồng Riềng,9.9237413,105.2736878,91,Moderate,1,26.7,79,0.0,4.7,74,1009.9,99,34.9,35.7,326.0,17.5,92.0,18.5
2025-12-15 19:00:00,2025,12,15,19,An Giang,Xã Giồng Riềng,9.9237413,105.2736878,92,Moderate,1,26.2,82,0.0,4.5,83,1011.1,100,29.9,30.3,343.0,15.2,84.0,15.6
2025-12-15 20:00:00,2025,12,15,20,An Giang,Xã Giồng Riềng,9.9237413,105.2736878,93,Moderate,1,26.1,82,0.0,3.1,36,1011.8,100,43.3,43.5,357.0,18.3,73.0,17.5
2025-12-15 21:00:00,2025,12,15,21,An Giang,Xã Giồng Riềng,9.9237413,105.2736878,94,Moderate,1,25.5,85,0.0,1.8,37,1012.5,100,53.0,53.3,368.0,22.5,58.0,19.9
2025-12-15 22:00:00,2025,12,15,22,An Giang,Xã Giồng Riềng,9.9237413,105.2736878,95,Moderate,1,24.7,88,0.0,6.4,140,1012.2,100,54.8,55.3,369.0,24.9,47.0,21.0
2025-12-15 23:00:00,2025,12,15,23,An Giang,Xã Giồng Riềng,9.9237413,105.2736878,97,Moderate,1,24.0,94,0.0,7.0,138,1012.1,100,51.2,52.0,351.0,23.6,44.0,19.3
2025-12-16 00:00:00,2025,12,16,0,An Giang,Xã Giồng Riềng,9.9237413,105.2736878,99,Moderate,1,23.8,95,0.0,6.1,124,1011.8,100,44.5,45.3,323.0,20.6,44.0,16.2
2025-12-16 01:00:00,2025,12,16,1,An Giang,Xã Giồng Riềng,9.9237413,105.2736878,99,Moderate,1,23.6,96,0.0,7.3,118,1011.6,100,39.7,40.7,303.0,18.6,43.0,13.7
2025-12-16 02:00:00,2025,12,16,2,An Giang,Xã Giồng Riềng,9.9237413,105.2736878,100,Moderate,1,23.8,96,0.0,6.7,110,1011.0,100,37.3,39.5,296.0,19.0,39.0,12.3
2025-12-16 03:00:00,2025,12,16,3,An Giang,Xã Giồng Riềng,9.9237413,105.2736878,100,Moderate,1,23.6,96,0.0,5.8,99,1010.4,100,38.5,41.2,296.0,20.5,33.0,11.5
2025-12-16 04:00:00,2025,12,16,4,An Giang,Xã Giồng Riềng,9.9237413,105.2736878,99,Moderate,1,23.6,96,0.0,5.5,73,1009.9,100,39.2,41.7,304.0,21.8,29.0,11.3
2025-12-16 05:00:00,2025,12,16,5,An Giang,Xã Giồng Riềng,9.9237413,105.2736878,99,Moderate,1,23.4,97,0.0,5.2,31,1010.1,100,39.1,41.4,325.0,23.1,25.0,11.9
2025-12-16 06:00:00,2025,12,16,6,An Giang,Xã Giồng Riềng,9.9237413,105.2736878,99,Moderate,1,23.1,98,0.0,5.7,41,1010.3,99,39.9,42.1,354.0,24.2,22.0,13.1
2025-12-16 07:00:00,2025,12,16,7,An Giang,Xã Giồng Riềng,9.9237413,105.2736878,100,Moderate,1,24.2,96,0.0,8.5,25,1010.7,88,31.5,34.0,369.0,21.7,34.0,13.4
2025-12-16 08:00:00,2025,12,16,8,An Giang,Xã Giồng Riềng,9.9237413,105.2736878,99,Moderate,1,26.0,87,0.0,10.6,44,1011.6,100,27.2,30.0,359.0,19.0,47.0,14.9
2025-12-16 09:00:00,2025,12,16,9,An Giang,Xã Giồng Riềng,9.9237413,105.2736878,98,Moderate,1,27.4,79,0.0,11.3,48,1011.9,96,25.5,27.2,336.0,15.1,66.0,17.0
2025-12-16 10:00:00,2025,12,16,10,An Giang,Xã Giồng Riềng,9.9237413,105.2736878,98,Moderate,1,28.4,75,0.1,10.6,46,1011.9,41,26.5,27.6,317.0,11.5,85.0,17.9
2025-12-16 11:00:00,2025,12,16,11,An Giang,Xã Giồng Riềng,9.9237413,105.2736878,98,Moderate,1,29.3,70,0.1,12.1,65,1011.5,25,25.4,26.3,308.0,8.3,105.0,16.6
2025-12-16 12:00:00,2025,12,16,12,An Giang,Xã Giồng Riềng,9.9237413,105.2736878,98,Moderate,1,30.0,67,0.0,12.0,69,1010.7,16,24.4,25.3,302.0,5.3,126.0,14.1
2025-12-16 13:00:00,2025,12,16,13,An Giang,Xã Giồng Riềng,9.9237413,105.2736878,98,Moderate,1,30.0,66,0.0,11.1,65,1010.1,16,23.7,24.7,297.0,3.3,141.0,12.2
2025-12-16 14:00:00,2025,12,16,14,An Giang,Xã Giồng Riềng,9.9237413,105.2736878,98,Moderate,1,30.3,65,0.0,10.2,64,1009.2,15,23.5,24.4,291.0,2.4,149.0,11.5
2025-12-16 15:00:00,2025,12,16,15,An Giang,Xã Giồng Riềng,9.9237413,105.2736878,98,Moderate,1,30.2,63,0.0,10.9,73,1008.8,12,23.0,23.9,285.0,2.5,151.0,11.3
2025-12-16 16:00:00,2025,12,16,16,An Giang,Xã Giồng Riềng,9.9237413,105.2736878,98,Moderate,1,29.5,66,0.0,11.7,80,1009.0,23,22.2,23.2,279.0,4.0,146.0,11.7
2025-12-16 17:00:00,2025,12,16,17,An Giang,Xã Giồng Riềng,9.9237413,105.2736878,98,Moderate,1,28.6,72,0.0,7.5,70,1009.4,17,24.1,24.9,272.0,8.2,130.0,13.2
2025-12-16 18:00:00,2025,12,16,18,An Giang,Xã Giồng Riềng,9.9237413,105.2736878,97,Moderate,1,27.0,79,0.0,6.4,47,1010.0,10,31.0,31.7,265.0,13.8,107.0,15.3
2025-12-16 19:00:00,2025,12,16,19,An Giang,Xã Giồng Riềng,9.9237413,105.2736878,97,Moderate,1,26.0,82,0.0,7.9,77,1011.1,2,32.9,33.4,264.0,15.3,90.0,15.5
2025-12-16 20:00:00,2025,12,16,20,An Giang,Xã Giồng Riềng,9.9237413,105.2736878,97,Moderate,1,25.3,82,0.0,8.5,90,1012.1,93,42.5,42.8,275.0,18.5,77.0,17.1
2025-12-16 21:00:00,2025,12,16,21,An Giang,Xã Giồng Riềng,9.9237413,105.2736878,97,Moderate,1,24.8,85,0.0,7.6,98,1012.2,99,49.9,50.5,292.0,22.8,60.0,19.3
2025-12-16 22:00:00,2025,12,16,22,An Giang,Xã Giồng Riềng,9.9237413,105.2736878,97,Moderate,1,24.2,89,0.0,7.1,117,1011.9,100,54.4,55.1,303.0,25.5,46.0,20.1
2025-12-16 23:00:00,2025,12,16,23,An Giang,Xã Giồng Riềng,9.9237413,105.2736878,97,Moderate,1,23.9,92,0.0,5.4,127,1011.4,100,52.4,53.2,302.0,24.6,40.0,18.3
2025-12-17 00:00:00,2025,12,17,0,An Giang,Xã Giồng Riềng,9.9237413,105.2736878,97,Moderate,1,23.5,94,0.0,4.7,113,1011.1,100,45.8,46.8,294.0,22.1,38.0,15.2
2025-12-17 01:00:00,2025,12,17,1,An Giang,Xã Giồng Riềng,9.9237413,105.2736878,97,Moderate,1,23.0,96,0.0,4.1,88,1010.6,98,39.7,42.0,287.0,20.7,35.0,12.8
2025-12-17 02:00:00,2025,12,17,2,An Giang,Xã Giồng Riềng,9.9237413,105.2736878,97,Moderate,1,23.1,97,0.0,4.2,95,1010.1,83,37.1,39.5,281.0,21.9,30.0,12.1
2025-12-17 03:00:00,2025,12,17,3,An Giang,Xã Giồng Riềng,9.9237413,105.2736878,97,Moderate,1,22.9,98,0.0,4.2,83,1009.9,9,38.9,41.4,275.0,24.4,26.0,12.1
2025-12-17 04:00:00,2025,12,17,4,An Giang,Xã Giồng Riềng,9.9237413,105.2736878,97,Moderate,1,22.6,99,0.0,4.0,80,1009.6,8,46.3,48.9,276.0,26.3,22.0,12.2
2025-12-17 05:00:00,2025,12,17,5,An Giang,Xã Giồng Riềng,9.9237413,105.2736878,98,Moderate,1,22.7,99,0.0,4.9,96,1010.1,99,54.1,56.7,292.0,27.9,16.0,12.1
2025-12-17 06:00:00,2025,12,17,6,An Giang,Xã Giồng Riềng,9.9237413,105.2736878,99,Moderate,1,22.6,100,0.0,3.4,87,1011.0,98,64.7,67.1,315.0,28.9,12.0,12.1
2025-12-17 07:00:00,2025,12,17,7,An Giang,Xã Giồng Riềng,9.9237413,105.2736878,102,Unhealthy for Sensitive Groups,2,23.5,99,0.0,3.0,17,1011.8,100,67.5,71.0,331.0,24.8,23.0,11.7
2025-12-17 08:00:00,2025,12,17,8,An Giang,Xã Giồng Riềng,9.9237413,105.2736878,105,Unhealthy for Sensitive Groups,2,25.1,93,0.0,5.5,38,1012.7,100,43.7,48.4,334.0,20.3,49.0,14.3
2025-12-17 09:00:00,2025,12,17,9,An Giang,Xã Giồng Riềng,9.9237413,105.2736878,107,Unhealthy for Sensitive Groups,2,27.2,81,0.1,8.0,48,1013.3,100,41.1,46.2,329.0,14.1,84.0,17.9
2025-12-17 10:00:00,2025,12,17,10,An Giang,Xã Giồng Riềng,9.9237413,105.2736878,109,Unhealthy for Sensitive Groups,2,28.5,75,0.0,9.9,55,1013.1,100,36.8,38.4,322.0,9.0,115.0,19.8
2025-12-17 11:00:00,2025,12,17,11,An Giang,Xã Giồng Riềng,9.9237413,105.2736878,110,Unhealthy for Sensitive Groups,2,29.4,73,0.1,9.3,46,1012.2,100,36.1,37.4,311.0,6.0,135.0,18.5
2025-12-17 12:00:00,2025,12,17,12,An Giang,Xã Giồng Riềng,9.9237413,105.2736878,111,Unhealthy for Sensitive Groups,2,30.0,71,0.1,9.8,47,1011.1,100,35.9,37.1,296.0,4.1,149.0,15.5
2025-12-17 13:00:00,2025,12,17,13,An Giang,Xã Giồng Riềng,9.9237413,105.2736878,112,Unhealthy for Sensitive Groups,2,30.1,66,0.0,9.2,48,1010.2,85,35.3,36.6,285.0,2.9,160.0,13.4
2025-12-17 14:00:00,2025,12,17,14,An Giang,Xã Giồng Riềng,9.9237413,105.2736878,113,Unhealthy for Sensitive Groups,2,30.8,65,0.0,8.4,50,1009.2,80,35.4,36.8,278.0,2.3,169.0,13.1
2025-12-17 15:00:00,2025,12,17,15,An Giang,Xã Giồng Riềng,9.9237413,105.2736878,114,Unhealthy for Sensitive Groups,2,30.4,66,0.0,9.7,56,1008.6,27,36.0,37.3,274.0,2.4,174.0,13.7
2025-12-17 16:00:00,2025,12,17,16,An Giang,Xã Giồng Riềng,9.9237413,105.2736878,116,Unhealthy for Sensitive Groups,2,29.0,67,0.5,12.6,62,1008.7,57,36.8,38.1,277.0,3.5,171.0,14.3
2025-12-17 17:00:00,2025,12,17,17,An Giang,Xã Giồng Riềng,9.9237413,105.2736878,117,Unhealthy for Sensitive Groups,2,25.6,83,0.5,12.8,88,1009.3,84,38.6,39.7,290.0,6.2,154.0,15.0
2025-12-17 18:00:00,2025,12,17,18,An Giang,Xã Giồng Riềng,9.9237413,105.2736878,128,Unhealthy for Sensitive Groups,2,25.1,86,0.0,7.8,98,1010.2,80,40.3,41.2,309.0,9.8,127.0,15.8
2025-12-17 19:00:00,2025,12,17,19,An Giang,Xã Giồng Riềng,9.9237413,105.2736878,130,Unhealthy for Sensitive Groups,2,26.1,90,0.0,6.3,114,1010.5,22,45.5,46.3,326.0,15.1,87.0,15.5
2025-12-17 20:00:00,2025,12,17,20,An Giang,Xã Giồng Riềng,9.9237413,105.2736878,121,Unhealthy for Sensitive Groups,2,25.8,89,0.0,6.0,99,1011.7,93,44.8,45.6,342.0,14.2,83.0,15.0
2025-12-17 21:00:00,2025,12,17,21,An Giang,Xã Giồng Riềng,9.9237413,105.2736878,121,Unhealthy for Sensitive Groups,2,25.4,88,0.0,7.9,120,1011.9,100,40.3,41.1,356.0,13.1,77.0,14.4
2025-12-17 22:00:00,2025,12,17,22,An Giang,Xã Giồng Riềng,9.9237413,105.2736878,120,Unhealthy for Sensitive Groups,2,25.1,87,0.0,10.5,117,1011.8,99,31.5,32.9,356.0,12.4,70.0,13.4
2025-12-17 23:00:00,2025,12,17,23,An Giang,Xã Giồng Riềng,9.9237413,105.2736878,118,Unhealthy for Sensitive Groups,2,24.9,89,0.0,10.3,112,1011.8,91,24.7,26.3,331.0,12.5,61.0,11.9
2025-12-18 00:00:00,2025,12,18,0,An Giang,Xã Giồng Riềng,9.9237413,105.2736878,115,Unhealthy for Sensitive Groups,2,24.8,91,0.0,10.1,102,1011.6,99,21.7,23.7,292.0,13.0,51.0,10.1
2025-12-18 01:00:00,2025,12,18,1,An Giang,Xã Giồng Riềng,9.9237413,105.2736878,113,Unhealthy for Sensitive Groups,2,25.2,89,0.0,12.2,106,1010.8,100,20.7,22.7,267.0,13.9,43.0,8.9
2025-12-18 02:00:00,2025,12,18,2,An Giang,Xã Giồng Riềng,9.9237413,105.2736878,111,Unhealthy for Sensitive Groups,2,23.9,94,0.6,14.4,33,1010.5,100,21.4,23.3,265.0,15.2,38.0,8.7
2025-12-18 03:00:00,2025,12,18,3,An Giang,Xã Giồng Riềng,9.9237413,105.2736878,109,Unhealthy for Sensitive Groups,2,23.1,93,0.1,13.2,34,1010.3,100,23.2,25.1,276.0,16.9,34.0,9.2
2025-12-18 04:00:00,2025,12,18,4,An Giang,Xã Giồng Riềng,9.9237413,105.2736878,107,Unhealthy for Sensitive Groups,2,23.2,93,0.5,12.4,49,1010.2,91,24.5,26.5,297.0,18.3,32.0,10.1
2025-12-18 05:00:00,2025,12,18,5,An Giang,Xã Giồng Riềng,9.9237413,105.2736878,105,Unhealthy for Sensitive Groups,2,23.2,93,0.2,8.7,47,1010.2,100,26.6,28.8,342.0,19.8,28.0,11.7
2025-12-18 06:00:00,2025,12,18,6,An Giang,Xã Giồng Riềng,9.9237413,105.2736878,102,Unhealthy for Sensitive Groups,2,23.1,94,0.0,7.7,24,1010.7,100,30.2,32.4,397.0,21.1,24.0,13.6
2025-12-18 07:00:00,2025,12,18,7,An Giang,Xã Giồng Riềng,9.9237413,105.2736878,99,Moderate,1,24.6,96,0.0,7.7,33,1011.3,100,36.8,39.0,420.0,18.6,37.0,15.2
2025-12-18 08:00:00,2025,12,18,8,An Giang,Xã Giồng Riềng,9.9237413,105.2736878,96,Moderate,1,26.0,88,0.0,10.3,23,1012.2,100,35.5,37.4,381.0,15.8,48.0,14.8
2025-12-18 09:00:00,2025,12,18,9,An Giang,Xã Giồng Riềng,9.9237413,105.2736878,95,Moderate,1,26.8,82,0.0,12.0,22,1012.9,99,28.0,29.6,310.0,11.8,64.0,14.1
2025-12-18 10:00:00,2025,12,18,10,An Giang,Xã Giồng Riềng,9.9237413,105.2736878,94,Moderate,1,27.0,75,0.0,12.4,26,1012.8,95,27.6,28.8,256.0,8.3,80.0,13.3
2025-12-18 11:00:00,2025,12,18,11,An Giang,Xã Giồng Riềng,9.9237413,105.2736878,93,Moderate,1,28.2,70,0.0,12.0,28,1012.1,93,26.0,26.9,238.0,5.9,98.0,12.0
2025-12-18 12:00:00,2025,12,18,12,An Giang,Xã Giồng Riềng,9.9237413,105.2736878,92,Moderate,1,29.1,68,0.0,10.2,31,1011.2,44,26.4,27.3,237.0,4.0,116.0,10.6
2025-12-18 13:00:00,2025,12,18,13,An Giang,Xã Giồng Riềng,9.9237413,105.2736878,92,Moderate,1,29.5,65,0.0,10.0,51,1010.2,64,24.6,25.4,238.0,2.8,130.0,9.7
2025-12-18 14:00:00,2025,12,18,14,An Giang,Xã Giồng Riềng,9.9237413,105.2736878,91,Moderate,1,29.5,65,0.0,9.4,54,1009.3,98,24.4,25.3,236.0,2.1,139.0,9.7
2025-12-18 15:00:00,2025,12,18,15,An Giang,Xã Giồng Riềng,9.9237413,105.2736878,90,Moderate,1,28.9,67,0.0,9.0,46,1008.7,100,24.5,25.3,237.0,2.2,143.0,10.2
2025-12-18 16:00:00,2025,12,18,16,An Giang,Xã Giồng Riềng,9.9237413,105.2736878,89,Moderate,1,28.5,69,0.0,7.7,37,1008.7,100,24.7,25.6,244.0,3.9,139.0,11.2
2025-12-18 17:00:00,2025,12,18,17,An Giang,Xã Giồng Riềng,9.9237413,105.2736878,88,Moderate,1,27.9,75,0.0,4.6,39,1008.5,100,26.6,27.3,262.0,8.4,123.0,12.8
2025-12-18 18:00:00,2025,12,18,18,An Giang,Xã Giồng Riềng,9.9237413,105.2736878,87,Moderate,1,26.7,79,0.0,4.4,63,1009.1,100,34.5,35.0,286.0,14.5,98.0,14.9
2025-12-18 19:00:00,2025,12,18,19,An Giang,Xã Giồng Riềng,9.9237413,105.2736878,86,Moderate,1,26.9,82,0.0,0.7,90,1009.9,98,35.3,35.6,307.0,17.5,69.0,14.4
2025-12-18 20:00:00,2025,12,18,20,An Giang,Xã Giồng Riềng,9.9237413,105.2736878,85,Moderate,1,26.5,83,0.0,0.8,153,1010.8,97,39.3,39.7,319.0,19.6,61.0,15.9
2025-12-18 21:00:00,2025,12,18,21,An Giang,Xã Giồng Riềng,9.9237413,105.2736878,85,Moderate,1,25.7,86,0.0,0.7,180,1011.0,90,42.0,42.3,328.0,22.7,49.0,18.0
2025-12-18 22:00:00,2025,12,18,22,An Giang,Xã Giồng Riềng,9.9237413,105.2736878,85,Moderate,1,25.0,88,0.0,1.7,162,1010.8,100,49.1,50.2,339.0,26.1,39.0,19.8
2025-12-18 23:00:00,2025,12,18,23,An Giang,Xã Giồng Riềng,9.9237413,105.2736878,86,Moderate,1,24.6,90,0.0,0.0,270,1010.5,100,56.3,57.7,358.0,30.3,32.0,21.1
2025-12-19 00:00:00,2025,12,19,0,An Giang,Xã Giồng Riềng,9.9237413,105.2736878,89,Moderate,1,24.0,93,0.0,3.1,339,1010.2,99,61.5,63.1,379.0,34.8,26.0,22.0
2025-12-19 01:00:00,2025,12,19,1,An Giang,Xã Giồng Riềng,9.9237413,105.2736878,93,Moderate,1,23.9,93,0.0,7.3,350,1009.9,97,65.0,66.6,395.0,37.3,21.0,21.9
2025-12-19 02:00:00,2025,12,19,2,An Giang,Xã Giồng Riềng,9.9237413,105.2736878,97,Moderate,1,23.8,88,0.0,7.6,19,1009.2,52,65.2,66.6,397.0,36.7,17.0,19.8
2025-12-19 03:00:00,2025,12,19,3,An Giang,Xã Giồng Riềng,9.9237413,105.2736878,101,Unhealthy for Sensitive Groups,2,23.5,84,0.0,9.6,21,1008.6,55,61.0,61.5,394.0,34.1,15.0,16.7
2025-12-19 04:00:00,2025,12,19,4,An Giang,Xã Giồng Riềng,9.9237413,105.2736878,105,Unhealthy for Sensitive Groups,2,23.2,80,0.0,12.1,15,1008.5,59,56.3,56.7,402.0,30.9,15.0,14.3
2025-12-19 05:00:00,2025,12,19,5,An Giang,Xã Giồng Riềng,9.9237413,105.2736878,108,Unhealthy for Sensitive Groups,2,23.1,80,0.0,12.0,16,1008.9,70,51.1,51.3,443.0,27.4,17.0,13.5
2025-12-19 06:00:00,2025,12,19,6,An Giang,Xã Giồng Riềng,9.9237413,105.2736878,110,Unhealthy for Sensitive Groups,2,22.6,83,0.0,9.1,22,1009.4,68,44.8,45.1,496.0,23.3,21.0,13.3
2025-12-19 07:00:00,2025,12,19,7,An Giang,Xã Giồng Riềng,9.9237413,105.2736878,112,Unhealthy for Sensitive Groups,2,23.6,83,0.0,9.4,32,1010.1,72,22.2,22.8,508.0,20.7,36.0,12.0
2025-12-19 08:00:00,2025,12,19,8,An Giang,Xã Giồng Riềng,9.9237413,105.2736878,110,Unhealthy for Sensitive Groups,2,25.5,78,0.0,7.9,27,1011.1,85,20.1,21.1,442.0,16.9,58.0,13.0
2025-12-19 09:00:00,2025,12,19,9,An Giang,Xã Giồng Riềng,9.9237413,105.2736878,109,Unhealthy for Sensitive Groups,2,26.8,73,0.0,10.2,24,1011.4,86,16.4,17.5,336.0,11.5,88.0,14.3
2025-12-19 10:00:00,2025,12,19,10,An Giang,Xã Giồng Riềng,9.9237413,105.2736878,108,Unhealthy for Sensitive Groups,2,27.8,71,0.0,9.8,23,1011.4,75,15.5,15.7,256.0,7.2,113.0,14.9
2025-12-19 11:00:00,2025,12,19,11,An Giang,Xã Giồng Riềng,9.9237413,105.2736878,106,Unhealthy for Sensitive Groups,2,28.6,69,0.0,8.9,24,1011.2,95,16.2,16.4,233.0,4.9,128.0,14.1
2025-12-19 12:00:00,2025,12,19,12,An Giang,Xã Giồng Riềng,9.9237413,105.2736878,105,Unhealthy for Sensitive Groups,2,29.5,68,0.0,8.7,27,1010.0,99,16.2,16.4,236.0,3.6,139.0,12.5
2025-12-19 13:00:00,2025,12,19,13,An Giang,Xã Giồng Riềng,9.9237413,105.2736878,104,Unhealthy for Sensitive Groups,2,30.2,62,0.0,8.0,50,1008.9,100,16.1,16.4,239.0,2.8,146.0,11.3
2025-12-19 14:00:00,2025,12,19,14,An Giang,Xã Giồng Riềng,9.9237413,105.2736878,103,Unhealthy for Sensitive Groups,2,30.2,62,0.0,7.0,61,1007.9,98,18.0,18.4,230.0,2.2,150.0,10.7
2025-12-19 15:00:00,2025,12,19,15,An Giang,Xã Giồng Riềng,9.9237413,105.2736878,103,Unhealthy for Sensitive Groups,2,30.1,63,0.0,6.7,70,1007.3,98,17.7,18.0,221.0,2.1,151.0,10.4
2025-12-19 16:00:00,2025,12,19,16,An Giang,Xã Giồng Riềng,9.9237413,105.2736878,102,Unhealthy for Sensitive Groups,2,29.6,65,0.0,6.8,68,1007.2,96,18.2,18.5,228.0,3.4,147.0,10.8
2025-12-19 17:00:00,2025,12,19,17,An Giang,Xã Giồng Riềng,9.9237413,105.2736878,101,Unhealthy for Sensitive Groups,2,28.9,72,0.0,4.2,72,1007.3,98,20.3,20.6,268.0,7.1,134.0,12.5
2025-12-19 18:00:00,2025,12,19,18,An Giang,Xã Giồng Riềng,9.9237413,105.2736878,102,Unhealthy for Sensitive Groups,2,27.3,79,0.0,3.4,72,1008.0,100,29.2,29.5,323.0,12.1,116.0,14.9
2025-12-19 19:00:00,2025,12,19,19,An Giang,Xã Giồng Riềng,9.9237413,105.2736878,103,Unhealthy for Sensitive Groups,2,26.3,86,0.0,4.8,165,1009.0,98,44.8,45.4,360.0,14.2,95.0,16.2
2025-12-19 20:00:00,2025,12,19,20,An Giang,Xã Giồng Riềng,9.9237413,105.2736878,101,Unhealthy for Sensitive Groups,2,25.7,88,0.0,4.2,187,1009.2,100,46.9,47.4,362.0,14.9,87.0,16.4
2025-12-19 21:00:00,2025,12,19,21,An Giang,Xã Giồng Riềng,9.9237413,105.2736878,102,Unhealthy for Sensitive Groups,2,25.0,90,0.0,4.2,185,1009.7,97,48.9,49.4,345.0,16.0,76.0,16.7
2025-12-19 22:00:00,2025,12,19,22,An Giang,Xã Giồng Riềng,9.9237413,105.2736878,103,Unhealthy for Sensitive Groups,2,24.8,91,0.0,5.4,166,1009.7,98,49.2,49.8,327.0,16.9,66.0,16.5
2025-12-19 23:00:00,2025,12,19,23,An Giang,Xã Giồng Riềng,9.9237413,105.2736878,103,Unhealthy for Sensitive Groups,2,24.5,92,0.0,8.2,165,1009.4,97,46.9,47.6,309.0,17.3,58.0,15.3
2025-12-20 00:00:00,2025,12,20,0,An Giang,Xã Giồng Riềng,9.9237413,105.2736878,102,Unhealthy for Sensitive Groups,2,24.1,94,0.0,5.5,169,1009.6,100,45.9,46.6,290.0,17.5,51.0,13.5
2025-12-20 01:00:00,2025,12,20,1,An Giang,Xã Giồng Riềng,9.9237413,105.2736878,100,Moderate,1,23.5,96,0.0,4.5,157,1009.3,90,48.4,49.4,280.0,18.5,45.0,12.3
2025-12-20 02:00:00,2025,12,20,2,An Giang,Xã Giồng Riềng,9.9237413,105.2736878,99,Moderate,1,23.2,97,0.0,3.5,156,1008.8,94,52.7,53.9,284.0,21.0,40.0,12.4
2025-12-20 03:00:00,2025,12,20,3,An Giang,Xã Giồng Riềng,9.9237413,105.2736878,97,Moderate,1,23.0,97,0.0,0.4,297,1008.1,92,57.2,58.7,297.0,24.3,36.0,12.9
2025-12-20 04:00:00,2025,12,20,4,An Giang,Xã Giồng Riềng,9.9237413,105.2736878,97,Moderate,1,22.6,99,0.0,4.1,319,1008.3,93,64.7,66.1,312.0,26.9,33.0,12.8
2025-12-20 05:00:00,2025,12,20,5,An Giang,Xã Giồng Riềng,9.9237413,105.2736878,98,Moderate,1,22.4,99,0.0,2.0,333,1008.6,99,76.1,76.8,333.0,29.2,26.0,10.9
2025-12-20 06:00:00,2025,12,20,6,An Giang,Xã Giồng Riềng,9.9237413,105.2736878,100,Moderate,1,22.2,100,0.0,0.8,45,1009.2,100,83.4,84.1,358.0,30.8,20.0,8.3
2025-12-20 07:00:00,2025,12,20,7,An Giang,Xã Giồng Riềng,9.9237413,105.2736878,104,Unhealthy for Sensitive Groups,2,23.0,99,0.0,2.4,279,1009.7,100,143.9,144.8,367.0,39.2,16.0,12.8
2025-12-20 08:00:00,2025,12,20,8,An Giang,Xã Giồng Riềng,9.9237413,105.2736878,117,Unhealthy for Sensitive Groups,2,25.9,90,0.0,2.6,286,1010.6,100,88.0,89.9,352.0,29.3,51.0,13.8
2025-12-20 09:00:00,2025,12,20,9,An Giang,Xã Giồng Riềng,9.9237413,105.2736878,124,Unhealthy for Sensitive Groups,2,27.8,79,0.0,6.8,318,1010.9,100,58.3,59.8,322.0,15.7,99.0,15.1
2025-12-20 10:00:00,2025,12,20,10,An Giang,Xã Giồng Riềng,9.9237413,105.2736878,128,Unhealthy for Sensitive Groups,2,28.9,72,0.1,9.1,352,1010.5,97,49.6,50.8,291.0,5.5,134.0,15.2
2025-12-20 11:00:00,2025,12,20,11,An Giang,Xã Giồng Riềng,9.9237413,105.2736878,132,Unhealthy for Sensitive Groups,2,30.0,64,0.0,11.4,6,1010.0,98,41.1,42.4,261.0,2.0,144.0,12.9
2025-12-20 12:00:00,2025,12,20,12,An Giang,Xã Giồng Riềng,9.9237413,105.2736878,134,Unhealthy for Sensitive Groups,2,30.6,59,0.0,13.8,14,1009.1,99,32.1,33.3,230.0,1.9,140.0,9.4
2025-12-20 13:00:00,2025,12,20,13,An Giang,Xã Giồng Riềng,9.9237413,105.2736878,136,Unhealthy for Sensitive Groups,2,31.0,56,0.0,16.6,20,1007.8,100,25.0,26.0,206.0,2.2,132.0,6.6
2025-12-20 14:00:00,2025,12,20,14,An Giang,Xã Giồng Riềng,9.9237413,105.2736878,137,Unhealthy for Sensitive Groups,2,30.9,57,0.0,15.9,28,1006.7,100,19.3,20.4,192.0,1.7,122.0,5.1
2025-12-20 15:00:00,2025,12,20,15,An Giang,Xã Giồng Riềng,9.9237413,105.2736878,137,Unhealthy for Sensitive Groups,2,30.8,58,0.0,14.5,34,1006.3,100,16.0,17.1,185.0,1.7,109.0,4.4
2025-12-20 16:00:00,2025,12,20,16,An Giang,Xã Giồng Riềng,9.9237413,105.2736878,137,Unhealthy for Sensitive Groups,2,30.4,61,0.0,12.2,41,1006.3,100,13.0,14.0,189.0,2.8,95.0,4.5
2025-12-20 17:00:00,2025,12,20,17,An Giang,Xã Giồng Riềng,9.9237413,105.2736878,136,Unhealthy for Sensitive Groups,2,29.1,67,0.0,8.8,44,1006.7,100,12.9,13.6,209.0,5.9,81.0,5.8
2025-12-20 18:00:00,2025,12,20,18,An Giang,Xã Giồng Riềng,9.9237413,105.2736878,136,Unhealthy for Sensitive Groups,2,27.4,74,0.0,5.9,52,1007.6,100,16.9,17.5,241.0,10.0,68.0,7.9
2025-12-20 19:00:00,2025,12,20,19,An Giang,Xã Giồng Riềng,9.9237413,105.2736878,134,Unhealthy for Sensitive Groups,2,26.7,77,0.0,5.9,59,1007.8,97,25.6,26.5,273.0,15.3,53.0,9.8
2025-12-20 20:00:00,2025,12,20,20,An Giang,Xã Giồng Riềng,9.9237413,105.2736878,132,Unhealthy for Sensitive Groups,2,26.1,82,0.0,10.1,114,1009.1,92,33.3,34.5,304.0,15.9,55.0,11.4
2025-12-20 21:00:00,2025,12,20,21,An Giang,Xã Giồng Riềng,9.9237413,105.2736878,131,Unhealthy for Sensitive Groups,2,25.4,87,0.0,5.1,126,1009.3,95,40.6,41.3,337.0,16.7,59.0,13.6
2025-12-20 22:00:00,2025,12,20,22,An Giang,Xã Giồng Riềng,9.9237413,105.2736878,130,Unhealthy for Sensitive Groups,2,24.6,92,0.0,4.6,121,1009.4,100,47.7,48.5,364.0,17.5,61.0,15.1
2025-12-20 23:00:00,2025,12,20,23,An Giang,Xã Giồng Riềng,9.9237413,105.2736878,130,Unhealthy for Sensitive Groups,2,24.2,93,0.0,0.9,101,1009.4,100,52.9,53.8,385.0,18.0,62.0,15.8
2025-12-21 00:00:00,2025,12,21,0,An Giang,Xã Giồng Riềng,9.9237413,105.2736878,130,Unhealthy for Sensitive Groups,2,23.9,95,0.0,0.7,180,1009.9,100,58.1,59.1,401.0,18.4,61.0,15.8
2025-12-21 01:00:00,2025,12,21,1,An Giang,Xã Giồng Riềng,9.9237413,105.2736878,132,Unhealthy for Sensitive Groups,2,23.4,97,0.0,0.4,360,1009.8,100,62.9,64.0,413.0,19.3,58.0,14.6
2025-12-21 02:00:00,2025,12,21,2,An Giang,Xã Giồng Riềng,9.9237413,105.2736878,133,Unhealthy for Sensitive Groups,2,23.1,98,0.0,3.3,81,1009.2,98,67.3,68.5,417.0,21.4,51.0,11.1
2025-12-21 03:00:00,2025,12,21,3,An Giang,Xã Giồng Riềng,9.9237413,105.2736878,135,Unhealthy for Sensitive Groups,2,22.8,99,0.0,0.4,63,1008.6,95,81.3,82.7,417.0,24.0,41.0,6.4
2025-12-21 04:00:00,2025,12,21,4,An Giang,Xã Giồng Riềng,9.9237413,105.2736878,137,Unhealthy for Sensitive Groups,2,22.4,100,0.0,0.3,315,1008.4,99,108.7,110.1,423.0,25.4,34.0,3.5
2025-12-21 05:00:00,2025,12,21,5,An Giang,Xã Giồng Riềng,9.9237413,105.2736878,142,Unhealthy for Sensitive Groups,2,22.1,100,0.0,1.8,315,1008.6,100,121.1,122.5,451.0,25.0,28.0,3.7
2025-12-21 06:00:00,2025,12,21,6,An Giang,Xã Giồng Riềng,9.9237413,105.2736878,147,Unhealthy for Sensitive Groups,2,21.8,100,0.0,3.7,299,1009.2,100,117.8,119.0,485.0,23.3,25.0,5.6
2025-12-21 07:00:00,2025,12,21,7,An Giang,Xã Giồng Riềng,9.9237413,105.2736878,150,Unhealthy for Sensitive Groups,2,22.8,99,0.0,3.0,335,1010.0,100,103.1,103.8,489.0,24.8,26.0,8.0
2025-12-21 08:00:00,2025,12,21,8,An Giang,Xã Giồng Riềng,9.9237413,105.2736878,146,Unhealthy for Sensitive Groups,2,24.9,97,0.0,4.6,329,1011.0,100,73.1,74.3,435.0,19.7,60.0,12.0
2025-12-21 09:00:00,2025,12,21,9,An Giang,Xã Giồng Riềng,9.9237413,105.2736878,144,Unhealthy for Sensitive Groups,2,27.4,81,0.0,6.6,349,1011.4,95,49.0,50.2,350.0,12.6,105.0,17.2
2025-12-21 10:00:00,2025,12,21,10,An Giang,Xã Giồng Riềng,9.9237413,105.2736878,143,Unhealthy for Sensitive Groups,2,28.9,70,0.0,10.8,18,1011.1,91,34.7,35.6,280.0,6.9,137.0,19.7
2025-12-21 11:00:00,2025,12,21,11,An Giang,Xã Giồng Riềng,9.9237413,105.2736878,142,Unhealthy for Sensitive Groups,2,29.9,66,0.0,11.5,27,1010.5,92,23.9,24.3,243.0,4.1,141.0,16.6
2025-12-21 12:00:00,2025,12,21,12,An Giang,Xã Giồng Riềng,9.9237413,105.2736878,140,Unhealthy for Sensitive Groups,2,30.6,62,0.0,12.3,25,1009.4,83,15.4,15.7,220.0,2.8,130.0,10.7
2025-12-21 13:00:00,2025,12,21,13,An Giang,Xã Giồng Riềng,9.9237413,105.2736878,138,Unhealthy for Sensitive Groups,2,30.9,62,0.0,13.6,30,1008.9,52,11.6,11.7,205.0,2.1,120.0,6.3
2025-12-21 14:00:00,2025,12,21,14,An Giang,Xã Giồng Riềng,9.9237413,105.2736878,137,Unhealthy for Sensitive Groups,2,31.0,61,0.0,11.8,39,1007.8,89,9.6,9.7,192.0,1.4,117.0,5.2
2025-12-21 15:00:00,2025,12,21,15,An Giang,Xã Giồng Riềng,9.9237413,105.2736878,136,Unhealthy for Sensitive Groups,2,31.0,61,0.0,10.1,41,1007.3,98,9.3,9.4,185.0,1.3,115.0,5.7
2025-12-21 16:00:00,2025,12,21,16,An Giang,Xã Giồng Riềng,9.9237413,105.2736878,135,Unhealthy for Sensitive Groups,2,30.8,61,0.0,8.9,45,1007.3,99,10.0,10.1,192.0,2.8,110.0,7.0
2025-12-21 17:00:00,2025,12,21,17,An Giang,Xã Giồng Riềng,9.9237413,105.2736878,135,Unhealthy for Sensitive Groups,2,29.6,71,0.0,4.2,65,1007.4,98,12.2,12.4,221.0,7.5,99.0,9.5
2025-12-21 18:00:00,2025,12,21,18,An Giang,Xã Giồng Riềng,9.9237413,105.2736878,135,Unhealthy for Sensitive Groups,2,27.8,77,0.0,4.4,109,1008.0,84,19.9,20.0,264.0,13.8,84.0,12.7
2025-12-21 19:00:00,2025,12,21,19,An Giang,Xã Giồng Riềng,9.9237413,105.2736878,135,Unhealthy for Sensitive Groups,2,26.8,81,0.0,8.6,141,1008.9,73,24.8,25.6,301.0,17.7,52.0,12.2
2025-12-21 20:00:00,2025,12,21,20,An Giang,Xã Giồng Riềng,9.9237413,105.2736878,135,Unhealthy for Sensitive Groups,2,26.0,86,0.0,7.4,173,1009.8,68,33.6,34.8,327.0,21.5,45.0,14.9
2025-12-21 21:00:00,2025,12,21,21,An Giang,Xã Giồng Riềng,9.9237413,105.2736878,135,Unhealthy for Sensitive Groups,2,25.3,90,0.0,4.5,203,1010.1,99,42.6,43.8,347.0,26.8,35.0,18.7
2025-12-21 22:00:00,2025,12,21,22,An Giang,Xã Giồng Riềng,9.9237413,105.2736878,135,Unhealthy for Sensitive Groups,2,24.6,94,0.0,3.3,311,1010.2,100,49.7,51.0,354.0,31.1,27.0,21.3
2025-12-21 23:00:00,2025,12,21,23,An Giang,Xã Giồng Riềng,9.9237413,105.2736878,135,Unhealthy for Sensitive Groups,2,24.6,93,0.0,1.8,53,1010.5,100,54.9,56.3,343.0,33.4,24.0,21.8
2025-12-22 00:00:00,2025,12,22,0,An Giang,Xã Giồng Riềng,9.9237413,105.2736878,136,Unhealthy for Sensitive Groups,2,24.0,96,0.0,1.7,162,1010.5,99,57.0,58.2,320.0,34.7,22.0,21.2
2025-12-22 01:00:00,2025,12,22,1,An Giang,Xã Giồng Riềng,9.9237413,105.2736878,136,Unhealthy for Sensitive Groups,2,23.7,99,0.0,2.6,214,1010.0,97,59.4,60.5,296.0,35.4,21.0,20.1
2025-12-22 02:00:00,2025,12,22,2,An Giang,Xã Giồng Riềng,9.9237413,105.2736878,135,Unhealthy for Sensitive Groups,2,23.5,99,0.0,2.6,245,1009.7,66,60.5,61.7,274.0,36.1,17.0,18.7
2025-12-22 03:00:00,2025,12,22,3,An Giang,Xã Giồng Riềng,9.9237413,105.2736878,134,Unhealthy for Sensitive Groups,2,23.5,98,0.0,3.1,277,1009.3,98,61.2,62.4,251.0,36.3,14.0,16.9
2025-12-22 04:00:00,2025,12,22,4,An Giang,Xã Giồng Riềng,9.9237413,105.2736878,132,Unhealthy for Sensitive Groups,2,23.4,94,0.0,4.7,332,1009.3,97,58.0,59.0,236.0,34.7,13.0,15.2
2025-12-22 05:00:00,2025,12,22,5,An Giang,Xã Giồng Riềng,9.9237413,105.2736878,127,Unhealthy for Sensitive Groups,2,23.3,92,0.0,5.6,345,1009.4,100,42.8,43.4,236.0,30.4,16.0,13.7
2025-12-22 06:00:00,2025,12,22,6,An Giang,Xã Giồng Riềng,9.9237413,105.2736878,119,Unhealthy for Sensitive Groups,2,23.0,93,0.0,5.1,343,1009.8,10,34.2,34.8,244.0,24.3,21.0,12.4
2025-12-22 07:00:00,2025,12,22,7,An Giang,Xã Giồng Riềng,9.9237413,105.2736878,110,Unhealthy for Sensitive Groups,2,24.2,89,0.0,8.4,349,1010.4,97,53.6,55.2,247.0,20.3,32.0,12.6
2025-12-22 08:00:00,2025,12,22,8,An Giang,Xã Giồng Riềng,9.9237413,105.2736878,105,Unhealthy for Sensitive Groups,2,26.1,83,0.0,7.7,359,1011.4,93,38.2,39.5,237.0,15.9,58.0,13.0
2025-12-22 09:00:00,2025,12,22,9,An Giang,Xã Giồng Riềng,9.9237413,105.2736878,101,Unhealthy for Sensitive Groups,2,27.5,77,0.0,9.6,355,1011.3,81,29.5,30.6,222.0,9.8,93.0,13.5
2025-12-22 10:00:00,2025,12,22,10,An Giang,Xã Giồng Riềng,9.9237413,105.2736878,100,Moderate,1,28.7,72,0.0,9.0,6,1011.1,95,28.2,28.9,208.0,5.2,123.0,13.8
2025-12-22 11:00:00,2025,12,22,11,An Giang,Xã Giồng Riềng,9.9237413,105.2736878,99,Moderate,1,30.0,67,0.0,9.1,14,1010.4,98,30.2,31.0,199.0,3.4,141.0,13.8
2025-12-22 12:00:00,2025,12,22,12,An Giang,Xã Giồng Riềng,9.9237413,105.2736878,100,Moderate,1,30.4,64,0.1,8.5,27,1009.1,99,31.4,32.4,191.0,3.1,154.0,13.7
2025-12-22 13:00:00,2025,12,22,13,An Giang,Xã Giồng Riềng,9.9237413,105.2736878,101,Unhealthy for Sensitive Groups,2,30.8,63,0.1,9.2,33,1008.2,94,32.0,32.9,185.0,3.1,162.0,13.5
2025-12-22 14:00:00,2025,12,22,14,An Giang,Xã Giồng Riềng,9.9237413,105.2736878,103,Unhealthy for Sensitive Groups,2,31.0,61,0.0,8.5,36,1007.2,45,34.3,35.6,178.0,3.0,167.0,13.2
2025-12-22 15:00:00,2025,12,22,15,An Giang,Xã Giồng Riềng,9.9237413,105.2736878,106,Unhealthy for Sensitive Groups,2,30.9,61,0.0,8.8,41,1006.5,30,33.2,34.2,172.0,3.2,168.0,12.8
2025-12-22 16:00:00,2025,12,22,16,An Giang,Xã Giồng Riềng,9.9237413,105.2736878,108,Unhealthy for Sensitive Groups,2,30.4,63,0.0,8.9,45,1006.3,10,34.3,35.4,175.0,3.9,163.0,12.7
2025-12-22 17:00:00,2025,12,22,17,An Giang,Xã Giồng Riềng,9.9237413,105.2736878,116,Unhealthy for Sensitive Groups,2,29.5,70,0.0,6.3,55,1006.9,8,35.4,36.2,187.0,5.5,149.0,13.0
2025-12-22 18:00:00,2025,12,22,18,An Giang,Xã Giồng Riềng,9.9237413,105.2736878,128,Unhealthy for Sensitive Groups,2,27.7,78,0.0,4.7,67,1007.6,7,40.4,41.1,206.0,7.6,130.0,13.5
2025-12-22 19:00:00,2025,12,22,19,An Giang,Xã Giồng Riềng,9.9237413,105.2736878,129,Unhealthy for Sensitive Groups,2,26.4,83,0.0,1.5,30,1008.6,40,35.6,36.1,239.0,9.5,106.0,13.5
2025-12-22 20:00:00,2025,12,22,20,An Giang,Xã Giồng Riềng,9.9237413,105.2736878,122,Unhealthy for Sensitive Groups,2,26.1,84,0.0,1.0,135,1009.2,55,37.3,37.5,301.0,10.1,101.0,14.6
2025-12-22 21:00:00,2025,12,22,21,An Giang,Xã Giồng Riềng,9.9237413,105.2736878,117,Unhealthy for Sensitive Groups,2,25.5,87,0.0,3.9,146,1009.2,80,39.3,39.6,376.0,11.0,95.0,16.1
2025-12-22 22:00:00,2025,12,22,22,An Giang,Xã Giồng Riềng,9.9237413,105.2736878,117,Unhealthy for Sensitive Groups,2,25.0,89,0.0,7.5,132,1009.6,97,42.1,42.5,418.0,12.2,87.0,17.0
2025-12-22 23:00:00,2025,12,22,23,An Giang,Xã Giồng Riềng,9.9237413,105.2736878,116,Unhealthy for Sensitive Groups,2,24.8,90,0.1,4.0,80,1009.4,98,46.6,46.9,396.0,13.9,77.0,16.9
2025-12-23 00:00:00,2025,12,23,0,An Giang,Xã Giồng Riềng,9.9237413,105.2736878,115,Unhealthy for Sensitive Groups,2,24.5,92,0.0,3.6,186,1009.4,96,51.1,51.5,340.0,15.9,66.0,16.3
2025-12-23 01:00:00,2025,12,23,1,An Giang,Xã Giồng Riềng,9.9237413,105.2736878,114,Unhealthy for Sensitive Groups,2,23.9,97,0.0,3.5,189,1008.7,99,55.3,55.8,297.0,17.9,57.0,15.6
2025-12-23 02:00:00,2025,12,23,2,An Giang,Xã Giồng Riềng,9.9237413,105.2736878,114,Unhealthy for Sensitive Groups,2,23.8,97,0.0,2.5,201,1008.4,98,58.0,58.4,281.0,19.7,52.0,15.4
2025-12-23 03:00:00,2025,12,23,3,An Giang,Xã Giồng Riềng,9.9237413,105.2736878,114,Unhealthy for Sensitive Groups,2,23.6,97,0.0,4.1,203,1007.9,100,61.7,62.2,277.0,21.4,48.0,15.2
2025-12-23 04:00:00,2025,12,23,4,An Giang,Xã Giồng Riềng,9.9237413,105.2736878,114,Unhealthy for Sensitive Groups,2,23.4,98,0.0,4.0,201,1007.9,100,74.3,74.7,284.0,23.0,44.0,14.1
2025-12-23 05:00:00,2025,12,23,5,An Giang,Xã Giồng Riềng,9.9237413,105.2736878,115,Unhealthy for Sensitive Groups,2,23.1,99,0.0,3.9,217,1008.3,100,94.1,94.8,310.0,25.3,32.0,10.6
2025-12-23 06:00:00,2025,12,23,6,An Giang,Xã Giồng Riềng,9.9237413,105.2736878,121,Unhealthy for Sensitive Groups,2,23.0,99,0.0,2.9,266,1008.9,100,114.8,115.5,347.0,27.5,19.0,6.3
2025-12-23 07:00:00,2025,12,23,7,An Giang,Xã Giồng Riềng,9.9237413,105.2736878,129,Unhealthy for Sensitive Groups,2,24.0,96,0.0,3.2,326,1009.6,99,106.9,108.0,366.0,27.1,26.0,10.9
2025-12-23 08:00:00,2025,12,23,8,An Giang,Xã Giồng Riềng,9.9237413,105.2736878,135,Unhealthy for Sensitive Groups,2,26.1,88,0.0,4.1,331,1010.5,100,64.5,66.1,350.0,20.9,54.0,13.0
2025-12-23 09:00:00,2025,12,23,9,An Giang,Xã Giồng Riềng,9.9237413,105.2736878,137,Unhealthy for Sensitive Groups,2,27.2,83,0.0,5.3,348,1011.0,100,43.1,45.2,315.0,12.4,93.0,15.8
2025-12-23 10:00:00,2025,12,23,10,An Giang,Xã Giồng Riềng,9.9237413,105.2736878,139,Unhealthy for Sensitive Groups,2,27.8,80,0.0,6.8,349,1011.0,100,40.6,42.3,288.0,5.9,125.0,17.7
2025-12-23 11:00:00,2025,12,23,11,An Giang,Xã Giồng Riềng,9.9237413,105.2736878,140,Unhealthy for Sensitive Groups,2,28.8,76,0.0,6.3,360,1010.4,97,40.0,41.4,279.0,3.4,143.0,17.7
2025-12-23 12:00:00,2025,12,23,12,An Giang,Xã Giồng Riềng,9.9237413,105.2736878,141,Unhealthy for Sensitive Groups,2,29.1,74,0.0,5.7,9,1009.5,90,39.2,40.5,277.0,2.9,154.0,16.6
2025-12-23 13:00:00,2025,12,23,13,An Giang,Xã Giồng Riềng,9.9237413,105.2736878,142,Unhealthy for Sensitive Groups,2,30.2,71,0.0,5.6,33,1008.5,47,39.7,41.2,273.0,2.8,161.0,15.6
2025-12-23 14:00:00,2025,12,23,14,An Giang,Xã Giồng Riềng,9.9237413,105.2736878,143,Unhealthy for Sensitive Groups,2,30.5,69,0.0,4.9,51,1007.5,31,37.8,39.1,263.0,2.3,164.0,14.7
2025-12-23 15:00:00,2025,12,23,15,An Giang,Xã Giồng Riềng,9.9237413,105.2736878,143,Unhealthy for Sensitive Groups,2,30.6,67,0.0,5.1,58,1007.1,34,36.1,37.5,251.0,2.3,162.0,13.9
2025-12-23 16:00:00,2025,12,23,16,An Giang,Xã Giồng Riềng,9.9237413,105.2736878,143,Unhealthy for Sensitive Groups,2,30.4,64,0.2,5.1,58,1007.0,59,34.6,36.0,243.0,3.4,155.0,13.4
2025-12-23 17:00:00,2025,12,23,17,An Giang,Xã Giồng Riềng,9.9237413,105.2736878,143,Unhealthy for Sensitive Groups,2,27.3,75,0.0,13.2,158,1007.9,89,35.2,36.4,241.0,6.7,140.0,13.7
2025-12-23 18:00:00,2025,12,23,18,An Giang,Xã Giồng Riềng,9.9237413,105.2736878,143,Unhealthy for Sensitive Groups,2,25.6,84,0.1,9.9,177,1008.6,67,42.5,43.4,243.0,11.1,119.0,14.4
2025-12-23 19:00:00,2025,12,23,19,An Giang,Xã Giồng Riềng,9.9237413,105.2736878,144,Unhealthy for Sensitive Groups,2,25.3,91,0.1,7.6,166,1009.3,97,43.7,44.1,252.0,20.5,100.0,19.3
2025-12-23 20:00:00,2025,12,23,20,An Giang,Xã Giồng Riềng,9.9237413,105.2736878,144,Unhealthy for Sensitive Groups,2,24.7,91,0.0,5.8,185,1009.7,100,49.0,49.6,273.0,19.4,92.0,19.2
2025-12-23 21:00:00,2025,12,23,21,An Giang,Xã Giồng Riềng,9.9237413,105.2736878,146,Unhealthy for Sensitive Groups,2,24.5,93,0.0,5.5,144,1009.8,92,47.6,48.1,301.0,17.9,81.0,19.0
2025-12-23 22:00:00,2025,12,23,22,An Giang,Xã Giồng Riềng,9.9237413,105.2736878,147,Unhealthy for Sensitive Groups,2,24.4,94,0.0,6.4,108,1009.4,100,43.9,44.2,324.0,16.8,70.0,18.4
2025-12-23 23:00:00,2025,12,23,23,An Giang,Xã Giồng Riềng,9.9237413,105.2736878,147,Unhealthy for Sensitive Groups,2,24.1,95,0.0,4.7,130,1009.0,100,40.7,41.1,338.0,16.4,62.0,17.2
2025-12-24 00:00:00,2025,12,24,0,An Giang,Xã Giồng Riềng,9.9237413,105.2736878,146,Unhealthy for Sensitive Groups,2,23.8,96,0.0,4.3,158,1008.9,100,38.5,38.9,349.0,16.4,54.0,15.7
2025-12-24 01:00:00,2025,12,24,1,An Giang,Xã Giồng Riềng,9.9237413,105.2736878,145,Unhealthy for Sensitive Groups,2,23.4,97,0.0,1.0,239,1008.0,100,36.9,37.3,357.0,16.8,47.0,14.5
2025-12-24 02:00:00,2025,12,24,2,An Giang,Xã Giồng Riềng,9.9237413,105.2736878,143,Unhealthy for Sensitive Groups,2,23.4,98,0.0,0.4,297,1007.5,100,36.7,37.0,362.0,17.6,40.0,14.1
2025-12-24 03:00:00,2025,12,24,3,An Giang,Xã Giồng Riềng,9.9237413,105.2736878,141,Unhealthy for Sensitive Groups,2,23.1,99,0.0,2.4,9,1007.2,100,38.0,38.3,366.0,18.8,34.0,14.1
2025-12-24 04:00:00,2025,12,24,4,An Giang,Xã Giồng Riềng,9.9237413,105.2736878,138,Unhealthy for Sensitive Groups,2,23.0,99,0.0,3.6,354,1007.2,100,40.0,40.4,375.0,19.8,29.0,14.1
2025-12-24 05:00:00,2025,12,24,5,An Giang,Xã Giồng Riềng,9.9237413,105.2736878,135,Unhealthy for Sensitive Groups,2,22.7,100,0.0,2.7,323,1007.8,100,45.2,45.5,402.0,21.0,22.0,13.8
2025-12-24 06:00:00,2025,12,24,6,An Giang,Xã Giồng Riềng,9.9237413,105.2736878,130,Unhealthy for Sensitive Groups,2,22.5,100,0.0,1.7,238,1008.2,100,52.0,52.4,435.0,22.0,17.0,13.6
2025-12-24 07:00:00,2025,12,24,7,An Giang,Xã Giồng Riềng,9.9237413,105.2736878,123,Unhealthy for Sensitive Groups,2,23.6,98,0.0,0.6,162,1009.2,98,48.7,48.9,443.0,21.6,30.0,18.0
2025-12-24 08:00:00,2025,12,24,8,An Giang,Xã Giồng Riềng,9.9237413,105.2736878,117,Unhealthy for Sensitive Groups,2,25.9,89,0.0,1.7,58,1010.4,38,44.5,44.7,402.0,17.5,58.0,20.2
2025-12-24 09:00:00,2025,12,24,9,An Giang,Xã Giồng Riềng,9.9237413,105.2736878,115,Unhealthy for Sensitive Groups,2,27.6,80,0.0,2.2,48,1010.3,55,38.9,39.3,337.0,11.7,96.0,23.0
2025-12-24 10:00:00,2025,12,24,10,An Giang,Xã Giồng Riềng,9.9237413,105.2736878,114,Unhealthy for Sensitive Groups,2,28.8,76,0.0,2.7,62,1010.0,77,31.2,31.7,287.0,7.1,125.0,24.1
2025-12-24 11:00:00,2025,12,24,11,An Giang,Xã Giồng Riềng,9.9237413,105.2736878,113,Unhealthy for Sensitive Groups,2,29.8,72,0.0,2.7,70,1009.5,100,25.5,26.0,272.0,4.7,137.0,21.6
2025-12-24 12:00:00,2025,12,24,12,An Giang,Xã Giồng Riềng,9.9237413,105.2736878,112,Unhealthy for Sensitive Groups,2,30.1,71,0.0,2.6,39,1008.7,98,22.8,23.3,273.0,3.5,140.0,17.4
2025-12-24 13:00:00,2025,12,24,13,An Giang,Xã Giồng Riềng,9.9237413,105.2736878,110,Unhealthy for Sensitive Groups,2,30.4,68,0.0,5.0,35,1007.8,35,21.6,22.1,272.0,2.8,140.0,13.9
2025-12-24 14:00:00,2025,12,24,14,An Giang,Xã Giồng Riềng,9.9237413,105.2736878,108,Unhealthy for Sensitive Groups,2,30.8,67,0.1,5.8,26,1006.9,73,20.8,21.4,259.0,2.4,140.0,12.2
2025-12-24 15:00:00,2025,12,24,15,An Giang,Xã Giồng Riềng,9.9237413,105.2736878,107,Unhealthy for Sensitive Groups,2,29.5,70,3.0,8.0,52,1006.6,100,20.6,21.2,245.0,2.4,137.0,11.3
2025-12-24 16:00:00,2025,12,24,16,An Giang,Xã Giồng Riềng,9.9237413,105.2736878,105,Unhealthy for Sensitive Groups,2,26.2,86,0.8,13.0,156,1007.7,100,19.8,20.5,239.0,3.2,129.0,10.7
2025-12-24 17:00:00,2025,12,24,17,An Giang,Xã Giồng Riềng,9.9237413,105.2736878,103,Unhealthy for Sensitive Groups,2,25.3,91,1.2,9.0,151,1008.0,100,20.9,21.5,247.0,4.9,113.0,10.4
2025-12-24 18:00:00,2025,12,24,18,An Giang,Xã Giồng Riềng,9.9237413,105.2736878,102,Unhealthy for Sensitive Groups,2,24.5,94,0.6,2.9,120,1008.4,99,20.7,21.2,263.0,7.3,92.0,10.4
2025-12-24 19:00:00,2025,12,24,19,An Giang,Xã Giồng Riềng,9.9237413,105.2736878,100,Moderate,1,24.9,94,0.1,4.1,241,1008.7,100,33.9,34.7,284.0,11.7,81.0,14.4
2025-12-24 20:00:00,2025,12,24,20,An Giang,Xã Giồng Riềng,9.9237413,105.2736878,99,Moderate,1,24.7,96,0.0,0.4,27,1009.3,98,31.0,31.8,314.0,12.4,72.0,14.1
2025-12-24 21:00:00,2025,12,24,21,An Giang,Xã Giồng Riềng,9.9237413,105.2736878,97,Moderate,1,24.5,97,0.0,3.1,93,1009.2,98,30.4,31.1,348.0,13.3,60.0,13.6
2025-12-24 22:00:00,2025,12,24,22,An Giang,Xã Giồng Riềng,9.9237413,105.2736878,96,Moderate,1,24.4,97,0.0,3.9,118,1009.2,93,29.0,29.7,369.0,14.1,51.0,13.1
2025-12-24 23:00:00,2025,12,24,23,An Giang,Xã Giồng Riềng,9.9237413,105.2736878,94,Moderate,1,24.4,96,0.0,4.8,124,1009.0,97,26.3,27.3,368.0,14.4,47.0,12.4
2025-12-25 00:00:00,2025,12,25,0,An Giang,Xã Giồng Riềng,9.9237413,105.2736878,93,Moderate,1,24.4,96,0.0,4.8,146,1009.2,91,23.9,25.0,354.0,14.5,46.0,11.7
2025-12-25 01:00:00,2025,12,25,1,An Giang,Xã Giồng Riềng,9.9237413,105.2736878,92,Moderate,1,24.0,96,0.0,4.4,142,1008.6,63,23.6,25.0,339.0,15.1,44.0,11.1
2025-12-25 02:00:00,2025,12,25,2,An Giang,Xã Giồng Riềng,9.9237413,105.2736878,91,Moderate,1,24.0,96,0.0,2.9,133,1007.9,36,24.9,26.5,326.0,16.6,38.0,10.7
2025-12-25 03:00:00,2025,12,25,3,An Giang,Xã Giồng Riềng,9.9237413,105.2736878,90,Moderate,1,24.0,95,0.0,1.6,63,1007.6,48,27.4,29.0,313.0,18.5,32.0,10.5
2025-12-25 04:00:00,2025,12,25,4,An Giang,Xã Giồng Riềng,9.9237413,105.2736878,89,Moderate,1,23.6,97,0.0,2.6,12,1007.7,52,30.7,32.2,303.0,20.3,27.0,11.0
2025-12-25 05:00:00,2025,12,25,5,An Giang,Xã Giồng Riềng,9.9237413,105.2736878,88,Moderate,1,23.4,98,0.0,2.7,4,1008.1,96,33.6,35.0,301.0,22.3,23.0,12.4
2025-12-25 06:00:00,2025,12,25,6,An Giang,Xã Giồng Riềng,9.9237413,105.2736878,87,Moderate,1,23.2,98,0.0,2.7,340,1008.8,82,35.5,37.0,303.0,24.1,21.0,14.4
2025-12-25 07:00:00,2025,12,25,7,An Giang,Xã Giồng Riềng,9.9237413,105.2736878,85,Moderate,1,24.8,96,0.0,6.4,58,1009.3,100,44.4,46.4,301.0,24.6,22.0,15.2
2025-12-25 08:00:00,2025,12,25,8,An Giang,Xã Giồng Riềng,9.9237413,105.2736878,85,Moderate,1,26.4,91,0.0,7.3,70,1010.4,100,38.2,40.4,288.0,23.1,37.0,18.0
2025-12-25 09:00:00,2025,12,25,9,An Giang,Xã Giồng Riềng,9.9237413,105.2736878,84,Moderate,1,27.5,87,0.1,6.9,67,1010.5,100,35.9,37.1,271.0,20.9,58.0,21.8
2025-12-25 10:00:00,2025,12,25,10,An Giang,Xã Giồng Riềng,9.9237413,105.2736878,84,Moderate,1,28.0,86,0.3,6.9,59,1010.6,100,36.3,37.6,262.0,18.2,77.0,24.1
2025-12-25 11:00:00,2025,12,25,11,An Giang,Xã Giồng Riềng,9.9237413,105.2736878,85,Moderate,1,28.4,85,0.5,7.9,45,1010.1,100,34.5,35.6,270.0,14.6,93.0,23.4
2025-12-25 12:00:00,2025,12,25,12,An Giang,Xã Giồng Riềng,9.9237413,105.2736878,85,Moderate,1,27.6,84,4.2,11.6,43,1008.9,99,33.1,34.1,285.0,10.6,107.0,21.2
2025-12-25 13:00:00,2025,12,25,13,An Giang,Xã Giồng Riềng,9.9237413,105.2736878,86,Moderate,1,29.3,75,4.8,11.9,35,1008.3,97,35.7,37.0,294.0,7.6,116.0,19.0
2025-12-25 14:00:00,2025,12,25,14,An Giang,Xã Giồng Riềng,9.9237413,105.2736878,88,Moderate,1,28.9,79,1.0,7.2,71,1007.8,100,31.5,32.6,287.0,6.2,118.0,17.1
2025-12-25 15:00:00,2025,12,25,15,An Giang,Xã Giồng Riềng,9.9237413,105.2736878,88,Moderate,1,26.2,87,1.5,13.7,120,1007.7,100,28.5,29.4,274.0,5.9,115.0,15.2
2025-12-25 16:00:00,2025,12,25,16,An Giang,Xã Giồng Riềng,9.9237413,105.2736878,89,Moderate,1,25.5,92,0.7,6.1,66,1008.0,100,27.2,28.1,267.0,6.6,108.0,14.1
2025-12-25 17:00:00,2025,12,25,17,An Giang,Xã Giồng Riềng,9.9237413,105.2736878,90,Moderate,1,25.8,92,0.1,5.3,72,1008.7,100,27.2,27.8,274.0,8.9,94.0,14.3
2025-12-25 18:00:00,2025,12,25,18,An Giang,Xã Giồng Riềng,9.9237413,105.2736878,90,Moderate,1,25.2,94,0.0,4.6,51,1009.4,100,27.7,28.1,287.0,12.2,76.0,15.2
2025-12-25 19:00:00,2025,12,25,19,An Giang,Xã Giồng Riềng,9.9237413,105.2736878,91,Moderate,1,25.1,95,0.0,4.5,29,1009.6,100,32.4,33.1,300.0,13.1,71.0,14.0
2025-12-25 20:00:00,2025,12,25,20,An Giang,Xã Giồng Riềng,9.9237413,105.2736878,91,Moderate,1,25.0,94,0.0,6.7,36,1010.2,100,35.4,36.0,314.0,14.8,64.0,14.9
2025-12-25 21:00:00,2025,12,25,21,An Giang,Xã Giồng Riềng,9.9237413,105.2736878,91,Moderate,1,25.0,93,0.0,9.4,54,1010.7,98,38.2,38.6,328.0,17.2,53.0,16.0
2025-12-25 22:00:00,2025,12,25,22,An Giang,Xã Giồng Riềng,9.9237413,105.2736878,92,Moderate,1,24.9,93,0.0,9.3,71,1010.7,98,40.4,40.9,332.0,19.2,45.0,16.9
2025-12-25 23:00:00,2025,12,25,23,An Giang,Xã Giồng Riềng,9.9237413,105.2736878,93,Moderate,1,24.6,95,0.0,7.2,58,1010.6,100,36.4,37.1,317.0,20.2,42.0,17.0
2025-12-26 00:00:00,2025,12,26,0,An Giang,Xã Giồng Riềng,9.9237413,105.2736878,94,Moderate,1,24.4,96,0.0,6.2,46,1010.5,100,37.0,38.0,292.0,20.9,40.0,16.8
2025-12-26 01:00:00,2025,12,26,1,An Giang,Xã Giồng Riềng,9.9237413,105.2736878,95,Moderate,1,24.6,95,0.0,5.3,35,1010.1,100,37.8,38.8,279.0,21.6,39.0,16.8
2025-12-26 02:00:00,2025,12,26,2,An Giang,Xã Giồng Riềng,9.9237413,105.2736878,96,Moderate,1,24.6,96,0.0,6.3,24,1009.7,100,39.7,40.5,291.0,22.9,36.0,17.4
2025-12-26 03:00:00,2025,12,26,3,An Giang,Xã Giồng Riềng,9.9237413,105.2736878,98,Moderate,1,24.5,96,0.0,6.4,16,1009.3,90,41.8,42.6,314.0,24.3,33.0,18.2
2025-12-26 04:00:00,2025,12,26,4,An Giang,Xã Giồng Riềng,9.9237413,105.2736878,99,Moderate,1,24.0,97,0.0,7.6,15,1009.1,96,42.5,43.2,329.0,24.8,31.0,18.6
2025-12-26 05:00:00,2025,12,26,5,An Giang,Xã Giồng Riềng,9.9237413,105.2736878,100,Moderate,1,23.8,97,0.0,7.4,29,1009.6,100,41.9,42.5,328.0,24.2,30.0,18.5
2025-12-26 06:00:00,2025,12,26,6,An Giang,Xã Giồng Riềng,9.9237413,105.2736878,101,Unhealthy for Sensitive Groups,2,23.8,96,0.3,6.5,51,1010.2,100,40.2,40.7,320.0,22.8,30.0,18.0
2025-12-26 07:00:00,2025,12,26,7,An Giang,Xã Giồng Riềng,9.9237413,105.2736878,101,Unhealthy for Sensitive Groups,2,24.1,96,0.0,8.9,24,1010.8,96,42.3,43.1,310.0,26.6,22.0,20.4
2025-12-26 08:00:00,2025,12,26,8,An Giang,Xã Giồng Riềng,9.9237413,105.2736878,101,Unhealthy for Sensitive Groups,2,25.9,90,0.0,10.8,28,1011.8,99,34.3,34.8,302.0,20.9,37.0,17.8
2025-12-26 09:00:00,2025,12,26,9,An Giang,Xã Giồng Riềng,9.9237413,105.2736878,101,Unhealthy for Sensitive Groups,2,26.5,84,0.0,15.1,23,1012.1,95,24.0,24.6,292.0,13.1,58.0,14.2
2025-12-26 10:00:00,2025,12,26,10,An Giang,Xã Giồng Riềng,9.9237413,105.2736878,99,Moderate,1,26.9,82,0.0,14.7,25,1012.2,98,17.2,17.9,280.0,7.1,75.0,11.3
2025-12-26 11:00:00,2025,12,26,11,An Giang,Xã Giồng Riềng,9.9237413,105.2736878,98,Moderate,1,27.6,76,0.2,16.5,33,1011.7,99,15.2,15.9,263.0,4.6,84.0,9.9
2025-12-26 12:00:00,2025,12,26,12,An Giang,Xã Giồng Riềng,9.9237413,105.2736878,96,Moderate,1,28.0,74,0.0,14.5,27,1010.9,91,14.5,15.2,243.0,4.0,89.0,9.2
2025-12-26 13:00:00,2025,12,26,13,An Giang,Xã Giồng Riềng,9.9237413,105.2736878,94,Moderate,1,29.1,71,0.0,13.3,30,1009.6,84,14.5,15.1,229.0,3.8,94.0,9.0
2025-12-26 14:00:00,2025,12,26,14,An Giang,Xã Giồng Riềng,9.9237413,105.2736878,93,Moderate,1,29.2,71,0.0,12.4,30,1008.8,100,14.8,15.5,223.0,3.7,101.0,9.4
2025-12-26 15:00:00,2025,12,26,15,An Giang,Xã Giồng Riềng,9.9237413,105.2736878,91,Moderate,1,28.4,76,0.1,10.2,51,1008.7,100,16.1,16.7,224.0,4.0,107.0,10.4
2025-12-26 16:00:00,2025,12,26,16,An Giang,Xã Giồng Riềng,9.9237413,105.2736878,90,Moderate,1,28.4,74,0.2,9.3,18,1008.2,100,18.2,18.7,233.0,5.2,109.0,11.5
2025-12-26 17:00:00,2025,12,26,17,An Giang,Xã Giồng Riềng,9.9237413,105.2736878,89,Moderate,1,27.8,77,0.0,5.0,44,1009.2,100,20.5,21.0,258.0,7.6,103.0,12.8
2025-12-26 18:00:00,2025,12,26,18,An Giang,Xã Giồng Riềng,9.9237413,105.2736878,89,Moderate,1,26.6,84,0.0,2.9,150,1009.6,100,24.0,24.4,291.0,10.7,92.0,14.2
2025-12-26 19:00:00,2025,12,26,19,An Giang,Xã Giồng Riềng,9.9237413,105.2736878,88,Moderate,1,24.8,95,0.0,0.7,166,1010.0,100,25.9,26.5,318.0,13.2,74.0,12.8
2025-12-26 20:00:00,2025,12,26,20,An Giang,Xã Giồng Riềng,9.9237413,105.2736878,88,Moderate,1,24.9,94,0.0,4.0,120,1010.5,100,30.7,31.3,329.0,15.0,68.0,14.3
2025-12-26 21:00:00,2025,12,26,21,An Giang,Xã Giồng Riềng,9.9237413,105.2736878,87,Moderate,1,24.8,96,0.0,5.2,117,1010.6,100,34.9,35.4,333.0,17.4,60.0,16.4
2025-12-26 22:00:00,2025,12,26,22,An Giang,Xã Giồng Riềng,9.9237413,105.2736878,87,Moderate,1,24.7,96,0.0,6.3,114,1010.5,100,38.5,38.9,341.0,19.5,53.0,17.8
2025-12-26 23:00:00,2025,12,26,23,An Giang,Xã Giồng Riềng,9.9237413,105.2736878,87,Moderate,1,24.4,95,0.0,6.8,107,1010.1,100,41.0,41.3,359.0,20.6,49.0,17.9
2025-12-27 00:00:00,2025,12,27,0,An Giang,Xã Giồng Riềng,9.9237413,105.2736878,87,Moderate,1,24.2,94,0.0,8.7,97,1009.9,100,44.2,44.8,381.0,21.3,47.0,17.3
2025-12-27 01:00:00,2025,12,27,1,An Giang,Xã Giồng Riềng,9.9237413,105.2736878,88,Moderate,1,24.0,97,0.0,6.1,76,1009.8,100,48.2,49.1,397.0,22.0,44.0,16.8
2025-12-27 02:00:00,2025,12,27,2,An Giang,Xã Giồng Riềng,9.9237413,105.2736878,89,Moderate,1,24.0,98,0.0,5.6,59,1009.2,100,52.6,53.9,399.0,23.0,40.0,16.6
2025-12-27 03:00:00,2025,12,27,3,An Giang,Xã Giồng Riềng,9.9237413,105.2736878,90,Moderate,1,23.7,99,0.0,6.4,27,1008.9,100,54.7,56.0,394.0,24.1,35.0,16.4
2025-12-27 04:00:00,2025,12,27,4,An Giang,Xã Giồng Riềng,9.9237413,105.2736878,91,Moderate,1,23.8,99,0.0,8.6,30,1009.0,100,52.6,53.6,401.0,24.5,32.0,16.3
2025-12-27 05:00:00,2025,12,27,5,An Giang,Xã Giồng Riềng,9.9237413,105.2736878,92,Moderate,1,24.1,95,0.2,10.8,28,1009.5,100,50.1,50.8,434.0,24.3,28.0,16.3
2025-12-27 06:00:00,2025,12,27,6,An Giang,Xã Giồng Riềng,9.9237413,105.2736878,93,Moderate,1,24.0,87,0.0,11.1,31,1010.2,100,48.1,48.5,478.0,23.4,26.0,16.4
2025-12-27 07:00:00,2025,12,27,7,An Giang,Xã Giồng Riềng,9.9237413,105.2736878,93,Moderate,1,24.4,92,0.0,7.5,24,1011.2,100,52.0,52.7,504.0,19.8,35.0,16.9
2025-12-27 08:00:00,2025,12,27,8,An Giang,Xã Giồng Riềng,9.9237413,105.2736878,94,Moderate,1,25.0,84,0.0,8.4,31,1012.6,100,44.5,44.9,497.0,17.4,53.0,18.6
2025-12-27 09:00:00,2025,12,27,9,An Giang,Xã Giồng Riềng,9.9237413,105.2736878,95,Moderate,1,25.8,79,0.0,8.3,27,1013.2,88,40.6,41.3,472.0,14.1,80.0,20.9
2025-12-27 10:00:00,2025,12,27,10,An Giang,Xã Giồng Riềng,9.9237413,105.2736878,97,Moderate,1,27.0,76,0.0,7.6,34,1013.1,98,40.0,41.0,448.0,10.9,105.0,21.9
2025-12-27 11:00:00,2025,12,27,11,An Giang,Xã Giồng Riềng,9.9237413,105.2736878,99,Moderate,1,27.9,73,0.0,7.4,49,1013.2,99,39.9,41.0,430.0,8.1,129.0,20.6
2025-12-27 12:00:00,2025,12,27,12,An Giang,Xã Giồng Riềng,9.9237413,105.2736878,101,Unhealthy for Sensitive Groups,2,28.4,70,0.0,6.3,39,1012.2,50,41.7,42.7,412.0,5.6,153.0,18.1
2025-12-27 13:00:00,2025,12,27,13,An Giang,Xã Giồng Riềng,9.9237413,105.2736878,104,Unhealthy for Sensitive Groups,2,28.1,69,0.0,6.1,62,1011.6,76,40.6,41.6,395.0,3.8,169.0,15.9
2025-12-27 14:00:00,2025,12,27,14,An Giang,Xã Giồng Riềng,9.9237413,105.2736878,106,Unhealthy for Sensitive Groups,2,28.6,68,0.1,8.7,38,1010.7,81,40.2,41.1,376.0,3.1,174.0,14.4
2025-12-27 15:00:00,2025,12,27,15,An Giang,Xã Giồng Riềng,9.9237413,105.2736878,109,Unhealthy for Sensitive Groups,2,28.5,68,0.0,10.9,27,1009.5,100,39.5,40.4,358.0,3.2,172.0,13.2
2025-12-27 16:00:00,2025,12,27,16,An Giang,Xã Giồng Riềng,9.9237413,105.2736878,112,Unhealthy for Sensitive Groups,2,27.1,74,0.1,9.3,117,1010.0,100,37.7,38.6,350.0,4.1,164.0,12.6
2025-12-27 17:00:00,2025,12,27,17,An Giang,Xã Giồng Riềng,9.9237413,105.2736878,114,Unhealthy for Sensitive Groups,2,24.6,91,0.6,10.3,155,1011.0,100,40.6,41.6,359.0,6.1,148.0,13.1
2025-12-27 18:00:00,2025,12,27,18,An Giang,Xã Giồng Riềng,9.9237413,105.2736878,125,Unhealthy for Sensitive Groups,2,23.8,96,3.1,8.0,157,1011.9,100,49.0,50.2,379.0,8.9,127.0,14.2
2025-12-27 19:00:00,2025,12,27,19,An Giang,Xã Giồng Riềng,9.9237413,105.2736878,129,Unhealthy for Sensitive Groups,2,23.8,94,1.4,5.7,101,1012.3,100,43.8,44.5,401.0,13.1,103.0,15.2
2025-12-27 20:00:00,2025,12,27,20,An Giang,Xã Giồng Riềng,9.9237413,105.2736878,124,Unhealthy for Sensitive Groups,2,24.3,92,0.0,2.5,98,1013.0,100,45.5,46.1,425.0,13.0,99.0,15.4
2025-12-27 21:00:00,2025,12,27,21,An Giang,Xã Giồng Riềng,9.9237413,105.2736878,122,Unhealthy for Sensitive Groups,2,24.0,92,0.0,6.4,130,1013.1,100,43.2,43.9,450.0,12.8,92.0,15.6
2025-12-27 22:00:00,2025,12,27,22,An Giang,Xã Giồng Riềng,9.9237413,105.2736878,123,Unhealthy for Sensitive Groups,2,23.8,93,0.0,7.1,131,1012.8,100,37.0,38.0,466.0,12.7,85.0,15.1
2025-12-27 23:00:00,2025,12,27,23,An Giang,Xã Giồng Riềng,9.9237413,105.2736878,122,Unhealthy for Sensitive Groups,2,23.5,94,0.0,7.9,133,1012.4,100,29.8,31.4,467.0,12.7,77.0,13.3
2025-12-28 00:00:00,2025,12,28,0,An Giang,Xã Giồng Riềng,9.9237413,105.2736878,121,Unhealthy for Sensitive Groups,2,23.5,94,0.0,6.8,119,1012.2,100,25.6,27.7,458.0,12.8,68.0,10.8
2025-12-28 01:00:00,2025,12,28,1,An Giang,Xã Giồng Riềng,9.9237413,105.2736878,119,Unhealthy for Sensitive Groups,2,23.2,95,0.0,6.2,107,1012.2,100,24.4,26.8,446.0,13.4,60.0,9.1
2025-12-28 02:00:00,2025,12,28,2,An Giang,Xã Giồng Riềng,9.9237413,105.2736878,117,Unhealthy for Sensitive Groups,2,23.0,96,0.0,4.4,83,1011.8,86,25.0,27.4,431.0,14.7,53.0,8.6
2025-12-28 03:00:00,2025,12,28,3,An Giang,Xã Giồng Riềng,9.9237413,105.2736878,114,Unhealthy for Sensitive Groups,2,22.5,97,0.0,3.3,45,1011.1,45,27.2,29.7,413.0,16.5,47.0,8.9
2025-12-28 04:00:00,2025,12,28,4,An Giang,Xã Giồng Riềng,9.9237413,105.2736878,111,Unhealthy for Sensitive Groups,2,22.4,98,0.0,3.8,19,1010.9,100,29.9,32.4,398.0,18.2,42.0,9.6
2025-12-28 05:00:00,2025,12,28,5,An Giang,Xã Giồng Riềng,9.9237413,105.2736878,109,Unhealthy for Sensitive Groups,2,22.2,98,0.0,4.5,43,1011.2,96,32.5,34.9,390.0,20.1,35.0,10.6
2025-12-28 06:00:00,2025,12,28,6,An Giang,Xã Giồng Riềng,9.9237413,105.2736878,107,Unhealthy for Sensitive Groups,2,22.2,98,0.0,5.4,53,1011.7,0,36.0,38.6,386.0,21.9,30.0,12.1
2025-12-28 07:00:00,2025,12,28,7,An Giang,Xã Giồng Riềng,9.9237413,105.2736878,106,Unhealthy for Sensitive Groups,2,22.9,98,0.0,6.1,45,1012.3,88,26.1,28.2,379.0,18.7,46.0,12.6
2025-12-28 08:00:00,2025,12,28,8,An Giang,Xã Giồng Riềng,9.9237413,105.2736878,103,Unhealthy for Sensitive Groups,2,25.1,92,0.0,6.0,53,1013.1,100,23.6,26.5,365.0,15.6,66.0,14.1
2025-12-28 09:00:00,2025,12,28,9,An Giang,Xã Giồng Riềng,9.9237413,105.2736878,101,Unhealthy for Sensitive Groups,2,26.6,83,0.0,9.6,50,1013.4,71,20.5,22.9,350.0,11.2,94.0,16.0
2025-12-28 10:00:00,2025,12,28,10,An Giang,Xã Giồng Riềng,9.9237413,105.2736878,99,Moderate,1,27.6,77,0.0,11.7,44,1012.8,59,22.1,23.1,340.0,7.5,119.0,16.9
2025-12-28 11:00:00,2025,12,28,11,An Giang,Xã Giồng Riềng,9.9237413,105.2736878,97,Moderate,1,28.4,72,0.0,12.5,47,1012.5,76,22.5,23.1,343.0,5.2,136.0,15.7
2025-12-28 12:00:00,2025,12,28,12,An Giang,Xã Giồng Riềng,9.9237413,105.2736878,96,Moderate,1,29.1,68,0.0,11.6,55,1011.7,65,21.1,21.6,352.0,3.6,150.0,13.4
2025-12-28 13:00:00,2025,12,28,13,An Giang,Xã Giồng Riềng,9.9237413,105.2736878,94,Moderate,1,29.5,67,0.0,11.8,40,1010.7,13,20.1,20.4,356.0,2.6,160.0,11.7
2025-12-28 14:00:00,2025,12,28,14,An Giang,Xã Giồng Riềng,9.9237413,105.2736878,92,Moderate,1,29.9,62,0.0,11.3,36,1010.0,35,19.6,19.9,347.0,2.2,166.0,11.0
2025-12-28 15:00:00,2025,12,28,15,An Giang,Xã Giồng Riềng,9.9237413,105.2736878,90,Moderate,1,29.6,61,0.0,11.4,33,1010.0,7,20.0,20.3,332.0,2.3,167.0,10.8
2025-12-28 16:00:00,2025,12,28,16,An Giang,Xã Giồng Riềng,9.9237413,105.2736878,92,Moderate,1,29.1,63,0.0,10.9,39,1010.1,9,21.0,21.3,323.0,3.4,162.0,11.1
2025-12-28 17:00:00,2025,12,28,17,An Giang,Xã Giồng Riềng,9.9237413,105.2736878,112,Unhealthy for Sensitive Groups,2,28.0,71,0.0,6.7,52,1010.7,10,23.5,23.7,327.0,6.0,147.0,12.2
2025-12-28 18:00:00,2025,12,28,18,An Giang,Xã Giồng Riềng,9.9237413,105.2736878,123,Unhealthy for Sensitive Groups,2,26.2,75,0.0,5.7,46,1011.0,9,28.1,28.3,336.0,9.5,126.0,13.8
2025-12-28 19:00:00,2025,12,28,19,An Giang,Xã Giồng Riềng,9.9237413,105.2736878,125,Unhealthy for Sensitive Groups,2,25.6,81,0.0,6.8,125,1012.0,22,29.3,29.9,342.0,12.0,97.0,12.8
2025-12-28 20:00:00,2025,12,28,20,An Giang,Xã Giồng Riềng,9.9237413,105.2736878,116,Unhealthy for Sensitive Groups,2,24.9,86,0.0,7.9,139,1013.0,76,32.5,33.3,342.0,11.9,91.0,12.7
2025-12-28 21:00:00,2025,12,28,21,An Giang,Xã Giồng Riềng,9.9237413,105.2736878,104,Unhealthy for Sensitive Groups,2,24.4,89,0.0,9.9,138,1013.1,95,31.9,33.4,340.0,11.7,83.0,12.6
2025-12-28 22:00:00,2025,12,28,22,An Giang,Xã Giồng Riềng,9.9237413,105.2736878,88,Moderate,1,24.0,91,0.0,8.9,135,1012.7,97,28.4,30.4,333.0,11.7,75.0,12.1
2025-12-28 23:00:00,2025,12,28,23,An Giang,Xã Giồng Riềng,9.9237413,105.2736878,79,Moderate,1,23.8,93,0.0,7.3,136,1012.4,68,25.9,28.7,320.0,11.9,67.0,10.9
2025-12-29 00:00:00,2025,12,29,0,An Giang,Xã Giồng Riềng,9.9237413,105.2736878,79,Moderate,1,23.0,96,0.0,4.3,135,1012.2,100,23.8,26.5,302.0,12.4,60.0,9.3
2025-12-29 01:00:00,2025,12,29,1,An Giang,Xã Giồng Riềng,9.9237413,105.2736878,79,Moderate,1,23.0,97,0.0,5.9,90,1011.9,100,23.6,26.4,286.0,13.0,53.0,8.1
2025-12-29 02:00:00,2025,12,29,2,An Giang,Xã Giồng Riềng,9.9237413,105.2736878,79,Moderate,1,23.1,97,0.0,6.1,87,1011.3,97,25.4,28.2,271.0,13.9,48.0,7.7
2025-12-29 03:00:00,2025,12,29,3,An Giang,Xã Giồng Riềng,9.9237413,105.2736878,79,Moderate,1,22.8,98,0.0,4.7,72,1011.0,92,27.2,29.9,258.0,15.1,45.0,7.7
2025-12-29 04:00:00,2025,12,29,4,An Giang,Xã Giồng Riềng,9.9237413,105.2736878,79,Moderate,1,22.5,98,0.0,4.7,81,1011.0,93,26.4,29.1,251.0,16.2,42.0,8.0
2025-12-29 05:00:00,2025,12,29,5,An Giang,Xã Giồng Riềng,9.9237413,105.2736878,79,Moderate,1,22.4,98,0.0,4.5,83,1011.4,94,26.1,28.8,256.0,17.8,38.0,8.8
2025-12-29 06:00:00,2025,12,29,6,An Giang,Xã Giồng Riềng,9.9237413,105.2736878,78,Moderate,1,22.0,99,0.0,3.4,90,1011.9,100,27.7,30.6,268.0,19.3,35.0,10.0
2025-12-29 07:00:00,2025,12,29,7,An Giang,Xã Giồng Riềng,9.9237413,105.2736878,77,Moderate,1,22.5,99,0.0,5.6,61,1012.3,100,48.1,52.0,275.0,26.5,33.0,11.0
2025-12-29 08:00:00,2025,12,29,8,An Giang,Xã Giồng Riềng,9.9237413,105.2736878,79,Moderate,1,24.4,92,0.0,6.6,68,1013.1,100,34.3,39.5,272.0,21.2,55.0,12.5
2025-12-29 09:00:00,2025,12,29,9,An Giang,Xã Giồng Riềng,9.9237413,105.2736878,80,Moderate,1,26.1,83,0.0,5.5,36,1013.5,100,27.4,33.3,264.0,13.7,87.0,14.4
2025-12-29 10:00:00,2025,12,29,10,An Giang,Xã Giồng Riềng,9.9237413,105.2736878,81,Moderate,1,27.2,76,0.0,6.4,18,1013.2,100,28.2,34.5,260.0,7.8,113.0,15.2
2025-12-29 11:00:00,2025,12,29,11,An Giang,Xã Giồng Riềng,9.9237413,105.2736878,81,Moderate,1,28.4,71,0.0,7.8,19,1012.5,99,25.1,27.8,266.0,4.8,130.0,13.8
2025-12-29 12:00:00,2025,12,29,12,An Giang,Xã Giồng Riềng,9.9237413,105.2736878,82,Moderate,1,29.0,66,0.0,9.7,27,1011.5,100,23.8,25.4,276.0,3.3,142.0,11.4
2025-12-29 13:00:00,2025,12,29,13,An Giang,Xã Giồng Riềng,9.9237413,105.2736878,82,Moderate,1,29.8,62,0.0,10.4,34,1010.5,100,23.2,24.4,282.0,2.4,150.0,9.4
2025-12-29 14:00:00,2025,12,29,14,An Giang,Xã Giồng Riềng,9.9237413,105.2736878,82,Moderate,1,29.8,61,0.0,10.1,39,1009.7,100,22.4,23.4,278.0,1.9,155.0,8.5
2025-12-29 15:00:00,2025,12,29,15,An Giang,Xã Giồng Riềng,9.9237413,105.2736878,82,Moderate,1,29.5,62,0.0,10.3,41,1009.3,100,22.1,22.9,271.0,2.0,155.0,8.0
2025-12-29 16:00:00,2025,12,29,16,An Giang,Xã Giồng Riềng,9.9237413,105.2736878,83,Moderate,1,29.2,63,0.0,9.8,41,1009.4,86,22.4,23.1,270.0,3.1,150.0,8.2
2025-12-29 17:00:00,2025,12,29,17,An Giang,Xã Giồng Riềng,9.9237413,105.2736878,97,Moderate,1,28.0,71,0.0,7.7,49,1009.7,99,23.2,23.9,281.0,5.9,137.0,9.3
2025-12-29 18:00:00,2025,12,29,18,An Giang,Xã Giồng Riềng,9.9237413,105.2736878,107,Unhealthy for Sensitive Groups,2,26.2,76,0.0,6.5,39,1010.2,100,26.5,27.0,298.0,9.6,118.0,11.0
2025-12-29 19:00:00,2025,12,29,19,An Giang,Xã Giồng Riềng,9.9237413,105.2736878,108,Unhealthy for Sensitive Groups,2,25.7,78,0.0,6.5,2,1010.8,100,28.7,29.2,316.0,11.9,96.0,11.0
2025-12-29 20:00:00,2025,12,29,20,An Giang,Xã Giồng Riềng,9.9237413,105.2736878,101,Unhealthy for Sensitive Groups,2,25.2,78,0.0,6.3,35,1011.1,100,32.7,33.1,337.0,14.4,86.0,12.7
2025-12-29 21:00:00,2025,12,29,21,An Giang,Xã Giồng Riềng,9.9237413,105.2736878,89,Moderate,1,24.6,78,0.0,6.8,48,1010.9,99,38.2,38.6,360.0,17.8,71.0,14.9
2025-12-29 22:00:00,2025,12,29,22,An Giang,Xã Giồng Riềng,9.9237413,105.2736878,83,Moderate,1,24.0,78,0.0,6.3,66,1010.8,98,43.5,44.0,369.0,19.9,60.0,16.1
2025-12-29 23:00:00,2025,12,29,23,An Giang,Xã Giồng Riềng,9.9237413,105.2736878,84,Moderate,1,23.3,88,0.0,13.6,122,1011.3,100,44.1,44.6,356.0,19.4,56.0,15.4
2025-12-30 00:00:00,2025,12,30,0,An Giang,Xã Giồng Riềng,9.9237413,105.2736878,86,Moderate,1,22.9,96,0.0,10.3,121,1011.2,100,42.4,43.1,331.0,17.7,54.0,13.7
2025-12-30 01:00:00,2025,12,30,1,An Giang,Xã Giồng Riềng,9.9237413,105.2736878,88,Moderate,1,22.7,98,0.0,8.0,115,1010.8,100,40.0,41.1,308.0,16.4,53.0,12.1
2025-12-30 02:00:00,2025,12,30,2,An Giang,Xã Giồng Riềng,9.9237413,105.2736878,89,Moderate,1,22.5,98,0.0,6.5,113,1010.4,100,39.3,40.7,289.0,16.3,50.0,11.0
2025-12-30 03:00:00,2025,12,30,3,An Giang,Xã Giồng Riềng,9.9237413,105.2736878,90,Moderate,1,22.1,99,0.0,5.3,118,1010.1,100,40.3,41.9,271.0,16.6,46.0,9.9
2025-12-30 04:00:00,2025,12,30,4,An Giang,Xã Giồng Riềng,9.9237413,105.2736878,91,Moderate,1,22.0,98,0.0,5.0,105,1010.3,100,39.6,41.4,265.0,16.7,45.0,9.3
2025-12-30 05:00:00,2025,12,30,5,An Giang,Xã Giồng Riềng,9.9237413,105.2736878,93,Moderate,1,21.5,99,0.0,4.0,93,1010.8,100,35.5,38.2,282.0,16.6,46.0,9.2
2025-12-30 06:00:00,2025,12,30,6,An Giang,Xã Giồng Riềng,9.9237413,105.2736878,94,Moderate,1,21.2,100,0.0,4.2,97,1011.3,95,31.3,34.5,309.0,16.2,50.0,9.5
2025-12-30 07:00:00,2025,12,30,7,An Giang,Xã Giồng Riềng,9.9237413,105.2736878,94,Moderate,1,22.3,98,0.0,5.8,126,1012.0,0,27.5,31.5,322.0,13.6,55.0,8.4
2025-12-30 08:00:00,2025,12,30,8,An Giang,Xã Giồng Riềng,9.9237413,105.2736878,92,Moderate,1,24.3,91,0.0,5.1,107,1012.7,0,28.7,34.6,303.0,11.2,70.0,9.5
2025-12-30 09:00:00,2025,12,30,9,An Giang,Xã Giồng Riềng,9.9237413,105.2736878,91,Moderate,1,25.9,85,0.0,7.9,106,1012.9,8,24.2,28.9,268.0,7.9,92.0,11.0
2025-12-30 10:00:00,2025,12,30,10,An Giang,Xã Giồng Riềng,9.9237413,105.2736878,91,Moderate,1,27.2,76,0.0,10.3,97,1012.7,26,25.1,27.7,243.0,5.2,111.0,11.7
2025-12-30 11:00:00,2025,12,30,11,An Giang,Xã Giồng Riềng,9.9237413,105.2736878,91,Moderate,1,27.8,70,0.0,9.4,85,1012.1,30,27.1,29.0,239.0,3.7,125.0,11.0
2025-12-30 12:00:00,2025,12,30,12,An Giang,Xã Giồng Riềng,9.9237413,105.2736878,91,Moderate,1,28.5,67,0.0,9.8,85,1011.2,55,27.4,29.0,245.0,2.9,136.0,9.6
2025-12-30 13:00:00,2025,12,30,13,An Giang,Xã Giồng Riềng,9.9237413,105.2736878,91,Moderate,1,28.9,63,0.0,8.3,84,1010.1,80,28.1,29.7,251.0,2.4,145.0,8.6
2025-12-30 14:00:00,2025,12,30,14,An Giang,Xã Giồng Riềng,9.9237413,105.2736878,92,Moderate,1,29.0,63,0.0,7.0,89,1009.2,88,28.8,30.3,251.0,2.0,153.0,8.3
2025-12-30 15:00:00,2025,12,30,15,An Giang,Xã Giồng Riềng,9.9237413,105.2736878,92,Moderate,1,29.0,62,0.0,6.5,76,1008.6,90,29.8,31.3,250.0,2.1,158.0,8.3
2025-12-30 16:00:00,2025,12,30,16,An Giang,Xã Giồng Riềng,9.9237413,105.2736878,93,Moderate,1,28.7,62,0.0,6.4,65,1008.4,82,30.9,32.2,255.0,3.2,156.0,8.9
2025-12-30 17:00:00,2025,12,30,17,An Giang,Xã Giồng Riềng,9.9237413,105.2736878,95,Moderate,1,27.8,71,0.0,4.3,73,1008.7,85,32.4,33.5,272.0,6.4,143.0,10.5
2025-12-30 18:00:00,2025,12,30,18,An Giang,Xã Giồng Riềng,9.9237413,105.2736878,106,Unhealthy for Sensitive Groups,2,25.6,79,0.0,4.7,88,1008.9,77,36.2,37.1,296.0,10.6,124.0,12.8
2025-12-30 19:00:00,2025,12,30,19,An Giang,Xã Giồng Riềng,9.9237413,105.2736878,109,Unhealthy for Sensitive Groups,2,25.0,82,0.0,6.2,75,1009.5,3,41.4,42.4,316.0,14.5,93.0,12.9
2025-12-30 20:00:00,2025,12,30,20,An Giang,Xã Giồng Riềng,9.9237413,105.2736878,102,Unhealthy for Sensitive Groups,2,24.5,84,0.0,5.2,56,1010.0,51,45.2,45.9,331.0,15.0,84.0,13.3
2025-12-30 21:00:00,2025,12,30,21,An Giang,Xã Giồng Riềng,9.9237413,105.2736878,98,Moderate,1,23.6,87,0.0,5.3,114,1010.1,91,43.5,44.2,342.0,15.7,72.0,13.8
2025-12-30 22:00:00,2025,12,30,22,An Giang,Xã Giồng Riềng,9.9237413,105.2736878,98,Moderate,1,23.0,93,0.0,11.0,130,1010.4,100,37.3,38.4,342.0,15.8,63.0,13.6
2025-12-30 23:00:00,2025,12,30,23,An Giang,Xã Giồng Riềng,9.9237413,105.2736878,98,Moderate,1,22.5,88,0.0,9.2,129,1010.7,99,29.4,30.7,322.0,14.9,59.0,12.0
2025-12-31 00:00:00,2025,12,31,0,An Giang,Xã Giồng Riềng,9.9237413,105.2736878,96,Moderate,1,21.7,90,0.0,6.7,134,1010.7,100,24.0,26.0,290.0,13.4,57.0,9.8
2025-12-31 01:00:00,2025,12,31,1,An Giang,Xã Giồng Riềng,9.9237413,105.2736878,95,Moderate,1,21.0,94,0.0,5.2,151,1010.3,100,20.5,22.6,266.0,12.6,55.0,8.1
2025-12-31 02:00:00,2025,12,31,2,An Giang,Xã Giồng Riềng,9.9237413,105.2736878,93,Moderate,1,21.0,95,0.0,5.6,138,1010.0,91,19.6,21.7,257.0,12.9,51.0,7.4
2025-12-31 03:00:00,2025,12,31,3,An Giang,Xã Giồng Riềng,9.9237413,105.2736878,91,Moderate,1,21.0,95,0.0,6.0,136,1009.5,20,21.0,23.2,255.0,13.8,48.0,7.1
2025-12-31 04:00:00,2025,12,31,4,An Giang,Xã Giồng Riềng,9.9237413,105.2736878,90,Moderate,1,20.8,96,0.0,4.9,126,1009.5,38,23.7,26.0,259.0,15.1,44.0,7.4
2025-12-31 05:00:00,2025,12,31,5,An Giang,Xã Giồng Riềng,9.9237413,105.2736878,88,Moderate,1,20.5,96,0.0,4.7,99,1010.0,97,26.6,28.9,273.0,17.5,38.0,8.3
2025-12-31 06:00:00,2025,12,31,6,An Giang,Xã Giồng Riềng,9.9237413,105.2736878,87,Moderate,1,20.5,97,0.0,4.9,80,1010.4,95,30.0,32.4,292.0,20.1,32.0,9.7
2025-12-31 07:00:00,2025,12,31,7,An Giang,Xã Giồng Riềng,9.9237413,105.2736878,87,Moderate,1,21.6,94,0.0,7.3,74,1010.9,38,30.5,32.9,297.0,19.2,39.0,10.1
2025-12-31 08:00:00,2025,12,31,8,An Giang,Xã Giồng Riềng,9.9237413,105.2736878,88,Moderate,1,24.1,86,0.0,6.2,102,1011.5,69,26.7,30.0,274.0,15.3,63.0,11.5
2025-12-31 09:00:00,2025,12,31,9,An Giang,Xã Giồng Riềng,9.9237413,105.2736878,87,Moderate,1,25.8,79,0.0,8.3,106,1011.8,0,23.6,28.1,238.0,10.0,95.0,13.2
2025-12-31 10:00:00,2025,12,31,10,An Giang,Xã Giồng Riềng,9.9237413,105.2736878,87,Moderate,1,27.0,72,0.0,7.8,103,1011.4,5,23.2,26.9,214.0,5.7,122.0,14.1
2025-12-31 11:00:00,2025,12,31,11,An Giang,Xã Giồng Riềng,9.9237413,105.2736878,87,Moderate,1,27.9,68,0.0,6.9,83,1010.6,95,23.7,25.7,217.0,3.7,136.0,13.1
2025-12-31 12:00:00,2025,12,31,12,An Giang,Xã Giồng Riềng,9.9237413,105.2736878,87,Moderate,1,28.7,64,0.0,8.0,56,1009.4,68,24.2,25.7,233.0,2.7,144.0,11.1
2025-12-31 13:00:00,2025,12,31,13,An Giang,Xã Giồng Riềng,9.9237413,105.2736878,87,Moderate,1,29.1,58,0.0,6.4,61,1008.6,35,24.9,26.3,246.0,2.3,150.0,9.6
2025-12-31 14:00:00,2025,12,31,14,An Giang,Xã Giồng Riềng,9.9237413,105.2736878,86,Moderate,1,29.3,58,0.0,5.9,72,1007.4,32,25.4,26.8,249.0,1.9,156.0,8.9
2025-12-31 15:00:00,2025,12,31,15,An Giang,Xã Giồng Riềng,9.9237413,105.2736878,86,Moderate,1,29.4,57,0.0,5.5,77,1007.1,57,26.1,27.4,249.0,1.9,161.0,8.7
2025-12-31 16:00:00,2025,12,31,16,An Giang,Xã Giồng Riềng,9.9237413,105.2736878,86,Moderate,1,29.0,61,0.0,6.7,82,1006.8,63,27.2,28.4,255.0,3.2,159.0,9.3
2025-12-31 17:00:00,2025,12,31,17,An Giang,Xã Giồng Riềng,9.9237413,105.2736878,105,Unhealthy for Sensitive Groups,2,27.7,70,0.0,7.6,97,1007.0,13,28.9,29.9,275.0,6.9,149.0,11.6
2025-12-31 18:00:00,2025,12,31,18,An Giang,Xã Giồng Riềng,9.9237413,105.2736878,117,Unhealthy for Sensitive Groups,2,25.5,73,0.0,7.7,114,1007.7,1,34.6,35.5,301.0,11.9,132.0,14.9
2025-12-31 19:00:00,2025,12,31,19,An Giang,Xã Giồng Riềng,9.9237413,105.2736878,119,Unhealthy for Sensitive Groups,2,24.6,78,0.0,5.6,130,1008.1,0,43.9,44.7,316.0,17.2,102.0,15.6
2025-12-31 20:00:00,2025,12,31,20,An Giang,Xã Giồng Riềng,9.9237413,105.2736878,112,Unhealthy for Sensitive Groups,2,24.5,76,0.0,6.7,117,1009.0,2,46.3,47.0,312.0,16.8,91.0,15.2
2025-12-31 21:00:00,2025,12,31,21,An Giang,Xã Giồng Riềng,9.9237413,105.2736878,101,Unhealthy for Sensitive Groups,2,23.8,79,0.0,7.3,123,1009.3,52,42.6,43.3,298.0,16.3,77.0,14.7
2025-12-31 22:00:00,2025,12,31,22,An Giang,Xã Giồng Riềng,9.9237413,105.2736878,85,Moderate,1,23.1,87,0.0,12.9,137,1009.6,76,36.0,37.1,281.0,15.5,66.0,13.7
2025-12-31 23:00:00,2025,12,31,23,An Giang,Xã Giồng Riềng,9.9237413,105.2736878,85,Moderate,1,22.7,89,0.0,10.9,126,1009.9,100,28.2,29.7,263.0,14.2,63.0,11.9
2026-01-01 00:00:00,2026,1,1,0,An Giang,Xã Giồng Riềng,9.9237413,105.2736878,85,Moderate,1,22.3,90,0.0,9.7,119,1009.8,100,23.2,25.3,243.0,12.6,65.0,9.8
2026-01-01 01:00:00,2026,1,1,1,An Giang,Xã Giồng Riềng,9.9237413,105.2736878,85,Moderate,1,22.0,91,0.0,9.8,125,1009.2,100,20.5,22.7,227.0,11.5,66.0,8.1
2026-01-01 02:00:00,2026,1,1,2,An Giang,Xã Giồng Riềng,9.9237413,105.2736878,85,Moderate,1,21.9,91,0.0,8.1,125,1008.9,100,19.8,21.9,217.0,11.2,65.0,7.3
2026-01-01 03:00:00,2026,1,1,3,An Giang,Xã Giồng Riềng,9.9237413,105.2736878,85,Moderate,1,21.2,93,0.0,5.1,117,1008.4,99,19.8,22.0,212.0,11.4,64.0,7.0
2026-01-01 04:00:00,2026,1,1,4,An Giang,Xã Giồng Riềng,9.9237413,105.2736878,85,Moderate,1,20.8,95,0.0,4.4,122,1008.8,93,20.4,22.6,212.0,11.9,62.0,7.1
2026-01-01 05:00:00,2026,1,1,5,An Giang,Xã Giồng Riềng,9.9237413,105.2736878,84,Moderate,1,20.5,96,0.0,4.6,121,1009.3,3,21.2,23.3,223.0,13.4,56.0,7.6
2026-01-01 06:00:00,2026,1,1,6,An Giang,Xã Giồng Riềng,9.9237413,105.2736878,84,Moderate,1,20.4,96,0.0,5.2,110,1010.0,34,22.4,24.6,240.0,15.2,50.0,8.3
2026-01-01 07:00:00,2026,1,1,7,An Giang,Xã Giồng Riềng,9.9237413,105.2736878,83,Moderate,1,21.4,95,0.0,7.5,100,1010.8,95,24.9,27.1,248.0,14.5,54.0,8.8
2026-01-01 08:00:00,2026,1,1,8,An Giang,Xã Giồng Riềng,9.9237413,105.2736878,83,Moderate,1,23.8,88,0.0,5.4,105,1012.1,84,22.1,25.1,237.0,11.5,76.0,9.7
2026-01-01 09:00:00,2026,1,1,9,An Giang,Xã Giồng Riềng,9.9237413,105.2736878,82,Moderate,1,25.5,81,0.0,8.7,108,1012.9,0,20.3,24.4,218.0,7.3,107.0,11.0
2026-01-01 10:00:00,2026,1,1,10,An Giang,Xã Giồng Riềng,9.9237413,105.2736878,82,Moderate,1,26.8,74,0.0,9.2,106,1012.8,7,21.9,25.5,207.0,4.1,131.0,11.6
2026-01-01 11:00:00,2026,1,1,11,An Giang,Xã Giồng Riềng,9.9237413,105.2736878,82,Moderate,1,27.8,68,0.0,7.3,74,1012.5,66,24.5,26.8,214.0,2.7,143.0,11.1
2026-01-01 12:00:00,2026,1,1,12,An Giang,Xã Giồng Riềng,9.9237413,105.2736878,82,Moderate,1,28.4,64,0.0,8.5,63,1011.8,23,24.6,26.1,229.0,2.3,148.0,9.9
2026-01-01 13:00:00,2026,1,1,13,An Giang,Xã Giồng Riềng,9.9237413,105.2736878,82,Moderate,1,28.6,62,0.0,8.2,61,1010.9,75,25.6,26.9,242.0,2.2,152.0,9.1
2026-01-01 14:00:00,2026,1,1,14,An Giang,Xã Giồng Riềng,9.9237413,105.2736878,82,Moderate,1,29.0,59,0.0,8.5,52,1009.8,59,26.5,27.7,247.0,2.1,156.0,8.7
2026-01-01 15:00:00,2026,1,1,15,An Giang,Xã Giồng Riềng,9.9237413,105.2736878,82,Moderate,1,29.0,59,0.0,8.8,49,1009.2,17,27.3,28.3,250.0,2.3,158.0,8.6
2026-01-01 16:00:00,2026,1,1,16,An Giang,Xã Giồng Riềng,9.9237413,105.2736878,94,Moderate,1,28.5,61,0.0,8.7,58,1009.2,29,28.1,29.1,256.0,3.5,154.0,9.2
2026-01-01 17:00:00,2026,1,1,17,An Giang,Xã Giồng Riềng,9.9237413,105.2736878,111,Unhealthy for Sensitive Groups,2,27.4,69,0.0,7.3,79,1009.3,22,29.3,30.3,267.0,6.5,142.0,11.1
2026-01-01 18:00:00,2026,1,1,18,An Giang,Xã Giồng Riềng,9.9237413,105.2736878,118,Unhealthy for Sensitive Groups,2,25.5,75,0.0,7.9,94,1009.9,71,32.9,33.6,282.0,10.5,124.0,13.6
2026-01-01 19:00:00,2026,1,1,19,An Giang,Xã Giồng Riềng,9.9237413,105.2736878,117,Unhealthy for Sensitive Groups,2,24.9,80,0.0,8.3,96,1010.3,98,37.8,38.4,299.0,12.8,102.0,12.9
2026-01-01 20:00:00,2026,1,1,20,An Giang,Xã Giồng Riềng,9.9237413,105.2736878,108,Unhealthy for Sensitive Groups,2,24.5,79,0.0,8.2,109,1011.0,99,40.5,41.1,327.0,13.0,96.0,13.3
2026-01-01 21:00:00,2026,1,1,21,An Giang,Xã Giồng Riềng,9.9237413,105.2736878,97,Moderate,1,23.4,84,0.0,6.0,106,1011.6,90,39.8,40.6,357.0,13.4,87.0,13.9
2026-01-01 22:00:00,2026,1,1,22,An Giang,Xã Giồng Riềng,9.9237413,105.2736878,83,Moderate,1,23.3,87,0.0,12.1,125,1011.8,73,34.7,35.9,367.0,13.4,80.0,13.7
2026-01-01 23:00:00,2026,1,1,23,An Giang,Xã Giồng Riềng,9.9237413,105.2736878,81,Moderate,1,22.6,92,0.0,9.7,124,1011.9,100,28.5,30.2,339.0,12.9,77.0,12.2
2026-01-02 00:00:00,2026,1,2,0,An Giang,Xã Giồng Riềng,9.9237413,105.2736878,81,Moderate,1,22.3,92,0.0,8.8,118,1012.1,100,24.2,25.8,291.0,12.0,75.0,9.9
2026-01-02 01:00:00,2026,1,2,1,An Giang,Xã Giồng Riềng,9.9237413,105.2736878,81,Moderate,1,22.2,92,0.0,9.0,106,1011.7,100,22.5,24.4,252.0,11.6,73.0,8.3
2026-01-02 02:00:00,2026,1,2,2,An Giang,Xã Giồng Riềng,9.9237413,105.2736878,81,Moderate,1,22.1,92,0.0,7.8,97,1011.2,100,22.2,24.4,231.0,11.7,71.0,7.7
2026-01-02 03:00:00,2026,1,2,3,An Giang,Xã Giồng Riềng,9.9237413,105.2736878,81,Moderate,1,21.7,93,0.0,6.3,95,1010.3,95,22.2,24.4,220.0,12.1,68.0,7.7
2026-01-02 04:00:00,2026,1,2,4,An Giang,Xã Giồng Riềng,9.9237413,105.2736878,82,Moderate,1,21.1,94,0.0,5.2,86,1010.3,70,22.9,25.2,217.0,13.2,64.0,8.1
2026-01-02 05:00:00,2026,1,2,5,An Giang,Xã Giồng Riềng,9.9237413,105.2736878,82,Moderate,1,20.7,95,0.0,4.1,56,1010.6,43,24.7,27.0,231.0,15.8,55.0,9.0
2026-01-02 06:00:00,2026,1,2,6,An Giang,Xã Giồng Riềng,9.9237413,105.2736878,82,Moderate,1,20.4,96,0.0,3.6,30,1011.3,5,27.8,30.0,254.0,19.1,46.0,10.4
2026-01-02 07:00:00,2026,1,2,7,An Giang,Xã Giồng Riềng,9.9237413,105.2736878,83,Moderate,1,21.5,96,0.0,4.4,19,1012.4,11,30.6,32.8,265.0,18.8,47.0,11.5
2026-01-02 08:00:00,2026,1,2,8,An Giang,Xã Giồng Riềng,9.9237413,105.2736878,83,Moderate,1,24.0,88,0.0,3.6,41,1013.6,7,26.2,29.3,249.0,15.7,67.0,13.0
2026-01-02 09:00:00,2026,1,2,9,An Giang,Xã Giồng Riềng,9.9237413,105.2736878,83,Moderate,1,25.8,82,0.0,3.9,56,1014.2,13,23.2,26.7,222.0,11.3,96.0,15.1
2026-01-02 10:00:00,2026,1,2,10,An Giang,Xã Giồng Riềng,9.9237413,105.2736878,84,Moderate,1,27.1,73,0.1,7.4,56,1014.1,64,22.4,23.7,204.0,7.6,120.0,16.0
2026-01-02 11:00:00,2026,1,2,11,An Giang,Xã Giồng Riềng,9.9237413,105.2736878,84,Moderate,1,28.1,67,0.0,9.6,49,1013.5,99,22.3,23.4,208.0,5.3,136.0,14.8
2026-01-02 12:00:00,2026,1,2,12,An Giang,Xã Giồng Riềng,9.9237413,105.2736878,84,Moderate,1,28.8,61,0.0,9.6,49,1012.6,38,21.5,22.5,222.0,3.6,148.0,12.6
2026-01-02 13:00:00,2026,1,2,13,An Giang,Xã Giồng Riềng,9.9237413,105.2736878,83,Moderate,1,29.4,55,0.0,8.6,57,1011.7,0,21.5,22.3,233.0,2.6,156.0,10.8
2026-01-02 14:00:00,2026,1,2,14,An Giang,Xã Giồng Riềng,9.9237413,105.2736878,83,Moderate,1,29.6,51,0.0,8.9,56,1010.7,13,22.1,22.8,236.0,2.1,161.0,10.1
2026-01-02 15:00:00,2026,1,2,15,An Giang,Xã Giồng Riềng,9.9237413,105.2736878,83,Moderate,1,29.3,52,0.0,9.7,66,1010.5,2,22.5,23.2,236.0,2.2,162.0,9.8
2026-01-02 16:00:00,2026,1,2,16,An Giang,Xã Giồng Riềng,9.9237413,105.2736878,89,Moderate,1,28.5,59,0.0,8.9,76,1010.7,3,22.0,22.7,236.0,3.0,156.0,9.6
2026-01-02 17:00:00,2026,1,2,17,An Giang,Xã Giồng Riềng,9.9237413,105.2736878,108,Unhealthy for Sensitive Groups,2,27.5,67,0.0,7.5,105,1011.1,14,20.5,21.2,237.0,4.8,138.0,9.5
2026-01-02 18:00:00,2026,1,2,18,An Giang,Xã Giồng Riềng,9.9237413,105.2736878,117,Unhealthy for Sensitive Groups,2,25.2,77,0.0,10.7,132,1011.9,20,19.4,20.1,238.0,7.3,112.0,9.6
2026-01-02 19:00:00,2026,1,2,19,An Giang,Xã Giồng Riềng,9.9237413,105.2736878,115,Unhealthy for Sensitive Groups,2,24.5,82,0.0,7.7,121,1012.3,4,21.5,23.2,240.0,9.4,85.0,9.0
2026-01-02 20:00:00,2026,1,2,20,An Giang,Xã Giồng Riềng,9.9237413,105.2736878,104,Unhealthy for Sensitive Groups,2,23.9,80,0.0,7.5,111,1013.1,22,19.8,22.2,246.0,10.1,78.0,9.3
2026-01-02 21:00:00,2026,1,2,21,An Giang,Xã Giồng Riềng,9.9237413,105.2736878,89,Moderate,1,23.0,85,0.0,6.8,119,1013.7,74,19.7,22.1,254.0,11.1,69.0,9.7
2026-01-02 22:00:00,2026,1,2,22,An Giang,Xã Giồng Riềng,9.9237413,105.2736878,75,Moderate,1,22.5,88,0.0,6.0,136,1013.8,58,21.0,23.6,259.0,12.0,62.0,9.8
2026-01-02 23:00:00,2026,1,2,23,An Giang,Xã Giồng Riềng,9.9237413,105.2736878,73,Moderate,1,21.9,92,0.0,6.7,160,1013.6,3,21.8,24.4,257.0,12.4,59.0,9.4
2026-01-03 00:00:00,2026,1,3,0,An Giang,Xã Giồng Riềng,9.9237413,105.2736878,73,Moderate,1,21.6,94,0.0,7.8,143,1014.0,84,22.2,24.8,251.0,12.6,57.0,8.8
2026-01-03 01:00:00,2026,1,3,1,An Giang,Xã Giồng Riềng,9.9237413,105.2736878,73,Moderate,1,21.9,96,0.0,6.6,131,1013.3,0,23.2,25.8,247.0,13.3,54.0,8.4
2026-01-03 02:00:00,2026,1,3,2,An Giang,Xã Giồng Riềng,9.9237413,105.2736878,73,Moderate,1,21.5,97,0.0,5.4,116,1012.9,5,24.7,27.4,244.0,14.8,49.0,8.4
2026-01-03 03:00:00,2026,1,3,3,An Giang,Xã Giồng Riềng,9.9237413,105.2736878,73,Moderate,1,21.4,97,0.0,5.6,84,1012.4,15,27.5,30.2,243.0,16.7,43.0,8.6
2026-01-03 04:00:00,2026,1,3,4,An Giang,Xã Giồng Riềng,9.9237413,105.2736878,73,Moderate,1,21.2,98,0.0,6.6,29,1012.4,45,30.4,32.8,253.0,18.3,38.0,9.3
2026-01-03 05:00:00,2026,1,3,5,An Giang,Xã Giồng Riềng,9.9237413,105.2736878,74,Moderate,1,21.0,98,0.0,5.6,15,1012.5,90,31.9,34.2,286.0,20.0,33.0,11.1
2026-01-03 06:00:00,2026,1,3,6,An Giang,Xã Giồng Riềng,9.9237413,105.2736878,75,Moderate,1,21.0,99,0.0,6.6,22,1013.4,87,33.2,35.5,329.0,21.3,30.0,13.4
2026-01-03 07:00:00,2026,1,3,7,An Giang,Xã Giồng Riềng,9.9237413,105.2736878,75,Moderate,1,21.8,99,0.0,8.5,343,1014.1,100,41.1,44.0,352.0,23.1,32.0,14.8
2026-01-03 08:00:00,2026,1,3,8,An Giang,Xã Giồng Riềng,9.9237413,105.2736878,76,Moderate,1,23.2,93,0.0,10.3,360,1015.1,27,37.4,40.5,338.0,17.9,54.0,13.4
2026-01-03 09:00:00,2026,1,3,9,An Giang,Xã Giồng Riềng,9.9237413,105.2736878,77,Moderate,1,25.2,77,0.0,10.6,18,1015.5,3,28.7,30.3,305.0,10.8,84.0,11.4
2026-01-03 10:00:00,2026,1,3,10,An Giang,Xã Giồng Riềng,9.9237413,105.2736878,78,Moderate,1,26.6,61,0.0,12.2,24,1015.4,52,25.1,26.7,276.0,5.3,109.0,9.7
2026-01-03 11:00:00,2026,1,3,11,An Giang,Xã Giồng Riềng,9.9237413,105.2736878,78,Moderate,1,27.6,56,0.0,11.1,17,1014.9,52,23.3,24.9,257.0,3.0,122.0,8.7
2026-01-03 12:00:00,2026,1,3,12,An Giang,Xã Giồng Riềng,9.9237413,105.2736878,78,Moderate,1,28.3,53,0.0,10.9,27,1013.6,0,21.7,23.2,242.0,2.3,130.0,8.0
2026-01-03 13:00:00,2026,1,3,13,An Giang,Xã Giồng Riềng,9.9237413,105.2736878,78,Moderate,1,28.9,51,0.0,11.2,44,1012.7,2,20.2,21.7,235.0,2.0,136.0,7.7
2026-01-03 14:00:00,2026,1,3,14,An Giang,Xã Giồng Riềng,9.9237413,105.2736878,78,Moderate,1,28.5,54,0.0,11.8,56,1011.3,63,19.3,20.7,237.0,1.6,141.0,7.9
2026-01-03 15:00:00,2026,1,3,15,An Giang,Xã Giồng Riềng,9.9237413,105.2736878,77,Moderate,1,28.2,56,0.0,12.5,53,1010.6,56,19.7,21.0,247.0,1.7,143.0,8.5
2026-01-03 16:00:00,2026,1,3,16,An Giang,Xã Giồng Riềng,9.9237413,105.2736878,77,Moderate,1,27.7,59,0.0,12.2,56,1010.6,68,21.4,22.6,260.0,2.7,142.0,9.7
2026-01-03 17:00:00,2026,1,3,17,An Giang,Xã Giồng Riềng,9.9237413,105.2736878,81,Moderate,1,26.7,66,0.0,9.1,73,1011.0,61,24.5,25.7,279.0,5.2,135.0,11.9
2026-01-03 18:00:00,2026,1,3,18,An Giang,Xã Giồng Riềng,9.9237413,105.2736878,92,Moderate,1,24.8,74,0.0,7.3,101,1011.6,95,30.6,31.7,301.0,8.6,125.0,14.6
2026-01-03 19:00:00,2026,1,3,19,An Giang,Xã Giồng Riềng,9.9237413,105.2736878,95,Moderate,1,23.8,78,0.0,6.9,84,1012.2,100,34.8,35.4,315.0,10.9,112.0,16.1
2026-01-03 20:00:00,2026,1,3,20,An Giang,Xã Giồng Riềng,9.9237413,105.2736878,93,Moderate,1,23.4,80,0.0,7.1,124,1013.2,100,34.9,35.9,315.0,11.5,101.0,15.4
2026-01-03 21:00:00,2026,1,3,21,An Giang,Xã Giồng Riềng,9.9237413,105.2736878,87,Moderate,1,23.0,83,0.0,10.2,143,1013.7,100,31.2,32.1,308.0,12.5,86.0,14.3
2026-01-03 22:00:00,2026,1,3,22,An Giang,Xã Giồng Riềng,9.9237413,105.2736878,82,Moderate,1,22.4,84,0.0,7.8,143,1013.4,100,28.1,29.3,301.0,13.4,72.0,13.2
2026-01-03 23:00:00,2026,1,3,23,An Giang,Xã Giồng Riềng,9.9237413,105.2736878,83,Moderate,1,21.9,86,0.0,6.8,153,1013.3,100,26.6,28.0,297.0,14.2,62.0,11.9
2026-01-04 00:00:00,2026,1,4,0,An Giang,Xã Giồng Riềng,9.9237413,105.2736878,83,Moderate,1,21.5,88,0.0,7.2,158,1013.6,100,25.8,27.2,294.0,15.0,54.0,10.5
2026-01-04 01:00:00,2026,1,4,1,An Giang,Xã Giồng Riềng,9.9237413,105.2736878,83,Moderate,1,21.0,93,0.0,5.5,131,1013.0,100,27.0,28.9,293.0,16.0,47.0,9.5
2026-01-04 02:00:00,2026,1,4,2,An Giang,Xã Giồng Riềng,9.9237413,105.2736878,84,Moderate,1,20.7,95,0.0,4.5,113,1012.8,98,27.9,30.2,292.0,17.5,41.0,9.0
2026-01-04 03:00:00,2026,1,4,3,An Giang,Xã Giồng Riềng,9.9237413,105.2736878,84,Moderate,1,20.4,95,0.0,4.0,54,1012.6,99,30.0,32.5,293.0,19.3,36.0,9.0
2026-01-04 04:00:00,2026,1,4,4,An Giang,Xã Giồng Riềng,9.9237413,105.2736878,84,Moderate,1,20.4,97,0.0,7.5,10,1012.9,100,34.8,37.3,305.0,20.7,33.0,9.6
2026-01-04 05:00:00,2026,1,4,5,An Giang,Xã Giồng Riềng,9.9237413,105.2736878,85,Moderate,1,19.9,97,0.0,4.7,4,1013.1,100,38.2,40.4,342.0,22.0,29.0,11.5
2026-01-04 06:00:00,2026,1,4,6,An Giang,Xã Giồng Riềng,9.9237413,105.2736878,85,Moderate,1,20.0,97,0.0,7.3,7,1013.3,100,39.8,42.0,391.0,23.0,26.0,14.2
2026-01-04 07:00:00,2026,1,4,7,An Giang,Xã Giồng Riềng,9.9237413,105.2736878,86,Moderate,1,20.8,97,0.0,8.8,4,1014.1,100,36.1,37.8,417.0,21.7,31.0,15.3
2026-01-04 08:00:00,2026,1,4,8,An Giang,Xã Giồng Riềng,9.9237413,105.2736878,85,Moderate,1,23.2,88,0.0,9.0,3,1015.1,97,33.1,34.9,402.0,17.1,59.0,16.0
2026-01-04 09:00:00,2026,1,4,9,An Giang,Xã Giồng Riềng,9.9237413,105.2736878,85,Moderate,1,25.0,71,0.0,12.5,18,1015.8,94,25.6,26.9,366.0,10.8,97.0,16.9
2026-01-04 10:00:00,2026,1,4,10,An Giang,Xã Giồng Riềng,9.9237413,105.2736878,85,Moderate,1,26.1,63,0.0,10.6,23,1015.4,96,24.0,25.1,332.0,5.8,127.0,16.8
2026-01-04 11:00:00,2026,1,4,11,An Giang,Xã Giồng Riềng,9.9237413,105.2736878,85,Moderate,1,27.2,59,0.0,8.6,20,1014.3,88,24.0,25.1,309.0,3.5,141.0,14.8
2026-01-04 12:00:00,2026,1,4,12,An Giang,Xã Giồng Riềng,9.9237413,105.2736878,85,Moderate,1,28.4,53,0.0,7.4,23,1013.1,100,21.7,22.9,289.0,2.6,147.0,11.8
2026-01-04 13:00:00,2026,1,4,13,An Giang,Xã Giồng Riềng,9.9237413,105.2736878,85,Moderate,1,29.6,50,0.0,7.2,37,1012.1,97,19.8,21.1,272.0,2.2,149.0,9.5
2026-01-04 14:00:00,2026,1,4,14,An Giang,Xã Giồng Riềng,9.9237413,105.2736878,85,Moderate,1,29.9,48,0.0,8.5,55,1010.9,51,18.4,20.0,254.0,1.6,149.0,8.3
2026-01-04 15:00:00,2026,1,4,15,An Giang,Xã Giồng Riềng,9.9237413,105.2736878,85,Moderate,1,29.6,49,0.0,8.9,77,1010.4,8,17.5,19.1,238.0,1.5,144.0,7.7
2026-01-04 16:00:00,2026,1,4,16,An Giang,Xã Giồng Riềng,9.9237413,105.2736878,84,Moderate,1,28.9,54,0.0,8.3,90,1010.3,53,17.2,18.8,237.0,2.7,136.0,8.1
2026-01-04 17:00:00,2026,1,4,17,An Giang,Xã Giồng Riềng,9.9237413,105.2736878,98,Moderate,1,27.8,66,0.0,4.7,88,1010.7,39,18.2,19.7,258.0,6.2,122.0,9.9
2026-01-04 18:00:00,2026,1,4,18,An Giang,Xã Giồng Riềng,9.9237413,105.2736878,104,Unhealthy for Sensitive Groups,2,25.8,72,0.0,4.9,88,1011.3,100,25.0,26.1,294.0,11.0,104.0,12.6
2026-01-04 19:00:00,2026,1,4,19,An Giang,Xã Giồng Riềng,9.9237413,105.2736878,99,Moderate,1,25.0,76,0.0,3.8,73,1012.1,100,31.1,31.9,328.0,17.1,86.0,14.5
2026-01-04 20:00:00,2026,1,4,20,An Giang,Xã Giồng Riềng,9.9237413,105.2736878,87,Moderate,1,24.8,78,0.0,3.0,52,1013.0,100,40.6,41.6,360.0,18.0,80.0,15.6
2026-01-04 21:00:00,2026,1,4,21,An Giang,Xã Giồng Riềng,9.9237413,105.2736878,83,Moderate,1,24.5,79,0.0,1.3,16,1013.2,100,43.7,44.5,391.0,19.1,71.0,17.1
2026-01-04 22:00:00,2026,1,4,22,An Giang,Xã Giồng Riềng,9.9237413,105.2736878,84,Moderate,1,24.0,80,0.0,1.6,354,1013.3,100,42.5,43.2,407.0,19.6,65.0,18.0
2026-01-04 23:00:00,2026,1,4,23,An Giang,Xã Giồng Riềng,9.9237413,105.2736878,86,Moderate,1,23.2,84,0.0,1.8,96,1013.2,100,42.5,43.2,397.0,18.7,64.0,17.8
2026-01-05 00:00:00,2026,1,5,0,An Giang,Xã Giồng Riềng,9.9237413,105.2736878,87,Moderate,1,22.4,88,0.0,5.9,133,1013.1,100,41.0,41.7,371.0,17.1,66.0,16.9
2026-01-05 01:00:00,2026,1,5,1,An Giang,Xã Giồng Riềng,9.9237413,105.2736878,88,Moderate,1,22.2,92,0.0,7.3,149,1012.6,99,40.2,40.7,351.0,15.9,66.0,15.8
2026-01-05 02:00:00,2026,1,5,2,An Giang,Xã Giồng Riềng,9.9237413,105.2736878,89,Moderate,1,22.4,91,0.0,6.9,150,1012.0,99,39.8,40.5,343.0,15.1,64.0,14.5
2026-01-05 03:00:00,2026,1,5,3,An Giang,Xã Giồng Riềng,9.9237413,105.2736878,90,Moderate,1,21.8,94,0.0,4.3,158,1011.5,100,39.8,40.5,340.0,14.7,61.0,12.9
2026-01-05 04:00:00,2026,1,5,4,An Giang,Xã Giồng Riềng,9.9237413,105.2736878,91,Moderate,1,21.8,95,0.0,2.9,169,1011.2,100,41.0,41.7,344.0,15.2,56.0,11.9
2026-01-05 05:00:00,2026,1,5,5,An Giang,Xã Giồng Riềng,9.9237413,105.2736878,92,Moderate,1,22.1,94,0.0,1.7,212,1011.7,100,44.1,44.8,361.0,18.1,43.0,11.7
2026-01-05 06:00:00,2026,1,5,6,An Giang,Xã Giồng Riềng,9.9237413,105.2736878,92,Moderate,1,22.1,93,0.0,4.5,317,1012.5,90,49.2,49.8,384.0,22.0,27.0,12.1
2026-01-05 07:00:00,2026,1,5,7,An Giang,Xã Giồng Riềng,9.9237413,105.2736878,93,Moderate,1,22.6,92,0.0,5.8,306,1013.2,100,57.2,58.6,395.0,24.4,46.0,16.4
2026-01-05 08:00:00,2026,1,5,8,An Giang,Xã Giồng Riềng,9.9237413,105.2736878,95,Moderate,1,23.8,89,0.0,3.6,297,1014.1,100,39.1,41.0,383.0,19.0,72.0,16.3
2026-01-05 09:00:00,2026,1,5,9,An Giang,Xã Giồng Riềng,9.9237413,105.2736878,96,Moderate,1,25.4,78,0.0,7.2,307,1014.5,95,32.5,35.0,359.0,11.6,107.0,16.1
2026-01-05 10:00:00,2026,1,5,10,An Giang,Xã Giồng Riềng,9.9237413,105.2736878,96,Moderate,1,26.8,68,0.0,9.1,328,1014.2,91,30.5,33.1,339.0,5.9,137.0,15.6
2026-01-05 11:00:00,2026,1,5,11,An Giang,Xã Giồng Riềng,9.9237413,105.2736878,97,Moderate,1,27.9,65,0.0,7.9,343,1013.9,56,28.1,29.3,328.0,3.5,156.0,14.7
2026-01-05 12:00:00,2026,1,5,12,An Giang,Xã Giồng Riềng,9.9237413,105.2736878,97,Moderate,1,28.9,61,0.0,6.7,2,1013.2,100,27.1,28.0,320.0,2.8,170.0,13.5
2026-01-05 13:00:00,2026,1,5,13,An Giang,Xã Giồng Riềng,9.9237413,105.2736878,98,Moderate,1,28.7,62,0.0,6.2,21,1012.6,100,26.2,27.0,317.0,2.6,176.0,12.6
2026-01-05 14:00:00,2026,1,5,14,An Giang,Xã Giồng Riềng,9.9237413,105.2736878,98,Moderate,1,28.6,63,0.0,7.3,20,1011.7,98,26.1,26.8,319.0,2.6,172.0,12.0
2026-01-05 15:00:00,2026,1,5,15,An Giang,Xã Giồng Riềng,9.9237413,105.2736878,99,Moderate,1,28.5,63,0.0,7.5,27,1011.1,98,25.1,25.8,326.0,3.3,161.0,11.6
2026-01-05 16:00:00,2026,1,5,16,An Giang,Xã Giồng Riềng,9.9237413,105.2736878,111,Unhealthy for Sensitive Groups,2,28.4,64,0.0,8.0,34,1011.1,100,27.0,27.6,337.0,4.5,149.0,12.3
2026-01-05 17:00:00,2026,1,5,17,An Giang,Xã Giồng Riềng,9.9237413,105.2736878,128,Unhealthy for Sensitive Groups,2,27.7,68,0.0,7.4,39,1011.4,100,32.7,33.3,352.0,6.7,139.0,14.8
2026-01-05 18:00:00,2026,1,5,18,An Giang,Xã Giồng Riềng,9.9237413,105.2736878,135,Unhealthy for Sensitive Groups,2,26.5,72,0.0,5.8,56,1012.2,100,39.1,39.7,372.0,9.6,129.0,18.3
2026-01-05 19:00:00,2026,1,5,19,An Giang,Xã Giồng Riềng,9.9237413,105.2736878,133,Unhealthy for Sensitive Groups,2,26.0,82,0.0,3.6,90,1012.6,100,40.2,40.7,397.0,13.5,97.0,17.3
2026-01-05 20:00:00,2026,1,5,20,An Giang,Xã Giồng Riềng,9.9237413,105.2736878,120,Unhealthy for Sensitive Groups,2,25.9,84,0.0,3.6,96,1013.2,100,44.9,45.4,441.0,14.0,93.0,19.0
2026-01-05 21:00:00,2026,1,5,21,An Giang,Xã Giồng Riềng,9.9237413,105.2736878,105,Unhealthy for Sensitive Groups,2,25.4,85,0.0,3.2,128,1013.5,100,47.7,48.3,490.0,14.8,88.0,21.1
2026-01-05 22:00:00,2026,1,5,22,An Giang,Xã Giồng Riềng,9.9237413,105.2736878,105,Unhealthy for Sensitive Groups,2,25.0,87,0.0,4.0,153,1013.1,98,48.5,49.2,505.0,15.3,82.0,22.2
2026-01-05 23:00:00,2026,1,5,23,An Giang,Xã Giồng Riềng,9.9237413,105.2736878,106,Unhealthy for Sensitive Groups,2,24.7,88,0.0,4.9,152,1013.0,100,46.7,47.4,456.0,15.3,75.0,21.1
2026-01-06 00:00:00,2026,1,6,0,An Giang,Xã Giồng Riềng,9.9237413,105.2736878,106,Unhealthy for Sensitive Groups,2,24.4,88,0.0,6.6,135,1013.0,100,42.4,43.3,373.0,15.2,67.0,18.9
2026-01-06 01:00:00,2026,1,6,1,An Giang,Xã Giồng Riềng,9.9237413,105.2736878,107,Unhealthy for Sensitive Groups,2,24.0,92,0.0,6.6,143,1012.7,100,38.8,39.9,306.0,15.3,60.0,16.8
2026-01-06 02:00:00,2026,1,6,2,An Giang,Xã Giồng Riềng,9.9237413,105.2736878,106,Unhealthy for Sensitive Groups,2,23.6,95,0.0,4.4,122,1012.3,100,37.0,38.2,273.0,16.0,53.0,15.2
2026-01-06 03:00:00,2026,1,6,3,An Giang,Xã Giồng Riềng,9.9237413,105.2736878,106,Unhealthy for Sensitive Groups,2,23.4,97,0.0,4.6,129,1011.9,100,36.4,37.6,257.0,16.9,46.0,13.7
2026-01-06 04:00:00,2026,1,6,4,An Giang,Xã Giồng Riềng,9.9237413,105.2736878,106,Unhealthy for Sensitive Groups,2,23.3,98,0.0,4.6,108,1011.9,100,34.7,36.0,251.0,17.7,40.0,12.6
2026-01-06 05:00:00,2026,1,6,5,An Giang,Xã Giồng Riềng,9.9237413,105.2736878,105,Unhealthy for Sensitive Groups,2,23.0,98,0.0,3.6,93,1012.1,100,30.5,32.7,262.0,18.6,35.0,11.9
2026-01-06 06:00:00,2026,1,6,6,An Giang,Xã Giồng Riềng,9.9237413,105.2736878,104,Unhealthy for Sensitive Groups,2,22.6,99,0.0,3.6,81,1012.4,100,28.8,30.9,283.0,19.5,31.0,11.7
2026-01-06 07:00:00,2026,1,6,7,An Giang,Xã Giồng Riềng,9.9237413,105.2736878,102,Unhealthy for Sensitive Groups,2,23.4,99,0.0,5.2,90,1013.3,100,25.5,28.2,293.0,16.1,43.0,10.6
2026-01-06 08:00:00,2026,1,6,8,An Giang,Xã Giồng Riềng,9.9237413,105.2736878,99,Moderate,1,25.2,89,0.0,7.2,96,1014.0,100,22.2,25.1,275.0,13.8,55.0,11.3
2026-01-06 09:00:00,2026,1,6,9,An Giang,Xã Giồng Riềng,9.9237413,105.2736878,97,Moderate,1,26.6,81,0.0,7.6,75,1014.4,100,20.0,23.3,245.0,10.5,72.0,12.2
2026-01-06 10:00:00,2026,1,6,10,An Giang,Xã Giồng Riềng,9.9237413,105.2736878,96,Moderate,1,27.6,75,0.1,8.2,75,1014.3,100,21.4,25.0,226.0,7.7,88.0,12.7
2026-01-06 11:00:00,2026,1,6,11,An Giang,Xã Giồng Riềng,9.9237413,105.2736878,95,Moderate,1,28.6,70,0.1,8.5,69,1013.8,100,20.7,22.6,233.0,5.7,104.0,12.2
2026-01-06 12:00:00,2026,1,6,12,An Giang,Xã Giồng Riềng,9.9237413,105.2736878,94,Moderate,1,28.8,69,0.0,8.6,67,1013.1,90,21.0,22.4,251.0,4.2,119.0,11.2
2026-01-06 13:00:00,2026,1,6,13,An Giang,Xã Giồng Riềng,9.9237413,105.2736878,94,Moderate,1,29.0,69,0.0,7.7,65,1012.7,100,21.1,22.3,262.0,3.3,130.0,10.6
2026-01-06 14:00:00,2026,1,6,14,An Giang,Xã Giồng Riềng,9.9237413,105.2736878,93,Moderate,1,26.9,80,11.8,9.5,76,1011.6,100,21.1,22.3,255.0,3.1,134.0,10.8
2026-01-06 15:00:00,2026,1,6,15,An Giang,Xã Giồng Riềng,9.9237413,105.2736878,93,Moderate,1,26.5,81,5.7,1.1,288,1011.5,100,21.5,22.6,240.0,3.6,134.0,11.4
2026-01-06 16:00:00,2026,1,6,16,An Giang,Xã Giồng Riềng,9.9237413,105.2736878,93,Moderate,1,24.9,90,7.7,8.6,144,1012.2,100,20.5,21.4,230.0,4.5,127.0,11.7
2026-01-06 17:00:00,2026,1,6,17,An Giang,Xã Giồng Riềng,9.9237413,105.2736878,92,Moderate,1,24.0,94,2.3,6.3,51,1012.7,100,18.7,19.4,232.0,6.1,111.0,11.2
2026-01-06 18:00:00,2026,1,6,18,An Giang,Xã Giồng Riềng,9.9237413,105.2736878,91,Moderate,1,24.1,94,0.5,3.2,56,1012.9,90,15.4,16.2,239.0,8.1,88.0,10.5
2026-01-06 19:00:00,2026,1,6,19,An Giang,Xã Giồng Riềng,9.9237413,105.2736878,89,Moderate,1,24.0,94,0.1,5.2,41,1013.5,84,18.2,18.7,247.0,13.3,59.0,10.3
2026-01-06 20:00:00,2026,1,6,20,An Giang,Xã Giồng Riềng,9.9237413,105.2736878,87,Moderate,1,24.1,93,0.0,6.6,79,1014.3,100,17.9,18.6,257.0,13.5,58.0,10.5
2026-01-06 21:00:00,2026,1,6,21,An Giang,Xã Giồng Riềng,9.9237413,105.2736878,84,Moderate,1,24.1,94,0.0,8.7,83,1014.9,98,18.2,19.4,268.0,13.9,57.0,10.8
2026-01-06 22:00:00,2026,1,6,22,An Giang,Xã Giồng Riềng,9.9237413,105.2736878,82,Moderate,1,23.5,96,0.0,7.5,79,1014.6,100,19.3,20.8,274.0,14.4,55.0,10.9
2026-01-06 23:00:00,2026,1,6,23,An Giang,Xã Giồng Riềng,9.9237413,105.2736878,79,Moderate,1,23.2,97,0.0,6.4,100,1013.9,97,20.8,22.4,268.0,15.2,50.0,10.4
2026-01-07 00:00:00,2026,1,7,0,An Giang,Xã Giồng Riềng,9.9237413,105.2736878,77,Moderate,1,23.0,97,0.0,6.5,88,1013.7,97,21.7,23.5,257.0,16.2,45.0,9.6
2026-01-07 01:00:00,2026,1,7,1,An Giang,Xã Giồng Riềng,9.9237413,105.2736878,75,Moderate,1,23.0,97,0.0,7.8,50,1013.2,100,23.6,25.2,250.0,17.1,40.0,9.3
2026-01-07 02:00:00,2026,1,7,2,An Giang,Xã Giồng Riềng,9.9237413,105.2736878,74,Moderate,1,23.1,96,0.0,6.8,61,1012.6,100,24.3,26.7,248.0,18.1,37.0,10.1
2026-01-07 03:00:00,2026,1,7,3,An Giang,Xã Giồng Riềng,9.9237413,105.2736878,73,Moderate,1,22.9,96,0.0,6.9,53,1012.4,98,26.5,29.0,249.0,19.2,35.0,11.3
2026-01-07 04:00:00,2026,1,7,4,An Giang,Xã Giồng Riềng,9.9237413,105.2736878,72,Moderate,1,22.6,96,0.0,7.5,37,1012.5,100,29.0,31.8,264.0,19.6,35.0,12.4
2026-01-07 05:00:00,2026,1,7,5,An Giang,Xã Giồng Riềng,9.9237413,105.2736878,71,Moderate,1,22.6,97,0.0,8.1,29,1013.1,99,30.2,32.8,307.0,19.4,35.0,13.2
2026-01-07 06:00:00,2026,1,7,6,An Giang,Xã Giồng Riềng,9.9237413,105.2736878,71,Moderate,1,22.5,98,0.0,9.2,20,1013.5,93,28.9,30.4,363.0,18.6,38.0,13.7
2026-01-07 07:00:00,2026,1,7,7,An Giang,Xã Giồng Riềng,9.9237413,105.2736878,71,Moderate,1,23.1,96,0.0,8.8,33,1014.4,96,36.4,37.3,395.0,20.2,43.0,15.4
2026-01-07 08:00:00,2026,1,7,8,An Giang,Xã Giồng Riềng,9.9237413,105.2736878,72,Moderate,1,24.0,87,0.0,10.4,39,1015.5,98,31.1,31.7,379.0,16.2,60.0,13.8
2026-01-07 09:00:00,2026,1,7,9,An Giang,Xã Giồng Riềng,9.9237413,105.2736878,73,Moderate,1,24.0,80,0.0,11.6,24,1016.0,70,27.0,27.5,340.0,10.6,83.0,11.7
2026-01-07 10:00:00,2026,1,7,10,An Giang,Xã Giồng Riềng,9.9237413,105.2736878,74,Moderate,1,25.0,73,0.0,12.5,32,1016.0,23,25.6,26.1,307.0,6.3,106.0,10.7
2026-01-07 11:00:00,2026,1,7,11,An Giang,Xã Giồng Riềng,9.9237413,105.2736878,74,Moderate,1,26.0,70,0.0,12.0,30,1015.5,14,26.7,27.4,294.0,4.4,126.0,12.0
2026-01-07 12:00:00,2026,1,7,12,An Giang,Xã Giồng Riềng,9.9237413,105.2736878,75,Moderate,1,26.9,71,0.0,9.6,47,1014.6,77,29.0,29.9,289.0,3.8,145.0,14.3
2026-01-07 13:00:00,2026,1,7,13,An Giang,Xã Giồng Riềng,9.9237413,105.2736878,75,Moderate,1,27.6,68,0.0,8.4,37,1013.5,73,31.5,32.5,284.0,3.7,158.0,16.0
2026-01-07 14:00:00,2026,1,7,14,An Giang,Xã Giồng Riềng,9.9237413,105.2736878,76,Moderate,1,27.7,68,0.0,8.8,49,1012.5,94,33.6,34.6,275.0,3.7,163.0,16.0
2026-01-07 15:00:00,2026,1,7,15,An Giang,Xã Giồng Riềng,9.9237413,105.2736878,77,Moderate,1,27.0,70,0.0,9.9,80,1012.2,100,35.7,36.8,268.0,4.2,163.0,15.4
2026-01-07 16:00:00,2026,1,7,16,An Giang,Xã Giồng Riềng,9.9237413,105.2736878,80,Moderate,1,26.2,77,0.0,8.3,106,1012.2,100,37.7,38.6,270.0,5.4,156.0,15.1
2026-01-07 17:00:00,2026,1,7,17,An Giang,Xã Giồng Riềng,9.9237413,105.2736878,101,Unhealthy for Sensitive Groups,2,25.8,82,0.0,9.6,98,1012.7,100,39.0,40.0,288.0,7.8,140.0,15.9
2026-01-07 18:00:00,2026,1,7,18,An Giang,Xã Giồng Riềng,9.9237413,105.2736878,113,Unhealthy for Sensitive Groups,2,24.8,85,0.0,10.2,126,1013.0,100,42.0,42.8,316.0,10.8,119.0,17.0
2026-01-07 19:00:00,2026,1,7,19,An Giang,Xã Giồng Riềng,9.9237413,105.2736878,115,Unhealthy for Sensitive Groups,2,24.5,89,0.0,7.2,152,1013.8,98,39.8,40.6,345.0,12.2,95.0,15.0
2026-01-07 20:00:00,2026,1,7,20,An Giang,Xã Giồng Riềng,9.9237413,105.2736878,109,Unhealthy for Sensitive Groups,2,24.5,89,0.0,10.6,145,1014.4,69,44.1,44.8,378.0,12.4,91.0,15.6
2026-01-07 21:00:00,2026,1,7,21,An Giang,Xã Giồng Riềng,9.9237413,105.2736878,97,Moderate,1,24.0,86,0.0,12.0,135,1014.5,70,43.8,44.7,412.0,12.6,85.0,16.4
2026-01-07 22:00:00,2026,1,7,22,An Giang,Xã Giồng Riềng,9.9237413,105.2736878,91,Moderate,1,23.4,84,0.0,11.7,117,1014.4,26,38.5,39.9,428.0,12.7,80.0,16.1
2026-01-07 23:00:00,2026,1,7,23,An Giang,Xã Giồng Riềng,9.9237413,105.2736878,92,Moderate,1,22.8,87,0.0,8.2,98,1014.3,100,31.0,32.6,412.0,12.2,77.0,13.8
2026-01-08 00:00:00,2026,1,8,0,An Giang,Xã Giồng Riềng,9.9237413,105.2736878,93,Moderate,1,22.6,88,0.0,7.4,86,1014.5,100,26.6,28.7,379.0,11.5,75.0,10.4
2026-01-08 01:00:00,2026,1,8,1,An Giang,Xã Giồng Riềng,9.9237413,105.2736878,94,Moderate,1,22.4,91,0.0,7.1,97,1014.2,71,23.0,25.1,353.0,11.4,71.0,8.1
2026-01-08 02:00:00,2026,1,8,2,An Giang,Xã Giồng Riềng,9.9237413,105.2736878,94,Moderate,1,22.5,91,0.0,7.5,98,1014.1,41,22.6,24.7,341.0,12.5,65.0,7.6
2026-01-08 03:00:00,2026,1,8,3,An Giang,Xã Giồng Riềng,9.9237413,105.2736878,94,Moderate,1,22.0,92,0.0,6.1,95,1014.0,22,24.2,26.2,335.0,14.2,57.0,8.1
2026-01-08 04:00:00,2026,1,8,4,An Giang,Xã Giồng Riềng,9.9237413,105.2736878,93,Moderate,1,21.9,93,0.0,7.1,63,1014.1,62,26.8,28.7,343.0,15.7,51.0,9.0
2026-01-08 05:00:00,2026,1,8,5,An Giang,Xã Giồng Riềng,9.9237413,105.2736878,93,Moderate,1,22.0,94,0.0,7.9,20,1014.6,98,30.3,32.1,375.0,17.4,44.0,10.7
2026-01-08 06:00:00,2026,1,8,6,An Giang,Xã Giồng Riềng,9.9237413,105.2736878,93,Moderate,1,22.1,93,0.0,8.1,25,1015.1,100,33.8,34.6,419.0,18.9,39.0,12.9
2026-01-08 07:00:00,2026,1,8,7,An Giang,Xã Giồng Riềng,9.9237413,105.2736878,94,Moderate,1,22.6,94,0.0,9.6,13,1015.7,23,36.0,36.9,448.0,20.1,43.0,14.3
2026-01-08 08:00:00,2026,1,8,8,An Giang,Xã Giồng Riềng,9.9237413,105.2736878,94,Moderate,1,23.2,81,0.0,14.0,13,1016.9,31,29.3,29.8,448.0,15.4,62.0,12.5
2026-01-08 09:00:00,2026,1,8,9,An Giang,Xã Giồng Riềng,9.9237413,105.2736878,93,Moderate,1,23.5,74,0.0,13.8,15,1017.5,77,23.5,24.0,432.0,9.0,89.0,10.1
2026-01-08 10:00:00,2026,1,8,10,An Giang,Xã Giồng Riềng,9.9237413,105.2736878,93,Moderate,1,24.4,71,0.0,14.1,17,1017.4,80,22.2,22.8,414.0,4.1,112.0,8.3
2026-01-08 11:00:00,2026,1,8,11,An Giang,Xã Giồng Riềng,9.9237413,105.2736878,93,Moderate,1,25.1,69,0.0,13.5,23,1016.8,9,22.2,22.8,396.0,2.3,126.0,7.7
2026-01-08 12:00:00,2026,1,8,12,An Giang,Xã Giồng Riềng,9.9237413,105.2736878,92,Moderate,1,26.0,67,0.0,12.2,29,1015.8,4,22.2,22.9,375.0,2.0,136.0,7.7
2026-01-08 13:00:00,2026,1,8,13,An Giang,Xã Giồng Riềng,9.9237413,105.2736878,92,Moderate,1,26.5,66,0.0,11.6,33,1014.9,30,21.2,21.9,360.0,2.0,142.0,7.7
2026-01-08 14:00:00,2026,1,8,14,An Giang,Xã Giồng Riềng,9.9237413,105.2736878,91,Moderate,1,26.6,65,0.0,12.4,33,1013.6,100,20.0,20.6,351.0,1.7,145.0,7.3
2026-01-08 15:00:00,2026,1,8,15,An Giang,Xã Giồng Riềng,9.9237413,105.2736878,90,Moderate,1,26.7,65,0.0,12.1,38,1012.9,98,18.9,19.4,346.0,1.7,145.0,6.8
2026-01-08 16:00:00,2026,1,8,16,An Giang,Xã Giồng Riềng,9.9237413,105.2736878,88,Moderate,1,26.4,66,0.0,11.1,54,1013.0,73,18.3,18.9,353.0,2.7,141.0,7.1
2026-01-08 17:00:00,2026,1,8,17,An Giang,Xã Giồng Riềng,9.9237413,105.2736878,87,Moderate,1,25.8,72,0.0,5.2,68,1013.0,2,19.3,19.7,377.0,5.5,130.0,8.8
2026-01-08 18:00:00,2026,1,8,18,An Giang,Xã Giồng Riềng,9.9237413,105.2736878,96,Moderate,1,24.5,75,0.0,3.6,108,1013.2,92,24.8,25.1,412.0,9.4,115.0,11.2
2026-01-08 19:00:00,2026,1,8,19,An Giang,Xã Giồng Riềng,9.9237413,105.2736878,96,Moderate,1,23.8,73,0.0,4.7,88,1014.1,7,29.7,30.0,445.0,12.0,90.0,11.3
2026-01-08 20:00:00,2026,1,8,20,An Giang,Xã Giồng Riềng,9.9237413,105.2736878,89,Moderate,1,22.8,79,0.0,4.8,121,1015.0,0,38.0,38.4,477.0,12.0,88.0,11.9
2026-01-08 21:00:00,2026,1,8,21,An Giang,Xã Giồng Riềng,9.9237413,105.2736878,82,Moderate,1,21.7,86,0.0,5.6,140,1015.4,98,41.4,42.1,506.0,12.1,84.0,12.7
2026-01-08 22:00:00,2026,1,8,22,An Giang,Xã Giồng Riềng,9.9237413,105.2736878,82,Moderate,1,21.5,86,0.0,9.2,132,1015.2,80,40.6,41.7,513.0,12.5,80.0,13.0
2026-01-08 23:00:00,2026,1,8,23,An Giang,Xã Giồng Riềng,9.9237413,105.2736878,82,Moderate,1,21.0,90,0.0,3.7,129,1015.2,98,38.8,40.4,479.0,13.5,75.0,12.5
2026-01-09 00:00:00,2026,1,9,0,An Giang,Xã Giồng Riềng,9.9237413,105.2736878,82,Moderate,1,20.5,91,0.0,1.7,328,1015.6,98,39.9,41.9,422.0,14.8,68.0,11.6
2026-01-09 01:00:00,2026,1,9,1,An Giang,Xã Giồng Riềng,9.9237413,105.2736878,84,Moderate,1,20.1,95,0.0,1.3,352,1015.3,100,44.4,46.9,378.0,16.5,61.0,10.9
2026-01-09 02:00:00,2026,1,9,2,An Giang,Xã Giồng Riềng,9.9237413,105.2736878,85,Moderate,1,20.5,95,0.0,2.5,69,1014.5,99,50.4,53.7,357.0,19.2,52.0,10.7
2026-01-09 03:00:00,2026,1,9,3,An Giang,Xã Giồng Riềng,9.9237413,105.2736878,88,Moderate,1,20.1,96,0.1,3.6,360,1014.2,100,62.4,64.7,349.0,22.2,42.0,10.8
2026-01-09 04:00:00,2026,1,9,4,An Giang,Xã Giồng Riềng,9.9237413,105.2736878,91,Moderate,1,20.1,96,0.1,5.9,340,1014.4,66,67.5,68.9,361.0,23.6,36.0,11.1
2026-01-09 05:00:00,2026,1,9,5,An Giang,Xã Giồng Riềng,9.9237413,105.2736878,95,Moderate,1,19.9,96,0.0,8.8,5,1014.8,17,56.7,57.6,415.0,22.2,36.0,12.1
2026-01-09 06:00:00,2026,1,9,6,An Giang,Xã Giồng Riềng,9.9237413,105.2736878,97,Moderate,1,19.5,94,0.0,10.6,14,1015.1,90,45.6,46.3,488.0,19.2,41.0,13.4
2026-01-09 07:00:00,2026,1,9,7,An Giang,Xã Giồng Riềng,9.9237413,105.2736878,98,Moderate,1,19.3,88,0.0,12.5,12,1015.9,71,33.4,33.6,521.0,15.3,52.0,12.2
2026-01-09 08:00:00,2026,1,9,8,An Giang,Xã Giồng Riềng,9.9237413,105.2736878,98,Moderate,1,20.4,78,0.0,11.7,17,1017.0,90,27.6,27.8,474.0,12.1,67.0,11.2
2026-01-09 09:00:00,2026,1,9,9,An Giang,Xã Giồng Riềng,9.9237413,105.2736878,98,Moderate,1,21.6,70,0.0,14.5,12,1017.4,11,23.3,23.7,388.0,7.6,89.0,9.7
2026-01-09 10:00:00,2026,1,9,10,An Giang,Xã Giồng Riềng,9.9237413,105.2736878,98,Moderate,1,22.5,66,0.0,15.7,16,1017.1,27,22.4,22.8,322.0,4.1,108.0,8.7
2026-01-09 11:00:00,2026,1,9,11,An Giang,Xã Giồng Riềng,9.9237413,105.2736878,98,Moderate,1,23.4,66,0.0,12.4,19,1016.4,13,22.4,22.9,304.0,2.7,122.0,8.5
2026-01-09 12:00:00,2026,1,9,12,An Giang,Xã Giồng Riềng,9.9237413,105.2736878,98,Moderate,1,24.4,66,0.0,10.6,23,1015.3,15,22.3,22.8,306.0,2.2,134.0,8.7
2026-01-09 13:00:00,2026,1,9,13,An Giang,Xã Giồng Riềng,9.9237413,105.2736878,98,Moderate,1,25.2,63,0.0,9.9,27,1014.1,70,22.0,22.6,309.0,2.1,143.0,9.0
2026-01-09 14:00:00,2026,1,9,14,An Giang,Xã Giồng Riềng,9.9237413,105.2736878,98,Moderate,1,25.6,61,0.0,10.2,28,1013.1,53,21.7,22.3,301.0,1.7,150.0,9.0
2026-01-09 15:00:00,2026,1,9,15,An Giang,Xã Giồng Riềng,9.9237413,105.2736878,98,Moderate,1,25.8,61,0.0,9.7,35,1012.6,91,22.0,22.5,294.0,1.7,154.0,9.0
2026-01-09 16:00:00,2026,1,9,16,An Giang,Xã Giồng Riềng,9.9237413,105.2736878,98,Moderate,1,25.5,62,0.0,8.5,48,1012.6,99,22.5,23.1,304.0,2.8,151.0,9.6
2026-01-09 17:00:00,2026,1,9,17,An Giang,Xã Giồng Riềng,9.9237413,105.2736878,99,Moderate,1,24.6,71,0.0,4.3,85,1012.8,97,23.9,24.4,345.0,6.2,137.0,11.3
2026-01-09 18:00:00,2026,1,9,18,An Giang,Xã Giồng Riềng,9.9237413,105.2736878,100,Moderate,1,22.8,74,0.0,2.8,153,1013.4,39,31.9,32.2,403.0,10.9,117.0,13.5
2026-01-09 19:00:00,2026,1,9,19,An Giang,Xã Giồng Riềng,9.9237413,105.2736878,102,Unhealthy for Sensitive Groups,2,21.5,82,0.0,6.9,147,1014.1,88,46.4,47.3,451.0,16.1,89.0,15.1
2026-01-09 20:00:00,2026,1,9,20,An Giang,Xã Giồng Riềng,9.9237413,105.2736878,102,Unhealthy for Sensitive Groups,2,21.2,83,0.0,7.9,147,1015.1,98,50.8,51.5,482.0,16.0,86.0,15.8
2026-01-09 21:00:00,2026,1,9,21,An Giang,Xã Giồng Riềng,9.9237413,105.2736878,103,Unhealthy for Sensitive Groups,2,20.6,84,0.0,6.5,141,1014.9,99,53.7,54.2,502.0,15.9,81.0,16.8
2026-01-09 22:00:00,2026,1,9,22,An Giang,Xã Giồng Riềng,9.9237413,105.2736878,104,Unhealthy for Sensitive Groups,2,20.2,83,0.0,1.7,162,1014.9,23,56.6,57.3,504.0,16.5,76.0,17.5
2026-01-09 23:00:00,2026,1,9,23,An Giang,Xã Giồng Riềng,9.9237413,105.2736878,106,Unhealthy for Sensitive Groups,2,19.9,84,0.0,0.9,127,1015.0,100,60.8,61.7,475.0,18.2,70.0,17.7
2026-01-10 00:00:00,2026,1,10,0,An Giang,Xã Giồng Riềng,9.9237413,105.2736878,108,Unhealthy for Sensitive Groups,2,19.5,86,0.0,1.8,90,1014.8,100,64.3,65.2,427.0,20.5,64.0,17.6
2026-01-10 01:00:00,2026,1,10,1,An Giang,Xã Giồng Riềng,9.9237413,105.2736878,111,Unhealthy for Sensitive Groups,2,19.1,87,0.0,0.5,360,1014.5,99,69.4,70.8,389.0,22.6,57.0,16.8
2026-01-10 02:00:00,2026,1,10,2,An Giang,Xã Giồng Riềng,9.9237413,105.2736878,113,Unhealthy for Sensitive Groups,2,18.7,90,0.0,1.2,321,1014.2,100,74.0,75.7,368.0,24.1,48.0,14.9
2026-01-10 03:00:00,2026,1,10,3,An Giang,Xã Giồng Riềng,9.9237413,105.2736878,116,Unhealthy for Sensitive Groups,2,17.8,94,0.0,2.9,313,1013.7,100,75.4,77.1,355.0,25.3,39.0,12.4
2026-01-10 04:00:00,2026,1,10,4,An Giang,Xã Giồng Riềng,9.9237413,105.2736878,117,Unhealthy for Sensitive Groups,2,17.2,97,0.0,3.8,319,1013.5,95,81.3,82.4,356.0,26.3,31.0,10.6
2026-01-10 05:00:00,2026,1,10,5,An Giang,Xã Giồng Riềng,9.9237413,105.2736878,119,Unhealthy for Sensitive Groups,2,16.9,97,0.0,4.9,336,1014.1,54,88.0,89.2,383.0,27.7,22.0,10.1
2026-01-10 06:00:00,2026,1,10,6,An Giang,Xã Giồng Riềng,9.9237413,105.2736878,122,Unhealthy for Sensitive Groups,2,17.0,91,0.0,5.9,346,1014.5,100,97.3,98.7,424.0,28.9,15.0,10.3
2026-01-10 07:00:00,2026,1,10,7,An Giang,Xã Giồng Riềng,9.9237413,105.2736878,127,Unhealthy for Sensitive Groups,2,17.7,84,0.0,8.4,341,1015.2,100,88.7,89.4,441.0,25.6,28.0,15.3
2026-01-10 08:00:00,2026,1,10,8,An Giang,Xã Giồng Riềng,9.9237413,105.2736878,133,Unhealthy for Sensitive Groups,2,20.0,81,0.0,6.9,345,1015.9,100,72.4,72.9,411.0,19.9,60.0,16.8
2026-01-10 09:00:00,2026,1,10,9,An Giang,Xã Giồng Riềng,9.9237413,105.2736878,138,Unhealthy for Sensitive Groups,2,22.5,76,0.0,5.2,356,1016.3,81,45.3,46.4,358.0,12.0,105.0,18.7
2026-01-10 10:00:00,2026,1,10,10,An Giang,Xã Giồng Riềng,9.9237413,105.2736878,140,Unhealthy for Sensitive Groups,2,24.2,70,0.0,4.0,339,1016.3,27,34.5,36.4,315.0,5.9,139.0,19.2
2026-01-10 11:00:00,2026,1,10,11,An Giang,Xã Giồng Riềng,9.9237413,105.2736878,141,Unhealthy for Sensitive Groups,2,25.4,66,0.0,2.0,333,1015.5,9,28.7,30.3,294.0,3.2,152.0,17.0
2026-01-10 12:00:00,2026,1,10,12,An Giang,Xã Giồng Riềng,9.9237413,105.2736878,142,Unhealthy for Sensitive Groups,2,26.1,61,0.0,3.1,28,1014.5,0,25.1,26.3,283.0,2.3,154.0,13.4
2026-01-10 13:00:00,2026,1,10,13,An Giang,Xã Giồng Riềng,9.9237413,105.2736878,142,Unhealthy for Sensitive Groups,2,26.8,58,0.0,5.4,56,1013.9,95,22.7,23.5,275.0,1.9,155.0,10.6
2026-01-10 14:00:00,2026,1,10,14,An Giang,Xã Giồng Riềng,9.9237413,105.2736878,142,Unhealthy for Sensitive Groups,2,27.0,54,0.0,6.0,57,1012.9,69,21.3,22.0,268.0,1.3,158.0,9.4
2026-01-10 15:00:00,2026,1,10,15,An Giang,Xã Giồng Riềng,9.9237413,105.2736878,142,Unhealthy for Sensitive Groups,2,26.9,55,0.0,6.5,56,1012.5,98,20.3,20.8,264.0,1.2,160.0,9.0
2026-01-10 16:00:00,2026,1,10,16,An Giang,Xã Giồng Riềng,9.9237413,105.2736878,142,Unhealthy for Sensitive Groups,2,26.5,56,0.0,7.2,51,1012.5,95,19.7,20.2,268.0,2.5,155.0,9.4
2026-01-10 17:00:00,2026,1,10,17,An Giang,Xã Giồng Riềng,9.9237413,105.2736878,142,Unhealthy for Sensitive Groups,2,25.5,69,0.0,4.5,23,1012.9,64,19.8,20.4,281.0,6.3,139.0,10.8
2026-01-10 18:00:00,2026,1,10,18,An Giang,Xã Giồng Riềng,9.9237413,105.2736878,141,Unhealthy for Sensitive Groups,2,23.1,74,0.0,5.7,351,1013.2,13,26.8,27.2,302.0,11.5,116.0,13.0
2026-01-10 19:00:00,2026,1,10,19,An Giang,Xã Giồng Riềng,9.9237413,105.2736878,141,Unhealthy for Sensitive Groups,2,22.7,74,0.0,3.2,357,1014.1,65,41.4,41.9,331.0,15.0,97.0,14.7
2026-01-10 20:00:00,2026,1,10,20,An Giang,Xã Giồng Riềng,9.9237413,105.2736878,140,Unhealthy for Sensitive Groups,2,21.8,78,0.0,5.1,6,1014.9,0,49.8,50.4,380.0,16.4,90.0,15.9
2026-01-10 21:00:00,2026,1,10,21,An Giang,Xã Giồng Riềng,9.9237413,105.2736878,140,Unhealthy for Sensitive Groups,2,20.9,81,0.0,4.8,34,1014.9,9,54.1,54.7,436.0,18.2,79.0,17.6
2026-01-10 22:00:00,2026,1,10,22,An Giang,Xã Giồng Riềng,9.9237413,105.2736878,140,Unhealthy for Sensitive Groups,2,20.0,84,0.0,3.2,117,1014.8,63,55.6,56.2,463.0,19.3,70.0,18.3
2026-01-10 23:00:00,2026,1,10,23,An Giang,Xã Giồng Riềng,9.9237413,105.2736878,140,Unhealthy for Sensitive Groups,2,19.2,90,0.0,5.4,154,1015.1,17,54.9,55.6,434.0,18.8,65.0,17.3
2026-01-11 00:00:00,2026,1,11,0,An Giang,Xã Giồng Riềng,9.9237413,105.2736878,139,Unhealthy for Sensitive Groups,2,19.2,94,0.0,5.3,170,1015.2,91,53.6,54.2,376.0,17.5,60.0,15.4
2026-01-11 01:00:00,2026,1,11,1,An Giang,Xã Giồng Riềng,9.9237413,105.2736878,138,Unhealthy for Sensitive Groups,2,18.9,95,0.0,2.9,173,1014.7,99,52.9,53.7,331.0,17.1,56.0,13.9
2026-01-11 02:00:00,2026,1,11,2,An Giang,Xã Giồng Riềng,9.9237413,105.2736878,137,Unhealthy for Sensitive Groups,2,18.9,95,0.0,2.4,222,1014.7,100,53.4,54.2,314.0,18.4,50.0,13.3
2026-01-11 03:00:00,2026,1,11,3,An Giang,Xã Giồng Riềng,9.9237413,105.2736878,134,Unhealthy for Sensitive Groups,2,18.5,97,0.0,2.5,270,1014.4,100,57.6,58.6,311.0,20.6,43.0,13.0
2026-01-11 04:00:00,2026,1,11,4,An Giang,Xã Giồng Riềng,9.9237413,105.2736878,133,Unhealthy for Sensitive Groups,2,17.9,99,0.0,3.7,281,1014.3,97,64.7,65.4,318.0,22.1,38.0,13.0
2026-01-11 05:00:00,2026,1,11,5,An Giang,Xã Giồng Riềng,9.9237413,105.2736878,131,Unhealthy for Sensitive Groups,2,18.0,98,0.0,7.3,318,1014.9,100,66.8,67.5,344.0,22.9,30.0,13.0
2026-01-11 06:00:00,2026,1,11,6,An Giang,Xã Giồng Riềng,9.9237413,105.2736878,129,Unhealthy for Sensitive Groups,2,18.0,94,0.0,5.8,346,1015.4,98,67.5,68.0,381.0,23.0,23.0,13.2
2026-01-11 07:00:00,2026,1,11,7,An Giang,Xã Giồng Riềng,9.9237413,105.2736878,126,Unhealthy for Sensitive Groups,2,19.0,94,0.0,6.5,360,1015.9,100,76.1,76.6,403.0,24.2,29.0,15.3
2026-01-11 08:00:00,2026,1,11,8,An Giang,Xã Giồng Riềng,9.9237413,105.2736878,124,Unhealthy for Sensitive Groups,2,20.8,85,0.0,5.8,353,1017.2,100,65.0,65.4,395.0,19.0,60.0,15.7
2026-01-11 09:00:00,2026,1,11,9,An Giang,Xã Giồng Riềng,9.9237413,105.2736878,123,Unhealthy for Sensitive Groups,2,22.5,75,0.0,7.7,351,1017.5,100,57.0,57.4,371.0,11.7,104.0,16.3
2026-01-11 10:00:00,2026,1,11,10,An Giang,Xã Giồng Riềng,9.9237413,105.2736878,125,Unhealthy for Sensitive Groups,2,24.1,69,0.0,7.8,352,1017.1,100,53.2,53.6,348.0,6.1,139.0,16.3
2026-01-11 11:00:00,2026,1,11,11,An Giang,Xã Giồng Riềng,9.9237413,105.2736878,127,Unhealthy for Sensitive Groups,2,25.5,66,0.0,6.5,6,1016.9,100,48.0,48.7,329.0,3.7,158.0,15.3
2026-01-11 12:00:00,2026,1,11,12,An Giang,Xã Giồng Riềng,9.9237413,105.2736878,129,Unhealthy for Sensitive Groups,2,26.6,62,0.0,6.7,16,1016.2,100,44.1,45.1,311.0,3.0,168.0,13.7
2026-01-11 13:00:00,2026,1,11,13,An Giang,Xã Giồng Riềng,9.9237413,105.2736878,131,Unhealthy for Sensitive Groups,2,27.1,57,0.0,7.5,37,1015.5,88,41.9,42.8,297.0,2.7,174.0,12.5
2026-01-11 14:00:00,2026,1,11,14,An Giang,Xã Giồng Riềng,9.9237413,105.2736878,133,Unhealthy for Sensitive Groups,2,27.2,57,0.0,6.7,66,1014.7,98,40.3,41.3,285.0,2.2,177.0,11.8
2026-01-11 15:00:00,2026,1,11,15,An Giang,Xã Giồng Riềng,9.9237413,105.2736878,135,Unhealthy for Sensitive Groups,2,27.1,57,0.0,5.8,74,1014.1,100,38.9,40.0,277.0,2.2,175.0,11.6
2026-01-11 16:00:00,2026,1,11,16,An Giang,Xã Giồng Riềng,9.9237413,105.2736878,137,Unhealthy for Sensitive Groups,2,26.8,59,0.0,5.1,63,1014.0,95,39.8,40.9,279.0,3.4,168.0,12.2
2026-01-11 17:00:00,2026,1,11,17,An Giang,Xã Giồng Riềng,9.9237413,105.2736878,139,Unhealthy for Sensitive Groups,2,26.1,69,0.0,2.9,68,1013.9,59,42.4,43.3,293.0,6.8,152.0,14.2
2026-01-11 18:00:00,2026,1,11,18,An Giang,Xã Giồng Riềng,9.9237413,105.2736878,145,Unhealthy for Sensitive Groups,2,24.4,72,0.0,3.4,74,1014.1,2,51.6,52.4,316.0,11.5,131.0,17.2
2026-01-11 19:00:00,2026,1,11,19,An Giang,Xã Giồng Riềng,9.9237413,105.2736878,144,Unhealthy for Sensitive Groups,2,23.5,78,0.0,3.1,50,1014.6,7,64.5,65.2,347.0,15.4,112.0,19.8
2026-01-11 20:00:00,2026,1,11,20,An Giang,Xã Giồng Riềng,9.9237413,105.2736878,146,Unhealthy for Sensitive Groups,2,23.3,77,0.0,1.6,84,1015.1,4,76.1,76.8,393.0,18.0,99.0,22.2
2026-01-11 21:00:00,2026,1,11,21,An Giang,Xã Giồng Riềng,9.9237413,105.2736878,149,Unhealthy for Sensitive Groups,2,22.8,79,0.0,1.1,108,1015.4,1,85.7,86.1,447.0,19.9,88.0,24.4
2026-01-11 22:00:00,2026,1,11,22,An Giang,Xã Giồng Riềng,9.9237413,105.2736878,150,Unhealthy for Sensitive Groups,2,22.1,81,0.0,1.3,164,1015.2,10,85.7,86.1,481.0,20.3,80.0,24.9
2026-01-11 23:00:00,2026,1,11,23,An Giang,Xã Giồng Riềng,9.9237413,105.2736878,151,Unhealthy,3,21.5,83,0.0,2.7,200,1015.0,9,76.6,77.1,482.0,18.2,77.0,22.5
2026-01-12 00:00:00,2026,1,12,0,An Giang,Xã Giồng Riềng,9.9237413,105.2736878,152,Unhealthy,3,21.0,84,0.0,3.1,173,1014.7,63,64.3,65.0,463.0,14.6,76.0,18.5
2026-01-12 01:00:00,2026,1,12,1,An Giang,Xã Giồng Riềng,9.9237413,105.2736878,152,Unhealthy,3,20.7,89,0.0,3.5,156,1014.6,100,52.2,53.1,438.0,12.3,74.0,15.0
2026-01-12 02:00:00,2026,1,12,2,An Giang,Xã Giồng Riềng,9.9237413,105.2736878,152,Unhealthy,3,21.5,86,0.0,3.1,135,1014.2,100,44.2,45.4,399.0,12.5,69.0,12.8
2026-01-12 03:00:00,2026,1,12,3,An Giang,Xã Giồng Riềng,9.9237413,105.2736878,152,Unhealthy,3,21.6,86,0.0,3.6,143,1014.1,100,44.0,45.4,352.0,14.0,62.0,11.2
2026-01-12 04:00:00,2026,1,12,4,An Giang,Xã Giồng Riềng,9.9237413,105.2736878,151,Unhealthy,3,21.6,88,0.0,3.6,131,1014.0,100,47.0,48.8,333.0,15.7,55.0,10.1
2026-01-12 05:00:00,2026,1,12,5,An Giang,Xã Giồng Riềng,9.9237413,105.2736878,151,Unhealthy,3,21.6,90,0.0,0.6,304,1014.6,100,52.7,54.5,373.0,18.4,45.0,9.9
2026-01-12 06:00:00,2026,1,12,6,An Giang,Xã Giồng Riềng,9.9237413,105.2736878,151,Unhealthy,3,21.0,93,0.0,3.1,291,1014.9,100,55.6,57.5,440.0,21.3,36.0,10.2
2026-01-12 07:00:00,2026,1,12,7,An Giang,Xã Giồng Riềng,9.9237413,105.2736878,150,Unhealthy for Sensitive Groups,2,20.6,93,0.0,1.3,286,1015.9,59,86.8,87.5,472.0,25.8,34.0,15.2
2026-01-12 08:00:00,2026,1,12,8,An Giang,Xã Giồng Riềng,9.9237413,105.2736878,151,Unhealthy,3,23.0,87,0.0,0.4,243,1017.0,23,61.5,63.1,431.0,20.2,66.0,15.8
2026-01-12 09:00:00,2026,1,12,9,An Giang,Xã Giồng Riềng,9.9237413,105.2736878,150,Unhealthy for Sensitive Groups,2,24.6,81,0.0,2.6,304,1017.3,61,42.3,45.4,357.0,12.6,110.0,16.5
2026-01-12 10:00:00,2026,1,12,10,An Giang,Xã Giồng Riềng,9.9237413,105.2736878,150,Unhealthy for Sensitive Groups,2,25.7,73,0.0,4.1,326,1016.8,17,36.7,39.5,302.0,6.6,145.0,16.8
2026-01-12 11:00:00,2026,1,12,11,An Giang,Xã Giồng Riềng,9.9237413,105.2736878,149,Unhealthy for Sensitive Groups,2,26.6,67,0.0,3.5,348,1016.2,20,40.2,42.0,294.0,4.1,163.0,16.3
2026-01-12 12:00:00,2026,1,12,12,An Giang,Xã Giồng Riềng,9.9237413,105.2736878,148,Unhealthy for Sensitive Groups,2,27.6,62,0.0,4.0,3,1015.1,15,42.3,43.7,306.0,3.3,171.0,15.4
2026-01-12 13:00:00,2026,1,12,13,An Giang,Xã Giồng Riềng,9.9237413,105.2736878,148,Unhealthy for Sensitive Groups,2,28.4,57,0.0,5.1,17,1014.3,49,42.6,43.9,314.0,3.0,175.0,14.3
2026-01-12 14:00:00,2026,1,12,14,An Giang,Xã Giồng Riềng,9.9237413,105.2736878,148,Unhealthy for Sensitive Groups,2,28.5,55,0.0,5.4,37,1013.1,44,43.8,44.9,305.0,2.5,176.0,12.7
2026-01-12 15:00:00,2026,1,12,15,An Giang,Xã Giồng Riềng,9.9237413,105.2736878,148,Unhealthy for Sensitive Groups,2,28.4,56,0.0,6.5,58,1012.5,34,44.7,45.8,292.0,2.6,172.0,10.9
2026-01-12 16:00:00,2026,1,12,16,An Giang,Xã Giồng Riềng,9.9237413,105.2736878,149,Unhealthy for Sensitive Groups,2,28.0,59,0.0,7.7,72,1012.2,27,46.2,47.3,288.0,3.9,164.0,10.3
2026-01-12 17:00:00,2026,1,12,17,An Giang,Xã Giồng Riềng,9.9237413,105.2736878,150,Unhealthy for Sensitive Groups,2,27.0,68,0.0,6.6,79,1012.6,13,46.8,47.7,302.0,7.6,149.0,12.0
2026-01-12 18:00:00,2026,1,12,18,An Giang,Xã Giồng Riềng,9.9237413,105.2736878,150,Unhealthy for Sensitive Groups,2,25.2,73,0.0,6.0,83,1013.0,19,52.0,52.9,325.0,12.6,130.0,14.8
2026-01-12 19:00:00,2026,1,12,19,An Giang,Xã Giồng Riềng,9.9237413,105.2736878,150,Unhealthy for Sensitive Groups,2,24.8,81,0.0,4.2,78,1013.6,59,59.4,59.8,348.0,14.1,104.0,15.8
2026-01-12 20:00:00,2026,1,12,20,An Giang,Xã Giồng Riềng,9.9237413,105.2736878,150,Unhealthy for Sensitive Groups,2,24.6,82,0.0,4.8,121,1014.6,22,66.8,67.3,373.0,14.6,96.0,17.2
2026-01-12 21:00:00,2026,1,12,21,An Giang,Xã Giồng Riềng,9.9237413,105.2736878,149,Unhealthy for Sensitive Groups,2,24.7,84,0.0,10.3,144,1015.0,100,70.1,70.5,397.0,15.3,85.0,18.9
2026-01-12 22:00:00,2026,1,12,22,An Giang,Xã Giồng Riềng,9.9237413,105.2736878,147,Unhealthy for Sensitive Groups,2,24.1,88,0.0,10.9,151,1015.1,95,69.2,69.6,404.0,15.5,76.0,19.5
2026-01-12 23:00:00,2026,1,12,23,An Giang,Xã Giồng Riềng,9.9237413,105.2736878,145,Unhealthy for Sensitive Groups,2,23.6,89,0.0,8.0,155,1014.9,86,64.0,64.7,379.0,14.6,70.0,17.7
2026-01-13 00:00:00,2026,1,13,0,An Giang,Xã Giồng Riềng,9.9237413,105.2736878,144,Unhealthy for Sensitive Groups,2,23.2,90,0.0,5.0,134,1014.8,95,56.8,57.6,337.0,13.2,66.0,14.7
2026-01-13 01:00:00,2026,1,13,1,An Giang,Xã Giồng Riềng,9.9237413,105.2736878,143,Unhealthy for Sensitive Groups,2,23.1,93,0.0,2.6,141,1014.6,100,50.4,51.2,308.0,12.5,61.0,12.2
2026-01-13 02:00:00,2026,1,13,2,An Giang,Xã Giồng Riềng,9.9237413,105.2736878,143,Unhealthy for Sensitive Groups,2,23.1,93,0.0,2.5,150,1014.4,100,45.4,46.4,306.0,13.3,54.0,10.8
2026-01-13 03:00:00,2026,1,13,3,An Giang,Xã Giồng Riềng,9.9237413,105.2736878,143,Unhealthy for Sensitive Groups,2,23.0,93,0.1,2.7,143,1014.0,100,42.3,43.8,317.0,14.9,46.0,9.8
2026-01-13 04:00:00,2026,1,13,4,An Giang,Xã Giồng Riềng,9.9237413,105.2736878,143,Unhealthy for Sensitive Groups,2,22.9,94,0.0,2.9,356,1014.0,96,44.8,46.6,333.0,16.4,39.0,9.1
2026-01-13 05:00:00,2026,1,13,5,An Giang,Xã Giồng Riềng,9.9237413,105.2736878,143,Unhealthy for Sensitive Groups,2,22.6,94,0.0,2.7,28,1014.3,84,50.3,52.2,359.0,18.4,31.0,8.4
2026-01-13 06:00:00,2026,1,13,6,An Giang,Xã Giồng Riềng,9.9237413,105.2736878,143,Unhealthy for Sensitive Groups,2,22.5,90,0.2,3.3,84,1014.5,100,56.3,57.7,389.0,20.3,24.0,8.0
2026-01-13 07:00:00,2026,1,13,7,An Giang,Xã Giồng Riềng,9.9237413,105.2736878,143,Unhealthy for Sensitive Groups,2,21.9,100,0.1,4.3,107,1015.1,100,47.8,50.1,396.0,21.5,35.0,11.5
2026-01-13 08:00:00,2026,1,13,8,An Giang,Xã Giồng Riềng,9.9237413,105.2736878,139,Unhealthy for Sensitive Groups,2,24.0,91,0.0,4.8,112,1016.0,77,27.5,32.7,356.0,16.7,58.0,11.4
2026-01-13 09:00:00,2026,1,13,9,An Giang,Xã Giồng Riềng,9.9237413,105.2736878,135,Unhealthy for Sensitive Groups,2,25.4,88,0.0,6.2,102,1016.5,97,24.4,30.0,293.0,10.0,90.0,11.3
2026-01-13 10:00:00,2026,1,13,10,An Giang,Xã Giồng Riềng,9.9237413,105.2736878,133,Unhealthy for Sensitive Groups,2,26.5,81,0.1,5.3,78,1016.4,41,24.7,29.3,251.0,4.9,117.0,11.0
2026-01-13 11:00:00,2026,1,13,11,An Giang,Xã Giồng Riềng,9.9237413,105.2736878,132,Unhealthy for Sensitive Groups,2,27.4,72,0.1,5.9,43,1015.9,56,23.8,25.9,250.0,3.0,133.0,10.6
2026-01-13 12:00:00,2026,1,13,12,An Giang,Xã Giồng Riềng,9.9237413,105.2736878,130,Unhealthy for Sensitive Groups,2,27.8,71,0.0,5.9,27,1014.8,43,23.7,25.2,270.0,2.6,143.0,10.0
2026-01-13 13:00:00,2026,1,13,13,An Giang,Xã Giồng Riềng,9.9237413,105.2736878,128,Unhealthy for Sensitive Groups,2,27.9,68,0.0,9.7,19,1013.8,32,25.4,26.7,290.0,2.6,150.0,9.6
2026-01-13 14:00:00,2026,1,13,14,An Giang,Xã Giồng Riềng,9.9237413,105.2736878,127,Unhealthy for Sensitive Groups,2,28.6,62,0.1,9.8,24,1012.4,16,25.0,26.0,302.0,2.3,157.0,9.0
2026-01-13 15:00:00,2026,1,13,15,An Giang,Xã Giồng Riềng,9.9237413,105.2736878,125,Unhealthy for Sensitive Groups,2,28.9,59,0.0,10.8,18,1011.4,23,25.4,26.3,314.0,2.3,161.0,8.6
2026-01-13 16:00:00,2026,1,13,16,An Giang,Xã Giồng Riềng,9.9237413,105.2736878,123,Unhealthy for Sensitive Groups,2,28.7,62,0.0,8.1,35,1011.3,56,25.4,26.1,330.0,3.5,159.0,9.0
2026-01-13 17:00:00,2026,1,13,17,An Giang,Xã Giồng Riềng,9.9237413,105.2736878,120,Unhealthy for Sensitive Groups,2,27.6,67,0.0,6.3,63,1011.5,34,26.4,27.0,361.0,7.0,148.0,11.3
2026-01-13 18:00:00,2026,1,13,18,An Giang,Xã Giồng Riềng,9.9237413,105.2736878,118,Unhealthy for Sensitive Groups,2,25.9,74,0.0,5.1,94,1011.8,13,30.9,31.3,396.0,11.7,132.0,14.5
2026-01-13 19:00:00,2026,1,13,19,An Giang,Xã Giồng Riềng,9.9237413,105.2736878,118,Unhealthy for Sensitive Groups,2,24.8,79,0.0,7.4,112,1012.5,98,48.1,48.9,409.0,15.5,98.0,15.4
2026-01-13 20:00:00,2026,1,13,20,An Giang,Xã Giồng Riềng,9.9237413,105.2736878,115,Unhealthy for Sensitive Groups,2,24.9,78,0.0,9.6,127,1013.4,22,53.1,53.8,380.0,15.6,92.0,16.7
2026-01-13 21:00:00,2026,1,13,21,An Giang,Xã Giồng Riềng,9.9237413,105.2736878,113,Unhealthy for Sensitive Groups,2,23.6,86,0.0,9.6,140,1013.8,5,54.1,54.8,328.0,15.7,83.0,18.4
2026-01-13 22:00:00,2026,1,13,22,An Giang,Xã Giồng Riềng,9.9237413,105.2736878,112,Unhealthy for Sensitive Groups,2,22.9,91,0.0,6.8,143,1013.8,0,52.6,53.6,287.0,15.7,74.0,19.0
2026-01-13 23:00:00,2026,1,13,23,An Giang,Xã Giồng Riềng,9.9237413,105.2736878,110,Unhealthy for Sensitive Groups,2,22.5,94,0.0,7.0,136,1013.9,0,48.4,49.5,272.0,15.3,67.0,17.4
2026-01-14 00:00:00,2026,1,14,0,An Giang,Xã Giồng Riềng,9.9237413,105.2736878,108,Unhealthy for Sensitive Groups,2,22.1,95,0.0,5.9,153,1013.6,7,42.8,44.4,268.0,14.7,59.0,14.6
2026-01-14 01:00:00,2026,1,14,1,An Giang,Xã Giồng Riềng,9.9237413,105.2736878,107,Unhealthy for Sensitive Groups,2,21.8,97,0.0,6.3,175,1013.2,100,38.6,40.2,265.0,14.6,53.0,12.3
2026-01-14 02:00:00,2026,1,14,2,An Giang,Xã Giồng Riềng,9.9237413,105.2736878,106,Unhealthy for Sensitive Groups,2,22.1,95,0.0,5.0,150,1012.8,90,36.7,38.3,260.0,15.3,47.0,10.9
2026-01-14 03:00:00,2026,1,14,3,An Giang,Xã Giồng Riềng,9.9237413,105.2736878,105,Unhealthy for Sensitive Groups,2,21.9,97,0.0,4.2,130,1012.5,99,37.8,39.6,258.0,16.5,42.0,9.9
2026-01-14 04:00:00,2026,1,14,4,An Giang,Xã Giồng Riềng,9.9237413,105.2736878,104,Unhealthy for Sensitive Groups,2,21.2,98,0.0,4.3,114,1012.4,100,38.5,40.3,258.0,17.3,39.0,9.3
2026-01-14 05:00:00,2026,1,14,5,An Giang,Xã Giồng Riềng,9.9237413,105.2736878,104,Unhealthy for Sensitive Groups,2,21.2,98,0.0,5.8,112,1012.4,99,37.5,39.3,265.0,17.8,38.0,9.2
2026-01-14 06:00:00,2026,1,14,6,An Giang,Xã Giồng Riềng,9.9237413,105.2736878,102,Unhealthy for Sensitive Groups,2,21.2,97,0.0,6.6,119,1013.0,97,35.4,37.8,276.0,18.0,40.0,9.4
2026-01-14 07:00:00,2026,1,14,7,An Giang,Xã Giồng Riềng,9.9237413,105.2736878,100,Moderate,1,22.0,96,0.0,8.7,114,1013.7,5,33.9,37.0,280.0,15.8,47.0,9.1
2026-01-14 08:00:00,2026,1,14,8,An Giang,Xã Giồng Riềng,9.9237413,105.2736878,99,Moderate,1,24.0,90,0.0,7.7,102,1014.7,2,26.7,31.1,270.0,12.3,68.0,9.2
2026-01-14 09:00:00,2026,1,14,9,An Giang,Xã Giồng Riềng,9.9237413,105.2736878,99,Moderate,1,25.6,82,0.0,10.1,109,1015.1,89,21.1,26.0,254.0,7.6,96.0,9.4
2026-01-14 10:00:00,2026,1,14,10,An Giang,Xã Giồng Riềng,9.9237413,105.2736878,99,Moderate,1,27.0,72,0.0,9.8,110,1014.9,97,23.1,27.4,244.0,4.0,119.0,9.6
2026-01-14 11:00:00,2026,1,14,11,An Giang,Xã Giồng Riềng,9.9237413,105.2736878,98,Moderate,1,27.9,67,0.0,7.0,103,1014.6,20,25.3,27.5,247.0,2.7,131.0,9.7
2026-01-14 12:00:00,2026,1,14,12,An Giang,Xã Giồng Riềng,9.9237413,105.2736878,99,Moderate,1,28.4,64,0.0,6.2,80,1013.5,80,27.9,29.7,257.0,2.7,137.0,9.8
2026-01-14 13:00:00,2026,1,14,13,An Giang,Xã Giồng Riềng,9.9237413,105.2736878,99,Moderate,1,28.5,64,0.0,7.0,86,1012.5,92,30.5,32.2,266.0,2.8,141.0,9.9
2026-01-14 14:00:00,2026,1,14,14,An Giang,Xã Giồng Riềng,9.9237413,105.2736878,99,Moderate,1,28.5,64,0.1,5.3,98,1011.1,100,32.6,34.1,269.0,2.6,146.0,10.0
2026-01-14 15:00:00,2026,1,14,15,An Giang,Xã Giồng Riềng,9.9237413,105.2736878,100,Moderate,1,28.6,64,0.0,5.2,102,1010.1,68,33.8,35.2,271.0,2.7,149.0,10.0
2026-01-14 16:00:00,2026,1,14,16,An Giang,Xã Giồng Riềng,9.9237413,105.2736878,101,Unhealthy for Sensitive Groups,2,28.3,65,0.0,7.2,115,1010.0,10,34.8,36.2,277.0,3.7,146.0,10.4
2026-01-14 17:00:00,2026,1,14,17,An Giang,Xã Giồng Riềng,9.9237413,105.2736878,102,Unhealthy for Sensitive Groups,2,27.5,71,0.0,6.6,112,1010.5,64,35.7,37.0,295.0,6.4,132.0,11.3
2026-01-14 18:00:00,2026,1,14,18,An Giang,Xã Giồng Riềng,9.9237413,105.2736878,103,Unhealthy for Sensitive Groups,2,25.9,76,0.0,6.4,106,1011.0,56,37.6,38.5,318.0,10.1,111.0,12.5
2026-01-14 19:00:00,2026,1,14,19,An Giang,Xã Giồng Riềng,9.9237413,105.2736878,104,Unhealthy for Sensitive Groups,2,25.1,80,0.0,9.6,131,1011.8,13,39.8,40.7,328.0,12.7,98.0,14.4
2026-01-14 20:00:00,2026,1,14,20,An Giang,Xã Giồng Riềng,9.9237413,105.2736878,103,Unhealthy for Sensitive Groups,2,24.8,82,0.0,10.2,144,1012.6,13,41.0,41.7,315.0,13.8,85.0,14.3
2026-01-14 21:00:00,2026,1,14,21,An Giang,Xã Giồng Riềng,9.9237413,105.2736878,101,Unhealthy for Sensitive Groups,2,24.0,87,0.0,8.1,149,1013.2,0,39.6,40.5,290.0,15.2,68.0,14.1
2026-01-14 22:00:00,2026,1,14,22,An Giang,Xã Giồng Riềng,9.9237413,105.2736878,100,Moderate,1,23.1,90,0.0,9.0,151,1013.1,0,36.0,37.0,271.0,15.9,55.0,13.4
2026-01-14 23:00:00,2026,1,14,23,An Giang,Xã Giồng Riềng,9.9237413,105.2736878,99,Moderate,1,22.6,92,0.0,10.0,154,1013.4,0,30.6,31.8,268.0,15.3,50.0,11.8
2026-01-15 00:00:00,2026,1,15,0,An Giang,Xã Giồng Riềng,9.9237413,105.2736878,97,Moderate,1,22.1,95,0.0,6.9,147,1013.6,0,25.3,27.1,271.0,14.0,49.0,9.8
2026-01-15 01:00:00,2026,1,15,1,An Giang,Xã Giồng Riềng,9.9237413,105.2736878,95,Moderate,1,21.6,97,0.0,6.2,147,1013.1,3,21.5,23.5,272.0,13.0,49.0,8.2
2026-01-15 02:00:00,2026,1,15,2,An Giang,Xã Giồng Riềng,9.9237413,105.2736878,94,Moderate,1,21.5,98,0.0,6.5,138,1012.7,8,19.4,21.7,264.0,12.8,49.0,7.4
2026-01-15 03:00:00,2026,1,15,3,An Giang,Xã Giồng Riềng,9.9237413,105.2736878,92,Moderate,1,21.4,98,0.0,5.7,125,1012.6,23,19.4,21.8,254.0,13.0,49.0,6.9
2026-01-15 04:00:00,2026,1,15,4,An Giang,Xã Giồng Riềng,9.9237413,105.2736878,91,Moderate,1,21.3,98,0.0,5.9,113,1012.4,0,21.0,23.6,247.0,13.2,50.0,7.0
2026-01-15 05:00:00,2026,1,15,5,An Giang,Xã Giồng Riềng,9.9237413,105.2736878,89,Moderate,1,21.2,98,0.0,5.6,94,1012.7,1,22.3,25.0,248.0,13.8,50.0,7.7
2026-01-15 06:00:00,2026,1,15,6,An Giang,Xã Giồng Riềng,9.9237413,105.2736878,88,Moderate,1,21.0,98,0.0,5.5,67,1013.2,100,22.6,25.4,253.0,14.6,50.0,8.9
2026-01-15 07:00:00,2026,1,15,7,An Giang,Xã Giồng Riềng,9.9237413,105.2736878,87,Moderate,1,22.0,98,0.0,8.6,61,1013.8,92,18.7,21.8,254.0,12.6,58.0,9.1
2026-01-15 08:00:00,2026,1,15,8,An Giang,Xã Giồng Riềng,9.9237413,105.2736878,85,Moderate,1,24.0,89,0.0,11.7,80,1014.5,91,17.6,21.4,244.0,10.6,71.0,9.7
2026-01-15 09:00:00,2026,1,15,9,An Giang,Xã Giồng Riềng,9.9237413,105.2736878,85,Moderate,1,25.5,83,0.0,9.8,95,1014.7,47,18.7,22.7,230.0,7.9,89.0,10.5
2026-01-15 10:00:00,2026,1,15,10,An Giang,Xã Giồng Riềng,9.9237413,105.2736878,84,Moderate,1,26.8,75,0.0,8.6,92,1014.4,16,20.8,23.1,225.0,5.6,106.0,10.8
2026-01-15 11:00:00,2026,1,15,11,An Giang,Xã Giồng Riềng,9.9237413,105.2736878,84,Moderate,1,27.8,69,0.1,7.5,75,1013.9,24,25.8,27.4,238.0,4.3,120.0,10.2
2026-01-15 12:00:00,2026,1,15,12,An Giang,Xã Giồng Riềng,9.9237413,105.2736878,84,Moderate,1,28.5,66,0.1,7.3,57,1012.7,34,31.4,32.9,259.0,3.4,134.0,9.1
2026-01-15 13:00:00,2026,1,15,13,An Giang,Xã Giồng Riềng,9.9237413,105.2736878,84,Moderate,1,29.1,63,0.0,7.7,51,1011.5,14,32.0,33.3,276.0,2.9,143.0,8.2
2026-01-15 14:00:00,2026,1,15,14,An Giang,Xã Giồng Riềng,9.9237413,105.2736878,85,Moderate,1,29.4,62,0.0,8.0,50,1010.0,10,31.4,32.5,280.0,2.5,148.0,7.5
2026-01-15 15:00:00,2026,1,15,15,An Giang,Xã Giồng Riềng,9.9237413,105.2736878,84,Moderate,1,29.4,62,0.0,7.8,58,1009.4,25,31.8,32.7,280.0,2.4,149.0,7.1
2026-01-15 16:00:00,2026,1,15,16,An Giang,Xã Giồng Riềng,9.9237413,105.2736878,84,Moderate,1,29.2,63,0.0,6.5,76,1009.0,34,31.9,32.7,287.0,3.5,146.0,7.4
2026-01-15 17:00:00,2026,1,15,17,An Giang,Xã Giồng Riềng,9.9237413,105.2736878,87,Moderate,1,28.2,72,0.0,5.2,88,1009.1,31,32.9,33.6,315.0,6.7,136.0,9.2
2026-01-15 18:00:00,2026,1,15,18,An Giang,Xã Giồng Riềng,9.9237413,105.2736878,97,Moderate,1,26.5,78,0.0,4.9,92,1009.4,5,37.5,38.2,350.0,11.1,121.0,11.8
2026-01-15 19:00:00,2026,1,15,19,An Giang,Xã Giồng Riềng,9.9237413,105.2736878,100,Moderate,1,25.4,84,0.0,5.0,116,1010.1,4,44.0,44.4,363.0,14.6,93.0,13.0
2026-01-15 20:00:00,2026,1,15,20,An Giang,Xã Giồng Riềng,9.9237413,105.2736878,94,Moderate,1,24.9,86,0.0,4.7,122,1011.1,5,48.8,49.2,333.0,15.3,82.0,13.0
2026-01-15 21:00:00,2026,1,15,21,An Giang,Xã Giồng Riềng,9.9237413,105.2736878,85,Moderate,1,24.7,85,0.2,11.9,158,1011.9,20,47.0,47.5,280.0,16.2,68.0,12.9
2026-01-15 22:00:00,2026,1,15,22,An Giang,Xã Giồng Riềng,9.9237413,105.2736878,85,Moderate,1,23.9,91,0.0,10.5,161,1012.2,14,43.3,44.1,241.0,16.3,57.0,12.3
2026-01-15 23:00:00,2026,1,15,23,An Giang,Xã Giồng Riềng,9.9237413,105.2736878,86,Moderate,1,23.2,94,0.0,10.0,150,1012.0,2,36.4,37.5,231.0,15.0,54.0,10.9
2026-01-16 00:00:00,2026,1,16,0,An Giang,Xã Giồng Riềng,9.9237413,105.2736878,87,Moderate,1,22.8,97,0.0,9.0,154,1011.8,2,27.4,28.7,234.0,12.9,54.0,9.0
2026-01-16 01:00:00,2026,1,16,1,An Giang,Xã Giồng Riềng,9.9237413,105.2736878,87,Moderate,1,22.5,98,0.0,7.3,138,1011.3,33,21.4,23.6,237.0,11.1,57.0,7.5
2026-01-16 02:00:00,2026,1,16,2,An Giang,Xã Giồng Riềng,9.9237413,105.2736878,87,Moderate,1,22.4,98,0.0,6.9,129,1010.9,68,17.8,20.3,234.0,9.8,62.0,6.6
2026-01-16 03:00:00,2026,1,16,3,An Giang,Xã Giồng Riềng,9.9237413,105.2736878,87,Moderate,1,22.1,99,0.0,5.6,130,1010.7,100,15.8,18.9,231.0,8.8,69.0,6.0
2026-01-16 04:00:00,2026,1,16,4,An Giang,Xã Giồng Riềng,9.9237413,105.2736878,86,Moderate,1,22.1,99,0.0,4.3,132,1010.7,100,15.4,18.3,234.0,8.3,73.0,5.7
2026-01-16 05:00:00,2026,1,16,5,An Giang,Xã Giồng Riềng,9.9237413,105.2736878,86,Moderate,1,22.0,99,0.0,3.7,125,1011.0,100,15.9,19.2,250.0,8.8,71.0,5.9
2026-01-16 06:00:00,2026,1,16,6,An Giang,Xã Giồng Riềng,9.9237413,105.2736878,85,Moderate,1,22.1,98,0.0,3.8,101,1011.5,99,17.2,20.7,271.0,9.8,67.0,6.5
2026-01-16 07:00:00,2026,1,16,7,An Giang,Xã Giồng Riềng,9.9237413,105.2736878,85,Moderate,1,22.2,98,0.0,7.1,99,1012.1,91,21.4,25.9,281.0,10.2,68.0,7.5
2026-01-16 08:00:00,2026,1,16,8,An Giang,Xã Giồng Riềng,9.9237413,105.2736878,85,Moderate,1,24.1,89,0.0,11.1,115,1013.4,100,19.8,24.3,266.0,8.8,78.0,7.9
2026-01-16 09:00:00,2026,1,16,9,An Giang,Xã Giồng Riềng,9.9237413,105.2736878,85,Moderate,1,25.6,81,0.0,10.1,117,1013.8,99,24.4,29.0,240.0,6.9,92.0,8.3
2026-01-16 10:00:00,2026,1,16,10,An Giang,Xã Giồng Riềng,9.9237413,105.2736878,86,Moderate,1,26.9,74,0.0,7.6,109,1013.6,100,24.8,27.4,223.0,5.3,105.0,8.6
2026-01-16 11:00:00,2026,1,16,11,An Giang,Xã Giồng Riềng,9.9237413,105.2736878,86,Moderate,1,27.5,72,0.0,7.1,99,1013.2,100,30.6,32.7,225.0,4.2,117.0,8.4
2026-01-16 12:00:00,2026,1,16,12,An Giang,Xã Giồng Riềng,9.9237413,105.2736878,87,Moderate,1,28.4,67,0.1,6.9,73,1012.1,100,37.7,39.7,235.0,3.3,129.0,7.9
2026-01-16 13:00:00,2026,1,16,13,An Giang,Xã Giồng Riềng,9.9237413,105.2736878,87,Moderate,1,29.0,64,0.0,7.0,87,1010.8,100,40.3,42.0,245.0,2.8,138.0,7.7
2026-01-16 14:00:00,2026,1,16,14,An Giang,Xã Giồng Riềng,9.9237413,105.2736878,88,Moderate,1,29.2,63,0.0,6.3,92,1009.4,100,39.3,40.9,249.0,2.3,146.0,7.7
2026-01-16 15:00:00,2026,1,16,15,An Giang,Xã Giồng Riềng,9.9237413,105.2736878,89,Moderate,1,29.3,63,0.0,6.4,100,1008.6,100,38.4,39.7,252.0,2.1,151.0,8.0
2026-01-16 16:00:00,2026,1,16,16,An Giang,Xã Giồng Riềng,9.9237413,105.2736878,89,Moderate,1,29.0,65,0.0,6.4,119,1008.3,99,38.6,39.9,261.0,3.3,149.0,8.5
2026-01-16 17:00:00,2026,1,16,17,An Giang,Xã Giồng Riềng,9.9237413,105.2736878,90,Moderate,1,28.3,70,0.0,5.1,132,1008.4,80,39.7,40.7,282.0,6.8,134.0,9.6
2026-01-16 18:00:00,2026,1,16,18,An Giang,Xã Giồng Riềng,9.9237413,105.2736878,94,Moderate,1,26.6,78,0.0,3.2,133,1009.0,100,42.6,43.7,309.0,11.6,112.0,10.9
2026-01-16 19:00:00,2026,1,16,19,An Giang,Xã Giồng Riềng,9.9237413,105.2736878,95,Moderate,1,25.5,81,0.0,5.0,145,1009.4,88,48.1,49.1,327.0,13.6,91.0,10.9
2026-01-16 20:00:00,2026,1,16,20,An Giang,Xã Giồng Riềng,9.9237413,105.2736878,91,Moderate,1,25.1,82,0.0,6.1,161,1010.8,28,50.3,51.3,329.0,15.7,79.0,11.5
2026-01-16 21:00:00,2026,1,16,21,An Giang,Xã Giồng Riềng,9.9237413,105.2736878,91,Moderate,1,24.3,88,0.0,4.2,175,1011.2,33,52.0,53.1,323.0,18.6,63.0,12.2
2026-01-16 22:00:00,2026,1,16,22,An Giang,Xã Giồng Riềng,9.9237413,105.2736878,92,Moderate,1,23.6,91,0.0,4.9,144,1011.4,49,53.9,55.3,313.0,20.5,50.0,12.5
2026-01-16 23:00:00,2026,1,16,23,An Giang,Xã Giồng Riềng,9.9237413,105.2736878,93,Moderate,1,23.2,92,0.0,5.5,144,1011.3,15,54.0,55.4,301.0,20.6,43.0,11.8
2026-01-17 00:00:00,2026,1,17,0,An Giang,Xã Giồng Riềng,9.9237413,105.2736878,94,Moderate,1,22.5,93,0.0,6.5,156,1011.2,67,48.7,49.9,285.0,19.7,39.0,10.7
2026-01-17 01:00:00,2026,1,17,1,An Giang,Xã Giồng Riềng,9.9237413,105.2736878,96,Moderate,1,22.2,95,0.0,8.0,153,1010.6,94,41.2,42.6,271.0,18.6,37.0,9.6
2026-01-17 02:00:00,2026,1,17,2,An Giang,Xã Giồng Riềng,9.9237413,105.2736878,98,Moderate,1,22.0,95,0.0,8.1,141,1010.4,76,34.3,35.9,257.0,17.2,37.0,8.8
2026-01-17 03:00:00,2026,1,17,3,An Giang,Xã Giồng Riềng,9.9237413,105.2736878,99,Moderate,1,21.8,97,0.0,5.4,138,1009.7,71,29.7,32.0,245.0,15.5,40.0,8.1
2026-01-17 04:00:00,2026,1,17,4,An Giang,Xã Giồng Riềng,9.9237413,105.2736878,101,Unhealthy for Sensitive Groups,2,21.5,98,0.0,5.0,125,1009.8,100,27.1,29.6,241.0,14.3,43.0,7.7
2026-01-17 05:00:00,2026,1,17,5,An Giang,Xã Giồng Riềng,9.9237413,105.2736878,102,Unhealthy for Sensitive Groups,2,21.6,98,0.0,4.7,113,1010.1,100,25.7,28.3,254.0,14.1,44.0,7.7
2026-01-17 06:00:00,2026,1,17,6,An Giang,Xã Giồng Riềng,9.9237413,105.2736878,103,Unhealthy for Sensitive Groups,2,22.4,96,0.0,6.1,109,1010.3,100,25.2,28.1,275.0,14.4,45.0,8.1
2026-01-17 07:00:00,2026,1,17,7,An Giang,Xã Giồng Riềng,9.9237413,105.2736878,104,Unhealthy for Sensitive Groups,2,22.0,99,0.0,6.4,101,1010.8,100,26.0,28.6,284.0,14.7,46.0,8.6
2026-01-17 08:00:00,2026,1,17,8,An Giang,Xã Giồng Riềng,9.9237413,105.2736878,104,Unhealthy for Sensitive Groups,2,23.6,90,0.0,10.6,109,1011.7,77,23.3,27.4,266.0,11.8,64.0,9.5
2026-01-17 09:00:00,2026,1,17,9,An Giang,Xã Giồng Riềng,9.9237413,105.2736878,105,Unhealthy for Sensitive Groups,2,25.2,81,0.0,8.6,102,1011.9,41,20.7,25.3,237.0,7.8,89.0,10.8
2026-01-17 10:00:00,2026,1,17,10,An Giang,Xã Giồng Riềng,9.9237413,105.2736878,104,Unhealthy for Sensitive Groups,2,26.6,73,0.0,7.7,91,1011.7,37,22.1,24.5,219.0,4.6,111.0,11.4
2026-01-17 11:00:00,2026,1,17,11,An Giang,Xã Giồng Riềng,9.9237413,105.2736878,104,Unhealthy for Sensitive Groups,2,27.8,67,0.0,8.0,81,1011.1,58,27.0,28.8,226.0,3.1,126.0,10.7
2026-01-17 12:00:00,2026,1,17,12,An Giang,Xã Giồng Riềng,9.9237413,105.2736878,104,Unhealthy for Sensitive Groups,2,28.5,64,0.0,8.8,73,1010.2,20,31.1,32.6,245.0,2.5,137.0,9.4
2026-01-17 13:00:00,2026,1,17,13,An Giang,Xã Giồng Riềng,9.9237413,105.2736878,103,Unhealthy for Sensitive Groups,2,29.0,61,0.0,7.8,67,1009.0,98,32.2,33.5,261.0,2.3,146.0,8.5
2026-01-17 14:00:00,2026,1,17,14,An Giang,Xã Giồng Riềng,9.9237413,105.2736878,102,Unhealthy for Sensitive Groups,2,29.3,60,0.0,7.1,75,1007.6,100,32.1,33.3,265.0,2.0,153.0,8.3
2026-01-17 15:00:00,2026,1,17,15,An Giang,Xã Giồng Riềng,9.9237413,105.2736878,101,Unhealthy for Sensitive Groups,2,29.5,60,0.0,6.7,84,1006.8,24,31.9,32.9,267.0,2.0,158.0,8.4
2026-01-17 16:00:00,2026,1,17,16,An Giang,Xã Giồng Riềng,9.9237413,105.2736878,101,Unhealthy for Sensitive Groups,2,29.1,62,0.0,8.5,89,1006.6,16,32.0,32.9,275.0,3.2,156.0,9.2
2026-01-17 17:00:00,2026,1,17,17,An Giang,Xã Giồng Riềng,9.9237413,105.2736878,100,Moderate,1,28.0,69,0.0,7.2,94,1006.9,11,32.7,33.6,302.0,6.4,145.0,11.1
2026-01-17 18:00:00,2026,1,17,18,An Giang,Xã Giồng Riềng,9.9237413,105.2736878,107,Unhealthy for Sensitive Groups,2,26.2,77,0.0,5.2,92,1007.4,5,36.0,36.7,337.0,10.8,128.0,13.5
2026-01-17 19:00:00,2026,1,17,19,An Giang,Xã Giồng Riềng,9.9237413,105.2736878,111,Unhealthy for Sensitive Groups,2,25.7,79,0.0,5.0,92,1007.8,13,38.9,39.6,352.0,13.8,99.0,13.4
2026-01-17 20:00:00,2026,1,17,20,An Giang,Xã Giồng Riềng,9.9237413,105.2736878,105,Unhealthy for Sensitive Groups,2,25.3,79,0.0,10.8,144,1008.8,5,38.3,39.0,329.0,13.7,88.0,12.8
2026-01-17 21:00:00,2026,1,17,21,An Giang,Xã Giồng Riềng,9.9237413,105.2736878,97,Moderate,1,24.2,85,0.0,11.2,174,1009.4,3,34.6,35.5,286.0,13.5,73.0,12.0
2026-01-17 22:00:00,2026,1,17,22,An Giang,Xã Giồng Riềng,9.9237413,105.2736878,95,Moderate,1,23.6,89,0.0,9.1,173,1009.6,5,30.5,31.8,254.0,13.2,61.0,11.0
2026-01-17 23:00:00,2026,1,17,23,An Giang,Xã Giồng Riềng,9.9237413,105.2736878,93,Moderate,1,23.0,93,0.0,8.7,156,1009.8,9,27.5,29.0,247.0,12.6,55.0,9.7
2026-01-18 00:00:00,2026,1,18,0,An Giang,Xã Giồng Riềng,9.9237413,105.2736878,91,Moderate,1,22.3,96,0.0,6.2,173,1009.8,0,25.2,26.8,250.0,11.9,51.0,8.2
2026-01-18 01:00:00,2026,1,18,1,An Giang,Xã Giồng Riềng,9.9237413,105.2736878,89,Moderate,1,22.0,98,0.0,2.8,195,1009.1,96,23.5,25.3,252.0,11.7,48.0,7.1
2026-01-18 02:00:00,2026,1,18,2,An Giang,Xã Giồng Riềng,9.9237413,105.2736878,87,Moderate,1,22.0,99,0.0,2.6,124,1008.6,98,22.9,25.0,249.0,12.2,46.0,6.8
2026-01-18 03:00:00,2026,1,18,3,An Giang,Xã Giồng Riềng,9.9237413,105.2736878,86,Moderate,1,21.5,100,0.0,3.5,168,1008.3,100,23.8,26.4,244.0,13.1,44.0,6.9
2026-01-18 04:00:00,2026,1,18,4,An Giang,Xã Giồng Riềng,9.9237413,105.2736878,86,Moderate,1,21.5,100,0.0,4.3,156,1008.7,100,26.3,28.7,242.0,14.1,43.0,7.0
2026-01-18 05:00:00,2026,1,18,5,An Giang,Xã Giồng Riềng,9.9237413,105.2736878,86,Moderate,1,21.6,100,0.0,5.9,149,1008.9,100,31.0,33.4,244.0,15.5,40.0,6.9
2026-01-18 06:00:00,2026,1,18,6,An Giang,Xã Giồng Riềng,9.9237413,105.2736878,86,Moderate,1,21.7,100,0.0,4.9,118,1009.2,98,36.1,39.2,249.0,17.0,38.0,6.7
2026-01-18 07:00:00,2026,1,18,7,An Giang,Xã Giồng Riềng,9.9237413,105.2736878,87,Moderate,1,21.6,99,0.0,6.8,108,1009.9,90,35.7,40.2,249.0,16.6,45.0,8.9
2026-01-18 08:00:00,2026,1,18,8,An Giang,Xã Giồng Riềng,9.9237413,105.2736878,88,Moderate,1,24.0,90,0.0,8.4,140,1010.7,98,28.6,34.3,240.0,13.1,61.0,8.7
2026-01-18 09:00:00,2026,1,18,9,An Giang,Xã Giồng Riềng,9.9237413,105.2736878,88,Moderate,1,25.2,81,0.0,8.8,134,1011.3,100,23.7,29.7,227.0,8.2,84.0,8.5
2026-01-18 10:00:00,2026,1,18,10,An Giang,Xã Giồng Riềng,9.9237413,105.2736878,89,Moderate,1,26.5,76,0.0,9.2,116,1011.1,99,21.3,25.1,219.0,4.4,105.0,8.5
2026-01-18 11:00:00,2026,1,18,11,An Giang,Xã Giồng Riềng,9.9237413,105.2736878,89,Moderate,1,27.7,69,0.0,8.6,105,1010.5,100,23.4,26.1,221.0,2.8,121.0,8.7
2026-01-18 12:00:00,2026,1,18,12,An Giang,Xã Giồng Riềng,9.9237413,105.2736878,88,Moderate,1,28.5,64,0.0,8.3,95,1009.4,100,26.0,28.4,229.0,2.3,135.0,9.1
2026-01-18 13:00:00,2026,1,18,13,An Giang,Xã Giồng Riềng,9.9237413,105.2736878,88,Moderate,1,29.0,61,0.0,8.1,103,1008.4,100,29.2,31.2,237.0,2.1,146.0,9.5
2026-01-18 14:00:00,2026,1,18,14,An Giang,Xã Giồng Riềng,9.9237413,105.2736878,88,Moderate,1,29.2,59,0.0,7.6,98,1007.2,99,32.0,33.9,241.0,1.8,154.0,9.9
2026-01-18 15:00:00,2026,1,18,15,An Giang,Xã Giồng Riềng,9.9237413,105.2736878,88,Moderate,1,28.9,59,0.0,7.7,101,1006.5,17,37.1,39.0,246.0,1.9,159.0,10.3
2026-01-18 16:00:00,2026,1,18,16,An Giang,Xã Giồng Riềng,9.9237413,105.2736878,88,Moderate,1,28.6,59,0.0,8.8,102,1006.4,10,35.7,37.4,263.0,3.1,158.0,11.2
2026-01-18 17:00:00,2026,1,18,17,An Giang,Xã Giồng Riềng,9.9237413,105.2736878,92,Moderate,1,27.9,65,0.0,7.7,87,1006.8,99,37.3,38.8,308.0,6.4,149.0,13.0
2026-01-18 18:00:00,2026,1,18,18,An Giang,Xã Giồng Riềng,9.9237413,105.2736878,106,Unhealthy for Sensitive Groups,2,26.2,70,0.0,5.7,77,1007.5,100,41.4,42.6,364.0,10.8,134.0,15.3
2026-01-18 19:00:00,2026,1,18,19,An Giang,Xã Giồng Riềng,9.9237413,105.2736878,112,Unhealthy for Sensitive Groups,2,25.6,73,0.0,8.9,118,1007.9,100,43.3,44.6,396.0,11.3,101.0,13.5
2026-01-18 20:00:00,2026,1,18,20,An Giang,Xã Giồng Riềng,9.9237413,105.2736878,108,Unhealthy for Sensitive Groups,2,24.9,79,0.0,10.4,143,1009.0,100,42.1,43.3,381.0,11.9,91.0,13.0
2026-01-18 21:00:00,2026,1,18,21,An Giang,Xã Giồng Riềng,9.9237413,105.2736878,99,Moderate,1,23.9,85,0.0,6.3,145,1009.6,99,39.0,40.3,341.0,12.6,77.0,12.3
2026-01-18 22:00:00,2026,1,18,22,An Giang,Xã Giồng Riềng,9.9237413,105.2736878,90,Moderate,1,23.2,87,0.0,7.4,154,1010.1,95,35.7,37.0,308.0,13.0,66.0,11.4
2026-01-18 23:00:00,2026,1,18,23,An Giang,Xã Giồng Riềng,9.9237413,105.2736878,91,Moderate,1,22.7,89,0.0,6.8,158,1010.1,84,32.0,33.4,295.0,12.7,61.0,10.2
2026-01-19 00:00:00,2026,1,19,0,An Giang,Xã Giồng Riềng,9.9237413,105.2736878,91,Moderate,1,22.2,92,0.0,6.9,155,1010.3,0,29.2,30.6,288.0,12.1,59.0,8.8
2026-01-19 01:00:00,2026,1,19,1,An Giang,Xã Giồng Riềng,9.9237413,105.2736878,92,Moderate,1,21.9,96,0.0,6.0,136,1009.6,7,27.5,29.0,283.0,11.7,58.0,7.7
2026-01-19 02:00:00,2026,1,19,2,An Giang,Xã Giồng Riềng,9.9237413,105.2736878,92,Moderate,1,21.9,96,0.0,5.9,140,1009.1,19,26.4,28.2,276.0,11.6,58.0,7.2
2026-01-19 03:00:00,2026,1,19,3,An Giang,Xã Giồng Riềng,9.9237413,105.2736878,92,Moderate,1,21.6,97,0.0,5.4,138,1008.9,83,25.7,28.1,269.0,11.7,59.0,6.9
2026-01-19 04:00:00,2026,1,19,4,An Giang,Xã Giồng Riềng,9.9237413,105.2736878,92,Moderate,1,21.4,97,0.0,4.1,151,1008.9,56,27.1,29.4,269.0,12.0,60.0,7.0
2026-01-19 05:00:00,2026,1,19,5,An Giang,Xã Giồng Riềng,9.9237413,105.2736878,92,Moderate,1,21.2,98,0.0,4.0,141,1009.2,76,27.5,30.7,282.0,13.1,57.0,7.5
2026-01-19 06:00:00,2026,1,19,6,An Giang,Xã Giồng Riềng,9.9237413,105.2736878,92,Moderate,1,21.0,98,0.0,4.2,126,1009.8,88,30.2,32.6,300.0,14.4,53.0,8.3
2026-01-19 07:00:00,2026,1,19,7,An Giang,Xã Giồng Riềng,9.9237413,105.2736878,92,Moderate,1,21.9,96,0.0,5.3,128,1010.8,87,31.4,35.6,309.0,12.1,69.0,8.3
2026-01-19 08:00:00,2026,1,19,8,An Giang,Xã Giồng Riềng,9.9237413,105.2736878,91,Moderate,1,24.0,89,0.0,7.0,119,1011.5,92,26.3,31.3,298.0,9.8,82.0,8.3
2026-01-19 09:00:00,2026,1,19,9,An Giang,Xã Giồng Riềng,9.9237413,105.2736878,91,Moderate,1,25.7,80,0.0,12.8,124,1012.3,98,22.5,27.2,277.0,6.7,99.0,8.3
2026-01-19 10:00:00,2026,1,19,10,An Giang,Xã Giồng Riềng,9.9237413,105.2736878,91,Moderate,1,27.0,72,0.0,11.8,121,1012.0,100,22.3,25.6,262.0,4.2,115.0,8.3
2026-01-19 11:00:00,2026,1,19,11,An Giang,Xã Giồng Riềng,9.9237413,105.2736878,91,Moderate,1,28.0,68,0.1,11.4,119,1011.5,95,27.0,29.7,258.0,3.0,126.0,8.4
2026-01-19 12:00:00,2026,1,19,12,An Giang,Xã Giồng Riềng,9.9237413,105.2736878,91,Moderate,1,28.5,65,0.1,10.3,119,1010.7,99,30.3,32.7,260.0,2.5,135.0,8.6
2026-01-19 13:00:00,2026,1,19,13,An Giang,Xã Giồng Riềng,9.9237413,105.2736878,92,Moderate,1,29.0,63,0.0,10.0,110,1009.7,99,31.3,33.6,261.0,2.3,141.0,8.7
2026-01-19 14:00:00,2026,1,19,14,An Giang,Xã Giồng Riềng,9.9237413,105.2736878,92,Moderate,1,29.0,61,0.0,9.7,105,1008.5,100,32.0,34.1,258.0,2.0,146.0,8.6
2026-01-19 15:00:00,2026,1,19,15,An Giang,Xã Giồng Riềng,9.9237413,105.2736878,92,Moderate,1,28.8,62,0.0,9.7,106,1008.1,100,31.9,33.8,255.0,1.9,148.0,8.4
2026-01-19 16:00:00,2026,1,19,16,An Giang,Xã Giồng Riềng,9.9237413,105.2736878,91,Moderate,1,28.5,64,0.0,9.2,107,1008.0,100,31.4,33.1,258.0,2.9,143.0,8.5
2026-01-19 17:00:00,2026,1,19,17,An Giang,Xã Giồng Riềng,9.9237413,105.2736878,91,Moderate,1,27.7,66,0.0,6.6,116,1008.6,100,30.9,32.4,273.0,5.7,127.0,9.2
2026-01-19 18:00:00,2026,1,19,18,An Giang,Xã Giồng Riềng,9.9237413,105.2736878,96,Moderate,1,25.9,74,0.0,5.1,132,1009.3,100,31.2,32.5,293.0,9.4,105.0,10.2
2026-01-19 19:00:00,2026,1,19,19,An Giang,Xã Giồng Riềng,9.9237413,105.2736878,94,Moderate,1,24.7,80,0.0,5.6,130,1010.1,100,38.3,39.6,305.0,10.4,88.0,9.7
2026-01-19 20:00:00,2026,1,19,20,An Giang,Xã Giồng Riềng,9.9237413,105.2736878,89,Moderate,1,24.4,81,0.8,5.8,36,1011.2,100,35.7,37.1,299.0,10.9,81.0,9.8
2026-01-19 21:00:00,2026,1,19,21,An Giang,Xã Giồng Riềng,9.9237413,105.2736878,89,Moderate,1,23.5,85,0.1,7.5,123,1011.6,94,31.2,32.8,284.0,11.7,71.0,9.9
2026-01-19 22:00:00,2026,1,19,22,An Giang,Xã Giồng Riềng,9.9237413,105.2736878,88,Moderate,1,23.2,88,0.0,5.9,168,1011.2,91,27.5,29.3,274.0,12.3,63.0,9.8
2026-01-19 23:00:00,2026,1,19,23,An Giang,Xã Giồng Riềng,9.9237413,105.2736878,87,Moderate,1,22.4,92,0.0,5.0,150,1011.5,65,25.2,27.6,274.0,12.5,59.0,9.2
2026-01-20 00:00:00,2026,1,20,0,An Giang,Xã Giồng Riềng,9.9237413,105.2736878,87,Moderate,1,22.0,93,0.0,5.5,157,1011.5,94,24.2,27.0,278.0,12.4,57.0,8.4
2026-01-20 01:00:00,2026,1,20,1,An Giang,Xã Giồng Riềng,9.9237413,105.2736878,86,Moderate,1,21.9,95,0.0,5.8,126,1010.8,90,24.3,27.2,281.0,12.7,55.0,7.8
2026-01-20 02:00:00,2026,1,20,2,An Giang,Xã Giồng Riềng,9.9237413,105.2736878,86,Moderate,1,21.5,96,0.0,5.5,131,1010.3,100,25.5,28.5,280.0,13.5,52.0,7.5
2026-01-20 03:00:00,2026,1,20,3,An Giang,Xã Giồng Riềng,9.9237413,105.2736878,86,Moderate,1,21.0,97,0.0,4.7,130,1009.8,100,27.2,30.3,279.0,14.5,48.0,7.3
2026-01-20 04:00:00,2026,1,20,4,An Giang,Xã Giồng Riềng,9.9237413,105.2736878,86,Moderate,1,20.6,98,0.0,5.1,138,1010.0,27,28.9,31.9,279.0,15.6,45.0,7.5
2026-01-20 05:00:00,2026,1,20,5,An Giang,Xã Giồng Riềng,9.9237413,105.2736878,86,Moderate,1,20.6,98,0.0,5.4,124,1010.2,17,30.2,33.3,287.0,17.3,41.0,8.2
2026-01-20 06:00:00,2026,1,20,6,An Giang,Xã Giồng Riềng,9.9237413,105.2736878,86,Moderate,1,20.5,98,0.0,5.7,127,1010.6,5,31.7,34.9,298.0,19.1,37.0,9.2
2026-01-20 07:00:00,2026,1,20,7,An Giang,Xã Giồng Riềng,9.9237413,105.2736878,86,Moderate,1,21.4,97,0.0,7.6,118,1011.6,100,28.9,31.8,296.0,15.0,45.0,8.2
2026-01-20 08:00:00,2026,1,20,8,An Giang,Xã Giồng Riềng,9.9237413,105.2736878,86,Moderate,1,23.6,89,0.0,7.4,104,1012.5,98,25.0,28.8,268.0,12.0,58.0,8.4
2026-01-20 09:00:00,2026,1,20,9,An Giang,Xã Giồng Riềng,9.9237413,105.2736878,86,Moderate,1,25.6,80,0.0,10.9,109,1013.3,88,19.7,24.7,228.0,7.9,76.0,8.6
2026-01-20 10:00:00,2026,1,20,10,An Giang,Xã Giồng Riềng,9.9237413,105.2736878,86,Moderate,1,27.1,72,0.0,11.4,115,1013.3,13,20.0,25.3,202.0,4.7,94.0,8.8
2026-01-20 11:00:00,2026,1,20,11,An Giang,Xã Giồng Riềng,9.9237413,105.2736878,86,Moderate,1,28.4,62,0.0,10.4,104,1013.0,59,22.4,25.3,204.0,3.1,111.0,9.0
2026-01-20 12:00:00,2026,1,20,12,An Giang,Xã Giồng Riềng,9.9237413,105.2736878,85,Moderate,1,29.0,58,0.0,10.1,91,1012.4,92,24.6,26.7,220.0,2.4,128.0,9.1
2026-01-20 13:00:00,2026,1,20,13,An Giang,Xã Giồng Riềng,9.9237413,105.2736878,85,Moderate,1,29.4,55,0.0,7.7,72,1011.0,98,26.1,27.9,235.0,2.1,140.0,9.2
2026-01-20 14:00:00,2026,1,20,14,An Giang,Xã Giồng Riềng,9.9237413,105.2736878,84,Moderate,1,30.2,50,0.0,8.5,61,1009.8,97,26.7,28.2,245.0,1.9,148.0,9.1
2026-01-20 15:00:00,2026,1,20,15,An Giang,Xã Giồng Riềng,9.9237413,105.2736878,84,Moderate,1,29.5,53,0.0,12.0,77,1009.2,98,27.0,28.3,254.0,2.1,151.0,8.9
2026-01-20 16:00:00,2026,1,20,16,An Giang,Xã Giồng Riềng,9.9237413,105.2736878,83,Moderate,1,28.9,54,0.0,11.6,85,1009.2,95,27.2,28.5,261.0,3.1,149.0,9.2
2026-01-20 17:00:00,2026,1,20,17,An Giang,Xã Giồng Riềng,9.9237413,105.2736878,83,Moderate,1,27.9,60,0.0,9.4,92,1009.3,99,28.1,29.3,264.0,5.5,139.0,10.5
2026-01-20 18:00:00,2026,1,20,18,An Giang,Xã Giồng Riềng,9.9237413,105.2736878,92,Moderate,1,26.0,67,0.0,9.7,94,1009.5,61,30.9,31.7,264.0,8.6,122.0,12.2
2026-01-20 19:00:00,2026,1,20,19,An Giang,Xã Giồng Riềng,9.9237413,105.2736878,98,Moderate,1,25.0,74,0.0,11.1,112,1010.0,99,37.4,38.4,264.0,12.1,93.0,13.3
2026-01-20 20:00:00,2026,1,20,20,An Giang,Xã Giồng Riềng,9.9237413,105.2736878,94,Moderate,1,24.5,75,0.0,11.6,131,1011.1,96,34.8,36.0,264.0,11.9,86.0,12.5
2026-01-20 21:00:00,2026,1,20,21,An Giang,Xã Giồng Riềng,9.9237413,105.2736878,85,Moderate,1,24.1,76,0.0,11.1,130,1011.7,100,28.2,29.8,263.0,11.6,76.0,11.3
2026-01-20 22:00:00,2026,1,20,22,An Giang,Xã Giồng Riềng,9.9237413,105.2736878,82,Moderate,1,23.9,77,0.0,11.3,132,1012.1,84,22.5,24.4,261.0,11.3,69.0,10.1
2026-01-20 23:00:00,2026,1,20,23,An Giang,Xã Giồng Riềng,9.9237413,105.2736878,82,Moderate,1,23.4,80,0.0,12.0,130,1012.0,94,19.8,22.4,255.0,10.7,68.0,8.8
2026-01-21 00:00:00,2026,1,21,0,An Giang,Xã Giồng Riềng,9.9237413,105.2736878,81,Moderate,1,22.7,84,0.0,11.4,127,1012.3,100,18.1,20.7,248.0,10.0,70.0,7.5
2026-01-21 01:00:00,2026,1,21,1,An Giang,Xã Giồng Riềng,9.9237413,105.2736878,81,Moderate,1,22.2,91,0.0,8.6,131,1011.9,100,17.8,20.4,242.0,9.8,71.0,6.5
2026-01-21 02:00:00,2026,1,21,2,An Giang,Xã Giồng Riềng,9.9237413,105.2736878,80,Moderate,1,21.9,93,0.0,7.5,134,1011.6,98,18.5,21.2,237.0,10.3,69.0,6.1
2026-01-21 03:00:00,2026,1,21,3,An Giang,Xã Giồng Riềng,9.9237413,105.2736878,80,Moderate,1,21.6,93,0.0,6.9,137,1011.2,92,20.1,22.9,234.0,11.2,65.0,6.1
2026-01-21 04:00:00,2026,1,21,4,An Giang,Xã Giồng Riềng,9.9237413,105.2736878,79,Moderate,1,21.5,93,0.0,9.1,124,1011.2,95,22.6,25.7,233.0,12.5,61.0,6.4
2026-01-21 05:00:00,2026,1,21,5,An Giang,Xã Giồng Riềng,9.9237413,105.2736878,78,Moderate,1,21.5,93,0.0,11.8,114,1011.4,90,25.7,29.0,238.0,14.9,55.0,7.3
2026-01-21 06:00:00,2026,1,21,6,An Giang,Xã Giồng Riềng,9.9237413,105.2736878,78,Moderate,1,21.5,91,0.0,11.1,110,1011.7,100,28.6,31.9,246.0,17.6,49.0,8.6
2026-01-21 07:00:00,2026,1,21,7,An Giang,Xã Giồng Riềng,9.9237413,105.2736878,78,Moderate,1,22.0,90,0.0,10.0,83,1012.5,100,23.3,26.2,248.0,13.5,59.0,7.9
2026-01-21 08:00:00,2026,1,21,8,An Giang,Xã Giồng Riềng,9.9237413,105.2736878,77,Moderate,1,23.9,84,0.0,9.0,90,1013.7,99,22.6,26.1,239.0,11.8,70.0,8.9
2026-01-21 09:00:00,2026,1,21,9,An Giang,Xã Giồng Riềng,9.9237413,105.2736878,77,Moderate,1,25.6,76,0.0,12.4,92,1014.5,99,20.1,24.6,224.0,9.3,86.0,10.3
2026-01-21 10:00:00,2026,1,21,10,An Giang,Xã Giồng Riềng,9.9237413,105.2736878,77,Moderate,1,27.2,68,0.0,13.1,81,1014.3,98,20.7,25.6,213.0,7.1,102.0,11.1
2026-01-21 11:00:00,2026,1,21,11,An Giang,Xã Giồng Riềng,9.9237413,105.2736878,77,Moderate,1,28.2,61,0.0,13.2,70,1013.9,39,23.1,25.4,210.0,5.3,120.0,10.9
2026-01-21 12:00:00,2026,1,21,12,An Giang,Xã Giồng Riềng,9.9237413,105.2736878,77,Moderate,1,29.3,53,0.0,13.5,65,1012.9,87,28.5,30.9,210.0,3.6,138.0,10.2
2026-01-21 13:00:00,2026,1,21,13,An Giang,Xã Giồng Riềng,9.9237413,105.2736878,78,Moderate,1,29.9,49,0.0,15.3,59,1012.1,19,29.9,32.2,213.0,2.5,151.0,9.5
2026-01-21 14:00:00,2026,1,21,14,An Giang,Xã Giồng Riềng,9.9237413,105.2736878,78,Moderate,1,29.9,46,0.0,15.6,57,1011.0,53,29.5,31.7,216.0,1.9,157.0,8.9
2026-01-21 15:00:00,2026,1,21,15,An Giang,Xã Giồng Riềng,9.9237413,105.2736878,78,Moderate,1,29.5,47,0.0,17.9,53,1010.3,53,28.6,30.6,221.0,1.9,158.0,8.4
2026-01-21 16:00:00,2026,1,21,16,An Giang,Xã Giồng Riềng,9.9237413,105.2736878,78,Moderate,1,29.0,49,0.0,14.9,59,1010.3,98,28.2,30.0,234.0,2.7,155.0,8.5
2026-01-21 17:00:00,2026,1,21,17,An Giang,Xã Giồng Riềng,9.9237413,105.2736878,93,Moderate,1,28.0,56,0.0,9.0,70,1010.5,99,29.2,30.7,264.0,5.0,146.0,9.9
2026-01-21 18:00:00,2026,1,21,18,An Giang,Xã Giồng Riềng,9.9237413,105.2736878,106,Unhealthy for Sensitive Groups,2,25.6,66,0.0,6.5,120,1010.7,20,32.4,33.6,301.0,8.1,133.0,11.8
2026-01-21 19:00:00,2026,1,21,19,An Giang,Xã Giồng Riềng,9.9237413,105.2736878,113,Unhealthy for Sensitive Groups,2,24.8,73,0.0,5.4,146,1011.5,4,29.0,29.7,320.0,11.3,109.0,12.1
2026-01-21 20:00:00,2026,1,21,20,An Giang,Xã Giồng Riềng,9.9237413,105.2736878,111,Unhealthy for Sensitive Groups,2,24.1,73,0.0,8.3,147,1012.6,3,27.4,28.1,306.0,10.9,101.0,11.2
2026-01-21 21:00:00,2026,1,21,21,An Giang,Xã Giồng Riềng,9.9237413,105.2736878,103,Unhealthy for Sensitive Groups,2,23.6,75,0.0,13.1,133,1013.5,34,22.4,23.3,275.0,10.5,90.0,10.0
2026-01-21 22:00:00,2026,1,21,22,An Giang,Xã Giồng Riềng,9.9237413,105.2736878,90,Moderate,1,22.8,81,0.0,12.6,126,1013.5,94,18.5,19.6,249.0,10.1,81.0,8.9
2026-01-21 23:00:00,2026,1,21,23,An Giang,Xã Giồng Riềng,9.9237413,105.2736878,76,Moderate,1,22.5,85,0.0,12.7,126,1013.4,87,17.6,19.4,238.0,9.8,77.0,8.0
2026-01-22 00:00:00,2026,1,22,0,An Giang,Xã Giồng Riềng,9.9237413,105.2736878,76,Moderate,1,22.1,86,0.0,11.0,125,1013.3,99,17.4,19.4,232.0,9.7,75.0,7.1
2026-01-22 01:00:00,2026,1,22,1,An Giang,Xã Giồng Riềng,9.9237413,105.2736878,76,Moderate,1,21.8,87,0.0,10.6,118,1012.8,92,17.8,20.0,227.0,10.0,72.0,6.6
2026-01-22 02:00:00,2026,1,22,2,An Giang,Xã Giồng Riềng,9.9237413,105.2736878,76,Moderate,1,21.5,87,0.0,9.2,118,1012.4,7,18.8,21.2,219.0,10.9,68.0,6.5
2026-01-22 03:00:00,2026,1,22,3,An Giang,Xã Giồng Riềng,9.9237413,105.2736878,76,Moderate,1,20.8,92,0.0,5.7,103,1012.1,99,20.7,23.3,213.0,12.3,63.0,6.8
2026-01-22 04:00:00,2026,1,22,4,An Giang,Xã Giồng Riềng,9.9237413,105.2736878,76,Moderate,1,20.3,94,0.0,5.1,67,1012.2,98,23.2,25.9,213.0,13.8,58.0,7.1
2026-01-22 05:00:00,2026,1,22,5,An Giang,Xã Giồng Riềng,9.9237413,105.2736878,76,Moderate,1,19.8,96,0.0,4.8,79,1012.7,99,26.1,28.8,227.0,16.0,50.0,7.0
2026-01-22 06:00:00,2026,1,22,6,An Giang,Xã Giồng Riềng,9.9237413,105.2736878,76,Moderate,1,19.7,96,0.0,5.0,92,1013.2,100,33.8,36.4,248.0,18.4,42.0,6.9
2026-01-22 07:00:00,2026,1,22,7,An Giang,Xã Giồng Riềng,9.9237413,105.2736878,77,Moderate,1,20.5,94,0.0,5.8,99,1014.1,9,38.0,41.4,263.0,21.4,44.0,10.4
2026-01-22 08:00:00,2026,1,22,8,An Giang,Xã Giồng Riềng,9.9237413,105.2736878,78,Moderate,1,23.1,86,0.0,6.2,64,1015.1,52,35.9,40.2,263.0,18.4,60.0,12.3
2026-01-22 09:00:00,2026,1,22,9,An Giang,Xã Giồng Riềng,9.9237413,105.2736878,79,Moderate,1,25.1,81,0.0,8.1,62,1016.0,90,32.7,38.1,257.0,14.2,83.0,14.8
2026-01-22 10:00:00,2026,1,22,10,An Giang,Xã Giồng Riềng,9.9237413,105.2736878,80,Moderate,1,26.6,73,0.0,9.8,60,1016.0,99,31.8,36.0,256.0,10.3,104.0,15.9
2026-01-22 11:00:00,2026,1,22,11,An Giang,Xã Giồng Riềng,9.9237413,105.2736878,81,Moderate,1,27.6,65,0.0,11.2,50,1015.4,100,31.1,33.3,268.0,7.0,122.0,14.0
2026-01-22 12:00:00,2026,1,22,12,An Giang,Xã Giồng Riềng,9.9237413,105.2736878,82,Moderate,1,28.5,59,0.0,12.7,43,1014.2,100,29.2,31.2,286.0,4.1,139.0,10.7
2026-01-22 13:00:00,2026,1,22,13,An Giang,Xã Giồng Riềng,9.9237413,105.2736878,82,Moderate,1,28.3,57,0.0,12.3,34,1013.1,100,26.0,27.8,293.0,2.2,150.0,8.2
2026-01-22 14:00:00,2026,1,22,14,An Giang,Xã Giồng Riềng,9.9237413,105.2736878,82,Moderate,1,29.1,51,0.0,11.3,44,1012.0,100,24.0,25.5,277.0,1.5,154.0,7.4
2026-01-22 15:00:00,2026,1,22,15,An Giang,Xã Giồng Riềng,9.9237413,105.2736878,81,Moderate,1,29.1,51,0.0,13.1,60,1011.5,100,23.1,24.5,251.0,1.8,153.0,7.5
2026-01-22 16:00:00,2026,1,22,16,An Giang,Xã Giồng Riềng,9.9237413,105.2736878,81,Moderate,1,28.5,53,0.0,12.7,63,1011.5,100,23.1,24.4,238.0,3.0,149.0,8.2
2026-01-22 17:00:00,2026,1,22,17,An Giang,Xã Giồng Riềng,9.9237413,105.2736878,91,Moderate,1,27.8,59,0.0,7.1,63,1011.8,100,24.9,26.1,251.0,5.5,142.0,10.1
2026-01-22 18:00:00,2026,1,22,18,An Giang,Xã Giồng Riềng,9.9237413,105.2736878,103,Unhealthy for Sensitive Groups,2,26.1,68,0.0,3.1,77,1012.2,100,29.2,30.2,278.0,8.9,131.0,12.6
2026-01-22 19:00:00,2026,1,22,19,An Giang,Xã Giồng Riềng,9.9237413,105.2736878,109,Unhealthy for Sensitive Groups,2,24.9,73,0.0,4.5,76,1012.8,100,38.1,38.9,299.0,13.1,110.0,13.6
2026-01-22 20:00:00,2026,1,22,20,An Giang,Xã Giồng Riềng,9.9237413,105.2736878,106,Unhealthy for Sensitive Groups,2,24.8,72,0.0,3.2,106,1013.6,100,41.9,42.7,309.0,13.1,107.0,14.2
2026-01-22 21:00:00,2026,1,22,21,An Giang,Xã Giồng Riềng,9.9237413,105.2736878,100,Moderate,1,24.9,71,0.0,2.9,86,1014.1,100,40.5,41.2,314.0,13.2,103.0,14.8
2026-01-22 22:00:00,2026,1,22,22,An Giang,Xã Giồng Riềng,9.9237413,105.2736878,90,Moderate,1,24.2,73,0.0,13.2,122,1014.1,100,35.4,36.0,314.0,13.1,97.0,14.6
2026-01-22 23:00:00,2026,1,22,23,An Giang,Xã Giồng Riềng,9.9237413,105.2736878,85,Moderate,1,23.0,84,0.0,10.9,130,1014.2,99,28.2,29.2,305.0,12.5,88.0,12.6
2026-01-23 00:00:00,2026,1,23,0,An Giang,Xã Giồng Riềng,9.9237413,105.2736878,86,Moderate,1,22.4,88,0.0,7.5,132,1014.3,100,22.3,23.6,291.0,11.9,77.0,9.7
2026-01-23 01:00:00,2026,1,23,1,An Giang,Xã Giồng Riềng,9.9237413,105.2736878,86,Moderate,1,21.6,93,0.0,6.1,102,1014.1,100,20.3,22.2,282.0,12.1,66.0,7.7
2026-01-23 02:00:00,2026,1,23,2,An Giang,Xã Giồng Riềng,9.9237413,105.2736878,86,Moderate,1,21.2,94,0.0,5.5,101,1013.9,100,20.9,22.9,279.0,14.0,56.0,7.3
2026-01-23 03:00:00,2026,1,23,3,An Giang,Xã Giồng Riềng,9.9237413,105.2736878,87,Moderate,1,20.8,95,0.0,4.6,116,1013.6,100,24.3,26.5,280.0,16.8,47.0,7.7
2026-01-23 04:00:00,2026,1,23,4,An Giang,Xã Giồng Riềng,9.9237413,105.2736878,87,Moderate,1,20.5,96,0.0,3.7,55,1013.8,98,29.0,31.3,292.0,19.0,40.0,8.5
2026-01-23 05:00:00,2026,1,23,5,An Giang,Xã Giồng Riềng,9.9237413,105.2736878,87,Moderate,1,20.4,98,0.0,7.8,8,1014.3,99,34.9,37.1,326.0,20.5,33.0,9.7
2026-01-23 06:00:00,2026,1,23,6,An Giang,Xã Giồng Riềng,9.9237413,105.2736878,88,Moderate,1,20.2,98,0.0,4.7,360,1014.8,0,38.6,40.7,371.0,21.5,29.0,11.3
2026-01-23 07:00:00,2026,1,23,7,An Giang,Xã Giồng Riềng,9.9237413,105.2736878,89,Moderate,1,20.7,98,0.0,5.0,44,1015.6,2,37.1,39.8,396.0,20.3,35.0,11.8
2026-01-23 08:00:00,2026,1,23,8,An Giang,Xã Giồng Riềng,9.9237413,105.2736878,89,Moderate,1,23.2,91,0.0,4.6,51,1016.6,0,34.7,38.1,382.0,16.7,56.0,13.6
2026-01-23 09:00:00,2026,1,23,9,An Giang,Xã Giồng Riềng,9.9237413,105.2736878,88,Moderate,1,25.4,75,0.0,8.8,44,1017.0,1,29.9,33.8,347.0,11.6,87.0,16.1
2026-01-23 10:00:00,2026,1,23,10,An Giang,Xã Giồng Riềng,9.9237413,105.2736878,88,Moderate,1,26.6,66,0.0,8.8,49,1016.9,2,27.4,30.5,317.0,7.4,113.0,17.3
2026-01-23 11:00:00,2026,1,23,11,An Giang,Xã Giồng Riềng,9.9237413,105.2736878,88,Moderate,1,27.8,62,0.0,7.4,47,1016.2,9,25.9,27.2,301.0,5.0,132.0,16.2
2026-01-23 12:00:00,2026,1,23,12,An Giang,Xã Giồng Riềng,9.9237413,105.2736878,87,Moderate,1,28.7,60,0.0,7.5,55,1015.2,41,25.7,27.0,289.0,3.6,148.0,13.9
2026-01-23 13:00:00,2026,1,23,13,An Giang,Xã Giồng Riềng,9.9237413,105.2736878,87,Moderate,1,29.2,57,0.0,8.0,72,1014.4,59,22.2,23.5,280.0,2.7,158.0,11.9
2026-01-23 14:00:00,2026,1,23,14,An Giang,Xã Giồng Riềng,9.9237413,105.2736878,87,Moderate,1,29.6,55,0.0,8.0,72,1013.2,23,20.7,21.9,270.0,2.0,162.0,10.6
2026-01-23 15:00:00,2026,1,23,15,An Giang,Xã Giồng Riềng,9.9237413,105.2736878,86,Moderate,1,29.6,54,0.0,9.0,78,1012.4,13,19.9,21.1,262.0,1.9,162.0,9.5
2026-01-23 16:00:00,2026,1,23,16,An Giang,Xã Giồng Riềng,9.9237413,105.2736878,86,Moderate,1,29.2,55,0.0,9.0,84,1012.2,15,19.6,20.8,264.0,2.8,156.0,9.3
2026-01-23 17:00:00,2026,1,23,17,An Giang,Xã Giồng Riềng,9.9237413,105.2736878,104,Unhealthy for Sensitive Groups,2,28.3,61,0.0,6.8,88,1012.7,22,20.7,21.8,282.0,5.7,144.0,10.6
2026-01-23 18:00:00,2026,1,23,18,An Giang,Xã Giồng Riềng,9.9237413,105.2736878,116,Unhealthy for Sensitive Groups,2,26.5,68,0.0,6.5,95,1013.1,21,25.3,26.0,310.0,9.7,126.0,12.7
2026-01-23 19:00:00,2026,1,23,19,An Giang,Xã Giồng Riềng,9.9237413,105.2736878,119,Unhealthy for Sensitive Groups,2,25.4,76,0.0,4.9,90,1013.9,98,31.2,31.8,333.0,12.7,111.0,14.0
2026-01-23 20:00:00,2026,1,23,20,An Giang,Xã Giồng Riềng,9.9237413,105.2736878,115,Unhealthy for Sensitive Groups,2,25.8,75,0.0,4.3,118,1014.5,89,34.5,35.0,351.0,12.8,105.0,14.2
2026-01-23 21:00:00,2026,1,23,21,An Giang,Xã Giồng Riềng,9.9237413,105.2736878,106,Unhealthy for Sensitive Groups,2,25.5,76,0.0,4.3,118,1014.5,41,33.3,33.9,366.0,12.9,96.0,14.3
2026-01-23 22:00:00,2026,1,23,22,An Giang,Xã Giồng Riềng,9.9237413,105.2736878,92,Moderate,1,24.7,78,0.0,12.0,131,1014.7,46,29.4,30.3,366.0,12.8,88.0,13.7
2026-01-23 23:00:00,2026,1,23,23,An Giang,Xã Giồng Riềng,9.9237413,105.2736878,83,Moderate,1,23.5,83,0.0,11.5,130,1014.9,22,23.6,24.7,341.0,12.1,80.0,11.6
2026-01-24 00:00:00,2026,1,24,0,An Giang,Xã Giồng Riềng,9.9237413,105.2736878,82,Moderate,1,23.0,84,0.0,9.8,122,1015.2,54,19.3,21.3,302.0,11.2,72.0,8.7
2026-01-24 01:00:00,2026,1,24,1,An Giang,Xã Giồng Riềng,9.9237413,105.2736878,82,Moderate,1,22.5,88,0.0,9.1,105,1014.9,2,16.2,18.3,272.0,10.6,66.0,6.5
2026-01-24 02:00:00,2026,1,24,2,An Giang,Xã Giồng Riềng,9.9237413,105.2736878,82,Moderate,1,22.2,90,0.0,9.0,93,1014.5,70,14.8,16.9,260.0,10.6,62.0,5.7
2026-01-24 03:00:00,2026,1,24,3,An Giang,Xã Giồng Riềng,9.9237413,105.2736878,81,Moderate,1,21.9,93,0.0,7.8,97,1014.1,5,14.6,16.5,258.0,10.9,59.0,5.5
2026-01-24 04:00:00,2026,1,24,4,An Giang,Xã Giồng Riềng,9.9237413,105.2736878,80,Moderate,1,21.5,96,0.0,6.0,107,1014.1,1,15.1,17.1,260.0,11.6,56.0,5.9
2026-01-24 05:00:00,2026,1,24,5,An Giang,Xã Giồng Riềng,9.9237413,105.2736878,79,Moderate,1,21.4,96,0.0,6.7,92,1014.4,4,16.6,18.3,268.0,13.3,49.0,6.6
2026-01-24 06:00:00,2026,1,24,6,An Giang,Xã Giồng Riềng,9.9237413,105.2736878,77,Moderate,1,21.1,96,0.0,6.2,80,1014.7,0,18.3,19.9,281.0,15.5,42.0,7.8
2026-01-24 07:00:00,2026,1,24,7,An Giang,Xã Giồng Riềng,9.9237413,105.2736878,76,Moderate,1,21.4,95,0.0,7.0,55,1015.6,0,26.8,29.1,292.0,15.4,44.0,9.5
2026-01-24 08:00:00,2026,1,24,8,An Giang,Xã Giồng Riềng,9.9237413,105.2736878,75,Moderate,1,23.6,87,0.0,7.0,48,1016.3,1,26.2,29.3,300.0,14.2,56.0,11.9
2026-01-24 09:00:00,2026,1,24,9,An Giang,Xã Giồng Riềng,9.9237413,105.2736878,74,Moderate,1,25.5,80,0.0,9.2,45,1017.0,43,27.1,31.0,307.0,12.5,74.0,15.1
2026-01-24 10:00:00,2026,1,24,10,An Giang,Xã Giồng Riềng,9.9237413,105.2736878,74,Moderate,1,27.1,72,0.0,9.5,32,1017.0,17,29.2,33.9,310.0,10.5,93.0,16.9
2026-01-24 11:00:00,2026,1,24,11,An Giang,Xã Giồng Riềng,9.9237413,105.2736878,74,Moderate,1,28.3,63,0.0,9.1,39,1016.6,20,28.5,32.4,309.0,7.8,115.0,16.0
2026-01-24 12:00:00,2026,1,24,12,An Giang,Xã Giồng Riềng,9.9237413,105.2736878,74,Moderate,1,28.9,57,0.0,10.3,36,1015.5,6,27.8,29.6,305.0,4.7,138.0,13.8
2026-01-24 13:00:00,2026,1,24,13,An Giang,Xã Giồng Riềng,9.9237413,105.2736878,74,Moderate,1,29.5,55,0.0,9.6,43,1014.6,10,27.1,28.8,300.0,2.6,154.0,11.9
2026-01-24 14:00:00,2026,1,24,14,An Giang,Xã Giồng Riềng,9.9237413,105.2736878,75,Moderate,1,29.8,52,0.0,9.0,47,1013.6,13,27.0,28.5,292.0,1.9,159.0,10.8
2026-01-24 15:00:00,2026,1,24,15,An Giang,Xã Giồng Riềng,9.9237413,105.2736878,75,Moderate,1,29.8,51,0.0,10.0,52,1012.9,13,26.8,28.3,283.0,2.1,156.0,10.1
2026-01-24 16:00:00,2026,1,24,16,An Giang,Xã Giồng Riềng,9.9237413,105.2736878,76,Moderate,1,29.2,51,0.0,11.4,67,1012.6,11,27.3,28.8,283.0,3.1,152.0,10.2
2026-01-24 17:00:00,2026,1,24,17,An Giang,Xã Giồng Riềng,9.9237413,105.2736878,88,Moderate,1,28.1,56,0.0,10.0,82,1012.6,4,29.0,30.3,300.0,5.2,147.0,11.8
2026-01-24 18:00:00,2026,1,24,18,An Giang,Xã Giồng Riềng,9.9237413,105.2736878,103,Unhealthy for Sensitive Groups,2,26.1,63,0.0,6.5,96,1012.9,3,31.8,32.8,325.0,8.0,140.0,14.2
2026-01-24 19:00:00,2026,1,24,19,An Giang,Xã Giồng Riềng,9.9237413,105.2736878,113,Unhealthy for Sensitive Groups,2,24.9,73,0.0,5.7,81,1013.2,14,33.2,33.8,342.0,10.5,120.0,15.6
2026-01-24 20:00:00,2026,1,24,20,An Giang,Xã Giồng Riềng,9.9237413,105.2736878,115,Unhealthy for Sensitive Groups,2,24.0,78,0.0,5.9,102,1013.9,2,31.7,32.2,347.0,10.8,109.0,14.5
2026-01-24 21:00:00,2026,1,24,21,An Giang,Xã Giồng Riềng,9.9237413,105.2736878,108,Unhealthy for Sensitive Groups,2,23.8,79,0.0,9.0,121,1014.2,17,26.7,27.6,344.0,11.1,94.0,12.9
2026-01-24 22:00:00,2026,1,24,22,An Giang,Xã Giồng Riềng,9.9237413,105.2736878,96,Moderate,1,23.5,80,0.0,10.7,130,1014.3,81,21.4,22.8,333.0,11.3,81.0,11.3
2026-01-24 23:00:00,2026,1,24,23,An Giang,Xã Giồng Riềng,9.9237413,105.2736878,79,Moderate,1,23.1,83,0.0,11.5,124,1014.4,85,18.5,20.5,310.0,11.1,74.0,9.6
2026-01-25 00:00:00,2026,1,25,0,An Giang,Xã Giồng Riềng,9.9237413,105.2736878,76,Moderate,1,22.5,85,0.0,11.3,119,1014.1,97,16.6,18.8,278.0,10.8,69.0,8.0
2026-01-25 01:00:00,2026,1,25,1,An Giang,Xã Giồng Riềng,9.9237413,105.2736878,76,Moderate,1,22.1,89,0.0,11.3,121,1014.0,95,16.0,18.2,253.0,10.6,65.0,6.7
2026-01-25 02:00:00,2026,1,25,2,An Giang,Xã Giồng Riềng,9.9237413,105.2736878,76,Moderate,1,21.8,91,0.0,10.9,121,1013.4,97,15.7,18.0,238.0,10.5,63.0,6.0
2026-01-25 03:00:00,2026,1,25,3,An Giang,Xã Giồng Riềng,9.9237413,105.2736878,76,Moderate,1,21.5,93,0.0,9.6,116,1013.0,95,15.5,17.8,229.0,10.6,61.0,5.8
2026-01-25 04:00:00,2026,1,25,4,An Giang,Xã Giồng Riềng,9.9237413,105.2736878,76,Moderate,1,21.2,93,0.0,8.9,109,1012.8,96,15.7,17.9,227.0,11.0,60.0,5.9
2026-01-25 05:00:00,2026,1,25,5,An Giang,Xã Giồng Riềng,9.9237413,105.2736878,76,Moderate,1,21.0,93,0.0,9.9,109,1013.4,30,16.4,18.7,235.0,12.4,56.0,6.4
2026-01-25 06:00:00,2026,1,25,6,An Giang,Xã Giồng Riềng,9.9237413,105.2736878,76,Moderate,1,20.9,92,0.0,10.4,110,1013.8,12,17.9,20.1,251.0,14.1,51.0,7.2
2026-01-25 07:00:00,2026,1,25,7,An Giang,Xã Giồng Riềng,9.9237413,105.2736878,76,Moderate,1,21.2,94,0.0,7.9,47,1014.6,6,17.5,19.6,261.0,13.6,53.0,7.6
2026-01-25 08:00:00,2026,1,25,8,An Giang,Xã Giồng Riềng,9.9237413,105.2736878,75,Moderate,1,23.4,87,0.0,7.3,73,1015.2,0,16.7,19.4,261.0,11.5,65.0,8.2
2026-01-25 09:00:00,2026,1,25,9,An Giang,Xã Giồng Riềng,9.9237413,105.2736878,74,Moderate,1,25.4,79,0.0,10.5,94,1015.8,0,15.4,18.4,256.0,8.5,81.0,8.9
2026-01-25 10:00:00,2026,1,25,10,An Giang,Xã Giồng Riềng,9.9237413,105.2736878,73,Moderate,1,27.0,74,0.0,11.2,101,1015.6,0,15.5,19.1,253.0,6.0,98.0,9.4
2026-01-25 11:00:00,2026,1,25,11,An Giang,Xã Giồng Riềng,9.9237413,105.2736878,72,Moderate,1,28.5,60,0.1,11.4,87,1015.3,36,15.8,19.3,255.0,4.3,114.0,9.3
2026-01-25 12:00:00,2026,1,25,12,An Giang,Xã Giồng Riềng,9.9237413,105.2736878,71,Moderate,1,28.7,56,0.1,11.4,74,1014.7,38,15.1,16.9,259.0,3.1,131.0,8.9
2026-01-25 13:00:00,2026,1,25,13,An Giang,Xã Giồng Riềng,9.9237413,105.2736878,70,Moderate,1,29.0,55,0.0,7.8,85,1013.8,53,16.4,17.6,262.0,2.3,143.0,8.6
2026-01-25 14:00:00,2026,1,25,14,An Giang,Xã Giồng Riềng,9.9237413,105.2736878,69,Moderate,1,28.8,57,0.0,8.0,98,1012.9,51,17.8,18.9,263.0,2.0,150.0,8.5
2026-01-25 15:00:00,2026,1,25,15,An Giang,Xã Giồng Riềng,9.9237413,105.2736878,68,Moderate,1,28.6,58,0.0,8.4,101,1012.5,38,19.0,20.1,263.0,2.2,153.0,8.6
2026-01-25 16:00:00,2026,1,25,16,An Giang,Xã Giồng Riềng,9.9237413,105.2736878,67,Moderate,1,28.4,59,0.0,8.0,98,1012.3,96,20.0,21.1,269.0,3.1,151.0,9.1
2026-01-25 17:00:00,2026,1,25,17,An Giang,Xã Giồng Riềng,9.9237413,105.2736878,84,Moderate,1,27.7,64,0.0,6.8,92,1012.3,38,22.1,23.1,288.0,5.3,142.0,10.4
2026-01-25 18:00:00,2026,1,25,18,An Giang,Xã Giồng Riềng,9.9237413,105.2736878,97,Moderate,1,25.7,72,0.0,5.6,83,1012.5,81,24.9,25.7,313.0,8.3,129.0,12.1
2026-01-25 19:00:00,2026,1,25,19,An Giang,Xã Giồng Riềng,9.9237413,105.2736878,103,Unhealthy for Sensitive Groups,2,24.9,76,0.0,6.3,70,1013.1,88,26.9,27.8,329.0,10.4,99.0,11.9
2026-01-25 20:00:00,2026,1,25,20,An Giang,Xã Giồng Riềng,9.9237413,105.2736878,100,Moderate,1,24.5,77,0.0,6.7,84,1013.5,13,27.8,28.9,329.0,11.5,91.0,12.2
2026-01-25 21:00:00,2026,1,25,21,An Giang,Xã Giồng Riềng,9.9237413,105.2736878,92,Moderate,1,23.6,81,0.0,6.1,93,1014.1,2,26.7,27.9,321.0,13.1,79.0,12.7
2026-01-25 22:00:00,2026,1,25,22,An Giang,Xã Giồng Riềng,9.9237413,105.2736878,78,Moderate,1,23.0,81,0.0,7.2,108,1014.2,15,25.5,27.4,309.0,14.2,69.0,12.6
2026-01-25 23:00:00,2026,1,25,23,An Giang,Xã Giồng Riềng,9.9237413,105.2736878,65,Moderate,1,22.5,84,0.0,9.6,120,1014.3,10,24.2,26.3,294.0,14.5,63.0,11.7
2026-01-26 00:00:00,2026,1,26,0,An Giang,Xã Giồng Riềng,9.9237413,105.2736878,65,Moderate,1,22.0,88,0.0,11.4,105,1014.2,0,22.6,24.7,277.0,14.4,60.0,10.3
2026-01-26 01:00:00,2026,1,26,1,An Giang,Xã Giồng Riềng,9.9237413,105.2736878,66,Moderate,1,21.8,93,0.0,12.1,101,1014.0,0,21.2,23.3,261.0,14.0,58.0,9.0
2026-01-26 02:00:00,2026,1,26,2,An Giang,Xã Giồng Riềng,9.9237413,105.2736878,66,Moderate,1,21.8,96,0.0,12.1,101,1013.4,0,19.7,21.9,247.0,13.3,59.0,8.0
2026-01-26 03:00:00,2026,1,26,3,An Giang,Xã Giồng Riềng,9.9237413,105.2736878,67,Moderate,1,21.8,96,0.0,12.1,102,1013.2,0,18.2,20.5,235.0,12.4,61.0,7.1
2026-01-26 04:00:00,2026,1,26,4,An Giang,Xã Giồng Riềng,9.9237413,105.2736878,67,Moderate,1,21.7,96,0.0,11.4,96,1013.2,1,17.0,19.3,229.0,11.8,63.0,6.6
2026-01-26 05:00:00,2026,1,26,5,An Giang,Xã Giồng Riềng,9.9237413,105.2736878,67,Moderate,1,21.5,96,0.0,10.8,105,1013.7,0,16.1,18.3,234.0,12.1,61.0,6.6
2026-01-26 06:00:00,2026,1,26,6,An Giang,Xã Giồng Riềng,9.9237413,105.2736878,67,Moderate,1,21.4,95,0.0,8.8,113,1014.3,16,15.5,17.8,245.0,12.7,57.0,6.8
2026-01-26 07:00:00,2026,1,26,7,An Giang,Xã Giồng Riềng,9.9237413,105.2736878,67,Moderate,1,21.6,96,0.0,6.9,120,1015.0,4,19.0,22.1,250.0,12.6,57.0,7.2
2026-01-26 08:00:00,2026,1,26,8,An Giang,Xã Giồng Riềng,9.9237413,105.2736878,67,Moderate,1,24.0,85,0.0,14.1,109,1016.0,49,16.1,19.8,241.0,10.5,65.0,7.6
2026-01-26 09:00:00,2026,1,26,9,An Giang,Xã Giồng Riềng,9.9237413,105.2736878,67,Moderate,1,25.6,77,0.0,12.0,108,1016.5,3,14.9,18.6,227.0,7.6,77.0,8.0
2026-01-26 10:00:00,2026,1,26,10,An Giang,Xã Giồng Riềng,9.9237413,105.2736878,67,Moderate,1,27.3,68,0.0,12.8,106,1016.1,15,15.6,19.7,220.0,5.1,91.0,8.3
2026-01-26 11:00:00,2026,1,26,11,An Giang,Xã Giồng Riềng,9.9237413,105.2736878,67,Moderate,1,28.6,58,0.0,12.7,97,1015.5,14,17.6,22.3,228.0,3.6,107.0,8.1
2026-01-26 12:00:00,2026,1,26,12,An Giang,Xã Giồng Riềng,9.9237413,105.2736878,67,Moderate,1,29.5,53,0.0,12.8,81,1014.4,23,20.0,23.1,243.0,2.6,125.0,7.8
2026-01-26 13:00:00,2026,1,26,13,An Giang,Xã Giồng Riềng,9.9237413,105.2736878,67,Moderate,1,30.0,51,0.0,12.2,73,1013.4,20,23.2,25.1,255.0,2.0,139.0,7.6
2026-01-26 14:00:00,2026,1,26,14,An Giang,Xã Giồng Riềng,9.9237413,105.2736878,68,Moderate,1,30.0,50,0.0,11.8,70,1012.4,43,26.0,27.7,257.0,1.8,147.0,7.7
2026-01-26 15:00:00,2026,1,26,15,An Giang,Xã Giồng Riềng,9.9237413,105.2736878,69,Moderate,1,29.7,49,0.0,11.8,70,1011.9,69,27.6,29.3,256.0,2.1,151.0,7.9
2026-01-26 16:00:00,2026,1,26,16,An Giang,Xã Giồng Riềng,9.9237413,105.2736878,70,Moderate,1,29.0,52,0.0,10.9,66,1011.7,68,28.2,29.8,262.0,3.0,149.0,8.3
2026-01-26 17:00:00,2026,1,26,17,An Giang,Xã Giồng Riềng,9.9237413,105.2736878,76,Moderate,1,28.3,58,0.0,7.7,66,1012.0,52,28.5,29.9,284.0,4.8,137.0,8.9
2026-01-26 18:00:00,2026,1,26,18,An Giang,Xã Giồng Riềng,9.9237413,105.2736878,89,Moderate,1,26.4,67,0.0,5.2,74,1012.4,19,27.3,28.4,313.0,7.1,118.0,9.6
2026-01-26 19:00:00,2026,1,26,19,An Giang,Xã Giồng Riềng,9.9237413,105.2736878,95,Moderate,1,25.8,71,0.0,5.1,84,1013.1,19,22.1,23.0,327.0,9.8,96.0,10.4
2026-01-26 20:00:00,2026,1,26,20,An Giang,Xã Giồng Riềng,9.9237413,105.2736878,92,Moderate,1,25.2,71,0.0,12.2,119,1014.1,7,16.9,18.3,314.0,10.1,87.0,10.0
2026-01-26 21:00:00,2026,1,26,21,An Giang,Xã Giồng Riềng,9.9237413,105.2736878,84,Moderate,1,24.3,72,0.0,12.5,117,1014.5,2,13.8,15.6,286.0,10.5,76.0,9.4
2026-01-26 22:00:00,2026,1,26,22,An Giang,Xã Giồng Riềng,9.9237413,105.2736878,71,Moderate,1,23.5,78,0.0,11.9,121,1014.8,2,13.4,15.2,262.0,10.8,67.0,8.8
2026-01-26 23:00:00,2026,1,26,23,An Giang,Xã Giồng Riềng,9.9237413,105.2736878,67,Moderate,1,22.8,83,0.0,12.4,123,1014.7,30,13.6,15.5,247.0,10.8,65.0,8.2
2026-01-27 00:00:00,2026,1,27,0,An Giang,Xã Giồng Riềng,9.9237413,105.2736878,66,Moderate,1,22.3,88,0.0,10.1,114,1014.7,55,13.8,15.8,235.0,10.7,66.0,7.6
2026-01-27 01:00:00,2026,1,27,1,An Giang,Xã Giồng Riềng,9.9237413,105.2736878,66,Moderate,1,21.9,93,0.0,11.4,115,1014.5,98,14.1,16.2,224.0,10.6,67.0,7.1
2026-01-27 02:00:00,2026,1,27,2,An Giang,Xã Giồng Riềng,9.9237413,105.2736878,65,Moderate,1,21.9,92,0.0,12.2,114,1014.2,98,14.3,16.4,210.0,10.4,66.0,6.5
2026-01-27 03:00:00,2026,1,27,3,An Giang,Xã Giồng Riềng,9.9237413,105.2736878,65,Moderate,1,21.7,92,0.0,11.9,108,1013.9,97,14.3,16.5,197.0,10.1,66.0,6.0
2026-01-27 04:00:00,2026,1,27,4,An Giang,Xã Giồng Riềng,9.9237413,105.2736878,64,Moderate,1,21.6,91,0.0,11.9,110,1014.0,89,14.4,16.7,191.0,10.1,64.0,5.7
2026-01-27 05:00:00,2026,1,27,5,An Giang,Xã Giồng Riềng,9.9237413,105.2736878,64,Moderate,1,21.3,93,0.0,9.8,110,1014.4,68,14.7,17.1,198.0,11.0,60.0,5.9
2026-01-27 06:00:00,2026,1,27,6,An Giang,Xã Giồng Riềng,9.9237413,105.2736878,64,Moderate,1,21.0,94,0.0,8.0,108,1015.1,90,15.4,17.8,211.0,12.2,55.0,6.4
2026-01-27 07:00:00,2026,1,27,7,An Giang,Xã Giồng Riềng,9.9237413,105.2736878,64,Moderate,1,21.6,92,0.0,8.4,113,1015.7,98,18.2,21.0,220.0,14.4,52.0,7.2
2026-01-27 08:00:00,2026,1,27,8,An Giang,Xã Giồng Riềng,9.9237413,105.2736878,64,Moderate,1,23.9,83,0.0,8.0,117,1016.6,97,17.8,21.1,217.0,11.5,63.0,7.4
2026-01-27 09:00:00,2026,1,27,9,An Giang,Xã Giồng Riềng,9.9237413,105.2736878,64,Moderate,1,25.8,74,0.0,12.4,112,1017.1,98,15.9,20.0,210.0,7.4,78.0,7.6
2026-01-27 10:00:00,2026,1,27,10,An Giang,Xã Giồng Riềng,9.9237413,105.2736878,64,Moderate,1,27.4,67,0.0,14.1,103,1016.8,99,14.8,18.9,205.0,4.2,92.0,7.7
2026-01-27 11:00:00,2026,1,27,11,An Giang,Xã Giồng Riềng,9.9237413,105.2736878,64,Moderate,1,28.6,57,0.0,14.6,99,1016.1,92,15.0,19.0,205.0,2.7,105.0,7.5
2026-01-27 12:00:00,2026,1,27,12,An Giang,Xã Giồng Riềng,9.9237413,105.2736878,64,Moderate,1,29.5,51,0.0,13.7,100,1015.1,90,15.6,18.5,208.0,2.1,117.0,7.2
2026-01-27 13:00:00,2026,1,27,13,An Giang,Xã Giồng Riềng,9.9237413,105.2736878,63,Moderate,1,30.6,46,0.0,12.6,86,1014.0,99,16.9,18.7,213.0,1.8,126.0,7.1
2026-01-27 14:00:00,2026,1,27,14,An Giang,Xã Giồng Riềng,9.9237413,105.2736878,63,Moderate,1,30.0,49,0.0,11.9,86,1013.1,58,17.5,18.7,221.0,1.6,133.0,7.2
2026-01-27 15:00:00,2026,1,27,15,An Giang,Xã Giồng Riềng,9.9237413,105.2736878,62,Moderate,1,29.9,50,0.0,10.8,75,1012.6,72,19.1,20.3,231.0,1.8,137.0,7.4
2026-01-27 16:00:00,2026,1,27,16,An Giang,Xã Giồng Riềng,9.9237413,105.2736878,61,Moderate,1,29.1,54,0.0,12.2,66,1012.3,45,20.3,21.4,244.0,2.8,136.0,8.0
2026-01-27 17:00:00,2026,1,27,17,An Giang,Xã Giồng Riềng,9.9237413,105.2736878,63,Moderate,1,28.5,57,0.0,9.8,64,1012.6,21,22.1,23.1,266.0,5.1,129.0,9.2
2026-01-27 18:00:00,2026,1,27,18,An Giang,Xã Giồng Riềng,9.9237413,105.2736878,74,Moderate,1,26.6,65,0.0,5.5,77,1012.9,9,24.6,25.4,291.0,8.1,117.0,10.7
2026-01-27 19:00:00,2026,1,27,19,An Giang,Xã Giồng Riềng,9.9237413,105.2736878,79,Moderate,1,25.5,73,0.0,5.0,90,1013.4,87,23.7,24.4,304.0,9.9,97.0,10.4
2026-01-27 20:00:00,2026,1,27,20,An Giang,Xã Giồng Riềng,9.9237413,105.2736878,78,Moderate,1,25.1,75,0.0,4.7,83,1014.0,20,23.1,24.1,294.0,10.5,88.0,10.2
2026-01-27 21:00:00,2026,1,27,21,An Giang,Xã Giồng Riềng,9.9237413,105.2736878,71,Moderate,1,24.6,76,0.0,13.6,129,1014.4,58,20.5,22.2,272.0,11.3,75.0,9.9
2026-01-27 22:00:00,2026,1,27,22,An Giang,Xã Giồng Riềng,9.9237413,105.2736878,61,Moderate,1,23.5,81,0.0,12.6,115,1014.7,24,18.6,20.7,254.0,11.8,66.0,9.5
2026-01-27 23:00:00,2026,1,27,23,An Giang,Xã Giồng Riềng,9.9237413,105.2736878,62,Moderate,1,22.9,86,0.0,11.3,108,1014.6,29,17.5,19.7,246.0,11.7,64.0,8.9
2026-01-28 00:00:00,2026,1,28,0,An Giang,Xã Giồng Riềng,9.9237413,105.2736878,62,Moderate,1,22.5,92,0.0,9.4,103,1014.4,60,16.8,19.0,242.0,11.2,64.0,8.1
2026-01-28 01:00:00,2026,1,28,1,An Giang,Xã Giồng Riềng,9.9237413,105.2736878,62,Moderate,1,21.9,97,0.0,7.1,114,1014.1,2,16.2,18.6,238.0,10.9,65.0,7.4
2026-01-28 02:00:00,2026,1,28,2,An Giang,Xã Giồng Riềng,9.9237413,105.2736878,62,Moderate,1,21.8,98,0.0,6.6,112,1013.6,3,15.8,18.2,231.0,10.8,64.0,6.8
2026-01-28 03:00:00,2026,1,28,3,An Giang,Xã Giồng Riềng,9.9237413,105.2736878,62,Moderate,1,21.6,97,0.0,7.2,117,1012.9,2,15.7,17.9,224.0,10.8,63.0,6.3
2026-01-28 04:00:00,2026,1,28,4,An Giang,Xã Giồng Riềng,9.9237413,105.2736878,63,Moderate,1,21.3,97,0.0,5.5,113,1012.9,0,15.8,18.0,222.0,11.3,61.0,6.2
2026-01-28 05:00:00,2026,1,28,5,An Giang,Xã Giồng Riềng,9.9237413,105.2736878,63,Moderate,1,21.1,97,0.0,7.2,115,1013.4,3,16.4,18.7,231.0,13.1,55.0,6.7
2026-01-28 06:00:00,2026,1,28,6,An Giang,Xã Giồng Riềng,9.9237413,105.2736878,63,Moderate,1,21.0,96,0.0,7.7,114,1014.1,2,18.5,20.8,244.0,15.5,48.0,7.7
2026-01-28 07:00:00,2026,1,28,7,An Giang,Xã Giồng Riềng,9.9237413,105.2736878,63,Moderate,1,21.5,94,0.0,7.8,109,1014.6,7,17.3,19.6,249.0,14.1,56.0,7.7
2026-01-28 08:00:00,2026,1,28,8,An Giang,Xã Giồng Riềng,9.9237413,105.2736878,63,Moderate,1,24.0,85,0.0,8.7,124,1015.7,2,15.8,19.2,235.0,11.3,68.0,7.7
2026-01-28 09:00:00,2026,1,28,9,An Giang,Xã Giồng Riềng,9.9237413,105.2736878,63,Moderate,1,26.0,73,0.0,14.7,113,1016.2,38,14.5,18.2,213.0,7.5,84.0,7.7
2026-01-28 10:00:00,2026,1,28,10,An Giang,Xã Giồng Riềng,9.9237413,105.2736878,63,Moderate,1,27.4,67,0.1,11.7,103,1015.9,20,16.3,20.3,199.0,4.5,100.0,7.8
2026-01-28 11:00:00,2026,1,28,11,An Giang,Xã Giồng Riềng,9.9237413,105.2736878,63,Moderate,1,28.5,62,0.0,9.9,94,1015.6,20,17.6,19.8,201.0,3.2,114.0,8.0
2026-01-28 12:00:00,2026,1,28,12,An Giang,Xã Giồng Riềng,9.9237413,105.2736878,63,Moderate,1,29.5,56,0.0,9.3,81,1014.6,44,19.3,20.8,211.0,2.7,127.0,8.2
2026-01-28 13:00:00,2026,1,28,13,An Giang,Xã Giồng Riềng,9.9237413,105.2736878,63,Moderate,1,29.7,54,0.0,8.3,72,1013.6,60,22.1,23.6,220.0,2.6,137.0,8.5
2026-01-28 14:00:00,2026,1,28,14,An Giang,Xã Giồng Riềng,9.9237413,105.2736878,64,Moderate,1,29.5,54,0.0,7.3,74,1012.7,75,23.9,25.1,222.0,2.5,145.0,8.7
2026-01-28 15:00:00,2026,1,28,15,An Giang,Xã Giồng Riềng,9.9237413,105.2736878,64,Moderate,1,29.5,54,0.0,8.3,74,1012.1,95,27.4,28.7,224.0,2.7,151.0,9.0
2026-01-28 16:00:00,2026,1,28,16,An Giang,Xã Giồng Riềng,9.9237413,105.2736878,65,Moderate,1,28.5,58,0.0,10.1,74,1012.1,71,27.9,29.1,233.0,3.5,151.0,9.4
2026-01-28 17:00:00,2026,1,28,17,An Giang,Xã Giồng Riềng,9.9237413,105.2736878,81,Moderate,1,27.9,62,0.0,8.7,96,1012.4,48,28.9,29.9,263.0,5.4,141.0,10.3
2026-01-28 18:00:00,2026,1,28,18,An Giang,Xã Giồng Riềng,9.9237413,105.2736878,93,Moderate,1,26.6,67,0.0,6.4,112,1012.8,30,29.9,30.9,301.0,7.9,124.0,11.3
2026-01-28 19:00:00,2026,1,28,19,An Giang,Xã Giồng Riềng,9.9237413,105.2736878,98,Moderate,1,25.2,76,0.0,6.5,120,1013.5,17,31.3,32.6,318.0,9.8,102.0,11.6
2026-01-28 20:00:00,2026,1,28,20,An Giang,Xã Giồng Riềng,9.9237413,105.2736878,96,Moderate,1,25.0,78,0.0,9.3,136,1014.1,5,23.0,24.2,293.0,9.8,91.0,10.7
2026-01-28 21:00:00,2026,1,28,21,An Giang,Xã Giồng Riềng,9.9237413,105.2736878,88,Moderate,1,24.5,80,0.0,11.2,132,1014.7,2,16.6,18.6,247.0,9.9,76.0,9.4
2026-01-28 22:00:00,2026,1,28,22,An Giang,Xã Giồng Riềng,9.9237413,105.2736878,75,Moderate,1,23.9,81,0.0,13.8,125,1015.1,23,14.0,16.1,210.0,9.8,65.0,8.2
2026-01-28 23:00:00,2026,1,28,23,An Giang,Xã Giồng Riềng,9.9237413,105.2736878,67,Moderate,1,23.2,84,0.0,12.9,122,1015.0,88,13.9,16.0,193.0,9.6,62.0,7.4
2026-01-29 00:00:00,2026,1,29,0,An Giang,Xã Giồng Riềng,9.9237413,105.2736878,67,Moderate,1,22.9,85,0.0,10.1,121,1014.8,97,13.8,16.0,184.0,9.2,63.0,6.7
2026-01-29 01:00:00,2026,1,29,1,An Giang,Xã Giồng Riềng,9.9237413,105.2736878,66,Moderate,1,22.2,90,0.0,7.4,124,1014.5,31,13.7,15.9,179.0,9.1,63.0,6.1
2026-01-29 02:00:00,2026,1,29,2,An Giang,Xã Giồng Riềng,9.9237413,105.2736878,66,Moderate,1,22.0,90,0.0,7.7,127,1013.8,15,13.4,15.7,175.0,9.2,61.0,5.6
2026-01-29 03:00:00,2026,1,29,3,An Giang,Xã Giồng Riềng,9.9237413,105.2736878,66,Moderate,1,21.7,91,0.0,8.7,130,1013.2,7,13.4,15.7,175.0,9.4,60.0,5.3
2026-01-29 04:00:00,2026,1,29,4,An Giang,Xã Giồng Riềng,9.9237413,105.2736878,66,Moderate,1,21.5,91,0.0,9.3,122,1013.2,19,14.1,16.4,178.0,10.0,57.0,5.3
2026-01-29 05:00:00,2026,1,29,5,An Giang,Xã Giồng Riềng,9.9237413,105.2736878,66,Moderate,1,21.2,93,0.0,8.1,119,1013.7,0,15.4,17.7,185.0,11.6,52.0,5.8
2026-01-29 06:00:00,2026,1,29,6,An Giang,Xã Giồng Riềng,9.9237413,105.2736878,65,Moderate,1,21.0,93,0.0,7.7,121,1013.9,0,17.2,19.5,196.0,13.6,46.0,6.7
2026-01-29 07:00:00,2026,1,29,7,An Giang,Xã Giồng Riềng,9.9237413,105.2736878,65,Moderate,1,21.5,90,0.0,8.0,99,1014.3,0,21.1,24.2,203.0,14.1,45.0,7.3
2026-01-29 08:00:00,2026,1,29,8,An Giang,Xã Giồng Riềng,9.9237413,105.2736878,66,Moderate,1,24.0,81,0.0,6.8,101,1015.1,0,19.8,23.2,203.0,11.8,57.0,8.0
2026-01-29 09:00:00,2026,1,29,9,An Giang,Xã Giồng Riềng,9.9237413,105.2736878,66,Moderate,1,25.9,74,0.0,9.7,102,1015.5,0,17.2,21.3,201.0,8.6,73.0,9.0
2026-01-29 10:00:00,2026,1,29,10,An Giang,Xã Giồng Riềng,9.9237413,105.2736878,66,Moderate,1,27.5,69,0.0,10.1,95,1015.5,0,17.3,21.8,201.0,6.0,91.0,9.7
2026-01-29 11:00:00,2026,1,29,11,An Giang,Xã Giồng Riềng,9.9237413,105.2736878,66,Moderate,1,29.1,60,0.0,10.9,81,1015.0,14,19.9,25.0,209.0,4.4,110.0,10.0
2026-01-29 12:00:00,2026,1,29,12,An Giang,Xã Giồng Riềng,9.9237413,105.2736878,67,Moderate,1,30.2,53,0.0,11.6,62,1014.0,51,21.7,24.1,220.0,3.3,129.0,10.1
2026-01-29 13:00:00,2026,1,29,13,An Giang,Xã Giồng Riềng,9.9237413,105.2736878,67,Moderate,1,30.2,53,0.0,10.9,52,1013.0,71,25.8,27.6,228.0,2.7,144.0,10.2
2026-01-29 14:00:00,2026,1,29,14,An Giang,Xã Giồng Riềng,9.9237413,105.2736878,67,Moderate,1,30.0,53,0.0,10.0,54,1012.1,93,28.9,30.6,228.0,2.5,152.0,10.3
2026-01-29 15:00:00,2026,1,29,15,An Giang,Xã Giồng Riềng,9.9237413,105.2736878,68,Moderate,1,29.6,55,0.0,9.3,56,1011.5,78,32.2,34.0,226.0,2.7,155.0,10.5
2026-01-29 16:00:00,2026,1,29,16,An Giang,Xã Giồng Riềng,9.9237413,105.2736878,68,Moderate,1,29.4,56,0.0,9.2,59,1011.5,47,34.7,36.3,229.0,3.7,154.0,11.1
2026-01-29 17:00:00,2026,1,29,17,An Giang,Xã Giồng Riềng,9.9237413,105.2736878,81,Moderate,1,28.8,59,0.0,8.7,66,1011.8,20,37.4,38.8,246.0,6.1,147.0,12.7
2026-01-29 18:00:00,2026,1,29,18,An Giang,Xã Giồng Riềng,9.9237413,105.2736878,97,Moderate,1,27.2,66,0.0,5.8,95,1012.4,41,40.3,41.3,269.0,9.2,135.0,14.7
2026-01-29 19:00:00,2026,1,29,19,An Giang,Xã Giồng Riềng,9.9237413,105.2736878,106,Unhealthy for Sensitive Groups,2,26.2,70,0.0,7.1,84,1012.8,30,40.9,41.8,282.0,11.8,116.0,14.7
2026-01-29 20:00:00,2026,1,29,20,An Giang,Xã Giồng Riềng,9.9237413,105.2736878,107,Unhealthy for Sensitive Groups,2,25.9,73,0.0,7.8,112,1013.9,43,40.4,41.2,276.0,12.3,103.0,14.1
2026-01-29 21:00:00,2026,1,29,21,An Giang,Xã Giồng Riềng,9.9237413,105.2736878,102,Unhealthy for Sensitive Groups,2,25.1,73,0.0,13.9,129,1014.5,32,35.5,36.8,260.0,12.8,86.0,13.3
2026-01-29 22:00:00,2026,1,29,22,An Giang,Xã Giồng Riềng,9.9237413,105.2736878,89,Moderate,1,24.0,74,0.0,12.2,124,1014.9,65,28.9,30.2,246.0,13.1,72.0,12.2
2026-01-29 23:00:00,2026,1,29,23,An Giang,Xã Giồng Riềng,9.9237413,105.2736878,76,Moderate,1,23.3,80,0.0,11.3,126,1015.1,100,22.6,24.2,239.0,12.7,65.0,10.6
2026-01-30 00:00:00,2026,1,30,0,An Giang,Xã Giồng Riềng,9.9237413,105.2736878,76,Moderate,1,22.9,84,0.0,10.3,119,1015.1,98,18.7,21.0,234.0,11.9,63.0,8.7
2026-01-30 01:00:00,2026,1,30,1,An Giang,Xã Giồng Riềng,9.9237413,105.2736878,77,Moderate,1,22.5,87,0.0,10.2,121,1014.9,100,16.2,18.5,230.0,11.3,61.0,7.2
2026-01-30 02:00:00,2026,1,30,2,An Giang,Xã Giồng Riềng,9.9237413,105.2736878,77,Moderate,1,22.2,90,0.0,9.0,120,1014.2,100,15.1,17.3,224.0,10.9,61.0,6.3
2026-01-30 03:00:00,2026,1,30,3,An Giang,Xã Giồng Riềng,9.9237413,105.2736878,77,Moderate,1,22.0,91,0.0,9.8,118,1014.1,98,14.8,17.1,218.0,10.7,62.0,5.8
2026-01-30 04:00:00,2026,1,30,4,An Giang,Xã Giồng Riềng,9.9237413,105.2736878,77,Moderate,1,21.8,92,0.0,9.0,112,1014.1,76,15.1,17.3,218.0,10.8,62.0,5.6
2026-01-30 05:00:00,2026,1,30,5,An Giang,Xã Giồng Riềng,9.9237413,105.2736878,77,Moderate,1,21.5,95,0.0,8.7,117,1014.3,70,15.7,18.0,229.0,11.9,57.0,5.9
2026-01-30 06:00:00,2026,1,30,6,An Giang,Xã Giồng Riềng,9.9237413,105.2736878,77,Moderate,1,21.4,95,0.0,7.8,109,1014.9,96,16.8,19.2,245.0,13.4,51.0,6.6
2026-01-30 07:00:00,2026,1,30,7,An Giang,Xã Giồng Riềng,9.9237413,105.2736878,77,Moderate,1,22.1,94,0.0,6.7,76,1015.6,100,16.5,18.6,253.0,12.2,56.0,6.9
2026-01-30 08:00:00,2026,1,30,8,An Giang,Xã Giồng Riềng,9.9237413,105.2736878,77,Moderate,1,24.2,85,0.0,7.3,81,1016.4,98,15.4,18.4,244.0,10.1,64.0,7.3
2026-01-30 09:00:00,2026,1,30,9,An Giang,Xã Giồng Riềng,9.9237413,105.2736878,77,Moderate,1,26.1,74,0.0,11.7,101,1016.7,100,14.5,17.9,227.0,7.2,76.0,7.8
2026-01-30 10:00:00,2026,1,30,10,An Giang,Xã Giồng Riềng,9.9237413,105.2736878,76,Moderate,1,27.6,68,0.0,11.6,105,1016.8,98,14.6,18.2,214.0,4.8,88.0,8.1
2026-01-30 11:00:00,2026,1,30,11,An Giang,Xã Giồng Riềng,9.9237413,105.2736878,76,Moderate,1,28.9,61,0.0,12.5,110,1016.1,100,14.4,17.6,208.0,3.4,100.0,7.9
2026-01-30 12:00:00,2026,1,30,12,An Giang,Xã Giồng Riềng,9.9237413,105.2736878,76,Moderate,1,30.0,55,0.0,12.1,100,1015.0,100,14.9,16.6,206.0,2.6,112.0,7.5
2026-01-30 13:00:00,2026,1,30,13,An Giang,Xã Giồng Riềng,9.9237413,105.2736878,75,Moderate,1,31.0,50,0.0,11.0,89,1013.9,100,15.8,17.1,207.0,2.1,122.0,7.3
2026-01-30 14:00:00,2026,1,30,14,An Giang,Xã Giồng Riềng,9.9237413,105.2736878,74,Moderate,1,31.3,47,0.0,11.2,86,1012.8,88,16.7,17.8,210.0,1.9,129.0,7.4
2026-01-30 15:00:00,2026,1,30,15,An Giang,Xã Giồng Riềng,9.9237413,105.2736878,73,Moderate,1,30.5,49,0.0,10.3,85,1012.2,53,18.2,19.2,216.0,2.0,133.0,7.6
2026-01-30 16:00:00,2026,1,30,16,An Giang,Xã Giồng Riềng,9.9237413,105.2736878,72,Moderate,1,30.1,51,0.0,9.7,90,1012.0,90,18.9,19.8,224.0,3.0,133.0,8.1
2026-01-30 17:00:00,2026,1,30,17,An Giang,Xã Giồng Riềng,9.9237413,105.2736878,70,Moderate,1,29.3,55,0.0,11.2,100,1012.2,41,19.8,20.6,236.0,5.3,125.0,9.2
2026-01-30 18:00:00,2026,1,30,18,An Giang,Xã Giồng Riềng,9.9237413,105.2736878,69,Moderate,1,28.0,61,0.0,9.4,103,1012.6,26,21.4,22.1,251.0,8.5,113.0,10.6
2026-01-30 19:00:00,2026,1,30,19,An Giang,Xã Giồng Riềng,9.9237413,105.2736878,72,Moderate,1,26.5,69,0.0,4.8,77,1013.2,96,21.3,22.1,262.0,9.3,90.0,9.7
2026-01-30 20:00:00,2026,1,30,20,An Giang,Xã Giồng Riềng,9.9237413,105.2736878,70,Moderate,1,25.9,73,0.0,7.5,123,1014.0,99,19.7,20.7,267.0,9.8,82.0,9.6
2026-01-30 21:00:00,2026,1,30,21,An Giang,Xã Giồng Riềng,9.9237413,105.2736878,64,Moderate,1,24.8,78,0.0,11.3,138,1014.8,100,18.0,19.7,269.0,10.6,72.0,9.3
2026-01-30 22:00:00,2026,1,30,22,An Giang,Xã Giồng Riềng,9.9237413,105.2736878,62,Moderate,1,24.0,84,0.0,12.3,130,1014.8,100,17.4,19.4,268.0,11.1,64.0,9.0
2026-01-30 23:00:00,2026,1,30,23,An Giang,Xã Giồng Riềng,9.9237413,105.2736878,61,Moderate,1,23.5,87,0.0,11.5,130,1014.9,100,17.2,19.3,264.0,11.2,62.0,8.5
2026-01-31 00:00:00,2026,1,31,0,An Giang,Xã Giồng Riềng,9.9237413,105.2736878,61,Moderate,1,22.9,92,0.0,11.3,129,1014.5,100,16.8,18.9,258.0,11.0,63.0,7.9
2026-01-31 01:00:00,2026,1,31,1,An Giang,Xã Giồng Riềng,9.9237413,105.2736878,60,Moderate,1,22.5,95,0.0,9.8,110,1014.4,100,16.4,18.6,251.0,10.9,64.0,7.4
2026-01-31 02:00:00,2026,1,31,2,An Giang,Xã Giồng Riềng,9.9237413,105.2736878,60,Moderate,1,22.5,96,0.0,10.5,109,1013.9,99,15.8,18.0,242.0,10.7,64.0,6.9
2026-01-31 03:00:00,2026,1,31,3,An Giang,Xã Giồng Riềng,9.9237413,105.2736878,60,Moderate,1,22.2,97,0.0,10.6,108,1013.3,91,15.1,17.4,232.0,10.4,63.0,6.5
2026-01-31 04:00:00,2026,1,31,4,An Giang,Xã Giồng Riềng,9.9237413,105.2736878,60,Moderate,1,22.1,96,0.0,10.4,107,1013.3,99,14.7,16.9,228.0,10.6,61.0,6.3
2026-01-31 05:00:00,2026,1,31,5,An Giang,Xã Giồng Riềng,9.9237413,105.2736878,60,Moderate,1,21.8,97,0.0,7.6,98,1013.6,100,14.6,16.8,238.0,11.9,56.0,6.6
2026-01-31 06:00:00,2026,1,31,6,An Giang,Xã Giồng Riềng,9.9237413,105.2736878,60,Moderate,1,21.5,97,0.0,5.0,92,1014.4,100,15.7,17.8,255.0,13.6,49.0,7.1
2026-01-31 07:00:00,2026,1,31,7,An Giang,Xã Giồng Riềng,9.9237413,105.2736878,60,Moderate,1,22.1,96,0.0,5.6,40,1015.0,80,16.2,18.5,262.0,12.5,53.0,7.3
2026-01-31 08:00:00,2026,1,31,8,An Giang,Xã Giồng Riềng,9.9237413,105.2736878,60,Moderate,1,24.5,84,0.0,10.8,94,1015.9,74,15.7,18.9,249.0,10.3,62.0,7.6
2026-01-31 09:00:00,2026,1,31,9,An Giang,Xã Giồng Riềng,9.9237413,105.2736878,60,Moderate,1,26.3,74,0.0,14.5,98,1016.5,5,15.4,19.1,226.0,7.2,74.0,8.1
2026-01-31 10:00:00,2026,1,31,10,An Giang,Xã Giồng Riềng,9.9237413,105.2736878,60,Moderate,1,28.1,66,0.0,11.7,99,1016.2,5,15.9,20.0,213.0,4.7,87.0,8.3
2026-01-31 11:00:00,2026,1,31,11,An Giang,Xã Giồng Riềng,9.9237413,105.2736878,60,Moderate,1,29.7,58,0.0,12.5,96,1015.8,27,15.9,19.8,220.0,3.3,101.0,8.0
2026-01-31 12:00:00,2026,1,31,12,An Giang,Xã Giồng Riềng,9.9237413,105.2736878,61,Moderate,1,30.6,53,0.0,13.2,78,1014.8,86,17.2,19.1,236.0,2.4,117.0,7.5
2026-01-31 13:00:00,2026,1,31,13,An Giang,Xã Giồng Riềng,9.9237413,105.2736878,61,Moderate,1,31.4,49,0.0,12.3,65,1013.9,91,21.5,23.2,250.0,1.9,129.0,7.2
2026-01-31 14:00:00,2026,1,31,14,An Giang,Xã Giồng Riềng,9.9237413,105.2736878,61,Moderate,1,31.4,48,0.0,13.0,61,1012.9,44,24.6,26.2,260.0,1.7,139.0,7.1
2026-01-31 15:00:00,2026,1,31,15,An Giang,Xã Giồng Riềng,9.9237413,105.2736878,62,Moderate,1,31.0,49,0.1,13.7,62,1012.2,80,26.3,27.8,268.0,2.0,146.0,7.2
2026-01-31 16:00:00,2026,1,31,16,An Giang,Xã Giồng Riềng,9.9237413,105.2736878,63,Moderate,1,30.3,52,0.1,13.3,71,1012.2,86,27.1,28.6,272.0,2.9,146.0,7.5
2026-01-31 17:00:00,2026,1,31,17,An Giang,Xã Giồng Riềng,9.9237413,105.2736878,66,Moderate,1,29.2,57,0.0,13.7,86,1012.6,95,27.2,28.7,270.0,5.0,134.0,8.3
2026-01-31 18:00:00,2026,1,31,18,An Giang,Xã Giồng Riềng,9.9237413,105.2736878,79,Moderate,1,27.5,64,0.0,9.8,103,1013.2,89,26.4,27.6,263.0,7.7,115.0,9.4
2026-01-31 19:00:00,2026,1,31,19,An Giang,Xã Giồng Riềng,9.9237413,105.2736878,85,Moderate,1,27.0,65,0.0,11.6,122,1013.5,89,16.1,17.4,258.0,8.8,83.0,8.8
2026-01-31 20:00:00,2026,1,31,20,An Giang,Xã Giồng Riềng,9.9237413,105.2736878,81,Moderate,1,26.0,65,0.0,13.3,128,1014.3,52,14.7,16.7,256.0,9.4,78.0,8.7
2026-01-31 21:00:00,2026,1,31,21,An Giang,Xã Giồng Riềng,9.9237413,105.2736878,73,Moderate,1,25.0,67,0.0,10.7,125,1014.8,48,15.4,18.0,255.0,10.2,71.0,8.6
2026-01-31 22:00:00,2026,1,31,22,An Giang,Xã Giồng Riềng,9.9237413,105.2736878,63,Moderate,1,24.1,74,0.0,9.4,119,1014.9,94,16.8,19.7,253.0,10.7,66.0,8.4
2026-01-31 23:00:00,2026,1,31,23,An Giang,Xã Giồng Riềng,9.9237413,105.2736878,63,Moderate,1,23.5,77,0.0,10.2,114,1014.8,100,17.9,20.8,251.0,10.7,67.0,7.9
2026-02-01 00:00:00,2026,2,1,0,An Giang,Xã Giồng Riềng,9.9237413,105.2736878,63,Moderate,1,23.0,80,0.0,10.3,112,1014.5,100,18.0,20.8,249.0,10.5,71.0,7.2
2026-02-01 01:00:00,2026,2,1,1,An Giang,Xã Giồng Riềng,9.9237413,105.2736878,64,Moderate,1,22.2,87,0.0,11.3,112,1013.7,97,17.6,20.3,244.0,10.4,73.0,6.7
2026-02-01 02:00:00,2026,2,1,2,An Giang,Xã Giồng Riềng,9.9237413,105.2736878,64,Moderate,1,22.2,86,0.0,10.4,104,1013.2,98,16.8,19.4,233.0,10.4,72.0,6.3
2026-02-01 03:00:00,2026,2,1,3,An Giang,Xã Giồng Riềng,9.9237413,105.2736878,64,Moderate,1,21.9,88,0.0,9.9,105,1012.9,100,16.1,18.6,219.0,10.5,69.0,6.0
2026-02-01 04:00:00,2026,2,1,4,An Giang,Xã Giồng Riềng,9.9237413,105.2736878,64,Moderate,1,21.6,88,0.0,9.2,111,1012.6,99,16.1,18.5,213.0,11.1,66.0,6.0
2026-02-01 05:00:00,2026,2,1,5,An Giang,Xã Giồng Riềng,9.9237413,105.2736878,64,Moderate,1,21.2,89,0.0,8.1,111,1013.1,99,16.8,19.2,222.0,12.8,59.0,6.5
2026-02-01 06:00:00,2026,2,1,6,An Giang,Xã Giồng Riềng,9.9237413,105.2736878,64,Moderate,1,20.9,91,0.0,7.6,95,1013.5,92,18.4,21.0,239.0,15.0,52.0,7.4
2026-02-01 07:00:00,2026,2,1,7,An Giang,Xã Giồng Riềng,9.9237413,105.2736878,64,Moderate,1,21.5,89,0.0,8.2,67,1014.9,0,19.4,22.2,254.0,14.5,54.0,8.0
2026-02-01 08:00:00,2026,2,1,8,An Giang,Xã Giồng Riềng,9.9237413,105.2736878,65,Moderate,1,23.9,81,0.0,7.0,58,1015.9,1,17.5,21.2,263.0,12.6,65.0,8.6
2026-02-01 09:00:00,2026,2,1,9,An Giang,Xã Giồng Riềng,9.9237413,105.2736878,65,Moderate,1,25.9,76,0.0,9.4,61,1016.5,29,17.9,22.2,270.0,9.9,81.0,9.4
2026-02-01 10:00:00,2026,2,1,10,An Giang,Xã Giồng Riềng,9.9237413,105.2736878,65,Moderate,1,27.8,65,0.2,13.7,44,1016.2,97,19.8,22.4,272.0,7.4,98.0,9.8
2026-02-01 11:00:00,2026,2,1,11,An Giang,Xã Giồng Riềng,9.9237413,105.2736878,65,Moderate,1,28.6,58,0.1,15.5,35,1015.8,90,25.6,28.1,267.0,5.3,116.0,9.3
2026-02-01 12:00:00,2026,2,1,12,An Giang,Xã Giồng Riềng,9.9237413,105.2736878,66,Moderate,1,30.1,49,0.0,16.6,39,1014.7,96,27.0,29.7,259.0,3.5,135.0,8.4
2026-02-01 13:00:00,2026,2,1,13,An Giang,Xã Giồng Riềng,9.9237413,105.2736878,67,Moderate,1,30.6,43,0.0,16.5,41,1014.2,97,25.3,27.9,254.0,2.2,148.0,7.6
2026-02-01 14:00:00,2026,2,1,14,An Giang,Xã Giồng Riềng,9.9237413,105.2736878,67,Moderate,1,30.5,44,0.0,16.3,41,1013.3,98,23.2,25.6,254.0,1.5,151.0,6.8
2026-02-01 15:00:00,2026,2,1,15,An Giang,Xã Giồng Riềng,9.9237413,105.2736878,67,Moderate,1,30.6,42,0.0,14.5,43,1012.6,98,21.4,23.6,257.0,1.5,149.0,6.0
2026-02-01 16:00:00,2026,2,1,16,An Giang,Xã Giồng Riềng,9.9237413,105.2736878,67,Moderate,1,30.5,41,0.0,14.7,43,1012.2,94,20.3,22.2,268.0,2.5,142.0,5.9
2026-02-01 17:00:00,2026,2,1,17,An Giang,Xã Giồng Riềng,9.9237413,105.2736878,84,Moderate,1,29.7,44,0.0,11.3,43,1012.4,94,20.3,22.1,297.0,5.5,131.0,7.3
2026-02-01 18:00:00,2026,2,1,18,An Giang,Xã Giồng Riềng,9.9237413,105.2736878,94,Moderate,1,27.0,55,0.0,5.8,74,1012.7,100,23.7,25.1,333.0,9.4,116.0,9.5
2026-02-01 19:00:00,2026,2,1,19,An Giang,Xã Giồng Riềng,9.9237413,105.2736878,98,Moderate,1,26.2,59,0.0,7.8,94,1013.3,91,28.2,28.9,347.0,13.5,91.0,10.7
2026-02-01 20:00:00,2026,2,1,20,An Giang,Xã Giồng Riềng,9.9237413,105.2736878,93,Moderate,1,25.4,62,0.0,12.4,120,1013.6,97,31.1,31.8,317.0,12.9,89.0,10.8
2026-02-01 21:00:00,2026,2,1,21,An Giang,Xã Giồng Riềng,9.9237413,105.2736878,83,Moderate,1,24.9,62,0.0,16.6,119,1014.3,100,28.3,29.1,265.0,12.0,85.0,10.9
2026-02-01 22:00:00,2026,2,1,22,An Giang,Xã Giồng Riềng,9.9237413,105.2736878,69,Moderate,1,23.8,68,0.0,12.4,109,1014.4,99,21.2,22.2,223.0,11.3,80.0,10.5
2026-02-01 23:00:00,2026,2,1,23,An Giang,Xã Giồng Riềng,9.9237413,105.2736878,69,Moderate,1,22.8,77,0.0,10.3,117,1014.5,99,15.1,16.5,206.0,10.9,73.0,9.1
2026-02-02 00:00:00,2026,2,2,0,An Giang,Xã Giồng Riềng,9.9237413,105.2736878,69,Moderate,1,22.2,84,0.0,9.4,133,1014.9,95,12.8,14.3,201.0,10.7,64.0,7.3
2026-02-02 01:00:00,2026,2,2,1,An Giang,Xã Giồng Riềng,9.9237413,105.2736878,69,Moderate,1,21.7,91,0.0,8.1,143,1014.7,96,12.7,14.3,198.0,10.8,58.0,5.9
2026-02-02 02:00:00,2026,2,2,2,An Giang,Xã Giồng Riềng,9.9237413,105.2736878,68,Moderate,1,21.7,90,0.0,7.1,144,1014.3,98,13.7,15.5,194.0,11.2,55.0,5.4
2026-02-02 03:00:00,2026,2,2,3,An Giang,Xã Giồng Riềng,9.9237413,105.2736878,68,Moderate,1,21.2,89,0.0,5.4,110,1013.9,98,15.3,17.3,192.0,12.0,55.0,5.5
2026-02-02 04:00:00,2026,2,2,4,An Giang,Xã Giồng Riềng,9.9237413,105.2736878,68,Moderate,1,21.1,87,0.0,6.5,82,1013.7,91,17.0,19.3,196.0,12.7,54.0,5.8
2026-02-02 05:00:00,2026,2,2,5,An Giang,Xã Giồng Riềng,9.9237413,105.2736878,68,Moderate,1,21.1,86,0.0,8.5,96,1013.8,88,18.1,20.5,209.0,13.7,51.0,6.4
2026-02-02 06:00:00,2026,2,2,6,An Giang,Xã Giồng Riềng,9.9237413,105.2736878,68,Moderate,1,20.9,87,0.0,9.0,90,1014.3,95,18.9,21.3,229.0,14.8,47.0,7.4
2026-02-02 07:00:00,2026,2,2,7,An Giang,Xã Giồng Riềng,9.9237413,105.2736878,68,Moderate,1,21.5,88,0.0,9.5,89,1015.2,4,18.2,20.9,247.0,13.1,54.0,7.6
2026-02-02 08:00:00,2026,2,2,8,An Giang,Xã Giồng Riềng,9.9237413,105.2736878,68,Moderate,1,24.0,82,0.0,8.8,78,1016.0,59,16.9,20.3,265.0,11.5,62.0,8.4
2026-02-02 09:00:00,2026,2,2,9,An Giang,Xã Giồng Riềng,9.9237413,105.2736878,68,Moderate,1,26.0,75,0.0,12.7,69,1016.4,92,16.7,19.2,282.0,9.3,75.0,9.6
2026-02-02 10:00:00,2026,2,2,10,An Giang,Xã Giồng Riềng,9.9237413,105.2736878,68,Moderate,1,27.7,65,0.0,13.9,44,1015.9,95,17.8,19.3,288.0,7.2,90.0,10.2
2026-02-02 11:00:00,2026,2,2,11,An Giang,Xã Giồng Riềng,9.9237413,105.2736878,68,Moderate,1,29.2,55,0.0,14.5,30,1015.3,98,19.7,21.1,274.0,5.3,111.0,9.9
2026-02-02 12:00:00,2026,2,2,12,An Giang,Xã Giồng Riềng,9.9237413,105.2736878,67,Moderate,1,30.5,48,0.0,14.6,27,1014.3,99,20.3,21.7,248.0,3.6,135.0,9.1
2026-02-02 13:00:00,2026,2,2,13,An Giang,Xã Giồng Riềng,9.9237413,105.2736878,67,Moderate,1,31.1,41,0.0,14.7,33,1013.4,97,19.8,21.3,228.0,2.4,152.0,8.4
2026-02-02 14:00:00,2026,2,2,14,An Giang,Xã Giồng Riềng,9.9237413,105.2736878,66,Moderate,1,31.0,40,0.0,15.2,37,1012.4,97,19.4,20.9,218.0,1.9,159.0,8.0
2026-02-02 15:00:00,2026,2,2,15,An Giang,Xã Giồng Riềng,9.9237413,105.2736878,66,Moderate,1,31.0,41,0.0,14.3,45,1011.9,98,19.3,20.8,214.0,1.9,161.0,7.7
2026-02-02 16:00:00,2026,2,2,16,An Giang,Xã Giồng Riềng,9.9237413,105.2736878,68,Moderate,1,30.5,40,0.0,13.3,55,1011.6,98,19.7,21.1,221.0,2.8,157.0,7.9
2026-02-02 17:00:00,2026,2,2,17,An Giang,Xã Giồng Riềng,9.9237413,105.2736878,88,Moderate,1,29.7,44,0.0,10.0,70,1011.9,91,21.2,22.5,250.0,5.1,148.0,9.1
2026-02-02 18:00:00,2026,2,2,18,An Giang,Xã Giồng Riềng,9.9237413,105.2736878,103,Unhealthy for Sensitive Groups,2,27.9,51,0.0,7.0,90,1012.3,27,23.7,24.7,290.0,8.1,134.0,10.9
2026-02-02 19:00:00,2026,2,2,19,An Giang,Xã Giồng Riềng,9.9237413,105.2736878,113,Unhealthy for Sensitive Groups,2,26.1,62,0.0,6.5,113,1013.4,0,32.0,33.2,310.0,11.9,112.0,12.1
2026-02-02 20:00:00,2026,2,2,20,An Giang,Xã Giồng Riềng,9.9237413,105.2736878,113,Unhealthy for Sensitive Groups,2,25.6,64,0.0,14.0,123,1014.2,7,31.2,32.1,290.0,11.7,102.0,11.5
2026-02-02 21:00:00,2026,2,2,21,An Giang,Xã Giồng Riềng,9.9237413,105.2736878,106,Unhealthy for Sensitive Groups,2,24.4,70,0.0,12.7,126,1014.9,2,25.5,26.5,249.0,11.5,89.0,10.7
2026-02-02 22:00:00,2026,2,2,22,An Giang,Xã Giồng Riềng,9.9237413,105.2736878,92,Moderate,1,23.5,73,0.0,13.7,129,1014.9,0,19.2,20.6,217.0,11.3,78.0,9.7
2026-02-02 23:00:00,2026,2,2,23,An Giang,Xã Giồng Riềng,9.9237413,105.2736878,75,Moderate,1,23.0,78,0.0,11.1,136,1015.1,9,16.0,18.0,206.0,11.0,72.0,8.5
2026-02-03 00:00:00,2026,2,3,0,An Giang,Xã Giồng Riềng,9.9237413,105.2736878,66,Moderate,1,22.1,85,0.0,3.8,109,1015.1,19,15.1,17.2,203.0,10.6,68.0,7.2
2026-02-03 01:00:00,2026,2,3,1,An Giang,Xã Giồng Riềng,9.9237413,105.2736878,66,Moderate,1,21.9,89,0.0,4.3,114,1014.8,82,15.4,17.7,201.0,10.6,64.0,6.3
2026-02-03 02:00:00,2026,2,3,2,An Giang,Xã Giồng Riềng,9.9237413,105.2736878,66,Moderate,1,22.0,89,0.0,5.0,128,1014.0,98,15.9,18.3,194.0,11.0,60.0,5.8
2026-02-03 03:00:00,2026,2,3,3,An Giang,Xã Giồng Riềng,9.9237413,105.2736878,66,Moderate,1,22.9,86,0.0,8.8,129,1013.6,95,16.3,18.6,188.0,11.6,56.0,5.7
2026-02-03 04:00:00,2026,2,3,4,An Giang,Xã Giồng Riềng,9.9237413,105.2736878,66,Moderate,1,23.0,86,0.0,9.0,112,1013.5,100,17.2,19.4,190.0,12.8,51.0,6.1
2026-02-03 05:00:00,2026,2,3,5,An Giang,Xã Giồng Riềng,9.9237413,105.2736878,66,Moderate,1,23.5,85,0.0,8.6,79,1013.8,100,18.8,20.8,207.0,15.3,43.0,7.3
2026-02-03 06:00:00,2026,2,3,6,An Giang,Xã Giồng Riềng,9.9237413,105.2736878,67,Moderate,1,23.6,85,0.0,8.6,70,1014.2,100,21.0,22.9,233.0,18.4,34.0,9.0
2026-02-03 07:00:00,2026,2,3,7,An Giang,Xã Giồng Riềng,9.9237413,105.2736878,67,Moderate,1,23.9,85,0.0,7.5,48,1015.2,95,25.3,27.7,252.0,17.2,39.0,9.0
2026-02-03 08:00:00,2026,2,3,8,An Giang,Xã Giồng Riềng,9.9237413,105.2736878,67,Moderate,1,25.2,81,0.0,9.6,41,1015.9,100,24.8,27.8,258.0,14.8,55.0,11.0
2026-02-03 09:00:00,2026,2,3,9,An Giang,Xã Giồng Riềng,9.9237413,105.2736878,68,Moderate,1,26.3,77,0.0,12.4,36,1016.5,42,24.2,28.0,258.0,11.4,77.0,13.6
2026-02-03 10:00:00,2026,2,3,10,An Giang,Xã Giồng Riềng,9.9237413,105.2736878,69,Moderate,1,28.2,67,0.0,12.0,30,1016.3,33,24.1,28.2,257.0,8.3,99.0,15.0
2026-02-03 11:00:00,2026,2,3,11,An Giang,Xã Giồng Riềng,9.9237413,105.2736878,69,Moderate,1,29.6,57,0.0,13.3,27,1015.6,27,21.6,24.3,258.0,5.8,121.0,13.8
2026-02-03 12:00:00,2026,2,3,12,An Giang,Xã Giồng Riềng,9.9237413,105.2736878,69,Moderate,1,30.5,51,0.0,13.6,34,1014.6,80,19.9,21.0,258.0,3.7,142.0,11.4
2026-02-03 13:00:00,2026,2,3,13,An Giang,Xã Giồng Riềng,9.9237413,105.2736878,69,Moderate,1,30.9,50,0.0,13.6,60,1014.0,97,19.6,20.6,256.0,2.3,156.0,9.5
2026-02-03 14:00:00,2026,2,3,14,An Giang,Xã Giồng Riềng,9.9237413,105.2736878,69,Moderate,1,30.9,50,0.1,16.6,77,1012.9,100,18.5,19.6,248.0,1.7,158.0,8.8
2026-02-03 15:00:00,2026,2,3,15,An Giang,Xã Giồng Riềng,9.9237413,105.2736878,69,Moderate,1,29.8,55,0.1,15.5,91,1012.3,95,18.3,19.4,238.0,1.9,152.0,8.7
2026-02-03 16:00:00,2026,2,3,16,An Giang,Xã Giồng Riềng,9.9237413,105.2736878,71,Moderate,1,29.6,56,0.0,14.3,94,1012.1,95,18.0,19.0,233.0,2.9,144.0,9.1
2026-02-03 17:00:00,2026,2,3,17,An Giang,Xã Giồng Riềng,9.9237413,105.2736878,90,Moderate,1,29.1,59,0.0,8.0,82,1012.2,89,19.6,20.6,238.0,5.4,134.0,10.3
2026-02-03 18:00:00,2026,2,3,18,An Giang,Xã Giồng Riềng,9.9237413,105.2736878,102,Unhealthy for Sensitive Groups,2,27.6,69,0.0,4.2,72,1012.6,51,22.8,23.6,248.0,8.7,121.0,12.0
2026-02-03 19:00:00,2026,2,3,19,An Giang,Xã Giồng Riềng,9.9237413,105.2736878,106,Unhealthy for Sensitive Groups,2,26.9,72,0.0,5.4,92,1013.3,96,27.2,28.4,255.0,12.2,101.0,12.5
2026-02-03 20:00:00,2026,2,3,20,An Giang,Xã Giồng Riềng,9.9237413,105.2736878,102,Unhealthy for Sensitive Groups,2,26.3,73,0.0,7.6,95,1014.2,69,26.7,27.8,256.0,12.3,92.0,12.0
2026-02-03 21:00:00,2026,2,3,21,An Giang,Xã Giồng Riềng,9.9237413,105.2736878,92,Moderate,1,26.0,75,0.0,8.4,115,1014.8,66,24.4,26.1,255.0,12.4,79.0,11.2
2026-02-03 22:00:00,2026,2,3,22,An Giang,Xã Giồng Riềng,9.9237413,105.2736878,75,Moderate,1,25.2,79,0.0,9.5,127,1014.7,100,21.7,23.6,254.0,12.4,68.0,10.3
2026-02-03 23:00:00,2026,2,3,23,An Giang,Xã Giồng Riềng,9.9237413,105.2736878,68,Moderate,1,24.7,81,0.1,9.2,129,1014.7,74,19.8,21.8,255.0,12.1,63.0,9.3
2026-02-04 00:00:00,2026,2,4,0,An Giang,Xã Giồng Riềng,9.9237413,105.2736878,68,Moderate,1,24.0,85,0.0,6.4,119,1014.3,90,18.3,20.3,256.0,11.7,60.0,8.2
2026-02-04 01:00:00,2026,2,4,1,An Giang,Xã Giồng Riềng,9.9237413,105.2736878,69,Moderate,1,23.6,89,0.0,6.9,110,1014.3,39,17.6,19.5,256.0,12.1,56.0,7.5
2026-02-04 02:00:00,2026,2,4,2,An Giang,Xã Giồng Riềng,9.9237413,105.2736878,69,Moderate,1,23.5,90,0.0,7.0,360,1014.0,55,18.2,20.0,253.0,13.8,51.0,7.4
2026-02-04 03:00:00,2026,2,4,3,An Giang,Xã Giồng Riềng,9.9237413,105.2736878,69,Moderate,1,23.3,92,0.1,2.2,76,1013.8,90,20.7,22.5,248.0,16.3,45.0,7.8
2026-02-04 04:00:00,2026,2,4,4,An Giang,Xã Giồng Riềng,9.9237413,105.2736878,70,Moderate,1,22.8,93,0.0,3.1,100,1013.4,93,25.0,27.0,252.0,18.8,40.0,8.4
2026-02-04 05:00:00,2026,2,4,5,An Giang,Xã Giồng Riềng,9.9237413,105.2736878,70,Moderate,1,22.4,95,0.0,3.1,24,1013.5,39,29.8,31.9,272.0,21.9,32.0,9.3
2026-02-04 06:00:00,2026,2,4,6,An Giang,Xã Giồng Riềng,9.9237413,105.2736878,71,Moderate,1,22.1,96,0.0,4.1,15,1013.9,27,34.8,36.9,300.0,25.0,25.0,10.4
2026-02-04 07:00:00,2026,2,4,7,An Giang,Xã Giồng Riềng,9.9237413,105.2736878,72,Moderate,1,23.4,91,0.0,6.7,71,1014.4,51,31.8,33.1,317.0,24.0,27.0,11.4
2026-02-04 08:00:00,2026,2,4,8,An Giang,Xã Giồng Riềng,9.9237413,105.2736878,73,Moderate,1,25.5,82,0.0,5.4,88,1015.5,20,18.6,20.4,313.0,19.1,50.0,12.6
2026-02-04 09:00:00,2026,2,4,9,An Giang,Xã Giồng Riềng,9.9237413,105.2736878,72,Moderate,1,27.3,74,0.0,7.1,69,1015.9,7,15.8,18.1,298.0,12.3,82.0,14.2
2026-02-04 10:00:00,2026,2,4,10,An Giang,Xã Giồng Riềng,9.9237413,105.2736878,72,Moderate,1,29.0,66,0.0,8.5,54,1015.5,18,15.6,16.8,286.0,6.9,109.0,15.0
2026-02-04 11:00:00,2026,2,4,11,An Giang,Xã Giồng Riềng,9.9237413,105.2736878,71,Moderate,1,29.9,62,0.1,8.4,50,1014.9,88,17.3,18.0,283.0,4.3,124.0,14.1
2026-02-04 12:00:00,2026,2,4,12,An Giang,Xã Giồng Riềng,9.9237413,105.2736878,71,Moderate,1,30.5,60,0.2,7.8,58,1014.1,80,17.0,17.7,283.0,3.0,134.0,12.4
2026-02-04 13:00:00,2026,2,4,13,An Giang,Xã Giồng Riềng,9.9237413,105.2736878,70,Moderate,1,30.5,59,0.0,8.8,88,1013.2,41,16.7,17.5,281.0,2.3,140.0,11.0
2026-02-04 14:00:00,2026,2,4,14,An Giang,Xã Giồng Riềng,9.9237413,105.2736878,70,Moderate,1,30.8,57,0.0,9.7,101,1012.2,88,16.8,17.6,271.0,1.7,142.0,10.4
2026-02-04 15:00:00,2026,2,4,15,An Giang,Xã Giồng Riềng,9.9237413,105.2736878,70,Moderate,1,30.5,57,0.0,10.2,103,1011.6,87,16.6,17.5,258.0,1.7,140.0,10.2
2026-02-04 16:00:00,2026,2,4,16,An Giang,Xã Giồng Riềng,9.9237413,105.2736878,70,Moderate,1,30.0,59,0.0,9.0,113,1011.5,92,16.8,17.7,252.0,2.7,134.0,10.4
2026-02-04 17:00:00,2026,2,4,17,An Giang,Xã Giồng Riềng,9.9237413,105.2736878,80,Moderate,1,29.3,60,0.0,10.5,115,1011.7,89,17.6,18.5,261.0,5.4,123.0,11.4
2026-02-04 18:00:00,2026,2,4,18,An Giang,Xã Giồng Riềng,9.9237413,105.2736878,89,Moderate,1,28.4,63,0.0,4.4,99,1012.5,71,21.2,22.1,279.0,9.2,107.0,12.8
2026-02-04 19:00:00,2026,2,4,19,An Giang,Xã Giồng Riềng,9.9237413,105.2736878,89,Moderate,1,24.1,93,0.0,4.3,287,1013.4,100,17.2,19.2,291.0,9.1,74.0,8.0
2026-02-04 20:00:00,2026,2,4,20,An Giang,Xã Giồng Riềng,9.9237413,105.2736878,78,Moderate,1,24.6,94,0.0,1.8,217,1014.1,100,17.9,19.7,293.0,9.6,72.0,8.3
2026-02-04 21:00:00,2026,2,4,21,An Giang,Xã Giồng Riềng,9.9237413,105.2736878,68,Moderate,1,24.5,94,0.0,5.1,162,1014.6,100,17.8,19.6,291.0,10.2,69.0,8.7
2026-02-04 22:00:00,2026,2,4,22,An Giang,Xã Giồng Riềng,9.9237413,105.2736878,67,Moderate,1,24.5,84,0.0,7.0,134,1014.8,95,17.8,19.8,289.0,10.7,66.0,8.8
2026-02-04 23:00:00,2026,2,4,23,An Giang,Xã Giồng Riềng,9.9237413,105.2736878,67,Moderate,1,24.0,82,0.0,8.3,120,1014.7,98,18.0,20.0,288.0,10.9,65.0,8.5
2026-02-05 00:00:00,2026,2,5,0,An Giang,Xã Giồng Riềng,9.9237413,105.2736878,67,Moderate,1,23.6,85,0.0,7.8,127,1014.8,99,17.5,19.6,287.0,11.0,65.0,8.1
2026-02-05 01:00:00,2026,2,5,1,An Giang,Xã Giồng Riềng,9.9237413,105.2736878,66,Moderate,1,23.0,89,0.0,6.9,139,1014.1,100,17.2,19.2,285.0,11.2,64.0,7.6
2026-02-05 02:00:00,2026,2,5,2,An Giang,Xã Giồng Riềng,9.9237413,105.2736878,66,Moderate,1,22.8,90,0.0,5.3,123,1013.7,96,17.2,19.2,278.0,11.6,61.0,7.1
2026-02-05 03:00:00,2026,2,5,3,An Giang,Xã Giồng Riềng,9.9237413,105.2736878,66,Moderate,1,22.5,91,0.0,5.6,132,1013.2,99,17.5,19.4,270.0,12.2,58.0,6.5
2026-02-05 04:00:00,2026,2,5,4,An Giang,Xã Giồng Riềng,9.9237413,105.2736878,66,Moderate,1,22.5,91,0.0,7.6,133,1013.0,68,18.0,19.8,268.0,13.3,54.0,6.5
2026-02-05 05:00:00,2026,2,5,5,An Giang,Xã Giồng Riềng,9.9237413,105.2736878,65,Moderate,1,22.5,91,0.0,9.5,134,1013.0,93,19.4,21.3,280.0,16.1,48.0,7.4
2026-02-05 06:00:00,2026,2,5,6,An Giang,Xã Giồng Riềng,9.9237413,105.2736878,65,Moderate,1,22.4,90,0.0,9.9,134,1013.2,94,22.3,24.4,298.0,19.4,43.0,8.9
2026-02-05 07:00:00,2026,2,5,7,An Giang,Xã Giồng Riềng,9.9237413,105.2736878,63,Moderate,1,23.2,89,0.0,9.8,126,1013.8,95,22.2,24.7,308.0,16.2,46.0,7.7
2026-02-05 08:00:00,2026,2,5,8,An Giang,Xã Giồng Riềng,9.9237413,105.2736878,63,Moderate,1,25.3,80,0.0,9.2,107,1014.7,62,18.7,22.1,301.0,13.1,58.0,7.9
2026-02-05 09:00:00,2026,2,5,9,An Giang,Xã Giồng Riềng,9.9237413,105.2736878,63,Moderate,1,27.0,75,0.0,9.5,91,1015.3,46,17.0,21.0,287.0,8.8,75.0,8.3
2026-02-05 10:00:00,2026,2,5,10,An Giang,Xã Giồng Riềng,9.9237413,105.2736878,63,Moderate,1,28.6,69,0.0,9.7,91,1015.2,40,18.5,23.2,274.0,5.3,91.0,8.4
2026-02-05 11:00:00,2026,2,5,11,An Giang,Xã Giồng Riềng,9.9237413,105.2736878,63,Moderate,1,30.0,63,0.0,9.2,92,1014.4,18,20.3,25.7,268.0,3.5,104.0,8.2
2026-02-05 12:00:00,2026,2,5,12,An Giang,Xã Giồng Riềng,9.9237413,105.2736878,63,Moderate,1,30.6,59,0.2,7.6,82,1013.4,73,19.7,23.4,263.0,2.6,116.0,7.7
2026-02-05 13:00:00,2026,2,5,13,An Giang,Xã Giồng Riềng,9.9237413,105.2736878,63,Moderate,1,31.0,58,0.1,4.7,92,1012.6,38,20.3,22.4,261.0,2.1,125.0,7.4
2026-02-05 14:00:00,2026,2,5,14,An Giang,Xã Giồng Riềng,9.9237413,105.2736878,64,Moderate,1,31.1,57,0.0,4.2,100,1011.7,100,21.4,23.4,260.0,1.7,132.0,7.2
2026-02-05 15:00:00,2026,2,5,15,An Giang,Xã Giồng Riềng,9.9237413,105.2736878,64,Moderate,1,30.9,57,0.1,5.9,104,1011.0,100,22.6,24.6,260.0,1.7,136.0,7.1
2026-02-05 16:00:00,2026,2,5,16,An Giang,Xã Giồng Riềng,9.9237413,105.2736878,65,Moderate,1,29.2,62,0.2,6.7,211,1010.9,80,22.9,24.8,264.0,2.5,135.0,7.2
2026-02-05 17:00:00,2026,2,5,17,An Giang,Xã Giồng Riềng,9.9237413,105.2736878,65,Moderate,1,27.5,74,0.5,9.8,232,1011.0,84,22.6,24.5,274.0,4.6,126.0,7.8
2026-02-05 18:00:00,2026,2,5,18,An Giang,Xã Giồng Riềng,9.9237413,105.2736878,72,Moderate,1,26.5,79,0.0,5.2,155,1011.7,52,24.9,26.6,287.0,7.5,112.0,8.6
2026-02-05 19:00:00,2026,2,5,19,An Giang,Xã Giồng Riềng,9.9237413,105.2736878,76,Moderate,1,25.4,90,0.0,4.1,103,1012.4,41,28.7,30.0,297.0,9.0,99.0,8.7
2026-02-05 20:00:00,2026,2,5,20,An Giang,Xã Giồng Riềng,9.9237413,105.2736878,75,Moderate,1,25.2,90,0.0,3.7,137,1013.4,99,27.9,29.2,299.0,10.5,88.0,8.8
2026-02-05 21:00:00,2026,2,5,21,An Giang,Xã Giồng Riềng,9.9237413,105.2736878,69,Moderate,1,24.9,90,0.0,4.2,155,1013.9,98,27.1,28.3,298.0,12.7,72.0,9.0
2026-02-05 22:00:00,2026,2,5,22,An Giang,Xã Giồng Riềng,9.9237413,105.2736878,69,Moderate,1,24.5,91,0.0,4.2,162,1013.8,27,31.1,32.8,297.0,14.7,59.0,9.1
2026-02-05 23:00:00,2026,2,5,23,An Giang,Xã Giồng Riềng,9.9237413,105.2736878,70,Moderate,1,23.8,95,0.0,4.0,162,1013.7,91,37.0,39.2,299.0,16.4,51.0,9.2
2026-02-06 00:00:00,2026,2,6,0,An Giang,Xã Giồng Riềng,9.9237413,105.2736878,72,Moderate,1,23.4,96,0.0,4.2,137,1013.7,95,35.4,37.5,301.0,17.9,44.0,9.3
2026-02-06 01:00:00,2026,2,6,1,An Giang,Xã Giồng Riềng,9.9237413,105.2736878,73,Moderate,1,23.2,98,0.0,4.4,159,1013.4,95,32.6,34.6,302.0,18.6,41.0,9.3
2026-02-06 02:00:00,2026,2,6,2,An Giang,Xã Giồng Riềng,9.9237413,105.2736878,75,Moderate,1,23.1,98,0.0,4.6,162,1012.8,98,29.6,31.8,301.0,18.0,41.0,9.0
2026-02-06 03:00:00,2026,2,6,3,An Giang,Xã Giồng Riềng,9.9237413,105.2736878,76,Moderate,1,22.8,99,0.0,3.7,145,1012.3,55,26.5,28.8,298.0,16.6,43.0,8.5
2026-02-06 04:00:00,2026,2,6,4,An Giang,Xã Giồng Riềng,9.9237413,105.2736878,76,Moderate,1,22.7,99,0.0,4.3,135,1012.1,18,23.6,26.1,298.0,15.4,46.0,8.1
2026-02-06 05:00:00,2026,2,6,5,An Giang,Xã Giồng Riềng,9.9237413,105.2736878,77,Moderate,1,22.4,99,0.0,3.9,118,1012.3,100,21.4,24.0,305.0,14.9,47.0,8.0
2026-02-06 06:00:00,2026,2,6,6,An Giang,Xã Giồng Riềng,9.9237413,105.2736878,77,Moderate,1,22.2,100,0.0,3.2,128,1012.8,100,20.3,22.9,314.0,14.6,47.0,7.9
2026-02-06 07:00:00,2026,2,6,7,An Giang,Xã Giồng Riềng,9.9237413,105.2736878,77,Moderate,1,22.9,98,0.0,7.0,140,1013.5,80,23.3,26.6,314.0,14.8,47.0,8.6
2026-02-06 08:00:00,2026,2,6,8,An Giang,Xã Giồng Riềng,9.9237413,105.2736878,77,Moderate,1,24.8,90,0.0,8.6,131,1014.4,42,20.6,24.5,295.0,11.7,61.0,8.3
2026-02-06 09:00:00,2026,2,6,9,An Giang,Xã Giồng Riềng,9.9237413,105.2736878,77,Moderate,1,26.4,82,0.0,8.2,131,1015.1,98,19.4,23.8,267.0,7.5,80.0,7.9
2026-02-06 10:00:00,2026,2,6,10,An Giang,Xã Giồng Riềng,9.9237413,105.2736878,77,Moderate,1,27.8,73,0.0,7.3,132,1014.8,32,21.5,26.4,247.0,4.2,97.0,7.4
2026-02-06 11:00:00,2026,2,6,11,An Giang,Xã Giồng Riềng,9.9237413,105.2736878,78,Moderate,1,29.0,68,0.0,7.0,132,1014.1,12,22.1,24.7,242.0,2.7,110.0,6.8
2026-02-06 12:00:00,2026,2,6,12,An Giang,Xã Giồng Riềng,9.9237413,105.2736878,78,Moderate,1,29.8,65,0.1,6.0,139,1013.1,34,24.4,26.5,244.0,2.2,122.0,6.2
2026-02-06 13:00:00,2026,2,6,13,An Giang,Xã Giồng Riềng,9.9237413,105.2736878,78,Moderate,1,30.1,63,0.0,5.1,135,1012.0,64,27.4,29.4,247.0,1.9,130.0,5.6
2026-02-06 14:00:00,2026,2,6,14,An Giang,Xã Giồng Riềng,9.9237413,105.2736878,79,Moderate,1,30.1,60,0.0,5.8,124,1011.1,100,29.3,31.3,247.0,1.6,134.0,5.1
2026-02-06 15:00:00,2026,2,6,15,An Giang,Xã Giồng Riềng,9.9237413,105.2736878,80,Moderate,1,29.3,62,0.9,6.5,136,1010.4,99,28.5,30.4,247.0,1.7,135.0,4.6
2026-02-06 16:00:00,2026,2,6,16,An Giang,Xã Giồng Riềng,9.9237413,105.2736878,80,Moderate,1,29.0,66,0.2,2.6,214,1010.1,98,28.6,30.4,250.0,2.2,131.0,4.3
2026-02-06 17:00:00,2026,2,6,17,An Giang,Xã Giồng Riềng,9.9237413,105.2736878,81,Moderate,1,26.9,73,0.7,11.0,199,1010.8,91,28.9,30.7,258.0,3.5,120.0,4.3
2026-02-06 18:00:00,2026,2,6,18,An Giang,Xã Giồng Riềng,9.9237413,105.2736878,81,Moderate,1,25.2,86,0.8,6.5,210,1011.0,100,27.6,29.2,268.0,5.3,104.0,4.4
2026-02-06 19:00:00,2026,2,6,19,An Giang,Xã Giồng Riềng,9.9237413,105.2736878,81,Moderate,1,25.0,91,0.0,3.0,205,1011.6,100,33.5,35.5,281.0,7.3,96.0,5.4
2026-02-06 20:00:00,2026,2,6,20,An Giang,Xã Giồng Riềng,9.9237413,105.2736878,82,Moderate,1,25.1,91,0.0,3.4,227,1012.5,100,31.7,33.3,300.0,8.3,88.0,5.8
2026-02-06 21:00:00,2026,2,6,21,An Giang,Xã Giồng Riềng,9.9237413,105.2736878,82,Moderate,1,24.6,95,0.0,3.2,223,1012.9,100,31.3,32.7,321.0,9.8,77.0,6.3
2026-02-06 22:00:00,2026,2,6,22,An Giang,Xã Giồng Riềng,9.9237413,105.2736878,83,Moderate,1,24.1,97,0.0,3.3,202,1013.4,98,32.5,34.1,328.0,11.1,66.0,6.7
2026-02-06 23:00:00,2026,2,6,23,An Giang,Xã Giồng Riềng,9.9237413,105.2736878,83,Moderate,1,23.7,98,0.0,3.1,180,1013.4,96,33.6,35.2,310.0,12.2,57.0,6.9
2026-02-07 00:00:00,2026,2,7,0,An Giang,Xã Giồng Riềng,9.9237413,105.2736878,82,Moderate,1,23.5,98,0.0,3.6,174,1013.3,99,31.8,33.3,279.0,13.3,49.0,7.1
2026-02-07 01:00:00,2026,2,7,1,An Giang,Xã Giồng Riềng,9.9237413,105.2736878,82,Moderate,1,23.9,98,0.0,5.4,165,1012.6,100,29.0,30.6,253.0,14.1,43.0,7.1
2026-02-07 02:00:00,2026,2,7,2,An Giang,Xã Giồng Riềng,9.9237413,105.2736878,82,Moderate,1,23.6,97,0.0,5.8,154,1012.2,100,26.5,28.3,236.0,14.4,40.0,7.0
2026-02-07 03:00:00,2026,2,7,3,An Giang,Xã Giồng Riềng,9.9237413,105.2736878,81,Moderate,1,23.2,97,0.0,6.0,143,1011.9,100,25.0,27.5,224.0,14.5,39.0,6.8
2026-02-07 04:00:00,2026,2,7,4,An Giang,Xã Giồng Riềng,9.9237413,105.2736878,81,Moderate,1,22.9,97,0.0,5.0,145,1011.7,100,24.2,26.5,224.0,14.7,38.0,6.8
2026-02-07 05:00:00,2026,2,7,5,An Giang,Xã Giồng Riềng,9.9237413,105.2736878,81,Moderate,1,22.8,98,0.0,5.7,145,1012.1,98,24.0,26.3,249.0,15.7,35.0,7.1
2026-02-07 06:00:00,2026,2,7,6,An Giang,Xã Giồng Riềng,9.9237413,105.2736878,82,Moderate,1,22.5,98,0.0,5.4,130,1012.5,100,24.1,26.4,286.0,16.8,32.0,7.6
2026-02-07 07:00:00,2026,2,7,7,An Giang,Xã Giồng Riềng,9.9237413,105.2736878,82,Moderate,1,23.0,98,0.0,7.5,111,1013.2,100,20.9,22.9,306.0,15.5,41.0,7.7
2026-02-07 08:00:00,2026,2,7,8,An Giang,Xã Giồng Riềng,9.9237413,105.2736878,82,Moderate,1,24.8,89,0.0,11.0,115,1014.1,97,19.6,22.3,289.0,12.3,57.0,7.8
2026-02-07 09:00:00,2026,2,7,9,An Giang,Xã Giồng Riềng,9.9237413,105.2736878,82,Moderate,1,26.3,82,0.0,10.0,107,1014.8,92,17.4,21.0,255.0,7.8,80.0,7.8
2026-02-07 10:00:00,2026,2,7,10,An Giang,Xã Giồng Riềng,9.9237413,105.2736878,82,Moderate,1,27.9,73,0.0,9.5,105,1014.6,100,16.8,20.7,233.0,4.4,100.0,7.8
2026-02-07 11:00:00,2026,2,7,11,An Giang,Xã Giồng Riềng,9.9237413,105.2736878,81,Moderate,1,29.2,67,0.0,7.6,108,1013.6,100,16.1,17.8,236.0,2.9,114.0,7.5
2026-02-07 12:00:00,2026,2,7,12,An Giang,Xã Giồng Riềng,9.9237413,105.2736878,81,Moderate,1,30.0,61,0.0,5.2,104,1012.4,100,19.5,20.8,250.0,2.5,125.0,7.2
2026-02-07 13:00:00,2026,2,7,13,An Giang,Xã Giồng Riềng,9.9237413,105.2736878,80,Moderate,1,29.9,61,0.0,5.5,101,1011.7,100,22.9,24.1,263.0,2.3,134.0,7.0
2026-02-07 14:00:00,2026,2,7,14,An Giang,Xã Giồng Riềng,9.9237413,105.2736878,80,Moderate,1,30.5,58,0.0,5.2,86,1010.3,100,25.8,26.9,269.0,2.0,142.0,7.0
2026-02-07 15:00:00,2026,2,7,15,An Giang,Xã Giồng Riềng,9.9237413,105.2736878,79,Moderate,1,30.5,57,0.0,7.2,78,1009.3,100,29.7,31.0,273.0,2.0,147.0,7.1
2026-02-07 16:00:00,2026,2,7,16,An Giang,Xã Giồng Riềng,9.9237413,105.2736878,80,Moderate,1,30.5,57,0.0,8.8,86,1008.8,8,31.8,32.8,283.0,3.1,148.0,7.9
2026-02-07 17:00:00,2026,2,7,17,An Giang,Xã Giồng Riềng,9.9237413,105.2736878,80,Moderate,1,29.6,61,0.0,9.4,95,1008.7,2,33.1,34.1,307.0,6.0,142.0,9.8
2026-02-07 18:00:00,2026,2,7,18,An Giang,Xã Giồng Riềng,9.9237413,105.2736878,90,Moderate,1,27.9,69,0.0,5.6,83,1009.1,1,35.0,35.9,337.0,10.1,131.0,12.3
2026-02-07 19:00:00,2026,2,7,19,An Giang,Xã Giồng Riềng,9.9237413,105.2736878,97,Moderate,1,26.8,74,0.0,6.0,99,1010.0,7,45.8,46.9,353.0,14.6,109.0,14.5
2026-02-07 20:00:00,2026,2,7,20,An Giang,Xã Giồng Riềng,9.9237413,105.2736878,96,Moderate,1,26.1,78,0.0,6.5,88,1010.9,6,48.2,49.1,342.0,15.1,97.0,14.2
2026-02-07 21:00:00,2026,2,7,21,An Giang,Xã Giồng Riềng,9.9237413,105.2736878,90,Moderate,1,25.5,80,0.0,12.7,140,1011.9,23,44.4,45.2,317.0,15.7,80.0,13.7
2026-02-07 22:00:00,2026,2,7,22,An Giang,Xã Giồng Riềng,9.9237413,105.2736878,85,Moderate,1,24.8,80,0.0,10.6,154,1012.3,0,40.0,41.1,294.0,15.9,66.0,12.9
2026-02-07 23:00:00,2026,2,7,23,An Giang,Xã Giồng Riềng,9.9237413,105.2736878,85,Moderate,1,23.8,84,0.0,10.4,146,1012.3,2,35.2,36.2,280.0,15.4,59.0,11.5
2026-02-08 00:00:00,2026,2,8,0,An Giang,Xã Giồng Riềng,9.9237413,105.2736878,85,Moderate,1,23.0,90,0.0,10.0,146,1012.3,2,29.6,30.7,269.0,14.4,55.0,9.8
2026-02-08 01:00:00,2026,2,8,1,An Giang,Xã Giồng Riềng,9.9237413,105.2736878,85,Moderate,1,22.5,96,0.0,8.4,140,1011.7,76,23.9,25.3,258.0,13.3,54.0,8.3
2026-02-08 02:00:00,2026,2,8,2,An Giang,Xã Giồng Riềng,9.9237413,105.2736878,85,Moderate,1,22.8,96,0.0,8.8,133,1011.4,28,19.7,22.2,245.0,11.9,57.0,7.2
2026-02-08 03:00:00,2026,2,8,3,An Giang,Xã Giồng Riềng,9.9237413,105.2736878,84,Moderate,1,22.6,95,0.0,9.3,127,1010.9,9,16.5,19.2,232.0,10.4,64.0,6.3
2026-02-08 04:00:00,2026,2,8,4,An Giang,Xã Giồng Riềng,9.9237413,105.2736878,83,Moderate,1,22.4,96,0.0,9.9,128,1011.1,15,14.6,17.4,221.0,9.3,68.0,5.7
2026-02-08 05:00:00,2026,2,8,5,An Giang,Xã Giồng Riềng,9.9237413,105.2736878,82,Moderate,1,22.3,95,0.0,11.4,128,1011.5,2,12.7,15.1,214.0,9.0,67.0,5.5
2026-02-08 06:00:00,2026,2,8,6,An Giang,Xã Giồng Riềng,9.9237413,105.2736878,81,Moderate,1,22.3,94,0.0,11.0,122,1012.3,5,12.5,14.8,209.0,9.1,64.0,5.7
2026-02-08 07:00:00,2026,2,8,7,An Giang,Xã Giồng Riềng,9.9237413,105.2736878,80,Moderate,1,23.1,92,0.0,11.1,120,1013.3,2,15.0,18.3,205.0,9.1,64.0,6.1
2026-02-08 08:00:00,2026,2,8,8,An Giang,Xã Giồng Riềng,9.9237413,105.2736878,80,Moderate,1,25.3,81,0.0,12.1,117,1014.1,13,12.8,16.0,198.0,7.5,74.0,6.0
2026-02-08 09:00:00,2026,2,8,9,An Giang,Xã Giồng Riềng,9.9237413,105.2736878,79,Moderate,1,26.9,71,0.0,16.4,119,1014.8,46,13.3,16.6,192.0,5.2,87.0,5.9
2026-02-08 10:00:00,2026,2,8,10,An Giang,Xã Giồng Riềng,9.9237413,105.2736878,79,Moderate,1,28.3,64,0.0,15.8,111,1014.7,21,15.7,19.0,193.0,3.4,101.0,5.9
2026-02-08 11:00:00,2026,2,8,11,An Giang,Xã Giồng Riềng,9.9237413,105.2736878,79,Moderate,1,29.2,59,0.3,15.3,91,1014.0,34,19.9,22.0,207.0,2.6,114.0,6.1
2026-02-08 12:00:00,2026,2,8,12,An Giang,Xã Giồng Riềng,9.9237413,105.2736878,79,Moderate,1,29.6,57,0.3,14.1,86,1013.1,42,24.2,25.7,228.0,2.3,127.0,6.4
2026-02-08 13:00:00,2026,2,8,13,An Giang,Xã Giồng Riềng,9.9237413,105.2736878,80,Moderate,1,29.4,59,0.2,12.1,87,1012.5,25,27.0,28.4,244.0,2.2,138.0,6.7
2026-02-08 14:00:00,2026,2,8,14,An Giang,Xã Giồng Riềng,9.9237413,105.2736878,80,Moderate,1,30.1,56,0.0,11.2,93,1011.4,14,29.0,30.3,250.0,2.1,148.0,6.8
2026-02-08 15:00:00,2026,2,8,15,An Giang,Xã Giồng Riềng,9.9237413,105.2736878,80,Moderate,1,30.3,54,0.0,11.1,97,1010.7,10,29.0,30.2,251.0,2.2,156.0,7.0
2026-02-08 16:00:00,2026,2,8,16,An Giang,Xã Giồng Riềng,9.9237413,105.2736878,80,Moderate,1,29.8,55,0.0,11.2,100,1010.4,12,29.7,30.7,251.0,2.9,157.0,7.3
2026-02-08 17:00:00,2026,2,8,17,An Giang,Xã Giồng Riềng,9.9237413,105.2736878,85,Moderate,1,29.0,57,0.0,10.3,105,1010.8,20,29.7,30.6,251.0,4.6,148.0,8.2
2026-02-08 18:00:00,2026,2,8,18,An Giang,Xã Giồng Riềng,9.9237413,105.2736878,98,Moderate,1,27.5,63,0.0,8.5,128,1011.2,17,30.3,31.1,249.0,6.9,132.0,9.3
2026-02-08 19:00:00,2026,2,8,19,An Giang,Xã Giồng Riềng,9.9237413,105.2736878,105,Unhealthy for Sensitive Groups,2,26.5,71,0.0,11.3,138,1011.6,11,42.5,43.8,247.0,10.2,115.0,10.9
2026-02-08 20:00:00,2026,2,8,20,An Giang,Xã Giồng Riềng,9.9237413,105.2736878,105,Unhealthy for Sensitive Groups,2,25.5,76,0.0,13.0,145,1012.5,2,31.5,32.6,243.0,9.4,104.0,9.5
2026-02-08 21:00:00,2026,2,8,21,An Giang,Xã Giồng Riềng,9.9237413,105.2736878,100,Moderate,1,24.6,79,0.0,12.5,134,1013.2,2,17.5,19.2,239.0,8.3,88.0,7.6
2026-02-08 22:00:00,2026,2,8,22,An Giang,Xã Giồng Riềng,9.9237413,105.2736878,89,Moderate,1,24.0,82,0.0,10.5,125,1012.9,38,13.4,15.4,234.0,7.9,75.0,6.3
2026-02-08 23:00:00,2026,2,8,23,An Giang,Xã Giồng Riềng,9.9237413,105.2736878,74,Moderate,1,23.4,84,0.0,9.4,121,1013.0,69,13.4,15.4,228.0,8.5,70.0,6.2
2026-02-09 00:00:00,2026,2,9,0,An Giang,Xã Giồng Riềng,9.9237413,105.2736878,71,Moderate,1,22.8,87,0.0,6.5,104,1012.9,70,14.3,16.3,221.0,9.7,67.0,6.6
2026-02-09 01:00:00,2026,2,9,1,An Giang,Xã Giồng Riềng,9.9237413,105.2736878,70,Moderate,1,22.3,93,0.0,5.2,86,1012.4,70,15.8,17.8,219.0,11.3,64.0,7.2
2026-02-09 02:00:00,2026,2,9,2,An Giang,Xã Giồng Riềng,9.9237413,105.2736878,69,Moderate,1,21.9,95,0.0,4.6,72,1011.7,70,18.2,20.1,221.0,13.5,58.0,7.7
2026-02-09 03:00:00,2026,2,9,3,An Giang,Xã Giồng Riềng,9.9237413,105.2736878,69,Moderate,1,21.5,96,0.0,4.7,74,1011.4,95,21.1,23.2,227.0,16.1,50.0,8.2
2026-02-09 04:00:00,2026,2,9,4,An Giang,Xã Giồng Riềng,9.9237413,105.2736878,69,Moderate,1,21.5,96,0.0,4.8,59,1011.2,83,24.5,26.6,239.0,18.4,44.0,8.9
2026-02-09 05:00:00,2026,2,9,5,An Giang,Xã Giồng Riềng,9.9237413,105.2736878,70,Moderate,1,21.2,97,0.0,5.6,31,1011.4,93,27.8,30.0,261.0,20.7,36.0,9.6
2026-02-09 06:00:00,2026,2,9,6,An Giang,Xã Giồng Riềng,9.9237413,105.2736878,71,Moderate,1,21.0,98,0.0,5.0,38,1011.9,84,32.2,34.6,289.0,22.7,30.0,10.4
2026-02-09 07:00:00,2026,2,9,7,An Giang,Xã Giồng Riềng,9.9237413,105.2736878,73,Moderate,1,21.4,100,0.0,5.7,41,1012.3,98,35.3,37.0,307.0,22.5,35.0,11.6
2026-02-09 08:00:00,2026,2,9,8,An Giang,Xã Giồng Riềng,9.9237413,105.2736878,75,Moderate,1,24.1,89,0.0,5.1,42,1012.9,3,29.0,31.5,309.0,18.3,57.0,13.4
2026-02-09 09:00:00,2026,2,9,9,An Giang,Xã Giồng Riềng,9.9237413,105.2736878,76,Moderate,1,26.4,76,0.0,7.7,25,1013.3,18,22.8,25.4,301.0,12.4,89.0,15.9
2026-02-09 10:00:00,2026,2,9,10,An Giang,Xã Giồng Riềng,9.9237413,105.2736878,77,Moderate,1,28.0,64,0.0,8.2,22,1013.1,26,20.4,21.6,292.0,7.6,117.0,17.1
2026-02-09 11:00:00,2026,2,9,11,An Giang,Xã Giồng Riềng,9.9237413,105.2736878,78,Moderate,1,29.4,57,0.0,7.6,38,1012.9,76,20.7,21.5,283.0,4.9,138.0,15.9
2026-02-09 12:00:00,2026,2,9,12,An Giang,Xã Giồng Riềng,9.9237413,105.2736878,78,Moderate,1,30.2,53,0.0,7.4,43,1011.7,100,20.3,21.1,273.0,3.4,155.0,13.5
2026-02-09 13:00:00,2026,2,9,13,An Giang,Xã Giồng Riềng,9.9237413,105.2736878,77,Moderate,1,30.7,51,0.0,6.1,43,1011.0,94,19.4,20.3,265.0,2.4,167.0,11.5
2026-02-09 14:00:00,2026,2,9,14,An Giang,Xã Giồng Riềng,9.9237413,105.2736878,77,Moderate,1,31.2,48,0.0,5.1,54,1010.2,94,18.9,19.7,259.0,1.7,173.0,10.4
2026-02-09 15:00:00,2026,2,9,15,An Giang,Xã Giồng Riềng,9.9237413,105.2736878,76,Moderate,1,31.4,47,0.0,5.6,68,1009.4,100,18.5,19.3,256.0,1.5,174.0,9.8
2026-02-09 16:00:00,2026,2,9,16,An Giang,Xã Giồng Riềng,9.9237413,105.2736878,94,Moderate,1,31.1,48,0.0,6.1,85,1009.4,100,18.5,19.3,259.0,2.6,170.0,9.9
2026-02-09 17:00:00,2026,2,9,17,An Giang,Xã Giồng Riềng,9.9237413,105.2736878,118,Unhealthy for Sensitive Groups,2,30.3,51,0.0,6.5,87,1009.7,72,19.2,19.8,271.0,5.8,158.0,11.3
2026-02-09 18:00:00,2026,2,9,18,An Giang,Xã Giồng Riềng,9.9237413,105.2736878,133,Unhealthy for Sensitive Groups,2,28.1,61,0.0,6.6,77,1010.2,55,22.9,23.5,289.0,10.1,141.0,13.4
2026-02-09 19:00:00,2026,2,9,19,An Giang,Xã Giồng Riềng,9.9237413,105.2736878,138,Unhealthy for Sensitive Groups,2,26.6,70,0.0,6.0,65,1011.1,0,36.1,36.8,308.0,17.4,116.0,15.0
2026-02-09 20:00:00,2026,2,9,20,An Giang,Xã Giồng Riềng,9.9237413,105.2736878,133,Unhealthy for Sensitive Groups,2,25.8,74,0.0,4.2,50,1012.2,0,45.2,45.9,330.0,17.7,105.0,15.3
2026-02-09 21:00:00,2026,2,9,21,An Giang,Xã Giồng Riềng,9.9237413,105.2736878,123,Unhealthy for Sensitive Groups,2,25.8,73,0.0,1.1,81,1012.5,0,46.0,46.6,353.0,18.1,90.0,15.7
2026-02-09 22:00:00,2026,2,9,22,An Giang,Xã Giồng Riềng,9.9237413,105.2736878,106,Unhealthy for Sensitive Groups,2,24.2,79,0.0,10.6,190,1012.4,0,38.3,39.2,365.0,18.2,76.0,15.2
2026-02-09 23:00:00,2026,2,9,23,An Giang,Xã Giồng Riềng,9.9237413,105.2736878,86,Moderate,1,23.5,87,0.0,7.8,173,1012.4,0,31.0,32.1,356.0,17.2,66.0,13.1
2026-02-10 00:00:00,2026,2,10,0,An Giang,Xã Giồng Riềng,9.9237413,105.2736878,79,Moderate,1,23.1,90,0.0,8.3,160,1012.2,0,27.3,29.1,335.0,15.8,58.0,10.2
2026-02-10 01:00:00,2026,2,10,1,An Giang,Xã Giồng Riềng,9.9237413,105.2736878,80,Moderate,1,22.6,94,0.0,6.9,152,1012.0,0,26.0,27.8,317.0,15.7,51.0,8.2
2026-02-10 02:00:00,2026,2,10,2,An Giang,Xã Giồng Riềng,9.9237413,105.2736878,81,Moderate,1,22.3,95,0.0,6.1,140,1011.7,0,26.7,28.8,302.0,18.3,44.0,8.0
2026-02-10 03:00:00,2026,2,10,3,An Giang,Xã Giồng Riềng,9.9237413,105.2736878,82,Moderate,1,21.8,97,0.0,4.2,133,1011.5,0,30.4,32.6,290.0,22.3,38.0,8.7
2026-02-10 04:00:00,2026,2,10,4,An Giang,Xã Giồng Riềng,9.9237413,105.2736878,83,Moderate,1,21.6,97,0.0,0.3,315,1011.4,0,36.1,38.5,293.0,25.3,33.0,9.2
2026-02-10 05:00:00,2026,2,10,5,An Giang,Xã Giồng Riềng,9.9237413,105.2736878,84,Moderate,1,21.3,98,0.0,0.5,360,1011.8,0,43.8,46.3,328.0,27.2,25.0,8.8
2026-02-10 06:00:00,2026,2,10,6,An Giang,Xã Giồng Riềng,9.9237413,105.2736878,85,Moderate,1,21.2,98,0.0,0.3,315,1012.5,18,51.9,54.2,378.0,28.2,19.0,8.1
2026-02-10 07:00:00,2026,2,10,7,An Giang,Xã Giồng Riềng,9.9237413,105.2736878,87,Moderate,1,21.6,99,0.0,3.9,227,1013.1,98,54.6,57.0,401.0,28.3,22.0,7.3
2026-02-10 08:00:00,2026,2,10,8,An Giang,Xã Giồng Riềng,9.9237413,105.2736878,89,Moderate,1,24.6,87,0.0,3.3,202,1013.7,6,37.7,42.1,371.0,21.3,54.0,7.8
2026-02-10 09:00:00,2026,2,10,9,An Giang,Xã Giồng Riềng,9.9237413,105.2736878,89,Moderate,1,26.8,78,0.0,2.8,165,1014.2,22,28.6,34.3,315.0,11.8,98.0,8.5
2026-02-10 10:00:00,2026,2,10,10,An Giang,Xã Giồng Riềng,9.9237413,105.2736878,90,Moderate,1,28.5,67,0.0,3.7,137,1014.2,52,24.9,30.3,271.0,4.5,133.0,8.9
2026-02-10 11:00:00,2026,2,10,11,An Giang,Xã Giồng Riềng,9.9237413,105.2736878,90,Moderate,1,29.8,62,0.0,4.6,111,1013.4,29,21.4,23.4,257.0,1.9,149.0,8.7
2026-02-10 12:00:00,2026,2,10,12,An Giang,Xã Giồng Riềng,9.9237413,105.2736878,90,Moderate,1,30.5,58,0.0,3.1,77,1012.3,30,22.0,23.5,256.0,1.7,155.0,8.3
2026-02-10 13:00:00,2026,2,10,13,An Giang,Xã Giồng Riềng,9.9237413,105.2736878,91,Moderate,1,31.0,53,0.0,3.0,52,1011.6,98,22.8,24.0,256.0,1.8,157.0,8.0
2026-02-10 14:00:00,2026,2,10,14,An Giang,Xã Giồng Riềng,9.9237413,105.2736878,91,Moderate,1,31.9,51,0.0,3.9,53,1010.8,100,23.1,24.3,251.0,1.5,158.0,7.9
2026-02-10 15:00:00,2026,2,10,15,An Giang,Xã Giồng Riềng,9.9237413,105.2736878,91,Moderate,1,32.0,49,0.0,4.1,67,1010.2,100,23.2,24.4,247.0,1.6,155.0,7.9
2026-02-10 16:00:00,2026,2,10,16,An Giang,Xã Giồng Riềng,9.9237413,105.2736878,92,Moderate,1,31.9,49,0.0,5.8,99,1009.8,100,24.2,25.4,251.0,2.5,150.0,8.7
2026-02-10 17:00:00,2026,2,10,17,An Giang,Xã Giồng Riềng,9.9237413,105.2736878,112,Unhealthy for Sensitive Groups,2,30.9,55,0.0,8.5,115,1009.9,32,26.4,27.7,271.0,5.0,143.0,11.2
2026-02-10 18:00:00,2026,2,10,18,An Giang,Xã Giồng Riềng,9.9237413,105.2736878,122,Unhealthy for Sensitive Groups,2,29.1,62,0.0,7.7,115,1010.8,34,30.5,31.7,300.0,8.4,134.0,14.5
2026-02-10 19:00:00,2026,2,10,19,An Giang,Xã Giồng Riềng,9.9237413,105.2736878,122,Unhealthy for Sensitive Groups,2,27.6,69,0.0,4.7,137,1011.8,100,37.5,38.5,320.0,12.0,106.0,14.1
2026-02-10 20:00:00,2026,2,10,20,An Giang,Xã Giồng Riềng,9.9237413,105.2736878,113,Unhealthy for Sensitive Groups,2,27.1,71,0.0,5.2,149,1012.7,50,38.9,39.7,325.0,12.5,96.0,13.4
2026-02-10 21:00:00,2026,2,10,21,An Giang,Xã Giồng Riềng,9.9237413,105.2736878,100,Moderate,1,26.8,73,0.0,8.0,174,1013.6,34,36.9,37.6,321.0,13.2,82.0,12.4
2026-02-10 22:00:00,2026,2,10,22,An Giang,Xã Giồng Riềng,9.9237413,105.2736878,92,Moderate,1,26.2,77,0.0,8.0,170,1013.8,45,32.9,33.9,309.0,13.4,70.0,11.2
2026-02-10 23:00:00,2026,2,10,23,An Giang,Xã Giồng Riềng,9.9237413,105.2736878,92,Moderate,1,25.2,81,0.0,5.7,162,1014.1,75,25.7,26.6,287.0,12.7,62.0,9.7
2026-02-11 00:00:00,2026,2,11,0,An Giang,Xã Giồng Riềng,9.9237413,105.2736878,91,Moderate,1,24.7,82,0.0,6.7,142,1013.8,97,18.8,20.1,258.0,11.4,57.0,8.1
2026-02-11 01:00:00,2026,2,11,1,An Giang,Xã Giồng Riềng,9.9237413,105.2736878,91,Moderate,1,24.6,84,0.0,6.0,127,1013.6,99,13.1,14.2,231.0,10.3,54.0,6.8
2026-02-11 02:00:00,2026,2,11,2,An Giang,Xã Giồng Riềng,9.9237413,105.2736878,89,Moderate,1,24.8,82,0.0,8.1,102,1013.5,100,9.3,10.0,208.0,9.5,54.0,6.0
2026-02-11 03:00:00,2026,2,11,3,An Giang,Xã Giồng Riềng,9.9237413,105.2736878,88,Moderate,1,25.0,81,0.0,10.7,106,1013.2,100,7.7,8.3,188.0,8.8,57.0,5.4
2026-02-11 04:00:00,2026,2,11,4,An Giang,Xã Giồng Riềng,9.9237413,105.2736878,86,Moderate,1,24.9,81,0.0,12.0,118,1013.0,100,7.2,7.7,178.0,8.5,59.0,5.2
2026-02-11 05:00:00,2026,2,11,5,An Giang,Xã Giồng Riềng,9.9237413,105.2736878,83,Moderate,1,24.6,81,0.1,16.1,101,1013.5,100,7.1,7.8,185.0,9.0,58.0,5.4
2026-02-11 06:00:00,2026,2,11,6,An Giang,Xã Giồng Riềng,9.9237413,105.2736878,80,Moderate,1,24.2,84,0.2,14.7,98,1014.2,100,10.5,11.7,203.0,10.0,57.0,6.0
2026-02-11 07:00:00,2026,2,11,7,An Giang,Xã Giồng Riềng,9.9237413,105.2736878,76,Moderate,1,24.5,88,1.0,13.6,83,1014.7,100,8.8,9.7,216.0,8.5,63.0,5.6
2026-02-11 08:00:00,2026,2,11,8,An Giang,Xã Giồng Riềng,9.9237413,105.2736878,72,Moderate,1,25.2,86,0.0,11.1,70,1015.6,100,9.5,10.6,219.0,7.6,70.0,6.4
2026-02-11 09:00:00,2026,2,11,9,An Giang,Xã Giồng Riềng,9.9237413,105.2736878,70,Moderate,1,26.5,81,0.0,12.8,79,1016.0,100,10.8,12.7,218.0,6.3,80.0,7.4
2026-02-11 10:00:00,2026,2,11,10,An Giang,Xã Giồng Riềng,9.9237413,105.2736878,68,Moderate,1,28.3,73,0.0,16.1,83,1016.2,100,12.0,14.8,215.0,5.0,90.0,8.0
2026-02-11 11:00:00,2026,2,11,11,An Giang,Xã Giồng Riềng,9.9237413,105.2736878,67,Moderate,1,29.5,68,0.0,16.6,78,1015.2,100,12.3,15.4,210.0,3.8,102.0,7.7
2026-02-11 12:00:00,2026,2,11,12,An Giang,Xã Giồng Riềng,9.9237413,105.2736878,66,Moderate,1,30.4,65,0.0,16.6,70,1013.9,96,10.3,12.5,204.0,2.6,114.0,6.9
2026-02-11 13:00:00,2026,2,11,13,An Giang,Xã Giồng Riềng,9.9237413,105.2736878,65,Moderate,1,29.5,65,0.0,21.3,62,1013.4,100,9.2,10.3,202.0,1.9,123.0,6.4
2026-02-11 14:00:00,2026,2,11,14,An Giang,Xã Giồng Riềng,9.9237413,105.2736878,64,Moderate,1,28.4,77,1.5,10.3,79,1012.6,47,9.4,9.9,206.0,1.6,128.0,6.3
2026-02-11 15:00:00,2026,2,11,15,An Giang,Xã Giồng Riềng,9.9237413,105.2736878,63,Moderate,1,27.1,77,2.0,16.8,74,1012.2,95,10.1,10.6,214.0,1.8,130.0,6.4
2026-02-11 16:00:00,2026,2,11,16,An Giang,Xã Giồng Riềng,9.9237413,105.2736878,62,Moderate,1,25.9,86,0.4,12.0,30,1011.8,63,10.1,10.5,229.0,2.7,127.0,6.8
2026-02-11 17:00:00,2026,2,11,17,An Giang,Xã Giồng Riềng,9.9237413,105.2736878,60,Moderate,1,26.2,87,0.0,10.0,60,1011.9,40,10.7,11.1,263.0,4.9,116.0,7.9
2026-02-11 18:00:00,2026,2,11,18,An Giang,Xã Giồng Riềng,9.9237413,105.2736878,64,Moderate,1,25.9,87,0.0,10.4,81,1012.3,91,12.0,12.3,305.0,7.8,101.0,9.4
2026-02-11 19:00:00,2026,2,11,19,An Giang,Xã Giồng Riềng,9.9237413,105.2736878,67,Moderate,1,25.6,84,0.0,8.8,91,1012.6,98,11.8,13.2,323.0,8.6,78.0,8.8
2026-02-11 20:00:00,2026,2,11,20,An Giang,Xã Giồng Riềng,9.9237413,105.2736878,62,Moderate,1,25.5,85,0.0,9.8,85,1013.0,48,11.7,13.1,296.0,8.9,74.0,8.6
2026-02-11 21:00:00,2026,2,11,21,An Giang,Xã Giồng Riềng,9.9237413,105.2736878,53,Moderate,1,25.3,86,0.0,10.5,86,1013.4,77,11.5,12.9,246.0,9.3,68.0,8.4
2026-02-11 22:00:00,2026,2,11,22,An Giang,Xã Giồng Riềng,9.9237413,105.2736878,50,Good,0,25.0,87,0.0,10.4,104,1013.7,56,11.6,12.9,206.0,9.6,63.0,8.0
2026-02-11 23:00:00,2026,2,11,23,An Giang,Xã Giồng Riềng,9.9237413,105.2736878,47,Good,0,24.8,88,0.0,11.5,112,1013.4,71,11.6,13.0,192.0,9.7,62.0,7.5
2026-02-12 00:00:00,2026,2,12,0,An Giang,Xã Giồng Riềng,9.9237413,105.2736878,45,Good,0,24.5,88,0.0,10.9,114,1013.3,96,11.6,13.0,188.0,9.7,62.0,6.9
2026-02-12 01:00:00,2026,2,12,1,An Giang,Xã Giồng Riềng,9.9237413,105.2736878,43,Good,0,24.2,89,0.0,10.0,120,1012.7,98,11.8,13.2,185.0,9.8,62.0,6.4
2026-02-12 02:00:00,2026,2,12,2,An Giang,Xã Giồng Riềng,9.9237413,105.2736878,43,Good,0,24.0,89,0.0,9.0,128,1012.4,99,12.0,13.5,177.0,10.1,60.0,6.1
2026-02-12 03:00:00,2026,2,12,3,An Giang,Xã Giồng Riềng,9.9237413,105.2736878,44,Good,0,23.9,89,0.0,8.5,126,1012.1,83,12.2,13.8,171.0,10.6,57.0,5.9
2026-02-12 04:00:00,2026,2,12,4,An Giang,Xã Giồng Riềng,9.9237413,105.2736878,44,Good,0,23.5,91,0.0,7.9,123,1011.9,69,12.5,14.1,170.0,10.9,55.0,5.9
2026-02-12 05:00:00,2026,2,12,5,An Giang,Xã Giồng Riềng,9.9237413,105.2736878,45,Good,0,23.4,91,0.0,9.0,120,1012.2,82,12.7,14.3,181.0,11.4,52.0,6.0
2026-02-12 06:00:00,2026,2,12,6,An Giang,Xã Giồng Riềng,9.9237413,105.2736878,46,Good,0,23.1,92,0.0,7.1,111,1012.4,98,12.8,14.4,199.0,11.8,49.0,6.3
2026-02-12 07:00:00,2026,2,12,7,An Giang,Xã Giồng Riềng,9.9237413,105.2736878,47,Good,0,23.8,89,0.0,9.0,113,1013.5,100,14.3,16.1,211.0,13.1,45.0,7.3
2026-02-12 08:00:00,2026,2,12,8,An Giang,Xã Giồng Riềng,9.9237413,105.2736878,48,Good,0,25.6,82,0.0,9.7,108,1014.2,100,13.2,15.5,211.0,10.6,58.0,7.8
2026-02-12 09:00:00,2026,2,12,9,An Giang,Xã Giồng Riềng,9.9237413,105.2736878,48,Good,0,27.2,75,0.0,14.0,103,1015.0,84,12.3,15.0,204.0,7.2,77.0,8.4
2026-02-12 10:00:00,2026,2,12,10,An Giang,Xã Giồng Riềng,9.9237413,105.2736878,49,Good,0,28.5,71,0.0,14.5,95,1014.8,80,13.3,16.5,199.0,4.5,94.0,8.8
2026-02-12 11:00:00,2026,2,12,11,An Giang,Xã Giồng Riềng,9.9237413,105.2736878,49,Good,0,30.0,64,0.0,14.4,82,1014.1,89,13.1,15.3,196.0,3.1,110.0,8.8
2026-02-12 12:00:00,2026,2,12,12,An Giang,Xã Giồng Riềng,9.9237413,105.2736878,49,Good,0,30.6,59,0.0,14.8,77,1012.9,66,12.8,13.7,195.0,2.4,125.0,8.5
2026-02-12 13:00:00,2026,2,12,13,An Giang,Xã Giồng Riềng,9.9237413,105.2736878,49,Good,0,31.0,59,0.2,15.1,75,1012.2,100,14.0,14.8,195.0,2.1,134.0,8.0
2026-02-12 14:00:00,2026,2,12,14,An Giang,Xã Giồng Riềng,9.9237413,105.2736878,50,Good,0,31.0,58,0.0,13.6,79,1010.8,100,13.8,14.5,196.0,1.7,134.0,7.0
2026-02-12 15:00:00,2026,2,12,15,An Giang,Xã Giồng Riềng,9.9237413,105.2736878,50,Good,0,28.8,64,0.4,10.5,83,1010.6,100,13.8,14.4,199.0,1.6,127.0,5.9
2026-02-12 16:00:00,2026,2,12,16,An Giang,Xã Giồng Riềng,9.9237413,105.2736878,51,Moderate,1,30.0,62,0.0,8.8,92,1010.0,100,14.6,15.2,208.0,2.7,119.0,5.7
2026-02-12 17:00:00,2026,2,12,17,An Giang,Xã Giồng Riềng,9.9237413,105.2736878,62,Moderate,1,29.1,65,0.0,7.2,86,1010.4,86,18.6,19.3,230.0,6.0,110.0,7.3
2026-02-12 18:00:00,2026,2,12,18,An Giang,Xã Giồng Riềng,9.9237413,105.2736878,69,Moderate,1,27.8,77,0.0,2.7,23,1010.9,99,20.4,21.1,258.0,10.4,99.0,9.7
2026-02-12 19:00:00,2026,2,12,19,An Giang,Xã Giồng Riềng,9.9237413,105.2736878,70,Moderate,1,26.8,81,0.0,4.5,355,1011.1,45,28.2,29.3,273.0,10.8,91.0,10.3
2026-02-12 20:00:00,2026,2,12,20,An Giang,Xã Giồng Riềng,9.9237413,105.2736878,66,Moderate,1,26.5,83,0.0,3.9,124,1011.8,100,27.0,27.8,262.0,11.2,82.0,10.2
2026-02-12 21:00:00,2026,2,12,21,An Giang,Xã Giồng Riềng,9.9237413,105.2736878,57,Moderate,1,26.1,76,0.0,10.7,130,1012.9,100,23.5,24.7,237.0,11.7,69.0,10.0
2026-02-12 22:00:00,2026,2,12,22,An Giang,Xã Giồng Riềng,9.9237413,105.2736878,57,Moderate,1,25.5,77,0.0,9.6,127,1013.2,98,20.6,22.6,216.0,11.9,60.0,9.5
2026-02-12 23:00:00,2026,2,12,23,An Giang,Xã Giồng Riềng,9.9237413,105.2736878,57,Moderate,1,24.9,77,0.0,12.9,127,1013.0,100,18.0,20.2,207.0,11.4,57.0,8.5
2026-02-13 00:00:00,2026,2,13,0,An Giang,Xã Giồng Riềng,9.9237413,105.2736878,58,Moderate,1,24.6,75,0.0,12.4,129,1012.5,97,16.2,18.4,202.0,10.7,58.0,7.3
2026-02-13 01:00:00,2026,2,13,1,An Giang,Xã Giồng Riềng,9.9237413,105.2736878,58,Moderate,1,24.3,77,0.0,8.8,123,1012.1,100,15.3,17.3,199.0,10.2,59.0,6.3
2026-02-13 02:00:00,2026,2,13,2,An Giang,Xã Giồng Riềng,9.9237413,105.2736878,59,Moderate,1,24.2,78,0.0,8.7,120,1011.2,98,14.8,16.8,195.0,10.3,59.0,5.8
2026-02-13 03:00:00,2026,2,13,3,An Giang,Xã Giồng Riềng,9.9237413,105.2736878,59,Moderate,1,23.8,82,0.0,7.1,96,1010.9,100,14.6,16.6,193.0,10.7,58.0,5.6
2026-02-13 04:00:00,2026,2,13,4,An Giang,Xã Giồng Riềng,9.9237413,105.2736878,59,Moderate,1,23.4,85,0.0,6.1,71,1010.6,100,14.8,16.8,195.0,11.4,57.0,5.6
2026-02-13 05:00:00,2026,2,13,5,An Giang,Xã Giồng Riềng,9.9237413,105.2736878,59,Moderate,1,23.0,87,0.0,4.9,73,1010.6,100,15.4,17.3,205.0,12.8,53.0,6.0
2026-02-13 06:00:00,2026,2,13,6,An Giang,Xã Giồng Riềng,9.9237413,105.2736878,60,Moderate,1,22.8,89,0.0,4.0,69,1010.5,96,15.9,17.8,219.0,14.4,47.0,6.7
2026-02-13 07:00:00,2026,2,13,7,An Giang,Xã Giồng Riềng,9.9237413,105.2736878,60,Moderate,1,23.4,83,0.0,8.6,100,1011.3,27,15.7,17.5,228.0,11.6,55.0,6.7
2026-02-13 08:00:00,2026,2,13,8,An Giang,Xã Giồng Riềng,9.9237413,105.2736878,60,Moderate,1,25.6,76,0.0,7.9,106,1011.7,68,15.1,17.5,227.0,9.7,65.0,7.2
2026-02-13 09:00:00,2026,2,13,9,An Giang,Xã Giồng Riềng,9.9237413,105.2736878,60,Moderate,1,27.4,71,0.0,12.7,106,1012.4,100,14.4,17.4,222.0,7.1,80.0,7.9
2026-02-13 10:00:00,2026,2,13,10,An Giang,Xã Giồng Riềng,9.9237413,105.2736878,60,Moderate,1,29.0,65,0.0,12.5,98,1012.1,91,15.0,18.6,218.0,4.9,94.0,8.4
2026-02-13 11:00:00,2026,2,13,11,An Giang,Xã Giồng Riềng,9.9237413,105.2736878,60,Moderate,1,30.5,58,0.0,12.1,91,1011.4,100,14.5,16.8,221.0,3.6,107.0,8.3
2026-02-13 12:00:00,2026,2,13,12,An Giang,Xã Giồng Riềng,9.9237413,105.2736878,61,Moderate,1,31.1,57,0.0,11.9,86,1010.4,100,15.1,16.3,226.0,2.7,120.0,8.0
2026-02-13 13:00:00,2026,2,13,13,An Giang,Xã Giồng Riềng,9.9237413,105.2736878,61,Moderate,1,31.0,58,0.0,11.0,94,1010.0,100,15.7,16.6,227.0,2.3,127.0,7.7
2026-02-13 14:00:00,2026,2,13,14,An Giang,Xã Giồng Riềng,9.9237413,105.2736878,61,Moderate,1,31.4,56,0.0,8.9,111,1009.0,99,15.1,16.0,220.0,2.2,126.0,7.5
2026-02-13 15:00:00,2026,2,13,15,An Giang,Xã Giồng Riềng,9.9237413,105.2736878,61,Moderate,1,31.7,54,0.0,8.9,122,1008.5,100,13.7,14.5,210.0,2.5,120.0,7.4
2026-02-13 16:00:00,2026,2,13,16,An Giang,Xã Giồng Riềng,9.9237413,105.2736878,61,Moderate,1,31.5,54,0.0,8.3,112,1008.4,100,12.0,13.0,204.0,3.3,112.0,7.4
2026-02-13 17:00:00,2026,2,13,17,An Giang,Xã Giồng Riềng,9.9237413,105.2736878,61,Moderate,1,31.1,55,0.0,8.0,98,1008.9,100,10.9,12.0,206.0,4.9,100.0,7.5
2026-02-13 18:00:00,2026,2,13,18,An Giang,Xã Giồng Riềng,9.9237413,105.2736878,60,Moderate,1,29.6,60,0.0,8.1,111,1009.9,100,10.9,12.8,212.0,7.0,86.0,7.7
2026-02-13 19:00:00,2026,2,13,19,An Giang,Xã Giồng Riềng,9.9237413,105.2736878,59,Moderate,1,28.1,62,0.0,14.3,127,1010.8,100,19.0,20.6,218.0,9.2,84.0,8.9
2026-02-13 20:00:00,2026,2,13,20,An Giang,Xã Giồng Riềng,9.9237413,105.2736878,58,Moderate,1,26.8,66,0.0,13.1,126,1011.9,100,21.8,24.6,223.0,10.0,76.0,9.0
2026-02-13 21:00:00,2026,2,13,21,An Giang,Xã Giồng Riềng,9.9237413,105.2736878,58,Moderate,1,25.9,71,0.0,10.9,119,1012.5,100,20.4,23.2,227.0,11.1,66.0,9.2
2026-02-13 22:00:00,2026,2,13,22,An Giang,Xã Giồng Riềng,9.9237413,105.2736878,58,Moderate,1,25.2,75,0.0,8.2,126,1012.9,100,18.0,20.5,228.0,11.9,58.0,9.0
2026-02-13 23:00:00,2026,2,13,23,An Giang,Xã Giồng Riềng,9.9237413,105.2736878,57,Moderate,1,24.6,79,0.0,4.9,147,1012.6,93,16.9,19.4,222.0,11.9,56.0,8.3
2026-02-14 00:00:00,2026,2,14,0,An Giang,Xã Giồng Riềng,9.9237413,105.2736878,57,Moderate,1,23.9,83,0.0,4.7,162,1011.9,98,16.1,18.6,213.0,11.5,56.0,7.3
2026-02-14 01:00:00,2026,2,14,1,An Giang,Xã Giồng Riềng,9.9237413,105.2736878,57,Moderate,1,23.7,87,0.0,4.1,165,1011.4,86,16.0,18.6,207.0,11.7,56.0,6.5
2026-02-14 02:00:00,2026,2,14,2,An Giang,Xã Giồng Riềng,9.9237413,105.2736878,57,Moderate,1,23.7,87,0.0,2.7,203,1010.7,80,16.3,18.9,207.0,12.7,54.0,6.1
2026-02-14 03:00:00,2026,2,14,3,An Giang,Xã Giồng Riềng,9.9237413,105.2736878,58,Moderate,1,23.2,89,0.0,2.8,207,1010.2,84,17.8,20.4,210.0,14.2,51.0,5.9
2026-02-14 04:00:00,2026,2,14,4,An Giang,Xã Giồng Riềng,9.9237413,105.2736878,58,Moderate,1,23.0,90,0.0,3.2,214,1009.8,29,21.7,24.5,214.0,16.4,48.0,6.3
2026-02-14 05:00:00,2026,2,14,5,An Giang,Xã Giồng Riềng,9.9237413,105.2736878,58,Moderate,1,22.6,92,0.0,3.6,229,1009.9,77,26.8,30.0,220.0,21.0,42.0,8.0
2026-02-14 06:00:00,2026,2,14,6,An Giang,Xã Giồng Riềng,9.9237413,105.2736878,59,Moderate,1,22.3,93,0.0,2.5,270,1010.4,100,32.8,36.3,227.0,26.3,36.0,10.2
2026-02-14 07:00:00,2026,2,14,7,An Giang,Xã Giồng Riềng,9.9237413,105.2736878,61,Moderate,1,23.5,87,0.0,5.2,158,1011.1,95,43.1,46.9,230.0,30.1,36.0,12.6
2026-02-14 08:00:00,2026,2,14,8,An Giang,Xã Giồng Riềng,9.9237413,105.2736878,63,Moderate,1,25.9,76,0.0,7.1,139,1012.1,100,21.4,25.7,224.0,22.8,55.0,11.8
2026-02-14 09:00:00,2026,2,14,9,An Giang,Xã Giồng Riềng,9.9237413,105.2736878,64,Moderate,1,27.7,67,0.0,10.7,119,1012.5,92,18.3,22.8,214.0,12.7,81.0,10.7
2026-02-14 10:00:00,2026,2,14,10,An Giang,Xã Giồng Riềng,9.9237413,105.2736878,64,Moderate,1,29.0,63,0.0,10.4,108,1012.5,100,18.9,23.9,204.0,5.1,105.0,9.8
2026-02-14 11:00:00,2026,2,14,11,An Giang,Xã Giồng Riềng,9.9237413,105.2736878,65,Moderate,1,30.5,58,0.0,13.1,97,1012.1,100,19.0,23.4,196.0,2.5,123.0,9.4
2026-02-14 12:00:00,2026,2,14,12,An Giang,Xã Giồng Riềng,9.9237413,105.2736878,65,Moderate,1,31.4,54,0.1,12.7,82,1010.7,100,18.1,19.7,189.0,2.3,138.0,9.3
2026-02-14 13:00:00,2026,2,14,13,An Giang,Xã Giồng Riềng,9.9237413,105.2736878,65,Moderate,1,32.0,58,0.1,13.6,83,1010.3,73,20.0,21.4,186.0,2.5,149.0,9.1
2026-02-14 14:00:00,2026,2,14,14,An Giang,Xã Giồng Riềng,9.9237413,105.2736878,66,Moderate,1,32.5,52,0.0,14.1,86,1008.6,100,21.9,23.2,190.0,2.1,156.0,8.7
2026-02-14 15:00:00,2026,2,14,15,An Giang,Xã Giồng Riềng,9.9237413,105.2736878,66,Moderate,1,25.8,87,5.3,7.2,65,1008.7,98,23.2,24.3,197.0,2.1,160.0,8.2
2026-02-14 16:00:00,2026,2,14,16,An Giang,Xã Giồng Riềng,9.9237413,105.2736878,72,Moderate,1,28.7,79,0.0,4.8,45,1008.4,100,24.2,25.3,204.0,2.9,157.0,8.2
2026-02-14 17:00:00,2026,2,14,17,An Giang,Xã Giồng Riềng,9.9237413,105.2736878,94,Moderate,1,28.9,75,0.1,5.5,23,1008.8,99,27.6,28.8,208.0,5.0,145.0,9.0
2026-02-14 18:00:00,2026,2,14,18,An Giang,Xã Giồng Riềng,9.9237413,105.2736878,108,Unhealthy for Sensitive Groups,2,27.2,84,0.0,3.8,349,1009.5,97,24.8,25.6,211.0,8.0,126.0,10.1
2026-02-14 19:00:00,2026,2,14,19,An Giang,Xã Giồng Riềng,9.9237413,105.2736878,112,Unhealthy for Sensitive Groups,2,26.0,88,0.0,5.9,14,1009.7,100,56.0,58.6,213.0,13.8,113.0,13.2
2026-02-14 20:00:00,2026,2,14,20,An Giang,Xã Giồng Riềng,9.9237413,105.2736878,110,Unhealthy for Sensitive Groups,2,25.6,91,0.0,4.0,39,1010.5,99,57.7,59.4,212.0,17.5,95.0,14.1
2026-02-14 21:00:00,2026,2,14,21,An Giang,Xã Giồng Riềng,9.9237413,105.2736878,101,Unhealthy for Sensitive Groups,2,25.0,93,0.0,2.9,47,1011.1,100,61.9,63.8,211.0,22.6,70.0,15.3
2026-02-14 22:00:00,2026,2,14,22,An Giang,Xã Giồng Riềng,9.9237413,105.2736878,84,Moderate,1,24.7,92,0.0,3.6,96,1011.6,100,62.4,64.3,211.0,25.6,51.0,15.6
2026-02-14 23:00:00,2026,2,14,23,An Giang,Xã Giồng Riềng,9.9237413,105.2736878,85,Moderate,1,24.5,84,0.0,5.1,144,1011.3,100,52.9,54.4,217.0,24.6,44.0,14.2
2026-02-15 00:00:00,2026,2,15,0,An Giang,Xã Giồng Riềng,9.9237413,105.2736878,88,Moderate,1,24.2,81,0.0,6.0,159,1011.0,100,44.9,46.2,226.0,21.5,44.0,11.9
2026-02-15 01:00:00,2026,2,15,1,An Giang,Xã Giồng Riềng,9.9237413,105.2736878,91,Moderate,1,24.0,84,0.0,7.8,146,1010.6,100,38.5,39.9,229.0,19.1,43.0,10.0
2026-02-15 02:00:00,2026,2,15,2,An Giang,Xã Giồng Riềng,9.9237413,105.2736878,93,Moderate,1,23.6,86,0.0,5.6,155,1010.1,100,32.1,33.4,220.0,18.1,40.0,8.7
2026-02-15 03:00:00,2026,2,15,3,An Giang,Xã Giồng Riềng,9.9237413,105.2736878,94,Moderate,1,23.1,89,0.0,4.3,158,1009.7,100,26.9,28.2,204.0,17.7,37.0,7.7
2026-02-15 04:00:00,2026,2,15,4,An Giang,Xã Giồng Riềng,9.9237413,105.2736878,95,Moderate,1,22.9,90,0.0,4.8,149,1009.7,99,25.7,27.7,197.0,18.2,34.0,7.3
2026-02-15 05:00:00,2026,2,15,5,An Giang,Xã Giồng Riềng,9.9237413,105.2736878,95,Moderate,1,23.0,88,0.0,6.6,133,1009.8,98,27.4,29.3,206.0,20.9,28.0,7.9
2026-02-15 06:00:00,2026,2,15,6,An Giang,Xã Giồng Riềng,9.9237413,105.2736878,95,Moderate,1,23.0,87,0.0,5.5,117,1010.2,23,31.5,33.6,223.0,24.4,21.0,9.0
2026-02-15 07:00:00,2026,2,15,7,An Giang,Xã Giồng Riềng,9.9237413,105.2736878,95,Moderate,1,23.6,85,0.0,7.4,94,1011.1,100,22.6,25.2,233.0,20.0,39.0,8.1
2026-02-15 08:00:00,2026,2,15,8,An Giang,Xã Giồng Riềng,9.9237413,105.2736878,93,Moderate,1,25.0,80,0.0,6.9,84,1011.9,95,18.7,22.3,227.0,16.0,53.0,8.5
2026-02-15 09:00:00,2026,2,15,9,An Giang,Xã Giồng Riềng,9.9237413,105.2736878,93,Moderate,1,27.1,74,0.0,10.6,87,1012.2,59,17.5,21.6,213.0,10.5,73.0,9.0
2026-02-15 10:00:00,2026,2,15,10,An Giang,Xã Giồng Riềng,9.9237413,105.2736878,93,Moderate,1,28.9,69,0.0,12.5,72,1012.1,50,20.0,25.1,202.0,6.1,95.0,9.4
2026-02-15 11:00:00,2026,2,15,11,An Giang,Xã Giồng Riềng,9.9237413,105.2736878,93,Moderate,1,30.8,60,0.0,13.5,53,1011.2,100,21.5,25.9,198.0,3.9,120.0,9.5
2026-02-15 12:00:00,2026,2,15,12,An Giang,Xã Giồng Riềng,9.9237413,105.2736878,93,Moderate,1,31.6,58,0.0,12.8,61,1010.4,100,23.5,25.6,197.0,2.9,146.0,9.4
2026-02-15 13:00:00,2026,2,15,13,An Giang,Xã Giồng Riềng,9.9237413,105.2736878,94,Moderate,1,29.4,64,0.1,12.8,59,1010.3,98,27.6,29.6,199.0,2.3,164.0,9.4
2026-02-15 14:00:00,2026,2,15,14,An Giang,Xã Giồng Riềng,9.9237413,105.2736878,95,Moderate,1,30.0,65,0.0,9.7,51,1008.6,43,29.0,31.0,209.0,1.9,168.0,9.3
2026-02-15 15:00:00,2026,2,15,15,An Giang,Xã Giồng Riềng,9.9237413,105.2736878,95,Moderate,1,31.3,61,0.0,9.4,73,1007.8,84,30.0,31.8,223.0,2.0,164.0,9.2
2026-02-15 16:00:00,2026,2,15,16,An Giang,Xã Giồng Riềng,9.9237413,105.2736878,96,Moderate,1,26.5,83,5.9,18.0,146,1008.1,99,29.9,31.7,229.0,2.9,156.0,9.5
2026-02-15 17:00:00,2026,2,15,17,An Giang,Xã Giồng Riềng,9.9237413,105.2736878,98,Moderate,1,24.9,91,3.7,2.3,331,1008.1,89,29.8,31.4,220.0,5.1,146.0,10.5
2026-02-15 18:00:00,2026,2,15,18,An Giang,Xã Giồng Riềng,9.9237413,105.2736878,113,Unhealthy for Sensitive Groups,2,25.4,90,0.0,3.8,349,1008.4,81,31.9,33.2,204.0,8.0,132.0,11.9
2026-02-15 19:00:00,2026,2,15,19,An Giang,Xã Giồng Riềng,9.9237413,105.2736878,121,Unhealthy for Sensitive Groups,2,28.5,65,0.0,8.1,66,1008.7,100,36.0,37.3,191.0,10.4,115.0,13.0
2026-02-15 20:00:00,2026,2,15,20,An Giang,Xã Giồng Riềng,9.9237413,105.2736878,120,Unhealthy for Sensitive Groups,2,28.0,63,0.0,9.6,99,1009.6,91,32.7,33.9,188.0,10.2,100.0,11.7
2026-02-15 21:00:00,2026,2,15,21,An Giang,Xã Giồng Riềng,9.9237413,105.2736878,110,Unhealthy for Sensitive Groups,2,27.4,66,0.0,12.8,95,1010.3,96,23.4,24.6,188.0,9.9,79.0,10.0
2026-02-15 22:00:00,2026,2,15,22,An Giang,Xã Giồng Riềng,9.9237413,105.2736878,92,Moderate,1,26.4,70,0.0,11.4,95,1010.7,100,14.8,16.4,187.0,9.7,63.0,8.4
2026-02-15 23:00:00,2026,2,15,23,An Giang,Xã Giồng Riềng,9.9237413,105.2736878,86,Moderate,1,25.6,73,0.0,12.0,104,1010.7,98,11.5,12.9,182.0,9.5,55.0,7.3
2026-02-16 00:00:00,2026,2,16,0,An Giang,Xã Giồng Riềng,9.9237413,105.2736878,82,Moderate,1,25.2,75,0.0,13.0,109,1010.3,99,10.6,11.8,176.0,9.3,52.0,6.3
2026-02-16 01:00:00,2026,2,16,1,An Giang,Xã Giồng Riềng,9.9237413,105.2736878,79,Moderate,1,25.0,78,0.0,10.8,111,1010.0,80,10.6,11.8,170.0,9.2,50.0,5.6
2026-02-16 02:00:00,2026,2,16,2,An Giang,Xã Giồng Riềng,9.9237413,105.2736878,76,Moderate,1,25.0,77,0.0,11.5,115,1009.5,100,10.0,11.4,164.0,9.0,49.0,5.1
2026-02-16 03:00:00,2026,2,16,3,An Giang,Xã Giồng Riềng,9.9237413,105.2736878,74,Moderate,1,25.2,75,0.0,11.6,114,1008.8,100,10.2,11.7,159.0,8.8,49.0,4.8
2026-02-16 04:00:00,2026,2,16,4,An Giang,Xã Giồng Riềng,9.9237413,105.2736878,73,Moderate,1,25.0,76,0.0,10.4,107,1008.7,85,10.8,12.3,159.0,8.9,49.0,4.8
2026-02-16 05:00:00,2026,2,16,5,An Giang,Xã Giồng Riềng,9.9237413,105.2736878,72,Moderate,1,24.5,78,0.0,7.8,99,1009.0,100,11.7,13.2,168.0,9.9,46.0,5.2
2026-02-16 06:00:00,2026,2,16,6,An Giang,Xã Giồng Riềng,9.9237413,105.2736878,70,Moderate,1,24.8,75,0.0,8.1,90,1009.5,98,12.7,14.2,181.0,11.2,42.0,5.8
2026-02-16 07:00:00,2026,2,16,7,An Giang,Xã Giồng Riềng,9.9237413,105.2736878,69,Moderate,1,24.8,79,0.0,7.6,86,1010.3,98,15.9,18.3,190.0,10.7,46.0,6.3
2026-02-16 08:00:00,2026,2,16,8,An Giang,Xã Giồng Riềng,9.9237413,105.2736878,68,Moderate,1,26.6,72,0.0,9.2,92,1011.4,100,15.0,17.7,191.0,8.6,55.0,6.5
2026-02-16 09:00:00,2026,2,16,9,An Giang,Xã Giồng Riềng,9.9237413,105.2736878,68,Moderate,1,28.3,66,0.0,14.2,91,1011.7,100,14.0,17.1,187.0,5.8,68.0,6.8
2026-02-16 10:00:00,2026,2,16,10,An Giang,Xã Giồng Riềng,9.9237413,105.2736878,67,Moderate,1,29.9,60,0.0,16.0,91,1011.9,100,13.8,17.1,182.0,3.5,79.0,6.8
2026-02-16 11:00:00,2026,2,16,11,An Giang,Xã Giồng Riềng,9.9237413,105.2736878,67,Moderate,1,31.2,53,0.0,17.3,88,1011.4,100,12.5,14.9,175.0,2.3,86.0,6.3
2026-02-16 12:00:00,2026,2,16,12,An Giang,Xã Giồng Riềng,9.9237413,105.2736878,66,Moderate,1,32.2,49,0.0,16.9,88,1010.2,38,10.9,12.2,167.0,1.7,91.0,5.6
2026-02-16 13:00:00,2026,2,16,13,An Giang,Xã Giồng Riềng,9.9237413,105.2736878,65,Moderate,1,32.6,47,0.0,17.3,90,1009.5,19,9.4,10.5,160.0,1.4,94.0,5.1
2026-02-16 14:00:00,2026,2,16,14,An Giang,Xã Giồng Riềng,9.9237413,105.2736878,63,Moderate,1,32.5,46,0.0,17.5,91,1008.1,28,8.1,9.0,156.0,1.3,96.0,4.9
2026-02-16 15:00:00,2026,2,16,15,An Giang,Xã Giồng Riềng,9.9237413,105.2736878,61,Moderate,1,32.3,47,0.0,16.4,94,1007.3,24,7.6,8.4,153.0,1.4,95.0,4.9
2026-02-16 16:00:00,2026,2,16,16,An Giang,Xã Giồng Riềng,9.9237413,105.2736878,59,Moderate,1,32.0,48,0.0,16.9,90,1007.1,13,7.3,8.1,154.0,2.1,93.0,5.2
2026-02-16 17:00:00,2026,2,16,17,An Giang,Xã Giồng Riềng,9.9237413,105.2736878,57,Moderate,1,31.0,53,0.0,14.9,89,1006.9,65,7.2,7.9,161.0,3.7,88.0,5.9
2026-02-16 18:00:00,2026,2,16,18,An Giang,Xã Giồng Riềng,9.9237413,105.2736878,55,Moderate,1,29.5,59,0.0,12.3,100,1007.1,52,8.3,9.3,171.0,5.8,80.0,6.8
2026-02-16 19:00:00,2026,2,16,19,An Giang,Xã Giồng Riềng,9.9237413,105.2736878,53,Moderate,1,28.5,62,0.0,11.4,113,1007.6,0,11.7,12.8,178.0,7.6,73.0,7.6
2026-02-16 20:00:00,2026,2,16,20,An Giang,Xã Giồng Riềng,9.9237413,105.2736878,51,Moderate,1,28.0,65,0.0,12.8,112,1008.5,80,11.7,13.1,180.0,8.1,68.0,7.7
2026-02-16 21:00:00,2026,2,16,21,An Giang,Xã Giồng Riềng,9.9237413,105.2736878,49,Good,0,27.2,70,0.0,13.9,113,1008.8,95,11.2,12.4,180.0,8.8,61.0,7.9
2026-02-16 22:00:00,2026,2,16,22,An Giang,Xã Giồng Riềng,9.9237413,105.2736878,46,Good,0,26.5,72,0.0,13.9,104,1009.2,96,11.1,12.3,177.0,9.2,56.0,7.8
2026-02-16 23:00:00,2026,2,16,23,An Giang,Xã Giồng Riềng,9.9237413,105.2736878,46,Good,0,25.9,73,0.0,14.2,108,1009.5,95,10.9,12.1,172.0,9.1,54.0,7.2
2026-02-17 00:00:00,2026,2,17,0,An Giang,Xã Giồng Riềng,9.9237413,105.2736878,46,Good,0,25.5,75,0.0,14.1,109,1009.4,64,10.3,11.6,165.0,8.7,53.0,6.3
2026-02-17 01:00:00,2026,2,17,1,An Giang,Xã Giồng Riềng,9.9237413,105.2736878,46,Good,0,25.1,79,0.0,12.5,120,1009.5,70,10.1,11.5,159.0,8.3,52.0,5.5
2026-02-17 02:00:00,2026,2,17,2,An Giang,Xã Giồng Riềng,9.9237413,105.2736878,46,Good,0,25.0,79,0.0,12.1,115,1009.0,24,10.1,11.7,155.0,8.1,51.0,5.0
2026-02-17 03:00:00,2026,2,17,3,An Giang,Xã Giồng Riềng,9.9237413,105.2736878,46,Good,0,24.9,80,0.0,12.2,107,1008.5,47,10.3,11.9,151.0,7.9,49.0,4.6
2026-02-17 04:00:00,2026,2,17,4,An Giang,Xã Giồng Riềng,9.9237413,105.2736878,46,Good,0,24.7,81,0.0,12.3,105,1008.6,100,10.5,12.1,151.0,7.8,48.0,4.5
2026-02-17 05:00:00,2026,2,17,5,An Giang,Xã Giồng Riềng,9.9237413,105.2736878,46,Good,0,24.5,80,0.0,12.6,104,1008.8,98,10.7,12.4,157.0,8.2,46.0,4.8
2026-02-17 06:00:00,2026,2,17,6,An Giang,Xã Giồng Riềng,9.9237413,105.2736878,45,Good,0,24.4,79,0.0,12.3,102,1009.3,98,11.0,12.7,166.0,8.8,45.0,5.3
2026-02-17 07:00:00,2026,2,17,7,An Giang,Xã Giồng Riềng,9.9237413,105.2736878,45,Good,0,25.0,78,0.0,15.0,100,1010.2,97,12.3,14.2,172.0,8.3,48.0,5.6
2026-02-17 08:00:00,2026,2,17,8,An Giang,Xã Giồng Riềng,9.9237413,105.2736878,44,Good,0,26.8,71,0.0,15.5,99,1011.1,99,12.9,15.2,174.0,6.8,57.0,5.9
2026-02-17 09:00:00,2026,2,17,9,An Giang,Xã Giồng Riềng,9.9237413,105.2736878,44,Good,0,28.5,64,0.0,18.4,100,1012.0,100,13.0,15.8,172.0,4.6,69.0,6.3
2026-02-17 10:00:00,2026,2,17,10,An Giang,Xã Giồng Riềng,9.9237413,105.2736878,44,Good,0,30.1,57,0.0,20.3,96,1012.0,100,13.4,16.5,170.0,2.9,80.0,6.4
2026-02-17 11:00:00,2026,2,17,11,An Giang,Xã Giồng Riềng,9.9237413,105.2736878,44,Good,0,31.4,54,0.0,20.7,91,1011.4,100,12.9,15.9,166.0,2.0,88.0,6.0
2026-02-17 12:00:00,2026,2,17,12,An Giang,Xã Giồng Riềng,9.9237413,105.2736878,44,Good,0,32.3,48,0.0,21.4,90,1010.3,99,11.9,14.8,160.0,1.6,95.0,5.3
2026-02-17 13:00:00,2026,2,17,13,An Giang,Xã Giồng Riềng,9.9237413,105.2736878,44,Good,0,32.7,45,0.0,21.2,91,1009.8,100,10.9,13.6,155.0,1.4,99.0,4.8
2026-02-17 14:00:00,2026,2,17,14,An Giang,Xã Giồng Riềng,9.9237413,105.2736878,44,Good,0,32.5,44,0.0,21.1,91,1008.7,100,10.3,12.8,150.0,1.3,101.0,4.6
2026-02-17 15:00:00,2026,2,17,15,An Giang,Xã Giồng Riềng,9.9237413,105.2736878,45,Good,0,32.1,44,0.0,21.8,94,1008.1,89,10.1,12.6,146.0,1.4,100.0,4.5
2026-02-17 16:00:00,2026,2,17,16,An Giang,Xã Giồng Riềng,9.9237413,105.2736878,45,Good,0,31.4,44,0.0,21.6,92,1007.8,90,10.1,12.6,145.0,1.9,96.0,4.6
2026-02-17 17:00:00,2026,2,17,17,An Giang,Xã Giồng Riềng,9.9237413,105.2736878,46,Good,0,30.4,49,0.0,18.7,98,1008.3,100,10.1,12.6,148.0,3.2,88.0,5.1
2026-02-17 18:00:00,2026,2,17,18,An Giang,Xã Giồng Riềng,9.9237413,105.2736878,46,Good,0,28.9,55,0.0,15.1,110,1008.7,99,10.4,12.6,154.0,5.0,77.0,5.8
2026-02-17 19:00:00,2026,2,17,19,An Giang,Xã Giồng Riềng,9.9237413,105.2736878,47,Good,0,27.7,60,0.0,16.0,120,1009.4,98,12.3,13.9,159.0,7.2,67.0,7.0
2026-02-17 20:00:00,2026,2,17,20,An Giang,Xã Giồng Riềng,9.9237413,105.2736878,47,Good,0,27.0,63,0.0,14.4,116,1010.3,100,13.2,14.9,162.0,7.9,63.0,7.2
2026-02-17 21:00:00,2026,2,17,21,An Giang,Xã Giồng Riềng,9.9237413,105.2736878,47,Good,0,26.3,66,0.0,13.9,113,1011.2,100,13.5,15.2,164.0,8.9,58.0,7.5
2026-02-17 22:00:00,2026,2,17,22,An Giang,Xã Giồng Riềng,9.9237413,105.2736878,47,Good,0,25.9,67,0.0,13.6,105,1011.7,100,13.6,15.3,165.0,9.6,54.0,7.5
2026-02-17 23:00:00,2026,2,17,23,An Giang,Xã Giồng Riềng,9.9237413,105.2736878,48,Good,0,25.5,67,0.0,12.3,104,1011.8,100,13.3,15.0,163.0,9.6,52.0,7.1
2026-02-18 00:00:00,2026,2,18,0,An Giang,Xã Giồng Riềng,9.9237413,105.2736878,48,Good,0,25.1,67,0.0,10.6,105,1011.7,100,12.8,14.5,160.0,9.3,51.0,6.3
2026-02-18 01:00:00,2026,2,18,1,An Giang,Xã Giồng Riềng,9.9237413,105.2736878,49,Good,0,25.0,68,0.0,11.6,103,1011.2,100,12.3,14.0,156.0,9.0,50.0,5.7
2026-02-18 02:00:00,2026,2,18,2,An Giang,Xã Giồng Riềng,9.9237413,105.2736878,49,Good,0,25.0,68,0.0,13.4,105,1010.8,100,11.7,13.2,151.0,8.6,48.0,5.1
2026-02-18 03:00:00,2026,2,18,3,An Giang,Xã Giồng Riềng,9.9237413,105.2736878,49,Good,0,25.0,70,0.0,15.4,107,1010.3,98,11.1,12.6,145.0,8.1,46.0,4.6
2026-02-18 04:00:00,2026,2,18,4,An Giang,Xã Giồng Riềng,9.9237413,105.2736878,49,Good,0,24.8,71,0.0,14.4,98,1010.2,100,10.7,12.1,144.0,7.9,44.0,4.4
2026-02-18 05:00:00,2026,2,18,5,An Giang,Xã Giồng Riềng,9.9237413,105.2736878,49,Good,0,24.4,72,0.0,12.8,87,1010.2,100,10.4,11.7,150.0,8.5,41.0,4.6
2026-02-18 06:00:00,2026,2,18,6,An Giang,Xã Giồng Riềng,9.9237413,105.2736878,49,Good,0,23.9,74,0.0,11.1,83,1011.0,100,10.5,11.8,159.0,9.5,38.0,5.1
2026-02-18 07:00:00,2026,2,18,7,An Giang,Xã Giồng Riềng,9.9237413,105.2736878,49,Good,0,24.5,77,0.0,11.3,82,1011.8,100,13.9,15.7,169.0,8.8,42.0,5.8
2026-02-18 08:00:00,2026,2,18,8,An Giang,Xã Giồng Riềng,9.9237413,105.2736878,50,Good,0,26.4,71,0.0,11.4,75,1012.3,99,15.0,17.1,180.0,8.0,49.0,7.0
2026-02-18 09:00:00,2026,2,18,9,An Giang,Xã Giồng Riềng,9.9237413,105.2736878,50,Good,0,28.2,64,0.0,14.5,73,1012.8,100,15.5,18.3,192.0,6.9,59.0,8.5
2026-02-18 10:00:00,2026,2,18,10,An Giang,Xã Giồng Riềng,9.9237413,105.2736878,50,Good,0,30.0,56,0.0,17.3,78,1013.1,100,16.8,20.2,196.0,5.7,70.0,9.4
2026-02-18 11:00:00,2026,2,18,11,An Giang,Xã Giồng Riềng,9.9237413,105.2736878,50,Good,0,31.5,49,0.0,21.1,79,1012.5,100,17.0,19.8,186.0,4.3,85.0,9.0
2026-02-18 12:00:00,2026,2,18,12,An Giang,Xã Giồng Riềng,9.9237413,105.2736878,51,Moderate,1,32.7,45,0.0,20.2,78,1011.1,100,15.6,17.2,168.0,2.8,101.0,7.9
2026-02-18 13:00:00,2026,2,18,13,An Giang,Xã Giồng Riềng,9.9237413,105.2736878,51,Moderate,1,33.0,44,0.0,21.3,86,1010.9,100,15.3,16.7,154.0,1.8,112.0,6.9
2026-02-18 14:00:00,2026,2,18,14,An Giang,Xã Giồng Riềng,9.9237413,105.2736878,52,Moderate,1,33.0,43,0.0,20.7,90,1009.9,100,14.5,15.8,147.0,1.4,115.0,6.3
2026-02-18 15:00:00,2026,2,18,15,An Giang,Xã Giồng Riềng,9.9237413,105.2736878,52,Moderate,1,32.6,43,0.0,22.0,95,1009.4,89,13.5,14.8,144.0,1.4,112.0,5.8
2026-02-18 16:00:00,2026,2,18,16,An Giang,Xã Giồng Riềng,9.9237413,105.2736878,52,Moderate,1,32.2,43,0.0,22.0,94,1008.9,92,13.1,14.3,146.0,2.1,107.0,5.8
2026-02-18 17:00:00,2026,2,18,17,An Giang,Xã Giồng Riềng,9.9237413,105.2736878,52,Moderate,1,31.0,47,0.0,19.3,93,1008.8,91,13.4,14.5,155.0,3.9,100.0,6.5
2026-02-18 18:00:00,2026,2,18,18,An Giang,Xã Giồng Riềng,9.9237413,105.2736878,53,Moderate,1,29.5,52,0.0,15.3,102,1009.2,98,14.2,15.1,168.0,6.4,91.0,7.6
2026-02-18 19:00:00,2026,2,18,19,An Giang,Xã Giồng Riềng,9.9237413,105.2736878,53,Moderate,1,28.5,58,0.0,13.7,103,1009.8,98,12.3,12.9,179.0,8.5,81.0,8.3
2026-02-18 20:00:00,2026,2,18,20,An Giang,Xã Giồng Riềng,9.9237413,105.2736878,53,Moderate,1,27.8,63,0.0,12.9,99,1010.7,98,13.0,14.6,185.0,8.6,76.0,8.0
2026-02-18 21:00:00,2026,2,18,21,An Giang,Xã Giồng Riềng,9.9237413,105.2736878,53,Moderate,1,27.0,67,0.0,16.0,102,1011.3,52,13.6,15.4,189.0,8.7,68.0,7.6
2026-02-18 22:00:00,2026,2,18,22,An Giang,Xã Giồng Riềng,9.9237413,105.2736878,53,Moderate,1,26.5,68,0.0,18.1,107,1011.8,100,14.8,16.5,192.0,8.8,62.0,7.1
2026-02-18 23:00:00,2026,2,18,23,An Giang,Xã Giồng Riềng,9.9237413,105.2736878,53,Moderate,1,26.3,68,0.0,20.0,109,1012.1,99,15.4,17.1,193.0,8.7,60.0,6.6
2026-02-19 00:00:00,2026,2,19,0,An Giang,Xã Giồng Riềng,9.9237413,105.2736878,53,Moderate,1,26.1,69,0.0,19.5,108,1011.9,97,15.0,16.7,192.0,8.6,59.0,6.0
2026-02-19 01:00:00,2026,2,19,1,An Giang,Xã Giồng Riềng,9.9237413,105.2736878,54,Moderate,1,25.9,72,0.0,15.9,95,1011.4,99,14.3,15.8,193.0,8.8,58.0,5.6
2026-02-19 02:00:00,2026,2,19,2,An Giang,Xã Giồng Riềng,9.9237413,105.2736878,54,Moderate,1,25.5,74,0.0,14.2,88,1011.3,98,13.6,14.9,196.0,9.3,56.0,5.4
2026-02-19 03:00:00,2026,2,19,3,An Giang,Xã Giồng Riềng,9.9237413,105.2736878,54,Moderate,1,25.2,75,0.0,13.9,86,1011.1,91,13.4,14.5,200.0,10.0,53.0,5.5
2026-02-19 04:00:00,2026,2,19,4,An Giang,Xã Giồng Riềng,9.9237413,105.2736878,54,Moderate,1,24.8,78,0.0,11.7,80,1011.1,91,13.8,14.7,207.0,11.2,49.0,5.9
2026-02-19 05:00:00,2026,2,19,5,An Giang,Xã Giồng Riềng,9.9237413,105.2736878,54,Moderate,1,24.5,79,0.0,11.2,80,1011.6,100,15.0,15.8,219.0,13.7,42.0,6.9
2026-02-19 06:00:00,2026,2,19,6,An Giang,Xã Giồng Riềng,9.9237413,105.2736878,55,Moderate,1,24.2,80,0.0,9.8,72,1012.2,100,17.1,17.9,234.0,16.6,33.0,8.4
2026-02-19 07:00:00,2026,2,19,7,An Giang,Xã Giồng Riềng,9.9237413,105.2736878,55,Moderate,1,24.6,82,0.0,10.2,66,1013.3,99,14.7,16.1,244.0,12.2,49.0,7.4
2026-02-19 08:00:00,2026,2,19,8,An Giang,Xã Giồng Riềng,9.9237413,105.2736878,55,Moderate,1,26.5,75,0.0,10.7,70,1014.0,100,15.2,16.9,246.0,10.5,59.0,8.2
2026-02-19 09:00:00,2026,2,19,9,An Giang,Xã Giồng Riềng,9.9237413,105.2736878,56,Moderate,1,28.4,67,0.0,13.5,76,1014.4,99,14.8,17.2,244.0,8.1,73.0,9.3
2026-02-19 10:00:00,2026,2,19,10,An Giang,Xã Giồng Riềng,9.9237413,105.2736878,55,Moderate,1,29.9,60,0.0,13.6,75,1014.3,99,15.4,18.3,239.0,6.0,87.0,9.9
2026-02-19 11:00:00,2026,2,19,11,An Giang,Xã Giồng Riềng,9.9237413,105.2736878,55,Moderate,1,31.2,54,0.0,12.6,79,1013.9,99,15.0,16.9,231.0,4.3,102.0,9.5
2026-02-19 12:00:00,2026,2,19,12,An Giang,Xã Giồng Riềng,9.9237413,105.2736878,55,Moderate,1,32.3,49,0.0,14.3,85,1013.0,91,14.1,15.1,221.0,2.9,118.0,8.7
2026-02-19 13:00:00,2026,2,19,13,An Giang,Xã Giồng Riềng,9.9237413,105.2736878,55,Moderate,1,32.3,50,0.0,15.2,94,1012.7,2,13.4,14.2,209.0,2.0,128.0,7.9
2026-02-19 14:00:00,2026,2,19,14,An Giang,Xã Giồng Riềng,9.9237413,105.2736878,55,Moderate,1,32.7,47,0.0,14.9,101,1011.6,29,11.9,12.6,193.0,1.5,130.0,7.3
2026-02-19 15:00:00,2026,2,19,15,An Giang,Xã Giồng Riềng,9.9237413,105.2736878,55,Moderate,1,32.7,41,0.0,17.6,101,1011.0,97,11.1,11.7,175.0,1.5,128.0,6.8
2026-02-19 16:00:00,2026,2,19,16,An Giang,Xã Giồng Riềng,9.9237413,105.2736878,54,Moderate,1,32.0,41,0.0,16.7,102,1010.5,90,10.6,11.1,168.0,2.2,122.0,6.6
2026-02-19 17:00:00,2026,2,19,17,An Giang,Xã Giồng Riềng,9.9237413,105.2736878,55,Moderate,1,31.0,45,0.0,13.7,104,1010.5,60,10.9,11.4,179.0,4.2,113.0,7.1
2026-02-19 18:00:00,2026,2,19,18,An Giang,Xã Giồng Riềng,9.9237413,105.2736878,64,Moderate,1,29.0,49,0.0,9.6,110,1010.9,25,11.9,12.4,200.0,6.9,102.0,8.0
2026-02-19 19:00:00,2026,2,19,19,An Giang,Xã Giồng Riềng,9.9237413,105.2736878,67,Moderate,1,28.2,55,0.0,9.6,118,1011.3,98,14.9,15.8,216.0,9.0,91.0,8.7
2026-02-19 20:00:00,2026,2,19,20,An Giang,Xã Giồng Riềng,9.9237413,105.2736878,65,Moderate,1,27.7,61,0.0,11.3,115,1012.4,88,15.4,16.9,220.0,9.4,84.0,8.5
2026-02-19 21:00:00,2026,2,19,21,An Giang,Xã Giồng Riềng,9.9237413,105.2736878,58,Moderate,1,27.0,65,0.0,13.5,104,1013.2,52,15.6,17.3,219.0,9.9,75.0,8.3
2026-02-19 22:00:00,2026,2,19,22,An Giang,Xã Giồng Riềng,9.9237413,105.2736878,54,Moderate,1,26.5,66,0.0,13.2,101,1013.7,99,15.7,17.4,216.0,10.3,68.0,7.9
2026-02-19 23:00:00,2026,2,19,23,An Giang,Xã Giồng Riềng,9.9237413,105.2736878,54,Moderate,1,26.1,67,0.0,13.5,106,1013.6,77,15.3,17.0,212.0,10.3,65.0,7.3
2026-02-20 00:00:00,2026,2,20,0,An Giang,Xã Giồng Riềng,9.9237413,105.2736878,54,Moderate,1,25.8,69,0.0,12.6,112,1013.4,69,14.5,16.2,206.0,10.1,64.0,6.6
2026-02-20 01:00:00,2026,2,20,1,An Giang,Xã Giồng Riềng,9.9237413,105.2736878,54,Moderate,1,25.4,73,0.0,10.1,109,1012.9,92,14.3,16.0,201.0,10.4,62.0,6.1
2026-02-20 02:00:00,2026,2,20,2,An Giang,Xã Giồng Riềng,9.9237413,105.2736878,54,Moderate,1,25.1,74,0.0,10.4,101,1012.6,77,15.0,16.6,196.0,11.4,59.0,6.0
2026-02-20 03:00:00,2026,2,20,3,An Giang,Xã Giồng Riềng,9.9237413,105.2736878,55,Moderate,1,24.9,74,0.0,9.6,99,1012.3,77,16.3,17.9,193.0,13.0,55.0,6.2
2026-02-20 04:00:00,2026,2,20,4,An Giang,Xã Giồng Riềng,9.9237413,105.2736878,55,Moderate,1,24.5,76,0.0,8.3,91,1012.1,68,18.2,19.7,196.0,14.9,50.0,6.8
2026-02-20 05:00:00,2026,2,20,5,An Giang,Xã Giồng Riềng,9.9237413,105.2736878,55,Moderate,1,23.9,79,0.0,5.6,65,1012.3,98,21.1,22.6,210.0,18.2,40.0,8.0
2026-02-20 06:00:00,2026,2,20,6,An Giang,Xã Giồng Riềng,9.9237413,105.2736878,56,Moderate,1,23.4,83,0.0,7.1,15,1013.4,100,25.4,27.1,230.0,22.0,29.0,9.6
2026-02-20 07:00:00,2026,2,20,7,An Giang,Xã Giồng Riềng,9.9237413,105.2736878,56,Moderate,1,23.7,83,0.0,7.2,22,1013.9,96,34.9,37.1,250.0,26.3,30.0,12.1
2026-02-20 08:00:00,2026,2,20,8,An Giang,Xã Giồng Riềng,9.9237413,105.2736878,58,Moderate,1,26.0,76,0.0,6.8,35,1014.7,47,35.3,38.8,272.0,21.3,57.0,13.3
2026-02-20 09:00:00,2026,2,20,9,An Giang,Xã Giồng Riềng,9.9237413,105.2736878,60,Moderate,1,27.9,69,0.0,9.2,47,1015.3,73,34.3,38.0,294.0,14.3,95.0,14.9
2026-02-20 10:00:00,2026,2,20,10,An Giang,Xã Giồng Riềng,9.9237413,105.2736878,62,Moderate,1,29.4,64,0.0,10.5,37,1015.1,2,31.5,32.8,304.0,8.6,127.0,15.5
2026-02-20 11:00:00,2026,2,20,11,An Giang,Xã Giồng Riềng,9.9237413,105.2736878,63,Moderate,1,30.8,58,0.1,11.0,35,1014.3,24,31.5,32.9,292.0,5.5,148.0,14.1
2026-02-20 12:00:00,2026,2,20,12,An Giang,Xã Giồng Riềng,9.9237413,105.2736878,65,Moderate,1,31.5,55,0.1,10.1,44,1013.4,17,30.6,32.1,267.0,3.6,163.0,11.8
2026-02-20 13:00:00,2026,2,20,13,An Giang,Xã Giồng Riềng,9.9237413,105.2736878,66,Moderate,1,31.8,52,0.1,8.8,62,1012.6,23,29.0,30.5,248.0,2.5,173.0,10.0
2026-02-20 14:00:00,2026,2,20,14,An Giang,Xã Giồng Riềng,9.9237413,105.2736878,67,Moderate,1,32.0,52,0.1,9.6,87,1011.5,29,27.8,29.3,240.0,1.8,176.0,9.3
2026-02-20 15:00:00,2026,2,20,15,An Giang,Xã Giồng Riềng,9.9237413,105.2736878,73,Moderate,1,31.8,52,0.0,10.3,91,1010.5,27,27.2,28.8,237.0,1.8,174.0,9.2
2026-02-20 16:00:00,2026,2,20,16,An Giang,Xã Giồng Riềng,9.9237413,105.2736878,103,Unhealthy for Sensitive Groups,2,31.6,51,0.0,9.2,88,1009.8,14,27.1,28.6,239.0,2.7,166.0,9.5
2026-02-20 17:00:00,2026,2,20,17,An Giang,Xã Giồng Riềng,9.9237413,105.2736878,126,Unhealthy for Sensitive Groups,2,31.1,52,0.0,7.1,83,1009.6,5,26.5,27.9,250.0,5.3,152.0,10.5
2026-02-20 18:00:00,2026,2,20,18,An Giang,Xã Giồng Riềng,9.9237413,105.2736878,139,Unhealthy for Sensitive Groups,2,29.4,64,0.0,3.8,45,1010.1,9,26.7,27.9,265.0,8.9,132.0,11.8
2026-02-20 19:00:00,2026,2,20,19,An Giang,Xã Giồng Riềng,9.9237413,105.2736878,140,Unhealthy for Sensitive Groups,2,28.0,67,0.0,4.7,47,1010.6,9,16.7,17.5,275.0,9.2,100.0,10.2
2026-02-20 20:00:00,2026,2,20,20,An Giang,Xã Giồng Riềng,9.9237413,105.2736878,129,Unhealthy for Sensitive Groups,2,27.5,64,0.0,11.4,117,1011.3,2,13.3,14.4,273.0,9.6,89.0,9.5
2026-02-20 21:00:00,2026,2,20,21,An Giang,Xã Giồng Riềng,9.9237413,105.2736878,114,Unhealthy for Sensitive Groups,2,26.2,68,0.0,9.5,123,1012.0,22,11.7,13.3,266.0,10.1,74.0,8.5
2026-02-20 22:00:00,2026,2,20,22,An Giang,Xã Giồng Riềng,9.9237413,105.2736878,93,Moderate,1,25.4,73,0.0,11.5,125,1012.2,0,12.9,14.6,256.0,10.5,64.0,7.7
2026-02-20 23:00:00,2026,2,20,23,An Giang,Xã Giồng Riềng,9.9237413,105.2736878,74,Moderate,1,24.6,78,0.0,11.1,132,1011.7,89,14.6,16.5,245.0,10.4,64.0,7.1
2026-02-21 00:00:00,2026,2,21,0,An Giang,Xã Giồng Riềng,9.9237413,105.2736878,74,Moderate,1,24.1,82,0.0,11.0,138,1011.5,100,15.7,17.6,231.0,10.3,68.0,6.7
2026-02-21 01:00:00,2026,2,21,1,An Giang,Xã Giồng Riềng,9.9237413,105.2736878,74,Moderate,1,23.7,85,0.0,9.1,122,1011.2,4,16.5,18.5,221.0,10.7,70.0,6.4
2026-02-21 02:00:00,2026,2,21,2,An Giang,Xã Giồng Riềng,9.9237413,105.2736878,74,Moderate,1,23.7,84,0.0,10.0,131,1010.8,1,17.4,19.3,213.0,11.9,68.0,6.3
2026-02-21 03:00:00,2026,2,21,3,An Giang,Xã Giồng Riềng,9.9237413,105.2736878,74,Moderate,1,23.5,82,0.0,8.6,120,1010.5,0,19.4,21.5,209.0,13.8,64.0,6.3
2026-02-21 04:00:00,2026,2,21,4,An Giang,Xã Giồng Riềng,9.9237413,105.2736878,75,Moderate,1,23.0,85,0.0,4.6,116,1010.5,0,23.5,26.0,211.0,16.5,59.0,6.9
2026-02-21 05:00:00,2026,2,21,5,An Giang,Xã Giồng Riềng,9.9237413,105.2736878,75,Moderate,1,22.6,87,0.0,4.0,126,1010.9,1,29.9,32.7,227.0,21.9,48.0,8.4
2026-02-21 06:00:00,2026,2,21,6,An Giang,Xã Giồng Riềng,9.9237413,105.2736878,76,Moderate,1,22.4,88,0.0,4.2,126,1011.1,0,38.2,41.1,250.0,28.1,36.0,10.5
2026-02-21 07:00:00,2026,2,21,7,An Giang,Xã Giồng Riềng,9.9237413,105.2736878,77,Moderate,1,23.4,85,0.0,3.4,205,1011.8,4,57.5,60.5,264.0,33.6,24.0,12.6
2026-02-21 08:00:00,2026,2,21,8,An Giang,Xã Giồng Riềng,9.9237413,105.2736878,79,Moderate,1,25.5,77,0.0,6.0,139,1012.3,91,26.7,30.9,262.0,25.7,45.0,12.4
2026-02-21 09:00:00,2026,2,21,9,An Giang,Xã Giồng Riềng,9.9237413,105.2736878,78,Moderate,1,27.2,72,0.0,8.9,118,1012.7,59,21.9,26.4,251.0,14.9,75.0,12.2
2026-02-21 10:00:00,2026,2,21,10,An Giang,Xã Giồng Riềng,9.9237413,105.2736878,77,Moderate,1,28.8,67,0.0,9.2,110,1012.6,5,23.1,28.4,240.0,6.5,102.0,11.8
2026-02-21 11:00:00,2026,2,21,11,An Giang,Xã Giồng Riềng,9.9237413,105.2736878,76,Moderate,1,30.1,59,0.0,5.9,102,1011.6,12,22.2,25.5,232.0,3.2,122.0,11.2
2026-02-21 12:00:00,2026,2,21,12,An Giang,Xã Giồng Riềng,9.9237413,105.2736878,76,Moderate,1,31.1,55,0.0,2.0,85,1010.3,13,23.3,25.1,224.0,2.4,139.0,10.4
2026-02-21 13:00:00,2026,2,21,13,An Giang,Xã Giồng Riềng,9.9237413,105.2736878,75,Moderate,1,31.3,53,0.0,1.9,29,1009.0,9,26.3,28.0,219.0,2.1,151.0,9.8
2026-02-21 14:00:00,2026,2,21,14,An Giang,Xã Giồng Riềng,9.9237413,105.2736878,75,Moderate,1,32.2,50,0.0,1.5,45,1007.7,44,28.1,29.8,218.0,1.6,158.0,9.4
2026-02-21 15:00:00,2026,2,21,15,An Giang,Xã Giồng Riềng,9.9237413,105.2736878,75,Moderate,1,32.3,49,0.0,0.9,79,1006.9,22,28.9,30.6,220.0,1.7,159.0,9.1
2026-02-21 16:00:00,2026,2,21,16,An Giang,Xã Giồng Riềng,9.9237413,105.2736878,75,Moderate,1,32.1,48,0.1,1.5,173,1006.5,41,29.0,30.6,224.0,2.7,154.0,8.8
2026-02-21 17:00:00,2026,2,21,17,An Giang,Xã Giồng Riềng,9.9237413,105.2736878,92,Moderate,1,31.4,51,0.0,4.2,211,1006.6,53,28.6,30.2,230.0,4.7,140.0,8.4
2026-02-21 18:00:00,2026,2,21,18,An Giang,Xã Giồng Riềng,9.9237413,105.2736878,106,Unhealthy for Sensitive Groups,2,29.1,62,0.0,6.4,254,1006.9,97,29.9,31.1,239.0,7.6,120.0,8.0
2026-02-21 19:00:00,2026,2,21,19,An Giang,Xã Giồng Riềng,9.9237413,105.2736878,110,Unhealthy for Sensitive Groups,2,28.0,70,0.0,11.3,237,1008.0,100,32.4,33.4,252.0,10.7,100.0,8.1
2026-02-21 20:00:00,2026,2,21,20,An Giang,Xã Giồng Riềng,9.9237413,105.2736878,105,Unhealthy for Sensitive Groups,2,27.4,72,0.0,6.6,206,1008.6,100,29.5,30.5,273.0,11.5,92.0,7.9
2026-02-21 21:00:00,2026,2,21,21,An Giang,Xã Giồng Riềng,9.9237413,105.2736878,95,Moderate,1,26.8,74,0.0,5.5,203,1009.2,74,29.3,30.6,298.0,12.6,80.0,7.7
2026-02-21 22:00:00,2026,2,21,22,An Giang,Xã Giồng Riềng,9.9237413,105.2736878,80,Moderate,1,25.8,78,0.0,6.1,194,1009.9,55,32.2,33.5,317.0,14.0,69.0,7.6
2026-02-21 23:00:00,2026,2,21,23,An Giang,Xã Giồng Riềng,9.9237413,105.2736878,82,Moderate,1,25.1,79,0.0,6.6,169,1009.9,24,33.3,34.3,326.0,15.6,59.0,7.7
2026-02-22 00:00:00,2026,2,22,0,An Giang,Xã Giồng Riềng,9.9237413,105.2736878,83,Moderate,1,24.2,81,0.0,5.3,168,1009.7,62,31.7,32.7,328.0,17.4,49.0,7.9
2026-02-22 01:00:00,2026,2,22,1,An Giang,Xã Giồng Riềng,9.9237413,105.2736878,85,Moderate,1,23.5,85,0.0,4.4,159,1008.7,95,31.2,32.2,328.0,19.8,40.0,8.1
2026-02-22 02:00:00,2026,2,22,2,An Giang,Xã Giồng Riềng,9.9237413,105.2736878,86,Moderate,1,23.1,87,0.0,4.1,142,1008.5,98,34.7,36.3,325.0,23.4,32.0,8.2
2026-02-22 03:00:00,2026,2,22,3,An Giang,Xã Giồng Riềng,9.9237413,105.2736878,87,Moderate,1,22.9,90,0.0,4.5,133,1008.6,100,39.1,40.9,319.0,27.5,25.0,8.2
2026-02-22 04:00:00,2026,2,22,4,An Giang,Xã Giồng Riềng,9.9237413,105.2736878,89,Moderate,1,22.6,93,0.0,4.0,126,1008.2,95,42.0,43.9,311.0,30.0,22.0,8.6
2026-02-22 05:00:00,2026,2,22,5,An Giang,Xã Giồng Riềng,9.9237413,105.2736878,91,Moderate,1,22.4,95,0.0,4.0,120,1008.5,53,42.0,44.1,303.0,30.3,23.0,9.6
2026-02-22 06:00:00,2026,2,22,6,An Giang,Xã Giồng Riềng,9.9237413,105.2736878,92,Moderate,1,22.1,96,0.0,4.1,113,1009.1,4,40.4,42.8,294.0,29.1,27.0,10.9
2026-02-22 07:00:00,2026,2,22,7,An Giang,Xã Giồng Riềng,9.9237413,105.2736878,92,Moderate,1,23.4,93,0.0,6.1,118,1009.9,23,42.6,46.6,282.0,25.8,37.0,11.4
2026-02-22 08:00:00,2026,2,22,8,An Giang,Xã Giồng Riềng,9.9237413,105.2736878,91,Moderate,1,25.5,82,0.0,9.0,120,1010.6,46,28.6,33.5,262.0,19.4,56.0,10.8
2026-02-22 09:00:00,2026,2,22,9,An Giang,Xã Giồng Riềng,9.9237413,105.2736878,91,Moderate,1,27.4,72,0.0,8.3,123,1010.9,20,23.2,28.3,239.0,10.6,84.0,9.9
2026-02-22 10:00:00,2026,2,22,10,An Giang,Xã Giồng Riềng,9.9237413,105.2736878,91,Moderate,1,29.0,64,0.0,4.5,124,1011.0,99,23.9,29.3,224.0,4.0,108.0,9.1
2026-02-22 11:00:00,2026,2,22,11,An Giang,Xã Giồng Riềng,9.9237413,105.2736878,91,Moderate,1,29.7,61,0.0,2.6,106,1010.2,32,26.5,29.0,224.0,1.7,126.0,8.5
2026-02-22 12:00:00,2026,2,22,12,An Giang,Xã Giồng Riềng,9.9237413,105.2736878,92,Moderate,1,30.8,57,0.1,3.0,73,1008.8,19,31.4,33.6,233.0,1.7,140.0,7.9
2026-02-22 13:00:00,2026,2,22,13,An Giang,Xã Giồng Riềng,9.9237413,105.2736878,92,Moderate,1,31.2,54,0.1,4.3,68,1007.8,20,34.0,36.0,242.0,1.9,150.0,7.5
2026-02-22 14:00:00,2026,2,22,14,An Giang,Xã Giồng Riềng,9.9237413,105.2736878,93,Moderate,1,32.0,51,0.0,4.8,75,1006.7,17,34.7,36.6,249.0,1.6,156.0,7.1
2026-02-22 15:00:00,2026,2,22,15,An Giang,Xã Giồng Riềng,9.9237413,105.2736878,94,Moderate,1,32.2,49,0.0,3.8,73,1005.9,16,34.0,35.7,255.0,1.6,158.0,6.9
2026-02-22 16:00:00,2026,2,22,16,An Giang,Xã Giồng Riềng,9.9237413,105.2736878,94,Moderate,1,31.8,50,0.0,1.3,82,1005.4,16,33.2,34.9,260.0,2.4,153.0,6.7
2026-02-22 17:00:00,2026,2,22,17,An Giang,Xã Giồng Riềng,9.9237413,105.2736878,95,Moderate,1,31.2,51,0.0,1.4,293,1005.6,34,31.9,33.5,262.0,3.9,139.0,6.5
2026-02-22 18:00:00,2026,2,22,18,An Giang,Xã Giồng Riềng,9.9237413,105.2736878,107,Unhealthy for Sensitive Groups,2,29.0,64,0.0,7.0,282,1006.3,27,30.6,32.0,262.0,6.2,119.0,6.4
2026-02-22 19:00:00,2026,2,22,19,An Giang,Xã Giồng Riềng,9.9237413,105.2736878,109,Unhealthy for Sensitive Groups,2,27.7,78,0.0,11.2,275,1006.8,34,30.6,32.0,263.0,9.9,92.0,6.4
2026-02-22 20:00:00,2026,2,22,20,An Giang,Xã Giồng Riềng,9.9237413,105.2736878,102,Unhealthy for Sensitive Groups,2,27.1,80,0.0,5.6,207,1007.7,20,27.8,28.9,268.0,10.9,83.0,6.4
2026-02-22 21:00:00,2026,2,22,21,An Giang,Xã Giồng Riềng,9.9237413,105.2736878,94,Moderate,1,26.5,79,0.1,9.3,171,1008.6,46,25.6,27.0,274.0,12.2,70.0,6.4
2026-02-22 22:00:00,2026,2,22,22,An Giang,Xã Giồng Riềng,9.9237413,105.2736878,94,Moderate,1,26.0,79,0.0,6.9,186,1008.8,5,28.7,30.2,275.0,13.3,59.0,6.4
2026-02-22 23:00:00,2026,2,22,23,An Giang,Xã Giồng Riềng,9.9237413,105.2736878,94,Moderate,1,25.4,83,0.0,5.9,169,1009.1,69,29.6,31.0,266.0,13.9,53.0,6.2
2026-02-23 00:00:00,2026,2,23,0,An Giang,Xã Giồng Riềng,9.9237413,105.2736878,93,Moderate,1,24.8,87,0.0,6.5,157,1009.2,97,29.9,31.3,253.0,14.2,50.0,6.0
2026-02-23 01:00:00,2026,2,23,1,An Giang,Xã Giồng Riềng,9.9237413,105.2736878,93,Moderate,1,24.4,92,0.0,7.3,142,1008.8,99,29.5,31.0,243.0,14.6,47.0,5.9
2026-02-23 02:00:00,2026,2,23,2,An Giang,Xã Giồng Riềng,9.9237413,105.2736878,93,Moderate,1,24.2,94,0.0,8.5,134,1008.5,99,28.8,30.4,240.0,15.4,42.0,6.0
2026-02-23 03:00:00,2026,2,23,3,An Giang,Xã Giồng Riềng,9.9237413,105.2736878,93,Moderate,1,24.1,95,0.0,7.7,139,1008.1,99,28.4,30.5,241.0,16.2,38.0,6.1
2026-02-23 04:00:00,2026,2,23,4,An Giang,Xã Giồng Riềng,9.9237413,105.2736878,92,Moderate,1,23.8,97,0.0,7.5,134,1007.8,99,28.8,31.3,242.0,16.6,35.0,6.0
2026-02-23 05:00:00,2026,2,23,5,An Giang,Xã Giồng Riềng,9.9237413,105.2736878,90,Moderate,1,23.5,98,0.0,6.7,110,1008.0,100,31.3,33.6,246.0,16.5,33.0,5.4
2026-02-23 06:00:00,2026,2,23,6,An Giang,Xã Giồng Riềng,9.9237413,105.2736878,90,Moderate,1,23.4,99,0.0,7.5,101,1009.0,100,35.9,38.1,250.0,16.0,33.0,4.6
2026-02-23 07:00:00,2026,2,23,7,An Giang,Xã Giồng Riềng,9.9237413,105.2736878,89,Moderate,1,24.5,94,0.0,10.7,113,1009.6,98,38.3,42.1,249.0,14.0,45.0,5.0
2026-02-23 08:00:00,2026,2,23,8,An Giang,Xã Giồng Riềng,9.9237413,105.2736878,89,Moderate,1,26.2,83,0.0,9.9,112,1010.8,36,27.0,32.7,236.0,11.1,57.0,5.5
2026-02-23 09:00:00,2026,2,23,9,An Giang,Xã Giồng Riềng,9.9237413,105.2736878,89,Moderate,1,28.1,70,0.0,10.7,113,1011.2,3,28.4,35.7,217.0,7.0,75.0,6.2
2026-02-23 10:00:00,2026,2,23,10,An Giang,Xã Giồng Riềng,9.9237413,105.2736878,89,Moderate,1,29.8,61,0.0,9.4,114,1011.4,46,25.8,31.3,206.0,3.9,93.0,6.7
2026-02-23 11:00:00,2026,2,23,11,An Giang,Xã Giồng Riềng,9.9237413,105.2736878,89,Moderate,1,30.8,59,0.0,8.3,114,1010.7,14,32.0,35.3,210.0,2.5,110.0,6.7
2026-02-23 12:00:00,2026,2,23,12,An Giang,Xã Giồng Riềng,9.9237413,105.2736878,90,Moderate,1,31.2,58,0.1,7.0,113,1009.6,86,36.8,39.8,221.0,2.1,127.0,6.4
2026-02-23 13:00:00,2026,2,23,13,An Giang,Xã Giồng Riềng,9.9237413,105.2736878,90,Moderate,1,31.2,57,0.0,7.5,123,1009.0,77,39.6,42.4,230.0,1.9,140.0,6.3
2026-02-23 14:00:00,2026,2,23,14,An Giang,Xã Giồng Riềng,9.9237413,105.2736878,91,Moderate,1,31.5,55,0.0,5.9,108,1007.8,98,39.8,42.4,232.0,1.6,147.0,6.6
2026-02-23 15:00:00,2026,2,23,15,An Giang,Xã Giồng Riềng,9.9237413,105.2736878,91,Moderate,1,31.6,53,0.1,6.5,84,1006.7,61,40.9,43.3,232.0,1.7,150.0,7.1
2026-02-23 16:00:00,2026,2,23,16,An Giang,Xã Giồng Riềng,9.9237413,105.2736878,92,Moderate,1,31.6,53,0.0,9.8,116,1006.4,25,38.1,40.4,235.0,2.8,146.0,7.7
2026-02-23 17:00:00,2026,2,23,17,An Giang,Xã Giồng Riềng,9.9237413,105.2736878,92,Moderate,1,30.1,58,0.0,9.4,168,1006.6,33,36.8,38.8,244.0,5.8,132.0,8.4
2026-02-23 18:00:00,2026,2,23,18,An Giang,Xã Giồng Riềng,9.9237413,105.2736878,93,Moderate,1,28.9,65,0.0,4.8,205,1006.9,30,36.1,37.7,256.0,9.8,113.0,9.1
2026-02-23 19:00:00,2026,2,23,19,An Giang,Xã Giồng Riềng,9.9237413,105.2736878,93,Moderate,1,27.9,72,0.0,6.8,215,1007.8,32,35.6,37.3,261.0,10.7,96.0,9.4
2026-02-23 20:00:00,2026,2,23,20,An Giang,Xã Giồng Riềng,9.9237413,105.2736878,94,Moderate,1,27.1,77,0.0,6.5,182,1008.3,16,32.1,33.5,252.0,11.1,84.0,9.3
2026-02-23 21:00:00,2026,2,23,21,An Giang,Xã Giồng Riềng,9.9237413,105.2736878,94,Moderate,1,26.4,77,0.0,7.9,141,1008.6,72,25.5,26.9,236.0,11.7,68.0,9.1
2026-02-23 22:00:00,2026,2,23,22,An Giang,Xã Giồng Riềng,9.9237413,105.2736878,94,Moderate,1,25.4,74,0.0,8.1,127,1009.2,62,20.7,22.9,225.0,12.2,56.0,8.9
2026-02-23 23:00:00,2026,2,23,23,An Giang,Xã Giồng Riềng,9.9237413,105.2736878,93,Moderate,1,24.5,77,0.0,7.2,112,1009.6,29,19.0,21.3,224.0,12.6,52.0,8.5
2026-02-24 00:00:00,2026,2,24,0,An Giang,Xã Giồng Riềng,9.9237413,105.2736878,92,Moderate,1,24.0,83,0.0,6.2,111,1009.4,55,18.7,21.2,226.0,12.9,51.0,8.0
2026-02-24 01:00:00,2026,2,24,1,An Giang,Xã Giồng Riềng,9.9237413,105.2736878,91,Moderate,1,23.6,88,0.0,6.9,113,1008.8,5,19.4,22.1,228.0,13.6,50.0,7.6
2026-02-24 02:00:00,2026,2,24,2,An Giang,Xã Giồng Riềng,9.9237413,105.2736878,90,Moderate,1,23.5,91,0.0,6.0,129,1008.5,7,21.0,23.7,225.0,15.0,47.0,7.4
2026-02-24 03:00:00,2026,2,24,3,An Giang,Xã Giồng Riềng,9.9237413,105.2736878,90,Moderate,1,23.2,94,0.0,5.9,137,1008.5,93,23.2,26.0,220.0,16.7,43.0,7.4
2026-02-24 04:00:00,2026,2,24,4,An Giang,Xã Giồng Riềng,9.9237413,105.2736878,89,Moderate,1,23.0,96,0.0,5.2,134,1008.7,99,25.1,27.9,219.0,18.0,41.0,7.5
2026-02-24 05:00:00,2026,2,24,5,An Giang,Xã Giồng Riềng,9.9237413,105.2736878,89,Moderate,1,23.0,97,0.0,6.3,125,1009.2,94,25.8,28.6,228.0,19.0,39.0,8.0
2026-02-24 06:00:00,2026,2,24,6,An Giang,Xã Giồng Riềng,9.9237413,105.2736878,88,Moderate,1,22.9,97,0.0,6.6,116,1009.9,91,26.3,29.1,241.0,19.6,38.0,8.6
2026-02-24 07:00:00,2026,2,24,7,An Giang,Xã Giồng Riềng,9.9237413,105.2736878,88,Moderate,1,23.6,94,0.0,7.2,118,1010.4,98,30.3,33.6,244.0,19.1,40.0,8.8
2026-02-24 08:00:00,2026,2,24,8,An Giang,Xã Giồng Riềng,9.9237413,105.2736878,87,Moderate,1,25.9,81,0.0,14.5,118,1011.1,100,23.5,27.9,228.0,14.5,54.0,8.1
2026-02-24 09:00:00,2026,2,24,9,An Giang,Xã Giồng Riềng,9.9237413,105.2736878,87,Moderate,1,27.5,72,0.0,14.7,119,1011.7,99,17.7,22.2,202.0,8.2,74.0,7.1
2026-02-24 10:00:00,2026,2,24,10,An Giang,Xã Giồng Riềng,9.9237413,105.2736878,86,Moderate,1,29.2,62,0.0,13.1,117,1012.0,100,16.8,21.2,184.0,3.4,90.0,6.3
2026-02-24 11:00:00,2026,2,24,11,An Giang,Xã Giồng Riềng,9.9237413,105.2736878,85,Moderate,1,30.4,57,0.0,11.2,111,1011.3,100,16.1,20.2,180.0,1.7,100.0,5.8
2026-02-24 12:00:00,2026,2,24,12,An Giang,Xã Giồng Riềng,9.9237413,105.2736878,83,Moderate,1,31.6,51,0.0,10.7,104,1010.1,99,14.8,17.5,184.0,1.5,107.0,5.4
2026-02-24 13:00:00,2026,2,24,13,An Giang,Xã Giồng Riềng,9.9237413,105.2736878,81,Moderate,1,31.6,52,0.0,9.9,100,1009.5,98,14.6,16.4,189.0,1.6,112.0,5.3
2026-02-24 14:00:00,2026,2,24,14,An Giang,Xã Giồng Riềng,9.9237413,105.2736878,79,Moderate,1,32.2,49,0.0,8.8,92,1008.2,92,15.5,16.9,192.0,1.4,118.0,5.4
2026-02-24 15:00:00,2026,2,24,15,An Giang,Xã Giồng Riềng,9.9237413,105.2736878,77,Moderate,1,32.2,49,0.0,9.4,92,1007.5,95,15.5,16.9,196.0,1.5,123.0,5.6
2026-02-24 16:00:00,2026,2,24,16,An Giang,Xã Giồng Riềng,9.9237413,105.2736878,75,Moderate,1,31.6,50,0.0,9.7,94,1007.1,99,15.4,16.7,207.0,2.4,122.0,6.2
2026-02-24 17:00:00,2026,2,24,17,An Giang,Xã Giồng Riềng,9.9237413,105.2736878,73,Moderate,1,30.9,52,0.0,8.6,91,1007.2,100,15.4,16.6,234.0,4.7,113.0,7.3
2026-02-24 18:00:00,2026,2,24,18,An Giang,Xã Giồng Riềng,9.9237413,105.2736878,71,Moderate,1,29.1,64,0.0,3.6,96,1007.6,100,16.4,17.5,268.0,7.9,98.0,8.6
2026-02-24 19:00:00,2026,2,24,19,An Giang,Xã Giồng Riềng,9.9237413,105.2736878,69,Moderate,1,28.0,68,0.0,4.2,78,1008.2,100,27.6,29.7,287.0,12.7,85.0,10.2
2026-02-24 20:00:00,2026,2,24,20,An Giang,Xã Giồng Riềng,9.9237413,105.2736878,68,Moderate,1,27.4,69,0.0,4.6,135,1008.9,100,26.5,28.3,278.0,13.5,75.0,10.6
2026-02-24 21:00:00,2026,2,24,21,An Giang,Xã Giồng Riềng,9.9237413,105.2736878,68,Moderate,1,26.5,75,0.0,10.5,187,1009.6,100,25.4,27.1,255.0,14.5,62.0,11.1
2026-02-24 22:00:00,2026,2,24,22,An Giang,Xã Giồng Riềng,9.9237413,105.2736878,68,Moderate,1,25.7,80,0.0,9.3,167,1010.8,100,25.0,26.7,235.0,15.2,51.0,11.2
2026-02-24 23:00:00,2026,2,24,23,An Giang,Xã Giồng Riềng,9.9237413,105.2736878,68,Moderate,1,25.4,81,0.0,9.2,154,1010.9,100,25.1,27.0,226.0,15.2,47.0,10.4
2026-02-25 00:00:00,2026,2,25,0,An Giang,Xã Giồng Riềng,9.9237413,105.2736878,69,Moderate,1,24.9,84,0.0,8.6,151,1010.8,100,24.4,26.6,219.0,14.8,45.0,9.2
2026-02-25 01:00:00,2026,2,25,1,An Giang,Xã Giồng Riềng,9.9237413,105.2736878,69,Moderate,1,24.5,89,0.0,6.9,152,1010.4,100,23.1,25.7,214.0,14.7,44.0,8.1
2026-02-25 02:00:00,2026,2,25,2,An Giang,Xã Giồng Riềng,9.9237413,105.2736878,70,Moderate,1,24.4,91,0.0,6.1,130,1009.9,84,22.4,25.1,207.0,15.4,42.0,7.4
2026-02-25 03:00:00,2026,2,25,3,An Giang,Xã Giồng Riềng,9.9237413,105.2736878,70,Moderate,1,24.0,95,0.0,6.9,127,1009.6,34,23.3,26.0,200.0,16.3,40.0,6.8
2026-02-25 04:00:00,2026,2,25,4,An Giang,Xã Giồng Riềng,9.9237413,105.2736878,70,Moderate,1,23.6,96,0.0,6.9,129,1009.9,80,25.7,28.4,198.0,16.9,40.0,6.6
2026-02-25 05:00:00,2026,2,25,5,An Giang,Xã Giồng Riềng,9.9237413,105.2736878,70,Moderate,1,23.5,97,0.0,5.8,120,1010.3,99,25.1,28.6,208.0,17.0,42.0,7.0
2026-02-25 06:00:00,2026,2,25,6,An Giang,Xã Giồng Riềng,9.9237413,105.2736878,70,Moderate,1,23.4,97,0.0,5.8,106,1010.9,100,26.1,29.1,223.0,16.7,45.0,7.7
2026-02-25 07:00:00,2026,2,25,7,An Giang,Xã Giồng Riềng,9.9237413,105.2736878,70,Moderate,1,24.0,95,0.0,6.7,74,1011.1,40,26.3,29.7,229.0,15.2,49.0,7.8
2026-02-25 08:00:00,2026,2,25,8,An Giang,Xã Giồng Riềng,9.9237413,105.2736878,69,Moderate,1,26.0,83,0.0,10.6,99,1011.5,99,22.8,26.8,213.0,11.9,58.0,7.8
2026-02-25 09:00:00,2026,2,25,9,An Giang,Xã Giồng Riềng,9.9237413,105.2736878,69,Moderate,1,27.6,73,0.0,10.8,105,1011.9,99,20.1,24.7,188.0,7.4,71.0,7.9
2026-02-25 10:00:00,2026,2,25,10,An Giang,Xã Giồng Riềng,9.9237413,105.2736878,70,Moderate,1,29.0,66,0.0,9.4,98,1011.7,100,20.4,25.3,175.0,3.9,85.0,8.0
2026-02-25 11:00:00,2026,2,25,11,An Giang,Xã Giồng Riềng,9.9237413,105.2736878,70,Moderate,1,30.4,60,0.0,9.9,90,1011.0,74,19.6,22.5,187.0,2.4,101.0,8.1
2026-02-25 12:00:00,2026,2,25,12,An Giang,Xã Giồng Riềng,9.9237413,105.2736878,70,Moderate,1,31.8,54,0.0,10.9,73,1009.8,31,21.2,23.5,210.0,2.0,119.0,8.3
2026-02-25 13:00:00,2026,2,25,13,An Giang,Xã Giồng Riềng,9.9237413,105.2736878,71,Moderate,1,31.8,54,0.0,13.2,68,1009.1,100,23.2,25.3,225.0,1.9,133.0,8.4
2026-02-25 14:00:00,2026,2,25,14,An Giang,Xã Giồng Riềng,9.9237413,105.2736878,72,Moderate,1,32.1,52,0.0,13.7,76,1008.0,93,24.2,26.0,221.0,1.7,142.0,8.4
2026-02-25 15:00:00,2026,2,25,15,An Giang,Xã Giồng Riềng,9.9237413,105.2736878,72,Moderate,1,31.9,53,0.0,14.0,89,1007.5,95,24.0,25.6,208.0,1.9,146.0,8.3
2026-02-25 16:00:00,2026,2,25,16,An Giang,Xã Giồng Riềng,9.9237413,105.2736878,73,Moderate,1,31.1,55,0.0,14.2,98,1007.1,40,22.7,24.1,198.0,2.6,144.0,8.4
2026-02-25 17:00:00,2026,2,25,17,An Giang,Xã Giồng Riềng,9.9237413,105.2736878,74,Moderate,1,30.4,56,0.0,12.2,109,1007.3,100,21.0,22.2,196.0,4.2,132.0,8.9
2026-02-25 18:00:00,2026,2,25,18,An Giang,Xã Giồng Riềng,9.9237413,105.2736878,80,Moderate,1,29.1,61,0.0,9.0,110,1007.6,100,19.4,20.5,197.0,6.4,113.0,9.6
2026-02-25 19:00:00,2026,2,25,19,An Giang,Xã Giồng Riềng,9.9237413,105.2736878,86,Moderate,1,27.1,72,0.0,4.9,82,1008.0,100,20.5,21.5,199.0,9.0,96.0,10.1
2026-02-25 20:00:00,2026,2,25,20,An Giang,Xã Giồng Riềng,9.9237413,105.2736878,85,Moderate,1,26.7,73,0.0,6.8,102,1008.4,90,19.3,20.4,201.0,10.6,82.0,10.4
2026-02-25 21:00:00,2026,2,25,21,An Giang,Xã Giồng Riềng,9.9237413,105.2736878,77,Moderate,1,26.2,74,0.0,8.6,121,1009.2,41,19.8,20.9,204.0,12.8,62.0,10.8
2026-02-25 22:00:00,2026,2,25,22,An Giang,Xã Giồng Riềng,9.9237413,105.2736878,73,Moderate,1,25.8,76,0.0,9.4,145,1009.8,100,21.8,23.0,205.0,14.6,46.0,10.9
2026-02-25 23:00:00,2026,2,25,23,An Giang,Xã Giồng Riềng,9.9237413,105.2736878,72,Moderate,1,25.7,73,0.0,8.1,152,1010.3,100,23.4,24.6,204.0,15.6,39.0,10.6
2026-02-26 00:00:00,2026,2,26,0,An Giang,Xã Giồng Riềng,9.9237413,105.2736878,72,Moderate,1,25.4,74,0.0,9.3,167,1010.3,100,24.0,25.0,203.0,16.2,37.0,10.0
2026-02-26 01:00:00,2026,2,26,1,An Giang,Xã Giồng Riềng,9.9237413,105.2736878,72,Moderate,1,25.1,79,0.0,10.0,160,1009.9,55,24.3,25.3,200.0,16.5,36.0,9.3
2026-02-26 02:00:00,2026,2,26,2,An Giang,Xã Giồng Riềng,9.9237413,105.2736878,72,Moderate,1,24.6,87,0.0,10.1,153,1009.7,52,24.7,25.6,194.0,16.5,35.0,8.6
2026-02-26 03:00:00,2026,2,26,3,An Giang,Xã Giồng Riềng,9.9237413,105.2736878,73,Moderate,1,24.4,89,0.0,9.6,146,1009.0,70,24.5,25.3,186.0,16.2,35.0,7.8
2026-02-26 04:00:00,2026,2,26,4,An Giang,Xã Giồng Riềng,9.9237413,105.2736878,73,Moderate,1,24.2,90,0.0,9.3,136,1008.9,100,23.6,24.5,186.0,15.8,35.0,7.2
2026-02-26 05:00:00,2026,2,26,5,An Giang,Xã Giồng Riềng,9.9237413,105.2736878,73,Moderate,1,24.4,88,0.0,7.9,133,1009.3,100,22.8,23.7,201.0,15.4,34.0,6.9
2026-02-26 06:00:00,2026,2,26,6,An Giang,Xã Giồng Riềng,9.9237413,105.2736878,72,Moderate,1,24.0,89,0.0,7.6,133,1009.7,90,20.1,21.2,224.0,15.0,34.0,6.8
2026-02-26 07:00:00,2026,2,26,7,An Giang,Xã Giồng Riềng,9.9237413,105.2736878,72,Moderate,1,24.9,85,0.0,5.2,117,1009.4,100,25.3,26.7,234.0,14.8,34.0,7.1
2026-02-26 08:00:00,2026,2,26,8,An Giang,Xã Giồng Riềng,9.9237413,105.2736878,72,Moderate,1,26.5,80,0.0,7.2,108,1010.6,100,19.6,21.4,219.0,11.9,44.0,7.6
2026-02-26 09:00:00,2026,2,26,9,An Giang,Xã Giồng Riềng,9.9237413,105.2736878,71,Moderate,1,27.4,76,0.2,11.2,94,1010.9,100,14.3,15.3,192.0,8.0,59.0,8.3
2026-02-26 10:00:00,2026,2,26,10,An Giang,Xã Giồng Riềng,9.9237413,105.2736878,71,Moderate,1,28.4,73,0.0,8.8,86,1010.9,99,13.0,13.6,172.0,4.9,71.0,8.6
2026-02-26 11:00:00,2026,2,26,11,An Giang,Xã Giồng Riềng,9.9237413,105.2736878,70,Moderate,1,29.6,67,0.0,9.7,91,1010.5,100,11.0,11.4,169.0,3.5,78.0,7.9
2026-02-26 12:00:00,2026,2,26,12,An Giang,Xã Giồng Riềng,9.9237413,105.2736878,69,Moderate,1,29.5,64,0.2,9.5,71,1009.2,100,9.0,9.3,172.0,3.0,82.0,6.7
2026-02-26 13:00:00,2026,2,26,13,An Giang,Xã Giồng Riềng,9.9237413,105.2736878,68,Moderate,1,26.1,85,1.1,10.7,46,1008.5,100,8.9,9.2,175.0,2.8,88.0,6.2
2026-02-26 14:00:00,2026,2,26,14,An Giang,Xã Giồng Riềng,9.9237413,105.2736878,67,Moderate,1,27.9,75,0.3,9.7,89,1007.1,100,10.0,10.3,173.0,2.7,99.0,6.9
2026-02-26 15:00:00,2026,2,26,15,An Giang,Xã Giồng Riềng,9.9237413,105.2736878,66,Moderate,1,27.4,76,0.8,12.7,96,1006.5,100,11.4,11.6,169.0,3.1,111.0,8.2
2026-02-26 16:00:00,2026,2,26,16,An Giang,Xã Giồng Riềng,9.9237413,105.2736878,65,Moderate,1,25.8,86,2.8,10.3,88,1006.1,100,12.2,12.5,167.0,4.1,118.0,9.6
2026-02-26 17:00:00,2026,2,26,17,An Giang,Xã Giồng Riềng,9.9237413,105.2736878,64,Moderate,1,24.7,93,1.5,8.1,69,1006.4,100,13.4,13.6,164.0,6.4,115.0,11.0
2026-02-26 18:00:00,2026,2,26,18,An Giang,Xã Giồng Riềng,9.9237413,105.2736878,63,Moderate,1,24.6,91,1.4,5.5,36,1007.0,100,15.3,15.5,163.0,9.3,107.0,12.3
2026-02-26 19:00:00,2026,2,26,19,An Giang,Xã Giồng Riềng,9.9237413,105.2736878,63,Moderate,1,25.0,94,0.2,7.9,106,1006.8,100,32.1,32.4,171.0,19.9,58.0,14.0
2026-02-26 20:00:00,2026,2,26,20,An Giang,Xã Giồng Riềng,9.9237413,105.2736878,64,Moderate,1,24.8,93,0.1,10.7,98,1007.8,100,33.6,33.8,201.0,20.7,56.0,14.9
2026-02-26 21:00:00,2026,2,26,21,An Giang,Xã Giồng Riềng,9.9237413,105.2736878,65,Moderate,1,24.4,93,0.1,11.0,94,1008.1,100,35.4,35.5,241.0,21.7,54.0,16.0
2026-02-26 22:00:00,2026,2,26,22,An Giang,Xã Giồng Riềng,9.9237413,105.2736878,66,Moderate,1,24.1,94,0.0,6.1,78,1008.8,100,37.1,37.4,261.0,22.1,52.0,16.4
2026-02-26 23:00:00,2026,2,26,23,An Giang,Xã Giồng Riềng,9.9237413,105.2736878,68,Moderate,1,24.0,95,0.0,4.0,95,1008.6,100,31.5,31.8,242.0,21.3,50.0,15.3
2026-02-27 00:00:00,2026,2,27,0,An Giang,Xã Giồng Riềng,9.9237413,105.2736878,69,Moderate,1,24.0,96,0.0,3.3,103,1008.5,100,29.1,29.3,203.0,20.0,49.0,13.5
2026-02-27 01:00:00,2026,2,27,1,An Giang,Xã Giồng Riềng,9.9237413,105.2736878,69,Moderate,1,24.5,97,0.9,1.8,24,1007.8,100,28.6,28.7,171.0,19.2,47.0,12.1
2026-02-27 02:00:00,2026,2,27,2,An Giang,Xã Giồng Riềng,9.9237413,105.2736878,69,Moderate,1,24.5,97,1.3,4.4,27,1006.9,100,27.8,27.9,156.0,19.4,44.0,11.8
2026-02-27 03:00:00,2026,2,27,3,An Giang,Xã Giồng Riềng,9.9237413,105.2736878,70,Moderate,1,24.1,92,7.8,3.6,340,1007.1,100,27.5,27.5,149.0,20.1,40.0,11.9
2026-02-27 04:00:00,2026,2,27,4,An Giang,Xã Giồng Riềng,9.9237413,105.2736878,70,Moderate,1,24.0,93,5.8,2.7,340,1006.9,100,27.1,27.1,148.0,20.7,37.0,12.0
2026-02-27 05:00:00,2026,2,27,5,An Giang,Xã Giồng Riềng,9.9237413,105.2736878,70,Moderate,1,24.0,95,1.3,5.6,15,1007.4,100,26.4,26.5,157.0,21.1,34.0,11.9
2026-02-27 06:00:00,2026,2,27,6,An Giang,Xã Giồng Riềng,9.9237413,105.2736878,71,Moderate,1,23.6,96,4.1,5.5,23,1008.2,100,24.7,24.7,174.0,21.5,32.0,11.7
2026-02-27 07:00:00,2026,2,27,7,An Giang,Xã Giồng Riềng,9.9237413,105.2736878,71,Moderate,1,24.3,97,2.8,6.4,50,1008.7,100,16.7,17.2,188.0,17.0,30.0,7.2
2026-02-27 08:00:00,2026,2,27,8,An Giang,Xã Giồng Riềng,9.9237413,105.2736878,70,Moderate,1,25.1,92,0.3,9.2,67,1009.1,94,12.9,13.5,198.0,16.0,31.0,7.7
2026-02-27 09:00:00,2026,2,27,9,An Giang,Xã Giồng Riềng,9.9237413,105.2736878,70,Moderate,1,26.4,90,0.2,7.3,62,1010.0,95,13.4,13.6,207.0,14.6,31.0,8.3
2026-02-27 10:00:00,2026,2,27,10,An Giang,Xã Giồng Riềng,9.9237413,105.2736878,70,Moderate,1,26.9,88,0.3,6.7,59,1010.1,94,14.0,14.2,210.0,13.4,33.0,8.7
2026-02-27 11:00:00,2026,2,27,11,An Giang,Xã Giồng Riềng,9.9237413,105.2736878,70,Moderate,1,28.0,84,0.4,5.9,67,1009.8,95,13.4,13.5,205.0,12.5,36.0,8.5
2026-02-27 12:00:00,2026,2,27,12,An Giang,Xã Giồng Riềng,9.9237413,105.2736878,70,Moderate,1,28.1,82,0.5,3.8,25,1008.4,98,13.3,13.3,195.0,11.7,39.0,8.0
2026-02-27 13:00:00,2026,2,27,13,An Giang,Xã Giồng Riềng,9.9237413,105.2736878,70,Moderate,1,28.6,74,0.2,6.7,357,1007.7,100,14.0,14.0,188.0,11.6,43.0,7.9
2026-02-27 14:00:00,2026,2,27,14,An Giang,Xã Giồng Riềng,9.9237413,105.2736878,71,Moderate,1,26.5,83,5.1,7.8,50,1006.9,100,15.8,15.8,185.0,12.2,48.0,8.4
2026-02-27 15:00:00,2026,2,27,15,An Giang,Xã Giồng Riềng,9.9237413,105.2736878,71,Moderate,1,25.7,87,2.8,3.2,146,1006.0,100,17.8,17.8,186.0,13.5,53.0,9.2
2026-02-27 16:00:00,2026,2,27,16,An Giang,Xã Giồng Riềng,9.9237413,105.2736878,72,Moderate,1,26.5,86,0.3,2.4,117,1005.4,97,22.9,22.9,192.0,15.3,55.0,10.1
2026-02-27 17:00:00,2026,2,27,17,An Giang,Xã Giồng Riềng,9.9237413,105.2736878,73,Moderate,1,26.9,84,0.2,2.4,42,1005.7,100,27.0,27.2,207.0,18.0,52.0,11.1
2026-02-27 18:00:00,2026,2,27,18,An Giang,Xã Giồng Riềng,9.9237413,105.2736878,74,Moderate,1,25.6,92,0.1,3.4,360,1006.5,100,30.9,31.3,229.0,21.3,46.0,12.2
2026-02-27 19:00:00,2026,2,27,19,An Giang,Xã Giồng Riềng,9.9237413,105.2736878,75,Moderate,1,24.7,95,0.0,3.3,22,1006.6,100,33.4,34.5,250.0,21.0,39.0,12.2
2026-02-27 20:00:00,2026,2,27,20,An Giang,Xã Giồng Riềng,9.9237413,105.2736878,75,Moderate,1,24.4,96,0.0,5.3,35,1007.5,77,34.7,35.6,269.0,22.4,35.0,12.7
2026-02-27 21:00:00,2026,2,27,21,An Giang,Xã Giồng Riềng,9.9237413,105.2736878,75,Moderate,1,24.1,96,0.0,5.9,38,1008.1,38,37.3,38.1,289.0,24.5,28.0,13.4
2026-02-27 22:00:00,2026,2,27,22,An Giang,Xã Giồng Riềng,9.9237413,105.2736878,76,Moderate,1,23.6,98,0.0,4.2,40,1008.9,12,39.9,40.7,309.0,26.3,23.0,14.0
2026-02-27 23:00:00,2026,2,27,23,An Giang,Xã Giồng Riềng,9.9237413,105.2736878,76,Moderate,1,23.4,98,0.0,3.6,63,1008.9,0,41.7,42.5,333.0,27.6,20.0,14.3
2026-02-28 00:00:00,2026,2,28,0,An Giang,Xã Giồng Riềng,9.9237413,105.2736878,77,Moderate,1,23.1,99,0.0,4.1,75,1008.8,1,42.5,43.4,357.0,28.7,18.0,14.5
2026-02-28 01:00:00,2026,2,28,1,An Giang,Xã Giồng Riềng,9.9237413,105.2736878,78,Moderate,1,23.0,99,0.0,5.2,68,1008.2,2,42.7,43.8,371.0,29.6,16.0,14.7
2026-02-28 02:00:00,2026,2,28,2,An Giang,Xã Giồng Riềng,9.9237413,105.2736878,79,Moderate,1,22.9,99,0.0,6.5,76,1007.0,0,42.1,43.3,365.0,30.5,14.0,15.2
2026-02-28 03:00:00,2026,2,28,3,An Giang,Xã Giồng Riềng,9.9237413,105.2736878,81,Moderate,1,22.5,99,0.0,4.8,70,1006.4,5,41.9,43.0,349.0,31.1,13.0,15.7
2026-02-28 04:00:00,2026,2,28,4,An Giang,Xã Giồng Riềng,9.9237413,105.2736878,82,Moderate,1,22.1,99,0.0,3.8,71,1006.2,5,41.0,42.3,339.0,30.6,13.0,15.5
2026-02-28 05:00:00,2026,2,28,5,An Giang,Xã Giồng Riềng,9.9237413,105.2736878,83,Moderate,1,22.0,100,0.0,1.5,54,1006.7,8,46.7,47.0,351.0,28.6,14.0,13.9
2026-02-28 06:00:00,2026,2,28,6,An Giang,Xã Giồng Riềng,9.9237413,105.2736878,85,Moderate,1,21.9,100,0.0,2.1,59,1007.6,100,51.9,52.4,368.0,25.4,16.0,11.6
2026-02-28 07:00:00,2026,2,28,7,An Giang,Xã Giồng Riềng,9.9237413,105.2736878,87,Moderate,1,23.1,99,0.0,4.4,111,1008.6,100,59.1,59.5,364.0,22.9,17.0,6.4
2026-02-28 08:00:00,2026,2,28,8,An Giang,Xã Giồng Riềng,9.9237413,105.2736878,91,Moderate,1,24.9,93,0.0,8.7,108,1009.6,98,41.7,42.1,315.0,18.1,32.0,7.0
2026-02-28 09:00:00,2026,2,28,9,An Giang,Xã Giồng Riềng,9.9237413,105.2736878,94,Moderate,1,26.4,85,0.0,8.4,110,1010.2,59,28.5,28.8,243.0,11.5,52.0,7.9
2026-02-28 10:00:00,2026,2,28,10,An Giang,Xã Giồng Riềng,9.9237413,105.2736878,95,Moderate,1,27.9,77,0.1,6.5,104,1010.5,20,22.4,22.6,189.0,6.3,72.0,8.4
2026-02-28 11:00:00,2026,2,28,11,An Giang,Xã Giồng Riềng,9.9237413,105.2736878,96,Moderate,1,29.0,71,0.1,4.9,82,1009.7,19,20.8,21.0,171.0,3.8,89.0,8.2
2026-02-28 12:00:00,2026,2,28,12,An Giang,Xã Giồng Riềng,9.9237413,105.2736878,96,Moderate,1,29.8,70,0.1,4.2,72,1008.6,13,21.8,21.9,170.0,2.6,105.0,7.6
2026-02-28 13:00:00,2026,2,28,13,An Giang,Xã Giồng Riềng,9.9237413,105.2736878,97,Moderate,1,30.1,67,0.0,3.3,68,1007.8,16,21.9,22.0,172.0,2.0,117.0,7.3
2026-02-28 14:00:00,2026,2,28,14,An Giang,Xã Giồng Riềng,9.9237413,105.2736878,98,Moderate,1,30.4,68,0.0,3.7,51,1006.6,24,22.1,22.3,172.0,1.4,126.0,7.4
2026-02-28 15:00:00,2026,2,28,15,An Giang,Xã Giồng Riềng,9.9237413,105.2736878,98,Moderate,1,30.2,69,0.0,5.0,64,1005.5,23,22.9,23.1,174.0,1.5,132.0,7.7
2026-02-28 16:00:00,2026,2,28,16,An Giang,Xã Giồng Riềng,9.9237413,105.2736878,99,Moderate,1,29.9,71,0.1,4.9,100,1005.0,31,23.9,24.1,181.0,2.8,129.0,8.1
2026-02-28 17:00:00,2026,2,28,17,An Giang,Xã Giồng Riềng,9.9237413,105.2736878,99,Moderate,1,28.8,72,0.6,2.0,260,1005.7,74,25.2,25.4,193.0,6.3,112.0,8.6
2026-02-28 18:00:00,2026,2,28,18,An Giang,Xã Giồng Riềng,9.9237413,105.2736878,99,Moderate,1,27.7,82,0.0,3.6,297,1006.2,31,33.3,33.4,209.0,11.1,87.0,9.2
2026-02-28 19:00:00,2026,2,28,19,An Giang,Xã Giồng Riềng,9.9237413,105.2736878,99,Moderate,1,25.9,88,0.0,7.1,135,1007.1,47,46.1,46.3,231.0,19.3,72.0,9.4
2026-02-28 20:00:00,2026,2,28,20,An Giang,Xã Giồng Riềng,9.9237413,105.2736878,100,Moderate,1,25.6,90,0.0,6.0,164,1008.0,24,43.4,43.5,264.0,20.1,63.0,10.0
2026-02-28 21:00:00,2026,2,28,21,An Giang,Xã Giồng Riềng,9.9237413,105.2736878,101,Unhealthy for Sensitive Groups,2,25.0,92,0.0,4.6,167,1008.3,9,44.7,44.8,303.0,21.1,51.0,10.9
2026-02-28 22:00:00,2026,2,28,22,An Giang,Xã Giồng Riềng,9.9237413,105.2736878,102,Unhealthy for Sensitive Groups,2,24.5,93,0.0,4.2,170,1008.7,7,47.6,47.7,329.0,22.3,40.0,11.4
2026-02-28 23:00:00,2026,2,28,23,An Giang,Xã Giồng Riềng,9.9237413,105.2736878,102,Unhealthy for Sensitive Groups,2,24.1,94,0.0,4.1,178,1008.6,7,46.7,46.8,333.0,23.6,33.0,11.5
2026-03-01 00:00:00,2026,3,1,0,An Giang,Xã Giồng Riềng,9.9237413,105.2736878,103,Unhealthy for Sensitive Groups,2,23.9,96,0.0,4.9,172,1008.5,2,49.9,50.2,323.0,25.0,28.0,11.2
2026-03-01 01:00:00,2026,3,1,1,An Giang,Xã Giồng Riềng,9.9237413,105.2736878,104,Unhealthy for Sensitive Groups,2,24.0,97,0.0,5.8,171,1007.8,2,51.0,51.3,309.0,26.0,24.0,10.7
2026-03-01 02:00:00,2026,3,1,2,An Giang,Xã Giồng Riềng,9.9237413,105.2736878,105,Unhealthy for Sensitive Groups,2,23.8,98,0.0,4.0,150,1007.3,34,51.2,51.5,288.0,26.6,20.0,9.7
2026-03-01 03:00:00,2026,3,1,3,An Giang,Xã Giồng Riềng,9.9237413,105.2736878,106,Unhealthy for Sensitive Groups,2,24.0,98,0.0,5.3,125,1007.1,53,51.9,52.2,263.0,26.8,17.0,8.4
2026-03-01 04:00:00,2026,3,1,4,An Giang,Xã Giồng Riềng,9.9237413,105.2736878,107,Unhealthy for Sensitive Groups,2,23.8,98,0.0,4.1,113,1007.1,6,54.7,55.1,248.0,26.3,16.0,7.1
2026-03-01 05:00:00,2026,3,1,5,An Giang,Xã Giồng Riềng,9.9237413,105.2736878,108,Unhealthy for Sensitive Groups,2,23.5,98,0.0,4.8,110,1007.5,8,59.6,60.1,256.0,25.2,14.0,5.6
2026-03-01 06:00:00,2026,3,1,6,An Giang,Xã Giồng Riềng,9.9237413,105.2736878,109,Unhealthy for Sensitive Groups,2,23.5,98,0.0,4.8,103,1008.0,7,64.7,65.0,275.0,23.4,14.0,4.2
2026-03-01 07:00:00,2026,3,1,7,An Giang,Xã Giồng Riềng,9.9237413,105.2736878,111,Unhealthy for Sensitive Groups,2,24.5,99,0.0,8.1,119,1008.7,100,53.3,53.8,283.0,20.1,25.0,4.5
2026-03-01 08:00:00,2026,3,1,8,An Giang,Xã Giồng Riềng,9.9237413,105.2736878,110,Unhealthy for Sensitive Groups,2,25.9,93,0.0,8.8,125,1009.7,98,46.0,46.4,267.0,15.5,48.0,5.5
2026-03-01 09:00:00,2026,3,1,9,An Giang,Xã Giồng Riềng,9.9237413,105.2736878,111,Unhealthy for Sensitive Groups,2,27.5,84,0.0,7.6,124,1010.2,30,31.5,31.9,239.0,9.3,79.0,6.9
2026-03-01 10:00:00,2026,3,1,10,An Giang,Xã Giồng Riềng,9.9237413,105.2736878,111,Unhealthy for Sensitive Groups,2,28.9,79,0.0,5.2,104,1010.0,11,24.7,25.0,218.0,4.4,106.0,7.8
2026-03-01 11:00:00,2026,3,1,11,An Giang,Xã Giồng Riềng,9.9237413,105.2736878,111,Unhealthy for Sensitive Groups,2,30.0,75,0.0,3.8,79,1009.5,9,24.4,24.8,211.0,2.4,123.0,8.0
2026-03-01 12:00:00,2026,3,1,12,An Giang,Xã Giồng Riềng,9.9237413,105.2736878,112,Unhealthy for Sensitive Groups,2,30.5,73,0.0,3.5,78,1008.4,47,25.0,25.4,210.0,1.8,136.0,7.8
2026-03-01 13:00:00,2026,3,1,13,An Giang,Xã Giồng Riềng,9.9237413,105.2736878,112,Unhealthy for Sensitive Groups,2,31.2,68,0.1,3.9,56,1007.5,35,24.9,25.2,210.0,1.7,142.0,7.4
2026-03-01 14:00:00,2026,3,1,14,An Giang,Xã Giồng Riềng,9.9237413,105.2736878,112,Unhealthy for Sensitive Groups,2,30.7,73,0.1,1.7,319,1006.7,100,25.7,26.0,211.0,1.3,142.0,6.8
2026-03-01 15:00:00,2026,3,1,15,An Giang,Xã Giồng Riềng,9.9237413,105.2736878,113,Unhealthy for Sensitive Groups,2,26.7,86,6.9,9.1,280,1006.8,98,25.9,26.2,213.0,1.3,137.0,6.0
2026-03-01 16:00:00,2026,3,1,16,An Giang,Xã Giồng Riềng,9.9237413,105.2736878,113,Unhealthy for Sensitive Groups,2,27.2,82,0.3,3.1,353,1005.8,54,24.2,24.4,214.0,2.7,126.0,5.7
2026-03-01 17:00:00,2026,3,1,17,An Giang,Xã Giồng Riềng,9.9237413,105.2736878,113,Unhealthy for Sensitive Groups,2,27.7,82,0.2,2.7,4,1006.5,52,22.4,22.6,209.0,6.6,107.0,6.0
2026-03-01 18:00:00,2026,3,1,18,An Giang,Xã Giồng Riềng,9.9237413,105.2736878,113,Unhealthy for Sensitive Groups,2,26.1,90,0.1,9.6,82,1007.4,55,24.9,25.0,203.0,11.9,83.0,6.7
2026-03-01 19:00:00,2026,3,1,19,An Giang,Xã Giồng Riềng,9.9237413,105.2736878,112,Unhealthy for Sensitive Groups,2,25.6,91,0.1,6.1,133,1007.5,16,39.0,39.6,208.0,16.6,64.0,7.9
2026-03-01 20:00:00,2026,3,1,20,An Giang,Xã Giồng Riềng,9.9237413,105.2736878,111,Unhealthy for Sensitive Groups,2,25.6,90,0.0,5.4,124,1008.4,14,45.2,45.4,231.0,19.2,55.0,9.0
2026-03-01 21:00:00,2026,3,1,21,An Giang,Xã Giồng Riềng,9.9237413,105.2736878,111,Unhealthy for Sensitive Groups,2,25.5,93,0.0,5.1,144,1009.0,13,51.7,51.9,265.0,22.9,44.0,10.4
2026-03-01 22:00:00,2026,3,1,22,An Giang,Xã Giồng Riềng,9.9237413,105.2736878,112,Unhealthy for Sensitive Groups,2,25.4,94,0.0,5.4,154,1009.2,2,56.5,56.6,298.0,25.3,35.0,11.3
2026-03-01 23:00:00,2026,3,1,23,An Giang,Xã Giồng Riềng,9.9237413,105.2736878,113,Unhealthy for Sensitive Groups,2,25.0,96,0.0,6.1,146,1009.3,38,56.5,56.6,332.0,25.4,33.0,11.2
2026-03-02 00:00:00,2026,3,2,0,An Giang,Xã Giồng Riềng,9.9237413,105.2736878,114,Unhealthy for Sensitive Groups,2,24.8,96,0.0,6.8,140,1009.5,100,55.5,55.6,364.0,24.4,35.0,10.7
2026-03-02 01:00:00,2026,3,2,1,An Giang,Xã Giồng Riềng,9.9237413,105.2736878,114,Unhealthy for Sensitive Groups,2,24.8,97,0.0,6.8,151,1008.9,100,54.2,54.4,375.0,23.4,36.0,10.1
2026-03-02 02:00:00,2026,3,2,2,An Giang,Xã Giồng Riềng,9.9237413,105.2736878,115,Unhealthy for Sensitive Groups,2,24.7,97,0.0,6.4,153,1008.4,82,52.2,52.3,346.0,22.9,36.0,9.7
2026-03-02 03:00:00,2026,3,2,3,An Giang,Xã Giồng Riềng,9.9237413,105.2736878,115,Unhealthy for Sensitive Groups,2,24.5,98,0.0,6.6,147,1008.1,5,49.4,49.5,296.0,22.5,37.0,9.2
2026-03-02 04:00:00,2026,3,2,4,An Giang,Xã Giồng Riềng,9.9237413,105.2736878,115,Unhealthy for Sensitive Groups,2,24.4,98,0.0,5.6,138,1008.0,2,48.2,48.4,261.0,22.0,37.0,8.9
2026-03-02 05:00:00,2026,3,2,5,An Giang,Xã Giồng Riềng,9.9237413,105.2736878,114,Unhealthy for Sensitive Groups,2,24.2,99,0.0,5.7,136,1008.6,2,47.0,47.5,263.0,22.0,35.0,8.7
2026-03-02 06:00:00,2026,3,2,6,An Giang,Xã Giồng Riềng,9.9237413,105.2736878,113,Unhealthy for Sensitive Groups,2,24.0,98,0.0,4.9,126,1009.3,2,47.4,48.3,280.0,22.1,33.0,8.6
2026-03-02 07:00:00,2026,3,2,7,An Giang,Xã Giồng Riềng,9.9237413,105.2736878,111,Unhealthy for Sensitive Groups,2,25.2,98,0.0,7.7,120,1009.9,59,44.9,45.5,287.0,19.3,39.0,8.5
2026-03-02 08:00:00,2026,3,2,8,An Giang,Xã Giồng Riềng,9.9237413,105.2736878,110,Unhealthy for Sensitive Groups,2,27.1,90,0.0,8.7,130,1010.6,38,37.8,38.6,268.0,14.9,55.0,8.6
2026-03-02 09:00:00,2026,3,2,9,An Giang,Xã Giồng Riềng,9.9237413,105.2736878,109,Unhealthy for Sensitive Groups,2,28.4,83,0.1,7.4,131,1011.3,24,22.9,23.4,238.0,8.8,77.0,8.7
2026-03-02 10:00:00,2026,3,2,10,An Giang,Xã Giồng Riềng,9.9237413,105.2736878,108,Unhealthy for Sensitive Groups,2,29.5,81,0.1,7.4,135,1011.4,15,17.3,17.8,214.0,4.1,96.0,8.7
2026-03-02 11:00:00,2026,3,2,11,An Giang,Xã Giồng Riềng,9.9237413,105.2736878,107,Unhealthy for Sensitive Groups,2,30.2,77,0.0,5.6,123,1011.0,57,18.6,19.1,203.0,2.3,108.0,8.5
2026-03-02 12:00:00,2026,3,2,12,An Giang,Xã Giồng Riềng,9.9237413,105.2736878,107,Unhealthy for Sensitive Groups,2,31.0,74,0.0,4.9,118,1010.2,82,20.2,20.8,198.0,1.9,117.0,8.3
2026-03-02 13:00:00,2026,3,2,13,An Giang,Xã Giồng Riềng,9.9237413,105.2736878,106,Unhealthy for Sensitive Groups,2,31.5,70,0.0,7.6,118,1009.1,66,20.8,21.5,195.0,1.8,122.0,7.9
2026-03-02 14:00:00,2026,3,2,14,An Giang,Xã Giồng Riềng,9.9237413,105.2736878,106,Unhealthy for Sensitive Groups,2,31.2,69,0.0,7.3,99,1007.8,35,21.0,21.7,189.0,1.2,125.0,7.3
2026-03-02 15:00:00,2026,3,2,15,An Giang,Xã Giồng Riềng,9.9237413,105.2736878,105,Unhealthy for Sensitive Groups,2,31.5,66,0.0,5.5,169,1007.1,32,20.9,21.6,185.0,0.9,125.0,6.6
2026-03-02 16:00:00,2026,3,2,16,An Giang,Xã Giồng Riềng,9.9237413,105.2736878,105,Unhealthy for Sensitive Groups,2,27.6,83,0.7,11.3,211,1007.5,62,20.4,21.1,188.0,2.2,118.0,6.3
2026-03-02 17:00:00,2026,3,2,17,An Giang,Xã Giồng Riềng,9.9237413,105.2736878,104,Unhealthy for Sensitive Groups,2,27.3,83,0.1,7.8,236,1007.8,22,21.0,21.7,199.0,6.5,101.0,6.7
2026-03-02 18:00:00,2026,3,2,18,An Giang,Xã Giồng Riềng,9.9237413,105.2736878,104,Unhealthy for Sensitive Groups,2,26.9,89,0.0,0.4,360,1008.4,19,25.8,26.3,216.0,12.3,78.0,7.5
2026-03-02 19:00:00,2026,3,2,19,An Giang,Xã Giồng Riềng,9.9237413,105.2736878,104,Unhealthy for Sensitive Groups,2,27.6,88,0.0,1.0,301,1007.9,83,36.2,36.9,244.0,18.8,56.0,8.7
2026-03-02 20:00:00,2026,3,2,20,An Giang,Xã Giồng Riềng,9.9237413,105.2736878,104,Unhealthy for Sensitive Groups,2,27.4,88,0.0,0.4,153,1008.6,22,43.1,43.8,297.0,22.2,46.0,9.5
2026-03-02 21:00:00,2026,3,2,21,An Giang,Xã Giồng Riềng,9.9237413,105.2736878,104,Unhealthy for Sensitive Groups,2,26.5,90,0.3,4.0,185,1009.7,29,49.5,50.4,360.0,26.7,33.0,10.6
2026-03-02 22:00:00,2026,3,2,22,An Giang,Xã Giồng Riềng,9.9237413,105.2736878,104,Unhealthy for Sensitive Groups,2,26.1,92,0.1,6.6,164,1010.0,13,51.2,52.5,390.0,28.9,25.0,11.0
2026-03-02 23:00:00,2026,3,2,23,An Giang,Xã Giồng Riềng,9.9237413,105.2736878,103,Unhealthy for Sensitive Groups,2,25.5,92,0.0,8.2,151,1010.2,30,48.2,48.9,357.0,26.6,28.0,10.1
2026-03-03 00:00:00,2026,3,3,0,An Giang,Xã Giồng Riềng,9.9237413,105.2736878,102,Unhealthy for Sensitive Groups,2,25.2,92,0.0,9.2,154,1010.3,97,42.5,43.0,290.0,21.9,35.0,8.5
2026-03-03 01:00:00,2026,3,3,1,An Giang,Xã Giồng Riềng,9.9237413,105.2736878,101,Unhealthy for Sensitive Groups,2,25.0,96,0.0,5.5,193,1009.8,100,38.5,39.0,237.0,18.3,41.0,7.3
2026-03-03 02:00:00,2026,3,3,2,An Giang,Xã Giồng Riềng,9.9237413,105.2736878,99,Moderate,1,25.2,96,0.0,7.6,161,1008.9,100,36.0,36.6,214.0,17.0,42.0,6.8
2026-03-03 03:00:00,2026,3,3,3,An Giang,Xã Giồng Riềng,9.9237413,105.2736878,98,Moderate,1,24.8,97,0.1,7.3,142,1009.0,95,33.5,34.0,205.0,16.8,40.0,6.6
2026-03-03 04:00:00,2026,3,3,4,An Giang,Xã Giồng Riềng,9.9237413,105.2736878,97,Moderate,1,24.5,95,0.1,5.3,152,1009.2,98,32.2,32.7,204.0,16.6,39.0,6.5
2026-03-03 05:00:00,2026,3,3,5,An Giang,Xã Giồng Riềng,9.9237413,105.2736878,95,Moderate,1,24.4,96,0.0,5.5,161,1009.6,16,31.4,32.0,217.0,16.7,36.0,6.6
2026-03-03 06:00:00,2026,3,3,6,An Giang,Xã Giồng Riềng,9.9237413,105.2736878,94,Moderate,1,24.1,97,0.0,5.5,148,1010.0,8,31.3,31.9,240.0,17.0,33.0,6.9
2026-03-03 07:00:00,2026,3,3,7,An Giang,Xã Giồng Riềng,9.9237413,105.2736878,92,Moderate,1,25.2,98,0.0,4.0,153,1010.5,22,30.3,30.7,250.0,16.9,31.0,7.3
2026-03-03 08:00:00,2026,3,3,8,An Giang,Xã Giồng Riềng,9.9237413,105.2736878,91,Moderate,1,26.8,92,0.0,4.9,174,1011.3,20,24.1,24.7,236.0,13.2,49.0,7.3
2026-03-03 09:00:00,2026,3,3,9,An Giang,Xã Giồng Riềng,9.9237413,105.2736878,90,Moderate,1,28.4,82,0.0,6.1,180,1011.7,31,16.9,17.5,210.0,8.0,73.0,7.2
2026-03-03 10:00:00,2026,3,3,10,An Giang,Xã Giồng Riềng,9.9237413,105.2736878,89,Moderate,1,29.6,76,0.2,5.2,174,1012.0,24,14.8,15.3,190.0,4.0,92.0,6.9
2026-03-03 11:00:00,2026,3,3,11,An Giang,Xã Giồng Riềng,9.9237413,105.2736878,89,Moderate,1,30.7,71,0.1,3.9,152,1011.4,18,14.0,14.5,183.0,2.2,100.0,6.1
2026-03-03 12:00:00,2026,3,3,12,An Giang,Xã Giồng Riềng,9.9237413,105.2736878,89,Moderate,1,31.3,68,0.2,3.0,147,1010.5,34,13.0,13.4,182.0,1.6,103.0,5.1
2026-03-03 13:00:00,2026,3,3,13,An Giang,Xã Giồng Riềng,9.9237413,105.2736878,88,Moderate,1,31.5,67,0.2,2.2,145,1009.5,100,12.5,12.9,183.0,1.4,104.0,4.3
2026-03-03 14:00:00,2026,3,3,14,An Giang,Xã Giồng Riềng,9.9237413,105.2736878,87,Moderate,1,31.6,68,0.1,3.0,73,1008.1,100,12.2,12.7,184.0,0.9,105.0,3.9
2026-03-03 15:00:00,2026,3,3,15,An Giang,Xã Giồng Riềng,9.9237413,105.2736878,86,Moderate,1,30.2,71,0.9,6.9,245,1007.3,99,12.3,12.9,187.0,0.7,104.0,3.8
2026-03-03 16:00:00,2026,3,3,16,An Giang,Xã Giồng Riềng,9.9237413,105.2736878,86,Moderate,1,29.5,74,0.0,8.4,250,1007.1,100,12.4,13.0,200.0,2.1,99.0,4.1
2026-03-03 17:00:00,2026,3,3,17,An Giang,Xã Giồng Riềng,9.9237413,105.2736878,85,Moderate,1,30.0,70,0.0,2.9,281,1007.4,100,12.5,13.3,230.0,6.1,85.0,4.8
2026-03-03 18:00:00,2026,3,3,18,An Giang,Xã Giồng Riềng,9.9237413,105.2736878,84,Moderate,1,29.0,79,0.0,0.6,326,1007.9,100,20.9,21.9,270.0,11.7,67.0,5.9
2026-03-03 19:00:00,2026,3,3,19,An Giang,Xã Giồng Riềng,9.9237413,105.2736878,84,Moderate,1,27.8,86,0.0,6.2,280,1008.2,96,23.9,25.3,308.0,14.9,49.0,6.4
2026-03-03 20:00:00,2026,3,3,20,An Giang,Xã Giồng Riềng,9.9237413,105.2736878,83,Moderate,1,27.8,86,0.0,6.0,253,1009.1,100,27.8,29.3,348.0,17.8,42.0,7.2
2026-03-03 21:00:00,2026,3,3,21,An Giang,Xã Giồng Riềng,9.9237413,105.2736878,81,Moderate,1,27.2,87,0.0,5.6,176,1009.6,100,32.8,34.5,385.0,21.7,34.0,8.3
2026-03-03 22:00:00,2026,3,3,22,An Giang,Xã Giồng Riềng,9.9237413,105.2736878,80,Moderate,1,26.5,89,0.0,7.2,168,1010.1,98,38.9,40.4,395.0,24.3,27.0,8.9
2026-03-03 23:00:00,2026,3,3,23,An Giang,Xã Giồng Riềng,9.9237413,105.2736878,79,Moderate,1,25.9,91,0.0,7.0,177,1010.5,100,41.1,42.4,354.0,24.4,25.0,8.5
2026-03-04 00:00:00,2026,3,4,0,An Giang,Xã Giồng Riềng,9.9237413,105.2736878,78,Moderate,1,25.6,93,0.0,7.4,173,1010.7,100,37.8,39.0,285.0,23.1,26.0,7.5
2026-03-04 01:00:00,2026,3,4,1,An Giang,Xã Giồng Riềng,9.9237413,105.2736878,78,Moderate,1,25.5,96,0.0,9.6,174,1010.6,12,35.2,36.3,232.0,22.0,27.0,6.8
2026-03-04 02:00:00,2026,3,4,2,An Giang,Xã Giồng Riềng,9.9237413,105.2736878,77,Moderate,1,25.2,97,0.0,4.4,142,1010.1,14,34.0,35.3,212.0,21.6,27.0,6.7
2026-03-04 03:00:00,2026,3,4,3,An Giang,Xã Giồng Riềng,9.9237413,105.2736878,77,Moderate,1,25.0,97,0.1,3.1,130,1009.7,28,32.6,33.9,207.0,21.3,26.0,6.8
2026-03-04 04:00:00,2026,3,4,4,An Giang,Xã Giồng Riềng,9.9237413,105.2736878,77,Moderate,1,24.7,99,0.3,4.1,124,1009.6,98,32.0,33.4,210.0,21.0,26.0,7.0
2026-03-04 05:00:00,2026,3,4,5,An Giang,Xã Giồng Riềng,9.9237413,105.2736878,77,Moderate,1,24.9,98,0.0,4.2,149,1009.8,86,31.8,33.2,226.0,20.9,25.0,7.4
2026-03-04 06:00:00,2026,3,4,6,An Giang,Xã Giồng Riềng,9.9237413,105.2736878,77,Moderate,1,24.8,97,0.0,3.4,148,1010.3,53,31.3,32.7,249.0,20.7,24.0,7.9
2026-03-04 07:00:00,2026,3,4,7,An Giang,Xã Giồng Riềng,9.9237413,105.2736878,77,Moderate,1,25.1,98,0.0,5.1,148,1010.8,1,29.0,31.0,259.0,17.4,38.0,7.6
2026-03-04 08:00:00,2026,3,4,8,An Giang,Xã Giồng Riềng,9.9237413,105.2736878,77,Moderate,1,27.0,90,0.0,8.0,144,1011.2,19,24.9,25.8,240.0,13.8,48.0,6.7
2026-03-04 09:00:00,2026,3,4,9,An Giang,Xã Giồng Riềng,9.9237413,105.2736878,77,Moderate,1,28.4,82,0.2,6.8,143,1011.6,24,21.9,22.9,207.0,8.8,63.0,5.6
2026-03-04 10:00:00,2026,3,4,10,An Giang,Xã Giồng Riềng,9.9237413,105.2736878,78,Moderate,1,29.6,75,0.2,6.0,131,1012.1,13,18.7,19.5,182.0,4.9,78.0,4.7
2026-03-04 11:00:00,2026,3,4,11,An Giang,Xã Giồng Riềng,9.9237413,105.2736878,78,Moderate,1,30.5,70,0.0,5.6,115,1011.8,12,18.5,19.3,175.0,3.1,92.0,4.5
2026-03-04 12:00:00,2026,3,4,12,An Giang,Xã Giồng Riềng,9.9237413,105.2736878,78,Moderate,1,31.1,67,0.0,6.8,108,1010.8,13,20.0,20.7,177.0,2.4,105.0,4.6
2026-03-04 13:00:00,2026,3,4,13,An Giang,Xã Giồng Riềng,9.9237413,105.2736878,79,Moderate,1,31.6,64,0.0,6.7,121,1009.7,21,22.8,23.5,180.0,2.1,115.0,4.8
2026-03-04 14:00:00,2026,3,4,14,An Giang,Xã Giồng Riềng,9.9237413,105.2736878,80,Moderate,1,32.0,62,0.0,7.7,129,1008.2,10,25.1,25.8,181.0,1.9,121.0,4.9
2026-03-04 15:00:00,2026,3,4,15,An Giang,Xã Giồng Riềng,9.9237413,105.2736878,81,Moderate,1,31.8,61,0.0,9.4,132,1007.1,15,27.0,27.8,183.0,2.1,124.0,4.9
2026-03-04 16:00:00,2026,3,4,16,An Giang,Xã Giồng Riềng,9.9237413,105.2736878,82,Moderate,1,31.5,61,0.0,8.1,125,1006.7,4,28.1,28.9,187.0,2.9,122.0,5.0
2026-03-04 17:00:00,2026,3,4,17,An Giang,Xã Giồng Riềng,9.9237413,105.2736878,84,Moderate,1,31.0,65,0.0,5.4,132,1007.0,11,27.5,28.2,193.0,4.5,112.0,4.8
2026-03-04 18:00:00,2026,3,4,18,An Giang,Xã Giồng Riềng,9.9237413,105.2736878,85,Moderate,1,28.6,74,0.0,5.9,297,1007.6,27,28.2,28.6,201.0,6.7,96.0,4.7
2026-03-04 19:00:00,2026,3,4,19,An Giang,Xã Giồng Riềng,9.9237413,105.2736878,86,Moderate,1,26.5,82,0.0,4.5,5,1009.0,98,26.0,26.7,215.0,11.0,75.0,5.6
2026-03-04 20:00:00,2026,3,4,20,An Giang,Xã Giồng Riềng,9.9237413,105.2736878,86,Moderate,1,25.5,86,0.7,10.1,251,1009.2,29,28.3,28.8,243.0,13.2,68.0,6.8
2026-03-04 21:00:00,2026,3,4,21,An Giang,Xã Giồng Riềng,9.9237413,105.2736878,86,Moderate,1,24.9,89,0.0,3.5,305,1009.8,40,33.8,34.2,276.0,16.4,58.0,8.5
2026-03-04 22:00:00,2026,3,4,22,An Giang,Xã Giồng Riềng,9.9237413,105.2736878,86,Moderate,1,24.6,93,0.0,5.4,111,1010.3,26,41.3,41.7,300.0,19.5,49.0,9.8
2026-03-04 23:00:00,2026,3,4,23,An Giang,Xã Giồng Riềng,9.9237413,105.2736878,86,Moderate,1,24.5,92,0.0,8.0,121,1010.7,32,47.3,47.6,308.0,22.5,42.0,10.2
2026-03-05 00:00:00,2026,3,5,0,An Giang,Xã Giồng Riềng,9.9237413,105.2736878,87,Moderate,1,24.4,92,0.0,4.5,133,1010.5,16,53.2,53.7,305.0,25.5,36.0,10.3
2026-03-05 01:00:00,2026,3,5,1,An Giang,Xã Giồng Riềng,9.9237413,105.2736878,88,Moderate,1,24.4,94,0.0,5.5,142,1009.8,13,56.8,57.3,293.0,27.7,30.0,10.2
2026-03-05 02:00:00,2026,3,5,2,An Giang,Xã Giồng Riềng,9.9237413,105.2736878,90,Moderate,1,24.5,95,0.0,7.3,134,1009.4,18,58.6,59.3,265.0,28.7,25.0,10.0
2026-03-05 03:00:00,2026,3,5,3,An Giang,Xã Giồng Riềng,9.9237413,105.2736878,92,Moderate,1,24.5,97,0.0,7.5,130,1008.9,24,58.8,59.8,227.0,28.9,20.0,9.8
2026-03-05 04:00:00,2026,3,5,4,An Giang,Xã Giồng Riềng,9.9237413,105.2736878,95,Moderate,1,24.4,99,0.0,8.4,124,1008.6,86,55.3,56.8,203.0,28.4,17.0,9.7
2026-03-05 05:00:00,2026,3,5,5,An Giang,Xã Giồng Riềng,9.9237413,105.2736878,97,Moderate,1,24.4,99,0.0,7.2,122,1009.0,80,51.0,52.7,209.0,27.5,15.0,10.0
2026-03-05 06:00:00,2026,3,5,6,An Giang,Xã Giồng Riềng,9.9237413,105.2736878,98,Moderate,1,24.1,99,0.0,6.4,117,1009.6,92,47.7,50.4,229.0,25.9,15.0,10.4
2026-03-05 07:00:00,2026,3,5,7,An Giang,Xã Giồng Riềng,9.9237413,105.2736878,100,Moderate,1,24.5,97,0.0,10.9,117,1010.5,38,48.4,51.7,236.0,20.7,23.0,8.8
2026-03-05 08:00:00,2026,3,5,8,An Giang,Xã Giồng Riềng,9.9237413,105.2736878,102,Unhealthy for Sensitive Groups,2,26.2,90,0.0,7.8,112,1011.3,24,38.6,43.1,214.0,15.9,38.0,8.8
2026-03-05 09:00:00,2026,3,5,9,An Giang,Xã Giồng Riềng,9.9237413,105.2736878,103,Unhealthy for Sensitive Groups,2,27.9,78,0.0,10.1,117,1011.7,98,26.7,31.7,180.0,9.3,59.0,8.7
2026-03-05 10:00:00,2026,3,5,10,An Giang,Xã Giồng Riềng,9.9237413,105.2736878,104,Unhealthy for Sensitive Groups,2,29.1,70,0.0,10.5,107,1012.0,93,22.4,27.3,155.0,4.3,77.0,8.4
2026-03-05 11:00:00,2026,3,5,11,An Giang,Xã Giồng Riềng,9.9237413,105.2736878,104,Unhealthy for Sensitive Groups,2,30.2,66,0.0,10.0,107,1011.8,80,19.5,22.6,149.0,2.3,89.0,7.7
2026-03-05 12:00:00,2026,3,5,12,An Giang,Xã Giồng Riềng,9.9237413,105.2736878,104,Unhealthy for Sensitive Groups,2,30.9,66,0.0,9.4,94,1010.8,30,18.2,20.1,152.0,1.9,98.0,6.8
2026-03-05 13:00:00,2026,3,5,13,An Giang,Xã Giồng Riềng,9.9237413,105.2736878,104,Unhealthy for Sensitive Groups,2,31.0,62,0.0,11.2,100,1009.4,97,17.9,19.6,155.0,1.8,104.0,6.2
2026-03-05 14:00:00,2026,3,5,14,An Giang,Xã Giồng Riềng,9.9237413,105.2736878,104,Unhealthy for Sensitive Groups,2,31.0,64,0.0,9.9,99,1008.4,100,18.8,20.4,154.0,1.3,110.0,6.2
2026-03-05 15:00:00,2026,3,5,15,An Giang,Xã Giồng Riềng,9.9237413,105.2736878,103,Unhealthy for Sensitive Groups,2,29.5,68,0.2,11.9,87,1007.5,100,19.1,20.7,153.0,1.2,113.0,6.6
2026-03-05 16:00:00,2026,3,5,16,An Giang,Xã Giồng Riềng,9.9237413,105.2736878,102,Unhealthy for Sensitive Groups,2,29.8,67,0.0,10.7,132,1007.3,92,19.5,20.9,157.0,2.8,110.0,7.2
2026-03-05 17:00:00,2026,3,5,17,An Giang,Xã Giồng Riềng,9.9237413,105.2736878,101,Unhealthy for Sensitive Groups,2,27.0,77,0.0,9.8,204,1007.8,55,19.7,20.8,170.0,7.4,96.0,8.3
2026-03-05 18:00:00,2026,3,5,18,An Giang,Xã Giồng Riềng,9.9237413,105.2736878,100,Moderate,1,26.3,80,0.0,6.5,188,1008.3,80,25.2,26.0,187.0,13.7,77.0,9.6
2026-03-05 19:00:00,2026,3,5,19,An Giang,Xã Giồng Riềng,9.9237413,105.2736878,100,Moderate,1,25.8,83,0.0,7.3,155,1008.4,23,33.6,35.3,203.0,17.0,60.0,10.1
2026-03-05 20:00:00,2026,3,5,20,An Giang,Xã Giồng Riềng,9.9237413,105.2736878,101,Unhealthy for Sensitive Groups,2,25.4,84,0.0,3.8,163,1009.4,87,36.9,38.4,218.0,18.5,53.0,10.4
2026-03-05 21:00:00,2026,3,5,21,An Giang,Xã Giồng Riềng,9.9237413,105.2736878,102,Unhealthy for Sensitive Groups,2,25.0,86,0.0,3.9,146,1010.0,87,38.4,39.8,232.0,20.6,43.0,10.8
2026-03-05 22:00:00,2026,3,5,22,An Giang,Xã Giồng Riềng,9.9237413,105.2736878,102,Unhealthy for Sensitive Groups,2,24.7,88,0.0,6.2,131,1010.4,34,37.6,39.6,237.0,22.0,36.0,10.9
2026-03-05 23:00:00,2026,3,5,23,An Giang,Xã Giồng Riềng,9.9237413,105.2736878,102,Unhealthy for Sensitive Groups,2,24.6,89,0.0,6.4,126,1010.8,100,34.2,36.4,224.0,21.6,33.0,10.3
2026-03-06 00:00:00,2026,3,6,0,An Giang,Xã Giồng Riềng,9.9237413,105.2736878,100,Moderate,1,24.5,92,0.0,7.0,119,1010.5,100,31.8,34.1,202.0,20.7,33.0,9.3
2026-03-06 01:00:00,2026,3,6,1,An Giang,Xã Giồng Riềng,9.9237413,105.2736878,98,Moderate,1,24.3,92,0.0,7.2,62,1010.0,13,33.2,35.5,193.0,21.2,31.0,8.7
2026-03-06 02:00:00,2026,3,6,2,An Giang,Xã Giồng Riềng,9.9237413,105.2736878,96,Moderate,1,24.1,92,0.0,8.5,69,1009.6,15,37.4,39.9,212.0,25.2,26.0,8.9
2026-03-06 03:00:00,2026,3,6,3,An Giang,Xã Giồng Riềng,9.9237413,105.2736878,94,Moderate,1,23.8,94,0.0,5.9,52,1009.4,13,43.4,46.2,244.0,30.6,20.0,9.5
2026-03-06 04:00:00,2026,3,6,4,An Giang,Xã Giồng Riềng,9.9237413,105.2736878,93,Moderate,1,23.5,97,0.0,4.8,11,1009.4,23,51.1,54.2,260.0,34.3,16.0,10.1
2026-03-06 05:00:00,2026,3,6,5,An Giang,Xã Giồng Riềng,9.9237413,105.2736878,93,Moderate,1,23.2,98,0.0,3.1,3,1009.5,16,58.3,61.5,245.0,35.1,13.0,10.6
2026-03-06 06:00:00,2026,3,6,6,An Giang,Xã Giồng Riềng,9.9237413,105.2736878,93,Moderate,1,23.0,98,0.4,5.4,4,1010.2,68,61.5,64.3,214.0,34.1,12.0,11.2
2026-03-06 07:00:00,2026,3,6,7,An Giang,Xã Giồng Riềng,9.9237413,105.2736878,95,Moderate,1,23.7,98,0.0,6.4,74,1011.1,30,50.8,52.7,189.0,29.3,23.0,12.5
2026-03-06 08:00:00,2026,3,6,8,An Giang,Xã Giồng Riềng,9.9237413,105.2736878,95,Moderate,1,25.4,90,0.0,8.2,64,1011.7,24,35.9,37.5,177.0,22.9,41.0,12.5
2026-03-06 09:00:00,2026,3,6,9,An Giang,Xã Giồng Riềng,9.9237413,105.2736878,95,Moderate,1,27.0,81,0.0,10.1,65,1012.7,94,25.3,26.4,170.0,14.0,67.0,12.4
2026-03-06 10:00:00,2026,3,6,10,An Giang,Xã Giồng Riềng,9.9237413,105.2736878,94,Moderate,1,27.8,78,0.1,9.1,52,1013.2,98,23.1,23.9,170.0,7.1,90.0,11.9
2026-03-06 11:00:00,2026,3,6,11,An Giang,Xã Giồng Riềng,9.9237413,105.2736878,95,Moderate,1,28.7,74,0.1,8.2,64,1012.7,68,23.6,24.2,178.0,4.2,108.0,10.5
2026-03-06 12:00:00,2026,3,6,12,An Giang,Xã Giồng Riềng,9.9237413,105.2736878,95,Moderate,1,30.0,66,0.1,7.4,61,1011.6,100,25.1,25.7,193.0,3.2,124.0,8.7
2026-03-06 13:00:00,2026,3,6,13,An Giang,Xã Giồng Riềng,9.9237413,105.2736878,96,Moderate,1,29.2,67,3.3,9.8,24,1010.8,22,27.0,27.5,205.0,2.8,136.0,7.1
2026-03-06 14:00:00,2026,3,6,14,An Giang,Xã Giồng Riềng,9.9237413,105.2736878,96,Moderate,1,26.5,80,0.6,16.5,346,1010.5,84,30.6,31.2,210.0,1.7,145.0,5.8
2026-03-06 15:00:00,2026,3,6,15,An Giang,Xã Giồng Riềng,9.9237413,105.2736878,97,Moderate,1,26.3,78,0.2,8.9,115,1009.7,72,33.2,33.8,213.0,1.2,150.0,4.8
2026-03-06 16:00:00,2026,3,6,16,An Giang,Xã Giồng Riềng,9.9237413,105.2736878,99,Moderate,1,26.7,79,0.4,2.7,62,1009.0,74,34.6,35.2,223.0,3.2,148.0,5.0
2026-03-06 17:00:00,2026,3,6,17,An Giang,Xã Giồng Riềng,9.9237413,105.2736878,100,Moderate,1,26.8,80,0.1,4.6,101,1008.6,10,36.2,36.7,242.0,10.4,132.0,7.2
2026-03-06 18:00:00,2026,3,6,18,An Giang,Xã Giồng Riềng,9.9237413,105.2736878,102,Unhealthy for Sensitive Groups,2,25.7,87,0.0,3.1,54,1008.9,9,43.5,44.0,266.0,20.2,109.0,10.5
2026-03-06 19:00:00,2026,3,6,19,An Giang,Xã Giồng Riềng,9.9237413,105.2736878,104,Unhealthy for Sensitive Groups,2,24.8,93,0.0,3.8,349,1009.7,86,66.6,67.3,297.0,27.4,88.0,13.3
2026-03-06 20:00:00,2026,3,6,20,An Giang,Xã Giồng Riềng,9.9237413,105.2736878,107,Unhealthy for Sensitive Groups,2,24.3,96,0.0,3.2,47,1011.0,91,69.4,69.6,340.0,23.2,96.0,13.3
2026-03-06 21:00:00,2026,3,6,21,An Giang,Xã Giồng Riềng,9.9237413,105.2736878,110,Unhealthy for Sensitive Groups,2,24.2,96,0.0,5.4,75,1011.9,99,56.5,56.7,390.0,17.6,106.0,13.4
2026-03-06 22:00:00,2026,3,6,22,An Giang,Xã Giồng Riềng,9.9237413,105.2736878,112,Unhealthy for Sensitive Groups,2,23.8,96,0.0,4.2,36,1012.1,59,46.3,46.7,425.0,14.1,110.0,13.4
2026-03-06 23:00:00,2026,3,6,23,An Giang,Xã Giồng Riềng,9.9237413,105.2736878,113,Unhealthy for Sensitive Groups,2,23.5,96,0.0,6.8,17,1012.3,34,45.4,45.6,436.0,14.5,103.0,13.2
2026-03-07 00:00:00,2026,3,7,0,An Giang,Xã Giồng Riềng,9.9237413,105.2736878,114,Unhealthy for Sensitive Groups,2,23.0,97,0.0,3.0,17,1012.3,34,47.6,47.8,434.0,17.2,90.0,13.0
2026-03-07 01:00:00,2026,3,7,1,An Giang,Xã Giồng Riềng,9.9237413,105.2736878,116,Unhealthy for Sensitive Groups,2,22.7,99,0.0,4.5,358,1011.5,47,51.9,52.3,427.0,20.4,77.0,13.0
2026-03-07 02:00:00,2026,3,7,2,An Giang,Xã Giồng Riềng,9.9237413,105.2736878,118,Unhealthy for Sensitive Groups,2,22.6,99,0.0,3.4,25,1010.5,74,58.4,58.8,415.0,24.4,67.0,13.3
2026-03-07 03:00:00,2026,3,7,3,An Giang,Xã Giồng Riềng,9.9237413,105.2736878,120,Unhealthy for Sensitive Groups,2,22.2,100,0.0,3.4,58,1010.1,80,67.1,67.3,400.0,29.1,57.0,13.7
2026-03-07 04:00:00,2026,3,7,4,An Giang,Xã Giồng Riềng,9.9237413,105.2736878,123,Unhealthy for Sensitive Groups,2,22.0,100,0.0,3.9,74,1010.0,2,73.8,74.0,394.0,32.3,49.0,14.3
2026-03-07 05:00:00,2026,3,7,5,An Giang,Xã Giồng Riềng,9.9237413,105.2736878,125,Unhealthy for Sensitive Groups,2,22.0,100,0.0,3.8,65,1010.3,81,78.9,79.4,413.0,33.9,42.0,15.1
2026-03-07 06:00:00,2026,3,7,6,An Giang,Xã Giồng Riềng,9.9237413,105.2736878,127,Unhealthy for Sensitive Groups,2,21.9,100,0.0,3.1,59,1010.9,100,84.1,84.8,442.0,34.1,37.0,16.0
2026-03-07 07:00:00,2026,3,7,7,An Giang,Xã Giồng Riềng,9.9237413,105.2736878,129,Unhealthy for Sensitive Groups,2,23.9,94,0.0,8.0,81,1012.0,37,57.7,61.5,448.0,26.5,39.0,14.6
2026-03-07 08:00:00,2026,3,7,8,An Giang,Xã Giồng Riềng,9.9237413,105.2736878,130,Unhealthy for Sensitive Groups,2,25.8,89,0.0,7.2,76,1012.6,1,49.1,53.4,409.0,21.1,60.0,14.3
2026-03-07 09:00:00,2026,3,7,9,An Giang,Xã Giồng Riềng,9.9237413,105.2736878,132,Unhealthy for Sensitive Groups,2,27.4,81,0.0,10.4,70,1013.0,20,36.4,41.4,347.0,13.5,89.0,13.9
2026-03-07 10:00:00,2026,3,7,10,An Giang,Xã Giồng Riềng,9.9237413,105.2736878,133,Unhealthy for Sensitive Groups,2,28.4,74,0.3,11.6,55,1013.2,25,32.4,38.0,299.0,7.5,114.0,13.3
2026-03-07 11:00:00,2026,3,7,11,An Giang,Xã Giồng Riềng,9.9237413,105.2736878,134,Unhealthy for Sensitive Groups,2,29.3,68,0.1,11.0,60,1013.0,18,28.5,33.4,282.0,4.6,131.0,12.1
2026-03-07 12:00:00,2026,3,7,12,An Giang,Xã Giồng Riềng,9.9237413,105.2736878,134,Unhealthy for Sensitive Groups,2,30.0,66,0.1,10.1,66,1011.9,30,26.3,29.8,278.0,3.3,145.0,10.7
2026-03-07 13:00:00,2026,3,7,13,An Giang,Xã Giồng Riềng,9.9237413,105.2736878,134,Unhealthy for Sensitive Groups,2,30.5,65,0.0,10.4,73,1011.1,35,25.1,27.2,277.0,2.6,156.0,9.8
2026-03-07 14:00:00,2026,3,7,14,An Giang,Xã Giồng Riềng,9.9237413,105.2736878,134,Unhealthy for Sensitive Groups,2,30.8,64,0.0,10.9,84,1010.0,46,25.6,27.0,275.0,1.8,167.0,9.7
2026-03-07 15:00:00,2026,3,7,15,An Giang,Xã Giồng Riềng,9.9237413,105.2736878,134,Unhealthy for Sensitive Groups,2,30.5,65,0.0,11.4,86,1009.3,39,26.8,28.1,275.0,1.6,176.0,10.1
2026-03-07 16:00:00,2026,3,7,16,An Giang,Xã Giồng Riềng,9.9237413,105.2736878,133,Unhealthy for Sensitive Groups,2,28.5,69,0.5,11.1,129,1009.3,96,27.6,28.9,275.0,3.1,175.0,10.8
2026-03-07 17:00:00,2026,3,7,17,An Giang,Xã Giồng Riềng,9.9237413,105.2736878,132,Unhealthy for Sensitive Groups,2,27.9,73,0.0,10.4,70,1009.6,85,29.3,30.4,275.0,7.7,159.0,12.0
2026-03-07 18:00:00,2026,3,7,18,An Giang,Xã Giồng Riềng,9.9237413,105.2736878,131,Unhealthy for Sensitive Groups,2,26.5,81,0.0,4.7,23,1009.8,34,39.8,40.6,276.0,14.1,134.0,13.5
2026-03-07 19:00:00,2026,3,7,19,An Giang,Xã Giồng Riềng,9.9237413,105.2736878,131,Unhealthy for Sensitive Groups,2,26.0,89,0.0,2.3,113,1010.8,32,38.1,39.2,275.0,15.0,114.0,13.4
2026-03-07 20:00:00,2026,3,7,20,An Giang,Xã Giồng Riềng,9.9237413,105.2736878,128,Unhealthy for Sensitive Groups,2,25.5,91,0.0,5.6,88,1011.6,19,40.7,41.7,273.0,18.0,101.0,14.3
2026-03-07 21:00:00,2026,3,7,21,An Giang,Xã Giồng Riềng,9.9237413,105.2736878,125,Unhealthy for Sensitive Groups,2,25.0,90,0.0,6.7,92,1012.1,3,46.0,47.4,269.0,22.1,83.0,15.5
2026-03-07 22:00:00,2026,3,7,22,An Giang,Xã Giồng Riềng,9.9237413,105.2736878,124,Unhealthy for Sensitive Groups,2,24.6,90,0.0,7.3,118,1012.6,9,51.7,54.4,266.0,25.0,67.0,15.8
2026-03-07 23:00:00,2026,3,7,23,An Giang,Xã Giồng Riềng,9.9237413,105.2736878,125,Unhealthy for Sensitive Groups,2,24.5,87,0.0,9.5,122,1012.6,3,48.3,51.0,263.0,25.4,57.0,14.2
2026-03-08 00:00:00,2026,3,8,0,An Giang,Xã Giồng Riềng,9.9237413,105.2736878,125,Unhealthy for Sensitive Groups,2,24.2,83,0.0,10.4,127,1012.3,0,45.8,48.4,261.0,24.6,49.0,11.5
2026-03-08 01:00:00,2026,3,8,1,An Giang,Xã Giồng Riềng,9.9237413,105.2736878,125,Unhealthy for Sensitive Groups,2,23.6,86,0.0,7.5,130,1011.6,16,45.6,48.5,258.0,24.7,43.0,9.6
2026-03-08 02:00:00,2026,3,8,2,An Giang,Xã Giồng Riềng,9.9237413,105.2736878,124,Unhealthy for Sensitive Groups,2,23.2,87,0.0,6.8,125,1011.2,8,49.1,52.5,252.0,27.1,38.0,9.0
2026-03-08 03:00:00,2026,3,8,3,An Giang,Xã Giồng Riềng,9.9237413,105.2736878,123,Unhealthy for Sensitive Groups,2,23.0,87,0.0,6.7,114,1011.1,14,54.4,58.1,246.0,30.3,34.0,9.0
2026-03-08 04:00:00,2026,3,8,4,An Giang,Xã Giồng Riềng,9.9237413,105.2736878,122,Unhealthy for Sensitive Groups,2,22.8,88,0.0,7.1,97,1011.1,12,56.5,60.3,246.0,32.3,32.0,9.3
2026-03-08 05:00:00,2026,3,8,5,An Giang,Xã Giồng Riềng,9.9237413,105.2736878,120,Unhealthy for Sensitive Groups,2,22.6,89,0.0,7.1,100,1011.2,0,56.6,60.3,260.0,32.5,29.0,9.9
2026-03-08 06:00:00,2026,3,8,6,An Giang,Xã Giồng Riềng,9.9237413,105.2736878,118,Unhealthy for Sensitive Groups,2,22.2,92,0.0,6.1,92,1011.6,0,57.7,61.5,280.0,31.5,27.0,10.8
2026-03-08 07:00:00,2026,3,8,7,An Giang,Xã Giồng Riềng,9.9237413,105.2736878,115,Unhealthy for Sensitive Groups,2,23.7,89,0.0,9.4,88,1012.4,0,45.6,49.2,294.0,22.2,48.0,9.9
2026-03-08 08:00:00,2026,3,8,8,An Giang,Xã Giồng Riềng,9.9237413,105.2736878,114,Unhealthy for Sensitive Groups,2,25.8,84,0.0,8.3,84,1012.9,0,39.8,43.9,295.0,18.0,65.0,10.5
2026-03-08 09:00:00,2026,3,8,9,An Giang,Xã Giồng Riềng,9.9237413,105.2736878,113,Unhealthy for Sensitive Groups,2,27.4,78,0.0,11.5,80,1013.2,27,31.5,35.6,290.0,12.1,90.0,11.3
2026-03-08 10:00:00,2026,3,8,10,An Giang,Xã Giồng Riềng,9.9237413,105.2736878,112,Unhealthy for Sensitive Groups,2,28.6,71,0.1,11.3,61,1013.2,61,30.5,32.7,285.0,7.4,114.0,11.6
2026-03-08 11:00:00,2026,3,8,11,An Giang,Xã Giồng Riềng,9.9237413,105.2736878,112,Unhealthy for Sensitive Groups,2,29.5,66,0.0,10.8,57,1012.8,23,33.2,35.0,284.0,4.9,138.0,11.1
2026-03-08 12:00:00,2026,3,8,12,An Giang,Xã Giồng Riềng,9.9237413,105.2736878,112,Unhealthy for Sensitive Groups,2,30.4,61,0.0,10.8,43,1011.5,21,35.3,37.1,284.0,3.4,162.0,10.2
2026-03-08 13:00:00,2026,3,8,13,An Giang,Xã Giồng Riềng,9.9237413,105.2736878,113,Unhealthy for Sensitive Groups,2,30.9,59,0.0,10.8,44,1010.7,63,36.0,38.1,284.0,2.6,179.0,9.5
2026-03-08 14:00:00,2026,3,8,14,An Giang,Xã Giồng Riềng,9.9237413,105.2736878,115,Unhealthy for Sensitive Groups,2,31.2,55,0.0,10.6,46,1009.8,18,35.5,37.8,278.0,1.8,187.0,9.1
2026-03-08 15:00:00,2026,3,8,15,An Giang,Xã Giồng Riềng,9.9237413,105.2736878,116,Unhealthy for Sensitive Groups,2,31.2,52,0.0,9.9,52,1008.9,23,34.6,37.0,272.0,1.5,188.0,8.9
2026-03-08 16:00:00,2026,3,8,16,An Giang,Xã Giồng Riềng,9.9237413,105.2736878,116,Unhealthy for Sensitive Groups,2,30.9,54,0.0,8.7,56,1008.8,88,35.0,37.5,278.0,3.4,181.0,9.3
2026-03-08 17:00:00,2026,3,8,17,An Giang,Xã Giồng Riềng,9.9237413,105.2736878,130,Unhealthy for Sensitive Groups,2,30.1,62,0.0,5.9,67,1008.7,9,38.0,40.3,314.0,9.4,161.0,11.2
2026-03-08 18:00:00,2026,3,8,18,An Giang,Xã Giồng Riềng,9.9237413,105.2736878,145,Unhealthy for Sensitive Groups,2,27.9,72,0.0,7.5,117,1009.2,9,49.2,51.0,362.0,17.6,132.0,13.7
2026-03-08 19:00:00,2026,3,8,19,An Giang,Xã Giồng Riềng,9.9237413,105.2736878,149,Unhealthy for Sensitive Groups,2,26.8,77,0.0,10.4,132,1009.8,7,61.0,62.6,388.0,23.2,107.0,14.9
2026-03-08 20:00:00,2026,3,8,20,An Giang,Xã Giồng Riềng,9.9237413,105.2736878,142,Unhealthy for Sensitive Groups,2,26.2,79,0.0,8.4,133,1010.6,3,61.0,62.4,369.0,21.3,97.0,13.6
2026-03-08 21:00:00,2026,3,8,21,An Giang,Xã Giồng Riềng,9.9237413,105.2736878,129,Unhealthy for Sensitive Groups,2,25.6,81,0.0,11.8,134,1011.2,1,46.4,47.7,326.0,18.6,84.0,11.8
2026-03-08 22:00:00,2026,3,8,22,An Giang,Xã Giồng Riềng,9.9237413,105.2736878,124,Unhealthy for Sensitive Groups,2,24.9,80,0.0,13.9,128,1011.7,0,32.7,34.3,291.0,16.5,73.0,10.1
2026-03-08 23:00:00,2026,3,8,23,An Giang,Xã Giồng Riềng,9.9237413,105.2736878,122,Unhealthy for Sensitive Groups,2,24.2,85,0.0,14.3,129,1011.8,0,25.8,27.9,275.0,15.5,68.0,8.7
2026-03-09 00:00:00,2026,3,9,0,An Giang,Xã Giồng Riềng,9.9237413,105.2736878,119,Unhealthy for Sensitive Groups,2,24.0,89,0.0,13.8,139,1011.7,0,22.8,24.7,267.0,15.0,66.0,7.5
2026-03-09 01:00:00,2026,3,9,1,An Giang,Xã Giồng Riềng,9.9237413,105.2736878,117,Unhealthy for Sensitive Groups,2,23.5,92,0.0,11.8,146,1011.4,0,22.1,24.0,259.0,15.0,64.0,6.6
2026-03-09 02:00:00,2026,3,9,2,An Giang,Xã Giồng Riềng,9.9237413,105.2736878,114,Unhealthy for Sensitive Groups,2,23.4,93,0.0,9.6,133,1010.9,0,22.6,24.6,247.0,15.5,62.0,6.1
2026-03-09 03:00:00,2026,3,9,3,An Giang,Xã Giồng Riềng,9.9237413,105.2736878,112,Unhealthy for Sensitive Groups,2,23.1,95,0.0,8.7,128,1010.6,0,23.9,26.1,234.0,16.4,60.0,5.9
2026-03-09 04:00:00,2026,3,9,4,An Giang,Xã Giồng Riềng,9.9237413,105.2736878,108,Unhealthy for Sensitive Groups,2,23.0,96,0.0,6.2,123,1010.7,0,25.7,27.9,229.0,17.7,57.0,6.0
2026-03-09 05:00:00,2026,3,9,5,An Giang,Xã Giồng Riềng,9.9237413,105.2736878,105,Unhealthy for Sensitive Groups,2,22.8,97,0.0,5.3,118,1011.1,0,28.8,31.1,237.0,20.2,49.0,6.6
2026-03-09 06:00:00,2026,3,9,6,An Giang,Xã Giồng Riềng,9.9237413,105.2736878,102,Unhealthy for Sensitive Groups,2,22.4,98,0.0,4.5,106,1011.6,2,33.9,36.2,251.0,23.0,39.0,7.5
2026-03-09 07:00:00,2026,3,9,7,An Giang,Xã Giồng Riềng,9.9237413,105.2736878,100,Moderate,1,23.7,97,0.0,4.7,47,1012.5,3,34.8,37.0,262.0,21.1,45.0,7.9
2026-03-09 08:00:00,2026,3,9,8,An Giang,Xã Giồng Riềng,9.9237413,105.2736878,99,Moderate,1,26.0,87,0.0,8.1,84,1013.2,39,28.1,31.4,263.0,16.8,66.0,8.9
2026-03-09 09:00:00,2026,3,9,9,An Giang,Xã Giồng Riềng,9.9237413,105.2736878,98,Moderate,1,27.5,81,0.1,10.7,77,1013.7,48,22.2,26.3,261.0,10.8,96.0,10.3
2026-03-09 10:00:00,2026,3,9,10,An Giang,Xã Giồng Riềng,9.9237413,105.2736878,97,Moderate,1,28.3,76,0.1,11.6,71,1013.7,15,24.3,28.1,260.0,6.1,123.0,11.2
2026-03-09 11:00:00,2026,3,9,11,An Giang,Xã Giồng Riềng,9.9237413,105.2736878,97,Moderate,1,29.4,70,0.1,10.8,60,1013.4,13,28.3,30.3,263.0,3.9,143.0,10.9
2026-03-09 12:00:00,2026,3,9,12,An Giang,Xã Giồng Riềng,9.9237413,105.2736878,96,Moderate,1,30.2,64,0.0,11.5,48,1012.1,18,31.4,33.2,269.0,3.0,161.0,10.1
2026-03-09 13:00:00,2026,3,9,13,An Giang,Xã Giồng Riềng,9.9237413,105.2736878,96,Moderate,1,30.0,63,0.0,10.9,51,1011.4,19,32.4,33.9,275.0,2.5,174.0,9.7
2026-03-09 14:00:00,2026,3,9,14,An Giang,Xã Giồng Riềng,9.9237413,105.2736878,95,Moderate,1,30.2,63,0.1,10.2,66,1010.7,27,33.8,35.2,281.0,2.0,184.0,10.0
2026-03-09 15:00:00,2026,3,9,15,An Giang,Xã Giồng Riềng,9.9237413,105.2736878,95,Moderate,1,30.1,65,0.0,9.0,77,1010.1,5,34.7,36.1,288.0,2.0,190.0,10.7
2026-03-09 16:00:00,2026,3,9,16,An Giang,Xã Giồng Riềng,9.9237413,105.2736878,108,Unhealthy for Sensitive Groups,2,30.1,65,0.0,7.4,93,1009.9,7,34.9,36.2,297.0,3.1,188.0,11.4
2026-03-09 17:00:00,2026,3,9,17,An Giang,Xã Giồng Riềng,9.9237413,105.2736878,134,Unhealthy for Sensitive Groups,2,29.5,68,0.0,6.4,119,1009.7,6,36.1,37.3,314.0,6.4,173.0,12.3
2026-03-09 18:00:00,2026,3,9,18,An Giang,Xã Giồng Riềng,9.9237413,105.2736878,151,Unhealthy,3,28.0,78,0.0,3.9,124,1010.1,30,42.1,43.0,334.0,10.8,149.0,13.4
2026-03-09 19:00:00,2026,3,9,19,An Giang,Xã Giồng Riềng,9.9237413,105.2736878,155,Unhealthy,3,25.1,89,1.8,4.5,166,1011.1,41,49.6,50.4,336.0,17.6,114.0,14.7
2026-03-09 20:00:00,2026,3,9,20,An Giang,Xã Giồng Riềng,9.9237413,105.2736878,150,Unhealthy for Sensitive Groups,2,25.1,92,0.1,4.3,75,1012.2,55,50.5,51.2,307.0,17.6,103.0,14.5
2026-03-09 21:00:00,2026,3,9,21,An Giang,Xã Giồng Riềng,9.9237413,105.2736878,138,Unhealthy for Sensitive Groups,2,25.1,88,0.0,5.8,94,1012.7,38,45.9,46.6,261.0,17.6,88.0,14.0
2026-03-09 22:00:00,2026,3,9,22,An Giang,Xã Giồng Riềng,9.9237413,105.2736878,119,Unhealthy for Sensitive Groups,2,24.9,89,0.0,7.4,122,1013.0,41,35.5,36.8,224.0,17.4,75.0,13.2
2026-03-09 23:00:00,2026,3,9,23,An Giang,Xã Giồng Riềng,9.9237413,105.2736878,96,Moderate,1,24.8,91,0.0,10.3,112,1013.3,54,27.1,29.3,205.0,16.5,66.0,11.5
2026-03-10 00:00:00,2026,3,10,0,An Giang,Xã Giồng Riềng,9.9237413,105.2736878,93,Moderate,1,24.5,92,0.0,9.0,95,1013.5,21,23.1,25.6,194.0,15.5,59.0,9.4
2026-03-10 01:00:00,2026,3,10,1,An Giang,Xã Giồng Riềng,9.9237413,105.2736878,93,Moderate,1,24.0,94,0.0,6.1,78,1012.7,45,22.3,25.0,186.0,15.1,53.0,7.8
2026-03-10 02:00:00,2026,3,10,2,An Giang,Xã Giồng Riềng,9.9237413,105.2736878,93,Moderate,1,24.4,94,0.0,8.0,121,1012.1,11,23.2,25.8,177.0,16.0,49.0,7.1
2026-03-10 03:00:00,2026,3,10,3,An Giang,Xã Giồng Riềng,9.9237413,105.2736878,93,Moderate,1,24.2,94,0.0,7.7,118,1011.3,11,24.9,27.4,172.0,17.7,47.0,6.9
2026-03-10 04:00:00,2026,3,10,4,An Giang,Xã Giồng Riềng,9.9237413,105.2736878,93,Moderate,1,24.0,94,0.0,7.4,112,1011.3,2,27.4,29.9,171.0,19.4,44.0,7.1
2026-03-10 05:00:00,2026,3,10,5,An Giang,Xã Giồng Riềng,9.9237413,105.2736878,93,Moderate,1,23.6,95,0.0,5.1,98,1011.5,4,30.6,33.1,180.0,21.9,36.0,7.8
2026-03-10 06:00:00,2026,3,10,6,An Giang,Xã Giồng Riềng,9.9237413,105.2736878,93,Moderate,1,23.2,96,0.0,4.6,72,1012.0,34,35.2,37.7,194.0,24.5,28.0,8.8
2026-03-10 07:00:00,2026,3,10,7,An Giang,Xã Giồng Riềng,9.9237413,105.2736878,93,Moderate,1,24.8,90,0.0,7.3,70,1013.1,2,32.0,33.8,205.0,22.1,35.0,9.0
2026-03-10 08:00:00,2026,3,10,8,An Giang,Xã Giồng Riềng,9.9237413,105.2736878,93,Moderate,1,26.9,84,0.0,8.0,82,1013.8,2,26.2,28.8,210.0,18.1,53.0,9.9
2026-03-10 09:00:00,2026,3,10,9,An Giang,Xã Giồng Riềng,9.9237413,105.2736878,93,Moderate,1,28.3,79,0.0,11.4,71,1014.1,12,21.5,24.7,212.0,12.4,79.0,11.2
2026-03-10 10:00:00,2026,3,10,10,An Giang,Xã Giồng Riềng,9.9237413,105.2736878,93,Moderate,1,29.5,72,0.0,13.1,52,1014.3,32,21.9,25.4,215.0,7.8,102.0,11.7
2026-03-10 11:00:00,2026,3,10,11,An Giang,Xã Giồng Riềng,9.9237413,105.2736878,93,Moderate,1,30.4,67,0.1,11.3,47,1013.8,80,19.2,20.7,221.0,5.1,120.0,10.7
2026-03-10 12:00:00,2026,3,10,12,An Giang,Xã Giồng Riềng,9.9237413,105.2736878,92,Moderate,1,30.9,64,0.0,10.8,53,1012.4,59,18.6,19.3,228.0,3.5,137.0,9.0
2026-03-10 13:00:00,2026,3,10,13,An Giang,Xã Giồng Riềng,9.9237413,105.2736878,91,Moderate,1,31.4,61,0.0,10.8,72,1011.9,33,19.5,20.3,232.0,2.5,148.0,7.7
2026-03-10 14:00:00,2026,3,10,14,An Giang,Xã Giồng Riềng,9.9237413,105.2736878,90,Moderate,1,31.3,61,0.0,11.7,80,1011.1,20,21.8,22.6,230.0,1.9,154.0,7.3
2026-03-10 15:00:00,2026,3,10,15,An Giang,Xã Giồng Riềng,9.9237413,105.2736878,89,Moderate,1,31.1,61,0.0,11.5,87,1010.3,11,24.2,25.2,225.0,1.9,156.0,7.3
2026-03-10 16:00:00,2026,3,10,16,An Giang,Xã Giồng Riềng,9.9237413,105.2736878,88,Moderate,1,30.9,62,0.0,7.2,102,1010.1,41,23.7,24.5,226.0,3.5,151.0,7.9
2026-03-10 17:00:00,2026,3,10,17,An Giang,Xã Giồng Riềng,9.9237413,105.2736878,89,Moderate,1,27.9,76,3.4,12.1,95,1010.9,75,25.7,26.3,240.0,7.7,137.0,9.5
2026-03-10 18:00:00,2026,3,10,18,An Giang,Xã Giồng Riềng,9.9237413,105.2736878,102,Unhealthy for Sensitive Groups,2,25.0,89,2.3,7.9,13,1011.1,26,29.1,29.6,260.0,13.5,117.0,11.7
2026-03-10 19:00:00,2026,3,10,19,An Giang,Xã Giồng Riềng,9.9237413,105.2736878,105,Unhealthy for Sensitive Groups,2,25.5,89,0.1,9.9,46,1011.8,15,34.3,34.9,269.0,16.6,99.0,12.8
2026-03-10 20:00:00,2026,3,10,20,An Giang,Xã Giồng Riềng,9.9237413,105.2736878,100,Moderate,1,24.7,89,0.0,4.8,63,1012.5,9,39.5,40.3,256.0,18.3,86.0,13.1
2026-03-10 21:00:00,2026,3,10,21,An Giang,Xã Giồng Riềng,9.9237413,105.2736878,89,Moderate,1,24.6,91,0.0,7.2,117,1012.9,3,39.9,40.7,232.0,20.5,69.0,13.3
2026-03-10 22:00:00,2026,3,10,22,An Giang,Xã Giồng Riềng,9.9237413,105.2736878,82,Moderate,1,25.2,85,0.0,11.4,108,1013.2,1,35.2,36.8,213.0,21.7,56.0,13.0
2026-03-10 23:00:00,2026,3,10,23,An Giang,Xã Giồng Riềng,9.9237413,105.2736878,82,Moderate,1,24.9,85,0.0,9.5,99,1013.1,71,29.6,31.3,203.0,20.6,51.0,11.4
2026-03-11 00:00:00,2026,3,11,0,An Giang,Xã Giồng Riềng,9.9237413,105.2736878,82,Moderate,1,24.1,90,0.0,5.2,88,1012.8,17,26.1,27.9,198.0,18.5,51.0,9.2
2026-03-11 01:00:00,2026,3,11,1,An Giang,Xã Giồng Riềng,9.9237413,105.2736878,82,Moderate,1,24.2,92,0.0,5.0,21,1012.5,99,24.6,26.4,201.0,17.5,50.0,7.6
2026-03-11 02:00:00,2026,3,11,2,An Giang,Xã Giồng Riềng,9.9237413,105.2736878,82,Moderate,1,24.5,92,0.0,4.2,59,1011.9,88,25.0,26.9,217.0,18.6,46.0,7.0
2026-03-11 03:00:00,2026,3,11,3,An Giang,Xã Giồng Riềng,9.9237413,105.2736878,83,Moderate,1,24.4,92,0.0,5.4,86,1011.1,95,27.1,28.9,241.0,20.9,42.0,7.1
2026-03-11 04:00:00,2026,3,11,4,An Giang,Xã Giồng Riềng,9.9237413,105.2736878,83,Moderate,1,24.1,93,0.0,6.6,79,1010.8,95,30.5,32.4,260.0,23.1,38.0,7.6
2026-03-11 05:00:00,2026,3,11,5,An Giang,Xã Giồng Riềng,9.9237413,105.2736878,83,Moderate,1,23.9,93,0.0,7.5,73,1011.1,88,35.7,37.5,268.0,25.9,30.0,8.8
2026-03-11 06:00:00,2026,3,11,6,An Giang,Xã Giồng Riềng,9.9237413,105.2736878,84,Moderate,1,23.5,94,0.0,7.5,75,1011.4,87,41.0,42.8,270.0,28.7,21.0,10.5
2026-03-11 07:00:00,2026,3,11,7,An Giang,Xã Giồng Riềng,9.9237413,105.2736878,84,Moderate,1,24.6,91,0.1,8.2,61,1012.7,27,44.6,46.1,270.0,28.5,27.0,11.1
2026-03-11 08:00:00,2026,3,11,8,An Giang,Xã Giồng Riềng,9.9237413,105.2736878,85,Moderate,1,26.6,82,0.0,11.5,76,1013.4,66,44.6,47.1,268.0,23.2,57.0,13.2
2026-03-11 09:00:00,2026,3,11,9,An Giang,Xã Giồng Riềng,9.9237413,105.2736878,87,Moderate,1,27.9,76,0.0,12.9,58,1013.9,32,38.0,41.3,264.0,15.9,100.0,15.9
2026-03-11 10:00:00,2026,3,11,10,An Giang,Xã Giồng Riềng,9.9237413,105.2736878,88,Moderate,1,29.0,72,0.0,12.3,51,1013.4,18,32.1,34.1,260.0,9.8,134.0,17.1
2026-03-11 11:00:00,2026,3,11,11,An Giang,Xã Giồng Riềng,9.9237413,105.2736878,89,Moderate,1,29.8,68,0.1,10.9,51,1012.9,41,28.9,29.5,257.0,6.3,153.0,15.3
2026-03-11 12:00:00,2026,3,11,12,An Giang,Xã Giồng Riềng,9.9237413,105.2736878,90,Moderate,1,30.6,63,0.0,7.9,47,1011.9,54,26.8,27.7,254.0,4.1,164.0,11.9
2026-03-11 13:00:00,2026,3,11,13,An Giang,Xã Giồng Riềng,9.9237413,105.2736878,91,Moderate,1,30.9,59,0.0,9.3,74,1011.0,23,24.0,24.9,253.0,2.7,171.0,9.4
2026-03-11 14:00:00,2026,3,11,14,An Giang,Xã Giồng Riềng,9.9237413,105.2736878,91,Moderate,1,31.0,57,0.0,7.5,73,1010.2,13,22.8,23.7,252.0,1.6,175.0,8.5
2026-03-11 15:00:00,2026,3,11,15,An Giang,Xã Giồng Riềng,9.9237413,105.2736878,91,Moderate,1,31.1,57,0.0,6.7,74,1009.4,56,22.1,23.1,253.0,1.4,174.0,8.5
2026-03-11 16:00:00,2026,3,11,16,An Giang,Xã Giồng Riềng,9.9237413,105.2736878,106,Unhealthy for Sensitive Groups,2,30.9,58,0.0,6.4,63,1009.0,19,22.1,23.0,257.0,3.1,167.0,9.2
2026-03-11 17:00:00,2026,3,11,17,An Giang,Xã Giồng Riềng,9.9237413,105.2736878,130,Unhealthy for Sensitive Groups,2,30.3,57,0.0,7.6,36,1009.0,16,23.5,24.4,267.0,8.6,151.0,11.2
2026-03-11 18:00:00,2026,3,11,18,An Giang,Xã Giồng Riềng,9.9237413,105.2736878,141,Unhealthy for Sensitive Groups,2,28.5,66,0.0,5.4,159,1009.5,17,34.3,34.9,280.0,16.0,130.0,13.9
2026-03-11 19:00:00,2026,3,11,19,An Giang,Xã Giồng Riềng,9.9237413,105.2736878,140,Unhealthy for Sensitive Groups,2,26.6,83,0.0,7.3,74,1010.1,25,38.0,38.3,293.0,14.3,120.0,12.9
2026-03-11 20:00:00,2026,3,11,20,An Giang,Xã Giồng Riềng,9.9237413,105.2736878,133,Unhealthy for Sensitive Groups,2,26.2,84,0.3,9.5,141,1011.2,55,36.9,37.4,310.0,14.4,106.0,11.7
2026-03-11 21:00:00,2026,3,11,21,An Giang,Xã Giồng Riềng,9.9237413,105.2736878,120,Unhealthy for Sensitive Groups,2,25.4,79,0.0,10.6,161,1011.5,25,31.5,32.4,327.0,14.6,86.0,9.9
2026-03-11 22:00:00,2026,3,11,22,An Giang,Xã Giồng Riềng,9.9237413,105.2736878,102,Unhealthy for Sensitive Groups,2,24.8,81,0.0,9.1,148,1012.1,14,26.0,27.1,329.0,14.7,71.0,8.5
2026-03-11 23:00:00,2026,3,11,23,An Giang,Xã Giồng Riềng,9.9237413,105.2736878,90,Moderate,1,24.6,84,0.0,8.7,130,1012.1,6,23.3,25.2,302.0,14.5,66.0,7.6
2026-03-12 00:00:00,2026,3,12,0,An Giang,Xã Giồng Riềng,9.9237413,105.2736878,89,Moderate,1,24.5,86,0.0,8.8,129,1012.2,13,21.8,23.9,259.0,14.2,66.0,7.0
2026-03-12 01:00:00,2026,3,12,1,An Giang,Xã Giồng Riềng,9.9237413,105.2736878,89,Moderate,1,24.5,86,0.0,9.6,123,1011.4,32,21.8,24.0,225.0,14.5,66.0,6.7
2026-03-12 02:00:00,2026,3,12,2,An Giang,Xã Giồng Riềng,9.9237413,105.2736878,89,Moderate,1,24.2,86,0.0,4.8,110,1011.0,58,22.4,24.6,207.0,15.7,63.0,6.6
2026-03-12 03:00:00,2026,3,12,3,An Giang,Xã Giồng Riềng,9.9237413,105.2736878,88,Moderate,1,23.9,87,0.0,1.2,27,1010.5,28,23.9,26.2,197.0,17.4,59.0,6.7
2026-03-12 04:00:00,2026,3,12,4,An Giang,Xã Giồng Riềng,9.9237413,105.2736878,88,Moderate,1,23.6,86,0.0,5.9,121,1010.4,23,27.1,29.4,196.0,19.2,55.0,7.0
2026-03-12 05:00:00,2026,3,12,5,An Giang,Xã Giồng Riềng,9.9237413,105.2736878,88,Moderate,1,23.5,84,0.0,7.3,121,1010.6,50,31.8,34.0,210.0,21.6,48.0,7.5
2026-03-12 06:00:00,2026,3,12,6,An Giang,Xã Giồng Riềng,9.9237413,105.2736878,87,Moderate,1,23.5,83,0.0,7.8,113,1011.2,52,35.0,37.3,234.0,24.0,40.0,8.3
2026-03-12 07:00:00,2026,3,12,7,An Giang,Xã Giồng Riềng,9.9237413,105.2736878,87,Moderate,1,24.6,83,0.0,11.0,95,1011.8,7,24.7,26.9,251.0,17.3,56.0,7.6
2026-03-12 08:00:00,2026,3,12,8,An Giang,Xã Giồng Riềng,9.9237413,105.2736878,85,Moderate,1,26.5,77,0.0,12.0,99,1012.5,20,21.4,24.0,254.0,14.4,67.0,8.2
2026-03-12 09:00:00,2026,3,12,9,An Giang,Xã Giồng Riềng,9.9237413,105.2736878,83,Moderate,1,28.0,72,0.0,15.4,95,1012.6,5,18.5,21.7,252.0,10.4,82.0,9.1
2026-03-12 10:00:00,2026,3,12,10,An Giang,Xã Giồng Riềng,9.9237413,105.2736878,81,Moderate,1,29.7,63,0.0,16.1,86,1012.6,8,19.6,23.5,249.0,7.1,101.0,9.8
2026-03-12 11:00:00,2026,3,12,11,An Giang,Xã Giồng Riềng,9.9237413,105.2736878,80,Moderate,1,30.5,58,0.1,16.5,82,1012.0,23,21.6,25.6,250.0,5.1,125.0,10.3
2026-03-12 12:00:00,2026,3,12,12,An Giang,Xã Giồng Riềng,9.9237413,105.2736878,80,Moderate,1,30.9,55,0.0,17.2,85,1010.8,15,22.1,23.7,251.0,3.7,152.0,10.7
2026-03-12 13:00:00,2026,3,12,13,An Giang,Xã Giồng Riềng,9.9237413,105.2736878,79,Moderate,1,31.4,53,0.0,15.4,83,1009.9,8,25.6,26.8,249.0,2.9,171.0,10.9
2026-03-12 14:00:00,2026,3,12,14,An Giang,Xã Giồng Riềng,9.9237413,105.2736878,79,Moderate,1,31.5,52,0.0,15.8,82,1008.8,16,28.1,29.3,242.0,2.5,180.0,11.0
2026-03-12 15:00:00,2026,3,12,15,An Giang,Xã Giồng Riềng,9.9237413,105.2736878,80,Moderate,1,31.2,52,0.0,15.3,86,1008.0,16,28.4,29.7,232.0,2.6,182.0,10.9
2026-03-12 16:00:00,2026,3,12,16,An Giang,Xã Giồng Riềng,9.9237413,105.2736878,92,Moderate,1,30.4,54,0.1,14.8,90,1008.1,38,28.1,29.6,227.0,3.6,175.0,10.8
2026-03-12 17:00:00,2026,3,12,17,An Giang,Xã Giồng Riềng,9.9237413,105.2736878,115,Unhealthy for Sensitive Groups,2,29.5,57,0.1,13.9,96,1008.3,20,25.3,26.7,230.0,6.1,155.0,10.7
2026-03-12 18:00:00,2026,3,12,18,An Giang,Xã Giồng Riềng,9.9237413,105.2736878,130,Unhealthy for Sensitive Groups,2,28.2,59,0.0,12.8,101,1008.9,38,24.5,25.9,237.0,9.6,127.0,10.4
2026-03-12 19:00:00,2026,3,12,19,An Giang,Xã Giồng Riềng,9.9237413,105.2736878,136,Unhealthy for Sensitive Groups,2,27.2,64,0.0,12.2,121,1009.5,19,16.9,18.0,243.0,11.8,99.0,9.8
2026-03-12 20:00:00,2026,3,12,20,An Giang,Xã Giồng Riềng,9.9237413,105.2736878,130,Unhealthy for Sensitive Groups,2,26.9,67,0.0,14.6,123,1010.5,7,16.5,18.2,247.0,11.8,92.0,9.2
2026-03-12 21:00:00,2026,3,12,21,An Giang,Xã Giồng Riềng,9.9237413,105.2736878,118,Unhealthy for Sensitive Groups,2,26.1,72,0.0,17.0,120,1011.2,4,16.6,18.5,251.0,11.7,82.0,8.4
2026-03-12 22:00:00,2026,3,12,22,An Giang,Xã Giồng Riềng,9.9237413,105.2736878,99,Moderate,1,25.3,77,0.0,14.7,115,1011.6,6,18.0,20.1,252.0,11.8,75.0,7.7
2026-03-12 23:00:00,2026,3,12,23,An Giang,Xã Giồng Riềng,9.9237413,105.2736878,76,Moderate,1,25.0,79,0.0,15.0,114,1011.9,6,19.2,21.5,248.0,12.0,73.0,7.2
2026-03-13 00:00:00,2026,3,13,0,An Giang,Xã Giồng Riềng,9.9237413,105.2736878,74,Moderate,1,24.6,80,0.0,14.2,114,1011.6,4,19.6,22.0,242.0,12.3,73.0,6.9
2026-03-13 01:00:00,2026,3,13,1,An Giang,Xã Giồng Riềng,9.9237413,105.2736878,74,Moderate,1,24.6,80,0.0,12.4,118,1011.1,9,19.6,22.1,236.0,12.7,72.0,6.6
2026-03-13 02:00:00,2026,3,13,2,An Giang,Xã Giồng Riềng,9.9237413,105.2736878,74,Moderate,1,24.8,78,0.0,14.0,118,1010.6,5,19.6,22.1,231.0,13.2,69.0,6.2
2026-03-13 03:00:00,2026,3,13,3,An Giang,Xã Giồng Riềng,9.9237413,105.2736878,73,Moderate,1,24.5,77,0.0,13.7,115,1010.3,5,20.1,22.6,226.0,13.9,66.0,5.8
2026-03-13 04:00:00,2026,3,13,4,An Giang,Xã Giồng Riềng,9.9237413,105.2736878,73,Moderate,1,24.2,76,0.0,13.9,113,1010.5,17,21.4,23.6,229.0,15.1,62.0,5.9
2026-03-13 05:00:00,2026,3,13,5,An Giang,Xã Giồng Riềng,9.9237413,105.2736878,73,Moderate,1,24.0,77,0.0,14.0,106,1010.5,6,23.6,25.7,245.0,17.6,54.0,6.6
2026-03-13 06:00:00,2026,3,13,6,An Giang,Xã Giồng Riềng,9.9237413,105.2736878,72,Moderate,1,23.8,77,0.0,14.0,98,1011.1,2,26.9,28.8,268.0,20.6,46.0,7.7
2026-03-13 07:00:00,2026,3,13,7,An Giang,Xã Giồng Riềng,9.9237413,105.2736878,71,Moderate,1,24.6,80,0.0,13.0,100,1012.0,2,33.3,35.4,286.0,21.6,47.0,8.7
2026-03-13 08:00:00,2026,3,13,8,An Giang,Xã Giồng Riềng,9.9237413,105.2736878,72,Moderate,1,26.8,73,0.0,17.9,93,1012.7,5,25.7,28.6,293.0,17.8,64.0,9.9
2026-03-13 09:00:00,2026,3,13,9,An Giang,Xã Giồng Riềng,9.9237413,105.2736878,72,Moderate,1,28.1,69,0.0,20.8,85,1013.1,9,22.2,25.7,294.0,12.5,87.0,11.5
2026-03-13 10:00:00,2026,3,13,10,An Giang,Xã Giồng Riềng,9.9237413,105.2736878,73,Moderate,1,29.4,62,0.0,21.5,78,1013.2,18,21.9,26.0,294.0,8.1,108.0,12.1
2026-03-13 11:00:00,2026,3,13,11,An Giang,Xã Giồng Riềng,9.9237413,105.2736878,73,Moderate,1,30.2,59,0.1,19.3,74,1012.8,44,21.2,24.7,292.0,5.4,125.0,10.9
2026-03-13 12:00:00,2026,3,13,12,An Giang,Xã Giồng Riềng,9.9237413,105.2736878,73,Moderate,1,30.9,55,0.0,16.8,81,1011.5,38,20.4,22.8,288.0,3.5,140.0,8.8
2026-03-13 13:00:00,2026,3,13,13,An Giang,Xã Giồng Riềng,9.9237413,105.2736878,73,Moderate,1,30.5,55,0.0,18.0,91,1010.8,16,17.3,19.4,286.0,2.3,150.0,7.1
2026-03-13 14:00:00,2026,3,13,14,An Giang,Xã Giồng Riềng,9.9237413,105.2736878,72,Moderate,1,31.4,49,0.0,16.5,83,1009.8,11,16.1,18.2,286.0,1.7,152.0,6.3
2026-03-13 15:00:00,2026,3,13,15,An Giang,Xã Giồng Riềng,9.9237413,105.2736878,71,Moderate,1,31.2,49,0.0,15.4,85,1009.1,29,15.1,17.2,287.0,1.8,149.0,6.0
2026-03-13 16:00:00,2026,3,13,16,An Giang,Xã Giồng Riềng,9.9237413,105.2736878,74,Moderate,1,30.5,49,0.0,15.8,88,1008.7,59,14.3,16.4,292.0,2.9,141.0,6.1
2026-03-13 17:00:00,2026,3,13,17,An Giang,Xã Giồng Riềng,9.9237413,105.2736878,90,Moderate,1,30.1,50,0.0,12.1,83,1009.3,80,14.4,16.5,304.0,5.7,128.0,6.9
2026-03-13 18:00:00,2026,3,13,18,An Giang,Xã Giồng Riềng,9.9237413,105.2736878,99,Moderate,1,27.4,62,0.0,8.0,14,1010.2,31,16.9,19.0,320.0,9.6,110.0,8.0
2026-03-13 19:00:00,2026,3,13,19,An Giang,Xã Giồng Riềng,9.9237413,105.2736878,99,Moderate,1,25.1,80,0.0,4.7,23,1010.6,28,28.8,31.7,337.0,15.0,90.0,9.6
2026-03-13 20:00:00,2026,3,13,20,An Giang,Xã Giồng Riềng,9.9237413,105.2736878,92,Moderate,1,25.1,83,0.0,3.3,29,1012.0,84,29.1,31.5,354.0,15.1,85.0,9.6
2026-03-13 21:00:00,2026,3,13,21,An Giang,Xã Giồng Riềng,9.9237413,105.2736878,80,Moderate,1,25.0,82,0.0,4.5,74,1012.5,9,27.3,29.7,372.0,15.3,78.0,9.6
2026-03-13 22:00:00,2026,3,13,22,An Giang,Xã Giồng Riềng,9.9237413,105.2736878,70,Moderate,1,24.9,76,0.0,6.3,83,1013.0,6,26.2,28.8,393.0,15.6,72.0,9.4
2026-03-13 23:00:00,2026,3,13,23,An Giang,Xã Giồng Riềng,9.9237413,105.2736878,71,Moderate,1,24.3,75,0.0,6.3,90,1012.8,31,26.7,29.5,425.0,16.1,70.0,9.0
2026-03-14 00:00:00,2026,3,14,0,An Giang,Xã Giồng Riềng,9.9237413,105.2736878,71,Moderate,1,24.1,77,0.0,6.4,117,1012.5,96,28.2,31.2,459.0,16.7,69.0,8.5
2026-03-14 01:00:00,2026,3,14,1,An Giang,Xã Giồng Riềng,9.9237413,105.2736878,72,Moderate,1,24.1,81,0.0,5.4,120,1011.8,47,30.7,33.8,470.0,17.8,67.0,8.1
2026-03-14 02:00:00,2026,3,14,2,An Giang,Xã Giồng Riềng,9.9237413,105.2736878,73,Moderate,1,24.0,82,0.0,5.3,108,1011.6,95,33.9,36.8,435.0,19.6,62.0,7.9
2026-03-14 03:00:00,2026,3,14,3,An Giang,Xã Giồng Riềng,9.9237413,105.2736878,74,Moderate,1,24.1,82,0.0,7.2,112,1011.1,100,36.3,39.2,377.0,21.9,57.0,7.8
2026-03-14 04:00:00,2026,3,14,4,An Giang,Xã Giồng Riềng,9.9237413,105.2736878,76,Moderate,1,24.3,82,0.0,7.4,104,1011.1,100,37.7,40.6,333.0,23.6,52.0,7.9
2026-03-14 05:00:00,2026,3,14,5,An Giang,Xã Giồng Riềng,9.9237413,105.2736878,77,Moderate,1,24.1,84,0.0,8.3,108,1011.4,99,38.5,41.3,319.0,25.0,47.0,8.3
2026-03-14 06:00:00,2026,3,14,6,An Giang,Xã Giồng Riềng,9.9237413,105.2736878,78,Moderate,1,24.0,85,0.0,6.0,95,1012.3,48,39.3,42.1,319.0,25.8,43.0,8.9
2026-03-14 07:00:00,2026,3,14,7,An Giang,Xã Giồng Riềng,9.9237413,105.2736878,80,Moderate,1,25.2,81,0.0,8.0,81,1013.2,17,36.7,38.8,323.0,24.2,49.0,9.8
2026-03-14 08:00:00,2026,3,14,8,An Giang,Xã Giồng Riềng,9.9237413,105.2736878,80,Moderate,1,27.0,76,0.0,10.4,70,1014.0,18,31.1,33.6,327.0,19.7,68.0,10.6
2026-03-14 09:00:00,2026,3,14,9,An Giang,Xã Giồng Riềng,9.9237413,105.2736878,80,Moderate,1,28.5,69,0.0,12.4,69,1014.2,13,24.8,27.8,334.0,13.5,94.0,11.7
2026-03-14 10:00:00,2026,3,14,10,An Giang,Xã Giồng Riềng,9.9237413,105.2736878,81,Moderate,1,29.5,64,0.1,12.3,63,1014.3,20,23.1,25.7,343.0,8.4,120.0,12.5
2026-03-14 11:00:00,2026,3,14,11,An Giang,Xã Giồng Riềng,9.9237413,105.2736878,81,Moderate,1,30.0,60,0.2,11.7,63,1013.9,41,25.5,27.2,360.0,5.6,144.0,12.6
2026-03-14 12:00:00,2026,3,14,12,An Giang,Xã Giồng Riềng,9.9237413,105.2736878,81,Moderate,1,30.5,60,0.0,10.9,66,1012.7,34,28.8,30.6,378.0,3.9,168.0,12.3
2026-03-14 13:00:00,2026,3,14,13,An Giang,Xã Giồng Riềng,9.9237413,105.2736878,82,Moderate,1,31.3,56,0.0,10.4,60,1012.2,100,29.6,31.4,382.0,2.8,183.0,11.9
2026-03-14 14:00:00,2026,3,14,14,An Giang,Xã Giồng Riềng,9.9237413,105.2736878,83,Moderate,1,31.8,52,0.0,11.2,74,1011.1,91,28.0,29.6,359.0,2.1,186.0,11.2
2026-03-14 15:00:00,2026,3,14,15,An Giang,Xã Giồng Riềng,9.9237413,105.2736878,84,Moderate,1,31.6,52,0.0,10.9,99,1010.1,49,24.2,25.6,321.0,2.2,180.0,10.3
2026-03-14 16:00:00,2026,3,14,16,An Giang,Xã Giồng Riềng,9.9237413,105.2736878,110,Unhealthy for Sensitive Groups,2,29.1,62,0.4,14.5,109,1010.5,60,20.4,21.7,288.0,3.1,168.0,9.7
2026-03-14 17:00:00,2026,3,14,17,An Giang,Xã Giồng Riềng,9.9237413,105.2736878,131,Unhealthy for Sensitive Groups,2,29.1,61,0.0,6.5,103,1010.4,30,17.1,18.4,266.0,5.7,146.0,9.5
2026-03-14 18:00:00,2026,3,14,18,An Giang,Xã Giồng Riềng,9.9237413,105.2736878,142,Unhealthy for Sensitive Groups,2,28.1,70,0.0,3.6,72,1010.8,32,16.2,17.3,249.0,9.2,118.0,9.6
2026-03-14 19:00:00,2026,3,14,19,An Giang,Xã Giồng Riềng,9.9237413,105.2736878,142,Unhealthy for Sensitive Groups,2,28.4,60,0.0,11.8,101,1011.7,27,20.8,22.8,237.0,12.5,93.0,9.5
2026-03-14 20:00:00,2026,3,14,20,An Giang,Xã Giồng Riềng,9.9237413,105.2736878,131,Unhealthy for Sensitive Groups,2,27.4,66,0.0,12.0,112,1012.5,4,20.5,22.3,235.0,12.5,88.0,9.3
2026-03-14 21:00:00,2026,3,14,21,An Giang,Xã Giồng Riềng,9.9237413,105.2736878,114,Unhealthy for Sensitive Groups,2,26.5,71,0.0,11.8,109,1013.5,9,19.6,21.2,238.0,12.5,81.0,8.9
2026-03-14 22:00:00,2026,3,14,22,An Giang,Xã Giồng Riềng,9.9237413,105.2736878,92,Moderate,1,26.0,76,0.0,13.3,113,1013.9,1,19.4,21.1,238.0,12.9,75.0,8.6
2026-03-14 23:00:00,2026,3,14,23,An Giang,Xã Giồng Riềng,9.9237413,105.2736878,83,Moderate,1,25.4,79,0.0,12.9,117,1013.7,2,20.0,21.7,229.0,13.8,72.0,8.3
2026-03-15 00:00:00,2026,3,15,0,An Giang,Xã Giồng Riềng,9.9237413,105.2736878,82,Moderate,1,25.0,79,0.0,12.5,108,1013.4,2,21.1,22.7,217.0,15.0,70.0,8.0
2026-03-15 01:00:00,2026,3,15,1,An Giang,Xã Giồng Riềng,9.9237413,105.2736878,81,Moderate,1,24.8,82,0.0,10.5,83,1013.1,19,23.1,24.7,210.0,16.7,67.0,7.9
2026-03-15 02:00:00,2026,3,15,2,An Giang,Xã Giồng Riềng,9.9237413,105.2736878,81,Moderate,1,24.5,84,0.0,6.1,43,1012.4,19,26.0,27.6,211.0,19.1,62.0,8.0
2026-03-15 03:00:00,2026,3,15,3,An Giang,Xã Giồng Riềng,9.9237413,105.2736878,80,Moderate,1,23.8,89,0.0,5.0,26,1012.4,32,29.2,30.9,217.0,21.9,55.0,8.2
2026-03-15 04:00:00,2026,3,15,4,An Giang,Xã Giồng Riềng,9.9237413,105.2736878,79,Moderate,1,23.5,90,0.0,5.7,28,1012.4,38,32.5,34.2,229.0,24.7,49.0,8.8
2026-03-15 05:00:00,2026,3,15,5,An Giang,Xã Giồng Riềng,9.9237413,105.2736878,79,Moderate,1,23.1,93,0.0,4.4,12,1012.9,32,36.9,38.9,252.0,28.4,39.0,10.0
2026-03-15 06:00:00,2026,3,15,6,An Giang,Xã Giồng Riềng,9.9237413,105.2736878,79,Moderate,1,23.0,94,0.0,5.2,27,1013.5,16,43.1,45.3,282.0,32.0,29.0,11.6
2026-03-15 07:00:00,2026,3,15,7,An Giang,Xã Giồng Riềng,9.9237413,105.2736878,79,Moderate,1,24.8,89,0.0,8.9,83,1013.8,48,50.5,52.9,307.0,30.5,37.0,11.3
2026-03-15 08:00:00,2026,3,15,8,An Giang,Xã Giồng Riềng,9.9237413,105.2736878,80,Moderate,1,26.8,79,0.0,11.9,79,1014.7,15,37.8,41.7,326.0,24.3,61.0,12.1
2026-03-15 09:00:00,2026,3,15,9,An Giang,Xã Giồng Riềng,9.9237413,105.2736878,81,Moderate,1,28.5,70,0.0,14.0,67,1015.0,26,32.7,37.3,340.0,15.8,94.0,13.2
2026-03-15 10:00:00,2026,3,15,10,An Giang,Xã Giồng Riềng,9.9237413,105.2736878,82,Moderate,1,29.5,65,0.2,13.0,61,1014.9,28,31.0,36.0,343.0,8.9,122.0,13.6
2026-03-15 11:00:00,2026,3,15,11,An Giang,Xã Giồng Riềng,9.9237413,105.2736878,82,Moderate,1,30.6,59,0.1,12.0,71,1014.0,34,27.8,31.4,330.0,5.5,142.0,12.7
2026-03-15 12:00:00,2026,3,15,12,An Giang,Xã Giồng Riềng,9.9237413,105.2736878,83,Moderate,1,31.3,56,0.1,12.0,81,1013.1,23,24.6,26.6,307.0,3.7,158.0,11.1
2026-03-15 13:00:00,2026,3,15,13,An Giang,Xã Giồng Riềng,9.9237413,105.2736878,82,Moderate,1,31.4,55,0.1,12.5,85,1012.2,22,22.5,23.7,284.0,2.7,166.0,9.6
2026-03-15 14:00:00,2026,3,15,14,An Giang,Xã Giồng Riềng,9.9237413,105.2736878,82,Moderate,1,31.6,54,0.0,10.8,88,1011.3,14,21.1,22.5,260.0,1.9,164.0,8.1
2026-03-15 15:00:00,2026,3,15,15,An Giang,Xã Giồng Riềng,9.9237413,105.2736878,81,Moderate,1,31.6,53,0.0,9.2,89,1010.4,18,17.5,18.7,236.0,1.9,153.0,6.7
2026-03-15 16:00:00,2026,3,15,16,An Giang,Xã Giồng Riềng,9.9237413,105.2736878,92,Moderate,1,31.5,53,0.1,8.8,88,1009.9,45,15.8,17.0,222.0,2.9,141.0,6.1
2026-03-15 17:00:00,2026,3,15,17,An Giang,Xã Giồng Riềng,9.9237413,105.2736878,109,Unhealthy for Sensitive Groups,2,30.1,58,0.2,10.9,102,1010.0,54,15.8,17.0,230.0,5.7,126.0,7.0
2026-03-15 18:00:00,2026,3,15,18,An Giang,Xã Giồng Riềng,9.9237413,105.2736878,116,Unhealthy for Sensitive Groups,2,27.4,72,0.6,5.6,27,1011.2,80,16.1,17.1,248.0,9.6,110.0,8.7
2026-03-15 19:00:00,2026,3,15,19,An Giang,Xã Giồng Riềng,9.9237413,105.2736878,113,Unhealthy for Sensitive Groups,2,25.5,84,0.5,7.7,41,1012.2,88,22.1,23.5,258.0,12.2,103.0,10.5
2026-03-15 20:00:00,2026,3,15,20,An Giang,Xã Giồng Riềng,9.9237413,105.2736878,105,Unhealthy for Sensitive Groups,2,25.0,86,0.4,9.2,132,1012.6,9,20.4,22.4,250.0,12.1,96.0,9.8
2026-03-15 21:00:00,2026,3,15,21,An Giang,Xã Giồng Riềng,9.9237413,105.2736878,92,Moderate,1,24.9,87,0.0,9.5,111,1013.1,10,18.3,20.1,233.0,11.9,85.0,8.8
2026-03-15 22:00:00,2026,3,15,22,An Giang,Xã Giồng Riềng,9.9237413,105.2736878,80,Moderate,1,24.8,86,0.0,10.5,114,1013.5,17,17.6,19.2,219.0,11.8,78.0,7.9
2026-03-15 23:00:00,2026,3,15,23,An Giang,Xã Giồng Riềng,9.9237413,105.2736878,80,Moderate,1,24.5,87,0.0,10.3,101,1013.6,12,16.8,18.5,212.0,11.6,77.0,7.2
2026-03-16 00:00:00,2026,3,16,0,An Giang,Xã Giồng Riềng,9.9237413,105.2736878,79,Moderate,1,24.4,87,0.0,12.1,89,1013.2,14,16.2,17.9,208.0,11.4,78.0,6.6
2026-03-16 01:00:00,2026,3,16,1,An Giang,Xã Giồng Riềng,9.9237413,105.2736878,79,Moderate,1,24.3,84,0.0,14.2,102,1012.4,13,16.1,17.9,204.0,11.4,79.0,6.1
2026-03-16 02:00:00,2026,3,16,2,An Giang,Xã Giồng Riềng,9.9237413,105.2736878,78,Moderate,1,24.4,81,0.0,14.7,110,1011.7,43,16.3,18.0,199.0,11.8,77.0,5.9
2026-03-16 03:00:00,2026,3,16,3,An Giang,Xã Giồng Riềng,9.9237413,105.2736878,78,Moderate,1,24.3,80,0.0,15.4,108,1011.0,1,16.6,18.3,194.0,12.5,74.0,5.8
2026-03-16 04:00:00,2026,3,16,4,An Giang,Xã Giồng Riềng,9.9237413,105.2736878,76,Moderate,1,24.0,80,0.0,15.2,106,1011.0,4,16.8,18.5,195.0,13.1,72.0,5.9
2026-03-16 05:00:00,2026,3,16,5,An Giang,Xã Giồng Riềng,9.9237413,105.2736878,75,Moderate,1,23.8,82,0.0,13.4,102,1011.1,3,16.7,18.3,206.0,13.8,69.0,6.2
2026-03-16 06:00:00,2026,3,16,6,An Giang,Xã Giồng Riềng,9.9237413,105.2736878,73,Moderate,1,23.6,81,0.0,13.1,98,1011.8,5,16.8,18.4,223.0,14.4,66.0,6.7
2026-03-16 07:00:00,2026,3,16,7,An Giang,Xã Giồng Riềng,9.9237413,105.2736878,71,Moderate,1,25.0,78,0.0,13.8,97,1012.3,4,18.5,19.8,233.0,14.5,66.0,7.3
2026-03-16 08:00:00,2026,3,16,8,An Giang,Xã Giồng Riềng,9.9237413,105.2736878,68,Moderate,1,26.9,70,0.0,16.4,98,1012.8,0,15.0,17.1,230.0,11.4,79.0,7.4
2026-03-16 09:00:00,2026,3,16,9,An Giang,Xã Giồng Riềng,9.9237413,105.2736878,66,Moderate,1,28.5,64,0.0,19.1,99,1013.3,1,13.6,16.2,220.0,7.1,98.0,7.5
2026-03-16 10:00:00,2026,3,16,10,An Giang,Xã Giồng Riềng,9.9237413,105.2736878,64,Moderate,1,30.1,57,0.0,19.5,94,1013.3,19,13.4,16.4,211.0,3.8,113.0,7.4
2026-03-16 11:00:00,2026,3,16,11,An Giang,Xã Giồng Riềng,9.9237413,105.2736878,63,Moderate,1,31.0,52,0.0,19.6,88,1012.7,24,11.8,14.6,206.0,2.4,122.0,6.8
2026-03-16 12:00:00,2026,3,16,12,An Giang,Xã Giồng Riềng,9.9237413,105.2736878,61,Moderate,1,31.8,49,0.0,19.1,86,1011.8,25,10.8,13.4,203.0,2.0,128.0,6.1
2026-03-16 13:00:00,2026,3,16,13,An Giang,Xã Giồng Riềng,9.9237413,105.2736878,60,Moderate,1,30.6,54,0.0,17.9,85,1011.2,44,10.8,13.4,200.0,1.9,131.0,5.5
2026-03-16 14:00:00,2026,3,16,14,An Giang,Xã Giồng Riềng,9.9237413,105.2736878,59,Moderate,1,31.2,53,0.0,15.8,90,1010.1,46,11.6,14.2,197.0,1.7,133.0,5.3
2026-03-16 15:00:00,2026,3,16,15,An Giang,Xã Giồng Riềng,9.9237413,105.2736878,58,Moderate,1,31.1,53,0.0,15.0,96,1009.2,27,11.0,13.5,194.0,1.8,133.0,5.3
2026-03-16 16:00:00,2026,3,16,16,An Giang,Xã Giồng Riềng,9.9237413,105.2736878,66,Moderate,1,31.0,52,0.0,13.8,98,1008.8,27,11.6,14.1,194.0,2.7,129.0,5.6
2026-03-16 17:00:00,2026,3,16,17,An Giang,Xã Giồng Riềng,9.9237413,105.2736878,76,Moderate,1,30.3,52,0.0,14.8,103,1009.0,24,12.5,15.3,197.0,5.0,118.0,6.4
2026-03-16 18:00:00,2026,3,16,18,An Giang,Xã Giồng Riềng,9.9237413,105.2736878,81,Moderate,1,28.8,57,0.0,13.2,107,1009.5,12,13.9,16.4,203.0,8.1,104.0,7.4
2026-03-16 19:00:00,2026,3,16,19,An Giang,Xã Giồng Riềng,9.9237413,105.2736878,79,Moderate,1,27.5,61,0.0,12.1,113,1009.9,2,20.0,22.4,207.0,10.9,95.0,8.8
2026-03-16 20:00:00,2026,3,16,20,An Giang,Xã Giồng Riềng,9.9237413,105.2736878,73,Moderate,1,26.9,64,0.0,12.7,115,1011.1,2,20.4,22.8,209.0,11.2,89.0,8.6
2026-03-16 21:00:00,2026,3,16,21,An Giang,Xã Giồng Riềng,9.9237413,105.2736878,65,Moderate,1,26.0,68,0.0,13.2,119,1012.1,2,19.6,21.9,211.0,11.6,81.0,8.3
2026-03-16 22:00:00,2026,3,16,22,An Giang,Xã Giồng Riềng,9.9237413,105.2736878,57,Moderate,1,25.3,73,0.0,14.3,117,1012.6,1,19.3,21.8,210.0,11.9,75.0,7.9
2026-03-16 23:00:00,2026,3,16,23,An Giang,Xã Giồng Riềng,9.9237413,105.2736878,57,Moderate,1,24.8,79,0.0,13.4,125,1012.8,1,19.4,22.0,206.0,12.1,73.0,7.3
2026-03-17 00:00:00,2026,3,17,0,An Giang,Xã Giồng Riềng,9.9237413,105.2736878,57,Moderate,1,24.5,82,0.0,14.4,128,1012.6,88,19.1,21.7,200.0,12.1,72.0,6.7
2026-03-17 01:00:00,2026,3,17,1,An Giang,Xã Giồng Riềng,9.9237413,105.2736878,57,Moderate,1,24.4,83,0.0,13.6,130,1011.7,66,19.0,21.6,194.0,12.3,71.0,6.2
2026-03-17 02:00:00,2026,3,17,2,An Giang,Xã Giồng Riềng,9.9237413,105.2736878,58,Moderate,1,24.1,84,0.0,11.8,123,1011.4,41,19.2,21.8,188.0,12.6,69.0,5.9
2026-03-17 03:00:00,2026,3,17,3,An Giang,Xã Giồng Riềng,9.9237413,105.2736878,58,Moderate,1,24.0,84,0.0,12.6,118,1010.9,59,19.6,22.2,182.0,12.9,67.0,5.7
2026-03-17 04:00:00,2026,3,17,4,An Giang,Xã Giồng Riềng,9.9237413,105.2736878,58,Moderate,1,23.8,85,0.0,12.1,117,1010.8,53,19.8,22.5,181.0,13.3,65.0,5.8
2026-03-17 05:00:00,2026,3,17,5,An Giang,Xã Giồng Riềng,9.9237413,105.2736878,58,Moderate,1,23.5,87,0.0,11.4,116,1010.8,34,20.0,22.6,191.0,14.1,62.0,6.3
2026-03-17 06:00:00,2026,3,17,6,An Giang,Xã Giồng Riềng,9.9237413,105.2736878,59,Moderate,1,23.4,88,0.0,10.7,112,1011.6,38,20.4,23.1,207.0,14.9,59.0,7.0
2026-03-17 07:00:00,2026,3,17,7,An Giang,Xã Giồng Riềng,9.9237413,105.2736878,59,Moderate,1,24.8,83,0.0,15.4,104,1012.5,3,22.1,24.9,217.0,14.3,63.0,7.3
2026-03-17 08:00:00,2026,3,17,8,An Giang,Xã Giồng Riềng,9.9237413,105.2736878,59,Moderate,1,26.5,74,0.0,16.0,102,1013.1,89,19.7,23.4,213.0,11.2,74.0,7.1
2026-03-17 09:00:00,2026,3,17,9,An Giang,Xã Giồng Riềng,9.9237413,105.2736878,60,Moderate,1,28.3,65,0.0,20.5,101,1013.4,88,16.4,20.4,202.0,7.0,90.0,6.8
2026-03-17 10:00:00,2026,3,17,10,An Giang,Xã Giồng Riềng,9.9237413,105.2736878,60,Moderate,1,29.7,58,0.0,17.8,99,1013.4,77,16.0,20.1,196.0,3.8,105.0,6.5
2026-03-17 11:00:00,2026,3,17,11,An Giang,Xã Giồng Riềng,9.9237413,105.2736878,60,Moderate,1,30.8,54,0.1,15.9,95,1012.8,83,17.0,21.3,200.0,2.5,117.0,6.4
2026-03-17 12:00:00,2026,3,17,12,An Giang,Xã Giồng Riềng,9.9237413,105.2736878,61,Moderate,1,31.4,52,0.1,15.7,93,1011.7,86,19.5,24.2,208.0,2.2,128.0,6.3
2026-03-17 13:00:00,2026,3,17,13,An Giang,Xã Giồng Riềng,9.9237413,105.2736878,62,Moderate,1,31.2,51,0.2,14.0,90,1011.2,79,19.0,23.0,212.0,2.2,135.0,6.3
2026-03-17 14:00:00,2026,3,17,14,An Giang,Xã Giồng Riềng,9.9237413,105.2736878,62,Moderate,1,31.4,50,0.1,13.0,95,1010.4,85,19.3,22.6,209.0,2.1,139.0,6.5
2026-03-17 15:00:00,2026,3,17,15,An Giang,Xã Giồng Riềng,9.9237413,105.2736878,63,Moderate,1,31.4,50,0.2,11.9,100,1009.4,71,18.0,20.5,202.0,2.3,140.0,6.8
2026-03-17 16:00:00,2026,3,17,16,An Giang,Xã Giồng Riềng,9.9237413,105.2736878,64,Moderate,1,31.1,51,0.2,12.2,107,1008.8,53,17.3,20.0,198.0,3.2,136.0,7.1
2026-03-17 17:00:00,2026,3,17,17,An Giang,Xã Giồng Riềng,9.9237413,105.2736878,77,Moderate,1,30.1,54,0.0,13.5,109,1009.0,56,16.5,19.6,200.0,5.3,124.0,7.5
2026-03-17 18:00:00,2026,3,17,18,An Giang,Xã Giồng Riềng,9.9237413,105.2736878,84,Moderate,1,28.9,59,0.0,9.5,109,1009.5,72,17.5,20.4,204.0,8.1,106.0,8.0
2026-03-17 19:00:00,2026,3,17,19,An Giang,Xã Giồng Riềng,9.9237413,105.2736878,85,Moderate,1,27.5,68,0.0,7.0,134,1010.3,70,19.8,22.5,208.0,10.6,92.0,8.4
2026-03-17 20:00:00,2026,3,17,20,An Giang,Xã Giồng Riềng,9.9237413,105.2736878,79,Moderate,1,27.1,69,0.0,11.5,134,1011.3,59,19.8,22.2,211.0,11.4,86.0,8.6
2026-03-17 21:00:00,2026,3,17,21,An Giang,Xã Giồng Riềng,9.9237413,105.2736878,70,Moderate,1,26.0,75,0.0,11.7,131,1012.0,73,19.8,22.1,214.0,12.5,77.0,8.8
2026-03-17 22:00:00,2026,3,17,22,An Giang,Xã Giồng Riềng,9.9237413,105.2736878,65,Moderate,1,25.1,79,0.0,10.3,121,1012.7,77,20.7,23.1,215.0,13.5,70.0,8.8
2026-03-17 23:00:00,2026,3,17,23,An Giang,Xã Giồng Riềng,9.9237413,105.2736878,65,Moderate,1,24.6,83,0.0,9.3,126,1013.2,87,21.7,24.1,214.0,14.3,66.0,8.4
2026-03-18 00:00:00,2026,3,18,0,An Giang,Xã Giồng Riềng,9.9237413,105.2736878,65,Moderate,1,24.1,86,0.0,10.0,124,1013.0,83,22.5,25.0,211.0,15.1,64.0,7.9
2026-03-18 01:00:00,2026,3,18,1,An Giang,Xã Giồng Riềng,9.9237413,105.2736878,65,Moderate,1,24.1,89,0.0,10.6,125,1012.0,90,23.6,26.1,207.0,15.8,62.0,7.4
2026-03-18 02:00:00,2026,3,18,2,An Giang,Xã Giồng Riềng,9.9237413,105.2736878,66,Moderate,1,24.1,88,0.0,12.3,120,1011.6,93,24.4,27.0,198.0,16.3,60.0,7.1
2026-03-18 03:00:00,2026,3,18,3,An Giang,Xã Giồng Riềng,9.9237413,105.2736878,66,Moderate,1,23.9,89,0.0,12.2,115,1011.2,88,24.9,27.4,188.0,16.6,58.0,6.9
2026-03-18 04:00:00,2026,3,18,4,An Giang,Xã Giồng Riềng,9.9237413,105.2736878,67,Moderate,1,23.8,89,0.0,12.4,114,1011.3,28,25.0,27.5,184.0,17.1,56.0,6.9
2026-03-18 05:00:00,2026,3,18,5,An Giang,Xã Giồng Riềng,9.9237413,105.2736878,67,Moderate,1,23.6,89,0.0,11.3,108,1011.5,2,26.0,28.5,194.0,18.5,51.0,7.5
2026-03-18 06:00:00,2026,3,18,6,An Giang,Xã Giồng Riềng,9.9237413,105.2736878,68,Moderate,1,23.5,89,0.0,11.1,106,1012.1,2,28.2,30.9,210.0,20.1,47.0,8.3
2026-03-18 07:00:00,2026,3,18,7,An Giang,Xã Giồng Riềng,9.9237413,105.2736878,68,Moderate,1,24.4,87,0.0,8.7,103,1013.0,0,30.2,32.6,219.0,19.3,50.0,8.7
2026-03-18 08:00:00,2026,3,18,8,An Giang,Xã Giồng Riềng,9.9237413,105.2736878,69,Moderate,1,26.5,77,0.0,13.1,102,1013.9,10,24.6,28.1,210.0,14.7,65.0,8.1
2026-03-18 09:00:00,2026,3,18,9,An Giang,Xã Giồng Riềng,9.9237413,105.2736878,69,Moderate,1,28.1,68,0.0,16.8,105,1014.6,29,18.1,22.2,194.0,8.4,87.0,7.2
2026-03-18 10:00:00,2026,3,18,10,An Giang,Xã Giồng Riềng,9.9237413,105.2736878,70,Moderate,1,29.6,60,0.0,14.0,102,1014.6,27,17.5,22.2,185.0,3.7,106.0,6.6
2026-03-18 11:00:00,2026,3,18,11,An Giang,Xã Giồng Riềng,9.9237413,105.2736878,70,Moderate,1,30.9,54,0.0,12.2,98,1013.9,13,19.7,24.8,193.0,2.0,120.0,6.4
2026-03-18 12:00:00,2026,3,18,12,An Giang,Xã Giồng Riềng,9.9237413,105.2736878,70,Moderate,1,31.8,50,0.0,11.9,94,1012.4,24,21.4,26.4,209.0,1.9,132.0,6.4
2026-03-18 13:00:00,2026,3,18,13,An Giang,Xã Giồng Riềng,9.9237413,105.2736878,70,Moderate,1,32.2,48,0.0,11.5,87,1011.6,20,21.3,25.0,222.0,2.1,141.0,6.6
2026-03-18 14:00:00,2026,3,18,14,An Giang,Xã Giồng Riềng,9.9237413,105.2736878,70,Moderate,1,32.3,47,0.0,11.5,93,1010.5,16,21.1,24.3,224.0,1.9,147.0,6.8
2026-03-18 15:00:00,2026,3,18,15,An Giang,Xã Giồng Riềng,9.9237413,105.2736878,71,Moderate,1,32.2,48,0.0,11.3,104,1009.6,23,20.4,23.3,222.0,2.0,149.0,7.1
2026-03-18 16:00:00,2026,3,18,16,An Giang,Xã Giồng Riềng,9.9237413,105.2736878,71,Moderate,1,31.7,50,0.0,10.7,110,1009.0,30,19.8,22.6,226.0,3.2,145.0,7.6
2026-03-18 17:00:00,2026,3,18,17,An Giang,Xã Giồng Riềng,9.9237413,105.2736878,85,Moderate,1,31.0,52,0.0,10.5,117,1009.1,93,20.1,23.0,244.0,6.4,131.0,8.3
2026-03-18 18:00:00,2026,3,18,18,An Giang,Xã Giồng Riềng,9.9237413,105.2736878,94,Moderate,1,29.6,58,0.0,6.6,123,1009.5,28,22.1,24.7,267.0,10.7,112.0,9.2
2026-03-18 19:00:00,2026,3,18,19,An Giang,Xã Giồng Riềng,9.9237413,105.2736878,96,Moderate,1,27.5,71,0.0,4.3,123,1010.1,5,29.6,31.7,276.0,14.1,93.0,10.0
2026-03-18 20:00:00,2026,3,18,20,An Giang,Xã Giồng Riềng,9.9237413,105.2736878,90,Moderate,1,26.9,73,0.0,7.5,147,1011.3,31,30.4,32.7,256.0,14.4,83.0,9.9
2026-03-18 21:00:00,2026,3,18,21,An Giang,Xã Giồng Riềng,9.9237413,105.2736878,79,Moderate,1,26.2,76,0.0,12.1,152,1012.2,8,26.7,29.0,221.0,14.9,70.0,9.7
2026-03-18 22:00:00,2026,3,18,22,An Giang,Xã Giồng Riềng,9.9237413,105.2736878,74,Moderate,1,25.1,79,0.0,11.4,145,1012.5,2,24.9,27.3,194.0,15.5,60.0,9.4
2026-03-18 23:00:00,2026,3,18,23,An Giang,Xã Giồng Riềng,9.9237413,105.2736878,74,Moderate,1,24.4,84,0.0,11.1,148,1012.8,1,24.6,27.1,186.0,16.1,56.0,8.9
2026-03-19 00:00:00,2026,3,19,0,An Giang,Xã Giồng Riềng,9.9237413,105.2736878,75,Moderate,1,23.8,88,0.0,9.0,128,1012.7,55,25.6,28.2,187.0,16.8,55.0,8.3
2026-03-19 01:00:00,2026,3,19,1,An Giang,Xã Giồng Riềng,9.9237413,105.2736878,75,Moderate,1,23.4,94,0.0,6.3,125,1012.4,56,27.8,30.6,189.0,17.8,53.0,7.9
2026-03-19 02:00:00,2026,3,19,2,An Giang,Xã Giồng Riềng,9.9237413,105.2736878,75,Moderate,1,23.0,96,0.0,6.0,123,1011.9,4,30.5,33.4,190.0,19.5,49.0,7.8
2026-03-19 03:00:00,2026,3,19,3,An Giang,Xã Giồng Riềng,9.9237413,105.2736878,76,Moderate,1,22.8,97,0.0,6.9,115,1011.6,60,33.1,36.0,194.0,21.4,45.0,7.8
2026-03-19 04:00:00,2026,3,19,4,An Giang,Xã Giồng Riềng,9.9237413,105.2736878,77,Moderate,1,22.6,97,0.0,6.5,104,1011.5,52,34.8,37.8,200.0,23.0,42.0,8.0
2026-03-19 05:00:00,2026,3,19,5,An Giang,Xã Giồng Riềng,9.9237413,105.2736878,78,Moderate,1,22.6,97,0.0,7.5,107,1011.6,4,36.0,38.9,214.0,24.5,38.0,8.6
2026-03-19 06:00:00,2026,3,19,6,An Giang,Xã Giồng Riềng,9.9237413,105.2736878,78,Moderate,1,22.6,96,0.0,8.6,121,1012.2,5,37.5,40.5,232.0,25.6,34.0,9.4
2026-03-19 07:00:00,2026,3,19,7,An Giang,Xã Giồng Riềng,9.9237413,105.2736878,79,Moderate,1,23.9,92,0.0,9.0,120,1013.1,95,42.0,44.4,239.0,25.1,37.0,9.8
2026-03-19 08:00:00,2026,3,19,8,An Giang,Xã Giồng Riềng,9.9237413,105.2736878,80,Moderate,1,26.2,79,0.0,11.5,115,1013.8,88,29.0,32.7,224.0,18.9,57.0,9.1
2026-03-19 09:00:00,2026,3,19,9,An Giang,Xã Giồng Riềng,9.9237413,105.2736878,81,Moderate,1,28.0,68,0.0,15.2,114,1014.1,29,19.3,23.0,197.0,10.5,85.0,8.2
2026-03-19 10:00:00,2026,3,19,10,An Giang,Xã Giồng Riềng,9.9237413,105.2736878,81,Moderate,1,29.9,58,0.0,14.1,109,1014.1,92,18.0,22.0,182.0,4.1,108.0,7.5
2026-03-19 11:00:00,2026,3,19,11,An Giang,Xã Giồng Riềng,9.9237413,105.2736878,81,Moderate,1,31.2,52,0.0,12.0,99,1013.6,87,18.1,22.4,190.0,2.0,123.0,7.2
2026-03-19 12:00:00,2026,3,19,12,An Giang,Xã Giồng Riềng,9.9237413,105.2736878,81,Moderate,1,31.6,51,0.0,11.7,87,1012.3,77,18.3,21.7,208.0,1.9,133.0,7.1
2026-03-19 13:00:00,2026,3,19,13,An Giang,Xã Giồng Riềng,9.9237413,105.2736878,80,Moderate,1,31.4,50,0.2,11.6,85,1011.3,82,19.6,22.1,222.0,2.2,140.0,7.1
2026-03-19 14:00:00,2026,3,19,14,An Giang,Xã Giồng Riềng,9.9237413,105.2736878,80,Moderate,1,31.8,48,0.2,11.0,87,1010.4,78,19.5,21.8,223.0,1.9,146.0,7.1
2026-03-19 15:00:00,2026,3,19,15,An Giang,Xã Giồng Riềng,9.9237413,105.2736878,80,Moderate,1,31.3,51,0.2,11.4,101,1009.4,52,19.0,21.2,220.0,1.8,148.0,7.1
2026-03-19 16:00:00,2026,3,19,16,An Giang,Xã Giồng Riềng,9.9237413,105.2736878,80,Moderate,1,30.9,53,0.0,10.9,124,1008.9,30,18.3,20.4,223.0,3.0,145.0,7.4
2026-03-19 17:00:00,2026,3,19,17,An Giang,Xã Giồng Riềng,9.9237413,105.2736878,85,Moderate,1,30.2,56,0.0,11.8,141,1008.7,7,18.2,20.3,242.0,6.4,131.0,8.1
2026-03-19 18:00:00,2026,3,19,18,An Giang,Xã Giồng Riềng,9.9237413,105.2736878,95,Moderate,1,28.6,63,0.0,7.7,149,1008.9,14,20.3,22.0,267.0,11.0,112.0,9.1
2026-03-19 19:00:00,2026,3,19,19,An Giang,Xã Giồng Riềng,9.9237413,105.2736878,96,Moderate,1,27.4,69,0.0,7.8,158,1009.9,9,33.9,36.3,279.0,16.2,89.0,10.6
2026-03-19 20:00:00,2026,3,19,20,An Giang,Xã Giồng Riềng,9.9237413,105.2736878,89,Moderate,1,26.7,73,0.0,8.9,156,1010.2,2,34.1,36.6,266.0,16.5,81.0,10.5
2026-03-19 21:00:00,2026,3,19,21,An Giang,Xã Giồng Riềng,9.9237413,105.2736878,80,Moderate,1,25.9,77,0.0,10.6,152,1010.9,2,29.7,32.0,239.0,16.9,69.0,10.3
2026-03-19 22:00:00,2026,3,19,22,An Giang,Xã Giồng Riềng,9.9237413,105.2736878,81,Moderate,1,25.0,76,0.0,11.2,145,1011.5,2,28.0,30.2,219.0,17.5,59.0,10.0
2026-03-19 23:00:00,2026,3,19,23,An Giang,Xã Giồng Riềng,9.9237413,105.2736878,81,Moderate,1,24.3,79,0.0,10.4,141,1011.8,1,28.8,31.1,213.0,18.5,53.0,9.5
2026-03-20 00:00:00,2026,3,20,0,An Giang,Xã Giồng Riềng,9.9237413,105.2736878,81,Moderate,1,23.7,85,0.0,8.6,143,1012.2,0,29.9,32.2,214.0,19.7,49.0,8.9
2026-03-20 01:00:00,2026,3,20,1,An Giang,Xã Giồng Riềng,9.9237413,105.2736878,82,Moderate,1,22.9,94,0.0,5.5,153,1011.8,3,31.2,33.6,214.0,20.8,46.0,8.4
2026-03-20 02:00:00,2026,3,20,2,An Giang,Xã Giồng Riềng,9.9237413,105.2736878,82,Moderate,1,22.6,96,0.0,5.0,136,1011.3,5,32.4,35.0,211.0,21.8,43.0,8.0
2026-03-20 03:00:00,2026,3,20,3,An Giang,Xã Giồng Riềng,9.9237413,105.2736878,82,Moderate,1,22.5,98,0.0,6.0,136,1010.9,3,33.5,36.2,208.0,22.7,42.0,7.6
2026-03-20 04:00:00,2026,3,20,4,An Giang,Xã Giồng Riềng,9.9237413,105.2736878,82,Moderate,1,22.4,98,0.0,4.9,129,1010.7,1,35.4,38.2,210.0,23.5,40.0,7.6
2026-03-20 05:00:00,2026,3,20,5,An Giang,Xã Giồng Riềng,9.9237413,105.2736878,82,Moderate,1,22.1,98,0.0,4.2,108,1010.9,3,37.5,40.3,224.0,25.1,36.0,8.1
2026-03-20 06:00:00,2026,3,20,6,An Giang,Xã Giồng Riềng,9.9237413,105.2736878,82,Moderate,1,22.0,98,0.0,4.1,92,1011.6,1,40.5,43.4,242.0,26.6,32.0,9.0
2026-03-20 07:00:00,2026,3,20,7,An Giang,Xã Giồng Riềng,9.9237413,105.2736878,82,Moderate,1,24.0,93,0.0,6.7,88,1012.6,2,44.0,46.8,248.0,24.7,36.0,9.1
2026-03-20 08:00:00,2026,3,20,8,An Giang,Xã Giồng Riềng,9.9237413,105.2736878,83,Moderate,1,26.4,81,0.0,10.6,116,1013.4,84,30.0,34.1,229.0,18.6,54.0,8.5
2026-03-20 09:00:00,2026,3,20,9,An Giang,Xã Giồng Riềng,9.9237413,105.2736878,83,Moderate,1,28.0,70,0.0,13.6,119,1014.0,80,19.9,24.2,198.0,10.2,79.0,7.7
2026-03-20 10:00:00,2026,3,20,10,An Giang,Xã Giồng Riềng,9.9237413,105.2736878,83,Moderate,1,29.5,61,0.0,14.0,119,1013.9,20,19.0,24.0,179.0,4.0,101.0,7.0
2026-03-20 11:00:00,2026,3,20,11,An Giang,Xã Giồng Riềng,9.9237413,105.2736878,83,Moderate,1,31.5,53,0.0,13.1,111,1013.0,100,20.8,26.6,183.0,2.0,115.0,6.6
2026-03-20 12:00:00,2026,3,20,12,An Giang,Xã Giồng Riềng,9.9237413,105.2736878,83,Moderate,1,31.6,53,0.0,11.4,106,1012.1,18,22.1,26.1,199.0,2.2,125.0,6.5
2026-03-20 13:00:00,2026,3,20,13,An Giang,Xã Giồng Riềng,9.9237413,105.2736878,83,Moderate,1,31.5,53,0.1,9.4,98,1011.3,38,25.3,29.0,211.0,2.6,133.0,6.5
2026-03-20 14:00:00,2026,3,20,14,An Giang,Xã Giồng Riềng,9.9237413,105.2736878,84,Moderate,1,31.8,52,0.0,8.6,102,1010.1,65,28.4,31.9,213.0,2.1,142.0,6.7
2026-03-20 15:00:00,2026,3,20,15,An Giang,Xã Giồng Riềng,9.9237413,105.2736878,85,Moderate,1,32.0,52,0.0,9.1,111,1009.2,100,43.0,48.2,212.0,1.8,148.0,7.1
2026-03-20 16:00:00,2026,3,20,16,An Giang,Xã Giồng Riềng,9.9237413,105.2736878,87,Moderate,1,31.6,52,0.0,10.0,124,1008.8,92,33.9,37.7,211.0,3.5,147.0,7.8
2026-03-20 17:00:00,2026,3,20,17,An Giang,Xã Giồng Riềng,9.9237413,105.2736878,88,Moderate,1,30.9,54,0.0,10.0,129,1008.8,97,36.0,39.7,212.0,8.6,133.0,9.2
2026-03-20 18:00:00,2026,3,20,18,An Giang,Xã Giồng Riềng,9.9237413,105.2736878,90,Moderate,1,29.4,59,0.0,10.6,130,1009.1,99,39.0,41.8,214.0,15.6,111.0,10.9
2026-03-20 19:00:00,2026,3,20,19,An Giang,Xã Giồng Riềng,9.9237413,105.2736878,92,Moderate,1,27.0,74,0.0,4.4,159,1010.7,85,45.9,49.1,215.0,16.3,92.0,10.0
2026-03-20 20:00:00,2026,3,20,20,An Giang,Xã Giồng Riềng,9.9237413,105.2736878,93,Moderate,1,26.5,77,0.0,4.7,187,1011.5,89,50.6,53.6,216.0,17.4,81.0,10.2
2026-03-20 21:00:00,2026,3,20,21,An Giang,Xã Giồng Riềng,9.9237413,105.2736878,94,Moderate,1,25.8,81,0.0,5.6,174,1012.6,85,46.3,48.7,217.0,18.9,65.0,10.6
2026-03-20 22:00:00,2026,3,20,22,An Giang,Xã Giồng Riềng,9.9237413,105.2736878,96,Moderate,1,25.3,81,0.0,6.9,155,1013.3,95,38.8,41.6,219.0,20.1,53.0,10.6
2026-03-20 23:00:00,2026,3,20,23,An Giang,Xã Giồng Riềng,9.9237413,105.2736878,96,Moderate,1,24.9,83,0.0,6.7,146,1013.5,80,33.4,36.2,225.0,20.6,47.0,10.1
2026-03-21 00:00:00,2026,3,21,0,An Giang,Xã Giồng Riềng,9.9237413,105.2736878,97,Moderate,1,24.3,86,0.0,6.0,141,1013.5,93,31.5,34.3,233.0,20.8,43.0,9.3
2026-03-21 01:00:00,2026,3,21,1,An Giang,Xã Giồng Riềng,9.9237413,105.2736878,97,Moderate,1,23.7,91,0.0,6.1,130,1012.6,19,33.1,35.9,237.0,21.3,41.0,8.7
2026-03-21 02:00:00,2026,3,21,2,An Giang,Xã Giồng Riềng,9.9237413,105.2736878,97,Moderate,1,23.6,92,0.0,6.8,127,1011.8,48,35.4,38.3,233.0,22.6,39.0,8.5
2026-03-21 03:00:00,2026,3,21,3,An Giang,Xã Giồng Riềng,9.9237413,105.2736878,97,Moderate,1,23.2,95,0.0,5.6,121,1011.3,13,37.4,40.4,225.0,24.2,37.0,8.6
2026-03-21 04:00:00,2026,3,21,4,An Giang,Xã Giồng Riềng,9.9237413,105.2736878,98,Moderate,1,23.0,97,0.0,5.9,108,1011.2,92,39.0,42.3,223.0,25.4,36.0,8.9
2026-03-21 05:00:00,2026,3,21,5,An Giang,Xã Giồng Riềng,9.9237413,105.2736878,98,Moderate,1,22.8,97,0.0,6.0,93,1011.6,89,41.0,44.2,237.0,26.6,33.0,9.6
2026-03-21 06:00:00,2026,3,21,6,An Giang,Xã Giồng Riềng,9.9237413,105.2736878,98,Moderate,1,22.7,98,0.0,6.3,97,1012.0,11,43.3,46.4,257.0,27.5,31.0,10.4
2026-03-21 07:00:00,2026,3,21,7,An Giang,Xã Giồng Riềng,9.9237413,105.2736878,99,Moderate,1,24.3,92,0.0,8.1,96,1012.7,59,54.6,58.9,264.0,27.0,34.0,11.3
2026-03-21 08:00:00,2026,3,21,8,An Giang,Xã Giồng Riềng,9.9237413,105.2736878,100,Moderate,1,26.4,81,0.0,13.4,108,1013.2,80,41.6,47.0,242.0,20.6,53.0,10.5
2026-03-21 09:00:00,2026,3,21,9,An Giang,Xã Giồng Riềng,9.9237413,105.2736878,101,Unhealthy for Sensitive Groups,2,28.2,68,0.0,16.7,106,1013.7,93,27.9,33.4,206.0,11.7,80.0,9.5
2026-03-21 10:00:00,2026,3,21,10,An Giang,Xã Giồng Riềng,9.9237413,105.2736878,102,Unhealthy for Sensitive Groups,2,30.0,60,0.0,15.1,102,1013.7,93,25.0,29.5,183.0,5.0,103.0,8.5
2026-03-21 11:00:00,2026,3,21,11,An Giang,Xã Giồng Riềng,9.9237413,105.2736878,102,Unhealthy for Sensitive Groups,2,30.9,57,0.0,14.4,99,1013.4,73,26.5,29.6,188.0,2.6,118.0,7.7
2026-03-21 12:00:00,2026,3,21,12,An Giang,Xã Giồng Riềng,9.9237413,105.2736878,103,Unhealthy for Sensitive Groups,2,31.8,54,0.0,13.1,92,1012.5,52,31.1,34.2,206.0,2.4,130.0,6.9
2026-03-21 13:00:00,2026,3,21,13,An Giang,Xã Giồng Riềng,9.9237413,105.2736878,104,Unhealthy for Sensitive Groups,2,31.9,53,0.0,13.4,84,1011.6,79,32.5,35.6,218.0,2.5,138.0,6.4
2026-03-21 14:00:00,2026,3,21,14,An Giang,Xã Giồng Riềng,9.9237413,105.2736878,104,Unhealthy for Sensitive Groups,2,32.2,53,0.0,14.1,86,1010.6,13,31.7,34.6,216.0,2.2,143.0,6.2
2026-03-21 15:00:00,2026,3,21,15,An Giang,Xã Giồng Riềng,9.9237413,105.2736878,105,Unhealthy for Sensitive Groups,2,32.1,53,0.0,14.1,93,1009.5,8,28.9,31.5,209.0,2.2,143.0,6.2
2026-03-21 16:00:00,2026,3,21,16,An Giang,Xã Giồng Riềng,9.9237413,105.2736878,103,Unhealthy for Sensitive Groups,2,31.6,53,0.0,13.9,94,1008.9,13,25.3,27.5,204.0,3.2,139.0,6.6
2026-03-21 17:00:00,2026,3,21,17,An Giang,Xã Giồng Riềng,9.9237413,105.2736878,102,Unhealthy for Sensitive Groups,2,30.9,55,0.0,13.9,96,1008.8,8,22.8,24.6,205.0,5.9,126.0,7.6
2026-03-21 18:00:00,2026,3,21,18,An Giang,Xã Giồng Riềng,9.9237413,105.2736878,101,Unhealthy for Sensitive Groups,2,29.5,58,0.0,11.7,110,1009.3,4,22.9,24.2,209.0,9.6,109.0,8.9
2026-03-21 19:00:00,2026,3,21,19,An Giang,Xã Giồng Riềng,9.9237413,105.2736878,100,Moderate,1,28.5,59,0.0,12.2,114,1010.1,7,27.2,29.1,212.0,12.5,90.0,9.8
2026-03-21 20:00:00,2026,3,21,20,An Giang,Xã Giồng Riềng,9.9237413,105.2736878,98,Moderate,1,27.5,63,0.0,11.8,118,1011.1,6,26.0,27.6,212.0,13.7,80.0,9.8
2026-03-21 21:00:00,2026,3,21,21,An Giang,Xã Giồng Riềng,9.9237413,105.2736878,96,Moderate,1,26.5,69,0.0,12.8,125,1011.7,3,26.6,28.9,211.0,15.3,65.0,9.9
2026-03-21 22:00:00,2026,3,21,22,An Giang,Xã Giồng Riềng,9.9237413,105.2736878,94,Moderate,1,25.5,75,0.0,11.3,124,1011.9,2,27.4,29.7,210.0,16.5,54.0,9.7
2026-03-21 23:00:00,2026,3,21,23,An Giang,Xã Giồng Riềng,9.9237413,105.2736878,93,Moderate,1,24.8,80,0.0,9.1,120,1011.9,1,27.4,29.8,208.0,16.8,50.0,9.2
2026-03-22 00:00:00,2026,3,22,0,An Giang,Xã Giồng Riềng,9.9237413,105.2736878,92,Moderate,1,24.2,85,0.0,7.7,121,1011.7,0,26.8,29.2,206.0,16.8,50.0,8.5
2026-03-22 01:00:00,2026,3,22,1,An Giang,Xã Giồng Riềng,9.9237413,105.2736878,92,Moderate,1,23.8,90,0.0,6.4,115,1011.0,1,26.4,28.9,203.0,17.0,49.0,7.9
2026-03-22 02:00:00,2026,3,22,2,An Giang,Xã Giồng Riềng,9.9237413,105.2736878,91,Moderate,1,23.8,91,0.0,6.7,117,1010.8,8,26.5,28.9,197.0,17.9,47.0,7.5
2026-03-22 03:00:00,2026,3,22,3,An Giang,Xã Giồng Riềng,9.9237413,105.2736878,91,Moderate,1,23.5,93,0.0,6.0,115,1010.4,3,27.6,29.9,190.0,19.2,44.0,7.3
2026-03-22 04:00:00,2026,3,22,4,An Giang,Xã Giồng Riềng,9.9237413,105.2736878,90,Moderate,1,23.4,95,0.0,6.0,115,1010.5,18,29.4,31.5,188.0,20.3,42.0,7.3
2026-03-22 05:00:00,2026,3,22,5,An Giang,Xã Giồng Riềng,9.9237413,105.2736878,89,Moderate,1,23.2,96,0.0,6.1,114,1010.7,9,31.0,33.1,198.0,21.8,37.0,7.9
2026-03-22 06:00:00,2026,3,22,6,An Giang,Xã Giồng Riềng,9.9237413,105.2736878,88,Moderate,1,23.1,96,0.0,5.9,110,1011.1,9,33.2,35.2,213.0,23.2,33.0,8.7
2026-03-22 07:00:00,2026,3,22,7,An Giang,Xã Giồng Riềng,9.9237413,105.2736878,87,Moderate,1,25.1,88,0.0,12.1,117,1011.7,34,29.9,32.8,219.0,17.9,47.0,8.8
2026-03-22 08:00:00,2026,3,22,8,An Giang,Xã Giồng Riềng,9.9237413,105.2736878,85,Moderate,1,27.1,77,0.0,17.7,109,1012.6,36,23.6,26.8,204.0,13.7,59.0,8.2
2026-03-22 09:00:00,2026,3,22,9,An Giang,Xã Giồng Riềng,9.9237413,105.2736878,83,Moderate,1,28.6,68,0.0,17.6,108,1013.1,34,16.5,19.8,180.0,8.0,77.0,7.3
2026-03-22 10:00:00,2026,3,22,10,An Giang,Xã Giồng Riềng,9.9237413,105.2736878,82,Moderate,1,30.1,60,0.0,17.1,109,1013.3,28,15.3,18.9,163.0,3.6,92.0,6.5
2026-03-22 11:00:00,2026,3,22,11,An Giang,Xã Giồng Riềng,9.9237413,105.2736878,81,Moderate,1,31.3,55,0.0,16.1,106,1012.7,20,14.7,18.3,164.0,2.0,104.0,6.0
2026-03-22 12:00:00,2026,3,22,12,An Giang,Xã Giồng Riềng,9.9237413,105.2736878,80,Moderate,1,32.2,51,0.0,15.6,97,1011.9,17,14.0,17.2,172.0,1.7,113.0,5.6
2026-03-22 13:00:00,2026,3,22,13,An Giang,Xã Giồng Riềng,9.9237413,105.2736878,79,Moderate,1,32.7,48,0.0,15.5,93,1010.9,56,13.7,16.4,179.0,1.8,120.0,5.3
2026-03-22 14:00:00,2026,3,22,14,An Giang,Xã Giồng Riềng,9.9237413,105.2736878,77,Moderate,1,32.8,47,0.0,15.1,93,1010.2,97,13.1,15.4,179.0,1.6,124.0,5.2
2026-03-22 15:00:00,2026,3,22,15,An Giang,Xã Giồng Riềng,9.9237413,105.2736878,76,Moderate,1,32.7,45,0.0,15.6,97,1009.4,86,12.1,14.4,177.0,1.7,124.0,5.2
2026-03-22 16:00:00,2026,3,22,16,An Giang,Xã Giồng Riềng,9.9237413,105.2736878,74,Moderate,1,31.9,46,0.0,15.3,99,1009.1,45,11.6,13.9,177.0,2.6,121.0,5.5
2026-03-22 17:00:00,2026,3,22,17,An Giang,Xã Giồng Riềng,9.9237413,105.2736878,73,Moderate,1,30.9,49,0.0,14.4,98,1009.0,5,11.8,14.3,181.0,5.0,111.0,6.3
2026-03-22 18:00:00,2026,3,22,18,An Giang,Xã Giồng Riềng,9.9237413,105.2736878,72,Moderate,1,29.1,54,0.0,12.7,98,1009.6,6,13.7,16.0,187.0,8.2,97.0,7.4
2026-03-22 19:00:00,2026,3,22,19,An Giang,Xã Giồng Riềng,9.9237413,105.2736878,71,Moderate,1,28.2,57,0.0,12.2,106,1010.3,2,19.5,22.4,192.0,10.9,80.0,8.3
2026-03-22 20:00:00,2026,3,22,20,An Giang,Xã Giồng Riềng,9.9237413,105.2736878,70,Moderate,1,27.4,63,0.0,12.3,111,1011.2,2,21.2,23.7,197.0,12.1,73.0,8.6
2026-03-22 21:00:00,2026,3,22,21,An Giang,Xã Giồng Riềng,9.9237413,105.2736878,70,Moderate,1,26.2,70,0.0,10.2,124,1011.7,0,22.5,24.9,201.0,13.7,64.0,9.0
2026-03-22 22:00:00,2026,3,22,22,An Giang,Xã Giồng Riềng,9.9237413,105.2736878,70,Moderate,1,25.1,77,0.0,7.3,123,1012.1,2,23.9,26.4,205.0,15.3,56.0,9.2
2026-03-22 23:00:00,2026,3,22,23,An Giang,Xã Giồng Riềng,9.9237413,105.2736878,69,Moderate,1,24.2,82,0.0,6.5,124,1012.2,0,25.3,27.7,209.0,16.6,51.0,8.9
2026-03-23 00:00:00,2026,3,23,0,An Giang,Xã Giồng Riềng,9.9237413,105.2736878,69,Moderate,1,23.8,86,0.0,6.1,130,1012.0,0,26.7,29.2,212.0,17.9,48.0,8.3
2026-03-23 01:00:00,2026,3,23,1,An Giang,Xã Giồng Riềng,9.9237413,105.2736878,69,Moderate,1,23.5,91,0.0,5.4,120,1011.8,2,29.1,31.5,214.0,19.4,45.0,7.9
2026-03-23 02:00:00,2026,3,23,2,An Giang,Xã Giồng Riềng,9.9237413,105.2736878,69,Moderate,1,23.5,93,0.0,5.4,127,1011.2,1,32.1,34.6,213.0,21.6,41.0,7.7
2026-03-23 03:00:00,2026,3,23,3,An Giang,Xã Giồng Riềng,9.9237413,105.2736878,70,Moderate,1,23.2,96,0.0,5.5,122,1010.9,2,35.2,37.6,211.0,24.0,37.0,7.7
2026-03-23 04:00:00,2026,3,23,4,An Giang,Xã Giồng Riềng,9.9237413,105.2736878,70,Moderate,1,23.2,97,0.0,5.9,113,1010.8,71,38.6,41.3,213.0,25.9,34.0,8.0
2026-03-23 05:00:00,2026,3,23,5,An Giang,Xã Giồng Riềng,9.9237413,105.2736878,71,Moderate,1,23.1,97,0.0,6.0,107,1011.0,83,43.2,46.0,225.0,27.9,30.0,9.0
2026-03-23 06:00:00,2026,3,23,6,An Giang,Xã Giồng Riềng,9.9237413,105.2736878,72,Moderate,1,23.0,97,0.0,6.7,98,1011.7,45,49.1,51.9,241.0,29.3,27.0,10.4
2026-03-23 07:00:00,2026,3,23,7,An Giang,Xã Giồng Riềng,9.9237413,105.2736878,74,Moderate,1,24.8,92,0.0,7.4,94,1012.3,5,54.1,57.5,245.0,28.3,31.0,10.9
2026-03-23 08:00:00,2026,3,23,8,An Giang,Xã Giồng Riềng,9.9237413,105.2736878,76,Moderate,1,27.0,79,0.0,13.5,106,1012.7,16,31.7,35.9,223.0,21.3,49.0,10.0
2026-03-23 09:00:00,2026,3,23,9,An Giang,Xã Giồng Riềng,9.9237413,105.2736878,77,Moderate,1,28.6,70,0.1,13.2,101,1013.2,22,21.0,25.0,189.0,11.7,73.0,8.8
2026-03-23 10:00:00,2026,3,23,10,An Giang,Xã Giồng Riềng,9.9237413,105.2736878,77,Moderate,1,30.2,62,0.1,13.0,104,1013.1,45,19.7,24.0,166.0,4.4,95.0,7.8
2026-03-23 11:00:00,2026,3,23,11,An Giang,Xã Giồng Riềng,9.9237413,105.2736878,77,Moderate,1,31.5,55,0.0,11.7,100,1012.2,43,19.2,23.7,164.0,1.9,110.0,7.2
2026-03-23 12:00:00,2026,3,23,12,An Giang,Xã Giồng Riềng,9.9237413,105.2736878,78,Moderate,1,32.6,50,0.0,11.7,87,1011.1,27,18.5,22.0,173.0,1.8,122.0,6.7
2026-03-23 13:00:00,2026,3,23,13,An Giang,Xã Giồng Riềng,9.9237413,105.2736878,78,Moderate,1,32.6,49,0.0,11.2,86,1010.0,27,17.8,20.4,181.0,2.0,130.0,6.5
2026-03-23 14:00:00,2026,3,23,14,An Giang,Xã Giồng Riềng,9.9237413,105.2736878,79,Moderate,1,32.8,47,0.0,12.1,75,1009.0,44,17.5,20.3,185.0,1.8,135.0,6.4
2026-03-23 15:00:00,2026,3,23,15,An Giang,Xã Giồng Riềng,9.9237413,105.2736878,79,Moderate,1,32.8,47,0.0,13.0,73,1008.4,37,17.1,20.0,189.0,1.9,137.0,6.5
2026-03-23 16:00:00,2026,3,23,16,An Giang,Xã Giồng Riềng,9.9237413,105.2736878,79,Moderate,1,32.1,48,0.0,14.2,78,1008.0,53,16.8,20.0,193.0,3.0,133.0,6.9
2026-03-23 17:00:00,2026,3,23,17,An Giang,Xã Giồng Riềng,9.9237413,105.2736878,80,Moderate,1,31.2,51,0.0,12.9,83,1008.1,38,16.8,19.8,199.0,5.8,122.0,7.9
2026-03-23 18:00:00,2026,3,23,18,An Giang,Xã Giồng Riềng,9.9237413,105.2736878,80,Moderate,1,29.6,58,0.0,7.8,113,1008.4,20,18.2,20.6,206.0,9.7,105.0,9.1
2026-03-23 19:00:00,2026,3,23,19,An Giang,Xã Giồng Riềng,9.9237413,105.2736878,81,Moderate,1,28.5,61,0.0,9.6,111,1009.0,7,28.6,31.9,209.0,12.7,88.0,9.7
2026-03-23 20:00:00,2026,3,23,20,An Giang,Xã Giồng Riềng,9.9237413,105.2736878,82,Moderate,1,27.5,67,0.0,14.1,127,1009.8,0,28.3,31.4,206.0,14.1,78.0,9.8
2026-03-23 21:00:00,2026,3,23,21,An Giang,Xã Giồng Riềng,9.9237413,105.2736878,82,Moderate,1,26.2,75,0.0,11.8,136,1010.2,0,27.8,30.6,199.0,16.0,63.0,10.0
2026-03-23 22:00:00,2026,3,23,22,An Giang,Xã Giồng Riềng,9.9237413,105.2736878,83,Moderate,1,25.5,80,0.0,8.4,138,1010.9,0,28.3,31.0,194.0,17.5,52.0,9.9
2026-03-23 23:00:00,2026,3,23,23,An Giang,Xã Giồng Riềng,9.9237413,105.2736878,83,Moderate,1,24.8,85,0.0,6.9,133,1011.1,2,28.7,31.2,195.0,18.1,48.0,9.4
2026-03-24 00:00:00,2026,3,24,0,An Giang,Xã Giồng Riềng,9.9237413,105.2736878,83,Moderate,1,24.2,89,0.0,6.7,126,1010.9,2,28.1,30.6,198.0,18.2,48.0,8.8
2026-03-24 01:00:00,2026,3,24,1,An Giang,Xã Giồng Riềng,9.9237413,105.2736878,83,Moderate,1,23.9,94,0.0,6.3,110,1010.4,52,28.0,30.6,200.0,18.5,47.0,8.2
2026-03-24 02:00:00,2026,3,24,2,An Giang,Xã Giồng Riềng,9.9237413,105.2736878,83,Moderate,1,23.8,95,0.0,8.4,109,1009.8,28,28.6,31.4,200.0,19.1,45.0,7.7
2026-03-24 03:00:00,2026,3,24,3,An Giang,Xã Giồng Riềng,9.9237413,105.2736878,83,Moderate,1,23.5,96,0.0,9.0,113,1009.4,0,28.6,31.4,200.0,19.9,44.0,7.3
2026-03-24 04:00:00,2026,3,24,4,An Giang,Xã Giồng Riềng,9.9237413,105.2736878,82,Moderate,1,23.3,96,0.0,8.8,110,1009.5,0,30.9,33.6,202.0,20.7,42.0,7.3
2026-03-24 05:00:00,2026,3,24,5,An Giang,Xã Giồng Riềng,9.9237413,105.2736878,82,Moderate,1,23.1,96,0.0,8.8,105,1009.6,0,35.2,37.8,213.0,22.5,37.0,8.0
2026-03-24 06:00:00,2026,3,24,6,An Giang,Xã Giồng Riềng,9.9237413,105.2736878,81,Moderate,1,23.0,96,0.0,8.3,103,1010.3,0,40.3,43.1,227.0,24.4,33.0,9.0
2026-03-24 07:00:00,2026,3,24,7,An Giang,Xã Giồng Riềng,9.9237413,105.2736878,80,Moderate,1,24.4,91,0.0,6.7,106,1011.0,0,35.9,38.3,229.0,20.9,39.0,8.8
2026-03-24 08:00:00,2026,3,24,8,An Giang,Xã Giồng Riềng,9.9237413,105.2736878,79,Moderate,1,26.7,79,0.0,12.0,112,1011.6,35,23.1,26.7,209.0,16.0,54.0,8.5
2026-03-24 09:00:00,2026,3,24,9,An Giang,Xã Giồng Riềng,9.9237413,105.2736878,78,Moderate,1,28.4,69,0.0,14.2,116,1012.0,21,18.6,22.5,177.0,9.2,76.0,8.0
2026-03-24 10:00:00,2026,3,24,10,An Giang,Xã Giồng Riềng,9.9237413,105.2736878,78,Moderate,1,29.8,61,0.0,12.8,114,1011.8,11,19.3,23.6,155.0,4.0,94.0,7.5
2026-03-24 11:00:00,2026,3,24,11,An Giang,Xã Giồng Riềng,9.9237413,105.2736878,78,Moderate,1,31.0,55,0.0,11.7,113,1011.1,12,18.5,22.4,152.0,2.0,105.0,7.0
2026-03-24 12:00:00,2026,3,24,12,An Giang,Xã Giồng Riềng,9.9237413,105.2736878,78,Moderate,1,32.1,51,0.0,11.3,112,1009.8,76,16.2,18.5,158.0,1.7,114.0,6.4
2026-03-24 13:00:00,2026,3,24,13,An Giang,Xã Giồng Riềng,9.9237413,105.2736878,77,Moderate,1,32.8,48,0.0,11.3,103,1008.8,58,15.5,17.1,163.0,1.7,120.0,6.1
2026-03-24 14:00:00,2026,3,24,14,An Giang,Xã Giồng Riềng,9.9237413,105.2736878,77,Moderate,1,33.2,45,0.0,11.9,93,1007.9,23,15.1,16.5,164.0,1.1,126.0,5.9
2026-03-24 15:00:00,2026,3,24,15,An Giang,Xã Giồng Riềng,9.9237413,105.2736878,77,Moderate,1,33.3,44,0.0,12.3,97,1007.1,12,14.6,15.9,164.0,0.9,129.0,5.9
2026-03-24 16:00:00,2026,3,24,16,An Giang,Xã Giồng Riềng,9.9237413,105.2736878,77,Moderate,1,32.9,44,0.0,12.2,103,1006.9,14,14.3,15.5,167.0,2.5,128.0,6.5
2026-03-24 17:00:00,2026,3,24,17,An Giang,Xã Giồng Riềng,9.9237413,105.2736878,77,Moderate,1,31.9,47,0.0,10.4,107,1007.0,13,15.4,16.5,174.0,7.4,119.0,8.2
2026-03-24 18:00:00,2026,3,24,18,An Giang,Xã Giồng Riềng,9.9237413,105.2736878,76,Moderate,1,29.5,55,0.0,6.3,83,1007.7,4,20.0,21.1,183.0,14.2,105.0,10.5
2026-03-24 19:00:00,2026,3,24,19,An Giang,Xã Giồng Riềng,9.9237413,105.2736878,77,Moderate,1,28.5,62,0.0,11.3,146,1008.7,25,32.9,34.6,194.0,17.3,81.0,10.8
2026-03-24 20:00:00,2026,3,24,20,An Giang,Xã Giồng Riềng,9.9237413,105.2736878,77,Moderate,1,27.4,69,0.0,5.6,182,1009.7,6,37.5,39.3,208.0,18.3,71.0,10.8
2026-03-24 21:00:00,2026,3,24,21,An Giang,Xã Giồng Riềng,9.9237413,105.2736878,78,Moderate,1,26.2,76,0.0,4.8,193,1010.2,9,36.3,38.2,222.0,19.7,58.0,10.9
2026-03-24 22:00:00,2026,3,24,22,An Giang,Xã Giồng Riềng,9.9237413,105.2736878,79,Moderate,1,25.5,80,0.0,4.9,188,1010.7,2,36.0,38.0,231.0,21.3,46.0,10.7
2026-03-24 23:00:00,2026,3,24,23,An Giang,Xã Giồng Riềng,9.9237413,105.2736878,79,Moderate,1,24.7,85,0.0,4.1,167,1010.8,0,38.3,40.3,229.0,23.2,38.0,10.1
2026-03-25 00:00:00,2026,3,25,0,An Giang,Xã Giồng Riềng,9.9237413,105.2736878,80,Moderate,1,24.1,89,0.0,4.2,130,1010.5,0,40.4,42.5,220.0,25.3,32.0,9.3
2026-03-25 01:00:00,2026,3,25,1,An Giang,Xã Giồng Riềng,9.9237413,105.2736878,81,Moderate,1,23.8,91,0.0,4.4,111,1009.9,1,42.0,44.1,214.0,27.2,28.0,8.7
2026-03-25 02:00:00,2026,3,25,2,An Giang,Xã Giồng Riềng,9.9237413,105.2736878,82,Moderate,1,23.5,93,0.0,4.9,96,1009.4,2,44.0,46.4,211.0,29.2,25.0,8.6
2026-03-25 03:00:00,2026,3,25,3,An Giang,Xã Giồng Riềng,9.9237413,105.2736878,84,Moderate,1,23.2,94,0.0,4.9,82,1009.1,3,46.8,49.4,210.0,31.0,24.0,8.7
2026-03-25 04:00:00,2026,3,25,4,An Giang,Xã Giồng Riềng,9.9237413,105.2736878,85,Moderate,1,23.0,96,0.0,5.4,86,1009.1,2,48.8,51.7,215.0,31.9,24.0,9.1
2026-03-25 05:00:00,2026,3,25,5,An Giang,Xã Giồng Riềng,9.9237413,105.2736878,87,Moderate,1,22.9,97,0.0,5.9,88,1009.2,1,51.0,54.1,233.0,32.1,23.0,9.9
2026-03-25 06:00:00,2026,3,25,6,An Giang,Xã Giồng Riềng,9.9237413,105.2736878,88,Moderate,1,22.7,98,0.0,6.3,87,1009.9,0,53.6,56.8,257.0,31.3,23.0,10.8
2026-03-25 07:00:00,2026,3,25,7,An Giang,Xã Giồng Riềng,9.9237413,105.2736878,90,Moderate,1,24.3,92,0.0,6.7,88,1010.9,0,55.1,59.4,264.0,26.2,33.0,10.8
2026-03-25 08:00:00,2026,3,25,8,An Giang,Xã Giồng Riềng,9.9237413,105.2736878,91,Moderate,1,26.7,79,0.0,9.8,96,1011.5,2,37.8,43.8,239.0,20.1,50.0,10.6
2026-03-25 09:00:00,2026,3,25,9,An Giang,Xã Giồng Riềng,9.9237413,105.2736878,93,Moderate,1,28.5,68,0.0,10.7,99,1011.8,2,29.5,35.3,197.0,11.6,73.0,10.3
2026-03-25 10:00:00,2026,3,25,10,An Giang,Xã Giồng Riềng,9.9237413,105.2736878,94,Moderate,1,30.2,60,0.0,10.0,96,1011.7,58,28.1,33.3,167.0,5.1,95.0,10.0
2026-03-25 11:00:00,2026,3,25,11,An Giang,Xã Giồng Riềng,9.9237413,105.2736878,94,Moderate,1,31.7,52,0.0,9.7,91,1011.2,34,26.1,28.7,161.0,2.6,113.0,9.5
2026-03-25 12:00:00,2026,3,25,12,An Giang,Xã Giồng Riềng,9.9237413,105.2736878,95,Moderate,1,32.8,46,0.0,10.6,89,1010.0,2,26.8,29.2,166.0,2.1,128.0,8.9
2026-03-25 13:00:00,2026,3,25,13,An Giang,Xã Giồng Riềng,9.9237413,105.2736878,96,Moderate,1,33.4,44,0.0,12.7,83,1009.4,92,27.6,30.4,172.0,2.0,140.0,8.5
2026-03-25 14:00:00,2026,3,25,14,An Giang,Xã Giồng Riềng,9.9237413,105.2736878,97,Moderate,1,33.8,41,0.0,12.8,81,1008.4,84,28.3,31.3,173.0,1.5,148.0,8.3
2026-03-25 15:00:00,2026,3,25,15,An Giang,Xã Giồng Riềng,9.9237413,105.2736878,98,Moderate,1,33.2,41,0.0,14.5,79,1007.6,100,28.2,31.5,174.0,1.5,152.0,8.2
2026-03-25 16:00:00,2026,3,25,16,An Giang,Xã Giồng Riềng,9.9237413,105.2736878,99,Moderate,1,33.1,42,0.0,15.0,80,1007.5,36,27.5,31.0,178.0,2.8,150.0,8.5
2026-03-25 17:00:00,2026,3,25,17,An Giang,Xã Giồng Riềng,9.9237413,105.2736878,101,Unhealthy for Sensitive Groups,2,32.4,45,0.0,11.5,98,1007.7,6,26.8,30.2,188.0,6.5,138.0,9.5
2026-03-25 18:00:00,2026,3,25,18,An Giang,Xã Giồng Riềng,9.9237413,105.2736878,102,Unhealthy for Sensitive Groups,2,30.0,52,0.0,7.6,117,1008.2,91,28.3,31.0,200.0,11.7,120.0,10.8
2026-03-25 19:00:00,2026,3,25,19,An Giang,Xã Giồng Riềng,9.9237413,105.2736878,103,Unhealthy for Sensitive Groups,2,28.6,58,0.0,8.9,132,1009.0,94,37.5,39.7,209.0,16.0,100.0,11.1
2026-03-25 20:00:00,2026,3,25,20,An Giang,Xã Giồng Riềng,9.9237413,105.2736878,103,Unhealthy for Sensitive Groups,2,27.2,66,0.0,10.4,180,1009.9,87,40.3,42.1,211.0,16.8,87.0,10.9
2026-03-25 21:00:00,2026,3,25,21,An Giang,Xã Giồng Riềng,9.9237413,105.2736878,103,Unhealthy for Sensitive Groups,2,26.1,74,0.0,9.4,172,1010.5,2,38.3,40.0,210.0,18.0,70.0,10.7
2026-03-25 22:00:00,2026,3,25,22,An Giang,Xã Giồng Riềng,9.9237413,105.2736878,104,Unhealthy for Sensitive Groups,2,25.2,77,0.0,7.0,170,1011.1,0,36.8,38.4,210.0,19.2,55.0,10.3
2026-03-25 23:00:00,2026,3,25,23,An Giang,Xã Giồng Riềng,9.9237413,105.2736878,104,Unhealthy for Sensitive Groups,2,24.2,83,0.0,4.7,157,1011.3,0,36.7,38.3,212.0,20.1,47.0,9.7
2026-03-26 00:00:00,2026,3,26,0,An Giang,Xã Giồng Riềng,9.9237413,105.2736878,104,Unhealthy for Sensitive Groups,2,23.7,87,0.0,5.4,146,1011.0,0,37.3,39.2,214.0,21.1,42.0,8.9
2026-03-26 01:00:00,2026,3,26,1,An Giang,Xã Giồng Riềng,9.9237413,105.2736878,103,Unhealthy for Sensitive Groups,2,23.4,92,0.0,4.3,156,1010.6,1,38.2,40.4,215.0,22.5,37.0,8.3
2026-03-26 02:00:00,2026,3,26,2,An Giang,Xã Giồng Riềng,9.9237413,105.2736878,103,Unhealthy for Sensitive Groups,2,23.4,94,0.0,4.6,135,1010.1,16,39.3,41.8,213.0,25.2,31.0,7.9
2026-03-26 03:00:00,2026,3,26,3,An Giang,Xã Giồng Riềng,9.9237413,105.2736878,102,Unhealthy for Sensitive Groups,2,23.1,96,0.0,5.0,120,1009.8,99,43.5,45.8,210.0,28.4,25.0,7.6
2026-03-26 04:00:00,2026,3,26,4,An Giang,Xã Giồng Riềng,9.9237413,105.2736878,102,Unhealthy for Sensitive Groups,2,23.4,95,0.0,5.8,124,1009.6,95,47.0,49.1,212.0,30.4,22.0,7.6
2026-03-26 05:00:00,2026,3,26,5,An Giang,Xã Giồng Riềng,9.9237413,105.2736878,102,Unhealthy for Sensitive Groups,2,23.4,96,0.0,5.8,120,1009.9,82,49.4,51.5,227.0,31.0,20.0,8.3
2026-03-26 06:00:00,2026,3,26,6,An Giang,Xã Giồng Riềng,9.9237413,105.2736878,102,Unhealthy for Sensitive Groups,2,23.0,98,0.0,4.5,106,1010.7,66,55.5,57.6,247.0,30.3,21.0,9.3
2026-03-26 07:00:00,2026,3,26,7,An Giang,Xã Giồng Riềng,9.9237413,105.2736878,102,Unhealthy for Sensitive Groups,2,24.5,92,0.0,4.9,80,1011.4,70,50.9,53.8,254.0,24.6,33.0,9.5
2026-03-26 08:00:00,2026,3,26,8,An Giang,Xã Giồng Riềng,9.9237413,105.2736878,101,Unhealthy for Sensitive Groups,2,26.9,81,0.0,9.7,114,1011.8,35,32.4,36.7,234.0,18.4,52.0,8.7
2026-03-26 09:00:00,2026,3,26,9,An Giang,Xã Giồng Riềng,9.9237413,105.2736878,101,Unhealthy for Sensitive Groups,2,28.6,69,0.0,12.9,111,1012.2,32,20.4,25.0,201.0,9.9,79.0,7.7
2026-03-26 10:00:00,2026,3,26,10,An Giang,Xã Giồng Riềng,9.9237413,105.2736878,100,Moderate,1,30.2,61,0.0,13.1,103,1012.1,12,19.0,24.2,178.0,3.6,102.0,6.9
2026-03-26 11:00:00,2026,3,26,11,An Giang,Xã Giồng Riềng,9.9237413,105.2736878,99,Moderate,1,31.6,55,0.0,11.8,98,1011.2,5,18.7,23.1,176.0,1.6,117.0,6.6
2026-03-26 12:00:00,2026,3,26,12,An Giang,Xã Giồng Riềng,9.9237413,105.2736878,98,Moderate,1,32.7,49,0.0,12.8,87,1010.1,11,19.2,22.2,184.0,1.8,127.0,6.5
2026-03-26 13:00:00,2026,3,26,13,An Giang,Xã Giồng Riềng,9.9237413,105.2736878,98,Moderate,1,32.8,49,0.0,12.3,79,1009.1,49,20.7,23.6,192.0,2.2,135.0,6.4
2026-03-26 14:00:00,2026,3,26,14,An Giang,Xã Giồng Riềng,9.9237413,105.2736878,97,Moderate,1,33.0,46,0.0,11.8,78,1008.0,38,22.1,25.0,195.0,1.8,142.0,6.1
2026-03-26 15:00:00,2026,3,26,15,An Giang,Xã Giồng Riềng,9.9237413,105.2736878,97,Moderate,1,32.8,45,0.0,13.5,74,1007.1,53,22.4,25.2,198.0,1.7,147.0,5.8
2026-03-26 16:00:00,2026,3,26,16,An Giang,Xã Giồng Riềng,9.9237413,105.2736878,96,Moderate,1,32.2,47,0.0,12.9,62,1006.8,90,22.5,25.3,203.0,3.0,145.0,6.1
2026-03-26 17:00:00,2026,3,26,17,An Giang,Xã Giồng Riềng,9.9237413,105.2736878,96,Moderate,1,31.9,48,0.0,12.5,60,1007.0,70,23.5,26.1,214.0,7.2,134.0,7.5
2026-03-26 18:00:00,2026,3,26,18,An Giang,Xã Giồng Riềng,9.9237413,105.2736878,95,Moderate,1,30.0,54,0.0,8.1,65,1007.6,91,28.1,30.2,227.0,12.8,117.0,9.4
2026-03-26 19:00:00,2026,3,26,19,An Giang,Xã Giồng Riềng,9.9237413,105.2736878,95,Moderate,1,28.6,58,0.0,6.9,95,1008.4,1,42.3,44.0,236.0,18.0,98.0,11.1
2026-03-26 20:00:00,2026,3,26,20,An Giang,Xã Giồng Riềng,9.9237413,105.2736878,96,Moderate,1,27.7,62,0.0,10.5,161,1009.3,0,45.1,46.7,236.0,19.1,86.0,11.3
2026-03-26 21:00:00,2026,3,26,21,An Giang,Xã Giồng Riềng,9.9237413,105.2736878,96,Moderate,1,26.5,70,0.0,9.7,153,1009.9,0,42.6,44.1,231.0,20.5,69.0,11.5
2026-03-26 22:00:00,2026,3,26,22,An Giang,Xã Giồng Riềng,9.9237413,105.2736878,97,Moderate,1,25.5,74,0.0,8.2,148,1010.7,0,38.2,39.6,226.0,21.4,55.0,11.4
2026-03-26 23:00:00,2026,3,26,23,An Giang,Xã Giồng Riềng,9.9237413,105.2736878,97,Moderate,1,24.7,80,0.0,7.4,154,1010.8,0,34.5,36.6,224.0,21.0,48.0,10.5
2026-03-27 00:00:00,2026,3,27,0,An Giang,Xã Giồng Riềng,9.9237413,105.2736878,97,Moderate,1,24.0,87,0.0,7.3,140,1010.8,3,31.7,34.0,223.0,20.0,45.0,9.2
2026-03-27 01:00:00,2026,3,27,1,An Giang,Xã Giồng Riềng,9.9237413,105.2736878,96,Moderate,1,23.5,93,0.0,6.1,137,1010.3,25,30.6,33.3,220.0,19.9,41.0,8.2
2026-03-27 02:00:00,2026,3,27,2,An Giang,Xã Giồng Riềng,9.9237413,105.2736878,95,Moderate,1,23.4,96,0.0,6.4,135,1009.9,41,31.2,34.0,212.0,21.9,36.0,7.6
2026-03-27 03:00:00,2026,3,27,3,An Giang,Xã Giồng Riềng,9.9237413,105.2736878,95,Moderate,1,23.1,97,0.0,5.5,128,1009.4,12,35.3,37.6,202.0,24.9,30.0,7.2
2026-03-27 04:00:00,2026,3,27,4,An Giang,Xã Giồng Riềng,9.9237413,105.2736878,94,Moderate,1,22.9,98,0.0,6.5,129,1009.4,6,39.1,41.3,199.0,26.8,27.0,7.1
2026-03-27 05:00:00,2026,3,27,5,An Giang,Xã Giồng Riềng,9.9237413,105.2736878,93,Moderate,1,22.8,98,0.0,6.7,126,1009.8,2,43.7,45.8,213.0,27.2,25.0,7.6
2026-03-27 06:00:00,2026,3,27,6,An Giang,Xã Giồng Riềng,9.9237413,105.2736878,93,Moderate,1,22.6,98,0.0,6.0,127,1010.3,0,47.8,50.1,234.0,26.4,26.0,8.4
2026-03-27 07:00:00,2026,3,27,7,An Giang,Xã Giồng Riềng,9.9237413,105.2736878,92,Moderate,1,24.4,92,0.0,8.5,119,1010.7,25,40.7,44.4,242.0,20.1,41.0,8.5
2026-03-27 08:00:00,2026,3,27,8,An Giang,Xã Giồng Riềng,9.9237413,105.2736878,91,Moderate,1,26.6,78,0.0,11.8,123,1011.5,12,27.3,32.4,224.0,15.0,58.0,7.5
2026-03-27 09:00:00,2026,3,27,9,An Giang,Xã Giồng Riềng,9.9237413,105.2736878,91,Moderate,1,28.3,67,0.0,10.8,126,1011.9,9,20.4,25.7,194.0,8.0,82.0,6.2
2026-03-27 10:00:00,2026,3,27,10,An Giang,Xã Giồng Riềng,9.9237413,105.2736878,91,Moderate,1,29.9,58,0.0,10.3,125,1011.8,15,17.6,22.8,171.0,2.8,101.0,5.2
2026-03-27 11:00:00,2026,3,27,11,An Giang,Xã Giồng Riềng,9.9237413,105.2736878,91,Moderate,1,31.4,51,0.0,9.8,121,1011.4,20,17.2,22.3,164.0,1.2,111.0,4.7
2026-03-27 12:00:00,2026,3,27,12,An Giang,Xã Giồng Riềng,9.9237413,105.2736878,90,Moderate,1,32.3,46,0.0,9.7,121,1010.6,5,17.2,21.9,164.0,1.4,116.0,4.6
2026-03-27 13:00:00,2026,3,27,13,An Giang,Xã Giồng Riềng,9.9237413,105.2736878,90,Moderate,1,32.8,43,0.0,8.0,121,1009.5,18,16.4,19.9,165.0,1.8,121.0,4.6
2026-03-27 14:00:00,2026,3,27,14,An Giang,Xã Giồng Riềng,9.9237413,105.2736878,90,Moderate,1,33.8,39,0.0,6.0,107,1008.3,45,15.9,18.0,163.0,1.3,127.0,4.7
2026-03-27 15:00:00,2026,3,27,15,An Giang,Xã Giồng Riềng,9.9237413,105.2736878,89,Moderate,1,34.5,35,0.0,8.9,84,1006.9,25,16.7,18.6,162.0,1.0,133.0,5.1
2026-03-27 16:00:00,2026,3,27,16,An Giang,Xã Giồng Riềng,9.9237413,105.2736878,89,Moderate,1,33.3,40,0.0,16.5,72,1006.3,12,17.7,19.4,166.0,2.6,132.0,6.0
2026-03-27 17:00:00,2026,3,27,17,An Giang,Xã Giồng Riềng,9.9237413,105.2736878,88,Moderate,1,31.7,44,0.0,15.5,72,1006.6,0,19.4,21.0,179.0,7.5,122.0,8.0
2026-03-27 18:00:00,2026,3,27,18,An Giang,Xã Giồng Riềng,9.9237413,105.2736878,88,Moderate,1,30.1,49,0.0,6.5,82,1007.0,0,25.3,26.5,196.0,14.2,107.0,10.6
2026-03-27 19:00:00,2026,3,27,19,An Giang,Xã Giồng Riềng,9.9237413,105.2736878,88,Moderate,1,29.1,51,0.0,11.2,69,1007.8,0,44.6,46.8,211.0,19.2,87.0,11.6
2026-03-27 20:00:00,2026,3,27,20,An Giang,Xã Giồng Riềng,9.9237413,105.2736878,88,Moderate,1,28.2,57,0.0,9.1,131,1008.6,3,49.2,50.9,221.0,20.1,77.0,11.6
2026-03-27 21:00:00,2026,3,27,21,An Giang,Xã Giồng Riềng,9.9237413,105.2736878,88,Moderate,1,27.0,65,0.0,10.9,167,1009.7,2,45.6,47.0,227.0,21.3,63.0,11.7
2026-03-27 22:00:00,2026,3,27,22,An Giang,Xã Giồng Riềng,9.9237413,105.2736878,89,Moderate,1,26.0,73,0.0,9.4,160,1010.0,0,40.4,42.4,230.0,22.2,52.0,11.4
2026-03-27 23:00:00,2026,3,27,23,An Giang,Xã Giồng Riềng,9.9237413,105.2736878,89,Moderate,1,25.1,79,0.0,8.4,145,1010.1,0,36.1,38.2,226.0,22.3,46.0,10.5
2026-03-28 00:00:00,2026,3,28,0,An Giang,Xã Giồng Riềng,9.9237413,105.2736878,89,Moderate,1,24.5,84,0.0,8.4,133,1009.7,0,34.5,36.6,219.0,22.1,42.0,9.4
2026-03-28 01:00:00,2026,3,28,1,An Giang,Xã Giồng Riềng,9.9237413,105.2736878,89,Moderate,1,23.9,91,0.0,7.9,129,1008.8,0,35.2,37.4,211.0,22.5,38.0,8.5
2026-03-28 02:00:00,2026,3,28,2,An Giang,Xã Giồng Riềng,9.9237413,105.2736878,90,Moderate,1,23.5,93,0.0,8.2,123,1008.2,0,37.7,39.9,203.0,24.3,34.0,8.2
2026-03-28 03:00:00,2026,3,28,3,An Giang,Xã Giồng Riềng,9.9237413,105.2736878,90,Moderate,1,23.0,96,0.0,8.5,122,1008.0,0,40.6,43.1,194.0,26.8,30.0,8.1
2026-03-28 04:00:00,2026,3,28,4,An Giang,Xã Giồng Riềng,9.9237413,105.2736878,91,Moderate,1,22.8,96,0.0,8.1,121,1007.7,0,43.1,45.5,193.0,28.3,27.0,8.3
2026-03-28 05:00:00,2026,3,28,5,An Giang,Xã Giồng Riềng,9.9237413,105.2736878,91,Moderate,1,22.6,97,0.0,7.4,113,1008.6,0,45.8,48.2,207.0,28.9,25.0,8.9
2026-03-28 06:00:00,2026,3,28,6,An Giang,Xã Giồng Riềng,9.9237413,105.2736878,91,Moderate,1,22.2,97,0.0,5.2,102,1009.3,1,49.7,52.4,228.0,28.5,24.0,9.8
2026-03-28 07:00:00,2026,3,28,7,An Giang,Xã Giồng Riềng,9.9237413,105.2736878,91,Moderate,1,24.0,93,0.0,5.5,99,1010.1,16,50.6,52.6,238.0,26.3,30.0,10.3
2026-03-28 08:00:00,2026,3,28,8,An Giang,Xã Giồng Riềng,9.9237413,105.2736878,92,Moderate,1,26.5,80,0.0,10.5,117,1010.5,23,35.3,38.9,223.0,19.7,50.0,9.4
2026-03-28 09:00:00,2026,3,28,9,An Giang,Xã Giồng Riềng,9.9237413,105.2736878,93,Moderate,1,28.4,67,0.0,12.6,124,1011.1,20,22.3,26.5,197.0,10.5,78.0,8.1
2026-03-28 10:00:00,2026,3,28,10,An Giang,Xã Giồng Riềng,9.9237413,105.2736878,93,Moderate,1,30.0,59,0.0,11.5,122,1011.1,18,20.3,24.9,178.0,3.7,100.0,6.9
2026-03-28 11:00:00,2026,3,28,11,An Giang,Xã Giồng Riềng,9.9237413,105.2736878,93,Moderate,1,31.3,53,0.0,10.4,120,1010.6,13,19.8,23.6,175.0,1.5,111.0,6.0
2026-03-28 12:00:00,2026,3,28,12,An Giang,Xã Giồng Riềng,9.9237413,105.2736878,94,Moderate,1,32.3,50,0.0,9.6,120,1009.5,24,18.1,20.6,180.0,1.5,116.0,5.3
2026-03-28 13:00:00,2026,3,28,13,An Giang,Xã Giồng Riềng,9.9237413,105.2736878,94,Moderate,1,33.3,44,0.0,12.2,123,1008.6,90,17.1,19.0,183.0,1.9,119.0,4.8
2026-03-28 14:00:00,2026,3,28,14,An Giang,Xã Giồng Riềng,9.9237413,105.2736878,94,Moderate,1,33.6,42,0.0,14.5,126,1007.7,99,17.2,19.0,181.0,1.6,120.0,4.5
2026-03-28 15:00:00,2026,3,28,15,An Giang,Xã Giồng Riềng,9.9237413,105.2736878,94,Moderate,1,33.3,41,0.0,14.3,135,1007.2,98,17.1,18.9,179.0,1.5,118.0,4.3
2026-03-28 16:00:00,2026,3,28,16,An Giang,Xã Giồng Riềng,9.9237413,105.2736878,94,Moderate,1,33.2,41,0.0,15.8,132,1006.6,99,17.3,19.0,179.0,2.7,113.0,4.6
2026-03-28 17:00:00,2026,3,28,17,An Giang,Xã Giồng Riềng,9.9237413,105.2736878,94,Moderate,1,31.8,46,0.0,19.5,134,1007.1,96,18.1,19.7,184.0,6.0,102.0,5.6
2026-03-28 18:00:00,2026,3,28,18,An Giang,Xã Giồng Riềng,9.9237413,105.2736878,94,Moderate,1,29.3,56,0.0,17.4,140,1007.8,24,21.1,22.5,192.0,10.6,88.0,7.0
2026-03-28 19:00:00,2026,3,28,19,An Giang,Xã Giồng Riềng,9.9237413,105.2736878,93,Moderate,1,28.2,62,0.0,13.3,142,1008.2,0,29.6,31.4,201.0,12.4,75.0,7.2
2026-03-28 20:00:00,2026,3,28,20,An Giang,Xã Giồng Riềng,9.9237413,105.2736878,92,Moderate,1,27.4,66,0.0,11.3,138,1008.8,0,29.8,31.3,211.0,13.3,68.0,7.7
2026-03-28 21:00:00,2026,3,28,21,An Giang,Xã Giồng Riềng,9.9237413,105.2736878,90,Moderate,1,26.5,71,0.0,9.7,129,1009.3,30,29.4,31.0,223.0,14.8,59.0,8.5
2026-03-28 22:00:00,2026,3,28,22,An Giang,Xã Giồng Riềng,9.9237413,105.2736878,89,Moderate,1,25.9,75,0.0,9.3,115,1009.7,91,31.2,33.1,234.0,16.9,50.0,9.0
2026-03-28 23:00:00,2026,3,28,23,An Giang,Xã Giồng Riềng,9.9237413,105.2736878,88,Moderate,1,25.1,79,0.0,7.1,120,1009.8,94,35.3,37.3,245.0,20.0,42.0,9.1
2026-03-29 00:00:00,2026,3,29,0,An Giang,Xã Giồng Riềng,9.9237413,105.2736878,88,Moderate,1,24.5,83,0.0,4.9,123,1009.9,84,40.5,43.1,256.0,23.8,35.0,9.0
2026-03-29 01:00:00,2026,3,29,1,An Giang,Xã Giồng Riềng,9.9237413,105.2736878,88,Moderate,1,24.0,89,0.0,3.7,129,1009.2,100,47.1,49.9,265.0,27.9,28.0,9.1
2026-03-29 02:00:00,2026,3,29,2,An Giang,Xã Giồng Riềng,9.9237413,105.2736878,90,Moderate,1,23.7,90,0.0,3.5,141,1008.9,100,55.3,58.2,274.0,33.1,21.0,9.4
2026-03-29 03:00:00,2026,3,29,3,An Giang,Xã Giồng Riềng,9.9237413,105.2736878,91,Moderate,1,23.4,92,0.0,3.6,108,1008.8,94,62.6,65.7,281.0,38.7,14.0,9.8
2026-03-29 04:00:00,2026,3,29,4,An Giang,Xã Giồng Riềng,9.9237413,105.2736878,93,Moderate,1,23.2,93,0.0,4.9,100,1008.9,100,68.0,71.2,285.0,41.4,11.0,10.3
2026-03-29 05:00:00,2026,3,29,5,An Giang,Xã Giồng Riềng,9.9237413,105.2736878,95,Moderate,1,23.2,94,0.0,6.7,99,1009.1,100,70.8,74.5,286.0,40.0,13.0,11.4
2026-03-29 06:00:00,2026,3,29,6,An Giang,Xã Giồng Riềng,9.9237413,105.2736878,97,Moderate,1,23.2,94,0.0,8.2,104,1009.5,99,65.7,69.2,284.0,35.8,19.0,12.5
2026-03-29 07:00:00,2026,3,29,7,An Giang,Xã Giồng Riềng,9.9237413,105.2736878,99,Moderate,1,25.1,87,0.0,11.1,97,1009.8,38,63.1,66.1,274.0,30.7,29.0,12.5
2026-03-29 08:00:00,2026,3,29,8,An Giang,Xã Giồng Riềng,9.9237413,105.2736878,100,Moderate,1,27.5,77,0.0,12.1,108,1010.8,22,42.4,46.7,250.0,23.1,47.0,10.8
2026-03-29 09:00:00,2026,3,29,9,An Giang,Xã Giồng Riềng,9.9237413,105.2736878,101,Unhealthy for Sensitive Groups,2,29.5,67,0.0,9.8,118,1011.5,0,25.0,29.2,217.0,12.5,73.0,8.5
2026-03-29 10:00:00,2026,3,29,10,An Giang,Xã Giồng Riềng,9.9237413,105.2736878,101,Unhealthy for Sensitive Groups,2,31.0,60,0.0,8.0,121,1011.6,3,22.5,25.6,193.0,4.6,94.0,6.6
2026-03-29 11:00:00,2026,3,29,11,An Giang,Xã Giồng Riềng,9.9237413,105.2736878,101,Unhealthy for Sensitive Groups,2,32.7,54,0.0,10.1,125,1011.1,5,21.2,23.1,184.0,1.8,106.0,5.6
2026-03-29 12:00:00,2026,3,29,12,An Giang,Xã Giồng Riềng,9.9237413,105.2736878,101,Unhealthy for Sensitive Groups,2,33.7,50,0.0,13.4,126,1010.1,10,21.0,22.8,183.0,1.7,113.0,5.0
2026-03-29 13:00:00,2026,3,29,13,An Giang,Xã Giồng Riềng,9.9237413,105.2736878,102,Unhealthy for Sensitive Groups,2,33.8,47,0.0,14.9,131,1009.0,13,20.1,21.8,182.0,1.9,117.0,4.7
2026-03-29 14:00:00,2026,3,29,14,An Giang,Xã Giồng Riềng,9.9237413,105.2736878,102,Unhealthy for Sensitive Groups,2,34.0,44,0.0,14.4,133,1007.9,23,19.0,20.8,177.0,1.4,119.0,4.5
2026-03-29 15:00:00,2026,3,29,15,An Giang,Xã Giồng Riềng,9.9237413,105.2736878,102,Unhealthy for Sensitive Groups,2,34.2,42,0.0,13.8,133,1007.2,14,18.5,20.3,172.0,1.3,118.0,4.6
2026-03-29 16:00:00,2026,3,29,16,An Giang,Xã Giồng Riềng,9.9237413,105.2736878,102,Unhealthy for Sensitive Groups,2,34.0,42,0.0,15.5,141,1007.0,26,17.9,19.7,172.0,2.6,113.0,5.0
2026-03-29 17:00:00,2026,3,29,17,An Giang,Xã Giồng Riềng,9.9237413,105.2736878,102,Unhealthy for Sensitive Groups,2,33.0,44,0.0,12.9,148,1007.0,20,18.6,20.2,180.0,6.5,101.0,5.8
2026-03-29 18:00:00,2026,3,29,18,An Giang,Xã Giồng Riềng,9.9237413,105.2736878,102,Unhealthy for Sensitive Groups,2,31.1,50,0.0,8.0,171,1007.4,43,21.2,22.5,193.0,11.8,84.0,7.0
2026-03-29 19:00:00,2026,3,29,19,An Giang,Xã Giồng Riềng,9.9237413,105.2736878,102,Unhealthy for Sensitive Groups,2,29.0,60,0.0,4.5,182,1008.4,14,32.7,34.2,207.0,15.4,67.0,7.7
2026-03-29 20:00:00,2026,3,29,20,An Giang,Xã Giồng Riềng,9.9237413,105.2736878,103,Unhealthy for Sensitive Groups,2,27.9,65,0.0,4.5,166,1009.0,6,37.4,38.6,225.0,16.5,59.0,8.1
2026-03-29 21:00:00,2026,3,29,21,An Giang,Xã Giồng Riềng,9.9237413,105.2736878,104,Unhealthy for Sensitive Groups,2,27.0,70,0.0,5.3,172,1009.8,12,36.4,37.7,244.0,18.1,47.0,8.6
2026-03-29 22:00:00,2026,3,29,22,An Giang,Xã Giồng Riềng,9.9237413,105.2736878,104,Unhealthy for Sensitive Groups,2,26.0,77,0.0,4.7,182,1010.5,2,34.8,36.4,257.0,19.4,38.0,8.8
2026-03-29 23:00:00,2026,3,29,23,An Giang,Xã Giồng Riềng,9.9237413,105.2736878,105,Unhealthy for Sensitive Groups,2,25.2,83,0.0,4.7,182,1011.0,0,33.3,35.0,259.0,19.9,34.0,8.4
2026-03-30 00:00:00,2026,3,30,0,An Giang,Xã Giồng Riềng,9.9237413,105.2736878,104,Unhealthy for Sensitive Groups,2,24.6,89,0.0,4.9,180,1011.1,1,32.7,34.6,255.0,20.1,31.0,7.7
2026-03-30 01:00:00,2026,3,30,1,An Giang,Xã Giồng Riềng,9.9237413,105.2736878,104,Unhealthy for Sensitive Groups,2,24.1,95,0.0,4.7,162,1010.3,4,34.5,36.3,249.0,20.8,29.0,7.2
2026-03-30 02:00:00,2026,3,30,2,An Giang,Xã Giồng Riềng,9.9237413,105.2736878,102,Unhealthy for Sensitive Groups,2,24.0,97,0.0,6.6,147,1009.8,30,38.0,39.9,242.0,23.0,25.0,7.0
2026-03-30 03:00:00,2026,3,30,3,An Giang,Xã Giồng Riềng,9.9237413,105.2736878,101,Unhealthy for Sensitive Groups,2,24.1,99,0.0,6.9,131,1009.3,84,41.6,43.5,232.0,25.7,21.0,7.1
2026-03-30 04:00:00,2026,3,30,4,An Giang,Xã Giồng Riềng,9.9237413,105.2736878,99,Moderate,1,24.1,99,0.0,6.1,114,1009.0,100,43.4,45.5,222.0,27.0,20.0,7.4
2026-03-30 05:00:00,2026,3,30,5,An Giang,Xã Giồng Riềng,9.9237413,105.2736878,96,Moderate,1,24.5,99,0.0,6.9,95,1009.5,100,44.8,47.0,212.0,26.2,22.0,8.4
2026-03-30 06:00:00,2026,3,30,6,An Giang,Xã Giồng Riềng,9.9237413,105.2736878,94,Moderate,1,25.0,95,0.0,8.6,98,1010.2,100,41.7,44.5,201.0,24.0,26.0,9.8
2026-03-30 07:00:00,2026,3,30,7,An Giang,Xã Giồng Riềng,9.9237413,105.2736878,92,Moderate,1,25.5,94,0.0,8.4,115,1010.7,93,53.8,57.4,191.0,23.9,27.0,9.7
2026-03-30 08:00:00,2026,3,30,8,An Giang,Xã Giồng Riềng,9.9237413,105.2736878,91,Moderate,1,27.5,80,0.0,9.7,125,1011.8,26,35.2,39.9,180.0,18.2,44.0,8.9
2026-03-30 09:00:00,2026,3,30,9,An Giang,Xã Giồng Riềng,9.9237413,105.2736878,91,Moderate,1,29.2,69,0.0,7.3,115,1012.4,12,26.3,31.1,169.0,10.3,68.0,7.7
2026-03-30 10:00:00,2026,3,30,10,An Giang,Xã Giồng Riềng,9.9237413,105.2736878,91,Moderate,1,30.6,61,0.0,6.1,118,1012.3,20,23.9,28.7,162.0,4.3,89.0,6.8
2026-03-30 11:00:00,2026,3,30,11,An Giang,Xã Giồng Riềng,9.9237413,105.2736878,91,Moderate,1,31.6,56,0.0,5.6,119,1011.8,24,22.7,25.4,163.0,2.2,106.0,6.4
2026-03-30 12:00:00,2026,3,30,12,An Giang,Xã Giồng Riềng,9.9237413,105.2736878,91,Moderate,1,32.2,53,0.1,5.0,109,1010.8,31,25.4,27.9,169.0,2.0,121.0,6.1
2026-03-30 13:00:00,2026,3,30,13,An Giang,Xã Giồng Riềng,9.9237413,105.2736878,91,Moderate,1,31.8,55,0.1,3.3,131,1010.1,45,23.9,25.8,174.0,2.2,131.0,6.0
2026-03-30 14:00:00,2026,3,30,14,An Giang,Xã Giồng Riềng,9.9237413,105.2736878,92,Moderate,1,32.7,52,0.0,4.8,138,1009.2,32,24.0,26.0,176.0,2.0,136.0,5.8
2026-03-30 15:00:00,2026,3,30,15,An Giang,Xã Giồng Riềng,9.9237413,105.2736878,92,Moderate,1,32.8,52,0.0,6.1,140,1008.5,27,23.8,25.6,177.0,2.1,137.0,5.7
2026-03-30 16:00:00,2026,3,30,16,An Giang,Xã Giồng Riềng,9.9237413,105.2736878,93,Moderate,1,32.5,52,0.0,8.1,137,1007.8,41,24.4,26.1,181.0,3.0,132.0,5.8
2026-03-30 17:00:00,2026,3,30,17,An Giang,Xã Giồng Riềng,9.9237413,105.2736878,93,Moderate,1,32.0,53,0.0,10.7,147,1007.9,39,24.4,26.0,190.0,5.3,119.0,6.3
2026-03-30 18:00:00,2026,3,30,18,An Giang,Xã Giồng Riềng,9.9237413,105.2736878,94,Moderate,1,28.9,66,0.1,14.9,120,1008.4,23,24.3,25.6,202.0,8.4,101.0,7.1
2026-03-30 19:00:00,2026,3,30,19,An Giang,Xã Giồng Riềng,9.9237413,105.2736878,94,Moderate,1,28.6,67,0.0,10.9,129,1008.6,13,28.7,29.7,207.0,12.1,87.0,7.9
2026-03-30 20:00:00,2026,3,30,20,An Giang,Xã Giồng Riềng,9.9237413,105.2736878,94,Moderate,1,28.0,69,0.0,12.4,132,1009.4,59,30.2,31.3,201.0,13.7,74.0,8.3
2026-03-30 21:00:00,2026,3,30,21,An Giang,Xã Giồng Riềng,9.9237413,105.2736878,93,Moderate,1,27.6,70,0.0,12.3,140,1010.4,62,30.9,32.7,189.0,15.8,57.0,8.8
2026-03-30 22:00:00,2026,3,30,22,An Giang,Xã Giồng Riềng,9.9237413,105.2736878,92,Moderate,1,27.0,75,0.0,12.1,142,1011.1,70,32.0,34.5,180.0,17.6,43.0,8.9
2026-03-30 23:00:00,2026,3,30,23,An Giang,Xã Giồng Riềng,9.9237413,105.2736878,92,Moderate,1,26.4,82,0.0,10.6,138,1011.3,2,31.9,34.6,177.0,18.3,36.0,8.4
2026-03-31 00:00:00,2026,3,31,0,An Giang,Xã Giồng Riềng,9.9237413,105.2736878,92,Moderate,1,25.8,87,0.0,8.8,134,1011.1,0,31.4,34.3,177.0,18.7,32.0,7.5
2026-03-31 01:00:00,2026,3,31,1,An Giang,Xã Giồng Riềng,9.9237413,105.2736878,92,Moderate,1,25.2,93,0.0,7.3,128,1011.2,6,32.6,35.6,177.0,19.4,29.0,6.8
2026-03-31 02:00:00,2026,3,31,2,An Giang,Xã Giồng Riềng,9.9237413,105.2736878,92,Moderate,1,24.9,96,0.0,7.2,129,1010.4,20,35.3,38.3,175.0,21.2,25.0,6.5
2026-03-31 03:00:00,2026,3,31,3,An Giang,Xã Giồng Riềng,9.9237413,105.2736878,92,Moderate,1,24.6,98,0.0,6.8,127,1010.2,33,38.0,41.1,175.0,23.4,22.0,6.5
2026-03-31 04:00:00,2026,3,31,4,An Giang,Xã Giồng Riềng,9.9237413,105.2736878,91,Moderate,1,24.5,98,0.0,5.9,117,1010.0,100,40.0,43.3,179.0,24.7,20.0,6.7
2026-03-31 05:00:00,2026,3,31,5,An Giang,Xã Giồng Riềng,9.9237413,105.2736878,91,Moderate,1,25.0,96,0.0,7.3,110,1010.0,100,43.3,46.7,196.0,24.7,19.0,7.4
2026-03-31 06:00:00,2026,3,31,6,An Giang,Xã Giồng Riềng,9.9237413,105.2736878,91,Moderate,1,25.1,94,0.0,6.9,105,1011.0,57,44.8,48.9,219.0,23.8,20.0,8.3
2026-03-31 07:00:00,2026,3,31,7,An Giang,Xã Giồng Riềng,9.9237413,105.2736878,91,Moderate,1,25.1,93,0.0,4.5,83,1011.8,2,48.3,54.1,230.0,22.5,27.0,9.4
2026-03-31 08:00:00,2026,3,31,8,An Giang,Xã Giồng Riềng,9.9237413,105.2736878,91,Moderate,1,27.6,79,0.0,7.6,117,1012.7,27,36.0,43.4,216.0,17.3,43.0,8.8
2026-03-31 09:00:00,2026,3,31,9,An Giang,Xã Giồng Riềng,9.9237413,105.2736878,91,Moderate,1,29.2,69,0.0,6.3,127,1013.2,55,26.8,34.1,189.0,10.2,66.0,7.9
2026-03-31 10:00:00,2026,3,31,10,An Giang,Xã Giồng Riềng,9.9237413,105.2736878,91,Moderate,1,30.9,61,0.0,3.9,124,1013.0,29,24.9,29.6,173.0,4.7,87.0,7.2
2026-03-31 11:00:00,2026,3,31,11,An Giang,Xã Giồng Riềng,9.9237413,105.2736878,91,Moderate,1,31.9,55,0.0,2.8,105,1012.5,78,26.4,30.5,177.0,2.7,104.0,6.8
2026-03-31 12:00:00,2026,3,31,12,An Giang,Xã Giồng Riềng,9.9237413,105.2736878,91,Moderate,1,33.0,50,0.0,2.1,110,1011.5,25,27.4,31.2,192.0,2.3,120.0,6.5
2026-03-31 13:00:00,2026,3,31,13,An Giang,Xã Giồng Riềng,9.9237413,105.2736878,91,Moderate,1,33.2,46,0.0,2.5,90,1010.5,66,27.6,31.1,204.0,2.3,131.0,6.2
2026-03-31 14:00:00,2026,3,31,14,An Giang,Xã Giồng Riềng,9.9237413,105.2736878,92,Moderate,1,33.8,44,0.0,2.7,98,1009.1,53,27.6,30.9,210.0,1.7,138.0,5.9
2026-03-31 15:00:00,2026,3,31,15,An Giang,Xã Giồng Riềng,9.9237413,105.2736878,92,Moderate,1,34.0,42,0.0,3.9,106,1008.1,64,27.0,29.8,213.0,1.5,141.0,5.6
2026-03-31 16:00:00,2026,3,31,16,An Giang,Xã Giồng Riềng,9.9237413,105.2736878,92,Moderate,1,33.6,42,0.1,3.7,137,1007.5,73,26.4,29.1,217.0,2.8,136.0,5.6
2026-03-31 17:00:00,2026,3,31,17,An Giang,Xã Giồng Riềng,9.9237413,105.2736878,92,Moderate,1,33.0,44,0.0,2.5,180,1007.6,83,25.9,28.5,224.0,7.1,120.0,6.1
2026-03-31 18:00:00,2026,3,31,18,An Giang,Xã Giồng Riềng,9.9237413,105.2736878,93,Moderate,1,30.8,56,0.0,3.7,235,1008.0,85,29.4,31.8,231.0,13.0,97.0,7.0
2026-03-31 19:00:00,2026,3,31,19,An Giang,Xã Giồng Riềng,9.9237413,105.2736878,93,Moderate,1,29.4,67,0.0,6.9,253,1008.5,75,49.5,52.0,233.0,21.4,72.0,8.7
2026-03-31 20:00:00,2026,3,31,20,An Giang,Xã Giồng Riềng,9.9237413,105.2736878,95,Moderate,1,28.7,67,0.0,8.8,161,1009.0,74,52.6,55.2,225.0,22.6,63.0,8.7
2026-03-31 21:00:00,2026,3,31,21,An Giang,Xã Giồng Riềng,9.9237413,105.2736878,97,Moderate,1,27.5,72,0.0,9.2,184,1010.0,0,50.5,52.9,212.0,24.3,49.0,8.6
2026-03-31 22:00:00,2026,3,31,22,An Giang,Xã Giồng Riềng,9.9237413,105.2736878,99,Moderate,1,26.5,78,0.0,8.0,189,1010.5,0,51.9,54.2,204.0,25.7,38.0,8.5
2026-03-31 23:00:00,2026,3,31,23,An Giang,Xã Giồng Riềng,9.9237413,105.2736878,100,Moderate,1,25.9,82,0.0,7.3,164,1010.8,0,55.2,57.7,208.0,26.7,31.0,8.3
2026-04-01 00:00:00,2026,4,1,0,An Giang,Xã Giồng Riềng,9.9237413,105.2736878,103,Unhealthy for Sensitive Groups,2,25.4,84,0.0,6.4,148,1010.3,0,54.1,56.6,217.0,27.4,26.0,8.1
2026-04-01 01:00:00,2026,4,1,1,An Giang,Xã Giồng Riềng,9.9237413,105.2736878,105,Unhealthy for Sensitive Groups,2,24.6,90,0.0,4.8,135,1009.9,0,51.7,54.2,225.0,27.9,22.0,7.9
2026-04-01 02:00:00,2026,4,1,2,An Giang,Xã Giồng Riềng,9.9237413,105.2736878,107,Unhealthy for Sensitive Groups,2,24.4,93,0.0,4.5,133,1009.6,0,49.0,51.7,226.0,28.4,18.0,7.7
2026-04-01 03:00:00,2026,4,1,3,An Giang,Xã Giồng Riềng,9.9237413,105.2736878,109,Unhealthy for Sensitive Groups,2,24.0,96,0.0,4.2,126,1009.6,0,47.8,50.8,224.0,28.7,16.0,7.4
2026-04-01 04:00:00,2026,4,1,4,An Giang,Xã Giồng Riềng,9.9237413,105.2736878,110,Unhealthy for Sensitive Groups,2,23.8,98,0.0,4.0,129,1009.8,0,48.4,51.5,228.0,28.3,15.0,7.2
2026-04-01 05:00:00,2026,4,1,5,An Giang,Xã Giồng Riềng,9.9237413,105.2736878,110,Unhealthy for Sensitive Groups,2,23.8,99,0.0,5.5,122,1010.0,0,50.6,53.7,246.0,27.3,14.0,6.8
2026-04-01 06:00:00,2026,4,1,6,An Giang,Xã Giồng Riềng,9.9237413,105.2736878,111,Unhealthy for Sensitive Groups,2,23.7,99,0.0,6.2,120,1010.5,5,55.6,58.6,269.0,25.7,14.0,6.3
2026-04-01 07:00:00,2026,4,1,7,An Giang,Xã Giồng Riềng,9.9237413,105.2736878,112,Unhealthy for Sensitive Groups,2,25.2,92,0.0,6.0,106,1011.3,0,62.9,64.7,277.0,23.1,22.0,5.0
2026-04-01 08:00:00,2026,4,1,8,An Giang,Xã Giồng Riềng,9.9237413,105.2736878,114,Unhealthy for Sensitive Groups,2,27.6,79,0.0,7.3,118,1012.1,31,37.3,42.0,253.0,17.9,46.0,6.6
2026-04-01 09:00:00,2026,4,1,9,An Giang,Xã Giồng Riềng,9.9237413,105.2736878,114,Unhealthy for Sensitive Groups,2,29.5,69,0.0,6.0,99,1012.7,35,28.3,32.7,213.0,10.8,80.0,8.9
2026-04-01 10:00:00,2026,4,1,10,An Giang,Xã Giồng Riềng,9.9237413,105.2736878,114,Unhealthy for Sensitive Groups,2,31.2,61,0.0,7.8,86,1012.4,21,31.9,36.7,187.0,5.3,109.0,10.5
2026-04-01 11:00:00,2026,4,1,11,An Giang,Xã Giồng Riềng,9.9237413,105.2736878,115,Unhealthy for Sensitive Groups,2,32.3,55,0.0,7.9,89,1011.8,9,34.1,38.8,188.0,3.2,129.0,10.8
2026-04-01 12:00:00,2026,4,1,12,An Giang,Xã Giồng Riềng,9.9237413,105.2736878,116,Unhealthy for Sensitive Groups,2,33.5,50,0.0,8.5,91,1010.8,5,35.9,40.0,203.0,2.7,145.0,10.5
2026-04-01 13:00:00,2026,4,1,13,An Giang,Xã Giồng Riềng,9.9237413,105.2736878,117,Unhealthy for Sensitive Groups,2,33.7,47,0.0,9.4,85,1010.0,15,37.0,41.1,216.0,2.6,156.0,10.1
2026-04-01 14:00:00,2026,4,1,14,An Giang,Xã Giồng Riềng,9.9237413,105.2736878,118,Unhealthy for Sensitive Groups,2,33.9,45,0.0,9.2,86,1008.5,5,37.5,41.4,223.0,2.2,163.0,9.7
2026-04-01 15:00:00,2026,4,1,15,An Giang,Xã Giồng Riềng,9.9237413,105.2736878,119,Unhealthy for Sensitive Groups,2,34.0,43,0.0,9.4,93,1007.6,32,37.5,41.3,228.0,2.2,165.0,9.3
2026-04-01 16:00:00,2026,4,1,16,An Giang,Xã Giồng Riềng,9.9237413,105.2736878,120,Unhealthy for Sensitive Groups,2,34.0,40,0.0,9.7,89,1007.2,20,36.6,40.5,228.0,3.4,159.0,8.9
2026-04-01 17:00:00,2026,4,1,17,An Giang,Xã Giồng Riềng,9.9237413,105.2736878,121,Unhealthy for Sensitive Groups,2,33.2,42,0.0,10.4,100,1007.0,10,35.7,39.3,216.0,6.7,141.0,8.5
2026-04-01 18:00:00,2026,4,1,18,An Giang,Xã Giồng Riềng,9.9237413,105.2736878,122,Unhealthy for Sensitive Groups,2,31.2,51,0.0,6.6,69,1007.4,2,34.2,37.4,198.0,11.2,116.0,8.2
2026-04-01 19:00:00,2026,4,1,19,An Giang,Xã Giồng Riềng,9.9237413,105.2736878,122,Unhealthy for Sensitive Groups,2,29.9,56,0.0,7.9,160,1008.6,25,47.4,49.9,189.0,16.1,104.0,11.6
2026-04-01 20:00:00,2026,4,1,20,An Giang,Xã Giồng Riềng,9.9237413,105.2736878,122,Unhealthy for Sensitive Groups,2,28.8,65,0.1,9.0,170,1009.7,6,50.5,52.6,199.0,17.7,88.0,11.2
2026-04-01 21:00:00,2026,4,1,21,An Giang,Xã Giồng Riềng,9.9237413,105.2736878,122,Unhealthy for Sensitive Groups,2,27.5,68,0.0,10.5,163,1010.6,0,48.5,50.4,219.0,19.9,67.0,10.6
2026-04-01 22:00:00,2026,4,1,22,An Giang,Xã Giồng Riềng,9.9237413,105.2736878,122,Unhealthy for Sensitive Groups,2,26.6,73,0.0,9.6,160,1011.4,0,44.9,46.6,236.0,21.1,50.0,9.8
2026-04-01 23:00:00,2026,4,1,23,An Giang,Xã Giồng Riềng,9.9237413,105.2736878,121,Unhealthy for Sensitive Groups,2,25.9,79,0.0,8.4,157,1011.6,0,39.6,41.2,247.0,20.3,44.0,8.6
2026-04-02 00:00:00,2026,4,2,0,An Giang,Xã Giồng Riềng,9.9237413,105.2736878,119,Unhealthy for Sensitive Groups,2,25.2,83,0.0,7.9,153,1011.3,0,34.1,35.9,255.0,18.5,43.0,7.2
2026-04-02 01:00:00,2026,4,2,1,An Giang,Xã Giồng Riềng,9.9237413,105.2736878,117,Unhealthy for Sensitive Groups,2,24.6,89,0.0,5.9,149,1011.0,0,31.8,33.9,262.0,17.4,42.0,6.2
2026-04-02 02:00:00,2026,4,2,2,An Giang,Xã Giồng Riềng,9.9237413,105.2736878,115,Unhealthy for Sensitive Groups,2,24.4,91,0.0,6.0,151,1010.6,0,32.7,34.9,264.0,17.8,41.0,5.7
2026-04-02 03:00:00,2026,4,2,3,An Giang,Xã Giồng Riềng,9.9237413,105.2736878,113,Unhealthy for Sensitive Groups,2,24.0,93,0.0,5.0,145,1010.4,0,35.0,37.3,263.0,18.8,40.0,5.6
2026-04-02 04:00:00,2026,4,2,4,An Giang,Xã Giồng Riềng,9.9237413,105.2736878,112,Unhealthy for Sensitive Groups,2,23.5,95,0.0,4.3,132,1010.3,1,38.1,40.5,270.0,19.9,40.0,5.8
2026-04-02 05:00:00,2026,4,2,5,An Giang,Xã Giồng Riềng,9.9237413,105.2736878,111,Unhealthy for Sensitive Groups,2,23.2,96,0.0,4.4,117,1010.5,0,42.4,45.2,295.0,21.6,37.0,6.5
2026-04-02 06:00:00,2026,4,2,6,An Giang,Xã Giồng Riềng,9.9237413,105.2736878,110,Unhealthy for Sensitive Groups,2,23.0,96,0.0,4.9,114,1011.2,0,48.4,51.7,326.0,23.2,33.0,7.5
2026-04-02 07:00:00,2026,4,2,7,An Giang,Xã Giồng Riềng,9.9237413,105.2736878,109,Unhealthy for Sensitive Groups,2,25.0,87,0.0,5.4,82,1011.8,0,56.5,59.0,340.0,23.5,35.0,8.4
2026-04-02 08:00:00,2026,4,2,8,An Giang,Xã Giồng Riềng,9.9237413,105.2736878,109,Unhealthy for Sensitive Groups,2,27.5,76,0.0,8.0,108,1012.6,1,39.5,44.4,319.0,17.7,56.0,7.8
2026-04-02 09:00:00,2026,4,2,9,An Giang,Xã Giồng Riềng,9.9237413,105.2736878,109,Unhealthy for Sensitive Groups,2,29.4,66,0.0,10.5,121,1013.2,23,29.5,34.0,281.0,9.6,85.0,7.0
2026-04-02 10:00:00,2026,4,2,10,An Giang,Xã Giồng Riềng,9.9237413,105.2736878,109,Unhealthy for Sensitive Groups,2,30.7,59,0.0,8.8,110,1013.0,6,29.6,34.0,254.0,3.6,109.0,6.4
2026-04-02 11:00:00,2026,4,2,11,An Giang,Xã Giồng Riềng,9.9237413,105.2736878,109,Unhealthy for Sensitive Groups,2,32.0,53,0.0,9.6,103,1012.6,9,31.0,35.5,250.0,1.7,124.0,6.2
2026-04-02 12:00:00,2026,4,2,12,An Giang,Xã Giồng Riềng,9.9237413,105.2736878,109,Unhealthy for Sensitive Groups,2,33.0,49,0.0,11.0,101,1011.6,9,32.2,36.8,257.0,1.9,134.0,6.2
2026-04-02 13:00:00,2026,4,2,13,An Giang,Xã Giồng Riềng,9.9237413,105.2736878,108,Unhealthy for Sensitive Groups,2,33.8,44,0.0,13.0,89,1010.5,13,32.5,36.6,262.0,2.3,141.0,6.2
2026-04-02 14:00:00,2026,4,2,14,An Giang,Xã Giồng Riềng,9.9237413,105.2736878,108,Unhealthy for Sensitive Groups,2,34.0,43,0.0,14.6,80,1009.5,6,31.7,35.2,259.0,2.1,145.0,6.0
2026-04-02 15:00:00,2026,4,2,15,An Giang,Xã Giồng Riềng,9.9237413,105.2736878,107,Unhealthy for Sensitive Groups,2,33.8,41,0.0,13.5,78,1008.6,9,29.5,32.5,254.0,2.1,146.0,5.7
2026-04-02 16:00:00,2026,4,2,16,An Giang,Xã Giồng Riềng,9.9237413,105.2736878,106,Unhealthy for Sensitive Groups,2,33.4,39,0.0,13.7,85,1008.0,19,27.0,29.6,253.0,3.0,142.0,5.9
2026-04-02 17:00:00,2026,4,2,17,An Giang,Xã Giồng Riềng,9.9237413,105.2736878,105,Unhealthy for Sensitive Groups,2,32.6,41,0.0,14.8,93,1008.0,5,26.0,28.1,260.0,5.5,130.0,6.8
2026-04-02 18:00:00,2026,4,2,18,An Giang,Xã Giồng Riềng,9.9237413,105.2736878,104,Unhealthy for Sensitive Groups,2,30.9,46,0.0,10.3,91,1008.6,0,26.3,28.0,272.0,9.0,112.0,8.1
2026-04-02 19:00:00,2026,4,2,19,An Giang,Xã Giồng Riềng,9.9237413,105.2736878,103,Unhealthy for Sensitive Groups,2,29.7,51,0.0,11.2,109,1009.3,1,42.8,45.5,278.0,12.3,98.0,9.4
2026-04-02 20:00:00,2026,4,2,20,An Giang,Xã Giồng Riềng,9.9237413,105.2736878,103,Unhealthy for Sensitive Groups,2,28.5,57,0.0,12.8,124,1010.3,0,41.0,43.3,275.0,13.1,86.0,9.3
2026-04-02 21:00:00,2026,4,2,21,An Giang,Xã Giồng Riềng,9.9237413,105.2736878,102,Unhealthy for Sensitive Groups,2,27.4,66,0.0,13.9,123,1011.0,0,38.5,40.9,267.0,14.4,69.0,9.2
2026-04-02 22:00:00,2026,4,2,22,An Giang,Xã Giồng Riềng,9.9237413,105.2736878,101,Unhealthy for Sensitive Groups,2,26.4,73,0.0,14.2,131,1011.6,0,37.5,39.9,260.0,15.7,56.0,9.0
2026-04-02 23:00:00,2026,4,2,23,An Giang,Xã Giồng Riềng,9.9237413,105.2736878,100,Moderate,1,25.6,80,0.0,12.0,133,1011.4,0,37.8,40.5,257.0,17.0,49.0,8.6
2026-04-03 00:00:00,2026,4,3,0,An Giang,Xã Giồng Riềng,9.9237413,105.2736878,100,Moderate,1,25.2,84,0.0,10.3,134,1011.2,0,38.8,41.6,255.0,18.3,46.0,8.1
2026-04-03 01:00:00,2026,4,3,1,An Giang,Xã Giồng Riềng,9.9237413,105.2736878,100,Moderate,1,24.9,88,0.0,6.4,130,1010.8,15,40.6,43.4,254.0,20.0,42.0,7.7
2026-04-03 02:00:00,2026,4,3,2,An Giang,Xã Giồng Riềng,9.9237413,105.2736878,101,Unhealthy for Sensitive Groups,2,24.3,91,0.0,4.2,133,1010.3,7,43.4,46.3,252.0,22.5,37.0,7.5
2026-04-03 03:00:00,2026,4,3,3,An Giang,Xã Giồng Riềng,9.9237413,105.2736878,102,Unhealthy for Sensitive Groups,2,23.9,94,0.0,3.9,112,1010.0,100,47.1,50.5,251.0,25.3,31.0,7.4
2026-04-03 04:00:00,2026,4,3,4,An Giang,Xã Giồng Riềng,9.9237413,105.2736878,104,Unhealthy for Sensitive Groups,2,24.3,91,0.0,4.0,87,1010.0,88,50.6,54.1,254.0,27.3,28.0,7.6
2026-04-03 05:00:00,2026,4,3,5,An Giang,Xã Giồng Riềng,9.9237413,105.2736878,105,Unhealthy for Sensitive Groups,2,24.5,89,0.0,5.9,90,1010.3,87,55.3,58.8,267.0,28.7,25.0,8.4
2026-04-03 06:00:00,2026,4,3,6,An Giang,Xã Giồng Riềng,9.9237413,105.2736878,106,Unhealthy for Sensitive Groups,2,24.1,91,0.0,6.7,104,1010.7,2,60.8,64.3,283.0,29.4,23.0,9.5
2026-04-03 07:00:00,2026,4,3,7,An Giang,Xã Giồng Riềng,9.9237413,105.2736878,108,Unhealthy for Sensitive Groups,2,25.1,88,0.0,7.0,108,1011.3,0,57.3,60.1,287.0,26.8,31.0,9.8
2026-04-03 08:00:00,2026,4,3,8,An Giang,Xã Giồng Riềng,9.9237413,105.2736878,108,Unhealthy for Sensitive Groups,2,27.6,72,0.0,11.1,122,1012.0,5,34.6,39.1,265.0,19.8,52.0,8.6
2026-04-03 09:00:00,2026,4,3,9,An Giang,Xã Giồng Riềng,9.9237413,105.2736878,107,Unhealthy for Sensitive Groups,2,29.3,61,0.0,13.9,123,1012.3,28,19.3,23.8,231.0,10.2,81.0,6.9
2026-04-03 10:00:00,2026,4,3,10,An Giang,Xã Giồng Riềng,9.9237413,105.2736878,106,Unhealthy for Sensitive Groups,2,30.8,54,0.0,12.5,117,1011.9,17,18.1,22.5,207.0,3.1,105.0,5.6
2026-04-03 11:00:00,2026,4,3,11,An Giang,Xã Giồng Riềng,9.9237413,105.2736878,105,Unhealthy for Sensitive Groups,2,32.0,49,0.0,11.6,114,1011.2,8,17.8,22.2,204.0,0.9,118.0,5.1
2026-04-03 12:00:00,2026,4,3,12,An Giang,Xã Giồng Riềng,9.9237413,105.2736878,104,Unhealthy for Sensitive Groups,2,33.2,45,0.0,10.1,107,1010.2,9,17.2,21.1,211.0,1.3,125.0,5.1
2026-04-03 13:00:00,2026,4,3,13,An Giang,Xã Giồng Riềng,9.9237413,105.2736878,102,Unhealthy for Sensitive Groups,2,33.7,43,0.0,9.6,82,1009.5,50,17.5,19.7,217.0,1.9,131.0,5.2
2026-04-03 14:00:00,2026,4,3,14,An Giang,Xã Giồng Riềng,9.9237413,105.2736878,100,Moderate,1,34.0,42,0.0,10.4,70,1008.4,48,19.8,21.9,217.0,1.7,139.0,5.4
2026-04-03 15:00:00,2026,4,3,15,An Giang,Xã Giồng Riềng,9.9237413,105.2736878,99,Moderate,1,33.8,42,0.0,9.6,69,1007.6,82,21.2,23.3,217.0,1.7,145.0,5.8
2026-04-03 16:00:00,2026,4,3,16,An Giang,Xã Giồng Riềng,9.9237413,105.2736878,99,Moderate,1,33.5,42,0.0,7.6,78,1007.2,100,21.9,23.7,218.0,3.1,143.0,6.3
2026-04-03 17:00:00,2026,4,3,17,An Giang,Xã Giồng Riềng,9.9237413,105.2736878,98,Moderate,1,32.4,44,0.0,9.0,90,1007.2,100,22.9,24.6,224.0,7.0,128.0,6.9
2026-04-03 18:00:00,2026,4,3,18,An Giang,Xã Giồng Riềng,9.9237413,105.2736878,98,Moderate,1,30.6,50,0.0,9.3,75,1007.7,99,25.7,27.1,232.0,12.3,104.0,7.5
2026-04-03 19:00:00,2026,4,3,19,An Giang,Xã Giồng Riềng,9.9237413,105.2736878,98,Moderate,1,29.5,59,0.0,7.9,193,1009.1,59,41.4,43.2,239.0,18.4,81.0,9.2
2026-04-03 20:00:00,2026,4,3,20,An Giang,Xã Giồng Riềng,9.9237413,105.2736878,98,Moderate,1,28.7,61,0.0,10.2,170,1009.7,7,43.3,45.1,243.0,20.2,69.0,9.2
2026-04-03 21:00:00,2026,4,3,21,An Giang,Xã Giồng Riềng,9.9237413,105.2736878,98,Moderate,1,27.2,67,0.0,9.1,163,1010.2,2,44.7,46.9,245.0,22.8,53.0,9.3
2026-04-03 22:00:00,2026,4,3,22,An Giang,Xã Giồng Riềng,9.9237413,105.2736878,98,Moderate,1,26.1,72,0.0,6.5,167,1010.7,0,46.4,48.5,247.0,24.8,40.0,9.1
2026-04-03 23:00:00,2026,4,3,23,An Giang,Xã Giồng Riềng,9.9237413,105.2736878,99,Moderate,1,25.4,75,0.0,6.1,157,1010.5,95,45.3,47.3,251.0,25.3,34.0,8.5
2026-04-04 00:00:00,2026,4,4,0,An Giang,Xã Giồng Riềng,9.9237413,105.2736878,100,Moderate,1,24.7,78,0.0,6.3,162,1010.2,93,43.2,45.2,254.0,25.3,31.0,7.7
2026-04-04 01:00:00,2026,4,4,1,An Giang,Xã Giồng Riềng,9.9237413,105.2736878,100,Moderate,1,23.6,86,0.0,4.6,159,1009.7,88,45.1,47.4,256.0,26.7,27.0,7.2
2026-04-04 02:00:00,2026,4,4,2,An Giang,Xã Giồng Riềng,9.9237413,105.2736878,101,Unhealthy for Sensitive Groups,2,23.0,90,0.0,4.7,148,1009.3,83,52.6,55.2,250.0,31.1,21.0,7.1
2026-04-04 03:00:00,2026,4,4,3,An Giang,Xã Giồng Riềng,9.9237413,105.2736878,102,Unhealthy for Sensitive Groups,2,22.6,92,0.0,4.7,140,1008.7,83,60.3,63.1,243.0,36.8,14.0,7.3
2026-04-04 04:00:00,2026,4,4,4,An Giang,Xã Giồng Riềng,9.9237413,105.2736878,103,Unhealthy for Sensitive Groups,2,22.4,93,0.0,5.1,141,1008.5,86,66.8,69.6,246.0,40.7,10.0,7.8
2026-04-04 05:00:00,2026,4,4,5,An Giang,Xã Giồng Riềng,9.9237413,105.2736878,105,Unhealthy for Sensitive Groups,2,22.0,95,0.0,4.7,133,1008.6,91,75.4,78.2,277.0,42.2,8.0,9.0
2026-04-04 06:00:00,2026,4,4,6,An Giang,Xã Giồng Riềng,9.9237413,105.2736878,107,Unhealthy for Sensitive Groups,2,21.5,96,0.0,4.1,124,1009.1,91,87.3,90.3,319.0,41.8,9.0,10.5
2026-04-04 07:00:00,2026,4,4,7,An Giang,Xã Giồng Riềng,9.9237413,105.2736878,110,Unhealthy for Sensitive Groups,2,24.1,90,0.0,3.9,156,1009.8,95,90.8,94.3,336.0,36.3,21.0,10.8
2026-04-04 08:00:00,2026,4,4,8,An Giang,Xã Giồng Riềng,9.9237413,105.2736878,113,Unhealthy for Sensitive Groups,2,27.0,79,0.0,4.2,170,1010.5,95,46.2,51.9,301.0,26.4,48.0,9.3
2026-04-04 09:00:00,2026,4,4,9,An Giang,Xã Giồng Riềng,9.9237413,105.2736878,114,Unhealthy for Sensitive Groups,2,29.0,65,0.0,4.0,198,1011.2,98,25.6,32.1,242.0,12.8,86.0,7.1
2026-04-04 10:00:00,2026,4,4,10,An Giang,Xã Giồng Riềng,9.9237413,105.2736878,115,Unhealthy for Sensitive Groups,2,30.5,56,0.0,1.8,233,1011.0,96,25.4,32.5,198.0,2.8,115.0,5.5
2026-04-04 11:00:00,2026,4,4,11,An Giang,Xã Giồng Riềng,9.9237413,105.2736878,116,Unhealthy for Sensitive Groups,2,31.9,50,0.0,0.6,146,1010.6,99,26.0,32.5,191.0,0.0,129.0,4.9
2026-04-04 12:00:00,2026,4,4,12,An Giang,Xã Giồng Riềng,9.9237413,105.2736878,117,Unhealthy for Sensitive Groups,2,32.8,46,0.0,2.1,149,1009.6,88,25.4,30.7,200.0,0.7,134.0,4.7
2026-04-04 13:00:00,2026,4,4,13,An Giang,Xã Giồng Riềng,9.9237413,105.2736878,118,Unhealthy for Sensitive Groups,2,33.0,43,0.0,2.8,135,1008.6,100,24.7,29.3,207.0,1.7,137.0,4.6
2026-04-04 14:00:00,2026,4,4,14,An Giang,Xã Giồng Riềng,9.9237413,105.2736878,118,Unhealthy for Sensitive Groups,2,33.8,42,0.0,4.5,124,1007.2,100,24.2,28.3,205.0,1.2,139.0,4.2
2026-04-04 15:00:00,2026,4,4,15,An Giang,Xã Giồng Riềng,9.9237413,105.2736878,119,Unhealthy for Sensitive Groups,2,34.0,41,0.0,6.0,127,1006.3,95,23.6,27.7,201.0,0.9,137.0,3.9
2026-04-04 16:00:00,2026,4,4,16,An Giang,Xã Giồng Riềng,9.9237413,105.2736878,119,Unhealthy for Sensitive Groups,2,33.8,40,0.0,5.1,126,1005.9,86,22.9,26.9,201.0,2.2,130.0,3.9
2026-04-04 17:00:00,2026,4,4,17,An Giang,Xã Giồng Riềng,9.9237413,105.2736878,119,Unhealthy for Sensitive Groups,2,33.3,41,0.0,1.9,229,1005.6,98,23.7,27.5,210.0,6.7,114.0,4.7
2026-04-04 18:00:00,2026,4,4,18,An Giang,Xã Giồng Riềng,9.9237413,105.2736878,119,Unhealthy for Sensitive Groups,2,30.4,57,0.0,8.3,250,1006.3,93,29.3,31.9,223.0,13.0,92.0,5.8
2026-04-04 19:00:00,2026,4,4,19,An Giang,Xã Giồng Riềng,9.9237413,105.2736878,120,Unhealthy for Sensitive Groups,2,29.1,64,0.0,10.0,255,1006.6,86,38.3,40.9,235.0,17.3,82.0,7.1
2026-04-04 20:00:00,2026,4,4,20,An Giang,Xã Giồng Riềng,9.9237413,105.2736878,119,Unhealthy for Sensitive Groups,2,28.0,71,0.0,6.4,216,1007.4,21,41.2,43.8,244.0,17.5,74.0,6.9
2026-04-04 21:00:00,2026,4,4,21,An Giang,Xã Giồng Riềng,9.9237413,105.2736878,119,Unhealthy for Sensitive Groups,2,27.5,73,0.0,7.4,181,1008.4,10,39.0,41.1,251.0,17.9,63.0,6.6
2026-04-04 22:00:00,2026,4,4,22,An Giang,Xã Giồng Riềng,9.9237413,105.2736878,118,Unhealthy for Sensitive Groups,2,26.8,77,0.0,6.0,185,1009.0,0,37.4,39.3,255.0,18.8,53.0,6.3
2026-04-04 23:00:00,2026,4,4,23,An Giang,Xã Giồng Riềng,9.9237413,105.2736878,117,Unhealthy for Sensitive Groups,2,26.1,80,0.0,6.2,188,1008.9,0,39.3,41.2,258.0,20.5,45.0,6.0
2026-04-05 00:00:00,2026,4,5,0,An Giang,Xã Giồng Riềng,9.9237413,105.2736878,117,Unhealthy for Sensitive Groups,2,25.7,83,0.0,6.7,189,1008.8,0,42.4,44.2,258.0,22.6,39.0,5.6
2026-04-05 01:00:00,2026,4,5,1,An Giang,Xã Giồng Riềng,9.9237413,105.2736878,117,Unhealthy for Sensitive Groups,2,25.0,88,0.0,5.5,193,1008.2,30,44.2,46.0,252.0,24.6,33.0,5.5
2026-04-05 02:00:00,2026,4,5,2,An Giang,Xã Giồng Riềng,9.9237413,105.2736878,117,Unhealthy for Sensitive Groups,2,24.5,91,0.0,5.3,204,1007.6,95,45.1,46.8,232.0,26.3,28.0,5.6
2026-04-05 03:00:00,2026,4,5,3,An Giang,Xã Giồng Riềng,9.9237413,105.2736878,116,Unhealthy for Sensitive Groups,2,24.3,92,0.0,6.2,201,1007.1,86,47.1,48.9,205.0,27.8,23.0,5.9
2026-04-05 04:00:00,2026,4,5,4,An Giang,Xã Giồng Riềng,9.9237413,105.2736878,115,Unhealthy for Sensitive Groups,2,24.1,92,0.0,6.4,202,1007.2,41,49.4,51.1,189.0,28.5,21.0,6.3
2026-04-05 05:00:00,2026,4,5,5,An Giang,Xã Giồng Riềng,9.9237413,105.2736878,113,Unhealthy for Sensitive Groups,2,23.8,93,0.0,6.3,207,1007.5,0,52.4,54.2,197.0,28.6,19.0,7.2
2026-04-05 06:00:00,2026,4,5,6,An Giang,Xã Giồng Riềng,9.9237413,105.2736878,110,Unhealthy for Sensitive Groups,2,23.5,92,0.0,6.4,207,1008.2,0,58.1,60.1,217.0,27.8,20.0,8.4
2026-04-05 07:00:00,2026,4,5,7,An Giang,Xã Giồng Riềng,9.9237413,105.2736878,107,Unhealthy for Sensitive Groups,2,25.7,82,0.0,7.4,203,1009.1,29,63.6,65.2,228.0,27.5,28.0,8.5
2026-04-05 08:00:00,2026,4,5,8,An Giang,Xã Giồng Riềng,9.9237413,105.2736878,104,Unhealthy for Sensitive Groups,2,28.3,70,0.0,9.0,200,1009.6,4,29.9,33.4,218.0,20.2,50.0,7.2
2026-04-05 09:00:00,2026,4,5,9,An Giang,Xã Giồng Riềng,9.9237413,105.2736878,103,Unhealthy for Sensitive Groups,2,30.0,60,0.0,9.3,198,1010.0,0,18.2,22.2,199.0,10.0,81.0,5.3
2026-04-05 10:00:00,2026,4,5,10,An Giang,Xã Giồng Riềng,9.9237413,105.2736878,102,Unhealthy for Sensitive Groups,2,31.5,55,0.0,8.4,190,1009.9,0,17.9,22.2,187.0,2.6,104.0,3.9
2026-04-05 11:00:00,2026,4,5,11,An Giang,Xã Giồng Riềng,9.9237413,105.2736878,101,Unhealthy for Sensitive Groups,2,32.8,52,0.0,7.6,179,1009.9,3,17.6,21.5,189.0,0.5,113.0,3.4
2026-04-05 12:00:00,2026,4,5,12,An Giang,Xã Giồng Riềng,9.9237413,105.2736878,100,Moderate,1,33.8,47,0.0,7.5,156,1009.2,6,17.3,20.9,198.0,1.0,115.0,3.3
2026-04-05 13:00:00,2026,4,5,13,An Giang,Xã Giồng Riềng,9.9237413,105.2736878,100,Moderate,1,34.4,44,0.0,7.1,159,1008.2,11,16.9,20.1,204.0,1.7,115.0,3.3
2026-04-05 14:00:00,2026,4,5,14,An Giang,Xã Giồng Riềng,9.9237413,105.2736878,99,Moderate,1,34.7,43,0.0,7.1,204,1007.2,8,16.5,19.7,204.0,1.4,114.0,3.0
2026-04-05 15:00:00,2026,4,5,15,An Giang,Xã Giồng Riềng,9.9237413,105.2736878,98,Moderate,1,34.0,47,0.0,8.9,251,1006.4,9,15.6,18.6,202.0,1.3,111.0,2.8
2026-04-05 16:00:00,2026,4,5,16,An Giang,Xã Giồng Riềng,9.9237413,105.2736878,97,Moderate,1,32.2,59,0.0,15.8,269,1006.1,4,15.0,18.0,202.0,2.2,105.0,2.8
2026-04-05 17:00:00,2026,4,5,17,An Giang,Xã Giồng Riềng,9.9237413,105.2736878,97,Moderate,1,30.3,63,0.0,17.7,266,1006.3,5,15.0,17.8,208.0,4.9,94.0,3.2
2026-04-05 18:00:00,2026,4,5,18,An Giang,Xã Giồng Riềng,9.9237413,105.2736878,96,Moderate,1,29.6,61,0.0,12.2,248,1006.5,5,18.1,20.8,216.0,8.6,80.0,3.8
2026-04-05 19:00:00,2026,4,5,19,An Giang,Xã Giồng Riềng,9.9237413,105.2736878,95,Moderate,1,28.9,64,0.0,10.8,234,1007.2,5,25.1,27.5,222.0,12.1,63.0,4.6
2026-04-05 20:00:00,2026,4,5,20,An Giang,Xã Giồng Riềng,9.9237413,105.2736878,94,Moderate,1,28.0,69,0.0,10.3,215,1007.9,1,28.3,30.4,225.0,13.3,58.0,5.0
2026-04-05 21:00:00,2026,4,5,21,An Giang,Xã Giồng Riềng,9.9237413,105.2736878,93,Moderate,1,27.2,74,0.0,10.5,199,1008.7,1,30.2,32.1,227.0,15.0,51.0,5.5
2026-04-05 22:00:00,2026,4,5,22,An Giang,Xã Giồng Riềng,9.9237413,105.2736878,92,Moderate,1,26.6,78,0.0,8.6,192,1009.7,0,31.9,33.9,225.0,16.5,45.0,5.8
2026-04-05 23:00:00,2026,4,5,23,An Giang,Xã Giồng Riềng,9.9237413,105.2736878,91,Moderate,1,26.1,80,0.0,8.3,193,1010.0,0,34.2,36.1,218.0,17.6,41.0,5.8
2026-04-06 00:00:00,2026,4,6,0,An Giang,Xã Giồng Riềng,9.9237413,105.2736878,91,Moderate,1,25.7,83,0.0,9.7,191,1009.7,0,35.4,37.1,208.0,18.5,38.0,5.7
2026-04-06 01:00:00,2026,4,6,1,An Giang,Xã Giồng Riềng,9.9237413,105.2736878,90,Moderate,1,25.0,87,0.0,7.8,173,1009.1,0,36.2,38.0,201.0,19.6,35.0,5.7
2026-04-06 02:00:00,2026,4,6,2,An Giang,Xã Giồng Riềng,9.9237413,105.2736878,90,Moderate,1,24.9,87,0.0,7.8,175,1008.8,0,37.7,39.5,199.0,21.2,31.0,5.8
2026-04-06 03:00:00,2026,4,6,3,An Giang,Xã Giồng Riềng,9.9237413,105.2736878,89,Moderate,1,24.4,90,0.0,7.6,177,1008.4,0,40.2,42.0,201.0,22.8,27.0,6.1
2026-04-06 04:00:00,2026,4,6,4,An Giang,Xã Giồng Riềng,9.9237413,105.2736878,88,Moderate,1,23.9,94,0.0,6.8,183,1008.5,0,41.6,43.4,207.0,23.6,25.0,6.4
2026-04-06 05:00:00,2026,4,6,5,An Giang,Xã Giồng Riềng,9.9237413,105.2736878,88,Moderate,1,23.5,95,0.0,6.5,180,1009.2,0,42.5,44.4,223.0,23.4,23.0,7.1
2026-04-06 06:00:00,2026,4,6,6,An Giang,Xã Giồng Riềng,9.9237413,105.2736878,87,Moderate,1,23.2,96,0.0,6.3,182,1009.8,0,44.8,46.8,244.0,22.4,24.0,7.9
2026-04-06 07:00:00,2026,4,6,7,An Giang,Xã Giồng Riềng,9.9237413,105.2736878,86,Moderate,1,25.0,90,0.0,6.1,168,1010.7,0,48.8,51.1,253.0,20.1,30.0,8.0
2026-04-06 08:00:00,2026,4,6,8,An Giang,Xã Giồng Riềng,9.9237413,105.2736878,84,Moderate,1,27.6,77,0.0,9.4,179,1011.4,2,28.3,32.4,239.0,14.9,51.0,6.8
2026-04-06 09:00:00,2026,4,6,9,An Giang,Xã Giồng Riềng,9.9237413,105.2736878,84,Moderate,1,29.5,65,0.0,10.1,180,1011.7,6,20.1,24.4,213.0,7.9,80.0,5.2
2026-04-06 10:00:00,2026,4,6,10,An Giang,Xã Giồng Riềng,9.9237413,105.2736878,84,Moderate,1,31.1,58,0.0,9.2,178,1011.3,5,19.3,23.1,195.0,2.6,103.0,4.0
2026-04-06 11:00:00,2026,4,6,11,An Giang,Xã Giồng Riềng,9.9237413,105.2736878,84,Moderate,1,32.7,51,0.0,8.7,185,1010.9,5,18.9,21.8,195.0,1.0,115.0,3.5
2026-04-06 12:00:00,2026,4,6,12,An Giang,Xã Giồng Riềng,9.9237413,105.2736878,85,Moderate,1,34.1,45,0.0,8.5,185,1009.9,2,18.6,20.5,203.0,1.3,121.0,3.4
2026-04-06 13:00:00,2026,4,6,13,An Giang,Xã Giồng Riềng,9.9237413,105.2736878,85,Moderate,1,34.5,42,0.0,7.7,196,1009.5,2,18.7,20.4,209.0,1.7,124.0,3.3
2026-04-06 14:00:00,2026,4,6,14,An Giang,Xã Giồng Riềng,9.9237413,105.2736878,85,Moderate,1,34.6,43,0.0,9.9,255,1008.5,4,18.6,20.2,208.0,1.5,125.0,3.0
2026-04-06 15:00:00,2026,4,6,15,An Giang,Xã Giồng Riềng,9.9237413,105.2736878,85,Moderate,1,33.2,51,0.0,15.9,276,1007.9,13,18.2,19.7,205.0,1.4,122.0,2.7
2026-04-06 16:00:00,2026,4,6,16,An Giang,Xã Giồng Riềng,9.9237413,105.2736878,85,Moderate,1,32.0,55,0.0,17.0,277,1007.6,15,17.3,18.7,204.0,2.2,116.0,2.6
2026-04-06 17:00:00,2026,4,6,17,An Giang,Xã Giồng Riềng,9.9237413,105.2736878,85,Moderate,1,31.0,60,0.0,13.7,269,1007.7,7,17.0,18.5,207.0,4.9,103.0,3.0
2026-04-06 18:00:00,2026,4,6,18,An Giang,Xã Giồng Riềng,9.9237413,105.2736878,86,Moderate,1,30.0,62,0.0,11.8,257,1008.1,6,21.8,23.5,212.0,8.5,85.0,3.6
2026-04-06 19:00:00,2026,4,6,19,An Giang,Xã Giồng Riềng,9.9237413,105.2736878,86,Moderate,1,28.8,68,0.0,11.1,254,1008.3,2,30.9,32.8,219.0,12.6,68.0,4.8
2026-04-06 20:00:00,2026,4,6,20,An Giang,Xã Giồng Riềng,9.9237413,105.2736878,86,Moderate,1,27.9,73,0.0,9.3,227,1009.1,2,33.6,35.4,230.0,12.7,63.0,4.8
2026-04-06 21:00:00,2026,4,6,21,An Giang,Xã Giồng Riềng,9.9237413,105.2736878,87,Moderate,1,27.1,79,0.0,8.9,208,1010.0,1,33.2,34.8,242.0,13.0,56.0,4.9
2026-04-06 22:00:00,2026,4,6,22,An Giang,Xã Giồng Riềng,9.9237413,105.2736878,87,Moderate,1,26.5,84,0.0,9.3,205,1010.9,1,32.8,34.5,246.0,13.3,51.0,4.9
2026-04-06 23:00:00,2026,4,6,23,An Giang,Xã Giồng Riềng,9.9237413,105.2736878,87,Moderate,1,26.1,86,0.0,10.1,204,1011.4,0,33.4,35.2,234.0,13.7,48.0,4.8
2026-04-07 00:00:00,2026,4,7,0,An Giang,Xã Giồng Riềng,9.9237413,105.2736878,87,Moderate,1,25.8,87,0.0,11.1,205,1011.2,0,33.8,35.5,213.0,14.1,47.0,4.7
2026-04-07 01:00:00,2026,4,7,1,An Giang,Xã Giồng Riềng,9.9237413,105.2736878,87,Moderate,1,25.5,90,0.0,9.6,200,1010.8,0,34.2,36.1,200.0,14.9,45.0,4.6
2026-04-07 02:00:00,2026,4,7,2,An Giang,Xã Giồng Riềng,9.9237413,105.2736878,87,Moderate,1,25.3,91,0.0,8.4,196,1010.2,0,35.6,37.6,200.0,16.3,41.0,4.6
2026-04-07 03:00:00,2026,4,7,3,An Giang,Xã Giồng Riềng,9.9237413,105.2736878,87,Moderate,1,24.8,94,0.0,7.4,194,1009.9,0,37.7,39.8,207.0,18.1,37.0,4.8
2026-04-07 04:00:00,2026,4,7,4,An Giang,Xã Giồng Riềng,9.9237413,105.2736878,86,Moderate,1,24.5,96,0.0,7.6,188,1009.8,0,40.9,43.0,219.0,19.6,34.0,5.1
2026-04-07 05:00:00,2026,4,7,5,An Giang,Xã Giồng Riềng,9.9237413,105.2736878,86,Moderate,1,24.2,97,0.0,7.4,177,1010.2,0,45.4,47.6,242.0,21.2,31.0,6.0
2026-04-07 06:00:00,2026,4,7,6,An Giang,Xã Giồng Riềng,9.9237413,105.2736878,87,Moderate,1,23.9,97,0.0,7.0,170,1010.4,0,51.9,54.2,270.0,22.5,29.0,7.1
2026-04-07 07:00:00,2026,4,7,7,An Giang,Xã Giồng Riềng,9.9237413,105.2736878,87,Moderate,1,25.5,92,0.0,7.0,184,1011.2,0,53.6,55.6,282.0,21.3,33.0,7.4
2026-04-07 08:00:00,2026,4,7,8,An Giang,Xã Giồng Riềng,9.9237413,105.2736878,88,Moderate,1,28.1,78,0.0,9.2,196,1012.0,0,29.7,33.5,265.0,15.7,53.0,6.1
2026-04-07 09:00:00,2026,4,7,9,An Giang,Xã Giồng Riềng,9.9237413,105.2736878,88,Moderate,1,30.2,66,0.0,9.6,220,1012.4,2,21.4,23.9,233.0,7.9,80.0,4.4
2026-04-07 10:00:00,2026,4,7,10,An Giang,Xã Giồng Riềng,9.9237413,105.2736878,88,Moderate,1,32.0,58,0.0,9.4,239,1012.3,31,19.9,21.9,208.0,2.2,100.0,3.0
2026-04-07 11:00:00,2026,4,7,11,An Giang,Xã Giồng Riềng,9.9237413,105.2736878,88,Moderate,1,33.5,52,0.0,9.4,253,1011.8,77,18.3,20.2,201.0,0.5,106.0,2.3
2026-04-07 12:00:00,2026,4,7,12,An Giang,Xã Giồng Riềng,9.9237413,105.2736878,88,Moderate,1,34.6,45,0.0,11.9,271,1010.8,48,16.7,18.5,202.0,0.9,105.0,1.9
2026-04-07 13:00:00,2026,4,7,13,An Giang,Xã Giồng Riềng,9.9237413,105.2736878,88,Moderate,1,33.9,46,0.0,17.0,279,1010.3,74,15.5,17.1,202.0,1.4,103.0,1.7
2026-04-07 14:00:00,2026,4,7,14,An Giang,Xã Giồng Riềng,9.9237413,105.2736878,88,Moderate,1,33.7,44,0.0,17.2,275,1009.4,84,15.0,16.6,197.0,1.1,102.0,1.4
2026-04-07 15:00:00,2026,4,7,15,An Giang,Xã Giồng Riềng,9.9237413,105.2736878,87,Moderate,1,33.6,42,0.0,16.2,274,1008.6,97,14.8,16.4,192.0,1.0,100.0,1.3
2026-04-07 16:00:00,2026,4,7,16,An Giang,Xã Giồng Riềng,9.9237413,105.2736878,87,Moderate,1,32.7,48,0.0,13.3,273,1008.2,98,14.8,16.4,195.0,1.9,95.0,1.5
2026-04-07 17:00:00,2026,4,7,17,An Giang,Xã Giồng Riềng,9.9237413,105.2736878,87,Moderate,1,31.5,53,0.0,11.1,277,1008.3,100,16.5,18.1,211.0,4.9,85.0,2.3
2026-04-07 18:00:00,2026,4,7,18,An Giang,Xã Giồng Riềng,9.9237413,105.2736878,87,Moderate,1,29.6,63,0.0,9.1,285,1008.5,99,22.2,23.9,235.0,9.1,73.0,3.5
2026-04-07 19:00:00,2026,4,7,19,An Giang,Xã Giồng Riềng,9.9237413,105.2736878,87,Moderate,1,28.0,79,0.0,7.4,256,1008.6,96,32.2,33.9,254.0,13.8,62.0,5.1
2026-04-07 20:00:00,2026,4,7,20,An Giang,Xã Giồng Riềng,9.9237413,105.2736878,87,Moderate,1,26.9,85,0.0,5.4,240,1009.0,95,31.4,33.1,263.0,13.0,60.0,4.9
2026-04-07 21:00:00,2026,4,7,21,An Giang,Xã Giồng Riềng,9.9237413,105.2736878,87,Moderate,1,26.4,89,0.0,6.2,218,1009.3,98,29.7,31.3,266.0,11.9,56.0,4.7
2026-04-07 22:00:00,2026,4,7,22,An Giang,Xã Giồng Riềng,9.9237413,105.2736878,86,Moderate,1,26.0,92,0.0,6.5,212,1009.9,98,29.1,30.7,268.0,11.4,53.0,4.4
2026-04-07 23:00:00,2026,4,7,23,An Giang,Xã Giồng Riềng,9.9237413,105.2736878,86,Moderate,1,25.7,94,0.0,6.9,200,1010.4,68,29.4,31.1,267.0,11.8,51.0,4.1
2026-04-08 00:00:00,2026,4,8,0,An Giang,Xã Giồng Riềng,9.9237413,105.2736878,86,Moderate,1,25.5,96,0.0,7.2,198,1010.0,9,30.4,32.0,265.0,12.8,50.0,3.7
2026-04-08 01:00:00,2026,4,8,1,An Giang,Xã Giồng Riềng,9.9237413,105.2736878,85,Moderate,1,25.4,97,0.0,7.0,201,1009.5,6,32.6,34.2,266.0,13.9,48.0,3.5
2026-04-08 02:00:00,2026,4,8,2,An Giang,Xã Giồng Riềng,9.9237413,105.2736878,85,Moderate,1,25.4,98,0.0,7.4,203,1009.4,49,34.6,36.2,271.0,15.2,45.0,3.5
2026-04-08 03:00:00,2026,4,8,3,An Giang,Xã Giồng Riềng,9.9237413,105.2736878,85,Moderate,1,25.1,98,0.0,6.4,198,1009.1,38,36.3,38.1,280.0,16.6,42.0,3.7
2026-04-08 04:00:00,2026,4,8,4,An Giang,Xã Giồng Riềng,9.9237413,105.2736878,85,Moderate,1,25.0,98,0.0,7.0,190,1009.2,39,38.8,40.5,294.0,17.6,39.0,4.1
2026-04-08 05:00:00,2026,4,8,5,An Giang,Xã Giồng Riềng,9.9237413,105.2736878,85,Moderate,1,25.0,98,0.0,7.5,188,1009.7,5,41.7,43.4,321.0,18.5,35.0,4.9
2026-04-08 06:00:00,2026,4,8,6,An Giang,Xã Giồng Riềng,9.9237413,105.2736878,84,Moderate,1,24.9,99,0.0,6.9,187,1009.9,6,44.2,46.1,353.0,19.1,32.0,6.0
2026-04-08 07:00:00,2026,4,8,7,An Giang,Xã Giồng Riềng,9.9237413,105.2736878,84,Moderate,1,26.2,94,0.0,9.9,189,1010.6,42,39.3,40.6,366.0,15.6,42.0,5.9
2026-04-08 08:00:00,2026,4,8,8,An Giang,Xã Giồng Riềng,9.9237413,105.2736878,82,Moderate,1,28.8,80,0.0,11.1,203,1011.6,24,25.0,27.2,345.0,11.8,59.0,5.4
2026-04-08 09:00:00,2026,4,8,9,An Giang,Xã Giồng Riềng,9.9237413,105.2736878,82,Moderate,1,30.8,68,0.0,8.2,203,1012.3,80,22.2,24.3,306.0,6.6,83.0,4.7
2026-04-08 10:00:00,2026,4,8,10,An Giang,Xã Giồng Riềng,9.9237413,105.2736878,82,Moderate,1,32.6,56,0.0,6.6,209,1012.1,88,21.1,22.9,272.0,2.7,103.0,4.1
2026-04-08 11:00:00,2026,4,8,11,An Giang,Xã Giồng Riềng,9.9237413,105.2736878,82,Moderate,1,34.3,46,0.0,4.6,198,1011.9,93,20.1,21.7,250.0,1.5,114.0,3.9
2026-04-08 12:00:00,2026,4,8,12,An Giang,Xã Giồng Riềng,9.9237413,105.2736878,82,Moderate,1,35.7,39,0.0,3.6,150,1010.7,65,20.1,21.6,232.0,1.5,121.0,3.9
2026-04-08 13:00:00,2026,4,8,13,An Giang,Xã Giồng Riềng,9.9237413,105.2736878,83,Moderate,1,35.4,37,0.0,3.5,159,1009.9,55,20.0,21.4,221.0,1.8,125.0,3.8
2026-04-08 14:00:00,2026,4,8,14,An Giang,Xã Giồng Riềng,9.9237413,105.2736878,83,Moderate,1,35.3,38,0.0,3.9,233,1008.9,19,19.7,21.1,219.0,1.6,126.0,3.5
2026-04-08 15:00:00,2026,4,8,15,An Giang,Xã Giồng Riềng,9.9237413,105.2736878,84,Moderate,1,35.0,41,0.0,7.2,257,1008.1,23,19.2,20.6,225.0,1.6,123.0,3.1
2026-04-08 16:00:00,2026,4,8,16,An Giang,Xã Giồng Riềng,9.9237413,105.2736878,84,Moderate,1,34.0,44,0.0,9.9,249,1008.1,29,18.6,20.1,232.0,2.4,117.0,3.0
2026-04-08 17:00:00,2026,4,8,17,An Giang,Xã Giồng Riềng,9.9237413,105.2736878,84,Moderate,1,32.8,47,0.0,10.5,265,1008.2,14,20.1,21.5,241.0,4.7,104.0,3.3
2026-04-08 18:00:00,2026,4,8,18,An Giang,Xã Giồng Riềng,9.9237413,105.2736878,85,Moderate,1,31.5,48,0.0,9.0,276,1008.6,8,21.8,23.1,251.0,7.8,88.0,3.8
2026-04-08 19:00:00,2026,4,8,19,An Giang,Xã Giồng Riềng,9.9237413,105.2736878,85,Moderate,1,30.1,60,0.0,8.7,249,1009.0,1,41.0,42.7,261.0,16.5,70.0,6.6
2026-04-08 20:00:00,2026,4,8,20,An Giang,Xã Giồng Riềng,9.9237413,105.2736878,85,Moderate,1,29.3,64,0.0,6.1,210,1009.4,0,39.7,41.1,270.0,17.9,61.0,6.8
2026-04-08 21:00:00,2026,4,8,21,An Giang,Xã Giồng Riềng,9.9237413,105.2736878,86,Moderate,1,28.5,67,0.0,8.3,176,1010.0,3,41.8,43.5,279.0,19.9,48.0,7.1
2026-04-08 22:00:00,2026,4,8,22,An Giang,Xã Giồng Riềng,9.9237413,105.2736878,87,Moderate,1,27.8,79,0.0,9.9,159,1010.6,0,46.0,47.7,282.0,21.3,38.0,7.3
2026-04-08 23:00:00,2026,4,8,23,An Giang,Xã Giồng Riềng,9.9237413,105.2736878,89,Moderate,1,27.1,85,0.0,10.4,157,1010.9,0,46.4,47.8,277.0,21.5,34.0,7.2
2026-04-09 00:00:00,2026,4,9,0,An Giang,Xã Giồng Riềng,9.9237413,105.2736878,90,Moderate,1,26.4,89,0.0,10.4,157,1010.5,0,45.4,46.4,267.0,21.1,34.0,6.9
2026-04-09 01:00:00,2026,4,9,1,An Giang,Xã Giồng Riềng,9.9237413,105.2736878,91,Moderate,1,25.6,94,0.0,9.3,156,1009.9,1,44.4,45.5,258.0,20.9,33.0,6.7
2026-04-09 02:00:00,2026,4,9,2,An Giang,Xã Giồng Riềng,9.9237413,105.2736878,93,Moderate,1,25.2,97,0.0,8.6,149,1009.6,4,43.9,45.2,250.0,21.4,31.0,6.5
2026-04-09 03:00:00,2026,4,9,3,An Giang,Xã Giồng Riềng,9.9237413,105.2736878,93,Moderate,1,25.0,98,0.0,7.5,143,1009.4,2,44.0,45.4,242.0,22.1,30.0,6.3
2026-04-09 04:00:00,2026,4,9,4,An Giang,Xã Giồng Riềng,9.9237413,105.2736878,94,Moderate,1,24.7,98,0.0,7.3,142,1009.5,49,45.1,46.7,241.0,22.4,30.0,6.3
2026-04-09 05:00:00,2026,4,9,5,An Giang,Xã Giồng Riềng,9.9237413,105.2736878,95,Moderate,1,24.8,99,0.0,6.4,133,1010.1,100,47.5,49.5,255.0,22.5,30.0,6.9
2026-04-09 06:00:00,2026,4,9,6,An Giang,Xã Giồng Riềng,9.9237413,105.2736878,95,Moderate,1,25.8,93,0.0,7.0,132,1010.8,100,51.5,53.7,276.0,22.3,31.0,7.7
2026-04-09 07:00:00,2026,4,9,7,An Giang,Xã Giồng Riềng,9.9237413,105.2736878,96,Moderate,1,26.8,88,0.0,7.9,129,1011.6,87,49.4,51.3,282.0,21.0,37.0,7.9
2026-04-09 08:00:00,2026,4,9,8,An Giang,Xã Giồng Riềng,9.9237413,105.2736878,97,Moderate,1,28.4,77,0.0,7.8,138,1012.6,15,27.8,31.1,260.0,15.6,59.0,6.9
2026-04-09 09:00:00,2026,4,9,9,An Giang,Xã Giồng Riềng,9.9237413,105.2736878,97,Moderate,1,30.2,66,0.0,7.9,141,1013.3,20,20.1,21.9,223.0,8.3,89.0,5.6
2026-04-09 10:00:00,2026,4,9,10,An Giang,Xã Giồng Riềng,9.9237413,105.2736878,97,Moderate,1,31.8,59,0.0,8.2,148,1013.2,19,19.8,21.1,196.0,2.8,114.0,4.6
2026-04-09 11:00:00,2026,4,9,11,An Giang,Xã Giồng Riềng,9.9237413,105.2736878,97,Moderate,1,33.2,52,0.0,8.1,156,1012.8,12,19.3,20.3,190.0,1.2,127.0,4.2
2026-04-09 12:00:00,2026,4,9,12,An Giang,Xã Giồng Riềng,9.9237413,105.2736878,97,Moderate,1,34.3,45,0.0,8.6,154,1011.9,13,19.0,19.9,194.0,1.5,134.0,4.0
2026-04-09 13:00:00,2026,4,9,13,An Giang,Xã Giồng Riềng,9.9237413,105.2736878,96,Moderate,1,34.3,46,0.0,7.2,143,1011.1,27,19.1,19.9,197.0,1.9,137.0,3.9
2026-04-09 14:00:00,2026,4,9,14,An Giang,Xã Giồng Riềng,9.9237413,105.2736878,96,Moderate,1,34.8,43,0.0,6.9,166,1010.0,37,18.3,19.1,193.0,1.6,137.0,3.5
2026-04-09 15:00:00,2026,4,9,15,An Giang,Xã Giồng Riềng,9.9237413,105.2736878,96,Moderate,1,34.3,42,0.0,8.8,221,1009.1,30,16.9,17.8,189.0,1.5,132.0,3.2
2026-04-09 16:00:00,2026,4,9,16,An Giang,Xã Giồng Riềng,9.9237413,105.2736878,96,Moderate,1,33.1,47,0.0,11.0,256,1008.9,65,15.3,16.1,186.0,2.4,124.0,3.1
2026-04-09 17:00:00,2026,4,9,17,An Giang,Xã Giồng Riềng,9.9237413,105.2736878,96,Moderate,1,32.0,52,0.0,11.2,275,1008.8,28,14.8,15.5,186.0,5.2,110.0,3.5
2026-04-09 18:00:00,2026,4,9,18,An Giang,Xã Giồng Riềng,9.9237413,105.2736878,95,Moderate,1,30.1,60,0.0,12.8,273,1009.2,11,17.2,17.9,188.0,9.0,93.0,4.2
2026-04-09 19:00:00,2026,4,9,19,An Giang,Xã Giồng Riềng,9.9237413,105.2736878,95,Moderate,1,29.5,65,0.0,9.8,238,1009.7,5,27.2,27.9,196.0,12.1,81.0,5.1
2026-04-09 20:00:00,2026,4,9,20,An Giang,Xã Giồng Riềng,9.9237413,105.2736878,94,Moderate,1,28.8,66,0.0,9.2,215,1010.4,2,27.5,28.5,215.0,12.3,75.0,5.2
2026-04-09 21:00:00,2026,4,9,21,An Giang,Xã Giồng Riềng,9.9237413,105.2736878,93,Moderate,1,28.1,67,0.0,11.1,200,1011.1,1,26.5,28.1,241.0,12.8,66.0,5.2
2026-04-09 22:00:00,2026,4,9,22,An Giang,Xã Giồng Riềng,9.9237413,105.2736878,91,Moderate,1,27.5,70,0.0,9.7,179,1011.7,0,26.5,28.0,259.0,13.8,57.0,5.3
2026-04-09 23:00:00,2026,4,9,23,An Giang,Xã Giồng Riềng,9.9237413,105.2736878,89,Moderate,1,26.7,77,0.0,8.7,167,1012.0,0,27.7,29.1,264.0,15.6,50.0,5.3
2026-04-10 00:00:00,2026,4,10,0,An Giang,Xã Giồng Riềng,9.9237413,105.2736878,88,Moderate,1,26.0,84,0.0,8.7,159,1011.8,0,30.4,31.7,263.0,18.1,44.0,5.2
2026-04-10 01:00:00,2026,4,10,1,An Giang,Xã Giồng Riềng,9.9237413,105.2736878,86,Moderate,1,25.4,90,0.0,5.9,153,1011.2,0,36.6,38.0,259.0,20.9,38.0,5.3
2026-04-10 02:00:00,2026,4,10,2,An Giang,Xã Giồng Riềng,9.9237413,105.2736878,86,Moderate,1,24.8,94,0.0,4.3,165,1011.1,4,46.4,47.8,251.0,24.9,30.0,5.7
2026-04-10 03:00:00,2026,4,10,3,An Giang,Xã Giồng Riềng,9.9237413,105.2736878,86,Moderate,1,24.5,96,0.0,5.8,178,1010.8,12,51.7,53.1,241.0,29.4,23.0,6.2
2026-04-10 04:00:00,2026,4,10,4,An Giang,Xã Giồng Riềng,9.9237413,105.2736878,87,Moderate,1,24.4,97,0.0,6.7,166,1010.8,0,53.2,54.7,237.0,31.7,19.0,6.8
2026-04-10 05:00:00,2026,4,10,5,An Giang,Xã Giồng Riềng,9.9237413,105.2736878,87,Moderate,1,24.2,97,0.0,7.6,166,1011.2,7,53.7,55.2,247.0,30.8,19.0,7.7
2026-04-10 06:00:00,2026,4,10,6,An Giang,Xã Giồng Riềng,9.9237413,105.2736878,88,Moderate,1,24.0,97,0.0,6.3,175,1012.1,0,53.1,54.8,263.0,27.8,23.0,8.6
2026-04-10 07:00:00,2026,4,10,7,An Giang,Xã Giồng Riềng,9.9237413,105.2736878,88,Moderate,1,26.1,85,0.0,7.4,187,1012.2,0,57.4,59.4,267.0,24.8,32.0,9.0
2026-04-10 08:00:00,2026,4,10,8,An Giang,Xã Giồng Riềng,9.9237413,105.2736878,89,Moderate,1,28.9,68,0.0,9.4,183,1013.0,26,26.8,30.4,246.0,18.4,55.0,7.8
2026-04-10 09:00:00,2026,4,10,9,An Giang,Xã Giồng Riềng,9.9237413,105.2736878,89,Moderate,1,30.6,60,0.0,7.4,180,1013.5,98,19.7,23.0,212.0,9.5,87.0,6.2
2026-04-10 10:00:00,2026,4,10,10,An Giang,Xã Giồng Riềng,9.9237413,105.2736878,89,Moderate,1,32.2,53,0.0,6.8,169,1013.2,91,17.6,19.4,187.0,3.0,113.0,5.0
2026-04-10 11:00:00,2026,4,10,11,An Giang,Xã Giồng Riềng,9.9237413,105.2736878,88,Moderate,1,33.6,48,0.0,6.9,165,1012.7,56,17.1,18.0,179.0,1.0,126.0,4.5
2026-04-10 12:00:00,2026,4,10,12,An Giang,Xã Giồng Riềng,9.9237413,105.2736878,88,Moderate,1,34.8,43,0.0,6.6,154,1011.9,13,16.9,17.8,179.0,1.3,132.0,4.4
2026-04-10 13:00:00,2026,4,10,13,An Giang,Xã Giồng Riềng,9.9237413,105.2736878,88,Moderate,1,35.0,41,0.0,6.7,109,1010.7,41,17.0,17.8,181.0,1.8,136.0,4.3
2026-04-10 14:00:00,2026,4,10,14,An Giang,Xã Giồng Riềng,9.9237413,105.2736878,88,Moderate,1,35.5,39,0.0,5.9,108,1009.3,19,17.2,18.0,182.0,1.4,139.0,4.1
2026-04-10 15:00:00,2026,4,10,15,An Giang,Xã Giồng Riềng,9.9237413,105.2736878,88,Moderate,1,35.5,40,0.0,4.8,103,1008.0,27,17.1,17.9,186.0,1.3,138.0,4.1
2026-04-10 16:00:00,2026,4,10,16,An Giang,Xã Giồng Riềng,9.9237413,105.2736878,88,Moderate,1,35.0,41,0.0,1.4,140,1007.6,10,16.8,17.6,192.0,2.4,132.0,4.2
2026-04-10 17:00:00,2026,4,10,17,An Giang,Xã Giồng Riềng,9.9237413,105.2736878,88,Moderate,1,33.8,46,0.0,5.8,272,1007.7,2,17.8,18.6,204.0,6.1,115.0,4.8
2026-04-10 18:00:00,2026,4,10,18,An Giang,Xã Giồng Riềng,9.9237413,105.2736878,88,Moderate,1,31.2,59,0.0,11.2,255,1008.2,11,20.5,21.7,220.0,11.0,93.0,5.7
2026-04-10 19:00:00,2026,4,10,19,An Giang,Xã Giồng Riềng,9.9237413,105.2736878,89,Moderate,1,29.8,61,0.0,7.9,253,1008.9,2,40.3,41.9,231.0,18.5,72.0,7.3
2026-04-10 20:00:00,2026,4,10,20,An Giang,Xã Giồng Riềng,9.9237413,105.2736878,90,Moderate,1,29.1,65,0.0,10.6,220,1009.6,1,41.3,43.3,236.0,17.9,64.0,6.8
2026-04-10 21:00:00,2026,4,10,21,An Giang,Xã Giồng Riềng,9.9237413,105.2736878,91,Moderate,1,28.2,73,0.0,8.4,205,1010.5,8,37.6,39.5,236.0,17.1,53.0,6.2
2026-04-10 22:00:00,2026,4,10,22,An Giang,Xã Giồng Riềng,9.9237413,105.2736878,92,Moderate,1,27.5,79,0.0,7.4,219,1011.0,10,34.5,36.2,233.0,16.7,45.0,5.7
2026-04-10 23:00:00,2026,4,10,23,An Giang,Xã Giồng Riềng,9.9237413,105.2736878,93,Moderate,1,26.8,84,0.0,6.4,205,1011.3,0,33.3,35.2,224.0,17.0,41.0,5.5
2026-04-11 00:00:00,2026,4,11,0,An Giang,Xã Giồng Riềng,9.9237413,105.2736878,93,Moderate,1,26.5,86,0.0,7.5,204,1011.2,9,34.2,36.0,212.0,17.7,40.0,5.4
2026-04-11 01:00:00,2026,4,11,1,An Giang,Xã Giồng Riềng,9.9237413,105.2736878,93,Moderate,1,26.0,90,0.0,8.2,203,1010.2,0,35.6,37.3,201.0,18.0,39.0,5.3
2026-04-11 02:00:00,2026,4,11,2,An Giang,Xã Giồng Riềng,9.9237413,105.2736878,93,Moderate,1,26.0,90,0.0,9.1,202,1009.6,0,35.0,36.8,193.0,17.5,39.0,5.2
2026-04-11 03:00:00,2026,4,11,3,An Giang,Xã Giồng Riềng,9.9237413,105.2736878,92,Moderate,1,25.8,91,0.0,6.9,200,1009.3,2,33.3,35.0,186.0,16.7,40.0,5.2
2026-04-11 04:00:00,2026,4,11,4,An Giang,Xã Giồng Riềng,9.9237413,105.2736878,91,Moderate,1,25.5,92,0.0,6.2,201,1009.3,1,31.2,33.1,186.0,15.9,41.0,5.3
2026-04-11 05:00:00,2026,4,11,5,An Giang,Xã Giồng Riềng,9.9237413,105.2736878,89,Moderate,1,25.1,94,0.0,6.3,200,1009.8,3,30.9,32.7,198.0,15.7,40.0,5.6
2026-04-11 06:00:00,2026,4,11,6,An Giang,Xã Giồng Riềng,9.9237413,105.2736878,87,Moderate,1,25.0,95,0.0,5.3,190,1010.5,5,32.7,34.6,215.0,15.5,39.0,5.9
2026-04-11 07:00:00,2026,4,11,7,An Giang,Xã Giồng Riềng,9.9237413,105.2736878,85,Moderate,1,26.8,86,0.0,7.6,175,1011.4,2,37.8,40.4,224.0,15.1,43.0,5.8
2026-04-11 08:00:00,2026,4,11,8,An Giang,Xã Giồng Riềng,9.9237413,105.2736878,83,Moderate,1,29.2,73,0.0,12.2,202,1011.9,26,24.6,28.6,214.0,11.3,60.0,5.1
2026-04-11 09:00:00,2026,4,11,9,An Giang,Xã Giồng Riềng,9.9237413,105.2736878,83,Moderate,1,31.1,64,0.0,9.4,206,1012.3,14,21.1,24.3,196.0,6.1,84.0,4.1
2026-04-11 10:00:00,2026,4,11,10,An Giang,Xã Giồng Riềng,9.9237413,105.2736878,83,Moderate,1,32.8,56,0.0,7.4,203,1012.1,33,20.8,23.1,183.0,2.3,102.0,3.3
2026-04-11 11:00:00,2026,4,11,11,An Giang,Xã Giồng Riềng,9.9237413,105.2736878,83,Moderate,1,34.2,50,0.0,6.4,209,1011.5,27,21.9,23.7,185.0,1.2,111.0,2.9
2026-04-11 12:00:00,2026,4,11,12,An Giang,Xã Giồng Riềng,9.9237413,105.2736878,84,Moderate,1,35.3,45,0.0,6.7,236,1010.6,21,21.8,23.6,193.0,1.4,114.0,2.7
2026-04-11 13:00:00,2026,4,11,13,An Giang,Xã Giồng Riềng,9.9237413,105.2736878,84,Moderate,1,35.0,45,0.0,9.5,271,1009.6,37,21.4,23.2,197.0,1.7,115.0,2.5
2026-04-11 14:00:00,2026,4,11,14,An Giang,Xã Giồng Riềng,9.9237413,105.2736878,85,Moderate,1,34.2,49,0.0,13.2,274,1008.5,37,21.0,22.8,192.0,1.7,114.0,2.3
2026-04-11 15:00:00,2026,4,11,15,An Giang,Xã Giồng Riềng,9.9237413,105.2736878,85,Moderate,1,33.2,54,0.1,14.8,269,1007.8,27,20.4,22.2,183.0,1.7,110.0,2.1
2026-04-11 16:00:00,2026,4,11,16,An Giang,Xã Giồng Riềng,9.9237413,105.2736878,85,Moderate,1,32.8,54,0.0,16.4,273,1007.1,21,19.9,21.9,178.0,2.2,103.0,2.0
2026-04-11 17:00:00,2026,4,11,17,An Giang,Xã Giồng Riềng,9.9237413,105.2736878,86,Moderate,1,31.3,60,0.0,18.7,272,1007.0,9,19.3,21.5,179.0,3.2,92.0,2.0
2026-04-11 18:00:00,2026,4,11,18,An Giang,Xã Giồng Riềng,9.9237413,105.2736878,86,Moderate,1,30.0,64,0.0,14.8,269,1007.9,5,19.5,21.8,185.0,4.7,78.0,2.1
2026-04-11 19:00:00,2026,4,11,19,An Giang,Xã Giồng Riềng,9.9237413,105.2736878,86,Moderate,1,29.5,67,0.0,10.4,252,1008.6,13,20.4,22.7,193.0,6.4,65.0,2.5
2026-04-11 20:00:00,2026,4,11,20,An Giang,Xã Giồng Riềng,9.9237413,105.2736878,84,Moderate,1,29.0,70,0.0,7.4,241,1009.3,9,21.0,23.0,207.0,6.9,63.0,2.9
2026-04-11 21:00:00,2026,4,11,21,An Giang,Xã Giồng Riềng,9.9237413,105.2736878,82,Moderate,1,28.5,73,0.0,6.4,218,1009.7,1,22.1,24.2,225.0,7.8,59.0,3.4
2026-04-11 22:00:00,2026,4,11,22,An Giang,Xã Giồng Riềng,9.9237413,105.2736878,81,Moderate,1,27.8,77,0.0,5.9,198,1010.0,0,23.9,25.9,238.0,9.6,55.0,3.8
2026-04-11 23:00:00,2026,4,11,23,An Giang,Xã Giồng Riềng,9.9237413,105.2736878,80,Moderate,1,27.1,80,0.0,6.0,185,1009.9,0,27.3,29.3,243.0,12.6,49.0,4.0
2026-04-12 00:00:00,2026,4,12,0,An Giang,Xã Giồng Riềng,9.9237413,105.2736878,79,Moderate,1,26.5,83,0.0,5.8,176,1009.5,0,33.6,35.7,243.0,16.5,42.0,4.1
2026-04-12 01:00:00,2026,4,12,1,An Giang,Xã Giồng Riềng,9.9237413,105.2736878,79,Moderate,1,25.9,89,0.0,4.9,197,1008.6,0,41.4,43.4,241.0,20.7,35.0,4.3
2026-04-12 02:00:00,2026,4,12,2,An Giang,Xã Giồng Riềng,9.9237413,105.2736878,80,Moderate,1,25.5,92,0.0,3.9,196,1008.1,0,49.5,51.5,235.0,25.9,26.0,4.6
2026-04-12 03:00:00,2026,4,12,3,An Giang,Xã Giồng Riềng,9.9237413,105.2736878,81,Moderate,1,24.9,94,0.0,3.4,183,1007.8,0,58.1,60.1,226.0,31.5,18.0,5.0
2026-04-12 04:00:00,2026,4,12,4,An Giang,Xã Giồng Riềng,9.9237413,105.2736878,83,Moderate,1,24.4,96,0.0,3.8,163,1007.6,0,65.7,67.5,223.0,34.7,13.0,5.6
2026-04-12 05:00:00,2026,4,12,5,An Giang,Xã Giồng Riềng,9.9237413,105.2736878,86,Moderate,1,24.2,97,0.0,5.4,160,1008.2,0,69.6,71.5,232.0,34.4,13.0,6.7
2026-04-12 06:00:00,2026,4,12,6,An Giang,Xã Giồng Riềng,9.9237413,105.2736878,90,Moderate,1,24.1,97,0.0,5.5,167,1008.8,0,71.0,72.6,247.0,31.7,16.0,7.9
2026-04-12 07:00:00,2026,4,12,7,An Giang,Xã Giồng Riềng,9.9237413,105.2736878,93,Moderate,1,26.5,87,0.0,7.2,162,1009.6,0,60.8,62.6,252.0,23.5,30.0,7.6
2026-04-12 08:00:00,2026,4,12,8,An Giang,Xã Giồng Riềng,9.9237413,105.2736878,95,Moderate,1,29.1,75,0.0,9.4,172,1010.5,0,39.1,42.3,236.0,17.7,53.0,7.0
2026-04-12 09:00:00,2026,4,12,9,An Giang,Xã Giồng Riềng,9.9237413,105.2736878,96,Moderate,1,31.1,64,0.0,9.7,179,1011.0,0,28.8,30.6,210.0,9.8,86.0,6.1
2026-04-12 10:00:00,2026,4,12,10,An Giang,Xã Giồng Riềng,9.9237413,105.2736878,97,Moderate,1,32.8,55,0.0,9.6,188,1010.7,0,26.9,28.5,193.0,3.8,111.0,5.3
2026-04-12 11:00:00,2026,4,12,11,An Giang,Xã Giồng Riềng,9.9237413,105.2736878,98,Moderate,1,34.5,44,0.0,9.2,191,1010.3,12,25.2,26.8,194.0,1.7,123.0,4.5
2026-04-12 12:00:00,2026,4,12,12,An Giang,Xã Giồng Riềng,9.9237413,105.2736878,98,Moderate,1,35.5,39,0.0,7.9,192,1009.2,8,23.9,25.4,203.0,1.6,128.0,3.7
2026-04-12 13:00:00,2026,4,12,13,An Giang,Xã Giồng Riềng,9.9237413,105.2736878,98,Moderate,1,35.3,39,0.0,5.3,242,1008.3,20,22.9,24.6,210.0,1.8,130.0,3.1
2026-04-12 14:00:00,2026,4,12,14,An Giang,Xã Giồng Riềng,9.9237413,105.2736878,98,Moderate,1,35.0,42,0.0,9.7,281,1007.0,43,22.6,24.2,208.0,1.6,130.0,2.7
2026-04-12 15:00:00,2026,4,12,15,An Giang,Xã Giồng Riềng,9.9237413,105.2736878,98,Moderate,1,34.0,49,0.3,14.5,281,1006.3,46,21.7,23.2,202.0,1.6,127.0,2.5
2026-04-12 16:00:00,2026,4,12,16,An Giang,Xã Giồng Riềng,9.9237413,105.2736878,98,Moderate,1,33.2,51,0.0,15.0,277,1006.2,44,20.8,22.4,201.0,2.4,120.0,2.5
2026-04-12 17:00:00,2026,4,12,17,An Giang,Xã Giồng Riềng,9.9237413,105.2736878,99,Moderate,1,32.2,53,0.0,15.5,273,1006.5,32,21.1,22.5,207.0,4.5,107.0,2.8
2026-04-12 18:00:00,2026,4,12,18,An Giang,Xã Giồng Riềng,9.9237413,105.2736878,99,Moderate,1,30.9,59,0.0,12.6,272,1007.1,30,22.3,23.6,216.0,7.4,90.0,3.4
2026-04-12 19:00:00,2026,4,12,19,An Giang,Xã Giồng Riềng,9.9237413,105.2736878,99,Moderate,1,30.0,60,0.0,5.5,259,1007.8,16,27.3,28.7,228.0,10.1,73.0,4.0
2026-04-12 20:00:00,2026,4,12,20,An Giang,Xã Giồng Riềng,9.9237413,105.2736878,100,Moderate,1,28.9,66,0.0,4.8,205,1008.7,2,26.9,28.2,245.0,10.8,68.0,4.3
2026-04-12 21:00:00,2026,4,12,21,An Giang,Xã Giồng Riềng,9.9237413,105.2736878,100,Moderate,1,28.4,67,0.0,8.7,175,1009.2,0,26.7,28.1,265.0,11.8,61.0,4.8
2026-04-12 22:00:00,2026,4,12,22,An Giang,Xã Giồng Riềng,9.9237413,105.2736878,101,Unhealthy for Sensitive Groups,2,27.7,71,0.0,9.0,185,1009.8,0,29.7,31.3,273.0,13.5,53.0,5.2
2026-04-12 23:00:00,2026,4,12,23,An Giang,Xã Giồng Riềng,9.9237413,105.2736878,101,Unhealthy for Sensitive Groups,2,27.0,75,0.0,7.2,186,1009.8,2,36.7,38.2,262.0,16.7,45.0,5.6
2026-04-13 00:00:00,2026,4,13,0,An Giang,Xã Giồng Riềng,9.9237413,105.2736878,102,Unhealthy for Sensitive Groups,2,26.3,80,0.0,6.2,170,1009.7,7,41.9,43.3,240.0,20.5,36.0,6.0
2026-04-13 01:00:00,2026,4,13,1,An Giang,Xã Giồng Riềng,9.9237413,105.2736878,103,Unhealthy for Sensitive Groups,2,25.9,85,0.0,5.0,165,1009.0,94,41.9,43.4,220.0,23.1,30.0,6.3
2026-04-13 02:00:00,2026,4,13,2,An Giang,Xã Giồng Riềng,9.9237413,105.2736878,103,Unhealthy for Sensitive Groups,2,25.6,88,0.0,6.7,171,1008.5,60,39.2,40.9,203.0,23.5,28.0,6.4
2026-04-13 03:00:00,2026,4,13,3,An Giang,Xã Giồng Riềng,9.9237413,105.2736878,102,Unhealthy for Sensitive Groups,2,25.3,91,0.0,6.3,177,1008.2,1,37.1,38.8,187.0,22.6,28.0,6.4
2026-04-13 04:00:00,2026,4,13,4,An Giang,Xã Giồng Riềng,9.9237413,105.2736878,100,Moderate,1,25.0,94,0.0,6.1,177,1008.4,0,36.4,38.3,178.0,21.5,30.0,6.4
2026-04-13 05:00:00,2026,4,13,5,An Giang,Xã Giồng Riềng,9.9237413,105.2736878,97,Moderate,1,24.8,97,0.0,6.0,173,1009.3,0,36.2,38.2,180.0,20.6,31.0,6.7
2026-04-13 06:00:00,2026,4,13,6,An Giang,Xã Giồng Riềng,9.9237413,105.2736878,94,Moderate,1,24.6,97,0.0,5.6,173,1010.2,0,35.9,38.0,189.0,19.5,33.0,7.0
2026-04-13 07:00:00,2026,4,13,7,An Giang,Xã Giồng Riềng,9.9237413,105.2736878,91,Moderate,1,26.6,90,0.0,5.2,164,1011.0,0,37.5,39.5,193.0,18.3,40.0,7.5
2026-04-13 08:00:00,2026,4,13,8,An Giang,Xã Giồng Riềng,9.9237413,105.2736878,89,Moderate,1,29.1,75,0.0,9.6,168,1011.8,12,23.6,27.0,185.0,13.8,62.0,6.6
2026-04-13 09:00:00,2026,4,13,9,An Giang,Xã Giồng Riềng,9.9237413,105.2736878,88,Moderate,1,31.0,63,0.0,9.1,170,1012.3,4,18.6,22.2,172.0,7.6,93.0,5.4
2026-04-13 10:00:00,2026,4,13,10,An Giang,Xã Giồng Riềng,9.9237413,105.2736878,87,Moderate,1,32.7,53,0.0,8.7,173,1012.1,1,16.4,18.9,165.0,2.9,116.0,4.3
2026-04-13 11:00:00,2026,4,13,11,An Giang,Xã Giồng Riềng,9.9237413,105.2736878,86,Moderate,1,34.2,45,0.0,8.2,172,1011.4,29,15.0,16.6,171.0,1.3,126.0,3.6
2026-04-13 12:00:00,2026,4,13,12,An Giang,Xã Giồng Riềng,9.9237413,105.2736878,85,Moderate,1,35.5,39,0.0,8.5,173,1010.4,45,14.5,15.8,184.0,1.4,129.0,3.1
2026-04-13 13:00:00,2026,4,13,13,An Giang,Xã Giồng Riềng,9.9237413,105.2736878,84,Moderate,1,35.0,42,0.0,5.2,241,1009.6,16,14.4,15.7,191.0,1.6,129.0,2.8
2026-04-13 14:00:00,2026,4,13,14,An Giang,Xã Giồng Riềng,9.9237413,105.2736878,83,Moderate,1,34.5,43,0.0,10.1,272,1008.6,39,14.2,15.5,186.0,1.4,129.0,2.6
2026-04-13 15:00:00,2026,4,13,15,An Giang,Xã Giồng Riềng,9.9237413,105.2736878,83,Moderate,1,33.1,52,0.3,12.5,276,1008.0,32,14.1,15.4,176.0,1.5,126.0,2.5
2026-04-13 16:00:00,2026,4,13,16,An Giang,Xã Giồng Riềng,9.9237413,105.2736878,82,Moderate,1,33.3,50,0.0,8.7,274,1007.6,23,14.0,15.6,170.0,2.3,120.0,2.6
2026-04-13 17:00:00,2026,4,13,17,An Giang,Xã Giồng Riềng,9.9237413,105.2736878,81,Moderate,1,32.8,52,0.0,8.8,274,1007.8,23,16.5,18.5,173.0,4.3,108.0,2.9
2026-04-13 18:00:00,2026,4,13,18,An Giang,Xã Giồng Riềng,9.9237413,105.2736878,81,Moderate,1,31.2,60,0.0,8.1,266,1008.3,31,18.8,21.1,180.0,7.0,93.0,3.3
2026-04-13 19:00:00,2026,4,13,19,An Giang,Xã Giồng Riềng,9.9237413,105.2736878,81,Moderate,1,29.9,68,0.0,3.8,273,1009.1,20,21.4,23.5,189.0,9.4,80.0,3.7
2026-04-13 20:00:00,2026,4,13,20,An Giang,Xã Giồng Riềng,9.9237413,105.2736878,80,Moderate,1,29.2,70,0.0,3.6,237,1010.0,15,21.8,23.8,200.0,11.1,72.0,4.2
2026-04-13 21:00:00,2026,4,13,21,An Giang,Xã Giồng Riềng,9.9237413,105.2736878,80,Moderate,1,28.6,71,0.0,5.4,206,1010.6,4,23.5,25.4,212.0,12.5,66.0,4.7
2026-04-13 22:00:00,2026,4,13,22,An Giang,Xã Giồng Riềng,9.9237413,105.2736878,79,Moderate,1,28.0,74,0.0,6.1,199,1011.2,0,27.5,29.4,223.0,13.9,60.0,5.1
2026-04-13 23:00:00,2026,4,13,23,An Giang,Xã Giồng Riềng,9.9237413,105.2736878,79,Moderate,1,27.4,77,0.0,6.0,177,1011.0,0,31.7,33.4,231.0,15.6,54.0,5.4
