timestamp,year,month,day,hour,province,location,lat,lon,aqi,pollution_level,pollution_class,temp,humidity,rain,wind_speed,wind_dir,pressure,cloud,pm2_5,pm10,co,no2,o3,so2
2025-01-01 00:00:00,2025,1,1,0,Cao Bằng,Xã Tam Kim,22.606427,106.0179879,148,Unhealthy for Sensitive Groups,2,10.2,91,0.0,1.1,261,982.0,0,58.7,58.8,601.0,33.3,28.0,19.9
2025-01-01 01:00:00,2025,1,1,1,Cao Bằng,Xã Tam Kim,22.606427,106.0179879,148,Unhealthy for Sensitive Groups,2,10.5,88,0.0,0.6,252,981.8,0,57.9,57.9,584.0,31.2,28.0,19.0
2025-01-01 02:00:00,2025,1,1,2,Cao Bằng,Xã Tam Kim,22.606427,106.0179879,147,Unhealthy for Sensitive Groups,2,10.6,87,0.0,0.0,270,981.2,0,56.5,56.6,573.0,28.5,31.0,18.5
2025-01-01 03:00:00,2025,1,1,3,Cao Bằng,Xã Tam Kim,22.606427,106.0179879,147,Unhealthy for Sensitive Groups,2,10.5,87,0.0,0.3,225,980.7,0,54.9,54.9,570.0,25.3,37.0,18.2
2025-01-01 04:00:00,2025,1,1,4,Cao Bằng,Xã Tam Kim,22.606427,106.0179879,146,Unhealthy for Sensitive Groups,2,10.4,88,0.0,0.4,297,980.6,0,53.4,53.6,581.0,22.7,43.0,18.2
2025-01-01 05:00:00,2025,1,1,5,Cao Bằng,Xã Tam Kim,22.606427,106.0179879,146,Unhealthy for Sensitive Groups,2,9.9,89,0.0,0.4,270,980.6,0,52.6,52.6,622.0,21.8,46.0,18.9
2025-01-01 06:00:00,2025,1,1,6,Cao Bằng,Xã Tam Kim,22.606427,106.0179879,145,Unhealthy for Sensitive Groups,2,9.6,90,0.0,0.6,252,981.3,2,52.5,52.6,678.0,21.5,49.0,20.0
2025-01-01 07:00:00,2025,1,1,7,Cao Bằng,Xã Tam Kim,22.606427,106.0179879,144,Unhealthy for Sensitive Groups,2,9.6,91,0.0,2.2,261,981.7,3,50.1,50.1,709.0,27.8,42.0,18.7
2025-01-01 08:00:00,2025,1,1,8,Cao Bằng,Xã Tam Kim,22.606427,106.0179879,143,Unhealthy for Sensitive Groups,2,12.0,85,0.0,2.2,305,983.3,6,50.8,50.8,697.0,20.5,64.0,17.8
2025-01-01 09:00:00,2025,1,1,9,Cao Bằng,Xã Tam Kim,22.606427,106.0179879,142,Unhealthy for Sensitive Groups,2,14.3,74,0.0,1.9,41,983.8,3,31.5,31.7,661.0,10.4,94.0,16.5
2025-01-01 10:00:00,2025,1,1,10,Cao Bằng,Xã Tam Kim,22.606427,106.0179879,139,Unhealthy for Sensitive Groups,2,16.7,64,0.0,3.4,72,983.5,18,29.3,29.4,619.0,2.9,117.0,14.9
2025-01-01 11:00:00,2025,1,1,11,Cao Bằng,Xã Tam Kim,22.606427,106.0179879,136,Unhealthy for Sensitive Groups,2,18.4,57,0.0,5.8,83,982.7,82,28.2,28.3,570.0,0.6,126.0,12.7
2025-01-01 12:00:00,2025,1,1,12,Cao Bằng,Xã Tam Kim,22.606427,106.0179879,134,Unhealthy for Sensitive Groups,2,20.0,53,0.0,9.1,83,981.3,59,27.0,27.2,514.0,0.9,127.0,10.2
2025-01-01 13:00:00,2025,1,1,13,Cao Bằng,Xã Tam Kim,22.606427,106.0179879,131,Unhealthy for Sensitive Groups,2,21.5,52,0.0,7.2,84,979.8,58,26.5,26.8,473.0,1.4,127.0,8.2
2025-01-01 14:00:00,2025,1,1,14,Cao Bằng,Xã Tam Kim,22.606427,106.0179879,129,Unhealthy for Sensitive Groups,2,23.0,46,0.0,3.5,118,978.5,78,26.0,26.4,450.0,0.6,128.0,6.8
2025-01-01 15:00:00,2025,1,1,15,Cao Bằng,Xã Tam Kim,22.606427,106.0179879,127,Unhealthy for Sensitive Groups,2,23.1,46,0.0,4.6,159,977.7,41,25.8,26.3,441.0,0.0,127.0,5.8
2025-01-01 16:00:00,2025,1,1,16,Cao Bằng,Xã Tam Kim,22.606427,106.0179879,125,Unhealthy for Sensitive Groups,2,22.4,50,0.0,4.9,144,977.4,54,25.0,25.7,458.0,1.8,121.0,5.7
2025-01-01 17:00:00,2025,1,1,17,Cao Bằng,Xã Tam Kim,22.606427,106.0179879,123,Unhealthy for Sensitive Groups,2,19.2,66,0.0,6.2,128,977.4,28,27.1,27.8,524.0,8.3,106.0,6.9
2025-01-01 18:00:00,2025,1,1,18,Cao Bằng,Xã Tam Kim,22.606427,106.0179879,121,Unhealthy for Sensitive Groups,2,16.7,75,0.0,2.9,191,977.7,6,32.9,33.6,615.0,17.2,87.0,8.9
2025-01-01 19:00:00,2025,1,1,19,Cao Bằng,Xã Tam Kim,22.606427,106.0179879,119,Unhealthy for Sensitive Groups,2,15.4,82,0.0,2.8,225,978.5,10,31.4,31.7,674.0,21.8,72.0,9.8
2025-01-01 20:00:00,2025,1,1,20,Cao Bằng,Xã Tam Kim,22.606427,106.0179879,118,Unhealthy for Sensitive Groups,2,13.3,91,0.0,1.3,236,978.5,7,34.7,34.9,670.0,22.2,71.0,10.7
2025-01-01 21:00:00,2025,1,1,21,Cao Bằng,Xã Tam Kim,22.606427,106.0179879,116,Unhealthy for Sensitive Groups,2,12.7,91,0.0,0.6,252,979.4,8,37.6,37.8,633.0,22.6,70.0,12.0
2025-01-01 22:00:00,2025,1,1,22,Cao Bằng,Xã Tam Kim,22.606427,106.0179879,114,Unhealthy for Sensitive Groups,2,12.6,89,0.0,0.7,270,980.1,14,41.0,41.2,595.0,22.7,70.0,12.9
2025-01-01 23:00:00,2025,1,1,23,Cao Bằng,Xã Tam Kim,22.606427,106.0179879,112,Unhealthy for Sensitive Groups,2,12.5,88,0.0,2.7,290,980.5,10,43.9,44.1,564.0,22.2,70.0,13.3
2025-01-02 00:00:00,2025,1,2,0,Cao Bằng,Xã Tam Kim,22.606427,106.0179879,111,Unhealthy for Sensitive Groups,2,12.7,86,0.0,1.6,276,980.7,15,45.4,45.6,533.0,21.3,71.0,13.3
2025-01-02 01:00:00,2025,1,2,1,Cao Bằng,Xã Tam Kim,22.606427,106.0179879,109,Unhealthy for Sensitive Groups,2,12.6,85,0.0,0.9,259,981.2,16,46.6,46.8,511.0,20.2,72.0,13.2
2025-01-02 02:00:00,2025,1,2,2,Cao Bằng,Xã Tam Kim,22.606427,106.0179879,108,Unhealthy for Sensitive Groups,2,12.0,87,0.0,2.2,265,980.9,1,47.4,47.5,499.0,18.6,72.0,12.8
2025-01-02 03:00:00,2025,1,2,3,Cao Bằng,Xã Tam Kim,22.606427,106.0179879,107,Unhealthy for Sensitive Groups,2,11.7,87,0.0,1.4,247,980.5,5,48.0,48.1,497.0,16.7,72.0,12.3
2025-01-02 04:00:00,2025,1,2,4,Cao Bằng,Xã Tam Kim,22.606427,106.0179879,107,Unhealthy for Sensitive Groups,2,11.5,87,0.0,1.2,243,980.4,5,48.4,48.7,513.0,15.5,72.0,12.2
2025-01-02 05:00:00,2025,1,2,5,Cao Bằng,Xã Tam Kim,22.606427,106.0179879,106,Unhealthy for Sensitive Groups,2,11.1,88,0.0,1.7,221,980.7,10,49.0,49.1,567.0,16.2,71.0,12.5
2025-01-02 06:00:00,2025,1,2,6,Cao Bằng,Xã Tam Kim,22.606427,106.0179879,106,Unhealthy for Sensitive Groups,2,10.8,89,0.0,1.9,209,981.4,19,49.7,49.8,639.0,17.6,70.0,13.1
2025-01-02 07:00:00,2025,1,2,7,Cao Bằng,Xã Tam Kim,22.606427,106.0179879,105,Unhealthy for Sensitive Groups,2,10.8,90,0.0,3.1,234,982.3,24,66.4,66.6,677.0,17.6,73.0,15.5
2025-01-02 08:00:00,2025,1,2,8,Cao Bằng,Xã Tam Kim,22.606427,106.0179879,107,Unhealthy for Sensitive Groups,2,13.7,85,0.0,4.2,290,983.7,24,67.1,67.3,648.0,14.0,88.0,17.5
2025-01-02 09:00:00,2025,1,2,9,Cao Bằng,Xã Tam Kim,22.606427,106.0179879,109,Unhealthy for Sensitive Groups,2,15.7,79,0.0,2.7,328,984.9,22,58.4,58.7,584.0,9.0,109.0,20.4
2025-01-02 10:00:00,2025,1,2,10,Cao Bằng,Xã Tam Kim,22.606427,106.0179879,112,Unhealthy for Sensitive Groups,2,17.7,69,0.0,2.5,360,984.8,53,55.3,55.5,535.0,5.1,126.0,23.3
2025-01-02 11:00:00,2025,1,2,11,Cao Bằng,Xã Tam Kim,22.606427,106.0179879,114,Unhealthy for Sensitive Groups,2,19.2,64,0.0,2.7,23,984.1,71,57.9,58.2,520.0,3.3,137.0,26.4
2025-01-02 12:00:00,2025,1,2,12,Cao Bằng,Xã Tam Kim,22.606427,106.0179879,117,Unhealthy for Sensitive Groups,2,20.3,56,0.0,1.4,23,983.1,44,58.2,58.6,519.0,2.6,146.0,29.5
2025-01-02 13:00:00,2025,1,2,13,Cao Bằng,Xã Tam Kim,22.606427,106.0179879,121,Unhealthy for Sensitive Groups,2,20.1,57,0.0,0.5,315,981.9,51,57.6,58.2,521.0,2.3,150.0,30.8
2025-01-02 14:00:00,2025,1,2,14,Cao Bằng,Xã Tam Kim,22.606427,106.0179879,124,Unhealthy for Sensitive Groups,2,20.7,55,0.0,1.8,186,981.1,57,58.1,58.9,517.0,1.4,151.0,28.7
2025-01-02 15:00:00,2025,1,2,15,Cao Bằng,Xã Tam Kim,22.606427,106.0179879,127,Unhealthy for Sensitive Groups,2,20.5,57,0.0,3.1,230,980.7,68,58.0,59.1,517.0,0.8,148.0,24.9
2025-01-02 16:00:00,2025,1,2,16,Cao Bằng,Xã Tam Kim,22.606427,106.0179879,131,Unhealthy for Sensitive Groups,2,20.2,58,0.0,4.7,263,980.9,100,58.0,59.4,538.0,2.8,140.0,22.1
2025-01-02 17:00:00,2025,1,2,17,Cao Bằng,Xã Tam Kim,22.606427,106.0179879,134,Unhealthy for Sensitive Groups,2,18.6,65,0.0,8.1,276,980.9,100,60.5,61.7,609.0,9.7,125.0,22.0
2025-01-02 18:00:00,2025,1,2,18,Cao Bằng,Xã Tam Kim,22.606427,106.0179879,137,Unhealthy for Sensitive Groups,2,17.1,72,0.0,7.7,282,981.6,84,66.8,68.2,701.0,19.2,105.0,23.0
2025-01-02 19:00:00,2025,1,2,19,Cao Bằng,Xã Tam Kim,22.606427,106.0179879,141,Unhealthy for Sensitive Groups,2,16.6,77,0.0,5.2,286,982.3,67,60.8,62.2,747.0,25.4,80.0,23.3
2025-01-02 20:00:00,2025,1,2,20,Cao Bằng,Xã Tam Kim,22.606427,106.0179879,144,Unhealthy for Sensitive Groups,2,16.3,77,0.0,3.3,306,983.1,56,65.4,66.6,702.0,25.8,70.0,21.6
2025-01-02 21:00:00,2025,1,2,21,Cao Bằng,Xã Tam Kim,22.606427,106.0179879,147,Unhealthy for Sensitive Groups,2,16.2,77,0.0,5.1,293,983.6,80,64.7,65.9,611.0,26.2,55.0,19.2
2025-01-02 22:00:00,2025,1,2,22,Cao Bằng,Xã Tam Kim,22.606427,106.0179879,150,Unhealthy for Sensitive Groups,2,15.3,80,0.0,4.2,306,984.1,100,64.0,65.2,542.0,25.8,44.0,16.8
2025-01-02 23:00:00,2025,1,2,23,Cao Bằng,Xã Tam Kim,22.606427,106.0179879,151,Unhealthy,3,15.2,79,0.0,6.5,284,984.4,89,62.4,63.3,524.0,23.9,39.0,14.4
2025-01-03 00:00:00,2025,1,3,0,Cao Bằng,Xã Tam Kim,22.606427,106.0179879,151,Unhealthy,3,15.0,80,0.0,4.4,282,984.4,64,59.5,60.3,528.0,21.1,36.0,11.9
2025-01-03 01:00:00,2025,1,3,1,Cao Bằng,Xã Tam Kim,22.606427,106.0179879,151,Unhealthy,3,14.2,83,0.0,4.1,304,984.5,30,56.3,57.0,534.0,18.4,35.0,10.0
2025-01-03 02:00:00,2025,1,3,2,Cao Bằng,Xã Tam Kim,22.606427,106.0179879,151,Unhealthy,3,13.5,87,0.0,6.7,294,984.2,30,54.2,54.8,537.0,15.8,35.0,8.8
2025-01-03 03:00:00,2025,1,3,3,Cao Bằng,Xã Tam Kim,22.606427,106.0179879,152,Unhealthy,3,13.3,87,0.0,4.8,292,983.9,12,53.1,53.7,542.0,13.2,37.0,8.2
2025-01-03 04:00:00,2025,1,3,4,Cao Bằng,Xã Tam Kim,22.606427,106.0179879,152,Unhealthy,3,13.4,85,0.0,6.3,305,983.9,10,52.2,52.6,549.0,11.5,38.0,7.8
2025-01-03 05:00:00,2025,1,3,5,Cao Bằng,Xã Tam Kim,22.606427,106.0179879,152,Unhealthy,3,11.9,89,0.0,6.4,295,983.8,39,51.7,52.0,563.0,11.5,34.0,7.6
2025-01-03 06:00:00,2025,1,3,6,Cao Bằng,Xã Tam Kim,22.606427,106.0179879,152,Unhealthy,3,11.5,89,0.0,4.1,304,984.4,65,51.9,52.4,577.0,12.4,30.0,7.6
2025-01-03 07:00:00,2025,1,3,7,Cao Bằng,Xã Tam Kim,22.606427,106.0179879,152,Unhealthy,3,11.2,90,0.0,2.6,304,985.2,12,59.8,60.3,576.0,15.5,31.0,8.3
2025-01-03 08:00:00,2025,1,3,8,Cao Bằng,Xã Tam Kim,22.606427,106.0179879,152,Unhealthy,3,14.0,84,0.0,4.0,288,986.9,63,60.8,61.5,544.0,11.7,54.0,10.0
2025-01-03 09:00:00,2025,1,3,9,Cao Bằng,Xã Tam Kim,22.606427,106.0179879,152,Unhealthy,3,16.9,71,0.0,2.3,247,987.3,4,54.7,55.6,495.0,6.4,85.0,12.3
2025-01-03 10:00:00,2025,1,3,10,Cao Bằng,Xã Tam Kim,22.606427,106.0179879,152,Unhealthy,3,19.0,59,0.0,1.8,270,987.5,2,50.2,51.0,457.0,2.4,110.0,13.6
2025-01-03 11:00:00,2025,1,3,11,Cao Bằng,Xã Tam Kim,22.606427,106.0179879,151,Unhealthy,3,20.3,53,0.0,0.6,18,986.8,2,47.3,48.1,441.0,1.1,120.0,13.1
2025-01-03 12:00:00,2025,1,3,12,Cao Bằng,Xã Tam Kim,22.606427,106.0179879,151,Unhealthy,3,21.4,50,0.0,0.9,270,985.4,39,44.8,45.6,435.0,1.2,124.0,11.6
2025-01-03 13:00:00,2025,1,3,13,Cao Bằng,Xã Tam Kim,22.606427,106.0179879,151,Unhealthy,3,22.2,44,0.0,2.5,262,984.1,40,43.1,44.1,428.0,1.4,125.0,10.2
2025-01-03 14:00:00,2025,1,3,14,Cao Bằng,Xã Tam Kim,22.606427,106.0179879,151,Unhealthy,3,22.1,44,0.0,2.2,265,982.8,22,41.9,42.8,409.0,1.0,127.0,9.2
2025-01-03 15:00:00,2025,1,3,15,Cao Bằng,Xã Tam Kim,22.606427,106.0179879,150,Unhealthy for Sensitive Groups,2,21.5,44,0.0,0.8,117,981.8,14,41.2,42.3,390.0,0.8,128.0,8.4
2025-01-03 16:00:00,2025,1,3,16,Cao Bằng,Xã Tam Kim,22.606427,106.0179879,149,Unhealthy for Sensitive Groups,2,20.9,50,0.0,0.4,153,981.1,26,41.4,42.4,392.0,2.1,124.0,8.2
2025-01-03 17:00:00,2025,1,3,17,Cao Bằng,Xã Tam Kim,22.606427,106.0179879,148,Unhealthy for Sensitive Groups,2,18.9,64,0.0,2.3,212,980.5,36,45.3,46.2,433.0,6.3,111.0,9.2
2025-01-03 18:00:00,2025,1,3,18,Cao Bằng,Xã Tam Kim,22.606427,106.0179879,146,Unhealthy for Sensitive Groups,2,17.6,65,0.0,2.3,231,980.5,32,49.0,49.8,495.0,11.9,94.0,10.8
2025-01-03 19:00:00,2025,1,3,19,Cao Bằng,Xã Tam Kim,22.606427,106.0179879,144,Unhealthy for Sensitive Groups,2,17.0,67,0.0,4.2,168,981.3,42,44.8,45.4,550.0,16.0,79.0,12.4
2025-01-03 20:00:00,2025,1,3,20,Cao Bằng,Xã Tam Kim,22.606427,106.0179879,142,Unhealthy for Sensitive Groups,2,16.0,70,0.0,2.0,180,982.5,13,47.4,47.8,590.0,16.8,77.0,13.7
2025-01-03 21:00:00,2025,1,3,21,Cao Bằng,Xã Tam Kim,22.606427,106.0179879,141,Unhealthy for Sensitive Groups,2,14.9,75,0.0,0.4,243,982.8,10,49.8,50.4,622.0,17.9,73.0,15.5
2025-01-03 22:00:00,2025,1,3,22,Cao Bằng,Xã Tam Kim,22.606427,106.0179879,139,Unhealthy for Sensitive Groups,2,14.1,79,0.0,1.5,240,983.0,12,52.9,53.3,638.0,18.5,70.0,16.8
2025-01-03 23:00:00,2025,1,3,23,Cao Bằng,Xã Tam Kim,22.606427,106.0179879,138,Unhealthy for Sensitive Groups,2,13.3,80,0.0,1.5,240,982.8,3,55.2,55.6,631.0,18.2,68.0,17.1
2025-01-04 00:00:00,2025,1,4,0,Cao Bằng,Xã Tam Kim,22.606427,106.0179879,137,Unhealthy for Sensitive Groups,2,12.7,81,0.0,1.2,243,982.4,1,56.3,56.8,607.0,17.3,66.0,16.8
2025-01-04 01:00:00,2025,1,4,1,Cao Bằng,Xã Tam Kim,22.606427,106.0179879,137,Unhealthy for Sensitive Groups,2,12.1,81,0.0,1.8,259,982.2,3,57.3,57.7,578.0,16.2,65.0,16.6
2025-01-04 02:00:00,2025,1,4,2,Cao Bằng,Xã Tam Kim,22.606427,106.0179879,137,Unhealthy for Sensitive Groups,2,11.8,80,0.0,2.5,274,981.9,1,58.1,58.7,537.0,14.6,66.0,16.5
2025-01-04 03:00:00,2025,1,4,3,Cao Bằng,Xã Tam Kim,22.606427,106.0179879,137,Unhealthy for Sensitive Groups,2,12.0,78,0.0,1.1,252,981.8,0,58.9,59.4,491.0,12.7,69.0,16.5
2025-01-04 04:00:00,2025,1,4,4,Cao Bằng,Xã Tam Kim,22.606427,106.0179879,138,Unhealthy for Sensitive Groups,2,11.4,79,0.0,0.8,225,981.5,0,59.4,59.8,475.0,11.7,71.0,16.7
2025-01-04 05:00:00,2025,1,4,5,Cao Bằng,Xã Tam Kim,22.606427,106.0179879,139,Unhealthy for Sensitive Groups,2,11.1,79,0.0,0.8,225,981.6,0,60.1,60.8,523.0,12.7,70.0,17.4
2025-01-04 06:00:00,2025,1,4,6,Cao Bằng,Xã Tam Kim,22.606427,106.0179879,140,Unhealthy for Sensitive Groups,2,10.8,80,0.0,0.6,236,982.1,0,61.2,61.7,600.0,14.5,69.0,18.4
2025-01-04 07:00:00,2025,1,4,7,Cao Bằng,Xã Tam Kim,22.606427,106.0179879,141,Unhealthy for Sensitive Groups,2,10.6,81,0.0,3.0,245,982.7,2,73.8,74.5,643.0,17.2,68.0,18.6
2025-01-04 08:00:00,2025,1,4,8,Cao Bằng,Xã Tam Kim,22.606427,106.0179879,142,Unhealthy for Sensitive Groups,2,13.1,77,0.0,3.2,227,984.1,4,72.2,72.6,614.0,13.1,85.0,18.3
2025-01-04 09:00:00,2025,1,4,9,Cao Bằng,Xã Tam Kim,22.606427,106.0179879,143,Unhealthy for Sensitive Groups,2,15.6,66,0.0,0.6,326,984.9,11,57.4,58.0,549.0,7.5,109.0,18.0
2025-01-04 10:00:00,2025,1,4,10,Cao Bằng,Xã Tam Kim,22.606427,106.0179879,143,Unhealthy for Sensitive Groups,2,17.4,57,0.0,2.5,111,984.9,9,49.8,50.8,494.0,3.3,127.0,18.0
2025-01-04 11:00:00,2025,1,4,11,Cao Bằng,Xã Tam Kim,22.606427,106.0179879,143,Unhealthy for Sensitive Groups,2,19.0,51,0.0,5.1,122,984.1,21,46.8,47.6,465.0,1.8,135.0,18.8
2025-01-04 12:00:00,2025,1,4,12,Cao Bằng,Xã Tam Kim,22.606427,106.0179879,143,Unhealthy for Sensitive Groups,2,20.2,48,0.0,6.3,117,982.9,76,46.9,47.8,446.0,1.8,138.0,19.9
2025-01-04 13:00:00,2025,1,4,13,Cao Bằng,Xã Tam Kim,22.606427,106.0179879,144,Unhealthy for Sensitive Groups,2,20.8,44,0.0,7.2,129,981.1,100,48.4,49.4,434.0,1.9,140.0,20.4
2025-01-04 14:00:00,2025,1,4,14,Cao Bằng,Xã Tam Kim,22.606427,106.0179879,144,Unhealthy for Sensitive Groups,2,21.6,44,0.0,6.5,177,979.9,82,49.0,49.9,425.0,1.2,143.0,19.7
2025-01-04 15:00:00,2025,1,4,15,Cao Bằng,Xã Tam Kim,22.606427,106.0179879,145,Unhealthy for Sensitive Groups,2,21.8,44,0.0,7.2,193,979.1,95,49.5,50.4,423.0,0.7,145.0,18.4
2025-01-04 16:00:00,2025,1,4,16,Cao Bằng,Xã Tam Kim,22.606427,106.0179879,146,Unhealthy for Sensitive Groups,2,21.2,48,0.0,4.3,195,978.8,59,50.1,51.0,443.0,2.4,142.0,17.8
2025-01-04 17:00:00,2025,1,4,17,Cao Bằng,Xã Tam Kim,22.606427,106.0179879,147,Unhealthy for Sensitive Groups,2,19.3,60,0.0,3.6,150,978.9,54,51.9,52.7,506.0,8.1,130.0,18.6
2025-01-04 18:00:00,2025,1,4,18,Cao Bằng,Xã Tam Kim,22.606427,106.0179879,147,Unhealthy for Sensitive Groups,2,17.1,66,0.0,4.3,195,979.6,39,58.2,59.0,590.0,16.0,113.0,20.1
2025-01-04 19:00:00,2025,1,4,19,Cao Bằng,Xã Tam Kim,22.606427,106.0179879,148,Unhealthy for Sensitive Groups,2,15.6,74,0.0,3.6,221,980.8,43,55.8,56.3,641.0,24.0,88.0,19.9
2025-01-04 20:00:00,2025,1,4,20,Cao Bằng,Xã Tam Kim,22.606427,106.0179879,149,Unhealthy for Sensitive Groups,2,13.3,86,0.0,3.2,254,982.7,6,61.5,62.2,627.0,25.7,77.0,19.8
2025-01-04 21:00:00,2025,1,4,21,Cao Bằng,Xã Tam Kim,22.606427,106.0179879,150,Unhealthy for Sensitive Groups,2,12.8,88,0.0,3.6,261,984.1,23,64.3,65.0,579.0,27.8,63.0,19.5
2025-01-04 22:00:00,2025,1,4,22,Cao Bằng,Xã Tam Kim,22.606427,106.0179879,151,Unhealthy,3,13.3,84,0.0,5.4,236,984.9,38,65.0,65.4,536.0,27.9,53.0,18.9
2025-01-04 23:00:00,2025,1,4,23,Cao Bằng,Xã Tam Kim,22.606427,106.0179879,151,Unhealthy,3,13.6,82,0.0,2.7,233,985.4,28,65.0,65.4,509.0,24.4,53.0,17.5
2025-01-05 00:00:00,2025,1,5,0,Cao Bằng,Xã Tam Kim,22.606427,106.0179879,151,Unhealthy,3,12.7,84,0.0,0.5,360,986.2,100,58.7,59.0,486.0,18.9,58.0,15.8
2025-01-05 01:00:00,2025,1,5,1,Cao Bằng,Xã Tam Kim,22.606427,106.0179879,151,Unhealthy,3,13.4,82,0.0,6.1,265,986.5,100,58.4,58.9,472.0,14.0,63.0,14.6
2025-01-05 02:00:00,2025,1,5,2,Cao Bằng,Xã Tam Kim,22.606427,106.0179879,151,Unhealthy,3,13.5,82,0.0,6.7,294,986.2,100,67.3,68.0,464.0,10.5,68.0,14.5
2025-01-05 03:00:00,2025,1,5,3,Cao Bằng,Xã Tam Kim,22.606427,106.0179879,151,Unhealthy,3,13.8,78,0.0,9.2,305,986.0,100,66.8,67.3,464.0,7.7,74.0,15.0
2025-01-05 04:00:00,2025,1,5,4,Cao Bằng,Xã Tam Kim,22.606427,106.0179879,151,Unhealthy,3,14.0,74,0.0,7.9,311,985.7,100,65.4,65.9,481.0,6.0,76.0,15.1
2025-01-05 05:00:00,2025,1,5,5,Cao Bằng,Xã Tam Kim,22.606427,106.0179879,152,Unhealthy,3,13.2,75,0.0,7.5,318,985.6,51,62.9,63.3,531.0,6.1,69.0,14.3
2025-01-05 06:00:00,2025,1,5,6,Cao Bằng,Xã Tam Kim,22.606427,106.0179879,152,Unhealthy,3,13.2,76,0.0,8.5,322,985.9,62,58.9,59.3,598.0,7.4,59.0,13.1
2025-01-05 07:00:00,2025,1,5,7,Cao Bằng,Xã Tam Kim,22.606427,106.0179879,152,Unhealthy,3,12.8,79,0.0,8.8,327,986.4,1,41.4,41.7,639.0,8.0,57.0,12.9
2025-01-05 08:00:00,2025,1,5,8,Cao Bằng,Xã Tam Kim,22.606427,106.0179879,151,Unhealthy,3,14.9,78,0.0,6.6,338,987.3,0,36.0,36.1,630.0,6.3,67.0,14.2
2025-01-05 09:00:00,2025,1,5,9,Cao Bằng,Xã Tam Kim,22.606427,106.0179879,150,Unhealthy for Sensitive Groups,2,17.0,64,0.0,8.2,345,987.4,0,23.7,24.0,596.0,4.1,82.0,15.9
2025-01-05 10:00:00,2025,1,5,10,Cao Bằng,Xã Tam Kim,22.606427,106.0179879,147,Unhealthy for Sensitive Groups,2,18.6,55,0.0,7.4,354,987.0,0,23.6,23.9,568.0,2.3,95.0,16.8
2025-01-05 11:00:00,2025,1,5,11,Cao Bằng,Xã Tam Kim,22.606427,106.0179879,144,Unhealthy for Sensitive Groups,2,19.9,50,0.0,5.4,354,986.0,0,24.4,24.8,558.0,1.6,106.0,16.1
2025-01-05 12:00:00,2025,1,5,12,Cao Bằng,Xã Tam Kim,22.606427,106.0179879,142,Unhealthy for Sensitive Groups,2,20.6,48,0.0,3.5,21,984.5,3,23.1,23.5,554.0,1.3,116.0,14.7
2025-01-05 13:00:00,2025,1,5,13,Cao Bằng,Xã Tam Kim,22.606427,106.0179879,139,Unhealthy for Sensitive Groups,2,21.5,42,0.0,5.6,73,983.0,35,19.2,19.4,551.0,1.3,123.0,13.2
2025-01-05 14:00:00,2025,1,5,14,Cao Bằng,Xã Tam Kim,22.606427,106.0179879,136,Unhealthy for Sensitive Groups,2,21.6,42,0.0,6.4,112,981.7,76,17.9,18.2,542.0,0.6,127.0,11.8
2025-01-05 15:00:00,2025,1,5,15,Cao Bằng,Xã Tam Kim,22.606427,106.0179879,133,Unhealthy for Sensitive Groups,2,21.8,42,0.0,5.4,165,980.7,24,17.7,17.9,534.0,0.0,127.0,10.5
2025-01-05 16:00:00,2025,1,5,16,Cao Bằng,Xã Tam Kim,22.606427,106.0179879,130,Unhealthy for Sensitive Groups,2,21.7,48,0.0,4.0,198,980.1,11,18.0,18.3,541.0,1.8,123.0,9.9
2025-01-05 17:00:00,2025,1,5,17,Cao Bằng,Xã Tam Kim,22.606427,106.0179879,126,Unhealthy for Sensitive Groups,2,19.2,60,0.0,6.7,160,979.7,12,20.6,20.8,578.0,7.9,110.0,10.6
2025-01-05 18:00:00,2025,1,5,18,Cao Bằng,Xã Tam Kim,22.606427,106.0179879,123,Unhealthy for Sensitive Groups,2,16.5,70,0.0,7.4,214,979.7,10,26.5,26.8,630.0,16.3,92.0,12.1
2025-01-05 19:00:00,2025,1,5,19,Cao Bằng,Xã Tam Kim,22.606427,106.0179879,120,Unhealthy for Sensitive Groups,2,14.2,81,0.0,3.0,237,980.0,12,36.4,36.8,661.0,18.7,77.0,12.5
2025-01-05 20:00:00,2025,1,5,20,Cao Bằng,Xã Tam Kim,22.606427,106.0179879,118,Unhealthy for Sensitive Groups,2,12.9,88,0.0,3.3,257,980.9,2,40.4,40.7,652.0,20.9,72.0,13.5
2025-01-05 21:00:00,2025,1,5,21,Cao Bằng,Xã Tam Kim,22.606427,106.0179879,116,Unhealthy for Sensitive Groups,2,11.9,90,0.0,3.1,242,981.2,0,43.4,43.8,622.0,24.0,66.0,14.8
2025-01-05 22:00:00,2025,1,5,22,Cao Bằng,Xã Tam Kim,22.606427,106.0179879,113,Unhealthy for Sensitive Groups,2,11.4,90,0.0,1.2,231,981.3,0,45.6,46.0,596.0,25.7,60.0,15.7
2025-01-05 23:00:00,2025,1,5,23,Cao Bằng,Xã Tam Kim,22.606427,106.0179879,111,Unhealthy for Sensitive Groups,2,12.0,84,0.0,3.1,242,981.6,0,46.9,47.3,582.0,25.2,56.0,15.6
2025-01-06 00:00:00,2025,1,6,0,Cao Bằng,Xã Tam Kim,22.606427,106.0179879,110,Unhealthy for Sensitive Groups,2,12.1,80,0.0,2.9,263,981.9,0,47.5,47.7,573.0,23.4,52.0,15.1
2025-01-06 01:00:00,2025,1,6,1,Cao Bằng,Xã Tam Kim,22.606427,106.0179879,108,Unhealthy for Sensitive Groups,2,12.4,78,0.0,1.3,270,981.7,10,48.1,48.3,570.0,21.3,50.0,14.7
2025-01-06 02:00:00,2025,1,6,2,Cao Bằng,Xã Tam Kim,22.606427,106.0179879,107,Unhealthy for Sensitive Groups,2,11.7,80,0.0,1.1,270,981.4,11,48.7,48.9,571.0,19.0,50.0,14.6
2025-01-06 03:00:00,2025,1,6,3,Cao Bằng,Xã Tam Kim,22.606427,106.0179879,105,Unhealthy for Sensitive Groups,2,10.8,83,0.0,1.2,243,981.1,9,49.4,49.7,579.0,16.4,51.0,14.5
2025-01-06 04:00:00,2025,1,6,4,Cao Bằng,Xã Tam Kim,22.606427,106.0179879,104,Unhealthy for Sensitive Groups,2,10.4,84,0.0,1.0,239,981.1,7,50.4,50.6,602.0,14.7,53.0,14.9
2025-01-06 05:00:00,2025,1,6,5,Cao Bằng,Xã Tam Kim,22.606427,106.0179879,102,Unhealthy for Sensitive Groups,2,10.1,85,0.0,0.8,207,981.3,0,51.7,52.0,657.0,15.1,52.0,15.7
2025-01-06 06:00:00,2025,1,6,6,Cao Bằng,Xã Tam Kim,22.606427,106.0179879,101,Unhealthy for Sensitive Groups,2,9.7,86,0.0,0.8,225,982.2,2,53.4,53.7,727.0,16.3,52.0,16.9
2025-01-06 07:00:00,2025,1,6,7,Cao Bằng,Xã Tam Kim,22.606427,106.0179879,100,Moderate,1,9.9,86,0.0,1.0,239,983.0,4,53.6,53.8,767.0,16.6,55.0,17.2
2025-01-06 08:00:00,2025,1,6,8,Cao Bằng,Xã Tam Kim,22.606427,106.0179879,101,Unhealthy for Sensitive Groups,2,12.1,81,0.0,1.0,329,984.5,9,54.4,54.6,749.0,12.9,74.0,19.3
2025-01-06 09:00:00,2025,1,6,9,Cao Bằng,Xã Tam Kim,22.606427,106.0179879,103,Unhealthy for Sensitive Groups,2,14.4,70,0.0,1.6,27,985.3,4,48.2,48.5,701.0,7.7,101.0,22.3
2025-01-06 10:00:00,2025,1,6,10,Cao Bằng,Xã Tam Kim,22.606427,106.0179879,106,Unhealthy for Sensitive Groups,2,16.3,60,0.0,2.6,74,985.2,6,48.0,48.4,660.0,3.8,124.0,24.6
2025-01-06 11:00:00,2025,1,6,11,Cao Bằng,Xã Tam Kim,22.606427,106.0179879,108,Unhealthy for Sensitive Groups,2,18.4,50,0.0,4.9,94,984.3,15,49.8,50.3,641.0,2.3,138.0,26.0
2025-01-06 12:00:00,2025,1,6,12,Cao Bằng,Xã Tam Kim,22.606427,106.0179879,111,Unhealthy for Sensitive Groups,2,19.4,48,0.0,6.9,110,982.8,85,53.8,54.2,628.0,2.0,147.0,26.8
2025-01-06 13:00:00,2025,1,6,13,Cao Bằng,Xã Tam Kim,22.606427,106.0179879,114,Unhealthy for Sensitive Groups,2,20.4,48,0.0,5.8,120,981.1,100,56.7,57.2,616.0,1.9,153.0,26.5
2025-01-06 14:00:00,2025,1,6,14,Cao Bằng,Xã Tam Kim,22.606427,106.0179879,118,Unhealthy for Sensitive Groups,2,20.8,50,0.0,5.3,170,979.8,100,56.5,56.8,594.0,1.1,157.0,24.3
2025-01-06 15:00:00,2025,1,6,15,Cao Bằng,Xã Tam Kim,22.606427,106.0179879,122,Unhealthy for Sensitive Groups,2,21.3,47,0.0,5.8,175,978.8,100,57.4,57.7,573.0,0.5,159.0,21.0
2025-01-06 16:00:00,2025,1,6,16,Cao Bằng,Xã Tam Kim,22.606427,106.0179879,126,Unhealthy for Sensitive Groups,2,21.0,50,0.0,4.6,149,978.7,98,58.0,58.3,576.0,2.2,154.0,18.9
2025-01-06 17:00:00,2025,1,6,17,Cao Bằng,Xã Tam Kim,22.606427,106.0179879,131,Unhealthy for Sensitive Groups,2,18.6,64,0.0,4.7,122,978.5,44,59.4,59.6,632.0,8.0,139.0,19.0
2025-01-06 18:00:00,2025,1,6,18,Cao Bằng,Xã Tam Kim,22.606427,106.0179879,135,Unhealthy for Sensitive Groups,2,16.3,69,0.0,3.6,183,978.9,26,65.7,65.9,712.0,16.1,119.0,20.3
2025-01-06 19:00:00,2025,1,6,19,Cao Bằng,Xã Tam Kim,22.606427,106.0179879,139,Unhealthy for Sensitive Groups,2,14.2,77,0.0,3.0,237,979.4,20,63.1,63.3,761.0,22.0,94.0,20.6
2025-01-06 20:00:00,2025,1,6,20,Cao Bằng,Xã Tam Kim,22.606427,106.0179879,141,Unhealthy for Sensitive Groups,2,12.2,88,0.0,3.7,247,979.6,8,69.8,70.1,744.0,24.3,89.0,21.9
2025-01-06 21:00:00,2025,1,6,21,Cao Bằng,Xã Tam Kim,22.606427,106.0179879,145,Unhealthy for Sensitive Groups,2,11.6,91,0.0,2.7,250,980.0,12,73.8,74.3,694.0,27.4,83.0,23.7
2025-01-06 22:00:00,2025,1,6,22,Cao Bằng,Xã Tam Kim,22.606427,106.0179879,148,Unhealthy for Sensitive Groups,2,10.9,90,0.0,2.0,270,980.1,6,76.1,76.6,658.0,29.1,78.0,24.8
2025-01-06 23:00:00,2025,1,6,23,Cao Bằng,Xã Tam Kim,22.606427,106.0179879,150,Unhealthy for Sensitive Groups,2,11.6,85,0.0,1.1,270,980.2,5,78.0,78.5,654.0,28.3,75.0,24.7
2025-01-07 00:00:00,2025,1,7,0,Cao Bằng,Xã Tam Kim,22.606427,106.0179879,151,Unhealthy,3,11.4,83,0.0,1.6,276,980.4,18,78.5,78.7,662.0,26.0,74.0,23.9
2025-01-07 01:00:00,2025,1,7,1,Cao Bằng,Xã Tam Kim,22.606427,106.0179879,152,Unhealthy,3,11.3,82,0.0,2.9,266,980.2,18,77.5,77.8,674.0,23.6,73.0,22.9
2025-01-07 02:00:00,2025,1,7,2,Cao Bằng,Xã Tam Kim,22.606427,106.0179879,152,Unhealthy,3,11.2,80,0.0,1.8,276,979.8,11,76.1,76.6,682.0,21.1,71.0,21.7
2025-01-07 03:00:00,2025,1,7,3,Cao Bằng,Xã Tam Kim,22.606427,106.0179879,153,Unhealthy,3,10.9,81,0.0,1.1,252,979.9,8,74.7,75.0,694.0,18.3,70.0,20.4
2025-01-07 04:00:00,2025,1,7,4,Cao Bằng,Xã Tam Kim,22.606427,106.0179879,153,Unhealthy,3,10.2,83,0.0,2.5,249,979.7,13,73.1,73.3,715.0,16.3,70.0,19.7
2025-01-07 05:00:00,2025,1,7,5,Cao Bằng,Xã Tam Kim,22.606427,106.0179879,154,Unhealthy,3,10.3,83,0.0,1.5,249,979.9,25,71.0,71.5,763.0,15.9,70.0,19.8
2025-01-07 06:00:00,2025,1,7,6,Cao Bằng,Xã Tam Kim,22.606427,106.0179879,154,Unhealthy,3,10.2,83,0.0,1.2,231,980.7,65,70.1,70.3,822.0,16.1,73.0,20.5
2025-01-07 07:00:00,2025,1,7,7,Cao Bằng,Xã Tam Kim,22.606427,106.0179879,155,Unhealthy,3,11.3,83,0.0,2.7,212,981.9,100,69.6,69.8,849.0,16.4,76.0,22.1
2025-01-07 08:00:00,2025,1,7,8,Cao Bằng,Xã Tam Kim,22.606427,106.0179879,155,Unhealthy,3,13.2,79,0.0,3.8,221,983.1,94,67.1,67.3,818.0,13.0,95.0,26.2
2025-01-07 09:00:00,2025,1,7,9,Cao Bằng,Xã Tam Kim,22.606427,106.0179879,155,Unhealthy,3,14.5,73,0.0,2.9,223,984.0,71,58.7,59.0,756.0,8.3,122.0,32.0
2025-01-07 10:00:00,2025,1,7,10,Cao Bằng,Xã Tam Kim,22.606427,106.0179879,155,Unhealthy,3,16.0,63,0.0,1.5,166,984.2,69,51.9,52.3,701.0,4.7,145.0,36.3
2025-01-07 11:00:00,2025,1,7,11,Cao Bằng,Xã Tam Kim,22.606427,106.0179879,156,Unhealthy,3,16.7,61,0.0,1.6,90,983.1,65,48.8,49.1,671.0,3.4,159.0,38.2
2025-01-07 12:00:00,2025,1,7,12,Cao Bằng,Xã Tam Kim,22.606427,106.0179879,156,Unhealthy,3,18.5,54,0.0,2.5,98,982.0,22,46.6,46.9,649.0,3.3,169.0,38.6
2025-01-07 13:00:00,2025,1,7,13,Cao Bằng,Xã Tam Kim,22.606427,106.0179879,155,Unhealthy,3,19.9,51,0.0,4.1,142,980.6,18,45.1,45.3,624.0,3.3,175.0,37.9
2025-01-07 14:00:00,2025,1,7,14,Cao Bằng,Xã Tam Kim,22.606427,106.0179879,155,Unhealthy,3,21.0,45,0.0,7.6,165,979.4,99,44.1,44.5,580.0,2.5,179.0,35.2
2025-01-07 15:00:00,2025,1,7,15,Cao Bằng,Xã Tam Kim,22.606427,106.0179879,155,Unhealthy,3,21.0,43,0.0,8.0,155,978.7,100,44.1,44.5,532.0,1.9,180.0,31.3
2025-01-07 16:00:00,2025,1,7,16,Cao Bằng,Xã Tam Kim,22.606427,106.0179879,155,Unhealthy,3,20.4,50,0.0,5.1,107,978.5,98,44.4,44.6,514.0,3.4,175.0,28.5
2025-01-07 17:00:00,2025,1,7,17,Cao Bằng,Xã Tam Kim,22.606427,106.0179879,154,Unhealthy,3,18.7,60,0.0,4.3,66,978.4,87,46.0,46.2,559.0,8.9,160.0,27.9
2025-01-07 18:00:00,2025,1,7,18,Cao Bằng,Xã Tam Kim,22.606427,106.0179879,154,Unhealthy,3,17.5,62,0.0,0.9,127,978.8,96,51.0,51.2,635.0,16.6,139.0,28.5
2025-01-07 19:00:00,2025,1,7,19,Cao Bằng,Xã Tam Kim,22.606427,106.0179879,154,Unhealthy,3,16.2,67,0.0,2.7,217,979.4,94,53.6,53.8,673.0,19.1,121.0,26.2
2025-01-07 20:00:00,2025,1,7,20,Cao Bằng,Xã Tam Kim,22.606427,106.0179879,153,Unhealthy,3,14.6,75,0.0,1.9,241,980.3,100,59.0,59.3,634.0,20.0,117.0,27.3
2025-01-07 21:00:00,2025,1,7,21,Cao Bằng,Xã Tam Kim,22.606427,106.0179879,153,Unhealthy,3,14.3,76,0.0,1.2,243,980.7,79,63.6,63.8,557.0,21.2,110.0,28.8
2025-01-07 22:00:00,2025,1,7,22,Cao Bằng,Xã Tam Kim,22.606427,106.0179879,153,Unhealthy,3,13.8,76,0.0,1.3,254,981.0,66,66.8,67.1,497.0,21.7,104.0,29.4
2025-01-07 23:00:00,2025,1,7,23,Cao Bằng,Xã Tam Kim,22.606427,106.0179879,153,Unhealthy,3,14.3,74,0.0,2.2,256,981.1,100,68.5,68.7,472.0,20.9,98.0,28.5
2025-01-08 00:00:00,2025,1,8,0,Cao Bằng,Xã Tam Kim,22.606427,106.0179879,153,Unhealthy,3,14.6,73,0.0,2.0,260,981.0,98,68.5,68.7,463.0,19.4,93.0,26.7
2025-01-08 01:00:00,2025,1,8,1,Cao Bằng,Xã Tam Kim,22.606427,106.0179879,152,Unhealthy,3,14.7,74,0.0,0.7,284,980.9,100,68.0,68.2,464.0,17.8,89.0,25.2
2025-01-08 02:00:00,2025,1,8,2,Cao Bằng,Xã Tam Kim,22.606427,106.0179879,152,Unhealthy,3,14.5,78,0.0,0.2,180,980.6,100,67.5,67.8,475.0,16.2,88.0,24.4
2025-01-08 03:00:00,2025,1,8,3,Cao Bằng,Xã Tam Kim,22.606427,106.0179879,152,Unhealthy,3,14.2,79,0.0,0.9,270,980.3,100,67.5,68.0,495.0,14.5,88.0,23.8
2025-01-08 04:00:00,2025,1,8,4,Cao Bằng,Xã Tam Kim,22.606427,106.0179879,152,Unhealthy,3,14.2,80,0.0,1.4,293,980.0,100,71.5,71.9,522.0,13.1,87.0,22.9
2025-01-08 05:00:00,2025,1,8,5,Cao Bằng,Xã Tam Kim,22.606427,106.0179879,152,Unhealthy,3,14.4,82,0.0,0.0,270,980.5,100,71.7,72.2,561.0,12.2,83.0,21.0
2025-01-08 06:00:00,2025,1,8,6,Cao Bằng,Xã Tam Kim,22.606427,106.0179879,152,Unhealthy,3,13.9,86,0.0,2.7,148,981.3,100,68.0,68.5,605.0,11.6,77.0,18.7
2025-01-08 07:00:00,2025,1,8,7,Cao Bằng,Xã Tam Kim,22.606427,106.0179879,152,Unhealthy,3,13.9,86,0.0,4.8,191,982.1,100,83.6,84.3,632.0,10.8,77.0,19.6
2025-01-08 08:00:00,2025,1,8,8,Cao Bằng,Xã Tam Kim,22.606427,106.0179879,152,Unhealthy,3,14.4,95,0.1,5.1,212,983.8,100,80.8,81.5,627.0,9.5,80.0,20.6
2025-01-08 09:00:00,2025,1,8,9,Cao Bằng,Xã Tam Kim,22.606427,106.0179879,152,Unhealthy,3,15.2,87,0.0,4.6,201,985.0,100,70.8,71.5,604.0,7.6,85.0,22.0
2025-01-08 10:00:00,2025,1,8,10,Cao Bằng,Xã Tam Kim,22.606427,106.0179879,153,Unhealthy,3,15.8,75,0.0,4.0,210,985.2,100,59.0,59.8,582.0,6.1,90.0,22.8
2025-01-08 11:00:00,2025,1,8,11,Cao Bằng,Xã Tam Kim,22.606427,106.0179879,153,Unhealthy,3,16.2,66,0.0,2.9,223,984.3,100,58.2,59.1,564.0,5.2,94.0,22.5
2025-01-08 12:00:00,2025,1,8,12,Cao Bằng,Xã Tam Kim,22.606427,106.0179879,153,Unhealthy,3,17.5,60,0.0,1.1,162,983.2,100,58.6,59.6,547.0,4.7,97.0,21.5
2025-01-08 13:00:00,2025,1,8,13,Cao Bằng,Xã Tam Kim,22.606427,106.0179879,153,Unhealthy,3,19.1,57,0.0,4.4,125,981.8,94,59.1,60.3,535.0,4.3,101.0,20.4
2025-01-08 14:00:00,2025,1,8,14,Cao Bằng,Xã Tam Kim,22.606427,106.0179879,154,Unhealthy,3,20.1,53,0.0,6.1,130,980.5,55,59.1,60.1,524.0,3.5,109.0,19.2
2025-01-08 15:00:00,2025,1,8,15,Cao Bằng,Xã Tam Kim,22.606427,106.0179879,154,Unhealthy,3,20.2,53,0.0,7.3,132,979.8,84,62.9,63.8,518.0,2.8,118.0,17.9
2025-01-08 16:00:00,2025,1,8,16,Cao Bằng,Xã Tam Kim,22.606427,106.0179879,154,Unhealthy,3,19.3,55,0.0,8.0,130,979.9,77,61.2,62.2,533.0,3.6,119.0,16.8
2025-01-08 17:00:00,2025,1,8,17,Cao Bằng,Xã Tam Kim,22.606427,106.0179879,155,Unhealthy,3,17.9,63,0.0,5.6,135,980.4,72,61.9,62.6,595.0,7.5,105.0,16.1
2025-01-08 18:00:00,2025,1,8,18,Cao Bằng,Xã Tam Kim,22.606427,106.0179879,155,Unhealthy,3,16.9,69,0.0,3.6,108,981.1,90,65.2,65.9,678.0,12.9,83.0,15.5
2025-01-08 19:00:00,2025,1,8,19,Cao Bằng,Xã Tam Kim,22.606427,106.0179879,155,Unhealthy,3,16.8,69,0.0,2.8,162,982.1,100,68.2,69.2,726.0,14.8,61.0,15.7
2025-01-08 20:00:00,2025,1,8,20,Cao Bằng,Xã Tam Kim,22.606427,106.0179879,156,Unhealthy,3,15.3,70,0.0,2.6,168,983.3,100,67.8,68.5,696.0,14.1,58.0,15.5
2025-01-08 21:00:00,2025,1,8,21,Cao Bằng,Xã Tam Kim,22.606427,106.0179879,156,Unhealthy,3,15.3,70,0.0,5.8,184,983.7,100,66.8,67.3,631.0,13.1,53.0,15.2
2025-01-08 22:00:00,2025,1,8,22,Cao Bằng,Xã Tam Kim,22.606427,106.0179879,156,Unhealthy,3,15.0,71,0.0,6.6,189,984.1,100,66.1,66.8,601.0,12.0,50.0,15.0
2025-01-08 23:00:00,2025,1,8,23,Cao Bằng,Xã Tam Kim,22.606427,106.0179879,156,Unhealthy,3,14.8,69,0.0,7.2,192,984.3,100,67.5,68.0,643.0,10.7,50.0,15.1
2025-01-09 00:00:00,2025,1,9,0,Cao Bằng,Xã Tam Kim,22.606427,106.0179879,156,Unhealthy,3,14.5,69,0.0,7.3,190,984.1,99,68.5,69.2,720.0,9.3,51.0,15.3
2025-01-09 01:00:00,2025,1,9,1,Cao Bằng,Xã Tam Kim,22.606427,106.0179879,156,Unhealthy,3,14.3,69,0.0,7.5,190,983.9,100,69.2,69.8,788.0,8.2,51.0,15.1
2025-01-09 02:00:00,2025,1,9,2,Cao Bằng,Xã Tam Kim,22.606427,106.0179879,156,Unhealthy,3,13.8,71,0.0,6.9,186,983.6,100,68.2,68.9,833.0,7.8,47.0,13.9
2025-01-09 03:00:00,2025,1,9,3,Cao Bằng,Xã Tam Kim,22.606427,106.0179879,156,Unhealthy,3,13.7,70,0.0,5.7,193,983.3,99,66.8,67.3,869.0,7.8,41.0,12.3
2025-01-09 04:00:00,2025,1,9,4,Cao Bằng,Xã Tam Kim,22.606427,106.0179879,156,Unhealthy,3,13.5,70,0.0,4.8,200,983.1,100,65.7,66.1,889.0,7.8,37.0,11.5
2025-01-09 05:00:00,2025,1,9,5,Cao Bằng,Xã Tam Kim,22.606427,106.0179879,156,Unhealthy,3,13.4,69,0.0,5.2,194,983.8,100,64.7,65.2,889.0,7.6,38.0,12.1
2025-01-09 06:00:00,2025,1,9,6,Cao Bằng,Xã Tam Kim,22.606427,106.0179879,156,Unhealthy,3,12.8,76,0.2,5.5,212,984.6,100,63.1,63.8,874.0,7.3,41.0,13.4
2025-01-09 07:00:00,2025,1,9,7,Cao Bằng,Xã Tam Kim,22.606427,106.0179879,156,Unhealthy,3,12.3,86,0.2,5.0,221,985.2,100,53.4,53.9,850.0,6.9,47.0,14.8
2025-01-09 08:00:00,2025,1,9,8,Cao Bằng,Xã Tam Kim,22.606427,106.0179879,155,Unhealthy,3,13.2,84,0.0,3.1,187,986.3,100,51.1,51.6,821.0,6.6,51.0,15.3
2025-01-09 09:00:00,2025,1,9,9,Cao Bằng,Xã Tam Kim,22.606427,106.0179879,154,Unhealthy,3,13.6,76,0.0,1.1,288,987.7,100,45.3,45.8,785.0,6.2,56.0,16.0
2025-01-09 10:00:00,2025,1,9,10,Cao Bằng,Xã Tam Kim,22.606427,106.0179879,154,Unhealthy,3,14.6,72,0.0,1.5,324,988.2,100,38.0,38.3,738.0,5.7,60.0,16.2
2025-01-09 11:00:00,2025,1,9,11,Cao Bằng,Xã Tam Kim,22.606427,106.0179879,153,Unhealthy,3,15.3,69,0.1,7.6,1,987.7,100,29.1,29.4,670.0,5.1,63.0,15.5
2025-01-09 12:00:00,2025,1,9,12,Cao Bằng,Xã Tam Kim,22.606427,106.0179879,153,Unhealthy,3,14.9,72,0.2,10.0,347,987.1,100,19.9,20.1,593.0,4.5,64.0,14.4
2025-01-09 13:00:00,2025,1,9,13,Cao Bằng,Xã Tam Kim,22.606427,106.0179879,152,Unhealthy,3,14.3,73,0.3,9.4,348,986.0,100,11.6,11.7,538.0,4.1,66.0,13.4
2025-01-09 14:00:00,2025,1,9,14,Cao Bằng,Xã Tam Kim,22.606427,106.0179879,151,Unhealthy,3,14.5,70,0.1,6.6,17,985.6,100,6.2,6.2,523.0,4.0,68.0,12.7
2025-01-09 15:00:00,2025,1,9,15,Cao Bằng,Xã Tam Kim,22.606427,106.0179879,148,Unhealthy for Sensitive Groups,2,14.3,68,0.1,4.9,33,985.4,100,5.8,5.9,531.0,4.1,70.0,12.2
2025-01-09 16:00:00,2025,1,9,16,Cao Bằng,Xã Tam Kim,22.606427,106.0179879,142,Unhealthy for Sensitive Groups,2,14.4,65,0.0,3.6,60,985.6,100,3.7,3.7,541.0,4.3,71.0,11.8
2025-01-09 17:00:00,2025,1,9,17,Cao Bằng,Xã Tam Kim,22.606427,106.0179879,136,Unhealthy for Sensitive Groups,2,14.1,69,0.0,2.9,94,986.0,100,4.5,4.5,553.0,4.8,71.0,11.5
2025-01-09 18:00:00,2025,1,9,18,Cao Bằng,Xã Tam Kim,22.606427,106.0179879,130,Unhealthy for Sensitive Groups,2,13.5,67,0.0,2.9,86,987.0,100,11.5,11.9,567.0,5.3,70.0,11.4
2025-01-09 19:00:00,2025,1,9,19,Cao Bằng,Xã Tam Kim,22.606427,106.0179879,124,Unhealthy for Sensitive Groups,2,13.3,67,0.0,3.5,66,988.4,100,11.5,11.6,568.0,6.1,66.0,11.0
2025-01-09 20:00:00,2025,1,9,20,Cao Bằng,Xã Tam Kim,22.606427,106.0179879,118,Unhealthy for Sensitive Groups,2,13.4,69,0.0,4.1,56,989.6,100,14.7,14.8,543.0,5.6,68.0,10.9
2025-01-09 21:00:00,2025,1,9,21,Cao Bằng,Xã Tam Kim,22.606427,106.0179879,113,Unhealthy for Sensitive Groups,2,13.1,69,0.0,4.9,17,990.4,100,13.7,13.8,504.0,4.9,70.0,10.6
2025-01-09 22:00:00,2025,1,9,22,Cao Bằng,Xã Tam Kim,22.606427,106.0179879,107,Unhealthy for Sensitive Groups,2,12.8,65,0.0,5.8,16,991.1,100,13.4,13.4,471.0,4.3,72.0,10.3
2025-01-09 23:00:00,2025,1,9,23,Cao Bằng,Xã Tam Kim,22.606427,106.0179879,102,Unhealthy for Sensitive Groups,2,12.4,66,0.0,6.0,17,991.6,100,14.1,14.3,451.0,4.0,74.0,9.8
2025-01-10 00:00:00,2025,1,10,0,Cao Bằng,Xã Tam Kim,22.606427,106.0179879,97,Moderate,1,12.1,65,0.0,5.9,23,991.7,100,15.0,15.2,436.0,3.7,75.0,9.1
2025-01-10 01:00:00,2025,1,10,1,Cao Bằng,Xã Tam Kim,22.606427,106.0179879,92,Moderate,1,11.9,67,0.0,5.2,25,991.9,100,15.7,15.9,421.0,3.5,76.0,8.4
2025-01-10 02:00:00,2025,1,10,2,Cao Bằng,Xã Tam Kim,22.606427,106.0179879,87,Moderate,1,11.6,62,0.0,6.0,25,991.7,100,14.6,14.8,399.0,3.2,76.0,7.7
2025-01-10 03:00:00,2025,1,10,3,Cao Bằng,Xã Tam Kim,22.606427,106.0179879,82,Moderate,1,11.4,59,0.0,6.7,20,991.5,100,13.8,14.0,377.0,3.0,76.0,7.1
2025-01-10 04:00:00,2025,1,10,4,Cao Bằng,Xã Tam Kim,22.606427,106.0179879,78,Moderate,1,11.2,57,0.0,6.8,17,991.5,100,13.5,13.8,364.0,2.9,76.0,6.6
2025-01-10 05:00:00,2025,1,10,5,Cao Bằng,Xã Tam Kim,22.606427,106.0179879,73,Moderate,1,10.9,55,0.0,5.7,13,991.9,100,12.3,12.6,369.0,3.1,76.0,6.4
2025-01-10 06:00:00,2025,1,10,6,Cao Bằng,Xã Tam Kim,22.606427,106.0179879,68,Moderate,1,10.7,54,0.0,4.3,15,992.4,100,10.9,11.1,383.0,3.4,75.0,6.4
2025-01-10 07:00:00,2025,1,10,7,Cao Bằng,Xã Tam Kim,22.606427,106.0179879,64,Moderate,1,10.6,54,0.0,4.1,15,993.2,100,16.1,16.5,393.0,3.4,75.0,6.6
2025-01-10 08:00:00,2025,1,10,8,Cao Bằng,Xã Tam Kim,22.606427,106.0179879,60,Moderate,1,11.8,51,0.0,5.7,24,994.4,91,14.2,14.6,394.0,3.3,76.0,6.8
2025-01-10 09:00:00,2025,1,10,9,Cao Bằng,Xã Tam Kim,22.606427,106.0179879,57,Moderate,1,12.1,48,0.0,5.8,22,994.8,80,12.3,12.7,391.0,3.2,77.0,7.1
2025-01-10 10:00:00,2025,1,10,10,Cao Bằng,Xã Tam Kim,22.606427,106.0179879,54,Moderate,1,13.1,46,0.0,7.1,24,994.5,77,10.8,11.1,387.0,3.0,79.0,7.3
2025-01-10 11:00:00,2025,1,10,11,Cao Bằng,Xã Tam Kim,22.606427,106.0179879,52,Moderate,1,14.2,43,0.0,6.7,31,993.6,69,9.7,10.0,383.0,2.7,82.0,7.2
2025-01-10 12:00:00,2025,1,10,12,Cao Bằng,Xã Tam Kim,22.606427,106.0179879,50,Good,0,15.4,41,0.0,5.7,37,991.9,64,9.1,9.3,378.0,2.4,85.0,7.1
2025-01-10 13:00:00,2025,1,10,13,Cao Bằng,Xã Tam Kim,22.606427,106.0179879,48,Good,0,16.3,40,0.0,4.6,51,990.3,70,8.9,9.1,375.0,2.2,87.0,6.9
2025-01-10 14:00:00,2025,1,10,14,Cao Bằng,Xã Tam Kim,22.606427,106.0179879,48,Good,0,16.7,40,0.0,4.1,77,988.9,62,8.9,9.1,370.0,2.1,89.0,6.8
2025-01-10 15:00:00,2025,1,10,15,Cao Bằng,Xã Tam Kim,22.606427,106.0179879,48,Good,0,17.2,40,0.0,4.5,106,988.4,53,9.1,9.3,366.0,2.1,90.0,6.7
2025-01-10 16:00:00,2025,1,10,16,Cao Bằng,Xã Tam Kim,22.606427,106.0179879,49,Good,0,16.9,42,0.0,4.6,108,988.4,38,9.2,9.4,376.0,2.4,89.0,6.7
2025-01-10 17:00:00,2025,1,10,17,Cao Bằng,Xã Tam Kim,22.606427,106.0179879,50,Good,0,15.2,56,0.0,3.9,118,988.8,34,9.4,9.5,414.0,3.4,85.0,6.8
2025-01-10 18:00:00,2025,1,10,18,Cao Bằng,Xã Tam Kim,22.606427,106.0179879,50,Good,0,13.1,59,0.0,3.9,114,989.5,12,10.0,10.2,464.0,4.7,79.0,6.9
2025-01-10 19:00:00,2025,1,10,19,Cao Bằng,Xã Tam Kim,22.606427,106.0179879,50,Good,0,11.5,62,0.0,4.4,122,990.5,3,11.4,11.4,496.0,6.5,70.0,7.2
2025-01-10 20:00:00,2025,1,10,20,Cao Bằng,Xã Tam Kim,22.606427,106.0179879,50,Good,0,10.6,67,0.0,3.9,106,991.6,18,12.5,12.6,489.0,6.6,68.0,7.2
2025-01-10 21:00:00,2025,1,10,21,Cao Bằng,Xã Tam Kim,22.606427,106.0179879,50,Good,0,9.7,70,0.0,3.6,131,992.6,12,13.4,13.5,463.0,6.7,64.0,7.2
2025-01-10 22:00:00,2025,1,10,22,Cao Bằng,Xã Tam Kim,22.606427,106.0179879,50,Good,0,9.0,72,0.0,3.3,158,992.7,18,14.4,14.6,442.0,6.5,63.0,7.4
2025-01-10 23:00:00,2025,1,10,23,Cao Bằng,Xã Tam Kim,22.606427,106.0179879,50,Good,0,8.6,72,0.0,2.4,163,993.0,65,15.6,15.8,438.0,5.6,65.0,7.8
2025-01-11 00:00:00,2025,1,11,0,Cao Bằng,Xã Tam Kim,22.606427,106.0179879,50,Good,0,8.8,72,0.0,1.9,124,993.3,100,16.9,17.3,440.0,4.4,69.0,8.3
2025-01-11 01:00:00,2025,1,11,1,Cao Bằng,Xã Tam Kim,22.606427,106.0179879,50,Good,0,8.9,72,0.0,1.3,146,993.5,100,18.6,19.1,433.0,3.4,72.0,8.7
2025-01-11 02:00:00,2025,1,11,2,Cao Bằng,Xã Tam Kim,22.606427,106.0179879,51,Moderate,1,9.1,72,0.0,0.8,225,993.2,100,19.7,20.3,408.0,2.9,73.0,8.8
2025-01-11 03:00:00,2025,1,11,3,Cao Bằng,Xã Tam Kim,22.606427,106.0179879,51,Moderate,1,9.6,68,0.0,3.3,331,993.4,100,20.5,21.3,375.0,2.6,74.0,8.8
2025-01-11 04:00:00,2025,1,11,4,Cao Bằng,Xã Tam Kim,22.606427,106.0179879,52,Moderate,1,10.2,61,0.0,6.9,345,993.7,100,21.8,22.6,350.0,2.4,74.0,8.8
2025-01-11 05:00:00,2025,1,11,5,Cao Bằng,Xã Tam Kim,22.606427,106.0179879,52,Moderate,1,10.6,50,0.0,7.4,347,994.2,100,22.3,23.2,339.0,2.4,74.0,8.7
2025-01-11 06:00:00,2025,1,11,6,Cao Bằng,Xã Tam Kim,22.606427,106.0179879,53,Moderate,1,10.5,47,0.0,8.0,346,994.9,99,22.7,23.8,336.0,2.4,73.0,8.6
2025-01-11 07:00:00,2025,1,11,7,Cao Bằng,Xã Tam Kim,22.606427,106.0179879,54,Moderate,1,10.4,47,0.0,9.6,347,995.3,100,22.6,23.9,335.0,2.6,72.0,8.8
2025-01-11 08:00:00,2025,1,11,8,Cao Bằng,Xã Tam Kim,22.606427,106.0179879,55,Moderate,1,11.2,50,0.0,11.3,350,997.2,100,24.4,25.8,337.0,2.5,74.0,8.9
2025-01-11 09:00:00,2025,1,11,9,Cao Bằng,Xã Tam Kim,22.606427,106.0179879,56,Moderate,1,11.4,50,0.0,12.9,352,998.3,100,24.3,25.9,340.0,2.2,78.0,9.0
2025-01-11 10:00:00,2025,1,11,10,Cao Bằng,Xã Tam Kim,22.606427,106.0179879,57,Moderate,1,12.4,46,0.0,13.0,354,998.6,100,23.8,25.4,337.0,2.0,83.0,8.9
2025-01-11 11:00:00,2025,1,11,11,Cao Bằng,Xã Tam Kim,22.606427,106.0179879,58,Moderate,1,13.4,42,0.0,14.8,356,997.4,55,22.8,24.4,319.0,1.7,90.0,8.3
2025-01-11 12:00:00,2025,1,11,12,Cao Bằng,Xã Tam Kim,22.606427,106.0179879,59,Moderate,1,14.5,39,0.0,15.3,352,995.5,7,21.6,23.2,294.0,1.3,98.0,7.4
2025-01-11 13:00:00,2025,1,11,13,Cao Bằng,Xã Tam Kim,22.606427,106.0179879,60,Moderate,1,15.5,35,0.0,13.7,355,993.7,6,20.2,21.7,277.0,1.1,104.0,6.7
2025-01-11 14:00:00,2025,1,11,14,Cao Bằng,Xã Tam Kim,22.606427,106.0179879,61,Moderate,1,16.3,32,0.0,12.4,358,992.4,5,18.7,20.0,274.0,0.7,108.0,6.2
2025-01-11 15:00:00,2025,1,11,15,Cao Bằng,Xã Tam Kim,22.606427,106.0179879,62,Moderate,1,16.6,32,0.0,11.9,359,991.5,11,17.3,18.5,278.0,0.4,111.0,5.8
2025-01-11 16:00:00,2025,1,11,16,Cao Bằng,Xã Tam Kim,22.606427,106.0179879,63,Moderate,1,16.3,34,0.0,9.4,358,991.2,4,16.4,17.5,287.0,1.2,109.0,5.6
2025-01-11 17:00:00,2025,1,11,17,Cao Bằng,Xã Tam Kim,22.606427,106.0179879,64,Moderate,1,14.1,48,0.0,5.2,340,991.1,3,16.3,17.2,300.0,4.3,99.0,5.9
2025-01-11 18:00:00,2025,1,11,18,Cao Bằng,Xã Tam Kim,22.606427,106.0179879,64,Moderate,1,11.8,49,0.0,9.5,327,991.3,0,17.9,18.7,318.0,8.5,85.0,6.4
2025-01-11 19:00:00,2025,1,11,19,Cao Bằng,Xã Tam Kim,22.606427,106.0179879,65,Moderate,1,11.1,50,0.0,9.6,339,991.9,0,18.3,19.3,332.0,9.4,73.0,6.3
2025-01-11 20:00:00,2025,1,11,20,Cao Bằng,Xã Tam Kim,22.606427,106.0179879,66,Moderate,1,10.6,53,0.0,8.7,353,993.1,0,19.7,20.7,342.0,9.5,69.0,6.4
2025-01-11 21:00:00,2025,1,11,21,Cao Bằng,Xã Tam Kim,22.606427,106.0179879,66,Moderate,1,8.9,62,0.0,5.1,343,993.3,0,20.0,20.9,348.0,9.7,64.0,6.5
2025-01-11 22:00:00,2025,1,11,22,Cao Bằng,Xã Tam Kim,22.606427,106.0179879,67,Moderate,1,8.0,66,0.0,4.6,318,993.2,0,20.4,21.4,350.0,9.6,60.0,6.4
2025-01-11 23:00:00,2025,1,11,23,Cao Bằng,Xã Tam Kim,22.606427,106.0179879,67,Moderate,1,7.1,69,0.0,6.5,309,992.9,0,20.3,21.2,345.0,9.0,57.0,5.9
2025-01-12 00:00:00,2025,1,12,0,Cao Bằng,Xã Tam Kim,22.606427,106.0179879,68,Moderate,1,6.6,69,0.0,8.1,307,992.4,0,19.6,20.5,335.0,8.0,55.0,5.3
2025-01-12 01:00:00,2025,1,12,1,Cao Bằng,Xã Tam Kim,22.606427,106.0179879,68,Moderate,1,6.2,69,0.0,7.6,308,991.8,0,19.2,20.0,326.0,7.2,53.0,4.7
2025-01-12 02:00:00,2025,1,12,2,Cao Bằng,Xã Tam Kim,22.606427,106.0179879,68,Moderate,1,5.8,70,0.0,6.9,307,991.2,2,18.8,19.7,316.0,6.5,52.0,4.4
2025-01-12 03:00:00,2025,1,12,3,Cao Bằng,Xã Tam Kim,22.606427,106.0179879,68,Moderate,1,5.5,70,0.0,5.7,305,990.5,2,18.7,19.5,306.0,5.8,51.0,4.2
2025-01-12 04:00:00,2025,1,12,4,Cao Bằng,Xã Tam Kim,22.606427,106.0179879,68,Moderate,1,5.2,71,0.0,5.2,304,990.2,0,18.6,19.5,309.0,5.7,50.0,4.1
2025-01-12 05:00:00,2025,1,12,5,Cao Bằng,Xã Tam Kim,22.606427,106.0179879,67,Moderate,1,4.9,71,0.0,4.8,304,990.1,0,18.7,19.6,340.0,6.7,45.0,4.2
2025-01-12 06:00:00,2025,1,12,6,Cao Bằng,Xã Tam Kim,22.606427,106.0179879,67,Moderate,1,4.6,72,0.0,5.2,304,990.3,0,18.9,19.8,384.0,8.1,40.0,4.4
2025-01-12 07:00:00,2025,1,12,7,Cao Bằng,Xã Tam Kim,22.606427,106.0179879,67,Moderate,1,4.7,73,0.0,4.8,297,990.7,0,11.0,11.3,404.0,8.8,43.0,4.8
2025-01-12 08:00:00,2025,1,12,8,Cao Bằng,Xã Tam Kim,22.606427,106.0179879,66,Moderate,1,8.0,65,0.0,5.2,301,992.3,0,11.4,11.7,376.0,6.7,61.0,5.8
2025-01-12 09:00:00,2025,1,12,9,Cao Bằng,Xã Tam Kim,22.606427,106.0179879,65,Moderate,1,11.4,53,0.0,2.9,292,992.9,0,8.1,8.7,324.0,3.9,86.0,7.1
2025-01-12 10:00:00,2025,1,12,10,Cao Bằng,Xã Tam Kim,22.606427,106.0179879,63,Moderate,1,14.3,40,0.0,2.3,270,992.6,0,8.5,9.3,285.0,1.7,105.0,8.0
2025-01-12 11:00:00,2025,1,12,11,Cao Bằng,Xã Tam Kim,22.606427,106.0179879,62,Moderate,1,16.1,35,0.0,1.3,214,991.5,28,8.9,9.8,273.0,0.9,113.0,7.9
2025-01-12 12:00:00,2025,1,12,12,Cao Bằng,Xã Tam Kim,22.606427,106.0179879,61,Moderate,1,17.3,33,0.0,3.2,183,990.1,46,9.3,10.2,275.0,0.9,115.0,7.3
2025-01-12 13:00:00,2025,1,12,13,Cao Bằng,Xã Tam Kim,22.606427,106.0179879,60,Moderate,1,17.9,31,0.0,4.5,175,988.2,52,10.0,10.9,279.0,1.0,117.0,6.9
2025-01-12 14:00:00,2025,1,12,14,Cao Bằng,Xã Tam Kim,22.606427,106.0179879,59,Moderate,1,18.3,30,0.0,5.0,161,986.5,7,10.7,11.6,285.0,0.7,121.0,6.8
2025-01-12 15:00:00,2025,1,12,15,Cao Bằng,Xã Tam Kim,22.606427,106.0179879,58,Moderate,1,18.4,29,0.0,7.0,148,985.4,0,11.5,12.3,294.0,0.5,123.0,6.7
2025-01-12 16:00:00,2025,1,12,16,Cao Bằng,Xã Tam Kim,22.606427,106.0179879,57,Moderate,1,17.6,31,0.0,8.5,144,985.2,0,12.3,13.0,304.0,1.6,121.0,6.9
2025-01-12 17:00:00,2025,1,12,17,Cao Bằng,Xã Tam Kim,22.606427,106.0179879,58,Moderate,1,14.8,46,0.0,6.0,147,985.0,0,13.4,14.0,316.0,5.0,110.0,7.3
2025-01-12 18:00:00,2025,1,12,18,Cao Bằng,Xã Tam Kim,22.606427,106.0179879,63,Moderate,1,11.8,52,0.0,7.8,176,984.9,0,15.9,16.6,329.0,9.7,95.0,7.9
2025-01-12 19:00:00,2025,1,12,19,Cao Bằng,Xã Tam Kim,22.606427,106.0179879,61,Moderate,1,10.3,59,0.0,5.4,201,985.3,0,16.6,17.2,337.0,13.9,78.0,8.9
2025-01-12 20:00:00,2025,1,12,20,Cao Bằng,Xã Tam Kim,22.606427,106.0179879,56,Moderate,1,9.9,61,0.0,3.1,234,985.9,0,19.5,20.1,337.0,15.1,75.0,9.6
2025-01-12 21:00:00,2025,1,12,21,Cao Bằng,Xã Tam Kim,22.606427,106.0179879,56,Moderate,1,9.1,63,0.0,1.6,264,986.6,0,21.7,22.4,332.0,16.7,70.0,10.5
2025-01-12 22:00:00,2025,1,12,22,Cao Bằng,Xã Tam Kim,22.606427,106.0179879,57,Moderate,1,8.5,62,0.0,1.2,243,986.9,0,23.5,24.2,323.0,17.7,67.0,11.1
2025-01-12 23:00:00,2025,1,12,23,Cao Bằng,Xã Tam Kim,22.606427,106.0179879,57,Moderate,1,8.2,61,0.0,1.5,234,986.9,0,25.0,25.8,308.0,17.5,67.0,11.2
2025-01-13 00:00:00,2025,1,13,0,Cao Bằng,Xã Tam Kim,22.606427,106.0179879,57,Moderate,1,7.6,61,0.0,1.3,236,986.3,0,25.8,26.6,288.0,16.7,68.0,11.1
2025-01-13 01:00:00,2025,1,13,1,Cao Bằng,Xã Tam Kim,22.606427,106.0179879,58,Moderate,1,7.3,60,0.0,0.2,270,985.8,0,26.5,27.4,276.0,15.7,70.0,10.9
2025-01-13 02:00:00,2025,1,13,2,Cao Bằng,Xã Tam Kim,22.606427,106.0179879,58,Moderate,1,7.2,60,0.0,0.3,225,985.3,0,27.2,28.1,272.0,14.5,71.0,10.6
2025-01-13 03:00:00,2025,1,13,3,Cao Bằng,Xã Tam Kim,22.606427,106.0179879,59,Moderate,1,7.0,60,0.0,0.0,270,984.8,0,28.0,28.8,275.0,13.1,72.0,10.4
2025-01-13 04:00:00,2025,1,13,4,Cao Bằng,Xã Tam Kim,22.606427,106.0179879,60,Moderate,1,6.8,60,0.0,0.4,270,984.3,0,28.6,29.5,289.0,12.4,73.0,10.3
2025-01-13 05:00:00,2025,1,13,5,Cao Bằng,Xã Tam Kim,22.606427,106.0179879,61,Moderate,1,6.8,60,0.0,0.2,270,984.3,0,29.2,30.0,327.0,13.4,71.0,10.3
2025-01-13 06:00:00,2025,1,13,6,Cao Bằng,Xã Tam Kim,22.606427,106.0179879,62,Moderate,1,6.7,60,0.0,0.0,270,985.0,0,29.9,30.9,376.0,15.2,69.0,10.6
2025-01-13 07:00:00,2025,1,13,7,Cao Bằng,Xã Tam Kim,22.606427,106.0179879,63,Moderate,1,6.8,61,0.0,0.2,180,985.7,0,25.2,25.8,405.0,16.9,77.0,12.9
2025-01-13 08:00:00,2025,1,13,8,Cao Bằng,Xã Tam Kim,22.606427,106.0179879,64,Moderate,1,9.4,55,0.0,1.0,68,987.2,21,27.9,28.5,394.0,13.0,88.0,16.4
2025-01-13 09:00:00,2025,1,13,9,Cao Bằng,Xã Tam Kim,22.606427,106.0179879,66,Moderate,1,11.7,49,0.0,3.6,57,988.0,0,24.7,25.2,362.0,7.6,103.0,21.2
2025-01-13 10:00:00,2025,1,13,10,Cao Bằng,Xã Tam Kim,22.606427,106.0179879,67,Moderate,1,14.4,43,0.0,5.2,78,988.2,0,26.7,27.2,334.0,3.5,117.0,24.6
2025-01-13 11:00:00,2025,1,13,11,Cao Bằng,Xã Tam Kim,22.606427,106.0179879,69,Moderate,1,16.7,39,0.0,6.7,110,986.9,0,25.4,25.8,319.0,2.0,127.0,25.3
2025-01-13 12:00:00,2025,1,13,12,Cao Bằng,Xã Tam Kim,22.606427,106.0179879,70,Moderate,1,18.5,32,0.0,6.9,133,985.4,0,25.4,25.8,308.0,1.8,134.0,24.5
2025-01-13 13:00:00,2025,1,13,13,Cao Bằng,Xã Tam Kim,22.606427,106.0179879,72,Moderate,1,19.4,28,0.0,6.9,141,983.7,0,25.2,25.7,301.0,1.9,140.0,23.5
2025-01-13 14:00:00,2025,1,13,14,Cao Bằng,Xã Tam Kim,22.606427,106.0179879,73,Moderate,1,19.9,29,0.0,7.2,148,982.3,0,25.1,25.7,295.0,1.4,145.0,22.5
2025-01-13 15:00:00,2025,1,13,15,Cao Bằng,Xã Tam Kim,22.606427,106.0179879,74,Moderate,1,19.9,31,0.0,6.7,153,981.4,0,25.3,25.8,294.0,1.2,148.0,21.3
2025-01-13 16:00:00,2025,1,13,16,Cao Bằng,Xã Tam Kim,22.606427,106.0179879,80,Moderate,1,19.2,34,0.0,6.0,159,980.9,0,26.0,26.4,309.0,2.4,145.0,20.3
2025-01-13 17:00:00,2025,1,13,17,Cao Bằng,Xã Tam Kim,22.606427,106.0179879,92,Moderate,1,15.9,53,0.0,5.1,153,980.5,0,27.4,27.8,357.0,6.1,132.0,19.7
2025-01-13 18:00:00,2025,1,13,18,Cao Bằng,Xã Tam Kim,22.606427,106.0179879,98,Moderate,1,12.2,64,0.0,5.6,195,980.7,0,31.8,32.2,422.0,11.3,114.0,19.3
2025-01-13 19:00:00,2025,1,13,19,Cao Bằng,Xã Tam Kim,22.606427,106.0179879,97,Moderate,1,10.1,74,0.0,6.0,219,981.1,0,35.6,36.0,467.0,13.2,95.0,18.9
2025-01-13 20:00:00,2025,1,13,20,Cao Bằng,Xã Tam Kim,22.606427,106.0179879,91,Moderate,1,10.0,74,0.0,4.6,219,981.5,0,40.0,40.5,473.0,14.9,89.0,19.3
2025-01-13 21:00:00,2025,1,13,21,Cao Bằng,Xã Tam Kim,22.606427,106.0179879,83,Moderate,1,9.2,76,0.0,3.4,227,981.9,0,43.3,43.7,458.0,17.2,81.0,19.9
2025-01-13 22:00:00,2025,1,13,22,Cao Bằng,Xã Tam Kim,22.606427,106.0179879,85,Moderate,1,8.5,78,0.0,2.3,252,982.3,0,45.9,46.3,442.0,18.7,75.0,20.1
2025-01-13 23:00:00,2025,1,13,23,Cao Bằng,Xã Tam Kim,22.606427,106.0179879,87,Moderate,1,7.6,81,0.0,1.8,264,982.5,0,47.7,48.2,428.0,18.7,72.0,19.6
2025-01-14 00:00:00,2025,1,14,0,Cao Bằng,Xã Tam Kim,22.606427,106.0179879,89,Moderate,1,6.9,83,0.0,1.3,270,982.6,0,48.8,49.1,412.0,17.9,71.0,18.8
2025-01-14 01:00:00,2025,1,14,1,Cao Bằng,Xã Tam Kim,22.606427,106.0179879,91,Moderate,1,6.5,83,0.0,0.9,270,982.5,0,49.7,50.2,400.0,17.0,71.0,18.1
2025-01-14 02:00:00,2025,1,14,2,Cao Bằng,Xã Tam Kim,22.606427,106.0179879,93,Moderate,1,6.2,83,0.0,1.1,288,982.5,0,50.8,51.1,390.0,15.8,72.0,17.7
2025-01-14 03:00:00,2025,1,14,3,Cao Bằng,Xã Tam Kim,22.606427,106.0179879,95,Moderate,1,5.7,84,0.0,2.4,297,982.1,0,51.7,52.0,384.0,14.4,73.0,17.3
2025-01-14 04:00:00,2025,1,14,4,Cao Bằng,Xã Tam Kim,22.606427,106.0179879,97,Moderate,1,5.5,86,0.0,2.2,284,982.0,0,52.4,52.7,390.0,13.8,74.0,17.4
2025-01-14 05:00:00,2025,1,14,5,Cao Bằng,Xã Tam Kim,22.606427,106.0179879,99,Moderate,1,5.3,87,0.0,1.8,270,982.2,0,53.2,53.6,423.0,15.3,72.0,18.2
2025-01-14 06:00:00,2025,1,14,6,Cao Bằng,Xã Tam Kim,22.606427,106.0179879,101,Unhealthy for Sensitive Groups,2,5.1,88,0.0,0.6,252,982.8,0,54.4,54.8,469.0,17.6,70.0,19.4
2025-01-14 07:00:00,2025,1,14,7,Cao Bằng,Xã Tam Kim,22.606427,106.0179879,104,Unhealthy for Sensitive Groups,2,6.0,86,0.0,0.8,243,983.6,0,45.4,45.8,488.0,15.8,80.0,19.9
2025-01-14 08:00:00,2025,1,14,8,Cao Bằng,Xã Tam Kim,22.606427,106.0179879,106,Unhealthy for Sensitive Groups,2,9.3,76,0.0,1.8,315,985.9,5,47.8,48.1,457.0,11.8,92.0,18.9
2025-01-14 09:00:00,2025,1,14,9,Cao Bằng,Xã Tam Kim,22.606427,106.0179879,108,Unhealthy for Sensitive Groups,2,12.6,66,0.0,3.0,52,986.8,3,34.5,35.2,400.0,6.4,109.0,17.3
2025-01-14 10:00:00,2025,1,14,10,Cao Bằng,Xã Tam Kim,22.606427,106.0179879,109,Unhealthy for Sensitive Groups,2,15.6,60,0.0,4.3,66,986.8,0,19.8,20.6,348.0,2.3,122.0,15.5
2025-01-14 11:00:00,2025,1,14,11,Cao Bằng,Xã Tam Kim,22.606427,106.0179879,108,Unhealthy for Sensitive Groups,2,18.2,51,0.0,3.7,76,985.9,0,14.6,15.3,312.0,0.9,127.0,13.2
2025-01-14 12:00:00,2025,1,14,12,Cao Bằng,Xã Tam Kim,22.606427,106.0179879,107,Unhealthy for Sensitive Groups,2,20.3,48,0.0,3.5,111,984.9,0,13.8,14.4,281.0,0.9,128.0,10.6
2025-01-14 13:00:00,2025,1,14,13,Cao Bằng,Xã Tam Kim,22.606427,106.0179879,106,Unhealthy for Sensitive Groups,2,21.6,48,0.0,4.1,146,983.6,9,13.7,14.3,260.0,1.1,129.0,8.5
2025-01-14 14:00:00,2025,1,14,14,Cao Bằng,Xã Tam Kim,22.606427,106.0179879,105,Unhealthy for Sensitive Groups,2,22.5,43,0.0,5.4,178,982.8,22,14.1,14.6,244.0,0.4,131.0,7.1
2025-01-14 15:00:00,2025,1,14,15,Cao Bằng,Xã Tam Kim,22.606427,106.0179879,104,Unhealthy for Sensitive Groups,2,22.4,43,0.0,3.1,193,982.2,17,14.3,14.8,238.0,0.0,133.0,6.2
2025-01-14 16:00:00,2025,1,14,16,Cao Bằng,Xã Tam Kim,22.606427,106.0179879,103,Unhealthy for Sensitive Groups,2,22.0,46,0.0,3.5,339,982.1,4,14.6,15.1,261.0,1.6,129.0,6.0
2025-01-14 17:00:00,2025,1,14,17,Cao Bằng,Xã Tam Kim,22.606427,106.0179879,101,Unhealthy for Sensitive Groups,2,19.4,61,0.0,2.7,23,982.3,12,16.1,16.5,342.0,7.5,116.0,6.7
2025-01-14 18:00:00,2025,1,14,18,Cao Bằng,Xã Tam Kim,22.606427,106.0179879,100,Moderate,1,16.2,70,0.0,4.3,73,983.5,9,21.1,21.6,452.0,15.7,99.0,8.1
2025-01-14 19:00:00,2025,1,14,19,Cao Bằng,Xã Tam Kim,22.606427,106.0179879,99,Moderate,1,15.1,75,0.0,1.4,23,985.0,14,24.4,24.9,524.0,22.3,76.0,10.1
2025-01-14 20:00:00,2025,1,14,20,Cao Bằng,Xã Tam Kim,22.606427,106.0179879,98,Moderate,1,15.5,71,0.0,0.6,304,985.5,26,27.8,28.2,524.0,23.7,67.0,10.5
2025-01-14 21:00:00,2025,1,14,21,Cao Bằng,Xã Tam Kim,22.606427,106.0179879,97,Moderate,1,14.5,74,0.0,1.7,288,986.3,43,30.5,31.0,487.0,25.5,54.0,11.0
2025-01-14 22:00:00,2025,1,14,22,Cao Bằng,Xã Tam Kim,22.606427,106.0179879,96,Moderate,1,14.1,77,0.0,4.2,301,987.2,96,32.5,32.9,446.0,26.0,44.0,10.9
2025-01-14 23:00:00,2025,1,14,23,Cao Bằng,Xã Tam Kim,22.606427,106.0179879,95,Moderate,1,13.8,80,0.0,4.5,304,987.6,64,33.5,33.9,406.0,24.5,38.0,9.6
2025-01-15 00:00:00,2025,1,15,0,Cao Bằng,Xã Tam Kim,22.606427,106.0179879,94,Moderate,1,13.5,83,0.0,4.0,302,987.7,11,33.8,34.2,362.0,21.7,35.0,7.7
2025-01-15 01:00:00,2025,1,15,1,Cao Bằng,Xã Tam Kim,22.606427,106.0179879,92,Moderate,1,12.7,86,0.0,4.4,305,987.7,57,34.5,34.8,340.0,18.6,35.0,6.7
2025-01-15 02:00:00,2025,1,15,2,Cao Bằng,Xã Tam Kim,22.606427,106.0179879,91,Moderate,1,13.4,85,0.0,7.6,317,987.6,100,34.9,35.3,355.0,14.9,40.0,7.2
2025-01-15 03:00:00,2025,1,15,3,Cao Bằng,Xã Tam Kim,22.606427,106.0179879,89,Moderate,1,13.2,88,0.0,9.0,314,987.7,100,36.7,36.9,390.0,10.9,49.0,8.5
2025-01-15 04:00:00,2025,1,15,4,Cao Bằng,Xã Tam Kim,22.606427,106.0179879,88,Moderate,1,13.5,83,0.1,10.1,297,987.9,100,39.0,39.2,423.0,7.9,56.0,10.0
2025-01-15 05:00:00,2025,1,15,5,Cao Bằng,Xã Tam Kim,22.606427,106.0179879,87,Moderate,1,13.7,68,0.0,9.3,306,988.4,100,40.9,41.1,447.0,6.7,57.0,11.4
2025-01-15 06:00:00,2025,1,15,6,Cao Bằng,Xã Tam Kim,22.606427,106.0179879,86,Moderate,1,13.0,62,0.0,9.0,305,989.3,100,41.9,42.0,468.0,6.5,57.0,13.0
2025-01-15 07:00:00,2025,1,15,7,Cao Bằng,Xã Tam Kim,22.606427,106.0179879,85,Moderate,1,12.7,60,0.0,9.4,308,990.1,71,43.0,43.1,481.0,5.0,67.0,16.1
2025-01-15 08:00:00,2025,1,15,8,Cao Bằng,Xã Tam Kim,22.606427,106.0179879,85,Moderate,1,14.5,62,0.0,8.3,314,991.2,64,42.4,42.5,482.0,4.4,73.0,16.7
2025-01-15 09:00:00,2025,1,15,9,Cao Bằng,Xã Tam Kim,22.606427,106.0179879,84,Moderate,1,16.0,51,0.0,10.2,337,992.0,48,41.8,42.0,473.0,3.6,81.0,17.4
2025-01-15 10:00:00,2025,1,15,10,Cao Bằng,Xã Tam Kim,22.606427,106.0179879,85,Moderate,1,17.5,47,0.0,9.4,2,992.3,35,43.0,43.1,460.0,2.8,90.0,17.7
2025-01-15 11:00:00,2025,1,15,11,Cao Bằng,Xã Tam Kim,22.606427,106.0179879,87,Moderate,1,19.0,41,0.0,9.3,19,991.4,26,44.7,44.9,438.0,2.2,101.0,17.3
2025-01-15 12:00:00,2025,1,15,12,Cao Bằng,Xã Tam Kim,22.606427,106.0179879,89,Moderate,1,20.3,37,0.0,8.1,35,989.7,18,46.0,46.3,411.0,1.7,112.0,16.4
2025-01-15 13:00:00,2025,1,15,13,Cao Bằng,Xã Tam Kim,22.606427,106.0179879,92,Moderate,1,20.7,39,0.0,7.4,49,988.1,9,46.8,47.0,392.0,1.4,121.0,15.6
2025-01-15 14:00:00,2025,1,15,14,Cao Bằng,Xã Tam Kim,22.606427,106.0179879,95,Moderate,1,21.4,35,0.0,5.9,63,987.0,9,46.8,47.1,385.0,0.9,127.0,15.0
2025-01-15 15:00:00,2025,1,15,15,Cao Bằng,Xã Tam Kim,22.606427,106.0179879,98,Moderate,1,21.7,35,0.0,5.2,78,986.4,8,46.9,47.3,386.0,0.7,130.0,14.4
2025-01-15 16:00:00,2025,1,15,16,Cao Bằng,Xã Tam Kim,22.606427,106.0179879,101,Unhealthy for Sensitive Groups,2,21.1,37,0.0,4.5,88,986.0,19,47.3,47.6,395.0,1.7,128.0,14.0
2025-01-15 17:00:00,2025,1,15,17,Cao Bằng,Xã Tam Kim,22.606427,106.0179879,105,Unhealthy for Sensitive Groups,2,18.0,50,0.0,6.9,127,986.0,5,48.2,48.5,417.0,5.1,116.0,13.7
2025-01-15 18:00:00,2025,1,15,18,Cao Bằng,Xã Tam Kim,22.606427,106.0179879,108,Unhealthy for Sensitive Groups,2,15.2,55,0.0,7.7,143,986.9,23,51.5,51.7,446.0,9.8,98.0,13.5
2025-01-15 19:00:00,2025,1,15,19,Cao Bằng,Xã Tam Kim,22.606427,106.0179879,111,Unhealthy for Sensitive Groups,2,14.9,55,0.0,2.2,156,988.0,32,48.0,48.2,466.0,13.3,74.0,12.3
2025-01-15 20:00:00,2025,1,15,20,Cao Bằng,Xã Tam Kim,22.606427,106.0179879,114,Unhealthy for Sensitive Groups,2,15.4,54,0.0,1.1,270,988.9,32,51.3,51.7,465.0,14.9,68.0,12.7
2025-01-15 21:00:00,2025,1,15,21,Cao Bằng,Xã Tam Kim,22.606427,106.0179879,116,Unhealthy for Sensitive Groups,2,14.7,56,0.0,2.7,274,989.2,28,53.6,53.8,454.0,17.2,59.0,13.3
2025-01-15 22:00:00,2025,1,15,22,Cao Bằng,Xã Tam Kim,22.606427,106.0179879,118,Unhealthy for Sensitive Groups,2,13.7,59,0.0,0.6,34,989.5,28,56.2,56.6,447.0,18.7,50.0,13.3
2025-01-15 23:00:00,2025,1,15,23,Cao Bằng,Xã Tam Kim,22.606427,106.0179879,121,Unhealthy for Sensitive Groups,2,12.1,67,0.0,0.4,27,989.4,20,58.0,58.2,448.0,19.1,43.0,12.3
2025-01-16 00:00:00,2025,1,16,0,Cao Bằng,Xã Tam Kim,22.606427,106.0179879,123,Unhealthy for Sensitive Groups,2,11.0,71,0.0,2.7,293,989.4,10,58.1,58.4,453.0,18.8,36.0,10.7
2025-01-16 01:00:00,2025,1,16,1,Cao Bằng,Xã Tam Kim,22.606427,106.0179879,126,Unhealthy for Sensitive Groups,2,10.4,72,0.0,2.3,293,989.3,20,57.5,57.7,458.0,17.9,31.0,9.3
2025-01-16 02:00:00,2025,1,16,2,Cao Bằng,Xã Tam Kim,22.606427,106.0179879,128,Unhealthy for Sensitive Groups,2,9.8,74,0.0,2.2,312,989.2,21,56.1,56.5,459.0,16.1,29.0,8.2
2025-01-16 03:00:00,2025,1,16,3,Cao Bằng,Xã Tam Kim,22.606427,106.0179879,131,Unhealthy for Sensitive Groups,2,9.0,77,0.0,3.0,284,989.1,12,54.2,54.6,460.0,13.8,28.0,7.3
2025-01-16 04:00:00,2025,1,16,4,Cao Bằng,Xã Tam Kim,22.606427,106.0179879,132,Unhealthy for Sensitive Groups,2,8.3,79,0.0,4.0,288,988.9,5,52.2,52.5,469.0,12.2,28.0,6.8
2025-01-16 05:00:00,2025,1,16,5,Cao Bằng,Xã Tam Kim,22.606427,106.0179879,134,Unhealthy for Sensitive Groups,2,7.7,84,0.0,6.3,297,989.1,6,50.4,50.8,501.0,12.3,25.0,6.7
2025-01-16 06:00:00,2025,1,16,6,Cao Bằng,Xã Tam Kim,22.606427,106.0179879,135,Unhealthy for Sensitive Groups,2,8.2,81,0.0,4.8,295,990.0,4,49.6,49.9,541.0,13.0,22.0,7.1
2025-01-16 07:00:00,2025,1,16,7,Cao Bằng,Xã Tam Kim,22.606427,106.0179879,136,Unhealthy for Sensitive Groups,2,7.5,83,0.0,3.5,294,990.6,14,59.1,59.6,558.0,13.7,24.0,7.9
2025-01-16 08:00:00,2025,1,16,8,Cao Bằng,Xã Tam Kim,22.606427,106.0179879,137,Unhealthy for Sensitive Groups,2,11.1,74,0.0,3.5,305,991.7,10,58.0,58.4,529.0,10.3,48.0,11.2
2025-01-16 09:00:00,2025,1,16,9,Cao Bằng,Xã Tam Kim,22.606427,106.0179879,139,Unhealthy for Sensitive Groups,2,14.2,59,0.0,2.7,298,992.5,19,53.6,54.8,477.0,5.7,80.0,15.7
2025-01-16 10:00:00,2025,1,16,10,Cao Bằng,Xã Tam Kim,22.606427,106.0179879,140,Unhealthy for Sensitive Groups,2,16.6,44,0.0,3.2,326,992.2,22,52.4,53.9,436.0,2.2,105.0,18.5
2025-01-16 11:00:00,2025,1,16,11,Cao Bằng,Xã Tam Kim,22.606427,106.0179879,141,Unhealthy for Sensitive Groups,2,18.3,40,0.0,2.2,346,991.0,24,51.7,53.2,422.0,1.0,115.0,18.2
2025-01-16 12:00:00,2025,1,16,12,Cao Bằng,Xã Tam Kim,22.606427,106.0179879,142,Unhealthy for Sensitive Groups,2,19.5,38,0.0,1.3,286,989.4,22,51.2,52.9,418.0,1.0,117.0,16.2
2025-01-16 13:00:00,2025,1,16,13,Cao Bằng,Xã Tam Kim,22.606427,106.0179879,142,Unhealthy for Sensitive Groups,2,20.3,37,0.0,2.7,250,987.5,10,50.9,52.4,414.0,1.2,118.0,14.4
2025-01-16 14:00:00,2025,1,16,14,Cao Bằng,Xã Tam Kim,22.606427,106.0179879,143,Unhealthy for Sensitive Groups,2,20.7,36,0.0,6.9,239,986.1,2,50.2,51.6,402.0,0.5,121.0,13.3
2025-01-16 15:00:00,2025,1,16,15,Cao Bằng,Xã Tam Kim,22.606427,106.0179879,143,Unhealthy for Sensitive Groups,2,20.0,37,0.0,10.2,238,985.2,13,49.2,50.6,388.0,0.0,124.0,12.4
2025-01-16 16:00:00,2025,1,16,16,Cao Bằng,Xã Tam Kim,22.606427,106.0179879,143,Unhealthy for Sensitive Groups,2,19.5,39,0.0,6.9,225,984.6,22,48.1,49.5,385.0,1.7,120.0,12.1
2025-01-16 17:00:00,2025,1,16,17,Cao Bằng,Xã Tam Kim,22.606427,106.0179879,143,Unhealthy for Sensitive Groups,2,17.6,55,0.0,4.2,168,984.4,26,49.8,51.0,399.0,8.0,106.0,12.6
2025-01-16 18:00:00,2025,1,16,18,Cao Bằng,Xã Tam Kim,22.606427,106.0179879,144,Unhealthy for Sensitive Groups,2,14.7,61,0.0,6.9,189,984.6,15,54.5,55.8,422.0,16.6,87.0,13.7
2025-01-16 19:00:00,2025,1,16,19,Cao Bằng,Xã Tam Kim,22.606427,106.0179879,144,Unhealthy for Sensitive Groups,2,13.8,64,0.0,5.7,204,985.3,13,56.6,57.6,443.0,22.1,70.0,15.2
2025-01-16 20:00:00,2025,1,16,20,Cao Bằng,Xã Tam Kim,22.606427,106.0179879,145,Unhealthy for Sensitive Groups,2,13.4,68,0.0,2.7,203,986.1,12,59.8,60.8,460.0,22.7,64.0,15.2
2025-01-16 21:00:00,2025,1,16,21,Cao Bằng,Xã Tam Kim,22.606427,106.0179879,146,Unhealthy for Sensitive Groups,2,12.6,71,0.0,1.9,221,986.6,9,61.5,62.4,474.0,23.4,55.0,15.2
2025-01-16 22:00:00,2025,1,16,22,Cao Bằng,Xã Tam Kim,22.606427,106.0179879,147,Unhealthy for Sensitive Groups,2,12.1,71,0.0,3.2,254,986.9,3,62.9,63.8,479.0,23.6,49.0,15.0
2025-01-16 23:00:00,2025,1,16,23,Cao Bằng,Xã Tam Kim,22.606427,106.0179879,147,Unhealthy for Sensitive Groups,2,11.6,69,0.0,2.2,235,987.0,0,63.8,65.0,468.0,23.0,47.0,14.6
2025-01-17 00:00:00,2025,1,17,0,Cao Bằng,Xã Tam Kim,22.606427,106.0179879,148,Unhealthy for Sensitive Groups,2,10.8,71,0.0,1.4,220,986.6,0,64.0,65.0,448.0,21.9,46.0,14.0
2025-01-17 01:00:00,2025,1,17,1,Cao Bằng,Xã Tam Kim,22.606427,106.0179879,148,Unhealthy for Sensitive Groups,2,10.0,73,0.0,1.2,243,986.4,0,63.8,64.7,429.0,20.5,47.0,13.5
2025-01-17 02:00:00,2025,1,17,2,Cao Bằng,Xã Tam Kim,22.606427,106.0179879,149,Unhealthy for Sensitive Groups,2,9.5,73,0.0,1.3,262,986.2,7,63.3,64.3,411.0,18.7,49.0,13.2
2025-01-17 03:00:00,2025,1,17,3,Cao Bằng,Xã Tam Kim,22.606427,106.0179879,150,Unhealthy for Sensitive Groups,2,9.2,73,0.0,1.7,238,985.7,17,62.6,63.6,396.0,16.6,51.0,12.9
2025-01-17 04:00:00,2025,1,17,4,Cao Bằng,Xã Tam Kim,22.606427,106.0179879,150,Unhealthy for Sensitive Groups,2,9.0,72,0.0,2.7,217,985.5,18,61.7,62.9,396.0,15.2,53.0,13.0
2025-01-17 05:00:00,2025,1,17,5,Cao Bằng,Xã Tam Kim,22.606427,106.0179879,150,Unhealthy for Sensitive Groups,2,8.8,71,0.0,2.7,217,985.6,13,60.8,61.7,430.0,15.7,52.0,13.7
2025-01-17 06:00:00,2025,1,17,6,Cao Bằng,Xã Tam Kim,22.606427,106.0179879,151,Unhealthy,3,8.4,72,0.0,2.3,219,985.9,14,60.1,61.0,479.0,17.0,50.0,14.8
2025-01-17 07:00:00,2025,1,17,7,Cao Bằng,Xã Tam Kim,22.606427,106.0179879,151,Unhealthy,3,8.4,73,0.0,2.1,218,986.3,17,59.6,60.5,508.0,17.6,55.0,15.4
2025-01-17 08:00:00,2025,1,17,8,Cao Bằng,Xã Tam Kim,22.606427,106.0179879,151,Unhealthy,3,10.9,68,0.0,1.3,214,987.8,8,59.1,59.8,493.0,13.1,71.0,14.9
2025-01-17 09:00:00,2025,1,17,9,Cao Bằng,Xã Tam Kim,22.606427,106.0179879,151,Unhealthy,3,13.7,55,0.0,1.4,293,988.3,2,35.6,36.4,456.0,7.0,94.0,14.1
2025-01-17 10:00:00,2025,1,17,10,Cao Bằng,Xã Tam Kim,22.606427,106.0179879,150,Unhealthy for Sensitive Groups,2,15.6,45,0.0,1.8,156,987.9,0,27.8,28.6,429.0,2.4,112.0,13.2
2025-01-17 11:00:00,2025,1,17,11,Cao Bằng,Xã Tam Kim,22.606427,106.0179879,150,Unhealthy for Sensitive Groups,2,17.1,42,0.0,4.2,140,986.8,0,26.8,27.5,425.0,1.0,121.0,12.1
2025-01-17 12:00:00,2025,1,17,12,Cao Bằng,Xã Tam Kim,22.606427,106.0179879,147,Unhealthy for Sensitive Groups,2,18.4,39,0.0,5.1,126,985.3,0,27.2,27.9,430.0,1.1,126.0,10.8
2025-01-17 13:00:00,2025,1,17,13,Cao Bằng,Xã Tam Kim,22.606427,106.0179879,145,Unhealthy for Sensitive Groups,2,19.6,37,0.0,6.6,131,983.2,0,28.3,29.0,434.0,1.4,129.0,9.9
2025-01-17 14:00:00,2025,1,17,14,Cao Bằng,Xã Tam Kim,22.606427,106.0179879,142,Unhealthy for Sensitive Groups,2,20.3,36,0.0,8.0,140,981.6,1,29.3,30.0,429.0,1.0,134.0,9.5
2025-01-17 15:00:00,2025,1,17,15,Cao Bằng,Xã Tam Kim,22.606427,106.0179879,140,Unhealthy for Sensitive Groups,2,20.6,36,0.0,9.3,148,980.3,5,30.2,30.7,422.0,0.8,138.0,9.4
2025-01-17 16:00:00,2025,1,17,16,Cao Bằng,Xã Tam Kim,22.606427,106.0179879,138,Unhealthy for Sensitive Groups,2,20.1,38,0.0,8.4,149,979.7,4,30.9,31.5,424.0,1.9,136.0,9.6
2025-01-17 17:00:00,2025,1,17,17,Cao Bằng,Xã Tam Kim,22.606427,106.0179879,136,Unhealthy for Sensitive Groups,2,17.6,50,0.0,6.6,133,979.1,0,32.8,33.4,444.0,5.4,125.0,10.2
2025-01-17 18:00:00,2025,1,17,18,Cao Bằng,Xã Tam Kim,22.606427,106.0179879,134,Unhealthy for Sensitive Groups,2,13.8,64,0.0,4.7,184,978.8,0,36.4,36.9,474.0,10.2,109.0,11.2
2025-01-17 19:00:00,2025,1,17,19,Cao Bằng,Xã Tam Kim,22.606427,106.0179879,133,Unhealthy for Sensitive Groups,2,12.0,72,0.0,3.7,219,979.5,0,38.9,39.5,494.0,10.9,93.0,12.1
2025-01-17 20:00:00,2025,1,17,20,Cao Bằng,Xã Tam Kim,22.606427,106.0179879,131,Unhealthy for Sensitive Groups,2,12.2,69,0.0,5.9,203,979.6,0,44.2,44.9,494.0,12.1,91.0,13.4
2025-01-17 21:00:00,2025,1,17,21,Cao Bằng,Xã Tam Kim,22.606427,106.0179879,129,Unhealthy for Sensitive Groups,2,11.7,69,0.0,3.8,172,980.0,0,49.4,50.1,485.0,13.8,89.0,15.1
2025-01-17 22:00:00,2025,1,17,22,Cao Bằng,Xã Tam Kim,22.606427,106.0179879,128,Unhealthy for Sensitive Groups,2,10.7,73,0.0,3.3,189,980.4,0,54.5,55.2,483.0,14.8,87.0,16.5
2025-01-17 23:00:00,2025,1,17,23,Cao Bằng,Xã Tam Kim,22.606427,106.0179879,127,Unhealthy for Sensitive Groups,2,9.9,77,0.0,3.1,177,980.6,0,59.0,59.8,497.0,14.5,85.0,17.0
2025-01-18 00:00:00,2025,1,18,0,Cao Bằng,Xã Tam Kim,22.606427,106.0179879,126,Unhealthy for Sensitive Groups,2,9.4,80,0.0,1.6,180,981.1,0,62.4,63.1,519.0,13.6,84.0,17.1
2025-01-18 01:00:00,2025,1,18,1,Cao Bằng,Xã Tam Kim,22.606427,106.0179879,126,Unhealthy for Sensitive Groups,2,9.0,82,0.0,0.4,270,981.1,0,65.4,66.1,535.0,12.8,82.0,17.3
2025-01-18 02:00:00,2025,1,18,2,Cao Bằng,Xã Tam Kim,22.606427,106.0179879,126,Unhealthy for Sensitive Groups,2,8.5,86,0.0,0.7,284,981.0,0,68.5,69.2,539.0,12.2,81.0,17.6
2025-01-18 03:00:00,2025,1,18,3,Cao Bằng,Xã Tam Kim,22.606427,106.0179879,127,Unhealthy for Sensitive Groups,2,7.9,87,0.0,1.1,279,980.8,3,71.0,71.7,539.0,11.7,79.0,17.9
2025-01-18 04:00:00,2025,1,18,4,Cao Bằng,Xã Tam Kim,22.606427,106.0179879,128,Unhealthy for Sensitive Groups,2,7.9,88,0.0,2.3,288,981.0,3,72.6,73.3,544.0,11.8,77.0,18.4
2025-01-18 05:00:00,2025,1,18,5,Cao Bằng,Xã Tam Kim,22.606427,106.0179879,129,Unhealthy for Sensitive Groups,2,7.9,88,0.0,2.2,279,981.2,0,73.3,74.0,568.0,13.5,71.0,19.0
2025-01-18 06:00:00,2025,1,18,6,Cao Bằng,Xã Tam Kim,22.606427,106.0179879,130,Unhealthy for Sensitive Groups,2,7.9,88,0.0,1.6,264,982.0,3,74.3,74.7,599.0,15.9,65.0,19.6
2025-01-18 07:00:00,2025,1,18,7,Cao Bằng,Xã Tam Kim,22.606427,106.0179879,132,Unhealthy for Sensitive Groups,2,7.9,89,0.0,2.5,274,982.9,6,84.3,85.2,603.0,16.6,72.0,21.8
2025-01-18 08:00:00,2025,1,18,8,Cao Bằng,Xã Tam Kim,22.606427,106.0179879,134,Unhealthy for Sensitive Groups,2,10.9,83,0.0,2.2,312,984.5,45,79.6,80.3,557.0,12.8,88.0,21.8
2025-01-18 09:00:00,2025,1,18,9,Cao Bằng,Xã Tam Kim,22.606427,106.0179879,137,Unhealthy for Sensitive Groups,2,13.3,75,0.0,2.3,360,985.4,29,51.1,52.2,485.0,7.6,109.0,21.9
2025-01-18 10:00:00,2025,1,18,10,Cao Bằng,Xã Tam Kim,22.606427,106.0179879,138,Unhealthy for Sensitive Groups,2,15.7,63,0.0,2.3,51,985.8,25,42.4,43.3,432.0,3.7,126.0,21.6
2025-01-18 11:00:00,2025,1,18,11,Cao Bằng,Xã Tam Kim,22.606427,106.0179879,140,Unhealthy for Sensitive Groups,2,17.2,55,0.0,2.6,106,985.1,32,43.5,44.5,417.0,2.6,132.0,20.9
2025-01-18 12:00:00,2025,1,18,12,Cao Bằng,Xã Tam Kim,22.606427,106.0179879,141,Unhealthy for Sensitive Groups,2,18.3,47,0.0,2.2,104,984.0,76,46.3,47.1,420.0,2.8,133.0,19.9
2025-01-18 13:00:00,2025,1,18,13,Cao Bằng,Xã Tam Kim,22.606427,106.0179879,143,Unhealthy for Sensitive Groups,2,18.6,47,0.0,0.4,90,982.4,100,49.5,50.4,424.0,3.2,133.0,18.8
2025-01-18 14:00:00,2025,1,18,14,Cao Bằng,Xã Tam Kim,22.606427,106.0179879,146,Unhealthy for Sensitive Groups,2,18.7,50,0.0,1.2,297,981.2,93,49.0,49.8,417.0,2.6,136.0,17.4
2025-01-18 15:00:00,2025,1,18,15,Cao Bằng,Xã Tam Kim,22.606427,106.0179879,148,Unhealthy for Sensitive Groups,2,19.2,47,0.0,0.3,135,980.7,86,48.5,49.4,410.0,2.1,139.0,15.9
2025-01-18 16:00:00,2025,1,18,16,Cao Bằng,Xã Tam Kim,22.606427,106.0179879,150,Unhealthy for Sensitive Groups,2,19.0,48,0.0,2.4,107,980.2,70,48.8,49.5,423.0,3.5,136.0,15.0
2025-01-18 17:00:00,2025,1,18,17,Cao Bằng,Xã Tam Kim,22.606427,106.0179879,150,Unhealthy for Sensitive Groups,2,17.6,63,0.0,2.2,48,980.3,58,49.2,49.9,480.0,8.4,124.0,15.1
2025-01-18 18:00:00,2025,1,18,18,Cao Bằng,Xã Tam Kim,22.606427,106.0179879,151,Unhealthy,3,15.2,64,0.0,1.9,331,980.3,62,54.6,55.3,556.0,15.0,106.0,15.8
2025-01-18 19:00:00,2025,1,18,19,Cao Bằng,Xã Tam Kim,22.606427,106.0179879,151,Unhealthy,3,14.3,67,0.0,2.4,261,980.7,59,59.1,59.8,598.0,20.8,88.0,18.2
2025-01-18 20:00:00,2025,1,18,20,Cao Bằng,Xã Tam Kim,22.606427,106.0179879,152,Unhealthy,3,12.9,74,0.0,2.9,277,981.8,23,63.6,64.3,570.0,22.0,84.0,19.3
2025-01-18 21:00:00,2025,1,18,21,Cao Bằng,Xã Tam Kim,22.606427,106.0179879,152,Unhealthy,3,12.2,77,0.0,2.1,250,981.8,16,68.2,68.9,507.0,23.6,79.0,20.7
2025-01-18 22:00:00,2025,1,18,22,Cao Bằng,Xã Tam Kim,22.606427,106.0179879,152,Unhealthy,3,11.9,79,0.0,2.4,253,982.1,23,71.9,72.6,458.0,24.6,72.0,21.0
2025-01-18 23:00:00,2025,1,18,23,Cao Bằng,Xã Tam Kim,22.606427,106.0179879,153,Unhealthy,3,11.9,78,0.0,2.5,274,982.1,86,75.4,76.1,443.0,24.7,62.0,19.4
2025-01-19 00:00:00,2025,1,19,0,Cao Bằng,Xã Tam Kim,22.606427,106.0179879,153,Unhealthy,3,11.6,77,0.0,3.0,284,982.0,96,76.1,76.8,441.0,24.2,49.0,16.8
2025-01-19 01:00:00,2025,1,19,1,Cao Bằng,Xã Tam Kim,22.606427,106.0179879,153,Unhealthy,3,11.4,79,0.0,2.9,277,981.8,97,74.3,75.0,441.0,22.9,40.0,14.4
2025-01-19 02:00:00,2025,1,19,2,Cao Bằng,Xã Tam Kim,22.606427,106.0179879,154,Unhealthy,3,11.1,79,0.0,2.1,290,981.5,66,71.7,72.4,436.0,20.3,36.0,12.4
2025-01-19 03:00:00,2025,1,19,3,Cao Bằng,Xã Tam Kim,22.606427,106.0179879,154,Unhealthy,3,10.7,80,0.0,2.6,295,981.1,53,68.9,69.6,434.0,16.9,35.0,10.6
2025-01-19 04:00:00,2025,1,19,4,Cao Bằng,Xã Tam Kim,22.606427,106.0179879,154,Unhealthy,3,10.3,81,0.0,3.0,295,980.9,40,66.4,66.8,441.0,14.4,34.0,9.4
2025-01-19 05:00:00,2025,1,19,5,Cao Bằng,Xã Tam Kim,22.606427,106.0179879,153,Unhealthy,3,10.0,82,0.0,2.9,292,981.0,32,64.7,65.4,473.0,14.1,29.0,9.0
2025-01-19 06:00:00,2025,1,19,6,Cao Bằng,Xã Tam Kim,22.606427,106.0179879,153,Unhealthy,3,9.7,83,0.0,3.0,287,981.6,26,64.3,65.0,514.0,14.8,25.0,9.2
2025-01-19 07:00:00,2025,1,19,7,Cao Bằng,Xã Tam Kim,22.606427,106.0179879,153,Unhealthy,3,9.6,83,0.0,3.4,295,982.0,15,61.0,61.5,532.0,14.1,30.0,9.5
2025-01-19 08:00:00,2025,1,19,8,Cao Bằng,Xã Tam Kim,22.606427,106.0179879,153,Unhealthy,3,12.9,72,0.0,3.9,326,983.4,24,59.5,59.8,503.0,10.6,57.0,11.7
2025-01-19 09:00:00,2025,1,19,9,Cao Bằng,Xã Tam Kim,22.606427,106.0179879,152,Unhealthy,3,15.3,65,0.0,2.9,317,983.8,23,47.4,48.0,450.0,5.7,94.0,14.6
2025-01-19 10:00:00,2025,1,19,10,Cao Bằng,Xã Tam Kim,22.606427,106.0179879,152,Unhealthy,3,17.8,53,0.0,1.5,324,983.8,19,41.8,42.6,409.0,2.1,122.0,16.2
2025-01-19 11:00:00,2025,1,19,11,Cao Bằng,Xã Tam Kim,22.606427,106.0179879,152,Unhealthy,3,19.1,47,0.0,1.2,117,982.9,8,40.6,41.4,397.0,1.0,131.0,15.3
2025-01-19 12:00:00,2025,1,19,12,Cao Bằng,Xã Tam Kim,22.606427,106.0179879,152,Unhealthy,3,19.6,46,0.0,2.7,122,981.6,16,41.0,41.7,397.0,1.3,132.0,13.1
2025-01-19 13:00:00,2025,1,19,13,Cao Bằng,Xã Tam Kim,22.606427,106.0179879,152,Unhealthy,3,20.1,44,0.0,3.9,114,980.0,34,41.6,42.3,398.0,1.6,131.0,11.2
2025-01-19 14:00:00,2025,1,19,14,Cao Bằng,Xã Tam Kim,22.606427,106.0179879,152,Unhealthy,3,20.8,43,0.0,4.9,100,978.4,82,42.4,43.1,387.0,1.0,133.0,9.9
2025-01-19 15:00:00,2025,1,19,15,Cao Bằng,Xã Tam Kim,22.606427,106.0179879,152,Unhealthy,3,21.9,40,0.0,4.5,119,977.4,65,42.6,43.3,377.0,0.6,135.0,8.8
2025-01-19 16:00:00,2025,1,19,16,Cao Bằng,Xã Tam Kim,22.606427,106.0179879,151,Unhealthy,3,22.2,41,0.0,3.0,123,976.8,97,42.7,43.3,394.0,2.0,131.0,8.3
2025-01-19 17:00:00,2025,1,19,17,Cao Bằng,Xã Tam Kim,22.606427,106.0179879,151,Unhealthy,3,19.5,56,0.0,4.2,102,976.5,27,43.3,43.9,471.0,6.9,119.0,8.7
2025-01-19 18:00:00,2025,1,19,18,Cao Bằng,Xã Tam Kim,22.606427,106.0179879,151,Unhealthy,3,16.2,63,0.0,5.1,170,976.4,10,48.0,48.5,576.0,13.7,101.0,9.6
2025-01-19 19:00:00,2025,1,19,19,Cao Bằng,Xã Tam Kim,22.606427,106.0179879,151,Unhealthy,3,14.0,73,0.0,3.0,218,976.6,4,44.7,45.2,640.0,15.9,86.0,9.8
2025-01-19 20:00:00,2025,1,19,20,Cao Bằng,Xã Tam Kim,22.606427,106.0179879,151,Unhealthy,3,11.8,86,0.0,2.4,253,976.7,0,49.7,50.2,625.0,18.4,81.0,10.9
2025-01-19 21:00:00,2025,1,19,21,Cao Bằng,Xã Tam Kim,22.606427,106.0179879,150,Unhealthy for Sensitive Groups,2,10.7,89,0.0,2.2,261,977.2,0,53.9,54.4,569.0,21.7,74.0,12.3
2025-01-19 22:00:00,2025,1,19,22,Cao Bằng,Xã Tam Kim,22.606427,106.0179879,150,Unhealthy for Sensitive Groups,2,10.1,89,0.0,2.3,270,977.6,0,57.6,58.1,519.0,24.0,67.0,13.2
2025-01-19 23:00:00,2025,1,19,23,Cao Bằng,Xã Tam Kim,22.606427,106.0179879,149,Unhealthy for Sensitive Groups,2,9.7,89,0.0,2.2,275,977.6,0,60.1,60.5,489.0,24.2,62.0,13.2
2025-01-20 00:00:00,2025,1,20,0,Cao Bằng,Xã Tam Kim,22.606427,106.0179879,147,Unhealthy for Sensitive Groups,2,9.5,88,0.0,2.7,270,977.9,0,61.5,61.9,465.0,23.3,57.0,12.7
2025-01-20 01:00:00,2025,1,20,1,Cao Bằng,Xã Tam Kim,22.606427,106.0179879,146,Unhealthy for Sensitive Groups,2,9.7,86,0.0,2.8,259,978.0,0,62.4,62.9,449.0,22.0,53.0,11.9
2025-01-20 02:00:00,2025,1,20,2,Cao Bằng,Xã Tam Kim,22.606427,106.0179879,144,Unhealthy for Sensitive Groups,2,10.3,83,0.0,2.1,250,978.0,4,62.6,63.1,439.0,20.1,49.0,10.8
2025-01-20 03:00:00,2025,1,20,3,Cao Bằng,Xã Tam Kim,22.606427,106.0179879,143,Unhealthy for Sensitive Groups,2,10.3,81,0.0,2.6,258,978.0,3,63.1,63.6,437.0,17.8,46.0,9.5
2025-01-20 04:00:00,2025,1,20,4,Cao Bằng,Xã Tam Kim,22.606427,106.0179879,143,Unhealthy for Sensitive Groups,2,10.0,81,0.0,3.3,264,977.8,0,63.1,63.6,450.0,16.2,44.0,8.6
2025-01-20 05:00:00,2025,1,20,5,Cao Bằng,Xã Tam Kim,22.606427,106.0179879,142,Unhealthy for Sensitive Groups,2,10.0,82,0.0,3.1,257,978.0,4,63.1,63.6,494.0,16.7,38.0,8.2
2025-01-20 06:00:00,2025,1,20,6,Cao Bằng,Xã Tam Kim,22.606427,106.0179879,142,Unhealthy for Sensitive Groups,2,10.1,81,0.0,3.7,256,979.1,19,63.6,64.0,552.0,17.9,33.0,8.2
2025-01-20 07:00:00,2025,1,20,7,Cao Bằng,Xã Tam Kim,22.606427,106.0179879,142,Unhealthy for Sensitive Groups,2,10.4,80,0.0,3.0,256,980.1,42,64.0,64.5,582.0,18.9,31.0,7.2
2025-01-20 08:00:00,2025,1,20,8,Cao Bằng,Xã Tam Kim,22.606427,106.0179879,143,Unhealthy for Sensitive Groups,2,13.1,75,0.0,2.4,287,981.9,0,62.9,63.1,558.0,13.9,64.0,8.4
2025-01-20 09:00:00,2025,1,20,9,Cao Bằng,Xã Tam Kim,22.606427,106.0179879,143,Unhealthy for Sensitive Groups,2,15.8,64,0.0,1.7,342,982.7,1,46.3,46.8,507.0,7.1,108.0,10.1
2025-01-20 10:00:00,2025,1,20,10,Cao Bằng,Xã Tam Kim,22.606427,106.0179879,143,Unhealthy for Sensitive Groups,2,18.3,55,0.0,1.1,360,982.9,4,43.0,43.4,463.0,2.0,141.0,11.2
2025-01-20 11:00:00,2025,1,20,11,Cao Bằng,Xã Tam Kim,22.606427,106.0179879,143,Unhealthy for Sensitive Groups,2,20.1,48,0.0,1.7,131,982.0,2,39.9,40.4,432.0,0.5,150.0,11.2
2025-01-20 12:00:00,2025,1,20,12,Cao Bằng,Xã Tam Kim,22.606427,106.0179879,143,Unhealthy for Sensitive Groups,2,20.9,47,0.0,3.9,127,980.8,5,37.8,38.2,409.0,0.9,146.0,10.7
2025-01-20 13:00:00,2025,1,20,13,Cao Bằng,Xã Tam Kim,22.606427,106.0179879,142,Unhealthy for Sensitive Groups,2,21.7,41,0.0,3.1,114,979.2,23,38.0,38.3,411.0,1.4,143.0,10.0
2025-01-20 14:00:00,2025,1,20,14,Cao Bằng,Xã Tam Kim,22.606427,106.0179879,142,Unhealthy for Sensitive Groups,2,22.0,40,0.0,3.1,118,978.1,27,39.1,39.5,442.0,1.0,145.0,8.9
2025-01-20 15:00:00,2025,1,20,15,Cao Bằng,Xã Tam Kim,22.606427,106.0179879,142,Unhealthy for Sensitive Groups,2,21.9,40,0.0,3.3,131,977.4,51,40.7,41.1,499.0,0.7,147.0,7.6
2025-01-20 16:00:00,2025,1,20,16,Cao Bằng,Xã Tam Kim,22.606427,106.0179879,142,Unhealthy for Sensitive Groups,2,21.7,43,0.0,2.8,135,976.9,44,42.3,42.6,591.0,2.2,145.0,7.1
2025-01-20 17:00:00,2025,1,20,17,Cao Bằng,Xã Tam Kim,22.606427,106.0179879,142,Unhealthy for Sensitive Groups,2,20.4,56,0.0,2.4,117,977.0,27,44.7,44.9,759.0,7.0,134.0,7.9
2025-01-20 18:00:00,2025,1,20,18,Cao Bằng,Xã Tam Kim,22.606427,106.0179879,142,Unhealthy for Sensitive Groups,2,18.3,56,0.0,2.3,176,977.0,21,50.3,50.6,962.0,13.5,118.0,9.5
2025-01-20 19:00:00,2025,1,20,19,Cao Bằng,Xã Tam Kim,22.606427,106.0179879,142,Unhealthy for Sensitive Groups,2,16.0,66,0.0,3.9,214,977.3,15,51.1,51.5,1085.0,18.8,98.0,10.8
2025-01-20 20:00:00,2025,1,20,20,Cao Bằng,Xã Tam Kim,22.606427,106.0179879,143,Unhealthy for Sensitive Groups,2,14.8,70,0.0,1.6,264,977.7,24,57.7,58.1,1062.0,19.9,94.0,11.7
2025-01-20 21:00:00,2025,1,20,21,Cao Bằng,Xã Tam Kim,22.606427,106.0179879,143,Unhealthy for Sensitive Groups,2,13.2,78,0.0,2.2,256,978.1,20,62.6,62.9,960.0,21.4,89.0,12.8
2025-01-20 22:00:00,2025,1,20,22,Cao Bằng,Xã Tam Kim,22.606427,106.0179879,144,Unhealthy for Sensitive Groups,2,12.3,83,0.0,2.2,261,978.4,16,67.3,67.5,866.0,22.2,85.0,13.7
2025-01-20 23:00:00,2025,1,20,23,Cao Bằng,Xã Tam Kim,22.606427,106.0179879,145,Unhealthy for Sensitive Groups,2,12.3,82,0.0,1.4,270,978.4,13,70.3,70.5,815.0,22.0,82.0,13.9
2025-01-21 00:00:00,2025,1,21,0,Cao Bằng,Xã Tam Kim,22.606427,106.0179879,146,Unhealthy for Sensitive Groups,2,12.2,81,0.0,1.8,264,978.5,16,71.5,71.7,772.0,21.3,79.0,13.8
2025-01-21 01:00:00,2025,1,21,1,Cao Bằng,Xã Tam Kim,22.606427,106.0179879,147,Unhealthy for Sensitive Groups,2,12.3,80,0.0,0.9,233,978.7,21,71.7,71.9,721.0,20.0,78.0,13.6
2025-01-21 02:00:00,2025,1,21,2,Cao Bằng,Xã Tam Kim,22.606427,106.0179879,148,Unhealthy for Sensitive Groups,2,11.9,81,0.0,1.1,252,978.5,25,71.0,71.5,642.0,17.8,79.0,13.2
2025-01-21 03:00:00,2025,1,21,3,Cao Bằng,Xã Tam Kim,22.606427,106.0179879,149,Unhealthy for Sensitive Groups,2,11.6,82,0.0,0.5,225,978.5,11,70.5,71.0,555.0,15.1,81.0,12.6
2025-01-21 04:00:00,2025,1,21,4,Cao Bằng,Xã Tam Kim,22.606427,106.0179879,150,Unhealthy for Sensitive Groups,2,11.3,82,0.0,0.0,270,978.2,10,70.5,71.0,501.0,13.3,84.0,12.8
2025-01-21 05:00:00,2025,1,21,5,Cao Bằng,Xã Tam Kim,22.606427,106.0179879,150,Unhealthy for Sensitive Groups,2,11.2,83,0.0,0.3,225,978.3,17,71.7,71.9,513.0,13.7,85.0,13.8
2025-01-21 06:00:00,2025,1,21,6,Cao Bằng,Xã Tam Kim,22.606427,106.0179879,150,Unhealthy for Sensitive Groups,2,11.0,82,0.0,0.4,270,978.7,15,74.0,74.3,559.0,15.0,86.0,15.5
2025-01-21 07:00:00,2025,1,21,7,Cao Bằng,Xã Tam Kim,22.606427,106.0179879,151,Unhealthy,3,11.0,82,0.0,0.3,225,979.1,15,90.3,90.8,584.0,16.3,89.0,18.4
2025-01-21 08:00:00,2025,1,21,8,Cao Bằng,Xã Tam Kim,22.606427,106.0179879,151,Unhealthy,3,13.6,75,0.0,1.5,60,980.6,10,92.2,92.7,561.0,12.4,106.0,22.2
2025-01-21 09:00:00,2025,1,21,9,Cao Bằng,Xã Tam Kim,22.606427,106.0179879,152,Unhealthy,3,16.0,68,0.0,3.3,54,981.2,11,73.8,74.3,517.0,7.0,130.0,27.4
2025-01-21 10:00:00,2025,1,21,10,Cao Bằng,Xã Tam Kim,22.606427,106.0179879,152,Unhealthy,3,18.6,59,0.0,4.5,61,981.2,8,67.5,68.2,483.0,3.0,150.0,30.7
2025-01-21 11:00:00,2025,1,21,11,Cao Bằng,Xã Tam Kim,22.606427,106.0179879,153,Unhealthy,3,20.9,52,0.0,6.1,113,980.4,66,64.0,64.5,471.0,1.7,162.0,30.7
2025-01-21 12:00:00,2025,1,21,12,Cao Bằng,Xã Tam Kim,22.606427,106.0179879,153,Unhealthy,3,22.4,45,0.0,9.3,161,979.0,100,60.1,60.5,468.0,1.7,169.0,28.9
2025-01-21 13:00:00,2025,1,21,13,Cao Bằng,Xã Tam Kim,22.606427,106.0179879,154,Unhealthy,3,22.9,41,0.0,10.1,175,977.3,98,57.3,57.6,468.0,1.9,174.0,26.7
2025-01-21 14:00:00,2025,1,21,14,Cao Bằng,Xã Tam Kim,22.606427,106.0179879,154,Unhealthy,3,23.2,41,0.0,12.0,188,976.1,85,54.6,54.9,464.0,1.4,179.0,24.1
2025-01-21 15:00:00,2025,1,21,15,Cao Bằng,Xã Tam Kim,22.606427,106.0179879,155,Unhealthy,3,23.0,41,0.0,10.8,185,975.5,23,53.1,53.3,463.0,1.2,181.0,21.1
2025-01-21 16:00:00,2025,1,21,16,Cao Bằng,Xã Tam Kim,22.606427,106.0179879,155,Unhealthy,3,22.4,43,0.0,10.1,186,975.2,9,52.6,53.0,479.0,2.4,177.0,18.8
2025-01-21 17:00:00,2025,1,21,17,Cao Bằng,Xã Tam Kim,22.606427,106.0179879,155,Unhealthy,3,20.2,52,0.0,6.0,189,975.2,11,53.2,53.4,529.0,6.5,162.0,17.8
2025-01-21 18:00:00,2025,1,21,18,Cao Bằng,Xã Tam Kim,22.606427,106.0179879,155,Unhealthy,3,16.6,64,0.0,5.6,211,975.1,26,56.0,56.2,595.0,12.0,140.0,17.5
2025-01-21 19:00:00,2025,1,21,19,Cao Bằng,Xã Tam Kim,22.606427,106.0179879,156,Unhealthy,3,15.6,69,0.0,5.3,225,975.9,49,59.8,60.3,638.0,17.0,111.0,17.9
2025-01-21 20:00:00,2025,1,21,20,Cao Bằng,Xã Tam Kim,22.606427,106.0179879,156,Unhealthy,3,16.7,66,0.0,4.3,182,976.7,75,65.0,65.2,639.0,18.6,107.0,18.6
2025-01-21 21:00:00,2025,1,21,21,Cao Bằng,Xã Tam Kim,22.606427,106.0179879,156,Unhealthy,3,16.5,68,0.0,2.0,170,977.2,58,67.8,68.0,616.0,20.6,102.0,19.6
2025-01-21 22:00:00,2025,1,21,22,Cao Bằng,Xã Tam Kim,22.606427,106.0179879,156,Unhealthy,3,16.0,70,0.0,1.3,180,977.9,78,70.8,71.0,585.0,21.3,98.0,20.1
2025-01-21 23:00:00,2025,1,21,23,Cao Bằng,Xã Tam Kim,22.606427,106.0179879,156,Unhealthy,3,15.6,72,0.0,3.1,173,978.2,67,73.3,73.6,543.0,19.3,98.0,19.6
2025-01-22 00:00:00,2025,1,22,0,Cao Bằng,Xã Tam Kim,22.606427,106.0179879,156,Unhealthy,3,14.9,75,0.0,0.9,143,978.3,79,73.6,74.0,492.0,16.0,99.0,18.5
2025-01-22 01:00:00,2025,1,22,1,Cao Bằng,Xã Tam Kim,22.606427,106.0179879,156,Unhealthy,3,14.1,78,0.0,1.3,90,978.6,53,72.4,72.6,452.0,13.1,100.0,17.7
2025-01-22 02:00:00,2025,1,22,2,Cao Bằng,Xã Tam Kim,22.606427,106.0179879,156,Unhealthy,3,13.6,80,0.0,0.4,333,978.3,81,71.5,71.7,432.0,11.1,99.0,17.3
2025-01-22 03:00:00,2025,1,22,3,Cao Bằng,Xã Tam Kim,22.606427,106.0179879,156,Unhealthy,3,13.5,81,0.0,0.6,342,978.1,69,72.9,73.1,422.0,9.6,96.0,17.1
2025-01-22 04:00:00,2025,1,22,4,Cao Bằng,Xã Tam Kim,22.606427,106.0179879,156,Unhealthy,3,13.4,81,0.0,0.7,346,977.9,71,74.7,75.0,419.0,8.9,93.0,17.1
2025-01-22 05:00:00,2025,1,22,5,Cao Bằng,Xã Tam Kim,22.606427,106.0179879,156,Unhealthy,3,13.2,81,0.0,0.7,360,978.4,71,75.4,75.9,426.0,9.9,85.0,17.2
2025-01-22 06:00:00,2025,1,22,6,Cao Bằng,Xã Tam Kim,22.606427,106.0179879,156,Unhealthy,3,13.2,80,0.0,1.1,342,978.9,76,75.9,76.1,439.0,11.8,76.0,17.4
2025-01-22 07:00:00,2025,1,22,7,Cao Bằng,Xã Tam Kim,22.606427,106.0179879,156,Unhealthy,3,13.1,80,0.0,1.7,347,979.6,38,78.5,78.9,439.0,12.6,79.0,18.3
2025-01-22 08:00:00,2025,1,22,8,Cao Bằng,Xã Tam Kim,22.606427,106.0179879,156,Unhealthy,3,15.9,70,0.0,2.1,59,980.6,10,75.0,75.4,413.0,9.9,96.0,18.7
2025-01-22 09:00:00,2025,1,22,9,Cao Bằng,Xã Tam Kim,22.606427,106.0179879,156,Unhealthy,3,18.1,61,0.0,3.5,81,981.6,11,45.2,45.9,374.0,6.1,120.0,19.0
2025-01-22 10:00:00,2025,1,22,10,Cao Bằng,Xã Tam Kim,22.606427,106.0179879,155,Unhealthy,3,20.5,52,0.0,5.4,143,981.5,38,28.9,29.6,348.0,3.2,138.0,18.2
2025-01-22 11:00:00,2025,1,22,11,Cao Bằng,Xã Tam Kim,22.606427,106.0179879,154,Unhealthy,3,22.9,47,0.0,7.7,183,980.5,78,27.7,28.3,347.0,2.0,144.0,15.1
2025-01-22 12:00:00,2025,1,22,12,Cao Bằng,Xã Tam Kim,22.606427,106.0179879,154,Unhealthy,3,23.2,47,0.0,11.9,191,979.4,82,29.5,29.9,357.0,1.8,144.0,10.9
2025-01-22 13:00:00,2025,1,22,13,Cao Bằng,Xã Tam Kim,22.606427,106.0179879,153,Unhealthy,3,23.0,49,0.0,12.0,198,977.8,95,32.4,32.9,365.0,1.8,143.0,7.3
2025-01-22 14:00:00,2025,1,22,14,Cao Bằng,Xã Tam Kim,22.606427,106.0179879,152,Unhealthy,3,22.5,52,0.0,11.9,191,977.0,98,35.4,35.9,359.0,1.7,143.0,5.1
2025-01-22 15:00:00,2025,1,22,15,Cao Bằng,Xã Tam Kim,22.606427,106.0179879,152,Unhealthy,3,22.3,53,0.0,10.7,188,976.1,95,38.1,38.5,350.0,1.9,142.0,3.6
2025-01-22 16:00:00,2025,1,22,16,Cao Bằng,Xã Tam Kim,22.606427,106.0179879,152,Unhealthy,3,21.5,57,0.0,9.9,183,976.0,98,40.5,41.1,356.0,3.0,137.0,2.8
2025-01-22 17:00:00,2025,1,22,17,Cao Bằng,Xã Tam Kim,22.606427,106.0179879,151,Unhealthy,3,20.6,62,0.0,7.2,176,976.3,97,42.7,43.2,389.0,5.7,125.0,2.8
2025-01-22 18:00:00,2025,1,22,18,Cao Bằng,Xã Tam Kim,22.606427,106.0179879,151,Unhealthy,3,18.7,71,0.0,6.7,164,976.5,100,44.9,45.4,437.0,9.2,108.0,3.4
2025-01-22 19:00:00,2025,1,22,19,Cao Bằng,Xã Tam Kim,22.606427,106.0179879,151,Unhealthy,3,18.0,75,0.0,6.4,170,977.0,100,43.2,43.7,475.0,12.1,91.0,3.9
2025-01-22 20:00:00,2025,1,22,20,Cao Bằng,Xã Tam Kim,22.606427,106.0179879,151,Unhealthy,3,18.0,77,0.0,5.2,153,977.4,100,47.4,47.8,497.0,13.7,85.0,4.4
2025-01-22 21:00:00,2025,1,22,21,Cao Bằng,Xã Tam Kim,22.606427,106.0179879,150,Unhealthy for Sensitive Groups,2,17.0,83,0.0,3.6,160,978.0,100,50.8,51.1,510.0,15.8,76.0,5.1
2025-01-22 22:00:00,2025,1,22,22,Cao Bằng,Xã Tam Kim,22.606427,106.0179879,149,Unhealthy for Sensitive Groups,2,16.6,85,0.1,2.3,180,978.5,100,54.6,55.1,514.0,17.0,70.0,5.5
2025-01-22 23:00:00,2025,1,22,23,Cao Bằng,Xã Tam Kim,22.606427,106.0179879,147,Unhealthy for Sensitive Groups,2,16.9,85,0.1,0.4,270,978.9,100,57.9,58.3,506.0,16.4,69.0,5.4
2025-01-23 00:00:00,2025,1,23,0,Cao Bằng,Xã Tam Kim,22.606427,106.0179879,146,Unhealthy for Sensitive Groups,2,17.0,85,0.2,0.4,117,978.9,100,60.3,60.8,489.0,14.9,70.0,5.1
2025-01-23 01:00:00,2025,1,23,1,Cao Bằng,Xã Tam Kim,22.606427,106.0179879,144,Unhealthy for Sensitive Groups,2,16.8,87,0.2,0.4,63,978.9,100,63.3,63.8,465.0,13.3,70.0,4.9
2025-01-23 02:00:00,2025,1,23,2,Cao Bằng,Xã Tam Kim,22.606427,106.0179879,143,Unhealthy for Sensitive Groups,2,16.7,89,0.1,0.5,360,978.7,100,65.4,65.9,426.0,11.9,69.0,4.8
2025-01-23 03:00:00,2025,1,23,3,Cao Bằng,Xã Tam Kim,22.606427,106.0179879,143,Unhealthy for Sensitive Groups,2,16.5,91,0.0,1.3,16,978.3,100,68.0,68.7,380.0,10.5,67.0,4.9
2025-01-23 04:00:00,2025,1,23,4,Cao Bằng,Xã Tam Kim,22.606427,106.0179879,142,Unhealthy for Sensitive Groups,2,16.4,91,0.0,1.0,22,978.1,100,69.6,70.3,359.0,9.6,66.0,5.4
2025-01-23 05:00:00,2025,1,23,5,Cao Bằng,Xã Tam Kim,22.606427,106.0179879,142,Unhealthy for Sensitive Groups,2,16.3,92,0.0,0.7,90,978.1,100,71.7,72.2,391.0,9.5,64.0,6.6
2025-01-23 06:00:00,2025,1,23,6,Cao Bằng,Xã Tam Kim,22.606427,106.0179879,141,Unhealthy for Sensitive Groups,2,16.0,94,0.0,1.9,112,978.5,100,72.9,73.6,449.0,9.9,62.0,8.2
2025-01-23 07:00:00,2025,1,23,7,Cao Bằng,Xã Tam Kim,22.606427,106.0179879,141,Unhealthy for Sensitive Groups,2,15.9,95,0.0,2.9,112,979.3,100,71.9,72.9,477.0,9.8,63.0,8.8
2025-01-23 08:00:00,2025,1,23,8,Cao Bằng,Xã Tam Kim,22.606427,106.0179879,140,Unhealthy for Sensitive Groups,2,16.9,96,0.0,4.0,85,980.0,100,55.4,56.2,444.0,8.5,73.0,8.9
2025-01-23 09:00:00,2025,1,23,9,Cao Bằng,Xã Tam Kim,22.606427,106.0179879,138,Unhealthy for Sensitive Groups,2,18.1,86,0.0,5.9,140,980.4,100,35.5,36.1,381.0,6.6,86.0,9.1
2025-01-23 10:00:00,2025,1,23,10,Cao Bằng,Xã Tam Kim,22.606427,106.0179879,137,Unhealthy for Sensitive Groups,2,19.4,76,0.0,7.4,157,980.6,99,31.3,32.0,334.0,5.2,97.0,8.6
2025-01-23 11:00:00,2025,1,23,11,Cao Bằng,Xã Tam Kim,22.606427,106.0179879,137,Unhealthy for Sensitive Groups,2,20.6,64,0.0,8.8,168,979.9,100,32.4,32.9,322.0,4.5,104.0,7.0
2025-01-23 12:00:00,2025,1,23,12,Cao Bằng,Xã Tam Kim,22.606427,106.0179879,138,Unhealthy for Sensitive Groups,2,21.5,62,0.1,10.1,182,978.5,100,31.8,32.5,326.0,4.2,109.0,4.8
2025-01-23 13:00:00,2025,1,23,13,Cao Bằng,Xã Tam Kim,22.606427,106.0179879,138,Unhealthy for Sensitive Groups,2,21.6,60,0.0,11.6,192,977.2,100,31.2,31.9,330.0,4.2,112.0,3.1
2025-01-23 14:00:00,2025,1,23,14,Cao Bằng,Xã Tam Kim,22.606427,106.0179879,138,Unhealthy for Sensitive Groups,2,21.5,61,0.0,12.8,186,976.0,100,37.0,37.7,323.0,4.3,115.0,2.2
2025-01-23 15:00:00,2025,1,23,15,Cao Bằng,Xã Tam Kim,22.606427,106.0179879,138,Unhealthy for Sensitive Groups,2,20.8,66,0.0,11.5,178,975.3,100,35.6,36.2,315.0,4.6,117.0,1.8
2025-01-23 16:00:00,2025,1,23,16,Cao Bằng,Xã Tam Kim,22.606427,106.0179879,138,Unhealthy for Sensitive Groups,2,20.7,65,0.0,10.1,179,974.9,100,39.6,40.3,323.0,5.5,115.0,1.7
2025-01-23 17:00:00,2025,1,23,17,Cao Bằng,Xã Tam Kim,22.606427,106.0179879,138,Unhealthy for Sensitive Groups,2,20.1,69,0.0,8.9,172,974.8,100,39.6,40.2,362.0,7.5,108.0,2.0
2025-01-23 18:00:00,2025,1,23,18,Cao Bằng,Xã Tam Kim,22.606427,106.0179879,137,Unhealthy for Sensitive Groups,2,19.1,74,0.0,8.2,157,974.9,100,49.9,50.6,417.0,10.0,97.0,2.5
2025-01-23 19:00:00,2025,1,23,19,Cao Bằng,Xã Tam Kim,22.606427,106.0179879,138,Unhealthy for Sensitive Groups,2,18.6,78,0.0,7.2,152,975.2,95,32.6,32.8,458.0,12.7,86.0,3.0
2025-01-23 20:00:00,2025,1,23,20,Cao Bằng,Xã Tam Kim,22.606427,106.0179879,137,Unhealthy for Sensitive Groups,2,18.1,83,0.0,7.8,148,975.5,100,35.3,35.5,474.0,12.9,82.0,3.5
2025-01-23 21:00:00,2025,1,23,21,Cao Bằng,Xã Tam Kim,22.606427,106.0179879,136,Unhealthy for Sensitive Groups,2,17.7,86,0.0,7.2,141,975.6,100,37.5,37.8,476.0,13.2,77.0,4.2
2025-01-23 22:00:00,2025,1,23,22,Cao Bằng,Xã Tam Kim,22.606427,106.0179879,134,Unhealthy for Sensitive Groups,2,17.7,87,0.0,6.6,131,975.7,100,39.3,39.8,468.0,13.4,71.0,4.9
2025-01-23 23:00:00,2025,1,23,23,Cao Bằng,Xã Tam Kim,22.606427,106.0179879,133,Unhealthy for Sensitive Groups,2,17.6,88,0.0,6.6,127,975.6,100,41.4,41.9,448.0,13.4,66.0,5.5
2025-01-24 00:00:00,2025,1,24,0,Cao Bằng,Xã Tam Kim,22.606427,106.0179879,131,Unhealthy for Sensitive Groups,2,17.4,89,0.0,6.8,122,974.9,100,43.0,43.3,418.0,13.3,60.0,6.1
2025-01-24 01:00:00,2025,1,24,1,Cao Bằng,Xã Tam Kim,22.606427,106.0179879,129,Unhealthy for Sensitive Groups,2,17.4,90,0.0,8.2,122,974.7,100,44.0,44.4,391.0,12.8,56.0,6.6
2025-01-24 02:00:00,2025,1,24,2,Cao Bằng,Xã Tam Kim,22.606427,106.0179879,127,Unhealthy for Sensitive Groups,2,17.1,91,0.0,9.2,121,973.9,100,44.2,44.7,369.0,11.9,53.0,7.1
2025-01-24 03:00:00,2025,1,24,3,Cao Bằng,Xã Tam Kim,22.606427,106.0179879,125,Unhealthy for Sensitive Groups,2,16.9,92,0.0,10.5,125,973.5,100,41.7,42.1,350.0,10.7,51.0,7.5
2025-01-24 04:00:00,2025,1,24,4,Cao Bằng,Xã Tam Kim,22.606427,106.0179879,122,Unhealthy for Sensitive Groups,2,16.7,92,0.0,10.1,125,973.4,100,38.1,38.5,338.0,9.4,53.0,7.7
2025-01-24 05:00:00,2025,1,24,5,Cao Bằng,Xã Tam Kim,22.606427,106.0179879,119,Unhealthy for Sensitive Groups,2,16.7,91,0.0,9.6,124,973.5,100,34.8,35.2,340.0,7.8,62.0,7.8
2025-01-24 06:00:00,2025,1,24,6,Cao Bằng,Xã Tam Kim,22.606427,106.0179879,115,Unhealthy for Sensitive Groups,2,16.5,92,0.1,9.6,120,974.1,100,28.3,29.0,350.0,6.0,74.0,7.8
2025-01-24 07:00:00,2025,1,24,7,Cao Bằng,Xã Tam Kim,22.606427,106.0179879,110,Unhealthy for Sensitive Groups,2,16.4,94,0.1,8.7,111,974.7,100,13.0,13.2,354.0,5.4,75.0,6.9
2025-01-24 08:00:00,2025,1,24,8,Cao Bằng,Xã Tam Kim,22.606427,106.0179879,104,Unhealthy for Sensitive Groups,2,17.5,88,0.0,10.7,139,976.0,100,12.4,12.7,345.0,5.4,77.0,6.2
2025-01-24 09:00:00,2025,1,24,9,Cao Bằng,Xã Tam Kim,22.606427,106.0179879,100,Moderate,1,18.1,84,0.0,12.9,162,977.0,100,10.5,10.8,330.0,5.3,80.0,5.3
2025-01-24 10:00:00,2025,1,24,10,Cao Bằng,Xã Tam Kim,22.606427,106.0179879,98,Moderate,1,18.9,79,0.0,12.5,164,977.1,100,8.6,8.8,319.0,5.2,83.0,4.6
2025-01-24 11:00:00,2025,1,24,11,Cao Bằng,Xã Tam Kim,22.606427,106.0179879,96,Moderate,1,20.1,75,0.1,13.7,171,976.3,97,8.2,8.4,314.0,4.9,85.0,4.2
2025-01-24 12:00:00,2025,1,24,12,Cao Bằng,Xã Tam Kim,22.606427,106.0179879,93,Moderate,1,21.3,70,0.1,15.4,173,975.1,94,9.6,9.8,313.0,4.6,87.0,4.1
2025-01-24 13:00:00,2025,1,24,13,Cao Bằng,Xã Tam Kim,22.606427,106.0179879,91,Moderate,1,21.6,68,0.1,14.5,174,973.9,63,13.5,13.8,313.0,4.5,91.0,4.0
2025-01-24 14:00:00,2025,1,24,14,Cao Bằng,Xã Tam Kim,22.606427,106.0179879,90,Moderate,1,21.9,67,0.1,13.7,175,972.7,91,18.1,18.5,309.0,4.3,101.0,3.9
2025-01-24 15:00:00,2025,1,24,15,Cao Bằng,Xã Tam Kim,22.606427,106.0179879,88,Moderate,1,22.2,68,0.0,12.8,161,971.9,65,22.4,22.8,305.0,4.2,112.0,3.8
2025-01-24 16:00:00,2025,1,24,16,Cao Bằng,Xã Tam Kim,22.606427,106.0179879,87,Moderate,1,23.1,61,0.0,13.9,182,971.6,57,25.7,26.1,318.0,5.3,117.0,4.1
2025-01-24 17:00:00,2025,1,24,17,Cao Bằng,Xã Tam Kim,22.606427,106.0179879,86,Moderate,1,21.7,70,0.0,10.9,168,971.6,16,29.2,29.5,363.0,8.3,110.0,4.9
2025-01-24 18:00:00,2025,1,24,18,Cao Bằng,Xã Tam Kim,22.606427,106.0179879,85,Moderate,1,18.8,84,0.0,7.9,164,972.0,49,32.6,33.1,424.0,12.4,96.0,6.1
2025-01-24 19:00:00,2025,1,24,19,Cao Bằng,Xã Tam Kim,22.606427,106.0179879,83,Moderate,1,17.9,90,0.0,6.8,169,972.6,85,33.3,33.8,467.0,19.6,73.0,9.4
2025-01-24 20:00:00,2025,1,24,20,Cao Bằng,Xã Tam Kim,22.606427,106.0179879,83,Moderate,1,17.6,92,0.0,6.2,154,973.1,56,38.8,39.3,481.0,20.9,65.0,9.7
2025-01-24 21:00:00,2025,1,24,21,Cao Bằng,Xã Tam Kim,22.606427,106.0179879,84,Moderate,1,17.9,92,0.0,4.2,133,973.9,91,41.9,42.5,477.0,22.5,55.0,10.0
2025-01-24 22:00:00,2025,1,24,22,Cao Bằng,Xã Tam Kim,22.606427,106.0179879,84,Moderate,1,18.1,92,0.1,3.6,120,974.3,100,44.6,45.1,459.0,23.1,47.0,10.1
2025-01-24 23:00:00,2025,1,24,23,Cao Bằng,Xã Tam Kim,22.606427,106.0179879,85,Moderate,1,18.2,93,0.3,3.7,119,974.2,100,44.9,45.5,424.0,21.7,45.0,9.8
2025-01-25 00:00:00,2025,1,25,0,Cao Bằng,Xã Tam Kim,22.606427,106.0179879,85,Moderate,1,18.1,97,0.2,5.5,113,974.2,100,43.5,44.0,374.0,19.3,45.0,9.2
2025-01-25 01:00:00,2025,1,25,1,Cao Bằng,Xã Tam Kim,22.606427,106.0179879,85,Moderate,1,18.0,98,0.1,7.2,117,974.2,100,41.4,42.0,325.0,16.8,45.0,8.5
2025-01-25 02:00:00,2025,1,25,2,Cao Bằng,Xã Tam Kim,22.606427,106.0179879,85,Moderate,1,17.7,99,0.0,9.2,125,974.3,100,39.2,39.8,273.0,14.4,44.0,7.7
2025-01-25 03:00:00,2025,1,25,3,Cao Bằng,Xã Tam Kim,22.606427,106.0179879,84,Moderate,1,17.7,98,0.0,8.1,119,974.2,100,34.6,35.3,221.0,12.0,44.0,6.8
2025-01-25 04:00:00,2025,1,25,4,Cao Bằng,Xã Tam Kim,22.606427,106.0179879,84,Moderate,1,17.6,99,0.1,5.7,114,974.1,100,30.6,31.2,191.0,10.2,43.0,6.0
2025-01-25 05:00:00,2025,1,25,5,Cao Bằng,Xã Tam Kim,22.606427,106.0179879,83,Moderate,1,17.6,98,0.2,5.6,121,974.2,100,25.9,26.4,203.0,9.8,40.0,5.5
2025-01-25 06:00:00,2025,1,25,6,Cao Bằng,Xã Tam Kim,22.606427,106.0179879,82,Moderate,1,17.6,98,0.1,7.3,126,975.1,100,22.4,22.8,238.0,10.0,37.0,5.1
2025-01-25 07:00:00,2025,1,25,7,Cao Bằng,Xã Tam Kim,22.606427,106.0179879,82,Moderate,1,17.5,98,0.0,7.8,132,975.8,100,14.2,14.5,260.0,10.0,36.0,4.4
2025-01-25 08:00:00,2025,1,25,8,Cao Bằng,Xã Tam Kim,22.606427,106.0179879,82,Moderate,1,18.3,95,0.0,10.1,130,977.2,94,11.1,11.7,250.0,8.5,46.0,4.2
2025-01-25 09:00:00,2025,1,25,9,Cao Bằng,Xã Tam Kim,22.606427,106.0179879,82,Moderate,1,19.5,88,0.0,9.0,134,978.4,87,9.3,9.9,227.0,6.5,61.0,3.8
2025-01-25 10:00:00,2025,1,25,10,Cao Bằng,Xã Tam Kim,22.606427,106.0179879,82,Moderate,1,21.0,78,0.0,6.9,143,978.8,98,8.3,8.7,210.0,4.8,73.0,3.5
2025-01-25 11:00:00,2025,1,25,11,Cao Bằng,Xã Tam Kim,22.606427,106.0179879,81,Moderate,1,22.0,72,0.0,6.1,133,978.0,98,8.5,9.0,206.0,3.9,80.0,3.2
2025-01-25 12:00:00,2025,1,25,12,Cao Bằng,Xã Tam Kim,22.606427,106.0179879,82,Moderate,1,22.7,70,0.1,7.8,130,977.1,100,9.3,9.7,207.0,3.4,84.0,2.8
2025-01-25 13:00:00,2025,1,25,13,Cao Bằng,Xã Tam Kim,22.606427,106.0179879,81,Moderate,1,22.5,75,0.4,10.0,139,975.9,35,11.0,11.4,212.0,3.0,89.0,2.6
2025-01-25 14:00:00,2025,1,25,14,Cao Bằng,Xã Tam Kim,22.606427,106.0179879,81,Moderate,1,23.3,68,0.4,10.5,155,975.2,34,12.5,12.8,218.0,2.5,97.0,2.4
2025-01-25 15:00:00,2025,1,25,15,Cao Bằng,Xã Tam Kim,22.606427,106.0179879,81,Moderate,1,23.5,66,0.1,11.2,156,974.8,29,13.3,13.7,227.0,2.1,105.0,2.2
2025-01-25 16:00:00,2025,1,25,16,Cao Bằng,Xã Tam Kim,22.606427,106.0179879,80,Moderate,1,22.6,71,0.1,10.9,153,975.1,54,14.5,14.8,241.0,2.5,108.0,2.6
2025-01-25 17:00:00,2025,1,25,17,Cao Bằng,Xã Tam Kim,22.606427,106.0179879,79,Moderate,1,21.5,77,0.2,6.8,153,976.0,54,16.1,16.3,255.0,4.5,101.0,3.7
2025-01-25 18:00:00,2025,1,25,18,Cao Bằng,Xã Tam Kim,22.606427,106.0179879,78,Moderate,1,20.3,85,0.4,0.9,127,977.1,100,17.5,17.6,275.0,7.2,89.0,5.4
2025-01-25 19:00:00,2025,1,25,19,Cao Bằng,Xã Tam Kim,22.606427,106.0179879,76,Moderate,1,18.7,96,2.2,4.0,36,978.5,100,34.1,34.7,319.0,13.7,75.0,5.8
2025-01-25 20:00:00,2025,1,25,20,Cao Bằng,Xã Tam Kim,22.606427,106.0179879,77,Moderate,1,18.1,97,1.8,7.6,59,979.1,100,32.8,33.2,411.0,10.9,74.0,7.7
2025-01-25 21:00:00,2025,1,25,21,Cao Bằng,Xã Tam Kim,22.606427,106.0179879,76,Moderate,1,17.2,96,2.6,5.8,290,981.2,100,31.1,31.3,529.0,7.1,73.0,10.4
2025-01-25 22:00:00,2025,1,25,22,Cao Bằng,Xã Tam Kim,22.606427,106.0179879,75,Moderate,1,15.9,94,3.4,6.7,344,982.6,96,27.1,27.1,621.0,4.4,70.0,12.4
2025-01-25 23:00:00,2025,1,25,23,Cao Bằng,Xã Tam Kim,22.606427,106.0179879,74,Moderate,1,15.2,91,0.2,6.0,316,983.3,100,24.2,24.2,672.0,4.1,64.0,13.4
2025-01-26 00:00:00,2025,1,26,0,Cao Bằng,Xã Tam Kim,22.606427,106.0179879,72,Moderate,1,15.3,79,0.0,8.6,330,983.6,100,21.5,21.5,697.0,5.0,58.0,13.8
2025-01-26 01:00:00,2025,1,26,1,Cao Bằng,Xã Tam Kim,22.606427,106.0179879,70,Moderate,1,14.7,81,0.0,8.6,327,984.0,100,18.2,18.3,698.0,5.6,54.0,13.5
2025-01-26 02:00:00,2025,1,26,2,Cao Bằng,Xã Tam Kim,22.606427,106.0179879,68,Moderate,1,13.8,89,1.0,5.8,2,984.3,100,12.1,12.2,663.0,5.1,57.0,12.2
2025-01-26 03:00:00,2025,1,26,3,Cao Bằng,Xã Tam Kim,22.606427,106.0179879,65,Moderate,1,12.7,93,0.8,11.6,336,985.0,100,8.7,8.8,604.0,4.2,63.0,10.3
2025-01-26 04:00:00,2025,1,26,4,Cao Bằng,Xã Tam Kim,22.606427,106.0179879,63,Moderate,1,11.2,95,1.7,12.8,325,985.5,100,6.2,6.2,551.0,3.6,67.0,9.0
2025-01-26 05:00:00,2025,1,26,5,Cao Bằng,Xã Tam Kim,22.606427,106.0179879,61,Moderate,1,10.7,94,1.2,9.2,329,986.5,100,4.3,4.3,517.0,3.6,67.0,8.9
2025-01-26 06:00:00,2025,1,26,6,Cao Bằng,Xã Tam Kim,22.606427,106.0179879,59,Moderate,1,10.3,94,1.6,8.5,322,988.0,100,3.2,3.2,490.0,3.9,66.0,9.4
2025-01-26 07:00:00,2025,1,26,7,Cao Bằng,Xã Tam Kim,22.606427,106.0179879,57,Moderate,1,9.8,93,0.7,12.5,335,989.2,100,2.6,2.6,468.0,3.9,66.0,9.5
2025-01-26 08:00:00,2025,1,26,8,Cao Bằng,Xã Tam Kim,22.606427,106.0179879,56,Moderate,1,11.7,78,0.2,15.3,340,989.7,94,2.5,2.5,455.0,4.0,65.0,9.4
2025-01-26 09:00:00,2025,1,26,9,Cao Bằng,Xã Tam Kim,22.606427,106.0179879,55,Moderate,1,13.0,62,0.0,15.4,341,991.1,100,2.2,2.2,447.0,4.1,64.0,9.3
2025-01-26 10:00:00,2025,1,26,10,Cao Bằng,Xã Tam Kim,22.606427,106.0179879,55,Moderate,1,13.5,56,0.0,18.2,358,991.8,100,1.5,1.5,436.0,4.1,64.0,9.2
2025-01-26 11:00:00,2025,1,26,11,Cao Bằng,Xã Tam Kim,22.606427,106.0179879,54,Moderate,1,12.8,55,0.0,18.5,7,991.5,100,0.9,0.9,415.0,4.0,66.0,9.1
2025-01-26 12:00:00,2025,1,26,12,Cao Bằng,Xã Tam Kim,22.606427,106.0179879,53,Moderate,1,13.0,53,0.0,20.0,11,990.9,100,1.0,1.0,392.0,3.8,68.0,9.1
2025-01-26 13:00:00,2025,1,26,13,Cao Bằng,Xã Tam Kim,22.606427,106.0179879,53,Moderate,1,12.7,54,0.0,20.9,7,990.1,100,1.2,1.2,374.0,3.8,70.0,9.1
2025-01-26 14:00:00,2025,1,26,14,Cao Bằng,Xã Tam Kim,22.606427,106.0179879,52,Moderate,1,12.5,54,0.0,19.9,7,989.3,100,1.4,1.4,368.0,4.0,70.0,9.2
2025-01-26 15:00:00,2025,1,26,15,Cao Bằng,Xã Tam Kim,22.606427,106.0179879,51,Moderate,1,12.2,55,0.0,16.3,5,989.2,100,1.7,1.7,368.0,4.3,69.0,9.3
2025-01-26 16:00:00,2025,1,26,16,Cao Bằng,Xã Tam Kim,22.606427,106.0179879,50,Good,0,11.9,58,0.1,13.5,1,988.9,100,2.0,2.0,369.0,4.7,68.0,9.4
2025-01-26 17:00:00,2025,1,26,17,Cao Bằng,Xã Tam Kim,22.606427,106.0179879,48,Good,0,11.7,58,0.1,10.1,343,989.1,100,2.8,2.8,370.0,5.2,67.0,9.3
2025-01-26 18:00:00,2025,1,26,18,Cao Bằng,Xã Tam Kim,22.606427,106.0179879,45,Good,0,11.4,58,0.0,11.4,336,989.5,97,2.8,2.9,372.0,5.8,66.0,9.2
2025-01-26 19:00:00,2025,1,26,19,Cao Bằng,Xã Tam Kim,22.606427,106.0179879,43,Good,0,11.4,56,0.0,11.0,339,990.3,100,2.9,2.9,370.0,4.6,62.0,8.1
2025-01-26 20:00:00,2025,1,26,20,Cao Bằng,Xã Tam Kim,22.606427,106.0179879,37,Good,0,11.5,53,0.0,13.0,346,990.9,100,3.3,3.5,361.0,4.4,62.0,8.1
2025-01-26 21:00:00,2025,1,26,21,Cao Bằng,Xã Tam Kim,22.606427,106.0179879,32,Good,0,11.5,54,0.0,10.7,343,990.5,98,3.8,4.1,349.0,4.2,61.0,8.1
2025-01-26 22:00:00,2025,1,26,22,Cao Bằng,Xã Tam Kim,22.606427,106.0179879,30,Good,0,11.5,54,0.0,10.0,334,990.5,100,4.4,4.7,338.0,4.0,61.0,8.1
2025-01-26 23:00:00,2025,1,26,23,Cao Bằng,Xã Tam Kim,22.606427,106.0179879,30,Good,0,11.5,52,0.0,9.7,336,989.9,100,5.0,5.4,329.0,3.8,61.0,8.1
2025-01-27 00:00:00,2025,1,27,0,Cao Bằng,Xã Tam Kim,22.606427,106.0179879,29,Good,0,11.4,51,0.0,7.6,335,989.5,100,5.6,6.2,322.0,3.7,62.0,8.1
2025-01-27 01:00:00,2025,1,27,1,Cao Bằng,Xã Tam Kim,22.606427,106.0179879,29,Good,0,11.2,51,0.0,6.5,330,988.9,100,6.0,6.6,315.0,3.6,61.0,8.0
2025-01-27 02:00:00,2025,1,27,2,Cao Bằng,Xã Tam Kim,22.606427,106.0179879,29,Good,0,11.0,51,0.0,6.0,343,988.5,100,6.3,6.9,307.0,3.6,59.0,7.7
2025-01-27 03:00:00,2025,1,27,3,Cao Bằng,Xã Tam Kim,22.606427,106.0179879,28,Good,0,11.0,51,0.0,6.2,352,987.9,100,6.6,7.2,301.0,3.7,55.0,7.3
2025-01-27 04:00:00,2025,1,27,4,Cao Bằng,Xã Tam Kim,22.606427,106.0179879,28,Good,0,10.9,51,0.0,6.3,357,987.7,100,7.0,7.6,302.0,4.0,52.0,7.0
2025-01-27 05:00:00,2025,1,27,5,Cao Bằng,Xã Tam Kim,22.606427,106.0179879,27,Good,0,10.5,53,0.0,4.5,353,987.6,60,7.6,8.1,319.0,4.9,47.0,6.9
2025-01-27 06:00:00,2025,1,27,6,Cao Bằng,Xã Tam Kim,22.606427,106.0179879,27,Good,0,9.6,61,0.0,3.8,349,987.8,78,7.8,8.3,343.0,6.1,42.0,6.9
2025-01-27 07:00:00,2025,1,27,7,Cao Bằng,Xã Tam Kim,22.606427,106.0179879,25,Good,0,10.3,59,0.0,3.9,13,988.1,24,8.1,8.8,355.0,6.0,47.0,7.5
2025-01-27 08:00:00,2025,1,27,8,Cao Bằng,Xã Tam Kim,22.606427,106.0179879,25,Good,0,11.3,59,0.0,4.6,45,989.3,100,8.0,8.8,345.0,4.9,56.0,7.8
2025-01-27 09:00:00,2025,1,27,9,Cao Bằng,Xã Tam Kim,22.606427,106.0179879,24,Good,0,11.9,50,0.0,5.8,22,989.5,100,7.4,9.5,324.0,3.3,68.0,8.1
2025-01-27 10:00:00,2025,1,27,10,Cao Bằng,Xã Tam Kim,22.606427,106.0179879,25,Good,0,13.0,40,0.0,6.3,24,989.7,100,7.8,10.9,304.0,2.1,79.0,8.1
2025-01-27 11:00:00,2025,1,27,11,Cao Bằng,Xã Tam Kim,22.606427,106.0179879,26,Good,0,13.2,37,0.0,5.3,38,988.9,78,8.1,11.7,288.0,1.5,88.0,7.3
2025-01-27 12:00:00,2025,1,27,12,Cao Bằng,Xã Tam Kim,22.606427,106.0179879,28,Good,0,15.0,29,0.0,5.2,65,987.7,88,7.9,11.6,274.0,1.2,95.0,6.2
2025-01-27 13:00:00,2025,1,27,13,Cao Bằng,Xã Tam Kim,22.606427,106.0179879,30,Good,0,15.1,30,0.0,4.8,115,985.8,15,8.0,11.6,270.0,1.0,101.0,5.3
2025-01-27 14:00:00,2025,1,27,14,Cao Bằng,Xã Tam Kim,22.606427,106.0179879,33,Good,0,16.2,23,0.0,5.9,121,983.9,1,8.3,11.7,280.0,0.6,106.0,4.9
2025-01-27 15:00:00,2025,1,27,15,Cao Bằng,Xã Tam Kim,22.606427,106.0179879,37,Good,0,16.4,24,0.0,6.4,126,983.0,9,8.8,12.1,300.0,0.5,109.0,4.7
2025-01-27 16:00:00,2025,1,27,16,Cao Bằng,Xã Tam Kim,22.606427,106.0179879,41,Good,0,15.9,28,0.0,6.1,133,982.5,1,9.2,12.3,328.0,1.4,107.0,4.7
2025-01-27 17:00:00,2025,1,27,17,Cao Bằng,Xã Tam Kim,22.606427,106.0179879,44,Good,0,14.3,38,0.0,5.2,151,982.6,7,9.5,12.4,374.0,4.5,97.0,5.1
2025-01-27 18:00:00,2025,1,27,18,Cao Bằng,Xã Tam Kim,22.606427,106.0179879,45,Good,0,11.6,44,0.0,9.5,181,983.3,4,11.4,13.8,428.0,8.7,82.0,5.7
2025-01-27 19:00:00,2025,1,27,19,Cao Bằng,Xã Tam Kim,22.606427,106.0179879,46,Good,0,10.4,47,0.0,7.0,183,984.1,4,16.8,20.1,462.0,12.8,61.0,6.6
2025-01-27 20:00:00,2025,1,27,20,Cao Bằng,Xã Tam Kim,22.606427,106.0179879,44,Good,0,10.5,51,0.0,5.6,163,985.3,5,18.9,22.0,457.0,14.3,53.0,6.7
2025-01-27 21:00:00,2025,1,27,21,Cao Bằng,Xã Tam Kim,22.606427,106.0179879,42,Good,0,9.5,55,0.0,4.5,166,986.2,100,20.1,23.1,432.0,16.2,42.0,6.7
2025-01-27 22:00:00,2025,1,27,22,Cao Bằng,Xã Tam Kim,22.606427,106.0179879,38,Good,0,10.5,51,0.0,3.9,164,986.8,100,20.7,23.2,412.0,17.2,34.0,6.6
2025-01-27 23:00:00,2025,1,27,23,Cao Bằng,Xã Tam Kim,22.606427,106.0179879,40,Good,0,10.6,52,0.0,2.6,164,987.0,69,20.2,22.4,414.0,16.5,32.0,6.2
2025-01-28 00:00:00,2025,1,28,0,Cao Bằng,Xã Tam Kim,22.606427,106.0179879,43,Good,0,9.6,58,0.0,2.2,156,987.1,44,19.6,21.7,422.0,14.8,32.0,5.6
2025-01-28 01:00:00,2025,1,28,1,Cao Bằng,Xã Tam Kim,22.606427,106.0179879,45,Good,0,8.6,63,0.0,0.6,162,987.0,16,19.0,21.0,413.0,13.2,33.0,5.1
2025-01-28 02:00:00,2025,1,28,2,Cao Bằng,Xã Tam Kim,22.606427,106.0179879,47,Good,0,7.8,64,0.0,1.3,352,986.8,7,19.0,20.9,367.0,11.8,33.0,4.6
2025-01-28 03:00:00,2025,1,28,3,Cao Bằng,Xã Tam Kim,22.606427,106.0179879,50,Good,0,6.5,70,0.0,2.8,315,986.2,12,18.6,20.3,303.0,10.3,33.0,4.2
2025-01-28 04:00:00,2025,1,28,4,Cao Bằng,Xã Tam Kim,22.606427,106.0179879,51,Moderate,1,5.9,71,0.0,4.1,304,986.5,71,18.0,19.8,262.0,9.3,34.0,4.0
2025-01-28 05:00:00,2025,1,28,5,Cao Bằng,Xã Tam Kim,22.606427,106.0179879,52,Moderate,1,6.5,68,0.0,4.6,315,986.8,100,17.5,19.4,267.0,9.2,34.0,4.0
2025-01-28 06:00:00,2025,1,28,6,Cao Bằng,Xã Tam Kim,22.606427,106.0179879,53,Moderate,1,7.3,62,0.0,4.5,313,987.5,100,17.4,19.9,293.0,9.5,34.0,4.3
2025-01-28 07:00:00,2025,1,28,7,Cao Bằng,Xã Tam Kim,22.606427,106.0179879,54,Moderate,1,6.8,65,0.0,5.5,297,988.1,60,20.0,23.1,308.0,9.1,38.0,5.0
2025-01-28 08:00:00,2025,1,28,8,Cao Bằng,Xã Tam Kim,22.606427,106.0179879,55,Moderate,1,9.5,60,0.0,3.9,326,989.4,100,19.6,22.8,293.0,7.3,52.0,5.4
2025-01-28 09:00:00,2025,1,28,9,Cao Bằng,Xã Tam Kim,22.606427,106.0179879,56,Moderate,1,10.9,53,0.0,2.3,315,990.2,100,16.9,21.1,266.0,4.8,72.0,5.8
2025-01-28 10:00:00,2025,1,28,10,Cao Bằng,Xã Tam Kim,22.606427,106.0179879,56,Moderate,1,12.1,43,0.0,3.3,319,990.5,100,15.1,19.6,246.0,2.8,87.0,6.1
2025-01-28 11:00:00,2025,1,28,11,Cao Bằng,Xã Tam Kim,22.606427,106.0179879,57,Moderate,1,12.1,45,0.2,4.0,267,990.0,100,14.8,19.0,241.0,2.0,94.0,6.0
2025-01-28 12:00:00,2025,1,28,12,Cao Bằng,Xã Tam Kim,22.606427,106.0179879,58,Moderate,1,13.1,37,0.0,3.6,279,989.2,94,15.3,19.4,244.0,1.7,97.0,5.7
2025-01-28 13:00:00,2025,1,28,13,Cao Bằng,Xã Tam Kim,22.606427,106.0179879,58,Moderate,1,14.0,36,0.0,1.2,309,988.0,81,15.9,20.1,253.0,1.6,100.0,5.4
2025-01-28 14:00:00,2025,1,28,14,Cao Bằng,Xã Tam Kim,22.606427,106.0179879,59,Moderate,1,15.0,36,0.0,2.7,58,987.0,6,16.5,20.7,265.0,0.7,105.0,5.0
2025-01-28 15:00:00,2025,1,28,15,Cao Bằng,Xã Tam Kim,22.606427,106.0179879,60,Moderate,1,15.3,39,0.0,3.1,62,986.1,4,17.2,21.5,283.0,0.0,110.0,4.7
2025-01-28 16:00:00,2025,1,28,16,Cao Bằng,Xã Tam Kim,22.606427,106.0179879,61,Moderate,1,15.3,37,0.0,1.8,84,985.8,51,17.8,22.1,321.0,1.5,110.0,5.0
2025-01-28 17:00:00,2025,1,28,17,Cao Bằng,Xã Tam Kim,22.606427,106.0179879,61,Moderate,1,14.1,59,0.0,0.8,333,985.8,1,18.5,22.5,406.0,7.5,101.0,6.4
2025-01-28 18:00:00,2025,1,28,18,Cao Bằng,Xã Tam Kim,22.606427,106.0179879,62,Moderate,1,12.1,52,0.0,0.4,270,986.0,0,24.7,28.6,511.0,15.8,86.0,8.4
2025-01-28 19:00:00,2025,1,28,19,Cao Bằng,Xã Tam Kim,22.606427,106.0179879,63,Moderate,1,11.0,54,0.0,0.8,225,986.2,0,33.9,38.9,562.0,20.5,59.0,9.8
2025-01-28 20:00:00,2025,1,28,20,Cao Bằng,Xã Tam Kim,22.606427,106.0179879,65,Moderate,1,9.1,60,0.0,3.6,297,987.7,0,38.3,43.4,511.0,23.5,52.0,10.9
2025-01-28 21:00:00,2025,1,28,21,Cao Bằng,Xã Tam Kim,22.606427,106.0179879,67,Moderate,1,8.1,64,0.0,3.6,279,987.9,0,41.8,46.9,406.0,27.5,42.0,12.5
2025-01-28 22:00:00,2025,1,28,22,Cao Bằng,Xã Tam Kim,22.606427,106.0179879,68,Moderate,1,7.5,65,0.0,2.9,263,988.1,0,44.6,49.6,322.0,30.2,34.0,13.4
2025-01-28 23:00:00,2025,1,28,23,Cao Bằng,Xã Tam Kim,22.606427,106.0179879,71,Moderate,1,7.0,66,0.0,2.5,266,988.1,2,46.3,51.5,287.0,30.5,30.0,13.3
2025-01-29 00:00:00,2025,1,29,0,Cao Bằng,Xã Tam Kim,22.606427,106.0179879,73,Moderate,1,6.9,65,0.0,2.0,270,988.2,3,46.7,51.7,272.0,29.3,27.0,12.6
2025-01-29 01:00:00,2025,1,29,1,Cao Bằng,Xã Tam Kim,22.606427,106.0179879,75,Moderate,1,6.6,66,0.0,2.6,282,988.2,2,46.4,51.5,263.0,27.4,26.0,11.6
2025-01-29 02:00:00,2025,1,29,2,Cao Bằng,Xã Tam Kim,22.606427,106.0179879,78,Moderate,1,6.5,65,0.0,2.1,290,987.4,2,45.8,50.6,253.0,24.4,26.0,10.1
2025-01-29 03:00:00,2025,1,29,3,Cao Bằng,Xã Tam Kim,22.606427,106.0179879,80,Moderate,1,6.1,68,0.0,2.9,313,987.1,5,43.8,48.3,250.0,20.6,26.0,8.2
2025-01-29 04:00:00,2025,1,29,4,Cao Bằng,Xã Tam Kim,22.606427,106.0179879,82,Moderate,1,6.0,68,0.0,2.9,292,986.9,4,41.1,45.4,260.0,17.6,27.0,6.8
2025-01-29 05:00:00,2025,1,29,5,Cao Bằng,Xã Tam Kim,22.606427,106.0179879,84,Moderate,1,6.2,67,0.0,1.6,276,986.9,2,39.1,43.4,297.0,16.7,25.0,6.3
2025-01-29 06:00:00,2025,1,29,6,Cao Bằng,Xã Tam Kim,22.606427,106.0179879,86,Moderate,1,6.1,66,0.0,1.3,278,987.4,2,38.5,43.0,348.0,16.6,23.0,6.3
2025-01-29 07:00:00,2025,1,29,7,Cao Bằng,Xã Tam Kim,22.606427,106.0179879,88,Moderate,1,6.3,67,0.0,1.7,283,988.0,2,38.6,42.8,377.0,13.3,31.0,5.3
2025-01-29 08:00:00,2025,1,29,8,Cao Bằng,Xã Tam Kim,22.606427,106.0179879,90,Moderate,1,9.1,62,0.0,1.3,326,989.2,6,35.4,38.6,364.0,10.4,47.0,6.2
2025-01-29 09:00:00,2025,1,29,9,Cao Bằng,Xã Tam Kim,22.606427,106.0179879,91,Moderate,1,12.1,53,0.0,2.2,14,990.0,26,29.6,33.5,328.0,6.5,69.0,7.5
2025-01-29 10:00:00,2025,1,29,10,Cao Bằng,Xã Tam Kim,22.606427,106.0179879,92,Moderate,1,14.3,44,0.0,2.3,51,989.6,93,24.3,27.8,300.0,3.4,88.0,8.5
2025-01-29 11:00:00,2025,1,29,11,Cao Bằng,Xã Tam Kim,22.606427,106.0179879,93,Moderate,1,15.1,41,0.0,3.4,115,988.7,100,21.9,24.8,288.0,2.0,101.0,9.1
2025-01-29 12:00:00,2025,1,29,12,Cao Bằng,Xã Tam Kim,22.606427,106.0179879,94,Moderate,1,15.6,41,0.0,5.8,146,987.2,100,21.3,24.0,283.0,1.5,110.0,9.4
2025-01-29 13:00:00,2025,1,29,13,Cao Bằng,Xã Tam Kim,22.606427,106.0179879,94,Moderate,1,15.0,45,0.0,6.2,159,985.8,87,22.1,24.7,282.0,1.3,117.0,9.6
2025-01-29 14:00:00,2025,1,29,14,Cao Bằng,Xã Tam Kim,22.606427,106.0179879,95,Moderate,1,16.2,42,0.0,5.0,150,984.1,6,23.1,25.7,282.0,0.7,122.0,9.6
2025-01-29 15:00:00,2025,1,29,15,Cao Bằng,Xã Tam Kim,22.606427,106.0179879,95,Moderate,1,17.7,40,0.0,5.8,154,982.7,1,23.7,26.2,286.0,0.4,125.0,9.5
2025-01-29 16:00:00,2025,1,29,16,Cao Bằng,Xã Tam Kim,22.606427,106.0179879,96,Moderate,1,17.7,42,0.0,6.4,162,981.7,0,24.2,26.5,304.0,1.4,122.0,9.5
2025-01-29 17:00:00,2025,1,29,17,Cao Bằng,Xã Tam Kim,22.606427,106.0179879,97,Moderate,1,15.9,57,0.0,4.3,158,981.2,1,24.6,26.8,352.0,5.0,111.0,9.8
2025-01-29 18:00:00,2025,1,29,18,Cao Bằng,Xã Tam Kim,22.606427,106.0179879,97,Moderate,1,12.4,67,0.0,5.2,178,981.0,2,26.6,28.6,414.0,9.9,95.0,10.2
2025-01-29 19:00:00,2025,1,29,19,Cao Bằng,Xã Tam Kim,22.606427,106.0179879,97,Moderate,1,10.2,78,0.0,4.8,207,980.9,0,31.8,34.0,450.0,13.8,71.0,10.0
2025-01-29 20:00:00,2025,1,29,20,Cao Bằng,Xã Tam Kim,22.606427,106.0179879,97,Moderate,1,9.4,83,0.0,3.3,209,981.4,11,35.0,37.5,434.0,15.6,65.0,10.3
2025-01-29 21:00:00,2025,1,29,21,Cao Bằng,Xã Tam Kim,22.606427,106.0179879,97,Moderate,1,8.9,85,0.0,2.3,225,981.8,11,36.7,39.2,392.0,18.0,57.0,10.8
2025-01-29 22:00:00,2025,1,29,22,Cao Bằng,Xã Tam Kim,22.606427,106.0179879,96,Moderate,1,8.2,87,0.0,1.5,225,982.2,7,38.3,41.0,357.0,19.5,50.0,10.8
2025-01-29 23:00:00,2025,1,29,23,Cao Bằng,Xã Tam Kim,22.606427,106.0179879,96,Moderate,1,7.7,89,0.0,0.7,256,981.9,2,39.5,42.3,343.0,19.3,47.0,10.2
2025-01-30 00:00:00,2025,1,30,0,Cao Bằng,Xã Tam Kim,22.606427,106.0179879,95,Moderate,1,7.5,89,0.0,0.4,270,981.8,2,39.6,42.5,336.0,18.3,46.0,9.1
2025-01-30 01:00:00,2025,1,30,1,Cao Bằng,Xã Tam Kim,22.606427,106.0179879,95,Moderate,1,7.1,90,0.0,0.5,270,981.5,1,39.0,42.0,331.0,16.8,45.0,8.2
2025-01-30 02:00:00,2025,1,30,2,Cao Bằng,Xã Tam Kim,22.606427,106.0179879,94,Moderate,1,6.6,90,0.0,1.1,279,981.1,1,38.2,41.2,322.0,14.8,45.0,7.4
2025-01-30 03:00:00,2025,1,30,3,Cao Bằng,Xã Tam Kim,22.606427,106.0179879,93,Moderate,1,6.4,90,0.0,0.7,270,980.4,2,37.6,40.7,316.0,12.3,46.0,6.6
2025-01-30 04:00:00,2025,1,30,4,Cao Bằng,Xã Tam Kim,22.606427,106.0179879,93,Moderate,1,6.4,90,0.0,0.7,256,979.9,2,37.4,40.6,326.0,10.7,47.0,6.3
2025-01-30 05:00:00,2025,1,30,5,Cao Bằng,Xã Tam Kim,22.606427,106.0179879,92,Moderate,1,6.1,90,0.0,0.9,270,979.6,1,37.4,40.6,374.0,10.9,46.0,6.1
2025-01-30 06:00:00,2025,1,30,6,Cao Bằng,Xã Tam Kim,22.606427,106.0179879,92,Moderate,1,5.9,90,0.0,1.3,278,979.7,0,38.0,41.2,438.0,12.0,45.0,6.4
2025-01-30 07:00:00,2025,1,30,7,Cao Bằng,Xã Tam Kim,22.606427,106.0179879,92,Moderate,1,6.1,90,0.0,1.6,276,980.0,0,37.0,39.9,474.0,11.5,50.0,7.9
2025-01-30 08:00:00,2025,1,30,8,Cao Bằng,Xã Tam Kim,22.606427,106.0179879,92,Moderate,1,10.5,75,0.0,2.7,48,981.2,68,34.9,36.8,452.0,8.8,65.0,13.6
2025-01-30 09:00:00,2025,1,30,9,Cao Bằng,Xã Tam Kim,22.606427,106.0179879,92,Moderate,1,13.4,65,0.0,4.6,54,981.9,15,30.5,32.1,401.0,5.1,87.0,21.3
2025-01-30 10:00:00,2025,1,30,10,Cao Bằng,Xã Tam Kim,22.606427,106.0179879,92,Moderate,1,16.3,59,0.0,3.9,124,981.8,96,30.9,32.2,359.0,2.4,104.0,26.3
2025-01-30 11:00:00,2025,1,30,11,Cao Bằng,Xã Tam Kim,22.606427,106.0179879,93,Moderate,1,17.8,60,0.0,10.2,193,980.8,32,31.7,32.7,338.0,1.6,114.0,25.8
2025-01-30 12:00:00,2025,1,30,12,Cao Bằng,Xã Tam Kim,22.606427,106.0179879,94,Moderate,1,19.2,54,0.0,15.9,192,979.3,25,33.5,34.5,326.0,1.8,119.0,22.4
2025-01-30 13:00:00,2025,1,30,13,Cao Bằng,Xã Tam Kim,22.606427,106.0179879,95,Moderate,1,20.0,54,0.0,16.3,196,977.4,22,35.0,35.9,325.0,2.3,124.0,19.7
2025-01-30 14:00:00,2025,1,30,14,Cao Bằng,Xã Tam Kim,22.606427,106.0179879,96,Moderate,1,20.7,52,0.0,17.4,200,975.9,24,36.3,37.0,339.0,2.9,129.0,18.7
2025-01-30 15:00:00,2025,1,30,15,Cao Bằng,Xã Tam Kim,22.606427,106.0179879,97,Moderate,1,20.0,56,0.0,16.3,191,975.2,15,37.6,38.2,363.0,3.8,133.0,18.3
2025-01-30 16:00:00,2025,1,30,16,Cao Bằng,Xã Tam Kim,22.606427,106.0179879,98,Moderate,1,19.3,57,0.0,14.5,191,974.8,18,38.5,39.1,391.0,5.4,132.0,18.3
2025-01-30 17:00:00,2025,1,30,17,Cao Bằng,Xã Tam Kim,22.606427,106.0179879,99,Moderate,1,18.5,62,0.0,9.9,183,974.7,26,39.8,40.3,429.0,8.4,125.0,19.1
2025-01-30 18:00:00,2025,1,30,18,Cao Bằng,Xã Tam Kim,22.606427,106.0179879,101,Unhealthy for Sensitive Groups,2,15.4,77,0.0,7.7,164,974.6,5,40.6,41.1,470.0,12.1,114.0,20.3
2025-01-30 19:00:00,2025,1,30,19,Cao Bằng,Xã Tam Kim,22.606427,106.0179879,102,Unhealthy for Sensitive Groups,2,13.9,85,0.0,4.5,166,975.0,15,39.6,39.7,486.0,11.8,94.0,20.1
2025-01-30 20:00:00,2025,1,30,20,Cao Bằng,Xã Tam Kim,22.606427,106.0179879,103,Unhealthy for Sensitive Groups,2,13.9,84,0.0,3.0,147,976.5,44,41.6,41.8,455.0,12.6,88.0,19.8
2025-01-30 21:00:00,2025,1,30,21,Cao Bằng,Xã Tam Kim,22.606427,106.0179879,104,Unhealthy for Sensitive Groups,2,14.3,84,0.0,0.9,79,977.0,99,44.1,44.5,399.0,13.6,79.0,19.3
2025-01-30 22:00:00,2025,1,30,22,Cao Bằng,Xã Tam Kim,22.606427,106.0179879,105,Unhealthy for Sensitive Groups,2,14.1,85,0.0,2.2,104,977.3,98,46.9,47.4,355.0,14.1,71.0,18.4
2025-01-30 23:00:00,2025,1,30,23,Cao Bằng,Xã Tam Kim,22.606427,106.0179879,106,Unhealthy for Sensitive Groups,2,13.8,88,0.0,2.3,90,977.3,91,47.6,48.2,338.0,13.7,66.0,16.8
2025-01-31 00:00:00,2025,1,31,0,Cao Bằng,Xã Tam Kim,22.606427,106.0179879,106,Unhealthy for Sensitive Groups,2,13.5,89,0.0,2.6,102,976.9,99,47.1,47.7,332.0,12.8,63.0,14.7
2025-01-31 01:00:00,2025,1,31,1,Cao Bằng,Xã Tam Kim,22.606427,106.0179879,107,Unhealthy for Sensitive Groups,2,13.8,89,0.0,2.2,76,976.9,100,46.2,46.9,326.0,11.7,61.0,12.6
2025-01-31 02:00:00,2025,1,31,2,Cao Bằng,Xã Tam Kim,22.606427,106.0179879,108,Unhealthy for Sensitive Groups,2,13.9,90,0.1,3.2,74,976.1,100,43.5,44.5,314.0,10.2,60.0,10.5
2025-01-31 03:00:00,2025,1,31,3,Cao Bằng,Xã Tam Kim,22.606427,106.0179879,108,Unhealthy for Sensitive Groups,2,13.8,92,0.1,3.3,77,975.6,100,42.1,43.1,303.0,8.5,61.0,8.4
2025-01-31 04:00:00,2025,1,31,4,Cao Bằng,Xã Tam Kim,22.606427,106.0179879,109,Unhealthy for Sensitive Groups,2,14.0,93,0.0,3.2,93,975.1,100,39.7,40.7,302.0,7.4,60.0,6.7
2025-01-31 05:00:00,2025,1,31,5,Cao Bằng,Xã Tam Kim,22.606427,106.0179879,109,Unhealthy for Sensitive Groups,2,14.1,94,0.0,3.8,98,975.1,100,29.5,30.0,323.0,7.4,56.0,5.7
2025-01-31 06:00:00,2025,1,31,6,Cao Bằng,Xã Tam Kim,22.606427,106.0179879,108,Unhealthy for Sensitive Groups,2,14.3,95,0.0,3.6,99,975.6,100,21.0,21.4,355.0,8.0,52.0,5.1
2025-01-31 07:00:00,2025,1,31,7,Cao Bằng,Xã Tam Kim,22.606427,106.0179879,107,Unhealthy for Sensitive Groups,2,14.4,96,0.0,4.4,99,976.2,99,15.6,15.9,370.0,9.4,40.0,5.5
2025-01-31 08:00:00,2025,1,31,8,Cao Bằng,Xã Tam Kim,22.606427,106.0179879,104,Unhealthy for Sensitive Groups,2,15.9,93,0.0,4.0,72,977.4,100,10.4,10.7,352.0,8.6,48.0,5.1
2025-01-31 09:00:00,2025,1,31,9,Cao Bằng,Xã Tam Kim,22.606427,106.0179879,102,Unhealthy for Sensitive Groups,2,17.4,90,0.0,3.9,77,978.3,91,7.0,7.2,317.0,7.4,60.0,4.6
2025-01-31 10:00:00,2025,1,31,10,Cao Bằng,Xã Tam Kim,22.606427,106.0179879,99,Moderate,1,18.9,82,0.0,4.5,178,978.8,98,5.6,5.8,292.0,6.4,70.0,4.3
2025-01-31 11:00:00,2025,1,31,11,Cao Bằng,Xã Tam Kim,22.606427,106.0179879,97,Moderate,1,20.2,72,0.0,9.3,199,978.0,95,6.7,7.1,288.0,5.6,77.0,4.4
2025-01-31 12:00:00,2025,1,31,12,Cao Bằng,Xã Tam Kim,22.606427,106.0179879,95,Moderate,1,21.6,64,0.0,14.1,197,977.0,74,9.2,9.7,293.0,4.9,83.0,4.7
2025-01-31 13:00:00,2025,1,31,13,Cao Bằng,Xã Tam Kim,22.606427,106.0179879,93,Moderate,1,22.3,61,0.0,15.4,197,975.6,96,14.6,15.6,303.0,4.8,88.0,5.2
2025-01-31 14:00:00,2025,1,31,14,Cao Bằng,Xã Tam Kim,22.606427,106.0179879,91,Moderate,1,22.3,62,0.0,15.1,200,974.4,98,19.7,20.8,312.0,5.3,94.0,5.8
2025-01-31 15:00:00,2025,1,31,15,Cao Bằng,Xã Tam Kim,22.606427,106.0179879,90,Moderate,1,22.8,60,0.0,14.7,205,973.2,65,25.3,26.5,325.0,6.4,98.0,6.6
2025-01-31 16:00:00,2025,1,31,16,Cao Bằng,Xã Tam Kim,22.606427,106.0179879,88,Moderate,1,22.5,61,0.0,12.8,208,973.0,43,32.6,33.9,351.0,8.6,98.0,7.5
2025-01-31 17:00:00,2025,1,31,17,Cao Bằng,Xã Tam Kim,22.606427,106.0179879,88,Moderate,1,21.6,66,0.0,7.3,200,973.3,22,37.0,38.4,407.0,12.8,88.0,8.6
2025-01-31 18:00:00,2025,1,31,18,Cao Bằng,Xã Tam Kim,22.606427,106.0179879,88,Moderate,1,19.1,78,0.0,4.6,159,973.3,15,41.0,42.4,476.0,18.2,74.0,9.8
2025-01-31 19:00:00,2025,1,31,19,Cao Bằng,Xã Tam Kim,22.606427,106.0179879,88,Moderate,1,16.9,89,0.0,5.4,182,973.5,6,34.9,35.9,514.0,18.9,56.0,9.3
2025-01-31 20:00:00,2025,1,31,20,Cao Bằng,Xã Tam Kim,22.606427,106.0179879,87,Moderate,1,15.6,93,0.0,3.5,192,974.1,2,39.3,40.3,493.0,21.0,52.0,10.4
2025-01-31 21:00:00,2025,1,31,21,Cao Bằng,Xã Tam Kim,22.606427,106.0179879,87,Moderate,1,14.5,96,0.0,1.8,225,974.7,55,42.4,43.4,442.0,23.8,47.0,11.8
2025-01-31 22:00:00,2025,1,31,22,Cao Bằng,Xã Tam Kim,22.606427,106.0179879,87,Moderate,1,14.4,96,0.0,1.1,252,975.1,84,45.3,46.2,401.0,25.3,42.0,12.4
2025-01-31 23:00:00,2025,1,31,23,Cao Bằng,Xã Tam Kim,22.606427,106.0179879,87,Moderate,1,15.3,93,0.0,0.4,297,975.2,75,47.5,48.5,388.0,24.4,39.0,11.6
2025-02-01 00:00:00,2025,2,1,0,Cao Bằng,Xã Tam Kim,22.606427,106.0179879,87,Moderate,1,15.4,92,0.0,0.6,304,975.4,100,51.0,52.2,385.0,22.3,36.0,10.0
2025-02-01 01:00:00,2025,2,1,1,Cao Bằng,Xã Tam Kim,22.606427,106.0179879,87,Moderate,1,15.7,91,0.0,1.3,45,975.3,100,50.9,51.8,379.0,19.8,34.0,8.7
2025-02-01 02:00:00,2025,2,1,2,Cao Bằng,Xã Tam Kim,22.606427,106.0179879,88,Moderate,1,16.1,93,0.0,3.4,96,974.7,100,49.0,49.9,362.0,16.9,34.0,7.9
2025-02-01 03:00:00,2025,2,1,3,Cao Bằng,Xã Tam Kim,22.606427,106.0179879,88,Moderate,1,16.3,97,0.0,5.7,108,974.3,100,46.3,47.3,343.0,13.7,36.0,7.4
2025-02-01 04:00:00,2025,2,1,4,Cao Bằng,Xã Tam Kim,22.606427,106.0179879,88,Moderate,1,16.5,97,0.0,4.9,114,973.8,100,43.7,44.6,333.0,11.6,36.0,7.0
2025-02-01 05:00:00,2025,2,1,5,Cao Bằng,Xã Tam Kim,22.606427,106.0179879,89,Moderate,1,16.4,97,0.1,3.5,118,974.0,100,41.8,42.7,345.0,11.6,31.0,6.8
2025-02-01 06:00:00,2025,2,1,6,Cao Bằng,Xã Tam Kim,22.606427,106.0179879,90,Moderate,1,16.3,98,0.1,3.4,108,974.5,100,39.2,40.0,366.0,12.7,25.0,6.7
2025-02-01 07:00:00,2025,2,1,7,Cao Bằng,Xã Tam Kim,22.606427,106.0179879,91,Moderate,1,16.4,98,0.2,3.5,114,975.1,100,36.7,37.5,369.0,12.7,27.0,6.5
2025-02-01 08:00:00,2025,2,1,8,Cao Bằng,Xã Tam Kim,22.606427,106.0179879,93,Moderate,1,17.2,94,0.1,5.7,101,976.4,100,32.8,34.1,336.0,10.3,41.0,7.4
2025-02-01 09:00:00,2025,2,1,9,Cao Bằng,Xã Tam Kim,22.606427,106.0179879,95,Moderate,1,18.4,86,0.1,5.7,139,977.5,93,23.3,25.1,285.0,7.1,60.0,8.6
2025-02-01 10:00:00,2025,2,1,10,Cao Bằng,Xã Tam Kim,22.606427,106.0179879,97,Moderate,1,19.8,78,0.1,5.6,155,977.3,65,19.0,20.4,249.0,4.7,75.0,9.2
2025-02-01 11:00:00,2025,2,1,11,Cao Bằng,Xã Tam Kim,22.606427,106.0179879,98,Moderate,1,21.3,67,0.1,5.8,164,976.8,100,16.1,17.3,243.0,4.1,79.0,8.6
2025-02-01 12:00:00,2025,2,1,12,Cao Bằng,Xã Tam Kim,22.606427,106.0179879,99,Moderate,1,22.8,60,0.0,7.7,169,975.6,99,15.0,16.0,251.0,4.3,78.0,7.4
2025-02-01 13:00:00,2025,2,1,13,Cao Bằng,Xã Tam Kim,22.606427,106.0179879,99,Moderate,1,23.5,57,0.0,10.5,174,973.9,97,14.5,15.4,259.0,4.6,79.0,6.4
2025-02-01 14:00:00,2025,2,1,14,Cao Bằng,Xã Tam Kim,22.606427,106.0179879,99,Moderate,1,23.7,57,0.0,11.7,185,972.4,100,15.5,16.3,261.0,4.3,86.0,5.7
2025-02-01 15:00:00,2025,2,1,15,Cao Bằng,Xã Tam Kim,22.606427,106.0179879,99,Moderate,1,23.9,56,0.0,11.6,184,971.7,95,17.1,17.9,263.0,4.0,96.0,5.1
2025-02-01 16:00:00,2025,2,1,16,Cao Bằng,Xã Tam Kim,22.606427,106.0179879,98,Moderate,1,23.6,57,0.0,10.1,177,971.5,99,21.6,22.4,271.0,5.0,99.0,4.9
2025-02-01 17:00:00,2025,2,1,17,Cao Bằng,Xã Tam Kim,22.606427,106.0179879,97,Moderate,1,22.3,65,0.0,10.1,147,971.9,98,23.2,23.9,292.0,8.5,91.0,5.2
2025-02-01 18:00:00,2025,2,1,18,Cao Bằng,Xã Tam Kim,22.606427,106.0179879,96,Moderate,1,19.2,81,0.0,9.3,152,972.2,95,26.4,27.0,317.0,13.4,77.0,5.9
2025-02-01 19:00:00,2025,2,1,19,Cao Bằng,Xã Tam Kim,22.606427,106.0179879,95,Moderate,1,17.3,90,0.0,6.5,188,972.7,95,35.3,36.4,330.0,16.1,68.0,6.5
2025-02-01 20:00:00,2025,2,1,20,Cao Bằng,Xã Tam Kim,22.606427,106.0179879,95,Moderate,1,17.4,91,0.0,6.5,199,973.5,94,38.4,39.6,317.0,16.8,66.0,7.3
2025-02-01 21:00:00,2025,2,1,21,Cao Bằng,Xã Tam Kim,22.606427,106.0179879,95,Moderate,1,17.9,90,0.1,4.0,180,974.1,71,41.2,42.4,291.0,17.8,64.0,8.3
2025-02-01 22:00:00,2025,2,1,22,Cao Bằng,Xã Tam Kim,22.606427,106.0179879,95,Moderate,1,18.0,90,0.0,1.6,117,974.6,85,44.2,45.5,270.0,18.3,61.0,9.0
2025-02-01 23:00:00,2025,2,1,23,Cao Bằng,Xã Tam Kim,22.606427,106.0179879,94,Moderate,1,16.8,93,0.1,1.2,129,974.6,98,46.6,47.8,263.0,18.0,57.0,9.0
2025-02-02 00:00:00,2025,2,2,0,Cao Bằng,Xã Tam Kim,22.606427,106.0179879,94,Moderate,1,17.1,93,0.0,1.4,113,975.0,100,46.6,47.8,261.0,17.3,51.0,8.7
2025-02-02 01:00:00,2025,2,2,1,Cao Bằng,Xã Tam Kim,22.606427,106.0179879,94,Moderate,1,17.4,93,0.1,2.6,106,975.2,100,44.9,46.2,257.0,16.2,47.0,8.4
2025-02-02 02:00:00,2025,2,2,2,Cao Bằng,Xã Tam Kim,22.606427,106.0179879,93,Moderate,1,17.2,95,0.3,3.1,103,975.0,100,42.1,43.4,243.0,14.5,45.0,8.4
2025-02-02 03:00:00,2025,2,2,3,Cao Bằng,Xã Tam Kim,22.606427,106.0179879,93,Moderate,1,17.0,97,0.2,4.4,111,974.9,100,39.0,40.2,228.0,12.3,44.0,8.5
2025-02-02 04:00:00,2025,2,2,4,Cao Bằng,Xã Tam Kim,22.606427,106.0179879,92,Moderate,1,16.9,98,0.1,6.0,123,974.8,100,36.8,37.8,224.0,10.7,42.0,8.6
2025-02-02 05:00:00,2025,2,2,5,Cao Bằng,Xã Tam Kim,22.606427,106.0179879,92,Moderate,1,16.8,99,0.1,6.8,125,974.9,100,27.2,27.9,235.0,10.0,38.0,8.7
2025-02-02 06:00:00,2025,2,2,6,Cao Bằng,Xã Tam Kim,22.606427,106.0179879,90,Moderate,1,16.5,98,0.2,10.3,128,975.6,100,15.3,15.6,258.0,9.9,34.0,8.7
2025-02-02 07:00:00,2025,2,2,7,Cao Bằng,Xã Tam Kim,22.606427,106.0179879,88,Moderate,1,15.7,98,1.0,11.1,133,976.3,100,12.5,12.7,302.0,11.7,25.0,7.7
2025-02-02 08:00:00,2025,2,2,8,Cao Bằng,Xã Tam Kim,22.606427,106.0179879,86,Moderate,1,16.3,98,0.4,11.6,118,976.9,100,9.1,9.3,382.0,10.8,27.0,9.1
2025-02-02 09:00:00,2025,2,2,9,Cao Bằng,Xã Tam Kim,22.606427,106.0179879,84,Moderate,1,16.1,99,1.9,7.7,118,978.5,100,7.3,7.4,482.0,9.6,31.0,11.1
2025-02-02 10:00:00,2025,2,2,10,Cao Bằng,Xã Tam Kim,22.606427,106.0179879,83,Moderate,1,16.1,98,2.6,3.0,123,979.3,100,6.4,6.4,563.0,8.4,34.0,12.5
2025-02-02 11:00:00,2025,2,2,11,Cao Bằng,Xã Tam Kim,22.606427,106.0179879,81,Moderate,1,16.6,97,1.2,3.2,153,979.1,100,5.2,5.2,613.0,7.5,38.0,12.9
2025-02-02 12:00:00,2025,2,2,12,Cao Bằng,Xã Tam Kim,22.606427,106.0179879,80,Moderate,1,16.4,94,0.2,5.9,137,978.3,100,4.6,4.6,643.0,6.6,41.0,12.7
2025-02-02 13:00:00,2025,2,2,13,Cao Bằng,Xã Tam Kim,22.606427,106.0179879,80,Moderate,1,17.1,80,0.0,6.8,122,977.3,100,4.3,4.3,649.0,6.0,45.0,12.5
2025-02-02 14:00:00,2025,2,2,14,Cao Bằng,Xã Tam Kim,22.606427,106.0179879,79,Moderate,1,17.1,76,0.1,6.4,119,976.5,100,4.2,4.2,613.0,5.4,49.0,12.3
2025-02-02 15:00:00,2025,2,2,15,Cao Bằng,Xã Tam Kim,22.606427,106.0179879,78,Moderate,1,16.8,77,0.2,5.6,135,975.7,100,3.4,3.4,554.0,5.1,53.0,12.0
2025-02-02 16:00:00,2025,2,2,16,Cao Bằng,Xã Tam Kim,22.606427,106.0179879,76,Moderate,1,16.6,75,0.0,5.6,158,975.8,100,3.3,3.3,517.0,5.5,54.0,11.7
2025-02-02 17:00:00,2025,2,2,17,Cao Bằng,Xã Tam Kim,22.606427,106.0179879,75,Moderate,1,16.3,76,0.0,5.3,168,976.1,100,3.7,3.7,530.0,7.4,50.0,11.4
2025-02-02 18:00:00,2025,2,2,18,Cao Bằng,Xã Tam Kim,22.606427,106.0179879,73,Moderate,1,15.6,79,0.1,5.8,175,976.7,100,4.8,4.8,566.0,9.9,44.0,11.1
2025-02-02 19:00:00,2025,2,2,19,Cao Bằng,Xã Tam Kim,22.606427,106.0179879,71,Moderate,1,15.0,84,0.2,6.8,180,977.3,100,15.1,15.3,593.0,6.4,48.0,11.8
2025-02-02 20:00:00,2025,2,2,20,Cao Bằng,Xã Tam Kim,22.606427,106.0179879,69,Moderate,1,14.9,85,0.1,5.2,166,978.7,100,14.7,14.8,597.0,6.5,47.0,11.7
2025-02-02 21:00:00,2025,2,2,21,Cao Bằng,Xã Tam Kim,22.606427,106.0179879,67,Moderate,1,14.7,88,0.1,2.0,170,979.6,100,14.8,14.9,592.0,6.7,45.0,11.6
2025-02-02 22:00:00,2025,2,2,22,Cao Bằng,Xã Tam Kim,22.606427,106.0179879,65,Moderate,1,14.5,89,0.1,1.5,166,980.4,100,14.6,14.6,587.0,6.6,45.0,11.5
2025-02-02 23:00:00,2025,2,2,23,Cao Bằng,Xã Tam Kim,22.606427,106.0179879,62,Moderate,1,14.4,92,0.2,2.4,103,980.9,100,14.2,14.2,586.0,6.1,46.0,11.3
2025-02-03 00:00:00,2025,2,3,0,Cao Bằng,Xã Tam Kim,22.606427,106.0179879,59,Moderate,1,13.9,92,0.2,2.3,67,981.2,100,13.5,13.5,584.0,5.4,49.0,11.2
2025-02-03 01:00:00,2025,2,3,1,Cao Bằng,Xã Tam Kim,22.606427,106.0179879,56,Moderate,1,13.7,92,0.1,2.3,360,981.8,100,12.7,12.8,575.0,4.7,51.0,10.8
2025-02-03 02:00:00,2025,2,3,2,Cao Bằng,Xã Tam Kim,22.606427,106.0179879,54,Moderate,1,13.0,93,0.2,4.3,336,982.2,100,12.5,12.5,553.0,4.2,53.0,10.2
2025-02-03 03:00:00,2025,2,3,3,Cao Bằng,Xã Tam Kim,22.606427,106.0179879,51,Moderate,1,12.3,94,0.6,4.3,318,982.3,100,12.5,12.6,523.0,3.7,54.0,9.4
2025-02-03 04:00:00,2025,2,3,4,Cao Bằng,Xã Tam Kim,22.606427,106.0179879,47,Good,0,12.1,94,0.7,3.4,317,982.4,100,12.8,12.9,498.0,3.4,56.0,8.7
2025-02-03 05:00:00,2025,2,3,5,Cao Bằng,Xã Tam Kim,22.606427,106.0179879,43,Good,0,12.2,93,0.3,2.4,297,982.7,100,13.1,13.2,484.0,3.4,58.0,8.1
2025-02-03 06:00:00,2025,2,3,6,Cao Bằng,Xã Tam Kim,22.606427,106.0179879,41,Good,0,12.3,91,0.1,2.1,345,983.6,100,13.0,13.1,474.0,3.7,59.0,7.4
2025-02-03 07:00:00,2025,2,3,7,Cao Bằng,Xã Tam Kim,22.606427,106.0179879,40,Good,0,11.8,91,0.1,4.5,360,984.7,100,10.1,10.2,462.0,3.5,65.0,6.8
2025-02-03 08:00:00,2025,2,3,8,Cao Bằng,Xã Tam Kim,22.606427,106.0179879,40,Good,0,12.2,86,0.1,8.8,358,986.8,100,8.9,9.0,446.0,3.4,69.0,6.4
2025-02-03 09:00:00,2025,2,3,9,Cao Bằng,Xã Tam Kim,22.606427,106.0179879,40,Good,0,12.9,70,0.0,8.4,345,987.9,100,7.5,7.5,427.0,3.2,76.0,5.8
2025-02-03 10:00:00,2025,2,3,10,Cao Bằng,Xã Tam Kim,22.606427,106.0179879,40,Good,0,13.3,68,0.0,8.4,353,988.2,100,5.7,5.7,410.0,3.0,82.0,5.3
2025-02-03 11:00:00,2025,2,3,11,Cao Bằng,Xã Tam Kim,22.606427,106.0179879,40,Good,0,14.6,58,0.0,10.7,12,987.5,100,4.6,4.6,394.0,2.6,88.0,4.9
2025-02-03 12:00:00,2025,2,3,12,Cao Bằng,Xã Tam Kim,22.606427,106.0179879,40,Good,0,15.2,50,0.0,9.6,8,986.7,100,4.9,4.9,378.0,2.1,93.0,4.6
2025-02-03 13:00:00,2025,2,3,13,Cao Bằng,Xã Tam Kim,22.606427,106.0179879,40,Good,0,15.8,48,0.0,10.1,4,985.4,95,5.0,5.0,365.0,1.8,97.0,4.5
2025-02-03 14:00:00,2025,2,3,14,Cao Bằng,Xã Tam Kim,22.606427,106.0179879,40,Good,0,15.9,48,0.0,11.2,15,984.4,96,4.7,4.7,350.0,1.6,100.0,4.6
2025-02-03 15:00:00,2025,2,3,15,Cao Bằng,Xã Tam Kim,22.606427,106.0179879,40,Good,0,16.1,45,0.0,7.8,32,983.7,85,5.0,5.0,337.0,1.5,101.0,4.8
2025-02-03 16:00:00,2025,2,3,16,Cao Bằng,Xã Tam Kim,22.606427,106.0179879,41,Good,0,16.0,49,0.0,7.3,59,983.4,83,5.4,5.5,337.0,1.8,100.0,5.2
2025-02-03 17:00:00,2025,2,3,17,Cao Bằng,Xã Tam Kim,22.606427,106.0179879,43,Good,0,15.7,49,0.0,5.0,77,983.7,92,6.0,6.0,364.0,2.9,97.0,5.7
2025-02-03 18:00:00,2025,2,3,18,Cao Bằng,Xã Tam Kim,22.606427,106.0179879,44,Good,0,14.1,57,0.0,3.8,87,984.2,98,6.8,6.9,404.0,4.4,92.0,6.4
2025-02-03 19:00:00,2025,2,3,19,Cao Bằng,Xã Tam Kim,22.606427,106.0179879,45,Good,0,14.3,61,0.0,0.6,34,984.9,92,6.8,6.8,429.0,3.4,91.0,7.3
2025-02-03 20:00:00,2025,2,3,20,Cao Bằng,Xã Tam Kim,22.606427,106.0179879,45,Good,0,12.5,65,0.0,4.5,5,986.8,85,8.5,8.5,423.0,3.7,88.0,7.8
2025-02-03 21:00:00,2025,2,3,21,Cao Bằng,Xã Tam Kim,22.606427,106.0179879,44,Good,0,11.4,68,0.0,4.2,355,987.3,90,10.2,10.3,401.0,4.1,84.0,8.4
2025-02-03 22:00:00,2025,2,3,22,Cao Bằng,Xã Tam Kim,22.606427,106.0179879,44,Good,0,10.4,71,0.0,3.6,357,987.3,83,11.9,12.0,383.0,4.6,79.0,8.7
2025-02-03 23:00:00,2025,2,3,23,Cao Bằng,Xã Tam Kim,22.606427,106.0179879,42,Good,0,9.4,75,0.0,2.8,11,987.1,79,13.4,13.5,374.0,5.3,72.0,8.4
2025-02-04 00:00:00,2025,2,4,0,Cao Bằng,Xã Tam Kim,22.606427,106.0179879,41,Good,0,8.4,80,0.0,2.0,27,987.3,92,14.2,14.4,367.0,6.1,65.0,7.8
2025-02-04 01:00:00,2025,2,4,1,Cao Bằng,Xã Tam Kim,22.606427,106.0179879,39,Good,0,7.9,82,0.0,0.9,360,987.2,82,14.7,15.0,364.0,6.6,58.0,7.3
2025-02-04 02:00:00,2025,2,4,2,Cao Bằng,Xã Tam Kim,22.606427,106.0179879,38,Good,0,7.3,84,0.0,1.0,22,986.9,91,15.0,15.3,362.0,6.5,54.0,6.9
2025-02-04 03:00:00,2025,2,4,3,Cao Bằng,Xã Tam Kim,22.606427,106.0179879,38,Good,0,6.5,87,0.0,1.6,333,987.0,56,15.1,15.4,363.0,6.1,50.0,6.5
2025-02-04 04:00:00,2025,2,4,4,Cao Bằng,Xã Tam Kim,22.606427,106.0179879,39,Good,0,5.9,89,0.0,3.6,323,986.6,45,15.1,15.4,370.0,6.1,47.0,6.2
2025-02-04 05:00:00,2025,2,4,5,Cao Bằng,Xã Tam Kim,22.606427,106.0179879,39,Good,0,5.5,89,0.0,3.2,326,986.6,24,15.3,15.6,389.0,7.2,41.0,6.0
2025-02-04 06:00:00,2025,2,4,6,Cao Bằng,Xã Tam Kim,22.606427,106.0179879,40,Good,0,5.2,88,0.0,4.7,313,987.1,12,15.7,16.1,415.0,8.7,34.0,5.9
2025-02-04 07:00:00,2025,2,4,7,Cao Bằng,Xã Tam Kim,22.606427,106.0179879,40,Good,0,6.1,83,0.0,5.2,316,987.8,24,19.2,19.8,430.0,6.9,50.0,7.5
2025-02-04 08:00:00,2025,2,4,8,Cao Bằng,Xã Tam Kim,22.606427,106.0179879,42,Good,0,10.4,68,0.0,3.9,323,989.0,35,19.5,20.6,427.0,5.4,64.0,8.5
2025-02-04 09:00:00,2025,2,4,9,Cao Bằng,Xã Tam Kim,22.606427,106.0179879,43,Good,0,12.9,48,0.0,5.1,343,989.5,51,20.1,22.8,413.0,3.3,83.0,9.8
2025-02-04 10:00:00,2025,2,4,10,Cao Bằng,Xã Tam Kim,22.606427,106.0179879,46,Good,0,14.5,48,0.0,4.2,20,989.2,3,22.6,26.5,401.0,1.7,98.0,10.5
2025-02-04 11:00:00,2025,2,4,11,Cao Bằng,Xã Tam Kim,22.606427,106.0179879,49,Good,0,16.3,40,0.0,2.8,79,988.1,42,24.0,28.3,394.0,1.1,106.0,10.1
2025-02-04 12:00:00,2025,2,4,12,Cao Bằng,Xã Tam Kim,22.606427,106.0179879,51,Moderate,1,17.5,37,0.0,2.6,124,986.4,56,24.7,29.1,387.0,1.0,111.0,9.1
2025-02-04 13:00:00,2025,2,4,13,Cao Bằng,Xã Tam Kim,22.606427,106.0179879,53,Moderate,1,18.4,36,0.0,3.1,140,984.4,41,25.2,29.6,381.0,1.0,114.0,8.3
2025-02-04 14:00:00,2025,2,4,14,Cao Bằng,Xã Tam Kim,22.606427,106.0179879,55,Moderate,1,18.9,36,0.0,4.0,144,982.7,77,25.6,30.0,372.0,0.6,118.0,7.9
2025-02-04 15:00:00,2025,2,4,15,Cao Bằng,Xã Tam Kim,22.606427,106.0179879,56,Moderate,1,19.0,36,0.0,4.8,146,981.6,80,26.0,30.2,364.0,0.3,120.0,7.6
2025-02-04 16:00:00,2025,2,4,16,Cao Bằng,Xã Tam Kim,22.606427,106.0179879,58,Moderate,1,18.8,37,0.0,6.3,143,980.9,66,26.5,30.6,365.0,1.3,118.0,7.6
2025-02-04 17:00:00,2025,2,4,17,Cao Bằng,Xã Tam Kim,22.606427,106.0179879,60,Moderate,1,17.3,45,0.0,7.3,138,980.5,29,27.4,31.3,383.0,4.9,107.0,7.9
2025-02-04 18:00:00,2025,2,4,18,Cao Bằng,Xã Tam Kim,22.606427,106.0179879,62,Moderate,1,14.0,57,0.0,8.7,173,980.5,2,31.4,34.9,410.0,9.9,92.0,8.5
2025-02-04 19:00:00,2025,2,4,19,Cao Bằng,Xã Tam Kim,22.606427,106.0179879,64,Moderate,1,12.6,64,0.0,5.4,201,980.5,10,26.7,29.6,431.0,13.0,75.0,8.4
2025-02-04 20:00:00,2025,2,4,20,Cao Bằng,Xã Tam Kim,22.606427,106.0179879,66,Moderate,1,12.3,68,0.0,3.5,204,981.1,90,26.5,29.0,440.0,12.0,74.0,8.4
2025-02-04 21:00:00,2025,2,4,21,Cao Bằng,Xã Tam Kim,22.606427,106.0179879,68,Moderate,1,12.8,68,0.0,1.5,194,981.6,85,25.9,27.9,443.0,10.6,72.0,8.4
2025-02-04 22:00:00,2025,2,4,22,Cao Bằng,Xã Tam Kim,22.606427,106.0179879,69,Moderate,1,12.8,69,0.0,1.9,124,981.9,96,25.4,27.1,440.0,9.5,70.0,8.3
2025-02-04 23:00:00,2025,2,4,23,Cao Bằng,Xã Tam Kim,22.606427,106.0179879,70,Moderate,1,12.5,71,0.0,1.8,96,981.6,92,25.2,26.7,427.0,9.1,67.0,8.0
2025-02-05 00:00:00,2025,2,5,0,Cao Bằng,Xã Tam Kim,22.606427,106.0179879,71,Moderate,1,12.1,72,0.0,2.1,70,981.1,57,25.1,26.4,407.0,9.0,64.0,7.6
2025-02-05 01:00:00,2025,2,5,1,Cao Bằng,Xã Tam Kim,22.606427,106.0179879,72,Moderate,1,11.2,75,0.0,2.7,67,980.7,67,25.4,26.6,397.0,8.8,61.0,7.4
2025-02-05 02:00:00,2025,2,5,2,Cao Bằng,Xã Tam Kim,22.606427,106.0179879,73,Moderate,1,11.3,74,0.0,2.1,59,980.2,87,26.3,27.4,399.0,8.2,60.0,7.6
2025-02-05 03:00:00,2025,2,5,3,Cao Bằng,Xã Tam Kim,22.606427,106.0179879,74,Moderate,1,11.4,73,0.0,1.8,37,980.1,97,28.0,29.0,409.0,7.5,60.0,8.0
2025-02-05 04:00:00,2025,2,5,4,Cao Bằng,Xã Tam Kim,22.606427,106.0179879,75,Moderate,1,11.2,72,0.0,2.3,23,979.8,94,30.4,31.3,432.0,7.3,60.0,8.6
2025-02-05 05:00:00,2025,2,5,5,Cao Bằng,Xã Tam Kim,22.606427,106.0179879,77,Moderate,1,11.2,73,0.0,2.3,23,980.2,82,32.4,33.3,483.0,8.0,57.0,8.8
2025-02-05 06:00:00,2025,2,5,6,Cao Bằng,Xã Tam Kim,22.606427,106.0179879,78,Moderate,1,10.8,73,0.0,2.2,9,980.8,80,34.6,35.4,546.0,9.2,53.0,9.2
2025-02-05 07:00:00,2025,2,5,7,Cao Bằng,Xã Tam Kim,22.606427,106.0179879,80,Moderate,1,10.9,75,0.0,2.2,346,981.4,64,37.8,38.3,576.0,10.3,54.0,16.6
2025-02-05 08:00:00,2025,2,5,8,Cao Bằng,Xã Tam Kim,22.606427,106.0179879,81,Moderate,1,13.3,65,0.0,2.1,75,982.0,97,39.2,39.9,541.0,9.2,63.0,19.3
2025-02-05 09:00:00,2025,2,5,9,Cao Bằng,Xã Tam Kim,22.606427,106.0179879,83,Moderate,1,14.3,64,0.0,3.4,106,982.5,95,38.2,38.9,473.0,7.6,75.0,22.9
2025-02-05 10:00:00,2025,2,5,10,Cao Bằng,Xã Tam Kim,22.606427,106.0179879,85,Moderate,1,16.0,58,0.0,7.8,165,982.4,99,36.4,37.1,423.0,6.3,85.0,24.4
2025-02-05 11:00:00,2025,2,5,11,Cao Bằng,Xã Tam Kim,22.606427,106.0179879,86,Moderate,1,16.4,57,0.0,9.3,162,981.3,100,36.3,36.9,413.0,5.5,90.0,22.0
2025-02-05 12:00:00,2025,2,5,12,Cao Bằng,Xã Tam Kim,22.606427,106.0179879,87,Moderate,1,16.5,57,0.0,10.4,169,980.0,100,36.7,37.1,422.0,5.1,93.0,17.6
2025-02-05 13:00:00,2025,2,5,13,Cao Bằng,Xã Tam Kim,22.606427,106.0179879,88,Moderate,1,17.1,56,0.0,10.7,172,978.6,100,36.4,36.9,428.0,4.8,94.0,13.7
2025-02-05 14:00:00,2025,2,5,14,Cao Bằng,Xã Tam Kim,22.606427,106.0179879,89,Moderate,1,17.8,58,0.0,10.4,172,977.5,100,37.0,37.5,423.0,4.6,95.0,11.2
2025-02-05 15:00:00,2025,2,5,15,Cao Bằng,Xã Tam Kim,22.606427,106.0179879,90,Moderate,1,17.4,60,0.0,8.3,175,976.7,100,39.9,40.4,416.0,4.6,95.0,9.2
2025-02-05 16:00:00,2025,2,5,16,Cao Bằng,Xã Tam Kim,22.606427,106.0179879,91,Moderate,1,17.6,59,0.0,5.3,162,976.7,100,38.6,39.1,419.0,5.4,92.0,8.0
2025-02-05 17:00:00,2025,2,5,17,Cao Bằng,Xã Tam Kim,22.606427,106.0179879,92,Moderate,1,16.3,69,0.0,5.6,123,977.3,100,39.7,40.2,441.0,7.8,84.0,7.8
2025-02-05 18:00:00,2025,2,5,18,Cao Bằng,Xã Tam Kim,22.606427,106.0179879,94,Moderate,1,14.9,84,0.2,3.9,124,977.7,100,42.4,42.8,473.0,10.9,74.0,8.3
2025-02-05 19:00:00,2025,2,5,19,Cao Bằng,Xã Tam Kim,22.606427,106.0179879,95,Moderate,1,14.6,90,0.2,2.7,118,978.3,100,27.8,28.1,497.0,13.4,63.0,13.4
2025-02-05 20:00:00,2025,2,5,20,Cao Bằng,Xã Tam Kim,22.606427,106.0179879,95,Moderate,1,13.9,87,0.0,2.1,149,979.4,100,27.7,27.9,505.0,12.1,66.0,14.4
2025-02-05 21:00:00,2025,2,5,21,Cao Bằng,Xã Tam Kim,22.606427,106.0179879,95,Moderate,1,13.8,88,0.1,3.5,152,980.2,100,27.5,27.8,504.0,10.2,69.0,15.6
2025-02-05 22:00:00,2025,2,5,22,Cao Bằng,Xã Tam Kim,22.606427,106.0179879,95,Moderate,1,13.3,92,0.2,6.1,140,980.5,100,27.9,28.1,502.0,8.6,71.0,16.3
2025-02-05 23:00:00,2025,2,5,23,Cao Bằng,Xã Tam Kim,22.606427,106.0179879,95,Moderate,1,13.0,94,0.2,4.6,159,980.3,100,28.1,28.4,501.0,7.6,71.0,15.8
2025-02-06 00:00:00,2025,2,6,0,Cao Bằng,Xã Tam Kim,22.606427,106.0179879,95,Moderate,1,12.9,94,0.2,3.1,170,980.3,100,27.4,27.6,499.0,6.9,69.0,14.6
2025-02-06 01:00:00,2025,2,6,1,Cao Bằng,Xã Tam Kim,22.606427,106.0179879,96,Moderate,1,12.7,95,0.2,3.1,152,979.6,100,24.7,24.9,495.0,6.3,67.0,13.6
2025-02-06 02:00:00,2025,2,6,2,Cao Bằng,Xã Tam Kim,22.606427,106.0179879,96,Moderate,1,12.7,95,0.2,2.7,138,979.2,100,20.3,20.4,487.0,5.6,66.0,13.0
2025-02-06 03:00:00,2025,2,6,3,Cao Bằng,Xã Tam Kim,22.606427,106.0179879,95,Moderate,1,12.6,95,0.2,2.4,132,979.0,100,15.4,15.5,478.0,5.0,64.0,12.6
2025-02-06 04:00:00,2025,2,6,4,Cao Bằng,Xã Tam Kim,22.606427,106.0179879,94,Moderate,1,12.4,96,0.4,2.9,158,978.7,100,11.2,11.3,475.0,4.7,62.0,12.5
2025-02-06 05:00:00,2025,2,6,5,Cao Bằng,Xã Tam Kim,22.606427,106.0179879,92,Moderate,1,12.3,97,0.4,3.2,161,978.7,100,8.4,8.4,484.0,4.9,58.0,12.7
2025-02-06 06:00:00,2025,2,6,6,Cao Bằng,Xã Tam Kim,22.606427,106.0179879,90,Moderate,1,12.1,97,0.5,4.6,162,979.3,100,5.7,5.7,500.0,5.3,54.0,13.1
2025-02-06 07:00:00,2025,2,6,7,Cao Bằng,Xã Tam Kim,22.606427,106.0179879,87,Moderate,1,11.9,98,0.5,5.2,168,979.5,100,11.8,11.8,508.0,5.9,52.0,12.7
2025-02-06 08:00:00,2025,2,6,8,Cao Bằng,Xã Tam Kim,22.606427,106.0179879,85,Moderate,1,11.6,97,0.4,5.3,168,981.2,100,11.1,11.2,502.0,5.8,55.0,13.7
2025-02-06 09:00:00,2025,2,6,9,Cao Bằng,Xã Tam Kim,22.606427,106.0179879,83,Moderate,1,11.8,97,0.4,5.8,175,981.8,100,9.2,9.3,488.0,5.7,58.0,15.0
2025-02-06 10:00:00,2025,2,6,10,Cao Bằng,Xã Tam Kim,22.606427,106.0179879,80,Moderate,1,11.9,98,0.3,5.6,178,981.8,100,8.2,8.2,479.0,5.7,61.0,16.0
2025-02-06 11:00:00,2025,2,6,11,Cao Bằng,Xã Tam Kim,22.606427,106.0179879,78,Moderate,1,12.1,96,0.3,4.8,158,981.1,100,8.8,8.8,478.0,5.7,63.0,16.4
2025-02-06 12:00:00,2025,2,6,12,Cao Bằng,Xã Tam Kim,22.606427,106.0179879,75,Moderate,1,12.5,95,0.3,4.1,146,980.1,100,8.8,8.8,482.0,5.8,64.0,16.5
2025-02-06 13:00:00,2025,2,6,13,Cao Bằng,Xã Tam Kim,22.606427,106.0179879,73,Moderate,1,13.0,94,0.3,3.4,148,978.7,100,8.1,8.2,488.0,6.0,65.0,16.6
2025-02-06 14:00:00,2025,2,6,14,Cao Bằng,Xã Tam Kim,22.606427,106.0179879,70,Moderate,1,13.6,88,0.2,2.7,148,977.8,100,7.2,7.3,498.0,6.1,67.0,16.9
2025-02-06 15:00:00,2025,2,6,15,Cao Bằng,Xã Tam Kim,22.606427,106.0179879,68,Moderate,1,14.1,84,0.1,2.8,135,977.3,100,6.6,6.6,510.0,6.3,68.0,17.3
2025-02-06 16:00:00,2025,2,6,16,Cao Bằng,Xã Tam Kim,22.606427,106.0179879,65,Moderate,1,14.0,88,0.0,1.8,186,977.4,100,6.2,6.2,519.0,7.2,67.0,17.3
2025-02-06 17:00:00,2025,2,6,17,Cao Bằng,Xã Tam Kim,22.606427,106.0179879,62,Moderate,1,13.6,90,0.0,3.3,216,978.0,100,7.1,7.1,521.0,9.4,60.0,16.7
2025-02-06 18:00:00,2025,2,6,18,Cao Bằng,Xã Tam Kim,22.606427,106.0179879,59,Moderate,1,13.2,91,0.1,5.7,212,978.7,100,9.3,9.3,519.0,12.4,51.0,15.8
2025-02-06 19:00:00,2025,2,6,19,Cao Bằng,Xã Tam Kim,22.606427,106.0179879,56,Moderate,1,13.0,94,0.2,6.7,200,979.8,100,12.8,12.9,522.0,13.4,44.0,14.7
2025-02-06 20:00:00,2025,2,6,20,Cao Bằng,Xã Tam Kim,22.606427,106.0179879,55,Moderate,1,12.3,96,0.2,7.0,201,980.5,100,13.9,14.0,535.0,13.5,41.0,13.8
2025-02-06 21:00:00,2025,2,6,21,Cao Bằng,Xã Tam Kim,22.606427,106.0179879,53,Moderate,1,12.2,97,0.2,5.4,201,981.1,100,15.0,15.0,553.0,13.6,38.0,12.6
2025-02-06 22:00:00,2025,2,6,22,Cao Bằng,Xã Tam Kim,22.606427,106.0179879,52,Moderate,1,12.5,94,0.2,2.5,172,982.1,100,15.4,15.5,566.0,13.1,36.0,11.5
2025-02-06 23:00:00,2025,2,6,23,Cao Bằng,Xã Tam Kim,22.606427,106.0179879,51,Moderate,1,12.6,93,0.2,1.8,127,982.6,100,15.4,15.4,574.0,11.6,38.0,10.6
2025-02-07 00:00:00,2025,2,7,0,Cao Bằng,Xã Tam Kim,22.606427,106.0179879,50,Good,0,12.5,93,0.3,2.5,45,983.3,100,14.3,14.4,577.0,9.6,42.0,9.7
2025-02-07 01:00:00,2025,2,7,1,Cao Bằng,Xã Tam Kim,22.606427,106.0179879,48,Good,0,12.0,94,0.2,3.2,360,983.8,100,13.3,13.3,565.0,7.8,46.0,9.1
2025-02-07 02:00:00,2025,2,7,2,Cao Bằng,Xã Tam Kim,22.606427,106.0179879,46,Good,0,11.5,94,0.3,3.9,323,983.8,100,12.0,12.1,521.0,6.3,49.0,8.7
2025-02-07 03:00:00,2025,2,7,3,Cao Bằng,Xã Tam Kim,22.606427,106.0179879,44,Good,0,10.9,95,0.4,5.8,324,983.9,100,10.5,10.5,461.0,5.0,52.0,8.4
2025-02-07 04:00:00,2025,2,7,4,Cao Bằng,Xã Tam Kim,22.606427,106.0179879,43,Good,0,10.6,95,0.4,5.8,321,984.1,100,9.4,9.4,425.0,4.2,54.0,8.4
2025-02-07 05:00:00,2025,2,7,5,Cao Bằng,Xã Tam Kim,22.606427,106.0179879,43,Good,0,10.5,94,0.3,4.9,321,984.5,100,8.4,8.4,439.0,4.1,54.0,8.6
2025-02-07 06:00:00,2025,2,7,6,Cao Bằng,Xã Tam Kim,22.606427,106.0179879,43,Good,0,10.4,94,0.2,4.8,323,985.2,100,7.7,7.7,477.0,4.4,54.0,9.0
2025-02-07 07:00:00,2025,2,7,7,Cao Bằng,Xã Tam Kim,22.606427,106.0179879,43,Good,0,10.4,93,0.1,6.1,330,986.0,100,9.4,9.4,504.0,4.7,54.0,9.3
2025-02-07 08:00:00,2025,2,7,8,Cao Bằng,Xã Tam Kim,22.606427,106.0179879,43,Good,0,10.7,90,0.0,8.0,335,987.2,100,8.6,8.6,507.0,4.3,58.0,9.9
2025-02-07 09:00:00,2025,2,7,9,Cao Bằng,Xã Tam Kim,22.606427,106.0179879,43,Good,0,11.6,73,0.0,8.0,329,988.2,100,7.2,7.2,500.0,3.8,64.0,10.7
2025-02-07 10:00:00,2025,2,7,10,Cao Bằng,Xã Tam Kim,22.606427,106.0179879,42,Good,0,12.2,66,0.0,7.5,340,988.5,100,5.4,5.5,485.0,3.3,69.0,11.1
2025-02-07 11:00:00,2025,2,7,11,Cao Bằng,Xã Tam Kim,22.606427,106.0179879,42,Good,0,13.3,60,0.0,6.0,355,987.8,100,5.0,5.0,460.0,2.9,74.0,10.8
2025-02-07 12:00:00,2025,2,7,12,Cao Bằng,Xã Tam Kim,22.606427,106.0179879,41,Good,0,14.2,52,0.0,5.5,11,986.8,99,5.4,5.5,428.0,2.5,79.0,10.1
2025-02-07 13:00:00,2025,2,7,13,Cao Bằng,Xã Tam Kim,22.606427,106.0179879,41,Good,0,15.0,52,0.0,4.8,22,985.5,100,6.0,6.1,403.0,2.3,83.0,9.5
2025-02-07 14:00:00,2025,2,7,14,Cao Bằng,Xã Tam Kim,22.606427,106.0179879,40,Good,0,15.6,48,0.0,4.7,40,984.5,98,6.7,6.8,389.0,2.3,85.0,9.1
2025-02-07 15:00:00,2025,2,7,15,Cao Bằng,Xã Tam Kim,22.606427,106.0179879,40,Good,0,15.9,47,0.0,5.9,43,983.8,96,7.3,7.4,382.0,2.4,85.0,8.7
2025-02-07 16:00:00,2025,2,7,16,Cao Bằng,Xã Tam Kim,22.606427,106.0179879,40,Good,0,15.9,48,0.0,5.9,72,983.8,96,7.9,7.9,387.0,2.8,84.0,8.4
2025-02-07 17:00:00,2025,2,7,17,Cao Bằng,Xã Tam Kim,22.606427,106.0179879,41,Good,0,15.0,53,0.0,6.7,93,984.7,100,8.5,8.5,415.0,3.7,82.0,8.2
2025-02-07 18:00:00,2025,2,7,18,Cao Bằng,Xã Tam Kim,22.606427,106.0179879,41,Good,0,13.9,58,0.0,6.1,102,985.6,100,9.3,9.3,455.0,4.7,78.0,8.2
2025-02-07 19:00:00,2025,2,7,19,Cao Bằng,Xã Tam Kim,22.606427,106.0179879,41,Good,0,13.1,62,0.0,5.0,105,986.5,100,9.2,9.2,480.0,4.6,74.0,8.5
2025-02-07 20:00:00,2025,2,7,20,Cao Bằng,Xã Tam Kim,22.606427,106.0179879,40,Good,0,12.4,60,0.0,5.3,52,987.4,100,10.2,10.2,474.0,4.4,75.0,8.6
2025-02-07 21:00:00,2025,2,7,21,Cao Bằng,Xã Tam Kim,22.606427,106.0179879,39,Good,0,11.8,63,0.0,4.3,66,987.8,100,10.9,10.9,452.0,4.1,75.0,8.8
2025-02-07 22:00:00,2025,2,7,22,Cao Bằng,Xã Tam Kim,22.606427,106.0179879,39,Good,0,11.6,63,0.0,5.0,71,988.5,100,11.7,11.8,433.0,3.8,76.0,8.9
2025-02-07 23:00:00,2025,2,7,23,Cao Bằng,Xã Tam Kim,22.606427,106.0179879,38,Good,0,11.5,64,0.0,6.0,83,988.3,100,10.9,10.9,423.0,3.5,76.0,9.0
2025-02-08 00:00:00,2025,2,8,0,Cao Bằng,Xã Tam Kim,22.606427,106.0179879,37,Good,0,11.0,66,0.0,5.4,90,988.3,100,10.2,10.2,417.0,3.2,76.0,9.0
2025-02-08 01:00:00,2025,2,8,1,Cao Bằng,Xã Tam Kim,22.606427,106.0179879,37,Good,0,10.6,69,0.0,3.2,93,988.1,100,9.7,9.7,412.0,3.0,76.0,9.0
2025-02-08 02:00:00,2025,2,8,2,Cao Bằng,Xã Tam Kim,22.606427,106.0179879,36,Good,0,10.2,74,0.0,1.9,61,987.8,100,9.2,9.2,410.0,2.8,75.0,9.0
2025-02-08 03:00:00,2025,2,8,3,Cao Bằng,Xã Tam Kim,22.606427,106.0179879,36,Good,0,10.0,78,0.1,2.3,356,987.6,100,9.5,9.5,410.0,2.6,75.0,9.0
2025-02-08 04:00:00,2025,2,8,4,Cao Bằng,Xã Tam Kim,22.606427,106.0179879,35,Good,0,9.9,80,0.0,2.2,355,987.3,100,10.4,10.6,411.0,2.5,74.0,9.1
2025-02-08 05:00:00,2025,2,8,5,Cao Bằng,Xã Tam Kim,22.606427,106.0179879,36,Good,0,9.9,77,0.0,2.4,351,987.6,100,9.9,10.2,415.0,2.6,73.0,9.2
2025-02-08 06:00:00,2025,2,8,6,Cao Bằng,Xã Tam Kim,22.606427,106.0179879,36,Good,0,9.8,75,0.0,3.3,6,988.3,100,10.5,11.0,419.0,2.8,73.0,9.4
2025-02-08 07:00:00,2025,2,8,7,Cao Bằng,Xã Tam Kim,22.606427,106.0179879,36,Good,0,10.0,71,0.0,3.9,13,989.2,100,10.2,10.4,420.0,3.2,68.0,9.2
2025-02-08 08:00:00,2025,2,8,8,Cao Bằng,Xã Tam Kim,22.606427,106.0179879,36,Good,0,10.2,76,0.0,4.4,30,990.3,100,10.6,10.9,413.0,3.0,71.0,9.8
2025-02-08 09:00:00,2025,2,8,9,Cao Bằng,Xã Tam Kim,22.606427,106.0179879,37,Good,0,10.9,65,0.0,6.9,30,991.4,100,12.1,13.1,402.0,2.7,74.0,10.7
2025-02-08 10:00:00,2025,2,8,10,Cao Bằng,Xã Tam Kim,22.606427,106.0179879,38,Good,0,11.9,59,0.0,8.3,34,991.4,100,14.1,15.7,392.0,2.4,78.0,11.1
2025-02-08 11:00:00,2025,2,8,11,Cao Bằng,Xã Tam Kim,22.606427,106.0179879,39,Good,0,13.2,53,0.0,9.4,36,990.7,100,15.4,17.8,386.0,2.1,82.0,10.7
2025-02-08 12:00:00,2025,2,8,12,Cao Bằng,Xã Tam Kim,22.606427,106.0179879,41,Good,0,13.6,55,0.0,7.9,35,989.4,100,16.1,18.7,382.0,1.8,86.0,9.9
2025-02-08 13:00:00,2025,2,8,13,Cao Bằng,Xã Tam Kim,22.606427,106.0179879,43,Good,0,14.3,51,0.0,6.6,37,987.7,100,16.4,19.1,378.0,1.6,89.0,9.2
2025-02-08 14:00:00,2025,2,8,14,Cao Bằng,Xã Tam Kim,22.606427,106.0179879,45,Good,0,14.5,50,0.0,4.7,28,986.2,97,16.5,19.2,367.0,1.3,92.0,8.6
2025-02-08 15:00:00,2025,2,8,15,Cao Bằng,Xã Tam Kim,22.606427,106.0179879,46,Good,0,14.7,52,0.0,1.9,299,985.1,100,16.9,19.7,356.0,1.1,95.0,8.1
2025-02-08 16:00:00,2025,2,8,16,Cao Bằng,Xã Tam Kim,22.606427,106.0179879,48,Good,0,14.8,53,0.0,4.1,255,984.7,100,17.5,20.4,363.0,1.7,94.0,7.7
2025-02-08 17:00:00,2025,2,8,17,Cao Bằng,Xã Tam Kim,22.606427,106.0179879,50,Good,0,14.4,53,0.0,5.0,251,984.9,73,18.2,21.4,410.0,3.8,88.0,7.6
2025-02-08 18:00:00,2025,2,8,18,Cao Bằng,Xã Tam Kim,22.606427,106.0179879,51,Moderate,1,12.9,62,0.0,3.4,245,985.3,79,19.5,22.6,475.0,6.6,79.0,7.8
2025-02-08 19:00:00,2025,2,8,19,Cao Bằng,Xã Tam Kim,22.606427,106.0179879,52,Moderate,1,12.7,63,0.0,1.3,180,986.0,87,21.4,24.9,507.0,4.4,78.0,8.4
2025-02-08 20:00:00,2025,2,8,20,Cao Bằng,Xã Tam Kim,22.606427,106.0179879,53,Moderate,1,11.4,58,0.0,6.4,122,988.0,100,22.8,27.1,471.0,4.3,77.0,8.3
2025-02-08 21:00:00,2025,2,8,21,Cao Bằng,Xã Tam Kim,22.606427,106.0179879,54,Moderate,1,11.1,60,0.0,3.9,146,988.6,100,24.0,28.9,401.0,4.0,77.0,8.2
2025-02-08 22:00:00,2025,2,8,22,Cao Bằng,Xã Tam Kim,22.606427,106.0179879,55,Moderate,1,10.8,65,0.0,2.7,152,988.9,90,25.0,30.5,350.0,3.8,76.0,8.0
2025-02-08 23:00:00,2025,2,8,23,Cao Bằng,Xã Tam Kim,22.606427,106.0179879,56,Moderate,1,10.7,64,0.0,3.0,142,989.1,99,25.7,31.5,341.0,3.5,76.0,7.8
2025-02-09 00:00:00,2025,2,9,0,Cao Bằng,Xã Tam Kim,22.606427,106.0179879,57,Moderate,1,10.4,62,0.0,4.1,128,989.4,98,26.1,32.6,351.0,3.3,75.0,7.5
2025-02-09 01:00:00,2025,2,9,1,Cao Bằng,Xã Tam Kim,22.606427,106.0179879,59,Moderate,1,10.4,57,0.0,4.1,105,989.5,99,29.2,36.1,358.0,3.0,75.0,7.3
2025-02-09 02:00:00,2025,2,9,2,Cao Bằng,Xã Tam Kim,22.606427,106.0179879,61,Moderate,1,10.2,57,0.0,3.7,101,988.9,99,31.0,38.3,352.0,2.7,75.0,7.1
2025-02-09 03:00:00,2025,2,9,3,Cao Bằng,Xã Tam Kim,22.606427,106.0179879,62,Moderate,1,10.0,60,0.0,2.0,95,988.2,96,32.6,40.2,344.0,2.4,75.0,6.9
2025-02-09 04:00:00,2025,2,9,4,Cao Bằng,Xã Tam Kim,22.606427,106.0179879,65,Moderate,1,10.0,59,0.0,1.5,97,987.5,96,33.2,40.9,340.0,2.3,75.0,6.8
2025-02-09 05:00:00,2025,2,9,5,Cao Bằng,Xã Tam Kim,22.606427,106.0179879,67,Moderate,1,9.8,58,0.0,2.1,128,987.5,99,33.1,40.7,349.0,2.5,74.0,6.7
2025-02-09 06:00:00,2025,2,9,6,Cao Bằng,Xã Tam Kim,22.606427,106.0179879,69,Moderate,1,9.6,58,0.0,2.3,148,987.6,97,32.7,40.3,363.0,2.7,72.0,6.6
2025-02-09 07:00:00,2025,2,9,7,Cao Bằng,Xã Tam Kim,22.606427,106.0179879,71,Moderate,1,9.6,61,0.0,2.3,176,987.7,98,32.0,38.6,367.0,3.3,67.0,6.8
2025-02-09 08:00:00,2025,2,9,8,Cao Bằng,Xã Tam Kim,22.606427,106.0179879,73,Moderate,1,10.6,50,0.0,1.5,135,989.0,97,31.9,38.5,350.0,3.0,70.0,6.6
2025-02-09 09:00:00,2025,2,9,9,Cao Bằng,Xã Tam Kim,22.606427,106.0179879,74,Moderate,1,11.2,47,0.0,3.2,128,989.5,94,31.0,37.1,323.0,2.5,74.0,6.3
2025-02-09 10:00:00,2025,2,9,10,Cao Bằng,Xã Tam Kim,22.606427,106.0179879,76,Moderate,1,11.9,45,0.0,5.0,145,989.2,93,30.6,36.3,303.0,2.1,79.0,6.0
2025-02-09 11:00:00,2025,2,9,11,Cao Bằng,Xã Tam Kim,22.606427,106.0179879,78,Moderate,1,12.7,44,0.0,5.5,144,987.9,91,30.2,35.4,296.0,1.8,85.0,5.7
2025-02-09 12:00:00,2025,2,9,12,Cao Bằng,Xã Tam Kim,22.606427,106.0179879,79,Moderate,1,13.9,42,0.0,5.8,154,986.6,94,29.8,34.6,296.0,1.5,90.0,5.5
2025-02-09 13:00:00,2025,2,9,13,Cao Bằng,Xã Tam Kim,22.606427,106.0179879,80,Moderate,1,14.7,42,0.0,5.2,149,984.6,92,28.7,32.9,299.0,1.4,95.0,5.2
2025-02-09 14:00:00,2025,2,9,14,Cao Bằng,Xã Tam Kim,22.606427,106.0179879,81,Moderate,1,15.4,41,0.0,6.5,134,983.1,65,27.0,30.7,299.0,1.2,98.0,4.8
2025-02-09 15:00:00,2025,2,9,15,Cao Bằng,Xã Tam Kim,22.606427,106.0179879,82,Moderate,1,15.7,41,0.0,8.5,128,981.9,56,26.6,30.0,302.0,1.1,99.0,4.4
2025-02-09 16:00:00,2025,2,9,16,Cao Bằng,Xã Tam Kim,22.606427,106.0179879,83,Moderate,1,15.4,43,0.0,8.7,124,981.6,32,26.8,30.0,323.0,1.7,98.0,4.2
2025-02-09 17:00:00,2025,2,9,17,Cao Bằng,Xã Tam Kim,22.606427,106.0179879,84,Moderate,1,14.8,47,0.0,7.3,110,981.5,7,27.1,30.2,382.0,3.3,92.0,4.4
2025-02-09 18:00:00,2025,2,9,18,Cao Bằng,Xã Tam Kim,22.606427,106.0179879,85,Moderate,1,12.3,58,0.0,6.8,107,981.6,13,28.1,30.9,459.0,5.6,84.0,4.8
2025-02-09 19:00:00,2025,2,9,19,Cao Bằng,Xã Tam Kim,22.606427,106.0179879,85,Moderate,1,11.3,65,0.0,4.5,137,982.3,4,39.5,43.1,508.0,4.7,82.0,5.6
2025-02-09 20:00:00,2025,2,9,20,Cao Bằng,Xã Tam Kim,22.606427,106.0179879,87,Moderate,1,10.2,67,0.0,3.8,121,983.5,4,40.7,44.2,504.0,5.3,78.0,5.9
2025-02-09 21:00:00,2025,2,9,21,Cao Bằng,Xã Tam Kim,22.606427,106.0179879,89,Moderate,1,9.4,71,0.0,3.5,145,983.8,4,41.7,44.8,471.0,6.1,71.0,6.2
2025-02-09 22:00:00,2025,2,9,22,Cao Bằng,Xã Tam Kim,22.606427,106.0179879,90,Moderate,1,8.6,77,0.0,2.5,150,984.1,5,42.5,45.4,442.0,7.0,65.0,6.4
2025-02-09 23:00:00,2025,2,9,23,Cao Bằng,Xã Tam Kim,22.606427,106.0179879,92,Moderate,1,8.1,80,0.0,0.7,166,984.0,6,43.3,46.1,427.0,7.8,58.0,6.1
2025-02-10 00:00:00,2025,2,10,0,Cao Bằng,Xã Tam Kim,22.606427,106.0179879,93,Moderate,1,7.7,82,0.0,0.2,360,983.8,7,43.8,46.6,415.0,8.7,52.0,5.7
2025-02-10 01:00:00,2025,2,10,1,Cao Bằng,Xã Tam Kim,22.606427,106.0179879,95,Moderate,1,7.3,83,0.0,0.6,288,983.4,3,44.0,46.7,403.0,9.3,46.0,5.3
2025-02-10 02:00:00,2025,2,10,2,Cao Bằng,Xã Tam Kim,22.606427,106.0179879,96,Moderate,1,6.9,84,0.0,1.2,297,983.0,4,43.8,46.6,385.0,9.5,43.0,5.1
2025-02-10 03:00:00,2025,2,10,3,Cao Bằng,Xã Tam Kim,22.606427,106.0179879,97,Moderate,1,6.9,83,0.0,0.9,259,982.5,4,44.9,47.8,367.0,9.5,40.0,5.0
2025-02-10 04:00:00,2025,2,10,4,Cao Bằng,Xã Tam Kim,22.606427,106.0179879,98,Moderate,1,7.2,80,0.0,0.3,225,982.6,6,45.8,48.7,363.0,9.5,39.0,5.1
2025-02-10 05:00:00,2025,2,10,5,Cao Bằng,Xã Tam Kim,22.606427,106.0179879,99,Moderate,1,7.1,79,0.0,0.5,225,982.9,8,46.1,48.9,387.0,10.0,37.0,5.1
2025-02-10 06:00:00,2025,2,10,6,Cao Bằng,Xã Tam Kim,22.606427,106.0179879,101,Unhealthy for Sensitive Groups,2,7.1,82,0.0,1.9,248,983.7,10,46.9,49.7,425.0,10.7,35.0,5.2
2025-02-10 07:00:00,2025,2,10,7,Cao Bằng,Xã Tam Kim,22.606427,106.0179879,102,Unhealthy for Sensitive Groups,2,7.3,82,0.0,2.4,222,984.5,11,45.2,48.0,448.0,6.2,56.0,8.3
2025-02-10 08:00:00,2025,2,10,8,Cao Bằng,Xã Tam Kim,22.606427,106.0179879,104,Unhealthy for Sensitive Groups,2,10.1,65,0.0,2.8,220,986.3,81,47.0,49.8,440.0,5.9,59.0,11.5
2025-02-10 09:00:00,2025,2,10,9,Cao Bằng,Xã Tam Kim,22.606427,106.0179879,105,Unhealthy for Sensitive Groups,2,11.5,58,0.0,3.0,147,986.8,96,47.6,50.3,416.0,5.5,64.0,16.0
2025-02-10 10:00:00,2025,2,10,10,Cao Bằng,Xã Tam Kim,22.606427,106.0179879,107,Unhealthy for Sensitive Groups,2,12.6,55,0.0,4.4,125,986.8,100,48.5,51.1,392.0,5.2,69.0,19.7
2025-02-10 11:00:00,2025,2,10,11,Cao Bằng,Xã Tam Kim,22.606427,106.0179879,109,Unhealthy for Sensitive Groups,2,13.6,54,0.0,5.3,128,986.0,100,46.0,48.2,373.0,5.3,73.0,21.9
2025-02-10 12:00:00,2025,2,10,12,Cao Bằng,Xã Tam Kim,22.606427,106.0179879,110,Unhealthy for Sensitive Groups,2,15.1,52,0.0,5.5,153,984.6,100,44.5,46.4,354.0,5.6,76.0,23.3
2025-02-10 13:00:00,2025,2,10,13,Cao Bằng,Xã Tam Kim,22.606427,106.0179879,112,Unhealthy for Sensitive Groups,2,16.6,52,0.0,7.8,167,982.8,100,43.8,45.5,341.0,5.8,80.0,23.4
2025-02-10 14:00:00,2025,2,10,14,Cao Bằng,Xã Tam Kim,22.606427,106.0179879,113,Unhealthy for Sensitive Groups,2,17.5,53,0.0,9.0,177,981.4,100,43.1,44.6,336.0,5.4,84.0,21.6
2025-02-10 15:00:00,2025,2,10,15,Cao Bằng,Xã Tam Kim,22.606427,106.0179879,115,Unhealthy for Sensitive Groups,2,17.8,54,0.0,10.1,182,980.3,100,42.4,43.8,338.0,4.9,89.0,18.5
2025-02-10 16:00:00,2025,2,10,16,Cao Bằng,Xã Tam Kim,22.606427,106.0179879,117,Unhealthy for Sensitive Groups,2,18.0,54,0.0,10.3,185,979.7,70,41.8,43.0,347.0,5.0,90.0,15.9
2025-02-10 17:00:00,2025,2,10,17,Cao Bằng,Xã Tam Kim,22.606427,106.0179879,118,Unhealthy for Sensitive Groups,2,17.3,57,0.0,8.7,188,979.8,37,41.0,42.1,369.0,6.3,87.0,14.6
2025-02-10 18:00:00,2025,2,10,18,Cao Bằng,Xã Tam Kim,22.606427,106.0179879,120,Unhealthy for Sensitive Groups,2,14.7,69,0.0,5.3,170,979.8,39,40.0,41.0,399.0,8.3,80.0,13.7
2025-02-10 19:00:00,2025,2,10,19,Cao Bằng,Xã Tam Kim,22.606427,106.0179879,121,Unhealthy for Sensitive Groups,2,13.3,77,0.0,6.0,173,980.1,18,36.3,37.3,416.0,7.4,75.0,19.6
2025-02-10 20:00:00,2025,2,10,20,Cao Bằng,Xã Tam Kim,22.606427,106.0179879,121,Unhealthy for Sensitive Groups,2,12.7,79,0.0,3.6,153,980.9,53,38.6,39.7,411.0,7.8,72.0,19.2
2025-02-10 21:00:00,2025,2,10,21,Cao Bằng,Xã Tam Kim,22.606427,106.0179879,120,Unhealthy for Sensitive Groups,2,11.7,85,0.0,4.2,170,981.2,42,39.5,40.4,393.0,8.2,67.0,18.5
2025-02-10 22:00:00,2025,2,10,22,Cao Bằng,Xã Tam Kim,22.606427,106.0179879,120,Unhealthy for Sensitive Groups,2,11.6,86,0.0,3.4,164,981.6,58,39.1,39.9,377.0,8.5,63.0,17.9
2025-02-10 23:00:00,2025,2,10,23,Cao Bằng,Xã Tam Kim,22.606427,106.0179879,120,Unhealthy for Sensitive Groups,2,11.6,87,0.0,2.8,145,981.7,67,38.8,39.7,365.0,8.3,61.0,17.3
2025-02-11 00:00:00,2025,2,11,0,Cao Bằng,Xã Tam Kim,22.606427,106.0179879,119,Unhealthy for Sensitive Groups,2,11.4,87,0.0,2.7,132,981.5,77,39.1,40.0,354.0,7.9,60.0,16.7
2025-02-11 01:00:00,2025,2,11,1,Cao Bằng,Xã Tam Kim,22.606427,106.0179879,119,Unhealthy for Sensitive Groups,2,11.6,86,0.0,2.3,122,981.0,92,43.3,44.2,350.0,7.5,59.0,16.2
2025-02-11 02:00:00,2025,2,11,2,Cao Bằng,Xã Tam Kim,22.606427,106.0179879,119,Unhealthy for Sensitive Groups,2,11.7,85,0.0,1.3,90,980.3,92,43.0,43.9,357.0,7.0,58.0,15.8
2025-02-11 03:00:00,2025,2,11,3,Cao Bằng,Xã Tam Kim,22.606427,106.0179879,119,Unhealthy for Sensitive Groups,2,11.6,85,0.0,1.0,59,979.4,91,43.5,44.6,372.0,6.4,58.0,15.4
2025-02-11 04:00:00,2025,2,11,4,Cao Bằng,Xã Tam Kim,22.606427,106.0179879,119,Unhealthy for Sensitive Groups,2,11.7,85,0.0,1.6,84,978.8,83,44.7,45.6,390.0,6.0,57.0,15.2
2025-02-11 05:00:00,2025,2,11,5,Cao Bằng,Xã Tam Kim,22.606427,106.0179879,119,Unhealthy for Sensitive Groups,2,11.6,85,0.0,1.5,76,978.8,82,45.5,46.4,419.0,6.2,55.0,15.1
2025-02-11 06:00:00,2025,2,11,6,Cao Bằng,Xã Tam Kim,22.606427,106.0179879,118,Unhealthy for Sensitive Groups,2,11.8,85,0.0,1.7,41,979.3,85,46.1,47.1,450.0,6.6,52.0,15.2
2025-02-11 07:00:00,2025,2,11,7,Cao Bằng,Xã Tam Kim,22.606427,106.0179879,118,Unhealthy for Sensitive Groups,2,12.0,86,0.0,1.3,34,980.1,98,41.0,41.8,459.0,6.5,52.0,14.8
2025-02-11 08:00:00,2025,2,11,8,Cao Bằng,Xã Tam Kim,22.606427,106.0179879,118,Unhealthy for Sensitive Groups,2,13.8,78,0.0,4.1,105,981.4,98,39.1,39.8,422.0,6.1,58.0,15.2
2025-02-11 09:00:00,2025,2,11,9,Cao Bằng,Xã Tam Kim,22.606427,106.0179879,117,Unhealthy for Sensitive Groups,2,15.4,71,0.0,4.7,148,981.9,99,31.1,31.7,361.0,5.6,67.0,15.7
2025-02-11 10:00:00,2025,2,11,10,Cao Bằng,Xã Tam Kim,22.606427,106.0179879,115,Unhealthy for Sensitive Groups,2,16.6,69,0.0,8.1,179,982.3,100,23.1,23.5,320.0,5.0,76.0,15.3
2025-02-11 11:00:00,2025,2,11,11,Cao Bằng,Xã Tam Kim,22.606427,106.0179879,113,Unhealthy for Sensitive Groups,2,17.7,68,0.0,10.5,186,981.6,98,21.0,21.4,320.0,4.2,84.0,13.4
2025-02-11 12:00:00,2025,2,11,12,Cao Bằng,Xã Tam Kim,22.606427,106.0179879,110,Unhealthy for Sensitive Groups,2,18.6,63,0.0,11.1,188,980.3,87,22.6,23.0,340.0,3.3,93.0,10.7
2025-02-11 13:00:00,2025,2,11,13,Cao Bằng,Xã Tam Kim,22.606427,106.0179879,108,Unhealthy for Sensitive Groups,2,19.5,63,0.0,11.1,193,978.6,45,26.1,26.5,354.0,2.7,100.0,8.2
2025-02-11 14:00:00,2025,2,11,14,Cao Bằng,Xã Tam Kim,22.606427,106.0179879,106,Unhealthy for Sensitive Groups,2,20.7,58,0.0,13.8,194,977.2,28,31.0,31.4,349.0,2.4,108.0,6.1
2025-02-11 15:00:00,2025,2,11,15,Cao Bằng,Xã Tam Kim,22.606427,106.0179879,105,Unhealthy for Sensitive Groups,2,21.1,58,0.0,14.0,192,976.3,17,34.1,34.5,338.0,2.5,115.0,4.3
2025-02-11 16:00:00,2025,2,11,16,Cao Bằng,Xã Tam Kim,22.606427,106.0179879,104,Unhealthy for Sensitive Groups,2,20.7,62,0.0,11.8,187,975.9,7,36.8,37.1,344.0,3.7,116.0,3.4
2025-02-11 17:00:00,2025,2,11,17,Cao Bằng,Xã Tam Kim,22.606427,106.0179879,103,Unhealthy for Sensitive Groups,2,19.9,65,0.0,8.9,171,975.8,2,38.9,39.2,383.0,6.8,108.0,3.9
2025-02-11 18:00:00,2025,2,11,18,Cao Bằng,Xã Tam Kim,22.606427,106.0179879,103,Unhealthy for Sensitive Groups,2,16.5,80,0.0,9.2,159,976.0,1,40.9,41.2,438.0,11.1,94.0,5.2
2025-02-11 19:00:00,2025,2,11,19,Cao Bằng,Xã Tam Kim,22.606427,106.0179879,103,Unhealthy for Sensitive Groups,2,14.3,89,0.0,5.0,167,976.6,0,51.2,51.8,476.0,11.9,76.0,4.7
2025-02-11 20:00:00,2025,2,11,20,Cao Bằng,Xã Tam Kim,22.606427,106.0179879,105,Unhealthy for Sensitive Groups,2,13.7,92,0.0,3.8,169,977.5,1,53.1,53.6,481.0,13.3,68.0,5.1
2025-02-11 21:00:00,2025,2,11,21,Cao Bằng,Xã Tam Kim,22.606427,106.0179879,106,Unhealthy for Sensitive Groups,2,13.1,94,0.0,2.6,196,978.1,7,54.1,54.7,470.0,15.1,56.0,5.6
2025-02-11 22:00:00,2025,2,11,22,Cao Bằng,Xã Tam Kim,22.606427,106.0179879,108,Unhealthy for Sensitive Groups,2,13.0,93,0.0,0.8,243,978.7,60,55.1,55.6,458.0,16.1,47.0,6.0
2025-02-11 23:00:00,2025,2,11,23,Cao Bằng,Xã Tam Kim,22.606427,106.0179879,110,Unhealthy for Sensitive Groups,2,13.9,90,0.0,0.4,297,979.2,93,54.8,55.3,451.0,15.6,44.0,6.1
2025-02-12 00:00:00,2025,2,12,0,Cao Bằng,Xã Tam Kim,22.606427,106.0179879,111,Unhealthy for Sensitive Groups,2,14.3,89,0.0,1.5,339,979.6,100,54.1,54.6,444.0,14.4,44.0,6.1
2025-02-12 01:00:00,2025,2,12,1,Cao Bằng,Xã Tam Kim,22.606427,106.0179879,113,Unhealthy for Sensitive Groups,2,14.6,90,0.0,1.9,343,979.5,100,53.6,54.1,437.0,13.2,44.0,6.0
2025-02-12 02:00:00,2025,2,12,2,Cao Bằng,Xã Tam Kim,22.606427,106.0179879,114,Unhealthy for Sensitive Groups,2,14.6,92,0.0,2.3,337,979.1,100,53.3,53.9,429.0,12.2,42.0,6.0
2025-02-12 03:00:00,2025,2,12,3,Cao Bằng,Xã Tam Kim,22.606427,106.0179879,115,Unhealthy for Sensitive Groups,2,14.8,91,0.0,1.2,321,978.9,99,53.3,53.8,421.0,11.2,40.0,5.9
2025-02-12 04:00:00,2025,2,12,4,Cao Bằng,Xã Tam Kim,22.606427,106.0179879,116,Unhealthy for Sensitive Groups,2,15.0,92,0.0,0.9,360,978.6,99,52.7,53.3,419.0,10.8,38.0,5.9
2025-02-12 05:00:00,2025,2,12,5,Cao Bằng,Xã Tam Kim,22.606427,106.0179879,117,Unhealthy for Sensitive Groups,2,15.2,91,0.0,0.9,11,978.7,100,51.5,52.0,434.0,11.6,33.0,5.8
2025-02-12 06:00:00,2025,2,12,6,Cao Bằng,Xã Tam Kim,22.606427,106.0179879,117,Unhealthy for Sensitive Groups,2,15.0,93,0.0,2.3,356,979.3,100,50.2,50.8,454.0,12.9,28.0,5.8
2025-02-12 07:00:00,2025,2,12,7,Cao Bằng,Xã Tam Kim,22.606427,106.0179879,118,Unhealthy for Sensitive Groups,2,15.2,94,0.0,1.0,31,980.1,100,48.1,48.8,454.0,11.4,36.0,7.6
2025-02-12 08:00:00,2025,2,12,8,Cao Bằng,Xã Tam Kim,22.606427,106.0179879,119,Unhealthy for Sensitive Groups,2,16.6,89,0.0,3.1,77,981.2,100,34.1,34.8,410.0,9.2,49.0,9.0
2025-02-12 09:00:00,2025,2,12,9,Cao Bằng,Xã Tam Kim,22.606427,106.0179879,118,Unhealthy for Sensitive Groups,2,17.8,84,0.0,4.3,68,982.3,99,27.6,28.4,346.0,6.1,68.0,10.9
2025-02-12 10:00:00,2025,2,12,10,Cao Bằng,Xã Tam Kim,22.606427,106.0179879,118,Unhealthy for Sensitive Groups,2,18.7,80,0.2,4.6,42,983.0,100,28.3,29.0,305.0,3.8,82.0,11.6
2025-02-12 11:00:00,2025,2,12,11,Cao Bằng,Xã Tam Kim,22.606427,106.0179879,118,Unhealthy for Sensitive Groups,2,19.0,78,0.1,6.9,15,982.7,100,29.5,30.2,315.0,2.9,89.0,10.2
2025-02-12 12:00:00,2025,2,12,12,Cao Bằng,Xã Tam Kim,22.606427,106.0179879,119,Unhealthy for Sensitive Groups,2,19.6,74,0.0,5.5,351,981.9,100,31.7,32.2,348.0,2.8,92.0,7.7
2025-02-12 13:00:00,2025,2,12,13,Cao Bằng,Xã Tam Kim,22.606427,106.0179879,120,Unhealthy for Sensitive Groups,2,20.7,68,0.0,1.0,31,980.6,100,35.6,36.1,370.0,2.8,93.0,5.6
2025-02-12 14:00:00,2025,2,12,14,Cao Bằng,Xã Tam Kim,22.606427,106.0179879,121,Unhealthy for Sensitive Groups,2,21.9,62,0.0,2.3,113,979.5,98,35.2,35.6,358.0,2.6,95.0,4.4
2025-02-12 15:00:00,2025,2,12,15,Cao Bằng,Xã Tam Kim,22.606427,106.0179879,121,Unhealthy for Sensitive Groups,2,21.9,62,0.0,2.3,148,978.8,94,37.3,37.6,334.0,2.6,95.0,3.6
2025-02-12 16:00:00,2025,2,12,16,Cao Bằng,Xã Tam Kim,22.606427,106.0179879,122,Unhealthy for Sensitive Groups,2,22.1,61,0.0,1.7,167,978.7,87,37.6,38.0,331.0,3.4,92.0,3.3
2025-02-12 17:00:00,2025,2,12,17,Cao Bằng,Xã Tam Kim,22.606427,106.0179879,122,Unhealthy for Sensitive Groups,2,21.4,73,0.0,1.4,230,979.0,100,36.0,36.3,375.0,5.7,83.0,3.9
2025-02-12 18:00:00,2025,2,12,18,Cao Bằng,Xã Tam Kim,22.606427,106.0179879,122,Unhealthy for Sensitive Groups,2,19.5,75,0.0,1.6,297,979.6,100,34.7,34.9,440.0,8.8,70.0,5.1
2025-02-12 19:00:00,2025,2,12,19,Cao Bằng,Xã Tam Kim,22.606427,106.0179879,121,Unhealthy for Sensitive Groups,2,18.3,83,0.1,4.2,12,980.7,100,42.1,42.5,484.0,11.3,55.0,5.9
2025-02-12 20:00:00,2025,2,12,20,Cao Bằng,Xã Tam Kim,22.606427,106.0179879,120,Unhealthy for Sensitive Groups,2,18.2,85,0.1,1.4,50,981.7,100,39.7,39.9,487.0,10.7,53.0,6.2
2025-02-12 21:00:00,2025,2,12,21,Cao Bằng,Xã Tam Kim,22.606427,106.0179879,119,Unhealthy for Sensitive Groups,2,17.7,89,0.2,2.1,340,982.5,100,36.1,36.3,469.0,9.7,50.0,6.6
2025-02-12 22:00:00,2025,2,12,22,Cao Bằng,Xã Tam Kim,22.606427,106.0179879,117,Unhealthy for Sensitive Groups,2,16.9,93,0.7,3.1,28,983.3,100,32.5,32.6,451.0,8.7,48.0,6.8
2025-02-12 23:00:00,2025,2,12,23,Cao Bằng,Xã Tam Kim,22.606427,106.0179879,114,Unhealthy for Sensitive Groups,2,16.0,96,0.8,3.6,20,983.6,100,29.2,29.3,441.0,7.6,49.0,6.6
2025-02-13 00:00:00,2025,2,13,0,Cao Bằng,Xã Tam Kim,22.606427,106.0179879,112,Unhealthy for Sensitive Groups,2,15.4,97,0.2,4.0,30,983.8,100,26.3,26.4,432.0,6.3,52.0,6.2
2025-02-13 01:00:00,2025,2,13,1,Cao Bằng,Xã Tam Kim,22.606427,106.0179879,109,Unhealthy for Sensitive Groups,2,15.1,95,0.0,2.3,86,983.7,100,23.9,24.0,422.0,5.3,54.0,5.9
2025-02-13 02:00:00,2025,2,13,2,Cao Bằng,Xã Tam Kim,22.606427,106.0179879,106,Unhealthy for Sensitive Groups,2,14.6,92,0.0,2.2,99,983.1,100,21.8,21.8,407.0,4.6,56.0,5.8
2025-02-13 03:00:00,2025,2,13,3,Cao Bằng,Xã Tam Kim,22.606427,106.0179879,102,Unhealthy for Sensitive Groups,2,14.5,90,0.0,1.7,131,982.5,100,20.0,20.1,392.0,4.0,58.0,5.7
2025-02-13 04:00:00,2025,2,13,4,Cao Bằng,Xã Tam Kim,22.606427,106.0179879,99,Moderate,1,14.0,86,0.0,1.2,153,982.3,100,18.7,18.8,386.0,3.7,60.0,5.7
2025-02-13 05:00:00,2025,2,13,5,Cao Bằng,Xã Tam Kim,22.606427,106.0179879,96,Moderate,1,14.3,88,0.0,0.7,180,982.6,100,17.8,17.9,399.0,3.7,61.0,5.8
2025-02-13 06:00:00,2025,2,13,6,Cao Bằng,Xã Tam Kim,22.606427,106.0179879,93,Moderate,1,14.2,89,0.0,0.6,162,982.9,100,17.1,17.2,422.0,4.0,61.0,6.0
2025-02-13 07:00:00,2025,2,13,7,Cao Bằng,Xã Tam Kim,22.606427,106.0179879,90,Moderate,1,13.9,94,0.0,1.7,162,983.5,100,20.8,20.9,439.0,5.0,55.0,5.8
2025-02-13 08:00:00,2025,2,13,8,Cao Bằng,Xã Tam Kim,22.606427,106.0179879,88,Moderate,1,14.5,94,0.0,4.2,149,984.5,100,19.4,19.6,444.0,4.7,58.0,6.0
2025-02-13 09:00:00,2025,2,13,9,Cao Bằng,Xã Tam Kim,22.606427,106.0179879,86,Moderate,1,15.1,87,0.0,3.3,167,985.2,100,17.7,17.8,442.0,4.4,63.0,6.4
2025-02-13 10:00:00,2025,2,13,10,Cao Bằng,Xã Tam Kim,22.606427,106.0179879,86,Moderate,1,16.1,72,0.0,2.7,132,984.9,100,15.1,15.2,441.0,4.0,68.0,6.6
2025-02-13 11:00:00,2025,2,13,11,Cao Bằng,Xã Tam Kim,22.606427,106.0179879,84,Moderate,1,17.4,64,0.0,4.0,120,983.8,99,13.2,13.3,442.0,3.6,72.0,6.7
2025-02-13 12:00:00,2025,2,13,12,Cao Bằng,Xã Tam Kim,22.606427,106.0179879,83,Moderate,1,18.7,59,0.0,4.0,141,982.6,100,12.5,12.6,442.0,3.2,76.0,6.8
2025-02-13 13:00:00,2025,2,13,13,Cao Bằng,Xã Tam Kim,22.606427,106.0179879,81,Moderate,1,18.9,58,0.0,4.4,159,981.0,100,12.4,12.5,440.0,3.0,79.0,6.7
2025-02-13 14:00:00,2025,2,13,14,Cao Bằng,Xã Tam Kim,22.606427,106.0179879,79,Moderate,1,18.9,57,0.0,4.9,182,979.9,100,12.5,12.6,429.0,2.8,81.0,6.4
2025-02-13 15:00:00,2025,2,13,15,Cao Bằng,Xã Tam Kim,22.606427,106.0179879,77,Moderate,1,18.5,59,0.0,4.7,180,979.2,100,13.0,13.2,415.0,2.8,83.0,6.0
2025-02-13 16:00:00,2025,2,13,16,Cao Bằng,Xã Tam Kim,22.606427,106.0179879,75,Moderate,1,18.2,63,0.0,4.8,160,978.7,100,14.7,14.9,422.0,3.5,82.0,5.8
2025-02-13 17:00:00,2025,2,13,17,Cao Bằng,Xã Tam Kim,22.606427,106.0179879,73,Moderate,1,18.1,67,0.0,3.1,170,979.0,100,19.5,19.7,472.0,5.4,77.0,6.1
2025-02-13 18:00:00,2025,2,13,18,Cao Bằng,Xã Tam Kim,22.606427,106.0179879,72,Moderate,1,17.4,73,0.0,1.5,249,979.2,100,20.8,21.1,541.0,8.1,69.0,6.7
2025-02-13 19:00:00,2025,2,13,19,Cao Bằng,Xã Tam Kim,22.606427,106.0179879,70,Moderate,1,17.2,70,0.0,6.3,255,979.4,100,26.0,26.1,585.0,7.9,61.0,8.0
2025-02-13 20:00:00,2025,2,13,20,Cao Bằng,Xã Tam Kim,22.606427,106.0179879,69,Moderate,1,15.3,75,0.0,3.1,208,980.8,100,28.4,28.7,578.0,7.8,60.0,8.4
2025-02-13 21:00:00,2025,2,13,21,Cao Bằng,Xã Tam Kim,22.606427,106.0179879,68,Moderate,1,15.1,78,0.0,3.6,243,981.4,100,30.0,30.4,545.0,7.7,58.0,9.0
2025-02-13 22:00:00,2025,2,13,22,Cao Bằng,Xã Tam Kim,22.606427,106.0179879,67,Moderate,1,15.0,80,0.0,3.3,248,981.8,100,31.5,31.9,515.0,7.5,56.0,9.6
2025-02-13 23:00:00,2025,2,13,23,Cao Bằng,Xã Tam Kim,22.606427,106.0179879,67,Moderate,1,15.1,81,0.0,2.6,236,981.6,100,32.4,32.8,498.0,7.3,56.0,10.2
2025-02-14 00:00:00,2025,2,14,0,Cao Bằng,Xã Tam Kim,22.606427,106.0179879,68,Moderate,1,15.3,78,0.0,2.8,191,981.3,99,41.3,41.9,485.0,7.0,56.0,10.7
2025-02-14 01:00:00,2025,2,14,1,Cao Bằng,Xã Tam Kim,22.606427,106.0179879,69,Moderate,1,15.4,77,0.0,1.7,162,981.0,100,40.7,41.3,476.0,6.7,55.0,11.1
2025-02-14 02:00:00,2025,2,14,2,Cao Bằng,Xã Tam Kim,22.606427,106.0179879,70,Moderate,1,15.3,76,0.0,1.4,113,980.3,100,41.2,41.8,468.0,6.4,53.0,11.3
2025-02-14 03:00:00,2025,2,14,3,Cao Bằng,Xã Tam Kim,22.606427,106.0179879,72,Moderate,1,14.9,79,0.0,2.1,121,979.5,100,42.1,42.7,464.0,6.1,51.0,11.3
2025-02-14 04:00:00,2025,2,14,4,Cao Bằng,Xã Tam Kim,22.606427,106.0179879,74,Moderate,1,14.6,83,0.1,2.3,108,978.9,100,42.7,43.3,475.0,6.1,49.0,11.4
2025-02-14 05:00:00,2025,2,14,5,Cao Bằng,Xã Tam Kim,22.606427,106.0179879,76,Moderate,1,14.4,85,0.0,2.2,99,979.0,100,43.1,43.7,520.0,6.5,46.0,11.3
2025-02-14 06:00:00,2025,2,14,6,Cao Bằng,Xã Tam Kim,22.606427,106.0179879,78,Moderate,1,14.3,86,0.0,2.0,90,979.4,100,43.3,43.9,579.0,7.2,44.0,11.3
2025-02-14 07:00:00,2025,2,14,7,Cao Bằng,Xã Tam Kim,22.606427,106.0179879,81,Moderate,1,14.5,87,0.0,1.3,74,979.9,100,42.0,42.5,606.0,7.8,40.0,11.1
2025-02-14 08:00:00,2025,2,14,8,Cao Bằng,Xã Tam Kim,22.606427,106.0179879,83,Moderate,1,14.8,83,0.0,0.9,101,980.8,100,42.3,42.7,569.0,7.4,47.0,14.0
2025-02-14 09:00:00,2025,2,14,9,Cao Bằng,Xã Tam Kim,22.606427,106.0179879,85,Moderate,1,15.4,81,0.0,1.8,96,981.5,100,40.3,40.7,500.0,6.9,58.0,17.8
2025-02-14 10:00:00,2025,2,14,10,Cao Bằng,Xã Tam Kim,22.606427,106.0179879,87,Moderate,1,16.1,79,0.1,4.0,111,981.5,100,36.9,37.1,440.0,6.2,67.0,19.6
2025-02-14 11:00:00,2025,2,14,11,Cao Bằng,Xã Tam Kim,22.606427,106.0179879,89,Moderate,1,17.2,76,0.0,5.4,116,980.8,100,31.0,31.1,405.0,5.4,74.0,17.7
2025-02-14 12:00:00,2025,2,14,12,Cao Bằng,Xã Tam Kim,22.606427,106.0179879,90,Moderate,1,19.9,69,0.0,6.4,153,979.4,100,26.4,26.5,381.0,4.4,80.0,13.8
2025-02-14 13:00:00,2025,2,14,13,Cao Bằng,Xã Tam Kim,22.606427,106.0179879,91,Moderate,1,21.2,68,0.1,10.5,174,977.6,100,26.5,26.7,364.0,3.8,85.0,10.2
2025-02-14 14:00:00,2025,2,14,14,Cao Bằng,Xã Tam Kim,22.606427,106.0179879,93,Moderate,1,21.3,66,0.1,11.6,175,976.2,100,29.9,30.0,354.0,3.5,90.0,7.4
2025-02-14 15:00:00,2025,2,14,15,Cao Bằng,Xã Tam Kim,22.606427,106.0179879,94,Moderate,1,21.8,64,0.1,12.2,172,975.1,100,33.8,34.0,352.0,3.4,93.0,4.8
2025-02-14 16:00:00,2025,2,14,16,Cao Bằng,Xã Tam Kim,22.606427,106.0179879,96,Moderate,1,21.1,67,0.0,12.7,164,974.2,93,34.5,34.7,357.0,3.9,94.0,3.1
2025-02-14 17:00:00,2025,2,14,17,Cao Bằng,Xã Tam Kim,22.606427,106.0179879,98,Moderate,1,20.6,70,0.0,8.9,159,974.5,82,37.4,37.6,373.0,5.4,90.0,2.7
2025-02-14 18:00:00,2025,2,14,18,Cao Bằng,Xã Tam Kim,22.606427,106.0179879,99,Moderate,1,18.9,79,0.0,6.6,147,974.7,72,39.0,39.2,396.0,7.4,84.0,3.0
2025-02-14 19:00:00,2025,2,14,19,Cao Bằng,Xã Tam Kim,22.606427,106.0179879,101,Unhealthy for Sensitive Groups,2,17.4,87,0.0,6.6,159,974.8,80,34.5,34.6,411.0,12.7,64.0,4.8
2025-02-14 20:00:00,2025,2,14,20,Cao Bằng,Xã Tam Kim,22.606427,106.0179879,102,Unhealthy for Sensitive Groups,2,16.6,91,0.0,6.5,148,976.6,93,36.6,36.8,411.0,13.3,60.0,4.8
2025-02-14 21:00:00,2025,2,14,21,Cao Bằng,Xã Tam Kim,22.606427,106.0179879,103,Unhealthy for Sensitive Groups,2,16.8,90,0.0,6.8,143,977.2,99,37.8,38.1,403.0,14.0,55.0,4.9
2025-02-14 22:00:00,2025,2,14,22,Cao Bằng,Xã Tam Kim,22.606427,106.0179879,104,Unhealthy for Sensitive Groups,2,16.7,92,0.0,4.1,113,977.4,100,39.0,39.2,399.0,14.6,50.0,5.0
2025-02-14 23:00:00,2025,2,14,23,Cao Bằng,Xã Tam Kim,22.606427,106.0179879,104,Unhealthy for Sensitive Groups,2,17.0,91,0.0,4.3,112,977.5,100,40.2,40.4,403.0,14.8,46.0,5.1
2025-02-15 00:00:00,2025,2,15,0,Cao Bằng,Xã Tam Kim,22.606427,106.0179879,105,Unhealthy for Sensitive Groups,2,16.6,95,0.1,4.8,112,977.3,100,40.2,40.4,410.0,14.8,42.0,5.3
2025-02-15 01:00:00,2025,2,15,1,Cao Bằng,Xã Tam Kim,22.606427,106.0179879,105,Unhealthy for Sensitive Groups,2,16.6,96,0.1,3.9,106,977.1,100,39.6,39.8,417.0,14.7,38.0,5.4
2025-02-15 02:00:00,2025,2,15,2,Cao Bằng,Xã Tam Kim,22.606427,106.0179879,105,Unhealthy for Sensitive Groups,2,16.5,97,0.0,2.8,108,976.8,100,32.0,32.2,423.0,14.3,33.0,5.3
2025-02-15 03:00:00,2025,2,15,3,Cao Bằng,Xã Tam Kim,22.606427,106.0179879,104,Unhealthy for Sensitive Groups,2,16.4,97,0.0,2.2,95,976.4,100,17.9,17.9,428.0,13.8,28.0,5.1
2025-02-15 04:00:00,2025,2,15,4,Cao Bằng,Xã Tam Kim,22.606427,106.0179879,102,Unhealthy for Sensitive Groups,2,16.5,97,0.0,1.5,36,976.0,99,10.2,10.3,433.0,13.4,24.0,5.1
2025-02-15 05:00:00,2025,2,15,5,Cao Bằng,Xã Tam Kim,22.606427,106.0179879,98,Moderate,1,16.5,97,0.0,1.8,90,975.8,99,6.5,6.5,438.0,13.5,21.0,5.4
2025-02-15 06:00:00,2025,2,15,6,Cao Bằng,Xã Tam Kim,22.606427,106.0179879,95,Moderate,1,16.5,98,0.0,2.8,55,976.3,99,4.7,4.7,442.0,13.7,20.0,5.9
2025-02-15 07:00:00,2025,2,15,7,Cao Bằng,Xã Tam Kim,22.606427,106.0179879,92,Moderate,1,16.5,98,0.0,2.7,28,977.1,100,6.9,7.0,441.0,13.6,20.0,5.9
2025-02-15 08:00:00,2025,2,15,8,Cao Bằng,Xã Tam Kim,22.606427,106.0179879,89,Moderate,1,17.2,94,0.0,2.7,32,978.9,100,5.7,5.8,432.0,12.3,28.0,6.7
2025-02-15 09:00:00,2025,2,15,9,Cao Bằng,Xã Tam Kim,22.606427,106.0179879,85,Moderate,1,17.9,92,0.1,4.7,90,979.6,100,4.8,4.8,419.0,10.4,38.0,7.9
2025-02-15 10:00:00,2025,2,15,10,Cao Bằng,Xã Tam Kim,22.606427,106.0179879,82,Moderate,1,18.0,94,0.5,5.5,109,979.6,100,4.4,4.5,408.0,8.8,48.0,8.6
2025-02-15 11:00:00,2025,2,15,11,Cao Bằng,Xã Tam Kim,22.606427,106.0179879,79,Moderate,1,18.9,88,0.2,5.8,120,978.9,100,5.0,5.0,402.0,7.8,54.0,8.5
2025-02-15 12:00:00,2025,2,15,12,Cao Bằng,Xã Tam Kim,22.606427,106.0179879,77,Moderate,1,19.8,84,0.2,8.4,118,977.8,100,6.0,6.1,397.0,7.1,60.0,8.0
2025-02-15 13:00:00,2025,2,15,13,Cao Bằng,Xã Tam Kim,22.606427,106.0179879,75,Moderate,1,20.0,83,0.1,8.8,125,976.3,100,7.7,7.7,393.0,6.4,66.0,7.4
2025-02-15 14:00:00,2025,2,15,14,Cao Bằng,Xã Tam Kim,22.606427,106.0179879,74,Moderate,1,21.6,75,0.1,8.4,125,975.2,100,8.8,8.9,378.0,5.4,76.0,6.7
2025-02-15 15:00:00,2025,2,15,15,Cao Bằng,Xã Tam Kim,22.606427,106.0179879,72,Moderate,1,21.6,77,0.4,12.2,133,974.2,100,12.2,12.4,363.0,4.4,87.0,6.0
2025-02-15 16:00:00,2025,2,15,16,Cao Bằng,Xã Tam Kim,22.606427,106.0179879,70,Moderate,1,18.9,87,0.4,15.2,111,974.5,100,13.7,13.9,376.0,4.4,92.0,5.7
2025-02-15 17:00:00,2025,2,15,17,Cao Bằng,Xã Tam Kim,22.606427,106.0179879,68,Moderate,1,17.6,86,0.1,8.7,117,974.9,100,14.9,15.0,441.0,6.2,85.0,6.1
2025-02-15 18:00:00,2025,2,15,18,Cao Bằng,Xã Tam Kim,22.606427,106.0179879,66,Moderate,1,17.2,87,0.0,5.9,149,975.6,100,16.1,16.2,533.0,9.1,70.0,6.8
2025-02-15 19:00:00,2025,2,15,19,Cao Bằng,Xã Tam Kim,22.606427,106.0179879,64,Moderate,1,17.0,87,0.0,6.3,167,976.5,100,18.6,18.7,608.0,13.0,56.0,8.0
2025-02-15 20:00:00,2025,2,15,20,Cao Bằng,Xã Tam Kim,22.606427,106.0179879,63,Moderate,1,15.4,88,0.1,5.8,144,978.3,100,14.6,14.6,652.0,12.0,52.0,8.4
2025-02-15 21:00:00,2025,2,15,21,Cao Bằng,Xã Tam Kim,22.606427,106.0179879,61,Moderate,1,14.8,87,0.1,7.1,165,978.8,100,12.3,12.3,678.0,10.7,46.0,9.0
2025-02-15 22:00:00,2025,2,15,22,Cao Bằng,Xã Tam Kim,22.606427,106.0179879,58,Moderate,1,14.3,89,0.1,7.4,179,979.3,100,11.5,11.5,684.0,9.5,41.0,9.3
2025-02-15 23:00:00,2025,2,15,23,Cao Bằng,Xã Tam Kim,22.606427,106.0179879,56,Moderate,1,14.0,92,0.2,6.4,205,979.5,100,11.6,11.6,661.0,8.7,39.0,9.2
2025-02-16 00:00:00,2025,2,16,0,Cao Bằng,Xã Tam Kim,22.606427,106.0179879,53,Moderate,1,13.8,95,0.2,5.2,221,979.8,100,11.8,11.8,617.0,8.1,39.0,9.0
2025-02-16 01:00:00,2025,2,16,1,Cao Bằng,Xã Tam Kim,22.606427,106.0179879,51,Moderate,1,13.7,95,0.1,4.2,234,979.7,100,12.4,12.5,572.0,7.6,39.0,8.6
2025-02-16 02:00:00,2025,2,16,2,Cao Bằng,Xã Tam Kim,22.606427,106.0179879,47,Good,0,13.5,97,0.0,5.2,241,979.5,100,13.3,13.4,528.0,7.2,38.0,8.1
2025-02-16 03:00:00,2025,2,16,3,Cao Bằng,Xã Tam Kim,22.606427,106.0179879,44,Good,0,13.6,95,0.1,4.7,238,979.3,100,14.3,14.3,484.0,6.9,36.0,7.5
2025-02-16 04:00:00,2025,2,16,4,Cao Bằng,Xã Tam Kim,22.606427,106.0179879,43,Good,0,13.7,94,0.1,4.2,205,979.3,100,15.1,15.1,456.0,6.7,35.0,7.0
2025-02-16 05:00:00,2025,2,16,5,Cao Bằng,Xã Tam Kim,22.606427,106.0179879,44,Good,0,13.6,96,0.5,3.2,227,979.9,100,15.8,15.9,458.0,6.7,35.0,6.8
2025-02-16 06:00:00,2025,2,16,6,Cao Bằng,Xã Tam Kim,22.606427,106.0179879,46,Good,0,13.6,96,1.5,3.4,223,980.5,100,16.2,16.3,477.0,6.8,36.0,6.9
2025-02-16 07:00:00,2025,2,16,7,Cao Bằng,Xã Tam Kim,22.606427,106.0179879,48,Good,0,13.9,95,1.4,2.7,247,981.4,100,11.2,11.2,491.0,7.4,33.0,6.8
2025-02-16 08:00:00,2025,2,16,8,Cao Bằng,Xã Tam Kim,22.606427,106.0179879,48,Good,0,14.6,95,0.2,0.9,233,982.9,100,11.0,11.1,492.0,6.7,39.0,7.0
2025-02-16 09:00:00,2025,2,16,9,Cao Bằng,Xã Tam Kim,22.606427,106.0179879,49,Good,0,14.6,97,0.2,0.0,270,983.8,100,10.5,10.6,487.0,5.7,47.0,7.4
2025-02-16 10:00:00,2025,2,16,10,Cao Bằng,Xã Tam Kim,22.606427,106.0179879,50,Good,0,15.0,95,0.2,1.5,346,984.1,100,9.6,9.7,481.0,4.8,54.0,7.5
2025-02-16 11:00:00,2025,2,16,11,Cao Bằng,Xã Tam Kim,22.606427,106.0179879,51,Moderate,1,16.1,79,0.2,2.2,336,983.5,100,9.7,9.8,473.0,4.2,59.0,7.3
2025-02-16 12:00:00,2025,2,16,12,Cao Bằng,Xã Tam Kim,22.606427,106.0179879,51,Moderate,1,15.4,91,0.7,2.0,265,982.7,100,10.4,10.6,464.0,3.6,63.0,6.9
2025-02-16 13:00:00,2025,2,16,13,Cao Bằng,Xã Tam Kim,22.606427,106.0179879,51,Moderate,1,16.1,85,0.2,1.3,286,981.6,100,11.2,11.4,456.0,3.4,66.0,6.6
2025-02-16 14:00:00,2025,2,16,14,Cao Bằng,Xã Tam Kim,22.606427,106.0179879,52,Moderate,1,17.2,75,0.0,0.6,342,980.4,100,12.0,12.1,449.0,3.3,68.0,6.4
2025-02-16 15:00:00,2025,2,16,15,Cao Bằng,Xã Tam Kim,22.606427,106.0179879,52,Moderate,1,17.4,70,0.0,2.4,126,979.7,100,12.7,12.9,444.0,3.4,70.0,6.2
2025-02-16 16:00:00,2025,2,16,16,Cao Bằng,Xã Tam Kim,22.606427,106.0179879,52,Moderate,1,17.4,69,0.0,5.2,153,979.6,100,14.1,14.2,440.0,4.4,68.0,6.2
2025-02-16 17:00:00,2025,2,16,17,Cao Bằng,Xã Tam Kim,22.606427,106.0179879,52,Moderate,1,15.8,85,0.3,7.9,177,979.9,100,15.7,15.9,439.0,7.0,62.0,6.4
2025-02-16 18:00:00,2025,2,16,18,Cao Bằng,Xã Tam Kim,22.606427,106.0179879,52,Moderate,1,15.3,86,0.0,8.7,188,980.5,100,18.3,18.5,441.0,10.5,52.0,6.6
2025-02-16 19:00:00,2025,2,16,19,Cao Bằng,Xã Tam Kim,22.606427,106.0179879,52,Moderate,1,14.7,90,0.2,8.4,199,981.2,100,25.6,25.9,440.0,10.8,46.0,6.7
2025-02-16 20:00:00,2025,2,16,20,Cao Bằng,Xã Tam Kim,22.606427,106.0179879,53,Moderate,1,14.0,90,0.3,7.2,193,982.6,100,25.5,25.8,435.0,10.7,45.0,6.7
2025-02-16 21:00:00,2025,2,16,21,Cao Bằng,Xã Tam Kim,22.606427,106.0179879,54,Moderate,1,13.9,90,0.1,7.0,201,982.9,100,26.3,26.7,429.0,10.6,43.0,6.6
2025-02-16 22:00:00,2025,2,16,22,Cao Bằng,Xã Tam Kim,22.606427,106.0179879,55,Moderate,1,13.5,94,0.1,8.1,209,983.5,100,26.4,26.7,422.0,10.3,42.0,6.5
2025-02-16 23:00:00,2025,2,16,23,Cao Bằng,Xã Tam Kim,22.606427,106.0179879,56,Moderate,1,13.6,91,0.2,7.6,207,983.4,100,26.3,26.7,416.0,9.9,42.0,6.3
2025-02-17 00:00:00,2025,2,17,0,Cao Bằng,Xã Tam Kim,22.606427,106.0179879,58,Moderate,1,13.1,97,0.3,6.4,207,983.0,100,27.4,27.8,410.0,9.3,42.0,6.1
2025-02-17 01:00:00,2025,2,17,1,Cao Bằng,Xã Tam Kim,22.606427,106.0179879,59,Moderate,1,13.0,97,0.3,5.0,224,983.0,100,28.2,28.6,406.0,8.7,42.0,5.8
2025-02-17 02:00:00,2025,2,17,2,Cao Bằng,Xã Tam Kim,22.606427,106.0179879,61,Moderate,1,13.2,96,0.5,3.2,227,982.3,100,28.9,29.5,404.0,8.0,42.0,5.5
2025-02-17 03:00:00,2025,2,17,3,Cao Bằng,Xã Tam Kim,22.606427,106.0179879,62,Moderate,1,13.2,94,0.7,3.1,208,981.9,100,29.3,29.8,405.0,7.4,41.0,5.2
2025-02-17 04:00:00,2025,2,17,4,Cao Bằng,Xã Tam Kim,22.606427,106.0179879,63,Moderate,1,13.1,95,0.4,3.6,221,981.6,99,26.1,26.7,413.0,6.9,41.0,5.0
2025-02-17 05:00:00,2025,2,17,5,Cao Bằng,Xã Tam Kim,22.606427,106.0179879,64,Moderate,1,13.2,94,0.2,3.1,216,982.0,100,18.5,18.9,439.0,6.9,41.0,4.9
2025-02-17 06:00:00,2025,2,17,6,Cao Bằng,Xã Tam Kim,22.606427,106.0179879,64,Moderate,1,13.3,93,0.4,2.8,230,982.5,100,14.5,14.8,472.0,7.0,41.0,4.8
2025-02-17 07:00:00,2025,2,17,7,Cao Bằng,Xã Tam Kim,22.606427,106.0179879,64,Moderate,1,13.4,93,0.5,2.4,234,983.2,100,23.7,24.2,489.0,7.6,39.0,4.6
2025-02-17 08:00:00,2025,2,17,8,Cao Bằng,Xã Tam Kim,22.606427,106.0179879,65,Moderate,1,13.6,94,0.4,2.2,215,984.1,100,21.8,22.2,475.0,7.0,44.0,4.5
2025-02-17 09:00:00,2025,2,17,9,Cao Bằng,Xã Tam Kim,22.606427,106.0179879,66,Moderate,1,14.1,96,0.3,2.6,214,984.7,100,17.1,17.4,444.0,6.2,51.0,4.4
2025-02-17 10:00:00,2025,2,17,10,Cao Bằng,Xã Tam Kim,22.606427,106.0179879,67,Moderate,1,14.0,95,0.2,1.0,149,984.7,100,13.3,13.5,419.0,5.5,57.0,4.4
2025-02-17 11:00:00,2025,2,17,11,Cao Bằng,Xã Tam Kim,22.606427,106.0179879,67,Moderate,1,14.1,94,0.3,1.2,51,984.2,100,10.4,10.6,406.0,5.1,61.0,4.7
2025-02-17 12:00:00,2025,2,17,12,Cao Bằng,Xã Tam Kim,22.606427,106.0179879,67,Moderate,1,14.5,94,0.3,2.1,70,983.2,100,8.0,8.1,399.0,4.8,65.0,5.1
2025-02-17 13:00:00,2025,2,17,13,Cao Bằng,Xã Tam Kim,22.606427,106.0179879,67,Moderate,1,14.9,92,0.3,2.9,112,982.2,100,7.1,7.2,399.0,4.7,67.0,5.5
2025-02-17 14:00:00,2025,2,17,14,Cao Bằng,Xã Tam Kim,22.606427,106.0179879,67,Moderate,1,15.5,87,0.2,4.6,129,981.2,100,6.7,6.8,406.0,4.8,69.0,5.6
2025-02-17 15:00:00,2025,2,17,15,Cao Bằng,Xã Tam Kim,22.606427,106.0179879,66,Moderate,1,15.9,87,0.1,5.5,131,980.4,100,6.7,6.8,421.0,5.1,69.0,5.7
2025-02-17 16:00:00,2025,2,17,16,Cao Bằng,Xã Tam Kim,22.606427,106.0179879,66,Moderate,1,16.3,84,0.0,5.2,124,980.4,100,7.1,7.2,448.0,6.0,67.0,5.8
2025-02-17 17:00:00,2025,2,17,17,Cao Bằng,Xã Tam Kim,22.606427,106.0179879,65,Moderate,1,16.2,87,0.0,1.7,122,980.5,100,8.4,8.5,501.0,8.1,61.0,6.0
2025-02-17 18:00:00,2025,2,17,18,Cao Bằng,Xã Tam Kim,22.606427,106.0179879,65,Moderate,1,15.8,87,0.0,0.9,307,981.0,100,11.2,11.3,566.0,10.9,53.0,6.2
2025-02-17 19:00:00,2025,2,17,19,Cao Bằng,Xã Tam Kim,22.606427,106.0179879,64,Moderate,1,15.4,91,0.0,2.1,290,981.6,100,9.9,9.9,604.0,12.9,39.0,5.9
2025-02-17 20:00:00,2025,2,17,20,Cao Bằng,Xã Tam Kim,22.606427,106.0179879,62,Moderate,1,13.9,96,0.4,4.7,184,983.7,100,11.8,11.8,577.0,12.9,37.0,5.8
2025-02-17 21:00:00,2025,2,17,21,Cao Bằng,Xã Tam Kim,22.606427,106.0179879,61,Moderate,1,13.7,96,0.5,5.9,180,984.3,100,13.2,13.2,522.0,13.0,34.0,5.7
2025-02-17 22:00:00,2025,2,17,22,Cao Bằng,Xã Tam Kim,22.606427,106.0179879,60,Moderate,1,13.5,97,0.3,6.4,188,985.0,100,13.9,13.9,512.0,12.8,32.0,5.6
2025-02-17 23:00:00,2025,2,17,23,Cao Bằng,Xã Tam Kim,22.606427,106.0179879,59,Moderate,1,13.3,97,0.2,6.4,190,984.9,100,14.0,14.1,611.0,12.3,31.0,5.4
2025-02-18 00:00:00,2025,2,18,0,Cao Bằng,Xã Tam Kim,22.606427,106.0179879,58,Moderate,1,13.1,97,0.1,5.7,193,984.7,100,13.7,13.7,756.0,11.5,31.0,5.2
2025-02-18 01:00:00,2025,2,18,1,Cao Bằng,Xã Tam Kim,22.606427,106.0179879,57,Moderate,1,13.0,98,0.2,5.5,191,984.7,100,13.2,13.3,826.0,10.7,31.0,4.9
2025-02-18 02:00:00,2025,2,18,2,Cao Bằng,Xã Tam Kim,22.606427,106.0179879,55,Moderate,1,12.9,98,0.2,5.5,193,984.2,100,12.8,12.8,748.0,9.9,31.0,4.6
2025-02-18 03:00:00,2025,2,18,3,Cao Bằng,Xã Tam Kim,22.606427,106.0179879,54,Moderate,1,12.8,97,0.1,6.2,197,983.8,100,12.2,12.2,595.0,9.0,30.0,4.3
2025-02-18 04:00:00,2025,2,18,4,Cao Bằng,Xã Tam Kim,22.606427,106.0179879,52,Moderate,1,12.7,97,0.0,6.9,194,983.5,100,11.7,11.7,470.0,8.4,30.0,4.1
2025-02-18 05:00:00,2025,2,18,5,Cao Bằng,Xã Tam Kim,22.606427,106.0179879,51,Moderate,1,12.5,97,0.1,7.8,187,983.8,100,11.1,11.1,412.0,8.3,29.0,4.1
2025-02-18 06:00:00,2025,2,18,6,Cao Bằng,Xã Tam Kim,22.606427,106.0179879,50,Good,0,12.3,97,0.1,7.9,191,984.3,100,10.0,10.0,382.0,8.4,28.0,4.2
2025-02-18 07:00:00,2025,2,18,7,Cao Bằng,Xã Tam Kim,22.606427,106.0179879,50,Good,0,12.2,97,0.1,7.5,204,984.8,100,10.3,10.4,363.0,7.9,32.0,4.1
2025-02-18 08:00:00,2025,2,18,8,Cao Bằng,Xã Tam Kim,22.606427,106.0179879,48,Good,0,12.8,97,0.1,6.4,216,986.0,100,8.7,8.7,352.0,6.9,40.0,4.2
2025-02-18 09:00:00,2025,2,18,9,Cao Bằng,Xã Tam Kim,22.606427,106.0179879,46,Good,0,13.8,89,0.0,5.7,189,986.7,100,5.9,5.9,352.0,5.6,52.0,4.3
2025-02-18 10:00:00,2025,2,18,10,Cao Bằng,Xã Tam Kim,22.606427,106.0179879,44,Good,0,13.8,86,0.1,4.7,171,986.7,100,4.4,4.5,355.0,4.5,62.0,4.3
2025-02-18 11:00:00,2025,2,18,11,Cao Bằng,Xã Tam Kim,22.606427,106.0179879,42,Good,0,14.4,83,0.1,3.9,158,985.9,100,4.2,4.3,360.0,3.9,68.0,4.1
2025-02-18 12:00:00,2025,2,18,12,Cao Bằng,Xã Tam Kim,22.606427,106.0179879,41,Good,0,15.9,73,0.0,2.7,127,984.9,100,4.2,4.3,369.0,3.5,72.0,3.9
2025-02-18 13:00:00,2025,2,18,13,Cao Bằng,Xã Tam Kim,22.606427,106.0179879,40,Good,0,16.2,74,0.0,1.7,122,983.4,100,4.3,4.4,376.0,3.3,75.0,3.7
2025-02-18 14:00:00,2025,2,18,14,Cao Bằng,Xã Tam Kim,22.606427,106.0179879,40,Good,0,16.3,73,0.1,3.7,125,982.1,100,4.5,4.6,380.0,3.3,78.0,3.6
2025-02-18 15:00:00,2025,2,18,15,Cao Bằng,Xã Tam Kim,22.606427,106.0179879,39,Good,0,16.0,74,0.1,5.7,136,981.3,100,5.3,5.4,382.0,3.4,79.0,3.5
2025-02-18 16:00:00,2025,2,18,16,Cao Bằng,Xã Tam Kim,22.606427,106.0179879,39,Good,0,16.2,73,0.0,6.6,145,980.9,100,6.3,6.4,387.0,4.0,79.0,3.5
2025-02-18 17:00:00,2025,2,18,17,Cao Bằng,Xã Tam Kim,22.606427,106.0179879,39,Good,0,15.5,78,0.0,7.1,153,981.1,100,7.6,7.7,397.0,5.3,76.0,3.7
2025-02-18 18:00:00,2025,2,18,18,Cao Bằng,Xã Tam Kim,22.606427,106.0179879,39,Good,0,14.8,81,0.0,6.6,158,981.5,100,9.4,9.5,409.0,6.9,71.0,4.1
2025-02-18 19:00:00,2025,2,18,19,Cao Bằng,Xã Tam Kim,22.606427,106.0179879,39,Good,0,14.4,84,0.0,5.6,165,982.0,100,10.7,10.8,421.0,9.5,59.0,5.1
2025-02-18 20:00:00,2025,2,18,20,Cao Bằng,Xã Tam Kim,22.606427,106.0179879,39,Good,0,13.2,88,0.1,7.0,154,983.0,100,12.1,12.2,430.0,9.3,58.0,5.3
2025-02-18 21:00:00,2025,2,18,21,Cao Bằng,Xã Tam Kim,22.606427,106.0179879,39,Good,0,13.0,89,0.1,6.7,149,983.6,100,13.6,13.7,438.0,9.0,56.0,5.5
2025-02-18 22:00:00,2025,2,18,22,Cao Bằng,Xã Tam Kim,22.606427,106.0179879,39,Good,0,12.8,91,0.1,6.3,149,983.7,100,14.8,14.9,448.0,8.7,54.0,5.7
2025-02-18 23:00:00,2025,2,18,23,Cao Bằng,Xã Tam Kim,22.606427,106.0179879,39,Good,0,12.7,92,0.1,4.8,143,983.8,100,15.3,15.4,463.0,8.5,52.0,5.7
2025-02-19 00:00:00,2025,2,19,0,Cao Bằng,Xã Tam Kim,22.606427,106.0179879,39,Good,0,12.7,93,0.1,2.8,125,983.9,100,15.4,15.5,479.0,8.3,50.0,5.7
2025-02-19 01:00:00,2025,2,19,1,Cao Bằng,Xã Tam Kim,22.606427,106.0179879,40,Good,0,12.6,95,0.1,3.5,125,983.5,100,13.5,13.6,486.0,8.0,48.0,5.8
2025-02-19 02:00:00,2025,2,19,2,Cao Bằng,Xã Tam Kim,22.606427,106.0179879,40,Good,0,12.5,95,0.0,3.9,124,982.8,100,12.2,12.3,475.0,7.4,47.0,6.2
2025-02-19 03:00:00,2025,2,19,3,Cao Bằng,Xã Tam Kim,22.606427,106.0179879,40,Good,0,12.4,95,0.0,4.2,115,982.3,100,11.0,11.1,456.0,6.6,47.0,6.7
2025-02-19 04:00:00,2025,2,19,4,Cao Bằng,Xã Tam Kim,22.606427,106.0179879,39,Good,0,12.3,96,0.2,3.8,135,982.0,100,10.3,10.4,445.0,6.2,47.0,7.3
2025-02-19 05:00:00,2025,2,19,5,Cao Bằng,Xã Tam Kim,22.606427,106.0179879,39,Good,0,12.2,98,0.3,2.7,143,982.1,100,8.9,9.0,452.0,6.4,46.0,7.9
2025-02-19 06:00:00,2025,2,19,6,Cao Bằng,Xã Tam Kim,22.606427,106.0179879,39,Good,0,12.3,98,0.3,2.8,140,983.0,100,9.6,9.7,468.0,6.9,44.0,8.6
2025-02-19 07:00:00,2025,2,19,7,Cao Bằng,Xã Tam Kim,22.606427,106.0179879,39,Good,0,12.4,99,0.2,2.8,140,983.6,100,5.7,5.7,478.0,7.4,39.0,7.6
2025-02-19 08:00:00,2025,2,19,8,Cao Bằng,Xã Tam Kim,22.606427,106.0179879,38,Good,0,12.3,97,0.1,2.0,117,984.7,100,6.4,6.5,477.0,7.4,42.0,9.0
2025-02-19 09:00:00,2025,2,19,9,Cao Bằng,Xã Tam Kim,22.606427,106.0179879,37,Good,0,12.6,96,0.1,2.7,113,985.3,100,9.0,9.1,471.0,7.3,47.0,10.9
2025-02-19 10:00:00,2025,2,19,10,Cao Bằng,Xã Tam Kim,22.606427,106.0179879,38,Good,0,13.1,93,0.1,3.6,110,984.9,100,10.6,10.7,464.0,7.1,52.0,12.4
2025-02-19 11:00:00,2025,2,19,11,Cao Bằng,Xã Tam Kim,22.606427,106.0179879,39,Good,0,14.0,89,0.1,4.7,122,983.9,100,10.4,10.6,458.0,6.7,58.0,13.1
2025-02-19 12:00:00,2025,2,19,12,Cao Bằng,Xã Tam Kim,22.606427,106.0179879,40,Good,0,14.6,86,0.0,4.4,109,982.9,100,10.6,10.7,451.0,6.1,66.0,13.3
2025-02-19 13:00:00,2025,2,19,13,Cao Bằng,Xã Tam Kim,22.606427,106.0179879,41,Good,0,15.2,84,0.1,4.9,114,981.6,100,9.8,10.0,446.0,5.8,71.0,13.4
2025-02-19 14:00:00,2025,2,19,14,Cao Bằng,Xã Tam Kim,22.606427,106.0179879,42,Good,0,16.0,81,0.1,6.0,115,980.3,100,8.8,8.9,441.0,5.8,74.0,13.4
2025-02-19 15:00:00,2025,2,19,15,Cao Bằng,Xã Tam Kim,22.606427,106.0179879,43,Good,0,16.6,79,0.1,7.3,113,979.7,100,8.9,9.1,438.0,6.1,75.0,13.2
2025-02-19 16:00:00,2025,2,19,16,Cao Bằng,Xã Tam Kim,22.606427,106.0179879,44,Good,0,16.5,80,0.0,7.8,122,979.4,100,9.5,9.6,445.0,6.9,74.0,12.9
2025-02-19 17:00:00,2025,2,19,17,Cao Bằng,Xã Tam Kim,22.606427,106.0179879,44,Good,0,16.0,85,0.1,5.6,115,979.5,100,11.1,11.3,474.0,8.8,68.0,12.6
2025-02-19 18:00:00,2025,2,19,18,Cao Bằng,Xã Tam Kim,22.606427,106.0179879,45,Good,0,15.3,90,0.1,3.1,121,980.0,100,14.9,15.0,513.0,11.4,60.0,12.3
2025-02-19 19:00:00,2025,2,19,19,Cao Bằng,Xã Tam Kim,22.606427,106.0179879,46,Good,0,15.3,89,0.1,1.0,149,980.7,100,14.4,14.5,539.0,14.3,50.0,12.0
2025-02-19 20:00:00,2025,2,19,20,Cao Bằng,Xã Tam Kim,22.606427,106.0179879,46,Good,0,13.9,93,0.1,1.0,59,982.1,100,16.9,17.0,540.0,14.9,45.0,11.6
2025-02-19 21:00:00,2025,2,19,21,Cao Bằng,Xã Tam Kim,22.606427,106.0179879,47,Good,0,13.8,94,0.1,1.2,39,982.5,100,19.1,19.2,528.0,15.8,39.0,11.1
2025-02-19 22:00:00,2025,2,19,22,Cao Bằng,Xã Tam Kim,22.606427,106.0179879,48,Good,0,13.8,96,0.2,1.3,34,982.8,100,22.1,22.2,516.0,16.1,34.0,10.6
2025-02-19 23:00:00,2025,2,19,23,Cao Bằng,Xã Tam Kim,22.606427,106.0179879,49,Good,0,14.0,94,0.2,0.6,56,982.7,100,25.5,25.7,510.0,15.5,32.0,10.3
2025-02-20 00:00:00,2025,2,20,0,Cao Bằng,Xã Tam Kim,22.606427,106.0179879,51,Moderate,1,13.9,96,0.3,1.9,107,982.4,100,24.3,24.6,505.0,14.4,32.0,10.1
2025-02-20 01:00:00,2025,2,20,1,Cao Bằng,Xã Tam Kim,22.606427,106.0179879,51,Moderate,1,14.0,96,0.3,2.0,95,982.0,100,16.5,16.6,492.0,13.2,32.0,10.0
2025-02-20 02:00:00,2025,2,20,2,Cao Bằng,Xã Tam Kim,22.606427,106.0179879,52,Moderate,1,14.0,96,0.1,1.7,72,981.6,100,11.1,11.2,463.0,11.7,34.0,10.3
2025-02-20 03:00:00,2025,2,20,3,Cao Bằng,Xã Tam Kim,22.606427,106.0179879,52,Moderate,1,14.0,97,0.1,1.8,114,981.3,100,10.9,11.0,426.0,10.1,36.0,10.7
2025-02-20 04:00:00,2025,2,20,4,Cao Bằng,Xã Tam Kim,22.606427,106.0179879,52,Moderate,1,14.0,98,0.1,2.4,99,981.1,100,12.8,12.9,404.0,9.0,38.0,11.0
2025-02-20 05:00:00,2025,2,20,5,Cao Bằng,Xã Tam Kim,22.606427,106.0179879,52,Moderate,1,14.0,98,0.2,1.8,96,981.6,100,9.3,9.3,411.0,8.9,37.0,11.0
2025-02-20 06:00:00,2025,2,20,6,Cao Bằng,Xã Tam Kim,22.606427,106.0179879,52,Moderate,1,14.0,98,0.1,2.5,135,981.8,100,6.7,6.7,433.0,9.2,34.0,10.8
2025-02-20 07:00:00,2025,2,20,7,Cao Bằng,Xã Tam Kim,22.606427,106.0179879,52,Moderate,1,14.1,99,0.0,2.3,119,982.2,100,9.2,9.3,447.0,11.9,24.0,9.6
2025-02-20 08:00:00,2025,2,20,8,Cao Bằng,Xã Tam Kim,22.606427,106.0179879,52,Moderate,1,14.3,98,0.1,4.0,100,983.7,100,10.6,10.7,445.0,10.7,31.0,11.2
2025-02-20 09:00:00,2025,2,20,9,Cao Bằng,Xã Tam Kim,22.606427,106.0179879,52,Moderate,1,14.5,98,0.2,5.2,102,984.4,100,11.5,11.6,436.0,9.0,42.0,13.4
2025-02-20 10:00:00,2025,2,20,10,Cao Bằng,Xã Tam Kim,22.606427,106.0179879,52,Moderate,1,14.7,97,0.2,5.4,96,984.3,100,11.3,11.5,419.0,7.7,51.0,14.5
2025-02-20 11:00:00,2025,2,20,11,Cao Bằng,Xã Tam Kim,22.606427,106.0179879,52,Moderate,1,15.2,95,0.1,4.9,86,984.0,100,11.2,11.4,389.0,7.0,57.0,13.7
2025-02-20 12:00:00,2025,2,20,12,Cao Bằng,Xã Tam Kim,22.606427,106.0179879,53,Moderate,1,16.2,91,0.0,5.9,76,983.4,100,9.5,9.7,351.0,6.7,63.0,11.8
2025-02-20 13:00:00,2025,2,20,13,Cao Bằng,Xã Tam Kim,22.606427,106.0179879,52,Moderate,1,17.9,83,0.0,7.4,96,981.9,100,10.1,10.3,326.0,6.5,68.0,10.2
2025-02-20 14:00:00,2025,2,20,14,Cao Bằng,Xã Tam Kim,22.606427,106.0179879,52,Moderate,1,19.1,79,0.1,7.6,94,980.7,100,12.2,12.6,318.0,6.0,75.0,9.1
2025-02-20 15:00:00,2025,2,20,15,Cao Bằng,Xã Tam Kim,22.606427,106.0179879,53,Moderate,1,19.4,79,0.1,8.9,96,980.3,100,14.7,15.3,321.0,5.5,83.0,8.2
2025-02-20 16:00:00,2025,2,20,16,Cao Bằng,Xã Tam Kim,22.606427,106.0179879,53,Moderate,1,18.9,84,0.3,8.7,85,980.1,100,17.1,17.8,340.0,6.1,85.0,7.7
2025-02-20 17:00:00,2025,2,20,17,Cao Bằng,Xã Tam Kim,22.606427,106.0179879,54,Moderate,1,17.5,95,0.4,6.1,67,980.4,100,20.4,21.1,387.0,8.6,79.0,7.9
2025-02-20 18:00:00,2025,2,20,18,Cao Bằng,Xã Tam Kim,22.606427,106.0179879,55,Moderate,1,17.2,92,0.3,1.9,61,981.0,100,24.2,24.9,450.0,12.1,69.0,8.6
2025-02-20 19:00:00,2025,2,20,19,Cao Bằng,Xã Tam Kim,22.606427,106.0179879,56,Moderate,1,17.2,91,0.3,0.7,76,981.8,100,22.3,22.8,494.0,16.8,53.0,9.7
2025-02-20 20:00:00,2025,2,20,20,Cao Bằng,Xã Tam Kim,22.606427,106.0179879,56,Moderate,1,15.9,97,0.2,3.3,151,982.3,100,23.7,24.2,504.0,16.7,48.0,9.8
2025-02-20 21:00:00,2025,2,20,21,Cao Bằng,Xã Tam Kim,22.606427,106.0179879,57,Moderate,1,15.7,98,0.2,3.3,189,982.9,100,22.7,23.1,495.0,16.4,41.0,9.9
2025-02-20 22:00:00,2025,2,20,22,Cao Bằng,Xã Tam Kim,22.606427,106.0179879,57,Moderate,1,15.5,99,0.4,5.6,178,983.4,100,14.3,14.5,477.0,16.2,34.0,9.9
2025-02-20 23:00:00,2025,2,20,23,Cao Bằng,Xã Tam Kim,22.606427,106.0179879,57,Moderate,1,15.3,99,0.7,5.9,194,983.7,100,8.8,8.9,439.0,16.0,28.0,9.5
2025-02-21 00:00:00,2025,2,21,0,Cao Bằng,Xã Tam Kim,22.606427,106.0179879,55,Moderate,1,15.2,99,0.8,4.1,195,983.9,100,6.9,6.9,392.0,15.8,24.0,8.9
2025-02-21 01:00:00,2025,2,21,1,Cao Bằng,Xã Tam Kim,22.606427,106.0179879,54,Moderate,1,15.1,99,0.4,4.9,204,983.7,100,6.2,6.2,384.0,15.3,20.0,8.5
2025-02-21 02:00:00,2025,2,21,2,Cao Bằng,Xã Tam Kim,22.606427,106.0179879,53,Moderate,1,14.9,99,0.4,5.0,201,983.4,100,6.2,6.2,459.0,14.4,19.0,8.3
2025-02-21 03:00:00,2025,2,21,3,Cao Bằng,Xã Tam Kim,22.606427,106.0179879,52,Moderate,1,14.8,98,0.2,5.9,194,983.3,100,6.2,6.2,572.0,13.2,19.0,8.3
2025-02-21 04:00:00,2025,2,21,4,Cao Bằng,Xã Tam Kim,22.606427,106.0179879,52,Moderate,1,14.7,98,0.1,6.1,178,983.3,100,6.0,6.0,640.0,12.2,19.0,8.2
2025-02-21 05:00:00,2025,2,21,5,Cao Bằng,Xã Tam Kim,22.606427,106.0179879,51,Moderate,1,14.3,98,0.1,6.8,177,983.4,100,5.7,5.7,614.0,11.7,18.0,8.2
2025-02-21 06:00:00,2025,2,21,6,Cao Bằng,Xã Tam Kim,22.606427,106.0179879,51,Moderate,1,14.0,98,0.1,7.2,183,984.0,100,5.3,5.4,543.0,11.4,17.0,8.1
2025-02-21 07:00:00,2025,2,21,7,Cao Bằng,Xã Tam Kim,22.606427,106.0179879,51,Moderate,1,13.8,98,0.1,7.4,193,984.6,100,4.3,4.4,485.0,10.3,21.0,8.3
2025-02-21 08:00:00,2025,2,21,8,Cao Bằng,Xã Tam Kim,22.606427,106.0179879,50,Good,0,14.4,98,0.1,7.8,184,985.5,100,4.2,4.4,465.0,8.7,30.0,7.9
2025-02-21 09:00:00,2025,2,21,9,Cao Bằng,Xã Tam Kim,22.606427,106.0179879,49,Good,0,14.6,97,0.1,7.2,180,986.5,100,3.7,3.8,459.0,6.4,44.0,7.4
2025-02-21 10:00:00,2025,2,21,10,Cao Bằng,Xã Tam Kim,22.606427,106.0179879,48,Good,0,15.2,88,0.1,7.5,165,986.4,100,2.3,2.3,456.0,4.6,55.0,6.8
2025-02-21 11:00:00,2025,2,21,11,Cao Bằng,Xã Tam Kim,22.606427,106.0179879,47,Good,0,16.1,79,0.1,6.5,146,985.9,100,2.1,2.1,452.0,3.8,62.0,6.0
2025-02-21 12:00:00,2025,2,21,12,Cao Bằng,Xã Tam Kim,22.606427,106.0179879,45,Good,0,16.6,76,0.1,7.3,130,984.9,100,2.8,2.8,449.0,3.5,68.0,5.0
2025-02-21 13:00:00,2025,2,21,13,Cao Bằng,Xã Tam Kim,22.606427,106.0179879,44,Good,0,17.0,72,0.0,7.0,134,983.9,100,4.1,4.1,448.0,3.4,72.0,4.3
2025-02-21 14:00:00,2025,2,21,14,Cao Bằng,Xã Tam Kim,22.606427,106.0179879,43,Good,0,17.0,72,0.0,7.1,131,982.7,100,5.7,5.8,444.0,3.5,74.0,3.9
2025-02-21 15:00:00,2025,2,21,15,Cao Bằng,Xã Tam Kim,22.606427,106.0179879,42,Good,0,17.0,74,0.0,7.8,132,982.1,100,6.5,6.7,440.0,3.9,75.0,3.7
2025-02-21 16:00:00,2025,2,21,16,Cao Bằng,Xã Tam Kim,22.606427,106.0179879,40,Good,0,17.2,71,0.0,8.7,133,981.9,100,7.7,7.9,446.0,4.4,74.0,3.7
2025-02-21 17:00:00,2025,2,21,17,Cao Bằng,Xã Tam Kim,22.606427,106.0179879,39,Good,0,16.5,76,0.0,7.0,140,981.9,100,7.0,7.1,471.0,5.3,71.0,4.0
2025-02-21 18:00:00,2025,2,21,18,Cao Bằng,Xã Tam Kim,22.606427,106.0179879,36,Good,0,16.1,77,0.0,5.8,144,982.5,100,7.1,7.2,506.0,6.4,67.0,4.5
2025-02-21 19:00:00,2025,2,21,19,Cao Bằng,Xã Tam Kim,22.606427,106.0179879,33,Good,0,15.6,80,0.0,3.6,171,983.2,100,10.5,10.6,533.0,7.7,60.0,5.6
2025-02-21 20:00:00,2025,2,21,20,Cao Bằng,Xã Tam Kim,22.606427,106.0179879,33,Good,0,13.7,86,0.0,4.8,169,984.5,100,11.0,11.1,547.0,7.7,58.0,6.0
2025-02-21 21:00:00,2025,2,21,21,Cao Bằng,Xã Tam Kim,22.606427,106.0179879,32,Good,0,13.8,84,0.0,5.2,155,985.4,100,11.6,11.7,554.0,7.6,56.0,6.5
2025-02-21 22:00:00,2025,2,21,22,Cao Bằng,Xã Tam Kim,22.606427,106.0179879,31,Good,0,13.7,85,0.0,4.7,162,985.7,100,12.3,12.3,549.0,7.6,53.0,6.9
2025-02-21 23:00:00,2025,2,21,23,Cao Bằng,Xã Tam Kim,22.606427,106.0179879,30,Good,0,13.5,86,0.0,5.6,151,985.2,100,12.7,12.8,525.0,7.6,50.0,7.1
2025-02-22 00:00:00,2025,2,22,0,Cao Bằng,Xã Tam Kim,22.606427,106.0179879,28,Good,0,13.4,87,0.1,5.6,155,984.9,100,12.9,13.0,489.0,7.6,48.0,7.3
2025-02-22 01:00:00,2025,2,22,1,Cao Bằng,Xã Tam Kim,22.606427,106.0179879,28,Good,0,13.3,87,0.0,6.1,157,984.6,100,13.2,13.2,462.0,7.5,46.0,7.5
2025-02-22 02:00:00,2025,2,22,2,Cao Bằng,Xã Tam Kim,22.606427,106.0179879,30,Good,0,13.2,88,0.0,5.0,150,984.2,100,13.2,13.3,449.0,7.1,45.0,7.8
2025-02-22 03:00:00,2025,2,22,3,Cao Bằng,Xã Tam Kim,22.606427,106.0179879,31,Good,0,13.2,86,0.0,4.1,142,983.6,100,10.4,10.5,444.0,6.5,44.0,8.2
2025-02-22 04:00:00,2025,2,22,4,Cao Bằng,Xã Tam Kim,22.606427,106.0179879,32,Good,0,13.0,87,0.1,3.9,156,983.3,100,8.3,8.4,450.0,6.1,44.0,8.6
2025-02-22 05:00:00,2025,2,22,5,Cao Bằng,Xã Tam Kim,22.606427,106.0179879,32,Good,0,12.9,91,0.1,3.8,161,983.4,100,7.0,7.1,475.0,6.1,43.0,9.0
2025-02-22 06:00:00,2025,2,22,6,Cao Bằng,Xã Tam Kim,22.606427,106.0179879,32,Good,0,13.0,89,0.1,3.6,171,984.1,100,5.9,6.0,510.0,6.3,42.0,9.4
2025-02-22 07:00:00,2025,2,22,7,Cao Bằng,Xã Tam Kim,22.606427,106.0179879,32,Good,0,13.1,89,0.0,3.4,183,984.9,100,8.8,9.0,535.0,7.1,41.0,9.4
2025-02-22 08:00:00,2025,2,22,8,Cao Bằng,Xã Tam Kim,22.606427,106.0179879,33,Good,0,13.2,96,0.2,2.4,197,985.9,100,7.8,7.9,539.0,6.9,44.0,10.0
2025-02-22 09:00:00,2025,2,22,9,Cao Bằng,Xã Tam Kim,22.606427,106.0179879,34,Good,0,13.4,97,0.4,4.7,176,986.4,100,7.3,7.4,532.0,6.5,48.0,10.8
2025-02-22 10:00:00,2025,2,22,10,Cao Bằng,Xã Tam Kim,22.606427,106.0179879,34,Good,0,13.8,95,0.2,6.6,158,986.6,100,6.4,6.5,520.0,6.2,53.0,11.2
2025-02-22 11:00:00,2025,2,22,11,Cao Bằng,Xã Tam Kim,22.606427,106.0179879,35,Good,0,14.3,90,0.1,5.0,142,986.1,100,5.4,5.5,499.0,5.9,58.0,10.9
2025-02-22 12:00:00,2025,2,22,12,Cao Bằng,Xã Tam Kim,22.606427,106.0179879,36,Good,0,15.0,86,0.1,4.5,130,985.2,100,5.2,5.2,472.0,5.5,64.0,10.2
2025-02-22 13:00:00,2025,2,22,13,Cao Bằng,Xã Tam Kim,22.606427,106.0179879,36,Good,0,15.5,82,0.1,5.7,134,984.1,100,5.6,5.6,461.0,5.4,68.0,9.7
2025-02-22 14:00:00,2025,2,22,14,Cao Bằng,Xã Tam Kim,22.606427,106.0179879,36,Good,0,15.6,83,0.0,6.2,131,982.5,100,6.3,6.3,476.0,5.5,70.0,9.4
2025-02-22 15:00:00,2025,2,22,15,Cao Bằng,Xã Tam Kim,22.606427,106.0179879,36,Good,0,15.6,83,0.0,6.9,129,982.0,100,7.1,7.1,507.0,5.7,71.0,9.3
2025-02-22 16:00:00,2025,2,22,16,Cao Bằng,Xã Tam Kim,22.606427,106.0179879,37,Good,0,15.7,83,0.0,7.4,133,982.2,100,7.9,7.9,537.0,6.5,70.0,9.3
2025-02-22 17:00:00,2025,2,22,17,Cao Bằng,Xã Tam Kim,22.606427,106.0179879,37,Good,0,15.5,84,0.0,6.7,142,982.5,100,9.3,9.4,566.0,8.2,65.0,9.5
2025-02-22 18:00:00,2025,2,22,18,Cao Bằng,Xã Tam Kim,22.606427,106.0179879,37,Good,0,15.2,85,0.0,4.1,151,983.1,100,11.7,11.8,595.0,10.4,57.0,9.9
2025-02-22 19:00:00,2025,2,22,19,Cao Bằng,Xã Tam Kim,22.606427,106.0179879,38,Good,0,15.1,86,0.0,2.4,167,983.8,100,20.5,20.7,609.0,12.9,47.0,11.2
2025-02-22 20:00:00,2025,2,22,20,Cao Bằng,Xã Tam Kim,22.606427,106.0179879,40,Good,0,14.7,90,0.0,3.4,155,985.2,100,22.6,22.8,594.0,13.1,43.0,11.4
2025-02-22 21:00:00,2025,2,22,21,Cao Bằng,Xã Tam Kim,22.606427,106.0179879,42,Good,0,14.2,95,0.3,5.0,167,985.9,100,23.2,23.3,564.0,13.4,39.0,11.7
2025-02-22 22:00:00,2025,2,22,22,Cao Bằng,Xã Tam Kim,22.606427,106.0179879,44,Good,0,14.0,97,0.5,4.9,188,986.6,100,23.9,24.0,544.0,13.5,34.0,11.9
2025-02-22 23:00:00,2025,2,22,23,Cao Bằng,Xã Tam Kim,22.606427,106.0179879,46,Good,0,13.9,98,0.4,4.5,203,986.7,100,22.9,23.0,537.0,13.4,31.0,11.9
2025-02-23 00:00:00,2025,2,23,0,Cao Bằng,Xã Tam Kim,22.606427,106.0179879,47,Good,0,13.9,98,0.4,4.0,198,986.8,100,22.0,22.1,539.0,13.1,27.0,11.7
2025-02-23 01:00:00,2025,2,23,1,Cao Bằng,Xã Tam Kim,22.606427,106.0179879,49,Good,0,13.7,98,0.3,5.0,193,986.9,100,20.6,20.7,564.0,12.7,25.0,11.4
2025-02-23 02:00:00,2025,2,23,2,Cao Bằng,Xã Tam Kim,22.606427,106.0179879,50,Good,0,13.7,98,0.2,5.2,194,986.7,100,19.0,19.0,636.0,12.2,23.0,11.0
2025-02-23 03:00:00,2025,2,23,3,Cao Bằng,Xã Tam Kim,22.606427,106.0179879,51,Moderate,1,13.6,98,0.2,3.6,177,986.6,100,16.2,16.2,732.0,11.6,22.0,10.4
2025-02-23 04:00:00,2025,2,23,4,Cao Bằng,Xã Tam Kim,22.606427,106.0179879,51,Moderate,1,13.5,97,0.3,2.7,184,986.7,100,13.4,13.4,793.0,11.0,21.0,10.0
2025-02-23 05:00:00,2025,2,23,5,Cao Bằng,Xã Tam Kim,22.606427,106.0179879,52,Moderate,1,13.3,96,0.7,2.7,157,987.2,100,11.6,11.6,792.0,10.6,21.0,9.7
2025-02-23 06:00:00,2025,2,23,6,Cao Bằng,Xã Tam Kim,22.606427,106.0179879,52,Moderate,1,13.4,96,0.4,2.6,141,988.6,100,10.2,10.2,756.0,10.2,21.0,9.4
2025-02-23 07:00:00,2025,2,23,7,Cao Bằng,Xã Tam Kim,22.606427,106.0179879,52,Moderate,1,13.4,96,0.4,2.3,122,989.6,100,11.3,11.3,714.0,9.4,24.0,9.4
2025-02-23 08:00:00,2025,2,23,8,Cao Bằng,Xã Tam Kim,22.606427,106.0179879,53,Moderate,1,13.8,91,0.1,5.2,49,990.8,100,8.8,8.8,669.0,8.5,27.0,9.5
2025-02-23 09:00:00,2025,2,23,9,Cao Bằng,Xã Tam Kim,22.606427,106.0179879,53,Moderate,1,14.0,86,0.0,4.1,358,991.9,100,6.1,6.1,619.0,7.2,32.0,9.7
2025-02-23 10:00:00,2025,2,23,10,Cao Bằng,Xã Tam Kim,22.606427,106.0179879,53,Moderate,1,14.5,74,0.0,4.5,360,992.4,100,4.6,4.6,578.0,6.0,37.0,9.7
2025-02-23 11:00:00,2025,2,23,11,Cao Bằng,Xã Tam Kim,22.606427,106.0179879,52,Moderate,1,15.6,65,0.0,5.3,12,991.6,100,3.9,3.9,555.0,5.1,43.0,9.5
2025-02-23 12:00:00,2025,2,23,12,Cao Bằng,Xã Tam Kim,22.606427,106.0179879,52,Moderate,1,16.8,56,0.0,6.8,12,990.3,100,2.8,2.8,542.0,4.3,50.0,9.3
2025-02-23 13:00:00,2025,2,23,13,Cao Bằng,Xã Tam Kim,22.606427,106.0179879,52,Moderate,1,17.5,54,0.0,6.2,33,989.0,99,2.9,2.9,535.0,3.8,55.0,9.0
2025-02-23 14:00:00,2025,2,23,14,Cao Bằng,Xã Tam Kim,22.606427,106.0179879,52,Moderate,1,18.2,53,0.0,8.0,44,987.7,100,3.3,3.3,532.0,3.6,59.0,8.8
2025-02-23 15:00:00,2025,2,23,15,Cao Bằng,Xã Tam Kim,22.606427,106.0179879,52,Moderate,1,18.1,53,0.0,6.9,62,987.1,100,3.9,3.9,534.0,3.6,62.0,8.6
2025-02-23 16:00:00,2025,2,23,16,Cao Bằng,Xã Tam Kim,22.606427,106.0179879,51,Moderate,1,18.0,54,0.0,5.8,86,987.0,100,4.9,4.9,542.0,3.9,63.0,8.4
2025-02-23 17:00:00,2025,2,23,17,Cao Bằng,Xã Tam Kim,22.606427,106.0179879,51,Moderate,1,17.2,56,0.0,6.9,113,987.2,100,6.4,6.6,562.0,4.5,63.0,8.3
2025-02-23 18:00:00,2025,2,23,18,Cao Bằng,Xã Tam Kim,22.606427,106.0179879,51,Moderate,1,15.8,64,0.0,5.4,116,987.7,98,6.9,7.1,587.0,5.4,61.0,8.4
2025-02-23 19:00:00,2025,2,23,19,Cao Bằng,Xã Tam Kim,22.606427,106.0179879,50,Good,0,15.3,67,0.0,3.8,139,988.4,98,9.7,9.7,601.0,6.7,53.0,8.8
2025-02-23 20:00:00,2025,2,23,20,Cao Bằng,Xã Tam Kim,22.606427,106.0179879,49,Good,0,13.2,71,0.0,5.9,142,990.4,100,10.3,10.3,593.0,6.5,53.0,9.0
2025-02-23 21:00:00,2025,2,23,21,Cao Bằng,Xã Tam Kim,22.606427,106.0179879,47,Good,0,13.0,69,0.0,5.6,159,991.5,100,10.7,10.8,574.0,6.3,53.0,9.2
2025-02-23 22:00:00,2025,2,23,22,Cao Bằng,Xã Tam Kim,22.606427,106.0179879,44,Good,0,12.6,73,0.0,3.9,167,992.4,99,11.1,11.2,555.0,6.1,52.0,9.3
2025-02-23 23:00:00,2025,2,23,23,Cao Bằng,Xã Tam Kim,22.606427,106.0179879,42,Good,0,12.5,73,0.0,3.8,185,992.4,100,11.5,11.6,540.0,6.0,51.0,9.3
2025-02-24 00:00:00,2025,2,24,0,Cao Bằng,Xã Tam Kim,22.606427,106.0179879,40,Good,0,12.5,73,0.0,4.0,162,992.4,100,11.9,12.0,525.0,5.9,49.0,9.2
2025-02-24 01:00:00,2025,2,24,1,Cao Bằng,Xã Tam Kim,22.606427,106.0179879,39,Good,0,12.2,75,0.0,3.9,156,992.1,100,12.2,12.4,512.0,5.8,48.0,9.1
2025-02-24 02:00:00,2025,2,24,2,Cao Bằng,Xã Tam Kim,22.606427,106.0179879,37,Good,0,11.9,76,0.0,4.1,167,991.5,100,12.4,12.6,498.0,5.6,47.0,9.1
2025-02-24 03:00:00,2025,2,24,3,Cao Bằng,Xã Tam Kim,22.606427,106.0179879,36,Good,0,11.8,75,0.0,4.0,177,990.7,100,12.3,12.5,486.0,5.3,45.0,9.1
2025-02-24 04:00:00,2025,2,24,4,Cao Bằng,Xã Tam Kim,22.606427,106.0179879,35,Good,0,11.6,77,0.0,3.8,163,990.2,100,12.0,12.2,482.0,5.2,44.0,9.1
2025-02-24 05:00:00,2025,2,24,5,Cao Bằng,Xã Tam Kim,22.606427,106.0179879,35,Good,0,11.4,79,0.0,5.0,167,990.5,100,11.4,11.6,492.0,5.4,42.0,9.1
2025-02-24 06:00:00,2025,2,24,6,Cao Bằng,Xã Tam Kim,22.606427,106.0179879,35,Good,0,11.3,78,0.0,5.9,162,991.0,100,10.8,11.0,510.0,5.8,40.0,9.0
2025-02-24 07:00:00,2025,2,24,7,Cao Bằng,Xã Tam Kim,22.606427,106.0179879,35,Good,0,11.1,81,0.1,6.0,163,992.1,100,10.4,10.7,523.0,6.1,39.0,9.2
2025-02-24 08:00:00,2025,2,24,8,Cao Bằng,Xã Tam Kim,22.606427,106.0179879,35,Good,0,11.8,76,0.0,5.7,145,993.0,100,10.4,10.8,524.0,5.9,40.0,9.3
2025-02-24 09:00:00,2025,2,24,9,Cao Bằng,Xã Tam Kim,22.606427,106.0179879,35,Good,0,12.2,72,0.0,6.1,137,993.7,100,10.5,10.8,521.0,5.6,43.0,9.5
2025-02-24 10:00:00,2025,2,24,10,Cao Bằng,Xã Tam Kim,22.606427,106.0179879,36,Good,0,12.3,73,0.0,5.7,136,994.0,100,9.8,10.2,517.0,5.3,46.0,9.5
2025-02-24 11:00:00,2025,2,24,11,Cao Bằng,Xã Tam Kim,22.606427,106.0179879,37,Good,0,12.7,71,0.1,4.4,128,993.2,100,7.5,7.7,516.0,4.8,51.0,9.2
2025-02-24 12:00:00,2025,2,24,12,Cao Bằng,Xã Tam Kim,22.606427,106.0179879,37,Good,0,12.6,72,0.0,2.3,122,992.4,100,6.4,6.7,515.0,4.2,58.0,8.7
2025-02-24 13:00:00,2025,2,24,13,Cao Bằng,Xã Tam Kim,22.606427,106.0179879,38,Good,0,13.4,67,0.0,3.1,111,990.6,100,6.4,6.6,514.0,3.8,63.0,8.2
2025-02-24 14:00:00,2025,2,24,14,Cao Bằng,Xã Tam Kim,22.606427,106.0179879,39,Good,0,13.4,68,0.0,4.3,135,988.9,100,6.7,6.9,510.0,3.7,66.0,7.8
2025-02-24 15:00:00,2025,2,24,15,Cao Bằng,Xã Tam Kim,22.606427,106.0179879,39,Good,0,14.2,63,0.0,4.1,151,988.0,100,7.3,7.4,506.0,3.9,67.0,7.5
2025-02-24 16:00:00,2025,2,24,16,Cao Bằng,Xã Tam Kim,22.606427,106.0179879,40,Good,0,14.2,64,0.0,5.8,160,987.5,100,7.9,8.1,506.0,4.3,67.0,7.3
2025-02-24 17:00:00,2025,2,24,17,Cao Bằng,Xã Tam Kim,22.606427,106.0179879,40,Good,0,13.6,68,0.0,6.2,150,987.6,100,8.7,8.8,513.0,5.3,65.0,7.4
2025-02-24 18:00:00,2025,2,24,18,Cao Bằng,Xã Tam Kim,22.606427,106.0179879,41,Good,0,13.1,69,0.0,5.5,144,987.7,100,9.6,9.8,523.0,6.5,61.0,7.6
2025-02-24 19:00:00,2025,2,24,19,Cao Bằng,Xã Tam Kim,22.606427,106.0179879,41,Good,0,12.8,70,0.0,4.8,158,988.3,100,12.1,12.4,534.0,9.1,49.0,7.8
2025-02-24 20:00:00,2025,2,24,20,Cao Bằng,Xã Tam Kim,22.606427,106.0179879,42,Good,0,10.3,84,0.0,5.3,172,989.5,35,12.5,12.7,547.0,9.1,48.0,8.0
2025-02-24 21:00:00,2025,2,24,21,Cao Bằng,Xã Tam Kim,22.606427,106.0179879,42,Good,0,10.3,86,0.0,0.6,146,989.9,38,12.7,13.0,560.0,9.1,47.0,8.2
2025-02-24 22:00:00,2025,2,24,22,Cao Bằng,Xã Tam Kim,22.606427,106.0179879,42,Good,0,10.1,87,0.0,2.4,103,990.1,19,13.0,13.2,566.0,9.1,45.0,8.3
2025-02-24 23:00:00,2025,2,24,23,Cao Bằng,Xã Tam Kim,22.606427,106.0179879,43,Good,0,10.0,88,0.0,2.4,138,989.9,28,13.4,13.6,563.0,8.9,43.0,8.1
2025-02-25 00:00:00,2025,2,25,0,Cao Bằng,Xã Tam Kim,22.606427,106.0179879,43,Good,0,9.7,90,0.0,2.8,130,989.4,32,13.5,13.7,553.0,8.7,42.0,7.8
2025-02-25 01:00:00,2025,2,25,1,Cao Bằng,Xã Tam Kim,22.606427,106.0179879,43,Good,0,9.3,91,0.0,2.1,110,988.5,32,13.4,13.6,537.0,8.5,40.0,7.4
2025-02-25 02:00:00,2025,2,25,2,Cao Bằng,Xã Tam Kim,22.606427,106.0179879,44,Good,0,9.0,92,0.0,2.5,98,987.6,26,13.2,13.3,503.0,8.2,38.0,7.0
2025-02-25 03:00:00,2025,2,25,3,Cao Bằng,Xã Tam Kim,22.606427,106.0179879,44,Good,0,8.7,92,0.0,2.0,80,986.8,16,13.1,13.2,464.0,8.0,37.0,6.5
2025-02-25 04:00:00,2025,2,25,4,Cao Bằng,Xã Tam Kim,22.606427,106.0179879,44,Good,0,8.7,92,0.0,2.0,100,986.6,88,13.1,13.3,454.0,7.9,35.0,6.2
2025-02-25 05:00:00,2025,2,25,5,Cao Bằng,Xã Tam Kim,22.606427,106.0179879,44,Good,0,8.8,93,0.0,2.1,70,987.0,52,13.1,13.3,504.0,8.3,32.0,6.0
2025-02-25 06:00:00,2025,2,25,6,Cao Bằng,Xã Tam Kim,22.606427,106.0179879,44,Good,0,8.7,94,0.0,0.9,53,988.0,100,13.3,13.4,584.0,8.8,30.0,5.9
2025-02-25 07:00:00,2025,2,25,7,Cao Bằng,Xã Tam Kim,22.606427,106.0179879,45,Good,0,9.5,89,0.0,1.4,320,989.2,100,6.8,6.8,643.0,9.4,31.0,5.9
2025-02-25 08:00:00,2025,2,25,8,Cao Bằng,Xã Tam Kim,22.606427,106.0179879,44,Good,0,11.3,85,0.1,1.8,186,990.3,100,7.3,7.3,660.0,8.7,38.0,6.4
2025-02-25 09:00:00,2025,2,25,9,Cao Bằng,Xã Tam Kim,22.606427,106.0179879,44,Good,0,11.8,84,0.1,2.9,137,991.2,100,6.8,6.8,656.0,7.6,47.0,7.1
2025-02-25 10:00:00,2025,2,25,10,Cao Bằng,Xã Tam Kim,22.606427,106.0179879,43,Good,0,12.6,81,0.0,2.4,117,991.4,100,7.5,7.6,645.0,6.7,55.0,7.7
2025-02-25 11:00:00,2025,2,25,11,Cao Bằng,Xã Tam Kim,22.606427,106.0179879,43,Good,0,12.9,80,0.2,2.2,138,990.8,100,9.6,9.7,629.0,6.0,61.0,8.1
2025-02-25 12:00:00,2025,2,25,12,Cao Bằng,Xã Tam Kim,22.606427,106.0179879,43,Good,0,12.5,88,0.7,1.0,202,990.0,100,11.7,11.8,606.0,5.3,66.0,8.4
2025-02-25 13:00:00,2025,2,25,13,Cao Bằng,Xã Tam Kim,22.606427,106.0179879,44,Good,0,12.6,94,0.5,2.2,228,988.6,100,12.7,12.8,584.0,4.9,70.0,8.7
2025-02-25 14:00:00,2025,2,25,14,Cao Bằng,Xã Tam Kim,22.606427,106.0179879,45,Good,0,13.5,84,0.1,3.3,174,987.5,100,13.6,13.7,565.0,4.7,73.0,8.9
2025-02-25 15:00:00,2025,2,25,15,Cao Bằng,Xã Tam Kim,22.606427,106.0179879,46,Good,0,13.8,83,0.0,5.8,154,986.7,100,14.6,14.7,547.0,4.7,75.0,9.0
2025-02-25 16:00:00,2025,2,25,16,Cao Bằng,Xã Tam Kim,22.606427,106.0179879,47,Good,0,14.0,82,0.0,5.5,148,986.5,100,15.8,15.9,538.0,5.3,74.0,9.2
2025-02-25 17:00:00,2025,2,25,17,Cao Bằng,Xã Tam Kim,22.606427,106.0179879,49,Good,0,13.9,81,0.0,4.8,151,986.4,100,17.5,17.6,544.0,6.9,70.0,9.6
2025-02-25 18:00:00,2025,2,25,18,Cao Bằng,Xã Tam Kim,22.606427,106.0179879,50,Good,0,13.4,85,0.0,6.0,201,986.9,100,20.2,20.4,559.0,9.0,63.0,10.2
2025-02-25 19:00:00,2025,2,25,19,Cao Bằng,Xã Tam Kim,22.606427,106.0179879,51,Moderate,1,13.1,87,0.0,6.5,219,987.9,100,15.2,15.3,569.0,14.3,43.0,10.4
2025-02-25 20:00:00,2025,2,25,20,Cao Bằng,Xã Tam Kim,22.606427,106.0179879,51,Moderate,1,12.1,89,0.0,6.3,211,988.9,100,15.5,15.6,559.0,14.0,42.0,10.3
2025-02-25 21:00:00,2025,2,25,21,Cao Bằng,Xã Tam Kim,22.606427,106.0179879,52,Moderate,1,12.2,88,0.0,6.0,205,989.6,100,15.8,15.8,544.0,13.4,40.0,10.1
2025-02-25 22:00:00,2025,2,25,22,Cao Bằng,Xã Tam Kim,22.606427,106.0179879,52,Moderate,1,12.3,87,0.0,4.4,201,990.0,100,15.9,15.9,557.0,12.8,39.0,10.0
2025-02-25 23:00:00,2025,2,25,23,Cao Bằng,Xã Tam Kim,22.606427,106.0179879,52,Moderate,1,12.2,87,0.0,4.5,187,989.7,100,15.9,15.9,628.0,11.9,39.0,10.1
2025-02-26 00:00:00,2025,2,26,0,Cao Bằng,Xã Tam Kim,22.606427,106.0179879,52,Moderate,1,12.1,87,0.0,4.9,186,989.0,100,15.8,15.9,727.0,11.0,40.0,10.2
2025-02-26 01:00:00,2025,2,26,1,Cao Bằng,Xã Tam Kim,22.606427,106.0179879,53,Moderate,1,12.0,87,0.0,3.9,217,988.3,100,15.9,15.9,801.0,10.1,41.0,10.2
2025-02-26 02:00:00,2025,2,26,2,Cao Bằng,Xã Tam Kim,22.606427,106.0179879,53,Moderate,1,12.1,88,0.0,2.2,180,987.7,100,15.8,15.9,824.0,9.5,40.0,10.0
2025-02-26 03:00:00,2025,2,26,3,Cao Bằng,Xã Tam Kim,22.606427,106.0179879,53,Moderate,1,11.8,87,0.0,2.2,166,986.8,100,15.5,15.6,821.0,9.0,39.0,9.8
2025-02-26 04:00:00,2025,2,26,4,Cao Bằng,Xã Tam Kim,22.606427,106.0179879,53,Moderate,1,11.8,86,0.0,2.9,173,986.5,100,14.7,14.7,815.0,8.6,38.0,9.6
2025-02-26 05:00:00,2025,2,26,5,Cao Bằng,Xã Tam Kim,22.606427,106.0179879,53,Moderate,1,11.7,87,0.0,3.1,193,986.5,100,14.3,14.3,821.0,8.6,36.0,9.5
2025-02-26 06:00:00,2025,2,26,6,Cao Bằng,Xã Tam Kim,22.606427,106.0179879,54,Moderate,1,11.6,89,0.0,2.8,198,987.1,100,14.3,14.3,824.0,8.7,35.0,9.4
2025-02-26 07:00:00,2025,2,26,7,Cao Bằng,Xã Tam Kim,22.606427,106.0179879,54,Moderate,1,11.7,88,0.0,3.1,201,987.5,100,11.9,11.9,803.0,7.7,38.0,9.6
2025-02-26 08:00:00,2025,2,26,8,Cao Bằng,Xã Tam Kim,22.606427,106.0179879,54,Moderate,1,11.7,95,0.2,5.6,207,988.2,100,9.9,9.9,742.0,7.1,43.0,9.6
2025-02-26 09:00:00,2025,2,26,9,Cao Bằng,Xã Tam Kim,22.606427,106.0179879,54,Moderate,1,12.2,96,0.6,3.1,211,988.9,100,9.7,9.7,657.0,6.1,49.0,9.6
2025-02-26 10:00:00,2025,2,26,10,Cao Bằng,Xã Tam Kim,22.606427,106.0179879,55,Moderate,1,12.2,96,0.4,2.2,204,988.7,100,7.5,7.5,576.0,5.2,57.0,9.7
2025-02-26 11:00:00,2025,2,26,11,Cao Bằng,Xã Tam Kim,22.606427,106.0179879,55,Moderate,1,13.0,92,0.3,7.3,163,987.8,100,6.7,6.7,504.0,4.2,67.0,10.1
2025-02-26 12:00:00,2025,2,26,12,Cao Bằng,Xã Tam Kim,22.606427,106.0179879,54,Moderate,1,14.3,80,0.1,8.6,147,986.2,77,5.4,5.4,437.0,3.2,78.0,10.5
2025-02-26 13:00:00,2025,2,26,13,Cao Bằng,Xã Tam Kim,22.606427,106.0179879,54,Moderate,1,16.5,72,0.0,10.2,149,984.3,82,5.9,6.0,391.0,2.5,86.0,10.4
2025-02-26 14:00:00,2025,2,26,14,Cao Bằng,Xã Tam Kim,22.606427,106.0179879,53,Moderate,1,17.9,66,0.0,9.4,148,982.3,98,7.6,7.6,374.0,2.2,89.0,9.2
2025-02-26 15:00:00,2025,2,26,15,Cao Bằng,Xã Tam Kim,22.606427,106.0179879,53,Moderate,1,18.4,66,0.0,10.9,144,981.0,100,9.3,9.3,378.0,2.2,90.0,7.5
2025-02-26 16:00:00,2025,2,26,16,Cao Bằng,Xã Tam Kim,22.606427,106.0179879,52,Moderate,1,18.7,66,0.0,10.5,142,981.0,100,10.6,10.6,392.0,2.7,88.0,6.1
2025-02-26 17:00:00,2025,2,26,17,Cao Bằng,Xã Tam Kim,22.606427,106.0179879,52,Moderate,1,17.9,70,0.0,10.6,125,980.7,97,12.4,12.4,421.0,4.1,84.0,5.4
2025-02-26 18:00:00,2025,2,26,18,Cao Bằng,Xã Tam Kim,22.606427,106.0179879,51,Moderate,1,16.7,76,0.0,9.4,128,981.5,95,14.1,14.1,460.0,6.1,78.0,5.2
2025-02-26 19:00:00,2025,2,26,19,Cao Bằng,Xã Tam Kim,22.606427,106.0179879,51,Moderate,1,16.0,78,0.0,6.4,140,982.2,95,14.6,14.6,490.0,8.8,62.0,6.5
2025-02-26 20:00:00,2025,2,26,20,Cao Bằng,Xã Tam Kim,22.606427,106.0179879,51,Moderate,1,15.1,84,0.0,4.5,113,982.7,100,15.9,16.0,502.0,9.6,58.0,6.5
2025-02-26 21:00:00,2025,2,26,21,Cao Bằng,Xã Tam Kim,22.606427,106.0179879,51,Moderate,1,14.5,86,0.0,4.4,102,983.5,100,16.8,16.8,506.0,10.7,52.0,6.4
2025-02-26 22:00:00,2025,2,26,22,Cao Bằng,Xã Tam Kim,22.606427,106.0179879,51,Moderate,1,14.3,87,0.0,4.2,108,983.7,82,18.0,18.0,505.0,11.4,47.0,6.4
2025-02-26 23:00:00,2025,2,26,23,Cao Bằng,Xã Tam Kim,22.606427,106.0179879,51,Moderate,1,13.9,89,0.0,4.2,130,983.3,63,19.0,19.1,502.0,11.6,44.0,6.4
2025-02-27 00:00:00,2025,2,27,0,Cao Bằng,Xã Tam Kim,22.606427,106.0179879,51,Moderate,1,13.9,90,0.0,2.9,97,982.5,85,19.7,19.7,495.0,11.5,42.0,6.5
2025-02-27 01:00:00,2025,2,27,1,Cao Bằng,Xã Tam Kim,22.606427,106.0179879,52,Moderate,1,14.1,90,0.0,2.7,86,981.9,94,20.5,20.5,487.0,11.0,42.0,6.7
2025-02-27 02:00:00,2025,2,27,2,Cao Bằng,Xã Tam Kim,22.606427,106.0179879,52,Moderate,1,13.9,91,0.0,2.9,79,981.2,99,21.7,21.8,472.0,9.8,44.0,7.2
2025-02-27 03:00:00,2025,2,27,3,Cao Bằng,Xã Tam Kim,22.606427,106.0179879,52,Moderate,1,14.0,92,0.0,2.3,72,980.7,100,22.0,22.1,456.0,8.1,48.0,7.9
2025-02-27 04:00:00,2025,2,27,4,Cao Bằng,Xã Tam Kim,22.606427,106.0179879,53,Moderate,1,13.9,92,0.0,2.4,77,979.9,94,21.7,21.7,454.0,6.9,51.0,8.5
2025-02-27 05:00:00,2025,2,27,5,Cao Bằng,Xã Tam Kim,22.606427,106.0179879,54,Moderate,1,13.9,92,0.0,2.4,63,979.8,77,20.1,20.2,484.0,6.5,51.0,9.0
2025-02-27 06:00:00,2025,2,27,6,Cao Bằng,Xã Tam Kim,22.606427,106.0179879,54,Moderate,1,13.6,93,0.0,2.3,58,980.4,85,20.5,20.6,528.0,6.6,50.0,9.5
2025-02-27 07:00:00,2025,2,27,7,Cao Bằng,Xã Tam Kim,22.606427,106.0179879,55,Moderate,1,13.8,94,0.0,2.9,60,981.3,96,11.9,12.0,546.0,6.7,47.0,10.0
2025-02-27 08:00:00,2025,2,27,8,Cao Bằng,Xã Tam Kim,22.606427,106.0179879,55,Moderate,1,15.8,84,0.0,3.9,53,982.5,100,9.7,9.7,511.0,5.6,55.0,10.0
2025-02-27 09:00:00,2025,2,27,9,Cao Bằng,Xã Tam Kim,22.606427,106.0179879,55,Moderate,1,18.0,73,0.0,4.2,47,982.8,100,9.6,9.6,451.0,4.1,67.0,9.8
2025-02-27 10:00:00,2025,2,27,10,Cao Bằng,Xã Tam Kim,22.606427,106.0179879,55,Moderate,1,20.1,65,0.0,6.1,56,982.3,40,13.5,13.6,403.0,2.8,78.0,9.2
2025-02-27 11:00:00,2025,2,27,11,Cao Bằng,Xã Tam Kim,22.606427,106.0179879,55,Moderate,1,23.6,54,0.0,4.0,72,981.2,75,15.9,16.2,385.0,2.0,88.0,7.6
2025-02-27 12:00:00,2025,2,27,12,Cao Bằng,Xã Tam Kim,22.606427,106.0179879,56,Moderate,1,25.8,49,0.0,4.5,133,979.5,6,15.8,16.1,380.0,1.4,98.0,5.5
2025-02-27 13:00:00,2025,2,27,13,Cao Bằng,Xã Tam Kim,22.606427,106.0179879,57,Moderate,1,26.6,48,0.0,7.3,190,977.8,3,15.1,15.5,379.0,1.0,106.0,4.1
2025-02-27 14:00:00,2025,2,27,14,Cao Bằng,Xã Tam Kim,22.606427,106.0179879,58,Moderate,1,27.5,45,0.0,7.3,197,975.9,0,15.0,15.4,374.0,0.7,113.0,3.8
2025-02-27 15:00:00,2025,2,27,15,Cao Bằng,Xã Tam Kim,22.606427,106.0179879,58,Moderate,1,28.0,45,0.0,9.8,185,974.7,1,15.3,15.8,373.0,0.6,117.0,4.1
2025-02-27 16:00:00,2025,2,27,16,Cao Bằng,Xã Tam Kim,22.606427,106.0179879,59,Moderate,1,26.9,50,0.0,11.5,178,974.2,0,16.7,17.2,388.0,1.3,119.0,4.8
2025-02-27 17:00:00,2025,2,27,17,Cao Bằng,Xã Tam Kim,22.606427,106.0179879,60,Moderate,1,24.6,60,0.0,12.5,162,974.2,12,19.3,19.9,435.0,3.5,116.0,5.8
2025-02-27 18:00:00,2025,2,27,18,Cao Bằng,Xã Tam Kim,22.606427,106.0179879,60,Moderate,1,20.9,72,0.0,13.4,154,974.8,0,23.6,24.0,498.0,6.5,110.0,7.1
2025-02-27 19:00:00,2025,2,27,19,Cao Bằng,Xã Tam Kim,22.606427,106.0179879,61,Moderate,1,18.4,83,0.0,11.2,158,975.8,1,30.2,30.2,544.0,9.6,96.0,7.4
2025-02-27 20:00:00,2025,2,27,20,Cao Bằng,Xã Tam Kim,22.606427,106.0179879,62,Moderate,1,15.4,93,0.0,8.6,150,977.7,7,35.3,35.3,558.0,11.0,88.0,8.0
2025-02-27 21:00:00,2025,2,27,21,Cao Bằng,Xã Tam Kim,22.606427,106.0179879,64,Moderate,1,14.5,94,0.0,6.3,141,978.7,4,38.9,38.9,555.0,13.0,77.0,8.8
2025-02-27 22:00:00,2025,2,27,22,Cao Bằng,Xã Tam Kim,22.606427,106.0179879,66,Moderate,1,14.4,95,0.0,4.6,141,979.2,8,41.3,41.3,548.0,14.3,67.0,9.4
2025-02-27 23:00:00,2025,2,27,23,Cao Bằng,Xã Tam Kim,22.606427,106.0179879,68,Moderate,1,15.1,93,0.0,2.8,140,979.2,69,43.4,43.5,542.0,14.4,60.0,9.5
2025-02-28 00:00:00,2025,2,28,0,Cao Bằng,Xã Tam Kim,22.606427,106.0179879,70,Moderate,1,15.0,94,0.0,2.7,132,978.8,43,44.1,44.2,532.0,13.9,54.0,9.3
2025-02-28 01:00:00,2025,2,28,1,Cao Bằng,Xã Tam Kim,22.606427,106.0179879,72,Moderate,1,15.5,93,0.0,3.1,100,978.0,94,44.4,44.5,519.0,13.0,50.0,9.3
2025-02-28 02:00:00,2025,2,28,2,Cao Bằng,Xã Tam Kim,22.606427,106.0179879,75,Moderate,1,15.6,93,0.0,2.8,105,977.2,99,43.8,43.9,502.0,11.6,49.0,9.8
2025-02-28 03:00:00,2025,2,28,3,Cao Bằng,Xã Tam Kim,22.606427,106.0179879,77,Moderate,1,15.9,92,0.0,2.5,82,976.6,100,39.0,39.1,482.0,10.0,51.0,10.5
2025-02-28 04:00:00,2025,2,28,4,Cao Bằng,Xã Tam Kim,22.606427,106.0179879,78,Moderate,1,15.9,93,0.0,2.4,54,976.5,100,37.1,37.4,462.0,8.7,52.0,11.0
2025-02-28 05:00:00,2025,2,28,5,Cao Bằng,Xã Tam Kim,22.606427,106.0179879,79,Moderate,1,16.0,93,0.0,2.8,75,977.2,100,35.9,36.1,444.0,8.4,50.0,11.1
2025-02-28 06:00:00,2025,2,28,6,Cao Bằng,Xã Tam Kim,22.606427,106.0179879,81,Moderate,1,16.1,93,0.0,2.5,86,977.9,100,33.8,34.2,427.0,8.5,47.0,10.9
2025-02-28 07:00:00,2025,2,28,7,Cao Bằng,Xã Tam Kim,22.606427,106.0179879,82,Moderate,1,16.5,93,0.0,2.3,51,978.4,99,9.1,9.3,412.0,7.2,52.0,10.5
2025-02-28 08:00:00,2025,2,28,8,Cao Bằng,Xã Tam Kim,22.606427,106.0179879,82,Moderate,1,17.8,85,0.0,4.4,109,979.5,100,8.4,8.6,399.0,6.5,58.0,9.8
2025-02-28 09:00:00,2025,2,28,9,Cao Bằng,Xã Tam Kim,22.606427,106.0179879,82,Moderate,1,19.5,77,0.0,8.3,179,980.0,100,8.8,9.1,387.0,5.5,67.0,8.8
2025-02-28 10:00:00,2025,2,28,10,Cao Bằng,Xã Tam Kim,22.606427,106.0179879,82,Moderate,1,21.1,71,0.0,10.3,185,979.8,96,11.8,12.2,380.0,4.6,77.0,7.6
2025-02-28 11:00:00,2025,2,28,11,Cao Bằng,Xã Tam Kim,22.606427,106.0179879,81,Moderate,1,23.4,62,0.0,10.6,179,979.1,81,16.4,16.9,380.0,3.7,89.0,5.9
2025-02-28 12:00:00,2025,2,28,12,Cao Bằng,Xã Tam Kim,22.606427,106.0179879,81,Moderate,1,24.7,57,0.0,13.1,189,978.1,94,21.7,22.6,383.0,2.8,103.0,4.0
2025-02-28 13:00:00,2025,2,28,13,Cao Bằng,Xã Tam Kim,22.606427,106.0179879,82,Moderate,1,25.4,55,0.0,14.9,192,976.5,87,24.9,26.1,385.0,2.3,115.0,2.7
2025-02-28 14:00:00,2025,2,28,14,Cao Bằng,Xã Tam Kim,22.606427,106.0179879,83,Moderate,1,25.9,54,0.0,15.3,193,975.1,45,27.0,28.3,379.0,2.1,124.0,2.2
2025-02-28 15:00:00,2025,2,28,15,Cao Bằng,Xã Tam Kim,22.606427,106.0179879,84,Moderate,1,25.8,54,0.0,15.7,191,974.4,56,28.8,30.0,370.0,2.3,131.0,2.2
2025-02-28 16:00:00,2025,2,28,16,Cao Bằng,Xã Tam Kim,22.606427,106.0179879,85,Moderate,1,25.5,56,0.0,14.8,182,973.9,44,31.0,32.2,371.0,3.3,132.0,2.7
2025-02-28 17:00:00,2025,2,28,17,Cao Bằng,Xã Tam Kim,22.606427,106.0179879,86,Moderate,1,23.5,65,0.0,12.1,179,973.8,89,33.2,34.3,391.0,5.8,124.0,3.9
2025-02-28 18:00:00,2025,2,28,18,Cao Bằng,Xã Tam Kim,22.606427,106.0179879,88,Moderate,1,20.7,76,0.0,10.3,173,974.3,93,35.5,36.4,422.0,9.0,111.0,5.5
2025-02-28 19:00:00,2025,2,28,19,Cao Bằng,Xã Tam Kim,22.606427,106.0179879,89,Moderate,1,18.3,89,0.0,6.9,166,975.0,100,41.6,43.1,444.0,11.7,94.0,5.4
2025-02-28 20:00:00,2025,2,28,20,Cao Bằng,Xã Tam Kim,22.606427,106.0179879,90,Moderate,1,18.8,87,0.0,6.2,144,976.3,97,43.2,44.5,452.0,12.3,87.0,6.7
2025-02-28 21:00:00,2025,2,28,21,Cao Bằng,Xã Tam Kim,22.606427,106.0179879,90,Moderate,1,19.1,87,0.0,6.5,134,976.7,100,43.7,44.8,453.0,13.0,76.0,8.4
2025-02-28 22:00:00,2025,2,28,22,Cao Bằng,Xã Tam Kim,22.606427,106.0179879,91,Moderate,1,19.0,89,0.0,6.0,139,977.1,100,43.2,44.2,448.0,13.5,67.0,9.7
2025-02-28 23:00:00,2025,2,28,23,Cao Bằng,Xã Tam Kim,22.606427,106.0179879,91,Moderate,1,19.0,90,0.0,5.1,132,976.9,100,42.1,43.2,439.0,13.4,60.0,10.0
2025-03-01 00:00:00,2025,3,1,0,Cao Bằng,Xã Tam Kim,22.606427,106.0179879,91,Moderate,1,19.2,89,0.0,5.9,133,976.7,100,40.7,41.8,424.0,13.0,54.0,9.7
2025-03-01 01:00:00,2025,3,1,1,Cao Bằng,Xã Tam Kim,22.606427,106.0179879,91,Moderate,1,19.2,88,0.0,6.0,141,976.3,100,39.0,40.0,398.0,12.4,49.0,9.4
2025-03-01 02:00:00,2025,3,1,2,Cao Bằng,Xã Tam Kim,22.606427,106.0179879,90,Moderate,1,19.0,89,0.0,6.0,136,975.3,100,35.4,36.3,351.0,11.4,46.0,9.0
2025-03-01 03:00:00,2025,3,1,3,Cao Bằng,Xã Tam Kim,22.606427,106.0179879,89,Moderate,1,18.8,90,0.0,5.1,132,974.8,100,30.4,31.4,295.0,10.1,44.0,8.6
2025-03-01 04:00:00,2025,3,1,4,Cao Bằng,Xã Tam Kim,22.606427,106.0179879,89,Moderate,1,18.7,91,0.0,5.7,134,974.6,100,27.3,28.3,255.0,9.1,43.0,8.2
2025-03-01 05:00:00,2025,3,1,5,Cao Bằng,Xã Tam Kim,22.606427,106.0179879,88,Moderate,1,19.0,91,0.0,6.1,135,974.9,100,24.6,25.6,249.0,8.7,41.0,8.1
2025-03-01 06:00:00,2025,3,1,6,Cao Bằng,Xã Tam Kim,22.606427,106.0179879,87,Moderate,1,18.8,92,0.0,6.9,141,975.2,100,21.7,22.4,260.0,8.5,39.0,8.2
2025-03-01 07:00:00,2025,3,1,7,Cao Bằng,Xã Tam Kim,22.606427,106.0179879,86,Moderate,1,19.1,90,0.0,6.4,130,975.5,100,1.8,1.8,268.0,9.8,31.0,5.9
2025-03-01 08:00:00,2025,3,1,8,Cao Bằng,Xã Tam Kim,22.606427,106.0179879,85,Moderate,1,20.1,87,0.0,7.8,127,976.3,96,2.3,2.3,263.0,8.7,38.0,6.3
2025-03-01 09:00:00,2025,3,1,9,Cao Bằng,Xã Tam Kim,22.606427,106.0179879,84,Moderate,1,21.1,80,0.1,7.6,161,976.8,92,3.0,3.1,253.0,7.2,48.0,6.8
2025-03-01 10:00:00,2025,3,1,10,Cao Bằng,Xã Tam Kim,22.606427,106.0179879,84,Moderate,1,22.9,71,0.0,8.5,180,977.1,69,4.2,4.4,248.0,5.8,60.0,6.7
2025-03-01 11:00:00,2025,3,1,11,Cao Bằng,Xã Tam Kim,22.606427,106.0179879,83,Moderate,1,24.3,64,0.0,8.8,182,975.9,30,8.5,8.7,249.0,4.6,74.0,5.2
2025-03-01 12:00:00,2025,3,1,12,Cao Bằng,Xã Tam Kim,22.606427,106.0179879,83,Moderate,1,26.3,57,0.0,11.5,180,974.6,7,13.3,13.7,254.0,3.5,89.0,3.1
2025-03-01 13:00:00,2025,3,1,13,Cao Bằng,Xã Tam Kim,22.606427,106.0179879,82,Moderate,1,26.5,60,0.0,14.4,188,972.9,21,16.0,16.4,261.0,2.9,102.0,1.5
2025-03-01 14:00:00,2025,3,1,14,Cao Bằng,Xã Tam Kim,22.606427,106.0179879,81,Moderate,1,27.7,54,0.0,14.9,195,971.5,6,18.6,19.0,269.0,2.7,112.0,1.0
2025-03-01 15:00:00,2025,3,1,15,Cao Bằng,Xã Tam Kim,22.606427,106.0179879,80,Moderate,1,28.1,53,0.0,14.4,179,970.4,5,21.3,21.8,280.0,3.0,120.0,1.1
2025-03-01 16:00:00,2025,3,1,16,Cao Bằng,Xã Tam Kim,22.606427,106.0179879,80,Moderate,1,27.1,56,0.0,15.9,186,970.0,13,24.9,25.4,294.0,3.9,123.0,1.5
2025-03-01 17:00:00,2025,3,1,17,Cao Bằng,Xã Tam Kim,22.606427,106.0179879,79,Moderate,1,25.5,64,0.0,13.9,181,969.9,6,29.0,29.6,319.0,5.8,119.0,2.3
2025-03-01 18:00:00,2025,3,1,18,Cao Bằng,Xã Tam Kim,22.606427,106.0179879,79,Moderate,1,22.9,76,0.0,8.9,173,970.0,4,32.8,33.3,347.0,8.3,111.0,3.5
2025-03-01 19:00:00,2025,3,1,19,Cao Bằng,Xã Tam Kim,22.606427,106.0179879,78,Moderate,1,20.3,89,0.0,7.0,157,970.5,41,39.0,39.7,361.0,9.5,105.0,3.8
2025-03-01 20:00:00,2025,3,1,20,Cao Bằng,Xã Tam Kim,22.606427,106.0179879,78,Moderate,1,19.9,92,0.0,8.7,162,972.2,96,41.0,41.8,349.0,10.0,97.0,4.6
2025-03-01 21:00:00,2025,3,1,21,Cao Bằng,Xã Tam Kim,22.606427,106.0179879,78,Moderate,1,20.4,92,0.0,5.7,134,973.0,100,41.0,41.8,323.0,10.7,86.0,5.6
2025-03-01 22:00:00,2025,3,1,22,Cao Bằng,Xã Tam Kim,22.606427,106.0179879,78,Moderate,1,20.7,92,0.0,6.7,124,973.5,100,39.2,40.0,294.0,11.0,76.0,6.1
2025-03-01 23:00:00,2025,3,1,23,Cao Bằng,Xã Tam Kim,22.606427,106.0179879,77,Moderate,1,21.0,89,0.0,7.8,134,973.5,100,35.7,36.7,264.0,10.4,67.0,5.5
2025-03-02 00:00:00,2025,3,2,0,Cao Bằng,Xã Tam Kim,22.606427,106.0179879,77,Moderate,1,20.5,89,0.0,6.9,127,973.8,100,28.3,29.0,232.0,9.4,59.0,4.4
2025-03-02 01:00:00,2025,3,2,1,Cao Bằng,Xã Tam Kim,22.606427,106.0179879,76,Moderate,1,20.1,91,0.0,7.1,114,973.5,100,19.8,20.5,208.0,8.5,52.0,3.5
2025-03-02 02:00:00,2025,3,2,2,Cao Bằng,Xã Tam Kim,22.606427,106.0179879,74,Moderate,1,19.9,92,0.1,6.9,105,972.7,100,16.4,17.1,195.0,7.7,48.0,3.2
2025-03-02 03:00:00,2025,3,2,3,Cao Bằng,Xã Tam Kim,22.606427,106.0179879,72,Moderate,1,19.7,93,0.0,6.5,104,972.0,95,14.7,15.4,190.0,7.0,46.0,3.1
2025-03-02 04:00:00,2025,3,2,4,Cao Bằng,Xã Tam Kim,22.606427,106.0179879,71,Moderate,1,19.8,92,0.0,7.0,111,971.8,96,13.5,14.2,192.0,6.5,45.0,3.3
2025-03-02 05:00:00,2025,3,2,5,Cao Bằng,Xã Tam Kim,22.606427,106.0179879,70,Moderate,1,19.6,93,0.0,6.9,115,971.8,100,13.2,14.0,205.0,6.5,43.0,3.9
2025-03-02 06:00:00,2025,3,2,6,Cao Bằng,Xã Tam Kim,22.606427,106.0179879,69,Moderate,1,19.6,92,0.0,7.3,121,972.1,96,12.3,13.0,226.0,6.7,42.0,4.8
2025-03-02 07:00:00,2025,3,2,7,Cao Bằng,Xã Tam Kim,22.606427,106.0179879,68,Moderate,1,19.8,91,0.0,7.7,121,972.8,98,7.0,7.3,241.0,7.4,35.0,4.6
2025-03-02 08:00:00,2025,3,2,8,Cao Bằng,Xã Tam Kim,22.606427,106.0179879,68,Moderate,1,20.7,88,0.0,8.2,130,974.1,85,7.8,8.2,244.0,7.0,40.0,5.5
2025-03-02 09:00:00,2025,3,2,9,Cao Bằng,Xã Tam Kim,22.606427,106.0179879,69,Moderate,1,22.1,79,0.0,7.9,167,974.7,78,8.7,9.1,242.0,6.3,48.0,6.6
2025-03-02 10:00:00,2025,3,2,10,Cao Bằng,Xã Tam Kim,22.606427,106.0179879,69,Moderate,1,23.7,71,0.0,8.1,179,974.6,20,10.9,11.4,240.0,5.5,59.0,6.9
2025-03-02 11:00:00,2025,3,2,11,Cao Bằng,Xã Tam Kim,22.606427,106.0179879,70,Moderate,1,25.9,62,0.0,8.1,177,974.0,13,18.1,18.8,238.0,4.2,75.0,5.5
2025-03-02 12:00:00,2025,3,2,12,Cao Bằng,Xã Tam Kim,22.606427,106.0179879,71,Moderate,1,28.2,54,0.0,10.0,189,973.0,11,21.4,22.0,236.0,2.8,95.0,3.3
2025-03-02 13:00:00,2025,3,2,13,Cao Bằng,Xã Tam Kim,22.606427,106.0179879,72,Moderate,1,29.4,51,0.0,11.4,185,971.4,6,22.9,23.5,237.0,1.8,111.0,1.7
2025-03-02 14:00:00,2025,3,2,14,Cao Bằng,Xã Tam Kim,22.606427,106.0179879,72,Moderate,1,29.9,51,0.0,13.3,180,970.0,2,23.7,24.4,241.0,1.4,122.0,1.4
2025-03-02 15:00:00,2025,3,2,15,Cao Bằng,Xã Tam Kim,22.606427,106.0179879,73,Moderate,1,29.3,54,0.0,14.2,184,969.1,3,24.8,25.5,248.0,1.4,130.0,1.7
2025-03-02 16:00:00,2025,3,2,16,Cao Bằng,Xã Tam Kim,22.606427,106.0179879,73,Moderate,1,28.4,57,0.0,14.4,176,968.8,4,26.4,27.1,264.0,2.4,132.0,2.2
2025-03-02 17:00:00,2025,3,2,17,Cao Bằng,Xã Tam Kim,22.606427,106.0179879,73,Moderate,1,26.7,64,0.0,11.7,171,968.9,1,28.9,29.6,299.0,5.0,125.0,2.9
2025-03-02 18:00:00,2025,3,2,18,Cao Bằng,Xã Tam Kim,22.606427,106.0179879,73,Moderate,1,23.8,77,0.0,8.9,174,969.3,1,31.9,32.4,343.0,8.5,112.0,3.7
2025-03-02 19:00:00,2025,3,2,19,Cao Bằng,Xã Tam Kim,22.606427,106.0179879,73,Moderate,1,21.1,88,0.0,4.3,156,969.8,3,31.1,31.9,377.0,11.6,98.0,3.9
2025-03-02 20:00:00,2025,3,2,20,Cao Bằng,Xã Tam Kim,22.606427,106.0179879,72,Moderate,1,20.7,90,0.0,6.7,166,970.7,1,34.2,34.9,391.0,12.8,90.0,4.3
2025-03-02 21:00:00,2025,3,2,21,Cao Bằng,Xã Tam Kim,22.606427,106.0179879,72,Moderate,1,20.4,91,0.0,3.9,167,971.4,1,36.2,36.9,395.0,14.4,78.0,4.8
2025-03-02 22:00:00,2025,3,2,22,Cao Bằng,Xã Tam Kim,22.606427,106.0179879,71,Moderate,1,20.1,93,0.0,1.1,162,972.1,15,39.5,40.2,391.0,15.6,67.0,5.1
2025-03-02 23:00:00,2025,3,2,23,Cao Bằng,Xã Tam Kim,22.606427,106.0179879,71,Moderate,1,19.8,94,0.0,0.8,45,972.5,28,41.9,42.6,380.0,16.3,58.0,4.9
2025-03-03 00:00:00,2025,3,3,0,Cao Bằng,Xã Tam Kim,22.606427,106.0179879,72,Moderate,1,20.0,95,0.0,0.9,90,972.5,31,43.2,43.8,361.0,16.6,49.0,4.5
2025-03-03 01:00:00,2025,3,3,1,Cao Bằng,Xã Tam Kim,22.606427,106.0179879,73,Moderate,1,20.5,94,0.0,1.1,81,972.1,22,44.7,45.3,339.0,16.2,43.0,4.1
2025-03-03 02:00:00,2025,3,3,2,Cao Bằng,Xã Tam Kim,22.606427,106.0179879,75,Moderate,1,20.5,95,0.0,1.8,84,971.7,27,45.5,46.1,308.0,14.7,41.0,3.8
2025-03-03 03:00:00,2025,3,3,3,Cao Bằng,Xã Tam Kim,22.606427,106.0179879,78,Moderate,1,20.5,95,0.0,2.2,104,971.1,35,46.0,46.6,273.0,12.5,41.0,3.4
2025-03-03 04:00:00,2025,3,3,4,Cao Bằng,Xã Tam Kim,22.606427,106.0179879,81,Moderate,1,20.5,95,0.0,2.6,129,970.7,72,45.8,46.3,254.0,10.6,42.0,3.3
2025-03-03 05:00:00,2025,3,3,5,Cao Bằng,Xã Tam Kim,22.606427,106.0179879,84,Moderate,1,20.5,95,0.0,2.0,100,970.9,42,44.5,45.2,268.0,9.7,42.0,3.4
2025-03-03 06:00:00,2025,3,3,6,Cao Bằng,Xã Tam Kim,22.606427,106.0179879,86,Moderate,1,20.5,95,0.0,2.6,74,971.6,100,42.3,43.1,299.0,9.1,43.0,3.7
2025-03-03 07:00:00,2025,3,3,7,Cao Bằng,Xã Tam Kim,22.606427,106.0179879,89,Moderate,1,20.8,95,0.0,3.5,75,972.5,100,30.3,30.7,318.0,8.8,44.0,4.0
2025-03-03 08:00:00,2025,3,3,8,Cao Bằng,Xã Tam Kim,22.606427,106.0179879,91,Moderate,1,21.9,91,0.1,2.2,76,974.3,100,21.5,22.0,310.0,6.9,62.0,4.5
2025-03-03 09:00:00,2025,3,3,9,Cao Bằng,Xã Tam Kim,22.606427,106.0179879,92,Moderate,1,23.8,82,0.1,2.5,111,974.8,100,26.6,28.1,290.0,4.2,87.0,5.2
2025-03-03 10:00:00,2025,3,3,10,Cao Bằng,Xã Tam Kim,22.606427,106.0179879,94,Moderate,1,26.0,68,0.0,3.2,87,974.4,19,28.1,30.4,273.0,2.2,107.0,5.6
2025-03-03 11:00:00,2025,3,3,11,Cao Bằng,Xã Tam Kim,22.606427,106.0179879,95,Moderate,1,27.9,60,0.0,4.0,54,973.7,9,29.2,32.6,262.0,1.4,118.0,5.4
2025-03-03 12:00:00,2025,3,3,12,Cao Bằng,Xã Tam Kim,22.606427,106.0179879,96,Moderate,1,29.5,57,0.0,4.4,102,972.4,12,29.8,33.8,254.0,1.2,124.0,5.0
2025-03-03 13:00:00,2025,3,3,13,Cao Bằng,Xã Tam Kim,22.606427,106.0179879,97,Moderate,1,31.4,48,0.0,5.4,150,970.8,9,30.2,34.3,249.0,1.2,128.0,4.6
2025-03-03 14:00:00,2025,3,3,14,Cao Bằng,Xã Tam Kim,22.606427,106.0179879,98,Moderate,1,32.1,41,0.0,7.3,187,969.4,25,29.8,34.1,246.0,0.8,131.0,4.3
2025-03-03 15:00:00,2025,3,3,15,Cao Bằng,Xã Tam Kim,22.606427,106.0179879,98,Moderate,1,32.3,38,0.0,7.4,193,968.4,16,28.9,33.2,248.0,0.6,133.0,4.0
2025-03-03 16:00:00,2025,3,3,16,Cao Bằng,Xã Tam Kim,22.606427,106.0179879,99,Moderate,1,30.9,46,0.0,8.5,180,968.1,8,28.8,32.9,259.0,1.7,129.0,4.0
2025-03-03 17:00:00,2025,3,3,17,Cao Bằng,Xã Tam Kim,22.606427,106.0179879,99,Moderate,1,28.9,58,0.0,9.5,159,968.1,3,30.0,33.8,289.0,5.1,117.0,4.4
2025-03-03 18:00:00,2025,3,3,18,Cao Bằng,Xã Tam Kim,22.606427,106.0179879,99,Moderate,1,25.6,71,0.0,10.1,181,968.5,1,33.8,36.9,329.0,9.7,100.0,4.9
2025-03-03 19:00:00,2025,3,3,19,Cao Bằng,Xã Tam Kim,22.606427,106.0179879,99,Moderate,1,22.5,86,0.0,5.9,191,969.3,2,41.9,45.4,359.0,12.9,95.0,5.0
2025-03-03 20:00:00,2025,3,3,20,Cao Bằng,Xã Tam Kim,22.606427,106.0179879,100,Moderate,1,22.1,91,0.0,3.1,173,970.0,3,45.1,48.3,370.0,13.0,91.0,5.0
2025-03-03 21:00:00,2025,3,3,21,Cao Bằng,Xã Tam Kim,22.606427,106.0179879,101,Unhealthy for Sensitive Groups,2,21.0,94,0.0,2.9,191,970.8,4,46.6,49.0,371.0,13.2,86.0,4.9
2025-03-03 22:00:00,2025,3,3,22,Cao Bằng,Xã Tam Kim,22.606427,106.0179879,102,Unhealthy for Sensitive Groups,2,20.4,95,0.0,0.2,270,971.3,4,48.1,49.9,372.0,13.3,79.0,4.8
2025-03-03 23:00:00,2025,3,3,23,Cao Bằng,Xã Tam Kim,22.606427,106.0179879,103,Unhealthy for Sensitive Groups,2,19.8,98,0.0,0.2,270,971.4,20,50.1,51.7,379.0,13.5,70.0,4.4
2025-03-04 00:00:00,2025,3,4,0,Cao Bằng,Xã Tam Kim,22.606427,106.0179879,104,Unhealthy for Sensitive Groups,2,19.8,96,0.0,0.4,243,971.5,5,51.5,52.7,387.0,13.6,60.0,4.0
2025-03-04 01:00:00,2025,3,4,1,Cao Bằng,Xã Tam Kim,22.606427,106.0179879,105,Unhealthy for Sensitive Groups,2,19.9,95,0.0,0.4,270,971.5,18,52.4,53.7,388.0,13.2,53.0,3.6
2025-03-04 02:00:00,2025,3,4,2,Cao Bằng,Xã Tam Kim,22.606427,106.0179879,106,Unhealthy for Sensitive Groups,2,21.1,92,0.0,0.6,34,971.2,68,51.3,52.3,376.0,11.9,51.0,3.4
2025-03-04 03:00:00,2025,3,4,3,Cao Bằng,Xã Tam Kim,22.606427,106.0179879,106,Unhealthy for Sensitive Groups,2,21.2,93,0.0,2.4,77,970.7,100,47.3,48.2,358.0,10.2,52.0,3.2
2025-03-04 04:00:00,2025,3,4,4,Cao Bằng,Xã Tam Kim,22.606427,106.0179879,106,Unhealthy for Sensitive Groups,2,21.2,96,0.0,3.5,81,970.4,100,38.6,39.3,350.0,8.9,52.0,3.1
2025-03-04 05:00:00,2025,3,4,5,Cao Bằng,Xã Tam Kim,22.606427,106.0179879,106,Unhealthy for Sensitive Groups,2,21.5,97,0.0,4.7,88,971.0,100,30.5,31.1,367.0,8.8,47.0,3.0
2025-03-04 06:00:00,2025,3,4,6,Cao Bằng,Xã Tam Kim,22.606427,106.0179879,104,Unhealthy for Sensitive Groups,2,21.3,98,0.1,3.9,103,971.6,99,24.9,25.3,394.0,9.3,41.0,3.0
2025-03-04 07:00:00,2025,3,4,7,Cao Bằng,Xã Tam Kim,22.606427,106.0179879,102,Unhealthy for Sensitive Groups,2,21.9,97,0.1,4.3,107,972.3,46,30.9,31.7,403.0,4.3,82.0,7.0
2025-03-04 08:00:00,2025,3,4,8,Cao Bằng,Xã Tam Kim,22.606427,106.0179879,102,Unhealthy for Sensitive Groups,2,22.8,90,0.0,3.2,124,972.9,7,31.7,32.7,377.0,3.7,92.0,7.5
2025-03-04 09:00:00,2025,3,4,9,Cao Bằng,Xã Tam Kim,22.606427,106.0179879,104,Unhealthy for Sensitive Groups,2,24.6,75,0.0,2.5,120,973.6,35,32.6,33.9,333.0,2.9,106.0,8.2
2025-03-04 10:00:00,2025,3,4,10,Cao Bằng,Xã Tam Kim,22.606427,106.0179879,104,Unhealthy for Sensitive Groups,2,26.6,63,0.0,3.5,81,973.4,36,34.8,37.1,298.0,2.2,119.0,8.4
2025-03-04 11:00:00,2025,3,4,11,Cao Bằng,Xã Tam Kim,22.606427,106.0179879,105,Unhealthy for Sensitive Groups,2,28.5,54,0.0,2.5,90,972.8,12,36.1,39.2,283.0,1.8,128.0,7.9
2025-03-04 12:00:00,2025,3,4,12,Cao Bằng,Xã Tam Kim,22.606427,106.0179879,106,Unhealthy for Sensitive Groups,2,30.7,45,0.0,1.4,180,971.4,7,35.6,39.1,277.0,1.5,135.0,6.9
2025-03-04 13:00:00,2025,3,4,13,Cao Bằng,Xã Tam Kim,22.606427,106.0179879,106,Unhealthy for Sensitive Groups,2,31.1,43,0.0,5.3,204,969.8,10,34.0,37.6,274.0,1.3,140.0,6.1
2025-03-04 14:00:00,2025,3,4,14,Cao Bằng,Xã Tam Kim,22.606427,106.0179879,107,Unhealthy for Sensitive Groups,2,32.4,35,0.0,8.3,214,968.4,9,33.9,37.7,270.0,1.1,143.0,5.7
2025-03-04 15:00:00,2025,3,4,15,Cao Bằng,Xã Tam Kim,22.606427,106.0179879,107,Unhealthy for Sensitive Groups,2,32.3,35,0.0,9.5,213,967.4,19,34.5,38.8,268.0,1.1,145.0,5.4
2025-03-04 16:00:00,2025,3,4,16,Cao Bằng,Xã Tam Kim,22.606427,106.0179879,108,Unhealthy for Sensitive Groups,2,31.0,43,0.0,8.6,178,967.3,20,34.8,38.8,274.0,1.7,142.0,5.2
2025-03-04 17:00:00,2025,3,4,17,Cao Bằng,Xã Tam Kim,22.606427,106.0179879,108,Unhealthy for Sensitive Groups,2,28.9,53,0.0,8.6,170,967.6,10,35.7,39.1,293.0,3.6,134.0,5.1
2025-03-04 18:00:00,2025,3,4,18,Cao Bằng,Xã Tam Kim,22.606427,106.0179879,109,Unhealthy for Sensitive Groups,2,25.6,65,0.0,9.4,172,968.3,0,36.0,38.4,320.0,6.2,122.0,5.1
2025-03-04 19:00:00,2025,3,4,19,Cao Bằng,Xã Tam Kim,22.606427,106.0179879,109,Unhealthy for Sensitive Groups,2,23.8,75,0.0,10.7,145,969.2,7,50.3,54.6,347.0,9.3,123.0,6.1
2025-03-04 20:00:00,2025,3,4,20,Cao Bằng,Xã Tam Kim,22.606427,106.0179879,110,Unhealthy for Sensitive Groups,2,21.9,84,0.0,6.1,185,969.7,97,49.0,52.5,373.0,9.8,112.0,6.9
2025-03-04 21:00:00,2025,3,4,21,Cao Bằng,Xã Tam Kim,22.606427,106.0179879,110,Unhealthy for Sensitive Groups,2,21.5,88,0.0,8.6,139,971.0,80,45.6,48.0,398.0,10.4,96.0,8.1
2025-03-04 22:00:00,2025,3,4,22,Cao Bằng,Xã Tam Kim,22.606427,106.0179879,110,Unhealthy for Sensitive Groups,2,21.4,82,0.0,10.3,121,972.3,100,41.9,43.3,415.0,10.5,82.0,9.1
2025-03-04 23:00:00,2025,3,4,23,Cao Bằng,Xã Tam Kim,22.606427,106.0179879,110,Unhealthy for Sensitive Groups,2,21.3,78,0.0,9.5,127,972.8,100,38.8,39.6,420.0,9.5,73.0,9.9
2025-03-05 00:00:00,2025,3,5,0,Cao Bằng,Xã Tam Kim,22.606427,106.0179879,108,Unhealthy for Sensitive Groups,2,20.5,81,0.1,9.1,128,973.0,100,36.6,37.3,417.0,8.0,65.0,10.4
2025-03-05 01:00:00,2025,3,5,1,Cao Bằng,Xã Tam Kim,22.606427,106.0179879,107,Unhealthy for Sensitive Groups,2,19.3,87,0.3,8.4,145,973.0,100,34.5,34.9,413.0,6.7,60.0,10.6
2025-03-05 02:00:00,2025,3,5,2,Cao Bằng,Xã Tam Kim,22.606427,106.0179879,105,Unhealthy for Sensitive Groups,2,18.4,94,0.5,8.5,173,972.8,100,31.8,32.1,404.0,5.8,58.0,10.1
2025-03-05 03:00:00,2025,3,5,3,Cao Bằng,Xã Tam Kim,22.606427,106.0179879,103,Unhealthy for Sensitive Groups,2,17.8,97,0.4,8.4,171,972.8,100,29.4,29.7,394.0,5.0,57.0,9.1
2025-03-05 04:00:00,2025,3,5,4,Cao Bằng,Xã Tam Kim,22.606427,106.0179879,101,Unhealthy for Sensitive Groups,2,17.2,97,0.3,9.1,172,972.9,100,27.1,27.4,398.0,4.5,57.0,8.2
2025-03-05 05:00:00,2025,3,5,5,Cao Bằng,Xã Tam Kim,22.606427,106.0179879,100,Moderate,1,16.7,97,0.3,9.2,169,973.5,100,25.5,25.7,433.0,4.4,56.0,7.6
2025-03-05 06:00:00,2025,3,5,6,Cao Bằng,Xã Tam Kim,22.606427,106.0179879,99,Moderate,1,16.0,98,0.3,9.4,178,974.4,100,24.8,25.1,482.0,4.7,55.0,7.2
2025-03-05 07:00:00,2025,3,5,7,Cao Bằng,Xã Tam Kim,22.606427,106.0179879,99,Moderate,1,15.8,98,1.0,9.0,186,975.3,100,33.1,33.5,514.0,4.5,55.0,6.8
2025-03-05 08:00:00,2025,3,5,8,Cao Bằng,Xã Tam Kim,22.606427,106.0179879,100,Moderate,1,16.9,85,0.0,8.4,165,976.3,100,28.3,28.7,513.0,4.6,56.0,6.5
2025-03-05 09:00:00,2025,3,5,9,Cao Bằng,Xã Tam Kim,22.606427,106.0179879,99,Moderate,1,17.1,83,0.1,8.0,153,976.9,100,22.9,23.2,496.0,4.6,58.0,6.0
2025-03-05 10:00:00,2025,3,5,10,Cao Bằng,Xã Tam Kim,22.606427,106.0179879,98,Moderate,1,17.1,85,0.3,8.7,148,977.1,100,17.8,18.0,477.0,4.5,61.0,5.6
2025-03-05 11:00:00,2025,3,5,11,Cao Bằng,Xã Tam Kim,22.606427,106.0179879,97,Moderate,1,17.6,82,0.2,8.2,154,976.7,100,15.3,15.5,459.0,4.1,66.0,5.3
2025-03-05 12:00:00,2025,3,5,12,Cao Bằng,Xã Tam Kim,22.606427,106.0179879,95,Moderate,1,18.7,75,0.0,6.6,159,976.1,100,14.1,14.3,440.0,3.5,72.0,5.1
2025-03-05 13:00:00,2025,3,5,13,Cao Bằng,Xã Tam Kim,22.606427,106.0179879,93,Moderate,1,20.0,69,0.0,7.1,142,974.9,100,13.9,14.0,427.0,3.1,77.0,4.9
2025-03-05 14:00:00,2025,3,5,14,Cao Bằng,Xã Tam Kim,22.606427,106.0179879,91,Moderate,1,20.9,67,0.0,8.8,136,973.8,100,13.9,14.1,417.0,3.1,79.0,4.6
2025-03-05 15:00:00,2025,3,5,15,Cao Bằng,Xã Tam Kim,22.606427,106.0179879,90,Moderate,1,21.2,66,0.0,9.5,134,973.2,98,13.8,13.9,414.0,3.3,80.0,4.4
2025-03-05 16:00:00,2025,3,5,16,Cao Bằng,Xã Tam Kim,22.606427,106.0179879,88,Moderate,1,20.3,70,0.0,9.8,136,973.2,84,14.9,15.1,438.0,3.8,80.0,4.3
2025-03-05 17:00:00,2025,3,5,17,Cao Bằng,Xã Tam Kim,22.606427,106.0179879,86,Moderate,1,19.8,68,0.0,8.9,144,973.8,98,15.6,15.7,516.0,4.6,78.0,4.5
2025-03-05 18:00:00,2025,3,5,18,Cao Bằng,Xã Tam Kim,22.606427,106.0179879,84,Moderate,1,19.2,69,0.0,8.2,154,974.8,100,15.5,15.5,621.0,5.7,74.0,4.7
2025-03-05 19:00:00,2025,3,5,19,Cao Bằng,Xã Tam Kim,22.606427,106.0179879,82,Moderate,1,18.4,73,0.1,8.1,163,975.8,100,49.8,50.2,695.0,5.9,64.0,5.4
2025-03-05 20:00:00,2025,3,5,20,Cao Bằng,Xã Tam Kim,22.606427,106.0179879,82,Moderate,1,17.7,76,0.1,9.4,135,978.1,100,50.5,50.9,719.0,5.8,63.0,5.4
2025-03-05 21:00:00,2025,3,5,21,Cao Bằng,Xã Tam Kim,22.606427,106.0179879,83,Moderate,1,16.1,83,0.3,10.2,131,979.3,100,41.9,42.3,711.0,5.6,62.0,5.4
2025-03-05 22:00:00,2025,3,5,22,Cao Bằng,Xã Tam Kim,22.606427,106.0179879,82,Moderate,1,15.4,84,0.3,8.1,141,980.1,100,34.1,34.3,671.0,5.3,61.0,5.3
2025-03-05 23:00:00,2025,3,5,23,Cao Bằng,Xã Tam Kim,22.606427,106.0179879,82,Moderate,1,14.3,94,0.2,7.0,125,980.7,100,27.2,27.5,577.0,5.0,62.0,5.0
2025-03-06 00:00:00,2025,3,6,0,Cao Bằng,Xã Tam Kim,22.606427,106.0179879,81,Moderate,1,13.9,95,0.2,5.4,92,981.4,100,22.4,22.6,451.0,4.6,63.0,4.5
2025-03-06 01:00:00,2025,3,6,1,Cao Bằng,Xã Tam Kim,22.606427,106.0179879,79,Moderate,1,13.8,92,0.2,3.8,3,981.8,100,19.7,19.8,358.0,4.2,64.0,4.1
2025-03-06 02:00:00,2025,3,6,2,Cao Bằng,Xã Tam Kim,22.606427,106.0179879,78,Moderate,1,12.9,97,0.5,7.1,324,981.7,100,18.2,18.4,329.0,3.9,65.0,3.8
2025-03-06 03:00:00,2025,3,6,3,Cao Bằng,Xã Tam Kim,22.606427,106.0179879,77,Moderate,1,12.2,95,0.9,6.2,306,981.7,100,17.3,17.6,332.0,3.6,66.0,3.6
2025-03-06 04:00:00,2025,3,6,4,Cao Bằng,Xã Tam Kim,22.606427,106.0179879,76,Moderate,1,12.3,92,0.5,4.8,333,981.9,100,16.0,16.2,343.0,3.4,66.0,3.5
2025-03-06 05:00:00,2025,3,6,5,Cao Bằng,Xã Tam Kim,22.606427,106.0179879,75,Moderate,1,12.4,88,0.1,6.8,343,982.6,100,14.4,14.6,358.0,3.5,66.0,3.4
2025-03-06 06:00:00,2025,3,6,6,Cao Bằng,Xã Tam Kim,22.606427,106.0179879,74,Moderate,1,12.3,83,0.0,8.7,343,983.5,100,13.2,13.4,380.0,3.8,65.0,3.3
2025-03-06 07:00:00,2025,3,6,7,Cao Bằng,Xã Tam Kim,22.606427,106.0179879,73,Moderate,1,12.8,75,0.1,9.8,336,984.8,100,11.4,11.5,393.0,3.6,68.0,3.2
2025-03-06 08:00:00,2025,3,6,8,Cao Bằng,Xã Tam Kim,22.606427,106.0179879,71,Moderate,1,14.0,70,0.0,11.1,346,986.1,98,9.3,9.4,388.0,3.4,71.0,3.0
2025-03-06 09:00:00,2025,3,6,9,Cao Bằng,Xã Tam Kim,22.606427,106.0179879,69,Moderate,1,14.6,62,0.0,12.8,358,986.8,100,7.3,7.4,375.0,3.2,76.0,2.7
2025-03-06 10:00:00,2025,3,6,10,Cao Bằng,Xã Tam Kim,22.606427,106.0179879,68,Moderate,1,15.2,57,0.0,11.3,1,987.0,100,5.0,5.0,363.0,2.9,81.0,2.5
2025-03-06 11:00:00,2025,3,6,11,Cao Bằng,Xã Tam Kim,22.606427,106.0179879,67,Moderate,1,15.2,59,0.0,9.2,354,986.4,99,4.4,4.5,357.0,2.6,85.0,2.4
2025-03-06 12:00:00,2025,3,6,12,Cao Bằng,Xã Tam Kim,22.606427,106.0179879,66,Moderate,1,16.2,52,0.0,8.5,354,985.6,99,4.9,5.0,352.0,2.4,89.0,2.3
2025-03-06 13:00:00,2025,3,6,13,Cao Bằng,Xã Tam Kim,22.606427,106.0179879,65,Moderate,1,16.6,50,0.0,8.6,348,984.4,95,5.8,5.9,348.0,2.2,92.0,2.3
2025-03-06 14:00:00,2025,3,6,14,Cao Bằng,Xã Tam Kim,22.606427,106.0179879,64,Moderate,1,17.2,48,0.0,6.1,341,983.2,81,7.7,7.9,342.0,2.0,95.0,2.4
2025-03-06 15:00:00,2025,3,6,15,Cao Bằng,Xã Tam Kim,22.606427,106.0179879,64,Moderate,1,18.2,46,0.0,3.8,41,982.4,83,9.6,9.9,338.0,1.8,98.0,2.5
2025-03-06 16:00:00,2025,3,6,16,Cao Bằng,Xã Tam Kim,22.606427,106.0179879,63,Moderate,1,18.0,45,0.0,4.3,85,981.8,99,10.6,10.9,339.0,2.1,99.0,2.8
2025-03-06 17:00:00,2025,3,6,17,Cao Bằng,Xã Tam Kim,22.606427,106.0179879,63,Moderate,1,17.1,52,0.0,5.2,134,981.9,100,11.6,11.9,352.0,3.5,96.0,3.2
2025-03-06 18:00:00,2025,3,6,18,Cao Bằng,Xã Tam Kim,22.606427,106.0179879,62,Moderate,1,15.9,54,0.0,7.7,155,982.5,100,12.3,12.5,372.0,5.3,90.0,3.6
2025-03-06 19:00:00,2025,3,6,19,Cao Bằng,Xã Tam Kim,22.606427,106.0179879,62,Moderate,1,14.9,57,0.0,7.9,169,983.3,100,25.3,25.7,386.0,3.6,93.0,4.0
2025-03-06 20:00:00,2025,3,6,20,Cao Bằng,Xã Tam Kim,22.606427,106.0179879,60,Moderate,1,14.4,57,0.0,7.9,129,985.0,97,25.8,26.4,389.0,3.5,93.0,4.6
2025-03-06 21:00:00,2025,3,6,21,Cao Bằng,Xã Tam Kim,22.606427,106.0179879,58,Moderate,1,14.0,59,0.0,6.2,134,985.8,100,27.0,27.7,387.0,3.3,93.0,5.3
2025-03-06 22:00:00,2025,3,6,22,Cao Bằng,Xã Tam Kim,22.606427,106.0179879,56,Moderate,1,14.0,56,0.0,4.9,90,986.4,100,26.7,27.5,383.0,3.1,92.0,6.0
2025-03-06 23:00:00,2025,3,6,23,Cao Bằng,Xã Tam Kim,22.606427,106.0179879,56,Moderate,1,13.5,54,0.0,5.0,69,986.6,100,25.4,26.3,378.0,3.0,91.0,6.4
2025-03-07 00:00:00,2025,3,7,0,Cao Bằng,Xã Tam Kim,22.606427,106.0179879,56,Moderate,1,13.0,57,0.0,3.5,78,986.3,100,23.6,24.6,372.0,2.9,90.0,6.7
2025-03-07 01:00:00,2025,3,7,1,Cao Bằng,Xã Tam Kim,22.606427,106.0179879,56,Moderate,1,12.9,57,0.0,3.4,74,986.1,100,22.2,23.1,367.0,2.8,88.0,7.0
2025-03-07 02:00:00,2025,3,7,2,Cao Bằng,Xã Tam Kim,22.606427,106.0179879,56,Moderate,1,13.0,56,0.0,3.9,53,985.9,100,20.6,21.5,365.0,2.7,86.0,7.2
2025-03-07 03:00:00,2025,3,7,3,Cao Bằng,Xã Tam Kim,22.606427,106.0179879,56,Moderate,1,12.8,56,0.0,4.6,21,985.7,100,19.2,20.1,364.0,2.7,85.0,7.3
2025-03-07 04:00:00,2025,3,7,4,Cao Bằng,Xã Tam Kim,22.606427,106.0179879,56,Moderate,1,12.6,55,0.0,4.5,5,985.4,100,17.4,18.4,362.0,2.7,83.0,7.5
2025-03-07 05:00:00,2025,3,7,5,Cao Bằng,Xã Tam Kim,22.606427,106.0179879,56,Moderate,1,12.5,54,0.0,4.5,5,985.6,100,17.1,18.2,360.0,2.9,81.0,7.8
2025-03-07 06:00:00,2025,3,7,6,Cao Bằng,Xã Tam Kim,22.606427,106.0179879,57,Moderate,1,12.5,54,0.0,4.6,9,985.8,99,17.7,19.1,357.0,3.1,80.0,8.0
2025-03-07 07:00:00,2025,3,7,7,Cao Bằng,Xã Tam Kim,22.606427,106.0179879,57,Moderate,1,12.6,54,0.0,3.8,17,986.2,100,25.0,27.1,353.0,2.9,81.0,7.5
2025-03-07 08:00:00,2025,3,7,8,Cao Bằng,Xã Tam Kim,22.606427,106.0179879,58,Moderate,1,13.5,55,0.0,6.9,28,987.1,94,23.5,25.4,347.0,2.9,81.0,7.3
2025-03-07 09:00:00,2025,3,7,9,Cao Bằng,Xã Tam Kim,22.606427,106.0179879,60,Moderate,1,14.0,54,0.0,6.4,27,987.6,92,21.5,23.3,341.0,2.8,82.0,6.9
2025-03-07 10:00:00,2025,3,7,10,Cao Bằng,Xã Tam Kim,22.606427,106.0179879,61,Moderate,1,15.0,51,0.0,4.4,32,987.0,77,19.3,20.8,336.0,2.6,84.0,6.5
2025-03-07 11:00:00,2025,3,7,11,Cao Bằng,Xã Tam Kim,22.606427,106.0179879,62,Moderate,1,16.2,48,0.0,2.5,45,985.8,65,17.5,18.7,335.0,2.2,89.0,6.1
2025-03-07 12:00:00,2025,3,7,12,Cao Bằng,Xã Tam Kim,22.606427,106.0179879,63,Moderate,1,18.1,45,0.0,2.3,108,984.5,11,16.5,17.6,336.0,1.7,96.0,5.6
2025-03-07 13:00:00,2025,3,7,13,Cao Bằng,Xã Tam Kim,22.606427,106.0179879,64,Moderate,1,19.3,42,0.0,3.2,161,982.9,5,16.0,17.1,336.0,1.4,102.0,5.2
2025-03-07 14:00:00,2025,3,7,14,Cao Bằng,Xã Tam Kim,22.606427,106.0179879,65,Moderate,1,20.0,41,0.0,5.6,158,981.3,4,15.7,16.7,332.0,1.1,107.0,5.0
2025-03-07 15:00:00,2025,3,7,15,Cao Bằng,Xã Tam Kim,22.606427,106.0179879,66,Moderate,1,20.2,41,0.0,6.8,153,980.3,5,15.4,16.4,327.0,1.0,111.0,4.9
2025-03-07 16:00:00,2025,3,7,16,Cao Bằng,Xã Tam Kim,22.606427,106.0179879,66,Moderate,1,19.7,42,0.0,8.5,155,979.7,12,15.0,15.8,328.0,1.5,112.0,4.9
2025-03-07 17:00:00,2025,3,7,17,Cao Bằng,Xã Tam Kim,22.606427,106.0179879,67,Moderate,1,18.4,46,0.0,8.7,148,980.0,7,14.4,15.1,339.0,3.3,106.0,5.1
2025-03-07 18:00:00,2025,3,7,18,Cao Bằng,Xã Tam Kim,22.606427,106.0179879,67,Moderate,1,16.1,53,0.0,9.8,136,980.4,11,14.3,14.7,357.0,5.7,96.0,5.5
2025-03-07 19:00:00,2025,3,7,19,Cao Bằng,Xã Tam Kim,22.606427,106.0179879,67,Moderate,1,14.1,60,0.0,8.1,149,981.0,2,24.8,25.4,379.0,4.3,90.0,4.4
2025-03-07 20:00:00,2025,3,7,20,Cao Bằng,Xã Tam Kim,22.606427,106.0179879,67,Moderate,1,14.7,56,0.0,7.2,143,983.9,90,25.7,26.4,412.0,4.2,89.0,4.5
2025-03-07 21:00:00,2025,3,7,21,Cao Bằng,Xã Tam Kim,22.606427,106.0179879,67,Moderate,1,14.4,57,0.0,7.0,136,984.3,91,27.1,27.8,449.0,4.1,87.0,4.6
2025-03-07 22:00:00,2025,3,7,22,Cao Bằng,Xã Tam Kim,22.606427,106.0179879,67,Moderate,1,14.0,60,0.0,4.1,165,984.7,96,28.5,29.2,470.0,4.0,85.0,4.7
2025-03-07 23:00:00,2025,3,7,23,Cao Bằng,Xã Tam Kim,22.606427,106.0179879,67,Moderate,1,14.1,59,0.0,5.6,153,984.4,97,30.0,30.7,461.0,3.9,83.0,4.8
2025-03-08 00:00:00,2025,3,8,0,Cao Bằng,Xã Tam Kim,22.606427,106.0179879,68,Moderate,1,13.8,60,0.0,5.8,158,984.1,98,34.0,34.9,437.0,3.8,81.0,5.0
2025-03-08 01:00:00,2025,3,8,1,Cao Bằng,Xã Tam Kim,22.606427,106.0179879,69,Moderate,1,13.6,61,0.0,4.0,162,984.3,99,34.5,35.3,417.0,3.7,79.0,5.1
2025-03-08 02:00:00,2025,3,8,2,Cao Bằng,Xã Tam Kim,22.606427,106.0179879,70,Moderate,1,13.3,62,0.0,5.4,160,983.8,99,35.0,35.9,409.0,3.6,77.0,5.2
2025-03-08 03:00:00,2025,3,8,3,Cao Bằng,Xã Tam Kim,22.606427,106.0179879,71,Moderate,1,13.0,64,0.0,5.8,158,983.1,94,35.7,36.6,406.0,3.5,74.0,5.3
2025-03-08 04:00:00,2025,3,8,4,Cao Bằng,Xã Tam Kim,22.606427,106.0179879,72,Moderate,1,12.7,66,0.0,4.5,166,982.9,99,36.2,37.0,408.0,3.6,72.0,5.4
2025-03-08 05:00:00,2025,3,8,5,Cao Bằng,Xã Tam Kim,22.606427,106.0179879,74,Moderate,1,12.6,67,0.0,6.0,164,983.1,94,36.2,36.9,420.0,4.0,69.0,5.5
2025-03-08 06:00:00,2025,3,8,6,Cao Bằng,Xã Tam Kim,22.606427,106.0179879,76,Moderate,1,12.4,69,0.0,5.8,166,983.4,95,35.9,36.4,437.0,4.5,65.0,5.6
2025-03-08 07:00:00,2025,3,8,7,Cao Bằng,Xã Tam Kim,22.606427,106.0179879,77,Moderate,1,12.5,70,0.0,4.7,171,984.0,98,37.7,38.5,447.0,4.5,65.0,5.9
2025-03-08 08:00:00,2025,3,8,8,Cao Bằng,Xã Tam Kim,22.606427,106.0179879,79,Moderate,1,12.8,72,0.0,4.4,125,985.1,100,36.7,37.5,444.0,4.3,67.0,5.8
2025-03-08 09:00:00,2025,3,8,9,Cao Bằng,Xã Tam Kim,22.606427,106.0179879,80,Moderate,1,13.3,70,0.0,5.0,134,985.7,100,34.7,35.5,435.0,4.1,69.0,5.7
2025-03-08 10:00:00,2025,3,8,10,Cao Bằng,Xã Tam Kim,22.606427,106.0179879,81,Moderate,1,14.0,68,0.0,4.7,137,985.8,100,32.8,33.5,425.0,3.7,73.0,5.5
2025-03-08 11:00:00,2025,3,8,11,Cao Bằng,Xã Tam Kim,22.606427,106.0179879,82,Moderate,1,14.7,67,0.0,4.2,137,985.3,100,31.4,32.1,415.0,3.2,78.0,5.2
2025-03-08 12:00:00,2025,3,8,12,Cao Bằng,Xã Tam Kim,22.606427,106.0179879,83,Moderate,1,16.0,61,0.0,3.9,143,984.1,100,30.3,31.0,405.0,2.6,84.0,4.8
2025-03-08 13:00:00,2025,3,8,13,Cao Bằng,Xã Tam Kim,22.606427,106.0179879,85,Moderate,1,16.7,62,0.0,4.3,158,982.5,100,28.4,29.0,398.0,2.1,89.0,4.4
2025-03-08 14:00:00,2025,3,8,14,Cao Bằng,Xã Tam Kim,22.606427,106.0179879,86,Moderate,1,17.4,58,0.0,5.5,153,981.2,89,26.9,27.5,393.0,1.8,92.0,4.0
2025-03-08 15:00:00,2025,3,8,15,Cao Bằng,Xã Tam Kim,22.606427,106.0179879,87,Moderate,1,18.2,60,0.0,7.3,150,980.1,100,25.6,26.1,391.0,1.7,94.0,3.6
2025-03-08 16:00:00,2025,3,8,16,Cao Bằng,Xã Tam Kim,22.606427,106.0179879,88,Moderate,1,18.0,59,0.0,9.0,134,979.7,93,24.6,25.1,396.0,2.0,94.0,3.5
2025-03-08 17:00:00,2025,3,8,17,Cao Bằng,Xã Tam Kim,22.606427,106.0179879,88,Moderate,1,17.3,62,0.0,10.4,127,979.7,99,24.2,24.6,414.0,2.9,92.0,3.9
2025-03-08 18:00:00,2025,3,8,18,Cao Bằng,Xã Tam Kim,22.606427,106.0179879,89,Moderate,1,16.1,67,0.0,7.9,131,980.2,100,24.0,24.4,439.0,4.3,89.0,4.6
2025-03-08 19:00:00,2025,3,8,19,Cao Bằng,Xã Tam Kim,22.606427,106.0179879,90,Moderate,1,15.2,72,0.0,5.7,136,980.6,100,26.8,27.2,456.0,5.4,78.0,4.5
2025-03-08 20:00:00,2025,3,8,20,Cao Bằng,Xã Tam Kim,22.606427,106.0179879,90,Moderate,1,14.8,74,0.0,5.7,143,982.1,98,27.1,27.4,456.0,5.4,77.0,5.1
2025-03-08 21:00:00,2025,3,8,21,Cao Bằng,Xã Tam Kim,22.606427,106.0179879,90,Moderate,1,14.4,76,0.0,5.4,146,982.8,100,27.1,27.5,447.0,5.3,75.0,5.9
2025-03-08 22:00:00,2025,3,8,22,Cao Bằng,Xã Tam Kim,22.606427,106.0179879,90,Moderate,1,14.3,77,0.0,5.3,147,983.6,100,28.0,28.3,439.0,5.4,72.0,6.8
2025-03-08 23:00:00,2025,3,8,23,Cao Bằng,Xã Tam Kim,22.606427,106.0179879,90,Moderate,1,14.1,77,0.0,6.1,140,983.9,100,29.3,29.7,435.0,5.6,69.0,7.6
2025-03-09 00:00:00,2025,3,9,0,Cao Bằng,Xã Tam Kim,22.606427,106.0179879,90,Moderate,1,13.9,77,0.0,6.6,135,983.9,100,28.9,29.2,431.0,6.0,65.0,8.4
2025-03-09 01:00:00,2025,3,9,1,Cao Bằng,Xã Tam Kim,22.606427,106.0179879,90,Moderate,1,13.6,78,0.0,5.6,121,983.3,100,29.4,29.7,430.0,6.3,61.0,9.2
2025-03-09 02:00:00,2025,3,9,2,Cao Bằng,Xã Tam Kim,22.606427,106.0179879,89,Moderate,1,13.4,79,0.0,5.2,115,982.8,100,30.4,30.6,430.0,6.5,58.0,9.9
2025-03-09 03:00:00,2025,3,9,3,Cao Bằng,Xã Tam Kim,22.606427,106.0179879,89,Moderate,1,13.1,79,0.0,5.2,102,982.5,100,31.5,31.8,432.0,6.6,54.0,10.7
2025-03-09 04:00:00,2025,3,9,4,Cao Bằng,Xã Tam Kim,22.606427,106.0179879,89,Moderate,1,13.0,80,0.0,4.5,104,982.2,100,32.9,33.2,439.0,6.9,51.0,11.4
2025-03-09 05:00:00,2025,3,9,5,Cao Bằng,Xã Tam Kim,22.606427,106.0179879,88,Moderate,1,12.9,80,0.0,2.9,101,982.5,100,34.5,34.7,456.0,7.5,48.0,12.1
2025-03-09 06:00:00,2025,3,9,6,Cao Bằng,Xã Tam Kim,22.606427,106.0179879,88,Moderate,1,12.9,80,0.0,3.4,108,983.0,100,36.0,36.2,479.0,8.2,45.0,12.8
2025-03-09 07:00:00,2025,3,9,7,Cao Bằng,Xã Tam Kim,22.606427,106.0179879,88,Moderate,1,13.1,79,0.0,4.0,111,983.7,99,37.7,38.1,494.0,9.1,42.0,13.6
2025-03-09 08:00:00,2025,3,9,8,Cao Bằng,Xã Tam Kim,22.606427,106.0179879,88,Moderate,1,14.0,77,0.0,4.4,99,984.8,100,35.2,35.5,497.0,8.9,43.0,16.0
2025-03-09 09:00:00,2025,3,9,9,Cao Bằng,Xã Tam Kim,22.606427,106.0179879,88,Moderate,1,14.4,77,0.0,4.1,75,985.6,100,28.6,28.9,493.0,8.7,45.0,19.3
2025-03-09 10:00:00,2025,3,9,10,Cao Bằng,Xã Tam Kim,22.606427,106.0179879,88,Moderate,1,14.8,75,0.0,4.3,85,985.5,100,24.2,24.4,485.0,8.2,49.0,20.9
2025-03-09 11:00:00,2025,3,9,11,Cao Bằng,Xã Tam Kim,22.606427,106.0179879,87,Moderate,1,15.6,73,0.0,3.4,108,984.9,100,21.0,21.1,473.0,7.4,57.0,19.5
2025-03-09 12:00:00,2025,3,9,12,Cao Bằng,Xã Tam Kim,22.606427,106.0179879,86,Moderate,1,17.2,69,0.0,3.7,133,984.0,100,18.9,19.0,457.0,6.3,67.0,16.6
2025-03-09 13:00:00,2025,3,9,13,Cao Bằng,Xã Tam Kim,22.606427,106.0179879,85,Moderate,1,18.2,67,0.0,6.1,133,982.9,100,18.9,19.0,443.0,5.6,75.0,13.9
2025-03-09 14:00:00,2025,3,9,14,Cao Bằng,Xã Tam Kim,22.606427,106.0179879,84,Moderate,1,19.2,65,0.0,7.8,138,981.7,100,19.8,19.8,432.0,5.3,80.0,11.9
2025-03-09 15:00:00,2025,3,9,15,Cao Bằng,Xã Tam Kim,22.606427,106.0179879,83,Moderate,1,19.5,68,0.0,8.8,137,980.8,100,21.4,21.5,423.0,5.2,83.0,10.1
2025-03-09 16:00:00,2025,3,9,16,Cao Bằng,Xã Tam Kim,22.606427,106.0179879,83,Moderate,1,20.0,67,0.0,9.4,142,980.3,100,22.8,22.9,421.0,5.6,84.0,9.0
2025-03-09 17:00:00,2025,3,9,17,Cao Bằng,Xã Tam Kim,22.606427,106.0179879,83,Moderate,1,19.4,68,0.0,11.0,138,980.7,100,23.6,23.6,430.0,6.7,81.0,8.9
2025-03-09 18:00:00,2025,3,9,18,Cao Bằng,Xã Tam Kim,22.606427,106.0179879,83,Moderate,1,18.3,72,0.0,10.4,135,981.6,100,25.6,25.7,445.0,8.3,76.0,9.6
2025-03-09 19:00:00,2025,3,9,19,Cao Bằng,Xã Tam Kim,22.606427,106.0179879,83,Moderate,1,17.4,76,0.0,8.5,136,982.6,100,12.0,12.0,456.0,10.0,61.0,12.7
2025-03-09 20:00:00,2025,3,9,20,Cao Bằng,Xã Tam Kim,22.606427,106.0179879,82,Moderate,1,16.7,80,0.0,7.5,125,983.8,100,13.1,13.1,458.0,9.8,59.0,13.3
2025-03-09 21:00:00,2025,3,9,21,Cao Bằng,Xã Tam Kim,22.606427,106.0179879,80,Moderate,1,16.3,82,0.0,3.6,127,984.5,100,14.2,14.2,455.0,9.6,57.0,14.1
2025-03-09 22:00:00,2025,3,9,22,Cao Bằng,Xã Tam Kim,22.606427,106.0179879,79,Moderate,1,16.0,83,0.0,4.7,122,985.2,100,15.3,15.3,451.0,9.4,54.0,14.7
2025-03-09 23:00:00,2025,3,9,23,Cao Bằng,Xã Tam Kim,22.606427,106.0179879,78,Moderate,1,15.8,85,0.0,4.6,129,985.0,100,16.1,16.1,446.0,9.2,52.0,15.0
2025-03-10 00:00:00,2025,3,10,0,Cao Bằng,Xã Tam Kim,22.606427,106.0179879,77,Moderate,1,15.5,87,0.0,5.0,128,984.8,100,16.4,16.4,440.0,9.0,50.0,15.1
2025-03-10 01:00:00,2025,3,10,1,Cao Bằng,Xã Tam Kim,22.606427,106.0179879,76,Moderate,1,15.3,88,0.1,4.5,119,983.9,100,15.8,15.9,435.0,8.8,48.0,15.3
2025-03-10 02:00:00,2025,3,10,2,Cao Bằng,Xã Tam Kim,22.606427,106.0179879,75,Moderate,1,15.2,90,0.0,2.7,70,983.1,100,15.0,15.0,428.0,8.5,46.0,15.7
2025-03-10 03:00:00,2025,3,10,3,Cao Bằng,Xã Tam Kim,22.606427,106.0179879,73,Moderate,1,15.0,91,0.0,2.7,58,982.6,100,14.3,14.3,422.0,8.2,44.0,16.1
2025-03-10 04:00:00,2025,3,10,4,Cao Bằng,Xã Tam Kim,22.606427,106.0179879,72,Moderate,1,14.8,93,0.0,2.8,55,982.4,100,14.6,14.6,424.0,8.1,42.0,16.6
2025-03-10 05:00:00,2025,3,10,5,Cao Bằng,Xã Tam Kim,22.606427,106.0179879,70,Moderate,1,14.7,94,0.0,2.1,59,982.9,100,14.3,14.3,446.0,8.3,40.0,17.0
2025-03-10 06:00:00,2025,3,10,6,Cao Bằng,Xã Tam Kim,22.606427,106.0179879,68,Moderate,1,14.7,95,0.0,2.4,103,983.4,100,12.6,12.6,477.0,8.7,39.0,17.4
2025-03-10 07:00:00,2025,3,10,7,Cao Bằng,Xã Tam Kim,22.606427,106.0179879,66,Moderate,1,15.0,93,0.0,2.8,117,984.0,100,6.3,6.3,493.0,8.5,37.0,17.3
2025-03-10 08:00:00,2025,3,10,8,Cao Bằng,Xã Tam Kim,22.606427,106.0179879,63,Moderate,1,15.6,90,0.0,2.7,122,985.0,100,6.2,6.2,481.0,8.2,39.0,21.3
2025-03-10 09:00:00,2025,3,10,9,Cao Bằng,Xã Tam Kim,22.606427,106.0179879,61,Moderate,1,16.2,87,0.0,4.6,126,985.5,100,5.3,5.3,454.0,7.7,43.0,26.6
2025-03-10 10:00:00,2025,3,10,10,Cao Bằng,Xã Tam Kim,22.606427,106.0179879,59,Moderate,1,18.1,79,0.0,4.2,108,985.2,100,4.7,4.7,426.0,7.1,49.0,29.2
2025-03-10 11:00:00,2025,3,10,11,Cao Bằng,Xã Tam Kim,22.606427,106.0179879,57,Moderate,1,19.8,73,0.0,5.5,134,984.4,100,4.7,4.7,398.0,6.2,59.0,26.7
2025-03-10 12:00:00,2025,3,10,12,Cao Bằng,Xã Tam Kim,22.606427,106.0179879,56,Moderate,1,21.4,68,0.0,5.4,146,983.2,100,5.8,5.8,368.0,5.1,71.0,21.5
2025-03-10 13:00:00,2025,3,10,13,Cao Bằng,Xã Tam Kim,22.606427,106.0179879,55,Moderate,1,23.9,63,0.0,7.2,177,981.3,87,8.3,8.3,348.0,4.2,81.0,16.5
2025-03-10 14:00:00,2025,3,10,14,Cao Bằng,Xã Tam Kim,22.606427,106.0179879,54,Moderate,1,25.4,56,0.0,10.5,188,979.7,32,12.4,12.5,341.0,3.4,89.0,12.5
2025-03-10 15:00:00,2025,3,10,15,Cao Bằng,Xã Tam Kim,22.606427,106.0179879,53,Moderate,1,24.8,60,0.0,11.8,186,978.4,42,14.8,14.9,343.0,2.8,95.0,8.6
2025-03-10 16:00:00,2025,3,10,16,Cao Bằng,Xã Tam Kim,22.606427,106.0179879,52,Moderate,1,24.8,59,0.0,11.6,186,978.1,37,17.1,17.2,350.0,2.9,98.0,5.8
2025-03-10 17:00:00,2025,3,10,17,Cao Bằng,Xã Tam Kim,22.606427,106.0179879,52,Moderate,1,23.7,64,0.0,9.9,164,977.8,36,19.3,19.6,365.0,4.4,96.0,4.5
2025-03-10 18:00:00,2025,3,10,18,Cao Bằng,Xã Tam Kim,22.606427,106.0179879,51,Moderate,1,21.6,73,0.0,9.4,156,978.0,3,21.7,22.0,386.0,6.6,90.0,4.1
2025-03-10 19:00:00,2025,3,10,19,Cao Bằng,Xã Tam Kim,22.606427,106.0179879,51,Moderate,1,18.9,86,0.0,8.3,162,978.2,29,24.7,25.1,403.0,10.4,80.0,3.2
2025-03-10 20:00:00,2025,3,10,20,Cao Bằng,Xã Tam Kim,22.606427,106.0179879,52,Moderate,1,18.9,84,0.0,7.0,132,979.9,78,27.4,27.8,414.0,10.9,76.0,3.2
2025-03-10 21:00:00,2025,3,10,21,Cao Bằng,Xã Tam Kim,22.606427,106.0179879,53,Moderate,1,18.9,85,0.0,8.1,125,980.7,81,29.0,29.3,420.0,11.7,70.0,3.2
2025-03-10 22:00:00,2025,3,10,22,Cao Bằng,Xã Tam Kim,22.606427,106.0179879,55,Moderate,1,18.7,86,0.0,8.6,126,980.9,96,30.9,31.2,423.0,12.2,65.0,3.2
2025-03-10 23:00:00,2025,3,10,23,Cao Bằng,Xã Tam Kim,22.606427,106.0179879,56,Moderate,1,18.4,87,0.0,7.7,129,980.5,85,32.8,33.3,420.0,12.3,61.0,3.3
2025-03-11 00:00:00,2025,3,11,0,Cao Bằng,Xã Tam Kim,22.606427,106.0179879,58,Moderate,1,18.0,89,0.0,6.0,115,980.2,88,34.3,34.8,412.0,12.3,58.0,3.4
2025-03-11 01:00:00,2025,3,11,1,Cao Bằng,Xã Tam Kim,22.606427,106.0179879,59,Moderate,1,17.9,90,0.0,5.5,103,979.5,91,35.6,36.1,405.0,12.1,54.0,3.5
2025-03-11 02:00:00,2025,3,11,2,Cao Bằng,Xã Tam Kim,22.606427,106.0179879,61,Moderate,1,17.7,91,0.0,5.3,114,978.6,97,36.1,36.6,402.0,11.9,49.0,3.5
2025-03-11 03:00:00,2025,3,11,3,Cao Bằng,Xã Tam Kim,22.606427,106.0179879,63,Moderate,1,17.6,92,0.0,5.0,116,977.9,97,33.8,34.1,399.0,11.5,44.0,3.6
2025-03-11 04:00:00,2025,3,11,4,Cao Bằng,Xã Tam Kim,22.606427,106.0179879,65,Moderate,1,17.6,93,0.0,4.7,108,977.6,98,28.2,28.5,395.0,11.1,41.0,3.8
2025-03-11 05:00:00,2025,3,11,5,Cao Bằng,Xã Tam Kim,22.606427,106.0179879,66,Moderate,1,17.6,93,0.0,4.5,104,978.1,100,24.4,24.7,388.0,10.7,41.0,4.4
2025-03-11 06:00:00,2025,3,11,6,Cao Bằng,Xã Tam Kim,22.606427,106.0179879,67,Moderate,1,17.8,93,0.0,4.6,103,978.7,90,22.0,22.2,378.0,10.3,43.0,5.2
2025-03-11 07:00:00,2025,3,11,7,Cao Bằng,Xã Tam Kim,22.606427,106.0179879,68,Moderate,1,18.0,92,0.0,4.2,100,979.1,100,7.6,7.6,370.0,11.4,39.0,4.9
2025-03-11 08:00:00,2025,3,11,8,Cao Bằng,Xã Tam Kim,22.606427,106.0179879,68,Moderate,1,19.8,86,0.0,6.1,124,979.9,66,6.4,6.5,363.0,9.7,47.0,5.1
2025-03-11 09:00:00,2025,3,11,9,Cao Bằng,Xã Tam Kim,22.606427,106.0179879,68,Moderate,1,21.5,76,0.0,6.9,171,980.4,100,7.5,7.7,356.0,7.4,59.0,5.3
2025-03-11 10:00:00,2025,3,11,10,Cao Bằng,Xã Tam Kim,22.606427,106.0179879,68,Moderate,1,23.1,71,0.0,7.1,174,980.1,100,11.1,11.4,352.0,5.4,70.0,5.0
2025-03-11 11:00:00,2025,3,11,11,Cao Bằng,Xã Tam Kim,22.606427,106.0179879,68,Moderate,1,24.6,65,0.0,8.2,171,979.0,43,14.9,15.4,353.0,3.9,80.0,3.7
2025-03-11 12:00:00,2025,3,11,12,Cao Bằng,Xã Tam Kim,22.606427,106.0179879,69,Moderate,1,26.3,58,0.0,9.4,167,977.6,27,18.3,18.9,357.0,2.8,90.0,2.0
2025-03-11 13:00:00,2025,3,11,13,Cao Bằng,Xã Tam Kim,22.606427,106.0179879,70,Moderate,1,28.0,52,0.0,11.4,175,975.8,49,20.8,21.4,358.0,2.0,99.0,0.7
2025-03-11 14:00:00,2025,3,11,14,Cao Bằng,Xã Tam Kim,22.606427,106.0179879,72,Moderate,1,27.3,56,0.0,14.3,174,974.2,21,22.8,23.4,351.0,1.6,107.0,0.2
2025-03-11 15:00:00,2025,3,11,15,Cao Bằng,Xã Tam Kim,22.606427,106.0179879,72,Moderate,1,27.9,53,0.0,14.2,184,973.4,57,24.6,25.3,341.0,1.7,113.0,0.2
2025-03-11 16:00:00,2025,3,11,16,Cao Bằng,Xã Tam Kim,22.606427,106.0179879,73,Moderate,1,27.2,57,0.0,14.0,181,973.1,8,27.1,27.8,340.0,2.4,116.0,0.5
2025-03-11 17:00:00,2025,3,11,17,Cao Bằng,Xã Tam Kim,22.606427,106.0179879,74,Moderate,1,25.5,64,0.0,12.9,164,973.5,5,30.4,31.1,355.0,4.2,113.0,1.2
2025-03-11 18:00:00,2025,3,11,18,Cao Bằng,Xã Tam Kim,22.606427,106.0179879,75,Moderate,1,22.7,76,0.0,12.1,152,974.0,3,34.6,35.2,378.0,6.7,106.0,2.3
2025-03-11 19:00:00,2025,3,11,19,Cao Bằng,Xã Tam Kim,22.606427,106.0179879,76,Moderate,1,20.7,86,0.0,9.0,157,974.8,82,31.3,31.4,399.0,12.1,91.0,3.1
2025-03-11 20:00:00,2025,3,11,20,Cao Bằng,Xã Tam Kim,22.606427,106.0179879,77,Moderate,1,20.6,85,0.0,7.0,130,976.2,93,34.7,34.9,413.0,13.1,84.0,4.5
2025-03-11 21:00:00,2025,3,11,21,Cao Bằng,Xã Tam Kim,22.606427,106.0179879,78,Moderate,1,20.6,86,0.0,6.3,127,976.7,92,36.8,37.0,425.0,14.5,74.0,6.5
2025-03-11 22:00:00,2025,3,11,22,Cao Bằng,Xã Tam Kim,22.606427,106.0179879,78,Moderate,1,20.3,88,0.0,6.2,128,977.1,100,38.0,38.3,432.0,15.3,65.0,8.0
2025-03-11 23:00:00,2025,3,11,23,Cao Bằng,Xã Tam Kim,22.606427,106.0179879,79,Moderate,1,20.3,90,0.0,6.1,122,976.7,100,38.1,38.3,437.0,15.2,58.0,8.5
2025-03-12 00:00:00,2025,3,12,0,Cao Bằng,Xã Tam Kim,22.606427,106.0179879,79,Moderate,1,20.2,91,0.0,5.8,126,976.5,100,36.4,36.8,438.0,14.6,51.0,8.4
2025-03-12 01:00:00,2025,3,12,1,Cao Bằng,Xã Tam Kim,22.606427,106.0179879,80,Moderate,1,19.8,95,0.0,4.7,113,975.8,100,31.5,31.9,430.0,13.8,46.0,8.2
2025-03-12 02:00:00,2025,3,12,2,Cao Bằng,Xã Tam Kim,22.606427,106.0179879,79,Moderate,1,19.7,96,0.0,4.6,99,975.2,100,25.8,26.0,406.0,12.6,43.0,7.9
2025-03-12 03:00:00,2025,3,12,3,Cao Bằng,Xã Tam Kim,22.606427,106.0179879,78,Moderate,1,19.6,97,0.0,5.1,108,974.7,98,20.9,21.1,374.0,11.1,42.0,7.5
2025-03-12 04:00:00,2025,3,12,4,Cao Bằng,Xã Tam Kim,22.606427,106.0179879,77,Moderate,1,19.5,97,0.0,4.8,110,974.4,94,16.8,17.1,350.0,10.0,41.0,7.3
2025-03-12 05:00:00,2025,3,12,5,Cao Bằng,Xã Tam Kim,22.606427,106.0179879,76,Moderate,1,19.5,97,0.0,4.6,111,974.8,89,14.8,15.1,348.0,9.8,38.0,7.4
2025-03-12 06:00:00,2025,3,12,6,Cao Bằng,Xã Tam Kim,22.606427,106.0179879,75,Moderate,1,19.4,97,0.0,3.3,99,975.3,95,14.0,14.2,356.0,10.1,35.0,7.6
2025-03-12 07:00:00,2025,3,12,7,Cao Bằng,Xã Tam Kim,22.606427,106.0179879,75,Moderate,1,19.8,96,0.0,3.0,73,976.3,100,4.9,4.9,350.0,10.0,36.0,5.8
2025-03-12 08:00:00,2025,3,12,8,Cao Bằng,Xã Tam Kim,22.606427,106.0179879,74,Moderate,1,20.9,91,0.0,4.4,97,977.3,100,3.9,4.0,314.0,9.0,40.0,6.0
2025-03-12 09:00:00,2025,3,12,9,Cao Bằng,Xã Tam Kim,22.606427,106.0179879,74,Moderate,1,21.7,87,0.0,5.3,108,978.0,99,5.3,5.5,265.0,7.5,45.0,6.2
2025-03-12 10:00:00,2025,3,12,10,Cao Bằng,Xã Tam Kim,22.606427,106.0179879,74,Moderate,1,22.8,82,0.1,5.5,117,977.9,100,7.2,7.4,231.0,6.2,52.0,5.9
2025-03-12 11:00:00,2025,3,12,11,Cao Bằng,Xã Tam Kim,22.606427,106.0179879,74,Moderate,1,24.0,77,0.2,8.0,138,977.3,100,9.2,9.4,226.0,4.9,61.0,4.5
2025-03-12 12:00:00,2025,3,12,12,Cao Bằng,Xã Tam Kim,22.606427,106.0179879,73,Moderate,1,25.2,71,0.1,10.4,159,976.1,100,10.4,10.7,237.0,3.8,72.0,2.6
2025-03-12 13:00:00,2025,3,12,13,Cao Bằng,Xã Tam Kim,22.606427,106.0179879,72,Moderate,1,26.3,66,0.1,12.2,161,974.4,91,12.5,12.9,249.0,3.2,80.0,1.4
2025-03-12 14:00:00,2025,3,12,14,Cao Bằng,Xã Tam Kim,22.606427,106.0179879,72,Moderate,1,26.4,65,0.1,13.0,170,972.8,91,15.5,16.2,257.0,3.4,86.0,1.3
2025-03-12 15:00:00,2025,3,12,15,Cao Bằng,Xã Tam Kim,22.606427,106.0179879,71,Moderate,1,26.1,66,0.0,13.1,155,971.8,73,17.2,17.8,266.0,4.2,90.0,1.9
2025-03-12 16:00:00,2025,3,12,16,Cao Bằng,Xã Tam Kim,22.606427,106.0179879,70,Moderate,1,26.0,67,0.0,12.8,164,971.5,7,21.4,22.1,281.0,5.5,90.0,2.7
2025-03-12 17:00:00,2025,3,12,17,Cao Bằng,Xã Tam Kim,22.606427,106.0179879,70,Moderate,1,25.6,69,0.0,10.2,167,971.7,71,23.9,24.4,308.0,7.8,86.0,3.9
2025-03-12 18:00:00,2025,3,12,18,Cao Bằng,Xã Tam Kim,22.606427,106.0179879,69,Moderate,1,23.5,79,0.0,8.2,148,972.3,65,28.1,28.7,342.0,10.7,78.0,5.3
2025-03-12 19:00:00,2025,3,12,19,Cao Bằng,Xã Tam Kim,22.606427,106.0179879,69,Moderate,1,21.9,88,0.0,6.8,153,972.9,35,30.6,31.3,366.0,16.6,61.0,7.2
2025-03-12 20:00:00,2025,3,12,20,Cao Bằng,Xã Tam Kim,22.606427,106.0179879,69,Moderate,1,21.0,93,0.0,6.4,142,973.6,68,29.3,29.8,375.0,16.8,55.0,7.6
2025-03-12 21:00:00,2025,3,12,21,Cao Bằng,Xã Tam Kim,22.606427,106.0179879,68,Moderate,1,21.1,93,0.0,6.0,136,974.6,99,28.9,29.4,374.0,17.1,47.0,8.1
2025-03-12 22:00:00,2025,3,12,22,Cao Bằng,Xã Tam Kim,22.606427,106.0179879,67,Moderate,1,21.2,94,0.1,4.9,107,975.2,100,27.9,28.3,370.0,17.1,40.0,8.2
2025-03-12 23:00:00,2025,3,12,23,Cao Bằng,Xã Tam Kim,22.606427,106.0179879,67,Moderate,1,21.0,97,0.3,6.3,110,975.6,100,24.0,24.3,365.0,16.7,35.0,7.7
2025-03-13 00:00:00,2025,3,13,0,Cao Bằng,Xã Tam Kim,22.606427,106.0179879,65,Moderate,1,20.9,98,0.3,8.1,122,975.6,100,19.6,19.7,357.0,16.1,30.0,6.8
2025-03-13 01:00:00,2025,3,13,1,Cao Bằng,Xã Tam Kim,22.606427,106.0179879,64,Moderate,1,20.7,98,0.2,6.9,123,975.4,100,11.2,11.3,342.0,15.3,27.0,5.9
2025-03-13 02:00:00,2025,3,13,2,Cao Bằng,Xã Tam Kim,22.606427,106.0179879,62,Moderate,1,20.5,98,0.1,5.0,111,974.8,100,4.9,4.9,312.0,14.3,25.0,5.1
2025-03-13 03:00:00,2025,3,13,3,Cao Bằng,Xã Tam Kim,22.606427,106.0179879,60,Moderate,1,20.4,99,0.0,3.3,84,974.2,100,2.6,2.6,275.0,13.1,24.0,4.4
2025-03-13 04:00:00,2025,3,13,4,Cao Bằng,Xã Tam Kim,22.606427,106.0179879,59,Moderate,1,20.3,98,0.0,3.1,83,974.1,100,2.3,2.3,251.0,12.1,24.0,3.8
2025-03-13 05:00:00,2025,3,13,5,Cao Bằng,Xã Tam Kim,22.606427,106.0179879,57,Moderate,1,20.3,99,0.0,3.8,101,974.5,100,2.6,2.6,253.0,11.5,25.0,3.5
2025-03-13 06:00:00,2025,3,13,6,Cao Bằng,Xã Tam Kim,22.606427,106.0179879,56,Moderate,1,20.3,99,0.0,5.1,117,975.0,95,3.4,3.5,268.0,11.0,27.0,3.3
2025-03-13 07:00:00,2025,3,13,7,Cao Bằng,Xã Tam Kim,22.606427,106.0179879,55,Moderate,1,20.5,98,0.0,5.1,94,975.6,100,1.5,1.5,275.0,7.7,44.0,2.7
2025-03-13 08:00:00,2025,3,13,8,Cao Bằng,Xã Tam Kim,22.606427,106.0179879,55,Moderate,1,21.7,95,0.0,7.3,130,976.7,100,2.1,2.2,265.0,6.7,53.0,2.2
2025-03-13 09:00:00,2025,3,13,9,Cao Bằng,Xã Tam Kim,22.606427,106.0179879,55,Moderate,1,22.4,93,0.1,8.4,143,977.4,100,3.4,3.5,247.0,5.2,65.0,1.6
2025-03-13 10:00:00,2025,3,13,10,Cao Bằng,Xã Tam Kim,22.606427,106.0179879,55,Moderate,1,23.4,86,0.1,8.7,158,977.3,100,4.4,4.7,231.0,4.0,75.0,1.1
2025-03-13 11:00:00,2025,3,13,11,Cao Bằng,Xã Tam Kim,22.606427,106.0179879,54,Moderate,1,25.6,72,0.0,9.9,164,976.7,43,5.2,5.8,216.0,3.1,81.0,0.9
2025-03-13 12:00:00,2025,3,13,12,Cao Bằng,Xã Tam Kim,22.606427,106.0179879,54,Moderate,1,26.3,70,0.3,12.9,167,975.5,55,3.5,3.8,203.0,2.4,84.0,0.9
2025-03-13 13:00:00,2025,3,13,13,Cao Bằng,Xã Tam Kim,22.606427,106.0179879,53,Moderate,1,25.3,77,0.5,11.5,183,974.5,93,3.2,3.5,198.0,2.2,87.0,1.0
2025-03-13 14:00:00,2025,3,13,14,Cao Bằng,Xã Tam Kim,22.606427,106.0179879,53,Moderate,1,25.5,75,1.1,8.8,176,972.8,73,4.5,4.8,207.0,2.4,91.0,1.1
2025-03-13 15:00:00,2025,3,13,15,Cao Bằng,Xã Tam Kim,22.606427,106.0179879,52,Moderate,1,26.4,70,0.1,12.3,169,971.8,44,6.1,6.5,224.0,3.0,96.0,1.3
2025-03-13 16:00:00,2025,3,13,16,Cao Bằng,Xã Tam Kim,22.606427,106.0179879,51,Moderate,1,26.3,71,0.1,14.2,168,971.6,77,9.5,10.1,238.0,4.2,96.0,1.6
2025-03-13 17:00:00,2025,3,13,17,Cao Bằng,Xã Tam Kim,22.606427,106.0179879,49,Good,0,25.2,78,0.0,11.6,156,971.4,86,11.4,12.0,247.0,6.4,90.0,2.3
2025-03-13 18:00:00,2025,3,13,18,Cao Bằng,Xã Tam Kim,22.606427,106.0179879,47,Good,0,23.9,84,0.0,10.2,154,971.9,83,13.0,13.6,253.0,9.1,80.0,3.2
2025-03-13 19:00:00,2025,3,13,19,Cao Bằng,Xã Tam Kim,22.606427,106.0179879,44,Good,0,23.1,88,0.0,8.3,146,972.6,100,22.5,23.5,253.0,12.9,62.0,5.0
2025-03-13 20:00:00,2025,3,13,20,Cao Bằng,Xã Tam Kim,22.606427,106.0179879,43,Good,0,22.0,90,0.0,4.1,92,974.4,100,17.5,18.2,245.0,12.8,56.0,5.2
2025-03-13 21:00:00,2025,3,13,21,Cao Bằng,Xã Tam Kim,22.606427,106.0179879,41,Good,0,21.6,94,0.1,5.9,108,974.8,100,10.8,11.1,232.0,12.7,47.0,5.4
2025-03-13 22:00:00,2025,3,13,22,Cao Bằng,Xã Tam Kim,22.606427,106.0179879,38,Good,0,21.3,96,0.1,8.2,130,975.1,100,7.2,7.3,219.0,12.6,40.0,5.5
2025-03-13 23:00:00,2025,3,13,23,Cao Bằng,Xã Tam Kim,22.606427,106.0179879,34,Good,0,21.3,95,0.0,7.0,125,975.3,100,6.3,6.4,208.0,12.6,35.0,5.5
2025-03-14 00:00:00,2025,3,14,0,Cao Bằng,Xã Tam Kim,22.606427,106.0179879,31,Good,0,21.2,95,0.0,7.5,120,975.5,100,4.0,4.0,198.0,12.6,31.0,5.3
2025-03-14 01:00:00,2025,3,14,1,Cao Bằng,Xã Tam Kim,22.606427,106.0179879,28,Good,0,21.0,96,0.0,7.4,119,975.2,100,4.0,4.1,189.0,12.6,28.0,5.1
2025-03-14 02:00:00,2025,3,14,2,Cao Bằng,Xã Tam Kim,22.606427,106.0179879,27,Good,0,20.9,97,0.0,6.6,119,974.3,100,3.2,3.2,180.0,12.5,24.0,4.8
2025-03-14 03:00:00,2025,3,14,3,Cao Bằng,Xã Tam Kim,22.606427,106.0179879,27,Good,0,20.9,97,0.0,5.0,120,974.2,100,2.8,2.8,173.0,12.3,21.0,4.4
2025-03-14 04:00:00,2025,3,14,4,Cao Bằng,Xã Tam Kim,22.606427,106.0179879,27,Good,0,20.9,98,0.1,3.6,93,974.1,100,3.5,3.5,176.0,12.0,20.0,4.2
2025-03-14 05:00:00,2025,3,14,5,Cao Bằng,Xã Tam Kim,22.606427,106.0179879,27,Good,0,20.8,98,0.1,2.9,83,974.8,100,4.5,4.5,200.0,11.5,21.0,4.3
2025-03-14 06:00:00,2025,3,14,6,Cao Bằng,Xã Tam Kim,22.606427,106.0179879,27,Good,0,20.7,99,0.2,5.1,117,974.9,100,5.2,5.3,234.0,10.9,24.0,4.5
2025-03-14 07:00:00,2025,3,14,7,Cao Bằng,Xã Tam Kim,22.606427,106.0179879,28,Good,0,21.1,98,0.1,4.8,115,975.6,100,9.0,10.0,257.0,7.8,51.0,3.6
2025-03-14 08:00:00,2025,3,14,8,Cao Bằng,Xã Tam Kim,22.606427,106.0179879,29,Good,0,21.4,93,0.0,4.3,92,976.6,100,5.7,6.4,255.0,7.9,49.0,4.2
2025-03-14 09:00:00,2025,3,14,9,Cao Bằng,Xã Tam Kim,22.606427,106.0179879,30,Good,0,23.7,83,0.0,5.5,134,977.0,100,5.0,5.5,241.0,7.9,46.0,5.1
2025-03-14 10:00:00,2025,3,14,10,Cao Bằng,Xã Tam Kim,22.606427,106.0179879,30,Good,0,26.0,73,0.2,10.0,152,976.8,32,5.2,5.5,234.0,7.4,51.0,5.5
2025-03-14 11:00:00,2025,3,14,11,Cao Bằng,Xã Tam Kim,22.606427,106.0179879,30,Good,0,27.9,63,0.2,10.0,159,976.3,39,7.6,8.0,241.0,5.7,70.0,5.0
2025-03-14 12:00:00,2025,3,14,12,Cao Bằng,Xã Tam Kim,22.606427,106.0179879,30,Good,0,28.8,58,0.1,12.3,170,975.0,27,10.9,11.4,254.0,3.5,96.0,4.0
2025-03-14 13:00:00,2025,3,14,13,Cao Bằng,Xã Tam Kim,22.606427,106.0179879,32,Good,0,30.0,53,0.1,13.2,185,973.6,13,16.1,17.0,267.0,1.9,118.0,3.2
2025-03-14 14:00:00,2025,3,14,14,Cao Bằng,Xã Tam Kim,22.606427,106.0179879,34,Good,0,30.6,49,0.0,12.1,190,972.3,24,18.9,19.8,275.0,1.3,133.0,2.9
2025-03-14 15:00:00,2025,3,14,15,Cao Bằng,Xã Tam Kim,22.606427,106.0179879,36,Good,0,30.1,53,0.0,11.7,198,971.5,23,23.1,24.3,283.0,1.4,145.0,2.7
2025-03-14 16:00:00,2025,3,14,16,Cao Bằng,Xã Tam Kim,22.606427,106.0179879,41,Good,0,29.8,53,0.0,10.8,198,971.3,28,23.1,24.2,296.0,2.3,149.0,2.8
2025-03-14 17:00:00,2025,3,14,17,Cao Bằng,Xã Tam Kim,22.606427,106.0179879,47,Good,0,28.4,58,0.0,11.8,171,971.4,13,26.7,27.6,319.0,4.5,143.0,3.2
2025-03-14 18:00:00,2025,3,14,18,Cao Bằng,Xã Tam Kim,22.606427,106.0179879,59,Moderate,1,25.7,70,0.0,10.2,159,972.2,3,30.9,31.5,347.0,7.5,129.0,3.7
2025-03-14 19:00:00,2025,3,14,19,Cao Bằng,Xã Tam Kim,22.606427,106.0179879,76,Moderate,1,23.5,83,0.0,9.8,157,973.0,4,48.0,49.2,374.0,11.4,119.0,4.8
2025-03-14 20:00:00,2025,3,14,20,Cao Bằng,Xã Tam Kim,22.606427,106.0179879,86,Moderate,1,22.4,92,0.0,4.1,151,973.7,3,50.6,51.8,396.0,12.8,108.0,5.2
2025-03-14 21:00:00,2025,3,14,21,Cao Bằng,Xã Tam Kim,22.606427,106.0179879,89,Moderate,1,21.1,96,0.0,1.8,101,974.4,4,52.0,53.1,417.0,14.8,92.0,5.7
2025-03-14 22:00:00,2025,3,14,22,Cao Bằng,Xã Tam Kim,22.606427,106.0179879,83,Moderate,1,20.6,98,0.0,3.1,177,975.0,15,54.6,55.5,436.0,16.3,78.0,5.9
2025-03-14 23:00:00,2025,3,14,23,Cao Bằng,Xã Tam Kim,22.606427,106.0179879,71,Moderate,1,20.6,99,0.0,0.4,270,975.7,62,54.9,55.8,461.0,17.3,65.0,5.5
2025-03-15 00:00:00,2025,3,15,0,Cao Bằng,Xã Tam Kim,22.606427,106.0179879,66,Moderate,1,20.5,99,0.0,2.9,292,976.1,95,57.7,58.6,484.0,17.7,54.0,4.7
2025-03-15 01:00:00,2025,3,15,1,Cao Bằng,Xã Tam Kim,22.606427,106.0179879,71,Moderate,1,20.5,100,0.0,5.8,284,976.1,100,56.2,56.9,484.0,17.1,48.0,4.0
2025-03-15 02:00:00,2025,3,15,2,Cao Bằng,Xã Tam Kim,22.606427,106.0179879,75,Moderate,1,20.9,99,0.0,5.8,290,975.5,100,49.6,50.2,441.0,14.4,50.0,3.6
2025-03-15 03:00:00,2025,3,15,3,Cao Bằng,Xã Tam Kim,22.606427,106.0179879,80,Moderate,1,21.1,98,0.0,5.4,284,974.8,100,39.6,40.2,375.0,10.6,58.0,3.2
2025-03-15 04:00:00,2025,3,15,4,Cao Bằng,Xã Tam Kim,22.606427,106.0179879,83,Moderate,1,20.3,99,5.8,11.2,311,975.6,100,22.4,23.0,328.0,7.6,64.0,2.9
2025-03-15 05:00:00,2025,3,15,5,Cao Bằng,Xã Tam Kim,22.606427,106.0179879,85,Moderate,1,19.9,98,7.9,2.3,58,976.7,100,10.7,11.6,320.0,6.5,65.0,2.7
2025-03-15 06:00:00,2025,3,15,6,Cao Bằng,Xã Tam Kim,22.606427,106.0179879,85,Moderate,1,19.8,98,1.8,2.1,195,977.6,74,6.5,7.1,331.0,6.2,64.0,2.5
2025-03-15 07:00:00,2025,3,15,7,Cao Bằng,Xã Tam Kim,22.606427,106.0179879,85,Moderate,1,19.5,98,0.1,7.4,124,979.0,94,10.9,11.3,341.0,7.4,58.0,3.0
2025-03-15 08:00:00,2025,3,15,8,Cao Bằng,Xã Tam Kim,22.606427,106.0179879,85,Moderate,1,20.0,95,0.0,4.4,212,979.2,100,9.5,9.9,344.0,6.5,62.0,3.1
2025-03-15 09:00:00,2025,3,15,9,Cao Bằng,Xã Tam Kim,22.606427,106.0179879,86,Moderate,1,20.8,88,0.2,4.6,126,980.3,100,7.2,7.5,347.0,5.3,68.0,3.3
2025-03-15 10:00:00,2025,3,15,10,Cao Bằng,Xã Tam Kim,22.606427,106.0179879,86,Moderate,1,20.4,93,0.6,4.8,75,980.5,100,6.9,7.2,350.0,4.2,73.0,3.4
2025-03-15 11:00:00,2025,3,15,11,Cao Bằng,Xã Tam Kim,22.606427,106.0179879,86,Moderate,1,20.6,87,0.4,3.8,73,980.7,100,8.1,8.4,355.0,3.5,77.0,3.3
2025-03-15 12:00:00,2025,3,15,12,Cao Bằng,Xã Tam Kim,22.606427,106.0179879,86,Moderate,1,21.9,73,0.1,2.9,68,980.3,100,9.9,10.2,362.0,3.0,80.0,3.1
2025-03-15 13:00:00,2025,3,15,13,Cao Bằng,Xã Tam Kim,22.606427,106.0179879,86,Moderate,1,22.7,63,0.0,3.6,60,979.4,100,12.2,12.6,366.0,2.7,83.0,3.0
2025-03-15 14:00:00,2025,3,15,14,Cao Bằng,Xã Tam Kim,22.606427,106.0179879,86,Moderate,1,23.1,57,0.0,6.7,38,978.5,100,13.6,14.0,364.0,2.5,87.0,2.9
2025-03-15 15:00:00,2025,3,15,15,Cao Bằng,Xã Tam Kim,22.606427,106.0179879,85,Moderate,1,22.8,56,0.0,7.1,36,977.9,100,13.9,14.4,360.0,2.4,91.0,2.8
2025-03-15 16:00:00,2025,3,15,16,Cao Bằng,Xã Tam Kim,22.606427,106.0179879,84,Moderate,1,22.5,57,0.0,9.0,23,978.1,100,16.1,17.4,365.0,2.5,93.0,2.8
2025-03-15 17:00:00,2025,3,15,17,Cao Bằng,Xã Tam Kim,22.606427,106.0179879,84,Moderate,1,21.6,58,0.0,9.8,6,978.7,100,16.5,17.8,393.0,2.9,93.0,3.1
2025-03-15 18:00:00,2025,3,15,18,Cao Bằng,Xã Tam Kim,22.606427,106.0179879,83,Moderate,1,21.2,56,0.0,8.6,349,979.5,100,25.7,29.8,430.0,3.5,91.0,3.6
2025-03-15 19:00:00,2025,3,15,19,Cao Bằng,Xã Tam Kim,22.606427,106.0179879,82,Moderate,1,20.5,56,0.0,8.8,343,980.5,100,54.8,57.9,450.0,4.0,87.0,4.8
2025-03-15 20:00:00,2025,3,15,20,Cao Bằng,Xã Tam Kim,22.606427,106.0179879,83,Moderate,1,19.9,67,0.0,4.6,11,981.5,96,51.6,54.6,439.0,3.7,89.0,4.5
2025-03-15 21:00:00,2025,3,15,21,Cao Bằng,Xã Tam Kim,22.606427,106.0179879,83,Moderate,1,18.6,73,0.0,4.7,40,983.0,100,47.3,50.2,410.0,3.3,93.0,4.1
2025-03-15 22:00:00,2025,3,15,22,Cao Bằng,Xã Tam Kim,22.606427,106.0179879,83,Moderate,1,18.2,70,0.0,5.6,45,983.5,100,44.6,47.6,381.0,3.0,95.0,3.8
2025-03-15 23:00:00,2025,3,15,23,Cao Bằng,Xã Tam Kim,22.606427,106.0179879,82,Moderate,1,17.6,65,0.0,6.8,29,984.1,98,46.8,50.4,353.0,2.8,95.0,3.6
2025-03-16 00:00:00,2025,3,16,0,Cao Bằng,Xã Tam Kim,22.606427,106.0179879,81,Moderate,1,17.5,60,0.0,6.5,14,984.4,96,36.6,39.1,325.0,2.7,95.0,3.4
2025-03-16 01:00:00,2025,3,16,1,Cao Bằng,Xã Tam Kim,22.606427,106.0179879,79,Moderate,1,17.2,53,0.0,6.5,357,984.8,93,28.3,30.0,303.0,2.6,94.0,3.2
2025-03-16 02:00:00,2025,3,16,2,Cao Bằng,Xã Tam Kim,22.606427,106.0179879,77,Moderate,1,17.0,52,0.0,6.3,336,984.6,99,21.4,22.4,291.0,2.5,93.0,3.1
2025-03-16 03:00:00,2025,3,16,3,Cao Bằng,Xã Tam Kim,22.606427,106.0179879,74,Moderate,1,16.8,49,0.0,7.3,353,984.6,79,17.2,17.8,287.0,2.4,91.0,3.0
2025-03-16 04:00:00,2025,3,16,4,Cao Bằng,Xã Tam Kim,22.606427,106.0179879,72,Moderate,1,16.5,47,0.0,10.5,357,984.7,85,15.3,15.9,287.0,2.3,90.0,2.9
2025-03-16 05:00:00,2025,3,16,5,Cao Bằng,Xã Tam Kim,22.606427,106.0179879,72,Moderate,1,16.3,46,0.0,9.6,355,985.0,97,14.1,14.7,296.0,2.4,89.0,2.8
2025-03-16 06:00:00,2025,3,16,6,Cao Bằng,Xã Tam Kim,22.606427,106.0179879,72,Moderate,1,16.0,46,0.0,8.8,358,985.4,97,13.4,14.0,309.0,2.5,88.0,2.8
2025-03-16 07:00:00,2025,3,16,7,Cao Bằng,Xã Tam Kim,22.606427,106.0179879,73,Moderate,1,15.7,50,0.0,7.7,360,986.3,94,33.4,37.7,315.0,2.5,88.0,2.6
2025-03-16 08:00:00,2025,3,16,8,Cao Bằng,Xã Tam Kim,22.606427,106.0179879,75,Moderate,1,16.9,49,0.0,8.4,23,986.9,90,32.9,37.6,306.0,2.4,89.0,2.7
2025-03-16 09:00:00,2025,3,16,9,Cao Bằng,Xã Tam Kim,22.606427,106.0179879,77,Moderate,1,17.1,50,0.0,11.7,21,987.3,100,30.0,34.3,289.0,2.3,89.0,2.8
2025-03-16 10:00:00,2025,3,16,10,Cao Bằng,Xã Tam Kim,22.606427,106.0179879,79,Moderate,1,17.7,46,0.0,10.4,20,987.3,100,26.3,30.4,275.0,2.1,91.0,2.9
2025-03-16 11:00:00,2025,3,16,11,Cao Bằng,Xã Tam Kim,22.606427,106.0179879,80,Moderate,1,18.4,43,0.0,10.0,28,986.3,90,22.9,26.8,266.0,1.8,94.0,3.0
2025-03-16 12:00:00,2025,3,16,12,Cao Bằng,Xã Tam Kim,22.606427,106.0179879,82,Moderate,1,19.2,43,0.0,8.7,45,985.0,69,20.4,24.2,260.0,1.5,97.0,3.2
2025-03-16 13:00:00,2025,3,16,13,Cao Bằng,Xã Tam Kim,22.606427,106.0179879,83,Moderate,1,20.7,37,0.0,8.0,54,983.5,52,18.7,22.2,258.0,1.2,101.0,3.3
2025-03-16 14:00:00,2025,3,16,14,Cao Bằng,Xã Tam Kim,22.606427,106.0179879,83,Moderate,1,21.5,35,0.0,6.4,74,981.8,7,17.8,20.9,260.0,0.8,106.0,3.4
2025-03-16 15:00:00,2025,3,16,15,Cao Bằng,Xã Tam Kim,22.606427,106.0179879,84,Moderate,1,21.8,35,0.0,6.1,95,980.5,1,17.2,20.0,265.0,0.5,110.0,3.5
2025-03-16 16:00:00,2025,3,16,16,Cao Bằng,Xã Tam Kim,22.606427,106.0179879,84,Moderate,1,21.4,37,0.0,7.2,115,979.9,0,16.8,19.3,278.0,1.2,110.0,3.7
2025-03-16 17:00:00,2025,3,16,17,Cao Bằng,Xã Tam Kim,22.606427,106.0179879,84,Moderate,1,20.3,41,0.0,6.9,129,980.0,2,16.6,18.7,305.0,3.8,102.0,4.1
2025-03-16 18:00:00,2025,3,16,18,Cao Bằng,Xã Tam Kim,22.606427,106.0179879,84,Moderate,1,17.3,53,0.0,6.4,137,980.4,6,17.0,18.6,339.0,7.4,88.0,4.6
2025-03-16 19:00:00,2025,3,16,19,Cao Bằng,Xã Tam Kim,22.606427,106.0179879,83,Moderate,1,16.3,56,0.0,4.5,127,981.5,8,15.3,15.4,361.0,7.6,85.0,4.6
2025-03-16 20:00:00,2025,3,16,20,Cao Bằng,Xã Tam Kim,22.606427,106.0179879,80,Moderate,1,15.2,62,0.0,4.8,146,982.4,19,16.2,16.4,359.0,8.8,77.0,4.7
2025-03-16 21:00:00,2025,3,16,21,Cao Bằng,Xã Tam Kim,22.606427,106.0179879,76,Moderate,1,14.9,63,0.0,2.1,200,983.5,33,16.9,17.1,346.0,10.5,67.0,4.9
2025-03-16 22:00:00,2025,3,16,22,Cao Bằng,Xã Tam Kim,22.606427,106.0179879,74,Moderate,1,14.2,67,0.0,3.6,210,984.0,29,17.5,17.6,340.0,11.7,58.0,5.1
2025-03-16 23:00:00,2025,3,16,23,Cao Bằng,Xã Tam Kim,22.606427,106.0179879,71,Moderate,1,13.4,70,0.0,6.3,178,984.0,17,18.2,18.3,353.0,12.2,53.0,5.2
2025-03-17 00:00:00,2025,3,17,0,Cao Bằng,Xã Tam Kim,22.606427,106.0179879,69,Moderate,1,12.9,74,0.0,3.4,196,984.1,16,18.8,19.0,373.0,12.2,51.0,5.4
2025-03-17 01:00:00,2025,3,17,1,Cao Bằng,Xã Tam Kim,22.606427,106.0179879,67,Moderate,1,12.8,72,0.0,1.0,292,984.3,17,19.4,19.7,385.0,11.7,51.0,5.6
2025-03-17 02:00:00,2025,3,17,2,Cao Bằng,Xã Tam Kim,22.606427,106.0179879,66,Moderate,1,12.3,74,0.0,1.9,326,984.0,19,20.0,20.7,379.0,10.5,54.0,5.9
2025-03-17 03:00:00,2025,3,17,3,Cao Bằng,Xã Tam Kim,22.606427,106.0179879,66,Moderate,1,11.9,77,0.0,1.8,349,983.7,38,21.0,22.6,365.0,8.7,59.0,6.2
2025-03-17 04:00:00,2025,3,17,4,Cao Bằng,Xã Tam Kim,22.606427,106.0179879,67,Moderate,1,11.8,78,0.0,2.4,318,983.6,61,22.4,26.0,357.0,7.1,66.0,6.7
2025-03-17 05:00:00,2025,3,17,5,Cao Bằng,Xã Tam Kim,22.606427,106.0179879,67,Moderate,1,11.9,76,0.0,3.0,295,984.0,75,25.7,32.5,365.0,5.7,74.0,7.5
2025-03-17 06:00:00,2025,3,17,6,Cao Bằng,Xã Tam Kim,22.606427,106.0179879,68,Moderate,1,11.9,72,0.0,2.0,297,984.7,81,27.3,36.2,380.0,4.4,84.0,8.4
2025-03-17 07:00:00,2025,3,17,7,Cao Bằng,Xã Tam Kim,22.606427,106.0179879,70,Moderate,1,13.3,64,0.0,0.9,259,985.5,71,30.3,39.7,381.0,3.1,93.0,9.4
2025-03-17 08:00:00,2025,3,17,8,Cao Bằng,Xã Tam Kim,22.606427,106.0179879,69,Moderate,1,15.7,48,0.0,6.7,74,986.2,90,32.5,43.9,355.0,2.9,93.0,9.4
2025-03-17 09:00:00,2025,3,17,9,Cao Bằng,Xã Tam Kim,22.606427,106.0179879,69,Moderate,1,16.7,43,0.0,7.6,86,986.6,85,34.5,47.4,317.0,2.7,94.0,9.3
2025-03-17 10:00:00,2025,3,17,10,Cao Bằng,Xã Tam Kim,22.606427,106.0179879,70,Moderate,1,17.5,42,0.0,6.8,90,986.2,72,35.7,49.9,290.0,2.4,96.0,9.0
2025-03-17 11:00:00,2025,3,17,11,Cao Bằng,Xã Tam Kim,22.606427,106.0179879,70,Moderate,1,18.5,40,0.0,6.2,111,985.5,12,36.0,50.5,285.0,1.9,101.0,8.2
2025-03-17 12:00:00,2025,3,17,12,Cao Bằng,Xã Tam Kim,22.606427,106.0179879,72,Moderate,1,19.6,39,0.0,5.1,132,984.0,17,34.9,49.2,292.0,1.4,108.0,7.0
2025-03-17 13:00:00,2025,3,17,13,Cao Bằng,Xã Tam Kim,22.606427,106.0179879,73,Moderate,1,20.5,38,0.0,5.4,174,982.6,64,34.1,47.7,304.0,1.0,114.0,6.1
2025-03-17 14:00:00,2025,3,17,14,Cao Bằng,Xã Tam Kim,22.606427,106.0179879,74,Moderate,1,20.5,38,0.0,5.4,184,980.8,19,34.0,46.9,325.0,0.8,118.0,5.4
2025-03-17 15:00:00,2025,3,17,15,Cao Bằng,Xã Tam Kim,22.606427,106.0179879,76,Moderate,1,20.5,39,0.0,6.1,135,979.9,33,34.2,46.6,352.0,0.9,120.0,4.9
2025-03-17 16:00:00,2025,3,17,16,Cao Bằng,Xã Tam Kim,22.606427,106.0179879,77,Moderate,1,20.8,40,0.0,7.7,121,979.3,55,34.3,46.1,367.0,1.4,119.0,4.7
2025-03-17 17:00:00,2025,3,17,17,Cao Bằng,Xã Tam Kim,22.606427,106.0179879,79,Moderate,1,19.8,45,0.0,6.7,128,979.9,54,34.5,45.9,361.0,2.8,113.0,5.0
2025-03-17 18:00:00,2025,3,17,18,Cao Bằng,Xã Tam Kim,22.606427,106.0179879,80,Moderate,1,18.1,50,0.0,9.7,153,980.8,83,34.6,44.4,343.0,4.6,105.0,5.6
2025-03-17 19:00:00,2025,3,17,19,Cao Bằng,Xã Tam Kim,22.606427,106.0179879,82,Moderate,1,17.0,53,0.0,9.0,136,982.0,90,37.3,46.9,331.0,5.1,97.0,5.4
2025-03-17 20:00:00,2025,3,17,20,Cao Bằng,Xã Tam Kim,22.606427,106.0179879,84,Moderate,1,15.4,57,0.0,5.2,139,984.6,96,36.1,44.7,331.0,4.7,97.0,6.0
2025-03-17 21:00:00,2025,3,17,21,Cao Bằng,Xã Tam Kim,22.606427,106.0179879,86,Moderate,1,14.8,59,0.0,5.5,153,986.0,100,44.4,54.9,335.0,4.0,97.0,6.8
2025-03-17 22:00:00,2025,3,17,22,Cao Bằng,Xã Tam Kim,22.606427,106.0179879,88,Moderate,1,14.4,61,0.0,3.3,202,986.8,100,75.7,93.8,339.0,3.5,96.0,7.0
2025-03-17 23:00:00,2025,3,17,23,Cao Bằng,Xã Tam Kim,22.606427,106.0179879,93,Moderate,1,14.2,63,0.0,3.4,227,986.9,100,58.4,70.3,343.0,3.2,93.0,6.2
2025-03-18 00:00:00,2025,3,18,0,Cao Bằng,Xã Tam Kim,22.606427,106.0179879,97,Moderate,1,14.0,64,0.0,3.3,261,986.8,100,53.3,63.6,347.0,2.9,90.0,5.0
2025-03-18 01:00:00,2025,3,18,1,Cao Bằng,Xã Tam Kim,22.606427,106.0179879,100,Moderate,1,14.2,62,0.0,7.9,356,987.3,100,44.6,52.6,340.0,2.7,87.0,3.9
2025-03-18 02:00:00,2025,3,18,2,Cao Bằng,Xã Tam Kim,22.606427,106.0179879,102,Unhealthy for Sensitive Groups,2,14.1,57,0.0,10.9,9,987.1,100,35.9,41.7,311.0,2.5,86.0,3.3
2025-03-18 03:00:00,2025,3,18,3,Cao Bằng,Xã Tam Kim,22.606427,106.0179879,104,Unhealthy for Sensitive Groups,2,13.7,54,0.0,9.1,9,986.7,100,27.1,30.9,271.0,2.3,87.0,2.9
2025-03-18 04:00:00,2025,3,18,4,Cao Bằng,Xã Tam Kim,22.606427,106.0179879,105,Unhealthy for Sensitive Groups,2,13.4,55,0.0,7.4,6,986.4,100,19.5,21.9,244.0,2.2,87.0,2.7
2025-03-18 05:00:00,2025,3,18,5,Cao Bằng,Xã Tam Kim,22.606427,106.0179879,104,Unhealthy for Sensitive Groups,2,13.3,57,0.0,5.2,360,986.6,97,14.0,15.6,242.0,2.4,86.0,2.7
2025-03-18 06:00:00,2025,3,18,6,Cao Bằng,Xã Tam Kim,22.606427,106.0179879,103,Unhealthy for Sensitive Groups,2,12.8,63,0.0,5.8,358,987.2,98,10.7,11.9,252.0,2.7,85.0,2.9
2025-03-18 07:00:00,2025,3,18,7,Cao Bằng,Xã Tam Kim,22.606427,106.0179879,102,Unhealthy for Sensitive Groups,2,13.3,60,0.0,5.8,358,987.9,99,3.9,4.6,260.0,2.3,92.0,2.3
2025-03-18 08:00:00,2025,3,18,8,Cao Bằng,Xã Tam Kim,22.606427,106.0179879,99,Moderate,1,14.5,52,0.0,10.0,15,989.9,69,2.9,3.8,258.0,2.2,94.0,2.2
2025-03-18 09:00:00,2025,3,18,9,Cao Bằng,Xã Tam Kim,22.606427,106.0179879,96,Moderate,1,15.7,46,0.0,13.7,17,990.1,84,2.6,3.6,253.0,2.2,97.0,2.0
2025-03-18 10:00:00,2025,3,18,10,Cao Bằng,Xã Tam Kim,22.606427,106.0179879,94,Moderate,1,16.6,45,0.0,16.2,3,989.8,77,2.9,3.9,250.0,2.1,98.0,1.9
2025-03-18 11:00:00,2025,3,18,11,Cao Bằng,Xã Tam Kim,22.606427,106.0179879,91,Moderate,1,16.9,48,0.0,14.8,4,989.3,89,4.4,5.4,251.0,2.1,97.0,1.9
2025-03-18 12:00:00,2025,3,18,12,Cao Bằng,Xã Tam Kim,22.606427,106.0179879,88,Moderate,1,17.9,43,0.0,13.6,5,988.2,100,8.2,9.3,253.0,2.0,95.0,1.9
2025-03-18 13:00:00,2025,3,18,13,Cao Bằng,Xã Tam Kim,22.606427,106.0179879,85,Moderate,1,18.3,42,0.0,12.4,360,986.8,100,10.9,12.0,257.0,2.0,94.0,1.9
2025-03-18 14:00:00,2025,3,18,14,Cao Bằng,Xã Tam Kim,22.606427,106.0179879,83,Moderate,1,18.8,41,0.0,11.6,6,985.5,100,12.8,14.0,261.0,1.8,95.0,1.7
2025-03-18 15:00:00,2025,3,18,15,Cao Bằng,Xã Tam Kim,22.606427,106.0179879,81,Moderate,1,18.5,42,0.0,11.6,15,984.8,100,13.7,14.8,266.0,1.6,96.0,1.5
2025-03-18 16:00:00,2025,3,18,16,Cao Bằng,Xã Tam Kim,22.606427,106.0179879,80,Moderate,1,18.4,43,0.0,11.9,10,984.6,100,14.1,15.3,274.0,1.8,96.0,1.4
2025-03-18 17:00:00,2025,3,18,17,Cao Bằng,Xã Tam Kim,22.606427,106.0179879,78,Moderate,1,18.0,44,0.0,8.8,355,984.8,88,13.4,14.6,287.0,2.7,93.0,1.6
2025-03-18 18:00:00,2025,3,18,18,Cao Bằng,Xã Tam Kim,22.606427,106.0179879,76,Moderate,1,16.2,49,0.0,7.7,329,985.2,41,12.8,13.9,303.0,4.1,89.0,1.8
2025-03-18 19:00:00,2025,3,18,19,Cao Bằng,Xã Tam Kim,22.606427,106.0179879,74,Moderate,1,14.7,54,0.0,6.8,328,986.2,30,23.3,26.8,312.0,4.5,89.0,2.4
2025-03-18 20:00:00,2025,3,18,20,Cao Bằng,Xã Tam Kim,22.606427,106.0179879,73,Moderate,1,13.7,54,0.0,10.7,333,988.8,15,23.1,27.0,308.0,4.3,89.0,2.5
2025-03-18 21:00:00,2025,3,18,21,Cao Bằng,Xã Tam Kim,22.606427,106.0179879,72,Moderate,1,13.3,55,0.0,10.7,325,989.6,27,22.9,27.3,296.0,4.1,88.0,2.6
2025-03-18 22:00:00,2025,3,18,22,Cao Bằng,Xã Tam Kim,22.606427,106.0179879,70,Moderate,1,12.9,57,0.0,9.6,319,989.9,40,22.4,27.3,286.0,3.9,87.0,2.7
2025-03-18 23:00:00,2025,3,18,23,Cao Bằng,Xã Tam Kim,22.606427,106.0179879,65,Moderate,1,12.5,59,0.0,8.2,322,989.6,63,21.9,27.3,281.0,3.7,86.0,2.8
2025-03-19 00:00:00,2025,3,19,0,Cao Bằng,Xã Tam Kim,22.606427,106.0179879,62,Moderate,1,12.4,60,0.0,7.6,332,989.6,52,22.6,28.6,277.0,3.5,85.0,2.9
2025-03-19 01:00:00,2025,3,19,1,Cao Bằng,Xã Tam Kim,22.606427,106.0179879,59,Moderate,1,11.9,62,0.0,7.5,330,989.4,70,27.0,34.6,273.0,3.4,84.0,3.1
2025-03-19 02:00:00,2025,3,19,2,Cao Bằng,Xã Tam Kim,22.606427,106.0179879,58,Moderate,1,12.1,59,0.0,7.7,323,989.0,59,35.0,45.1,267.0,3.3,82.0,3.3
2025-03-19 03:00:00,2025,3,19,3,Cao Bằng,Xã Tam Kim,22.606427,106.0179879,57,Moderate,1,12.1,58,0.0,6.6,317,988.4,71,37.7,48.7,259.0,3.2,80.0,3.5
2025-03-19 04:00:00,2025,3,19,4,Cao Bằng,Xã Tam Kim,22.606427,106.0179879,58,Moderate,1,11.6,60,0.0,5.3,305,988.1,53,37.6,48.3,253.0,3.4,76.0,3.7
2025-03-19 05:00:00,2025,3,19,5,Cao Bằng,Xã Tam Kim,22.606427,106.0179879,60,Moderate,1,10.9,62,0.0,5.1,315,988.4,57,36.8,47.0,249.0,4.4,68.0,3.8
2025-03-19 06:00:00,2025,3,19,6,Cao Bằng,Xã Tam Kim,22.606427,106.0179879,62,Moderate,1,10.4,65,0.0,5.2,329,989.0,58,35.9,45.5,246.0,5.7,58.0,3.8
2025-03-19 07:00:00,2025,3,19,7,Cao Bằng,Xã Tam Kim,22.606427,106.0179879,64,Moderate,1,11.5,64,0.0,6.3,329,989.8,26,23.7,30.6,239.0,4.9,65.0,4.5
2025-03-19 08:00:00,2025,3,19,8,Cao Bằng,Xã Tam Kim,22.606427,106.0179879,66,Moderate,1,15.4,50,0.0,7.8,331,991.9,51,21.3,30.3,225.0,4.1,71.0,4.9
2025-03-19 09:00:00,2025,3,19,9,Cao Bằng,Xã Tam Kim,22.606427,106.0179879,68,Moderate,1,17.2,39,0.0,11.8,352,992.0,36,20.2,29.5,209.0,3.1,80.0,5.3
2025-03-19 10:00:00,2025,3,19,10,Cao Bằng,Xã Tam Kim,22.606427,106.0179879,69,Moderate,1,18.8,33,0.0,11.9,3,991.6,100,19.5,29.5,197.0,2.2,89.0,5.6
2025-03-19 11:00:00,2025,3,19,11,Cao Bằng,Xã Tam Kim,22.606427,106.0179879,71,Moderate,1,17.8,35,0.0,13.3,358,991.1,47,20.0,32.4,194.0,1.6,98.0,5.5
2025-03-19 12:00:00,2025,3,19,12,Cao Bằng,Xã Tam Kim,22.606427,106.0179879,72,Moderate,1,19.0,33,0.0,9.2,2,989.9,100,21.6,36.2,196.0,1.2,106.0,5.2
2025-03-19 13:00:00,2025,3,19,13,Cao Bằng,Xã Tam Kim,22.606427,106.0179879,73,Moderate,1,20.3,31,0.0,3.9,16,988.5,87,22.1,37.6,200.0,0.9,113.0,4.9
2025-03-19 14:00:00,2025,3,19,14,Cao Bằng,Xã Tam Kim,22.606427,106.0179879,74,Moderate,1,21.0,31,0.0,1.5,126,986.9,94,22.2,37.7,201.0,0.3,118.0,4.7
2025-03-19 15:00:00,2025,3,19,15,Cao Bằng,Xã Tam Kim,22.606427,106.0179879,75,Moderate,1,21.3,31,0.0,3.8,161,985.7,54,21.9,37.3,204.0,0.0,120.0,4.5
2025-03-19 16:00:00,2025,3,19,16,Cao Bằng,Xã Tam Kim,22.606427,106.0179879,76,Moderate,1,20.9,33,0.0,6.0,185,985.2,72,21.5,36.8,216.0,1.1,118.0,4.6
2025-03-19 17:00:00,2025,3,19,17,Cao Bằng,Xã Tam Kim,22.606427,106.0179879,76,Moderate,1,19.8,38,0.0,6.3,219,985.1,45,21.1,36.2,249.0,5.3,109.0,5.2
2025-03-19 18:00:00,2025,3,19,18,Cao Bằng,Xã Tam Kim,22.606427,106.0179879,77,Moderate,1,16.5,51,0.0,5.5,251,984.9,67,22.5,36.3,293.0,11.2,95.0,6.1
2025-03-19 19:00:00,2025,3,19,19,Cao Bằng,Xã Tam Kim,22.606427,106.0179879,78,Moderate,1,15.0,59,0.0,2.1,250,985.4,53,43.4,58.4,320.0,13.2,83.0,5.2
2025-03-19 20:00:00,2025,3,19,20,Cao Bằng,Xã Tam Kim,22.606427,106.0179879,80,Moderate,1,15.1,55,0.0,0.3,225,987.5,22,44.8,58.9,318.0,15.0,73.0,5.3
2025-03-19 21:00:00,2025,3,19,21,Cao Bằng,Xã Tam Kim,22.606427,106.0179879,82,Moderate,1,14.5,55,0.0,1.9,311,988.4,13,44.8,58.4,301.0,17.5,59.0,5.3
2025-03-19 22:00:00,2025,3,19,22,Cao Bằng,Xã Tam Kim,22.606427,106.0179879,84,Moderate,1,13.1,60,0.0,4.1,315,988.6,2,44.5,57.5,283.0,18.7,49.0,5.2
2025-03-19 23:00:00,2025,3,19,23,Cao Bằng,Xã Tam Kim,22.606427,106.0179879,86,Moderate,1,12.0,64,0.0,5.2,304,988.4,9,43.3,56.0,269.0,17.6,46.0,4.7
2025-03-20 00:00:00,2025,3,20,0,Cao Bằng,Xã Tam Kim,22.606427,106.0179879,88,Moderate,1,11.4,67,0.0,5.7,298,988.5,14,42.0,54.6,254.0,15.3,48.0,4.1
2025-03-20 01:00:00,2025,3,20,1,Cao Bằng,Xã Tam Kim,22.606427,106.0179879,89,Moderate,1,11.1,67,0.0,4.3,292,988.4,2,40.3,52.7,240.0,13.1,49.0,3.5
2025-03-20 02:00:00,2025,3,20,2,Cao Bằng,Xã Tam Kim,22.606427,106.0179879,90,Moderate,1,10.9,66,0.0,3.8,295,988.3,6,38.6,51.0,223.0,11.4,49.0,3.1
2025-03-20 03:00:00,2025,3,20,3,Cao Bằng,Xã Tam Kim,22.606427,106.0179879,91,Moderate,1,10.6,66,0.0,3.6,311,987.8,6,37.1,49.2,208.0,9.9,49.0,2.8
2025-03-20 04:00:00,2025,3,20,4,Cao Bằng,Xã Tam Kim,22.606427,106.0179879,91,Moderate,1,10.7,65,0.0,4.0,300,987.9,42,35.2,46.6,207.0,8.8,50.0,2.7
2025-03-20 05:00:00,2025,3,20,5,Cao Bằng,Xã Tam Kim,22.606427,106.0179879,90,Moderate,1,11.0,61,0.0,4.1,293,988.0,15,33.5,44.6,237.0,8.6,48.0,2.8
2025-03-20 06:00:00,2025,3,20,6,Cao Bằng,Xã Tam Kim,22.606427,106.0179879,90,Moderate,1,11.6,58,0.0,4.2,301,988.4,17,32.4,43.4,282.0,8.9,47.0,3.0
2025-03-20 07:00:00,2025,3,20,7,Cao Bằng,Xã Tam Kim,22.606427,106.0179879,90,Moderate,1,12.7,57,0.0,3.8,289,989.1,25,28.3,38.0,305.0,9.5,46.0,3.3
2025-03-20 08:00:00,2025,3,20,8,Cao Bằng,Xã Tam Kim,22.606427,106.0179879,90,Moderate,1,16.0,49,0.0,3.6,319,990.7,23,27.8,38.3,281.0,7.0,69.0,3.7
2025-03-20 09:00:00,2025,3,20,9,Cao Bằng,Xã Tam Kim,22.606427,106.0179879,91,Moderate,1,18.8,39,0.0,5.2,314,991.0,16,22.9,40.6,234.0,3.6,101.0,4.3
2025-03-20 10:00:00,2025,3,20,10,Cao Bằng,Xã Tam Kim,22.606427,106.0179879,91,Moderate,1,20.9,32,0.0,2.8,333,990.3,1,19.9,36.7,202.0,1.1,125.0,4.6
2025-03-20 11:00:00,2025,3,20,11,Cao Bằng,Xã Tam Kim,22.606427,106.0179879,91,Moderate,1,22.3,30,0.0,0.2,180,989.2,0,19.4,34.3,202.0,0.4,133.0,4.5
2025-03-20 12:00:00,2025,3,20,12,Cao Bằng,Xã Tam Kim,22.606427,106.0179879,91,Moderate,1,23.4,28,0.0,1.1,171,988.2,0,19.7,33.5,217.0,0.5,133.0,4.3
2025-03-20 13:00:00,2025,3,20,13,Cao Bằng,Xã Tam Kim,22.606427,106.0179879,91,Moderate,1,24.1,27,0.0,2.9,176,986.4,0,20.1,32.8,230.0,0.8,133.0,4.1
2025-03-20 14:00:00,2025,3,20,14,Cao Bằng,Xã Tam Kim,22.606427,106.0179879,91,Moderate,1,24.5,27,0.0,3.3,189,984.9,0,20.3,32.1,231.0,0.5,137.0,4.0
2025-03-20 15:00:00,2025,3,20,15,Cao Bằng,Xã Tam Kim,22.606427,106.0179879,91,Moderate,1,24.4,28,0.0,4.9,190,983.5,3,20.4,31.3,230.0,0.3,140.0,4.0
2025-03-20 16:00:00,2025,3,20,16,Cao Bằng,Xã Tam Kim,22.606427,106.0179879,90,Moderate,1,23.9,29,0.0,5.9,182,983.1,6,20.4,30.5,240.0,1.2,139.0,4.2
2025-03-20 17:00:00,2025,3,20,17,Cao Bằng,Xã Tam Kim,22.606427,106.0179879,90,Moderate,1,22.2,37,0.0,5.3,170,982.6,3,20.5,29.6,274.0,4.0,128.0,4.6
2025-03-20 18:00:00,2025,3,20,18,Cao Bằng,Xã Tam Kim,22.606427,106.0179879,94,Moderate,1,18.6,46,0.0,8.5,184,982.9,1,21.7,29.3,318.0,7.9,113.0,5.1
2025-03-20 19:00:00,2025,3,20,19,Cao Bằng,Xã Tam Kim,22.606427,106.0179879,91,Moderate,1,16.9,53,0.0,7.7,198,983.4,0,33.8,46.7,346.0,12.8,98.0,5.7
2025-03-20 20:00:00,2025,3,20,20,Cao Bằng,Xã Tam Kim,22.606427,106.0179879,89,Moderate,1,16.5,55,0.0,3.1,239,984.9,49,34.3,46.1,342.0,12.4,96.0,5.9
2025-03-20 21:00:00,2025,3,20,21,Cao Bằng,Xã Tam Kim,22.606427,106.0179879,88,Moderate,1,17.1,55,0.0,1.1,261,986.2,85,34.5,44.5,321.0,11.9,94.0,6.1
2025-03-20 22:00:00,2025,3,20,22,Cao Bằng,Xã Tam Kim,22.606427,106.0179879,87,Moderate,1,16.8,56,0.0,2.4,261,986.7,79,34.6,43.9,301.0,11.6,92.0,6.3
2025-03-20 23:00:00,2025,3,20,23,Cao Bằng,Xã Tam Kim,22.606427,106.0179879,87,Moderate,1,16.5,55,0.0,1.5,263,986.9,40,35.0,44.0,287.0,11.7,90.0,6.4
2025-03-21 00:00:00,2025,3,21,0,Cao Bằng,Xã Tam Kim,22.606427,106.0179879,86,Moderate,1,15.9,60,0.0,0.6,326,986.8,61,36.7,45.6,274.0,12.0,89.0,6.5
2025-03-21 01:00:00,2025,3,21,1,Cao Bằng,Xã Tam Kim,22.606427,106.0179879,85,Moderate,1,15.3,59,0.0,0.9,307,986.6,73,38.6,47.7,267.0,12.2,88.0,6.8
2025-03-21 02:00:00,2025,3,21,2,Cao Bằng,Xã Tam Kim,22.606427,106.0179879,85,Moderate,1,15.3,59,0.0,1.1,279,986.2,58,41.6,50.9,263.0,12.0,90.0,7.4
2025-03-21 03:00:00,2025,3,21,3,Cao Bằng,Xã Tam Kim,22.606427,106.0179879,86,Moderate,1,15.4,60,0.0,0.9,307,986.1,87,44.9,54.6,264.0,11.8,93.0,8.2
2025-03-21 04:00:00,2025,3,21,4,Cao Bằng,Xã Tam Kim,22.606427,106.0179879,86,Moderate,1,15.5,62,0.0,0.5,315,985.9,99,47.6,57.6,280.0,12.3,93.0,8.8
2025-03-21 05:00:00,2025,3,21,5,Cao Bằng,Xã Tam Kim,22.606427,106.0179879,87,Moderate,1,15.5,61,0.0,0.3,315,986.2,100,49.5,59.6,328.0,14.9,85.0,8.9
2025-03-21 06:00:00,2025,3,21,6,Cao Bằng,Xã Tam Kim,22.606427,106.0179879,89,Moderate,1,15.3,62,0.0,0.5,270,986.3,95,51.1,61.5,391.0,18.3,74.0,8.9
2025-03-21 07:00:00,2025,3,21,7,Cao Bằng,Xã Tam Kim,22.606427,106.0179879,90,Moderate,1,15.7,62,0.0,0.8,243,986.8,30,52.3,61.7,425.0,17.1,68.0,9.6
2025-03-21 08:00:00,2025,3,21,8,Cao Bằng,Xã Tam Kim,22.606427,106.0179879,93,Moderate,1,17.9,53,0.0,1.2,63,988.5,5,56.5,67.5,400.0,12.5,96.0,12.9
2025-03-21 09:00:00,2025,3,21,9,Cao Bằng,Xã Tam Kim,22.606427,106.0179879,95,Moderate,1,20.3,45,0.0,1.7,58,988.7,2,53.1,68.0,347.0,6.2,135.0,17.5
2025-03-21 10:00:00,2025,3,21,10,Cao Bằng,Xã Tam Kim,22.606427,106.0179879,98,Moderate,1,22.7,37,0.0,2.0,80,988.2,0,43.2,56.8,307.0,1.6,164.0,20.2
2025-03-21 11:00:00,2025,3,21,11,Cao Bằng,Xã Tam Kim,22.606427,106.0179879,100,Moderate,1,24.2,33,0.0,4.7,118,987.1,0,39.8,52.5,300.0,0.3,173.0,19.4
2025-03-21 12:00:00,2025,3,21,12,Cao Bằng,Xã Tam Kim,22.606427,106.0179879,102,Unhealthy for Sensitive Groups,2,25.5,32,0.0,6.4,119,985.5,0,39.1,51.1,307.0,0.6,171.0,16.7
2025-03-21 13:00:00,2025,3,21,13,Cao Bằng,Xã Tam Kim,22.606427,106.0179879,104,Unhealthy for Sensitive Groups,2,26.3,31,0.0,8.1,127,983.6,0,39.8,51.0,315.0,1.1,170.0,14.6
2025-03-21 14:00:00,2025,3,21,14,Cao Bằng,Xã Tam Kim,22.606427,106.0179879,106,Unhealthy for Sensitive Groups,2,26.7,31,0.0,9.3,134,982.3,40,41.2,51.7,312.0,0.9,173.0,13.9
2025-03-21 15:00:00,2025,3,21,15,Cao Bằng,Xã Tam Kim,22.606427,106.0179879,111,Unhealthy for Sensitive Groups,2,26.8,33,0.0,8.4,152,981.2,17,42.6,52.4,311.0,0.8,176.0,13.8
2025-03-21 16:00:00,2025,3,21,16,Cao Bằng,Xã Tam Kim,22.606427,106.0179879,134,Unhealthy for Sensitive Groups,2,26.4,34,0.0,9.4,172,980.4,8,43.0,51.8,330.0,1.6,174.0,13.7
2025-03-21 17:00:00,2025,3,21,17,Cao Bằng,Xã Tam Kim,22.606427,106.0179879,151,Unhealthy,3,24.4,40,0.0,11.1,153,980.1,5,45.6,53.7,389.0,4.0,163.0,13.4
2025-03-21 18:00:00,2025,3,21,18,Cao Bằng,Xã Tam Kim,22.606427,106.0179879,155,Unhealthy,3,20.9,51,0.0,7.8,193,980.8,1,48.8,55.4,468.0,7.3,147.0,13.1
2025-03-21 19:00:00,2025,3,21,19,Cao Bằng,Xã Tam Kim,22.606427,106.0179879,152,Unhealthy,3,17.8,63,0.0,7.6,211,981.1,2,53.9,60.8,534.0,9.4,133.0,14.5
2025-03-21 20:00:00,2025,3,21,20,Cao Bằng,Xã Tam Kim,22.606427,106.0179879,145,Unhealthy for Sensitive Groups,2,17.5,64,0.0,6.1,203,981.8,0,56.9,64.3,575.0,10.5,126.0,14.0
2025-03-21 21:00:00,2025,3,21,21,Cao Bằng,Xã Tam Kim,22.606427,106.0179879,135,Unhealthy for Sensitive Groups,2,16.7,66,0.0,3.4,180,983.0,0,59.3,66.4,602.0,12.0,115.0,13.2
2025-03-21 22:00:00,2025,3,21,22,Cao Bằng,Xã Tam Kim,22.606427,106.0179879,125,Unhealthy for Sensitive Groups,2,15.7,69,0.0,3.0,213,983.2,0,62.9,69.8,610.0,13.3,106.0,12.5
2025-03-21 23:00:00,2025,3,21,23,Cao Bằng,Xã Tam Kim,22.606427,106.0179879,128,Unhealthy for Sensitive Groups,2,15.0,73,0.0,2.5,225,983.1,0,66.1,73.1,590.0,14.1,98.0,11.8
2025-03-22 00:00:00,2025,3,22,0,Cao Bằng,Xã Tam Kim,22.606427,106.0179879,131,Unhealthy for Sensitive Groups,2,14.4,75,0.0,0.6,236,983.0,0,68.9,76.1,551.0,14.7,91.0,11.2
2025-03-22 01:00:00,2025,3,22,1,Cao Bằng,Xã Tam Kim,22.606427,106.0179879,135,Unhealthy for Sensitive Groups,2,13.6,79,0.0,0.4,243,982.5,8,71.9,78.9,517.0,14.7,86.0,10.9
2025-03-22 02:00:00,2025,3,22,2,Cao Bằng,Xã Tam Kim,22.606427,106.0179879,138,Unhealthy for Sensitive Groups,2,13.0,81,0.0,0.5,270,982.3,41,74.5,81.5,495.0,13.7,84.0,10.9
2025-03-22 03:00:00,2025,3,22,3,Cao Bằng,Xã Tam Kim,22.606427,106.0179879,142,Unhealthy for Sensitive Groups,2,12.4,83,0.0,0.9,281,982.1,49,77.3,84.3,477.0,12.1,85.0,11.3
2025-03-22 04:00:00,2025,3,22,4,Cao Bằng,Xã Tam Kim,22.606427,106.0179879,145,Unhealthy for Sensitive Groups,2,12.0,84,0.0,2.2,294,982.1,70,80.6,87.3,465.0,11.1,87.0,11.9
2025-03-22 05:00:00,2025,3,22,5,Cao Bằng,Xã Tam Kim,22.606427,106.0179879,149,Unhealthy for Sensitive Groups,2,11.8,84,0.0,2.1,285,982.5,74,83.8,90.6,466.0,11.6,87.0,13.2
2025-03-22 06:00:00,2025,3,22,6,Cao Bằng,Xã Tam Kim,22.606427,106.0179879,150,Unhealthy for Sensitive Groups,2,12.0,82,0.0,0.7,256,983.2,83,86.8,93.8,472.0,12.7,89.0,14.8
2025-03-22 07:00:00,2025,3,22,7,Cao Bằng,Xã Tam Kim,22.606427,106.0179879,151,Unhealthy,3,14.1,72,0.0,1.0,292,984.1,31,89.9,97.3,466.0,13.1,100.0,16.9
2025-03-22 08:00:00,2025,3,22,8,Cao Bằng,Xã Tam Kim,22.606427,106.0179879,152,Unhealthy,3,16.9,63,0.0,2.1,59,986.1,14,82.4,88.9,432.0,9.9,119.0,16.4
2025-03-22 09:00:00,2025,3,22,9,Cao Bằng,Xã Tam Kim,22.606427,106.0179879,153,Unhealthy,3,19.9,53,0.0,3.4,58,986.3,0,53.3,60.8,384.0,5.5,146.0,15.7
2025-03-22 10:00:00,2025,3,22,10,Cao Bằng,Xã Tam Kim,22.606427,106.0179879,153,Unhealthy,3,22.4,41,0.0,3.5,111,985.9,0,48.5,55.5,351.0,2.2,166.0,14.8
2025-03-22 11:00:00,2025,3,22,11,Cao Bằng,Xã Tam Kim,22.606427,106.0179879,153,Unhealthy,3,24.5,33,0.0,5.3,135,985.0,0,46.4,53.2,344.0,1.1,174.0,13.6
2025-03-22 12:00:00,2025,3,22,12,Cao Bằng,Xã Tam Kim,22.606427,106.0179879,153,Unhealthy,3,26.1,29,0.0,7.1,159,983.6,0,45.4,51.9,351.0,1.1,176.0,12.2
2025-03-22 13:00:00,2025,3,22,13,Cao Bằng,Xã Tam Kim,22.606427,106.0179879,153,Unhealthy,3,26.9,29,0.0,7.8,171,982.2,8,45.2,51.3,361.0,1.2,177.0,11.2
2025-03-22 14:00:00,2025,3,22,14,Cao Bằng,Xã Tam Kim,22.606427,106.0179879,153,Unhealthy,3,27.3,30,0.0,9.5,178,980.6,0,45.3,51.1,364.0,0.9,182.0,10.8
2025-03-22 15:00:00,2025,3,22,15,Cao Bằng,Xã Tam Kim,22.606427,106.0179879,153,Unhealthy,3,27.1,31,0.0,10.3,179,979.7,0,46.1,51.3,369.0,0.8,187.0,10.6
2025-03-22 16:00:00,2025,3,22,16,Cao Bằng,Xã Tam Kim,22.606427,106.0179879,153,Unhealthy,3,26.5,34,0.0,9.5,180,979.1,0,47.3,52.3,393.0,1.7,185.0,10.6
2025-03-22 17:00:00,2025,3,22,17,Cao Bằng,Xã Tam Kim,22.606427,106.0179879,160,Unhealthy,3,25.0,41,0.0,6.5,182,978.9,0,49.0,53.7,456.0,4.3,173.0,10.5
2025-03-22 18:00:00,2025,3,22,18,Cao Bằng,Xã Tam Kim,22.606427,106.0179879,164,Unhealthy,3,20.8,58,0.0,5.8,187,979.0,0,51.7,55.6,537.0,7.8,154.0,10.5
2025-03-22 19:00:00,2025,3,22,19,Cao Bằng,Xã Tam Kim,22.606427,106.0179879,162,Unhealthy,3,18.2,70,0.0,5.5,216,979.5,0,67.3,70.1,590.0,11.3,167.0,11.4
2025-03-22 20:00:00,2025,3,22,20,Cao Bằng,Xã Tam Kim,22.606427,106.0179879,161,Unhealthy,3,17.9,70,0.0,5.3,208,980.1,0,74.7,78.0,587.0,12.7,155.0,11.4
2025-03-22 21:00:00,2025,3,22,21,Cao Bằng,Xã Tam Kim,22.606427,106.0179879,158,Unhealthy,3,17.2,73,0.0,3.9,204,980.6,1,79.9,83.1,554.0,14.5,139.0,11.4
2025-03-22 22:00:00,2025,3,22,22,Cao Bằng,Xã Tam Kim,22.606427,106.0179879,155,Unhealthy,3,16.4,76,0.0,2.9,202,981.1,0,84.1,87.5,527.0,15.8,124.0,11.2
2025-03-22 23:00:00,2025,3,22,23,Cao Bằng,Xã Tam Kim,22.606427,106.0179879,155,Unhealthy,3,15.6,80,0.0,1.8,217,981.3,1,88.0,91.3,517.0,16.1,112.0,10.7
2025-03-23 00:00:00,2025,3,23,0,Cao Bằng,Xã Tam Kim,22.606427,106.0179879,156,Unhealthy,3,14.9,83,0.0,1.3,236,980.9,1,91.0,94.5,512.0,15.8,102.0,10.0
2025-03-23 01:00:00,2025,3,23,1,Cao Bằng,Xã Tam Kim,22.606427,106.0179879,156,Unhealthy,3,14.4,84,0.0,0.7,270,980.5,0,93.8,97.3,508.0,15.3,94.0,9.5
2025-03-23 02:00:00,2025,3,23,2,Cao Bằng,Xã Tam Kim,22.606427,106.0179879,157,Unhealthy,3,13.8,85,0.0,0.4,270,980.3,0,96.6,100.1,498.0,14.4,88.0,9.3
2025-03-23 03:00:00,2025,3,23,3,Cao Bằng,Xã Tam Kim,22.606427,106.0179879,157,Unhealthy,3,13.3,87,0.0,1.3,278,979.8,0,99.4,102.7,488.0,13.2,85.0,9.3
2025-03-23 04:00:00,2025,3,23,4,Cao Bằng,Xã Tam Kim,22.606427,106.0179879,158,Unhealthy,3,13.1,87,0.0,1.5,277,979.7,0,102.0,105.2,492.0,12.6,82.0,9.5
2025-03-23 05:00:00,2025,3,23,5,Cao Bằng,Xã Tam Kim,22.606427,106.0179879,158,Unhealthy,3,13.0,86,0.0,1.3,270,979.9,0,104.5,108.0,529.0,13.4,77.0,9.5
2025-03-23 06:00:00,2025,3,23,6,Cao Bằng,Xã Tam Kim,22.606427,106.0179879,158,Unhealthy,3,12.9,86,0.0,0.6,236,980.3,0,107.3,110.8,581.0,14.8,72.0,9.8
2025-03-23 07:00:00,2025,3,23,7,Cao Bằng,Xã Tam Kim,22.606427,106.0179879,159,Unhealthy,3,14.9,78,0.0,1.8,323,981.2,0,116.6,120.1,598.0,18.3,92.0,13.5
2025-03-23 08:00:00,2025,3,23,8,Cao Bằng,Xã Tam Kim,22.606427,106.0179879,160,Unhealthy,3,17.8,71,0.0,4.0,51,982.8,0,105.5,108.7,547.0,13.6,123.0,18.4
2025-03-23 09:00:00,2025,3,23,9,Cao Bằng,Xã Tam Kim,22.606427,106.0179879,160,Unhealthy,3,20.3,62,0.0,5.0,64,983.2,0,73.1,77.1,463.0,7.2,167.0,25.1
2025-03-23 10:00:00,2025,3,23,10,Cao Bằng,Xã Tam Kim,22.606427,106.0179879,160,Unhealthy,3,22.9,55,0.0,5.7,79,982.8,0,66.4,70.3,402.0,2.5,199.0,29.7
2025-03-23 11:00:00,2025,3,23,11,Cao Bằng,Xã Tam Kim,22.606427,106.0179879,161,Unhealthy,3,25.0,49,0.0,6.4,79,982.0,0,64.7,68.9,390.0,1.1,210.0,30.2
2025-03-23 12:00:00,2025,3,23,12,Cao Bằng,Xã Tam Kim,22.606427,106.0179879,161,Unhealthy,3,26.7,45,0.0,7.2,87,980.5,0,63.8,67.8,402.0,1.3,209.0,28.5
2025-03-23 13:00:00,2025,3,23,13,Cao Bằng,Xã Tam Kim,22.606427,106.0179879,162,Unhealthy,3,27.9,41,0.0,8.0,95,979.0,0,62.9,66.8,413.0,1.7,208.0,26.5
2025-03-23 14:00:00,2025,3,23,14,Cao Bằng,Xã Tam Kim,22.606427,106.0179879,162,Unhealthy,3,28.5,38,0.0,8.4,99,977.6,0,62.2,65.9,402.0,1.5,211.0,24.6
2025-03-23 15:00:00,2025,3,23,15,Cao Bằng,Xã Tam Kim,22.606427,106.0179879,164,Unhealthy,3,28.4,39,0.0,8.7,111,976.7,0,62.2,65.4,392.0,1.5,213.0,22.4
2025-03-23 16:00:00,2025,3,23,16,Cao Bằng,Xã Tam Kim,22.606427,106.0179879,183,Unhealthy,3,27.9,42,0.0,8.9,119,976.2,0,63.8,67.1,421.0,2.5,210.0,20.4
2025-03-23 17:00:00,2025,3,23,17,Cao Bằng,Xã Tam Kim,22.606427,106.0179879,197,Unhealthy,3,26.3,49,0.0,9.0,133,976.4,0,67.8,70.5,528.0,5.4,197.0,18.6
2025-03-23 18:00:00,2025,3,23,18,Cao Bằng,Xã Tam Kim,22.606427,106.0179879,201,Very Unhealthy,4,23.1,60,0.0,9.3,170,976.8,1,71.7,73.8,675.0,9.5,180.0,16.9
2025-03-23 19:00:00,2025,3,23,19,Cao Bằng,Xã Tam Kim,22.606427,106.0179879,199,Unhealthy,3,21.2,69,0.0,7.4,206,977.7,1,62.2,64.0,791.0,12.3,155.0,16.2
2025-03-23 20:00:00,2025,3,23,20,Cao Bằng,Xã Tam Kim,22.606427,106.0179879,190,Unhealthy,3,20.8,73,0.0,2.1,200,978.7,0,67.5,69.4,844.0,14.0,149.0,16.3
2025-03-23 21:00:00,2025,3,23,21,Cao Bằng,Xã Tam Kim,22.606427,106.0179879,180,Unhealthy,3,19.9,78,0.0,0.5,315,979.9,0,74.0,75.9,864.0,16.3,140.0,16.5
2025-03-23 22:00:00,2025,3,23,22,Cao Bằng,Xã Tam Kim,22.606427,106.0179879,169,Unhealthy,3,18.8,82,0.0,1.2,243,979.9,0,80.1,82.2,875.0,18.0,130.0,16.4
2025-03-23 23:00:00,2025,3,23,23,Cao Bằng,Xã Tam Kim,22.606427,106.0179879,163,Unhealthy,3,17.9,86,0.0,0.4,243,979.6,0,84.8,86.8,877.0,18.5,120.0,15.8
2025-03-24 00:00:00,2025,3,24,0,Cao Bằng,Xã Tam Kim,22.606427,106.0179879,163,Unhealthy,3,17.3,88,0.0,0.2,270,979.5,0,87.5,89.6,869.0,18.3,109.0,14.8
2025-03-24 01:00:00,2025,3,24,1,Cao Bằng,Xã Tam Kim,22.606427,106.0179879,163,Unhealthy,3,16.7,90,0.0,0.5,270,978.9,2,89.9,92.2,867.0,17.9,100.0,14.0
2025-03-24 02:00:00,2025,3,24,2,Cao Bằng,Xã Tam Kim,22.606427,106.0179879,163,Unhealthy,3,16.2,92,0.0,0.4,207,978.6,4,92.0,94.3,871.0,17.4,92.0,13.4
2025-03-24 03:00:00,2025,3,24,3,Cao Bằng,Xã Tam Kim,22.606427,106.0179879,163,Unhealthy,3,15.7,94,0.0,0.0,270,977.9,1,93.1,95.5,880.0,16.7,86.0,12.9
2025-03-24 04:00:00,2025,3,24,4,Cao Bằng,Xã Tam Kim,22.606427,106.0179879,163,Unhealthy,3,15.2,94,0.0,0.6,252,977.7,97,94.3,96.6,912.0,16.3,80.0,12.4
2025-03-24 05:00:00,2025,3,24,5,Cao Bằng,Xã Tam Kim,22.606427,106.0179879,163,Unhealthy,3,16.0,92,0.0,1.0,239,977.9,6,95.9,98.5,1003.0,17.2,69.0,11.5
2025-03-24 06:00:00,2025,3,24,6,Cao Bằng,Xã Tam Kim,22.606427,106.0179879,163,Unhealthy,3,15.3,92,0.0,0.8,225,977.9,67,99.0,101.3,1117.0,18.4,59.0,10.7
2025-03-24 07:00:00,2025,3,24,7,Cao Bằng,Xã Tam Kim,22.606427,106.0179879,162,Unhealthy,3,17.3,86,0.0,1.5,284,978.7,23,92.7,94.5,1160.0,19.3,65.0,9.6
2025-03-24 08:00:00,2025,3,24,8,Cao Bằng,Xã Tam Kim,22.606427,106.0179879,162,Unhealthy,3,20.0,75,0.0,1.8,90,980.0,0,80.3,82.4,1068.0,14.3,108.0,12.7
2025-03-24 09:00:00,2025,3,24,9,Cao Bằng,Xã Tam Kim,22.606427,106.0179879,161,Unhealthy,3,22.6,66,0.0,2.1,70,980.0,2,66.1,68.5,904.0,7.4,167.0,16.9
2025-03-24 10:00:00,2025,3,24,10,Cao Bằng,Xã Tam Kim,22.606427,106.0179879,161,Unhealthy,3,25.0,56,0.0,3.5,69,979.5,0,59.4,61.7,771.0,2.3,211.0,19.6
2025-03-24 11:00:00,2025,3,24,11,Cao Bằng,Xã Tam Kim,22.606427,106.0179879,161,Unhealthy,3,27.1,50,0.0,4.9,92,978.6,46,56.3,58.6,709.0,0.9,223.0,19.2
2025-03-24 12:00:00,2025,3,24,12,Cao Bằng,Xã Tam Kim,22.606427,106.0179879,161,Unhealthy,3,29.0,45,0.0,6.8,112,977.1,12,55.2,57.3,678.0,1.3,220.0,17.1
2025-03-24 13:00:00,2025,3,24,13,Cao Bằng,Xã Tam Kim,22.606427,106.0179879,161,Unhealthy,3,30.6,42,0.0,7.8,122,975.4,1,55.3,57.3,652.0,1.8,215.0,15.4
2025-03-24 14:00:00,2025,3,24,14,Cao Bằng,Xã Tam Kim,22.606427,106.0179879,161,Unhealthy,3,31.5,40,0.0,8.0,157,973.8,1,55.4,57.3,615.0,1.6,215.0,14.6
2025-03-24 15:00:00,2025,3,24,15,Cao Bằng,Xã Tam Kim,22.606427,106.0179879,165,Unhealthy,3,31.6,40,0.0,8.7,186,972.5,0,55.5,57.4,585.0,1.5,214.0,14.1
2025-03-24 16:00:00,2025,3,24,16,Cao Bằng,Xã Tam Kim,22.606427,106.0179879,188,Unhealthy,3,30.9,43,0.0,8.0,188,972.1,0,56.3,58.1,589.0,2.4,208.0,13.7
2025-03-24 17:00:00,2025,3,24,17,Cao Bằng,Xã Tam Kim,22.606427,106.0179879,202,Very Unhealthy,4,29.4,50,0.0,6.9,163,971.9,3,59.1,60.8,655.0,5.2,193.0,13.5
2025-03-24 18:00:00,2025,3,24,18,Cao Bằng,Xã Tam Kim,22.606427,106.0179879,204,Very Unhealthy,4,26.0,60,0.0,9.7,170,972.2,4,63.1,64.5,756.0,8.9,173.0,13.4
2025-03-24 19:00:00,2025,3,24,19,Cao Bằng,Xã Tam Kim,22.606427,106.0179879,201,Very Unhealthy,4,22.9,73,0.0,7.4,177,972.8,0,52.4,53.4,841.0,12.5,146.0,12.4
2025-03-24 20:00:00,2025,3,24,20,Cao Bằng,Xã Tam Kim,22.606427,106.0179879,190,Unhealthy,3,22.3,74,0.0,6.1,177,972.9,0,55.2,56.3,891.0,13.4,134.0,12.2
2025-03-24 21:00:00,2025,3,24,21,Cao Bằng,Xã Tam Kim,22.606427,106.0179879,176,Unhealthy,3,21.1,78,0.0,3.8,177,973.9,0,57.3,58.3,924.0,14.7,118.0,11.9
2025-03-24 22:00:00,2025,3,24,22,Cao Bằng,Xã Tam Kim,22.606427,106.0179879,161,Unhealthy,3,20.0,83,0.0,1.5,194,974.4,0,60.8,61.7,944.0,15.6,103.0,11.6
2025-03-24 23:00:00,2025,3,24,23,Cao Bằng,Xã Tam Kim,22.606427,106.0179879,158,Unhealthy,3,19.0,87,0.0,0.6,288,974.3,0,63.8,65.0,951.0,15.8,91.0,11.3
2025-03-25 00:00:00,2025,3,25,0,Cao Bằng,Xã Tam Kim,22.606427,106.0179879,158,Unhealthy,3,18.2,90,0.0,0.6,252,973.8,0,65.9,67.1,945.0,15.7,81.0,11.1
2025-03-25 01:00:00,2025,3,25,1,Cao Bằng,Xã Tam Kim,22.606427,106.0179879,158,Unhealthy,3,17.6,92,0.0,0.9,259,973.2,0,67.5,68.7,922.0,15.3,73.0,10.7
2025-03-25 02:00:00,2025,3,25,2,Cao Bằng,Xã Tam Kim,22.606427,106.0179879,157,Unhealthy,3,17.0,93,0.0,0.8,243,972.6,0,68.9,70.1,871.0,14.7,66.0,9.9
2025-03-25 03:00:00,2025,3,25,3,Cao Bằng,Xã Tam Kim,22.606427,106.0179879,157,Unhealthy,3,16.6,94,0.0,0.7,256,972.1,0,71.9,73.1,804.0,13.8,60.0,9.0
2025-03-25 04:00:00,2025,3,25,4,Cao Bằng,Xã Tam Kim,22.606427,106.0179879,156,Unhealthy,3,16.4,94,0.0,0.4,243,971.9,0,77.1,78.5,752.0,12.8,59.0,8.9
2025-03-25 05:00:00,2025,3,25,5,Cao Bằng,Xã Tam Kim,22.606427,106.0179879,156,Unhealthy,3,16.2,93,0.0,0.5,270,972.4,0,82.2,83.8,739.0,11.7,62.0,10.0
2025-03-25 06:00:00,2025,3,25,6,Cao Bằng,Xã Tam Kim,22.606427,106.0179879,155,Unhealthy,3,16.1,93,0.0,1.1,279,972.4,0,86.8,88.9,743.0,10.5,68.0,11.9
2025-03-25 07:00:00,2025,3,25,7,Cao Bằng,Xã Tam Kim,22.606427,106.0179879,155,Unhealthy,3,18.1,86,0.0,1.5,300,973.0,8,78.7,80.3,725.0,8.1,94.0,15.6
2025-03-25 08:00:00,2025,3,25,8,Cao Bằng,Xã Tam Kim,22.606427,106.0179879,155,Unhealthy,3,21.3,76,0.0,3.6,57,973.8,3,71.9,74.0,658.0,6.4,120.0,17.9
2025-03-25 09:00:00,2025,3,25,9,Cao Bằng,Xã Tam Kim,22.606427,106.0179879,155,Unhealthy,3,23.8,68,0.0,3.9,74,973.9,5,64.5,66.6,569.0,4.2,155.0,20.9
2025-03-25 10:00:00,2025,3,25,10,Cao Bằng,Xã Tam Kim,22.606427,106.0179879,155,Unhealthy,3,26.4,62,0.0,4.3,90,973.6,13,61.2,63.1,508.0,2.4,181.0,22.3
2025-03-25 11:00:00,2025,3,25,11,Cao Bằng,Xã Tam Kim,22.606427,106.0179879,155,Unhealthy,3,29.4,53,0.0,3.9,118,972.9,16,59.1,60.8,504.0,1.7,189.0,20.7
2025-03-25 12:00:00,2025,3,25,12,Cao Bằng,Xã Tam Kim,22.606427,106.0179879,155,Unhealthy,3,31.3,49,0.0,5.3,172,971.3,3,57.7,59.3,527.0,1.5,187.0,17.6
2025-03-25 13:00:00,2025,3,25,13,Cao Bằng,Xã Tam Kim,22.606427,106.0179879,155,Unhealthy,3,32.8,42,0.0,8.8,195,969.9,1,58.7,60.1,540.0,1.5,185.0,14.9
2025-03-25 14:00:00,2025,3,25,14,Cao Bằng,Xã Tam Kim,22.606427,106.0179879,155,Unhealthy,3,33.1,41,0.0,10.0,200,968.4,3,59.8,61.2,514.0,1.2,187.0,13.4
2025-03-25 15:00:00,2025,3,25,15,Cao Bằng,Xã Tam Kim,22.606427,106.0179879,155,Unhealthy,3,33.2,41,0.0,8.9,204,967.3,4,61.2,62.6,477.0,1.2,189.0,12.4
2025-03-25 16:00:00,2025,3,25,16,Cao Bằng,Xã Tam Kim,22.606427,106.0179879,160,Unhealthy,3,32.7,42,0.0,8.5,197,967.1,6,62.4,63.8,478.0,2.3,184.0,11.6
2025-03-25 17:00:00,2025,3,25,17,Cao Bằng,Xã Tam Kim,22.606427,106.0179879,170,Unhealthy,3,31.0,49,0.0,7.8,175,967.1,4,65.2,66.6,555.0,5.7,168.0,11.0
2025-03-25 18:00:00,2025,3,25,18,Cao Bằng,Xã Tam Kim,22.606427,106.0179879,172,Unhealthy,3,27.5,61,0.0,10.6,165,967.6,6,69.6,70.5,669.0,10.2,145.0,10.7
2025-03-25 19:00:00,2025,3,25,19,Cao Bằng,Xã Tam Kim,22.606427,106.0179879,166,Unhealthy,3,24.5,73,0.0,7.3,191,968.3,7,72.6,73.8,759.0,12.8,130.0,10.4
2025-03-25 20:00:00,2025,3,25,20,Cao Bằng,Xã Tam Kim,22.606427,106.0179879,157,Unhealthy,3,23.0,80,0.0,5.7,191,968.8,1,75.2,76.4,798.0,13.3,121.0,10.2
2025-03-25 21:00:00,2025,3,25,21,Cao Bằng,Xã Tam Kim,22.606427,106.0179879,156,Unhealthy,3,21.9,85,0.0,4.1,180,969.8,1,77.3,78.2,813.0,14.1,108.0,9.8
2025-03-25 22:00:00,2025,3,25,22,Cao Bằng,Xã Tam Kim,22.606427,106.0179879,157,Unhealthy,3,21.2,87,0.0,3.6,183,970.4,0,80.3,81.3,814.0,14.4,97.0,9.5
2025-03-25 23:00:00,2025,3,25,23,Cao Bằng,Xã Tam Kim,22.606427,106.0179879,157,Unhealthy,3,20.6,89,0.0,2.9,184,970.4,0,82.4,83.4,805.0,14.1,89.0,9.2
2025-03-26 00:00:00,2025,3,26,0,Cao Bằng,Xã Tam Kim,22.606427,106.0179879,158,Unhealthy,3,20.1,92,0.0,2.7,180,970.2,5,83.1,84.1,784.0,13.4,83.0,9.0
2025-03-26 01:00:00,2025,3,26,1,Cao Bằng,Xã Tam Kim,22.606427,106.0179879,158,Unhealthy,3,19.5,93,0.0,1.1,171,969.9,6,84.3,85.2,751.0,12.5,78.0,8.7
2025-03-26 02:00:00,2025,3,26,2,Cao Bằng,Xã Tam Kim,22.606427,106.0179879,158,Unhealthy,3,19.1,95,0.0,0.0,270,969.2,0,85.0,86.1,700.0,11.3,74.0,8.3
2025-03-26 03:00:00,2025,3,26,3,Cao Bằng,Xã Tam Kim,22.606427,106.0179879,159,Unhealthy,3,18.5,98,0.0,0.2,270,968.7,4,85.0,86.1,638.0,10.0,72.0,7.9
2025-03-26 04:00:00,2025,3,26,4,Cao Bằng,Xã Tam Kim,22.606427,106.0179879,159,Unhealthy,3,18.0,99,0.0,0.4,207,968.8,1,84.5,85.9,588.0,9.0,70.0,7.8
2025-03-26 05:00:00,2025,3,26,5,Cao Bằng,Xã Tam Kim,22.606427,106.0179879,159,Unhealthy,3,17.7,100,0.0,0.4,207,969.0,1,82.9,84.3,562.0,9.1,65.0,8.2
2025-03-26 06:00:00,2025,3,26,6,Cao Bằng,Xã Tam Kim,22.606427,106.0179879,159,Unhealthy,3,17.1,100,0.0,0.2,180,969.1,99,80.8,82.4,547.0,9.5,60.0,8.9
2025-03-26 07:00:00,2025,3,26,7,Cao Bằng,Xã Tam Kim,22.606427,106.0179879,159,Unhealthy,3,18.8,96,0.0,0.7,104,969.8,79,71.7,73.3,535.0,6.9,88.0,12.5
2025-03-26 08:00:00,2025,3,26,8,Cao Bằng,Xã Tam Kim,22.606427,106.0179879,159,Unhealthy,3,22.0,79,0.0,3.3,68,971.1,2,58.8,60.8,521.0,5.6,111.0,11.9
2025-03-26 09:00:00,2025,3,26,9,Cao Bằng,Xã Tam Kim,22.606427,106.0179879,159,Unhealthy,3,24.8,67,0.0,3.8,85,971.0,1,59.4,61.2,509.0,3.7,142.0,11.2
2025-03-26 10:00:00,2025,3,26,10,Cao Bằng,Xã Tam Kim,22.606427,106.0179879,158,Unhealthy,3,27.8,60,0.0,5.0,128,970.7,2,64.5,66.4,497.0,2.3,167.0,10.6
2025-03-26 11:00:00,2025,3,26,11,Cao Bằng,Xã Tam Kim,22.606427,106.0179879,159,Unhealthy,3,30.5,50,0.0,6.7,174,969.5,9,67.5,69.4,483.0,1.8,178.0,10.4
2025-03-26 12:00:00,2025,3,26,12,Cao Bằng,Xã Tam Kim,22.606427,106.0179879,159,Unhealthy,3,32.2,44,0.0,10.7,200,968.2,4,68.0,69.6,470.0,1.7,182.0,10.3
2025-03-26 13:00:00,2025,3,26,13,Cao Bằng,Xã Tam Kim,22.606427,106.0179879,159,Unhealthy,3,32.9,42,0.0,12.5,201,966.8,7,67.3,68.9,465.0,1.8,186.0,10.3
2025-03-26 14:00:00,2025,3,26,14,Cao Bằng,Xã Tam Kim,22.606427,106.0179879,159,Unhealthy,3,33.1,41,0.0,14.3,203,965.5,3,66.4,68.0,471.0,1.7,193.0,10.1
2025-03-26 15:00:00,2025,3,26,15,Cao Bằng,Xã Tam Kim,22.606427,106.0179879,159,Unhealthy,3,32.5,43,0.0,14.9,195,964.8,13,65.0,66.8,487.0,1.8,200.0,10.0
2025-03-26 16:00:00,2025,3,26,16,Cao Bằng,Xã Tam Kim,22.606427,106.0179879,159,Unhealthy,3,31.3,46,0.0,15.7,191,964.6,7,65.2,67.1,513.0,2.6,202.0,10.0
2025-03-26 17:00:00,2025,3,26,17,Cao Bằng,Xã Tam Kim,22.606427,106.0179879,169,Unhealthy,3,29.6,53,0.0,12.8,191,964.7,9,67.1,68.5,562.0,4.8,196.0,10.5
2025-03-26 18:00:00,2025,3,26,18,Cao Bằng,Xã Tam Kim,22.606427,106.0179879,177,Unhealthy,3,27.0,63,0.0,8.8,185,965.1,6,68.2,69.6,622.0,7.7,184.0,11.2
2025-03-26 19:00:00,2025,3,26,19,Cao Bằng,Xã Tam Kim,22.606427,106.0179879,180,Unhealthy,3,24.5,74,0.0,7.4,186,965.7,2,73.6,75.4,660.0,8.9,165.0,9.9
2025-03-26 20:00:00,2025,3,26,20,Cao Bằng,Xã Tam Kim,22.606427,106.0179879,178,Unhealthy,3,24.1,76,0.0,9.5,189,966.1,3,73.3,74.7,661.0,9.3,157.0,10.2
2025-03-26 21:00:00,2025,3,26,21,Cao Bằng,Xã Tam Kim,22.606427,106.0179879,174,Unhealthy,3,23.3,80,0.0,9.0,186,966.8,1,74.0,75.2,640.0,9.8,144.0,10.5
2025-03-26 22:00:00,2025,3,26,22,Cao Bằng,Xã Tam Kim,22.606427,106.0179879,167,Unhealthy,3,22.1,87,0.0,7.0,180,967.1,1,74.7,75.7,611.0,10.2,131.0,10.5
2025-03-26 23:00:00,2025,3,26,23,Cao Bằng,Xã Tam Kim,22.606427,106.0179879,159,Unhealthy,3,21.3,89,0.0,3.1,156,967.2,1,74.3,75.2,573.0,10.5,115.0,9.8
2025-03-27 00:00:00,2025,3,27,0,Cao Bằng,Xã Tam Kim,22.606427,106.0179879,159,Unhealthy,3,20.5,93,0.0,1.9,131,967.1,9,72.9,73.8,526.0,10.7,99.0,8.8
2025-03-27 01:00:00,2025,3,27,1,Cao Bằng,Xã Tam Kim,22.606427,106.0179879,159,Unhealthy,3,20.1,94,0.0,1.4,113,966.8,2,75.0,75.9,485.0,10.3,87.0,7.9
2025-03-27 02:00:00,2025,3,27,2,Cao Bằng,Xã Tam Kim,22.606427,106.0179879,159,Unhealthy,3,19.6,96,0.0,1.3,98,966.3,6,75.4,76.4,453.0,9.0,83.0,7.4
2025-03-27 03:00:00,2025,3,27,3,Cao Bằng,Xã Tam Kim,22.606427,106.0179879,158,Unhealthy,3,19.7,97,0.0,1.5,60,966.3,17,73.8,75.0,428.0,7.2,85.0,7.1
2025-03-27 04:00:00,2025,3,27,4,Cao Bằng,Xã Tam Kim,22.606427,106.0179879,158,Unhealthy,3,19.5,97,0.0,1.8,101,966.1,89,67.8,69.4,416.0,5.8,86.0,6.8
2025-03-27 05:00:00,2025,3,27,5,Cao Bằng,Xã Tam Kim,22.606427,106.0179879,158,Unhealthy,3,19.8,97,0.0,2.7,110,966.5,100,63.8,65.2,430.0,5.3,84.0,6.5
2025-03-27 06:00:00,2025,3,27,6,Cao Bằng,Xã Tam Kim,22.606427,106.0179879,157,Unhealthy,3,19.6,97,0.0,3.3,112,967.0,100,60.5,61.9,457.0,5.1,82.0,6.1
2025-03-27 07:00:00,2025,3,27,7,Cao Bằng,Xã Tam Kim,22.606427,106.0179879,157,Unhealthy,3,21.1,89,0.0,3.7,137,967.7,43,54.6,56.0,473.0,4.0,95.0,4.7
2025-03-27 08:00:00,2025,3,27,8,Cao Bằng,Xã Tam Kim,22.606427,106.0179879,157,Unhealthy,3,23.7,78,0.0,6.3,177,968.4,34,59.3,61.0,463.0,3.6,105.0,3.8
2025-03-27 09:00:00,2025,3,27,9,Cao Bằng,Xã Tam Kim,22.606427,106.0179879,157,Unhealthy,3,26.2,63,0.0,5.6,176,968.5,9,61.9,63.8,441.0,3.2,120.0,2.6
2025-03-27 10:00:00,2025,3,27,10,Cao Bằng,Xã Tam Kim,22.606427,106.0179879,157,Unhealthy,3,28.2,57,0.0,6.9,174,968.5,16,63.1,65.0,424.0,2.7,136.0,1.9
2025-03-27 11:00:00,2025,3,27,11,Cao Bằng,Xã Tam Kim,22.606427,106.0179879,157,Unhealthy,3,30.3,50,0.0,10.3,186,967.8,6,62.9,65.0,416.0,2.3,155.0,2.1
2025-03-27 12:00:00,2025,3,27,12,Cao Bằng,Xã Tam Kim,22.606427,106.0179879,156,Unhealthy,3,31.6,47,0.0,13.2,185,966.8,5,61.5,64.0,413.0,2.0,176.0,2.7
2025-03-27 13:00:00,2025,3,27,13,Cao Bằng,Xã Tam Kim,22.606427,106.0179879,156,Unhealthy,3,32.6,43,0.0,14.1,187,965.2,4,57.9,60.5,416.0,1.8,192.0,3.2
2025-03-27 14:00:00,2025,3,27,14,Cao Bằng,Xã Tam Kim,22.606427,106.0179879,156,Unhealthy,3,33.0,42,0.0,13.6,187,964.0,1,52.3,55.1,422.0,1.4,201.0,3.3
2025-03-27 15:00:00,2025,3,27,15,Cao Bằng,Xã Tam Kim,22.606427,106.0179879,156,Unhealthy,3,33.3,38,0.0,13.3,193,963.3,1,47.8,50.8,434.0,1.2,206.0,3.4
2025-03-27 16:00:00,2025,3,27,16,Cao Bằng,Xã Tam Kim,22.606427,106.0179879,155,Unhealthy,3,32.8,40,0.0,12.9,199,963.4,0,46.8,49.6,460.0,2.0,204.0,3.6
2025-03-27 17:00:00,2025,3,27,17,Cao Bằng,Xã Tam Kim,22.606427,106.0179879,159,Unhealthy,3,31.6,45,0.0,8.8,199,963.5,0,49.1,51.5,514.0,4.8,193.0,4.3
2025-03-27 18:00:00,2025,3,27,18,Cao Bằng,Xã Tam Kim,22.606427,106.0179879,171,Unhealthy,3,27.8,58,0.0,5.4,186,963.8,0,53.3,55.4,582.0,8.6,175.0,5.1
2025-03-27 19:00:00,2025,3,27,19,Cao Bằng,Xã Tam Kim,22.606427,106.0179879,177,Unhealthy,3,25.1,70,0.0,6.0,187,964.8,0,48.4,50.3,633.0,11.5,167.0,4.4
2025-03-27 20:00:00,2025,3,27,20,Cao Bằng,Xã Tam Kim,22.606427,106.0179879,179,Unhealthy,3,23.4,78,0.0,6.0,175,965.4,0,51.9,53.9,655.0,13.2,154.0,4.9
2025-03-27 21:00:00,2025,3,27,21,Cao Bằng,Xã Tam Kim,22.606427,106.0179879,175,Unhealthy,3,22.3,84,0.0,3.4,174,966.6,0,55.8,57.6,661.0,15.6,137.0,5.6
2025-03-27 22:00:00,2025,3,27,22,Cao Bằng,Xã Tam Kim,22.606427,106.0179879,167,Unhealthy,3,21.3,89,0.0,2.4,189,967.1,0,61.0,63.1,658.0,17.2,124.0,6.1
2025-03-27 23:00:00,2025,3,27,23,Cao Bằng,Xã Tam Kim,22.606427,106.0179879,154,Unhealthy,3,20.8,91,0.0,0.5,225,967.4,0,65.7,67.5,648.0,17.6,119.0,6.5
2025-03-28 00:00:00,2025,3,28,0,Cao Bằng,Xã Tam Kim,22.606427,106.0179879,152,Unhealthy,3,20.0,93,0.0,0.4,270,967.7,0,69.4,71.2,629.0,17.3,119.0,6.8
2025-03-28 01:00:00,2025,3,28,1,Cao Bằng,Xã Tam Kim,22.606427,106.0179879,152,Unhealthy,3,19.6,93,0.0,0.9,270,967.8,0,73.6,75.4,607.0,16.4,121.0,6.6
2025-03-28 02:00:00,2025,3,28,2,Cao Bằng,Xã Tam Kim,22.606427,106.0179879,152,Unhealthy,3,19.3,93,0.0,1.1,279,967.8,1,79.6,81.5,577.0,14.5,126.0,5.5
2025-03-28 03:00:00,2025,3,28,3,Cao Bằng,Xã Tam Kim,22.606427,106.0179879,152,Unhealthy,3,19.2,93,0.0,1.8,294,968.0,31,85.4,86.8,545.0,11.9,132.0,3.9
2025-03-28 04:00:00,2025,3,28,4,Cao Bằng,Xã Tam Kim,22.606427,106.0179879,153,Unhealthy,3,19.2,93,0.0,1.8,294,968.9,65,94.5,96.2,530.0,10.1,133.0,2.6
2025-03-28 05:00:00,2025,3,28,5,Cao Bằng,Xã Tam Kim,22.606427,106.0179879,153,Unhealthy,3,19.3,95,0.0,2.3,293,969.9,100,100.6,102.0,550.0,9.9,123.0,1.8
2025-03-28 06:00:00,2025,3,28,6,Cao Bằng,Xã Tam Kim,22.606427,106.0179879,154,Unhealthy,3,20.0,95,0.0,3.1,277,970.8,100,103.4,104.8,588.0,10.4,108.0,1.2
2025-03-28 07:00:00,2025,3,28,7,Cao Bằng,Xã Tam Kim,22.606427,106.0179879,155,Unhealthy,3,20.9,94,0.0,2.5,270,972.0,100,109.9,111.3,611.0,11.8,102.0,0.6
2025-03-28 08:00:00,2025,3,28,8,Cao Bằng,Xã Tam Kim,22.606427,106.0179879,156,Unhealthy,3,22.9,92,0.0,2.8,108,973.0,100,85.4,87.3,601.0,9.1,125.0,0.7
2025-03-28 09:00:00,2025,3,28,9,Cao Bằng,Xã Tam Kim,22.606427,106.0179879,157,Unhealthy,3,24.2,86,0.2,3.2,137,973.6,100,78.9,80.8,576.0,5.4,156.0,0.9
2025-03-28 10:00:00,2025,3,28,10,Cao Bằng,Xã Tam Kim,22.606427,106.0179879,157,Unhealthy,3,26.3,75,0.2,2.2,114,974.0,100,75.4,77.5,560.0,2.6,179.0,1.2
2025-03-28 11:00:00,2025,3,28,11,Cao Bằng,Xã Tam Kim,22.606427,106.0179879,157,Unhealthy,3,27.3,70,0.2,4.3,24,974.0,100,75.2,77.3,570.0,1.7,187.0,1.6
2025-03-28 12:00:00,2025,3,28,12,Cao Bằng,Xã Tam Kim,22.606427,106.0179879,158,Unhealthy,3,28.3,65,0.0,4.8,13,973.0,91,69.8,72.2,590.0,1.7,187.0,2.0
2025-03-28 13:00:00,2025,3,28,13,Cao Bằng,Xã Tam Kim,22.606427,106.0179879,158,Unhealthy,3,29.6,58,0.0,4.1,15,972.0,88,62.9,65.0,595.0,1.8,181.0,2.7
2025-03-28 14:00:00,2025,3,28,14,Cao Bằng,Xã Tam Kim,22.606427,106.0179879,158,Unhealthy,3,31.4,51,0.0,0.6,214,970.5,77,53.1,54.8,574.0,1.7,167.0,3.8
2025-03-28 15:00:00,2025,3,28,15,Cao Bằng,Xã Tam Kim,22.606427,106.0179879,158,Unhealthy,3,32.5,47,0.0,5.3,114,969.8,99,44.0,45.4,540.0,1.7,147.0,5.1
2025-03-28 16:00:00,2025,3,28,16,Cao Bằng,Xã Tam Kim,22.606427,106.0179879,158,Unhealthy,3,22.8,67,0.0,17.8,56,971.1,78,34.8,36.1,502.0,2.1,130.0,6.2
2025-03-28 17:00:00,2025,3,28,17,Cao Bằng,Xã Tam Kim,22.606427,106.0179879,158,Unhealthy,3,23.4,65,0.0,1.9,112,972.4,100,33.1,34.5,463.0,3.3,119.0,6.9
2025-03-28 18:00:00,2025,3,28,18,Cao Bằng,Xã Tam Kim,22.606427,106.0179879,157,Unhealthy,3,22.7,65,0.0,5.4,140,973.3,100,35.0,36.3,421.0,4.8,110.0,7.3
2025-03-28 19:00:00,2025,3,28,19,Cao Bằng,Xã Tam Kim,22.606427,106.0179879,157,Unhealthy,3,21.9,65,0.0,7.1,106,974.7,100,49.2,50.9,383.0,5.5,114.0,7.0
2025-03-28 20:00:00,2025,3,28,20,Cao Bằng,Xã Tam Kim,22.606427,106.0179879,157,Unhealthy,3,23.4,70,0.0,5.6,163,973.8,100,53.3,55.4,352.0,5.2,110.0,7.6
2025-03-28 21:00:00,2025,3,28,21,Cao Bằng,Xã Tam Kim,22.606427,106.0179879,157,Unhealthy,3,23.2,63,0.0,7.8,98,975.8,100,54.5,56.6,325.0,4.7,104.0,8.4
2025-03-28 22:00:00,2025,3,28,22,Cao Bằng,Xã Tam Kim,22.606427,106.0179879,157,Unhealthy,3,21.4,65,0.2,8.7,86,977.1,100,61.7,64.0,304.0,4.3,98.0,8.8
2025-03-28 23:00:00,2025,3,28,23,Cao Bằng,Xã Tam Kim,22.606427,106.0179879,157,Unhealthy,3,19.7,70,0.3,8.5,97,978.0,100,72.2,76.1,290.0,4.0,93.0,8.5
2025-03-29 00:00:00,2025,3,29,0,Cao Bằng,Xã Tam Kim,22.606427,106.0179879,157,Unhealthy,3,19.2,70,0.1,5.4,84,978.2,100,59.8,62.4,282.0,3.8,89.0,7.7
2025-03-29 01:00:00,2025,3,29,1,Cao Bằng,Xã Tam Kim,22.606427,106.0179879,157,Unhealthy,3,18.2,68,0.0,6.6,81,978.0,100,48.4,50.5,272.0,3.6,85.0,6.9
2025-03-29 02:00:00,2025,3,29,2,Cao Bằng,Xã Tam Kim,22.606427,106.0179879,156,Unhealthy,3,16.8,79,0.6,4.5,85,978.1,100,38.2,39.6,254.0,3.5,82.0,6.1
2025-03-29 03:00:00,2025,3,29,3,Cao Bằng,Xã Tam Kim,22.606427,106.0179879,155,Unhealthy,3,15.2,97,1.5,3.9,112,978.2,100,29.7,31.0,235.0,3.4,80.0,5.2
2025-03-29 04:00:00,2025,3,29,4,Cao Bằng,Xã Tam Kim,22.606427,106.0179879,154,Unhealthy,3,15.1,90,1.7,4.5,14,978.9,100,24.5,25.5,226.0,3.4,78.0,4.5
2025-03-29 05:00:00,2025,3,29,5,Cao Bằng,Xã Tam Kim,22.606427,106.0179879,153,Unhealthy,3,14.3,84,0.5,7.8,345,979.7,100,20.9,21.7,237.0,3.6,76.0,4.2
2025-03-29 06:00:00,2025,3,29,6,Cao Bằng,Xã Tam Kim,22.606427,106.0179879,151,Unhealthy,3,13.3,89,0.9,1.5,60,980.6,100,19.0,19.7,258.0,3.9,75.0,4.2
2025-03-29 07:00:00,2025,3,29,7,Cao Bằng,Xã Tam Kim,22.606427,106.0179879,146,Unhealthy for Sensitive Groups,2,13.4,93,0.4,3.7,14,981.6,100,31.3,32.9,275.0,4.5,72.0,4.5
2025-03-29 08:00:00,2025,3,29,8,Cao Bằng,Xã Tam Kim,22.606427,106.0179879,137,Unhealthy for Sensitive Groups,2,15.4,77,0.0,4.6,51,982.4,100,28.1,29.3,282.0,4.5,74.0,4.5
2025-03-29 09:00:00,2025,3,29,9,Cao Bằng,Xã Tam Kim,22.606427,106.0179879,131,Unhealthy for Sensitive Groups,2,15.9,69,0.1,5.5,36,983.0,100,24.0,25.0,284.0,4.5,76.0,4.4
2025-03-29 10:00:00,2025,3,29,10,Cao Bằng,Xã Tam Kim,22.606427,106.0179879,126,Unhealthy for Sensitive Groups,2,16.3,66,0.2,6.5,28,983.5,100,19.2,19.9,283.0,4.3,80.0,4.3
2025-03-29 11:00:00,2025,3,29,11,Cao Bằng,Xã Tam Kim,22.606427,106.0179879,120,Unhealthy for Sensitive Groups,2,17.3,58,0.0,6.4,38,983.2,100,15.3,16.0,276.0,3.7,86.0,4.0
2025-03-29 12:00:00,2025,3,29,12,Cao Bằng,Xã Tam Kim,22.606427,106.0179879,114,Unhealthy for Sensitive Groups,2,17.8,56,0.0,6.2,44,982.1,100,14.4,15.2,265.0,3.0,94.0,3.7
2025-03-29 13:00:00,2025,3,29,13,Cao Bằng,Xã Tam Kim,22.606427,106.0179879,108,Unhealthy for Sensitive Groups,2,18.6,48,0.0,5.9,55,981.2,99,13.6,14.3,260.0,2.5,100.0,3.5
2025-03-29 14:00:00,2025,3,29,14,Cao Bằng,Xã Tam Kim,22.606427,106.0179879,103,Unhealthy for Sensitive Groups,2,18.8,45,0.0,5.8,99,980.0,100,13.9,14.7,268.0,2.4,103.0,3.4
2025-03-29 15:00:00,2025,3,29,15,Cao Bằng,Xã Tam Kim,22.606427,106.0179879,99,Moderate,1,18.5,47,0.0,7.9,120,979.0,99,13.8,14.5,282.0,2.5,105.0,3.5
2025-03-29 16:00:00,2025,3,29,16,Cao Bằng,Xã Tam Kim,22.606427,106.0179879,96,Moderate,1,17.8,49,0.0,10.3,130,978.8,100,13.0,13.7,292.0,2.8,105.0,3.6
2025-03-29 17:00:00,2025,3,29,17,Cao Bằng,Xã Tam Kim,22.606427,106.0179879,94,Moderate,1,16.6,54,0.0,8.5,132,979.4,100,12.0,12.6,294.0,3.3,103.0,3.8
2025-03-29 18:00:00,2025,3,29,18,Cao Bằng,Xã Tam Kim,22.606427,106.0179879,92,Moderate,1,15.6,60,0.1,5.8,144,980.4,100,11.1,11.6,292.0,3.8,100.0,4.1
2025-03-29 19:00:00,2025,3,29,19,Cao Bằng,Xã Tam Kim,22.606427,106.0179879,90,Moderate,1,15.1,63,0.0,3.8,169,981.3,100,29.7,30.9,287.0,4.7,95.0,4.2
2025-03-29 20:00:00,2025,3,29,20,Cao Bằng,Xã Tam Kim,22.606427,106.0179879,88,Moderate,1,13.1,75,0.1,5.7,167,982.5,100,28.3,29.3,277.0,4.7,93.0,4.3
2025-03-29 21:00:00,2025,3,29,21,Cao Bằng,Xã Tam Kim,22.606427,106.0179879,86,Moderate,1,13.1,74,0.2,5.4,154,983.9,100,26.8,27.6,264.0,4.7,89.0,4.3
2025-03-29 22:00:00,2025,3,29,22,Cao Bằng,Xã Tam Kim,22.606427,106.0179879,84,Moderate,1,12.3,85,0.4,6.4,164,984.9,100,25.2,26.0,257.0,4.6,86.0,4.4
2025-03-29 23:00:00,2025,3,29,23,Cao Bằng,Xã Tam Kim,22.606427,106.0179879,81,Moderate,1,11.8,89,0.2,6.6,163,984.9,100,24.1,24.8,261.0,4.5,84.0,4.4
2025-03-30 00:00:00,2025,3,30,0,Cao Bằng,Xã Tam Kim,22.606427,106.0179879,76,Moderate,1,11.6,91,0.2,6.1,166,984.9,100,23.3,24.0,270.0,4.4,82.0,4.4
2025-03-30 01:00:00,2025,3,30,1,Cao Bằng,Xã Tam Kim,22.606427,106.0179879,73,Moderate,1,11.5,91,0.1,5.1,172,984.8,100,21.9,22.5,275.0,4.3,80.0,4.3
2025-03-30 02:00:00,2025,3,30,2,Cao Bằng,Xã Tam Kim,22.606427,106.0179879,71,Moderate,1,11.6,86,0.2,3.8,163,984.7,100,20.9,21.5,271.0,4.1,78.0,4.2
2025-03-30 03:00:00,2025,3,30,3,Cao Bằng,Xã Tam Kim,22.606427,106.0179879,69,Moderate,1,11.4,91,0.3,1.9,151,984.2,100,20.3,20.9,263.0,4.0,76.0,4.0
2025-03-30 04:00:00,2025,3,30,4,Cao Bằng,Xã Tam Kim,22.606427,106.0179879,68,Moderate,1,11.2,98,0.5,1.0,135,984.3,100,20.1,20.8,260.0,3.9,75.0,3.9
2025-03-30 05:00:00,2025,3,30,5,Cao Bằng,Xã Tam Kim,22.606427,106.0179879,68,Moderate,1,11.1,98,0.7,1.3,90,984.7,100,20.2,21.0,268.0,4.1,73.0,3.9
2025-03-30 06:00:00,2025,3,30,6,Cao Bằng,Xã Tam Kim,22.606427,106.0179879,68,Moderate,1,10.9,93,0.5,0.4,90,985.4,100,20.3,21.1,280.0,4.4,72.0,3.9
2025-03-30 07:00:00,2025,3,30,7,Cao Bằng,Xã Tam Kim,22.606427,106.0179879,68,Moderate,1,11.0,95,0.2,0.8,135,986.0,100,17.3,18.0,286.0,4.3,77.0,3.6
2025-03-30 08:00:00,2025,3,30,8,Cao Bằng,Xã Tam Kim,22.606427,106.0179879,67,Moderate,1,12.6,69,0.0,5.3,24,987.6,100,17.0,17.6,280.0,4.1,78.0,3.5
2025-03-30 09:00:00,2025,3,30,9,Cao Bằng,Xã Tam Kim,22.606427,106.0179879,66,Moderate,1,13.1,62,0.0,5.4,21,988.2,99,16.1,16.8,267.0,3.9,80.0,3.4
2025-03-30 10:00:00,2025,3,30,10,Cao Bằng,Xã Tam Kim,22.606427,106.0179879,65,Moderate,1,14.7,53,0.0,7.1,27,988.2,100,14.8,15.4,256.0,3.6,83.0,3.2
2025-03-30 11:00:00,2025,3,30,11,Cao Bằng,Xã Tam Kim,22.606427,106.0179879,65,Moderate,1,15.5,50,0.0,7.7,33,987.4,92,13.9,14.4,248.0,3.1,87.0,3.0
2025-03-30 12:00:00,2025,3,30,12,Cao Bằng,Xã Tam Kim,22.606427,106.0179879,65,Moderate,1,16.7,48,0.0,7.6,34,985.9,81,12.6,13.1,241.0,2.6,92.0,2.8
2025-03-30 13:00:00,2025,3,30,13,Cao Bằng,Xã Tam Kim,22.606427,106.0179879,64,Moderate,1,17.0,46,0.0,6.3,51,984.5,95,11.6,12.0,239.0,2.2,96.0,2.7
2025-03-30 14:00:00,2025,3,30,14,Cao Bằng,Xã Tam Kim,22.606427,106.0179879,64,Moderate,1,17.4,45,0.0,4.3,73,982.9,80,11.2,11.6,245.0,2.1,99.0,2.6
2025-03-30 15:00:00,2025,3,30,15,Cao Bằng,Xã Tam Kim,22.606427,106.0179879,64,Moderate,1,17.4,48,0.0,3.4,137,981.6,77,11.1,11.6,257.0,2.1,100.0,2.6
2025-03-30 16:00:00,2025,3,30,16,Cao Bằng,Xã Tam Kim,22.606427,106.0179879,64,Moderate,1,17.5,47,0.0,5.4,154,980.9,74,11.2,11.6,269.0,2.5,100.0,2.7
2025-03-30 17:00:00,2025,3,30,17,Cao Bằng,Xã Tam Kim,22.606427,106.0179879,64,Moderate,1,17.4,44,0.0,6.6,163,980.5,67,11.2,11.6,282.0,3.4,97.0,2.9
2025-03-30 18:00:00,2025,3,30,18,Cao Bằng,Xã Tam Kim,22.606427,106.0179879,63,Moderate,1,15.9,48,0.0,10.0,173,980.6,79,11.3,11.6,295.0,4.6,92.0,3.3
2025-03-30 19:00:00,2025,3,30,19,Cao Bằng,Xã Tam Kim,22.606427,106.0179879,64,Moderate,1,14.8,50,0.0,10.1,175,981.7,96,18.0,18.7,302.0,4.4,91.0,3.3
2025-03-30 20:00:00,2025,3,30,20,Cao Bằng,Xã Tam Kim,22.606427,106.0179879,62,Moderate,1,12.5,59,0.0,7.0,190,983.8,91,17.2,17.8,293.0,4.5,89.0,3.6
2025-03-30 21:00:00,2025,3,30,21,Cao Bằng,Xã Tam Kim,22.606427,106.0179879,61,Moderate,1,12.7,58,0.0,5.1,203,984.9,98,16.6,17.1,278.0,4.5,87.0,3.9
2025-03-30 22:00:00,2025,3,30,22,Cao Bằng,Xã Tam Kim,22.606427,106.0179879,61,Moderate,1,12.8,59,0.0,3.2,177,985.4,97,16.4,16.9,277.0,4.5,85.0,4.2
2025-03-30 23:00:00,2025,3,30,23,Cao Bằng,Xã Tam Kim,22.606427,106.0179879,60,Moderate,1,12.8,56,0.0,3.5,125,985.5,95,17.9,18.5,304.0,4.3,85.0,4.3
2025-03-31 00:00:00,2025,3,31,0,Cao Bằng,Xã Tam Kim,22.606427,106.0179879,59,Moderate,1,12.4,56,0.0,3.3,112,985.5,97,20.4,21.0,345.0,3.9,86.0,4.4
2025-03-31 01:00:00,2025,3,31,1,Cao Bằng,Xã Tam Kim,22.606427,106.0179879,59,Moderate,1,12.4,54,0.0,3.8,85,985.1,97,22.2,23.0,380.0,3.6,86.0,4.4
2025-03-31 02:00:00,2025,3,31,2,Cao Bằng,Xã Tam Kim,22.606427,106.0179879,59,Moderate,1,12.0,56,0.0,4.0,72,984.8,98,23.3,24.1,403.0,3.4,86.0,4.3
2025-03-31 03:00:00,2025,3,31,3,Cao Bằng,Xã Tam Kim,22.606427,106.0179879,59,Moderate,1,11.9,56,0.0,3.1,66,984.5,99,23.7,24.6,419.0,3.2,85.0,4.1
2025-03-31 04:00:00,2025,3,31,4,Cao Bằng,Xã Tam Kim,22.606427,106.0179879,60,Moderate,1,11.7,59,0.0,2.2,81,984.0,100,23.9,24.7,429.0,3.2,85.0,3.9
2025-03-31 05:00:00,2025,3,31,5,Cao Bằng,Xã Tam Kim,22.606427,106.0179879,60,Moderate,1,11.6,62,0.0,1.2,141,984.2,100,24.6,25.4,435.0,3.3,84.0,3.8
2025-03-31 06:00:00,2025,3,31,6,Cao Bằng,Xã Tam Kim,22.606427,106.0179879,60,Moderate,1,11.7,62,0.0,1.6,186,984.7,100,26.5,27.6,433.0,3.6,83.0,3.8
2025-03-31 07:00:00,2025,3,31,7,Cao Bằng,Xã Tam Kim,22.606427,106.0179879,61,Moderate,1,12.1,57,0.0,1.6,243,985.1,98,18.2,18.9,417.0,3.8,82.0,3.7
2025-03-31 08:00:00,2025,3,31,8,Cao Bằng,Xã Tam Kim,22.606427,106.0179879,61,Moderate,1,12.8,55,0.0,4.0,352,986.3,100,18.3,19.1,372.0,3.6,83.0,3.7
2025-03-31 09:00:00,2025,3,31,9,Cao Bằng,Xã Tam Kim,22.606427,106.0179879,61,Moderate,1,13.6,52,0.0,3.6,354,986.4,70,17.4,18.2,313.0,3.3,84.0,3.6
2025-03-31 10:00:00,2025,3,31,10,Cao Bằng,Xã Tam Kim,22.606427,106.0179879,61,Moderate,1,14.9,49,0.0,2.9,11,985.8,81,16.8,17.6,268.0,2.9,87.0,3.5
2025-03-31 11:00:00,2025,3,31,11,Cao Bằng,Xã Tam Kim,22.606427,106.0179879,61,Moderate,1,17.1,45,0.0,1.4,40,984.9,46,16.5,17.4,251.0,2.3,94.0,3.2
2025-03-31 12:00:00,2025,3,31,12,Cao Bằng,Xã Tam Kim,22.606427,106.0179879,62,Moderate,1,18.5,42,0.0,1.5,150,983.3,47,15.9,16.9,249.0,1.6,103.0,2.9
2025-03-31 13:00:00,2025,3,31,13,Cao Bằng,Xã Tam Kim,22.606427,106.0179879,62,Moderate,1,19.7,41,0.0,2.4,163,981.4,8,16.3,17.3,256.0,1.1,110.0,2.7
2025-03-31 14:00:00,2025,3,31,14,Cao Bằng,Xã Tam Kim,22.606427,106.0179879,62,Moderate,1,20.4,41,0.0,4.9,152,980.1,48,16.7,17.8,270.0,0.9,114.0,2.6
2025-03-31 15:00:00,2025,3,31,15,Cao Bằng,Xã Tam Kim,22.606427,106.0179879,63,Moderate,1,21.1,40,0.0,3.9,146,978.9,10,17.1,18.2,293.0,0.9,116.0,2.6
2025-03-31 16:00:00,2025,3,31,16,Cao Bằng,Xã Tam Kim,22.606427,106.0179879,63,Moderate,1,21.6,39,0.0,6.9,150,978.4,29,17.5,18.6,319.0,1.7,114.0,2.7
2025-03-31 17:00:00,2025,3,31,17,Cao Bằng,Xã Tam Kim,22.606427,106.0179879,64,Moderate,1,20.1,43,0.0,10.0,142,978.7,15,18.1,19.2,352.0,3.8,107.0,3.0
2025-03-31 18:00:00,2025,3,31,18,Cao Bằng,Xã Tam Kim,22.606427,106.0179879,64,Moderate,1,17.8,51,0.0,6.9,137,979.2,18,19.3,20.2,388.0,6.6,97.0,3.4
2025-03-31 19:00:00,2025,3,31,19,Cao Bằng,Xã Tam Kim,22.606427,106.0179879,65,Moderate,1,15.6,59,0.0,8.3,146,980.0,54,30.3,31.9,413.0,6.1,88.0,3.1
2025-03-31 20:00:00,2025,3,31,20,Cao Bằng,Xã Tam Kim,22.606427,106.0179879,66,Moderate,1,14.2,63,0.0,4.7,180,982.5,80,28.9,30.4,414.0,7.6,80.0,3.3
2025-03-31 21:00:00,2025,3,31,21,Cao Bằng,Xã Tam Kim,22.606427,106.0179879,67,Moderate,1,14.3,62,0.0,5.1,198,983.7,100,27.9,29.2,403.0,9.7,68.0,3.6
2025-03-31 22:00:00,2025,3,31,22,Cao Bằng,Xã Tam Kim,22.606427,106.0179879,68,Moderate,1,13.9,63,0.0,5.2,202,984.5,94,27.4,28.6,400.0,11.3,58.0,3.8
2025-03-31 23:00:00,2025,3,31,23,Cao Bằng,Xã Tam Kim,22.606427,106.0179879,69,Moderate,1,13.6,64,0.0,4.4,201,984.9,98,26.8,28.2,421.0,12.2,51.0,3.8
2025-04-01 00:00:00,2025,4,1,0,Cao Bằng,Xã Tam Kim,22.606427,106.0179879,70,Moderate,1,13.1,68,0.0,3.5,215,984.9,99,26.4,27.6,449.0,12.6,45.0,3.6
2025-04-01 01:00:00,2025,4,1,1,Cao Bằng,Xã Tam Kim,22.606427,106.0179879,71,Moderate,1,13.3,66,0.0,3.7,219,984.4,99,25.7,27.0,456.0,12.5,42.0,3.5
2025-04-01 02:00:00,2025,4,1,2,Cao Bằng,Xã Tam Kim,22.606427,106.0179879,71,Moderate,1,13.1,70,0.0,2.2,175,983.7,99,24.8,26.1,421.0,11.6,43.0,3.5
2025-04-01 03:00:00,2025,4,1,3,Cao Bằng,Xã Tam Kim,22.606427,106.0179879,71,Moderate,1,12.9,68,0.0,3.3,216,983.2,100,24.0,25.3,364.0,10.2,46.0,3.6
2025-04-01 04:00:00,2025,4,1,4,Cao Bằng,Xã Tam Kim,22.606427,106.0179879,71,Moderate,1,13.0,68,0.0,3.9,236,983.1,100,23.3,24.7,322.0,9.1,50.0,3.7
2025-04-01 05:00:00,2025,4,1,5,Cao Bằng,Xã Tam Kim,22.606427,106.0179879,71,Moderate,1,13.0,70,0.0,2.6,236,983.1,100,23.2,24.6,314.0,8.7,52.0,3.9
2025-04-01 06:00:00,2025,4,1,6,Cao Bằng,Xã Tam Kim,22.606427,106.0179879,71,Moderate,1,13.1,70,0.0,2.7,222,983.3,100,23.2,24.7,321.0,8.5,55.0,4.1
2025-04-01 07:00:00,2025,4,1,7,Cao Bằng,Xã Tam Kim,22.606427,106.0179879,71,Moderate,1,13.7,66,0.0,2.4,222,983.7,100,34.6,39.0,319.0,7.3,63.0,4.0
2025-04-01 08:00:00,2025,4,1,8,Cao Bằng,Xã Tam Kim,22.606427,106.0179879,72,Moderate,1,16.1,54,0.0,1.3,254,985.2,87,35.9,43.2,295.0,5.5,75.0,3.9
2025-04-01 09:00:00,2025,4,1,9,Cao Bằng,Xã Tam Kim,22.606427,106.0179879,74,Moderate,1,18.0,46,0.0,4.6,349,985.0,81,38.4,48.8,263.0,3.1,92.0,3.8
2025-04-01 10:00:00,2025,4,1,10,Cao Bằng,Xã Tam Kim,22.606427,106.0179879,75,Moderate,1,19.8,42,0.0,3.7,346,984.7,83,40.4,52.2,240.0,1.3,106.0,3.6
2025-04-01 11:00:00,2025,4,1,11,Cao Bằng,Xã Tam Kim,22.606427,106.0179879,78,Moderate,1,21.3,38,0.0,1.8,336,983.8,25,40.9,53.1,235.0,0.7,113.0,3.4
2025-04-01 12:00:00,2025,4,1,12,Cao Bằng,Xã Tam Kim,22.606427,106.0179879,80,Moderate,1,22.3,37,0.0,1.0,211,982.6,34,40.9,53.0,240.0,0.8,116.0,3.1
2025-04-01 13:00:00,2025,4,1,13,Cao Bằng,Xã Tam Kim,22.606427,106.0179879,82,Moderate,1,22.8,37,0.0,1.9,163,981.0,56,40.5,52.6,249.0,0.9,119.0,2.9
2025-04-01 14:00:00,2025,4,1,14,Cao Bằng,Xã Tam Kim,22.606427,106.0179879,84,Moderate,1,23.3,36,0.0,5.6,83,979.4,6,40.4,52.4,260.0,0.6,124.0,2.8
2025-04-01 15:00:00,2025,4,1,15,Cao Bằng,Xã Tam Kim,22.606427,106.0179879,86,Moderate,1,23.7,37,0.0,4.5,67,978.3,5,40.4,51.9,277.0,0.3,128.0,2.7
2025-04-01 16:00:00,2025,4,1,16,Cao Bằng,Xã Tam Kim,22.606427,106.0179879,88,Moderate,1,24.1,37,0.0,2.2,99,977.9,14,40.4,51.3,301.0,1.3,128.0,2.9
2025-04-01 17:00:00,2025,4,1,17,Cao Bằng,Xã Tam Kim,22.606427,106.0179879,90,Moderate,1,23.1,42,0.0,4.6,159,977.8,9,40.4,50.9,346.0,4.6,119.0,3.4
2025-04-01 18:00:00,2025,4,1,18,Cao Bằng,Xã Tam Kim,22.606427,106.0179879,92,Moderate,1,19.5,54,0.0,5.4,184,977.5,0,41.6,50.9,399.0,9.2,105.0,4.1
2025-04-01 19:00:00,2025,4,1,19,Cao Bằng,Xã Tam Kim,22.606427,106.0179879,94,Moderate,1,17.5,59,0.0,6.0,185,978.0,0,43.0,51.8,426.0,15.8,81.0,5.4
2025-04-01 20:00:00,2025,4,1,20,Cao Bằng,Xã Tam Kim,22.606427,106.0179879,95,Moderate,1,17.0,66,0.0,0.8,243,979.8,49,44.8,53.7,404.0,17.2,72.0,5.6
2025-04-01 21:00:00,2025,4,1,21,Cao Bằng,Xã Tam Kim,22.606427,106.0179879,97,Moderate,1,16.2,69,0.0,0.8,225,980.7,76,44.4,53.1,357.0,19.1,60.0,5.8
2025-04-01 22:00:00,2025,4,1,22,Cao Bằng,Xã Tam Kim,22.606427,106.0179879,98,Moderate,1,15.5,71,0.0,2.6,258,981.4,85,44.2,52.7,321.0,20.4,51.0,6.0
2025-04-01 23:00:00,2025,4,1,23,Cao Bằng,Xã Tam Kim,22.606427,106.0179879,100,Moderate,1,15.1,72,0.0,1.1,252,981.9,78,44.2,53.0,315.0,20.6,47.0,6.0
2025-04-02 00:00:00,2025,4,2,0,Cao Bằng,Xã Tam Kim,22.606427,106.0179879,101,Unhealthy for Sensitive Groups,2,14.3,74,0.0,0.7,194,982.4,58,43.8,52.9,321.0,20.3,47.0,5.9
2025-04-02 01:00:00,2025,4,2,1,Cao Bằng,Xã Tam Kim,22.606427,106.0179879,103,Unhealthy for Sensitive Groups,2,13.6,77,0.0,1.1,270,982.3,56,43.2,52.6,322.0,19.8,46.0,5.9
2025-04-02 02:00:00,2025,4,2,2,Cao Bằng,Xã Tam Kim,22.606427,106.0179879,105,Unhealthy for Sensitive Groups,2,13.0,78,0.0,2.0,275,981.9,69,43.0,52.6,307.0,19.3,45.0,6.0
2025-04-02 03:00:00,2025,4,2,3,Cao Bằng,Xã Tam Kim,22.606427,106.0179879,107,Unhealthy for Sensitive Groups,2,12.6,78,0.0,3.7,284,981.8,99,43.0,53.0,288.0,18.7,44.0,6.1
2025-04-02 04:00:00,2025,4,2,4,Cao Bằng,Xã Tam Kim,22.606427,106.0179879,109,Unhealthy for Sensitive Groups,2,12.6,76,0.0,3.3,292,981.8,98,43.1,53.2,283.0,18.1,43.0,6.1
2025-04-02 05:00:00,2025,4,2,5,Cao Bằng,Xã Tam Kim,22.606427,106.0179879,111,Unhealthy for Sensitive Groups,2,13.2,73,0.0,2.2,305,982.4,97,43.3,53.6,313.0,18.2,38.0,5.9
2025-04-02 06:00:00,2025,4,2,6,Cao Bằng,Xã Tam Kim,22.606427,106.0179879,113,Unhealthy for Sensitive Groups,2,13.5,72,0.0,2.4,279,983.0,100,43.8,54.0,357.0,18.4,32.0,5.6
2025-04-02 07:00:00,2025,4,2,7,Cao Bằng,Xã Tam Kim,22.606427,106.0179879,115,Unhealthy for Sensitive Groups,2,14.9,64,0.0,3.2,273,983.9,98,40.9,48.1,377.0,16.3,37.0,5.8
2025-04-02 08:00:00,2025,4,2,8,Cao Bằng,Xã Tam Kim,22.606427,106.0179879,116,Unhealthy for Sensitive Groups,2,17.1,56,0.0,1.9,287,985.7,98,40.9,49.0,346.0,12.2,61.0,6.5
2025-04-02 09:00:00,2025,4,2,9,Cao Bằng,Xã Tam Kim,22.606427,106.0179879,116,Unhealthy for Sensitive Groups,2,19.2,46,0.0,2.9,263,985.8,97,36.1,46.0,290.0,6.5,95.0,7.5
2025-04-02 10:00:00,2025,4,2,10,Cao Bằng,Xã Tam Kim,22.606427,106.0179879,116,Unhealthy for Sensitive Groups,2,21.1,38,0.0,2.4,234,985.6,90,29.6,38.9,249.0,2.2,120.0,8.0
2025-04-02 11:00:00,2025,4,2,11,Cao Bằng,Xã Tam Kim,22.606427,106.0179879,115,Unhealthy for Sensitive Groups,2,22.4,35,0.0,3.3,221,984.9,97,28.2,37.4,240.0,0.8,130.0,7.6
2025-04-02 12:00:00,2025,4,2,12,Cao Bằng,Xã Tam Kim,22.606427,106.0179879,114,Unhealthy for Sensitive Groups,2,23.6,34,0.0,4.0,210,983.4,95,28.1,37.5,247.0,0.7,131.0,6.8
2025-04-02 13:00:00,2025,4,2,13,Cao Bằng,Xã Tam Kim,22.606427,106.0179879,112,Unhealthy for Sensitive Groups,2,24.6,32,0.0,3.2,199,982.0,90,28.7,38.1,255.0,0.9,132.0,6.1
2025-04-02 14:00:00,2025,4,2,14,Cao Bằng,Xã Tam Kim,22.606427,106.0179879,111,Unhealthy for Sensitive Groups,2,25.2,31,0.0,2.9,158,980.5,86,29.3,38.3,259.0,0.4,136.0,5.7
2025-04-02 15:00:00,2025,4,2,15,Cao Bằng,Xã Tam Kim,22.606427,106.0179879,110,Unhealthy for Sensitive Groups,2,25.6,31,0.0,4.1,131,979.3,39,29.6,38.2,265.0,0.1,139.0,5.4
2025-04-02 16:00:00,2025,4,2,16,Cao Bằng,Xã Tam Kim,22.606427,106.0179879,109,Unhealthy for Sensitive Groups,2,25.5,32,0.0,4.3,135,978.5,7,29.9,38.1,280.0,1.3,137.0,5.4
2025-04-02 17:00:00,2025,4,2,17,Cao Bằng,Xã Tam Kim,22.606427,106.0179879,108,Unhealthy for Sensitive Groups,2,24.5,38,0.0,4.5,151,978.4,2,30.0,37.8,318.0,5.3,126.0,5.7
2025-04-02 18:00:00,2025,4,2,18,Cao Bằng,Xã Tam Kim,22.606427,106.0179879,107,Unhealthy for Sensitive Groups,2,20.5,49,0.0,7.8,176,978.3,2,31.9,39.0,366.0,10.8,110.0,6.3
2025-04-02 19:00:00,2025,4,2,19,Cao Bằng,Xã Tam Kim,22.606427,106.0179879,106,Unhealthy for Sensitive Groups,2,18.3,56,0.0,6.5,214,978.7,3,44.5,55.1,392.0,15.0,91.0,6.8
2025-04-02 20:00:00,2025,4,2,20,Cao Bằng,Xã Tam Kim,22.606427,106.0179879,106,Unhealthy for Sensitive Groups,2,16.3,72,0.0,3.3,241,979.5,1,46.7,57.2,373.0,17.3,84.0,7.3
2025-04-02 21:00:00,2025,4,2,21,Cao Bằng,Xã Tam Kim,22.606427,106.0179879,106,Unhealthy for Sensitive Groups,2,15.1,79,0.0,1.1,261,980.3,0,48.7,59.1,332.0,20.4,75.0,8.0
2025-04-02 22:00:00,2025,4,2,22,Cao Bằng,Xã Tam Kim,22.606427,106.0179879,107,Unhealthy for Sensitive Groups,2,14.5,80,0.0,2.0,260,981.2,0,49.7,60.1,303.0,22.7,68.0,8.5
2025-04-02 23:00:00,2025,4,2,23,Cao Bằng,Xã Tam Kim,22.606427,106.0179879,107,Unhealthy for Sensitive Groups,2,14.3,78,0.0,1.7,257,981.5,0,49.8,59.8,304.0,23.3,64.0,8.6
2025-04-03 00:00:00,2025,4,3,0,Cao Bằng,Xã Tam Kim,22.606427,106.0179879,108,Unhealthy for Sensitive Groups,2,14.9,73,0.0,0.9,259,981.8,0,49.6,59.5,318.0,23.1,62.0,8.5
2025-04-03 01:00:00,2025,4,3,1,Cao Bằng,Xã Tam Kim,22.606427,106.0179879,108,Unhealthy for Sensitive Groups,2,14.9,71,0.0,0.7,270,981.7,0,49.2,59.0,329.0,22.6,61.0,8.4
2025-04-03 02:00:00,2025,4,3,2,Cao Bằng,Xã Tam Kim,22.606427,106.0179879,109,Unhealthy for Sensitive Groups,2,14.5,72,0.0,1.4,293,981.6,0,48.9,58.6,324.0,21.8,61.0,8.3
2025-04-03 03:00:00,2025,4,3,3,Cao Bằng,Xã Tam Kim,22.606427,106.0179879,110,Unhealthy for Sensitive Groups,2,14.0,73,0.0,2.0,265,981.4,0,48.8,58.3,315.0,20.7,61.0,8.3
2025-04-03 04:00:00,2025,4,3,4,Cao Bằng,Xã Tam Kim,22.606427,106.0179879,110,Unhealthy for Sensitive Groups,2,13.7,72,0.0,2.0,260,981.3,1,49.0,58.4,324.0,19.9,62.0,8.3
2025-04-03 05:00:00,2025,4,3,5,Cao Bằng,Xã Tam Kim,22.606427,106.0179879,111,Unhealthy for Sensitive Groups,2,13.6,71,0.0,2.4,261,981.6,3,49.6,59.0,373.0,20.2,60.0,8.2
2025-04-03 06:00:00,2025,4,3,6,Cao Bằng,Xã Tam Kim,22.606427,106.0179879,111,Unhealthy for Sensitive Groups,2,13.5,71,0.0,1.7,252,982.0,3,50.8,60.1,440.0,20.8,59.0,8.2
2025-04-03 07:00:00,2025,4,3,7,Cao Bằng,Xã Tam Kim,22.606427,106.0179879,112,Unhealthy for Sensitive Groups,2,15.9,63,0.0,2.0,260,982.9,2,62.2,72.4,477.0,19.9,73.0,11.4
2025-04-03 08:00:00,2025,4,3,8,Cao Bằng,Xã Tam Kim,22.606427,106.0179879,114,Unhealthy for Sensitive Groups,2,19.2,54,0.0,1.9,49,984.0,0,68.0,78.0,455.0,14.6,97.0,15.9
2025-04-03 09:00:00,2025,4,3,9,Cao Bằng,Xã Tam Kim,22.606427,106.0179879,117,Unhealthy for Sensitive Groups,2,21.9,47,0.0,3.3,68,984.2,0,75.9,87.1,403.0,7.2,130.0,22.0
2025-04-03 10:00:00,2025,4,3,10,Cao Bằng,Xã Tam Kim,22.606427,106.0179879,121,Unhealthy for Sensitive Groups,2,24.2,41,0.0,5.2,102,984.0,0,67.8,78.7,365.0,1.8,156.0,26.3
2025-04-03 11:00:00,2025,4,3,11,Cao Bằng,Xã Tam Kim,22.606427,106.0179879,125,Unhealthy for Sensitive Groups,2,26.0,38,0.0,6.5,122,982.8,0,65.7,75.9,357.0,0.3,166.0,26.8
2025-04-03 12:00:00,2025,4,3,12,Cao Bằng,Xã Tam Kim,22.606427,106.0179879,129,Unhealthy for Sensitive Groups,2,27.5,36,0.0,7.4,146,981.3,2,65.7,75.2,363.0,0.7,168.0,25.5
2025-04-03 13:00:00,2025,4,3,13,Cao Bằng,Xã Tam Kim,22.606427,106.0179879,133,Unhealthy for Sensitive Groups,2,28.8,35,0.0,9.8,175,979.4,14,68.0,76.6,370.0,1.2,171.0,24.3
2025-04-03 14:00:00,2025,4,3,14,Cao Bằng,Xã Tam Kim,22.606427,106.0179879,137,Unhealthy for Sensitive Groups,2,29.7,34,0.0,14.8,226,977.5,2,71.0,78.9,374.0,1.1,179.0,24.3
2025-04-03 15:00:00,2025,4,3,15,Cao Bằng,Xã Tam Kim,22.606427,106.0179879,142,Unhealthy for Sensitive Groups,2,27.9,37,0.0,11.7,214,976.4,11,73.3,80.3,380.0,1.1,187.0,24.4
2025-04-03 16:00:00,2025,4,3,16,Cao Bằng,Xã Tam Kim,22.606427,106.0179879,146,Unhealthy for Sensitive Groups,2,27.3,39,0.0,12.2,199,975.8,5,74.7,81.0,390.0,1.8,190.0,24.0
2025-04-03 17:00:00,2025,4,3,17,Cao Bằng,Xã Tam Kim,22.606427,106.0179879,152,Unhealthy,3,26.2,43,0.0,10.5,200,975.5,5,74.7,80.6,408.0,3.7,183.0,22.5
2025-04-03 18:00:00,2025,4,3,18,Cao Bằng,Xã Tam Kim,22.606427,106.0179879,161,Unhealthy,3,23.4,52,0.0,9.6,188,975.7,9,73.3,78.0,429.0,6.2,170.0,20.4
2025-04-03 19:00:00,2025,4,3,19,Cao Bằng,Xã Tam Kim,22.606427,106.0179879,163,Unhealthy,3,20.5,62,0.0,7.8,199,976.0,0,78.9,82.9,444.0,7.6,172.0,19.3
2025-04-03 20:00:00,2025,4,3,20,Cao Bằng,Xã Tam Kim,22.606427,106.0179879,164,Unhealthy,3,20.3,61,0.0,9.0,192,977.2,4,78.5,82.2,449.0,8.1,164.0,17.7
2025-04-03 21:00:00,2025,4,3,21,Cao Bằng,Xã Tam Kim,22.606427,106.0179879,163,Unhealthy,3,18.7,69,0.0,7.0,180,977.8,63,78.0,81.5,447.0,8.7,152.0,15.4
2025-04-03 22:00:00,2025,4,3,22,Cao Bằng,Xã Tam Kim,22.606427,106.0179879,160,Unhealthy,3,17.8,74,0.0,7.8,167,978.1,78,77.3,80.8,440.0,9.3,139.0,13.4
2025-04-03 23:00:00,2025,4,3,23,Cao Bằng,Xã Tam Kim,22.606427,106.0179879,155,Unhealthy,3,17.0,78,0.0,5.2,160,978.5,87,76.6,79.9,426.0,9.8,125.0,11.8
2025-04-04 00:00:00,2025,4,4,0,Cao Bằng,Xã Tam Kim,22.606427,106.0179879,155,Unhealthy,3,16.0,82,0.0,4.6,159,978.3,89,75.2,78.0,406.0,10.3,111.0,10.5
2025-04-04 01:00:00,2025,4,4,1,Cao Bằng,Xã Tam Kim,22.606427,106.0179879,156,Unhealthy,3,15.3,85,0.0,3.6,162,977.6,83,73.8,76.4,388.0,10.6,98.0,9.4
2025-04-04 02:00:00,2025,4,4,2,Cao Bằng,Xã Tam Kim,22.606427,106.0179879,156,Unhealthy,3,14.8,87,0.0,2.5,176,976.9,64,72.6,74.7,369.0,10.6,88.0,8.6
2025-04-04 03:00:00,2025,4,4,3,Cao Bằng,Xã Tam Kim,22.606427,106.0179879,157,Unhealthy,3,14.4,90,0.0,2.1,195,976.3,64,71.2,73.3,352.0,10.4,79.0,8.0
2025-04-04 04:00:00,2025,4,4,4,Cao Bằng,Xã Tam Kim,22.606427,106.0179879,157,Unhealthy,3,14.1,91,0.0,1.1,189,975.9,52,70.1,72.4,349.0,10.2,73.0,7.6
2025-04-04 05:00:00,2025,4,4,5,Cao Bằng,Xã Tam Kim,22.606427,106.0179879,158,Unhealthy,3,13.6,92,0.0,0.9,169,976.1,21,68.9,71.2,377.0,10.3,67.0,7.3
2025-04-04 06:00:00,2025,4,4,6,Cao Bằng,Xã Tam Kim,22.606427,106.0179879,158,Unhealthy,3,13.5,92,0.0,0.7,194,976.7,26,67.8,70.3,419.0,10.5,62.0,7.2
2025-04-04 07:00:00,2025,4,4,7,Cao Bằng,Xã Tam Kim,22.606427,106.0179879,159,Unhealthy,3,16.1,81,0.0,1.9,107,977.5,17,64.3,66.6,444.0,9.6,68.0,8.1
2025-04-04 08:00:00,2025,4,4,8,Cao Bằng,Xã Tam Kim,22.606427,106.0179879,159,Unhealthy,3,19.8,62,0.0,6.1,135,979.0,28,44.6,49.4,431.0,7.5,90.0,9.9
2025-04-04 09:00:00,2025,4,4,9,Cao Bằng,Xã Tam Kim,22.606427,106.0179879,158,Unhealthy,3,22.5,49,0.0,7.7,156,978.8,14,32.9,37.5,402.0,4.5,121.0,12.3
2025-04-04 10:00:00,2025,4,4,10,Cao Bằng,Xã Tam Kim,22.606427,106.0179879,157,Unhealthy,3,24.5,45,0.0,9.3,167,978.4,0,34.7,38.5,383.0,2.3,146.0,13.4
2025-04-04 11:00:00,2025,4,4,11,Cao Bằng,Xã Tam Kim,22.606427,106.0179879,157,Unhealthy,3,26.3,43,0.0,14.3,185,977.6,9,39.2,42.8,389.0,1.5,159.0,12.1
2025-04-04 12:00:00,2025,4,4,12,Cao Bằng,Xã Tam Kim,22.606427,106.0179879,156,Unhealthy,3,26.6,45,0.0,14.8,214,976.3,20,46.2,49.4,407.0,1.4,165.0,9.6
2025-04-04 13:00:00,2025,4,4,13,Cao Bằng,Xã Tam Kim,22.606427,106.0179879,156,Unhealthy,3,29.3,42,0.0,12.1,169,974.5,10,54.0,56.7,424.0,1.5,171.0,7.4
2025-04-04 14:00:00,2025,4,4,14,Cao Bằng,Xã Tam Kim,22.606427,106.0179879,155,Unhealthy,3,29.7,42,0.0,19.0,200,972.8,10,59.6,61.9,435.0,1.5,179.0,6.1
2025-04-04 15:00:00,2025,4,4,15,Cao Bằng,Xã Tam Kim,22.606427,106.0179879,155,Unhealthy,3,28.8,45,0.0,13.5,213,972.2,31,64.3,66.4,447.0,1.8,187.0,5.2
2025-04-04 16:00:00,2025,4,4,16,Cao Bằng,Xã Tam Kim,22.606427,106.0179879,155,Unhealthy,3,28.4,46,0.0,14.0,192,971.5,8,69.2,71.0,465.0,2.6,189.0,4.7
2025-04-04 17:00:00,2025,4,4,17,Cao Bằng,Xã Tam Kim,22.606427,106.0179879,155,Unhealthy,3,27.7,49,0.0,13.6,185,971.6,67,73.3,75.2,503.0,4.4,183.0,4.7
2025-04-04 18:00:00,2025,4,4,18,Cao Bằng,Xã Tam Kim,22.606427,106.0179879,157,Unhealthy,3,24.2,62,0.0,13.9,155,972.4,8,76.6,78.0,549.0,6.8,171.0,5.2
2025-04-04 19:00:00,2025,4,4,19,Cao Bằng,Xã Tam Kim,22.606427,106.0179879,161,Unhealthy,3,22.0,73,0.0,12.5,152,973.6,5,64.7,65.4,570.0,8.1,150.0,5.2
2025-04-04 20:00:00,2025,4,4,20,Cao Bằng,Xã Tam Kim,22.606427,106.0179879,160,Unhealthy,3,20.4,80,0.0,8.2,154,975.0,20,65.2,65.9,545.0,8.7,139.0,5.8
2025-04-04 21:00:00,2025,4,4,21,Cao Bằng,Xã Tam Kim,22.606427,106.0179879,156,Unhealthy,3,20.2,83,0.0,6.5,152,976.1,74,65.9,66.4,496.0,9.5,124.0,6.7
2025-04-04 22:00:00,2025,4,4,22,Cao Bằng,Xã Tam Kim,22.606427,106.0179879,154,Unhealthy,3,20.4,83,0.0,6.5,129,976.9,99,67.1,67.5,456.0,9.9,111.0,7.2
2025-04-04 23:00:00,2025,4,4,23,Cao Bằng,Xã Tam Kim,22.606427,106.0179879,154,Unhealthy,3,20.4,84,0.1,4.5,106,977.8,100,65.9,66.6,440.0,9.4,103.0,7.0
2025-04-05 00:00:00,2025,4,5,0,Cao Bằng,Xã Tam Kim,22.606427,106.0179879,153,Unhealthy,3,20.1,90,0.4,4.9,126,977.7,100,64.0,65.0,432.0,8.5,98.0,6.4
2025-04-05 01:00:00,2025,4,5,1,Cao Bằng,Xã Tam Kim,22.606427,106.0179879,153,Unhealthy,3,19.7,95,0.5,3.8,135,977.3,100,62.6,63.3,423.0,7.8,92.0,6.0
2025-04-05 02:00:00,2025,4,5,2,Cao Bằng,Xã Tam Kim,22.606427,106.0179879,153,Unhealthy,3,19.5,95,0.6,3.6,131,977.1,100,58.8,59.6,402.0,7.7,83.0,6.1
2025-04-05 03:00:00,2025,4,5,3,Cao Bằng,Xã Tam Kim,22.606427,106.0179879,153,Unhealthy,3,19.4,95,0.5,3.1,126,977.1,100,53.3,54.1,380.0,7.9,74.0,6.4
2025-04-05 04:00:00,2025,4,5,4,Cao Bằng,Xã Tam Kim,22.606427,106.0179879,152,Unhealthy,3,19.3,95,0.4,2.5,98,977.1,100,48.1,48.9,374.0,8.0,67.0,6.9
2025-04-05 05:00:00,2025,4,5,5,Cao Bằng,Xã Tam Kim,22.606427,106.0179879,152,Unhealthy,3,19.5,91,0.2,0.8,135,977.4,100,43.3,44.1,404.0,8.1,63.0,8.0
2025-04-05 06:00:00,2025,4,5,6,Cao Bằng,Xã Tam Kim,22.606427,106.0179879,151,Unhealthy,3,19.4,92,0.2,0.8,243,978.0,100,38.4,39.5,450.0,8.1,61.0,9.4
2025-04-05 07:00:00,2025,4,5,7,Cao Bằng,Xã Tam Kim,22.606427,106.0179879,151,Unhealthy,3,19.5,95,0.2,0.7,284,978.6,100,40.5,41.3,471.0,7.5,65.0,7.2
2025-04-05 08:00:00,2025,4,5,8,Cao Bằng,Xã Tam Kim,22.606427,106.0179879,150,Unhealthy for Sensitive Groups,2,19.3,98,0.2,3.0,245,980.3,100,35.2,36.1,439.0,7.2,67.0,7.6
2025-04-05 09:00:00,2025,4,5,9,Cao Bằng,Xã Tam Kim,22.606427,106.0179879,149,Unhealthy for Sensitive Groups,2,19.4,98,0.3,3.5,235,981.0,100,28.6,29.6,381.0,6.8,71.0,8.2
2025-04-05 10:00:00,2025,4,5,10,Cao Bằng,Xã Tam Kim,22.606427,106.0179879,149,Unhealthy for Sensitive Groups,2,19.6,97,0.2,3.0,237,980.7,100,26.0,26.8,339.0,6.3,76.0,8.3
2025-04-05 11:00:00,2025,4,5,11,Cao Bằng,Xã Tam Kim,22.606427,106.0179879,148,Unhealthy for Sensitive Groups,2,19.8,95,0.2,4.2,252,980.3,100,24.0,24.7,330.0,5.5,84.0,7.6
2025-04-05 12:00:00,2025,4,5,12,Cao Bằng,Xã Tam Kim,22.606427,106.0179879,146,Unhealthy for Sensitive Groups,2,20.7,85,0.1,4.9,272,979.4,100,24.1,24.9,336.0,4.7,93.0,6.4
2025-04-05 13:00:00,2025,4,5,13,Cao Bằng,Xã Tam Kim,22.606427,106.0179879,144,Unhealthy for Sensitive Groups,2,20.9,82,0.1,4.2,263,978.2,100,26.4,27.3,353.0,4.0,101.0,5.4
2025-04-05 14:00:00,2025,4,5,14,Cao Bằng,Xã Tam Kim,22.606427,106.0179879,141,Unhealthy for Sensitive Groups,2,21.2,80,0.1,4.5,223,977.1,100,27.9,29.0,378.0,3.5,108.0,4.6
2025-04-05 15:00:00,2025,4,5,15,Cao Bằng,Xã Tam Kim,22.606427,106.0179879,138,Unhealthy for Sensitive Groups,2,21.7,79,0.1,3.8,197,976.2,100,30.7,32.0,413.0,3.1,114.0,3.8
2025-04-05 16:00:00,2025,4,5,16,Cao Bằng,Xã Tam Kim,22.606427,106.0179879,134,Unhealthy for Sensitive Groups,2,21.4,81,0.2,0.0,270,975.7,100,33.2,34.8,455.0,3.8,115.0,3.4
2025-04-05 17:00:00,2025,4,5,17,Cao Bằng,Xã Tam Kim,22.606427,106.0179879,130,Unhealthy for Sensitive Groups,2,21.0,85,0.1,3.5,282,975.7,100,37.1,39.1,513.0,6.2,108.0,3.4
2025-04-05 18:00:00,2025,4,5,18,Cao Bằng,Xã Tam Kim,22.606427,106.0179879,127,Unhealthy for Sensitive Groups,2,20.4,87,0.0,6.1,284,976.1,100,40.9,42.7,578.0,9.6,95.0,3.8
2025-04-05 19:00:00,2025,4,5,19,Cao Bằng,Xã Tam Kim,22.606427,106.0179879,123,Unhealthy for Sensitive Groups,2,19.9,87,0.0,7.2,288,977.1,100,59.5,62.6,627.0,10.5,86.0,3.8
2025-04-05 20:00:00,2025,4,5,20,Cao Bằng,Xã Tam Kim,22.606427,106.0179879,122,Unhealthy for Sensitive Groups,2,19.3,93,0.1,6.1,273,978.5,100,63.8,67.1,647.0,11.7,78.0,3.9
2025-04-05 21:00:00,2025,4,5,21,Cao Bằng,Xã Tam Kim,22.606427,106.0179879,122,Unhealthy for Sensitive Groups,2,19.1,94,0.0,5.6,272,979.2,100,66.8,70.1,651.0,13.3,67.0,4.1
2025-04-05 22:00:00,2025,4,5,22,Cao Bằng,Xã Tam Kim,22.606427,106.0179879,122,Unhealthy for Sensitive Groups,2,18.9,94,0.0,5.9,288,979.5,100,70.3,73.8,649.0,14.6,58.0,4.2
2025-04-05 23:00:00,2025,4,5,23,Cao Bằng,Xã Tam Kim,22.606427,106.0179879,123,Unhealthy for Sensitive Groups,2,18.8,92,0.0,6.0,279,979.6,100,75.0,78.9,648.0,15.3,54.0,4.3
2025-04-06 00:00:00,2025,4,6,0,Cao Bằng,Xã Tam Kim,22.606427,106.0179879,124,Unhealthy for Sensitive Groups,2,18.7,93,0.1,3.5,282,978.9,100,79.4,84.3,641.0,15.6,53.0,4.3
2025-04-06 01:00:00,2025,4,6,1,Cao Bằng,Xã Tam Kim,22.606427,106.0179879,125,Unhealthy for Sensitive Groups,2,18.3,95,0.3,3.6,270,978.1,100,82.9,88.5,620.0,15.6,53.0,4.3
2025-04-06 02:00:00,2025,4,6,2,Cao Bằng,Xã Tam Kim,22.606427,106.0179879,127,Unhealthy for Sensitive Groups,2,18.5,95,0.2,2.2,270,977.6,100,85.7,91.7,569.0,15.2,52.0,4.3
2025-04-06 03:00:00,2025,4,6,3,Cao Bằng,Xã Tam Kim,22.606427,106.0179879,130,Unhealthy for Sensitive Groups,2,18.4,93,0.1,1.8,259,977.2,100,87.8,94.3,504.0,14.4,52.0,4.2
2025-04-06 04:00:00,2025,4,6,4,Cao Bằng,Xã Tam Kim,22.606427,106.0179879,134,Unhealthy for Sensitive Groups,2,18.9,89,0.4,0.2,180,977.4,100,89.6,96.4,463.0,13.5,54.0,4.3
2025-04-06 05:00:00,2025,4,6,5,Cao Bằng,Xã Tam Kim,22.606427,106.0179879,138,Unhealthy for Sensitive Groups,2,18.8,89,1.0,0.4,243,977.6,100,91.3,98.5,474.0,12.8,57.0,4.6
2025-04-06 06:00:00,2025,4,6,6,Cao Bằng,Xã Tam Kim,22.606427,106.0179879,143,Unhealthy for Sensitive Groups,2,18.7,90,1.0,0.6,304,978.2,100,92.4,99.9,510.0,12.1,61.0,5.1
2025-04-06 07:00:00,2025,4,6,7,Cao Bằng,Xã Tam Kim,22.606427,106.0179879,149,Unhealthy for Sensitive Groups,2,18.8,93,0.5,1.8,174,979.1,100,90.8,97.8,527.0,11.9,65.0,4.8
2025-04-06 08:00:00,2025,4,6,8,Cao Bằng,Xã Tam Kim,22.606427,106.0179879,151,Unhealthy,3,18.9,95,0.3,0.6,214,980.1,100,88.5,96.2,502.0,9.4,89.0,6.2
2025-04-06 09:00:00,2025,4,6,9,Cao Bằng,Xã Tam Kim,22.606427,106.0179879,152,Unhealthy,3,20.5,85,0.0,1.5,60,981.0,100,83.1,90.8,459.0,5.9,122.0,8.1
2025-04-06 10:00:00,2025,4,6,10,Cao Bằng,Xã Tam Kim,22.606427,106.0179879,153,Unhealthy,3,21.0,81,0.1,3.3,81,981.3,100,81.3,88.9,425.0,3.4,147.0,9.5
2025-04-06 11:00:00,2025,4,6,11,Cao Bằng,Xã Tam Kim,22.606427,106.0179879,154,Unhealthy,3,21.4,80,0.2,4.4,122,981.1,100,87.8,95.0,411.0,2.6,154.0,9.8
2025-04-06 12:00:00,2025,4,6,12,Cao Bằng,Xã Tam Kim,22.606427,106.0179879,156,Unhealthy,3,21.5,78,0.2,6.9,133,980.1,100,100.1,107.1,406.0,2.8,152.0,9.6
2025-04-06 13:00:00,2025,4,6,13,Cao Bằng,Xã Tam Kim,22.606427,106.0179879,157,Unhealthy,3,22.4,70,0.0,6.9,143,978.8,93,93.1,99.0,409.0,3.1,150.0,9.1
2025-04-06 14:00:00,2025,4,6,14,Cao Bằng,Xã Tam Kim,22.606427,106.0179879,159,Unhealthy,3,23.0,67,0.0,6.0,147,977.3,99,92.7,98.0,421.0,3.2,151.0,8.3
2025-04-06 15:00:00,2025,4,6,15,Cao Bằng,Xã Tam Kim,22.606427,106.0179879,160,Unhealthy,3,23.2,68,0.0,6.6,151,976.3,100,95.9,100.8,441.0,3.6,151.0,7.3
2025-04-06 16:00:00,2025,4,6,16,Cao Bằng,Xã Tam Kim,22.606427,106.0179879,162,Unhealthy,3,23.4,68,0.0,5.2,149,975.7,100,99.2,103.6,466.0,4.5,147.0,6.6
2025-04-06 17:00:00,2025,4,6,17,Cao Bằng,Xã Tam Kim,22.606427,106.0179879,163,Unhealthy,3,23.0,73,0.0,2.4,138,975.8,100,108.0,112.2,502.0,6.6,137.0,6.6
2025-04-06 18:00:00,2025,4,6,18,Cao Bằng,Xã Tam Kim,22.606427,106.0179879,165,Unhealthy,3,22.5,72,0.0,2.0,207,976.6,100,104.3,107.8,542.0,9.3,123.0,7.0
2025-04-06 19:00:00,2025,4,6,19,Cao Bằng,Xã Tam Kim,22.606427,106.0179879,166,Unhealthy,3,21.8,75,0.0,2.8,252,977.6,100,97.8,101.3,567.0,11.9,109.0,10.0
2025-04-06 20:00:00,2025,4,6,20,Cao Bằng,Xã Tam Kim,22.606427,106.0179879,167,Unhealthy,3,21.2,80,0.2,0.4,243,978.8,100,105.5,109.2,563.0,12.2,102.0,10.0
2025-04-06 21:00:00,2025,4,6,21,Cao Bằng,Xã Tam Kim,22.606427,106.0179879,168,Unhealthy,3,20.9,83,0.5,0.6,72,979.5,100,105.5,109.2,543.0,12.5,92.0,10.0
2025-04-06 22:00:00,2025,4,6,22,Cao Bằng,Xã Tam Kim,22.606427,106.0179879,169,Unhealthy,3,20.4,87,0.3,2.0,90,979.9,100,103.4,106.9,527.0,12.7,83.0,10.0
2025-04-06 23:00:00,2025,4,6,23,Cao Bằng,Xã Tam Kim,22.606427,106.0179879,169,Unhealthy,3,19.6,93,0.2,3.6,96,979.6,100,100.6,103.8,524.0,12.7,75.0,9.8
2025-04-07 00:00:00,2025,4,7,0,Cao Bằng,Xã Tam Kim,22.606427,106.0179879,170,Unhealthy,3,19.2,95,0.3,3.4,115,979.3,100,98.3,101.0,526.0,12.5,68.0,9.6
2025-04-07 01:00:00,2025,4,7,1,Cao Bằng,Xã Tam Kim,22.606427,106.0179879,170,Unhealthy,3,19.1,95,0.7,2.9,158,978.8,100,95.5,98.3,524.0,12.2,63.0,9.4
2025-04-07 02:00:00,2025,4,7,2,Cao Bằng,Xã Tam Kim,22.606427,106.0179879,171,Unhealthy,3,19.1,94,0.7,2.5,159,978.6,100,92.0,94.8,514.0,11.6,59.0,9.3
2025-04-07 03:00:00,2025,4,7,3,Cao Bằng,Xã Tam Kim,22.606427,106.0179879,171,Unhealthy,3,18.9,95,0.6,2.7,132,978.3,100,89.2,91.7,500.0,10.7,57.0,9.3
2025-04-07 04:00:00,2025,4,7,4,Cao Bằng,Xã Tam Kim,22.606427,106.0179879,171,Unhealthy,3,18.8,95,0.5,2.6,124,978.3,100,86.8,89.4,494.0,9.9,57.0,9.4
2025-04-07 05:00:00,2025,4,7,5,Cao Bằng,Xã Tam Kim,22.606427,106.0179879,171,Unhealthy,3,18.8,95,0.4,2.4,126,978.9,100,81.3,83.6,507.0,9.2,59.0,9.8
2025-04-07 06:00:00,2025,4,7,6,Cao Bằng,Xã Tam Kim,22.606427,106.0179879,171,Unhealthy,3,18.9,94,0.3,1.9,107,979.5,100,74.7,76.8,527.0,8.5,63.0,10.4
2025-04-07 07:00:00,2025,4,7,7,Cao Bằng,Xã Tam Kim,22.606427,106.0179879,170,Unhealthy,3,19.0,95,0.2,1.8,101,980.3,100,75.0,77.3,526.0,8.0,66.0,11.5
2025-04-07 08:00:00,2025,4,7,8,Cao Bằng,Xã Tam Kim,22.606427,106.0179879,170,Unhealthy,3,18.9,96,0.0,0.2,90,981.5,100,63.6,65.0,482.0,7.6,69.0,12.5
2025-04-07 09:00:00,2025,4,7,9,Cao Bằng,Xã Tam Kim,22.606427,106.0179879,169,Unhealthy,3,19.6,92,0.0,1.0,211,982.2,100,54.5,55.6,416.0,7.1,73.0,13.8
2025-04-07 10:00:00,2025,4,7,10,Cao Bằng,Xã Tam Kim,22.606427,106.0179879,169,Unhealthy,3,20.4,89,0.0,1.0,149,982.3,100,46.6,47.3,370.0,6.5,79.0,14.5
2025-04-07 11:00:00,2025,4,7,11,Cao Bằng,Xã Tam Kim,22.606427,106.0179879,168,Unhealthy,3,21.3,82,0.0,4.8,135,981.6,100,34.8,35.3,360.0,5.9,88.0,14.0
2025-04-07 12:00:00,2025,4,7,12,Cao Bằng,Xã Tam Kim,22.606427,106.0179879,167,Unhealthy,3,22.3,78,0.0,6.9,135,980.5,100,28.8,29.1,369.0,5.3,99.0,12.9
2025-04-07 13:00:00,2025,4,7,13,Cao Bằng,Xã Tam Kim,22.606427,106.0179879,165,Unhealthy,3,23.3,72,0.0,6.4,144,979.1,100,29.0,29.3,386.0,4.8,108.0,11.5
2025-04-07 14:00:00,2025,4,7,14,Cao Bằng,Xã Tam Kim,22.606427,106.0179879,164,Unhealthy,3,23.6,70,0.0,4.3,152,977.7,100,29.5,29.7,408.0,4.1,116.0,9.7
2025-04-07 15:00:00,2025,4,7,15,Cao Bằng,Xã Tam Kim,22.606427,106.0179879,162,Unhealthy,3,23.6,72,0.0,0.8,135,976.9,100,32.8,33.1,438.0,3.6,122.0,7.7
2025-04-07 16:00:00,2025,4,7,16,Cao Bằng,Xã Tam Kim,22.606427,106.0179879,161,Unhealthy,3,23.9,71,0.0,1.9,139,976.4,100,29.8,30.0,469.0,4.4,123.0,6.3
2025-04-07 17:00:00,2025,4,7,17,Cao Bằng,Xã Tam Kim,22.606427,106.0179879,160,Unhealthy,3,23.8,73,0.0,0.8,333,976.8,100,31.2,31.3,505.0,7.6,114.0,6.0
2025-04-07 18:00:00,2025,4,7,18,Cao Bằng,Xã Tam Kim,22.606427,106.0179879,158,Unhealthy,3,22.7,79,0.0,1.3,56,977.6,100,35.4,35.6,542.0,12.2,99.0,6.3
2025-04-07 19:00:00,2025,4,7,19,Cao Bằng,Xã Tam Kim,22.606427,106.0179879,156,Unhealthy,3,22.1,82,0.0,1.1,90,978.5,100,26.3,26.5,565.0,13.3,78.0,3.4
2025-04-07 20:00:00,2025,4,7,20,Cao Bằng,Xã Tam Kim,22.606427,106.0179879,155,Unhealthy,3,20.8,85,0.0,2.0,297,979.1,100,28.0,28.2,561.0,13.8,72.0,3.4
2025-04-07 21:00:00,2025,4,7,21,Cao Bằng,Xã Tam Kim,22.606427,106.0179879,153,Unhealthy,3,20.7,87,0.0,0.9,270,979.8,99,29.6,29.8,543.0,14.4,65.0,3.5
2025-04-07 22:00:00,2025,4,7,22,Cao Bằng,Xã Tam Kim,22.606427,106.0179879,151,Unhealthy,3,20.2,88,0.0,0.9,281,980.3,100,31.1,31.3,527.0,14.8,58.0,3.4
2025-04-07 23:00:00,2025,4,7,23,Cao Bằng,Xã Tam Kim,22.606427,106.0179879,149,Unhealthy for Sensitive Groups,2,19.9,89,0.0,0.9,233,980.0,97,32.7,32.8,521.0,14.8,53.0,3.1
2025-04-08 00:00:00,2025,4,8,0,Cao Bằng,Xã Tam Kim,22.606427,106.0179879,142,Unhealthy for Sensitive Groups,2,19.9,89,0.0,0.9,217,979.2,85,34.0,34.1,518.0,14.5,50.0,2.8
2025-04-08 01:00:00,2025,4,8,1,Cao Bằng,Xã Tam Kim,22.606427,106.0179879,135,Unhealthy for Sensitive Groups,2,19.8,90,0.0,0.5,135,978.5,97,35.3,35.4,513.0,14.1,47.0,2.5
2025-04-08 02:00:00,2025,4,8,2,Cao Bằng,Xã Tam Kim,22.606427,106.0179879,129,Unhealthy for Sensitive Groups,2,19.5,92,0.0,0.8,117,977.8,96,36.4,36.6,501.0,13.7,44.0,2.4
2025-04-08 03:00:00,2025,4,8,3,Cao Bằng,Xã Tam Kim,22.606427,106.0179879,123,Unhealthy for Sensitive Groups,2,19.5,93,0.0,1.8,101,977.3,99,38.0,38.1,487.0,13.3,42.0,2.5
2025-04-08 04:00:00,2025,4,8,4,Cao Bằng,Xã Tam Kim,22.606427,106.0179879,118,Unhealthy for Sensitive Groups,2,19.4,94,0.0,2.8,101,977.4,100,40.4,40.5,485.0,12.7,42.0,2.7
2025-04-08 05:00:00,2025,4,8,5,Cao Bằng,Xã Tam Kim,22.606427,106.0179879,113,Unhealthy for Sensitive Groups,2,19.4,95,0.0,3.3,84,978.2,100,33.9,34.0,509.0,12.0,45.0,3.0
2025-04-08 06:00:00,2025,4,8,6,Cao Bằng,Xã Tam Kim,22.606427,106.0179879,108,Unhealthy for Sensitive Groups,2,19.5,96,0.0,2.7,90,978.9,100,32.9,33.1,544.0,11.1,51.0,3.5
2025-04-08 07:00:00,2025,4,8,7,Cao Bằng,Xã Tam Kim,22.606427,106.0179879,104,Unhealthy for Sensitive Groups,2,20.4,92,0.0,4.2,108,979.7,100,38.5,38.8,561.0,9.3,64.0,5.2
2025-04-08 08:00:00,2025,4,8,8,Cao Bằng,Xã Tam Kim,22.606427,106.0179879,100,Moderate,1,22.0,84,0.0,6.7,142,980.8,100,36.6,36.8,540.0,8.0,73.0,5.9
2025-04-08 09:00:00,2025,4,8,9,Cao Bằng,Xã Tam Kim,22.606427,106.0179879,98,Moderate,1,22.9,81,0.2,5.5,136,980.9,100,29.5,29.7,501.0,6.2,86.0,6.9
2025-04-08 10:00:00,2025,4,8,10,Cao Bằng,Xã Tam Kim,22.606427,106.0179879,95,Moderate,1,24.8,71,0.1,4.8,124,980.6,100,32.0,32.2,471.0,4.7,98.0,7.3
2025-04-08 11:00:00,2025,4,8,11,Cao Bằng,Xã Tam Kim,22.606427,106.0179879,94,Moderate,1,26.0,65,0.1,6.5,124,980.0,100,37.3,37.6,464.0,3.7,108.0,6.6
2025-04-08 12:00:00,2025,4,8,12,Cao Bằng,Xã Tam Kim,22.606427,106.0179879,94,Moderate,1,27.3,60,0.0,8.8,145,979.0,100,41.8,42.3,467.0,3.0,117.0,5.2
2025-04-08 13:00:00,2025,4,8,13,Cao Bằng,Xã Tam Kim,22.606427,106.0179879,96,Moderate,1,27.8,57,0.0,9.7,149,977.6,100,44.0,44.7,467.0,2.6,124.0,4.1
2025-04-08 14:00:00,2025,4,8,14,Cao Bằng,Xã Tam Kim,22.606427,106.0179879,97,Moderate,1,28.4,56,0.0,11.6,158,976.4,100,47.1,47.8,455.0,2.2,131.0,3.4
2025-04-08 15:00:00,2025,4,8,15,Cao Bằng,Xã Tam Kim,22.606427,106.0179879,98,Moderate,1,28.5,55,0.0,9.8,149,975.4,100,50.6,51.6,442.0,2.1,136.0,2.8
2025-04-08 16:00:00,2025,4,8,16,Cao Bằng,Xã Tam Kim,22.606427,106.0179879,100,Moderate,1,27.8,60,0.0,10.7,138,974.9,96,53.0,53.9,442.0,2.9,136.0,2.5
2025-04-08 17:00:00,2025,4,8,17,Cao Bằng,Xã Tam Kim,22.606427,106.0179879,102,Unhealthy for Sensitive Groups,2,27.4,59,0.0,9.2,145,975.0,65,54.9,55.8,470.0,5.3,128.0,2.6
2025-04-08 18:00:00,2025,4,8,18,Cao Bằng,Xã Tam Kim,22.606427,106.0179879,105,Unhealthy for Sensitive Groups,2,24.9,71,0.0,8.0,149,975.4,13,57.7,58.3,512.0,8.5,115.0,2.9
2025-04-08 19:00:00,2025,4,8,19,Cao Bằng,Xã Tam Kim,22.606427,106.0179879,107,Unhealthy for Sensitive Groups,2,22.8,81,0.0,7.0,180,976.2,44,48.8,49.4,546.0,9.0,104.0,2.6
2025-04-08 20:00:00,2025,4,8,20,Cao Bằng,Xã Tam Kim,22.606427,106.0179879,110,Unhealthy for Sensitive Groups,2,22.3,84,0.0,4.2,192,976.9,34,51.0,51.5,564.0,10.1,96.0,2.8
2025-04-08 21:00:00,2025,4,8,21,Cao Bằng,Xã Tam Kim,22.606427,106.0179879,112,Unhealthy for Sensitive Groups,2,21.2,88,0.0,3.2,199,977.8,69,54.7,55.2,574.0,11.6,85.0,3.1
2025-04-08 22:00:00,2025,4,8,22,Cao Bằng,Xã Tam Kim,22.606427,106.0179879,115,Unhealthy for Sensitive Groups,2,20.4,91,0.0,1.5,201,978.0,36,58.3,58.8,580.0,12.8,74.0,3.2
2025-04-08 23:00:00,2025,4,8,23,Cao Bằng,Xã Tam Kim,22.606427,106.0179879,117,Unhealthy for Sensitive Groups,2,19.9,93,0.0,1.0,149,977.9,70,60.5,61.0,583.0,13.4,66.0,3.1
2025-04-09 00:00:00,2025,4,9,0,Cao Bằng,Xã Tam Kim,22.606427,106.0179879,120,Unhealthy for Sensitive Groups,2,20.3,93,0.0,2.2,145,977.6,93,61.7,62.2,582.0,13.6,58.0,2.9
2025-04-09 01:00:00,2025,4,9,1,Cao Bằng,Xã Tam Kim,22.606427,106.0179879,123,Unhealthy for Sensitive Groups,2,20.5,92,0.0,1.1,81,976.9,100,62.2,62.6,577.0,13.6,52.0,2.7
2025-04-09 02:00:00,2025,4,9,2,Cao Bằng,Xã Tam Kim,22.606427,106.0179879,126,Unhealthy for Sensitive Groups,2,20.6,94,0.0,2.4,48,975.9,100,56.6,56.9,573.0,13.2,47.0,2.5
2025-04-09 03:00:00,2025,4,9,3,Cao Bằng,Xã Tam Kim,22.606427,106.0179879,128,Unhealthy for Sensitive Groups,2,20.8,95,0.1,1.8,37,975.2,100,42.8,43.1,565.0,12.5,42.0,2.2
2025-04-09 04:00:00,2025,4,9,4,Cao Bằng,Xã Tam Kim,22.606427,106.0179879,129,Unhealthy for Sensitive Groups,2,20.7,96,0.1,2.1,52,975.1,100,29.3,29.5,543.0,11.8,39.0,2.1
2025-04-09 05:00:00,2025,4,9,5,Cao Bằng,Xã Tam Kim,22.606427,106.0179879,127,Unhealthy for Sensitive Groups,2,20.6,98,0.0,2.6,74,975.4,100,20.6,20.7,494.0,11.4,37.0,2.4
2025-04-09 06:00:00,2025,4,9,6,Cao Bằng,Xã Tam Kim,22.606427,106.0179879,126,Unhealthy for Sensitive Groups,2,20.8,98,0.0,5.1,108,975.8,100,16.9,16.9,430.0,11.0,36.0,2.8
2025-04-09 07:00:00,2025,4,9,7,Cao Bằng,Xã Tam Kim,22.606427,106.0179879,124,Unhealthy for Sensitive Groups,2,21.8,91,0.0,6.7,124,976.1,100,29.3,29.8,384.0,9.0,47.0,3.2
2025-04-09 08:00:00,2025,4,9,8,Cao Bằng,Xã Tam Kim,22.606427,106.0179879,123,Unhealthy for Sensitive Groups,2,23.2,83,0.0,8.0,146,976.9,100,28.9,29.6,369.0,7.7,56.0,2.7
2025-04-09 09:00:00,2025,4,9,9,Cao Bằng,Xã Tam Kim,22.606427,106.0179879,123,Unhealthy for Sensitive Groups,2,23.7,79,0.0,7.8,157,977.4,100,30.5,31.2,370.0,5.9,70.0,1.9
2025-04-09 10:00:00,2025,4,9,10,Cao Bằng,Xã Tam Kim,22.606427,106.0179879,123,Unhealthy for Sensitive Groups,2,24.3,76,0.1,7.4,154,977.2,100,31.7,32.4,376.0,4.5,82.0,1.3
2025-04-09 11:00:00,2025,4,9,11,Cao Bằng,Xã Tam Kim,22.606427,106.0179879,123,Unhealthy for Sensitive Groups,2,24.8,75,0.1,7.9,156,976.7,100,31.4,32.0,384.0,3.7,92.0,1.0
2025-04-09 12:00:00,2025,4,9,12,Cao Bằng,Xã Tam Kim,22.606427,106.0179879,122,Unhealthy for Sensitive Groups,2,26.2,70,0.1,6.2,144,975.5,100,32.8,33.4,397.0,3.4,100.0,0.7
2025-04-09 13:00:00,2025,4,9,13,Cao Bằng,Xã Tam Kim,22.606427,106.0179879,121,Unhealthy for Sensitive Groups,2,27.0,67,0.0,7.8,151,973.8,99,31.4,31.9,407.0,3.2,108.0,0.6
2025-04-09 14:00:00,2025,4,9,14,Cao Bằng,Xã Tam Kim,22.606427,106.0179879,120,Unhealthy for Sensitive Groups,2,28.7,58,0.0,7.1,186,972.3,100,32.7,33.1,409.0,3.0,116.0,0.5
2025-04-09 15:00:00,2025,4,9,15,Cao Bằng,Xã Tam Kim,22.606427,106.0179879,118,Unhealthy for Sensitive Groups,2,29.1,56,0.0,7.6,184,970.9,97,33.8,34.2,409.0,3.1,123.0,0.4
2025-04-09 16:00:00,2025,4,9,16,Cao Bằng,Xã Tam Kim,22.606427,106.0179879,117,Unhealthy for Sensitive Groups,2,28.8,57,0.0,8.6,179,970.2,85,36.7,37.1,418.0,4.1,124.0,0.6
2025-04-09 17:00:00,2025,4,9,17,Cao Bằng,Xã Tam Kim,22.606427,106.0179879,115,Unhealthy for Sensitive Groups,2,28.1,62,0.0,9.7,169,969.9,81,40.4,40.9,446.0,6.6,117.0,1.1
2025-04-09 18:00:00,2025,4,9,18,Cao Bằng,Xã Tam Kim,22.606427,106.0179879,113,Unhealthy for Sensitive Groups,2,25.7,72,0.0,9.5,148,970.2,99,45.3,45.8,484.0,10.0,105.0,1.9
2025-04-09 19:00:00,2025,4,9,19,Cao Bằng,Xã Tam Kim,22.606427,106.0179879,112,Unhealthy for Sensitive Groups,2,24.2,80,0.0,8.9,159,970.8,94,44.1,44.6,512.0,12.4,93.0,2.3
2025-04-09 20:00:00,2025,4,9,20,Cao Bằng,Xã Tam Kim,22.606427,106.0179879,112,Unhealthy for Sensitive Groups,2,22.9,85,0.0,5.6,155,972.3,100,47.7,48.3,522.0,13.4,85.0,2.7
2025-04-09 21:00:00,2025,4,9,21,Cao Bằng,Xã Tam Kim,22.606427,106.0179879,111,Unhealthy for Sensitive Groups,2,21.9,89,0.0,1.8,143,972.9,99,52.4,53.0,522.0,14.8,75.0,3.3
2025-04-09 22:00:00,2025,4,9,22,Cao Bằng,Xã Tam Kim,22.606427,106.0179879,111,Unhealthy for Sensitive Groups,2,21.8,90,0.0,1.3,172,973.5,99,55.9,56.5,519.0,15.6,66.0,3.8
2025-04-09 23:00:00,2025,4,9,23,Cao Bằng,Xã Tam Kim,22.606427,106.0179879,111,Unhealthy for Sensitive Groups,2,21.8,90,0.0,0.3,135,973.7,100,59.1,59.6,513.0,15.2,62.0,4.3
2025-04-10 00:00:00,2025,4,10,0,Cao Bằng,Xã Tam Kim,22.606427,106.0179879,111,Unhealthy for Sensitive Groups,2,21.9,91,0.0,1.9,107,973.2,100,60.1,60.8,503.0,14.2,60.0,4.6
2025-04-10 01:00:00,2025,4,10,1,Cao Bằng,Xã Tam Kim,22.606427,106.0179879,110,Unhealthy for Sensitive Groups,2,21.9,92,0.0,2.5,90,972.9,100,59.1,59.8,495.0,13.1,58.0,4.7
2025-04-10 02:00:00,2025,4,10,2,Cao Bằng,Xã Tam Kim,22.606427,106.0179879,110,Unhealthy for Sensitive Groups,2,21.8,93,0.0,2.8,101,972.2,100,58.1,58.8,495.0,12.2,53.0,4.2
2025-04-10 03:00:00,2025,4,10,3,Cao Bằng,Xã Tam Kim,22.606427,106.0179879,110,Unhealthy for Sensitive Groups,2,22.0,93,0.0,4.5,76,971.5,98,55.4,56.1,498.0,11.3,49.0,3.3
2025-04-10 04:00:00,2025,4,10,4,Cao Bằng,Xã Tam Kim,22.606427,106.0179879,112,Unhealthy for Sensitive Groups,2,21.6,96,0.0,4.3,75,971.5,100,54.5,55.3,492.0,10.2,47.0,2.6
2025-04-10 05:00:00,2025,4,10,5,Cao Bằng,Xã Tam Kim,22.606427,106.0179879,114,Unhealthy for Sensitive Groups,2,21.5,96,0.0,3.6,81,971.5,100,54.0,54.9,468.0,8.9,50.0,2.2
2025-04-10 06:00:00,2025,4,10,6,Cao Bằng,Xã Tam Kim,22.606427,106.0179879,118,Unhealthy for Sensitive Groups,2,21.4,97,0.0,3.4,74,971.8,100,51.3,52.3,434.0,7.4,55.0,2.0
2025-04-10 07:00:00,2025,4,10,7,Cao Bằng,Xã Tam Kim,22.606427,106.0179879,121,Unhealthy for Sensitive Groups,2,22.1,93,0.0,3.8,90,972.4,100,29.6,30.2,407.0,7.1,60.0,2.2
2025-04-10 08:00:00,2025,4,10,8,Cao Bằng,Xã Tam Kim,22.606427,106.0179879,121,Unhealthy for Sensitive Groups,2,22.9,91,0.3,4.9,88,973.6,100,25.0,25.7,394.0,5.7,76.0,1.9
2025-04-10 09:00:00,2025,4,10,9,Cao Bằng,Xã Tam Kim,22.606427,106.0179879,121,Unhealthy for Sensitive Groups,2,24.1,85,0.3,5.2,63,973.6,100,29.1,31.1,387.0,3.7,99.0,1.6
2025-04-10 10:00:00,2025,4,10,10,Cao Bằng,Xã Tam Kim,22.606427,106.0179879,121,Unhealthy for Sensitive Groups,2,26.8,70,0.1,5.4,70,973.3,87,31.1,33.9,377.0,2.2,117.0,1.3
2025-04-10 11:00:00,2025,4,10,11,Cao Bằng,Xã Tam Kim,22.606427,106.0179879,121,Unhealthy for Sensitive Groups,2,29.4,56,0.1,3.1,103,972.5,92,33.4,37.7,357.0,1.6,127.0,1.2
2025-04-10 12:00:00,2025,4,10,12,Cao Bằng,Xã Tam Kim,22.606427,106.0179879,121,Unhealthy for Sensitive Groups,2,30.8,52,0.0,3.6,108,970.8,16,35.4,40.6,335.0,1.4,133.0,1.1
2025-04-10 13:00:00,2025,4,10,13,Cao Bằng,Xã Tam Kim,22.606427,106.0179879,121,Unhealthy for Sensitive Groups,2,32.6,44,0.0,5.4,188,969.6,49,36.8,42.4,319.0,1.3,137.0,1.1
2025-04-10 14:00:00,2025,4,10,14,Cao Bằng,Xã Tam Kim,22.606427,106.0179879,122,Unhealthy for Sensitive Groups,2,33.1,41,0.0,6.7,196,968.3,53,36.8,42.5,312.0,1.1,141.0,1.1
2025-04-10 15:00:00,2025,4,10,15,Cao Bằng,Xã Tam Kim,22.606427,106.0179879,122,Unhealthy for Sensitive Groups,2,32.9,40,0.0,9.1,207,967.3,84,37.1,42.4,311.0,1.1,144.0,1.1
2025-04-10 16:00:00,2025,4,10,16,Cao Bằng,Xã Tam Kim,22.606427,106.0179879,123,Unhealthy for Sensitive Groups,2,30.7,50,0.0,11.4,191,966.8,89,38.0,42.7,322.0,1.7,144.0,1.3
2025-04-10 17:00:00,2025,4,10,17,Cao Bằng,Xã Tam Kim,22.606427,106.0179879,123,Unhealthy for Sensitive Groups,2,29.5,57,0.0,9.0,175,966.5,49,39.1,43.2,354.0,3.4,139.0,1.7
2025-04-10 18:00:00,2025,4,10,18,Cao Bằng,Xã Tam Kim,22.606427,106.0179879,123,Unhealthy for Sensitive Groups,2,27.4,63,0.0,8.1,167,967.0,28,40.7,44.0,397.0,5.7,130.0,2.2
2025-04-10 19:00:00,2025,4,10,19,Cao Bằng,Xã Tam Kim,22.606427,106.0179879,122,Unhealthy for Sensitive Groups,2,24.8,74,0.0,9.0,164,968.0,12,50.6,53.8,423.0,8.1,129.0,2.7
2025-04-10 20:00:00,2025,4,10,20,Cao Bằng,Xã Tam Kim,22.606427,106.0179879,123,Unhealthy for Sensitive Groups,2,24.4,77,0.0,10.9,173,969.1,2,52.0,54.7,418.0,9.2,119.0,3.1
2025-04-10 21:00:00,2025,4,10,21,Cao Bằng,Xã Tam Kim,22.606427,106.0179879,123,Unhealthy for Sensitive Groups,2,23.3,83,0.0,8.9,156,970.4,15,52.9,54.9,396.0,10.6,106.0,3.6
2025-04-10 22:00:00,2025,4,10,22,Cao Bằng,Xã Tam Kim,22.606427,106.0179879,123,Unhealthy for Sensitive Groups,2,22.8,86,0.0,8.2,144,970.7,34,54.9,56.6,377.0,11.7,93.0,4.0
2025-04-10 23:00:00,2025,4,10,23,Cao Bằng,Xã Tam Kim,22.606427,106.0179879,123,Unhealthy for Sensitive Groups,2,22.7,88,0.0,6.3,127,970.9,50,56.9,58.2,367.0,12.1,82.0,4.1
2025-04-11 00:00:00,2025,4,11,0,Cao Bằng,Xã Tam Kim,22.606427,106.0179879,123,Unhealthy for Sensitive Groups,2,22.6,88,0.0,5.6,111,970.6,10,58.1,59.1,359.0,12.2,73.0,4.0
2025-04-11 01:00:00,2025,4,11,1,Cao Bằng,Xã Tam Kim,22.606427,106.0179879,123,Unhealthy for Sensitive Groups,2,21.7,92,0.0,4.4,111,969.7,9,58.4,59.5,353.0,11.6,67.0,3.8
2025-04-11 02:00:00,2025,4,11,2,Cao Bằng,Xã Tam Kim,22.606427,106.0179879,123,Unhealthy for Sensitive Groups,2,20.7,95,0.0,2.9,120,969.0,62,58.9,60.1,348.0,10.1,67.0,3.2
2025-04-11 03:00:00,2025,4,11,3,Cao Bằng,Xã Tam Kim,22.606427,106.0179879,123,Unhealthy for Sensitive Groups,2,20.6,96,0.0,1.8,127,968.4,93,57.7,59.0,345.0,8.1,70.0,2.4
2025-04-11 04:00:00,2025,4,11,4,Cao Bằng,Xã Tam Kim,22.606427,106.0179879,123,Unhealthy for Sensitive Groups,2,20.6,96,0.0,0.9,101,968.4,99,57.9,59.3,350.0,6.3,76.0,2.0
2025-04-11 05:00:00,2025,4,11,5,Cao Bằng,Xã Tam Kim,22.606427,106.0179879,123,Unhealthy for Sensitive Groups,2,20.3,97,0.0,1.0,112,968.7,82,57.7,59.0,372.0,5.2,84.0,2.3
2025-04-11 06:00:00,2025,4,11,6,Cao Bằng,Xã Tam Kim,22.606427,106.0179879,124,Unhealthy for Sensitive Groups,2,20.4,98,0.0,1.1,90,968.9,100,56.6,57.9,403.0,4.3,95.0,3.0
2025-04-11 07:00:00,2025,4,11,7,Cao Bằng,Xã Tam Kim,22.606427,106.0179879,124,Unhealthy for Sensitive Groups,2,21.8,91,0.0,3.3,99,969.7,100,47.1,48.3,423.0,3.8,97.0,2.4
2025-04-11 08:00:00,2025,4,11,8,Cao Bằng,Xã Tam Kim,22.606427,106.0179879,126,Unhealthy for Sensitive Groups,2,24.9,76,0.0,7.2,152,970.7,99,49.4,50.5,421.0,3.3,105.0,2.7
2025-04-11 09:00:00,2025,4,11,9,Cao Bằng,Xã Tam Kim,22.606427,106.0179879,129,Unhealthy for Sensitive Groups,2,27.4,62,0.0,6.2,159,971.3,99,51.5,52.7,407.0,2.7,117.0,3.1
2025-04-11 10:00:00,2025,4,11,10,Cao Bằng,Xã Tam Kim,22.606427,106.0179879,131,Unhealthy for Sensitive Groups,2,29.7,54,0.0,6.2,173,971.0,41,51.2,52.5,394.0,2.1,127.0,3.2
2025-04-11 11:00:00,2025,4,11,11,Cao Bằng,Xã Tam Kim,22.606427,106.0179879,133,Unhealthy for Sensitive Groups,2,30.8,54,0.0,10.1,184,970.1,32,53.2,54.4,383.0,1.7,134.0,2.8
2025-04-11 12:00:00,2025,4,11,12,Cao Bằng,Xã Tam Kim,22.606427,106.0179879,135,Unhealthy for Sensitive Groups,2,32.3,48,0.0,13.2,206,969.0,33,54.0,55.2,373.0,1.5,140.0,2.1
2025-04-11 13:00:00,2025,4,11,13,Cao Bằng,Xã Tam Kim,22.606427,106.0179879,137,Unhealthy for Sensitive Groups,2,33.5,43,0.0,13.3,189,967.4,26,54.5,55.6,373.0,1.4,147.0,1.6
2025-04-11 14:00:00,2025,4,11,14,Cao Bằng,Xã Tam Kim,22.606427,106.0179879,139,Unhealthy for Sensitive Groups,2,33.0,46,0.0,15.8,195,966.2,20,55.4,56.6,391.0,1.4,155.0,1.4
2025-04-11 15:00:00,2025,4,11,15,Cao Bằng,Xã Tam Kim,22.606427,106.0179879,141,Unhealthy for Sensitive Groups,2,32.7,47,0.0,15.1,197,965.3,19,56.9,58.0,418.0,1.6,164.0,1.4
2025-04-11 16:00:00,2025,4,11,16,Cao Bằng,Xã Tam Kim,22.606427,106.0179879,143,Unhealthy for Sensitive Groups,2,32.1,48,0.0,14.8,193,964.7,51,58.7,59.8,443.0,2.2,171.0,1.6
2025-04-11 17:00:00,2025,4,11,17,Cao Bằng,Xã Tam Kim,22.606427,106.0179879,145,Unhealthy for Sensitive Groups,2,30.9,54,0.0,10.7,194,965.1,30,61.2,62.2,459.0,3.4,175.0,1.9
2025-04-11 18:00:00,2025,4,11,18,Cao Bằng,Xã Tam Kim,22.606427,106.0179879,147,Unhealthy for Sensitive Groups,2,28.3,64,0.0,6.8,169,965.3,14,63.6,64.3,473.0,4.9,176.0,2.4
2025-04-11 19:00:00,2025,4,11,19,Cao Bằng,Xã Tam Kim,22.606427,106.0179879,150,Unhealthy for Sensitive Groups,2,26.0,73,0.0,5.4,154,965.7,2,54.7,55.4,485.0,6.5,169.0,2.9
2025-04-11 20:00:00,2025,4,11,20,Cao Bằng,Xã Tam Kim,22.606427,106.0179879,150,Unhealthy for Sensitive Groups,2,25.3,76,0.0,6.5,166,967.7,23,57.4,57.9,497.0,6.9,166.0,3.6
2025-04-11 21:00:00,2025,4,11,21,Cao Bằng,Xã Tam Kim,22.606427,106.0179879,150,Unhealthy for Sensitive Groups,2,24.9,80,0.0,4.3,152,968.6,43,60.1,60.5,508.0,7.5,162.0,4.7
2025-04-11 22:00:00,2025,4,11,22,Cao Bằng,Xã Tam Kim,22.606427,106.0179879,151,Unhealthy,3,24.1,84,0.0,2.8,130,968.8,46,63.6,64.0,517.0,8.0,156.0,5.6
2025-04-11 23:00:00,2025,4,11,23,Cao Bằng,Xã Tam Kim,22.606427,106.0179879,151,Unhealthy,3,23.4,88,0.0,2.8,145,968.7,63,66.4,66.8,524.0,8.3,147.0,6.4
2025-04-12 00:00:00,2025,4,12,0,Cao Bằng,Xã Tam Kim,22.606427,106.0179879,151,Unhealthy,3,22.8,91,0.0,3.4,148,968.3,90,68.7,69.2,530.0,8.4,136.0,7.0
2025-04-12 01:00:00,2025,4,12,1,Cao Bằng,Xã Tam Kim,22.606427,106.0179879,151,Unhealthy,3,22.4,92,0.0,3.3,135,967.5,60,70.5,70.8,532.0,8.4,125.0,7.5
2025-04-12 02:00:00,2025,4,12,2,Cao Bằng,Xã Tam Kim,22.606427,106.0179879,151,Unhealthy,3,22.3,94,0.0,3.4,74,967.2,99,72.6,73.1,526.0,8.2,113.0,7.6
2025-04-12 03:00:00,2025,4,12,3,Cao Bằng,Xã Tam Kim,22.606427,106.0179879,152,Unhealthy,3,22.5,95,0.0,2.7,67,967.9,100,75.0,75.2,518.0,7.9,101.0,7.4
2025-04-12 04:00:00,2025,4,12,4,Cao Bằng,Xã Tam Kim,22.606427,106.0179879,152,Unhealthy,3,22.8,95,0.0,2.3,90,968.4,100,78.0,78.2,520.0,7.5,96.0,7.4
2025-04-12 05:00:00,2025,4,12,5,Cao Bằng,Xã Tam Kim,22.606427,106.0179879,152,Unhealthy,3,22.5,96,0.0,2.3,29,969.2,100,79.6,79.9,549.0,7.1,103.0,8.0
2025-04-12 06:00:00,2025,4,12,6,Cao Bằng,Xã Tam Kim,22.606427,106.0179879,153,Unhealthy,3,21.9,98,0.0,3.6,307,970.1,91,80.6,80.8,589.0,6.7,115.0,8.9
2025-04-12 07:00:00,2025,4,12,7,Cao Bằng,Xã Tam Kim,22.606427,106.0179879,153,Unhealthy,3,23.6,92,0.0,4.0,342,971.6,76,83.4,83.8,606.0,7.1,99.0,7.4
2025-04-12 08:00:00,2025,4,12,8,Cao Bằng,Xã Tam Kim,22.606427,106.0179879,154,Unhealthy,3,25.8,83,0.0,4.5,7,972.5,82,76.4,76.8,586.0,5.6,114.0,6.2
2025-04-12 09:00:00,2025,4,12,9,Cao Bằng,Xã Tam Kim,22.606427,106.0179879,155,Unhealthy,3,27.7,72,0.0,3.4,354,973.0,78,69.2,69.6,542.0,3.4,134.0,4.6
2025-04-12 10:00:00,2025,4,12,10,Cao Bằng,Xã Tam Kim,22.606427,106.0179879,155,Unhealthy,3,29.6,64,0.0,15.3,358,974.5,70,36.6,36.8,484.0,1.8,146.0,3.4
2025-04-12 11:00:00,2025,4,12,11,Cao Bằng,Xã Tam Kim,22.606427,106.0179879,155,Unhealthy,3,30.1,54,1.6,14.8,336,974.8,73,10.1,10.1,399.0,1.2,142.0,3.1
2025-04-12 12:00:00,2025,4,12,12,Cao Bằng,Xã Tam Kim,22.606427,106.0179879,154,Unhealthy,3,30.5,42,0.0,21.3,12,974.8,100,5.1,5.2,299.0,1.1,131.0,3.2
2025-04-12 13:00:00,2025,4,12,13,Cao Bằng,Xã Tam Kim,22.606427,106.0179879,153,Unhealthy,3,29.9,38,0.0,20.4,356,974.5,91,7.5,9.9,228.0,1.1,122.0,3.3
2025-04-12 14:00:00,2025,4,12,14,Cao Bằng,Xã Tam Kim,22.606427,106.0179879,152,Unhealthy,3,29.6,37,0.0,21.8,17,974.5,92,11.1,19.1,213.0,1.1,120.0,3.0
2025-04-12 15:00:00,2025,4,12,15,Cao Bằng,Xã Tam Kim,22.606427,106.0179879,151,Unhealthy,3,27.8,39,0.0,23.2,22,975.2,96,13.8,28.0,228.0,1.1,121.0,2.6
2025-04-12 16:00:00,2025,4,12,16,Cao Bằng,Xã Tam Kim,22.606427,106.0179879,149,Unhealthy for Sensitive Groups,2,26.4,39,0.0,19.0,20,976.3,99,16.4,36.6,238.0,1.3,120.0,2.4
2025-04-12 17:00:00,2025,4,12,17,Cao Bằng,Xã Tam Kim,22.606427,106.0179879,145,Unhealthy for Sensitive Groups,2,25.4,39,0.0,11.5,27,976.9,98,18.9,43.4,230.0,1.7,117.0,2.5
2025-04-12 18:00:00,2025,4,12,18,Cao Bằng,Xã Tam Kim,22.606427,106.0179879,140,Unhealthy for Sensitive Groups,2,23.9,38,0.0,10.1,46,977.9,100,21.3,47.6,216.0,2.1,112.0,2.7
2025-04-12 19:00:00,2025,4,12,19,Cao Bằng,Xã Tam Kim,22.606427,106.0179879,136,Unhealthy for Sensitive Groups,2,23.1,39,0.0,13.0,20,980.1,100,21.9,41.3,205.0,2.6,104.0,2.8
2025-04-12 20:00:00,2025,4,12,20,Cao Bằng,Xã Tam Kim,22.606427,106.0179879,133,Unhealthy for Sensitive Groups,2,21.5,53,0.0,15.7,347,981.3,100,21.2,39.1,198.0,2.7,101.0,2.8
2025-04-12 21:00:00,2025,4,12,21,Cao Bằng,Xã Tam Kim,22.606427,106.0179879,129,Unhealthy for Sensitive Groups,2,20.9,53,0.0,10.5,333,982.6,100,19.4,34.2,193.0,2.7,98.0,2.8
2025-04-12 22:00:00,2025,4,12,22,Cao Bằng,Xã Tam Kim,22.606427,106.0179879,125,Unhealthy for Sensitive Groups,2,20.5,51,0.0,10.4,328,982.9,100,18.3,30.9,189.0,2.8,95.0,2.7
2025-04-12 23:00:00,2025,4,12,23,Cao Bằng,Xã Tam Kim,22.606427,106.0179879,120,Unhealthy for Sensitive Groups,2,20.2,52,0.0,9.3,328,983.2,100,15.4,25.5,186.0,2.8,94.0,2.6
2025-04-13 00:00:00,2025,4,13,0,Cao Bằng,Xã Tam Kim,22.606427,106.0179879,114,Unhealthy for Sensitive Groups,2,20.1,51,0.0,9.6,334,982.9,100,13.4,22.7,185.0,2.8,94.0,2.4
2025-04-13 01:00:00,2025,4,13,1,Cao Bằng,Xã Tam Kim,22.606427,106.0179879,109,Unhealthy for Sensitive Groups,2,19.1,58,0.1,9.5,333,982.5,100,12.7,22.3,181.0,2.8,93.0,2.3
2025-04-13 02:00:00,2025,4,13,2,Cao Bằng,Xã Tam Kim,22.606427,106.0179879,103,Unhealthy for Sensitive Groups,2,18.6,61,0.0,6.7,322,981.6,100,13.2,25.7,171.0,2.8,91.0,2.3
2025-04-13 03:00:00,2025,4,13,3,Cao Bằng,Xã Tam Kim,22.606427,106.0179879,97,Moderate,1,18.8,55,0.0,6.8,328,981.1,100,14.9,31.7,160.0,2.9,89.0,2.5
2025-04-13 04:00:00,2025,4,13,4,Cao Bằng,Xã Tam Kim,22.606427,106.0179879,92,Moderate,1,19.0,46,0.0,7.0,328,981.2,100,17.3,39.0,157.0,3.2,86.0,2.6
2025-04-13 05:00:00,2025,4,13,5,Cao Bằng,Xã Tam Kim,22.606427,106.0179879,86,Moderate,1,18.8,40,0.0,7.5,327,981.8,100,19.3,44.8,173.0,3.9,79.0,2.8
2025-04-13 06:00:00,2025,4,13,6,Cao Bằng,Xã Tam Kim,22.606427,106.0179879,81,Moderate,1,18.6,38,0.0,9.0,322,982.2,100,20.8,48.7,198.0,4.8,71.0,3.0
2025-04-13 07:00:00,2025,4,13,7,Cao Bằng,Xã Tam Kim,22.606427,106.0179879,76,Moderate,1,18.8,39,0.0,12.1,320,983.7,100,22.5,53.6,213.0,3.4,84.0,3.3
2025-04-13 08:00:00,2025,4,13,8,Cao Bằng,Xã Tam Kim,22.606427,106.0179879,70,Moderate,1,17.4,56,0.2,8.8,311,984.6,100,23.3,57.5,209.0,3.0,86.0,3.4
2025-04-13 09:00:00,2025,4,13,9,Cao Bằng,Xã Tam Kim,22.606427,106.0179879,66,Moderate,1,17.0,60,0.1,9.1,304,984.8,100,25.0,66.6,195.0,2.5,90.0,3.4
2025-04-13 10:00:00,2025,4,13,10,Cao Bằng,Xã Tam Kim,22.606427,106.0179879,62,Moderate,1,17.8,54,0.0,9.9,305,985.1,70,26.1,74.7,183.0,2.0,95.0,3.3
2025-04-13 11:00:00,2025,4,13,11,Cao Bằng,Xã Tam Kim,22.606427,106.0179879,61,Moderate,1,21.9,40,0.0,6.9,345,984.2,58,25.2,76.4,177.0,1.6,102.0,2.9
2025-04-13 12:00:00,2025,4,13,12,Cao Bằng,Xã Tam Kim,22.606427,106.0179879,62,Moderate,1,23.2,39,0.0,4.0,342,982.9,99,23.3,70.1,172.0,1.3,111.0,2.3
2025-04-13 13:00:00,2025,4,13,13,Cao Bằng,Xã Tam Kim,22.606427,106.0179879,64,Moderate,1,23.9,38,0.0,2.8,310,981.1,51,21.9,63.8,171.0,1.1,117.0,1.9
2025-04-13 14:00:00,2025,4,13,14,Cao Bằng,Xã Tam Kim,22.606427,106.0179879,65,Moderate,1,24.7,40,0.0,2.6,254,979.3,88,21.0,59.3,170.0,0.8,120.0,1.7
2025-04-13 15:00:00,2025,4,13,15,Cao Bằng,Xã Tam Kim,22.606427,106.0179879,66,Moderate,1,24.8,36,0.0,3.2,254,977.9,99,20.8,57.5,171.0,0.6,121.0,1.7
2025-04-13 16:00:00,2025,4,13,16,Cao Bằng,Xã Tam Kim,22.606427,106.0179879,66,Moderate,1,24.4,37,0.0,3.1,246,977.1,86,20.7,55.8,185.0,1.8,117.0,1.9
2025-04-13 17:00:00,2025,4,13,17,Cao Bằng,Xã Tam Kim,22.606427,106.0179879,67,Moderate,1,24.3,37,0.0,1.8,276,976.8,26,20.7,54.4,225.0,5.3,107.0,2.5
2025-04-13 18:00:00,2025,4,13,18,Cao Bằng,Xã Tam Kim,22.606427,106.0179879,67,Moderate,1,22.6,52,0.0,0.2,270,976.9,37,21.8,52.7,277.0,10.2,92.0,3.3
2025-04-13 19:00:00,2025,4,13,19,Cao Bằng,Xã Tam Kim,22.606427,106.0179879,67,Moderate,1,20.8,52,0.0,4.4,173,977.5,65,25.7,57.0,307.0,13.2,81.0,3.6
2025-04-13 20:00:00,2025,4,13,20,Cao Bằng,Xã Tam Kim,22.606427,106.0179879,67,Moderate,1,20.1,56,0.0,1.8,217,978.5,99,27.4,58.7,294.0,15.0,77.0,4.2
2025-04-13 21:00:00,2025,4,13,21,Cao Bằng,Xã Tam Kim,22.606427,106.0179879,68,Moderate,1,19.7,59,0.0,0.4,270,979.5,100,29.5,61.5,260.0,17.5,71.0,4.9
2025-04-13 22:00:00,2025,4,13,22,Cao Bằng,Xã Tam Kim,22.606427,106.0179879,69,Moderate,1,19.6,60,0.0,0.7,270,980.0,100,31.1,64.0,232.0,20.1,65.0,5.6
2025-04-13 23:00:00,2025,4,13,23,Cao Bằng,Xã Tam Kim,22.606427,106.0179879,70,Moderate,1,19.4,61,0.0,0.4,270,980.1,100,32.9,66.6,224.0,22.9,60.0,6.1
2025-04-14 00:00:00,2025,4,14,0,Cao Bằng,Xã Tam Kim,22.606427,106.0179879,71,Moderate,1,18.5,63,0.0,1.3,315,979.7,100,34.2,68.5,223.0,25.7,56.0,6.5
2025-04-14 01:00:00,2025,4,14,1,Cao Bằng,Xã Tam Kim,22.606427,106.0179879,73,Moderate,1,17.7,65,0.0,2.5,291,979.2,100,35.2,69.4,221.0,27.4,51.0,6.6
2025-04-14 02:00:00,2025,4,14,2,Cao Bằng,Xã Tam Kim,22.606427,106.0179879,75,Moderate,1,17.2,66,0.0,1.1,261,978.1,100,35.4,68.7,208.0,27.7,43.0,6.0
2025-04-14 03:00:00,2025,4,14,3,Cao Bằng,Xã Tam Kim,22.606427,106.0179879,77,Moderate,1,16.8,68,0.0,0.9,270,977.7,100,34.9,65.9,195.0,27.0,34.0,5.1
2025-04-14 04:00:00,2025,4,14,4,Cao Bằng,Xã Tam Kim,22.606427,106.0179879,79,Moderate,1,16.5,68,0.0,1.4,270,977.4,100,34.2,62.2,200.0,25.2,29.0,4.3
2025-04-14 05:00:00,2025,4,14,5,Cao Bằng,Xã Tam Kim,22.606427,106.0179879,81,Moderate,1,16.2,70,0.0,3.0,245,977.6,100,33.9,59.5,248.0,22.1,30.0,3.9
2025-04-14 06:00:00,2025,4,14,6,Cao Bằng,Xã Tam Kim,22.606427,106.0179879,82,Moderate,1,16.6,74,0.0,0.4,243,978.1,100,33.8,58.1,314.0,17.9,36.0,3.8
2025-04-14 07:00:00,2025,4,14,7,Cao Bằng,Xã Tam Kim,22.606427,106.0179879,83,Moderate,1,18.2,66,0.0,0.6,252,979.4,99,30.2,48.2,350.0,14.0,46.0,3.5
2025-04-14 08:00:00,2025,4,14,8,Cao Bằng,Xã Tam Kim,22.606427,106.0179879,84,Moderate,1,20.0,56,0.0,1.0,68,980.4,100,25.6,47.1,324.0,10.3,69.0,3.5
2025-04-14 09:00:00,2025,4,14,9,Cao Bằng,Xã Tam Kim,22.606427,106.0179879,84,Moderate,1,22.8,45,0.0,1.4,67,981.1,70,23.1,50.6,267.0,5.2,101.0,3.4
2025-04-14 10:00:00,2025,4,14,10,Cao Bằng,Xã Tam Kim,22.606427,106.0179879,84,Moderate,1,25.4,37,0.0,1.5,60,980.9,96,23.3,54.7,223.0,1.5,125.0,3.3
2025-04-14 11:00:00,2025,4,14,11,Cao Bằng,Xã Tam Kim,22.606427,106.0179879,83,Moderate,1,26.9,33,0.0,2.5,60,980.4,98,23.7,56.9,210.0,0.4,133.0,3.2
2025-04-14 12:00:00,2025,4,14,12,Cao Bằng,Xã Tam Kim,22.606427,106.0179879,83,Moderate,1,28.2,34,0.0,1.4,90,979.7,100,23.7,57.3,211.0,0.7,133.0,3.0
2025-04-14 13:00:00,2025,4,14,13,Cao Bằng,Xã Tam Kim,22.606427,106.0179879,83,Moderate,1,29.0,33,0.0,1.9,209,978.5,100,23.6,56.6,214.0,1.1,132.0,2.9
2025-04-14 14:00:00,2025,4,14,14,Cao Bằng,Xã Tam Kim,22.606427,106.0179879,84,Moderate,1,29.1,32,0.0,4.4,232,977.5,96,23.4,55.3,212.0,0.7,134.0,2.8
2025-04-14 15:00:00,2025,4,14,15,Cao Bằng,Xã Tam Kim,22.606427,106.0179879,84,Moderate,1,30.0,31,0.0,5.0,229,976.6,100,23.1,53.9,212.0,0.3,135.0,2.7
2025-04-14 16:00:00,2025,4,14,16,Cao Bằng,Xã Tam Kim,22.606427,106.0179879,84,Moderate,1,29.7,31,0.0,6.4,225,975.9,43,23.2,53.2,229.0,1.5,132.0,2.9
2025-04-14 17:00:00,2025,4,14,17,Cao Bằng,Xã Tam Kim,22.606427,106.0179879,85,Moderate,1,28.2,36,0.0,7.4,227,975.6,91,23.6,53.1,280.0,5.3,120.0,3.4
2025-04-14 18:00:00,2025,4,14,18,Cao Bằng,Xã Tam Kim,22.606427,106.0179879,89,Moderate,1,24.2,50,0.0,6.1,223,975.5,77,25.8,53.3,347.0,10.6,104.0,4.2
2025-04-14 19:00:00,2025,4,14,19,Cao Bằng,Xã Tam Kim,22.606427,106.0179879,85,Moderate,1,22.0,58,0.0,3.9,214,976.2,100,31.2,60.8,389.0,16.0,94.0,5.2
2025-04-14 20:00:00,2025,4,14,20,Cao Bằng,Xã Tam Kim,22.606427,106.0179879,85,Moderate,1,22.0,57,0.0,2.3,238,976.4,100,34.3,65.0,382.0,18.9,87.0,6.0
2025-04-14 21:00:00,2025,4,14,21,Cao Bằng,Xã Tam Kim,22.606427,106.0179879,86,Moderate,1,21.5,56,0.0,2.5,270,977.3,100,37.8,68.9,349.0,22.9,78.0,7.1
2025-04-14 22:00:00,2025,4,14,22,Cao Bằng,Xã Tam Kim,22.606427,106.0179879,87,Moderate,1,21.4,54,0.0,2.1,255,977.7,100,40.5,71.9,326.0,26.1,69.0,7.8
2025-04-14 23:00:00,2025,4,14,23,Cao Bằng,Xã Tam Kim,22.606427,106.0179879,87,Moderate,1,20.4,54,0.0,0.5,225,977.8,100,42.7,73.8,329.0,27.7,62.0,8.0
2025-04-15 00:00:00,2025,4,15,0,Cao Bằng,Xã Tam Kim,22.606427,106.0179879,88,Moderate,1,19.2,58,0.0,0.7,256,977.6,100,44.1,73.8,340.0,28.4,56.0,7.8
2025-04-15 01:00:00,2025,4,15,1,Cao Bằng,Xã Tam Kim,22.606427,106.0179879,89,Moderate,1,17.5,65,0.0,1.4,247,977.2,100,44.9,73.6,341.0,28.3,51.0,7.4
2025-04-15 02:00:00,2025,4,15,2,Cao Bằng,Xã Tam Kim,22.606427,106.0179879,90,Moderate,1,15.8,76,0.0,1.7,238,976.4,100,45.5,72.6,316.0,27.5,46.0,6.8
2025-04-15 03:00:00,2025,4,15,3,Cao Bằng,Xã Tam Kim,22.606427,106.0179879,91,Moderate,1,15.1,83,0.0,1.0,248,975.9,100,45.6,71.0,281.0,25.9,41.0,5.9
2025-04-15 04:00:00,2025,4,15,4,Cao Bằng,Xã Tam Kim,22.606427,106.0179879,92,Moderate,1,14.8,86,0.0,1.5,249,975.9,100,45.4,69.4,267.0,23.8,40.0,5.3
2025-04-15 05:00:00,2025,4,15,5,Cao Bằng,Xã Tam Kim,22.606427,106.0179879,93,Moderate,1,15.1,84,0.0,1.4,247,976.3,100,45.3,68.5,299.0,21.2,42.0,5.1
2025-04-15 06:00:00,2025,4,15,6,Cao Bằng,Xã Tam Kim,22.606427,106.0179879,94,Moderate,1,15.8,81,0.0,1.4,247,976.5,100,45.9,68.9,351.0,18.1,48.0,5.0
2025-04-15 07:00:00,2025,4,15,7,Cao Bằng,Xã Tam Kim,22.606427,106.0179879,95,Moderate,1,18.8,71,0.0,1.7,257,977.4,100,41.6,56.6,376.0,15.4,54.0,4.6
2025-04-15 08:00:00,2025,4,15,8,Cao Bằng,Xã Tam Kim,22.606427,106.0179879,96,Moderate,1,21.1,60,0.0,1.4,293,978.9,100,36.2,50.1,345.0,11.5,78.0,4.4
2025-04-15 09:00:00,2025,4,15,9,Cao Bằng,Xã Tam Kim,22.606427,106.0179879,97,Moderate,1,23.9,51,0.0,1.5,324,979.2,100,27.8,49.6,285.0,6.0,111.0,4.1
2025-04-15 10:00:00,2025,4,15,10,Cao Bằng,Xã Tam Kim,22.606427,106.0179879,97,Moderate,1,27.2,37,0.0,2.0,355,979.1,100,22.6,50.4,236.0,2.0,135.0,3.7
2025-04-15 11:00:00,2025,4,15,11,Cao Bằng,Xã Tam Kim,22.606427,106.0179879,97,Moderate,1,30.3,21,0.0,1.9,29,978.3,100,18.9,47.5,210.0,0.7,141.0,3.2
2025-04-15 12:00:00,2025,4,15,12,Cao Bằng,Xã Tam Kim,22.606427,106.0179879,97,Moderate,1,32.0,16,0.0,2.9,101,977.1,82,17.6,45.3,193.0,0.8,138.0,2.7
2025-04-15 13:00:00,2025,4,15,13,Cao Bằng,Xã Tam Kim,22.606427,106.0179879,96,Moderate,1,33.3,16,0.0,5.7,127,976.1,87,16.5,41.2,184.0,1.0,135.0,2.3
2025-04-15 14:00:00,2025,4,15,14,Cao Bằng,Xã Tam Kim,22.606427,106.0179879,96,Moderate,1,34.0,15,0.0,7.6,142,974.8,99,15.5,37.8,182.0,0.7,138.0,2.0
2025-04-15 15:00:00,2025,4,15,15,Cao Bằng,Xã Tam Kim,22.606427,106.0179879,95,Moderate,1,33.6,15,0.0,10.5,153,973.6,99,14.9,35.3,187.0,0.4,141.0,1.9
2025-04-15 16:00:00,2025,4,15,16,Cao Bằng,Xã Tam Kim,22.606427,106.0179879,94,Moderate,1,32.8,16,0.0,10.4,148,972.5,97,14.5,33.3,197.0,1.3,140.0,2.2
2025-04-15 17:00:00,2025,4,15,17,Cao Bằng,Xã Tam Kim,22.606427,106.0179879,96,Moderate,1,31.0,21,0.0,8.3,138,972.2,98,15.4,31.3,212.0,4.3,131.0,3.1
2025-04-15 18:00:00,2025,4,15,18,Cao Bằng,Xã Tam Kim,22.606427,106.0179879,100,Moderate,1,26.8,29,0.0,8.8,165,972.3,86,18.5,33.6,232.0,8.3,118.0,4.4
2025-04-15 19:00:00,2025,4,15,19,Cao Bằng,Xã Tam Kim,22.606427,106.0179879,97,Moderate,1,24.4,38,0.0,10.3,195,973.3,96,20.0,34.7,251.0,11.8,119.0,5.0
2025-04-15 20:00:00,2025,4,15,20,Cao Bằng,Xã Tam Kim,22.606427,106.0179879,92,Moderate,1,24.2,38,0.0,6.7,182,973.8,19,23.1,36.8,265.0,11.3,124.0,8.1
2025-04-15 21:00:00,2025,4,15,21,Cao Bằng,Xã Tam Kim,22.606427,106.0179879,90,Moderate,1,22.8,44,0.0,4.6,169,974.5,59,27.2,37.6,278.0,10.8,131.0,12.3
2025-04-15 22:00:00,2025,4,15,22,Cao Bằng,Xã Tam Kim,22.606427,106.0179879,89,Moderate,1,21.9,49,0.0,1.9,163,975.5,100,32.9,41.9,294.0,10.6,133.0,15.5
2025-04-15 23:00:00,2025,4,15,23,Cao Bằng,Xã Tam Kim,22.606427,106.0179879,89,Moderate,1,21.0,56,0.0,1.0,149,975.7,100,39.6,48.3,318.0,11.3,126.0,16.6
2025-04-16 00:00:00,2025,4,16,0,Cao Bằng,Xã Tam Kim,22.606427,106.0179879,88,Moderate,1,19.8,62,0.0,0.6,198,975.2,95,46.4,55.3,345.0,12.4,114.0,16.7
2025-04-16 01:00:00,2025,4,16,1,Cao Bằng,Xã Tam Kim,22.606427,106.0179879,88,Moderate,1,18.3,65,0.0,0.0,270,974.6,100,52.6,61.7,363.0,13.2,104.0,16.7
2025-04-16 02:00:00,2025,4,16,2,Cao Bằng,Xã Tam Kim,22.606427,106.0179879,89,Moderate,1,17.3,71,0.0,0.3,225,974.0,100,57.9,67.8,359.0,13.5,98.0,17.0
2025-04-16 03:00:00,2025,4,16,3,Cao Bằng,Xã Tam Kim,22.606427,106.0179879,90,Moderate,1,16.6,76,0.0,0.3,225,973.3,100,62.6,73.1,346.0,13.6,93.0,17.3
2025-04-16 04:00:00,2025,4,16,4,Cao Bằng,Xã Tam Kim,22.606427,106.0179879,92,Moderate,1,16.1,78,0.0,0.2,270,973.1,100,67.1,78.5,346.0,13.6,90.0,17.5
2025-04-16 05:00:00,2025,4,16,5,Cao Bằng,Xã Tam Kim,22.606427,106.0179879,94,Moderate,1,15.8,79,0.0,0.5,270,973.1,44,71.0,83.8,382.0,13.8,85.0,17.6
2025-04-16 06:00:00,2025,4,16,6,Cao Bằng,Xã Tam Kim,22.606427,106.0179879,96,Moderate,1,15.8,79,0.0,0.9,270,973.1,81,75.4,89.4,430.0,13.9,82.0,17.7
2025-04-16 07:00:00,2025,4,16,7,Cao Bằng,Xã Tam Kim,22.606427,106.0179879,99,Moderate,1,18.9,66,0.0,2.3,23,973.8,95,71.7,81.0,444.0,12.1,85.0,17.5
2025-04-16 08:00:00,2025,4,16,8,Cao Bằng,Xã Tam Kim,22.606427,106.0179879,101,Unhealthy for Sensitive Groups,2,22.5,53,0.0,4.0,54,975.0,100,65.2,80.8,385.0,9.1,106.0,17.9
2025-04-16 09:00:00,2025,4,16,9,Cao Bằng,Xã Tam Kim,22.606427,106.0179879,104,Unhealthy for Sensitive Groups,2,25.3,45,0.0,5.1,94,974.9,75,36.6,52.4,290.0,5.0,135.0,18.4
2025-04-16 10:00:00,2025,4,16,10,Cao Bằng,Xã Tam Kim,22.606427,106.0179879,105,Unhealthy for Sensitive Groups,2,28.3,33,0.0,5.3,118,974.4,57,31.7,45.1,228.0,1.9,158.0,19.1
2025-04-16 11:00:00,2025,4,16,11,Cao Bằng,Xã Tam Kim,22.606427,106.0179879,106,Unhealthy for Sensitive Groups,2,30.7,25,0.0,5.5,161,973.7,100,33.2,45.2,229.0,1.0,170.0,20.0
2025-04-16 12:00:00,2025,4,16,12,Cao Bằng,Xã Tam Kim,22.606427,106.0179879,108,Unhealthy for Sensitive Groups,2,31.8,25,0.0,9.4,183,972.3,85,36.9,47.8,263.0,1.2,176.0,21.1
2025-04-16 13:00:00,2025,4,16,13,Cao Bằng,Xã Tam Kim,22.606427,106.0179879,110,Unhealthy for Sensitive Groups,2,33.0,26,0.0,12.4,190,971.0,100,40.3,50.2,298.0,1.5,181.0,21.7
2025-04-16 14:00:00,2025,4,16,14,Cao Bằng,Xã Tam Kim,22.606427,106.0179879,112,Unhealthy for Sensitive Groups,2,33.0,27,0.0,14.6,189,969.4,100,42.3,51.1,328.0,1.6,187.0,21.6
2025-04-16 15:00:00,2025,4,16,15,Cao Bằng,Xã Tam Kim,22.606427,106.0179879,121,Unhealthy for Sensitive Groups,2,32.7,28,0.0,14.6,184,968.5,100,43.5,51.6,360.0,1.8,192.0,21.1
2025-04-16 16:00:00,2025,4,16,16,Cao Bằng,Xã Tam Kim,22.606427,106.0179879,144,Unhealthy for Sensitive Groups,2,31.7,29,0.0,14.4,180,968.1,99,45.4,52.6,386.0,2.4,195.0,20.7
2025-04-16 17:00:00,2025,4,16,17,Cao Bằng,Xã Tam Kim,22.606427,106.0179879,160,Unhealthy,3,30.1,32,0.0,14.3,175,967.9,98,47.6,53.9,404.0,3.5,196.0,20.7
2025-04-16 18:00:00,2025,4,16,18,Cao Bằng,Xã Tam Kim,22.606427,106.0179879,169,Unhealthy,3,27.5,39,0.0,10.6,156,968.1,74,48.9,54.0,416.0,4.9,195.0,20.8
2025-04-16 19:00:00,2025,4,16,19,Cao Bằng,Xã Tam Kim,22.606427,106.0179879,175,Unhealthy,3,25.0,48,0.0,10.1,155,968.7,93,47.0,51.6,418.0,6.5,183.0,19.9
2025-04-16 20:00:00,2025,4,16,20,Cao Bằng,Xã Tam Kim,22.606427,106.0179879,177,Unhealthy,3,24.8,48,0.0,10.7,164,969.5,99,46.0,49.5,402.0,6.8,173.0,18.4
2025-04-16 21:00:00,2025,4,16,21,Cao Bằng,Xã Tam Kim,22.606427,106.0179879,177,Unhealthy,3,23.9,55,0.0,9.6,157,970.6,100,42.5,45.3,377.0,7.2,157.0,16.2
2025-04-16 22:00:00,2025,4,16,22,Cao Bằng,Xã Tam Kim,22.606427,106.0179879,173,Unhealthy,3,22.6,61,0.0,6.5,148,971.2,100,40.0,42.6,356.0,7.9,140.0,14.2
2025-04-16 23:00:00,2025,4,16,23,Cao Bằng,Xã Tam Kim,22.606427,106.0179879,166,Unhealthy,3,21.6,64,0.0,6.0,139,971.4,100,39.1,41.3,348.0,9.0,120.0,12.5
2025-04-17 00:00:00,2025,4,17,0,Cao Bằng,Xã Tam Kim,22.606427,106.0179879,154,Unhealthy,3,20.6,67,0.0,5.1,135,971.1,100,38.5,40.6,346.0,10.3,97.0,11.0
2025-04-17 01:00:00,2025,4,17,1,Cao Bằng,Xã Tam Kim,22.606427,106.0179879,135,Unhealthy for Sensitive Groups,2,20.1,69,0.0,2.7,118,970.9,100,38.2,40.3,343.0,11.4,78.0,9.7
2025-04-17 02:00:00,2025,4,17,2,Cao Bằng,Xã Tam Kim,22.606427,106.0179879,133,Unhealthy for Sensitive Groups,2,19.8,72,0.0,0.8,117,970.6,99,38.2,40.3,333.0,12.2,64.0,8.8
2025-04-17 03:00:00,2025,4,17,3,Cao Bằng,Xã Tam Kim,22.606427,106.0179879,131,Unhealthy for Sensitive Groups,2,19.3,75,0.0,0.4,243,970.3,100,38.5,40.5,323.0,12.8,53.0,8.1
2025-04-17 04:00:00,2025,4,17,4,Cao Bằng,Xã Tam Kim,22.606427,106.0179879,128,Unhealthy for Sensitive Groups,2,19.0,77,0.0,0.3,225,970.0,97,39.1,41.2,320.0,12.7,47.0,7.7
2025-04-17 05:00:00,2025,4,17,5,Cao Bằng,Xã Tam Kim,22.606427,106.0179879,125,Unhealthy for Sensitive Groups,2,18.7,78,0.0,0.4,243,970.0,100,39.9,42.3,335.0,11.8,45.0,7.7
2025-04-17 06:00:00,2025,4,17,6,Cao Bằng,Xã Tam Kim,22.606427,106.0179879,122,Unhealthy for Sensitive Groups,2,18.9,78,0.0,0.4,180,970.3,100,41.2,43.7,358.0,10.3,48.0,8.0
2025-04-17 07:00:00,2025,4,17,7,Cao Bằng,Xã Tam Kim,22.606427,106.0179879,119,Unhealthy for Sensitive Groups,2,21.4,68,0.0,2.3,67,970.9,99,39.3,41.9,370.0,8.0,65.0,8.1
2025-04-17 08:00:00,2025,4,17,8,Cao Bằng,Xã Tam Kim,22.606427,106.0179879,115,Unhealthy for Sensitive Groups,2,24.1,64,0.0,4.6,111,972.8,91,37.4,40.7,360.0,6.2,85.0,8.5
2025-04-17 09:00:00,2025,4,17,9,Cao Bằng,Xã Tam Kim,22.606427,106.0179879,112,Unhealthy for Sensitive Groups,2,26.6,57,0.0,4.8,119,972.7,77,36.8,40.0,339.0,3.8,114.0,9.1
2025-04-17 10:00:00,2025,4,17,10,Cao Bằng,Xã Tam Kim,22.606427,106.0179879,112,Unhealthy for Sensitive Groups,2,29.2,52,0.0,5.9,121,972.2,32,34.0,36.7,320.0,2.0,134.0,9.2
2025-04-17 11:00:00,2025,4,17,11,Cao Bằng,Xã Tam Kim,22.606427,106.0179879,113,Unhealthy for Sensitive Groups,2,31.5,47,0.0,7.8,161,971.3,95,30.4,32.4,308.0,1.3,139.0,8.5
2025-04-17 12:00:00,2025,4,17,12,Cao Bằng,Xã Tam Kim,22.606427,106.0179879,112,Unhealthy for Sensitive Groups,2,32.1,45,0.0,11.1,171,970.0,14,27.1,28.5,298.0,1.3,136.0,7.3
2025-04-17 13:00:00,2025,4,17,13,Cao Bằng,Xã Tam Kim,22.606427,106.0179879,111,Unhealthy for Sensitive Groups,2,33.9,41,0.0,11.7,180,968.5,22,23.1,24.0,290.0,1.3,134.0,6.4
2025-04-17 14:00:00,2025,4,17,14,Cao Bằng,Xã Tam Kim,22.606427,106.0179879,110,Unhealthy for Sensitive Groups,2,34.2,41,0.0,12.7,196,967.4,10,20.7,21.5,282.0,1.2,136.0,5.9
2025-04-17 15:00:00,2025,4,17,15,Cao Bằng,Xã Tam Kim,22.606427,106.0179879,107,Unhealthy for Sensitive Groups,2,34.2,41,0.0,11.9,200,966.5,2,20.4,21.1,276.0,1.3,139.0,5.5
2025-04-17 16:00:00,2025,4,17,16,Cao Bằng,Xã Tam Kim,22.606427,106.0179879,105,Unhealthy for Sensitive Groups,2,33.6,43,0.0,12.2,200,965.8,2,21.3,21.9,281.0,1.7,142.0,5.5
2025-04-17 17:00:00,2025,4,17,17,Cao Bằng,Xã Tam Kim,22.606427,106.0179879,102,Unhealthy for Sensitive Groups,2,32.2,47,0.0,12.4,190,965.9,5,23.1,23.6,306.0,2.8,147.0,6.0
2025-04-17 18:00:00,2025,4,17,18,Cao Bằng,Xã Tam Kim,22.606427,106.0179879,102,Unhealthy for Sensitive Groups,2,30.1,54,0.0,10.8,177,966.4,2,27.1,27.5,343.0,4.2,153.0,6.8
2025-04-17 19:00:00,2025,4,17,19,Cao Bằng,Xã Tam Kim,22.606427,106.0179879,106,Unhealthy for Sensitive Groups,2,27.2,64,0.0,6.7,194,967.0,1,29.3,29.4,376.0,5.3,157.0,6.6
2025-04-17 20:00:00,2025,4,17,20,Cao Bằng,Xã Tam Kim,22.606427,106.0179879,110,Unhealthy for Sensitive Groups,2,26.2,70,0.0,9.1,159,967.8,3,33.3,33.5,399.0,6.1,152.0,6.7
2025-04-17 21:00:00,2025,4,17,21,Cao Bằng,Xã Tam Kim,22.606427,106.0179879,113,Unhealthy for Sensitive Groups,2,25.3,77,0.0,7.0,167,968.7,0,36.1,36.3,417.0,7.2,145.0,6.9
2025-04-17 22:00:00,2025,4,17,22,Cao Bằng,Xã Tam Kim,22.606427,106.0179879,116,Unhealthy for Sensitive Groups,2,24.3,83,0.0,4.1,142,969.4,37,37.5,37.7,431.0,8.3,135.0,7.0
2025-04-17 23:00:00,2025,4,17,23,Cao Bằng,Xã Tam Kim,22.606427,106.0179879,115,Unhealthy for Sensitive Groups,2,23.6,88,0.0,3.1,121,969.7,20,39.6,39.9,439.0,9.5,119.0,6.8
2025-04-18 00:00:00,2025,4,18,0,Cao Bằng,Xã Tam Kim,22.606427,106.0179879,111,Unhealthy for Sensitive Groups,2,23.1,91,0.0,1.2,117,969.6,86,41.8,42.1,442.0,10.6,101.0,6.5
2025-04-18 01:00:00,2025,4,18,1,Cao Bằng,Xã Tam Kim,22.606427,106.0179879,102,Unhealthy for Sensitive Groups,2,22.4,93,0.0,0.7,166,969.4,68,43.7,44.0,441.0,11.0,87.0,6.3
2025-04-18 02:00:00,2025,4,18,2,Cao Bằng,Xã Tam Kim,22.606427,106.0179879,95,Moderate,1,22.1,95,0.0,0.6,288,969.1,37,46.8,47.1,432.0,10.1,82.0,6.1
2025-04-18 03:00:00,2025,4,18,3,Cao Bằng,Xã Tam Kim,22.606427,106.0179879,96,Moderate,1,21.5,97,0.0,0.8,315,968.9,17,52.0,52.5,420.0,8.5,83.0,6.0
2025-04-18 04:00:00,2025,4,18,4,Cao Bằng,Xã Tam Kim,22.606427,106.0179879,97,Moderate,1,21.3,98,0.0,1.0,315,969.0,59,54.2,54.7,413.0,6.9,85.0,6.1
2025-04-18 05:00:00,2025,4,18,5,Cao Bằng,Xã Tam Kim,22.606427,106.0179879,99,Moderate,1,21.1,98,0.0,0.8,297,969.1,69,54.9,55.4,424.0,5.7,88.0,6.6
2025-04-18 06:00:00,2025,4,18,6,Cao Bằng,Xã Tam Kim,22.606427,106.0179879,100,Moderate,1,21.3,98,0.0,1.0,329,969.5,59,52.7,53.2,441.0,4.6,92.0,7.3
2025-04-18 07:00:00,2025,4,18,7,Cao Bằng,Xã Tam Kim,22.606427,106.0179879,101,Unhealthy for Sensitive Groups,2,23.3,89,0.0,3.2,63,970.3,95,42.5,43.1,440.0,3.5,102.0,7.2
2025-04-18 08:00:00,2025,4,18,8,Cao Bằng,Xã Tam Kim,22.606427,106.0179879,101,Unhealthy for Sensitive Groups,2,26.5,75,0.0,5.4,130,971.5,100,37.7,38.2,401.0,3.0,110.0,6.4
2025-04-18 09:00:00,2025,4,18,9,Cao Bằng,Xã Tam Kim,22.606427,106.0179879,101,Unhealthy for Sensitive Groups,2,28.9,64,0.0,5.4,127,971.7,84,38.4,38.8,344.0,2.3,121.0,5.4
2025-04-18 10:00:00,2025,4,18,10,Cao Bằng,Xã Tam Kim,22.606427,106.0179879,102,Unhealthy for Sensitive Groups,2,32.1,49,0.0,5.2,168,971.5,49,37.1,37.5,299.0,1.8,131.0,4.6
2025-04-18 11:00:00,2025,4,18,11,Cao Bằng,Xã Tam Kim,22.606427,106.0179879,102,Unhealthy for Sensitive Groups,2,33.7,42,0.0,9.6,196,970.7,21,33.3,33.9,280.0,1.5,136.0,4.3
2025-04-18 12:00:00,2025,4,18,12,Cao Bằng,Xã Tam Kim,22.606427,106.0179879,102,Unhealthy for Sensitive Groups,2,34.8,40,0.0,12.0,197,969.5,17,30.2,31.0,273.0,1.4,140.0,4.2
2025-04-18 13:00:00,2025,4,18,13,Cao Bằng,Xã Tam Kim,22.606427,106.0179879,103,Unhealthy for Sensitive Groups,2,35.2,40,0.0,11.6,193,968.5,17,28.2,29.2,270.0,1.4,144.0,4.3
2025-04-18 14:00:00,2025,4,18,14,Cao Bằng,Xã Tam Kim,22.606427,106.0179879,103,Unhealthy for Sensitive Groups,2,35.1,39,0.0,12.6,214,967.3,23,26.4,27.4,268.0,1.3,149.0,4.5
2025-04-18 15:00:00,2025,4,18,15,Cao Bằng,Xã Tam Kim,22.606427,106.0179879,104,Unhealthy for Sensitive Groups,2,34.9,40,0.0,12.5,201,966.4,31,25.1,26.3,270.0,1.4,155.0,4.8
2025-04-18 16:00:00,2025,4,18,16,Cao Bằng,Xã Tam Kim,22.606427,106.0179879,104,Unhealthy for Sensitive Groups,2,34.2,40,0.0,14.2,204,965.9,35,25.6,26.7,280.0,1.7,160.0,5.3
2025-04-18 17:00:00,2025,4,18,17,Cao Bằng,Xã Tam Kim,22.606427,106.0179879,108,Unhealthy for Sensitive Groups,2,33.0,46,0.0,13.1,201,965.9,29,26.8,27.9,301.0,2.5,165.0,6.2
2025-04-18 18:00:00,2025,4,18,18,Cao Bằng,Xã Tam Kim,22.606427,106.0179879,118,Unhealthy for Sensitive Groups,2,31.1,53,0.0,8.3,186,966.2,3,28.6,29.3,329.0,3.6,169.0,7.4
2025-04-18 19:00:00,2025,4,18,19,Cao Bằng,Xã Tam Kim,22.606427,106.0179879,126,Unhealthy for Sensitive Groups,2,28.4,63,0.0,7.6,173,966.7,10,35.4,36.0,356.0,4.8,180.0,11.0
2025-04-18 20:00:00,2025,4,18,20,Cao Bằng,Xã Tam Kim,22.606427,106.0179879,135,Unhealthy for Sensitive Groups,2,27.7,67,0.0,6.3,167,967.5,38,40.7,41.1,378.0,5.1,189.0,14.1
2025-04-18 21:00:00,2025,4,18,21,Cao Bằng,Xã Tam Kim,22.606427,106.0179879,145,Unhealthy for Sensitive Groups,2,26.7,73,0.0,6.4,151,968.3,78,45.6,45.9,399.0,5.5,200.0,18.2
2025-04-18 22:00:00,2025,4,18,22,Cao Bằng,Xã Tam Kim,22.606427,106.0179879,155,Unhealthy,3,26.0,79,0.0,5.1,144,969.3,9,48.1,48.2,415.0,6.1,201.0,21.1
2025-04-18 23:00:00,2025,4,18,23,Cao Bằng,Xã Tam Kim,22.606427,106.0179879,164,Unhealthy,3,25.5,82,0.0,3.7,119,969.4,4,50.8,50.9,427.0,7.1,182.0,21.6
2025-04-19 00:00:00,2025,4,19,0,Cao Bằng,Xã Tam Kim,22.606427,106.0179879,168,Unhealthy,3,24.6,86,0.0,3.3,99,969.4,100,52.9,53.0,435.0,8.4,152.0,20.7
2025-04-19 01:00:00,2025,4,19,1,Cao Bằng,Xã Tam Kim,22.606427,106.0179879,167,Unhealthy,3,24.3,86,0.0,2.5,86,969.1,2,54.1,54.2,439.0,9.2,126.0,19.4
2025-04-19 02:00:00,2025,4,19,2,Cao Bằng,Xã Tam Kim,22.606427,106.0179879,161,Unhealthy,3,23.4,89,0.0,1.3,98,968.7,0,56.0,56.0,435.0,9.4,107.0,17.5
2025-04-19 03:00:00,2025,4,19,3,Cao Bằng,Xã Tam Kim,22.606427,106.0179879,151,Unhealthy,3,22.8,92,0.0,0.6,146,968.5,42,61.2,61.2,426.0,9.3,91.0,15.2
2025-04-19 04:00:00,2025,4,19,4,Cao Bằng,Xã Tam Kim,22.606427,106.0179879,132,Unhealthy for Sensitive Groups,2,22.1,94,0.0,0.6,214,968.6,0,64.5,64.5,424.0,8.8,81.0,13.8
2025-04-19 05:00:00,2025,4,19,5,Cao Bằng,Xã Tam Kim,22.606427,106.0179879,115,Unhealthy for Sensitive Groups,2,21.7,96,0.0,0.3,225,968.9,59,66.8,66.8,441.0,7.9,80.0,14.6
2025-04-19 06:00:00,2025,4,19,6,Cao Bằng,Xã Tam Kim,22.606427,106.0179879,116,Unhealthy for Sensitive Groups,2,21.9,96,0.0,0.5,225,969.4,13,67.5,67.5,464.0,6.7,84.0,16.4
2025-04-19 07:00:00,2025,4,19,7,Cao Bằng,Xã Tam Kim,22.606427,106.0179879,118,Unhealthy for Sensitive Groups,2,24.4,84,0.0,1.9,68,970.4,49,65.2,65.2,466.0,5.9,91.0,17.2
2025-04-19 08:00:00,2025,4,19,8,Cao Bằng,Xã Tam Kim,22.606427,106.0179879,120,Unhealthy for Sensitive Groups,2,27.9,71,0.0,3.8,82,971.6,22,53.6,53.8,426.0,4.8,102.0,14.2
2025-04-19 09:00:00,2025,4,19,9,Cao Bằng,Xã Tam Kim,22.606427,106.0179879,122,Unhealthy for Sensitive Groups,2,30.7,60,0.0,3.2,93,971.8,100,39.6,40.5,365.0,3.2,118.0,10.1
2025-04-19 10:00:00,2025,4,19,10,Cao Bằng,Xã Tam Kim,22.606427,106.0179879,122,Unhealthy for Sensitive Groups,2,30.8,57,0.0,3.6,135,971.8,59,30.6,32.5,316.0,2.0,132.0,6.9
2025-04-19 11:00:00,2025,4,19,11,Cao Bằng,Xã Tam Kim,22.606427,106.0179879,121,Unhealthy for Sensitive Groups,2,34.7,40,0.0,5.6,187,971.3,57,26.8,29.2,294.0,1.5,141.0,5.7
2025-04-19 12:00:00,2025,4,19,12,Cao Bằng,Xã Tam Kim,22.606427,106.0179879,121,Unhealthy for Sensitive Groups,2,35.8,36,0.0,7.5,204,970.1,12,25.0,27.7,284.0,1.4,149.0,5.6
2025-04-19 13:00:00,2025,4,19,13,Cao Bằng,Xã Tam Kim,22.606427,106.0179879,120,Unhealthy for Sensitive Groups,2,35.8,37,0.0,9.3,214,969.2,21,23.3,26.5,278.0,1.4,154.0,5.5
2025-04-19 14:00:00,2025,4,19,14,Cao Bằng,Xã Tam Kim,22.606427,106.0179879,120,Unhealthy for Sensitive Groups,2,36.4,33,0.0,10.7,215,967.9,16,22.1,25.4,270.0,1.3,158.0,5.1
2025-04-19 15:00:00,2025,4,19,15,Cao Bằng,Xã Tam Kim,22.606427,106.0179879,119,Unhealthy for Sensitive Groups,2,35.8,36,0.0,11.8,191,966.9,16,21.7,24.9,266.0,1.3,160.0,4.8
2025-04-19 16:00:00,2025,4,19,16,Cao Bằng,Xã Tam Kim,22.606427,106.0179879,119,Unhealthy for Sensitive Groups,2,34.7,40,0.0,14.4,202,966.4,18,21.7,24.7,275.0,1.6,160.0,4.8
2025-04-19 17:00:00,2025,4,19,17,Cao Bằng,Xã Tam Kim,22.606427,106.0179879,118,Unhealthy for Sensitive Groups,2,33.2,45,0.0,14.0,195,966.8,5,22.6,25.1,307.0,2.6,159.0,5.2
2025-04-19 18:00:00,2025,4,19,18,Cao Bằng,Xã Tam Kim,22.606427,106.0179879,125,Unhealthy for Sensitive Groups,2,31.4,51,0.0,9.4,183,967.2,2,23.9,25.9,351.0,3.9,156.0,5.9
2025-04-19 19:00:00,2025,4,19,19,Cao Bằng,Xã Tam Kim,22.606427,106.0179879,130,Unhealthy for Sensitive Groups,2,28.9,61,0.0,7.3,171,967.8,2,27.2,29.3,383.0,4.9,168.0,7.1
2025-04-19 20:00:00,2025,4,19,20,Cao Bằng,Xã Tam Kim,22.606427,106.0179879,135,Unhealthy for Sensitive Groups,2,28.1,70,0.0,1.4,270,968.2,39,31.1,32.5,388.0,5.4,174.0,9.7
2025-04-19 21:00:00,2025,4,19,21,Cao Bằng,Xã Tam Kim,22.606427,106.0179879,141,Unhealthy for Sensitive Groups,2,27.5,72,0.0,3.1,187,969.3,36,35.2,36.0,381.0,6.2,181.0,13.3
2025-04-19 22:00:00,2025,4,19,22,Cao Bằng,Xã Tam Kim,22.606427,106.0179879,146,Unhealthy for Sensitive Groups,2,26.7,77,0.0,5.2,164,970.1,4,38.1,38.6,379.0,7.1,179.0,15.8
2025-04-19 23:00:00,2025,4,19,23,Cao Bằng,Xã Tam Kim,22.606427,106.0179879,151,Unhealthy,3,26.1,84,0.0,4.0,150,970.3,4,41.7,42.0,392.0,8.3,161.0,16.2
2025-04-20 00:00:00,2025,4,20,0,Cao Bằng,Xã Tam Kim,22.606427,106.0179879,151,Unhealthy,3,25.4,87,0.0,2.6,102,970.0,2,44.6,44.9,409.0,9.7,135.0,15.4
2025-04-20 01:00:00,2025,4,20,1,Cao Bằng,Xã Tam Kim,22.606427,106.0179879,146,Unhealthy for Sensitive Groups,2,24.5,91,0.0,2.8,79,969.7,2,46.2,46.4,417.0,10.5,113.0,14.5
2025-04-20 02:00:00,2025,4,20,2,Cao Bằng,Xã Tam Kim,22.606427,106.0179879,136,Unhealthy for Sensitive Groups,2,24.0,92,0.0,2.3,122,969.5,9,48.7,48.9,406.0,10.4,98.0,13.6
2025-04-20 03:00:00,2025,4,20,3,Cao Bằng,Xã Tam Kim,22.606427,106.0179879,124,Unhealthy for Sensitive Groups,2,23.4,93,0.0,2.0,90,969.5,5,52.9,53.0,387.0,9.7,86.0,12.4
2025-04-20 04:00:00,2025,4,20,4,Cao Bằng,Xã Tam Kim,22.606427,106.0179879,109,Unhealthy for Sensitive Groups,2,22.9,95,0.0,2.9,137,969.8,8,55.6,55.8,373.0,8.8,80.0,11.5
2025-04-20 05:00:00,2025,4,20,5,Cao Bằng,Xã Tam Kim,22.606427,106.0179879,108,Unhealthy for Sensitive Groups,2,22.6,95,0.0,2.7,138,970.4,39,56.2,56.3,375.0,7.5,82.0,11.1
2025-04-20 06:00:00,2025,4,20,6,Cao Bằng,Xã Tam Kim,22.606427,106.0179879,107,Unhealthy for Sensitive Groups,2,23.0,94,0.0,2.6,141,971.1,16,54.6,54.7,384.0,6.0,89.0,11.0
2025-04-20 07:00:00,2025,4,20,7,Cao Bằng,Xã Tam Kim,22.606427,106.0179879,106,Unhealthy for Sensitive Groups,2,25.4,82,0.0,3.7,113,972.2,41,48.8,49.0,382.0,4.5,103.0,12.7
2025-04-20 08:00:00,2025,4,20,8,Cao Bằng,Xã Tam Kim,22.606427,106.0179879,104,Unhealthy for Sensitive Groups,2,27.9,72,0.0,4.3,114,972.9,6,40.2,40.3,359.0,3.9,110.0,10.3
2025-04-20 09:00:00,2025,4,20,9,Cao Bằng,Xã Tam Kim,22.606427,106.0179879,103,Unhealthy for Sensitive Groups,2,30.6,59,0.0,5.9,140,973.1,2,34.9,35.2,327.0,3.0,120.0,7.0
2025-04-20 10:00:00,2025,4,20,10,Cao Bằng,Xã Tam Kim,22.606427,106.0179879,102,Unhealthy for Sensitive Groups,2,33.2,49,0.0,7.8,165,973.0,38,28.6,28.9,300.0,2.3,131.0,4.5
2025-04-20 11:00:00,2025,4,20,11,Cao Bằng,Xã Tam Kim,22.606427,106.0179879,102,Unhealthy for Sensitive Groups,2,35.0,43,0.0,10.1,184,972.4,100,24.4,24.7,284.0,1.9,142.0,3.7
2025-04-20 12:00:00,2025,4,20,12,Cao Bằng,Xã Tam Kim,22.606427,106.0179879,102,Unhealthy for Sensitive Groups,2,35.9,39,0.0,10.7,209,971.3,61,22.2,22.9,274.0,1.7,153.0,3.9
2025-04-20 13:00:00,2025,4,20,13,Cao Bằng,Xã Tam Kim,22.606427,106.0179879,102,Unhealthy for Sensitive Groups,2,36.9,36,0.0,11.6,202,969.9,24,20.1,21.0,270.0,1.6,162.0,4.2
2025-04-20 14:00:00,2025,4,20,14,Cao Bằng,Xã Tam Kim,22.606427,106.0179879,101,Unhealthy for Sensitive Groups,2,36.6,34,0.0,15.4,210,968.3,36,18.7,19.6,271.0,1.5,169.0,4.6
2025-04-20 15:00:00,2025,4,20,15,Cao Bằng,Xã Tam Kim,22.606427,106.0179879,101,Unhealthy for Sensitive Groups,2,35.6,38,0.1,14.6,204,967.9,17,18.1,18.9,278.0,1.6,174.0,5.2
2025-04-20 16:00:00,2025,4,20,16,Cao Bằng,Xã Tam Kim,22.606427,106.0179879,113,Unhealthy for Sensitive Groups,2,34.4,43,0.0,17.4,193,967.4,22,18.3,19.0,291.0,1.9,177.0,5.8
2025-04-20 17:00:00,2025,4,20,17,Cao Bằng,Xã Tam Kim,22.606427,106.0179879,128,Unhealthy for Sensitive Groups,2,33.2,47,0.0,16.7,194,967.6,21,19.4,19.8,319.0,2.8,175.0,6.3
2025-04-20 18:00:00,2025,4,20,18,Cao Bằng,Xã Tam Kim,22.606427,106.0179879,139,Unhealthy for Sensitive Groups,2,31.6,55,0.0,14.0,189,968.4,17,20.6,20.9,354.0,4.0,171.0,6.8
2025-04-20 19:00:00,2025,4,20,19,Cao Bằng,Xã Tam Kim,22.606427,106.0179879,148,Unhealthy for Sensitive Groups,2,30.0,62,0.0,11.5,163,969.1,6,38.8,39.5,372.0,5.1,186.0,10.5
2025-04-20 20:00:00,2025,4,20,20,Cao Bằng,Xã Tam Kim,22.606427,106.0179879,155,Unhealthy,3,29.0,67,0.0,11.5,183,970.4,10,40.0,40.4,358.0,5.3,186.0,12.5
2025-04-20 21:00:00,2025,4,20,21,Cao Bằng,Xã Tam Kim,22.606427,106.0179879,161,Unhealthy,3,28.2,73,0.0,8.5,167,971.9,76,40.9,41.2,328.0,5.7,184.0,15.1
2025-04-20 22:00:00,2025,4,20,22,Cao Bằng,Xã Tam Kim,22.606427,106.0179879,164,Unhealthy,3,27.2,78,0.0,7.3,140,972.4,56,40.4,40.7,304.0,6.0,178.0,16.7
2025-04-20 23:00:00,2025,4,20,23,Cao Bằng,Xã Tam Kim,22.606427,106.0179879,166,Unhealthy,3,25.9,83,0.0,5.5,126,972.5,39,40.6,41.0,296.0,6.3,162.0,16.4
2025-04-21 00:00:00,2025,4,21,0,Cao Bằng,Xã Tam Kim,22.606427,106.0179879,164,Unhealthy,3,25.9,83,0.0,5.3,114,972.3,58,40.3,40.6,295.0,6.7,142.0,15.0
2025-04-21 01:00:00,2025,4,21,1,Cao Bằng,Xã Tam Kim,22.606427,106.0179879,158,Unhealthy,3,26.2,81,0.0,5.5,109,971.9,43,39.3,39.7,294.0,6.8,124.0,13.6
2025-04-21 02:00:00,2025,4,21,2,Cao Bằng,Xã Tam Kim,22.606427,106.0179879,150,Unhealthy for Sensitive Groups,2,26.0,81,0.0,5.2,117,971.2,85,37.0,37.4,290.0,6.5,113.0,12.6
2025-04-21 03:00:00,2025,4,21,3,Cao Bằng,Xã Tam Kim,22.606427,106.0179879,138,Unhealthy for Sensitive Groups,2,25.1,85,0.0,4.9,118,971.0,23,36.6,37.0,287.0,5.9,104.0,11.5
2025-04-21 04:00:00,2025,4,21,4,Cao Bằng,Xã Tam Kim,22.606427,106.0179879,120,Unhealthy for Sensitive Groups,2,25.1,83,0.0,5.0,111,971.2,11,39.8,40.2,286.0,5.6,97.0,10.4
2025-04-21 05:00:00,2025,4,21,5,Cao Bằng,Xã Tam Kim,22.606427,106.0179879,101,Unhealthy for Sensitive Groups,2,23.7,89,0.0,5.2,117,971.6,4,39.9,40.4,293.0,6.1,88.0,9.2
2025-04-21 06:00:00,2025,4,21,6,Cao Bằng,Xã Tam Kim,22.606427,106.0179879,96,Moderate,1,23.7,89,0.0,6.2,126,972.1,9,40.3,40.6,303.0,6.8,79.0,7.9
2025-04-21 07:00:00,2025,4,21,7,Cao Bằng,Xã Tam Kim,22.606427,106.0179879,94,Moderate,1,26.2,76,0.0,6.2,136,973.0,18,24.2,24.6,306.0,5.8,82.0,4.9
2025-04-21 08:00:00,2025,4,21,8,Cao Bằng,Xã Tam Kim,22.606427,106.0179879,92,Moderate,1,29.0,67,0.0,11.5,182,974.2,39,25.2,25.6,295.0,5.4,90.0,4.0
2025-04-21 09:00:00,2025,4,21,9,Cao Bằng,Xã Tam Kim,22.606427,106.0179879,91,Moderate,1,30.0,62,0.0,15.6,191,974.2,43,30.7,31.2,277.0,4.8,101.0,2.7
2025-04-21 10:00:00,2025,4,21,10,Cao Bằng,Xã Tam Kim,22.606427,106.0179879,90,Moderate,1,31.5,57,0.0,15.7,191,974.1,59,31.3,31.7,264.0,4.1,112.0,1.8
2025-04-21 11:00:00,2025,4,21,11,Cao Bằng,Xã Tam Kim,22.606427,106.0179879,91,Moderate,1,32.9,51,0.0,15.4,191,973.4,21,34.7,35.2,259.0,3.2,123.0,1.6
2025-04-21 12:00:00,2025,4,21,12,Cao Bằng,Xã Tam Kim,22.606427,106.0179879,92,Moderate,1,34.2,46,0.0,16.9,195,972.4,27,30.9,31.3,259.0,2.3,135.0,1.8
2025-04-21 13:00:00,2025,4,21,13,Cao Bằng,Xã Tam Kim,22.606427,106.0179879,92,Moderate,1,34.7,45,0.0,15.6,202,971.4,19,31.1,32.1,264.0,1.6,144.0,2.2
2025-04-21 14:00:00,2025,4,21,14,Cao Bằng,Xã Tam Kim,22.606427,106.0179879,93,Moderate,1,35.4,41,0.0,16.9,205,969.8,47,30.3,31.4,279.0,1.3,150.0,2.9
2025-04-21 15:00:00,2025,4,21,15,Cao Bằng,Xã Tam Kim,22.606427,106.0179879,94,Moderate,1,34.4,43,0.0,18.5,201,968.6,34,29.2,30.2,299.0,1.4,155.0,3.9
2025-04-21 16:00:00,2025,4,21,16,Cao Bằng,Xã Tam Kim,22.606427,106.0179879,95,Moderate,1,33.8,48,0.0,17.0,198,968.4,41,27.8,28.6,317.0,1.7,157.0,4.9
2025-04-21 17:00:00,2025,4,21,17,Cao Bằng,Xã Tam Kim,22.606427,106.0179879,96,Moderate,1,33.1,48,0.0,16.2,193,968.3,6,27.0,27.7,330.0,2.4,158.0,5.6
2025-04-21 18:00:00,2025,4,21,18,Cao Bằng,Xã Tam Kim,22.606427,106.0179879,108,Unhealthy for Sensitive Groups,2,31.5,57,0.0,12.2,179,968.9,7,28.3,28.8,341.0,3.4,157.0,6.3
2025-04-21 19:00:00,2025,4,21,19,Cao Bằng,Xã Tam Kim,22.606427,106.0179879,117,Unhealthy for Sensitive Groups,2,30.0,64,0.0,10.0,157,969.8,3,43.3,44.6,344.0,4.4,156.0,8.0
2025-04-21 20:00:00,2025,4,21,20,Cao Bằng,Xã Tam Kim,22.606427,106.0179879,124,Unhealthy for Sensitive Groups,2,28.2,70,0.0,7.2,167,971.1,26,46.1,46.9,334.0,5.3,153.0,9.8
2025-04-21 21:00:00,2025,4,21,21,Cao Bằng,Xã Tam Kim,22.606427,106.0179879,128,Unhealthy for Sensitive Groups,2,27.6,74,0.0,4.0,144,972.2,0,47.1,47.6,316.0,6.7,149.0,12.4
2025-04-21 22:00:00,2025,4,21,22,Cao Bằng,Xã Tam Kim,22.606427,106.0179879,129,Unhealthy for Sensitive Groups,2,26.7,79,0.0,4.6,141,972.5,3,47.5,47.8,302.0,7.8,142.0,14.4
2025-04-21 23:00:00,2025,4,21,23,Cao Bằng,Xã Tam Kim,22.606427,106.0179879,128,Unhealthy for Sensitive Groups,2,25.9,83,0.0,4.6,132,972.4,22,48.7,49.0,296.0,8.5,130.0,15.5
2025-04-22 00:00:00,2025,4,22,0,Cao Bằng,Xã Tam Kim,22.606427,106.0179879,122,Unhealthy for Sensitive Groups,2,25.4,86,0.0,2.5,98,972.3,36,49.5,49.8,293.0,9.1,115.0,16.1
2025-04-22 01:00:00,2025,4,22,1,Cao Bằng,Xã Tam Kim,22.606427,106.0179879,113,Unhealthy for Sensitive Groups,2,24.4,90,0.0,2.6,115,971.9,2,49.6,49.9,292.0,9.4,101.0,16.1
2025-04-22 02:00:00,2025,4,22,2,Cao Bằng,Xã Tam Kim,22.606427,106.0179879,103,Unhealthy for Sensitive Groups,2,23.8,92,0.0,2.7,127,971.5,0,49.6,49.9,291.0,9.6,86.0,15.1
2025-04-22 03:00:00,2025,4,22,3,Cao Bằng,Xã Tam Kim,22.606427,106.0179879,104,Unhealthy for Sensitive Groups,2,23.5,93,0.0,1.9,124,971.3,1,49.2,49.5,291.0,9.7,72.0,13.5
2025-04-22 04:00:00,2025,4,22,4,Cao Bằng,Xã Tam Kim,22.606427,106.0179879,105,Unhealthy for Sensitive Groups,2,23.1,95,0.0,1.9,163,971.4,5,50.8,51.0,298.0,9.4,65.0,12.9
2025-04-22 05:00:00,2025,4,22,5,Cao Bằng,Xã Tam Kim,22.606427,106.0179879,106,Unhealthy for Sensitive Groups,2,23.0,95,0.0,0.6,162,972.0,12,52.9,53.1,319.0,8.5,67.0,14.6
2025-04-22 06:00:00,2025,4,22,6,Cao Bằng,Xã Tam Kim,22.606427,106.0179879,108,Unhealthy for Sensitive Groups,2,23.5,94,0.0,0.4,117,972.5,17,57.3,57.6,347.0,7.3,77.0,17.3
2025-04-22 07:00:00,2025,4,22,7,Cao Bằng,Xã Tam Kim,22.606427,106.0179879,109,Unhealthy for Sensitive Groups,2,25.4,84,0.0,2.3,67,973.4,34,60.8,61.5,362.0,6.4,85.0,16.4
2025-04-22 08:00:00,2025,4,22,8,Cao Bằng,Xã Tam Kim,22.606427,106.0179879,113,Unhealthy for Sensitive Groups,2,25.1,97,0.1,4.3,85,974.0,95,46.6,47.3,352.0,5.1,97.0,13.2
2025-04-22 09:00:00,2025,4,22,9,Cao Bằng,Xã Tam Kim,22.606427,106.0179879,115,Unhealthy for Sensitive Groups,2,27.9,78,0.1,4.4,120,974.3,96,39.6,40.0,330.0,3.4,115.0,8.8
2025-04-22 10:00:00,2025,4,22,10,Cao Bằng,Xã Tam Kim,22.606427,106.0179879,116,Unhealthy for Sensitive Groups,2,30.8,63,0.1,3.8,73,974.1,50,34.5,35.3,310.0,2.1,130.0,5.5
2025-04-22 11:00:00,2025,4,22,11,Cao Bằng,Xã Tam Kim,22.606427,106.0179879,117,Unhealthy for Sensitive Groups,2,33.6,52,0.0,2.8,55,973.1,40,31.9,33.2,297.0,1.6,140.0,4.6
2025-04-22 12:00:00,2025,4,22,12,Cao Bằng,Xã Tam Kim,22.606427,106.0179879,116,Unhealthy for Sensitive Groups,2,36.2,40,0.0,2.4,167,971.5,19,29.5,31.7,287.0,1.5,147.0,4.9
2025-04-22 13:00:00,2025,4,22,13,Cao Bằng,Xã Tam Kim,22.606427,106.0179879,116,Unhealthy for Sensitive Groups,2,36.0,37,0.0,10.9,224,970.1,51,27.2,29.7,281.0,1.5,153.0,5.2
2025-04-22 14:00:00,2025,4,22,14,Cao Bằng,Xã Tam Kim,22.606427,106.0179879,116,Unhealthy for Sensitive Groups,2,36.5,38,0.0,9.7,207,968.9,35,25.6,28.9,278.0,1.3,158.0,5.1
2025-04-22 15:00:00,2025,4,22,15,Cao Bằng,Xã Tam Kim,22.606427,106.0179879,115,Unhealthy for Sensitive Groups,2,35.2,42,0.1,12.9,200,967.9,84,24.6,28.0,278.0,1.1,162.0,5.0
2025-04-22 16:00:00,2025,4,22,16,Cao Bằng,Xã Tam Kim,22.606427,106.0179879,115,Unhealthy for Sensitive Groups,2,35.0,42,0.0,13.5,199,967.5,98,24.4,27.6,285.0,1.8,160.0,5.1
2025-04-22 17:00:00,2025,4,22,17,Cao Bằng,Xã Tam Kim,22.606427,106.0179879,115,Unhealthy for Sensitive Groups,2,33.2,49,0.0,13.1,201,967.7,14,25.1,27.8,300.0,4.1,150.0,5.6
2025-04-22 18:00:00,2025,4,22,18,Cao Bằng,Xã Tam Kim,22.606427,106.0179879,122,Unhealthy for Sensitive Groups,2,31.8,55,0.0,9.1,197,968.3,10,26.9,29.6,321.0,7.2,136.0,6.3
2025-04-22 19:00:00,2025,4,22,19,Cao Bằng,Xã Tam Kim,22.606427,106.0179879,123,Unhealthy for Sensitive Groups,2,29.5,64,0.0,4.2,168,969.0,4,30.7,32.4,343.0,5.4,168.0,8.6
2025-04-22 20:00:00,2025,4,22,20,Cao Bằng,Xã Tam Kim,22.606427,106.0179879,129,Unhealthy for Sensitive Groups,2,27.6,70,0.0,6.2,131,969.7,26,35.4,37.0,368.0,6.9,159.0,9.5
2025-04-22 21:00:00,2025,4,22,21,Cao Bằng,Xã Tam Kim,22.606427,106.0179879,132,Unhealthy for Sensitive Groups,2,26.8,75,0.0,4.0,122,970.6,23,38.5,40.0,394.0,9.0,146.0,10.8
2025-04-22 22:00:00,2025,4,22,22,Cao Bằng,Xã Tam Kim,22.606427,106.0179879,130,Unhealthy for Sensitive Groups,2,26.2,79,0.0,2.2,99,971.2,17,41.3,42.6,407.0,10.5,134.0,11.7
2025-04-22 23:00:00,2025,4,22,23,Cao Bằng,Xã Tam Kim,22.606427,106.0179879,125,Unhealthy for Sensitive Groups,2,25.8,83,0.0,1.5,111,971.5,46,43.4,44.7,399.0,10.9,125.0,12.0
2025-04-23 00:00:00,2025,4,23,0,Cao Bằng,Xã Tam Kim,22.606427,106.0179879,117,Unhealthy for Sensitive Groups,2,25.1,86,0.0,1.9,151,971.1,100,44.5,45.5,379.0,10.8,118.0,11.8
2025-04-23 01:00:00,2025,4,23,1,Cao Bằng,Xã Tam Kim,22.606427,106.0179879,109,Unhealthy for Sensitive Groups,2,24.8,89,0.0,2.0,80,970.6,95,43.2,44.2,358.0,10.0,113.0,11.3
2025-04-23 02:00:00,2025,4,23,2,Cao Bằng,Xã Tam Kim,22.606427,106.0179879,108,Unhealthy for Sensitive Groups,2,24.3,93,0.0,3.1,93,970.3,96,41.9,42.8,335.0,8.3,113.0,10.3
2025-04-23 03:00:00,2025,4,23,3,Cao Bằng,Xã Tam Kim,22.606427,106.0179879,108,Unhealthy for Sensitive Groups,2,24.1,95,0.0,2.9,112,970.0,99,38.9,39.8,311.0,5.9,116.0,8.9
2025-04-23 04:00:00,2025,4,23,4,Cao Bằng,Xã Tam Kim,22.606427,106.0179879,107,Unhealthy for Sensitive Groups,2,24.6,93,0.0,4.2,59,970.4,100,32.4,33.2,299.0,4.1,118.0,7.5
2025-04-23 05:00:00,2025,4,23,5,Cao Bằng,Xã Tam Kim,22.606427,106.0179879,105,Unhealthy for Sensitive Groups,2,24.6,92,0.1,3.4,96,971.1,100,19.1,20.1,310.0,3.3,119.0,5.9
2025-04-23 06:00:00,2025,4,23,6,Cao Bằng,Xã Tam Kim,22.606427,106.0179879,101,Unhealthy for Sensitive Groups,2,24.9,91,0.1,6.5,136,972.0,100,17.6,19.3,333.0,3.0,119.0,4.2
2025-04-23 07:00:00,2025,4,23,7,Cao Bằng,Xã Tam Kim,22.606427,106.0179879,97,Moderate,1,24.9,86,0.2,7.5,110,973.1,100,9.8,10.8,348.0,2.7,120.0,3.0
2025-04-23 08:00:00,2025,4,23,8,Cao Bằng,Xã Tam Kim,22.606427,106.0179879,93,Moderate,1,26.8,82,0.2,4.0,39,973.5,100,7.5,8.3,344.0,2.4,121.0,2.6
2025-04-23 09:00:00,2025,4,23,9,Cao Bằng,Xã Tam Kim,22.606427,106.0179879,89,Moderate,1,23.7,97,6.6,6.1,328,974.4,100,6.4,7.1,333.0,2.1,123.0,2.6
2025-04-23 10:00:00,2025,4,23,10,Cao Bằng,Xã Tam Kim,22.606427,106.0179879,87,Moderate,1,24.8,90,1.1,5.4,249,974.6,98,6.8,7.6,323.0,1.9,125.0,2.5
2025-04-23 11:00:00,2025,4,23,11,Cao Bằng,Xã Tam Kim,22.606427,106.0179879,84,Moderate,1,26.3,75,0.0,1.7,328,974.1,72,9.5,10.5,319.0,1.7,129.0,2.2
2025-04-23 12:00:00,2025,4,23,12,Cao Bằng,Xã Tam Kim,22.606427,106.0179879,82,Moderate,1,29.2,61,0.0,3.1,242,973.0,93,12.0,13.4,317.0,1.5,133.0,1.8
2025-04-23 13:00:00,2025,4,23,13,Cao Bằng,Xã Tam Kim,22.606427,106.0179879,81,Moderate,1,29.8,61,0.0,0.4,297,971.6,99,14.0,15.5,316.0,1.6,133.0,1.5
2025-04-23 14:00:00,2025,4,23,14,Cao Bằng,Xã Tam Kim,22.606427,106.0179879,80,Moderate,1,30.7,58,0.0,4.5,23,970.3,98,17.2,19.4,313.0,2.1,127.0,1.4
2025-04-23 15:00:00,2025,4,23,15,Cao Bằng,Xã Tam Kim,22.606427,106.0179879,82,Moderate,1,29.6,61,0.2,10.1,24,969.1,100,18.3,20.3,310.0,2.9,118.0,1.4
2025-04-23 16:00:00,2025,4,23,16,Cao Bằng,Xã Tam Kim,22.606427,106.0179879,81,Moderate,1,29.3,61,0.0,6.5,60,968.4,98,18.6,19.8,315.0,4.2,109.0,1.5
2025-04-23 17:00:00,2025,4,23,17,Cao Bằng,Xã Tam Kim,22.606427,106.0179879,79,Moderate,1,29.3,61,0.0,5.1,141,968.9,100,17.9,18.9,337.0,6.5,100.0,1.9
2025-04-23 18:00:00,2025,4,23,18,Cao Bằng,Xã Tam Kim,22.606427,106.0179879,77,Moderate,1,27.6,71,0.0,6.0,143,969.6,100,16.9,17.6,367.0,9.3,91.0,2.5
2025-04-23 19:00:00,2025,4,23,19,Cao Bằng,Xã Tam Kim,22.606427,106.0179879,76,Moderate,1,26.3,78,0.0,2.7,184,970.5,100,25.4,26.1,385.0,13.3,74.0,3.4
2025-04-23 20:00:00,2025,4,23,20,Cao Bằng,Xã Tam Kim,22.606427,106.0179879,76,Moderate,1,25.2,93,0.4,3.6,279,971.1,100,26.7,27.4,384.0,11.8,77.0,3.2
2025-04-23 21:00:00,2025,4,23,21,Cao Bằng,Xã Tam Kim,22.606427,106.0179879,75,Moderate,1,25.1,93,1.0,3.1,177,972.0,100,26.6,27.6,373.0,9.6,82.0,2.9
2025-04-23 22:00:00,2025,4,23,22,Cao Bằng,Xã Tam Kim,22.606427,106.0179879,74,Moderate,1,23.2,97,1.4,8.7,172,973.2,100,17.9,18.9,354.0,7.6,87.0,2.6
2025-04-23 23:00:00,2025,4,23,23,Cao Bằng,Xã Tam Kim,22.606427,106.0179879,72,Moderate,1,22.9,97,0.3,5.5,218,973.0,100,15.4,16.8,324.0,6.0,94.0,2.2
2025-04-24 00:00:00,2025,4,24,0,Cao Bằng,Xã Tam Kim,22.606427,106.0179879,69,Moderate,1,22.9,97,0.4,3.4,223,972.0,100,7.9,8.8,286.0,4.5,102.0,1.8
2025-04-24 01:00:00,2025,4,24,1,Cao Bằng,Xã Tam Kim,22.606427,106.0179879,66,Moderate,1,22.8,97,0.2,2.9,223,971.3,100,6.8,7.6,260.0,3.6,106.0,1.5
2025-04-24 02:00:00,2025,4,24,2,Cao Bằng,Xã Tam Kim,22.606427,106.0179879,63,Moderate,1,22.9,97,0.4,2.9,277,971.0,100,6.1,6.8,252.0,3.5,103.0,1.6
2025-04-24 03:00:00,2025,4,24,3,Cao Bằng,Xã Tam Kim,22.606427,106.0179879,60,Moderate,1,22.8,97,0.9,2.1,211,971.2,100,5.6,6.2,254.0,4.0,97.0,1.8
2025-04-24 04:00:00,2025,4,24,4,Cao Bằng,Xã Tam Kim,22.606427,106.0179879,57,Moderate,1,22.7,97,0.1,2.5,176,971.2,100,6.1,6.6,263.0,4.5,91.0,2.1
2025-04-24 05:00:00,2025,4,24,5,Cao Bằng,Xã Tam Kim,22.606427,106.0179879,54,Moderate,1,22.6,96,0.0,5.0,180,971.6,100,7.4,7.9,283.0,4.9,87.0,2.4
2025-04-24 06:00:00,2025,4,24,6,Cao Bằng,Xã Tam Kim,22.606427,106.0179879,53,Moderate,1,22.4,97,0.0,7.0,177,972.5,100,9.1,9.6,309.0,5.4,85.0,2.7
2025-04-24 07:00:00,2025,4,24,7,Cao Bằng,Xã Tam Kim,22.606427,106.0179879,52,Moderate,1,22.3,97,0.1,8.4,189,973.2,93,12.3,13.0,326.0,6.3,88.0,2.7
2025-04-24 08:00:00,2025,4,24,8,Cao Bằng,Xã Tam Kim,22.606427,106.0179879,53,Moderate,1,22.6,92,0.0,5.0,210,974.5,83,14.6,15.4,324.0,5.8,90.0,2.6
2025-04-24 09:00:00,2025,4,24,9,Cao Bằng,Xã Tam Kim,22.606427,106.0179879,53,Moderate,1,25.1,75,0.0,2.4,153,974.6,85,16.9,17.8,313.0,5.1,94.0,2.5
2025-04-24 10:00:00,2025,4,24,10,Cao Bằng,Xã Tam Kim,22.606427,106.0179879,54,Moderate,1,27.5,66,0.0,2.6,106,974.4,100,19.9,20.7,308.0,4.4,100.0,2.3
2025-04-24 11:00:00,2025,4,24,11,Cao Bằng,Xã Tam Kim,22.606427,106.0179879,55,Moderate,1,28.4,63,0.0,5.1,73,973.7,100,23.5,24.8,314.0,3.5,111.0,2.1
2025-04-24 12:00:00,2025,4,24,12,Cao Bằng,Xã Tam Kim,22.606427,106.0179879,57,Moderate,1,30.7,56,0.0,6.7,117,972.7,43,25.2,26.7,326.0,2.5,125.0,1.8
2025-04-24 13:00:00,2025,4,24,13,Cao Bằng,Xã Tam Kim,22.606427,106.0179879,58,Moderate,1,30.9,58,0.0,9.8,131,971.4,96,26.8,28.8,342.0,2.0,133.0,1.6
2025-04-24 14:00:00,2025,4,24,14,Cao Bằng,Xã Tam Kim,22.606427,106.0179879,59,Moderate,1,29.9,61,0.1,11.0,150,970.4,31,28.9,31.2,365.0,2.2,132.0,1.5
2025-04-24 15:00:00,2025,4,24,15,Cao Bằng,Xã Tam Kim,22.606427,106.0179879,60,Moderate,1,29.9,63,0.1,7.1,164,969.5,51,30.4,32.7,391.0,2.8,127.0,1.4
2025-04-24 16:00:00,2025,4,24,16,Cao Bằng,Xã Tam Kim,22.606427,106.0179879,61,Moderate,1,27.1,72,0.6,2.5,184,969.4,94,32.5,34.6,408.0,3.7,119.0,1.5
2025-04-24 17:00:00,2025,4,24,17,Cao Bằng,Xã Tam Kim,22.606427,106.0179879,67,Moderate,1,24.3,95,2.9,4.2,230,970.3,99,30.7,32.7,405.0,5.1,111.0,1.8
2025-04-24 18:00:00,2025,4,24,18,Cao Bằng,Xã Tam Kim,22.606427,106.0179879,70,Moderate,1,23.5,98,0.9,4.1,315,970.7,87,29.0,30.6,392.0,6.8,100.0,2.2
2025-04-24 19:00:00,2025,4,24,19,Cao Bằng,Xã Tam Kim,22.606427,106.0179879,70,Moderate,1,22.4,98,6.2,10.8,285,972.4,100,11.2,11.3,384.0,8.2,78.0,2.6
2025-04-24 20:00:00,2025,4,24,20,Cao Bằng,Xã Tam Kim,22.606427,106.0179879,63,Moderate,1,22.0,96,0.0,6.1,258,973.2,100,11.6,11.8,389.0,8.9,72.0,2.8
2025-04-24 21:00:00,2025,4,24,21,Cao Bằng,Xã Tam Kim,22.606427,106.0179879,62,Moderate,1,22.7,94,0.1,2.8,243,974.4,100,11.6,11.9,399.0,9.8,64.0,3.0
2025-04-24 22:00:00,2025,4,24,22,Cao Bằng,Xã Tam Kim,22.606427,106.0179879,61,Moderate,1,22.9,93,6.5,2.5,278,974.8,97,12.0,12.4,402.0,10.4,57.0,3.1
2025-04-24 23:00:00,2025,4,24,23,Cao Bằng,Xã Tam Kim,22.606427,106.0179879,60,Moderate,1,22.6,95,0.6,4.1,322,974.6,100,12.0,12.6,390.0,10.4,54.0,3.1
2025-04-25 00:00:00,2025,4,25,0,Cao Bằng,Xã Tam Kim,22.606427,106.0179879,60,Moderate,1,21.7,96,0.4,6.8,302,974.7,100,13.6,14.6,372.0,10.1,53.0,2.9
2025-04-25 01:00:00,2025,4,25,1,Cao Bằng,Xã Tam Kim,22.606427,106.0179879,60,Moderate,1,20.8,96,0.8,5.7,288,974.7,100,15.9,17.3,360.0,9.6,52.0,2.8
2025-04-25 02:00:00,2025,4,25,2,Cao Bằng,Xã Tam Kim,22.606427,106.0179879,61,Moderate,1,20.5,95,0.4,8.1,302,974.7,100,15.8,17.5,361.0,9.0,51.0,2.7
2025-04-25 03:00:00,2025,4,25,3,Cao Bằng,Xã Tam Kim,22.606427,106.0179879,62,Moderate,1,20.8,95,0.5,3.2,267,975.0,100,13.9,15.7,368.0,8.3,51.0,2.5
2025-04-25 04:00:00,2025,4,25,4,Cao Bằng,Xã Tam Kim,22.606427,106.0179879,63,Moderate,1,20.3,95,0.6,8.3,309,975.0,100,16.2,18.6,372.0,7.7,52.0,2.5
2025-04-25 05:00:00,2025,4,25,5,Cao Bằng,Xã Tam Kim,22.606427,106.0179879,64,Moderate,1,20.3,95,0.4,4.9,298,975.7,100,18.9,21.7,372.0,7.3,54.0,2.6
2025-04-25 06:00:00,2025,4,25,6,Cao Bằng,Xã Tam Kim,22.606427,106.0179879,65,Moderate,1,20.0,96,0.6,8.1,309,976.2,85,20.9,24.0,370.0,7.0,56.0,2.8
2025-04-25 07:00:00,2025,4,25,7,Cao Bằng,Xã Tam Kim,22.606427,106.0179879,66,Moderate,1,21.2,93,0.0,7.3,300,977.2,48,31.7,37.5,361.0,4.3,77.0,3.5
2025-04-25 08:00:00,2025,4,25,8,Cao Bằng,Xã Tam Kim,22.606427,106.0179879,67,Moderate,1,23.2,78,0.0,5.5,347,978.2,35,30.6,36.9,341.0,3.5,86.0,3.6
2025-04-25 09:00:00,2025,4,25,9,Cao Bằng,Xã Tam Kim,22.606427,106.0179879,69,Moderate,1,24.5,65,0.0,7.2,360,978.5,41,28.0,33.2,314.0,2.4,98.0,3.6
2025-04-25 10:00:00,2025,4,25,10,Cao Bằng,Xã Tam Kim,22.606427,106.0179879,70,Moderate,1,26.6,55,0.0,4.6,18,978.3,94,24.7,28.9,296.0,1.6,109.0,3.5
2025-04-25 11:00:00,2025,4,25,11,Cao Bằng,Xã Tam Kim,22.606427,106.0179879,70,Moderate,1,28.2,51,0.0,0.8,243,977.5,100,21.4,24.9,292.0,1.3,118.0,3.1
2025-04-25 12:00:00,2025,4,25,12,Cao Bằng,Xã Tam Kim,22.606427,106.0179879,70,Moderate,1,27.8,54,0.0,3.5,208,976.2,40,18.4,21.4,295.0,1.4,126.0,2.5
2025-04-25 13:00:00,2025,4,25,13,Cao Bằng,Xã Tam Kim,22.606427,106.0179879,69,Moderate,1,28.9,49,0.0,3.4,164,974.9,42,21.9,25.4,301.0,1.5,131.0,2.1
2025-04-25 14:00:00,2025,4,25,14,Cao Bằng,Xã Tam Kim,22.606427,106.0179879,69,Moderate,1,29.1,51,0.0,4.1,178,973.7,100,23.4,26.9,306.0,1.4,135.0,1.9
2025-04-25 15:00:00,2025,4,25,15,Cao Bằng,Xã Tam Kim,22.606427,106.0179879,68,Moderate,1,28.9,50,0.0,5.5,157,972.8,100,24.2,27.5,314.0,1.3,136.0,1.8
2025-04-25 16:00:00,2025,4,25,16,Cao Bằng,Xã Tam Kim,22.606427,106.0179879,68,Moderate,1,28.3,54,0.0,4.2,144,972.3,73,24.4,27.7,329.0,2.1,133.0,1.8
2025-04-25 17:00:00,2025,4,25,17,Cao Bằng,Xã Tam Kim,22.606427,106.0179879,76,Moderate,1,27.9,66,0.0,2.5,176,972.0,37,24.6,27.5,360.0,4.6,122.0,2.1
2025-04-25 18:00:00,2025,4,25,18,Cao Bằng,Xã Tam Kim,22.606427,106.0179879,81,Moderate,1,26.4,63,0.0,5.2,176,972.4,100,25.3,27.9,397.0,8.0,107.0,2.5
2025-04-25 19:00:00,2025,4,25,19,Cao Bằng,Xã Tam Kim,22.606427,106.0179879,81,Moderate,1,25.4,66,0.0,7.7,180,973.3,100,41.6,46.9,422.0,10.4,94.0,2.6
2025-04-25 20:00:00,2025,4,25,20,Cao Bằng,Xã Tam Kim,22.606427,106.0179879,76,Moderate,1,25.6,65,0.0,9.9,159,974.6,98,41.0,46.1,421.0,10.3,90.0,2.7
2025-04-25 21:00:00,2025,4,25,21,Cao Bằng,Xã Tam Kim,22.606427,106.0179879,72,Moderate,1,24.4,71,0.0,6.2,173,975.1,99,38.8,43.2,408.0,10.1,84.0,2.9
2025-04-25 22:00:00,2025,4,25,22,Cao Bằng,Xã Tam Kim,22.606427,106.0179879,74,Moderate,1,23.1,79,0.0,2.9,202,975.9,100,36.8,40.5,397.0,9.8,80.0,3.4
2025-04-25 23:00:00,2025,4,25,23,Cao Bằng,Xã Tam Kim,22.606427,106.0179879,76,Moderate,1,23.5,79,0.0,2.8,130,976.4,100,35.4,38.5,395.0,9.4,80.0,4.4
2025-04-26 00:00:00,2025,4,26,0,Cao Bằng,Xã Tam Kim,22.606427,106.0179879,78,Moderate,1,22.8,83,0.1,3.1,77,976.0,100,46.7,50.8,397.0,9.0,81.0,5.7
2025-04-26 01:00:00,2025,4,26,1,Cao Bằng,Xã Tam Kim,22.606427,106.0179879,81,Moderate,1,22.5,84,0.0,2.7,53,975.3,100,47.8,51.0,397.0,8.5,82.0,6.9
2025-04-26 02:00:00,2025,4,26,2,Cao Bằng,Xã Tam Kim,22.606427,106.0179879,84,Moderate,1,22.2,86,0.2,2.5,45,975.0,100,46.8,49.2,394.0,8.0,81.0,7.8
2025-04-26 03:00:00,2025,4,26,3,Cao Bằng,Xã Tam Kim,22.606427,106.0179879,87,Moderate,1,21.6,92,0.4,2.4,347,974.8,100,45.8,47.7,390.0,7.5,80.0,8.6
2025-04-26 04:00:00,2025,4,26,4,Cao Bằng,Xã Tam Kim,22.606427,106.0179879,90,Moderate,1,21.4,97,0.1,0.4,297,974.9,100,43.8,45.6,390.0,7.0,80.0,9.4
2025-04-26 05:00:00,2025,4,26,5,Cao Bằng,Xã Tam Kim,22.606427,106.0179879,92,Moderate,1,21.5,97,0.2,1.2,219,975.3,100,40.9,42.5,398.0,6.4,82.0,10.4
2025-04-26 06:00:00,2025,4,26,6,Cao Bằng,Xã Tam Kim,22.606427,106.0179879,94,Moderate,1,21.4,98,0.4,2.7,90,975.7,100,37.5,39.0,410.0,5.8,86.0,11.4
2025-04-26 07:00:00,2025,4,26,7,Cao Bằng,Xã Tam Kim,22.606427,106.0179879,96,Moderate,1,21.8,93,0.2,5.4,94,976.4,100,50.3,52.2,413.0,7.0,87.0,15.1
2025-04-26 08:00:00,2025,4,26,8,Cao Bằng,Xã Tam Kim,22.606427,106.0179879,97,Moderate,1,22.3,98,0.1,7.5,125,977.3,100,44.0,45.5,398.0,7.1,89.0,14.6
2025-04-26 09:00:00,2025,4,26,9,Cao Bằng,Xã Tam Kim,22.606427,106.0179879,98,Moderate,1,22.7,95,0.1,8.4,124,977.6,100,40.6,41.8,373.0,7.3,93.0,13.7
2025-04-26 10:00:00,2025,4,26,10,Cao Bằng,Xã Tam Kim,22.606427,106.0179879,99,Moderate,1,23.9,87,0.1,11.2,139,977.6,100,36.1,37.0,356.0,7.3,97.0,12.5
2025-04-26 11:00:00,2025,4,26,11,Cao Bằng,Xã Tam Kim,22.606427,106.0179879,101,Unhealthy for Sensitive Groups,2,25.3,78,0.1,11.5,146,976.8,100,32.7,33.4,352.0,7.0,102.0,10.5
2025-04-26 12:00:00,2025,4,26,12,Cao Bằng,Xã Tam Kim,22.606427,106.0179879,102,Unhealthy for Sensitive Groups,2,26.3,74,0.1,12.1,160,975.7,100,30.4,31.0,355.0,6.6,107.0,8.1
2025-04-26 13:00:00,2025,4,26,13,Cao Bằng,Xã Tam Kim,22.606427,106.0179879,103,Unhealthy for Sensitive Groups,2,27.8,66,0.0,13.3,179,974.4,100,29.6,30.0,361.0,6.3,112.0,6.2
2025-04-26 14:00:00,2025,4,26,14,Cao Bằng,Xã Tam Kim,22.606427,106.0179879,104,Unhealthy for Sensitive Groups,2,28.3,65,0.1,13.9,183,973.2,71,30.3,30.6,366.0,5.9,118.0,5.3
2025-04-26 15:00:00,2025,4,26,15,Cao Bằng,Xã Tam Kim,22.606427,106.0179879,105,Unhealthy for Sensitive Groups,2,28.8,62,0.0,12.6,181,972.1,58,31.4,31.8,374.0,5.5,123.0,4.9
2025-04-26 16:00:00,2025,4,26,16,Cao Bằng,Xã Tam Kim,22.606427,106.0179879,105,Unhealthy for Sensitive Groups,2,28.8,63,0.0,12.6,184,971.5,60,31.7,32.0,388.0,6.0,124.0,4.8
2025-04-26 17:00:00,2025,4,26,17,Cao Bằng,Xã Tam Kim,22.606427,106.0179879,106,Unhealthy for Sensitive Groups,2,28.3,66,0.0,9.5,169,971.2,60,41.4,42.1,418.0,8.2,116.0,5.1
2025-04-26 18:00:00,2025,4,26,18,Cao Bằng,Xã Tam Kim,22.606427,106.0179879,108,Unhealthy for Sensitive Groups,2,26.7,75,0.0,7.1,170,971.9,53,51.6,52.4,455.0,11.3,104.0,5.7
2025-04-26 19:00:00,2025,4,26,19,Cao Bằng,Xã Tam Kim,22.606427,106.0179879,111,Unhealthy for Sensitive Groups,2,25.6,81,0.0,6.9,163,972.9,85,43.3,44.0,475.0,11.1,82.0,5.6
2025-04-26 20:00:00,2025,4,26,20,Cao Bằng,Xã Tam Kim,22.606427,106.0179879,111,Unhealthy for Sensitive Groups,2,24.2,87,0.0,6.6,158,973.8,95,44.9,45.4,466.0,11.1,80.0,6.3
2025-04-26 21:00:00,2025,4,26,21,Cao Bằng,Xã Tam Kim,22.606427,106.0179879,111,Unhealthy for Sensitive Groups,2,24.2,88,0.0,6.6,151,974.3,91,47.3,47.7,440.0,11.1,77.0,7.2
2025-04-26 22:00:00,2025,4,26,22,Cao Bằng,Xã Tam Kim,22.606427,106.0179879,112,Unhealthy for Sensitive Groups,2,24.2,89,0.0,6.1,135,975.4,100,49.2,49.7,413.0,11.0,74.0,7.7
2025-04-26 23:00:00,2025,4,26,23,Cao Bằng,Xã Tam Kim,22.606427,106.0179879,113,Unhealthy for Sensitive Groups,2,23.8,93,0.2,5.6,123,975.4,100,49.1,49.5,390.0,10.7,71.0,7.5
2025-04-27 00:00:00,2025,4,27,0,Cao Bằng,Xã Tam Kim,22.606427,106.0179879,115,Unhealthy for Sensitive Groups,2,23.8,94,0.1,5.6,117,974.9,99,47.3,47.5,366.0,10.3,68.0,6.8
2025-04-27 01:00:00,2025,4,27,1,Cao Bằng,Xã Tam Kim,22.606427,106.0179879,115,Unhealthy for Sensitive Groups,2,23.5,96,0.0,6.6,131,974.4,100,28.8,29.0,346.0,9.9,65.0,6.1
2025-04-27 02:00:00,2025,4,27,2,Cao Bằng,Xã Tam Kim,22.606427,106.0179879,113,Unhealthy for Sensitive Groups,2,23.6,95,0.0,8.3,147,974.0,100,17.1,17.2,329.0,9.6,61.0,5.4
2025-04-27 03:00:00,2025,4,27,3,Cao Bằng,Xã Tam Kim,22.606427,106.0179879,110,Unhealthy for Sensitive Groups,2,23.6,95,0.0,7.7,131,973.9,100,14.8,14.9,314.0,9.4,57.0,4.6
2025-04-27 04:00:00,2025,4,27,4,Cao Bằng,Xã Tam Kim,22.606427,106.0179879,106,Unhealthy for Sensitive Groups,2,23.4,96,0.1,7.0,113,974.1,100,14.6,14.7,307.0,9.2,54.0,4.2
2025-04-27 05:00:00,2025,4,27,5,Cao Bằng,Xã Tam Kim,22.606427,106.0179879,103,Unhealthy for Sensitive Groups,2,23.4,96,0.1,6.5,122,974.6,100,13.2,13.2,310.0,9.3,51.0,4.6
2025-04-27 06:00:00,2025,4,27,6,Cao Bằng,Xã Tam Kim,22.606427,106.0179879,101,Unhealthy for Sensitive Groups,2,23.5,96,0.2,5.9,113,975.2,100,11.8,11.8,320.0,9.4,49.0,5.5
2025-04-27 07:00:00,2025,4,27,7,Cao Bằng,Xã Tam Kim,22.606427,106.0179879,98,Moderate,1,23.7,97,0.1,6.1,95,975.6,100,8.1,8.1,329.0,9.1,52.0,4.0
2025-04-27 08:00:00,2025,4,27,8,Cao Bằng,Xã Tam Kim,22.606427,106.0179879,94,Moderate,1,25.2,87,0.0,8.2,166,976.7,38,6.5,6.5,336.0,7.3,66.0,3.6
2025-04-27 09:00:00,2025,4,27,9,Cao Bằng,Xã Tam Kim,22.606427,106.0179879,91,Moderate,1,27.5,74,0.0,7.8,176,976.8,52,10.2,10.6,342.0,4.8,86.0,2.9
2025-04-27 10:00:00,2025,4,27,10,Cao Bằng,Xã Tam Kim,22.606427,106.0179879,88,Moderate,1,28.7,69,0.0,7.8,165,976.5,93,14.7,15.3,349.0,2.9,105.0,2.4
2025-04-27 11:00:00,2025,4,27,11,Cao Bằng,Xã Tam Kim,22.606427,106.0179879,87,Moderate,1,30.3,61,0.0,8.0,170,975.9,99,18.9,19.7,358.0,2.0,122.0,2.0
2025-04-27 12:00:00,2025,4,27,12,Cao Bằng,Xã Tam Kim,22.606427,106.0179879,85,Moderate,1,31.3,59,0.0,10.8,176,974.7,83,21.8,23.0,367.0,1.5,138.0,1.7
2025-04-27 13:00:00,2025,4,27,13,Cao Bằng,Xã Tam Kim,22.606427,106.0179879,85,Moderate,1,31.6,57,0.0,12.6,177,973.1,34,23.7,25.1,377.0,1.4,150.0,1.5
2025-04-27 14:00:00,2025,4,27,14,Cao Bằng,Xã Tam Kim,22.606427,106.0179879,84,Moderate,1,32.1,56,0.0,10.8,182,971.8,32,26.3,27.7,386.0,1.2,158.0,1.4
2025-04-27 15:00:00,2025,4,27,15,Cao Bằng,Xã Tam Kim,22.606427,106.0179879,84,Moderate,1,32.7,53,0.0,11.2,186,971.0,28,29.2,30.9,395.0,1.3,162.0,1.4
2025-04-27 16:00:00,2025,4,27,16,Cao Bằng,Xã Tam Kim,22.606427,106.0179879,83,Moderate,1,32.4,53,0.0,10.6,198,970.3,20,31.3,32.9,409.0,2.3,160.0,1.7
2025-04-27 17:00:00,2025,4,27,17,Cao Bằng,Xã Tam Kim,22.606427,106.0179879,96,Moderate,1,31.2,58,0.0,8.6,181,970.3,17,33.6,35.2,432.0,5.1,148.0,2.4
2025-04-27 18:00:00,2025,4,27,18,Cao Bằng,Xã Tam Kim,22.606427,106.0179879,110,Unhealthy for Sensitive Groups,2,28.9,68,0.0,8.5,159,971.3,32,35.5,36.7,460.0,8.9,130.0,3.4
2025-04-27 19:00:00,2025,4,27,19,Cao Bằng,Xã Tam Kim,22.606427,106.0179879,115,Unhealthy for Sensitive Groups,2,26.5,78,0.0,7.6,177,972.2,22,52.5,54.1,484.0,7.1,130.0,4.0
2025-04-27 20:00:00,2025,4,27,20,Cao Bằng,Xã Tam Kim,22.606427,106.0179879,117,Unhealthy for Sensitive Groups,2,25.4,85,0.0,4.0,162,973.9,51,49.5,51.0,510.0,7.6,119.0,3.8
2025-04-27 21:00:00,2025,4,27,21,Cao Bằng,Xã Tam Kim,22.606427,106.0179879,113,Unhealthy for Sensitive Groups,2,24.5,89,0.0,3.5,152,974.7,26,47.0,48.3,532.0,8.3,104.0,3.4
2025-04-27 22:00:00,2025,4,27,22,Cao Bằng,Xã Tam Kim,22.606427,106.0179879,103,Unhealthy for Sensitive Groups,2,24.0,91,0.0,2.2,145,975.5,17,41.7,42.8,529.0,8.5,93.0,3.0
2025-04-27 23:00:00,2025,4,27,23,Cao Bằng,Xã Tam Kim,22.606427,106.0179879,89,Moderate,1,24.2,93,0.1,2.6,146,975.9,98,36.6,37.6,477.0,7.9,90.0,2.6
2025-04-28 00:00:00,2025,4,28,0,Cao Bằng,Xã Tam Kim,22.606427,106.0179879,81,Moderate,1,24.0,94,0.3,3.4,122,975.7,100,33.9,34.8,398.0,6.9,92.0,2.1
2025-04-28 01:00:00,2025,4,28,1,Cao Bằng,Xã Tam Kim,22.606427,106.0179879,80,Moderate,1,23.2,99,2.6,2.6,34,975.8,100,31.3,32.2,342.0,5.9,94.0,1.7
2025-04-28 02:00:00,2025,4,28,2,Cao Bằng,Xã Tam Kim,22.606427,106.0179879,80,Moderate,1,23.1,99,0.9,3.4,357,976.0,100,26.3,27.1,330.0,5.0,97.0,1.3
2025-04-28 03:00:00,2025,4,28,3,Cao Bằng,Xã Tam Kim,22.606427,106.0179879,81,Moderate,1,22.7,99,0.8,2.7,332,976.2,100,18.8,19.6,340.0,4.2,101.0,1.0
2025-04-28 04:00:00,2025,4,28,4,Cao Bằng,Xã Tam Kim,22.606427,106.0179879,81,Moderate,1,22.0,98,4.2,8.1,315,976.4,100,13.9,14.8,351.0,3.7,102.0,0.8
2025-04-28 05:00:00,2025,4,28,5,Cao Bằng,Xã Tam Kim,22.606427,106.0179879,81,Moderate,1,21.3,97,0.4,9.6,300,976.7,100,10.8,11.6,361.0,3.7,98.0,0.9
2025-04-28 06:00:00,2025,4,28,6,Cao Bằng,Xã Tam Kim,22.606427,106.0179879,81,Moderate,1,21.9,91,0.4,8.7,275,977.8,100,12.6,13.6,372.0,4.1,92.0,1.1
2025-04-28 07:00:00,2025,4,28,7,Cao Bằng,Xã Tam Kim,22.606427,106.0179879,81,Moderate,1,21.8,95,0.2,7.7,321,978.8,100,19.1,20.3,374.0,4.9,84.0,1.8
2025-04-28 08:00:00,2025,4,28,8,Cao Bằng,Xã Tam Kim,22.606427,106.0179879,82,Moderate,1,22.2,96,0.6,9.3,317,980.1,100,25.0,27.2,359.0,3.9,91.0,2.0
2025-04-28 09:00:00,2025,4,28,9,Cao Bằng,Xã Tam Kim,22.606427,106.0179879,83,Moderate,1,23.3,83,0.1,9.7,321,980.1,98,31.3,34.7,336.0,2.6,101.0,2.3
2025-04-28 10:00:00,2025,4,28,10,Cao Bằng,Xã Tam Kim,22.606427,106.0179879,85,Moderate,1,26.1,64,0.0,9.1,352,980.1,98,31.8,35.9,316.0,1.6,110.0,2.5
2025-04-28 11:00:00,2025,4,28,11,Cao Bằng,Xã Tam Kim,22.606427,106.0179879,87,Moderate,1,28.3,53,0.0,7.9,16,979.0,94,28.5,32.2,305.0,1.3,117.0,2.3
2025-04-28 12:00:00,2025,4,28,12,Cao Bằng,Xã Tam Kim,22.606427,106.0179879,88,Moderate,1,30.1,45,0.0,6.2,49,978.0,98,26.0,29.5,297.0,1.3,123.0,2.0
2025-04-28 13:00:00,2025,4,28,13,Cao Bằng,Xã Tam Kim,22.606427,106.0179879,88,Moderate,1,31.4,41,0.0,9.0,57,976.6,87,24.3,27.6,292.0,1.3,127.0,1.8
2025-04-28 14:00:00,2025,4,28,14,Cao Bằng,Xã Tam Kim,22.606427,106.0179879,88,Moderate,1,31.9,39,0.0,7.7,65,975.1,100,23.3,26.7,287.0,1.1,131.0,1.7
2025-04-28 15:00:00,2025,4,28,15,Cao Bằng,Xã Tam Kim,22.606427,106.0179879,88,Moderate,1,31.6,42,0.0,6.3,95,974.0,97,22.8,26.2,285.0,0.9,134.0,1.6
2025-04-28 16:00:00,2025,4,28,16,Cao Bằng,Xã Tam Kim,22.606427,106.0179879,87,Moderate,1,30.7,42,0.0,12.2,124,973.6,100,21.3,24.3,291.0,1.5,132.0,1.7
2025-04-28 17:00:00,2025,4,28,17,Cao Bằng,Xã Tam Kim,22.606427,106.0179879,86,Moderate,1,29.0,51,0.0,6.1,177,973.6,100,20.0,22.6,311.0,3.4,122.0,2.0
2025-04-28 18:00:00,2025,4,28,18,Cao Bằng,Xã Tam Kim,22.606427,106.0179879,85,Moderate,1,27.0,59,0.0,6.5,161,974.6,100,19.1,21.2,341.0,5.9,108.0,2.5
2025-04-28 19:00:00,2025,4,28,19,Cao Bằng,Xã Tam Kim,22.606427,106.0179879,84,Moderate,1,25.4,62,0.0,7.6,176,975.5,100,22.2,25.0,368.0,9.5,90.0,3.1
2025-04-28 20:00:00,2025,4,28,20,Cao Bằng,Xã Tam Kim,22.606427,106.0179879,81,Moderate,1,25.4,65,0.0,0.8,153,976.2,100,21.7,24.5,393.0,10.0,84.0,3.4
2025-04-28 21:00:00,2025,4,28,21,Cao Bằng,Xã Tam Kim,22.606427,106.0179879,78,Moderate,1,24.8,67,0.0,3.6,229,977.3,100,20.7,23.3,416.0,10.8,76.0,3.7
2025-04-28 22:00:00,2025,4,28,22,Cao Bằng,Xã Tam Kim,22.606427,106.0179879,76,Moderate,1,24.2,68,0.0,3.7,191,978.0,99,20.1,22.8,430.0,11.8,69.0,4.1
2025-04-28 23:00:00,2025,4,28,23,Cao Bằng,Xã Tam Kim,22.606427,106.0179879,74,Moderate,1,23.3,73,0.0,2.4,138,978.4,51,20.2,23.0,430.0,13.1,65.0,4.4
2025-04-29 00:00:00,2025,4,29,0,Cao Bằng,Xã Tam Kim,22.606427,106.0179879,73,Moderate,1,22.4,77,0.0,1.8,217,978.1,67,20.4,23.3,420.0,14.7,62.0,4.8
2025-04-29 01:00:00,2025,4,29,1,Cao Bằng,Xã Tam Kim,22.606427,106.0179879,72,Moderate,1,21.8,79,0.0,2.6,258,977.1,89,20.8,23.7,404.0,16.0,60.0,5.0
2025-04-29 02:00:00,2025,4,29,2,Cao Bằng,Xã Tam Kim,22.606427,106.0179879,71,Moderate,1,21.3,80,0.0,1.7,288,976.4,100,21.6,24.5,376.0,17.1,56.0,5.1
2025-04-29 03:00:00,2025,4,29,3,Cao Bằng,Xã Tam Kim,22.606427,106.0179879,70,Moderate,1,21.0,81,0.0,1.5,277,976.2,88,22.4,25.3,344.0,18.0,53.0,5.1
2025-04-29 04:00:00,2025,4,29,4,Cao Bằng,Xã Tam Kim,22.606427,106.0179879,71,Moderate,1,20.6,82,0.0,1.5,263,976.1,94,23.1,26.0,329.0,17.8,53.0,5.0
2025-04-29 05:00:00,2025,4,29,5,Cao Bằng,Xã Tam Kim,22.606427,106.0179879,71,Moderate,1,20.6,81,0.0,1.5,256,976.6,96,23.7,26.7,354.0,16.0,56.0,5.0
2025-04-29 06:00:00,2025,4,29,6,Cao Bằng,Xã Tam Kim,22.606427,106.0179879,73,Moderate,1,21.0,82,0.0,2.4,253,976.8,100,24.9,27.6,397.0,13.2,63.0,4.9
2025-04-29 07:00:00,2025,4,29,7,Cao Bằng,Xã Tam Kim,22.606427,106.0179879,74,Moderate,1,22.6,74,0.0,1.5,277,977.7,100,19.6,21.6,420.0,10.1,72.0,4.7
2025-04-29 08:00:00,2025,4,29,8,Cao Bằng,Xã Tam Kim,22.606427,106.0179879,74,Moderate,1,25.0,66,0.0,1.8,360,978.8,98,13.9,16.1,402.0,7.7,90.0,4.4
2025-04-29 09:00:00,2025,4,29,9,Cao Bằng,Xã Tam Kim,22.606427,106.0179879,73,Moderate,1,27.0,57,0.0,0.4,333,979.1,66,14.2,16.4,364.0,4.5,114.0,4.0
2025-04-29 10:00:00,2025,4,29,10,Cao Bằng,Xã Tam Kim,22.606427,106.0179879,71,Moderate,1,28.3,51,0.0,2.7,138,979.1,100,16.5,18.8,334.0,2.0,132.0,3.6
2025-04-29 11:00:00,2025,4,29,11,Cao Bằng,Xã Tam Kim,22.606427,106.0179879,70,Moderate,1,28.7,49,0.0,3.4,133,978.4,100,19.7,22.5,325.0,1.2,138.0,3.4
2025-04-29 12:00:00,2025,4,29,12,Cao Bằng,Xã Tam Kim,22.606427,106.0179879,69,Moderate,1,29.5,47,0.0,4.5,146,977.2,94,21.2,24.0,324.0,1.2,138.0,3.2
2025-04-29 13:00:00,2025,4,29,13,Cao Bằng,Xã Tam Kim,22.606427,106.0179879,69,Moderate,1,30.3,45,0.0,5.5,163,975.9,97,21.6,24.3,324.0,1.3,138.0,3.1
2025-04-29 14:00:00,2025,4,29,14,Cao Bằng,Xã Tam Kim,22.606427,106.0179879,68,Moderate,1,30.4,45,0.0,6.2,158,974.5,83,23.1,25.8,321.0,1.0,140.0,3.1
2025-04-29 15:00:00,2025,4,29,15,Cao Bằng,Xã Tam Kim,22.606427,106.0179879,71,Moderate,1,30.7,45,0.0,6.8,130,973.4,67,22.6,25.1,320.0,0.9,142.0,3.3
2025-04-29 16:00:00,2025,4,29,16,Cao Bằng,Xã Tam Kim,22.606427,106.0179879,86,Moderate,1,30.4,46,0.0,6.2,112,972.8,97,23.7,26.1,325.0,1.7,139.0,3.5
2025-04-29 17:00:00,2025,4,29,17,Cao Bằng,Xã Tam Kim,22.606427,106.0179879,96,Moderate,1,29.4,54,0.0,5.7,136,972.9,99,26.0,28.5,343.0,4.1,127.0,3.9
2025-04-29 18:00:00,2025,4,29,18,Cao Bằng,Xã Tam Kim,22.606427,106.0179879,99,Moderate,1,27.3,61,0.0,7.1,199,973.4,99,28.0,30.3,368.0,7.5,110.0,4.4
2025-04-29 19:00:00,2025,4,29,19,Cao Bằng,Xã Tam Kim,22.606427,106.0179879,95,Moderate,1,26.0,67,0.0,9.1,189,974.4,100,26.8,28.9,389.0,9.7,85.0,2.8
2025-04-29 20:00:00,2025,4,29,20,Cao Bằng,Xã Tam Kim,22.606427,106.0179879,83,Moderate,1,23.8,85,0.0,4.9,170,974.8,18,27.0,28.6,402.0,10.3,79.0,3.3
2025-04-29 21:00:00,2025,4,29,21,Cao Bằng,Xã Tam Kim,22.606427,106.0179879,71,Moderate,1,23.4,87,0.0,3.9,167,975.9,38,28.7,30.2,412.0,11.0,70.0,3.9
2025-04-29 22:00:00,2025,4,29,22,Cao Bằng,Xã Tam Kim,22.606427,106.0179879,71,Moderate,1,22.5,91,0.0,2.5,172,976.2,94,30.6,31.9,419.0,11.6,63.0,4.3
2025-04-29 23:00:00,2025,4,29,23,Cao Bằng,Xã Tam Kim,22.606427,106.0179879,72,Moderate,1,22.2,92,0.0,0.7,180,976.4,88,33.1,34.5,424.0,11.9,57.0,4.2
2025-04-30 00:00:00,2025,4,30,0,Cao Bằng,Xã Tam Kim,22.606427,106.0179879,74,Moderate,1,21.9,93,0.0,0.4,207,976.4,61,34.3,35.5,425.0,12.1,53.0,3.7
2025-04-30 01:00:00,2025,4,30,1,Cao Bằng,Xã Tam Kim,22.606427,106.0179879,75,Moderate,1,21.8,93,0.0,0.4,207,975.9,74,37.5,38.8,425.0,11.9,51.0,3.3
2025-04-30 02:00:00,2025,4,30,2,Cao Bằng,Xã Tam Kim,22.606427,106.0179879,76,Moderate,1,21.4,94,0.0,0.4,243,975.3,76,40.4,41.6,421.0,11.3,50.0,2.8
2025-04-30 03:00:00,2025,4,30,3,Cao Bằng,Xã Tam Kim,22.606427,106.0179879,78,Moderate,1,21.9,92,0.3,0.8,27,975.2,92,42.4,43.5,415.0,10.3,51.0,2.3
2025-04-30 04:00:00,2025,4,30,4,Cao Bằng,Xã Tam Kim,22.606427,106.0179879,80,Moderate,1,21.9,94,0.1,1.9,56,975.0,83,41.3,42.5,410.0,8.9,61.0,2.3
2025-04-30 05:00:00,2025,4,30,5,Cao Bằng,Xã Tam Kim,22.606427,106.0179879,81,Moderate,1,21.8,95,0.1,1.9,17,975.2,96,40.4,41.4,413.0,6.7,87.0,3.4
2025-04-30 06:00:00,2025,4,30,6,Cao Bằng,Xã Tam Kim,22.606427,106.0179879,83,Moderate,1,22.0,97,0.0,3.1,28,975.7,100,37.7,38.5,417.0,4.2,121.0,5.0
2025-04-30 07:00:00,2025,4,30,7,Cao Bằng,Xã Tam Kim,22.606427,106.0179879,84,Moderate,1,22.3,96,0.4,2.8,50,976.4,100,20.0,20.5,412.0,5.5,113.0,7.5
2025-04-30 08:00:00,2025,4,30,8,Cao Bằng,Xã Tam Kim,22.606427,106.0179879,84,Moderate,1,23.1,100,0.6,2.6,65,977.5,100,18.8,19.3,388.0,4.6,121.0,7.3
2025-04-30 09:00:00,2025,4,30,9,Cao Bằng,Xã Tam Kim,22.606427,106.0179879,84,Moderate,1,23.8,98,0.3,2.4,63,977.9,99,19.9,20.5,354.0,3.5,133.0,7.1
2025-04-30 10:00:00,2025,4,30,10,Cao Bằng,Xã Tam Kim,22.606427,106.0179879,85,Moderate,1,24.1,94,0.3,1.8,360,977.9,100,18.2,18.9,327.0,2.5,140.0,6.6
2025-04-30 11:00:00,2025,4,30,11,Cao Bằng,Xã Tam Kim,22.606427,106.0179879,85,Moderate,1,22.8,100,1.2,4.7,358,977.2,100,19.1,19.9,313.0,1.9,139.0,5.8
2025-04-30 12:00:00,2025,4,30,12,Cao Bằng,Xã Tam Kim,22.606427,106.0179879,85,Moderate,1,24.4,95,0.8,4.4,38,976.8,66,19.4,20.1,306.0,1.6,135.0,4.7
2025-04-30 13:00:00,2025,4,30,13,Cao Bằng,Xã Tam Kim,22.606427,106.0179879,85,Moderate,1,25.1,89,0.2,4.2,72,975.5,60,20.5,21.2,303.0,1.5,130.0,3.8
2025-04-30 14:00:00,2025,4,30,14,Cao Bằng,Xã Tam Kim,22.606427,106.0179879,86,Moderate,1,25.4,84,0.2,5.8,356,974.4,86,20.8,21.6,300.0,1.5,128.0,3.0
2025-04-30 15:00:00,2025,4,30,15,Cao Bằng,Xã Tam Kim,22.606427,106.0179879,88,Moderate,1,24.4,84,0.4,9.4,288,973.9,99,20.7,21.4,300.0,1.8,126.0,2.3
2025-04-30 16:00:00,2025,4,30,16,Cao Bằng,Xã Tam Kim,22.606427,106.0179879,90,Moderate,1,25.1,81,0.1,5.6,174,973.6,96,20.5,21.1,311.0,2.8,120.0,1.9
2025-04-30 17:00:00,2025,4,30,17,Cao Bằng,Xã Tam Kim,22.606427,106.0179879,90,Moderate,1,24.3,86,0.0,5.1,148,973.8,100,19.8,20.3,342.0,5.2,108.0,2.1
2025-04-30 18:00:00,2025,4,30,18,Cao Bằng,Xã Tam Kim,22.606427,106.0179879,85,Moderate,1,23.5,93,0.1,2.6,25,974.8,100,21.2,21.7,383.0,8.4,93.0,2.7
2025-04-30 19:00:00,2025,4,30,19,Cao Bằng,Xã Tam Kim,22.606427,106.0179879,83,Moderate,1,22.8,95,0.2,3.6,143,976.1,100,21.1,21.5,418.0,10.7,86.0,3.0
2025-04-30 20:00:00,2025,4,30,20,Cao Bằng,Xã Tam Kim,22.606427,106.0179879,82,Moderate,1,23.7,90,0.0,3.4,295,976.4,97,21.4,21.8,440.0,11.6,78.0,3.1
2025-04-30 21:00:00,2025,4,30,21,Cao Bằng,Xã Tam Kim,22.606427,106.0179879,82,Moderate,1,22.0,97,6.3,9.6,307,977.4,93,20.9,21.2,455.0,12.8,66.0,3.1
2025-04-30 22:00:00,2025,4,30,22,Cao Bằng,Xã Tam Kim,22.606427,106.0179879,81,Moderate,1,21.4,98,6.4,6.0,254,978.1,96,20.2,20.5,460.0,13.2,58.0,3.1
2025-04-30 23:00:00,2025,4,30,23,Cao Bằng,Xã Tam Kim,22.606427,106.0179879,80,Moderate,1,21.4,99,1.3,4.0,267,978.4,100,18.2,18.5,451.0,12.2,57.0,2.8
2025-05-01 00:00:00,2025,5,1,0,Cao Bằng,Xã Tam Kim,22.606427,106.0179879,79,Moderate,1,21.5,98,1.0,3.6,270,978.1,100,16.9,17.2,431.0,10.4,60.0,2.4
2025-05-01 01:00:00,2025,5,1,1,Cao Bằng,Xã Tam Kim,22.606427,106.0179879,77,Moderate,1,21.9,93,1.1,0.7,270,977.9,100,16.5,16.8,408.0,9.0,62.0,2.1
2025-05-01 02:00:00,2025,5,1,2,Cao Bằng,Xã Tam Kim,22.606427,106.0179879,76,Moderate,1,21.6,94,0.9,2.9,292,977.7,100,16.8,17.1,378.0,8.4,60.0,1.9
2025-05-01 03:00:00,2025,5,1,3,Cao Bằng,Xã Tam Kim,22.606427,106.0179879,73,Moderate,1,21.5,95,1.5,3.9,317,977.4,100,16.6,16.9,346.0,8.1,57.0,1.8
2025-05-01 04:00:00,2025,5,1,4,Cao Bằng,Xã Tam Kim,22.606427,106.0179879,71,Moderate,1,21.5,93,2.2,3.3,315,977.6,100,15.8,16.1,331.0,8.0,55.0,1.8
2025-05-01 05:00:00,2025,5,1,5,Cao Bằng,Xã Tam Kim,22.606427,106.0179879,69,Moderate,1,21.0,94,1.0,4.6,288,978.2,100,14.9,15.1,350.0,8.4,52.0,2.0
2025-05-01 06:00:00,2025,5,1,6,Cao Bằng,Xã Tam Kim,22.606427,106.0179879,67,Moderate,1,21.1,93,1.1,3.9,344,978.7,100,14.6,14.8,386.0,8.9,50.0,2.3
2025-05-01 07:00:00,2025,5,1,7,Cao Bằng,Xã Tam Kim,22.606427,106.0179879,65,Moderate,1,21.5,91,1.3,2.2,265,979.4,100,9.1,9.3,408.0,8.5,51.0,2.7
2025-05-01 08:00:00,2025,5,1,8,Cao Bằng,Xã Tam Kim,22.606427,106.0179879,64,Moderate,1,21.3,94,0.8,3.5,305,980.6,100,10.5,10.8,402.0,6.7,69.0,2.8
2025-05-01 09:00:00,2025,5,1,9,Cao Bằng,Xã Tam Kim,22.606427,106.0179879,63,Moderate,1,22.1,89,0.2,5.3,278,980.7,100,10.9,11.2,381.0,4.2,95.0,2.9
2025-05-01 10:00:00,2025,5,1,10,Cao Bằng,Xã Tam Kim,22.606427,106.0179879,62,Moderate,1,24.2,74,0.0,3.6,297,980.8,100,11.1,11.6,358.0,2.3,115.0,2.9
2025-05-01 11:00:00,2025,5,1,11,Cao Bằng,Xã Tam Kim,22.606427,106.0179879,61,Moderate,1,26.6,58,0.0,1.5,315,980.3,100,10.8,12.1,334.0,1.5,125.0,2.7
2025-05-01 12:00:00,2025,5,1,12,Cao Bằng,Xã Tam Kim,22.606427,106.0179879,61,Moderate,1,26.6,60,0.0,3.9,193,979.3,100,10.1,13.9,308.0,1.2,129.0,2.3
2025-05-01 13:00:00,2025,5,1,13,Cao Bằng,Xã Tam Kim,22.606427,106.0179879,60,Moderate,1,28.2,54,0.0,4.9,182,978.0,93,9.5,16.1,287.0,1.1,132.0,2.1
2025-05-01 14:00:00,2025,5,1,14,Cao Bằng,Xã Tam Kim,22.606427,106.0179879,59,Moderate,1,29.0,50,0.0,4.2,175,976.4,88,9.1,17.6,272.0,0.6,136.0,2.0
2025-05-01 15:00:00,2025,5,1,15,Cao Bằng,Xã Tam Kim,22.606427,106.0179879,58,Moderate,1,28.9,51,0.0,4.4,199,975.5,68,8.8,18.0,262.0,0.3,138.0,1.9
2025-05-01 16:00:00,2025,5,1,16,Cao Bằng,Xã Tam Kim,22.606427,106.0179879,66,Moderate,1,29.6,48,0.0,3.6,233,974.9,37,8.8,18.3,263.0,1.5,134.0,2.1
2025-05-01 17:00:00,2025,5,1,17,Cao Bằng,Xã Tam Kim,22.606427,106.0179879,80,Moderate,1,28.8,56,0.0,3.7,259,975.0,58,10.4,19.4,284.0,5.3,120.0,2.7
2025-05-01 18:00:00,2025,5,1,18,Cao Bằng,Xã Tam Kim,22.606427,106.0179879,85,Moderate,1,25.8,72,0.0,1.5,249,974.9,100,12.5,20.4,315.0,10.5,99.0,3.5
2025-05-01 19:00:00,2025,5,1,19,Cao Bằng,Xã Tam Kim,22.606427,106.0179879,82,Moderate,1,25.0,67,0.0,3.5,219,976.1,71,14.4,22.9,334.0,13.1,80.0,3.9
2025-05-01 20:00:00,2025,5,1,20,Cao Bằng,Xã Tam Kim,22.606427,106.0179879,72,Moderate,1,24.0,68,0.0,5.8,216,976.9,23,15.8,24.5,326.0,14.5,76.0,4.4
2025-05-01 21:00:00,2025,5,1,21,Cao Bằng,Xã Tam Kim,22.606427,106.0179879,61,Moderate,1,23.3,68,0.0,2.3,241,977.6,96,17.1,25.7,305.0,16.5,71.0,5.1
2025-05-01 22:00:00,2025,5,1,22,Cao Bằng,Xã Tam Kim,22.606427,106.0179879,53,Moderate,1,23.8,66,0.0,0.4,270,978.1,34,18.6,27.1,289.0,18.5,66.0,5.7
2025-05-01 23:00:00,2025,5,1,23,Cao Bằng,Xã Tam Kim,22.606427,106.0179879,53,Moderate,1,22.9,67,0.0,0.6,252,978.0,28,20.6,28.9,286.0,20.3,62.0,6.1
2025-05-02 00:00:00,2025,5,2,0,Cao Bằng,Xã Tam Kim,22.606427,106.0179879,53,Moderate,1,21.9,70,0.0,0.3,225,977.1,33,22.2,30.4,287.0,22.1,58.0,6.3
2025-05-02 01:00:00,2025,5,2,1,Cao Bằng,Xã Tam Kim,22.606427,106.0179879,53,Moderate,1,21.4,71,0.0,0.6,252,976.7,27,23.3,31.4,290.0,23.3,54.0,6.3
2025-05-02 02:00:00,2025,5,2,2,Cao Bằng,Xã Tam Kim,22.606427,106.0179879,54,Moderate,1,20.6,74,0.0,0.9,259,975.9,75,24.3,32.2,289.0,24.2,47.0,6.1
2025-05-02 03:00:00,2025,5,2,3,Cao Bằng,Xã Tam Kim,22.606427,106.0179879,55,Moderate,1,20.2,75,0.0,0.6,252,975.7,96,24.7,32.6,290.0,24.7,39.0,5.6
2025-05-02 04:00:00,2025,5,2,4,Cao Bằng,Xã Tam Kim,22.606427,106.0179879,55,Moderate,1,19.8,77,0.0,1.5,256,975.5,94,24.9,32.6,302.0,23.6,36.0,5.2
2025-05-02 05:00:00,2025,5,2,5,Cao Bằng,Xã Tam Kim,22.606427,106.0179879,56,Moderate,1,19.9,77,0.0,1.1,261,975.6,92,24.9,32.6,343.0,20.1,40.0,4.7
2025-05-02 06:00:00,2025,5,2,6,Cao Bằng,Xã Tam Kim,22.606427,106.0179879,57,Moderate,1,20.3,77,0.0,1.5,277,976.1,48,25.8,33.4,396.0,15.0,49.0,4.3
2025-05-02 07:00:00,2025,5,2,7,Cao Bằng,Xã Tam Kim,22.606427,106.0179879,58,Moderate,1,22.4,69,0.0,0.8,333,976.7,43,12.6,14.3,420.0,9.8,59.0,3.6
2025-05-02 08:00:00,2025,5,2,8,Cao Bằng,Xã Tam Kim,22.606427,106.0179879,58,Moderate,1,24.7,68,0.0,3.2,47,977.3,100,8.4,11.8,388.0,7.2,82.0,3.6
2025-05-02 09:00:00,2025,5,2,9,Cao Bằng,Xã Tam Kim,22.606427,106.0179879,58,Moderate,1,26.8,58,0.0,3.5,55,977.2,99,7.5,14.8,327.0,3.6,114.0,3.6
2025-05-02 10:00:00,2025,5,2,10,Cao Bằng,Xã Tam Kim,22.606427,106.0179879,58,Moderate,1,28.8,52,0.0,5.1,84,977.2,16,7.7,18.6,279.0,1.0,137.0,3.5
2025-05-02 11:00:00,2025,5,2,11,Cao Bằng,Xã Tam Kim,22.606427,106.0179879,58,Moderate,1,30.9,38,0.0,6.2,102,976.3,4,8.1,20.7,263.0,0.3,144.0,3.3
2025-05-02 12:00:00,2025,5,2,12,Cao Bằng,Xã Tam Kim,22.606427,106.0179879,57,Moderate,1,32.0,34,0.0,7.0,100,975.2,20,8.4,21.8,259.0,0.5,142.0,3.0
2025-05-02 13:00:00,2025,5,2,13,Cao Bằng,Xã Tam Kim,22.606427,106.0179879,57,Moderate,1,32.7,34,0.0,8.0,85,973.9,92,8.6,21.7,256.0,0.8,140.0,2.7
2025-05-02 14:00:00,2025,5,2,14,Cao Bằng,Xã Tam Kim,22.606427,106.0179879,57,Moderate,1,33.9,32,0.0,4.5,95,972.4,33,8.6,20.8,244.0,0.7,140.0,2.4
2025-05-02 15:00:00,2025,5,2,15,Cao Bằng,Xã Tam Kim,22.606427,106.0179879,70,Moderate,1,34.3,31,0.0,5.5,167,971.2,32,8.6,19.6,232.0,0.6,139.0,2.2
2025-05-02 16:00:00,2025,5,2,16,Cao Bằng,Xã Tam Kim,22.606427,106.0179879,87,Moderate,1,32.9,35,0.0,9.4,177,970.6,67,8.8,18.5,235.0,1.3,135.0,2.3
2025-05-02 17:00:00,2025,5,2,17,Cao Bằng,Xã Tam Kim,22.606427,106.0179879,99,Moderate,1,31.0,48,0.0,6.1,161,970.4,42,9.5,18.2,267.0,3.5,124.0,2.8
2025-05-02 18:00:00,2025,5,2,18,Cao Bằng,Xã Tam Kim,22.606427,106.0179879,101,Unhealthy for Sensitive Groups,2,27.5,63,0.0,8.6,172,970.6,7,11.4,18.3,315.0,6.4,110.0,3.6
2025-05-02 19:00:00,2025,5,2,19,Cao Bằng,Xã Tam Kim,22.606427,106.0179879,95,Moderate,1,24.9,73,0.0,7.7,198,971.0,2,13.0,20.8,349.0,9.0,93.0,3.5
2025-05-02 20:00:00,2025,5,2,20,Cao Bằng,Xã Tam Kim,22.606427,106.0179879,84,Moderate,1,24.8,72,0.0,9.0,195,971.7,4,14.6,22.2,353.0,10.1,87.0,4.0
2025-05-02 21:00:00,2025,5,2,21,Cao Bằng,Xã Tam Kim,22.606427,106.0179879,72,Moderate,1,24.3,72,0.0,7.1,195,972.2,1,16.4,23.5,344.0,11.7,80.0,4.7
2025-05-02 22:00:00,2025,5,2,22,Cao Bằng,Xã Tam Kim,22.606427,106.0179879,60,Moderate,1,23.4,77,0.0,4.1,178,972.8,20,18.6,25.2,342.0,12.8,74.0,5.4
2025-05-02 23:00:00,2025,5,2,23,Cao Bằng,Xã Tam Kim,22.606427,106.0179879,57,Moderate,1,22.6,80,0.0,3.1,187,972.9,9,21.1,26.9,361.0,12.9,73.0,6.3
2025-05-03 00:00:00,2025,5,3,0,Cao Bằng,Xã Tam Kim,22.606427,106.0179879,57,Moderate,1,22.0,83,0.0,1.8,186,972.7,14,25.3,30.3,387.0,12.5,74.0,7.2
2025-05-03 01:00:00,2025,5,3,1,Cao Bằng,Xã Tam Kim,22.606427,106.0179879,57,Moderate,1,21.5,86,0.0,0.6,162,972.5,15,30.2,34.7,406.0,12.2,74.0,7.9
2025-05-03 02:00:00,2025,5,3,2,Cao Bằng,Xã Tam Kim,22.606427,106.0179879,57,Moderate,1,20.9,88,0.0,0.2,270,971.8,24,34.3,38.3,410.0,12.4,68.0,7.8
2025-05-03 03:00:00,2025,5,3,3,Cao Bằng,Xã Tam Kim,22.606427,106.0179879,58,Moderate,1,20.4,90,0.0,0.8,297,971.7,100,38.3,41.8,407.0,12.6,59.0,7.4
2025-05-03 04:00:00,2025,5,3,4,Cao Bằng,Xã Tam Kim,22.606427,106.0179879,60,Moderate,1,20.6,91,0.0,1.4,293,972.0,17,42.6,45.8,404.0,12.2,59.0,8.1
2025-05-03 05:00:00,2025,5,3,5,Cao Bằng,Xã Tam Kim,22.606427,106.0179879,61,Moderate,1,20.3,91,0.0,1.2,297,972.2,23,48.8,51.7,408.0,10.5,73.0,11.4
2025-05-03 06:00:00,2025,5,3,6,Cao Bằng,Xã Tam Kim,22.606427,106.0179879,63,Moderate,1,20.9,91,0.0,1.4,310,972.8,71,58.0,60.5,413.0,8.2,95.0,15.7
2025-05-03 07:00:00,2025,5,3,7,Cao Bằng,Xã Tam Kim,22.606427,106.0179879,66,Moderate,1,23.0,85,0.0,3.8,45,973.6,7,57.0,58.7,404.0,5.4,120.0,19.3
2025-05-03 08:00:00,2025,5,3,8,Cao Bằng,Xã Tam Kim,22.606427,106.0179879,70,Moderate,1,26.1,76,0.0,2.9,137,974.1,100,43.5,44.6,368.0,4.3,126.0,16.6
2025-05-03 09:00:00,2025,5,3,9,Cao Bằng,Xã Tam Kim,22.606427,106.0179879,73,Moderate,1,27.4,68,0.0,3.0,128,974.1,100,35.6,37.1,320.0,2.8,135.0,12.8
2025-05-03 10:00:00,2025,5,3,10,Cao Bằng,Xã Tam Kim,22.606427,106.0179879,76,Moderate,1,28.0,67,0.0,4.2,144,974.0,100,31.5,33.1,286.0,1.7,141.0,9.7
2025-05-03 11:00:00,2025,5,3,11,Cao Bằng,Xã Tam Kim,22.606427,106.0179879,78,Moderate,1,27.4,69,0.0,6.6,159,973.6,100,28.9,30.4,283.0,1.2,141.0,7.8
2025-05-03 12:00:00,2025,5,3,12,Cao Bằng,Xã Tam Kim,22.606427,106.0179879,80,Moderate,1,29.3,60,0.0,6.3,198,973.0,85,26.3,27.4,296.0,1.1,138.0,6.6
2025-05-03 13:00:00,2025,5,3,13,Cao Bằng,Xã Tam Kim,22.606427,106.0179879,81,Moderate,1,30.8,55,0.0,6.2,202,971.4,20,25.1,26.1,305.0,1.1,136.0,5.7
2025-05-03 14:00:00,2025,5,3,14,Cao Bằng,Xã Tam Kim,22.606427,106.0179879,86,Moderate,1,32.6,48,0.0,8.2,206,969.7,43,24.9,25.6,301.0,1.0,138.0,5.2
2025-05-03 15:00:00,2025,5,3,15,Cao Bằng,Xã Tam Kim,22.606427,106.0179879,95,Moderate,1,32.7,44,0.0,10.3,209,968.7,57,25.2,25.9,293.0,1.0,140.0,5.0
2025-05-03 16:00:00,2025,5,3,16,Cao Bằng,Xã Tam Kim,22.606427,106.0179879,99,Moderate,1,31.0,57,0.5,8.4,195,968.5,43,26.7,27.3,298.0,1.7,140.0,5.0
2025-05-03 17:00:00,2025,5,3,17,Cao Bằng,Xã Tam Kim,22.606427,106.0179879,102,Unhealthy for Sensitive Groups,2,30.0,62,0.0,8.8,169,968.4,23,28.1,28.6,326.0,3.5,135.0,5.2
2025-05-03 18:00:00,2025,5,3,18,Cao Bằng,Xã Tam Kim,22.606427,106.0179879,102,Unhealthy for Sensitive Groups,2,28.2,67,0.0,10.0,186,969.0,42,30.3,30.6,365.0,6.0,126.0,5.6
2025-05-03 19:00:00,2025,5,3,19,Cao Bằng,Xã Tam Kim,22.606427,106.0179879,99,Moderate,1,26.2,75,0.0,7.8,176,969.5,49,28.8,28.9,400.0,6.6,126.0,6.9
2025-05-03 20:00:00,2025,5,3,20,Cao Bằng,Xã Tam Kim,22.606427,106.0179879,96,Moderate,1,24.6,84,0.0,4.2,160,970.0,43,31.9,32.0,425.0,7.3,122.0,7.8
2025-05-03 21:00:00,2025,5,3,21,Cao Bằng,Xã Tam Kim,22.606427,106.0179879,93,Moderate,1,23.8,87,0.0,3.4,162,970.7,16,35.2,35.3,445.0,8.3,117.0,9.0
2025-05-03 22:00:00,2025,5,3,22,Cao Bằng,Xã Tam Kim,22.606427,106.0179879,95,Moderate,1,23.3,89,0.0,2.6,164,971.2,2,38.4,38.6,455.0,8.7,114.0,10.2
2025-05-03 23:00:00,2025,5,3,23,Cao Bằng,Xã Tam Kim,22.606427,106.0179879,97,Moderate,1,22.9,91,0.0,2.4,163,971.4,11,42.0,42.3,456.0,8.1,115.0,11.3
2025-05-04 00:00:00,2025,5,4,0,Cao Bằng,Xã Tam Kim,22.606427,106.0179879,99,Moderate,1,23.5,89,0.0,0.6,146,971.1,47,46.4,46.8,447.0,7.1,117.0,12.4
2025-05-04 01:00:00,2025,5,4,1,Cao Bằng,Xã Tam Kim,22.606427,106.0179879,101,Unhealthy for Sensitive Groups,2,23.7,89,0.0,0.8,63,970.5,67,51.7,52.0,427.0,6.1,117.0,13.2
2025-05-04 02:00:00,2025,5,4,2,Cao Bằng,Xã Tam Kim,22.606427,106.0179879,103,Unhealthy for Sensitive Groups,2,23.6,90,0.0,1.2,63,969.7,80,49.4,49.8,384.0,5.4,112.0,13.6
2025-05-04 03:00:00,2025,5,4,3,Cao Bằng,Xã Tam Kim,22.606427,106.0179879,104,Unhealthy for Sensitive Groups,2,23.5,92,0.0,2.3,86,969.4,100,39.8,40.3,329.0,4.7,104.0,13.6
2025-05-04 04:00:00,2025,5,4,4,Cao Bằng,Xã Tam Kim,22.606427,106.0179879,105,Unhealthy for Sensitive Groups,2,23.5,94,0.0,3.3,84,969.4,100,29.2,29.6,291.0,4.4,96.0,13.4
2025-05-04 05:00:00,2025,5,4,5,Cao Bằng,Xã Tam Kim,22.606427,106.0179879,103,Unhealthy for Sensitive Groups,2,23.7,94,0.0,4.7,83,969.9,100,24.9,25.3,287.0,4.8,87.0,12.9
2025-05-04 06:00:00,2025,5,4,6,Cao Bằng,Xã Tam Kim,22.606427,106.0179879,101,Unhealthy for Sensitive Groups,2,24.0,94,0.0,5.4,104,970.1,100,22.8,23.2,299.0,5.6,78.0,12.1
2025-05-04 07:00:00,2025,5,4,7,Cao Bằng,Xã Tam Kim,22.606427,106.0179879,97,Moderate,1,24.8,91,0.1,5.6,121,970.8,98,23.7,24.3,309.0,5.6,80.0,10.8
2025-05-04 08:00:00,2025,5,4,8,Cao Bằng,Xã Tam Kim,22.606427,106.0179879,95,Moderate,1,26.7,80,0.0,8.7,159,971.6,100,22.6,23.1,309.0,4.9,88.0,9.1
2025-05-04 09:00:00,2025,5,4,9,Cao Bằng,Xã Tam Kim,22.606427,106.0179879,93,Moderate,1,26.8,79,0.0,5.8,129,971.8,97,22.6,23.1,306.0,4.0,99.0,6.8
2025-05-04 10:00:00,2025,5,4,10,Cao Bằng,Xã Tam Kim,22.606427,106.0179879,92,Moderate,1,28.9,68,0.0,8.3,174,971.9,100,22.5,22.9,301.0,3.1,111.0,5.0
2025-05-04 11:00:00,2025,5,4,11,Cao Bằng,Xã Tam Kim,22.606427,106.0179879,91,Moderate,1,28.7,68,0.0,8.1,168,971.0,97,22.6,22.9,290.0,2.5,123.0,4.1
2025-05-04 12:00:00,2025,5,4,12,Cao Bằng,Xã Tam Kim,22.606427,106.0179879,90,Moderate,1,30.1,62,0.0,10.6,190,970.1,59,22.6,22.8,277.0,1.9,137.0,3.7
2025-05-04 13:00:00,2025,5,4,13,Cao Bằng,Xã Tam Kim,22.606427,106.0179879,90,Moderate,1,31.7,54,0.0,11.2,190,968.8,25,22.6,22.9,268.0,1.6,148.0,3.7
2025-05-04 14:00:00,2025,5,4,14,Cao Bằng,Xã Tam Kim,22.606427,106.0179879,90,Moderate,1,32.8,51,0.0,13.4,200,967.2,9,23.4,23.7,267.0,1.5,157.0,4.1
2025-05-04 15:00:00,2025,5,4,15,Cao Bằng,Xã Tam Kim,22.606427,106.0179879,89,Moderate,1,33.1,50,0.0,13.9,199,966.1,11,24.7,25.2,271.0,1.5,165.0,4.9
2025-05-04 16:00:00,2025,5,4,16,Cao Bằng,Xã Tam Kim,22.606427,106.0179879,89,Moderate,1,32.1,56,0.0,13.1,193,965.6,10,26.2,26.7,280.0,2.0,170.0,5.7
2025-05-04 17:00:00,2025,5,4,17,Cao Bằng,Xã Tam Kim,22.606427,106.0179879,103,Unhealthy for Sensitive Groups,2,31.0,62,0.0,10.6,195,965.5,6,27.6,27.9,297.0,3.1,171.0,6.5
2025-05-04 18:00:00,2025,5,4,18,Cao Bằng,Xã Tam Kim,22.606427,106.0179879,118,Unhealthy for Sensitive Groups,2,28.9,72,0.0,7.6,165,965.9,38,29.0,29.2,320.0,4.5,168.0,7.4
2025-05-04 19:00:00,2025,5,4,19,Cao Bằng,Xã Tam Kim,22.606427,106.0179879,130,Unhealthy for Sensitive Groups,2,26.7,82,0.0,6.8,145,966.7,29,24.1,24.3,343.0,6.3,154.0,8.3
2025-05-04 20:00:00,2025,5,4,20,Cao Bằng,Xã Tam Kim,22.606427,106.0179879,137,Unhealthy for Sensitive Groups,2,25.8,83,0.0,5.6,140,967.8,87,25.9,26.1,368.0,6.6,153.0,9.1
2025-05-04 21:00:00,2025,5,4,21,Cao Bằng,Xã Tam Kim,22.606427,106.0179879,140,Unhealthy for Sensitive Groups,2,25.1,88,0.0,4.2,155,968.6,55,28.1,28.2,393.0,6.9,152.0,10.3
2025-05-04 22:00:00,2025,5,4,22,Cao Bằng,Xã Tam Kim,22.606427,106.0179879,141,Unhealthy for Sensitive Groups,2,24.6,90,0.0,3.9,143,969.5,45,33.8,34.0,405.0,7.0,149.0,11.1
2025-05-04 23:00:00,2025,5,4,23,Cao Bằng,Xã Tam Kim,22.606427,106.0179879,139,Unhealthy for Sensitive Groups,2,24.2,92,0.0,2.9,86,970.1,58,39.6,39.7,394.0,6.7,143.0,11.3
2025-05-05 00:00:00,2025,5,5,0,Cao Bằng,Xã Tam Kim,22.606427,106.0179879,135,Unhealthy for Sensitive Groups,2,23.5,95,0.0,3.0,76,970.1,50,41.2,41.4,369.0,6.2,136.0,11.3
2025-05-05 01:00:00,2025,5,5,1,Cao Bằng,Xã Tam Kim,22.606427,106.0179879,127,Unhealthy for Sensitive Groups,2,23.1,97,0.0,2.5,135,969.8,31,34.5,34.6,352.0,5.8,127.0,11.0
2025-05-05 02:00:00,2025,5,5,2,Cao Bằng,Xã Tam Kim,22.606427,106.0179879,118,Unhealthy for Sensitive Groups,2,23.2,96,0.0,2.6,129,969.6,57,34.8,35.0,348.0,5.7,115.0,10.5
2025-05-05 03:00:00,2025,5,5,3,Cao Bằng,Xã Tam Kim,22.606427,106.0179879,107,Unhealthy for Sensitive Groups,2,23.9,95,0.0,3.3,103,969.3,66,36.3,36.4,352.0,5.7,102.0,9.7
2025-05-05 04:00:00,2025,5,5,4,Cao Bằng,Xã Tam Kim,22.606427,106.0179879,96,Moderate,1,23.9,95,0.0,3.9,106,969.2,44,41.2,41.4,361.0,5.7,93.0,9.3
2025-05-05 05:00:00,2025,5,5,5,Cao Bằng,Xã Tam Kim,22.606427,106.0179879,85,Moderate,1,23.8,95,0.0,3.1,93,969.5,11,44.6,44.8,384.0,5.6,90.0,9.6
2025-05-05 06:00:00,2025,5,5,6,Cao Bằng,Xã Tam Kim,22.606427,106.0179879,86,Moderate,1,24.1,94,0.0,2.4,99,970.3,10,47.3,47.5,414.0,5.5,90.0,10.2
2025-05-05 07:00:00,2025,5,5,7,Cao Bằng,Xã Tam Kim,22.606427,106.0179879,88,Moderate,1,25.7,86,0.0,1.8,101,970.7,36,39.1,39.5,422.0,4.4,99.0,11.1
2025-05-05 08:00:00,2025,5,5,8,Cao Bằng,Xã Tam Kim,22.606427,106.0179879,90,Moderate,1,28.4,75,0.0,1.3,124,971.0,32,36.3,36.8,390.0,3.6,105.0,9.6
2025-05-05 09:00:00,2025,5,5,9,Cao Bằng,Xã Tam Kim,22.606427,106.0179879,91,Moderate,1,30.3,66,0.0,1.7,72,971.5,33,27.6,28.2,338.0,2.5,113.0,7.6
2025-05-05 10:00:00,2025,5,5,10,Cao Bằng,Xã Tam Kim,22.606427,106.0179879,91,Moderate,1,32.1,59,0.0,2.3,67,971.3,16,20.9,21.8,295.0,1.6,121.0,6.0
2025-05-05 11:00:00,2025,5,5,11,Cao Bằng,Xã Tam Kim,22.606427,106.0179879,91,Moderate,1,33.5,53,0.0,1.5,111,970.6,21,17.9,19.1,275.0,1.3,127.0,5.3
2025-05-05 12:00:00,2025,5,5,12,Cao Bằng,Xã Tam Kim,22.606427,106.0179879,91,Moderate,1,34.7,47,0.0,4.6,189,969.6,14,15.5,16.9,264.0,1.3,132.0,5.2
2025-05-05 13:00:00,2025,5,5,13,Cao Bằng,Xã Tam Kim,22.606427,106.0179879,90,Moderate,1,35.5,43,0.0,7.8,203,968.2,13,13.6,14.9,256.0,1.3,136.0,5.0
2025-05-05 14:00:00,2025,5,5,14,Cao Bằng,Xã Tam Kim,22.606427,106.0179879,89,Moderate,1,34.9,45,0.0,9.3,202,966.8,9,12.3,13.6,245.0,1.0,139.0,4.7
2025-05-05 15:00:00,2025,5,5,15,Cao Bằng,Xã Tam Kim,22.606427,106.0179879,88,Moderate,1,35.4,42,0.0,8.4,203,966.1,29,11.3,12.6,238.0,0.9,140.0,4.4
2025-05-05 16:00:00,2025,5,5,16,Cao Bằng,Xã Tam Kim,22.606427,106.0179879,87,Moderate,1,34.8,43,0.0,4.0,219,966.0,31,10.7,12.1,243.0,1.6,138.0,4.4
2025-05-05 17:00:00,2025,5,5,17,Cao Bằng,Xã Tam Kim,22.606427,106.0179879,89,Moderate,1,32.7,53,0.0,5.5,117,966.3,18,11.0,12.3,273.0,4.2,130.0,4.9
2025-05-05 18:00:00,2025,5,5,18,Cao Bằng,Xã Tam Kim,22.606427,106.0179879,93,Moderate,1,29.7,71,0.2,5.5,109,967.1,33,12.4,13.7,317.0,7.8,119.0,5.7
2025-05-05 19:00:00,2025,5,5,19,Cao Bằng,Xã Tam Kim,22.606427,106.0179879,92,Moderate,1,26.9,86,1.3,5.2,70,968.7,32,14.1,15.4,349.0,9.9,108.0,5.9
2025-05-05 20:00:00,2025,5,5,20,Cao Bằng,Xã Tam Kim,22.606427,106.0179879,88,Moderate,1,27.8,71,0.0,5.5,203,968.2,17,17.6,18.9,360.0,10.5,106.0,6.7
2025-05-05 21:00:00,2025,5,5,21,Cao Bằng,Xã Tam Kim,22.606427,106.0179879,83,Moderate,1,27.0,76,0.0,2.3,198,969.4,1,20.5,21.7,360.0,11.2,104.0,7.8
2025-05-05 22:00:00,2025,5,5,22,Cao Bằng,Xã Tam Kim,22.606427,106.0179879,81,Moderate,1,26.3,81,0.0,3.1,170,970.2,3,23.2,24.3,353.0,11.2,103.0,8.3
2025-05-05 23:00:00,2025,5,5,23,Cao Bằng,Xã Tam Kim,22.606427,106.0179879,80,Moderate,1,26.1,82,0.1,3.0,38,971.2,75,25.4,26.4,338.0,9.6,107.0,7.6
2025-05-06 00:00:00,2025,5,6,0,Cao Bằng,Xã Tam Kim,22.606427,106.0179879,78,Moderate,1,21.9,98,3.5,9.3,22,972.1,100,24.0,24.8,316.0,7.3,112.0,6.2
2025-05-06 01:00:00,2025,5,6,1,Cao Bằng,Xã Tam Kim,22.606427,106.0179879,77,Moderate,1,22.2,99,11.3,6.8,259,971.6,100,23.2,24.2,300.0,5.4,115.0,5.0
2025-05-06 02:00:00,2025,5,6,2,Cao Bằng,Xã Tam Kim,22.606427,106.0179879,76,Moderate,1,22.3,98,1.1,5.9,252,971.2,98,10.1,10.7,292.0,4.6,112.0,4.1
2025-05-06 03:00:00,2025,5,6,3,Cao Bằng,Xã Tam Kim,22.606427,106.0179879,74,Moderate,1,22.6,97,0.3,2.7,290,970.9,99,5.2,5.6,290.0,4.3,106.0,3.2
2025-05-06 04:00:00,2025,5,6,4,Cao Bằng,Xã Tam Kim,22.606427,106.0179879,71,Moderate,1,22.2,97,0.3,4.8,228,971.6,100,6.4,6.9,296.0,4.0,103.0,2.6
2025-05-06 05:00:00,2025,5,6,5,Cao Bằng,Xã Tam Kim,22.606427,106.0179879,68,Moderate,1,22.0,98,2.0,4.1,218,971.8,100,7.5,8.2,317.0,3.7,106.0,2.3
2025-05-06 06:00:00,2025,5,6,6,Cao Bằng,Xã Tam Kim,22.606427,106.0179879,65,Moderate,1,22.3,98,1.9,2.4,253,972.6,100,5.6,6.3,346.0,3.4,112.0,2.1
2025-05-06 07:00:00,2025,5,6,7,Cao Bằng,Xã Tam Kim,22.606427,106.0179879,61,Moderate,1,22.4,98,1.5,1.6,270,973.5,100,3.9,4.5,363.0,3.5,120.0,2.1
2025-05-06 08:00:00,2025,5,6,8,Cao Bằng,Xã Tam Kim,22.606427,106.0179879,58,Moderate,1,24.4,89,0.0,1.6,153,973.8,64,4.5,5.0,357.0,3.4,121.0,1.9
2025-05-06 09:00:00,2025,5,6,9,Cao Bằng,Xã Tam Kim,22.606427,106.0179879,57,Moderate,1,25.7,80,0.0,4.0,141,973.8,41,6.6,7.0,340.0,3.3,121.0,1.5
2025-05-06 10:00:00,2025,5,6,10,Cao Bằng,Xã Tam Kim,22.606427,106.0179879,58,Moderate,1,27.5,70,0.0,6.0,139,973.5,100,9.6,10.0,325.0,3.1,123.0,1.2
2025-05-06 11:00:00,2025,5,6,11,Cao Bằng,Xã Tam Kim,22.606427,106.0179879,61,Moderate,1,29.5,63,0.0,5.1,126,972.5,82,12.9,13.7,316.0,2.6,126.0,0.9
2025-05-06 12:00:00,2025,5,6,12,Cao Bằng,Xã Tam Kim,22.606427,106.0179879,65,Moderate,1,31.2,59,0.1,4.6,116,971.3,47,16.4,18.0,309.0,2.1,129.0,0.7
2025-05-06 13:00:00,2025,5,6,13,Cao Bằng,Xã Tam Kim,22.606427,106.0179879,70,Moderate,1,32.3,55,0.1,5.0,150,969.8,9,17.6,20.1,304.0,1.7,132.0,0.5
2025-05-06 14:00:00,2025,5,6,14,Cao Bằng,Xã Tam Kim,22.606427,106.0179879,76,Moderate,1,33.1,51,0.0,7.0,145,968.5,77,26.1,31.1,301.0,1.5,135.0,0.5
2025-05-06 15:00:00,2025,5,6,15,Cao Bằng,Xã Tam Kim,22.606427,106.0179879,81,Moderate,1,33.5,51,0.0,7.3,149,967.8,59,18.3,21.5,300.0,1.5,137.0,0.6
2025-05-06 16:00:00,2025,5,6,16,Cao Bằng,Xã Tam Kim,22.606427,106.0179879,84,Moderate,1,32.3,55,0.0,7.9,153,967.0,21,20.7,24.3,304.0,1.9,137.0,0.8
2025-05-06 17:00:00,2025,5,6,17,Cao Bằng,Xã Tam Kim,22.606427,106.0179879,88,Moderate,1,31.2,60,0.0,7.9,147,967.2,40,22.8,26.1,319.0,3.1,133.0,1.3
2025-05-06 18:00:00,2025,5,6,18,Cao Bằng,Xã Tam Kim,22.606427,106.0179879,90,Moderate,1,27.9,78,0.0,11.9,92,968.1,45,24.0,26.7,339.0,4.7,128.0,2.0
2025-05-06 19:00:00,2025,5,6,19,Cao Bằng,Xã Tam Kim,22.606427,106.0179879,91,Moderate,1,26.1,86,0.1,7.0,119,969.4,86,28.6,31.3,349.0,8.5,111.0,2.7
2025-05-06 20:00:00,2025,5,6,20,Cao Bằng,Xã Tam Kim,22.606427,106.0179879,88,Moderate,1,25.3,90,0.1,5.2,168,970.6,100,29.5,32.0,339.0,8.0,111.0,3.3
2025-05-06 21:00:00,2025,5,6,21,Cao Bằng,Xã Tam Kim,22.606427,106.0179879,84,Moderate,1,25.1,92,0.2,7.1,165,971.3,100,30.7,33.1,318.0,7.3,112.0,4.0
2025-05-06 22:00:00,2025,5,6,22,Cao Bằng,Xã Tam Kim,22.606427,106.0179879,80,Moderate,1,24.7,95,0.2,6.9,139,971.9,100,24.4,26.1,301.0,6.5,114.0,4.4
2025-05-06 23:00:00,2025,5,6,23,Cao Bằng,Xã Tam Kim,22.606427,106.0179879,76,Moderate,1,24.4,97,0.3,5.7,145,972.1,100,16.6,17.9,294.0,5.4,119.0,4.1
2025-05-07 00:00:00,2025,5,7,0,Cao Bằng,Xã Tam Kim,22.606427,106.0179879,72,Moderate,1,24.3,94,0.3,4.8,135,971.3,100,17.6,19.0,291.0,4.1,126.0,3.4
2025-05-07 01:00:00,2025,5,7,1,Cao Bằng,Xã Tam Kim,22.606427,106.0179879,69,Moderate,1,23.6,98,1.0,3.4,72,970.8,100,13.4,14.6,287.0,3.2,129.0,2.9
2025-05-07 02:00:00,2025,5,7,2,Cao Bằng,Xã Tam Kim,22.606427,106.0179879,69,Moderate,1,22.7,99,3.3,5.0,38,970.5,100,8.8,9.5,279.0,3.0,125.0,2.7
2025-05-07 03:00:00,2025,5,7,3,Cao Bằng,Xã Tam Kim,22.606427,106.0179879,68,Moderate,1,22.2,99,1.4,5.0,49,969.9,100,7.4,7.9,271.0,3.2,116.0,2.6
2025-05-07 04:00:00,2025,5,7,4,Cao Bằng,Xã Tam Kim,22.606427,106.0179879,69,Moderate,1,22.0,99,0.4,3.4,72,970.0,100,5.3,5.6,269.0,3.4,109.0,2.7
2025-05-07 05:00:00,2025,5,7,5,Cao Bằng,Xã Tam Kim,22.606427,106.0179879,69,Moderate,1,21.9,99,0.2,2.3,90,970.1,100,3.5,3.7,281.0,3.6,104.0,3.1
2025-05-07 06:00:00,2025,5,7,6,Cao Bằng,Xã Tam Kim,22.606427,106.0179879,67,Moderate,1,22.2,99,0.2,1.5,201,970.5,100,2.9,3.0,299.0,3.9,100.0,3.7
2025-05-07 07:00:00,2025,5,7,7,Cao Bằng,Xã Tam Kim,22.606427,106.0179879,64,Moderate,1,22.4,98,0.2,3.5,125,971.0,100,7.3,7.7,310.0,4.5,108.0,3.3
2025-05-07 08:00:00,2025,5,7,8,Cao Bằng,Xã Tam Kim,22.606427,106.0179879,62,Moderate,1,23.9,96,0.3,5.1,135,971.1,65,7.2,7.6,308.0,4.3,108.0,3.0
2025-05-07 09:00:00,2025,5,7,9,Cao Bằng,Xã Tam Kim,22.606427,106.0179879,58,Moderate,1,26.7,80,0.0,2.3,141,971.2,100,6.4,6.7,299.0,4.0,108.0,2.6
2025-05-07 10:00:00,2025,5,7,10,Cao Bằng,Xã Tam Kim,22.606427,106.0179879,58,Moderate,1,28.6,72,0.1,4.1,135,970.9,92,7.1,7.3,290.0,3.6,111.0,2.1
2025-05-07 11:00:00,2025,5,7,11,Cao Bằng,Xã Tam Kim,22.606427,106.0179879,58,Moderate,1,31.3,61,0.1,5.2,153,970.1,94,9.6,10.0,284.0,2.8,119.0,1.6
2025-05-07 12:00:00,2025,5,7,12,Cao Bằng,Xã Tam Kim,22.606427,106.0179879,57,Moderate,1,33.0,56,0.0,7.6,175,968.9,98,10.7,11.1,279.0,1.8,129.0,1.1
2025-05-07 13:00:00,2025,5,7,13,Cao Bằng,Xã Tam Kim,22.606427,106.0179879,57,Moderate,1,33.7,54,0.0,10.1,197,967.2,48,12.1,13.2,275.0,1.2,137.0,0.8
2025-05-07 14:00:00,2025,5,7,14,Cao Bằng,Xã Tam Kim,22.606427,106.0179879,62,Moderate,1,34.1,52,0.0,10.8,190,965.9,45,14.1,15.6,267.0,1.0,142.0,0.7
2025-05-07 15:00:00,2025,5,7,15,Cao Bằng,Xã Tam Kim,22.606427,106.0179879,71,Moderate,1,34.2,52,0.0,11.4,193,964.9,22,15.9,17.6,261.0,1.2,145.0,0.8
2025-05-07 16:00:00,2025,5,7,16,Cao Bằng,Xã Tam Kim,22.606427,106.0179879,79,Moderate,1,33.4,53,0.0,12.8,191,964.5,19,19.2,20.8,266.0,1.8,147.0,1.2
2025-05-07 17:00:00,2025,5,7,17,Cao Bằng,Xã Tam Kim,22.606427,106.0179879,87,Moderate,1,32.3,58,0.0,11.4,187,964.5,30,24.0,25.5,296.0,3.3,148.0,1.9
2025-05-07 18:00:00,2025,5,7,18,Cao Bằng,Xã Tam Kim,22.606427,106.0179879,96,Moderate,1,30.1,68,0.0,9.2,160,965.0,41,28.5,29.7,339.0,5.2,147.0,2.8
2025-05-07 19:00:00,2025,5,7,19,Cao Bằng,Xã Tam Kim,22.606427,106.0179879,103,Unhealthy for Sensitive Groups,2,28.3,77,0.0,8.2,151,965.6,58,48.0,50.6,368.0,6.3,130.0,3.1
2025-05-07 20:00:00,2025,5,7,20,Cao Bằng,Xã Tam Kim,22.606427,106.0179879,106,Unhealthy for Sensitive Groups,2,26.3,86,0.0,6.0,155,966.9,49,51.8,54.1,370.0,6.3,138.0,4.5
2025-05-07 21:00:00,2025,5,7,21,Cao Bằng,Xã Tam Kim,22.606427,106.0179879,108,Unhealthy for Sensitive Groups,2,25.9,91,0.0,6.3,145,967.8,38,53.8,55.6,359.0,6.3,149.0,6.4
2025-05-07 22:00:00,2025,5,7,22,Cao Bằng,Xã Tam Kim,22.606427,106.0179879,110,Unhealthy for Sensitive Groups,2,25.6,92,0.0,4.6,129,968.3,41,55.8,57.3,348.0,6.3,154.0,7.5
2025-05-07 23:00:00,2025,5,7,23,Cao Bằng,Xã Tam Kim,22.606427,106.0179879,113,Unhealthy for Sensitive Groups,2,25.3,94,0.0,5.1,108,968.5,71,55.9,57.0,342.0,6.2,147.0,7.1
2025-05-08 00:00:00,2025,5,8,0,Cao Bằng,Xã Tam Kim,22.606427,106.0179879,113,Unhealthy for Sensitive Groups,2,25.5,94,0.0,7.1,96,968.2,100,52.2,53.1,336.0,6.0,133.0,5.9
2025-05-08 01:00:00,2025,5,8,1,Cao Bằng,Xã Tam Kim,22.606427,106.0179879,110,Unhealthy for Sensitive Groups,2,25.9,93,0.0,6.6,103,968.1,100,31.1,31.5,330.0,5.9,119.0,4.8
2025-05-08 02:00:00,2025,5,8,2,Cao Bằng,Xã Tam Kim,22.606427,106.0179879,104,Unhealthy for Sensitive Groups,2,25.8,93,0.0,6.6,103,967.5,100,22.5,22.8,320.0,6.1,104.0,4.2
2025-05-08 03:00:00,2025,5,8,3,Cao Bằng,Xã Tam Kim,22.606427,106.0179879,95,Moderate,1,25.5,93,0.0,7.2,104,967.0,100,15.9,16.2,310.0,6.3,89.0,3.7
2025-05-08 04:00:00,2025,5,8,4,Cao Bằng,Xã Tam Kim,22.606427,106.0179879,86,Moderate,1,25.2,93,0.0,6.4,101,967.2,100,15.8,15.9,307.0,6.4,79.0,3.3
2025-05-08 05:00:00,2025,5,8,5,Cao Bằng,Xã Tam Kim,22.606427,106.0179879,75,Moderate,1,25.3,92,0.0,6.7,95,967.5,100,18.5,18.6,319.0,6.1,77.0,2.9
2025-05-08 06:00:00,2025,5,8,6,Cao Bằng,Xã Tam Kim,22.606427,106.0179879,76,Moderate,1,25.5,91,0.0,6.9,95,968.0,100,25.0,25.4,338.0,5.5,80.0,2.6
2025-05-08 07:00:00,2025,5,8,7,Cao Bằng,Xã Tam Kim,22.606427,106.0179879,78,Moderate,1,26.2,88,0.0,5.4,104,968.9,100,13.9,14.5,347.0,5.7,85.0,2.6
2025-05-08 08:00:00,2025,5,8,8,Cao Bằng,Xã Tam Kim,22.606427,106.0179879,79,Moderate,1,27.9,82,0.1,6.7,153,969.2,28,13.2,13.6,337.0,5.0,99.0,2.8
2025-05-08 09:00:00,2025,5,8,9,Cao Bằng,Xã Tam Kim,22.606427,106.0179879,80,Moderate,1,30.5,68,0.2,7.2,167,969.3,41,15.5,15.8,318.0,3.9,119.0,3.1
2025-05-08 10:00:00,2025,5,8,10,Cao Bằng,Xã Tam Kim,22.606427,106.0179879,80,Moderate,1,32.2,61,0.1,9.0,185,969.1,18,29.5,30.2,302.0,3.1,138.0,3.3
2025-05-08 11:00:00,2025,5,8,11,Cao Bằng,Xã Tam Kim,22.606427,106.0179879,82,Moderate,1,33.8,54,0.1,11.9,191,968.5,21,34.6,35.4,294.0,2.6,155.0,3.4
2025-05-08 12:00:00,2025,5,8,12,Cao Bằng,Xã Tam Kim,22.606427,106.0179879,85,Moderate,1,34.7,51,0.0,15.4,191,967.2,9,36.6,37.6,289.0,2.3,170.0,3.4
2025-05-08 13:00:00,2025,5,8,13,Cao Bằng,Xã Tam Kim,22.606427,106.0179879,87,Moderate,1,34.9,52,0.0,13.7,202,966.0,28,35.6,36.7,286.0,2.1,182.0,3.6
2025-05-08 14:00:00,2025,5,8,14,Cao Bằng,Xã Tam Kim,22.606427,106.0179879,89,Moderate,1,35.6,47,0.0,13.4,206,965.0,19,35.3,36.4,283.0,2.0,188.0,3.9
2025-05-08 15:00:00,2025,5,8,15,Cao Bằng,Xã Tam Kim,22.606427,106.0179879,108,Unhealthy for Sensitive Groups,2,34.7,52,0.0,12.2,206,964.5,22,35.3,36.4,282.0,2.0,190.0,4.4
2025-05-08 16:00:00,2025,5,8,16,Cao Bằng,Xã Tam Kim,22.606427,106.0179879,130,Unhealthy for Sensitive Groups,2,34.3,50,0.0,12.4,199,964.2,22,36.9,38.0,289.0,2.3,191.0,5.1
2025-05-08 17:00:00,2025,5,8,17,Cao Bằng,Xã Tam Kim,22.606427,106.0179879,150,Unhealthy for Sensitive Groups,2,33.1,57,0.0,9.9,185,964.1,46,39.7,40.6,308.0,3.2,194.0,6.4
2025-05-08 18:00:00,2025,5,8,18,Cao Bằng,Xã Tam Kim,22.606427,106.0179879,162,Unhealthy,3,31.4,63,0.0,9.8,187,964.4,27,43.0,43.8,334.0,4.4,197.0,7.9
2025-05-08 19:00:00,2025,5,8,19,Cao Bằng,Xã Tam Kim,22.606427,106.0179879,171,Unhealthy,3,29.2,73,0.0,6.0,177,965.2,58,47.0,48.7,358.0,6.0,159.0,6.8
2025-05-08 20:00:00,2025,5,8,20,Cao Bằng,Xã Tam Kim,22.606427,106.0179879,172,Unhealthy,3,28.4,79,0.0,5.1,157,965.8,88,49.7,51.3,378.0,7.6,150.0,7.4
2025-05-08 21:00:00,2025,5,8,21,Cao Bằng,Xã Tam Kim,22.606427,106.0179879,169,Unhealthy,3,27.6,85,0.0,5.0,154,966.7,80,51.5,53.1,395.0,9.7,137.0,8.2
2025-05-08 22:00:00,2025,5,8,22,Cao Bằng,Xã Tam Kim,22.606427,106.0179879,162,Unhealthy,3,27.4,88,0.0,3.4,137,967.5,87,52.6,54.0,407.0,11.3,126.0,9.0
2025-05-08 23:00:00,2025,5,8,23,Cao Bằng,Xã Tam Kim,22.606427,106.0179879,152,Unhealthy,3,26.9,92,0.0,4.4,153,967.5,83,54.0,55.2,415.0,11.7,118.0,9.8
2025-05-09 00:00:00,2025,5,9,0,Cao Bằng,Xã Tam Kim,22.606427,106.0179879,137,Unhealthy for Sensitive Groups,2,26.5,94,0.0,3.7,151,967.0,91,55.9,57.0,417.0,11.6,111.0,10.5
2025-05-09 01:00:00,2025,5,9,1,Cao Bằng,Xã Tam Kim,22.606427,106.0179879,120,Unhealthy for Sensitive Groups,2,25.5,96,0.0,4.9,10,967.1,100,57.3,58.2,406.0,11.6,103.0,10.5
2025-05-09 02:00:00,2025,5,9,2,Cao Bằng,Xã Tam Kim,22.606427,106.0179879,101,Unhealthy for Sensitive Groups,2,24.3,98,2.5,8.6,327,968.7,100,59.6,60.5,367.0,12.4,92.0,9.1
2025-05-09 03:00:00,2025,5,9,3,Cao Bằng,Xã Tam Kim,22.606427,106.0179879,102,Unhealthy for Sensitive Groups,2,24.4,98,3.7,5.1,312,969.6,100,65.2,66.1,314.0,13.3,81.0,7.0
2025-05-09 04:00:00,2025,5,9,4,Cao Bằng,Xã Tam Kim,22.606427,106.0179879,107,Unhealthy for Sensitive Groups,2,23.8,95,1.1,7.6,267,969.4,99,68.5,69.2,284.0,13.1,76.0,5.3
2025-05-09 05:00:00,2025,5,9,5,Cao Bằng,Xã Tam Kim,22.606427,106.0179879,113,Unhealthy for Sensitive Groups,2,22.9,96,0.0,7.5,280,969.2,93,65.9,66.8,299.0,10.7,83.0,4.7
2025-05-09 06:00:00,2025,5,9,6,Cao Bằng,Xã Tam Kim,22.606427,106.0179879,118,Unhealthy for Sensitive Groups,2,23.3,95,0.0,5.5,341,970.3,34,49.7,51.1,336.0,7.1,96.0,4.6
2025-05-09 07:00:00,2025,5,9,7,Cao Bằng,Xã Tam Kim,22.606427,106.0179879,120,Unhealthy for Sensitive Groups,2,24.3,94,0.0,3.2,177,972.3,81,35.7,36.7,360.0,4.8,113.0,6.0
2025-05-09 08:00:00,2025,5,9,8,Cao Bằng,Xã Tam Kim,22.606427,106.0179879,122,Unhealthy for Sensitive Groups,2,26.5,80,0.0,3.4,273,973.0,80,28.7,30.3,354.0,3.8,123.0,4.9
2025-05-09 09:00:00,2025,5,9,9,Cao Bằng,Xã Tam Kim,22.606427,106.0179879,124,Unhealthy for Sensitive Groups,2,28.8,67,0.1,7.6,22,973.9,100,19.4,22.3,335.0,2.4,136.0,3.4
2025-05-09 10:00:00,2025,5,9,10,Cao Bằng,Xã Tam Kim,22.606427,106.0179879,124,Unhealthy for Sensitive Groups,2,31.0,55,0.1,8.1,47,973.7,95,16.2,21.2,319.0,1.4,144.0,2.2
2025-05-09 11:00:00,2025,5,9,11,Cao Bằng,Xã Tam Kim,22.606427,106.0179879,123,Unhealthy for Sensitive Groups,2,32.0,51,0.0,10.2,82,973.6,98,15.7,23.9,313.0,1.0,143.0,1.8
2025-05-09 12:00:00,2025,5,9,12,Cao Bằng,Xã Tam Kim,22.606427,106.0179879,121,Unhealthy for Sensitive Groups,2,29.5,62,0.7,11.1,97,973.2,79,17.0,28.4,311.0,1.0,137.0,1.7
2025-05-09 13:00:00,2025,5,9,13,Cao Bằng,Xã Tam Kim,22.606427,106.0179879,119,Unhealthy for Sensitive Groups,2,30.0,65,0.5,3.1,173,972.2,84,18.6,32.8,308.0,1.0,133.0,1.7
2025-05-09 14:00:00,2025,5,9,14,Cao Bằng,Xã Tam Kim,22.606427,106.0179879,117,Unhealthy for Sensitive Groups,2,31.9,55,0.0,3.4,96,971.2,100,19.9,35.6,299.0,0.6,134.0,1.6
2025-05-09 15:00:00,2025,5,9,15,Cao Bằng,Xã Tam Kim,22.606427,106.0179879,116,Unhealthy for Sensitive Groups,2,30.2,56,0.0,8.8,43,970.8,44,20.1,38.0,289.0,0.2,136.0,1.7
2025-05-09 16:00:00,2025,5,9,16,Cao Bằng,Xã Tam Kim,22.606427,106.0179879,114,Unhealthy for Sensitive Groups,2,30.5,57,0.0,3.8,11,970.2,57,19.9,39.5,291.0,1.3,132.0,1.9
2025-05-09 17:00:00,2025,5,9,17,Cao Bằng,Xã Tam Kim,22.606427,106.0179879,112,Unhealthy for Sensitive Groups,2,30.2,58,0.0,2.0,355,970.2,41,19.7,40.3,318.0,5.2,116.0,2.5
2025-05-09 18:00:00,2025,5,9,18,Cao Bằng,Xã Tam Kim,22.606427,106.0179879,110,Unhealthy for Sensitive Groups,2,28.0,73,0.0,5.4,264,970.7,65,21.2,39.5,358.0,10.6,95.0,3.3
2025-05-09 19:00:00,2025,5,9,19,Cao Bằng,Xã Tam Kim,22.606427,106.0179879,108,Unhealthy for Sensitive Groups,2,26.7,75,0.0,6.1,251,971.6,100,16.0,27.0,383.0,10.7,82.0,3.5
2025-05-09 20:00:00,2025,5,9,20,Cao Bằng,Xã Tam Kim,22.606427,106.0179879,105,Unhealthy for Sensitive Groups,2,27.0,73,0.0,0.9,180,972.3,18,17.2,27.9,381.0,11.7,74.0,3.8
2025-05-09 21:00:00,2025,5,9,21,Cao Bằng,Xã Tam Kim,22.606427,106.0179879,101,Unhealthy for Sensitive Groups,2,26.5,77,0.0,0.7,166,973.0,21,17.5,26.5,364.0,13.1,64.0,4.3
2025-05-09 22:00:00,2025,5,9,22,Cao Bằng,Xã Tam Kim,22.606427,106.0179879,98,Moderate,1,25.8,78,0.0,3.3,186,974.1,13,17.8,25.0,345.0,13.8,57.0,4.7
2025-05-09 23:00:00,2025,5,9,23,Cao Bằng,Xã Tam Kim,22.606427,106.0179879,95,Moderate,1,25.0,82,0.0,3.8,180,974.6,11,18.0,23.6,327.0,13.0,58.0,5.0
2025-05-10 00:00:00,2025,5,10,0,Cao Bằng,Xã Tam Kim,22.606427,106.0179879,92,Moderate,1,24.4,82,0.0,1.1,252,974.5,24,18.6,22.8,307.0,11.5,62.0,5.3
2025-05-10 01:00:00,2025,5,10,1,Cao Bằng,Xã Tam Kim,22.606427,106.0179879,89,Moderate,1,24.1,83,0.0,0.7,270,974.4,66,20.3,23.6,290.0,10.4,65.0,5.3
2025-05-10 02:00:00,2025,5,10,2,Cao Bằng,Xã Tam Kim,22.606427,106.0179879,85,Moderate,1,23.5,86,0.0,1.1,288,973.8,62,21.5,24.4,275.0,10.5,62.0,4.7
2025-05-10 03:00:00,2025,5,10,3,Cao Bằng,Xã Tam Kim,22.606427,106.0179879,82,Moderate,1,23.3,87,0.0,1.4,310,973.1,70,23.9,26.2,263.0,11.1,57.0,3.9
2025-05-10 04:00:00,2025,5,10,4,Cao Bằng,Xã Tam Kim,22.606427,106.0179879,78,Moderate,1,22.5,89,0.0,3.4,335,973.0,43,27.2,29.3,262.0,10.9,58.0,3.5
2025-05-10 05:00:00,2025,5,10,5,Cao Bằng,Xã Tam Kim,22.606427,106.0179879,75,Moderate,1,22.1,90,0.0,4.5,304,973.1,30,30.0,31.8,283.0,9.1,72.0,4.0
2025-05-10 06:00:00,2025,5,10,6,Cao Bằng,Xã Tam Kim,22.606427,106.0179879,71,Moderate,1,22.6,87,0.0,4.8,285,973.7,50,32.9,34.3,314.0,6.5,93.0,4.8
2025-05-10 07:00:00,2025,5,10,7,Cao Bằng,Xã Tam Kim,22.606427,106.0179879,70,Moderate,1,24.7,77,0.0,3.2,308,974.6,9,18.7,20.0,332.0,5.2,87.0,4.6
2025-05-10 08:00:00,2025,5,10,8,Cao Bằng,Xã Tam Kim,22.606427,106.0179879,68,Moderate,1,26.8,68,0.0,1.8,307,975.0,98,17.2,19.2,321.0,4.1,99.0,3.9
2025-05-10 09:00:00,2025,5,10,9,Cao Bằng,Xã Tam Kim,22.606427,106.0179879,67,Moderate,1,28.3,61,0.0,4.6,111,975.3,100,17.5,21.2,295.0,2.7,114.0,2.9
2025-05-10 10:00:00,2025,5,10,10,Cao Bằng,Xã Tam Kim,22.606427,106.0179879,67,Moderate,1,28.6,61,0.0,4.2,137,975.0,98,20.3,25.7,275.0,1.6,126.0,2.1
2025-05-10 11:00:00,2025,5,10,11,Cao Bằng,Xã Tam Kim,22.606427,106.0179879,68,Moderate,1,30.6,54,0.0,5.5,144,974.2,95,19.1,24.0,266.0,1.3,130.0,1.6
2025-05-10 12:00:00,2025,5,10,12,Cao Bằng,Xã Tam Kim,22.606427,106.0179879,68,Moderate,1,31.3,52,0.0,4.4,142,973.1,92,16.9,20.5,263.0,1.3,130.0,1.3
2025-05-10 13:00:00,2025,5,10,13,Cao Bằng,Xã Tam Kim,22.606427,106.0179879,68,Moderate,1,31.0,52,0.0,5.1,135,972.2,74,19.3,22.8,262.0,1.7,126.0,1.2
2025-05-10 14:00:00,2025,5,10,14,Cao Bằng,Xã Tam Kim,22.606427,106.0179879,68,Moderate,1,29.2,61,0.0,6.4,281,970.8,92,21.0,24.4,265.0,2.5,116.0,1.6
2025-05-10 15:00:00,2025,5,10,15,Cao Bằng,Xã Tam Kim,22.606427,106.0179879,68,Moderate,1,25.1,89,4.1,11.5,321,971.5,100,20.7,22.7,272.0,3.6,103.0,2.2
2025-05-10 16:00:00,2025,5,10,16,Cao Bằng,Xã Tam Kim,22.606427,106.0179879,68,Moderate,1,24.5,98,11.4,7.8,322,972.5,100,16.9,18.0,275.0,4.3,95.0,2.7
2025-05-10 17:00:00,2025,5,10,17,Cao Bằng,Xã Tam Kim,22.606427,106.0179879,68,Moderate,1,22.4,96,4.6,13.9,322,973.6,100,12.9,13.9,273.0,4.3,96.0,2.9
2025-05-10 18:00:00,2025,5,10,18,Cao Bằng,Xã Tam Kim,22.606427,106.0179879,67,Moderate,1,22.2,88,1.9,13.1,323,975.1,100,9.3,10.5,267.0,4.0,101.0,3.0
2025-05-10 19:00:00,2025,5,10,19,Cao Bằng,Xã Tam Kim,22.606427,106.0179879,66,Moderate,1,21.6,85,0.7,10.8,324,976.7,100,4.3,5.4,259.0,3.6,103.0,2.4
2025-05-10 20:00:00,2025,5,10,20,Cao Bằng,Xã Tam Kim,22.606427,106.0179879,65,Moderate,1,21.5,85,0.0,10.9,329,978.3,100,2.6,3.2,246.0,3.5,102.0,2.3
2025-05-10 21:00:00,2025,5,10,21,Cao Bằng,Xã Tam Kim,22.606427,106.0179879,64,Moderate,1,21.3,81,0.0,9.3,323,978.9,100,2.5,2.9,231.0,3.3,101.0,2.1
2025-05-10 22:00:00,2025,5,10,22,Cao Bằng,Xã Tam Kim,22.606427,106.0179879,63,Moderate,1,21.2,77,0.0,11.1,346,979.4,100,2.4,2.7,220.0,3.2,100.0,2.0
2025-05-10 23:00:00,2025,5,10,23,Cao Bằng,Xã Tam Kim,22.606427,106.0179879,61,Moderate,1,21.1,72,0.0,10.0,342,979.3,100,2.4,2.8,216.0,3.2,97.0,2.0
2025-05-11 00:00:00,2025,5,11,0,Cao Bằng,Xã Tam Kim,22.606427,106.0179879,60,Moderate,1,20.7,71,0.0,9.5,327,978.6,98,2.6,3.2,215.0,3.2,94.0,2.1
2025-05-11 01:00:00,2025,5,11,1,Cao Bằng,Xã Tam Kim,22.606427,106.0179879,58,Moderate,1,20.0,74,0.0,9.8,334,978.2,100,2.9,3.7,214.0,3.2,92.0,2.1
2025-05-11 02:00:00,2025,5,11,2,Cao Bằng,Xã Tam Kim,22.606427,106.0179879,57,Moderate,1,19.4,78,0.2,12.7,337,977.7,100,3.5,4.6,208.0,3.1,91.0,2.1
2025-05-11 03:00:00,2025,5,11,3,Cao Bằng,Xã Tam Kim,22.606427,106.0179879,55,Moderate,1,18.6,81,0.3,11.8,329,977.6,100,3.2,4.2,201.0,3.0,91.0,2.0
2025-05-11 04:00:00,2025,5,11,4,Cao Bằng,Xã Tam Kim,22.606427,106.0179879,53,Moderate,1,17.2,94,1.1,12.0,321,977.5,100,3.3,4.5,199.0,3.1,90.0,2.0
2025-05-11 05:00:00,2025,5,11,5,Cao Bằng,Xã Tam Kim,22.606427,106.0179879,51,Moderate,1,17.0,96,2.7,8.5,322,977.6,100,3.6,5.0,207.0,3.5,86.0,2.1
2025-05-11 06:00:00,2025,5,11,6,Cao Bằng,Xã Tam Kim,22.606427,106.0179879,48,Good,0,17.0,95,2.0,6.8,305,978.0,100,4.1,5.8,221.0,4.1,80.0,2.3
2025-05-11 07:00:00,2025,5,11,7,Cao Bằng,Xã Tam Kim,22.606427,106.0179879,43,Good,0,17.0,95,1.1,7.9,319,978.8,100,1.8,2.6,230.0,4.1,83.0,2.7
2025-05-11 08:00:00,2025,5,11,8,Cao Bằng,Xã Tam Kim,22.606427,106.0179879,41,Good,0,17.5,95,1.1,7.3,332,980.0,100,2.4,4.1,231.0,3.5,89.0,2.8
2025-05-11 09:00:00,2025,5,11,9,Cao Bằng,Xã Tam Kim,22.606427,106.0179879,41,Good,0,17.8,94,0.8,8.7,320,980.0,100,2.6,4.9,227.0,2.7,97.0,2.9
2025-05-11 10:00:00,2025,5,11,10,Cao Bằng,Xã Tam Kim,22.606427,106.0179879,41,Good,0,19.3,85,0.1,7.0,310,979.7,100,3.2,6.5,223.0,2.0,105.0,2.8
2025-05-11 11:00:00,2025,5,11,11,Cao Bằng,Xã Tam Kim,22.606427,106.0179879,42,Good,0,23.3,63,0.0,5.3,327,978.7,100,3.5,7.5,219.0,1.5,113.0,2.5
2025-05-11 12:00:00,2025,5,11,12,Cao Bằng,Xã Tam Kim,22.606427,106.0179879,43,Good,0,26.2,52,0.0,3.5,15,977.4,100,3.7,7.7,214.0,1.0,120.0,2.0
2025-05-11 13:00:00,2025,5,11,13,Cao Bằng,Xã Tam Kim,22.606427,106.0179879,45,Good,0,27.9,42,0.0,4.5,92,976.0,100,3.9,7.8,211.0,0.8,126.0,1.7
2025-05-11 14:00:00,2025,5,11,14,Cao Bằng,Xã Tam Kim,22.606427,106.0179879,47,Good,0,28.5,40,0.0,5.7,125,974.7,80,4.1,8.2,209.0,0.5,130.0,1.6
2025-05-11 15:00:00,2025,5,11,15,Cao Bằng,Xã Tam Kim,22.606427,106.0179879,50,Good,0,28.3,41,0.0,7.3,140,973.8,3,4.4,8.6,209.0,0.5,133.0,1.6
2025-05-11 16:00:00,2025,5,11,16,Cao Bằng,Xã Tam Kim,22.606427,106.0179879,61,Moderate,1,27.5,44,0.0,9.8,144,973.3,37,4.7,9.0,215.0,1.2,130.0,1.7
2025-05-11 17:00:00,2025,5,11,17,Cao Bằng,Xã Tam Kim,22.606427,106.0179879,69,Moderate,1,25.5,51,0.0,13.1,151,973.4,0,5.0,9.4,231.0,3.3,118.0,2.0
2025-05-11 18:00:00,2025,5,11,18,Cao Bằng,Xã Tam Kim,22.606427,106.0179879,74,Moderate,1,22.7,63,0.0,9.7,153,974.0,0,6.5,10.2,253.0,6.2,102.0,2.5
2025-05-11 19:00:00,2025,5,11,19,Cao Bằng,Xã Tam Kim,22.606427,106.0179879,73,Moderate,1,20.5,75,0.0,4.6,135,974.8,1,3.5,3.5,274.0,9.3,83.0,3.0
2025-05-11 20:00:00,2025,5,11,20,Cao Bằng,Xã Tam Kim,22.606427,106.0179879,67,Moderate,1,20.2,76,0.0,2.3,176,976.0,0,4.7,4.9,293.0,10.1,77.0,3.3
2025-05-11 21:00:00,2025,5,11,21,Cao Bằng,Xã Tam Kim,22.606427,106.0179879,58,Moderate,1,19.5,78,0.0,2.0,185,976.7,10,5.4,5.7,311.0,11.4,68.0,3.7
2025-05-11 22:00:00,2025,5,11,22,Cao Bằng,Xã Tam Kim,22.606427,106.0179879,49,Good,0,18.9,81,0.0,0.7,166,977.2,0,6.5,6.8,325.0,12.9,61.0,4.1
2025-05-11 23:00:00,2025,5,11,23,Cao Bằng,Xã Tam Kim,22.606427,106.0179879,45,Good,0,18.1,83,0.0,0.3,225,977.4,1,7.7,8.0,334.0,15.1,57.0,4.5
2025-05-12 00:00:00,2025,5,12,0,Cao Bằng,Xã Tam Kim,22.606427,106.0179879,40,Good,0,17.3,86,0.0,1.5,263,977.0,0,8.6,8.9,340.0,17.5,55.0,5.0
2025-05-12 01:00:00,2025,5,12,1,Cao Bằng,Xã Tam Kim,22.606427,106.0179879,36,Good,0,16.5,89,0.0,2.3,270,976.4,0,9.2,9.6,339.0,19.0,52.0,5.1
2025-05-12 02:00:00,2025,5,12,2,Cao Bằng,Xã Tam Kim,22.606427,106.0179879,32,Good,0,15.8,90,0.0,3.6,276,975.8,0,9.5,9.9,325.0,19.2,45.0,4.7
2025-05-12 03:00:00,2025,5,12,3,Cao Bằng,Xã Tam Kim,22.606427,106.0179879,29,Good,0,15.9,89,0.0,3.1,267,975.3,0,9.4,9.7,305.0,18.5,38.0,4.0
2025-05-12 04:00:00,2025,5,12,4,Cao Bằng,Xã Tam Kim,22.606427,106.0179879,26,Good,0,15.0,90,0.0,2.7,262,974.9,6,9.2,9.5,297.0,16.9,37.0,3.5
2025-05-12 05:00:00,2025,5,12,5,Cao Bằng,Xã Tam Kim,22.606427,106.0179879,24,Good,0,14.9,88,0.0,3.3,257,974.9,1,9.1,9.4,320.0,13.8,45.0,3.5
2025-05-12 06:00:00,2025,5,12,6,Cao Bằng,Xã Tam Kim,22.606427,106.0179879,23,Good,0,16.2,83,0.0,1.8,259,975.2,0,10.2,10.6,356.0,9.7,59.0,3.6
2025-05-12 07:00:00,2025,5,12,7,Cao Bằng,Xã Tam Kim,22.606427,106.0179879,24,Good,0,18.8,77,0.0,0.7,14,975.9,0,0.0,0.0,370.0,6.1,75.0,3.7
2025-05-12 08:00:00,2025,5,12,8,Cao Bằng,Xã Tam Kim,22.606427,106.0179879,24,Good,0,21.5,68,0.0,2.6,34,976.8,67,0.7,0.7,340.0,4.6,94.0,3.3
2025-05-12 09:00:00,2025,5,12,9,Cao Bằng,Xã Tam Kim,22.606427,106.0179879,26,Good,0,24.2,57,0.0,2.3,51,976.8,65,0.8,0.8,287.0,2.6,120.0,2.7
2025-05-12 10:00:00,2025,5,12,10,Cao Bằng,Xã Tam Kim,22.606427,106.0179879,30,Good,0,26.4,39,0.0,4.2,110,976.7,50,0.9,1.0,245.0,1.1,140.0,2.2
2025-05-12 11:00:00,2025,5,12,11,Cao Bằng,Xã Tam Kim,22.606427,106.0179879,35,Good,0,28.0,29,0.0,6.7,126,976.2,49,1.2,1.3,226.0,0.7,147.0,2.0
2025-05-12 12:00:00,2025,5,12,12,Cao Bằng,Xã Tam Kim,22.606427,106.0179879,42,Good,0,29.0,26,0.0,8.5,128,975.4,87,1.5,1.7,217.0,0.8,148.0,2.0
2025-05-12 13:00:00,2025,5,12,13,Cao Bằng,Xã Tam Kim,22.606427,106.0179879,48,Good,0,29.6,27,0.0,9.4,125,974.1,100,1.9,2.2,210.0,0.9,148.0,2.0
2025-05-12 14:00:00,2025,5,12,14,Cao Bằng,Xã Tam Kim,22.606427,106.0179879,65,Moderate,1,29.7,29,0.0,10.2,127,972.8,99,2.3,2.8,200.0,0.7,151.0,1.9
2025-05-12 15:00:00,2025,5,12,15,Cao Bằng,Xã Tam Kim,22.606427,106.0179879,84,Moderate,1,29.8,29,0.0,10.2,135,972.1,100,2.8,3.4,193.0,0.5,153.0,1.7
2025-05-12 16:00:00,2025,5,12,16,Cao Bằng,Xã Tam Kim,22.606427,106.0179879,101,Unhealthy for Sensitive Groups,2,29.2,29,0.0,10.2,141,971.5,100,3.6,4.3,199.0,1.2,151.0,1.9
2025-05-12 17:00:00,2025,5,12,17,Cao Bằng,Xã Tam Kim,22.606427,106.0179879,113,Unhealthy for Sensitive Groups,2,27.6,38,0.0,7.7,127,970.9,99,4.9,5.7,229.0,3.7,140.0,2.6
2025-05-12 18:00:00,2025,5,12,18,Cao Bằng,Xã Tam Kim,22.606427,106.0179879,117,Unhealthy for Sensitive Groups,2,24.2,54,0.0,6.1,133,970.7,64,7.4,8.1,272.0,7.2,123.0,3.6
2025-05-12 19:00:00,2025,5,12,19,Cao Bằng,Xã Tam Kim,22.606427,106.0179879,113,Unhealthy for Sensitive Groups,2,22.1,59,0.0,4.5,185,971.4,79,6.9,7.1,308.0,9.1,101.0,4.0
2025-05-12 20:00:00,2025,5,12,20,Cao Bằng,Xã Tam Kim,22.606427,106.0179879,104,Unhealthy for Sensitive Groups,2,21.3,69,0.0,4.7,182,971.8,32,8.7,9.0,332.0,9.5,99.0,5.1
2025-05-12 21:00:00,2025,5,12,21,Cao Bằng,Xã Tam Kim,22.606427,106.0179879,93,Moderate,1,20.3,74,0.0,4.2,185,972.8,16,10.6,10.8,349.0,10.2,96.0,6.5
2025-05-12 22:00:00,2025,5,12,22,Cao Bằng,Xã Tam Kim,22.606427,106.0179879,82,Moderate,1,19.6,76,0.0,2.7,222,973.7,3,12.8,13.0,357.0,11.0,91.0,7.6
2025-05-12 23:00:00,2025,5,12,23,Cao Bằng,Xã Tam Kim,22.606427,106.0179879,69,Moderate,1,18.8,79,0.0,0.8,225,973.9,1,15.8,15.9,349.0,12.1,83.0,7.8
2025-05-13 00:00:00,2025,5,13,0,Cao Bằng,Xã Tam Kim,22.606427,106.0179879,55,Moderate,1,18.1,82,0.0,0.8,207,973.9,0,19.0,19.1,332.0,13.3,74.0,7.6
2025-05-13 01:00:00,2025,5,13,1,Cao Bằng,Xã Tam Kim,22.606427,106.0179879,47,Good,0,17.6,84,0.0,0.6,236,973.7,0,21.8,21.9,321.0,14.2,67.0,7.4
2025-05-13 02:00:00,2025,5,13,2,Cao Bằng,Xã Tam Kim,22.606427,106.0179879,43,Good,0,17.1,85,0.0,0.2,270,973.5,0,24.3,24.4,322.0,14.9,60.0,7.2
2025-05-13 03:00:00,2025,5,13,3,Cao Bằng,Xã Tam Kim,22.606427,106.0179879,39,Good,0,16.6,86,0.0,1.1,288,973.5,0,26.4,26.7,328.0,15.3,56.0,7.1
2025-05-13 04:00:00,2025,5,13,4,Cao Bằng,Xã Tam Kim,22.606427,106.0179879,36,Good,0,16.3,86,0.0,1.7,288,973.7,0,28.8,29.0,341.0,14.7,59.0,7.6
2025-05-13 05:00:00,2025,5,13,5,Cao Bằng,Xã Tam Kim,22.606427,106.0179879,39,Good,0,16.2,86,0.0,1.3,270,974.1,0,31.3,31.8,369.0,12.3,76.0,9.4
2025-05-13 06:00:00,2025,5,13,6,Cao Bằng,Xã Tam Kim,22.606427,106.0179879,42,Good,0,17.2,84,0.0,1.6,276,974.8,0,35.0,35.6,403.0,8.8,101.0,11.9
2025-05-13 07:00:00,2025,5,13,7,Cao Bằng,Xã Tam Kim,22.606427,106.0179879,47,Good,0,20.1,75,0.0,2.7,53,975.7,0,25.8,26.1,413.0,5.8,122.0,14.0
2025-05-13 08:00:00,2025,5,13,8,Cao Bằng,Xã Tam Kim,22.606427,106.0179879,51,Moderate,1,22.6,69,0.0,4.7,72,976.4,14,17.0,18.2,378.0,4.5,133.0,13.2
2025-05-13 09:00:00,2025,5,13,9,Cao Bằng,Xã Tam Kim,22.606427,106.0179879,52,Moderate,1,25.1,60,0.0,4.9,98,976.4,25,9.1,10.5,320.0,2.8,149.0,12.1
2025-05-13 10:00:00,2025,5,13,10,Cao Bằng,Xã Tam Kim,22.606427,106.0179879,53,Moderate,1,27.3,50,0.0,5.8,124,976.2,37,7.9,9.3,276.0,1.5,159.0,10.9
2025-05-13 11:00:00,2025,5,13,11,Cao Bằng,Xã Tam Kim,22.606427,106.0179879,53,Moderate,1,29.3,39,0.0,8.3,146,975.5,51,7.2,8.4,263.0,1.1,158.0,9.5
2025-05-13 12:00:00,2025,5,13,12,Cao Bằng,Xã Tam Kim,22.606427,106.0179879,70,Moderate,1,30.4,39,0.0,10.2,170,974.5,14,7.0,7.9,264.0,1.0,152.0,8.0
2025-05-13 13:00:00,2025,5,13,13,Cao Bằng,Xã Tam Kim,22.606427,106.0179879,90,Moderate,1,31.3,41,0.0,10.4,197,973.4,2,7.9,8.7,268.0,1.1,147.0,6.8
2025-05-13 14:00:00,2025,5,13,14,Cao Bằng,Xã Tam Kim,22.606427,106.0179879,105,Unhealthy for Sensitive Groups,2,31.0,43,0.0,13.8,216,972.2,7,9.9,10.6,269.0,0.9,148.0,5.9
2025-05-13 15:00:00,2025,5,13,15,Cao Bằng,Xã Tam Kim,22.606427,106.0179879,115,Unhealthy for Sensitive Groups,2,31.3,40,0.0,10.2,189,970.9,32,12.2,12.9,272.0,0.8,150.0,5.2
2025-05-13 16:00:00,2025,5,13,16,Cao Bằng,Xã Tam Kim,22.606427,106.0179879,121,Unhealthy for Sensitive Groups,2,30.8,42,0.0,12.3,177,970.0,47,14.3,15.1,280.0,1.4,148.0,4.8
2025-05-13 17:00:00,2025,5,13,17,Cao Bằng,Xã Tam Kim,22.606427,106.0179879,124,Unhealthy for Sensitive Groups,2,28.7,53,0.0,11.5,181,969.9,2,16.2,16.9,299.0,3.6,136.0,4.7
2025-05-13 18:00:00,2025,5,13,18,Cao Bằng,Xã Tam Kim,22.606427,106.0179879,121,Unhealthy for Sensitive Groups,2,26.8,61,0.0,9.3,162,970.3,1,18.0,18.6,324.0,6.5,120.0,4.9
2025-05-13 19:00:00,2025,5,13,19,Cao Bằng,Xã Tam Kim,22.606427,106.0179879,113,Unhealthy for Sensitive Groups,2,25.1,67,0.0,12.1,177,971.7,0,16.8,16.9,341.0,8.4,112.0,6.9
2025-05-13 20:00:00,2025,5,13,20,Cao Bằng,Xã Tam Kim,22.606427,106.0179879,103,Unhealthy for Sensitive Groups,2,24.0,72,0.0,9.9,179,972.1,0,20.6,20.7,344.0,8.4,114.0,7.3
2025-05-13 21:00:00,2025,5,13,21,Cao Bằng,Xã Tam Kim,22.606427,106.0179879,95,Moderate,1,23.3,78,0.0,5.8,173,973.1,7,25.0,25.1,340.0,8.4,117.0,7.9
2025-05-13 22:00:00,2025,5,13,22,Cao Bằng,Xã Tam Kim,22.606427,106.0179879,89,Moderate,1,22.6,82,0.0,4.0,141,973.8,10,28.6,28.8,334.0,8.5,116.0,8.3
2025-05-13 23:00:00,2025,5,13,23,Cao Bằng,Xã Tam Kim,22.606427,106.0179879,82,Moderate,1,22.2,86,0.0,3.9,146,974.7,43,31.7,31.9,327.0,9.1,108.0,8.5
2025-05-14 00:00:00,2025,5,14,0,Cao Bằng,Xã Tam Kim,22.606427,106.0179879,73,Moderate,1,22.3,88,0.0,3.1,126,974.8,56,34.1,34.3,318.0,9.9,97.0,8.5
2025-05-14 01:00:00,2025,5,14,1,Cao Bằng,Xã Tam Kim,22.606427,106.0179879,67,Moderate,1,22.3,89,0.0,2.6,102,974.4,88,36.0,36.3,308.0,10.1,88.0,8.1
2025-05-14 02:00:00,2025,5,14,2,Cao Bằng,Xã Tam Kim,22.606427,106.0179879,68,Moderate,1,22.2,91,0.0,3.3,103,974.1,86,38.6,39.0,295.0,9.2,86.0,7.0
2025-05-14 03:00:00,2025,5,14,3,Cao Bằng,Xã Tam Kim,22.606427,106.0179879,69,Moderate,1,21.8,93,0.0,3.9,103,973.9,83,42.5,43.0,282.0,7.6,86.0,5.5
2025-05-14 04:00:00,2025,5,14,4,Cao Bằng,Xã Tam Kim,22.606427,106.0179879,71,Moderate,1,22.3,92,0.0,4.5,88,974.2,92,42.1,42.6,276.0,6.2,87.0,4.3
2025-05-14 05:00:00,2025,5,14,5,Cao Bằng,Xã Tam Kim,22.606427,106.0179879,72,Moderate,1,22.2,93,0.0,4.7,81,974.4,100,27.9,28.5,286.0,5.2,86.0,3.7
2025-05-14 06:00:00,2025,5,14,6,Cao Bằng,Xã Tam Kim,22.606427,106.0179879,72,Moderate,1,22.6,92,0.1,4.9,84,975.0,98,23.7,24.2,303.0,4.3,85.0,3.3
2025-05-14 07:00:00,2025,5,14,7,Cao Bằng,Xã Tam Kim,22.606427,106.0179879,71,Moderate,1,23.5,89,0.1,4.8,112,975.6,100,24.0,24.6,314.0,3.5,88.0,2.7
2025-05-14 08:00:00,2025,5,14,8,Cao Bằng,Xã Tam Kim,22.606427,106.0179879,70,Moderate,1,26.8,73,0.1,6.8,168,976.4,63,21.4,21.9,311.0,3.4,89.0,2.8
2025-05-14 09:00:00,2025,5,14,9,Cao Bằng,Xã Tam Kim,22.606427,106.0179879,71,Moderate,1,28.1,66,0.1,8.9,166,976.5,83,22.1,22.5,302.0,3.2,90.0,3.0
2025-05-14 10:00:00,2025,5,14,10,Cao Bằng,Xã Tam Kim,22.606427,106.0179879,72,Moderate,1,29.0,63,0.1,8.0,164,976.3,41,21.6,22.1,296.0,3.0,94.0,3.0
2025-05-14 11:00:00,2025,5,14,11,Cao Bằng,Xã Tam Kim,22.606427,106.0179879,73,Moderate,1,30.6,57,0.2,8.0,166,975.9,32,22.4,22.8,298.0,2.5,104.0,2.8
2025-05-14 12:00:00,2025,5,14,12,Cao Bằng,Xã Tam Kim,22.606427,106.0179879,75,Moderate,1,32.4,52,0.0,6.9,157,974.7,100,21.1,21.4,303.0,2.0,116.0,2.6
2025-05-14 13:00:00,2025,5,14,13,Cao Bằng,Xã Tam Kim,22.606427,106.0179879,76,Moderate,1,27.2,82,1.6,12.2,167,974.3,95,20.4,20.7,306.0,1.7,126.0,2.3
2025-05-14 14:00:00,2025,5,14,14,Cao Bằng,Xã Tam Kim,22.606427,106.0179879,77,Moderate,1,29.5,67,0.3,9.1,171,972.7,70,18.1,18.3,302.0,1.7,132.0,2.0
2025-05-14 15:00:00,2025,5,14,15,Cao Bằng,Xã Tam Kim,22.606427,106.0179879,78,Moderate,1,30.5,62,0.1,10.2,167,971.8,63,20.1,20.3,295.0,2.0,135.0,1.7
2025-05-14 16:00:00,2025,5,14,16,Cao Bằng,Xã Tam Kim,22.606427,106.0179879,78,Moderate,1,30.1,62,0.1,9.8,160,971.1,44,23.2,23.4,294.0,2.8,135.0,1.8
2025-05-14 17:00:00,2025,5,14,17,Cao Bằng,Xã Tam Kim,22.606427,106.0179879,79,Moderate,1,29.3,66,0.1,8.2,165,971.2,57,26.4,26.7,307.0,4.8,129.0,2.4
2025-05-14 18:00:00,2025,5,14,18,Cao Bằng,Xã Tam Kim,22.606427,106.0179879,80,Moderate,1,27.0,80,0.5,6.5,138,971.8,81,29.2,29.3,325.0,7.4,120.0,3.4
2025-05-14 19:00:00,2025,5,14,19,Cao Bằng,Xã Tam Kim,22.606427,106.0179879,81,Moderate,1,24.6,95,5.5,2.3,72,973.1,100,30.4,30.7,334.0,9.0,114.0,3.5
2025-05-14 20:00:00,2025,5,14,20,Cao Bằng,Xã Tam Kim,22.606427,106.0179879,82,Moderate,1,25.4,83,0.0,4.2,173,974.0,99,31.5,31.9,323.0,8.8,111.0,3.9
2025-05-14 21:00:00,2025,5,14,21,Cao Bằng,Xã Tam Kim,22.606427,106.0179879,83,Moderate,1,24.5,88,0.0,3.4,148,974.6,100,33.1,33.5,303.0,8.6,107.0,4.4
2025-05-14 22:00:00,2025,5,14,22,Cao Bằng,Xã Tam Kim,22.606427,106.0179879,84,Moderate,1,24.2,89,0.0,2.4,132,975.0,72,33.2,33.5,285.0,8.3,104.0,4.8
2025-05-14 23:00:00,2025,5,14,23,Cao Bằng,Xã Tam Kim,22.606427,106.0179879,84,Moderate,1,23.7,92,0.0,1.7,103,975.6,44,26.4,26.7,275.0,7.9,102.0,4.9
2025-05-15 00:00:00,2025,5,15,0,Cao Bằng,Xã Tam Kim,22.606427,106.0179879,84,Moderate,1,23.0,95,0.0,2.7,94,975.3,64,23.1,23.3,267.0,7.5,100.0,4.9
2025-05-15 01:00:00,2025,5,15,1,Cao Bằng,Xã Tam Kim,22.606427,106.0179879,83,Moderate,1,22.9,96,0.0,1.5,60,974.8,97,22.6,22.9,259.0,7.0,97.0,4.7
2025-05-15 02:00:00,2025,5,15,2,Cao Bằng,Xã Tam Kim,22.606427,106.0179879,82,Moderate,1,23.0,94,0.2,1.7,77,974.7,65,20.3,20.5,251.0,6.5,94.0,4.4
2025-05-15 03:00:00,2025,5,15,3,Cao Bằng,Xã Tam Kim,22.606427,106.0179879,80,Moderate,1,23.0,95,0.0,2.8,72,974.5,72,16.8,16.9,243.0,6.0,90.0,3.9
2025-05-15 04:00:00,2025,5,15,4,Cao Bằng,Xã Tam Kim,22.606427,106.0179879,78,Moderate,1,22.4,97,0.0,3.1,93,974.2,90,14.6,14.8,235.0,5.6,86.0,3.6
2025-05-15 05:00:00,2025,5,15,5,Cao Bằng,Xã Tam Kim,22.606427,106.0179879,75,Moderate,1,22.0,97,0.0,2.0,100,974.4,100,15.9,16.1,227.0,5.4,81.0,3.5
2025-05-15 06:00:00,2025,5,15,6,Cao Bằng,Xã Tam Kim,22.606427,106.0179879,74,Moderate,1,22.9,96,0.0,4.5,76,975.1,100,16.8,17.0,220.0,5.3,76.0,3.5
2025-05-15 07:00:00,2025,5,15,7,Cao Bằng,Xã Tam Kim,22.606427,106.0179879,74,Moderate,1,23.7,94,0.1,4.8,105,975.7,100,15.0,15.3,216.0,5.4,73.0,5.0
2025-05-15 08:00:00,2025,5,15,8,Cao Bằng,Xã Tam Kim,22.606427,106.0179879,73,Moderate,1,24.7,95,0.5,3.8,93,976.0,100,16.2,16.4,217.0,4.8,76.0,5.1
2025-05-15 09:00:00,2025,5,15,9,Cao Bằng,Xã Tam Kim,22.606427,106.0179879,72,Moderate,1,28.8,71,0.4,3.1,118,976.4,100,17.8,18.1,222.0,4.0,81.0,5.1
2025-05-15 10:00:00,2025,5,15,10,Cao Bằng,Xã Tam Kim,22.606427,106.0179879,72,Moderate,1,27.6,77,0.2,3.8,115,976.1,99,18.7,19.0,226.0,3.3,88.0,5.0
2025-05-15 11:00:00,2025,5,15,11,Cao Bằng,Xã Tam Kim,22.606427,106.0179879,72,Moderate,1,30.0,65,0.1,5.2,151,975.7,100,19.6,19.8,228.0,2.7,99.0,4.6
2025-05-15 12:00:00,2025,5,15,12,Cao Bằng,Xã Tam Kim,22.606427,106.0179879,71,Moderate,1,30.0,61,0.1,8.8,195,974.6,100,20.4,20.7,230.0,2.1,112.0,3.9
2025-05-15 13:00:00,2025,5,15,13,Cao Bằng,Xã Tam Kim,22.606427,106.0179879,71,Moderate,1,28.6,69,0.6,5.8,182,973.7,100,17.1,17.3,235.0,1.9,121.0,3.4
2025-05-15 14:00:00,2025,5,15,14,Cao Bằng,Xã Tam Kim,22.606427,106.0179879,71,Moderate,1,28.1,79,1.9,3.5,129,973.0,100,14.0,14.1,247.0,2.1,123.0,3.0
2025-05-15 15:00:00,2025,5,15,15,Cao Bằng,Xã Tam Kim,22.606427,106.0179879,71,Moderate,1,27.1,88,4.1,4.8,124,972.3,97,13.4,13.6,262.0,2.7,120.0,2.6
2025-05-15 16:00:00,2025,5,15,16,Cao Bằng,Xã Tam Kim,22.606427,106.0179879,70,Moderate,1,26.1,87,0.8,6.5,124,971.9,100,14.2,14.3,276.0,4.0,115.0,2.6
2025-05-15 17:00:00,2025,5,15,17,Cao Bằng,Xã Tam Kim,22.606427,106.0179879,69,Moderate,1,25.9,89,0.6,3.0,57,971.7,100,15.7,15.7,289.0,6.6,106.0,3.1
2025-05-15 18:00:00,2025,5,15,18,Cao Bằng,Xã Tam Kim,22.606427,106.0179879,68,Moderate,1,25.2,97,0.1,2.3,18,972.2,100,16.9,17.0,301.0,9.9,95.0,4.0
2025-05-15 19:00:00,2025,5,15,19,Cao Bằng,Xã Tam Kim,22.606427,106.0179879,67,Moderate,1,24.9,95,0.3,0.4,243,972.9,100,22.1,22.2,306.0,9.0,90.0,4.1
2025-05-15 20:00:00,2025,5,15,20,Cao Bằng,Xã Tam Kim,22.606427,106.0179879,67,Moderate,1,24.1,97,5.7,0.0,270,974.5,100,23.3,23.5,299.0,8.7,91.0,4.6
2025-05-15 21:00:00,2025,5,15,21,Cao Bằng,Xã Tam Kim,22.606427,106.0179879,66,Moderate,1,23.8,97,1.7,0.8,27,975.3,100,24.2,24.3,285.0,8.3,92.0,5.3
2025-05-15 22:00:00,2025,5,15,22,Cao Bằng,Xã Tam Kim,22.606427,106.0179879,65,Moderate,1,23.7,99,0.1,1.8,53,975.7,93,21.8,21.8,271.0,8.1,91.0,5.8
2025-05-15 23:00:00,2025,5,15,23,Cao Bằng,Xã Tam Kim,22.606427,106.0179879,64,Moderate,1,23.6,99,0.5,2.2,55,975.7,100,19.4,19.5,258.0,8.3,86.0,6.0
2025-05-16 00:00:00,2025,5,16,0,Cao Bằng,Xã Tam Kim,22.606427,106.0179879,63,Moderate,1,23.6,97,0.6,2.0,85,975.3,100,9.4,9.4,245.0,8.7,79.0,6.1
2025-05-16 01:00:00,2025,5,16,1,Cao Bằng,Xã Tam Kim,22.606427,106.0179879,62,Moderate,1,23.2,98,2.3,2.3,45,974.4,100,11.9,11.9,233.0,9.0,72.0,6.2
2025-05-16 02:00:00,2025,5,16,2,Cao Bằng,Xã Tam Kim,22.606427,106.0179879,61,Moderate,1,23.1,99,1.6,2.8,79,973.7,97,13.6,13.7,219.0,9.0,67.0,6.5
2025-05-16 03:00:00,2025,5,16,3,Cao Bằng,Xã Tam Kim,22.606427,106.0179879,61,Moderate,1,22.9,99,1.8,4.7,137,973.4,100,11.7,11.7,207.0,8.8,63.0,6.9
2025-05-16 04:00:00,2025,5,16,4,Cao Bằng,Xã Tam Kim,22.606427,106.0179879,60,Moderate,1,22.6,99,5.1,2.6,25,973.2,100,10.9,10.9,204.0,8.5,60.0,6.9
2025-05-16 05:00:00,2025,5,16,5,Cao Bằng,Xã Tam Kim,22.606427,106.0179879,60,Moderate,1,22.4,100,6.9,5.2,44,973.5,100,11.8,11.9,221.0,8.0,58.0,6.3
2025-05-16 06:00:00,2025,5,16,6,Cao Bằng,Xã Tam Kim,22.606427,106.0179879,60,Moderate,1,22.5,99,2.8,3.2,43,973.8,100,6.8,6.9,249.0,7.4,56.0,5.3
2025-05-16 07:00:00,2025,5,16,7,Cao Bằng,Xã Tam Kim,22.606427,106.0179879,59,Moderate,1,22.4,99,3.4,2.3,67,974.3,100,3.5,3.6,266.0,6.2,65.0,3.8
2025-05-16 08:00:00,2025,5,16,8,Cao Bằng,Xã Tam Kim,22.606427,106.0179879,58,Moderate,1,24.2,100,0.3,3.7,76,975.1,100,2.3,2.3,262.0,5.8,69.0,4.0
2025-05-16 09:00:00,2025,5,16,9,Cao Bằng,Xã Tam Kim,22.606427,106.0179879,56,Moderate,1,25.3,96,1.8,4.9,98,975.1,100,3.6,3.6,249.0,5.2,75.0,4.2
2025-05-16 10:00:00,2025,5,16,10,Cao Bằng,Xã Tam Kim,22.606427,106.0179879,55,Moderate,1,26.4,90,2.3,6.8,130,974.9,100,4.0,4.0,238.0,4.6,82.0,4.2
2025-05-16 11:00:00,2025,5,16,11,Cao Bằng,Xã Tam Kim,22.606427,106.0179879,54,Moderate,1,26.8,85,0.3,6.9,131,974.4,96,3.8,3.8,234.0,4.1,91.0,3.8
2025-05-16 12:00:00,2025,5,16,12,Cao Bằng,Xã Tam Kim,22.606427,106.0179879,52,Moderate,1,27.3,79,0.3,4.5,151,973.3,98,5.1,5.1,233.0,3.6,102.0,3.1
2025-05-16 13:00:00,2025,5,16,13,Cao Bằng,Xã Tam Kim,22.606427,106.0179879,51,Moderate,1,29.6,68,0.2,5.9,157,972.3,100,6.9,6.9,236.0,3.3,109.0,2.5
2025-05-16 14:00:00,2025,5,16,14,Cao Bằng,Xã Tam Kim,22.606427,106.0179879,50,Good,0,28.2,75,0.8,11.2,148,971.4,100,7.9,7.9,241.0,3.2,112.0,1.9
2025-05-16 15:00:00,2025,5,16,15,Cao Bằng,Xã Tam Kim,22.606427,106.0179879,49,Good,0,28.0,75,0.0,8.3,141,970.3,96,8.6,8.6,250.0,3.4,112.0,1.3
2025-05-16 16:00:00,2025,5,16,16,Cao Bằng,Xã Tam Kim,22.606427,106.0179879,49,Good,0,29.3,68,0.1,3.6,160,970.0,89,9.5,9.5,269.0,4.2,109.0,1.1
2025-05-16 17:00:00,2025,5,16,17,Cao Bằng,Xã Tam Kim,22.606427,106.0179879,48,Good,0,29.2,68,0.0,4.5,146,970.0,85,11.5,11.5,311.0,6.4,100.0,1.4
2025-05-16 18:00:00,2025,5,16,18,Cao Bằng,Xã Tam Kim,22.606427,106.0179879,47,Good,0,27.2,80,0.0,5.6,96,970.2,84,13.0,13.1,363.0,9.4,88.0,2.0
2025-05-16 19:00:00,2025,5,16,19,Cao Bằng,Xã Tam Kim,22.606427,106.0179879,48,Good,0,25.6,87,0.0,5.0,134,971.2,66,18.6,18.7,389.0,10.8,88.0,3.0
2025-05-16 20:00:00,2025,5,16,20,Cao Bằng,Xã Tam Kim,22.606427,106.0179879,48,Good,0,24.3,96,5.8,3.1,103,973.0,90,20.0,20.1,364.0,10.2,89.0,3.6
2025-05-16 21:00:00,2025,5,16,21,Cao Bằng,Xã Tam Kim,22.606427,106.0179879,47,Good,0,24.2,98,0.3,3.2,47,973.6,72,21.6,21.7,313.0,9.3,89.0,4.4
2025-05-16 22:00:00,2025,5,16,22,Cao Bằng,Xã Tam Kim,22.606427,106.0179879,46,Good,0,23.8,97,4.3,1.6,360,974.2,91,23.4,23.5,272.0,8.5,89.0,5.0
2025-05-16 23:00:00,2025,5,16,23,Cao Bằng,Xã Tam Kim,22.606427,106.0179879,45,Good,0,23.6,98,0.8,3.1,54,974.5,100,23.9,24.0,258.0,8.1,87.0,5.4
2025-05-17 00:00:00,2025,5,17,0,Cao Bằng,Xã Tam Kim,22.606427,106.0179879,46,Good,0,23.6,97,1.8,1.0,22,974.2,100,19.5,19.6,255.0,7.8,83.0,5.6
2025-05-17 01:00:00,2025,5,17,1,Cao Bằng,Xã Tam Kim,22.606427,106.0179879,47,Good,0,23.3,99,0.1,3.9,56,973.3,100,15.0,15.0,251.0,7.5,79.0,5.6
2025-05-17 02:00:00,2025,5,17,2,Cao Bằng,Xã Tam Kim,22.606427,106.0179879,48,Good,0,23.3,99,0.3,2.3,39,972.8,100,13.6,13.6,241.0,7.2,74.0,5.3
2025-05-17 03:00:00,2025,5,17,3,Cao Bằng,Xã Tam Kim,22.606427,106.0179879,48,Good,0,23.2,100,0.6,4.5,47,972.8,100,8.3,8.3,230.0,7.0,68.0,4.7
2025-05-17 04:00:00,2025,5,17,4,Cao Bằng,Xã Tam Kim,22.606427,106.0179879,47,Good,0,23.0,100,1.3,3.8,82,972.6,100,6.5,6.5,226.0,6.8,64.0,4.3
2025-05-17 05:00:00,2025,5,17,5,Cao Bằng,Xã Tam Kim,22.606427,106.0179879,47,Good,0,23.0,100,0.5,3.4,65,972.9,100,2.1,2.1,236.0,6.9,61.0,4.1
2025-05-17 06:00:00,2025,5,17,6,Cao Bằng,Xã Tam Kim,22.606427,106.0179879,45,Good,0,23.2,99,1.8,3.6,45,973.2,100,2.2,2.2,254.0,7.2,59.0,4.0
2025-05-17 07:00:00,2025,5,17,7,Cao Bằng,Xã Tam Kim,22.606427,106.0179879,44,Good,0,23.5,99,2.5,2.7,70,973.8,100,7.3,7.3,262.0,7.9,61.0,5.5
2025-05-17 08:00:00,2025,5,17,8,Cao Bằng,Xã Tam Kim,22.606427,106.0179879,45,Good,0,24.7,97,0.7,4.7,99,974.4,99,6.3,6.3,251.0,6.7,72.0,5.5
2025-05-17 09:00:00,2025,5,17,9,Cao Bằng,Xã Tam Kim,22.606427,106.0179879,46,Good,0,26.6,90,2.5,3.5,99,974.8,92,8.4,8.4,232.0,5.1,87.0,5.4
2025-05-17 10:00:00,2025,5,17,10,Cao Bằng,Xã Tam Kim,22.606427,106.0179879,46,Good,0,26.4,95,3.5,3.6,117,974.5,100,9.0,9.1,217.0,3.8,99.0,5.0
2025-05-17 11:00:00,2025,5,17,11,Cao Bằng,Xã Tam Kim,22.606427,106.0179879,47,Good,0,25.8,97,6.7,1.1,351,974.3,100,11.7,11.8,213.0,3.1,104.0,3.9
2025-05-17 12:00:00,2025,5,17,12,Cao Bằng,Xã Tam Kim,22.606427,106.0179879,49,Good,0,26.3,95,3.3,4.5,37,973.7,99,14.1,14.1,214.0,2.6,106.0,2.4
2025-05-17 13:00:00,2025,5,17,13,Cao Bằng,Xã Tam Kim,22.606427,106.0179879,50,Good,0,26.3,95,3.8,4.7,62,973.0,99,16.0,16.1,214.0,2.3,108.0,1.4
2025-05-17 14:00:00,2025,5,17,14,Cao Bằng,Xã Tam Kim,22.606427,106.0179879,51,Moderate,1,27.2,89,0.5,6.3,72,971.6,98,18.5,18.6,205.0,1.9,113.0,1.1
2025-05-17 15:00:00,2025,5,17,15,Cao Bằng,Xã Tam Kim,22.606427,106.0179879,52,Moderate,1,26.4,89,4.7,9.7,10,971.2,100,19.5,19.6,194.0,1.6,118.0,1.2
2025-05-17 16:00:00,2025,5,17,16,Cao Bằng,Xã Tam Kim,22.606427,106.0179879,53,Moderate,1,25.2,91,5.0,6.2,57,971.1,99,20.6,20.7,202.0,2.1,118.0,1.5
2025-05-17 17:00:00,2025,5,17,17,Cao Bằng,Xã Tam Kim,22.606427,106.0179879,54,Moderate,1,24.9,95,0.1,7.0,58,971.2,98,21.7,21.8,249.0,4.2,110.0,2.0
2025-05-17 18:00:00,2025,5,17,18,Cao Bằng,Xã Tam Kim,22.606427,106.0179879,55,Moderate,1,24.6,97,0.1,5.0,30,971.9,100,23.6,23.7,313.0,7.1,97.0,2.7
2025-05-17 19:00:00,2025,5,17,19,Cao Bằng,Xã Tam Kim,22.606427,106.0179879,56,Moderate,1,24.1,96,0.1,1.5,30,972.4,100,18.9,19.0,350.0,15.7,68.0,4.8
2025-05-17 20:00:00,2025,5,17,20,Cao Bằng,Xã Tam Kim,22.606427,106.0179879,56,Moderate,1,25.2,96,2.1,0.3,315,973.6,100,17.7,17.8,333.0,15.3,61.0,4.5
2025-05-17 21:00:00,2025,5,17,21,Cao Bằng,Xã Tam Kim,22.606427,106.0179879,55,Moderate,1,25.1,89,4.7,0.9,37,974.3,100,18.5,18.6,288.0,14.7,52.0,4.1
2025-05-17 22:00:00,2025,5,17,22,Cao Bằng,Xã Tam Kim,22.606427,106.0179879,55,Moderate,1,24.4,93,1.8,1.3,56,974.9,100,17.6,17.6,252.0,13.4,48.0,3.6
2025-05-17 23:00:00,2025,5,17,23,Cao Bằng,Xã Tam Kim,22.606427,106.0179879,55,Moderate,1,23.9,94,2.7,1.8,354,975.2,100,15.3,15.4,239.0,10.9,52.0,3.0
2025-05-18 00:00:00,2025,5,18,0,Cao Bằng,Xã Tam Kim,22.606427,106.0179879,54,Moderate,1,23.8,95,0.6,1.1,360,974.5,100,11.0,11.1,233.0,7.8,60.0,2.3
2025-05-18 01:00:00,2025,5,18,1,Cao Bằng,Xã Tam Kim,22.606427,106.0179879,53,Moderate,1,23.6,95,1.1,0.9,11,974.0,99,7.9,7.9,226.0,5.4,68.0,1.8
2025-05-18 02:00:00,2025,5,18,2,Cao Bằng,Xã Tam Kim,22.606427,106.0179879,53,Moderate,1,23.2,95,3.9,1.5,339,973.8,100,7.0,7.0,208.0,4.1,74.0,1.5
2025-05-18 03:00:00,2025,5,18,3,Cao Bằng,Xã Tam Kim,22.606427,106.0179879,52,Moderate,1,23.0,97,1.0,2.5,111,973.5,100,5.7,5.8,188.0,3.5,79.0,1.3
2025-05-18 04:00:00,2025,5,18,4,Cao Bằng,Xã Tam Kim,22.606427,106.0179879,52,Moderate,1,23.0,95,0.8,0.4,90,973.3,100,3.0,3.1,180.0,3.3,82.0,1.3
2025-05-18 05:00:00,2025,5,18,5,Cao Bằng,Xã Tam Kim,22.606427,106.0179879,51,Moderate,1,22.8,97,0.2,1.9,34,973.5,100,2.0,2.0,198.0,3.7,79.0,1.5
2025-05-18 06:00:00,2025,5,18,6,Cao Bằng,Xã Tam Kim,22.606427,106.0179879,51,Moderate,1,23.0,98,0.1,1.8,6,973.9,100,2.1,2.1,229.0,4.5,74.0,1.8
2025-05-18 07:00:00,2025,5,18,7,Cao Bằng,Xã Tam Kim,22.606427,106.0179879,51,Moderate,1,23.3,97,0.0,2.9,43,974.5,100,1.2,1.2,247.0,4.4,76.0,2.1
2025-05-18 08:00:00,2025,5,18,8,Cao Bằng,Xã Tam Kim,22.606427,106.0179879,51,Moderate,1,24.5,93,0.0,2.1,52,975.1,95,2.2,2.3,240.0,3.9,83.0,2.3
2025-05-18 09:00:00,2025,5,18,9,Cao Bằng,Xã Tam Kim,22.606427,106.0179879,50,Good,0,26.4,86,0.1,3.1,69,975.5,64,3.2,3.2,220.0,3.1,93.0,2.6
2025-05-18 10:00:00,2025,5,18,10,Cao Bằng,Xã Tam Kim,22.606427,106.0179879,50,Good,0,28.5,76,0.2,5.6,69,975.2,89,4.0,4.0,204.0,2.4,100.0,2.7
2025-05-18 11:00:00,2025,5,18,11,Cao Bằng,Xã Tam Kim,22.606427,106.0179879,49,Good,0,27.1,82,2.0,6.4,11,974.3,99,4.7,4.8,197.0,1.8,102.0,2.3
2025-05-18 12:00:00,2025,5,18,12,Cao Bằng,Xã Tam Kim,22.606427,106.0179879,48,Good,0,25.2,92,8.3,5.4,340,974.0,96,5.2,5.3,193.0,1.3,102.0,1.7
2025-05-18 13:00:00,2025,5,18,13,Cao Bằng,Xã Tam Kim,22.606427,106.0179879,46,Good,0,25.9,86,1.3,5.5,73,973.1,87,5.5,5.6,192.0,1.1,100.0,1.3
2025-05-18 14:00:00,2025,5,18,14,Cao Bằng,Xã Tam Kim,22.606427,106.0179879,45,Good,0,26.2,86,0.2,0.9,143,972.1,100,5.8,6.0,191.0,1.3,96.0,1.2
2025-05-18 15:00:00,2025,5,18,15,Cao Bằng,Xã Tam Kim,22.606427,106.0179879,44,Good,0,26.7,84,0.2,1.3,304,971.5,100,5.8,6.0,192.0,1.9,90.0,1.3
2025-05-18 16:00:00,2025,5,18,16,Cao Bằng,Xã Tam Kim,22.606427,106.0179879,44,Good,0,27.2,81,0.2,1.3,45,970.7,98,6.7,6.9,206.0,3.1,83.0,1.5
2025-05-18 17:00:00,2025,5,18,17,Cao Bằng,Xã Tam Kim,22.606427,106.0179879,44,Good,0,26.5,89,3.1,3.8,135,970.9,100,6.9,7.1,243.0,5.5,74.0,1.9
2025-05-18 18:00:00,2025,5,18,18,Cao Bằng,Xã Tam Kim,22.606427,106.0179879,43,Good,0,24.8,98,0.9,4.2,54,971.8,100,7.9,8.1,291.0,8.5,63.0,2.4
2025-05-18 19:00:00,2025,5,18,19,Cao Bằng,Xã Tam Kim,22.606427,106.0179879,41,Good,0,24.3,95,4.6,1.5,324,972.5,100,23.5,23.9,330.0,9.7,63.0,2.6
2025-05-18 20:00:00,2025,5,18,20,Cao Bằng,Xã Tam Kim,22.606427,106.0179879,39,Good,0,23.6,97,5.0,7.1,187,973.7,100,22.5,22.9,352.0,9.8,59.0,2.4
2025-05-18 21:00:00,2025,5,18,21,Cao Bằng,Xã Tam Kim,22.606427,106.0179879,36,Good,0,23.7,94,1.1,0.8,225,973.9,100,15.8,16.2,365.0,9.8,53.0,2.2
2025-05-18 22:00:00,2025,5,18,22,Cao Bằng,Xã Tam Kim,22.606427,106.0179879,34,Good,0,23.4,96,0.1,1.8,174,974.4,100,12.2,12.5,364.0,9.5,49.0,2.0
2025-05-18 23:00:00,2025,5,18,23,Cao Bằng,Xã Tam Kim,22.606427,106.0179879,32,Good,0,22.8,97,0.3,4.0,170,974.7,100,8.4,8.6,344.0,8.7,50.0,1.8
2025-05-19 00:00:00,2025,5,19,0,Cao Bằng,Xã Tam Kim,22.606427,106.0179879,31,Good,0,23.1,96,0.6,0.2,270,973.9,100,6.8,6.9,310.0,7.5,52.0,1.5
2025-05-19 01:00:00,2025,5,19,1,Cao Bằng,Xã Tam Kim,22.606427,106.0179879,31,Good,0,23.0,96,0.5,1.2,27,973.0,100,8.7,8.9,281.0,6.5,55.0,1.3
2025-05-19 02:00:00,2025,5,19,2,Cao Bằng,Xã Tam Kim,22.606427,106.0179879,31,Good,0,22.8,97,0.5,0.9,53,972.5,100,8.8,9.0,262.0,5.9,56.0,1.1
2025-05-19 03:00:00,2025,5,19,3,Cao Bằng,Xã Tam Kim,22.606427,106.0179879,31,Good,0,22.6,97,0.8,1.5,240,972.6,100,7.2,7.4,247.0,5.4,58.0,1.0
2025-05-19 04:00:00,2025,5,19,4,Cao Bằng,Xã Tam Kim,22.606427,106.0179879,31,Good,0,22.3,98,0.7,2.7,70,972.3,100,7.0,7.1,238.0,5.0,60.0,1.0
2025-05-19 05:00:00,2025,5,19,5,Cao Bằng,Xã Tam Kim,22.606427,106.0179879,32,Good,0,22.3,99,0.9,2.2,156,972.5,100,3.9,4.0,237.0,4.7,63.0,1.0
2025-05-19 06:00:00,2025,5,19,6,Cao Bằng,Xã Tam Kim,22.606427,106.0179879,32,Good,0,22.4,99,3.1,0.8,333,972.8,100,3.5,3.5,243.0,4.5,66.0,1.2
2025-05-19 07:00:00,2025,5,19,7,Cao Bằng,Xã Tam Kim,22.606427,106.0179879,33,Good,0,22.8,99,2.6,3.0,17,973.3,100,6.7,6.8,247.0,5.5,62.0,2.0
2025-05-19 08:00:00,2025,5,19,8,Cao Bằng,Xã Tam Kim,22.606427,106.0179879,33,Good,0,23.9,98,1.9,3.1,77,974.0,99,9.3,9.6,250.0,4.3,76.0,2.0
2025-05-19 09:00:00,2025,5,19,9,Cao Bằng,Xã Tam Kim,22.606427,106.0179879,35,Good,0,23.9,99,0.7,4.3,118,974.4,100,9.0,9.1,253.0,2.7,95.0,2.0
2025-05-19 10:00:00,2025,5,19,10,Cao Bằng,Xã Tam Kim,22.606427,106.0179879,36,Good,0,24.2,96,0.6,4.8,115,973.8,95,7.8,7.9,250.0,1.5,108.0,1.9
2025-05-19 11:00:00,2025,5,19,11,Cao Bằng,Xã Tam Kim,22.606427,106.0179879,36,Good,0,26.4,83,0.2,7.4,124,973.5,100,8.0,8.1,239.0,1.1,107.0,1.6
2025-05-19 12:00:00,2025,5,19,12,Cao Bằng,Xã Tam Kim,22.606427,106.0179879,37,Good,0,28.4,72,0.4,5.4,132,972.3,100,8.5,8.6,222.0,1.1,100.0,1.2
2025-05-19 13:00:00,2025,5,19,13,Cao Bằng,Xã Tam Kim,22.606427,106.0179879,39,Good,0,30.1,64,0.2,6.0,134,970.9,100,7.4,7.4,208.0,1.2,95.0,0.9
2025-05-19 14:00:00,2025,5,19,14,Cao Bằng,Xã Tam Kim,22.606427,106.0179879,41,Good,0,31.7,59,0.1,8.1,137,969.5,100,7.3,7.3,195.0,1.0,97.0,0.8
2025-05-19 15:00:00,2025,5,19,15,Cao Bằng,Xã Tam Kim,22.606427,106.0179879,43,Good,0,31.6,58,0.0,9.9,142,968.1,100,7.3,7.4,185.0,0.8,100.0,0.9
2025-05-19 16:00:00,2025,5,19,16,Cao Bằng,Xã Tam Kim,22.606427,106.0179879,45,Good,0,30.2,65,0.3,7.2,152,967.4,50,7.7,7.7,186.0,1.6,100.0,1.1
2025-05-19 17:00:00,2025,5,19,17,Cao Bằng,Xã Tam Kim,22.606427,106.0179879,46,Good,0,29.8,68,0.1,6.3,175,967.4,50,8.4,8.4,209.0,4.1,92.0,1.5
2025-05-19 18:00:00,2025,5,19,18,Cao Bằng,Xã Tam Kim,22.606427,106.0179879,46,Good,0,28.4,76,0.0,6.5,157,968.0,55,9.9,9.9,244.0,7.6,80.0,2.0
2025-05-19 19:00:00,2025,5,19,19,Cao Bằng,Xã Tam Kim,22.606427,106.0179879,45,Good,0,26.0,84,0.0,7.6,155,968.5,98,14.3,14.3,268.0,9.8,60.0,2.6
2025-05-19 20:00:00,2025,5,19,20,Cao Bằng,Xã Tam Kim,22.606427,106.0179879,42,Good,0,25.0,92,0.0,5.0,139,970.3,96,15.2,15.3,270.0,10.2,56.0,2.7
2025-05-19 21:00:00,2025,5,19,21,Cao Bằng,Xã Tam Kim,22.606427,106.0179879,39,Good,0,24.3,95,0.0,6.4,133,971.2,95,16.2,16.2,261.0,10.7,52.0,2.8
2025-05-19 22:00:00,2025,5,19,22,Cao Bằng,Xã Tam Kim,22.606427,106.0179879,37,Good,0,24.6,95,0.0,3.9,124,971.9,99,17.3,17.4,251.0,10.6,52.0,3.0
2025-05-19 23:00:00,2025,5,19,23,Cao Bằng,Xã Tam Kim,22.606427,106.0179879,37,Good,0,24.5,96,0.1,6.5,120,971.7,100,19.0,19.0,241.0,9.4,62.0,3.3
2025-05-20 00:00:00,2025,5,20,0,Cao Bằng,Xã Tam Kim,22.606427,106.0179879,39,Good,0,24.4,98,0.9,3.5,99,970.9,100,21.9,21.9,229.0,7.7,76.0,3.8
2025-05-20 01:00:00,2025,5,20,1,Cao Bằng,Xã Tam Kim,22.606427,106.0179879,42,Good,0,24.1,98,3.3,5.6,123,970.5,99,23.5,23.5,220.0,6.5,86.0,4.3
2025-05-20 02:00:00,2025,5,20,2,Cao Bằng,Xã Tam Kim,22.606427,106.0179879,44,Good,0,24.0,98,1.0,3.8,135,970.1,100,24.5,24.6,213.0,6.2,85.0,4.8
2025-05-20 03:00:00,2025,5,20,3,Cao Bằng,Xã Tam Kim,22.606427,106.0179879,47,Good,0,23.8,99,2.3,3.6,96,969.8,100,22.2,22.2,209.0,6.4,80.0,5.4
2025-05-20 04:00:00,2025,5,20,4,Cao Bằng,Xã Tam Kim,22.606427,106.0179879,50,Good,0,23.8,99,3.2,4.3,95,969.7,100,17.3,17.4,213.0,6.5,75.0,6.1
2025-05-20 05:00:00,2025,5,20,5,Cao Bằng,Xã Tam Kim,22.606427,106.0179879,51,Moderate,1,23.9,99,0.3,3.6,84,970.1,100,10.9,10.9,233.0,6.3,71.0,7.3
2025-05-20 06:00:00,2025,5,20,6,Cao Bằng,Xã Tam Kim,22.606427,106.0179879,51,Moderate,1,24.0,99,0.3,5.3,82,970.2,100,6.3,6.3,262.0,5.9,68.0,8.6
2025-05-20 07:00:00,2025,5,20,7,Cao Bằng,Xã Tam Kim,22.606427,106.0179879,52,Moderate,1,24.6,99,0.3,5.0,92,970.8,100,3.2,3.2,281.0,6.9,58.0,5.0
2025-05-20 08:00:00,2025,5,20,8,Cao Bằng,Xã Tam Kim,22.606427,106.0179879,51,Moderate,1,25.4,96,0.8,5.0,125,971.8,100,2.2,2.2,283.0,5.7,70.0,5.7
2025-05-20 09:00:00,2025,5,20,9,Cao Bằng,Xã Tam Kim,22.606427,106.0179879,51,Moderate,1,25.7,97,0.6,4.9,96,971.8,100,3.0,3.0,276.0,4.0,87.0,6.6
2025-05-20 10:00:00,2025,5,20,10,Cao Bằng,Xã Tam Kim,22.606427,106.0179879,50,Good,0,26.3,94,0.5,4.8,105,971.5,100,3.9,3.9,266.0,2.6,102.0,7.0
2025-05-20 11:00:00,2025,5,20,11,Cao Bằng,Xã Tam Kim,22.606427,106.0179879,50,Good,0,28.2,85,0.4,4.0,117,970.8,100,6.3,6.3,253.0,1.9,114.0,6.5
2025-05-20 12:00:00,2025,5,20,12,Cao Bằng,Xã Tam Kim,22.606427,106.0179879,49,Good,0,29.8,73,0.2,4.5,124,969.9,75,7.9,7.9,237.0,1.6,125.0,5.6
2025-05-20 13:00:00,2025,5,20,13,Cao Bằng,Xã Tam Kim,22.606427,106.0179879,49,Good,0,32.3,62,0.2,6.4,142,968.6,23,11.1,11.2,227.0,1.4,132.0,4.6
2025-05-20 14:00:00,2025,5,20,14,Cao Bằng,Xã Tam Kim,22.606427,106.0179879,50,Good,0,32.3,59,0.1,12.8,166,967.7,94,12.5,12.6,228.0,1.3,135.0,3.7
2025-05-20 15:00:00,2025,5,20,15,Cao Bằng,Xã Tam Kim,22.606427,106.0179879,50,Good,0,29.5,75,0.9,8.2,147,966.7,23,14.6,14.9,236.0,1.3,135.0,2.8
2025-05-20 16:00:00,2025,5,20,16,Cao Bằng,Xã Tam Kim,22.606427,106.0179879,58,Moderate,1,30.5,69,0.0,13.9,159,966.5,33,16.5,16.9,247.0,1.9,133.0,2.3
2025-05-20 17:00:00,2025,5,20,17,Cao Bằng,Xã Tam Kim,22.606427,106.0179879,71,Moderate,1,30.4,68,0.0,8.3,162,966.2,32,19.4,19.8,263.0,3.7,127.0,2.6
2025-05-20 18:00:00,2025,5,20,18,Cao Bằng,Xã Tam Kim,22.606427,106.0179879,80,Moderate,1,28.6,76,0.1,11.6,150,967.2,58,22.1,22.4,281.0,6.0,118.0,3.3
2025-05-20 19:00:00,2025,5,20,19,Cao Bằng,Xã Tam Kim,22.606427,106.0179879,83,Moderate,1,27.0,83,0.1,6.0,153,968.5,35,29.4,29.7,293.0,5.9,137.0,7.4
2025-05-20 20:00:00,2025,5,20,20,Cao Bằng,Xã Tam Kim,22.606427,106.0179879,88,Moderate,1,26.1,90,0.0,7.2,158,969.4,68,32.7,32.9,293.0,6.0,141.0,8.2
2025-05-20 21:00:00,2025,5,20,21,Cao Bằng,Xã Tam Kim,22.606427,106.0179879,92,Moderate,1,25.9,90,0.0,7.5,163,970.7,52,37.0,37.1,287.0,6.1,147.0,9.2
2025-05-20 22:00:00,2025,5,20,22,Cao Bằng,Xã Tam Kim,22.606427,106.0179879,95,Moderate,1,25.6,93,0.0,4.4,109,971.4,58,39.0,39.2,281.0,6.1,149.0,9.6
2025-05-20 23:00:00,2025,5,20,23,Cao Bằng,Xã Tam Kim,22.606427,106.0179879,98,Moderate,1,25.2,96,0.0,5.0,103,971.5,83,27.5,27.6,277.0,5.7,146.0,8.9
2025-05-21 00:00:00,2025,5,21,0,Cao Bằng,Xã Tam Kim,22.606427,106.0179879,100,Moderate,1,25.0,96,0.1,4.8,117,971.3,78,19.2,19.3,274.0,5.1,140.0,7.6
2025-05-21 01:00:00,2025,5,21,1,Cao Bằng,Xã Tam Kim,22.606427,106.0179879,102,Unhealthy for Sensitive Groups,2,24.8,97,0.0,4.2,85,970.4,34,15.7,15.8,270.0,4.7,132.0,6.4
2025-05-21 02:00:00,2025,5,21,2,Cao Bằng,Xã Tam Kim,22.606427,106.0179879,103,Unhealthy for Sensitive Groups,2,24.3,98,0.0,5.0,77,970.3,100,16.7,16.8,264.0,4.7,119.0,5.5
2025-05-21 03:00:00,2025,5,21,3,Cao Bằng,Xã Tam Kim,22.606427,106.0179879,103,Unhealthy for Sensitive Groups,2,24.6,97,0.0,3.4,90,969.8,100,19.7,19.7,259.0,5.0,104.0,4.6
2025-05-21 04:00:00,2025,5,21,4,Cao Bằng,Xã Tam Kim,22.606427,106.0179879,96,Moderate,1,24.7,97,0.0,6.0,81,969.7,99,21.4,21.5,260.0,5.1,93.0,3.9
2025-05-21 05:00:00,2025,5,21,5,Cao Bằng,Xã Tam Kim,22.606427,106.0179879,86,Moderate,1,24.6,97,0.0,5.8,76,970.2,100,25.2,25.3,277.0,4.9,88.0,3.4
2025-05-21 06:00:00,2025,5,21,6,Cao Bằng,Xã Tam Kim,22.606427,106.0179879,73,Moderate,1,25.0,96,0.0,5.5,77,970.7,100,28.6,28.8,302.0,4.6,88.0,3.1
2025-05-21 07:00:00,2025,5,21,7,Cao Bằng,Xã Tam Kim,22.606427,106.0179879,63,Moderate,1,25.8,92,0.0,5.8,116,971.4,39,18.2,18.4,314.0,4.4,86.0,1.6
2025-05-21 08:00:00,2025,5,21,8,Cao Bằng,Xã Tam Kim,22.606427,106.0179879,64,Moderate,1,28.1,81,0.2,6.1,146,971.8,78,21.0,21.3,301.0,3.6,95.0,2.2
2025-05-21 09:00:00,2025,5,21,9,Cao Bằng,Xã Tam Kim,22.606427,106.0179879,66,Moderate,1,30.0,71,0.2,5.7,143,972.3,86,22.8,23.1,276.0,2.6,107.0,2.9
2025-05-21 10:00:00,2025,5,21,10,Cao Bằng,Xã Tam Kim,22.606427,106.0179879,68,Moderate,1,31.7,62,0.0,7.5,140,972.1,23,20.3,20.7,255.0,1.8,118.0,3.4
2025-05-21 11:00:00,2025,5,21,11,Cao Bằng,Xã Tam Kim,22.606427,106.0179879,69,Moderate,1,32.9,59,0.0,8.0,149,971.3,35,18.4,19.0,242.0,1.5,125.0,3.3
2025-05-21 12:00:00,2025,5,21,12,Cao Bằng,Xã Tam Kim,22.606427,106.0179879,70,Moderate,1,34.1,52,0.0,8.9,153,970.1,100,17.3,18.2,232.0,1.5,131.0,2.9
2025-05-21 13:00:00,2025,5,21,13,Cao Bằng,Xã Tam Kim,22.606427,106.0179879,71,Moderate,1,34.0,54,0.0,10.6,170,969.1,100,17.9,19.2,229.0,1.6,136.0,2.5
2025-05-21 14:00:00,2025,5,21,14,Cao Bằng,Xã Tam Kim,22.606427,106.0179879,72,Moderate,1,32.4,58,0.1,7.4,198,968.2,100,18.8,20.4,236.0,1.6,140.0,2.2
2025-05-21 15:00:00,2025,5,21,15,Cao Bằng,Xã Tam Kim,22.606427,106.0179879,72,Moderate,1,29.1,78,1.3,5.6,180,967.6,97,20.0,21.7,250.0,1.7,143.0,1.9
2025-05-21 16:00:00,2025,5,21,16,Cao Bằng,Xã Tam Kim,22.606427,106.0179879,78,Moderate,1,31.1,67,0.0,7.6,166,967.1,87,21.4,22.8,263.0,2.1,145.0,2.1
2025-05-21 17:00:00,2025,5,21,17,Cao Bằng,Xã Tam Kim,22.606427,106.0179879,89,Moderate,1,30.6,67,0.0,9.7,158,967.0,69,23.1,24.3,272.0,3.2,146.0,3.2
2025-05-21 18:00:00,2025,5,21,18,Cao Bằng,Xã Tam Kim,22.606427,106.0179879,97,Moderate,1,29.4,74,0.0,7.8,146,967.5,96,24.4,25.3,279.0,4.7,146.0,4.7
2025-05-21 19:00:00,2025,5,21,19,Cao Bằng,Xã Tam Kim,22.606427,106.0179879,103,Unhealthy for Sensitive Groups,2,28.1,79,0.0,7.5,153,968.3,99,33.9,35.6,284.0,5.3,155.0,7.0
2025-05-21 20:00:00,2025,5,21,20,Cao Bằng,Xã Tam Kim,22.606427,106.0179879,109,Unhealthy for Sensitive Groups,2,26.9,84,0.0,8.4,157,969.6,98,34.3,35.5,285.0,5.3,154.0,7.3
2025-05-21 21:00:00,2025,5,21,21,Cao Bằng,Xã Tam Kim,22.606427,106.0179879,114,Unhealthy for Sensitive Groups,2,26.1,88,0.0,5.9,137,970.4,97,34.6,35.5,284.0,5.3,152.0,7.8
2025-05-21 22:00:00,2025,5,21,22,Cao Bằng,Xã Tam Kim,22.606427,106.0179879,118,Unhealthy for Sensitive Groups,2,26.0,90,0.0,6.2,139,971.2,100,34.5,35.3,281.0,5.4,146.0,7.8
2025-05-21 23:00:00,2025,5,21,23,Cao Bằng,Xã Tam Kim,22.606427,106.0179879,119,Unhealthy for Sensitive Groups,2,26.1,91,0.0,4.4,120,971.2,99,34.0,34.7,275.0,5.6,134.0,7.0
2025-05-22 00:00:00,2025,5,22,0,Cao Bằng,Xã Tam Kim,22.606427,106.0179879,117,Unhealthy for Sensitive Groups,2,25.8,93,0.0,4.6,99,970.5,98,29.9,30.5,267.0,5.8,118.0,5.9
2025-05-22 01:00:00,2025,5,22,1,Cao Bằng,Xã Tam Kim,22.606427,106.0179879,111,Unhealthy for Sensitive Groups,2,25.1,96,0.0,6.0,93,969.8,100,25.2,25.6,261.0,6.0,103.0,4.9
2025-05-22 02:00:00,2025,5,22,2,Cao Bằng,Xã Tam Kim,22.606427,106.0179879,102,Unhealthy for Sensitive Groups,2,25.2,95,0.0,6.7,99,969.4,100,24.4,24.8,260.0,6.2,91.0,4.5
2025-05-22 03:00:00,2025,5,22,3,Cao Bằng,Xã Tam Kim,22.606427,106.0179879,91,Moderate,1,25.3,93,0.1,6.0,99,969.2,100,28.8,29.2,260.0,6.4,80.0,4.3
2025-05-22 04:00:00,2025,5,22,4,Cao Bằng,Xã Tam Kim,22.606427,106.0179879,78,Moderate,1,25.2,94,0.0,6.0,97,969.3,100,20.8,21.0,260.0,6.4,73.0,4.0
2025-05-22 05:00:00,2025,5,22,5,Cao Bằng,Xã Tam Kim,22.606427,106.0179879,77,Moderate,1,25.2,94,0.0,6.5,88,969.6,100,14.7,14.8,258.0,6.2,71.0,3.5
2025-05-22 06:00:00,2025,5,22,6,Cao Bằng,Xã Tam Kim,22.606427,106.0179879,77,Moderate,1,25.3,93,0.0,6.7,96,970.2,100,13.9,14.1,255.0,5.8,73.0,2.9
2025-05-22 07:00:00,2025,5,22,7,Cao Bằng,Xã Tam Kim,22.606427,106.0179879,75,Moderate,1,25.9,90,0.0,7.2,117,970.6,100,9.7,9.8,250.0,5.3,80.0,3.5
2025-05-22 08:00:00,2025,5,22,8,Cao Bằng,Xã Tam Kim,22.606427,106.0179879,74,Moderate,1,28.1,84,0.1,5.9,137,971.4,99,10.7,10.9,240.0,4.7,86.0,2.8
2025-05-22 09:00:00,2025,5,22,9,Cao Bằng,Xã Tam Kim,22.606427,106.0179879,74,Moderate,1,29.8,73,0.2,6.6,137,971.6,98,13.4,13.7,227.0,3.9,95.0,1.9
2025-05-22 10:00:00,2025,5,22,10,Cao Bằng,Xã Tam Kim,22.606427,106.0179879,73,Moderate,1,30.8,68,0.3,7.3,160,971.2,100,15.1,15.5,217.0,3.3,101.0,1.1
2025-05-22 11:00:00,2025,5,22,11,Cao Bằng,Xã Tam Kim,22.606427,106.0179879,72,Moderate,1,29.2,79,0.5,4.7,268,970.3,100,14.9,15.3,211.0,2.9,102.0,0.7
2025-05-22 12:00:00,2025,5,22,12,Cao Bằng,Xã Tam Kim,22.606427,106.0179879,72,Moderate,1,28.1,89,4.7,2.8,27,970.0,100,15.5,15.8,207.0,2.7,101.0,0.5
2025-05-22 13:00:00,2025,5,22,13,Cao Bằng,Xã Tam Kim,22.606427,106.0179879,72,Moderate,1,27.7,86,3.6,10.9,153,969.4,100,16.5,16.9,207.0,2.6,104.0,0.5
2025-05-22 14:00:00,2025,5,22,14,Cao Bằng,Xã Tam Kim,22.606427,106.0179879,72,Moderate,1,29.7,73,0.1,8.4,143,968.2,99,18.1,18.5,210.0,2.4,114.0,0.8
2025-05-22 15:00:00,2025,5,22,15,Cao Bằng,Xã Tam Kim,22.606427,106.0179879,72,Moderate,1,30.6,69,0.1,11.5,170,967.1,100,19.7,20.1,216.0,2.3,128.0,1.4
2025-05-22 16:00:00,2025,5,22,16,Cao Bằng,Xã Tam Kim,22.606427,106.0179879,72,Moderate,1,30.8,65,0.1,11.7,181,966.3,97,22.1,22.5,224.0,2.6,138.0,2.2
2025-05-22 17:00:00,2025,5,22,17,Cao Bằng,Xã Tam Kim,22.606427,106.0179879,72,Moderate,1,30.1,69,0.1,9.4,185,966.4,94,24.2,24.7,239.0,3.8,141.0,3.2
2025-05-22 18:00:00,2025,5,22,18,Cao Bằng,Xã Tam Kim,22.606427,106.0179879,72,Moderate,1,28.9,75,0.0,6.8,168,967.0,94,25.1,25.5,256.0,5.4,140.0,4.4
2025-05-22 19:00:00,2025,5,22,19,Cao Bằng,Xã Tam Kim,22.606427,106.0179879,72,Moderate,1,26.7,84,0.0,6.7,156,967.6,98,32.4,32.8,265.0,8.0,120.0,4.2
2025-05-22 20:00:00,2025,5,22,20,Cao Bằng,Xã Tam Kim,22.606427,106.0179879,76,Moderate,1,26.8,87,0.0,2.5,98,968.7,100,33.3,33.9,259.0,9.1,111.0,4.6
2025-05-22 21:00:00,2025,5,22,21,Cao Bằng,Xã Tam Kim,22.606427,106.0179879,78,Moderate,1,25.4,94,0.9,2.1,70,970.0,100,34.9,35.6,245.0,10.4,99.0,5.1
2025-05-22 22:00:00,2025,5,22,22,Cao Bằng,Xã Tam Kim,22.606427,106.0179879,77,Moderate,1,24.7,99,2.3,2.1,31,970.6,100,35.6,36.2,232.0,10.8,93.0,5.4
2025-05-22 23:00:00,2025,5,22,23,Cao Bằng,Xã Tam Kim,22.606427,106.0179879,73,Moderate,1,24.2,99,2.7,6.7,352,970.9,100,35.0,35.9,221.0,9.2,101.0,5.3
2025-05-23 00:00:00,2025,5,23,0,Cao Bằng,Xã Tam Kim,22.606427,106.0179879,72,Moderate,1,24.0,99,0.4,3.1,329,970.4,100,34.9,35.7,211.0,6.6,115.0,5.0
2025-05-23 01:00:00,2025,5,23,1,Cao Bằng,Xã Tam Kim,22.606427,106.0179879,72,Moderate,1,23.8,99,0.0,3.5,35,970.1,100,26.8,27.4,204.0,4.6,124.0,4.7
2025-05-23 02:00:00,2025,5,23,2,Cao Bằng,Xã Tam Kim,22.606427,106.0179879,72,Moderate,1,23.8,98,0.1,1.8,6,969.5,100,14.2,14.6,200.0,4.0,121.0,4.5
2025-05-23 03:00:00,2025,5,23,3,Cao Bằng,Xã Tam Kim,22.606427,106.0179879,71,Moderate,1,23.9,99,0.3,3.2,3,969.3,100,10.9,11.2,198.0,4.1,112.0,4.3
2025-05-23 04:00:00,2025,5,23,4,Cao Bằng,Xã Tam Kim,22.606427,106.0179879,70,Moderate,1,23.8,99,1.1,3.5,21,969.2,100,6.8,7.0,201.0,4.4,102.0,4.2
2025-05-23 05:00:00,2025,5,23,5,Cao Bằng,Xã Tam Kim,22.606427,106.0179879,69,Moderate,1,23.8,99,0.3,2.5,360,969.5,100,4.7,4.8,212.0,5.1,92.0,4.3
2025-05-23 06:00:00,2025,5,23,6,Cao Bằng,Xã Tam Kim,22.606427,106.0179879,68,Moderate,1,23.9,99,0.1,3.4,16,970.1,100,4.4,4.5,228.0,6.0,81.0,4.6
2025-05-23 07:00:00,2025,5,23,7,Cao Bằng,Xã Tam Kim,22.606427,106.0179879,67,Moderate,1,24.1,99,0.1,3.1,10,970.8,100,15.1,15.6,240.0,8.8,96.0,4.1
2025-05-23 08:00:00,2025,5,23,8,Cao Bằng,Xã Tam Kim,22.606427,106.0179879,67,Moderate,1,24.0,98,2.1,7.6,345,972.3,100,19.2,19.7,245.0,7.9,96.0,3.9
2025-05-23 09:00:00,2025,5,23,9,Cao Bằng,Xã Tam Kim,22.606427,106.0179879,68,Moderate,1,24.1,98,1.3,5.7,307,972.7,100,17.3,17.8,247.0,6.6,96.0,3.7
2025-05-23 10:00:00,2025,5,23,10,Cao Bằng,Xã Tam Kim,22.606427,106.0179879,69,Moderate,1,25.1,97,0.7,3.0,284,972.5,100,17.1,18.0,250.0,5.3,98.0,3.5
2025-05-23 11:00:00,2025,5,23,11,Cao Bằng,Xã Tam Kim,22.606427,106.0179879,69,Moderate,1,25.8,92,0.8,0.9,217,972.2,100,17.9,19.5,255.0,4.1,104.0,3.4
2025-05-23 12:00:00,2025,5,23,12,Cao Bằng,Xã Tam Kim,22.606427,106.0179879,69,Moderate,1,25.7,91,0.2,3.1,180,971.7,100,19.0,21.6,260.0,3.0,111.0,3.4
2025-05-23 13:00:00,2025,5,23,13,Cao Bằng,Xã Tam Kim,22.606427,106.0179879,69,Moderate,1,27.5,78,0.2,3.3,189,970.6,100,20.0,23.7,265.0,2.2,117.0,3.4
2025-05-23 14:00:00,2025,5,23,14,Cao Bằng,Xã Tam Kim,22.606427,106.0179879,70,Moderate,1,27.2,79,0.0,5.2,164,969.9,100,21.4,26.0,265.0,1.6,121.0,3.3
2025-05-23 15:00:00,2025,5,23,15,Cao Bằng,Xã Tam Kim,22.606427,106.0179879,70,Moderate,1,27.1,79,0.0,5.5,163,969.4,100,22.4,27.0,265.0,1.3,124.0,3.2
2025-05-23 16:00:00,2025,5,23,16,Cao Bằng,Xã Tam Kim,22.606427,106.0179879,70,Moderate,1,26.1,85,0.2,3.1,211,969.2,100,22.8,27.2,274.0,1.7,123.0,3.1
2025-05-23 17:00:00,2025,5,23,17,Cao Bằng,Xã Tam Kim,22.606427,106.0179879,70,Moderate,1,26.0,87,0.1,2.9,248,969.5,100,23.7,27.6,306.0,3.3,115.0,3.0
2025-05-23 18:00:00,2025,5,23,18,Cao Bằng,Xã Tam Kim,22.606427,106.0179879,70,Moderate,1,25.6,90,0.0,3.2,273,970.3,100,23.2,26.5,346.0,5.5,104.0,3.0
2025-05-23 19:00:00,2025,5,23,19,Cao Bằng,Xã Tam Kim,22.606427,106.0179879,70,Moderate,1,24.0,93,4.7,3.6,315,971.8,97,25.6,29.6,366.0,16.5,65.0,5.3
2025-05-23 20:00:00,2025,5,23,20,Cao Bằng,Xã Tam Kim,22.606427,106.0179879,69,Moderate,1,24.2,93,0.0,6.2,280,972.5,100,14.5,16.4,343.0,14.7,65.0,5.0
2025-05-23 21:00:00,2025,5,23,21,Cao Bằng,Xã Tam Kim,22.606427,106.0179879,68,Moderate,1,22.4,97,8.2,9.7,267,973.7,100,15.9,17.8,299.0,12.2,65.0,4.5
2025-05-23 22:00:00,2025,5,23,22,Cao Bằng,Xã Tam Kim,22.606427,106.0179879,66,Moderate,1,22.6,97,3.5,3.0,256,974.4,100,14.3,15.6,268.0,9.8,67.0,4.0
2025-05-23 23:00:00,2025,5,23,23,Cao Bằng,Xã Tam Kim,22.606427,106.0179879,64,Moderate,1,22.5,98,2.6,5.1,276,974.8,100,10.9,11.7,266.0,7.5,73.0,3.5
2025-05-24 00:00:00,2025,5,24,0,Cao Bằng,Xã Tam Kim,22.606427,106.0179879,62,Moderate,1,22.4,97,1.1,7.5,291,974.7,100,7.6,7.9,276.0,5.3,81.0,3.0
2025-05-24 01:00:00,2025,5,24,1,Cao Bằng,Xã Tam Kim,22.606427,106.0179879,60,Moderate,1,22.2,96,1.0,8.2,302,974.3,100,5.6,5.7,283.0,3.7,87.0,2.7
2025-05-24 02:00:00,2025,5,24,2,Cao Bằng,Xã Tam Kim,22.606427,106.0179879,58,Moderate,1,22.2,95,0.6,4.3,287,974.4,100,5.8,6.1,279.0,2.9,88.0,2.7
2025-05-24 03:00:00,2025,5,24,3,Cao Bằng,Xã Tam Kim,22.606427,106.0179879,57,Moderate,1,22.3,94,0.3,4.5,317,974.4,100,8.0,9.1,273.0,2.6,87.0,3.0
2025-05-24 04:00:00,2025,5,24,4,Cao Bằng,Xã Tam Kim,22.606427,106.0179879,57,Moderate,1,21.8,94,0.0,9.5,316,974.7,100,10.9,13.6,270.0,2.6,86.0,3.2
2025-05-24 05:00:00,2025,5,24,5,Cao Bằng,Xã Tam Kim,22.606427,106.0179879,57,Moderate,1,21.2,94,0.1,10.6,317,975.3,100,13.9,18.7,277.0,2.8,83.0,3.4
2025-05-24 06:00:00,2025,5,24,6,Cao Bằng,Xã Tam Kim,22.606427,106.0179879,58,Moderate,1,21.2,90,0.0,8.5,322,976.3,100,16.5,23.8,288.0,3.3,80.0,3.7
2025-05-24 07:00:00,2025,5,24,7,Cao Bằng,Xã Tam Kim,22.606427,106.0179879,59,Moderate,1,21.9,84,0.0,6.1,328,977.2,100,20.3,28.5,292.0,3.4,82.0,3.9
2025-05-24 08:00:00,2025,5,24,8,Cao Bằng,Xã Tam Kim,22.606427,106.0179879,59,Moderate,1,22.9,78,0.0,9.7,332,977.6,100,21.5,31.8,281.0,3.1,86.0,3.8
2025-05-24 09:00:00,2025,5,24,9,Cao Bằng,Xã Tam Kim,22.606427,106.0179879,60,Moderate,1,23.2,71,0.0,6.1,315,978.4,100,22.0,33.8,263.0,2.8,92.0,3.7
2025-05-24 10:00:00,2025,5,24,10,Cao Bằng,Xã Tam Kim,22.606427,106.0179879,60,Moderate,1,22.6,74,0.0,4.5,272,978.3,100,23.6,40.0,249.0,2.4,98.0,3.5
2025-05-24 11:00:00,2025,5,24,11,Cao Bằng,Xã Tam Kim,22.606427,106.0179879,61,Moderate,1,23.6,65,0.0,5.0,232,977.6,100,21.9,39.2,243.0,2.0,103.0,3.3
2025-05-24 12:00:00,2025,5,24,12,Cao Bằng,Xã Tam Kim,22.606427,106.0179879,61,Moderate,1,23.7,65,0.0,6.1,223,977.3,100,21.7,37.0,241.0,1.7,107.0,3.0
2025-05-24 13:00:00,2025,5,24,13,Cao Bằng,Xã Tam Kim,22.606427,106.0179879,61,Moderate,1,23.6,71,0.7,7.1,216,976.9,100,22.2,37.6,243.0,1.5,110.0,2.8
2025-05-24 14:00:00,2025,5,24,14,Cao Bằng,Xã Tam Kim,22.606427,106.0179879,61,Moderate,1,22.9,90,1.3,7.2,219,976.2,100,21.9,37.3,250.0,1.4,111.0,2.8
2025-05-24 15:00:00,2025,5,24,15,Cao Bằng,Xã Tam Kim,22.606427,106.0179879,61,Moderate,1,21.8,96,1.3,6.4,223,975.9,100,21.6,35.9,261.0,1.5,109.0,2.8
2025-05-24 16:00:00,2025,5,24,16,Cao Bằng,Xã Tam Kim,22.606427,106.0179879,61,Moderate,1,22.3,86,0.2,6.1,256,975.6,100,21.8,36.0,270.0,1.9,107.0,2.9
2025-05-24 17:00:00,2025,5,24,17,Cao Bằng,Xã Tam Kim,22.606427,106.0179879,61,Moderate,1,21.8,87,0.0,5.6,264,975.5,100,21.6,34.5,276.0,2.7,103.0,3.0
2025-05-24 18:00:00,2025,5,24,18,Cao Bằng,Xã Tam Kim,22.606427,106.0179879,61,Moderate,1,21.7,80,0.0,5.0,272,975.9,97,21.1,32.4,281.0,3.8,98.0,3.0
2025-05-24 19:00:00,2025,5,24,19,Cao Bằng,Xã Tam Kim,22.606427,106.0179879,61,Moderate,1,20.8,82,0.0,5.3,278,976.6,93,17.8,26.4,281.0,4.4,98.0,3.3
2025-05-24 20:00:00,2025,5,24,20,Cao Bằng,Xã Tam Kim,22.606427,106.0179879,60,Moderate,1,20.7,85,0.0,8.0,306,978.1,100,17.6,25.7,273.0,4.2,96.0,3.3
2025-05-24 21:00:00,2025,5,24,21,Cao Bằng,Xã Tam Kim,22.606427,106.0179879,60,Moderate,1,21.1,82,0.0,7.9,305,979.0,100,17.8,25.7,260.0,4.0,94.0,3.4
2025-05-24 22:00:00,2025,5,24,22,Cao Bằng,Xã Tam Kim,22.606427,106.0179879,61,Moderate,1,21.2,78,0.0,5.0,291,979.8,100,20.4,28.8,250.0,4.0,90.0,3.4
2025-05-24 23:00:00,2025,5,24,23,Cao Bằng,Xã Tam Kim,22.606427,106.0179879,61,Moderate,1,21.0,79,0.1,3.8,281,980.0,100,23.7,33.4,245.0,4.4,83.0,3.3
2025-05-25 00:00:00,2025,5,25,0,Cao Bằng,Xã Tam Kim,22.606427,106.0179879,62,Moderate,1,21.0,76,0.2,3.2,267,979.7,100,24.7,34.3,242.0,5.1,75.0,3.1
2025-05-25 01:00:00,2025,5,25,1,Cao Bằng,Xã Tam Kim,22.606427,106.0179879,64,Moderate,1,20.8,79,0.0,3.3,279,978.7,100,24.4,34.1,240.0,5.5,70.0,3.0
2025-05-25 02:00:00,2025,5,25,2,Cao Bằng,Xã Tam Kim,22.606427,106.0179879,65,Moderate,1,21.0,77,0.0,3.1,267,978.2,100,23.9,34.0,236.0,5.4,69.0,2.9
2025-05-25 03:00:00,2025,5,25,3,Cao Bằng,Xã Tam Kim,22.606427,106.0179879,67,Moderate,1,20.4,76,0.0,4.7,298,977.7,100,23.8,35.3,233.0,5.0,70.0,2.9
2025-05-25 04:00:00,2025,5,25,4,Cao Bằng,Xã Tam Kim,22.606427,106.0179879,68,Moderate,1,20.7,70,0.0,4.6,301,978.0,100,23.7,36.2,236.0,4.7,72.0,2.9
2025-05-25 05:00:00,2025,5,25,5,Cao Bằng,Xã Tam Kim,22.606427,106.0179879,70,Moderate,1,20.5,72,0.0,4.0,300,978.3,100,23.9,36.9,250.0,4.6,74.0,3.1
2025-05-25 06:00:00,2025,5,25,6,Cao Bằng,Xã Tam Kim,22.606427,106.0179879,71,Moderate,1,20.5,77,0.0,2.9,281,978.9,100,24.2,38.1,269.0,4.6,76.0,3.4
2025-05-25 07:00:00,2025,5,25,7,Cao Bằng,Xã Tam Kim,22.606427,106.0179879,71,Moderate,1,20.7,78,0.0,1.7,238,979.6,100,22.4,33.4,283.0,4.6,74.0,2.7
2025-05-25 08:00:00,2025,5,25,8,Cao Bằng,Xã Tam Kim,22.606427,106.0179879,71,Moderate,1,19.3,94,0.4,6.1,300,980.8,100,23.4,36.6,287.0,4.0,82.0,2.8
2025-05-25 09:00:00,2025,5,25,9,Cao Bằng,Xã Tam Kim,22.606427,106.0179879,72,Moderate,1,19.6,95,0.5,6.5,293,981.3,100,23.6,37.1,285.0,3.1,92.0,2.9
2025-05-25 10:00:00,2025,5,25,10,Cao Bằng,Xã Tam Kim,22.606427,106.0179879,72,Moderate,1,20.2,92,0.2,6.7,316,981.7,100,22.5,34.9,283.0,2.4,101.0,2.9
2025-05-25 11:00:00,2025,5,25,11,Cao Bằng,Xã Tam Kim,22.606427,106.0179879,72,Moderate,1,20.8,82,0.0,3.0,308,981.6,100,20.5,31.2,281.0,1.9,106.0,2.6
2025-05-25 12:00:00,2025,5,25,12,Cao Bằng,Xã Tam Kim,22.606427,106.0179879,71,Moderate,1,21.2,75,0.0,2.4,261,981.0,95,19.0,27.5,278.0,1.6,108.0,2.1
2025-05-25 13:00:00,2025,5,25,13,Cao Bằng,Xã Tam Kim,22.606427,106.0179879,71,Moderate,1,23.2,66,0.0,4.7,16,980.3,95,17.5,24.6,274.0,1.4,109.0,1.7
2025-05-25 14:00:00,2025,5,25,14,Cao Bằng,Xã Tam Kim,22.606427,106.0179879,71,Moderate,1,24.1,63,0.0,6.3,20,979.1,97,16.5,22.6,266.0,1.4,109.0,1.5
2025-05-25 15:00:00,2025,5,25,15,Cao Bằng,Xã Tam Kim,22.606427,106.0179879,70,Moderate,1,25.2,57,0.0,5.0,35,978.2,100,17.2,23.2,258.0,1.5,107.0,1.5
2025-05-25 16:00:00,2025,5,25,16,Cao Bằng,Xã Tam Kim,22.606427,106.0179879,70,Moderate,1,25.4,59,0.0,9.5,51,977.5,100,17.0,22.5,257.0,1.9,104.0,1.6
2025-05-25 17:00:00,2025,5,25,17,Cao Bằng,Xã Tam Kim,22.606427,106.0179879,70,Moderate,1,24.4,60,0.0,8.7,66,977.8,100,16.5,21.8,270.0,2.8,100.0,1.9
2025-05-25 18:00:00,2025,5,25,18,Cao Bằng,Xã Tam Kim,22.606427,106.0179879,69,Moderate,1,23.1,67,0.0,5.0,116,978.2,100,16.6,21.2,290.0,4.0,95.0,2.4
2025-05-25 19:00:00,2025,5,25,19,Cao Bằng,Xã Tam Kim,22.606427,106.0179879,69,Moderate,1,21.3,72,0.0,6.8,155,978.9,91,18.5,23.3,306.0,4.3,94.0,2.3
2025-05-25 20:00:00,2025,5,25,20,Cao Bằng,Xã Tam Kim,22.606427,106.0179879,69,Moderate,1,20.6,75,0.0,5.2,115,980.3,94,18.2,22.5,313.0,4.9,88.0,2.4
2025-05-25 21:00:00,2025,5,25,21,Cao Bằng,Xã Tam Kim,22.606427,106.0179879,69,Moderate,1,19.5,79,0.0,6.1,150,980.4,100,17.9,22.0,317.0,5.7,80.0,2.6
2025-05-25 22:00:00,2025,5,25,22,Cao Bằng,Xã Tam Kim,22.606427,106.0179879,69,Moderate,1,19.0,81,0.0,4.2,162,980.7,100,17.8,21.7,323.0,6.5,73.0,2.7
2025-05-25 23:00:00,2025,5,25,23,Cao Bằng,Xã Tam Kim,22.606427,106.0179879,69,Moderate,1,18.5,83,0.0,4.3,158,980.5,100,17.6,21.4,337.0,7.3,68.0,2.8
2025-05-26 00:00:00,2025,5,26,0,Cao Bằng,Xã Tam Kim,22.606427,106.0179879,68,Moderate,1,18.0,85,0.0,2.9,169,980.1,100,17.2,21.3,352.0,8.0,64.0,2.8
2025-05-26 01:00:00,2025,5,26,1,Cao Bằng,Xã Tam Kim,22.606427,106.0179879,67,Moderate,1,17.7,85,0.0,2.9,187,979.9,99,17.8,21.8,357.0,8.8,59.0,2.8
2025-05-26 02:00:00,2025,5,26,2,Cao Bằng,Xã Tam Kim,22.606427,106.0179879,67,Moderate,1,17.6,86,0.0,1.9,163,979.7,100,18.0,21.8,343.0,9.8,49.0,2.5
2025-05-26 03:00:00,2025,5,26,3,Cao Bằng,Xã Tam Kim,22.606427,106.0179879,66,Moderate,1,17.3,87,0.0,1.8,315,979.2,100,17.9,21.4,318.0,10.9,38.0,2.2
2025-05-26 04:00:00,2025,5,26,4,Cao Bằng,Xã Tam Kim,22.606427,106.0179879,66,Moderate,1,16.8,89,0.0,2.5,315,978.8,100,17.6,20.9,296.0,11.1,33.0,2.0
2025-05-26 05:00:00,2025,5,26,5,Cao Bằng,Xã Tam Kim,22.606427,106.0179879,65,Moderate,1,17.1,88,0.0,1.9,311,979.0,100,16.4,19.4,283.0,10.0,37.0,2.1
2025-05-26 06:00:00,2025,5,26,6,Cao Bằng,Xã Tam Kim,22.606427,106.0179879,65,Moderate,1,17.7,85,0.0,2.7,266,979.6,100,16.1,18.7,273.0,8.1,48.0,2.4
2025-05-26 07:00:00,2025,5,26,7,Cao Bằng,Xã Tam Kim,22.606427,106.0179879,64,Moderate,1,18.3,85,0.4,3.0,232,980.0,100,9.6,11.0,266.0,4.4,69.0,3.0
2025-05-26 08:00:00,2025,5,26,8,Cao Bằng,Xã Tam Kim,22.606427,106.0179879,63,Moderate,1,19.9,74,0.0,1.8,270,981.0,100,8.3,9.7,261.0,3.6,80.0,2.9
2025-05-26 09:00:00,2025,5,26,9,Cao Bằng,Xã Tam Kim,22.606427,106.0179879,61,Moderate,1,20.6,72,0.0,1.5,256,981.3,100,7.6,8.6,257.0,2.5,95.0,2.8
2025-05-26 10:00:00,2025,5,26,10,Cao Bằng,Xã Tam Kim,22.606427,106.0179879,60,Moderate,1,22.3,65,0.0,2.3,18,981.4,100,6.5,7.3,255.0,1.7,106.0,2.7
2025-05-26 11:00:00,2025,5,26,11,Cao Bằng,Xã Tam Kim,22.606427,106.0179879,58,Moderate,1,23.6,61,0.0,2.7,293,980.7,100,6.0,6.6,253.0,1.5,107.0,2.5
2025-05-26 12:00:00,2025,5,26,12,Cao Bằng,Xã Tam Kim,22.606427,106.0179879,57,Moderate,1,23.2,64,0.0,7.3,279,980.2,100,6.6,7.3,251.0,1.6,103.0,2.3
2025-05-26 13:00:00,2025,5,26,13,Cao Bằng,Xã Tam Kim,22.606427,106.0179879,56,Moderate,1,23.6,62,0.0,6.1,293,979.0,100,6.8,7.4,253.0,1.7,100.0,2.1
2025-05-26 14:00:00,2025,5,26,14,Cao Bằng,Xã Tam Kim,22.606427,106.0179879,55,Moderate,1,25.0,58,0.0,0.5,315,978.0,100,7.3,7.9,256.0,1.4,100.0,1.9
2025-05-26 15:00:00,2025,5,26,15,Cao Bằng,Xã Tam Kim,22.606427,106.0179879,54,Moderate,1,25.3,58,0.0,2.8,108,977.1,100,7.7,8.3,262.0,1.2,102.0,1.8
2025-05-26 16:00:00,2025,5,26,16,Cao Bằng,Xã Tam Kim,22.606427,106.0179879,54,Moderate,1,24.8,62,0.0,4.8,115,976.4,100,8.5,9.1,277.0,2.1,99.0,1.9
2025-05-26 17:00:00,2025,5,26,17,Cao Bằng,Xã Tam Kim,22.606427,106.0179879,53,Moderate,1,24.1,69,0.0,3.1,130,976.2,100,8.7,9.3,313.0,5.0,90.0,2.3
2025-05-26 18:00:00,2025,5,26,18,Cao Bằng,Xã Tam Kim,22.606427,106.0179879,52,Moderate,1,23.4,74,0.0,3.0,115,976.3,100,9.2,9.8,357.0,9.1,78.0,2.9
2025-05-26 19:00:00,2025,5,26,19,Cao Bằng,Xã Tam Kim,22.606427,106.0179879,51,Moderate,1,22.8,74,0.0,4.1,146,976.8,99,10.7,11.2,382.0,10.9,69.0,3.1
2025-05-26 20:00:00,2025,5,26,20,Cao Bằng,Xã Tam Kim,22.606427,106.0179879,51,Moderate,1,19.3,96,0.0,4.6,249,977.8,93,13.4,13.9,364.0,13.9,59.0,3.6
2025-05-26 21:00:00,2025,5,26,21,Cao Bằng,Xã Tam Kim,22.606427,106.0179879,50,Good,0,19.0,96,0.0,3.5,242,978.2,100,14.7,15.2,327.0,18.1,46.0,4.2
2025-05-26 22:00:00,2025,5,26,22,Cao Bằng,Xã Tam Kim,22.606427,106.0179879,50,Good,0,19.6,91,0.1,3.9,236,979.0,70,16.2,16.7,311.0,20.7,36.0,4.6
2025-05-26 23:00:00,2025,5,26,23,Cao Bằng,Xã Tam Kim,22.606427,106.0179879,50,Good,0,19.0,92,0.2,2.3,225,978.9,73,16.8,17.3,340.0,20.4,33.0,4.4
2025-05-27 00:00:00,2025,5,27,0,Cao Bằng,Xã Tam Kim,22.606427,106.0179879,50,Good,0,19.1,90,0.0,0.5,225,978.1,83,16.2,16.7,390.0,18.6,33.0,4.0
2025-05-27 01:00:00,2025,5,27,1,Cao Bằng,Xã Tam Kim,22.606427,106.0179879,49,Good,0,18.8,90,0.0,0.7,256,977.1,14,16.1,16.6,432.0,16.8,34.0,3.5
2025-05-27 02:00:00,2025,5,27,2,Cao Bằng,Xã Tam Kim,22.606427,106.0179879,49,Good,0,18.3,89,0.0,1.3,278,976.6,94,16.8,17.3,452.0,15.8,33.0,3.0
2025-05-27 03:00:00,2025,5,27,3,Cao Bằng,Xã Tam Kim,22.606427,106.0179879,49,Good,0,18.3,89,0.0,1.0,202,976.3,86,18.8,19.4,463.0,14.8,32.0,2.5
2025-05-27 04:00:00,2025,5,27,4,Cao Bằng,Xã Tam Kim,22.606427,106.0179879,49,Good,0,18.8,88,0.0,0.6,162,976.5,100,18.9,19.6,476.0,13.4,35.0,2.3
2025-05-27 05:00:00,2025,5,27,5,Cao Bằng,Xã Tam Kim,22.606427,106.0179879,49,Good,0,19.0,90,0.0,0.8,135,976.5,100,17.8,18.5,502.0,11.1,43.0,2.7
2025-05-27 06:00:00,2025,5,27,6,Cao Bằng,Xã Tam Kim,22.606427,106.0179879,50,Good,0,19.2,90,0.0,0.7,194,976.8,100,15.8,16.5,529.0,8.4,54.0,3.4
2025-05-27 07:00:00,2025,5,27,7,Cao Bằng,Xã Tam Kim,22.606427,106.0179879,49,Good,0,20.4,93,0.0,0.6,18,977.3,100,15.8,16.6,534.0,6.7,66.0,4.8
2025-05-27 08:00:00,2025,5,27,8,Cao Bằng,Xã Tam Kim,22.606427,106.0179879,50,Good,0,21.4,88,0.0,1.3,16,977.7,100,14.7,15.5,499.0,5.8,73.0,4.8
2025-05-27 09:00:00,2025,5,27,9,Cao Bằng,Xã Tam Kim,22.606427,106.0179879,51,Moderate,1,22.5,80,0.0,2.1,70,978.0,100,15.0,15.9,442.0,4.6,83.0,4.8
2025-05-27 10:00:00,2025,5,27,10,Cao Bằng,Xã Tam Kim,22.606427,106.0179879,52,Moderate,1,23.6,75,0.0,1.8,66,978.2,100,15.8,16.6,394.0,3.7,92.0,5.1
2025-05-27 11:00:00,2025,5,27,11,Cao Bằng,Xã Tam Kim,22.606427,106.0179879,52,Moderate,1,23.8,75,0.0,3.3,29,977.8,100,17.5,18.4,365.0,3.3,97.0,5.8
2025-05-27 12:00:00,2025,5,27,12,Cao Bằng,Xã Tam Kim,22.606427,106.0179879,53,Moderate,1,24.8,71,0.0,2.9,101,976.9,100,18.6,19.3,344.0,3.1,100.0,6.7
2025-05-27 13:00:00,2025,5,27,13,Cao Bằng,Xã Tam Kim,22.606427,106.0179879,54,Moderate,1,26.3,65,0.0,5.7,148,975.8,100,18.0,18.6,330.0,3.1,103.0,7.4
2025-05-27 14:00:00,2025,5,27,14,Cao Bằng,Xã Tam Kim,22.606427,106.0179879,55,Moderate,1,26.6,65,0.0,7.9,147,974.7,100,17.1,17.5,322.0,3.1,107.0,7.7
2025-05-27 15:00:00,2025,5,27,15,Cao Bằng,Xã Tam Kim,22.606427,106.0179879,56,Moderate,1,26.8,65,0.0,9.1,148,973.9,100,17.0,17.3,321.0,3.2,112.0,7.8
2025-05-27 16:00:00,2025,5,27,16,Cao Bằng,Xã Tam Kim,22.606427,106.0179879,57,Moderate,1,25.6,74,0.0,7.3,140,973.3,100,17.5,17.8,324.0,3.8,112.0,7.8
2025-05-27 17:00:00,2025,5,27,17,Cao Bằng,Xã Tam Kim,22.606427,106.0179879,58,Moderate,1,25.2,75,0.0,6.1,140,973.0,100,18.4,18.6,336.0,5.4,106.0,7.6
2025-05-27 18:00:00,2025,5,27,18,Cao Bằng,Xã Tam Kim,22.606427,106.0179879,59,Moderate,1,24.8,78,0.0,5.0,154,973.1,98,19.8,20.0,353.0,7.5,95.0,7.2
2025-05-27 19:00:00,2025,5,27,19,Cao Bằng,Xã Tam Kim,22.606427,106.0179879,60,Moderate,1,23.4,84,0.0,5.1,172,973.7,100,24.4,24.6,362.0,7.7,93.0,6.4
2025-05-27 20:00:00,2025,5,27,20,Cao Bằng,Xã Tam Kim,22.606427,106.0179879,61,Moderate,1,22.5,89,0.0,5.6,299,975.2,100,24.4,24.7,356.0,8.6,86.0,6.3
2025-05-27 21:00:00,2025,5,27,21,Cao Bằng,Xã Tam Kim,22.606427,106.0179879,62,Moderate,1,22.2,91,0.0,3.6,270,975.5,100,24.6,24.8,342.0,9.7,77.0,6.1
2025-05-27 22:00:00,2025,5,27,22,Cao Bằng,Xã Tam Kim,22.606427,106.0179879,63,Moderate,1,22.4,92,0.0,1.1,252,976.0,100,25.3,25.5,329.0,10.3,70.0,6.0
2025-05-27 23:00:00,2025,5,27,23,Cao Bằng,Xã Tam Kim,22.606427,106.0179879,64,Moderate,1,22.6,90,0.0,0.2,360,975.8,100,26.2,26.4,321.0,9.9,69.0,5.8
2025-05-28 00:00:00,2025,5,28,0,Cao Bằng,Xã Tam Kim,22.606427,106.0179879,64,Moderate,1,22.4,91,0.1,1.0,31,975.2,100,26.4,26.7,314.0,8.9,71.0,5.7
2025-05-28 01:00:00,2025,5,28,1,Cao Bằng,Xã Tam Kim,22.606427,106.0179879,65,Moderate,1,22.2,92,0.1,1.5,7,974.5,100,24.5,24.8,305.0,8.0,72.0,5.9
2025-05-28 02:00:00,2025,5,28,2,Cao Bằng,Xã Tam Kim,22.606427,106.0179879,66,Moderate,1,22.0,93,0.1,1.6,27,973.9,100,21.8,22.1,289.0,7.5,71.0,6.9
2025-05-28 03:00:00,2025,5,28,3,Cao Bằng,Xã Tam Kim,22.606427,106.0179879,66,Moderate,1,22.0,93,0.1,1.9,34,973.4,100,20.8,21.1,272.0,7.0,69.0,8.3
2025-05-28 04:00:00,2025,5,28,4,Cao Bằng,Xã Tam Kim,22.606427,106.0179879,67,Moderate,1,21.9,94,0.1,2.0,63,973.0,100,19.3,19.5,267.0,6.7,68.0,9.4
2025-05-28 05:00:00,2025,5,28,5,Cao Bằng,Xã Tam Kim,22.606427,106.0179879,67,Moderate,1,21.9,95,0.1,1.8,79,973.1,100,15.3,15.5,289.0,6.7,67.0,10.3
2025-05-28 06:00:00,2025,5,28,6,Cao Bằng,Xã Tam Kim,22.606427,106.0179879,66,Moderate,1,21.9,96,0.3,1.8,45,973.3,100,11.5,11.7,323.0,6.8,66.0,10.9
2025-05-28 07:00:00,2025,5,28,7,Cao Bằng,Xã Tam Kim,22.606427,106.0179879,66,Moderate,1,22.2,98,0.3,3.3,13,973.7,100,21.1,21.5,340.0,7.9,67.0,11.7
2025-05-28 08:00:00,2025,5,28,8,Cao Bằng,Xã Tam Kim,22.606427,106.0179879,67,Moderate,1,23.2,98,0.2,3.6,49,974.2,96,16.9,17.3,321.0,7.1,71.0,11.4
2025-05-28 09:00:00,2025,5,28,9,Cao Bằng,Xã Tam Kim,22.606427,106.0179879,67,Moderate,1,23.5,97,0.1,5.1,72,974.3,100,13.8,14.1,283.0,5.9,76.0,10.8
2025-05-28 10:00:00,2025,5,28,10,Cao Bằng,Xã Tam Kim,22.606427,106.0179879,67,Moderate,1,24.5,92,0.1,5.3,66,974.0,100,11.9,12.1,253.0,4.7,83.0,9.6
2025-05-28 11:00:00,2025,5,28,11,Cao Bằng,Xã Tam Kim,22.606427,106.0179879,66,Moderate,1,26.3,88,0.5,3.1,54,973.5,100,10.4,10.6,239.0,3.5,93.0,7.2
2025-05-28 12:00:00,2025,5,28,12,Cao Bằng,Xã Tam Kim,22.606427,106.0179879,66,Moderate,1,25.9,91,6.9,2.3,39,972.6,71,10.1,10.3,232.0,2.2,105.0,4.2
2025-05-28 13:00:00,2025,5,28,13,Cao Bằng,Xã Tam Kim,22.606427,106.0179879,65,Moderate,1,26.0,89,2.9,7.0,69,971.6,72,9.6,9.8,227.0,1.6,111.0,1.9
2025-05-28 14:00:00,2025,5,28,14,Cao Bằng,Xã Tam Kim,22.606427,106.0179879,64,Moderate,1,26.0,87,0.3,6.8,48,970.7,89,8.6,8.8,221.0,1.9,108.0,1.1
2025-05-28 15:00:00,2025,5,28,15,Cao Bằng,Xã Tam Kim,22.606427,106.0179879,63,Moderate,1,25.9,88,0.3,4.6,138,970.0,90,8.4,8.6,218.0,2.7,101.0,1.0
2025-05-28 16:00:00,2025,5,28,16,Cao Bằng,Xã Tam Kim,22.606427,106.0179879,63,Moderate,1,26.6,86,0.1,2.6,34,969.5,91,9.6,9.7,225.0,4.0,92.0,1.2
2025-05-28 17:00:00,2025,5,28,17,Cao Bằng,Xã Tam Kim,22.606427,106.0179879,62,Moderate,1,26.8,86,0.1,2.2,305,970.0,99,9.9,10.0,255.0,6.0,82.0,1.6
2025-05-28 18:00:00,2025,5,28,18,Cao Bằng,Xã Tam Kim,22.606427,106.0179879,61,Moderate,1,25.4,93,2.2,1.6,174,971.0,100,10.4,10.5,295.0,8.5,72.0,2.2
2025-05-28 19:00:00,2025,5,28,19,Cao Bằng,Xã Tam Kim,22.606427,106.0179879,60,Moderate,1,24.3,96,1.4,2.9,248,971.7,100,21.8,22.1,318.0,11.6,78.0,3.8
2025-05-28 20:00:00,2025,5,28,20,Cao Bằng,Xã Tam Kim,22.606427,106.0179879,60,Moderate,1,24.4,92,1.6,3.8,253,972.4,70,21.8,22.1,308.0,11.5,72.0,3.7
2025-05-28 21:00:00,2025,5,28,21,Cao Bằng,Xã Tam Kim,22.606427,106.0179879,60,Moderate,1,24.3,89,2.1,2.1,290,973.0,94,20.0,20.3,280.0,11.3,63.0,3.6
2025-05-28 22:00:00,2025,5,28,22,Cao Bằng,Xã Tam Kim,22.606427,106.0179879,60,Moderate,1,23.9,91,2.1,1.5,135,973.7,99,18.4,18.6,255.0,11.0,56.0,3.5
2025-05-28 23:00:00,2025,5,28,23,Cao Bằng,Xã Tam Kim,22.606427,106.0179879,59,Moderate,1,23.3,97,1.6,2.8,165,973.9,100,16.8,16.9,238.0,10.4,51.0,3.3
2025-05-29 00:00:00,2025,5,29,0,Cao Bằng,Xã Tam Kim,22.606427,106.0179879,58,Moderate,1,23.2,97,5.8,2.6,168,973.6,100,14.2,14.3,222.0,9.6,46.0,3.0
2025-05-29 01:00:00,2025,5,29,1,Cao Bằng,Xã Tam Kim,22.606427,106.0179879,57,Moderate,1,23.2,96,1.6,1.5,234,973.0,100,6.9,7.0,210.0,8.9,43.0,2.7
2025-05-29 02:00:00,2025,5,29,2,Cao Bằng,Xã Tam Kim,22.606427,106.0179879,55,Moderate,1,23.2,95,2.3,1.1,189,972.6,100,6.2,6.3,200.0,8.2,41.0,2.5
2025-05-29 03:00:00,2025,5,29,3,Cao Bằng,Xã Tam Kim,22.606427,106.0179879,54,Moderate,1,23.1,95,2.3,0.2,90,972.2,100,5.9,5.9,193.0,7.5,41.0,2.3
2025-05-29 04:00:00,2025,5,29,4,Cao Bằng,Xã Tam Kim,22.606427,106.0179879,53,Moderate,1,23.0,95,4.0,1.0,292,972.4,100,5.8,5.8,196.0,6.9,41.0,2.2
2025-05-29 05:00:00,2025,5,29,5,Cao Bằng,Xã Tam Kim,22.606427,106.0179879,52,Moderate,1,22.3,97,2.1,3.5,321,972.7,100,5.3,5.3,213.0,6.7,42.0,2.3
2025-05-29 06:00:00,2025,5,29,6,Cao Bằng,Xã Tam Kim,22.606427,106.0179879,51,Moderate,1,22.0,96,1.0,3.9,292,973.3,100,5.4,5.4,240.0,6.6,44.0,2.6
2025-05-29 07:00:00,2025,5,29,7,Cao Bằng,Xã Tam Kim,22.606427,106.0179879,50,Good,0,22.2,96,0.7,3.9,283,973.9,100,5.0,5.0,264.0,8.3,36.0,2.4
2025-05-29 08:00:00,2025,5,29,8,Cao Bằng,Xã Tam Kim,22.606427,106.0179879,47,Good,0,22.6,96,1.9,3.1,291,974.8,100,6.1,6.2,283.0,7.6,43.0,2.7
2025-05-29 09:00:00,2025,5,29,9,Cao Bằng,Xã Tam Kim,22.606427,106.0179879,46,Good,0,22.6,96,1.2,3.8,319,975.3,100,5.8,5.8,299.0,6.5,52.0,3.2
2025-05-29 10:00:00,2025,5,29,10,Cao Bằng,Xã Tam Kim,22.606427,106.0179879,44,Good,0,22.7,95,0.4,6.7,316,975.5,100,4.8,4.8,309.0,5.5,61.0,3.4
2025-05-29 11:00:00,2025,5,29,11,Cao Bằng,Xã Tam Kim,22.606427,106.0179879,43,Good,0,23.3,88,0.2,6.4,313,975.1,100,3.5,3.5,308.0,4.6,67.0,3.2
2025-05-29 12:00:00,2025,5,29,12,Cao Bằng,Xã Tam Kim,22.606427,106.0179879,42,Good,0,23.7,86,0.3,5.8,309,974.6,100,2.3,2.3,301.0,3.8,73.0,2.8
2025-05-29 13:00:00,2025,5,29,13,Cao Bằng,Xã Tam Kim,22.606427,106.0179879,40,Good,0,24.1,83,0.1,5.2,329,973.7,100,2.0,2.0,293.0,3.1,77.0,2.4
2025-05-29 14:00:00,2025,5,29,14,Cao Bằng,Xã Tam Kim,22.606427,106.0179879,39,Good,0,25.1,76,0.0,5.3,325,973.0,100,2.1,2.1,283.0,2.5,81.0,2.1
2025-05-29 15:00:00,2025,5,29,15,Cao Bằng,Xã Tam Kim,22.606427,106.0179879,38,Good,0,25.2,76,0.0,5.3,327,971.9,100,2.1,2.1,272.0,2.1,85.0,2.0
2025-05-29 16:00:00,2025,5,29,16,Cao Bằng,Xã Tam Kim,22.606427,106.0179879,37,Good,0,26.0,70,0.0,4.5,7,971.5,91,2.2,2.2,275.0,2.5,85.0,1.9
2025-05-29 17:00:00,2025,5,29,17,Cao Bằng,Xã Tam Kim,22.606427,106.0179879,36,Good,0,25.8,69,0.0,4.2,25,971.2,100,2.2,2.2,305.0,4.4,79.0,2.1
2025-05-29 18:00:00,2025,5,29,18,Cao Bằng,Xã Tam Kim,22.606427,106.0179879,35,Good,0,25.0,79,0.0,2.3,29,971.8,100,2.7,2.7,348.0,7.2,70.0,2.4
2025-05-29 19:00:00,2025,5,29,19,Cao Bằng,Xã Tam Kim,22.606427,106.0179879,36,Good,0,23.9,79,0.0,3.3,77,972.5,100,8.1,8.1,379.0,11.5,56.0,2.9
2025-05-29 20:00:00,2025,5,29,20,Cao Bằng,Xã Tam Kim,22.606427,106.0179879,35,Good,0,22.6,91,0.1,1.7,167,974.0,100,9.5,9.5,385.0,11.8,51.0,3.0
2025-05-29 21:00:00,2025,5,29,21,Cao Bằng,Xã Tam Kim,22.606427,106.0179879,34,Good,0,22.1,92,0.4,3.0,163,974.5,100,9.8,9.8,379.0,12.2,44.0,3.0
2025-05-29 22:00:00,2025,5,29,22,Cao Bằng,Xã Tam Kim,22.606427,106.0179879,32,Good,0,22.1,91,0.0,2.5,180,974.8,99,9.8,9.9,371.0,12.5,38.0,3.0
2025-05-29 23:00:00,2025,5,29,23,Cao Bằng,Xã Tam Kim,22.606427,106.0179879,29,Good,0,22.1,88,0.0,0.6,236,974.8,95,9.3,9.3,364.0,12.7,33.0,2.8
2025-05-30 00:00:00,2025,5,30,0,Cao Bằng,Xã Tam Kim,22.606427,106.0179879,26,Good,0,21.8,90,0.0,0.9,259,974.3,100,8.8,8.8,354.0,12.9,29.0,2.6
2025-05-30 01:00:00,2025,5,30,1,Cao Bằng,Xã Tam Kim,22.606427,106.0179879,23,Good,0,21.8,90,0.0,1.9,236,973.7,100,7.6,7.6,343.0,13.0,26.0,2.4
2025-05-30 02:00:00,2025,5,30,2,Cao Bằng,Xã Tam Kim,22.606427,106.0179879,23,Good,0,21.7,89,0.0,2.7,242,973.1,100,7.3,7.3,327.0,13.1,23.0,2.2
2025-05-30 03:00:00,2025,5,30,3,Cao Bằng,Xã Tam Kim,22.606427,106.0179879,23,Good,0,21.9,86,0.0,0.9,191,972.8,100,7.7,7.7,309.0,13.0,20.0,2.0
2025-05-30 04:00:00,2025,5,30,4,Cao Bằng,Xã Tam Kim,22.606427,106.0179879,23,Good,0,21.6,86,0.0,2.3,157,972.6,100,8.3,8.3,303.0,12.4,22.0,2.0
2025-05-30 05:00:00,2025,5,30,5,Cao Bằng,Xã Tam Kim,22.606427,106.0179879,24,Good,0,21.3,90,0.0,2.6,146,972.7,100,8.4,8.4,323.0,10.8,30.0,2.3
2025-05-30 06:00:00,2025,5,30,6,Cao Bằng,Xã Tam Kim,22.606427,106.0179879,24,Good,0,21.4,92,0.0,2.9,202,973.0,100,8.8,8.8,354.0,8.8,43.0,2.7
2025-05-30 07:00:00,2025,5,30,7,Cao Bằng,Xã Tam Kim,22.606427,106.0179879,25,Good,0,21.7,90,0.0,1.1,180,973.2,100,5.2,5.3,366.0,6.5,58.0,2.9
2025-05-30 08:00:00,2025,5,30,8,Cao Bằng,Xã Tam Kim,22.606427,106.0179879,25,Good,0,23.8,81,0.0,2.8,63,974.1,100,4.6,4.7,338.0,5.1,72.0,2.7
2025-05-30 09:00:00,2025,5,30,9,Cao Bằng,Xã Tam Kim,22.606427,106.0179879,25,Good,0,25.0,74,0.0,4.5,83,974.2,100,4.2,4.3,291.0,3.1,90.0,2.3
2025-05-30 10:00:00,2025,5,30,10,Cao Bằng,Xã Tam Kim,22.606427,106.0179879,25,Good,0,26.3,68,0.0,3.4,65,973.7,100,4.6,4.7,254.0,1.8,103.0,2.1
2025-05-30 11:00:00,2025,5,30,11,Cao Bằng,Xã Tam Kim,22.606427,106.0179879,25,Good,0,27.7,64,0.0,6.4,63,973.0,100,6.3,6.3,239.0,1.7,104.0,2.1
2025-05-30 12:00:00,2025,5,30,12,Cao Bằng,Xã Tam Kim,22.606427,106.0179879,30,Good,0,28.4,63,0.0,6.6,77,972.1,100,8.3,8.3,234.0,2.2,99.0,2.2
2025-05-30 13:00:00,2025,5,30,13,Cao Bằng,Xã Tam Kim,22.606427,106.0179879,35,Good,0,29.7,63,0.0,6.3,129,971.0,100,9.3,9.3,231.0,2.6,95.0,2.3
2025-05-30 14:00:00,2025,5,30,14,Cao Bằng,Xã Tam Kim,22.606427,106.0179879,38,Good,0,29.9,62,0.0,7.8,143,969.8,100,9.0,9.1,226.0,2.4,97.0,2.5
2025-05-30 15:00:00,2025,5,30,15,Cao Bằng,Xã Tam Kim,22.606427,106.0179879,42,Good,0,29.7,64,0.0,7.9,160,968.8,100,9.0,9.1,223.0,2.1,100.0,2.8
2025-05-30 16:00:00,2025,5,30,16,Cao Bằng,Xã Tam Kim,22.606427,106.0179879,44,Good,0,30.0,62,0.0,10.3,158,968.0,100,8.9,8.9,227.0,2.4,101.0,3.1
2025-05-30 17:00:00,2025,5,30,17,Cao Bằng,Xã Tam Kim,22.606427,106.0179879,46,Good,0,28.9,69,0.0,9.9,143,967.8,100,9.7,9.7,242.0,3.9,96.0,3.6
2025-05-30 18:00:00,2025,5,30,18,Cao Bằng,Xã Tam Kim,22.606427,106.0179879,46,Good,0,27.7,74,0.0,9.9,153,968.5,99,10.7,10.7,264.0,5.9,88.0,4.2
2025-05-30 19:00:00,2025,5,30,19,Cao Bằng,Xã Tam Kim,22.606427,106.0179879,45,Good,0,26.1,79,0.0,9.7,165,969.4,63,8.8,8.8,283.0,6.8,83.0,3.0
2025-05-30 20:00:00,2025,5,30,20,Cao Bằng,Xã Tam Kim,22.606427,106.0179879,44,Good,0,24.4,89,0.0,7.3,149,970.7,64,10.1,10.1,294.0,6.9,82.0,3.2
2025-05-30 21:00:00,2025,5,30,21,Cao Bằng,Xã Tam Kim,22.606427,106.0179879,43,Good,0,23.7,92,0.0,4.8,149,971.6,14,11.8,11.9,302.0,7.1,80.0,3.5
2025-05-30 22:00:00,2025,5,30,22,Cao Bằng,Xã Tam Kim,22.606427,106.0179879,42,Good,0,23.2,93,0.0,3.8,135,971.9,9,14.5,14.5,307.0,7.4,77.0,3.8
2025-05-30 23:00:00,2025,5,30,23,Cao Bằng,Xã Tam Kim,22.606427,106.0179879,41,Good,0,22.8,94,0.0,2.9,133,971.6,11,16.9,16.9,310.0,7.7,74.0,3.9
2025-05-31 00:00:00,2025,5,31,0,Cao Bằng,Xã Tam Kim,22.606427,106.0179879,39,Good,0,22.7,95,0.0,4.0,126,971.9,100,19.6,19.7,311.0,8.1,69.0,4.0
2025-05-31 01:00:00,2025,5,31,1,Cao Bằng,Xã Tam Kim,22.606427,106.0179879,38,Good,0,23.3,94,0.0,5.9,128,971.3,100,19.1,19.1,312.0,8.4,65.0,4.1
2025-05-31 02:00:00,2025,5,31,2,Cao Bằng,Xã Tam Kim,22.606427,106.0179879,40,Good,0,23.6,94,0.0,6.4,119,970.3,100,13.6,13.6,313.0,8.7,60.0,4.3
2025-05-31 03:00:00,2025,5,31,3,Cao Bằng,Xã Tam Kim,22.606427,106.0179879,41,Good,0,23.8,93,0.1,6.2,111,970.1,100,8.9,8.9,315.0,8.9,54.0,4.6
2025-05-31 04:00:00,2025,5,31,4,Cao Bằng,Xã Tam Kim,22.606427,106.0179879,41,Good,0,23.5,94,0.1,6.6,103,969.8,100,5.2,5.2,317.0,9.2,50.0,4.9
2025-05-31 05:00:00,2025,5,31,5,Cao Bằng,Xã Tam Kim,22.606427,106.0179879,41,Good,0,23.5,95,0.0,7.2,109,970.1,100,3.9,3.9,325.0,9.7,47.0,5.4
2025-05-31 06:00:00,2025,5,31,6,Cao Bằng,Xã Tam Kim,22.606427,106.0179879,40,Good,0,23.6,95,0.1,6.7,109,970.0,100,3.8,3.8,334.0,10.1,46.0,5.9
2025-05-31 07:00:00,2025,5,31,7,Cao Bằng,Xã Tam Kim,22.606427,106.0179879,39,Good,0,24.0,94,0.2,6.4,115,970.2,100,6.2,6.3,331.0,9.6,52.0,5.6
2025-05-31 08:00:00,2025,5,31,8,Cao Bằng,Xã Tam Kim,22.606427,106.0179879,39,Good,0,25.5,88,0.1,8.3,146,971.1,100,8.8,8.9,306.0,9.0,56.0,4.8
2025-05-31 09:00:00,2025,5,31,9,Cao Bằng,Xã Tam Kim,22.606427,106.0179879,40,Good,0,26.6,84,0.3,10.0,166,970.8,100,11.5,11.6,269.0,8.1,63.0,3.7
2025-05-31 10:00:00,2025,5,31,10,Cao Bằng,Xã Tam Kim,22.606427,106.0179879,41,Good,0,28.0,78,0.2,9.3,155,970.4,100,15.1,15.3,240.0,7.0,73.0,2.9
2025-05-31 11:00:00,2025,5,31,11,Cao Bằng,Xã Tam Kim,22.606427,106.0179879,43,Good,0,30.4,67,0.1,11.0,184,969.3,98,17.4,17.6,227.0,5.4,90.0,2.7
2025-05-31 12:00:00,2025,5,31,12,Cao Bằng,Xã Tam Kim,22.606427,106.0179879,45,Good,0,31.8,60,0.0,11.7,200,968.1,84,19.3,19.5,223.0,3.5,112.0,2.8
2025-05-31 13:00:00,2025,5,31,13,Cao Bằng,Xã Tam Kim,22.606427,106.0179879,47,Good,0,33.1,56,0.0,12.3,202,966.9,93,19.4,19.7,223.0,2.2,129.0,3.0
2025-05-31 14:00:00,2025,5,31,14,Cao Bằng,Xã Tam Kim,22.606427,106.0179879,49,Good,0,33.8,53,0.0,12.7,201,965.6,86,20.4,20.7,229.0,1.7,140.0,3.3
2025-05-31 15:00:00,2025,5,31,15,Cao Bằng,Xã Tam Kim,22.606427,106.0179879,50,Good,0,33.0,56,0.0,13.3,196,964.6,99,21.8,22.1,239.0,1.8,147.0,3.7
2025-05-31 16:00:00,2025,5,31,16,Cao Bằng,Xã Tam Kim,22.606427,106.0179879,52,Moderate,1,32.9,57,0.0,12.3,202,964.0,100,23.6,23.9,248.0,2.3,149.0,4.2
2025-05-31 17:00:00,2025,5,31,17,Cao Bằng,Xã Tam Kim,22.606427,106.0179879,59,Moderate,1,31.7,64,0.0,10.5,192,964.1,94,26.8,27.1,255.0,3.4,146.0,4.9
2025-05-31 18:00:00,2025,5,31,18,Cao Bằng,Xã Tam Kim,22.606427,106.0179879,76,Moderate,1,30.0,71,0.0,8.5,175,964.5,100,26.1,26.4,261.0,4.9,138.0,5.7
2025-05-31 19:00:00,2025,5,31,19,Cao Bằng,Xã Tam Kim,22.606427,106.0179879,90,Moderate,1,27.7,80,0.0,5.5,153,965.2,96,29.4,29.7,265.0,6.1,125.0,5.8
2025-05-31 20:00:00,2025,5,31,20,Cao Bằng,Xã Tam Kim,22.606427,106.0179879,98,Moderate,1,26.5,86,0.0,4.8,146,966.2,92,30.6,31.1,268.0,6.4,126.0,7.1
2025-05-31 21:00:00,2025,5,31,21,Cao Bằng,Xã Tam Kim,22.606427,106.0179879,101,Unhealthy for Sensitive Groups,2,25.8,89,0.0,3.1,149,966.5,100,31.4,31.8,269.0,6.7,126.0,8.9
2025-05-31 22:00:00,2025,5,31,22,Cao Bằng,Xã Tam Kim,22.606427,106.0179879,100,Moderate,1,25.3,91,0.0,3.9,133,967.1,100,34.0,34.3,270.0,7.1,123.0,10.0
2025-05-31 23:00:00,2025,5,31,23,Cao Bằng,Xã Tam Kim,22.606427,106.0179879,96,Moderate,1,26.0,90,0.0,3.7,104,967.0,100,37.5,37.7,272.0,7.5,113.0,10.0
2025-06-01 00:00:00,2025,6,1,0,Cao Bằng,Xã Tam Kim,22.606427,106.0179879,89,Moderate,1,25.6,95,0.0,4.7,86,966.4,100,39.2,39.5,273.0,8.0,99.0,9.4
2025-06-01 01:00:00,2025,6,1,1,Cao Bằng,Xã Tam Kim,22.606427,106.0179879,78,Moderate,1,26.0,94,0.0,4.9,98,965.7,100,30.4,30.5,273.0,8.3,86.0,8.7
2025-06-01 02:00:00,2025,6,1,2,Cao Bằng,Xã Tam Kim,22.606427,106.0179879,67,Moderate,1,25.6,96,0.0,6.0,111,964.8,100,28.5,28.6,270.0,8.6,73.0,7.7
2025-06-01 03:00:00,2025,6,1,3,Cao Bằng,Xã Tam Kim,22.606427,106.0179879,69,Moderate,1,25.9,95,0.0,6.9,123,964.2,100,30.2,30.3,266.0,8.8,61.0,6.7
2025-06-01 04:00:00,2025,6,1,4,Cao Bằng,Xã Tam Kim,22.606427,106.0179879,71,Moderate,1,25.7,95,0.0,7.2,117,963.8,100,32.9,33.1,265.0,8.7,54.0,6.3
2025-06-01 05:00:00,2025,6,1,5,Cao Bằng,Xã Tam Kim,22.606427,106.0179879,73,Moderate,1,25.5,96,0.0,6.6,119,964.0,100,36.9,37.0,272.0,8.1,55.0,7.4
2025-06-01 06:00:00,2025,6,1,6,Cao Bằng,Xã Tam Kim,22.606427,106.0179879,76,Moderate,1,26.0,94,0.0,6.4,119,964.4,100,41.4,41.7,281.0,7.2,62.0,9.3
2025-06-01 07:00:00,2025,6,1,7,Cao Bằng,Xã Tam Kim,22.606427,106.0179879,79,Moderate,1,27.4,87,0.0,7.0,148,964.7,100,33.8,33.8,280.0,6.8,72.0,9.3
2025-06-01 08:00:00,2025,6,1,8,Cao Bằng,Xã Tam Kim,22.606427,106.0179879,82,Moderate,1,28.2,88,0.0,4.7,108,965.8,100,31.0,31.3,258.0,5.6,81.0,9.6
2025-06-01 09:00:00,2025,6,1,9,Cao Bằng,Xã Tam Kim,22.606427,106.0179879,84,Moderate,1,29.7,79,0.0,3.7,125,965.7,100,27.1,27.5,225.0,4.0,93.0,9.9
2025-06-01 10:00:00,2025,6,1,10,Cao Bằng,Xã Tam Kim,22.606427,106.0179879,85,Moderate,1,32.9,62,0.0,6.4,223,965.2,100,23.1,23.5,198.0,2.7,102.0,9.5
2025-06-01 11:00:00,2025,6,1,11,Cao Bằng,Xã Tam Kim,22.606427,106.0179879,86,Moderate,1,34.8,51,0.0,10.3,227,964.3,100,16.7,16.9,182.0,1.9,103.0,7.6
2025-06-01 12:00:00,2025,6,1,12,Cao Bằng,Xã Tam Kim,22.606427,106.0179879,86,Moderate,1,35.0,52,0.0,12.6,229,963.7,77,13.2,13.4,172.0,1.4,99.0,4.9
2025-06-01 13:00:00,2025,6,1,13,Cao Bằng,Xã Tam Kim,22.606427,106.0179879,85,Moderate,1,35.9,47,0.0,13.4,234,963.0,99,10.8,11.0,165.0,1.1,97.0,2.8
2025-06-01 14:00:00,2025,6,1,14,Cao Bằng,Xã Tam Kim,22.606427,106.0179879,84,Moderate,1,36.0,46,0.0,13.6,240,962.4,100,9.9,10.0,162.0,1.0,99.0,1.9
2025-06-01 15:00:00,2025,6,1,15,Cao Bằng,Xã Tam Kim,22.606427,106.0179879,84,Moderate,1,36.2,45,0.0,15.1,238,961.7,100,9.4,9.6,162.0,1.2,101.0,1.7
2025-06-01 16:00:00,2025,6,1,16,Cao Bằng,Xã Tam Kim,22.606427,106.0179879,82,Moderate,1,35.3,48,0.0,11.1,227,961.4,99,9.0,9.1,166.0,1.7,102.0,1.7
2025-06-01 17:00:00,2025,6,1,17,Cao Bằng,Xã Tam Kim,22.606427,106.0179879,81,Moderate,1,34.6,53,0.0,7.6,214,961.2,96,8.8,9.0,173.0,2.6,100.0,1.8
2025-06-01 18:00:00,2025,6,1,18,Cao Bằng,Xã Tam Kim,22.606427,106.0179879,80,Moderate,1,32.5,62,0.0,10.1,177,961.7,97,9.3,9.4,184.0,3.8,96.0,2.1
2025-06-01 19:00:00,2025,6,1,19,Cao Bằng,Xã Tam Kim,22.606427,106.0179879,78,Moderate,1,30.2,69,0.0,7.4,179,962.3,44,10.7,11.1,195.0,7.2,86.0,2.4
2025-06-01 20:00:00,2025,6,1,20,Cao Bằng,Xã Tam Kim,22.606427,106.0179879,76,Moderate,1,29.0,76,0.0,3.4,174,962.8,99,11.9,12.3,209.0,9.7,80.0,3.0
2025-06-01 21:00:00,2025,6,1,21,Cao Bằng,Xã Tam Kim,22.606427,106.0179879,75,Moderate,1,28.0,80,0.0,1.2,231,963.5,99,13.3,13.7,224.0,13.2,72.0,3.9
2025-06-01 22:00:00,2025,6,1,22,Cao Bằng,Xã Tam Kim,22.606427,106.0179879,73,Moderate,1,27.1,83,0.0,1.1,252,963.9,100,14.9,15.4,233.0,16.0,63.0,4.5
2025-06-01 23:00:00,2025,6,1,23,Cao Bằng,Xã Tam Kim,22.606427,106.0179879,71,Moderate,1,26.4,86,0.0,1.3,236,963.6,93,16.2,16.6,231.0,17.6,55.0,4.5
2025-06-02 00:00:00,2025,6,2,0,Cao Bằng,Xã Tam Kim,22.606427,106.0179879,70,Moderate,1,25.9,87,0.0,1.1,252,963.4,98,16.7,17.1,222.0,18.4,46.0,4.3
2025-06-02 01:00:00,2025,6,2,1,Cao Bằng,Xã Tam Kim,22.606427,106.0179879,68,Moderate,1,25.3,89,0.0,1.0,239,962.9,99,17.1,17.5,212.0,18.6,39.0,3.9
2025-06-02 02:00:00,2025,6,2,2,Cao Bằng,Xã Tam Kim,22.606427,106.0179879,66,Moderate,1,25.1,89,0.0,2.1,308,962.9,100,17.4,17.8,199.0,18.0,32.0,3.4
2025-06-02 03:00:00,2025,6,2,3,Cao Bằng,Xã Tam Kim,22.606427,106.0179879,65,Moderate,1,25.0,89,0.0,2.9,274,963.2,100,17.2,17.5,184.0,16.7,27.0,2.7
2025-06-02 04:00:00,2025,6,2,4,Cao Bằng,Xã Tam Kim,22.606427,106.0179879,64,Moderate,1,25.0,88,0.0,2.2,265,963.3,100,16.4,16.6,179.0,14.8,27.0,2.3
2025-06-02 05:00:00,2025,6,2,5,Cao Bằng,Xã Tam Kim,22.606427,106.0179879,63,Moderate,1,25.2,87,0.0,2.2,270,964.1,100,15.9,16.2,192.0,12.0,35.0,2.4
2025-06-02 06:00:00,2025,6,2,6,Cao Bằng,Xã Tam Kim,22.606427,106.0179879,61,Moderate,1,26.2,85,0.0,2.8,288,965.0,99,16.0,16.2,215.0,8.6,49.0,2.7
2025-06-02 07:00:00,2025,6,2,7,Cao Bằng,Xã Tam Kim,22.606427,106.0179879,59,Moderate,1,27.6,79,0.0,5.3,325,966.2,100,12.5,12.7,232.0,6.6,61.0,2.6
2025-06-02 08:00:00,2025,6,2,8,Cao Bằng,Xã Tam Kim,22.606427,106.0179879,57,Moderate,1,30.6,71,0.0,2.0,27,966.7,100,11.2,11.4,235.0,5.2,73.0,2.4
2025-06-02 09:00:00,2025,6,2,9,Cao Bằng,Xã Tam Kim,22.606427,106.0179879,55,Moderate,1,30.4,72,0.0,2.9,112,967.0,100,10.6,10.7,232.0,3.3,89.0,2.1
2025-06-02 10:00:00,2025,6,2,10,Cao Bằng,Xã Tam Kim,22.606427,106.0179879,54,Moderate,1,30.4,74,0.2,3.6,53,967.7,100,10.7,10.9,230.0,1.9,102.0,1.8
2025-06-02 11:00:00,2025,6,2,11,Cao Bằng,Xã Tam Kim,22.606427,106.0179879,52,Moderate,1,31.0,72,0.4,3.2,317,967.1,100,11.2,11.4,234.0,1.4,108.0,1.6
2025-06-02 12:00:00,2025,6,2,12,Cao Bằng,Xã Tam Kim,22.606427,106.0179879,52,Moderate,1,32.3,67,0.3,3.4,16,966.6,100,12.0,12.3,239.0,1.3,111.0,1.5
2025-06-02 13:00:00,2025,6,2,13,Cao Bằng,Xã Tam Kim,22.606427,106.0179879,52,Moderate,1,33.2,61,0.0,4.4,7,965.6,100,11.7,11.9,243.0,1.5,111.0,1.4
2025-06-02 14:00:00,2025,6,2,14,Cao Bằng,Xã Tam Kim,22.606427,106.0179879,52,Moderate,1,30.2,88,6.0,6.1,240,965.0,100,11.6,11.8,244.0,1.8,107.0,1.4
2025-06-02 15:00:00,2025,6,2,15,Cao Bằng,Xã Tam Kim,22.606427,106.0179879,52,Moderate,1,28.6,84,2.2,8.8,253,964.2,100,11.0,11.2,243.0,2.3,100.0,1.3
2025-06-02 16:00:00,2025,6,2,16,Cao Bằng,Xã Tam Kim,22.606427,106.0179879,52,Moderate,1,29.6,79,0.0,7.2,270,964.2,100,9.9,10.1,245.0,3.1,92.0,1.4
2025-06-02 17:00:00,2025,6,2,17,Cao Bằng,Xã Tam Kim,22.606427,106.0179879,52,Moderate,1,30.1,74,0.0,1.4,360,964.7,100,8.8,9.0,251.0,4.5,85.0,1.5
2025-06-02 18:00:00,2025,6,2,18,Cao Bằng,Xã Tam Kim,22.606427,106.0179879,52,Moderate,1,27.2,94,2.8,8.4,312,965.7,100,8.0,8.1,260.0,6.3,77.0,1.7
2025-06-02 19:00:00,2025,6,2,19,Cao Bằng,Xã Tam Kim,22.606427,106.0179879,52,Moderate,1,26.1,96,2.5,5.0,285,966.6,100,12.5,12.6,267.0,8.6,72.0,2.3
2025-06-02 20:00:00,2025,6,2,20,Cao Bằng,Xã Tam Kim,22.606427,106.0179879,52,Moderate,1,25.0,96,1.1,9.7,272,968.0,100,13.4,13.5,272.0,9.7,64.0,2.5
2025-06-02 21:00:00,2025,6,2,21,Cao Bằng,Xã Tam Kim,22.606427,106.0179879,52,Moderate,1,25.0,94,0.0,7.8,293,968.6,100,13.7,13.9,276.0,11.2,54.0,2.8
2025-06-02 22:00:00,2025,6,2,22,Cao Bằng,Xã Tam Kim,22.606427,106.0179879,53,Moderate,1,25.1,91,1.6,5.1,287,969.5,100,14.7,14.8,276.0,12.1,46.0,3.0
2025-06-02 23:00:00,2025,6,2,23,Cao Bằng,Xã Tam Kim,22.606427,106.0179879,53,Moderate,1,24.7,94,3.1,4.3,270,970.0,100,15.2,15.4,269.0,11.8,44.0,3.0
2025-06-03 00:00:00,2025,6,3,0,Cao Bằng,Xã Tam Kim,22.606427,106.0179879,52,Moderate,1,24.4,94,0.5,4.5,284,969.5,100,15.4,15.6,259.0,10.9,44.0,2.8
2025-06-03 01:00:00,2025,6,3,1,Cao Bằng,Xã Tam Kim,22.606427,106.0179879,52,Moderate,1,24.3,95,0.0,7.7,307,969.3,100,15.8,15.9,254.0,10.3,43.0,2.7
2025-06-03 02:00:00,2025,6,3,2,Cao Bằng,Xã Tam Kim,22.606427,106.0179879,52,Moderate,1,24.3,90,0.1,11.0,304,968.7,100,15.9,16.1,255.0,10.8,38.0,2.6
2025-06-03 03:00:00,2025,6,3,3,Cao Bằng,Xã Tam Kim,22.606427,106.0179879,52,Moderate,1,22.8,94,0.1,9.5,306,968.7,100,16.8,16.9,263.0,11.7,33.0,2.4
2025-06-03 04:00:00,2025,6,3,4,Cao Bằng,Xã Tam Kim,22.606427,106.0179879,52,Moderate,1,23.2,92,0.4,3.2,273,969.5,100,17.6,17.8,285.0,11.7,32.0,2.5
2025-06-03 05:00:00,2025,6,3,5,Cao Bằng,Xã Tam Kim,22.606427,106.0179879,52,Moderate,1,22.7,94,0.3,6.9,298,969.7,100,18.3,18.4,340.0,10.1,38.0,2.9
2025-06-03 06:00:00,2025,6,3,6,Cao Bằng,Xã Tam Kim,22.606427,106.0179879,52,Moderate,1,23.0,94,0.0,5.8,309,970.0,100,18.4,18.5,411.0,7.7,49.0,3.5
2025-06-03 07:00:00,2025,6,3,7,Cao Bằng,Xã Tam Kim,22.606427,106.0179879,53,Moderate,1,24.4,84,0.0,5.8,300,970.1,100,8.8,8.9,452.0,6.1,55.0,3.6
2025-06-03 08:00:00,2025,6,3,8,Cao Bằng,Xã Tam Kim,22.606427,106.0179879,52,Moderate,1,25.5,83,0.0,5.7,311,970.8,100,10.5,10.5,437.0,5.0,66.0,3.9
2025-06-03 09:00:00,2025,6,3,9,Cao Bằng,Xã Tam Kim,22.606427,106.0179879,52,Moderate,1,27.4,67,0.0,6.7,355,971.1,100,11.6,11.6,393.0,3.6,81.0,4.2
2025-06-03 10:00:00,2025,6,3,10,Cao Bằng,Xã Tam Kim,22.606427,106.0179879,52,Moderate,1,28.9,60,0.0,5.3,12,971.0,100,12.7,12.7,358.0,2.5,93.0,4.3
2025-06-03 11:00:00,2025,6,3,11,Cao Bằng,Xã Tam Kim,22.606427,106.0179879,52,Moderate,1,30.0,55,0.0,1.3,286,970.6,100,14.0,14.1,347.0,2.3,99.0,3.9
2025-06-03 12:00:00,2025,6,3,12,Cao Bằng,Xã Tam Kim,22.606427,106.0179879,53,Moderate,1,30.3,55,0.0,7.2,271,969.9,100,16.2,16.3,346.0,2.4,102.0,3.2
2025-06-03 13:00:00,2025,6,3,13,Cao Bằng,Xã Tam Kim,22.606427,106.0179879,53,Moderate,1,29.6,57,0.0,12.2,268,969.0,100,18.0,18.1,346.0,2.6,104.0,2.7
2025-06-03 14:00:00,2025,6,3,14,Cao Bằng,Xã Tam Kim,22.606427,106.0179879,54,Moderate,1,29.0,61,0.0,10.4,270,967.9,100,19.8,20.0,340.0,2.2,109.0,2.4
2025-06-03 15:00:00,2025,6,3,15,Cao Bằng,Xã Tam Kim,22.606427,106.0179879,54,Moderate,1,29.7,58,0.0,6.5,262,967.4,100,20.8,20.9,335.0,1.9,113.0,2.2
2025-06-03 16:00:00,2025,6,3,16,Cao Bằng,Xã Tam Kim,22.606427,106.0179879,55,Moderate,1,29.7,58,0.0,5.8,263,967.6,99,20.8,20.9,349.0,2.9,111.0,2.2
2025-06-03 17:00:00,2025,6,3,17,Cao Bằng,Xã Tam Kim,22.606427,106.0179879,56,Moderate,1,28.8,64,0.0,6.1,258,968.2,100,21.1,21.2,402.0,6.5,98.0,2.6
2025-06-03 18:00:00,2025,6,3,18,Cao Bằng,Xã Tam Kim,22.606427,106.0179879,57,Moderate,1,27.4,70,0.0,7.3,279,968.2,100,24.4,24.4,472.0,11.4,79.0,3.2
2025-06-03 19:00:00,2025,6,3,19,Cao Bằng,Xã Tam Kim,22.606427,106.0179879,59,Moderate,1,26.4,76,0.0,4.3,265,968.6,100,35.3,35.5,515.0,13.9,61.0,3.8
2025-06-03 20:00:00,2025,6,3,20,Cao Bằng,Xã Tam Kim,22.606427,106.0179879,61,Moderate,1,26.7,77,0.0,4.5,284,969.7,100,37.0,37.1,503.0,16.1,53.0,4.1
2025-06-03 21:00:00,2025,6,3,21,Cao Bằng,Xã Tam Kim,22.606427,106.0179879,63,Moderate,1,26.8,76,0.0,2.9,277,970.5,100,37.7,37.8,463.0,19.2,42.0,4.6
2025-06-03 22:00:00,2025,6,3,22,Cao Bằng,Xã Tam Kim,22.606427,106.0179879,65,Moderate,1,27.1,74,0.0,0.4,243,971.4,100,37.4,37.5,429.0,21.6,34.0,4.9
2025-06-03 23:00:00,2025,6,3,23,Cao Bằng,Xã Tam Kim,22.606427,106.0179879,67,Moderate,1,26.6,75,0.0,2.8,310,971.3,100,37.4,37.5,413.0,23.2,31.0,5.0
2025-06-04 00:00:00,2025,6,4,0,Cao Bằng,Xã Tam Kim,22.606427,106.0179879,69,Moderate,1,26.2,76,0.0,2.5,291,971.7,100,37.8,38.1,402.0,24.3,31.0,5.0
2025-06-04 01:00:00,2025,6,4,1,Cao Bằng,Xã Tam Kim,22.606427,106.0179879,71,Moderate,1,25.9,78,0.0,2.0,333,970.8,100,37.6,37.8,391.0,23.8,32.0,4.8
2025-06-04 02:00:00,2025,6,4,2,Cao Bằng,Xã Tam Kim,22.606427,106.0179879,73,Moderate,1,25.1,80,0.0,2.1,301,970.6,100,35.6,35.9,376.0,20.9,32.0,4.2
2025-06-04 03:00:00,2025,6,4,3,Cao Bằng,Xã Tam Kim,22.606427,106.0179879,75,Moderate,1,25.1,82,0.0,2.5,278,970.6,100,32.8,33.1,362.0,16.4,33.0,3.3
2025-06-04 04:00:00,2025,6,4,4,Cao Bằng,Xã Tam Kim,22.606427,106.0179879,76,Moderate,1,25.1,82,0.0,2.3,315,970.8,92,29.4,29.6,358.0,12.3,38.0,2.9
2025-06-04 05:00:00,2025,6,4,5,Cao Bằng,Xã Tam Kim,22.606427,106.0179879,77,Moderate,1,24.7,83,0.0,2.4,306,971.2,99,21.5,21.7,375.0,9.1,51.0,3.2
2025-06-04 06:00:00,2025,6,4,6,Cao Bằng,Xã Tam Kim,22.606427,106.0179879,77,Moderate,1,25.0,80,0.0,4.2,275,971.9,100,23.1,23.3,402.0,6.4,68.0,4.0
2025-06-04 07:00:00,2025,6,4,7,Cao Bằng,Xã Tam Kim,22.606427,106.0179879,78,Moderate,1,25.7,79,0.0,4.1,315,972.8,100,28.8,29.0,416.0,7.0,64.0,4.1
2025-06-04 08:00:00,2025,6,4,8,Cao Bằng,Xã Tam Kim,22.606427,106.0179879,80,Moderate,1,24.7,92,0.4,6.0,279,973.1,100,26.4,26.7,404.0,5.7,80.0,5.6
2025-06-04 09:00:00,2025,6,4,9,Cao Bằng,Xã Tam Kim,22.606427,106.0179879,81,Moderate,1,25.5,87,0.0,6.1,294,973.6,100,24.5,24.7,379.0,3.9,101.0,7.6
2025-06-04 10:00:00,2025,6,4,10,Cao Bằng,Xã Tam Kim,22.606427,106.0179879,82,Moderate,1,26.0,83,0.1,3.1,270,973.7,100,21.9,22.2,359.0,2.5,119.0,8.9
2025-06-04 11:00:00,2025,6,4,11,Cao Bằng,Xã Tam Kim,22.606427,106.0179879,83,Moderate,1,26.2,82,0.2,4.8,299,973.5,100,20.3,20.5,351.0,1.9,129.0,8.8
2025-06-04 12:00:00,2025,6,4,12,Cao Bằng,Xã Tam Kim,22.606427,106.0179879,83,Moderate,1,25.9,83,0.3,6.4,306,972.9,100,22.1,22.4,348.0,1.6,136.0,8.1
2025-06-04 13:00:00,2025,6,4,13,Cao Bằng,Xã Tam Kim,22.606427,106.0179879,84,Moderate,1,28.0,74,0.0,4.1,347,972.1,99,20.1,20.3,345.0,1.6,139.0,7.2
2025-06-04 14:00:00,2025,6,4,14,Cao Bằng,Xã Tam Kim,22.606427,106.0179879,84,Moderate,1,29.0,68,0.0,3.5,321,971.3,85,20.3,20.5,339.0,1.4,141.0,6.3
2025-06-04 15:00:00,2025,6,4,15,Cao Bằng,Xã Tam Kim,22.606427,106.0179879,84,Moderate,1,28.6,70,0.2,4.9,278,970.4,63,20.7,20.9,333.0,1.3,139.0,5.4
2025-06-04 16:00:00,2025,6,4,16,Cao Bằng,Xã Tam Kim,22.606427,106.0179879,84,Moderate,1,29.0,67,0.1,2.3,315,969.9,48,21.4,21.7,336.0,2.4,132.0,4.7
2025-06-04 17:00:00,2025,6,4,17,Cao Bằng,Xã Tam Kim,22.606427,106.0179879,87,Moderate,1,28.8,69,0.0,3.0,25,970.1,54,22.1,22.3,358.0,5.5,116.0,4.6
2025-06-04 18:00:00,2025,6,4,18,Cao Bằng,Xã Tam Kim,22.606427,106.0179879,90,Moderate,1,26.5,90,0.7,3.3,229,970.5,100,22.5,22.7,389.0,9.6,94.0,4.8
2025-06-04 19:00:00,2025,6,4,19,Cao Bằng,Xã Tam Kim,22.606427,106.0179879,85,Moderate,1,24.5,98,3.2,6.3,270,971.7,87,21.0,21.2,410.0,11.0,84.0,4.5
2025-06-04 20:00:00,2025,6,4,20,Cao Bằng,Xã Tam Kim,22.606427,106.0179879,83,Moderate,1,24.7,99,0.5,3.8,211,972.8,100,24.3,24.6,411.0,13.1,73.0,4.7
2025-06-04 21:00:00,2025,6,4,21,Cao Bằng,Xã Tam Kim,22.606427,106.0179879,82,Moderate,1,25.0,97,0.1,0.7,256,973.3,100,25.5,25.8,400.0,15.9,57.0,5.0
2025-06-04 22:00:00,2025,6,4,22,Cao Bằng,Xã Tam Kim,22.606427,106.0179879,81,Moderate,1,25.2,92,0.0,1.3,278,974.0,100,25.2,25.6,388.0,18.4,44.0,5.2
2025-06-04 23:00:00,2025,6,4,23,Cao Bằng,Xã Tam Kim,22.606427,106.0179879,80,Moderate,1,25.4,88,0.1,1.9,331,973.6,100,27.6,27.9,375.0,20.0,36.0,5.1
2025-06-05 00:00:00,2025,6,5,0,Cao Bằng,Xã Tam Kim,22.606427,106.0179879,79,Moderate,1,24.9,93,0.2,3.1,336,973.1,99,29.3,29.7,359.0,21.2,31.0,4.9
2025-06-05 01:00:00,2025,6,5,1,Cao Bằng,Xã Tam Kim,22.606427,106.0179879,78,Moderate,1,24.5,93,0.2,3.1,329,972.4,97,30.0,30.5,346.0,22.0,27.0,4.5
2025-06-05 02:00:00,2025,6,5,2,Cao Bằng,Xã Tam Kim,22.606427,106.0179879,77,Moderate,1,24.7,90,0.0,0.8,297,972.4,86,30.3,30.6,332.0,22.7,21.0,3.5
2025-06-05 03:00:00,2025,6,5,3,Cao Bằng,Xã Tam Kim,22.606427,106.0179879,77,Moderate,1,24.3,93,0.0,2.0,185,972.1,84,30.6,31.0,321.0,23.0,15.0,2.2
2025-06-05 04:00:00,2025,6,5,4,Cao Bằng,Xã Tam Kim,22.606427,106.0179879,77,Moderate,1,23.4,97,2.6,5.4,188,972.3,82,29.9,30.3,321.0,21.6,18.0,1.8
2025-06-05 05:00:00,2025,6,5,5,Cao Bằng,Xã Tam Kim,22.606427,106.0179879,77,Moderate,1,23.2,96,21.9,1.9,197,972.7,100,25.4,25.8,346.0,17.0,35.0,2.9
2025-06-05 06:00:00,2025,6,5,6,Cao Bằng,Xã Tam Kim,22.606427,106.0179879,77,Moderate,1,23.4,98,7.6,2.3,32,973.5,100,18.6,18.9,383.0,10.8,61.0,5.0
2025-06-05 07:00:00,2025,6,5,7,Cao Bằng,Xã Tam Kim,22.606427,106.0179879,77,Moderate,1,23.6,99,4.3,3.6,354,974.1,94,29.4,29.9,403.0,7.1,81.0,5.5
2025-06-05 08:00:00,2025,6,5,8,Cao Bằng,Xã Tam Kim,22.606427,106.0179879,77,Moderate,1,25.0,97,0.6,1.3,74,974.7,76,27.8,28.3,389.0,5.6,93.0,4.7
2025-06-05 09:00:00,2025,6,5,9,Cao Bằng,Xã Tam Kim,22.606427,106.0179879,77,Moderate,1,26.8,87,0.1,3.6,93,975.1,35,24.5,25.0,358.0,3.6,109.0,3.5
2025-06-05 10:00:00,2025,6,5,10,Cao Bằng,Xã Tam Kim,22.606427,106.0179879,77,Moderate,1,28.8,76,0.1,4.7,99,974.7,100,20.6,21.4,328.0,2.0,120.0,2.5
2025-06-05 11:00:00,2025,6,5,11,Cao Bằng,Xã Tam Kim,22.606427,106.0179879,77,Moderate,1,29.9,70,0.2,6.8,127,973.6,100,19.3,20.5,304.0,1.4,122.0,1.9
2025-06-05 12:00:00,2025,6,5,12,Cao Bằng,Xã Tam Kim,22.606427,106.0179879,77,Moderate,1,30.7,65,0.2,5.7,125,972.2,27,17.9,19.3,282.0,1.3,119.0,1.6
2025-06-05 13:00:00,2025,6,5,13,Cao Bằng,Xã Tam Kim,22.606427,106.0179879,76,Moderate,1,32.7,55,0.1,5.5,157,971.0,13,17.9,19.5,266.0,1.3,116.0,1.4
2025-06-05 14:00:00,2025,6,5,14,Cao Bằng,Xã Tam Kim,22.606427,106.0179879,76,Moderate,1,33.5,51,0.1,7.5,153,969.8,18,19.6,21.5,258.0,1.2,116.0,1.4
2025-06-05 15:00:00,2025,6,5,15,Cao Bằng,Xã Tam Kim,22.606427,106.0179879,76,Moderate,1,33.0,52,0.2,10.1,160,969.1,34,20.4,22.2,257.0,1.2,115.0,1.7
2025-06-05 16:00:00,2025,6,5,16,Cao Bằng,Xã Tam Kim,22.606427,106.0179879,76,Moderate,1,32.1,57,0.3,10.3,151,968.6,30,21.1,22.7,266.0,1.9,112.0,2.0
2025-06-05 17:00:00,2025,6,5,17,Cao Bằng,Xã Tam Kim,22.606427,106.0179879,76,Moderate,1,31.6,59,0.0,7.4,158,968.5,30,22.1,23.6,295.0,3.9,104.0,2.5
2025-06-05 18:00:00,2025,6,5,18,Cao Bằng,Xã Tam Kim,22.606427,106.0179879,76,Moderate,1,30.0,71,0.0,4.5,166,968.7,20,22.8,24.1,334.0,6.5,93.0,3.1
2025-06-05 19:00:00,2025,6,5,19,Cao Bằng,Xã Tam Kim,22.606427,106.0179879,76,Moderate,1,27.7,78,0.0,6.8,180,969.2,29,32.5,34.9,363.0,8.5,79.0,2.6
2025-06-05 20:00:00,2025,6,5,20,Cao Bằng,Xã Tam Kim,22.606427,106.0179879,77,Moderate,1,26.4,88,0.0,4.3,165,970.2,44,32.2,34.3,370.0,8.2,82.0,4.0
2025-06-05 21:00:00,2025,6,5,21,Cao Bằng,Xã Tam Kim,22.606427,106.0179879,78,Moderate,1,25.6,90,0.0,3.6,171,970.9,14,31.8,33.6,366.0,7.7,85.0,5.9
2025-06-05 22:00:00,2025,6,5,22,Cao Bằng,Xã Tam Kim,22.606427,106.0179879,78,Moderate,1,25.3,91,0.0,3.0,155,971.7,10,32.2,33.8,360.0,7.4,88.0,7.5
2025-06-05 23:00:00,2025,6,5,23,Cao Bằng,Xã Tam Kim,22.606427,106.0179879,79,Moderate,1,25.0,92,0.0,3.4,155,971.7,15,34.1,35.5,353.0,7.4,90.0,8.6
2025-06-06 00:00:00,2025,6,6,0,Cao Bằng,Xã Tam Kim,22.606427,106.0179879,79,Moderate,1,24.9,93,0.0,3.6,139,971.5,37,36.3,37.5,343.0,7.5,90.0,9.4
2025-06-06 01:00:00,2025,6,6,1,Cao Bằng,Xã Tam Kim,22.606427,106.0179879,80,Moderate,1,24.8,94,0.0,4.0,120,971.1,80,37.4,38.4,333.0,7.4,91.0,9.9
2025-06-06 02:00:00,2025,6,6,2,Cao Bằng,Xã Tam Kim,22.606427,106.0179879,81,Moderate,1,24.6,95,0.0,4.0,126,970.9,85,38.2,39.1,321.0,7.0,92.0,10.1
2025-06-06 03:00:00,2025,6,6,3,Cao Bằng,Xã Tam Kim,22.606427,106.0179879,81,Moderate,1,24.5,95,0.2,3.6,117,970.7,36,33.1,33.8,309.0,6.4,93.0,10.1
2025-06-06 04:00:00,2025,6,6,4,Cao Bằng,Xã Tam Kim,22.606427,106.0179879,82,Moderate,1,24.3,96,0.0,4.4,102,971.0,54,26.0,26.5,304.0,5.8,92.0,10.0
2025-06-06 05:00:00,2025,6,6,5,Cao Bằng,Xã Tam Kim,22.606427,106.0179879,81,Moderate,1,24.1,97,0.0,4.7,106,971.2,39,18.0,18.3,316.0,5.3,88.0,10.2
2025-06-06 06:00:00,2025,6,6,6,Cao Bằng,Xã Tam Kim,22.606427,106.0179879,81,Moderate,1,24.7,95,0.0,5.2,86,971.9,89,12.6,12.8,334.0,4.9,83.0,10.4
2025-06-06 07:00:00,2025,6,6,7,Cao Bằng,Xã Tam Kim,22.606427,106.0179879,80,Moderate,1,26.0,87,0.0,5.5,142,972.4,29,7.1,7.3,338.0,4.4,80.0,9.2
2025-06-06 08:00:00,2025,6,6,8,Cao Bằng,Xã Tam Kim,22.606427,106.0179879,78,Moderate,1,28.0,79,0.0,7.6,168,973.0,36,8.1,8.4,311.0,4.1,85.0,8.3
2025-06-06 09:00:00,2025,6,6,9,Cao Bằng,Xã Tam Kim,22.606427,106.0179879,76,Moderate,1,29.3,71,0.1,9.2,182,972.9,17,10.2,10.5,268.0,3.6,92.0,7.0
2025-06-06 10:00:00,2025,6,6,10,Cao Bằng,Xã Tam Kim,22.606427,106.0179879,75,Moderate,1,30.9,65,0.2,10.7,188,972.5,16,13.0,13.3,236.0,3.1,98.0,5.6
2025-06-06 11:00:00,2025,6,6,11,Cao Bằng,Xã Tam Kim,22.606427,106.0179879,74,Moderate,1,32.3,61,0.0,10.4,179,971.9,9,14.4,14.7,224.0,2.6,103.0,4.0
2025-06-06 12:00:00,2025,6,6,12,Cao Bằng,Xã Tam Kim,22.606427,106.0179879,74,Moderate,1,33.0,57,0.1,11.1,188,970.9,15,14.4,14.8,222.0,2.1,108.0,2.2
2025-06-06 13:00:00,2025,6,6,13,Cao Bằng,Xã Tam Kim,22.606427,106.0179879,74,Moderate,1,33.7,55,0.1,10.4,179,969.5,16,15.0,15.8,224.0,1.8,113.0,0.9
2025-06-06 14:00:00,2025,6,6,14,Cao Bằng,Xã Tam Kim,22.606427,106.0179879,73,Moderate,1,33.9,55,0.0,10.8,176,968.2,6,16.9,18.1,227.0,1.5,120.0,0.4
2025-06-06 15:00:00,2025,6,6,15,Cao Bằng,Xã Tam Kim,22.606427,106.0179879,73,Moderate,1,33.6,56,0.0,11.3,179,967.2,9,20.7,22.3,233.0,1.4,127.0,0.4
2025-06-06 16:00:00,2025,6,6,16,Cao Bằng,Xã Tam Kim,22.606427,106.0179879,73,Moderate,1,33.1,56,0.0,11.9,182,966.8,19,22.8,24.4,245.0,1.9,130.0,0.6
2025-06-06 17:00:00,2025,6,6,17,Cao Bằng,Xã Tam Kim,22.606427,106.0179879,73,Moderate,1,32.0,62,0.0,11.7,169,967.0,26,24.9,26.4,269.0,3.6,125.0,0.9
2025-06-06 18:00:00,2025,6,6,18,Cao Bằng,Xã Tam Kim,22.606427,106.0179879,74,Moderate,1,30.2,69,0.0,10.8,159,967.4,24,27.8,29.1,300.0,5.9,116.0,1.5
2025-06-06 19:00:00,2025,6,6,19,Cao Bằng,Xã Tam Kim,22.606427,106.0179879,74,Moderate,1,28.5,77,0.0,8.1,156,967.9,13,31.3,32.5,319.0,7.7,107.0,2.6
2025-06-06 20:00:00,2025,6,6,20,Cao Bằng,Xã Tam Kim,22.606427,106.0179879,74,Moderate,1,26.9,85,0.0,5.9,162,969.2,9,32.7,33.8,318.0,8.4,100.0,2.9
2025-06-06 21:00:00,2025,6,6,21,Cao Bằng,Xã Tam Kim,22.606427,106.0179879,74,Moderate,1,26.0,90,0.0,4.4,150,969.6,13,33.5,34.3,307.0,9.3,91.0,3.2
2025-06-06 22:00:00,2025,6,6,22,Cao Bằng,Xã Tam Kim,22.606427,106.0179879,74,Moderate,1,26.2,89,0.0,4.7,157,970.7,69,35.4,36.0,293.0,9.7,86.0,3.6
2025-06-06 23:00:00,2025,6,6,23,Cao Bằng,Xã Tam Kim,22.606427,106.0179879,74,Moderate,1,26.3,89,0.0,4.8,143,971.1,96,37.7,38.2,278.0,9.1,90.0,4.1
2025-06-07 00:00:00,2025,6,7,0,Cao Bằng,Xã Tam Kim,22.606427,106.0179879,75,Moderate,1,25.7,91,0.0,4.2,130,970.6,83,39.7,40.2,262.0,8.0,97.0,4.6
2025-06-07 01:00:00,2025,6,7,1,Cao Bằng,Xã Tam Kim,22.606427,106.0179879,75,Moderate,1,25.5,92,0.0,4.8,117,970.2,27,32.2,32.6,250.0,7.1,99.0,4.8
2025-06-07 02:00:00,2025,6,7,2,Cao Bằng,Xã Tam Kim,22.606427,106.0179879,75,Moderate,1,25.1,94,0.0,4.4,109,969.9,91,20.7,21.0,246.0,6.9,90.0,4.4
2025-06-07 03:00:00,2025,6,7,3,Cao Bằng,Xã Tam Kim,22.606427,106.0179879,73,Moderate,1,25.3,92,0.0,4.2,102,970.1,93,16.4,16.6,247.0,7.0,76.0,3.8
2025-06-07 04:00:00,2025,6,7,4,Cao Bằng,Xã Tam Kim,22.606427,106.0179879,72,Moderate,1,24.8,94,0.0,4.7,86,969.9,100,12.6,12.9,252.0,6.8,66.0,3.2
2025-06-07 05:00:00,2025,6,7,5,Cao Bằng,Xã Tam Kim,22.606427,106.0179879,70,Moderate,1,25.2,92,0.2,4.7,113,970.3,100,11.7,12.0,263.0,6.2,63.0,2.9
2025-06-07 06:00:00,2025,6,7,6,Cao Bằng,Xã Tam Kim,22.606427,106.0179879,70,Moderate,1,25.6,92,0.1,4.2,95,971.2,100,7.7,8.1,278.0,5.5,65.0,2.8
2025-06-07 07:00:00,2025,6,7,7,Cao Bằng,Xã Tam Kim,22.606427,106.0179879,69,Moderate,1,26.5,87,0.0,5.2,86,971.5,100,6.6,7.0,284.0,4.5,70.0,2.1
2025-06-07 08:00:00,2025,6,7,8,Cao Bằng,Xã Tam Kim,22.606427,106.0179879,69,Moderate,1,28.3,83,0.1,6.6,143,971.9,100,6.5,6.9,272.0,3.8,80.0,1.7
2025-06-07 09:00:00,2025,6,7,9,Cao Bằng,Xã Tam Kim,22.606427,106.0179879,69,Moderate,1,30.1,73,0.1,8.6,158,971.9,97,6.8,7.2,252.0,2.9,95.0,1.1
2025-06-07 10:00:00,2025,6,7,10,Cao Bằng,Xã Tam Kim,22.606427,106.0179879,69,Moderate,1,31.7,66,0.2,10.4,178,971.6,100,7.3,7.7,236.0,2.2,106.0,0.6
2025-06-07 11:00:00,2025,6,7,11,Cao Bằng,Xã Tam Kim,22.606427,106.0179879,68,Moderate,1,30.8,66,0.2,11.2,180,971.0,95,7.9,8.4,230.0,1.8,111.0,0.4
2025-06-07 12:00:00,2025,6,7,12,Cao Bằng,Xã Tam Kim,22.606427,106.0179879,68,Moderate,1,31.5,67,0.4,7.6,168,970.5,84,9.1,9.9,229.0,1.6,112.0,0.3
2025-06-07 13:00:00,2025,6,7,13,Cao Bằng,Xã Tam Kim,22.606427,106.0179879,67,Moderate,1,32.4,62,0.1,8.9,172,969.1,80,10.9,12.0,230.0,1.5,114.0,0.3
2025-06-07 14:00:00,2025,6,7,14,Cao Bằng,Xã Tam Kim,22.606427,106.0179879,67,Moderate,1,33.5,56,0.0,8.7,172,968.0,54,10.8,11.8,232.0,1.3,118.0,0.3
2025-06-07 15:00:00,2025,6,7,15,Cao Bằng,Xã Tam Kim,22.606427,106.0179879,66,Moderate,1,33.3,58,0.1,11.5,177,967.3,43,12.5,13.4,237.0,1.2,122.0,0.4
2025-06-07 16:00:00,2025,6,7,16,Cao Bằng,Xã Tam Kim,22.606427,106.0179879,66,Moderate,1,33.0,59,0.0,10.5,173,966.5,27,14.0,14.9,247.0,1.8,123.0,0.6
2025-06-07 17:00:00,2025,6,7,17,Cao Bằng,Xã Tam Kim,22.606427,106.0179879,65,Moderate,1,32.2,61,0.0,9.4,167,966.3,23,15.4,16.3,269.0,3.8,116.0,1.1
2025-06-07 18:00:00,2025,6,7,18,Cao Bằng,Xã Tam Kim,22.606427,106.0179879,64,Moderate,1,30.6,71,0.0,8.0,155,966.7,16,17.0,17.8,297.0,6.4,105.0,1.7
2025-06-07 19:00:00,2025,6,7,19,Cao Bằng,Xã Tam Kim,22.606427,106.0179879,63,Moderate,1,28.3,81,0.0,7.4,158,967.6,16,33.8,36.0,314.0,8.3,94.0,2.5
2025-06-07 20:00:00,2025,6,7,20,Cao Bằng,Xã Tam Kim,22.606427,106.0179879,63,Moderate,1,27.9,85,0.1,7.0,157,968.8,65,34.7,36.8,311.0,9.0,88.0,2.9
2025-06-07 21:00:00,2025,6,7,21,Cao Bằng,Xã Tam Kim,22.606427,106.0179879,64,Moderate,1,27.3,87,0.1,3.1,126,969.2,61,34.8,36.6,296.0,9.8,81.0,3.5
2025-06-07 22:00:00,2025,6,7,22,Cao Bằng,Xã Tam Kim,22.606427,106.0179879,64,Moderate,1,26.6,90,0.0,3.6,108,969.9,59,36.2,37.8,281.0,9.9,77.0,3.9
2025-06-07 23:00:00,2025,6,7,23,Cao Bằng,Xã Tam Kim,22.606427,106.0179879,64,Moderate,1,26.2,92,0.0,3.6,135,970.1,51,32.7,34.2,268.0,8.6,81.0,3.8
2025-06-08 00:00:00,2025,6,8,0,Cao Bằng,Xã Tam Kim,22.606427,106.0179879,63,Moderate,1,25.8,93,0.9,2.0,90,970.3,94,28.0,29.2,254.0,6.6,89.0,3.5
2025-06-08 01:00:00,2025,6,8,1,Cao Bằng,Xã Tam Kim,22.606427,106.0179879,62,Moderate,1,25.4,97,0.1,2.5,60,969.3,96,17.1,17.8,241.0,5.0,95.0,3.1
2025-06-08 02:00:00,2025,6,8,2,Cao Bằng,Xã Tam Kim,22.606427,106.0179879,61,Moderate,1,25.5,96,0.0,1.8,114,968.5,98,5.5,5.7,227.0,4.2,95.0,2.6
2025-06-08 03:00:00,2025,6,8,3,Cao Bằng,Xã Tam Kim,22.606427,106.0179879,60,Moderate,1,25.0,98,1.6,4.6,42,969.5,100,6.4,6.7,214.0,3.8,92.0,2.0
2025-06-08 04:00:00,2025,6,8,4,Cao Bằng,Xã Tam Kim,22.606427,106.0179879,59,Moderate,1,24.7,99,0.0,6.8,132,969.2,100,5.2,5.5,213.0,3.5,89.0,1.6
2025-06-08 05:00:00,2025,6,8,5,Cao Bằng,Xã Tam Kim,22.606427,106.0179879,58,Moderate,1,24.7,99,0.0,4.0,39,969.6,99,4.0,4.2,236.0,3.4,86.0,1.4
2025-06-08 06:00:00,2025,6,8,6,Cao Bằng,Xã Tam Kim,22.606427,106.0179879,57,Moderate,1,24.8,99,0.0,4.8,61,969.9,98,2.9,3.0,271.0,3.4,84.0,1.3
2025-06-08 07:00:00,2025,6,8,7,Cao Bằng,Xã Tam Kim,22.606427,106.0179879,57,Moderate,1,25.9,95,0.0,2.5,98,970.4,100,8.7,9.0,290.0,4.8,79.0,4.9
2025-06-08 08:00:00,2025,6,8,8,Cao Bằng,Xã Tam Kim,22.606427,106.0179879,57,Moderate,1,27.8,89,1.8,4.1,75,970.8,100,9.2,9.5,277.0,4.2,84.0,4.4
2025-06-08 09:00:00,2025,6,8,9,Cao Bằng,Xã Tam Kim,22.606427,106.0179879,57,Moderate,1,29.2,82,1.8,3.3,81,971.2,100,8.3,8.6,249.0,3.4,92.0,3.7
2025-06-08 10:00:00,2025,6,8,10,Cao Bằng,Xã Tam Kim,22.606427,106.0179879,57,Moderate,1,28.7,82,1.4,3.5,78,970.7,100,6.5,6.7,230.0,2.8,98.0,3.0
2025-06-08 11:00:00,2025,6,8,11,Cao Bằng,Xã Tam Kim,22.606427,106.0179879,57,Moderate,1,28.1,87,2.7,7.6,112,970.6,100,5.8,5.9,231.0,2.6,102.0,2.3
2025-06-08 12:00:00,2025,6,8,12,Cao Bằng,Xã Tam Kim,22.606427,106.0179879,57,Moderate,1,29.9,76,0.6,3.8,107,969.7,100,5.7,5.9,241.0,2.7,105.0,1.6
2025-06-08 13:00:00,2025,6,8,13,Cao Bằng,Xã Tam Kim,22.606427,106.0179879,57,Moderate,1,30.2,73,0.1,5.5,144,968.3,100,5.8,6.0,249.0,2.8,106.0,1.2
2025-06-08 14:00:00,2025,6,8,14,Cao Bằng,Xã Tam Kim,22.606427,106.0179879,56,Moderate,1,31.0,71,0.1,5.0,105,967.8,100,6.2,6.4,247.0,2.7,104.0,1.1
2025-06-08 15:00:00,2025,6,8,15,Cao Bằng,Xã Tam Kim,22.606427,106.0179879,56,Moderate,1,31.3,69,0.2,3.4,342,967.1,100,6.6,6.9,244.0,2.7,99.0,1.2
2025-06-08 16:00:00,2025,6,8,16,Cao Bằng,Xã Tam Kim,22.606427,106.0179879,56,Moderate,1,27.0,92,5.1,7.9,294,967.5,100,7.0,7.3,254.0,3.5,93.0,1.5
2025-06-08 17:00:00,2025,6,8,17,Cao Bằng,Xã Tam Kim,22.606427,106.0179879,55,Moderate,1,26.5,94,0.2,1.9,292,967.3,100,8.4,8.7,291.0,5.9,85.0,1.9
2025-06-08 18:00:00,2025,6,8,18,Cao Bằng,Xã Tam Kim,22.606427,106.0179879,54,Moderate,1,26.4,95,0.0,2.8,220,967.9,100,8.8,9.1,342.0,9.2,75.0,2.4
2025-06-08 19:00:00,2025,6,8,19,Cao Bằng,Xã Tam Kim,22.606427,106.0179879,54,Moderate,1,25.8,97,0.0,0.4,117,968.6,100,13.7,14.1,381.0,9.5,69.0,2.3
2025-06-08 20:00:00,2025,6,8,20,Cao Bằng,Xã Tam Kim,22.606427,106.0179879,52,Moderate,1,24.6,97,0.8,3.9,217,970.4,100,13.2,13.6,400.0,11.5,61.0,2.6
2025-06-08 21:00:00,2025,6,8,21,Cao Bằng,Xã Tam Kim,22.606427,106.0179879,50,Good,0,24.2,99,3.6,4.5,185,971.3,100,13.1,13.5,407.0,14.2,49.0,3.0
2025-06-08 22:00:00,2025,6,8,22,Cao Bằng,Xã Tam Kim,22.606427,106.0179879,46,Good,0,24.2,98,2.8,3.7,325,971.9,100,13.2,13.5,398.0,16.0,41.0,3.1
2025-06-08 23:00:00,2025,6,8,23,Cao Bằng,Xã Tam Kim,22.606427,106.0179879,42,Good,0,23.9,99,0.4,5.8,129,971.9,100,15.7,16.0,362.0,16.1,39.0,2.8
2025-06-09 00:00:00,2025,6,9,0,Cao Bằng,Xã Tam Kim,22.606427,106.0179879,39,Good,0,23.8,99,0.3,3.9,347,971.1,100,16.8,17.3,309.0,15.3,41.0,2.2
2025-06-09 01:00:00,2025,6,9,1,Cao Bằng,Xã Tam Kim,22.606427,106.0179879,37,Good,0,23.7,99,0.5,3.6,160,970.4,100,15.3,15.7,268.0,14.0,44.0,1.7
2025-06-09 02:00:00,2025,6,9,2,Cao Bằng,Xã Tam Kim,22.606427,106.0179879,37,Good,0,23.5,99,0.2,1.3,8,969.6,100,11.8,12.2,247.0,12.0,47.0,1.4
2025-06-09 03:00:00,2025,6,9,3,Cao Bằng,Xã Tam Kim,22.606427,106.0179879,38,Good,0,23.3,98,0.1,2.1,160,969.4,100,10.9,11.2,237.0,9.5,51.0,1.2
2025-06-09 04:00:00,2025,6,9,4,Cao Bằng,Xã Tam Kim,22.606427,106.0179879,39,Good,0,23.1,98,0.1,2.7,184,969.5,100,9.9,10.3,237.0,7.4,55.0,1.2
2025-06-09 05:00:00,2025,6,9,5,Cao Bằng,Xã Tam Kim,22.606427,106.0179879,39,Good,0,23.1,98,0.1,3.1,260,969.3,100,8.6,8.9,253.0,6.2,58.0,1.4
2025-06-09 06:00:00,2025,6,9,6,Cao Bằng,Xã Tam Kim,22.606427,106.0179879,40,Good,0,23.3,99,0.1,2.4,153,970.2,100,10.2,10.5,279.0,5.5,60.0,1.7
2025-06-09 07:00:00,2025,6,9,7,Cao Bằng,Xã Tam Kim,22.606427,106.0179879,42,Good,0,23.6,98,1.3,5.5,234,970.9,100,14.7,15.3,295.0,5.1,66.0,1.3
2025-06-09 08:00:00,2025,6,9,8,Cao Bằng,Xã Tam Kim,22.606427,106.0179879,43,Good,0,23.9,99,0.0,1.9,221,970.6,100,16.8,17.5,293.0,4.0,84.0,1.6
2025-06-09 09:00:00,2025,6,9,9,Cao Bằng,Xã Tam Kim,22.606427,106.0179879,44,Good,0,26.0,87,0.0,1.6,207,971.5,100,17.5,18.4,282.0,2.4,109.0,1.9
2025-06-09 10:00:00,2025,6,9,10,Cao Bằng,Xã Tam Kim,22.606427,106.0179879,46,Good,0,25.7,88,0.0,0.4,90,971.6,100,18.4,19.4,269.0,1.3,127.0,2.1
2025-06-09 11:00:00,2025,6,9,11,Cao Bằng,Xã Tam Kim,22.606427,106.0179879,48,Good,0,28.8,71,0.1,2.8,63,971.5,87,18.3,19.4,254.0,1.0,131.0,1.8
2025-06-09 12:00:00,2025,6,9,12,Cao Bằng,Xã Tam Kim,22.606427,106.0179879,50,Good,0,30.0,67,0.1,4.0,72,970.1,5,17.8,19.2,238.0,1.1,129.0,1.3
2025-06-09 13:00:00,2025,6,9,13,Cao Bằng,Xã Tam Kim,22.606427,106.0179879,51,Moderate,1,31.0,60,0.1,5.0,69,968.9,31,17.2,18.7,228.0,1.3,124.0,1.0
2025-06-09 14:00:00,2025,6,9,14,Cao Bằng,Xã Tam Kim,22.606427,106.0179879,52,Moderate,1,30.3,63,0.1,6.2,291,967.8,75,31.2,33.9,229.0,1.2,119.0,0.9
2025-06-09 15:00:00,2025,6,9,15,Cao Bằng,Xã Tam Kim,22.606427,106.0179879,56,Moderate,1,29.0,74,0.5,6.6,257,966.8,83,24.9,26.9,237.0,1.3,112.0,1.0
2025-06-09 16:00:00,2025,6,9,16,Cao Bằng,Xã Tam Kim,22.606427,106.0179879,65,Moderate,1,29.8,71,0.4,3.5,298,966.6,94,21.0,22.5,250.0,2.6,103.0,1.3
2025-06-09 17:00:00,2025,6,9,17,Cao Bằng,Xã Tam Kim,22.606427,106.0179879,69,Moderate,1,29.6,76,2.0,5.2,2,966.9,98,21.1,22.6,266.0,5.7,92.0,2.1
2025-06-09 18:00:00,2025,6,9,18,Cao Bằng,Xã Tam Kim,22.606427,106.0179879,66,Moderate,1,27.1,88,0.0,7.4,284,967.6,100,21.5,22.9,287.0,10.1,80.0,3.1
2025-06-09 19:00:00,2025,6,9,19,Cao Bằng,Xã Tam Kim,22.606427,106.0179879,59,Moderate,1,26.1,93,0.2,5.9,239,968.5,99,19.5,20.4,312.0,13.3,67.0,3.8
2025-06-09 20:00:00,2025,6,9,20,Cao Bằng,Xã Tam Kim,22.606427,106.0179879,60,Moderate,1,26.7,92,0.0,2.0,225,969.2,100,21.8,22.6,348.0,17.0,58.0,3.9
2025-06-09 21:00:00,2025,6,9,21,Cao Bằng,Xã Tam Kim,22.606427,106.0179879,61,Moderate,1,26.4,92,0.0,1.3,254,970.0,100,25.1,26.0,389.0,22.0,46.0,4.0
2025-06-09 22:00:00,2025,6,9,22,Cao Bằng,Xã Tam Kim,22.606427,106.0179879,62,Moderate,1,25.9,92,0.0,4.8,301,970.5,100,29.3,30.2,409.0,24.7,37.0,3.9
2025-06-09 23:00:00,2025,6,9,23,Cao Bằng,Xã Tam Kim,22.606427,106.0179879,63,Moderate,1,25.5,93,0.0,3.5,294,970.7,100,27.4,28.2,395.0,23.3,33.0,3.2
2025-06-10 00:00:00,2025,6,10,0,Cao Bằng,Xã Tam Kim,22.606427,106.0179879,64,Moderate,1,25.3,92,0.2,3.1,298,970.3,100,22.1,22.7,360.0,19.7,31.0,2.3
2025-06-10 01:00:00,2025,6,10,1,Cao Bằng,Xã Tam Kim,22.606427,106.0179879,65,Moderate,1,25.1,93,0.3,2.8,310,969.7,100,16.7,17.2,325.0,16.0,34.0,1.7
2025-06-10 02:00:00,2025,6,10,2,Cao Bằng,Xã Tam Kim,22.606427,106.0179879,65,Moderate,1,24.9,93,0.7,3.4,317,969.2,100,17.1,17.8,293.0,12.7,43.0,1.6
2025-06-10 03:00:00,2025,6,10,3,Cao Bằng,Xã Tam Kim,22.606427,106.0179879,65,Moderate,1,24.3,97,1.1,4.1,326,968.6,74,17.3,18.5,260.0,9.3,56.0,1.8
2025-06-10 04:00:00,2025,6,10,4,Cao Bằng,Xã Tam Kim,22.606427,106.0179879,66,Moderate,1,24.1,97,0.3,4.1,322,968.6,79,17.9,19.7,237.0,6.7,67.0,2.2
2025-06-10 05:00:00,2025,6,10,5,Cao Bằng,Xã Tam Kim,22.606427,106.0179879,66,Moderate,1,23.7,97,1.6,6.3,307,969.4,100,22.0,24.6,229.0,5.4,73.0,2.8
2025-06-10 06:00:00,2025,6,10,6,Cao Bằng,Xã Tam Kim,22.606427,106.0179879,68,Moderate,1,23.3,97,2.5,4.3,315,970.6,100,27.6,31.3,230.0,4.9,76.0,3.7
2025-06-10 07:00:00,2025,6,10,7,Cao Bằng,Xã Tam Kim,22.606427,106.0179879,69,Moderate,1,23.5,96,0.8,5.2,276,971.5,100,26.5,30.2,236.0,4.1,97.0,4.9
2025-06-10 08:00:00,2025,6,10,8,Cao Bằng,Xã Tam Kim,22.606427,106.0179879,70,Moderate,1,25.1,92,0.1,6.0,295,972.3,100,26.7,30.4,247.0,3.4,105.0,5.0
2025-06-10 09:00:00,2025,6,10,9,Cao Bằng,Xã Tam Kim,22.606427,106.0179879,71,Moderate,1,26.2,79,0.0,5.6,292,972.4,100,27.1,32.4,263.0,2.4,117.0,5.1
2025-06-10 10:00:00,2025,6,10,10,Cao Bằng,Xã Tam Kim,22.606427,106.0179879,72,Moderate,1,26.3,76,0.0,2.9,240,972.6,100,26.7,33.3,274.0,1.7,126.0,5.2
2025-06-10 11:00:00,2025,6,10,11,Cao Bằng,Xã Tam Kim,22.606427,106.0179879,73,Moderate,1,27.2,67,0.0,4.0,243,972.4,100,25.1,32.1,276.0,1.4,130.0,5.1
2025-06-10 12:00:00,2025,6,10,12,Cao Bằng,Xã Tam Kim,22.606427,106.0179879,73,Moderate,1,28.4,60,0.0,4.0,297,971.9,100,25.6,33.2,272.0,1.3,130.0,5.0
2025-06-10 13:00:00,2025,6,10,13,Cao Bằng,Xã Tam Kim,22.606427,106.0179879,74,Moderate,1,29.5,58,0.0,3.4,360,971.1,100,25.4,33.2,270.0,1.3,131.0,4.7
2025-06-10 14:00:00,2025,6,10,14,Cao Bằng,Xã Tam Kim,22.606427,106.0179879,75,Moderate,1,30.0,52,0.0,2.5,360,970.1,100,24.6,32.4,266.0,0.9,134.0,4.2
2025-06-10 15:00:00,2025,6,10,15,Cao Bằng,Xã Tam Kim,22.606427,106.0179879,74,Moderate,1,30.6,49,0.0,0.9,127,969.0,88,23.6,31.2,264.0,0.6,136.0,3.7
2025-06-10 16:00:00,2025,6,10,16,Cao Bằng,Xã Tam Kim,22.606427,106.0179879,81,Moderate,1,30.5,50,0.0,3.8,161,968.2,100,23.5,31.0,272.0,1.3,134.0,3.4
2025-06-10 17:00:00,2025,6,10,17,Cao Bằng,Xã Tam Kim,22.606427,106.0179879,87,Moderate,1,30.4,53,0.0,3.9,164,968.0,5,23.7,30.9,300.0,3.6,125.0,3.6
2025-06-10 18:00:00,2025,6,10,18,Cao Bằng,Xã Tam Kim,22.606427,106.0179879,89,Moderate,1,28.4,67,0.0,4.8,207,968.1,30,24.6,32.1,340.0,7.0,112.0,4.0
2025-06-10 19:00:00,2025,6,10,19,Cao Bằng,Xã Tam Kim,22.606427,106.0179879,86,Moderate,1,26.7,73,0.0,5.0,226,968.8,23,28.8,36.6,376.0,13.3,96.0,5.1
2025-06-10 20:00:00,2025,6,10,20,Cao Bằng,Xã Tam Kim,22.606427,106.0179879,79,Moderate,1,26.5,73,0.0,2.0,355,970.1,100,32.2,39.9,406.0,16.6,84.0,5.9
2025-06-10 21:00:00,2025,6,10,21,Cao Bằng,Xã Tam Kim,22.606427,106.0179879,76,Moderate,1,26.0,76,0.0,2.2,318,970.6,100,34.6,42.1,433.0,21.1,67.0,7.0
2025-06-10 22:00:00,2025,6,10,22,Cao Bằng,Xã Tam Kim,22.606427,106.0179879,77,Moderate,1,25.7,75,0.0,2.9,300,971.4,100,36.1,43.5,444.0,24.4,53.0,7.6
2025-06-10 23:00:00,2025,6,10,23,Cao Bằng,Xã Tam Kim,22.606427,106.0179879,78,Moderate,1,24.8,77,0.0,5.2,333,971.7,99,37.0,44.4,431.0,25.5,44.0,7.4
2025-06-11 00:00:00,2025,6,11,0,Cao Bằng,Xã Tam Kim,22.606427,106.0179879,79,Moderate,1,24.2,78,0.0,4.6,301,971.3,100,37.1,44.2,402.0,25.3,38.0,6.8
2025-06-11 01:00:00,2025,6,11,1,Cao Bằng,Xã Tam Kim,22.606427,106.0179879,80,Moderate,1,23.9,77,0.0,3.6,290,970.7,96,36.7,43.7,375.0,23.9,34.0,6.1
2025-06-11 02:00:00,2025,6,11,2,Cao Bằng,Xã Tam Kim,22.606427,106.0179879,82,Moderate,1,23.8,76,0.0,2.9,300,970.2,91,34.5,41.0,353.0,20.8,32.0,5.2
2025-06-11 03:00:00,2025,6,11,3,Cao Bằng,Xã Tam Kim,22.606427,106.0179879,83,Moderate,1,23.3,78,0.0,3.2,317,969.8,100,31.0,37.0,331.0,16.6,33.0,4.1
2025-06-11 04:00:00,2025,6,11,4,Cao Bằng,Xã Tam Kim,22.606427,106.0179879,85,Moderate,1,22.9,80,0.0,3.1,306,969.6,28,29.0,35.2,318.0,12.8,37.0,3.3
2025-06-11 05:00:00,2025,6,11,5,Cao Bằng,Xã Tam Kim,22.606427,106.0179879,86,Moderate,1,22.6,80,0.0,3.6,300,970.0,45,28.2,34.3,320.0,10.1,43.0,3.1
2025-06-11 06:00:00,2025,6,11,6,Cao Bằng,Xã Tam Kim,22.606427,106.0179879,86,Moderate,1,23.3,80,0.0,4.4,305,971.0,56,27.7,33.4,330.0,7.8,52.0,3.1
2025-06-11 07:00:00,2025,6,11,7,Cao Bằng,Xã Tam Kim,22.606427,106.0179879,86,Moderate,1,25.0,74,0.0,5.2,297,971.3,25,28.9,33.9,331.0,5.9,68.0,3.3
2025-06-11 08:00:00,2025,6,11,8,Cao Bằng,Xã Tam Kim,22.606427,106.0179879,86,Moderate,1,25.7,74,0.0,4.7,288,971.9,100,29.9,36.1,311.0,4.6,82.0,3.5
2025-06-11 09:00:00,2025,6,11,9,Cao Bằng,Xã Tam Kim,22.606427,106.0179879,87,Moderate,1,26.5,71,0.0,5.7,294,972.1,94,27.6,32.0,281.0,2.9,102.0,3.8
2025-06-11 10:00:00,2025,6,11,10,Cao Bằng,Xã Tam Kim,22.606427,106.0179879,87,Moderate,1,28.3,62,0.0,7.5,312,972.0,86,24.1,26.7,262.0,1.6,116.0,3.9
2025-06-11 11:00:00,2025,6,11,11,Cao Bằng,Xã Tam Kim,22.606427,106.0179879,86,Moderate,1,29.9,57,0.0,5.4,21,971.7,99,23.3,25.4,266.0,1.2,120.0,3.6
2025-06-11 12:00:00,2025,6,11,12,Cao Bằng,Xã Tam Kim,22.606427,106.0179879,86,Moderate,1,30.4,56,0.0,6.0,39,971.0,91,20.8,22.4,280.0,1.2,119.0,3.2
2025-06-11 13:00:00,2025,6,11,13,Cao Bằng,Xã Tam Kim,22.606427,106.0179879,86,Moderate,1,30.6,56,0.0,5.7,35,969.8,39,17.3,18.5,288.0,1.3,118.0,2.7
2025-06-11 14:00:00,2025,6,11,14,Cao Bằng,Xã Tam Kim,22.606427,106.0179879,85,Moderate,1,31.4,54,0.0,4.8,42,969.2,53,14.7,15.6,279.0,0.8,120.0,2.2
2025-06-11 15:00:00,2025,6,11,15,Cao Bằng,Xã Tam Kim,22.606427,106.0179879,84,Moderate,1,32.3,50,0.0,4.4,12,968.2,8,13.8,14.6,264.0,0.4,122.0,1.8
2025-06-11 16:00:00,2025,6,11,16,Cao Bằng,Xã Tam Kim,22.606427,106.0179879,83,Moderate,1,32.4,52,0.0,5.7,24,967.4,15,12.8,13.6,261.0,1.3,120.0,1.7
2025-06-11 17:00:00,2025,6,11,17,Cao Bằng,Xã Tam Kim,22.606427,106.0179879,82,Moderate,1,31.7,54,0.0,5.2,25,967.5,28,12.4,13.1,282.0,4.7,110.0,2.2
2025-06-11 18:00:00,2025,6,11,18,Cao Bằng,Xã Tam Kim,22.606427,106.0179879,81,Moderate,1,30.0,70,0.0,3.3,9,968.0,57,13.1,13.7,315.0,9.5,95.0,3.1
2025-06-11 19:00:00,2025,6,11,19,Cao Bằng,Xã Tam Kim,22.606427,106.0179879,80,Moderate,1,24.0,94,5.6,15.5,292,969.0,95,19.2,19.8,338.0,11.1,75.0,3.6
2025-06-11 20:00:00,2025,6,11,20,Cao Bằng,Xã Tam Kim,22.606427,106.0179879,80,Moderate,1,26.9,74,0.0,7.1,322,970.5,99,20.8,21.5,343.0,12.5,66.0,3.6
2025-06-11 21:00:00,2025,6,11,21,Cao Bằng,Xã Tam Kim,22.606427,106.0179879,79,Moderate,1,26.2,77,0.0,6.2,322,971.1,100,21.3,22.0,338.0,14.4,54.0,3.7
2025-06-11 22:00:00,2025,6,11,22,Cao Bằng,Xã Tam Kim,22.606427,106.0179879,77,Moderate,1,25.5,79,0.0,7.2,325,971.6,84,21.1,21.8,326.0,15.3,45.0,3.6
2025-06-11 23:00:00,2025,6,11,23,Cao Bằng,Xã Tam Kim,22.606427,106.0179879,76,Moderate,1,24.8,81,0.0,7.2,325,971.3,25,20.5,21.1,303.0,14.4,42.0,3.3
2025-06-12 00:00:00,2025,6,12,0,Cao Bằng,Xã Tam Kim,22.606427,106.0179879,75,Moderate,1,23.9,83,0.0,6.9,315,970.8,20,19.6,20.1,274.0,12.6,42.0,2.8
2025-06-12 01:00:00,2025,6,12,1,Cao Bằng,Xã Tam Kim,22.606427,106.0179879,73,Moderate,1,24.1,81,0.0,8.1,309,970.2,17,19.0,19.6,253.0,11.0,43.0,2.5
2025-06-12 02:00:00,2025,6,12,2,Cao Bằng,Xã Tam Kim,22.606427,106.0179879,72,Moderate,1,23.3,83,0.0,7.5,318,969.6,18,18.3,18.9,248.0,10.1,42.0,2.3
2025-06-12 03:00:00,2025,6,12,3,Cao Bằng,Xã Tam Kim,22.606427,106.0179879,70,Moderate,1,23.0,85,0.0,7.3,314,969.4,30,17.7,18.3,251.0,9.4,41.0,2.3
2025-06-12 04:00:00,2025,6,12,4,Cao Bằng,Xã Tam Kim,22.606427,106.0179879,69,Moderate,1,22.9,85,0.0,7.7,311,969.3,93,17.2,17.7,254.0,8.5,43.0,2.3
2025-06-12 05:00:00,2025,6,12,5,Cao Bằng,Xã Tam Kim,22.606427,106.0179879,68,Moderate,1,23.2,84,0.0,8.1,307,969.7,66,16.8,17.3,255.0,7.2,49.0,2.5
2025-06-12 06:00:00,2025,6,12,6,Cao Bằng,Xã Tam Kim,22.606427,106.0179879,67,Moderate,1,23.8,83,0.0,8.3,304,970.1,58,16.7,17.2,257.0,5.7,58.0,2.8
2025-06-12 07:00:00,2025,6,12,7,Cao Bằng,Xã Tam Kim,22.606427,106.0179879,66,Moderate,1,26.1,76,0.0,6.1,298,970.9,47,14.3,14.7,257.0,3.9,70.0,2.7
2025-06-12 08:00:00,2025,6,12,8,Cao Bằng,Xã Tam Kim,22.606427,106.0179879,65,Moderate,1,26.0,76,0.0,6.3,294,971.4,100,12.7,13.2,254.0,3.1,80.0,2.4
2025-06-12 09:00:00,2025,6,12,9,Cao Bằng,Xã Tam Kim,22.606427,106.0179879,63,Moderate,1,27.7,67,0.0,7.9,300,971.5,43,12.3,12.7,248.0,2.1,93.0,2.0
2025-06-12 10:00:00,2025,6,12,10,Cao Bằng,Xã Tam Kim,22.606427,106.0179879,62,Moderate,1,29.8,61,0.2,9.3,16,971.2,81,11.6,11.8,243.0,1.3,102.0,1.7
2025-06-12 11:00:00,2025,6,12,11,Cao Bằng,Xã Tam Kim,22.606427,106.0179879,61,Moderate,1,31.4,53,0.1,10.8,38,970.6,100,11.6,11.8,238.0,1.0,103.0,1.5
2025-06-12 12:00:00,2025,6,12,12,Cao Bằng,Xã Tam Kim,22.606427,106.0179879,60,Moderate,1,32.0,53,0.3,9.5,33,969.7,100,10.9,11.0,233.0,1.1,99.0,1.3
2025-06-12 13:00:00,2025,6,12,13,Cao Bằng,Xã Tam Kim,22.606427,106.0179879,59,Moderate,1,33.1,49,0.1,8.6,37,968.7,97,8.6,8.7,229.0,1.1,95.0,1.1
2025-06-12 14:00:00,2025,6,12,14,Cao Bằng,Xã Tam Kim,22.606427,106.0179879,58,Moderate,1,33.3,51,0.0,7.3,46,967.7,100,6.8,6.9,222.0,0.8,94.0,0.9
2025-06-12 15:00:00,2025,6,12,15,Cao Bằng,Xã Tam Kim,22.606427,106.0179879,57,Moderate,1,31.4,58,0.5,10.9,16,966.9,100,6.7,6.8,215.0,0.6,93.0,0.8
2025-06-12 16:00:00,2025,6,12,16,Cao Bằng,Xã Tam Kim,22.606427,106.0179879,57,Moderate,1,31.9,56,0.3,4.9,354,966.4,99,6.0,6.0,221.0,1.2,89.0,0.9
2025-06-12 17:00:00,2025,6,12,17,Cao Bằng,Xã Tam Kim,22.606427,106.0179879,56,Moderate,1,29.4,76,0.4,6.3,187,966.8,99,6.0,6.1,254.0,3.4,81.0,1.3
2025-06-12 18:00:00,2025,6,12,18,Cao Bằng,Xã Tam Kim,22.606427,106.0179879,55,Moderate,1,27.7,80,0.0,7.9,235,967.4,100,6.5,6.5,300.0,6.3,70.0,1.8
2025-06-12 19:00:00,2025,6,12,19,Cao Bằng,Xã Tam Kim,22.606427,106.0179879,55,Moderate,1,26.3,84,0.0,7.3,250,968.0,100,13.4,13.5,331.0,8.2,63.0,2.4
2025-06-12 20:00:00,2025,6,12,20,Cao Bằng,Xã Tam Kim,22.606427,106.0179879,54,Moderate,1,27.2,77,0.0,1.8,169,969.3,40,13.9,13.9,332.0,9.2,57.0,2.5
2025-06-12 21:00:00,2025,6,12,21,Cao Bằng,Xã Tam Kim,22.606427,106.0179879,54,Moderate,1,26.8,76,0.0,0.4,207,969.8,30,14.5,14.5,317.0,10.6,49.0,2.7
2025-06-12 22:00:00,2025,6,12,22,Cao Bằng,Xã Tam Kim,22.606427,106.0179879,53,Moderate,1,25.7,80,0.0,3.5,325,970.2,42,13.9,13.9,300.0,11.4,43.0,2.8
2025-06-12 23:00:00,2025,6,12,23,Cao Bằng,Xã Tam Kim,22.606427,106.0179879,52,Moderate,1,24.8,83,0.0,6.4,315,970.3,75,13.0,13.0,285.0,11.2,39.0,2.6
2025-06-13 00:00:00,2025,6,13,0,Cao Bằng,Xã Tam Kim,22.606427,106.0179879,52,Moderate,1,24.6,82,0.0,8.0,312,970.1,92,13.2,13.2,269.0,10.4,37.0,2.3
2025-06-13 01:00:00,2025,6,13,1,Cao Bằng,Xã Tam Kim,22.606427,106.0179879,51,Moderate,1,24.6,82,0.0,9.6,310,969.9,98,11.8,11.8,254.0,9.4,37.0,2.0
2025-06-13 02:00:00,2025,6,13,2,Cao Bằng,Xã Tam Kim,22.606427,106.0179879,51,Moderate,1,24.6,82,0.0,8.8,313,969.6,100,10.0,10.1,239.0,8.0,39.0,1.7
2025-06-13 03:00:00,2025,6,13,3,Cao Bằng,Xã Tam Kim,22.606427,106.0179879,50,Good,0,24.7,81,0.0,8.4,310,969.5,100,5.9,6.0,224.0,6.3,42.0,1.5
2025-06-13 04:00:00,2025,6,13,4,Cao Bằng,Xã Tam Kim,22.606427,106.0179879,48,Good,0,24.4,85,0.3,8.9,308,969.2,100,4.7,4.7,217.0,5.1,45.0,1.3
2025-06-13 05:00:00,2025,6,13,5,Cao Bằng,Xã Tam Kim,22.606427,106.0179879,45,Good,0,24.2,87,0.1,8.6,300,969.5,100,4.8,4.8,223.0,4.8,46.0,1.3
2025-06-13 06:00:00,2025,6,13,6,Cao Bằng,Xã Tam Kim,22.606427,106.0179879,43,Good,0,24.5,88,0.1,7.7,295,969.7,100,4.7,4.7,236.0,4.9,46.0,1.5
2025-06-13 07:00:00,2025,6,13,7,Cao Bằng,Xã Tam Kim,22.606427,106.0179879,41,Good,0,25.1,86,0.0,5.2,284,970.4,100,7.9,8.0,241.0,4.7,47.0,1.8
2025-06-13 08:00:00,2025,6,13,8,Cao Bằng,Xã Tam Kim,22.606427,106.0179879,40,Good,0,24.5,96,0.9,6.2,303,971.0,100,5.5,5.6,232.0,3.8,55.0,1.7
2025-06-13 09:00:00,2025,6,13,9,Cao Bằng,Xã Tam Kim,22.606427,106.0179879,39,Good,0,24.7,96,1.2,6.1,293,971.1,100,4.8,4.8,215.0,2.6,67.0,1.6
2025-06-13 10:00:00,2025,6,13,10,Cao Bằng,Xã Tam Kim,22.606427,106.0179879,38,Good,0,25.7,95,0.7,8.0,298,970.8,100,4.1,4.1,200.0,1.7,75.0,1.5
2025-06-13 11:00:00,2025,6,13,11,Cao Bằng,Xã Tam Kim,22.606427,106.0179879,36,Good,0,27.3,83,0.1,7.2,305,970.2,100,3.1,3.1,187.0,1.2,77.0,1.3
2025-06-13 12:00:00,2025,6,13,12,Cao Bằng,Xã Tam Kim,22.606427,106.0179879,35,Good,0,28.6,75,0.0,4.2,317,969.5,87,2.7,2.7,175.0,1.0,77.0,1.0
2025-06-13 13:00:00,2025,6,13,13,Cao Bằng,Xã Tam Kim,22.606427,106.0179879,33,Good,0,31.1,67,0.1,6.4,8,968.3,86,2.6,2.6,167.0,1.0,76.0,0.8
2025-06-13 14:00:00,2025,6,13,14,Cao Bằng,Xã Tam Kim,22.606427,106.0179879,32,Good,0,32.7,56,0.0,7.0,12,966.8,77,3.4,3.5,162.0,1.0,76.0,0.8
2025-06-13 15:00:00,2025,6,13,15,Cao Bằng,Xã Tam Kim,22.606427,106.0179879,32,Good,0,33.4,52,0.0,6.7,44,965.7,99,4.2,4.2,161.0,1.1,76.0,0.9
2025-06-13 16:00:00,2025,6,13,16,Cao Bằng,Xã Tam Kim,22.606427,106.0179879,34,Good,0,29.7,71,0.4,10.0,126,965.5,96,4.7,4.7,173.0,2.1,73.0,1.1
2025-06-13 17:00:00,2025,6,13,17,Cao Bằng,Xã Tam Kim,22.606427,106.0179879,35,Good,0,29.4,74,0.0,3.5,208,965.6,99,5.2,5.3,211.0,4.4,66.0,1.6
2025-06-13 18:00:00,2025,6,13,18,Cao Bằng,Xã Tam Kim,22.606427,106.0179879,35,Good,0,28.3,84,0.0,2.6,231,966.0,91,6.1,6.1,261.0,7.4,57.0,2.2
2025-06-13 19:00:00,2025,6,13,19,Cao Bằng,Xã Tam Kim,22.606427,106.0179879,34,Good,0,27.2,88,0.0,1.9,241,966.8,78,12.8,12.8,292.0,12.9,49.0,3.2
2025-06-13 20:00:00,2025,6,13,20,Cao Bằng,Xã Tam Kim,22.606427,106.0179879,32,Good,0,25.7,90,0.0,5.0,285,967.3,100,15.1,15.1,288.0,16.4,38.0,3.4
2025-06-13 21:00:00,2025,6,13,21,Cao Bằng,Xã Tam Kim,22.606427,106.0179879,31,Good,0,25.7,86,0.0,4.2,275,968.3,99,17.1,17.1,265.0,21.0,24.0,3.7
2025-06-13 22:00:00,2025,6,13,22,Cao Bằng,Xã Tam Kim,22.606427,106.0179879,31,Good,0,25.5,84,0.0,4.0,297,969.1,100,19.3,19.3,242.0,23.1,16.0,3.7
2025-06-13 23:00:00,2025,6,13,23,Cao Bằng,Xã Tam Kim,22.606427,106.0179879,32,Good,0,25.7,83,0.1,2.1,290,968.8,100,18.7,18.7,224.0,20.3,20.0,3.3
2025-06-14 00:00:00,2025,6,14,0,Cao Bằng,Xã Tam Kim,22.606427,106.0179879,33,Good,0,25.5,82,0.1,0.7,194,968.4,100,14.3,14.3,207.0,14.9,30.0,2.8
2025-06-14 01:00:00,2025,6,14,1,Cao Bằng,Xã Tam Kim,22.606427,106.0179879,34,Good,0,24.9,86,0.2,0.5,360,968.1,100,11.1,11.1,192.0,10.5,38.0,2.3
2025-06-14 02:00:00,2025,6,14,2,Cao Bằng,Xã Tam Kim,22.606427,106.0179879,33,Good,0,24.2,91,0.1,4.7,279,967.6,100,8.0,8.1,179.0,8.6,40.0,2.1
2025-06-14 03:00:00,2025,6,14,3,Cao Bằng,Xã Tam Kim,22.606427,106.0179879,33,Good,0,24.4,87,0.1,0.8,297,967.7,100,6.4,6.5,169.0,7.8,40.0,2.0
2025-06-14 04:00:00,2025,6,14,4,Cao Bằng,Xã Tam Kim,22.606427,106.0179879,33,Good,0,24.0,89,0.1,2.7,278,967.5,99,4.5,4.6,171.0,7.0,41.0,2.0
2025-06-14 05:00:00,2025,6,14,5,Cao Bằng,Xã Tam Kim,22.606427,106.0179879,33,Good,0,23.9,89,0.0,3.6,270,967.7,100,4.5,4.5,197.0,6.1,43.0,2.0
2025-06-14 06:00:00,2025,6,14,6,Cao Bằng,Xã Tam Kim,22.606427,106.0179879,33,Good,0,24.6,91,0.0,2.2,294,968.1,100,6.2,6.3,233.0,5.3,45.0,2.1
2025-06-14 07:00:00,2025,6,14,7,Cao Bằng,Xã Tam Kim,22.606427,106.0179879,33,Good,0,26.2,88,0.0,1.5,339,968.4,100,2.8,2.8,252.0,3.0,68.0,1.8
2025-06-14 08:00:00,2025,6,14,8,Cao Bằng,Xã Tam Kim,22.606427,106.0179879,32,Good,0,27.7,79,0.0,1.9,292,968.7,85,3.8,3.8,233.0,2.4,76.0,1.8
2025-06-14 09:00:00,2025,6,14,9,Cao Bằng,Xã Tam Kim,22.606427,106.0179879,32,Good,0,29.5,66,0.0,2.2,9,968.9,73,4.0,4.1,196.0,1.7,86.0,1.8
2025-06-14 10:00:00,2025,6,14,10,Cao Bằng,Xã Tam Kim,22.606427,106.0179879,32,Good,0,30.8,60,0.0,0.9,37,969.1,11,4.0,4.2,168.0,1.1,94.0,1.7
2025-06-14 11:00:00,2025,6,14,11,Cao Bằng,Xã Tam Kim,22.606427,106.0179879,32,Good,0,31.9,55,0.0,2.0,45,968.6,12,3.8,4.0,161.0,0.8,97.0,1.5
2025-06-14 12:00:00,2025,6,14,12,Cao Bằng,Xã Tam Kim,22.606427,106.0179879,32,Good,0,32.6,51,0.0,2.5,69,967.5,21,3.9,4.0,164.0,0.8,98.0,1.2
2025-06-14 13:00:00,2025,6,14,13,Cao Bằng,Xã Tam Kim,22.606427,106.0179879,35,Good,0,32.7,52,0.0,3.3,84,966.3,33,4.0,4.1,167.0,0.8,98.0,1.0
2025-06-14 14:00:00,2025,6,14,14,Cao Bằng,Xã Tam Kim,22.606427,106.0179879,38,Good,0,33.5,51,0.0,3.6,139,965.0,16,4.2,4.3,165.0,0.6,97.0,0.8
2025-06-14 15:00:00,2025,6,14,15,Cao Bằng,Xã Tam Kim,22.606427,106.0179879,41,Good,0,34.0,49,0.0,5.6,197,964.0,42,4.6,4.7,163.0,0.6,95.0,0.7
2025-06-14 16:00:00,2025,6,14,16,Cao Bằng,Xã Tam Kim,22.606427,106.0179879,43,Good,0,34.3,51,0.0,5.9,218,963.5,66,6.9,7.1,172.0,1.6,90.0,0.8
2025-06-14 17:00:00,2025,6,14,17,Cao Bằng,Xã Tam Kim,22.606427,106.0179879,44,Good,0,31.0,72,0.9,6.5,175,963.7,62,6.4,6.6,202.0,4.2,82.0,1.3
2025-06-14 18:00:00,2025,6,14,18,Cao Bằng,Xã Tam Kim,22.606427,106.0179879,44,Good,0,29.6,81,0.0,7.3,130,964.3,100,7.5,7.6,242.0,7.9,71.0,2.0
2025-06-14 19:00:00,2025,6,14,19,Cao Bằng,Xã Tam Kim,22.606427,106.0179879,42,Good,0,28.1,85,0.0,4.8,155,965.1,94,8.9,9.1,274.0,10.3,66.0,2.6
2025-06-14 20:00:00,2025,6,14,20,Cao Bằng,Xã Tam Kim,22.606427,106.0179879,40,Good,0,27.4,88,0.0,3.4,212,965.6,96,10.3,10.4,288.0,12.2,59.0,2.9
2025-06-14 21:00:00,2025,6,14,21,Cao Bằng,Xã Tam Kim,22.606427,106.0179879,38,Good,0,26.8,90,0.0,1.5,210,966.2,96,11.3,11.4,293.0,15.0,49.0,3.4
2025-06-14 22:00:00,2025,6,14,22,Cao Bằng,Xã Tam Kim,22.606427,106.0179879,35,Good,0,26.1,92,0.0,1.4,203,966.8,98,13.0,13.1,294.0,17.7,41.0,3.8
2025-06-14 23:00:00,2025,6,14,23,Cao Bằng,Xã Tam Kim,22.606427,106.0179879,32,Good,0,25.6,94,0.0,0.7,256,967.2,97,15.2,15.4,293.0,20.3,37.0,4.3
2025-06-15 00:00:00,2025,6,15,0,Cao Bằng,Xã Tam Kim,22.606427,106.0179879,29,Good,0,24.9,95,0.0,1.1,270,967.4,100,17.1,17.2,289.0,23.0,35.0,4.8
2025-06-15 01:00:00,2025,6,15,1,Cao Bằng,Xã Tam Kim,22.606427,106.0179879,30,Good,0,24.6,95,0.0,1.8,281,967.0,98,18.6,18.7,283.0,24.9,32.0,5.0
2025-06-15 02:00:00,2025,6,15,2,Cao Bằng,Xã Tam Kim,22.606427,106.0179879,31,Good,0,24.6,95,0.0,1.3,286,966.8,99,19.9,20.0,274.0,26.4,26.0,4.8
2025-06-15 03:00:00,2025,6,15,3,Cao Bằng,Xã Tam Kim,22.606427,106.0179879,33,Good,0,24.3,94,0.0,2.4,297,966.8,95,20.8,20.9,263.0,27.2,19.0,4.4
2025-06-15 04:00:00,2025,6,15,4,Cao Bằng,Xã Tam Kim,22.606427,106.0179879,36,Good,0,24.6,92,0.0,1.3,270,966.7,89,21.4,21.4,258.0,25.8,20.0,4.1
2025-06-15 05:00:00,2025,6,15,5,Cao Bằng,Xã Tam Kim,22.606427,106.0179879,39,Good,0,24.5,91,0.0,3.3,331,967.3,100,24.2,24.3,264.0,20.4,36.0,4.3
2025-06-15 06:00:00,2025,6,15,6,Cao Bằng,Xã Tam Kim,22.606427,106.0179879,42,Good,0,25.7,89,0.0,1.5,284,968.0,100,27.8,27.8,276.0,12.7,59.0,4.7
2025-06-15 07:00:00,2025,6,15,7,Cao Bằng,Xã Tam Kim,22.606427,106.0179879,46,Good,0,26.9,84,0.0,0.8,225,968.5,100,14.0,14.1,279.0,6.8,59.0,3.4
2025-06-15 08:00:00,2025,6,15,8,Cao Bằng,Xã Tam Kim,22.606427,106.0179879,48,Good,0,28.9,76,0.0,0.6,18,968.7,100,11.8,12.0,265.0,5.6,66.0,3.1
2025-06-15 09:00:00,2025,6,15,9,Cao Bằng,Xã Tam Kim,22.606427,106.0179879,49,Good,0,31.0,67,0.3,2.2,360,969.5,66,10.3,10.5,243.0,3.9,77.0,2.6
2025-06-15 10:00:00,2025,6,15,10,Cao Bằng,Xã Tam Kim,22.606427,106.0179879,50,Good,0,31.8,64,0.7,4.0,260,969.7,66,8.0,8.2,225.0,2.6,86.0,2.2
2025-06-15 11:00:00,2025,6,15,11,Cao Bằng,Xã Tam Kim,22.606427,106.0179879,51,Moderate,1,30.3,70,0.1,5.2,184,968.8,73,7.3,7.6,216.0,1.9,92.0,1.8
2025-06-15 12:00:00,2025,6,15,12,Cao Bằng,Xã Tam Kim,22.606427,106.0179879,51,Moderate,1,31.2,66,0.2,4.8,101,967.9,95,7.2,7.5,212.0,1.6,96.0,1.4
2025-06-15 13:00:00,2025,6,15,13,Cao Bằng,Xã Tam Kim,22.606427,106.0179879,51,Moderate,1,30.8,69,0.4,7.7,93,967.5,100,7.2,7.5,212.0,1.4,100.0,1.1
2025-06-15 14:00:00,2025,6,15,14,Cao Bằng,Xã Tam Kim,22.606427,106.0179879,51,Moderate,1,28.2,82,1.9,7.7,90,967.5,100,7.9,8.2,214.0,1.1,104.0,1.0
2025-06-15 15:00:00,2025,6,15,15,Cao Bằng,Xã Tam Kim,22.606427,106.0179879,52,Moderate,1,29.8,72,0.3,1.6,153,967.2,96,8.1,8.3,222.0,0.9,108.0,1.0
2025-06-15 16:00:00,2025,6,15,16,Cao Bằng,Xã Tam Kim,22.606427,106.0179879,52,Moderate,1,28.8,76,0.1,2.4,279,966.7,100,7.8,8.0,241.0,1.8,106.0,1.2
2025-06-15 17:00:00,2025,6,15,17,Cao Bằng,Xã Tam Kim,22.606427,106.0179879,52,Moderate,1,28.7,79,0.1,1.7,328,966.8,100,8.6,8.8,287.0,4.3,94.0,1.5
2025-06-15 18:00:00,2025,6,15,18,Cao Bằng,Xã Tam Kim,22.606427,106.0179879,52,Moderate,1,27.9,86,0.0,3.5,339,967.2,100,9.7,10.0,344.0,7.9,77.0,2.0
2025-06-15 19:00:00,2025,6,15,19,Cao Bằng,Xã Tam Kim,22.606427,106.0179879,53,Moderate,1,26.8,87,0.0,2.4,333,967.9,100,13.6,14.0,380.0,9.0,64.0,2.1
2025-06-15 20:00:00,2025,6,15,20,Cao Bằng,Xã Tam Kim,22.606427,106.0179879,53,Moderate,1,26.8,89,0.0,0.4,360,969.1,100,11.8,12.2,371.0,9.8,58.0,2.2
2025-06-15 21:00:00,2025,6,15,21,Cao Bằng,Xã Tam Kim,22.606427,106.0179879,53,Moderate,1,26.6,89,0.1,0.6,198,970.1,100,12.1,12.5,340.0,10.9,49.0,2.3
2025-06-15 22:00:00,2025,6,15,22,Cao Bằng,Xã Tam Kim,22.606427,106.0179879,53,Moderate,1,26.2,89,0.0,0.6,342,970.6,100,9.1,9.4,320.0,11.8,41.0,2.4
2025-06-15 23:00:00,2025,6,15,23,Cao Bằng,Xã Tam Kim,22.606427,106.0179879,53,Moderate,1,25.8,91,0.0,2.3,108,970.5,100,9.9,10.2,328.0,12.3,35.0,2.3
2025-06-16 00:00:00,2025,6,16,0,Cao Bằng,Xã Tam Kim,22.606427,106.0179879,52,Moderate,1,25.3,93,0.0,2.2,156,969.9,100,11.1,11.5,346.0,12.7,31.0,2.1
2025-06-16 01:00:00,2025,6,16,1,Cao Bằng,Xã Tam Kim,22.606427,106.0179879,52,Moderate,1,25.2,93,0.0,1.7,72,969.4,100,8.5,8.8,354.0,12.8,27.0,1.9
2025-06-16 02:00:00,2025,6,16,2,Cao Bằng,Xã Tam Kim,22.606427,106.0179879,51,Moderate,1,24.8,94,0.0,2.4,48,968.9,99,7.7,8.0,337.0,12.9,23.0,1.7
2025-06-16 03:00:00,2025,6,16,3,Cao Bằng,Xã Tam Kim,22.606427,106.0179879,50,Good,0,24.7,94,0.0,1.3,360,969.1,40,9.1,9.4,309.0,12.7,21.0,1.4
2025-06-16 04:00:00,2025,6,16,4,Cao Bằng,Xã Tam Kim,22.606427,106.0179879,48,Good,0,24.6,94,0.0,1.1,351,969.1,92,10.5,10.9,291.0,11.9,24.0,1.3
2025-06-16 05:00:00,2025,6,16,5,Cao Bằng,Xã Tam Kim,22.606427,106.0179879,46,Good,0,24.3,95,0.0,0.9,127,969.3,99,10.8,11.3,296.0,10.0,35.0,1.4
2025-06-16 06:00:00,2025,6,16,6,Cao Bằng,Xã Tam Kim,22.606427,106.0179879,43,Good,0,24.4,97,1.6,5.6,149,970.0,100,11.6,12.0,311.0,7.4,52.0,1.7
2025-06-16 07:00:00,2025,6,16,7,Cao Bằng,Xã Tam Kim,22.606427,106.0179879,41,Good,0,25.4,95,0.0,2.2,42,970.3,98,9.3,9.8,317.0,5.7,67.0,2.0
2025-06-16 08:00:00,2025,6,16,8,Cao Bằng,Xã Tam Kim,22.606427,106.0179879,40,Good,0,25.4,93,0.0,3.6,96,971.4,100,10.6,11.0,303.0,4.5,83.0,3.6
2025-06-16 09:00:00,2025,6,16,9,Cao Bằng,Xã Tam Kim,22.606427,106.0179879,40,Good,0,25.6,91,0.0,5.2,117,971.3,100,11.1,11.4,280.0,2.9,104.0,5.6
2025-06-16 10:00:00,2025,6,16,10,Cao Bằng,Xã Tam Kim,22.606427,106.0179879,40,Good,0,27.1,82,0.1,7.3,115,971.1,100,13.3,13.6,258.0,1.7,119.0,6.6
2025-06-16 11:00:00,2025,6,16,11,Cao Bằng,Xã Tam Kim,22.606427,106.0179879,41,Good,0,28.1,78,0.1,7.9,114,970.4,78,15.8,16.0,241.0,1.2,122.0,5.3
2025-06-16 12:00:00,2025,6,16,12,Cao Bằng,Xã Tam Kim,22.606427,106.0179879,42,Good,0,29.9,72,0.2,7.3,121,969.3,98,15.1,15.3,226.0,1.2,119.0,2.9
2025-06-16 13:00:00,2025,6,16,13,Cao Bằng,Xã Tam Kim,22.606427,106.0179879,43,Good,0,31.3,66,0.1,7.1,97,968.3,100,14.6,14.8,215.0,1.3,114.0,1.2
2025-06-16 14:00:00,2025,6,16,14,Cao Bằng,Xã Tam Kim,22.606427,106.0179879,45,Good,0,28.8,81,1.2,4.6,222,967.9,100,13.8,14.0,208.0,1.5,110.0,1.2
2025-06-16 15:00:00,2025,6,16,15,Cao Bằng,Xã Tam Kim,22.606427,106.0179879,49,Good,0,27.6,85,0.1,5.5,38,968.0,100,14.4,14.6,206.0,1.8,105.0,1.9
2025-06-16 16:00:00,2025,6,16,16,Cao Bằng,Xã Tam Kim,22.606427,106.0179879,53,Moderate,1,26.9,88,0.1,4.5,67,967.4,99,15.9,16.0,213.0,2.9,99.0,2.6
2025-06-16 17:00:00,2025,6,16,17,Cao Bằng,Xã Tam Kim,22.606427,106.0179879,56,Moderate,1,27.2,86,0.0,0.7,104,967.3,100,15.1,15.2,236.0,5.4,92.0,3.1
2025-06-16 18:00:00,2025,6,16,18,Cao Bằng,Xã Tam Kim,22.606427,106.0179879,54,Moderate,1,27.0,87,0.0,1.4,50,967.8,99,16.2,16.2,267.0,8.7,84.0,3.6
2025-06-16 19:00:00,2025,6,16,19,Cao Bằng,Xã Tam Kim,22.606427,106.0179879,50,Good,0,26.2,91,0.0,1.7,319,968.5,99,17.9,18.0,289.0,8.7,73.0,2.6
2025-06-16 20:00:00,2025,6,16,20,Cao Bằng,Xã Tam Kim,22.606427,106.0179879,51,Moderate,1,26.5,86,0.0,4.0,141,969.1,56,16.0,16.1,291.0,9.0,71.0,2.6
2025-06-16 21:00:00,2025,6,16,21,Cao Bằng,Xã Tam Kim,22.606427,106.0179879,51,Moderate,1,25.9,88,0.0,3.0,107,970.3,67,15.4,15.5,283.0,9.3,68.0,2.7
2025-06-16 22:00:00,2025,6,16,22,Cao Bằng,Xã Tam Kim,22.606427,106.0179879,51,Moderate,1,25.7,90,0.0,2.1,75,970.6,98,11.4,11.5,275.0,9.5,66.0,2.6
2025-06-16 23:00:00,2025,6,16,23,Cao Bằng,Xã Tam Kim,22.606427,106.0179879,52,Moderate,1,25.1,92,0.0,2.9,137,970.7,100,13.4,13.4,272.0,9.4,65.0,2.3
2025-06-17 00:00:00,2025,6,17,0,Cao Bằng,Xã Tam Kim,22.606427,106.0179879,52,Moderate,1,24.8,94,0.0,2.0,135,970.2,100,15.9,15.9,270.0,9.1,64.0,1.8
2025-06-17 01:00:00,2025,6,17,1,Cao Bằng,Xã Tam Kim,22.606427,106.0179879,52,Moderate,1,24.6,95,0.0,2.7,94,970.4,59,16.3,16.4,267.0,8.4,68.0,1.7
2025-06-17 02:00:00,2025,6,17,2,Cao Bằng,Xã Tam Kim,22.606427,106.0179879,53,Moderate,1,24.3,97,0.0,1.9,107,969.8,63,18.3,18.4,262.0,7.1,79.0,1.8
2025-06-17 03:00:00,2025,6,17,3,Cao Bằng,Xã Tam Kim,22.606427,106.0179879,54,Moderate,1,24.1,98,0.0,1.8,101,969.7,70,10.4,10.4,257.0,5.4,94.0,2.2
2025-06-17 04:00:00,2025,6,17,4,Cao Bằng,Xã Tam Kim,22.606427,106.0179879,54,Moderate,1,24.3,96,0.0,2.6,129,970.0,73,9.7,9.7,257.0,4.1,105.0,3.4
2025-06-17 05:00:00,2025,6,17,5,Cao Bằng,Xã Tam Kim,22.606427,106.0179879,54,Moderate,1,24.3,96,0.0,4.7,99,970.1,77,4.6,4.6,270.0,3.6,108.0,6.1
2025-06-17 06:00:00,2025,6,17,6,Cao Bằng,Xã Tam Kim,22.606427,106.0179879,53,Moderate,1,24.5,94,0.1,6.5,87,969.9,99,3.3,3.3,288.0,3.6,108.0,9.5
2025-06-17 07:00:00,2025,6,17,7,Cao Bằng,Xã Tam Kim,22.606427,106.0179879,53,Moderate,1,25.6,88,0.0,5.6,105,970.6,100,7.9,7.9,296.0,3.7,116.0,8.9
2025-06-17 08:00:00,2025,6,17,8,Cao Bằng,Xã Tam Kim,22.606427,106.0179879,53,Moderate,1,27.2,88,0.1,3.6,87,971.1,100,8.2,8.2,284.0,3.4,115.0,9.2
2025-06-17 09:00:00,2025,6,17,9,Cao Bằng,Xã Tam Kim,22.606427,106.0179879,52,Moderate,1,28.1,83,0.3,2.0,63,970.6,93,8.6,8.7,262.0,3.0,114.0,9.6
2025-06-17 10:00:00,2025,6,17,10,Cao Bằng,Xã Tam Kim,22.606427,106.0179879,52,Moderate,1,30.1,76,0.3,4.4,102,970.0,47,11.5,11.6,241.0,2.8,110.0,9.1
2025-06-17 11:00:00,2025,6,17,11,Cao Bằng,Xã Tam Kim,22.606427,106.0179879,52,Moderate,1,31.9,67,0.4,5.9,130,969.5,100,14.8,14.9,223.0,2.8,102.0,7.0
2025-06-17 12:00:00,2025,6,17,12,Cao Bằng,Xã Tam Kim,22.606427,106.0179879,53,Moderate,1,33.7,55,0.2,4.9,180,968.6,100,16.4,16.5,206.0,3.0,93.0,4.1
2025-06-17 13:00:00,2025,6,17,13,Cao Bằng,Xã Tam Kim,22.606427,106.0179879,52,Moderate,1,30.3,68,0.4,6.6,244,967.6,99,16.5,16.6,196.0,3.2,86.0,2.0
2025-06-17 14:00:00,2025,6,17,14,Cao Bằng,Xã Tam Kim,22.606427,106.0179879,52,Moderate,1,30.7,67,0.1,7.5,130,967.3,100,17.4,17.5,196.0,3.3,85.0,1.5
2025-06-17 15:00:00,2025,6,17,15,Cao Bằng,Xã Tam Kim,22.606427,106.0179879,52,Moderate,1,27.0,94,9.0,9.0,112,967.6,100,18.4,18.5,204.0,3.5,87.0,1.9
2025-06-17 16:00:00,2025,6,17,16,Cao Bằng,Xã Tam Kim,22.606427,106.0179879,53,Moderate,1,26.0,94,1.0,4.1,193,967.2,100,20.0,20.1,217.0,4.2,87.0,2.4
2025-06-17 17:00:00,2025,6,17,17,Cao Bằng,Xã Tam Kim,22.606427,106.0179879,53,Moderate,1,26.3,96,0.2,5.4,96,967.3,100,21.9,22.0,241.0,6.1,82.0,2.9
2025-06-17 18:00:00,2025,6,17,18,Cao Bằng,Xã Tam Kim,22.606427,106.0179879,54,Moderate,1,26.4,95,0.3,3.1,97,967.6,100,24.4,24.5,271.0,8.5,76.0,3.6
2025-06-17 19:00:00,2025,6,17,19,Cao Bằng,Xã Tam Kim,22.606427,106.0179879,54,Moderate,1,25.5,98,0.0,3.6,96,967.7,100,24.1,24.2,292.0,9.0,77.0,3.4
2025-06-17 20:00:00,2025,6,17,20,Cao Bằng,Xã Tam Kim,22.606427,106.0179879,55,Moderate,1,25.7,97,1.6,2.0,100,968.8,100,22.8,22.9,298.0,9.3,72.0,3.5
2025-06-17 21:00:00,2025,6,17,21,Cao Bằng,Xã Tam Kim,22.606427,106.0179879,56,Moderate,1,25.3,99,2.0,4.1,56,969.3,100,17.2,17.2,295.0,9.8,66.0,3.5
2025-06-17 22:00:00,2025,6,17,22,Cao Bằng,Xã Tam Kim,22.606427,106.0179879,56,Moderate,1,25.2,99,0.1,2.2,90,969.8,100,15.9,15.9,288.0,9.9,62.0,3.6
2025-06-17 23:00:00,2025,6,17,23,Cao Bằng,Xã Tam Kim,22.606427,106.0179879,56,Moderate,1,25.0,99,0.3,2.4,126,969.8,100,16.4,16.4,276.0,9.5,61.0,3.6
2025-06-18 00:00:00,2025,6,18,0,Cao Bằng,Xã Tam Kim,22.606427,106.0179879,56,Moderate,1,24.9,99,1.3,2.6,106,969.4,100,15.9,15.9,260.0,8.8,62.0,3.5
2025-06-18 01:00:00,2025,6,18,1,Cao Bằng,Xã Tam Kim,22.606427,106.0179879,56,Moderate,1,24.8,99,0.1,1.4,130,968.8,100,13.6,13.6,251.0,8.1,64.0,3.7
2025-06-18 02:00:00,2025,6,18,2,Cao Bằng,Xã Tam Kim,22.606427,106.0179879,56,Moderate,1,24.7,98,6.6,4.7,152,968.5,100,12.0,12.0,253.0,7.3,67.0,4.1
2025-06-18 03:00:00,2025,6,18,3,Cao Bằng,Xã Tam Kim,22.606427,106.0179879,56,Moderate,1,24.5,98,0.9,4.6,132,968.0,100,13.1,13.1,261.0,6.5,71.0,4.8
2025-06-18 04:00:00,2025,6,18,4,Cao Bằng,Xã Tam Kim,22.606427,106.0179879,56,Moderate,1,24.8,97,0.2,5.7,108,968.0,100,16.5,16.6,272.0,6.0,73.0,6.0
2025-06-18 05:00:00,2025,6,18,5,Cao Bằng,Xã Tam Kim,22.606427,106.0179879,57,Moderate,1,24.5,99,0.0,7.8,132,967.9,100,19.5,19.5,290.0,6.0,71.0,8.2
2025-06-18 06:00:00,2025,6,18,6,Cao Bằng,Xã Tam Kim,22.606427,106.0179879,58,Moderate,1,24.6,98,0.0,7.3,128,968.5,100,24.3,24.4,311.0,6.2,68.0,11.0
2025-06-18 07:00:00,2025,6,18,7,Cao Bằng,Xã Tam Kim,22.606427,106.0179879,60,Moderate,1,25.2,97,0.0,5.4,105,968.8,100,23.8,24.0,317.0,4.9,80.0,10.6
2025-06-18 08:00:00,2025,6,18,8,Cao Bằng,Xã Tam Kim,22.606427,106.0179879,61,Moderate,1,26.9,93,0.2,3.6,87,969.3,100,24.1,24.2,297.0,4.5,89.0,11.1
2025-06-18 09:00:00,2025,6,18,9,Cao Bằng,Xã Tam Kim,22.606427,106.0179879,63,Moderate,1,28.7,80,0.1,9.0,186,969.4,100,21.1,21.4,262.0,4.0,101.0,11.8
2025-06-18 10:00:00,2025,6,18,10,Cao Bằng,Xã Tam Kim,22.606427,106.0179879,64,Moderate,1,30.3,66,0.0,12.0,193,969.1,100,20.8,21.2,232.0,3.5,114.0,12.1
2025-06-18 11:00:00,2025,6,18,11,Cao Bằng,Xã Tam Kim,22.606427,106.0179879,64,Moderate,1,31.7,59,0.0,10.7,194,968.5,100,22.3,22.6,210.0,3.0,128.0,11.6
2025-06-18 12:00:00,2025,6,18,12,Cao Bằng,Xã Tam Kim,22.606427,106.0179879,65,Moderate,1,32.6,56,0.0,12.5,195,967.7,97,22.3,22.6,192.0,2.4,143.0,10.6
2025-06-18 13:00:00,2025,6,18,13,Cao Bằng,Xã Tam Kim,22.606427,106.0179879,66,Moderate,1,32.7,56,0.1,13.9,186,967.0,100,22.1,22.2,184.0,2.1,151.0,9.6
2025-06-18 14:00:00,2025,6,18,14,Cao Bằng,Xã Tam Kim,22.606427,106.0179879,66,Moderate,1,29.7,75,1.4,8.6,150,966.5,100,20.7,20.8,191.0,2.1,148.0,8.3
2025-06-18 15:00:00,2025,6,18,15,Cao Bằng,Xã Tam Kim,22.606427,106.0179879,69,Moderate,1,29.3,75,0.0,11.3,136,965.6,100,21.3,21.4,209.0,2.3,138.0,7.0
2025-06-18 16:00:00,2025,6,18,16,Cao Bằng,Xã Tam Kim,22.606427,106.0179879,82,Moderate,1,30.1,70,0.0,9.0,157,964.8,100,19.1,19.2,230.0,2.8,130.0,6.3
2025-06-18 17:00:00,2025,6,18,17,Cao Bằng,Xã Tam Kim,22.606427,106.0179879,91,Moderate,1,29.4,74,0.0,10.3,165,964.8,100,18.2,18.3,260.0,3.7,127.0,6.8
2025-06-18 18:00:00,2025,6,18,18,Cao Bằng,Xã Tam Kim,22.606427,106.0179879,96,Moderate,1,28.7,79,0.0,7.7,150,965.6,100,18.5,18.6,295.0,4.8,127.0,8.0
2025-06-18 19:00:00,2025,6,18,19,Cao Bằng,Xã Tam Kim,22.606427,106.0179879,99,Moderate,1,27.0,87,0.0,6.3,149,966.4,100,17.3,17.6,310.0,5.0,105.0,6.6
2025-06-18 20:00:00,2025,6,18,20,Cao Bằng,Xã Tam Kim,22.606427,106.0179879,94,Moderate,1,26.9,88,0.0,7.1,146,967.5,100,17.9,18.0,290.0,5.3,109.0,8.3
2025-06-18 21:00:00,2025,6,18,21,Cao Bằng,Xã Tam Kim,22.606427,106.0179879,87,Moderate,1,26.5,90,0.0,7.0,138,968.0,100,20.3,20.4,250.0,5.8,114.0,10.6
2025-06-18 22:00:00,2025,6,18,22,Cao Bằng,Xã Tam Kim,22.606427,106.0179879,79,Moderate,1,26.6,88,0.0,6.1,135,969.1,100,25.2,25.4,219.0,6.2,117.0,12.4
2025-06-18 23:00:00,2025,6,18,23,Cao Bằng,Xã Tam Kim,22.606427,106.0179879,72,Moderate,1,25.9,91,0.0,4.6,116,968.8,100,25.3,25.4,206.0,6.5,115.0,13.2
2025-06-19 00:00:00,2025,6,19,0,Cao Bằng,Xã Tam Kim,22.606427,106.0179879,67,Moderate,1,25.6,92,0.0,4.3,112,968.3,100,25.9,26.0,201.0,6.7,110.0,13.5
2025-06-19 01:00:00,2025,6,19,1,Cao Bằng,Xã Tam Kim,22.606427,106.0179879,67,Moderate,1,25.6,92,0.0,3.6,108,967.7,100,20.0,20.0,199.0,7.0,103.0,13.1
2025-06-19 02:00:00,2025,6,19,2,Cao Bằng,Xã Tam Kim,22.606427,106.0179879,68,Moderate,1,25.4,93,3.9,3.7,101,967.6,100,14.5,14.6,198.0,7.4,91.0,11.6
2025-06-19 03:00:00,2025,6,19,3,Cao Bằng,Xã Tam Kim,22.606427,106.0179879,68,Moderate,1,24.9,99,3.0,3.2,52,967.3,100,15.2,15.3,201.0,7.8,76.0,9.4
2025-06-19 04:00:00,2025,6,19,4,Cao Bằng,Xã Tam Kim,22.606427,106.0179879,68,Moderate,1,24.7,99,2.6,1.7,58,967.2,100,12.2,12.3,206.0,8.1,65.0,7.8
2025-06-19 05:00:00,2025,6,19,5,Cao Bằng,Xã Tam Kim,22.606427,106.0179879,68,Moderate,1,24.7,99,0.4,2.8,63,967.2,100,8.7,8.8,217.0,8.3,58.0,7.1
2025-06-19 06:00:00,2025,6,19,6,Cao Bằng,Xã Tam Kim,22.606427,106.0179879,67,Moderate,1,25.1,99,0.1,4.0,60,967.9,100,10.0,10.0,230.0,8.3,54.0,6.9
2025-06-19 07:00:00,2025,6,19,7,Cao Bằng,Xã Tam Kim,22.606427,106.0179879,66,Moderate,1,25.8,98,0.0,3.6,87,968.3,100,2.9,2.9,236.0,8.0,51.0,4.9
2025-06-19 08:00:00,2025,6,19,8,Cao Bằng,Xã Tam Kim,22.606427,106.0179879,64,Moderate,1,26.2,94,1.9,2.2,99,969.3,100,5.2,5.3,227.0,8.2,53.0,5.2
2025-06-19 09:00:00,2025,6,19,9,Cao Bằng,Xã Tam Kim,22.606427,106.0179879,62,Moderate,1,26.4,97,1.8,4.5,124,969.2,100,6.6,6.7,210.0,8.3,55.0,5.6
2025-06-19 10:00:00,2025,6,19,10,Cao Bằng,Xã Tam Kim,22.606427,106.0179879,61,Moderate,1,26.9,96,0.5,5.5,113,969.2,100,8.9,9.0,194.0,8.1,62.0,6.2
2025-06-19 11:00:00,2025,6,19,11,Cao Bằng,Xã Tam Kim,22.606427,106.0179879,60,Moderate,1,28.0,91,0.4,7.1,153,968.8,100,11.1,11.2,181.0,7.2,75.0,7.1
2025-06-19 12:00:00,2025,6,19,12,Cao Bằng,Xã Tam Kim,22.606427,106.0179879,59,Moderate,1,31.0,68,0.2,9.5,189,968.3,100,13.6,13.8,169.0,5.9,91.0,8.2
2025-06-19 13:00:00,2025,6,19,13,Cao Bằng,Xã Tam Kim,22.606427,106.0179879,58,Moderate,1,32.1,61,0.1,9.4,188,967.1,100,14.6,14.8,163.0,4.7,106.0,8.8
2025-06-19 14:00:00,2025,6,19,14,Cao Bằng,Xã Tam Kim,22.606427,106.0179879,58,Moderate,1,33.2,57,0.2,10.5,187,966.1,100,14.8,15.1,161.0,3.6,120.0,8.5
2025-06-19 15:00:00,2025,6,19,15,Cao Bằng,Xã Tam Kim,22.606427,106.0179879,57,Moderate,1,32.8,58,0.0,11.7,189,965.4,100,15.7,16.1,165.0,2.6,132.0,7.8
2025-06-19 16:00:00,2025,6,19,16,Cao Bằng,Xã Tam Kim,22.606427,106.0179879,57,Moderate,1,32.6,57,0.0,12.1,187,965.0,100,16.9,17.3,179.0,2.5,137.0,7.1
2025-06-19 17:00:00,2025,6,19,17,Cao Bằng,Xã Tam Kim,22.606427,106.0179879,56,Moderate,1,31.3,64,0.0,10.5,186,965.2,100,17.5,17.9,216.0,4.3,128.0,6.9
2025-06-19 18:00:00,2025,6,19,18,Cao Bằng,Xã Tam Kim,22.606427,106.0179879,56,Moderate,1,29.8,70,0.0,9.0,170,965.9,100,18.5,18.8,264.0,7.0,110.0,6.7
2025-06-19 19:00:00,2025,6,19,19,Cao Bằng,Xã Tam Kim,22.606427,106.0179879,58,Moderate,1,28.3,77,0.0,7.6,161,966.9,100,20.6,21.1,292.0,7.3,104.0,7.1
2025-06-19 20:00:00,2025,6,19,20,Cao Bằng,Xã Tam Kim,22.606427,106.0179879,64,Moderate,1,27.3,86,0.1,3.0,142,968.1,100,21.0,21.5,281.0,7.3,104.0,7.7
2025-06-19 21:00:00,2025,6,19,21,Cao Bằng,Xã Tam Kim,22.606427,106.0179879,67,Moderate,1,26.7,87,0.0,4.7,137,968.7,100,22.5,22.9,249.0,7.3,103.0,8.4
2025-06-19 22:00:00,2025,6,19,22,Cao Bằng,Xã Tam Kim,22.606427,106.0179879,66,Moderate,1,26.0,92,0.0,4.2,130,969.2,100,24.9,25.4,221.0,7.1,103.0,8.6
2025-06-19 23:00:00,2025,6,19,23,Cao Bằng,Xã Tam Kim,22.606427,106.0179879,62,Moderate,1,25.5,94,0.0,3.6,123,969.6,100,23.9,24.3,203.0,6.4,104.0,7.9
2025-06-20 00:00:00,2025,6,20,0,Cao Bằng,Xã Tam Kim,22.606427,106.0179879,57,Moderate,1,25.5,97,4.6,2.1,121,969.1,100,23.9,24.3,188.0,5.4,105.0,6.7
2025-06-20 01:00:00,2025,6,20,1,Cao Bằng,Xã Tam Kim,22.606427,106.0179879,57,Moderate,1,25.1,98,1.0,3.7,125,968.6,100,16.8,17.1,179.0,4.7,103.0,5.5
2025-06-20 02:00:00,2025,6,20,2,Cao Bằng,Xã Tam Kim,22.606427,106.0179879,56,Moderate,1,24.9,99,1.8,1.6,90,968.6,100,4.6,4.7,177.0,4.5,95.0,4.6
2025-06-20 03:00:00,2025,6,20,3,Cao Bằng,Xã Tam Kim,22.606427,106.0179879,56,Moderate,1,24.6,98,0.6,5.8,88,968.3,100,1.7,1.7,180.0,4.6,85.0,3.7
2025-06-20 04:00:00,2025,6,20,4,Cao Bằng,Xã Tam Kim,22.606427,106.0179879,54,Moderate,1,24.2,100,3.2,3.6,70,968.1,100,1.1,1.1,185.0,4.9,75.0,3.1
2025-06-20 05:00:00,2025,6,20,5,Cao Bằng,Xã Tam Kim,22.606427,106.0179879,53,Moderate,1,24.2,100,1.3,4.6,99,968.1,100,1.2,1.2,192.0,5.4,67.0,2.7
2025-06-20 06:00:00,2025,6,20,6,Cao Bằng,Xã Tam Kim,22.606427,106.0179879,53,Moderate,1,24.5,99,0.9,3.8,85,968.6,100,1.5,1.5,200.0,6.1,60.0,2.5
2025-06-20 07:00:00,2025,6,20,7,Cao Bằng,Xã Tam Kim,22.606427,106.0179879,52,Moderate,1,25.1,99,0.4,3.0,73,968.9,100,2.4,2.5,206.0,8.1,56.0,3.8
2025-06-20 08:00:00,2025,6,20,8,Cao Bằng,Xã Tam Kim,22.606427,106.0179879,52,Moderate,1,24.5,99,1.2,3.5,62,969.7,100,2.5,2.5,207.0,7.8,58.0,3.8
2025-06-20 09:00:00,2025,6,20,9,Cao Bằng,Xã Tam Kim,22.606427,106.0179879,52,Moderate,1,25.1,97,1.0,5.3,66,970.1,100,2.6,2.6,206.0,7.3,62.0,3.8
2025-06-20 10:00:00,2025,6,20,10,Cao Bằng,Xã Tam Kim,22.606427,106.0179879,51,Moderate,1,25.8,96,2.3,4.3,90,969.9,100,2.7,2.8,204.0,6.7,67.0,4.0
2025-06-20 11:00:00,2025,6,20,11,Cao Bằng,Xã Tam Kim,22.606427,106.0179879,51,Moderate,1,25.8,97,1.7,5.9,108,969.6,100,3.5,3.6,201.0,5.8,76.0,4.5
2025-06-20 12:00:00,2025,6,20,12,Cao Bằng,Xã Tam Kim,22.606427,106.0179879,50,Good,0,26.4,97,1.7,3.8,85,969.1,100,4.3,4.5,198.0,4.8,87.0,5.2
2025-06-20 13:00:00,2025,6,20,13,Cao Bằng,Xã Tam Kim,22.606427,106.0179879,49,Good,0,26.1,97,1.4,4.3,73,968.5,100,5.0,5.1,196.0,4.2,95.0,5.6
2025-06-20 14:00:00,2025,6,20,14,Cao Bằng,Xã Tam Kim,22.606427,106.0179879,47,Good,0,26.2,97,2.1,3.8,71,967.8,100,5.4,5.5,191.0,3.9,97.0,5.6
2025-06-20 15:00:00,2025,6,20,15,Cao Bằng,Xã Tam Kim,22.606427,106.0179879,45,Good,0,26.3,96,3.4,2.3,72,967.0,100,5.8,6.0,188.0,4.0,95.0,5.3
2025-06-20 16:00:00,2025,6,20,16,Cao Bằng,Xã Tam Kim,22.606427,106.0179879,44,Good,0,26.3,96,1.3,3.1,77,966.7,100,6.7,7.0,204.0,4.8,90.0,5.2
2025-06-20 17:00:00,2025,6,20,17,Cao Bằng,Xã Tam Kim,22.606427,106.0179879,42,Good,0,26.0,99,0.5,2.7,37,967.0,100,8.5,8.9,263.0,7.3,81.0,5.4
2025-06-20 18:00:00,2025,6,20,18,Cao Bằng,Xã Tam Kim,22.606427,106.0179879,40,Good,0,25.7,99,0.6,2.9,30,967.4,100,11.4,12.0,341.0,10.6,69.0,5.8
2025-06-20 19:00:00,2025,6,20,19,Cao Bằng,Xã Tam Kim,22.606427,106.0179879,40,Good,0,25.5,96,1.0,2.4,9,968.2,100,14.2,15.1,387.0,16.6,54.0,6.9
2025-06-20 20:00:00,2025,6,20,20,Cao Bằng,Xã Tam Kim,22.606427,106.0179879,39,Good,0,25.8,90,2.6,0.2,270,969.3,98,16.1,17.1,373.0,15.4,55.0,6.9
2025-06-20 21:00:00,2025,6,20,21,Cao Bằng,Xã Tam Kim,22.606427,106.0179879,37,Good,0,25.5,90,0.8,0.4,243,969.5,100,15.4,16.6,327.0,13.7,57.0,6.8
2025-06-20 22:00:00,2025,6,20,22,Cao Bằng,Xã Tam Kim,22.606427,106.0179879,36,Good,0,24.7,94,2.3,2.2,76,970.4,100,12.7,13.9,284.0,12.1,60.0,6.9
2025-06-20 23:00:00,2025,6,20,23,Cao Bằng,Xã Tam Kim,22.606427,106.0179879,34,Good,0,24.5,97,1.6,2.0,100,970.6,100,14.0,15.3,254.0,10.5,65.0,7.1
2025-06-21 00:00:00,2025,6,21,0,Cao Bằng,Xã Tam Kim,22.606427,106.0179879,32,Good,0,24.1,98,2.7,3.6,81,970.0,100,15.8,17.2,228.0,9.0,70.0,7.5
2025-06-21 01:00:00,2025,6,21,1,Cao Bằng,Xã Tam Kim,22.606427,106.0179879,31,Good,0,23.9,99,3.5,4.0,85,969.7,100,13.4,14.3,207.0,7.9,72.0,7.6
2025-06-21 02:00:00,2025,6,21,2,Cao Bằng,Xã Tam Kim,22.606427,106.0179879,30,Good,0,23.8,100,2.0,4.1,41,969.3,100,5.3,5.6,194.0,7.7,67.0,7.5
2025-06-21 03:00:00,2025,6,21,3,Cao Bằng,Xã Tam Kim,22.606427,106.0179879,30,Good,0,23.7,100,2.9,3.2,16,969.2,100,4.7,4.9,187.0,8.1,59.0,7.3
2025-06-21 04:00:00,2025,6,21,4,Cao Bằng,Xã Tam Kim,22.606427,106.0179879,31,Good,0,23.5,100,1.5,3.8,73,969.0,100,3.1,3.2,184.0,8.2,53.0,6.8
2025-06-21 05:00:00,2025,6,21,5,Cao Bằng,Xã Tam Kim,22.606427,106.0179879,31,Good,0,23.5,100,0.9,5.2,90,969.2,100,2.3,2.3,188.0,7.8,52.0,5.7
2025-06-21 06:00:00,2025,6,21,6,Cao Bằng,Xã Tam Kim,22.606427,106.0179879,31,Good,0,23.6,100,1.2,3.9,77,969.9,100,1.6,1.7,196.0,7.2,53.0,4.3
2025-06-21 07:00:00,2025,6,21,7,Cao Bằng,Xã Tam Kim,22.606427,106.0179879,31,Good,0,23.7,100,1.2,5.5,58,970.8,100,5.0,5.1,202.0,8.9,65.0,5.6
2025-06-21 08:00:00,2025,6,21,8,Cao Bằng,Xã Tam Kim,22.606427,106.0179879,32,Good,0,24.5,98,1.5,3.2,71,971.0,100,5.9,6.0,205.0,8.7,66.0,5.3
2025-06-21 09:00:00,2025,6,21,9,Cao Bằng,Xã Tam Kim,22.606427,106.0179879,32,Good,0,24.6,98,2.4,5.3,78,971.3,100,5.6,5.7,206.0,8.4,68.0,4.8
2025-06-21 10:00:00,2025,6,21,10,Cao Bằng,Xã Tam Kim,22.606427,106.0179879,33,Good,0,25.1,96,1.1,5.1,80,971.2,100,4.4,4.4,204.0,7.9,72.0,4.4
2025-06-21 11:00:00,2025,6,21,11,Cao Bằng,Xã Tam Kim,22.606427,106.0179879,33,Good,0,25.8,96,1.2,3.7,76,970.7,100,4.2,4.3,196.0,6.9,78.0,4.2
2025-06-21 12:00:00,2025,6,21,12,Cao Bằng,Xã Tam Kim,22.606427,106.0179879,33,Good,0,26.1,95,1.3,5.0,103,970.3,100,5.3,5.4,184.0,5.7,86.0,4.1
2025-06-21 13:00:00,2025,6,21,13,Cao Bằng,Xã Tam Kim,22.606427,106.0179879,33,Good,0,26.4,95,1.8,4.3,90,969.4,100,7.2,7.4,176.0,4.8,92.0,3.8
2025-06-21 14:00:00,2025,6,21,14,Cao Bằng,Xã Tam Kim,22.606427,106.0179879,34,Good,0,26.7,94,1.5,3.7,104,968.6,100,6.9,7.1,171.0,4.3,96.0,3.2
2025-06-21 15:00:00,2025,6,21,15,Cao Bằng,Xã Tam Kim,22.606427,106.0179879,36,Good,0,27.5,88,0.4,4.9,114,967.9,100,6.7,6.9,169.0,4.2,98.0,2.4
2025-06-21 16:00:00,2025,6,21,16,Cao Bằng,Xã Tam Kim,22.606427,106.0179879,38,Good,0,28.4,84,0.2,4.8,103,967.8,100,6.7,6.9,176.0,4.6,98.0,2.0
2025-06-21 17:00:00,2025,6,21,17,Cao Bằng,Xã Tam Kim,22.606427,106.0179879,40,Good,0,28.3,82,0.2,4.6,111,968.1,100,7.4,7.6,202.0,6.0,93.0,2.2
2025-06-21 18:00:00,2025,6,21,18,Cao Bằng,Xã Tam Kim,22.606427,106.0179879,41,Good,0,27.0,90,0.5,2.4,103,968.9,100,9.1,9.4,238.0,8.0,85.0,2.8
2025-06-21 19:00:00,2025,6,21,19,Cao Bằng,Xã Tam Kim,22.606427,106.0179879,42,Good,0,25.9,93,0.1,3.1,90,969.7,100,16.4,17.1,259.0,16.9,73.0,7.0
2025-06-21 20:00:00,2025,6,21,20,Cao Bằng,Xã Tam Kim,22.606427,106.0179879,42,Good,0,24.6,95,0.4,0.0,270,970.7,100,19.0,19.8,254.0,14.9,72.0,6.6
2025-06-21 21:00:00,2025,6,21,21,Cao Bằng,Xã Tam Kim,22.606427,106.0179879,41,Good,0,24.4,95,0.9,0.4,63,971.5,100,18.5,19.3,235.0,12.1,70.0,6.0
2025-06-21 22:00:00,2025,6,21,22,Cao Bằng,Xã Tam Kim,22.606427,106.0179879,40,Good,0,23.7,99,0.6,3.4,122,972.3,100,18.5,19.4,217.0,9.8,70.0,5.6
2025-06-21 23:00:00,2025,6,21,23,Cao Bằng,Xã Tam Kim,22.606427,106.0179879,38,Good,0,23.3,100,2.0,5.2,59,972.4,100,18.5,19.4,204.0,8.4,73.0,5.5
2025-06-22 00:00:00,2025,6,22,0,Cao Bằng,Xã Tam Kim,22.606427,106.0179879,37,Good,0,22.9,100,8.0,3.7,23,971.8,100,17.5,18.3,191.0,7.5,79.0,5.5
2025-06-22 01:00:00,2025,6,22,1,Cao Bằng,Xã Tam Kim,22.606427,106.0179879,37,Good,0,22.7,100,4.0,4.4,35,971.5,100,9.7,10.1,181.0,6.8,81.0,5.4
2025-06-22 02:00:00,2025,6,22,2,Cao Bằng,Xã Tam Kim,22.606427,106.0179879,36,Good,0,22.5,100,2.2,3.9,24,971.0,100,6.6,6.8,175.0,6.2,79.0,5.1
2025-06-22 03:00:00,2025,6,22,3,Cao Bằng,Xã Tam Kim,22.606427,106.0179879,37,Good,0,22.6,100,0.8,2.3,32,970.8,100,2.9,3.0,172.0,5.7,74.0,4.8
2025-06-22 04:00:00,2025,6,22,4,Cao Bằng,Xã Tam Kim,22.606427,106.0179879,36,Good,0,22.6,100,0.5,2.8,45,970.8,100,2.1,2.1,173.0,5.5,69.0,4.5
2025-06-22 05:00:00,2025,6,22,5,Cao Bằng,Xã Tam Kim,22.606427,106.0179879,36,Good,0,22.5,100,3.4,2.7,122,971.2,100,1.6,1.6,183.0,5.8,62.0,4.4
2025-06-22 06:00:00,2025,6,22,6,Cao Bằng,Xã Tam Kim,22.606427,106.0179879,36,Good,0,22.8,100,1.7,3.1,36,971.6,100,1.3,1.3,196.0,6.3,54.0,4.4
2025-06-22 07:00:00,2025,6,22,7,Cao Bằng,Xã Tam Kim,22.606427,106.0179879,36,Good,0,23.3,99,0.6,3.2,137,971.9,100,2.4,2.4,204.0,7.7,52.0,10.0
2025-06-22 08:00:00,2025,6,22,8,Cao Bằng,Xã Tam Kim,22.606427,106.0179879,35,Good,0,25.2,96,0.1,5.3,102,971.8,98,2.3,2.4,198.0,6.5,64.0,8.3
2025-06-22 09:00:00,2025,6,22,9,Cao Bằng,Xã Tam Kim,22.606427,106.0179879,35,Good,0,27.2,85,0.2,5.5,109,972.1,100,2.3,2.3,186.0,4.7,80.0,5.8
2025-06-22 10:00:00,2025,6,22,10,Cao Bằng,Xã Tam Kim,22.606427,106.0179879,34,Good,0,28.5,78,0.6,8.2,142,971.8,100,3.8,3.9,179.0,3.3,92.0,3.7
2025-06-22 11:00:00,2025,6,22,11,Cao Bằng,Xã Tam Kim,22.606427,106.0179879,34,Good,0,26.0,91,1.8,14.5,141,971.4,100,5.6,6.0,181.0,2.4,96.0,2.3
2025-06-22 12:00:00,2025,6,22,12,Cao Bằng,Xã Tam Kim,22.606427,106.0179879,34,Good,0,27.1,86,0.4,6.7,156,971.2,99,6.8,7.7,188.0,1.8,96.0,1.2
2025-06-22 13:00:00,2025,6,22,13,Cao Bằng,Xã Tam Kim,22.606427,106.0179879,35,Good,0,28.3,79,0.3,8.0,166,970.1,93,7.6,8.6,194.0,1.4,97.0,0.5
2025-06-22 14:00:00,2025,6,22,14,Cao Bằng,Xã Tam Kim,22.606427,106.0179879,37,Good,0,29.9,69,0.1,9.8,193,969.2,99,8.5,9.5,194.0,1.2,102.0,0.2
2025-06-22 15:00:00,2025,6,22,15,Cao Bằng,Xã Tam Kim,22.606427,106.0179879,39,Good,0,30.3,65,0.0,9.7,177,968.7,100,9.7,10.7,192.0,1.2,107.0,0.3
2025-06-22 16:00:00,2025,6,22,16,Cao Bằng,Xã Tam Kim,22.606427,106.0179879,43,Good,0,30.9,62,0.0,9.8,172,967.9,100,12.1,13.1,197.0,1.8,108.0,0.5
2025-06-22 17:00:00,2025,6,22,17,Cao Bằng,Xã Tam Kim,22.606427,106.0179879,45,Good,0,29.8,69,0.1,8.0,149,968.0,100,14.7,15.7,216.0,3.2,102.0,0.8
2025-06-22 18:00:00,2025,6,22,18,Cao Bằng,Xã Tam Kim,22.606427,106.0179879,46,Good,0,28.0,77,0.0,9.3,146,968.6,100,14.8,15.5,241.0,5.1,92.0,1.2
2025-06-22 19:00:00,2025,6,22,19,Cao Bằng,Xã Tam Kim,22.606427,106.0179879,46,Good,0,25.9,87,0.6,6.2,163,969.9,100,19.2,20.1,258.0,11.1,87.0,3.5
2025-06-22 20:00:00,2025,6,22,20,Cao Bằng,Xã Tam Kim,22.606427,106.0179879,46,Good,0,25.9,90,1.3,0.6,326,970.4,100,19.3,20.1,259.0,9.5,91.0,3.6
2025-06-22 21:00:00,2025,6,22,21,Cao Bằng,Xã Tam Kim,22.606427,106.0179879,46,Good,0,24.2,98,3.8,3.1,277,971.6,100,18.6,19.2,252.0,7.3,96.0,3.7
2025-06-22 22:00:00,2025,6,22,22,Cao Bằng,Xã Tam Kim,22.606427,106.0179879,46,Good,0,23.9,99,2.4,2.7,113,972.2,100,17.1,17.6,240.0,5.5,100.0,3.7
2025-06-22 23:00:00,2025,6,22,23,Cao Bằng,Xã Tam Kim,22.606427,106.0179879,45,Good,0,23.6,99,0.7,2.7,94,972.4,100,14.3,14.6,223.0,4.6,102.0,3.3
2025-06-23 00:00:00,2025,6,23,0,Cao Bằng,Xã Tam Kim,22.606427,106.0179879,45,Good,0,23.3,100,0.4,6.6,68,972.1,100,12.0,12.3,201.0,4.2,103.0,2.7
2025-06-23 01:00:00,2025,6,23,1,Cao Bằng,Xã Tam Kim,22.606427,106.0179879,45,Good,0,23.0,100,1.6,2.3,356,971.6,100,7.6,7.8,185.0,3.9,102.0,2.3
2025-06-23 02:00:00,2025,6,23,2,Cao Bằng,Xã Tam Kim,22.606427,106.0179879,45,Good,0,23.0,100,0.5,4.4,58,970.5,100,3.7,3.7,177.0,3.5,100.0,2.2
2025-06-23 03:00:00,2025,6,23,3,Cao Bằng,Xã Tam Kim,22.606427,106.0179879,45,Good,0,22.8,100,0.3,1.9,68,970.3,100,2.4,2.5,175.0,3.1,97.0,2.2
2025-06-23 04:00:00,2025,6,23,4,Cao Bằng,Xã Tam Kim,22.606427,106.0179879,46,Good,0,22.9,100,0.6,2.7,58,970.2,100,1.5,1.6,179.0,3.0,93.0,2.5
2025-06-23 05:00:00,2025,6,23,5,Cao Bằng,Xã Tam Kim,22.606427,106.0179879,46,Good,0,23.0,100,1.2,2.0,80,970.1,100,1.2,1.2,195.0,3.3,87.0,3.2
2025-06-23 06:00:00,2025,6,23,6,Cao Bằng,Xã Tam Kim,22.606427,106.0179879,45,Good,0,23.2,99,0.7,3.7,55,970.2,100,1.0,1.0,218.0,3.9,80.0,4.0
2025-06-23 07:00:00,2025,6,23,7,Cao Bằng,Xã Tam Kim,22.606427,106.0179879,44,Good,0,24.0,94,0.5,3.9,68,970.5,100,4.6,4.7,231.0,5.0,91.0,6.0
2025-06-23 08:00:00,2025,6,23,8,Cao Bằng,Xã Tam Kim,22.606427,106.0179879,44,Good,0,26.1,90,0.1,4.7,133,970.8,56,4.6,4.7,223.0,4.2,94.0,6.5
2025-06-23 09:00:00,2025,6,23,9,Cao Bằng,Xã Tam Kim,22.606427,106.0179879,43,Good,0,28.2,78,0.3,5.7,169,970.7,92,6.1,6.2,204.0,3.1,98.0,7.2
2025-06-23 10:00:00,2025,6,23,10,Cao Bằng,Xã Tam Kim,22.606427,106.0179879,43,Good,0,30.6,66,0.2,6.2,173,970.8,100,7.8,8.0,190.0,2.2,101.0,7.4
2025-06-23 11:00:00,2025,6,23,11,Cao Bằng,Xã Tam Kim,22.606427,106.0179879,43,Good,0,31.5,62,0.1,6.5,188,970.4,100,8.9,9.2,185.0,1.7,103.0,6.6
2025-06-23 12:00:00,2025,6,23,12,Cao Bằng,Xã Tam Kim,22.606427,106.0179879,43,Good,0,31.9,59,0.0,7.1,190,969.5,100,10.0,10.4,185.0,1.3,105.0,5.2
2025-06-23 13:00:00,2025,6,23,13,Cao Bằng,Xã Tam Kim,22.606427,106.0179879,44,Good,0,32.5,58,0.0,9.2,191,967.9,87,11.3,11.7,186.0,1.2,108.0,4.1
2025-06-23 14:00:00,2025,6,23,14,Cao Bằng,Xã Tam Kim,22.606427,106.0179879,45,Good,0,33.1,56,0.1,9.4,188,967.0,91,12.7,13.2,185.0,1.1,115.0,3.6
2025-06-23 15:00:00,2025,6,23,15,Cao Bằng,Xã Tam Kim,22.606427,106.0179879,47,Good,0,32.7,57,0.0,7.9,184,966.1,96,14.5,14.9,185.0,1.1,122.0,3.3
2025-06-23 16:00:00,2025,6,23,16,Cao Bằng,Xã Tam Kim,22.606427,106.0179879,49,Good,0,31.3,62,0.1,6.1,194,965.9,100,17.1,17.5,194.0,1.8,126.0,3.3
2025-06-23 17:00:00,2025,6,23,17,Cao Bằng,Xã Tam Kim,22.606427,106.0179879,53,Moderate,1,30.1,69,0.1,6.7,172,965.9,100,19.7,20.1,222.0,3.7,122.0,3.6
2025-06-23 18:00:00,2025,6,23,18,Cao Bằng,Xã Tam Kim,22.606427,106.0179879,58,Moderate,1,28.8,77,0.0,8.7,150,966.7,100,22.9,23.2,258.0,6.1,113.0,4.0
2025-06-23 19:00:00,2025,6,23,19,Cao Bằng,Xã Tam Kim,22.606427,106.0179879,61,Moderate,1,27.4,82,0.0,8.5,159,967.6,100,24.3,24.7,284.0,8.3,96.0,4.3
2025-06-23 20:00:00,2025,6,23,20,Cao Bằng,Xã Tam Kim,22.606427,106.0179879,59,Moderate,1,26.3,87,0.0,5.0,159,968.4,100,25.7,26.0,291.0,8.1,95.0,4.4
2025-06-23 21:00:00,2025,6,23,21,Cao Bằng,Xã Tam Kim,22.606427,106.0179879,57,Moderate,1,25.5,91,0.0,3.9,156,968.8,100,27.1,27.4,287.0,7.7,94.0,4.5
2025-06-23 22:00:00,2025,6,23,22,Cao Bằng,Xã Tam Kim,22.606427,106.0179879,54,Moderate,1,25.0,93,0.0,3.8,155,969.7,100,30.2,30.4,276.0,7.3,94.0,4.5
2025-06-23 23:00:00,2025,6,23,23,Cao Bằng,Xã Tam Kim,22.606427,106.0179879,50,Good,0,25.0,93,0.0,3.2,133,970.2,100,31.5,31.8,254.0,6.7,97.0,4.3
2025-06-24 00:00:00,2025,6,24,0,Cao Bằng,Xã Tam Kim,22.606427,106.0179879,52,Moderate,1,25.1,93,0.0,2.0,80,970.3,100,32.8,33.1,225.0,6.0,101.0,4.1
2025-06-24 01:00:00,2025,6,24,1,Cao Bằng,Xã Tam Kim,22.606427,106.0179879,54,Moderate,1,24.9,94,0.0,1.8,135,969.6,100,33.4,33.5,202.0,5.5,103.0,3.8
2025-06-24 02:00:00,2025,6,24,2,Cao Bằng,Xã Tam Kim,22.606427,106.0179879,56,Moderate,1,24.1,96,0.1,2.8,101,969.5,100,26.6,26.8,190.0,5.2,100.0,3.3
2025-06-24 03:00:00,2025,6,24,3,Cao Bằng,Xã Tam Kim,22.606427,106.0179879,58,Moderate,1,24.2,96,0.1,2.3,94,969.1,100,15.1,15.2,184.0,5.1,94.0,2.8
2025-06-24 04:00:00,2025,6,24,4,Cao Bằng,Xã Tam Kim,22.606427,106.0179879,59,Moderate,1,24.0,97,0.0,3.2,71,969.1,100,8.5,8.6,186.0,5.2,87.0,2.8
2025-06-24 05:00:00,2025,6,24,5,Cao Bằng,Xã Tam Kim,22.606427,106.0179879,60,Moderate,1,24.0,97,0.0,3.5,78,969.6,100,5.3,5.4,203.0,5.6,77.0,3.8
2025-06-24 06:00:00,2025,6,24,6,Cao Bằng,Xã Tam Kim,22.606427,106.0179879,60,Moderate,1,24.5,97,0.0,6.5,56,969.7,100,5.1,5.1,229.0,6.2,67.0,5.2
2025-06-24 07:00:00,2025,6,24,7,Cao Bằng,Xã Tam Kim,22.606427,106.0179879,60,Moderate,1,25.2,93,0.1,6.1,113,970.4,100,11.0,11.2,244.0,4.8,67.0,4.1
2025-06-24 08:00:00,2025,6,24,8,Cao Bằng,Xã Tam Kim,22.606427,106.0179879,61,Moderate,1,27.2,83,1.0,5.5,131,970.7,100,11.2,11.4,238.0,4.4,72.0,3.5
2025-06-24 09:00:00,2025,6,24,9,Cao Bằng,Xã Tam Kim,22.606427,106.0179879,62,Moderate,1,28.8,77,0.1,8.4,164,970.9,100,11.2,11.4,222.0,3.7,80.0,2.6
2025-06-24 10:00:00,2025,6,24,10,Cao Bằng,Xã Tam Kim,22.606427,106.0179879,62,Moderate,1,30.1,67,0.0,9.0,167,971.2,100,11.6,11.7,207.0,3.2,86.0,1.9
2025-06-24 11:00:00,2025,6,24,11,Cao Bằng,Xã Tam Kim,22.606427,106.0179879,62,Moderate,1,31.2,65,0.1,10.2,163,970.9,100,10.6,10.8,197.0,2.9,89.0,1.4
2025-06-24 12:00:00,2025,6,24,12,Cao Bằng,Xã Tam Kim,22.606427,106.0179879,63,Moderate,1,31.2,65,0.2,12.4,190,970.1,100,10.8,10.9,189.0,2.6,90.0,0.9
2025-06-24 13:00:00,2025,6,24,13,Cao Bằng,Xã Tam Kim,22.606427,106.0179879,63,Moderate,1,31.4,63,0.0,7.9,181,969.2,100,12.5,12.6,184.0,2.4,92.0,0.6
2025-06-24 14:00:00,2025,6,24,14,Cao Bằng,Xã Tam Kim,22.606427,106.0179879,63,Moderate,1,32.3,58,0.0,12.3,188,968.0,99,14.8,15.0,184.0,2.1,98.0,0.4
2025-06-24 15:00:00,2025,6,24,15,Cao Bằng,Xã Tam Kim,22.606427,106.0179879,63,Moderate,1,31.6,62,0.2,9.0,185,967.6,99,17.6,17.9,188.0,1.9,106.0,0.4
2025-06-24 16:00:00,2025,6,24,16,Cao Bằng,Xã Tam Kim,22.606427,106.0179879,63,Moderate,1,30.6,65,0.2,10.8,156,967.4,100,19.8,20.1,196.0,2.2,109.0,0.5
2025-06-24 17:00:00,2025,6,24,17,Cao Bằng,Xã Tam Kim,22.606427,106.0179879,63,Moderate,1,30.1,68,0.0,8.5,152,967.5,100,20.9,21.2,213.0,3.4,106.0,0.8
2025-06-24 18:00:00,2025,6,24,18,Cao Bằng,Xã Tam Kim,22.606427,106.0179879,64,Moderate,1,29.0,76,0.0,6.7,136,968.2,99,21.9,22.1,234.0,5.0,98.0,1.1
2025-06-24 19:00:00,2025,6,24,19,Cao Bằng,Xã Tam Kim,22.606427,106.0179879,63,Moderate,1,26.9,85,0.0,5.8,160,969.4,99,20.3,20.5,246.0,8.2,85.0,2.5
2025-06-24 20:00:00,2025,6,24,20,Cao Bằng,Xã Tam Kim,22.606427,106.0179879,63,Moderate,1,26.1,98,0.0,4.2,144,970.7,100,20.9,21.1,241.0,7.6,86.0,3.4
2025-06-24 21:00:00,2025,6,24,21,Cao Bằng,Xã Tam Kim,22.606427,106.0179879,63,Moderate,1,25.9,97,0.0,1.5,111,971.4,100,20.8,21.1,227.0,6.7,88.0,4.5
2025-06-24 22:00:00,2025,6,24,22,Cao Bằng,Xã Tam Kim,22.606427,106.0179879,62,Moderate,1,25.5,98,0.0,0.0,270,972.0,100,20.5,20.7,215.0,6.1,88.0,5.3
2025-06-24 23:00:00,2025,6,24,23,Cao Bằng,Xã Tam Kim,22.606427,106.0179879,61,Moderate,1,24.6,98,0.4,2.7,32,972.8,100,17.8,18.0,209.0,6.0,85.0,5.4
2025-06-25 00:00:00,2025,6,25,0,Cao Bằng,Xã Tam Kim,22.606427,106.0179879,60,Moderate,1,23.6,100,1.0,6.2,348,972.9,100,10.8,10.9,204.0,6.1,80.0,5.0
2025-06-25 01:00:00,2025,6,25,1,Cao Bằng,Xã Tam Kim,22.606427,106.0179879,58,Moderate,1,23.4,99,0.2,4.6,36,972.6,100,9.3,9.3,200.0,6.0,76.0,4.5
2025-06-25 02:00:00,2025,6,25,2,Cao Bằng,Xã Tam Kim,22.606427,106.0179879,56,Moderate,1,23.6,99,0.0,1.3,8,972.0,100,7.8,7.9,195.0,5.5,75.0,3.6
2025-06-25 03:00:00,2025,6,25,3,Cao Bằng,Xã Tam Kim,22.606427,106.0179879,54,Moderate,1,23.4,99,0.0,2.3,39,971.4,100,6.4,6.4,190.0,4.8,75.0,2.5
2025-06-25 04:00:00,2025,6,25,4,Cao Bằng,Xã Tam Kim,22.606427,106.0179879,53,Moderate,1,23.3,99,0.0,3.1,24,971.5,100,6.1,6.2,189.0,4.3,74.0,1.7
2025-06-25 05:00:00,2025,6,25,5,Cao Bằng,Xã Tam Kim,22.606427,106.0179879,53,Moderate,1,23.4,99,0.0,2.7,37,971.7,100,7.1,7.2,195.0,4.3,69.0,1.4
2025-06-25 06:00:00,2025,6,25,6,Cao Bằng,Xã Tam Kim,22.606427,106.0179879,53,Moderate,1,23.9,98,0.1,4.2,78,972.4,100,8.6,8.7,204.0,4.5,62.0,1.4
2025-06-25 07:00:00,2025,6,25,7,Cao Bằng,Xã Tam Kim,22.606427,106.0179879,54,Moderate,1,24.4,97,0.1,2.3,119,972.9,97,8.1,8.3,210.0,5.1,57.0,1.2
2025-06-25 08:00:00,2025,6,25,8,Cao Bằng,Xã Tam Kim,22.606427,106.0179879,53,Moderate,1,26.3,93,0.1,3.9,112,973.2,98,7.9,8.1,208.0,4.3,66.0,1.6
2025-06-25 09:00:00,2025,6,25,9,Cao Bằng,Xã Tam Kim,22.606427,106.0179879,53,Moderate,1,28.7,77,0.0,4.0,144,973.8,100,7.8,8.0,202.0,3.1,79.0,2.0
2025-06-25 10:00:00,2025,6,25,10,Cao Bằng,Xã Tam Kim,22.606427,106.0179879,53,Moderate,1,29.8,70,0.0,7.1,173,973.5,100,9.2,9.5,195.0,2.2,90.0,2.2
2025-06-25 11:00:00,2025,6,25,11,Cao Bằng,Xã Tam Kim,22.606427,106.0179879,53,Moderate,1,31.3,61,0.0,8.8,171,973.0,24,11.1,11.4,187.0,1.8,96.0,1.8
2025-06-25 12:00:00,2025,6,25,12,Cao Bằng,Xã Tam Kim,22.606427,106.0179879,53,Moderate,1,32.5,57,0.0,10.0,160,972.2,43,11.6,11.9,178.0,1.6,100.0,1.0
2025-06-25 13:00:00,2025,6,25,13,Cao Bằng,Xã Tam Kim,22.606427,106.0179879,53,Moderate,1,32.8,56,0.1,11.8,172,971.0,100,12.1,12.3,172.0,1.5,103.0,0.5
2025-06-25 14:00:00,2025,6,25,14,Cao Bằng,Xã Tam Kim,22.606427,106.0179879,53,Moderate,1,32.7,57,0.2,10.8,169,969.7,100,12.7,13.0,170.0,1.2,106.0,0.3
2025-06-25 15:00:00,2025,6,25,15,Cao Bằng,Xã Tam Kim,22.606427,106.0179879,53,Moderate,1,33.2,55,0.0,9.9,176,968.9,96,12.4,12.7,172.0,1.0,107.0,0.3
2025-06-25 16:00:00,2025,6,25,16,Cao Bằng,Xã Tam Kim,22.606427,106.0179879,52,Moderate,1,32.3,56,0.0,9.9,185,968.4,100,13.3,13.6,181.0,1.6,105.0,0.4
2025-06-25 17:00:00,2025,6,25,17,Cao Bằng,Xã Tam Kim,22.606427,106.0179879,52,Moderate,1,31.1,64,0.0,8.1,209,968.4,29,14.9,15.3,203.0,3.8,98.0,0.8
2025-06-25 18:00:00,2025,6,25,18,Cao Bằng,Xã Tam Kim,22.606427,106.0179879,51,Moderate,1,29.6,74,0.0,5.4,188,969.0,24,15.7,15.9,231.0,6.7,87.0,1.4
2025-06-25 19:00:00,2025,6,25,19,Cao Bằng,Xã Tam Kim,22.606427,106.0179879,50,Good,0,27.8,81,0.0,4.2,190,969.8,25,14.6,14.8,250.0,10.0,65.0,2.0
2025-06-25 20:00:00,2025,6,25,20,Cao Bằng,Xã Tam Kim,22.606427,106.0179879,50,Good,0,26.8,83,0.0,6.9,186,971.1,90,16.0,16.2,252.0,10.3,62.0,2.3
2025-06-25 21:00:00,2025,6,25,21,Cao Bằng,Xã Tam Kim,22.606427,106.0179879,49,Good,0,25.8,90,1.1,4.4,189,972.0,49,16.2,16.4,245.0,10.6,58.0,2.7
2025-06-25 22:00:00,2025,6,25,22,Cao Bằng,Xã Tam Kim,22.606427,106.0179879,48,Good,0,25.3,93,0.3,3.1,360,972.7,52,15.9,16.2,237.0,10.4,57.0,3.1
2025-06-25 23:00:00,2025,6,25,23,Cao Bằng,Xã Tam Kim,22.606427,106.0179879,47,Good,0,24.7,96,0.0,3.2,71,972.7,41,16.4,16.6,232.0,9.3,60.0,3.4
2025-06-26 00:00:00,2025,6,26,0,Cao Bằng,Xã Tam Kim,22.606427,106.0179879,47,Good,0,24.3,96,0.9,1.0,68,973.0,87,17.3,17.5,227.0,7.8,66.0,3.6
2025-06-26 01:00:00,2025,6,26,1,Cao Bằng,Xã Tam Kim,22.606427,106.0179879,48,Good,0,23.4,99,2.5,10.6,94,973.0,100,16.6,16.9,221.0,6.7,69.0,3.6
2025-06-26 02:00:00,2025,6,26,2,Cao Bằng,Xã Tam Kim,22.606427,106.0179879,50,Good,0,22.7,99,3.1,2.2,360,971.3,93,17.8,18.0,214.0,6.4,67.0,3.1
2025-06-26 03:00:00,2025,6,26,3,Cao Bằng,Xã Tam Kim,22.606427,106.0179879,51,Moderate,1,22.7,98,0.1,1.3,124,971.3,96,14.3,14.5,207.0,6.5,63.0,2.4
2025-06-26 04:00:00,2025,6,26,4,Cao Bằng,Xã Tam Kim,22.606427,106.0179879,51,Moderate,1,22.7,98,0.0,0.2,180,971.3,94,13.0,13.2,204.0,6.3,61.0,1.9
2025-06-26 05:00:00,2025,6,26,5,Cao Bằng,Xã Tam Kim,22.606427,106.0179879,52,Moderate,1,22.6,98,0.0,1.2,141,971.5,100,13.0,13.2,210.0,5.7,65.0,1.8
2025-06-26 06:00:00,2025,6,26,6,Cao Bằng,Xã Tam Kim,22.606427,106.0179879,53,Moderate,1,22.9,99,0.0,2.4,126,971.8,93,14.1,14.3,220.0,4.8,71.0,1.8
2025-06-26 07:00:00,2025,6,26,7,Cao Bằng,Xã Tam Kim,22.606427,106.0179879,53,Moderate,1,23.9,96,0.0,2.3,67,972.2,94,5.6,5.7,225.0,3.8,85.0,2.0
2025-06-26 08:00:00,2025,6,26,8,Cao Bằng,Xã Tam Kim,22.606427,106.0179879,53,Moderate,1,26.7,91,0.2,2.6,65,972.1,58,6.8,7.0,221.0,3.1,83.0,2.1
2025-06-26 09:00:00,2025,6,26,9,Cao Bằng,Xã Tam Kim,22.606427,106.0179879,53,Moderate,1,28.8,74,0.1,2.4,99,972.8,58,7.9,8.1,213.0,2.1,80.0,2.2
2025-06-26 10:00:00,2025,6,26,10,Cao Bằng,Xã Tam Kim,22.606427,106.0179879,53,Moderate,1,31.1,59,0.0,3.2,117,972.5,63,7.0,7.1,205.0,1.3,79.0,2.3
2025-06-26 11:00:00,2025,6,26,11,Cao Bằng,Xã Tam Kim,22.606427,106.0179879,53,Moderate,1,32.2,58,0.0,5.0,105,971.7,74,6.3,6.4,198.0,1.0,81.0,2.3
2025-06-26 12:00:00,2025,6,26,12,Cao Bằng,Xã Tam Kim,22.606427,106.0179879,52,Moderate,1,33.2,53,0.0,4.4,122,970.6,56,6.3,6.4,191.0,0.9,84.0,2.3
2025-06-26 13:00:00,2025,6,26,13,Cao Bằng,Xã Tam Kim,22.606427,106.0179879,52,Moderate,1,33.5,53,0.0,5.3,125,969.2,71,6.6,6.7,185.0,0.9,87.0,2.2
2025-06-26 14:00:00,2025,6,26,14,Cao Bằng,Xã Tam Kim,22.606427,106.0179879,51,Moderate,1,33.8,50,0.1,4.2,140,968.4,78,7.4,7.5,175.0,0.6,91.0,2.1
2025-06-26 15:00:00,2025,6,26,15,Cao Bằng,Xã Tam Kim,22.606427,106.0179879,51,Moderate,1,33.7,50,0.0,3.2,109,967.7,100,8.3,8.4,167.0,0.3,94.0,1.9
2025-06-26 16:00:00,2025,6,26,16,Cao Bằng,Xã Tam Kim,22.606427,106.0179879,50,Good,0,31.3,63,0.8,9.6,168,967.6,95,9.9,10.1,177.0,1.4,93.0,2.0
2025-06-26 17:00:00,2025,6,26,17,Cao Bằng,Xã Tam Kim,22.606427,106.0179879,50,Good,0,27.0,80,1.0,3.1,234,968.0,98,11.4,11.6,227.0,5.2,82.0,2.5
2025-06-26 18:00:00,2025,6,26,18,Cao Bằng,Xã Tam Kim,22.606427,106.0179879,49,Good,0,26.5,92,0.1,3.1,13,968.3,100,13.3,13.4,295.0,10.4,67.0,3.1
2025-06-26 19:00:00,2025,6,26,19,Cao Bằng,Xã Tam Kim,22.606427,106.0179879,49,Good,0,25.7,97,0.0,1.3,286,969.2,100,18.7,19.0,332.0,14.1,62.0,4.0
2025-06-26 20:00:00,2025,6,26,20,Cao Bằng,Xã Tam Kim,22.606427,106.0179879,50,Good,0,26.0,93,0.0,2.3,266,969.8,100,20.8,21.1,308.0,13.3,61.0,4.1
2025-06-26 21:00:00,2025,6,26,21,Cao Bằng,Xã Tam Kim,22.606427,106.0179879,50,Good,0,25.9,90,0.0,1.8,264,970.1,100,20.3,20.6,253.0,12.2,59.0,4.3
2025-06-26 22:00:00,2025,6,26,22,Cao Bằng,Xã Tam Kim,22.606427,106.0179879,51,Moderate,1,25.5,90,0.1,1.9,209,970.5,100,19.7,20.0,213.0,11.0,59.0,4.5
2025-06-26 23:00:00,2025,6,26,23,Cao Bằng,Xã Tam Kim,22.606427,106.0179879,51,Moderate,1,24.8,92,0.0,2.6,205,970.4,100,21.1,21.3,207.0,9.6,62.0,4.8
2025-06-27 00:00:00,2025,6,27,0,Cao Bằng,Xã Tam Kim,22.606427,106.0179879,51,Moderate,1,24.2,94,0.0,2.3,219,970.3,100,21.4,21.6,215.0,8.2,67.0,5.2
2025-06-27 01:00:00,2025,6,27,1,Cao Bằng,Xã Tam Kim,22.606427,106.0179879,52,Moderate,1,24.0,94,0.0,2.0,185,969.9,100,19.4,19.6,223.0,7.0,71.0,5.3
2025-06-27 02:00:00,2025,6,27,2,Cao Bằng,Xã Tam Kim,22.606427,106.0179879,52,Moderate,1,23.9,93,0.0,0.5,360,969.1,100,13.9,14.1,225.0,6.4,71.0,5.0
2025-06-27 03:00:00,2025,6,27,3,Cao Bằng,Xã Tam Kim,22.606427,106.0179879,52,Moderate,1,23.2,97,0.0,4.3,158,969.2,100,10.6,10.7,228.0,6.0,71.0,4.5
2025-06-27 04:00:00,2025,6,27,4,Cao Bằng,Xã Tam Kim,22.606427,106.0179879,51,Moderate,1,23.1,98,0.0,2.6,164,969.1,100,10.0,10.1,233.0,5.6,71.0,4.2
2025-06-27 05:00:00,2025,6,27,5,Cao Bằng,Xã Tam Kim,22.606427,106.0179879,51,Moderate,1,23.0,98,0.0,1.9,17,969.1,100,11.8,11.9,247.0,5.0,74.0,4.4
2025-06-27 06:00:00,2025,6,27,6,Cao Bằng,Xã Tam Kim,22.606427,106.0179879,51,Moderate,1,23.5,97,0.0,1.2,333,969.6,100,8.8,8.8,263.0,4.4,78.0,4.8
2025-06-27 07:00:00,2025,6,27,7,Cao Bằng,Xã Tam Kim,22.606427,106.0179879,50,Good,0,24.5,91,0.0,1.8,281,970.1,100,17.6,17.8,270.0,4.4,84.0,6.2
2025-06-27 08:00:00,2025,6,27,8,Cao Bằng,Xã Tam Kim,22.606427,106.0179879,52,Moderate,1,26.0,87,0.0,1.5,21,970.6,100,16.2,16.4,259.0,3.6,90.0,5.7
2025-06-27 09:00:00,2025,6,27,9,Cao Bằng,Xã Tam Kim,22.606427,106.0179879,52,Moderate,1,28.1,73,0.0,1.7,103,970.6,100,12.8,12.9,238.0,2.5,99.0,5.0
2025-06-27 10:00:00,2025,6,27,10,Cao Bằng,Xã Tam Kim,22.606427,106.0179879,53,Moderate,1,29.7,68,0.0,5.9,108,970.3,100,11.3,11.4,220.0,1.7,106.0,4.3
2025-06-27 11:00:00,2025,6,27,11,Cao Bằng,Xã Tam Kim,22.606427,106.0179879,53,Moderate,1,30.6,65,0.2,5.9,137,969.8,100,10.6,10.7,210.0,1.3,109.0,3.5
2025-06-27 12:00:00,2025,6,27,12,Cao Bằng,Xã Tam Kim,22.606427,106.0179879,54,Moderate,1,31.6,60,0.1,7.1,165,969.0,100,9.6,9.7,203.0,1.1,111.0,2.8
2025-06-27 13:00:00,2025,6,27,13,Cao Bằng,Xã Tam Kim,22.606427,106.0179879,54,Moderate,1,31.5,60,0.4,9.5,194,968.1,100,9.3,9.4,199.0,1.1,110.0,2.2
2025-06-27 14:00:00,2025,6,27,14,Cao Bằng,Xã Tam Kim,22.606427,106.0179879,54,Moderate,1,27.6,86,2.1,13.6,138,967.5,100,9.5,9.6,196.0,1.2,108.0,1.9
2025-06-27 15:00:00,2025,6,27,15,Cao Bằng,Xã Tam Kim,22.606427,106.0179879,54,Moderate,1,28.0,78,0.2,12.3,130,967.1,95,9.2,9.2,196.0,1.5,103.0,1.8
2025-06-27 16:00:00,2025,6,27,16,Cao Bằng,Xã Tam Kim,22.606427,106.0179879,54,Moderate,1,28.4,76,0.2,8.6,147,966.9,97,8.8,8.9,206.0,2.4,98.0,1.9
2025-06-27 17:00:00,2025,6,27,17,Cao Bằng,Xã Tam Kim,22.606427,106.0179879,54,Moderate,1,28.1,75,0.1,9.2,160,967.3,100,8.8,8.8,237.0,4.6,90.0,2.4
2025-06-27 18:00:00,2025,6,27,18,Cao Bằng,Xã Tam Kim,22.606427,106.0179879,54,Moderate,1,27.3,81,0.1,4.0,100,968.1,99,10.1,10.2,279.0,7.3,80.0,3.3
2025-06-27 19:00:00,2025,6,27,19,Cao Bằng,Xã Tam Kim,22.606427,106.0179879,54,Moderate,1,26.3,86,0.0,4.1,75,968.7,100,18.2,18.3,301.0,9.9,73.0,6.0
2025-06-27 20:00:00,2025,6,27,20,Cao Bằng,Xã Tam Kim,22.606427,106.0179879,54,Moderate,1,24.0,98,0.3,1.9,292,970.0,100,18.0,18.1,288.0,9.3,76.0,6.3
2025-06-27 21:00:00,2025,6,27,21,Cao Bằng,Xã Tam Kim,22.606427,106.0179879,53,Moderate,1,23.9,98,0.5,0.9,79,970.7,100,18.5,18.6,255.0,8.4,80.0,6.6
2025-06-27 22:00:00,2025,6,27,22,Cao Bằng,Xã Tam Kim,22.606427,106.0179879,53,Moderate,1,23.5,99,0.3,6.9,123,971.4,100,17.1,17.2,227.0,7.7,83.0,7.1
2025-06-27 23:00:00,2025,6,27,23,Cao Bằng,Xã Tam Kim,22.606427,106.0179879,53,Moderate,1,23.4,100,0.3,2.3,90,971.4,100,11.6,11.7,210.0,7.4,85.0,7.9
2025-06-28 00:00:00,2025,6,28,0,Cao Bằng,Xã Tam Kim,22.606427,106.0179879,52,Moderate,1,23.3,99,0.3,1.0,45,971.1,100,9.7,9.7,197.0,7.2,86.0,8.8
2025-06-28 01:00:00,2025,6,28,1,Cao Bằng,Xã Tam Kim,22.606427,106.0179879,51,Moderate,1,23.2,99,0.4,1.5,30,970.4,100,5.9,6.0,189.0,6.9,85.0,9.1
2025-06-28 02:00:00,2025,6,28,2,Cao Bằng,Xã Tam Kim,22.606427,106.0179879,50,Good,0,23.1,99,0.8,1.8,354,969.9,100,6.3,6.4,186.0,6.2,82.0,8.5
2025-06-28 03:00:00,2025,6,28,3,Cao Bằng,Xã Tam Kim,22.606427,106.0179879,49,Good,0,23.0,99,0.1,2.6,65,969.6,100,4.8,4.8,187.0,5.4,77.0,7.3
2025-06-28 04:00:00,2025,6,28,4,Cao Bằng,Xã Tam Kim,22.606427,106.0179879,48,Good,0,23.0,99,0.0,2.6,65,969.5,100,3.0,3.0,191.0,4.8,73.0,6.2
2025-06-28 05:00:00,2025,6,28,5,Cao Bằng,Xã Tam Kim,22.606427,106.0179879,46,Good,0,23.0,99,0.1,3.3,81,969.6,100,2.3,2.3,199.0,4.8,70.0,5.1
2025-06-28 06:00:00,2025,6,28,6,Cao Bằng,Xã Tam Kim,22.606427,106.0179879,45,Good,0,23.0,99,0.5,2.4,81,969.6,100,2.0,2.0,210.0,5.1,68.0,4.0
2025-06-28 07:00:00,2025,6,28,7,Cao Bằng,Xã Tam Kim,22.606427,106.0179879,44,Good,0,23.2,99,0.4,3.1,66,970.0,100,2.4,2.5,217.0,7.7,50.0,8.2
2025-06-28 08:00:00,2025,6,28,8,Cao Bằng,Xã Tam Kim,22.606427,106.0179879,41,Good,0,23.6,99,1.7,1.4,40,970.4,100,2.6,2.6,219.0,7.5,53.0,7.4
2025-06-28 09:00:00,2025,6,28,9,Cao Bằng,Xã Tam Kim,22.606427,106.0179879,39,Good,0,23.9,100,1.2,4.2,59,970.5,100,3.4,3.4,218.0,7.2,56.0,6.3
2025-06-28 10:00:00,2025,6,28,10,Cao Bằng,Xã Tam Kim,22.606427,106.0179879,37,Good,0,24.2,99,0.7,5.1,32,970.3,100,3.9,4.0,215.0,6.9,60.0,5.4
2025-06-28 11:00:00,2025,6,28,11,Cao Bằng,Xã Tam Kim,22.606427,106.0179879,36,Good,0,24.7,98,1.0,5.3,12,969.9,100,4.1,4.1,208.0,6.5,63.0,5.0
2025-06-28 12:00:00,2025,6,28,12,Cao Bằng,Xã Tam Kim,22.606427,106.0179879,35,Good,0,24.3,95,3.1,4.7,23,969.3,100,6.0,6.0,198.0,6.2,67.0,4.8
2025-06-28 13:00:00,2025,6,28,13,Cao Bằng,Xã Tam Kim,22.606427,106.0179879,34,Good,0,25.0,92,1.2,6.8,25,968.6,100,7.8,7.9,190.0,5.8,72.0,4.6
2025-06-28 14:00:00,2025,6,28,14,Cao Bằng,Xã Tam Kim,22.606427,106.0179879,34,Good,0,24.4,96,0.1,5.8,30,967.5,100,10.4,10.4,184.0,5.3,80.0,4.4
2025-06-28 15:00:00,2025,6,28,15,Cao Bằng,Xã Tam Kim,22.606427,106.0179879,34,Good,0,25.0,91,0.3,5.9,2,966.7,100,11.0,11.0,180.0,4.8,89.0,4.2
2025-06-28 16:00:00,2025,6,28,16,Cao Bằng,Xã Tam Kim,22.606427,106.0179879,34,Good,0,24.8,96,1.0,1.4,320,966.1,100,12.0,12.0,187.0,4.9,94.0,4.1
2025-06-28 17:00:00,2025,6,28,17,Cao Bằng,Xã Tam Kim,22.606427,106.0179879,35,Good,0,25.2,96,0.2,2.2,95,965.8,100,11.0,11.1,217.0,6.1,91.0,4.1
2025-06-28 18:00:00,2025,6,28,18,Cao Bằng,Xã Tam Kim,22.606427,106.0179879,36,Good,0,25.2,97,0.2,2.3,94,966.2,100,11.2,11.2,259.0,8.0,83.0,4.1
2025-06-28 19:00:00,2025,6,28,19,Cao Bằng,Xã Tam Kim,22.606427,106.0179879,37,Good,0,24.8,96,0.1,1.4,40,966.9,95,16.6,16.6,284.0,11.2,73.0,4.2
2025-06-28 20:00:00,2025,6,28,20,Cao Bằng,Xã Tam Kim,22.606427,106.0179879,38,Good,0,24.9,98,0.1,1.3,135,967.3,100,14.9,15.0,278.0,10.4,74.0,3.7
2025-06-28 21:00:00,2025,6,28,21,Cao Bằng,Xã Tam Kim,22.606427,106.0179879,38,Good,0,24.3,99,0.1,2.7,138,967.7,99,11.1,11.2,256.0,9.2,75.0,3.0
2025-06-28 22:00:00,2025,6,28,22,Cao Bằng,Xã Tam Kim,22.606427,106.0179879,38,Good,0,23.8,99,0.4,3.5,55,968.6,96,8.6,8.7,235.0,8.4,75.0,2.4
2025-06-28 23:00:00,2025,6,28,23,Cao Bằng,Xã Tam Kim,22.606427,106.0179879,38,Good,0,23.1,99,3.0,3.2,357,968.9,93,10.8,10.9,221.0,8.3,73.0,2.2
2025-06-29 00:00:00,2025,6,29,0,Cao Bằng,Xã Tam Kim,22.606427,106.0179879,37,Good,0,23.2,99,0.1,2.6,39,968.1,94,11.5,11.6,209.0,8.5,71.0,2.1
2025-06-29 01:00:00,2025,6,29,1,Cao Bằng,Xã Tam Kim,22.606427,106.0179879,36,Good,0,23.0,99,0.1,1.5,45,968.0,95,11.0,11.2,199.0,8.5,69.0,2.1
2025-06-29 02:00:00,2025,6,29,2,Cao Bằng,Xã Tam Kim,22.606427,106.0179879,34,Good,0,22.9,100,0.8,1.9,49,967.4,100,10.8,10.9,189.0,7.9,68.0,2.0
2025-06-29 03:00:00,2025,6,29,3,Cao Bằng,Xã Tam Kim,22.606427,106.0179879,34,Good,0,22.7,100,0.0,2.1,59,967.1,100,8.2,8.3,182.0,7.0,69.0,2.1
2025-06-29 04:00:00,2025,6,29,4,Cao Bằng,Xã Tam Kim,22.606427,106.0179879,34,Good,0,22.8,100,0.1,2.5,60,967.2,100,9.3,9.5,181.0,6.3,70.0,2.3
2025-06-29 05:00:00,2025,6,29,5,Cao Bằng,Xã Tam Kim,22.606427,106.0179879,35,Good,0,22.8,99,0.0,2.0,63,967.1,100,7.4,7.5,194.0,6.0,72.0,3.0
2025-06-29 06:00:00,2025,6,29,6,Cao Bằng,Xã Tam Kim,22.606427,106.0179879,36,Good,0,22.9,99,0.0,3.2,34,967.5,100,7.4,7.5,214.0,5.9,76.0,4.0
2025-06-29 07:00:00,2025,6,29,7,Cao Bằng,Xã Tam Kim,22.606427,106.0179879,37,Good,0,23.1,99,0.1,3.0,57,967.6,100,7.2,7.2,227.0,6.9,63.0,10.8
2025-06-29 08:00:00,2025,6,29,8,Cao Bằng,Xã Tam Kim,22.606427,106.0179879,38,Good,0,25.2,96,0.4,5.2,110,968.1,100,6.1,6.2,225.0,6.4,66.0,8.9
2025-06-29 09:00:00,2025,6,29,9,Cao Bằng,Xã Tam Kim,22.606427,106.0179879,38,Good,0,25.3,96,3.3,4.0,93,968.1,100,6.4,6.5,215.0,5.7,72.0,6.3
2025-06-29 10:00:00,2025,6,29,10,Cao Bằng,Xã Tam Kim,22.606427,106.0179879,39,Good,0,26.1,94,0.4,6.7,114,968.0,100,5.8,5.9,204.0,5.0,77.0,4.2
2025-06-29 11:00:00,2025,6,29,11,Cao Bằng,Xã Tam Kim,22.606427,106.0179879,39,Good,0,26.7,87,0.5,9.5,127,967.6,100,4.7,4.7,194.0,4.2,83.0,3.0
2025-06-29 12:00:00,2025,6,29,12,Cao Bằng,Xã Tam Kim,22.606427,106.0179879,39,Good,0,27.6,82,0.6,10.0,147,966.8,100,4.3,4.3,183.0,3.4,90.0,2.1
2025-06-29 13:00:00,2025,6,29,13,Cao Bằng,Xã Tam Kim,22.606427,106.0179879,39,Good,0,26.9,87,6.1,6.5,114,965.8,100,4.8,4.8,177.0,2.8,95.0,1.6
2025-06-29 14:00:00,2025,6,29,14,Cao Bằng,Xã Tam Kim,22.606427,106.0179879,39,Good,0,28.6,77,0.3,5.8,112,965.0,100,4.9,4.9,177.0,2.5,99.0,1.2
2025-06-29 15:00:00,2025,6,29,15,Cao Bằng,Xã Tam Kim,22.606427,106.0179879,38,Good,0,29.4,73,0.2,5.5,153,964.3,100,5.9,6.0,182.0,2.4,102.0,1.1
2025-06-29 16:00:00,2025,6,29,16,Cao Bằng,Xã Tam Kim,22.606427,106.0179879,40,Good,0,29.5,71,0.1,5.3,135,963.5,100,6.7,6.7,190.0,2.9,102.0,1.3
2025-06-29 17:00:00,2025,6,29,17,Cao Bằng,Xã Tam Kim,22.606427,106.0179879,42,Good,0,29.5,70,0.0,5.4,120,963.6,100,7.3,7.4,204.0,4.6,95.0,1.9
2025-06-29 18:00:00,2025,6,29,18,Cao Bằng,Xã Tam Kim,22.606427,106.0179879,43,Good,0,27.3,83,0.3,5.4,88,964.3,100,9.7,9.8,222.0,6.8,85.0,2.8
2025-06-29 19:00:00,2025,6,29,19,Cao Bằng,Xã Tam Kim,22.606427,106.0179879,44,Good,0,25.8,89,0.1,7.1,97,965.1,98,17.9,17.9,235.0,7.2,90.0,4.7
2025-06-29 20:00:00,2025,6,29,20,Cao Bằng,Xã Tam Kim,22.606427,106.0179879,44,Good,0,24.7,96,4.0,2.3,151,966.8,100,18.8,18.9,241.0,7.6,87.0,5.0
2025-06-29 21:00:00,2025,6,29,21,Cao Bằng,Xã Tam Kim,22.606427,106.0179879,44,Good,0,24.5,97,0.3,2.8,63,967.3,100,19.8,19.9,243.0,8.1,83.0,5.5
2025-06-29 22:00:00,2025,6,29,22,Cao Bằng,Xã Tam Kim,22.606427,106.0179879,43,Good,0,24.0,97,0.1,1.8,90,967.6,100,18.5,18.6,242.0,8.2,82.0,6.1
2025-06-29 23:00:00,2025,6,29,23,Cao Bằng,Xã Tam Kim,22.606427,106.0179879,42,Good,0,24.0,98,0.0,2.0,95,967.8,100,18.2,18.4,240.0,7.5,87.0,6.9
2025-06-30 00:00:00,2025,6,30,0,Cao Bằng,Xã Tam Kim,22.606427,106.0179879,41,Good,0,23.7,99,0.0,3.9,118,967.5,100,15.9,16.1,235.0,6.3,94.0,7.9
2025-06-30 01:00:00,2025,6,30,1,Cao Bằng,Xã Tam Kim,22.606427,106.0179879,41,Good,0,23.6,100,0.2,3.3,112,966.8,100,10.5,10.6,227.0,5.6,96.0,8.7
2025-06-30 02:00:00,2025,6,30,2,Cao Bằng,Xã Tam Kim,22.606427,106.0179879,41,Good,0,23.5,100,0.2,4.9,88,966.6,100,7.0,7.0,212.0,5.7,88.0,9.3
2025-06-30 03:00:00,2025,6,30,3,Cao Bằng,Xã Tam Kim,22.606427,106.0179879,41,Good,0,23.3,99,0.1,7.2,112,966.4,100,5.0,5.0,194.0,6.2,75.0,9.6
2025-06-30 04:00:00,2025,6,30,4,Cao Bằng,Xã Tam Kim,22.606427,106.0179879,40,Good,0,23.1,99,0.1,7.4,122,966.3,100,2.9,2.9,184.0,6.6,64.0,9.5
2025-06-30 05:00:00,2025,6,30,5,Cao Bằng,Xã Tam Kim,22.606427,106.0179879,39,Good,0,23.0,99,0.0,5.2,121,966.6,100,1.3,1.3,190.0,6.7,57.0,8.6
2025-06-30 06:00:00,2025,6,30,6,Cao Bằng,Xã Tam Kim,22.606427,106.0179879,38,Good,0,23.1,99,1.4,4.3,107,967.2,100,0.8,0.8,203.0,6.6,51.0,7.2
2025-06-30 07:00:00,2025,6,30,7,Cao Bằng,Xã Tam Kim,22.606427,106.0179879,37,Good,0,23.8,96,0.3,5.2,65,967.7,100,0.4,0.4,211.0,5.4,56.0,5.6
2025-06-30 08:00:00,2025,6,30,8,Cao Bằng,Xã Tam Kim,22.606427,106.0179879,35,Good,0,25.1,94,1.2,6.2,100,968.1,100,1.3,1.3,207.0,4.8,61.0,5.7
2025-06-30 09:00:00,2025,6,30,9,Cao Bằng,Xã Tam Kim,22.606427,106.0179879,35,Good,0,25.5,97,4.9,4.8,77,968.4,100,1.8,1.8,198.0,3.9,69.0,5.8
2025-06-30 10:00:00,2025,6,30,10,Cao Bằng,Xã Tam Kim,22.606427,106.0179879,34,Good,0,25.8,96,6.0,5.7,108,968.2,100,3.9,4.0,190.0,3.2,76.0,5.4
2025-06-30 11:00:00,2025,6,30,11,Cao Bằng,Xã Tam Kim,22.606427,106.0179879,33,Good,0,25.6,91,6.5,4.9,100,967.9,100,6.8,7.3,186.0,2.8,81.0,4.2
2025-06-30 12:00:00,2025,6,30,12,Cao Bằng,Xã Tam Kim,22.606427,106.0179879,34,Good,0,25.5,95,4.8,4.8,11,967.1,100,7.5,8.0,184.0,2.5,85.0,2.5
2025-06-30 13:00:00,2025,6,30,13,Cao Bằng,Xã Tam Kim,22.606427,106.0179879,34,Good,0,25.4,99,4.2,5.4,346,966.5,100,7.4,7.9,184.0,2.4,88.0,1.3
2025-06-30 14:00:00,2025,6,30,14,Cao Bằng,Xã Tam Kim,22.606427,106.0179879,35,Good,0,25.6,100,1.3,2.7,20,966.0,100,6.6,6.9,184.0,2.5,89.0,0.9
2025-06-30 15:00:00,2025,6,30,15,Cao Bằng,Xã Tam Kim,22.606427,106.0179879,35,Good,0,25.8,99,1.6,3.9,137,965.8,100,6.4,6.7,186.0,2.8,89.0,1.1
2025-06-30 16:00:00,2025,6,30,16,Cao Bằng,Xã Tam Kim,22.606427,106.0179879,37,Good,0,27.1,94,2.9,2.7,247,965.8,100,7.6,7.9,197.0,3.6,87.0,1.4
2025-06-30 17:00:00,2025,6,30,17,Cao Bằng,Xã Tam Kim,22.606427,106.0179879,38,Good,0,25.1,94,4.3,2.2,5,966.0,100,9.5,9.9,228.0,5.3,83.0,1.9
2025-06-30 18:00:00,2025,6,30,18,Cao Bằng,Xã Tam Kim,22.606427,106.0179879,39,Good,0,24.7,99,1.5,1.3,344,966.6,100,11.0,11.5,269.0,7.4,78.0,2.7
2025-06-30 19:00:00,2025,6,30,19,Cao Bằng,Xã Tam Kim,22.606427,106.0179879,39,Good,0,24.4,99,0.1,3.1,353,967.3,100,10.6,10.9,293.0,8.9,81.0,3.5
2025-06-30 20:00:00,2025,6,30,20,Cao Bằng,Xã Tam Kim,22.606427,106.0179879,39,Good,0,24.4,98,0.6,1.5,346,968.4,100,12.9,13.3,286.0,8.8,82.0,4.0
2025-06-30 21:00:00,2025,6,30,21,Cao Bằng,Xã Tam Kim,22.606427,106.0179879,39,Good,0,24.6,96,0.4,0.8,27,968.6,100,7.9,8.2,263.0,8.6,84.0,4.8
2025-06-30 22:00:00,2025,6,30,22,Cao Bằng,Xã Tam Kim,22.606427,106.0179879,39,Good,0,24.8,96,0.1,0.8,63,969.3,100,9.7,10.1,242.0,8.4,83.0,5.7
2025-06-30 23:00:00,2025,6,30,23,Cao Bằng,Xã Tam Kim,22.606427,106.0179879,39,Good,0,24.8,94,0.0,1.0,121,969.5,100,10.1,10.4,228.0,8.2,79.0,6.9
2025-07-01 00:00:00,2025,7,1,0,Cao Bằng,Xã Tam Kim,22.606427,106.0179879,38,Good,0,24.6,95,0.1,1.7,148,969.1,100,7.1,7.4,215.0,7.9,73.0,8.1
2025-07-01 01:00:00,2025,7,1,1,Cao Bằng,Xã Tam Kim,22.606427,106.0179879,37,Good,0,23.6,99,0.3,9.4,108,969.1,100,9.3,9.8,204.0,7.8,67.0,9.1
2025-07-01 02:00:00,2025,7,1,2,Cao Bằng,Xã Tam Kim,22.606427,106.0179879,36,Good,0,22.9,99,2.5,3.6,93,969.0,100,10.2,10.7,191.0,7.9,60.0,9.5
2025-07-01 03:00:00,2025,7,1,3,Cao Bằng,Xã Tam Kim,22.606427,106.0179879,35,Good,0,22.9,100,0.9,0.8,135,968.8,100,8.7,9.1,180.0,8.1,52.0,9.7
2025-07-01 04:00:00,2025,7,1,4,Cao Bằng,Xã Tam Kim,22.606427,106.0179879,34,Good,0,23.1,100,0.3,1.5,315,968.9,100,5.1,5.3,176.0,8.1,47.0,9.5
2025-07-01 05:00:00,2025,7,1,5,Cao Bằng,Xã Tam Kim,22.606427,106.0179879,32,Good,0,23.1,100,0.2,1.6,270,969.2,100,3.8,3.9,187.0,8.0,44.0,9.0
2025-07-01 06:00:00,2025,7,1,6,Cao Bằng,Xã Tam Kim,22.606427,106.0179879,29,Good,0,23.3,99,0.8,1.0,338,969.6,100,3.0,3.1,205.0,7.7,42.0,8.3
2025-07-01 07:00:00,2025,7,1,7,Cao Bằng,Xã Tam Kim,22.606427,106.0179879,29,Good,0,23.3,98,0.1,2.2,360,970.1,100,1.0,1.0,215.0,4.7,56.0,5.5
2025-07-01 08:00:00,2025,7,1,8,Cao Bằng,Xã Tam Kim,22.606427,106.0179879,29,Good,0,24.2,98,0.4,3.2,87,969.7,100,1.4,1.5,208.0,4.0,64.0,5.1
2025-07-01 09:00:00,2025,7,1,9,Cao Bằng,Xã Tam Kim,22.606427,106.0179879,29,Good,0,25.4,95,0.1,4.9,107,970.6,100,2.6,2.8,192.0,3.0,75.0,4.5
2025-07-01 10:00:00,2025,7,1,10,Cao Bằng,Xã Tam Kim,22.606427,106.0179879,30,Good,0,27.0,83,0.1,10.1,123,970.5,100,5.4,6.0,179.0,2.3,83.0,3.9
2025-07-01 11:00:00,2025,7,1,11,Cao Bằng,Xã Tam Kim,22.606427,106.0179879,30,Good,0,27.8,77,0.1,9.7,125,969.9,100,7.7,8.7,173.0,2.0,87.0,3.2
2025-07-01 12:00:00,2025,7,1,12,Cao Bằng,Xã Tam Kim,22.606427,106.0179879,30,Good,0,29.3,68,0.1,11.7,135,969.6,97,8.4,9.4,169.0,1.9,88.0,2.4
2025-07-01 13:00:00,2025,7,1,13,Cao Bằng,Xã Tam Kim,22.606427,106.0179879,31,Good,0,29.7,66,0.0,8.4,138,968.8,100,9.3,10.4,168.0,1.9,88.0,1.9
2025-07-01 14:00:00,2025,7,1,14,Cao Bằng,Xã Tam Kim,22.606427,106.0179879,34,Good,0,29.3,67,0.2,10.5,110,968.1,84,9.3,10.3,169.0,2.0,88.0,1.6
2025-07-01 15:00:00,2025,7,1,15,Cao Bằng,Xã Tam Kim,22.606427,106.0179879,36,Good,0,25.9,92,2.2,13.1,148,968.6,100,10.1,11.1,173.0,2.2,87.0,1.5
2025-07-01 16:00:00,2025,7,1,16,Cao Bằng,Xã Tam Kim,22.606427,106.0179879,38,Good,0,26.7,89,1.1,3.0,128,967.7,99,10.7,11.7,179.0,2.9,85.0,1.7
2025-07-01 17:00:00,2025,7,1,17,Cao Bằng,Xã Tam Kim,22.606427,106.0179879,39,Good,0,25.8,94,5.8,8.3,132,968.2,100,11.1,11.9,190.0,4.5,80.0,2.3
2025-07-01 18:00:00,2025,7,1,18,Cao Bằng,Xã Tam Kim,22.606427,106.0179879,40,Good,0,24.4,98,2.9,2.2,90,968.8,100,11.0,11.8,203.0,6.5,72.0,3.1
2025-07-01 19:00:00,2025,7,1,19,Cao Bằng,Xã Tam Kim,22.606427,106.0179879,39,Good,0,24.3,98,0.2,1.3,278,969.2,100,20.3,21.7,210.0,11.2,64.0,6.4
2025-07-01 20:00:00,2025,7,1,20,Cao Bằng,Xã Tam Kim,22.606427,106.0179879,38,Good,0,24.2,96,0.7,2.6,164,970.4,100,19.3,20.5,206.0,10.6,66.0,7.1
2025-07-01 21:00:00,2025,7,1,21,Cao Bằng,Xã Tam Kim,22.606427,106.0179879,37,Good,0,23.7,97,0.4,3.1,144,971.4,100,16.8,17.9,197.0,9.7,68.0,8.0
2025-07-01 22:00:00,2025,7,1,22,Cao Bằng,Xã Tam Kim,22.606427,106.0179879,37,Good,0,23.8,97,0.3,2.9,150,971.9,100,15.0,16.0,189.0,8.8,69.0,8.6
2025-07-01 23:00:00,2025,7,1,23,Cao Bằng,Xã Tam Kim,22.606427,106.0179879,38,Good,0,23.7,97,0.4,3.4,133,972.1,100,12.5,13.4,185.0,8.0,69.0,8.6
2025-07-02 00:00:00,2025,7,2,0,Cao Bằng,Xã Tam Kim,22.606427,106.0179879,38,Good,0,23.6,98,0.3,3.1,114,971.6,100,8.9,9.5,183.0,7.2,67.0,8.2
2025-07-02 01:00:00,2025,7,2,1,Cao Bằng,Xã Tam Kim,22.606427,106.0179879,38,Good,0,23.4,99,0.3,4.1,131,971.5,100,6.4,6.8,180.0,6.6,65.0,7.6
2025-07-02 02:00:00,2025,7,2,2,Cao Bằng,Xã Tam Kim,22.606427,106.0179879,38,Good,0,23.2,97,0.3,3.3,126,971.1,100,5.7,6.0,173.0,6.4,61.0,6.8
2025-07-02 03:00:00,2025,7,2,3,Cao Bằng,Xã Tam Kim,22.606427,106.0179879,37,Good,0,23.4,97,0.1,2.3,122,970.9,100,3.4,3.6,166.0,6.3,56.0,5.9
2025-07-02 04:00:00,2025,7,2,4,Cao Bằng,Xã Tam Kim,22.606427,106.0179879,36,Good,0,23.1,98,0.1,4.1,128,971.2,100,3.1,3.3,164.0,6.2,52.0,5.0
2025-07-02 05:00:00,2025,7,2,5,Cao Bằng,Xã Tam Kim,22.606427,106.0179879,36,Good,0,23.2,98,0.3,3.1,111,971.5,100,3.1,3.3,174.0,5.9,50.0,4.3
2025-07-02 06:00:00,2025,7,2,6,Cao Bằng,Xã Tam Kim,22.606427,106.0179879,36,Good,0,23.2,98,0.3,6.7,126,972.2,100,3.2,3.4,189.0,5.5,49.0,3.8
2025-07-02 07:00:00,2025,7,2,7,Cao Bằng,Xã Tam Kim,22.606427,106.0179879,36,Good,0,23.7,98,0.1,4.7,148,972.5,100,3.6,3.7,197.0,5.4,49.0,5.1
2025-07-02 08:00:00,2025,7,2,8,Cao Bằng,Xã Tam Kim,22.606427,106.0179879,36,Good,0,25.2,95,0.6,4.5,124,973.0,100,3.6,3.7,190.0,4.6,56.0,5.0
2025-07-02 09:00:00,2025,7,2,9,Cao Bằng,Xã Tam Kim,22.606427,106.0179879,37,Good,0,26.7,87,0.1,4.4,117,973.4,100,4.3,4.5,176.0,3.6,67.0,4.8
2025-07-02 10:00:00,2025,7,2,10,Cao Bằng,Xã Tam Kim,22.606427,106.0179879,37,Good,0,26.2,90,0.9,5.6,112,973.2,100,5.3,5.7,166.0,2.8,74.0,4.6
2025-07-02 11:00:00,2025,7,2,11,Cao Bằng,Xã Tam Kim,22.606427,106.0179879,37,Good,0,25.3,96,1.0,6.3,129,973.0,100,6.1,6.5,165.0,2.5,76.0,4.3
2025-07-02 12:00:00,2025,7,2,12,Cao Bằng,Xã Tam Kim,22.606427,106.0179879,37,Good,0,26.4,88,0.3,5.6,115,972.6,100,6.2,6.4,169.0,2.5,75.0,4.0
2025-07-02 13:00:00,2025,7,2,13,Cao Bằng,Xã Tam Kim,22.606427,106.0179879,36,Good,0,28.0,78,0.2,5.9,130,971.8,100,6.5,6.7,174.0,2.6,74.0,3.6
2025-07-02 14:00:00,2025,7,2,14,Cao Bằng,Xã Tam Kim,22.606427,106.0179879,36,Good,0,29.3,70,0.0,4.6,149,971.2,100,6.7,6.9,177.0,2.5,75.0,3.1
2025-07-02 15:00:00,2025,7,2,15,Cao Bằng,Xã Tam Kim,22.606427,106.0179879,35,Good,0,26.2,90,1.9,14.4,146,970.7,100,6.4,6.6,182.0,2.5,77.0,2.5
2025-07-02 16:00:00,2025,7,2,16,Cao Bằng,Xã Tam Kim,22.606427,106.0179879,35,Good,0,25.9,92,0.5,5.0,150,970.7,100,5.9,6.0,190.0,3.0,76.0,2.1
2025-07-02 17:00:00,2025,7,2,17,Cao Bằng,Xã Tam Kim,22.606427,106.0179879,34,Good,0,25.5,94,2.1,5.7,143,970.4,100,6.2,6.3,207.0,4.4,71.0,2.2
2025-07-02 18:00:00,2025,7,2,18,Cao Bằng,Xã Tam Kim,22.606427,106.0179879,35,Good,0,25.3,94,0.2,4.0,126,970.9,85,6.4,6.4,227.0,6.4,64.0,2.5
2025-07-02 19:00:00,2025,7,2,19,Cao Bằng,Xã Tam Kim,22.606427,106.0179879,34,Good,0,24.8,93,0.1,2.6,214,972.1,100,12.7,13.2,241.0,9.7,61.0,4.5
2025-07-02 20:00:00,2025,7,2,20,Cao Bằng,Xã Tam Kim,22.606427,106.0179879,33,Good,0,24.1,94,0.9,3.6,210,973.0,100,13.4,13.8,241.0,10.2,55.0,4.2
2025-07-02 21:00:00,2025,7,2,21,Cao Bằng,Xã Tam Kim,22.606427,106.0179879,32,Good,0,24.3,92,0.2,2.6,254,973.6,100,13.2,13.6,234.0,10.9,47.0,3.8
2025-07-02 22:00:00,2025,7,2,22,Cao Bằng,Xã Tam Kim,22.606427,106.0179879,30,Good,0,24.1,94,0.0,3.3,283,973.8,100,11.6,12.0,228.0,11.3,41.0,3.3
2025-07-02 23:00:00,2025,7,2,23,Cao Bằng,Xã Tam Kim,22.606427,106.0179879,29,Good,0,24.2,92,0.1,1.8,294,973.7,99,10.2,10.6,228.0,11.1,40.0,2.8
2025-07-03 00:00:00,2025,7,3,0,Cao Bằng,Xã Tam Kim,22.606427,106.0179879,28,Good,0,24.4,92,0.4,0.5,360,973.5,100,7.4,7.6,230.0,10.6,41.0,2.3
2025-07-03 01:00:00,2025,7,3,1,Cao Bằng,Xã Tam Kim,22.606427,106.0179879,28,Good,0,24.2,94,0.1,2.3,270,972.8,100,6.7,6.9,226.0,10.0,42.0,1.8
2025-07-03 02:00:00,2025,7,3,2,Cao Bằng,Xã Tam Kim,22.606427,106.0179879,28,Good,0,24.1,94,0.1,2.3,293,972.4,99,6.8,6.9,209.0,9.2,42.0,1.5
2025-07-03 03:00:00,2025,7,3,3,Cao Bằng,Xã Tam Kim,22.606427,106.0179879,28,Good,0,23.9,95,0.1,3.0,322,972.2,44,7.2,7.4,186.0,8.3,41.0,1.2
2025-07-03 04:00:00,2025,7,3,4,Cao Bằng,Xã Tam Kim,22.606427,106.0179879,29,Good,0,23.4,95,0.0,3.0,327,972.4,90,5.9,6.1,172.0,7.3,42.0,1.0
2025-07-03 05:00:00,2025,7,3,5,Cao Bằng,Xã Tam Kim,22.606427,106.0179879,29,Good,0,23.0,96,0.0,3.2,297,972.3,52,5.4,5.6,179.0,6.3,44.0,0.9
2025-07-03 06:00:00,2025,7,3,6,Cao Bằng,Xã Tam Kim,22.606427,106.0179879,30,Good,0,23.7,94,0.0,4.1,299,972.8,82,5.1,5.2,195.0,5.3,46.0,0.9
2025-07-03 07:00:00,2025,7,3,7,Cao Bằng,Xã Tam Kim,22.606427,106.0179879,30,Good,0,24.1,98,0.1,2.7,293,973.3,100,2.6,2.6,203.0,4.4,50.0,1.2
2025-07-03 08:00:00,2025,7,3,8,Cao Bằng,Xã Tam Kim,22.606427,106.0179879,30,Good,0,24.9,96,0.4,4.6,219,973.8,52,2.9,3.0,194.0,3.8,54.0,1.0
2025-07-03 09:00:00,2025,7,3,9,Cao Bằng,Xã Tam Kim,22.606427,106.0179879,30,Good,0,26.6,86,0.2,2.0,170,974.0,100,2.8,2.8,178.0,3.0,59.0,0.8
2025-07-03 10:00:00,2025,7,3,10,Cao Bằng,Xã Tam Kim,22.606427,106.0179879,29,Good,0,27.6,79,0.2,5.1,129,973.7,100,3.0,3.0,166.0,2.3,64.0,0.6
2025-07-03 11:00:00,2025,7,3,11,Cao Bằng,Xã Tam Kim,22.606427,106.0179879,29,Good,0,25.7,88,2.3,5.5,163,973.6,91,3.1,3.2,164.0,1.9,68.0,0.5
2025-07-03 12:00:00,2025,7,3,12,Cao Bằng,Xã Tam Kim,22.606427,106.0179879,29,Good,0,27.1,81,0.0,1.4,130,972.5,50,3.6,3.6,165.0,1.6,71.0,0.4
2025-07-03 13:00:00,2025,7,3,13,Cao Bằng,Xã Tam Kim,22.606427,106.0179879,28,Good,0,29.1,71,0.0,1.5,144,971.8,32,3.7,3.8,167.0,1.4,74.0,0.4
2025-07-03 14:00:00,2025,7,3,14,Cao Bằng,Xã Tam Kim,22.606427,106.0179879,28,Good,0,30.5,66,0.0,5.8,184,970.8,67,4.1,4.1,164.0,1.1,78.0,0.4
2025-07-03 15:00:00,2025,7,3,15,Cao Bằng,Xã Tam Kim,22.606427,106.0179879,30,Good,0,29.4,71,0.5,12.9,140,970.2,80,4.6,4.7,160.0,1.0,81.0,0.5
2025-07-03 16:00:00,2025,7,3,16,Cao Bằng,Xã Tam Kim,22.606427,106.0179879,32,Good,0,27.6,78,0.3,7.4,141,969.7,68,5.2,5.2,166.0,1.7,81.0,0.7
2025-07-03 17:00:00,2025,7,3,17,Cao Bằng,Xã Tam Kim,22.606427,106.0179879,33,Good,0,28.1,75,0.0,4.2,115,969.9,57,5.3,5.4,190.0,4.0,76.0,1.1
2025-07-03 18:00:00,2025,7,3,18,Cao Bằng,Xã Tam Kim,22.606427,106.0179879,34,Good,0,26.7,84,0.1,3.1,177,970.5,76,6.2,6.3,223.0,7.2,67.0,1.7
2025-07-03 19:00:00,2025,7,3,19,Cao Bằng,Xã Tam Kim,22.606427,106.0179879,35,Good,0,25.5,91,0.0,2.5,176,971.4,68,7.4,7.6,252.0,7.4,60.0,1.6
2025-07-03 20:00:00,2025,7,3,20,Cao Bằng,Xã Tam Kim,22.606427,106.0179879,34,Good,0,24.2,99,2.6,2.2,336,972.9,100,8.1,8.2,274.0,7.5,58.0,1.7
2025-07-03 21:00:00,2025,7,3,21,Cao Bằng,Xã Tam Kim,22.606427,106.0179879,33,Good,0,24.1,99,0.1,2.0,260,973.2,100,7.6,7.7,291.0,7.6,56.0,1.8
2025-07-03 22:00:00,2025,7,3,22,Cao Bằng,Xã Tam Kim,22.606427,106.0179879,32,Good,0,24.1,97,0.1,0.6,56,973.6,100,6.8,6.9,302.0,7.9,52.0,1.9
2025-07-03 23:00:00,2025,7,3,23,Cao Bằng,Xã Tam Kim,22.606427,106.0179879,31,Good,0,23.9,97,0.1,1.2,297,973.0,100,8.0,8.1,305.0,8.7,46.0,1.9
2025-07-04 00:00:00,2025,7,4,0,Cao Bằng,Xã Tam Kim,22.606427,106.0179879,29,Good,0,23.8,96,0.0,0.6,304,972.4,100,4.3,4.4,300.0,9.7,40.0,1.8
2025-07-04 01:00:00,2025,7,4,1,Cao Bằng,Xã Tam Kim,22.606427,106.0179879,26,Good,0,23.5,95,0.0,2.1,301,972.2,100,3.7,3.7,287.0,10.4,34.0,1.7
2025-07-04 02:00:00,2025,7,4,2,Cao Bằng,Xã Tam Kim,22.606427,106.0179879,24,Good,0,23.1,95,0.0,2.7,298,971.4,100,5.3,5.4,258.0,10.6,29.0,1.4
2025-07-04 03:00:00,2025,7,4,3,Cao Bằng,Xã Tam Kim,22.606427,106.0179879,22,Good,0,22.8,95,0.0,3.7,284,971.2,96,7.0,7.0,220.0,10.3,25.0,0.9
2025-07-04 04:00:00,2025,7,4,4,Cao Bằng,Xã Tam Kim,22.606427,106.0179879,21,Good,0,22.8,92,0.0,2.2,270,970.9,99,8.0,8.1,195.0,9.6,26.0,0.7
2025-07-04 05:00:00,2025,7,4,5,Cao Bằng,Xã Tam Kim,22.606427,106.0179879,21,Good,0,22.8,91,0.0,2.1,250,971.1,98,9.0,9.1,199.0,8.0,34.0,0.7
2025-07-04 06:00:00,2025,7,4,6,Cao Bằng,Xã Tam Kim,22.606427,106.0179879,22,Good,0,23.4,90,0.0,1.6,270,971.4,94,9.1,9.2,216.0,5.8,46.0,0.9
2025-07-04 07:00:00,2025,7,4,7,Cao Bằng,Xã Tam Kim,22.606427,106.0179879,23,Good,0,23.8,96,0.0,1.5,284,971.8,85,8.8,8.9,223.0,5.4,45.0,1.2
2025-07-04 08:00:00,2025,7,4,8,Cao Bằng,Xã Tam Kim,22.606427,106.0179879,24,Good,0,27.2,80,0.0,1.7,342,972.4,100,8.1,8.4,206.0,4.3,55.0,3.1
2025-07-04 09:00:00,2025,7,4,9,Cao Bằng,Xã Tam Kim,22.606427,106.0179879,25,Good,0,28.6,72,0.0,1.5,36,972.5,96,9.1,9.6,179.0,2.7,68.0,5.8
2025-07-04 10:00:00,2025,7,4,10,Cao Bằng,Xã Tam Kim,22.606427,106.0179879,26,Good,0,29.9,63,0.0,2.6,102,972.4,100,9.0,9.6,157.0,1.5,79.0,7.4
2025-07-04 11:00:00,2025,7,4,11,Cao Bằng,Xã Tam Kim,22.606427,106.0179879,27,Good,0,31.5,54,0.1,4.4,128,971.9,100,8.2,8.8,147.0,1.1,83.0,7.1
2025-07-04 12:00:00,2025,7,4,12,Cao Bằng,Xã Tam Kim,22.606427,106.0179879,28,Good,0,32.3,52,0.2,4.2,137,971.1,100,7.9,8.4,142.0,1.0,85.0,5.9
2025-07-04 13:00:00,2025,7,4,13,Cao Bằng,Xã Tam Kim,22.606427,106.0179879,29,Good,0,32.9,50,0.1,4.4,142,969.9,33,8.1,8.5,140.0,1.0,86.0,4.8
2025-07-04 14:00:00,2025,7,4,14,Cao Bằng,Xã Tam Kim,22.606427,106.0179879,32,Good,0,32.8,51,0.1,7.5,138,968.9,18,8.3,8.6,138.0,0.7,89.0,4.3
2025-07-04 15:00:00,2025,7,4,15,Cao Bằng,Xã Tam Kim,22.606427,106.0179879,34,Good,0,31.4,59,0.3,10.9,149,968.1,59,8.3,8.6,138.0,0.5,91.0,4.0
2025-07-04 16:00:00,2025,7,4,16,Cao Bằng,Xã Tam Kim,22.606427,106.0179879,37,Good,0,30.4,64,0.1,11.4,131,967.9,79,7.8,8.1,147.0,1.2,90.0,3.8
2025-07-04 17:00:00,2025,7,4,17,Cao Bằng,Xã Tam Kim,22.606427,106.0179879,39,Good,0,29.8,69,0.0,7.0,148,967.7,55,8.0,8.3,172.0,3.3,82.0,3.7
2025-07-04 18:00:00,2025,7,4,18,Cao Bằng,Xã Tam Kim,22.606427,106.0179879,40,Good,0,28.9,76,0.0,6.0,123,968.1,53,9.3,9.5,205.0,6.4,69.0,3.8
2025-07-04 19:00:00,2025,7,4,19,Cao Bằng,Xã Tam Kim,22.606427,106.0179879,39,Good,0,26.7,85,0.0,5.0,116,968.6,69,13.2,13.7,234.0,6.2,63.0,3.0
2025-07-04 20:00:00,2025,7,4,20,Cao Bằng,Xã Tam Kim,22.606427,106.0179879,38,Good,0,26.8,85,0.0,2.7,148,970.0,92,14.3,14.7,254.0,8.5,54.0,3.5
2025-07-04 21:00:00,2025,7,4,21,Cao Bằng,Xã Tam Kim,22.606427,106.0179879,36,Good,0,26.0,87,0.0,0.6,252,970.2,82,16.1,16.5,269.0,11.7,42.0,4.1
2025-07-04 22:00:00,2025,7,4,22,Cao Bằng,Xã Tam Kim,22.606427,106.0179879,36,Good,0,25.3,90,0.0,0.3,225,970.7,87,16.6,17.1,282.0,14.3,32.0,4.5
2025-07-04 23:00:00,2025,7,4,23,Cao Bằng,Xã Tam Kim,22.606427,106.0179879,37,Good,0,24.6,92,0.0,1.4,247,970.7,95,18.2,18.6,294.0,15.6,26.0,4.3
2025-07-05 00:00:00,2025,7,5,0,Cao Bằng,Xã Tam Kim,22.606427,106.0179879,39,Good,0,23.8,94,0.0,1.4,247,970.1,100,19.4,19.8,303.0,16.3,22.0,3.9
2025-07-05 01:00:00,2025,7,5,1,Cao Bằng,Xã Tam Kim,22.606427,106.0179879,42,Good,0,23.5,94,0.0,0.3,225,969.7,100,20.1,20.5,303.0,16.6,19.0,3.3
2025-07-05 02:00:00,2025,7,5,2,Cao Bằng,Xã Tam Kim,22.606427,106.0179879,45,Good,0,23.2,94,0.0,0.8,243,969.4,100,21.2,21.7,287.0,16.7,16.0,2.6
2025-07-05 03:00:00,2025,7,5,3,Cao Bằng,Xã Tam Kim,22.606427,106.0179879,47,Good,0,23.1,94,0.0,0.4,243,969.4,100,23.0,23.4,262.0,16.4,14.0,1.8
2025-07-05 04:00:00,2025,7,5,4,Cao Bằng,Xã Tam Kim,22.606427,106.0179879,50,Good,0,23.1,93,0.0,0.4,243,969.3,100,24.6,25.0,242.0,15.3,16.0,1.3
2025-07-05 05:00:00,2025,7,5,5,Cao Bằng,Xã Tam Kim,22.606427,106.0179879,52,Moderate,1,23.3,91,0.0,0.4,243,969.4,100,25.2,25.7,236.0,12.9,24.0,1.4
2025-07-05 06:00:00,2025,7,5,6,Cao Bằng,Xã Tam Kim,22.606427,106.0179879,53,Moderate,1,23.9,91,0.0,0.5,225,969.7,89,26.5,27.0,236.0,9.8,37.0,1.8
2025-07-05 07:00:00,2025,7,5,7,Cao Bằng,Xã Tam Kim,22.606427,106.0179879,55,Moderate,1,25.3,86,0.0,1.3,352,970.4,95,23.4,23.7,228.0,8.6,45.0,1.9
2025-07-05 08:00:00,2025,7,5,8,Cao Bằng,Xã Tam Kim,22.606427,106.0179879,56,Moderate,1,27.4,79,0.0,2.8,63,970.6,96,18.8,19.2,204.0,6.4,60.0,2.6
2025-07-05 09:00:00,2025,7,5,9,Cao Bằng,Xã Tam Kim,22.606427,106.0179879,57,Moderate,1,29.5,70,0.0,3.4,72,970.8,98,14.6,14.9,174.0,3.4,81.0,3.4
2025-07-05 10:00:00,2025,7,5,10,Cao Bằng,Xã Tam Kim,22.606427,106.0179879,57,Moderate,1,31.3,61,0.0,3.3,81,970.9,92,11.2,11.6,150.0,1.2,96.0,3.9
2025-07-05 11:00:00,2025,7,5,11,Cao Bằng,Xã Tam Kim,22.606427,106.0179879,57,Moderate,1,32.7,52,0.0,5.4,105,970.3,30,10.2,10.7,140.0,0.5,101.0,3.6
2025-07-05 12:00:00,2025,7,5,12,Cao Bằng,Xã Tam Kim,22.606427,106.0179879,58,Moderate,1,33.7,48,0.0,6.7,106,969.2,15,10.2,10.6,137.0,0.6,101.0,2.9
2025-07-05 13:00:00,2025,7,5,13,Cao Bằng,Xã Tam Kim,22.606427,106.0179879,58,Moderate,1,33.9,49,0.0,7.2,109,968.0,14,10.5,10.9,137.0,0.8,101.0,2.3
2025-07-05 14:00:00,2025,7,5,14,Cao Bằng,Xã Tam Kim,22.606427,106.0179879,58,Moderate,1,34.4,46,0.0,7.2,112,967.1,9,10.6,10.9,134.0,0.6,104.0,2.1
2025-07-05 15:00:00,2025,7,5,15,Cao Bằng,Xã Tam Kim,22.606427,106.0179879,58,Moderate,1,34.1,48,0.0,7.7,115,966.0,8,10.8,11.1,134.0,0.4,106.0,2.0
2025-07-05 16:00:00,2025,7,5,16,Cao Bằng,Xã Tam Kim,22.606427,106.0179879,58,Moderate,1,34.0,47,0.0,7.6,128,965.4,10,10.9,11.3,147.0,1.2,105.0,2.2
2025-07-05 17:00:00,2025,7,5,17,Cao Bằng,Xã Tam Kim,22.606427,106.0179879,59,Moderate,1,33.1,51,0.0,7.0,132,965.7,15,11.4,11.7,184.0,3.6,98.0,2.7
2025-07-05 18:00:00,2025,7,5,18,Cao Bằng,Xã Tam Kim,22.606427,106.0179879,59,Moderate,1,31.1,64,0.0,5.2,149,966.8,19,13.0,13.2,233.0,7.0,87.0,3.4
2025-07-05 19:00:00,2025,7,5,19,Cao Bằng,Xã Tam Kim,22.606427,106.0179879,59,Moderate,1,29.1,71,0.0,4.2,220,968.0,34,14.0,14.3,270.0,9.3,76.0,3.8
2025-07-05 20:00:00,2025,7,5,20,Cao Bằng,Xã Tam Kim,22.606427,106.0179879,59,Moderate,1,27.9,72,0.0,4.6,198,968.4,39,15.3,15.5,283.0,10.1,73.0,4.4
2025-07-05 21:00:00,2025,7,5,21,Cao Bằng,Xã Tam Kim,22.606427,106.0179879,60,Moderate,1,27.2,76,0.0,3.6,225,969.4,38,16.1,16.4,283.0,11.3,69.0,5.3
2025-07-05 22:00:00,2025,7,5,22,Cao Bằng,Xã Tam Kim,22.606427,106.0179879,60,Moderate,1,26.4,79,0.0,0.8,225,969.8,8,17.4,17.7,278.0,12.9,64.0,6.0
2025-07-05 23:00:00,2025,7,5,23,Cao Bằng,Xã Tam Kim,22.606427,106.0179879,60,Moderate,1,25.3,86,0.0,0.6,252,969.9,40,19.3,19.6,270.0,15.2,60.0,6.6
2025-07-06 00:00:00,2025,7,6,0,Cao Bằng,Xã Tam Kim,22.606427,106.0179879,60,Moderate,1,24.4,88,0.0,2.1,301,969.1,65,22.1,22.4,257.0,17.9,56.0,7.1
2025-07-06 01:00:00,2025,7,6,1,Cao Bằng,Xã Tam Kim,22.606427,106.0179879,60,Moderate,1,24.0,89,0.0,0.9,270,968.7,58,24.2,24.5,245.0,19.6,51.0,7.2
2025-07-06 02:00:00,2025,7,6,2,Cao Bằng,Xã Tam Kim,22.606427,106.0179879,60,Moderate,1,23.4,91,0.0,1.4,270,968.3,42,25.6,25.8,232.0,19.9,43.0,6.6
2025-07-06 03:00:00,2025,7,6,3,Cao Bằng,Xã Tam Kim,22.606427,106.0179879,61,Moderate,1,23.0,92,0.0,1.3,262,968.4,25,25.8,26.1,219.0,19.3,33.0,5.5
2025-07-06 04:00:00,2025,7,6,4,Cao Bằng,Xã Tam Kim,22.606427,106.0179879,61,Moderate,1,22.7,92,0.0,0.3,225,968.6,35,25.7,26.0,215.0,17.7,31.0,4.8
2025-07-06 05:00:00,2025,7,6,5,Cao Bằng,Xã Tam Kim,22.606427,106.0179879,61,Moderate,1,22.4,93,0.0,2.4,261,969.0,63,26.3,26.5,228.0,14.7,39.0,4.7
2025-07-06 06:00:00,2025,7,6,6,Cao Bằng,Xã Tam Kim,22.606427,106.0179879,61,Moderate,1,23.5,89,0.0,1.7,257,969.6,67,27.8,28.0,250.0,10.8,54.0,4.9
2025-07-06 07:00:00,2025,7,6,7,Cao Bằng,Xã Tam Kim,22.606427,106.0179879,61,Moderate,1,25.7,81,0.0,0.3,45,970.0,2,18.7,18.9,258.0,6.3,82.0,5.0
2025-07-06 08:00:00,2025,7,6,8,Cao Bằng,Xã Tam Kim,22.606427,106.0179879,61,Moderate,1,28.1,71,0.0,2.2,35,970.4,0,16.1,16.3,240.0,4.8,102.0,6.5
2025-07-06 09:00:00,2025,7,6,9,Cao Bằng,Xã Tam Kim,22.606427,106.0179879,61,Moderate,1,30.1,63,0.0,2.7,37,970.6,2,16.8,16.9,209.0,2.7,128.0,8.6
2025-07-06 10:00:00,2025,7,6,10,Cao Bằng,Xã Tam Kim,22.606427,106.0179879,61,Moderate,1,31.8,55,0.0,2.7,70,970.4,10,16.5,16.7,184.0,1.2,145.0,9.7
2025-07-06 11:00:00,2025,7,6,11,Cao Bằng,Xã Tam Kim,22.606427,106.0179879,61,Moderate,1,33.1,50,0.0,3.6,99,969.6,5,15.4,15.7,174.0,0.7,143.0,9.1
2025-07-06 12:00:00,2025,7,6,12,Cao Bằng,Xã Tam Kim,22.606427,106.0179879,62,Moderate,1,34.1,48,0.0,3.7,119,968.8,41,13.9,14.2,171.0,0.8,130.0,7.5
2025-07-06 13:00:00,2025,7,6,13,Cao Bằng,Xã Tam Kim,22.606427,106.0179879,62,Moderate,1,34.5,47,0.0,4.1,124,967.9,87,13.2,13.4,168.0,1.0,119.0,6.1
2025-07-06 14:00:00,2025,7,6,14,Cao Bằng,Xã Tam Kim,22.606427,106.0179879,62,Moderate,1,34.5,48,0.0,4.3,114,966.6,100,14.2,14.4,156.0,0.9,114.0,5.2
2025-07-06 15:00:00,2025,7,6,15,Cao Bằng,Xã Tam Kim,22.606427,106.0179879,71,Moderate,1,34.4,49,0.0,5.8,110,965.6,96,20.1,20.4,145.0,0.8,109.0,4.6
2025-07-06 16:00:00,2025,7,6,16,Cao Bằng,Xã Tam Kim,22.606427,106.0179879,77,Moderate,1,33.8,51,0.0,7.3,126,965.5,83,18.1,18.3,151.0,1.6,103.0,4.2
2025-07-06 17:00:00,2025,7,6,17,Cao Bằng,Xã Tam Kim,22.606427,106.0179879,77,Moderate,1,33.0,53,0.0,5.2,139,966.2,55,18.3,18.5,194.0,3.9,93.0,4.2
2025-07-06 18:00:00,2025,7,6,18,Cao Bằng,Xã Tam Kim,22.606427,106.0179879,70,Moderate,1,30.4,68,0.0,5.5,128,966.9,34,19.4,19.5,255.0,7.0,80.0,4.5
2025-07-06 19:00:00,2025,7,6,19,Cao Bằng,Xã Tam Kim,22.606427,106.0179879,65,Moderate,1,27.6,78,0.1,9.8,18,968.3,67,13.7,13.8,298.0,9.9,65.0,5.6
2025-07-06 20:00:00,2025,7,6,20,Cao Bằng,Xã Tam Kim,22.606427,106.0179879,65,Moderate,1,28.4,69,0.0,11.4,162,968.2,69,16.3,16.4,303.0,11.2,61.0,6.0
2025-07-06 21:00:00,2025,7,6,21,Cao Bằng,Xã Tam Kim,22.606427,106.0179879,65,Moderate,1,27.7,71,0.0,7.6,180,969.3,46,18.0,18.1,289.0,13.0,54.0,6.5
2025-07-06 22:00:00,2025,7,6,22,Cao Bằng,Xã Tam Kim,22.606427,106.0179879,66,Moderate,1,26.5,78,0.0,2.9,169,970.0,37,18.4,18.5,276.0,14.3,48.0,6.7
2025-07-06 23:00:00,2025,7,6,23,Cao Bằng,Xã Tam Kim,22.606427,106.0179879,66,Moderate,1,26.0,81,0.0,0.0,270,969.8,13,20.0,20.1,270.0,14.6,43.0,6.5
2025-07-07 00:00:00,2025,7,7,0,Cao Bằng,Xã Tam Kim,22.606427,106.0179879,66,Moderate,1,25.2,84,0.0,0.4,207,969.3,9,21.2,21.2,264.0,14.5,38.0,6.0
2025-07-07 01:00:00,2025,7,7,1,Cao Bằng,Xã Tam Kim,22.606427,106.0179879,66,Moderate,1,24.5,88,0.0,0.8,243,968.8,13,21.9,22.1,258.0,14.7,33.0,5.2
2025-07-07 02:00:00,2025,7,7,2,Cao Bằng,Xã Tam Kim,22.606427,106.0179879,65,Moderate,1,23.9,90,0.0,1.5,277,968.2,3,23.5,23.5,249.0,16.0,26.0,3.8
2025-07-07 03:00:00,2025,7,7,3,Cao Bằng,Xã Tam Kim,22.606427,106.0179879,65,Moderate,1,23.4,92,0.0,2.2,279,968.2,0,26.3,26.4,240.0,17.7,19.0,2.2
2025-07-07 04:00:00,2025,7,7,4,Cao Bằng,Xã Tam Kim,22.606427,106.0179879,65,Moderate,1,23.2,92,0.0,0.7,256,968.1,0,29.5,29.6,234.0,17.8,19.0,1.3
2025-07-07 05:00:00,2025,7,7,5,Cao Bằng,Xã Tam Kim,22.606427,106.0179879,66,Moderate,1,22.9,93,0.0,0.4,243,968.7,4,30.9,30.9,235.0,15.2,30.0,1.5
2025-07-07 06:00:00,2025,7,7,6,Cao Bằng,Xã Tam Kim,22.606427,106.0179879,66,Moderate,1,23.9,90,0.0,2.0,270,968.9,5,30.5,30.6,239.0,11.0,48.0,2.5
2025-07-07 07:00:00,2025,7,7,7,Cao Bằng,Xã Tam Kim,22.606427,106.0179879,66,Moderate,1,25.7,85,0.0,1.9,17,969.1,31,22.9,22.9,238.0,8.7,73.0,4.5
2025-07-07 08:00:00,2025,7,7,8,Cao Bằng,Xã Tam Kim,22.606427,106.0179879,67,Moderate,1,28.0,77,0.0,3.4,84,969.6,62,20.7,20.8,225.0,6.5,91.0,6.4
2025-07-07 09:00:00,2025,7,7,9,Cao Bằng,Xã Tam Kim,22.606427,106.0179879,67,Moderate,1,29.6,71,0.0,3.6,72,969.6,3,17.3,17.4,206.0,3.5,115.0,9.0
2025-07-07 10:00:00,2025,7,7,10,Cao Bằng,Xã Tam Kim,22.606427,106.0179879,67,Moderate,1,31.1,64,0.0,3.9,77,969.3,14,13.2,13.2,191.0,1.3,131.0,10.4
2025-07-07 11:00:00,2025,7,7,11,Cao Bằng,Xã Tam Kim,22.606427,106.0179879,67,Moderate,1,32.4,57,0.0,3.1,93,969.0,9,11.3,11.3,183.0,0.6,130.0,9.5
2025-07-07 12:00:00,2025,7,7,12,Cao Bằng,Xã Tam Kim,22.606427,106.0179879,66,Moderate,1,33.9,48,0.0,3.8,95,968.0,7,10.5,10.5,179.0,0.7,120.0,7.4
2025-07-07 13:00:00,2025,7,7,13,Cao Bằng,Xã Tam Kim,22.606427,106.0179879,66,Moderate,1,34.5,46,0.0,5.4,111,966.7,6,10.3,10.3,178.0,0.9,113.0,5.8
2025-07-07 14:00:00,2025,7,7,14,Cao Bằng,Xã Tam Kim,22.606427,106.0179879,66,Moderate,1,34.9,44,0.0,6.9,123,965.6,6,10.8,10.8,177.0,0.7,113.0,5.2
2025-07-07 15:00:00,2025,7,7,15,Cao Bằng,Xã Tam Kim,22.606427,106.0179879,66,Moderate,1,34.8,45,0.0,7.3,134,964.7,8,11.2,11.2,178.0,0.6,116.0,5.1
2025-07-07 16:00:00,2025,7,7,16,Cao Bằng,Xã Tam Kim,22.606427,106.0179879,65,Moderate,1,33.8,48,0.0,8.5,142,964.5,19,11.7,11.8,188.0,1.3,115.0,5.0
2025-07-07 17:00:00,2025,7,7,17,Cao Bằng,Xã Tam Kim,22.606427,106.0179879,69,Moderate,1,32.6,53,0.1,8.5,155,964.7,20,12.9,12.9,212.0,3.3,106.0,4.9
2025-07-07 18:00:00,2025,7,7,18,Cao Bằng,Xã Tam Kim,22.606427,106.0179879,67,Moderate,1,30.0,66,0.0,8.7,148,965.2,34,13.9,13.9,244.0,6.1,94.0,4.9
2025-07-07 19:00:00,2025,7,7,19,Cao Bằng,Xã Tam Kim,22.606427,106.0179879,63,Moderate,1,27.9,78,0.0,5.1,144,966.0,13,18.3,18.3,271.0,9.2,81.0,5.0
2025-07-07 20:00:00,2025,7,7,20,Cao Bằng,Xã Tam Kim,22.606427,106.0179879,64,Moderate,1,26.9,86,0.0,3.0,147,967.6,29,22.2,22.2,288.0,10.5,74.0,5.3
2025-07-07 21:00:00,2025,7,7,21,Cao Bằng,Xã Tam Kim,22.606427,106.0179879,64,Moderate,1,26.4,89,0.0,2.7,110,968.0,54,25.2,25.3,299.0,12.2,64.0,5.8
2025-07-07 22:00:00,2025,7,7,22,Cao Bằng,Xã Tam Kim,22.606427,106.0179879,65,Moderate,1,26.2,90,0.0,0.2,90,968.5,29,27.5,27.5,304.0,13.4,57.0,6.1
2025-07-07 23:00:00,2025,7,7,23,Cao Bằng,Xã Tam Kim,22.606427,106.0179879,66,Moderate,1,25.7,92,0.0,0.7,14,968.3,9,29.3,29.3,299.0,13.4,55.0,6.4
2025-07-08 00:00:00,2025,7,8,0,Cao Bằng,Xã Tam Kim,22.606427,106.0179879,66,Moderate,1,25.2,93,0.0,0.4,297,967.9,7,31.1,31.1,287.0,12.9,55.0,6.5
2025-07-08 01:00:00,2025,7,8,1,Cao Bằng,Xã Tam Kim,22.606427,106.0179879,67,Moderate,1,24.9,94,0.0,1.0,45,967.4,13,32.7,32.7,277.0,12.7,55.0,6.2
2025-07-08 02:00:00,2025,7,8,2,Cao Bằng,Xã Tam Kim,22.606427,106.0179879,68,Moderate,1,24.6,94,0.0,0.6,326,967.2,65,34.9,34.9,272.0,13.6,51.0,4.8
2025-07-08 03:00:00,2025,7,8,3,Cao Bằng,Xã Tam Kim,22.606427,106.0179879,69,Moderate,1,24.4,95,0.0,0.8,27,967.0,98,40.6,40.6,268.0,14.9,48.0,3.0
2025-07-08 04:00:00,2025,7,8,4,Cao Bằng,Xã Tam Kim,22.606427,106.0179879,71,Moderate,1,24.2,96,0.0,0.0,270,966.8,90,47.0,47.0,269.0,14.8,54.0,2.2
2025-07-08 05:00:00,2025,7,8,5,Cao Bằng,Xã Tam Kim,22.606427,106.0179879,72,Moderate,1,23.9,96,0.0,1.0,315,966.5,22,51.0,51.0,276.0,12.0,78.0,3.4
2025-07-08 06:00:00,2025,7,8,6,Cao Bằng,Xã Tam Kim,22.606427,106.0179879,74,Moderate,1,24.5,95,0.0,3.1,360,966.6,22,52.3,52.3,288.0,7.9,111.0,5.7
2025-07-08 07:00:00,2025,7,8,7,Cao Bằng,Xã Tam Kim,22.606427,106.0179879,76,Moderate,1,25.7,90,0.0,3.0,52,967.1,46,31.9,31.9,297.0,5.3,107.0,8.6
2025-07-08 08:00:00,2025,7,8,8,Cao Bằng,Xã Tam Kim,22.606427,106.0179879,77,Moderate,1,28.2,79,0.0,3.2,63,967.7,23,28.5,28.5,302.0,4.2,126.0,8.9
2025-07-08 09:00:00,2025,7,8,9,Cao Bằng,Xã Tam Kim,22.606427,106.0179879,77,Moderate,1,30.4,69,0.0,3.2,90,967.8,43,25.0,25.0,305.0,2.6,151.0,9.3
2025-07-08 10:00:00,2025,7,8,10,Cao Bằng,Xã Tam Kim,22.606427,106.0179879,78,Moderate,1,31.6,65,0.0,5.7,77,967.7,24,20.0,20.0,305.0,1.4,167.0,9.2
2025-07-08 11:00:00,2025,7,8,11,Cao Bằng,Xã Tam Kim,22.606427,106.0179879,79,Moderate,1,32.9,61,0.0,4.3,73,967.2,19,17.8,17.8,295.0,1.0,163.0,8.2
2025-07-08 12:00:00,2025,7,8,12,Cao Bằng,Xã Tam Kim,22.606427,106.0179879,79,Moderate,1,34.1,57,0.1,3.4,96,966.3,27,16.4,16.5,284.0,1.0,149.0,6.7
2025-07-08 13:00:00,2025,7,8,13,Cao Bằng,Xã Tam Kim,22.606427,106.0179879,90,Moderate,1,34.6,54,0.1,3.6,127,965.5,24,15.7,15.8,292.0,1.1,137.0,5.5
2025-07-08 14:00:00,2025,7,8,14,Cao Bằng,Xã Tam Kim,22.606427,106.0179879,103,Unhealthy for Sensitive Groups,2,35.0,53,0.0,4.6,201,964.1,19,15.0,15.2,337.0,0.9,131.0,4.7
2025-07-08 15:00:00,2025,7,8,15,Cao Bằng,Xã Tam Kim,22.606427,106.0179879,107,Unhealthy for Sensitive Groups,2,34.3,52,0.0,7.9,196,962.9,41,14.4,14.6,401.0,0.7,127.0,4.2
2025-07-08 16:00:00,2025,7,8,16,Cao Bằng,Xã Tam Kim,22.606427,106.0179879,111,Unhealthy for Sensitive Groups,2,33.4,56,0.2,7.9,159,962.2,73,14.3,14.6,462.0,1.5,120.0,4.0
2025-07-08 17:00:00,2025,7,8,17,Cao Bằng,Xã Tam Kim,22.606427,106.0179879,110,Unhealthy for Sensitive Groups,2,32.5,62,0.2,6.8,145,962.5,47,14.6,14.8,520.0,4.2,108.0,4.2
2025-07-08 18:00:00,2025,7,8,18,Cao Bằng,Xã Tam Kim,22.606427,106.0179879,101,Unhealthy for Sensitive Groups,2,31.2,76,0.0,3.8,149,963.3,46,15.9,16.1,575.0,7.9,95.0,4.7
2025-07-08 19:00:00,2025,7,8,19,Cao Bằng,Xã Tam Kim,22.606427,106.0179879,86,Moderate,1,29.1,80,0.0,4.5,151,964.3,51,25.6,26.0,594.0,9.3,80.0,4.6
2025-07-08 20:00:00,2025,7,8,20,Cao Bằng,Xã Tam Kim,22.606427,106.0179879,82,Moderate,1,27.8,93,0.0,1.1,108,965.8,100,28.3,28.8,552.0,10.7,73.0,5.0
2025-07-08 21:00:00,2025,7,8,21,Cao Bằng,Xã Tam Kim,22.606427,106.0179879,83,Moderate,1,27.4,94,0.0,1.3,56,966.4,100,29.6,30.0,476.0,12.7,64.0,5.6
2025-07-08 22:00:00,2025,7,8,22,Cao Bằng,Xã Tam Kim,22.606427,106.0179879,83,Moderate,1,26.9,95,0.0,1.1,72,967.1,99,30.3,30.6,414.0,14.1,57.0,6.2
2025-07-08 23:00:00,2025,7,8,23,Cao Bằng,Xã Tam Kim,22.606427,106.0179879,83,Moderate,1,26.5,97,0.0,1.0,68,967.2,100,32.7,33.1,389.0,14.4,55.0,6.9
2025-07-09 00:00:00,2025,7,9,0,Cao Bằng,Xã Tam Kim,22.606427,106.0179879,83,Moderate,1,26.3,97,0.0,1.1,360,966.6,76,35.3,35.5,378.0,14.2,55.0,7.7
2025-07-09 01:00:00,2025,7,9,1,Cao Bằng,Xã Tam Kim,22.606427,106.0179879,84,Moderate,1,26.1,95,1.3,0.8,333,966.3,95,37.5,37.8,369.0,13.9,55.0,8.2
2025-07-09 02:00:00,2025,7,9,2,Cao Bằng,Xã Tam Kim,22.606427,106.0179879,84,Moderate,1,25.6,94,1.2,2.2,5,965.9,86,37.7,38.1,354.0,13.9,53.0,8.1
2025-07-09 03:00:00,2025,7,9,3,Cao Bằng,Xã Tam Kim,22.606427,106.0179879,85,Moderate,1,25.7,93,0.0,1.3,8,965.7,85,40.2,40.5,340.0,13.8,50.0,7.6
2025-07-09 04:00:00,2025,7,9,4,Cao Bằng,Xã Tam Kim,22.606427,106.0179879,84,Moderate,1,25.4,94,0.0,1.3,16,965.4,88,40.9,41.2,336.0,13.0,52.0,7.3
2025-07-09 05:00:00,2025,7,9,5,Cao Bằng,Xã Tam Kim,22.606427,106.0179879,84,Moderate,1,25.2,94,0.0,1.0,292,965.5,57,40.6,41.0,354.0,10.9,60.0,7.4
2025-07-09 06:00:00,2025,7,9,6,Cao Bằng,Xã Tam Kim,22.606427,106.0179879,83,Moderate,1,25.6,97,0.0,0.5,225,965.9,27,40.3,40.6,381.0,8.0,72.0,7.7
2025-07-09 07:00:00,2025,7,9,7,Cao Bằng,Xã Tam Kim,22.606427,106.0179879,82,Moderate,1,26.1,96,0.0,1.8,37,966.4,67,42.3,42.6,387.0,6.0,109.0,12.5
2025-07-09 08:00:00,2025,7,9,8,Cao Bằng,Xã Tam Kim,22.606427,106.0179879,83,Moderate,1,28.0,90,0.2,3.1,50,966.7,96,38.2,38.8,352.0,4.8,118.0,13.2
2025-07-09 09:00:00,2025,7,9,9,Cao Bằng,Xã Tam Kim,22.606427,106.0179879,84,Moderate,1,29.0,85,0.9,3.7,43,966.5,84,29.4,30.3,297.0,3.1,131.0,14.0
2025-07-09 10:00:00,2025,7,9,10,Cao Bằng,Xã Tam Kim,22.606427,106.0179879,84,Moderate,1,31.0,76,0.3,4.3,48,966.5,85,26.5,27.6,253.0,1.8,138.0,13.8
2025-07-09 11:00:00,2025,7,9,11,Cao Bằng,Xã Tam Kim,22.606427,106.0179879,85,Moderate,1,32.7,64,0.1,3.7,76,965.9,98,24.2,25.6,235.0,1.3,137.0,11.5
2025-07-09 12:00:00,2025,7,9,12,Cao Bằng,Xã Tam Kim,22.606427,106.0179879,85,Moderate,1,33.7,58,0.0,5.4,86,965.3,99,22.6,24.1,229.0,1.2,130.0,8.2
2025-07-09 13:00:00,2025,7,9,13,Cao Bằng,Xã Tam Kim,22.606427,106.0179879,86,Moderate,1,34.0,55,0.0,0.8,153,963.9,100,21.3,22.8,225.0,1.4,122.0,5.7
2025-07-09 14:00:00,2025,7,9,14,Cao Bằng,Xã Tam Kim,22.606427,106.0179879,86,Moderate,1,32.9,59,0.0,5.6,291,963.2,100,21.7,23.1,216.0,1.9,112.0,4.8
2025-07-09 15:00:00,2025,7,9,15,Cao Bằng,Xã Tam Kim,22.606427,106.0179879,87,Moderate,1,30.5,77,0.6,4.4,145,963.2,100,21.8,22.7,209.0,2.7,100.0,4.7
2025-07-09 16:00:00,2025,7,9,16,Cao Bằng,Xã Tam Kim,22.606427,106.0179879,88,Moderate,1,30.4,74,1.1,3.6,150,963.0,100,23.3,24.1,220.0,3.9,91.0,4.8
2025-07-09 17:00:00,2025,7,9,17,Cao Bằng,Xã Tam Kim,22.606427,106.0179879,88,Moderate,1,30.3,74,0.4,4.3,158,963.3,100,24.4,25.3,262.0,5.6,87.0,5.0
2025-07-09 18:00:00,2025,7,9,18,Cao Bằng,Xã Tam Kim,22.606427,106.0179879,89,Moderate,1,28.2,94,0.8,4.3,42,963.4,100,24.7,25.6,321.0,7.7,84.0,5.5
2025-07-09 19:00:00,2025,7,9,19,Cao Bằng,Xã Tam Kim,22.606427,106.0179879,90,Moderate,1,27.8,93,0.0,0.8,45,963.7,99,19.7,20.9,369.0,7.5,69.0,3.6
2025-07-09 20:00:00,2025,7,9,20,Cao Bằng,Xã Tam Kim,22.606427,106.0179879,89,Moderate,1,26.8,95,0.8,2.2,360,965.1,100,19.6,20.8,400.0,7.7,65.0,3.4
2025-07-09 21:00:00,2025,7,9,21,Cao Bằng,Xã Tam Kim,22.606427,106.0179879,89,Moderate,1,25.7,98,2.6,5.9,220,966.1,100,18.3,19.2,421.0,7.9,59.0,3.2
2025-07-09 22:00:00,2025,7,9,22,Cao Bằng,Xã Tam Kim,22.606427,106.0179879,88,Moderate,1,25.3,98,1.3,2.7,28,966.2,100,17.1,17.9,423.0,7.9,54.0,2.9
2025-07-09 23:00:00,2025,7,9,23,Cao Bằng,Xã Tam Kim,22.606427,106.0179879,87,Moderate,1,25.3,98,0.0,5.1,219,966.1,100,15.7,16.4,397.0,7.4,52.0,2.5
2025-07-10 00:00:00,2025,7,10,0,Cao Bằng,Xã Tam Kim,22.606427,106.0179879,85,Moderate,1,25.0,96,0.0,1.2,243,965.5,100,14.3,14.9,353.0,6.6,52.0,2.0
2025-07-10 01:00:00,2025,7,10,1,Cao Bằng,Xã Tam Kim,22.606427,106.0179879,83,Moderate,1,25.1,93,0.0,0.0,270,965.2,100,13.6,14.1,313.0,5.9,53.0,1.6
2025-07-10 02:00:00,2025,7,10,2,Cao Bằng,Xã Tam Kim,22.606427,106.0179879,81,Moderate,1,25.4,91,0.0,0.9,281,964.4,100,12.2,12.8,284.0,5.4,54.0,1.4
2025-07-10 03:00:00,2025,7,10,3,Cao Bằng,Xã Tam Kim,22.606427,106.0179879,79,Moderate,1,25.1,91,0.0,2.4,253,964.0,100,12.3,12.8,259.0,5.1,55.0,1.3
2025-07-10 04:00:00,2025,7,10,4,Cao Bằng,Xã Tam Kim,22.606427,106.0179879,76,Moderate,1,24.6,92,0.0,2.4,347,964.0,100,11.8,12.2,242.0,4.8,57.0,1.3
2025-07-10 05:00:00,2025,7,10,5,Cao Bằng,Xã Tam Kim,22.606427,106.0179879,74,Moderate,1,24.3,96,0.0,4.9,321,963.9,100,11.5,11.9,238.0,4.6,58.0,1.4
2025-07-10 06:00:00,2025,7,10,6,Cao Bằng,Xã Tam Kim,22.606427,106.0179879,71,Moderate,1,24.6,97,0.0,5.9,315,964.3,100,11.1,11.6,243.0,4.5,58.0,1.6
2025-07-10 07:00:00,2025,7,10,7,Cao Bằng,Xã Tam Kim,22.606427,106.0179879,69,Moderate,1,25.5,97,0.0,4.5,326,965.1,100,10.3,10.8,248.0,4.4,60.0,1.6
2025-07-10 08:00:00,2025,7,10,8,Cao Bằng,Xã Tam Kim,22.606427,106.0179879,66,Moderate,1,26.9,90,0.0,5.4,310,965.3,100,11.1,11.5,252.0,3.5,72.0,1.7
2025-07-10 09:00:00,2025,7,10,9,Cao Bằng,Xã Tam Kim,22.606427,106.0179879,63,Moderate,1,29.1,76,0.0,5.8,334,965.7,100,11.7,12.0,256.0,2.3,90.0,1.9
2025-07-10 10:00:00,2025,7,10,10,Cao Bằng,Xã Tam Kim,22.606427,106.0179879,62,Moderate,1,30.7,68,0.2,5.6,353,965.7,100,11.1,11.3,257.0,1.4,103.0,1.9
2025-07-10 11:00:00,2025,7,10,11,Cao Bằng,Xã Tam Kim,22.606427,106.0179879,60,Moderate,1,32.0,64,0.0,6.5,354,965.1,100,11.1,11.3,253.0,1.0,110.0,1.7
2025-07-10 12:00:00,2025,7,10,12,Cao Bằng,Xã Tam Kim,22.606427,106.0179879,59,Moderate,1,33.7,56,0.0,2.5,4,964.3,95,11.8,12.0,246.0,0.8,113.0,1.5
2025-07-10 13:00:00,2025,7,10,13,Cao Bằng,Xã Tam Kim,22.606427,106.0179879,58,Moderate,1,34.5,52,0.0,1.5,194,963.2,100,12.0,12.2,242.0,1.0,112.0,1.3
2025-07-10 14:00:00,2025,7,10,14,Cao Bằng,Xã Tam Kim,22.606427,106.0179879,57,Moderate,1,33.4,56,0.0,9.3,22,962.5,100,13.8,14.1,239.0,1.5,105.0,1.2
2025-07-10 15:00:00,2025,7,10,15,Cao Bằng,Xã Tam Kim,22.606427,106.0179879,57,Moderate,1,26.7,95,5.6,7.2,235,963.0,100,15.1,15.4,238.0,2.3,94.0,1.2
2025-07-10 16:00:00,2025,7,10,16,Cao Bằng,Xã Tam Kim,22.606427,106.0179879,56,Moderate,1,26.7,90,0.2,6.0,237,962.5,100,13.6,13.7,251.0,3.3,83.0,1.3
2025-07-10 17:00:00,2025,7,10,17,Cao Bằng,Xã Tam Kim,22.606427,106.0179879,55,Moderate,1,28.2,86,0.0,2.0,280,962.3,100,13.9,14.0,295.0,4.9,74.0,1.6
2025-07-10 18:00:00,2025,7,10,18,Cao Bằng,Xã Tam Kim,22.606427,106.0179879,54,Moderate,1,26.5,93,0.1,4.0,234,962.7,100,13.6,13.7,353.0,6.7,66.0,2.0
2025-07-10 19:00:00,2025,7,10,19,Cao Bằng,Xã Tam Kim,22.606427,106.0179879,53,Moderate,1,26.1,94,0.1,2.2,261,963.4,100,20.8,21.2,383.0,7.8,68.0,2.0
2025-07-10 20:00:00,2025,7,10,20,Cao Bằng,Xã Tam Kim,22.606427,106.0179879,53,Moderate,1,27.0,91,0.0,4.0,306,963.8,100,18.0,18.3,358.0,7.6,66.0,2.0
2025-07-10 21:00:00,2025,7,10,21,Cao Bằng,Xã Tam Kim,22.606427,106.0179879,53,Moderate,1,26.8,90,0.0,5.6,312,964.4,100,17.3,17.5,306.0,7.4,63.0,2.0
2025-07-10 22:00:00,2025,7,10,22,Cao Bằng,Xã Tam Kim,22.606427,106.0179879,53,Moderate,1,26.6,88,0.0,9.4,331,965.0,100,16.7,16.9,261.0,7.0,61.0,2.0
2025-07-10 23:00:00,2025,7,10,23,Cao Bằng,Xã Tam Kim,22.606427,106.0179879,53,Moderate,1,25.5,92,0.2,6.3,305,965.6,100,15.6,15.7,236.0,6.3,62.0,2.0
2025-07-11 00:00:00,2025,7,11,0,Cao Bằng,Xã Tam Kim,22.606427,106.0179879,53,Moderate,1,24.9,92,0.1,8.9,312,965.3,100,14.5,14.6,219.0,5.5,64.0,1.9
2025-07-11 01:00:00,2025,7,11,1,Cao Bằng,Xã Tam Kim,22.606427,106.0179879,53,Moderate,1,24.5,94,0.3,9.0,308,964.4,100,13.8,13.9,211.0,4.8,66.0,1.9
2025-07-11 02:00:00,2025,7,11,2,Cao Bằng,Xã Tam Kim,22.606427,106.0179879,53,Moderate,1,24.7,90,0.2,10.1,310,963.9,100,13.6,13.7,213.0,4.4,67.0,1.9
2025-07-11 03:00:00,2025,7,11,3,Cao Bằng,Xã Tam Kim,22.606427,106.0179879,53,Moderate,1,24.0,94,0.0,10.7,305,963.7,100,13.5,13.5,224.0,4.1,68.0,1.9
2025-07-11 04:00:00,2025,7,11,4,Cao Bằng,Xã Tam Kim,22.606427,106.0179879,53,Moderate,1,23.8,93,0.0,11.5,309,963.7,100,13.1,13.1,236.0,3.9,69.0,1.9
2025-07-11 05:00:00,2025,7,11,5,Cao Bằng,Xã Tam Kim,22.606427,106.0179879,54,Moderate,1,23.7,91,0.0,6.7,308,964.1,100,12.2,12.2,251.0,3.8,69.0,1.9
2025-07-11 06:00:00,2025,7,11,6,Cao Bằng,Xã Tam Kim,22.606427,106.0179879,54,Moderate,1,23.5,95,2.3,4.7,254,965.2,100,11.1,11.1,268.0,3.7,69.0,1.9
2025-07-11 07:00:00,2025,7,11,7,Cao Bằng,Xã Tam Kim,22.606427,106.0179879,54,Moderate,1,23.2,98,10.8,9.5,251,965.8,99,9.2,9.2,277.0,3.9,64.0,1.7
2025-07-11 08:00:00,2025,7,11,8,Cao Bằng,Xã Tam Kim,22.606427,106.0179879,54,Moderate,1,27.0,83,0.0,5.5,297,966.2,100,9.1,9.2,274.0,3.2,78.0,1.5
2025-07-11 09:00:00,2025,7,11,9,Cao Bằng,Xã Tam Kim,22.606427,106.0179879,53,Moderate,1,29.4,68,0.0,6.9,301,966.7,99,11.1,11.2,263.0,2.1,97.0,1.3
2025-07-11 10:00:00,2025,7,11,10,Cao Bằng,Xã Tam Kim,22.606427,106.0179879,53,Moderate,1,29.5,68,1.4,13.8,35,967.1,99,14.5,14.6,253.0,1.4,111.0,1.2
2025-07-11 11:00:00,2025,7,11,11,Cao Bằng,Xã Tam Kim,22.606427,106.0179879,54,Moderate,1,26.3,90,3.2,10.8,233,967.2,99,17.3,17.3,245.0,1.2,114.0,1.2
2025-07-11 12:00:00,2025,7,11,12,Cao Bằng,Xã Tam Kim,22.606427,106.0179879,54,Moderate,1,26.8,81,0.4,8.4,250,966.1,100,19.9,20.0,236.0,1.2,112.0,1.3
2025-07-11 13:00:00,2025,7,11,13,Cao Bằng,Xã Tam Kim,22.606427,106.0179879,55,Moderate,1,28.9,74,0.7,3.3,311,965.3,99,21.2,21.4,231.0,1.3,110.0,1.4
2025-07-11 14:00:00,2025,7,11,14,Cao Bằng,Xã Tam Kim,22.606427,106.0179879,56,Moderate,1,29.4,71,0.1,0.6,304,965.2,100,29.7,30.0,228.0,1.2,112.0,1.4
2025-07-11 15:00:00,2025,7,11,15,Cao Bằng,Xã Tam Kim,22.606427,106.0179879,57,Moderate,1,29.5,71,0.1,1.6,186,964.7,100,22.2,22.4,227.0,1.1,113.0,1.4
2025-07-11 16:00:00,2025,7,11,16,Cao Bằng,Xã Tam Kim,22.606427,106.0179879,58,Moderate,1,30.5,65,0.0,3.2,308,964.2,95,19.8,20.0,233.0,1.7,111.0,1.5
2025-07-11 17:00:00,2025,7,11,17,Cao Bằng,Xã Tam Kim,22.606427,106.0179879,58,Moderate,1,29.0,72,0.0,6.9,5,964.4,97,18.8,18.9,252.0,3.6,100.0,1.7
2025-07-11 18:00:00,2025,7,11,18,Cao Bằng,Xã Tam Kim,22.606427,106.0179879,59,Moderate,1,26.6,89,0.3,5.1,153,965.5,99,18.2,18.3,277.0,6.1,85.0,2.1
2025-07-11 19:00:00,2025,7,11,19,Cao Bằng,Xã Tam Kim,22.606427,106.0179879,59,Moderate,1,25.6,92,0.0,4.4,201,966.5,61,11.8,11.8,297.0,9.2,63.0,2.6
2025-07-11 20:00:00,2025,7,11,20,Cao Bằng,Xã Tam Kim,22.606427,106.0179879,58,Moderate,1,25.1,97,0.2,1.7,212,967.8,100,12.3,12.3,309.0,9.3,58.0,2.7
2025-07-11 21:00:00,2025,7,11,21,Cao Bằng,Xã Tam Kim,22.606427,106.0179879,58,Moderate,1,25.1,94,0.0,0.7,166,968.5,100,12.3,12.3,314.0,9.5,52.0,2.7
2025-07-11 22:00:00,2025,7,11,22,Cao Bằng,Xã Tam Kim,22.606427,106.0179879,57,Moderate,1,24.3,98,0.3,2.5,111,969.2,100,12.1,12.2,307.0,9.2,49.0,2.7
2025-07-11 23:00:00,2025,7,11,23,Cao Bằng,Xã Tam Kim,22.606427,106.0179879,57,Moderate,1,23.9,97,0.1,6.7,254,969.2,91,11.7,11.7,277.0,8.2,51.0,2.5
2025-07-12 00:00:00,2025,7,12,0,Cao Bằng,Xã Tam Kim,22.606427,106.0179879,57,Moderate,1,23.8,96,0.1,4.1,285,968.8,57,11.0,11.0,234.0,6.7,56.0,2.2
2025-07-12 01:00:00,2025,7,12,1,Cao Bằng,Xã Tam Kim,22.606427,106.0179879,56,Moderate,1,24.1,91,0.2,2.0,270,968.3,76,8.5,8.5,200.0,5.5,60.0,2.0
2025-07-12 02:00:00,2025,7,12,2,Cao Bằng,Xã Tam Kim,22.606427,106.0179879,56,Moderate,1,24.0,92,0.3,3.4,295,968.0,94,8.0,8.0,182.0,4.7,62.0,1.8
2025-07-12 03:00:00,2025,7,12,3,Cao Bằng,Xã Tam Kim,22.606427,106.0179879,55,Moderate,1,23.4,96,0.0,8.4,335,968.0,94,8.2,8.2,174.0,4.2,63.0,1.6
2025-07-12 04:00:00,2025,7,12,4,Cao Bằng,Xã Tam Kim,22.606427,106.0179879,55,Moderate,1,22.8,98,0.2,12.1,319,968.5,99,7.8,7.8,173.0,3.8,64.0,1.5
2025-07-12 05:00:00,2025,7,12,5,Cao Bằng,Xã Tam Kim,22.606427,106.0179879,54,Moderate,1,22.5,98,0.3,9.3,294,968.8,100,7.0,7.1,185.0,3.6,65.0,1.4
2025-07-12 06:00:00,2025,7,12,6,Cao Bằng,Xã Tam Kim,22.606427,106.0179879,54,Moderate,1,23.2,94,0.1,9.0,303,969.5,100,6.4,6.5,205.0,3.6,66.0,1.3
2025-07-12 07:00:00,2025,7,12,7,Cao Bằng,Xã Tam Kim,22.606427,106.0179879,54,Moderate,1,24.2,94,0.1,9.3,311,970.0,100,3.9,3.9,217.0,3.1,74.0,1.1
2025-07-12 08:00:00,2025,7,12,8,Cao Bằng,Xã Tam Kim,22.606427,106.0179879,53,Moderate,1,25.0,90,0.1,8.1,288,970.7,100,5.4,5.5,212.0,2.8,79.0,1.2
2025-07-12 09:00:00,2025,7,12,9,Cao Bằng,Xã Tam Kim,22.606427,106.0179879,53,Moderate,1,27.8,75,0.0,7.0,296,971.3,100,6.5,6.6,198.0,2.4,86.0,1.4
2025-07-12 10:00:00,2025,7,12,10,Cao Bằng,Xã Tam Kim,22.606427,106.0179879,52,Moderate,1,28.8,73,0.1,3.6,333,971.1,100,8.1,8.2,190.0,2.0,92.0,1.6
2025-07-12 11:00:00,2025,7,12,11,Cao Bằng,Xã Tam Kim,22.606427,106.0179879,52,Moderate,1,29.2,71,0.1,1.7,131,970.7,100,9.4,9.6,194.0,1.8,95.0,1.8
2025-07-12 12:00:00,2025,7,12,12,Cao Bằng,Xã Tam Kim,22.606427,106.0179879,51,Moderate,1,29.3,74,0.4,3.7,321,970.4,100,9.3,9.4,202.0,1.7,97.0,2.0
2025-07-12 13:00:00,2025,7,12,13,Cao Bằng,Xã Tam Kim,22.606427,106.0179879,50,Good,0,25.7,94,16.3,9.0,292,969.9,100,9.4,9.6,206.0,1.6,99.0,2.2
2025-07-12 14:00:00,2025,7,12,14,Cao Bằng,Xã Tam Kim,22.606427,106.0179879,48,Good,0,26.8,88,0.6,4.7,268,969.2,100,9.9,10.0,197.0,1.2,103.0,2.3
2025-07-12 15:00:00,2025,7,12,15,Cao Bằng,Xã Tam Kim,22.606427,106.0179879,45,Good,0,27.7,81,0.2,3.4,295,968.5,100,10.3,10.5,183.0,1.0,107.0,2.4
2025-07-12 16:00:00,2025,7,12,16,Cao Bằng,Xã Tam Kim,22.606427,106.0179879,44,Good,0,28.1,76,0.1,3.8,295,968.2,100,10.9,11.1,180.0,1.9,105.0,2.6
2025-07-12 17:00:00,2025,7,12,17,Cao Bằng,Xã Tam Kim,22.606427,106.0179879,45,Good,0,27.9,75,0.0,1.5,291,968.5,100,11.4,11.5,199.0,4.8,92.0,3.0
2025-07-12 18:00:00,2025,7,12,18,Cao Bằng,Xã Tam Kim,22.606427,106.0179879,46,Good,0,26.9,82,0.1,1.5,324,969.1,99,12.2,12.3,230.0,9.0,73.0,3.5
2025-07-12 19:00:00,2025,7,12,19,Cao Bằng,Xã Tam Kim,22.606427,106.0179879,45,Good,0,24.4,96,1.1,7.8,261,969.7,100,13.6,13.7,256.0,6.6,77.0,2.7
2025-07-12 20:00:00,2025,7,12,20,Cao Bằng,Xã Tam Kim,22.606427,106.0179879,44,Good,0,24.8,97,1.7,10.3,317,970.9,100,12.8,12.9,273.0,6.8,73.0,2.7
2025-07-12 21:00:00,2025,7,12,21,Cao Bằng,Xã Tam Kim,22.606427,106.0179879,42,Good,0,24.0,97,0.0,6.5,298,971.1,99,9.2,9.3,285.0,7.0,67.0,2.6
2025-07-12 22:00:00,2025,7,12,22,Cao Bằng,Xã Tam Kim,22.606427,106.0179879,40,Good,0,23.8,96,0.0,4.9,268,971.7,99,8.4,8.4,291.0,7.2,62.0,2.5
2025-07-12 23:00:00,2025,7,12,23,Cao Bằng,Xã Tam Kim,22.606427,106.0179879,38,Good,0,23.7,97,0.0,3.1,263,971.3,100,9.1,9.2,287.0,7.3,57.0,2.4
2025-07-13 00:00:00,2025,7,13,0,Cao Bằng,Xã Tam Kim,22.606427,106.0179879,38,Good,0,23.6,95,0.0,2.9,277,971.2,100,9.4,9.5,276.0,7.4,53.0,2.2
2025-07-13 01:00:00,2025,7,13,1,Cao Bằng,Xã Tam Kim,22.606427,106.0179879,37,Good,0,23.9,93,0.0,2.7,270,970.8,100,9.6,9.7,267.0,7.5,49.0,2.1
2025-07-13 02:00:00,2025,7,13,2,Cao Bằng,Xã Tam Kim,22.606427,106.0179879,38,Good,0,24.0,92,0.0,3.2,273,970.1,97,9.5,9.7,262.0,7.7,45.0,2.0
2025-07-13 03:00:00,2025,7,13,3,Cao Bằng,Xã Tam Kim,22.606427,106.0179879,38,Good,0,24.3,88,0.0,1.7,319,969.9,100,9.6,9.7,259.0,7.9,40.0,1.9
2025-07-13 04:00:00,2025,7,13,4,Cao Bằng,Xã Tam Kim,22.606427,106.0179879,38,Good,0,24.2,89,0.0,0.9,259,970.1,100,10.0,10.1,258.0,7.7,40.0,1.8
2025-07-13 05:00:00,2025,7,13,5,Cao Bằng,Xã Tam Kim,22.606427,106.0179879,38,Good,0,23.6,92,0.0,2.5,356,970.2,100,10.0,10.1,264.0,6.8,44.0,1.9
2025-07-13 06:00:00,2025,7,13,6,Cao Bằng,Xã Tam Kim,22.606427,106.0179879,39,Good,0,23.9,94,0.0,2.9,227,970.8,100,10.1,10.2,272.0,5.5,52.0,2.0
2025-07-13 07:00:00,2025,7,13,7,Cao Bằng,Xã Tam Kim,22.606427,106.0179879,40,Good,0,24.6,93,0.0,2.4,253,971.3,96,5.0,5.0,273.0,4.5,63.0,1.4
2025-07-13 08:00:00,2025,7,13,8,Cao Bằng,Xã Tam Kim,22.606427,106.0179879,40,Good,0,27.0,80,0.0,3.3,306,972.3,87,6.8,6.8,260.0,3.5,77.0,1.6
2025-07-13 09:00:00,2025,7,13,9,Cao Bằng,Xã Tam Kim,22.606427,106.0179879,40,Good,0,27.5,78,0.4,5.6,312,972.8,99,7.3,7.4,239.0,2.2,97.0,2.0
2025-07-13 10:00:00,2025,7,13,10,Cao Bằng,Xã Tam Kim,22.606427,106.0179879,40,Good,0,26.9,80,0.1,7.3,330,972.6,97,7.0,7.0,223.0,1.2,111.0,2.1
2025-07-13 11:00:00,2025,7,13,11,Cao Bằng,Xã Tam Kim,22.606427,106.0179879,40,Good,0,28.6,71,0.1,3.3,338,972.4,62,7.4,7.5,216.0,0.9,115.0,1.8
2025-07-13 12:00:00,2025,7,13,12,Cao Bằng,Xã Tam Kim,22.606427,106.0179879,40,Good,0,30.2,64,0.3,5.4,20,971.0,72,8.4,8.5,214.0,1.1,114.0,1.3
2025-07-13 13:00:00,2025,7,13,13,Cao Bằng,Xã Tam Kim,22.606427,106.0179879,39,Good,0,31.1,62,0.7,6.9,9,969.9,85,11.3,11.3,215.0,1.3,112.0,1.0
2025-07-13 14:00:00,2025,7,13,14,Cao Bằng,Xã Tam Kim,22.606427,106.0179879,43,Good,0,31.3,64,0.1,1.9,56,969.3,73,9.7,9.8,215.0,1.3,109.0,0.9
2025-07-13 15:00:00,2025,7,13,15,Cao Bằng,Xã Tam Kim,22.606427,106.0179879,46,Good,0,30.6,67,0.1,8.2,237,968.3,85,9.1,9.1,218.0,1.5,105.0,0.9
2025-07-13 16:00:00,2025,7,13,16,Cao Bằng,Xã Tam Kim,22.606427,106.0179879,49,Good,0,28.2,79,0.5,8.2,338,968.7,99,8.9,8.9,232.0,2.5,99.0,1.1
2025-07-13 17:00:00,2025,7,13,17,Cao Bằng,Xã Tam Kim,22.606427,106.0179879,50,Good,0,28.1,79,0.3,1.7,32,969.1,98,9.1,9.1,264.0,5.1,90.0,1.7
2025-07-13 18:00:00,2025,7,13,18,Cao Bằng,Xã Tam Kim,22.606427,106.0179879,50,Good,0,26.7,90,0.2,3.6,229,969.1,98,9.3,9.3,307.0,8.5,79.0,2.4
2025-07-13 19:00:00,2025,7,13,19,Cao Bằng,Xã Tam Kim,22.606427,106.0179879,48,Good,0,26.1,93,0.0,0.5,180,970.0,100,12.7,12.7,350.0,10.4,69.0,2.7
2025-07-13 20:00:00,2025,7,13,20,Cao Bằng,Xã Tam Kim,22.606427,106.0179879,45,Good,0,25.1,99,0.6,4.6,259,970.5,100,14.6,14.6,397.0,13.1,59.0,3.0
2025-07-13 21:00:00,2025,7,13,21,Cao Bằng,Xã Tam Kim,22.606427,106.0179879,42,Good,0,25.1,97,0.1,2.3,225,971.3,100,15.8,15.9,445.0,16.6,45.0,3.4
2025-07-13 22:00:00,2025,7,13,22,Cao Bằng,Xã Tam Kim,22.606427,106.0179879,40,Good,0,25.2,93,0.0,0.3,225,971.5,100,12.0,12.0,466.0,18.3,36.0,3.5
2025-07-13 23:00:00,2025,7,13,23,Cao Bằng,Xã Tam Kim,22.606427,106.0179879,40,Good,0,25.3,91,0.0,0.4,297,971.8,100,14.7,14.7,442.0,16.3,39.0,3.0
2025-07-14 00:00:00,2025,7,14,0,Cao Bằng,Xã Tam Kim,22.606427,106.0179879,41,Good,0,25.2,91,0.0,0.3,315,971.3,100,7.8,7.8,393.0,12.5,47.0,2.2
2025-07-14 01:00:00,2025,7,14,1,Cao Bằng,Xã Tam Kim,22.606427,106.0179879,41,Good,0,24.8,93,0.0,0.9,323,970.4,100,6.8,6.8,351.0,9.6,51.0,1.6
2025-07-14 02:00:00,2025,7,14,2,Cao Bằng,Xã Tam Kim,22.606427,106.0179879,40,Good,0,24.6,93,0.0,0.4,207,969.8,100,7.8,7.8,328.0,8.9,46.0,1.3
2025-07-14 03:00:00,2025,7,14,3,Cao Bằng,Xã Tam Kim,22.606427,106.0179879,40,Good,0,24.4,94,0.0,1.0,301,969.6,100,8.6,8.6,312.0,9.2,37.0,1.1
2025-07-14 04:00:00,2025,7,14,4,Cao Bằng,Xã Tam Kim,22.606427,106.0179879,40,Good,0,24.1,94,0.7,0.9,217,969.7,100,8.7,8.8,304.0,8.9,35.0,1.0
2025-07-14 05:00:00,2025,7,14,5,Cao Bằng,Xã Tam Kim,22.606427,106.0179879,40,Good,0,24.0,93,0.3,0.2,270,969.6,100,9.8,9.8,311.0,7.4,44.0,1.1
2025-07-14 06:00:00,2025,7,14,6,Cao Bằng,Xã Tam Kim,22.606427,106.0179879,40,Good,0,24.1,97,0.7,4.2,144,970.2,100,10.6,10.7,326.0,5.4,58.0,1.4
2025-07-14 07:00:00,2025,7,14,7,Cao Bằng,Xã Tam Kim,22.606427,106.0179879,40,Good,0,24.1,99,3.1,4.7,298,970.5,100,8.2,8.2,331.0,3.8,71.0,1.6
2025-07-14 08:00:00,2025,7,14,8,Cao Bằng,Xã Tam Kim,22.606427,106.0179879,40,Good,0,26.2,94,0.4,4.7,342,970.9,100,8.2,8.2,314.0,3.1,82.0,1.4
2025-07-14 09:00:00,2025,7,14,9,Cao Bằng,Xã Tam Kim,22.606427,106.0179879,41,Good,0,26.4,91,0.3,4.6,351,971.4,100,8.0,8.0,288.0,2.2,98.0,1.1
2025-07-14 10:00:00,2025,7,14,10,Cao Bằng,Xã Tam Kim,22.606427,106.0179879,41,Good,0,27.5,81,0.1,3.6,354,971.4,100,7.6,7.6,266.0,1.6,108.0,0.9
2025-07-14 11:00:00,2025,7,14,11,Cao Bằng,Xã Tam Kim,22.606427,106.0179879,41,Good,0,29.1,72,0.0,1.6,6,971.1,100,8.5,8.5,257.0,1.6,108.0,0.9
2025-07-14 12:00:00,2025,7,14,12,Cao Bằng,Xã Tam Kim,22.606427,106.0179879,41,Good,0,29.5,71,0.0,2.8,169,970.1,100,8.5,8.5,252.0,1.9,103.0,1.0
2025-07-14 13:00:00,2025,7,14,13,Cao Bằng,Xã Tam Kim,22.606427,106.0179879,41,Good,0,30.9,64,0.1,3.1,135,968.9,100,8.5,8.5,249.0,2.1,100.0,1.1
2025-07-14 14:00:00,2025,7,14,14,Cao Bằng,Xã Tam Kim,22.606427,106.0179879,42,Good,0,31.8,61,0.1,3.4,164,967.9,100,8.8,8.8,240.0,1.7,104.0,1.1
2025-07-14 15:00:00,2025,7,14,15,Cao Bằng,Xã Tam Kim,22.606427,106.0179879,45,Good,0,32.2,59,0.0,6.6,127,966.3,100,8.6,8.7,232.0,1.3,111.0,1.0
2025-07-14 16:00:00,2025,7,14,16,Cao Bằng,Xã Tam Kim,22.606427,106.0179879,47,Good,0,32.1,59,0.0,4.2,168,965.8,100,8.9,9.0,239.0,1.9,113.0,1.1
2025-07-14 17:00:00,2025,7,14,17,Cao Bằng,Xã Tam Kim,22.606427,106.0179879,49,Good,0,30.6,67,0.1,3.2,137,965.9,100,9.4,9.4,274.0,4.5,106.0,1.5
2025-07-14 18:00:00,2025,7,14,18,Cao Bằng,Xã Tam Kim,22.606427,106.0179879,49,Good,0,28.9,85,0.0,3.2,71,966.3,100,10.3,10.3,326.0,8.0,93.0,2.2
2025-07-14 19:00:00,2025,7,14,19,Cao Bằng,Xã Tam Kim,22.606427,106.0179879,49,Good,0,27.6,87,0.0,1.0,112,967.4,100,14.8,14.8,369.0,11.0,79.0,2.6
2025-07-14 20:00:00,2025,7,14,20,Cao Bằng,Xã Tam Kim,22.606427,106.0179879,47,Good,0,25.8,94,0.0,3.7,281,968.5,100,17.2,17.2,400.0,11.8,74.0,3.0
2025-07-14 21:00:00,2025,7,14,21,Cao Bằng,Xã Tam Kim,22.606427,106.0179879,45,Good,0,25.8,93,0.0,0.9,270,968.8,100,18.7,18.7,423.0,13.0,67.0,3.6
2025-07-14 22:00:00,2025,7,14,22,Cao Bằng,Xã Tam Kim,22.606427,106.0179879,43,Good,0,25.4,92,0.4,0.4,243,969.3,100,20.0,20.0,431.0,14.0,59.0,3.9
2025-07-14 23:00:00,2025,7,14,23,Cao Bằng,Xã Tam Kim,22.606427,106.0179879,43,Good,0,25.3,92,0.0,1.2,321,969.0,100,20.7,20.7,416.0,14.8,51.0,3.6
2025-07-15 00:00:00,2025,7,15,0,Cao Bằng,Xã Tam Kim,22.606427,106.0179879,44,Good,0,25.0,92,0.0,0.6,288,968.9,100,21.9,21.9,386.0,15.5,43.0,2.9
2025-07-15 01:00:00,2025,7,15,1,Cao Bằng,Xã Tam Kim,22.606427,106.0179879,47,Good,0,24.5,94,0.0,1.0,292,968.6,100,22.0,22.0,355.0,15.9,36.0,2.2
2025-07-15 02:00:00,2025,7,15,2,Cao Bằng,Xã Tam Kim,22.606427,106.0179879,49,Good,0,24.2,94,0.0,0.7,270,968.1,100,23.7,23.7,323.0,16.4,26.0,1.5
2025-07-15 03:00:00,2025,7,15,3,Cao Bằng,Xã Tam Kim,22.606427,106.0179879,51,Moderate,1,23.9,95,0.0,0.7,180,967.6,100,24.8,24.8,290.0,16.6,18.0,0.7
2025-07-15 04:00:00,2025,7,15,4,Cao Bằng,Xã Tam Kim,22.606427,106.0179879,53,Moderate,1,23.8,95,0.0,0.7,284,967.0,72,24.2,24.3,274.0,15.5,20.0,0.3
2025-07-15 05:00:00,2025,7,15,5,Cao Bằng,Xã Tam Kim,22.606427,106.0179879,54,Moderate,1,23.5,95,0.0,0.5,225,966.9,100,22.5,22.5,290.0,12.0,43.0,0.5
2025-07-15 06:00:00,2025,7,15,6,Cao Bằng,Xã Tam Kim,22.606427,106.0179879,55,Moderate,1,23.9,96,0.0,1.9,163,967.4,99,21.7,21.8,324.0,7.3,76.0,1.1
2025-07-15 07:00:00,2025,7,15,7,Cao Bằng,Xã Tam Kim,22.606427,106.0179879,56,Moderate,1,25.3,93,0.0,2.7,86,968.4,100,19.7,19.7,344.0,7.1,70.0,1.3
2025-07-15 08:00:00,2025,7,15,8,Cao Bằng,Xã Tam Kim,22.606427,106.0179879,57,Moderate,1,26.2,91,0.1,6.0,100,968.8,100,20.0,20.0,337.0,5.5,94.0,2.0
2025-07-15 09:00:00,2025,7,15,9,Cao Bằng,Xã Tam Kim,22.606427,106.0179879,58,Moderate,1,28.4,80,0.1,4.0,122,968.8,100,19.6,19.6,318.0,3.3,126.0,2.8
2025-07-15 10:00:00,2025,7,15,10,Cao Bằng,Xã Tam Kim,22.606427,106.0179879,59,Moderate,1,30.6,69,0.1,2.7,42,968.6,99,17.6,17.6,299.0,1.6,147.0,3.2
2025-07-15 11:00:00,2025,7,15,11,Cao Bằng,Xã Tam Kim,22.606427,106.0179879,60,Moderate,1,31.4,65,0.1,3.3,77,968.0,98,14.8,14.8,282.0,1.1,147.0,2.6
2025-07-15 12:00:00,2025,7,15,12,Cao Bằng,Xã Tam Kim,22.606427,106.0179879,61,Moderate,1,32.7,61,0.0,5.4,98,967.2,97,13.8,13.8,265.0,1.1,135.0,1.6
2025-07-15 13:00:00,2025,7,15,13,Cao Bằng,Xã Tam Kim,22.606427,106.0179879,61,Moderate,1,33.4,58,0.0,7.6,105,966.2,99,13.8,13.8,255.0,1.3,125.0,0.8
2025-07-15 14:00:00,2025,7,15,14,Cao Bằng,Xã Tam Kim,22.606427,106.0179879,62,Moderate,1,33.6,57,0.0,8.7,111,965.3,94,14.0,14.0,254.0,1.2,122.0,0.5
2025-07-15 15:00:00,2025,7,15,15,Cao Bằng,Xã Tam Kim,22.606427,106.0179879,72,Moderate,1,31.4,68,0.5,10.4,188,964.6,84,14.7,14.8,260.0,1.1,121.0,0.5
2025-07-15 16:00:00,2025,7,15,16,Cao Bằng,Xã Tam Kim,22.606427,106.0179879,83,Moderate,1,30.0,72,0.1,5.5,259,964.5,99,17.3,17.3,276.0,1.8,116.0,0.7
2025-07-15 17:00:00,2025,7,15,17,Cao Bằng,Xã Tam Kim,22.606427,106.0179879,88,Moderate,1,28.9,88,3.1,6.2,172,965.1,100,19.0,19.0,308.0,3.5,104.0,1.1
2025-07-15 18:00:00,2025,7,15,18,Cao Bằng,Xã Tam Kim,22.606427,106.0179879,83,Moderate,1,27.3,92,0.1,3.9,133,965.2,99,18.0,18.0,350.0,5.8,87.0,1.7
2025-07-15 19:00:00,2025,7,15,19,Cao Bằng,Xã Tam Kim,22.606427,106.0179879,70,Moderate,1,26.4,97,0.0,0.9,90,965.6,98,17.4,17.4,380.0,9.0,79.0,3.5
2025-07-15 20:00:00,2025,7,15,20,Cao Bằng,Xã Tam Kim,22.606427,106.0179879,65,Moderate,1,27.0,89,0.0,1.6,270,966.6,100,18.5,18.5,389.0,13.4,65.0,3.2
2025-07-15 21:00:00,2025,7,15,21,Cao Bằng,Xã Tam Kim,22.606427,106.0179879,65,Moderate,1,26.3,90,0.0,1.3,214,967.3,100,16.4,16.5,387.0,19.3,46.0,2.8
2025-07-15 22:00:00,2025,7,15,22,Cao Bằng,Xã Tam Kim,22.606427,106.0179879,65,Moderate,1,25.9,92,0.0,2.5,210,967.7,100,22.9,22.9,384.0,22.0,37.0,2.8
2025-07-15 23:00:00,2025,7,15,23,Cao Bằng,Xã Tam Kim,22.606427,106.0179879,65,Moderate,1,26.0,90,0.2,0.5,45,968.2,100,25.1,25.1,383.0,18.4,49.0,3.4
2025-07-16 00:00:00,2025,7,16,0,Cao Bằng,Xã Tam Kim,22.606427,106.0179879,66,Moderate,1,25.5,94,0.0,1.7,13,968.1,98,24.1,24.2,381.0,11.6,71.0,4.3
2025-07-16 01:00:00,2025,7,16,1,Cao Bằng,Xã Tam Kim,22.606427,106.0179879,66,Moderate,1,24.9,96,0.0,1.1,351,967.7,96,25.7,25.7,373.0,6.3,89.0,5.1
2025-07-16 02:00:00,2025,7,16,2,Cao Bằng,Xã Tam Kim,22.606427,106.0179879,66,Moderate,1,24.3,98,0.0,2.3,342,967.5,100,20.4,20.4,354.0,4.5,96.0,5.7
2025-07-16 03:00:00,2025,7,16,3,Cao Bằng,Xã Tam Kim,22.606427,106.0179879,66,Moderate,1,24.3,97,0.4,0.4,297,967.2,100,19.9,20.0,329.0,4.2,98.0,6.2
2025-07-16 04:00:00,2025,7,16,4,Cao Bằng,Xã Tam Kim,22.606427,106.0179879,65,Moderate,1,24.0,98,0.0,0.2,270,967.3,100,13.1,13.1,310.0,4.1,99.0,6.5
2025-07-16 05:00:00,2025,7,16,5,Cao Bằng,Xã Tam Kim,22.606427,106.0179879,64,Moderate,1,24.4,94,0.4,1.3,90,967.8,100,10.8,10.8,305.0,4.1,98.0,6.6
2025-07-16 06:00:00,2025,7,16,6,Cao Bằng,Xã Tam Kim,22.606427,106.0179879,63,Moderate,1,24.6,97,0.4,2.0,85,968.3,99,8.9,8.9,304.0,4.3,95.0,6.6
2025-07-16 07:00:00,2025,7,16,7,Cao Bằng,Xã Tam Kim,22.606427,106.0179879,62,Moderate,1,25.3,96,0.0,2.4,17,968.7,100,7.7,7.7,294.0,4.9,94.0,8.5
2025-07-16 08:00:00,2025,7,16,8,Cao Bằng,Xã Tam Kim,22.606427,106.0179879,61,Moderate,1,27.2,90,0.1,3.8,59,969.2,100,7.2,7.2,262.0,4.8,93.0,7.3
2025-07-16 09:00:00,2025,7,16,9,Cao Bằng,Xã Tam Kim,22.606427,106.0179879,60,Moderate,1,28.7,81,0.1,1.0,121,969.3,100,5.9,6.0,220.0,4.5,92.0,5.7
2025-07-16 10:00:00,2025,7,16,10,Cao Bằng,Xã Tam Kim,22.606427,106.0179879,59,Moderate,1,30.4,71,0.0,4.2,137,969.4,100,5.7,5.7,188.0,4.1,92.0,4.1
2025-07-16 11:00:00,2025,7,16,11,Cao Bằng,Xã Tam Kim,22.606427,106.0179879,58,Moderate,1,31.6,63,0.1,4.4,125,969.1,100,5.8,5.9,174.0,3.3,94.0,2.7
2025-07-16 12:00:00,2025,7,16,12,Cao Bằng,Xã Tam Kim,22.606427,106.0179879,57,Moderate,1,27.0,93,1.3,7.3,107,968.9,100,6.1,6.1,170.0,2.2,97.0,1.5
2025-07-16 13:00:00,2025,7,16,13,Cao Bằng,Xã Tam Kim,22.606427,106.0179879,56,Moderate,1,28.5,81,0.4,1.6,360,968.1,66,6.0,6.0,169.0,1.5,100.0,0.6
2025-07-16 14:00:00,2025,7,16,14,Cao Bằng,Xã Tam Kim,22.606427,106.0179879,56,Moderate,1,30.6,68,0.0,4.1,88,967.4,85,5.9,6.0,164.0,0.9,102.0,0.2
2025-07-16 15:00:00,2025,7,16,15,Cao Bằng,Xã Tam Kim,22.606427,106.0179879,55,Moderate,1,31.5,65,0.0,3.5,118,966.5,100,6.1,6.2,162.0,0.7,104.0,0.2
2025-07-16 16:00:00,2025,7,16,16,Cao Bằng,Xã Tam Kim,22.606427,106.0179879,54,Moderate,1,29.9,73,0.3,7.7,179,966.7,92,12.2,12.8,175.0,1.4,101.0,0.5
2025-07-16 17:00:00,2025,7,16,17,Cao Bằng,Xã Tam Kim,22.606427,106.0179879,54,Moderate,1,28.7,82,0.1,4.3,225,966.2,67,8.8,9.1,221.0,3.8,92.0,1.0
2025-07-16 18:00:00,2025,7,16,18,Cao Bằng,Xã Tam Kim,22.606427,106.0179879,53,Moderate,1,27.8,88,0.0,0.9,53,966.3,33,10.5,10.8,282.0,7.3,79.0,1.9
2025-07-16 19:00:00,2025,7,16,19,Cao Bằng,Xã Tam Kim,22.606427,106.0179879,52,Moderate,1,26.5,94,0.0,1.5,291,966.8,62,14.1,14.3,317.0,9.7,71.0,3.2
2025-07-16 20:00:00,2025,7,16,20,Cao Bằng,Xã Tam Kim,22.606427,106.0179879,52,Moderate,1,27.6,87,0.0,1.0,135,967.6,100,16.2,16.5,302.0,10.0,69.0,4.2
2025-07-16 21:00:00,2025,7,16,21,Cao Bằng,Xã Tam Kim,22.606427,106.0179879,52,Moderate,1,26.8,90,0.0,2.4,197,968.1,96,18.0,18.3,262.0,10.5,67.0,5.5
2025-07-16 22:00:00,2025,7,16,22,Cao Bằng,Xã Tam Kim,22.606427,106.0179879,52,Moderate,1,26.6,91,0.0,0.2,270,969.1,84,20.7,21.0,230.0,10.7,65.0,6.5
2025-07-16 23:00:00,2025,7,16,23,Cao Bằng,Xã Tam Kim,22.606427,106.0179879,51,Moderate,1,26.2,92,0.0,0.0,270,969.2,75,23.9,24.2,220.0,10.6,64.0,7.0
2025-07-17 00:00:00,2025,7,17,0,Cao Bằng,Xã Tam Kim,22.606427,106.0179879,51,Moderate,1,25.6,92,0.2,1.7,162,969.3,42,25.7,26.1,218.0,10.2,63.0,7.2
2025-07-17 01:00:00,2025,7,17,1,Cao Bằng,Xã Tam Kim,22.606427,106.0179879,52,Moderate,1,25.5,94,0.0,2.5,82,968.7,79,27.2,27.5,220.0,9.6,63.0,7.2
2025-07-17 02:00:00,2025,7,17,2,Cao Bằng,Xã Tam Kim,22.606427,106.0179879,52,Moderate,1,25.2,96,0.0,2.4,81,968.9,37,27.1,27.4,222.0,8.7,64.0,6.9
2025-07-17 03:00:00,2025,7,17,3,Cao Bằng,Xã Tam Kim,22.606427,106.0179879,52,Moderate,1,25.0,96,0.2,2.2,138,968.9,92,24.7,24.9,228.0,7.6,66.0,6.4
2025-07-17 04:00:00,2025,7,17,4,Cao Bằng,Xã Tam Kim,22.606427,106.0179879,53,Moderate,1,24.7,97,0.4,2.3,32,968.1,29,22.9,23.2,237.0,6.5,71.0,5.9
2025-07-17 05:00:00,2025,7,17,5,Cao Bằng,Xã Tam Kim,22.606427,106.0179879,54,Moderate,1,24.7,97,0.0,0.5,315,968.3,30,21.2,21.5,255.0,5.5,79.0,5.4
2025-07-17 06:00:00,2025,7,17,6,Cao Bằng,Xã Tam Kim,22.606427,106.0179879,54,Moderate,1,25.0,97,0.0,0.5,315,968.7,36,19.9,20.1,277.0,4.6,90.0,5.0
2025-07-17 07:00:00,2025,7,17,7,Cao Bằng,Xã Tam Kim,22.606427,106.0179879,55,Moderate,1,25.5,94,0.0,3.3,54,969.5,44,9.1,9.2,287.0,2.7,120.0,7.3
2025-07-17 08:00:00,2025,7,17,8,Cao Bằng,Xã Tam Kim,22.606427,106.0179879,56,Moderate,1,27.2,87,0.1,3.7,47,969.7,38,8.3,8.4,274.0,2.3,118.0,6.2
2025-07-17 09:00:00,2025,7,17,9,Cao Bằng,Xã Tam Kim,22.606427,106.0179879,56,Moderate,1,29.5,78,0.2,3.3,45,970.0,14,6.5,6.6,248.0,1.7,115.0,4.8
2025-07-17 10:00:00,2025,7,17,10,Cao Bằng,Xã Tam Kim,22.606427,106.0179879,56,Moderate,1,31.1,69,0.1,2.6,56,969.9,11,4.7,4.8,225.0,1.2,111.0,3.6
2025-07-17 11:00:00,2025,7,17,11,Cao Bằng,Xã Tam Kim,22.606427,106.0179879,56,Moderate,1,32.8,60,0.1,3.5,81,969.2,15,4.2,4.2,209.0,1.0,106.0,3.1
2025-07-17 12:00:00,2025,7,17,12,Cao Bằng,Xã Tam Kim,22.606427,106.0179879,55,Moderate,1,34.4,52,0.0,4.9,90,968.5,21,4.1,4.1,195.0,0.9,101.0,2.9
2025-07-17 13:00:00,2025,7,17,13,Cao Bằng,Xã Tam Kim,22.606427,106.0179879,55,Moderate,1,35.5,47,0.0,6.6,116,967.9,70,4.0,4.0,187.0,0.9,98.0,2.8
2025-07-17 14:00:00,2025,7,17,14,Cao Bằng,Xã Tam Kim,22.606427,106.0179879,55,Moderate,1,35.5,47,0.0,8.5,125,966.9,19,4.4,4.4,184.0,0.7,99.0,2.8
2025-07-17 15:00:00,2025,7,17,15,Cao Bằng,Xã Tam Kim,22.606427,106.0179879,55,Moderate,1,35.4,47,0.0,9.2,137,966.3,63,4.9,4.9,188.0,0.6,101.0,2.9
2025-07-17 16:00:00,2025,7,17,16,Cao Bằng,Xã Tam Kim,22.606427,106.0179879,55,Moderate,1,35.4,45,0.0,9.6,142,965.5,94,5.7,5.7,204.0,1.4,100.0,3.2
2025-07-17 17:00:00,2025,7,17,17,Cao Bằng,Xã Tam Kim,22.606427,106.0179879,54,Moderate,1,33.9,55,0.0,8.0,136,965.2,84,6.8,6.8,244.0,3.5,94.0,3.6
2025-07-17 18:00:00,2025,7,17,18,Cao Bằng,Xã Tam Kim,22.606427,106.0179879,54,Moderate,1,31.8,65,0.0,6.4,148,965.3,11,9.2,9.2,296.0,6.4,85.0,4.2
2025-07-17 19:00:00,2025,7,17,19,Cao Bằng,Xã Tam Kim,22.606427,106.0179879,54,Moderate,1,30.0,72,0.0,6.1,203,965.6,49,15.7,16.0,332.0,10.0,70.0,3.8
2025-07-17 20:00:00,2025,7,17,20,Cao Bằng,Xã Tam Kim,22.606427,106.0179879,54,Moderate,1,28.6,76,0.0,5.2,221,966.2,52,17.3,17.6,338.0,12.7,63.0,4.4
2025-07-17 21:00:00,2025,7,17,21,Cao Bằng,Xã Tam Kim,22.606427,106.0179879,54,Moderate,1,27.7,80,0.0,3.5,204,966.7,96,19.0,19.3,327.0,16.4,53.0,5.1
2025-07-17 22:00:00,2025,7,17,22,Cao Bằng,Xã Tam Kim,22.606427,106.0179879,54,Moderate,1,26.9,84,0.0,2.3,198,967.5,99,20.2,20.5,318.0,19.1,45.0,5.6
2025-07-17 23:00:00,2025,7,17,23,Cao Bằng,Xã Tam Kim,22.606427,106.0179879,54,Moderate,1,25.9,86,0.0,1.3,225,967.7,79,20.5,20.8,315.0,19.8,40.0,5.5
2025-07-18 00:00:00,2025,7,18,0,Cao Bằng,Xã Tam Kim,22.606427,106.0179879,54,Moderate,1,25.4,88,0.0,0.9,270,967.6,99,20.7,21.0,313.0,19.6,36.0,5.1
2025-07-18 01:00:00,2025,7,18,1,Cao Bằng,Xã Tam Kim,22.606427,106.0179879,54,Moderate,1,24.9,89,0.0,2.4,287,967.4,99,21.4,21.7,312.0,19.2,32.0,4.6
2025-07-18 02:00:00,2025,7,18,2,Cao Bằng,Xã Tam Kim,22.606427,106.0179879,53,Moderate,1,24.6,90,0.0,1.8,281,966.9,100,21.9,22.2,314.0,19.4,26.0,4.1
2025-07-18 03:00:00,2025,7,18,3,Cao Bằng,Xã Tam Kim,22.606427,106.0179879,53,Moderate,1,24.3,90,0.0,1.1,261,966.7,100,22.0,22.4,316.0,19.6,19.0,3.6
2025-07-18 04:00:00,2025,7,18,4,Cao Bằng,Xã Tam Kim,22.606427,106.0179879,52,Moderate,1,24.2,91,0.0,0.9,259,966.6,100,21.9,22.3,319.0,18.5,20.0,3.3
2025-07-18 05:00:00,2025,7,18,5,Cao Bằng,Xã Tam Kim,22.606427,106.0179879,52,Moderate,1,23.9,92,0.0,0.9,259,966.9,100,22.1,22.4,323.0,15.1,32.0,3.6
2025-07-18 06:00:00,2025,7,18,6,Cao Bằng,Xã Tam Kim,22.606427,106.0179879,52,Moderate,1,24.6,90,0.0,0.8,243,967.0,100,23.3,23.6,327.0,10.5,51.0,4.1
2025-07-18 07:00:00,2025,7,18,7,Cao Bằng,Xã Tam Kim,22.606427,106.0179879,53,Moderate,1,26.9,84,0.0,2.8,63,967.4,100,27.1,27.4,322.0,8.0,75.0,5.7
2025-07-18 08:00:00,2025,7,18,8,Cao Bằng,Xã Tam Kim,22.606427,106.0179879,54,Moderate,1,29.2,75,0.0,5.9,59,967.6,100,25.4,25.8,301.0,6.0,90.0,5.8
2025-07-18 09:00:00,2025,7,18,9,Cao Bằng,Xã Tam Kim,22.606427,106.0179879,56,Moderate,1,30.9,68,0.0,5.2,59,968.3,100,20.4,20.8,271.0,3.3,111.0,5.8
2025-07-18 10:00:00,2025,7,18,10,Cao Bằng,Xã Tam Kim,22.606427,106.0179879,57,Moderate,1,32.3,62,0.0,5.4,75,968.2,100,18.1,18.5,246.0,1.3,126.0,5.6
2025-07-18 11:00:00,2025,7,18,11,Cao Bằng,Xã Tam Kim,22.606427,106.0179879,58,Moderate,1,33.7,55,0.0,4.0,80,967.3,100,16.4,16.8,233.0,0.7,128.0,4.8
2025-07-18 12:00:00,2025,7,18,12,Cao Bằng,Xã Tam Kim,22.606427,106.0179879,59,Moderate,1,34.9,50,0.0,4.4,78,966.0,100,15.1,15.5,225.0,0.8,122.0,3.7
2025-07-18 13:00:00,2025,7,18,13,Cao Bằng,Xã Tam Kim,22.606427,106.0179879,60,Moderate,1,35.7,46,0.0,4.9,88,965.2,100,14.2,14.6,220.0,1.0,118.0,2.9
2025-07-18 14:00:00,2025,7,18,14,Cao Bằng,Xã Tam Kim,22.606427,106.0179879,61,Moderate,1,35.6,48,0.0,4.2,110,963.9,100,13.8,14.1,210.0,0.5,118.0,2.5
2025-07-18 15:00:00,2025,7,18,15,Cao Bằng,Xã Tam Kim,22.606427,106.0179879,62,Moderate,1,36.1,45,0.0,3.8,107,963.1,100,13.4,13.7,204.0,0.1,119.0,2.4
2025-07-18 16:00:00,2025,7,18,16,Cao Bằng,Xã Tam Kim,22.606427,106.0179879,65,Moderate,1,35.8,48,0.0,2.5,98,962.4,100,13.5,13.9,219.0,1.3,115.0,2.5
2025-07-18 17:00:00,2025,7,18,17,Cao Bằng,Xã Tam Kim,22.606427,106.0179879,70,Moderate,1,34.8,54,0.0,2.4,103,962.0,99,14.0,14.4,280.0,5.9,101.0,3.1
2025-07-18 18:00:00,2025,7,18,18,Cao Bằng,Xã Tam Kim,22.606427,106.0179879,68,Moderate,1,32.9,73,0.0,3.0,76,962.2,100,15.9,16.3,363.0,12.1,82.0,4.1
2025-07-18 19:00:00,2025,7,18,19,Cao Bằng,Xã Tam Kim,22.606427,106.0179879,65,Moderate,1,31.4,72,0.0,1.1,162,962.7,94,15.9,16.3,418.0,12.9,75.0,4.2
2025-07-18 20:00:00,2025,7,18,20,Cao Bằng,Xã Tam Kim,22.606427,106.0179879,65,Moderate,1,29.3,85,0.0,1.2,207,963.2,22,18.8,19.2,419.0,14.8,68.0,4.8
2025-07-18 21:00:00,2025,7,18,21,Cao Bằng,Xã Tam Kim,22.606427,106.0179879,65,Moderate,1,28.8,87,0.0,0.6,252,964.0,70,20.8,21.1,392.0,17.6,58.0,5.7
2025-07-18 22:00:00,2025,7,18,22,Cao Bằng,Xã Tam Kim,22.606427,106.0179879,65,Moderate,1,28.2,90,0.0,1.7,288,964.9,100,22.5,22.9,365.0,20.0,50.0,6.4
2025-07-18 23:00:00,2025,7,18,23,Cao Bằng,Xã Tam Kim,22.606427,106.0179879,65,Moderate,1,27.6,92,0.0,1.7,193,965.4,100,24.6,24.9,348.0,22.0,45.0,6.9
2025-07-19 00:00:00,2025,7,19,0,Cao Bằng,Xã Tam Kim,22.606427,106.0179879,66,Moderate,1,27.0,93,0.0,4.4,235,964.7,100,26.4,26.8,330.0,23.8,42.0,7.2
2025-07-19 01:00:00,2025,7,19,1,Cao Bằng,Xã Tam Kim,22.606427,106.0179879,66,Moderate,1,26.4,91,0.0,2.1,239,964.0,100,27.8,28.2,308.0,24.5,38.0,7.2
2025-07-19 02:00:00,2025,7,19,2,Cao Bằng,Xã Tam Kim,22.606427,106.0179879,67,Moderate,1,26.0,91,0.0,1.4,247,963.2,100,28.4,28.8,275.0,24.0,32.0,6.5
2025-07-19 03:00:00,2025,7,19,3,Cao Bằng,Xã Tam Kim,22.606427,106.0179879,67,Moderate,1,25.6,92,0.0,1.1,261,962.6,99,28.1,28.5,237.0,22.5,26.0,5.5
2025-07-19 04:00:00,2025,7,19,4,Cao Bằng,Xã Tam Kim,22.606427,106.0179879,68,Moderate,1,25.4,92,0.0,1.8,276,962.7,100,26.4,26.7,215.0,20.1,25.0,4.6
2025-07-19 05:00:00,2025,7,19,5,Cao Bằng,Xã Tam Kim,22.606427,106.0179879,68,Moderate,1,25.3,91,0.0,2.2,270,963.2,100,23.3,23.6,222.0,16.2,32.0,4.1
2025-07-19 06:00:00,2025,7,19,6,Cao Bằng,Xã Tam Kim,22.606427,106.0179879,68,Moderate,1,26.1,87,0.0,4.3,303,963.4,100,21.2,21.5,244.0,11.3,43.0,3.9
2025-07-19 07:00:00,2025,7,19,7,Cao Bằng,Xã Tam Kim,22.606427,106.0179879,68,Moderate,1,26.7,86,0.0,3.8,295,963.0,100,11.6,11.8,257.0,6.2,52.0,2.9
2025-07-19 08:00:00,2025,7,19,8,Cao Bằng,Xã Tam Kim,22.606427,106.0179879,67,Moderate,1,29.2,79,0.0,3.3,13,964.4,100,9.9,10.2,249.0,4.8,68.0,2.8
2025-07-19 09:00:00,2025,7,19,9,Cao Bằng,Xã Tam Kim,22.606427,106.0179879,65,Moderate,1,31.3,66,0.0,7.0,339,964.7,99,8.5,8.8,232.0,2.8,90.0,2.6
2025-07-19 10:00:00,2025,7,19,10,Cao Bằng,Xã Tam Kim,22.606427,106.0179879,64,Moderate,1,33.3,57,0.0,8.9,346,964.8,100,9.3,9.6,220.0,1.3,107.0,2.5
2025-07-19 11:00:00,2025,7,19,11,Cao Bằng,Xã Tam Kim,22.606427,106.0179879,63,Moderate,1,32.7,61,0.4,10.5,348,964.5,100,10.4,10.8,219.0,0.8,114.0,2.6
2025-07-19 12:00:00,2025,7,19,12,Cao Bằng,Xã Tam Kim,22.606427,106.0179879,63,Moderate,1,33.8,55,0.4,7.4,4,963.6,100,12.0,12.3,223.0,0.8,117.0,2.7
2025-07-19 13:00:00,2025,7,19,13,Cao Bằng,Xã Tam Kim,22.606427,106.0179879,63,Moderate,1,34.8,50,0.0,3.7,11,962.7,100,13.6,13.9,227.0,1.0,116.0,2.8
2025-07-19 14:00:00,2025,7,19,14,Cao Bằng,Xã Tam Kim,22.606427,106.0179879,63,Moderate,1,32.9,59,0.7,3.6,297,961.8,100,15.1,15.4,227.0,1.3,112.0,2.6
2025-07-19 15:00:00,2025,7,19,15,Cao Bằng,Xã Tam Kim,22.606427,106.0179879,63,Moderate,1,30.1,73,2.4,2.0,315,962.4,100,16.4,16.8,227.0,1.7,105.0,2.3
2025-07-19 16:00:00,2025,7,19,16,Cao Bằng,Xã Tam Kim,22.606427,106.0179879,63,Moderate,1,27.1,85,0.1,4.7,238,962.8,100,15.8,16.2,239.0,2.8,97.0,2.1
2025-07-19 17:00:00,2025,7,19,17,Cao Bằng,Xã Tam Kim,22.606427,106.0179879,63,Moderate,1,27.6,88,0.0,3.1,234,963.2,100,15.9,16.3,276.0,5.0,89.0,2.3
2025-07-19 18:00:00,2025,7,19,18,Cao Bằng,Xã Tam Kim,22.606427,106.0179879,63,Moderate,1,27.3,88,0.0,2.2,284,963.1,100,16.1,16.4,325.0,7.8,80.0,2.7
2025-07-19 19:00:00,2025,7,19,19,Cao Bằng,Xã Tam Kim,22.606427,106.0179879,63,Moderate,1,26.6,92,0.0,4.5,320,963.4,100,13.7,13.9,361.0,7.4,74.0,3.5
2025-07-19 20:00:00,2025,7,19,20,Cao Bằng,Xã Tam Kim,22.606427,106.0179879,63,Moderate,1,25.0,99,0.0,3.7,349,963.0,100,12.5,12.7,378.0,7.2,69.0,3.3
2025-07-19 21:00:00,2025,7,19,21,Cao Bằng,Xã Tam Kim,22.606427,106.0179879,63,Moderate,1,24.3,92,0.0,9.9,4,965.0,100,12.5,12.7,382.0,6.9,63.0,3.0
2025-07-19 22:00:00,2025,7,19,22,Cao Bằng,Xã Tam Kim,22.606427,106.0179879,62,Moderate,1,24.9,92,0.2,1.0,59,965.0,100,12.7,12.9,371.0,6.6,58.0,2.7
2025-07-19 23:00:00,2025,7,19,23,Cao Bằng,Xã Tam Kim,22.606427,106.0179879,61,Moderate,1,24.5,95,0.1,1.8,135,964.5,100,12.9,13.1,333.0,6.4,55.0,2.5
2025-07-20 00:00:00,2025,7,20,0,Cao Bằng,Xã Tam Kim,22.606427,106.0179879,60,Moderate,1,24.4,95,0.0,6.6,286,964.7,100,12.9,13.1,280.0,6.2,54.0,2.3
2025-07-20 01:00:00,2025,7,20,1,Cao Bằng,Xã Tam Kim,22.606427,106.0179879,59,Moderate,1,24.4,93,0.0,8.8,316,963.1,100,12.7,13.0,238.0,6.1,53.0,2.2
2025-07-20 02:00:00,2025,7,20,2,Cao Bằng,Xã Tam Kim,22.606427,106.0179879,57,Moderate,1,24.5,91,0.0,8.6,300,962.3,100,12.5,12.7,217.0,6.1,51.0,2.1
2025-07-20 03:00:00,2025,7,20,3,Cao Bằng,Xã Tam Kim,22.606427,106.0179879,56,Moderate,1,24.6,89,0.0,8.2,320,961.9,100,12.2,12.4,208.0,6.3,50.0,2.0
2025-07-20 04:00:00,2025,7,20,4,Cao Bằng,Xã Tam Kim,22.606427,106.0179879,55,Moderate,1,25.0,85,0.0,8.7,313,962.1,100,11.9,12.1,209.0,6.2,50.0,1.9
2025-07-20 05:00:00,2025,7,20,5,Cao Bằng,Xã Tam Kim,22.606427,106.0179879,53,Moderate,1,24.7,85,0.0,1.3,352,962.4,100,11.5,11.7,222.0,5.9,49.0,1.8
2025-07-20 06:00:00,2025,7,20,6,Cao Bằng,Xã Tam Kim,22.606427,106.0179879,52,Moderate,1,25.1,84,0.0,5.4,307,962.7,100,11.3,11.5,245.0,5.4,50.0,1.8
2025-07-20 07:00:00,2025,7,20,7,Cao Bằng,Xã Tam Kim,22.606427,106.0179879,51,Moderate,1,26.3,82,0.0,8.4,323,963.3,100,13.0,13.1,267.0,4.9,57.0,2.2
2025-07-20 08:00:00,2025,7,20,8,Cao Bằng,Xã Tam Kim,22.606427,106.0179879,52,Moderate,1,28.4,82,0.0,8.5,332,962.9,100,13.1,13.3,288.0,3.8,79.0,2.7
2025-07-20 09:00:00,2025,7,20,9,Cao Bằng,Xã Tam Kim,22.606427,106.0179879,52,Moderate,1,30.0,71,0.0,9.9,327,963.4,100,13.8,14.0,307.0,2.4,109.0,3.5
2025-07-20 10:00:00,2025,7,20,10,Cao Bằng,Xã Tam Kim,22.606427,106.0179879,52,Moderate,1,31.4,62,0.0,13.5,335,963.3,100,16.8,17.2,317.0,1.3,132.0,4.0
2025-07-20 11:00:00,2025,7,20,11,Cao Bằng,Xã Tam Kim,22.606427,106.0179879,53,Moderate,1,32.3,58,0.0,13.6,340,963.2,100,20.4,20.9,308.0,0.9,141.0,4.2
2025-07-20 12:00:00,2025,7,20,12,Cao Bằng,Xã Tam Kim,22.606427,106.0179879,54,Moderate,1,33.5,52,0.0,12.0,338,962.3,100,22.2,22.6,289.0,0.8,143.0,4.2
2025-07-20 13:00:00,2025,7,20,13,Cao Bằng,Xã Tam Kim,22.606427,106.0179879,55,Moderate,1,34.6,50,0.0,9.2,3,960.9,100,21.4,21.8,279.0,0.9,142.0,4.0
2025-07-20 14:00:00,2025,7,20,14,Cao Bằng,Xã Tam Kim,22.606427,106.0179879,55,Moderate,1,27.1,93,2.7,2.7,200,961.5,100,19.6,19.8,283.0,0.8,139.0,3.6
2025-07-20 15:00:00,2025,7,20,15,Cao Bằng,Xã Tam Kim,22.606427,106.0179879,67,Moderate,1,26.4,94,0.3,8.1,225,960.5,100,20.1,20.3,295.0,0.8,133.0,3.1
2025-07-20 16:00:00,2025,7,20,16,Cao Bằng,Xã Tam Kim,22.606427,106.0179879,83,Moderate,1,27.4,93,0.3,2.7,212,960.2,100,20.4,20.5,322.0,1.6,124.0,2.8
2025-07-20 17:00:00,2025,7,20,17,Cao Bằng,Xã Tam Kim,22.606427,106.0179879,93,Moderate,1,27.8,94,0.1,2.1,200,960.4,100,19.8,20.0,384.0,3.8,109.0,2.9
2025-07-20 18:00:00,2025,7,20,18,Cao Bằng,Xã Tam Kim,22.606427,106.0179879,93,Moderate,1,27.5,97,0.0,0.8,117,960.4,100,21.5,21.7,459.0,6.8,91.0,3.3
2025-07-20 19:00:00,2025,7,20,19,Cao Bằng,Xã Tam Kim,22.606427,106.0179879,84,Moderate,1,27.2,97,0.0,0.3,225,961.2,100,16.9,16.9,491.0,9.2,88.0,3.4
2025-07-20 20:00:00,2025,7,20,20,Cao Bằng,Xã Tam Kim,22.606427,106.0179879,73,Moderate,1,27.3,81,0.0,5.5,308,961.1,100,19.1,19.2,437.0,12.4,78.0,4.1
2025-07-20 21:00:00,2025,7,20,21,Cao Bằng,Xã Tam Kim,22.606427,106.0179879,59,Moderate,1,27.1,80,0.0,3.5,309,961.9,100,21.0,21.0,339.0,16.7,65.0,5.0
2025-07-20 22:00:00,2025,7,20,22,Cao Bằng,Xã Tam Kim,22.606427,106.0179879,59,Moderate,1,27.0,77,0.0,5.0,291,962.2,100,22.2,22.4,268.0,19.2,55.0,5.4
2025-07-20 23:00:00,2025,7,20,23,Cao Bằng,Xã Tam Kim,22.606427,106.0179879,60,Moderate,1,26.7,74,0.0,6.4,299,962.3,100,22.8,22.9,259.0,18.2,50.0,4.9
2025-07-21 00:00:00,2025,7,21,0,Cao Bằng,Xã Tam Kim,22.606427,106.0179879,61,Moderate,1,26.7,71,0.0,7.3,310,961.8,99,22.1,22.1,277.0,15.4,47.0,4.0
2025-07-21 01:00:00,2025,7,21,1,Cao Bằng,Xã Tam Kim,22.606427,106.0179879,62,Moderate,1,27.1,69,0.0,8.4,317,960.9,100,20.9,21.0,287.0,12.4,49.0,3.3
2025-07-21 02:00:00,2025,7,21,2,Cao Bằng,Xã Tam Kim,22.606427,106.0179879,62,Moderate,1,26.2,72,0.0,6.9,321,960.6,99,19.7,19.8,273.0,9.4,57.0,3.1
2025-07-21 03:00:00,2025,7,21,3,Cao Bằng,Xã Tam Kim,22.606427,106.0179879,63,Moderate,1,26.2,72,0.0,9.2,315,960.5,100,19.3,19.4,251.0,6.2,69.0,3.1
2025-07-21 04:00:00,2025,7,21,4,Cao Bằng,Xã Tam Kim,22.606427,106.0179879,64,Moderate,1,26.8,69,0.0,10.2,321,960.3,100,19.7,19.8,237.0,3.9,78.0,3.2
2025-07-21 05:00:00,2025,7,21,5,Cao Bằng,Xã Tam Kim,22.606427,106.0179879,64,Moderate,1,26.8,70,0.0,11.2,328,960.5,100,20.2,20.3,241.0,3.1,80.0,3.6
2025-07-21 06:00:00,2025,7,21,6,Cao Bằng,Xã Tam Kim,22.606427,106.0179879,65,Moderate,1,26.9,71,0.0,12.0,336,961.1,100,20.5,20.7,254.0,3.2,80.0,4.2
2025-07-21 07:00:00,2025,7,21,7,Cao Bằng,Xã Tam Kim,22.606427,106.0179879,66,Moderate,1,27.3,70,0.0,11.7,331,961.6,100,18.2,18.3,263.0,3.6,78.0,4.6
2025-07-21 08:00:00,2025,7,21,8,Cao Bằng,Xã Tam Kim,22.606427,106.0179879,66,Moderate,1,27.6,76,0.0,12.9,333,961.5,100,17.5,17.6,265.0,3.3,82.0,4.3
2025-07-21 09:00:00,2025,7,21,9,Cao Bằng,Xã Tam Kim,22.606427,106.0179879,67,Moderate,1,27.7,75,0.0,13.6,324,961.2,100,15.9,16.1,263.0,2.8,88.0,4.0
2025-07-21 10:00:00,2025,7,21,10,Cao Bằng,Xã Tam Kim,22.606427,106.0179879,67,Moderate,1,29.2,67,0.0,14.2,322,961.0,100,14.3,14.4,256.0,2.4,92.0,3.5
2025-07-21 11:00:00,2025,7,21,11,Cao Bằng,Xã Tam Kim,22.606427,106.0179879,67,Moderate,1,30.5,66,0.0,11.0,308,960.5,100,12.9,13.0,237.0,1.9,95.0,2.9
2025-07-21 12:00:00,2025,7,21,12,Cao Bằng,Xã Tam Kim,22.606427,106.0179879,66,Moderate,1,33.0,54,0.0,14.7,341,959.6,100,10.9,11.0,212.0,1.4,96.0,2.1
2025-07-21 13:00:00,2025,7,21,13,Cao Bằng,Xã Tam Kim,22.606427,106.0179879,65,Moderate,1,33.4,53,0.2,14.8,359,959.0,100,9.8,9.8,196.0,1.2,94.0,1.6
2025-07-21 14:00:00,2025,7,21,14,Cao Bằng,Xã Tam Kim,22.606427,106.0179879,64,Moderate,1,30.6,66,0.0,11.8,313,958.2,100,9.3,9.3,197.0,1.6,87.0,1.4
2025-07-21 15:00:00,2025,7,21,15,Cao Bằng,Xã Tam Kim,22.606427,106.0179879,63,Moderate,1,28.7,89,2.6,7.6,332,958.3,100,8.6,8.7,206.0,2.4,77.0,1.4
2025-07-21 16:00:00,2025,7,21,16,Cao Bằng,Xã Tam Kim,22.606427,106.0179879,62,Moderate,1,25.9,97,5.3,9.0,255,957.9,100,7.9,7.9,213.0,3.1,70.0,1.5
2025-07-21 17:00:00,2025,7,21,17,Cao Bằng,Xã Tam Kim,22.606427,106.0179879,61,Moderate,1,26.3,96,1.2,9.1,311,957.9,100,7.6,7.7,213.0,3.6,68.0,1.6
2025-07-21 18:00:00,2025,7,21,18,Cao Bằng,Xã Tam Kim,22.606427,106.0179879,60,Moderate,1,25.8,95,0.2,12.7,295,958.5,100,6.9,6.9,211.0,4.0,68.0,1.7
2025-07-21 19:00:00,2025,7,21,19,Cao Bằng,Xã Tam Kim,22.606427,106.0179879,59,Moderate,1,25.6,92,0.0,13.8,298,959.2,100,11.8,11.9,208.0,3.5,70.0,1.7
2025-07-21 20:00:00,2025,7,21,20,Cao Bằng,Xã Tam Kim,22.606427,106.0179879,58,Moderate,1,27.3,80,0.0,13.1,314,960.0,100,10.7,10.7,204.0,3.3,71.0,1.6
2025-07-21 21:00:00,2025,7,21,21,Cao Bằng,Xã Tam Kim,22.606427,106.0179879,57,Moderate,1,26.4,85,0.1,12.5,316,960.1,100,10.4,10.4,198.0,3.0,72.0,1.5
2025-07-21 22:00:00,2025,7,21,22,Cao Bằng,Xã Tam Kim,22.606427,106.0179879,56,Moderate,1,25.4,91,1.5,13.4,305,961.1,100,10.3,10.4,194.0,2.8,73.0,1.5
2025-07-21 23:00:00,2025,7,21,23,Cao Bằng,Xã Tam Kim,22.606427,106.0179879,55,Moderate,1,25.7,88,0.1,16.7,316,960.8,100,9.5,9.6,191.0,2.6,74.0,1.6
2025-07-22 00:00:00,2025,7,22,0,Cao Bằng,Xã Tam Kim,22.606427,106.0179879,54,Moderate,1,25.6,88,0.4,9.0,307,961.0,100,7.1,7.1,188.0,2.5,75.0,1.6
2025-07-22 01:00:00,2025,7,22,1,Cao Bằng,Xã Tam Kim,22.606427,106.0179879,53,Moderate,1,24.6,96,1.4,12.1,300,960.2,100,4.4,4.4,187.0,2.4,76.0,1.7
2025-07-22 02:00:00,2025,7,22,2,Cao Bằng,Xã Tam Kim,22.606427,106.0179879,51,Moderate,1,24.4,97,1.1,11.5,301,959.6,100,3.3,3.3,189.0,2.3,79.0,1.6
2025-07-22 03:00:00,2025,7,22,3,Cao Bằng,Xã Tam Kim,22.606427,106.0179879,50,Good,0,24.3,97,0.5,10.7,310,959.1,100,3.0,3.0,192.0,2.1,82.0,1.6
2025-07-22 04:00:00,2025,7,22,4,Cao Bằng,Xã Tam Kim,22.606427,106.0179879,47,Good,0,24.8,93,0.2,10.6,302,959.2,100,2.7,2.7,196.0,2.1,83.0,1.5
2025-07-22 05:00:00,2025,7,22,5,Cao Bằng,Xã Tam Kim,22.606427,106.0179879,44,Good,0,24.3,96,0.3,10.1,303,959.6,100,2.4,2.4,199.0,2.3,81.0,1.5
2025-07-22 06:00:00,2025,7,22,6,Cao Bằng,Xã Tam Kim,22.606427,106.0179879,41,Good,0,24.3,97,0.9,10.4,296,960.0,100,2.4,2.4,203.0,2.5,78.0,1.6
2025-07-22 07:00:00,2025,7,22,7,Cao Bằng,Xã Tam Kim,22.606427,106.0179879,38,Good,0,24.5,97,0.6,10.7,295,960.7,100,2.1,2.1,207.0,2.6,82.0,2.0
2025-07-22 08:00:00,2025,7,22,8,Cao Bằng,Xã Tam Kim,22.606427,106.0179879,37,Good,0,25.9,95,0.0,10.6,317,961.1,100,2.4,2.4,213.0,2.6,80.0,2.2
2025-07-22 09:00:00,2025,7,22,9,Cao Bằng,Xã Tam Kim,22.606427,106.0179879,37,Good,0,27.6,89,1.5,8.2,352,961.8,99,2.6,2.6,219.0,2.7,78.0,2.5
2025-07-22 10:00:00,2025,7,22,10,Cao Bằng,Xã Tam Kim,22.606427,106.0179879,37,Good,0,28.0,86,1.1,8.3,24,961.8,93,2.3,2.3,221.0,2.6,78.0,2.6
2025-07-22 11:00:00,2025,7,22,11,Cao Bằng,Xã Tam Kim,22.606427,106.0179879,37,Good,0,30.2,68,0.1,13.3,62,961.5,100,3.0,3.0,214.0,2.3,82.0,2.4
2025-07-22 12:00:00,2025,7,22,12,Cao Bằng,Xã Tam Kim,22.606427,106.0179879,37,Good,0,28.7,73,1.5,12.8,90,960.8,100,3.8,3.8,203.0,1.8,88.0,2.1
2025-07-22 13:00:00,2025,7,22,13,Cao Bằng,Xã Tam Kim,22.606427,106.0179879,38,Good,0,27.0,91,3.8,10.3,119,960.0,100,4.2,4.2,198.0,1.6,92.0,1.8
2025-07-22 14:00:00,2025,7,22,14,Cao Bằng,Xã Tam Kim,22.606427,106.0179879,38,Good,0,26.1,96,4.6,6.0,85,959.5,100,4.4,4.5,204.0,1.8,90.0,1.6
2025-07-22 15:00:00,2025,7,22,15,Cao Bằng,Xã Tam Kim,22.606427,106.0179879,39,Good,0,26.9,92,1.1,6.0,9,959.4,100,5.1,5.1,217.0,2.3,86.0,1.6
2025-07-22 16:00:00,2025,7,22,16,Cao Bằng,Xã Tam Kim,22.606427,106.0179879,39,Good,0,26.7,93,4.4,6.2,343,958.9,100,5.5,5.5,234.0,2.9,82.0,1.6
2025-07-22 17:00:00,2025,7,22,17,Cao Bằng,Xã Tam Kim,22.606427,106.0179879,39,Good,0,26.7,94,3.4,6.6,17,959.2,100,6.1,6.1,265.0,3.7,81.0,1.8
2025-07-22 18:00:00,2025,7,22,18,Cao Bằng,Xã Tam Kim,22.606427,106.0179879,39,Good,0,26.2,96,6.6,4.0,333,960.0,100,6.2,6.2,300.0,4.6,80.0,2.2
2025-07-22 19:00:00,2025,7,22,19,Cao Bằng,Xã Tam Kim,22.606427,106.0179879,39,Good,0,25.4,95,1.3,8.7,56,961.4,100,7.9,7.9,310.0,5.7,76.0,3.3
2025-07-22 20:00:00,2025,7,22,20,Cao Bằng,Xã Tam Kim,22.606427,106.0179879,39,Good,0,25.8,92,2.6,0.8,315,962.7,100,7.8,7.8,271.0,5.5,75.0,3.5
2025-07-22 21:00:00,2025,7,22,21,Cao Bằng,Xã Tam Kim,22.606427,106.0179879,38,Good,0,25.0,96,5.4,4.1,103,963.4,100,7.3,7.3,208.0,5.3,74.0,3.7
2025-07-22 22:00:00,2025,7,22,22,Cao Bằng,Xã Tam Kim,22.606427,106.0179879,37,Good,0,24.9,95,1.9,1.9,107,964.4,100,6.4,6.5,159.0,5.2,71.0,3.7
2025-07-22 23:00:00,2025,7,22,23,Cao Bằng,Xã Tam Kim,22.606427,106.0179879,36,Good,0,24.7,96,1.6,0.4,297,964.8,100,5.3,5.4,144.0,5.3,66.0,3.5
2025-07-23 00:00:00,2025,7,23,0,Cao Bằng,Xã Tam Kim,22.606427,106.0179879,35,Good,0,24.6,97,2.3,2.0,180,964.8,100,4.8,4.9,145.0,5.5,59.0,3.1
2025-07-23 01:00:00,2025,7,23,1,Cao Bằng,Xã Tam Kim,22.606427,106.0179879,34,Good,0,24.4,98,1.4,2.6,102,964.0,100,4.7,4.9,146.0,5.5,54.0,2.7
2025-07-23 02:00:00,2025,7,23,2,Cao Bằng,Xã Tam Kim,22.606427,106.0179879,32,Good,0,24.3,98,1.9,2.7,138,963.5,100,4.8,5.1,142.0,5.2,53.0,2.3
2025-07-23 03:00:00,2025,7,23,3,Cao Bằng,Xã Tam Kim,22.606427,106.0179879,31,Good,0,24.2,99,2.2,3.6,81,963.4,100,4.5,4.8,138.0,4.7,53.0,1.9
2025-07-23 04:00:00,2025,7,23,4,Cao Bằng,Xã Tam Kim,22.606427,106.0179879,29,Good,0,23.9,98,1.3,4.5,113,963.7,100,4.3,4.6,140.0,4.4,53.0,1.7
2025-07-23 05:00:00,2025,7,23,5,Cao Bằng,Xã Tam Kim,22.606427,106.0179879,28,Good,0,23.8,97,0.3,3.2,124,964.0,100,4.2,4.5,152.0,4.5,50.0,2.0
2025-07-23 06:00:00,2025,7,23,6,Cao Bằng,Xã Tam Kim,22.606427,106.0179879,27,Good,0,23.9,97,0.4,4.8,115,964.4,100,2.9,3.1,170.0,4.8,47.0,2.4
2025-07-23 07:00:00,2025,7,23,7,Cao Bằng,Xã Tam Kim,22.606427,106.0179879,25,Good,0,24.4,92,0.5,3.6,160,965.3,100,4.1,4.3,182.0,4.0,53.0,2.3
2025-07-23 08:00:00,2025,7,23,8,Cao Bằng,Xã Tam Kim,22.606427,106.0179879,24,Good,0,25.6,91,0.1,4.5,268,965.8,100,3.4,3.6,183.0,3.6,55.0,2.0
2025-07-23 09:00:00,2025,7,23,9,Cao Bằng,Xã Tam Kim,22.606427,106.0179879,24,Good,0,26.4,90,0.7,3.1,257,966.5,100,3.5,3.7,178.0,3.0,59.0,1.6
2025-07-23 10:00:00,2025,7,23,10,Cao Bằng,Xã Tam Kim,22.606427,106.0179879,25,Good,0,27.4,84,0.2,5.2,46,966.0,100,3.4,3.5,173.0,2.5,63.0,1.3
2025-07-23 11:00:00,2025,7,23,11,Cao Bằng,Xã Tam Kim,22.606427,106.0179879,25,Good,0,29.8,69,0.1,9.9,65,965.3,100,3.9,4.1,170.0,2.1,69.0,1.1
2025-07-23 12:00:00,2025,7,23,12,Cao Bằng,Xã Tam Kim,22.606427,106.0179879,26,Good,0,28.2,76,0.6,10.2,100,964.6,100,4.4,4.5,168.0,1.7,75.0,1.0
2025-07-23 13:00:00,2025,7,23,13,Cao Bằng,Xã Tam Kim,22.606427,106.0179879,27,Good,0,26.5,92,4.1,9.9,136,964.2,100,4.3,4.4,167.0,1.6,79.0,0.9
2025-07-23 14:00:00,2025,7,23,14,Cao Bằng,Xã Tam Kim,22.606427,106.0179879,29,Good,0,27.7,81,0.7,5.2,117,963.4,100,3.4,3.5,167.0,1.8,79.0,0.9
2025-07-23 15:00:00,2025,7,23,15,Cao Bằng,Xã Tam Kim,22.606427,106.0179879,31,Good,0,28.5,77,0.5,1.2,141,962.8,99,2.9,2.9,169.0,2.3,76.0,0.9
2025-07-23 16:00:00,2025,7,23,16,Cao Bằng,Xã Tam Kim,22.606427,106.0179879,32,Good,0,25.4,97,7.9,9.6,110,962.7,100,3.8,3.8,175.0,3.1,73.0,1.0
2025-07-23 17:00:00,2025,7,23,17,Cao Bằng,Xã Tam Kim,22.606427,106.0179879,33,Good,0,25.8,93,0.6,3.2,133,963.3,100,4.5,4.5,189.0,4.6,70.0,1.4
2025-07-23 18:00:00,2025,7,23,18,Cao Bằng,Xã Tam Kim,22.606427,106.0179879,34,Good,0,25.8,96,0.6,3.7,157,964.6,100,5.3,5.3,206.0,6.4,66.0,1.9
2025-07-23 19:00:00,2025,7,23,19,Cao Bằng,Xã Tam Kim,22.606427,106.0179879,34,Good,0,24.3,98,2.6,4.4,199,966.0,100,5.2,5.2,216.0,7.0,62.0,2.1
2025-07-23 20:00:00,2025,7,23,20,Cao Bằng,Xã Tam Kim,22.606427,106.0179879,34,Good,0,25.3,90,1.8,0.9,323,966.4,100,5.5,5.6,211.0,7.1,61.0,2.2
2025-07-23 21:00:00,2025,7,23,21,Cao Bằng,Xã Tam Kim,22.606427,106.0179879,33,Good,0,24.5,96,4.2,2.9,210,967.4,100,5.7,5.8,199.0,7.1,60.0,2.3
2025-07-23 22:00:00,2025,7,23,22,Cao Bằng,Xã Tam Kim,22.606427,106.0179879,32,Good,0,24.3,98,4.3,2.8,215,968.1,100,5.4,5.5,188.0,7.0,60.0,2.3
2025-07-23 23:00:00,2025,7,23,23,Cao Bằng,Xã Tam Kim,22.606427,106.0179879,31,Good,0,24.1,99,3.9,2.5,150,968.2,100,5.1,5.1,183.0,6.4,61.0,2.2
2025-07-24 00:00:00,2025,7,24,0,Cao Bằng,Xã Tam Kim,22.606427,106.0179879,30,Good,0,24.2,99,1.7,2.2,194,968.0,100,4.2,4.2,180.0,5.6,63.0,2.0
2025-07-24 01:00:00,2025,7,24,1,Cao Bằng,Xã Tam Kim,22.606427,106.0179879,29,Good,0,24.0,97,0.1,2.3,198,967.3,100,3.4,3.4,178.0,5.1,63.0,1.8
2025-07-24 02:00:00,2025,7,24,2,Cao Bằng,Xã Tam Kim,22.606427,106.0179879,29,Good,0,23.9,97,0.3,3.2,199,966.9,100,3.0,3.0,174.0,5.2,59.0,1.6
2025-07-24 03:00:00,2025,7,24,3,Cao Bằng,Xã Tam Kim,22.606427,106.0179879,28,Good,0,23.7,97,0.2,2.7,212,966.6,100,2.7,2.8,171.0,5.6,52.0,1.4
2025-07-24 04:00:00,2025,7,24,4,Cao Bằng,Xã Tam Kim,22.606427,106.0179879,28,Good,0,23.8,98,0.2,1.9,229,966.3,100,2.9,2.9,173.0,5.6,49.0,1.3
2025-07-24 05:00:00,2025,7,24,5,Cao Bằng,Xã Tam Kim,22.606427,106.0179879,27,Good,0,23.8,99,0.2,2.2,145,966.8,100,3.0,3.1,185.0,5.0,51.0,1.2
2025-07-24 06:00:00,2025,7,24,6,Cao Bằng,Xã Tam Kim,22.606427,106.0179879,27,Good,0,23.9,97,0.1,3.6,143,967.3,100,3.6,3.7,201.0,4.1,56.0,1.1
2025-07-24 07:00:00,2025,7,24,7,Cao Bằng,Xã Tam Kim,22.606427,106.0179879,26,Good,0,24.2,97,0.0,2.5,180,967.9,100,2.4,2.5,210.0,3.6,60.0,1.5
2025-07-24 08:00:00,2025,7,24,8,Cao Bằng,Xã Tam Kim,22.606427,106.0179879,26,Good,0,25.5,91,1.4,2.1,142,968.4,100,2.4,2.5,203.0,3.2,63.0,1.3
2025-07-24 09:00:00,2025,7,24,9,Cao Bằng,Xã Tam Kim,22.606427,106.0179879,26,Good,0,26.3,85,1.3,2.7,160,968.6,97,2.6,2.7,188.0,2.6,68.0,1.0
2025-07-24 10:00:00,2025,7,24,10,Cao Bằng,Xã Tam Kim,22.606427,106.0179879,27,Good,0,27.3,83,0.9,4.7,133,969.0,100,2.7,2.8,175.0,2.2,71.0,0.8
2025-07-24 11:00:00,2025,7,24,11,Cao Bằng,Xã Tam Kim,22.606427,106.0179879,27,Good,0,27.2,89,1.1,2.8,195,968.3,99,2.8,2.9,168.0,2.0,72.0,0.7
2025-07-24 12:00:00,2025,7,24,12,Cao Bằng,Xã Tam Kim,22.606427,106.0179879,28,Good,0,27.9,82,0.2,1.5,240,967.4,98,2.7,2.7,164.0,1.9,72.0,0.6
2025-07-24 13:00:00,2025,7,24,13,Cao Bằng,Xã Tam Kim,22.606427,106.0179879,30,Good,0,27.6,81,0.2,7.2,122,967.1,100,2.6,2.7,163.0,2.0,71.0,0.6
2025-07-24 14:00:00,2025,7,24,14,Cao Bằng,Xã Tam Kim,22.606427,106.0179879,31,Good,0,28.6,75,0.1,3.6,198,965.9,99,3.6,3.6,162.0,2.2,71.0,0.7
2025-07-24 15:00:00,2025,7,24,15,Cao Bằng,Xã Tam Kim,22.606427,106.0179879,32,Good,0,28.6,75,0.1,4.9,90,965.4,100,4.0,4.0,163.0,2.5,70.0,1.0
2025-07-24 16:00:00,2025,7,24,16,Cao Bằng,Xã Tam Kim,22.606427,106.0179879,32,Good,0,26.2,92,5.0,4.8,143,965.5,100,4.6,4.6,175.0,3.5,67.0,1.3
2025-07-24 17:00:00,2025,7,24,17,Cao Bằng,Xã Tam Kim,22.606427,106.0179879,33,Good,0,25.6,96,0.4,1.9,287,965.5,100,5.2,5.2,207.0,5.5,61.0,1.7
2025-07-24 18:00:00,2025,7,24,18,Cao Bằng,Xã Tam Kim,22.606427,106.0179879,32,Good,0,25.2,98,0.2,5.2,266,966.0,100,5.5,5.5,249.0,8.1,54.0,2.3
2025-07-24 19:00:00,2025,7,24,19,Cao Bằng,Xã Tam Kim,22.606427,106.0179879,31,Good,0,24.8,98,0.0,3.2,313,967.1,100,11.0,11.1,278.0,10.8,52.0,2.5
2025-07-24 20:00:00,2025,7,24,20,Cao Bằng,Xã Tam Kim,22.606427,106.0179879,30,Good,0,24.9,98,0.1,3.3,319,967.9,100,13.2,13.4,281.0,11.6,47.0,2.6
2025-07-24 21:00:00,2025,7,24,21,Cao Bằng,Xã Tam Kim,22.606427,106.0179879,29,Good,0,24.8,97,0.2,2.4,318,968.1,100,12.6,12.7,271.0,12.6,41.0,2.8
2025-07-24 22:00:00,2025,7,24,22,Cao Bằng,Xã Tam Kim,22.606427,106.0179879,27,Good,0,24.8,94,0.1,2.2,294,968.9,100,12.5,12.6,261.0,13.2,36.0,2.8
2025-07-24 23:00:00,2025,7,24,23,Cao Bằng,Xã Tam Kim,22.606427,106.0179879,25,Good,0,24.8,92,0.3,1.5,263,968.9,100,11.2,11.4,258.0,13.0,33.0,2.7
2025-07-25 00:00:00,2025,7,25,0,Cao Bằng,Xã Tam Kim,22.606427,106.0179879,23,Good,0,24.2,95,1.7,1.9,139,968.6,100,8.9,9.0,254.0,12.4,32.0,2.4
2025-07-25 01:00:00,2025,7,25,1,Cao Bằng,Xã Tam Kim,22.606427,106.0179879,22,Good,0,23.6,99,1.2,6.5,138,968.4,100,9.3,9.4,245.0,11.4,32.0,2.2
2025-07-25 02:00:00,2025,7,25,2,Cao Bằng,Xã Tam Kim,22.606427,106.0179879,23,Good,0,23.2,99,3.9,1.7,221,967.5,100,8.9,9.0,222.0,9.9,35.0,1.9
2025-07-25 03:00:00,2025,7,25,3,Cao Bằng,Xã Tam Kim,22.606427,106.0179879,24,Good,0,23.2,99,0.2,3.1,263,967.1,91,7.2,7.2,194.0,8.1,39.0,1.6
2025-07-25 04:00:00,2025,7,25,4,Cao Bằng,Xã Tam Kim,22.606427,106.0179879,25,Good,0,23.2,97,0.0,0.9,307,967.0,100,6.0,6.1,176.0,6.7,42.0,1.4
2025-07-25 05:00:00,2025,7,25,5,Cao Bằng,Xã Tam Kim,22.606427,106.0179879,26,Good,0,23.1,96,0.0,1.5,291,967.0,100,4.9,5.0,181.0,6.2,42.0,1.5
2025-07-25 06:00:00,2025,7,25,6,Cao Bằng,Xã Tam Kim,22.606427,106.0179879,26,Good,0,23.3,96,0.0,3.6,264,967.4,100,5.5,5.6,196.0,6.1,41.0,1.7
2025-07-25 07:00:00,2025,7,25,7,Cao Bằng,Xã Tam Kim,22.606427,106.0179879,26,Good,0,24.0,95,0.0,1.7,238,967.7,95,1.6,1.6,205.0,5.0,45.0,1.8
2025-07-25 08:00:00,2025,7,25,8,Cao Bằng,Xã Tam Kim,22.606427,106.0179879,26,Good,0,25.8,92,0.0,1.0,68,968.0,100,2.3,2.3,199.0,4.0,57.0,1.7
2025-07-25 09:00:00,2025,7,25,9,Cao Bằng,Xã Tam Kim,22.606427,106.0179879,26,Good,0,27.3,82,0.0,2.7,58,968.1,90,2.5,2.5,186.0,2.6,73.0,1.7
2025-07-25 10:00:00,2025,7,25,10,Cao Bằng,Xã Tam Kim,22.606427,106.0179879,26,Good,0,29.3,70,0.0,2.8,72,968.3,85,3.3,3.4,175.0,1.6,84.0,1.5
2025-07-25 11:00:00,2025,7,25,11,Cao Bằng,Xã Tam Kim,22.606427,106.0179879,26,Good,0,30.3,65,0.1,2.2,104,968.4,73,4.6,4.8,170.0,1.2,86.0,1.2
2025-07-25 12:00:00,2025,7,25,12,Cao Bằng,Xã Tam Kim,22.606427,106.0179879,27,Good,0,31.5,61,0.1,4.2,100,967.0,16,5.8,6.0,167.0,1.0,82.0,0.7
2025-07-25 13:00:00,2025,7,25,13,Cao Bằng,Xã Tam Kim,22.606427,106.0179879,30,Good,0,32.3,60,0.1,5.4,104,965.7,33,6.0,6.2,167.0,1.2,78.0,0.5
2025-07-25 14:00:00,2025,7,25,14,Cao Bằng,Xã Tam Kim,22.606427,106.0179879,32,Good,0,32.0,59,0.1,9.3,106,965.0,60,6.1,6.3,165.0,1.5,74.0,0.5
2025-07-25 15:00:00,2025,7,25,15,Cao Bằng,Xã Tam Kim,22.606427,106.0179879,34,Good,0,27.5,88,4.4,8.0,146,965.2,97,6.2,6.4,166.0,2.1,69.0,0.8
2025-07-25 16:00:00,2025,7,25,16,Cao Bằng,Xã Tam Kim,22.606427,106.0179879,35,Good,0,26.9,90,0.2,7.2,307,964.8,100,6.2,6.3,182.0,3.3,64.0,1.1
2025-07-25 17:00:00,2025,7,25,17,Cao Bằng,Xã Tam Kim,22.606427,106.0179879,35,Good,0,26.5,91,0.3,4.7,286,965.2,98,6.4,6.6,229.0,5.4,61.0,1.6
2025-07-25 18:00:00,2025,7,25,18,Cao Bằng,Xã Tam Kim,22.606427,106.0179879,35,Good,0,25.9,97,0.3,0.9,53,965.4,100,7.0,7.1,292.0,8.1,60.0,2.3
2025-07-25 19:00:00,2025,7,25,19,Cao Bằng,Xã Tam Kim,22.606427,106.0179879,33,Good,0,25.3,98,0.1,3.9,283,966.4,98,13.7,13.9,340.0,12.9,55.0,3.1
2025-07-25 20:00:00,2025,7,25,20,Cao Bằng,Xã Tam Kim,22.606427,106.0179879,31,Good,0,24.9,98,0.0,2.8,27,967.6,80,16.9,17.2,364.0,17.1,46.0,3.4
2025-07-25 21:00:00,2025,7,25,21,Cao Bằng,Xã Tam Kim,22.606427,106.0179879,30,Good,0,24.7,96,0.0,2.1,290,967.5,86,20.3,20.4,373.0,22.8,33.0,3.7
2025-07-25 22:00:00,2025,7,25,22,Cao Bằng,Xã Tam Kim,22.606427,106.0179879,32,Good,0,24.5,95,0.0,2.6,304,968.3,100,23.3,23.5,369.0,25.9,23.0,3.7
2025-07-25 23:00:00,2025,7,25,23,Cao Bằng,Xã Tam Kim,22.606427,106.0179879,34,Good,0,24.8,92,0.0,1.1,288,968.3,20,24.4,24.6,349.0,23.9,20.0,3.0
2025-07-26 00:00:00,2025,7,26,0,Cao Bằng,Xã Tam Kim,22.606427,106.0179879,36,Good,0,24.7,91,0.0,0.9,270,968.1,36,22.3,22.5,316.0,19.4,21.0,1.9
2025-07-26 01:00:00,2025,7,26,1,Cao Bằng,Xã Tam Kim,22.606427,106.0179879,38,Good,0,24.7,90,0.0,0.2,180,967.2,7,19.8,20.0,282.0,15.3,22.0,1.1
2025-07-26 02:00:00,2025,7,26,2,Cao Bằng,Xã Tam Kim,22.606427,106.0179879,40,Good,0,24.4,91,0.0,0.7,256,966.8,7,18.3,18.6,246.0,13.0,22.0,0.7
2025-07-26 03:00:00,2025,7,26,3,Cao Bằng,Xã Tam Kim,22.606427,106.0179879,42,Good,0,24.2,90,0.0,0.7,284,966.4,3,17.7,17.9,209.0,11.1,23.0,0.6
2025-07-26 04:00:00,2025,7,26,4,Cao Bằng,Xã Tam Kim,22.606427,106.0179879,44,Good,0,24.1,90,0.0,0.4,270,966.4,20,17.6,17.8,189.0,9.5,25.0,0.6
2025-07-26 05:00:00,2025,7,26,5,Cao Bằng,Xã Tam Kim,22.606427,106.0179879,46,Good,0,23.8,90,0.0,0.4,207,966.6,16,17.3,17.5,200.0,8.0,29.0,0.7
2025-07-26 06:00:00,2025,7,26,6,Cao Bằng,Xã Tam Kim,22.606427,106.0179879,48,Good,0,23.6,94,0.0,2.0,225,967.0,52,17.2,17.3,226.0,6.6,34.0,1.0
2025-07-26 07:00:00,2025,7,26,7,Cao Bằng,Xã Tam Kim,22.606427,106.0179879,50,Good,0,25.4,92,0.0,0.7,256,967.4,48,14.8,14.9,241.0,7.1,31.0,0.8
2025-07-26 08:00:00,2025,7,26,8,Cao Bằng,Xã Tam Kim,22.606427,106.0179879,51,Moderate,1,26.3,91,0.0,2.3,39,967.8,0,11.4,11.4,229.0,5.3,49.0,0.9
2025-07-26 09:00:00,2025,7,26,9,Cao Bằng,Xã Tam Kim,22.606427,106.0179879,52,Moderate,1,28.7,76,0.0,2.4,48,968.0,2,8.4,8.5,205.0,2.9,74.0,1.0
2025-07-26 10:00:00,2025,7,26,10,Cao Bằng,Xã Tam Kim,22.606427,106.0179879,52,Moderate,1,30.2,68,0.0,2.7,67,967.9,17,6.0,6.2,186.0,1.1,91.0,1.1
2025-07-26 11:00:00,2025,7,26,11,Cao Bằng,Xã Tam Kim,22.606427,106.0179879,53,Moderate,1,31.8,58,0.0,3.8,93,967.8,15,4.5,4.7,179.0,0.5,94.0,1.1
2025-07-26 12:00:00,2025,7,26,12,Cao Bằng,Xã Tam Kim,22.606427,106.0179879,53,Moderate,1,32.6,55,0.0,5.6,92,967.1,14,3.8,4.0,176.0,0.6,89.0,1.0
2025-07-26 13:00:00,2025,7,26,13,Cao Bằng,Xã Tam Kim,22.606427,106.0179879,52,Moderate,1,33.3,53,0.0,5.4,86,966.1,17,3.6,3.8,174.0,0.7,86.0,1.0
2025-07-26 14:00:00,2025,7,26,14,Cao Bằng,Xã Tam Kim,22.606427,106.0179879,52,Moderate,1,33.9,49,0.0,5.9,79,964.9,19,3.6,3.7,169.0,0.5,87.0,1.0
2025-07-26 15:00:00,2025,7,26,15,Cao Bằng,Xã Tam Kim,22.606427,106.0179879,52,Moderate,1,34.1,49,0.0,7.8,97,963.9,91,3.5,3.7,165.0,0.5,89.0,1.0
2025-07-26 16:00:00,2025,7,26,16,Cao Bằng,Xã Tam Kim,22.606427,106.0179879,52,Moderate,1,32.6,54,0.3,7.8,146,963.9,99,3.7,3.8,170.0,1.1,89.0,1.1
2025-07-26 17:00:00,2025,7,26,17,Cao Bằng,Xã Tam Kim,22.606427,106.0179879,52,Moderate,1,31.1,67,0.1,4.8,169,964.3,99,4.1,4.2,192.0,2.8,84.0,1.4
2025-07-26 18:00:00,2025,7,26,18,Cao Bằng,Xã Tam Kim,22.606427,106.0179879,51,Moderate,1,28.3,87,1.5,7.2,141,965.4,93,5.1,5.2,224.0,5.2,76.0,1.8
2025-07-26 19:00:00,2025,7,26,19,Cao Bằng,Xã Tam Kim,22.606427,106.0179879,51,Moderate,1,26.4,93,2.1,3.7,259,966.3,85,7.6,7.7,254.0,11.2,63.0,3.0
2025-07-26 20:00:00,2025,7,26,20,Cao Bằng,Xã Tam Kim,22.606427,106.0179879,51,Moderate,1,24.9,97,7.9,4.8,323,968.1,100,10.3,10.4,281.0,14.8,54.0,3.7
2025-07-26 21:00:00,2025,7,26,21,Cao Bằng,Xã Tam Kim,22.606427,106.0179879,50,Good,0,24.6,99,0.1,3.5,351,968.2,87,12.0,12.1,306.0,19.6,42.0,4.6
2025-07-26 22:00:00,2025,7,26,22,Cao Bằng,Xã Tam Kim,22.606427,106.0179879,49,Good,0,24.4,99,0.0,2.7,307,968.4,87,13.8,13.9,318.0,22.6,33.0,5.1
2025-07-26 23:00:00,2025,7,26,23,Cao Bằng,Xã Tam Kim,22.606427,106.0179879,47,Good,0,24.1,98,0.0,4.1,293,968.3,41,14.6,14.7,310.0,22.2,28.0,4.7
2025-07-27 00:00:00,2025,7,27,0,Cao Bằng,Xã Tam Kim,22.606427,106.0179879,45,Good,0,23.9,97,0.0,2.7,270,967.8,91,13.9,14.0,289.0,20.0,26.0,3.9
2025-07-27 01:00:00,2025,7,27,1,Cao Bằng,Xã Tam Kim,22.606427,106.0179879,44,Good,0,24.0,93,0.0,1.5,291,967.0,99,12.6,12.7,266.0,17.9,25.0,3.2
2025-07-27 02:00:00,2025,7,27,2,Cao Bằng,Xã Tam Kim,22.606427,106.0179879,43,Good,0,23.8,91,0.0,0.7,256,966.3,86,11.7,11.8,239.0,16.5,23.0,2.7
2025-07-27 03:00:00,2025,7,27,3,Cao Bằng,Xã Tam Kim,22.606427,106.0179879,41,Good,0,23.8,90,0.0,0.0,270,966.0,49,11.1,11.2,209.0,15.2,21.0,2.3
2025-07-27 04:00:00,2025,7,27,4,Cao Bằng,Xã Tam Kim,22.606427,106.0179879,40,Good,0,23.9,90,0.0,0.5,270,966.1,26,11.0,11.1,197.0,13.5,23.0,2.1
2025-07-27 05:00:00,2025,7,27,5,Cao Bằng,Xã Tam Kim,22.606427,106.0179879,39,Good,0,23.6,90,0.0,2.0,275,966.2,0,10.9,11.0,221.0,11.2,31.0,2.0
2025-07-27 06:00:00,2025,7,27,6,Cao Bằng,Xã Tam Kim,22.606427,106.0179879,38,Good,0,23.9,90,0.0,2.6,282,966.5,1,11.6,11.6,263.0,8.6,42.0,2.1
2025-07-27 07:00:00,2025,7,27,7,Cao Bằng,Xã Tam Kim,22.606427,106.0179879,37,Good,0,25.8,87,0.0,2.5,270,967.1,0,6.6,6.6,282.0,8.0,54.0,2.4
2025-07-27 08:00:00,2025,7,27,8,Cao Bằng,Xã Tam Kim,22.606427,106.0179879,36,Good,0,27.7,75,0.0,1.8,294,967.6,8,4.1,4.3,254.0,6.0,71.0,3.6
2025-07-27 09:00:00,2025,7,27,9,Cao Bằng,Xã Tam Kim,22.606427,106.0179879,34,Good,0,30.0,64,0.0,2.9,7,968.1,21,6.2,6.2,204.0,3.3,94.0,5.2
2025-07-27 10:00:00,2025,7,27,10,Cao Bằng,Xã Tam Kim,22.606427,106.0179879,34,Good,0,31.6,56,0.0,2.5,21,968.2,65,6.9,7.0,168.0,1.3,111.0,6.1
2025-07-27 11:00:00,2025,7,27,11,Cao Bằng,Xã Tam Kim,22.606427,106.0179879,34,Good,0,32.6,52,0.0,1.5,60,968.1,92,6.7,6.8,163.0,0.7,116.0,5.6
2025-07-27 12:00:00,2025,7,27,12,Cao Bằng,Xã Tam Kim,22.606427,106.0179879,35,Good,0,33.6,50,0.0,2.6,115,967.3,66,6.5,6.6,171.0,0.7,115.0,4.4
2025-07-27 13:00:00,2025,7,27,13,Cao Bằng,Xã Tam Kim,22.606427,106.0179879,37,Good,0,34.3,49,0.0,4.2,130,965.8,6,6.8,6.9,177.0,0.9,114.0,3.5
2025-07-27 14:00:00,2025,7,27,14,Cao Bằng,Xã Tam Kim,22.606427,106.0179879,42,Good,0,34.4,50,0.0,6.4,117,964.8,9,7.3,7.4,170.0,0.6,116.0,3.1
2025-07-27 15:00:00,2025,7,27,15,Cao Bằng,Xã Tam Kim,22.606427,106.0179879,46,Good,0,34.0,49,0.0,7.3,113,964.0,14,7.5,7.6,160.0,0.3,117.0,3.0
2025-07-27 16:00:00,2025,7,27,16,Cao Bằng,Xã Tam Kim,22.606427,106.0179879,50,Good,0,34.0,50,0.0,4.6,129,963.6,8,7.8,7.9,167.0,1.5,113.0,3.2
2025-07-27 17:00:00,2025,7,27,17,Cao Bằng,Xã Tam Kim,22.606427,106.0179879,57,Moderate,1,32.9,56,0.0,5.2,104,963.6,19,8.2,8.3,208.0,5.5,101.0,3.7
2025-07-27 18:00:00,2025,7,27,18,Cao Bằng,Xã Tam Kim,22.606427,106.0179879,59,Moderate,1,29.8,76,0.3,4.9,92,964.1,26,10.2,10.3,265.0,10.9,84.0,4.5
2025-07-27 19:00:00,2025,7,27,19,Cao Bằng,Xã Tam Kim,22.606427,106.0179879,53,Moderate,1,28.7,80,0.0,2.1,38,965.1,5,15.0,15.1,301.0,14.0,77.0,5.7
2025-07-27 20:00:00,2025,7,27,20,Cao Bằng,Xã Tam Kim,22.606427,106.0179879,49,Good,0,28.0,78,0.0,3.3,234,966.1,15,16.6,16.7,295.0,16.4,69.0,6.2
2025-07-27 21:00:00,2025,7,27,21,Cao Bằng,Xã Tam Kim,22.606427,106.0179879,46,Good,0,27.4,77,0.0,2.2,256,966.5,8,17.9,18.0,268.0,19.8,58.0,6.8
2025-07-27 22:00:00,2025,7,27,22,Cao Bằng,Xã Tam Kim,22.606427,106.0179879,43,Good,0,26.7,79,0.0,2.2,270,966.7,33,20.0,20.0,249.0,22.2,47.0,7.0
2025-07-27 23:00:00,2025,7,27,23,Cao Bằng,Xã Tam Kim,22.606427,106.0179879,44,Good,0,26.3,81,0.0,0.4,270,966.7,12,20.9,21.0,254.0,23.0,37.0,6.3
2025-07-28 00:00:00,2025,7,28,0,Cao Bằng,Xã Tam Kim,22.606427,106.0179879,45,Good,0,25.3,83,0.0,0.6,252,966.3,2,21.1,21.1,267.0,22.8,28.0,5.2
2025-07-28 01:00:00,2025,7,28,1,Cao Bằng,Xã Tam Kim,22.606427,106.0179879,46,Good,0,24.3,87,0.0,1.5,249,965.7,0,20.6,20.7,272.0,21.8,23.0,4.2
2025-07-28 02:00:00,2025,7,28,2,Cao Bằng,Xã Tam Kim,22.606427,106.0179879,47,Good,0,24.1,88,0.0,0.8,243,965.2,0,19.4,19.5,255.0,19.6,22.0,3.3
2025-07-28 03:00:00,2025,7,28,3,Cao Bằng,Xã Tam Kim,22.606427,106.0179879,49,Good,0,23.5,91,0.0,0.4,243,964.8,0,18.6,18.7,230.0,16.5,25.0,2.6
2025-07-28 04:00:00,2025,7,28,4,Cao Bằng,Xã Tam Kim,22.606427,106.0179879,50,Good,0,23.0,92,0.0,0.2,270,964.7,0,18.3,18.3,223.0,13.5,31.0,2.1
2025-07-28 05:00:00,2025,7,28,5,Cao Bằng,Xã Tam Kim,22.606427,106.0179879,51,Moderate,1,22.8,92,0.0,0.0,270,964.7,0,18.1,18.2,256.0,10.8,40.0,2.2
2025-07-28 06:00:00,2025,7,28,6,Cao Bằng,Xã Tam Kim,22.606427,106.0179879,51,Moderate,1,23.6,90,0.0,0.6,252,965.0,0,18.6,18.7,307.0,8.1,52.0,2.6
2025-07-28 07:00:00,2025,7,28,7,Cao Bằng,Xã Tam Kim,22.606427,106.0179879,52,Moderate,1,26.0,81,0.0,1.0,22,965.6,0,14.7,14.7,331.0,6.8,65.0,2.7
2025-07-28 08:00:00,2025,7,28,8,Cao Bằng,Xã Tam Kim,22.606427,106.0179879,53,Moderate,1,28.3,75,0.0,2.3,39,966.1,0,6.6,6.6,299.0,5.1,80.0,2.8
2025-07-28 09:00:00,2025,7,28,9,Cao Bằng,Xã Tam Kim,22.606427,106.0179879,53,Moderate,1,30.6,65,0.0,1.9,34,966.5,47,5.4,5.4,241.0,2.8,100.0,3.0
2025-07-28 10:00:00,2025,7,28,10,Cao Bằng,Xã Tam Kim,22.606427,106.0179879,53,Moderate,1,32.8,54,0.0,4.2,5,966.4,36,6.6,6.7,195.0,1.1,115.0,3.1
2025-07-28 11:00:00,2025,7,28,11,Cao Bằng,Xã Tam Kim,22.606427,106.0179879,53,Moderate,1,33.7,50,0.0,3.6,37,966.0,31,7.5,7.6,178.0,0.6,120.0,3.0
2025-07-28 12:00:00,2025,7,28,12,Cao Bằng,Xã Tam Kim,22.606427,106.0179879,53,Moderate,1,34.8,44,0.1,1.6,153,965.3,44,7.6,7.7,174.0,0.6,120.0,2.7
2025-07-28 13:00:00,2025,7,28,13,Cao Bằng,Xã Tam Kim,22.606427,106.0179879,53,Moderate,1,34.8,47,0.2,3.0,155,964.0,21,8.2,8.4,174.0,0.8,119.0,2.5
2025-07-28 14:00:00,2025,7,28,14,Cao Bằng,Xã Tam Kim,22.606427,106.0179879,53,Moderate,1,35.3,44,0.0,3.1,149,962.9,9,8.5,8.7,171.0,0.5,119.0,2.2
2025-07-28 15:00:00,2025,7,28,15,Cao Bằng,Xã Tam Kim,22.606427,106.0179879,53,Moderate,1,35.5,45,0.0,3.2,142,962.1,5,9.2,9.3,172.0,0.3,118.0,1.9
2025-07-28 16:00:00,2025,7,28,16,Cao Bằng,Xã Tam Kim,22.606427,106.0179879,56,Moderate,1,34.4,48,0.1,5.4,82,961.6,48,10.6,10.7,184.0,1.5,113.0,1.9
2025-07-28 17:00:00,2025,7,28,17,Cao Bằng,Xã Tam Kim,22.606427,106.0179879,63,Moderate,1,33.4,54,0.1,3.8,109,961.8,32,11.1,11.2,214.0,5.4,101.0,2.5
2025-07-28 18:00:00,2025,7,28,18,Cao Bằng,Xã Tam Kim,22.606427,106.0179879,63,Moderate,1,30.9,69,0.0,6.0,171,962.1,57,13.1,13.2,254.0,10.8,86.0,3.4
2025-07-28 19:00:00,2025,7,28,19,Cao Bằng,Xã Tam Kim,22.606427,106.0179879,57,Moderate,1,28.7,75,0.0,4.7,198,962.7,57,20.0,20.2,292.0,17.4,76.0,4.8
2025-07-28 20:00:00,2025,7,28,20,Cao Bằng,Xã Tam Kim,22.606427,106.0179879,55,Moderate,1,28.2,83,0.0,3.6,250,963.3,95,21.9,22.1,328.0,18.9,71.0,5.3
2025-07-28 21:00:00,2025,7,28,21,Cao Bằng,Xã Tam Kim,22.606427,106.0179879,55,Moderate,1,27.9,80,0.0,0.7,256,963.8,73,22.9,23.1,361.0,20.9,64.0,6.0
2025-07-28 22:00:00,2025,7,28,22,Cao Bằng,Xã Tam Kim,22.606427,106.0179879,55,Moderate,1,27.5,79,0.0,0.4,243,964.4,75,23.6,23.7,378.0,22.1,57.0,6.4
2025-07-28 23:00:00,2025,7,28,23,Cao Bằng,Xã Tam Kim,22.606427,106.0179879,56,Moderate,1,27.0,79,0.0,0.6,236,964.4,67,24.0,24.2,368.0,21.8,51.0,6.1
2025-07-29 00:00:00,2025,7,29,0,Cao Bằng,Xã Tam Kim,22.606427,106.0179879,56,Moderate,1,26.2,82,0.0,0.3,225,963.8,48,24.4,24.5,342.0,20.7,46.0,5.5
2025-07-29 01:00:00,2025,7,29,1,Cao Bằng,Xã Tam Kim,22.606427,106.0179879,56,Moderate,1,25.5,87,0.0,0.6,236,963.3,100,25.6,25.7,319.0,19.6,41.0,5.0
2025-07-29 02:00:00,2025,7,29,2,Cao Bằng,Xã Tam Kim,22.606427,106.0179879,57,Moderate,1,25.0,88,0.0,0.4,243,962.8,95,27.2,27.4,300.0,19.2,34.0,4.6
2025-07-29 03:00:00,2025,7,29,3,Cao Bằng,Xã Tam Kim,22.606427,106.0179879,57,Moderate,1,24.4,89,0.0,0.9,259,962.4,94,28.6,28.8,284.0,18.8,28.0,4.3
2025-07-29 04:00:00,2025,7,29,4,Cao Bằng,Xã Tam Kim,22.606427,106.0179879,58,Moderate,1,24.3,91,0.0,0.4,243,962.7,99,29.1,29.2,286.0,17.5,28.0,4.3
2025-07-29 05:00:00,2025,7,29,5,Cao Bằng,Xã Tam Kim,22.606427,106.0179879,59,Moderate,1,24.1,91,0.0,0.6,252,963.0,100,29.1,29.2,329.0,14.5,37.0,4.7
2025-07-29 06:00:00,2025,7,29,6,Cao Bằng,Xã Tam Kim,22.606427,106.0179879,60,Moderate,1,24.4,92,0.0,0.9,259,963.3,100,29.9,30.0,390.0,10.7,52.0,5.3
2025-07-29 07:00:00,2025,7,29,7,Cao Bằng,Xã Tam Kim,22.606427,106.0179879,61,Moderate,1,26.9,83,0.0,2.0,45,964.2,99,17.0,17.0,418.0,7.8,66.0,5.0
2025-07-29 08:00:00,2025,7,29,8,Cao Bằng,Xã Tam Kim,22.606427,106.0179879,61,Moderate,1,29.2,75,0.0,2.3,51,964.7,100,14.4,14.4,382.0,5.9,88.0,5.4
2025-07-29 09:00:00,2025,7,29,9,Cao Bằng,Xã Tam Kim,22.606427,106.0179879,62,Moderate,1,31.3,68,0.0,3.9,56,964.7,99,10.0,10.0,313.0,3.3,118.0,5.8
2025-07-29 10:00:00,2025,7,29,10,Cao Bằng,Xã Tam Kim,22.606427,106.0179879,63,Moderate,1,33.1,61,0.0,4.4,63,964.6,98,8.2,8.3,258.0,1.4,139.0,5.9
2025-07-29 11:00:00,2025,7,29,11,Cao Bằng,Xã Tam Kim,22.606427,106.0179879,63,Moderate,1,34.7,52,0.0,4.4,55,964.2,100,7.3,7.3,235.0,0.8,143.0,5.3
2025-07-29 12:00:00,2025,7,29,12,Cao Bằng,Xã Tam Kim,22.606427,106.0179879,63,Moderate,1,35.7,46,0.0,4.2,47,963.3,100,7.0,7.1,226.0,0.8,139.0,4.2
2025-07-29 13:00:00,2025,7,29,13,Cao Bằng,Xã Tam Kim,22.606427,106.0179879,63,Moderate,1,36.9,39,0.0,4.6,79,962.4,100,7.0,7.0,224.0,1.0,134.0,3.4
2025-07-29 14:00:00,2025,7,29,14,Cao Bằng,Xã Tam Kim,22.606427,106.0179879,63,Moderate,1,36.1,43,0.0,9.6,74,961.7,100,7.4,7.5,225.0,0.9,132.0,2.9
2025-07-29 15:00:00,2025,7,29,15,Cao Bằng,Xã Tam Kim,22.606427,106.0179879,71,Moderate,1,33.4,60,0.0,8.0,70,961.2,100,7.7,7.7,233.0,0.9,129.0,2.6
2025-07-29 16:00:00,2025,7,29,16,Cao Bằng,Xã Tam Kim,22.606427,106.0179879,84,Moderate,1,32.5,64,0.0,7.5,156,960.9,100,8.0,8.1,249.0,1.7,123.0,2.6
2025-07-29 17:00:00,2025,7,29,17,Cao Bằng,Xã Tam Kim,22.606427,106.0179879,91,Moderate,1,32.0,69,0.0,3.8,155,960.8,100,9.7,9.8,283.0,3.7,111.0,2.9
2025-07-29 18:00:00,2025,7,29,18,Cao Bằng,Xã Tam Kim,22.606427,106.0179879,90,Moderate,1,31.0,77,0.0,1.7,108,961.2,100,12.0,12.1,326.0,6.4,96.0,3.4
2025-07-29 19:00:00,2025,7,29,19,Cao Bằng,Xã Tam Kim,22.606427,106.0179879,81,Moderate,1,29.9,79,0.0,1.4,140,962.1,100,16.5,16.6,350.0,14.6,73.0,5.3
2025-07-29 20:00:00,2025,7,29,20,Cao Bằng,Xã Tam Kim,22.606427,106.0179879,66,Moderate,1,29.4,81,0.0,1.5,194,962.7,100,20.8,21.0,336.0,15.7,65.0,5.3
2025-07-29 21:00:00,2025,7,29,21,Cao Bằng,Xã Tam Kim,22.606427,106.0179879,61,Moderate,1,28.5,85,0.0,0.9,169,963.5,100,21.8,21.9,304.0,17.2,53.0,5.3
2025-07-29 22:00:00,2025,7,29,22,Cao Bằng,Xã Tam Kim,22.606427,106.0179879,61,Moderate,1,27.5,90,0.0,0.6,236,964.2,100,21.5,21.7,286.0,17.9,45.0,5.3
2025-07-29 23:00:00,2025,7,29,23,Cao Bằng,Xã Tam Kim,22.606427,106.0179879,61,Moderate,1,27.0,90,0.0,0.5,270,964.4,96,22.1,22.2,301.0,17.3,44.0,5.3
2025-07-30 00:00:00,2025,7,30,0,Cao Bằng,Xã Tam Kim,22.606427,106.0179879,61,Moderate,1,26.2,93,0.0,2.5,225,964.2,97,22.8,22.9,332.0,16.0,46.0,5.2
2025-07-30 01:00:00,2025,7,30,1,Cao Bằng,Xã Tam Kim,22.606427,106.0179879,61,Moderate,1,26.1,93,0.0,2.4,138,963.7,96,24.1,24.2,355.0,14.8,47.0,4.8
2025-07-30 02:00:00,2025,7,30,2,Cao Bằng,Xã Tam Kim,22.606427,106.0179879,61,Moderate,1,26.0,94,0.0,1.0,338,963.1,100,24.6,24.7,358.0,14.2,42.0,3.9
2025-07-30 03:00:00,2025,7,30,3,Cao Bằng,Xã Tam Kim,22.606427,106.0179879,61,Moderate,1,25.8,95,0.0,1.4,320,963.3,97,24.9,25.0,354.0,13.7,35.0,2.8
2025-07-30 04:00:00,2025,7,30,4,Cao Bằng,Xã Tam Kim,22.606427,106.0179879,60,Moderate,1,25.6,94,0.0,0.9,281,963.3,32,23.3,23.4,361.0,12.7,33.0,2.0
2025-07-30 05:00:00,2025,7,30,5,Cao Bằng,Xã Tam Kim,22.606427,106.0179879,60,Moderate,1,25.2,95,0.0,1.5,284,963.2,99,20.1,20.2,396.0,10.7,38.0,1.8
2025-07-30 06:00:00,2025,7,30,6,Cao Bằng,Xã Tam Kim,22.606427,106.0179879,59,Moderate,1,25.6,95,0.0,1.8,281,963.6,94,18.3,18.3,442.0,8.1,47.0,2.0
2025-07-30 07:00:00,2025,7,30,7,Cao Bằng,Xã Tam Kim,22.606427,106.0179879,58,Moderate,1,27.3,89,0.0,0.6,198,964.0,92,15.9,15.9,461.0,5.8,61.0,2.6
2025-07-30 08:00:00,2025,7,30,8,Cao Bằng,Xã Tam Kim,22.606427,106.0179879,58,Moderate,1,28.6,84,0.0,3.1,59,965.0,100,15.5,15.5,432.0,4.0,85.0,3.9
2025-07-30 09:00:00,2025,7,30,9,Cao Bằng,Xã Tam Kim,22.606427,106.0179879,58,Moderate,1,30.5,75,0.0,3.5,69,964.9,100,17.1,17.1,378.0,2.5,114.0,5.6
2025-07-30 10:00:00,2025,7,30,10,Cao Bằng,Xã Tam Kim,22.606427,106.0179879,58,Moderate,1,32.5,67,0.0,2.9,94,964.4,17,14.7,14.8,327.0,1.4,135.0,6.5
2025-07-30 11:00:00,2025,7,30,11,Cao Bằng,Xã Tam Kim,22.606427,106.0179879,59,Moderate,1,34.3,60,0.0,4.2,102,963.8,18,13.3,13.4,288.0,0.9,140.0,5.8
2025-07-30 12:00:00,2025,7,30,12,Cao Bằng,Xã Tam Kim,22.606427,106.0179879,60,Moderate,1,35.1,56,0.0,3.1,83,963.2,35,12.6,12.7,252.0,0.8,137.0,4.2
2025-07-30 13:00:00,2025,7,30,13,Cao Bằng,Xã Tam Kim,22.606427,106.0179879,60,Moderate,1,33.6,63,0.7,6.0,261,962.4,82,11.8,11.8,227.0,1.0,132.0,3.1
2025-07-30 14:00:00,2025,7,30,14,Cao Bằng,Xã Tam Kim,22.606427,106.0179879,61,Moderate,1,32.9,66,0.0,3.1,353,961.3,69,12.1,12.2,215.0,1.1,128.0,2.9
2025-07-30 15:00:00,2025,7,30,15,Cao Bằng,Xã Tam Kim,22.606427,106.0179879,65,Moderate,1,34.0,61,0.0,3.8,11,960.7,95,12.5,12.6,213.0,1.5,123.0,3.0
2025-07-30 16:00:00,2025,7,30,16,Cao Bằng,Xã Tam Kim,22.606427,106.0179879,78,Moderate,1,34.1,61,0.0,5.0,35,960.4,73,13.5,13.5,224.0,2.5,116.0,3.2
2025-07-30 17:00:00,2025,7,30,17,Cao Bằng,Xã Tam Kim,22.606427,106.0179879,85,Moderate,1,32.3,69,0.0,6.1,304,961.0,66,14.3,14.4,256.0,4.7,105.0,3.4
2025-07-30 18:00:00,2025,7,30,18,Cao Bằng,Xã Tam Kim,22.606427,106.0179879,83,Moderate,1,30.9,84,0.0,2.7,302,961.4,40,15.6,15.7,300.0,7.7,92.0,3.7
2025-07-30 19:00:00,2025,7,30,19,Cao Bằng,Xã Tam Kim,22.606427,106.0179879,74,Moderate,1,29.4,84,0.0,4.9,188,962.2,93,19.8,19.9,334.0,11.0,73.0,4.2
2025-07-30 20:00:00,2025,7,30,20,Cao Bằng,Xã Tam Kim,22.606427,106.0179879,63,Moderate,1,29.2,87,0.0,1.5,210,962.6,100,22.2,22.2,343.0,11.6,64.0,4.2
2025-07-30 21:00:00,2025,7,30,21,Cao Bằng,Xã Tam Kim,22.606427,106.0179879,63,Moderate,1,26.2,93,4.5,6.0,189,964.7,100,21.8,21.9,341.0,12.5,52.0,4.3
2025-07-30 22:00:00,2025,7,30,22,Cao Bằng,Xã Tam Kim,22.606427,106.0179879,63,Moderate,1,26.0,96,0.0,4.6,77,965.1,100,22.1,22.1,345.0,13.4,42.0,4.0
2025-07-30 23:00:00,2025,7,30,23,Cao Bằng,Xã Tam Kim,22.606427,106.0179879,63,Moderate,1,25.8,98,0.0,2.5,266,965.2,100,23.9,24.0,368.0,14.4,34.0,3.2
2025-07-31 00:00:00,2025,7,31,0,Cao Bằng,Xã Tam Kim,22.606427,106.0179879,63,Moderate,1,25.8,95,0.0,3.6,267,964.4,100,26.9,27.0,396.0,15.3,28.0,2.2
2025-07-31 01:00:00,2025,7,31,1,Cao Bằng,Xã Tam Kim,22.606427,106.0179879,64,Moderate,1,26.0,91,0.0,0.4,243,963.4,82,27.3,27.4,405.0,15.3,25.0,1.4
2025-07-31 02:00:00,2025,7,31,2,Cao Bằng,Xã Tam Kim,22.606427,106.0179879,64,Moderate,1,25.8,91,0.0,0.3,225,962.6,92,28.6,28.7,375.0,13.8,26.0,0.9
2025-07-31 03:00:00,2025,7,31,3,Cao Bằng,Xã Tam Kim,22.606427,106.0179879,64,Moderate,1,25.4,93,0.0,1.0,329,962.8,99,29.6,29.7,327.0,11.5,31.0,0.7
2025-07-31 04:00:00,2025,7,31,4,Cao Bằng,Xã Tam Kim,22.606427,106.0179879,65,Moderate,1,25.0,95,0.0,0.7,256,962.9,100,28.6,28.6,296.0,9.2,38.0,0.6
2025-07-31 05:00:00,2025,7,31,5,Cao Bằng,Xã Tam Kim,22.606427,106.0179879,65,Moderate,1,24.3,96,0.0,3.0,322,963.0,100,28.4,28.5,307.0,7.3,47.0,0.8
2025-07-31 06:00:00,2025,7,31,6,Cao Bằng,Xã Tam Kim,22.606427,106.0179879,66,Moderate,1,24.9,96,0.0,2.0,280,962.9,100,26.4,26.5,337.0,5.6,58.0,1.1
2025-07-31 07:00:00,2025,7,31,7,Cao Bằng,Xã Tam Kim,22.606427,106.0179879,67,Moderate,1,26.1,95,0.0,1.8,84,963.8,99,13.9,13.9,350.0,3.5,79.0,1.2
2025-07-31 08:00:00,2025,7,31,8,Cao Bằng,Xã Tam Kim,22.606427,106.0179879,66,Moderate,1,27.4,87,0.0,2.3,209,964.8,100,14.2,14.2,328.0,2.9,89.0,1.2
2025-07-31 09:00:00,2025,7,31,9,Cao Bằng,Xã Tam Kim,22.606427,106.0179879,66,Moderate,1,29.1,78,0.0,1.7,103,965.1,100,14.8,14.9,290.0,2.0,103.0,1.2
2025-07-31 10:00:00,2025,7,31,10,Cao Bằng,Xã Tam Kim,22.606427,106.0179879,66,Moderate,1,30.5,72,0.0,3.1,66,965.3,100,15.3,15.3,260.0,1.4,114.0,1.2
2025-07-31 11:00:00,2025,7,31,11,Cao Bằng,Xã Tam Kim,22.606427,106.0179879,66,Moderate,1,31.7,68,0.0,2.6,344,964.8,99,15.1,15.2,248.0,1.1,119.0,1.0
2025-07-31 12:00:00,2025,7,31,12,Cao Bằng,Xã Tam Kim,22.606427,106.0179879,66,Moderate,1,30.9,72,0.0,3.7,317,963.7,100,13.7,13.7,244.0,1.1,120.0,0.7
2025-07-31 13:00:00,2025,7,31,13,Cao Bằng,Xã Tam Kim,22.606427,106.0179879,66,Moderate,1,32.2,64,0.0,1.8,6,962.4,97,12.4,12.5,240.0,1.2,119.0,0.6
2025-07-31 14:00:00,2025,7,31,14,Cao Bằng,Xã Tam Kim,22.606427,106.0179879,66,Moderate,1,32.2,66,0.1,6.9,7,961.6,100,12.7,12.7,230.0,1.4,114.0,0.7
2025-07-31 15:00:00,2025,7,31,15,Cao Bằng,Xã Tam Kim,22.606427,106.0179879,66,Moderate,1,28.3,88,1.5,3.4,198,961.7,100,13.2,13.2,221.0,1.9,107.0,0.8
2025-07-31 16:00:00,2025,7,31,16,Cao Bằng,Xã Tam Kim,22.606427,106.0179879,67,Moderate,1,28.4,83,0.1,1.5,306,961.1,99,12.5,12.5,225.0,2.9,99.0,1.1
2025-07-31 17:00:00,2025,7,31,17,Cao Bằng,Xã Tam Kim,22.606427,106.0179879,66,Moderate,1,27.3,94,1.3,4.5,47,961.8,100,12.6,12.7,258.0,4.9,92.0,1.6
2025-07-31 18:00:00,2025,7,31,18,Cao Bằng,Xã Tam Kim,22.606427,106.0179879,66,Moderate,1,26.9,97,2.3,2.4,222,962.5,100,13.3,13.4,305.0,7.5,84.0,2.1
2025-07-31 19:00:00,2025,7,31,19,Cao Bằng,Xã Tam Kim,22.606427,106.0179879,66,Moderate,1,26.1,99,0.0,0.9,180,963.3,100,15.0,15.0,332.0,9.5,70.0,2.7
2025-07-31 20:00:00,2025,7,31,20,Cao Bằng,Xã Tam Kim,22.606427,106.0179879,66,Moderate,1,26.2,94,0.2,3.9,257,964.5,100,15.9,16.0,316.0,10.6,60.0,2.8
2025-07-31 21:00:00,2025,7,31,21,Cao Bằng,Xã Tam Kim,22.606427,106.0179879,65,Moderate,1,25.9,94,0.3,2.4,253,965.0,100,13.8,13.8,280.0,12.0,47.0,3.0
2025-07-31 22:00:00,2025,7,31,22,Cao Bằng,Xã Tam Kim,22.606427,106.0179879,64,Moderate,1,26.1,92,0.3,1.0,211,964.9,100,12.7,12.7,256.0,12.8,37.0,3.1
2025-07-31 23:00:00,2025,7,31,23,Cao Bằng,Xã Tam Kim,22.606427,106.0179879,64,Moderate,1,25.9,93,0.6,1.3,124,965.5,100,12.9,12.9,261.0,12.5,33.0,3.0
2025-08-01 00:00:00,2025,8,1,0,Cao Bằng,Xã Tam Kim,22.606427,106.0179879,63,Moderate,1,25.3,96,0.8,2.4,81,964.9,100,12.5,12.5,279.0,11.5,33.0,2.7
2025-08-01 01:00:00,2025,8,1,1,Cao Bằng,Xã Tam Kim,22.606427,106.0179879,61,Moderate,1,25.4,93,0.2,0.5,45,964.0,100,12.2,12.3,291.0,10.7,32.0,2.5
2025-08-01 02:00:00,2025,8,1,2,Cao Bằng,Xã Tam Kim,22.606427,106.0179879,60,Moderate,1,25.2,94,0.0,0.7,360,963.7,68,12.2,12.2,291.0,10.3,29.0,2.3
2025-08-01 03:00:00,2025,8,1,3,Cao Bằng,Xã Tam Kim,22.606427,106.0179879,59,Moderate,1,24.9,95,0.0,1.2,243,963.3,100,12.1,12.1,285.0,9.9,27.0,2.1
2025-08-01 04:00:00,2025,8,1,4,Cao Bằng,Xã Tam Kim,22.606427,106.0179879,57,Moderate,1,24.8,95,0.0,1.4,220,963.5,100,11.2,11.3,280.0,9.3,27.0,2.0
2025-08-01 05:00:00,2025,8,1,5,Cao Bằng,Xã Tam Kim,22.606427,106.0179879,55,Moderate,1,24.9,93,0.0,0.5,270,963.6,100,10.3,10.3,278.0,8.3,31.0,2.1
2025-08-01 06:00:00,2025,8,1,6,Cao Bằng,Xã Tam Kim,22.606427,106.0179879,54,Moderate,1,24.7,95,0.0,0.9,143,964.0,100,10.6,10.6,277.0,7.1,38.0,2.2
2025-08-01 07:00:00,2025,8,1,7,Cao Bằng,Xã Tam Kim,22.606427,106.0179879,52,Moderate,1,24.7,97,0.0,1.4,220,964.3,100,8.3,8.3,274.0,6.4,48.0,2.0
2025-08-01 08:00:00,2025,8,1,8,Cao Bằng,Xã Tam Kim,22.606427,106.0179879,52,Moderate,1,24.9,95,0.0,1.3,262,964.9,100,9.6,9.7,269.0,4.9,67.0,1.8
2025-08-01 09:00:00,2025,8,1,9,Cao Bằng,Xã Tam Kim,22.606427,106.0179879,51,Moderate,1,26.2,88,0.0,0.8,135,965.5,100,10.0,10.1,264.0,2.9,92.0,1.6
2025-08-01 10:00:00,2025,8,1,10,Cao Bằng,Xã Tam Kim,22.606427,106.0179879,51,Moderate,1,25.9,88,0.6,2.9,68,965.9,100,9.4,9.5,257.0,1.4,111.0,1.3
2025-08-01 11:00:00,2025,8,1,11,Cao Bằng,Xã Tam Kim,22.606427,106.0179879,51,Moderate,1,25.8,89,1.1,6.1,208,965.8,97,9.7,9.8,248.0,0.9,117.0,1.0
2025-08-01 12:00:00,2025,8,1,12,Cao Bằng,Xã Tam Kim,22.606427,106.0179879,50,Good,0,27.7,83,0.3,3.1,135,965.5,100,9.9,10.0,239.0,1.0,115.0,0.7
2025-08-01 13:00:00,2025,8,1,13,Cao Bằng,Xã Tam Kim,22.606427,106.0179879,49,Good,0,27.1,83,0.2,7.8,274,964.3,79,10.3,10.5,233.0,1.1,114.0,0.5
2025-08-01 14:00:00,2025,8,1,14,Cao Bằng,Xã Tam Kim,22.606427,106.0179879,49,Good,0,28.2,79,0.2,2.5,315,963.7,72,10.4,10.7,227.0,0.8,116.0,0.4
2025-08-01 15:00:00,2025,8,1,15,Cao Bằng,Xã Tam Kim,22.606427,106.0179879,49,Good,0,29.2,74,0.1,1.7,319,963.0,69,10.4,10.8,225.0,0.5,118.0,0.5
2025-08-01 16:00:00,2025,8,1,16,Cao Bằng,Xã Tam Kim,22.606427,106.0179879,49,Good,0,30.1,69,0.0,0.7,360,962.8,47,11.2,11.6,240.0,1.2,115.0,0.7
2025-08-01 17:00:00,2025,8,1,17,Cao Bằng,Xã Tam Kim,22.606427,106.0179879,58,Moderate,1,29.9,70,0.0,1.0,239,963.0,34,13.9,14.3,287.0,3.9,104.0,1.2
2025-08-01 18:00:00,2025,8,1,18,Cao Bằng,Xã Tam Kim,22.606427,106.0179879,60,Moderate,1,27.9,82,0.1,5.6,6,963.6,67,16.2,16.6,350.0,7.7,87.0,1.8
2025-08-01 19:00:00,2025,8,1,19,Cao Bằng,Xã Tam Kim,22.606427,106.0179879,55,Moderate,1,26.1,87,0.0,6.9,319,964.1,72,16.3,16.4,397.0,9.6,77.0,3.3
2025-08-01 20:00:00,2025,8,1,20,Cao Bằng,Xã Tam Kim,22.606427,106.0179879,49,Good,0,26.6,87,0.0,2.5,188,965.3,62,16.9,17.0,414.0,11.4,67.0,3.6
2025-08-01 21:00:00,2025,8,1,21,Cao Bằng,Xã Tam Kim,22.606427,106.0179879,49,Good,0,26.5,88,0.0,1.5,277,966.3,38,17.5,17.6,415.0,14.0,54.0,3.9
2025-08-01 22:00:00,2025,8,1,22,Cao Bằng,Xã Tam Kim,22.606427,106.0179879,50,Good,0,24.8,95,0.1,8.6,29,967.0,77,19.4,19.5,410.0,15.9,43.0,4.1
2025-08-01 23:00:00,2025,8,1,23,Cao Bằng,Xã Tam Kim,22.606427,106.0179879,50,Good,0,24.5,95,0.2,2.2,261,967.1,55,20.9,21.0,403.0,16.8,36.0,3.9
2025-08-02 00:00:00,2025,8,2,0,Cao Bằng,Xã Tam Kim,22.606427,106.0179879,51,Moderate,1,24.5,93,0.0,0.8,297,966.8,61,20.9,21.0,390.0,17.2,31.0,3.5
2025-08-02 01:00:00,2025,8,2,1,Cao Bằng,Xã Tam Kim,22.606427,106.0179879,52,Moderate,1,24.4,92,0.0,0.2,270,966.0,54,20.4,20.5,373.0,16.9,28.0,3.0
2025-08-02 02:00:00,2025,8,2,2,Cao Bằng,Xã Tam Kim,22.606427,106.0179879,53,Moderate,1,24.2,92,0.0,0.6,288,965.6,70,19.7,19.8,348.0,15.9,26.0,2.4
2025-08-02 03:00:00,2025,8,2,3,Cao Bằng,Xã Tam Kim,22.606427,106.0179879,53,Moderate,1,23.9,94,0.0,0.5,270,965.4,49,20.0,20.1,318.0,14.2,26.0,1.7
2025-08-02 04:00:00,2025,8,2,4,Cao Bằng,Xã Tam Kim,22.606427,106.0179879,54,Moderate,1,23.5,94,0.0,0.5,270,965.1,17,20.4,20.7,297.0,12.5,28.0,1.2
2025-08-02 05:00:00,2025,8,2,5,Cao Bằng,Xã Tam Kim,22.606427,106.0179879,55,Moderate,1,23.2,94,0.0,0.2,270,965.4,0,20.3,20.5,295.0,10.9,32.0,1.0
2025-08-02 06:00:00,2025,8,2,6,Cao Bằng,Xã Tam Kim,22.606427,106.0179879,56,Moderate,1,23.5,94,0.0,0.6,236,965.8,0,20.8,21.1,302.0,9.1,38.0,1.0
2025-08-02 07:00:00,2025,8,2,7,Cao Bằng,Xã Tam Kim,22.606427,106.0179879,57,Moderate,1,24.9,92,0.0,1.5,144,966.7,0,14.7,14.8,303.0,7.9,53.0,1.4
2025-08-02 08:00:00,2025,8,2,8,Cao Bằng,Xã Tam Kim,22.606427,106.0179879,57,Moderate,1,26.8,85,0.0,0.5,360,967.5,0,7.7,7.8,290.0,5.9,74.0,1.6
2025-08-02 09:00:00,2025,8,2,9,Cao Bằng,Xã Tam Kim,22.606427,106.0179879,57,Moderate,1,29.2,73,0.0,1.6,90,967.6,2,6.1,6.2,272.0,3.2,103.0,1.9
2025-08-02 10:00:00,2025,8,2,10,Cao Bằng,Xã Tam Kim,22.606427,106.0179879,57,Moderate,1,31.2,65,0.0,4.0,93,967.6,32,6.4,6.5,255.0,1.2,124.0,2.0
2025-08-02 11:00:00,2025,8,2,11,Cao Bằng,Xã Tam Kim,22.606427,106.0179879,56,Moderate,1,33.2,54,0.0,4.2,100,967.0,55,6.8,7.0,242.0,0.6,130.0,1.9
2025-08-02 12:00:00,2025,8,2,12,Cao Bằng,Xã Tam Kim,22.606427,106.0179879,56,Moderate,1,34.1,52,0.0,3.5,114,966.2,19,6.9,7.1,231.0,0.7,128.0,1.6
2025-08-02 13:00:00,2025,8,2,13,Cao Bằng,Xã Tam Kim,22.606427,106.0179879,56,Moderate,1,35.1,47,0.0,2.6,115,965.2,52,7.0,7.1,223.0,0.9,126.0,1.4
2025-08-02 14:00:00,2025,8,2,14,Cao Bằng,Xã Tam Kim,22.606427,106.0179879,56,Moderate,1,35.3,46,0.0,3.6,127,964.3,81,7.1,7.4,215.0,0.8,127.0,1.3
2025-08-02 15:00:00,2025,8,2,15,Cao Bằng,Xã Tam Kim,22.606427,106.0179879,55,Moderate,1,35.3,45,0.0,3.7,125,963.7,93,7.4,7.7,209.0,0.7,128.0,1.2
2025-08-02 16:00:00,2025,8,2,16,Cao Bằng,Xã Tam Kim,22.606427,106.0179879,66,Moderate,1,35.0,46,0.0,2.8,140,963.2,75,7.8,8.2,215.0,1.4,124.0,1.2
2025-08-02 17:00:00,2025,8,2,17,Cao Bằng,Xã Tam Kim,22.606427,106.0179879,77,Moderate,1,34.2,51,0.0,3.3,144,963.6,94,8.0,8.4,241.0,3.5,113.0,1.4
2025-08-02 18:00:00,2025,8,2,18,Cao Bằng,Xã Tam Kim,22.606427,106.0179879,79,Moderate,1,31.2,67,0.0,7.4,166,964.1,91,8.9,9.2,279.0,6.3,98.0,1.8
2025-08-02 19:00:00,2025,8,2,19,Cao Bằng,Xã Tam Kim,22.606427,106.0179879,74,Moderate,1,29.3,76,0.0,7.4,187,964.7,59,13.4,13.8,306.0,9.0,86.0,2.6
2025-08-02 20:00:00,2025,8,2,20,Cao Bằng,Xã Tam Kim,22.606427,106.0179879,64,Moderate,1,28.2,81,0.0,6.0,196,965.1,93,14.4,14.8,313.0,9.7,82.0,2.9
2025-08-02 21:00:00,2025,8,2,21,Cao Bằng,Xã Tam Kim,22.606427,106.0179879,55,Moderate,1,27.5,84,0.0,4.9,186,966.0,87,15.5,15.9,309.0,10.7,75.0,3.5
2025-08-02 22:00:00,2025,8,2,22,Cao Bằng,Xã Tam Kim,22.606427,106.0179879,53,Moderate,1,27.1,85,0.0,3.1,183,966.7,10,16.8,17.3,308.0,11.7,70.0,4.0
2025-08-02 23:00:00,2025,8,2,23,Cao Bằng,Xã Tam Kim,22.606427,106.0179879,53,Moderate,1,26.5,87,0.0,1.9,197,967.0,4,19.1,19.6,315.0,12.8,67.0,4.6
2025-08-03 00:00:00,2025,8,3,0,Cao Bằng,Xã Tam Kim,22.606427,106.0179879,53,Moderate,1,26.0,90,0.0,0.4,243,966.8,8,22.1,22.5,323.0,13.9,65.0,5.2
2025-08-03 01:00:00,2025,8,3,1,Cao Bằng,Xã Tam Kim,22.606427,106.0179879,53,Moderate,1,25.5,91,0.0,0.2,270,966.3,94,24.8,25.3,329.0,14.9,63.0,5.8
2025-08-03 02:00:00,2025,8,3,2,Cao Bằng,Xã Tam Kim,22.606427,106.0179879,53,Moderate,1,25.1,93,0.0,1.8,307,965.6,31,27.1,27.6,327.0,16.2,59.0,6.2
2025-08-03 03:00:00,2025,8,3,3,Cao Bằng,Xã Tam Kim,22.606427,106.0179879,54,Moderate,1,24.9,93,0.0,1.8,294,965.2,14,28.9,29.5,321.0,17.4,56.0,6.6
2025-08-03 04:00:00,2025,8,3,4,Cao Bằng,Xã Tam Kim,22.606427,106.0179879,54,Moderate,1,24.7,92,0.0,1.1,288,965.0,13,30.3,30.9,321.0,17.2,57.0,6.9
2025-08-03 05:00:00,2025,8,3,5,Cao Bằng,Xã Tam Kim,22.606427,106.0179879,55,Moderate,1,24.6,93,0.0,0.7,284,965.3,2,31.9,32.6,339.0,14.6,66.0,7.2
2025-08-03 06:00:00,2025,8,3,6,Cao Bằng,Xã Tam Kim,22.606427,106.0179879,56,Moderate,1,25.0,93,0.0,0.9,307,965.5,8,35.7,36.3,362.0,10.7,80.0,7.4
2025-08-03 07:00:00,2025,8,3,7,Cao Bằng,Xã Tam Kim,22.606427,106.0179879,58,Moderate,1,26.8,89,0.0,2.0,63,966.0,34,41.6,43.0,366.0,6.1,105.0,10.4
2025-08-03 08:00:00,2025,8,3,8,Cao Bằng,Xã Tam Kim,22.606427,106.0179879,60,Moderate,1,29.3,81,0.0,3.1,69,966.5,39,36.1,38.3,330.0,4.9,110.0,10.2
2025-08-03 09:00:00,2025,8,3,9,Cao Bằng,Xã Tam Kim,22.606427,106.0179879,63,Moderate,1,31.5,70,0.1,3.1,80,966.4,83,31.0,33.3,273.0,3.2,117.0,9.9
2025-08-03 10:00:00,2025,8,3,10,Cao Bằng,Xã Tam Kim,22.606427,106.0179879,65,Moderate,1,32.9,66,0.1,4.5,95,966.3,70,25.6,27.8,232.0,1.9,121.0,9.0
2025-08-03 11:00:00,2025,8,3,11,Cao Bằng,Xã Tam Kim,22.606427,106.0179879,67,Moderate,1,34.7,57,0.0,3.5,111,965.9,16,22.1,24.2,223.0,1.3,120.0,7.1
2025-08-03 12:00:00,2025,8,3,12,Cao Bằng,Xã Tam Kim,22.606427,106.0179879,68,Moderate,1,34.8,57,0.9,2.2,138,965.3,39,20.7,22.6,230.0,1.1,116.0,4.6
2025-08-03 13:00:00,2025,8,3,13,Cao Bằng,Xã Tam Kim,22.606427,106.0179879,69,Moderate,1,35.8,52,0.1,3.7,203,964.4,32,18.7,20.5,234.0,1.0,113.0,2.8
2025-08-03 14:00:00,2025,8,3,14,Cao Bằng,Xã Tam Kim,22.606427,106.0179879,70,Moderate,1,36.3,50,0.0,7.3,197,963.6,75,16.5,18.2,226.0,0.7,112.0,2.1
2025-08-03 15:00:00,2025,8,3,15,Cao Bằng,Xã Tam Kim,22.606427,106.0179879,71,Moderate,1,35.6,53,0.0,7.6,205,962.8,87,14.8,16.5,216.0,0.5,111.0,1.9
2025-08-03 16:00:00,2025,8,3,16,Cao Bằng,Xã Tam Kim,22.606427,106.0179879,72,Moderate,1,35.3,52,0.0,8.9,194,962.2,97,13.4,15.0,216.0,1.2,107.0,2.0
2025-08-03 17:00:00,2025,8,3,17,Cao Bằng,Xã Tam Kim,22.606427,106.0179879,72,Moderate,1,31.5,71,1.6,6.5,109,963.5,100,12.7,14.2,235.0,3.6,97.0,2.3
2025-08-03 18:00:00,2025,8,3,18,Cao Bằng,Xã Tam Kim,22.606427,106.0179879,73,Moderate,1,28.2,95,4.1,7.5,345,963.4,90,13.1,14.5,264.0,6.9,84.0,2.8
2025-08-03 19:00:00,2025,8,3,19,Cao Bằng,Xã Tam Kim,22.606427,106.0179879,73,Moderate,1,27.4,97,0.0,7.0,331,964.4,39,15.6,16.8,290.0,9.7,70.0,4.1
2025-08-03 20:00:00,2025,8,3,20,Cao Bằng,Xã Tam Kim,22.606427,106.0179879,73,Moderate,1,27.1,96,0.0,4.6,129,965.3,100,16.2,17.2,307.0,8.7,74.0,4.1
2025-08-03 21:00:00,2025,8,3,21,Cao Bằng,Xã Tam Kim,22.606427,106.0179879,73,Moderate,1,26.6,98,0.0,2.5,135,965.9,100,16.8,17.6,321.0,7.4,80.0,4.0
2025-08-03 22:00:00,2025,8,3,22,Cao Bằng,Xã Tam Kim,22.606427,106.0179879,73,Moderate,1,26.4,98,0.0,2.9,30,966.4,100,16.7,17.3,333.0,6.7,82.0,3.9
2025-08-03 23:00:00,2025,8,3,23,Cao Bằng,Xã Tam Kim,22.606427,106.0179879,73,Moderate,1,26.0,97,0.0,1.5,14,966.6,100,17.5,18.1,345.0,7.1,78.0,3.7
2025-08-04 00:00:00,2025,8,4,0,Cao Bằng,Xã Tam Kim,22.606427,106.0179879,73,Moderate,1,26.0,95,0.0,0.6,304,965.7,99,19.0,19.7,355.0,8.1,71.0,3.4
2025-08-04 01:00:00,2025,8,4,1,Cao Bằng,Xã Tam Kim,22.606427,106.0179879,73,Moderate,1,25.5,96,0.0,2.5,90,965.0,95,20.6,21.3,357.0,8.8,65.0,3.1
2025-08-04 02:00:00,2025,8,4,2,Cao Bằng,Xã Tam Kim,22.606427,106.0179879,73,Moderate,1,25.4,97,0.0,1.3,304,965.0,100,21.8,22.5,346.0,9.0,61.0,2.5
2025-08-04 03:00:00,2025,8,4,3,Cao Bằng,Xã Tam Kim,22.606427,106.0179879,72,Moderate,1,25.4,94,0.0,0.6,304,964.2,100,24.3,25.0,327.0,9.0,58.0,1.8
2025-08-04 04:00:00,2025,8,4,4,Cao Bằng,Xã Tam Kim,22.606427,106.0179879,72,Moderate,1,25.4,94,0.0,0.8,135,964.3,99,27.2,28.1,315.0,8.6,59.0,1.5
2025-08-04 05:00:00,2025,8,4,5,Cao Bằng,Xã Tam Kim,22.606427,106.0179879,71,Moderate,1,25.2,94,0.0,0.4,207,964.5,99,31.1,31.9,320.0,7.8,64.0,2.1
2025-08-04 06:00:00,2025,8,4,6,Cao Bằng,Xã Tam Kim,22.606427,106.0179879,71,Moderate,1,25.5,94,0.0,1.0,315,964.9,100,34.8,35.7,333.0,6.7,73.0,3.2
2025-08-04 07:00:00,2025,8,4,7,Cao Bằng,Xã Tam Kim,22.606427,106.0179879,71,Moderate,1,26.6,91,0.0,0.9,79,965.5,99,38.6,39.7,333.0,5.6,82.0,4.0
2025-08-04 08:00:00,2025,8,4,8,Cao Bằng,Xã Tam Kim,22.606427,106.0179879,71,Moderate,1,28.7,85,0.0,2.4,63,966.3,100,33.5,34.7,310.0,4.4,92.0,4.4
2025-08-04 09:00:00,2025,8,4,9,Cao Bằng,Xã Tam Kim,22.606427,106.0179879,71,Moderate,1,30.7,75,0.0,3.1,93,966.4,100,27.9,29.0,275.0,3.1,102.0,4.6
2025-08-04 10:00:00,2025,8,4,10,Cao Bằng,Xã Tam Kim,22.606427,106.0179879,70,Moderate,1,32.3,69,0.0,4.3,75,966.6,100,20.7,21.8,245.0,2.2,110.0,4.5
2025-08-04 11:00:00,2025,8,4,11,Cao Bằng,Xã Tam Kim,22.606427,106.0179879,70,Moderate,1,34.2,61,0.0,3.7,76,966.1,99,16.7,17.8,225.0,1.7,114.0,3.9
2025-08-04 12:00:00,2025,8,4,12,Cao Bằng,Xã Tam Kim,22.606427,106.0179879,70,Moderate,1,34.6,57,0.0,2.3,122,965.4,98,15.5,16.5,210.0,1.5,114.0,3.0
2025-08-04 13:00:00,2025,8,4,13,Cao Bằng,Xã Tam Kim,22.606427,106.0179879,69,Moderate,1,35.0,56,0.0,2.5,176,964.1,100,13.8,14.8,201.0,1.5,113.0,2.3
2025-08-04 14:00:00,2025,8,4,14,Cao Bằng,Xã Tam Kim,22.606427,106.0179879,69,Moderate,1,35.6,53,0.3,3.8,149,963.4,100,12.6,13.5,199.0,1.6,110.0,1.9
2025-08-04 15:00:00,2025,8,4,15,Cao Bằng,Xã Tam Kim,22.606427,106.0179879,68,Moderate,1,28.1,94,8.2,3.7,235,964.1,100,11.5,12.4,204.0,1.8,104.0,1.6
2025-08-04 16:00:00,2025,8,4,16,Cao Bằng,Xã Tam Kim,22.606427,106.0179879,68,Moderate,1,28.7,90,0.1,2.7,318,963.6,100,11.2,12.2,214.0,2.9,96.0,1.6
2025-08-04 17:00:00,2025,8,4,17,Cao Bằng,Xã Tam Kim,22.606427,106.0179879,68,Moderate,1,28.3,97,2.8,1.3,82,965.0,100,12.0,12.9,228.0,5.4,84.0,1.9
2025-08-04 18:00:00,2025,8,4,18,Cao Bằng,Xã Tam Kim,22.606427,106.0179879,68,Moderate,1,26.6,99,4.5,5.9,203,965.5,100,12.6,13.4,247.0,8.7,70.0,2.5
2025-08-04 19:00:00,2025,8,4,19,Cao Bằng,Xã Tam Kim,22.606427,106.0179879,68,Moderate,1,26.5,99,0.0,3.2,227,966.1,100,10.4,10.6,271.0,13.7,48.0,3.7
2025-08-04 20:00:00,2025,8,4,20,Cao Bằng,Xã Tam Kim,22.606427,106.0179879,67,Moderate,1,27.5,97,0.0,4.1,139,966.9,100,9.9,10.0,305.0,12.7,47.0,3.4
2025-08-04 21:00:00,2025,8,4,21,Cao Bằng,Xã Tam Kim,22.606427,106.0179879,67,Moderate,1,27.5,95,0.2,0.4,360,967.2,100,9.2,9.4,344.0,11.3,47.0,2.9
2025-08-04 22:00:00,2025,8,4,22,Cao Bằng,Xã Tam Kim,22.606427,106.0179879,66,Moderate,1,27.0,96,0.1,2.0,95,968.1,100,6.2,6.3,369.0,10.2,46.0,2.5
2025-08-04 23:00:00,2025,8,4,23,Cao Bằng,Xã Tam Kim,22.606427,106.0179879,65,Moderate,1,26.5,98,0.0,3.3,193,967.8,100,3.9,3.9,371.0,9.6,46.0,2.3
2025-08-05 00:00:00,2025,8,5,0,Cao Bằng,Xã Tam Kim,22.606427,106.0179879,64,Moderate,1,26.6,95,0.0,1.6,186,967.1,100,2.8,2.9,360.0,9.2,45.0,2.2
2025-08-05 01:00:00,2025,8,5,1,Cao Bằng,Xã Tam Kim,22.606427,106.0179879,62,Moderate,1,26.3,96,0.0,1.8,84,966.5,100,2.8,2.8,348.0,9.1,44.0,2.1
2025-08-05 02:00:00,2025,8,5,2,Cao Bằng,Xã Tam Kim,22.606427,106.0179879,61,Moderate,1,26.0,97,0.0,1.6,84,966.1,100,3.8,3.8,339.0,9.5,39.0,1.9
2025-08-05 03:00:00,2025,8,5,3,Cao Bằng,Xã Tam Kim,22.606427,106.0179879,59,Moderate,1,25.7,98,0.0,0.3,135,965.8,100,5.0,5.0,329.0,10.1,34.0,1.6
2025-08-05 04:00:00,2025,8,5,4,Cao Bằng,Xã Tam Kim,22.606427,106.0179879,58,Moderate,1,25.7,99,0.0,1.3,254,965.7,100,6.2,6.3,317.0,10.1,32.0,1.5
2025-08-05 05:00:00,2025,8,5,5,Cao Bằng,Xã Tam Kim,22.606427,106.0179879,56,Moderate,1,25.5,99,0.0,1.9,304,966.0,100,6.6,6.7,301.0,8.8,37.0,1.7
2025-08-05 06:00:00,2025,8,5,6,Cao Bằng,Xã Tam Kim,22.606427,106.0179879,54,Moderate,1,25.6,99,0.0,2.5,339,966.6,100,7.2,7.3,282.0,6.9,46.0,2.0
2025-08-05 07:00:00,2025,8,5,7,Cao Bằng,Xã Tam Kim,22.606427,106.0179879,51,Moderate,1,25.9,99,0.0,1.2,321,967.5,100,3.5,3.6,268.0,7.2,60.0,1.6
2025-08-05 08:00:00,2025,8,5,8,Cao Bằng,Xã Tam Kim,22.606427,106.0179879,46,Good,0,27.4,96,1.8,2.7,138,967.9,100,3.4,3.6,260.0,5.5,72.0,1.4
2025-08-05 09:00:00,2025,8,5,9,Cao Bằng,Xã Tam Kim,22.606427,106.0179879,41,Good,0,27.8,92,1.1,3.8,239,968.7,99,2.9,3.0,256.0,3.3,89.0,1.2
2025-08-05 10:00:00,2025,8,5,10,Cao Bằng,Xã Tam Kim,22.606427,106.0179879,37,Good,0,26.9,94,4.4,2.6,141,969.1,100,2.7,2.8,253.0,1.8,99.0,1.1
2025-08-05 11:00:00,2025,8,5,11,Cao Bằng,Xã Tam Kim,22.606427,106.0179879,33,Good,0,26.4,96,0.8,4.5,307,968.6,100,2.7,2.8,250.0,2.0,97.0,1.2
2025-08-05 12:00:00,2025,8,5,12,Cao Bằng,Xã Tam Kim,22.606427,106.0179879,31,Good,0,28.6,84,0.5,1.7,13,967.9,100,3.0,3.1,249.0,3.0,88.0,1.4
2025-08-05 13:00:00,2025,8,5,13,Cao Bằng,Xã Tam Kim,22.606427,106.0179879,34,Good,0,30.8,74,0.3,2.7,42,967.4,100,4.1,4.2,249.0,3.7,82.0,1.6
2025-08-05 14:00:00,2025,8,5,14,Cao Bằng,Xã Tam Kim,22.606427,106.0179879,37,Good,0,27.1,89,3.6,7.7,159,967.5,100,4.2,4.3,247.0,3.3,83.0,1.5
2025-08-05 15:00:00,2025,8,5,15,Cao Bằng,Xã Tam Kim,22.606427,106.0179879,39,Good,0,26.1,93,1.1,1.7,103,966.6,100,4.1,4.2,246.0,2.7,86.0,1.4
2025-08-05 16:00:00,2025,8,5,16,Cao Bằng,Xã Tam Kim,22.606427,106.0179879,40,Good,0,26.5,93,1.0,5.0,339,965.9,100,3.7,3.8,258.0,3.1,86.0,1.5
2025-08-05 17:00:00,2025,8,5,17,Cao Bằng,Xã Tam Kim,22.606427,106.0179879,41,Good,0,26.1,96,0.2,3.8,355,966.5,100,3.8,3.9,293.0,5.7,81.0,2.0
2025-08-05 18:00:00,2025,8,5,18,Cao Bằng,Xã Tam Kim,22.606427,106.0179879,41,Good,0,25.8,98,0.0,1.9,49,966.8,100,4.4,4.4,342.0,9.3,73.0,2.6
2025-08-05 19:00:00,2025,8,5,19,Cao Bằng,Xã Tam Kim,22.606427,106.0179879,39,Good,0,25.3,99,0.0,0.4,117,967.5,100,12.7,12.8,383.0,13.0,66.0,3.2
2025-08-05 20:00:00,2025,8,5,20,Cao Bằng,Xã Tam Kim,22.606427,106.0179879,37,Good,0,25.2,99,0.0,1.5,69,968.1,100,15.8,15.9,412.0,16.6,59.0,4.1
2025-08-05 21:00:00,2025,8,5,21,Cao Bằng,Xã Tam Kim,22.606427,106.0179879,36,Good,0,25.2,99,0.0,0.7,346,968.9,100,18.3,18.5,434.0,21.5,49.0,5.4
2025-08-05 22:00:00,2025,8,5,22,Cao Bằng,Xã Tam Kim,22.606427,106.0179879,34,Good,0,25.1,99,0.0,2.7,312,968.8,100,19.6,19.7,443.0,25.4,40.0,6.1
2025-08-05 23:00:00,2025,8,5,23,Cao Bằng,Xã Tam Kim,22.606427,106.0179879,31,Good,0,25.1,98,0.0,0.8,315,968.4,100,21.0,21.1,433.0,27.9,33.0,5.7
2025-08-06 00:00:00,2025,8,6,0,Cao Bằng,Xã Tam Kim,22.606427,106.0179879,29,Good,0,24.6,99,0.0,2.8,55,968.4,100,23.9,24.0,410.0,29.4,27.0,4.6
2025-08-06 01:00:00,2025,8,6,1,Cao Bằng,Xã Tam Kim,22.606427,106.0179879,32,Good,0,24.8,99,0.1,0.6,108,967.7,100,24.6,24.7,383.0,28.2,26.0,3.7
2025-08-06 02:00:00,2025,8,6,2,Cao Bằng,Xã Tam Kim,22.606427,106.0179879,36,Good,0,24.5,100,0.1,2.8,125,967.3,100,19.2,19.4,351.0,22.0,35.0,3.0
2025-08-06 03:00:00,2025,8,6,3,Cao Bằng,Xã Tam Kim,22.606427,106.0179879,39,Good,0,24.5,99,0.1,1.9,146,967.0,100,15.3,15.5,316.0,13.2,49.0,2.5
2025-08-06 04:00:00,2025,8,6,4,Cao Bằng,Xã Tam Kim,22.606427,106.0179879,40,Good,0,24.3,99,0.1,1.1,108,966.7,100,10.1,10.3,295.0,6.7,59.0,2.1
2025-08-06 05:00:00,2025,8,6,5,Cao Bằng,Xã Tam Kim,22.606427,106.0179879,41,Good,0,24.1,100,0.0,0.9,143,967.3,100,7.6,7.7,304.0,5.0,60.0,2.0
2025-08-06 06:00:00,2025,8,6,6,Cao Bằng,Xã Tam Kim,22.606427,106.0179879,41,Good,0,24.2,100,0.0,1.9,29,967.7,100,7.9,8.1,328.0,5.7,57.0,2.0
2025-08-06 07:00:00,2025,8,6,7,Cao Bằng,Xã Tam Kim,22.606427,106.0179879,41,Good,0,25.1,96,0.0,4.3,33,968.3,100,3.4,3.5,337.0,5.3,61.0,3.4
2025-08-06 08:00:00,2025,8,6,8,Cao Bằng,Xã Tam Kim,22.606427,106.0179879,41,Good,0,25.6,97,0.7,4.0,129,969.0,100,6.6,7.2,312.0,4.7,66.0,4.0
2025-08-06 09:00:00,2025,8,6,9,Cao Bằng,Xã Tam Kim,22.606427,106.0179879,42,Good,0,27.2,94,0.9,2.9,97,969.6,100,8.8,9.9,272.0,3.9,72.0,4.8
2025-08-06 10:00:00,2025,8,6,10,Cao Bằng,Xã Tam Kim,22.606427,106.0179879,43,Good,0,28.6,83,2.0,2.9,86,970.0,98,10.3,11.6,243.0,3.2,78.0,5.3
2025-08-06 11:00:00,2025,8,6,11,Cao Bằng,Xã Tam Kim,22.606427,106.0179879,44,Good,0,26.6,91,6.7,6.0,123,969.6,100,10.8,11.9,236.0,3.0,81.0,5.0
2025-08-06 12:00:00,2025,8,6,12,Cao Bằng,Xã Tam Kim,22.606427,106.0179879,46,Good,0,27.1,91,0.9,5.2,104,969.1,96,11.1,12.1,240.0,2.9,83.0,4.4
2025-08-06 13:00:00,2025,8,6,13,Cao Bằng,Xã Tam Kim,22.606427,106.0179879,47,Good,0,27.9,87,1.0,4.9,84,968.0,86,11.6,12.4,243.0,2.8,86.0,3.8
2025-08-06 14:00:00,2025,8,6,14,Cao Bằng,Xã Tam Kim,22.606427,106.0179879,48,Good,0,28.9,83,0.2,3.4,58,967.1,78,12.0,12.8,235.0,2.2,93.0,3.5
2025-08-06 15:00:00,2025,8,6,15,Cao Bằng,Xã Tam Kim,22.606427,106.0179879,50,Good,0,30.4,74,0.3,2.3,86,966.3,100,11.9,12.7,225.0,1.5,102.0,3.2
2025-08-06 16:00:00,2025,8,6,16,Cao Bằng,Xã Tam Kim,22.606427,106.0179879,51,Moderate,1,29.8,74,0.2,3.9,146,966.2,93,10.4,11.1,233.0,1.7,104.0,3.0
2025-08-06 17:00:00,2025,8,6,17,Cao Bằng,Xã Tam Kim,22.606427,106.0179879,51,Moderate,1,28.7,80,0.1,2.1,142,966.3,99,10.3,11.1,275.0,3.7,95.0,2.9
2025-08-06 18:00:00,2025,8,6,18,Cao Bằng,Xã Tam Kim,22.606427,106.0179879,52,Moderate,1,27.6,88,0.0,3.7,113,967.1,100,10.0,10.6,333.0,6.6,79.0,2.8
2025-08-06 19:00:00,2025,8,6,19,Cao Bằng,Xã Tam Kim,22.606427,106.0179879,52,Moderate,1,26.4,91,0.0,3.9,137,968.2,67,13.8,14.6,376.0,9.6,63.0,3.8
2025-08-06 20:00:00,2025,8,6,20,Cao Bằng,Xã Tam Kim,22.606427,106.0179879,52,Moderate,1,25.3,94,0.2,2.8,101,969.1,65,12.2,12.9,392.0,9.4,61.0,3.7
2025-08-06 21:00:00,2025,8,6,21,Cao Bằng,Xã Tam Kim,22.606427,106.0179879,52,Moderate,1,25.1,94,0.5,2.5,111,970.0,52,14.4,15.4,392.0,9.1,58.0,3.7
2025-08-06 22:00:00,2025,8,6,22,Cao Bằng,Xã Tam Kim,22.606427,106.0179879,52,Moderate,1,24.2,98,4.0,2.3,360,970.6,100,14.3,15.4,378.0,8.7,57.0,3.8
2025-08-06 23:00:00,2025,8,6,23,Cao Bằng,Xã Tam Kim,22.606427,106.0179879,51,Moderate,1,24.4,97,0.5,0.5,180,970.8,90,16.4,17.6,343.0,8.3,58.0,4.2
2025-08-07 00:00:00,2025,8,7,0,Cao Bằng,Xã Tam Kim,22.606427,106.0179879,51,Moderate,1,24.1,99,1.1,4.0,30,970.0,97,9.3,10.0,295.0,7.7,61.0,4.7
2025-08-07 01:00:00,2025,8,7,1,Cao Bằng,Xã Tam Kim,22.606427,106.0179879,49,Good,0,23.8,100,0.7,5.3,118,969.4,100,6.1,6.6,258.0,7.1,66.0,5.4
2025-08-07 02:00:00,2025,8,7,2,Cao Bằng,Xã Tam Kim,22.606427,106.0179879,46,Good,0,23.7,99,1.9,4.2,126,969.3,100,4.6,4.9,241.0,6.2,74.0,6.2
2025-08-07 03:00:00,2025,8,7,3,Cao Bằng,Xã Tam Kim,22.606427,106.0179879,43,Good,0,23.4,99,1.1,4.7,90,969.3,100,3.8,4.1,236.0,5.1,83.0,7.1
2025-08-07 04:00:00,2025,8,7,4,Cao Bằng,Xã Tam Kim,22.606427,106.0179879,41,Good,0,23.2,100,1.4,4.0,82,969.5,100,3.4,3.6,240.0,4.4,88.0,7.8
2025-08-07 05:00:00,2025,8,7,5,Cao Bằng,Xã Tam Kim,22.606427,106.0179879,40,Good,0,23.1,99,1.7,1.9,56,969.8,100,2.8,3.0,261.0,4.3,86.0,8.1
2025-08-07 06:00:00,2025,8,7,6,Cao Bằng,Xã Tam Kim,22.606427,106.0179879,39,Good,0,23.1,100,1.3,3.1,36,970.3,100,2.5,2.6,292.0,4.5,81.0,8.2
2025-08-07 07:00:00,2025,8,7,7,Cao Bằng,Xã Tam Kim,22.606427,106.0179879,38,Good,0,23.4,99,0.6,3.1,45,970.8,100,2.5,2.6,305.0,4.7,76.0,8.3
2025-08-07 08:00:00,2025,8,7,8,Cao Bằng,Xã Tam Kim,22.606427,106.0179879,38,Good,0,25.5,96,0.3,5.7,122,971.5,100,2.8,2.9,284.0,4.9,72.0,8.6
2025-08-07 09:00:00,2025,8,7,9,Cao Bằng,Xã Tam Kim,22.606427,106.0179879,38,Good,0,27.0,90,0.3,4.5,140,972.3,100,3.9,4.0,247.0,5.1,69.0,8.8
2025-08-07 10:00:00,2025,8,7,10,Cao Bằng,Xã Tam Kim,22.606427,106.0179879,37,Good,0,27.0,90,0.3,3.4,96,972.5,100,4.7,4.8,216.0,5.0,69.0,8.6
2025-08-07 11:00:00,2025,8,7,11,Cao Bằng,Xã Tam Kim,22.606427,106.0179879,36,Good,0,26.6,91,0.3,4.3,90,972.5,100,4.9,5.1,201.0,4.4,75.0,7.4
2025-08-07 12:00:00,2025,8,7,12,Cao Bằng,Xã Tam Kim,22.606427,106.0179879,36,Good,0,27.0,88,0.1,5.4,105,971.7,100,8.3,8.6,193.0,3.4,84.0,5.8
2025-08-07 13:00:00,2025,8,7,13,Cao Bằng,Xã Tam Kim,22.606427,106.0179879,35,Good,0,28.2,79,0.0,5.9,125,970.8,100,13.0,13.6,191.0,2.8,91.0,4.6
2025-08-07 14:00:00,2025,8,7,14,Cao Bằng,Xã Tam Kim,22.606427,106.0179879,36,Good,0,28.9,74,0.0,6.5,156,970.2,100,13.2,13.7,193.0,2.3,94.0,4.2
2025-08-07 15:00:00,2025,8,7,15,Cao Bằng,Xã Tam Kim,22.606427,106.0179879,37,Good,0,29.2,69,0.0,7.0,157,969.5,100,14.3,15.0,201.0,2.1,96.0,4.2
2025-08-07 16:00:00,2025,8,7,16,Cao Bằng,Xã Tam Kim,22.606427,106.0179879,38,Good,0,28.7,74,0.0,7.1,144,969.0,100,15.2,15.8,215.0,3.0,93.0,4.3
2025-08-07 17:00:00,2025,8,7,17,Cao Bằng,Xã Tam Kim,22.606427,106.0179879,39,Good,0,28.2,77,0.0,6.5,134,969.1,100,16.2,16.8,240.0,6.0,84.0,4.6
2025-08-07 18:00:00,2025,8,7,18,Cao Bằng,Xã Tam Kim,22.606427,106.0179879,40,Good,0,27.3,84,0.0,4.8,121,969.5,100,18.0,18.6,271.0,10.0,72.0,5.2
2025-08-07 19:00:00,2025,8,7,19,Cao Bằng,Xã Tam Kim,22.606427,106.0179879,40,Good,0,26.2,89,0.0,3.5,111,970.0,100,28.1,28.6,292.0,11.4,70.0,7.8
2025-08-07 20:00:00,2025,8,7,20,Cao Bằng,Xã Tam Kim,22.606427,106.0179879,41,Good,0,26.5,86,0.0,4.4,159,970.2,69,30.7,31.2,293.0,11.9,67.0,7.5
2025-08-07 21:00:00,2025,8,7,21,Cao Bằng,Xã Tam Kim,22.606427,106.0179879,44,Good,0,25.3,91,0.0,3.5,168,971.0,74,33.8,34.2,284.0,12.5,63.0,7.2
2025-08-07 22:00:00,2025,8,7,22,Cao Bằng,Xã Tam Kim,22.606427,106.0179879,47,Good,0,24.9,92,0.0,2.4,189,972.0,95,38.3,38.8,277.0,12.3,63.0,7.1
2025-08-07 23:00:00,2025,8,7,23,Cao Bằng,Xã Tam Kim,22.606427,106.0179879,51,Moderate,1,24.7,92,0.0,2.3,151,971.9,94,34.2,34.6,277.0,10.7,71.0,7.5
2025-08-08 00:00:00,2025,8,8,0,Cao Bằng,Xã Tam Kim,22.606427,106.0179879,52,Moderate,1,24.4,95,0.3,3.5,129,971.7,93,34.3,34.6,279.0,8.3,82.0,8.1
2025-08-08 01:00:00,2025,8,8,1,Cao Bằng,Xã Tam Kim,22.606427,106.0179879,55,Moderate,1,24.1,98,1.0,4.9,66,971.5,94,24.9,25.1,281.0,6.4,90.0,8.4
2025-08-08 02:00:00,2025,8,8,2,Cao Bằng,Xã Tam Kim,22.606427,106.0179879,56,Moderate,1,23.6,99,0.2,2.1,20,971.0,56,17.9,18.1,280.0,5.6,89.0,8.0
2025-08-08 03:00:00,2025,8,8,3,Cao Bằng,Xã Tam Kim,22.606427,106.0179879,57,Moderate,1,23.3,100,0.1,2.3,342,970.5,70,10.7,10.8,279.0,5.4,84.0,7.3
2025-08-08 04:00:00,2025,8,8,4,Cao Bằng,Xã Tam Kim,22.606427,106.0179879,58,Moderate,1,23.1,99,0.0,1.0,338,970.5,57,9.8,9.9,282.0,5.1,82.0,7.0
2025-08-08 05:00:00,2025,8,8,5,Cao Bằng,Xã Tam Kim,22.606427,106.0179879,59,Moderate,1,23.2,99,0.0,0.8,315,970.5,41,10.7,10.8,297.0,4.7,87.0,7.6
2025-08-08 06:00:00,2025,8,8,6,Cao Bằng,Xã Tam Kim,22.606427,106.0179879,59,Moderate,1,23.1,99,0.0,2.2,145,971.0,73,11.5,11.6,316.0,4.3,95.0,8.5
2025-08-08 07:00:00,2025,8,8,7,Cao Bằng,Xã Tam Kim,22.606427,106.0179879,60,Moderate,1,24.1,98,0.0,3.8,87,972.0,98,7.1,7.2,322.0,4.4,88.0,10.8
2025-08-08 08:00:00,2025,8,8,8,Cao Bằng,Xã Tam Kim,22.606427,106.0179879,61,Moderate,1,26.6,91,0.0,2.2,99,972.6,98,9.9,10.0,302.0,3.8,93.0,10.2
2025-08-08 09:00:00,2025,8,8,9,Cao Bằng,Xã Tam Kim,22.606427,106.0179879,61,Moderate,1,27.2,87,0.0,2.3,129,972.6,100,15.9,16.2,269.0,3.1,100.0,9.3
2025-08-08 10:00:00,2025,8,8,10,Cao Bằng,Xã Tam Kim,22.606427,106.0179879,62,Moderate,1,29.2,76,0.2,4.3,118,972.8,92,18.7,19.1,243.0,2.4,106.0,8.2
2025-08-08 11:00:00,2025,8,8,11,Cao Bằng,Xã Tam Kim,22.606427,106.0179879,63,Moderate,1,31.7,62,0.1,5.4,166,972.5,24,17.6,18.0,232.0,1.9,111.0,6.9
2025-08-08 12:00:00,2025,8,8,12,Cao Bằng,Xã Tam Kim,22.606427,106.0179879,65,Moderate,1,33.0,54,0.0,7.5,190,971.6,22,20.7,21.4,227.0,1.5,116.0,5.5
2025-08-08 13:00:00,2025,8,8,13,Cao Bằng,Xã Tam Kim,22.606427,106.0179879,66,Moderate,1,33.5,55,0.0,7.6,195,970.5,30,17.2,17.8,224.0,1.3,119.0,4.4
2025-08-08 14:00:00,2025,8,8,14,Cao Bằng,Xã Tam Kim,22.606427,106.0179879,66,Moderate,1,32.4,60,0.0,9.4,169,970.0,89,16.2,16.8,217.0,1.1,119.0,3.8
2025-08-08 15:00:00,2025,8,8,15,Cao Bằng,Xã Tam Kim,22.606427,106.0179879,66,Moderate,1,30.6,70,0.3,7.2,125,969.5,100,17.1,17.6,211.0,1.2,117.0,3.4
2025-08-08 16:00:00,2025,8,8,16,Cao Bằng,Xã Tam Kim,22.606427,106.0179879,67,Moderate,1,29.6,76,0.1,10.7,123,969.3,100,18.3,18.8,216.0,2.0,113.0,3.4
2025-08-08 17:00:00,2025,8,8,17,Cao Bằng,Xã Tam Kim,22.606427,106.0179879,67,Moderate,1,29.0,77,0.0,9.4,142,969.1,93,20.5,20.9,243.0,4.5,105.0,3.8
2025-08-08 18:00:00,2025,8,8,18,Cao Bằng,Xã Tam Kim,22.606427,106.0179879,67,Moderate,1,28.3,81,0.0,4.9,123,968.9,17,22.2,22.6,281.0,7.7,94.0,4.5
2025-08-08 19:00:00,2025,8,8,19,Cao Bằng,Xã Tam Kim,22.606427,106.0179879,68,Moderate,1,26.7,89,0.0,3.9,124,969.3,10,22.6,23.2,306.0,8.9,92.0,6.7
2025-08-08 20:00:00,2025,8,8,20,Cao Bằng,Xã Tam Kim,22.606427,106.0179879,67,Moderate,1,26.3,94,0.0,2.5,150,969.7,99,24.7,25.2,305.0,9.5,87.0,6.8
2025-08-08 21:00:00,2025,8,8,21,Cao Bằng,Xã Tam Kim,22.606427,106.0179879,67,Moderate,1,25.4,97,0.0,1.0,149,970.6,85,25.5,25.9,290.0,10.3,79.0,7.0
2025-08-08 22:00:00,2025,8,8,22,Cao Bằng,Xã Tam Kim,22.606427,106.0179879,66,Moderate,1,25.0,99,0.0,0.2,270,971.4,68,27.0,27.4,274.0,10.5,77.0,7.1
2025-08-08 23:00:00,2025,8,8,23,Cao Bằng,Xã Tam Kim,22.606427,106.0179879,65,Moderate,1,24.6,99,0.1,1.2,297,971.8,98,30.5,30.9,259.0,9.3,84.0,7.1
2025-08-09 00:00:00,2025,8,9,0,Cao Bằng,Xã Tam Kim,22.606427,106.0179879,64,Moderate,1,24.1,100,4.5,5.2,6,972.1,100,27.1,27.2,243.0,7.5,96.0,7.1
2025-08-09 01:00:00,2025,8,9,1,Cao Bằng,Xã Tam Kim,22.606427,106.0179879,64,Moderate,1,23.7,100,1.3,4.6,339,971.7,100,20.9,21.0,233.0,6.2,104.0,7.2
2025-08-09 02:00:00,2025,8,9,2,Cao Bằng,Xã Tam Kim,22.606427,106.0179879,64,Moderate,1,23.6,100,1.4,4.0,3,971.2,100,20.5,20.6,232.0,5.9,102.0,7.5
2025-08-09 03:00:00,2025,8,9,3,Cao Bằng,Xã Tam Kim,22.606427,106.0179879,64,Moderate,1,23.5,100,0.1,1.8,360,970.7,100,22.2,22.2,237.0,6.0,96.0,8.0
2025-08-09 04:00:00,2025,8,9,4,Cao Bằng,Xã Tam Kim,22.606427,106.0179879,65,Moderate,1,23.6,99,0.0,1.9,29,970.4,81,28.4,28.5,245.0,6.2,90.0,8.9
2025-08-09 05:00:00,2025,8,9,5,Cao Bằng,Xã Tam Kim,22.606427,106.0179879,66,Moderate,1,23.4,100,0.0,2.0,350,970.5,99,29.7,29.7,260.0,6.6,85.0,10.8
2025-08-09 06:00:00,2025,8,9,6,Cao Bằng,Xã Tam Kim,22.606427,106.0179879,68,Moderate,1,23.8,100,0.0,2.8,342,970.9,100,32.7,32.8,279.0,7.0,80.0,13.1
2025-08-09 07:00:00,2025,8,9,7,Cao Bằng,Xã Tam Kim,22.606427,106.0179879,70,Moderate,1,24.9,98,0.0,3.8,59,971.5,100,12.0,12.1,283.0,5.1,81.0,12.1
2025-08-09 08:00:00,2025,8,9,8,Cao Bằng,Xã Tam Kim,22.606427,106.0179879,70,Moderate,1,26.8,92,0.0,2.7,82,971.8,61,13.8,13.9,260.0,4.5,87.0,11.3
2025-08-09 09:00:00,2025,8,9,9,Cao Bằng,Xã Tam Kim,22.606427,106.0179879,71,Moderate,1,28.9,81,0.1,2.8,125,972.1,75,15.6,15.8,223.0,3.6,96.0,10.1
2025-08-09 10:00:00,2025,8,9,10,Cao Bằng,Xã Tam Kim,22.606427,106.0179879,71,Moderate,1,31.7,65,0.1,2.8,135,972.0,66,17.5,17.8,196.0,2.8,103.0,8.9
2025-08-09 11:00:00,2025,8,9,11,Cao Bằng,Xã Tam Kim,22.606427,106.0179879,71,Moderate,1,33.3,57,0.0,1.9,124,971.2,88,16.5,16.9,188.0,2.2,108.0,7.5
2025-08-09 12:00:00,2025,8,9,12,Cao Bằng,Xã Tam Kim,22.606427,106.0179879,71,Moderate,1,34.9,51,0.0,4.2,149,970.2,100,15.2,15.6,189.0,1.6,113.0,6.1
2025-08-09 13:00:00,2025,8,9,13,Cao Bằng,Xã Tam Kim,22.606427,106.0179879,70,Moderate,1,35.4,49,0.0,6.7,177,969.1,100,14.8,15.3,192.0,1.3,115.0,5.0
2025-08-09 14:00:00,2025,8,9,14,Cao Bằng,Xã Tam Kim,22.606427,106.0179879,70,Moderate,1,35.3,50,0.0,9.4,181,968.2,68,14.2,14.6,193.0,1.0,116.0,4.4
2025-08-09 15:00:00,2025,8,9,15,Cao Bằng,Xã Tam Kim,22.606427,106.0179879,70,Moderate,1,34.2,53,0.0,10.3,177,967.4,94,13.6,14.1,196.0,0.9,114.0,4.1
2025-08-09 16:00:00,2025,8,9,16,Cao Bằng,Xã Tam Kim,22.606427,106.0179879,69,Moderate,1,33.6,55,0.0,6.6,189,966.8,85,13.6,14.0,206.0,1.5,111.0,4.0
2025-08-09 17:00:00,2025,8,9,17,Cao Bằng,Xã Tam Kim,22.606427,106.0179879,69,Moderate,1,32.7,59,0.0,7.0,168,966.8,33,14.3,14.7,232.0,3.6,104.0,4.1
2025-08-09 18:00:00,2025,8,9,18,Cao Bằng,Xã Tam Kim,22.606427,106.0179879,68,Moderate,1,30.7,70,0.0,6.9,149,967.1,80,16.6,17.0,265.0,6.5,94.0,4.5
2025-08-09 19:00:00,2025,8,9,19,Cao Bằng,Xã Tam Kim,22.606427,106.0179879,68,Moderate,1,28.7,77,0.0,6.4,162,967.9,99,21.2,21.9,288.0,9.4,81.0,4.9
2025-08-09 20:00:00,2025,8,9,20,Cao Bằng,Xã Tam Kim,22.606427,106.0179879,68,Moderate,1,27.6,87,0.0,1.9,236,968.4,87,22.6,23.2,287.0,9.0,85.0,6.0
2025-08-09 21:00:00,2025,8,9,21,Cao Bằng,Xã Tam Kim,22.606427,106.0179879,68,Moderate,1,27.0,89,0.0,1.1,252,969.1,96,24.4,25.0,276.0,8.5,91.0,7.5
2025-08-09 22:00:00,2025,8,9,22,Cao Bằng,Xã Tam Kim,22.606427,106.0179879,67,Moderate,1,26.7,89,0.0,0.9,143,970.0,100,25.0,25.4,271.0,8.1,95.0,8.9
2025-08-09 23:00:00,2025,8,9,23,Cao Bằng,Xã Tam Kim,22.606427,106.0179879,67,Moderate,1,26.4,90,0.0,1.2,129,970.4,98,27.1,27.4,285.0,7.8,98.0,10.3
2025-08-10 00:00:00,2025,8,10,0,Cao Bằng,Xã Tam Kim,22.606427,106.0179879,67,Moderate,1,26.0,92,0.0,2.3,113,970.4,100,30.0,30.3,305.0,7.7,100.0,11.6
2025-08-10 01:00:00,2025,8,10,1,Cao Bằng,Xã Tam Kim,22.606427,106.0179879,67,Moderate,1,24.9,97,0.0,3.6,3,970.3,100,30.2,30.4,313.0,7.5,99.0,12.3
2025-08-10 02:00:00,2025,8,10,2,Cao Bằng,Xã Tam Kim,22.606427,106.0179879,68,Moderate,1,24.9,98,0.6,5.8,358,970.3,100,29.7,30.0,298.0,7.4,93.0,11.9
2025-08-10 03:00:00,2025,8,10,3,Cao Bằng,Xã Tam Kim,22.606427,106.0179879,69,Moderate,1,24.5,99,0.0,4.5,353,970.2,99,29.6,29.9,271.0,7.3,85.0,10.9
2025-08-10 04:00:00,2025,8,10,4,Cao Bằng,Xã Tam Kim,22.606427,106.0179879,70,Moderate,1,24.4,99,0.0,5.3,348,970.3,98,29.2,29.5,250.0,7.2,79.0,10.1
2025-08-10 05:00:00,2025,8,10,5,Cao Bằng,Xã Tam Kim,22.606427,106.0179879,70,Moderate,1,24.1,99,0.0,4.3,360,970.3,99,29.3,29.7,244.0,7.0,77.0,10.2
2025-08-10 06:00:00,2025,8,10,6,Cao Bằng,Xã Tam Kim,22.606427,106.0179879,70,Moderate,1,24.3,99,0.0,4.4,330,971.0,100,27.1,27.4,243.0,6.7,77.0,10.6
2025-08-10 07:00:00,2025,8,10,7,Cao Bằng,Xã Tam Kim,22.606427,106.0179879,69,Moderate,1,25.4,94,0.0,4.0,58,971.3,61,22.2,22.7,237.0,5.8,68.0,7.3
2025-08-10 08:00:00,2025,8,10,8,Cao Bằng,Xã Tam Kim,22.606427,106.0179879,70,Moderate,1,26.5,95,0.1,1.1,360,971.8,100,15.5,16.1,219.0,4.6,72.0,6.0
2025-08-10 09:00:00,2025,8,10,9,Cao Bằng,Xã Tam Kim,22.606427,106.0179879,70,Moderate,1,28.2,86,0.1,4.3,152,972.3,100,12.4,13.2,195.0,2.9,78.0,4.3
2025-08-10 10:00:00,2025,8,10,10,Cao Bằng,Xã Tam Kim,22.606427,106.0179879,70,Moderate,1,29.9,76,0.1,3.6,90,971.9,100,11.8,12.8,176.0,1.7,83.0,2.8
2025-08-10 11:00:00,2025,8,10,11,Cao Bằng,Xã Tam Kim,22.606427,106.0179879,69,Moderate,1,31.1,68,0.0,3.9,127,971.5,100,13.9,15.3,165.0,1.3,84.0,1.8
2025-08-10 12:00:00,2025,8,10,12,Cao Bằng,Xã Tam Kim,22.606427,106.0179879,69,Moderate,1,32.4,61,0.1,7.7,144,970.5,100,15.5,16.9,159.0,1.3,84.0,1.1
2025-08-10 13:00:00,2025,8,10,13,Cao Bằng,Xã Tam Kim,22.606427,106.0179879,69,Moderate,1,32.6,61,0.2,7.6,168,969.7,98,16.4,17.8,158.0,1.3,86.0,0.7
2025-08-10 14:00:00,2025,8,10,14,Cao Bằng,Xã Tam Kim,22.606427,106.0179879,69,Moderate,1,33.9,55,0.1,9.1,155,968.9,91,18.2,19.7,162.0,1.1,92.0,0.6
2025-08-10 15:00:00,2025,8,10,15,Cao Bằng,Xã Tam Kim,22.606427,106.0179879,70,Moderate,1,32.8,58,0.1,12.7,167,967.8,91,18.5,19.9,171.0,1.0,99.0,0.9
2025-08-10 16:00:00,2025,8,10,16,Cao Bằng,Xã Tam Kim,22.606427,106.0179879,70,Moderate,1,32.2,62,0.0,9.5,148,966.9,90,18.8,20.0,182.0,1.5,102.0,1.3
2025-08-10 17:00:00,2025,8,10,17,Cao Bằng,Xã Tam Kim,22.606427,106.0179879,71,Moderate,1,32.2,61,0.0,7.8,143,966.8,96,18.7,19.8,197.0,3.4,97.0,2.0
2025-08-10 18:00:00,2025,8,10,18,Cao Bằng,Xã Tam Kim,22.606427,106.0179879,71,Moderate,1,30.4,72,0.0,7.5,123,967.3,90,19.8,20.7,214.0,6.0,89.0,2.9
2025-08-10 19:00:00,2025,8,10,19,Cao Bằng,Xã Tam Kim,22.606427,106.0179879,71,Moderate,1,28.6,80,0.0,5.6,151,968.2,69,19.9,20.9,228.0,7.1,80.0,5.4
2025-08-10 20:00:00,2025,8,10,20,Cao Bằng,Xã Tam Kim,22.606427,106.0179879,71,Moderate,1,27.8,85,0.4,1.3,270,969.2,99,20.2,21.0,235.0,6.7,85.0,6.5
2025-08-10 21:00:00,2025,8,10,21,Cao Bằng,Xã Tam Kim,22.606427,106.0179879,71,Moderate,1,26.2,95,1.1,2.3,45,970.3,98,20.1,20.7,240.0,6.2,91.0,8.1
2025-08-10 22:00:00,2025,8,10,22,Cao Bằng,Xã Tam Kim,22.606427,106.0179879,70,Moderate,1,24.8,100,1.3,4.4,305,971.4,99,19.3,19.8,250.0,5.8,95.0,9.0
2025-08-10 23:00:00,2025,8,10,23,Cao Bằng,Xã Tam Kim,22.606427,106.0179879,70,Moderate,1,25.0,99,0.0,2.0,5,971.4,78,18.3,18.7,274.0,5.6,95.0,8.8
2025-08-11 00:00:00,2025,8,11,0,Cao Bằng,Xã Tam Kim,22.606427,106.0179879,69,Moderate,1,24.9,96,0.2,0.7,166,971.8,92,18.3,18.7,303.0,5.5,93.0,8.0
2025-08-11 01:00:00,2025,8,11,1,Cao Bằng,Xã Tam Kim,22.606427,106.0179879,68,Moderate,1,24.0,99,0.1,4.8,25,971.0,99,19.5,19.9,316.0,5.4,89.0,6.9
2025-08-11 02:00:00,2025,8,11,2,Cao Bằng,Xã Tam Kim,22.606427,106.0179879,67,Moderate,1,24.0,99,0.4,1.7,72,971.0,100,16.1,16.4,296.0,5.2,82.0,5.5
2025-08-11 03:00:00,2025,8,11,3,Cao Bằng,Xã Tam Kim,22.606427,106.0179879,66,Moderate,1,23.6,99,0.2,3.9,103,970.9,100,15.2,15.6,259.0,5.0,73.0,3.8
2025-08-11 04:00:00,2025,8,11,4,Cao Bằng,Xã Tam Kim,22.606427,106.0179879,65,Moderate,1,23.6,100,0.1,4.1,56,970.7,100,13.9,14.3,233.0,4.8,66.0,2.5
2025-08-11 05:00:00,2025,8,11,5,Cao Bằng,Xã Tam Kim,22.606427,106.0179879,63,Moderate,1,22.9,98,0.0,1.5,291,970.2,100,12.5,12.9,231.0,4.7,61.0,1.8
2025-08-11 06:00:00,2025,8,11,6,Cao Bằng,Xã Tam Kim,22.606427,106.0179879,62,Moderate,1,23.5,98,0.0,2.9,47,970.4,99,10.1,10.3,240.0,4.7,57.0,1.5
2025-08-11 07:00:00,2025,8,11,7,Cao Bằng,Xã Tam Kim,22.606427,106.0179879,60,Moderate,1,24.3,98,0.0,3.6,53,971.1,100,15.8,16.4,242.0,5.8,59.0,3.5
2025-08-11 08:00:00,2025,8,11,8,Cao Bằng,Xã Tam Kim,22.606427,106.0179879,60,Moderate,1,27.4,87,0.1,3.6,93,971.0,99,13.3,13.9,229.0,4.6,66.0,3.6
2025-08-11 09:00:00,2025,8,11,9,Cao Bằng,Xã Tam Kim,22.606427,106.0179879,60,Moderate,1,29.0,82,0.0,3.8,98,971.5,75,11.8,12.3,210.0,2.9,76.0,3.7
2025-08-11 10:00:00,2025,8,11,10,Cao Bằng,Xã Tam Kim,22.606427,106.0179879,60,Moderate,1,30.9,71,0.1,5.5,134,971.4,21,10.5,10.9,194.0,1.6,84.0,3.7
2025-08-11 11:00:00,2025,8,11,11,Cao Bằng,Xã Tam Kim,22.606427,106.0179879,59,Moderate,1,33.3,51,0.1,7.6,166,971.2,82,9.4,9.7,183.0,1.1,89.0,3.5
2025-08-11 12:00:00,2025,8,11,12,Cao Bằng,Xã Tam Kim,22.606427,106.0179879,59,Moderate,1,34.6,46,0.0,9.2,176,970.3,99,9.0,9.3,175.0,1.0,93.0,3.1
2025-08-11 13:00:00,2025,8,11,13,Cao Bằng,Xã Tam Kim,22.606427,106.0179879,58,Moderate,1,34.6,47,0.0,10.3,179,969.3,100,9.5,9.7,170.0,1.0,97.0,2.8
2025-08-11 14:00:00,2025,8,11,14,Cao Bằng,Xã Tam Kim,22.606427,106.0179879,58,Moderate,1,34.7,47,0.0,9.6,183,968.4,98,10.7,11.0,165.0,0.7,103.0,2.5
2025-08-11 15:00:00,2025,8,11,15,Cao Bằng,Xã Tam Kim,22.606427,106.0179879,57,Moderate,1,34.6,47,0.0,9.4,181,967.3,99,11.9,12.2,163.0,0.6,109.0,2.3
2025-08-11 16:00:00,2025,8,11,16,Cao Bằng,Xã Tam Kim,22.606427,106.0179879,57,Moderate,1,34.1,47,0.0,9.1,170,966.9,100,13.6,13.8,174.0,1.4,109.0,2.2
2025-08-11 17:00:00,2025,8,11,17,Cao Bằng,Xã Tam Kim,22.606427,106.0179879,56,Moderate,1,33.0,54,0.0,7.7,150,966.6,100,15.2,15.4,210.0,4.0,99.0,2.3
2025-08-11 18:00:00,2025,8,11,18,Cao Bằng,Xã Tam Kim,22.606427,106.0179879,56,Moderate,1,30.4,68,0.0,7.3,144,966.9,99,16.8,16.9,258.0,7.6,84.0,2.7
2025-08-11 19:00:00,2025,8,11,19,Cao Bằng,Xã Tam Kim,22.606427,106.0179879,56,Moderate,1,28.3,77,0.0,4.7,162,967.9,98,14.4,14.6,289.0,8.3,73.0,3.2
2025-08-11 20:00:00,2025,8,11,20,Cao Bằng,Xã Tam Kim,22.606427,106.0179879,55,Moderate,1,27.9,78,0.0,5.3,172,968.5,100,16.1,16.4,284.0,9.2,71.0,3.7
2025-08-11 21:00:00,2025,8,11,21,Cao Bằng,Xã Tam Kim,22.606427,106.0179879,55,Moderate,1,27.3,81,0.1,0.7,194,969.8,100,17.6,17.9,262.0,10.4,69.0,4.5
2025-08-11 22:00:00,2025,8,11,22,Cao Bằng,Xã Tam Kim,22.606427,106.0179879,55,Moderate,1,25.8,89,1.0,10.7,57,970.8,100,18.9,19.2,255.0,10.9,68.0,5.1
2025-08-11 23:00:00,2025,8,11,23,Cao Bằng,Xã Tam Kim,22.606427,106.0179879,54,Moderate,1,25.1,94,0.0,1.0,211,970.9,98,20.1,20.4,283.0,10.3,71.0,5.6
2025-08-12 00:00:00,2025,8,12,0,Cao Bằng,Xã Tam Kim,22.606427,106.0179879,55,Moderate,1,25.0,97,0.1,4.8,77,971.1,100,24.2,24.5,326.0,9.0,76.0,6.1
2025-08-12 01:00:00,2025,8,12,1,Cao Bằng,Xã Tam Kim,22.606427,106.0179879,55,Moderate,1,24.4,99,0.1,7.0,64,971.0,100,27.3,27.6,359.0,7.7,81.0,6.1
2025-08-12 02:00:00,2025,8,12,2,Cao Bằng,Xã Tam Kim,22.606427,106.0179879,56,Moderate,1,23.9,98,0.0,0.6,18,970.5,100,23.9,24.2,372.0,6.4,86.0,5.3
2025-08-12 03:00:00,2025,8,12,3,Cao Bằng,Xã Tam Kim,22.606427,106.0179879,57,Moderate,1,23.8,99,0.0,3.2,74,970.3,100,19.1,19.3,375.0,5.1,91.0,4.2
2025-08-12 04:00:00,2025,8,12,4,Cao Bằng,Xã Tam Kim,22.606427,106.0179879,57,Moderate,1,23.7,99,0.0,1.5,324,970.2,100,16.8,17.0,370.0,4.2,93.0,3.2
2025-08-12 05:00:00,2025,8,12,5,Cao Bằng,Xã Tam Kim,22.606427,106.0179879,57,Moderate,1,23.4,99,0.0,1.0,68,970.2,99,15.0,15.1,358.0,4.3,87.0,2.6
2025-08-12 06:00:00,2025,8,12,6,Cao Bằng,Xã Tam Kim,22.606427,106.0179879,57,Moderate,1,23.7,99,0.0,0.7,76,970.5,100,13.4,13.5,338.0,4.8,77.0,2.3
2025-08-12 07:00:00,2025,8,12,7,Cao Bằng,Xã Tam Kim,22.606427,106.0179879,58,Moderate,1,25.1,94,0.0,2.7,94,971.3,100,6.6,6.7,313.0,4.0,79.0,2.1
2025-08-12 08:00:00,2025,8,12,8,Cao Bằng,Xã Tam Kim,22.606427,106.0179879,57,Moderate,1,27.0,90,0.8,3.8,87,971.4,99,7.5,7.6,278.0,3.6,80.0,2.3
2025-08-12 09:00:00,2025,8,12,9,Cao Bằng,Xã Tam Kim,22.606427,106.0179879,56,Moderate,1,28.1,89,0.0,1.8,84,971.8,100,10.1,10.2,238.0,3.0,82.0,2.5
2025-08-12 10:00:00,2025,8,12,10,Cao Bằng,Xã Tam Kim,22.606427,106.0179879,56,Moderate,1,30.5,75,0.0,3.6,120,971.7,99,11.6,11.7,207.0,2.5,84.0,2.5
2025-08-12 11:00:00,2025,8,12,11,Cao Bằng,Xã Tam Kim,22.606427,106.0179879,56,Moderate,1,32.1,63,0.1,5.7,131,971.4,100,12.5,12.7,194.0,2.0,88.0,2.1
2025-08-12 12:00:00,2025,8,12,12,Cao Bằng,Xã Tam Kim,22.606427,106.0179879,57,Moderate,1,33.5,54,0.1,6.1,140,970.6,100,13.8,13.9,191.0,1.5,93.0,1.4
2025-08-12 13:00:00,2025,8,12,13,Cao Bằng,Xã Tam Kim,22.606427,106.0179879,57,Moderate,1,34.3,47,0.0,8.0,160,970.0,100,14.5,14.7,189.0,1.2,97.0,0.9
2025-08-12 14:00:00,2025,8,12,14,Cao Bằng,Xã Tam Kim,22.606427,106.0179879,57,Moderate,1,34.2,48,0.1,9.6,172,969.2,100,15.0,15.3,181.0,0.6,100.0,0.7
2025-08-12 15:00:00,2025,8,12,15,Cao Bằng,Xã Tam Kim,22.606427,106.0179879,58,Moderate,1,33.6,53,0.3,7.6,165,968.3,100,15.3,15.4,174.0,0.2,103.0,0.6
2025-08-12 16:00:00,2025,8,12,16,Cao Bằng,Xã Tam Kim,22.606427,106.0179879,58,Moderate,1,33.4,54,0.1,7.4,157,967.8,100,15.4,15.6,180.0,1.2,100.0,0.8
2025-08-12 17:00:00,2025,8,12,17,Cao Bằng,Xã Tam Kim,22.606427,106.0179879,58,Moderate,1,32.4,58,0.0,7.4,166,968.0,100,16.4,16.6,208.0,5.1,89.0,1.5
2025-08-12 18:00:00,2025,8,12,18,Cao Bằng,Xã Tam Kim,22.606427,106.0179879,58,Moderate,1,30.5,70,0.0,6.9,155,968.6,100,17.8,18.0,248.0,10.4,73.0,2.5
2025-08-12 19:00:00,2025,8,12,19,Cao Bằng,Xã Tam Kim,22.606427,106.0179879,58,Moderate,1,28.4,79,0.0,6.5,166,969.5,100,20.0,20.5,282.0,9.9,60.0,3.0
2025-08-12 20:00:00,2025,8,12,20,Cao Bằng,Xã Tam Kim,22.606427,106.0179879,59,Moderate,1,27.4,81,0.0,4.4,168,970.4,100,20.9,21.3,306.0,10.7,53.0,3.1
2025-08-12 21:00:00,2025,8,12,21,Cao Bằng,Xã Tam Kim,22.606427,106.0179879,59,Moderate,1,26.8,85,0.0,3.4,174,971.7,100,21.0,21.3,324.0,11.8,44.0,3.2
2025-08-12 22:00:00,2025,8,12,22,Cao Bằng,Xã Tam Kim,22.606427,106.0179879,60,Moderate,1,26.5,87,0.0,1.8,143,972.2,97,21.1,21.4,333.0,13.2,35.0,3.2
2025-08-12 23:00:00,2025,8,12,23,Cao Bằng,Xã Tam Kim,22.606427,106.0179879,60,Moderate,1,26.3,89,0.0,0.6,214,972.7,97,19.5,19.8,329.0,15.5,28.0,3.0
2025-08-13 00:00:00,2025,8,13,0,Cao Bằng,Xã Tam Kim,22.606427,106.0179879,60,Moderate,1,25.8,92,0.0,1.8,66,972.5,98,20.3,20.5,316.0,18.1,22.0,2.7
2025-08-13 01:00:00,2025,8,13,1,Cao Bằng,Xã Tam Kim,22.606427,106.0179879,59,Moderate,1,24.7,99,3.0,2.3,86,972.3,100,22.9,23.2,308.0,18.9,20.0,2.3
2025-08-13 02:00:00,2025,8,13,2,Cao Bằng,Xã Tam Kim,22.606427,106.0179879,59,Moderate,1,24.6,100,0.2,3.6,307,972.1,100,24.5,24.8,312.0,16.4,23.0,1.9
2025-08-13 03:00:00,2025,8,13,3,Cao Bằng,Xã Tam Kim,22.606427,106.0179879,59,Moderate,1,24.5,98,0.3,2.7,298,971.6,100,21.9,22.1,321.0,12.2,30.0,1.4
2025-08-13 04:00:00,2025,8,13,4,Cao Bằng,Xã Tam Kim,22.606427,106.0179879,59,Moderate,1,24.7,94,0.0,0.6,236,971.7,100,19.9,20.1,329.0,8.6,38.0,1.1
2025-08-13 05:00:00,2025,8,13,5,Cao Bằng,Xã Tam Kim,22.606427,106.0179879,60,Moderate,1,24.8,93,0.0,0.9,143,972.0,94,19.2,19.3,337.0,6.8,44.0,1.2
2025-08-13 06:00:00,2025,8,13,6,Cao Bằng,Xã Tam Kim,22.606427,106.0179879,60,Moderate,1,24.9,93,0.0,0.6,326,971.9,48,19.2,19.4,344.0,5.7,51.0,1.4
2025-08-13 07:00:00,2025,8,13,7,Cao Bằng,Xã Tam Kim,22.606427,106.0179879,61,Moderate,1,25.2,99,0.0,1.6,96,972.8,46,8.7,8.8,339.0,4.9,59.0,2.0
2025-08-13 08:00:00,2025,8,13,8,Cao Bằng,Xã Tam Kim,22.606427,106.0179879,61,Moderate,1,28.1,83,0.0,2.0,350,973.2,100,9.8,10.0,311.0,3.8,73.0,2.2
2025-08-13 09:00:00,2025,8,13,9,Cao Bằng,Xã Tam Kim,22.606427,106.0179879,61,Moderate,1,29.4,76,0.1,1.3,34,973.8,100,9.4,9.5,271.0,2.4,92.0,2.5
2025-08-13 10:00:00,2025,8,13,10,Cao Bằng,Xã Tam Kim,22.606427,106.0179879,61,Moderate,1,30.5,71,0.1,1.9,49,973.7,100,9.0,9.2,239.0,1.3,105.0,2.7
2025-08-13 11:00:00,2025,8,13,11,Cao Bằng,Xã Tam Kim,22.606427,106.0179879,61,Moderate,1,31.8,63,0.1,3.4,16,973.1,100,8.9,9.0,222.0,0.9,107.0,2.7
2025-08-13 12:00:00,2025,8,13,12,Cao Bằng,Xã Tam Kim,22.606427,106.0179879,60,Moderate,1,32.7,57,0.0,4.5,50,972.0,100,9.3,9.4,214.0,0.9,103.0,2.5
2025-08-13 13:00:00,2025,8,13,13,Cao Bằng,Xã Tam Kim,22.606427,106.0179879,60,Moderate,1,32.6,57,0.1,2.4,107,970.5,100,9.3,9.4,209.0,1.0,100.0,2.4
2025-08-13 14:00:00,2025,8,13,14,Cao Bằng,Xã Tam Kim,22.606427,106.0179879,59,Moderate,1,33.1,54,0.0,3.7,14,970.1,97,9.3,9.4,203.0,0.8,101.0,2.3
2025-08-13 15:00:00,2025,8,13,15,Cao Bằng,Xã Tam Kim,22.606427,106.0179879,59,Moderate,1,33.5,53,0.0,7.2,19,969.5,99,9.7,9.9,200.0,0.7,103.0,2.2
2025-08-13 16:00:00,2025,8,13,16,Cao Bằng,Xã Tam Kim,22.606427,106.0179879,58,Moderate,1,32.1,56,0.0,8.1,3,969.1,87,10.2,10.3,216.0,1.4,100.0,2.2
2025-08-13 17:00:00,2025,8,13,17,Cao Bằng,Xã Tam Kim,22.606427,106.0179879,58,Moderate,1,31.3,61,0.0,9.2,286,969.1,93,11.4,11.6,268.0,3.7,90.0,2.4
2025-08-13 18:00:00,2025,8,13,18,Cao Bằng,Xã Tam Kim,22.606427,106.0179879,58,Moderate,1,29.8,69,0.0,6.8,259,969.0,98,13.3,13.4,338.0,6.8,75.0,2.8
2025-08-13 19:00:00,2025,8,13,19,Cao Bằng,Xã Tam Kim,22.606427,106.0179879,57,Moderate,1,27.6,80,0.0,4.4,240,969.3,100,13.2,13.3,386.0,9.0,61.0,2.8
2025-08-13 20:00:00,2025,8,13,20,Cao Bằng,Xã Tam Kim,22.606427,106.0179879,57,Moderate,1,27.3,85,0.0,2.1,239,969.9,99,13.1,13.3,391.0,8.6,57.0,2.8
2025-08-13 21:00:00,2025,8,13,21,Cao Bằng,Xã Tam Kim,22.606427,106.0179879,56,Moderate,1,27.3,83,0.0,0.9,233,970.6,99,13.1,13.2,374.0,8.1,52.0,2.8
2025-08-13 22:00:00,2025,8,13,22,Cao Bằng,Xã Tam Kim,22.606427,106.0179879,55,Moderate,1,27.5,79,0.0,0.5,270,971.4,91,13.3,13.4,351.0,7.9,47.0,2.7
2025-08-13 23:00:00,2025,8,13,23,Cao Bằng,Xã Tam Kim,22.606427,106.0179879,54,Moderate,1,26.8,83,0.0,3.3,13,971.5,66,14.0,14.1,324.0,8.3,42.0,2.5
2025-08-14 00:00:00,2025,8,14,0,Cao Bằng,Xã Tam Kim,22.606427,106.0179879,54,Moderate,1,26.3,88,0.0,3.1,320,971.1,39,14.7,14.8,291.0,9.1,36.0,2.3
2025-08-14 01:00:00,2025,8,14,1,Cao Bằng,Xã Tam Kim,22.606427,106.0179879,53,Moderate,1,25.7,88,0.0,2.0,260,970.8,85,15.1,15.3,270.0,9.6,32.0,2.1
2025-08-14 02:00:00,2025,8,14,2,Cao Bằng,Xã Tam Kim,22.606427,106.0179879,53,Moderate,1,25.4,88,0.0,0.9,259,970.4,94,15.8,16.0,270.0,9.7,29.0,1.9
2025-08-14 03:00:00,2025,8,14,3,Cao Bằng,Xã Tam Kim,22.606427,106.0179879,52,Moderate,1,24.5,94,1.9,3.3,229,970.4,60,16.4,16.6,280.0,9.5,28.0,1.7
2025-08-14 04:00:00,2025,8,14,4,Cao Bằng,Xã Tam Kim,22.606427,106.0179879,52,Moderate,1,24.6,92,0.0,0.6,236,970.0,40,16.9,17.1,288.0,9.0,29.0,1.6
2025-08-14 05:00:00,2025,8,14,5,Cao Bằng,Xã Tam Kim,22.606427,106.0179879,51,Moderate,1,24.2,91,0.0,0.4,243,970.0,93,16.9,17.1,289.0,8.2,33.0,1.5
2025-08-14 06:00:00,2025,8,14,6,Cao Bằng,Xã Tam Kim,22.606427,106.0179879,51,Moderate,1,24.5,93,0.0,1.1,288,970.5,97,14.0,14.2,287.0,7.1,39.0,1.4
2025-08-14 07:00:00,2025,8,14,7,Cao Bằng,Xã Tam Kim,22.606427,106.0179879,51,Moderate,1,25.3,96,0.0,1.8,37,970.9,32,8.4,8.7,282.0,4.3,67.0,1.2
2025-08-14 08:00:00,2025,8,14,8,Cao Bằng,Xã Tam Kim,22.606427,106.0179879,51,Moderate,1,28.1,77,0.0,2.2,14,971.0,89,8.9,9.2,272.0,3.5,77.0,1.3
2025-08-14 09:00:00,2025,8,14,9,Cao Bằng,Xã Tam Kim,22.606427,106.0179879,50,Good,0,30.2,68,0.0,1.5,7,971.6,67,10.5,10.9,259.0,2.4,91.0,1.6
2025-08-14 10:00:00,2025,8,14,10,Cao Bằng,Xã Tam Kim,22.606427,106.0179879,51,Moderate,1,31.7,60,0.1,3.6,37,971.8,83,10.4,11.0,245.0,1.5,103.0,1.7
2025-08-14 11:00:00,2025,8,14,11,Cao Bằng,Xã Tam Kim,22.606427,106.0179879,51,Moderate,1,32.7,55,0.0,2.1,52,971.1,82,10.3,11.0,228.0,1.1,109.0,1.7
2025-08-14 12:00:00,2025,8,14,12,Cao Bằng,Xã Tam Kim,22.606427,106.0179879,51,Moderate,1,34.1,47,0.0,3.8,59,970.0,89,10.7,11.4,209.0,1.0,113.0,1.7
2025-08-14 13:00:00,2025,8,14,13,Cao Bằng,Xã Tam Kim,22.606427,106.0179879,51,Moderate,1,31.1,63,0.5,11.4,33,969.1,100,11.6,12.4,196.0,1.0,116.0,1.7
2025-08-14 14:00:00,2025,8,14,14,Cao Bằng,Xã Tam Kim,22.606427,106.0179879,51,Moderate,1,32.8,53,0.0,3.1,315,968.5,100,13.0,13.9,189.0,0.9,120.0,1.6
2025-08-14 15:00:00,2025,8,14,15,Cao Bằng,Xã Tam Kim,22.606427,106.0179879,51,Moderate,1,33.0,52,0.0,3.6,81,967.9,99,14.1,15.0,187.0,0.9,123.0,1.4
2025-08-14 16:00:00,2025,8,14,16,Cao Bằng,Xã Tam Kim,22.606427,106.0179879,52,Moderate,1,32.4,56,0.1,6.9,99,967.0,100,15.1,15.9,199.0,1.6,120.0,1.4
2025-08-14 17:00:00,2025,8,14,17,Cao Bằng,Xã Tam Kim,22.606427,106.0179879,57,Moderate,1,31.5,61,0.0,4.5,90,967.1,100,15.7,16.5,237.0,3.4,107.0,1.6
2025-08-14 18:00:00,2025,8,14,18,Cao Bằng,Xã Tam Kim,22.606427,106.0179879,60,Moderate,1,30.0,72,0.0,5.2,59,967.6,100,15.2,15.8,289.0,6.0,89.0,1.9
2025-08-14 19:00:00,2025,8,14,19,Cao Bằng,Xã Tam Kim,22.606427,106.0179879,57,Moderate,1,29.2,77,0.0,1.0,31,968.3,99,14.4,15.0,327.0,8.0,74.0,2.3
2025-08-14 20:00:00,2025,8,14,20,Cao Bằng,Xã Tam Kim,22.606427,106.0179879,53,Moderate,1,27.5,87,0.0,6.2,322,968.8,100,15.3,15.9,344.0,10.2,64.0,2.8
2025-08-14 21:00:00,2025,8,14,21,Cao Bằng,Xã Tam Kim,22.606427,106.0179879,53,Moderate,1,27.1,89,0.0,5.8,344,969.1,100,16.2,16.9,348.0,13.2,52.0,3.4
2025-08-14 22:00:00,2025,8,14,22,Cao Bằng,Xã Tam Kim,22.606427,106.0179879,53,Moderate,1,26.6,92,0.0,0.8,117,969.5,100,17.8,18.4,335.0,14.8,43.0,3.7
2025-08-14 23:00:00,2025,8,14,23,Cao Bằng,Xã Tam Kim,22.606427,106.0179879,54,Moderate,1,23.9,99,6.7,7.8,209,970.4,100,18.5,19.0,292.0,14.0,43.0,3.3
2025-08-15 00:00:00,2025,8,15,0,Cao Bằng,Xã Tam Kim,22.606427,106.0179879,54,Moderate,1,24.2,98,0.6,3.6,221,970.4,100,16.4,16.9,232.0,11.8,47.0,2.5
2025-08-15 01:00:00,2025,8,15,1,Cao Bằng,Xã Tam Kim,22.606427,106.0179879,54,Moderate,1,24.5,98,0.3,0.8,63,969.2,100,8.7,9.0,189.0,9.6,52.0,1.8
2025-08-15 02:00:00,2025,8,15,2,Cao Bằng,Xã Tam Kim,22.606427,106.0179879,54,Moderate,1,24.0,99,0.2,4.3,33,968.8,100,7.5,7.8,178.0,7.6,59.0,1.4
2025-08-15 03:00:00,2025,8,15,3,Cao Bằng,Xã Tam Kim,22.606427,106.0179879,53,Moderate,1,23.5,100,0.6,5.9,142,969.1,100,6.6,6.9,185.0,5.6,67.0,1.1
2025-08-15 04:00:00,2025,8,15,4,Cao Bằng,Xã Tam Kim,22.606427,106.0179879,52,Moderate,1,23.5,98,2.8,1.2,27,969.2,100,3.8,3.9,198.0,4.2,73.0,0.9
2025-08-15 05:00:00,2025,8,15,5,Cao Bằng,Xã Tam Kim,22.606427,106.0179879,51,Moderate,1,23.5,99,0.9,1.6,27,969.6,100,4.2,4.4,218.0,3.9,75.0,0.9
2025-08-15 06:00:00,2025,8,15,6,Cao Bằng,Xã Tam Kim,22.606427,106.0179879,50,Good,0,23.3,99,1.3,2.4,306,969.0,100,3.4,3.5,243.0,4.3,75.0,1.1
2025-08-15 07:00:00,2025,8,15,7,Cao Bằng,Xã Tam Kim,22.606427,106.0179879,48,Good,0,23.5,99,0.8,2.4,132,969.9,100,3.9,3.9,263.0,5.1,62.0,2.9
2025-08-15 08:00:00,2025,8,15,8,Cao Bằng,Xã Tam Kim,22.606427,106.0179879,47,Good,0,23.5,96,1.3,3.1,234,970.5,100,5.1,5.1,272.0,5.0,65.0,3.2
2025-08-15 09:00:00,2025,8,15,9,Cao Bằng,Xã Tam Kim,22.606427,106.0179879,47,Good,0,23.6,97,2.0,0.9,180,971.3,100,6.4,6.4,275.0,4.9,69.0,3.7
2025-08-15 10:00:00,2025,8,15,10,Cao Bằng,Xã Tam Kim,22.606427,106.0179879,46,Good,0,23.8,99,1.8,0.8,63,971.9,100,6.8,6.8,272.0,4.8,73.0,4.2
2025-08-15 11:00:00,2025,8,15,11,Cao Bằng,Xã Tam Kim,22.606427,106.0179879,45,Good,0,24.1,96,1.5,2.8,75,971.8,100,7.2,7.2,260.0,4.7,75.0,4.8
2025-08-15 12:00:00,2025,8,15,12,Cao Bằng,Xã Tam Kim,22.606427,106.0179879,45,Good,0,24.9,95,1.0,2.3,113,971.4,100,7.0,7.0,243.0,4.6,76.0,5.3
2025-08-15 13:00:00,2025,8,15,13,Cao Bằng,Xã Tam Kim,22.606427,106.0179879,44,Good,0,25.9,92,0.4,3.1,90,970.5,100,6.4,6.4,227.0,4.5,77.0,5.7
2025-08-15 14:00:00,2025,8,15,14,Cao Bằng,Xã Tam Kim,22.606427,106.0179879,43,Good,0,27.4,83,0.1,2.9,86,969.9,100,6.6,6.6,214.0,4.1,78.0,5.7
2025-08-15 15:00:00,2025,8,15,15,Cao Bằng,Xã Tam Kim,22.606427,106.0179879,42,Good,0,28.3,76,0.0,4.5,95,969.4,100,7.0,7.0,203.0,3.7,78.0,5.4
2025-08-15 16:00:00,2025,8,15,16,Cao Bằng,Xã Tam Kim,22.606427,106.0179879,41,Good,0,28.5,73,0.2,6.4,106,969.4,100,7.3,7.3,201.0,4.1,76.0,5.2
2025-08-15 17:00:00,2025,8,15,17,Cao Bằng,Xã Tam Kim,22.606427,106.0179879,39,Good,0,24.8,94,2.5,1.8,246,969.9,100,7.2,7.3,216.0,6.1,68.0,5.1
2025-08-15 18:00:00,2025,8,15,18,Cao Bằng,Xã Tam Kim,22.606427,106.0179879,38,Good,0,23.8,99,0.4,6.3,283,970.2,100,7.9,7.9,241.0,8.9,58.0,5.1
2025-08-15 19:00:00,2025,8,15,19,Cao Bằng,Xã Tam Kim,22.606427,106.0179879,37,Good,0,23.6,99,0.2,8.0,297,970.8,100,12.5,12.6,256.0,10.3,59.0,4.7
2025-08-15 20:00:00,2025,8,15,20,Cao Bằng,Xã Tam Kim,22.606427,106.0179879,36,Good,0,23.8,96,0.9,4.9,278,971.9,100,13.7,13.8,252.0,11.9,50.0,4.7
2025-08-15 21:00:00,2025,8,15,21,Cao Bằng,Xã Tam Kim,22.606427,106.0179879,36,Good,0,23.7,98,0.0,3.1,270,972.4,100,14.6,14.6,239.0,14.1,39.0,4.7
2025-08-15 22:00:00,2025,8,15,22,Cao Bằng,Xã Tam Kim,22.606427,106.0179879,36,Good,0,24.0,94,0.0,1.8,174,973.2,100,15.3,15.3,227.0,15.0,32.0,4.6
2025-08-15 23:00:00,2025,8,15,23,Cao Bằng,Xã Tam Kim,22.606427,106.0179879,35,Good,0,23.4,98,0.3,3.2,146,973.5,100,14.3,14.3,223.0,13.5,34.0,4.3
2025-08-16 00:00:00,2025,8,16,0,Cao Bằng,Xã Tam Kim,22.606427,106.0179879,35,Good,0,22.9,98,0.8,3.5,171,973.6,100,9.1,9.1,220.0,10.8,41.0,3.9
2025-08-16 01:00:00,2025,8,16,1,Cao Bằng,Xã Tam Kim,22.606427,106.0179879,33,Good,0,22.6,99,0.8,4.1,203,973.2,98,6.4,6.4,215.0,8.5,47.0,3.4
2025-08-16 02:00:00,2025,8,16,2,Cao Bằng,Xã Tam Kim,22.606427,106.0179879,33,Good,0,22.5,98,1.0,3.0,245,972.7,100,5.6,5.6,203.0,7.1,50.0,2.8
2025-08-16 03:00:00,2025,8,16,3,Cao Bằng,Xã Tam Kim,22.606427,106.0179879,33,Good,0,22.6,97,0.3,3.6,267,972.6,100,5.8,5.9,188.0,6.0,52.0,2.0
2025-08-16 04:00:00,2025,8,16,4,Cao Bằng,Xã Tam Kim,22.606427,106.0179879,33,Good,0,22.6,98,0.1,2.4,287,972.6,100,4.8,4.8,179.0,5.2,54.0,1.5
2025-08-16 05:00:00,2025,8,16,5,Cao Bằng,Xã Tam Kim,22.606427,106.0179879,33,Good,0,22.5,98,0.1,5.0,291,972.9,100,4.4,4.4,181.0,4.6,55.0,1.3
2025-08-16 06:00:00,2025,8,16,6,Cao Bằng,Xã Tam Kim,22.606427,106.0179879,33,Good,0,22.6,98,0.1,4.8,285,973.2,100,4.0,4.0,188.0,4.2,56.0,1.4
2025-08-16 07:00:00,2025,8,16,7,Cao Bằng,Xã Tam Kim,22.606427,106.0179879,33,Good,0,23.0,97,0.0,4.4,305,974.1,100,2.4,2.4,189.0,4.9,48.0,1.5
2025-08-16 08:00:00,2025,8,16,8,Cao Bằng,Xã Tam Kim,22.606427,106.0179879,33,Good,0,23.3,95,0.1,5.1,252,974.3,89,1.9,2.0,178.0,4.2,51.0,1.2
2025-08-16 09:00:00,2025,8,16,9,Cao Bằng,Xã Tam Kim,22.606427,106.0179879,32,Good,0,24.4,85,0.2,3.9,257,974.8,90,2.5,2.6,161.0,3.1,55.0,0.9
2025-08-16 10:00:00,2025,8,16,10,Cao Bằng,Xã Tam Kim,22.606427,106.0179879,31,Good,0,26.1,77,0.1,0.7,346,975.2,60,3.4,3.5,148.0,2.3,58.0,0.6
2025-08-16 11:00:00,2025,8,16,11,Cao Bằng,Xã Tam Kim,22.606427,106.0179879,31,Good,0,27.0,77,0.2,1.5,30,974.6,95,3.4,3.6,144.0,1.9,59.0,0.5
2025-08-16 12:00:00,2025,8,16,12,Cao Bằng,Xã Tam Kim,22.606427,106.0179879,30,Good,0,27.8,73,0.1,3.1,298,973.6,21,3.1,3.3,145.0,1.7,58.0,0.5
2025-08-16 13:00:00,2025,8,16,13,Cao Bằng,Xã Tam Kim,22.606427,106.0179879,29,Good,0,30.0,65,0.2,6.2,136,972.7,61,3.2,3.4,144.0,1.5,59.0,0.5
2025-08-16 14:00:00,2025,8,16,14,Cao Bằng,Xã Tam Kim,22.606427,106.0179879,29,Good,0,26.7,80,1.4,5.3,147,972.8,54,3.9,4.1,136.0,1.0,63.0,0.5
2025-08-16 15:00:00,2025,8,16,15,Cao Bằng,Xã Tam Kim,22.606427,106.0179879,28,Good,0,28.4,70,0.1,1.2,117,971.7,31,4.6,4.7,128.0,0.5,68.0,0.6
2025-08-16 16:00:00,2025,8,16,16,Cao Bằng,Xã Tam Kim,22.606427,106.0179879,28,Good,0,28.6,70,0.2,1.5,210,971.2,44,4.8,4.9,131.0,1.3,70.0,0.9
2025-08-16 17:00:00,2025,8,16,17,Cao Bằng,Xã Tam Kim,22.606427,106.0179879,28,Good,0,26.7,80,0.5,5.1,72,971.3,66,5.3,5.5,159.0,4.3,65.0,1.5
2025-08-16 18:00:00,2025,8,16,18,Cao Bằng,Xã Tam Kim,22.606427,106.0179879,29,Good,0,25.3,91,0.1,4.6,283,972.1,67,6.1,6.2,198.0,8.6,56.0,2.2
2025-08-16 19:00:00,2025,8,16,19,Cao Bằng,Xã Tam Kim,22.606427,106.0179879,29,Good,0,24.1,95,0.0,6.2,287,972.9,91,8.8,8.9,227.0,10.9,37.0,2.2
2025-08-16 20:00:00,2025,8,16,20,Cao Bằng,Xã Tam Kim,22.606427,106.0179879,28,Good,0,22.9,98,0.0,4.6,296,974.0,15,10.7,10.9,236.0,14.4,30.0,2.7
2025-08-16 21:00:00,2025,8,16,21,Cao Bằng,Xã Tam Kim,22.606427,106.0179879,26,Good,0,22.5,95,0.0,3.2,297,974.6,13,12.5,12.6,233.0,19.1,20.0,3.4
2025-08-16 22:00:00,2025,8,16,22,Cao Bằng,Xã Tam Kim,22.606427,106.0179879,25,Good,0,22.5,94,0.0,3.8,287,974.9,10,14.2,14.4,224.0,21.5,14.0,3.7
2025-08-16 23:00:00,2025,8,16,23,Cao Bằng,Xã Tam Kim,22.606427,106.0179879,25,Good,0,22.6,92,0.0,3.5,291,974.9,6,14.4,14.6,206.0,19.6,14.0,3.3
2025-08-17 00:00:00,2025,8,17,0,Cao Bằng,Xã Tam Kim,22.606427,106.0179879,25,Good,0,22.3,92,0.0,3.9,294,974.4,0,12.5,12.7,182.0,15.4,17.0,2.6
2025-08-17 01:00:00,2025,8,17,1,Cao Bằng,Xã Tam Kim,22.606427,106.0179879,26,Good,0,22.5,89,0.0,2.0,280,973.8,10,11.1,11.2,161.0,12.0,20.0,2.0
2025-08-17 02:00:00,2025,8,17,2,Cao Bằng,Xã Tam Kim,22.606427,106.0179879,27,Good,0,22.5,88,0.0,2.9,292,973.4,13,10.5,10.6,143.0,10.6,20.0,1.8
2025-08-17 03:00:00,2025,8,17,3,Cao Bằng,Xã Tam Kim,22.606427,106.0179879,27,Good,0,22.1,90,0.0,4.0,302,973.1,40,10.1,10.2,127.0,10.0,21.0,1.7
2025-08-17 04:00:00,2025,8,17,4,Cao Bằng,Xã Tam Kim,22.606427,106.0179879,28,Good,0,22.1,90,0.0,3.9,307,973.2,88,8.9,9.1,125.0,9.1,23.0,1.7
2025-08-17 05:00:00,2025,8,17,5,Cao Bằng,Xã Tam Kim,22.606427,106.0179879,29,Good,0,22.1,90,0.0,3.8,311,973.4,84,6.3,6.4,148.0,7.5,28.0,1.8
2025-08-17 06:00:00,2025,8,17,6,Cao Bằng,Xã Tam Kim,22.606427,106.0179879,29,Good,0,21.9,92,0.0,6.4,306,973.6,90,5.6,5.7,185.0,5.7,36.0,2.1
2025-08-17 07:00:00,2025,8,17,7,Cao Bằng,Xã Tam Kim,22.606427,106.0179879,30,Good,0,23.3,91,0.0,6.1,294,974.6,48,0.6,0.6,204.0,5.2,42.0,2.3
2025-08-17 08:00:00,2025,8,17,8,Cao Bằng,Xã Tam Kim,22.606427,106.0179879,29,Good,0,24.3,90,0.1,3.5,215,975.4,47,1.9,1.9,187.0,4.0,58.0,2.8
2025-08-17 09:00:00,2025,8,17,9,Cao Bằng,Xã Tam Kim,22.606427,106.0179879,29,Good,0,25.8,80,0.1,4.2,245,975.9,48,2.5,2.5,153.0,2.4,79.0,3.4
2025-08-17 10:00:00,2025,8,17,10,Cao Bằng,Xã Tam Kim,22.606427,106.0179879,29,Good,0,28.7,64,0.0,5.4,326,975.9,99,4.5,4.5,131.0,1.2,95.0,3.7
2025-08-17 11:00:00,2025,8,17,11,Cao Bằng,Xã Tam Kim,22.606427,106.0179879,29,Good,0,29.9,61,0.3,4.6,39,975.5,99,6.4,6.4,134.0,0.8,99.0,3.4
2025-08-17 12:00:00,2025,8,17,12,Cao Bằng,Xã Tam Kim,22.606427,106.0179879,30,Good,0,31.0,60,0.2,3.5,51,974.9,95,6.2,6.3,148.0,0.8,97.0,2.8
2025-08-17 13:00:00,2025,8,17,13,Cao Bằng,Xã Tam Kim,22.606427,106.0179879,31,Good,0,31.7,56,0.0,6.2,36,973.3,77,6.5,6.5,160.0,0.9,95.0,2.4
2025-08-17 14:00:00,2025,8,17,14,Cao Bằng,Xã Tam Kim,22.606427,106.0179879,35,Good,0,32.0,53,0.0,6.7,31,972.2,100,6.6,6.6,158.0,0.4,97.0,2.2
2025-08-17 15:00:00,2025,8,17,15,Cao Bằng,Xã Tam Kim,22.606427,106.0179879,38,Good,0,32.1,53,0.0,6.2,33,971.4,98,6.8,6.8,154.0,0.1,100.0,2.1
2025-08-17 16:00:00,2025,8,17,16,Cao Bằng,Xã Tam Kim,22.606427,106.0179879,42,Good,0,31.8,56,0.3,5.6,50,971.2,89,7.1,7.1,168.0,1.3,98.0,2.3
2025-08-17 17:00:00,2025,8,17,17,Cao Bằng,Xã Tam Kim,22.606427,106.0179879,44,Good,0,30.2,65,0.1,4.8,158,971.4,59,7.6,7.6,222.0,5.4,87.0,2.9
2025-08-17 18:00:00,2025,8,17,18,Cao Bằng,Xã Tam Kim,22.606427,106.0179879,45,Good,0,27.9,79,0.0,6.2,249,971.5,53,9.4,9.4,294.0,11.1,72.0,3.7
2025-08-17 19:00:00,2025,8,17,19,Cao Bằng,Xã Tam Kim,22.606427,106.0179879,43,Good,0,26.0,85,0.0,6.3,250,971.9,14,19.9,19.9,338.0,17.5,48.0,4.5
2025-08-17 20:00:00,2025,8,17,20,Cao Bằng,Xã Tam Kim,22.606427,106.0179879,40,Good,0,27.1,78,0.0,2.2,9,972.9,100,21.8,21.8,329.0,20.5,41.0,5.0
2025-08-17 21:00:00,2025,8,17,21,Cao Bằng,Xã Tam Kim,22.606427,106.0179879,37,Good,0,26.3,82,0.0,0.6,304,973.3,100,23.3,23.3,291.0,24.5,32.0,5.7
2025-08-17 22:00:00,2025,8,17,22,Cao Bằng,Xã Tam Kim,22.606427,106.0179879,39,Good,0,25.3,85,0.0,2.8,305,973.8,100,24.2,24.2,253.0,26.0,26.0,5.9
2025-08-17 23:00:00,2025,8,17,23,Cao Bằng,Xã Tam Kim,22.606427,106.0179879,41,Good,0,24.3,86,0.0,4.6,321,973.5,100,22.6,22.6,221.0,22.9,26.0,5.1
2025-08-18 00:00:00,2025,8,18,0,Cao Bằng,Xã Tam Kim,22.606427,106.0179879,42,Good,0,24.4,83,0.0,5.1,293,973.0,100,19.9,20.0,188.0,17.5,30.0,3.9
2025-08-18 01:00:00,2025,8,18,1,Cao Bằng,Xã Tam Kim,22.606427,106.0179879,43,Good,0,23.5,85,0.0,3.4,65,972.8,100,18.1,18.2,166.0,12.8,34.0,2.9
2025-08-18 02:00:00,2025,8,18,2,Cao Bằng,Xã Tam Kim,22.606427,106.0179879,45,Good,0,21.9,98,2.0,11.2,254,972.8,100,17.1,17.1,160.0,10.1,37.0,2.4
2025-08-18 03:00:00,2025,8,18,3,Cao Bằng,Xã Tam Kim,22.606427,106.0179879,46,Good,0,22.3,95,0.1,5.6,277,972.5,100,15.8,15.9,164.0,8.2,40.0,2.2
2025-08-18 04:00:00,2025,8,18,4,Cao Bằng,Xã Tam Kim,22.606427,106.0179879,47,Good,0,22.1,97,0.0,7.0,305,972.7,100,13.5,13.6,171.0,6.7,44.0,2.1
2025-08-18 05:00:00,2025,8,18,5,Cao Bằng,Xã Tam Kim,22.606427,106.0179879,48,Good,0,22.0,96,0.0,8.6,300,972.8,100,10.7,10.8,183.0,5.6,47.0,2.2
2025-08-18 06:00:00,2025,8,18,6,Cao Bằng,Xã Tam Kim,22.606427,106.0179879,48,Good,0,22.1,96,0.0,10.2,307,972.6,100,8.1,8.1,198.0,4.8,51.0,2.5
2025-08-18 07:00:00,2025,8,18,7,Cao Bằng,Xã Tam Kim,22.606427,106.0179879,49,Good,0,23.6,93,0.0,9.9,315,973.1,76,11.1,11.1,202.0,5.2,53.0,2.8
2025-08-18 08:00:00,2025,8,18,8,Cao Bằng,Xã Tam Kim,22.606427,106.0179879,50,Good,0,26.8,75,0.0,9.7,326,973.5,98,11.2,11.3,186.0,4.0,65.0,2.6
2025-08-18 09:00:00,2025,8,18,9,Cao Bằng,Xã Tam Kim,22.606427,106.0179879,51,Moderate,1,29.1,64,0.0,10.4,323,973.7,98,9.9,10.0,159.0,2.3,81.0,2.4
2025-08-18 10:00:00,2025,8,18,10,Cao Bằng,Xã Tam Kim,22.606427,106.0179879,52,Moderate,1,31.0,59,0.0,9.5,360,973.7,97,7.6,7.7,140.0,1.1,91.0,2.2
2025-08-18 11:00:00,2025,8,18,11,Cao Bằng,Xã Tam Kim,22.606427,106.0179879,52,Moderate,1,25.2,95,4.8,11.5,112,973.0,100,6.0,6.1,137.0,0.9,88.0,1.9
2025-08-18 12:00:00,2025,8,18,12,Cao Bằng,Xã Tam Kim,22.606427,106.0179879,52,Moderate,1,25.1,95,4.7,10.0,216,972.6,100,5.6,5.6,141.0,1.2,78.0,1.7
2025-08-18 13:00:00,2025,8,18,13,Cao Bằng,Xã Tam Kim,22.606427,106.0179879,52,Moderate,1,27.5,80,0.1,9.2,281,971.4,65,5.6,5.6,146.0,1.5,72.0,1.5
2025-08-18 14:00:00,2025,8,18,14,Cao Bằng,Xã Tam Kim,22.606427,106.0179879,52,Moderate,1,29.8,68,0.0,8.3,319,970.4,95,5.7,5.7,149.0,1.2,76.0,1.6
2025-08-18 15:00:00,2025,8,18,15,Cao Bằng,Xã Tam Kim,22.606427,106.0179879,52,Moderate,1,27.7,85,6.7,7.1,81,969.6,100,6.0,6.0,153.0,0.8,84.0,1.7
2025-08-18 16:00:00,2025,8,18,16,Cao Bằng,Xã Tam Kim,22.606427,106.0179879,52,Moderate,1,25.4,94,1.1,10.3,221,969.5,100,6.0,6.1,160.0,1.3,86.0,1.9
2025-08-18 17:00:00,2025,8,18,17,Cao Bằng,Xã Tam Kim,22.606427,106.0179879,52,Moderate,1,24.9,98,4.3,5.2,211,970.2,100,6.5,6.5,173.0,3.3,78.0,2.0
2025-08-18 18:00:00,2025,8,18,18,Cao Bằng,Xã Tam Kim,22.606427,106.0179879,52,Moderate,1,24.5,97,0.3,6.8,273,970.4,100,6.3,6.3,188.0,6.2,65.0,2.2
2025-08-18 19:00:00,2025,8,18,19,Cao Bằng,Xã Tam Kim,22.606427,106.0179879,51,Moderate,1,23.9,96,0.1,5.9,288,970.9,100,9.1,9.2,196.0,8.6,46.0,2.8
2025-08-18 20:00:00,2025,8,18,20,Cao Bằng,Xã Tam Kim,22.606427,106.0179879,50,Good,0,23.1,96,0.3,7.2,271,971.5,100,8.8,8.9,190.0,8.6,43.0,2.8
2025-08-18 21:00:00,2025,8,18,21,Cao Bằng,Xã Tam Kim,22.606427,106.0179879,48,Good,0,22.9,97,0.1,9.8,283,971.6,100,8.3,8.4,177.0,8.6,40.0,2.8
2025-08-18 22:00:00,2025,8,18,22,Cao Bằng,Xã Tam Kim,22.606427,106.0179879,46,Good,0,23.4,92,0.0,2.1,285,972.0,100,8.1,8.1,164.0,8.4,37.0,2.7
2025-08-18 23:00:00,2025,8,18,23,Cao Bằng,Xã Tam Kim,22.606427,106.0179879,43,Good,0,23.5,93,1.1,2.6,282,972.2,100,7.9,7.9,155.0,7.9,36.0,2.6
2025-08-19 00:00:00,2025,8,19,0,Cao Bằng,Xã Tam Kim,22.606427,106.0179879,40,Good,0,23.3,94,5.2,3.9,294,971.7,100,7.5,7.6,147.0,7.2,36.0,2.4
2025-08-19 01:00:00,2025,8,19,1,Cao Bằng,Xã Tam Kim,22.606427,106.0179879,38,Good,0,23.1,96,4.8,5.9,301,970.9,100,6.8,6.9,140.0,6.5,36.0,2.2
2025-08-19 02:00:00,2025,8,19,2,Cao Bằng,Xã Tam Kim,22.606427,106.0179879,36,Good,0,23.2,96,2.0,4.0,300,970.4,100,6.1,6.1,133.0,5.9,36.0,2.1
2025-08-19 03:00:00,2025,8,19,3,Cao Bằng,Xã Tam Kim,22.606427,106.0179879,34,Good,0,23.3,96,1.6,3.7,305,970.3,100,5.6,5.6,127.0,5.3,37.0,1.9
2025-08-19 04:00:00,2025,8,19,4,Cao Bằng,Xã Tam Kim,22.606427,106.0179879,33,Good,0,23.2,97,1.9,3.7,305,970.1,100,5.2,5.2,129.0,5.0,38.0,1.9
2025-08-19 05:00:00,2025,8,19,5,Cao Bằng,Xã Tam Kim,22.606427,106.0179879,31,Good,0,23.0,97,6.1,4.0,288,970.2,100,4.3,4.4,146.0,5.1,38.0,2.0
2025-08-19 06:00:00,2025,8,19,6,Cao Bằng,Xã Tam Kim,22.606427,106.0179879,30,Good,0,23.2,96,13.2,3.3,279,970.4,100,3.7,3.8,171.0,5.4,38.0,2.2
2025-08-19 07:00:00,2025,8,19,7,Cao Bằng,Xã Tam Kim,22.606427,106.0179879,29,Good,0,23.4,96,7.8,3.1,310,970.9,100,1.8,1.8,192.0,5.9,41.0,2.0
2025-08-19 08:00:00,2025,8,19,8,Cao Bằng,Xã Tam Kim,22.606427,106.0179879,28,Good,0,23.6,97,4.9,3.4,264,971.5,100,2.3,2.3,203.0,5.6,43.0,2.4
2025-08-19 09:00:00,2025,8,19,9,Cao Bằng,Xã Tam Kim,22.606427,106.0179879,26,Good,0,23.9,97,9.0,4.2,295,971.6,100,2.2,2.2,210.0,5.2,47.0,2.9
2025-08-19 10:00:00,2025,8,19,10,Cao Bằng,Xã Tam Kim,22.606427,106.0179879,25,Good,0,24.3,98,9.6,5.5,341,971.6,100,2.0,2.0,217.0,4.8,50.0,3.3
2025-08-19 11:00:00,2025,8,19,11,Cao Bằng,Xã Tam Kim,22.606427,106.0179879,24,Good,0,24.6,98,4.4,6.2,303,971.1,100,2.3,2.3,228.0,4.5,52.0,3.3
2025-08-19 12:00:00,2025,8,19,12,Cao Bằng,Xã Tam Kim,22.606427,106.0179879,23,Good,0,24.7,97,4.4,5.2,297,970.1,100,2.8,2.8,239.0,4.3,54.0,3.2
2025-08-19 13:00:00,2025,8,19,13,Cao Bằng,Xã Tam Kim,22.606427,106.0179879,23,Good,0,25.3,96,2.3,3.9,292,969.4,100,2.8,2.8,244.0,4.2,55.0,3.0
2025-08-19 14:00:00,2025,8,19,14,Cao Bằng,Xã Tam Kim,22.606427,106.0179879,22,Good,0,26.1,95,1.3,2.4,312,968.9,100,3.4,3.4,236.0,4.1,56.0,2.8
2025-08-19 15:00:00,2025,8,19,15,Cao Bằng,Xã Tam Kim,22.606427,106.0179879,23,Good,0,26.1,97,0.3,1.7,139,968.5,100,3.8,3.8,222.0,4.0,56.0,2.6
2025-08-19 16:00:00,2025,8,19,16,Cao Bằng,Xã Tam Kim,22.606427,106.0179879,24,Good,0,25.9,97,0.2,1.1,171,968.2,100,4.2,4.2,217.0,4.9,54.0,2.5
2025-08-19 17:00:00,2025,8,19,17,Cao Bằng,Xã Tam Kim,22.606427,106.0179879,25,Good,0,26.0,94,0.6,4.0,150,968.6,100,5.0,5.0,233.0,7.5,47.0,2.7
2025-08-19 18:00:00,2025,8,19,18,Cao Bằng,Xã Tam Kim,22.606427,106.0179879,25,Good,0,25.3,97,0.4,3.1,126,969.2,100,5.1,5.1,258.0,10.9,38.0,3.0
2025-08-19 19:00:00,2025,8,19,19,Cao Bằng,Xã Tam Kim,22.606427,106.0179879,24,Good,0,24.9,97,0.3,2.7,118,970.2,100,7.6,7.6,273.0,14.1,33.0,3.6
2025-08-19 20:00:00,2025,8,19,20,Cao Bằng,Xã Tam Kim,22.606427,106.0179879,23,Good,0,24.6,94,1.1,1.4,157,971.1,100,5.9,5.9,269.0,14.4,30.0,3.4
2025-08-19 21:00:00,2025,8,19,21,Cao Bằng,Xã Tam Kim,22.606427,106.0179879,21,Good,0,24.4,95,1.3,1.9,112,971.8,100,4.2,4.2,256.0,14.7,26.0,3.2
2025-08-19 22:00:00,2025,8,19,22,Cao Bằng,Xã Tam Kim,22.606427,106.0179879,20,Good,0,23.9,97,1.0,2.2,132,972.3,100,4.6,4.6,243.0,14.2,25.0,3.1
2025-08-19 23:00:00,2025,8,19,23,Cao Bằng,Xã Tam Kim,22.606427,106.0179879,19,Good,0,23.6,99,0.4,2.8,125,972.4,100,5.5,5.5,232.0,12.3,31.0,3.2
2025-08-20 00:00:00,2025,8,20,0,Cao Bằng,Xã Tam Kim,22.606427,106.0179879,18,Good,0,23.5,99,0.6,2.2,104,972.0,100,6.3,6.4,222.0,9.7,41.0,3.3
2025-08-20 01:00:00,2025,8,20,1,Cao Bằng,Xã Tam Kim,22.606427,106.0179879,18,Good,0,23.1,99,0.4,2.3,122,971.5,100,8.9,8.9,214.0,7.6,48.0,3.8
2025-08-20 02:00:00,2025,8,20,2,Cao Bằng,Xã Tam Kim,22.606427,106.0179879,18,Good,0,23.1,99,0.8,2.4,117,970.6,100,11.4,11.4,207.0,6.8,50.0,4.6
2025-08-20 03:00:00,2025,8,20,3,Cao Bằng,Xã Tam Kim,22.606427,106.0179879,19,Good,0,23.0,99,0.1,1.5,104,970.4,100,13.5,13.5,203.0,6.5,51.0,5.6
2025-08-20 04:00:00,2025,8,20,4,Cao Bằng,Xã Tam Kim,22.606427,106.0179879,21,Good,0,23.2,98,0.0,1.5,76,970.6,100,15.7,15.7,206.0,6.3,52.0,6.9
2025-08-20 05:00:00,2025,8,20,5,Cao Bằng,Xã Tam Kim,22.606427,106.0179879,22,Good,0,23.3,99,0.0,3.4,74,971.0,100,18.2,18.2,225.0,6.0,56.0,9.0
2025-08-20 06:00:00,2025,8,20,6,Cao Bằng,Xã Tam Kim,22.606427,106.0179879,25,Good,0,23.4,99,0.3,3.2,71,971.5,100,21.9,22.0,251.0,5.8,60.0,11.4
2025-08-20 07:00:00,2025,8,20,7,Cao Bằng,Xã Tam Kim,22.606427,106.0179879,28,Good,0,23.7,99,0.1,3.4,90,972.1,100,18.4,18.5,265.0,5.5,61.0,12.6
2025-08-20 08:00:00,2025,8,20,8,Cao Bằng,Xã Tam Kim,22.606427,106.0179879,31,Good,0,24.9,98,0.3,4.7,88,972.9,100,16.8,16.9,253.0,5.8,61.0,11.9
2025-08-20 09:00:00,2025,8,20,9,Cao Bằng,Xã Tam Kim,22.606427,106.0179879,33,Good,0,26.0,97,0.4,6.0,127,972.9,100,9.8,9.8,229.0,6.3,62.0,10.9
2025-08-20 10:00:00,2025,8,20,10,Cao Bằng,Xã Tam Kim,22.606427,106.0179879,35,Good,0,27.0,90,0.8,8.3,158,972.9,100,8.9,9.0,209.0,6.3,67.0,9.2
2025-08-20 11:00:00,2025,8,20,11,Cao Bằng,Xã Tam Kim,22.606427,106.0179879,36,Good,0,27.1,91,0.5,6.3,129,972.5,99,13.6,13.8,199.0,5.5,79.0,6.3
2025-08-20 12:00:00,2025,8,20,12,Cao Bằng,Xã Tam Kim,22.606427,106.0179879,38,Good,0,29.2,78,0.4,7.2,176,971.6,100,17.7,17.8,193.0,4.4,95.0,2.8
2025-08-20 13:00:00,2025,8,20,13,Cao Bằng,Xã Tam Kim,22.606427,106.0179879,40,Good,0,29.9,69,0.1,8.3,193,970.6,99,17.8,17.9,192.0,3.5,108.0,0.4
2025-08-20 14:00:00,2025,8,20,14,Cao Bằng,Xã Tam Kim,22.606427,106.0179879,43,Good,0,30.9,65,0.2,10.8,185,969.5,100,17.8,17.9,194.0,3.0,116.0,0.0
2025-08-20 15:00:00,2025,8,20,15,Cao Bằng,Xã Tam Kim,22.606427,106.0179879,46,Good,0,30.2,66,0.1,14.5,149,969.2,100,18.6,18.7,201.0,2.7,120.0,0.6
2025-08-20 16:00:00,2025,8,20,16,Cao Bằng,Xã Tam Kim,22.606427,106.0179879,48,Good,0,29.2,72,0.0,10.3,153,969.0,100,20.3,20.4,214.0,3.1,120.0,1.3
2025-08-20 17:00:00,2025,8,20,17,Cao Bằng,Xã Tam Kim,22.606427,106.0179879,50,Good,0,28.8,73,0.0,10.3,164,969.4,100,21.2,21.4,240.0,4.8,111.0,1.8
2025-08-20 18:00:00,2025,8,20,18,Cao Bằng,Xã Tam Kim,22.606427,106.0179879,52,Moderate,1,27.5,80,0.0,6.1,148,969.8,100,20.4,20.4,273.0,7.3,97.0,2.3
2025-08-20 19:00:00,2025,8,20,19,Cao Bằng,Xã Tam Kim,22.606427,106.0179879,53,Moderate,1,25.7,89,0.0,5.5,131,970.4,100,23.5,23.6,290.0,8.5,95.0,4.6
2025-08-20 20:00:00,2025,8,20,20,Cao Bằng,Xã Tam Kim,22.606427,106.0179879,55,Moderate,1,25.0,95,0.0,6.1,109,972.0,100,23.9,24.0,278.0,8.4,94.0,5.3
2025-08-20 21:00:00,2025,8,20,21,Cao Bằng,Xã Tam Kim,22.606427,106.0179879,56,Moderate,1,25.2,94,0.0,5.2,115,973.1,100,23.6,23.7,250.0,8.2,92.0,6.2
2025-08-20 22:00:00,2025,8,20,22,Cao Bằng,Xã Tam Kim,22.606427,106.0179879,58,Moderate,1,24.6,97,0.0,5.2,92,973.4,100,22.1,22.2,228.0,8.0,89.0,6.6
2025-08-20 23:00:00,2025,8,20,23,Cao Bằng,Xã Tam Kim,22.606427,106.0179879,60,Moderate,1,24.6,98,0.0,5.3,100,973.4,100,22.4,22.5,220.0,7.9,83.0,6.1
2025-08-21 00:00:00,2025,8,21,0,Cao Bằng,Xã Tam Kim,22.606427,106.0179879,61,Moderate,1,24.6,97,0.1,5.8,110,973.5,100,18.6,18.7,218.0,7.9,75.0,5.1
2025-08-21 01:00:00,2025,8,21,1,Cao Bằng,Xã Tam Kim,22.606427,106.0179879,62,Moderate,1,24.5,98,1.5,5.3,123,973.4,100,10.7,10.8,215.0,7.9,67.0,4.4
2025-08-21 02:00:00,2025,8,21,2,Cao Bằng,Xã Tam Kim,22.606427,106.0179879,62,Moderate,1,24.5,96,0.7,5.1,100,972.8,100,7.3,7.4,205.0,8.1,60.0,4.3
2025-08-21 03:00:00,2025,8,21,3,Cao Bằng,Xã Tam Kim,22.606427,106.0179879,62,Moderate,1,24.1,99,0.1,5.1,94,972.2,100,3.7,3.7,194.0,8.5,53.0,4.4
2025-08-21 04:00:00,2025,8,21,4,Cao Bằng,Xã Tam Kim,22.606427,106.0179879,61,Moderate,1,23.9,100,0.1,6.8,93,972.4,100,2.4,2.5,193.0,8.7,48.0,4.6
2025-08-21 05:00:00,2025,8,21,5,Cao Bằng,Xã Tam Kim,22.606427,106.0179879,60,Moderate,1,23.6,99,1.1,4.9,98,972.8,100,2.1,2.1,213.0,8.8,46.0,4.8
2025-08-21 06:00:00,2025,8,21,6,Cao Bằng,Xã Tam Kim,22.606427,106.0179879,58,Moderate,1,23.6,99,0.2,3.8,85,973.1,100,2.6,2.6,242.0,8.7,47.0,4.9
2025-08-21 07:00:00,2025,8,21,7,Cao Bằng,Xã Tam Kim,22.606427,106.0179879,57,Moderate,1,24.1,99,0.5,5.8,85,973.7,100,1.8,1.9,259.0,8.7,48.0,6.7
2025-08-21 08:00:00,2025,8,21,8,Cao Bằng,Xã Tam Kim,22.606427,106.0179879,55,Moderate,1,25.3,96,0.2,3.7,79,974.2,100,2.4,2.5,251.0,7.5,57.0,6.1
2025-08-21 09:00:00,2025,8,21,9,Cao Bằng,Xã Tam Kim,22.606427,106.0179879,54,Moderate,1,26.0,96,0.4,5.8,104,974.2,100,2.8,2.9,230.0,5.7,70.0,5.3
2025-08-21 10:00:00,2025,8,21,10,Cao Bằng,Xã Tam Kim,22.606427,106.0179879,53,Moderate,1,26.2,96,0.4,7.1,117,974.5,100,3.0,3.1,215.0,4.3,82.0,4.4
2025-08-21 11:00:00,2025,8,21,11,Cao Bằng,Xã Tam Kim,22.606427,106.0179879,53,Moderate,1,26.2,97,0.3,6.4,98,974.0,100,3.3,3.3,211.0,3.4,91.0,3.5
2025-08-21 12:00:00,2025,8,21,12,Cao Bằng,Xã Tam Kim,22.606427,106.0179879,52,Moderate,1,27.0,92,0.3,8.1,143,973.3,100,4.0,4.1,212.0,2.8,99.0,2.5
2025-08-21 13:00:00,2025,8,21,13,Cao Bằng,Xã Tam Kim,22.606427,106.0179879,51,Moderate,1,27.2,88,0.2,9.1,144,972.3,100,4.5,4.6,216.0,2.6,105.0,1.8
2025-08-21 14:00:00,2025,8,21,14,Cao Bằng,Xã Tam Kim,22.606427,106.0179879,49,Good,0,28.4,78,0.2,11.1,167,971.8,100,4.9,4.9,222.0,2.8,107.0,1.6
2025-08-21 15:00:00,2025,8,21,15,Cao Bằng,Xã Tam Kim,22.606427,106.0179879,47,Good,0,29.2,75,0.1,8.8,175,970.6,100,5.1,5.2,232.0,3.3,107.0,1.6
2025-08-21 16:00:00,2025,8,21,16,Cao Bằng,Xã Tam Kim,22.606427,106.0179879,45,Good,0,28.0,78,0.0,9.2,160,970.3,100,4.6,4.6,247.0,4.2,105.0,1.7
2025-08-21 17:00:00,2025,8,21,17,Cao Bằng,Xã Tam Kim,22.606427,106.0179879,44,Good,0,28.2,77,0.0,7.6,155,970.2,100,6.6,6.7,274.0,5.7,101.0,1.8
2025-08-21 18:00:00,2025,8,21,18,Cao Bằng,Xã Tam Kim,22.606427,106.0179879,46,Good,0,27.0,83,0.0,7.5,150,970.5,100,8.1,8.1,305.0,7.5,95.0,1.9
2025-08-21 19:00:00,2025,8,21,19,Cao Bằng,Xã Tam Kim,22.606427,106.0179879,47,Good,0,25.9,88,0.0,5.4,140,971.2,100,25.7,26.0,325.0,4.9,141.0,7.7
2025-08-21 20:00:00,2025,8,21,20,Cao Bằng,Xã Tam Kim,22.606427,106.0179879,50,Good,0,25.2,93,0.0,6.6,123,972.7,97,26.5,26.9,325.0,5.8,127.0,7.4
2025-08-21 21:00:00,2025,8,21,21,Cao Bằng,Xã Tam Kim,22.606427,106.0179879,55,Moderate,1,24.7,95,0.0,5.2,121,973.5,100,26.8,27.1,314.0,7.0,108.0,7.0
2025-08-21 22:00:00,2025,8,21,22,Cao Bằng,Xã Tam Kim,22.606427,106.0179879,56,Moderate,1,24.9,94,0.0,4.7,92,973.9,100,27.2,27.6,294.0,7.8,92.0,6.4
2025-08-21 23:00:00,2025,8,21,23,Cao Bằng,Xã Tam Kim,22.606427,106.0179879,53,Moderate,1,24.7,95,0.0,6.0,115,974.0,100,28.5,29.0,262.0,7.7,83.0,5.2
2025-08-22 00:00:00,2025,8,22,0,Cao Bằng,Xã Tam Kim,22.606427,106.0179879,49,Good,0,24.9,94,0.0,6.3,125,973.6,100,24.1,24.6,223.0,7.3,78.0,3.8
2025-08-22 01:00:00,2025,8,22,1,Cao Bằng,Xã Tam Kim,22.606427,106.0179879,48,Good,0,24.7,95,0.1,5.6,121,973.2,100,15.5,15.8,193.0,7.0,71.0,3.0
2025-08-22 02:00:00,2025,8,22,2,Cao Bằng,Xã Tam Kim,22.606427,106.0179879,46,Good,0,24.6,96,0.2,5.2,134,973.0,100,9.5,9.8,180.0,7.3,60.0,3.3
2025-08-22 03:00:00,2025,8,22,3,Cao Bằng,Xã Tam Kim,22.606427,106.0179879,44,Good,0,24.3,96,0.1,6.3,117,972.6,100,8.5,8.9,175.0,7.8,49.0,4.2
2025-08-22 04:00:00,2025,8,22,4,Cao Bằng,Xã Tam Kim,22.606427,106.0179879,43,Good,0,23.9,97,0.0,5.2,92,972.1,100,8.9,9.4,175.0,7.9,42.0,4.9
2025-08-22 05:00:00,2025,8,22,5,Cao Bằng,Xã Tam Kim,22.606427,106.0179879,45,Good,0,24.1,97,0.1,5.9,70,972.2,100,11.4,12.0,179.0,7.4,43.0,5.4
2025-08-22 06:00:00,2025,8,22,6,Cao Bằng,Xã Tam Kim,22.606427,106.0179879,46,Good,0,24.3,97,0.1,5.7,79,972.7,100,13.0,13.8,188.0,6.5,48.0,5.7
2025-08-22 07:00:00,2025,8,22,7,Cao Bằng,Xã Tam Kim,22.606427,106.0179879,48,Good,0,24.8,96,0.1,6.1,120,973.6,100,12.1,12.8,193.0,7.0,43.0,5.7
2025-08-22 08:00:00,2025,8,22,8,Cao Bằng,Xã Tam Kim,22.606427,106.0179879,50,Good,0,24.8,99,0.1,5.2,92,973.9,100,15.8,16.8,191.0,6.1,52.0,4.5
2025-08-22 09:00:00,2025,8,22,9,Cao Bằng,Xã Tam Kim,22.606427,106.0179879,51,Moderate,1,26.1,93,0.1,5.3,98,974.3,100,14.7,15.4,186.0,4.8,64.0,2.9
2025-08-22 10:00:00,2025,8,22,10,Cao Bằng,Xã Tam Kim,22.606427,106.0179879,52,Moderate,1,26.8,90,0.4,6.0,111,974.5,100,13.2,13.8,182.0,3.8,76.0,1.6
2025-08-22 11:00:00,2025,8,22,11,Cao Bằng,Xã Tam Kim,22.606427,106.0179879,53,Moderate,1,27.3,83,0.4,9.4,179,974.5,100,12.4,12.9,180.0,3.3,86.0,1.0
2025-08-22 12:00:00,2025,8,22,12,Cao Bằng,Xã Tam Kim,22.606427,106.0179879,54,Moderate,1,26.0,91,1.3,3.2,117,973.9,100,13.0,13.4,179.0,3.0,94.0,0.9
2025-08-22 13:00:00,2025,8,22,13,Cao Bằng,Xã Tam Kim,22.606427,106.0179879,55,Moderate,1,27.1,89,0.2,3.8,82,973.1,100,14.4,14.8,178.0,2.8,101.0,0.8
2025-08-22 14:00:00,2025,8,22,14,Cao Bằng,Xã Tam Kim,22.606427,106.0179879,56,Moderate,1,28.8,83,0.6,5.6,153,972.5,100,16.1,16.5,174.0,2.5,106.0,0.8
2025-08-22 15:00:00,2025,8,22,15,Cao Bằng,Xã Tam Kim,22.606427,106.0179879,57,Moderate,1,27.0,85,0.5,7.3,240,971.5,100,17.0,17.5,170.0,2.4,109.0,0.9
2025-08-22 16:00:00,2025,8,22,16,Cao Bằng,Xã Tam Kim,22.606427,106.0179879,58,Moderate,1,27.5,84,0.0,0.4,117,970.9,100,18.3,18.8,175.0,3.0,107.0,1.2
2025-08-22 17:00:00,2025,8,22,17,Cao Bằng,Xã Tam Kim,22.606427,106.0179879,59,Moderate,1,27.3,88,0.0,3.8,87,970.4,100,19.3,19.7,200.0,5.1,95.0,1.9
2025-08-22 18:00:00,2025,8,22,18,Cao Bằng,Xã Tam Kim,22.606427,106.0179879,60,Moderate,1,26.4,94,0.0,1.6,27,970.2,100,20.6,21.0,234.0,8.1,77.0,2.8
2025-08-22 19:00:00,2025,8,22,19,Cao Bằng,Xã Tam Kim,22.606427,106.0179879,61,Moderate,1,25.6,93,0.0,1.7,257,970.8,100,20.8,21.4,251.0,8.3,74.0,4.2
2025-08-22 20:00:00,2025,8,22,20,Cao Bằng,Xã Tam Kim,22.606427,106.0179879,61,Moderate,1,25.8,88,0.1,1.9,221,972.1,100,21.5,22.1,236.0,8.5,69.0,4.7
2025-08-22 21:00:00,2025,8,22,21,Cao Bằng,Xã Tam Kim,22.606427,106.0179879,60,Moderate,1,25.4,88,0.1,3.1,156,973.1,100,20.6,21.1,205.0,8.7,63.0,5.3
2025-08-22 22:00:00,2025,8,22,22,Cao Bằng,Xã Tam Kim,22.606427,106.0179879,60,Moderate,1,25.3,88,0.0,2.2,166,973.8,100,17.9,18.3,179.0,8.9,57.0,5.8
2025-08-22 23:00:00,2025,8,22,23,Cao Bằng,Xã Tam Kim,22.606427,106.0179879,59,Moderate,1,24.8,91,0.0,3.4,133,974.2,100,16.7,17.1,165.0,9.0,53.0,6.0
2025-08-23 00:00:00,2025,8,23,0,Cao Bằng,Xã Tam Kim,22.606427,106.0179879,58,Moderate,1,24.6,92,0.0,3.1,126,974.2,100,13.7,14.0,155.0,9.0,48.0,6.1
2025-08-23 01:00:00,2025,8,23,1,Cao Bằng,Xã Tam Kim,22.606427,106.0179879,57,Moderate,1,24.1,93,0.0,1.0,112,973.4,100,11.4,11.7,148.0,9.1,44.0,5.9
2025-08-23 02:00:00,2025,8,23,2,Cao Bằng,Xã Tam Kim,22.606427,106.0179879,56,Moderate,1,23.5,96,0.0,2.3,90,972.8,100,11.5,11.8,142.0,9.4,38.0,5.2
2025-08-23 03:00:00,2025,8,23,3,Cao Bằng,Xã Tam Kim,22.606427,106.0179879,57,Moderate,1,23.3,97,0.0,1.5,76,972.6,100,12.9,13.3,139.0,9.7,31.0,4.2
2025-08-23 04:00:00,2025,8,23,4,Cao Bằng,Xã Tam Kim,22.606427,106.0179879,57,Moderate,1,23.7,98,0.0,2.7,48,972.5,100,13.2,13.6,141.0,9.8,27.0,3.9
2025-08-23 05:00:00,2025,8,23,5,Cao Bằng,Xã Tam Kim,22.606427,106.0179879,57,Moderate,1,23.7,97,0.0,3.4,47,973.0,100,13.8,14.3,154.0,9.4,25.0,4.9
2025-08-23 06:00:00,2025,8,23,6,Cao Bằng,Xã Tam Kim,22.606427,106.0179879,58,Moderate,1,23.7,98,0.0,4.0,51,973.1,100,12.9,13.4,171.0,8.7,26.0,6.5
2025-08-23 07:00:00,2025,8,23,7,Cao Bằng,Xã Tam Kim,22.606427,106.0179879,58,Moderate,1,24.7,94,0.1,4.1,45,974.0,100,14.3,15.0,180.0,7.5,32.0,7.1
2025-08-23 08:00:00,2025,8,23,8,Cao Bằng,Xã Tam Kim,22.606427,106.0179879,58,Moderate,1,25.4,91,0.3,2.7,70,974.7,100,12.2,12.9,171.0,6.1,42.0,7.4
2025-08-23 09:00:00,2025,8,23,9,Cao Bằng,Xã Tam Kim,22.606427,106.0179879,57,Moderate,1,26.7,87,0.1,3.6,108,975.3,100,9.2,9.9,154.0,4.1,56.0,7.8
2025-08-23 10:00:00,2025,8,23,10,Cao Bằng,Xã Tam Kim,22.606427,106.0179879,57,Moderate,1,28.3,77,0.1,5.3,152,975.7,100,9.7,10.6,139.0,2.5,66.0,7.4
2025-08-23 11:00:00,2025,8,23,11,Cao Bằng,Xã Tam Kim,22.606427,106.0179879,57,Moderate,1,29.0,69,0.0,7.3,170,975.5,100,10.3,11.1,130.0,1.7,69.0,5.7
2025-08-23 12:00:00,2025,8,23,12,Cao Bằng,Xã Tam Kim,22.606427,106.0179879,56,Moderate,1,29.7,64,0.0,7.2,162,974.5,100,9.9,10.7,123.0,1.4,68.0,3.2
2025-08-23 13:00:00,2025,8,23,13,Cao Bằng,Xã Tam Kim,22.606427,106.0179879,56,Moderate,1,29.7,64,0.0,6.2,144,973.4,100,9.5,10.3,119.0,1.2,67.0,1.4
2025-08-23 14:00:00,2025,8,23,14,Cao Bằng,Xã Tam Kim,22.606427,106.0179879,56,Moderate,1,30.7,61,0.0,6.4,135,972.2,99,9.5,10.2,111.0,0.6,69.0,0.7
2025-08-23 15:00:00,2025,8,23,15,Cao Bằng,Xã Tam Kim,22.606427,106.0179879,55,Moderate,1,31.2,58,0.0,8.7,133,971.2,26,9.6,10.3,106.0,0.2,70.0,0.7
2025-08-23 16:00:00,2025,8,23,16,Cao Bằng,Xã Tam Kim,22.606427,106.0179879,55,Moderate,1,30.8,59,0.0,5.9,142,970.4,56,10.2,11.0,119.0,1.5,69.0,1.0
2025-08-23 17:00:00,2025,8,23,17,Cao Bằng,Xã Tam Kim,22.606427,106.0179879,54,Moderate,1,30.0,66,0.0,4.6,121,970.0,10,10.4,11.1,169.0,5.8,63.0,1.7
2025-08-23 18:00:00,2025,8,23,18,Cao Bằng,Xã Tam Kim,22.606427,106.0179879,53,Moderate,1,28.1,77,0.0,6.7,117,970.3,55,12.6,13.3,237.0,11.9,54.0,2.8
2025-08-23 19:00:00,2025,8,23,19,Cao Bằng,Xã Tam Kim,22.606427,106.0179879,52,Moderate,1,26.2,84,0.0,4.0,141,971.4,100,15.3,15.9,284.0,12.2,47.0,3.3
2025-08-23 20:00:00,2025,8,23,20,Cao Bằng,Xã Tam Kim,22.606427,106.0179879,52,Moderate,1,25.9,88,0.0,1.2,297,972.3,22,17.8,18.5,286.0,15.0,44.0,4.2
2025-08-23 21:00:00,2025,8,23,21,Cao Bằng,Xã Tam Kim,22.606427,106.0179879,52,Moderate,1,25.8,89,0.0,1.3,286,973.5,57,19.8,20.5,267.0,18.9,39.0,5.4
2025-08-23 22:00:00,2025,8,23,22,Cao Bằng,Xã Tam Kim,22.606427,106.0179879,51,Moderate,1,25.7,88,0.0,3.1,298,973.9,100,21.7,22.4,252.0,22.1,34.0,6.2
2025-08-23 23:00:00,2025,8,23,23,Cao Bằng,Xã Tam Kim,22.606427,106.0179879,52,Moderate,1,25.3,88,0.0,3.5,298,974.0,100,24.1,24.7,256.0,24.0,29.0,6.3
2025-08-24 00:00:00,2025,8,24,0,Cao Bằng,Xã Tam Kim,22.606427,106.0179879,52,Moderate,1,25.2,87,0.0,1.5,306,973.7,99,25.5,26.2,265.0,25.2,23.0,6.0
2025-08-24 01:00:00,2025,8,24,1,Cao Bằng,Xã Tam Kim,22.606427,106.0179879,53,Moderate,1,24.9,88,0.0,0.4,270,973.2,13,25.5,26.1,261.0,25.9,19.0,5.6
2025-08-24 02:00:00,2025,8,24,2,Cao Bằng,Xã Tam Kim,22.606427,106.0179879,55,Moderate,1,24.3,89,0.0,2.6,295,972.6,28,25.2,25.8,227.0,26.6,15.0,5.2
2025-08-24 03:00:00,2025,8,24,3,Cao Bằng,Xã Tam Kim,22.606427,106.0179879,56,Moderate,1,24.1,89,0.0,1.3,278,972.5,80,25.6,26.1,180.0,26.9,11.0,4.8
2025-08-24 04:00:00,2025,8,24,4,Cao Bằng,Xã Tam Kim,22.606427,106.0179879,57,Moderate,1,23.6,90,0.0,2.0,270,972.4,79,26.1,26.6,154.0,25.4,13.0,4.5
2025-08-24 05:00:00,2025,8,24,5,Cao Bằng,Xã Tam Kim,22.606427,106.0179879,58,Moderate,1,24.2,87,0.0,5.8,284,972.6,72,26.5,27.1,175.0,20.7,24.0,4.3
2025-08-24 06:00:00,2025,8,24,6,Cao Bằng,Xã Tam Kim,22.606427,106.0179879,59,Moderate,1,23.3,91,0.0,5.3,298,972.5,2,27.0,27.5,218.0,14.3,41.0,4.1
2025-08-24 07:00:00,2025,8,24,7,Cao Bằng,Xã Tam Kim,22.606427,106.0179879,61,Moderate,1,25.1,85,0.0,4.3,315,973.6,8,19.6,19.8,239.0,12.1,54.0,4.1
2025-08-24 08:00:00,2025,8,24,8,Cao Bằng,Xã Tam Kim,22.606427,106.0179879,61,Moderate,1,27.8,76,0.0,5.4,300,974.4,4,15.4,15.9,210.0,8.9,68.0,4.4
2025-08-24 09:00:00,2025,8,24,9,Cao Bằng,Xã Tam Kim,22.606427,106.0179879,61,Moderate,1,29.5,67,0.0,5.6,318,975.3,9,11.0,11.4,160.0,4.5,88.0,4.9
2025-08-24 10:00:00,2025,8,24,10,Cao Bằng,Xã Tam Kim,22.606427,106.0179879,62,Moderate,1,30.5,63,0.0,4.0,10,975.1,34,8.8,9.1,126.0,1.3,102.0,5.1
2025-08-24 11:00:00,2025,8,24,11,Cao Bằng,Xã Tam Kim,22.606427,106.0179879,61,Moderate,1,31.1,63,0.1,5.6,42,974.4,16,8.9,9.2,127.0,0.4,104.0,4.8
2025-08-24 12:00:00,2025,8,24,12,Cao Bằng,Xã Tam Kim,22.606427,106.0179879,61,Moderate,1,32.4,58,0.0,5.8,83,973.8,80,9.4,9.6,146.0,0.7,101.0,4.3
2025-08-24 13:00:00,2025,8,24,13,Cao Bằng,Xã Tam Kim,22.606427,106.0179879,61,Moderate,1,28.8,78,3.0,12.7,106,973.0,90,10.4,10.7,162.0,1.1,97.0,3.9
2025-08-24 14:00:00,2025,8,24,14,Cao Bằng,Xã Tam Kim,22.606427,106.0179879,61,Moderate,1,28.6,76,0.0,8.4,317,971.8,90,11.1,11.3,167.0,0.9,97.0,3.7
2025-08-24 15:00:00,2025,8,24,15,Cao Bằng,Xã Tam Kim,22.606427,106.0179879,61,Moderate,1,29.2,71,0.0,6.9,329,971.2,92,11.9,12.1,170.0,0.8,96.0,3.7
2025-08-24 16:00:00,2025,8,24,16,Cao Bằng,Xã Tam Kim,22.606427,106.0179879,62,Moderate,1,29.7,66,0.0,5.9,320,971.5,90,12.1,12.3,184.0,1.7,92.0,3.8
2025-08-24 17:00:00,2025,8,24,17,Cao Bằng,Xã Tam Kim,22.606427,106.0179879,62,Moderate,1,27.4,84,1.0,5.7,118,971.8,97,12.5,12.6,223.0,4.6,80.0,4.1
2025-08-24 18:00:00,2025,8,24,18,Cao Bằng,Xã Tam Kim,22.606427,106.0179879,62,Moderate,1,25.5,93,0.0,6.2,258,971.2,28,12.7,12.8,272.0,8.6,65.0,4.5
2025-08-24 19:00:00,2025,8,24,19,Cao Bằng,Xã Tam Kim,22.606427,106.0179879,62,Moderate,1,25.0,90,0.0,5.1,264,972.1,31,18.4,18.6,303.0,12.3,53.0,6.3
2025-08-24 20:00:00,2025,8,24,20,Cao Bằng,Xã Tam Kim,22.606427,106.0179879,62,Moderate,1,24.6,89,0.0,3.5,279,972.5,63,19.3,19.6,299.0,13.7,44.0,6.0
2025-08-24 21:00:00,2025,8,24,21,Cao Bằng,Xã Tam Kim,22.606427,106.0179879,62,Moderate,1,23.2,97,5.8,3.5,102,974.8,94,19.4,19.6,278.0,15.6,32.0,5.5
2025-08-24 22:00:00,2025,8,24,22,Cao Bằng,Xã Tam Kim,22.606427,106.0179879,62,Moderate,1,22.9,98,0.2,8.9,288,974.5,96,19.3,19.4,258.0,16.4,24.0,5.1
2025-08-24 23:00:00,2025,8,24,23,Cao Bằng,Xã Tam Kim,22.606427,106.0179879,62,Moderate,1,22.6,96,0.0,5.9,297,974.8,100,18.5,18.7,251.0,15.3,23.0,4.7
2025-08-25 00:00:00,2025,8,25,0,Cao Bằng,Xã Tam Kim,22.606427,106.0179879,62,Moderate,1,22.4,98,0.4,7.5,305,974.3,100,15.1,15.2,247.0,13.1,25.0,4.4
2025-08-25 01:00:00,2025,8,25,1,Cao Bằng,Xã Tam Kim,22.606427,106.0179879,61,Moderate,1,22.5,94,0.1,9.1,295,973.0,99,13.2,13.3,234.0,10.8,30.0,4.1
2025-08-25 02:00:00,2025,8,25,2,Cao Bằng,Xã Tam Kim,22.606427,106.0179879,60,Moderate,1,22.1,97,0.0,9.7,310,972.3,99,13.1,13.2,199.0,8.6,38.0,3.9
2025-08-25 03:00:00,2025,8,25,3,Cao Bằng,Xã Tam Kim,22.606427,106.0179879,59,Moderate,1,22.1,97,0.0,10.6,320,971.8,100,9.6,9.7,155.0,6.3,49.0,3.7
2025-08-25 04:00:00,2025,8,25,4,Cao Bằng,Xã Tam Kim,22.606427,106.0179879,57,Moderate,1,22.0,97,0.0,10.2,309,971.8,100,7.2,7.3,128.0,4.7,56.0,3.5
2025-08-25 05:00:00,2025,8,25,5,Cao Bằng,Xã Tam Kim,22.606427,106.0179879,56,Moderate,1,22.2,95,0.0,11.2,310,971.9,69,7.1,7.2,133.0,4.2,56.0,3.3
2025-08-25 06:00:00,2025,8,25,6,Cao Bằng,Xã Tam Kim,22.606427,106.0179879,54,Moderate,1,22.1,96,0.0,9.3,307,972.5,20,6.0,6.0,154.0,4.4,53.0,3.1
2025-08-25 07:00:00,2025,8,25,7,Cao Bằng,Xã Tam Kim,22.606427,106.0179879,52,Moderate,1,23.7,91,0.0,12.0,306,973.1,50,6.4,6.5,169.0,3.6,55.0,2.9
2025-08-25 08:00:00,2025,8,25,8,Cao Bằng,Xã Tam Kim,22.606427,106.0179879,51,Moderate,1,25.4,81,0.0,9.4,296,974.5,81,6.9,7.0,168.0,2.9,59.0,2.6
2025-08-25 09:00:00,2025,8,25,9,Cao Bằng,Xã Tam Kim,22.606427,106.0179879,50,Good,0,27.1,75,0.1,8.6,345,974.6,100,5.5,5.7,162.0,1.9,65.0,2.2
2025-08-25 10:00:00,2025,8,25,10,Cao Bằng,Xã Tam Kim,22.606427,106.0179879,49,Good,0,28.6,71,0.1,8.5,17,974.7,100,3.9,4.1,159.0,1.1,70.0,1.9
2025-08-25 11:00:00,2025,8,25,11,Cao Bằng,Xã Tam Kim,22.606427,106.0179879,48,Good,0,29.9,61,0.1,12.0,55,974.1,100,4.2,4.5,164.0,0.8,72.0,1.7
2025-08-25 12:00:00,2025,8,25,12,Cao Bằng,Xã Tam Kim,22.606427,106.0179879,47,Good,0,29.1,63,0.2,9.9,63,973.2,99,5.6,5.9,173.0,0.8,72.0,1.7
2025-08-25 13:00:00,2025,8,25,13,Cao Bằng,Xã Tam Kim,22.606427,106.0179879,47,Good,0,26.9,85,6.7,8.5,126,973.1,100,6.1,6.3,179.0,0.9,73.0,1.8
2025-08-25 14:00:00,2025,8,25,14,Cao Bằng,Xã Tam Kim,22.606427,106.0179879,46,Good,0,28.5,78,10.2,3.4,273,972.7,97,7.0,7.2,180.0,0.8,77.0,2.2
2025-08-25 15:00:00,2025,8,25,15,Cao Bằng,Xã Tam Kim,22.606427,106.0179879,45,Good,0,24.4,95,6.9,7.5,312,972.0,100,8.2,8.3,179.0,0.8,82.0,2.7
2025-08-25 16:00:00,2025,8,25,16,Cao Bằng,Xã Tam Kim,22.606427,106.0179879,45,Good,0,23.4,97,1.2,12.1,272,971.9,96,9.7,9.9,180.0,1.5,83.0,3.3
2025-08-25 17:00:00,2025,8,25,17,Cao Bằng,Xã Tam Kim,22.606427,106.0179879,44,Good,0,24.1,91,0.0,10.0,284,971.8,99,10.2,10.3,186.0,3.5,77.0,3.9
2025-08-25 18:00:00,2025,8,25,18,Cao Bằng,Xã Tam Kim,22.606427,106.0179879,44,Good,0,23.3,94,0.2,8.0,264,971.6,98,10.9,11.1,195.0,6.2,66.0,4.5
2025-08-25 19:00:00,2025,8,25,19,Cao Bằng,Xã Tam Kim,22.606427,106.0179879,44,Good,0,22.8,94,0.0,9.1,279,971.9,99,11.7,12.0,206.0,7.7,54.0,4.4
2025-08-25 20:00:00,2025,8,25,20,Cao Bằng,Xã Tam Kim,22.606427,106.0179879,42,Good,0,23.3,94,0.1,8.5,297,973.1,100,10.7,10.9,221.0,8.2,50.0,4.4
2025-08-25 21:00:00,2025,8,25,21,Cao Bằng,Xã Tam Kim,22.606427,106.0179879,41,Good,0,23.3,94,0.0,9.8,287,973.3,100,10.5,10.7,238.0,8.8,45.0,4.4
2025-08-25 22:00:00,2025,8,25,22,Cao Bằng,Xã Tam Kim,22.606427,106.0179879,39,Good,0,22.8,93,0.2,5.8,275,974.1,100,9.6,9.7,246.0,9.0,41.0,4.4
2025-08-25 23:00:00,2025,8,25,23,Cao Bằng,Xã Tam Kim,22.606427,106.0179879,38,Good,0,22.8,90,0.7,6.0,309,974.6,100,9.3,9.4,239.0,8.6,40.0,4.2
2025-08-26 00:00:00,2025,8,26,0,Cao Bằng,Xã Tam Kim,22.606427,106.0179879,36,Good,0,21.8,98,2.2,7.7,279,974.6,100,8.4,8.6,224.0,7.9,40.0,4.0
2025-08-26 01:00:00,2025,8,26,1,Cao Bằng,Xã Tam Kim,22.606427,106.0179879,35,Good,0,21.5,99,2.4,9.9,274,974.0,100,4.9,5.1,208.0,7.1,41.0,3.8
2025-08-26 02:00:00,2025,8,26,2,Cao Bằng,Xã Tam Kim,22.606427,106.0179879,33,Good,0,21.3,98,0.8,8.8,282,973.7,100,5.0,5.3,193.0,6.1,43.0,3.6
2025-08-26 03:00:00,2025,8,26,3,Cao Bằng,Xã Tam Kim,22.606427,106.0179879,32,Good,0,21.2,99,0.7,9.5,284,973.5,91,5.5,5.7,178.0,5.0,46.0,3.5
2025-08-26 04:00:00,2025,8,26,4,Cao Bằng,Xã Tam Kim,22.606427,106.0179879,31,Good,0,21.4,99,0.7,8.0,293,973.5,100,5.0,5.2,169.0,4.3,48.0,3.4
2025-08-26 05:00:00,2025,8,26,5,Cao Bằng,Xã Tam Kim,22.606427,106.0179879,31,Good,0,21.5,98,0.6,5.6,274,973.7,100,5.2,5.4,169.0,4.3,47.0,3.4
2025-08-26 06:00:00,2025,8,26,6,Cao Bằng,Xã Tam Kim,22.606427,106.0179879,31,Good,0,21.6,99,1.3,6.9,279,973.8,100,4.5,4.6,175.0,4.6,44.0,3.4
2025-08-26 07:00:00,2025,8,26,7,Cao Bằng,Xã Tam Kim,22.606427,106.0179879,30,Good,0,22.0,98,0.8,5.7,279,974.5,100,5.3,5.4,179.0,5.0,42.0,3.2
2025-08-26 08:00:00,2025,8,26,8,Cao Bằng,Xã Tam Kim,22.606427,106.0179879,30,Good,0,23.7,97,0.9,5.5,281,975.0,100,6.5,6.7,179.0,4.8,45.0,3.3
2025-08-26 09:00:00,2025,8,26,9,Cao Bằng,Xã Tam Kim,22.606427,106.0179879,30,Good,0,24.4,91,0.8,8.1,271,975.3,100,7.2,7.5,177.0,4.4,49.0,3.4
2025-08-26 10:00:00,2025,8,26,10,Cao Bằng,Xã Tam Kim,22.606427,106.0179879,30,Good,0,25.2,89,0.1,7.3,277,975.6,100,6.8,7.0,176.0,4.0,53.0,3.4
2025-08-26 11:00:00,2025,8,26,11,Cao Bằng,Xã Tam Kim,22.606427,106.0179879,31,Good,0,25.2,88,0.1,10.5,283,975.1,100,6.5,6.7,177.0,3.3,58.0,3.1
2025-08-26 12:00:00,2025,8,26,12,Cao Bằng,Xã Tam Kim,22.606427,106.0179879,31,Good,0,25.1,93,7.2,3.8,335,974.9,100,4.3,4.4,178.0,2.6,63.0,2.5
2025-08-26 13:00:00,2025,8,26,13,Cao Bằng,Xã Tam Kim,22.606427,106.0179879,31,Good,0,24.7,89,0.9,1.4,360,974.4,100,4.4,4.5,178.0,2.0,67.0,2.1
2025-08-26 14:00:00,2025,8,26,14,Cao Bằng,Xã Tam Kim,22.606427,106.0179879,31,Good,0,25.9,83,0.1,5.2,268,973.6,100,3.9,4.0,174.0,1.6,70.0,1.8
2025-08-26 15:00:00,2025,8,26,15,Cao Bằng,Xã Tam Kim,22.606427,106.0179879,30,Good,0,25.7,92,1.5,3.0,237,972.9,100,4.8,4.8,168.0,1.3,72.0,1.6
2025-08-26 16:00:00,2025,8,26,16,Cao Bằng,Xã Tam Kim,22.606427,106.0179879,30,Good,0,24.8,94,0.4,5.1,264,972.5,100,5.1,5.2,170.0,2.0,71.0,1.5
2025-08-26 17:00:00,2025,8,26,17,Cao Bằng,Xã Tam Kim,22.606427,106.0179879,29,Good,0,24.4,96,0.1,5.5,253,972.9,100,5.7,5.8,188.0,4.3,64.0,1.7
2025-08-26 18:00:00,2025,8,26,18,Cao Bằng,Xã Tam Kim,22.606427,106.0179879,30,Good,0,24.2,96,0.2,5.6,272,972.9,100,6.5,6.6,212.0,7.4,54.0,2.1
2025-08-26 19:00:00,2025,8,26,19,Cao Bằng,Xã Tam Kim,22.606427,106.0179879,30,Good,0,23.6,98,0.4,3.4,270,973.0,100,13.2,13.7,224.0,14.3,37.0,2.9
2025-08-26 20:00:00,2025,8,26,20,Cao Bằng,Xã Tam Kim,22.606427,106.0179879,29,Good,0,22.8,98,0.1,5.7,259,974.2,100,13.0,13.4,211.0,13.1,37.0,3.0
2025-08-26 21:00:00,2025,8,26,21,Cao Bằng,Xã Tam Kim,22.606427,106.0179879,28,Good,0,22.8,98,0.2,4.2,263,974.6,99,12.6,12.9,185.0,11.5,38.0,3.1
2025-08-26 22:00:00,2025,8,26,22,Cao Bằng,Xã Tam Kim,22.606427,106.0179879,28,Good,0,22.9,98,0.2,3.2,243,974.7,100,11.2,11.4,165.0,10.2,38.0,3.1
2025-08-26 23:00:00,2025,8,26,23,Cao Bằng,Xã Tam Kim,22.606427,106.0179879,29,Good,0,23.1,97,0.2,2.6,304,974.7,100,7.3,7.5,159.0,9.5,38.0,3.0
2025-08-27 00:00:00,2025,8,27,0,Cao Bằng,Xã Tam Kim,22.606427,106.0179879,28,Good,0,22.9,98,0.1,5.1,306,974.2,100,7.4,7.5,159.0,9.1,37.0,2.9
2025-08-27 01:00:00,2025,8,27,1,Cao Bằng,Xã Tam Kim,22.606427,106.0179879,28,Good,0,22.6,98,0.0,5.9,284,973.7,100,7.6,7.7,158.0,8.6,37.0,2.8
2025-08-27 02:00:00,2025,8,27,2,Cao Bằng,Xã Tam Kim,22.606427,106.0179879,29,Good,0,22.5,98,0.0,3.7,293,973.3,48,8.0,8.1,150.0,8.0,38.0,2.7
2025-08-27 03:00:00,2025,8,27,3,Cao Bằng,Xã Tam Kim,22.606427,106.0179879,29,Good,0,22.3,98,0.0,4.0,300,973.3,89,8.1,8.3,142.0,7.3,39.0,2.7
2025-08-27 04:00:00,2025,8,27,4,Cao Bằng,Xã Tam Kim,22.606427,106.0179879,30,Good,0,22.2,97,0.0,3.7,284,973.0,59,6.9,7.0,140.0,6.7,41.0,2.7
2025-08-27 05:00:00,2025,8,27,5,Cao Bằng,Xã Tam Kim,22.606427,106.0179879,30,Good,0,22.4,96,0.1,2.8,255,973.1,98,5.8,5.9,154.0,6.3,42.0,2.7
2025-08-27 06:00:00,2025,8,27,6,Cao Bằng,Xã Tam Kim,22.606427,106.0179879,30,Good,0,22.8,96,0.1,2.2,261,973.3,100,5.3,5.4,175.0,6.0,43.0,2.8
2025-08-27 07:00:00,2025,8,27,7,Cao Bằng,Xã Tam Kim,22.606427,106.0179879,30,Good,0,23.2,95,0.1,2.3,270,973.9,99,4.7,4.7,188.0,5.6,44.0,2.5
2025-08-27 08:00:00,2025,8,27,8,Cao Bằng,Xã Tam Kim,22.606427,106.0179879,30,Good,0,24.4,92,0.1,2.1,218,974.6,100,3.7,3.8,182.0,4.5,50.0,2.1
2025-08-27 09:00:00,2025,8,27,9,Cao Bằng,Xã Tam Kim,22.606427,106.0179879,30,Good,0,24.8,91,0.1,0.3,45,975.2,100,4.3,4.4,167.0,3.0,59.0,1.5
2025-08-27 10:00:00,2025,8,27,10,Cao Bằng,Xã Tam Kim,22.606427,106.0179879,29,Good,0,24.8,93,0.6,4.1,182,975.4,100,4.5,4.7,156.0,1.9,66.0,1.0
2025-08-27 11:00:00,2025,8,27,11,Cao Bằng,Xã Tam Kim,22.606427,106.0179879,29,Good,0,24.1,100,2.5,6.8,132,975.3,100,4.2,4.4,155.0,1.5,68.0,0.7
2025-08-27 12:00:00,2025,8,27,12,Cao Bằng,Xã Tam Kim,22.606427,106.0179879,28,Good,0,24.6,98,0.7,2.2,145,974.4,94,4.1,4.3,158.0,1.5,67.0,0.6
2025-08-27 13:00:00,2025,8,27,13,Cao Bằng,Xã Tam Kim,22.606427,106.0179879,28,Good,0,26.0,89,0.3,1.5,21,973.4,72,4.5,4.7,160.0,1.5,67.0,0.6
2025-08-27 14:00:00,2025,8,27,14,Cao Bằng,Xã Tam Kim,22.606427,106.0179879,28,Good,0,28.3,73,0.1,0.6,56,972.2,42,5.1,5.2,154.0,1.1,71.0,0.8
2025-08-27 15:00:00,2025,8,27,15,Cao Bằng,Xã Tam Kim,22.606427,106.0179879,29,Good,0,29.0,69,0.2,4.7,106,971.4,82,5.3,5.4,147.0,0.8,77.0,1.0
2025-08-27 16:00:00,2025,8,27,16,Cao Bằng,Xã Tam Kim,22.606427,106.0179879,30,Good,0,28.3,71,0.0,4.0,120,970.7,81,5.6,5.7,151.0,1.7,78.0,1.4
2025-08-27 17:00:00,2025,8,27,17,Cao Bằng,Xã Tam Kim,22.606427,106.0179879,32,Good,0,27.9,74,0.0,5.4,154,970.8,89,5.8,6.0,178.0,4.6,70.0,1.9
2025-08-27 18:00:00,2025,8,27,18,Cao Bằng,Xã Tam Kim,22.606427,106.0179879,33,Good,0,26.0,84,0.3,5.0,206,971.4,51,6.7,6.8,217.0,8.6,58.0,2.4
2025-08-27 19:00:00,2025,8,27,19,Cao Bằng,Xã Tam Kim,22.606427,106.0179879,32,Good,0,24.8,90,0.0,2.4,261,971.9,23,12.7,13.1,249.0,13.0,57.0,5.3
2025-08-27 20:00:00,2025,8,27,20,Cao Bằng,Xã Tam Kim,22.606427,106.0179879,32,Good,0,24.7,92,0.0,0.7,270,972.5,42,14.4,14.8,267.0,16.3,51.0,6.2
2025-08-27 21:00:00,2025,8,27,21,Cao Bằng,Xã Tam Kim,22.606427,106.0179879,31,Good,0,24.3,91,0.0,0.7,270,973.5,48,17.1,17.4,277.0,20.8,42.0,7.5
2025-08-27 22:00:00,2025,8,27,22,Cao Bằng,Xã Tam Kim,22.606427,106.0179879,30,Good,0,23.9,90,0.0,1.7,252,974.0,28,19.7,20.1,278.0,24.5,34.0,7.9
2025-08-27 23:00:00,2025,8,27,23,Cao Bằng,Xã Tam Kim,22.606427,106.0179879,31,Good,0,23.7,89,0.0,1.4,270,974.0,11,21.7,22.1,266.0,27.2,27.0,6.7
2025-08-28 00:00:00,2025,8,28,0,Cao Bằng,Xã Tam Kim,22.606427,106.0179879,34,Good,0,23.4,89,0.0,0.5,270,973.8,6,27.2,27.5,245.0,29.0,21.0,4.8
2025-08-28 01:00:00,2025,8,28,1,Cao Bằng,Xã Tam Kim,22.606427,106.0179879,37,Good,0,23.1,89,0.0,0.5,270,973.2,20,30.7,31.1,223.0,28.6,19.0,3.5
2025-08-28 02:00:00,2025,8,28,2,Cao Bằng,Xã Tam Kim,22.606427,106.0179879,41,Good,0,22.7,90,0.0,1.1,252,972.8,14,29.6,30.0,196.0,24.2,22.0,3.5
2025-08-28 03:00:00,2025,8,28,3,Cao Bằng,Xã Tam Kim,22.606427,106.0179879,45,Good,0,22.2,90,0.0,1.0,248,972.5,2,21.9,22.2,168.0,17.5,28.0,4.2
2025-08-28 04:00:00,2025,8,28,4,Cao Bằng,Xã Tam Kim,22.606427,106.0179879,47,Good,0,22.3,90,0.0,0.6,252,972.5,3,17.0,17.3,155.0,12.0,34.0,4.7
2025-08-28 05:00:00,2025,8,28,5,Cao Bằng,Xã Tam Kim,22.606427,106.0179879,49,Good,0,22.2,90,0.0,0.9,281,972.6,1,14.9,15.1,174.0,9.0,39.0,4.7
2025-08-28 06:00:00,2025,8,28,6,Cao Bằng,Xã Tam Kim,22.606427,106.0179879,50,Good,0,22.0,92,0.0,2.5,274,972.9,1,14.3,14.6,209.0,7.2,43.0,4.5
2025-08-28 07:00:00,2025,8,28,7,Cao Bằng,Xã Tam Kim,22.606427,106.0179879,51,Moderate,1,23.6,91,0.0,2.7,238,973.5,0,14.6,14.7,227.0,7.5,46.0,4.8
2025-08-28 08:00:00,2025,8,28,8,Cao Bằng,Xã Tam Kim,22.606427,106.0179879,52,Moderate,1,25.1,87,0.0,1.3,352,974.1,1,10.2,10.4,211.0,5.9,56.0,7.6
2025-08-28 09:00:00,2025,8,28,9,Cao Bằng,Xã Tam Kim,22.606427,106.0179879,52,Moderate,1,27.2,78,0.0,1.7,32,974.5,17,9.3,9.7,178.0,3.8,71.0,11.4
2025-08-28 10:00:00,2025,8,28,10,Cao Bằng,Xã Tam Kim,22.606427,106.0179879,53,Moderate,1,28.9,68,0.1,4.2,95,974.7,14,8.9,9.4,151.0,2.1,83.0,13.6
2025-08-28 11:00:00,2025,8,28,11,Cao Bằng,Xã Tam Kim,22.606427,106.0179879,53,Moderate,1,29.7,65,0.0,5.4,116,974.3,10,8.6,9.1,138.0,1.4,90.0,12.8
2025-08-28 12:00:00,2025,8,28,12,Cao Bằng,Xã Tam Kim,22.606427,106.0179879,54,Moderate,1,30.7,59,0.0,4.9,141,973.3,23,10.0,10.4,131.0,1.1,94.0,10.4
2025-08-28 13:00:00,2025,8,28,13,Cao Bằng,Xã Tam Kim,22.606427,106.0179879,54,Moderate,1,31.4,55,0.0,5.3,147,972.2,23,9.6,10.0,127.0,1.0,97.0,8.3
2025-08-28 14:00:00,2025,8,28,14,Cao Bằng,Xã Tam Kim,22.606427,106.0179879,55,Moderate,1,31.1,57,0.1,6.6,139,971.2,37,10.2,10.5,124.0,0.4,100.0,7.1
2025-08-28 15:00:00,2025,8,28,15,Cao Bằng,Xã Tam Kim,22.606427,106.0179879,55,Moderate,1,30.6,58,0.3,7.4,148,970.6,53,11.2,11.6,124.0,0.0,101.0,6.1
2025-08-28 16:00:00,2025,8,28,16,Cao Bằng,Xã Tam Kim,22.606427,106.0179879,56,Moderate,1,30.0,61,0.1,4.5,113,970.2,18,12.0,12.3,134.0,1.4,98.0,5.6
2025-08-28 17:00:00,2025,8,28,17,Cao Bằng,Xã Tam Kim,22.606427,106.0179879,56,Moderate,1,29.1,69,0.0,4.4,63,970.2,25,12.6,12.9,162.0,6.1,87.0,5.7
2025-08-28 18:00:00,2025,8,28,18,Cao Bằng,Xã Tam Kim,22.606427,106.0179879,57,Moderate,1,27.3,83,0.0,2.8,50,970.6,57,14.6,14.9,201.0,12.6,73.0,6.3
2025-08-28 19:00:00,2025,8,28,19,Cao Bằng,Xã Tam Kim,22.606427,106.0179879,58,Moderate,1,26.0,85,0.0,3.8,180,972.3,66,16.3,16.6,235.0,15.8,59.0,6.9
2025-08-28 20:00:00,2025,8,28,20,Cao Bằng,Xã Tam Kim,22.606427,106.0179879,58,Moderate,1,25.4,79,0.0,4.5,209,972.9,18,18.2,18.6,263.0,15.6,55.0,6.7
2025-08-28 21:00:00,2025,8,28,21,Cao Bằng,Xã Tam Kim,22.606427,106.0179879,58,Moderate,1,24.9,80,0.0,3.9,227,973.7,29,18.7,19.1,286.0,15.5,50.0,6.5
2025-08-28 22:00:00,2025,8,28,22,Cao Bằng,Xã Tam Kim,22.606427,106.0179879,58,Moderate,1,24.1,82,0.0,4.9,253,974.2,21,20.0,20.3,296.0,15.8,44.0,6.3
2025-08-28 23:00:00,2025,8,28,23,Cao Bằng,Xã Tam Kim,22.606427,106.0179879,58,Moderate,1,23.4,85,0.0,2.4,253,974.1,8,22.9,23.3,287.0,17.5,37.0,6.2
2025-08-29 00:00:00,2025,8,29,0,Cao Bằng,Xã Tam Kim,22.606427,106.0179879,58,Moderate,1,23.2,85,0.0,1.7,257,973.8,68,24.3,24.6,265.0,19.7,30.0,6.2
2025-08-29 01:00:00,2025,8,29,1,Cao Bằng,Xã Tam Kim,22.606427,106.0179879,58,Moderate,1,24.0,80,0.0,4.1,268,973.6,13,24.1,24.4,240.0,20.5,25.0,5.8
2025-08-29 02:00:00,2025,8,29,2,Cao Bằng,Xã Tam Kim,22.606427,106.0179879,58,Moderate,1,23.2,84,0.0,3.4,276,972.8,61,23.3,23.6,208.0,18.8,23.0,4.8
2025-08-29 03:00:00,2025,8,29,3,Cao Bằng,Xã Tam Kim,22.606427,106.0179879,57,Moderate,1,23.1,84,0.0,2.4,283,972.6,18,24.0,24.3,172.0,15.7,22.0,3.4
2025-08-29 04:00:00,2025,8,29,4,Cao Bằng,Xã Tam Kim,22.606427,106.0179879,57,Moderate,1,22.7,86,0.2,0.9,90,973.4,64,23.1,23.4,151.0,12.9,24.0,2.4
2025-08-29 05:00:00,2025,8,29,5,Cao Bằng,Xã Tam Kim,22.606427,106.0179879,58,Moderate,1,21.7,93,0.3,2.3,270,973.9,29,22.5,22.7,158.0,11.0,27.0,1.9
2025-08-29 06:00:00,2025,8,29,6,Cao Bằng,Xã Tam Kim,22.606427,106.0179879,58,Moderate,1,22.0,93,0.0,5.2,276,974.2,12,21.6,21.8,181.0,9.4,31.0,1.8
2025-08-29 07:00:00,2025,8,29,7,Cao Bằng,Xã Tam Kim,22.606427,106.0179879,59,Moderate,1,23.4,91,0.0,2.8,297,975.1,9,16.6,16.8,195.0,6.5,53.0,2.6
2025-08-29 08:00:00,2025,8,29,8,Cao Bằng,Xã Tam Kim,22.606427,106.0179879,59,Moderate,1,25.1,84,0.0,5.0,251,976.0,23,14.3,14.6,188.0,4.9,72.0,3.0
2025-08-29 09:00:00,2025,8,29,9,Cao Bằng,Xã Tam Kim,22.606427,106.0179879,60,Moderate,1,27.3,71,0.0,3.9,304,976.4,16,14.3,14.5,174.0,2.6,98.0,3.5
2025-08-29 10:00:00,2025,8,29,10,Cao Bằng,Xã Tam Kim,22.606427,106.0179879,60,Moderate,1,29.0,64,0.0,2.5,356,976.4,21,13.4,13.6,170.0,1.1,114.0,3.8
2025-08-29 11:00:00,2025,8,29,11,Cao Bằng,Xã Tam Kim,22.606427,106.0179879,60,Moderate,1,30.2,62,0.2,3.0,38,975.6,54,11.6,11.7,190.0,0.9,110.0,3.6
2025-08-29 12:00:00,2025,8,29,12,Cao Bằng,Xã Tam Kim,22.606427,106.0179879,61,Moderate,1,25.2,93,6.6,17.5,141,975.3,97,11.1,11.2,221.0,1.3,96.0,3.2
2025-08-29 13:00:00,2025,8,29,13,Cao Bằng,Xã Tam Kim,22.606427,106.0179879,61,Moderate,1,25.0,96,3.4,4.2,205,975.0,55,12.6,12.7,240.0,1.8,84.0,2.9
2025-08-29 14:00:00,2025,8,29,14,Cao Bằng,Xã Tam Kim,22.606427,106.0179879,61,Moderate,1,26.5,89,1.9,2.9,317,974.3,100,11.9,12.0,231.0,1.7,82.0,2.9
2025-08-29 15:00:00,2025,8,29,15,Cao Bằng,Xã Tam Kim,22.606427,106.0179879,61,Moderate,1,26.2,84,0.8,2.9,83,973.9,99,11.0,11.0,209.0,1.7,82.0,2.9
2025-08-29 16:00:00,2025,8,29,16,Cao Bằng,Xã Tam Kim,22.606427,106.0179879,61,Moderate,1,24.5,97,3.0,7.5,233,973.2,98,10.1,10.2,199.0,2.5,79.0,3.0
2025-08-29 17:00:00,2025,8,29,17,Cao Bằng,Xã Tam Kim,22.606427,106.0179879,61,Moderate,1,24.4,97,0.3,6.3,272,973.2,100,10.0,10.0,220.0,4.9,70.0,3.0
2025-08-29 18:00:00,2025,8,29,18,Cao Bằng,Xã Tam Kim,22.606427,106.0179879,61,Moderate,1,24.1,97,0.1,3.1,263,973.6,100,9.9,9.9,254.0,8.2,57.0,3.1
2025-08-29 19:00:00,2025,8,29,19,Cao Bằng,Xã Tam Kim,22.606427,106.0179879,60,Moderate,1,23.7,96,0.0,6.9,295,974.4,100,16.3,16.4,266.0,14.8,45.0,4.7
2025-08-29 20:00:00,2025,8,29,20,Cao Bằng,Xã Tam Kim,22.606427,106.0179879,60,Moderate,1,23.9,95,0.0,6.9,300,975.1,72,17.4,17.6,236.0,14.0,42.0,4.5
2025-08-29 21:00:00,2025,8,29,21,Cao Bằng,Xã Tam Kim,22.606427,106.0179879,60,Moderate,1,23.4,94,0.0,7.1,306,976.0,99,15.5,15.7,185.0,12.8,37.0,4.1
2025-08-29 22:00:00,2025,8,29,22,Cao Bằng,Xã Tam Kim,22.606427,106.0179879,60,Moderate,1,23.4,93,0.0,8.6,307,976.0,100,13.8,13.9,145.0,11.6,34.0,3.7
2025-08-29 23:00:00,2025,8,29,23,Cao Bằng,Xã Tam Kim,22.606427,106.0179879,60,Moderate,1,23.1,94,0.0,8.7,310,975.7,60,12.7,12.9,131.0,10.3,33.0,3.2
2025-08-30 00:00:00,2025,8,30,0,Cao Bằng,Xã Tam Kim,22.606427,106.0179879,59,Moderate,1,22.9,95,0.0,9.2,310,975.2,98,12.3,12.4,128.0,8.8,34.0,2.7
2025-08-30 01:00:00,2025,8,30,1,Cao Bằng,Xã Tam Kim,22.606427,106.0179879,58,Moderate,1,22.8,94,0.0,10.0,309,974.4,78,12.0,12.1,128.0,7.6,35.0,2.3
2025-08-30 02:00:00,2025,8,30,2,Cao Bằng,Xã Tam Kim,22.606427,106.0179879,56,Moderate,1,22.9,93,0.0,9.7,305,974.0,98,11.7,11.8,128.0,6.7,36.0,2.0
2025-08-30 03:00:00,2025,8,30,3,Cao Bằng,Xã Tam Kim,22.606427,106.0179879,55,Moderate,1,22.9,91,0.0,9.7,313,973.9,98,12.0,12.2,131.0,6.0,38.0,1.7
2025-08-30 04:00:00,2025,8,30,4,Cao Bằng,Xã Tam Kim,22.606427,106.0179879,54,Moderate,1,22.8,90,0.0,6.7,297,973.9,97,12.4,12.5,139.0,5.4,40.0,1.5
2025-08-30 05:00:00,2025,8,30,5,Cao Bằng,Xã Tam Kim,22.606427,106.0179879,53,Moderate,1,22.6,90,0.0,8.1,317,974.0,98,12.6,12.7,156.0,4.9,40.0,1.5
2025-08-30 06:00:00,2025,8,30,6,Cao Bằng,Xã Tam Kim,22.606427,106.0179879,53,Moderate,1,22.3,91,0.0,10.2,309,974.1,59,13.0,13.1,178.0,4.6,41.0,1.5
2025-08-30 07:00:00,2025,8,30,7,Cao Bằng,Xã Tam Kim,22.606427,106.0179879,52,Moderate,1,23.9,87,0.0,9.3,302,975.2,87,12.7,12.9,192.0,4.3,43.0,1.6
2025-08-30 08:00:00,2025,8,30,8,Cao Bằng,Xã Tam Kim,22.606427,106.0179879,51,Moderate,1,26.5,80,0.0,8.3,303,975.9,29,12.7,13.1,190.0,3.4,59.0,2.3
2025-08-30 09:00:00,2025,8,30,9,Cao Bằng,Xã Tam Kim,22.606427,106.0179879,51,Moderate,1,28.8,67,0.0,9.0,317,975.9,20,12.2,12.7,179.0,2.1,80.0,3.3
2025-08-30 10:00:00,2025,8,30,10,Cao Bằng,Xã Tam Kim,22.606427,106.0179879,51,Moderate,1,29.6,69,1.0,10.2,34,975.8,43,12.3,12.5,169.0,1.1,96.0,4.0
2025-08-30 11:00:00,2025,8,30,11,Cao Bằng,Xã Tam Kim,22.606427,106.0179879,51,Moderate,1,31.4,58,0.0,8.6,53,975.2,75,11.6,11.8,158.0,0.8,102.0,4.1
2025-08-30 12:00:00,2025,8,30,12,Cao Bằng,Xã Tam Kim,22.606427,106.0179879,51,Moderate,1,32.7,50,0.0,11.2,58,974.2,84,11.1,11.3,148.0,0.8,102.0,4.0
2025-08-30 13:00:00,2025,8,30,13,Cao Bằng,Xã Tam Kim,22.606427,106.0179879,51,Moderate,1,33.1,49,0.0,7.7,66,973.0,97,10.4,10.6,146.0,0.9,101.0,3.8
2025-08-30 14:00:00,2025,8,30,14,Cao Bằng,Xã Tam Kim,22.606427,106.0179879,51,Moderate,1,31.6,54,0.1,7.8,44,972.3,93,9.6,9.8,162.0,0.9,100.0,3.7
2025-08-30 15:00:00,2025,8,30,15,Cao Bằng,Xã Tam Kim,22.606427,106.0179879,51,Moderate,1,28.2,80,2.1,9.8,116,972.4,100,9.0,9.2,187.0,1.0,97.0,3.6
2025-08-30 16:00:00,2025,8,30,16,Cao Bằng,Xã Tam Kim,22.606427,106.0179879,50,Good,0,26.6,86,0.2,9.4,184,972.4,93,9.6,9.8,205.0,1.6,92.0,3.7
2025-08-30 17:00:00,2025,8,30,17,Cao Bằng,Xã Tam Kim,22.606427,106.0179879,50,Good,0,24.9,97,5.8,5.8,277,973.1,99,10.4,10.5,207.0,3.2,85.0,4.1
2025-08-30 18:00:00,2025,8,30,18,Cao Bằng,Xã Tam Kim,22.606427,106.0179879,50,Good,0,24.5,96,0.1,6.5,273,973.3,100,11.6,11.7,201.0,5.3,77.0,4.7
2025-08-30 19:00:00,2025,8,30,19,Cao Bằng,Xã Tam Kim,22.606427,106.0179879,51,Moderate,1,23.9,97,0.1,4.8,285,973.9,93,13.7,14.0,194.0,8.5,55.0,4.0
2025-08-30 20:00:00,2025,8,30,20,Cao Bằng,Xã Tam Kim,22.606427,106.0179879,50,Good,0,26.4,84,0.0,1.0,292,974.2,98,13.6,13.8,187.0,9.1,51.0,4.1
2025-08-30 21:00:00,2025,8,30,21,Cao Bằng,Xã Tam Kim,22.606427,106.0179879,50,Good,0,24.0,98,5.8,2.9,356,975.5,96,13.8,14.0,179.0,9.8,45.0,4.1
2025-08-30 22:00:00,2025,8,30,22,Cao Bằng,Xã Tam Kim,22.606427,106.0179879,50,Good,0,23.7,98,0.4,4.6,283,975.8,85,13.6,13.8,170.0,10.1,41.0,4.1
2025-08-30 23:00:00,2025,8,30,23,Cao Bằng,Xã Tam Kim,22.606427,106.0179879,50,Good,0,23.7,95,0.4,0.7,76,975.8,95,11.9,12.1,160.0,9.6,40.0,3.9
2025-08-31 00:00:00,2025,8,31,0,Cao Bằng,Xã Tam Kim,22.606427,106.0179879,50,Good,0,23.1,99,0.6,5.1,260,975.3,73,10.5,10.7,150.0,8.8,40.0,3.5
2025-08-31 01:00:00,2025,8,31,1,Cao Bằng,Xã Tam Kim,22.606427,106.0179879,49,Good,0,22.8,99,1.0,4.8,283,974.8,89,9.3,9.5,143.0,7.9,41.0,3.2
2025-08-31 02:00:00,2025,8,31,2,Cao Bằng,Xã Tam Kim,22.606427,106.0179879,49,Good,0,22.8,96,0.1,6.2,319,974.3,100,8.8,9.0,138.0,7.1,43.0,3.0
2025-08-31 03:00:00,2025,8,31,3,Cao Bằng,Xã Tam Kim,22.606427,106.0179879,48,Good,0,22.8,95,0.1,5.7,325,974.1,97,9.4,9.5,135.0,6.3,46.0,2.8
2025-08-31 04:00:00,2025,8,31,4,Cao Bằng,Xã Tam Kim,22.606427,106.0179879,48,Good,0,22.7,97,0.0,2.8,297,974.0,100,9.4,9.5,138.0,5.7,48.0,2.7
2025-08-31 05:00:00,2025,8,31,5,Cao Bằng,Xã Tam Kim,22.606427,106.0179879,47,Good,0,22.6,96,0.0,3.2,322,974.1,100,9.5,9.7,153.0,5.6,48.0,2.9
2025-08-31 06:00:00,2025,8,31,6,Cao Bằng,Xã Tam Kim,22.606427,106.0179879,47,Good,0,22.3,98,0.1,6.5,314,974.8,100,9.6,9.7,173.0,5.7,47.0,3.2
2025-08-31 07:00:00,2025,8,31,7,Cao Bằng,Xã Tam Kim,22.606427,106.0179879,46,Good,0,22.8,97,0.0,6.0,280,974.7,100,1.0,1.0,183.0,5.0,49.0,2.7
2025-08-31 08:00:00,2025,8,31,8,Cao Bằng,Xã Tam Kim,22.606427,106.0179879,44,Good,0,24.8,94,0.1,4.1,308,975.8,97,1.0,1.1,171.0,4.1,51.0,2.4
2025-08-31 09:00:00,2025,8,31,9,Cao Bằng,Xã Tam Kim,22.606427,106.0179879,42,Good,0,26.7,83,0.1,3.4,295,976.1,100,1.1,1.2,147.0,2.8,55.0,2.0
2025-08-31 10:00:00,2025,8,31,10,Cao Bằng,Xã Tam Kim,22.606427,106.0179879,40,Good,0,27.7,76,0.0,1.1,81,976.3,100,1.7,1.8,132.0,1.8,58.0,1.6
2025-08-31 11:00:00,2025,8,31,11,Cao Bằng,Xã Tam Kim,22.606427,106.0179879,38,Good,0,28.7,69,0.0,1.8,127,975.5,100,2.4,2.5,134.0,1.5,60.0,1.4
2025-08-31 12:00:00,2025,8,31,12,Cao Bằng,Xã Tam Kim,22.606427,106.0179879,37,Good,0,28.7,69,0.2,1.8,349,974.2,88,3.5,3.6,143.0,1.5,62.0,1.3
2025-08-31 13:00:00,2025,8,31,13,Cao Bằng,Xã Tam Kim,22.606427,106.0179879,35,Good,0,29.7,67,0.3,3.5,28,973.4,83,4.0,4.1,150.0,1.6,64.0,1.2
2025-08-31 14:00:00,2025,8,31,14,Cao Bằng,Xã Tam Kim,22.606427,106.0179879,34,Good,0,30.4,65,0.1,4.4,81,972.1,91,5.3,5.5,143.0,1.1,68.0,1.1
2025-08-31 15:00:00,2025,8,31,15,Cao Bằng,Xã Tam Kim,22.606427,106.0179879,34,Good,0,30.1,63,0.0,6.3,110,971.7,69,5.9,6.1,132.0,0.6,72.0,1.0
2025-08-31 16:00:00,2025,8,31,16,Cao Bằng,Xã Tam Kim,22.606427,106.0179879,33,Good,0,28.0,79,1.0,8.9,99,971.6,96,6.7,6.8,141.0,1.9,72.0,1.3
2025-08-31 17:00:00,2025,8,31,17,Cao Bằng,Xã Tam Kim,22.606427,106.0179879,33,Good,0,26.7,83,0.2,6.2,197,971.7,90,7.9,8.0,191.0,6.1,66.0,2.1
2025-08-31 18:00:00,2025,8,31,18,Cao Bằng,Xã Tam Kim,22.606427,106.0179879,32,Good,0,25.4,93,0.0,4.0,231,971.9,93,9.1,9.2,261.0,12.0,56.0,3.2
2025-08-31 19:00:00,2025,8,31,19,Cao Bằng,Xã Tam Kim,22.606427,106.0179879,32,Good,0,24.8,92,0.0,2.3,293,972.1,81,11.8,12.0,307.0,19.1,37.0,4.6
2025-08-31 20:00:00,2025,8,31,20,Cao Bằng,Xã Tam Kim,22.606427,106.0179879,31,Good,0,25.4,88,0.0,2.0,270,973.0,89,14.1,14.3,310.0,20.5,31.0,4.5
2025-08-31 21:00:00,2025,8,31,21,Cao Bằng,Xã Tam Kim,22.606427,106.0179879,31,Good,0,25.3,87,0.0,0.8,45,973.7,93,14.0,14.1,289.0,22.3,23.0,4.4
2025-08-31 22:00:00,2025,8,31,22,Cao Bằng,Xã Tam Kim,22.606427,106.0179879,32,Good,0,25.0,88,0.0,1.0,248,973.8,51,15.9,16.1,266.0,23.0,18.0,4.1
2025-08-31 23:00:00,2025,8,31,23,Cao Bằng,Xã Tam Kim,22.606427,106.0179879,32,Good,0,24.6,87,0.0,1.1,270,974.1,29,20.3,20.4,244.0,21.8,17.0,3.4
2025-09-01 00:00:00,2025,9,1,0,Cao Bằng,Xã Tam Kim,22.606427,106.0179879,33,Good,0,24.3,87,0.0,1.4,293,973.4,5,22.2,22.3,219.0,19.5,19.0,2.5
2025-09-01 01:00:00,2025,9,1,1,Cao Bằng,Xã Tam Kim,22.606427,106.0179879,35,Good,0,24.0,88,0.0,1.7,283,973.0,1,16.8,16.9,197.0,17.1,20.0,1.7
2025-09-01 02:00:00,2025,9,1,2,Cao Bằng,Xã Tam Kim,22.606427,106.0179879,37,Good,0,23.5,88,0.0,2.3,288,972.3,3,15.0,15.1,179.0,15.0,19.0,1.2
2025-09-01 03:00:00,2025,9,1,3,Cao Bằng,Xã Tam Kim,22.606427,106.0179879,38,Good,0,23.3,88,0.0,2.4,283,972.1,0,14.0,14.1,164.0,12.9,18.0,1.0
2025-09-01 04:00:00,2025,9,1,4,Cao Bằng,Xã Tam Kim,22.606427,106.0179879,39,Good,0,23.2,87,0.0,1.6,264,972.4,1,12.7,12.7,161.0,10.8,19.0,0.9
2025-09-01 05:00:00,2025,9,1,5,Cao Bằng,Xã Tam Kim,22.606427,106.0179879,39,Good,0,23.0,86,0.0,1.8,281,972.4,0,12.0,12.1,183.0,8.7,24.0,1.1
2025-09-01 06:00:00,2025,9,1,6,Cao Bằng,Xã Tam Kim,22.606427,106.0179879,40,Good,0,23.2,86,0.0,1.6,276,972.7,2,12.3,12.4,216.0,6.7,31.0,1.6
2025-09-01 07:00:00,2025,9,1,7,Cao Bằng,Xã Tam Kim,22.606427,106.0179879,40,Good,0,24.5,86,0.0,2.1,290,973.3,0,9.1,9.1,232.0,6.6,33.0,1.1
2025-09-01 08:00:00,2025,9,1,8,Cao Bằng,Xã Tam Kim,22.606427,106.0179879,41,Good,0,26.2,82,0.0,1.8,307,973.9,0,8.3,8.3,210.0,5.0,50.0,1.3
2025-09-01 09:00:00,2025,9,1,9,Cao Bằng,Xã Tam Kim,22.606427,106.0179879,43,Good,0,28.4,70,0.0,1.6,6,974.5,1,6.9,7.0,170.0,2.8,74.0,1.5
2025-09-01 10:00:00,2025,9,1,10,Cao Bằng,Xã Tam Kim,22.606427,106.0179879,44,Good,0,29.9,62,0.0,3.3,81,974.5,13,6.0,6.2,141.0,1.2,90.0,1.6
2025-09-01 11:00:00,2025,9,1,11,Cao Bằng,Xã Tam Kim,22.606427,106.0179879,44,Good,0,30.6,61,0.0,4.4,78,973.8,21,5.0,5.2,137.0,0.7,92.0,1.5
2025-09-01 12:00:00,2025,9,1,12,Cao Bằng,Xã Tam Kim,22.606427,106.0179879,45,Good,0,31.6,55,0.1,4.2,83,972.8,27,4.4,4.6,144.0,0.7,87.0,1.3
2025-09-01 13:00:00,2025,9,1,13,Cao Bằng,Xã Tam Kim,22.606427,106.0179879,45,Good,0,32.0,53,0.1,4.7,97,971.5,54,4.2,4.4,150.0,0.8,83.0,1.1
2025-09-01 14:00:00,2025,9,1,14,Cao Bằng,Xã Tam Kim,22.606427,106.0179879,45,Good,0,32.3,52,0.1,6.0,99,970.0,22,4.1,4.4,149.0,0.7,83.0,1.0
2025-09-01 15:00:00,2025,9,1,15,Cao Bằng,Xã Tam Kim,22.606427,106.0179879,45,Good,0,31.5,56,0.0,10.7,123,969.5,35,4.2,4.4,147.0,0.7,84.0,1.0
2025-09-01 16:00:00,2025,9,1,16,Cao Bằng,Xã Tam Kim,22.606427,106.0179879,45,Good,0,30.9,60,0.0,9.7,108,969.2,57,4.4,4.6,149.0,1.3,82.0,1.1
2025-09-01 17:00:00,2025,9,1,17,Cao Bằng,Xã Tam Kim,22.606427,106.0179879,44,Good,0,29.7,68,0.0,7.4,122,969.4,14,5.0,5.2,160.0,2.8,77.0,1.4
2025-09-01 18:00:00,2025,9,1,18,Cao Bằng,Xã Tam Kim,22.606427,106.0179879,44,Good,0,27.7,78,0.0,7.2,141,969.7,21,6.3,6.4,175.0,5.0,69.0,1.9
2025-09-01 19:00:00,2025,9,1,19,Cao Bằng,Xã Tam Kim,22.606427,106.0179879,43,Good,0,26.1,85,0.0,5.2,136,970.7,52,16.7,17.6,187.0,10.2,56.0,2.6
2025-09-01 20:00:00,2025,9,1,20,Cao Bằng,Xã Tam Kim,22.606427,106.0179879,44,Good,0,25.9,82,0.0,4.2,205,971.0,31,18.0,18.7,194.0,11.4,52.0,3.0
2025-09-01 21:00:00,2025,9,1,21,Cao Bằng,Xã Tam Kim,22.606427,106.0179879,45,Good,0,25.5,83,0.0,1.1,180,972.1,95,19.4,20.0,197.0,12.9,46.0,3.7
2025-09-01 22:00:00,2025,9,1,22,Cao Bằng,Xã Tam Kim,22.606427,106.0179879,46,Good,0,24.9,86,0.0,0.6,198,972.7,23,20.7,21.2,194.0,13.4,44.0,4.6
2025-09-01 23:00:00,2025,9,1,23,Cao Bằng,Xã Tam Kim,22.606427,106.0179879,47,Good,0,24.5,87,0.0,0.0,270,972.9,17,22.4,22.9,181.0,12.1,49.0,6.0
2025-09-02 00:00:00,2025,9,2,0,Cao Bằng,Xã Tam Kim,22.606427,106.0179879,47,Good,0,24.2,89,0.0,0.4,297,972.6,12,24.0,24.4,162.0,9.8,58.0,7.5
2025-09-02 01:00:00,2025,9,2,1,Cao Bằng,Xã Tam Kim,22.606427,106.0179879,47,Good,0,23.6,90,0.0,0.4,270,972.3,9,23.3,23.7,149.0,7.9,65.0,8.6
2025-09-02 02:00:00,2025,9,2,2,Cao Bằng,Xã Tam Kim,22.606427,106.0179879,48,Good,0,23.2,92,0.0,0.5,270,972.4,23,18.6,18.9,144.0,7.0,67.0,8.7
2025-09-02 03:00:00,2025,9,2,3,Cao Bằng,Xã Tam Kim,22.606427,106.0179879,49,Good,0,23.2,92,0.0,1.2,129,972.1,45,18.5,18.7,145.0,6.4,66.0,8.2
2025-09-02 04:00:00,2025,9,2,4,Cao Bằng,Xã Tam Kim,22.606427,106.0179879,50,Good,0,22.9,93,0.1,0.4,207,972.0,27,18.2,18.4,154.0,6.0,66.0,7.8
2025-09-02 05:00:00,2025,9,2,5,Cao Bằng,Xã Tam Kim,22.606427,106.0179879,50,Good,0,22.7,94,0.0,1.6,297,972.0,12,16.3,16.5,181.0,5.6,66.0,7.8
2025-09-02 06:00:00,2025,9,2,6,Cao Bằng,Xã Tam Kim,22.606427,106.0179879,51,Moderate,1,22.9,93,0.0,0.4,243,972.2,12,16.0,16.2,217.0,5.3,66.0,7.8
2025-09-02 07:00:00,2025,9,2,7,Cao Bằng,Xã Tam Kim,22.606427,106.0179879,51,Moderate,1,24.5,89,0.0,0.6,34,973.0,13,19.0,19.1,235.0,6.8,56.0,5.5
2025-09-02 08:00:00,2025,9,2,8,Cao Bằng,Xã Tam Kim,22.606427,106.0179879,52,Moderate,1,26.1,90,0.0,2.8,45,973.3,22,9.4,9.6,219.0,5.3,63.0,5.1
2025-09-02 09:00:00,2025,9,2,9,Cao Bằng,Xã Tam Kim,22.606427,106.0179879,52,Moderate,1,28.6,75,0.0,1.9,73,974.0,26,7.7,8.1,186.0,3.2,73.0,4.5
2025-09-02 10:00:00,2025,9,2,10,Cao Bằng,Xã Tam Kim,22.606427,106.0179879,52,Moderate,1,30.0,66,0.1,3.5,118,973.7,10,6.8,7.2,161.0,1.6,80.0,3.9
2025-09-02 11:00:00,2025,9,2,11,Cao Bằng,Xã Tam Kim,22.606427,106.0179879,52,Moderate,1,31.4,58,0.0,5.8,126,973.1,15,6.8,7.2,154.0,1.0,82.0,3.2
2025-09-02 12:00:00,2025,9,2,12,Cao Bằng,Xã Tam Kim,22.606427,106.0179879,52,Moderate,1,32.3,55,0.0,7.2,145,972.2,53,6.0,6.3,155.0,1.0,82.0,2.4
2025-09-02 13:00:00,2025,9,2,13,Cao Bằng,Xã Tam Kim,22.606427,106.0179879,52,Moderate,1,33.0,52,0.1,7.2,167,970.9,78,5.5,5.8,158.0,1.0,83.0,1.8
2025-09-02 14:00:00,2025,9,2,14,Cao Bằng,Xã Tam Kim,22.606427,106.0179879,53,Moderate,1,33.3,50,0.2,7.4,177,969.6,80,5.7,6.0,159.0,0.8,87.0,1.5
2025-09-02 15:00:00,2025,9,2,15,Cao Bằng,Xã Tam Kim,22.606427,106.0179879,53,Moderate,1,32.6,53,0.4,7.6,162,968.9,75,6.0,6.2,162.0,0.6,92.0,1.5
2025-09-02 16:00:00,2025,9,2,16,Cao Bằng,Xã Tam Kim,22.606427,106.0179879,53,Moderate,1,32.1,55,0.2,9.0,145,968.8,90,6.4,6.7,168.0,1.3,93.0,1.7
2025-09-02 17:00:00,2025,9,2,17,Cao Bằng,Xã Tam Kim,22.606427,106.0179879,53,Moderate,1,30.0,65,0.2,13.1,127,969.7,51,7.3,7.5,179.0,3.4,87.0,2.4
2025-09-02 18:00:00,2025,9,2,18,Cao Bằng,Xã Tam Kim,22.606427,106.0179879,53,Moderate,1,28.0,75,0.0,7.5,140,969.7,16,9.1,9.3,193.0,6.3,78.0,3.3
2025-09-02 19:00:00,2025,9,2,19,Cao Bằng,Xã Tam Kim,22.606427,106.0179879,54,Moderate,1,26.3,84,0.0,5.1,138,970.7,75,11.8,12.1,203.0,6.2,73.0,3.7
2025-09-02 20:00:00,2025,9,2,20,Cao Bằng,Xã Tam Kim,22.606427,106.0179879,53,Moderate,1,26.2,86,0.0,6.6,151,971.6,93,12.8,13.0,206.0,7.6,66.0,4.3
2025-09-02 21:00:00,2025,9,2,21,Cao Bằng,Xã Tam Kim,22.606427,106.0179879,53,Moderate,1,26.0,88,0.0,2.0,170,972.6,90,14.7,15.0,204.0,9.4,57.0,5.2
2025-09-02 22:00:00,2025,9,2,22,Cao Bằng,Xã Tam Kim,22.606427,106.0179879,52,Moderate,1,25.4,91,0.0,2.7,58,972.8,77,16.1,16.4,201.0,10.6,51.0,6.0
2025-09-02 23:00:00,2025,9,2,23,Cao Bằng,Xã Tam Kim,22.606427,106.0179879,52,Moderate,1,25.0,92,0.0,0.0,270,973.0,65,17.5,17.8,194.0,10.5,49.0,6.5
2025-09-03 00:00:00,2025,9,3,0,Cao Bằng,Xã Tam Kim,22.606427,106.0179879,51,Moderate,1,24.8,92,0.0,1.0,68,973.0,37,18.3,18.5,185.0,9.8,50.0,7.0
2025-09-03 01:00:00,2025,9,3,1,Cao Bằng,Xã Tam Kim,22.606427,106.0179879,51,Moderate,1,24.3,94,0.0,1.8,156,972.9,24,19.0,19.2,180.0,8.9,52.0,7.7
2025-09-03 02:00:00,2025,9,3,2,Cao Bằng,Xã Tam Kim,22.606427,106.0179879,50,Good,0,24.1,95,0.0,0.6,162,972.6,4,19.5,19.7,181.0,8.1,55.0,9.0
2025-09-03 03:00:00,2025,9,3,3,Cao Bằng,Xã Tam Kim,22.606427,106.0179879,51,Moderate,1,23.9,96,0.0,0.6,326,972.4,8,20.5,20.7,185.0,7.1,60.0,10.5
2025-09-03 04:00:00,2025,9,3,4,Cao Bằng,Xã Tam Kim,22.606427,106.0179879,51,Moderate,1,23.7,96,0.0,0.8,315,972.4,26,17.1,17.2,197.0,6.2,64.0,11.1
2025-09-03 05:00:00,2025,9,3,5,Cao Bằng,Xã Tam Kim,22.606427,106.0179879,51,Moderate,1,23.8,95,0.0,0.9,360,972.4,27,15.7,15.8,224.0,5.4,66.0,10.2
2025-09-03 06:00:00,2025,9,3,6,Cao Bằng,Xã Tam Kim,22.606427,106.0179879,51,Moderate,1,23.5,96,0.0,1.1,18,972.8,65,13.2,13.3,258.0,4.7,67.0,8.5
2025-09-03 07:00:00,2025,9,3,7,Cao Bằng,Xã Tam Kim,22.606427,106.0179879,50,Good,0,25.0,91,0.0,3.1,50,973.3,55,8.1,8.1,274.0,4.5,65.0,8.0
2025-09-03 08:00:00,2025,9,3,8,Cao Bằng,Xã Tam Kim,22.606427,106.0179879,49,Good,0,27.8,80,0.5,2.8,108,974.3,32,8.1,8.1,257.0,3.7,69.0,6.9
2025-09-03 09:00:00,2025,9,3,9,Cao Bằng,Xã Tam Kim,22.606427,106.0179879,49,Good,0,28.2,80,0.1,2.8,105,974.4,47,6.2,6.3,222.0,2.5,74.0,5.4
2025-09-03 10:00:00,2025,9,3,10,Cao Bằng,Xã Tam Kim,22.606427,106.0179879,48,Good,0,30.0,71,0.2,4.0,120,974.3,53,6.0,6.0,192.0,1.6,79.0,4.3
2025-09-03 11:00:00,2025,9,3,11,Cao Bằng,Xã Tam Kim,22.606427,106.0179879,48,Good,0,31.5,62,0.1,4.5,124,973.7,21,5.9,6.0,176.0,1.2,82.0,3.8
2025-09-03 12:00:00,2025,9,3,12,Cao Bằng,Xã Tam Kim,22.606427,106.0179879,48,Good,0,31.8,61,0.1,5.5,153,972.9,24,6.2,6.2,165.0,1.0,84.0,3.7
2025-09-03 13:00:00,2025,9,3,13,Cao Bằng,Xã Tam Kim,22.606427,106.0179879,48,Good,0,33.0,54,0.1,5.8,160,971.8,19,6.5,6.5,158.0,1.0,86.0,3.6
2025-09-03 14:00:00,2025,9,3,14,Cao Bằng,Xã Tam Kim,22.606427,106.0179879,48,Good,0,33.1,56,0.1,7.6,158,970.5,22,6.8,6.9,153.0,0.7,89.0,3.5
2025-09-03 15:00:00,2025,9,3,15,Cao Bằng,Xã Tam Kim,22.606427,106.0179879,48,Good,0,32.7,56,0.1,8.6,169,969.7,36,7.1,7.2,152.0,0.5,92.0,3.5
2025-09-03 16:00:00,2025,9,3,16,Cao Bằng,Xã Tam Kim,22.606427,106.0179879,49,Good,0,32.1,59,0.0,8.5,167,969.0,18,7.8,7.8,162.0,1.3,91.0,3.6
2025-09-03 17:00:00,2025,9,3,17,Cao Bằng,Xã Tam Kim,22.606427,106.0179879,49,Good,0,31.3,64,0.0,6.4,151,968.6,10,8.9,9.0,190.0,3.8,84.0,3.9
2025-09-03 18:00:00,2025,9,3,18,Cao Bằng,Xã Tam Kim,22.606427,106.0179879,49,Good,0,29.0,73,0.0,6.3,149,968.7,20,10.5,10.6,228.0,7.2,74.0,4.4
2025-09-03 19:00:00,2025,9,3,19,Cao Bằng,Xã Tam Kim,22.606427,106.0179879,49,Good,0,27.9,78,0.0,5.9,178,969.7,19,14.0,14.1,260.0,10.2,61.0,5.0
2025-09-03 20:00:00,2025,9,3,20,Cao Bằng,Xã Tam Kim,22.606427,106.0179879,50,Good,0,26.5,92,0.0,1.3,262,970.9,7,15.9,15.9,280.0,11.0,58.0,5.3
2025-09-03 21:00:00,2025,9,3,21,Cao Bằng,Xã Tam Kim,22.606427,106.0179879,50,Good,0,25.9,94,0.0,0.4,243,971.8,20,16.8,16.8,295.0,12.1,54.0,5.8
2025-09-03 22:00:00,2025,9,3,22,Cao Bằng,Xã Tam Kim,22.606427,106.0179879,50,Good,0,25.2,96,0.0,1.5,210,972.2,5,18.0,18.1,307.0,13.0,50.0,6.0
2025-09-03 23:00:00,2025,9,3,23,Cao Bằng,Xã Tam Kim,22.606427,106.0179879,50,Good,0,24.6,96,0.0,1.8,204,972.5,4,19.3,19.3,318.0,13.6,46.0,5.8
2025-09-04 00:00:00,2025,9,4,0,Cao Bằng,Xã Tam Kim,22.606427,106.0179879,51,Moderate,1,24.1,96,0.0,1.6,207,972.6,0,21.0,21.0,326.0,13.9,41.0,5.5
2025-09-04 01:00:00,2025,9,4,1,Cao Bằng,Xã Tam Kim,22.606427,106.0179879,51,Moderate,1,23.7,97,0.0,1.5,210,972.1,0,23.3,23.4,328.0,13.9,38.0,5.3
2025-09-04 02:00:00,2025,9,4,2,Cao Bằng,Xã Tam Kim,22.606427,106.0179879,51,Moderate,1,23.4,97,0.0,0.7,194,971.9,53,24.9,24.9,323.0,13.5,36.0,5.3
2025-09-04 03:00:00,2025,9,4,3,Cao Bằng,Xã Tam Kim,22.606427,106.0179879,52,Moderate,1,23.0,97,0.0,0.5,225,971.8,4,26.8,26.9,312.0,12.8,36.0,5.4
2025-09-04 04:00:00,2025,9,4,4,Cao Bằng,Xã Tam Kim,22.606427,106.0179879,52,Moderate,1,22.7,98,0.0,0.4,270,971.8,0,28.5,28.6,298.0,11.6,39.0,5.9
2025-09-04 05:00:00,2025,9,4,5,Cao Bằng,Xã Tam Kim,22.606427,106.0179879,53,Moderate,1,22.5,98,0.0,1.0,301,971.8,0,33.3,33.4,280.0,9.8,47.0,7.3
2025-09-04 06:00:00,2025,9,4,6,Cao Bằng,Xã Tam Kim,22.606427,106.0179879,55,Moderate,1,22.7,98,0.0,0.9,281,972.0,3,35.4,35.6,260.0,7.5,58.0,9.0
2025-09-04 07:00:00,2025,9,4,7,Cao Bằng,Xã Tam Kim,22.606427,106.0179879,57,Moderate,1,24.6,92,0.0,1.1,72,972.7,9,18.5,18.6,238.0,6.3,63.0,8.2
2025-09-04 08:00:00,2025,9,4,8,Cao Bằng,Xã Tam Kim,22.606427,106.0179879,58,Moderate,1,26.6,91,0.1,3.4,108,974.0,13,12.6,12.7,214.0,5.1,66.0,8.0
2025-09-04 09:00:00,2025,9,4,9,Cao Bằng,Xã Tam Kim,22.606427,106.0179879,58,Moderate,1,28.8,76,0.0,5.0,134,974.6,4,9.6,9.6,189.0,3.4,70.0,7.6
2025-09-04 10:00:00,2025,9,4,10,Cao Bằng,Xã Tam Kim,22.606427,106.0179879,58,Moderate,1,30.8,62,0.0,5.5,148,974.3,1,9.4,9.5,171.0,2.1,75.0,7.1
2025-09-04 11:00:00,2025,9,4,11,Cao Bằng,Xã Tam Kim,22.606427,106.0179879,59,Moderate,1,32.6,52,0.0,6.9,163,973.9,7,9.2,9.3,164.0,1.5,80.0,6.3
2025-09-04 12:00:00,2025,9,4,12,Cao Bằng,Xã Tam Kim,22.606427,106.0179879,59,Moderate,1,33.6,48,0.0,7.6,179,972.7,14,8.5,8.6,163.0,1.2,85.0,5.3
2025-09-04 13:00:00,2025,9,4,13,Cao Bằng,Xã Tam Kim,22.606427,106.0179879,59,Moderate,1,34.0,47,0.0,8.5,178,971.7,16,8.6,8.7,165.0,1.1,90.0,4.6
2025-09-04 14:00:00,2025,9,4,14,Cao Bằng,Xã Tam Kim,22.606427,106.0179879,59,Moderate,1,33.9,47,0.0,9.6,176,970.0,8,9.3,9.3,164.0,0.7,96.0,4.5
2025-09-04 15:00:00,2025,9,4,15,Cao Bằng,Xã Tam Kim,22.606427,106.0179879,60,Moderate,1,33.7,48,0.0,10.5,172,969.3,9,10.5,10.5,166.0,0.5,103.0,4.8
2025-09-04 16:00:00,2025,9,4,16,Cao Bằng,Xã Tam Kim,22.606427,106.0179879,60,Moderate,1,32.6,54,0.0,10.3,181,968.8,3,12.0,12.1,179.0,1.5,104.0,5.2
2025-09-04 17:00:00,2025,9,4,17,Cao Bằng,Xã Tam Kim,22.606427,106.0179879,60,Moderate,1,31.3,62,0.0,7.6,168,968.6,3,13.4,13.4,215.0,4.8,97.0,5.7
2025-09-04 18:00:00,2025,9,4,18,Cao Bằng,Xã Tam Kim,22.606427,106.0179879,61,Moderate,1,28.6,72,0.0,7.2,183,968.3,2,15.3,15.3,263.0,9.4,84.0,6.3
2025-09-04 19:00:00,2025,9,4,19,Cao Bằng,Xã Tam Kim,22.606427,106.0179879,61,Moderate,1,26.6,81,0.0,4.7,198,968.7,1,14.5,14.5,300.0,11.0,65.0,5.9
2025-09-04 20:00:00,2025,9,4,20,Cao Bằng,Xã Tam Kim,22.606427,106.0179879,61,Moderate,1,26.2,84,0.0,3.8,199,969.5,55,16.3,16.3,316.0,12.6,61.0,6.2
2025-09-04 21:00:00,2025,9,4,21,Cao Bằng,Xã Tam Kim,22.606427,106.0179879,61,Moderate,1,25.6,85,0.0,3.7,219,970.3,69,17.1,17.1,320.0,14.9,55.0,6.6
2025-09-04 22:00:00,2025,9,4,22,Cao Bằng,Xã Tam Kim,22.606427,106.0179879,61,Moderate,1,25.2,86,0.0,2.3,212,971.2,97,18.2,18.2,320.0,16.2,51.0,6.7
2025-09-04 23:00:00,2025,9,4,23,Cao Bằng,Xã Tam Kim,22.606427,106.0179879,61,Moderate,1,24.8,87,0.0,1.0,239,972.1,97,19.3,19.3,315.0,15.8,49.0,6.4
2025-09-05 00:00:00,2025,9,5,0,Cao Bằng,Xã Tam Kim,22.606427,106.0179879,61,Moderate,1,24.2,89,0.0,1.9,241,972.0,90,20.5,20.6,304.0,14.5,49.0,6.0
2025-09-05 01:00:00,2025,9,5,1,Cao Bằng,Xã Tam Kim,22.606427,106.0179879,61,Moderate,1,23.9,90,0.0,0.5,270,971.8,95,22.9,22.9,295.0,13.4,47.0,5.5
2025-09-05 02:00:00,2025,9,5,2,Cao Bằng,Xã Tam Kim,22.606427,106.0179879,61,Moderate,1,23.4,92,0.0,0.8,297,971.6,86,24.6,24.7,289.0,13.2,42.0,4.9
2025-09-05 03:00:00,2025,9,5,3,Cao Bằng,Xã Tam Kim,22.606427,106.0179879,61,Moderate,1,23.0,93,0.0,0.8,315,971.9,62,25.8,25.9,285.0,13.1,35.0,4.4
2025-09-05 04:00:00,2025,9,5,4,Cao Bằng,Xã Tam Kim,22.606427,106.0179879,61,Moderate,1,22.8,94,0.0,0.4,270,971.8,98,24.4,24.5,280.0,12.6,33.0,4.3
2025-09-05 05:00:00,2025,9,5,5,Cao Bằng,Xã Tam Kim,22.606427,106.0179879,61,Moderate,1,22.5,94,0.0,0.5,270,972.0,82,24.5,24.6,276.0,11.1,39.0,5.0
2025-09-05 06:00:00,2025,9,5,6,Cao Bằng,Xã Tam Kim,22.606427,106.0179879,60,Moderate,1,22.6,94,0.0,0.5,270,972.6,100,27.1,27.2,272.0,9.1,50.0,6.2
2025-09-05 07:00:00,2025,9,5,7,Cao Bằng,Xã Tam Kim,22.606427,106.0179879,59,Moderate,1,24.9,87,0.0,1.2,39,973.4,96,23.9,24.1,259.0,6.9,62.0,6.8
2025-09-05 08:00:00,2025,9,5,8,Cao Bằng,Xã Tam Kim,22.606427,106.0179879,60,Moderate,1,27.8,80,0.0,2.5,82,973.9,96,18.9,19.0,227.0,5.6,68.0,6.4
2025-09-05 09:00:00,2025,9,5,9,Cao Bằng,Xã Tam Kim,22.606427,106.0179879,60,Moderate,1,29.6,71,0.0,3.4,108,974.3,96,14.2,14.3,187.0,3.8,77.0,5.9
2025-09-05 10:00:00,2025,9,5,10,Cao Bằng,Xã Tam Kim,22.606427,106.0179879,61,Moderate,1,31.3,61,0.0,4.8,117,974.6,99,10.8,10.9,156.0,2.3,84.0,5.5
2025-09-05 11:00:00,2025,9,5,11,Cao Bằng,Xã Tam Kim,22.606427,106.0179879,61,Moderate,1,32.8,52,0.0,3.6,150,974.2,81,9.9,9.9,145.0,1.6,89.0,5.2
2025-09-05 12:00:00,2025,9,5,12,Cao Bằng,Xã Tam Kim,22.606427,106.0179879,61,Moderate,1,33.8,47,0.0,5.5,171,973.1,50,9.2,9.3,144.0,1.3,93.0,5.0
2025-09-05 13:00:00,2025,9,5,13,Cao Bằng,Xã Tam Kim,22.606427,106.0179879,61,Moderate,1,34.2,46,0.0,6.4,170,971.7,62,8.9,8.9,145.0,1.1,97.0,4.9
2025-09-05 14:00:00,2025,9,5,14,Cao Bằng,Xã Tam Kim,22.606427,106.0179879,61,Moderate,1,34.3,45,0.0,6.4,169,970.3,37,9.1,9.2,142.0,0.7,102.0,4.8
2025-09-05 15:00:00,2025,9,5,15,Cao Bằng,Xã Tam Kim,22.606427,106.0179879,61,Moderate,1,33.9,48,0.0,7.7,168,969.1,83,9.5,9.5,142.0,0.5,106.0,4.8
2025-09-05 16:00:00,2025,9,5,16,Cao Bằng,Xã Tam Kim,22.606427,106.0179879,61,Moderate,1,33.4,50,0.0,8.4,164,968.7,81,10.2,10.2,156.0,1.5,105.0,4.9
2025-09-05 17:00:00,2025,9,5,17,Cao Bằng,Xã Tam Kim,22.606427,106.0179879,61,Moderate,1,31.8,61,0.0,6.8,153,968.7,80,11.0,11.1,200.0,4.7,96.0,5.1
2025-09-05 18:00:00,2025,9,5,18,Cao Bằng,Xã Tam Kim,22.606427,106.0179879,60,Moderate,1,29.1,73,0.0,5.0,165,969.0,17,12.8,12.8,257.0,9.0,82.0,5.4
2025-09-05 19:00:00,2025,9,5,19,Cao Bằng,Xã Tam Kim,22.606427,106.0179879,60,Moderate,1,27.4,80,0.0,4.7,187,970.0,9,17.8,17.8,295.0,12.9,69.0,5.9
2025-09-05 20:00:00,2025,9,5,20,Cao Bằng,Xã Tam Kim,22.606427,106.0179879,61,Moderate,1,27.3,79,0.0,4.9,213,970.7,26,18.9,18.9,293.0,13.5,64.0,6.0
2025-09-05 21:00:00,2025,9,5,21,Cao Bằng,Xã Tam Kim,22.606427,106.0179879,61,Moderate,1,27.0,80,0.0,2.1,200,972.2,93,19.1,19.2,271.0,14.4,58.0,6.0
2025-09-05 22:00:00,2025,9,5,22,Cao Bằng,Xã Tam Kim,22.606427,106.0179879,61,Moderate,1,26.2,83,0.0,1.0,121,973.1,97,19.7,19.8,253.0,15.2,53.0,6.3
2025-09-05 23:00:00,2025,9,5,23,Cao Bằng,Xã Tam Kim,22.606427,106.0179879,61,Moderate,1,25.6,86,0.0,0.5,225,973.4,100,20.5,20.6,250.0,15.6,52.0,6.8
2025-09-06 00:00:00,2025,9,6,0,Cao Bằng,Xã Tam Kim,22.606427,106.0179879,61,Moderate,1,25.1,87,0.0,0.6,288,973.7,99,21.9,22.0,253.0,15.8,52.0,7.4
2025-09-06 01:00:00,2025,9,6,1,Cao Bằng,Xã Tam Kim,22.606427,106.0179879,61,Moderate,1,24.7,89,0.1,2.0,100,973.3,94,24.3,24.4,253.0,16.2,52.0,8.1
2025-09-06 02:00:00,2025,9,6,2,Cao Bằng,Xã Tam Kim,22.606427,106.0179879,61,Moderate,1,24.1,94,0.1,4.0,108,972.9,95,27.2,27.4,247.0,17.1,51.0,8.8
2025-09-06 03:00:00,2025,9,6,3,Cao Bằng,Xã Tam Kim,22.606427,106.0179879,62,Moderate,1,23.9,94,0.0,1.2,309,972.5,99,29.9,30.0,239.0,18.1,49.0,9.6
2025-09-06 04:00:00,2025,9,6,4,Cao Bằng,Xã Tam Kim,22.606427,106.0179879,62,Moderate,1,23.8,94,0.0,1.6,333,972.6,100,31.8,31.9,237.0,18.3,49.0,10.0
2025-09-06 05:00:00,2025,9,6,5,Cao Bằng,Xã Tam Kim,22.606427,106.0179879,63,Moderate,1,23.9,93,0.0,0.3,225,972.8,99,32.5,32.7,252.0,17.3,49.0,9.8
2025-09-06 06:00:00,2025,9,6,6,Cao Bằng,Xã Tam Kim,22.606427,106.0179879,63,Moderate,1,24.0,92,0.0,0.6,214,973.2,100,33.8,34.0,273.0,15.6,51.0,9.3
2025-09-06 07:00:00,2025,9,6,7,Cao Bằng,Xã Tam Kim,22.606427,106.0179879,64,Moderate,1,25.0,91,0.0,1.7,167,974.4,99,36.3,36.7,279.0,9.1,62.0,10.2
2025-09-06 08:00:00,2025,9,6,8,Cao Bằng,Xã Tam Kim,22.606427,106.0179879,65,Moderate,1,26.6,91,0.5,2.7,67,974.9,100,29.7,30.0,255.0,6.9,81.0,12.2
2025-09-06 09:00:00,2025,9,6,9,Cao Bằng,Xã Tam Kim,22.606427,106.0179879,66,Moderate,1,27.5,87,1.3,3.1,59,975.6,100,26.4,26.7,215.0,4.0,107.0,14.7
2025-09-06 10:00:00,2025,9,6,10,Cao Bằng,Xã Tam Kim,22.606427,106.0179879,67,Moderate,1,28.5,82,0.8,3.4,72,975.8,100,23.5,23.7,184.0,1.8,123.0,15.4
2025-09-06 11:00:00,2025,9,6,11,Cao Bằng,Xã Tam Kim,22.606427,106.0179879,68,Moderate,1,30.1,71,0.1,5.0,75,975.6,99,20.7,21.0,170.0,1.1,121.0,12.5
2025-09-06 12:00:00,2025,9,6,12,Cao Bằng,Xã Tam Kim,22.606427,106.0179879,69,Moderate,1,31.6,63,0.1,5.2,44,974.4,100,20.5,20.8,163.0,1.3,110.0,7.7
2025-09-06 13:00:00,2025,9,6,13,Cao Bằng,Xã Tam Kim,22.606427,106.0179879,70,Moderate,1,32.8,57,0.0,4.1,29,973.0,100,20.8,21.0,160.0,1.5,101.0,4.0
2025-09-06 14:00:00,2025,9,6,14,Cao Bằng,Xã Tam Kim,22.606427,106.0179879,71,Moderate,1,32.6,56,0.0,4.2,36,971.6,100,26.1,26.4,155.0,1.1,100.0,2.7
2025-09-06 15:00:00,2025,9,6,15,Cao Bằng,Xã Tam Kim,22.606427,106.0179879,73,Moderate,1,32.1,58,0.0,3.1,3,970.8,96,21.1,21.4,155.0,0.8,102.0,2.4
2025-09-06 16:00:00,2025,9,6,16,Cao Bằng,Xã Tam Kim,22.606427,106.0179879,74,Moderate,1,32.0,57,0.0,2.1,322,970.6,96,21.4,21.6,169.0,2.1,99.0,2.6
2025-09-06 17:00:00,2025,9,6,17,Cao Bằng,Xã Tam Kim,22.606427,106.0179879,75,Moderate,1,31.0,71,0.0,3.4,47,970.2,100,21.8,21.9,216.0,6.5,86.0,3.1
2025-09-06 18:00:00,2025,9,6,18,Cao Bằng,Xã Tam Kim,22.606427,106.0179879,76,Moderate,1,29.1,78,0.0,3.5,114,970.3,100,24.4,24.6,278.0,12.5,69.0,4.1
2025-09-06 19:00:00,2025,9,6,19,Cao Bằng,Xã Tam Kim,22.606427,106.0179879,77,Moderate,1,27.9,78,0.0,4.3,152,971.3,100,20.0,20.2,315.0,18.3,51.0,6.5
2025-09-06 20:00:00,2025,9,6,20,Cao Bằng,Xã Tam Kim,22.606427,106.0179879,77,Moderate,1,27.4,80,0.1,2.6,192,972.5,100,20.4,20.5,302.0,17.9,48.0,6.5
2025-09-06 21:00:00,2025,9,6,21,Cao Bằng,Xã Tam Kim,22.606427,106.0179879,77,Moderate,1,27.3,81,0.0,1.0,68,973.5,71,20.6,20.7,264.0,17.5,43.0,6.5
2025-09-06 22:00:00,2025,9,6,22,Cao Bằng,Xã Tam Kim,22.606427,106.0179879,77,Moderate,1,26.5,86,0.0,1.6,360,974.1,8,22.3,22.5,240.0,17.6,39.0,6.5
2025-09-06 23:00:00,2025,9,6,23,Cao Bằng,Xã Tam Kim,22.606427,106.0179879,77,Moderate,1,25.8,87,0.0,1.8,307,973.9,96,25.2,25.4,253.0,19.1,35.0,6.7
2025-09-07 00:00:00,2025,9,7,0,Cao Bằng,Xã Tam Kim,22.606427,106.0179879,78,Moderate,1,25.3,89,0.0,2.4,306,973.7,95,27.2,27.4,281.0,21.2,32.0,6.8
2025-09-07 01:00:00,2025,9,7,1,Cao Bằng,Xã Tam Kim,22.606427,106.0179879,78,Moderate,1,25.0,89,0.0,2.3,293,972.8,0,27.5,27.6,293.0,22.2,29.0,6.6
2025-09-07 02:00:00,2025,9,7,2,Cao Bằng,Xã Tam Kim,22.606427,106.0179879,79,Moderate,1,24.6,90,0.0,2.7,302,972.2,1,27.2,27.4,268.0,21.2,25.0,5.6
2025-09-07 03:00:00,2025,9,7,3,Cao Bằng,Xã Tam Kim,22.606427,106.0179879,79,Moderate,1,24.2,91,0.0,1.3,278,971.6,3,25.7,25.8,228.0,19.0,22.0,4.1
2025-09-07 04:00:00,2025,9,7,4,Cao Bằng,Xã Tam Kim,22.606427,106.0179879,78,Moderate,1,24.5,88,0.0,2.2,246,971.6,55,25.9,26.1,210.0,16.6,22.0,3.0
2025-09-07 05:00:00,2025,9,7,5,Cao Bằng,Xã Tam Kim,22.606427,106.0179879,78,Moderate,1,23.9,89,0.0,1.9,236,971.8,82,26.1,26.2,243.0,14.2,25.0,2.4
2025-09-07 06:00:00,2025,9,7,6,Cao Bằng,Xã Tam Kim,22.606427,106.0179879,77,Moderate,1,24.0,89,0.0,0.9,270,972.1,81,26.8,27.0,299.0,11.6,32.0,2.1
2025-09-07 07:00:00,2025,9,7,7,Cao Bằng,Xã Tam Kim,22.606427,106.0179879,77,Moderate,1,25.5,86,0.0,0.5,315,973.1,28,21.9,22.1,325.0,6.9,47.0,3.5
2025-09-07 08:00:00,2025,9,7,8,Cao Bằng,Xã Tam Kim,22.606427,106.0179879,75,Moderate,1,27.9,75,0.0,3.6,9,973.8,0,17.2,17.4,291.0,5.2,66.0,3.9
2025-09-07 09:00:00,2025,9,7,9,Cao Bằng,Xã Tam Kim,22.606427,106.0179879,74,Moderate,1,29.8,65,0.0,0.7,14,974.1,1,15.3,15.5,227.0,2.8,91.0,4.5
2025-09-07 10:00:00,2025,9,7,10,Cao Bằng,Xã Tam Kim,22.606427,106.0179879,73,Moderate,1,31.3,58,0.0,2.6,124,974.1,11,13.2,13.6,177.0,1.1,108.0,4.7
2025-09-07 11:00:00,2025,9,7,11,Cao Bằng,Xã Tam Kim,22.606427,106.0179879,72,Moderate,1,31.8,56,0.0,3.6,108,973.4,35,13.9,14.4,158.0,0.8,109.0,4.0
2025-09-07 12:00:00,2025,9,7,12,Cao Bằng,Xã Tam Kim,22.606427,106.0179879,72,Moderate,1,32.8,51,0.0,4.4,117,972.3,16,14.2,14.6,153.0,1.2,101.0,3.0
2025-09-07 13:00:00,2025,9,7,13,Cao Bằng,Xã Tam Kim,22.606427,106.0179879,71,Moderate,1,33.1,49,0.0,4.8,101,971.0,20,16.6,17.1,151.0,1.7,95.0,2.2
2025-09-07 14:00:00,2025,9,7,14,Cao Bằng,Xã Tam Kim,22.606427,106.0179879,71,Moderate,1,32.3,51,0.2,8.7,107,969.7,62,18.1,18.6,145.0,1.4,96.0,2.0
2025-09-07 15:00:00,2025,9,7,15,Cao Bằng,Xã Tam Kim,22.606427,106.0179879,70,Moderate,1,31.7,57,0.0,7.7,121,969.4,58,18.1,18.6,142.0,1.1,98.0,2.1
2025-09-07 16:00:00,2025,9,7,16,Cao Bằng,Xã Tam Kim,22.606427,106.0179879,70,Moderate,1,31.6,57,0.0,4.1,157,968.8,11,17.8,18.2,152.0,2.5,95.0,2.4
2025-09-07 17:00:00,2025,9,7,17,Cao Bằng,Xã Tam Kim,22.606427,106.0179879,69,Moderate,1,31.2,61,0.0,2.5,135,968.8,5,18.2,18.5,189.0,7.2,82.0,3.1
2025-09-07 18:00:00,2025,9,7,18,Cao Bằng,Xã Tam Kim,22.606427,106.0179879,69,Moderate,1,28.9,73,0.0,2.4,222,968.7,4,18.7,19.0,240.0,13.6,65.0,4.0
2025-09-07 19:00:00,2025,9,7,19,Cao Bằng,Xã Tam Kim,22.606427,106.0179879,69,Moderate,1,28.0,77,0.0,3.2,227,969.6,31,15.4,15.5,273.0,21.2,64.0,7.2
2025-09-07 20:00:00,2025,9,7,20,Cao Bằng,Xã Tam Kim,22.606427,106.0179879,68,Moderate,1,27.7,79,0.0,2.6,309,970.3,74,17.3,17.5,273.0,20.5,59.0,7.0
2025-09-07 21:00:00,2025,9,7,21,Cao Bằng,Xã Tam Kim,22.606427,106.0179879,68,Moderate,1,27.3,81,0.0,0.9,360,971.6,57,16.9,17.1,257.0,19.6,52.0,6.7
2025-09-07 22:00:00,2025,9,7,22,Cao Bằng,Xã Tam Kim,22.606427,106.0179879,68,Moderate,1,26.4,82,0.0,2.4,279,971.6,51,17.5,17.6,241.0,19.1,46.0,6.4
2025-09-07 23:00:00,2025,9,7,23,Cao Bằng,Xã Tam Kim,22.606427,106.0179879,67,Moderate,1,26.3,81,0.0,2.9,227,972.1,96,18.7,18.8,232.0,19.7,43.0,6.1
2025-09-08 00:00:00,2025,9,8,0,Cao Bằng,Xã Tam Kim,22.606427,106.0179879,67,Moderate,1,26.1,79,0.0,0.3,225,971.8,99,19.6,19.7,224.0,20.7,41.0,5.8
2025-09-08 01:00:00,2025,9,8,1,Cao Bằng,Xã Tam Kim,22.606427,106.0179879,66,Moderate,1,25.5,82,0.0,0.4,270,971.4,97,20.2,20.3,217.0,20.1,41.0,5.3
2025-09-08 02:00:00,2025,9,8,2,Cao Bằng,Xã Tam Kim,22.606427,106.0179879,65,Moderate,1,24.9,83,0.0,2.5,266,970.6,92,18.3,18.5,206.0,16.3,45.0,4.6
2025-09-08 03:00:00,2025,9,8,3,Cao Bằng,Xã Tam Kim,22.606427,106.0179879,65,Moderate,1,24.9,82,0.0,0.9,259,970.0,97,14.7,14.8,196.0,10.8,52.0,3.7
2025-09-08 04:00:00,2025,9,8,4,Cao Bằng,Xã Tam Kim,22.606427,106.0179879,64,Moderate,1,24.7,82,0.0,0.2,270,970.1,97,10.8,10.8,197.0,6.6,57.0,3.1
2025-09-08 05:00:00,2025,9,8,5,Cao Bằng,Xã Tam Kim,22.606427,106.0179879,62,Moderate,1,24.9,82,0.0,0.2,270,970.6,99,9.2,9.3,222.0,5.0,59.0,2.9
2025-09-08 06:00:00,2025,9,8,6,Cao Bằng,Xã Tam Kim,22.606427,106.0179879,61,Moderate,1,24.0,89,0.0,5.7,162,971.0,100,8.0,8.1,258.0,4.7,59.0,2.8
2025-09-08 07:00:00,2025,9,8,7,Cao Bằng,Xã Tam Kim,22.606427,106.0179879,59,Moderate,1,25.0,87,0.0,4.0,188,971.8,100,8.8,8.8,277.0,7.8,48.0,2.3
2025-09-08 08:00:00,2025,9,8,8,Cao Bằng,Xã Tam Kim,22.606427,106.0179879,58,Moderate,1,28.8,72,0.0,2.8,79,972.0,98,8.2,8.3,261.0,5.9,66.0,2.3
2025-09-08 09:00:00,2025,9,8,9,Cao Bằng,Xã Tam Kim,22.606427,106.0179879,57,Moderate,1,30.4,66,0.0,2.2,76,972.3,100,8.7,8.7,228.0,3.3,92.0,2.4
2025-09-08 10:00:00,2025,9,8,10,Cao Bằng,Xã Tam Kim,22.606427,106.0179879,56,Moderate,1,31.7,60,0.0,1.9,34,972.5,100,9.4,9.5,202.0,1.3,111.0,2.4
2025-09-08 11:00:00,2025,9,8,11,Cao Bằng,Xã Tam Kim,22.606427,106.0179879,56,Moderate,1,32.8,52,0.0,2.8,63,972.0,100,10.2,10.3,192.0,0.7,118.0,2.3
2025-09-08 12:00:00,2025,9,8,12,Cao Bằng,Xã Tam Kim,22.606427,106.0179879,56,Moderate,1,33.8,49,0.0,3.1,59,970.8,99,10.4,10.5,188.0,0.7,118.0,2.1
2025-09-08 13:00:00,2025,9,8,13,Cao Bằng,Xã Tam Kim,22.606427,106.0179879,55,Moderate,1,33.9,48,0.0,6.2,83,969.2,100,10.5,10.6,187.0,0.9,117.0,1.9
2025-09-08 14:00:00,2025,9,8,14,Cao Bằng,Xã Tam Kim,22.606427,106.0179879,55,Moderate,1,32.6,52,0.0,1.7,311,968.3,99,10.7,10.8,181.0,0.6,117.0,1.7
2025-09-08 15:00:00,2025,9,8,15,Cao Bằng,Xã Tam Kim,22.606427,106.0179879,54,Moderate,1,31.9,59,0.0,7.9,282,967.4,26,10.9,11.0,177.0,0.4,116.0,1.5
2025-09-08 16:00:00,2025,9,8,16,Cao Bằng,Xã Tam Kim,22.606427,106.0179879,54,Moderate,1,32.4,57,0.0,3.2,317,967.2,66,12.0,12.1,191.0,1.3,110.0,1.5
2025-09-08 17:00:00,2025,9,8,17,Cao Bằng,Xã Tam Kim,22.606427,106.0179879,58,Moderate,1,31.6,71,0.0,3.4,342,967.2,53,13.5,13.6,243.0,4.4,95.0,1.8
2025-09-08 18:00:00,2025,9,8,18,Cao Bằng,Xã Tam Kim,22.606427,106.0179879,58,Moderate,1,29.3,77,0.0,0.5,225,967.7,100,14.1,14.1,313.0,8.7,75.0,2.3
2025-09-08 19:00:00,2025,9,8,19,Cao Bằng,Xã Tam Kim,22.606427,106.0179879,52,Moderate,1,28.2,81,0.0,1.5,234,968.7,100,18.7,18.9,354.0,18.0,46.0,4.2
2025-09-08 20:00:00,2025,9,8,20,Cao Bằng,Xã Tam Kim,22.606427,106.0179879,53,Moderate,1,28.0,85,0.0,2.7,122,969.3,100,21.9,22.0,337.0,19.4,43.0,4.4
2025-09-08 21:00:00,2025,9,8,21,Cao Bằng,Xã Tam Kim,22.606427,106.0179879,53,Moderate,1,27.2,83,0.0,10.5,114,970.8,100,22.2,22.3,291.0,21.0,40.0,4.7
2025-09-08 22:00:00,2025,9,8,22,Cao Bằng,Xã Tam Kim,22.606427,106.0179879,53,Moderate,1,26.1,86,0.0,3.1,130,971.3,100,21.5,21.6,255.0,21.0,39.0,4.6
2025-09-08 23:00:00,2025,9,8,23,Cao Bằng,Xã Tam Kim,22.606427,106.0179879,54,Moderate,1,24.3,94,2.0,8.8,91,972.5,100,19.8,19.8,245.0,17.6,44.0,3.9
2025-09-09 00:00:00,2025,9,9,0,Cao Bằng,Xã Tam Kim,22.606427,106.0179879,54,Moderate,1,24.0,99,1.6,3.1,267,972.2,100,18.0,18.1,246.0,12.4,52.0,2.9
2025-09-09 01:00:00,2025,9,9,1,Cao Bằng,Xã Tam Kim,22.606427,106.0179879,54,Moderate,1,23.8,99,1.3,4.0,72,971.6,100,7.2,7.3,248.0,8.4,58.0,2.1
2025-09-09 02:00:00,2025,9,9,2,Cao Bằng,Xã Tam Kim,22.606427,106.0179879,53,Moderate,1,23.4,99,0.7,5.9,18,971.5,100,9.1,9.2,247.0,6.8,58.0,1.9
2025-09-09 03:00:00,2025,9,9,3,Cao Bằng,Xã Tam Kim,22.606427,106.0179879,52,Moderate,1,23.5,99,0.7,1.8,11,970.6,100,9.5,9.5,248.0,6.3,56.0,1.9
2025-09-09 04:00:00,2025,9,9,4,Cao Bằng,Xã Tam Kim,22.606427,106.0179879,51,Moderate,1,23.5,99,0.4,1.5,83,970.6,100,5.5,5.5,258.0,6.2,54.0,2.0
2025-09-09 05:00:00,2025,9,9,5,Cao Bằng,Xã Tam Kim,22.606427,106.0179879,51,Moderate,1,23.6,99,0.4,2.2,138,971.0,100,2.7,2.7,284.0,6.3,53.0,2.0
2025-09-09 06:00:00,2025,9,9,6,Cao Bằng,Xã Tam Kim,22.606427,106.0179879,50,Good,0,23.8,98,1.0,2.2,156,971.3,100,3.3,3.3,319.0,6.8,53.0,2.1
2025-09-09 07:00:00,2025,9,9,7,Cao Bằng,Xã Tam Kim,22.606427,106.0179879,50,Good,0,24.2,97,1.3,2.2,360,972.1,100,8.0,8.0,346.0,5.2,83.0,3.5
2025-09-09 08:00:00,2025,9,9,8,Cao Bằng,Xã Tam Kim,22.606427,106.0179879,50,Good,0,24.4,99,0.3,0.9,53,973.0,100,7.7,7.8,360.0,4.9,89.0,3.9
2025-09-09 09:00:00,2025,9,9,9,Cao Bằng,Xã Tam Kim,22.606427,106.0179879,50,Good,0,24.6,99,0.8,1.0,68,973.7,100,8.4,8.5,366.0,4.4,97.0,4.6
2025-09-09 10:00:00,2025,9,9,10,Cao Bằng,Xã Tam Kim,22.606427,106.0179879,50,Good,0,25.3,96,0.3,2.9,173,973.7,100,9.6,9.6,361.0,3.9,104.0,5.4
2025-09-09 11:00:00,2025,9,9,11,Cao Bằng,Xã Tam Kim,22.606427,106.0179879,50,Good,0,25.9,93,0.0,4.2,47,973.5,100,12.1,12.1,338.0,3.4,110.0,6.6
2025-09-09 12:00:00,2025,9,9,12,Cao Bằng,Xã Tam Kim,22.606427,106.0179879,50,Good,0,27.2,85,0.0,4.2,50,972.3,100,14.3,14.4,304.0,2.9,115.0,7.9
2025-09-09 13:00:00,2025,9,9,13,Cao Bằng,Xã Tam Kim,22.606427,106.0179879,50,Good,0,30.1,71,0.1,4.4,52,971.1,94,14.9,14.9,276.0,2.6,117.0,8.8
2025-09-09 14:00:00,2025,9,9,14,Cao Bằng,Xã Tam Kim,22.606427,106.0179879,51,Moderate,1,30.4,70,0.1,6.4,43,970.2,99,14.8,14.8,261.0,2.3,115.0,8.8
2025-09-09 15:00:00,2025,9,9,15,Cao Bằng,Xã Tam Kim,22.606427,106.0179879,51,Moderate,1,30.5,69,0.2,7.4,34,969.4,100,15.7,15.7,251.0,2.2,110.0,8.3
2025-09-09 16:00:00,2025,9,9,16,Cao Bằng,Xã Tam Kim,22.606427,106.0179879,51,Moderate,1,29.3,72,0.0,7.6,19,969.1,100,15.3,15.3,248.0,3.7,102.0,7.9
2025-09-09 17:00:00,2025,9,9,17,Cao Bằng,Xã Tam Kim,22.606427,106.0179879,52,Moderate,1,28.3,78,0.0,4.6,18,969.2,100,13.9,13.9,250.0,8.3,90.0,8.0
2025-09-09 18:00:00,2025,9,9,18,Cao Bằng,Xã Tam Kim,22.606427,106.0179879,52,Moderate,1,25.7,93,0.7,7.0,157,970.6,100,14.4,14.4,257.0,14.4,76.0,8.3
2025-09-09 19:00:00,2025,9,9,19,Cao Bằng,Xã Tam Kim,22.606427,106.0179879,52,Moderate,1,25.1,94,0.3,2.4,9,971.1,100,31.9,32.1,272.0,19.5,68.0,10.2
2025-09-09 20:00:00,2025,9,9,20,Cao Bằng,Xã Tam Kim,22.606427,106.0179879,53,Moderate,1,24.9,93,0.1,2.9,338,972.5,100,30.6,30.7,302.0,16.3,69.0,9.2
2025-09-09 21:00:00,2025,9,9,21,Cao Bằng,Xã Tam Kim,22.606427,106.0179879,54,Moderate,1,24.6,93,0.0,3.1,320,973.3,99,22.1,22.2,341.0,11.9,71.0,7.9
2025-09-09 22:00:00,2025,9,9,22,Cao Bằng,Xã Tam Kim,22.606427,106.0179879,54,Moderate,1,24.7,91,0.0,0.6,288,973.4,100,13.9,14.0,367.0,8.6,71.0,6.8
2025-09-09 23:00:00,2025,9,9,23,Cao Bằng,Xã Tam Kim,22.606427,106.0179879,53,Moderate,1,24.6,91,0.3,0.9,90,973.6,100,15.8,15.9,372.0,7.5,67.0,6.2
2025-09-10 00:00:00,2025,9,10,0,Cao Bằng,Xã Tam Kim,22.606427,106.0179879,53,Moderate,1,23.6,98,0.5,3.9,133,973.3,100,17.2,17.2,365.0,7.4,62.0,5.8
2025-09-10 01:00:00,2025,9,10,1,Cao Bằng,Xã Tam Kim,22.606427,106.0179879,53,Moderate,1,23.5,99,0.1,1.9,17,972.8,100,18.3,18.3,353.0,7.3,58.0,5.5
2025-09-10 02:00:00,2025,9,10,2,Cao Bằng,Xã Tam Kim,22.606427,106.0179879,54,Moderate,1,23.4,98,0.0,2.2,5,972.7,100,17.0,17.1,333.0,6.8,56.0,5.1
2025-09-10 03:00:00,2025,9,10,3,Cao Bằng,Xã Tam Kim,22.606427,106.0179879,54,Moderate,1,23.4,98,0.0,2.0,355,972.6,100,12.3,12.4,307.0,6.3,56.0,4.8
2025-09-10 04:00:00,2025,9,10,4,Cao Bằng,Xã Tam Kim,22.606427,106.0179879,55,Moderate,1,23.2,98,0.0,2.4,42,972.4,100,12.3,12.4,293.0,5.9,57.0,4.6
2025-09-10 05:00:00,2025,9,10,5,Cao Bằng,Xã Tam Kim,22.606427,106.0179879,55,Moderate,1,23.4,98,0.0,0.7,360,972.7,100,14.2,14.2,304.0,5.8,60.0,4.7
2025-09-10 06:00:00,2025,9,10,6,Cao Bằng,Xã Tam Kim,22.606427,106.0179879,56,Moderate,1,23.4,98,0.0,2.2,55,973.2,100,16.9,16.9,326.0,5.8,65.0,5.1
2025-09-10 07:00:00,2025,9,10,7,Cao Bằng,Xã Tam Kim,22.606427,106.0179879,57,Moderate,1,23.7,99,0.0,3.7,47,973.6,100,9.1,9.1,333.0,4.8,75.0,5.1
2025-09-10 08:00:00,2025,9,10,8,Cao Bằng,Xã Tam Kim,22.606427,106.0179879,58,Moderate,1,24.9,95,0.1,3.2,87,974.3,100,9.4,9.5,308.0,4.6,77.0,5.4
2025-09-10 09:00:00,2025,9,10,9,Cao Bằng,Xã Tam Kim,22.606427,106.0179879,58,Moderate,1,26.0,94,0.1,3.4,96,974.7,100,7.0,7.1,267.0,4.4,80.0,5.8
2025-09-10 10:00:00,2025,9,10,10,Cao Bằng,Xã Tam Kim,22.606427,106.0179879,58,Moderate,1,29.0,77,0.2,2.8,79,975.0,100,5.8,5.8,234.0,4.0,84.0,5.9
2025-09-10 11:00:00,2025,9,10,11,Cao Bằng,Xã Tam Kim,22.606427,106.0179879,57,Moderate,1,29.2,75,0.4,3.8,95,974.4,100,5.1,5.1,218.0,3.3,92.0,5.3
2025-09-10 12:00:00,2025,9,10,12,Cao Bằng,Xã Tam Kim,22.606427,106.0179879,57,Moderate,1,26.1,95,4.8,5.2,25,973.4,100,5.8,5.8,209.0,2.5,103.0,4.3
2025-09-10 13:00:00,2025,9,10,13,Cao Bằng,Xã Tam Kim,22.606427,106.0179879,56,Moderate,1,25.6,90,1.4,3.7,101,973.2,100,6.7,6.7,204.0,2.2,108.0,3.4
2025-09-10 14:00:00,2025,9,10,14,Cao Bằng,Xã Tam Kim,22.606427,106.0179879,55,Moderate,1,26.3,88,0.2,3.6,49,972.1,100,6.9,6.9,197.0,2.6,105.0,2.6
2025-09-10 15:00:00,2025,9,10,15,Cao Bằng,Xã Tam Kim,22.606427,106.0179879,54,Moderate,1,27.9,79,0.1,3.5,15,971.0,100,8.0,8.0,193.0,3.4,97.0,1.9
2025-09-10 16:00:00,2025,9,10,16,Cao Bằng,Xã Tam Kim,22.606427,106.0179879,54,Moderate,1,28.3,78,0.0,3.7,51,970.5,100,8.6,8.6,201.0,4.7,89.0,1.6
2025-09-10 17:00:00,2025,9,10,17,Cao Bằng,Xã Tam Kim,22.606427,106.0179879,53,Moderate,1,27.6,81,0.0,4.6,72,970.8,100,9.8,9.8,235.0,6.8,80.0,1.9
2025-09-10 18:00:00,2025,9,10,18,Cao Bằng,Xã Tam Kim,22.606427,106.0179879,53,Moderate,1,25.7,93,0.1,4.0,85,970.8,96,11.8,11.8,280.0,9.3,71.0,2.6
2025-09-10 19:00:00,2025,9,10,19,Cao Bằng,Xã Tam Kim,22.606427,106.0179879,53,Moderate,1,25.2,94,0.0,1.3,106,971.8,99,21.0,21.0,309.0,11.3,72.0,2.6
2025-09-10 20:00:00,2025,9,10,20,Cao Bằng,Xã Tam Kim,22.606427,106.0179879,52,Moderate,1,25.4,96,0.0,1.8,360,972.6,100,20.4,20.4,304.0,11.7,67.0,2.9
2025-09-10 21:00:00,2025,9,10,21,Cao Bằng,Xã Tam Kim,22.606427,106.0179879,51,Moderate,1,25.1,95,0.0,0.7,346,973.0,100,21.5,21.6,281.0,12.2,60.0,3.3
2025-09-10 22:00:00,2025,9,10,22,Cao Bằng,Xã Tam Kim,22.606427,106.0179879,51,Moderate,1,25.1,94,0.1,0.2,270,973.7,100,22.0,22.1,261.0,12.1,57.0,3.7
2025-09-10 23:00:00,2025,9,10,23,Cao Bằng,Xã Tam Kim,22.606427,106.0179879,51,Moderate,1,24.3,93,0.9,2.0,180,974.2,100,22.9,23.0,251.0,10.8,60.0,4.0
2025-09-11 00:00:00,2025,9,11,0,Cao Bằng,Xã Tam Kim,22.606427,106.0179879,52,Moderate,1,24.2,95,0.1,2.1,105,973.8,100,24.0,24.0,244.0,8.9,67.0,4.3
2025-09-11 01:00:00,2025,9,11,1,Cao Bằng,Xã Tam Kim,22.606427,106.0179879,53,Moderate,1,23.8,97,0.9,4.0,72,973.5,100,23.6,23.7,237.0,7.3,73.0,4.4
2025-09-11 02:00:00,2025,9,11,2,Cao Bằng,Xã Tam Kim,22.606427,106.0179879,53,Moderate,1,23.6,99,1.9,2.6,65,973.5,100,20.5,20.5,226.0,6.4,77.0,4.3
2025-09-11 03:00:00,2025,9,11,3,Cao Bằng,Xã Tam Kim,22.606427,106.0179879,53,Moderate,1,23.4,99,1.7,5.2,4,973.2,100,17.3,17.3,215.0,5.7,79.0,4.1
2025-09-11 04:00:00,2025,9,11,4,Cao Bằng,Xã Tam Kim,22.606427,106.0179879,54,Moderate,1,23.5,98,0.4,2.5,82,973.7,100,14.9,15.0,208.0,5.3,80.0,4.0
2025-09-11 05:00:00,2025,9,11,5,Cao Bằng,Xã Tam Kim,22.606427,106.0179879,54,Moderate,1,23.5,98,0.2,2.1,38,973.8,97,8.3,8.4,210.0,5.2,77.0,4.1
2025-09-11 06:00:00,2025,9,11,6,Cao Bằng,Xã Tam Kim,22.606427,106.0179879,53,Moderate,1,23.4,99,0.0,5.1,63,974.1,96,5.9,5.9,217.0,5.4,72.0,4.4
2025-09-11 07:00:00,2025,9,11,7,Cao Bằng,Xã Tam Kim,22.606427,106.0179879,53,Moderate,1,23.9,98,0.0,4.2,95,975.1,78,3.7,3.7,218.0,7.4,43.0,6.9
2025-09-11 08:00:00,2025,9,11,8,Cao Bằng,Xã Tam Kim,22.606427,106.0179879,52,Moderate,1,25.3,95,0.1,4.8,75,975.4,100,4.3,4.4,206.0,6.0,52.0,5.6
2025-09-11 09:00:00,2025,9,11,9,Cao Bằng,Xã Tam Kim,22.606427,106.0179879,52,Moderate,1,26.4,93,0.6,5.5,101,975.8,99,4.5,4.6,188.0,4.1,64.0,3.8
2025-09-11 10:00:00,2025,9,11,10,Cao Bằng,Xã Tam Kim,22.606427,106.0179879,51,Moderate,1,28.2,83,0.4,6.8,127,975.6,100,5.1,5.1,174.0,2.6,75.0,2.3
2025-09-11 11:00:00,2025,9,11,11,Cao Bằng,Xã Tam Kim,22.606427,106.0179879,51,Moderate,1,27.7,83,0.5,9.1,129,975.2,100,5.8,6.0,168.0,1.8,82.0,1.5
2025-09-11 12:00:00,2025,9,11,12,Cao Bằng,Xã Tam Kim,22.606427,106.0179879,51,Moderate,1,27.8,81,6.2,7.0,90,974.3,100,6.4,6.6,167.0,1.3,88.0,1.0
2025-09-11 13:00:00,2025,9,11,13,Cao Bằng,Xã Tam Kim,22.606427,106.0179879,51,Moderate,1,29.1,84,1.8,5.3,108,972.9,100,7.1,7.4,168.0,1.1,92.0,0.7
2025-09-11 14:00:00,2025,9,11,14,Cao Bằng,Xã Tam Kim,22.606427,106.0179879,51,Moderate,1,29.6,75,0.3,7.2,148,971.8,100,7.8,8.1,169.0,0.8,96.0,0.5
2025-09-11 15:00:00,2025,9,11,15,Cao Bằng,Xã Tam Kim,22.606427,106.0179879,52,Moderate,1,30.4,67,0.2,9.1,155,971.1,100,9.8,10.1,172.0,0.7,98.0,0.5
2025-09-11 16:00:00,2025,9,11,16,Cao Bằng,Xã Tam Kim,22.606427,106.0179879,52,Moderate,1,30.2,66,0.0,9.8,154,970.1,99,9.8,10.1,183.0,1.4,97.0,0.7
2025-09-11 17:00:00,2025,9,11,17,Cao Bằng,Xã Tam Kim,22.606427,106.0179879,52,Moderate,1,28.2,78,0.1,10.4,124,970.4,98,11.8,12.1,209.0,3.6,91.0,1.2
2025-09-11 18:00:00,2025,9,11,18,Cao Bằng,Xã Tam Kim,22.606427,106.0179879,52,Moderate,1,26.9,84,0.0,6.6,133,970.8,84,14.4,14.7,243.0,6.6,82.0,1.9
2025-09-11 19:00:00,2025,9,11,19,Cao Bằng,Xã Tam Kim,22.606427,106.0179879,52,Moderate,1,26.2,87,0.0,4.0,150,971.9,79,19.5,19.8,263.0,9.0,74.0,3.3
2025-09-11 20:00:00,2025,9,11,20,Cao Bằng,Xã Tam Kim,22.606427,106.0179879,52,Moderate,1,25.2,95,0.0,1.0,239,973.5,87,21.0,21.2,257.0,9.0,73.0,4.3
2025-09-11 21:00:00,2025,9,11,21,Cao Bằng,Xã Tam Kim,22.606427,106.0179879,52,Moderate,1,24.9,96,0.0,2.6,102,974.4,100,19.6,19.8,238.0,9.0,71.0,5.7
2025-09-11 22:00:00,2025,9,11,22,Cao Bằng,Xã Tam Kim,22.606427,106.0179879,52,Moderate,1,24.5,94,0.2,3.5,145,974.9,100,19.8,20.1,221.0,8.9,69.0,6.6
2025-09-11 23:00:00,2025,9,11,23,Cao Bằng,Xã Tam Kim,22.606427,106.0179879,52,Moderate,1,24.3,97,0.0,3.0,104,975.1,98,17.9,18.2,213.0,8.7,67.0,6.8
2025-09-12 00:00:00,2025,9,12,0,Cao Bằng,Xã Tam Kim,22.606427,106.0179879,51,Moderate,1,23.7,98,0.3,4.4,117,975.2,100,14.6,14.8,208.0,8.5,65.0,6.6
2025-09-12 01:00:00,2025,9,12,1,Cao Bằng,Xã Tam Kim,22.606427,106.0179879,50,Good,0,23.9,98,0.3,2.9,83,974.5,92,13.0,13.2,201.0,8.4,61.0,6.1
2025-09-12 02:00:00,2025,9,12,2,Cao Bằng,Xã Tam Kim,22.606427,106.0179879,49,Good,0,23.7,97,1.6,3.2,87,974.5,98,9.8,9.9,189.0,8.6,55.0,5.2
2025-09-12 03:00:00,2025,9,12,3,Cao Bằng,Xã Tam Kim,22.606427,106.0179879,47,Good,0,23.6,98,1.2,4.0,60,974.2,100,8.6,8.8,175.0,9.0,47.0,4.0
2025-09-12 04:00:00,2025,9,12,4,Cao Bằng,Xã Tam Kim,22.606427,106.0179879,46,Good,0,23.6,99,0.1,5.0,105,973.9,100,8.0,8.1,167.0,9.0,42.0,3.3
2025-09-12 05:00:00,2025,9,12,5,Cao Bằng,Xã Tam Kim,22.606427,106.0179879,45,Good,0,23.5,99,0.0,5.2,88,973.8,97,7.5,7.6,172.0,8.5,40.0,3.4
2025-09-12 06:00:00,2025,9,12,6,Cao Bằng,Xã Tam Kim,22.606427,106.0179879,44,Good,0,23.5,99,0.0,5.6,86,974.1,98,7.0,7.2,182.0,7.7,42.0,4.0
2025-09-12 07:00:00,2025,9,12,7,Cao Bằng,Xã Tam Kim,22.606427,106.0179879,45,Good,0,23.8,99,0.0,6.2,83,974.9,92,8.5,8.8,188.0,5.1,52.0,2.6
2025-09-12 08:00:00,2025,9,12,8,Cao Bằng,Xã Tam Kim,22.606427,106.0179879,45,Good,0,25.1,95,0.1,5.6,121,975.5,95,8.6,8.8,183.0,4.2,59.0,3.0
2025-09-12 09:00:00,2025,9,12,9,Cao Bằng,Xã Tam Kim,22.606427,106.0179879,46,Good,0,27.3,81,0.2,6.7,164,976.1,90,8.5,8.8,173.0,3.0,69.0,3.6
2025-09-12 10:00:00,2025,9,12,10,Cao Bằng,Xã Tam Kim,22.606427,106.0179879,47,Good,0,29.2,69,0.1,9.0,182,976.1,100,7.8,8.0,165.0,2.0,77.0,3.8
2025-09-12 11:00:00,2025,9,12,11,Cao Bằng,Xã Tam Kim,22.606427,106.0179879,47,Good,0,30.9,62,0.1,10.2,170,975.8,100,7.7,7.9,161.0,1.6,82.0,3.2
2025-09-12 12:00:00,2025,9,12,12,Cao Bằng,Xã Tam Kim,22.606427,106.0179879,48,Good,0,31.5,59,0.0,11.2,186,974.7,100,8.7,9.0,159.0,1.4,85.0,2.2
2025-09-12 13:00:00,2025,9,12,13,Cao Bằng,Xã Tam Kim,22.606427,106.0179879,48,Good,0,31.0,60,0.1,10.6,178,973.7,86,10.5,10.8,160.0,1.4,88.0,1.4
2025-09-12 14:00:00,2025,9,12,14,Cao Bằng,Xã Tam Kim,22.606427,106.0179879,49,Good,0,31.5,59,0.1,10.3,165,972.6,77,11.2,11.5,164.0,1.3,91.0,1.1
2025-09-12 15:00:00,2025,9,12,15,Cao Bằng,Xã Tam Kim,22.606427,106.0179879,49,Good,0,30.9,63,0.0,10.7,172,972.0,71,12.6,12.9,170.0,1.3,93.0,1.1
2025-09-12 16:00:00,2025,9,12,16,Cao Bằng,Xã Tam Kim,22.606427,106.0179879,50,Good,0,28.6,79,1.4,7.6,144,971.7,93,12.7,13.0,178.0,2.0,91.0,1.3
2025-09-12 17:00:00,2025,9,12,17,Cao Bằng,Xã Tam Kim,22.606427,106.0179879,50,Good,0,28.5,79,0.0,4.9,114,971.7,65,13.1,13.3,189.0,4.2,84.0,1.7
2025-09-12 18:00:00,2025,9,12,18,Cao Bằng,Xã Tam Kim,22.606427,106.0179879,50,Good,0,26.8,86,0.0,6.3,149,972.5,31,14.3,14.4,200.0,7.0,73.0,2.3
2025-09-12 19:00:00,2025,9,12,19,Cao Bằng,Xã Tam Kim,22.606427,106.0179879,50,Good,0,25.8,87,0.0,4.6,144,973.4,73,14.4,14.7,208.0,10.5,55.0,3.4
2025-09-12 20:00:00,2025,9,12,20,Cao Bằng,Xã Tam Kim,22.606427,106.0179879,50,Good,0,25.0,99,0.0,2.7,122,974.7,98,14.6,14.9,209.0,11.4,51.0,3.7
2025-09-12 21:00:00,2025,9,12,21,Cao Bằng,Xã Tam Kim,22.606427,106.0179879,48,Good,0,24.6,99,0.0,2.8,108,975.7,91,15.8,16.1,206.0,12.6,45.0,4.2
2025-09-12 22:00:00,2025,9,12,22,Cao Bằng,Xã Tam Kim,22.606427,106.0179879,48,Good,0,24.6,98,0.0,1.6,84,975.6,100,17.1,17.4,199.0,13.1,42.0,4.5
2025-09-12 23:00:00,2025,9,12,23,Cao Bằng,Xã Tam Kim,22.606427,106.0179879,47,Good,0,24.3,98,0.1,1.9,34,975.9,98,16.6,16.9,185.0,12.3,43.0,4.6
2025-09-13 00:00:00,2025,9,13,0,Cao Bằng,Xã Tam Kim,22.606427,106.0179879,47,Good,0,24.1,99,0.0,2.7,70,975.9,100,16.4,16.7,167.0,10.7,46.0,4.6
2025-09-13 01:00:00,2025,9,13,1,Cao Bằng,Xã Tam Kim,22.606427,106.0179879,47,Good,0,23.6,99,0.0,1.6,84,975.6,99,15.8,16.1,153.0,9.4,47.0,4.5
2025-09-13 02:00:00,2025,9,13,2,Cao Bằng,Xã Tam Kim,22.606427,106.0179879,48,Good,0,23.4,98,0.1,2.2,132,975.3,98,10.7,10.8,147.0,8.7,45.0,4.2
2025-09-13 03:00:00,2025,9,13,3,Cao Bằng,Xã Tam Kim,22.606427,106.0179879,48,Good,0,23.5,98,0.0,2.1,105,974.9,100,10.8,11.0,146.0,8.2,42.0,3.9
2025-09-13 04:00:00,2025,9,13,4,Cao Bằng,Xã Tam Kim,22.606427,106.0179879,48,Good,0,23.4,98,0.1,3.2,87,974.8,100,10.2,10.4,150.0,7.8,40.0,3.8
2025-09-13 05:00:00,2025,9,13,5,Cao Bằng,Xã Tam Kim,22.606427,106.0179879,49,Good,0,23.3,99,0.0,2.5,86,975.0,100,10.7,10.9,163.0,7.8,38.0,4.2
2025-09-13 06:00:00,2025,9,13,6,Cao Bằng,Xã Tam Kim,22.606427,106.0179879,49,Good,0,23.3,99,0.0,4.1,75,975.3,100,12.3,12.5,181.0,7.9,37.0,5.0
2025-09-13 07:00:00,2025,9,13,7,Cao Bằng,Xã Tam Kim,22.606427,106.0179879,50,Good,0,24.2,97,0.0,4.0,72,976.0,100,7.7,8.1,189.0,5.7,38.0,3.9
2025-09-13 08:00:00,2025,9,13,8,Cao Bằng,Xã Tam Kim,22.606427,106.0179879,50,Good,0,25.9,90,0.1,4.2,130,976.7,100,7.5,8.0,179.0,4.7,45.0,3.8
2025-09-13 09:00:00,2025,9,13,9,Cao Bằng,Xã Tam Kim,22.606427,106.0179879,50,Good,0,27.6,78,0.1,6.1,150,977.2,100,7.7,8.2,160.0,3.3,55.0,3.7
2025-09-13 10:00:00,2025,9,13,10,Cao Bằng,Xã Tam Kim,22.606427,106.0179879,50,Good,0,28.8,68,0.1,8.0,164,977.4,100,8.0,8.5,146.0,2.2,66.0,3.6
2025-09-13 11:00:00,2025,9,13,11,Cao Bằng,Xã Tam Kim,22.606427,106.0179879,50,Good,0,29.8,63,0.1,8.8,175,977.1,100,9.0,9.4,141.0,1.7,77.0,3.7
2025-09-13 12:00:00,2025,9,13,12,Cao Bằng,Xã Tam Kim,22.606427,106.0179879,50,Good,0,30.6,58,0.1,10.7,171,975.7,100,10.0,10.4,141.0,1.6,88.0,3.9
2025-09-13 13:00:00,2025,9,13,13,Cao Bằng,Xã Tam Kim,22.606427,106.0179879,50,Good,0,30.8,61,0.3,11.0,175,974.5,100,11.1,11.6,142.0,1.5,97.0,4.0
2025-09-13 14:00:00,2025,9,13,14,Cao Bằng,Xã Tam Kim,22.606427,106.0179879,50,Good,0,31.5,60,0.1,10.1,178,973.5,100,12.3,12.6,139.0,1.2,105.0,4.1
2025-09-13 15:00:00,2025,9,13,15,Cao Bằng,Xã Tam Kim,22.606427,106.0179879,50,Good,0,31.1,61,0.1,9.7,181,973.0,100,13.0,13.4,138.0,1.0,112.0,4.1
2025-09-13 16:00:00,2025,9,13,16,Cao Bằng,Xã Tam Kim,22.606427,106.0179879,50,Good,0,30.9,60,0.0,8.0,189,972.7,100,14.0,14.4,155.0,1.7,112.0,4.2
2025-09-13 17:00:00,2025,9,13,17,Cao Bằng,Xã Tam Kim,22.606427,106.0179879,50,Good,0,30.2,67,0.0,4.9,186,972.7,100,15.0,15.4,208.0,3.8,101.0,4.3
2025-09-13 18:00:00,2025,9,13,18,Cao Bằng,Xã Tam Kim,22.606427,106.0179879,51,Moderate,1,28.2,73,0.0,3.9,196,972.9,100,15.5,15.8,279.0,6.8,84.0,4.4
2025-09-13 19:00:00,2025,9,13,19,Cao Bằng,Xã Tam Kim,22.606427,106.0179879,51,Moderate,1,26.9,80,0.0,3.0,197,973.6,100,19.2,19.7,328.0,12.2,69.0,5.6
2025-09-13 20:00:00,2025,9,13,20,Cao Bằng,Xã Tam Kim,22.606427,106.0179879,51,Moderate,1,26.4,87,0.0,0.5,360,975.4,100,20.0,20.5,336.0,13.5,62.0,5.9
2025-09-13 21:00:00,2025,9,13,21,Cao Bằng,Xã Tam Kim,22.606427,106.0179879,52,Moderate,1,25.9,89,0.0,0.8,27,975.9,100,20.7,21.1,321.0,15.3,53.0,6.3
2025-09-13 22:00:00,2025,9,13,22,Cao Bằng,Xã Tam Kim,22.606427,106.0179879,52,Moderate,1,25.3,91,0.0,0.6,18,976.0,99,22.6,22.9,299.0,16.4,46.0,6.7
2025-09-13 23:00:00,2025,9,13,23,Cao Bằng,Xã Tam Kim,22.606427,106.0179879,53,Moderate,1,24.8,93,0.0,0.5,315,975.9,100,23.6,23.9,270.0,16.4,43.0,6.9
2025-09-14 00:00:00,2025,9,14,0,Cao Bằng,Xã Tam Kim,22.606427,106.0179879,53,Moderate,1,24.3,94,0.0,1.7,328,975.7,100,24.2,24.4,234.0,15.7,42.0,7.1
2025-09-14 01:00:00,2025,9,14,1,Cao Bằng,Xã Tam Kim,22.606427,106.0179879,54,Moderate,1,24.1,94,0.0,0.6,252,975.4,100,25.4,25.7,210.0,14.8,42.0,7.2
2025-09-14 02:00:00,2025,9,14,2,Cao Bằng,Xã Tam Kim,22.606427,106.0179879,55,Moderate,1,23.7,94,0.0,0.6,304,975.0,100,27.3,27.6,208.0,13.8,43.0,7.0
2025-09-14 03:00:00,2025,9,14,3,Cao Bằng,Xã Tam Kim,22.606427,106.0179879,56,Moderate,1,23.5,94,0.0,0.8,315,974.8,88,30.4,30.7,219.0,12.7,46.0,6.6
2025-09-14 04:00:00,2025,9,14,4,Cao Bằng,Xã Tam Kim,22.606427,106.0179879,58,Moderate,1,23.3,94,0.0,0.6,304,974.8,97,31.0,31.2,233.0,11.4,50.0,6.8
2025-09-14 05:00:00,2025,9,14,5,Cao Bằng,Xã Tam Kim,22.606427,106.0179879,60,Moderate,1,23.2,94,0.0,0.9,323,975.0,89,28.2,28.4,256.0,10.1,55.0,8.0
2025-09-14 06:00:00,2025,9,14,6,Cao Bằng,Xã Tam Kim,22.606427,106.0179879,61,Moderate,1,23.0,94,0.0,1.0,301,975.0,92,28.1,28.2,282.0,8.7,62.0,9.7
2025-09-14 07:00:00,2025,9,14,7,Cao Bằng,Xã Tam Kim,22.606427,106.0179879,63,Moderate,1,24.3,93,0.0,1.2,63,976.4,99,18.3,18.4,287.0,5.8,84.0,11.2
2025-09-14 08:00:00,2025,9,14,8,Cao Bằng,Xã Tam Kim,22.606427,106.0179879,64,Moderate,1,26.2,86,0.0,2.3,67,977.1,96,11.8,11.8,250.0,4.8,88.0,10.6
2025-09-14 09:00:00,2025,9,14,9,Cao Bằng,Xã Tam Kim,22.606427,106.0179879,64,Moderate,1,28.1,74,0.1,3.2,128,977.4,82,10.9,10.9,193.0,3.4,94.0,9.7
2025-09-14 10:00:00,2025,9,14,10,Cao Bằng,Xã Tam Kim,22.606427,106.0179879,64,Moderate,1,30.0,62,0.0,4.6,135,977.4,100,11.1,11.1,150.0,2.3,100.0,8.6
2025-09-14 11:00:00,2025,9,14,11,Cao Bằng,Xã Tam Kim,22.606427,106.0179879,65,Moderate,1,31.3,54,0.0,6.3,145,976.7,96,10.9,10.9,140.0,1.7,105.0,7.0
2025-09-14 12:00:00,2025,9,14,12,Cao Bằng,Xã Tam Kim,22.606427,106.0179879,65,Moderate,1,32.6,47,0.0,7.8,165,975.4,58,10.9,10.9,145.0,1.4,109.0,5.2
2025-09-14 13:00:00,2025,9,14,13,Cao Bằng,Xã Tam Kim,22.606427,106.0179879,65,Moderate,1,33.1,45,0.0,8.1,176,974.0,21,11.4,11.4,151.0,1.3,112.0,3.9
2025-09-14 14:00:00,2025,9,14,14,Cao Bằng,Xã Tam Kim,22.606427,106.0179879,65,Moderate,1,33.2,44,0.0,6.9,185,972.6,33,11.6,11.6,148.0,0.9,116.0,3.4
2025-09-14 15:00:00,2025,9,14,15,Cao Bằng,Xã Tam Kim,22.606427,106.0179879,65,Moderate,1,32.8,48,0.0,6.0,177,972.2,18,11.6,11.6,146.0,0.7,119.0,3.3
2025-09-14 16:00:00,2025,9,14,16,Cao Bằng,Xã Tam Kim,22.606427,106.0179879,65,Moderate,1,32.4,49,0.0,5.4,140,972.0,47,11.7,11.7,157.0,1.8,116.0,3.5
2025-09-14 17:00:00,2025,9,14,17,Cao Bằng,Xã Tam Kim,22.606427,106.0179879,64,Moderate,1,30.3,63,0.0,8.2,130,972.2,34,12.4,12.4,195.0,5.7,103.0,4.0
2025-09-14 18:00:00,2025,9,14,18,Cao Bằng,Xã Tam Kim,22.606427,106.0179879,64,Moderate,1,27.6,73,0.0,7.7,147,972.8,65,14.8,14.8,246.0,11.0,83.0,4.8
2025-09-14 19:00:00,2025,9,14,19,Cao Bằng,Xã Tam Kim,22.606427,106.0179879,64,Moderate,1,26.1,80,0.0,6.4,162,973.3,8,15.0,15.2,280.0,14.7,69.0,6.0
2025-09-14 20:00:00,2025,9,14,20,Cao Bằng,Xã Tam Kim,22.606427,106.0179879,64,Moderate,1,26.5,78,0.0,7.8,138,974.2,85,15.5,15.6,282.0,13.6,67.0,6.1
2025-09-14 21:00:00,2025,9,14,21,Cao Bằng,Xã Tam Kim,22.606427,106.0179879,63,Moderate,1,25.8,85,0.0,5.1,141,975.2,61,15.4,15.5,267.0,12.0,64.0,6.3
2025-09-14 22:00:00,2025,9,14,22,Cao Bằng,Xã Tam Kim,22.606427,106.0179879,63,Moderate,1,25.2,88,0.2,3.1,156,975.3,35,17.1,17.2,253.0,10.6,61.0,6.3
2025-09-14 23:00:00,2025,9,14,23,Cao Bằng,Xã Tam Kim,22.606427,106.0179879,62,Moderate,1,24.9,89,0.2,0.4,63,975.7,61,18.2,18.3,246.0,9.6,58.0,6.0
2025-09-15 00:00:00,2025,9,15,0,Cao Bằng,Xã Tam Kim,22.606427,106.0179879,62,Moderate,1,23.9,94,0.3,3.4,65,975.6,80,17.8,17.8,240.0,8.7,55.0,5.4
2025-09-15 01:00:00,2025,9,15,1,Cao Bằng,Xã Tam Kim,22.606427,106.0179879,61,Moderate,1,23.9,94,0.4,0.6,56,975.2,66,18.1,18.2,233.0,7.9,54.0,5.2
2025-09-15 02:00:00,2025,9,15,2,Cao Bằng,Xã Tam Kim,22.606427,106.0179879,61,Moderate,1,23.3,96,2.5,1.2,231,975.0,100,17.4,17.5,223.0,6.9,57.0,5.4
2025-09-15 03:00:00,2025,9,15,3,Cao Bằng,Xã Tam Kim,22.606427,106.0179879,60,Moderate,1,22.6,99,1.1,3.8,183,974.6,96,14.1,14.2,212.0,5.9,61.0,5.9
2025-09-15 04:00:00,2025,9,15,4,Cao Bằng,Xã Tam Kim,22.606427,106.0179879,58,Moderate,1,22.9,98,0.1,1.5,104,974.9,99,10.2,10.2,207.0,5.3,65.0,6.4
2025-09-15 05:00:00,2025,9,15,5,Cao Bằng,Xã Tam Kim,22.606427,106.0179879,57,Moderate,1,22.6,96,0.0,0.7,346,975.1,98,10.0,10.0,216.0,5.4,65.0,6.9
2025-09-15 06:00:00,2025,9,15,6,Cao Bằng,Xã Tam Kim,22.606427,106.0179879,55,Moderate,1,22.4,98,0.0,1.8,180,976.2,95,10.3,10.3,230.0,5.9,64.0,7.4
2025-09-15 07:00:00,2025,9,15,7,Cao Bằng,Xã Tam Kim,22.606427,106.0179879,53,Moderate,1,23.1,98,0.0,2.0,135,976.7,67,3.9,3.9,236.0,4.4,71.0,6.4
2025-09-15 08:00:00,2025,9,15,8,Cao Bằng,Xã Tam Kim,22.606427,106.0179879,52,Moderate,1,24.8,92,0.0,1.1,18,977.2,100,4.1,4.1,224.0,3.7,76.0,6.3
2025-09-15 09:00:00,2025,9,15,9,Cao Bằng,Xã Tam Kim,22.606427,106.0179879,51,Moderate,1,26.5,84,0.0,4.1,61,977.4,97,4.8,4.8,202.0,2.6,84.0,6.2
2025-09-15 10:00:00,2025,9,15,10,Cao Bằng,Xã Tam Kim,22.606427,106.0179879,51,Moderate,1,27.4,81,0.0,4.1,88,977.3,41,5.7,5.7,185.0,1.8,89.0,5.7
2025-09-15 11:00:00,2025,9,15,11,Cao Bằng,Xã Tam Kim,22.606427,106.0179879,50,Good,0,29.2,74,0.1,3.0,76,976.6,60,6.3,6.3,178.0,1.4,90.0,4.5
2025-09-15 12:00:00,2025,9,15,12,Cao Bằng,Xã Tam Kim,22.606427,106.0179879,50,Good,0,28.2,75,0.5,4.8,103,975.7,99,6.8,6.8,175.0,1.2,88.0,3.0
2025-09-15 13:00:00,2025,9,15,13,Cao Bằng,Xã Tam Kim,22.606427,106.0179879,49,Good,0,24.6,93,4.4,12.2,216,974.9,97,7.6,7.7,172.0,1.2,86.0,1.9
2025-09-15 14:00:00,2025,9,15,14,Cao Bằng,Xã Tam Kim,22.606427,106.0179879,49,Good,0,24.9,90,0.8,10.7,215,975.3,96,7.9,7.9,161.0,1.3,83.0,1.5
2025-09-15 15:00:00,2025,9,15,15,Cao Bằng,Xã Tam Kim,22.606427,106.0179879,48,Good,0,26.2,84,0.3,2.7,208,973.8,97,8.6,8.7,151.0,1.7,79.0,1.5
2025-09-15 16:00:00,2025,9,15,16,Cao Bằng,Xã Tam Kim,22.606427,106.0179879,48,Good,0,26.9,79,0.0,2.1,255,973.7,100,10.1,10.2,160.0,2.7,74.0,1.8
2025-09-15 17:00:00,2025,9,15,17,Cao Bằng,Xã Tam Kim,22.606427,106.0179879,47,Good,0,26.7,81,0.0,0.9,101,973.6,100,11.9,12.0,214.0,4.9,68.0,2.5
2025-09-15 18:00:00,2025,9,15,18,Cao Bằng,Xã Tam Kim,22.606427,106.0179879,47,Good,0,25.0,93,0.0,2.7,37,974.0,100,13.4,13.4,287.0,7.7,60.0,3.4
2025-09-15 19:00:00,2025,9,15,19,Cao Bằng,Xã Tam Kim,22.606427,106.0179879,47,Good,0,24.7,93,0.0,1.0,315,974.8,98,12.4,12.5,327.0,9.4,48.0,5.9
2025-09-15 20:00:00,2025,9,15,20,Cao Bằng,Xã Tam Kim,22.606427,106.0179879,46,Good,0,25.1,93,0.0,0.5,45,975.8,77,12.5,12.6,300.0,10.7,42.0,6.1
2025-09-15 21:00:00,2025,9,15,21,Cao Bằng,Xã Tam Kim,22.606427,106.0179879,46,Good,0,24.3,95,0.4,5.8,76,976.8,99,13.5,13.6,240.0,12.5,33.0,6.4
2025-09-15 22:00:00,2025,9,15,22,Cao Bằng,Xã Tam Kim,22.606427,106.0179879,46,Good,0,23.6,98,0.3,7.2,122,977.5,100,14.8,14.9,191.0,13.4,28.0,7.4
2025-09-15 23:00:00,2025,9,15,23,Cao Bằng,Xã Tam Kim,22.606427,106.0179879,45,Good,0,23.3,99,0.9,3.6,70,977.7,100,15.9,16.1,173.0,12.6,30.0,9.7
2025-09-16 00:00:00,2025,9,16,0,Cao Bằng,Xã Tam Kim,22.606427,106.0179879,45,Good,0,22.5,100,2.7,2.8,297,977.7,100,15.7,15.8,167.0,10.8,34.0,12.7
2025-09-16 01:00:00,2025,9,16,1,Cao Bằng,Xã Tam Kim,22.606427,106.0179879,44,Good,0,22.6,99,0.1,3.3,354,977.0,100,12.5,12.6,163.0,9.6,37.0,14.6
2025-09-16 02:00:00,2025,9,16,2,Cao Bằng,Xã Tam Kim,22.606427,106.0179879,43,Good,0,22.4,99,0.0,2.4,17,976.3,100,13.0,13.1,154.0,9.5,35.0,14.5
2025-09-16 03:00:00,2025,9,16,3,Cao Bằng,Xã Tam Kim,22.606427,106.0179879,43,Good,0,22.1,98,0.0,1.9,304,976.5,100,13.3,13.4,146.0,9.9,30.0,13.4
2025-09-16 04:00:00,2025,9,16,4,Cao Bằng,Xã Tam Kim,22.606427,106.0179879,43,Good,0,22.4,98,0.0,1.0,329,976.1,100,13.2,13.3,148.0,10.0,28.0,12.7
2025-09-16 05:00:00,2025,9,16,5,Cao Bằng,Xã Tam Kim,22.606427,106.0179879,43,Good,0,22.1,97,0.0,0.4,270,976.2,100,13.7,13.8,171.0,9.4,30.0,13.3
2025-09-16 06:00:00,2025,9,16,6,Cao Bằng,Xã Tam Kim,22.606427,106.0179879,44,Good,0,22.1,96,0.0,1.4,293,976.4,99,14.1,14.2,204.0,8.5,35.0,14.2
2025-09-16 07:00:00,2025,9,16,7,Cao Bằng,Xã Tam Kim,22.606427,106.0179879,44,Good,0,23.1,98,0.0,1.6,270,977.1,91,5.1,5.1,221.0,8.5,33.0,17.7
2025-09-16 08:00:00,2025,9,16,8,Cao Bằng,Xã Tam Kim,22.606427,106.0179879,45,Good,0,25.0,94,0.1,2.0,45,978.1,16,4.1,4.1,208.0,6.5,43.0,14.1
2025-09-16 09:00:00,2025,9,16,9,Cao Bằng,Xã Tam Kim,22.606427,106.0179879,45,Good,0,26.8,82,0.2,1.3,34,978.3,16,2.8,2.8,179.0,3.7,57.0,9.0
2025-09-16 10:00:00,2025,9,16,10,Cao Bằng,Xã Tam Kim,22.606427,106.0179879,44,Good,0,28.7,70,0.1,2.9,120,978.0,18,2.6,2.6,156.0,1.6,68.0,5.1
2025-09-16 11:00:00,2025,9,16,11,Cao Bằng,Xã Tam Kim,22.606427,106.0179879,44,Good,0,30.3,61,0.1,3.6,120,977.2,9,2.6,2.6,148.0,0.8,74.0,3.4
2025-09-16 12:00:00,2025,9,16,12,Cao Bằng,Xã Tam Kim,22.606427,106.0179879,43,Good,0,31.6,52,0.0,2.7,110,975.8,9,2.9,2.9,146.0,0.8,76.0,2.7
2025-09-16 13:00:00,2025,9,16,13,Cao Bằng,Xã Tam Kim,22.606427,106.0179879,42,Good,0,32.2,51,0.0,1.9,107,973.7,12,3.3,3.3,145.0,0.9,78.0,2.3
2025-09-16 14:00:00,2025,9,16,14,Cao Bằng,Xã Tam Kim,22.606427,106.0179879,42,Good,0,32.8,48,0.0,5.0,131,972.6,12,4.7,4.7,142.0,0.8,79.0,1.7
2025-09-16 15:00:00,2025,9,16,15,Cao Bằng,Xã Tam Kim,22.606427,106.0179879,41,Good,0,32.3,49,0.1,6.3,149,971.8,9,5.0,5.0,140.0,0.9,79.0,1.4
2025-09-16 16:00:00,2025,9,16,16,Cao Bằng,Xã Tam Kim,22.606427,106.0179879,40,Good,0,31.6,52,0.1,6.8,151,971.7,15,5.6,5.6,147.0,2.1,76.0,1.4
2025-09-16 17:00:00,2025,9,16,17,Cao Bằng,Xã Tam Kim,22.606427,106.0179879,40,Good,0,30.1,69,0.0,4.4,142,971.6,9,6.5,6.6,171.0,5.6,67.0,2.0
2025-09-16 18:00:00,2025,9,16,18,Cao Bằng,Xã Tam Kim,22.606427,106.0179879,39,Good,0,27.7,72,0.0,7.6,135,972.1,21,8.9,8.9,204.0,10.3,56.0,2.9
2025-09-16 19:00:00,2025,9,16,19,Cao Bằng,Xã Tam Kim,22.606427,106.0179879,38,Good,0,26.6,76,0.0,8.1,148,973.7,22,10.8,10.8,226.0,9.1,52.0,3.2
2025-09-16 20:00:00,2025,9,16,20,Cao Bằng,Xã Tam Kim,22.606427,106.0179879,38,Good,0,26.2,79,0.0,4.6,193,974.9,58,10.0,10.0,227.0,8.3,55.0,3.0
2025-09-16 21:00:00,2025,9,16,21,Cao Bằng,Xã Tam Kim,22.606427,106.0179879,37,Good,0,25.4,82,0.1,3.8,273,976.1,57,5.0,5.0,217.0,7.3,58.0,2.7
2025-09-16 22:00:00,2025,9,16,22,Cao Bằng,Xã Tam Kim,22.606427,106.0179879,36,Good,0,24.7,85,0.0,1.9,331,975.8,41,4.8,4.8,212.0,6.8,59.0,2.4
2025-09-16 23:00:00,2025,9,16,23,Cao Bằng,Xã Tam Kim,22.606427,106.0179879,34,Good,0,24.4,88,0.0,1.8,336,976.2,34,6.8,6.8,221.0,7.5,55.0,2.3
2025-09-17 00:00:00,2025,9,17,0,Cao Bằng,Xã Tam Kim,22.606427,106.0179879,32,Good,0,24.2,87,0.0,3.9,298,975.6,21,7.6,7.6,236.0,8.9,49.0,2.2
2025-09-17 01:00:00,2025,9,17,1,Cao Bằng,Xã Tam Kim,22.606427,106.0179879,31,Good,0,23.5,90,0.0,2.9,300,975.0,14,8.4,8.4,242.0,9.7,43.0,2.1
2025-09-17 02:00:00,2025,9,17,2,Cao Bằng,Xã Tam Kim,22.606427,106.0179879,30,Good,0,23.4,89,0.1,1.3,262,974.3,39,8.6,8.6,232.0,9.7,39.0,1.9
2025-09-17 03:00:00,2025,9,17,3,Cao Bằng,Xã Tam Kim,22.606427,106.0179879,30,Good,0,23.3,90,0.0,0.8,117,974.1,75,9.3,9.3,215.0,9.1,35.0,1.6
2025-09-17 04:00:00,2025,9,17,4,Cao Bằng,Xã Tam Kim,22.606427,106.0179879,29,Good,0,22.1,94,3.7,3.8,239,973.9,84,9.9,9.9,202.0,8.4,35.0,1.4
2025-09-17 05:00:00,2025,9,17,5,Cao Bằng,Xã Tam Kim,22.606427,106.0179879,28,Good,0,22.1,97,0.1,3.6,207,974.2,43,10.4,10.4,203.0,7.5,40.0,1.3
2025-09-17 06:00:00,2025,9,17,6,Cao Bằng,Xã Tam Kim,22.606427,106.0179879,28,Good,0,22.1,97,0.0,2.3,252,974.5,20,11.3,11.4,209.0,6.3,48.0,1.4
2025-09-17 07:00:00,2025,9,17,7,Cao Bằng,Xã Tam Kim,22.606427,106.0179879,27,Good,0,23.2,97,0.0,2.3,293,975.1,26,6.8,6.9,207.0,6.0,49.0,1.8
2025-09-17 08:00:00,2025,9,17,8,Cao Bằng,Xã Tam Kim,22.606427,106.0179879,28,Good,0,26.2,78,0.0,1.2,153,976.1,23,5.5,5.6,187.0,4.6,58.0,2.2
2025-09-17 09:00:00,2025,9,17,9,Cao Bằng,Xã Tam Kim,22.606427,106.0179879,28,Good,0,27.5,74,0.0,2.9,112,976.9,17,5.4,5.6,160.0,2.6,70.0,2.6
2025-09-17 10:00:00,2025,9,17,10,Cao Bằng,Xã Tam Kim,22.606427,106.0179879,28,Good,0,28.8,69,0.2,4.3,107,976.8,44,5.3,5.6,139.0,1.2,78.0,2.8
2025-09-17 11:00:00,2025,9,17,11,Cao Bằng,Xã Tam Kim,22.606427,106.0179879,29,Good,0,29.8,63,0.1,3.4,148,976.4,100,4.8,5.1,133.0,0.8,77.0,2.4
2025-09-17 12:00:00,2025,9,17,12,Cao Bằng,Xã Tam Kim,22.606427,106.0179879,29,Good,0,29.4,63,0.0,2.2,95,974.9,100,4.1,4.4,134.0,0.8,71.0,1.6
2025-09-17 13:00:00,2025,9,17,13,Cao Bằng,Xã Tam Kim,22.606427,106.0179879,29,Good,0,27.2,84,2.5,6.6,26,973.9,96,4.2,4.4,133.0,1.1,66.0,1.1
2025-09-17 14:00:00,2025,9,17,14,Cao Bằng,Xã Tam Kim,22.606427,106.0179879,30,Good,0,25.6,87,2.5,7.8,97,973.6,77,4.7,4.8,123.0,1.2,65.0,1.0
2025-09-17 15:00:00,2025,9,17,15,Cao Bằng,Xã Tam Kim,22.606427,106.0179879,31,Good,0,25.9,88,0.2,2.9,240,972.7,40,4.6,4.7,112.0,1.4,65.0,1.2
2025-09-17 16:00:00,2025,9,17,16,Cao Bằng,Xã Tam Kim,22.606427,106.0179879,32,Good,0,26.7,80,0.0,2.2,256,972.2,47,4.7,4.7,114.0,2.6,62.0,1.5
2025-09-17 17:00:00,2025,9,17,17,Cao Bằng,Xã Tam Kim,22.606427,106.0179879,32,Good,0,26.2,81,0.0,3.6,273,972.1,32,4.6,4.7,145.0,5.5,55.0,1.9
2025-09-17 18:00:00,2025,9,17,18,Cao Bằng,Xã Tam Kim,22.606427,106.0179879,31,Good,0,24.9,88,0.0,5.0,289,972.6,37,5.6,5.6,189.0,9.3,46.0,2.4
2025-09-17 19:00:00,2025,9,17,19,Cao Bằng,Xã Tam Kim,22.606427,106.0179879,29,Good,0,24.2,88,0.0,6.7,276,973.7,20,16.6,16.7,219.0,15.8,35.0,3.5
2025-09-17 20:00:00,2025,9,17,20,Cao Bằng,Xã Tam Kim,22.606427,106.0179879,29,Good,0,24.6,95,0.0,2.7,270,974.2,56,19.3,19.4,220.0,18.9,29.0,3.5
2025-09-17 21:00:00,2025,9,17,21,Cao Bằng,Xã Tam Kim,22.606427,106.0179879,31,Good,0,24.4,92,0.0,2.7,290,975.1,100,21.9,22.1,207.0,23.0,21.0,3.4
2025-09-17 22:00:00,2025,9,17,22,Cao Bằng,Xã Tam Kim,22.606427,106.0179879,34,Good,0,24.2,91,0.1,1.8,246,975.8,91,25.5,25.7,193.0,24.9,16.0,3.2
2025-09-17 23:00:00,2025,9,17,23,Cao Bằng,Xã Tam Kim,22.606427,106.0179879,37,Good,0,22.7,98,2.3,3.1,211,976.1,87,28.1,28.2,181.0,22.8,16.0,2.7
2025-09-18 00:00:00,2025,9,18,0,Cao Bằng,Xã Tam Kim,22.606427,106.0179879,41,Good,0,22.7,99,0.1,4.4,291,975.6,93,24.7,24.9,168.0,18.6,18.0,2.0
2025-09-18 01:00:00,2025,9,18,1,Cao Bằng,Xã Tam Kim,22.606427,106.0179879,44,Good,0,22.7,98,0.1,3.6,300,975.1,77,22.4,22.6,155.0,14.8,21.0,1.4
2025-09-18 02:00:00,2025,9,18,2,Cao Bằng,Xã Tam Kim,22.606427,106.0179879,47,Good,0,22.8,96,0.0,2.8,297,974.4,87,20.5,20.8,139.0,12.4,22.0,1.1
2025-09-18 03:00:00,2025,9,18,3,Cao Bằng,Xã Tam Kim,22.606427,106.0179879,49,Good,0,22.8,95,0.0,3.2,286,974.2,76,19.6,19.8,124.0,10.4,24.0,0.9
2025-09-18 04:00:00,2025,9,18,4,Cao Bằng,Xã Tam Kim,22.606427,106.0179879,50,Good,0,22.6,94,0.0,4.0,300,973.9,48,19.5,19.7,119.0,8.7,26.0,0.9
2025-09-18 05:00:00,2025,9,18,5,Cao Bằng,Xã Tam Kim,22.606427,106.0179879,51,Moderate,1,22.6,93,0.0,3.0,295,974.4,22,19.3,19.6,136.0,7.5,29.0,1.0
2025-09-18 06:00:00,2025,9,18,6,Cao Bằng,Xã Tam Kim,22.606427,106.0179879,52,Moderate,1,22.5,92,0.0,3.7,299,975.1,48,19.6,19.8,164.0,6.5,32.0,1.2
2025-09-18 07:00:00,2025,9,18,7,Cao Bằng,Xã Tam Kim,22.606427,106.0179879,53,Moderate,1,23.5,93,0.0,3.5,279,976.2,21,12.3,12.7,179.0,6.4,40.0,1.5
2025-09-18 08:00:00,2025,9,18,8,Cao Bằng,Xã Tam Kim,22.606427,106.0179879,53,Moderate,1,24.9,91,0.0,2.9,266,976.4,59,7.4,8.2,168.0,4.8,47.0,1.5
2025-09-18 09:00:00,2025,9,18,9,Cao Bằng,Xã Tam Kim,22.606427,106.0179879,53,Moderate,1,26.9,79,0.0,3.2,304,977.0,67,6.0,7.7,144.0,2.7,57.0,1.6
2025-09-18 10:00:00,2025,9,18,10,Cao Bằng,Xã Tam Kim,22.606427,106.0179879,53,Moderate,1,29.0,65,0.0,1.4,360,977.1,19,4.7,6.0,127.0,1.1,65.0,1.6
2025-09-18 11:00:00,2025,9,18,11,Cao Bằng,Xã Tam Kim,22.606427,106.0179879,53,Moderate,1,30.1,60,0.0,1.9,61,976.3,7,4.1,5.1,125.0,0.6,69.0,1.6
2025-09-18 12:00:00,2025,9,18,12,Cao Bằng,Xã Tam Kim,22.606427,106.0179879,53,Moderate,1,31.2,58,0.0,3.0,107,974.9,30,3.8,4.5,130.0,0.7,70.0,1.5
2025-09-18 13:00:00,2025,9,18,13,Cao Bằng,Xã Tam Kim,22.606427,106.0179879,53,Moderate,1,30.7,59,0.0,7.7,131,973.5,45,3.8,4.4,134.0,0.9,71.0,1.5
2025-09-18 14:00:00,2025,9,18,14,Cao Bằng,Xã Tam Kim,22.606427,106.0179879,53,Moderate,1,29.1,70,0.5,9.4,180,972.9,52,3.9,4.5,128.0,0.7,73.0,1.5
2025-09-18 15:00:00,2025,9,18,15,Cao Bằng,Xã Tam Kim,22.606427,106.0179879,53,Moderate,1,29.4,67,0.1,6.8,151,971.9,40,4.2,4.7,120.0,0.6,75.0,1.5
2025-09-18 16:00:00,2025,9,18,16,Cao Bằng,Xã Tam Kim,22.606427,106.0179879,53,Moderate,1,28.9,69,0.0,5.4,140,971.7,17,4.4,4.8,134.0,1.5,74.0,1.7
2025-09-18 17:00:00,2025,9,18,17,Cao Bằng,Xã Tam Kim,22.606427,106.0179879,53,Moderate,1,28.1,75,0.0,3.2,137,971.8,12,5.0,5.3,192.0,4.2,66.0,2.1
2025-09-18 18:00:00,2025,9,18,18,Cao Bằng,Xã Tam Kim,22.606427,106.0179879,53,Moderate,1,26.7,82,0.0,0.9,259,972.0,13,6.5,6.7,272.0,8.0,55.0,2.6
2025-09-18 19:00:00,2025,9,18,19,Cao Bằng,Xã Tam Kim,22.606427,106.0179879,53,Moderate,1,26.3,84,0.0,2.9,266,972.9,13,10.7,11.1,321.0,11.7,42.0,3.0
2025-09-18 20:00:00,2025,9,18,20,Cao Bằng,Xã Tam Kim,22.606427,106.0179879,53,Moderate,1,25.6,91,0.0,2.4,279,973.6,62,12.3,12.7,312.0,14.7,37.0,3.7
2025-09-18 21:00:00,2025,9,18,21,Cao Bằng,Xã Tam Kim,22.606427,106.0179879,52,Moderate,1,25.4,89,0.0,2.7,266,974.6,87,14.1,14.4,274.0,18.8,31.0,4.7
2025-09-18 22:00:00,2025,9,18,22,Cao Bằng,Xã Tam Kim,22.606427,106.0179879,51,Moderate,1,25.2,86,0.0,1.5,263,975.0,97,16.4,16.8,241.0,21.3,28.0,5.1
2025-09-18 23:00:00,2025,9,18,23,Cao Bằng,Xã Tam Kim,22.606427,106.0179879,50,Good,0,25.2,85,0.0,0.2,270,975.3,97,17.9,18.2,227.0,20.6,30.0,4.6
2025-09-19 00:00:00,2025,9,19,0,Cao Bằng,Xã Tam Kim,22.606427,106.0179879,49,Good,0,24.5,88,0.1,0.9,143,975.1,97,20.4,20.6,219.0,18.3,35.0,3.5
2025-09-19 01:00:00,2025,9,19,1,Cao Bằng,Xã Tam Kim,22.606427,106.0179879,48,Good,0,23.7,90,0.3,1.8,270,974.6,94,18.1,18.3,208.0,16.2,38.0,2.7
2025-09-19 02:00:00,2025,9,19,2,Cao Bằng,Xã Tam Kim,22.606427,106.0179879,48,Good,0,23.5,93,0.1,3.6,300,974.3,99,13.5,13.6,187.0,15.2,38.0,2.4
2025-09-19 03:00:00,2025,9,19,3,Cao Bằng,Xã Tam Kim,22.606427,106.0179879,46,Good,0,22.9,94,0.1,3.6,307,973.9,83,13.8,14.0,164.0,14.5,37.0,2.3
2025-09-19 04:00:00,2025,9,19,4,Cao Bằng,Xã Tam Kim,22.606427,106.0179879,45,Good,0,22.8,93,0.0,3.4,295,973.6,45,14.3,14.5,156.0,13.5,37.0,2.2
2025-09-19 05:00:00,2025,9,19,5,Cao Bằng,Xã Tam Kim,22.606427,106.0179879,45,Good,0,22.9,90,0.0,1.8,259,974.2,7,15.5,15.7,178.0,12.1,37.0,2.1
2025-09-19 06:00:00,2025,9,19,6,Cao Bằng,Xã Tam Kim,22.606427,106.0179879,44,Good,0,23.0,89,0.0,1.9,248,974.7,5,16.6,16.8,215.0,10.4,38.0,2.1
2025-09-19 07:00:00,2025,9,19,7,Cao Bằng,Xã Tam Kim,22.606427,106.0179879,43,Good,0,24.7,88,0.0,2.4,333,975.4,13,15.4,15.4,234.0,10.2,49.0,3.1
2025-09-19 08:00:00,2025,9,19,8,Cao Bằng,Xã Tam Kim,22.606427,106.0179879,44,Good,0,26.8,79,0.0,1.6,6,976.1,8,8.7,8.8,215.0,7.5,59.0,3.5
2025-09-19 09:00:00,2025,9,19,9,Cao Bằng,Xã Tam Kim,22.606427,106.0179879,44,Good,0,28.9,68,0.0,2.8,15,976.3,37,6.0,6.2,178.0,3.9,72.0,4.0
2025-09-19 10:00:00,2025,9,19,10,Cao Bằng,Xã Tam Kim,22.606427,106.0179879,44,Good,0,30.4,60,0.0,1.3,106,976.5,41,4.4,4.5,149.0,1.2,82.0,4.2
2025-09-19 11:00:00,2025,9,19,11,Cao Bằng,Xã Tam Kim,22.606427,106.0179879,44,Good,0,31.3,58,0.0,3.3,158,976.1,52,3.8,3.9,139.0,0.4,84.0,3.8
2025-09-19 12:00:00,2025,9,19,12,Cao Bằng,Xã Tam Kim,22.606427,106.0179879,44,Good,0,32.1,55,0.0,4.4,148,974.7,14,3.8,3.9,137.0,0.6,82.0,3.1
2025-09-19 13:00:00,2025,9,19,13,Cao Bằng,Xã Tam Kim,22.606427,106.0179879,44,Good,0,32.5,52,0.0,5.6,155,973.0,18,4.0,4.1,136.0,0.9,80.0,2.6
2025-09-19 14:00:00,2025,9,19,14,Cao Bằng,Xã Tam Kim,22.606427,106.0179879,44,Good,0,32.4,52,0.1,6.2,165,971.5,13,4.3,4.4,130.0,0.7,82.0,2.5
2025-09-19 15:00:00,2025,9,19,15,Cao Bằng,Xã Tam Kim,22.606427,106.0179879,44,Good,0,32.5,51,0.1,6.5,150,970.6,15,4.6,4.7,124.0,0.7,85.0,2.7
2025-09-19 16:00:00,2025,9,19,16,Cao Bằng,Xã Tam Kim,22.606427,106.0179879,44,Good,0,32.1,52,0.1,6.2,136,970.3,24,5.1,5.2,133.0,1.7,84.0,3.0
2025-09-19 17:00:00,2025,9,19,17,Cao Bằng,Xã Tam Kim,22.606427,106.0179879,44,Good,0,30.7,68,0.0,4.1,146,970.5,41,6.8,6.9,166.0,4.7,77.0,3.6
2025-09-19 18:00:00,2025,9,19,18,Cao Bằng,Xã Tam Kim,22.606427,106.0179879,45,Good,0,29.0,71,0.0,4.0,177,971.3,83,9.0,9.0,213.0,8.7,66.0,4.4
2025-09-19 19:00:00,2025,9,19,19,Cao Bằng,Xã Tam Kim,22.606427,106.0179879,45,Good,0,27.5,76,0.0,3.1,208,972.3,88,9.2,9.3,254.0,14.9,52.0,5.1
2025-09-19 20:00:00,2025,9,19,20,Cao Bằng,Xã Tam Kim,22.606427,106.0179879,45,Good,0,26.1,96,0.0,1.0,248,972.6,56,11.1,11.2,282.0,17.5,48.0,5.8
2025-09-19 21:00:00,2025,9,19,21,Cao Bằng,Xã Tam Kim,22.606427,106.0179879,45,Good,0,25.5,97,0.0,0.8,243,973.1,57,12.7,12.8,303.0,21.0,41.0,6.8
2025-09-19 22:00:00,2025,9,19,22,Cao Bằng,Xã Tam Kim,22.606427,106.0179879,44,Good,0,24.7,98,0.0,1.3,254,973.0,65,14.1,14.2,318.0,23.9,35.0,7.4
2025-09-19 23:00:00,2025,9,19,23,Cao Bằng,Xã Tam Kim,22.606427,106.0179879,44,Good,0,24.1,97,0.0,0.9,233,973.1,59,15.4,15.4,327.0,25.6,29.0,7.3
2025-09-20 00:00:00,2025,9,20,0,Cao Bằng,Xã Tam Kim,22.606427,106.0179879,44,Good,0,23.6,98,0.0,1.0,239,972.8,49,16.7,16.8,328.0,26.5,23.0,6.8
2025-09-20 01:00:00,2025,9,20,1,Cao Bằng,Xã Tam Kim,22.606427,106.0179879,43,Good,0,23.2,97,0.0,1.1,261,972.6,62,17.3,17.4,321.0,26.5,19.0,6.2
2025-09-20 02:00:00,2025,9,20,2,Cao Bằng,Xã Tam Kim,22.606427,106.0179879,43,Good,0,22.9,98,0.0,1.0,248,972.2,40,17.1,17.2,295.0,25.2,15.0,5.5
2025-09-20 03:00:00,2025,9,20,3,Cao Bằng,Xã Tam Kim,22.606427,106.0179879,43,Good,0,22.6,97,0.0,0.4,243,972.0,54,16.4,16.5,260.0,22.9,13.0,4.6
2025-09-20 04:00:00,2025,9,20,4,Cao Bằng,Xã Tam Kim,22.606427,106.0179879,44,Good,0,22.3,97,0.0,0.4,243,972.1,100,15.9,15.9,243.0,20.5,15.0,4.0
2025-09-20 05:00:00,2025,9,20,5,Cao Bằng,Xã Tam Kim,22.606427,106.0179879,44,Good,0,22.1,97,0.0,0.4,243,972.5,100,16.1,16.2,266.0,18.3,23.0,3.8
2025-09-20 06:00:00,2025,9,20,6,Cao Bằng,Xã Tam Kim,22.606427,106.0179879,44,Good,0,22.3,96,0.0,0.7,256,972.7,100,17.5,17.6,306.0,16.0,35.0,3.8
2025-09-20 07:00:00,2025,9,20,7,Cao Bằng,Xã Tam Kim,22.606427,106.0179879,44,Good,0,24.1,93,0.0,1.0,292,973.6,100,11.6,11.7,321.0,15.1,57.0,5.3
2025-09-20 08:00:00,2025,9,20,8,Cao Bằng,Xã Tam Kim,22.606427,106.0179879,44,Good,0,27.3,81,0.0,2.2,48,974.2,95,4.7,4.8,283.0,11.0,74.0,6.4
2025-09-20 09:00:00,2025,9,20,9,Cao Bằng,Xã Tam Kim,22.606427,106.0179879,43,Good,0,29.2,72,0.0,3.7,51,974.5,60,5.7,5.7,219.0,5.4,97.0,8.0
2025-09-20 10:00:00,2025,9,20,10,Cao Bằng,Xã Tam Kim,22.606427,106.0179879,43,Good,0,31.1,62,0.0,3.7,55,974.4,94,5.9,5.9,171.0,1.3,114.0,8.8
2025-09-20 11:00:00,2025,9,20,11,Cao Bằng,Xã Tam Kim,22.606427,106.0179879,43,Good,0,32.5,55,0.0,3.3,96,973.9,99,5.6,5.6,156.0,0.2,119.0,8.3
2025-09-20 12:00:00,2025,9,20,12,Cao Bằng,Xã Tam Kim,22.606427,106.0179879,44,Good,0,33.2,52,0.0,4.1,113,972.9,89,5.8,5.8,157.0,0.6,117.0,7.1
2025-09-20 13:00:00,2025,9,20,13,Cao Bằng,Xã Tam Kim,22.606427,106.0179879,44,Good,0,33.5,51,0.0,5.9,101,971.3,53,7.1,7.1,160.0,1.1,115.0,6.0
2025-09-20 14:00:00,2025,9,20,14,Cao Bằng,Xã Tam Kim,22.606427,106.0179879,44,Good,0,33.4,50,0.0,5.1,107,970.4,92,9.4,9.4,156.0,0.9,117.0,5.3
2025-09-20 15:00:00,2025,9,20,15,Cao Bằng,Xã Tam Kim,22.606427,106.0179879,47,Good,0,32.7,52,0.0,5.1,132,969.3,43,11.4,11.4,154.0,0.8,119.0,4.8
2025-09-20 16:00:00,2025,9,20,16,Cao Bằng,Xã Tam Kim,22.606427,106.0179879,52,Moderate,1,32.2,54,0.0,4.0,148,968.8,70,12.7,12.7,171.0,1.9,114.0,4.5
2025-09-20 17:00:00,2025,9,20,17,Cao Bằng,Xã Tam Kim,22.606427,106.0179879,61,Moderate,1,30.9,70,0.0,3.8,87,968.9,76,14.0,14.0,230.0,5.4,98.0,4.6
2025-09-20 18:00:00,2025,9,20,18,Cao Bằng,Xã Tam Kim,22.606427,106.0179879,61,Moderate,1,29.5,69,0.0,2.7,113,969.5,42,15.7,15.7,308.0,10.0,75.0,5.0
2025-09-20 19:00:00,2025,9,20,19,Cao Bằng,Xã Tam Kim,22.606427,106.0179879,52,Moderate,1,29.0,71,0.0,0.7,180,970.4,18,16.8,16.8,352.0,12.5,60.0,6.1
2025-09-20 20:00:00,2025,9,20,20,Cao Bằng,Xã Tam Kim,22.606427,106.0179879,51,Moderate,1,27.2,89,0.0,3.8,205,971.1,54,16.1,16.1,328.0,11.3,61.0,5.9
2025-09-20 21:00:00,2025,9,20,21,Cao Bằng,Xã Tam Kim,22.606427,106.0179879,51,Moderate,1,27.1,83,0.0,6.2,206,972.1,72,15.5,15.5,271.0,9.5,62.0,5.6
2025-09-20 22:00:00,2025,9,20,22,Cao Bằng,Xã Tam Kim,22.606427,106.0179879,51,Moderate,1,26.4,83,0.0,2.8,230,972.6,42,15.5,15.5,227.0,7.9,64.0,5.1
2025-09-20 23:00:00,2025,9,20,23,Cao Bằng,Xã Tam Kim,22.606427,106.0179879,52,Moderate,1,24.6,94,2.1,4.4,201,973.2,96,15.4,15.4,220.0,6.4,70.0,4.4
2025-09-21 00:00:00,2025,9,21,0,Cao Bằng,Xã Tam Kim,22.606427,106.0179879,52,Moderate,1,24.5,96,0.2,3.6,200,972.6,97,12.2,12.2,228.0,5.0,78.0,3.6
2025-09-21 01:00:00,2025,9,21,1,Cao Bằng,Xã Tam Kim,22.606427,106.0179879,51,Moderate,1,24.8,95,0.0,1.4,67,972.7,100,8.4,8.4,230.0,4.1,81.0,2.9
2025-09-21 02:00:00,2025,9,21,2,Cao Bằng,Xã Tam Kim,22.606427,106.0179879,50,Good,0,24.3,95,0.0,0.9,360,972.0,99,7.8,7.8,216.0,4.1,76.0,2.5
2025-09-21 03:00:00,2025,9,21,3,Cao Bằng,Xã Tam Kim,22.606427,106.0179879,49,Good,0,24.6,93,0.0,0.4,180,972.0,99,7.2,7.2,196.0,4.7,67.0,2.2
2025-09-21 04:00:00,2025,9,21,4,Cao Bằng,Xã Tam Kim,22.606427,106.0179879,48,Good,0,23.9,95,0.0,3.1,187,972.4,100,6.9,6.9,187.0,5.1,62.0,2.1
2025-09-21 05:00:00,2025,9,21,5,Cao Bằng,Xã Tam Kim,22.606427,106.0179879,46,Good,0,23.6,96,1.1,2.7,8,972.7,100,5.1,5.1,198.0,5.1,65.0,2.2
2025-09-21 06:00:00,2025,9,21,6,Cao Bằng,Xã Tam Kim,22.606427,106.0179879,44,Good,0,23.6,97,0.2,2.7,302,972.8,100,4.9,4.9,219.0,4.9,71.0,2.4
2025-09-21 07:00:00,2025,9,21,7,Cao Bằng,Xã Tam Kim,22.606427,106.0179879,42,Good,0,24.2,96,0.1,3.1,277,973.4,100,11.7,11.7,233.0,7.1,50.0,2.3
2025-09-21 08:00:00,2025,9,21,8,Cao Bằng,Xã Tam Kim,22.606427,106.0179879,42,Good,0,26.0,91,0.1,0.6,252,973.7,45,9.5,9.5,230.0,5.4,73.0,2.9
2025-09-21 09:00:00,2025,9,21,9,Cao Bằng,Xã Tam Kim,22.606427,106.0179879,43,Good,0,27.2,82,0.1,1.7,283,974.1,54,11.3,11.4,219.0,3.1,104.0,3.8
2025-09-21 10:00:00,2025,9,21,10,Cao Bằng,Xã Tam Kim,22.606427,106.0179879,44,Good,0,28.9,69,0.0,0.6,108,973.9,57,13.5,13.6,213.0,1.4,126.0,4.2
2025-09-21 11:00:00,2025,9,21,11,Cao Bằng,Xã Tam Kim,22.606427,106.0179879,45,Good,0,30.1,66,0.1,2.4,163,973.7,25,15.1,15.2,216.0,1.0,130.0,3.8
2025-09-21 12:00:00,2025,9,21,12,Cao Bằng,Xã Tam Kim,22.606427,106.0179879,47,Good,0,30.5,64,0.0,4.1,165,972.1,12,16.6,16.6,222.0,1.3,124.0,2.9
2025-09-21 13:00:00,2025,9,21,13,Cao Bằng,Xã Tam Kim,22.606427,106.0179879,49,Good,0,30.4,62,0.0,2.0,5,970.8,43,19.7,19.8,229.0,1.6,118.0,2.2
2025-09-21 14:00:00,2025,9,21,14,Cao Bằng,Xã Tam Kim,22.606427,106.0179879,50,Good,0,28.2,78,1.2,5.4,6,970.1,87,16.3,16.3,228.0,1.5,115.0,1.9
2025-09-21 15:00:00,2025,9,21,15,Cao Bằng,Xã Tam Kim,22.606427,106.0179879,51,Moderate,1,28.2,75,0.2,6.8,241,969.7,58,14.9,14.9,227.0,1.4,111.0,1.8
2025-09-21 16:00:00,2025,9,21,16,Cao Bằng,Xã Tam Kim,22.606427,106.0179879,58,Moderate,1,29.0,71,0.0,1.8,45,969.6,88,14.5,14.6,246.0,2.5,104.0,1.9
2025-09-21 17:00:00,2025,9,21,17,Cao Bằng,Xã Tam Kim,22.606427,106.0179879,65,Moderate,1,27.6,79,0.0,5.6,75,969.9,87,14.5,14.5,310.0,6.2,89.0,2.3
2025-09-21 18:00:00,2025,9,21,18,Cao Bằng,Xã Tam Kim,22.606427,106.0179879,62,Moderate,1,25.9,91,0.1,0.8,243,970.3,69,15.3,15.3,394.0,11.1,72.0,2.9
2025-09-21 19:00:00,2025,9,21,19,Cao Bằng,Xã Tam Kim,22.606427,106.0179879,51,Moderate,1,25.9,90,0.0,0.2,180,971.1,57,16.5,16.5,449.0,16.3,51.0,3.4
2025-09-21 20:00:00,2025,9,21,20,Cao Bằng,Xã Tam Kim,22.606427,106.0179879,51,Moderate,1,26.1,89,0.0,1.6,243,971.6,36,16.8,16.8,449.0,14.1,55.0,3.1
2025-09-21 21:00:00,2025,9,21,21,Cao Bằng,Xã Tam Kim,22.606427,106.0179879,52,Moderate,1,25.7,88,0.0,2.7,270,972.5,42,15.1,15.1,419.0,11.1,61.0,2.7
2025-09-21 22:00:00,2025,9,21,22,Cao Bằng,Xã Tam Kim,22.606427,106.0179879,51,Moderate,1,24.9,91,0.1,2.7,86,973.3,80,10.7,10.7,386.0,8.5,66.0,2.5
2025-09-21 23:00:00,2025,9,21,23,Cao Bằng,Xã Tam Kim,22.606427,106.0179879,51,Moderate,1,23.4,99,2.4,3.4,25,974.1,100,9.0,9.0,355.0,6.9,72.0,2.8
2025-09-22 00:00:00,2025,9,22,0,Cao Bằng,Xã Tam Kim,22.606427,106.0179879,50,Good,0,23.4,99,1.8,3.3,248,974.2,100,10.3,10.3,321.0,5.8,77.0,3.3
2025-09-22 01:00:00,2025,9,22,1,Cao Bằng,Xã Tam Kim,22.606427,106.0179879,50,Good,0,23.3,99,0.9,3.3,279,973.7,100,9.7,9.7,299.0,5.0,80.0,3.7
2025-09-22 02:00:00,2025,9,22,2,Cao Bằng,Xã Tam Kim,22.606427,106.0179879,50,Good,0,23.4,99,3.4,2.8,345,973.3,100,8.7,8.7,298.0,4.6,79.0,3.8
2025-09-22 03:00:00,2025,9,22,3,Cao Bằng,Xã Tam Kim,22.606427,106.0179879,51,Moderate,1,23.3,100,5.6,1.0,211,973.3,100,7.2,7.2,310.0,4.5,75.0,3.7
2025-09-22 04:00:00,2025,9,22,4,Cao Bằng,Xã Tam Kim,22.606427,106.0179879,51,Moderate,1,23.0,98,9.8,5.1,186,973.3,100,7.0,7.0,325.0,4.7,71.0,3.6
2025-09-22 05:00:00,2025,9,22,5,Cao Bằng,Xã Tam Kim,22.606427,106.0179879,51,Moderate,1,22.7,98,8.3,5.4,214,973.8,100,4.3,4.3,343.0,5.4,66.0,3.5
2025-09-22 06:00:00,2025,9,22,6,Cao Bằng,Xã Tam Kim,22.606427,106.0179879,50,Good,0,22.5,98,3.4,3.9,214,974.1,100,3.6,3.6,364.0,6.4,61.0,3.4
2025-09-22 07:00:00,2025,9,22,7,Cao Bằng,Xã Tam Kim,22.606427,106.0179879,50,Good,0,22.7,96,1.2,2.3,241,974.6,100,6.7,6.7,385.0,6.8,56.0,7.2
2025-09-22 08:00:00,2025,9,22,8,Cao Bằng,Xã Tam Kim,22.606427,106.0179879,50,Good,0,23.6,98,0.2,2.6,205,974.7,100,8.3,8.3,407.0,5.9,61.0,6.7
2025-09-22 09:00:00,2025,9,22,9,Cao Bằng,Xã Tam Kim,22.606427,106.0179879,50,Good,0,24.1,95,0.1,2.5,188,975.5,100,8.4,8.4,428.0,4.8,68.0,6.0
2025-09-22 10:00:00,2025,9,22,10,Cao Bằng,Xã Tam Kim,22.606427,106.0179879,49,Good,0,25.2,87,0.1,2.8,153,975.5,99,8.8,8.8,435.0,3.8,75.0,5.3
2025-09-22 11:00:00,2025,9,22,11,Cao Bằng,Xã Tam Kim,22.606427,106.0179879,48,Good,0,26.8,76,0.2,3.3,112,975.0,98,9.0,9.0,418.0,3.3,80.0,4.7
2025-09-22 12:00:00,2025,9,22,12,Cao Bằng,Xã Tam Kim,22.606427,106.0179879,47,Good,0,27.8,72,0.2,5.6,115,973.8,100,9.3,9.3,388.0,3.0,84.0,4.1
2025-09-22 13:00:00,2025,9,22,13,Cao Bằng,Xã Tam Kim,22.606427,106.0179879,46,Good,0,27.2,75,0.1,5.6,111,972.4,99,9.7,9.7,364.0,2.8,88.0,3.6
2025-09-22 14:00:00,2025,9,22,14,Cao Bằng,Xã Tam Kim,22.606427,106.0179879,44,Good,0,27.7,74,0.4,1.2,39,971.2,95,10.3,10.3,350.0,2.2,94.0,3.3
2025-09-22 15:00:00,2025,9,22,15,Cao Bằng,Xã Tam Kim,22.606427,106.0179879,43,Good,0,27.5,77,0.6,3.5,279,970.5,99,10.1,10.1,342.0,1.7,100.0,3.1
2025-09-22 16:00:00,2025,9,22,16,Cao Bằng,Xã Tam Kim,22.606427,106.0179879,42,Good,0,26.4,85,0.4,6.8,310,970.1,98,10.1,10.1,347.0,2.6,100.0,3.1
2025-09-22 17:00:00,2025,9,22,17,Cao Bằng,Xã Tam Kim,22.606427,106.0179879,42,Good,0,25.7,87,0.2,7.1,291,970.3,53,10.6,10.6,379.0,6.2,88.0,3.4
2025-09-22 18:00:00,2025,9,22,18,Cao Bằng,Xã Tam Kim,22.606427,106.0179879,41,Good,0,24.6,89,0.3,4.6,283,970.8,86,12.0,12.0,425.0,11.1,71.0,3.9
2025-09-22 19:00:00,2025,9,22,19,Cao Bằng,Xã Tam Kim,22.606427,106.0179879,41,Good,0,23.9,92,0.8,4.7,247,972.0,46,23.1,23.1,448.0,12.0,60.0,4.0
2025-09-22 20:00:00,2025,9,22,20,Cao Bằng,Xã Tam Kim,22.606427,106.0179879,41,Good,0,25.3,87,0.4,0.2,180,973.4,45,22.8,22.8,428.0,12.3,54.0,4.0
2025-09-22 21:00:00,2025,9,22,21,Cao Bằng,Xã Tam Kim,22.606427,106.0179879,43,Good,0,24.8,90,0.0,2.2,185,974.0,88,22.3,22.3,385.0,12.7,46.0,4.0
2025-09-22 22:00:00,2025,9,22,22,Cao Bằng,Xã Tam Kim,22.606427,106.0179879,44,Good,0,24.4,88,0.5,0.7,180,974.6,100,21.8,21.8,347.0,12.9,39.0,3.9
2025-09-22 23:00:00,2025,9,22,23,Cao Bằng,Xã Tam Kim,22.606427,106.0179879,46,Good,0,24.0,94,1.0,1.8,264,974.4,100,21.4,21.5,323.0,12.8,33.0,3.6
2025-09-23 00:00:00,2025,9,23,0,Cao Bằng,Xã Tam Kim,22.606427,106.0179879,48,Good,0,23.4,97,1.0,3.5,255,974.1,100,20.0,20.0,304.0,12.4,29.0,3.2
2025-09-23 01:00:00,2025,9,23,1,Cao Bằng,Xã Tam Kim,22.606427,106.0179879,50,Good,0,23.1,98,0.3,5.5,283,973.4,100,19.3,19.3,286.0,11.8,26.0,2.9
2025-09-23 02:00:00,2025,9,23,2,Cao Bằng,Xã Tam Kim,22.606427,106.0179879,51,Moderate,1,23.2,94,0.0,6.3,305,972.7,93,18.6,18.6,264.0,10.8,26.0,2.7
2025-09-23 03:00:00,2025,9,23,3,Cao Bằng,Xã Tam Kim,22.606427,106.0179879,51,Moderate,1,22.4,97,0.0,4.4,302,972.1,98,17.5,17.5,242.0,9.5,28.0,2.6
2025-09-23 04:00:00,2025,9,23,4,Cao Bằng,Xã Tam Kim,22.606427,106.0179879,52,Moderate,1,22.6,96,0.1,2.7,293,972.0,99,16.5,16.5,233.0,8.4,30.0,2.6
2025-09-23 05:00:00,2025,9,23,5,Cao Bằng,Xã Tam Kim,22.606427,106.0179879,53,Moderate,1,22.7,97,0.3,2.3,266,972.2,100,15.4,15.4,247.0,7.7,33.0,2.7
2025-09-23 06:00:00,2025,9,23,6,Cao Bằng,Xã Tam Kim,22.606427,106.0179879,54,Moderate,1,22.7,97,0.9,2.3,252,972.6,100,14.7,14.7,274.0,7.2,36.0,2.9
2025-09-23 07:00:00,2025,9,23,7,Cao Bằng,Xã Tam Kim,22.606427,106.0179879,55,Moderate,1,22.7,98,0.9,3.7,241,973.5,100,10.8,10.8,291.0,8.9,31.0,3.4
2025-09-23 08:00:00,2025,9,23,8,Cao Bằng,Xã Tam Kim,22.606427,106.0179879,56,Moderate,1,23.2,98,0.5,2.5,270,973.9,100,9.9,9.9,287.0,7.2,40.0,3.5
2025-09-23 09:00:00,2025,9,23,9,Cao Bằng,Xã Tam Kim,22.606427,106.0179879,56,Moderate,1,23.5,98,0.4,5.4,266,974.1,98,9.2,9.2,274.0,4.8,53.0,3.6
2025-09-23 10:00:00,2025,9,23,10,Cao Bằng,Xã Tam Kim,22.606427,106.0179879,56,Moderate,1,24.1,96,0.6,6.9,277,973.9,76,8.1,8.1,260.0,2.9,64.0,3.5
2025-09-23 11:00:00,2025,9,23,11,Cao Bằng,Xã Tam Kim,22.606427,106.0179879,56,Moderate,1,26.2,83,0.3,5.8,306,973.3,69,6.4,6.4,246.0,2.1,70.0,3.0
2025-09-23 12:00:00,2025,9,23,12,Cao Bằng,Xã Tam Kim,22.606427,106.0179879,55,Moderate,1,27.5,76,0.2,6.9,311,972.2,46,5.5,5.5,232.0,1.8,74.0,2.4
2025-09-23 13:00:00,2025,9,23,13,Cao Bằng,Xã Tam Kim,22.606427,106.0179879,55,Moderate,1,29.3,65,0.2,6.0,309,970.7,34,5.5,5.5,224.0,1.6,77.0,1.8
2025-09-23 14:00:00,2025,9,23,14,Cao Bằng,Xã Tam Kim,22.606427,106.0179879,55,Moderate,1,30.3,61,0.0,4.2,350,969.5,24,5.2,5.2,225.0,1.1,81.0,1.4
2025-09-23 15:00:00,2025,9,23,15,Cao Bằng,Xã Tam Kim,22.606427,106.0179879,54,Moderate,1,30.4,63,0.0,3.4,65,968.6,51,5.8,5.8,231.0,0.6,84.0,1.0
2025-09-23 16:00:00,2025,9,23,16,Cao Bằng,Xã Tam Kim,22.606427,106.0179879,54,Moderate,1,29.3,67,0.0,6.7,314,968.2,47,6.2,6.2,242.0,1.6,82.0,1.0
2025-09-23 17:00:00,2025,9,23,17,Cao Bằng,Xã Tam Kim,22.606427,106.0179879,54,Moderate,1,27.0,81,0.0,8.3,275,968.2,65,7.3,7.3,261.0,5.2,73.0,1.5
2025-09-23 18:00:00,2025,9,23,18,Cao Bằng,Xã Tam Kim,22.606427,106.0179879,53,Moderate,1,26.0,81,0.0,9.5,289,968.6,55,8.7,8.7,285.0,10.2,59.0,2.3
2025-09-23 19:00:00,2025,9,23,19,Cao Bằng,Xã Tam Kim,22.606427,106.0179879,53,Moderate,1,25.4,79,0.0,10.1,297,969.4,45,18.6,18.7,295.0,15.5,48.0,3.6
2025-09-23 20:00:00,2025,9,23,20,Cao Bằng,Xã Tam Kim,22.606427,106.0179879,53,Moderate,1,25.3,89,0.0,7.4,321,970.5,82,19.8,19.8,280.0,15.1,44.0,3.4
2025-09-23 21:00:00,2025,9,23,21,Cao Bằng,Xã Tam Kim,22.606427,106.0179879,52,Moderate,1,24.7,88,0.0,8.9,322,971.3,34,19.2,19.2,253.0,14.5,39.0,3.1
2025-09-23 22:00:00,2025,9,23,22,Cao Bằng,Xã Tam Kim,22.606427,106.0179879,52,Moderate,1,24.4,85,0.0,9.4,312,971.6,12,17.9,17.9,232.0,13.2,37.0,2.8
2025-09-23 23:00:00,2025,9,23,23,Cao Bằng,Xã Tam Kim,22.606427,106.0179879,52,Moderate,1,23.9,85,0.0,8.7,320,971.3,9,16.3,16.3,226.0,10.5,42.0,2.4
2025-09-24 00:00:00,2025,9,24,0,Cao Bằng,Xã Tam Kim,22.606427,106.0179879,51,Moderate,1,23.9,83,0.0,7.9,319,970.9,11,15.1,15.1,226.0,7.0,49.0,2.0
2025-09-24 01:00:00,2025,9,24,1,Cao Bằng,Xã Tam Kim,22.606427,106.0179879,51,Moderate,1,23.0,88,0.0,6.1,310,970.4,13,14.0,14.0,227.0,4.5,55.0,1.9
2025-09-24 02:00:00,2025,9,24,2,Cao Bằng,Xã Tam Kim,22.606427,106.0179879,50,Good,0,22.8,89,0.0,9.2,315,970.3,10,12.5,12.5,226.0,3.8,56.0,2.3
2025-09-24 03:00:00,2025,9,24,3,Cao Bằng,Xã Tam Kim,22.606427,106.0179879,50,Good,0,22.9,86,0.0,9.9,314,970.0,10,10.4,10.4,226.0,4.1,56.0,3.0
2025-09-24 04:00:00,2025,9,24,4,Cao Bằng,Xã Tam Kim,22.606427,106.0179879,48,Good,0,22.8,84,0.0,9.9,315,969.9,12,7.5,7.5,234.0,4.4,55.0,3.6
2025-09-24 05:00:00,2025,9,24,5,Cao Bằng,Xã Tam Kim,22.606427,106.0179879,47,Good,0,22.8,82,0.0,10.7,323,970.0,11,4.6,4.6,258.0,4.4,55.0,4.1
2025-09-24 06:00:00,2025,9,24,6,Cao Bằng,Xã Tam Kim,22.606427,106.0179879,45,Good,0,23.1,77,0.0,11.3,323,970.4,11,2.8,2.8,289.0,4.5,54.0,4.5
2025-09-24 07:00:00,2025,9,24,7,Cao Bằng,Xã Tam Kim,22.606427,106.0179879,43,Good,0,24.1,74,0.0,10.7,329,971.2,7,0.3,0.3,307.0,4.8,54.0,4.8
2025-09-24 08:00:00,2025,9,24,8,Cao Bằng,Xã Tam Kim,22.606427,106.0179879,41,Good,0,26.6,64,0.0,11.7,319,971.6,29,0.7,0.8,303.0,3.8,62.0,4.5
2025-09-24 09:00:00,2025,9,24,9,Cao Bằng,Xã Tam Kim,22.606427,106.0179879,40,Good,0,28.2,58,0.0,15.7,333,971.6,91,1.0,1.0,286.0,2.5,73.0,4.0
2025-09-24 10:00:00,2025,9,24,10,Cao Bằng,Xã Tam Kim,22.606427,106.0179879,38,Good,0,29.9,51,0.0,16.9,345,971.4,97,1.4,1.4,266.0,1.5,81.0,3.5
2025-09-24 11:00:00,2025,9,24,11,Cao Bằng,Xã Tam Kim,22.606427,106.0179879,37,Good,0,30.8,50,0.0,17.3,348,970.5,64,1.8,1.8,240.0,1.1,85.0,3.0
2025-09-24 12:00:00,2025,9,24,12,Cao Bằng,Xã Tam Kim,22.606427,106.0179879,36,Good,0,32.1,47,0.0,20.6,356,969.4,80,2.4,2.5,211.0,1.0,86.0,2.5
2025-09-24 13:00:00,2025,9,24,13,Cao Bằng,Xã Tam Kim,22.606427,106.0179879,36,Good,0,32.5,46,0.0,18.8,9,968.6,95,3.1,3.2,193.0,1.0,86.0,2.1
2025-09-24 14:00:00,2025,9,24,14,Cao Bằng,Xã Tam Kim,22.606427,106.0179879,35,Good,0,32.3,45,0.0,18.3,6,967.4,93,3.7,3.7,193.0,1.1,86.0,2.0
2025-09-24 15:00:00,2025,9,24,15,Cao Bằng,Xã Tam Kim,22.606427,106.0179879,36,Good,0,32.0,47,0.0,16.7,2,966.7,95,4.6,4.6,204.0,1.3,85.0,2.2
2025-09-24 16:00:00,2025,9,24,16,Cao Bằng,Xã Tam Kim,22.606427,106.0179879,37,Good,0,31.2,50,0.0,14.4,350,966.2,73,6.1,6.2,217.0,1.7,84.0,2.3
2025-09-24 17:00:00,2025,9,24,17,Cao Bằng,Xã Tam Kim,22.606427,106.0179879,39,Good,0,29.6,56,0.0,11.4,344,966.0,99,7.6,7.7,232.0,2.3,83.0,2.4
2025-09-24 18:00:00,2025,9,24,18,Cao Bằng,Xã Tam Kim,22.606427,106.0179879,39,Good,0,27.6,61,0.0,8.7,320,966.0,100,8.6,8.6,250.0,2.9,81.0,2.4
2025-09-24 19:00:00,2025,9,24,19,Cao Bằng,Xã Tam Kim,22.606427,106.0179879,39,Good,0,26.7,63,0.0,8.0,312,966.8,100,12.8,13.0,262.0,3.1,78.0,2.2
2025-09-24 20:00:00,2025,9,24,20,Cao Bằng,Xã Tam Kim,22.606427,106.0179879,39,Good,0,26.3,63,0.0,10.1,320,968.0,100,12.8,12.9,262.0,3.1,76.0,2.3
2025-09-24 21:00:00,2025,9,24,21,Cao Bằng,Xã Tam Kim,22.606427,106.0179879,38,Good,0,26.3,62,0.0,10.3,310,968.6,99,12.9,13.0,257.0,3.2,74.0,2.3
2025-09-24 22:00:00,2025,9,24,22,Cao Bằng,Xã Tam Kim,22.606427,106.0179879,38,Good,0,26.1,62,0.0,10.4,316,968.6,100,12.9,12.9,252.0,3.2,71.0,2.5
2025-09-24 23:00:00,2025,9,24,23,Cao Bằng,Xã Tam Kim,22.606427,106.0179879,37,Good,0,26.5,60,0.0,10.4,326,968.5,100,12.6,12.6,251.0,3.2,69.0,2.8
2025-09-25 00:00:00,2025,9,25,0,Cao Bằng,Xã Tam Kim,22.606427,106.0179879,36,Good,0,26.4,60,0.0,11.3,340,968.1,100,12.1,12.2,251.0,3.2,66.0,3.2
2025-09-25 01:00:00,2025,9,25,1,Cao Bằng,Xã Tam Kim,22.606427,106.0179879,35,Good,0,26.6,59,0.0,14.0,332,967.4,100,11.5,11.5,252.0,3.2,64.0,3.5
2025-09-25 02:00:00,2025,9,25,2,Cao Bằng,Xã Tam Kim,22.606427,106.0179879,34,Good,0,26.4,59,0.0,15.1,333,966.7,100,10.5,10.6,256.0,3.2,63.0,3.5
2025-09-25 03:00:00,2025,9,25,3,Cao Bằng,Xã Tam Kim,22.606427,106.0179879,33,Good,0,26.2,59,0.0,16.0,334,966.5,100,9.2,9.2,261.0,3.2,62.0,3.4
2025-09-25 04:00:00,2025,9,25,4,Cao Bằng,Xã Tam Kim,22.606427,106.0179879,32,Good,0,24.4,70,0.6,17.2,328,966.2,100,7.5,7.6,264.0,3.2,61.0,3.3
2025-09-25 05:00:00,2025,9,25,5,Cao Bằng,Xã Tam Kim,22.606427,106.0179879,31,Good,0,23.8,74,0.9,15.1,321,966.5,100,6.7,6.7,265.0,3.4,60.0,3.2
2025-09-25 06:00:00,2025,9,25,6,Cao Bằng,Xã Tam Kim,22.606427,106.0179879,30,Good,0,22.5,86,2.0,17.9,319,966.6,100,5.9,6.0,265.0,3.7,58.0,3.1
2025-09-25 07:00:00,2025,9,25,7,Cao Bằng,Xã Tam Kim,22.606427,106.0179879,29,Good,0,21.4,94,4.0,14.6,326,967.1,100,2.3,2.3,262.0,3.9,56.0,3.5
2025-09-25 08:00:00,2025,9,25,8,Cao Bằng,Xã Tam Kim,22.606427,106.0179879,30,Good,0,21.9,95,1.5,12.2,323,968.5,100,2.2,2.2,256.0,3.6,57.0,3.2
2025-09-25 09:00:00,2025,9,25,9,Cao Bằng,Xã Tam Kim,22.606427,106.0179879,30,Good,0,22.1,96,1.6,12.1,314,969.3,100,1.9,1.9,247.0,3.1,58.0,2.7
2025-09-25 10:00:00,2025,9,25,10,Cao Bằng,Xã Tam Kim,22.606427,106.0179879,30,Good,0,22.7,95,1.6,13.0,313,969.6,100,1.6,1.6,239.0,2.8,59.0,2.4
2025-09-25 11:00:00,2025,9,25,11,Cao Bằng,Xã Tam Kim,22.606427,106.0179879,30,Good,0,22.6,95,3.6,12.7,310,969.7,100,1.4,1.4,234.0,2.6,60.0,2.3
2025-09-25 12:00:00,2025,9,25,12,Cao Bằng,Xã Tam Kim,22.606427,106.0179879,30,Good,0,22.7,95,4.2,12.0,313,968.8,100,1.3,1.3,229.0,2.6,62.0,2.2
2025-09-25 13:00:00,2025,9,25,13,Cao Bằng,Xã Tam Kim,22.606427,106.0179879,30,Good,0,22.9,95,4.3,11.5,314,968.3,100,1.2,1.2,226.0,2.7,63.0,2.3
2025-09-25 14:00:00,2025,9,25,14,Cao Bằng,Xã Tam Kim,22.606427,106.0179879,29,Good,0,22.7,95,3.9,12.0,311,967.7,100,1.2,1.2,224.0,3.0,64.0,2.5
2025-09-25 15:00:00,2025,9,25,15,Cao Bằng,Xã Tam Kim,22.606427,106.0179879,29,Good,0,22.2,95,3.9,11.1,310,967.8,100,1.2,1.2,222.0,3.4,64.0,2.7
2025-09-25 16:00:00,2025,9,25,16,Cao Bằng,Xã Tam Kim,22.606427,106.0179879,28,Good,0,22.0,96,2.3,11.3,318,968.1,100,1.4,1.4,222.0,3.8,64.0,2.9
2025-09-25 17:00:00,2025,9,25,17,Cao Bằng,Xã Tam Kim,22.606427,106.0179879,29,Good,0,21.6,96,1.8,10.9,314,968.4,100,1.8,1.8,223.0,4.3,63.0,3.1
2025-09-25 18:00:00,2025,9,25,18,Cao Bằng,Xã Tam Kim,22.606427,106.0179879,29,Good,0,21.3,96,3.4,8.9,310,969.2,100,1.9,1.9,225.0,4.8,61.0,3.2
2025-09-25 19:00:00,2025,9,25,19,Cao Bằng,Xã Tam Kim,22.606427,106.0179879,29,Good,0,21.2,97,1.5,8.1,287,970.1,100,2.2,2.2,228.0,5.3,57.0,3.2
2025-09-25 20:00:00,2025,9,25,20,Cao Bằng,Xã Tam Kim,22.606427,106.0179879,29,Good,0,21.0,96,2.5,8.9,295,972.3,100,2.3,2.3,232.0,6.0,52.0,3.2
2025-09-25 21:00:00,2025,9,25,21,Cao Bằng,Xã Tam Kim,22.606427,106.0179879,28,Good,0,20.9,97,2.1,6.8,297,973.4,100,2.2,2.2,236.0,7.0,46.0,3.3
2025-09-25 22:00:00,2025,9,25,22,Cao Bằng,Xã Tam Kim,22.606427,106.0179879,27,Good,0,21.0,96,1.1,6.7,308,973.5,100,2.3,2.3,243.0,7.7,40.0,3.3
2025-09-25 23:00:00,2025,9,25,23,Cao Bằng,Xã Tam Kim,22.606427,106.0179879,26,Good,0,21.3,92,0.1,11.1,297,973.3,99,2.2,2.2,255.0,7.8,36.0,3.2
2025-09-26 00:00:00,2025,9,26,0,Cao Bằng,Xã Tam Kim,22.606427,106.0179879,24,Good,0,21.1,96,0.0,7.6,304,972.8,100,2.1,2.1,269.0,7.6,34.0,3.0
2025-09-26 01:00:00,2025,9,26,1,Cao Bằng,Xã Tam Kim,22.606427,106.0179879,23,Good,0,21.2,96,0.1,6.6,303,972.6,100,1.6,1.6,275.0,7.4,32.0,2.8
2025-09-26 02:00:00,2025,9,26,2,Cao Bằng,Xã Tam Kim,22.606427,106.0179879,21,Good,0,21.2,97,0.5,6.6,303,972.5,100,1.0,1.0,265.0,7.1,31.0,2.6
2025-09-26 03:00:00,2025,9,26,3,Cao Bằng,Xã Tam Kim,22.606427,106.0179879,19,Good,0,21.7,91,0.4,6.5,294,972.6,100,0.9,0.9,249.0,6.7,31.0,2.4
2025-09-26 04:00:00,2025,9,26,4,Cao Bằng,Xã Tam Kim,22.606427,106.0179879,18,Good,0,21.2,96,0.5,4.8,283,972.6,100,0.8,0.8,242.0,6.5,31.0,2.4
2025-09-26 05:00:00,2025,9,26,5,Cao Bằng,Xã Tam Kim,22.606427,106.0179879,16,Good,0,21.5,93,0.0,4.3,303,973.2,100,1.0,1.0,259.0,6.8,32.0,2.6
2025-09-26 06:00:00,2025,9,26,6,Cao Bằng,Xã Tam Kim,22.606427,106.0179879,15,Good,0,22.1,88,0.0,6.3,329,974.2,100,1.4,1.4,287.0,7.4,34.0,2.9
2025-09-26 07:00:00,2025,9,26,7,Cao Bằng,Xã Tam Kim,22.606427,106.0179879,15,Good,0,22.0,95,0.0,5.5,283,974.9,100,1.3,1.3,301.0,8.4,37.0,3.4
2025-09-26 08:00:00,2025,9,26,8,Cao Bằng,Xã Tam Kim,22.606427,106.0179879,15,Good,0,22.6,96,2.0,4.8,301,976.9,100,1.5,1.6,288.0,7.7,41.0,3.7
2025-09-26 09:00:00,2025,9,26,9,Cao Bằng,Xã Tam Kim,22.606427,106.0179879,16,Good,0,22.5,97,8.7,4.3,312,977.4,100,2.0,2.0,263.0,6.7,46.0,4.0
2025-09-26 10:00:00,2025,9,26,10,Cao Bằng,Xã Tam Kim,22.606427,106.0179879,16,Good,0,22.8,98,6.8,4.2,313,977.5,100,2.1,2.1,242.0,5.7,51.0,4.0
2025-09-26 11:00:00,2025,9,26,11,Cao Bằng,Xã Tam Kim,22.606427,106.0179879,18,Good,0,23.1,98,3.4,5.1,280,977.6,100,2.5,2.5,234.0,4.6,56.0,3.4
2025-09-26 12:00:00,2025,9,26,12,Cao Bằng,Xã Tam Kim,22.606427,106.0179879,19,Good,0,23.2,98,1.5,8.7,288,976.8,100,2.9,2.9,231.0,3.6,62.0,2.6
2025-09-26 13:00:00,2025,9,26,13,Cao Bằng,Xã Tam Kim,22.606427,106.0179879,21,Good,0,23.7,96,0.8,8.9,294,976.1,100,4.0,4.0,228.0,3.0,65.0,1.9
2025-09-26 14:00:00,2025,9,26,14,Cao Bằng,Xã Tam Kim,22.606427,106.0179879,23,Good,0,24.8,89,0.4,5.8,265,975.9,97,4.2,4.2,221.0,3.2,64.0,1.6
2025-09-26 15:00:00,2025,9,26,15,Cao Bằng,Xã Tam Kim,22.606427,106.0179879,24,Good,0,25.5,93,0.6,1.4,113,976.1,100,4.0,4.0,214.0,3.9,61.0,1.6
2025-09-26 16:00:00,2025,9,26,16,Cao Bằng,Xã Tam Kim,22.606427,106.0179879,26,Good,0,23.9,96,3.0,5.0,154,976.4,100,4.2,4.2,210.0,4.8,58.0,1.8
2025-09-26 17:00:00,2025,9,26,17,Cao Bằng,Xã Tam Kim,22.606427,106.0179879,27,Good,0,24.0,97,0.6,2.9,240,976.2,100,4.9,4.9,214.0,6.1,54.0,2.3
2025-09-26 18:00:00,2025,9,26,18,Cao Bằng,Xã Tam Kim,22.606427,106.0179879,27,Good,0,23.7,94,0.9,1.7,347,976.8,100,5.3,5.3,221.0,7.7,50.0,3.0
2025-09-26 19:00:00,2025,9,26,19,Cao Bằng,Xã Tam Kim,22.606427,106.0179879,27,Good,0,23.4,97,0.4,2.7,312,977.5,100,4.4,4.4,220.0,9.6,42.0,3.3
2025-09-26 20:00:00,2025,9,26,20,Cao Bằng,Xã Tam Kim,22.606427,106.0179879,26,Good,0,23.2,98,1.1,1.7,257,978.9,100,3.9,3.9,202.0,9.4,42.0,3.3
2025-09-26 21:00:00,2025,9,26,21,Cao Bằng,Xã Tam Kim,22.606427,106.0179879,25,Good,0,23.1,98,0.6,5.3,282,979.5,100,4.8,4.8,177.0,9.2,41.0,3.4
2025-09-26 22:00:00,2025,9,26,22,Cao Bằng,Xã Tam Kim,22.606427,106.0179879,24,Good,0,22.9,98,0.3,4.7,279,979.9,100,4.4,4.4,158.0,8.8,41.0,3.4
2025-09-26 23:00:00,2025,9,26,23,Cao Bằng,Xã Tam Kim,22.606427,106.0179879,23,Good,0,22.6,98,0.5,3.4,302,980.0,100,3.5,3.6,153.0,8.2,41.0,3.3
2025-09-27 00:00:00,2025,9,27,0,Cao Bằng,Xã Tam Kim,22.606427,106.0179879,21,Good,0,22.4,98,0.3,4.5,270,980.2,100,3.6,3.7,155.0,7.5,40.0,3.1
2025-09-27 01:00:00,2025,9,27,1,Cao Bằng,Xã Tam Kim,22.606427,106.0179879,20,Good,0,22.1,99,1.6,4.1,272,979.4,100,3.0,3.0,155.0,7.0,39.0,3.0
2025-09-27 02:00:00,2025,9,27,2,Cao Bằng,Xã Tam Kim,22.606427,106.0179879,19,Good,0,22.2,99,1.3,1.6,270,979.0,100,2.6,2.6,146.0,7.0,36.0,2.9
2025-09-27 03:00:00,2025,9,27,3,Cao Bằng,Xã Tam Kim,22.606427,106.0179879,19,Good,0,22.2,98,0.2,5.5,279,978.6,100,2.9,3.0,135.0,7.3,32.0,2.8
2025-09-27 04:00:00,2025,9,27,4,Cao Bằng,Xã Tam Kim,22.606427,106.0179879,18,Good,0,22.1,98,0.1,7.4,292,978.7,100,3.4,3.5,136.0,7.5,30.0,2.8
2025-09-27 05:00:00,2025,9,27,5,Cao Bằng,Xã Tam Kim,22.606427,106.0179879,17,Good,0,21.9,98,0.0,7.4,293,978.7,59,3.9,4.0,162.0,7.6,29.0,2.9
2025-09-27 06:00:00,2025,9,27,6,Cao Bằng,Xã Tam Kim,22.606427,106.0179879,17,Good,0,21.8,98,0.0,6.0,287,979.1,98,4.7,4.7,200.0,7.5,30.0,3.2
2025-09-27 07:00:00,2025,9,27,7,Cao Bằng,Xã Tam Kim,22.606427,106.0179879,16,Good,0,22.6,98,0.2,2.9,270,980.0,100,4.2,4.3,223.0,6.7,41.0,3.8
2025-09-27 08:00:00,2025,9,27,8,Cao Bằng,Xã Tam Kim,22.606427,106.0179879,16,Good,0,25.0,89,0.0,6.9,298,980.4,94,4.8,4.9,214.0,5.1,50.0,3.7
2025-09-27 09:00:00,2025,9,27,9,Cao Bằng,Xã Tam Kim,22.606427,106.0179879,17,Good,0,26.7,77,0.0,6.7,304,980.6,87,5.8,5.9,189.0,2.8,62.0,3.5
2025-09-27 10:00:00,2025,9,27,10,Cao Bằng,Xã Tam Kim,22.606427,106.0179879,18,Good,0,28.1,70,0.0,2.7,340,980.6,98,5.8,6.0,170.0,1.1,70.0,3.3
2025-09-27 11:00:00,2025,9,27,11,Cao Bằng,Xã Tam Kim,22.606427,106.0179879,20,Good,0,29.4,63,0.0,2.9,274,980.0,98,5.3,5.6,165.0,0.5,71.0,3.1
2025-09-27 12:00:00,2025,9,27,12,Cao Bằng,Xã Tam Kim,22.606427,106.0179879,22,Good,0,30.7,60,0.0,1.7,162,978.7,100,5.1,5.5,166.0,0.5,69.0,3.0
2025-09-27 13:00:00,2025,9,27,13,Cao Bằng,Xã Tam Kim,22.606427,106.0179879,24,Good,0,32.1,53,0.0,5.5,113,977.4,100,5.2,5.5,166.0,0.7,68.0,2.9
2025-09-27 14:00:00,2025,9,27,14,Cao Bằng,Xã Tam Kim,22.606427,106.0179879,27,Good,0,31.2,55,0.0,3.2,106,975.8,66,5.2,5.6,159.0,0.2,70.0,2.9
2025-09-27 15:00:00,2025,9,27,15,Cao Bằng,Xã Tam Kim,22.606427,106.0179879,29,Good,0,31.3,55,0.1,5.1,96,975.2,51,5.6,6.0,151.0,0.0,74.0,2.9
2025-09-27 16:00:00,2025,9,27,16,Cao Bằng,Xã Tam Kim,22.606427,106.0179879,31,Good,0,30.6,59,0.1,3.1,77,975.0,46,5.9,6.2,161.0,1.6,72.0,3.2
2025-09-27 17:00:00,2025,9,27,17,Cao Bằng,Xã Tam Kim,22.606427,106.0179879,32,Good,0,28.9,71,0.0,3.3,331,974.8,40,6.6,6.9,209.0,7.5,62.0,4.0
2025-09-27 18:00:00,2025,9,27,18,Cao Bằng,Xã Tam Kim,22.606427,106.0179879,32,Good,0,26.7,79,0.0,4.3,292,975.1,42,9.6,9.9,275.0,15.5,47.0,5.1
2025-09-27 19:00:00,2025,9,27,19,Cao Bằng,Xã Tam Kim,22.606427,106.0179879,31,Good,0,26.3,78,0.0,3.2,297,975.9,32,15.3,15.7,315.0,22.1,32.0,6.3
2025-09-27 20:00:00,2025,9,27,20,Cao Bằng,Xã Tam Kim,22.606427,106.0179879,29,Good,0,25.5,81,0.0,4.3,303,976.8,18,17.9,18.3,304.0,23.4,26.0,6.0
2025-09-27 21:00:00,2025,9,27,21,Cao Bằng,Xã Tam Kim,22.606427,106.0179879,26,Good,0,24.8,83,0.0,3.9,313,977.3,12,19.2,19.6,267.0,25.0,18.0,5.5
2025-09-27 22:00:00,2025,9,27,22,Cao Bằng,Xã Tam Kim,22.606427,106.0179879,27,Good,0,24.5,83,0.0,3.7,309,977.4,24,19.2,19.4,236.0,24.9,13.0,4.9
2025-09-27 23:00:00,2025,9,27,23,Cao Bằng,Xã Tam Kim,22.606427,106.0179879,29,Good,0,23.4,88,0.0,6.8,307,977.8,60,17.7,17.9,223.0,21.7,14.0,4.1
2025-09-28 00:00:00,2025,9,28,0,Cao Bằng,Xã Tam Kim,22.606427,106.0179879,32,Good,0,23.4,85,0.0,7.8,285,977.5,7,15.7,15.9,215.0,16.9,17.0,3.2
2025-09-28 01:00:00,2025,9,28,1,Cao Bằng,Xã Tam Kim,22.606427,106.0179879,34,Good,0,22.6,87,0.0,7.4,296,976.5,14,14.5,14.7,207.0,12.9,20.0,2.5
2025-09-28 02:00:00,2025,9,28,2,Cao Bằng,Xã Tam Kim,22.606427,106.0179879,36,Good,0,22.7,87,0.0,7.6,298,976.1,24,13.9,14.1,193.0,10.7,22.0,2.1
2025-09-28 03:00:00,2025,9,28,3,Cao Bằng,Xã Tam Kim,22.606427,106.0179879,38,Good,0,22.4,89,0.0,8.3,314,975.5,43,13.6,13.8,179.0,9.3,23.0,1.8
2025-09-28 04:00:00,2025,9,28,4,Cao Bằng,Xã Tam Kim,22.606427,106.0179879,40,Good,0,22.2,90,0.1,6.4,297,975.0,100,13.7,13.9,179.0,8.3,24.0,1.7
2025-09-28 05:00:00,2025,9,28,5,Cao Bằng,Xã Tam Kim,22.606427,106.0179879,41,Good,0,22.4,88,0.0,3.5,309,975.1,74,13.9,14.1,208.0,8.0,24.0,1.6
2025-09-28 06:00:00,2025,9,28,6,Cao Bằng,Xã Tam Kim,22.606427,106.0179879,43,Good,0,22.2,90,0.0,7.5,312,975.1,27,14.6,14.7,251.0,8.2,24.0,1.6
2025-09-28 07:00:00,2025,9,28,7,Cao Bằng,Xã Tam Kim,22.606427,106.0179879,45,Good,0,23.7,86,0.0,7.7,294,976.3,39,11.1,11.2,274.0,7.6,30.0,2.1
2025-09-28 08:00:00,2025,9,28,8,Cao Bằng,Xã Tam Kim,22.606427,106.0179879,46,Good,0,22.1,98,5.0,10.7,254,977.8,42,10.6,10.8,257.0,5.7,48.0,2.4
2025-09-28 09:00:00,2025,9,28,9,Cao Bằng,Xã Tam Kim,22.606427,106.0179879,47,Good,0,24.8,90,0.1,7.7,270,977.6,18,9.0,9.1,221.0,3.1,72.0,2.8
2025-09-28 10:00:00,2025,9,28,10,Cao Bằng,Xã Tam Kim,22.606427,106.0179879,48,Good,0,28.0,73,0.1,3.5,345,977.6,37,8.8,9.0,193.0,1.2,88.0,3.0
2025-09-28 11:00:00,2025,9,28,11,Cao Bằng,Xã Tam Kim,22.606427,106.0179879,48,Good,0,30.0,67,0.1,5.4,50,977.3,100,7.2,7.5,185.0,0.6,86.0,2.8
2025-09-28 12:00:00,2025,9,28,12,Cao Bằng,Xã Tam Kim,22.606427,106.0179879,48,Good,0,30.1,63,0.1,8.0,56,975.5,91,5.8,6.2,185.0,0.8,76.0,2.3
2025-09-28 13:00:00,2025,9,28,13,Cao Bằng,Xã Tam Kim,22.606427,106.0179879,49,Good,0,26.4,91,3.7,7.2,347,975.8,95,6.1,6.4,185.0,1.1,68.0,2.0
2025-09-28 14:00:00,2025,9,28,14,Cao Bằng,Xã Tam Kim,22.606427,106.0179879,49,Good,0,25.7,91,5.1,5.8,254,975.6,97,7.0,7.3,181.0,1.2,67.0,2.0
2025-09-28 15:00:00,2025,9,28,15,Cao Bằng,Xã Tam Kim,22.606427,106.0179879,49,Good,0,25.1,88,3.1,7.5,235,975.1,94,7.7,7.9,177.0,1.6,68.0,2.2
2025-09-28 16:00:00,2025,9,28,16,Cao Bằng,Xã Tam Kim,22.606427,106.0179879,49,Good,0,25.4,85,0.0,9.3,279,974.5,100,7.7,7.9,176.0,2.6,67.0,2.4
2025-09-28 17:00:00,2025,9,28,17,Cao Bằng,Xã Tam Kim,22.606427,106.0179879,50,Good,0,24.9,89,0.2,8.9,291,974.5,100,7.5,7.7,178.0,5.1,60.0,2.7
2025-09-28 18:00:00,2025,9,28,18,Cao Bằng,Xã Tam Kim,22.606427,106.0179879,50,Good,0,24.0,89,0.0,9.7,298,974.7,100,8.1,8.2,183.0,8.4,50.0,3.2
2025-09-28 19:00:00,2025,9,28,19,Cao Bằng,Xã Tam Kim,22.606427,106.0179879,50,Good,0,23.3,91,0.0,8.7,307,974.7,61,6.8,7.1,194.0,7.6,55.0,5.9
2025-09-28 20:00:00,2025,9,28,20,Cao Bằng,Xã Tam Kim,22.606427,106.0179879,48,Good,0,22.9,90,0.1,10.3,308,976.5,56,7.2,7.4,223.0,7.7,52.0,5.7
2025-09-28 21:00:00,2025,9,28,21,Cao Bằng,Xã Tam Kim,22.606427,106.0179879,46,Good,0,22.4,94,0.6,13.2,298,976.4,86,7.2,7.4,259.0,7.7,47.0,5.5
2025-09-28 22:00:00,2025,9,28,22,Cao Bằng,Xã Tam Kim,22.606427,106.0179879,44,Good,0,22.0,96,0.5,11.0,291,976.3,100,6.8,7.0,272.0,7.5,44.0,5.1
2025-09-28 23:00:00,2025,9,28,23,Cao Bằng,Xã Tam Kim,22.606427,106.0179879,42,Good,0,21.8,97,0.3,8.7,294,976.2,100,6.0,6.3,243.0,6.9,43.0,4.6
2025-09-29 00:00:00,2025,9,29,0,Cao Bằng,Xã Tam Kim,22.606427,106.0179879,40,Good,0,21.8,97,0.2,9.8,293,975.4,98,5.8,6.1,192.0,6.0,43.0,4.0
2025-09-29 01:00:00,2025,9,29,1,Cao Bằng,Xã Tam Kim,22.606427,106.0179879,38,Good,0,21.6,97,0.3,8.6,293,974.8,99,6.0,6.3,151.0,5.2,43.0,3.5
2025-09-29 02:00:00,2025,9,29,2,Cao Bằng,Xã Tam Kim,22.606427,106.0179879,37,Good,0,21.6,97,0.2,11.6,298,974.0,98,6.1,6.4,133.0,4.6,44.0,3.3
2025-09-29 03:00:00,2025,9,29,3,Cao Bằng,Xã Tam Kim,22.606427,106.0179879,35,Good,0,21.5,97,0.3,9.9,295,973.7,100,6.5,6.8,125.0,4.1,46.0,3.3
2025-09-29 04:00:00,2025,9,29,4,Cao Bằng,Xã Tam Kim,22.606427,106.0179879,34,Good,0,21.4,97,1.9,9.6,291,973.9,100,7.0,7.4,126.0,3.8,47.0,3.3
2025-09-29 05:00:00,2025,9,29,5,Cao Bằng,Xã Tam Kim,22.606427,106.0179879,33,Good,0,21.4,98,1.0,11.1,290,974.1,100,7.5,7.9,138.0,3.8,48.0,3.2
2025-09-29 06:00:00,2025,9,29,6,Cao Bằng,Xã Tam Kim,22.606427,106.0179879,32,Good,0,21.5,98,2.5,10.5,292,974.6,100,7.3,7.7,158.0,4.1,49.0,3.2
2025-09-29 07:00:00,2025,9,29,7,Cao Bằng,Xã Tam Kim,22.606427,106.0179879,31,Good,0,21.8,98,2.4,8.7,288,974.9,100,6.2,6.6,177.0,3.9,51.0,3.4
2025-09-29 08:00:00,2025,9,29,8,Cao Bằng,Xã Tam Kim,22.606427,106.0179879,30,Good,0,23.1,97,2.8,6.6,287,975.8,100,6.8,7.2,194.0,3.8,52.0,3.7
2025-09-29 09:00:00,2025,9,29,9,Cao Bằng,Xã Tam Kim,22.606427,106.0179879,29,Good,0,23.6,96,2.4,4.8,349,976.5,100,7.7,8.0,210.0,3.6,53.0,4.2
2025-09-29 10:00:00,2025,9,29,10,Cao Bằng,Xã Tam Kim,22.606427,106.0179879,29,Good,0,24.2,96,2.6,5.9,40,976.4,100,5.8,6.0,219.0,3.7,54.0,4.8
2025-09-29 11:00:00,2025,9,29,11,Cao Bằng,Xã Tam Kim,22.606427,106.0179879,28,Good,0,24.3,96,2.6,6.4,68,975.7,100,4.8,4.9,215.0,4.2,55.0,5.9
2025-09-29 12:00:00,2025,9,29,12,Cao Bằng,Xã Tam Kim,22.606427,106.0179879,28,Good,0,24.0,97,3.1,8.0,82,974.7,100,5.3,5.4,205.0,4.9,57.0,7.3
2025-09-29 13:00:00,2025,9,29,13,Cao Bằng,Xã Tam Kim,22.606427,106.0179879,28,Good,0,23.6,97,3.8,9.9,86,974.0,100,6.8,6.9,195.0,5.3,58.0,7.8
2025-09-29 14:00:00,2025,9,29,14,Cao Bằng,Xã Tam Kim,22.606427,106.0179879,28,Good,0,23.3,98,3.9,10.4,98,973.1,100,6.9,7.0,190.0,5.1,59.0,6.9
2025-09-29 15:00:00,2025,9,29,15,Cao Bằng,Xã Tam Kim,22.606427,106.0179879,28,Good,0,23.3,98,3.3,11.4,95,972.9,100,4.2,4.3,187.0,4.7,60.0,5.2
2025-09-29 16:00:00,2025,9,29,16,Cao Bằng,Xã Tam Kim,22.606427,106.0179879,27,Good,0,23.2,97,5.3,9.2,135,972.8,100,3.6,3.6,182.0,4.6,59.0,3.9
2025-09-29 17:00:00,2025,9,29,17,Cao Bằng,Xã Tam Kim,22.606427,106.0179879,27,Good,0,23.1,98,6.0,11.4,149,973.2,100,4.7,4.8,172.0,5.4,57.0,3.5
2025-09-29 18:00:00,2025,9,29,18,Cao Bằng,Xã Tam Kim,22.606427,106.0179879,27,Good,0,23.0,99,2.9,9.4,160,973.9,100,3.3,3.4,161.0,6.5,54.0,3.4
2025-09-29 19:00:00,2025,9,29,19,Cao Bằng,Xã Tam Kim,22.606427,106.0179879,27,Good,0,23.1,98,2.8,6.9,165,974.7,100,3.9,3.9,152.0,5.6,53.0,2.5
2025-09-29 20:00:00,2025,9,29,20,Cao Bằng,Xã Tam Kim,22.606427,106.0179879,26,Good,0,23.2,98,3.4,8.6,120,974.7,100,3.1,3.1,147.0,5.6,50.0,2.1
2025-09-29 21:00:00,2025,9,29,21,Cao Bằng,Xã Tam Kim,22.606427,106.0179879,26,Good,0,23.1,98,2.9,11.2,130,975.2,100,1.4,1.4,145.0,5.7,46.0,1.5
2025-09-29 22:00:00,2025,9,29,22,Cao Bằng,Xã Tam Kim,22.606427,106.0179879,25,Good,0,23.0,98,4.3,9.4,137,975.4,100,0.8,0.8,143.0,5.6,43.0,1.0
2025-09-29 23:00:00,2025,9,29,23,Cao Bằng,Xã Tam Kim,22.606427,106.0179879,24,Good,0,22.9,99,5.5,10.5,176,975.5,100,0.6,0.6,140.0,5.4,41.0,0.8
2025-09-30 00:00:00,2025,9,30,0,Cao Bằng,Xã Tam Kim,22.606427,106.0179879,23,Good,0,22.9,99,4.9,8.3,156,975.6,100,0.5,0.5,137.0,5.1,40.0,0.7
2025-09-30 01:00:00,2025,9,30,1,Cao Bằng,Xã Tam Kim,22.606427,106.0179879,22,Good,0,22.6,99,2.0,4.0,162,975.0,100,0.4,0.4,135.0,4.9,39.0,0.7
2025-09-30 02:00:00,2025,9,30,2,Cao Bằng,Xã Tam Kim,22.606427,106.0179879,21,Good,0,22.6,99,2.9,3.2,128,974.0,100,0.3,0.3,131.0,4.9,37.0,0.8
2025-09-30 03:00:00,2025,9,30,3,Cao Bằng,Xã Tam Kim,22.606427,106.0179879,20,Good,0,22.6,99,4.7,8.5,168,974.1,100,0.3,0.4,128.0,5.1,35.0,0.9
2025-09-30 04:00:00,2025,9,30,4,Cao Bằng,Xã Tam Kim,22.606427,106.0179879,19,Good,0,22.5,99,2.6,5.7,108,974.2,100,0.4,0.4,129.0,5.4,33.0,1.1
2025-09-30 05:00:00,2025,9,30,5,Cao Bằng,Xã Tam Kim,22.606427,106.0179879,18,Good,0,22.3,99,3.7,3.6,110,974.8,100,0.4,0.4,138.0,5.9,32.0,1.3
2025-09-30 06:00:00,2025,9,30,6,Cao Bằng,Xã Tam Kim,22.606427,106.0179879,17,Good,0,22.3,99,3.8,2.7,82,975.2,100,0.5,0.5,151.0,6.5,32.0,1.4
2025-09-30 07:00:00,2025,9,30,7,Cao Bằng,Xã Tam Kim,22.606427,106.0179879,17,Good,0,22.3,100,2.6,3.1,135,976.1,100,0.9,0.9,160.0,5.9,35.0,1.4
2025-09-30 08:00:00,2025,9,30,8,Cao Bằng,Xã Tam Kim,22.606427,106.0179879,16,Good,0,22.6,99,3.9,6.2,126,976.9,100,1.3,1.3,163.0,5.3,38.0,1.6
2025-09-30 09:00:00,2025,9,30,9,Cao Bằng,Xã Tam Kim,22.606427,106.0179879,16,Good,0,23.0,100,2.9,5.6,107,977.2,100,1.6,1.6,162.0,4.6,42.0,2.0
2025-09-30 10:00:00,2025,9,30,10,Cao Bằng,Xã Tam Kim,22.606427,106.0179879,16,Good,0,23.2,99,1.8,5.3,125,977.1,100,1.7,1.8,159.0,3.9,46.0,2.4
2025-09-30 11:00:00,2025,9,30,11,Cao Bằng,Xã Tam Kim,22.606427,106.0179879,17,Good,0,24.3,100,1.8,2.3,113,977.2,100,2.0,2.0,152.0,3.4,51.0,3.0
2025-09-30 12:00:00,2025,9,30,12,Cao Bằng,Xã Tam Kim,22.606427,106.0179879,18,Good,0,25.1,97,2.9,6.3,117,976.3,100,3.0,3.0,142.0,3.0,57.0,3.7
2025-09-30 13:00:00,2025,9,30,13,Cao Bằng,Xã Tam Kim,22.606427,106.0179879,19,Good,0,25.5,96,1.1,4.9,84,975.4,100,4.0,4.0,135.0,3.0,60.0,4.1
2025-09-30 14:00:00,2025,9,30,14,Cao Bằng,Xã Tam Kim,22.606427,106.0179879,21,Good,0,24.2,97,9.7,11.7,124,975.1,100,5.0,5.1,132.0,3.4,59.0,3.9
2025-09-30 15:00:00,2025,9,30,15,Cao Bằng,Xã Tam Kim,22.606427,106.0179879,22,Good,0,23.4,99,1.7,5.6,107,974.6,100,6.0,6.0,132.0,4.1,57.0,3.4
2025-09-30 16:00:00,2025,9,30,16,Cao Bằng,Xã Tam Kim,22.606427,106.0179879,24,Good,0,23.3,100,1.0,6.8,79,974.8,100,6.4,6.4,141.0,5.0,54.0,3.3
2025-09-30 17:00:00,2025,9,30,17,Cao Bằng,Xã Tam Kim,22.606427,106.0179879,25,Good,0,23.0,100,0.5,4.6,59,975.3,100,6.1,6.1,165.0,6.2,53.0,3.9
2025-09-30 18:00:00,2025,9,30,18,Cao Bằng,Xã Tam Kim,22.606427,106.0179879,25,Good,0,22.9,99,0.4,3.4,72,975.7,100,6.1,6.2,197.0,7.6,52.0,4.8
2025-09-30 19:00:00,2025,9,30,19,Cao Bằng,Xã Tam Kim,22.606427,106.0179879,26,Good,0,22.8,99,0.2,1.9,331,976.1,100,3.7,3.7,226.0,10.9,42.0,7.4
2025-09-30 20:00:00,2025,9,30,20,Cao Bằng,Xã Tam Kim,22.606427,106.0179879,25,Good,0,22.9,98,0.1,1.8,24,976.9,100,4.1,4.1,251.0,11.3,39.0,7.2
2025-09-30 21:00:00,2025,9,30,21,Cao Bằng,Xã Tam Kim,22.606427,106.0179879,24,Good,0,23.0,96,0.0,2.4,27,977.5,100,4.7,4.8,271.0,11.9,35.0,7.1
2025-09-30 22:00:00,2025,9,30,22,Cao Bằng,Xã Tam Kim,22.606427,106.0179879,23,Good,0,22.9,97,0.0,2.2,42,977.5,100,5.6,5.7,276.0,11.9,32.0,7.2
2025-09-30 23:00:00,2025,9,30,23,Cao Bằng,Xã Tam Kim,22.606427,106.0179879,21,Good,0,23.0,96,0.0,1.6,27,977.8,100,6.3,6.4,254.0,10.9,33.0,8.0
2025-10-01 00:00:00,2025,10,1,0,Cao Bằng,Xã Tam Kim,22.606427,106.0179879,20,Good,0,22.9,96,0.2,1.6,63,977.6,100,4.7,4.8,217.0,9.4,37.0,9.1
2025-10-01 01:00:00,2025,10,1,1,Cao Bằng,Xã Tam Kim,22.606427,106.0179879,19,Good,0,22.7,97,1.6,2.0,100,977.5,100,4.7,4.9,184.0,8.4,38.0,9.9
2025-10-01 02:00:00,2025,10,1,2,Cao Bằng,Xã Tam Kim,22.606427,106.0179879,18,Good,0,22.6,98,0.4,1.5,21,976.7,100,4.4,4.5,162.0,8.4,36.0,10.2
2025-10-01 03:00:00,2025,10,1,3,Cao Bằng,Xã Tam Kim,22.606427,106.0179879,17,Good,0,22.7,98,0.7,2.3,141,976.3,100,4.4,4.5,146.0,8.9,32.0,10.2
2025-10-01 04:00:00,2025,10,1,4,Cao Bằng,Xã Tam Kim,22.606427,106.0179879,16,Good,0,22.5,98,0.3,3.5,111,976.2,100,4.9,5.1,138.0,9.2,29.0,10.1
2025-10-01 05:00:00,2025,10,1,5,Cao Bằng,Xã Tam Kim,22.606427,106.0179879,16,Good,0,22.5,98,0.0,2.6,74,976.3,100,4.3,4.5,145.0,9.3,28.0,10.3
2025-10-01 06:00:00,2025,10,1,6,Cao Bằng,Xã Tam Kim,22.606427,106.0179879,17,Good,0,22.5,99,0.0,3.4,58,976.8,100,4.1,4.2,160.0,9.2,29.0,10.4
2025-10-01 07:00:00,2025,10,1,7,Cao Bằng,Xã Tam Kim,22.606427,106.0179879,17,Good,0,23.6,97,0.0,3.1,83,977.1,100,2.8,2.8,168.0,8.8,33.0,9.0
2025-10-01 08:00:00,2025,10,1,8,Cao Bằng,Xã Tam Kim,22.606427,106.0179879,18,Good,0,24.2,96,0.1,3.6,99,977.8,100,3.9,4.1,161.0,7.2,40.0,8.0
2025-10-01 09:00:00,2025,10,1,9,Cao Bằng,Xã Tam Kim,22.606427,106.0179879,18,Good,0,25.2,94,0.1,4.0,98,978.4,100,5.1,5.3,146.0,5.1,49.0,6.5
2025-10-01 10:00:00,2025,10,1,10,Cao Bằng,Xã Tam Kim,22.606427,106.0179879,19,Good,0,25.4,94,1.6,3.1,97,978.5,100,5.4,5.8,136.0,3.3,57.0,5.0
2025-10-01 11:00:00,2025,10,1,11,Cao Bằng,Xã Tam Kim,22.606427,106.0179879,19,Good,0,25.4,97,3.6,2.8,105,977.7,100,5.6,6.4,134.0,2.4,62.0,3.6
2025-10-01 12:00:00,2025,10,1,12,Cao Bằng,Xã Tam Kim,22.606427,106.0179879,20,Good,0,26.7,88,0.3,3.2,90,976.8,100,6.4,7.4,136.0,1.9,65.0,2.2
2025-10-01 13:00:00,2025,10,1,13,Cao Bằng,Xã Tam Kim,22.606427,106.0179879,21,Good,0,25.9,93,0.3,3.1,54,976.3,100,6.9,8.1,139.0,1.6,67.0,1.2
2025-10-01 14:00:00,2025,10,1,14,Cao Bằng,Xã Tam Kim,22.606427,106.0179879,23,Good,0,27.6,88,6.4,4.1,45,975.4,95,7.1,8.4,141.0,1.1,70.0,0.9
2025-10-01 15:00:00,2025,10,1,15,Cao Bằng,Xã Tam Kim,22.606427,106.0179879,26,Good,0,27.0,88,1.9,4.1,61,974.7,99,7.4,8.6,145.0,0.9,72.0,1.0
2025-10-01 16:00:00,2025,10,1,16,Cao Bằng,Xã Tam Kim,22.606427,106.0179879,28,Good,0,26.7,88,1.5,6.1,34,974.5,98,8.4,9.4,151.0,2.1,71.0,1.3
2025-10-01 17:00:00,2025,10,1,17,Cao Bằng,Xã Tam Kim,22.606427,106.0179879,30,Good,0,26.1,91,0.1,4.4,60,974.6,99,9.7,10.6,160.0,6.1,62.0,2.0
2025-10-01 18:00:00,2025,10,1,18,Cao Bằng,Xã Tam Kim,22.606427,106.0179879,30,Good,0,24.8,94,0.0,1.9,61,974.4,98,11.8,12.6,172.0,11.6,50.0,2.9
2025-10-01 19:00:00,2025,10,1,19,Cao Bằng,Xã Tam Kim,22.606427,106.0179879,30,Good,0,24.8,88,0.0,1.2,231,975.2,100,10.3,10.9,186.0,14.6,39.0,3.6
2025-10-01 20:00:00,2025,10,1,20,Cao Bằng,Xã Tam Kim,22.606427,106.0179879,29,Good,0,24.3,91,0.0,1.8,204,975.9,98,12.0,12.6,204.0,16.8,35.0,4.0
2025-10-01 21:00:00,2025,10,1,21,Cao Bằng,Xã Tam Kim,22.606427,106.0179879,27,Good,0,23.7,94,0.0,1.7,212,976.5,100,13.3,14.0,223.0,19.8,29.0,4.6
2025-10-01 22:00:00,2025,10,1,22,Cao Bằng,Xã Tam Kim,22.606427,106.0179879,28,Good,0,23.3,95,0.0,0.4,207,977.0,100,15.4,16.1,236.0,21.2,26.0,4.9
2025-10-01 23:00:00,2025,10,1,23,Cao Bằng,Xã Tam Kim,22.606427,106.0179879,29,Good,0,22.8,96,0.0,0.2,270,977.0,100,16.8,17.4,238.0,19.6,27.0,4.6
2025-10-02 00:00:00,2025,10,2,0,Cao Bằng,Xã Tam Kim,22.606427,106.0179879,31,Good,0,22.5,97,0.0,0.3,225,976.8,100,17.5,18.2,233.0,16.4,30.0,4.1
2025-10-02 01:00:00,2025,10,2,1,Cao Bằng,Xã Tam Kim,22.606427,106.0179879,33,Good,0,22.9,95,0.0,0.6,214,976.5,100,18.0,18.7,227.0,13.4,33.0,3.6
2025-10-02 02:00:00,2025,10,2,2,Cao Bằng,Xã Tam Kim,22.606427,106.0179879,36,Good,0,22.8,96,0.0,1.0,158,976.1,100,17.6,18.3,218.0,11.0,37.0,3.2
2025-10-02 03:00:00,2025,10,2,3,Cao Bằng,Xã Tam Kim,22.606427,106.0179879,38,Good,0,22.4,97,0.0,1.7,148,975.7,100,16.1,16.6,207.0,8.9,42.0,2.9
2025-10-02 04:00:00,2025,10,2,4,Cao Bằng,Xã Tam Kim,22.606427,106.0179879,40,Good,0,22.1,98,0.0,0.9,169,975.7,96,14.1,14.6,202.0,7.6,45.0,3.0
2025-10-02 05:00:00,2025,10,2,5,Cao Bằng,Xã Tam Kim,22.606427,106.0179879,42,Good,0,22.4,97,0.0,1.2,129,976.0,98,10.2,10.4,212.0,8.0,42.0,3.8
2025-10-02 06:00:00,2025,10,2,6,Cao Bằng,Xã Tam Kim,22.606427,106.0179879,43,Good,0,22.3,97,0.0,1.9,124,976.4,100,12.0,12.3,228.0,9.2,37.0,5.1
2025-10-02 07:00:00,2025,10,2,7,Cao Bằng,Xã Tam Kim,22.606427,106.0179879,44,Good,0,24.2,94,0.0,3.6,108,977.5,100,7.6,7.7,232.0,9.1,34.0,4.2
2025-10-02 08:00:00,2025,10,2,8,Cao Bằng,Xã Tam Kim,22.606427,106.0179879,45,Good,0,25.4,90,0.1,5.1,132,978.3,63,7.4,7.6,210.0,7.8,40.0,5.1
2025-10-02 09:00:00,2025,10,2,9,Cao Bằng,Xã Tam Kim,22.606427,106.0179879,46,Good,0,27.4,75,0.1,6.7,164,978.9,100,10.4,10.9,176.0,5.9,50.0,6.2
2025-10-02 10:00:00,2025,10,2,10,Cao Bằng,Xã Tam Kim,22.606427,106.0179879,46,Good,0,29.4,61,0.0,9.0,175,978.9,100,10.9,11.4,151.0,4.3,60.0,7.0
2025-10-02 11:00:00,2025,10,2,11,Cao Bằng,Xã Tam Kim,22.606427,106.0179879,47,Good,0,30.7,56,0.0,10.1,184,978.0,100,12.0,12.4,145.0,3.2,72.0,7.0
2025-10-02 12:00:00,2025,10,2,12,Cao Bằng,Xã Tam Kim,22.606427,106.0179879,48,Good,0,30.8,55,0.0,11.4,196,976.6,93,13.1,13.6,148.0,2.3,86.0,6.7
2025-10-02 13:00:00,2025,10,2,13,Cao Bằng,Xã Tam Kim,22.606427,106.0179879,50,Good,0,30.5,56,0.0,9.6,185,976.0,86,13.7,14.1,152.0,1.8,96.0,6.4
2025-10-02 14:00:00,2025,10,2,14,Cao Bằng,Xã Tam Kim,22.606427,106.0179879,50,Good,0,30.9,54,0.0,8.9,189,974.9,70,14.2,14.6,149.0,1.5,103.0,6.4
2025-10-02 15:00:00,2025,10,2,15,Cao Bằng,Xã Tam Kim,22.606427,106.0179879,51,Moderate,1,31.1,52,0.0,9.4,181,974.2,85,14.6,14.9,147.0,1.5,106.0,6.6
2025-10-02 16:00:00,2025,10,2,16,Cao Bằng,Xã Tam Kim,22.606427,106.0179879,52,Moderate,1,30.5,57,0.0,8.4,169,974.0,52,15.7,16.0,156.0,2.4,105.0,6.7
2025-10-02 17:00:00,2025,10,2,17,Cao Bằng,Xã Tam Kim,22.606427,106.0179879,52,Moderate,1,28.4,70,0.0,7.8,157,973.8,22,17.0,17.3,190.0,4.8,95.0,6.7
2025-10-02 18:00:00,2025,10,2,18,Cao Bằng,Xã Tam Kim,22.606427,106.0179879,53,Moderate,1,25.8,80,0.0,6.5,177,973.6,3,18.2,18.5,236.0,8.0,81.0,6.7
2025-10-02 19:00:00,2025,10,2,19,Cao Bằng,Xã Tam Kim,22.606427,106.0179879,54,Moderate,1,25.2,86,0.0,5.8,184,974.4,7,19.7,20.1,267.0,11.3,62.0,6.9
2025-10-02 20:00:00,2025,10,2,20,Cao Bằng,Xã Tam Kim,22.606427,106.0179879,54,Moderate,1,24.8,86,0.0,5.0,199,975.0,9,20.8,21.1,270.0,11.2,62.0,7.0
2025-10-02 21:00:00,2025,10,2,21,Cao Bằng,Xã Tam Kim,22.606427,106.0179879,55,Moderate,1,24.5,86,0.0,3.4,180,975.5,7,21.2,21.5,258.0,11.0,61.0,7.1
2025-10-02 22:00:00,2025,10,2,22,Cao Bằng,Xã Tam Kim,22.606427,106.0179879,56,Moderate,1,23.8,89,0.0,2.3,180,975.6,8,22.1,22.4,246.0,10.8,61.0,7.3
2025-10-02 23:00:00,2025,10,2,23,Cao Bằng,Xã Tam Kim,22.606427,106.0179879,56,Moderate,1,23.3,90,0.0,1.4,180,975.7,9,23.7,24.1,235.0,10.6,61.0,7.6
2025-10-03 00:00:00,2025,10,3,0,Cao Bằng,Xã Tam Kim,22.606427,106.0179879,57,Moderate,1,22.8,92,0.0,1.1,189,975.4,11,25.7,26.0,224.0,10.4,61.0,8.1
2025-10-03 01:00:00,2025,10,3,1,Cao Bằng,Xã Tam Kim,22.606427,106.0179879,58,Moderate,1,23.0,93,0.0,2.1,165,975.3,18,27.6,27.9,217.0,10.3,60.0,8.4
2025-10-03 02:00:00,2025,10,3,2,Cao Bằng,Xã Tam Kim,22.606427,106.0179879,59,Moderate,1,23.0,93,0.0,2.1,142,975.0,29,29.2,29.5,218.0,10.5,56.0,8.6
2025-10-03 03:00:00,2025,10,3,3,Cao Bằng,Xã Tam Kim,22.606427,106.0179879,60,Moderate,1,22.6,94,0.0,1.9,131,974.9,45,30.4,30.6,223.0,10.7,51.0,8.7
2025-10-03 04:00:00,2025,10,3,4,Cao Bằng,Xã Tam Kim,22.606427,106.0179879,61,Moderate,1,22.5,94,0.0,0.9,143,975.3,27,32.0,32.2,228.0,10.7,47.0,8.8
2025-10-03 05:00:00,2025,10,3,5,Cao Bằng,Xã Tam Kim,22.606427,106.0179879,63,Moderate,1,21.9,96,0.0,1.5,135,975.7,18,34.6,34.8,237.0,10.4,45.0,9.1
2025-10-03 06:00:00,2025,10,3,6,Cao Bằng,Xã Tam Kim,22.606427,106.0179879,65,Moderate,1,21.7,96,0.0,1.3,146,976.4,10,36.7,36.9,246.0,9.9,45.0,9.5
2025-10-03 07:00:00,2025,10,3,7,Cao Bằng,Xã Tam Kim,22.606427,106.0179879,67,Moderate,1,23.9,91,0.0,3.8,109,977.5,6,29.5,30.0,243.0,7.9,50.0,8.5
2025-10-03 08:00:00,2025,10,3,8,Cao Bằng,Xã Tam Kim,22.606427,106.0179879,69,Moderate,1,25.9,81,0.0,4.9,126,978.1,14,19.2,19.7,215.0,6.4,62.0,8.7
2025-10-03 09:00:00,2025,10,3,9,Cao Bằng,Xã Tam Kim,22.606427,106.0179879,70,Moderate,1,27.5,70,0.0,4.4,122,978.4,9,16.6,17.0,175.0,4.3,79.0,8.9
2025-10-03 10:00:00,2025,10,3,10,Cao Bằng,Xã Tam Kim,22.606427,106.0179879,70,Moderate,1,29.1,61,0.0,5.6,123,978.0,3,15.3,15.6,146.0,2.7,93.0,8.7
2025-10-03 11:00:00,2025,10,3,11,Cao Bằng,Xã Tam Kim,22.606427,106.0179879,71,Moderate,1,30.5,55,0.0,5.6,130,977.1,1,13.5,13.8,140.0,1.9,100.0,7.7
2025-10-03 12:00:00,2025,10,3,12,Cao Bằng,Xã Tam Kim,22.606427,106.0179879,71,Moderate,1,32.2,48,0.0,6.6,154,975.8,34,12.7,12.9,145.0,1.6,103.0,6.4
2025-10-03 13:00:00,2025,10,3,13,Cao Bằng,Xã Tam Kim,22.606427,106.0179879,71,Moderate,1,32.6,46,0.0,10.1,164,974.9,99,12.7,12.8,150.0,1.4,105.0,5.2
2025-10-03 14:00:00,2025,10,3,14,Cao Bằng,Xã Tam Kim,22.606427,106.0179879,71,Moderate,1,31.7,50,0.0,11.8,173,974.3,84,12.6,12.7,151.0,1.1,108.0,4.4
2025-10-03 15:00:00,2025,10,3,15,Cao Bằng,Xã Tam Kim,22.606427,106.0179879,71,Moderate,1,31.6,51,0.0,10.7,173,973.9,83,12.5,12.6,153.0,1.0,110.0,3.9
2025-10-03 16:00:00,2025,10,3,16,Cao Bằng,Xã Tam Kim,22.606427,106.0179879,70,Moderate,1,30.3,59,0.0,8.9,167,973.6,14,12.1,12.2,159.0,1.8,108.0,3.7
2025-10-03 17:00:00,2025,10,3,17,Cao Bằng,Xã Tam Kim,22.606427,106.0179879,70,Moderate,1,28.8,67,0.0,6.9,171,973.5,13,12.3,12.4,171.0,4.2,99.0,3.9
2025-10-03 18:00:00,2025,10,3,18,Cao Bằng,Xã Tam Kim,22.606427,106.0179879,70,Moderate,1,26.3,73,0.0,7.4,183,973.8,6,13.4,13.5,187.0,7.6,85.0,4.5
2025-10-03 19:00:00,2025,10,3,19,Cao Bằng,Xã Tam Kim,22.606427,106.0179879,69,Moderate,1,26.1,80,0.0,5.0,201,974.7,9,12.5,12.5,200.0,10.1,66.0,4.6
2025-10-03 20:00:00,2025,10,3,20,Cao Bằng,Xã Tam Kim,22.606427,106.0179879,69,Moderate,1,25.2,82,0.0,4.7,184,975.8,21,13.4,13.4,208.0,10.2,66.0,5.3
2025-10-03 21:00:00,2025,10,3,21,Cao Bằng,Xã Tam Kim,22.606427,106.0179879,68,Moderate,1,24.7,82,0.0,3.5,189,976.6,24,14.0,14.0,214.0,10.4,67.0,6.3
2025-10-03 22:00:00,2025,10,3,22,Cao Bằng,Xã Tam Kim,22.606427,106.0179879,67,Moderate,1,24.4,82,0.0,2.2,145,977.0,27,14.6,14.7,220.0,10.7,66.0,7.2
2025-10-03 23:00:00,2025,10,3,23,Cao Bằng,Xã Tam Kim,22.606427,106.0179879,67,Moderate,1,24.0,84,0.0,2.4,138,977.2,23,15.5,15.5,228.0,11.3,63.0,7.9
2025-10-04 00:00:00,2025,10,4,0,Cao Bằng,Xã Tam Kim,22.606427,106.0179879,66,Moderate,1,23.6,86,0.0,1.4,140,977.2,13,18.0,18.0,236.0,12.1,59.0,8.5
2025-10-04 01:00:00,2025,10,4,1,Cao Bằng,Xã Tam Kim,22.606427,106.0179879,65,Moderate,1,23.8,88,0.0,0.4,117,976.7,14,20.6,20.7,238.0,13.0,56.0,8.7
2025-10-04 02:00:00,2025,10,4,2,Cao Bằng,Xã Tam Kim,22.606427,106.0179879,65,Moderate,1,23.5,90,0.0,0.6,18,976.3,3,22.3,22.4,224.0,14.2,53.0,8.3
2025-10-04 03:00:00,2025,10,4,3,Cao Bằng,Xã Tam Kim,22.606427,106.0179879,64,Moderate,1,22.9,93,0.0,0.4,333,975.9,2,23.5,23.5,205.0,15.5,51.0,7.4
2025-10-04 04:00:00,2025,10,4,4,Cao Bằng,Xã Tam Kim,22.606427,106.0179879,63,Moderate,1,22.4,96,0.0,0.4,297,976.0,2,29.8,29.9,201.0,16.3,49.0,6.6
2025-10-04 05:00:00,2025,10,4,5,Cao Bằng,Xã Tam Kim,22.606427,106.0179879,63,Moderate,1,21.8,98,0.0,0.7,284,976.1,9,34.9,34.9,237.0,16.8,45.0,5.9
2025-10-04 06:00:00,2025,10,4,6,Cao Bằng,Xã Tam Kim,22.606427,106.0179879,63,Moderate,1,21.5,98,0.0,0.8,243,976.6,40,41.3,41.3,288.0,16.9,41.0,5.2
2025-10-04 07:00:00,2025,10,4,7,Cao Bằng,Xã Tam Kim,22.606427,106.0179879,64,Moderate,1,23.7,92,0.0,0.9,360,977.4,35,28.2,28.2,308.0,10.9,47.0,7.8
2025-10-04 08:00:00,2025,10,4,8,Cao Bằng,Xã Tam Kim,22.606427,106.0179879,64,Moderate,1,25.6,86,0.0,1.4,113,978.2,45,9.5,9.6,263.0,8.2,53.0,6.4
2025-10-04 09:00:00,2025,10,4,9,Cao Bằng,Xã Tam Kim,22.606427,106.0179879,63,Moderate,1,27.7,75,0.1,2.4,117,978.6,16,6.1,6.2,186.0,4.5,61.0,4.5
2025-10-04 10:00:00,2025,10,4,10,Cao Bằng,Xã Tam Kim,22.606427,106.0179879,62,Moderate,1,29.4,66,0.1,3.7,113,978.3,10,5.1,5.2,130.0,1.7,68.0,3.0
2025-10-04 11:00:00,2025,10,4,11,Cao Bằng,Xã Tam Kim,22.606427,106.0179879,61,Moderate,1,30.7,59,0.0,4.6,108,977.9,16,4.8,4.9,120.0,0.8,73.0,2.3
2025-10-04 12:00:00,2025,10,4,12,Cao Bằng,Xã Tam Kim,22.606427,106.0179879,60,Moderate,1,31.5,55,0.1,5.9,121,976.3,23,4.9,5.0,132.0,0.7,77.0,2.1
2025-10-04 13:00:00,2025,10,4,13,Cao Bằng,Xã Tam Kim,22.606427,106.0179879,59,Moderate,1,31.2,53,0.1,8.9,166,975.6,30,5.2,5.3,143.0,0.9,80.0,2.0
2025-10-04 14:00:00,2025,10,4,14,Cao Bằng,Xã Tam Kim,22.606427,106.0179879,59,Moderate,1,30.4,60,0.0,9.4,162,974.5,28,5.6,5.7,144.0,0.6,84.0,1.9
2025-10-04 15:00:00,2025,10,4,15,Cao Bằng,Xã Tam Kim,22.606427,106.0179879,58,Moderate,1,31.0,58,0.0,7.6,153,973.6,20,6.5,6.7,145.0,0.5,86.0,2.1
2025-10-04 16:00:00,2025,10,4,16,Cao Bằng,Xã Tam Kim,22.606427,106.0179879,58,Moderate,1,30.4,62,0.0,8.6,143,973.1,15,6.8,7.0,154.0,1.6,85.0,2.4
2025-10-04 17:00:00,2025,10,4,17,Cao Bằng,Xã Tam Kim,22.606427,106.0179879,57,Moderate,1,28.5,74,0.0,7.5,127,972.6,22,8.2,8.4,180.0,4.8,77.0,3.1
2025-10-04 18:00:00,2025,10,4,18,Cao Bằng,Xã Tam Kim,22.606427,106.0179879,57,Moderate,1,26.2,83,0.0,6.2,136,972.6,7,10.6,10.8,214.0,9.1,64.0,4.0
2025-10-04 19:00:00,2025,10,4,19,Cao Bằng,Xã Tam Kim,22.606427,106.0179879,57,Moderate,1,25.9,86,0.0,4.0,162,973.6,30,14.6,14.8,234.0,12.4,50.0,5.2
2025-10-04 20:00:00,2025,10,4,20,Cao Bằng,Xã Tam Kim,22.606427,106.0179879,57,Moderate,1,25.4,88,0.1,2.9,180,974.5,41,16.8,16.9,226.0,13.2,48.0,6.1
2025-10-04 21:00:00,2025,10,4,21,Cao Bằng,Xã Tam Kim,22.606427,106.0179879,57,Moderate,1,25.1,88,0.0,0.9,270,975.2,66,18.0,18.2,204.0,14.5,45.0,7.4
2025-10-04 22:00:00,2025,10,4,22,Cao Bằng,Xã Tam Kim,22.606427,106.0179879,57,Moderate,1,24.7,89,0.0,0.3,315,975.5,32,19.8,20.1,187.0,16.0,42.0,8.5
2025-10-04 23:00:00,2025,10,4,23,Cao Bằng,Xã Tam Kim,22.606427,106.0179879,58,Moderate,1,24.2,91,0.0,0.6,304,976.0,74,23.2,23.5,184.0,18.3,39.0,9.2
2025-10-05 00:00:00,2025,10,5,0,Cao Bằng,Xã Tam Kim,22.606427,106.0179879,59,Moderate,1,23.9,92,0.1,2.2,312,975.7,100,25.1,25.4,186.0,20.8,36.0,9.7
2025-10-05 01:00:00,2025,10,5,1,Cao Bằng,Xã Tam Kim,22.606427,106.0179879,59,Moderate,1,23.6,92,0.0,2.8,281,975.3,100,26.0,26.3,186.0,22.1,33.0,9.7
2025-10-05 02:00:00,2025,10,5,2,Cao Bằng,Xã Tam Kim,22.606427,106.0179879,60,Moderate,1,23.3,92,0.0,2.0,280,974.8,100,25.6,25.8,178.0,21.2,29.0,8.7
2025-10-05 03:00:00,2025,10,5,3,Cao Bằng,Xã Tam Kim,22.606427,106.0179879,60,Moderate,1,23.1,92,0.0,0.4,243,974.5,100,24.6,24.9,169.0,19.0,25.0,7.2
2025-10-05 04:00:00,2025,10,5,4,Cao Bằng,Xã Tam Kim,22.606427,106.0179879,60,Moderate,1,22.7,92,0.0,1.8,276,974.0,100,23.9,24.0,170.0,16.7,23.0,5.9
2025-10-05 05:00:00,2025,10,5,5,Cao Bằng,Xã Tam Kim,22.606427,106.0179879,60,Moderate,1,22.4,93,0.0,2.5,291,973.9,49,23.5,23.7,196.0,14.8,24.0,5.2
2025-10-05 06:00:00,2025,10,5,6,Cao Bằng,Xã Tam Kim,22.606427,106.0179879,59,Moderate,1,22.1,93,0.0,2.2,279,974.0,62,24.6,24.8,233.0,12.9,27.0,4.8
2025-10-05 07:00:00,2025,10,5,7,Cao Bằng,Xã Tam Kim,22.606427,106.0179879,57,Moderate,1,24.6,88,0.0,4.0,267,974.8,80,15.2,15.2,249.0,12.2,34.0,4.1
2025-10-05 08:00:00,2025,10,5,8,Cao Bằng,Xã Tam Kim,22.606427,106.0179879,56,Moderate,1,26.0,85,0.0,3.5,321,975.2,95,6.7,6.8,222.0,9.0,55.0,5.2
2025-10-05 09:00:00,2025,10,5,9,Cao Bằng,Xã Tam Kim,22.606427,106.0179879,56,Moderate,1,28.2,74,0.0,2.2,336,975.7,91,5.9,6.0,174.0,4.6,83.0,6.6
2025-10-05 10:00:00,2025,10,5,10,Cao Bằng,Xã Tam Kim,22.606427,106.0179879,56,Moderate,1,29.8,66,0.0,2.6,16,975.1,54,4.7,4.7,138.0,1.3,103.0,7.3
2025-10-05 11:00:00,2025,10,5,11,Cao Bằng,Xã Tam Kim,22.606427,106.0179879,56,Moderate,1,31.0,59,0.0,3.1,90,974.6,73,3.9,3.9,128.0,0.4,107.0,6.6
2025-10-05 12:00:00,2025,10,5,12,Cao Bằng,Xã Tam Kim,22.606427,106.0179879,55,Moderate,1,31.7,57,0.0,3.2,289,973.0,75,3.5,3.5,130.0,0.6,102.0,5.1
2025-10-05 13:00:00,2025,10,5,13,Cao Bằng,Xã Tam Kim,22.606427,106.0179879,55,Moderate,1,32.6,52,0.0,4.0,339,972.0,22,3.6,3.6,134.0,0.9,98.0,4.0
2025-10-05 14:00:00,2025,10,5,14,Cao Bằng,Xã Tam Kim,22.606427,106.0179879,55,Moderate,1,32.6,51,0.1,4.1,337,970.7,23,3.7,3.8,134.0,0.6,98.0,3.5
2025-10-05 15:00:00,2025,10,5,15,Cao Bằng,Xã Tam Kim,22.606427,106.0179879,55,Moderate,1,32.6,51,0.0,5.0,285,969.9,6,3.9,3.9,135.0,0.3,98.0,3.3
2025-10-05 16:00:00,2025,10,5,16,Cao Bằng,Xã Tam Kim,22.606427,106.0179879,55,Moderate,1,32.3,53,0.0,5.1,264,969.5,6,3.9,3.9,143.0,1.4,94.0,3.3
2025-10-05 17:00:00,2025,10,5,17,Cao Bằng,Xã Tam Kim,22.606427,106.0179879,55,Moderate,1,29.8,70,0.0,2.7,238,969.1,4,4.9,4.9,166.0,5.3,82.0,3.7
2025-10-05 18:00:00,2025,10,5,18,Cao Bằng,Xã Tam Kim,22.606427,106.0179879,54,Moderate,1,28.5,76,0.0,5.9,76,969.7,9,6.6,6.6,197.0,10.5,65.0,4.2
2025-10-05 19:00:00,2025,10,5,19,Cao Bằng,Xã Tam Kim,22.606427,106.0179879,54,Moderate,1,28.1,72,0.0,2.6,348,969.1,34,11.7,11.8,213.0,14.5,56.0,5.1
2025-10-05 20:00:00,2025,10,5,20,Cao Bằng,Xã Tam Kim,22.606427,106.0179879,54,Moderate,1,26.7,78,0.0,5.5,328,969.7,77,11.3,11.5,202.0,12.1,59.0,4.8
2025-10-05 21:00:00,2025,10,5,21,Cao Bằng,Xã Tam Kim,22.606427,106.0179879,53,Moderate,1,26.2,76,0.0,9.3,295,970.5,78,10.0,10.2,177.0,8.8,64.0,4.3
2025-10-05 22:00:00,2025,10,5,22,Cao Bằng,Xã Tam Kim,22.606427,106.0179879,52,Moderate,1,26.0,72,0.0,11.5,295,970.5,98,9.5,9.8,157.0,6.1,67.0,3.9
2025-10-05 23:00:00,2025,10,5,23,Cao Bằng,Xã Tam Kim,22.606427,106.0179879,52,Moderate,1,26.0,71,0.0,11.0,304,969.9,93,9.3,9.6,149.0,4.5,69.0,3.5
2025-10-06 00:00:00,2025,10,6,0,Cao Bằng,Xã Tam Kim,22.606427,106.0179879,50,Good,0,25.8,72,0.0,11.6,316,970.0,82,8.9,9.2,145.0,3.4,69.0,3.2
2025-10-06 01:00:00,2025,10,6,1,Cao Bằng,Xã Tam Kim,22.606427,106.0179879,48,Good,0,26.5,69,0.0,11.8,324,968.8,100,8.3,8.6,141.0,2.7,69.0,3.0
2025-10-06 02:00:00,2025,10,6,2,Cao Bằng,Xã Tam Kim,22.606427,106.0179879,45,Good,0,26.6,63,0.0,11.1,321,968.6,100,7.5,7.8,135.0,2.4,68.0,2.9
2025-10-06 03:00:00,2025,10,6,3,Cao Bằng,Xã Tam Kim,22.606427,106.0179879,42,Good,0,26.8,63,0.0,13.5,324,968.3,100,7.0,7.2,129.0,2.4,66.0,2.9
2025-10-06 04:00:00,2025,10,6,4,Cao Bằng,Xã Tam Kim,22.606427,106.0179879,39,Good,0,25.7,69,0.3,14.5,319,968.3,100,6.2,6.4,128.0,2.6,64.0,2.9
2025-10-06 05:00:00,2025,10,6,5,Cao Bằng,Xã Tam Kim,22.606427,106.0179879,35,Good,0,22.2,96,3.6,18.7,295,967.8,100,5.3,5.5,137.0,2.8,63.0,2.9
2025-10-06 06:00:00,2025,10,6,6,Cao Bằng,Xã Tam Kim,22.606427,106.0179879,32,Good,0,21.9,95,6.1,21.3,315,967.8,100,4.6,4.8,150.0,3.2,61.0,2.8
2025-10-06 07:00:00,2025,10,6,7,Cao Bằng,Xã Tam Kim,22.606427,106.0179879,31,Good,0,22.7,95,2.5,15.8,302,968.9,100,3.7,3.8,160.0,3.4,60.0,2.8
2025-10-06 08:00:00,2025,10,6,8,Cao Bằng,Xã Tam Kim,22.606427,106.0179879,30,Good,0,22.3,96,4.8,15.9,297,969.4,100,2.9,3.0,160.0,3.4,60.0,2.7
2025-10-06 09:00:00,2025,10,6,9,Cao Bằng,Xã Tam Kim,22.606427,106.0179879,30,Good,0,22.3,96,3.9,17.4,317,969.6,100,2.5,2.5,156.0,3.4,59.0,2.5
2025-10-06 10:00:00,2025,10,6,10,Cao Bằng,Xã Tam Kim,22.606427,106.0179879,29,Good,0,22.5,96,3.0,18.5,325,969.4,100,1.9,1.9,154.0,3.5,59.0,2.4
2025-10-06 11:00:00,2025,10,6,11,Cao Bằng,Xã Tam Kim,22.606427,106.0179879,29,Good,0,22.5,96,3.2,16.9,315,968.8,100,1.4,1.4,155.0,3.4,59.0,2.4
2025-10-06 12:00:00,2025,10,6,12,Cao Bằng,Xã Tam Kim,22.606427,106.0179879,28,Good,0,22.4,96,6.6,15.3,313,967.4,100,1.1,1.1,158.0,3.4,58.0,2.4
2025-10-06 13:00:00,2025,10,6,13,Cao Bằng,Xã Tam Kim,22.606427,106.0179879,28,Good,0,21.8,96,2.9,16.1,321,968.3,100,1.1,1.1,164.0,3.9,57.0,2.7
2025-10-06 14:00:00,2025,10,6,14,Cao Bằng,Xã Tam Kim,22.606427,106.0179879,27,Good,0,22.1,97,3.7,15.4,325,967.6,100,1.2,1.2,178.0,5.1,55.0,3.4
2025-10-06 15:00:00,2025,10,6,15,Cao Bằng,Xã Tam Kim,22.606427,106.0179879,27,Good,0,22.5,97,2.2,13.7,320,967.3,100,1.1,1.1,195.0,6.9,52.0,4.5
2025-10-06 16:00:00,2025,10,6,16,Cao Bằng,Xã Tam Kim,22.606427,106.0179879,27,Good,0,22.7,97,2.9,10.4,337,967.5,100,1.4,1.4,206.0,8.8,50.0,5.6
2025-10-06 17:00:00,2025,10,6,17,Cao Bằng,Xã Tam Kim,22.606427,106.0179879,26,Good,0,22.6,98,1.1,5.8,26,968.0,100,2.3,2.3,205.0,11.3,47.0,7.2
2025-10-06 18:00:00,2025,10,6,18,Cao Bằng,Xã Tam Kim,22.606427,106.0179879,25,Good,0,22.1,98,1.0,6.8,78,968.7,100,2.8,2.8,197.0,13.9,45.0,8.9
2025-10-06 19:00:00,2025,10,6,19,Cao Bằng,Xã Tam Kim,22.606427,106.0179879,25,Good,0,21.9,99,1.0,10.8,87,970.0,100,3.8,3.8,191.0,14.1,52.0,13.8
2025-10-06 20:00:00,2025,10,6,20,Cao Bằng,Xã Tam Kim,22.606427,106.0179879,24,Good,0,21.9,99,1.4,11.1,97,971.1,100,2.5,2.5,190.0,13.5,52.0,13.6
2025-10-06 21:00:00,2025,10,6,21,Cao Bằng,Xã Tam Kim,22.606427,106.0179879,24,Good,0,22.1,99,2.8,13.6,141,972.3,100,1.7,1.7,191.0,12.5,52.0,13.2
2025-10-06 22:00:00,2025,10,6,22,Cao Bằng,Xã Tam Kim,22.606427,106.0179879,23,Good,0,22.1,98,2.6,11.7,139,973.5,100,1.0,1.0,190.0,11.4,52.0,12.2
2025-10-06 23:00:00,2025,10,6,23,Cao Bằng,Xã Tam Kim,22.606427,106.0179879,23,Good,0,22.0,98,0.5,12.5,131,974.2,100,0.8,0.8,185.0,10.0,52.0,9.9
2025-10-07 00:00:00,2025,10,7,0,Cao Bằng,Xã Tam Kim,22.606427,106.0179879,23,Good,0,21.9,98,1.8,9.4,116,974.4,100,1.1,1.1,179.0,8.4,52.0,7.0
2025-10-07 01:00:00,2025,10,7,1,Cao Bằng,Xã Tam Kim,22.606427,106.0179879,23,Good,0,22.6,97,0.6,8.9,189,973.5,100,1.1,1.1,173.0,6.9,52.0,4.7
2025-10-07 02:00:00,2025,10,7,2,Cao Bằng,Xã Tam Kim,22.606427,106.0179879,24,Good,0,22.3,98,7.6,12.0,143,973.3,100,0.6,0.6,167.0,5.7,53.0,3.6
2025-10-07 03:00:00,2025,10,7,3,Cao Bằng,Xã Tam Kim,22.606427,106.0179879,24,Good,0,22.3,98,12.5,2.8,198,973.0,100,0.4,0.4,161.0,4.6,55.0,3.1
2025-10-07 04:00:00,2025,10,7,4,Cao Bằng,Xã Tam Kim,22.606427,106.0179879,24,Good,0,22.3,98,43.9,5.4,274,973.0,100,0.3,0.3,160.0,3.9,57.0,2.9
2025-10-07 05:00:00,2025,10,7,5,Cao Bằng,Xã Tam Kim,22.606427,106.0179879,25,Good,0,22.3,98,16.4,11.8,147,973.7,100,0.3,0.3,168.0,3.8,58.0,2.9
2025-10-07 06:00:00,2025,10,7,6,Cao Bằng,Xã Tam Kim,22.606427,106.0179879,25,Good,0,22.5,98,7.5,12.8,148,974.9,100,0.5,0.5,182.0,4.1,59.0,3.1
2025-10-07 07:00:00,2025,10,7,7,Cao Bằng,Xã Tam Kim,22.606427,106.0179879,25,Good,0,22.6,98,7.6,10.6,137,976.2,100,2.3,2.3,191.0,4.5,61.0,4.0
2025-10-07 08:00:00,2025,10,7,8,Cao Bằng,Xã Tam Kim,22.606427,106.0179879,26,Good,0,22.5,99,5.5,12.2,123,977.4,100,2.5,2.5,192.0,4.6,59.0,3.5
2025-10-07 09:00:00,2025,10,7,9,Cao Bằng,Xã Tam Kim,22.606427,106.0179879,26,Good,0,22.8,99,3.4,11.1,132,978.1,100,2.5,2.5,188.0,4.7,56.0,2.9
2025-10-07 10:00:00,2025,10,7,10,Cao Bằng,Xã Tam Kim,22.606427,106.0179879,27,Good,0,23.1,99,2.8,12.9,130,978.8,100,3.4,3.5,184.0,4.6,56.0,2.4
2025-10-07 11:00:00,2025,10,7,11,Cao Bằng,Xã Tam Kim,22.606427,106.0179879,27,Good,0,23.6,98,1.9,11.1,127,978.6,100,4.7,4.7,181.0,4.0,60.0,2.2
2025-10-07 12:00:00,2025,10,7,12,Cao Bằng,Xã Tam Kim,22.606427,106.0179879,27,Good,0,24.0,98,1.2,5.6,138,978.4,100,4.1,4.2,177.0,3.1,67.0,2.1
2025-10-07 13:00:00,2025,10,7,13,Cao Bằng,Xã Tam Kim,22.606427,106.0179879,28,Good,0,23.3,100,1.2,8.7,148,978.1,100,3.7,3.7,174.0,2.7,71.0,2.0
2025-10-07 14:00:00,2025,10,7,14,Cao Bằng,Xã Tam Kim,22.606427,106.0179879,28,Good,0,23.6,97,1.0,4.0,201,977.7,100,3.4,3.5,169.0,2.9,70.0,2.0
2025-10-07 15:00:00,2025,10,7,15,Cao Bằng,Xã Tam Kim,22.606427,106.0179879,29,Good,0,23.6,99,0.4,4.0,170,977.4,100,3.5,3.6,165.0,3.5,66.0,2.0
2025-10-07 16:00:00,2025,10,7,16,Cao Bằng,Xã Tam Kim,22.606427,106.0179879,29,Good,0,23.6,99,0.2,1.6,270,977.1,100,3.0,3.0,167.0,4.4,62.0,2.1
2025-10-07 17:00:00,2025,10,7,17,Cao Bằng,Xã Tam Kim,22.606427,106.0179879,29,Good,0,23.2,99,0.4,3.0,256,977.2,100,3.4,3.5,183.0,5.8,58.0,2.3
2025-10-07 18:00:00,2025,10,7,18,Cao Bằng,Xã Tam Kim,22.606427,106.0179879,30,Good,0,22.8,99,0.3,3.4,273,977.5,100,4.2,4.2,206.0,7.5,54.0,2.5
2025-10-07 19:00:00,2025,10,7,19,Cao Bằng,Xã Tam Kim,22.606427,106.0179879,29,Good,0,22.7,98,0.1,4.6,288,977.9,100,8.3,8.4,218.0,12.9,38.0,3.4
2025-10-07 20:00:00,2025,10,7,20,Cao Bằng,Xã Tam Kim,22.606427,106.0179879,28,Good,0,22.6,96,0.0,4.2,277,978.9,100,8.2,8.3,208.0,12.1,38.0,3.0
2025-10-07 21:00:00,2025,10,7,21,Cao Bằng,Xã Tam Kim,22.606427,106.0179879,26,Good,0,22.4,97,0.0,2.2,294,979.5,100,8.9,9.1,188.0,11.1,37.0,2.5
2025-10-07 22:00:00,2025,10,7,22,Cao Bằng,Xã Tam Kim,22.606427,106.0179879,25,Good,0,22.7,96,0.0,2.3,321,980.1,100,8.8,9.0,174.0,10.0,37.0,2.0
2025-10-07 23:00:00,2025,10,7,23,Cao Bằng,Xã Tam Kim,22.606427,106.0179879,23,Good,0,22.3,97,0.3,0.7,14,980.5,100,9.2,9.5,176.0,9.1,37.0,1.5
2025-10-08 00:00:00,2025,10,8,0,Cao Bằng,Xã Tam Kim,22.606427,106.0179879,21,Good,0,21.5,100,1.3,5.6,327,980.3,100,9.9,10.2,184.0,8.1,37.0,1.0
2025-10-08 01:00:00,2025,10,8,1,Cao Bằng,Xã Tam Kim,22.606427,106.0179879,19,Good,0,22.1,98,0.4,4.0,309,979.4,100,7.9,8.1,189.0,7.3,38.0,0.6
2025-10-08 02:00:00,2025,10,8,2,Cao Bằng,Xã Tam Kim,22.606427,106.0179879,18,Good,0,22.1,98,0.1,5.3,303,978.7,100,7.0,7.2,183.0,6.4,40.0,0.5
2025-10-08 03:00:00,2025,10,8,3,Cao Bằng,Xã Tam Kim,22.606427,106.0179879,19,Good,0,22.1,98,0.0,4.0,278,978.4,100,6.8,7.0,173.0,5.6,43.0,0.5
2025-10-08 04:00:00,2025,10,8,4,Cao Bằng,Xã Tam Kim,22.606427,106.0179879,20,Good,0,22.4,95,0.3,1.0,338,978.6,100,7.5,7.9,168.0,5.2,45.0,0.6
2025-10-08 05:00:00,2025,10,8,5,Cao Bằng,Xã Tam Kim,22.606427,106.0179879,22,Good,0,21.8,98,1.7,3.1,183,979.1,100,4.2,4.4,174.0,5.8,42.0,0.9
2025-10-08 06:00:00,2025,10,8,6,Cao Bằng,Xã Tam Kim,22.606427,106.0179879,22,Good,0,21.6,100,1.4,2.2,189,979.4,100,3.3,3.4,185.0,6.8,38.0,1.2
2025-10-08 07:00:00,2025,10,8,7,Cao Bằng,Xã Tam Kim,22.606427,106.0179879,23,Good,0,22.7,98,0.7,1.5,249,980.0,100,4.2,4.4,189.0,6.6,42.0,1.4
2025-10-08 08:00:00,2025,10,8,8,Cao Bằng,Xã Tam Kim,22.606427,106.0179879,23,Good,0,23.8,93,0.1,2.4,312,980.4,98,4.9,5.1,178.0,5.1,48.0,1.3
2025-10-08 09:00:00,2025,10,8,9,Cao Bằng,Xã Tam Kim,22.606427,106.0179879,23,Good,0,26.7,78,0.1,1.0,45,981.0,94,5.5,5.8,159.0,3.1,56.0,1.2
2025-10-08 10:00:00,2025,10,8,10,Cao Bằng,Xã Tam Kim,22.606427,106.0179879,24,Good,0,27.9,71,0.2,2.4,77,980.9,99,5.9,6.3,144.0,1.6,64.0,1.2
2025-10-08 11:00:00,2025,10,8,11,Cao Bằng,Xã Tam Kim,22.606427,106.0179879,24,Good,0,28.4,70,0.2,3.0,107,980.1,99,6.0,6.4,136.0,1.0,72.0,1.4
2025-10-08 12:00:00,2025,10,8,12,Cao Bằng,Xã Tam Kim,22.606427,106.0179879,25,Good,0,29.1,67,0.1,4.2,121,979.1,98,6.3,6.6,131.0,0.9,81.0,1.7
2025-10-08 13:00:00,2025,10,8,13,Cao Bằng,Xã Tam Kim,22.606427,106.0179879,26,Good,0,29.7,62,0.1,4.5,127,977.7,30,6.9,7.3,129.0,0.9,88.0,2.1
2025-10-08 14:00:00,2025,10,8,14,Cao Bằng,Xã Tam Kim,22.606427,106.0179879,28,Good,0,30.3,56,0.0,4.3,147,976.3,12,7.5,7.9,123.0,0.3,93.0,2.5
2025-10-08 15:00:00,2025,10,8,15,Cao Bằng,Xã Tam Kim,22.606427,106.0179879,32,Good,0,30.5,54,0.0,3.3,139,975.4,11,8.2,8.5,120.0,0.0,97.0,3.0
2025-10-08 16:00:00,2025,10,8,16,Cao Bằng,Xã Tam Kim,22.606427,106.0179879,35,Good,0,29.8,58,0.0,4.6,126,975.2,8,8.8,9.1,136.0,1.6,95.0,3.7
2025-10-08 17:00:00,2025,10,8,17,Cao Bằng,Xã Tam Kim,22.606427,106.0179879,37,Good,0,28.1,74,0.0,3.6,127,975.0,5,10.1,10.4,191.0,7.5,84.0,4.8
2025-10-08 18:00:00,2025,10,8,18,Cao Bằng,Xã Tam Kim,22.606427,106.0179879,39,Good,0,26.6,75,0.0,2.4,189,974.7,2,13.1,13.4,265.0,15.7,67.0,6.2
2025-10-08 19:00:00,2025,10,8,19,Cao Bằng,Xã Tam Kim,22.606427,106.0179879,39,Good,0,24.0,87,0.0,2.9,259,975.6,12,13.9,14.0,311.0,20.6,61.0,7.5
2025-10-08 20:00:00,2025,10,8,20,Cao Bằng,Xã Tam Kim,22.606427,106.0179879,39,Good,0,23.7,90,0.0,2.9,248,976.4,8,15.8,15.9,305.0,23.1,58.0,8.3
2025-10-08 21:00:00,2025,10,8,21,Cao Bằng,Xã Tam Kim,22.606427,106.0179879,37,Good,0,22.4,95,0.0,2.1,250,976.8,11,18.3,18.5,271.0,26.5,53.0,9.4
2025-10-08 22:00:00,2025,10,8,22,Cao Bằng,Xã Tam Kim,22.606427,106.0179879,35,Good,0,22.7,92,0.0,2.2,265,977.6,13,20.1,20.2,237.0,28.8,49.0,10.2
2025-10-08 23:00:00,2025,10,8,23,Cao Bằng,Xã Tam Kim,22.606427,106.0179879,37,Good,0,21.8,94,0.0,1.1,270,977.5,5,20.9,21.0,210.0,29.1,48.0,10.6
2025-10-09 00:00:00,2025,10,9,0,Cao Bằng,Xã Tam Kim,22.606427,106.0179879,39,Good,0,21.5,94,0.0,0.7,270,977.7,8,21.1,21.2,183.0,28.2,49.0,10.7
2025-10-09 01:00:00,2025,10,9,1,Cao Bằng,Xã Tam Kim,22.606427,106.0179879,41,Good,0,21.9,92,0.0,2.2,318,977.4,7,21.4,21.5,164.0,27.1,47.0,10.0
2025-10-09 02:00:00,2025,10,9,2,Cao Bằng,Xã Tam Kim,22.606427,106.0179879,43,Good,0,21.7,93,0.0,0.5,270,977.1,10,21.5,21.7,154.0,26.2,40.0,8.0
2025-10-09 03:00:00,2025,10,9,3,Cao Bằng,Xã Tam Kim,22.606427,106.0179879,46,Good,0,21.1,94,0.0,0.6,252,976.9,5,25.8,26.0,151.0,25.0,32.0,5.3
2025-10-09 04:00:00,2025,10,9,4,Cao Bằng,Xã Tam Kim,22.606427,106.0179879,49,Good,0,20.4,95,0.0,1.3,270,977.0,6,28.8,28.9,158.0,22.9,27.0,3.2
2025-10-09 05:00:00,2025,10,9,5,Cao Bằng,Xã Tam Kim,22.606427,106.0179879,51,Moderate,1,20.2,95,0.0,1.3,270,977.2,12,30.3,30.4,186.0,19.2,28.0,2.2
2025-10-09 06:00:00,2025,10,9,6,Cao Bằng,Xã Tam Kim,22.606427,106.0179879,54,Moderate,1,19.8,96,0.0,1.4,270,977.6,21,30.3,30.4,224.0,14.5,33.0,1.9
2025-10-09 07:00:00,2025,10,9,7,Cao Bằng,Xã Tam Kim,22.606427,106.0179879,56,Moderate,1,22.6,90,0.0,1.8,204,978.6,2,22.5,22.5,243.0,17.6,36.0,3.2
2025-10-09 08:00:00,2025,10,9,8,Cao Bằng,Xã Tam Kim,22.606427,106.0179879,58,Moderate,1,24.6,83,0.0,2.4,48,979.0,1,5.0,5.0,225.0,12.9,58.0,7.0
2025-10-09 09:00:00,2025,10,9,9,Cao Bằng,Xã Tam Kim,22.606427,106.0179879,58,Moderate,1,26.7,77,0.0,3.1,40,979.6,10,5.2,5.2,189.0,6.5,90.0,12.1
2025-10-09 10:00:00,2025,10,9,10,Cao Bằng,Xã Tam Kim,22.606427,106.0179879,58,Moderate,1,28.6,66,0.1,3.3,99,979.6,16,6.1,6.1,160.0,1.8,113.0,15.2
2025-10-09 11:00:00,2025,10,9,11,Cao Bằng,Xã Tam Kim,22.606427,106.0179879,58,Moderate,1,30.0,57,0.0,5.2,115,978.8,9,7.0,7.0,148.0,0.4,121.0,14.2
2025-10-09 12:00:00,2025,10,9,12,Cao Bằng,Xã Tam Kim,22.606427,106.0179879,58,Moderate,1,31.3,50,0.0,5.5,113,977.7,11,8.1,8.1,144.0,0.7,122.0,11.1
2025-10-09 13:00:00,2025,10,9,13,Cao Bằng,Xã Tam Kim,22.606427,106.0179879,58,Moderate,1,31.8,45,0.0,7.1,139,977.1,13,8.8,8.8,143.0,1.1,122.0,8.6
2025-10-09 14:00:00,2025,10,9,14,Cao Bằng,Xã Tam Kim,22.606427,106.0179879,58,Moderate,1,31.9,44,0.0,8.3,139,976.1,33,9.3,9.3,142.0,0.8,124.0,7.6
2025-10-09 15:00:00,2025,10,9,15,Cao Bằng,Xã Tam Kim,22.606427,106.0179879,58,Moderate,1,31.6,46,0.0,8.7,135,975.3,20,10.0,10.1,144.0,0.6,126.0,7.1
2025-10-09 16:00:00,2025,10,9,16,Cao Bằng,Xã Tam Kim,22.606427,106.0179879,58,Moderate,1,30.4,53,0.0,7.7,118,974.9,2,11.1,11.2,154.0,1.6,122.0,7.0
2025-10-09 17:00:00,2025,10,9,17,Cao Bằng,Xã Tam Kim,22.606427,106.0179879,66,Moderate,1,27.8,69,0.0,5.8,129,974.6,2,14.0,14.1,178.0,4.9,110.0,7.4
2025-10-09 18:00:00,2025,10,9,18,Cao Bằng,Xã Tam Kim,22.606427,106.0179879,71,Moderate,1,25.9,72,0.0,4.1,195,974.8,5,17.3,17.4,209.0,9.3,92.0,8.1
2025-10-09 19:00:00,2025,10,9,19,Cao Bằng,Xã Tam Kim,22.606427,106.0179879,66,Moderate,1,25.0,80,0.0,2.9,202,975.7,5,20.4,20.5,234.0,13.4,77.0,9.7
2025-10-09 20:00:00,2025,10,9,20,Cao Bằng,Xã Tam Kim,22.606427,106.0179879,60,Moderate,1,24.4,83,0.0,3.4,196,976.5,9,22.6,22.7,249.0,14.3,74.0,10.3
2025-10-09 21:00:00,2025,10,9,21,Cao Bằng,Xã Tam Kim,22.606427,106.0179879,60,Moderate,1,23.9,84,0.0,1.1,189,976.9,12,24.3,24.4,258.0,15.5,71.0,11.2
2025-10-09 22:00:00,2025,10,9,22,Cao Bằng,Xã Tam Kim,22.606427,106.0179879,61,Moderate,1,23.0,88,0.0,0.2,270,977.3,15,26.0,26.1,261.0,16.7,68.0,12.0
2025-10-09 23:00:00,2025,10,9,23,Cao Bằng,Xã Tam Kim,22.606427,106.0179879,62,Moderate,1,22.3,90,0.0,1.5,284,977.1,16,29.5,29.6,254.0,17.7,67.0,12.6
2025-10-10 00:00:00,2025,10,10,0,Cao Bằng,Xã Tam Kim,22.606427,106.0179879,62,Moderate,1,22.0,91,0.0,1.8,281,977.1,10,31.8,32.0,240.0,18.7,67.0,13.2
2025-10-10 01:00:00,2025,10,10,1,Cao Bằng,Xã Tam Kim,22.606427,106.0179879,63,Moderate,1,21.6,93,0.0,1.3,262,977.0,9,33.5,33.6,227.0,19.4,66.0,13.5
2025-10-10 02:00:00,2025,10,10,2,Cao Bằng,Xã Tam Kim,22.606427,106.0179879,64,Moderate,1,21.5,93,0.0,1.7,288,976.8,75,34.7,34.8,214.0,19.9,62.0,13.5
2025-10-10 03:00:00,2025,10,10,3,Cao Bằng,Xã Tam Kim,22.606427,106.0179879,65,Moderate,1,21.1,94,0.0,1.7,283,976.7,9,35.3,35.4,203.0,20.3,57.0,13.3
2025-10-10 04:00:00,2025,10,10,4,Cao Bằng,Xã Tam Kim,22.606427,106.0179879,66,Moderate,1,20.7,95,0.0,1.6,276,976.6,12,35.3,35.5,205.0,20.3,54.0,12.7
2025-10-10 05:00:00,2025,10,10,5,Cao Bằng,Xã Tam Kim,22.606427,106.0179879,67,Moderate,1,20.6,94,0.0,0.9,270,976.6,8,35.7,35.9,236.0,20.5,51.0,11.3
2025-10-10 06:00:00,2025,10,10,6,Cao Bằng,Xã Tam Kim,22.606427,106.0179879,67,Moderate,1,20.3,95,0.0,0.2,270,976.8,10,36.9,37.0,279.0,20.4,49.0,9.5
2025-10-10 07:00:00,2025,10,10,7,Cao Bằng,Xã Tam Kim,22.606427,106.0179879,68,Moderate,1,22.5,90,0.0,1.8,169,977.9,0,25.8,25.8,299.0,18.6,56.0,11.5
2025-10-10 08:00:00,2025,10,10,8,Cao Bằng,Xã Tam Kim,22.606427,106.0179879,68,Moderate,1,24.6,84,0.0,2.7,58,978.4,0,18.0,18.0,270.0,13.6,81.0,12.7
2025-10-10 09:00:00,2025,10,10,9,Cao Bằng,Xã Tam Kim,22.606427,106.0179879,69,Moderate,1,26.6,76,0.0,3.7,51,978.8,23,17.6,17.8,217.0,6.7,116.0,14.3
2025-10-10 10:00:00,2025,10,10,10,Cao Bằng,Xã Tam Kim,22.606427,106.0179879,70,Moderate,1,28.2,68,0.1,3.6,81,978.9,23,17.9,18.0,177.0,1.6,140.0,14.8
2025-10-10 11:00:00,2025,10,10,11,Cao Bằng,Xã Tam Kim,22.606427,106.0179879,72,Moderate,1,29.4,62,0.1,5.9,113,978.1,13,16.7,16.8,167.0,0.2,144.0,13.4
2025-10-10 12:00:00,2025,10,10,12,Cao Bằng,Xã Tam Kim,22.606427,106.0179879,72,Moderate,1,30.5,56,0.0,6.5,141,977.2,15,16.5,16.6,169.0,0.6,138.0,11.0
2025-10-10 13:00:00,2025,10,10,13,Cao Bằng,Xã Tam Kim,22.606427,106.0179879,73,Moderate,1,30.9,52,0.0,6.0,151,976.6,18,16.5,16.6,172.0,1.2,132.0,9.0
2025-10-10 14:00:00,2025,10,10,14,Cao Bằng,Xã Tam Kim,22.606427,106.0179879,74,Moderate,1,31.6,47,0.0,6.4,155,975.5,6,16.4,16.5,167.0,0.9,130.0,8.0
2025-10-10 15:00:00,2025,10,10,15,Cao Bằng,Xã Tam Kim,22.606427,106.0179879,74,Moderate,1,31.6,47,0.0,5.5,131,974.8,9,16.2,16.4,162.0,0.7,128.0,7.4
2025-10-10 16:00:00,2025,10,10,16,Cao Bằng,Xã Tam Kim,22.606427,106.0179879,81,Moderate,1,30.8,52,0.0,6.1,104,974.2,4,15.5,15.7,165.0,1.8,122.0,7.2
2025-10-10 17:00:00,2025,10,10,17,Cao Bằng,Xã Tam Kim,22.606427,106.0179879,90,Moderate,1,28.1,68,0.0,5.8,112,973.8,2,16.7,16.8,186.0,5.5,107.0,7.4
2025-10-10 18:00:00,2025,10,10,18,Cao Bằng,Xã Tam Kim,22.606427,106.0179879,88,Moderate,1,26.0,72,0.0,4.1,167,973.6,0,18.3,18.5,217.0,10.6,88.0,7.9
2025-10-10 19:00:00,2025,10,10,19,Cao Bằng,Xã Tam Kim,22.606427,106.0179879,77,Moderate,1,24.0,83,0.0,3.3,225,974.4,1,21.7,21.8,235.0,15.0,70.0,8.6
2025-10-10 20:00:00,2025,10,10,20,Cao Bằng,Xã Tam Kim,22.606427,106.0179879,76,Moderate,1,23.1,87,0.0,2.0,243,975.2,1,22.1,22.2,230.0,15.0,67.0,9.0
2025-10-10 21:00:00,2025,10,10,21,Cao Bằng,Xã Tam Kim,22.606427,106.0179879,76,Moderate,1,22.8,84,0.0,1.0,239,975.8,2,21.7,21.9,213.0,15.0,63.0,9.6
2025-10-10 22:00:00,2025,10,10,22,Cao Bằng,Xã Tam Kim,22.606427,106.0179879,76,Moderate,1,22.7,82,0.0,0.6,252,976.2,5,21.8,22.0,201.0,15.1,59.0,10.2
2025-10-10 23:00:00,2025,10,10,23,Cao Bằng,Xã Tam Kim,22.606427,106.0179879,75,Moderate,1,22.2,82,0.0,0.9,281,976.1,5,22.8,23.1,203.0,15.4,57.0,10.7
2025-10-11 00:00:00,2025,10,11,0,Cao Bằng,Xã Tam Kim,22.606427,106.0179879,75,Moderate,1,21.9,84,0.0,1.1,279,976.3,8,24.5,24.8,210.0,15.9,56.0,11.2
2025-10-11 01:00:00,2025,10,11,1,Cao Bằng,Xã Tam Kim,22.606427,106.0179879,74,Moderate,1,21.8,86,0.0,0.5,270,975.9,10,26.3,26.5,214.0,16.4,55.0,11.6
2025-10-11 02:00:00,2025,10,11,2,Cao Bằng,Xã Tam Kim,22.606427,106.0179879,73,Moderate,1,21.7,87,0.0,1.3,286,975.5,6,27.8,28.1,207.0,17.1,52.0,11.8
2025-10-11 03:00:00,2025,10,11,3,Cao Bằng,Xã Tam Kim,22.606427,106.0179879,73,Moderate,1,21.2,89,0.0,1.9,292,975.3,1,28.9,29.2,197.0,17.9,48.0,11.8
2025-10-11 04:00:00,2025,10,11,4,Cao Bằng,Xã Tam Kim,22.606427,106.0179879,72,Moderate,1,20.8,91,0.0,1.7,283,975.3,2,29.7,30.0,203.0,18.5,46.0,11.8
2025-10-11 05:00:00,2025,10,11,5,Cao Bằng,Xã Tam Kim,22.606427,106.0179879,72,Moderate,1,20.5,92,0.0,1.5,277,975.6,2,30.6,30.9,248.0,19.2,46.0,11.6
2025-10-11 06:00:00,2025,10,11,6,Cao Bằng,Xã Tam Kim,22.606427,106.0179879,71,Moderate,1,20.3,93,0.0,0.5,225,976.2,5,32.1,32.4,310.0,19.7,47.0,11.4
2025-10-11 07:00:00,2025,10,11,7,Cao Bằng,Xã Tam Kim,22.606427,106.0179879,71,Moderate,1,22.8,87,0.0,0.9,217,977.1,1,32.5,32.7,341.0,17.4,48.0,12.0
2025-10-11 08:00:00,2025,10,11,8,Cao Bằng,Xã Tam Kim,22.606427,106.0179879,71,Moderate,1,24.8,81,0.0,2.7,58,977.6,4,29.5,30.0,310.0,12.9,63.0,12.6
2025-10-11 09:00:00,2025,10,11,9,Cao Bằng,Xã Tam Kim,22.606427,106.0179879,72,Moderate,1,26.7,75,0.0,3.5,66,978.3,20,23.3,23.9,249.0,6.6,85.0,13.4
2025-10-11 10:00:00,2025,10,11,10,Cao Bằng,Xã Tam Kim,22.606427,106.0179879,73,Moderate,1,28.3,68,0.1,4.7,133,978.2,18,18.7,19.3,202.0,2.0,100.0,13.2
2025-10-11 11:00:00,2025,10,11,11,Cao Bằng,Xã Tam Kim,22.606427,106.0179879,73,Moderate,1,30.0,60,0.1,5.9,145,977.5,22,15.9,16.4,190.0,0.6,104.0,11.3
2025-10-11 12:00:00,2025,10,11,12,Cao Bằng,Xã Tam Kim,22.606427,106.0179879,73,Moderate,1,30.5,60,0.1,6.2,142,976.1,58,14.3,14.7,194.0,0.9,103.0,8.6
2025-10-11 13:00:00,2025,10,11,13,Cao Bằng,Xã Tam Kim,22.606427,106.0179879,73,Moderate,1,30.5,58,0.3,4.8,117,975.4,23,14.3,14.6,199.0,1.3,101.0,6.3
2025-10-11 14:00:00,2025,10,11,14,Cao Bằng,Xã Tam Kim,22.606427,106.0179879,72,Moderate,1,28.8,67,0.5,8.5,205,974.8,57,13.6,13.9,198.0,0.8,103.0,4.9
2025-10-11 15:00:00,2025,10,11,15,Cao Bằng,Xã Tam Kim,22.606427,106.0179879,72,Moderate,1,29.5,62,0.0,5.9,180,974.1,17,13.2,13.5,199.0,0.5,105.0,4.0
2025-10-11 16:00:00,2025,10,11,16,Cao Bằng,Xã Tam Kim,22.606427,106.0179879,72,Moderate,1,29.2,64,0.0,6.1,140,973.6,25,12.5,12.7,211.0,1.7,102.0,3.5
2025-10-11 17:00:00,2025,10,11,17,Cao Bằng,Xã Tam Kim,22.606427,106.0179879,72,Moderate,1,27.3,76,0.0,7.2,122,973.3,41,13.3,13.6,248.0,6.1,88.0,3.6
2025-10-11 18:00:00,2025,10,11,18,Cao Bằng,Xã Tam Kim,22.606427,106.0179879,71,Moderate,1,25.8,83,0.0,5.3,145,973.2,59,15.7,15.9,297.0,12.0,69.0,4.2
2025-10-11 19:00:00,2025,10,11,19,Cao Bằng,Xã Tam Kim,22.606427,106.0179879,71,Moderate,1,25.1,89,0.0,2.1,195,973.8,45,15.3,15.5,327.0,18.1,46.0,4.7
2025-10-11 20:00:00,2025,10,11,20,Cao Bằng,Xã Tam Kim,22.606427,106.0179879,71,Moderate,1,24.6,91,0.0,3.2,180,974.6,46,15.1,15.1,320.0,16.2,47.0,4.8
2025-10-11 21:00:00,2025,10,11,21,Cao Bằng,Xã Tam Kim,22.606427,106.0179879,70,Moderate,1,24.0,92,0.0,2.5,188,975.2,39,14.5,14.5,293.0,13.6,49.0,4.9
2025-10-11 22:00:00,2025,10,11,22,Cao Bằng,Xã Tam Kim,22.606427,106.0179879,69,Moderate,1,23.6,92,0.0,0.4,243,975.6,45,14.1,14.1,274.0,11.3,51.0,5.1
2025-10-11 23:00:00,2025,10,11,23,Cao Bằng,Xã Tam Kim,22.606427,106.0179879,69,Moderate,1,23.5,93,0.1,0.6,342,976.0,81,14.7,14.7,273.0,9.6,55.0,5.6
2025-10-12 00:00:00,2025,10,12,0,Cao Bằng,Xã Tam Kim,22.606427,106.0179879,68,Moderate,1,23.0,95,0.0,1.0,292,976.0,79,15.2,15.3,279.0,8.2,58.0,6.1
2025-10-12 01:00:00,2025,10,12,1,Cao Bằng,Xã Tam Kim,22.606427,106.0179879,67,Moderate,1,22.7,94,0.0,2.2,346,975.7,98,12.3,12.4,282.0,7.5,59.0,6.2
2025-10-12 02:00:00,2025,10,12,2,Cao Bằng,Xã Tam Kim,22.606427,106.0179879,66,Moderate,1,22.7,96,0.0,1.3,286,975.4,31,10.3,10.4,272.0,8.0,52.0,5.4
2025-10-12 03:00:00,2025,10,12,3,Cao Bằng,Xã Tam Kim,22.606427,106.0179879,64,Moderate,1,22.5,95,0.0,0.9,281,975.4,29,10.4,10.4,260.0,9.1,42.0,4.3
2025-10-12 04:00:00,2025,10,12,4,Cao Bằng,Xã Tam Kim,22.606427,106.0179879,63,Moderate,1,22.2,94,0.0,0.7,270,975.1,19,12.8,12.9,264.0,9.8,37.0,3.5
2025-10-12 05:00:00,2025,10,12,5,Cao Bằng,Xã Tam Kim,22.606427,106.0179879,61,Moderate,1,21.9,95,0.0,0.3,225,975.2,33,15.8,15.9,308.0,9.6,39.0,3.6
2025-10-12 06:00:00,2025,10,12,6,Cao Bằng,Xã Tam Kim,22.606427,106.0179879,60,Moderate,1,21.4,97,0.0,0.3,225,975.5,45,18.5,18.5,369.0,8.9,46.0,4.0
2025-10-12 07:00:00,2025,10,12,7,Cao Bằng,Xã Tam Kim,22.606427,106.0179879,59,Moderate,1,23.6,93,0.0,0.5,270,976.4,17,12.9,13.0,395.0,8.8,54.0,4.4
2025-10-12 08:00:00,2025,10,12,8,Cao Bằng,Xã Tam Kim,22.606427,106.0179879,57,Moderate,1,25.5,87,0.0,2.3,51,977.2,28,7.5,7.6,350.0,6.7,70.0,4.5
2025-10-12 09:00:00,2025,10,12,9,Cao Bằng,Xã Tam Kim,22.606427,106.0179879,55,Moderate,1,27.1,79,0.1,2.7,98,977.5,20,7.6,7.7,269.0,3.7,92.0,4.6
2025-10-12 10:00:00,2025,10,12,10,Cao Bằng,Xã Tam Kim,22.606427,106.0179879,54,Moderate,1,29.1,63,0.1,4.6,129,977.5,14,7.0,7.2,207.0,1.5,107.0,4.4
2025-10-12 11:00:00,2025,10,12,11,Cao Bằng,Xã Tam Kim,22.606427,106.0179879,53,Moderate,1,30.8,53,0.0,6.2,150,976.7,12,6.5,6.8,188.0,0.8,108.0,3.8
2025-10-12 12:00:00,2025,10,12,12,Cao Bằng,Xã Tam Kim,22.606427,106.0179879,52,Moderate,1,31.9,49,0.0,7.5,159,975.3,35,6.3,6.6,187.0,0.8,103.0,2.9
2025-10-12 13:00:00,2025,10,12,13,Cao Bằng,Xã Tam Kim,22.606427,106.0179879,51,Moderate,1,31.8,49,0.0,5.6,163,974.5,14,6.3,6.5,189.0,0.9,98.0,2.2
2025-10-12 14:00:00,2025,10,12,14,Cao Bằng,Xã Tam Kim,22.606427,106.0179879,50,Good,0,32.7,44,0.0,4.9,188,973.4,34,6.3,6.5,186.0,0.7,98.0,1.9
2025-10-12 15:00:00,2025,10,12,15,Cao Bằng,Xã Tam Kim,22.606427,106.0179879,49,Good,0,32.7,44,0.0,6.3,207,972.6,57,6.5,6.7,186.0,0.7,98.0,1.8
2025-10-12 16:00:00,2025,10,12,16,Cao Bằng,Xã Tam Kim,22.606427,106.0179879,48,Good,0,31.4,51,0.0,6.2,190,972.4,12,7.0,7.2,194.0,1.6,95.0,2.0
2025-10-12 17:00:00,2025,10,12,17,Cao Bằng,Xã Tam Kim,22.606427,106.0179879,47,Good,0,28.8,67,0.0,6.9,149,972.5,14,7.9,8.1,218.0,4.3,86.0,2.7
2025-10-12 18:00:00,2025,10,12,18,Cao Bằng,Xã Tam Kim,22.606427,106.0179879,46,Good,0,26.0,78,0.0,5.5,169,972.7,9,9.7,9.9,251.0,8.0,74.0,3.7
2025-10-12 19:00:00,2025,10,12,19,Cao Bằng,Xã Tam Kim,22.606427,106.0179879,45,Good,0,25.8,82,0.0,4.5,187,973.8,14,13.2,13.4,278.0,11.6,58.0,4.8
2025-10-12 20:00:00,2025,10,12,20,Cao Bằng,Xã Tam Kim,22.606427,106.0179879,45,Good,0,25.5,83,0.0,3.4,183,974.9,14,14.1,14.3,293.0,11.4,57.0,6.1
2025-10-12 21:00:00,2025,10,12,21,Cao Bằng,Xã Tam Kim,22.606427,106.0179879,45,Good,0,25.0,85,0.0,3.2,161,975.7,14,15.1,15.2,301.0,11.2,56.0,7.9
2025-10-12 22:00:00,2025,10,12,22,Cao Bằng,Xã Tam Kim,22.606427,106.0179879,45,Good,0,24.7,86,0.0,0.4,243,976.0,23,16.1,16.2,306.0,11.3,56.0,9.6
2025-10-12 23:00:00,2025,10,12,23,Cao Bằng,Xã Tam Kim,22.606427,106.0179879,45,Good,0,24.2,87,0.0,0.2,270,976.1,26,17.1,17.2,307.0,12.2,56.0,11.0
2025-10-13 00:00:00,2025,10,13,0,Cao Bằng,Xã Tam Kim,22.606427,106.0179879,46,Good,0,23.7,89,0.0,1.0,301,976.2,20,19.6,19.8,305.0,13.3,56.0,12.3
2025-10-13 01:00:00,2025,10,13,1,Cao Bằng,Xã Tam Kim,22.606427,106.0179879,46,Good,0,23.8,88,0.0,0.9,323,975.6,40,21.8,21.9,301.0,13.6,58.0,13.3
2025-10-13 02:00:00,2025,10,13,2,Cao Bằng,Xã Tam Kim,22.606427,106.0179879,48,Good,0,23.5,90,0.0,1.0,31,975.2,28,23.0,23.2,291.0,12.2,63.0,14.1
2025-10-13 03:00:00,2025,10,13,3,Cao Bằng,Xã Tam Kim,22.606427,106.0179879,50,Good,0,23.0,92,0.0,1.4,113,975.2,41,23.7,23.8,278.0,9.8,70.0,14.7
2025-10-13 04:00:00,2025,10,13,4,Cao Bằng,Xã Tam Kim,22.606427,106.0179879,51,Moderate,1,23.1,94,0.0,0.4,90,975.5,44,22.9,23.1,277.0,8.1,74.0,14.9
2025-10-13 05:00:00,2025,10,13,5,Cao Bằng,Xã Tam Kim,22.606427,106.0179879,52,Moderate,1,23.1,95,0.0,1.9,29,975.9,52,19.7,19.8,302.0,7.8,69.0,14.4
2025-10-13 06:00:00,2025,10,13,6,Cao Bằng,Xã Tam Kim,22.606427,106.0179879,53,Moderate,1,22.5,96,0.0,0.7,360,976.6,38,15.1,15.1,339.0,8.1,61.0,13.6
2025-10-13 07:00:00,2025,10,13,7,Cao Bằng,Xã Tam Kim,22.606427,106.0179879,52,Moderate,1,24.4,88,0.0,1.7,302,977.3,28,10.8,10.8,355.0,8.4,62.0,13.1
2025-10-13 08:00:00,2025,10,13,8,Cao Bằng,Xã Tam Kim,22.606427,106.0179879,52,Moderate,1,25.4,87,0.0,3.6,340,977.8,25,11.6,11.7,331.0,6.5,71.0,13.9
2025-10-13 09:00:00,2025,10,13,9,Cao Bằng,Xã Tam Kim,22.606427,106.0179879,52,Moderate,1,26.9,80,0.0,1.5,353,978.5,5,10.0,10.1,286.0,3.8,84.0,14.9
2025-10-13 10:00:00,2025,10,13,10,Cao Bằng,Xã Tam Kim,22.606427,106.0179879,53,Moderate,1,28.7,72,0.0,1.1,72,978.6,14,8.9,9.1,250.0,1.9,93.0,14.8
2025-10-13 11:00:00,2025,10,13,11,Cao Bằng,Xã Tam Kim,22.606427,106.0179879,53,Moderate,1,29.4,67,0.0,3.1,93,978.0,14,13.3,13.6,234.0,1.4,93.0,12.4
2025-10-13 12:00:00,2025,10,13,12,Cao Bằng,Xã Tam Kim,22.606427,106.0179879,53,Moderate,1,29.6,63,0.1,1.5,225,976.1,14,12.3,12.5,225.0,1.6,88.0,8.8
2025-10-13 13:00:00,2025,10,13,13,Cao Bằng,Xã Tam Kim,22.606427,106.0179879,54,Moderate,1,30.4,57,0.3,0.6,72,975.6,24,13.2,13.4,220.0,1.8,85.0,6.0
2025-10-13 14:00:00,2025,10,13,14,Cao Bằng,Xã Tam Kim,22.606427,106.0179879,55,Moderate,1,29.5,62,0.1,8.8,101,975.0,20,13.3,13.4,212.0,1.6,88.0,5.1
2025-10-13 15:00:00,2025,10,13,15,Cao Bằng,Xã Tam Kim,22.606427,106.0179879,55,Moderate,1,28.5,69,0.1,7.9,168,974.4,59,13.2,13.3,207.0,1.4,92.0,5.0
2025-10-13 16:00:00,2025,10,13,16,Cao Bằng,Xã Tam Kim,22.606427,106.0179879,56,Moderate,1,28.2,70,0.0,4.3,175,974.4,100,12.6,12.7,214.0,2.1,92.0,4.9
2025-10-13 17:00:00,2025,10,13,17,Cao Bằng,Xã Tam Kim,22.606427,106.0179879,56,Moderate,1,26.5,81,0.0,6.3,153,974.9,100,12.4,12.5,245.0,4.4,82.0,4.6
2025-10-13 18:00:00,2025,10,13,18,Cao Bằng,Xã Tam Kim,22.606427,106.0179879,57,Moderate,1,25.2,87,0.1,2.8,191,975.1,100,13.2,13.3,287.0,7.6,68.0,4.3
2025-10-13 19:00:00,2025,10,13,19,Cao Bằng,Xã Tam Kim,22.606427,106.0179879,57,Moderate,1,25.1,83,0.1,2.2,275,975.7,100,12.3,12.3,311.0,14.7,40.0,5.0
2025-10-13 20:00:00,2025,10,13,20,Cao Bằng,Xã Tam Kim,22.606427,106.0179879,57,Moderate,1,24.9,85,0.0,2.7,302,976.6,100,12.4,12.5,300.0,14.2,39.0,4.6
2025-10-13 21:00:00,2025,10,13,21,Cao Bằng,Xã Tam Kim,22.606427,106.0179879,57,Moderate,1,24.9,86,0.0,2.6,282,977.2,100,12.4,12.5,270.0,13.5,38.0,3.9
2025-10-13 22:00:00,2025,10,13,22,Cao Bằng,Xã Tam Kim,22.606427,106.0179879,56,Moderate,1,25.0,85,0.0,0.4,360,977.4,100,11.9,12.0,242.0,12.4,38.0,3.3
2025-10-13 23:00:00,2025,10,13,23,Cao Bằng,Xã Tam Kim,22.606427,106.0179879,56,Moderate,1,24.5,87,0.0,1.6,297,977.4,98,10.1,10.2,221.0,10.3,41.0,2.7
2025-10-14 00:00:00,2025,10,14,0,Cao Bằng,Xã Tam Kim,22.606427,106.0179879,55,Moderate,1,24.0,89,0.0,1.0,338,977.1,95,7.2,7.4,201.0,7.8,44.0,2.2
2025-10-14 01:00:00,2025,10,14,1,Cao Bằng,Xã Tam Kim,22.606427,106.0179879,54,Moderate,1,23.8,92,1.1,0.9,53,976.7,98,7.8,7.9,183.0,6.2,45.0,1.8
2025-10-14 02:00:00,2025,10,14,2,Cao Bằng,Xã Tam Kim,22.606427,106.0179879,53,Moderate,1,23.3,94,0.1,1.0,315,975.9,100,4.8,4.9,163.0,6.4,40.0,1.6
2025-10-14 03:00:00,2025,10,14,3,Cao Bằng,Xã Tam Kim,22.606427,106.0179879,52,Moderate,1,23.4,93,0.0,1.4,203,976.3,100,2.8,2.9,145.0,7.5,33.0,1.6
2025-10-14 04:00:00,2025,10,14,4,Cao Bằng,Xã Tam Kim,22.606427,106.0179879,49,Good,0,23.3,93,0.0,2.7,298,975.8,100,3.0,3.1,138.0,8.2,29.0,1.6
2025-10-14 05:00:00,2025,10,14,5,Cao Bằng,Xã Tam Kim,22.606427,106.0179879,46,Good,0,23.3,91,0.4,0.6,342,976.5,100,3.7,3.7,154.0,8.0,30.0,1.7
2025-10-14 06:00:00,2025,10,14,6,Cao Bằng,Xã Tam Kim,22.606427,106.0179879,43,Good,0,22.8,96,0.6,3.6,297,976.8,100,4.2,4.3,182.0,7.5,34.0,1.9
2025-10-14 07:00:00,2025,10,14,7,Cao Bằng,Xã Tam Kim,22.606427,106.0179879,41,Good,0,23.1,98,0.1,3.6,233,977.5,100,5.8,6.0,199.0,5.4,44.0,1.6
2025-10-14 08:00:00,2025,10,14,8,Cao Bằng,Xã Tam Kim,22.606427,106.0179879,40,Good,0,23.7,96,1.1,1.8,270,978.0,100,4.2,4.3,192.0,4.7,46.0,1.6
2025-10-14 09:00:00,2025,10,14,9,Cao Bằng,Xã Tam Kim,22.606427,106.0179879,39,Good,0,24.0,92,2.2,1.0,225,978.9,100,4.2,4.4,173.0,3.8,49.0,1.6
2025-10-14 10:00:00,2025,10,14,10,Cao Bằng,Xã Tam Kim,22.606427,106.0179879,38,Good,0,23.9,96,0.4,2.2,261,978.8,100,3.6,3.8,157.0,3.0,51.0,1.5
2025-10-14 11:00:00,2025,10,14,11,Cao Bằng,Xã Tam Kim,22.606427,106.0179879,37,Good,0,24.1,95,0.2,5.3,162,978.5,100,3.5,3.7,150.0,2.4,52.0,1.2
2025-10-14 12:00:00,2025,10,14,12,Cao Bằng,Xã Tam Kim,22.606427,106.0179879,35,Good,0,24.5,91,0.2,0.9,270,977.1,97,3.0,3.2,147.0,2.0,53.0,0.8
2025-10-14 13:00:00,2025,10,14,13,Cao Bằng,Xã Tam Kim,22.606427,106.0179879,34,Good,0,27.2,76,0.1,4.4,148,976.4,100,3.1,3.2,145.0,1.9,54.0,0.5
2025-10-14 14:00:00,2025,10,14,14,Cao Bằng,Xã Tam Kim,22.606427,106.0179879,32,Good,0,28.3,69,0.1,5.3,114,975.4,100,3.6,3.7,144.0,1.9,55.0,0.5
2025-10-14 15:00:00,2025,10,14,15,Cao Bằng,Xã Tam Kim,22.606427,106.0179879,30,Good,0,26.2,78,0.3,10.7,126,975.0,100,4.0,4.1,145.0,2.2,55.0,0.6
2025-10-14 16:00:00,2025,10,14,16,Cao Bằng,Xã Tam Kim,22.606427,106.0179879,29,Good,0,24.5,94,2.1,5.5,167,975.6,99,4.2,4.4,149.0,3.2,53.0,0.9
2025-10-14 17:00:00,2025,10,14,17,Cao Bằng,Xã Tam Kim,22.606427,106.0179879,27,Good,0,24.3,96,0.1,0.4,297,975.5,99,4.8,4.9,160.0,5.7,47.0,1.3
2025-10-14 18:00:00,2025,10,14,18,Cao Bằng,Xã Tam Kim,22.606427,106.0179879,26,Good,0,23.3,98,0.1,2.3,209,976.1,100,6.0,6.1,174.0,8.9,39.0,1.8
2025-10-14 19:00:00,2025,10,14,19,Cao Bằng,Xã Tam Kim,22.606427,106.0179879,25,Good,0,22.9,97,0.1,4.5,209,976.6,100,8.4,8.6,182.0,9.7,37.0,2.5
2025-10-14 20:00:00,2025,10,14,20,Cao Bằng,Xã Tam Kim,22.606427,106.0179879,24,Good,0,22.7,98,1.4,3.6,252,977.5,100,7.6,7.8,177.0,8.8,38.0,2.7
2025-10-14 21:00:00,2025,10,14,21,Cao Bằng,Xã Tam Kim,22.606427,106.0179879,23,Good,0,22.8,98,0.2,3.2,251,977.5,100,4.3,4.4,166.0,7.5,40.0,2.9
2025-10-14 22:00:00,2025,10,14,22,Cao Bằng,Xã Tam Kim,22.606427,106.0179879,22,Good,0,23.0,97,0.2,1.4,310,977.7,100,2.8,2.9,154.0,6.5,41.0,3.0
2025-10-14 23:00:00,2025,10,14,23,Cao Bằng,Xã Tam Kim,22.606427,106.0179879,20,Good,0,22.8,98,0.8,1.9,22,978.0,100,2.8,2.9,145.0,6.1,40.0,2.9
2025-10-15 00:00:00,2025,10,15,0,Cao Bằng,Xã Tam Kim,22.606427,106.0179879,19,Good,0,22.4,99,0.9,3.8,352,978.0,100,2.8,2.9,135.0,5.9,39.0,2.7
2025-10-15 01:00:00,2025,10,15,1,Cao Bằng,Xã Tam Kim,22.606427,106.0179879,19,Good,0,22.7,98,0.1,5.2,214,976.9,100,2.6,2.7,127.0,5.8,38.0,2.5
2025-10-15 02:00:00,2025,10,15,2,Cao Bằng,Xã Tam Kim,22.606427,106.0179879,18,Good,0,21.9,99,6.3,6.7,126,977.0,100,2.4,2.4,119.0,5.5,37.0,2.3
2025-10-15 03:00:00,2025,10,15,3,Cao Bằng,Xã Tam Kim,22.606427,106.0179879,18,Good,0,21.7,99,1.0,3.6,153,976.8,100,2.1,2.2,112.0,5.1,37.0,2.0
2025-10-15 04:00:00,2025,10,15,4,Cao Bằng,Xã Tam Kim,22.606427,106.0179879,18,Good,0,21.9,99,0.5,4.2,20,976.6,100,2.0,2.1,111.0,5.0,37.0,1.9
2025-10-15 05:00:00,2025,10,15,5,Cao Bằng,Xã Tam Kim,22.606427,106.0179879,18,Good,0,21.8,99,0.2,1.3,16,976.7,100,1.9,1.9,121.0,5.3,38.0,1.9
2025-10-15 06:00:00,2025,10,15,6,Cao Bằng,Xã Tam Kim,22.606427,106.0179879,18,Good,0,21.9,99,0.0,0.6,342,977.0,100,2.1,2.1,137.0,5.8,38.0,2.1
2025-10-15 07:00:00,2025,10,15,7,Cao Bằng,Xã Tam Kim,22.606427,106.0179879,18,Good,0,23.2,96,0.0,2.4,287,978.1,100,2.1,2.2,148.0,6.2,36.0,3.9
2025-10-15 08:00:00,2025,10,15,8,Cao Bằng,Xã Tam Kim,22.606427,106.0179879,17,Good,0,23.3,98,0.0,1.2,63,978.7,100,2.2,2.2,148.0,5.4,41.0,5.0
2025-10-15 09:00:00,2025,10,15,9,Cao Bằng,Xã Tam Kim,22.606427,106.0179879,18,Good,0,23.4,97,0.0,1.2,39,979.4,100,2.3,2.4,144.0,4.3,49.0,6.5
2025-10-15 10:00:00,2025,10,15,10,Cao Bằng,Xã Tam Kim,22.606427,106.0179879,18,Good,0,23.6,96,0.4,2.1,38,979.1,100,3.2,3.3,140.0,3.3,56.0,7.4
2025-10-15 11:00:00,2025,10,15,11,Cao Bằng,Xã Tam Kim,22.606427,106.0179879,19,Good,0,23.9,92,0.1,0.9,143,978.7,100,3.9,4.0,140.0,2.6,62.0,6.9
2025-10-15 12:00:00,2025,10,15,12,Cao Bằng,Xã Tam Kim,22.606427,106.0179879,21,Good,0,25.0,88,0.1,0.2,90,977.9,100,4.4,4.5,140.0,2.0,69.0,5.8
2025-10-15 13:00:00,2025,10,15,13,Cao Bằng,Xã Tam Kim,22.606427,106.0179879,23,Good,0,25.8,82,0.1,2.9,94,977.1,100,4.8,4.9,141.0,1.7,73.0,4.9
2025-10-15 14:00:00,2025,10,15,14,Cao Bằng,Xã Tam Kim,22.606427,106.0179879,25,Good,0,26.7,79,0.0,4.7,86,976.2,79,5.9,6.0,135.0,1.6,75.0,4.7
2025-10-15 15:00:00,2025,10,15,15,Cao Bằng,Xã Tam Kim,22.606427,106.0179879,27,Good,0,26.3,81,0.1,4.8,119,975.8,100,6.9,7.0,129.0,1.9,76.0,4.8
2025-10-15 16:00:00,2025,10,15,16,Cao Bằng,Xã Tam Kim,22.606427,106.0179879,29,Good,0,23.9,96,2.8,6.3,204,975.6,80,7.8,7.9,141.0,2.7,74.0,4.9
2025-10-15 17:00:00,2025,10,15,17,Cao Bằng,Xã Tam Kim,22.606427,106.0179879,31,Good,0,23.7,96,0.0,3.8,273,976.2,78,8.6,8.7,190.0,4.7,68.0,4.8
2025-10-15 18:00:00,2025,10,15,18,Cao Bằng,Xã Tam Kim,22.606427,106.0179879,32,Good,0,23.3,95,0.1,0.6,304,976.7,73,9.3,9.4,257.0,7.2,59.0,4.7
2025-10-15 19:00:00,2025,10,15,19,Cao Bằng,Xã Tam Kim,22.606427,106.0179879,32,Good,0,24.3,90,0.2,0.8,243,976.9,100,13.8,14.2,299.0,12.2,40.0,5.7
2025-10-15 20:00:00,2025,10,15,20,Cao Bằng,Xã Tam Kim,22.606427,106.0179879,31,Good,0,23.3,98,1.2,4.3,95,978.3,92,13.8,14.1,294.0,12.2,38.0,5.9
2025-10-15 21:00:00,2025,10,15,21,Cao Bằng,Xã Tam Kim,22.606427,106.0179879,29,Good,0,23.3,98,0.2,1.9,326,978.7,93,14.2,14.5,266.0,12.3,35.0,6.2
2025-10-15 22:00:00,2025,10,15,22,Cao Bằng,Xã Tam Kim,22.606427,106.0179879,27,Good,0,23.0,98,0.2,2.2,279,978.9,85,15.0,15.3,240.0,13.1,32.0,6.3
2025-10-15 23:00:00,2025,10,15,23,Cao Bằng,Xã Tam Kim,22.606427,106.0179879,24,Good,0,22.8,98,0.0,4.1,283,979.1,100,13.9,14.1,228.0,15.6,29.0,6.1
2025-10-16 00:00:00,2025,10,16,0,Cao Bằng,Xã Tam Kim,22.606427,106.0179879,26,Good,0,22.9,97,0.0,3.0,287,979.2,100,16.9,17.2,219.0,18.7,26.0,5.6
2025-10-16 01:00:00,2025,10,16,1,Cao Bằng,Xã Tam Kim,22.606427,106.0179879,28,Good,0,22.8,93,0.0,2.2,294,978.6,95,19.8,20.1,207.0,20.4,23.0,5.0
2025-10-16 02:00:00,2025,10,16,2,Cao Bằng,Xã Tam Kim,22.606427,106.0179879,31,Good,0,22.6,93,0.0,2.3,302,978.4,99,22.2,22.5,184.0,19.4,19.0,4.1
2025-10-16 03:00:00,2025,10,16,3,Cao Bằng,Xã Tam Kim,22.606427,106.0179879,35,Good,0,22.9,91,0.0,0.5,315,978.0,99,21.1,21.4,158.0,16.9,15.0,3.0
2025-10-16 04:00:00,2025,10,16,4,Cao Bằng,Xã Tam Kim,22.606427,106.0179879,38,Good,0,22.8,92,0.0,1.3,352,978.2,100,20.1,20.4,143.0,14.2,15.0,2.4
2025-10-16 05:00:00,2025,10,16,5,Cao Bằng,Xã Tam Kim,22.606427,106.0179879,41,Good,0,22.8,93,0.0,0.6,326,978.5,100,19.7,20.1,150.0,11.6,21.0,2.6
2025-10-16 06:00:00,2025,10,16,6,Cao Bằng,Xã Tam Kim,22.606427,106.0179879,44,Good,0,22.8,95,0.1,2.2,312,979.2,100,19.8,20.1,169.0,8.8,31.0,3.3
2025-10-16 07:00:00,2025,10,16,7,Cao Bằng,Xã Tam Kim,22.606427,106.0179879,47,Good,0,22.7,95,0.1,0.4,27,979.8,100,10.5,10.7,178.0,6.3,39.0,3.1
2025-10-16 08:00:00,2025,10,16,8,Cao Bằng,Xã Tam Kim,22.606427,106.0179879,49,Good,0,23.5,94,0.0,3.2,93,980.2,97,7.8,8.0,167.0,5.1,43.0,3.7
2025-10-16 09:00:00,2025,10,16,9,Cao Bằng,Xã Tam Kim,22.606427,106.0179879,50,Good,0,24.9,86,0.0,3.8,90,980.8,97,6.2,6.4,148.0,3.6,49.0,4.4
2025-10-16 10:00:00,2025,10,16,10,Cao Bằng,Xã Tam Kim,22.606427,106.0179879,50,Good,0,26.7,77,0.3,4.4,117,980.7,79,6.8,7.0,133.0,2.3,55.0,4.6
2025-10-16 11:00:00,2025,10,16,11,Cao Bằng,Xã Tam Kim,22.606427,106.0179879,50,Good,0,28.0,71,0.0,5.0,136,980.2,90,7.1,7.5,127.0,1.7,61.0,3.7
2025-10-16 12:00:00,2025,10,16,12,Cao Bằng,Xã Tam Kim,22.606427,106.0179879,51,Moderate,1,29.3,62,0.1,9.2,133,978.6,59,7.1,7.5,126.0,1.5,66.0,2.3
2025-10-16 13:00:00,2025,10,16,13,Cao Bằng,Xã Tam Kim,22.606427,106.0179879,51,Moderate,1,30.0,52,0.0,8.9,155,978.5,71,7.3,7.7,128.0,1.4,71.0,1.3
2025-10-16 14:00:00,2025,10,16,14,Cao Bằng,Xã Tam Kim,22.606427,106.0179879,51,Moderate,1,30.3,49,0.2,9.4,156,977.3,96,8.1,8.5,131.0,0.9,76.0,1.1
2025-10-16 15:00:00,2025,10,16,15,Cao Bằng,Xã Tam Kim,22.606427,106.0179879,51,Moderate,1,29.7,52,0.1,9.5,144,976.7,95,9.4,9.8,138.0,0.7,80.0,1.3
2025-10-16 16:00:00,2025,10,16,16,Cao Bằng,Xã Tam Kim,22.606427,106.0179879,52,Moderate,1,28.5,64,0.0,5.4,143,976.6,65,10.1,10.6,154.0,2.3,80.0,1.8
2025-10-16 17:00:00,2025,10,16,17,Cao Bằng,Xã Tam Kim,22.606427,106.0179879,52,Moderate,1,27.3,75,0.0,3.5,118,977.0,100,11.4,11.8,192.0,7.6,72.0,2.8
2025-10-16 18:00:00,2025,10,16,18,Cao Bằng,Xã Tam Kim,22.606427,106.0179879,52,Moderate,1,25.4,79,0.0,4.3,147,977.5,100,13.7,14.1,239.0,14.8,59.0,4.1
2025-10-16 19:00:00,2025,10,16,19,Cao Bằng,Xã Tam Kim,22.606427,106.0179879,52,Moderate,1,24.3,83,0.0,1.3,196,978.3,100,12.1,12.4,269.0,14.5,50.0,4.0
2025-10-16 20:00:00,2025,10,16,20,Cao Bằng,Xã Tam Kim,22.606427,106.0179879,52,Moderate,1,23.6,86,0.0,1.6,243,979.4,100,13.7,14.0,267.0,16.1,50.0,4.7
2025-10-16 21:00:00,2025,10,16,21,Cao Bằng,Xã Tam Kim,22.606427,106.0179879,52,Moderate,1,23.0,88,0.0,2.6,245,980.0,99,16.2,16.5,248.0,18.3,49.0,5.7
2025-10-16 22:00:00,2025,10,16,22,Cao Bằng,Xã Tam Kim,22.606427,106.0179879,52,Moderate,1,23.0,87,0.0,1.1,261,980.1,51,18.3,18.6,226.0,20.0,48.0,6.3
2025-10-16 23:00:00,2025,10,16,23,Cao Bằng,Xã Tam Kim,22.606427,106.0179879,53,Moderate,1,22.8,85,0.0,0.4,243,980.3,52,19.6,19.8,205.0,21.0,45.0,6.2
2025-10-17 00:00:00,2025,10,17,0,Cao Bằng,Xã Tam Kim,22.606427,106.0179879,53,Moderate,1,22.6,86,0.0,1.3,225,980.3,92,20.1,20.4,181.0,21.5,40.0,5.7
2025-10-17 01:00:00,2025,10,17,1,Cao Bằng,Xã Tam Kim,22.606427,106.0179879,54,Moderate,1,22.0,91,0.0,2.3,266,979.6,98,20.1,20.4,165.0,21.1,36.0,4.9
2025-10-17 02:00:00,2025,10,17,2,Cao Bằng,Xã Tam Kim,22.606427,106.0179879,54,Moderate,1,22.0,90,0.0,2.0,297,979.1,83,23.0,23.3,159.0,19.2,32.0,3.6
2025-10-17 03:00:00,2025,10,17,3,Cao Bằng,Xã Tam Kim,22.606427,106.0179879,54,Moderate,1,21.7,91,0.0,2.9,292,978.5,29,23.9,24.2,160.0,16.4,28.0,2.1
2025-10-17 04:00:00,2025,10,17,4,Cao Bằng,Xã Tam Kim,22.606427,106.0179879,54,Moderate,1,21.7,89,0.0,1.3,270,978.4,18,23.7,23.9,169.0,13.8,26.0,1.0
2025-10-17 05:00:00,2025,10,17,5,Cao Bằng,Xã Tam Kim,22.606427,106.0179879,54,Moderate,1,21.6,89,0.0,1.6,264,978.7,6,22.0,22.3,192.0,12.1,23.0,0.6
2025-10-17 06:00:00,2025,10,17,6,Cao Bằng,Xã Tam Kim,22.606427,106.0179879,54,Moderate,1,21.4,87,0.0,2.2,265,979.5,2,21.8,22.1,223.0,10.7,22.0,0.8
2025-10-17 07:00:00,2025,10,17,7,Cao Bằng,Xã Tam Kim,22.606427,106.0179879,55,Moderate,1,22.8,87,0.0,1.7,229,980.2,3,15.8,15.9,239.0,8.6,39.0,1.4
2025-10-17 08:00:00,2025,10,17,8,Cao Bằng,Xã Tam Kim,22.606427,106.0179879,55,Moderate,1,24.4,83,0.0,1.9,73,980.9,7,10.1,10.2,228.0,6.5,57.0,3.9
2025-10-17 09:00:00,2025,10,17,9,Cao Bằng,Xã Tam Kim,22.606427,106.0179879,55,Moderate,1,26.2,78,0.0,2.7,37,981.5,8,8.4,8.5,202.0,3.6,82.0,7.2
2025-10-17 10:00:00,2025,10,17,10,Cao Bằng,Xã Tam Kim,22.606427,106.0179879,55,Moderate,1,27.9,68,0.1,1.7,72,981.2,29,8.3,8.5,180.0,1.4,99.0,9.1
2025-10-17 11:00:00,2025,10,17,11,Cao Bằng,Xã Tam Kim,22.606427,106.0179879,56,Moderate,1,28.9,62,0.0,4.8,132,980.7,9,7.9,8.2,169.0,0.7,101.0,8.3
2025-10-17 12:00:00,2025,10,17,12,Cao Bằng,Xã Tam Kim,22.606427,106.0179879,56,Moderate,1,29.9,56,0.0,7.4,135,979.6,20,7.7,8.1,162.0,0.7,94.0,6.2
2025-10-17 13:00:00,2025,10,17,13,Cao Bằng,Xã Tam Kim,22.606427,106.0179879,56,Moderate,1,30.3,53,0.1,8.2,142,978.6,23,7.7,8.1,158.0,0.9,89.0,4.5
2025-10-17 14:00:00,2025,10,17,14,Cao Bằng,Xã Tam Kim,22.606427,106.0179879,56,Moderate,1,30.7,52,0.0,7.5,140,977.7,23,8.4,8.7,154.0,0.4,89.0,3.8
2025-10-17 15:00:00,2025,10,17,15,Cao Bằng,Xã Tam Kim,22.606427,106.0179879,56,Moderate,1,30.6,50,0.0,7.5,140,977.1,12,8.8,9.2,154.0,0.1,91.0,3.5
2025-10-17 16:00:00,2025,10,17,16,Cao Bằng,Xã Tam Kim,22.606427,106.0179879,56,Moderate,1,29.6,57,0.0,6.6,135,976.6,12,9.2,9.6,166.0,1.8,88.0,3.7
2025-10-17 17:00:00,2025,10,17,17,Cao Bằng,Xã Tam Kim,22.606427,106.0179879,56,Moderate,1,27.7,69,0.0,5.5,122,976.5,5,10.9,11.2,206.0,7.5,78.0,4.5
2025-10-17 18:00:00,2025,10,17,18,Cao Bằng,Xã Tam Kim,22.606427,106.0179879,56,Moderate,1,25.8,75,0.0,3.5,159,976.6,2,13.5,13.8,258.0,15.3,63.0,5.8
2025-10-17 19:00:00,2025,10,17,19,Cao Bằng,Xã Tam Kim,22.606427,106.0179879,56,Moderate,1,25.2,82,0.0,3.1,225,977.5,15,19.4,19.8,286.0,22.1,49.0,8.4
2025-10-17 20:00:00,2025,10,17,20,Cao Bằng,Xã Tam Kim,22.606427,106.0179879,56,Moderate,1,24.3,86,0.0,1.3,254,978.3,10,20.8,21.2,267.0,23.0,47.0,9.0
2025-10-17 21:00:00,2025,10,17,21,Cao Bằng,Xã Tam Kim,22.606427,106.0179879,57,Moderate,1,23.5,89,0.0,1.9,241,978.5,7,21.8,22.2,225.0,24.2,44.0,9.8
2025-10-17 22:00:00,2025,10,17,22,Cao Bằng,Xã Tam Kim,22.606427,106.0179879,57,Moderate,1,23.3,88,0.0,0.4,243,978.9,16,23.7,24.2,191.0,25.2,41.0,10.4
2025-10-17 23:00:00,2025,10,17,23,Cao Bằng,Xã Tam Kim,22.606427,106.0179879,58,Moderate,1,23.4,85,0.0,1.1,261,979.2,10,25.4,25.8,178.0,26.0,39.0,10.6
2025-10-18 00:00:00,2025,10,18,0,Cao Bằng,Xã Tam Kim,22.606427,106.0179879,58,Moderate,1,23.3,85,0.0,1.5,291,979.0,2,26.5,27.0,173.0,26.6,36.0,10.6
2025-10-18 01:00:00,2025,10,18,1,Cao Bằng,Xã Tam Kim,22.606427,106.0179879,59,Moderate,1,23.0,85,0.0,1.1,279,978.6,16,27.0,27.3,171.0,26.7,33.0,10.3
2025-10-18 02:00:00,2025,10,18,2,Cao Bằng,Xã Tam Kim,22.606427,106.0179879,60,Moderate,1,22.9,86,0.1,1.1,288,978.3,91,27.0,27.3,166.0,26.2,28.0,9.5
2025-10-18 03:00:00,2025,10,18,3,Cao Bằng,Xã Tam Kim,22.606427,106.0179879,60,Moderate,1,22.5,87,0.0,0.7,256,978.2,89,26.6,26.9,164.0,25.1,22.0,8.3
2025-10-18 04:00:00,2025,10,18,4,Cao Bằng,Xã Tam Kim,22.606427,106.0179879,60,Moderate,1,22.0,88,0.0,2.3,274,977.8,20,25.9,26.2,177.0,23.5,20.0,7.2
2025-10-18 05:00:00,2025,10,18,5,Cao Bằng,Xã Tam Kim,22.606427,106.0179879,60,Moderate,1,21.7,88,0.0,1.8,281,978.0,20,25.1,25.4,226.0,21.4,21.0,6.2
2025-10-18 06:00:00,2025,10,18,6,Cao Bằng,Xã Tam Kim,22.606427,106.0179879,61,Moderate,1,21.4,88,0.0,1.1,279,978.4,1,25.0,25.3,290.0,18.7,26.0,5.4
2025-10-18 07:00:00,2025,10,18,7,Cao Bằng,Xã Tam Kim,22.606427,106.0179879,61,Moderate,1,23.1,83,0.0,1.7,229,979.1,1,29.5,29.7,325.0,18.9,46.0,8.7
2025-10-18 08:00:00,2025,10,18,8,Cao Bằng,Xã Tam Kim,22.606427,106.0179879,62,Moderate,1,24.5,82,0.0,0.6,56,980.1,2,19.2,19.4,301.0,13.7,65.0,9.6
2025-10-18 09:00:00,2025,10,18,9,Cao Bằng,Xã Tam Kim,22.606427,106.0179879,63,Moderate,1,26.6,76,0.0,1.8,24,980.8,0,17.2,17.5,248.0,6.5,92.0,10.8
2025-10-18 10:00:00,2025,10,18,10,Cao Bằng,Xã Tam Kim,22.606427,106.0179879,64,Moderate,1,28.5,65,0.0,2.7,48,980.6,5,14.3,14.5,205.0,1.3,112.0,11.1
2025-10-18 11:00:00,2025,10,18,11,Cao Bằng,Xã Tam Kim,22.606427,106.0179879,64,Moderate,1,29.5,60,0.0,4.0,95,979.7,9,13.1,13.2,188.0,0.0,118.0,9.7
2025-10-18 12:00:00,2025,10,18,12,Cao Bằng,Xã Tam Kim,22.606427,106.0179879,65,Moderate,1,30.1,56,0.0,4.8,121,978.9,19,12.4,12.5,182.0,0.3,117.0,7.5
2025-10-18 13:00:00,2025,10,18,13,Cao Bằng,Xã Tam Kim,22.606427,106.0179879,65,Moderate,1,30.6,54,0.1,4.6,132,977.8,16,12.3,12.4,177.0,0.9,114.0,5.6
2025-10-18 14:00:00,2025,10,18,14,Cao Bằng,Xã Tam Kim,22.606427,106.0179879,66,Moderate,1,30.8,53,0.0,3.3,131,977.0,7,11.7,11.8,167.0,0.6,113.0,4.6
2025-10-18 15:00:00,2025,10,18,15,Cao Bằng,Xã Tam Kim,22.606427,106.0179879,66,Moderate,1,30.6,53,0.0,4.0,126,976.3,6,11.3,11.4,159.0,0.5,112.0,3.9
2025-10-18 16:00:00,2025,10,18,16,Cao Bằng,Xã Tam Kim,22.606427,106.0179879,66,Moderate,1,29.9,58,0.0,5.0,134,975.9,7,11.0,11.0,165.0,1.7,105.0,3.6
2025-10-18 17:00:00,2025,10,18,17,Cao Bằng,Xã Tam Kim,22.606427,106.0179879,66,Moderate,1,28.1,70,0.0,3.9,133,976.1,5,12.2,12.3,196.0,5.7,90.0,3.7
2025-10-18 18:00:00,2025,10,18,18,Cao Bằng,Xã Tam Kim,22.606427,106.0179879,66,Moderate,1,26.0,74,0.0,5.6,132,976.6,10,14.0,14.1,241.0,11.2,69.0,4.2
2025-10-18 19:00:00,2025,10,18,19,Cao Bằng,Xã Tam Kim,22.606427,106.0179879,66,Moderate,1,25.7,74,0.0,5.3,156,976.9,20,11.6,11.8,274.0,15.6,53.0,4.9
2025-10-18 20:00:00,2025,10,18,20,Cao Bằng,Xã Tam Kim,22.606427,106.0179879,66,Moderate,1,25.1,79,0.0,3.1,159,978.1,14,13.0,13.2,284.0,16.8,49.0,5.1
2025-10-18 21:00:00,2025,10,18,21,Cao Bằng,Xã Tam Kim,22.606427,106.0179879,65,Moderate,1,24.3,83,0.0,3.5,215,978.7,11,13.9,14.1,283.0,18.3,43.0,5.4
2025-10-18 22:00:00,2025,10,18,22,Cao Bằng,Xã Tam Kim,22.606427,106.0179879,64,Moderate,1,24.2,83,0.0,1.4,293,979.1,9,14.2,14.4,278.0,19.0,38.0,5.4
2025-10-18 23:00:00,2025,10,18,23,Cao Bằng,Xã Tam Kim,22.606427,106.0179879,63,Moderate,1,23.5,84,0.0,1.3,326,979.0,5,14.8,15.0,268.0,18.2,35.0,5.0
2025-10-19 00:00:00,2025,10,19,0,Cao Bằng,Xã Tam Kim,22.606427,106.0179879,62,Moderate,1,23.0,86,0.0,1.5,291,978.9,8,15.3,15.5,254.0,16.6,32.0,4.3
2025-10-19 01:00:00,2025,10,19,1,Cao Bằng,Xã Tam Kim,22.606427,106.0179879,61,Moderate,1,22.3,89,0.0,1.2,231,978.2,49,15.4,15.7,246.0,14.7,31.0,3.8
2025-10-19 02:00:00,2025,10,19,2,Cao Bằng,Xã Tam Kim,22.606427,106.0179879,60,Moderate,1,22.3,91,0.2,2.1,121,978.1,54,15.9,16.1,246.0,12.5,32.0,3.5
2025-10-19 03:00:00,2025,10,19,3,Cao Bằng,Xã Tam Kim,22.606427,106.0179879,59,Moderate,1,22.3,92,0.0,1.8,307,977.9,100,14.1,14.3,252.0,10.2,35.0,3.4
2025-10-19 04:00:00,2025,10,19,4,Cao Bằng,Xã Tam Kim,22.606427,106.0179879,58,Moderate,1,21.9,93,0.1,3.1,291,978.0,100,13.0,13.2,266.0,8.5,37.0,3.3
2025-10-19 05:00:00,2025,10,19,5,Cao Bằng,Xã Tam Kim,22.606427,106.0179879,57,Moderate,1,22.0,93,0.2,4.7,286,978.6,85,12.9,13.0,296.0,8.4,37.0,3.4
2025-10-19 06:00:00,2025,10,19,6,Cao Bằng,Xã Tam Kim,22.606427,106.0179879,56,Moderate,1,22.1,93,0.1,0.9,360,979.3,96,12.4,12.5,333.0,9.0,36.0,3.5
2025-10-19 07:00:00,2025,10,19,7,Cao Bằng,Xã Tam Kim,22.606427,106.0179879,55,Moderate,1,23.0,89,0.3,4.3,294,979.6,82,11.1,11.1,356.0,8.8,42.0,3.5
2025-10-19 08:00:00,2025,10,19,8,Cao Bằng,Xã Tam Kim,22.606427,106.0179879,53,Moderate,1,24.3,85,0.1,4.5,293,980.4,39,10.1,10.2,352.0,6.8,57.0,3.1
2025-10-19 09:00:00,2025,10,19,9,Cao Bằng,Xã Tam Kim,22.606427,106.0179879,53,Moderate,1,26.0,74,0.1,3.3,338,981.0,30,7.1,7.1,334.0,4.0,79.0,2.6
2025-10-19 10:00:00,2025,10,19,10,Cao Bằng,Xã Tam Kim,22.606427,106.0179879,52,Moderate,1,27.3,70,0.0,3.5,21,980.9,91,7.7,7.7,318.0,1.9,94.0,2.1
2025-10-19 11:00:00,2025,10,19,11,Cao Bằng,Xã Tam Kim,22.606427,106.0179879,51,Moderate,1,28.0,66,0.1,5.4,90,980.0,97,9.7,9.7,311.0,1.3,97.0,1.8
2025-10-19 12:00:00,2025,10,19,12,Cao Bằng,Xã Tam Kim,22.606427,106.0179879,51,Moderate,1,24.2,88,1.5,8.7,354,979.3,63,11.3,11.4,307.0,1.4,94.0,1.5
2025-10-19 13:00:00,2025,10,19,13,Cao Bằng,Xã Tam Kim,22.606427,106.0179879,51,Moderate,1,26.5,74,0.2,8.9,306,978.3,36,12.8,12.9,302.0,1.6,92.0,1.3
2025-10-19 14:00:00,2025,10,19,14,Cao Bằng,Xã Tam Kim,22.606427,106.0179879,51,Moderate,1,27.8,65,0.0,6.4,324,977.4,19,15.8,15.8,293.0,1.1,95.0,1.2
2025-10-19 15:00:00,2025,10,19,15,Cao Bằng,Xã Tam Kim,22.606427,106.0179879,51,Moderate,1,28.6,64,0.0,2.7,360,977.1,73,15.6,15.7,283.0,0.7,100.0,1.2
2025-10-19 16:00:00,2025,10,19,16,Cao Bằng,Xã Tam Kim,22.606427,106.0179879,51,Moderate,1,25.6,83,1.1,4.7,277,977.6,69,16.7,16.8,282.0,1.7,98.0,1.4
2025-10-19 17:00:00,2025,10,19,17,Cao Bằng,Xã Tam Kim,22.606427,106.0179879,52,Moderate,1,24.1,84,0.2,7.8,263,977.7,60,19.2,19.3,298.0,5.6,85.0,1.9
2025-10-19 18:00:00,2025,10,19,18,Cao Bằng,Xã Tam Kim,22.606427,106.0179879,53,Moderate,1,22.9,90,0.1,6.9,276,977.6,38,22.0,22.1,322.0,10.9,65.0,2.6
2025-10-19 19:00:00,2025,10,19,19,Cao Bằng,Xã Tam Kim,22.606427,106.0179879,53,Moderate,1,23.4,93,0.1,4.5,310,978.5,47,20.3,20.3,340.0,12.8,50.0,3.2
2025-10-19 20:00:00,2025,10,19,20,Cao Bằng,Xã Tam Kim,22.606427,106.0179879,54,Moderate,1,23.5,90,0.0,5.9,313,979.2,77,19.4,19.4,346.0,12.3,47.0,3.1
2025-10-19 21:00:00,2025,10,19,21,Cao Bằng,Xã Tam Kim,22.606427,106.0179879,55,Moderate,1,22.9,90,0.0,7.7,311,980.0,78,18.9,18.9,346.0,11.5,43.0,3.1
2025-10-19 22:00:00,2025,10,19,22,Cao Bằng,Xã Tam Kim,22.606427,106.0179879,55,Moderate,1,22.0,95,0.2,6.9,309,979.8,68,18.7,18.7,343.0,10.5,41.0,3.0
2025-10-19 23:00:00,2025,10,19,23,Cao Bằng,Xã Tam Kim,22.606427,106.0179879,56,Moderate,1,21.6,95,0.1,5.4,307,980.1,64,18.9,18.9,334.0,8.9,44.0,2.9
2025-10-20 00:00:00,2025,10,20,0,Cao Bằng,Xã Tam Kim,22.606427,106.0179879,56,Moderate,1,21.4,95,0.3,3.6,303,980.1,39,19.7,19.7,322.0,7.0,48.0,2.9
2025-10-20 01:00:00,2025,10,20,1,Cao Bằng,Xã Tam Kim,22.606427,106.0179879,56,Moderate,1,21.2,97,0.0,6.0,280,979.2,45,21.7,21.7,319.0,5.7,50.0,2.9
2025-10-20 02:00:00,2025,10,20,2,Cao Bằng,Xã Tam Kim,22.606427,106.0179879,57,Moderate,1,21.5,96,0.0,2.3,270,979.0,65,21.4,21.4,334.0,5.5,46.0,2.9
2025-10-20 03:00:00,2025,10,20,3,Cao Bằng,Xã Tam Kim,22.606427,106.0179879,57,Moderate,1,21.6,93,0.0,1.4,310,978.9,57,20.7,20.7,358.0,5.9,39.0,3.0
2025-10-20 04:00:00,2025,10,20,4,Cao Bằng,Xã Tam Kim,22.606427,106.0179879,58,Moderate,1,20.8,94,0.0,3.5,345,978.9,42,19.9,19.9,375.0,6.2,34.0,3.2
2025-10-20 05:00:00,2025,10,20,5,Cao Bằng,Xã Tam Kim,22.606427,106.0179879,59,Moderate,1,20.7,94,0.0,4.2,353,979.7,38,19.1,19.1,377.0,6.5,31.0,3.6
2025-10-20 06:00:00,2025,10,20,6,Cao Bằng,Xã Tam Kim,22.606427,106.0179879,59,Moderate,1,20.2,94,0.0,4.7,344,980.5,34,18.5,18.5,373.0,6.8,29.0,4.1
2025-10-20 07:00:00,2025,10,20,7,Cao Bằng,Xã Tam Kim,22.606427,106.0179879,60,Moderate,1,22.2,97,0.0,3.5,28,980.9,42,14.7,14.7,367.0,6.5,32.0,4.5
2025-10-20 08:00:00,2025,10,20,8,Cao Bằng,Xã Tam Kim,22.606427,106.0179879,60,Moderate,1,23.0,83,0.0,3.0,327,981.8,27,11.5,11.6,364.0,5.1,45.0,4.8
2025-10-20 09:00:00,2025,10,20,9,Cao Bằng,Xã Tam Kim,22.606427,106.0179879,60,Moderate,1,24.7,70,0.0,5.9,360,982.2,41,8.6,8.7,360.0,3.2,63.0,5.2
2025-10-20 10:00:00,2025,10,20,10,Cao Bằng,Xã Tam Kim,22.606427,106.0179879,60,Moderate,1,26.1,62,0.0,9.4,30,982.1,36,7.3,7.4,352.0,1.7,77.0,5.2
2025-10-20 11:00:00,2025,10,20,11,Cao Bằng,Xã Tam Kim,22.606427,106.0179879,60,Moderate,1,27.6,52,0.0,10.2,46,980.9,77,7.2,7.2,335.0,1.2,83.0,4.4
2025-10-20 12:00:00,2025,10,20,12,Cao Bằng,Xã Tam Kim,22.606427,106.0179879,60,Moderate,1,28.0,50,0.0,11.6,44,979.7,87,7.7,7.7,312.0,1.2,86.0,3.1
2025-10-20 13:00:00,2025,10,20,13,Cao Bằng,Xã Tam Kim,22.606427,106.0179879,60,Moderate,1,28.0,50,0.0,11.3,39,979.0,85,8.4,8.4,295.0,1.3,87.0,2.1
2025-10-20 14:00:00,2025,10,20,14,Cao Bằng,Xã Tam Kim,22.606427,106.0179879,59,Moderate,1,27.9,51,0.0,11.3,34,978.2,38,9.0,9.0,284.0,1.2,89.0,1.6
2025-10-20 15:00:00,2025,10,20,15,Cao Bằng,Xã Tam Kim,22.606427,106.0179879,59,Moderate,1,28.0,48,0.0,12.2,37,977.5,38,9.5,9.5,278.0,1.2,90.0,1.5
2025-10-20 16:00:00,2025,10,20,16,Cao Bằng,Xã Tam Kim,22.606427,106.0179879,58,Moderate,1,26.9,54,0.0,10.5,53,977.6,34,9.8,9.8,281.0,1.7,88.0,1.5
2025-10-20 17:00:00,2025,10,20,17,Cao Bằng,Xã Tam Kim,22.606427,106.0179879,57,Moderate,1,24.9,62,0.0,8.5,65,978.0,83,10.4,10.4,303.0,3.2,81.0,1.8
2025-10-20 18:00:00,2025,10,20,18,Cao Bằng,Xã Tam Kim,22.606427,106.0179879,57,Moderate,1,23.0,70,0.0,4.4,63,978.3,44,10.9,10.9,334.0,5.3,72.0,2.4
2025-10-20 19:00:00,2025,10,20,19,Cao Bằng,Xã Tam Kim,22.606427,106.0179879,56,Moderate,1,23.1,71,0.0,3.3,49,979.9,34,16.8,16.8,351.0,4.6,67.0,2.2
2025-10-20 20:00:00,2025,10,20,20,Cao Bằng,Xã Tam Kim,22.606427,106.0179879,55,Moderate,1,22.7,70,0.0,1.3,360,980.8,31,17.0,17.0,339.0,4.6,66.0,2.5
2025-10-20 21:00:00,2025,10,20,21,Cao Bằng,Xã Tam Kim,22.606427,106.0179879,55,Moderate,1,21.6,75,0.0,4.0,309,981.2,27,16.9,16.9,312.0,4.5,64.0,3.0
2025-10-20 22:00:00,2025,10,20,22,Cao Bằng,Xã Tam Kim,22.606427,106.0179879,55,Moderate,1,20.8,78,0.0,5.9,310,981.7,21,16.6,16.6,292.0,4.4,62.0,3.6
2025-10-20 23:00:00,2025,10,20,23,Cao Bằng,Xã Tam Kim,22.606427,106.0179879,55,Moderate,1,20.2,79,0.0,6.6,319,982.0,28,16.1,16.1,287.0,4.1,62.0,4.4
2025-10-21 00:00:00,2025,10,21,0,Cao Bằng,Xã Tam Kim,22.606427,106.0179879,55,Moderate,1,20.0,78,0.0,7.6,333,982.3,35,15.5,15.5,289.0,3.6,62.0,5.4
2025-10-21 01:00:00,2025,10,21,1,Cao Bằng,Xã Tam Kim,22.606427,106.0179879,54,Moderate,1,20.1,78,0.0,7.5,336,981.8,35,14.9,14.9,288.0,3.3,61.0,6.0
2025-10-21 02:00:00,2025,10,21,2,Cao Bằng,Xã Tam Kim,22.606427,106.0179879,54,Moderate,1,19.9,78,0.0,6.6,319,981.2,30,14.4,14.4,280.0,3.3,59.0,6.0
2025-10-21 03:00:00,2025,10,21,3,Cao Bằng,Xã Tam Kim,22.606427,106.0179879,53,Moderate,1,19.4,79,0.0,6.9,315,981.3,27,13.9,13.9,270.0,3.4,56.0,5.7
2025-10-21 04:00:00,2025,10,21,4,Cao Bằng,Xã Tam Kim,22.606427,106.0179879,52,Moderate,1,19.1,77,0.0,7.8,316,981.1,34,13.4,13.4,265.0,3.5,53.0,5.5
2025-10-21 05:00:00,2025,10,21,5,Cao Bằng,Xã Tam Kim,22.606427,106.0179879,52,Moderate,1,18.7,74,0.0,7.4,309,981.6,41,13.1,13.1,271.0,3.8,50.0,5.5
2025-10-21 06:00:00,2025,10,21,6,Cao Bằng,Xã Tam Kim,22.606427,106.0179879,51,Moderate,1,18.4,72,0.0,8.5,298,982.1,33,13.1,13.1,281.0,4.1,47.0,5.5
2025-10-21 07:00:00,2025,10,21,7,Cao Bằng,Xã Tam Kim,22.606427,106.0179879,51,Moderate,1,20.2,71,0.0,8.4,315,982.3,27,14.0,14.1,288.0,4.4,47.0,5.6
2025-10-21 08:00:00,2025,10,21,8,Cao Bằng,Xã Tam Kim,22.606427,106.0179879,51,Moderate,1,22.0,59,0.0,9.0,323,983.2,19,13.5,13.5,287.0,3.5,54.0,5.1
2025-10-21 09:00:00,2025,10,21,9,Cao Bằng,Xã Tam Kim,22.606427,106.0179879,51,Moderate,1,23.3,55,0.0,10.1,4,983.9,14,12.6,12.6,281.0,2.3,63.0,4.4
2025-10-21 10:00:00,2025,10,21,10,Cao Bằng,Xã Tam Kim,22.606427,106.0179879,51,Moderate,1,24.7,51,0.0,13.1,23,984.1,23,11.5,11.5,274.0,1.4,71.0,3.8
2025-10-21 11:00:00,2025,10,21,11,Cao Bằng,Xã Tam Kim,22.606427,106.0179879,52,Moderate,1,25.2,48,0.0,14.7,25,983.5,30,10.7,10.7,263.0,1.1,76.0,3.3
2025-10-21 12:00:00,2025,10,21,12,Cao Bằng,Xã Tam Kim,22.606427,106.0179879,52,Moderate,1,25.9,46,0.0,16.0,23,982.7,25,10.4,10.4,249.0,1.0,79.0,2.8
2025-10-21 13:00:00,2025,10,21,13,Cao Bằng,Xã Tam Kim,22.606427,106.0179879,52,Moderate,1,26.4,45,0.0,17.3,17,981.8,78,10.4,10.4,241.0,1.1,82.0,2.4
2025-10-21 14:00:00,2025,10,21,14,Cao Bằng,Xã Tam Kim,22.606427,106.0179879,52,Moderate,1,25.9,47,0.0,17.6,24,980.6,23,10.5,10.5,242.0,1.1,84.0,2.1
2025-10-21 15:00:00,2025,10,21,15,Cao Bằng,Xã Tam Kim,22.606427,106.0179879,52,Moderate,1,25.4,49,0.0,17.0,23,980.3,27,10.6,10.6,248.0,1.2,86.0,2.0
2025-10-21 16:00:00,2025,10,21,16,Cao Bằng,Xã Tam Kim,22.606427,106.0179879,53,Moderate,1,24.4,53,0.0,13.4,15,980.8,23,10.7,10.7,255.0,1.5,86.0,2.0
2025-10-21 17:00:00,2025,10,21,17,Cao Bằng,Xã Tam Kim,22.606427,106.0179879,53,Moderate,1,22.9,57,0.0,9.0,16,980.6,20,10.9,10.9,261.0,2.4,83.0,2.3
2025-10-21 18:00:00,2025,10,21,18,Cao Bằng,Xã Tam Kim,22.606427,106.0179879,53,Moderate,1,21.0,64,0.0,5.4,21,981.2,15,10.9,10.9,267.0,3.5,78.0,2.8
2025-10-21 19:00:00,2025,10,21,19,Cao Bằng,Xã Tam Kim,22.606427,106.0179879,53,Moderate,1,20.3,68,0.0,4.7,353,982.2,37,14.4,14.4,272.0,3.2,66.0,3.4
2025-10-21 20:00:00,2025,10,21,20,Cao Bằng,Xã Tam Kim,22.606427,106.0179879,52,Moderate,1,20.0,68,0.0,6.0,343,983.1,42,14.6,14.6,276.0,3.2,65.0,3.7
2025-10-21 21:00:00,2025,10,21,21,Cao Bằng,Xã Tam Kim,22.606427,106.0179879,52,Moderate,1,19.6,68,0.0,7.2,347,983.6,34,14.0,14.1,278.0,3.1,63.0,4.2
2025-10-21 22:00:00,2025,10,21,22,Cao Bằng,Xã Tam Kim,22.606427,106.0179879,52,Moderate,1,19.7,65,0.0,10.8,349,983.7,85,13.2,13.2,276.0,3.1,61.0,4.6
2025-10-21 23:00:00,2025,10,21,23,Cao Bằng,Xã Tam Kim,22.606427,106.0179879,52,Moderate,1,19.6,62,0.0,10.1,349,983.7,94,12.5,12.5,266.0,3.1,60.0,4.8
2025-10-22 00:00:00,2025,10,22,0,Cao Bằng,Xã Tam Kim,22.606427,106.0179879,51,Moderate,1,18.7,63,0.0,8.1,343,983.9,100,11.6,11.6,252.0,3.0,58.0,4.9
2025-10-22 01:00:00,2025,10,22,1,Cao Bằng,Xã Tam Kim,22.606427,106.0179879,51,Moderate,1,18.9,64,0.0,11.2,334,982.8,98,10.8,10.8,242.0,3.0,57.0,4.9
2025-10-22 02:00:00,2025,10,22,2,Cao Bằng,Xã Tam Kim,22.606427,106.0179879,51,Moderate,1,19.2,61,0.0,10.3,327,982.3,73,10.0,10.0,238.0,3.1,56.0,4.9
2025-10-22 03:00:00,2025,10,22,3,Cao Bằng,Xã Tam Kim,22.606427,106.0179879,50,Good,0,18.5,62,0.0,6.0,333,982.4,100,9.1,9.1,237.0,3.2,54.0,4.9
2025-10-22 04:00:00,2025,10,22,4,Cao Bằng,Xã Tam Kim,22.606427,106.0179879,50,Good,0,18.5,64,0.0,3.7,47,983.3,100,8.3,8.3,242.0,3.3,53.0,4.8
2025-10-22 05:00:00,2025,10,22,5,Cao Bằng,Xã Tam Kim,22.606427,106.0179879,49,Good,0,18.3,59,0.0,8.5,2,983.7,96,7.6,7.6,257.0,3.6,52.0,4.7
2025-10-22 06:00:00,2025,10,22,6,Cao Bằng,Xã Tam Kim,22.606427,106.0179879,48,Good,0,17.8,59,0.0,11.6,341,983.9,59,7.1,7.1,277.0,3.8,50.0,4.7
2025-10-22 07:00:00,2025,10,22,7,Cao Bằng,Xã Tam Kim,22.606427,106.0179879,47,Good,0,18.2,62,0.0,10.2,353,985.1,90,6.5,6.5,289.0,3.6,53.0,4.6
2025-10-22 08:00:00,2025,10,22,8,Cao Bằng,Xã Tam Kim,22.606427,106.0179879,46,Good,0,19.6,56,0.0,11.6,341,985.2,100,6.6,6.7,286.0,3.0,59.0,4.3
2025-10-22 09:00:00,2025,10,22,9,Cao Bằng,Xã Tam Kim,22.606427,106.0179879,44,Good,0,21.0,53,0.0,10.6,9,985.9,99,6.8,6.8,275.0,2.2,68.0,3.8
2025-10-22 10:00:00,2025,10,22,10,Cao Bằng,Xã Tam Kim,22.606427,106.0179879,43,Good,0,22.5,49,0.0,11.7,20,985.9,95,7.1,7.2,260.0,1.5,75.0,3.3
2025-10-22 11:00:00,2025,10,22,11,Cao Bằng,Xã Tam Kim,22.606427,106.0179879,43,Good,0,23.6,47,0.0,11.6,32,985.0,93,7.4,7.5,238.0,1.1,80.0,2.9
2025-10-22 12:00:00,2025,10,22,12,Cao Bằng,Xã Tam Kim,22.606427,106.0179879,42,Good,0,24.8,45,0.0,12.7,32,983.6,99,7.6,7.7,212.0,0.9,84.0,2.4
2025-10-22 13:00:00,2025,10,22,13,Cao Bằng,Xã Tam Kim,22.606427,106.0179879,42,Good,0,25.4,43,0.0,14.1,39,982.5,99,7.7,7.8,192.0,0.8,87.0,2.1
2025-10-22 14:00:00,2025,10,22,14,Cao Bằng,Xã Tam Kim,22.606427,106.0179879,41,Good,0,25.1,44,0.0,16.6,54,982.0,89,7.5,7.6,182.0,0.6,88.0,1.8
2025-10-22 15:00:00,2025,10,22,15,Cao Bằng,Xã Tam Kim,22.606427,106.0179879,41,Good,0,25.8,42,0.0,13.2,31,981.7,61,6.9,7.0,178.0,0.5,87.0,1.7
2025-10-22 16:00:00,2025,10,22,16,Cao Bằng,Xã Tam Kim,22.606427,106.0179879,40,Good,0,23.9,49,0.0,13.9,46,982.0,36,6.9,7.0,179.0,1.2,84.0,1.7
2025-10-22 17:00:00,2025,10,22,17,Cao Bằng,Xã Tam Kim,22.606427,106.0179879,39,Good,0,22.0,55,0.0,10.1,46,982.3,16,7.8,7.9,188.0,3.4,76.0,2.1
2025-10-22 18:00:00,2025,10,22,18,Cao Bằng,Xã Tam Kim,22.606427,106.0179879,39,Good,0,19.8,62,0.0,7.0,46,982.3,9,8.8,8.8,202.0,6.3,66.0,2.7
2025-10-22 19:00:00,2025,10,22,19,Cao Bằng,Xã Tam Kim,22.606427,106.0179879,38,Good,0,20.0,59,0.0,10.8,15,983.1,13,12.5,12.6,212.0,3.9,67.0,2.1
2025-10-22 20:00:00,2025,10,22,20,Cao Bằng,Xã Tam Kim,22.606427,106.0179879,38,Good,0,18.9,64,0.0,5.5,9,984.0,24,12.8,12.9,211.0,4.0,65.0,2.4
2025-10-22 21:00:00,2025,10,22,21,Cao Bằng,Xã Tam Kim,22.606427,106.0179879,38,Good,0,18.4,66,0.0,5.4,354,984.0,12,13.0,13.0,206.0,4.2,62.0,2.8
2025-10-22 22:00:00,2025,10,22,22,Cao Bằng,Xã Tam Kim,22.606427,106.0179879,38,Good,0,18.0,66,0.0,6.2,22,984.4,16,12.8,12.9,203.0,4.4,59.0,3.1
2025-10-22 23:00:00,2025,10,22,23,Cao Bằng,Xã Tam Kim,22.606427,106.0179879,37,Good,0,17.5,69,0.0,4.6,18,984.5,28,12.7,12.7,207.0,4.8,55.0,3.1
2025-10-23 00:00:00,2025,10,23,0,Cao Bằng,Xã Tam Kim,22.606427,106.0179879,37,Good,0,17.4,68,0.0,1.7,49,984.7,55,12.6,12.6,213.0,5.2,50.0,2.9
2025-10-23 01:00:00,2025,10,23,1,Cao Bằng,Xã Tam Kim,22.606427,106.0179879,38,Good,0,16.9,71,0.0,5.0,341,983.9,35,12.4,12.5,216.0,5.3,47.0,2.8
2025-10-23 02:00:00,2025,10,23,2,Cao Bằng,Xã Tam Kim,22.606427,106.0179879,38,Good,0,17.3,69,0.0,4.2,348,983.8,100,12.3,12.4,211.0,4.9,49.0,2.9
2025-10-23 03:00:00,2025,10,23,3,Cao Bằng,Xã Tam Kim,22.606427,106.0179879,38,Good,0,17.6,66,0.0,4.9,343,983.9,100,12.4,12.5,202.0,4.1,53.0,3.0
2025-10-23 04:00:00,2025,10,23,4,Cao Bằng,Xã Tam Kim,22.606427,106.0179879,39,Good,0,17.9,61,0.0,7.0,348,984.2,100,12.4,12.5,200.0,3.6,56.0,3.1
2025-10-23 05:00:00,2025,10,23,5,Cao Bằng,Xã Tam Kim,22.606427,106.0179879,40,Good,0,17.9,59,0.0,9.1,353,984.6,100,12.7,12.7,210.0,3.6,57.0,3.2
2025-10-23 06:00:00,2025,10,23,6,Cao Bằng,Xã Tam Kim,22.606427,106.0179879,41,Good,0,17.7,60,0.0,7.9,359,985.1,100,12.4,12.5,226.0,3.9,58.0,3.3
2025-10-23 07:00:00,2025,10,23,7,Cao Bằng,Xã Tam Kim,22.606427,106.0179879,41,Good,0,17.4,77,0.0,5.8,353,985.8,99,12.5,12.7,237.0,3.8,60.0,3.2
2025-10-23 08:00:00,2025,10,23,8,Cao Bằng,Xã Tam Kim,22.606427,106.0179879,42,Good,0,18.2,69,0.0,5.8,356,986.6,100,11.9,12.1,236.0,3.5,62.0,3.1
2025-10-23 09:00:00,2025,10,23,9,Cao Bằng,Xã Tam Kim,22.606427,106.0179879,43,Good,0,18.4,63,0.0,7.8,355,986.8,100,11.3,11.4,230.0,3.1,64.0,3.0
2025-10-23 10:00:00,2025,10,23,10,Cao Bằng,Xã Tam Kim,22.606427,106.0179879,44,Good,0,18.9,60,0.0,6.7,8,986.7,100,10.8,11.0,224.0,2.6,67.0,2.9
2025-10-23 11:00:00,2025,10,23,11,Cao Bằng,Xã Tam Kim,22.606427,106.0179879,45,Good,0,19.8,58,0.0,8.0,16,985.8,100,10.2,10.4,220.0,2.1,72.0,2.7
2025-10-23 12:00:00,2025,10,23,12,Cao Bằng,Xã Tam Kim,22.606427,106.0179879,45,Good,0,21.0,53,0.0,7.7,28,984.6,99,10.0,10.2,217.0,1.6,77.0,2.5
2025-10-23 13:00:00,2025,10,23,13,Cao Bằng,Xã Tam Kim,22.606427,106.0179879,46,Good,0,21.0,56,0.0,6.7,24,984.4,100,9.9,10.1,217.0,1.3,81.0,2.4
2025-10-23 14:00:00,2025,10,23,14,Cao Bằng,Xã Tam Kim,22.606427,106.0179879,46,Good,0,21.4,57,0.0,6.3,27,983.4,100,9.9,10.1,219.0,1.1,84.0,2.3
2025-10-23 15:00:00,2025,10,23,15,Cao Bằng,Xã Tam Kim,22.606427,106.0179879,47,Good,0,21.2,60,0.0,5.2,88,982.8,100,9.9,10.1,224.0,1.1,86.0,2.3
2025-10-23 16:00:00,2025,10,23,16,Cao Bằng,Xã Tam Kim,22.606427,106.0179879,47,Good,0,20.0,69,0.0,7.8,148,982.8,100,9.9,10.2,233.0,1.9,84.0,2.4
2025-10-23 17:00:00,2025,10,23,17,Cao Bằng,Xã Tam Kim,22.606427,106.0179879,48,Good,0,18.9,76,0.0,7.4,176,982.6,100,10.2,10.4,253.0,4.3,77.0,2.7
2025-10-23 18:00:00,2025,10,23,18,Cao Bằng,Xã Tam Kim,22.606427,106.0179879,48,Good,0,18.1,80,0.4,8.0,196,982.7,90,10.9,11.0,277.0,7.5,66.0,3.2
2025-10-23 19:00:00,2025,10,23,19,Cao Bằng,Xã Tam Kim,22.606427,106.0179879,48,Good,0,19.9,73,0.0,2.0,27,983.8,100,11.2,11.3,293.0,7.6,54.0,2.3
2025-10-23 20:00:00,2025,10,23,20,Cao Bằng,Xã Tam Kim,22.606427,106.0179879,48,Good,0,19.3,80,0.1,2.2,336,984.3,100,11.4,11.6,294.0,7.0,54.0,2.3
2025-10-23 21:00:00,2025,10,23,21,Cao Bằng,Xã Tam Kim,22.606427,106.0179879,48,Good,0,18.8,81,0.1,2.2,265,985.0,100,11.8,12.0,286.0,6.3,54.0,2.3
2025-10-23 22:00:00,2025,10,23,22,Cao Bằng,Xã Tam Kim,22.606427,106.0179879,48,Good,0,18.2,88,0.4,2.4,261,985.3,100,12.5,12.7,277.0,5.6,54.0,2.3
2025-10-23 23:00:00,2025,10,23,23,Cao Bằng,Xã Tam Kim,22.606427,106.0179879,48,Good,0,17.8,92,0.2,2.9,263,985.2,98,12.9,13.1,267.0,5.2,53.0,2.3
2025-10-24 00:00:00,2025,10,24,0,Cao Bằng,Xã Tam Kim,22.606427,106.0179879,48,Good,0,17.9,89,0.0,2.0,270,984.8,100,13.2,13.4,254.0,4.9,52.0,2.2
2025-10-24 01:00:00,2025,10,24,1,Cao Bằng,Xã Tam Kim,22.606427,106.0179879,48,Good,0,18.7,83,0.0,1.8,276,984.5,100,13.4,13.6,243.0,4.6,51.0,2.2
2025-10-24 02:00:00,2025,10,24,2,Cao Bằng,Xã Tam Kim,22.606427,106.0179879,48,Good,0,18.8,83,0.0,0.3,135,984.0,100,13.6,13.9,231.0,4.3,50.0,2.2
2025-10-24 03:00:00,2025,10,24,3,Cao Bằng,Xã Tam Kim,22.606427,106.0179879,48,Good,0,18.7,84,0.0,0.5,360,984.0,100,14.0,14.2,220.0,4.0,50.0,2.3
2025-10-24 04:00:00,2025,10,24,4,Cao Bằng,Xã Tam Kim,22.606427,106.0179879,48,Good,0,18.0,90,0.0,4.6,334,983.9,100,14.4,14.6,218.0,4.1,49.0,2.5
2025-10-24 05:00:00,2025,10,24,5,Cao Bằng,Xã Tam Kim,22.606427,106.0179879,49,Good,0,17.7,90,0.0,5.7,323,983.9,100,14.9,15.1,233.0,5.0,46.0,2.8
2025-10-24 06:00:00,2025,10,24,6,Cao Bằng,Xã Tam Kim,22.606427,106.0179879,49,Good,0,17.5,89,0.0,6.5,337,984.6,100,15.6,15.8,257.0,6.2,44.0,3.1
2025-10-24 07:00:00,2025,10,24,7,Cao Bằng,Xã Tam Kim,22.606427,106.0179879,50,Good,0,18.3,86,0.0,6.6,349,985.2,100,16.6,16.9,273.0,4.9,52.0,3.7
2025-10-24 08:00:00,2025,10,24,8,Cao Bằng,Xã Tam Kim,22.606427,106.0179879,50,Good,0,18.5,79,0.0,6.8,343,985.5,100,17.3,17.6,271.0,4.5,54.0,3.9
2025-10-24 09:00:00,2025,10,24,9,Cao Bằng,Xã Tam Kim,22.606427,106.0179879,51,Moderate,1,18.8,72,0.0,7.3,324,986.1,100,17.0,17.3,259.0,4.0,58.0,4.1
2025-10-24 10:00:00,2025,10,24,10,Cao Bằng,Xã Tam Kim,22.606427,106.0179879,51,Moderate,1,20.0,64,0.0,6.6,338,986.2,100,16.1,16.4,250.0,3.5,61.0,4.2
2025-10-24 11:00:00,2025,10,24,11,Cao Bằng,Xã Tam Kim,22.606427,106.0179879,52,Moderate,1,20.3,64,0.0,5.3,350,985.2,100,15.6,15.8,246.0,3.2,63.0,4.1
2025-10-24 12:00:00,2025,10,24,12,Cao Bằng,Xã Tam Kim,22.606427,106.0179879,52,Moderate,1,21.9,59,0.0,6.0,21,984.0,100,15.4,15.6,244.0,3.0,65.0,3.9
2025-10-24 13:00:00,2025,10,24,13,Cao Bằng,Xã Tam Kim,22.606427,106.0179879,53,Moderate,1,22.2,57,0.0,8.4,35,982.9,100,15.3,15.5,242.0,2.9,67.0,3.7
2025-10-24 14:00:00,2025,10,24,14,Cao Bằng,Xã Tam Kim,22.606427,106.0179879,53,Moderate,1,22.4,56,0.0,6.1,60,982.0,100,15.1,15.4,237.0,2.6,69.0,3.5
2025-10-24 15:00:00,2025,10,24,15,Cao Bằng,Xã Tam Kim,22.606427,106.0179879,54,Moderate,1,22.1,58,0.0,4.3,90,981.5,100,15.6,15.8,232.0,2.4,72.0,3.4
2025-10-24 16:00:00,2025,10,24,16,Cao Bằng,Xã Tam Kim,22.606427,106.0179879,54,Moderate,1,21.7,65,0.0,3.8,131,981.3,99,15.7,15.9,241.0,3.2,70.0,3.3
2025-10-24 17:00:00,2025,10,24,17,Cao Bằng,Xã Tam Kim,22.606427,106.0179879,55,Moderate,1,20.9,74,0.0,2.8,153,981.4,100,16.2,16.5,275.0,6.0,62.0,3.5
2025-10-24 18:00:00,2025,10,24,18,Cao Bằng,Xã Tam Kim,22.606427,106.0179879,55,Moderate,1,20.4,72,0.0,2.2,132,981.5,100,17.1,17.3,323.0,9.7,50.0,3.7
2025-10-24 19:00:00,2025,10,24,19,Cao Bằng,Xã Tam Kim,22.606427,106.0179879,56,Moderate,1,20.8,70,0.0,0.8,63,982.4,100,19.0,19.2,359.0,11.7,41.0,3.9
2025-10-24 20:00:00,2025,10,24,20,Cao Bằng,Xã Tam Kim,22.606427,106.0179879,56,Moderate,1,20.2,75,0.1,1.4,113,982.5,98,18.9,19.2,377.0,11.1,40.0,3.8
2025-10-24 21:00:00,2025,10,24,21,Cao Bằng,Xã Tam Kim,22.606427,106.0179879,57,Moderate,1,19.9,77,0.0,0.4,90,982.8,97,18.8,19.0,383.0,10.3,38.0,3.7
2025-10-24 22:00:00,2025,10,24,22,Cao Bằng,Xã Tam Kim,22.606427,106.0179879,58,Moderate,1,19.5,78,0.0,0.0,270,982.7,100,18.7,19.0,377.0,9.6,37.0,3.6
2025-10-24 23:00:00,2025,10,24,23,Cao Bằng,Xã Tam Kim,22.606427,106.0179879,58,Moderate,1,19.6,79,0.0,0.2,180,982.7,100,18.6,18.8,352.0,9.1,36.0,3.5
2025-10-25 00:00:00,2025,10,25,0,Cao Bằng,Xã Tam Kim,22.606427,106.0179879,59,Moderate,1,19.5,79,0.0,0.3,225,982.5,100,18.4,18.6,314.0,8.7,34.0,3.3
2025-10-25 01:00:00,2025,10,25,1,Cao Bằng,Xã Tam Kim,22.606427,106.0179879,59,Moderate,1,19.1,82,0.0,1.8,276,982.0,98,18.3,18.5,280.0,8.3,33.0,3.2
2025-10-25 02:00:00,2025,10,25,2,Cao Bằng,Xã Tam Kim,22.606427,106.0179879,60,Moderate,1,18.5,82,0.0,3.6,307,981.7,100,18.3,18.5,251.0,7.8,32.0,3.1
2025-10-25 03:00:00,2025,10,25,3,Cao Bằng,Xã Tam Kim,22.606427,106.0179879,60,Moderate,1,18.8,80,0.0,3.7,317,981.5,100,18.3,18.6,226.0,7.3,31.0,3.1
2025-10-25 04:00:00,2025,10,25,4,Cao Bằng,Xã Tam Kim,22.606427,106.0179879,60,Moderate,1,18.7,80,0.0,2.4,306,981.3,100,18.3,18.6,218.0,6.9,31.0,3.1
2025-10-25 05:00:00,2025,10,25,5,Cao Bằng,Xã Tam Kim,22.606427,106.0179879,61,Moderate,1,18.5,80,0.0,3.1,298,981.2,100,18.3,18.6,244.0,7.0,31.0,3.2
2025-10-25 06:00:00,2025,10,25,6,Cao Bằng,Xã Tam Kim,22.606427,106.0179879,61,Moderate,1,18.5,80,0.0,3.3,299,981.7,100,18.5,18.7,287.0,7.2,31.0,3.5
2025-10-25 07:00:00,2025,10,25,7,Cao Bằng,Xã Tam Kim,22.606427,106.0179879,61,Moderate,1,19.6,78,0.0,2.2,294,982.9,100,14.6,14.8,314.0,7.8,33.0,4.2
2025-10-25 08:00:00,2025,10,25,8,Cao Bằng,Xã Tam Kim,22.606427,106.0179879,61,Moderate,1,20.1,71,0.0,2.2,275,983.3,100,15.9,16.2,304.0,6.4,44.0,5.1
2025-10-25 09:00:00,2025,10,25,9,Cao Bằng,Xã Tam Kim,22.606427,106.0179879,61,Moderate,1,20.9,67,0.0,1.6,270,983.9,100,18.0,18.3,277.0,4.4,59.0,6.3
2025-10-25 10:00:00,2025,10,25,10,Cao Bằng,Xã Tam Kim,22.606427,106.0179879,61,Moderate,1,21.7,63,0.0,1.9,292,984.1,100,19.5,19.8,257.0,2.9,71.0,7.0
2025-10-25 11:00:00,2025,10,25,11,Cao Bằng,Xã Tam Kim,22.606427,106.0179879,61,Moderate,1,22.7,62,0.0,2.5,4,983.5,100,19.6,19.8,255.0,2.2,78.0,6.6
2025-10-25 12:00:00,2025,10,25,12,Cao Bằng,Xã Tam Kim,22.606427,106.0179879,62,Moderate,1,23.5,59,0.0,2.6,25,982.4,100,19.7,20.0,261.0,1.9,82.0,5.6
2025-10-25 13:00:00,2025,10,25,13,Cao Bằng,Xã Tam Kim,22.606427,106.0179879,62,Moderate,1,24.3,56,0.0,2.4,54,981.9,100,21.3,21.6,265.0,1.8,85.0,4.7
2025-10-25 14:00:00,2025,10,25,14,Cao Bằng,Xã Tam Kim,22.606427,106.0179879,63,Moderate,1,24.0,58,0.0,3.3,13,980.9,100,23.1,23.5,262.0,1.4,87.0,4.2
2025-10-25 15:00:00,2025,10,25,15,Cao Bằng,Xã Tam Kim,22.606427,106.0179879,63,Moderate,1,24.4,56,0.0,4.4,12,980.4,100,24.0,24.4,258.0,1.2,87.0,3.8
2025-10-25 16:00:00,2025,10,25,16,Cao Bằng,Xã Tam Kim,22.606427,106.0179879,64,Moderate,1,24.0,60,0.0,3.3,319,980.3,86,24.4,24.7,262.0,2.7,83.0,3.8
2025-10-25 17:00:00,2025,10,25,17,Cao Bằng,Xã Tam Kim,22.606427,106.0179879,65,Moderate,1,22.0,72,0.0,7.3,286,980.0,73,26.1,26.4,286.0,7.6,71.0,4.4
2025-10-25 18:00:00,2025,10,25,18,Cao Bằng,Xã Tam Kim,22.606427,106.0179879,66,Moderate,1,20.8,74,0.0,7.6,273,980.2,91,28.2,28.5,319.0,14.1,55.0,5.4
2025-10-25 19:00:00,2025,10,25,19,Cao Bằng,Xã Tam Kim,22.606427,106.0179879,67,Moderate,1,20.7,78,0.0,3.2,289,981.2,87,29.8,30.2,337.0,18.0,38.0,5.4
2025-10-25 20:00:00,2025,10,25,20,Cao Bằng,Xã Tam Kim,22.606427,106.0179879,68,Moderate,1,20.5,79,0.0,2.6,321,982.0,45,30.7,31.0,325.0,18.9,33.0,5.4
2025-10-25 21:00:00,2025,10,25,21,Cao Bằng,Xã Tam Kim,22.606427,106.0179879,69,Moderate,1,20.3,80,0.0,1.7,347,982.6,100,30.6,30.7,298.0,20.0,27.0,5.4
2025-10-25 22:00:00,2025,10,25,22,Cao Bằng,Xã Tam Kim,22.606427,106.0179879,70,Moderate,1,20.1,82,0.0,1.4,360,982.6,100,30.0,30.3,276.0,20.2,23.0,5.3
2025-10-25 23:00:00,2025,10,25,23,Cao Bằng,Xã Tam Kim,22.606427,106.0179879,71,Moderate,1,20.0,84,0.0,2.0,27,982.5,100,29.1,29.3,269.0,18.7,22.0,5.1
2025-10-26 00:00:00,2025,10,26,0,Cao Bằng,Xã Tam Kim,22.606427,106.0179879,72,Moderate,1,19.2,88,0.0,2.3,39,982.1,100,28.3,28.5,267.0,16.3,24.0,4.8
2025-10-26 01:00:00,2025,10,26,1,Cao Bằng,Xã Tam Kim,22.606427,106.0179879,73,Moderate,1,19.1,90,0.0,2.2,9,982.0,98,27.6,27.7,267.0,14.0,25.0,4.6
2025-10-26 02:00:00,2025,10,26,2,Cao Bằng,Xã Tam Kim,22.606427,106.0179879,73,Moderate,1,18.7,92,0.0,3.3,347,981.6,90,27.2,27.4,266.0,12.2,26.0,4.6
2025-10-26 03:00:00,2025,10,26,3,Cao Bằng,Xã Tam Kim,22.606427,106.0179879,74,Moderate,1,18.7,90,0.0,5.0,334,981.5,97,27.0,27.1,267.0,10.5,27.0,4.6
2025-10-26 04:00:00,2025,10,26,4,Cao Bằng,Xã Tam Kim,22.606427,106.0179879,75,Moderate,1,18.6,88,0.0,6.2,324,981.2,100,26.6,26.8,272.0,9.2,29.0,4.7
2025-10-26 05:00:00,2025,10,26,5,Cao Bằng,Xã Tam Kim,22.606427,106.0179879,76,Moderate,1,18.2,88,0.0,5.9,320,981.3,100,26.3,26.4,288.0,8.7,30.0,4.9
2025-10-26 06:00:00,2025,10,26,6,Cao Bằng,Xã Tam Kim,22.606427,106.0179879,76,Moderate,1,18.2,87,0.0,4.2,310,981.7,99,26.1,26.2,308.0,8.6,31.0,5.1
2025-10-26 07:00:00,2025,10,26,7,Cao Bằng,Xã Tam Kim,22.606427,106.0179879,77,Moderate,1,19.6,81,0.0,3.4,313,982.7,100,16.5,16.6,318.0,7.8,37.0,6.2
2025-10-26 08:00:00,2025,10,26,8,Cao Bằng,Xã Tam Kim,22.606427,106.0179879,77,Moderate,1,21.3,69,0.0,0.6,56,983.6,98,15.9,16.0,307.0,5.9,50.0,6.3
2025-10-26 09:00:00,2025,10,26,9,Cao Bằng,Xã Tam Kim,22.606427,106.0179879,77,Moderate,1,22.2,63,0.0,1.2,153,984.1,100,13.8,13.9,286.0,3.4,68.0,6.5
2025-10-26 10:00:00,2025,10,26,10,Cao Bằng,Xã Tam Kim,22.606427,106.0179879,77,Moderate,1,23.1,61,0.0,2.0,117,984.2,100,11.5,11.6,269.0,1.5,81.0,6.3
2025-10-26 11:00:00,2025,10,26,11,Cao Bằng,Xã Tam Kim,22.606427,106.0179879,76,Moderate,1,24.7,57,0.0,0.2,180,983.2,36,10.2,10.3,260.0,1.1,84.0,5.6
2025-10-26 12:00:00,2025,10,26,12,Cao Bằng,Xã Tam Kim,22.606427,106.0179879,75,Moderate,1,25.9,56,0.0,3.9,233,981.9,94,10.8,10.9,255.0,1.3,82.0,4.5
2025-10-26 13:00:00,2025,10,26,13,Cao Bằng,Xã Tam Kim,22.606427,106.0179879,75,Moderate,1,26.3,52,0.0,3.7,215,980.8,91,12.4,12.5,253.0,1.7,80.0,3.7
2025-10-26 14:00:00,2025,10,26,14,Cao Bằng,Xã Tam Kim,22.606427,106.0179879,74,Moderate,1,26.6,50,0.0,2.6,155,980.0,92,13.4,13.4,250.0,1.5,81.0,3.3
2025-10-26 15:00:00,2025,10,26,15,Cao Bằng,Xã Tam Kim,22.606427,106.0179879,73,Moderate,1,26.6,51,0.0,3.1,100,979.6,100,13.3,13.4,250.0,1.4,82.0,3.0
2025-10-26 16:00:00,2025,10,26,16,Cao Bằng,Xã Tam Kim,22.606427,106.0179879,72,Moderate,1,26.1,56,0.0,2.3,157,979.4,100,13.7,13.8,260.0,2.6,79.0,3.0
2025-10-26 17:00:00,2025,10,26,17,Cao Bằng,Xã Tam Kim,22.606427,106.0179879,71,Moderate,1,24.8,69,0.0,2.5,176,979.5,100,14.6,14.6,287.0,6.5,69.0,3.4
2025-10-26 18:00:00,2025,10,26,18,Cao Bằng,Xã Tam Kim,22.606427,106.0179879,70,Moderate,1,23.1,70,0.0,4.5,127,980.0,99,15.9,15.9,325.0,11.8,54.0,3.9
2025-10-26 19:00:00,2025,10,26,19,Cao Bằng,Xã Tam Kim,22.606427,106.0179879,69,Moderate,1,22.0,76,0.0,2.4,77,982.1,90,18.3,18.3,353.0,12.4,45.0,4.2
2025-10-26 20:00:00,2025,10,26,20,Cao Bằng,Xã Tam Kim,22.606427,106.0179879,68,Moderate,1,21.5,79,0.0,2.4,117,982.9,100,18.9,18.9,367.0,13.5,39.0,4.2
2025-10-26 21:00:00,2025,10,26,21,Cao Bằng,Xã Tam Kim,22.606427,106.0179879,67,Moderate,1,21.1,80,0.0,1.4,180,983.3,96,18.9,19.0,372.0,14.9,31.0,4.1
2025-10-26 22:00:00,2025,10,26,22,Cao Bằng,Xã Tam Kim,22.606427,106.0179879,66,Moderate,1,20.5,82,0.0,0.0,270,983.3,41,18.9,18.9,369.0,15.4,26.0,4.0
2025-10-26 23:00:00,2025,10,26,23,Cao Bằng,Xã Tam Kim,22.606427,106.0179879,65,Moderate,1,19.7,85,0.0,0.3,315,983.3,15,18.4,18.4,355.0,14.3,25.0,3.8
2025-10-27 00:00:00,2025,10,27,0,Cao Bằng,Xã Tam Kim,22.606427,106.0179879,64,Moderate,1,18.8,88,0.0,2.7,307,983.2,15,17.5,17.5,334.0,12.3,26.0,3.5
2025-10-27 01:00:00,2025,10,27,1,Cao Bằng,Xã Tam Kim,22.606427,106.0179879,63,Moderate,1,17.6,90,0.0,6.8,323,983.0,20,16.9,16.9,315.0,10.5,28.0,3.3
2025-10-27 02:00:00,2025,10,27,2,Cao Bằng,Xã Tam Kim,22.606427,106.0179879,62,Moderate,1,17.1,86,0.0,7.6,322,982.7,37,16.6,16.6,299.0,9.1,30.0,3.3
2025-10-27 03:00:00,2025,10,27,3,Cao Bằng,Xã Tam Kim,22.606427,106.0179879,61,Moderate,1,17.5,81,0.0,6.4,308,982.6,58,16.4,16.5,286.0,7.8,32.0,3.4
2025-10-27 04:00:00,2025,10,27,4,Cao Bằng,Xã Tam Kim,22.606427,106.0179879,60,Moderate,1,17.2,80,0.0,4.6,283,982.2,100,16.3,16.3,283.0,7.1,33.0,3.5
2025-10-27 05:00:00,2025,10,27,5,Cao Bằng,Xã Tam Kim,22.606427,106.0179879,59,Moderate,1,17.3,78,0.0,4.4,279,982.5,100,16.2,16.3,303.0,7.4,32.0,3.7
2025-10-27 06:00:00,2025,10,27,6,Cao Bằng,Xã Tam Kim,22.606427,106.0179879,58,Moderate,1,17.6,75,0.0,4.8,290,983.3,100,16.4,16.4,333.0,8.2,30.0,3.9
2025-10-27 07:00:00,2025,10,27,7,Cao Bằng,Xã Tam Kim,22.606427,106.0179879,57,Moderate,1,18.6,73,0.0,4.7,293,984.3,100,7.9,7.9,349.0,8.9,30.0,4.1
2025-10-27 08:00:00,2025,10,27,8,Cao Bằng,Xã Tam Kim,22.606427,106.0179879,57,Moderate,1,20.4,64,0.0,4.7,298,984.9,100,7.7,7.8,335.0,6.8,44.0,4.7
2025-10-27 09:00:00,2025,10,27,9,Cao Bằng,Xã Tam Kim,22.606427,106.0179879,56,Moderate,1,21.7,56,0.0,6.4,328,985.1,100,7.9,7.9,307.0,4.0,63.0,5.5
2025-10-27 10:00:00,2025,10,27,10,Cao Bằng,Xã Tam Kim,22.606427,106.0179879,55,Moderate,1,22.7,54,0.0,6.0,350,985.0,98,8.2,8.2,282.0,1.8,79.0,5.8
2025-10-27 11:00:00,2025,10,27,11,Cao Bằng,Xã Tam Kim,22.606427,106.0179879,55,Moderate,1,23.8,53,0.0,5.8,7,984.0,87,8.1,8.1,268.0,1.0,87.0,5.3
2025-10-27 12:00:00,2025,10,27,12,Cao Bằng,Xã Tam Kim,22.606427,106.0179879,55,Moderate,1,25.2,48,0.0,5.3,18,982.6,37,7.7,7.7,258.0,0.9,91.0,4.5
2025-10-27 13:00:00,2025,10,27,13,Cao Bằng,Xã Tam Kim,22.606427,106.0179879,55,Moderate,1,26.6,46,0.0,7.7,25,981.6,100,7.3,7.3,249.0,1.0,93.0,3.7
2025-10-27 14:00:00,2025,10,27,14,Cao Bằng,Xã Tam Kim,22.606427,106.0179879,54,Moderate,1,26.2,47,0.0,3.9,22,980.6,89,6.6,6.6,238.0,0.6,93.0,3.1
2025-10-27 15:00:00,2025,10,27,15,Cao Bằng,Xã Tam Kim,22.606427,106.0179879,54,Moderate,1,26.4,47,0.0,2.7,23,980.1,87,6.7,6.7,228.0,0.3,92.0,2.6
2025-10-27 16:00:00,2025,10,27,16,Cao Bằng,Xã Tam Kim,22.606427,106.0179879,53,Moderate,1,25.7,57,0.0,3.3,283,979.7,95,7.2,7.2,227.0,1.9,86.0,2.5
2025-10-27 17:00:00,2025,10,27,17,Cao Bằng,Xã Tam Kim,22.606427,106.0179879,52,Moderate,1,23.8,67,0.0,5.6,266,979.8,47,8.4,8.4,241.0,7.0,74.0,3.2
2025-10-27 18:00:00,2025,10,27,18,Cao Bằng,Xã Tam Kim,22.606427,106.0179879,52,Moderate,1,23.1,67,0.0,0.5,180,980.4,79,10.7,10.7,264.0,13.9,59.0,4.3
2025-10-27 19:00:00,2025,10,27,19,Cao Bằng,Xã Tam Kim,22.606427,106.0179879,51,Moderate,1,21.6,73,0.0,1.7,139,980.9,46,16.8,16.8,286.0,17.0,41.0,4.2
2025-10-27 20:00:00,2025,10,27,20,Cao Bằng,Xã Tam Kim,22.606427,106.0179879,51,Moderate,1,20.6,78,0.0,0.6,162,982.0,20,18.2,18.2,307.0,18.5,35.0,4.3
2025-10-27 21:00:00,2025,10,27,21,Cao Bằng,Xã Tam Kim,22.606427,106.0179879,51,Moderate,1,19.6,81,0.0,2.5,266,982.4,14,19.0,19.0,327.0,20.5,26.0,4.5
2025-10-27 22:00:00,2025,10,27,22,Cao Bằng,Xã Tam Kim,22.606427,106.0179879,51,Moderate,1,18.7,83,0.0,3.9,294,982.3,40,19.3,19.3,334.0,21.4,20.0,4.4
2025-10-27 23:00:00,2025,10,27,23,Cao Bằng,Xã Tam Kim,22.606427,106.0179879,51,Moderate,1,18.2,83,0.0,4.8,304,982.6,41,18.9,18.9,318.0,20.2,17.0,3.9
2025-10-28 00:00:00,2025,10,28,0,Cao Bằng,Xã Tam Kim,22.606427,106.0179879,51,Moderate,1,17.5,84,0.0,4.1,315,982.6,50,18.3,18.3,290.0,17.9,17.0,3.1
2025-10-28 01:00:00,2025,10,28,1,Cao Bằng,Xã Tam Kim,22.606427,106.0179879,51,Moderate,1,17.2,86,0.0,2.1,290,982.2,85,17.9,18.0,271.0,15.7,17.0,2.5
2025-10-28 02:00:00,2025,10,28,2,Cao Bằng,Xã Tam Kim,22.606427,106.0179879,51,Moderate,1,17.2,85,0.0,3.3,299,982.2,98,17.6,17.6,270.0,13.8,17.0,2.2
2025-10-28 03:00:00,2025,10,28,3,Cao Bằng,Xã Tam Kim,22.606427,106.0179879,52,Moderate,1,16.8,85,0.0,3.2,308,982.3,99,17.1,17.1,278.0,12.1,18.0,2.0
2025-10-28 04:00:00,2025,10,28,4,Cao Bằng,Xã Tam Kim,22.606427,106.0179879,52,Moderate,1,16.5,87,0.0,2.8,305,982.5,76,16.3,16.4,293.0,10.7,19.0,1.9
2025-10-28 05:00:00,2025,10,28,5,Cao Bằng,Xã Tam Kim,22.606427,106.0179879,52,Moderate,1,16.1,88,0.0,2.9,292,982.6,92,16.1,16.2,322.0,10.3,17.0,2.0
2025-10-28 06:00:00,2025,10,28,6,Cao Bằng,Xã Tam Kim,22.606427,106.0179879,52,Moderate,1,15.6,90,0.0,3.5,298,983.2,93,16.5,16.5,357.0,10.3,16.0,2.2
2025-10-28 07:00:00,2025,10,28,7,Cao Bằng,Xã Tam Kim,22.606427,106.0179879,52,Moderate,1,17.9,85,0.0,3.8,301,983.8,91,7.2,7.2,376.0,9.4,26.0,2.8
2025-10-28 08:00:00,2025,10,28,8,Cao Bằng,Xã Tam Kim,22.606427,106.0179879,52,Moderate,1,20.7,73,0.0,2.3,309,984.4,52,4.1,4.3,365.0,7.0,45.0,3.3
2025-10-28 09:00:00,2025,10,28,9,Cao Bằng,Xã Tam Kim,22.606427,106.0179879,51,Moderate,1,22.6,58,0.0,4.1,331,984.4,85,4.2,4.3,337.0,3.8,71.0,3.9
2025-10-28 10:00:00,2025,10,28,10,Cao Bằng,Xã Tam Kim,22.606427,106.0179879,51,Moderate,1,23.9,57,0.0,3.8,352,984.2,91,4.3,4.4,314.0,1.4,91.0,4.2
2025-10-28 11:00:00,2025,10,28,11,Cao Bằng,Xã Tam Kim,22.606427,106.0179879,51,Moderate,1,25.3,51,0.0,1.6,354,982.9,77,4.3,4.4,302.0,0.6,99.0,3.9
2025-10-28 12:00:00,2025,10,28,12,Cao Bằng,Xã Tam Kim,22.606427,106.0179879,50,Good,0,26.9,45,0.0,2.8,45,981.8,96,4.9,5.0,294.0,0.7,101.0,3.3
2025-10-28 13:00:00,2025,10,28,13,Cao Bằng,Xã Tam Kim,22.606427,106.0179879,50,Good,0,27.4,42,0.0,4.8,48,980.6,92,5.6,5.7,289.0,1.0,101.0,2.9
2025-10-28 14:00:00,2025,10,28,14,Cao Bằng,Xã Tam Kim,22.606427,106.0179879,50,Good,0,27.3,42,0.0,1.4,130,979.7,100,6.2,6.3,285.0,0.8,103.0,2.7
2025-10-28 15:00:00,2025,10,28,15,Cao Bằng,Xã Tam Kim,22.606427,106.0179879,50,Good,0,27.1,44,0.0,2.6,164,979.4,77,6.8,6.9,283.0,0.8,104.0,2.6
2025-10-28 16:00:00,2025,10,28,16,Cao Bằng,Xã Tam Kim,22.606427,106.0179879,50,Good,0,25.9,55,0.0,4.4,171,979.2,73,7.3,7.4,290.0,2.1,100.0,2.8
2025-10-28 17:00:00,2025,10,28,17,Cao Bằng,Xã Tam Kim,22.606427,106.0179879,50,Good,0,23.5,59,0.0,9.4,150,979.4,13,8.9,9.0,309.0,6.1,87.0,3.3
2025-10-28 18:00:00,2025,10,28,18,Cao Bằng,Xã Tam Kim,22.606427,106.0179879,50,Good,0,21.4,64,0.0,5.4,180,979.7,41,10.7,10.8,335.0,11.5,68.0,4.1
2025-10-28 19:00:00,2025,10,28,19,Cao Bằng,Xã Tam Kim,22.606427,106.0179879,50,Good,0,20.4,71,0.0,4.2,192,980.4,59,18.2,18.4,364.0,14.8,51.0,4.4
2025-10-28 20:00:00,2025,10,28,20,Cao Bằng,Xã Tam Kim,22.606427,106.0179879,50,Good,0,20.2,73,0.0,3.6,160,981.5,41,18.6,18.7,399.0,15.7,47.0,4.7
2025-10-28 21:00:00,2025,10,28,21,Cao Bằng,Xã Tam Kim,22.606427,106.0179879,50,Good,0,19.3,79,0.0,3.0,155,981.7,66,18.8,18.9,437.0,17.0,42.0,5.2
2025-10-28 22:00:00,2025,10,28,22,Cao Bằng,Xã Tam Kim,22.606427,106.0179879,50,Good,0,18.9,80,0.0,1.3,225,981.7,91,19.3,19.4,457.0,18.3,37.0,5.6
2025-10-28 23:00:00,2025,10,28,23,Cao Bằng,Xã Tam Kim,22.606427,106.0179879,50,Good,0,18.4,82,0.0,1.5,300,981.3,95,19.9,20.0,446.0,19.5,35.0,6.0
2025-10-29 00:00:00,2025,10,29,0,Cao Bằng,Xã Tam Kim,22.606427,106.0179879,50,Good,0,17.7,84,0.0,3.1,306,981.2,78,20.5,20.7,418.0,20.7,34.0,6.3
2025-10-29 01:00:00,2025,10,29,1,Cao Bằng,Xã Tam Kim,22.606427,106.0179879,50,Good,0,17.5,86,0.0,1.7,288,980.8,66,21.0,21.1,392.0,21.3,32.0,6.4
2025-10-29 02:00:00,2025,10,29,2,Cao Bằng,Xã Tam Kim,22.606427,106.0179879,51,Moderate,1,17.6,86,0.0,0.9,259,980.4,90,21.1,21.2,370.0,21.0,28.0,6.0
2025-10-29 03:00:00,2025,10,29,3,Cao Bằng,Xã Tam Kim,22.606427,106.0179879,51,Moderate,1,17.3,86,0.0,2.7,270,980.2,95,20.8,21.0,350.0,20.0,24.0,5.2
2025-10-29 04:00:00,2025,10,29,4,Cao Bằng,Xã Tam Kim,22.606427,106.0179879,51,Moderate,1,18.1,81,0.0,4.5,286,980.6,100,20.2,20.3,353.0,18.8,22.0,4.7
2025-10-29 05:00:00,2025,10,29,5,Cao Bằng,Xã Tam Kim,22.606427,106.0179879,52,Moderate,1,17.6,83,0.0,2.6,286,980.8,100,19.5,19.6,402.0,17.7,20.0,4.4
2025-10-29 06:00:00,2025,10,29,6,Cao Bằng,Xã Tam Kim,22.606427,106.0179879,52,Moderate,1,17.3,82,0.0,2.1,290,981.3,100,19.6,19.7,473.0,16.4,21.0,4.3
2025-10-29 07:00:00,2025,10,29,7,Cao Bằng,Xã Tam Kim,22.606427,106.0179879,52,Moderate,1,18.7,77,0.0,2.9,270,982.2,86,25.3,25.4,518.0,14.0,29.0,4.5
2025-10-29 08:00:00,2025,10,29,8,Cao Bằng,Xã Tam Kim,22.606427,106.0179879,54,Moderate,1,20.5,71,0.0,0.8,207,982.7,61,19.3,19.4,509.0,10.3,53.0,5.2
2025-10-29 09:00:00,2025,10,29,9,Cao Bằng,Xã Tam Kim,22.606427,106.0179879,55,Moderate,1,22.4,63,0.0,0.0,270,983.0,75,15.8,15.8,474.0,5.1,86.0,6.1
2025-10-29 10:00:00,2025,10,29,10,Cao Bằng,Xã Tam Kim,22.606427,106.0179879,56,Moderate,1,23.7,56,0.0,1.4,140,982.9,100,15.3,15.4,442.0,1.4,110.0,6.6
2025-10-29 11:00:00,2025,10,29,11,Cao Bằng,Xã Tam Kim,22.606427,106.0179879,57,Moderate,1,24.7,54,0.0,2.6,146,981.7,99,15.3,15.4,421.0,0.4,115.0,6.3
2025-10-29 12:00:00,2025,10,29,12,Cao Bằng,Xã Tam Kim,22.606427,106.0179879,58,Moderate,1,25.7,48,0.0,2.3,141,980.5,84,15.9,16.0,404.0,0.7,111.0,5.7
2025-10-29 13:00:00,2025,10,29,13,Cao Bằng,Xã Tam Kim,22.606427,106.0179879,59,Moderate,1,26.2,45,0.0,5.2,149,979.9,100,17.5,17.5,395.0,1.3,106.0,5.1
2025-10-29 14:00:00,2025,10,29,14,Cao Bằng,Xã Tam Kim,22.606427,106.0179879,60,Moderate,1,26.7,46,0.0,9.0,136,978.9,100,18.7,18.8,396.0,1.3,104.0,4.7
2025-10-29 15:00:00,2025,10,29,15,Cao Bằng,Xã Tam Kim,22.606427,106.0179879,61,Moderate,1,27.1,47,0.0,9.0,137,978.0,98,19.5,19.6,405.0,1.6,101.0,4.3
2025-10-29 16:00:00,2025,10,29,16,Cao Bằng,Xã Tam Kim,22.606427,106.0179879,62,Moderate,1,25.6,57,0.0,9.4,148,978.1,100,20.1,20.2,427.0,3.1,95.0,4.2
2025-10-29 17:00:00,2025,10,29,17,Cao Bằng,Xã Tam Kim,22.606427,106.0179879,63,Moderate,1,23.7,67,0.0,5.6,147,978.3,97,21.9,22.1,473.0,7.1,82.0,4.7
2025-10-29 18:00:00,2025,10,29,18,Cao Bằng,Xã Tam Kim,22.606427,106.0179879,65,Moderate,1,21.5,75,0.0,3.4,186,978.5,100,23.8,23.9,532.0,12.4,67.0,5.5
2025-10-29 19:00:00,2025,10,29,19,Cao Bằng,Xã Tam Kim,22.606427,106.0179879,66,Moderate,1,20.6,82,0.0,3.5,195,979.1,91,20.6,20.6,566.0,10.0,66.0,5.2
2025-10-29 20:00:00,2025,10,29,20,Cao Bằng,Xã Tam Kim,22.606427,106.0179879,66,Moderate,1,20.6,82,0.0,3.6,183,980.3,38,21.7,21.7,554.0,10.7,61.0,5.3
2025-10-29 21:00:00,2025,10,29,21,Cao Bằng,Xã Tam Kim,22.606427,106.0179879,66,Moderate,1,20.5,83,0.0,1.5,234,980.8,68,22.2,22.3,518.0,11.8,53.0,5.4
2025-10-29 22:00:00,2025,10,29,22,Cao Bằng,Xã Tam Kim,22.606427,106.0179879,67,Moderate,1,20.8,82,0.0,1.7,302,981.2,100,22.8,22.8,491.0,12.4,47.0,5.4
2025-10-29 23:00:00,2025,10,29,23,Cao Bằng,Xã Tam Kim,22.606427,106.0179879,67,Moderate,1,20.9,82,0.0,4.1,319,981.0,92,22.8,22.9,488.0,12.4,44.0,5.2
2025-10-30 00:00:00,2025,10,30,0,Cao Bằng,Xã Tam Kim,22.606427,106.0179879,67,Moderate,1,20.9,82,0.0,1.2,243,980.6,100,22.9,22.9,494.0,12.0,42.0,5.0
2025-10-30 01:00:00,2025,10,30,1,Cao Bằng,Xã Tam Kim,22.606427,106.0179879,67,Moderate,1,20.5,84,0.0,4.9,190,980.6,100,22.9,22.9,496.0,11.5,41.0,4.8
2025-10-30 02:00:00,2025,10,30,2,Cao Bằng,Xã Tam Kim,22.606427,106.0179879,68,Moderate,1,20.8,86,0.2,1.9,236,980.3,100,23.2,23.2,483.0,10.9,40.0,4.7
2025-10-30 03:00:00,2025,10,30,3,Cao Bằng,Xã Tam Kim,22.606427,106.0179879,68,Moderate,1,20.6,87,0.2,1.5,330,980.3,100,23.2,23.2,466.0,10.2,40.0,4.6
2025-10-30 04:00:00,2025,10,30,4,Cao Bằng,Xã Tam Kim,22.606427,106.0179879,68,Moderate,1,20.3,89,0.0,3.3,331,980.2,100,23.5,23.5,466.0,9.5,42.0,4.7
2025-10-30 05:00:00,2025,10,30,5,Cao Bằng,Xã Tam Kim,22.606427,106.0179879,68,Moderate,1,19.9,90,0.0,5.1,309,980.2,98,24.0,24.0,507.0,9.0,46.0,5.2
2025-10-30 06:00:00,2025,10,30,6,Cao Bằng,Xã Tam Kim,22.606427,106.0179879,69,Moderate,1,19.4,90,0.0,3.1,277,980.7,99,24.7,24.7,564.0,8.5,52.0,6.0
2025-10-30 07:00:00,2025,10,30,7,Cao Bằng,Xã Tam Kim,22.606427,106.0179879,69,Moderate,1,20.8,89,0.0,2.7,184,981.7,100,19.6,19.7,585.0,9.2,37.0,4.9
2025-10-30 08:00:00,2025,10,30,8,Cao Bằng,Xã Tam Kim,22.606427,106.0179879,69,Moderate,1,21.4,85,0.0,3.1,263,982.1,100,20.4,20.4,532.0,7.0,59.0,5.6
2025-10-30 09:00:00,2025,10,30,9,Cao Bằng,Xã Tam Kim,22.606427,106.0179879,69,Moderate,1,22.2,80,0.0,2.1,255,982.7,100,19.5,19.5,443.0,4.0,88.0,6.6
2025-10-30 10:00:00,2025,10,30,10,Cao Bằng,Xã Tam Kim,22.606427,106.0179879,69,Moderate,1,24.0,71,0.0,3.5,171,982.7,100,18.3,18.3,372.0,1.8,109.0,7.1
2025-10-30 11:00:00,2025,10,30,11,Cao Bằng,Xã Tam Kim,22.606427,106.0179879,69,Moderate,1,25.1,67,0.0,5.8,150,981.8,100,15.0,15.0,340.0,1.2,112.0,6.6
2025-10-30 12:00:00,2025,10,30,12,Cao Bằng,Xã Tam Kim,22.606427,106.0179879,69,Moderate,1,26.1,64,0.0,5.7,145,980.9,92,13.3,13.3,326.0,1.5,106.0,5.6
2025-10-30 13:00:00,2025,10,30,13,Cao Bằng,Xã Tam Kim,22.606427,106.0179879,69,Moderate,1,26.4,64,0.0,7.4,119,980.2,87,15.4,15.5,324.0,1.9,100.0,4.9
2025-10-30 14:00:00,2025,10,30,14,Cao Bằng,Xã Tam Kim,22.606427,106.0179879,69,Moderate,1,26.0,65,0.0,9.2,118,979.8,100,17.1,17.1,324.0,2.1,97.0,4.7
2025-10-30 15:00:00,2025,10,30,15,Cao Bằng,Xã Tam Kim,22.606427,106.0179879,69,Moderate,1,25.1,68,0.0,8.7,120,979.7,100,26.5,26.6,336.0,2.4,95.0,4.8
2025-10-30 16:00:00,2025,10,30,16,Cao Bằng,Xã Tam Kim,22.606427,106.0179879,69,Moderate,1,24.5,72,0.0,7.8,142,979.8,100,27.8,27.9,388.0,3.5,89.0,5.0
2025-10-30 17:00:00,2025,10,30,17,Cao Bằng,Xã Tam Kim,22.606427,106.0179879,70,Moderate,1,23.6,78,0.0,6.7,164,980.1,100,26.3,26.3,516.0,6.1,78.0,5.3
2025-10-30 18:00:00,2025,10,30,18,Cao Bằng,Xã Tam Kim,22.606427,106.0179879,70,Moderate,1,22.6,82,0.0,7.2,193,980.6,100,27.1,27.2,684.0,9.5,63.0,5.7
2025-10-30 19:00:00,2025,10,30,19,Cao Bằng,Xã Tam Kim,22.606427,106.0179879,71,Moderate,1,22.9,86,0.0,3.1,201,981.3,99,41.6,41.7,809.0,11.9,54.0,6.5
2025-10-30 20:00:00,2025,10,30,20,Cao Bằng,Xã Tam Kim,22.606427,106.0179879,72,Moderate,1,22.4,88,0.0,6.1,178,982.0,99,40.7,40.9,855.0,12.2,49.0,6.3
2025-10-30 21:00:00,2025,10,30,21,Cao Bằng,Xã Tam Kim,22.606427,106.0179879,74,Moderate,1,21.9,91,0.0,6.0,183,982.2,97,40.3,40.4,858.0,12.5,43.0,6.1
2025-10-30 22:00:00,2025,10,30,22,Cao Bằng,Xã Tam Kim,22.606427,106.0179879,76,Moderate,1,21.4,93,0.0,5.5,197,982.4,92,39.7,39.8,841.0,12.6,38.0,5.9
2025-10-30 23:00:00,2025,10,30,23,Cao Bằng,Xã Tam Kim,22.606427,106.0179879,77,Moderate,1,21.4,93,0.0,2.3,241,982.0,91,39.0,39.1,809.0,12.3,36.0,5.7
2025-10-31 00:00:00,2025,10,31,0,Cao Bằng,Xã Tam Kim,22.606427,106.0179879,79,Moderate,1,20.8,93,0.0,2.1,232,981.4,98,38.5,38.6,757.0,11.8,35.0,5.4
2025-10-31 01:00:00,2025,10,31,1,Cao Bằng,Xã Tam Kim,22.606427,106.0179879,80,Moderate,1,21.3,92,0.0,1.2,297,981.2,98,38.1,38.1,694.0,11.2,34.0,5.2
2025-10-31 02:00:00,2025,10,31,2,Cao Bằng,Xã Tam Kim,22.606427,106.0179879,81,Moderate,1,21.0,95,0.0,1.9,343,980.9,100,36.9,37.0,611.0,10.3,34.0,4.9
2025-10-31 03:00:00,2025,10,31,3,Cao Bằng,Xã Tam Kim,22.606427,106.0179879,83,Moderate,1,21.1,95,0.0,1.1,270,980.6,100,35.5,35.5,517.0,9.1,34.0,4.5
2025-10-31 04:00:00,2025,10,31,4,Cao Bằng,Xã Tam Kim,22.606427,106.0179879,84,Moderate,1,21.2,94,0.3,1.0,225,980.8,100,33.9,33.9,448.0,8.4,35.0,4.4
2025-10-31 05:00:00,2025,10,31,5,Cao Bằng,Xã Tam Kim,22.606427,106.0179879,85,Moderate,1,21.1,94,0.8,0.6,198,981.5,100,32.2,32.4,427.0,8.5,35.0,4.5
2025-10-31 06:00:00,2025,10,31,6,Cao Bằng,Xã Tam Kim,22.606427,106.0179879,85,Moderate,1,21.3,93,1.3,0.2,180,982.2,100,31.0,31.1,432.0,8.9,34.0,4.8
2025-10-31 07:00:00,2025,10,31,7,Cao Bằng,Xã Tam Kim,22.606427,106.0179879,86,Moderate,1,21.6,94,0.9,0.7,270,982.8,100,28.9,29.0,432.0,9.3,33.0,4.7
2025-10-31 08:00:00,2025,10,31,8,Cao Bằng,Xã Tam Kim,22.606427,106.0179879,87,Moderate,1,21.6,95,0.0,0.0,270,983.3,100,28.1,28.2,415.0,7.6,43.0,5.6
2025-10-31 09:00:00,2025,10,31,9,Cao Bằng,Xã Tam Kim,22.606427,106.0179879,87,Moderate,1,21.9,91,0.1,2.1,329,983.9,99,24.0,24.0,393.0,5.3,57.0,6.8
2025-10-31 10:00:00,2025,10,31,10,Cao Bằng,Xã Tam Kim,22.606427,106.0179879,88,Moderate,1,22.7,82,0.0,1.7,311,983.9,100,21.2,21.2,376.0,3.4,69.0,7.6
2025-10-31 11:00:00,2025,10,31,11,Cao Bằng,Xã Tam Kim,22.606427,106.0179879,88,Moderate,1,23.6,73,0.0,0.7,90,982.9,100,18.9,19.0,367.0,2.5,77.0,7.5
2025-10-31 12:00:00,2025,10,31,12,Cao Bằng,Xã Tam Kim,22.606427,106.0179879,88,Moderate,1,24.1,69,0.0,1.7,139,981.6,100,16.3,16.3,363.0,2.0,83.0,7.0
2025-10-31 13:00:00,2025,10,31,13,Cao Bằng,Xã Tam Kim,22.606427,106.0179879,89,Moderate,1,23.8,72,0.0,0.5,180,981.5,100,15.3,15.3,361.0,1.9,87.0,6.5
2025-10-31 14:00:00,2025,10,31,14,Cao Bằng,Xã Tam Kim,22.606427,106.0179879,89,Moderate,1,23.6,74,0.1,3.9,164,980.8,88,14.3,14.3,359.0,2.0,89.0,6.1
2025-10-31 15:00:00,2025,10,31,15,Cao Bằng,Xã Tam Kim,22.606427,106.0179879,88,Moderate,1,23.9,69,0.0,4.7,152,980.1,76,13.1,13.2,360.0,2.4,88.0,5.8
2025-10-31 16:00:00,2025,10,31,16,Cao Bằng,Xã Tam Kim,22.606427,106.0179879,87,Moderate,1,23.7,69,0.0,6.4,155,980.1,73,12.7,12.8,366.0,3.5,85.0,5.6
2025-10-31 17:00:00,2025,10,31,17,Cao Bằng,Xã Tam Kim,22.606427,106.0179879,86,Moderate,1,22.6,73,0.0,6.4,172,980.8,100,12.7,12.7,386.0,5.8,77.0,5.7
2025-10-31 18:00:00,2025,10,31,18,Cao Bằng,Xã Tam Kim,22.606427,106.0179879,85,Moderate,1,21.8,75,0.0,6.7,194,981.4,100,13.0,13.0,411.0,8.8,67.0,5.8
2025-10-31 19:00:00,2025,10,31,19,Cao Bằng,Xã Tam Kim,22.606427,106.0179879,84,Moderate,1,21.4,82,0.0,6.9,173,982.4,100,20.0,20.1,426.0,12.3,47.0,6.1
2025-10-31 20:00:00,2025,10,31,20,Cao Bằng,Xã Tam Kim,22.606427,106.0179879,82,Moderate,1,20.9,80,0.0,7.9,196,982.7,100,19.3,19.4,420.0,11.6,47.0,5.9
2025-10-31 21:00:00,2025,10,31,21,Cao Bằng,Xã Tam Kim,22.606427,106.0179879,80,Moderate,1,20.5,80,0.0,6.2,201,982.9,100,19.0,19.1,404.0,10.5,46.0,5.5
2025-10-31 22:00:00,2025,10,31,22,Cao Bằng,Xã Tam Kim,22.606427,106.0179879,78,Moderate,1,20.2,80,0.0,6.9,194,983.4,100,18.4,18.5,387.0,9.5,46.0,5.2
2025-10-31 23:00:00,2025,10,31,23,Cao Bằng,Xã Tam Kim,22.606427,106.0179879,76,Moderate,1,19.9,82,0.1,6.4,220,983.4,100,17.6,17.6,374.0,8.6,47.0,4.9
2025-11-01 00:00:00,2025,11,1,0,Cao Bằng,Xã Tam Kim,22.606427,106.0179879,74,Moderate,1,19.4,88,0.1,5.2,224,983.1,100,17.3,17.3,360.0,7.7,48.0,4.6
2025-11-01 01:00:00,2025,11,1,1,Cao Bằng,Xã Tam Kim,22.606427,106.0179879,72,Moderate,1,20.1,88,0.1,2.2,265,982.7,100,17.5,17.6,349.0,6.9,49.0,4.3
2025-11-01 02:00:00,2025,11,1,2,Cao Bằng,Xã Tam Kim,22.606427,106.0179879,70,Moderate,1,19.8,95,1.2,2.8,255,982.1,100,18.3,18.4,338.0,6.1,51.0,4.1
2025-11-01 03:00:00,2025,11,1,3,Cao Bằng,Xã Tam Kim,22.606427,106.0179879,69,Moderate,1,19.9,95,1.0,1.9,241,981.9,100,19.6,19.7,329.0,5.5,52.0,4.0
2025-11-01 04:00:00,2025,11,1,4,Cao Bằng,Xã Tam Kim,22.606427,106.0179879,67,Moderate,1,20.3,91,1.0,1.3,16,982.2,100,20.7,20.8,330.0,5.1,53.0,3.9
2025-11-01 05:00:00,2025,11,1,5,Cao Bằng,Xã Tam Kim,22.606427,106.0179879,66,Moderate,1,19.5,94,0.2,4.9,358,982.4,100,21.2,21.2,350.0,5.3,52.0,4.0
2025-11-01 06:00:00,2025,11,1,6,Cao Bằng,Xã Tam Kim,22.606427,106.0179879,65,Moderate,1,19.5,89,0.0,3.1,24,983.4,100,21.3,21.4,381.0,5.8,49.0,4.1
2025-11-01 07:00:00,2025,11,1,7,Cao Bằng,Xã Tam Kim,22.606427,106.0179879,64,Moderate,1,19.3,91,0.0,4.1,2,984.0,100,18.7,18.8,400.0,7.4,44.0,4.2
2025-11-01 08:00:00,2025,11,1,8,Cao Bằng,Xã Tam Kim,22.606427,106.0179879,63,Moderate,1,18.8,95,0.2,3.2,34,984.5,100,18.5,18.6,398.0,6.6,47.0,4.3
2025-11-01 09:00:00,2025,11,1,9,Cao Bằng,Xã Tam Kim,22.606427,106.0179879,62,Moderate,1,19.3,88,0.0,1.5,45,984.6,99,17.3,17.4,385.0,5.5,52.0,4.4
2025-11-01 10:00:00,2025,11,1,10,Cao Bằng,Xã Tam Kim,22.606427,106.0179879,62,Moderate,1,20.3,82,0.0,0.6,72,984.8,100,15.7,15.8,372.0,4.6,57.0,4.5
2025-11-01 11:00:00,2025,11,1,11,Cao Bằng,Xã Tam Kim,22.606427,106.0179879,61,Moderate,1,21.1,69,0.0,2.9,360,983.9,95,14.2,14.3,363.0,4.0,61.0,4.4
2025-11-01 12:00:00,2025,11,1,12,Cao Bằng,Xã Tam Kim,22.606427,106.0179879,61,Moderate,1,22.2,63,0.0,4.2,18,982.8,99,12.7,12.8,355.0,3.5,65.0,4.2
2025-11-01 13:00:00,2025,11,1,13,Cao Bằng,Xã Tam Kim,22.606427,106.0179879,61,Moderate,1,21.4,68,0.0,4.2,7,982.3,100,12.0,12.0,350.0,3.1,68.0,4.0
2025-11-01 14:00:00,2025,11,1,14,Cao Bằng,Xã Tam Kim,22.606427,106.0179879,60,Moderate,1,21.1,72,0.1,3.9,127,981.5,100,11.6,11.6,349.0,2.6,72.0,3.7
2025-11-01 15:00:00,2025,11,1,15,Cao Bằng,Xã Tam Kim,22.606427,106.0179879,60,Moderate,1,20.8,72,0.0,7.2,155,980.8,99,11.0,11.1,351.0,2.3,76.0,3.4
2025-11-01 16:00:00,2025,11,1,16,Cao Bằng,Xã Tam Kim,22.606427,106.0179879,60,Moderate,1,20.2,73,0.0,8.0,170,980.7,98,10.9,10.9,356.0,2.9,76.0,3.3
2025-11-01 17:00:00,2025,11,1,17,Cao Bằng,Xã Tam Kim,22.606427,106.0179879,60,Moderate,1,19.7,75,0.0,5.0,178,980.9,97,12.0,12.0,367.0,5.3,69.0,3.7
2025-11-01 18:00:00,2025,11,1,18,Cao Bằng,Xã Tam Kim,22.606427,106.0179879,60,Moderate,1,19.3,78,0.0,4.3,182,981.6,100,13.2,13.2,380.0,8.7,57.0,4.3
2025-11-01 19:00:00,2025,11,1,19,Cao Bằng,Xã Tam Kim,22.606427,106.0179879,60,Moderate,1,20.0,77,0.0,5.4,172,982.1,100,17.5,17.6,393.0,12.8,41.0,4.6
2025-11-01 20:00:00,2025,11,1,20,Cao Bằng,Xã Tam Kim,22.606427,106.0179879,60,Moderate,1,19.6,78,0.0,5.4,176,982.9,100,17.9,17.9,404.0,12.0,42.0,4.7
2025-11-01 21:00:00,2025,11,1,21,Cao Bằng,Xã Tam Kim,22.606427,106.0179879,59,Moderate,1,19.4,79,0.0,3.8,183,983.2,100,18.2,18.3,414.0,10.8,42.0,4.8
2025-11-01 22:00:00,2025,11,1,22,Cao Bằng,Xã Tam Kim,22.606427,106.0179879,59,Moderate,1,19.0,82,0.1,4.2,190,983.7,100,18.5,18.5,417.0,9.7,43.0,4.8
2025-11-01 23:00:00,2025,11,1,23,Cao Bằng,Xã Tam Kim,22.606427,106.0179879,59,Moderate,1,18.6,86,0.2,3.5,215,983.6,100,18.9,18.9,410.0,9.0,43.0,4.7
2025-11-02 00:00:00,2025,11,2,0,Cao Bằng,Xã Tam Kim,22.606427,106.0179879,59,Moderate,1,18.0,92,0.1,3.9,233,983.2,100,19.0,19.1,397.0,8.4,43.0,4.6
2025-11-02 01:00:00,2025,11,2,1,Cao Bằng,Xã Tam Kim,22.606427,106.0179879,60,Moderate,1,18.8,87,0.1,2.4,261,982.9,100,18.7,18.8,382.0,7.8,43.0,4.5
2025-11-02 02:00:00,2025,11,2,2,Cao Bằng,Xã Tam Kim,22.606427,106.0179879,60,Moderate,1,18.7,90,0.0,2.5,300,982.2,100,18.3,18.4,361.0,7.1,43.0,4.4
2025-11-02 03:00:00,2025,11,2,3,Cao Bằng,Xã Tam Kim,22.606427,106.0179879,60,Moderate,1,18.8,88,0.0,2.5,300,981.5,100,18.0,18.1,338.0,6.4,43.0,4.2
2025-11-02 04:00:00,2025,11,2,4,Cao Bằng,Xã Tam Kim,22.606427,106.0179879,60,Moderate,1,19.2,84,0.0,1.2,333,981.9,100,17.8,17.9,326.0,6.1,43.0,4.2
2025-11-02 05:00:00,2025,11,2,5,Cao Bằng,Xã Tam Kim,22.606427,106.0179879,59,Moderate,1,19.3,83,0.0,1.5,30,982.1,100,18.0,18.1,338.0,6.7,41.0,4.3
2025-11-02 06:00:00,2025,11,2,6,Cao Bằng,Xã Tam Kim,22.606427,106.0179879,59,Moderate,1,19.1,81,0.0,2.2,355,982.8,100,18.4,18.5,362.0,7.6,39.0,4.5
2025-11-02 07:00:00,2025,11,2,7,Cao Bằng,Xã Tam Kim,22.606427,106.0179879,59,Moderate,1,19.4,81,0.0,1.3,315,983.9,100,14.7,14.8,377.0,7.2,44.0,4.8
2025-11-02 08:00:00,2025,11,2,8,Cao Bằng,Xã Tam Kim,22.606427,106.0179879,58,Moderate,1,19.4,84,0.1,2.3,274,984.5,100,15.4,15.5,372.0,6.2,50.0,4.9
2025-11-02 09:00:00,2025,11,2,9,Cao Bằng,Xã Tam Kim,22.606427,106.0179879,58,Moderate,1,19.3,82,0.1,2.8,252,984.9,100,15.6,15.8,357.0,4.7,58.0,5.1
2025-11-02 10:00:00,2025,11,2,10,Cao Bằng,Xã Tam Kim,22.606427,106.0179879,58,Moderate,1,20.6,75,0.2,3.4,313,985.2,100,15.0,15.2,344.0,3.6,65.0,5.1
2025-11-02 11:00:00,2025,11,2,11,Cao Bằng,Xã Tam Kim,22.606427,106.0179879,58,Moderate,1,20.7,73,0.2,8.7,5,984.1,97,14.1,14.4,337.0,3.0,69.0,4.7
2025-11-02 12:00:00,2025,11,2,12,Cao Bằng,Xã Tam Kim,22.606427,106.0179879,58,Moderate,1,21.8,63,0.0,8.7,13,983.1,80,13.1,13.4,332.0,2.7,71.0,4.2
2025-11-02 13:00:00,2025,11,2,13,Cao Bằng,Xã Tam Kim,22.606427,106.0179879,58,Moderate,1,21.6,61,0.0,8.6,31,982.6,100,12.5,12.9,329.0,2.6,73.0,3.8
2025-11-02 14:00:00,2025,11,2,14,Cao Bằng,Xã Tam Kim,22.606427,106.0179879,58,Moderate,1,21.7,60,0.0,8.4,50,981.8,100,12.1,12.5,329.0,2.7,74.0,3.6
2025-11-02 15:00:00,2025,11,2,15,Cao Bằng,Xã Tam Kim,22.606427,106.0179879,58,Moderate,1,20.8,68,0.1,5.0,88,981.9,100,11.7,12.0,331.0,2.9,74.0,3.5
2025-11-02 16:00:00,2025,11,2,16,Cao Bằng,Xã Tam Kim,22.606427,106.0179879,58,Moderate,1,20.0,77,0.2,3.8,131,982.3,100,11.9,12.1,336.0,3.5,72.0,3.5
2025-11-02 17:00:00,2025,11,2,17,Cao Bằng,Xã Tam Kim,22.606427,106.0179879,58,Moderate,1,19.1,88,0.0,1.2,153,982.6,100,12.3,12.5,349.0,4.7,67.0,3.6
2025-11-02 18:00:00,2025,11,2,18,Cao Bằng,Xã Tam Kim,22.606427,106.0179879,58,Moderate,1,18.9,82,0.0,4.6,11,983.0,100,12.5,12.7,365.0,6.3,61.0,3.8
2025-11-02 19:00:00,2025,11,2,19,Cao Bằng,Xã Tam Kim,22.606427,106.0179879,58,Moderate,1,19.2,75,0.0,6.0,353,983.8,100,15.8,16.1,364.0,7.1,58.0,4.1
2025-11-02 20:00:00,2025,11,2,20,Cao Bằng,Xã Tam Kim,22.606427,106.0179879,58,Moderate,1,18.9,72,0.1,7.0,337,984.6,100,15.4,15.7,333.0,7.1,56.0,4.1
2025-11-02 21:00:00,2025,11,2,21,Cao Bằng,Xã Tam Kim,22.606427,106.0179879,58,Moderate,1,18.6,70,0.1,7.8,326,984.7,100,14.8,15.1,285.0,7.0,53.0,4.0
2025-11-02 22:00:00,2025,11,2,22,Cao Bằng,Xã Tam Kim,22.606427,106.0179879,57,Moderate,1,18.1,73,0.0,7.2,321,985.0,100,13.9,14.1,247.0,6.8,52.0,3.9
2025-11-02 23:00:00,2025,11,2,23,Cao Bằng,Xã Tam Kim,22.606427,106.0179879,57,Moderate,1,18.1,73,0.0,5.8,324,984.5,100,12.5,12.8,229.0,6.2,53.0,3.7
2025-11-03 00:00:00,2025,11,3,0,Cao Bằng,Xã Tam Kim,22.606427,106.0179879,57,Moderate,1,17.9,74,0.0,4.5,326,983.9,100,11.2,11.5,220.0,5.5,55.0,3.4
2025-11-03 01:00:00,2025,11,3,1,Cao Bằng,Xã Tam Kim,22.606427,106.0179879,56,Moderate,1,18.2,76,0.0,6.4,338,983.5,100,10.0,10.3,211.0,4.8,57.0,3.2
2025-11-03 02:00:00,2025,11,3,2,Cao Bằng,Xã Tam Kim,22.606427,106.0179879,55,Moderate,1,17.8,78,0.0,5.9,333,982.9,100,9.0,9.3,198.0,4.3,59.0,3.0
2025-11-03 03:00:00,2025,11,3,3,Cao Bằng,Xã Tam Kim,22.606427,106.0179879,54,Moderate,1,17.5,78,0.1,7.1,324,982.6,100,8.1,8.4,186.0,3.8,60.0,2.8
2025-11-03 04:00:00,2025,11,3,4,Cao Bằng,Xã Tam Kim,22.606427,106.0179879,53,Moderate,1,17.5,76,0.0,6.9,319,982.6,100,7.3,7.6,179.0,3.6,61.0,2.7
2025-11-03 05:00:00,2025,11,3,5,Cao Bằng,Xã Tam Kim,22.606427,106.0179879,52,Moderate,1,17.5,72,0.0,7.5,323,983.1,100,6.9,7.1,182.0,3.8,61.0,2.8
2025-11-03 06:00:00,2025,11,3,6,Cao Bằng,Xã Tam Kim,22.606427,106.0179879,51,Moderate,1,17.5,71,0.0,5.9,322,983.8,100,6.6,6.9,190.0,4.2,61.0,2.9
2025-11-03 07:00:00,2025,11,3,7,Cao Bằng,Xã Tam Kim,22.606427,106.0179879,50,Good,0,16.8,85,0.0,7.5,307,984.3,100,7.6,7.8,195.0,4.4,60.0,2.9
2025-11-03 08:00:00,2025,11,3,8,Cao Bằng,Xã Tam Kim,22.606427,106.0179879,50,Good,0,17.7,77,0.0,6.2,322,984.8,100,6.7,7.0,194.0,3.8,65.0,2.8
2025-11-03 09:00:00,2025,11,3,9,Cao Bằng,Xã Tam Kim,22.606427,106.0179879,48,Good,0,18.8,69,0.0,6.2,343,985.4,100,6.0,6.3,190.0,3.0,71.0,2.7
2025-11-03 10:00:00,2025,11,3,10,Cao Bằng,Xã Tam Kim,22.606427,106.0179879,46,Good,0,20.4,61,0.0,9.9,25,985.6,100,6.1,6.3,189.0,2.4,76.0,2.6
2025-11-03 11:00:00,2025,11,3,11,Cao Bằng,Xã Tam Kim,22.606427,106.0179879,45,Good,0,20.6,59,0.0,9.2,47,984.9,100,6.2,6.5,194.0,2.3,77.0,2.5
2025-11-03 12:00:00,2025,11,3,12,Cao Bằng,Xã Tam Kim,22.606427,106.0179879,43,Good,0,19.4,71,0.7,6.8,88,984.1,100,6.6,6.8,201.0,2.5,76.0,2.4
2025-11-03 13:00:00,2025,11,3,13,Cao Bằng,Xã Tam Kim,22.606427,106.0179879,42,Good,0,18.7,87,0.8,2.0,185,983.5,100,7.0,7.2,207.0,2.8,74.0,2.4
2025-11-03 14:00:00,2025,11,3,14,Cao Bằng,Xã Tam Kim,22.606427,106.0179879,41,Good,0,18.4,83,0.1,3.2,183,982.7,100,7.4,7.6,208.0,3.3,72.0,2.5
2025-11-03 15:00:00,2025,11,3,15,Cao Bằng,Xã Tam Kim,22.606427,106.0179879,41,Good,0,18.8,80,0.0,1.5,234,982.3,100,7.7,7.9,207.0,4.0,69.0,2.8
2025-11-03 16:00:00,2025,11,3,16,Cao Bằng,Xã Tam Kim,22.606427,106.0179879,40,Good,0,18.7,80,0.0,2.8,252,982.0,100,8.1,8.3,214.0,4.9,66.0,3.0
2025-11-03 17:00:00,2025,11,3,17,Cao Bằng,Xã Tam Kim,22.606427,106.0179879,39,Good,0,18.3,86,0.0,2.1,239,982.1,100,8.5,8.7,237.0,6.2,61.0,3.2
2025-11-03 18:00:00,2025,11,3,18,Cao Bằng,Xã Tam Kim,22.606427,106.0179879,39,Good,0,18.0,87,0.0,2.2,275,982.0,100,8.8,8.9,268.0,7.7,56.0,3.4
2025-11-03 19:00:00,2025,11,3,19,Cao Bằng,Xã Tam Kim,22.606427,106.0179879,38,Good,0,17.4,85,0.0,5.0,291,982.7,100,10.0,10.1,285.0,10.6,46.0,3.5
2025-11-03 20:00:00,2025,11,3,20,Cao Bằng,Xã Tam Kim,22.606427,106.0179879,37,Good,0,17.7,84,0.0,2.0,297,983.3,100,10.0,10.1,277.0,9.7,47.0,3.4
2025-11-03 21:00:00,2025,11,3,21,Cao Bằng,Xã Tam Kim,22.606427,106.0179879,36,Good,0,17.8,81,0.0,2.5,330,983.5,100,10.0,10.1,255.0,8.5,48.0,3.2
2025-11-03 22:00:00,2025,11,3,22,Cao Bằng,Xã Tam Kim,22.606427,106.0179879,35,Good,0,17.8,78,0.0,2.3,328,983.7,100,9.9,10.0,236.0,7.4,49.0,3.1
2025-11-03 23:00:00,2025,11,3,23,Cao Bằng,Xã Tam Kim,22.606427,106.0179879,34,Good,0,17.6,78,0.0,3.2,322,983.8,100,9.5,9.5,225.0,6.4,50.0,3.0
2025-11-04 00:00:00,2025,11,4,0,Cao Bằng,Xã Tam Kim,22.606427,106.0179879,34,Good,0,17.3,75,0.0,6.7,322,983.3,100,8.5,8.6,218.0,5.5,51.0,2.8
2025-11-04 01:00:00,2025,11,4,1,Cao Bằng,Xã Tam Kim,22.606427,106.0179879,33,Good,0,16.9,80,0.0,7.3,312,983.1,100,7.6,7.7,212.0,4.8,52.0,2.7
2025-11-04 02:00:00,2025,11,4,2,Cao Bằng,Xã Tam Kim,22.606427,106.0179879,33,Good,0,16.8,79,0.0,7.3,312,982.9,100,6.7,6.7,209.0,4.3,52.0,2.6
2025-11-04 03:00:00,2025,11,4,3,Cao Bằng,Xã Tam Kim,22.606427,106.0179879,33,Good,0,16.8,75,0.0,7.3,312,982.5,100,5.7,5.8,208.0,4.0,51.0,2.4
2025-11-04 04:00:00,2025,11,4,4,Cao Bằng,Xã Tam Kim,22.606427,106.0179879,32,Good,0,16.6,75,0.0,5.6,299,982.2,100,4.8,4.8,208.0,3.9,51.0,2.4
2025-11-04 05:00:00,2025,11,4,5,Cao Bằng,Xã Tam Kim,22.606427,106.0179879,32,Good,0,16.5,75,0.0,5.7,311,982.4,100,4.0,4.0,209.0,4.1,51.0,2.5
2025-11-04 06:00:00,2025,11,4,6,Cao Bằng,Xã Tam Kim,22.606427,106.0179879,31,Good,0,16.3,76,0.1,7.0,318,983.0,100,3.5,3.5,211.0,4.4,53.0,2.6
2025-11-04 07:00:00,2025,11,4,7,Cao Bằng,Xã Tam Kim,22.606427,106.0179879,31,Good,0,16.4,82,0.0,7.4,313,984.0,100,3.0,3.0,211.0,5.3,52.0,3.1
2025-11-04 08:00:00,2025,11,4,8,Cao Bằng,Xã Tam Kim,22.606427,106.0179879,30,Good,0,16.5,80,0.3,7.8,314,984.5,100,2.4,2.4,208.0,4.7,56.0,3.2
2025-11-04 09:00:00,2025,11,4,9,Cao Bằng,Xã Tam Kim,22.606427,106.0179879,29,Good,0,16.1,91,0.9,7.6,308,985.1,100,2.3,2.4,204.0,4.0,61.0,3.3
2025-11-04 10:00:00,2025,11,4,10,Cao Bằng,Xã Tam Kim,22.606427,106.0179879,29,Good,0,16.1,93,0.6,6.2,311,985.0,100,2.3,2.3,202.0,3.3,65.0,3.4
2025-11-04 11:00:00,2025,11,4,11,Cao Bằng,Xã Tam Kim,22.606427,106.0179879,28,Good,0,17.0,87,0.2,3.1,291,984.2,100,2.4,2.4,204.0,2.9,68.0,3.3
2025-11-04 12:00:00,2025,11,4,12,Cao Bằng,Xã Tam Kim,22.606427,106.0179879,27,Good,0,17.8,83,0.0,0.2,180,982.9,98,2.4,2.4,207.0,2.5,70.0,3.1
2025-11-04 13:00:00,2025,11,4,13,Cao Bằng,Xã Tam Kim,22.606427,106.0179879,28,Good,0,19.5,68,0.0,1.7,13,982.1,73,2.5,2.5,212.0,2.4,72.0,2.9
2025-11-04 14:00:00,2025,11,4,14,Cao Bằng,Xã Tam Kim,22.606427,106.0179879,29,Good,0,19.8,67,0.0,1.8,90,981.3,79,2.7,2.7,214.0,2.2,74.0,2.8
2025-11-04 15:00:00,2025,11,4,15,Cao Bằng,Xã Tam Kim,22.606427,106.0179879,30,Good,0,20.6,65,0.0,1.1,90,980.4,38,2.8,2.9,217.0,2.1,75.0,2.7
2025-11-04 16:00:00,2025,11,4,16,Cao Bằng,Xã Tam Kim,22.606427,106.0179879,31,Good,0,21.0,63,0.0,4.5,130,980.0,29,3.1,3.1,229.0,3.2,72.0,2.8
2025-11-04 17:00:00,2025,11,4,17,Cao Bằng,Xã Tam Kim,22.606427,106.0179879,32,Good,0,19.3,73,0.0,8.3,169,979.9,27,3.9,3.9,259.0,6.5,62.0,3.1
2025-11-04 18:00:00,2025,11,4,18,Cao Bằng,Xã Tam Kim,22.606427,106.0179879,32,Good,0,17.7,77,0.0,7.0,183,980.0,34,5.3,5.3,297.0,10.9,49.0,3.5
2025-11-04 19:00:00,2025,11,4,19,Cao Bằng,Xã Tam Kim,22.606427,106.0179879,31,Good,0,17.5,83,0.0,6.7,207,980.9,70,6.1,6.1,323.0,9.1,47.0,3.2
2025-11-04 20:00:00,2025,11,4,20,Cao Bằng,Xã Tam Kim,22.606427,106.0179879,30,Good,0,17.6,82,0.0,6.0,201,981.0,52,6.4,6.4,326.0,9.5,44.0,3.2
2025-11-04 21:00:00,2025,11,4,21,Cao Bằng,Xã Tam Kim,22.606427,106.0179879,29,Good,0,17.4,83,0.0,5.9,223,981.3,55,6.8,6.8,316.0,10.1,39.0,3.2
2025-11-04 22:00:00,2025,11,4,22,Cao Bằng,Xã Tam Kim,22.606427,106.0179879,27,Good,0,17.2,85,0.0,3.3,241,981.1,99,7.1,7.1,311.0,10.7,34.0,3.2
2025-11-04 23:00:00,2025,11,4,23,Cao Bằng,Xã Tam Kim,22.606427,106.0179879,24,Good,0,17.4,86,0.0,1.9,221,981.1,100,7.6,7.6,319.0,11.1,30.0,3.0
2025-11-05 00:00:00,2025,11,5,0,Cao Bằng,Xã Tam Kim,22.606427,106.0179879,22,Good,0,17.4,84,0.0,4.6,193,980.8,100,7.5,7.5,330.0,11.4,26.0,2.8
2025-11-05 01:00:00,2025,11,5,1,Cao Bằng,Xã Tam Kim,22.606427,106.0179879,19,Good,0,17.9,86,0.0,5.9,178,980.5,100,7.5,7.5,332.0,11.8,22.0,2.6
2025-11-05 02:00:00,2025,11,5,2,Cao Bằng,Xã Tam Kim,22.606427,106.0179879,19,Good,0,17.6,85,0.0,5.5,197,980.0,100,7.7,7.7,312.0,12.5,18.0,2.4
2025-11-05 03:00:00,2025,11,5,3,Cao Bằng,Xã Tam Kim,22.606427,106.0179879,19,Good,0,17.6,84,0.0,5.5,207,979.6,100,8.1,8.1,283.0,13.3,14.0,2.1
2025-11-05 04:00:00,2025,11,5,4,Cao Bằng,Xã Tam Kim,22.606427,106.0179879,19,Good,0,17.5,85,0.0,4.1,214,979.2,100,8.5,8.5,267.0,13.7,12.0,2.1
2025-11-05 05:00:00,2025,11,5,5,Cao Bằng,Xã Tam Kim,22.606427,106.0179879,20,Good,0,17.4,85,0.0,4.4,215,979.3,100,8.8,8.8,281.0,13.8,11.0,2.4
2025-11-05 06:00:00,2025,11,5,6,Cao Bằng,Xã Tam Kim,22.606427,106.0179879,21,Good,0,17.0,88,0.0,3.5,215,979.7,89,9.6,9.6,308.0,13.5,12.0,2.8
2025-11-05 07:00:00,2025,11,5,7,Cao Bằng,Xã Tam Kim,22.606427,106.0179879,22,Good,0,17.8,82,0.0,2.7,247,980.3,100,9.2,9.2,320.0,9.2,29.0,3.8
2025-11-05 08:00:00,2025,11,5,8,Cao Bằng,Xã Tam Kim,22.606427,106.0179879,23,Good,0,18.7,75,0.0,0.5,225,980.5,100,8.9,8.9,302.0,7.3,43.0,3.8
2025-11-05 09:00:00,2025,11,5,9,Cao Bằng,Xã Tam Kim,22.606427,106.0179879,24,Good,0,19.6,72,0.0,1.9,131,981.1,100,8.5,8.5,269.0,4.7,62.0,3.8
2025-11-05 10:00:00,2025,11,5,10,Cao Bằng,Xã Tam Kim,22.606427,106.0179879,25,Good,0,20.1,70,0.0,1.9,124,980.8,99,7.9,8.0,242.0,2.7,77.0,3.7
2025-11-05 11:00:00,2025,11,5,11,Cao Bằng,Xã Tam Kim,22.606427,106.0179879,26,Good,0,21.2,65,0.0,1.9,112,979.9,100,7.5,7.6,230.0,1.8,85.0,3.3
2025-11-05 12:00:00,2025,11,5,12,Cao Bằng,Xã Tam Kim,22.606427,106.0179879,27,Good,0,22.1,62,0.0,2.5,111,978.7,96,6.9,6.9,224.0,1.5,90.0,2.8
2025-11-05 13:00:00,2025,11,5,13,Cao Bằng,Xã Tam Kim,22.606427,106.0179879,28,Good,0,22.6,62,0.0,3.8,115,977.8,99,7.0,7.0,222.0,1.4,93.0,2.4
2025-11-05 14:00:00,2025,11,5,14,Cao Bằng,Xã Tam Kim,22.606427,106.0179879,29,Good,0,23.4,61,0.0,4.5,127,976.8,98,7.6,7.6,218.0,1.2,95.0,2.1
2025-11-05 15:00:00,2025,11,5,15,Cao Bằng,Xã Tam Kim,22.606427,106.0179879,33,Good,0,23.3,63,0.0,5.8,129,976.2,93,8.2,8.2,217.0,1.3,95.0,1.8
2025-11-05 16:00:00,2025,11,5,16,Cao Bằng,Xã Tam Kim,22.606427,106.0179879,37,Good,0,22.9,66,0.0,5.5,126,976.1,42,8.7,8.7,230.0,2.3,91.0,1.8
2025-11-05 17:00:00,2025,11,5,17,Cao Bằng,Xã Tam Kim,22.606427,106.0179879,40,Good,0,21.5,74,0.0,6.2,111,975.8,18,9.7,9.8,270.0,5.1,80.0,2.2
2025-11-05 18:00:00,2025,11,5,18,Cao Bằng,Xã Tam Kim,22.606427,106.0179879,41,Good,0,19.9,80,0.0,7.6,135,975.7,8,10.9,10.9,324.0,8.9,66.0,2.9
2025-11-05 19:00:00,2025,11,5,19,Cao Bằng,Xã Tam Kim,22.606427,106.0179879,40,Good,0,19.4,84,0.0,6.4,151,976.9,26,20.9,21.0,362.0,11.2,56.0,3.9
2025-11-05 20:00:00,2025,11,5,20,Cao Bằng,Xã Tam Kim,22.606427,106.0179879,39,Good,0,19.2,86,0.0,4.4,159,977.4,21,20.8,20.8,370.0,10.7,55.0,4.2
2025-11-05 21:00:00,2025,11,5,21,Cao Bằng,Xã Tam Kim,22.606427,106.0179879,39,Good,0,18.6,89,0.0,2.6,141,977.5,24,20.7,20.8,363.0,9.9,53.0,4.6
2025-11-05 22:00:00,2025,11,5,22,Cao Bằng,Xã Tam Kim,22.606427,106.0179879,41,Good,0,18.5,90,0.0,2.5,135,978.1,23,20.5,20.7,357.0,9.3,51.0,4.8
2025-11-05 23:00:00,2025,11,5,23,Cao Bằng,Xã Tam Kim,22.606427,106.0179879,43,Good,0,17.8,91,0.0,3.0,142,978.2,29,20.5,20.6,359.0,8.9,49.0,4.8
2025-11-06 00:00:00,2025,11,6,0,Cao Bằng,Xã Tam Kim,22.606427,106.0179879,46,Good,0,17.9,92,0.0,1.1,72,977.8,100,20.5,20.7,361.0,8.6,48.0,4.6
2025-11-06 01:00:00,2025,11,6,1,Cao Bằng,Xã Tam Kim,22.606427,106.0179879,48,Good,0,18.6,91,0.0,1.9,56,977.6,100,20.5,20.7,357.0,8.5,45.0,4.3
2025-11-06 02:00:00,2025,11,6,2,Cao Bằng,Xã Tam Kim,22.606427,106.0179879,50,Good,0,18.6,91,0.0,2.4,73,977.0,96,20.5,20.6,336.0,8.5,41.0,3.9
2025-11-06 03:00:00,2025,11,6,3,Cao Bằng,Xã Tam Kim,22.606427,106.0179879,51,Moderate,1,18.6,91,0.0,1.9,112,976.7,91,20.7,20.8,308.0,8.6,35.0,3.4
2025-11-06 04:00:00,2025,11,6,4,Cao Bằng,Xã Tam Kim,22.606427,106.0179879,52,Moderate,1,18.3,93,0.0,1.7,103,976.7,42,20.6,20.7,297.0,9.0,31.0,3.1
2025-11-06 05:00:00,2025,11,6,5,Cao Bằng,Xã Tam Kim,22.606427,106.0179879,53,Moderate,1,18.2,94,0.0,1.3,90,976.8,25,20.7,20.7,324.0,10.2,26.0,3.1
2025-11-06 06:00:00,2025,11,6,6,Cao Bằng,Xã Tam Kim,22.606427,106.0179879,54,Moderate,1,18.0,93,0.0,0.8,27,977.0,23,21.2,21.3,368.0,11.6,21.0,3.2
2025-11-06 07:00:00,2025,11,6,7,Cao Bằng,Xã Tam Kim,22.606427,106.0179879,55,Moderate,1,18.5,90,0.0,2.1,149,977.9,2,8.0,8.0,386.0,9.9,32.0,3.7
2025-11-06 08:00:00,2025,11,6,8,Cao Bằng,Xã Tam Kim,22.606427,106.0179879,55,Moderate,1,20.1,82,0.0,3.3,99,978.3,29,8.2,8.3,350.0,7.9,46.0,4.0
2025-11-06 09:00:00,2025,11,6,9,Cao Bằng,Xã Tam Kim,22.606427,106.0179879,55,Moderate,1,22.4,74,0.0,3.9,103,978.8,69,7.7,7.7,288.0,5.3,66.0,4.4
2025-11-06 10:00:00,2025,11,6,10,Cao Bằng,Xã Tam Kim,22.606427,106.0179879,55,Moderate,1,24.7,67,0.0,7.6,118,979.1,100,6.4,6.4,242.0,3.2,81.0,4.6
2025-11-06 11:00:00,2025,11,6,11,Cao Bằng,Xã Tam Kim,22.606427,106.0179879,55,Moderate,1,25.2,66,0.0,9.7,118,978.1,100,6.2,6.2,229.0,2.4,87.0,4.3
2025-11-06 12:00:00,2025,11,6,12,Cao Bằng,Xã Tam Kim,22.606427,106.0179879,55,Moderate,1,25.9,67,0.1,11.0,145,977.1,98,7.7,7.7,232.0,2.2,88.0,3.8
2025-11-06 13:00:00,2025,11,6,13,Cao Bằng,Xã Tam Kim,22.606427,106.0179879,55,Moderate,1,25.8,66,0.0,13.0,151,976.4,100,9.7,9.7,236.0,2.3,89.0,3.7
2025-11-06 14:00:00,2025,11,6,14,Cao Bằng,Xã Tam Kim,22.606427,106.0179879,55,Moderate,1,25.3,67,0.0,12.8,140,975.6,100,12.6,12.7,233.0,2.3,91.0,4.2
2025-11-06 15:00:00,2025,11,6,15,Cao Bằng,Xã Tam Kim,22.606427,106.0179879,56,Moderate,1,25.0,69,0.0,11.8,129,975.1,100,15.3,15.3,231.0,2.6,92.0,5.0
2025-11-06 16:00:00,2025,11,6,16,Cao Bằng,Xã Tam Kim,22.606427,106.0179879,56,Moderate,1,24.1,73,0.0,12.5,120,975.1,100,17.5,17.6,244.0,3.6,90.0,6.1
2025-11-06 17:00:00,2025,11,6,17,Cao Bằng,Xã Tam Kim,22.606427,106.0179879,57,Moderate,1,23.0,79,0.0,9.3,114,975.0,99,19.4,19.6,283.0,5.8,82.0,7.6
2025-11-06 18:00:00,2025,11,6,18,Cao Bằng,Xã Tam Kim,22.606427,106.0179879,58,Moderate,1,22.1,83,0.0,6.8,119,975.3,92,22.7,22.9,335.0,8.8,71.0,9.3
2025-11-06 19:00:00,2025,11,6,19,Cao Bằng,Xã Tam Kim,22.606427,106.0179879,59,Moderate,1,21.3,90,0.0,5.4,120,976.3,63,27.3,27.4,378.0,12.6,64.0,11.5
2025-11-06 20:00:00,2025,11,6,20,Cao Bằng,Xã Tam Kim,22.606427,106.0179879,60,Moderate,1,20.4,93,0.0,4.7,130,976.9,27,28.6,28.9,405.0,13.5,59.0,12.8
2025-11-06 21:00:00,2025,11,6,21,Cao Bằng,Xã Tam Kim,22.606427,106.0179879,60,Moderate,1,20.3,93,0.0,2.7,148,977.2,70,29.7,29.9,423.0,14.7,51.0,14.6
2025-11-06 22:00:00,2025,11,6,22,Cao Bằng,Xã Tam Kim,22.606427,106.0179879,61,Moderate,1,20.2,94,0.0,0.7,166,977.7,12,30.7,31.1,423.0,15.8,44.0,15.7
2025-11-06 23:00:00,2025,11,6,23,Cao Bằng,Xã Tam Kim,22.606427,106.0179879,62,Moderate,1,19.5,96,0.0,0.2,270,977.6,9,31.8,32.1,395.0,16.8,38.0,15.3
2025-11-07 00:00:00,2025,11,7,0,Cao Bằng,Xã Tam Kim,22.606427,106.0179879,63,Moderate,1,19.0,97,0.0,0.3,225,977.5,24,35.2,35.5,349.0,17.7,32.0,14.2
2025-11-07 01:00:00,2025,11,7,1,Cao Bằng,Xã Tam Kim,22.606427,106.0179879,64,Moderate,1,18.7,100,0.0,0.7,256,976.8,100,37.1,37.5,310.0,17.7,28.0,13.1
2025-11-07 02:00:00,2025,11,7,2,Cao Bằng,Xã Tam Kim,22.606427,106.0179879,66,Moderate,1,18.8,99,0.0,1.7,238,976.4,100,38.5,38.8,282.0,16.1,28.0,12.3
2025-11-07 03:00:00,2025,11,7,3,Cao Bằng,Xã Tam Kim,22.606427,106.0179879,67,Moderate,1,18.8,99,0.0,2.7,203,976.3,100,38.0,38.2,260.0,13.5,30.0,11.6
2025-11-07 04:00:00,2025,11,7,4,Cao Bằng,Xã Tam Kim,22.606427,106.0179879,69,Moderate,1,19.1,99,0.0,2.7,188,976.6,100,35.2,35.4,259.0,11.2,34.0,11.1
2025-11-07 05:00:00,2025,11,7,5,Cao Bằng,Xã Tam Kim,22.606427,106.0179879,70,Moderate,1,19.1,100,0.0,3.3,202,977.0,100,32.9,33.2,301.0,9.6,40.0,11.1
2025-11-07 06:00:00,2025,11,7,6,Cao Bằng,Xã Tam Kim,22.606427,106.0179879,71,Moderate,1,19.1,100,0.0,3.6,210,977.8,100,32.1,32.5,363.0,8.2,47.0,11.3
2025-11-07 07:00:00,2025,11,7,7,Cao Bằng,Xã Tam Kim,22.606427,106.0179879,72,Moderate,1,19.2,96,0.0,3.1,249,978.2,100,35.2,35.4,393.0,12.0,28.0,8.6
2025-11-07 08:00:00,2025,11,7,8,Cao Bằng,Xã Tam Kim,22.606427,106.0179879,75,Moderate,1,20.5,91,0.0,3.1,298,978.8,100,30.0,30.3,354.0,10.0,40.0,8.7
2025-11-07 09:00:00,2025,11,7,9,Cao Bằng,Xã Tam Kim,22.606427,106.0179879,77,Moderate,1,21.3,88,0.0,4.0,291,979.2,100,23.6,23.7,283.0,7.1,55.0,8.8
2025-11-07 10:00:00,2025,11,7,10,Cao Bằng,Xã Tam Kim,22.606427,106.0179879,78,Moderate,1,23.7,76,0.0,1.5,256,979.5,100,18.9,19.0,231.0,4.8,68.0,8.5
2025-11-07 11:00:00,2025,11,7,11,Cao Bằng,Xã Tam Kim,22.606427,106.0179879,79,Moderate,1,23.8,75,0.0,3.7,235,978.8,100,15.8,16.0,223.0,3.5,74.0,7.5
2025-11-07 12:00:00,2025,11,7,12,Cao Bằng,Xã Tam Kim,22.606427,106.0179879,80,Moderate,1,24.5,71,0.0,3.6,217,977.8,100,13.4,13.6,235.0,2.7,76.0,6.0
2025-11-07 13:00:00,2025,11,7,13,Cao Bằng,Xã Tam Kim,22.606427,106.0179879,80,Moderate,1,24.7,72,0.0,2.4,216,977.1,100,12.3,12.6,249.0,2.4,77.0,5.0
2025-11-07 14:00:00,2025,11,7,14,Cao Bằng,Xã Tam Kim,22.606427,106.0179879,81,Moderate,1,24.2,80,0.2,2.4,243,976.4,100,14.0,14.3,259.0,2.3,77.0,4.6
2025-11-07 15:00:00,2025,11,7,15,Cao Bằng,Xã Tam Kim,22.606427,106.0179879,81,Moderate,1,24.1,82,0.1,4.6,257,975.9,94,15.5,15.8,270.0,2.6,76.0,4.6
2025-11-07 16:00:00,2025,11,7,16,Cao Bằng,Xã Tam Kim,22.606427,106.0179879,81,Moderate,1,24.1,81,0.0,4.1,268,975.7,85,17.1,17.3,281.0,4.0,72.0,4.8
2025-11-07 17:00:00,2025,11,7,17,Cao Bằng,Xã Tam Kim,22.606427,106.0179879,81,Moderate,1,23.5,84,0.0,2.2,270,976.1,100,19.0,19.2,293.0,7.5,62.0,5.2
2025-11-07 18:00:00,2025,11,7,18,Cao Bằng,Xã Tam Kim,22.606427,106.0179879,81,Moderate,1,23.0,85,0.1,2.4,243,976.7,100,20.4,20.6,305.0,12.1,48.0,5.8
2025-11-07 19:00:00,2025,11,7,19,Cao Bằng,Xã Tam Kim,22.606427,106.0179879,81,Moderate,1,22.6,88,1.3,4.6,249,977.8,100,23.8,24.2,313.0,13.7,44.0,6.7
2025-11-07 20:00:00,2025,11,7,20,Cao Bằng,Xã Tam Kim,22.606427,106.0179879,80,Moderate,1,22.7,87,0.6,4.0,252,978.5,100,23.9,24.2,315.0,14.0,41.0,6.8
2025-11-07 21:00:00,2025,11,7,21,Cao Bằng,Xã Tam Kim,22.606427,106.0179879,80,Moderate,1,22.7,88,0.1,3.6,243,979.1,100,24.5,24.7,311.0,14.4,36.0,6.8
2025-11-07 22:00:00,2025,11,7,22,Cao Bằng,Xã Tam Kim,22.606427,106.0179879,79,Moderate,1,22.4,91,0.1,2.4,228,979.1,100,24.4,24.6,304.0,14.5,32.0,6.8
2025-11-07 23:00:00,2025,11,7,23,Cao Bằng,Xã Tam Kim,22.606427,106.0179879,79,Moderate,1,22.5,90,0.1,2.3,225,979.1,100,23.7,23.9,291.0,14.1,30.0,6.6
2025-11-08 00:00:00,2025,11,8,0,Cao Bằng,Xã Tam Kim,22.606427,106.0179879,78,Moderate,1,22.2,92,0.1,3.2,243,978.9,100,21.7,21.9,274.0,13.5,29.0,6.4
2025-11-08 01:00:00,2025,11,8,1,Cao Bằng,Xã Tam Kim,22.606427,106.0179879,77,Moderate,1,22.0,95,0.1,4.2,275,978.3,100,18.2,18.4,255.0,12.7,28.0,6.2
2025-11-08 02:00:00,2025,11,8,2,Cao Bằng,Xã Tam Kim,22.606427,106.0179879,75,Moderate,1,21.9,94,0.5,3.4,286,977.8,100,18.9,19.1,229.0,11.5,29.0,6.2
2025-11-08 03:00:00,2025,11,8,3,Cao Bằng,Xã Tam Kim,22.606427,106.0179879,73,Moderate,1,21.7,96,0.1,4.0,309,977.4,100,13.0,13.1,202.0,10.2,30.0,6.3
2025-11-08 04:00:00,2025,11,8,4,Cao Bằng,Xã Tam Kim,22.606427,106.0179879,71,Moderate,1,21.7,95,3.2,2.7,262,977.6,100,11.4,11.5,194.0,9.4,31.0,6.6
2025-11-08 05:00:00,2025,11,8,5,Cao Bằng,Xã Tam Kim,22.606427,106.0179879,69,Moderate,1,21.5,96,1.4,3.3,202,977.6,100,10.6,10.7,225.0,9.8,30.0,7.0
2025-11-08 06:00:00,2025,11,8,6,Cao Bằng,Xã Tam Kim,22.606427,106.0179879,67,Moderate,1,21.4,97,1.5,3.7,215,978.2,100,8.9,9.0,274.0,10.7,28.0,7.5
2025-11-08 07:00:00,2025,11,8,7,Cao Bằng,Xã Tam Kim,22.606427,106.0179879,65,Moderate,1,22.2,94,1.0,2.4,228,979.2,100,12.1,12.2,299.0,10.5,30.0,8.1
2025-11-08 08:00:00,2025,11,8,8,Cao Bằng,Xã Tam Kim,22.606427,106.0179879,63,Moderate,1,22.5,97,0.5,1.8,259,980.0,100,9.6,9.7,276.0,8.7,38.0,8.4
2025-11-08 09:00:00,2025,11,8,9,Cao Bằng,Xã Tam Kim,22.606427,106.0179879,61,Moderate,1,22.9,96,0.1,1.5,159,980.8,100,6.5,6.5,228.0,6.2,49.0,8.6
2025-11-08 10:00:00,2025,11,8,10,Cao Bằng,Xã Tam Kim,22.606427,106.0179879,60,Moderate,1,23.3,92,0.3,3.7,169,980.9,100,4.8,4.9,191.0,4.1,59.0,8.2
2025-11-08 11:00:00,2025,11,8,11,Cao Bằng,Xã Tam Kim,22.606427,106.0179879,58,Moderate,1,24.2,89,0.4,4.3,222,980.3,100,5.8,6.0,176.0,3.0,65.0,6.4
2025-11-08 12:00:00,2025,11,8,12,Cao Bằng,Xã Tam Kim,22.606427,106.0179879,58,Moderate,1,23.9,93,0.3,4.0,185,979.2,98,6.0,6.2,171.0,2.4,69.0,3.8
2025-11-08 13:00:00,2025,11,8,13,Cao Bằng,Xã Tam Kim,22.606427,106.0179879,57,Moderate,1,26.7,73,0.1,4.3,132,978.5,98,6.6,6.8,170.0,2.0,73.0,2.0
2025-11-08 14:00:00,2025,11,8,14,Cao Bằng,Xã Tam Kim,22.606427,106.0179879,56,Moderate,1,26.4,74,0.0,0.7,90,977.5,77,6.8,7.0,173.0,1.6,77.0,1.5
2025-11-08 15:00:00,2025,11,8,15,Cao Bằng,Xã Tam Kim,22.606427,106.0179879,56,Moderate,1,26.4,76,0.2,2.0,185,977.0,100,7.0,7.3,181.0,1.4,80.0,1.6
2025-11-08 16:00:00,2025,11,8,16,Cao Bằng,Xã Tam Kim,22.606427,106.0179879,55,Moderate,1,25.2,83,0.0,3.0,256,976.8,73,7.0,7.3,192.0,2.1,80.0,1.9
2025-11-08 17:00:00,2025,11,8,17,Cao Bằng,Xã Tam Kim,22.606427,106.0179879,54,Moderate,1,24.2,90,0.0,2.3,266,976.9,55,7.7,8.0,208.0,4.5,73.0,2.2
2025-11-08 18:00:00,2025,11,8,18,Cao Bằng,Xã Tam Kim,22.606427,106.0179879,53,Moderate,1,22.4,97,1.1,7.6,207,977.9,98,8.6,8.8,226.0,7.7,62.0,2.7
2025-11-08 19:00:00,2025,11,8,19,Cao Bằng,Xã Tam Kim,22.606427,106.0179879,52,Moderate,1,23.3,93,0.2,2.2,265,978.6,76,13.0,13.5,238.0,13.1,47.0,3.3
2025-11-08 20:00:00,2025,11,8,20,Cao Bằng,Xã Tam Kim,22.606427,106.0179879,51,Moderate,1,22.5,96,0.6,5.5,207,979.2,93,12.4,12.8,238.0,11.8,49.0,3.2
2025-11-08 21:00:00,2025,11,8,21,Cao Bằng,Xã Tam Kim,22.606427,106.0179879,50,Good,0,22.2,96,0.0,4.0,273,979.3,63,12.5,12.9,231.0,10.1,51.0,3.0
2025-11-08 22:00:00,2025,11,8,22,Cao Bằng,Xã Tam Kim,22.606427,106.0179879,48,Good,0,22.3,93,0.0,2.5,274,979.5,67,12.2,12.8,221.0,8.5,53.0,2.8
2025-11-08 23:00:00,2025,11,8,23,Cao Bằng,Xã Tam Kim,22.606427,106.0179879,46,Good,0,22.1,92,0.1,0.6,304,979.3,91,13.3,13.9,208.0,7.3,55.0,2.5
2025-11-09 00:00:00,2025,11,9,0,Cao Bằng,Xã Tam Kim,22.606427,106.0179879,44,Good,0,22.1,93,0.0,1.2,243,979.3,100,12.8,13.3,192.0,6.3,56.0,2.3
2025-11-09 01:00:00,2025,11,9,1,Cao Bằng,Xã Tam Kim,22.606427,106.0179879,43,Good,0,21.7,96,0.0,3.1,234,978.8,95,12.6,13.3,178.0,5.6,57.0,2.2
2025-11-09 02:00:00,2025,11,9,2,Cao Bằng,Xã Tam Kim,22.606427,106.0179879,42,Good,0,22.3,95,0.1,2.0,265,978.3,100,10.1,10.5,165.0,5.1,56.0,2.3
2025-11-09 03:00:00,2025,11,9,3,Cao Bằng,Xã Tam Kim,22.606427,106.0179879,40,Good,0,22.4,94,0.1,1.0,301,978.0,100,11.2,11.6,155.0,5.0,54.0,2.7
2025-11-09 04:00:00,2025,11,9,4,Cao Bằng,Xã Tam Kim,22.606427,106.0179879,40,Good,0,22.1,97,0.4,1.1,198,977.4,93,10.0,10.4,156.0,5.2,52.0,3.4
2025-11-09 05:00:00,2025,11,9,5,Cao Bằng,Xã Tam Kim,22.606427,106.0179879,40,Good,0,21.8,98,0.4,2.8,153,977.5,100,9.1,9.3,172.0,6.3,48.0,4.8
2025-11-09 06:00:00,2025,11,9,6,Cao Bằng,Xã Tam Kim,22.606427,106.0179879,39,Good,0,21.8,97,0.1,3.0,155,978.1,100,9.4,9.7,200.0,7.8,44.0,6.6
2025-11-09 07:00:00,2025,11,9,7,Cao Bằng,Xã Tam Kim,22.606427,106.0179879,39,Good,0,22.4,99,0.1,6.5,141,978.3,94,6.2,6.3,241.0,8.6,40.0,6.0
2025-11-09 08:00:00,2025,11,9,8,Cao Bằng,Xã Tam Kim,22.606427,106.0179879,38,Good,0,23.0,95,0.4,5.8,150,979.1,95,3.4,3.5,312.0,7.3,47.0,6.7
2025-11-09 09:00:00,2025,11,9,9,Cao Bằng,Xã Tam Kim,22.606427,106.0179879,37,Good,0,23.4,95,0.1,3.6,153,979.8,91,4.0,4.1,397.0,5.4,56.0,7.5
2025-11-09 10:00:00,2025,11,9,10,Cao Bằng,Xã Tam Kim,22.606427,106.0179879,37,Good,0,23.5,95,0.1,6.4,155,979.8,100,3.5,3.5,446.0,4.0,64.0,7.9
2025-11-09 11:00:00,2025,11,9,11,Cao Bằng,Xã Tam Kim,22.606427,106.0179879,37,Good,0,24.6,88,0.1,7.3,130,978.8,99,3.9,3.9,428.0,3.3,68.0,7.2
2025-11-09 12:00:00,2025,11,9,12,Cao Bằng,Xã Tam Kim,22.606427,106.0179879,36,Good,0,24.5,86,0.2,9.5,141,977.9,84,4.8,4.8,375.0,3.0,70.0,6.1
2025-11-09 13:00:00,2025,11,9,13,Cao Bằng,Xã Tam Kim,22.606427,106.0179879,36,Good,0,25.4,80,0.2,9.2,116,976.9,77,5.3,5.3,328.0,3.1,70.0,5.2
2025-11-09 14:00:00,2025,11,9,14,Cao Bằng,Xã Tam Kim,22.606427,106.0179879,36,Good,0,25.8,76,0.0,8.5,95,976.2,78,5.8,5.8,294.0,3.7,67.0,4.9
2025-11-09 15:00:00,2025,11,9,15,Cao Bằng,Xã Tam Kim,22.606427,106.0179879,36,Good,0,24.5,85,0.7,6.9,118,975.8,95,5.7,5.7,266.0,4.7,62.0,4.9
2025-11-09 16:00:00,2025,11,9,16,Cao Bằng,Xã Tam Kim,22.606427,106.0179879,36,Good,0,24.2,93,0.9,4.7,184,975.8,99,6.0,6.0,268.0,6.0,56.0,5.0
2025-11-09 17:00:00,2025,11,9,17,Cao Bằng,Xã Tam Kim,22.606427,106.0179879,35,Good,0,23.4,96,0.9,2.0,170,975.9,100,7.1,7.1,332.0,7.8,50.0,5.3
2025-11-09 18:00:00,2025,11,9,18,Cao Bằng,Xã Tam Kim,22.606427,106.0179879,35,Good,0,22.7,95,2.6,3.5,159,976.7,100,7.0,7.0,425.0,9.8,42.0,5.7
2025-11-09 19:00:00,2025,11,9,19,Cao Bằng,Xã Tam Kim,22.606427,106.0179879,35,Good,0,22.3,94,4.3,3.6,160,977.5,100,8.8,8.9,476.0,10.0,42.0,7.1
2025-11-09 20:00:00,2025,11,9,20,Cao Bằng,Xã Tam Kim,22.606427,106.0179879,34,Good,0,22.0,96,2.2,3.9,208,977.9,100,6.9,7.0,439.0,9.5,40.0,7.2
2025-11-09 21:00:00,2025,11,9,21,Cao Bằng,Xã Tam Kim,22.606427,106.0179879,33,Good,0,21.9,95,1.6,3.8,197,978.5,100,6.6,6.6,359.0,8.8,38.0,7.4
2025-11-09 22:00:00,2025,11,9,22,Cao Bằng,Xã Tam Kim,22.606427,106.0179879,32,Good,0,21.5,96,2.7,5.2,180,978.5,100,4.1,4.1,301.0,8.2,36.0,7.5
2025-11-09 23:00:00,2025,11,9,23,Cao Bằng,Xã Tam Kim,22.606427,106.0179879,31,Good,0,21.0,97,1.9,6.0,173,978.5,100,3.8,3.8,295.0,7.9,34.0,7.4
2025-11-10 00:00:00,2025,11,10,0,Cao Bằng,Xã Tam Kim,22.606427,106.0179879,29,Good,0,20.8,97,0.8,5.0,165,978.3,100,3.5,3.5,311.0,7.7,31.0,7.1
2025-11-10 01:00:00,2025,11,10,1,Cao Bằng,Xã Tam Kim,22.606427,106.0179879,28,Good,0,21.5,95,0.4,2.8,165,977.4,100,3.3,3.3,328.0,7.5,29.0,6.9
2025-11-10 02:00:00,2025,11,10,2,Cao Bằng,Xã Tam Kim,22.606427,106.0179879,26,Good,0,21.3,96,0.5,2.8,145,976.9,100,3.3,3.3,337.0,7.2,28.0,6.8
2025-11-10 03:00:00,2025,11,10,3,Cao Bằng,Xã Tam Kim,22.606427,106.0179879,25,Good,0,20.9,96,0.2,4.0,150,976.6,100,3.3,3.3,347.0,7.0,28.0,6.8
2025-11-10 04:00:00,2025,11,10,4,Cao Bằng,Xã Tam Kim,22.606427,106.0179879,23,Good,0,20.4,96,0.1,3.6,160,976.8,100,3.3,3.3,358.0,7.0,27.0,6.9
2025-11-10 05:00:00,2025,11,10,5,Cao Bằng,Xã Tam Kim,22.606427,106.0179879,22,Good,0,20.2,96,0.2,3.3,174,976.9,100,3.3,3.3,375.0,7.6,25.0,7.0
2025-11-10 06:00:00,2025,11,10,6,Cao Bằng,Xã Tam Kim,22.606427,106.0179879,21,Good,0,20.1,96,0.1,3.1,167,977.3,100,3.7,3.7,393.0,8.4,23.0,7.1
2025-11-10 07:00:00,2025,11,10,7,Cao Bằng,Xã Tam Kim,22.606427,106.0179879,20,Good,0,19.9,97,0.1,5.4,174,977.9,100,3.4,3.4,405.0,8.9,23.0,7.0
2025-11-10 08:00:00,2025,11,10,8,Cao Bằng,Xã Tam Kim,22.606427,106.0179879,20,Good,0,19.8,97,0.4,6.1,178,978.9,100,3.6,3.6,405.0,7.8,29.0,7.4
2025-11-10 09:00:00,2025,11,10,9,Cao Bằng,Xã Tam Kim,22.606427,106.0179879,20,Good,0,19.7,97,0.3,6.9,187,979.5,100,3.2,3.2,399.0,6.2,38.0,7.9
2025-11-10 10:00:00,2025,11,10,10,Cao Bằng,Xã Tam Kim,22.606427,106.0179879,20,Good,0,20.4,92,0.1,6.8,191,979.3,100,2.6,2.6,394.0,4.9,45.0,8.1
2025-11-10 11:00:00,2025,11,10,11,Cao Bằng,Xã Tam Kim,22.606427,106.0179879,19,Good,0,20.6,89,0.0,5.7,191,978.5,100,2.7,2.7,392.0,4.2,50.0,7.6
2025-11-10 12:00:00,2025,11,10,12,Cao Bằng,Xã Tam Kim,22.606427,106.0179879,19,Good,0,20.8,88,0.1,4.3,204,977.4,100,3.1,3.1,390.0,3.8,55.0,6.9
2025-11-10 13:00:00,2025,11,10,13,Cao Bằng,Xã Tam Kim,22.606427,106.0179879,19,Good,0,21.2,84,0.0,1.8,233,976.4,100,3.8,3.9,393.0,3.6,58.0,6.1
2025-11-10 14:00:00,2025,11,10,14,Cao Bằng,Xã Tam Kim,22.606427,106.0179879,19,Good,0,20.7,86,0.0,2.8,255,975.4,100,4.5,4.6,402.0,3.4,60.0,5.5
2025-11-10 15:00:00,2025,11,10,15,Cao Bằng,Xã Tam Kim,22.606427,106.0179879,21,Good,0,20.7,86,0.1,5.8,248,974.9,100,5.1,5.1,415.0,3.4,60.0,4.9
2025-11-10 16:00:00,2025,11,10,16,Cao Bằng,Xã Tam Kim,22.606427,106.0179879,23,Good,0,20.5,85,0.1,7.5,255,974.7,100,5.7,5.7,429.0,4.2,58.0,4.5
2025-11-10 17:00:00,2025,11,10,17,Cao Bằng,Xã Tam Kim,22.606427,106.0179879,25,Good,0,20.1,86,0.1,7.5,259,975.0,100,7.0,7.0,446.0,6.5,52.0,4.4
2025-11-10 18:00:00,2025,11,10,18,Cao Bằng,Xã Tam Kim,22.606427,106.0179879,25,Good,0,19.8,87,0.1,6.4,254,975.3,100,8.3,8.3,465.0,9.6,44.0,4.6
2025-11-10 19:00:00,2025,11,10,19,Cao Bằng,Xã Tam Kim,22.606427,106.0179879,25,Good,0,20.0,91,0.0,4.1,195,976.0,100,11.5,11.5,476.0,13.2,35.0,4.7
2025-11-10 20:00:00,2025,11,10,20,Cao Bằng,Xã Tam Kim,22.606427,106.0179879,24,Good,0,20.0,87,0.0,5.2,186,976.7,100,11.6,11.6,474.0,13.3,33.0,4.6
2025-11-10 21:00:00,2025,11,10,21,Cao Bằng,Xã Tam Kim,22.606427,106.0179879,23,Good,0,19.5,88,0.0,6.2,202,977.0,100,11.9,11.9,464.0,13.3,31.0,4.4
2025-11-10 22:00:00,2025,11,10,22,Cao Bằng,Xã Tam Kim,22.606427,106.0179879,22,Good,0,19.2,87,0.0,6.6,217,977.2,95,12.2,12.2,455.0,13.0,30.0,4.3
2025-11-10 23:00:00,2025,11,10,23,Cao Bằng,Xã Tam Kim,22.606427,106.0179879,22,Good,0,19.1,85,0.0,5.6,211,977.1,100,12.3,12.3,452.0,12.1,30.0,4.2
2025-11-11 00:00:00,2025,11,11,0,Cao Bằng,Xã Tam Kim,22.606427,106.0179879,24,Good,0,18.8,87,0.1,5.4,233,976.7,100,12.4,12.4,450.0,10.8,32.0,4.0
2025-11-11 01:00:00,2025,11,11,1,Cao Bằng,Xã Tam Kim,22.606427,106.0179879,25,Good,0,19.3,87,0.1,5.6,241,976.1,100,12.3,12.3,441.0,9.7,33.0,3.9
2025-11-11 02:00:00,2025,11,11,2,Cao Bằng,Xã Tam Kim,22.606427,106.0179879,27,Good,0,19.0,90,0.0,5.0,244,975.6,100,12.4,12.4,416.0,8.8,34.0,3.8
2025-11-11 03:00:00,2025,11,11,3,Cao Bằng,Xã Tam Kim,22.606427,106.0179879,28,Good,0,18.9,92,0.0,4.9,234,975.7,100,11.9,12.0,383.0,8.0,35.0,3.8
2025-11-11 04:00:00,2025,11,11,4,Cao Bằng,Xã Tam Kim,22.606427,106.0179879,30,Good,0,18.8,92,0.0,5.2,239,976.3,100,11.8,11.8,364.0,7.4,36.0,3.8
2025-11-11 05:00:00,2025,11,11,5,Cao Bằng,Xã Tam Kim,22.606427,106.0179879,31,Good,0,18.8,91,0.0,3.9,233,976.8,100,11.5,11.6,372.0,7.3,36.0,3.9
2025-11-11 06:00:00,2025,11,11,6,Cao Bằng,Xã Tam Kim,22.606427,106.0179879,33,Good,0,18.9,93,0.0,2.0,243,977.6,100,11.3,11.3,393.0,7.4,37.0,4.1
2025-11-11 07:00:00,2025,11,11,7,Cao Bằng,Xã Tam Kim,22.606427,106.0179879,34,Good,0,19.3,96,0.0,2.6,245,977.9,100,10.0,10.0,402.0,8.6,35.0,4.4
2025-11-11 08:00:00,2025,11,11,8,Cao Bằng,Xã Tam Kim,22.606427,106.0179879,35,Good,0,20.4,83,0.0,4.0,342,978.6,100,8.6,8.6,384.0,7.3,40.0,4.5
2025-11-11 09:00:00,2025,11,11,9,Cao Bằng,Xã Tam Kim,22.606427,106.0179879,36,Good,0,22.0,69,0.0,8.3,347,979.4,94,8.0,8.0,354.0,5.4,48.0,4.7
2025-11-11 10:00:00,2025,11,11,10,Cao Bằng,Xã Tam Kim,22.606427,106.0179879,37,Good,0,23.1,64,0.0,8.3,344,979.0,100,7.6,7.7,328.0,3.9,56.0,4.8
2025-11-11 11:00:00,2025,11,11,11,Cao Bằng,Xã Tam Kim,22.606427,106.0179879,38,Good,0,24.6,57,0.0,7.6,345,978.2,95,7.7,7.8,308.0,3.0,63.0,4.7
2025-11-11 12:00:00,2025,11,11,12,Cao Bằng,Xã Tam Kim,22.606427,106.0179879,39,Good,0,25.7,54,0.0,6.2,324,977.2,88,8.1,8.1,291.0,2.5,71.0,4.5
2025-11-11 13:00:00,2025,11,11,13,Cao Bằng,Xã Tam Kim,22.606427,106.0179879,39,Good,0,26.4,52,0.0,6.5,8,976.5,100,9.6,9.7,286.0,2.3,76.0,4.3
2025-11-11 14:00:00,2025,11,11,14,Cao Bằng,Xã Tam Kim,22.606427,106.0179879,41,Good,0,25.9,54,0.0,7.6,360,975.7,100,10.1,10.2,300.0,2.0,80.0,4.0
2025-11-11 15:00:00,2025,11,11,15,Cao Bằng,Xã Tam Kim,22.606427,106.0179879,41,Good,0,25.3,55,0.0,7.5,339,975.4,100,10.5,10.6,327.0,2.0,81.0,3.7
2025-11-11 16:00:00,2025,11,11,16,Cao Bằng,Xã Tam Kim,22.606427,106.0179879,42,Good,0,24.4,60,0.0,6.5,314,975.5,98,10.9,10.9,349.0,3.1,79.0,3.6
2025-11-11 17:00:00,2025,11,11,17,Cao Bằng,Xã Tam Kim,22.606427,106.0179879,43,Good,0,23.3,62,0.0,6.8,297,975.8,100,12.0,12.0,361.0,6.2,70.0,3.8
2025-11-11 18:00:00,2025,11,11,18,Cao Bằng,Xã Tam Kim,22.606427,106.0179879,44,Good,0,22.3,65,0.0,5.9,325,976.3,98,13.1,13.1,370.0,10.5,56.0,4.2
2025-11-11 19:00:00,2025,11,11,19,Cao Bằng,Xã Tam Kim,22.606427,106.0179879,45,Good,0,20.6,73,0.0,4.6,342,977.7,85,16.8,16.8,378.0,12.8,47.0,4.1
2025-11-11 20:00:00,2025,11,11,20,Cao Bằng,Xã Tam Kim,22.606427,106.0179879,46,Good,0,20.4,76,0.0,3.1,24,978.2,99,17.6,17.6,389.0,14.6,40.0,4.1
2025-11-11 21:00:00,2025,11,11,21,Cao Bằng,Xã Tam Kim,22.606427,106.0179879,47,Good,0,19.4,80,0.0,1.3,98,978.9,100,18.2,18.2,399.0,16.9,30.0,4.1
2025-11-11 22:00:00,2025,11,11,22,Cao Bằng,Xã Tam Kim,22.606427,106.0179879,48,Good,0,18.7,83,0.0,2.7,90,979.5,100,17.9,17.9,405.0,17.7,25.0,4.2
2025-11-11 23:00:00,2025,11,11,23,Cao Bằng,Xã Tam Kim,22.606427,106.0179879,49,Good,0,18.0,85,0.0,1.1,360,979.6,100,16.5,16.6,401.0,15.4,28.0,4.5
2025-11-12 00:00:00,2025,11,12,0,Cao Bằng,Xã Tam Kim,22.606427,106.0179879,50,Good,0,17.9,86,0.0,3.1,339,979.3,97,14.9,15.0,392.0,11.5,36.0,4.9
2025-11-12 01:00:00,2025,11,12,1,Cao Bằng,Xã Tam Kim,22.606427,106.0179879,50,Good,0,18.8,74,0.0,6.3,3,979.9,100,13.9,14.1,387.0,8.4,42.0,5.2
2025-11-12 02:00:00,2025,11,12,2,Cao Bằng,Xã Tam Kim,22.606427,106.0179879,50,Good,0,18.8,69,0.0,6.4,342,979.9,100,13.5,13.6,394.0,6.9,43.0,5.3
2025-11-12 03:00:00,2025,11,12,3,Cao Bằng,Xã Tam Kim,22.606427,106.0179879,50,Good,0,18.6,67,0.0,6.1,328,979.8,100,13.4,13.6,405.0,6.3,43.0,5.3
2025-11-12 04:00:00,2025,11,12,4,Cao Bằng,Xã Tam Kim,22.606427,106.0179879,50,Good,0,18.1,67,0.0,7.1,313,979.8,91,13.6,13.8,411.0,6.1,42.0,5.3
2025-11-12 05:00:00,2025,11,12,5,Cao Bằng,Xã Tam Kim,22.606427,106.0179879,51,Moderate,1,18.0,66,0.0,4.7,302,979.9,89,13.9,14.1,407.0,6.9,39.0,5.3
2025-11-12 06:00:00,2025,11,12,6,Cao Bằng,Xã Tam Kim,22.606427,106.0179879,51,Moderate,1,17.9,69,0.0,1.7,252,980.7,59,14.2,14.5,398.0,8.2,35.0,5.3
2025-11-12 07:00:00,2025,11,12,7,Cao Bằng,Xã Tam Kim,22.606427,106.0179879,51,Moderate,1,19.0,70,0.0,4.2,5,981.7,100,8.4,8.4,385.0,8.1,39.0,5.7
2025-11-12 08:00:00,2025,11,12,8,Cao Bằng,Xã Tam Kim,22.606427,106.0179879,51,Moderate,1,19.9,58,0.0,3.1,21,982.1,95,7.7,7.7,367.0,6.3,49.0,5.6
2025-11-12 09:00:00,2025,11,12,9,Cao Bằng,Xã Tam Kim,22.606427,106.0179879,51,Moderate,1,20.9,57,0.0,5.1,356,982.7,38,7.3,7.4,346.0,3.9,63.0,5.5
2025-11-12 10:00:00,2025,11,12,10,Cao Bằng,Xã Tam Kim,22.606427,106.0179879,51,Moderate,1,22.3,55,0.0,6.0,353,982.4,25,7.2,7.4,328.0,2.0,75.0,5.2
2025-11-12 11:00:00,2025,11,12,11,Cao Bằng,Xã Tam Kim,22.606427,106.0179879,51,Moderate,1,23.4,53,0.0,6.9,340,981.4,14,7.4,7.6,315.0,1.2,84.0,4.7
2025-11-12 12:00:00,2025,11,12,12,Cao Bằng,Xã Tam Kim,22.606427,106.0179879,51,Moderate,1,24.6,50,0.0,6.6,319,980.1,10,7.7,7.9,305.0,1.0,91.0,4.1
2025-11-12 13:00:00,2025,11,12,13,Cao Bằng,Xã Tam Kim,22.606427,106.0179879,51,Moderate,1,26.1,46,0.0,8.7,304,979.1,16,7.9,8.0,297.0,1.0,95.0,3.6
2025-11-12 14:00:00,2025,11,12,14,Cao Bằng,Xã Tam Kim,22.606427,106.0179879,51,Moderate,1,26.0,46,0.0,16.3,288,977.8,11,7.9,8.0,290.0,0.6,96.0,3.0
2025-11-12 15:00:00,2025,11,12,15,Cao Bằng,Xã Tam Kim,22.606427,106.0179879,50,Good,0,25.9,46,0.0,13.9,304,977.6,27,8.0,8.2,285.0,0.5,94.0,2.5
2025-11-12 16:00:00,2025,11,12,16,Cao Bằng,Xã Tam Kim,22.606427,106.0179879,50,Good,0,24.9,51,0.0,8.4,305,977.9,56,8.6,8.7,284.0,2.3,88.0,2.5
2025-11-12 17:00:00,2025,11,12,17,Cao Bằng,Xã Tam Kim,22.606427,106.0179879,50,Good,0,22.1,61,0.0,4.9,303,978.3,19,9.8,10.0,292.0,7.7,77.0,3.3
2025-11-12 18:00:00,2025,11,12,18,Cao Bằng,Xã Tam Kim,22.606427,106.0179879,50,Good,0,20.8,61,0.0,4.3,292,978.9,18,12.0,12.2,305.0,14.9,62.0,4.6
2025-11-12 19:00:00,2025,11,12,19,Cao Bằng,Xã Tam Kim,22.606427,106.0179879,49,Good,0,20.3,65,0.0,1.9,299,979.9,17,19.0,19.4,311.0,22.1,42.0,5.7
2025-11-12 20:00:00,2025,11,12,20,Cao Bằng,Xã Tam Kim,22.606427,106.0179879,50,Good,0,19.0,70,0.0,2.2,346,980.6,18,19.7,20.1,306.0,21.5,40.0,5.4
2025-11-12 21:00:00,2025,11,12,21,Cao Bằng,Xã Tam Kim,22.606427,106.0179879,50,Good,0,17.6,77,0.0,3.2,308,981.2,25,19.2,19.7,295.0,20.7,36.0,5.1
2025-11-12 22:00:00,2025,11,12,22,Cao Bằng,Xã Tam Kim,22.606427,106.0179879,50,Good,0,16.5,81,0.0,5.0,308,981.7,4,18.8,19.3,282.0,19.3,34.0,4.6
2025-11-12 23:00:00,2025,11,12,23,Cao Bằng,Xã Tam Kim,22.606427,106.0179879,50,Good,0,15.9,82,0.0,5.7,298,981.8,26,18.2,18.7,264.0,17.1,33.0,4.0
2025-11-13 00:00:00,2025,11,13,0,Cao Bằng,Xã Tam Kim,22.606427,106.0179879,50,Good,0,15.5,83,0.0,7.1,306,981.9,51,17.2,17.7,244.0,14.4,34.0,3.4
2025-11-13 01:00:00,2025,11,13,1,Cao Bằng,Xã Tam Kim,22.606427,106.0179879,51,Moderate,1,15.1,86,0.0,6.1,315,982.1,5,16.3,16.8,230.0,12.1,34.0,2.9
2025-11-13 02:00:00,2025,11,13,2,Cao Bằng,Xã Tam Kim,22.606427,106.0179879,51,Moderate,1,15.0,85,0.0,6.9,311,982.1,4,15.7,16.2,225.0,10.4,34.0,2.6
2025-11-13 03:00:00,2025,11,13,3,Cao Bằng,Xã Tam Kim,22.606427,106.0179879,51,Moderate,1,14.6,85,0.0,7.0,302,982.0,8,15.5,16.0,226.0,9.1,34.0,2.5
2025-11-13 04:00:00,2025,11,13,4,Cao Bằng,Xã Tam Kim,22.606427,106.0179879,51,Moderate,1,14.4,84,0.0,8.7,300,982.5,77,15.3,15.8,232.0,8.3,34.0,2.5
2025-11-13 05:00:00,2025,11,13,5,Cao Bằng,Xã Tam Kim,22.606427,106.0179879,51,Moderate,1,14.5,79,0.0,9.2,303,983.1,57,15.1,15.8,248.0,8.4,31.0,2.7
2025-11-13 06:00:00,2025,11,13,6,Cao Bằng,Xã Tam Kim,22.606427,106.0179879,51,Moderate,1,14.4,77,0.0,8.3,300,984.0,12,15.4,15.9,269.0,9.0,27.0,2.9
2025-11-13 07:00:00,2025,11,13,7,Cao Bằng,Xã Tam Kim,22.606427,106.0179879,52,Moderate,1,16.0,73,0.0,8.5,308,985.0,14,8.2,8.6,280.0,8.9,38.0,4.1
2025-11-13 08:00:00,2025,11,13,8,Cao Bằng,Xã Tam Kim,22.606427,106.0179879,52,Moderate,1,18.9,64,0.0,6.0,314,985.7,3,8.7,9.5,270.0,6.7,54.0,4.5
2025-11-13 09:00:00,2025,11,13,9,Cao Bằng,Xã Tam Kim,22.606427,106.0179879,52,Moderate,1,21.2,53,0.0,9.1,321,986.0,0,8.8,10.0,251.0,3.6,76.0,5.0
2025-11-13 10:00:00,2025,11,13,10,Cao Bằng,Xã Tam Kim,22.606427,106.0179879,52,Moderate,1,22.9,49,0.0,8.8,343,985.6,0,8.5,9.6,237.0,1.3,93.0,5.2
2025-11-13 11:00:00,2025,11,13,11,Cao Bằng,Xã Tam Kim,22.606427,106.0179879,52,Moderate,1,24.3,45,0.0,8.4,353,984.4,0,8.2,9.1,236.0,0.6,99.0,4.9
2025-11-13 12:00:00,2025,11,13,12,Cao Bằng,Xã Tam Kim,22.606427,106.0179879,52,Moderate,1,25.3,43,0.0,6.3,347,982.8,0,8.0,8.7,241.0,0.7,100.0,4.4
2025-11-13 13:00:00,2025,11,13,13,Cao Bằng,Xã Tam Kim,22.606427,106.0179879,52,Moderate,1,25.9,42,0.0,5.8,326,981.7,0,7.9,8.5,246.0,0.9,100.0,3.9
2025-11-13 14:00:00,2025,11,13,14,Cao Bằng,Xã Tam Kim,22.606427,106.0179879,52,Moderate,1,26.1,42,0.0,5.9,308,980.5,9,7.9,8.4,248.0,0.3,102.0,3.5
2025-11-13 15:00:00,2025,11,13,15,Cao Bằng,Xã Tam Kim,22.606427,106.0179879,52,Moderate,1,26.1,42,0.0,7.8,292,979.7,8,7.9,8.4,250.0,0.0,104.0,3.3
2025-11-13 16:00:00,2025,11,13,16,Cao Bằng,Xã Tam Kim,22.606427,106.0179879,52,Moderate,1,24.6,50,0.0,6.5,278,979.7,5,8.0,8.5,261.0,1.7,100.0,3.5
2025-11-13 17:00:00,2025,11,13,17,Cao Bằng,Xã Tam Kim,22.606427,106.0179879,52,Moderate,1,22.2,58,0.0,2.5,225,979.4,2,9.9,10.4,290.0,8.2,87.0,4.6
2025-11-13 18:00:00,2025,11,13,18,Cao Bằng,Xã Tam Kim,22.606427,106.0179879,52,Moderate,1,20.3,63,0.0,3.1,201,979.8,1,12.8,13.2,327.0,17.2,68.0,6.1
2025-11-13 19:00:00,2025,11,13,19,Cao Bằng,Xã Tam Kim,22.606427,106.0179879,52,Moderate,1,19.5,69,0.0,1.4,220,980.6,0,12.0,12.3,348.0,21.9,46.0,6.3
2025-11-13 20:00:00,2025,11,13,20,Cao Bằng,Xã Tam Kim,22.606427,106.0179879,51,Moderate,1,18.7,71,0.0,2.8,207,981.0,0,13.9,14.2,336.0,23.2,40.0,6.4
2025-11-13 21:00:00,2025,11,13,21,Cao Bằng,Xã Tam Kim,22.606427,106.0179879,51,Moderate,1,18.0,72,0.0,3.2,214,981.4,0,15.3,15.7,308.0,24.9,32.0,6.6
2025-11-13 22:00:00,2025,11,13,22,Cao Bằng,Xã Tam Kim,22.606427,106.0179879,50,Good,0,17.5,72,0.0,1.5,225,981.7,0,16.2,16.5,286.0,25.6,25.0,6.5
2025-11-13 23:00:00,2025,11,13,23,Cao Bằng,Xã Tam Kim,22.606427,106.0179879,50,Good,0,16.7,74,0.0,1.6,276,981.5,0,16.7,17.1,281.0,24.5,22.0,5.9
2025-11-14 00:00:00,2025,11,14,0,Cao Bằng,Xã Tam Kim,22.606427,106.0179879,50,Good,0,15.9,77,0.0,3.2,297,981.3,0,16.5,16.8,284.0,22.5,21.0,5.0
2025-11-14 01:00:00,2025,11,14,1,Cao Bằng,Xã Tam Kim,22.606427,106.0179879,50,Good,0,15.5,80,0.0,2.3,288,981.7,0,15.9,16.2,287.0,20.4,21.0,4.2
2025-11-14 02:00:00,2025,11,14,2,Cao Bằng,Xã Tam Kim,22.606427,106.0179879,50,Good,0,15.0,82,0.0,3.5,279,981.4,0,15.4,15.7,284.0,18.4,21.0,3.6
2025-11-14 03:00:00,2025,11,14,3,Cao Bằng,Xã Tam Kim,22.606427,106.0179879,50,Good,0,14.9,83,0.0,3.5,282,981.4,0,14.9,15.3,281.0,16.5,22.0,3.2
2025-11-14 04:00:00,2025,11,14,4,Cao Bằng,Xã Tam Kim,22.606427,106.0179879,50,Good,0,14.3,83,0.0,3.1,280,981.7,0,14.6,14.9,293.0,15.0,23.0,3.0
2025-11-14 05:00:00,2025,11,14,5,Cao Bằng,Xã Tam Kim,22.606427,106.0179879,50,Good,0,14.3,83,0.0,2.4,279,982.0,6,14.5,14.8,342.0,14.9,22.0,3.1
2025-11-14 06:00:00,2025,11,14,6,Cao Bằng,Xã Tam Kim,22.606427,106.0179879,50,Good,0,13.9,84,0.0,2.6,282,982.9,47,15.0,15.4,406.0,15.3,20.0,3.4
2025-11-14 07:00:00,2025,11,14,7,Cao Bằng,Xã Tam Kim,22.606427,106.0179879,50,Good,0,15.3,80,0.0,4.5,277,984.2,2,11.4,11.6,431.0,15.0,28.0,4.6
2025-11-14 08:00:00,2025,11,14,8,Cao Bằng,Xã Tam Kim,22.606427,106.0179879,50,Good,0,17.7,73,0.0,3.3,299,985.1,5,5.0,5.0,380.0,11.1,53.0,6.6
2025-11-14 09:00:00,2025,11,14,9,Cao Bằng,Xã Tam Kim,22.606427,106.0179879,50,Good,0,20.3,61,0.0,3.0,308,985.5,13,2.6,2.6,291.0,5.6,87.0,9.2
2025-11-14 10:00:00,2025,11,14,10,Cao Bằng,Xã Tam Kim,22.606427,106.0179879,48,Good,0,22.0,46,0.0,3.3,331,985.3,20,2.9,2.9,225.0,1.6,113.0,10.9
2025-11-14 11:00:00,2025,11,14,11,Cao Bằng,Xã Tam Kim,22.606427,106.0179879,47,Good,0,23.3,43,0.0,2.3,331,984.0,0,3.4,3.4,208.0,0.4,122.0,10.7
2025-11-14 12:00:00,2025,11,14,12,Cao Bằng,Xã Tam Kim,22.606427,106.0179879,47,Good,0,24.0,43,0.0,1.0,239,982.4,19,3.9,4.0,215.0,0.6,123.0,9.6
2025-11-14 13:00:00,2025,11,14,13,Cao Bằng,Xã Tam Kim,22.606427,106.0179879,46,Good,0,25.2,36,0.0,0.8,297,981.5,0,4.5,4.5,225.0,1.0,122.0,8.6
2025-11-14 14:00:00,2025,11,14,14,Cao Bằng,Xã Tam Kim,22.606427,106.0179879,45,Good,0,25.3,37,0.0,1.1,72,980.4,0,4.9,5.0,232.0,0.5,124.0,8.1
2025-11-14 15:00:00,2025,11,14,15,Cao Bằng,Xã Tam Kim,22.606427,106.0179879,45,Good,0,25.0,39,0.0,2.9,83,980.0,0,5.3,5.3,244.0,0.2,125.0,7.7
2025-11-14 16:00:00,2025,11,14,16,Cao Bằng,Xã Tam Kim,22.606427,106.0179879,51,Moderate,1,23.8,48,0.0,2.2,125,980.0,0,5.6,5.6,263.0,1.8,121.0,7.7
2025-11-14 17:00:00,2025,11,14,17,Cao Bằng,Xã Tam Kim,22.606427,106.0179879,66,Moderate,1,21.1,62,0.0,2.1,218,979.5,0,8.0,8.1,299.0,7.3,107.0,8.2
2025-11-14 18:00:00,2025,11,14,18,Cao Bằng,Xã Tam Kim,22.606427,106.0179879,70,Moderate,1,19.5,63,0.0,2.2,228,979.7,0,10.1,10.2,343.0,14.8,87.0,9.1
2025-11-14 19:00:00,2025,11,14,19,Cao Bằng,Xã Tam Kim,22.606427,106.0179879,65,Moderate,1,18.6,67,0.0,1.4,247,980.5,0,8.6,8.6,374.0,22.8,69.0,10.2
2025-11-14 20:00:00,2025,11,14,20,Cao Bằng,Xã Tam Kim,22.606427,106.0179879,53,Moderate,1,17.8,69,0.0,1.7,212,981.6,0,9.9,9.9,379.0,23.1,65.0,10.4
2025-11-14 21:00:00,2025,11,14,21,Cao Bằng,Xã Tam Kim,22.606427,106.0179879,48,Good,0,17.0,72,0.0,2.3,212,982.4,0,10.9,10.9,370.0,23.6,59.0,10.7
2025-11-14 22:00:00,2025,11,14,22,Cao Bằng,Xã Tam Kim,22.606427,106.0179879,44,Good,0,16.4,73,0.0,3.1,225,982.9,0,11.9,11.9,361.0,23.8,54.0,10.8
2025-11-14 23:00:00,2025,11,14,23,Cao Bằng,Xã Tam Kim,22.606427,106.0179879,40,Good,0,15.9,73,0.0,1.8,217,983.1,0,12.4,12.5,356.0,23.7,51.0,10.8
2025-11-15 00:00:00,2025,11,15,0,Cao Bằng,Xã Tam Kim,22.606427,106.0179879,40,Good,0,15.3,76,0.0,1.2,207,983.1,0,12.5,12.6,350.0,23.4,49.0,10.7
2025-11-15 01:00:00,2025,11,15,1,Cao Bằng,Xã Tam Kim,22.606427,106.0179879,39,Good,0,14.8,78,0.0,1.7,229,983.4,0,12.4,12.5,342.0,22.7,47.0,10.3
2025-11-15 02:00:00,2025,11,15,2,Cao Bằng,Xã Tam Kim,22.606427,106.0179879,38,Good,0,14.5,78,0.0,3.1,242,983.0,0,12.3,12.5,325.0,21.3,43.0,9.5
2025-11-15 03:00:00,2025,11,15,3,Cao Bằng,Xã Tam Kim,22.606427,106.0179879,38,Good,0,14.5,77,0.0,2.4,253,983.0,0,12.3,12.4,307.0,19.5,39.0,8.5
2025-11-15 04:00:00,2025,11,15,4,Cao Bằng,Xã Tam Kim,22.606427,106.0179879,37,Good,0,14.1,79,0.0,3.5,279,983.1,0,12.2,12.3,308.0,18.0,36.0,7.7
2025-11-15 05:00:00,2025,11,15,5,Cao Bằng,Xã Tam Kim,22.606427,106.0179879,37,Good,0,14.4,79,0.0,4.0,280,983.3,0,12.1,12.2,355.0,17.4,30.0,7.1
2025-11-15 06:00:00,2025,11,15,6,Cao Bằng,Xã Tam Kim,22.606427,106.0179879,36,Good,0,14.4,78,0.0,4.1,283,984.0,0,12.6,12.6,422.0,17.1,26.0,6.6
2025-11-15 07:00:00,2025,11,15,7,Cao Bằng,Xã Tam Kim,22.606427,106.0179879,36,Good,0,15.9,75,0.0,3.9,294,985.3,0,18.2,18.2,453.0,14.7,31.0,6.2
2025-11-15 08:00:00,2025,11,15,8,Cao Bằng,Xã Tam Kim,22.606427,106.0179879,37,Good,0,18.0,70,0.0,3.7,305,985.9,0,12.4,12.4,411.0,10.8,54.0,7.5
2025-11-15 09:00:00,2025,11,15,9,Cao Bằng,Xã Tam Kim,22.606427,106.0179879,39,Good,0,20.8,58,0.0,3.6,297,986.4,0,9.8,9.8,332.0,5.4,86.0,9.3
2025-11-15 10:00:00,2025,11,15,10,Cao Bằng,Xã Tam Kim,22.606427,106.0179879,40,Good,0,22.7,52,0.0,3.2,313,986.6,0,8.2,8.2,272.0,1.4,109.0,10.1
2025-11-15 11:00:00,2025,11,15,11,Cao Bằng,Xã Tam Kim,22.606427,106.0179879,41,Good,0,24.1,51,0.0,1.0,338,985.8,13,7.3,7.3,254.0,0.2,114.0,9.1
2025-11-15 12:00:00,2025,11,15,12,Cao Bằng,Xã Tam Kim,22.606427,106.0179879,41,Good,0,25.2,50,0.0,3.3,234,984.5,17,7.0,7.0,255.0,0.5,111.0,7.1
2025-11-15 13:00:00,2025,11,15,13,Cao Bằng,Xã Tam Kim,22.606427,106.0179879,42,Good,0,26.3,43,0.0,8.1,241,983.2,9,7.0,7.1,258.0,1.0,106.0,5.5
2025-11-15 14:00:00,2025,11,15,14,Cao Bằng,Xã Tam Kim,22.606427,106.0179879,42,Good,0,26.1,44,0.0,10.7,243,982.3,5,7.3,7.4,257.0,0.8,104.0,4.6
2025-11-15 15:00:00,2025,11,15,15,Cao Bằng,Xã Tam Kim,22.606427,106.0179879,43,Good,0,25.8,44,0.0,9.1,243,981.7,1,7.9,7.9,258.0,0.9,101.0,4.1
2025-11-15 16:00:00,2025,11,15,16,Cao Bằng,Xã Tam Kim,22.606427,106.0179879,46,Good,0,24.6,52,0.0,6.1,251,981.8,0,8.5,8.6,262.0,2.9,95.0,4.1
2025-11-15 17:00:00,2025,11,15,17,Cao Bằng,Xã Tam Kim,22.606427,106.0179879,48,Good,0,20.6,71,0.0,4.3,246,981.4,0,10.0,10.0,272.0,8.5,82.0,4.9
2025-11-15 18:00:00,2025,11,15,18,Cao Bằng,Xã Tam Kim,22.606427,106.0179879,48,Good,0,19.1,73,0.0,2.1,250,981.9,0,12.0,12.0,285.0,16.0,66.0,6.2
2025-11-15 19:00:00,2025,11,15,19,Cao Bằng,Xã Tam Kim,22.606427,106.0179879,45,Good,0,19.1,73,0.0,2.4,222,982.9,0,12.0,12.0,298.0,22.3,55.0,7.5
2025-11-15 20:00:00,2025,11,15,20,Cao Bằng,Xã Tam Kim,22.606427,106.0179879,45,Good,0,18.6,73,0.0,2.1,195,983.9,2,13.8,13.8,311.0,23.5,49.0,7.8
2025-11-15 21:00:00,2025,11,15,21,Cao Bằng,Xã Tam Kim,22.606427,106.0179879,46,Good,0,17.6,76,0.0,3.1,211,984.5,0,15.8,15.9,322.0,25.1,41.0,8.2
2025-11-15 22:00:00,2025,11,15,22,Cao Bằng,Xã Tam Kim,22.606427,106.0179879,47,Good,0,17.1,77,0.0,1.8,191,985.0,2,17.2,17.2,325.0,26.0,35.0,8.3
2025-11-15 23:00:00,2025,11,15,23,Cao Bằng,Xã Tam Kim,22.606427,106.0179879,47,Good,0,16.5,80,0.0,1.0,202,985.1,0,18.0,18.1,311.0,25.8,32.0,8.1
2025-11-16 00:00:00,2025,11,16,0,Cao Bằng,Xã Tam Kim,22.606427,106.0179879,48,Good,0,16.3,80,0.0,1.4,293,984.7,0,18.5,18.5,288.0,24.9,31.0,7.7
2025-11-16 01:00:00,2025,11,16,1,Cao Bằng,Xã Tam Kim,22.606427,106.0179879,49,Good,0,15.7,85,0.0,1.5,277,984.4,0,18.6,18.7,269.0,23.7,30.0,7.1
2025-11-16 02:00:00,2025,11,16,2,Cao Bằng,Xã Tam Kim,22.606427,106.0179879,50,Good,0,15.8,85,0.0,2.9,274,983.9,0,18.7,18.7,254.0,22.1,27.0,6.2
2025-11-16 03:00:00,2025,11,16,3,Cao Bằng,Xã Tam Kim,22.606427,106.0179879,51,Moderate,1,15.8,84,0.0,2.9,266,983.7,0,18.5,18.5,245.0,20.2,23.0,5.1
2025-11-16 04:00:00,2025,11,16,4,Cao Bằng,Xã Tam Kim,22.606427,106.0179879,51,Moderate,1,15.6,83,0.0,3.4,270,984.0,1,17.8,17.8,256.0,18.2,22.0,4.3
2025-11-16 05:00:00,2025,11,16,5,Cao Bằng,Xã Tam Kim,22.606427,106.0179879,52,Moderate,1,16.4,80,0.0,4.7,293,984.2,74,16.5,16.6,314.0,16.5,22.0,4.0
2025-11-16 06:00:00,2025,11,16,6,Cao Bằng,Xã Tam Kim,22.606427,106.0179879,52,Moderate,1,16.5,80,0.0,6.7,306,984.8,73,15.8,15.8,394.0,14.9,25.0,4.1
2025-11-16 07:00:00,2025,11,16,7,Cao Bằng,Xã Tam Kim,22.606427,106.0179879,53,Moderate,1,17.4,78,0.0,3.8,287,985.9,21,9.1,9.2,432.0,12.7,33.0,4.4
2025-11-16 08:00:00,2025,11,16,8,Cao Bằng,Xã Tam Kim,22.606427,106.0179879,52,Moderate,1,19.0,73,0.0,5.5,319,986.5,98,7.0,7.1,387.0,9.4,54.0,4.9
2025-11-16 09:00:00,2025,11,16,9,Cao Bằng,Xã Tam Kim,22.606427,106.0179879,51,Moderate,1,20.8,66,0.0,4.6,296,987.0,10,5.4,5.5,302.0,4.9,83.0,5.6
2025-11-16 10:00:00,2025,11,16,10,Cao Bằng,Xã Tam Kim,22.606427,106.0179879,51,Moderate,1,24.1,52,0.0,4.0,309,987.3,13,5.2,5.3,237.0,1.6,105.0,5.9
2025-11-16 11:00:00,2025,11,16,11,Cao Bằng,Xã Tam Kim,22.606427,106.0179879,51,Moderate,1,25.4,48,0.0,1.3,270,986.1,3,5.9,5.9,219.0,0.6,113.0,5.6
2025-11-16 12:00:00,2025,11,16,12,Cao Bằng,Xã Tam Kim,22.606427,106.0179879,50,Good,0,26.0,48,0.0,2.7,208,984.9,42,6.3,6.4,223.0,0.7,113.0,5.1
2025-11-16 13:00:00,2025,11,16,13,Cao Bằng,Xã Tam Kim,22.606427,106.0179879,50,Good,0,25.4,49,0.0,6.7,214,984.2,100,6.2,6.2,233.0,1.0,112.0,4.5
2025-11-16 14:00:00,2025,11,16,14,Cao Bằng,Xã Tam Kim,22.606427,106.0179879,50,Good,0,24.5,53,0.0,6.4,218,983.2,100,6.4,6.4,246.0,0.8,112.0,4.0
2025-11-16 15:00:00,2025,11,16,15,Cao Bằng,Xã Tam Kim,22.606427,106.0179879,50,Good,0,24.5,58,0.0,3.5,208,982.7,91,7.1,7.2,266.0,0.7,111.0,3.5
2025-11-16 16:00:00,2025,11,16,16,Cao Bằng,Xã Tam Kim,22.606427,106.0179879,50,Good,0,24.2,72,0.0,2.9,176,982.5,100,8.0,8.1,292.0,2.0,106.0,3.4
2025-11-16 17:00:00,2025,11,16,17,Cao Bằng,Xã Tam Kim,22.606427,106.0179879,50,Good,0,22.9,70,0.0,2.8,162,982.6,96,10.2,10.2,333.0,5.8,93.0,4.0
2025-11-16 18:00:00,2025,11,16,18,Cao Bằng,Xã Tam Kim,22.606427,106.0179879,51,Moderate,1,22.1,75,0.0,3.1,183,983.2,20,11.9,11.9,379.0,11.0,76.0,5.1
2025-11-16 19:00:00,2025,11,16,19,Cao Bằng,Xã Tam Kim,22.606427,106.0179879,50,Good,0,20.5,81,0.0,2.1,211,983.7,23,8.8,8.8,405.0,14.0,59.0,6.6
2025-11-16 20:00:00,2025,11,16,20,Cao Bằng,Xã Tam Kim,22.606427,106.0179879,50,Good,0,20.0,84,0.0,2.8,220,984.1,16,9.8,9.8,392.0,14.5,56.0,6.9
2025-11-16 21:00:00,2025,11,16,21,Cao Bằng,Xã Tam Kim,22.606427,106.0179879,49,Good,0,19.1,84,0.0,1.5,249,984.3,18,10.3,10.3,358.0,15.3,52.0,7.4
2025-11-16 22:00:00,2025,11,16,22,Cao Bằng,Xã Tam Kim,22.606427,106.0179879,48,Good,0,18.6,85,0.0,1.6,264,984.4,19,10.9,10.9,331.0,16.3,48.0,7.8
2025-11-16 23:00:00,2025,11,16,23,Cao Bằng,Xã Tam Kim,22.606427,106.0179879,47,Good,0,18.2,85,0.0,2.3,266,984.3,57,12.5,12.5,325.0,17.7,45.0,8.0
2025-11-17 00:00:00,2025,11,17,0,Cao Bằng,Xã Tam Kim,22.606427,106.0179879,46,Good,0,18.4,84,0.0,2.5,274,984.0,97,13.9,13.9,327.0,19.3,42.0,8.1
2025-11-17 01:00:00,2025,11,17,1,Cao Bằng,Xã Tam Kim,22.606427,106.0179879,45,Good,0,19.4,82,0.0,2.2,265,983.7,94,14.5,14.6,325.0,20.5,39.0,8.1
2025-11-17 02:00:00,2025,11,17,2,Cao Bằng,Xã Tam Kim,22.606427,106.0179879,45,Good,0,19.5,82,0.0,2.5,278,983.0,80,15.0,15.0,310.0,20.8,36.0,7.9
2025-11-17 03:00:00,2025,11,17,3,Cao Bằng,Xã Tam Kim,22.606427,106.0179879,44,Good,0,19.2,83,0.0,2.2,265,982.9,35,15.5,15.5,292.0,20.7,34.0,7.6
2025-11-17 04:00:00,2025,11,17,4,Cao Bằng,Xã Tam Kim,22.606427,106.0179879,43,Good,0,18.5,83,0.0,2.2,265,982.8,18,15.8,15.8,290.0,20.7,31.0,7.3
2025-11-17 05:00:00,2025,11,17,5,Cao Bằng,Xã Tam Kim,22.606427,106.0179879,43,Good,0,18.2,83,0.0,2.0,270,983.0,42,16.0,16.0,325.0,21.9,25.0,7.2
2025-11-17 06:00:00,2025,11,17,6,Cao Bằng,Xã Tam Kim,22.606427,106.0179879,43,Good,0,18.0,84,0.0,3.4,267,983.6,20,16.6,16.6,377.0,23.2,19.0,7.2
2025-11-17 07:00:00,2025,11,17,7,Cao Bằng,Xã Tam Kim,22.606427,106.0179879,43,Good,0,19.1,81,0.0,5.1,274,984.6,84,15.0,15.0,403.0,17.1,20.0,5.3
2025-11-17 08:00:00,2025,11,17,8,Cao Bằng,Xã Tam Kim,22.606427,106.0179879,44,Good,0,20.5,78,0.1,2.3,315,985.5,91,12.6,12.7,378.0,13.5,38.0,5.1
2025-11-17 09:00:00,2025,11,17,9,Cao Bằng,Xã Tam Kim,22.606427,106.0179879,45,Good,0,20.3,91,1.2,3.6,279,986.4,100,9.9,10.1,328.0,8.5,62.0,4.9
2025-11-17 10:00:00,2025,11,17,10,Cao Bằng,Xã Tam Kim,22.606427,106.0179879,46,Good,0,21.3,81,0.0,5.4,304,986.8,100,10.6,11.0,282.0,4.7,80.0,4.6
2025-11-17 11:00:00,2025,11,17,11,Cao Bằng,Xã Tam Kim,22.606427,106.0179879,47,Good,0,22.3,71,0.0,5.7,298,986.2,100,9.5,10.1,247.0,3.1,86.0,4.1
2025-11-17 12:00:00,2025,11,17,12,Cao Bằng,Xã Tam Kim,22.606427,106.0179879,47,Good,0,21.4,89,2.4,7.2,292,985.5,100,9.8,10.5,216.0,2.6,86.0,3.5
2025-11-17 13:00:00,2025,11,17,13,Cao Bằng,Xã Tam Kim,22.606427,106.0179879,48,Good,0,21.7,79,1.4,4.8,257,984.6,100,10.0,10.7,203.0,2.5,84.0,3.1
2025-11-17 14:00:00,2025,11,17,14,Cao Bằng,Xã Tam Kim,22.606427,106.0179879,49,Good,0,22.0,79,0.2,3.8,259,983.9,95,10.8,11.4,217.0,2.5,83.0,3.0
2025-11-17 15:00:00,2025,11,17,15,Cao Bằng,Xã Tam Kim,22.606427,106.0179879,49,Good,0,21.5,79,0.1,5.1,297,983.6,98,11.2,11.8,248.0,3.0,80.0,3.0
2025-11-17 16:00:00,2025,11,17,16,Cao Bằng,Xã Tam Kim,22.606427,106.0179879,50,Good,0,21.3,78,0.0,4.5,284,983.6,88,12.2,12.7,278.0,4.3,75.0,3.2
2025-11-17 17:00:00,2025,11,17,17,Cao Bằng,Xã Tam Kim,22.606427,106.0179879,50,Good,0,20.1,85,0.0,4.4,263,984.0,94,14.6,15.1,306.0,7.6,65.0,3.5
2025-11-17 18:00:00,2025,11,17,18,Cao Bằng,Xã Tam Kim,22.606427,106.0179879,51,Moderate,1,19.6,87,0.1,7.5,280,984.5,92,16.4,16.8,333.0,11.7,53.0,4.0
2025-11-17 19:00:00,2025,11,17,19,Cao Bằng,Xã Tam Kim,22.606427,106.0179879,51,Moderate,1,20.3,87,0.0,2.0,275,985.7,100,17.1,17.5,345.0,16.4,35.0,4.4
2025-11-17 20:00:00,2025,11,17,20,Cao Bằng,Xã Tam Kim,22.606427,106.0179879,52,Moderate,1,19.8,92,0.1,4.4,282,985.8,100,13.8,14.0,327.0,14.9,37.0,4.3
2025-11-17 21:00:00,2025,11,17,21,Cao Bằng,Xã Tam Kim,22.606427,106.0179879,52,Moderate,1,19.6,93,0.1,3.8,281,986.3,100,14.7,15.0,293.0,12.9,41.0,4.1
2025-11-17 22:00:00,2025,11,17,22,Cao Bằng,Xã Tam Kim,22.606427,106.0179879,53,Moderate,1,19.4,94,0.5,3.7,281,986.8,100,14.6,14.8,278.0,10.9,45.0,4.3
2025-11-17 23:00:00,2025,11,17,23,Cao Bằng,Xã Tam Kim,22.606427,106.0179879,53,Moderate,1,19.3,94,1.3,3.1,306,987.0,100,15.3,15.5,300.0,9.1,52.0,4.9
2025-11-18 00:00:00,2025,11,18,0,Cao Bằng,Xã Tam Kim,22.606427,106.0179879,53,Moderate,1,19.2,94,1.2,2.4,287,986.8,100,15.9,16.0,340.0,7.5,60.0,5.8
2025-11-18 01:00:00,2025,11,18,1,Cao Bằng,Xã Tam Kim,22.606427,106.0179879,53,Moderate,1,19.5,93,2.2,2.1,290,986.3,100,16.6,16.8,374.0,6.1,65.0,7.1
2025-11-18 02:00:00,2025,11,18,2,Cao Bằng,Xã Tam Kim,22.606427,106.0179879,54,Moderate,1,19.4,92,1.6,2.7,290,985.9,100,16.6,16.7,396.0,5.1,67.0,9.3
2025-11-18 03:00:00,2025,11,18,3,Cao Bằng,Xã Tam Kim,22.606427,106.0179879,54,Moderate,1,19.3,91,1.2,1.0,301,985.8,100,15.5,15.6,411.0,4.4,66.0,11.8
2025-11-18 04:00:00,2025,11,18,4,Cao Bằng,Xã Tam Kim,22.606427,106.0179879,54,Moderate,1,18.9,93,1.3,1.7,139,986.1,100,12.4,12.4,413.0,4.0,64.0,13.4
2025-11-18 05:00:00,2025,11,18,5,Cao Bằng,Xã Tam Kim,22.606427,106.0179879,54,Moderate,1,18.0,97,2.1,3.5,141,986.7,100,9.3,9.3,394.0,4.1,60.0,13.1
2025-11-18 06:00:00,2025,11,18,6,Cao Bằng,Xã Tam Kim,22.606427,106.0179879,53,Moderate,1,17.6,95,2.0,3.7,67,988.1,100,7.1,7.2,361.0,4.6,56.0,11.9
2025-11-18 07:00:00,2025,11,18,7,Cao Bằng,Xã Tam Kim,22.606427,106.0179879,52,Moderate,1,18.6,91,1.6,3.1,87,988.5,100,12.0,12.1,334.0,5.5,47.0,12.5
2025-11-18 08:00:00,2025,11,18,8,Cao Bằng,Xã Tam Kim,22.606427,106.0179879,52,Moderate,1,17.7,94,1.2,2.8,35,989.7,100,8.6,8.7,320.0,5.2,48.0,11.6
2025-11-18 09:00:00,2025,11,18,9,Cao Bằng,Xã Tam Kim,22.606427,106.0179879,51,Moderate,1,16.8,95,1.2,6.3,357,991.0,100,5.7,5.8,312.0,4.7,49.0,10.3
2025-11-18 10:00:00,2025,11,18,10,Cao Bằng,Xã Tam Kim,22.606427,106.0179879,51,Moderate,1,15.8,94,1.6,4.5,23,991.4,100,3.6,3.7,304.0,4.4,50.0,9.3
2025-11-18 11:00:00,2025,11,18,11,Cao Bằng,Xã Tam Kim,22.606427,106.0179879,50,Good,0,15.4,94,1.9,5.6,4,991.2,100,2.6,2.6,295.0,4.3,51.0,8.8
2025-11-18 12:00:00,2025,11,18,12,Cao Bằng,Xã Tam Kim,22.606427,106.0179879,50,Good,0,15.0,95,1.6,10.9,353,990.5,100,2.4,2.4,288.0,4.3,51.0,8.4
2025-11-18 13:00:00,2025,11,18,13,Cao Bằng,Xã Tam Kim,22.606427,106.0179879,48,Good,0,15.0,95,1.0,12.5,348,989.6,100,2.4,2.4,283.0,4.4,52.0,8.2
2025-11-18 14:00:00,2025,11,18,14,Cao Bằng,Xã Tam Kim,22.606427,106.0179879,47,Good,0,14.3,94,1.1,11.3,338,989.2,100,2.7,2.7,283.0,4.7,52.0,8.0
2025-11-18 15:00:00,2025,11,18,15,Cao Bằng,Xã Tam Kim,22.606427,106.0179879,46,Good,0,13.4,94,0.8,10.2,336,989.4,100,3.1,3.1,286.0,5.1,52.0,7.9
2025-11-18 16:00:00,2025,11,18,16,Cao Bằng,Xã Tam Kim,22.606427,106.0179879,44,Good,0,12.8,93,1.1,9.5,338,989.9,100,3.3,3.3,286.0,5.3,53.0,7.8
2025-11-18 17:00:00,2025,11,18,17,Cao Bằng,Xã Tam Kim,22.606427,106.0179879,43,Good,0,12.2,94,1.3,8.5,333,990.7,100,3.4,3.4,280.0,5.2,56.0,7.7
2025-11-18 18:00:00,2025,11,18,18,Cao Bằng,Xã Tam Kim,22.606427,106.0179879,41,Good,0,11.6,93,1.4,9.6,332,991.5,100,3.9,3.9,271.0,4.8,59.0,7.7
2025-11-18 19:00:00,2025,11,18,19,Cao Bằng,Xã Tam Kim,22.606427,106.0179879,39,Good,0,11.7,93,1.2,10.4,340,992.3,100,4.2,4.2,263.0,5.0,55.0,6.8
2025-11-18 20:00:00,2025,11,18,20,Cao Bằng,Xã Tam Kim,22.606427,106.0179879,36,Good,0,11.6,93,1.2,6.9,332,993.4,100,4.5,4.5,257.0,4.7,57.0,6.5
2025-11-18 21:00:00,2025,11,18,21,Cao Bằng,Xã Tam Kim,22.606427,106.0179879,35,Good,0,11.4,93,1.1,7.3,337,993.5,100,4.7,4.8,252.0,4.3,59.0,6.2
2025-11-18 22:00:00,2025,11,18,22,Cao Bằng,Xã Tam Kim,22.606427,106.0179879,33,Good,0,11.1,93,1.3,7.5,343,993.8,100,4.9,5.0,246.0,4.0,60.0,6.0
2025-11-18 23:00:00,2025,11,18,23,Cao Bằng,Xã Tam Kim,22.606427,106.0179879,31,Good,0,11.0,93,1.3,6.6,351,993.8,100,5.0,5.0,239.0,3.9,59.0,6.1
2025-11-19 00:00:00,2025,11,19,0,Cao Bằng,Xã Tam Kim,22.606427,106.0179879,30,Good,0,11.0,92,1.0,6.7,355,993.7,100,4.9,5.0,232.0,3.9,57.0,6.5
2025-11-19 01:00:00,2025,11,19,1,Cao Bằng,Xã Tam Kim,22.606427,106.0179879,28,Good,0,10.8,93,0.8,10.0,346,993.4,100,5.1,5.1,226.0,4.0,54.0,6.8
2025-11-19 02:00:00,2025,11,19,2,Cao Bằng,Xã Tam Kim,22.606427,106.0179879,27,Good,0,10.9,93,0.8,7.1,353,993.1,100,5.2,5.3,221.0,4.2,50.0,7.2
2025-11-19 03:00:00,2025,11,19,3,Cao Bằng,Xã Tam Kim,22.606427,106.0179879,26,Good,0,10.9,93,1.1,5.8,4,992.8,100,5.3,5.4,217.0,4.6,46.0,7.6
2025-11-19 04:00:00,2025,11,19,4,Cao Bằng,Xã Tam Kim,22.606427,106.0179879,26,Good,0,11.0,92,1.1,5.4,14,992.6,100,5.2,5.2,222.0,5.1,42.0,7.9
2025-11-19 05:00:00,2025,11,19,5,Cao Bằng,Xã Tam Kim,22.606427,106.0179879,25,Good,0,11.1,91,0.9,4.1,15,992.5,100,5.0,5.0,244.0,6.0,39.0,8.0
2025-11-19 06:00:00,2025,11,19,6,Cao Bằng,Xã Tam Kim,22.606427,106.0179879,24,Good,0,11.1,90,0.7,3.6,9,992.9,100,4.9,4.9,275.0,7.0,37.0,8.1
2025-11-19 07:00:00,2025,11,19,7,Cao Bằng,Xã Tam Kim,22.606427,106.0179879,22,Good,0,11.1,94,0.3,3.4,357,993.3,100,2.4,2.4,297.0,6.2,39.0,7.7
2025-11-19 08:00:00,2025,11,19,8,Cao Bằng,Xã Tam Kim,22.606427,106.0179879,21,Good,0,11.2,97,0.1,5.6,333,993.6,99,2.2,2.3,302.0,5.6,40.0,8.0
2025-11-19 09:00:00,2025,11,19,9,Cao Bằng,Xã Tam Kim,22.606427,106.0179879,20,Good,0,12.6,79,0.0,6.9,319,993.6,98,2.4,2.4,298.0,4.7,41.0,8.3
2025-11-19 10:00:00,2025,11,19,10,Cao Bằng,Xã Tam Kim,22.606427,106.0179879,19,Good,0,14.1,67,0.0,11.1,347,993.3,93,1.5,1.5,292.0,3.8,45.0,8.5
2025-11-19 11:00:00,2025,11,19,11,Cao Bằng,Xã Tam Kim,22.606427,106.0179879,19,Good,0,16.0,54,0.0,8.7,354,991.8,97,2.1,2.1,286.0,3.0,52.0,8.4
2025-11-19 12:00:00,2025,11,19,12,Cao Bằng,Xã Tam Kim,22.606427,106.0179879,19,Good,0,16.7,51,0.0,9.7,342,990.5,95,3.3,3.3,279.0,2.3,62.0,8.1
2025-11-19 13:00:00,2025,11,19,13,Cao Bằng,Xã Tam Kim,22.606427,106.0179879,21,Good,0,15.9,56,0.0,9.9,355,990.0,100,4.6,4.6,275.0,1.9,69.0,7.7
2025-11-19 14:00:00,2025,11,19,14,Cao Bằng,Xã Tam Kim,22.606427,106.0179879,22,Good,0,16.0,55,0.0,8.4,353,988.7,100,5.6,5.7,275.0,1.6,73.0,7.3
2025-11-19 15:00:00,2025,11,19,15,Cao Bằng,Xã Tam Kim,22.606427,106.0179879,24,Good,0,16.1,56,0.0,5.2,356,988.0,97,6.4,6.5,278.0,1.5,75.0,6.8
2025-11-19 16:00:00,2025,11,19,16,Cao Bằng,Xã Tam Kim,22.606427,106.0179879,26,Good,0,16.3,65,0.0,2.2,312,987.6,100,7.1,7.1,290.0,2.5,73.0,6.4
2025-11-19 17:00:00,2025,11,19,17,Cao Bằng,Xã Tam Kim,22.606427,106.0179879,28,Good,0,15.3,63,0.0,2.0,243,987.3,100,8.1,8.1,319.0,5.3,65.0,6.3
2025-11-19 18:00:00,2025,11,19,18,Cao Bằng,Xã Tam Kim,22.606427,106.0179879,30,Good,0,15.0,64,0.0,0.6,236,987.4,100,9.5,9.5,356.0,9.1,53.0,6.4
2025-11-19 19:00:00,2025,11,19,19,Cao Bằng,Xã Tam Kim,22.606427,106.0179879,30,Good,0,13.8,71,0.0,3.0,308,988.5,98,10.4,10.5,383.0,10.0,42.0,6.7
2025-11-19 20:00:00,2025,11,19,20,Cao Bằng,Xã Tam Kim,22.606427,106.0179879,30,Good,0,14.2,74,0.0,1.8,307,989.1,100,10.9,11.0,392.0,10.1,40.0,6.4
2025-11-19 21:00:00,2025,11,19,21,Cao Bằng,Xã Tam Kim,22.606427,106.0179879,28,Good,0,14.2,71,0.0,0.3,315,989.5,98,10.9,11.1,391.0,10.1,38.0,6.0
2025-11-19 22:00:00,2025,11,19,22,Cao Bằng,Xã Tam Kim,22.606427,106.0179879,27,Good,0,14.2,72,0.0,0.0,270,989.6,96,10.9,11.0,383.0,9.8,37.0,5.6
2025-11-19 23:00:00,2025,11,19,23,Cao Bằng,Xã Tam Kim,22.606427,106.0179879,25,Good,0,13.9,72,0.0,0.4,270,989.4,28,10.8,11.0,365.0,8.9,38.0,5.3
2025-11-20 00:00:00,2025,11,20,0,Cao Bằng,Xã Tam Kim,22.606427,106.0179879,25,Good,0,12.9,76,0.0,1.2,309,989.3,16,10.4,10.6,340.0,7.7,39.0,5.0
2025-11-20 01:00:00,2025,11,20,1,Cao Bằng,Xã Tam Kim,22.606427,106.0179879,26,Good,0,12.2,79,0.0,0.8,333,989.2,4,10.1,10.3,317.0,6.6,41.0,4.8
2025-11-20 02:00:00,2025,11,20,2,Cao Bằng,Xã Tam Kim,22.606427,106.0179879,27,Good,0,11.4,84,0.0,2.6,335,988.4,3,9.9,10.2,296.0,5.8,42.0,4.6
2025-11-20 03:00:00,2025,11,20,3,Cao Bằng,Xã Tam Kim,22.606427,106.0179879,28,Good,0,10.5,87,0.0,3.0,322,988.5,9,9.9,10.1,277.0,5.2,43.0,4.4
2025-11-20 04:00:00,2025,11,20,4,Cao Bằng,Xã Tam Kim,22.606427,106.0179879,29,Good,0,9.8,89,0.0,4.8,312,988.6,12,9.9,10.1,270.0,5.1,43.0,4.4
2025-11-20 05:00:00,2025,11,20,5,Cao Bằng,Xã Tam Kim,22.606427,106.0179879,29,Good,0,9.5,89,0.0,4.8,318,988.8,13,10.0,10.3,288.0,5.9,41.0,4.5
2025-11-20 06:00:00,2025,11,20,6,Cao Bằng,Xã Tam Kim,22.606427,106.0179879,30,Good,0,9.2,88,0.0,5.5,314,989.2,9,10.4,10.7,318.0,7.1,38.0,4.7
2025-11-20 07:00:00,2025,11,20,7,Cao Bằng,Xã Tam Kim,22.606427,106.0179879,31,Good,0,10.3,84,0.0,6.2,316,990.4,8,3.4,3.4,334.0,7.9,39.0,5.4
2025-11-20 08:00:00,2025,11,20,8,Cao Bằng,Xã Tam Kim,22.606427,106.0179879,31,Good,0,13.7,70,0.0,3.8,315,991.3,9,3.7,3.8,320.0,6.5,48.0,6.1
2025-11-20 09:00:00,2025,11,20,9,Cao Bằng,Xã Tam Kim,22.606427,106.0179879,32,Good,0,16.0,55,0.0,6.8,323,991.4,9,3.3,3.4,293.0,4.5,60.0,7.1
2025-11-20 10:00:00,2025,11,20,10,Cao Bằng,Xã Tam Kim,22.606427,106.0179879,32,Good,0,18.0,47,0.0,6.3,345,991.1,11,3.4,3.4,270.0,2.9,71.0,7.7
2025-11-20 11:00:00,2025,11,20,11,Cao Bằng,Xã Tam Kim,22.606427,106.0179879,32,Good,0,19.6,43,0.0,5.6,354,989.8,3,3.9,4.0,260.0,2.0,80.0,7.4
2025-11-20 12:00:00,2025,11,20,12,Cao Bằng,Xã Tam Kim,22.606427,106.0179879,32,Good,0,20.7,40,0.0,3.8,355,988.3,3,4.7,4.9,256.0,1.5,87.0,6.7
2025-11-20 13:00:00,2025,11,20,13,Cao Bằng,Xã Tam Kim,22.606427,106.0179879,33,Good,0,21.4,39,0.0,4.4,333,987.3,7,5.4,5.6,254.0,1.3,92.0,6.0
2025-11-20 14:00:00,2025,11,20,14,Cao Bằng,Xã Tam Kim,22.606427,106.0179879,33,Good,0,21.7,39,0.0,3.2,317,986.2,4,6.0,6.1,253.0,1.0,95.0,5.6
2025-11-20 15:00:00,2025,11,20,15,Cao Bằng,Xã Tam Kim,22.606427,106.0179879,33,Good,0,21.9,39,0.0,2.7,318,985.8,14,6.4,6.5,256.0,1.0,96.0,5.2
2025-11-20 16:00:00,2025,11,20,16,Cao Bằng,Xã Tam Kim,22.606427,106.0179879,36,Good,0,21.1,53,0.0,3.5,39,985.5,6,6.8,6.9,265.0,2.0,93.0,5.0
2025-11-20 17:00:00,2025,11,20,17,Cao Bằng,Xã Tam Kim,22.606427,106.0179879,39,Good,0,17.9,56,0.0,5.6,25,985.5,4,7.7,7.9,289.0,5.2,83.0,5.1
2025-11-20 18:00:00,2025,11,20,18,Cao Bằng,Xã Tam Kim,22.606427,106.0179879,40,Good,0,15.9,63,0.0,5.2,346,986.1,9,9.3,9.4,321.0,9.4,68.0,5.4
2025-11-20 19:00:00,2025,11,20,19,Cao Bằng,Xã Tam Kim,22.606427,106.0179879,40,Good,0,14.5,68,0.0,5.6,329,987.4,5,12.1,12.3,336.0,10.1,55.0,5.6
2025-11-20 20:00:00,2025,11,20,20,Cao Bằng,Xã Tam Kim,22.606427,106.0179879,39,Good,0,13.5,71,0.0,7.1,322,988.3,13,12.7,12.9,321.0,9.8,53.0,5.5
2025-11-20 21:00:00,2025,11,20,21,Cao Bằng,Xã Tam Kim,22.606427,106.0179879,37,Good,0,12.8,71,0.0,7.6,317,988.7,16,12.7,12.8,291.0,9.4,50.0,5.3
2025-11-20 22:00:00,2025,11,20,22,Cao Bằng,Xã Tam Kim,22.606427,106.0179879,34,Good,0,12.3,70,0.0,6.3,309,989.0,24,12.4,12.6,266.0,8.8,48.0,5.1
2025-11-20 23:00:00,2025,11,20,23,Cao Bằng,Xã Tam Kim,22.606427,106.0179879,34,Good,0,12.0,70,0.0,5.5,308,989.3,33,12.2,12.4,256.0,7.8,48.0,4.9
2025-11-21 00:00:00,2025,11,21,0,Cao Bằng,Xã Tam Kim,22.606427,106.0179879,34,Good,0,11.7,69,0.0,5.7,307,988.9,44,11.9,12.1,252.0,6.6,49.0,4.7
2025-11-21 01:00:00,2025,11,21,1,Cao Bằng,Xã Tam Kim,22.606427,106.0179879,34,Good,0,12.7,67,0.0,7.3,301,989.1,95,11.8,12.0,246.0,5.6,50.0,4.7
2025-11-21 02:00:00,2025,11,21,2,Cao Bằng,Xã Tam Kim,22.606427,106.0179879,35,Good,0,13.8,60,0.0,7.6,298,988.8,98,11.7,11.9,233.0,4.7,53.0,4.9
2025-11-21 03:00:00,2025,11,21,3,Cao Bằng,Xã Tam Kim,22.606427,106.0179879,35,Good,0,13.8,59,0.0,7.6,297,988.5,96,11.7,11.9,218.0,3.9,56.0,5.2
2025-11-21 04:00:00,2025,11,21,4,Cao Bằng,Xã Tam Kim,22.606427,106.0179879,35,Good,0,14.0,57,0.0,7.2,302,988.5,92,11.8,12.1,215.0,3.6,58.0,5.7
2025-11-21 05:00:00,2025,11,21,5,Cao Bằng,Xã Tam Kim,22.606427,106.0179879,36,Good,0,13.5,59,0.0,7.4,304,988.2,75,12.3,12.5,235.0,4.3,57.0,6.3
2025-11-21 06:00:00,2025,11,21,6,Cao Bằng,Xã Tam Kim,22.606427,106.0179879,36,Good,0,13.1,61,0.0,7.6,306,988.9,75,13.0,13.2,267.0,5.6,54.0,7.0
2025-11-21 07:00:00,2025,11,21,7,Cao Bằng,Xã Tam Kim,22.606427,106.0179879,37,Good,0,13.9,64,0.0,9.8,314,989.8,95,3.5,3.5,287.0,4.5,67.0,8.9
2025-11-21 08:00:00,2025,11,21,8,Cao Bằng,Xã Tam Kim,22.606427,106.0179879,37,Good,0,15.9,59,0.0,7.9,321,990.4,87,4.1,4.2,282.0,4.0,71.0,9.9
2025-11-21 09:00:00,2025,11,21,9,Cao Bằng,Xã Tam Kim,22.606427,106.0179879,37,Good,0,17.3,50,0.0,8.8,316,991.0,58,4.1,4.1,265.0,3.4,76.0,11.1
2025-11-21 10:00:00,2025,11,21,10,Cao Bằng,Xã Tam Kim,22.606427,106.0179879,37,Good,0,19.2,43,0.0,10.3,345,991.0,65,4.1,4.1,252.0,2.8,82.0,11.8
2025-11-21 11:00:00,2025,11,21,11,Cao Bằng,Xã Tam Kim,22.606427,106.0179879,37,Good,0,20.2,39,0.0,9.1,353,989.9,66,4.1,4.1,251.0,2.3,88.0,11.3
2025-11-21 12:00:00,2025,11,21,12,Cao Bằng,Xã Tam Kim,22.606427,106.0179879,37,Good,0,20.8,38,0.0,8.1,354,988.9,52,4.3,4.3,254.0,1.8,93.0,10.1
2025-11-21 13:00:00,2025,11,21,13,Cao Bằng,Xã Tam Kim,22.606427,106.0179879,37,Good,0,21.8,36,0.0,7.3,9,987.3,16,4.6,4.6,259.0,1.6,97.0,9.1
2025-11-21 14:00:00,2025,11,21,14,Cao Bằng,Xã Tam Kim,22.606427,106.0179879,37,Good,0,22.2,36,0.0,5.9,12,986.3,5,4.9,4.9,262.0,1.0,100.0,8.3
2025-11-21 15:00:00,2025,11,21,15,Cao Bằng,Xã Tam Kim,22.606427,106.0179879,39,Good,0,22.2,37,0.0,4.2,12,985.8,7,5.2,5.3,266.0,0.6,102.0,7.7
2025-11-21 16:00:00,2025,11,21,16,Cao Bằng,Xã Tam Kim,22.606427,106.0179879,41,Good,0,21.5,54,0.0,2.5,8,985.6,6,5.7,5.7,279.0,2.3,98.0,7.5
2025-11-21 17:00:00,2025,11,21,17,Cao Bằng,Xã Tam Kim,22.606427,106.0179879,43,Good,0,19.4,48,0.0,3.1,45,985.1,2,7.1,7.2,311.0,8.0,85.0,8.1
2025-11-21 18:00:00,2025,11,21,18,Cao Bằng,Xã Tam Kim,22.606427,106.0179879,43,Good,0,17.4,52,0.0,2.9,68,985.4,2,9.8,9.8,350.0,15.9,67.0,9.1
2025-11-21 19:00:00,2025,11,21,19,Cao Bằng,Xã Tam Kim,22.606427,106.0179879,42,Good,0,15.4,63,0.0,3.4,295,985.9,2,16.8,17.0,373.0,17.5,48.0,9.1
2025-11-21 20:00:00,2025,11,21,20,Cao Bằng,Xã Tam Kim,22.606427,106.0179879,40,Good,0,14.4,66,0.0,3.8,289,986.4,7,18.7,18.9,365.0,18.4,42.0,8.9
2025-11-21 21:00:00,2025,11,21,21,Cao Bằng,Xã Tam Kim,22.606427,106.0179879,38,Good,0,13.6,68,0.0,4.1,299,986.8,20,19.8,19.9,339.0,19.6,35.0,8.5
2025-11-21 22:00:00,2025,11,21,22,Cao Bằng,Xã Tam Kim,22.606427,106.0179879,39,Good,0,13.1,70,0.0,4.2,306,986.9,40,19.8,20.0,312.0,19.7,29.0,8.0
2025-11-21 23:00:00,2025,11,21,23,Cao Bằng,Xã Tam Kim,22.606427,106.0179879,40,Good,0,12.8,70,0.0,4.8,299,986.9,46,18.9,19.0,284.0,17.9,27.0,7.2
2025-11-22 00:00:00,2025,11,22,0,Cao Bằng,Xã Tam Kim,22.606427,106.0179879,42,Good,0,12.5,70,0.0,4.4,289,986.5,34,17.7,17.8,255.0,15.2,28.0,6.1
2025-11-22 01:00:00,2025,11,22,1,Cao Bằng,Xã Tam Kim,22.606427,106.0179879,43,Good,0,12.6,67,0.0,3.1,283,986.5,4,17.1,17.2,232.0,12.9,28.0,5.3
2025-11-22 02:00:00,2025,11,22,2,Cao Bằng,Xã Tam Kim,22.606427,106.0179879,44,Good,0,12.3,66,0.0,4.5,299,985.9,4,16.7,16.8,217.0,11.6,27.0,4.8
2025-11-22 03:00:00,2025,11,22,3,Cao Bằng,Xã Tam Kim,22.606427,106.0179879,44,Good,0,11.8,67,0.0,4.8,295,985.5,10,16.5,16.7,208.0,10.8,25.0,4.4
2025-11-22 04:00:00,2025,11,22,4,Cao Bằng,Xã Tam Kim,22.606427,106.0179879,45,Good,0,11.6,67,0.0,3.8,289,985.5,8,16.4,16.6,213.0,10.4,24.0,4.3
2025-11-22 05:00:00,2025,11,22,5,Cao Bằng,Xã Tam Kim,22.606427,106.0179879,46,Good,0,11.4,66,0.0,3.3,292,985.5,6,16.6,16.8,244.0,11.1,20.0,4.4
2025-11-22 06:00:00,2025,11,22,6,Cao Bằng,Xã Tam Kim,22.606427,106.0179879,47,Good,0,11.0,65,0.0,3.9,286,985.8,5,17.4,17.6,288.0,12.3,17.0,4.8
2025-11-22 07:00:00,2025,11,22,7,Cao Bằng,Xã Tam Kim,22.606427,106.0179879,48,Good,0,12.7,68,0.0,2.9,281,987.1,2,15.0,15.1,310.0,12.6,22.0,5.5
2025-11-22 08:00:00,2025,11,22,8,Cao Bằng,Xã Tam Kim,22.606427,106.0179879,50,Good,0,15.2,58,0.0,3.4,288,988.0,2,13.2,13.3,287.0,9.4,44.0,6.4
2025-11-22 09:00:00,2025,11,22,9,Cao Bằng,Xã Tam Kim,22.606427,106.0179879,51,Moderate,1,18.2,50,0.0,3.1,283,988.4,2,8.3,8.5,241.0,5.1,75.0,7.7
2025-11-22 10:00:00,2025,11,22,10,Cao Bằng,Xã Tam Kim,22.606427,106.0179879,51,Moderate,1,20.2,41,0.0,1.3,270,987.9,0,5.7,5.9,207.0,1.8,99.0,8.4
2025-11-22 11:00:00,2025,11,22,11,Cao Bằng,Xã Tam Kim,22.606427,106.0179879,51,Moderate,1,21.3,38,0.0,0.9,180,986.8,0,5.1,5.2,199.0,0.8,108.0,8.1
2025-11-22 12:00:00,2025,11,22,12,Cao Bằng,Xã Tam Kim,22.606427,106.0179879,51,Moderate,1,22.2,37,0.0,2.2,166,985.4,0,4.9,5.0,203.0,0.8,109.0,7.2
2025-11-22 13:00:00,2025,11,22,13,Cao Bằng,Xã Tam Kim,22.606427,106.0179879,51,Moderate,1,22.7,34,0.0,3.2,153,984.4,0,4.8,4.9,211.0,1.1,109.0,6.6
2025-11-22 14:00:00,2025,11,22,14,Cao Bằng,Xã Tam Kim,22.606427,106.0179879,51,Moderate,1,22.9,35,0.0,3.6,150,983.2,0,4.9,4.9,219.0,0.7,112.0,6.4
2025-11-22 15:00:00,2025,11,22,15,Cao Bằng,Xã Tam Kim,22.606427,106.0179879,51,Moderate,1,22.7,36,0.0,3.7,151,982.6,0,4.9,5.0,230.0,0.5,113.0,6.3
2025-11-22 16:00:00,2025,11,22,16,Cao Bằng,Xã Tam Kim,22.606427,106.0179879,51,Moderate,1,21.5,49,0.0,3.1,177,982.3,0,5.1,5.1,247.0,1.9,110.0,6.5
2025-11-22 17:00:00,2025,11,22,17,Cao Bằng,Xã Tam Kim,22.606427,106.0179879,51,Moderate,1,18.8,58,0.0,3.8,197,982.1,0,6.7,6.7,279.0,6.4,97.0,7.1
2025-11-22 18:00:00,2025,11,22,18,Cao Bằng,Xã Tam Kim,22.606427,106.0179879,51,Moderate,1,16.5,64,0.0,4.7,198,982.2,0,8.6,8.6,317.0,12.4,80.0,8.0
2025-11-22 19:00:00,2025,11,22,19,Cao Bằng,Xã Tam Kim,22.606427,106.0179879,51,Moderate,1,15.3,68,0.0,3.3,221,983.3,0,7.0,7.0,338.0,17.6,60.0,8.6
2025-11-22 20:00:00,2025,11,22,20,Cao Bằng,Xã Tam Kim,22.606427,106.0179879,50,Good,0,14.9,69,0.0,1.9,248,984.2,0,8.5,8.5,326.0,18.1,58.0,9.2
2025-11-22 21:00:00,2025,11,22,21,Cao Bằng,Xã Tam Kim,22.606427,106.0179879,49,Good,0,14.5,70,0.0,0.9,259,984.4,2,10.0,10.1,297.0,18.9,55.0,10.0
2025-11-22 22:00:00,2025,11,22,22,Cao Bằng,Xã Tam Kim,22.606427,106.0179879,47,Good,0,14.0,70,0.0,1.5,249,984.7,13,12.1,12.1,273.0,19.5,53.0,10.7
2025-11-22 23:00:00,2025,11,22,23,Cao Bằng,Xã Tam Kim,22.606427,106.0179879,46,Good,0,13.9,69,0.0,1.9,253,984.5,39,14.0,14.1,264.0,19.9,52.0,11.2
2025-11-23 00:00:00,2025,11,23,0,Cao Bằng,Xã Tam Kim,22.606427,106.0179879,45,Good,0,14.4,67,0.0,1.5,277,984.5,32,15.3,15.3,261.0,20.1,51.0,11.5
2025-11-23 01:00:00,2025,11,23,1,Cao Bằng,Xã Tam Kim,22.606427,106.0179879,44,Good,0,15.0,65,0.0,1.1,252,984.6,5,16.2,16.2,260.0,20.1,49.0,11.6
2025-11-23 02:00:00,2025,11,23,2,Cao Bằng,Xã Tam Kim,22.606427,106.0179879,44,Good,0,14.4,66,0.0,2.2,261,983.9,18,16.9,16.9,254.0,19.5,47.0,11.4
2025-11-23 03:00:00,2025,11,23,3,Cao Bằng,Xã Tam Kim,22.606427,106.0179879,44,Good,0,14.0,67,0.0,2.5,240,983.7,19,17.6,17.6,249.0,18.6,44.0,10.9
2025-11-23 04:00:00,2025,11,23,4,Cao Bằng,Xã Tam Kim,22.606427,106.0179879,44,Good,0,13.5,68,0.0,2.2,256,983.8,0,18.1,18.2,262.0,18.0,41.0,10.4
2025-11-23 05:00:00,2025,11,23,5,Cao Bằng,Xã Tam Kim,22.606427,106.0179879,45,Good,0,13.1,69,0.0,3.4,273,983.8,1,18.5,18.6,314.0,18.6,33.0,9.7
2025-11-23 06:00:00,2025,11,23,6,Cao Bằng,Xã Tam Kim,22.606427,106.0179879,45,Good,0,12.5,71,0.0,4.0,267,984.4,2,19.4,19.4,382.0,19.6,26.0,9.0
2025-11-23 07:00:00,2025,11,23,7,Cao Bằng,Xã Tam Kim,22.606427,106.0179879,45,Good,0,13.9,72,0.0,2.7,247,985.6,2,12.4,12.4,418.0,19.4,31.0,9.6
2025-11-23 08:00:00,2025,11,23,8,Cao Bằng,Xã Tam Kim,22.606427,106.0179879,45,Good,0,16.2,62,0.0,3.1,280,986.2,4,7.8,7.9,390.0,14.2,58.0,10.9
2025-11-23 09:00:00,2025,11,23,9,Cao Bằng,Xã Tam Kim,22.606427,106.0179879,44,Good,0,18.5,54,0.0,2.7,290,987.0,5,5.3,5.3,328.0,7.1,94.0,12.7
2025-11-23 10:00:00,2025,11,23,10,Cao Bằng,Xã Tam Kim,22.606427,106.0179879,43,Good,0,20.2,47,0.0,1.6,297,987.1,3,5.2,5.2,279.0,1.9,121.0,13.7
2025-11-23 11:00:00,2025,11,23,11,Cao Bằng,Xã Tam Kim,22.606427,106.0179879,43,Good,0,21.5,42,0.0,0.2,270,986.1,3,5.8,5.8,259.0,0.4,129.0,13.0
2025-11-23 12:00:00,2025,11,23,12,Cao Bằng,Xã Tam Kim,22.606427,106.0179879,43,Good,0,22.5,38,0.0,0.9,169,984.5,1,6.6,6.7,251.0,0.7,127.0,11.4
2025-11-23 13:00:00,2025,11,23,13,Cao Bằng,Xã Tam Kim,22.606427,106.0179879,44,Good,0,23.4,33,0.0,1.0,158,983.3,0,7.4,7.5,247.0,1.2,125.0,10.2
2025-11-23 14:00:00,2025,11,23,14,Cao Bằng,Xã Tam Kim,22.606427,106.0179879,44,Good,0,23.6,34,0.0,1.3,124,982.3,0,8.2,8.3,245.0,0.8,127.0,9.7
2025-11-23 15:00:00,2025,11,23,15,Cao Bằng,Xã Tam Kim,22.606427,106.0179879,47,Good,0,23.4,38,0.0,3.3,144,981.9,0,9.2,9.3,249.0,0.6,128.0,9.6
2025-11-23 16:00:00,2025,11,23,16,Cao Bằng,Xã Tam Kim,22.606427,106.0179879,60,Moderate,1,22.1,52,0.0,1.6,180,981.5,0,10.4,10.5,258.0,2.0,124.0,9.8
2025-11-23 17:00:00,2025,11,23,17,Cao Bằng,Xã Tam Kim,22.606427,106.0179879,74,Moderate,1,19.5,61,0.0,1.0,248,981.3,0,12.9,13.0,279.0,6.6,111.0,10.4
2025-11-23 18:00:00,2025,11,23,18,Cao Bằng,Xã Tam Kim,22.606427,106.0179879,78,Moderate,1,17.6,65,0.0,2.6,236,981.5,0,15.7,15.8,306.0,12.9,92.0,11.4
2025-11-23 19:00:00,2025,11,23,19,Cao Bằng,Xã Tam Kim,22.606427,106.0179879,71,Moderate,1,16.3,72,0.0,2.9,227,982.0,0,14.9,15.0,324.0,21.9,68.0,12.1
2025-11-23 20:00:00,2025,11,23,20,Cao Bằng,Xã Tam Kim,22.606427,106.0179879,58,Moderate,1,15.9,72,0.0,2.1,239,982.6,0,17.6,17.7,324.0,22.6,63.0,12.7
2025-11-23 21:00:00,2025,11,23,21,Cao Bằng,Xã Tam Kim,22.606427,106.0179879,51,Moderate,1,15.3,72,0.0,2.8,259,983.1,0,20.2,20.3,315.0,23.5,57.0,13.6
2025-11-23 22:00:00,2025,11,23,22,Cao Bằng,Xã Tam Kim,22.606427,106.0179879,52,Moderate,1,15.1,70,0.0,2.0,260,983.3,0,22.4,22.4,311.0,23.9,51.0,14.0
2025-11-23 23:00:00,2025,11,23,23,Cao Bằng,Xã Tam Kim,22.606427,106.0179879,53,Moderate,1,14.9,69,0.0,1.5,249,983.5,0,23.8,23.9,319.0,23.6,47.0,13.7
2025-11-24 00:00:00,2025,11,24,0,Cao Bằng,Xã Tam Kim,22.606427,106.0179879,54,Moderate,1,14.2,70,0.0,2.5,262,983.5,14,24.4,24.5,331.0,22.8,43.0,13.0
2025-11-24 01:00:00,2025,11,24,1,Cao Bằng,Xã Tam Kim,22.606427,106.0179879,54,Moderate,1,13.7,74,0.0,3.3,276,983.4,90,24.6,24.7,338.0,21.6,40.0,12.0
2025-11-24 02:00:00,2025,11,24,2,Cao Bằng,Xã Tam Kim,22.606427,106.0179879,55,Moderate,1,13.2,76,0.0,3.5,294,983.0,25,24.4,24.5,328.0,19.8,36.0,10.4
2025-11-24 03:00:00,2025,11,24,3,Cao Bằng,Xã Tam Kim,22.606427,106.0179879,56,Moderate,1,12.4,80,0.0,4.7,302,983.0,11,23.8,23.9,313.0,17.6,31.0,8.6
2025-11-24 04:00:00,2025,11,24,4,Cao Bằng,Xã Tam Kim,22.606427,106.0179879,56,Moderate,1,12.1,82,0.0,4.7,298,983.3,3,22.6,22.7,323.0,15.8,29.0,7.2
2025-11-24 05:00:00,2025,11,24,5,Cao Bằng,Xã Tam Kim,22.606427,106.0179879,57,Moderate,1,12.5,80,0.0,6.5,302,983.9,0,21.6,21.6,392.0,15.1,27.0,6.7
2025-11-24 06:00:00,2025,11,24,6,Cao Bằng,Xã Tam Kim,22.606427,106.0179879,57,Moderate,1,11.2,87,0.0,7.4,296,984.6,0,21.2,21.2,486.0,14.7,26.0,6.7
2025-11-24 07:00:00,2025,11,24,7,Cao Bằng,Xã Tam Kim,22.606427,106.0179879,57,Moderate,1,12.9,81,0.0,5.0,283,985.6,0,20.2,20.2,526.0,13.0,36.0,7.1
2025-11-24 08:00:00,2025,11,24,8,Cao Bằng,Xã Tam Kim,22.606427,106.0179879,58,Moderate,1,15.5,73,0.0,5.0,308,986.8,0,16.3,16.3,459.0,9.7,57.0,7.8
2025-11-24 09:00:00,2025,11,24,9,Cao Bằng,Xã Tam Kim,22.606427,106.0179879,59,Moderate,1,18.6,60,0.0,3.7,305,987.7,0,12.9,13.0,338.0,5.1,87.0,8.9
2025-11-24 10:00:00,2025,11,24,10,Cao Bằng,Xã Tam Kim,22.606427,106.0179879,59,Moderate,1,20.9,51,0.0,4.8,318,987.4,0,14.0,14.1,249.0,1.7,108.0,9.5
2025-11-24 11:00:00,2025,11,24,11,Cao Bằng,Xã Tam Kim,22.606427,106.0179879,60,Moderate,1,22.4,51,0.0,4.3,336,986.4,0,15.6,15.8,229.0,0.6,114.0,9.4
2025-11-24 12:00:00,2025,11,24,12,Cao Bằng,Xã Tam Kim,22.606427,106.0179879,61,Moderate,1,24.0,44,0.0,3.9,336,984.9,0,17.2,17.5,241.0,0.7,112.0,9.0
2025-11-24 13:00:00,2025,11,24,13,Cao Bằng,Xã Tam Kim,22.606427,106.0179879,62,Moderate,1,25.4,38,0.0,8.5,295,983.4,52,18.3,18.5,253.0,1.0,109.0,8.5
2025-11-24 14:00:00,2025,11,24,14,Cao Bằng,Xã Tam Kim,22.606427,106.0179879,63,Moderate,1,25.2,38,0.0,10.2,330,982.9,36,18.1,18.4,255.0,1.0,108.0,8.1
2025-11-24 15:00:00,2025,11,24,15,Cao Bằng,Xã Tam Kim,22.606427,106.0179879,64,Moderate,1,24.4,41,0.0,12.6,329,983.0,54,18.2,18.4,257.0,1.2,107.0,7.6
2025-11-24 16:00:00,2025,11,24,16,Cao Bằng,Xã Tam Kim,22.606427,106.0179879,64,Moderate,1,22.7,48,0.0,11.1,331,983.0,10,18.8,19.0,261.0,2.0,103.0,7.3
2025-11-24 17:00:00,2025,11,24,17,Cao Bằng,Xã Tam Kim,22.606427,106.0179879,65,Moderate,1,20.0,57,0.0,9.8,334,983.6,2,20.0,20.1,269.0,3.9,94.0,7.3
2025-11-24 18:00:00,2025,11,24,18,Cao Bằng,Xã Tam Kim,22.606427,106.0179879,66,Moderate,1,18.5,58,0.0,11.0,319,984.4,9,20.7,21.0,279.0,6.3,83.0,7.4
2025-11-24 19:00:00,2025,11,24,19,Cao Bằng,Xã Tam Kim,22.606427,106.0179879,66,Moderate,1,16.7,67,0.0,9.4,324,985.4,10,22.0,22.1,285.0,7.0,71.0,8.0
2025-11-24 20:00:00,2025,11,24,20,Cao Bằng,Xã Tam Kim,22.606427,106.0179879,67,Moderate,1,15.7,72,0.0,7.5,312,986.1,8,22.5,22.7,283.0,7.0,69.0,7.7
2025-11-24 21:00:00,2025,11,24,21,Cao Bằng,Xã Tam Kim,22.606427,106.0179879,67,Moderate,1,14.9,75,0.0,8.5,298,986.5,5,21.8,22.1,276.0,7.0,66.0,7.4
2025-11-24 22:00:00,2025,11,24,22,Cao Bằng,Xã Tam Kim,22.606427,106.0179879,68,Moderate,1,14.5,74,0.0,9.0,285,986.9,10,21.0,21.3,271.0,6.7,65.0,7.1
2025-11-24 23:00:00,2025,11,24,23,Cao Bằng,Xã Tam Kim,22.606427,106.0179879,67,Moderate,1,13.8,74,0.0,6.9,285,987.1,5,20.3,20.7,270.0,6.0,68.0,7.0
2025-11-25 00:00:00,2025,11,25,0,Cao Bằng,Xã Tam Kim,22.606427,106.0179879,67,Moderate,1,13.1,75,0.0,5.0,285,987.4,6,19.3,19.7,271.0,5.0,73.0,7.1
2025-11-25 01:00:00,2025,11,25,1,Cao Bằng,Xã Tam Kim,22.606427,106.0179879,67,Moderate,1,12.7,78,0.0,7.0,305,987.6,7,17.9,18.3,274.0,4.3,76.0,7.3
2025-11-25 02:00:00,2025,11,25,2,Cao Bằng,Xã Tam Kim,22.606427,106.0179879,66,Moderate,1,12.7,76,0.0,9.9,312,987.3,2,16.5,16.8,278.0,3.9,77.0,7.7
2025-11-25 03:00:00,2025,11,25,3,Cao Bằng,Xã Tam Kim,22.606427,106.0179879,65,Moderate,1,12.9,72,0.0,11.5,312,987.3,13,15.4,15.7,285.0,3.6,76.0,8.2
2025-11-25 04:00:00,2025,11,25,4,Cao Bằng,Xã Tam Kim,22.606427,106.0179879,65,Moderate,1,13.0,67,0.0,12.5,307,987.5,2,15.0,15.2,294.0,3.8,74.0,8.7
2025-11-25 05:00:00,2025,11,25,5,Cao Bằng,Xã Tam Kim,22.606427,106.0179879,64,Moderate,1,12.6,65,0.0,12.2,308,987.6,0,15.1,15.4,311.0,4.8,67.0,9.2
2025-11-25 06:00:00,2025,11,25,6,Cao Bằng,Xã Tam Kim,22.606427,106.0179879,63,Moderate,1,12.3,63,0.0,12.7,313,988.2,0,15.9,16.1,331.0,6.3,59.0,9.7
2025-11-25 07:00:00,2025,11,25,7,Cao Bằng,Xã Tam Kim,22.606427,106.0179879,63,Moderate,1,12.9,64,0.0,13.2,315,988.7,1,9.2,9.4,339.0,7.3,58.0,10.3
2025-11-25 08:00:00,2025,11,25,8,Cao Bằng,Xã Tam Kim,22.606427,106.0179879,62,Moderate,1,15.3,58,0.0,10.3,316,989.0,0,9.8,10.0,323.0,5.8,69.0,10.8
2025-11-25 09:00:00,2025,11,25,9,Cao Bằng,Xã Tam Kim,22.606427,106.0179879,61,Moderate,1,17.6,47,0.0,12.4,317,989.4,1,11.1,11.6,295.0,3.8,84.0,11.5
2025-11-25 10:00:00,2025,11,25,10,Cao Bằng,Xã Tam Kim,22.606427,106.0179879,61,Moderate,1,19.6,40,0.0,12.1,353,989.0,0,10.7,11.3,271.0,2.2,97.0,11.5
2025-11-25 11:00:00,2025,11,25,11,Cao Bằng,Xã Tam Kim,22.606427,106.0179879,61,Moderate,1,20.8,35,0.0,10.5,4,987.5,0,9.8,10.2,257.0,1.5,104.0,10.3
2025-11-25 12:00:00,2025,11,25,12,Cao Bằng,Xã Tam Kim,22.606427,106.0179879,60,Moderate,1,21.7,33,0.0,8.0,10,986.1,0,9.3,9.6,248.0,1.2,108.0,8.6
2025-11-25 13:00:00,2025,11,25,13,Cao Bằng,Xã Tam Kim,22.606427,106.0179879,60,Moderate,1,22.4,31,0.0,6.5,13,984.7,0,9.1,9.3,244.0,1.1,111.0,7.2
2025-11-25 14:00:00,2025,11,25,14,Cao Bằng,Xã Tam Kim,22.606427,106.0179879,59,Moderate,1,22.6,32,0.0,4.5,14,983.7,0,9.0,9.2,248.0,0.4,114.0,6.5
2025-11-25 15:00:00,2025,11,25,15,Cao Bằng,Xã Tam Kim,22.606427,106.0179879,58,Moderate,1,22.4,32,0.0,2.3,51,982.9,0,9.0,9.2,258.0,0.0,115.0,6.2
2025-11-25 16:00:00,2025,11,25,16,Cao Bằng,Xã Tam Kim,22.606427,106.0179879,57,Moderate,1,21.2,57,0.0,2.2,138,982.5,0,9.2,9.4,270.0,1.8,111.0,6.3
2025-11-25 17:00:00,2025,11,25,17,Cao Bằng,Xã Tam Kim,22.606427,106.0179879,56,Moderate,1,18.5,53,0.0,3.3,144,982.1,0,11.2,11.3,287.0,8.0,96.0,7.2
2025-11-25 18:00:00,2025,11,25,18,Cao Bằng,Xã Tam Kim,22.606427,106.0179879,56,Moderate,1,15.9,57,0.0,5.2,139,982.5,0,14.2,14.3,307.0,16.4,76.0,8.6
2025-11-25 19:00:00,2025,11,25,19,Cao Bằng,Xã Tam Kim,22.606427,106.0179879,55,Moderate,1,14.9,60,0.0,1.8,186,983.4,0,15.9,15.9,321.0,23.4,54.0,10.0
2025-11-25 20:00:00,2025,11,25,20,Cao Bằng,Xã Tam Kim,22.606427,106.0179879,54,Moderate,1,13.8,62,0.0,3.7,209,983.7,0,19.3,19.3,325.0,25.0,47.0,10.3
2025-11-25 21:00:00,2025,11,25,21,Cao Bằng,Xã Tam Kim,22.606427,106.0179879,54,Moderate,1,13.1,60,0.0,3.2,223,984.0,0,21.4,21.4,323.0,27.1,38.0,10.7
2025-11-25 22:00:00,2025,11,25,22,Cao Bằng,Xã Tam Kim,22.606427,106.0179879,54,Moderate,1,12.4,61,0.0,1.5,240,984.4,0,22.8,22.8,317.0,28.0,30.0,10.6
2025-11-25 23:00:00,2025,11,25,23,Cao Bằng,Xã Tam Kim,22.606427,106.0179879,54,Moderate,1,11.6,63,0.0,1.4,247,984.3,7,23.3,23.3,304.0,26.8,26.0,9.6
2025-11-26 00:00:00,2025,11,26,0,Cao Bằng,Xã Tam Kim,22.606427,106.0179879,55,Moderate,1,10.8,65,0.0,3.1,280,984.0,6,22.8,22.9,287.0,24.3,24.0,8.0
2025-11-26 01:00:00,2025,11,26,1,Cao Bằng,Xã Tam Kim,22.606427,106.0179879,55,Moderate,1,10.5,68,0.0,3.8,289,984.2,0,21.8,21.8,271.0,21.8,23.0,6.6
2025-11-26 02:00:00,2025,11,26,2,Cao Bằng,Xã Tam Kim,22.606427,106.0179879,55,Moderate,1,9.8,72,0.0,4.6,296,983.3,0,20.5,20.5,253.0,19.3,22.0,5.5
2025-11-26 03:00:00,2025,11,26,3,Cao Bằng,Xã Tam Kim,22.606427,106.0179879,56,Moderate,1,9.5,72,0.0,4.4,291,983.2,0,19.2,19.3,237.0,16.6,22.0,4.5
2025-11-26 04:00:00,2025,11,26,4,Cao Bằng,Xã Tam Kim,22.606427,106.0179879,56,Moderate,1,9.2,72,0.0,4.4,291,983.5,0,18.2,18.3,240.0,14.7,23.0,3.9
2025-11-26 05:00:00,2025,11,26,5,Cao Bằng,Xã Tam Kim,22.606427,106.0179879,56,Moderate,1,9.0,72,0.0,4.0,288,983.3,0,17.6,17.7,285.0,14.5,22.0,3.9
2025-11-26 06:00:00,2025,11,26,6,Cao Bằng,Xã Tam Kim,22.606427,106.0179879,56,Moderate,1,8.8,70,0.0,3.8,273,984.1,0,17.8,17.9,349.0,15.0,21.0,4.3
2025-11-26 07:00:00,2025,11,26,7,Cao Bằng,Xã Tam Kim,22.606427,106.0179879,57,Moderate,1,9.9,73,0.0,3.5,279,985.3,0,15.2,15.3,382.0,12.9,30.0,5.0
2025-11-26 08:00:00,2025,11,26,8,Cao Bằng,Xã Tam Kim,22.606427,106.0179879,57,Moderate,1,12.6,63,0.0,3.8,295,985.8,0,10.6,10.7,351.0,9.5,53.0,6.4
2025-11-26 09:00:00,2025,11,26,9,Cao Bằng,Xã Tam Kim,22.606427,106.0179879,57,Moderate,1,15.7,55,0.0,2.5,274,986.5,0,7.8,8.4,288.0,4.9,84.0,8.3
2025-11-26 10:00:00,2025,11,26,10,Cao Bằng,Xã Tam Kim,22.606427,106.0179879,57,Moderate,1,18.1,47,0.0,2.0,260,986.2,0,7.9,9.1,240.0,1.5,107.0,9.5
2025-11-26 11:00:00,2025,11,26,11,Cao Bằng,Xã Tam Kim,22.606427,106.0179879,57,Moderate,1,19.7,43,0.0,0.9,259,985.4,0,7.9,9.1,226.0,0.5,115.0,9.4
2025-11-26 12:00:00,2025,11,26,12,Cao Bằng,Xã Tam Kim,22.606427,106.0179879,56,Moderate,1,20.9,42,0.0,1.3,214,984.1,0,7.9,9.0,227.0,0.7,114.0,8.6
2025-11-26 13:00:00,2025,11,26,13,Cao Bằng,Xã Tam Kim,22.606427,106.0179879,56,Moderate,1,21.9,39,0.0,1.0,248,983.1,17,7.8,8.8,234.0,1.0,113.0,7.8
2025-11-26 14:00:00,2025,11,26,14,Cao Bằng,Xã Tam Kim,22.606427,106.0179879,56,Moderate,1,22.1,41,0.0,1.9,197,982.5,0,7.7,8.6,246.0,0.5,114.0,7.2
2025-11-26 15:00:00,2025,11,26,15,Cao Bằng,Xã Tam Kim,22.606427,106.0179879,56,Moderate,1,21.9,42,0.0,3.9,208,982.1,0,7.6,8.5,263.0,0.2,114.0,6.7
2025-11-26 16:00:00,2025,11,26,16,Cao Bằng,Xã Tam Kim,22.606427,106.0179879,56,Moderate,1,20.6,50,0.0,6.5,228,982.2,0,7.6,8.4,280.0,1.9,109.0,6.6
2025-11-26 17:00:00,2025,11,26,17,Cao Bằng,Xã Tam Kim,22.606427,106.0179879,56,Moderate,1,16.9,68,0.0,6.3,246,982.6,3,9.3,10.0,299.0,7.6,94.0,7.2
2025-11-26 18:00:00,2025,11,26,18,Cao Bằng,Xã Tam Kim,22.606427,106.0179879,56,Moderate,1,15.5,72,0.0,2.1,250,983.7,0,11.8,12.5,317.0,15.3,73.0,8.1
2025-11-26 19:00:00,2025,11,26,19,Cao Bằng,Xã Tam Kim,22.606427,106.0179879,55,Moderate,1,15.7,69,0.0,1.1,171,984.8,0,15.7,16.5,322.0,21.9,58.0,9.3
2025-11-26 20:00:00,2025,11,26,20,Cao Bằng,Xã Tam Kim,22.606427,106.0179879,55,Moderate,1,14.2,74,0.0,2.7,290,985.9,0,17.5,18.4,302.0,21.5,53.0,8.8
2025-11-26 21:00:00,2025,11,26,21,Cao Bằng,Xã Tam Kim,22.606427,106.0179879,55,Moderate,1,12.6,79,0.0,3.7,305,986.7,1,17.8,18.7,269.0,20.9,45.0,8.1
2025-11-26 22:00:00,2025,11,26,22,Cao Bằng,Xã Tam Kim,22.606427,106.0179879,55,Moderate,1,11.4,83,0.0,6.0,309,987.4,27,17.3,18.1,241.0,19.4,41.0,7.3
2025-11-26 23:00:00,2025,11,26,23,Cao Bằng,Xã Tam Kim,22.606427,106.0179879,54,Moderate,1,11.9,77,0.0,6.5,300,988.0,55,15.9,16.7,224.0,16.4,42.0,6.3
2025-11-27 00:00:00,2025,11,27,0,Cao Bằng,Xã Tam Kim,22.606427,106.0179879,54,Moderate,1,10.8,76,0.0,8.4,289,987.8,51,14.3,15.0,212.0,12.5,46.0,5.2
2025-11-27 01:00:00,2025,11,27,1,Cao Bằng,Xã Tam Kim,22.606427,106.0179879,53,Moderate,1,10.6,77,0.0,8.7,287,987.8,24,13.0,13.7,212.0,9.2,51.0,4.7
2025-11-27 02:00:00,2025,11,27,2,Cao Bằng,Xã Tam Kim,22.606427,106.0179879,52,Moderate,1,10.5,75,0.0,8.2,284,987.6,48,12.3,13.0,229.0,7.0,57.0,5.1
2025-11-27 03:00:00,2025,11,27,3,Cao Bằng,Xã Tam Kim,22.606427,106.0179879,52,Moderate,1,10.3,76,0.0,9.0,293,987.6,30,13.0,13.7,258.0,5.4,63.0,6.0
2025-11-27 04:00:00,2025,11,27,4,Cao Bằng,Xã Tam Kim,22.606427,106.0179879,51,Moderate,1,10.9,74,0.0,11.4,299,987.9,69,14.7,15.3,284.0,4.5,67.0,7.2
2025-11-27 05:00:00,2025,11,27,5,Cao Bằng,Xã Tam Kim,22.606427,106.0179879,51,Moderate,1,11.6,68,0.0,12.0,309,988.4,77,16.8,17.3,306.0,4.9,67.0,8.7
2025-11-27 06:00:00,2025,11,27,6,Cao Bằng,Xã Tam Kim,22.606427,106.0179879,51,Moderate,1,11.8,66,0.0,10.8,303,989.1,86,19.1,19.4,325.0,6.1,64.0,10.3
2025-11-27 07:00:00,2025,11,27,7,Cao Bằng,Xã Tam Kim,22.606427,106.0179879,51,Moderate,1,12.1,68,0.0,10.5,307,990.3,68,23.5,23.9,331.0,5.5,73.0,12.9
2025-11-27 08:00:00,2025,11,27,8,Cao Bằng,Xã Tam Kim,22.606427,106.0179879,51,Moderate,1,14.6,62,0.0,11.6,318,991.3,65,23.5,23.7,316.0,4.4,81.0,12.7
2025-11-27 09:00:00,2025,11,27,9,Cao Bằng,Xã Tam Kim,22.606427,106.0179879,53,Moderate,1,17.5,47,0.0,13.2,310,991.6,72,23.7,24.3,289.0,3.0,92.0,12.5
2025-11-27 10:00:00,2025,11,27,10,Cao Bằng,Xã Tam Kim,22.606427,106.0179879,54,Moderate,1,19.9,40,0.0,15.8,343,991.3,80,20.7,21.1,262.0,1.8,101.0,11.8
2025-11-27 11:00:00,2025,11,27,11,Cao Bằng,Xã Tam Kim,22.606427,106.0179879,55,Moderate,1,21.2,35,0.0,15.8,359,989.9,92,16.8,17.1,239.0,1.2,106.0,10.3
2025-11-27 12:00:00,2025,11,27,12,Cao Bằng,Xã Tam Kim,22.606427,106.0179879,56,Moderate,1,22.6,26,0.0,13.9,17,988.6,47,14.4,14.6,217.0,1.0,109.0,8.5
2025-11-27 13:00:00,2025,11,27,13,Cao Bằng,Xã Tam Kim,22.606427,106.0179879,57,Moderate,1,23.2,22,0.0,13.0,29,987.4,2,13.2,13.6,203.0,1.0,111.0,7.1
2025-11-27 14:00:00,2025,11,27,14,Cao Bằng,Xã Tam Kim,22.606427,106.0179879,57,Moderate,1,23.4,22,0.0,11.7,34,986.5,45,12.8,13.3,200.0,0.7,112.0,6.6
2025-11-27 15:00:00,2025,11,27,15,Cao Bằng,Xã Tam Kim,22.606427,106.0179879,57,Moderate,1,22.9,24,0.0,9.2,39,985.7,52,13.0,13.6,205.0,0.7,112.0,6.5
2025-11-27 16:00:00,2025,11,27,16,Cao Bằng,Xã Tam Kim,22.606427,106.0179879,58,Moderate,1,21.1,39,0.0,5.6,50,985.5,74,13.9,14.4,215.0,2.1,107.0,6.7
2025-11-27 17:00:00,2025,11,27,17,Cao Bằng,Xã Tam Kim,22.606427,106.0179879,59,Moderate,1,17.9,40,0.0,6.0,49,985.3,66,15.6,16.1,233.0,6.4,95.0,7.3
2025-11-27 18:00:00,2025,11,27,18,Cao Bằng,Xã Tam Kim,22.606427,106.0179879,59,Moderate,1,16.0,44,0.0,4.6,54,985.5,59,18.1,18.6,255.0,12.3,79.0,8.2
2025-11-27 19:00:00,2025,11,27,19,Cao Bằng,Xã Tam Kim,22.606427,106.0179879,60,Moderate,1,13.8,53,0.0,3.2,333,986.1,68,15.8,16.0,267.0,16.2,63.0,8.1
2025-11-27 20:00:00,2025,11,27,20,Cao Bằng,Xã Tam Kim,22.606427,106.0179879,60,Moderate,1,12.0,58,0.0,7.1,311,986.3,15,17.8,18.0,261.0,16.8,58.0,8.1
2025-11-27 21:00:00,2025,11,27,21,Cao Bằng,Xã Tam Kim,22.606427,106.0179879,60,Moderate,1,11.1,61,0.0,7.0,299,986.6,0,19.2,19.4,246.0,17.4,51.0,8.2
2025-11-27 22:00:00,2025,11,27,22,Cao Bằng,Xã Tam Kim,22.606427,106.0179879,60,Moderate,1,10.7,63,0.0,6.7,301,986.5,2,19.8,20.0,233.0,17.3,45.0,7.9
2025-11-27 23:00:00,2025,11,27,23,Cao Bằng,Xã Tam Kim,22.606427,106.0179879,60,Moderate,1,10.3,64,0.0,7.2,297,986.0,66,19.7,20.0,228.0,15.7,43.0,7.1
2025-11-28 00:00:00,2025,11,28,0,Cao Bằng,Xã Tam Kim,22.606427,106.0179879,60,Moderate,1,10.1,64,0.0,6.5,294,985.5,84,19.2,19.4,225.0,13.3,42.0,6.1
2025-11-28 01:00:00,2025,11,28,1,Cao Bằng,Xã Tam Kim,22.606427,106.0179879,61,Moderate,1,9.6,67,0.0,5.8,290,985.3,92,18.5,18.7,223.0,11.2,42.0,5.2
2025-11-28 02:00:00,2025,11,28,2,Cao Bằng,Xã Tam Kim,22.606427,106.0179879,61,Moderate,1,9.3,66,0.0,7.3,301,984.7,75,18.0,18.3,216.0,9.7,42.0,4.7
2025-11-28 03:00:00,2025,11,28,3,Cao Bằng,Xã Tam Kim,22.606427,106.0179879,62,Moderate,1,9.0,67,0.0,7.5,303,984.5,99,17.9,18.1,210.0,8.6,43.0,4.5
2025-11-28 04:00:00,2025,11,28,4,Cao Bằng,Xã Tam Kim,22.606427,106.0179879,62,Moderate,1,8.6,68,0.0,8.5,306,984.2,73,17.9,18.2,216.0,8.1,44.0,4.4
2025-11-28 05:00:00,2025,11,28,5,Cao Bằng,Xã Tam Kim,22.606427,106.0179879,62,Moderate,1,8.4,68,0.0,9.0,305,983.9,91,18.0,18.3,253.0,8.9,41.0,4.6
2025-11-28 06:00:00,2025,11,28,6,Cao Bằng,Xã Tam Kim,22.606427,106.0179879,63,Moderate,1,8.2,68,0.0,6.6,303,984.3,49,18.6,18.9,302.0,10.3,38.0,4.9
2025-11-28 07:00:00,2025,11,28,7,Cao Bằng,Xã Tam Kim,22.606427,106.0179879,63,Moderate,1,9.3,69,0.0,5.6,299,985.1,6,13.9,14.1,325.0,10.2,46.0,5.1
2025-11-28 08:00:00,2025,11,28,8,Cao Bằng,Xã Tam Kim,22.606427,106.0179879,62,Moderate,1,12.4,61,0.0,6.7,308,985.4,2,11.5,11.6,296.0,7.7,64.0,5.8
2025-11-28 09:00:00,2025,11,28,9,Cao Bằng,Xã Tam Kim,22.606427,106.0179879,61,Moderate,1,15.8,52,0.0,4.2,310,985.7,26,9.2,9.3,241.0,4.2,89.0,6.6
2025-11-28 10:00:00,2025,11,28,10,Cao Bằng,Xã Tam Kim,22.606427,106.0179879,59,Moderate,1,19.0,40,0.0,2.6,326,985.5,29,6.9,7.1,195.0,1.6,108.0,7.0
2025-11-28 11:00:00,2025,11,28,11,Cao Bằng,Xã Tam Kim,22.606427,106.0179879,58,Moderate,1,21.2,30,0.0,2.1,345,984.1,0,5.5,5.7,172.0,0.7,114.0,6.4
2025-11-28 12:00:00,2025,11,28,12,Cao Bằng,Xã Tam Kim,22.606427,106.0179879,57,Moderate,1,22.4,26,0.0,0.7,104,982.8,0,5.1,5.4,158.0,0.8,113.0,5.3
2025-11-28 13:00:00,2025,11,28,13,Cao Bằng,Xã Tam Kim,22.606427,106.0179879,56,Moderate,1,23.1,23,0.0,1.5,120,981.7,0,5.0,5.3,155.0,1.0,112.0,4.4
2025-11-28 14:00:00,2025,11,28,14,Cao Bằng,Xã Tam Kim,22.606427,106.0179879,56,Moderate,1,23.2,23,0.0,3.2,128,980.5,0,5.0,5.3,163.0,0.3,113.0,3.9
2025-11-28 15:00:00,2025,11,28,15,Cao Bằng,Xã Tam Kim,22.606427,106.0179879,55,Moderate,1,22.8,24,0.0,4.2,144,979.7,0,5.2,5.4,181.0,0.0,114.0,3.7
2025-11-28 16:00:00,2025,11,28,16,Cao Bằng,Xã Tam Kim,22.606427,106.0179879,54,Moderate,1,21.0,54,0.0,0.6,146,979.2,0,5.6,5.8,209.0,2.0,110.0,4.1
2025-11-28 17:00:00,2025,11,28,17,Cao Bằng,Xã Tam Kim,22.606427,106.0179879,53,Moderate,1,18.4,45,0.0,0.2,270,978.6,0,9.3,9.5,257.0,9.5,97.0,5.7
2025-11-28 18:00:00,2025,11,28,18,Cao Bằng,Xã Tam Kim,22.606427,106.0179879,54,Moderate,1,15.9,48,0.0,1.4,247,978.7,0,12.5,12.8,313.0,19.6,79.0,7.9
2025-11-28 19:00:00,2025,11,28,19,Cao Bằng,Xã Tam Kim,22.606427,106.0179879,52,Moderate,1,13.3,66,0.0,2.3,252,979.3,0,13.7,13.7,346.0,29.3,68.0,10.6
2025-11-28 20:00:00,2025,11,28,20,Cao Bằng,Xã Tam Kim,22.606427,106.0179879,52,Moderate,1,12.3,73,0.0,2.0,243,980.1,0,15.3,15.3,334.0,27.6,67.0,10.6
2025-11-28 21:00:00,2025,11,28,21,Cao Bằng,Xã Tam Kim,22.606427,106.0179879,52,Moderate,1,12.3,70,0.0,1.0,239,980.6,0,15.3,15.4,298.0,25.2,65.0,10.6
2025-11-28 22:00:00,2025,11,28,22,Cao Bằng,Xã Tam Kim,22.606427,106.0179879,52,Moderate,1,12.0,68,0.0,0.4,243,980.8,0,15.1,15.1,265.0,23.0,64.0,10.5
2025-11-28 23:00:00,2025,11,28,23,Cao Bằng,Xã Tam Kim,22.606427,106.0179879,51,Moderate,1,11.5,67,0.0,0.6,252,980.9,30,15.3,15.4,242.0,21.4,64.0,10.3
2025-11-29 00:00:00,2025,11,29,0,Cao Bằng,Xã Tam Kim,22.606427,106.0179879,51,Moderate,1,11.0,67,0.0,0.5,225,980.7,2,15.5,15.6,222.0,20.0,65.0,9.9
2025-11-29 01:00:00,2025,11,29,1,Cao Bằng,Xã Tam Kim,22.606427,106.0179879,51,Moderate,1,10.4,70,0.0,0.3,225,980.8,0,15.7,15.8,212.0,18.6,67.0,9.6
2025-11-29 02:00:00,2025,11,29,2,Cao Bằng,Xã Tam Kim,22.606427,106.0179879,50,Good,0,9.9,70,0.0,0.6,252,980.3,0,15.7,15.9,212.0,16.7,70.0,9.3
2025-11-29 03:00:00,2025,11,29,3,Cao Bằng,Xã Tam Kim,22.606427,106.0179879,50,Good,0,9.5,70,0.0,1.1,252,979.8,0,15.8,16.0,221.0,14.7,73.0,8.9
2025-11-29 04:00:00,2025,11,29,4,Cao Bằng,Xã Tam Kim,22.606427,106.0179879,50,Good,0,9.2,70,0.0,1.1,252,979.6,0,16.0,16.3,243.0,13.9,74.0,8.9
2025-11-29 05:00:00,2025,11,29,5,Cao Bằng,Xã Tam Kim,22.606427,106.0179879,49,Good,0,8.9,71,0.0,1.1,270,979.5,0,16.6,16.9,292.0,15.9,68.0,9.4
2025-11-29 06:00:00,2025,11,29,6,Cao Bằng,Xã Tam Kim,22.606427,106.0179879,49,Good,0,8.7,72,0.0,0.7,256,979.7,0,18.0,18.3,354.0,19.2,59.0,10.2
2025-11-29 07:00:00,2025,11,29,7,Cao Bằng,Xã Tam Kim,22.606427,106.0179879,49,Good,0,9.9,74,0.0,0.3,225,981.0,0,10.2,10.6,386.0,20.1,44.0,9.3
2025-11-29 08:00:00,2025,11,29,8,Cao Bằng,Xã Tam Kim,22.606427,106.0179879,48,Good,0,12.3,66,0.0,1.2,39,981.5,0,11.3,11.7,361.0,14.8,66.0,8.7
2025-11-29 09:00:00,2025,11,29,9,Cao Bằng,Xã Tam Kim,22.606427,106.0179879,48,Good,0,15.0,61,0.0,2.1,52,982.1,0,2.3,2.4,306.0,7.6,96.0,7.9
2025-11-29 10:00:00,2025,11,29,10,Cao Bằng,Xã Tam Kim,22.606427,106.0179879,47,Good,0,17.6,53,0.0,3.2,71,981.8,0,1.9,1.9,260.0,2.2,118.0,7.1
2025-11-29 11:00:00,2025,11,29,11,Cao Bằng,Xã Tam Kim,22.606427,106.0179879,46,Good,0,19.8,45,0.0,4.3,85,980.7,0,1.9,1.9,239.0,0.5,124.0,6.2
2025-11-29 12:00:00,2025,11,29,12,Cao Bằng,Xã Tam Kim,22.606427,106.0179879,46,Good,0,21.1,44,0.0,5.8,106,979.3,0,2.1,2.1,227.0,0.7,122.0,5.3
2025-11-29 13:00:00,2025,11,29,13,Cao Bằng,Xã Tam Kim,22.606427,106.0179879,45,Good,0,22.6,39,0.0,7.6,118,978.1,0,2.3,2.3,219.0,1.1,120.0,4.8
2025-11-29 14:00:00,2025,11,29,14,Cao Bằng,Xã Tam Kim,22.606427,106.0179879,45,Good,0,23.1,37,0.0,8.9,119,977.2,0,2.6,2.6,209.0,0.8,121.0,4.9
2025-11-29 15:00:00,2025,11,29,15,Cao Bằng,Xã Tam Kim,22.606427,106.0179879,47,Good,0,22.9,36,0.0,8.8,121,976.4,0,3.1,3.1,203.0,0.6,122.0,5.3
2025-11-29 16:00:00,2025,11,29,16,Cao Bằng,Xã Tam Kim,22.606427,106.0179879,56,Moderate,1,21.2,46,0.0,8.0,113,976.1,0,3.8,3.8,210.0,2.0,119.0,6.0
2025-11-29 17:00:00,2025,11,29,17,Cao Bằng,Xã Tam Kim,22.606427,106.0179879,67,Moderate,1,16.9,60,0.0,7.1,142,975.9,0,6.0,6.0,243.0,6.2,108.0,6.9
2025-11-29 18:00:00,2025,11,29,18,Cao Bằng,Xã Tam Kim,22.606427,106.0179879,69,Moderate,1,14.6,70,0.0,4.1,195,976.1,0,8.2,8.3,289.0,11.8,92.0,8.0
2025-11-29 19:00:00,2025,11,29,19,Cao Bằng,Xã Tam Kim,22.606427,106.0179879,64,Moderate,1,13.5,76,0.0,2.3,231,977.0,0,11.1,11.1,317.0,16.7,79.0,9.4
2025-11-29 20:00:00,2025,11,29,20,Cao Bằng,Xã Tam Kim,22.606427,106.0179879,54,Moderate,1,12.8,78,0.0,1.0,225,977.3,0,13.7,13.7,309.0,17.3,77.0,10.1
2025-11-29 21:00:00,2025,11,29,21,Cao Bằng,Xã Tam Kim,22.606427,106.0179879,49,Good,0,11.7,81,0.0,0.2,270,977.7,0,16.1,16.1,284.0,18.1,73.0,11.1
2025-11-29 22:00:00,2025,11,29,22,Cao Bằng,Xã Tam Kim,22.606427,106.0179879,46,Good,0,10.6,84,0.0,1.3,270,977.7,0,18.4,18.5,266.0,18.6,70.0,12.0
2025-11-29 23:00:00,2025,11,29,23,Cao Bằng,Xã Tam Kim,22.606427,106.0179879,43,Good,0,10.2,84,0.0,1.5,263,977.6,0,20.2,20.3,270.0,18.7,68.0,12.5
2025-11-30 00:00:00,2025,11,30,0,Cao Bằng,Xã Tam Kim,22.606427,106.0179879,43,Good,0,9.5,83,0.0,1.3,262,977.4,0,21.2,21.3,281.0,18.5,66.0,12.8
2025-11-30 01:00:00,2025,11,30,1,Cao Bằng,Xã Tam Kim,22.606427,106.0179879,44,Good,0,9.0,84,0.0,1.6,270,977.7,0,22.1,22.1,284.0,18.2,65.0,13.1
2025-11-30 02:00:00,2025,11,30,2,Cao Bằng,Xã Tam Kim,22.606427,106.0179879,45,Good,0,8.4,83,0.0,1.8,270,977.2,0,22.8,22.8,262.0,17.4,66.0,13.3
2025-11-30 03:00:00,2025,11,30,3,Cao Bằng,Xã Tam Kim,22.606427,106.0179879,46,Good,0,8.3,83,0.0,1.1,261,977.0,0,23.6,23.6,232.0,16.5,67.0,13.5
2025-11-30 04:00:00,2025,11,30,4,Cao Bằng,Xã Tam Kim,22.606427,106.0179879,48,Good,0,7.7,83,0.0,1.1,261,977.0,0,24.4,24.4,225.0,16.3,67.0,13.8
2025-11-30 05:00:00,2025,11,30,5,Cao Bằng,Xã Tam Kim,22.606427,106.0179879,49,Good,0,7.3,83,0.0,0.9,259,977.3,0,25.4,25.5,266.0,18.2,62.0,13.7
2025-11-30 06:00:00,2025,11,30,6,Cao Bằng,Xã Tam Kim,22.606427,106.0179879,50,Good,0,7.0,83,0.0,0.7,256,977.9,0,27.0,27.0,329.0,20.9,56.0,13.7
2025-11-30 07:00:00,2025,11,30,7,Cao Bằng,Xã Tam Kim,22.606427,106.0179879,51,Moderate,1,8.4,85,0.0,1.6,270,978.6,4,20.8,20.8,370.0,18.6,57.0,13.8
2025-11-30 08:00:00,2025,11,30,8,Cao Bằng,Xã Tam Kim,22.606427,106.0179879,52,Moderate,1,11.8,75,0.0,2.1,59,979.7,9,20.8,20.8,366.0,13.9,79.0,18.9
2025-11-30 09:00:00,2025,11,30,9,Cao Bằng,Xã Tam Kim,22.606427,106.0179879,53,Moderate,1,14.7,68,0.0,4.4,63,980.2,9,15.4,15.4,339.0,7.4,110.0,25.8
2025-11-30 10:00:00,2025,11,30,10,Cao Bằng,Xã Tam Kim,22.606427,106.0179879,54,Moderate,1,17.5,58,0.0,5.0,69,979.9,1,13.8,13.8,312.0,2.6,134.0,30.4
2025-11-30 11:00:00,2025,11,30,11,Cao Bằng,Xã Tam Kim,22.606427,106.0179879,55,Moderate,1,20.0,50,0.0,6.0,81,978.8,0,13.2,13.2,288.0,1.0,143.0,30.4
2025-11-30 12:00:00,2025,11,30,12,Cao Bằng,Xã Tam Kim,22.606427,106.0179879,56,Moderate,1,22.0,46,0.0,7.4,94,977.7,0,13.5,13.5,264.0,1.1,146.0,28.0
2025-11-30 13:00:00,2025,11,30,13,Cao Bằng,Xã Tam Kim,22.606427,106.0179879,57,Moderate,1,24.0,43,0.0,7.1,105,976.4,0,14.2,14.2,253.0,1.4,146.0,25.9
2025-11-30 14:00:00,2025,11,30,14,Cao Bằng,Xã Tam Kim,22.606427,106.0179879,58,Moderate,1,24.9,41,0.0,6.1,122,975.7,0,15.1,15.1,259.0,0.9,147.0,25.1
2025-11-30 15:00:00,2025,11,30,15,Cao Bằng,Xã Tam Kim,22.606427,106.0179879,71,Moderate,1,24.7,42,0.0,6.4,135,975.5,0,16.2,16.2,276.0,0.7,147.0,24.7
2025-11-30 16:00:00,2025,11,30,16,Cao Bằng,Xã Tam Kim,22.606427,106.0179879,90,Moderate,1,22.8,58,0.0,5.3,114,975.6,0,17.6,17.6,305.0,2.5,141.0,24.3
2025-11-30 17:00:00,2025,11,30,17,Cao Bằng,Xã Tam Kim,22.606427,106.0179879,103,Unhealthy for Sensitive Groups,2,19.7,67,0.0,3.1,118,975.7,0,21.7,21.7,356.0,8.1,126.0,23.8
2025-11-30 18:00:00,2025,11,30,18,Cao Bằng,Xã Tam Kim,22.606427,106.0179879,107,Unhealthy for Sensitive Groups,2,17.6,74,0.0,1.2,207,976.4,0,24.6,24.7,419.0,15.6,105.0,23.4
2025-11-30 19:00:00,2025,11,30,19,Cao Bằng,Xã Tam Kim,22.606427,106.0179879,101,Unhealthy for Sensitive Groups,2,16.5,76,0.0,1.4,230,977.2,0,20.7,20.7,454.0,21.3,88.0,24.5
2025-11-30 20:00:00,2025,11,30,20,Cao Bằng,Xã Tam Kim,22.606427,106.0179879,89,Moderate,1,15.8,78,0.0,2.1,195,978.4,0,25.6,25.6,439.0,22.0,82.0,24.6
2025-11-30 21:00:00,2025,11,30,21,Cao Bằng,Xã Tam Kim,22.606427,106.0179879,75,Moderate,1,15.0,80,0.0,3.0,232,979.4,9,29.3,29.4,398.0,23.0,74.0,24.6
2025-11-30 22:00:00,2025,11,30,22,Cao Bằng,Xã Tam Kim,22.606427,106.0179879,68,Moderate,1,14.5,82,0.0,3.5,249,979.9,16,32.6,32.7,362.0,23.6,66.0,24.3
2025-11-30 23:00:00,2025,11,30,23,Cao Bằng,Xã Tam Kim,22.606427,106.0179879,69,Moderate,1,14.1,83,0.0,1.3,262,979.9,24,34.9,35.0,345.0,23.6,60.0,23.6
2025-12-01 00:00:00,2025,12,1,0,Cao Bằng,Xã Tam Kim,22.606427,106.0179879,70,Moderate,1,13.5,86,0.0,1.3,254,980.1,52,36.2,36.3,334.0,23.2,54.0,22.6
2025-12-01 01:00:00,2025,12,1,1,Cao Bằng,Xã Tam Kim,22.606427,106.0179879,72,Moderate,1,12.9,89,0.0,2.0,260,980.5,99,36.9,37.1,325.0,22.4,49.0,21.2
2025-12-01 02:00:00,2025,12,1,2,Cao Bằng,Xã Tam Kim,22.606427,106.0179879,73,Moderate,1,13.4,89,0.0,2.9,259,979.8,100,37.3,37.4,312.0,21.0,44.0,19.2
2025-12-01 03:00:00,2025,12,1,3,Cao Bằng,Xã Tam Kim,22.606427,106.0179879,74,Moderate,1,13.4,91,0.0,2.6,254,979.6,100,37.0,37.3,302.0,19.2,41.0,16.9
2025-12-01 04:00:00,2025,12,1,4,Cao Bằng,Xã Tam Kim,22.606427,106.0179879,75,Moderate,1,13.8,92,0.0,3.3,257,979.9,100,39.5,39.7,312.0,18.0,37.0,15.0
2025-12-01 05:00:00,2025,12,1,5,Cao Bằng,Xã Tam Kim,22.606427,106.0179879,77,Moderate,1,14.8,90,0.0,2.9,263,980.3,100,40.3,40.5,364.0,18.4,31.0,13.4
2025-12-01 06:00:00,2025,12,1,6,Cao Bằng,Xã Tam Kim,22.606427,106.0179879,78,Moderate,1,14.6,93,0.1,3.3,283,980.8,100,40.9,41.1,436.0,19.3,25.0,12.2
2025-12-01 07:00:00,2025,12,1,7,Cao Bằng,Xã Tam Kim,22.606427,106.0179879,79,Moderate,1,14.6,91,0.1,1.8,225,981.1,100,43.7,44.0,474.0,16.6,29.0,12.1
2025-12-01 08:00:00,2025,12,1,8,Cao Bằng,Xã Tam Kim,22.606427,106.0179879,81,Moderate,1,16.1,88,0.0,3.6,300,981.6,99,37.1,37.4,446.0,12.3,53.0,16.7
2025-12-01 09:00:00,2025,12,1,9,Cao Bằng,Xã Tam Kim,22.606427,106.0179879,83,Moderate,1,17.9,78,0.0,4.3,338,982.1,51,26.7,27.1,383.0,6.3,87.0,22.8
2025-12-01 10:00:00,2025,12,1,10,Cao Bằng,Xã Tam Kim,22.606427,106.0179879,84,Moderate,1,20.0,68,0.0,3.5,351,981.8,17,24.5,24.9,327.0,1.9,113.0,26.4
2025-12-01 11:00:00,2025,12,1,11,Cao Bằng,Xã Tam Kim,22.606427,106.0179879,85,Moderate,1,22.2,60,0.0,2.4,48,980.4,79,22.8,23.1,290.0,0.6,124.0,25.0
2025-12-01 12:00:00,2025,12,1,12,Cao Bằng,Xã Tam Kim,22.606427,106.0179879,86,Moderate,1,23.3,57,0.0,5.9,76,978.7,100,20.8,21.1,259.0,0.8,127.0,21.0
2025-12-01 13:00:00,2025,12,1,13,Cao Bằng,Xã Tam Kim,22.606427,106.0179879,86,Moderate,1,25.1,51,0.0,5.2,134,976.8,61,20.0,20.1,243.0,1.2,128.0,17.6
2025-12-01 14:00:00,2025,12,1,14,Cao Bằng,Xã Tam Kim,22.606427,106.0179879,87,Moderate,1,25.6,47,0.0,9.1,194,975.8,15,20.5,20.7,244.0,0.9,128.0,16.2
2025-12-01 15:00:00,2025,12,1,15,Cao Bằng,Xã Tam Kim,22.606427,106.0179879,87,Moderate,1,25.1,51,0.0,8.4,200,975.1,0,21.4,21.5,258.0,0.8,126.0,15.4
2025-12-01 16:00:00,2025,12,1,16,Cao Bằng,Xã Tam Kim,22.606427,106.0179879,88,Moderate,1,23.7,60,0.0,5.5,189,974.6,0,22.4,22.4,283.0,2.0,119.0,14.7
2025-12-01 17:00:00,2025,12,1,17,Cao Bằng,Xã Tam Kim,22.606427,106.0179879,88,Moderate,1,20.0,76,0.0,6.0,190,974.4,1,23.7,23.8,330.0,5.7,105.0,14.0
2025-12-01 18:00:00,2025,12,1,18,Cao Bằng,Xã Tam Kim,22.606427,106.0179879,88,Moderate,1,17.2,88,0.0,6.2,221,974.6,1,26.3,26.4,387.0,10.8,87.0,13.4
2025-12-01 19:00:00,2025,12,1,19,Cao Bằng,Xã Tam Kim,22.606427,106.0179879,88,Moderate,1,16.3,91,0.0,3.8,221,975.1,1,25.1,25.2,416.0,15.9,72.0,14.1
2025-12-01 20:00:00,2025,12,1,20,Cao Bằng,Xã Tam Kim,22.606427,106.0179879,89,Moderate,1,15.3,93,0.0,2.8,235,975.6,6,26.8,26.9,392.0,16.4,68.0,14.0
2025-12-01 21:00:00,2025,12,1,21,Cao Bằng,Xã Tam Kim,22.606427,106.0179879,89,Moderate,1,14.7,93,0.0,2.1,239,975.9,3,28.7,28.8,341.0,17.0,62.0,13.8
2025-12-01 22:00:00,2025,12,1,22,Cao Bằng,Xã Tam Kim,22.606427,106.0179879,89,Moderate,1,14.3,93,0.0,1.5,256,976.1,5,31.8,31.9,302.0,17.7,56.0,13.5
2025-12-01 23:00:00,2025,12,1,23,Cao Bằng,Xã Tam Kim,22.606427,106.0179879,89,Moderate,1,14.0,94,0.0,1.5,277,976.4,16,34.8,34.8,292.0,18.4,52.0,13.2
2025-12-02 00:00:00,2025,12,2,0,Cao Bằng,Xã Tam Kim,22.606427,106.0179879,89,Moderate,1,14.3,93,0.0,2.1,285,976.7,35,36.9,36.9,294.0,19.1,49.0,12.7
2025-12-02 01:00:00,2025,12,2,1,Cao Bằng,Xã Tam Kim,22.606427,106.0179879,89,Moderate,1,14.8,93,0.0,1.6,297,976.6,45,42.6,42.7,300.0,19.4,45.0,12.2
2025-12-02 02:00:00,2025,12,2,2,Cao Bằng,Xã Tam Kim,22.606427,106.0179879,89,Moderate,1,15.3,93,0.0,4.0,302,976.3,77,44.9,45.1,304.0,18.9,40.0,11.3
2025-12-02 03:00:00,2025,12,2,3,Cao Bằng,Xã Tam Kim,22.606427,106.0179879,90,Moderate,1,15.2,96,0.0,4.0,297,976.2,95,45.8,45.9,311.0,18.0,34.0,10.3
2025-12-02 04:00:00,2025,12,2,4,Cao Bằng,Xã Tam Kim,22.606427,106.0179879,91,Moderate,1,15.1,96,0.0,1.4,270,976.4,88,39.1,39.2,331.0,17.0,31.0,9.8
2025-12-02 05:00:00,2025,12,2,5,Cao Bằng,Xã Tam Kim,22.606427,106.0179879,91,Moderate,1,16.0,93,0.0,4.0,267,977.0,90,34.3,34.3,381.0,16.4,30.0,9.9
2025-12-02 06:00:00,2025,12,2,6,Cao Bằng,Xã Tam Kim,22.606427,106.0179879,90,Moderate,1,16.3,93,0.0,3.8,273,977.8,86,32.2,32.2,444.0,15.8,31.0,10.5
2025-12-02 07:00:00,2025,12,2,7,Cao Bằng,Xã Tam Kim,22.606427,106.0179879,89,Moderate,1,16.2,98,0.0,5.9,325,978.6,98,28.2,28.3,472.0,14.1,40.0,11.1
2025-12-02 08:00:00,2025,12,2,8,Cao Bằng,Xã Tam Kim,22.606427,106.0179879,88,Moderate,1,17.1,94,0.0,5.6,335,979.4,60,29.7,29.7,432.0,11.9,54.0,12.9
2025-12-02 09:00:00,2025,12,2,9,Cao Bằng,Xã Tam Kim,22.606427,106.0179879,87,Moderate,1,18.3,88,0.0,4.0,352,980.3,34,28.9,29.0,357.0,8.9,73.0,15.4
2025-12-02 10:00:00,2025,12,2,10,Cao Bằng,Xã Tam Kim,22.606427,106.0179879,88,Moderate,1,20.8,79,0.0,3.0,52,980.5,93,25.9,26.0,299.0,6.2,90.0,17.1
2025-12-02 11:00:00,2025,12,2,11,Cao Bằng,Xã Tam Kim,22.606427,106.0179879,88,Moderate,1,22.3,72,0.0,4.3,68,979.5,61,17.8,17.8,279.0,4.3,102.0,17.5
2025-12-02 12:00:00,2025,12,2,12,Cao Bằng,Xã Tam Kim,22.606427,106.0179879,87,Moderate,1,23.9,65,0.0,4.9,80,978.4,58,18.3,18.3,275.0,2.8,111.0,17.2
2025-12-02 13:00:00,2025,12,2,13,Cao Bằng,Xã Tam Kim,22.606427,106.0179879,87,Moderate,1,24.9,60,0.0,6.6,74,976.9,77,20.3,20.4,278.0,1.8,118.0,16.6
2025-12-02 14:00:00,2025,12,2,14,Cao Bằng,Xã Tam Kim,22.606427,106.0179879,87,Moderate,1,24.5,62,0.0,7.5,73,976.3,38,22.1,22.2,278.0,0.7,123.0,15.3
2025-12-02 15:00:00,2025,12,2,15,Cao Bằng,Xã Tam Kim,22.606427,106.0179879,87,Moderate,1,23.8,64,0.0,6.4,58,976.2,30,23.1,23.2,283.0,0.2,124.0,13.7
2025-12-02 16:00:00,2025,12,2,16,Cao Bằng,Xã Tam Kim,22.606427,106.0179879,87,Moderate,1,22.9,68,0.0,4.7,344,976.1,13,23.7,23.9,310.0,2.4,121.0,13.1
2025-12-02 17:00:00,2025,12,2,17,Cao Bằng,Xã Tam Kim,22.606427,106.0179879,88,Moderate,1,20.5,79,0.0,8.8,289,976.6,23,28.1,28.2,388.0,9.8,109.0,14.6
2025-12-02 18:00:00,2025,12,2,18,Cao Bằng,Xã Tam Kim,22.606427,106.0179879,88,Moderate,1,18.7,87,0.0,7.6,267,977.1,21,33.5,33.6,488.0,19.9,92.0,17.0
2025-12-02 19:00:00,2025,12,2,19,Cao Bằng,Xã Tam Kim,22.606427,106.0179879,89,Moderate,1,18.8,91,0.0,3.7,256,977.7,34,43.4,43.7,535.0,25.3,64.0,16.8
2025-12-02 20:00:00,2025,12,2,20,Cao Bằng,Xã Tam Kim,22.606427,106.0179879,90,Moderate,1,19.0,90,0.0,3.3,276,978.6,88,45.4,45.6,480.0,26.1,56.0,16.4
2025-12-02 21:00:00,2025,12,2,21,Cao Bằng,Xã Tam Kim,22.606427,106.0179879,92,Moderate,1,19.4,86,0.0,6.1,275,979.4,100,45.8,46.0,374.0,27.0,44.0,15.7
2025-12-02 22:00:00,2025,12,2,22,Cao Bằng,Xã Tam Kim,22.606427,106.0179879,93,Moderate,1,18.7,89,0.0,3.2,286,980.2,98,46.0,46.2,292.0,26.7,35.0,14.7
2025-12-02 23:00:00,2025,12,2,23,Cao Bằng,Xã Tam Kim,22.606427,106.0179879,95,Moderate,1,18.3,90,0.3,3.7,293,980.6,92,44.8,44.9,267.0,24.2,31.0,13.0
2025-12-03 00:00:00,2025,12,3,0,Cao Bằng,Xã Tam Kim,22.606427,106.0179879,95,Moderate,1,18.0,91,1.2,3.8,287,980.9,100,41.9,42.0,266.0,20.4,29.0,11.0
2025-12-03 01:00:00,2025,12,3,1,Cao Bằng,Xã Tam Kim,22.606427,106.0179879,96,Moderate,1,17.9,89,1.7,2.2,265,980.9,96,39.0,39.1,270.0,16.6,31.0,9.6
2025-12-03 02:00:00,2025,12,3,2,Cao Bằng,Xã Tam Kim,22.606427,106.0179879,96,Moderate,1,17.6,94,1.2,3.3,276,980.9,100,36.0,36.1,269.0,12.8,38.0,9.4
2025-12-03 03:00:00,2025,12,3,3,Cao Bằng,Xã Tam Kim,22.606427,106.0179879,95,Moderate,1,17.3,96,1.4,3.5,321,981.3,100,32.1,32.2,272.0,9.1,48.0,9.8
2025-12-03 04:00:00,2025,12,3,4,Cao Bằng,Xã Tam Kim,22.606427,106.0179879,94,Moderate,1,17.4,98,1.4,3.6,311,981.7,100,23.5,23.5,289.0,6.5,56.0,10.6
2025-12-03 05:00:00,2025,12,3,5,Cao Bằng,Xã Tam Kim,22.606427,106.0179879,92,Moderate,1,17.4,98,1.1,3.7,256,982.4,100,23.5,23.5,330.0,6.0,57.0,11.5
2025-12-03 06:00:00,2025,12,3,6,Cao Bằng,Xã Tam Kim,22.606427,106.0179879,91,Moderate,1,17.3,98,0.7,2.5,266,983.5,100,25.9,26.0,384.0,6.7,56.0,12.8
2025-12-03 07:00:00,2025,12,3,7,Cao Bằng,Xã Tam Kim,22.606427,106.0179879,91,Moderate,1,17.4,98,0.3,5.8,279,984.3,100,25.3,25.4,427.0,6.7,60.0,14.2
2025-12-03 08:00:00,2025,12,3,8,Cao Bằng,Xã Tam Kim,22.606427,106.0179879,90,Moderate,1,18.4,97,0.2,4.5,277,985.7,100,38.3,38.5,448.0,5.9,65.0,16.8
2025-12-03 09:00:00,2025,12,3,9,Cao Bằng,Xã Tam Kim,22.606427,106.0179879,91,Moderate,1,18.3,97,0.5,4.6,312,987.0,100,49.6,50.2,459.0,4.8,71.0,20.4
2025-12-03 10:00:00,2025,12,3,10,Cao Bằng,Xã Tam Kim,22.606427,106.0179879,93,Moderate,1,18.1,94,0.3,5.6,287,987.3,100,59.1,59.8,468.0,3.8,77.0,23.3
2025-12-03 11:00:00,2025,12,3,11,Cao Bằng,Xã Tam Kim,22.606427,106.0179879,96,Moderate,1,18.4,87,0.2,6.3,283,986.6,100,61.0,61.9,480.0,3.2,82.0,24.8
2025-12-03 12:00:00,2025,12,3,12,Cao Bằng,Xã Tam Kim,22.606427,106.0179879,100,Moderate,1,19.6,77,0.1,4.9,10,985.5,100,61.7,62.9,490.0,2.7,87.0,25.6
2025-12-03 13:00:00,2025,12,3,13,Cao Bằng,Xã Tam Kim,22.606427,106.0179879,104,Unhealthy for Sensitive Groups,2,20.4,65,0.0,7.9,33,984.4,98,60.1,61.2,498.0,2.5,91.0,26.0
2025-12-03 14:00:00,2025,12,3,14,Cao Bằng,Xã Tam Kim,22.606427,106.0179879,108,Unhealthy for Sensitive Groups,2,21.0,58,0.0,6.6,43,983.6,83,59.6,60.8,498.0,2.2,95.0,26.0
2025-12-03 15:00:00,2025,12,3,15,Cao Bằng,Xã Tam Kim,22.606427,106.0179879,112,Unhealthy for Sensitive Groups,2,21.1,57,0.0,5.4,53,983.3,80,58.0,59.1,494.0,2.0,98.0,25.5
2025-12-03 16:00:00,2025,12,3,16,Cao Bằng,Xã Tam Kim,22.606427,106.0179879,116,Unhealthy for Sensitive Groups,2,20.7,60,0.0,3.3,81,983.2,99,57.0,58.3,500.0,3.0,96.0,24.5
2025-12-03 17:00:00,2025,12,3,17,Cao Bằng,Xã Tam Kim,22.606427,106.0179879,119,Unhealthy for Sensitive Groups,2,19.5,68,0.0,3.5,129,983.0,88,57.2,58.3,529.0,6.0,85.0,22.7
2025-12-03 18:00:00,2025,12,3,18,Cao Bằng,Xã Tam Kim,22.606427,106.0179879,122,Unhealthy for Sensitive Groups,2,18.0,68,0.0,8.3,139,983.4,77,58.0,59.0,567.0,10.1,69.0,20.3
2025-12-03 19:00:00,2025,12,3,19,Cao Bằng,Xã Tam Kim,22.606427,106.0179879,125,Unhealthy for Sensitive Groups,2,17.3,72,0.0,7.2,153,983.9,87,66.4,67.3,588.0,11.7,54.0,19.0
2025-12-03 20:00:00,2025,12,3,20,Cao Bằng,Xã Tam Kim,22.606427,106.0179879,127,Unhealthy for Sensitive Groups,2,17.1,71,0.0,7.1,164,984.3,90,67.1,68.2,576.0,13.9,46.0,17.9
2025-12-03 21:00:00,2025,12,3,21,Cao Bằng,Xã Tam Kim,22.606427,106.0179879,130,Unhealthy for Sensitive Groups,2,16.7,72,0.0,6.3,180,984.9,94,68.2,69.2,548.0,16.8,35.0,16.3
2025-12-03 22:00:00,2025,12,3,22,Cao Bằng,Xã Tam Kim,22.606427,106.0179879,132,Unhealthy for Sensitive Groups,2,16.0,75,0.0,5.6,184,985.0,89,69.2,70.3,526.0,18.6,26.0,14.8
2025-12-03 23:00:00,2025,12,3,23,Cao Bằng,Xã Tam Kim,22.606427,106.0179879,134,Unhealthy for Sensitive Groups,2,15.9,76,0.0,5.1,190,984.8,88,68.7,69.8,518.0,18.4,23.0,13.6
2025-12-04 00:00:00,2025,12,4,0,Cao Bằng,Xã Tam Kim,22.606427,106.0179879,137,Unhealthy for Sensitive Groups,2,15.3,76,0.0,4.9,184,984.7,95,66.4,67.5,515.0,17.0,22.0,12.5
2025-12-04 01:00:00,2025,12,4,1,Cao Bằng,Xã Tam Kim,22.606427,106.0179879,139,Unhealthy for Sensitive Groups,2,16.2,78,0.0,5.2,168,983.9,100,64.5,65.7,519.0,15.5,23.0,11.8
2025-12-04 02:00:00,2025,12,4,2,Cao Bằng,Xã Tam Kim,22.606427,106.0179879,142,Unhealthy for Sensitive Groups,2,16.1,77,0.0,5.2,174,983.3,100,63.1,64.3,528.0,14.0,24.0,11.6
2025-12-04 03:00:00,2025,12,4,3,Cao Bằng,Xã Tam Kim,22.606427,106.0179879,145,Unhealthy for Sensitive Groups,2,16.0,75,0.0,5.1,174,983.2,100,61.9,63.3,544.0,12.3,26.0,11.9
2025-12-04 04:00:00,2025,12,4,4,Cao Bằng,Xã Tam Kim,22.606427,106.0179879,148,Unhealthy for Sensitive Groups,2,15.9,73,0.0,5.6,176,983.2,100,60.8,62.2,568.0,11.0,28.0,12.6
2025-12-04 05:00:00,2025,12,4,5,Cao Bằng,Xã Tam Kim,22.606427,106.0179879,150,Unhealthy for Sensitive Groups,2,15.8,73,0.0,6.2,168,983.2,100,60.1,61.5,613.0,10.4,30.0,14.0
2025-12-04 06:00:00,2025,12,4,6,Cao Bằng,Xã Tam Kim,22.606427,106.0179879,151,Unhealthy,3,15.5,73,0.0,6.0,173,983.8,99,59.4,60.8,666.0,10.2,33.0,15.8
2025-12-04 07:00:00,2025,12,4,7,Cao Bằng,Xã Tam Kim,22.606427,106.0179879,152,Unhealthy,3,15.4,74,0.0,5.8,187,984.8,70,51.8,53.1,695.0,9.6,39.0,18.5
2025-12-04 08:00:00,2025,12,4,8,Cao Bằng,Xã Tam Kim,22.606427,106.0179879,153,Unhealthy,3,16.2,67,0.0,6.0,159,985.4,66,51.6,53.0,677.0,8.5,45.0,20.7
2025-12-04 09:00:00,2025,12,4,9,Cao Bằng,Xã Tam Kim,22.606427,106.0179879,153,Unhealthy,3,17.0,64,0.0,5.8,146,986.1,99,51.9,53.2,636.0,7.0,54.0,23.6
2025-12-04 10:00:00,2025,12,4,10,Cao Bằng,Xã Tam Kim,22.606427,106.0179879,153,Unhealthy,3,17.0,67,0.0,6.2,139,986.2,98,51.5,52.6,604.0,5.7,63.0,25.8
2025-12-04 11:00:00,2025,12,4,11,Cao Bằng,Xã Tam Kim,22.606427,106.0179879,153,Unhealthy,3,17.5,66,0.0,6.3,127,985.4,100,51.0,52.0,601.0,4.9,71.0,26.4
2025-12-04 12:00:00,2025,12,4,12,Cao Bằng,Xã Tam Kim,22.606427,106.0179879,152,Unhealthy,3,18.2,63,0.0,6.4,119,984.3,100,50.1,51.0,609.0,4.4,79.0,26.3
2025-12-04 13:00:00,2025,12,4,13,Cao Bằng,Xã Tam Kim,22.606427,106.0179879,152,Unhealthy,3,19.0,62,0.0,5.7,125,983.2,98,47.3,48.0,604.0,4.1,85.0,25.8
2025-12-04 14:00:00,2025,12,4,14,Cao Bằng,Xã Tam Kim,22.606427,106.0179879,152,Unhealthy,3,19.4,62,0.0,6.8,127,982.2,97,46.8,47.5,563.0,3.9,89.0,25.1
2025-12-04 15:00:00,2025,12,4,15,Cao Bằng,Xã Tam Kim,22.606427,106.0179879,152,Unhealthy,3,19.6,63,0.0,6.4,117,981.8,96,48.4,49.1,509.0,3.9,91.0,24.2
2025-12-04 16:00:00,2025,12,4,16,Cao Bằng,Xã Tam Kim,22.606427,106.0179879,151,Unhealthy,3,19.5,64,0.0,6.4,106,981.6,100,49.6,50.1,493.0,4.8,89.0,23.2
2025-12-04 17:00:00,2025,12,4,17,Cao Bằng,Xã Tam Kim,22.606427,106.0179879,151,Unhealthy,3,18.1,72,0.0,6.1,102,981.5,91,51.2,51.7,551.0,7.5,81.0,22.4
2025-12-04 18:00:00,2025,12,4,18,Cao Bằng,Xã Tam Kim,22.606427,106.0179879,151,Unhealthy,3,17.0,77,0.0,5.2,121,982.2,67,54.4,54.8,645.0,11.1,68.0,21.5
2025-12-04 19:00:00,2025,12,4,19,Cao Bằng,Xã Tam Kim,22.606427,106.0179879,151,Unhealthy,3,16.9,78,0.0,1.5,187,983.3,11,40.3,40.5,715.0,9.8,58.0,23.6
2025-12-04 20:00:00,2025,12,4,20,Cao Bằng,Xã Tam Kim,22.606427,106.0179879,151,Unhealthy,3,16.8,80,0.0,2.0,180,984.0,30,43.5,43.9,733.0,10.5,53.0,22.8
2025-12-04 21:00:00,2025,12,4,21,Cao Bằng,Xã Tam Kim,22.606427,106.0179879,150,Unhealthy for Sensitive Groups,2,16.1,82,0.0,0.6,214,984.6,58,46.4,46.8,727.0,11.4,46.0,21.7
2025-12-04 22:00:00,2025,12,4,22,Cao Bằng,Xã Tam Kim,22.606427,106.0179879,148,Unhealthy for Sensitive Groups,2,16.0,83,0.0,0.5,225,984.9,99,48.7,49.1,713.0,12.0,41.0,20.7
2025-12-04 23:00:00,2025,12,4,23,Cao Bằng,Xã Tam Kim,22.606427,106.0179879,146,Unhealthy for Sensitive Groups,2,16.3,83,0.0,1.7,229,985.1,100,51.0,51.5,693.0,11.9,38.0,19.9
2025-12-05 00:00:00,2025,12,5,0,Cao Bằng,Xã Tam Kim,22.606427,106.0179879,144,Unhealthy for Sensitive Groups,2,16.1,83,0.0,2.3,238,985.4,100,51.8,52.2,666.0,11.4,37.0,19.2
2025-12-05 01:00:00,2025,12,5,1,Cao Bằng,Xã Tam Kim,22.606427,106.0179879,142,Unhealthy for Sensitive Groups,2,16.5,83,0.0,3.0,237,985.2,100,54.1,54.6,643.0,10.9,35.0,18.5
2025-12-05 02:00:00,2025,12,5,2,Cao Bằng,Xã Tam Kim,22.606427,106.0179879,141,Unhealthy for Sensitive Groups,2,16.4,84,0.1,3.5,231,984.8,100,54.9,55.4,625.0,10.5,33.0,17.7
2025-12-05 03:00:00,2025,12,5,3,Cao Bằng,Xã Tam Kim,22.606427,106.0179879,140,Unhealthy for Sensitive Groups,2,16.2,87,0.4,3.0,245,985.1,100,56.0,56.5,610.0,10.0,31.0,16.9
2025-12-05 04:00:00,2025,12,5,4,Cao Bằng,Xã Tam Kim,22.606427,106.0179879,140,Unhealthy for Sensitive Groups,2,15.9,92,0.6,3.1,249,985.3,100,56.5,57.0,607.0,9.8,30.0,16.6
2025-12-05 05:00:00,2025,12,5,5,Cao Bằng,Xã Tam Kim,22.606427,106.0179879,139,Unhealthy for Sensitive Groups,2,15.7,94,0.6,3.1,246,985.3,100,57.4,58.0,622.0,10.2,29.0,16.8
2025-12-05 06:00:00,2025,12,5,6,Cao Bằng,Xã Tam Kim,22.606427,106.0179879,139,Unhealthy for Sensitive Groups,2,15.6,95,0.4,3.2,243,986.1,100,58.7,59.3,649.0,10.8,28.0,17.4
2025-12-05 07:00:00,2025,12,5,7,Cao Bằng,Xã Tam Kim,22.606427,106.0179879,139,Unhealthy for Sensitive Groups,2,15.8,94,0.4,3.3,221,986.7,100,50.3,50.8,676.0,12.4,27.0,18.1
2025-12-05 08:00:00,2025,12,5,8,Cao Bằng,Xã Tam Kim,22.606427,106.0179879,139,Unhealthy for Sensitive Groups,2,16.3,91,0.2,3.2,232,987.3,100,52.4,53.0,705.0,10.9,34.0,20.4
2025-12-05 09:00:00,2025,12,5,9,Cao Bằng,Xã Tam Kim,22.606427,106.0179879,139,Unhealthy for Sensitive Groups,2,16.4,96,0.4,3.3,209,988.1,100,52.3,52.9,733.0,8.8,44.0,23.5
2025-12-05 10:00:00,2025,12,5,10,Cao Bằng,Xã Tam Kim,22.606427,106.0179879,139,Unhealthy for Sensitive Groups,2,16.5,98,0.4,2.3,176,988.2,100,49.7,50.2,746.0,7.0,52.0,25.3
2025-12-05 11:00:00,2025,12,5,11,Cao Bằng,Xã Tam Kim,22.606427,106.0179879,139,Unhealthy for Sensitive Groups,2,16.6,99,0.3,1.1,108,987.5,100,44.0,44.5,732.0,5.8,58.0,24.7
2025-12-05 12:00:00,2025,12,5,12,Cao Bằng,Xã Tam Kim,22.606427,106.0179879,138,Unhealthy for Sensitive Groups,2,17.6,90,0.3,2.9,7,986.4,100,36.3,36.8,701.0,4.9,62.0,22.8
2025-12-05 13:00:00,2025,12,5,13,Cao Bằng,Xã Tam Kim,22.606427,106.0179879,136,Unhealthy for Sensitive Groups,2,17.2,92,0.2,4.2,355,985.3,100,29.0,29.3,673.0,4.4,65.0,20.9
2025-12-05 14:00:00,2025,12,5,14,Cao Bằng,Xã Tam Kim,22.606427,106.0179879,135,Unhealthy for Sensitive Groups,2,17.5,81,0.1,4.7,337,984.6,100,25.3,25.6,646.0,3.9,67.0,19.6
2025-12-05 15:00:00,2025,12,5,15,Cao Bằng,Xã Tam Kim,22.606427,106.0179879,132,Unhealthy for Sensitive Groups,2,17.6,78,0.0,3.6,297,984.0,100,22.9,23.2,622.0,3.9,67.0,18.3
2025-12-05 16:00:00,2025,12,5,16,Cao Bằng,Xã Tam Kim,22.606427,106.0179879,130,Unhealthy for Sensitive Groups,2,17.4,78,0.0,5.4,262,983.8,99,24.6,24.9,619.0,5.2,64.0,17.0
2025-12-05 17:00:00,2025,12,5,17,Cao Bằng,Xã Tam Kim,22.606427,106.0179879,127,Unhealthy for Sensitive Groups,2,16.7,80,0.0,7.6,256,983.5,98,27.4,27.6,662.0,9.1,54.0,15.7
2025-12-05 18:00:00,2025,12,5,18,Cao Bằng,Xã Tam Kim,22.606427,106.0179879,125,Unhealthy for Sensitive Groups,2,16.2,80,0.0,7.0,260,983.9,100,31.5,31.7,728.0,14.5,40.0,14.5
2025-12-05 19:00:00,2025,12,5,19,Cao Bằng,Xã Tam Kim,22.606427,106.0179879,122,Unhealthy for Sensitive Groups,2,16.2,82,0.0,4.8,255,984.7,100,22.4,22.5,763.0,13.7,34.0,13.8
2025-12-05 20:00:00,2025,12,5,20,Cao Bằng,Xã Tam Kim,22.606427,106.0179879,120,Unhealthy for Sensitive Groups,2,16.3,83,0.0,2.5,274,985.0,100,23.7,23.9,738.0,12.8,34.0,13.7
2025-12-05 21:00:00,2025,12,5,21,Cao Bằng,Xã Tam Kim,22.606427,106.0179879,118,Unhealthy for Sensitive Groups,2,15.7,86,0.0,1.8,233,985.1,98,24.8,24.9,683.0,11.6,35.0,13.5
2025-12-05 22:00:00,2025,12,5,22,Cao Bằng,Xã Tam Kim,22.606427,106.0179879,116,Unhealthy for Sensitive Groups,2,15.2,87,0.0,5.4,180,985.0,95,26.5,26.6,634.0,10.5,35.0,13.3
2025-12-05 23:00:00,2025,12,5,23,Cao Bằng,Xã Tam Kim,22.606427,106.0179879,114,Unhealthy for Sensitive Groups,2,15.0,86,0.0,7.3,171,984.9,54,27.8,27.9,603.0,9.8,35.0,13.1
2025-12-06 00:00:00,2025,12,6,0,Cao Bằng,Xã Tam Kim,22.606427,106.0179879,111,Unhealthy for Sensitive Groups,2,14.7,86,0.0,6.3,187,984.7,52,30.0,30.2,577.0,9.2,34.0,12.8
2025-12-06 01:00:00,2025,12,6,1,Cao Bằng,Xã Tam Kim,22.606427,106.0179879,109,Unhealthy for Sensitive Groups,2,15.0,85,0.0,5.1,197,984.8,96,30.2,30.3,554.0,9.0,33.0,12.4
2025-12-06 02:00:00,2025,12,6,2,Cao Bằng,Xã Tam Kim,22.606427,106.0179879,107,Unhealthy for Sensitive Groups,2,15.3,81,0.0,5.0,193,984.2,98,31.3,31.5,529.0,9.3,30.0,11.8
2025-12-06 03:00:00,2025,12,6,3,Cao Bằng,Xã Tam Kim,22.606427,106.0179879,104,Unhealthy for Sensitive Groups,2,15.2,80,0.0,5.5,189,984.2,98,32.5,32.7,506.0,9.8,26.0,11.0
2025-12-06 04:00:00,2025,12,6,4,Cao Bằng,Xã Tam Kim,22.606427,106.0179879,102,Unhealthy for Sensitive Groups,2,15.0,81,0.0,5.4,195,984.2,99,33.4,33.6,493.0,10.5,23.0,10.6
2025-12-06 05:00:00,2025,12,6,5,Cao Bằng,Xã Tam Kim,22.606427,106.0179879,99,Moderate,1,14.8,81,0.0,5.0,206,984.1,98,34.3,34.5,493.0,11.5,20.0,10.6
2025-12-06 06:00:00,2025,12,6,6,Cao Bằng,Xã Tam Kim,22.606427,106.0179879,97,Moderate,1,14.5,83,0.0,4.4,201,984.3,99,35.7,36.0,502.0,12.7,17.0,10.9
2025-12-06 07:00:00,2025,12,6,7,Cao Bằng,Xã Tam Kim,22.606427,106.0179879,95,Moderate,1,14.4,86,0.0,2.9,150,985.1,5,34.5,34.7,515.0,10.9,22.0,11.8
2025-12-06 08:00:00,2025,12,6,8,Cao Bằng,Xã Tam Kim,22.606427,106.0179879,94,Moderate,1,15.4,76,0.0,2.4,138,985.4,13,33.8,33.9,531.0,9.5,31.0,12.6
2025-12-06 09:00:00,2025,12,6,9,Cao Bằng,Xã Tam Kim,22.606427,106.0179879,92,Moderate,1,16.8,71,0.0,4.2,126,985.7,37,32.1,32.2,552.0,7.6,44.0,13.8
2025-12-06 10:00:00,2025,12,6,10,Cao Bằng,Xã Tam Kim,22.606427,106.0179879,90,Moderate,1,18.6,68,0.0,5.7,131,985.3,92,31.5,31.7,569.0,6.0,55.0,14.5
2025-12-06 11:00:00,2025,12,6,11,Cao Bằng,Xã Tam Kim,22.606427,106.0179879,89,Moderate,1,19.6,65,0.0,7.3,142,983.8,100,30.6,30.9,585.0,4.9,64.0,14.5
2025-12-06 12:00:00,2025,12,6,12,Cao Bằng,Xã Tam Kim,22.606427,106.0179879,88,Moderate,1,20.0,67,0.0,8.6,150,982.5,100,28.9,29.0,598.0,4.1,73.0,14.0
2025-12-06 13:00:00,2025,12,6,13,Cao Bằng,Xã Tam Kim,22.606427,106.0179879,87,Moderate,1,20.1,70,0.1,9.6,157,981.5,100,28.2,28.3,600.0,3.6,78.0,13.3
2025-12-06 14:00:00,2025,12,6,14,Cao Bằng,Xã Tam Kim,22.606427,106.0179879,87,Moderate,1,20.8,68,0.2,8.8,165,980.5,90,29.6,29.8,578.0,3.2,80.0,12.4
2025-12-06 15:00:00,2025,12,6,15,Cao Bằng,Xã Tam Kim,22.606427,106.0179879,87,Moderate,1,20.9,67,0.1,8.1,179,979.9,59,29.1,29.2,545.0,3.1,80.0,11.2
2025-12-06 16:00:00,2025,12,6,16,Cao Bằng,Xã Tam Kim,22.606427,106.0179879,88,Moderate,1,20.7,69,0.0,6.2,159,979.6,43,30.2,30.3,534.0,4.0,76.0,10.4
2025-12-06 17:00:00,2025,12,6,17,Cao Bằng,Xã Tam Kim,22.606427,106.0179879,88,Moderate,1,19.1,77,0.0,6.7,149,979.1,84,36.7,36.8,575.0,6.7,68.0,10.2
2025-12-06 18:00:00,2025,12,6,18,Cao Bằng,Xã Tam Kim,22.606427,106.0179879,89,Moderate,1,18.0,83,0.0,5.2,158,979.4,72,39.2,39.3,639.0,10.5,56.0,10.3
2025-12-06 19:00:00,2025,12,6,19,Cao Bằng,Xã Tam Kim,22.606427,106.0179879,90,Moderate,1,18.0,85,0.0,4.4,173,980.0,95,30.0,30.2,671.0,10.8,47.0,10.9
2025-12-06 20:00:00,2025,12,6,20,Cao Bằng,Xã Tam Kim,22.606427,106.0179879,90,Moderate,1,17.9,84,0.0,5.4,160,980.4,84,30.5,30.6,636.0,11.1,46.0,10.6
2025-12-06 21:00:00,2025,12,6,21,Cao Bằng,Xã Tam Kim,22.606427,106.0179879,91,Moderate,1,17.8,84,0.0,5.4,165,980.8,59,31.0,31.0,569.0,11.5,44.0,10.2
2025-12-06 22:00:00,2025,12,6,22,Cao Bằng,Xã Tam Kim,22.606427,106.0179879,92,Moderate,1,17.2,87,0.0,5.2,155,980.6,92,31.2,31.3,518.0,11.6,43.0,9.9
2025-12-06 23:00:00,2025,12,6,23,Cao Bằng,Xã Tam Kim,22.606427,106.0179879,92,Moderate,1,17.4,86,0.0,4.2,144,980.6,100,31.8,31.9,503.0,11.1,45.0,9.8
2025-12-07 00:00:00,2025,12,7,0,Cao Bằng,Xã Tam Kim,22.606427,106.0179879,92,Moderate,1,17.4,87,0.0,4.1,135,980.4,100,32.4,32.5,504.0,10.2,48.0,9.8
2025-12-07 01:00:00,2025,12,7,1,Cao Bằng,Xã Tam Kim,22.606427,106.0179879,93,Moderate,1,17.4,89,0.0,5.9,145,980.2,100,33.2,33.3,505.0,9.5,50.0,10.0
2025-12-07 02:00:00,2025,12,7,2,Cao Bằng,Xã Tam Kim,22.606427,106.0179879,93,Moderate,1,17.2,91,0.0,4.5,127,980.0,89,33.9,34.0,497.0,9.2,49.0,10.2
2025-12-07 03:00:00,2025,12,7,3,Cao Bằng,Xã Tam Kim,22.606427,106.0179879,93,Moderate,1,16.9,93,0.0,2.8,117,980.2,51,34.8,34.9,490.0,9.0,48.0,10.6
2025-12-07 04:00:00,2025,12,7,4,Cao Bằng,Xã Tam Kim,22.606427,106.0179879,93,Moderate,1,16.6,93,0.0,2.3,86,980.7,100,35.5,35.6,499.0,9.1,47.0,11.6
2025-12-07 05:00:00,2025,12,7,5,Cao Bằng,Xã Tam Kim,22.606427,106.0179879,94,Moderate,1,16.5,94,0.1,1.0,68,981.4,100,35.6,35.7,543.0,9.7,48.0,13.6
2025-12-07 06:00:00,2025,12,7,6,Cao Bằng,Xã Tam Kim,22.606427,106.0179879,94,Moderate,1,16.3,95,0.0,1.8,37,982.3,100,35.9,36.1,602.0,10.5,50.0,16.2
2025-12-07 07:00:00,2025,12,7,7,Cao Bằng,Xã Tam Kim,22.606427,106.0179879,94,Moderate,1,16.8,95,0.1,1.9,34,983.5,100,36.0,36.2,637.0,10.5,49.0,14.0
2025-12-07 08:00:00,2025,12,7,8,Cao Bằng,Xã Tam Kim,22.606427,106.0179879,94,Moderate,1,17.3,94,0.1,2.2,346,984.3,100,38.0,38.2,625.0,9.7,54.0,15.6
2025-12-07 09:00:00,2025,12,7,9,Cao Bằng,Xã Tam Kim,22.606427,106.0179879,94,Moderate,1,18.0,90,0.4,3.1,3,985.2,100,33.2,33.3,588.0,8.5,62.0,17.8
2025-12-07 10:00:00,2025,12,7,10,Cao Bằng,Xã Tam Kim,22.606427,106.0179879,94,Moderate,1,18.5,90,0.2,1.5,159,985.2,78,28.9,29.0,548.0,7.2,70.0,18.7
2025-12-07 11:00:00,2025,12,7,11,Cao Bằng,Xã Tam Kim,22.606427,106.0179879,94,Moderate,1,20.3,80,0.0,1.3,164,984.6,59,24.3,24.4,504.0,5.7,79.0,17.4
2025-12-07 12:00:00,2025,12,7,12,Cao Bằng,Xã Tam Kim,22.606427,106.0179879,93,Moderate,1,21.6,73,0.1,2.2,336,983.7,46,22.1,22.1,456.0,4.0,88.0,14.9
2025-12-07 13:00:00,2025,12,7,13,Cao Bằng,Xã Tam Kim,22.606427,106.0179879,93,Moderate,1,21.4,69,0.0,2.1,301,983.0,20,19.3,19.3,428.0,2.8,94.0,12.5
2025-12-07 14:00:00,2025,12,7,14,Cao Bằng,Xã Tam Kim,22.606427,106.0179879,92,Moderate,1,22.3,63,0.1,2.5,315,982.7,18,18.0,18.1,432.0,1.8,97.0,10.3
2025-12-07 15:00:00,2025,12,7,15,Cao Bằng,Xã Tam Kim,22.606427,106.0179879,91,Moderate,1,22.6,61,0.0,3.8,197,982.1,12,18.1,18.2,455.0,1.2,98.0,8.3
2025-12-07 16:00:00,2025,12,7,16,Cao Bằng,Xã Tam Kim,22.606427,106.0179879,90,Moderate,1,22.0,66,0.0,3.0,166,982.2,38,18.7,18.7,483.0,2.6,93.0,7.0
2025-12-07 17:00:00,2025,12,7,17,Cao Bằng,Xã Tam Kim,22.606427,106.0179879,89,Moderate,1,19.3,77,0.0,4.2,216,982.0,18,22.5,22.6,516.0,7.5,78.0,7.1
2025-12-07 18:00:00,2025,12,7,18,Cao Bằng,Xã Tam Kim,22.606427,106.0179879,88,Moderate,1,18.8,78,0.0,5.0,240,982.2,27,26.9,27.0,554.0,14.4,58.0,8.0
2025-12-07 19:00:00,2025,12,7,19,Cao Bằng,Xã Tam Kim,22.606427,106.0179879,87,Moderate,1,18.9,81,0.0,0.3,45,983.3,100,31.7,31.8,579.0,18.9,36.0,9.0
2025-12-07 20:00:00,2025,12,7,20,Cao Bằng,Xã Tam Kim,22.606427,106.0179879,87,Moderate,1,18.4,86,0.4,0.9,180,984.4,99,34.7,34.8,584.0,20.0,31.0,9.4
2025-12-07 21:00:00,2025,12,7,21,Cao Bằng,Xã Tam Kim,22.606427,106.0179879,87,Moderate,1,18.3,88,0.2,1.5,234,984.7,100,36.9,37.0,576.0,21.5,24.0,9.9
2025-12-07 22:00:00,2025,12,7,22,Cao Bằng,Xã Tam Kim,22.606427,106.0179879,88,Moderate,1,17.8,88,0.2,0.3,315,984.7,100,39.0,39.0,564.0,22.2,18.0,9.9
2025-12-07 23:00:00,2025,12,7,23,Cao Bằng,Xã Tam Kim,22.606427,106.0179879,88,Moderate,1,16.7,91,0.1,0.5,360,984.8,100,39.6,39.7,547.0,21.7,14.0,9.0
2025-12-08 00:00:00,2025,12,8,0,Cao Bằng,Xã Tam Kim,22.606427,106.0179879,89,Moderate,1,15.5,94,0.1,3.1,320,984.9,100,39.3,39.3,526.0,20.4,12.0,7.6
2025-12-08 01:00:00,2025,12,8,1,Cao Bằng,Xã Tam Kim,22.606427,106.0179879,90,Moderate,1,15.1,96,0.0,5.5,328,984.9,45,38.9,38.9,507.0,18.7,12.0,6.6
2025-12-08 02:00:00,2025,12,8,2,Cao Bằng,Xã Tam Kim,22.606427,106.0179879,90,Moderate,1,15.0,97,0.0,6.8,305,984.7,43,37.8,37.8,488.0,16.2,15.0,6.4
2025-12-08 03:00:00,2025,12,8,3,Cao Bằng,Xã Tam Kim,22.606427,106.0179879,91,Moderate,1,14.5,97,0.0,6.7,304,984.7,28,37.6,37.6,471.0,13.3,19.0,6.5
2025-12-08 04:00:00,2025,12,8,4,Cao Bằng,Xã Tam Kim,22.606427,106.0179879,91,Moderate,1,13.8,97,0.0,7.1,313,984.8,12,35.9,36.0,468.0,11.1,23.0,6.8
2025-12-08 05:00:00,2025,12,8,5,Cao Bằng,Xã Tam Kim,22.606427,106.0179879,91,Moderate,1,13.4,96,0.0,7.6,317,985.0,5,34.8,34.9,493.0,10.4,23.0,7.0
2025-12-08 06:00:00,2025,12,8,6,Cao Bằng,Xã Tam Kim,22.606427,106.0179879,91,Moderate,1,12.8,98,0.0,9.0,314,985.5,1,34.1,34.1,531.0,10.3,22.0,7.4
2025-12-08 07:00:00,2025,12,8,7,Cao Bằng,Xã Tam Kim,22.606427,106.0179879,91,Moderate,1,12.9,97,0.0,7.6,313,986.1,0,33.3,33.3,551.0,10.2,24.0,7.8
2025-12-08 08:00:00,2025,12,8,8,Cao Bằng,Xã Tam Kim,22.606427,106.0179879,90,Moderate,1,14.9,93,0.0,5.8,330,987.1,0,31.3,31.3,533.0,7.8,42.0,9.2
2025-12-08 09:00:00,2025,12,8,9,Cao Bằng,Xã Tam Kim,22.606427,106.0179879,90,Moderate,1,17.2,77,0.0,4.2,317,987.7,0,25.3,25.3,497.0,4.4,67.0,11.2
2025-12-08 10:00:00,2025,12,8,10,Cao Bằng,Xã Tam Kim,22.606427,106.0179879,89,Moderate,1,19.8,55,0.0,4.4,322,987.5,0,23.1,23.1,469.0,1.9,88.0,12.3
2025-12-08 11:00:00,2025,12,8,11,Cao Bằng,Xã Tam Kim,22.606427,106.0179879,89,Moderate,1,21.7,50,0.0,2.8,345,986.7,0,21.3,21.4,460.0,1.0,99.0,11.9
2025-12-08 12:00:00,2025,12,8,12,Cao Bằng,Xã Tam Kim,22.606427,106.0179879,88,Moderate,1,23.0,46,0.0,1.4,130,985.4,0,20.4,20.4,459.0,0.9,105.0,10.6
2025-12-08 13:00:00,2025,12,8,13,Cao Bằng,Xã Tam Kim,22.606427,106.0179879,88,Moderate,1,23.9,43,0.0,4.7,238,983.9,3,19.7,19.8,455.0,1.1,109.0,9.4
2025-12-08 14:00:00,2025,12,8,14,Cao Bằng,Xã Tam Kim,22.606427,106.0179879,88,Moderate,1,24.0,42,0.0,5.2,239,983.0,15,18.6,18.9,440.0,0.8,112.0,8.3
2025-12-08 15:00:00,2025,12,8,15,Cao Bằng,Xã Tam Kim,22.606427,106.0179879,88,Moderate,1,23.7,42,0.0,3.8,229,982.3,42,18.4,18.7,422.0,0.7,112.0,7.2
2025-12-08 16:00:00,2025,12,8,16,Cao Bằng,Xã Tam Kim,22.606427,106.0179879,88,Moderate,1,22.5,52,0.0,3.3,234,981.9,91,18.7,19.0,413.0,2.2,108.0,6.7
2025-12-08 17:00:00,2025,12,8,17,Cao Bằng,Xã Tam Kim,22.606427,106.0179879,88,Moderate,1,20.1,65,0.0,3.1,216,981.6,94,22.1,22.5,420.0,6.8,95.0,7.1
2025-12-08 18:00:00,2025,12,8,18,Cao Bằng,Xã Tam Kim,22.606427,106.0179879,88,Moderate,1,19.3,65,0.0,4.4,171,981.8,90,25.1,25.5,437.0,13.1,77.0,8.2
2025-12-08 19:00:00,2025,12,8,19,Cao Bằng,Xã Tam Kim,22.606427,106.0179879,88,Moderate,1,18.6,69,0.0,8.9,173,982.7,100,20.7,21.0,455.0,19.0,56.0,9.3
2025-12-08 20:00:00,2025,12,8,20,Cao Bằng,Xã Tam Kim,22.606427,106.0179879,87,Moderate,1,18.0,74,0.0,3.9,217,983.2,100,20.7,20.9,478.0,19.0,54.0,9.6
2025-12-08 21:00:00,2025,12,8,21,Cao Bằng,Xã Tam Kim,22.606427,106.0179879,86,Moderate,1,17.9,75,0.0,1.8,270,983.6,95,20.9,21.0,503.0,19.0,51.0,10.0
2025-12-08 22:00:00,2025,12,8,22,Cao Bằng,Xã Tam Kim,22.606427,106.0179879,84,Moderate,1,17.9,75,0.0,0.2,270,984.0,77,21.7,21.8,512.0,18.9,48.0,10.3
2025-12-08 23:00:00,2025,12,8,23,Cao Bằng,Xã Tam Kim,22.606427,106.0179879,83,Moderate,1,16.6,79,0.0,0.9,191,984.0,53,23.1,23.2,493.0,18.9,47.0,10.4
2025-12-09 00:00:00,2025,12,9,0,Cao Bằng,Xã Tam Kim,22.606427,106.0179879,81,Moderate,1,15.4,85,0.0,1.9,197,983.7,15,23.7,23.8,458.0,18.8,47.0,10.3
2025-12-09 01:00:00,2025,12,9,1,Cao Bằng,Xã Tam Kim,22.606427,106.0179879,80,Moderate,1,14.9,85,0.0,0.5,225,983.5,4,24.1,24.2,432.0,18.6,46.0,10.2
2025-12-09 02:00:00,2025,12,9,2,Cao Bằng,Xã Tam Kim,22.606427,106.0179879,79,Moderate,1,14.5,88,0.0,0.3,225,983.1,6,24.4,24.5,418.0,17.8,44.0,9.8
2025-12-09 03:00:00,2025,12,9,3,Cao Bằng,Xã Tam Kim,22.606427,106.0179879,78,Moderate,1,13.8,89,0.0,0.9,233,982.9,7,24.9,24.9,413.0,16.8,42.0,9.4
2025-12-09 04:00:00,2025,12,9,4,Cao Bằng,Xã Tam Kim,22.606427,106.0179879,76,Moderate,1,13.4,90,0.0,2.2,246,982.6,6,25.4,25.4,426.0,16.5,41.0,9.5
2025-12-09 05:00:00,2025,12,9,5,Cao Bằng,Xã Tam Kim,22.606427,106.0179879,76,Moderate,1,13.2,90,0.0,2.6,245,982.7,8,26.1,26.1,478.0,18.3,38.0,10.6
2025-12-09 06:00:00,2025,12,9,6,Cao Bằng,Xã Tam Kim,22.606427,106.0179879,75,Moderate,1,13.1,90,0.0,1.9,241,983.1,9,27.5,27.5,549.0,20.9,35.0,12.2
2025-12-09 07:00:00,2025,12,9,7,Cao Bằng,Xã Tam Kim,22.606427,106.0179879,74,Moderate,1,13.3,90,0.0,2.1,218,984.0,8,40.7,40.7,591.0,20.9,35.0,12.4
2025-12-09 08:00:00,2025,12,9,8,Cao Bằng,Xã Tam Kim,22.606427,106.0179879,75,Moderate,1,15.9,84,0.0,1.4,247,984.9,23,39.2,39.3,578.0,15.4,61.0,12.7
2025-12-09 09:00:00,2025,12,9,9,Cao Bằng,Xã Tam Kim,22.606427,106.0179879,76,Moderate,1,18.2,75,0.0,0.5,315,985.8,31,31.9,31.9,537.0,7.9,96.0,13.0
2025-12-09 10:00:00,2025,12,9,10,Cao Bằng,Xã Tam Kim,22.606427,106.0179879,76,Moderate,1,20.0,67,0.0,7.3,123,985.8,52,29.4,29.6,499.0,2.3,122.0,12.7
2025-12-09 11:00:00,2025,12,9,11,Cao Bằng,Xã Tam Kim,22.606427,106.0179879,77,Moderate,1,21.1,60,0.0,8.0,130,984.7,59,28.3,28.5,476.0,0.6,130.0,11.2
2025-12-09 12:00:00,2025,12,9,12,Cao Bằng,Xã Tam Kim,22.606427,106.0179879,77,Moderate,1,21.4,58,0.0,7.8,140,983.3,77,27.8,28.1,457.0,0.9,129.0,9.1
2025-12-09 13:00:00,2025,12,9,13,Cao Bằng,Xã Tam Kim,22.606427,106.0179879,78,Moderate,1,22.3,52,0.0,6.4,142,982.4,44,28.7,29.0,441.0,1.4,128.0,7.7
2025-12-09 14:00:00,2025,12,9,14,Cao Bằng,Xã Tam Kim,22.606427,106.0179879,79,Moderate,1,23.1,50,0.0,6.6,143,981.3,59,29.5,29.8,425.0,1.1,130.0,7.7
2025-12-09 15:00:00,2025,12,9,15,Cao Bằng,Xã Tam Kim,22.606427,106.0179879,80,Moderate,1,23.1,47,0.0,8.7,153,980.6,97,30.9,31.2,413.0,1.0,132.0,8.4
2025-12-09 16:00:00,2025,12,9,16,Cao Bằng,Xã Tam Kim,22.606427,106.0179879,81,Moderate,1,22.1,54,0.0,9.1,146,980.6,55,32.7,32.9,416.0,2.4,129.0,9.2
2025-12-09 17:00:00,2025,12,9,17,Cao Bằng,Xã Tam Kim,22.606427,106.0179879,82,Moderate,1,19.7,65,0.0,8.6,149,980.5,19,34.9,35.2,449.0,6.4,116.0,10.0
2025-12-09 18:00:00,2025,12,9,18,Cao Bằng,Xã Tam Kim,22.606427,106.0179879,83,Moderate,1,16.6,80,0.0,5.4,184,980.7,4,38.2,38.5,498.0,11.8,98.0,11.0
2025-12-09 19:00:00,2025,12,9,19,Cao Bằng,Xã Tam Kim,22.606427,106.0179879,84,Moderate,1,15.9,86,0.0,4.4,201,981.1,10,38.5,38.8,529.0,20.3,77.0,14.3
2025-12-09 20:00:00,2025,12,9,20,Cao Bằng,Xã Tam Kim,22.606427,106.0179879,86,Moderate,1,14.8,90,0.0,2.8,235,981.3,3,41.9,42.0,526.0,21.8,72.0,15.1
2025-12-09 21:00:00,2025,12,9,21,Cao Bằng,Xã Tam Kim,22.606427,106.0179879,88,Moderate,1,13.7,92,0.0,2.5,249,981.7,3,45.3,45.5,506.0,23.9,66.0,16.1
2025-12-09 22:00:00,2025,12,9,22,Cao Bằng,Xã Tam Kim,22.606427,106.0179879,90,Moderate,1,12.9,93,0.0,2.7,262,981.8,0,47.6,47.8,489.0,25.0,61.0,16.7
2025-12-09 23:00:00,2025,12,9,23,Cao Bằng,Xã Tam Kim,22.606427,106.0179879,92,Moderate,1,12.1,95,0.0,2.0,265,981.6,3,48.7,48.8,481.0,24.2,60.0,16.5
2025-12-10 00:00:00,2025,12,10,0,Cao Bằng,Xã Tam Kim,22.606427,106.0179879,95,Moderate,1,11.7,95,0.0,0.7,256,981.4,2,49.1,49.4,476.0,22.5,60.0,15.9
2025-12-10 01:00:00,2025,12,10,1,Cao Bằng,Xã Tam Kim,22.606427,106.0179879,97,Moderate,1,11.9,95,0.0,0.4,270,981.2,8,49.9,50.1,474.0,20.8,61.0,15.4
2025-12-10 02:00:00,2025,12,10,2,Cao Bằng,Xã Tam Kim,22.606427,106.0179879,99,Moderate,1,12.1,95,0.0,1.9,299,980.7,9,51.0,51.1,471.0,19.3,61.0,15.0
2025-12-10 03:00:00,2025,12,10,3,Cao Bằng,Xã Tam Kim,22.606427,106.0179879,102,Unhealthy for Sensitive Groups,2,11.8,95,0.0,2.0,297,980.5,16,52.2,52.3,470.0,17.8,62.0,14.7
2025-12-10 04:00:00,2025,12,10,4,Cao Bằng,Xã Tam Kim,22.606427,106.0179879,105,Unhealthy for Sensitive Groups,2,11.5,96,0.0,1.8,281,980.6,21,53.2,53.3,482.0,17.0,62.0,14.8
2025-12-10 05:00:00,2025,12,10,5,Cao Bằng,Xã Tam Kim,22.606427,106.0179879,107,Unhealthy for Sensitive Groups,2,11.5,95,0.0,0.9,259,980.7,9,53.7,53.8,525.0,18.0,60.0,15.7
2025-12-10 06:00:00,2025,12,10,6,Cao Bằng,Xã Tam Kim,22.606427,106.0179879,110,Unhealthy for Sensitive Groups,2,11.8,93,0.0,0.4,243,981.3,23,54.5,54.6,580.0,19.6,58.0,17.0
2025-12-10 07:00:00,2025,12,10,7,Cao Bằng,Xã Tam Kim,22.606427,106.0179879,113,Unhealthy for Sensitive Groups,2,12.0,95,0.0,1.8,281,982.4,55,38.9,39.0,603.0,19.9,57.0,14.9
2025-12-10 08:00:00,2025,12,10,8,Cao Bằng,Xã Tam Kim,22.606427,106.0179879,113,Unhealthy for Sensitive Groups,2,14.9,87,0.0,2.7,37,983.5,57,32.5,32.6,565.0,14.6,82.0,15.5
2025-12-10 09:00:00,2025,12,10,9,Cao Bằng,Xã Tam Kim,22.606427,106.0179879,112,Unhealthy for Sensitive Groups,2,17.0,81,0.0,4.0,63,984.3,54,27.4,27.5,496.0,7.3,116.0,16.3
2025-12-10 10:00:00,2025,12,10,10,Cao Bằng,Xã Tam Kim,22.606427,106.0179879,112,Unhealthy for Sensitive Groups,2,19.7,71,0.0,4.8,68,984.5,47,22.1,22.3,438.0,2.0,140.0,16.5
2025-12-10 11:00:00,2025,12,10,11,Cao Bằng,Xã Tam Kim,22.606427,106.0179879,111,Unhealthy for Sensitive Groups,2,21.5,67,0.0,6.4,82,983.4,50,21.3,21.5,408.0,0.5,146.0,15.6
2025-12-10 12:00:00,2025,12,10,12,Cao Bằng,Xã Tam Kim,22.606427,106.0179879,110,Unhealthy for Sensitive Groups,2,23.2,57,0.0,5.9,88,982.2,42,21.4,21.7,389.0,1.0,142.0,14.2
2025-12-10 13:00:00,2025,12,10,13,Cao Bằng,Xã Tam Kim,22.606427,106.0179879,110,Unhealthy for Sensitive Groups,2,24.2,48,0.0,3.0,107,981.2,66,21.5,21.8,374.0,1.6,138.0,12.7
2025-12-10 14:00:00,2025,12,10,14,Cao Bằng,Xã Tam Kim,22.606427,106.0179879,109,Unhealthy for Sensitive Groups,2,24.6,44,0.0,3.5,102,980.3,13,21.5,21.8,354.0,0.8,139.0,11.1
2025-12-10 15:00:00,2025,12,10,15,Cao Bằng,Xã Tam Kim,22.606427,106.0179879,108,Unhealthy for Sensitive Groups,2,24.4,42,0.0,2.2,99,980.0,10,21.4,21.6,338.0,0.2,139.0,9.4
2025-12-10 16:00:00,2025,12,10,16,Cao Bằng,Xã Tam Kim,22.606427,106.0179879,107,Unhealthy for Sensitive Groups,2,23.2,55,0.0,1.9,326,979.9,2,21.4,21.6,351.0,2.1,134.0,8.8
2025-12-10 17:00:00,2025,12,10,17,Cao Bằng,Xã Tam Kim,22.606427,106.0179879,106,Unhealthy for Sensitive Groups,2,19.9,65,0.0,3.7,309,979.8,5,25.6,25.8,425.0,9.1,118.0,10.0
2025-12-10 18:00:00,2025,12,10,18,Cao Bằng,Xã Tam Kim,22.606427,106.0179879,105,Unhealthy for Sensitive Groups,2,17.5,72,0.0,2.8,259,980.3,5,31.8,32.0,529.0,18.8,97.0,12.3
2025-12-10 19:00:00,2025,12,10,19,Cao Bằng,Xã Tam Kim,22.606427,106.0179879,104,Unhealthy for Sensitive Groups,2,16.2,79,0.0,3.1,242,980.9,2,44.1,44.5,591.0,27.7,87.0,16.1
2025-12-10 20:00:00,2025,12,10,20,Cao Bằng,Xã Tam Kim,22.606427,106.0179879,105,Unhealthy for Sensitive Groups,2,15.3,83,0.0,1.5,256,981.5,3,46.9,47.3,571.0,29.4,84.0,17.6
2025-12-10 21:00:00,2025,12,10,21,Cao Bằng,Xã Tam Kim,22.606427,106.0179879,105,Unhealthy for Sensitive Groups,2,14.5,86,0.0,2.2,261,981.9,7,49.8,50.1,510.0,31.6,80.0,19.6
2025-12-10 22:00:00,2025,12,10,22,Cao Bằng,Xã Tam Kim,22.606427,106.0179879,106,Unhealthy for Sensitive Groups,2,15.0,83,0.0,2.2,261,982.3,2,53.4,53.8,454.0,32.4,75.0,20.6
2025-12-10 23:00:00,2025,12,10,23,Cao Bằng,Xã Tam Kim,22.606427,106.0179879,106,Unhealthy for Sensitive Groups,2,14.4,82,0.0,1.8,264,982.0,1,56.7,56.9,418.0,30.8,68.0,19.7
2025-12-11 00:00:00,2025,12,11,0,Cao Bằng,Xã Tam Kim,22.606427,106.0179879,107,Unhealthy for Sensitive Groups,2,14.4,80,0.0,3.1,280,982.1,0,58.8,59.1,387.0,28.0,59.0,17.8
2025-12-11 01:00:00,2025,12,11,1,Cao Bằng,Xã Tam Kim,22.606427,106.0179879,108,Unhealthy for Sensitive Groups,2,14.2,83,0.0,4.2,275,981.8,6,58.2,58.6,366.0,25.0,52.0,15.8
2025-12-11 02:00:00,2025,12,11,2,Cao Bằng,Xã Tam Kim,22.606427,106.0179879,109,Unhealthy for Sensitive Groups,2,14.5,81,0.0,3.4,273,981.5,11,56.5,56.7,355.0,22.0,47.0,13.6
2025-12-11 03:00:00,2025,12,11,3,Cao Bằng,Xã Tam Kim,22.606427,106.0179879,110,Unhealthy for Sensitive Groups,2,14.3,81,0.0,2.9,263,981.6,23,55.1,55.3,355.0,19.0,42.0,11.3
2025-12-11 04:00:00,2025,12,11,4,Cao Bằng,Xã Tam Kim,22.606427,106.0179879,110,Unhealthy for Sensitive Groups,2,14.3,82,0.0,3.4,264,981.7,28,54.1,54.4,372.0,17.1,39.0,9.8
2025-12-11 05:00:00,2025,12,11,5,Cao Bằng,Xã Tam Kim,22.606427,106.0179879,110,Unhealthy for Sensitive Groups,2,14.5,81,0.0,2.1,255,982.0,37,53.8,54.0,426.0,17.9,33.0,9.7
2025-12-11 06:00:00,2025,12,11,6,Cao Bằng,Xã Tam Kim,22.606427,106.0179879,110,Unhealthy for Sensitive Groups,2,14.3,83,0.0,2.2,275,982.5,96,53.9,54.2,496.0,19.9,29.0,10.4
2025-12-11 07:00:00,2025,12,11,7,Cao Bằng,Xã Tam Kim,22.606427,106.0179879,110,Unhealthy for Sensitive Groups,2,14.4,86,0.0,2.8,255,982.9,94,42.6,42.8,531.0,19.5,22.0,7.8
2025-12-11 08:00:00,2025,12,11,8,Cao Bằng,Xã Tam Kim,22.606427,106.0179879,110,Unhealthy for Sensitive Groups,2,16.9,79,0.0,3.7,309,984.0,93,35.6,35.7,493.0,14.5,51.0,9.7
2025-12-11 09:00:00,2025,12,11,9,Cao Bằng,Xã Tam Kim,22.606427,106.0179879,111,Unhealthy for Sensitive Groups,2,18.7,73,0.0,3.4,328,984.6,95,28.8,29.0,420.0,7.7,91.0,12.2
2025-12-11 10:00:00,2025,12,11,10,Cao Bằng,Xã Tam Kim,22.606427,106.0179879,111,Unhealthy for Sensitive Groups,2,20.1,70,0.0,1.5,353,984.6,99,26.7,27.0,367.0,2.7,121.0,13.6
2025-12-11 11:00:00,2025,12,11,11,Cao Bằng,Xã Tam Kim,22.606427,106.0179879,111,Unhealthy for Sensitive Groups,2,20.5,69,0.0,2.7,132,983.8,100,25.3,25.6,362.0,1.2,130.0,12.6
2025-12-11 12:00:00,2025,12,11,12,Cao Bằng,Xã Tam Kim,22.606427,106.0179879,112,Unhealthy for Sensitive Groups,2,20.3,69,0.0,5.2,151,982.7,100,25.3,25.6,379.0,1.4,128.0,10.4
2025-12-11 13:00:00,2025,12,11,13,Cao Bằng,Xã Tam Kim,22.606427,106.0179879,112,Unhealthy for Sensitive Groups,2,19.6,71,0.0,4.9,174,981.9,98,25.7,26.0,393.0,2.0,124.0,8.8
2025-12-11 14:00:00,2025,12,11,14,Cao Bằng,Xã Tam Kim,22.606427,106.0179879,113,Unhealthy for Sensitive Groups,2,20.4,67,0.0,5.9,142,980.9,100,26.4,26.6,391.0,2.3,121.0,8.6
2025-12-11 15:00:00,2025,12,11,15,Cao Bằng,Xã Tam Kim,22.606427,106.0179879,113,Unhealthy for Sensitive Groups,2,20.4,67,0.0,6.6,139,980.3,99,30.4,30.6,387.0,3.0,117.0,9.0
2025-12-11 16:00:00,2025,12,11,16,Cao Bằng,Xã Tam Kim,22.606427,106.0179879,114,Unhealthy for Sensitive Groups,2,20.0,70,0.0,5.4,143,980.3,88,32.0,32.4,402.0,4.6,109.0,9.8
2025-12-11 17:00:00,2025,12,11,17,Cao Bằng,Xã Tam Kim,22.606427,106.0179879,115,Unhealthy for Sensitive Groups,2,18.8,80,0.0,3.4,115,980.0,31,34.8,35.0,461.0,8.3,95.0,11.0
2025-12-11 18:00:00,2025,12,11,18,Cao Bằng,Xã Tam Kim,22.606427,106.0179879,116,Unhealthy for Sensitive Groups,2,17.9,82,0.0,1.3,164,980.3,64,37.4,37.6,540.0,13.0,78.0,12.5
2025-12-11 19:00:00,2025,12,11,19,Cao Bằng,Xã Tam Kim,22.606427,106.0179879,117,Unhealthy for Sensitive Groups,2,17.6,86,0.0,1.4,247,980.8,66,32.7,32.9,584.0,12.2,77.0,11.4
2025-12-11 20:00:00,2025,12,11,20,Cao Bằng,Xã Tam Kim,22.606427,106.0179879,116,Unhealthy for Sensitive Groups,2,17.7,88,0.0,1.8,225,981.1,88,36.2,36.4,562.0,12.0,73.0,11.7
2025-12-11 21:00:00,2025,12,11,21,Cao Bằng,Xã Tam Kim,22.606427,106.0179879,114,Unhealthy for Sensitive Groups,2,17.2,88,0.0,1.0,149,981.4,84,38.0,38.2,505.0,11.8,68.0,12.1
2025-12-11 22:00:00,2025,12,11,22,Cao Bằng,Xã Tam Kim,22.606427,106.0179879,113,Unhealthy for Sensitive Groups,2,17.0,90,0.0,2.5,150,981.3,81,39.0,39.2,460.0,11.3,64.0,12.2
2025-12-11 23:00:00,2025,12,11,23,Cao Bằng,Xã Tam Kim,22.606427,106.0179879,112,Unhealthy for Sensitive Groups,2,16.6,92,0.0,2.5,159,980.5,66,38.5,38.8,446.0,10.4,61.0,11.7
2025-12-12 00:00:00,2025,12,12,0,Cao Bằng,Xã Tam Kim,22.606427,106.0179879,110,Unhealthy for Sensitive Groups,2,16.4,93,0.0,1.4,320,980.2,81,36.8,37.1,442.0,9.3,60.0,10.8
2025-12-12 01:00:00,2025,12,12,1,Cao Bằng,Xã Tam Kim,22.606427,106.0179879,107,Unhealthy for Sensitive Groups,2,16.7,93,0.1,0.3,315,979.9,75,35.5,35.7,433.0,8.3,59.0,10.1
2025-12-12 02:00:00,2025,12,12,2,Cao Bằng,Xã Tam Kim,22.606427,106.0179879,105,Unhealthy for Sensitive Groups,2,16.6,93,3.1,0.6,108,979.1,65,32.2,32.5,406.0,7.2,60.0,9.7
2025-12-12 03:00:00,2025,12,12,3,Cao Bằng,Xã Tam Kim,22.606427,106.0179879,103,Unhealthy for Sensitive Groups,2,16.3,94,0.2,0.6,162,978.7,18,28.0,28.2,373.0,6.2,63.0,9.6
2025-12-12 04:00:00,2025,12,12,4,Cao Bằng,Xã Tam Kim,22.606427,106.0179879,100,Moderate,1,15.8,95,0.0,0.2,270,978.4,18,26.2,26.4,360.0,5.8,64.0,9.6
2025-12-12 05:00:00,2025,12,12,5,Cao Bằng,Xã Tam Kim,22.606427,106.0179879,97,Moderate,1,15.5,96,0.0,0.6,304,978.4,30,27.8,28.1,388.0,6.5,61.0,9.5
2025-12-12 06:00:00,2025,12,12,6,Cao Bằng,Xã Tam Kim,22.606427,106.0179879,95,Moderate,1,15.6,96,0.0,0.7,284,978.7,75,29.8,30.0,436.0,7.9,58.0,9.6
2025-12-12 07:00:00,2025,12,12,7,Cao Bằng,Xã Tam Kim,22.606427,106.0179879,93,Moderate,1,16.3,93,0.0,0.9,349,979.6,100,11.6,11.7,464.0,9.0,48.0,9.0
2025-12-12 08:00:00,2025,12,12,8,Cao Bằng,Xã Tam Kim,22.606427,106.0179879,90,Moderate,1,17.1,94,0.0,3.0,65,980.2,100,18.8,18.9,450.0,7.7,59.0,14.0
2025-12-12 09:00:00,2025,12,12,9,Cao Bằng,Xã Tam Kim,22.606427,106.0179879,89,Moderate,1,17.9,93,0.0,3.4,65,980.8,100,20.2,20.3,417.0,5.8,74.0,20.6
2025-12-12 10:00:00,2025,12,12,10,Cao Bằng,Xã Tam Kim,22.606427,106.0179879,88,Moderate,1,18.5,90,0.0,5.2,86,981.0,100,17.8,17.8,388.0,4.3,85.0,24.2
2025-12-12 11:00:00,2025,12,12,11,Cao Bằng,Xã Tam Kim,22.606427,106.0179879,87,Moderate,1,19.7,86,0.0,5.0,103,980.1,100,15.0,15.1,373.0,3.3,89.0,21.7
2025-12-12 12:00:00,2025,12,12,12,Cao Bằng,Xã Tam Kim,22.606427,106.0179879,86,Moderate,1,20.8,80,0.1,4.0,122,978.7,100,15.0,15.0,362.0,2.7,88.0,16.1
2025-12-12 13:00:00,2025,12,12,13,Cao Bằng,Xã Tam Kim,22.606427,106.0179879,85,Moderate,1,20.2,88,0.1,3.5,118,978.0,100,15.7,15.8,354.0,2.5,87.0,11.5
2025-12-12 14:00:00,2025,12,12,14,Cao Bằng,Xã Tam Kim,22.606427,106.0179879,84,Moderate,1,20.7,86,0.3,4.0,126,977.6,99,16.5,16.6,345.0,2.7,86.0,9.6
2025-12-12 15:00:00,2025,12,12,15,Cao Bằng,Xã Tam Kim,22.606427,106.0179879,84,Moderate,1,20.2,87,0.0,4.6,116,977.3,100,16.1,16.1,338.0,3.3,84.0,8.8
2025-12-12 16:00:00,2025,12,12,16,Cao Bằng,Xã Tam Kim,22.606427,106.0179879,82,Moderate,1,19.7,87,0.0,4.7,118,977.3,66,17.1,17.1,340.0,4.6,80.0,8.3
2025-12-12 17:00:00,2025,12,12,17,Cao Bằng,Xã Tam Kim,22.606427,106.0179879,81,Moderate,1,18.8,92,0.0,4.5,130,977.6,98,18.7,18.7,359.0,7.2,71.0,7.9
2025-12-12 18:00:00,2025,12,12,18,Cao Bằng,Xã Tam Kim,22.606427,106.0179879,79,Moderate,1,18.4,94,0.0,3.1,114,978.1,97,20.3,20.4,388.0,10.6,60.0,7.7
2025-12-12 19:00:00,2025,12,12,19,Cao Bằng,Xã Tam Kim,22.606427,106.0179879,78,Moderate,1,18.3,98,0.0,2.8,153,978.5,100,17.0,17.1,412.0,12.1,53.0,9.6
2025-12-12 20:00:00,2025,12,12,20,Cao Bằng,Xã Tam Kim,22.606427,106.0179879,77,Moderate,1,18.0,98,0.0,2.7,138,979.3,100,18.5,18.5,420.0,12.7,49.0,9.2
2025-12-12 21:00:00,2025,12,12,21,Cao Bằng,Xã Tam Kim,22.606427,106.0179879,75,Moderate,1,18.2,98,0.0,1.0,112,979.8,99,19.6,19.7,423.0,13.4,43.0,8.7
2025-12-12 22:00:00,2025,12,12,22,Cao Bằng,Xã Tam Kim,22.606427,106.0179879,73,Moderate,1,18.2,98,0.0,0.9,360,980.1,100,21.5,21.6,435.0,13.6,39.0,8.3
2025-12-12 23:00:00,2025,12,12,23,Cao Bằng,Xã Tam Kim,22.606427,106.0179879,72,Moderate,1,18.1,98,0.0,2.3,331,980.2,100,21.9,22.0,471.0,12.6,39.0,8.1
2025-12-13 00:00:00,2025,12,13,0,Cao Bằng,Xã Tam Kim,22.606427,106.0179879,70,Moderate,1,18.1,98,0.0,2.4,312,980.5,100,22.3,22.4,517.0,11.1,40.0,7.9
2025-12-13 01:00:00,2025,12,13,1,Cao Bằng,Xã Tam Kim,22.606427,106.0179879,69,Moderate,1,18.6,97,0.1,4.4,297,980.3,88,22.4,22.5,544.0,9.8,41.0,7.7
2025-12-13 02:00:00,2025,12,13,2,Cao Bằng,Xã Tam Kim,22.606427,106.0179879,68,Moderate,1,18.5,97,0.0,2.1,322,979.9,70,20.9,21.0,539.0,9.1,39.0,7.2
2025-12-13 03:00:00,2025,12,13,3,Cao Bằng,Xã Tam Kim,22.606427,106.0179879,67,Moderate,1,18.5,96,0.0,1.4,337,980.1,61,15.2,15.3,514.0,8.7,36.0,6.6
2025-12-13 04:00:00,2025,12,13,4,Cao Bằng,Xã Tam Kim,22.606427,106.0179879,66,Moderate,1,18.4,96,0.0,1.8,281,980.2,96,17.1,17.1,483.0,8.2,35.0,6.5
2025-12-13 05:00:00,2025,12,13,5,Cao Bằng,Xã Tam Kim,22.606427,106.0179879,65,Moderate,1,18.3,95,0.1,2.9,266,980.5,100,15.8,15.8,432.0,7.7,39.0,6.6
2025-12-13 06:00:00,2025,12,13,6,Cao Bằng,Xã Tam Kim,22.606427,106.0179879,64,Moderate,1,17.9,95,1.3,4.1,283,981.1,100,15.5,15.6,374.0,7.2,45.0,7.1
2025-12-13 07:00:00,2025,12,13,7,Cao Bằng,Xã Tam Kim,22.606427,106.0179879,63,Moderate,1,18.4,93,2.7,1.8,217,982.3,100,11.8,11.8,360.0,7.9,46.0,9.2
2025-12-13 08:00:00,2025,12,13,8,Cao Bằng,Xã Tam Kim,22.606427,106.0179879,63,Moderate,1,18.8,98,0.4,3.1,306,983.5,100,11.0,11.0,426.0,6.6,54.0,14.1
2025-12-13 09:00:00,2025,12,13,9,Cao Bằng,Xã Tam Kim,22.606427,106.0179879,62,Moderate,1,19.6,89,0.0,9.6,319,984.9,100,7.9,7.9,537.0,4.7,66.0,20.8
2025-12-13 10:00:00,2025,12,13,10,Cao Bằng,Xã Tam Kim,22.606427,106.0179879,61,Moderate,1,21.3,69,0.1,12.3,339,985.6,100,5.3,5.3,632.0,3.3,76.0,25.6
2025-12-13 11:00:00,2025,12,13,11,Cao Bằng,Xã Tam Kim,22.606427,106.0179879,60,Moderate,1,22.1,56,0.0,15.9,12,985.7,100,4.1,4.1,696.0,2.7,84.0,26.7
2025-12-13 12:00:00,2025,12,13,12,Cao Bằng,Xã Tam Kim,22.606427,106.0179879,59,Moderate,1,22.1,51,0.0,14.7,19,985.3,100,4.7,4.7,746.0,2.4,90.0,26.0
2025-12-13 13:00:00,2025,12,13,13,Cao Bằng,Xã Tam Kim,22.606427,106.0179879,58,Moderate,1,23.3,45,0.0,15.2,37,984.2,100,5.4,5.4,769.0,2.3,95.0,24.9
2025-12-13 14:00:00,2025,12,13,14,Cao Bằng,Xã Tam Kim,22.606427,106.0179879,57,Moderate,1,23.1,47,0.0,16.2,49,983.5,97,6.1,6.1,751.0,2.1,98.0,23.8
2025-12-13 15:00:00,2025,12,13,15,Cao Bằng,Xã Tam Kim,22.606427,106.0179879,56,Moderate,1,22.7,45,0.0,17.0,48,983.6,94,6.4,6.4,706.0,2.0,100.0,22.3
2025-12-13 16:00:00,2025,12,13,16,Cao Bằng,Xã Tam Kim,22.606427,106.0179879,55,Moderate,1,21.6,48,0.0,12.5,57,984.1,60,6.6,6.6,668.0,2.1,100.0,21.1
2025-12-13 17:00:00,2025,12,13,17,Cao Bằng,Xã Tam Kim,22.606427,106.0179879,54,Moderate,1,19.7,53,0.0,10.4,60,984.8,67,7.0,7.0,649.0,2.7,98.0,20.4
2025-12-13 18:00:00,2025,12,13,18,Cao Bằng,Xã Tam Kim,22.606427,106.0179879,53,Moderate,1,18.1,55,0.0,9.4,72,985.8,99,7.5,7.6,637.0,3.5,94.0,20.0
2025-12-13 19:00:00,2025,12,13,19,Cao Bằng,Xã Tam Kim,22.606427,106.0179879,52,Moderate,1,16.8,62,0.0,9.7,88,986.5,42,18.4,18.4,627.0,4.4,76.0,19.5
2025-12-13 20:00:00,2025,12,13,20,Cao Bằng,Xã Tam Kim,22.606427,106.0179879,52,Moderate,1,15.6,66,0.0,5.7,77,987.5,27,19.2,19.2,617.0,4.7,72.0,18.9
2025-12-13 21:00:00,2025,12,13,21,Cao Bằng,Xã Tam Kim,22.606427,106.0179879,52,Moderate,1,15.0,66,0.0,5.0,71,988.5,8,20.2,20.3,608.0,5.2,67.0,18.1
2025-12-13 22:00:00,2025,12,13,22,Cao Bằng,Xã Tam Kim,22.606427,106.0179879,52,Moderate,1,14.4,66,0.0,4.5,56,988.8,2,21.4,21.5,599.0,5.6,62.0,17.1
2025-12-13 23:00:00,2025,12,13,23,Cao Bằng,Xã Tam Kim,22.606427,106.0179879,52,Moderate,1,13.7,67,0.0,4.2,18,988.4,1,22.1,22.2,591.0,5.9,57.0,15.9
2025-12-14 00:00:00,2025,12,14,0,Cao Bằng,Xã Tam Kim,22.606427,106.0179879,52,Moderate,1,12.8,69,0.0,4.3,355,988.0,2,22.5,22.6,584.0,6.1,52.0,14.5
2025-12-14 01:00:00,2025,12,14,1,Cao Bằng,Xã Tam Kim,22.606427,106.0179879,52,Moderate,1,13.0,71,0.0,4.0,10,987.4,41,22.6,22.9,574.0,6.3,47.0,13.3
2025-12-14 02:00:00,2025,12,14,2,Cao Bằng,Xã Tam Kim,22.606427,106.0179879,52,Moderate,1,13.5,70,0.0,3.4,16,987.1,66,22.9,23.1,556.0,6.2,43.0,12.2
2025-12-14 03:00:00,2025,12,14,3,Cao Bằng,Xã Tam Kim,22.606427,106.0179879,53,Moderate,1,13.1,72,0.0,3.3,13,987.0,66,23.1,23.4,535.0,5.9,40.0,11.3
2025-12-14 04:00:00,2025,12,14,4,Cao Bằng,Xã Tam Kim,22.606427,106.0179879,53,Moderate,1,12.4,75,0.0,3.2,357,986.7,20,23.5,23.7,527.0,6.2,37.0,10.6
2025-12-14 05:00:00,2025,12,14,5,Cao Bằng,Xã Tam Kim,22.606427,106.0179879,54,Moderate,1,11.8,76,0.0,2.7,4,986.9,3,23.9,24.3,550.0,7.8,31.0,10.0
2025-12-14 06:00:00,2025,12,14,6,Cao Bằng,Xã Tam Kim,22.606427,106.0179879,55,Moderate,1,10.7,80,0.0,2.1,15,987.1,2,24.9,25.3,585.0,9.9,24.0,9.7
2025-12-14 07:00:00,2025,12,14,7,Cao Bằng,Xã Tam Kim,22.606427,106.0179879,55,Moderate,1,10.3,87,0.0,1.3,352,988.0,2,11.7,11.8,595.0,10.3,30.0,10.8
2025-12-14 08:00:00,2025,12,14,8,Cao Bằng,Xã Tam Kim,22.606427,106.0179879,55,Moderate,1,13.2,75,0.0,0.2,270,989.2,2,12.2,12.5,553.0,7.9,45.0,12.4
2025-12-14 09:00:00,2025,12,14,9,Cao Bằng,Xã Tam Kim,22.606427,106.0179879,55,Moderate,1,15.2,54,0.0,2.1,20,989.9,2,12.5,13.1,485.0,4.6,67.0,14.6
2025-12-14 10:00:00,2025,12,14,10,Cao Bằng,Xã Tam Kim,22.606427,106.0179879,56,Moderate,1,16.6,49,0.0,1.9,56,989.7,2,13.0,13.7,432.0,2.1,84.0,15.8
2025-12-14 11:00:00,2025,12,14,11,Cao Bằng,Xã Tam Kim,22.606427,106.0179879,57,Moderate,1,17.7,48,0.0,2.3,108,988.5,5,13.5,14.3,416.0,1.2,94.0,15.1
2025-12-14 12:00:00,2025,12,14,12,Cao Bằng,Xã Tam Kim,22.606427,106.0179879,57,Moderate,1,19.1,42,0.0,3.2,128,987.0,34,14.0,14.9,415.0,1.2,100.0,13.3
2025-12-14 13:00:00,2025,12,14,13,Cao Bằng,Xã Tam Kim,22.606427,106.0179879,58,Moderate,1,19.8,40,0.0,3.7,119,985.7,3,14.1,15.2,406.0,1.3,104.0,11.7
2025-12-14 14:00:00,2025,12,14,14,Cao Bằng,Xã Tam Kim,22.606427,106.0179879,59,Moderate,1,19.9,40,0.0,5.6,132,984.5,0,14.2,15.3,371.0,1.0,108.0,10.6
2025-12-14 15:00:00,2025,12,14,15,Cao Bằng,Xã Tam Kim,22.606427,106.0179879,60,Moderate,1,19.8,40,0.0,6.0,143,983.6,0,14.1,15.3,327.0,0.9,110.0,9.7
2025-12-14 16:00:00,2025,12,14,16,Cao Bằng,Xã Tam Kim,22.606427,106.0179879,60,Moderate,1,19.1,43,0.0,5.2,158,983.4,0,14.1,15.4,305.0,2.0,107.0,9.0
2025-12-14 17:00:00,2025,12,14,17,Cao Bằng,Xã Tam Kim,22.606427,106.0179879,61,Moderate,1,16.1,57,0.0,6.0,173,983.0,0,15.5,16.7,325.0,5.5,94.0,8.7
2025-12-14 18:00:00,2025,12,14,18,Cao Bằng,Xã Tam Kim,22.606427,106.0179879,62,Moderate,1,14.6,61,0.0,7.6,175,983.3,0,17.1,18.3,366.0,10.3,75.0,8.7
2025-12-14 19:00:00,2025,12,14,19,Cao Bằng,Xã Tam Kim,22.606427,106.0179879,63,Moderate,1,13.3,67,0.0,5.2,186,983.7,0,11.9,12.5,402.0,13.0,58.0,8.7
2025-12-14 20:00:00,2025,12,14,20,Cao Bằng,Xã Tam Kim,22.606427,106.0179879,62,Moderate,1,13.2,67,0.0,2.9,202,984.2,0,12.3,13.0,427.0,13.4,55.0,9.0
2025-12-14 21:00:00,2025,12,14,21,Cao Bằng,Xã Tam Kim,22.606427,106.0179879,61,Moderate,1,12.8,68,0.0,2.2,194,984.8,1,13.0,13.7,446.0,14.0,51.0,9.4
2025-12-14 22:00:00,2025,12,14,22,Cao Bằng,Xã Tam Kim,22.606427,106.0179879,61,Moderate,1,12.0,71,0.0,2.3,176,984.9,0,14.3,15.0,446.0,14.4,48.0,9.9
2025-12-14 23:00:00,2025,12,14,23,Cao Bằng,Xã Tam Kim,22.606427,106.0179879,60,Moderate,1,11.3,74,0.0,2.6,192,984.8,0,15.7,16.5,411.0,14.7,48.0,10.5
2025-12-15 00:00:00,2025,12,15,0,Cao Bằng,Xã Tam Kim,22.606427,106.0179879,60,Moderate,1,10.8,76,0.0,1.2,243,984.7,0,16.8,17.6,356.0,14.8,49.0,11.2
2025-12-15 01:00:00,2025,12,15,1,Cao Bằng,Xã Tam Kim,22.606427,106.0179879,59,Moderate,1,10.6,76,0.0,0.6,252,984.6,0,17.9,18.6,315.0,14.8,50.0,11.9
2025-12-15 02:00:00,2025,12,15,2,Cao Bằng,Xã Tam Kim,22.606427,106.0179879,59,Moderate,1,10.8,76,0.0,0.4,243,984.0,0,18.9,19.7,297.0,14.3,52.0,12.4
2025-12-15 03:00:00,2025,12,15,3,Cao Bằng,Xã Tam Kim,22.606427,106.0179879,58,Moderate,1,10.4,77,0.0,0.4,243,983.6,0,20.0,20.8,293.0,13.6,54.0,12.9
2025-12-15 04:00:00,2025,12,15,4,Cao Bằng,Xã Tam Kim,22.606427,106.0179879,58,Moderate,1,10.0,78,0.0,0.6,236,983.4,0,21.2,22.0,306.0,13.6,55.0,13.7
2025-12-15 05:00:00,2025,12,15,5,Cao Bằng,Xã Tam Kim,22.606427,106.0179879,58,Moderate,1,9.8,78,0.0,0.4,243,983.4,0,22.5,23.3,353.0,15.7,54.0,15.2
2025-12-15 06:00:00,2025,12,15,6,Cao Bằng,Xã Tam Kim,22.606427,106.0179879,58,Moderate,1,9.5,79,0.0,0.5,225,983.9,0,24.5,25.4,417.0,18.5,51.0,17.0
2025-12-15 07:00:00,2025,12,15,7,Cao Bằng,Xã Tam Kim,22.606427,106.0179879,58,Moderate,1,9.8,84,0.0,1.3,225,984.4,0,15.9,16.5,455.0,21.1,55.0,18.1
2025-12-15 08:00:00,2025,12,15,8,Cao Bằng,Xã Tam Kim,22.606427,106.0179879,58,Moderate,1,12.7,71,0.0,0.4,27,985.5,0,12.3,12.5,440.0,15.7,70.0,17.5
2025-12-15 09:00:00,2025,12,15,9,Cao Bằng,Xã Tam Kim,22.606427,106.0179879,58,Moderate,1,14.5,63,0.0,2.5,98,986.0,0,6.5,6.8,398.0,8.3,90.0,16.6
2025-12-15 10:00:00,2025,12,15,10,Cao Bằng,Xã Tam Kim,22.606427,106.0179879,58,Moderate,1,16.3,56,0.0,4.6,116,985.7,0,6.5,6.7,366.0,2.8,107.0,15.9
2025-12-15 11:00:00,2025,12,15,11,Cao Bằng,Xã Tam Kim,22.606427,106.0179879,57,Moderate,1,18.1,51,0.0,5.6,115,984.2,0,7.7,8.0,358.0,1.0,116.0,15.5
2025-12-15 12:00:00,2025,12,15,12,Cao Bằng,Xã Tam Kim,22.606427,106.0179879,56,Moderate,1,19.5,52,0.0,7.0,116,982.4,0,8.7,9.0,360.0,1.1,121.0,15.4
2025-12-15 13:00:00,2025,12,15,13,Cao Bằng,Xã Tam Kim,22.606427,106.0179879,56,Moderate,1,21.3,46,0.0,7.9,125,981.1,0,9.6,9.8,363.0,1.4,125.0,15.4
2025-12-15 14:00:00,2025,12,15,14,Cao Bằng,Xã Tam Kim,22.606427,106.0179879,56,Moderate,1,22.1,46,0.0,8.3,131,980.0,0,10.4,10.7,360.0,1.1,129.0,15.7
2025-12-15 15:00:00,2025,12,15,15,Cao Bằng,Xã Tam Kim,22.606427,106.0179879,55,Moderate,1,22.0,47,0.0,9.4,138,979.5,2,11.5,11.7,358.0,1.1,130.0,16.1
2025-12-15 16:00:00,2025,12,15,16,Cao Bằng,Xã Tam Kim,22.606427,106.0179879,55,Moderate,1,21.0,53,0.0,7.9,147,979.2,3,12.6,12.8,365.0,2.1,127.0,16.5
2025-12-15 17:00:00,2025,12,15,17,Cao Bằng,Xã Tam Kim,22.606427,106.0179879,68,Moderate,1,17.4,69,0.0,7.2,143,979.2,2,14.5,14.6,392.0,5.1,115.0,16.7
2025-12-15 18:00:00,2025,12,15,18,Cao Bằng,Xã Tam Kim,22.606427,106.0179879,73,Moderate,1,14.9,80,0.0,4.6,189,979.6,0,17.8,17.9,430.0,9.2,98.0,16.8
2025-12-15 19:00:00,2025,12,15,19,Cao Bằng,Xã Tam Kim,22.606427,106.0179879,71,Moderate,1,13.7,86,0.0,4.1,203,980.3,8,15.7,15.8,456.0,13.5,73.0,16.4
2025-12-15 20:00:00,2025,12,15,20,Cao Bằng,Xã Tam Kim,22.606427,106.0179879,62,Moderate,1,13.4,87,0.0,3.3,193,981.0,4,19.4,19.6,461.0,14.9,70.0,17.2
2025-12-15 21:00:00,2025,12,15,21,Cao Bằng,Xã Tam Kim,22.606427,106.0179879,56,Moderate,1,12.7,89,0.0,1.2,231,981.5,5,22.5,22.6,455.0,16.8,66.0,18.2
2025-12-15 22:00:00,2025,12,15,22,Cao Bằng,Xã Tam Kim,22.606427,106.0179879,57,Moderate,1,11.9,91,0.0,1.1,261,981.8,10,25.9,26.0,448.0,18.2,63.0,19.0
2025-12-15 23:00:00,2025,12,15,23,Cao Bằng,Xã Tam Kim,22.606427,106.0179879,58,Moderate,1,11.7,92,0.0,1.1,252,981.8,10,28.6,28.8,442.0,18.9,62.0,19.3
2025-12-16 00:00:00,2025,12,16,0,Cao Bằng,Xã Tam Kim,22.606427,106.0179879,59,Moderate,1,11.2,93,0.0,1.1,270,981.8,9,30.4,30.5,434.0,19.0,61.0,19.4
2025-12-16 01:00:00,2025,12,16,1,Cao Bằng,Xã Tam Kim,22.606427,106.0179879,60,Moderate,1,12.8,89,0.0,0.4,360,981.7,84,31.7,31.8,427.0,18.6,60.0,18.9
2025-12-16 02:00:00,2025,12,16,2,Cao Bằng,Xã Tam Kim,22.606427,106.0179879,61,Moderate,1,13.5,87,0.0,1.6,6,981.5,84,32.7,32.9,414.0,17.0,58.0,17.4
2025-12-16 03:00:00,2025,12,16,3,Cao Bằng,Xã Tam Kim,22.606427,106.0179879,63,Moderate,1,14.1,86,0.0,2.9,7,981.4,95,33.5,33.6,401.0,14.8,55.0,15.4
2025-12-16 04:00:00,2025,12,16,4,Cao Bằng,Xã Tam Kim,22.606427,106.0179879,64,Moderate,1,13.5,89,0.0,4.0,5,981.3,92,33.1,33.2,407.0,13.4,52.0,13.9
2025-12-16 05:00:00,2025,12,16,5,Cao Bằng,Xã Tam Kim,22.606427,106.0179879,65,Moderate,1,13.4,91,0.0,3.8,360,981.5,86,32.4,32.5,459.0,14.0,47.0,13.1
2025-12-16 06:00:00,2025,12,16,6,Cao Bằng,Xã Tam Kim,22.606427,106.0179879,66,Moderate,1,13.0,93,0.0,4.0,350,981.6,94,32.7,32.9,530.0,15.3,43.0,12.7
2025-12-16 07:00:00,2025,12,16,7,Cao Bằng,Xã Tam Kim,22.606427,106.0179879,66,Moderate,1,13.4,93,0.0,2.8,27,982.3,85,22.5,22.6,563.0,12.4,50.0,13.2
2025-12-16 08:00:00,2025,12,16,8,Cao Bằng,Xã Tam Kim,22.606427,106.0179879,67,Moderate,1,14.9,85,0.0,2.7,37,983.0,98,20.7,20.8,520.0,9.8,62.0,15.2
2025-12-16 09:00:00,2025,12,16,9,Cao Bằng,Xã Tam Kim,22.606427,106.0179879,68,Moderate,1,16.7,78,0.0,3.8,49,983.7,96,17.5,17.6,439.0,6.3,78.0,17.8
2025-12-16 10:00:00,2025,12,16,10,Cao Bằng,Xã Tam Kim,22.606427,106.0179879,69,Moderate,1,18.7,70,0.0,4.2,78,983.6,100,18.5,18.7,375.0,3.6,91.0,19.1
2025-12-16 11:00:00,2025,12,16,11,Cao Bằng,Xã Tam Kim,22.606427,106.0179879,70,Moderate,1,19.4,70,0.0,5.8,76,982.8,98,19.5,19.7,352.0,2.6,96.0,17.7
2025-12-16 12:00:00,2025,12,16,12,Cao Bằng,Xã Tam Kim,22.606427,106.0179879,71,Moderate,1,20.8,63,0.0,5.3,82,981.6,100,20.5,20.7,347.0,2.5,98.0,14.8
2025-12-16 13:00:00,2025,12,16,13,Cao Bằng,Xã Tam Kim,22.606427,106.0179879,72,Moderate,1,21.7,58,0.0,4.3,118,980.7,100,21.6,21.8,345.0,2.6,98.0,12.4
2025-12-16 14:00:00,2025,12,16,14,Cao Bằng,Xã Tam Kim,22.606427,106.0179879,73,Moderate,1,22.0,56,0.0,5.3,118,980.1,100,22.8,23.0,340.0,2.0,99.0,10.9
2025-12-16 15:00:00,2025,12,16,15,Cao Bằng,Xã Tam Kim,22.606427,106.0179879,74,Moderate,1,21.9,58,0.0,5.8,120,979.5,95,23.4,23.6,340.0,1.7,99.0,9.8
2025-12-16 16:00:00,2025,12,16,16,Cao Bằng,Xã Tam Kim,22.606427,106.0179879,75,Moderate,1,21.3,62,0.0,5.5,107,979.9,100,24.6,24.7,350.0,3.7,95.0,9.5
2025-12-16 17:00:00,2025,12,16,17,Cao Bằng,Xã Tam Kim,22.606427,106.0179879,76,Moderate,1,18.8,72,0.0,6.6,107,980.4,99,27.1,27.3,385.0,10.3,83.0,10.5
2025-12-16 18:00:00,2025,12,16,18,Cao Bằng,Xã Tam Kim,22.606427,106.0179879,77,Moderate,1,18.0,77,0.0,6.6,143,981.2,100,32.0,32.2,430.0,19.4,67.0,12.3
2025-12-16 19:00:00,2025,12,16,19,Cao Bằng,Xã Tam Kim,22.606427,106.0179879,78,Moderate,1,17.3,84,0.0,4.4,189,982.1,98,39.5,39.7,456.0,24.4,51.0,13.1
2025-12-16 20:00:00,2025,12,16,20,Cao Bằng,Xã Tam Kim,22.606427,106.0179879,81,Moderate,1,16.6,86,0.0,1.9,236,982.7,100,40.5,40.9,441.0,24.8,48.0,13.6
2025-12-16 21:00:00,2025,12,16,21,Cao Bằng,Xã Tam Kim,22.606427,106.0179879,82,Moderate,1,16.4,87,0.0,1.3,286,983.4,81,40.7,41.0,406.0,25.2,45.0,14.3
2025-12-16 22:00:00,2025,12,16,22,Cao Bằng,Xã Tam Kim,22.606427,106.0179879,84,Moderate,1,16.8,87,0.0,1.1,288,984.1,100,43.8,44.1,381.0,25.3,40.0,14.4
2025-12-16 23:00:00,2025,12,16,23,Cao Bằng,Xã Tam Kim,22.606427,106.0179879,86,Moderate,1,16.7,86,0.1,1.1,288,984.0,100,47.7,48.1,380.0,24.9,34.0,13.2
2025-12-17 00:00:00,2025,12,17,0,Cao Bằng,Xã Tam Kim,22.606427,106.0179879,87,Moderate,1,16.5,87,0.1,2.7,270,984.4,100,48.3,48.7,388.0,24.1,27.0,11.5
2025-12-17 01:00:00,2025,12,17,1,Cao Bằng,Xã Tam Kim,22.606427,106.0179879,89,Moderate,1,16.1,89,0.1,2.3,270,984.3,77,46.4,46.8,395.0,22.5,22.0,10.0
2025-12-17 02:00:00,2025,12,17,2,Cao Bằng,Xã Tam Kim,22.606427,106.0179879,90,Moderate,1,16.4,91,0.0,3.1,310,984.2,95,41.7,42.0,393.0,19.3,22.0,9.2
2025-12-17 03:00:00,2025,12,17,3,Cao Bằng,Xã Tam Kim,22.606427,106.0179879,91,Moderate,1,16.1,93,0.1,3.1,315,984.0,40,29.0,29.3,390.0,15.3,25.0,8.7
2025-12-17 04:00:00,2025,12,17,4,Cao Bằng,Xã Tam Kim,22.606427,106.0179879,91,Moderate,1,16.0,94,0.0,2.8,288,983.9,92,20.2,20.4,395.0,12.3,27.0,8.6
2025-12-17 05:00:00,2025,12,17,5,Cao Bằng,Xã Tam Kim,22.606427,106.0179879,90,Moderate,1,15.8,94,0.0,2.7,293,984.4,30,18.3,18.4,419.0,11.6,25.0,8.9
2025-12-17 06:00:00,2025,12,17,6,Cao Bằng,Xã Tam Kim,22.606427,106.0179879,88,Moderate,1,15.7,94,0.0,2.7,298,985.0,36,18.0,18.2,452.0,12.0,23.0,9.6
2025-12-17 07:00:00,2025,12,17,7,Cao Bằng,Xã Tam Kim,22.606427,106.0179879,87,Moderate,1,16.9,89,0.0,0.5,180,985.4,100,23.1,23.2,473.0,12.4,26.0,10.8
2025-12-17 08:00:00,2025,12,17,8,Cao Bằng,Xã Tam Kim,22.606427,106.0179879,87,Moderate,1,17.4,88,0.0,1.9,151,986.1,98,20.1,20.3,469.0,9.9,38.0,11.5
2025-12-17 09:00:00,2025,12,17,9,Cao Bằng,Xã Tam Kim,22.606427,106.0179879,87,Moderate,1,18.1,84,0.0,2.2,104,987.1,79,14.1,14.2,452.0,6.5,54.0,12.4
2025-12-17 10:00:00,2025,12,17,10,Cao Bằng,Xã Tam Kim,22.606427,106.0179879,87,Moderate,1,18.6,82,0.0,0.9,37,987.1,45,12.6,12.7,438.0,3.9,68.0,12.5
2025-12-17 11:00:00,2025,12,17,11,Cao Bằng,Xã Tam Kim,22.606427,106.0179879,86,Moderate,1,20.2,70,0.1,3.9,28,986.3,45,10.6,10.7,432.0,2.7,76.0,11.0
2025-12-17 12:00:00,2025,12,17,12,Cao Bằng,Xã Tam Kim,22.606427,106.0179879,85,Moderate,1,21.1,67,0.3,3.8,41,985.0,53,11.1,11.1,429.0,2.3,81.0,8.8
2025-12-17 13:00:00,2025,12,17,13,Cao Bằng,Xã Tam Kim,22.606427,106.0179879,85,Moderate,1,21.8,63,0.3,4.8,27,984.2,67,12.0,12.0,424.0,2.2,84.0,7.4
2025-12-17 14:00:00,2025,12,17,14,Cao Bằng,Xã Tam Kim,22.606427,106.0179879,84,Moderate,1,22.1,56,0.0,6.4,50,983.3,69,13.3,13.3,410.0,2.2,86.0,7.8
2025-12-17 15:00:00,2025,12,17,15,Cao Bằng,Xã Tam Kim,22.606427,106.0179879,83,Moderate,1,21.2,60,0.0,7.5,55,983.4,100,15.2,15.3,394.0,2.5,86.0,9.0
2025-12-17 16:00:00,2025,12,17,16,Cao Bằng,Xã Tam Kim,22.606427,106.0179879,82,Moderate,1,20.7,62,0.0,3.2,27,983.6,100,18.1,18.2,391.0,3.9,83.0,10.0
2025-12-17 17:00:00,2025,12,17,17,Cao Bằng,Xã Tam Kim,22.606427,106.0179879,82,Moderate,1,19.9,67,0.0,1.8,354,983.9,100,22.2,22.3,415.0,7.1,74.0,10.5
2025-12-17 18:00:00,2025,12,17,18,Cao Bằng,Xã Tam Kim,22.606427,106.0179879,81,Moderate,1,18.9,69,0.0,3.4,354,984.5,84,25.0,25.0,453.0,11.3,61.0,10.8
2025-12-17 19:00:00,2025,12,17,19,Cao Bằng,Xã Tam Kim,22.606427,106.0179879,80,Moderate,1,18.2,82,0.0,2.6,321,985.1,64,22.8,22.9,478.0,14.5,41.0,11.3
2025-12-17 20:00:00,2025,12,17,20,Cao Bằng,Xã Tam Kim,22.606427,106.0179879,79,Moderate,1,17.2,84,0.0,4.5,307,985.3,46,24.3,24.3,479.0,14.6,37.0,11.2
2025-12-17 21:00:00,2025,12,17,21,Cao Bằng,Xã Tam Kim,22.606427,106.0179879,78,Moderate,1,16.5,86,0.0,3.9,326,985.9,37,25.6,25.6,467.0,14.8,32.0,11.1
2025-12-17 22:00:00,2025,12,17,22,Cao Bằng,Xã Tam Kim,22.606427,106.0179879,76,Moderate,1,14.9,90,0.0,7.5,318,985.8,34,26.5,26.6,453.0,14.7,28.0,10.8
2025-12-17 23:00:00,2025,12,17,23,Cao Bằng,Xã Tam Kim,22.606427,106.0179879,75,Moderate,1,14.5,88,0.0,7.7,309,985.7,32,28.1,28.2,438.0,14.3,25.0,10.2
2025-12-18 00:00:00,2025,12,18,0,Cao Bằng,Xã Tam Kim,22.606427,106.0179879,73,Moderate,1,14.5,85,0.0,6.5,304,985.3,92,28.7,28.8,421.0,13.7,22.0,9.4
2025-12-18 01:00:00,2025,12,18,1,Cao Bằng,Xã Tam Kim,22.606427,106.0179879,71,Moderate,1,15.1,88,0.0,4.7,286,984.9,100,29.6,29.7,406.0,13.0,20.0,8.7
2025-12-18 02:00:00,2025,12,18,2,Cao Bằng,Xã Tam Kim,22.606427,106.0179879,70,Moderate,1,15.4,86,0.0,5.2,304,984.5,100,30.6,30.7,391.0,12.1,19.0,8.2
2025-12-18 03:00:00,2025,12,18,3,Cao Bằng,Xã Tam Kim,22.606427,106.0179879,69,Moderate,1,14.8,89,0.0,4.4,300,984.3,79,31.5,31.7,378.0,11.0,19.0,7.9
2025-12-18 04:00:00,2025,12,18,4,Cao Bằng,Xã Tam Kim,22.606427,106.0179879,69,Moderate,1,14.4,89,0.0,3.4,302,984.1,61,32.6,32.7,381.0,10.4,19.0,7.8
2025-12-18 05:00:00,2025,12,18,5,Cao Bằng,Xã Tam Kim,22.606427,106.0179879,70,Moderate,1,13.8,89,0.0,3.3,311,984.1,20,33.4,33.6,419.0,10.8,17.0,8.1
2025-12-18 06:00:00,2025,12,18,6,Cao Bằng,Xã Tam Kim,22.606427,106.0179879,71,Moderate,1,13.5,89,0.0,2.4,312,984.4,13,35.0,35.3,472.0,11.5,14.0,8.7
2025-12-18 07:00:00,2025,12,18,7,Cao Bằng,Xã Tam Kim,22.606427,106.0179879,73,Moderate,1,13.5,88,0.0,1.7,257,984.9,16,35.3,35.4,500.0,11.3,19.0,8.7
2025-12-18 08:00:00,2025,12,18,8,Cao Bằng,Xã Tam Kim,22.606427,106.0179879,74,Moderate,1,15.5,82,0.0,2.9,300,985.5,13,34.5,34.6,477.0,8.7,41.0,9.0
2025-12-18 09:00:00,2025,12,18,9,Cao Bằng,Xã Tam Kim,22.606427,106.0179879,75,Moderate,1,17.9,71,0.0,2.7,323,985.9,8,27.5,27.6,428.0,5.2,72.0,9.3
2025-12-18 10:00:00,2025,12,18,10,Cao Bằng,Xã Tam Kim,22.606427,106.0179879,76,Moderate,1,19.7,63,0.0,0.8,63,985.6,2,24.0,24.2,383.0,2.5,95.0,9.2
2025-12-18 11:00:00,2025,12,18,11,Cao Bằng,Xã Tam Kim,22.606427,106.0179879,77,Moderate,1,21.1,58,0.0,3.6,123,984.8,38,20.8,21.0,351.0,1.5,104.0,8.1
2025-12-18 12:00:00,2025,12,18,12,Cao Bằng,Xã Tam Kim,22.606427,106.0179879,78,Moderate,1,21.8,58,0.0,7.3,128,982.8,55,20.2,20.4,323.0,1.4,106.0,6.5
2025-12-18 13:00:00,2025,12,18,13,Cao Bằng,Xã Tam Kim,22.606427,106.0179879,79,Moderate,1,22.6,52,0.0,3.9,143,981.8,37,19.0,19.1,301.0,1.5,107.0,5.3
2025-12-18 14:00:00,2025,12,18,14,Cao Bằng,Xã Tam Kim,22.606427,106.0179879,80,Moderate,1,23.2,49,0.1,3.6,147,980.7,37,17.5,17.6,284.0,1.1,109.0,4.6
2025-12-18 15:00:00,2025,12,18,15,Cao Bằng,Xã Tam Kim,22.606427,106.0179879,80,Moderate,1,22.9,52,0.1,3.5,145,979.8,25,16.1,16.2,274.0,0.8,109.0,4.3
2025-12-18 16:00:00,2025,12,18,16,Cao Bằng,Xã Tam Kim,22.606427,106.0179879,80,Moderate,1,22.6,55,0.0,3.3,112,979.2,17,15.8,15.9,277.0,1.9,105.0,4.4
2025-12-18 17:00:00,2025,12,18,17,Cao Bằng,Xã Tam Kim,22.606427,106.0179879,80,Moderate,1,20.3,68,0.0,4.5,127,979.1,18,17.6,17.7,306.0,5.7,94.0,5.2
2025-12-18 18:00:00,2025,12,18,18,Cao Bằng,Xã Tam Kim,22.606427,106.0179879,80,Moderate,1,17.7,76,0.0,5.8,178,978.8,2,20.7,20.8,350.0,10.9,80.0,6.4
2025-12-18 19:00:00,2025,12,18,19,Cao Bằng,Xã Tam Kim,22.606427,106.0179879,79,Moderate,1,16.4,87,0.0,4.7,189,979.3,9,23.8,23.9,379.0,14.5,63.0,7.3
2025-12-18 20:00:00,2025,12,18,20,Cao Bằng,Xã Tam Kim,22.606427,106.0179879,79,Moderate,1,15.4,91,0.0,2.6,214,979.6,2,25.4,25.5,379.0,15.0,61.0,7.8
2025-12-18 21:00:00,2025,12,18,21,Cao Bằng,Xã Tam Kim,22.606427,106.0179879,79,Moderate,1,14.6,94,0.0,1.8,225,980.0,5,26.4,26.5,365.0,15.7,59.0,8.6
2025-12-18 22:00:00,2025,12,18,22,Cao Bằng,Xã Tam Kim,22.606427,106.0179879,79,Moderate,1,13.8,96,0.0,0.6,252,980.2,7,28.5,28.6,354.0,16.3,56.0,9.0
2025-12-18 23:00:00,2025,12,18,23,Cao Bằng,Xã Tam Kim,22.606427,106.0179879,80,Moderate,1,13.2,96,0.0,1.3,262,980.3,5,30.7,30.9,353.0,16.9,53.0,8.9
2025-12-19 00:00:00,2025,12,19,0,Cao Bằng,Xã Tam Kim,22.606427,106.0179879,80,Moderate,1,12.6,97,0.0,1.5,263,979.9,9,32.4,32.5,356.0,17.3,49.0,8.5
2025-12-19 01:00:00,2025,12,19,1,Cao Bằng,Xã Tam Kim,22.606427,106.0179879,80,Moderate,1,13.1,96,0.0,1.0,292,980.0,37,33.3,33.4,359.0,17.2,46.0,7.9
2025-12-19 02:00:00,2025,12,19,2,Cao Bằng,Xã Tam Kim,22.606427,106.0179879,81,Moderate,1,13.7,95,0.0,1.5,330,979.5,55,33.6,33.8,356.0,15.9,43.0,7.0
2025-12-19 03:00:00,2025,12,19,3,Cao Bằng,Xã Tam Kim,22.606427,106.0179879,81,Moderate,1,13.9,95,0.0,1.6,6,979.2,13,33.9,34.0,355.0,14.0,40.0,5.9
2025-12-19 04:00:00,2025,12,19,4,Cao Bằng,Xã Tam Kim,22.606427,106.0179879,81,Moderate,1,13.2,96,0.0,0.6,288,979.0,5,34.0,34.1,372.0,12.8,37.0,5.4
2025-12-19 05:00:00,2025,12,19,5,Cao Bằng,Xã Tam Kim,22.606427,106.0179879,81,Moderate,1,12.5,98,0.0,1.0,292,978.9,2,34.5,34.6,434.0,13.4,32.0,5.2
2025-12-19 06:00:00,2025,12,19,6,Cao Bằng,Xã Tam Kim,22.606427,106.0179879,81,Moderate,1,12.2,98,0.0,0.6,252,979.0,7,35.6,35.9,516.0,14.7,28.0,5.5
2025-12-19 07:00:00,2025,12,19,7,Cao Bằng,Xã Tam Kim,22.606427,106.0179879,81,Moderate,1,12.1,96,0.0,0.4,243,979.7,20,42.4,42.6,558.0,13.8,42.0,10.2
2025-12-19 08:00:00,2025,12,19,8,Cao Bằng,Xã Tam Kim,22.606427,106.0179879,82,Moderate,1,15.4,87,0.0,2.1,38,980.5,18,39.9,40.0,522.0,10.7,65.0,14.4
2025-12-19 09:00:00,2025,12,19,9,Cao Bằng,Xã Tam Kim,22.606427,106.0179879,82,Moderate,1,17.7,80,0.0,4.0,60,980.8,17,36.6,36.8,446.0,6.4,96.0,20.1
2025-12-19 10:00:00,2025,12,19,10,Cao Bằng,Xã Tam Kim,22.606427,106.0179879,83,Moderate,1,20.6,68,0.0,3.5,102,980.7,60,33.4,33.6,385.0,3.2,119.0,23.5
2025-12-19 11:00:00,2025,12,19,11,Cao Bằng,Xã Tam Kim,22.606427,106.0179879,84,Moderate,1,23.1,56,0.0,4.5,157,979.7,61,31.4,31.7,363.0,2.1,124.0,22.4
2025-12-19 12:00:00,2025,12,19,12,Cao Bằng,Xã Tam Kim,22.606427,106.0179879,85,Moderate,1,24.7,48,0.0,8.3,193,978.1,41,30.5,30.7,356.0,2.0,120.0,19.0
2025-12-19 13:00:00,2025,12,19,13,Cao Bằng,Xã Tam Kim,22.606427,106.0179879,86,Moderate,1,24.5,47,0.0,9.8,203,977.0,36,31.9,32.0,349.0,2.1,116.0,16.1
2025-12-19 14:00:00,2025,12,19,14,Cao Bằng,Xã Tam Kim,22.606427,106.0179879,87,Moderate,1,24.7,47,0.0,9.3,209,976.1,17,32.8,33.1,332.0,1.6,117.0,14.6
2025-12-19 15:00:00,2025,12,19,15,Cao Bằng,Xã Tam Kim,22.606427,106.0179879,88,Moderate,1,25.0,43,0.0,8.7,210,975.4,49,36.4,36.8,315.0,1.2,119.0,13.5
2025-12-19 16:00:00,2025,12,19,16,Cao Bằng,Xã Tam Kim,22.606427,106.0179879,90,Moderate,1,23.7,51,0.0,8.8,189,975.2,20,32.5,32.7,313.0,2.4,117.0,13.0
2025-12-19 17:00:00,2025,12,19,17,Cao Bằng,Xã Tam Kim,22.606427,106.0179879,92,Moderate,1,20.8,63,0.0,9.5,170,975.2,2,33.8,34.0,339.0,6.5,106.0,13.2
2025-12-19 18:00:00,2025,12,19,18,Cao Bằng,Xã Tam Kim,22.606427,106.0179879,93,Moderate,1,18.0,75,0.0,9.3,196,975.4,4,37.1,37.4,380.0,12.2,90.0,13.9
2025-12-19 19:00:00,2025,12,19,19,Cao Bằng,Xã Tam Kim,22.606427,106.0179879,95,Moderate,1,16.7,86,0.0,5.5,193,976.0,7,36.4,36.7,411.0,14.0,72.0,13.3
2025-12-19 20:00:00,2025,12,19,20,Cao Bằng,Xã Tam Kim,22.606427,106.0179879,96,Moderate,1,15.8,89,0.0,4.3,208,976.6,6,38.2,38.4,420.0,14.6,72.0,14.1
2025-12-19 21:00:00,2025,12,19,21,Cao Bằng,Xã Tam Kim,22.606427,106.0179879,97,Moderate,1,15.4,91,0.0,2.5,240,977.2,10,39.3,39.5,419.0,15.3,73.0,15.2
2025-12-19 22:00:00,2025,12,19,22,Cao Bằng,Xã Tam Kim,22.606427,106.0179879,98,Moderate,1,14.6,92,0.0,1.5,263,977.4,56,41.3,41.6,414.0,15.9,72.0,15.9
2025-12-19 23:00:00,2025,12,19,23,Cao Bằng,Xã Tam Kim,22.606427,106.0179879,99,Moderate,1,15.5,90,0.0,1.3,326,977.8,22,44.6,44.9,407.0,16.2,70.0,15.8
2025-12-20 00:00:00,2025,12,20,0,Cao Bằng,Xã Tam Kim,22.606427,106.0179879,100,Moderate,1,14.9,92,0.0,1.2,309,977.9,20,46.8,47.1,397.0,16.3,67.0,15.2
2025-12-20 01:00:00,2025,12,20,1,Cao Bằng,Xã Tam Kim,22.606427,106.0179879,102,Unhealthy for Sensitive Groups,2,14.4,93,0.0,0.4,270,978.0,20,48.8,49.0,388.0,15.9,64.0,14.5
2025-12-20 02:00:00,2025,12,20,2,Cao Bằng,Xã Tam Kim,22.606427,106.0179879,104,Unhealthy for Sensitive Groups,2,14.7,93,0.0,1.6,297,977.9,55,49.4,49.6,380.0,14.6,62.0,13.5
2025-12-20 03:00:00,2025,12,20,3,Cao Bằng,Xã Tam Kim,22.606427,106.0179879,105,Unhealthy for Sensitive Groups,2,14.9,93,0.0,2.3,309,977.9,96,48.4,48.8,373.0,12.8,59.0,12.4
2025-12-20 04:00:00,2025,12,20,4,Cao Bằng,Xã Tam Kim,22.606427,106.0179879,107,Unhealthy for Sensitive Groups,2,15.5,91,0.0,2.2,351,978.0,100,48.8,49.0,374.0,11.6,58.0,11.8
2025-12-20 05:00:00,2025,12,20,5,Cao Bằng,Xã Tam Kim,22.606427,106.0179879,108,Unhealthy for Sensitive Groups,2,15.7,93,0.0,2.1,52,978.3,88,48.2,48.7,395.0,11.9,56.0,12.4
2025-12-20 06:00:00,2025,12,20,6,Cao Bằng,Xã Tam Kim,22.606427,106.0179879,110,Unhealthy for Sensitive Groups,2,15.8,95,0.0,3.7,61,978.6,100,47.6,48.2,425.0,12.8,55.0,13.4
2025-12-20 07:00:00,2025,12,20,7,Cao Bằng,Xã Tam Kim,22.606427,106.0179879,111,Unhealthy for Sensitive Groups,2,16.6,93,0.0,2.0,27,979.7,100,45.5,46.3,432.0,9.7,55.0,11.8
2025-12-20 08:00:00,2025,12,20,8,Cao Bằng,Xã Tam Kim,22.606427,106.0179879,111,Unhealthy for Sensitive Groups,2,17.6,90,0.1,3.4,6,980.8,100,38.6,39.7,396.0,8.2,61.0,11.0
2025-12-20 09:00:00,2025,12,20,9,Cao Bằng,Xã Tam Kim,22.606427,106.0179879,111,Unhealthy for Sensitive Groups,2,18.3,88,0.0,2.7,42,981.6,100,34.3,35.5,337.0,6.1,69.0,9.9
2025-12-20 10:00:00,2025,12,20,10,Cao Bằng,Xã Tam Kim,22.606427,106.0179879,111,Unhealthy for Sensitive Groups,2,19.0,86,0.2,1.9,29,981.8,92,31.0,32.1,288.0,4.3,76.0,8.7
2025-12-20 11:00:00,2025,12,20,11,Cao Bằng,Xã Tam Kim,22.606427,106.0179879,111,Unhealthy for Sensitive Groups,2,19.7,85,0.1,3.3,22,981.2,57,28.2,29.3,262.0,3.1,82.0,7.3
2025-12-20 12:00:00,2025,12,20,12,Cao Bằng,Xã Tam Kim,22.606427,106.0179879,110,Unhealthy for Sensitive Groups,2,22.0,72,0.1,1.9,119,980.2,29,24.1,25.0,245.0,2.3,88.0,5.7
2025-12-20 13:00:00,2025,12,20,13,Cao Bằng,Xã Tam Kim,22.606427,106.0179879,110,Unhealthy for Sensitive Groups,2,23.3,57,0.0,3.1,167,979.0,20,21.3,22.2,236.0,1.8,92.0,4.5
2025-12-20 14:00:00,2025,12,20,14,Cao Bằng,Xã Tam Kim,22.606427,106.0179879,108,Unhealthy for Sensitive Groups,2,23.7,57,0.0,4.6,69,978.3,47,19.4,20.3,229.0,0.9,96.0,3.8
2025-12-20 15:00:00,2025,12,20,15,Cao Bằng,Xã Tam Kim,22.606427,106.0179879,107,Unhealthy for Sensitive Groups,2,23.6,56,0.0,7.6,59,978.1,13,20.1,21.1,228.0,0.4,98.0,3.4
2025-12-20 16:00:00,2025,12,20,16,Cao Bằng,Xã Tam Kim,22.606427,106.0179879,105,Unhealthy for Sensitive Groups,2,22.8,60,0.0,3.9,13,978.8,14,19.6,20.5,245.0,2.3,95.0,3.8
2025-12-20 17:00:00,2025,12,20,17,Cao Bằng,Xã Tam Kim,22.606427,106.0179879,104,Unhealthy for Sensitive Groups,2,20.1,74,0.0,7.4,302,979.2,18,23.8,24.9,299.0,9.0,82.0,5.4
2025-12-20 18:00:00,2025,12,20,18,Cao Bằng,Xã Tam Kim,22.606427,106.0179879,103,Unhealthy for Sensitive Groups,2,18.3,85,0.0,7.6,282,979.9,16,28.2,29.2,371.0,18.1,64.0,7.7
2025-12-20 19:00:00,2025,12,20,19,Cao Bằng,Xã Tam Kim,22.606427,106.0179879,102,Unhealthy for Sensitive Groups,2,17.9,86,0.0,2.4,243,980.4,5,30.0,31.0,413.0,21.9,50.0,9.0
2025-12-20 20:00:00,2025,12,20,20,Cao Bằng,Xã Tam Kim,22.606427,106.0179879,101,Unhealthy for Sensitive Groups,2,17.6,87,0.0,3.4,273,980.9,10,32.7,33.5,395.0,22.5,45.0,9.3
2025-12-20 21:00:00,2025,12,20,21,Cao Bằng,Xã Tam Kim,22.606427,106.0179879,101,Unhealthy for Sensitive Groups,2,17.2,86,0.0,2.4,297,981.8,22,34.6,35.4,348.0,23.1,39.0,9.8
2025-12-20 22:00:00,2025,12,20,22,Cao Bằng,Xã Tam Kim,22.606427,106.0179879,100,Moderate,1,16.8,87,0.0,3.4,286,982.2,38,34.2,35.0,308.0,22.2,36.0,9.6
2025-12-20 23:00:00,2025,12,20,23,Cao Bằng,Xã Tam Kim,22.606427,106.0179879,100,Moderate,1,15.9,91,0.2,2.8,18,982.9,100,32.0,32.8,292.0,18.3,39.0,8.3
2025-12-21 00:00:00,2025,12,21,0,Cao Bằng,Xã Tam Kim,22.606427,106.0179879,99,Moderate,1,15.6,97,0.7,5.7,279,983.1,100,27.1,27.7,285.0,12.9,45.0,6.4
2025-12-21 01:00:00,2025,12,21,1,Cao Bằng,Xã Tam Kim,22.606427,106.0179879,97,Moderate,1,16.7,94,0.3,5.6,270,982.5,99,18.9,19.4,278.0,8.4,51.0,5.0
2025-12-21 02:00:00,2025,12,21,2,Cao Bằng,Xã Tam Kim,22.606427,106.0179879,94,Moderate,1,16.2,98,0.0,5.4,312,982.2,97,14.9,15.4,264.0,5.9,56.0,4.3
2025-12-21 03:00:00,2025,12,21,3,Cao Bằng,Xã Tam Kim,22.606427,106.0179879,91,Moderate,1,16.0,97,0.0,3.8,278,982.0,94,12.0,12.4,250.0,4.3,60.0,4.0
2025-12-21 04:00:00,2025,12,21,4,Cao Bằng,Xã Tam Kim,22.606427,106.0179879,88,Moderate,1,16.2,94,0.0,1.8,294,982.3,87,12.4,12.7,256.0,3.6,62.0,4.3
2025-12-21 05:00:00,2025,12,21,5,Cao Bằng,Xã Tam Kim,22.606427,106.0179879,85,Moderate,1,16.1,95,0.0,0.7,360,982.9,99,11.9,12.2,297.0,4.2,59.0,5.2
2025-12-21 06:00:00,2025,12,21,6,Cao Bằng,Xã Tam Kim,22.606427,106.0179879,81,Moderate,1,15.9,97,0.2,3.5,294,983.5,98,12.3,12.6,357.0,5.6,53.0,6.7
2025-12-21 07:00:00,2025,12,21,7,Cao Bằng,Xã Tam Kim,22.606427,106.0179879,78,Moderate,1,15.6,98,1.1,6.3,285,983.5,84,12.8,13.1,410.0,6.8,45.0,6.4
2025-12-21 08:00:00,2025,12,21,8,Cao Bằng,Xã Tam Kim,22.606427,106.0179879,75,Moderate,1,16.6,98,0.1,4.7,268,984.1,97,13.0,13.2,449.0,6.3,49.0,8.7
2025-12-21 09:00:00,2025,12,21,9,Cao Bằng,Xã Tam Kim,22.606427,106.0179879,73,Moderate,1,17.9,93,0.0,2.7,242,984.8,100,11.7,11.8,480.0,5.5,55.0,11.7
2025-12-21 10:00:00,2025,12,21,10,Cao Bằng,Xã Tam Kim,22.606427,106.0179879,71,Moderate,1,19.9,76,0.0,1.2,309,985.3,100,9.5,9.7,499.0,4.7,62.0,13.6
2025-12-21 11:00:00,2025,12,21,11,Cao Bằng,Xã Tam Kim,22.606427,106.0179879,69,Moderate,1,19.4,77,0.0,3.1,336,984.4,59,7.8,7.9,500.0,3.9,69.0,13.3
2025-12-21 12:00:00,2025,12,21,12,Cao Bằng,Xã Tam Kim,22.606427,106.0179879,67,Moderate,1,20.2,74,0.2,4.5,14,983.3,77,8.2,8.3,488.0,3.1,77.0,11.7
2025-12-21 13:00:00,2025,12,21,13,Cao Bằng,Xã Tam Kim,22.606427,106.0179879,66,Moderate,1,21.3,69,0.0,2.7,94,982.6,49,9.4,9.5,476.0,2.5,84.0,10.2
2025-12-21 14:00:00,2025,12,21,14,Cao Bằng,Xã Tam Kim,22.606427,106.0179879,65,Moderate,1,21.8,69,0.0,0.9,169,981.6,19,9.8,10.1,463.0,1.8,90.0,8.8
2025-12-21 15:00:00,2025,12,21,15,Cao Bằng,Xã Tam Kim,22.606427,106.0179879,64,Moderate,1,22.1,64,0.0,3.7,133,980.8,15,10.4,10.6,449.0,1.3,94.0,7.5
2025-12-21 16:00:00,2025,12,21,16,Cao Bằng,Xã Tam Kim,22.606427,106.0179879,63,Moderate,1,21.8,64,0.0,4.5,137,980.6,15,11.0,11.3,448.0,2.8,93.0,6.8
2025-12-21 17:00:00,2025,12,21,17,Cao Bằng,Xã Tam Kim,22.606427,106.0179879,62,Moderate,1,20.0,75,0.0,2.5,184,980.4,36,13.9,14.2,474.0,8.1,81.0,7.2
2025-12-21 18:00:00,2025,12,21,18,Cao Bằng,Xã Tam Kim,22.606427,106.0179879,62,Moderate,1,18.9,78,0.0,1.9,221,980.6,34,17.7,18.0,512.0,15.3,62.0,8.3
2025-12-21 19:00:00,2025,12,21,19,Cao Bằng,Xã Tam Kim,22.606427,106.0179879,61,Moderate,1,18.6,82,0.0,0.6,214,981.0,55,21.8,22.1,538.0,22.2,35.0,9.8
2025-12-21 20:00:00,2025,12,21,20,Cao Bằng,Xã Tam Kim,22.606427,106.0179879,60,Moderate,1,18.3,85,0.1,1.1,198,981.3,82,24.5,24.7,538.0,21.8,33.0,9.6
2025-12-21 21:00:00,2025,12,21,21,Cao Bằng,Xã Tam Kim,22.606427,106.0179879,59,Moderate,1,17.3,91,0.1,4.0,185,981.6,100,24.6,24.8,525.0,21.2,31.0,9.4
2025-12-21 22:00:00,2025,12,21,22,Cao Bằng,Xã Tam Kim,22.606427,106.0179879,58,Moderate,1,17.4,96,0.5,4.3,197,981.9,100,25.3,25.6,512.0,20.2,30.0,9.1
2025-12-21 23:00:00,2025,12,21,23,Cao Bằng,Xã Tam Kim,22.606427,106.0179879,58,Moderate,1,17.3,97,0.9,2.3,184,981.8,100,25.3,25.6,501.0,18.7,30.0,8.7
2025-12-22 00:00:00,2025,12,22,0,Cao Bằng,Xã Tam Kim,22.606427,106.0179879,57,Moderate,1,17.1,97,0.3,2.6,168,981.7,100,24.4,24.7,491.0,16.8,31.0,8.2
2025-12-22 01:00:00,2025,12,22,1,Cao Bằng,Xã Tam Kim,22.606427,106.0179879,57,Moderate,1,17.0,96,0.2,1.6,186,981.7,100,25.4,25.7,486.0,15.0,32.0,8.0
2025-12-22 02:00:00,2025,12,22,2,Cao Bằng,Xã Tam Kim,22.606427,106.0179879,57,Moderate,1,17.1,98,0.1,4.0,153,981.4,100,26.5,26.8,489.0,13.2,35.0,8.2
2025-12-22 03:00:00,2025,12,22,3,Cao Bằng,Xã Tam Kim,22.606427,106.0179879,58,Moderate,1,16.8,98,0.1,5.3,156,981.1,100,27.7,28.1,499.0,11.5,38.0,8.6
2025-12-22 04:00:00,2025,12,22,4,Cao Bằng,Xã Tam Kim,22.606427,106.0179879,60,Moderate,1,16.5,98,0.0,7.1,156,981.2,100,27.4,27.8,511.0,10.2,41.0,9.3
2025-12-22 05:00:00,2025,12,22,5,Cao Bằng,Xã Tam Kim,22.606427,106.0179879,61,Moderate,1,16.1,98,0.0,7.1,164,981.0,100,29.1,29.6,537.0,9.6,42.0,10.2
2025-12-22 06:00:00,2025,12,22,6,Cao Bằng,Xã Tam Kim,22.606427,106.0179879,63,Moderate,1,16.0,97,0.0,4.8,153,981.3,100,28.8,29.3,566.0,9.4,44.0,11.4
2025-12-22 07:00:00,2025,12,22,7,Cao Bằng,Xã Tam Kim,22.606427,106.0179879,64,Moderate,1,15.7,97,0.2,5.2,164,981.9,100,15.8,16.1,566.0,7.4,53.0,12.6
2025-12-22 08:00:00,2025,12,22,8,Cao Bằng,Xã Tam Kim,22.606427,106.0179879,64,Moderate,1,16.1,95,0.0,5.4,124,982.4,100,23.9,24.3,508.0,6.9,59.0,13.4
2025-12-22 09:00:00,2025,12,22,9,Cao Bằng,Xã Tam Kim,22.606427,106.0179879,65,Moderate,1,16.2,92,0.0,5.7,125,982.9,100,23.5,23.8,421.0,6.1,68.0,14.6
2025-12-22 10:00:00,2025,12,22,10,Cao Bằng,Xã Tam Kim,22.606427,106.0179879,66,Moderate,1,18.4,80,0.0,6.6,125,982.5,100,21.0,21.2,357.0,5.3,76.0,15.2
2025-12-22 11:00:00,2025,12,22,11,Cao Bằng,Xã Tam Kim,22.606427,106.0179879,67,Moderate,1,19.7,76,0.4,7.3,134,981.1,100,18.3,18.5,342.0,4.5,84.0,14.9
2025-12-22 12:00:00,2025,12,22,12,Cao Bằng,Xã Tam Kim,22.606427,106.0179879,68,Moderate,1,21.2,71,0.5,9.4,160,979.6,51,17.5,17.8,350.0,3.8,91.0,14.2
2025-12-22 13:00:00,2025,12,22,13,Cao Bằng,Xã Tam Kim,22.606427,106.0179879,69,Moderate,1,22.3,65,0.4,14.0,181,978.1,34,18.1,18.4,360.0,3.3,98.0,13.5
2025-12-22 14:00:00,2025,12,22,14,Cao Bằng,Xã Tam Kim,22.606427,106.0179879,70,Moderate,1,23.4,61,0.1,13.8,187,976.9,36,18.7,19.0,360.0,3.0,105.0,13.1
2025-12-22 15:00:00,2025,12,22,15,Cao Bằng,Xã Tam Kim,22.606427,106.0179879,71,Moderate,1,23.2,61,0.0,15.5,190,975.8,52,20.7,21.0,361.0,3.1,112.0,12.8
2025-12-22 16:00:00,2025,12,22,16,Cao Bằng,Xã Tam Kim,22.606427,106.0179879,72,Moderate,1,23.1,62,0.0,11.4,185,975.5,34,22.1,22.5,372.0,3.9,114.0,12.5
2025-12-22 17:00:00,2025,12,22,17,Cao Bằng,Xã Tam Kim,22.606427,106.0179879,73,Moderate,1,21.3,70,0.0,9.5,169,975.5,18,27.0,27.4,404.0,6.2,108.0,12.4
2025-12-22 18:00:00,2025,12,22,18,Cao Bằng,Xã Tam Kim,22.606427,106.0179879,74,Moderate,1,19.2,82,0.0,8.8,161,975.6,96,29.9,30.3,446.0,9.4,98.0,12.3
2025-12-22 19:00:00,2025,12,22,19,Cao Bằng,Xã Tam Kim,22.606427,106.0179879,75,Moderate,1,17.8,93,0.2,5.9,153,975.9,50,34.0,34.8,474.0,7.5,102.0,11.6
2025-12-22 20:00:00,2025,12,22,20,Cao Bằng,Xã Tam Kim,22.606427,106.0179879,76,Moderate,1,17.8,93,0.2,5.9,135,976.3,99,34.3,35.0,475.0,8.3,97.0,11.6
2025-12-22 21:00:00,2025,12,22,21,Cao Bằng,Xã Tam Kim,22.606427,106.0179879,77,Moderate,1,18.1,95,0.2,6.9,129,976.8,100,33.2,33.9,462.0,9.3,90.0,11.7
2025-12-22 22:00:00,2025,12,22,22,Cao Bằng,Xã Tam Kim,22.606427,106.0179879,77,Moderate,1,18.5,93,0.1,8.2,130,976.6,100,31.8,32.5,449.0,9.9,83.0,11.6
2025-12-22 23:00:00,2025,12,22,23,Cao Bằng,Xã Tam Kim,22.606427,106.0179879,78,Moderate,1,18.0,98,0.4,7.8,119,977.0,100,27.6,28.3,444.0,9.6,76.0,11.4
2025-12-23 00:00:00,2025,12,23,0,Cao Bằng,Xã Tam Kim,22.606427,106.0179879,78,Moderate,1,17.9,98,0.1,6.6,116,977.2,100,20.0,20.5,439.0,8.8,69.0,11.0
2025-12-23 01:00:00,2025,12,23,1,Cao Bằng,Xã Tam Kim,22.606427,106.0179879,78,Moderate,1,18.1,99,0.5,7.5,125,977.4,100,14.1,14.5,431.0,7.9,65.0,10.6
2025-12-23 02:00:00,2025,12,23,2,Cao Bằng,Xã Tam Kim,22.606427,106.0179879,77,Moderate,1,18.2,98,0.1,7.8,136,977.5,96,11.3,11.6,413.0,6.9,64.0,10.1
2025-12-23 03:00:00,2025,12,23,3,Cao Bằng,Xã Tam Kim,22.606427,106.0179879,76,Moderate,1,18.2,98,0.0,6.0,134,977.1,100,13.5,14.2,391.0,5.8,66.0,9.5
2025-12-23 04:00:00,2025,12,23,4,Cao Bằng,Xã Tam Kim,22.606427,106.0179879,74,Moderate,1,18.1,98,0.3,3.9,127,977.1,100,13.8,14.5,380.0,5.1,67.0,9.0
2025-12-23 05:00:00,2025,12,23,5,Cao Bằng,Xã Tam Kim,22.606427,106.0179879,73,Moderate,1,18.0,99,0.6,3.2,124,977.3,100,10.2,10.7,394.0,5.0,66.0,8.6
2025-12-23 06:00:00,2025,12,23,6,Cao Bằng,Xã Tam Kim,22.606427,106.0179879,71,Moderate,1,17.8,98,0.8,4.5,140,978.1,100,7.2,7.4,418.0,5.2,65.0,8.4
2025-12-23 07:00:00,2025,12,23,7,Cao Bằng,Xã Tam Kim,22.606427,106.0179879,69,Moderate,1,17.2,99,0.9,5.0,60,979.1,100,7.6,7.9,426.0,6.6,56.0,8.0
2025-12-23 08:00:00,2025,12,23,8,Cao Bằng,Xã Tam Kim,22.606427,106.0179879,69,Moderate,1,17.5,99,2.0,3.2,16,980.0,100,8.1,8.5,400.0,6.0,61.0,7.7
2025-12-23 09:00:00,2025,12,23,9,Cao Bằng,Xã Tam Kim,22.606427,106.0179879,67,Moderate,1,17.8,99,1.3,2.5,4,980.7,100,8.2,8.5,357.0,5.2,67.0,7.1
2025-12-23 10:00:00,2025,12,23,10,Cao Bằng,Xã Tam Kim,22.606427,106.0179879,66,Moderate,1,18.3,99,0.5,2.3,356,980.5,100,6.7,6.9,321.0,4.3,74.0,6.3
2025-12-23 11:00:00,2025,12,23,11,Cao Bằng,Xã Tam Kim,22.606427,106.0179879,65,Moderate,1,18.9,96,0.1,2.2,55,980.0,91,6.5,6.8,299.0,3.4,80.0,4.9
2025-12-23 12:00:00,2025,12,23,12,Cao Bằng,Xã Tam Kim,22.606427,106.0179879,64,Moderate,1,20.6,85,0.0,6.1,113,978.8,100,7.9,8.2,283.0,2.4,86.0,3.3
2025-12-23 13:00:00,2025,12,23,13,Cao Bằng,Xã Tam Kim,22.606427,106.0179879,63,Moderate,1,21.7,79,0.1,4.8,119,977.5,91,8.2,8.5,274.0,1.8,91.0,2.1
2025-12-23 14:00:00,2025,12,23,14,Cao Bằng,Xã Tam Kim,22.606427,106.0179879,62,Moderate,1,22.8,72,0.0,3.7,133,976.9,47,8.7,9.1,271.0,1.4,95.0,1.7
2025-12-23 15:00:00,2025,12,23,15,Cao Bằng,Xã Tam Kim,22.606427,106.0179879,61,Moderate,1,22.8,69,0.0,2.9,86,976.3,27,9.4,9.7,274.0,1.4,97.0,1.8
2025-12-23 16:00:00,2025,12,23,16,Cao Bằng,Xã Tam Kim,22.606427,106.0179879,60,Moderate,1,22.9,67,0.0,2.9,94,976.5,28,10.3,10.7,292.0,2.7,95.0,2.3
2025-12-23 17:00:00,2025,12,23,17,Cao Bằng,Xã Tam Kim,22.606427,106.0179879,59,Moderate,1,20.7,80,0.0,3.0,33,976.6,32,12.7,13.0,339.0,6.6,84.0,3.5
2025-12-23 18:00:00,2025,12,23,18,Cao Bằng,Xã Tam Kim,22.606427,106.0179879,58,Moderate,1,19.2,86,0.0,0.9,11,977.0,34,16.9,17.3,399.0,11.9,67.0,5.3
2025-12-23 19:00:00,2025,12,23,19,Cao Bằng,Xã Tam Kim,22.606427,106.0179879,57,Moderate,1,19.4,88,0.0,0.2,90,977.6,84,29.7,30.4,435.0,21.3,41.0,7.9
2025-12-23 20:00:00,2025,12,23,20,Cao Bằng,Xã Tam Kim,22.606427,106.0179879,56,Moderate,1,18.9,95,0.5,3.1,66,978.3,98,28.6,29.2,423.0,18.4,43.0,8.1
2025-12-23 21:00:00,2025,12,23,21,Cao Bằng,Xã Tam Kim,22.606427,106.0179879,56,Moderate,1,18.3,98,0.6,2.3,119,978.6,77,25.2,25.8,386.0,14.5,46.0,8.4
2025-12-23 22:00:00,2025,12,23,22,Cao Bằng,Xã Tam Kim,22.606427,106.0179879,55,Moderate,1,18.0,99,1.5,1.0,59,978.6,100,21.8,22.3,352.0,11.4,47.0,8.7
2025-12-23 23:00:00,2025,12,23,23,Cao Bằng,Xã Tam Kim,22.606427,106.0179879,54,Moderate,1,18.2,97,2.1,0.4,63,978.6,100,20.4,20.8,329.0,10.2,45.0,9.1
2025-12-24 00:00:00,2025,12,24,0,Cao Bằng,Xã Tam Kim,22.606427,106.0179879,53,Moderate,1,18.1,97,5.7,2.1,75,978.5,100,17.9,18.2,310.0,9.8,42.0,9.6
2025-12-24 01:00:00,2025,12,24,1,Cao Bằng,Xã Tam Kim,22.606427,106.0179879,53,Moderate,1,18.0,99,3.8,7.0,138,978.4,100,16.3,16.5,296.0,9.7,39.0,10.1
2025-12-24 02:00:00,2025,12,24,2,Cao Bằng,Xã Tam Kim,22.606427,106.0179879,53,Moderate,1,17.9,99,1.5,6.4,119,977.9,100,17.1,17.3,284.0,9.5,35.0,10.7
2025-12-24 03:00:00,2025,12,24,3,Cao Bằng,Xã Tam Kim,22.606427,106.0179879,54,Moderate,1,17.5,98,0.8,5.4,116,977.3,100,17.6,17.8,279.0,9.4,31.0,11.4
2025-12-24 04:00:00,2025,12,24,4,Cao Bằng,Xã Tam Kim,22.606427,106.0179879,54,Moderate,1,17.3,98,1.0,1.8,114,977.4,100,18.0,18.2,294.0,9.6,28.0,12.1
2025-12-24 05:00:00,2025,12,24,5,Cao Bằng,Xã Tam Kim,22.606427,106.0179879,55,Moderate,1,17.1,100,1.6,2.0,80,977.4,100,18.2,18.3,346.0,10.3,25.0,12.7
2025-12-24 06:00:00,2025,12,24,6,Cao Bằng,Xã Tam Kim,22.606427,106.0179879,55,Moderate,1,17.0,96,2.0,1.2,153,977.9,100,18.0,18.1,418.0,11.3,22.0,13.3
2025-12-24 07:00:00,2025,12,24,7,Cao Bằng,Xã Tam Kim,22.606427,106.0179879,56,Moderate,1,17.1,95,1.4,1.5,263,978.6,99,11.6,11.6,479.0,10.6,25.0,13.8
2025-12-24 08:00:00,2025,12,24,8,Cao Bằng,Xã Tam Kim,22.606427,106.0179879,57,Moderate,1,16.9,95,0.0,2.8,108,979.4,49,12.2,12.2,514.0,10.0,28.0,14.2
2025-12-24 09:00:00,2025,12,24,9,Cao Bằng,Xã Tam Kim,22.606427,106.0179879,57,Moderate,1,17.1,92,0.0,2.4,138,980.3,95,11.1,11.2,537.0,9.1,33.0,14.8
2025-12-24 10:00:00,2025,12,24,10,Cao Bằng,Xã Tam Kim,22.606427,106.0179879,57,Moderate,1,17.4,86,0.1,5.1,148,980.3,99,9.3,9.3,555.0,8.3,38.0,15.0
2025-12-24 11:00:00,2025,12,24,11,Cao Bằng,Xã Tam Kim,22.606427,106.0179879,58,Moderate,1,17.7,88,0.3,2.0,175,979.9,100,7.8,7.8,570.0,7.7,42.0,14.6
2025-12-24 12:00:00,2025,12,24,12,Cao Bằng,Xã Tam Kim,22.606427,106.0179879,58,Moderate,1,17.6,92,0.5,2.4,163,978.7,100,7.7,7.7,580.0,7.2,46.0,14.0
2025-12-24 13:00:00,2025,12,24,13,Cao Bằng,Xã Tam Kim,22.606427,106.0179879,58,Moderate,1,18.4,83,0.5,1.9,56,977.8,100,7.2,7.2,585.0,6.8,50.0,13.4
2025-12-24 14:00:00,2025,12,24,14,Cao Bằng,Xã Tam Kim,22.606427,106.0179879,58,Moderate,1,18.5,81,0.3,2.2,66,977.5,100,6.5,6.5,581.0,6.5,53.0,13.1
2025-12-24 15:00:00,2025,12,24,15,Cao Bằng,Xã Tam Kim,22.606427,106.0179879,57,Moderate,1,18.0,82,0.0,2.4,107,977.1,100,5.8,5.8,573.0,6.4,56.0,12.8
2025-12-24 16:00:00,2025,12,24,16,Cao Bằng,Xã Tam Kim,22.606427,106.0179879,57,Moderate,1,18.4,75,0.0,2.2,125,977.7,100,6.4,6.4,570.0,6.8,56.0,12.7
2025-12-24 17:00:00,2025,12,24,17,Cao Bằng,Xã Tam Kim,22.606427,106.0179879,57,Moderate,1,17.9,80,0.0,1.9,146,978.4,100,7.2,7.2,579.0,8.2,53.0,12.6
2025-12-24 18:00:00,2025,12,24,18,Cao Bằng,Xã Tam Kim,22.606427,106.0179879,56,Moderate,1,17.2,78,0.0,4.0,111,979.3,100,8.3,8.3,594.0,10.0,47.0,12.7
2025-12-24 19:00:00,2025,12,24,19,Cao Bằng,Xã Tam Kim,22.606427,106.0179879,55,Moderate,1,16.9,85,0.2,3.8,121,980.0,100,14.9,15.1,605.0,7.1,43.0,12.1
2025-12-24 20:00:00,2025,12,24,20,Cao Bằng,Xã Tam Kim,22.606427,106.0179879,54,Moderate,1,16.2,95,0.5,3.5,141,980.9,100,14.1,14.2,609.0,7.4,41.0,12.1
2025-12-24 21:00:00,2025,12,24,21,Cao Bằng,Xã Tam Kim,22.606427,106.0179879,53,Moderate,1,16.0,95,0.5,2.2,114,981.6,100,13.7,13.7,610.0,7.8,38.0,12.0
2025-12-24 22:00:00,2025,12,24,22,Cao Bằng,Xã Tam Kim,22.606427,106.0179879,52,Moderate,1,15.6,95,0.7,3.1,21,982.2,100,13.0,13.0,602.0,7.8,37.0,11.9
2025-12-24 23:00:00,2025,12,24,23,Cao Bằng,Xã Tam Kim,22.606427,106.0179879,51,Moderate,1,15.1,88,0.2,4.6,349,982.6,100,11.2,11.2,584.0,7.1,39.0,11.8
2025-12-25 00:00:00,2025,12,25,0,Cao Bằng,Xã Tam Kim,22.606427,106.0179879,50,Good,0,14.1,92,0.1,9.7,344,983.1,100,9.1,9.1,559.0,6.0,43.0,11.6
2025-12-25 01:00:00,2025,12,25,1,Cao Bằng,Xã Tam Kim,22.606427,106.0179879,49,Good,0,13.8,90,0.1,11.0,345,983.3,100,7.2,7.2,528.0,5.1,46.0,11.5
2025-12-25 02:00:00,2025,12,25,2,Cao Bằng,Xã Tam Kim,22.606427,106.0179879,47,Good,0,13.8,79,0.0,9.3,328,983.4,100,5.7,5.7,485.0,4.7,47.0,11.4
2025-12-25 03:00:00,2025,12,25,3,Cao Bằng,Xã Tam Kim,22.606427,106.0179879,45,Good,0,13.6,70,0.0,12.6,333,983.6,100,4.8,4.8,437.0,4.6,47.0,11.3
2025-12-25 04:00:00,2025,12,25,4,Cao Bằng,Xã Tam Kim,22.606427,106.0179879,43,Good,0,13.7,64,0.0,9.0,331,984.1,100,4.8,4.8,406.0,4.6,47.0,11.3
2025-12-25 05:00:00,2025,12,25,5,Cao Bằng,Xã Tam Kim,22.606427,106.0179879,41,Good,0,13.1,68,0.6,8.9,346,985.0,100,4.4,4.5,408.0,4.9,46.0,11.6
2025-12-25 06:00:00,2025,12,25,6,Cao Bằng,Xã Tam Kim,22.606427,106.0179879,39,Good,0,12.8,72,0.4,7.2,346,985.6,100,4.3,4.4,428.0,5.3,45.0,12.0
2025-12-25 07:00:00,2025,12,25,7,Cao Bằng,Xã Tam Kim,22.606427,106.0179879,36,Good,0,13.7,69,0.2,10.3,353,986.4,100,6.0,6.1,441.0,4.6,50.0,10.9
2025-12-25 08:00:00,2025,12,25,8,Cao Bằng,Xã Tam Kim,22.606427,106.0179879,35,Good,0,14.3,63,0.0,11.8,347,987.4,100,8.0,8.3,438.0,4.5,52.0,10.9
2025-12-25 09:00:00,2025,12,25,9,Cao Bằng,Xã Tam Kim,22.606427,106.0179879,34,Good,0,14.7,58,0.0,12.8,355,988.4,99,7.5,7.8,428.0,4.3,55.0,10.8
2025-12-25 10:00:00,2025,12,25,10,Cao Bằng,Xã Tam Kim,22.606427,106.0179879,34,Good,0,15.3,54,0.0,13.0,1,988.5,73,6.5,6.6,417.0,3.9,59.0,10.5
2025-12-25 11:00:00,2025,12,25,11,Cao Bằng,Xã Tam Kim,22.606427,106.0179879,33,Good,0,15.7,49,0.0,14.0,360,987.4,29,6.7,6.9,406.0,3.2,66.0,9.7
2025-12-25 12:00:00,2025,12,25,12,Cao Bằng,Xã Tam Kim,22.606427,106.0179879,33,Good,0,16.6,44,0.0,13.9,4,986.2,55,7.1,7.3,394.0,2.4,75.0,8.6
2025-12-25 13:00:00,2025,12,25,13,Cao Bằng,Xã Tam Kim,22.606427,106.0179879,33,Good,0,17.7,42,0.0,14.0,9,985.3,45,7.4,7.6,385.0,1.8,82.0,7.7
2025-12-25 14:00:00,2025,12,25,14,Cao Bằng,Xã Tam Kim,22.606427,106.0179879,33,Good,0,18.0,42,0.0,13.1,15,984.4,51,7.6,7.8,378.0,1.2,87.0,7.1
2025-12-25 15:00:00,2025,12,25,15,Cao Bằng,Xã Tam Kim,22.606427,106.0179879,33,Good,0,18.1,42,0.0,12.3,23,983.9,31,7.6,7.8,375.0,0.8,90.0,6.7
2025-12-25 16:00:00,2025,12,25,16,Cao Bằng,Xã Tam Kim,22.606427,106.0179879,34,Good,0,17.7,44,0.0,9.3,16,983.9,20,7.5,7.7,382.0,1.7,89.0,6.5
2025-12-25 17:00:00,2025,12,25,17,Cao Bằng,Xã Tam Kim,22.606427,106.0179879,35,Good,0,15.6,55,0.0,7.3,320,983.9,34,7.9,8.1,409.0,4.8,80.0,6.7
2025-12-25 18:00:00,2025,12,25,18,Cao Bằng,Xã Tam Kim,22.606427,106.0179879,36,Good,0,13.6,63,0.0,5.7,323,984.2,36,9.5,9.7,447.0,9.2,67.0,7.2
2025-12-25 19:00:00,2025,12,25,19,Cao Bằng,Xã Tam Kim,22.606427,106.0179879,37,Good,0,12.6,72,0.0,5.1,342,985.0,41,22.1,22.6,478.0,7.1,60.0,7.1
2025-12-25 20:00:00,2025,12,25,20,Cao Bằng,Xã Tam Kim,22.606427,106.0179879,37,Good,0,11.6,76,0.0,5.2,348,985.6,21,23.6,24.1,503.0,8.3,54.0,7.2
2025-12-25 21:00:00,2025,12,25,21,Cao Bằng,Xã Tam Kim,22.606427,106.0179879,37,Good,0,10.8,80,0.0,4.6,349,986.0,11,24.2,24.7,521.0,9.9,45.0,7.2
2025-12-25 22:00:00,2025,12,25,22,Cao Bằng,Xã Tam Kim,22.606427,106.0179879,39,Good,0,10.3,81,0.0,5.2,338,986.1,87,24.6,25.0,514.0,11.1,38.0,7.1
2025-12-25 23:00:00,2025,12,25,23,Cao Bằng,Xã Tam Kim,22.606427,106.0179879,41,Good,0,10.8,76,0.0,5.4,334,986.2,79,24.4,24.8,463.0,11.3,34.0,6.6
2025-12-26 00:00:00,2025,12,26,0,Cao Bằng,Xã Tam Kim,22.606427,106.0179879,43,Good,0,10.9,76,0.0,3.7,349,986.4,88,23.4,23.7,388.0,11.1,31.0,6.0
2025-12-26 01:00:00,2025,12,26,1,Cao Bằng,Xã Tam Kim,22.606427,106.0179879,46,Good,0,10.8,83,0.0,2.2,14,986.1,84,22.2,22.5,328.0,10.8,29.0,5.4
2025-12-26 02:00:00,2025,12,26,2,Cao Bằng,Xã Tam Kim,22.606427,106.0179879,48,Good,0,10.7,83,0.0,1.7,18,985.7,15,21.1,21.4,296.0,10.4,27.0,5.0
2025-12-26 03:00:00,2025,12,26,3,Cao Bằng,Xã Tam Kim,22.606427,106.0179879,50,Good,0,9.9,86,0.0,0.7,14,985.5,45,20.3,20.5,278.0,9.9,26.0,4.6
2025-12-26 04:00:00,2025,12,26,4,Cao Bằng,Xã Tam Kim,22.606427,106.0179879,52,Moderate,1,9.0,88,0.0,1.1,18,985.2,31,19.4,19.6,279.0,9.8,24.0,4.5
2025-12-26 05:00:00,2025,12,26,5,Cao Bằng,Xã Tam Kim,22.606427,106.0179879,53,Moderate,1,8.9,88,0.0,1.0,31,985.3,83,18.5,18.7,310.0,10.8,20.0,4.6
2025-12-26 06:00:00,2025,12,26,6,Cao Bằng,Xã Tam Kim,22.606427,106.0179879,54,Moderate,1,9.2,87,0.0,1.5,346,985.8,80,18.4,18.6,359.0,12.1,15.0,5.1
2025-12-26 07:00:00,2025,12,26,7,Cao Bằng,Xã Tam Kim,22.606427,106.0179879,56,Moderate,1,10.0,85,0.0,1.7,347,986.5,88,6.7,6.8,389.0,10.2,32.0,6.9
2025-12-26 08:00:00,2025,12,26,8,Cao Bằng,Xã Tam Kim,22.606427,106.0179879,56,Moderate,1,11.4,75,0.0,0.0,270,987.0,83,3.7,3.7,378.0,8.0,47.0,8.4
2025-12-26 09:00:00,2025,12,26,9,Cao Bằng,Xã Tam Kim,22.606427,106.0179879,55,Moderate,1,12.8,51,0.0,2.4,126,987.1,61,3.0,3.0,347.0,4.9,68.0,10.5
2025-12-26 10:00:00,2025,12,26,10,Cao Bằng,Xã Tam Kim,22.606427,106.0179879,55,Moderate,1,14.3,42,0.0,3.8,131,986.8,2,3.9,3.9,323.0,2.6,85.0,11.8
2025-12-26 11:00:00,2025,12,26,11,Cao Bằng,Xã Tam Kim,22.606427,106.0179879,55,Moderate,1,15.7,39,0.0,3.7,125,985.2,0,5.1,5.1,316.0,1.7,94.0,11.6
2025-12-26 12:00:00,2025,12,26,12,Cao Bằng,Xã Tam Kim,22.606427,106.0179879,55,Moderate,1,16.8,37,0.0,4.2,126,983.6,1,6.4,6.5,316.0,1.4,99.0,10.8
2025-12-26 13:00:00,2025,12,26,13,Cao Bằng,Xã Tam Kim,22.606427,106.0179879,54,Moderate,1,17.7,38,0.0,5.4,110,982.3,2,7.6,7.7,317.0,1.4,103.0,10.0
2025-12-26 14:00:00,2025,12,26,14,Cao Bằng,Xã Tam Kim,22.606427,106.0179879,54,Moderate,1,18.0,39,0.0,8.1,115,980.9,13,8.4,8.5,312.0,1.0,107.0,9.7
2025-12-26 15:00:00,2025,12,26,15,Cao Bằng,Xã Tam Kim,22.606427,106.0179879,55,Moderate,1,18.2,39,0.0,10.7,123,980.0,4,9.1,9.1,307.0,0.9,111.0,9.5
2025-12-26 16:00:00,2025,12,26,16,Cao Bằng,Xã Tam Kim,22.606427,106.0179879,55,Moderate,1,17.5,42,0.0,10.6,118,979.7,12,9.6,9.7,317.0,1.8,109.0,9.5
2025-12-26 17:00:00,2025,12,26,17,Cao Bằng,Xã Tam Kim,22.606427,106.0179879,55,Moderate,1,15.5,51,0.0,7.3,115,980.0,30,10.7,10.7,358.0,4.8,99.0,9.8
2025-12-26 18:00:00,2025,12,26,18,Cao Bằng,Xã Tam Kim,22.606427,106.0179879,55,Moderate,1,13.5,58,0.0,7.3,134,980.7,29,12.9,13.0,413.0,8.8,85.0,10.3
2025-12-26 19:00:00,2025,12,26,19,Cao Bằng,Xã Tam Kim,22.606427,106.0179879,55,Moderate,1,13.1,64,0.0,4.0,153,981.3,76,16.0,16.1,448.0,11.9,63.0,10.0
2025-12-26 20:00:00,2025,12,26,20,Cao Bằng,Xã Tam Kim,22.606427,106.0179879,55,Moderate,1,13.1,64,0.0,2.7,157,982.8,94,16.9,17.0,445.0,11.8,61.0,10.8
2025-12-26 21:00:00,2025,12,26,21,Cao Bằng,Xã Tam Kim,22.606427,106.0179879,54,Moderate,1,13.2,64,0.0,3.4,155,983.3,92,16.4,16.5,422.0,11.8,59.0,11.8
2025-12-26 22:00:00,2025,12,26,22,Cao Bằng,Xã Tam Kim,22.606427,106.0179879,54,Moderate,1,12.9,65,0.0,3.3,151,983.5,27,17.3,17.4,399.0,11.9,55.0,12.4
2025-12-26 23:00:00,2025,12,26,23,Cao Bằng,Xã Tam Kim,22.606427,106.0179879,53,Moderate,1,11.8,67,0.0,3.4,183,983.4,2,18.9,19.0,380.0,12.6,49.0,12.2
2025-12-27 00:00:00,2025,12,27,0,Cao Bằng,Xã Tam Kim,22.606427,106.0179879,52,Moderate,1,11.2,68,0.0,3.2,177,983.4,10,20.1,20.3,362.0,13.5,42.0,11.5
2025-12-27 01:00:00,2025,12,27,1,Cao Bằng,Xã Tam Kim,22.606427,106.0179879,52,Moderate,1,11.2,69,0.0,4.2,149,983.9,7,21.4,21.5,350.0,13.9,36.0,10.9
2025-12-27 02:00:00,2025,12,27,2,Cao Bằng,Xã Tam Kim,22.606427,106.0179879,52,Moderate,1,10.2,72,0.0,5.3,172,983.8,9,22.4,22.6,344.0,13.2,33.0,10.5
2025-12-27 03:00:00,2025,12,27,3,Cao Bằng,Xã Tam Kim,22.606427,106.0179879,52,Moderate,1,9.8,72,0.0,3.7,191,983.5,20,22.4,22.6,345.0,12.0,32.0,10.2
2025-12-27 04:00:00,2025,12,27,4,Cao Bằng,Xã Tam Kim,22.606427,106.0179879,52,Moderate,1,9.5,71,0.0,2.3,180,983.6,44,22.6,22.8,361.0,11.2,32.0,10.2
2025-12-27 05:00:00,2025,12,27,5,Cao Bằng,Xã Tam Kim,22.606427,106.0179879,53,Moderate,1,9.1,72,0.0,1.2,153,983.8,60,23.3,23.6,408.0,11.6,29.0,10.6
2025-12-27 06:00:00,2025,12,27,6,Cao Bằng,Xã Tam Kim,22.606427,106.0179879,53,Moderate,1,9.0,74,0.0,0.7,166,984.4,55,24.2,24.4,470.0,12.5,27.0,11.3
2025-12-27 07:00:00,2025,12,27,7,Cao Bằng,Xã Tam Kim,22.606427,106.0179879,54,Moderate,1,9.3,75,0.0,0.8,243,985.2,33,26.0,26.3,505.0,6.7,64.0,20.0
2025-12-27 08:00:00,2025,12,27,8,Cao Bằng,Xã Tam Kim,22.606427,106.0179879,55,Moderate,1,11.7,62,0.0,2.3,270,985.9,29,26.9,27.3,486.0,5.6,72.0,20.9
2025-12-27 09:00:00,2025,12,27,9,Cao Bằng,Xã Tam Kim,22.606427,106.0179879,57,Moderate,1,13.5,53,0.0,0.9,281,986.3,2,25.8,26.3,440.0,4.0,84.0,22.1
2025-12-27 10:00:00,2025,12,27,10,Cao Bằng,Xã Tam Kim,22.606427,106.0179879,59,Moderate,1,14.9,48,0.0,1.2,153,986.2,0,25.4,26.1,403.0,2.7,95.0,22.6
2025-12-27 11:00:00,2025,12,27,11,Cao Bằng,Xã Tam Kim,22.606427,106.0179879,61,Moderate,1,16.1,46,0.0,1.7,148,984.9,0,27.1,27.7,389.0,2.0,103.0,21.9
2025-12-27 12:00:00,2025,12,27,12,Cao Bằng,Xã Tam Kim,22.606427,106.0179879,63,Moderate,1,17.4,44,0.0,1.8,156,983.2,56,27.9,28.6,383.0,1.7,111.0,20.6
2025-12-27 13:00:00,2025,12,27,13,Cao Bằng,Xã Tam Kim,22.606427,106.0179879,65,Moderate,1,17.6,45,0.0,3.3,119,982.7,13,28.0,28.6,381.0,1.5,116.0,19.3
2025-12-27 14:00:00,2025,12,27,14,Cao Bằng,Xã Tam Kim,22.606427,106.0179879,67,Moderate,1,17.7,46,0.0,5.0,131,981.9,41,28.1,28.7,378.0,0.9,120.0,18.2
2025-12-27 15:00:00,2025,12,27,15,Cao Bằng,Xã Tam Kim,22.606427,106.0179879,69,Moderate,1,18.0,46,0.0,5.9,145,981.2,49,27.3,27.8,379.0,0.6,122.0,17.1
2025-12-27 16:00:00,2025,12,27,16,Cao Bằng,Xã Tam Kim,22.606427,106.0179879,70,Moderate,1,17.7,48,0.0,5.4,146,981.1,47,27.1,27.5,390.0,1.9,119.0,16.5
2025-12-27 17:00:00,2025,12,27,17,Cao Bằng,Xã Tam Kim,22.606427,106.0179879,72,Moderate,1,15.9,61,0.0,3.5,165,981.0,23,28.3,28.8,421.0,6.5,107.0,16.5
2025-12-27 18:00:00,2025,12,27,18,Cao Bằng,Xã Tam Kim,22.606427,106.0179879,73,Moderate,1,13.4,67,0.0,4.9,190,981.1,53,32.1,32.5,462.0,12.8,91.0,16.8
2025-12-27 19:00:00,2025,12,27,19,Cao Bằng,Xã Tam Kim,22.606427,106.0179879,75,Moderate,1,12.3,74,0.0,4.8,217,981.8,21,36.1,36.6,486.0,17.1,65.0,17.8
2025-12-27 20:00:00,2025,12,27,20,Cao Bằng,Xã Tam Kim,22.606427,106.0179879,77,Moderate,1,11.8,78,0.0,1.9,241,982.4,13,38.2,38.6,479.0,17.0,62.0,17.6
2025-12-27 21:00:00,2025,12,27,21,Cao Bằng,Xã Tam Kim,22.606427,106.0179879,79,Moderate,1,11.0,81,0.0,0.9,259,982.6,10,37.7,38.2,455.0,17.0,58.0,17.4
2025-12-27 22:00:00,2025,12,27,22,Cao Bằng,Xã Tam Kim,22.606427,106.0179879,81,Moderate,1,10.6,82,0.0,1.1,261,982.9,16,39.0,39.5,437.0,17.2,54.0,17.1
2025-12-27 23:00:00,2025,12,27,23,Cao Bằng,Xã Tam Kim,22.606427,106.0179879,83,Moderate,1,10.4,81,0.0,1.7,257,983.1,14,41.6,42.0,432.0,18.2,50.0,16.9
2025-12-28 00:00:00,2025,12,28,0,Cao Bằng,Xã Tam Kim,22.606427,106.0179879,85,Moderate,1,10.4,82,0.0,2.6,258,983.2,7,42.8,43.4,433.0,19.5,45.0,16.6
2025-12-28 01:00:00,2025,12,28,1,Cao Bằng,Xã Tam Kim,22.606427,106.0179879,87,Moderate,1,9.6,82,0.0,1.2,231,983.0,9,43.7,44.2,434.0,20.0,40.0,15.8
2025-12-28 02:00:00,2025,12,28,2,Cao Bằng,Xã Tam Kim,22.606427,106.0179879,89,Moderate,1,10.0,80,0.0,1.0,225,983.2,13,43.4,44.0,430.0,19.1,34.0,13.7
2025-12-28 03:00:00,2025,12,28,3,Cao Bằng,Xã Tam Kim,22.606427,106.0179879,91,Moderate,1,9.9,80,0.0,1.0,239,982.8,12,42.8,43.4,427.0,17.4,28.0,11.1
2025-12-28 04:00:00,2025,12,28,4,Cao Bằng,Xã Tam Kim,22.606427,106.0179879,92,Moderate,1,10.0,79,0.0,1.5,256,982.7,18,42.0,42.6,440.0,16.2,24.0,9.2
2025-12-28 05:00:00,2025,12,28,5,Cao Bằng,Xã Tam Kim,22.606427,106.0179879,94,Moderate,1,10.1,79,0.0,1.7,252,982.8,16,40.9,41.3,487.0,16.6,19.0,8.5
2025-12-28 06:00:00,2025,12,28,6,Cao Bằng,Xã Tam Kim,22.606427,106.0179879,96,Moderate,1,10.1,79,0.0,1.0,248,983.3,6,40.6,41.2,550.0,17.5,15.0,8.6
2025-12-28 07:00:00,2025,12,28,7,Cao Bằng,Xã Tam Kim,22.606427,106.0179879,97,Moderate,1,11.2,81,0.0,0.6,124,983.7,3,35.5,36.0,586.0,18.8,28.0,13.3
2025-12-28 08:00:00,2025,12,28,8,Cao Bằng,Xã Tam Kim,22.606427,106.0179879,98,Moderate,1,12.9,73,0.0,1.2,39,984.8,5,29.2,29.5,571.0,13.9,51.0,15.2
2025-12-28 09:00:00,2025,12,28,9,Cao Bằng,Xã Tam Kim,22.606427,106.0179879,98,Moderate,1,14.9,64,0.0,1.6,27,985.3,5,19.4,19.7,529.0,7.2,82.0,17.6
2025-12-28 10:00:00,2025,12,28,10,Cao Bằng,Xã Tam Kim,22.606427,106.0179879,98,Moderate,1,16.7,56,0.0,2.4,77,985.0,2,20.3,20.5,486.0,2.2,106.0,18.9
2025-12-28 11:00:00,2025,12,28,11,Cao Bằng,Xã Tam Kim,22.606427,106.0179879,97,Moderate,1,18.2,51,0.0,4.2,102,983.8,16,21.5,21.8,446.0,0.7,114.0,17.8
2025-12-28 12:00:00,2025,12,28,12,Cao Bằng,Xã Tam Kim,22.606427,106.0179879,97,Moderate,1,19.1,53,0.0,5.8,106,981.9,45,22.4,22.5,404.0,1.0,115.0,15.5
2025-12-28 13:00:00,2025,12,28,13,Cao Bằng,Xã Tam Kim,22.606427,106.0179879,96,Moderate,1,20.1,49,0.0,4.3,114,980.8,39,22.8,22.9,373.0,1.4,114.0,13.5
2025-12-28 14:00:00,2025,12,28,14,Cao Bằng,Xã Tam Kim,22.606427,106.0179879,96,Moderate,1,20.8,48,0.0,5.1,132,979.8,100,23.1,23.2,353.0,0.9,116.0,12.3
2025-12-28 15:00:00,2025,12,28,15,Cao Bằng,Xã Tam Kim,22.606427,106.0179879,95,Moderate,1,20.5,50,0.0,8.1,141,979.1,98,23.7,23.9,343.0,0.5,116.0,11.4
2025-12-28 16:00:00,2025,12,28,16,Cao Bằng,Xã Tam Kim,22.606427,106.0179879,95,Moderate,1,19.5,56,0.0,10.7,145,979.2,100,24.6,24.8,352.0,2.0,112.0,11.1
2025-12-28 17:00:00,2025,12,28,17,Cao Bằng,Xã Tam Kim,22.606427,106.0179879,95,Moderate,1,17.8,62,0.0,10.5,142,979.0,87,26.4,26.5,395.0,7.2,100.0,11.8
2025-12-28 18:00:00,2025,12,28,18,Cao Bằng,Xã Tam Kim,22.606427,106.0179879,94,Moderate,1,16.1,69,0.0,7.2,153,979.3,21,30.7,30.9,457.0,14.3,83.0,13.1
2025-12-28 19:00:00,2025,12,28,19,Cao Bằng,Xã Tam Kim,22.606427,106.0179879,94,Moderate,1,14.8,79,0.0,4.3,165,980.2,7,25.6,25.6,506.0,13.4,65.0,10.3
2025-12-28 20:00:00,2025,12,28,20,Cao Bằng,Xã Tam Kim,22.606427,106.0179879,93,Moderate,1,14.7,81,0.0,2.6,192,980.7,31,27.0,27.0,531.0,13.7,62.0,10.5
2025-12-28 21:00:00,2025,12,28,21,Cao Bằng,Xã Tam Kim,22.606427,106.0179879,92,Moderate,1,13.4,85,0.0,1.8,217,980.6,71,27.2,27.3,543.0,14.2,57.0,10.7
2025-12-28 22:00:00,2025,12,28,22,Cao Bằng,Xã Tam Kim,22.606427,106.0179879,92,Moderate,1,12.5,88,0.0,0.9,233,980.5,83,27.4,27.5,541.0,14.6,53.0,10.9
2025-12-28 23:00:00,2025,12,28,23,Cao Bằng,Xã Tam Kim,22.606427,106.0179879,90,Moderate,1,12.4,91,0.0,0.4,243,980.4,88,29.5,29.6,519.0,15.2,49.0,10.9
2025-12-29 00:00:00,2025,12,29,0,Cao Bằng,Xã Tam Kim,22.606427,106.0179879,89,Moderate,1,12.5,90,0.0,0.7,270,980.4,100,31.2,31.2,483.0,15.8,46.0,10.9
2025-12-29 01:00:00,2025,12,29,1,Cao Bằng,Xã Tam Kim,22.606427,106.0179879,88,Moderate,1,13.6,88,0.0,0.4,333,980.2,100,32.0,32.1,450.0,15.8,44.0,10.8
2025-12-29 02:00:00,2025,12,29,2,Cao Bằng,Xã Tam Kim,22.606427,106.0179879,87,Moderate,1,14.1,86,0.0,1.9,17,979.7,100,32.1,32.1,421.0,14.6,43.0,10.6
2025-12-29 03:00:00,2025,12,29,3,Cao Bằng,Xã Tam Kim,22.606427,106.0179879,86,Moderate,1,14.2,88,0.0,1.9,56,979.2,100,31.5,31.7,396.0,12.8,43.0,10.3
2025-12-29 04:00:00,2025,12,29,4,Cao Bằng,Xã Tam Kim,22.606427,106.0179879,85,Moderate,1,14.0,89,0.0,2.0,80,979.0,100,31.4,31.5,391.0,11.5,43.0,10.3
2025-12-29 05:00:00,2025,12,29,5,Cao Bằng,Xã Tam Kim,22.606427,106.0179879,84,Moderate,1,14.1,87,0.0,2.1,52,979.1,100,32.2,32.4,423.0,11.6,41.0,10.3
2025-12-29 06:00:00,2025,12,29,6,Cao Bằng,Xã Tam Kim,22.606427,106.0179879,84,Moderate,1,14.0,86,0.0,2.3,32,979.5,100,33.4,33.5,475.0,12.1,40.0,10.6
2025-12-29 07:00:00,2025,12,29,7,Cao Bằng,Xã Tam Kim,22.606427,106.0179879,83,Moderate,1,14.0,86,0.0,1.9,73,980.0,100,35.6,35.7,512.0,10.6,49.0,14.6
2025-12-29 08:00:00,2025,12,29,8,Cao Bằng,Xã Tam Kim,22.606427,106.0179879,83,Moderate,1,15.1,78,0.0,3.2,34,980.8,100,36.4,36.7,523.0,9.0,60.0,19.3
2025-12-29 09:00:00,2025,12,29,9,Cao Bằng,Xã Tam Kim,22.606427,106.0179879,84,Moderate,1,15.9,76,0.0,3.9,43,981.4,100,42.6,42.8,519.0,6.9,75.0,25.8
2025-12-29 10:00:00,2025,12,29,10,Cao Bằng,Xã Tam Kim,22.606427,106.0179879,86,Moderate,1,17.0,73,0.0,3.1,62,981.6,100,46.1,46.4,504.0,5.2,87.0,30.3
2025-12-29 11:00:00,2025,12,29,11,Cao Bằng,Xã Tam Kim,22.606427,106.0179879,88,Moderate,1,17.6,73,0.0,2.5,86,980.9,100,48.1,48.4,472.0,4.6,91.0,31.0
2025-12-29 12:00:00,2025,12,29,12,Cao Bằng,Xã Tam Kim,22.606427,106.0179879,90,Moderate,1,18.5,69,0.0,3.5,66,979.2,100,49.4,49.6,428.0,4.5,92.0,29.7
2025-12-29 13:00:00,2025,12,29,13,Cao Bằng,Xã Tam Kim,22.606427,106.0179879,93,Moderate,1,19.7,63,0.0,1.6,84,978.2,88,54.2,54.6,396.0,4.5,93.0,28.1
2025-12-29 14:00:00,2025,12,29,14,Cao Bằng,Xã Tam Kim,22.606427,106.0179879,96,Moderate,1,20.1,62,0.1,3.2,47,977.7,100,55.8,56.1,377.0,3.7,96.0,26.5
2025-12-29 15:00:00,2025,12,29,15,Cao Bằng,Xã Tam Kim,22.606427,106.0179879,98,Moderate,1,20.1,62,0.0,4.8,48,977.4,100,57.3,57.6,369.0,3.0,99.0,24.7
2025-12-29 16:00:00,2025,12,29,16,Cao Bằng,Xã Tam Kim,22.606427,106.0179879,102,Unhealthy for Sensitive Groups,2,19.7,66,0.0,4.2,47,977.4,96,57.4,57.6,386.0,4.9,97.0,23.7
2025-12-29 17:00:00,2025,12,29,17,Cao Bằng,Xã Tam Kim,22.606427,106.0179879,105,Unhealthy for Sensitive Groups,2,18.1,76,0.0,2.8,40,977.6,88,62.2,62.4,451.0,11.7,85.0,24.1
2025-12-29 18:00:00,2025,12,29,18,Cao Bằng,Xã Tam Kim,22.606427,106.0179879,109,Unhealthy for Sensitive Groups,2,17.3,75,0.0,0.3,315,977.7,95,68.9,69.2,541.0,21.0,68.0,25.2
2025-12-29 19:00:00,2025,12,29,19,Cao Bằng,Xã Tam Kim,22.606427,106.0179879,113,Unhealthy for Sensitive Groups,2,15.7,85,0.0,1.5,240,978.1,40,59.3,59.5,599.0,24.0,50.0,22.0
2025-12-29 20:00:00,2025,12,29,20,Cao Bằng,Xã Tam Kim,22.606427,106.0179879,116,Unhealthy for Sensitive Groups,2,15.2,88,0.0,1.1,261,978.9,44,63.1,63.6,594.0,24.4,49.0,23.0
2025-12-29 21:00:00,2025,12,29,21,Cao Bằng,Xã Tam Kim,22.606427,106.0179879,120,Unhealthy for Sensitive Groups,2,14.6,89,0.1,1.3,262,979.4,96,65.4,65.7,556.0,24.9,47.0,24.4
2025-12-29 22:00:00,2025,12,29,22,Cao Bằng,Xã Tam Kim,22.606427,106.0179879,124,Unhealthy for Sensitive Groups,2,14.2,91,0.2,2.2,261,979.8,91,67.8,68.0,522.0,24.9,44.0,24.7
2025-12-29 23:00:00,2025,12,29,23,Cao Bằng,Xã Tam Kim,22.606427,106.0179879,128,Unhealthy for Sensitive Groups,2,14.3,92,0.2,2.3,270,979.9,100,70.5,70.8,505.0,24.3,40.0,23.1
2025-12-30 00:00:00,2025,12,30,0,Cao Bằng,Xã Tam Kim,22.606427,106.0179879,132,Unhealthy for Sensitive Groups,2,14.9,92,0.1,2.2,279,979.7,100,71.9,72.2,491.0,23.2,36.0,20.5
2025-12-30 01:00:00,2025,12,30,1,Cao Bằng,Xã Tam Kim,22.606427,106.0179879,137,Unhealthy for Sensitive Groups,2,15.0,91,0.2,1.9,304,979.8,74,69.6,70.1,479.0,21.3,34.0,18.3
2025-12-30 02:00:00,2025,12,30,2,Cao Bằng,Xã Tam Kim,22.606427,106.0179879,141,Unhealthy for Sensitive Groups,2,15.4,92,0.1,4.2,310,979.4,98,65.2,65.4,463.0,17.9,37.0,17.1
2025-12-30 03:00:00,2025,12,30,3,Cao Bằng,Xã Tam Kim,22.606427,106.0179879,144,Unhealthy for Sensitive Groups,2,15.1,97,0.0,2.5,300,979.0,100,55.2,55.4,447.0,13.7,42.0,16.2
2025-12-30 04:00:00,2025,12,30,4,Cao Bằng,Xã Tam Kim,22.606427,106.0179879,147,Unhealthy for Sensitive Groups,2,15.2,96,0.0,1.8,264,979.0,100,42.7,43.0,445.0,10.6,46.0,15.5
2025-12-30 05:00:00,2025,12,30,5,Cao Bằng,Xã Tam Kim,22.606427,106.0179879,148,Unhealthy for Sensitive Groups,2,15.3,95,0.1,1.5,263,978.9,57,30.4,30.5,471.0,9.5,47.0,14.8
2025-12-30 06:00:00,2025,12,30,6,Cao Bằng,Xã Tam Kim,22.606427,106.0179879,148,Unhealthy for Sensitive Groups,2,15.3,94,0.0,2.5,262,979.4,100,30.5,30.6,510.0,9.5,46.0,14.2
2025-12-30 07:00:00,2025,12,30,7,Cao Bằng,Xã Tam Kim,22.606427,106.0179879,147,Unhealthy for Sensitive Groups,2,15.0,97,0.0,2.1,250,980.0,100,25.1,25.2,531.0,12.2,37.0,15.7
2025-12-30 08:00:00,2025,12,30,8,Cao Bằng,Xã Tam Kim,22.606427,106.0179879,146,Unhealthy for Sensitive Groups,2,15.7,97,0.1,1.5,240,980.9,100,34.3,34.6,516.0,11.0,43.0,17.1
2025-12-30 09:00:00,2025,12,30,9,Cao Bằng,Xã Tam Kim,22.606427,106.0179879,146,Unhealthy for Sensitive Groups,2,16.3,95,0.1,2.3,180,981.6,100,30.6,30.9,483.0,9.3,51.0,18.9
2025-12-30 10:00:00,2025,12,30,10,Cao Bằng,Xã Tam Kim,22.606427,106.0179879,145,Unhealthy for Sensitive Groups,2,16.4,95,0.3,2.7,152,981.6,100,29.4,29.6,454.0,7.9,59.0,20.0
2025-12-30 11:00:00,2025,12,30,11,Cao Bằng,Xã Tam Kim,22.606427,106.0179879,143,Unhealthy for Sensitive Groups,2,17.0,89,0.5,4.8,138,980.7,100,29.7,29.9,435.0,7.3,65.0,19.6
2025-12-30 12:00:00,2025,12,30,12,Cao Bằng,Xã Tam Kim,22.606427,106.0179879,141,Unhealthy for Sensitive Groups,2,16.8,97,0.5,6.4,135,979.2,100,30.3,30.5,420.0,7.0,70.0,18.5
2025-12-30 13:00:00,2025,12,30,13,Cao Bằng,Xã Tam Kim,22.606427,106.0179879,139,Unhealthy for Sensitive Groups,2,17.1,89,0.4,7.5,136,978.0,98,30.4,30.6,407.0,6.8,75.0,17.0
2025-12-30 14:00:00,2025,12,30,14,Cao Bằng,Xã Tam Kim,22.606427,106.0179879,137,Unhealthy for Sensitive Groups,2,18.8,77,0.1,9.8,148,977.1,100,28.8,29.0,392.0,6.2,84.0,15.1
2025-12-30 15:00:00,2025,12,30,15,Cao Bằng,Xã Tam Kim,22.606427,106.0179879,134,Unhealthy for Sensitive Groups,2,19.2,75,0.0,10.4,154,976.4,97,26.9,27.1,379.0,5.8,93.0,13.0
2025-12-30 16:00:00,2025,12,30,16,Cao Bằng,Xã Tam Kim,22.606427,106.0179879,131,Unhealthy for Sensitive Groups,2,19.4,74,0.0,4.9,144,976.1,74,24.9,25.1,381.0,6.6,96.0,11.5
2025-12-30 17:00:00,2025,12,30,17,Cao Bằng,Xã Tam Kim,22.606427,106.0179879,127,Unhealthy for Sensitive Groups,2,18.4,80,0.0,1.9,56,975.9,90,25.9,26.1,414.0,10.0,87.0,11.2
2025-12-30 18:00:00,2025,12,30,18,Cao Bằng,Xã Tam Kim,22.606427,106.0179879,123,Unhealthy for Sensitive Groups,2,16.4,85,0.0,1.4,310,975.8,86,29.0,29.2,461.0,14.6,72.0,11.5
2025-12-30 19:00:00,2025,12,30,19,Cao Bằng,Xã Tam Kim,22.606427,106.0179879,119,Unhealthy for Sensitive Groups,2,15.2,93,0.0,1.5,240,975.9,97,32.9,33.2,485.0,15.4,65.0,9.3
2025-12-30 20:00:00,2025,12,30,20,Cao Bằng,Xã Tam Kim,22.606427,106.0179879,117,Unhealthy for Sensitive Groups,2,15.3,94,0.0,1.0,248,976.4,100,34.6,34.9,464.0,15.3,63.0,9.2
2025-12-30 21:00:00,2025,12,30,21,Cao Bằng,Xã Tam Kim,22.606427,106.0179879,114,Unhealthy for Sensitive Groups,2,15.5,93,0.0,0.2,270,976.6,100,34.9,35.3,420.0,15.2,60.0,9.1
2025-12-30 22:00:00,2025,12,30,22,Cao Bằng,Xã Tam Kim,22.606427,106.0179879,110,Unhealthy for Sensitive Groups,2,16.1,92,0.1,1.1,99,976.8,100,35.5,35.9,384.0,14.8,58.0,8.9
2025-12-30 23:00:00,2025,12,30,23,Cao Bằng,Xã Tam Kim,22.606427,106.0179879,107,Unhealthy for Sensitive Groups,2,16.1,93,0.0,3.3,131,976.7,100,35.9,36.1,368.0,14.0,56.0,8.6
2025-12-31 00:00:00,2025,12,31,0,Cao Bằng,Xã Tam Kim,22.606427,106.0179879,103,Unhealthy for Sensitive Groups,2,16.3,94,0.1,5.5,136,976.3,100,36.4,36.7,360.0,12.9,54.0,8.2
2025-12-31 01:00:00,2025,12,31,1,Cao Bằng,Xã Tam Kim,22.606427,106.0179879,100,Moderate,1,16.5,97,0.0,8.3,138,976.1,100,34.9,35.2,353.0,11.7,53.0,8.0
2025-12-31 02:00:00,2025,12,31,2,Cao Bằng,Xã Tam Kim,22.606427,106.0179879,97,Moderate,1,16.2,97,0.0,7.5,125,975.7,100,25.8,25.9,345.0,10.3,55.0,7.9
2025-12-31 03:00:00,2025,12,31,3,Cao Bằng,Xã Tam Kim,22.606427,106.0179879,93,Moderate,1,16.4,94,0.0,6.6,111,975.7,100,20.3,20.4,338.0,8.8,58.0,8.0
2025-12-31 04:00:00,2025,12,31,4,Cao Bằng,Xã Tam Kim,22.606427,106.0179879,90,Moderate,1,16.1,97,0.0,5.8,116,975.5,100,19.5,19.7,338.0,7.8,61.0,8.3
2025-12-31 05:00:00,2025,12,31,5,Cao Bằng,Xã Tam Kim,22.606427,106.0179879,88,Moderate,1,16.0,97,0.0,5.2,117,975.3,100,20.4,20.7,351.0,7.7,62.0,8.9
2025-12-31 06:00:00,2025,12,31,6,Cao Bằng,Xã Tam Kim,22.606427,106.0179879,87,Moderate,1,16.1,97,0.0,5.3,118,975.5,100,21.4,21.8,369.0,8.1,62.0,9.8
2025-12-31 07:00:00,2025,12,31,7,Cao Bằng,Xã Tam Kim,22.606427,106.0179879,86,Moderate,1,16.2,97,0.0,4.5,124,976.1,100,14.2,14.4,379.0,10.0,44.0,6.9
2025-12-31 08:00:00,2025,12,31,8,Cao Bằng,Xã Tam Kim,22.606427,106.0179879,85,Moderate,1,16.8,97,0.4,7.7,129,977.1,100,19.4,19.8,370.0,8.6,54.0,7.3
2025-12-31 09:00:00,2025,12,31,9,Cao Bằng,Xã Tam Kim,22.606427,106.0179879,84,Moderate,1,18.0,94,0.0,8.1,149,977.4,59,20.3,20.8,352.0,6.7,69.0,7.9
2025-12-31 10:00:00,2025,12,31,10,Cao Bằng,Xã Tam Kim,22.606427,106.0179879,83,Moderate,1,20.6,74,0.3,12.6,182,977.4,27,17.8,18.3,336.0,5.1,82.0,8.2
2025-12-31 11:00:00,2025,12,31,11,Cao Bằng,Xã Tam Kim,22.606427,106.0179879,82,Moderate,1,21.3,70,0.5,14.0,181,976.3,79,17.5,17.8,324.0,4.2,92.0,8.0
2025-12-31 12:00:00,2025,12,31,12,Cao Bằng,Xã Tam Kim,22.606427,106.0179879,81,Moderate,1,22.6,64,0.2,14.0,171,974.8,91,17.5,17.9,315.0,3.6,100.0,7.5
2025-12-31 13:00:00,2025,12,31,13,Cao Bằng,Xã Tam Kim,22.606427,106.0179879,80,Moderate,1,22.8,59,0.5,13.7,182,973.7,51,17.6,18.0,311.0,3.3,107.0,7.2
2025-12-31 14:00:00,2025,12,31,14,Cao Bằng,Xã Tam Kim,22.606427,106.0179879,79,Moderate,1,23.5,55,0.0,13.0,180,972.8,27,18.0,18.5,316.0,3.1,113.0,7.1
2025-12-31 15:00:00,2025,12,31,15,Cao Bằng,Xã Tam Kim,22.606427,106.0179879,78,Moderate,1,23.3,56,0.0,12.8,180,972.6,40,19.2,19.6,327.0,3.3,116.0,7.1
2025-12-31 16:00:00,2025,12,31,16,Cao Bằng,Xã Tam Kim,22.606427,106.0179879,77,Moderate,1,22.4,61,0.0,12.3,169,972.7,42,20.8,21.2,341.0,4.5,115.0,7.4
2025-12-31 17:00:00,2025,12,31,17,Cao Bằng,Xã Tam Kim,22.606427,106.0179879,77,Moderate,1,20.6,69,0.0,11.0,150,972.8,19,23.1,23.5,362.0,8.0,104.0,8.1
2025-12-31 18:00:00,2025,12,31,18,Cao Bằng,Xã Tam Kim,22.606427,106.0179879,76,Moderate,1,18.1,82,0.0,8.7,162,973.3,25,24.9,25.2,386.0,12.5,89.0,9.1
2025-12-31 19:00:00,2025,12,31,19,Cao Bằng,Xã Tam Kim,22.606427,106.0179879,76,Moderate,1,16.9,94,0.1,6.7,161,974.3,100,26.4,26.8,400.0,14.4,80.0,10.2
2025-12-31 20:00:00,2025,12,31,20,Cao Bằng,Xã Tam Kim,22.606427,106.0179879,76,Moderate,1,17.6,93,0.2,3.3,139,975.6,100,27.4,27.8,395.0,14.0,77.0,11.3
2025-12-31 21:00:00,2025,12,31,21,Cao Bằng,Xã Tam Kim,22.606427,106.0179879,75,Moderate,1,17.8,95,0.4,4.1,128,976.3,100,27.1,27.5,379.0,13.4,72.0,12.8
2025-12-31 22:00:00,2025,12,31,22,Cao Bằng,Xã Tam Kim,22.606427,106.0179879,74,Moderate,1,17.5,95,0.1,3.8,121,976.5,100,25.7,26.0,365.0,12.7,68.0,13.9
2025-12-31 23:00:00,2025,12,31,23,Cao Bằng,Xã Tam Kim,22.606427,106.0179879,73,Moderate,1,17.1,96,0.0,4.0,100,976.7,99,24.0,24.3,355.0,11.8,64.0,14.3
2026-01-01 00:00:00,2026,1,1,0,Cao Bằng,Xã Tam Kim,22.606427,106.0179879,72,Moderate,1,17.2,96,0.1,3.1,90,976.8,70,22.6,22.9,347.0,10.8,61.0,14.3
2026-01-01 01:00:00,2026,1,1,1,Cao Bằng,Xã Tam Kim,22.606427,106.0179879,71,Moderate,1,16.8,97,0.0,5.0,145,976.7,50,15.1,15.3,345.0,9.7,60.0,14.0
2026-01-01 02:00:00,2026,1,1,2,Cao Bằng,Xã Tam Kim,22.606427,106.0179879,69,Moderate,1,16.9,98,0.0,3.1,87,976.7,83,9.7,9.8,353.0,8.2,62.0,13.2
2026-01-01 03:00:00,2026,1,1,3,Cao Bằng,Xã Tam Kim,22.606427,106.0179879,68,Moderate,1,16.9,98,0.0,3.8,98,976.8,86,7.1,7.2,366.0,6.5,65.0,12.0
2026-01-01 04:00:00,2026,1,1,4,Cao Bằng,Xã Tam Kim,22.606427,106.0179879,67,Moderate,1,16.7,97,0.0,3.2,74,977.0,100,6.7,6.8,381.0,5.5,67.0,10.8
2026-01-01 05:00:00,2026,1,1,5,Cao Bằng,Xã Tam Kim,22.606427,106.0179879,66,Moderate,1,16.4,97,0.1,3.4,93,977.4,100,5.3,5.4,396.0,5.7,64.0,9.8
2026-01-01 06:00:00,2026,1,1,6,Cao Bằng,Xã Tam Kim,22.606427,106.0179879,64,Moderate,1,16.4,97,1.2,2.0,95,978.6,100,6.3,6.4,411.0,6.5,59.0,8.8
2026-01-01 07:00:00,2026,1,1,7,Cao Bằng,Xã Tam Kim,22.606427,106.0179879,63,Moderate,1,15.5,92,3.1,1.3,236,979.3,100,5.1,5.1,424.0,7.1,56.0,8.3
2026-01-01 08:00:00,2026,1,1,8,Cao Bằng,Xã Tam Kim,22.606427,106.0179879,62,Moderate,1,16.3,97,1.8,4.2,216,981.3,100,5.1,5.1,424.0,6.5,57.0,7.7
2026-01-01 09:00:00,2026,1,1,9,Cao Bằng,Xã Tam Kim,22.606427,106.0179879,61,Moderate,1,16.7,96,0.2,4.4,251,982.2,100,3.0,3.0,422.0,5.7,60.0,7.0
2026-01-01 10:00:00,2026,1,1,10,Cao Bằng,Xã Tam Kim,22.606427,106.0179879,59,Moderate,1,17.0,93,0.2,2.5,262,982.6,100,2.6,2.6,447.0,4.8,64.0,6.6
2026-01-01 11:00:00,2026,1,1,11,Cao Bằng,Xã Tam Kim,22.606427,106.0179879,58,Moderate,1,17.4,93,0.4,4.3,66,982.6,100,1.7,1.7,532.0,3.9,72.0,6.8
2026-01-01 12:00:00,2026,1,1,12,Cao Bằng,Xã Tam Kim,22.606427,106.0179879,57,Moderate,1,17.7,80,0.3,5.1,48,981.9,100,2.2,2.2,644.0,3.0,83.0,7.4
2026-01-01 13:00:00,2026,1,1,13,Cao Bằng,Xã Tam Kim,22.606427,106.0179879,55,Moderate,1,18.1,70,0.0,5.6,63,981.0,100,4.0,4.3,713.0,2.4,90.0,8.0
2026-01-01 14:00:00,2026,1,1,14,Cao Bằng,Xã Tam Kim,22.606427,106.0179879,54,Moderate,1,18.9,62,0.0,6.1,93,980.9,100,4.5,4.6,698.0,2.3,92.0,8.5
2026-01-01 15:00:00,2026,1,1,15,Cao Bằng,Xã Tam Kim,22.606427,106.0179879,53,Moderate,1,18.7,61,0.0,7.6,82,981.1,100,5.1,5.2,641.0,2.5,91.0,9.0
2026-01-01 16:00:00,2026,1,1,16,Cao Bằng,Xã Tam Kim,22.606427,106.0179879,52,Moderate,1,18.1,60,0.0,8.5,69,981.7,100,5.4,5.4,596.0,3.2,87.0,9.6
2026-01-01 17:00:00,2026,1,1,17,Cao Bằng,Xã Tam Kim,22.606427,106.0179879,50,Good,0,17.0,63,0.0,6.3,92,982.2,100,5.6,5.7,586.0,5.1,79.0,10.3
2026-01-01 18:00:00,2026,1,1,18,Cao Bằng,Xã Tam Kim,22.606427,106.0179879,47,Good,0,16.1,66,0.0,5.0,116,983.2,100,6.6,6.7,588.0,7.5,69.0,11.1
2026-01-01 19:00:00,2026,1,1,19,Cao Bằng,Xã Tam Kim,22.606427,106.0179879,44,Good,0,15.7,74,0.0,6.5,122,983.2,100,15.4,15.7,591.0,5.0,74.0,11.1
2026-01-01 20:00:00,2026,1,1,20,Cao Bằng,Xã Tam Kim,22.606427,106.0179879,42,Good,0,15.6,72,0.0,5.4,127,984.1,100,15.1,15.5,589.0,4.9,72.0,11.5
2026-01-01 21:00:00,2026,1,1,21,Cao Bằng,Xã Tam Kim,22.606427,106.0179879,40,Good,0,15.2,73,0.0,2.8,130,985.0,100,13.1,13.2,587.0,4.7,69.0,12.0
2026-01-01 22:00:00,2026,1,1,22,Cao Bằng,Xã Tam Kim,22.606427,106.0179879,38,Good,0,14.6,76,0.1,2.4,144,985.3,100,12.3,12.4,587.0,4.5,67.0,12.3
2026-01-01 23:00:00,2026,1,1,23,Cao Bằng,Xã Tam Kim,22.606427,106.0179879,35,Good,0,14.2,81,0.1,4.2,168,985.5,100,11.8,11.8,590.0,4.4,65.0,12.4
2026-01-02 00:00:00,2026,1,2,0,Cao Bằng,Xã Tam Kim,22.606427,106.0179879,34,Good,0,13.7,84,0.1,4.8,169,985.7,100,11.3,11.4,594.0,4.3,64.0,12.3
2026-01-02 01:00:00,2026,1,2,1,Cao Bằng,Xã Tam Kim,22.606427,106.0179879,32,Good,0,14.4,84,0.0,2.6,146,985.3,100,10.9,11.0,595.0,4.2,62.0,12.1
2026-01-02 02:00:00,2026,1,2,2,Cao Bằng,Xã Tam Kim,22.606427,106.0179879,31,Good,0,14.2,82,0.1,4.5,133,984.9,100,10.7,10.7,591.0,4.1,59.0,11.9
2026-01-02 03:00:00,2026,1,2,3,Cao Bằng,Xã Tam Kim,22.606427,106.0179879,31,Good,0,13.7,83,0.3,5.5,148,985.2,100,10.6,10.7,584.0,4.1,55.0,11.6
2026-01-02 04:00:00,2026,1,2,4,Cao Bằng,Xã Tam Kim,22.606427,106.0179879,31,Good,0,12.5,95,0.8,6.1,156,985.1,100,10.7,10.8,581.0,4.3,52.0,11.4
2026-01-02 05:00:00,2026,1,2,5,Cao Bằng,Xã Tam Kim,22.606427,106.0179879,32,Good,0,11.7,96,0.3,7.9,169,985.2,100,10.9,11.0,585.0,4.8,49.0,11.4
2026-01-02 06:00:00,2026,1,2,6,Cao Bằng,Xã Tam Kim,22.606427,106.0179879,33,Good,0,11.3,95,0.1,8.7,187,986.0,100,10.9,11.0,591.0,5.5,46.0,11.5
2026-01-02 07:00:00,2026,1,2,7,Cao Bằng,Xã Tam Kim,22.606427,106.0179879,34,Good,0,11.8,96,0.5,5.9,192,986.7,100,11.8,11.9,595.0,6.0,44.0,11.9
2026-01-02 08:00:00,2026,1,2,8,Cao Bằng,Xã Tam Kim,22.606427,106.0179879,35,Good,0,11.8,96,1.3,6.7,188,987.8,100,10.6,10.7,593.0,6.0,44.0,12.3
2026-01-02 09:00:00,2026,1,2,9,Cao Bằng,Xã Tam Kim,22.606427,106.0179879,36,Good,0,11.9,96,0.5,7.5,172,988.9,100,10.1,10.2,588.0,6.0,45.0,12.8
2026-01-02 10:00:00,2026,1,2,10,Cao Bằng,Xã Tam Kim,22.606427,106.0179879,37,Good,0,12.6,86,0.1,5.6,158,989.2,100,9.4,9.6,581.0,5.9,47.0,13.1
2026-01-02 11:00:00,2026,1,2,11,Cao Bằng,Xã Tam Kim,22.606427,106.0179879,38,Good,0,12.9,81,0.1,5.9,135,988.6,100,8.6,8.9,572.0,5.4,52.0,12.8
2026-01-02 12:00:00,2026,1,2,12,Cao Bằng,Xã Tam Kim,22.606427,106.0179879,40,Good,0,13.5,75,0.1,6.5,120,987.7,100,8.2,8.5,560.0,4.8,58.0,12.2
2026-01-02 13:00:00,2026,1,2,13,Cao Bằng,Xã Tam Kim,22.606427,106.0179879,41,Good,0,13.0,75,0.0,6.3,127,986.6,100,8.0,8.3,545.0,4.4,63.0,11.7
2026-01-02 14:00:00,2026,1,2,14,Cao Bằng,Xã Tam Kim,22.606427,106.0179879,41,Good,0,13.0,72,0.0,6.8,140,986.0,100,7.9,8.1,524.0,4.4,65.0,11.3
2026-01-02 15:00:00,2026,1,2,15,Cao Bằng,Xã Tam Kim,22.606427,106.0179879,42,Good,0,12.9,70,0.0,6.4,153,985.8,100,7.8,8.0,499.0,4.7,66.0,10.9
2026-01-02 16:00:00,2026,1,2,16,Cao Bằng,Xã Tam Kim,22.606427,106.0179879,42,Good,0,13.0,69,0.0,5.2,155,985.6,92,7.7,7.9,481.0,5.2,65.0,10.7
2026-01-02 17:00:00,2026,1,2,17,Cao Bằng,Xã Tam Kim,22.606427,106.0179879,43,Good,0,13.0,68,0.0,5.2,149,985.9,75,8.0,8.1,476.0,6.0,62.0,10.8
2026-01-02 18:00:00,2026,1,2,18,Cao Bằng,Xã Tam Kim,22.606427,106.0179879,43,Good,0,12.5,69,0.0,6.6,154,986.1,86,8.5,8.7,477.0,7.1,59.0,11.1
2026-01-02 19:00:00,2026,1,2,19,Cao Bằng,Xã Tam Kim,22.606427,106.0179879,43,Good,0,11.8,78,0.0,6.9,141,986.9,100,12.3,12.6,475.0,5.8,55.0,10.8
2026-01-02 20:00:00,2026,1,2,20,Cao Bằng,Xã Tam Kim,22.606427,106.0179879,43,Good,0,11.6,75,0.0,7.0,145,987.3,99,12.6,12.9,464.0,5.8,53.0,11.0
2026-01-02 21:00:00,2026,1,2,21,Cao Bằng,Xã Tam Kim,22.606427,106.0179879,42,Good,0,11.4,76,0.0,6.4,158,988.3,100,13.2,13.5,449.0,5.8,51.0,11.2
2026-01-02 22:00:00,2026,1,2,22,Cao Bằng,Xã Tam Kim,22.606427,106.0179879,42,Good,0,11.3,76,0.0,5.5,171,988.6,100,14.0,14.3,437.0,5.8,49.0,11.4
2026-01-02 23:00:00,2026,1,2,23,Cao Bằng,Xã Tam Kim,22.606427,106.0179879,43,Good,0,11.1,76,0.1,7.1,171,988.4,100,14.9,15.1,426.0,5.8,47.0,11.4
2026-01-03 00:00:00,2026,1,3,0,Cao Bằng,Xã Tam Kim,22.606427,106.0179879,43,Good,0,10.7,79,0.1,6.7,171,988.5,100,15.6,15.9,418.0,5.8,46.0,11.2
2026-01-03 01:00:00,2026,1,3,1,Cao Bằng,Xã Tam Kim,22.606427,106.0179879,44,Good,0,10.6,83,0.1,5.5,157,988.0,100,16.2,16.5,418.0,5.7,45.0,11.1
2026-01-03 02:00:00,2026,1,3,2,Cao Bằng,Xã Tam Kim,22.606427,106.0179879,45,Good,0,10.4,83,0.1,6.6,158,987.5,100,16.6,16.8,431.0,5.5,44.0,10.9
2026-01-03 03:00:00,2026,1,3,3,Cao Bằng,Xã Tam Kim,22.606427,106.0179879,46,Good,0,10.3,82,0.0,6.6,159,987.1,100,16.5,16.7,453.0,5.2,43.0,10.7
2026-01-03 04:00:00,2026,1,3,4,Cao Bằng,Xã Tam Kim,22.606427,106.0179879,47,Good,0,10.3,81,0.0,6.4,162,986.9,100,16.4,16.6,478.0,5.1,43.0,10.6
2026-01-03 05:00:00,2026,1,3,5,Cao Bằng,Xã Tam Kim,22.606427,106.0179879,48,Good,0,10.2,82,0.1,6.7,161,987.0,100,16.8,17.0,506.0,5.2,43.0,10.7
2026-01-03 06:00:00,2026,1,3,6,Cao Bằng,Xã Tam Kim,22.606427,106.0179879,49,Good,0,10.1,83,0.0,6.5,161,987.2,100,17.6,17.8,538.0,5.4,43.0,11.0
2026-01-03 07:00:00,2026,1,3,7,Cao Bằng,Xã Tam Kim,22.606427,106.0179879,50,Good,0,10.1,86,0.0,4.2,155,987.9,100,11.1,11.1,563.0,5.6,42.0,11.5
2026-01-03 08:00:00,2026,1,3,8,Cao Bằng,Xã Tam Kim,22.606427,106.0179879,50,Good,0,10.3,81,0.0,7.1,142,988.5,100,12.0,12.2,581.0,5.4,45.0,12.3
2026-01-03 09:00:00,2026,1,3,9,Cao Bằng,Xã Tam Kim,22.606427,106.0179879,50,Good,0,10.6,78,0.0,8.0,142,988.8,100,11.8,12.0,592.0,5.0,50.0,13.4
2026-01-03 10:00:00,2026,1,3,10,Cao Bằng,Xã Tam Kim,22.606427,106.0179879,50,Good,0,11.5,73,0.0,7.3,142,988.9,100,12.8,13.0,596.0,4.8,55.0,14.5
2026-01-03 11:00:00,2026,1,3,11,Cao Bằng,Xã Tam Kim,22.606427,106.0179879,51,Moderate,1,12.0,70,0.0,6.2,139,987.9,100,14.3,14.4,588.0,4.7,59.0,15.4
2026-01-03 12:00:00,2026,1,3,12,Cao Bằng,Xã Tam Kim,22.606427,106.0179879,51,Moderate,1,12.6,71,0.0,5.4,132,986.5,100,15.7,15.8,571.0,4.7,64.0,16.2
2026-01-03 13:00:00,2026,1,3,13,Cao Bằng,Xã Tam Kim,22.606427,106.0179879,52,Moderate,1,13.2,66,0.0,6.4,137,985.6,100,17.5,17.6,555.0,4.8,67.0,16.9
2026-01-03 14:00:00,2026,1,3,14,Cao Bằng,Xã Tam Kim,22.606427,106.0179879,53,Moderate,1,13.4,69,0.0,6.1,140,984.0,100,19.1,19.3,537.0,5.0,70.0,17.4
2026-01-03 15:00:00,2026,1,3,15,Cao Bằng,Xã Tam Kim,22.606427,106.0179879,54,Moderate,1,14.3,66,0.0,7.2,152,983.1,100,20.6,20.8,519.0,5.4,71.0,17.8
2026-01-03 16:00:00,2026,1,3,16,Cao Bằng,Xã Tam Kim,22.606427,106.0179879,55,Moderate,1,14.8,66,0.0,7.5,163,982.7,100,21.9,22.1,513.0,5.9,72.0,18.0
2026-01-03 17:00:00,2026,1,3,17,Cao Bằng,Xã Tam Kim,22.606427,106.0179879,56,Moderate,1,14.3,73,0.0,3.8,131,982.5,100,23.2,23.3,533.0,6.8,71.0,18.1
2026-01-03 18:00:00,2026,1,3,18,Cao Bằng,Xã Tam Kim,22.606427,106.0179879,57,Moderate,1,13.8,76,0.0,5.0,125,982.4,100,25.0,25.1,566.0,7.9,68.0,18.0
2026-01-03 19:00:00,2026,1,3,19,Cao Bằng,Xã Tam Kim,22.606427,106.0179879,59,Moderate,1,12.6,79,0.0,4.9,123,983.5,100,24.0,24.2,586.0,7.9,54.0,19.2
2026-01-03 20:00:00,2026,1,3,20,Cao Bằng,Xã Tam Kim,22.606427,106.0179879,60,Moderate,1,12.4,79,0.0,5.3,125,983.9,100,25.5,25.6,580.0,8.0,53.0,19.5
2026-01-03 21:00:00,2026,1,3,21,Cao Bằng,Xã Tam Kim,22.606427,106.0179879,61,Moderate,1,12.2,82,0.0,3.4,115,984.0,100,26.4,26.5,561.0,8.1,52.0,19.9
2026-01-03 22:00:00,2026,1,3,22,Cao Bằng,Xã Tam Kim,22.606427,106.0179879,62,Moderate,1,12.3,81,0.0,5.2,119,984.4,100,26.8,27.0,546.0,8.2,50.0,20.2
2026-01-03 23:00:00,2026,1,3,23,Cao Bằng,Xã Tam Kim,22.606427,106.0179879,63,Moderate,1,12.3,81,0.0,5.2,112,984.5,100,27.0,27.2,544.0,8.2,48.0,20.3
2026-01-04 00:00:00,2026,1,4,0,Cao Bằng,Xã Tam Kim,22.606427,106.0179879,64,Moderate,1,12.2,84,0.0,5.5,113,984.4,100,27.0,27.1,546.0,8.1,47.0,20.3
2026-01-04 01:00:00,2026,1,4,1,Cao Bằng,Xã Tam Kim,22.606427,106.0179879,65,Moderate,1,12.1,85,0.0,5.5,107,984.5,100,27.0,27.2,544.0,8.0,45.0,20.4
2026-01-04 02:00:00,2026,1,4,2,Cao Bằng,Xã Tam Kim,22.606427,106.0179879,66,Moderate,1,12.0,86,0.1,5.2,102,984.0,100,26.8,26.9,531.0,7.6,44.0,20.8
2026-01-04 03:00:00,2026,1,4,3,Cao Bằng,Xã Tam Kim,22.606427,106.0179879,67,Moderate,1,11.9,87,0.0,3.5,81,983.5,100,24.4,24.6,515.0,7.2,42.0,21.5
2026-01-04 04:00:00,2026,1,4,4,Cao Bằng,Xã Tam Kim,22.606427,106.0179879,68,Moderate,1,11.9,88,0.0,3.2,74,983.5,100,23.2,23.3,508.0,7.1,41.0,22.0
2026-01-04 05:00:00,2026,1,4,5,Cao Bằng,Xã Tam Kim,22.606427,106.0179879,69,Moderate,1,11.8,88,0.0,2.5,90,983.3,100,21.7,21.8,522.0,7.7,39.0,22.4
2026-01-04 06:00:00,2026,1,4,6,Cao Bằng,Xã Tam Kim,22.606427,106.0179879,69,Moderate,1,12.0,88,0.0,2.5,86,983.8,100,20.0,20.1,545.0,8.6,36.0,22.7
2026-01-04 07:00:00,2026,1,4,7,Cao Bằng,Xã Tam Kim,22.606427,106.0179879,69,Moderate,1,12.3,87,0.0,2.7,94,984.1,100,12.7,12.7,554.0,8.8,39.0,25.5
2026-01-04 08:00:00,2026,1,4,8,Cao Bằng,Xã Tam Kim,22.606427,106.0179879,69,Moderate,1,12.9,82,0.0,2.2,99,985.2,100,10.8,10.8,536.0,8.3,44.0,25.1
2026-01-04 09:00:00,2026,1,4,9,Cao Bằng,Xã Tam Kim,22.606427,106.0179879,69,Moderate,1,13.9,78,0.0,2.3,94,986.0,100,10.6,10.6,504.0,7.7,52.0,24.6
2026-01-04 10:00:00,2026,1,4,10,Cao Bằng,Xã Tam Kim,22.606427,106.0179879,69,Moderate,1,14.3,77,0.1,4.0,93,986.2,100,9.9,9.9,475.0,7.2,58.0,23.7
2026-01-04 11:00:00,2026,1,4,11,Cao Bằng,Xã Tam Kim,22.606427,106.0179879,69,Moderate,1,14.7,77,0.1,4.7,94,985.4,100,10.5,10.6,454.0,7.0,62.0,22.2
2026-01-04 12:00:00,2026,1,4,12,Cao Bằng,Xã Tam Kim,22.606427,106.0179879,69,Moderate,1,15.1,77,0.1,5.3,100,984.0,100,11.3,11.4,436.0,7.1,65.0,20.4
2026-01-04 13:00:00,2026,1,4,13,Cao Bằng,Xã Tam Kim,22.606427,106.0179879,68,Moderate,1,15.2,77,0.0,6.7,104,983.1,100,13.0,13.0,425.0,7.3,67.0,18.9
2026-01-04 14:00:00,2026,1,4,14,Cao Bằng,Xã Tam Kim,22.606427,106.0179879,68,Moderate,1,15.4,78,0.1,5.3,102,982.2,100,12.3,12.3,421.0,7.5,69.0,18.1
2026-01-04 15:00:00,2026,1,4,15,Cao Bằng,Xã Tam Kim,22.606427,106.0179879,67,Moderate,1,15.5,77,0.0,4.6,77,981.8,100,13.3,13.4,423.0,7.9,70.0,17.7
2026-01-04 16:00:00,2026,1,4,16,Cao Bằng,Xã Tam Kim,22.606427,106.0179879,67,Moderate,1,15.2,79,0.0,3.1,7,981.6,100,15.4,15.5,441.0,9.1,68.0,17.1
2026-01-04 17:00:00,2026,1,4,17,Cao Bằng,Xã Tam Kim,22.606427,106.0179879,66,Moderate,1,14.8,85,0.0,3.4,295,981.4,100,18.5,18.6,490.0,12.2,61.0,16.1
2026-01-04 18:00:00,2026,1,4,18,Cao Bằng,Xã Tam Kim,22.606427,106.0179879,66,Moderate,1,14.4,89,0.0,1.3,262,981.8,100,21.8,22.0,555.0,16.1,52.0,15.0
2026-01-04 19:00:00,2026,1,4,19,Cao Bằng,Xã Tam Kim,22.606427,106.0179879,65,Moderate,1,14.3,88,0.0,3.1,159,982.6,98,28.8,29.1,590.0,17.2,46.0,14.2
2026-01-04 20:00:00,2026,1,4,20,Cao Bằng,Xã Tam Kim,22.606427,106.0179879,66,Moderate,1,14.1,89,0.0,4.3,158,983.3,100,29.8,30.0,570.0,17.0,44.0,13.7
2026-01-04 21:00:00,2026,1,4,21,Cao Bằng,Xã Tam Kim,22.606427,106.0179879,66,Moderate,1,13.9,91,0.0,3.3,193,984.0,100,31.1,31.3,521.0,16.6,41.0,12.9
2026-01-04 22:00:00,2026,1,4,22,Cao Bằng,Xã Tam Kim,22.606427,106.0179879,66,Moderate,1,13.9,91,0.1,2.2,204,984.3,100,30.5,30.7,478.0,15.9,38.0,12.3
2026-01-04 23:00:00,2026,1,4,23,Cao Bằng,Xã Tam Kim,22.606427,106.0179879,67,Moderate,1,13.9,92,0.3,2.3,238,984.6,100,30.9,31.1,447.0,14.7,37.0,11.9
2026-01-05 00:00:00,2026,1,5,0,Cao Bằng,Xã Tam Kim,22.606427,106.0179879,67,Moderate,1,13.9,93,0.7,2.4,253,984.8,100,30.7,31.0,422.0,13.2,37.0,11.6
2026-01-05 01:00:00,2026,1,5,1,Cao Bằng,Xã Tam Kim,22.606427,106.0179879,67,Moderate,1,14.2,91,0.7,0.8,243,984.8,100,30.5,30.7,421.0,11.8,36.0,11.3
2026-01-05 02:00:00,2026,1,5,2,Cao Bằng,Xã Tam Kim,22.606427,106.0179879,68,Moderate,1,13.9,95,0.8,2.3,122,984.5,100,29.1,29.3,466.0,10.8,35.0,11.1
2026-01-05 03:00:00,2026,1,5,3,Cao Bằng,Xã Tam Kim,22.606427,106.0179879,68,Moderate,1,13.5,97,0.8,3.8,85,984.7,100,27.2,27.4,536.0,9.9,34.0,11.0
2026-01-05 04:00:00,2026,1,5,4,Cao Bằng,Xã Tam Kim,22.606427,106.0179879,68,Moderate,1,12.7,96,0.4,4.0,36,984.8,100,24.4,24.5,584.0,9.3,33.0,10.8
2026-01-05 05:00:00,2026,1,5,5,Cao Bằng,Xã Tam Kim,22.606427,106.0179879,68,Moderate,1,11.9,95,0.3,5.2,348,985.3,100,20.2,20.3,587.0,9.2,31.0,10.5
2026-01-05 06:00:00,2026,1,5,6,Cao Bằng,Xã Tam Kim,22.606427,106.0179879,68,Moderate,1,11.4,95,0.6,6.8,338,986.1,100,17.2,17.2,568.0,9.5,28.0,10.1
2026-01-05 07:00:00,2026,1,5,7,Cao Bằng,Xã Tam Kim,22.606427,106.0179879,68,Moderate,1,11.8,94,0.2,4.4,348,987.0,100,5.6,5.6,549.0,7.5,33.0,11.0
2026-01-05 08:00:00,2026,1,5,8,Cao Bằng,Xã Tam Kim,22.606427,106.0179879,67,Moderate,1,12.0,86,0.0,5.6,358,987.8,100,5.6,5.6,537.0,7.1,33.0,11.2
2026-01-05 09:00:00,2026,1,5,9,Cao Bằng,Xã Tam Kim,22.606427,106.0179879,67,Moderate,1,12.2,80,0.0,4.1,337,988.7,100,5.6,5.6,526.0,6.6,32.0,11.6
2026-01-05 10:00:00,2026,1,5,10,Cao Bằng,Xã Tam Kim,22.606427,106.0179879,66,Moderate,1,13.0,71,0.0,5.8,351,988.9,99,5.4,5.4,516.0,6.1,33.0,12.0
2026-01-05 11:00:00,2026,1,5,11,Cao Bằng,Xã Tam Kim,22.606427,106.0179879,66,Moderate,1,13.8,63,0.0,6.1,355,988.5,100,5.1,5.1,508.0,5.7,36.0,12.5
2026-01-05 12:00:00,2026,1,5,12,Cao Bằng,Xã Tam Kim,22.606427,106.0179879,66,Moderate,1,14.3,60,0.0,7.4,354,987.3,95,4.6,4.6,500.0,5.4,40.0,13.1
2026-01-05 13:00:00,2026,1,5,13,Cao Bằng,Xã Tam Kim,22.606427,106.0179879,65,Moderate,1,13.7,63,0.0,6.9,351,986.4,100,4.1,4.1,496.0,5.1,45.0,13.4
2026-01-05 14:00:00,2026,1,5,14,Cao Bằng,Xã Tam Kim,22.606427,106.0179879,64,Moderate,1,14.3,60,0.0,6.0,331,985.5,100,4.2,4.2,492.0,4.5,51.0,13.3
2026-01-05 15:00:00,2026,1,5,15,Cao Bằng,Xã Tam Kim,22.606427,106.0179879,63,Moderate,1,14.6,60,0.0,4.3,315,985.3,96,5.3,5.3,490.0,4.1,57.0,13.1
2026-01-05 16:00:00,2026,1,5,16,Cao Bằng,Xã Tam Kim,22.606427,106.0179879,63,Moderate,1,14.8,59,0.0,2.8,320,984.8,91,6.0,6.0,499.0,5.0,58.0,12.7
2026-01-05 17:00:00,2026,1,5,17,Cao Bằng,Xã Tam Kim,22.606427,106.0179879,62,Moderate,1,14.6,66,0.0,1.7,13,984.8,95,6.9,6.9,530.0,8.6,52.0,12.3
2026-01-05 18:00:00,2026,1,5,18,Cao Bằng,Xã Tam Kim,22.606427,106.0179879,61,Moderate,1,13.6,62,0.0,4.3,92,985.2,93,9.1,9.1,572.0,13.6,41.0,11.8
2026-01-05 19:00:00,2026,1,5,19,Cao Bằng,Xã Tam Kim,22.606427,106.0179879,60,Moderate,1,12.8,68,0.0,6.0,134,986.4,91,9.6,9.6,593.0,5.9,44.0,12.4
2026-01-05 20:00:00,2026,1,5,20,Cao Bằng,Xã Tam Kim,22.606427,106.0179879,58,Moderate,1,12.6,70,0.0,6.2,158,987.3,88,10.8,10.8,576.0,6.1,44.0,12.3
2026-01-05 21:00:00,2026,1,5,21,Cao Bằng,Xã Tam Kim,22.606427,106.0179879,56,Moderate,1,12.2,72,0.0,6.7,171,988.0,99,11.7,11.8,539.0,6.5,44.0,12.1
2026-01-05 22:00:00,2026,1,5,22,Cao Bằng,Xã Tam Kim,22.606427,106.0179879,55,Moderate,1,11.9,73,0.0,6.5,183,988.3,100,13.0,13.0,507.0,6.6,44.0,11.8
2026-01-05 23:00:00,2026,1,5,23,Cao Bằng,Xã Tam Kim,22.606427,106.0179879,53,Moderate,1,11.7,74,0.0,5.5,191,988.2,100,14.4,14.4,486.0,6.4,45.0,11.5
2026-01-06 00:00:00,2026,1,6,0,Cao Bằng,Xã Tam Kim,22.606427,106.0179879,52,Moderate,1,11.6,75,0.0,4.6,211,988.3,100,15.5,15.5,470.0,6.0,46.0,11.1
2026-01-06 01:00:00,2026,1,6,1,Cao Bằng,Xã Tam Kim,22.606427,106.0179879,50,Good,0,11.5,82,0.0,0.4,243,988.5,98,16.6,16.6,469.0,5.6,47.0,10.6
2026-01-06 02:00:00,2026,1,6,2,Cao Bằng,Xã Tam Kim,22.606427,106.0179879,48,Good,0,11.5,81,0.0,0.4,270,988.3,100,17.5,17.5,495.0,5.2,48.0,10.1
2026-01-06 03:00:00,2026,1,6,3,Cao Bằng,Xã Tam Kim,22.606427,106.0179879,46,Good,0,11.4,81,0.0,1.8,323,988.3,100,18.2,18.2,536.0,4.7,49.0,9.5
2026-01-06 04:00:00,2026,1,6,4,Cao Bằng,Xã Tam Kim,22.606427,106.0179879,45,Good,0,11.4,75,0.0,4.7,360,988.5,100,18.9,19.0,562.0,4.4,50.0,9.0
2026-01-06 05:00:00,2026,1,6,5,Cao Bằng,Xã Tam Kim,22.606427,106.0179879,44,Good,0,11.3,77,0.2,4.7,360,989.2,100,19.7,19.8,561.0,4.5,50.0,8.6
2026-01-06 06:00:00,2026,1,6,6,Cao Bằng,Xã Tam Kim,22.606427,106.0179879,44,Good,0,10.6,90,0.5,6.4,338,989.9,100,20.9,20.9,545.0,4.7,49.0,8.2
2026-01-06 07:00:00,2026,1,6,7,Cao Bằng,Xã Tam Kim,22.606427,106.0179879,44,Good,0,10.6,93,0.3,8.5,335,990.7,100,13.1,13.2,524.0,4.7,51.0,7.9
2026-01-06 08:00:00,2026,1,6,8,Cao Bằng,Xã Tam Kim,22.606427,106.0179879,45,Good,0,10.1,94,0.9,6.9,327,991.7,100,14.1,14.2,497.0,4.6,52.0,7.9
2026-01-06 09:00:00,2026,1,6,9,Cao Bằng,Xã Tam Kim,22.606427,106.0179879,47,Good,0,10.5,91,0.3,7.2,332,993.0,98,13.4,13.4,464.0,4.4,54.0,7.9
2026-01-06 10:00:00,2026,1,6,10,Cao Bằng,Xã Tam Kim,22.606427,106.0179879,48,Good,0,11.3,75,0.0,6.7,341,992.9,100,11.4,11.4,437.0,4.0,57.0,8.0
2026-01-06 11:00:00,2026,1,6,11,Cao Bằng,Xã Tam Kim,22.606427,106.0179879,49,Good,0,13.1,57,0.0,10.4,360,992.3,100,8.5,8.5,418.0,3.3,63.0,8.1
2026-01-06 12:00:00,2026,1,6,12,Cao Bằng,Xã Tam Kim,22.606427,106.0179879,50,Good,0,13.9,47,0.0,12.2,1,990.7,95,6.8,6.8,405.0,2.5,70.0,8.2
2026-01-06 13:00:00,2026,1,6,13,Cao Bằng,Xã Tam Kim,22.606427,106.0179879,50,Good,0,14.2,43,0.0,11.5,359,989.7,94,6.5,6.6,396.0,1.9,76.0,8.3
2026-01-06 14:00:00,2026,1,6,14,Cao Bằng,Xã Tam Kim,22.606427,106.0179879,50,Good,0,14.6,43,0.0,10.3,2,988.7,94,6.9,6.9,393.0,1.6,79.0,8.4
2026-01-06 15:00:00,2026,1,6,15,Cao Bằng,Xã Tam Kim,22.606427,106.0179879,51,Moderate,1,14.7,42,0.0,10.4,359,988.4,71,7.4,7.4,395.0,1.6,81.0,8.5
2026-01-06 16:00:00,2026,1,6,16,Cao Bằng,Xã Tam Kim,22.606427,106.0179879,51,Moderate,1,14.4,45,0.0,10.6,350,988.4,80,7.9,8.0,401.0,2.2,80.0,8.7
2026-01-06 17:00:00,2026,1,6,17,Cao Bằng,Xã Tam Kim,22.606427,106.0179879,51,Moderate,1,13.2,56,0.0,9.5,331,988.5,76,9.0,9.0,413.0,4.0,75.0,9.0
2026-01-06 18:00:00,2026,1,6,18,Cao Bằng,Xã Tam Kim,22.606427,106.0179879,51,Moderate,1,12.1,57,0.0,8.1,315,988.6,71,10.4,10.4,429.0,6.4,67.0,9.3
2026-01-06 19:00:00,2026,1,6,19,Cao Bằng,Xã Tam Kim,22.606427,106.0179879,51,Moderate,1,11.3,65,0.0,8.0,316,990.0,65,14.9,15.0,440.0,5.3,64.0,9.9
2026-01-06 20:00:00,2026,1,6,20,Cao Bằng,Xã Tam Kim,22.606427,106.0179879,52,Moderate,1,10.8,67,0.0,5.8,326,990.4,54,16.8,17.0,441.0,5.8,61.0,10.1
2026-01-06 21:00:00,2026,1,6,21,Cao Bằng,Xã Tam Kim,22.606427,106.0179879,52,Moderate,1,10.3,70,0.0,4.9,336,990.7,51,18.3,18.5,436.0,6.4,58.0,10.4
2026-01-06 22:00:00,2026,1,6,22,Cao Bằng,Xã Tam Kim,22.606427,106.0179879,53,Moderate,1,9.3,76,0.0,3.5,345,990.3,31,19.3,19.4,431.0,6.9,54.0,10.4
2026-01-06 23:00:00,2026,1,6,23,Cao Bằng,Xã Tam Kim,22.606427,106.0179879,53,Moderate,1,8.1,81,0.0,5.1,324,989.8,48,20.1,20.2,427.0,7.2,51.0,10.0
2026-01-07 00:00:00,2026,1,7,0,Cao Bằng,Xã Tam Kim,22.606427,106.0179879,54,Moderate,1,7.4,82,0.0,7.5,320,989.5,52,20.5,20.6,422.0,7.3,47.0,9.4
2026-01-07 01:00:00,2026,1,7,1,Cao Bằng,Xã Tam Kim,22.606427,106.0179879,54,Moderate,1,7.5,84,0.0,5.4,320,990.0,90,20.5,20.6,418.0,7.2,45.0,9.0
2026-01-07 02:00:00,2026,1,7,2,Cao Bằng,Xã Tam Kim,22.606427,106.0179879,55,Moderate,1,7.4,84,0.0,5.7,323,989.7,92,20.5,20.6,411.0,6.5,45.0,8.9
2026-01-07 03:00:00,2026,1,7,3,Cao Bằng,Xã Tam Kim,22.606427,106.0179879,55,Moderate,1,7.5,83,0.0,6.0,314,989.9,53,20.6,20.7,405.0,5.5,47.0,9.0
2026-01-07 04:00:00,2026,1,7,4,Cao Bằng,Xã Tam Kim,22.606427,106.0179879,55,Moderate,1,7.2,83,0.0,5.1,302,989.4,19,20.8,21.0,412.0,5.3,47.0,9.0
2026-01-07 05:00:00,2026,1,7,5,Cao Bằng,Xã Tam Kim,22.606427,106.0179879,55,Moderate,1,6.9,84,0.0,3.0,295,989.3,7,21.4,21.7,448.0,6.9,41.0,8.8
2026-01-07 06:00:00,2026,1,7,6,Cao Bằng,Xã Tam Kim,22.606427,106.0179879,55,Moderate,1,6.8,84,0.0,2.6,304,989.6,9,22.5,22.8,496.0,9.2,32.0,8.5
2026-01-07 07:00:00,2026,1,7,7,Cao Bằng,Xã Tam Kim,22.606427,106.0179879,56,Moderate,1,6.9,86,0.0,2.6,321,990.2,12,15.5,15.5,521.0,11.0,26.0,8.1
2026-01-07 08:00:00,2026,1,7,8,Cao Bằng,Xã Tam Kim,22.606427,106.0179879,56,Moderate,1,10.2,71,0.0,2.9,330,991.5,5,15.1,15.3,499.0,8.3,44.0,9.1
2026-01-07 09:00:00,2026,1,7,9,Cao Bằng,Xã Tam Kim,22.606427,106.0179879,56,Moderate,1,13.0,50,0.0,3.6,333,992.1,0,15.8,16.3,455.0,4.5,69.0,10.4
2026-01-07 10:00:00,2026,1,7,10,Cao Bằng,Xã Tam Kim,22.606427,106.0179879,56,Moderate,1,14.5,48,0.0,2.4,36,991.6,0,17.2,17.8,421.0,1.7,88.0,11.2
2026-01-07 11:00:00,2026,1,7,11,Cao Bằng,Xã Tam Kim,22.606427,106.0179879,57,Moderate,1,16.1,41,0.0,2.4,103,990.5,0,18.0,18.6,414.0,0.8,97.0,11.0
2026-01-07 12:00:00,2026,1,7,12,Cao Bằng,Xã Tam Kim,22.606427,106.0179879,58,Moderate,1,17.0,42,0.0,1.9,139,989.1,0,18.6,19.2,419.0,0.9,101.0,10.2
2026-01-07 13:00:00,2026,1,7,13,Cao Bằng,Xã Tam Kim,22.606427,106.0179879,59,Moderate,1,18.0,37,0.0,1.2,243,988.2,1,18.6,19.1,423.0,1.1,103.0,9.4
2026-01-07 14:00:00,2026,1,7,14,Cao Bằng,Xã Tam Kim,22.606427,106.0179879,60,Moderate,1,17.9,39,0.0,1.7,193,987.0,7,18.9,19.3,420.0,0.5,106.0,8.6
2026-01-07 15:00:00,2026,1,7,15,Cao Bằng,Xã Tam Kim,22.606427,106.0179879,61,Moderate,1,17.5,40,0.0,2.4,153,986.2,7,19.1,19.6,415.0,0.0,106.0,7.8
2026-01-07 16:00:00,2026,1,7,16,Cao Bằng,Xã Tam Kim,22.606427,106.0179879,62,Moderate,1,17.2,42,0.0,3.5,159,986.0,14,19.2,19.6,415.0,1.5,103.0,7.6
2026-01-07 17:00:00,2026,1,7,17,Cao Bằng,Xã Tam Kim,22.606427,106.0179879,63,Moderate,1,15.2,57,0.0,3.8,175,986.2,32,20.3,20.7,423.0,6.9,92.0,8.4
2026-01-07 18:00:00,2026,1,7,18,Cao Bằng,Xã Tam Kim,22.606427,106.0179879,64,Moderate,1,13.1,60,0.0,5.4,195,986.7,22,24.9,25.3,436.0,14.3,77.0,9.8
2026-01-07 19:00:00,2026,1,7,19,Cao Bằng,Xã Tam Kim,22.606427,106.0179879,65,Moderate,1,12.0,63,0.0,3.1,201,987.2,2,32.1,32.7,449.0,21.7,55.0,11.8
2026-01-07 20:00:00,2026,1,7,20,Cao Bằng,Xã Tam Kim,22.606427,106.0179879,67,Moderate,1,12.0,65,0.0,2.3,180,988.5,6,35.5,36.1,463.0,22.7,48.0,11.7
2026-01-07 21:00:00,2026,1,7,21,Cao Bằng,Xã Tam Kim,22.606427,106.0179879,68,Moderate,1,11.1,68,0.0,1.5,210,989.3,6,36.9,37.4,477.0,23.9,38.0,11.5
2026-01-07 22:00:00,2026,1,7,22,Cao Bằng,Xã Tam Kim,22.606427,106.0179879,70,Moderate,1,10.6,68,0.0,2.0,225,989.5,5,38.0,38.4,484.0,24.1,30.0,11.0
2026-01-07 23:00:00,2026,1,7,23,Cao Bằng,Xã Tam Kim,22.606427,106.0179879,72,Moderate,1,10.0,69,0.0,1.0,202,989.7,6,38.4,38.9,481.0,22.7,27.0,9.8
2026-01-08 00:00:00,2026,1,8,0,Cao Bằng,Xã Tam Kim,22.606427,106.0179879,73,Moderate,1,9.1,70,0.0,1.6,276,989.7,12,38.0,38.4,471.0,20.3,26.0,8.2
2026-01-08 01:00:00,2026,1,8,1,Cao Bằng,Xã Tam Kim,22.606427,106.0179879,75,Moderate,1,8.2,75,0.0,2.5,291,990.1,15,36.9,37.4,458.0,17.6,26.0,7.0
2026-01-08 02:00:00,2026,1,8,2,Cao Bằng,Xã Tam Kim,22.606427,106.0179879,76,Moderate,1,7.7,79,0.0,4.1,304,989.8,28,35.7,36.1,438.0,14.5,28.0,6.4
2026-01-08 03:00:00,2026,1,8,3,Cao Bằng,Xã Tam Kim,22.606427,106.0179879,77,Moderate,1,7.4,82,0.0,5.3,308,989.9,30,35.0,35.5,414.0,11.1,31.0,6.1
2026-01-08 04:00:00,2026,1,8,4,Cao Bằng,Xã Tam Kim,22.606427,106.0179879,79,Moderate,1,7.0,84,0.0,6.8,299,989.7,34,34.9,35.4,403.0,8.7,34.0,6.1
2026-01-08 05:00:00,2026,1,8,5,Cao Bằng,Xã Tam Kim,22.606427,106.0179879,80,Moderate,1,7.2,81,0.0,6.3,301,989.9,51,35.3,35.7,418.0,8.3,32.0,6.2
2026-01-08 06:00:00,2026,1,8,6,Cao Bằng,Xã Tam Kim,22.606427,106.0179879,81,Moderate,1,7.1,80,0.0,5.8,306,990.3,52,36.0,36.4,445.0,8.9,30.0,6.5
2026-01-08 07:00:00,2026,1,8,7,Cao Bằng,Xã Tam Kim,22.606427,106.0179879,82,Moderate,1,7.5,80,0.0,6.3,307,991.0,13,33.5,34.0,460.0,9.7,38.0,7.6
2026-01-08 08:00:00,2026,1,8,8,Cao Bằng,Xã Tam Kim,22.606427,106.0179879,84,Moderate,1,10.4,70,0.0,6.0,319,992.2,7,34.3,34.7,448.0,7.3,55.0,9.0
2026-01-08 09:00:00,2026,1,8,9,Cao Bằng,Xã Tam Kim,22.606427,106.0179879,86,Moderate,1,13.6,59,0.0,4.8,304,993.0,5,34.9,35.7,423.0,4.0,78.0,10.9
2026-01-08 10:00:00,2026,1,8,10,Cao Bằng,Xã Tam Kim,22.606427,106.0179879,87,Moderate,1,15.9,47,0.0,5.2,335,992.4,5,30.3,31.0,403.0,1.6,96.0,12.2
2026-01-08 11:00:00,2026,1,8,11,Cao Bằng,Xã Tam Kim,22.606427,106.0179879,89,Moderate,1,17.3,46,0.0,4.0,3,990.8,3,29.1,29.7,395.0,0.8,105.0,12.3
2026-01-08 12:00:00,2026,1,8,12,Cao Bằng,Xã Tam Kim,22.606427,106.0179879,90,Moderate,1,18.8,38,0.0,1.1,72,989.2,34,29.9,30.5,392.0,0.9,108.0,11.9
2026-01-08 13:00:00,2026,1,8,13,Cao Bằng,Xã Tam Kim,22.606427,106.0179879,91,Moderate,1,19.9,35,0.0,0.4,333,988.1,99,30.9,31.4,388.0,1.1,111.0,11.5
2026-01-08 14:00:00,2026,1,8,14,Cao Bằng,Xã Tam Kim,22.606427,106.0179879,92,Moderate,1,19.7,37,0.0,1.2,231,986.7,74,31.7,32.4,376.0,0.5,115.0,11.2
2026-01-08 15:00:00,2026,1,8,15,Cao Bằng,Xã Tam Kim,22.606427,106.0179879,93,Moderate,1,19.4,38,0.0,3.6,213,986.0,56,32.5,33.1,363.0,0.0,118.0,11.0
2026-01-08 16:00:00,2026,1,8,16,Cao Bằng,Xã Tam Kim,22.606427,106.0179879,94,Moderate,1,18.6,41,0.0,3.7,203,985.7,49,33.1,33.8,359.0,1.6,115.0,11.2
2026-01-08 17:00:00,2026,1,8,17,Cao Bằng,Xã Tam Kim,22.606427,106.0179879,95,Moderate,1,16.4,57,0.0,2.8,207,985.4,41,35.7,36.3,371.0,7.6,103.0,12.2
2026-01-08 18:00:00,2026,1,8,18,Cao Bằng,Xã Tam Kim,22.606427,106.0179879,97,Moderate,1,14.1,60,0.0,3.1,211,985.3,34,41.0,41.6,393.0,15.8,86.0,13.6
2026-01-08 19:00:00,2026,1,8,19,Cao Bằng,Xã Tam Kim,22.606427,106.0179879,98,Moderate,1,13.9,61,0.0,5.6,182,986.2,41,44.1,44.7,415.0,21.8,66.0,14.2
2026-01-08 20:00:00,2026,1,8,20,Cao Bằng,Xã Tam Kim,22.606427,106.0179879,99,Moderate,1,13.1,65,0.0,3.3,167,986.8,46,44.6,45.2,438.0,22.0,63.0,14.5
2026-01-08 21:00:00,2026,1,8,21,Cao Bằng,Xã Tam Kim,22.606427,106.0179879,100,Moderate,1,11.6,71,0.0,2.4,197,987.1,30,44.7,45.3,460.0,22.2,59.0,15.0
2026-01-08 22:00:00,2026,1,8,22,Cao Bằng,Xã Tam Kim,22.606427,106.0179879,101,Unhealthy for Sensitive Groups,2,10.8,73,0.0,1.5,234,987.1,22,46.1,46.6,471.0,22.1,56.0,15.2
2026-01-08 23:00:00,2026,1,8,23,Cao Bằng,Xã Tam Kim,22.606427,106.0179879,102,Unhealthy for Sensitive Groups,2,10.0,76,0.0,2.4,207,986.6,26,47.0,47.6,463.0,21.6,53.0,14.9
2026-01-09 00:00:00,2026,1,9,0,Cao Bằng,Xã Tam Kim,22.606427,106.0179879,102,Unhealthy for Sensitive Groups,2,9.3,77,0.0,1.0,239,986.7,2,46.9,47.4,443.0,20.9,51.0,14.4
2026-01-09 01:00:00,2026,1,9,1,Cao Bằng,Xã Tam Kim,22.606427,106.0179879,103,Unhealthy for Sensitive Groups,2,9.1,76,0.0,0.6,236,987.1,1,46.6,47.0,423.0,19.9,50.0,13.9
2026-01-09 02:00:00,2026,1,9,2,Cao Bằng,Xã Tam Kim,22.606427,106.0179879,104,Unhealthy for Sensitive Groups,2,8.7,76,0.0,1.6,243,986.7,0,46.4,46.9,397.0,18.4,50.0,13.5
2026-01-09 03:00:00,2026,1,9,3,Cao Bằng,Xã Tam Kim,22.606427,106.0179879,105,Unhealthy for Sensitive Groups,2,8.5,74,0.0,1.9,241,986.4,0,46.6,47.0,371.0,16.6,50.0,13.1
2026-01-09 04:00:00,2026,1,9,4,Cao Bằng,Xã Tam Kim,22.606427,106.0179879,107,Unhealthy for Sensitive Groups,2,8.4,73,0.0,1.6,243,985.9,0,46.4,46.9,367.0,15.6,51.0,13.1
2026-01-09 05:00:00,2026,1,9,5,Cao Bằng,Xã Tam Kim,22.606427,106.0179879,108,Unhealthy for Sensitive Groups,2,8.3,72,0.0,1.5,234,985.9,0,46.0,46.4,411.0,16.5,49.0,13.7
2026-01-09 06:00:00,2026,1,9,6,Cao Bằng,Xã Tam Kim,22.606427,106.0179879,109,Unhealthy for Sensitive Groups,2,8.1,71,0.0,0.9,233,986.2,0,46.0,46.4,477.0,18.1,48.0,14.7
2026-01-09 07:00:00,2026,1,9,7,Cao Bằng,Xã Tam Kim,22.606427,106.0179879,110,Unhealthy for Sensitive Groups,2,7.7,77,0.0,1.8,204,987.4,0,50.9,51.3,513.0,18.4,54.0,15.4
2026-01-09 08:00:00,2026,1,9,8,Cao Bằng,Xã Tam Kim,22.606427,106.0179879,112,Unhealthy for Sensitive Groups,2,10.6,67,0.0,1.5,30,988.6,0,52.7,53.2,489.0,13.6,72.0,14.7
2026-01-09 09:00:00,2026,1,9,9,Cao Bằng,Xã Tam Kim,22.606427,106.0179879,114,Unhealthy for Sensitive Groups,2,13.0,59,0.0,2.0,27,989.2,66,32.5,33.1,434.0,6.9,96.0,13.6
2026-01-09 10:00:00,2026,1,9,10,Cao Bằng,Xã Tam Kim,22.606427,106.0179879,114,Unhealthy for Sensitive Groups,2,15.3,49,0.0,2.7,82,988.6,69,29.8,30.4,388.0,2.0,115.0,12.5
2026-01-09 11:00:00,2026,1,9,11,Cao Bằng,Xã Tam Kim,22.606427,106.0179879,113,Unhealthy for Sensitive Groups,2,17.1,41,0.0,5.4,111,987.6,78,30.3,30.9,364.0,0.5,122.0,11.4
2026-01-09 12:00:00,2026,1,9,12,Cao Bằng,Xã Tam Kim,22.606427,106.0179879,114,Unhealthy for Sensitive Groups,2,18.4,38,0.0,6.8,117,986.3,79,30.4,31.0,348.0,0.7,123.0,10.2
2026-01-09 13:00:00,2026,1,9,13,Cao Bằng,Xã Tam Kim,22.606427,106.0179879,114,Unhealthy for Sensitive Groups,2,19.3,37,0.0,7.7,120,985.1,54,30.0,30.5,339.0,1.1,123.0,9.2
2026-01-09 14:00:00,2026,1,9,14,Cao Bằng,Xã Tam Kim,22.606427,106.0179879,114,Unhealthy for Sensitive Groups,2,19.7,37,0.0,8.0,110,984.0,83,29.7,30.2,330.0,0.6,125.0,8.4
2026-01-09 15:00:00,2026,1,9,15,Cao Bằng,Xã Tam Kim,22.606427,106.0179879,113,Unhealthy for Sensitive Groups,2,19.7,38,0.0,9.1,99,983.1,76,29.0,29.5,328.0,0.2,125.0,7.8
2026-01-09 16:00:00,2026,1,9,16,Cao Bằng,Xã Tam Kim,22.606427,106.0179879,113,Unhealthy for Sensitive Groups,2,19.1,39,0.0,8.8,95,982.7,50,27.9,28.3,356.0,1.5,121.0,7.6
2026-01-09 17:00:00,2026,1,9,17,Cao Bằng,Xã Tam Kim,22.606427,106.0179879,112,Unhealthy for Sensitive Groups,2,16.7,49,0.0,7.4,94,982.7,56,29.2,29.6,450.0,6.0,109.0,8.1
2026-01-09 18:00:00,2026,1,9,18,Cao Bằng,Xã Tam Kim,22.606427,106.0179879,112,Unhealthy for Sensitive Groups,2,14.1,57,0.0,4.9,156,982.8,35,32.0,32.4,574.0,12.1,93.0,8.9
2026-01-09 19:00:00,2026,1,9,19,Cao Bằng,Xã Tam Kim,22.606427,106.0179879,111,Unhealthy for Sensitive Groups,2,14.0,62,0.0,2.6,196,983.4,3,31.5,31.8,639.0,18.4,70.0,11.2
2026-01-09 20:00:00,2026,1,9,20,Cao Bằng,Xã Tam Kim,22.606427,106.0179879,110,Unhealthy for Sensitive Groups,2,12.9,68,0.0,2.2,228,983.6,5,34.8,35.0,588.0,19.4,67.0,11.9
2026-01-09 21:00:00,2026,1,9,21,Cao Bằng,Xã Tam Kim,22.606427,106.0179879,108,Unhealthy for Sensitive Groups,2,11.7,74,0.0,0.9,191,983.9,62,37.1,37.4,477.0,20.9,63.0,12.9
2026-01-09 22:00:00,2026,1,9,22,Cao Bằng,Xã Tam Kim,22.606427,106.0179879,108,Unhealthy for Sensitive Groups,2,10.9,79,0.0,0.2,270,984.0,87,39.2,39.5,393.0,21.7,60.0,13.7
2026-01-09 23:00:00,2026,1,9,23,Cao Bằng,Xã Tam Kim,22.606427,106.0179879,107,Unhealthy for Sensitive Groups,2,9.9,82,0.0,0.5,270,983.8,86,41.3,41.7,372.0,21.5,60.0,14.0
2026-01-10 00:00:00,2026,1,10,0,Cao Bằng,Xã Tam Kim,22.606427,106.0179879,106,Unhealthy for Sensitive Groups,2,9.4,84,0.0,0.2,270,983.5,98,42.8,43.2,377.0,20.8,61.0,14.1
2026-01-10 01:00:00,2026,1,10,1,Cao Bằng,Xã Tam Kim,22.606427,106.0179879,106,Unhealthy for Sensitive Groups,2,9.2,84,0.0,0.2,270,983.3,78,44.2,44.6,381.0,19.8,63.0,14.3
2026-01-10 02:00:00,2026,1,10,2,Cao Bằng,Xã Tam Kim,22.606427,106.0179879,106,Unhealthy for Sensitive Groups,2,9.2,84,0.0,0.6,288,983.0,63,45.8,46.1,370.0,18.3,66.0,14.7
2026-01-10 03:00:00,2026,1,10,3,Cao Bằng,Xã Tam Kim,22.606427,106.0179879,106,Unhealthy for Sensitive Groups,2,8.8,83,0.0,0.8,297,982.5,88,47.5,47.8,358.0,16.5,69.0,15.2
2026-01-10 04:00:00,2026,1,10,4,Cao Bằng,Xã Tam Kim,22.606427,106.0179879,106,Unhealthy for Sensitive Groups,2,8.6,82,0.0,0.4,243,982.2,18,49.4,49.7,364.0,15.6,71.0,16.0
2026-01-10 05:00:00,2026,1,10,5,Cao Bằng,Xã Tam Kim,22.606427,106.0179879,106,Unhealthy for Sensitive Groups,2,8.4,83,0.0,0.2,180,982.1,27,51.2,51.7,409.0,16.9,69.0,17.0
2026-01-10 06:00:00,2026,1,10,6,Cao Bằng,Xã Tam Kim,22.606427,106.0179879,107,Unhealthy for Sensitive Groups,2,8.1,83,0.0,0.4,180,982.5,17,53.4,53.8,471.0,19.1,66.0,18.3
2026-01-10 07:00:00,2026,1,10,7,Cao Bằng,Xã Tam Kim,22.606427,106.0179879,107,Unhealthy for Sensitive Groups,2,8.1,88,0.0,0.5,225,983.6,0,46.2,46.4,504.0,18.6,70.0,21.1
2026-01-10 08:00:00,2026,1,10,8,Cao Bằng,Xã Tam Kim,22.606427,106.0179879,107,Unhealthy for Sensitive Groups,2,10.2,81,0.0,0.6,34,984.5,0,49.8,50.1,480.0,14.0,89.0,24.9
2026-01-10 09:00:00,2026,1,10,9,Cao Bằng,Xã Tam Kim,22.606427,106.0179879,107,Unhealthy for Sensitive Groups,2,12.6,64,0.0,2.7,37,985.5,0,44.2,44.6,428.0,7.7,114.0,30.0
2026-01-10 10:00:00,2026,1,10,10,Cao Bằng,Xã Tam Kim,22.606427,106.0179879,108,Unhealthy for Sensitive Groups,2,15.1,54,0.0,4.3,68,985.5,61,36.7,37.1,385.0,3.0,133.0,32.3
2026-01-10 11:00:00,2026,1,10,11,Cao Bằng,Xã Tam Kim,22.606427,106.0179879,109,Unhealthy for Sensitive Groups,2,17.1,51,0.0,5.3,78,984.8,52,33.8,34.1,367.0,1.3,139.0,29.4
2026-01-10 12:00:00,2026,1,10,12,Cao Bằng,Xã Tam Kim,22.606427,106.0179879,109,Unhealthy for Sensitive Groups,2,18.9,51,0.0,5.3,82,983.6,80,30.4,30.7,358.0,1.2,138.0,23.7
2026-01-10 13:00:00,2026,1,10,13,Cao Bằng,Xã Tam Kim,22.606427,106.0179879,109,Unhealthy for Sensitive Groups,2,20.7,43,0.0,7.3,80,982.9,91,29.2,29.5,353.0,1.4,136.0,19.1
2026-01-10 14:00:00,2026,1,10,14,Cao Bằng,Xã Tam Kim,22.606427,106.0179879,109,Unhealthy for Sensitive Groups,2,21.4,41,0.0,6.9,95,982.0,61,30.2,30.4,347.0,0.7,136.0,16.8
2026-01-10 15:00:00,2026,1,10,15,Cao Bằng,Xã Tam Kim,22.606427,106.0179879,109,Unhealthy for Sensitive Groups,2,21.2,41,0.0,7.3,99,981.9,98,31.0,31.3,344.0,0.3,135.0,15.4
2026-01-10 16:00:00,2026,1,10,16,Cao Bằng,Xã Tam Kim,22.606427,106.0179879,109,Unhealthy for Sensitive Groups,2,20.6,43,0.0,6.3,95,982.4,95,32.4,32.6,351.0,2.2,129.0,14.9
2026-01-10 17:00:00,2026,1,10,17,Cao Bằng,Xã Tam Kim,22.606427,106.0179879,110,Unhealthy for Sensitive Groups,2,18.4,57,0.0,4.6,132,982.6,60,36.1,36.4,376.0,8.8,114.0,15.6
2026-01-10 18:00:00,2026,1,10,18,Cao Bằng,Xã Tam Kim,22.606427,106.0179879,110,Unhealthy for Sensitive Groups,2,15.7,62,0.0,4.3,165,982.9,73,43.7,43.9,411.0,17.7,94.0,17.2
2026-01-10 19:00:00,2026,1,10,19,Cao Bằng,Xã Tam Kim,22.606427,106.0179879,111,Unhealthy for Sensitive Groups,2,14.3,71,0.0,4.2,250,984.0,98,38.2,38.4,435.0,21.7,74.0,16.0
2026-01-10 20:00:00,2026,1,10,20,Cao Bằng,Xã Tam Kim,22.606427,106.0179879,112,Unhealthy for Sensitive Groups,2,14.9,71,0.0,0.4,243,985.1,100,41.0,41.2,437.0,22.6,67.0,16.1
2026-01-10 21:00:00,2026,1,10,21,Cao Bằng,Xã Tam Kim,22.606427,106.0179879,113,Unhealthy for Sensitive Groups,2,15.5,68,0.0,0.7,194,986.3,99,41.6,41.8,427.0,23.7,58.0,16.1
2026-01-10 22:00:00,2026,1,10,22,Cao Bằng,Xã Tam Kim,22.606427,106.0179879,113,Unhealthy for Sensitive Groups,2,14.4,71,0.0,1.9,139,986.7,100,41.1,41.3,418.0,23.7,52.0,16.0
2026-01-10 23:00:00,2026,1,10,23,Cao Bằng,Xã Tam Kim,22.606427,106.0179879,113,Unhealthy for Sensitive Groups,2,13.3,76,0.0,3.0,197,987.2,100,39.6,39.7,414.0,21.9,52.0,15.6
2026-01-11 00:00:00,2026,1,11,0,Cao Bằng,Xã Tam Kim,22.606427,106.0179879,113,Unhealthy for Sensitive Groups,2,13.3,74,0.0,2.7,228,987.3,100,37.8,38.0,410.0,19.1,55.0,15.0
2026-01-11 01:00:00,2026,1,11,1,Cao Bằng,Xã Tam Kim,22.606427,106.0179879,113,Unhealthy for Sensitive Groups,2,12.8,76,0.0,0.8,207,987.7,100,36.6,36.8,406.0,16.1,57.0,14.2
2026-01-11 02:00:00,2026,1,11,2,Cao Bằng,Xã Tam Kim,22.606427,106.0179879,112,Unhealthy for Sensitive Groups,2,12.9,75,0.0,2.5,270,987.6,100,34.9,35.0,398.0,12.8,58.0,13.1
2026-01-11 03:00:00,2026,1,11,3,Cao Bằng,Xã Tam Kim,22.606427,106.0179879,111,Unhealthy for Sensitive Groups,2,12.9,73,0.0,3.4,302,987.6,80,34.1,34.2,390.0,9.4,59.0,11.8
2026-01-11 04:00:00,2026,1,11,4,Cao Bằng,Xã Tam Kim,22.606427,106.0179879,109,Unhealthy for Sensitive Groups,2,12.2,78,0.0,2.4,333,987.3,68,34.9,35.0,391.0,7.4,58.0,10.7
2026-01-11 05:00:00,2026,1,11,5,Cao Bằng,Xã Tam Kim,22.606427,106.0179879,108,Unhealthy for Sensitive Groups,2,10.9,84,0.0,3.2,297,987.3,34,35.9,36.0,416.0,8.3,50.0,9.8
2026-01-11 06:00:00,2026,1,11,6,Cao Bằng,Xã Tam Kim,22.606427,106.0179879,106,Unhealthy for Sensitive Groups,2,9.5,87,0.0,4.8,301,987.4,5,37.1,37.3,450.0,10.7,39.0,9.0
2026-01-11 07:00:00,2026,1,11,7,Cao Bằng,Xã Tam Kim,22.606427,106.0179879,105,Unhealthy for Sensitive Groups,2,10.2,85,0.0,2.2,270,988.0,1,44.0,44.2,465.0,12.2,34.0,8.9
2026-01-11 08:00:00,2026,1,11,8,Cao Bằng,Xã Tam Kim,22.606427,106.0179879,104,Unhealthy for Sensitive Groups,2,12.7,77,0.0,2.8,285,988.8,6,44.2,44.4,440.0,9.2,53.0,9.5
2026-01-11 09:00:00,2026,1,11,9,Cao Bằng,Xã Tam Kim,22.606427,106.0179879,104,Unhealthy for Sensitive Groups,2,15.6,62,0.0,1.5,306,989.7,2,44.4,44.7,395.0,5.0,79.0,10.2
2026-01-11 10:00:00,2026,1,11,10,Cao Bằng,Xã Tam Kim,22.606427,106.0179879,104,Unhealthy for Sensitive Groups,2,17.7,48,0.0,0.2,270,989.4,0,43.7,44.1,362.0,1.9,100.0,10.6
2026-01-11 11:00:00,2026,1,11,11,Cao Bằng,Xã Tam Kim,22.606427,106.0179879,105,Unhealthy for Sensitive Groups,2,19.0,43,0.0,2.1,165,988.6,0,40.7,41.2,356.0,0.9,112.0,10.4
2026-01-11 12:00:00,2026,1,11,12,Cao Bằng,Xã Tam Kim,22.606427,106.0179879,105,Unhealthy for Sensitive Groups,2,19.9,41,0.0,3.7,166,987.0,1,38.4,38.8,363.0,1.0,118.0,9.8
2026-01-11 13:00:00,2026,1,11,13,Cao Bằng,Xã Tam Kim,22.606427,106.0179879,106,Unhealthy for Sensitive Groups,2,20.7,38,0.0,4.7,157,985.8,2,35.9,36.2,367.0,1.2,122.0,9.1
2026-01-11 14:00:00,2026,1,11,14,Cao Bằng,Xã Tam Kim,22.606427,106.0179879,107,Unhealthy for Sensitive Groups,2,20.9,38,0.0,6.5,141,984.5,2,31.8,32.0,360.0,0.8,124.0,8.0
2026-01-11 15:00:00,2026,1,11,15,Cao Bằng,Xã Tam Kim,22.606427,106.0179879,107,Unhealthy for Sensitive Groups,2,21.5,35,0.0,6.7,136,983.6,83,28.8,28.9,351.0,0.6,123.0,6.7
2026-01-11 16:00:00,2026,1,11,16,Cao Bằng,Xã Tam Kim,22.606427,106.0179879,107,Unhealthy for Sensitive Groups,2,20.7,40,0.0,10.2,148,983.1,66,28.8,29.0,355.0,1.6,118.0,6.0
2026-01-11 17:00:00,2026,1,11,17,Cao Bằng,Xã Tam Kim,22.606427,106.0179879,106,Unhealthy for Sensitive Groups,2,18.4,48,0.0,9.2,140,982.9,30,29.6,29.7,384.0,4.8,107.0,6.2
2026-01-11 18:00:00,2026,1,11,18,Cao Bằng,Xã Tam Kim,22.606427,106.0179879,106,Unhealthy for Sensitive Groups,2,14.6,63,0.0,4.9,184,982.5,20,32.2,32.4,427.0,9.3,91.0,6.9
2026-01-11 19:00:00,2026,1,11,19,Cao Bằng,Xã Tam Kim,22.606427,106.0179879,105,Unhealthy for Sensitive Groups,2,13.1,72,0.0,4.0,231,983.1,3,33.9,34.0,466.0,13.1,79.0,7.8
2026-01-11 20:00:00,2026,1,11,20,Cao Bằng,Xã Tam Kim,22.606427,106.0179879,104,Unhealthy for Sensitive Groups,2,12.0,79,0.0,3.3,216,983.1,0,36.3,36.4,497.0,15.5,72.0,8.8
2026-01-11 21:00:00,2026,1,11,21,Cao Bằng,Xã Tam Kim,22.606427,106.0179879,104,Unhealthy for Sensitive Groups,2,11.1,83,0.0,3.1,216,983.2,0,39.0,39.2,524.0,17.2,69.0,9.8
2026-01-11 22:00:00,2026,1,11,22,Cao Bằng,Xã Tam Kim,22.606427,106.0179879,103,Unhealthy for Sensitive Groups,2,10.5,85,0.0,1.9,253,983.2,0,41.9,42.0,542.0,18.2,66.0,10.6
2026-01-11 23:00:00,2026,1,11,23,Cao Bằng,Xã Tam Kim,22.606427,106.0179879,103,Unhealthy for Sensitive Groups,2,9.8,87,0.0,1.1,270,982.9,0,44.5,44.7,545.0,18.4,64.0,10.8
2026-01-12 00:00:00,2026,1,12,0,Cao Bằng,Xã Tam Kim,22.606427,106.0179879,104,Unhealthy for Sensitive Groups,2,9.3,87,0.0,0.5,270,982.8,1,46.2,46.4,539.0,17.8,63.0,10.8
2026-01-12 01:00:00,2026,1,12,1,Cao Bằng,Xã Tam Kim,22.606427,106.0179879,105,Unhealthy for Sensitive Groups,2,9.1,87,0.0,0.4,243,982.8,0,47.7,48.0,532.0,16.9,63.0,10.9
2026-01-12 02:00:00,2026,1,12,2,Cao Bằng,Xã Tam Kim,22.606427,106.0179879,106,Unhealthy for Sensitive Groups,2,8.8,88,0.0,1.3,278,982.7,0,49.7,49.9,525.0,15.2,65.0,11.2
2026-01-12 03:00:00,2026,1,12,3,Cao Bằng,Xã Tam Kim,22.606427,106.0179879,107,Unhealthy for Sensitive Groups,2,8.3,89,0.0,0.6,252,982.1,0,52.2,52.4,518.0,13.1,67.0,11.6
2026-01-12 04:00:00,2026,1,12,4,Cao Bằng,Xã Tam Kim,22.606427,106.0179879,109,Unhealthy for Sensitive Groups,2,8.0,89,0.0,0.5,270,981.7,0,54.6,54.7,516.0,11.9,69.0,12.2
2026-01-12 05:00:00,2026,1,12,5,Cao Bằng,Xã Tam Kim,22.606427,106.0179879,111,Unhealthy for Sensitive Groups,2,7.7,90,0.0,1.9,304,981.9,0,56.8,56.9,531.0,12.9,66.0,13.0
2026-01-12 06:00:00,2026,1,12,6,Cao Bằng,Xã Tam Kim,22.606427,106.0179879,114,Unhealthy for Sensitive Groups,2,7.6,90,0.0,1.3,278,982.7,0,59.0,59.3,552.0,14.7,61.0,14.1
2026-01-12 07:00:00,2026,1,12,7,Cao Bằng,Xã Tam Kim,22.606427,106.0179879,116,Unhealthy for Sensitive Groups,2,8.3,88,0.0,0.9,281,984.1,7,53.1,53.2,546.0,16.3,76.0,19.0
2026-01-12 08:00:00,2026,1,12,8,Cao Bằng,Xã Tam Kim,22.606427,106.0179879,117,Unhealthy for Sensitive Groups,2,11.5,76,0.0,3.1,28,985.3,6,54.4,54.5,488.0,12.7,96.0,20.9
2026-01-12 09:00:00,2026,1,12,9,Cao Bằng,Xã Tam Kim,22.606427,106.0179879,118,Unhealthy for Sensitive Groups,2,14.1,64,0.0,5.2,49,986.4,0,39.3,39.5,405.0,7.7,124.0,23.6
2026-01-12 10:00:00,2026,1,12,10,Cao Bằng,Xã Tam Kim,22.606427,106.0179879,117,Unhealthy for Sensitive Groups,2,16.7,54,0.0,5.9,63,986.4,0,30.7,30.9,341.0,3.8,146.0,25.1
2026-01-12 11:00:00,2026,1,12,11,Cao Bằng,Xã Tam Kim,22.606427,106.0179879,116,Unhealthy for Sensitive Groups,2,18.8,48,0.0,3.7,79,985.6,63,31.2,31.3,316.0,2.2,157.0,24.6
2026-01-12 12:00:00,2026,1,12,12,Cao Bằng,Xã Tam Kim,22.606427,106.0179879,115,Unhealthy for Sensitive Groups,2,20.6,44,0.0,3.8,73,984.2,97,32.2,32.4,311.0,1.8,162.0,23.1
2026-01-12 13:00:00,2026,1,12,13,Cao Bằng,Xã Tam Kim,22.606427,106.0179879,114,Unhealthy for Sensitive Groups,2,22.8,39,0.0,6.5,28,982.7,100,33.2,33.3,314.0,1.7,164.0,21.4
2026-01-12 14:00:00,2026,1,12,14,Cao Bằng,Xã Tam Kim,22.606427,106.0179879,114,Unhealthy for Sensitive Groups,2,22.2,41,0.0,8.9,54,982.2,21,32.8,32.9,321.0,1.1,164.0,19.6
2026-01-12 15:00:00,2026,1,12,15,Cao Bằng,Xã Tam Kim,22.606427,106.0179879,114,Unhealthy for Sensitive Groups,2,21.5,43,0.0,9.3,124,981.2,13,32.4,32.5,336.0,0.8,161.0,17.6
2026-01-12 16:00:00,2026,1,12,16,Cao Bằng,Xã Tam Kim,22.606427,106.0179879,116,Unhealthy for Sensitive Groups,2,20.5,47,0.0,11.5,160,981.4,10,33.2,33.3,363.0,2.2,152.0,16.2
2026-01-12 17:00:00,2026,1,12,17,Cao Bằng,Xã Tam Kim,22.606427,106.0179879,128,Unhealthy for Sensitive Groups,2,18.1,63,0.0,5.1,157,981.7,13,36.9,37.0,415.0,7.0,134.0,15.8
2026-01-12 18:00:00,2026,1,12,18,Cao Bằng,Xã Tam Kim,22.606427,106.0179879,130,Unhealthy for Sensitive Groups,2,16.2,68,0.0,0.9,217,982.6,74,39.6,39.7,479.0,13.5,111.0,16.0
2026-01-12 19:00:00,2026,1,12,19,Cao Bằng,Xã Tam Kim,22.606427,106.0179879,123,Unhealthy for Sensitive Groups,2,14.9,73,0.0,4.0,275,983.3,9,40.4,40.4,513.0,17.2,90.0,15.9
2026-01-12 20:00:00,2026,1,12,20,Cao Bằng,Xã Tam Kim,22.606427,106.0179879,117,Unhealthy for Sensitive Groups,2,14.1,77,0.0,3.1,270,983.9,6,44.2,44.4,491.0,19.1,83.0,16.6
2026-01-12 21:00:00,2026,1,12,21,Cao Bằng,Xã Tam Kim,22.606427,106.0179879,118,Unhealthy for Sensitive Groups,2,14.0,76,0.0,2.9,266,984.4,82,46.8,46.9,441.0,21.7,74.0,17.6
2026-01-12 22:00:00,2026,1,12,22,Cao Bằng,Xã Tam Kim,22.606427,106.0179879,119,Unhealthy for Sensitive Groups,2,14.2,74,0.0,2.6,254,984.7,4,49.9,49.9,398.0,23.3,65.0,17.9
2026-01-12 23:00:00,2026,1,12,23,Cao Bằng,Xã Tam Kim,22.606427,106.0179879,120,Unhealthy for Sensitive Groups,2,13.5,75,0.0,1.1,288,984.6,4,52.7,52.7,378.0,23.1,58.0,16.9
2026-01-13 00:00:00,2026,1,13,0,Cao Bằng,Xã Tam Kim,22.606427,106.0179879,121,Unhealthy for Sensitive Groups,2,12.7,77,0.0,1.7,283,984.5,5,53.3,53.4,367.0,21.9,51.0,15.3
2026-01-13 01:00:00,2026,1,13,1,Cao Bằng,Xã Tam Kim,22.606427,106.0179879,121,Unhealthy for Sensitive Groups,2,11.7,81,0.0,1.7,288,984.2,7,53.1,53.2,359.0,20.3,46.0,13.7
2026-01-13 02:00:00,2026,1,13,2,Cao Bằng,Xã Tam Kim,22.606427,106.0179879,122,Unhealthy for Sensitive Groups,2,11.2,83,0.0,3.2,286,983.8,2,52.6,52.7,347.0,18.2,44.0,12.4
2026-01-13 03:00:00,2026,1,13,3,Cao Bằng,Xã Tam Kim,22.606427,106.0179879,122,Unhealthy for Sensitive Groups,2,10.6,85,0.0,3.4,302,983.6,1,52.3,52.4,337.0,15.8,43.0,11.2
2026-01-13 04:00:00,2026,1,13,4,Cao Bằng,Xã Tam Kim,22.606427,106.0179879,122,Unhealthy for Sensitive Groups,2,10.1,87,0.0,3.3,292,983.5,2,52.0,52.2,345.0,14.4,42.0,10.5
2026-01-13 05:00:00,2026,1,13,5,Cao Bằng,Xã Tam Kim,22.606427,106.0179879,122,Unhealthy for Sensitive Groups,2,10.0,87,0.0,3.3,283,983.5,0,52.0,52.2,391.0,15.4,36.0,10.2
2026-01-13 06:00:00,2026,1,13,6,Cao Bằng,Xã Tam Kim,22.606427,106.0179879,121,Unhealthy for Sensitive Groups,2,9.9,86,0.0,2.1,290,984.2,0,52.6,52.7,454.0,17.3,30.0,10.3
2026-01-13 07:00:00,2026,1,13,7,Cao Bằng,Xã Tam Kim,22.606427,106.0179879,121,Unhealthy for Sensitive Groups,2,9.9,87,0.0,0.6,288,985.0,2,43.0,43.1,490.0,16.1,33.0,9.1
2026-01-13 08:00:00,2026,1,13,8,Cao Bằng,Xã Tam Kim,22.606427,106.0179879,120,Unhealthy for Sensitive Groups,2,12.0,82,0.0,1.9,311,985.6,1,43.8,43.8,471.0,12.1,58.0,10.7
2026-01-13 09:00:00,2026,1,13,9,Cao Bằng,Xã Tam Kim,22.606427,106.0179879,119,Unhealthy for Sensitive Groups,2,14.9,71,0.0,1.1,18,986.5,0,32.6,32.7,425.0,6.5,93.0,12.9
2026-01-13 10:00:00,2026,1,13,10,Cao Bằng,Xã Tam Kim,22.606427,106.0179879,118,Unhealthy for Sensitive Groups,2,17.6,61,0.0,2.6,78,986.1,0,31.9,32.0,388.0,2.4,120.0,14.2
2026-01-13 11:00:00,2026,1,13,11,Cao Bằng,Xã Tam Kim,22.606427,106.0179879,118,Unhealthy for Sensitive Groups,2,19.5,53,0.0,4.9,88,985.1,0,31.8,31.8,374.0,1.0,130.0,13.6
2026-01-13 12:00:00,2026,1,13,12,Cao Bằng,Xã Tam Kim,22.606427,106.0179879,118,Unhealthy for Sensitive Groups,2,20.9,49,0.0,6.8,90,983.4,0,31.2,31.2,369.0,1.1,133.0,12.1
2026-01-13 13:00:00,2026,1,13,13,Cao Bằng,Xã Tam Kim,22.606427,106.0179879,118,Unhealthy for Sensitive Groups,2,22.2,45,0.0,8.0,98,981.9,3,30.6,30.7,365.0,1.3,134.0,10.9
2026-01-13 14:00:00,2026,1,13,14,Cao Bằng,Xã Tam Kim,22.606427,106.0179879,118,Unhealthy for Sensitive Groups,2,22.8,44,0.0,7.6,105,980.5,1,30.4,30.5,353.0,0.8,138.0,10.6
2026-01-13 15:00:00,2026,1,13,15,Cao Bằng,Xã Tam Kim,22.606427,106.0179879,117,Unhealthy for Sensitive Groups,2,23.0,43,0.0,7.7,111,979.6,2,30.5,30.7,341.0,0.5,141.0,10.7
2026-01-13 16:00:00,2026,1,13,16,Cao Bằng,Xã Tam Kim,22.606427,106.0179879,117,Unhealthy for Sensitive Groups,2,22.6,43,0.0,6.4,122,978.9,2,31.1,31.3,349.0,1.8,138.0,11.0
2026-01-13 17:00:00,2026,1,13,17,Cao Bằng,Xã Tam Kim,22.606427,106.0179879,117,Unhealthy for Sensitive Groups,2,19.6,60,0.0,5.4,132,978.6,2,33.4,33.5,397.0,6.0,125.0,11.5
2026-01-13 18:00:00,2026,1,13,18,Cao Bằng,Xã Tam Kim,22.606427,106.0179879,117,Unhealthy for Sensitive Groups,2,16.1,70,0.0,5.3,192,978.5,0,37.1,37.4,464.0,11.8,105.0,12.1
2026-01-13 19:00:00,2026,1,13,19,Cao Bằng,Xã Tam Kim,22.606427,106.0179879,116,Unhealthy for Sensitive Groups,2,13.9,83,0.0,3.9,223,978.6,0,41.4,41.8,506.0,21.1,78.0,13.4
2026-01-13 20:00:00,2026,1,13,20,Cao Bằng,Xã Tam Kim,22.606427,106.0179879,116,Unhealthy for Sensitive Groups,2,12.2,91,0.0,3.5,235,978.9,0,44.9,45.2,498.0,21.3,75.0,13.8
2026-01-13 21:00:00,2026,1,13,21,Cao Bằng,Xã Tam Kim,22.606427,106.0179879,117,Unhealthy for Sensitive Groups,2,11.4,92,0.0,1.1,261,979.1,0,46.9,47.1,465.0,21.5,72.0,14.4
2026-01-13 22:00:00,2026,1,13,22,Cao Bằng,Xã Tam Kim,22.606427,106.0179879,117,Unhealthy for Sensitive Groups,2,11.4,90,0.0,1.6,270,979.5,0,48.9,49.1,437.0,21.3,69.0,14.7
2026-01-13 23:00:00,2026,1,13,23,Cao Bằng,Xã Tam Kim,22.606427,106.0179879,116,Unhealthy for Sensitive Groups,2,10.5,91,0.0,1.8,264,979.4,0,50.6,50.9,424.0,20.6,68.0,14.6
2026-01-14 00:00:00,2026,1,14,0,Cao Bằng,Xã Tam Kim,22.606427,106.0179879,116,Unhealthy for Sensitive Groups,2,10.2,91,0.0,1.5,256,979.0,0,51.9,52.2,416.0,19.5,67.0,14.2
2026-01-14 01:00:00,2026,1,14,1,Cao Bằng,Xã Tam Kim,22.606427,106.0179879,116,Unhealthy for Sensitive Groups,2,10.2,90,0.0,0.7,256,979.0,3,53.0,53.3,412.0,18.2,67.0,13.9
2026-01-14 02:00:00,2026,1,14,2,Cao Bằng,Xã Tam Kim,22.606427,106.0179879,116,Unhealthy for Sensitive Groups,2,10.1,91,0.0,0.9,259,978.7,3,53.9,54.1,409.0,16.3,69.0,13.5
2026-01-14 03:00:00,2026,1,14,3,Cao Bằng,Xã Tam Kim,22.606427,106.0179879,116,Unhealthy for Sensitive Groups,2,9.7,92,0.0,0.7,270,978.5,5,54.7,54.9,409.0,14.1,71.0,13.2
2026-01-14 04:00:00,2026,1,14,4,Cao Bằng,Xã Tam Kim,22.606427,106.0179879,116,Unhealthy for Sensitive Groups,2,9.4,93,0.0,0.7,270,978.4,4,55.4,55.6,421.0,12.7,73.0,13.2
2026-01-14 05:00:00,2026,1,14,5,Cao Bằng,Xã Tam Kim,22.606427,106.0179879,117,Unhealthy for Sensitive Groups,2,9.1,94,0.0,0.7,284,978.5,5,56.2,56.5,460.0,13.2,70.0,13.3
2026-01-14 06:00:00,2026,1,14,6,Cao Bằng,Xã Tam Kim,22.606427,106.0179879,117,Unhealthy for Sensitive Groups,2,8.9,94,0.0,1.0,292,979.0,5,57.5,57.7,511.0,14.5,67.0,13.8
2026-01-14 07:00:00,2026,1,14,7,Cao Bằng,Xã Tam Kim,22.606427,106.0179879,118,Unhealthy for Sensitive Groups,2,8.9,95,0.0,0.9,281,979.8,3,61.2,61.5,532.0,13.2,65.0,13.6
2026-01-14 08:00:00,2026,1,14,8,Cao Bằng,Xã Tam Kim,22.606427,106.0179879,120,Unhealthy for Sensitive Groups,2,12.4,85,0.0,2.5,21,980.9,3,61.5,61.5,494.0,10.2,88.0,19.4
2026-01-14 09:00:00,2026,1,14,9,Cao Bằng,Xã Tam Kim,22.606427,106.0179879,122,Unhealthy for Sensitive Groups,2,15.3,75,0.0,4.6,54,981.5,2,56.6,57.0,426.0,6.1,121.0,27.4
2026-01-14 10:00:00,2026,1,14,10,Cao Bằng,Xã Tam Kim,22.606427,106.0179879,124,Unhealthy for Sensitive Groups,2,18.4,63,0.0,4.5,85,981.5,16,53.1,53.6,373.0,3.0,145.0,32.4
2026-01-14 11:00:00,2026,1,14,11,Cao Bằng,Xã Tam Kim,22.606427,106.0179879,126,Unhealthy for Sensitive Groups,2,21.4,53,0.0,6.7,174,980.7,80,54.8,55.3,355.0,1.7,154.0,32.0
2026-01-14 12:00:00,2026,1,14,12,Cao Bằng,Xã Tam Kim,22.606427,106.0179879,129,Unhealthy for Sensitive Groups,2,23.2,46,0.0,11.6,199,979.0,50,54.5,54.9,353.0,1.4,156.0,28.6
2026-01-14 13:00:00,2026,1,14,13,Cao Bằng,Xã Tam Kim,22.606427,106.0179879,131,Unhealthy for Sensitive Groups,2,22.8,49,0.0,11.2,206,977.9,51,53.3,53.8,352.0,1.4,155.0,25.3
2026-01-14 14:00:00,2026,1,14,14,Cao Bằng,Xã Tam Kim,22.606427,106.0179879,133,Unhealthy for Sensitive Groups,2,22.9,49,0.0,10.1,207,977.3,41,52.2,52.6,340.0,0.9,154.0,22.5
2026-01-14 15:00:00,2026,1,14,15,Cao Bằng,Xã Tam Kim,22.606427,106.0179879,136,Unhealthy for Sensitive Groups,2,22.9,50,0.0,8.5,208,977.0,41,52.0,52.5,329.0,0.6,151.0,19.7
2026-01-14 16:00:00,2026,1,14,16,Cao Bằng,Xã Tam Kim,22.606427,106.0179879,138,Unhealthy for Sensitive Groups,2,22.3,53,0.0,5.2,207,977.1,36,53.3,53.8,340.0,2.5,144.0,18.0
2026-01-14 17:00:00,2026,1,14,17,Cao Bằng,Xã Tam Kim,22.606427,106.0179879,140,Unhealthy for Sensitive Groups,2,20.5,66,0.0,3.4,162,977.4,13,54.7,55.2,397.0,8.4,128.0,18.1
2026-01-14 18:00:00,2026,1,14,18,Cao Bằng,Xã Tam Kim,22.606427,106.0179879,142,Unhealthy for Sensitive Groups,2,17.3,75,0.0,6.4,198,977.3,2,60.8,61.2,476.0,16.4,108.0,19.3
2026-01-14 19:00:00,2026,1,14,19,Cao Bằng,Xã Tam Kim,22.606427,106.0179879,145,Unhealthy for Sensitive Groups,2,15.1,87,0.0,6.7,216,978.1,0,56.7,57.0,527.0,21.9,87.0,20.1
2026-01-14 20:00:00,2026,1,14,20,Cao Bằng,Xã Tam Kim,22.606427,106.0179879,147,Unhealthy for Sensitive Groups,2,14.5,90,0.0,2.4,257,978.8,1,61.7,61.9,521.0,23.3,84.0,21.3
2026-01-14 21:00:00,2026,1,14,21,Cao Bằng,Xã Tam Kim,22.606427,106.0179879,148,Unhealthy for Sensitive Groups,2,13.1,94,0.0,2.5,270,979.5,5,65.4,65.9,487.0,25.2,80.0,23.0
2026-01-14 22:00:00,2026,1,14,22,Cao Bằng,Xã Tam Kim,22.606427,106.0179879,150,Unhealthy for Sensitive Groups,2,13.5,92,0.0,4.5,265,980.6,24,69.2,69.6,455.0,26.3,75.0,23.9
2026-01-14 23:00:00,2026,1,14,23,Cao Bằng,Xã Tam Kim,22.606427,106.0179879,150,Unhealthy for Sensitive Groups,2,13.0,94,0.0,3.5,255,980.9,46,71.5,71.9,434.0,25.9,70.0,23.5
2026-01-15 00:00:00,2026,1,15,0,Cao Bằng,Xã Tam Kim,22.606427,106.0179879,151,Unhealthy,3,13.8,91,0.0,1.9,253,981.1,100,72.6,73.1,415.0,24.8,64.0,22.3
2026-01-15 01:00:00,2026,1,15,1,Cao Bằng,Xã Tam Kim,22.606427,106.0179879,151,Unhealthy,3,14.7,89,0.0,1.4,180,981.2,100,73.6,73.8,402.0,23.5,60.0,21.2
2026-01-15 02:00:00,2026,1,15,2,Cao Bằng,Xã Tam Kim,22.606427,106.0179879,152,Unhealthy,3,14.6,93,0.5,2.1,232,980.8,100,73.6,73.8,391.0,22.3,59.0,20.3
2026-01-15 03:00:00,2026,1,15,3,Cao Bằng,Xã Tam Kim,22.606427,106.0179879,152,Unhealthy,3,14.3,96,0.8,2.8,235,980.4,98,74.7,75.2,385.0,20.9,59.0,19.5
2026-01-15 04:00:00,2026,1,15,4,Cao Bằng,Xã Tam Kim,22.606427,106.0179879,153,Unhealthy,3,14.5,97,1.0,2.3,231,980.2,100,75.4,75.9,396.0,19.7,58.0,18.4
2026-01-15 05:00:00,2026,1,15,5,Cao Bằng,Xã Tam Kim,22.606427,106.0179879,153,Unhealthy,3,14.5,94,0.5,2.2,235,980.2,100,75.7,76.4,439.0,18.9,54.0,16.7
2026-01-15 06:00:00,2026,1,15,6,Cao Bằng,Xã Tam Kim,22.606427,106.0179879,154,Unhealthy,3,14.9,91,0.5,1.3,225,981.0,100,73.1,73.6,499.0,18.3,48.0,14.7
2026-01-15 07:00:00,2026,1,15,7,Cao Bằng,Xã Tam Kim,22.606427,106.0179879,154,Unhealthy,3,15.0,91,1.4,3.2,227,981.7,100,51.5,51.7,536.0,12.0,48.0,11.2
2026-01-15 08:00:00,2026,1,15,8,Cao Bằng,Xã Tam Kim,22.606427,106.0179879,154,Unhealthy,3,15.2,97,1.1,3.1,201,982.4,100,51.6,51.8,529.0,11.6,53.0,12.1
2026-01-15 09:00:00,2026,1,15,9,Cao Bằng,Xã Tam Kim,22.606427,106.0179879,154,Unhealthy,3,15.6,97,0.2,5.1,216,982.8,100,52.2,52.4,499.0,10.9,60.0,13.3
2026-01-15 10:00:00,2026,1,15,10,Cao Bằng,Xã Tam Kim,22.606427,106.0179879,153,Unhealthy,3,16.4,93,0.1,3.3,241,982.8,96,51.9,52.2,471.0,9.9,68.0,14.2
2026-01-15 11:00:00,2026,1,15,11,Cao Bằng,Xã Tam Kim,22.606427,106.0179879,153,Unhealthy,3,17.9,80,0.0,2.5,262,982.2,100,52.3,52.7,455.0,8.2,77.0,14.5
2026-01-15 12:00:00,2026,1,15,12,Cao Bằng,Xã Tam Kim,22.606427,106.0179879,153,Unhealthy,3,17.4,81,0.0,3.1,242,981.0,100,49.6,49.9,441.0,6.1,88.0,14.5
2026-01-15 13:00:00,2026,1,15,13,Cao Bằng,Xã Tam Kim,22.606427,106.0179879,153,Unhealthy,3,17.8,76,0.0,1.3,8,980.0,100,46.7,47.1,424.0,4.7,95.0,14.3
2026-01-15 14:00:00,2026,1,15,14,Cao Bằng,Xã Tam Kim,22.606427,106.0179879,153,Unhealthy,3,19.1,68,0.0,1.7,108,978.8,100,42.1,42.5,387.0,4.2,99.0,14.0
2026-01-15 15:00:00,2026,1,15,15,Cao Bằng,Xã Tam Kim,22.606427,106.0179879,153,Unhealthy,3,19.2,68,0.0,4.5,119,978.1,100,38.2,38.4,345.0,4.3,101.0,13.6
2026-01-15 16:00:00,2026,1,15,16,Cao Bằng,Xã Tam Kim,22.606427,106.0179879,153,Unhealthy,3,19.3,68,0.0,3.9,114,977.6,45,33.3,33.5,344.0,5.6,98.0,13.3
2026-01-15 17:00:00,2026,1,15,17,Cao Bằng,Xã Tam Kim,22.606427,106.0179879,152,Unhealthy,3,18.2,79,0.0,2.8,63,977.5,100,31.4,31.8,427.0,8.9,88.0,13.2
2026-01-15 18:00:00,2026,1,15,18,Cao Bằng,Xã Tam Kim,22.606427,106.0179879,152,Unhealthy,3,17.0,81,0.0,1.8,45,977.2,100,35.5,35.9,549.0,13.3,74.0,13.1
2026-01-15 19:00:00,2026,1,15,19,Cao Bằng,Xã Tam Kim,22.606427,106.0179879,151,Unhealthy,3,16.6,83,0.0,1.2,309,977.7,100,33.1,33.5,621.0,17.5,60.0,9.8
2026-01-15 20:00:00,2026,1,15,20,Cao Bằng,Xã Tam Kim,22.606427,106.0179879,151,Unhealthy,3,16.3,85,0.0,2.1,290,977.8,100,36.9,37.4,592.0,18.1,55.0,9.7
2026-01-15 21:00:00,2026,1,15,21,Cao Bằng,Xã Tam Kim,22.606427,106.0179879,150,Unhealthy for Sensitive Groups,2,16.2,88,0.0,1.7,311,977.7,99,38.2,38.6,512.0,19.0,48.0,9.4
2026-01-15 22:00:00,2026,1,15,22,Cao Bằng,Xã Tam Kim,22.606427,106.0179879,147,Unhealthy for Sensitive Groups,2,16.2,87,0.0,0.6,18,977.6,100,39.2,39.7,443.0,19.1,42.0,9.0
2026-01-15 23:00:00,2026,1,15,23,Cao Bằng,Xã Tam Kim,22.606427,106.0179879,144,Unhealthy for Sensitive Groups,2,16.2,86,0.0,0.8,45,977.4,100,39.3,39.8,403.0,18.1,39.0,8.2
2026-01-16 00:00:00,2026,1,16,0,Cao Bằng,Xã Tam Kim,22.606427,106.0179879,141,Unhealthy for Sensitive Groups,2,16.0,86,0.0,0.5,360,977.1,100,39.6,40.0,375.0,16.5,38.0,7.3
2026-01-16 01:00:00,2026,1,16,1,Cao Bằng,Xã Tam Kim,22.606427,106.0179879,137,Unhealthy for Sensitive Groups,2,16.0,86,0.0,0.4,360,976.9,100,39.6,40.0,360.0,14.7,39.0,6.6
2026-01-16 02:00:00,2026,1,16,2,Cao Bằng,Xã Tam Kim,22.606427,106.0179879,134,Unhealthy for Sensitive Groups,2,15.9,87,0.0,1.6,27,976.2,100,39.5,40.0,363.0,12.6,43.0,6.4
2026-01-16 03:00:00,2026,1,16,3,Cao Bằng,Xã Tam Kim,22.606427,106.0179879,130,Unhealthy for Sensitive Groups,2,16.0,87,0.0,1.7,13,975.9,100,40.6,41.2,381.0,10.3,48.0,6.6
2026-01-16 04:00:00,2026,1,16,4,Cao Bằng,Xã Tam Kim,22.606427,106.0179879,127,Unhealthy for Sensitive Groups,2,15.7,89,0.0,1.2,39,975.7,100,39.6,40.3,407.0,8.8,51.0,6.7
2026-01-16 05:00:00,2026,1,16,5,Cao Bằng,Xã Tam Kim,22.606427,106.0179879,123,Unhealthy for Sensitive Groups,2,15.4,89,0.0,1.4,67,975.7,100,37.3,37.8,452.0,9.0,47.0,6.5
2026-01-16 06:00:00,2026,1,16,6,Cao Bằng,Xã Tam Kim,22.606427,106.0179879,119,Unhealthy for Sensitive Groups,2,15.1,91,0.0,2.2,55,976.0,100,33.6,34.1,505.0,10.1,41.0,6.3
2026-01-16 07:00:00,2026,1,16,7,Cao Bằng,Xã Tam Kim,22.606427,106.0179879,115,Unhealthy for Sensitive Groups,2,15.3,91,0.0,2.1,75,976.7,100,22.6,22.9,523.0,10.5,35.0,5.5
2026-01-16 08:00:00,2026,1,16,8,Cao Bằng,Xã Tam Kim,22.606427,106.0179879,112,Unhealthy for Sensitive Groups,2,17.0,87,0.0,3.2,56,977.4,100,24.0,24.5,472.0,9.1,47.0,8.1
2026-01-16 09:00:00,2026,1,16,9,Cao Bằng,Xã Tam Kim,22.606427,106.0179879,109,Unhealthy for Sensitive Groups,2,18.7,82,0.0,4.4,142,978.4,100,23.6,24.1,387.0,7.2,64.0,11.6
2026-01-16 10:00:00,2026,1,16,10,Cao Bằng,Xã Tam Kim,22.606427,106.0179879,106,Unhealthy for Sensitive Groups,2,19.2,80,0.1,4.7,152,978.2,98,22.5,22.9,325.0,5.6,78.0,13.9
2026-01-16 11:00:00,2026,1,16,11,Cao Bằng,Xã Tam Kim,22.606427,106.0179879,103,Unhealthy for Sensitive Groups,2,20.6,73,0.1,5.6,173,977.6,72,23.2,23.6,315.0,4.6,87.0,13.8
2026-01-16 12:00:00,2026,1,16,12,Cao Bằng,Xã Tam Kim,22.606427,106.0179879,100,Moderate,1,21.5,69,0.1,4.6,169,976.2,86,26.4,26.9,329.0,3.9,93.0,12.5
2026-01-16 13:00:00,2026,1,16,13,Cao Bằng,Xã Tam Kim,22.606427,106.0179879,98,Moderate,1,23.4,57,0.0,3.8,161,975.2,97,28.1,28.5,343.0,3.5,98.0,11.2
2026-01-16 14:00:00,2026,1,16,14,Cao Bằng,Xã Tam Kim,22.606427,106.0179879,96,Moderate,1,23.5,58,0.0,5.9,160,974.2,76,33.3,33.8,344.0,2.9,104.0,10.4
2026-01-16 15:00:00,2026,1,16,15,Cao Bằng,Xã Tam Kim,22.606427,106.0179879,95,Moderate,1,23.5,58,0.0,8.1,167,974.0,51,37.8,38.3,345.0,2.7,109.0,9.6
2026-01-16 16:00:00,2026,1,16,16,Cao Bằng,Xã Tam Kim,22.606427,106.0179879,95,Moderate,1,22.8,61,0.0,9.1,163,973.8,30,37.4,37.8,358.0,4.1,109.0,9.2
2026-01-16 17:00:00,2026,1,16,17,Cao Bằng,Xã Tam Kim,22.606427,106.0179879,96,Moderate,1,21.7,67,0.0,8.8,160,973.8,6,37.7,38.1,396.0,8.7,99.0,9.4
2026-01-16 18:00:00,2026,1,16,18,Cao Bằng,Xã Tam Kim,22.606427,106.0179879,96,Moderate,1,18.9,79,0.0,9.4,177,974.1,4,43.9,44.4,446.0,15.0,83.0,10.0
2026-01-16 19:00:00,2026,1,16,19,Cao Bằng,Xã Tam Kim,22.606427,106.0179879,97,Moderate,1,17.4,91,0.0,7.2,180,974.8,7,51.9,52.4,481.0,19.1,63.0,10.1
2026-01-16 20:00:00,2026,1,16,20,Cao Bằng,Xã Tam Kim,22.606427,106.0179879,99,Moderate,1,16.8,92,0.0,3.8,197,975.4,4,55.9,56.3,486.0,20.8,60.0,11.2
2026-01-16 21:00:00,2026,1,16,21,Cao Bằng,Xã Tam Kim,22.606427,106.0179879,100,Moderate,1,15.7,95,0.0,0.4,270,975.7,3,61.2,61.7,477.0,23.2,55.0,12.6
2026-01-16 22:00:00,2026,1,16,22,Cao Bằng,Xã Tam Kim,22.606427,106.0179879,103,Unhealthy for Sensitive Groups,2,15.0,97,0.0,2.6,304,976.3,8,65.9,66.4,469.0,24.7,50.0,13.4
2026-01-16 23:00:00,2026,1,16,23,Cao Bằng,Xã Tam Kim,22.606427,106.0179879,105,Unhealthy for Sensitive Groups,2,14.9,97,0.0,5.1,287,976.5,72,71.2,71.7,469.0,24.9,45.0,12.8
2026-01-17 00:00:00,2026,1,17,0,Cao Bằng,Xã Tam Kim,22.606427,106.0179879,109,Unhealthy for Sensitive Groups,2,16.2,94,0.0,3.4,286,976.6,97,74.7,75.2,471.0,24.2,39.0,11.6
2026-01-17 01:00:00,2026,1,17,1,Cao Bằng,Xã Tam Kim,22.606427,106.0179879,112,Unhealthy for Sensitive Groups,2,16.7,94,0.0,1.0,301,976.3,87,73.8,74.3,473.0,22.8,35.0,10.4
2026-01-17 02:00:00,2026,1,17,2,Cao Bằng,Xã Tam Kim,22.606427,106.0179879,116,Unhealthy for Sensitive Groups,2,16.9,95,0.0,1.3,344,975.9,74,70.5,71.0,468.0,19.9,33.0,9.3
2026-01-17 03:00:00,2026,1,17,3,Cao Bằng,Xã Tam Kim,22.606427,106.0179879,119,Unhealthy for Sensitive Groups,2,16.7,96,0.1,1.6,243,976.0,99,63.8,64.3,462.0,16.3,32.0,8.4
2026-01-17 04:00:00,2026,1,17,4,Cao Bằng,Xã Tam Kim,22.606427,106.0179879,122,Unhealthy for Sensitive Groups,2,16.8,94,0.0,1.0,301,975.7,46,62.9,63.1,472.0,13.7,31.0,7.9
2026-01-17 05:00:00,2026,1,17,5,Cao Bằng,Xã Tam Kim,22.606427,106.0179879,124,Unhealthy for Sensitive Groups,2,16.6,95,0.0,0.9,90,976.1,100,40.7,41.0,520.0,13.6,28.0,8.4
2026-01-17 06:00:00,2026,1,17,6,Cao Bằng,Xã Tam Kim,22.606427,106.0179879,124,Unhealthy for Sensitive Groups,2,16.5,96,0.0,2.2,256,976.6,45,36.0,36.2,584.0,14.6,26.0,9.4
2026-01-17 07:00:00,2026,1,17,7,Cao Bằng,Xã Tam Kim,22.606427,106.0179879,125,Unhealthy for Sensitive Groups,2,16.3,93,0.0,0.9,307,976.8,100,44.0,44.4,615.0,14.6,27.0,7.4
2026-01-17 08:00:00,2026,1,17,8,Cao Bằng,Xã Tam Kim,22.606427,106.0179879,127,Unhealthy for Sensitive Groups,2,17.0,92,0.0,2.0,260,977.8,100,39.2,39.5,583.0,11.5,47.0,8.3
2026-01-17 09:00:00,2026,1,17,9,Cao Bằng,Xã Tam Kim,22.606427,106.0179879,129,Unhealthy for Sensitive Groups,2,18.1,89,0.0,2.5,188,978.8,100,35.7,36.1,517.0,7.2,76.0,9.4
2026-01-17 10:00:00,2026,1,17,10,Cao Bằng,Xã Tam Kim,22.606427,106.0179879,130,Unhealthy for Sensitive Groups,2,19.1,84,0.2,2.0,175,978.9,64,27.1,27.4,456.0,3.9,98.0,9.6
2026-01-17 11:00:00,2026,1,17,11,Cao Bằng,Xã Tam Kim,22.606427,106.0179879,130,Unhealthy for Sensitive Groups,2,19.3,84,0.0,2.9,150,978.5,34,21.7,22.1,412.0,2.4,108.0,8.1
2026-01-17 12:00:00,2026,1,17,12,Cao Bằng,Xã Tam Kim,22.606427,106.0179879,130,Unhealthy for Sensitive Groups,2,20.5,77,0.0,2.7,113,976.9,65,21.1,21.5,373.0,1.8,112.0,5.7
2026-01-17 13:00:00,2026,1,17,13,Cao Bằng,Xã Tam Kim,22.606427,106.0179879,130,Unhealthy for Sensitive Groups,2,23.0,60,0.0,3.7,119,975.7,35,19.6,20.1,341.0,1.6,113.0,3.9
2026-01-17 14:00:00,2026,1,17,14,Cao Bằng,Xã Tam Kim,22.606427,106.0179879,129,Unhealthy for Sensitive Groups,2,23.8,58,0.1,5.6,112,974.7,50,18.0,18.6,315.0,1.1,114.0,3.1
2026-01-17 15:00:00,2026,1,17,15,Cao Bằng,Xã Tam Kim,22.606427,106.0179879,127,Unhealthy for Sensitive Groups,2,22.7,64,0.4,9.4,144,973.9,46,17.1,17.7,297.0,0.9,113.0,2.8
2026-01-17 16:00:00,2026,1,17,16,Cao Bằng,Xã Tam Kim,22.606427,106.0179879,125,Unhealthy for Sensitive Groups,2,21.0,74,0.2,11.1,141,973.8,25,16.0,16.5,295.0,2.2,108.0,3.0
2026-01-17 17:00:00,2026,1,17,17,Cao Bằng,Xã Tam Kim,22.606427,106.0179879,123,Unhealthy for Sensitive Groups,2,20.0,79,0.0,4.3,118,973.9,13,15.9,16.3,324.0,6.2,95.0,3.7
2026-01-17 18:00:00,2026,1,17,18,Cao Bằng,Xã Tam Kim,22.606427,106.0179879,120,Unhealthy for Sensitive Groups,2,18.1,86,0.0,3.3,119,974.6,21,18.1,18.5,369.0,11.6,77.0,4.9
2026-01-17 19:00:00,2026,1,17,19,Cao Bằng,Xã Tam Kim,22.606427,106.0179879,118,Unhealthy for Sensitive Groups,2,18.1,91,0.0,2.1,195,974.8,100,26.4,26.9,394.0,14.8,69.0,6.1
2026-01-17 20:00:00,2026,1,17,20,Cao Bằng,Xã Tam Kim,22.606427,106.0179879,115,Unhealthy for Sensitive Groups,2,17.7,93,0.0,3.8,175,975.0,100,28.7,29.2,373.0,15.2,66.0,6.3
2026-01-17 21:00:00,2026,1,17,21,Cao Bằng,Xã Tam Kim,22.606427,106.0179879,112,Unhealthy for Sensitive Groups,2,17.5,95,0.0,3.4,164,975.2,92,30.2,30.5,332.0,15.8,61.0,6.6
2026-01-17 22:00:00,2026,1,17,22,Cao Bằng,Xã Tam Kim,22.606427,106.0179879,109,Unhealthy for Sensitive Groups,2,17.3,95,0.0,2.6,141,975.5,100,32.5,32.9,306.0,16.1,56.0,6.7
2026-01-17 23:00:00,2026,1,17,23,Cao Bằng,Xã Tam Kim,22.606427,106.0179879,106,Unhealthy for Sensitive Groups,2,17.3,98,0.1,4.0,120,975.4,100,34.8,35.3,315.0,16.2,50.0,6.3
2026-01-18 00:00:00,2026,1,18,0,Cao Bằng,Xã Tam Kim,22.606427,106.0179879,102,Unhealthy for Sensitive Groups,2,17.5,98,0.0,3.2,109,975.4,100,38.3,38.6,338.0,16.1,44.0,5.7
2026-01-18 01:00:00,2026,1,18,1,Cao Bằng,Xã Tam Kim,22.606427,106.0179879,98,Moderate,1,17.1,97,0.0,3.2,128,975.5,99,37.3,37.6,357.0,15.5,40.0,5.2
2026-01-18 02:00:00,2026,1,18,2,Cao Bằng,Xã Tam Kim,22.606427,106.0179879,95,Moderate,1,16.4,99,0.0,3.7,137,975.0,35,30.7,31.1,362.0,13.9,39.0,5.0
2026-01-18 03:00:00,2026,1,18,3,Cao Bằng,Xã Tam Kim,22.606427,106.0179879,91,Moderate,1,16.3,99,0.0,2.9,137,974.8,14,21.3,21.5,361.0,11.7,39.0,5.0
2026-01-18 04:00:00,2026,1,18,4,Cao Bằng,Xã Tam Kim,22.606427,106.0179879,88,Moderate,1,16.7,98,0.0,2.0,100,974.6,26,13.8,13.9,359.0,10.4,38.0,5.1
2026-01-18 05:00:00,2026,1,18,5,Cao Bằng,Xã Tam Kim,22.606427,106.0179879,83,Moderate,1,16.0,99,0.0,0.8,153,974.4,93,10.3,10.4,361.0,10.9,33.0,5.3
2026-01-18 06:00:00,2026,1,18,6,Cao Bằng,Xã Tam Kim,22.606427,106.0179879,81,Moderate,1,15.3,100,0.0,0.6,214,974.9,99,8.1,8.2,362.0,12.3,28.0,5.7
2026-01-18 07:00:00,2026,1,18,7,Cao Bằng,Xã Tam Kim,22.606427,106.0179879,78,Moderate,1,16.2,98,0.0,3.0,147,975.5,54,11.8,12.0,355.0,10.0,33.0,5.8
2026-01-18 08:00:00,2026,1,18,8,Cao Bằng,Xã Tam Kim,22.606427,106.0179879,75,Moderate,1,17.3,97,0.0,4.1,103,976.2,49,10.0,10.2,331.0,8.4,43.0,7.9
2026-01-18 09:00:00,2026,1,18,9,Cao Bằng,Xã Tam Kim,22.606427,106.0179879,73,Moderate,1,19.2,87,0.0,5.7,134,976.8,95,8.0,8.2,298.0,6.2,57.0,10.8
2026-01-18 10:00:00,2026,1,18,10,Cao Bằng,Xã Tam Kim,22.606427,106.0179879,70,Moderate,1,21.6,72,0.1,5.8,154,977.1,44,8.5,8.7,272.0,4.3,71.0,12.4
2026-01-18 11:00:00,2026,1,18,11,Cao Bằng,Xã Tam Kim,22.606427,106.0179879,69,Moderate,1,23.5,59,0.0,5.5,189,976.4,58,12.3,12.6,262.0,3.0,85.0,11.6
2026-01-18 12:00:00,2026,1,18,12,Cao Bằng,Xã Tam Kim,22.606427,106.0179879,68,Moderate,1,25.0,50,0.0,6.7,200,975.2,45,14.3,14.6,259.0,1.9,98.0,9.5
2026-01-18 13:00:00,2026,1,18,13,Cao Bằng,Xã Tam Kim,22.606427,106.0179879,67,Moderate,1,25.7,44,0.0,8.3,198,974.1,42,15.3,15.6,256.0,1.3,108.0,7.7
2026-01-18 14:00:00,2026,1,18,14,Cao Bằng,Xã Tam Kim,22.606427,106.0179879,67,Moderate,1,26.0,44,0.0,9.9,199,973.1,31,15.5,15.8,247.0,0.9,114.0,6.6
2026-01-18 15:00:00,2026,1,18,15,Cao Bằng,Xã Tam Kim,22.606427,106.0179879,67,Moderate,1,25.8,45,0.0,10.1,205,972.8,30,16.5,16.8,238.0,0.8,116.0,5.8
2026-01-18 16:00:00,2026,1,18,16,Cao Bằng,Xã Tam Kim,22.606427,106.0179879,67,Moderate,1,25.0,48,0.0,8.4,191,972.6,7,17.9,18.1,244.0,1.8,114.0,5.4
2026-01-18 17:00:00,2026,1,18,17,Cao Bằng,Xã Tam Kim,22.606427,106.0179879,67,Moderate,1,22.5,59,0.0,6.7,153,972.6,3,19.6,19.8,277.0,4.6,106.0,5.6
2026-01-18 18:00:00,2026,1,18,18,Cao Bằng,Xã Tam Kim,22.606427,106.0179879,67,Moderate,1,19.1,73,0.0,10.1,183,972.7,2,22.4,22.6,324.0,8.3,93.0,6.3
2026-01-18 19:00:00,2026,1,18,19,Cao Bằng,Xã Tam Kim,22.606427,106.0179879,67,Moderate,1,17.7,85,0.0,6.0,189,973.1,3,33.9,34.6,360.0,11.4,75.0,6.5
2026-01-18 20:00:00,2026,1,18,20,Cao Bằng,Xã Tam Kim,22.606427,106.0179879,68,Moderate,1,16.8,89,0.0,4.9,180,973.6,2,36.4,37.3,374.0,11.9,73.0,6.8
2026-01-18 21:00:00,2026,1,18,21,Cao Bằng,Xã Tam Kim,22.606427,106.0179879,69,Moderate,1,16.1,91,0.0,4.1,178,974.0,2,38.1,38.9,377.0,12.5,70.0,7.2
2026-01-18 22:00:00,2026,1,18,22,Cao Bằng,Xã Tam Kim,22.606427,106.0179879,69,Moderate,1,16.0,92,0.0,4.2,175,974.6,38,41.1,41.8,376.0,12.7,67.0,7.7
2026-01-18 23:00:00,2026,1,18,23,Cao Bằng,Xã Tam Kim,22.606427,106.0179879,70,Moderate,1,15.8,93,0.0,4.1,157,974.8,100,43.7,44.4,374.0,12.3,65.0,8.2
2026-01-19 00:00:00,2026,1,19,0,Cao Bằng,Xã Tam Kim,22.606427,106.0179879,71,Moderate,1,16.9,93,0.0,4.5,130,975.1,100,45.2,45.8,368.0,11.4,65.0,8.8
2026-01-19 01:00:00,2026,1,19,1,Cao Bằng,Xã Tam Kim,22.606427,106.0179879,72,Moderate,1,17.5,94,0.0,6.5,134,975.0,100,46.0,46.6,360.0,10.4,65.0,9.4
2026-01-19 02:00:00,2026,1,19,2,Cao Bằng,Xã Tam Kim,22.606427,106.0179879,72,Moderate,1,17.8,92,0.0,6.9,127,974.5,100,46.1,46.8,345.0,8.9,68.0,10.1
2026-01-19 03:00:00,2026,1,19,3,Cao Bằng,Xã Tam Kim,22.606427,106.0179879,74,Moderate,1,17.7,91,0.0,6.9,113,974.4,97,40.7,41.2,327.0,7.2,72.0,10.7
2026-01-19 04:00:00,2026,1,19,4,Cao Bằng,Xã Tam Kim,22.606427,106.0179879,75,Moderate,1,17.4,93,0.1,6.7,114,974.3,96,38.4,39.0,319.0,6.1,75.0,11.1
2026-01-19 05:00:00,2026,1,19,5,Cao Bằng,Xã Tam Kim,22.606427,106.0179879,78,Moderate,1,17.3,94,0.0,6.5,113,974.5,100,36.7,37.3,332.0,6.1,74.0,11.2
2026-01-19 06:00:00,2026,1,19,6,Cao Bằng,Xã Tam Kim,22.606427,106.0179879,80,Moderate,1,17.5,93,0.0,6.6,116,975.2,100,36.8,37.4,355.0,6.7,71.0,10.9
2026-01-19 07:00:00,2026,1,19,7,Cao Bằng,Xã Tam Kim,22.606427,106.0179879,83,Moderate,1,17.6,94,0.0,5.5,136,976.3,100,37.6,38.3,363.0,6.7,62.0,8.6
2026-01-19 08:00:00,2026,1,19,8,Cao Bằng,Xã Tam Kim,22.606427,106.0179879,85,Moderate,1,18.8,89,0.0,8.0,152,977.2,100,42.5,43.7,339.0,5.9,70.0,7.0
2026-01-19 09:00:00,2026,1,19,9,Cao Bằng,Xã Tam Kim,22.606427,106.0179879,88,Moderate,1,19.6,83,0.1,11.1,173,977.8,74,43.5,44.9,301.0,4.7,80.0,4.7
2026-01-19 10:00:00,2026,1,19,10,Cao Bằng,Xã Tam Kim,22.606427,106.0179879,91,Moderate,1,20.8,76,0.2,12.3,174,978.2,79,40.2,41.4,273.0,3.8,89.0,3.0
2026-01-19 11:00:00,2026,1,19,11,Cao Bằng,Xã Tam Kim,22.606427,106.0179879,94,Moderate,1,21.9,71,0.3,13.4,175,977.4,52,37.4,38.5,266.0,3.2,95.0,2.3
2026-01-19 12:00:00,2026,1,19,12,Cao Bằng,Xã Tam Kim,22.606427,106.0179879,96,Moderate,1,23.0,64,0.2,13.4,172,976.4,88,35.4,36.2,270.0,2.7,99.0,2.0
2026-01-19 13:00:00,2026,1,19,13,Cao Bằng,Xã Tam Kim,22.606427,106.0179879,98,Moderate,1,23.5,57,0.1,13.3,180,975.5,52,34.0,34.8,276.0,2.7,102.0,2.1
2026-01-19 14:00:00,2026,1,19,14,Cao Bằng,Xã Tam Kim,22.606427,106.0179879,99,Moderate,1,24.3,53,0.0,13.0,178,974.4,94,31.7,32.4,281.0,3.0,106.0,2.3
2026-01-19 15:00:00,2026,1,19,15,Cao Bằng,Xã Tam Kim,22.606427,106.0179879,101,Unhealthy for Sensitive Groups,2,24.2,52,0.0,12.2,181,973.8,47,31.9,32.5,288.0,3.7,110.0,2.8
2026-01-19 16:00:00,2026,1,19,16,Cao Bằng,Xã Tam Kim,22.606427,106.0179879,103,Unhealthy for Sensitive Groups,2,23.9,53,0.0,12.3,185,973.7,38,30.4,31.0,304.0,5.3,109.0,3.6
2026-01-19 17:00:00,2026,1,19,17,Cao Bằng,Xã Tam Kim,22.606427,106.0179879,104,Unhealthy for Sensitive Groups,2,22.1,66,0.0,10.2,170,974.0,15,30.7,31.2,338.0,8.6,100.0,4.8
2026-01-19 18:00:00,2026,1,19,18,Cao Bằng,Xã Tam Kim,22.606427,106.0179879,105,Unhealthy for Sensitive Groups,2,19.0,81,0.0,8.0,172,974.2,7,32.9,33.4,380.0,12.7,86.0,6.4
2026-01-19 19:00:00,2026,1,19,19,Cao Bằng,Xã Tam Kim,22.606427,106.0179879,106,Unhealthy for Sensitive Groups,2,17.6,92,0.0,5.2,180,974.8,70,39.3,40.2,403.0,11.1,85.0,7.2
2026-01-19 20:00:00,2026,1,19,20,Cao Bằng,Xã Tam Kim,22.606427,106.0179879,107,Unhealthy for Sensitive Groups,2,17.3,92,0.0,5.4,172,975.2,92,41.6,42.4,389.0,11.6,81.0,7.7
2026-01-19 21:00:00,2026,1,19,21,Cao Bằng,Xã Tam Kim,22.606427,106.0179879,107,Unhealthy for Sensitive Groups,2,16.9,94,0.0,4.6,162,975.6,100,43.3,44.0,354.0,12.4,75.0,8.4
2026-01-19 22:00:00,2026,1,19,22,Cao Bằng,Xã Tam Kim,22.606427,106.0179879,108,Unhealthy for Sensitive Groups,2,17.7,94,0.1,4.2,126,976.0,100,44.5,45.2,325.0,12.5,70.0,8.8
2026-01-19 23:00:00,2026,1,19,23,Cao Bằng,Xã Tam Kim,22.606427,106.0179879,108,Unhealthy for Sensitive Groups,2,18.1,97,0.1,6.6,123,976.1,100,44.5,45.1,310.0,11.7,68.0,8.9
2026-01-20 00:00:00,2026,1,20,0,Cao Bằng,Xã Tam Kim,22.606427,106.0179879,108,Unhealthy for Sensitive Groups,2,18.4,96,0.1,9.0,127,976.2,100,42.1,42.7,299.0,10.3,67.0,8.7
2026-01-20 01:00:00,2026,1,20,1,Cao Bằng,Xã Tam Kim,22.606427,106.0179879,108,Unhealthy for Sensitive Groups,2,18.1,98,0.0,8.0,134,976.1,93,29.4,29.8,289.0,8.9,66.0,8.2
2026-01-20 02:00:00,2026,1,20,2,Cao Bằng,Xã Tam Kim,22.606427,106.0179879,106,Unhealthy for Sensitive Groups,2,18.2,97,0.0,5.5,113,975.8,100,18.9,19.2,273.0,7.5,64.0,7.0
2026-01-20 03:00:00,2026,1,20,3,Cao Bằng,Xã Tam Kim,22.606427,106.0179879,103,Unhealthy for Sensitive Groups,2,18.2,99,0.4,4.7,74,975.7,100,13.4,13.7,256.0,6.2,63.0,5.4
2026-01-20 04:00:00,2026,1,20,4,Cao Bằng,Xã Tam Kim,22.606427,106.0179879,101,Unhealthy for Sensitive Groups,2,18.0,98,1.2,2.4,77,975.8,100,9.7,9.9,254.0,5.4,61.0,4.2
2026-01-20 05:00:00,2026,1,20,5,Cao Bằng,Xã Tam Kim,22.606427,106.0179879,98,Moderate,1,18.1,98,1.0,2.7,90,976.2,100,8.7,8.9,281.0,5.6,58.0,3.8
2026-01-20 06:00:00,2026,1,20,6,Cao Bằng,Xã Tam Kim,22.606427,106.0179879,95,Moderate,1,18.0,97,0.7,2.9,97,977.0,100,10.6,10.9,323.0,6.4,56.0,3.9
2026-01-20 07:00:00,2026,1,20,7,Cao Bằng,Xã Tam Kim,22.606427,106.0179879,93,Moderate,1,18.1,98,0.7,4.4,150,977.9,100,3.2,3.2,343.0,8.7,39.0,4.5
2026-01-20 08:00:00,2026,1,20,8,Cao Bằng,Xã Tam Kim,22.606427,106.0179879,90,Moderate,1,19.1,97,0.2,6.8,127,979.0,14,2.9,2.9,320.0,7.4,48.0,5.3
2026-01-20 09:00:00,2026,1,20,9,Cao Bằng,Xã Tam Kim,22.606427,106.0179879,87,Moderate,1,20.2,91,0.1,5.7,143,980.0,16,3.1,3.1,277.0,5.5,62.0,6.5
2026-01-20 10:00:00,2026,1,20,10,Cao Bằng,Xã Tam Kim,22.606427,106.0179879,83,Moderate,1,22.0,75,0.0,8.2,157,980.5,18,3.5,3.6,244.0,4.0,74.0,7.0
2026-01-20 11:00:00,2026,1,20,11,Cao Bằng,Xã Tam Kim,22.606427,106.0179879,80,Moderate,1,22.9,69,0.2,11.0,165,980.1,18,5.1,5.2,235.0,3.0,85.0,6.3
2026-01-20 12:00:00,2026,1,20,12,Cao Bằng,Xã Tam Kim,22.606427,106.0179879,77,Moderate,1,23.0,69,0.5,11.5,177,979.1,48,6.6,6.7,237.0,2.4,95.0,5.1
2026-01-20 13:00:00,2026,1,20,13,Cao Bằng,Xã Tam Kim,22.606427,106.0179879,74,Moderate,1,24.6,55,1.0,11.8,169,978.3,19,8.4,8.4,240.0,2.4,99.0,4.4
2026-01-20 14:00:00,2026,1,20,14,Cao Bằng,Xã Tam Kim,22.606427,106.0179879,72,Moderate,1,24.8,55,0.0,13.0,170,977.3,34,7.4,7.5,231.0,3.3,95.0,4.7
2026-01-20 15:00:00,2026,1,20,15,Cao Bằng,Xã Tam Kim,22.606427,106.0179879,70,Moderate,1,25.0,52,0.0,12.1,157,976.8,88,6.9,7.0,224.0,4.7,86.0,5.5
2026-01-20 16:00:00,2026,1,20,16,Cao Bằng,Xã Tam Kim,22.606427,106.0179879,68,Moderate,1,24.2,56,0.0,10.5,167,976.8,30,5.9,5.9,252.0,6.4,76.0,6.6
2026-01-20 17:00:00,2026,1,20,17,Cao Bằng,Xã Tam Kim,22.606427,106.0179879,65,Moderate,1,22.6,65,0.0,8.3,164,977.1,49,5.5,5.5,353.0,8.4,63.0,8.1
2026-01-20 18:00:00,2026,1,20,18,Cao Bằng,Xã Tam Kim,22.606427,106.0179879,63,Moderate,1,19.6,80,0.3,12.7,119,978.1,77,4.8,4.8,489.0,10.5,49.0,9.8
2026-01-20 19:00:00,2026,1,20,19,Cao Bằng,Xã Tam Kim,22.606427,106.0179879,61,Moderate,1,16.5,97,1.2,12.2,110,979.0,100,20.4,20.7,582.0,8.3,61.0,8.2
2026-01-20 20:00:00,2026,1,20,20,Cao Bằng,Xã Tam Kim,22.606427,106.0179879,59,Moderate,1,16.2,97,1.1,9.1,122,980.2,100,17.8,17.9,591.0,8.0,54.0,9.0
2026-01-20 21:00:00,2026,1,20,21,Cao Bằng,Xã Tam Kim,22.606427,106.0179879,57,Moderate,1,15.6,97,0.6,8.0,144,981.1,100,15.0,15.1,558.0,7.7,43.0,10.1
2026-01-20 22:00:00,2026,1,20,22,Cao Bằng,Xã Tam Kim,22.606427,106.0179879,54,Moderate,1,14.8,97,1.2,8.0,152,982.0,100,13.1,13.1,527.0,7.4,35.0,10.8
2026-01-20 23:00:00,2026,1,20,23,Cao Bằng,Xã Tam Kim,22.606427,106.0179879,52,Moderate,1,14.1,95,0.5,8.8,152,982.3,100,11.6,11.6,513.0,7.4,30.0,10.8
2026-01-21 00:00:00,2026,1,21,0,Cao Bằng,Xã Tam Kim,22.606427,106.0179879,48,Good,0,13.5,97,0.1,8.6,154,982.7,100,10.8,10.8,502.0,7.5,28.0,10.3
2026-01-21 01:00:00,2026,1,21,1,Cao Bằng,Xã Tam Kim,22.606427,106.0179879,42,Good,0,14.9,97,0.2,8.5,144,982.0,100,10.0,10.0,492.0,7.4,26.0,9.9
2026-01-21 02:00:00,2026,1,21,2,Cao Bằng,Xã Tam Kim,22.606427,106.0179879,39,Good,0,14.1,97,1.1,10.2,144,981.9,100,9.1,9.1,483.0,7.0,26.0,9.5
2026-01-21 03:00:00,2026,1,21,3,Cao Bằng,Xã Tam Kim,22.606427,106.0179879,37,Good,0,13.1,97,1.0,10.2,143,982.3,100,8.4,8.4,477.0,6.4,26.0,9.1
2026-01-21 04:00:00,2026,1,21,4,Cao Bằng,Xã Tam Kim,22.606427,106.0179879,36,Good,0,12.3,97,0.6,9.2,157,982.7,100,7.5,7.5,476.0,6.0,27.0,8.8
2026-01-21 05:00:00,2026,1,21,5,Cao Bằng,Xã Tam Kim,22.606427,106.0179879,36,Good,0,11.8,93,0.4,9.2,159,982.9,100,6.6,6.6,486.0,6.0,27.0,8.5
2026-01-21 06:00:00,2026,1,21,6,Cao Bằng,Xã Tam Kim,22.606427,106.0179879,35,Good,0,11.1,97,0.3,8.5,167,983.6,100,5.6,5.6,502.0,6.3,27.0,8.2
2026-01-21 07:00:00,2026,1,21,7,Cao Bằng,Xã Tam Kim,22.606427,106.0179879,35,Good,0,11.2,96,0.7,6.4,155,984.3,100,3.7,3.7,513.0,6.4,27.0,8.1
2026-01-21 08:00:00,2026,1,21,8,Cao Bằng,Xã Tam Kim,22.606427,106.0179879,35,Good,0,11.1,96,0.4,7.0,145,985.3,100,3.3,3.5,515.0,6.2,29.0,8.3
2026-01-21 09:00:00,2026,1,21,9,Cao Bằng,Xã Tam Kim,22.606427,106.0179879,35,Good,0,10.9,97,0.6,8.1,141,986.6,100,2.6,2.7,513.0,5.8,32.0,8.7
2026-01-21 10:00:00,2026,1,21,10,Cao Bằng,Xã Tam Kim,22.606427,106.0179879,35,Good,0,10.6,97,0.8,8.2,142,987.1,100,2.4,2.5,511.0,5.5,35.0,8.9
2026-01-21 11:00:00,2026,1,21,11,Cao Bằng,Xã Tam Kim,22.606427,106.0179879,34,Good,0,10.4,96,0.9,8.2,148,987.2,100,2.4,2.4,510.0,5.2,38.0,9.0
2026-01-21 12:00:00,2026,1,21,12,Cao Bằng,Xã Tam Kim,22.606427,106.0179879,34,Good,0,10.2,97,0.8,8.9,148,986.3,100,2.8,2.8,508.0,5.0,41.0,9.0
2026-01-21 13:00:00,2026,1,21,13,Cao Bằng,Xã Tam Kim,22.606427,106.0179879,33,Good,0,10.4,88,0.2,6.0,136,985.4,100,2.9,2.9,508.0,5.0,44.0,8.9
2026-01-21 14:00:00,2026,1,21,14,Cao Bằng,Xã Tam Kim,22.606427,106.0179879,32,Good,0,11.0,85,0.3,7.4,131,984.4,100,3.1,3.1,512.0,5.1,46.0,8.8
2026-01-21 15:00:00,2026,1,21,15,Cao Bằng,Xã Tam Kim,22.606427,106.0179879,32,Good,0,10.7,87,0.4,7.3,144,983.8,100,3.4,3.4,517.0,5.5,47.0,8.6
2026-01-21 16:00:00,2026,1,21,16,Cao Bằng,Xã Tam Kim,22.606427,106.0179879,31,Good,0,10.1,96,0.6,9.0,158,983.8,100,3.4,3.4,519.0,6.0,47.0,8.5
2026-01-21 17:00:00,2026,1,21,17,Cao Bằng,Xã Tam Kim,22.606427,106.0179879,31,Good,0,9.6,93,0.1,10.1,169,984.1,100,3.7,3.7,516.0,7.0,46.0,8.6
2026-01-21 18:00:00,2026,1,21,18,Cao Bằng,Xã Tam Kim,22.606427,106.0179879,30,Good,0,9.6,85,0.1,9.7,170,984.4,100,4.4,4.4,511.0,8.2,43.0,8.8
2026-01-21 19:00:00,2026,1,21,19,Cao Bằng,Xã Tam Kim,22.606427,106.0179879,30,Good,0,9.1,97,0.2,8.3,158,985.2,100,6.1,6.1,502.0,8.7,41.0,9.0
2026-01-21 20:00:00,2026,1,21,20,Cao Bằng,Xã Tam Kim,22.606427,106.0179879,28,Good,0,8.8,97,0.2,8.3,160,985.5,100,6.7,6.7,488.0,8.6,40.0,9.0
2026-01-21 21:00:00,2026,1,21,21,Cao Bằng,Xã Tam Kim,22.606427,106.0179879,26,Good,0,8.5,96,0.1,8.6,168,985.8,100,6.9,6.9,471.0,8.5,40.0,9.0
2026-01-21 22:00:00,2026,1,21,22,Cao Bằng,Xã Tam Kim,22.606427,106.0179879,24,Good,0,8.2,97,0.5,7.3,169,986.2,100,6.9,6.9,457.0,8.3,39.0,9.0
2026-01-21 23:00:00,2026,1,21,23,Cao Bằng,Xã Tam Kim,22.606427,106.0179879,23,Good,0,8.1,97,0.4,7.4,173,986.4,100,7.0,7.0,449.0,8.0,38.0,8.9
2026-01-22 00:00:00,2026,1,22,0,Cao Bằng,Xã Tam Kim,22.606427,106.0179879,23,Good,0,8.0,97,0.3,7.4,184,986.6,100,7.0,7.0,444.0,7.7,38.0,8.7
2026-01-22 01:00:00,2026,1,22,1,Cao Bằng,Xã Tam Kim,22.606427,106.0179879,22,Good,0,8.3,98,0.4,6.7,175,986.7,100,6.9,6.9,439.0,7.3,38.0,8.4
2026-01-22 02:00:00,2026,1,22,2,Cao Bằng,Xã Tam Kim,22.606427,106.0179879,21,Good,0,8.3,98,0.3,7.4,167,986.5,100,6.6,6.6,431.0,6.7,39.0,8.0
2026-01-22 03:00:00,2026,1,22,3,Cao Bằng,Xã Tam Kim,22.606427,106.0179879,21,Good,0,8.1,98,0.3,7.6,158,986.7,100,6.2,6.2,423.0,6.0,41.0,7.6
2026-01-22 04:00:00,2026,1,22,4,Cao Bằng,Xã Tam Kim,22.606427,106.0179879,21,Good,0,7.9,98,0.5,7.4,157,986.9,100,6.0,6.0,421.0,5.5,42.0,7.3
2026-01-22 05:00:00,2026,1,22,5,Cao Bằng,Xã Tam Kim,22.606427,106.0179879,20,Good,0,7.7,98,0.5,5.9,153,987.5,100,6.0,6.0,432.0,5.3,43.0,7.1
2026-01-22 06:00:00,2026,1,22,6,Cao Bằng,Xã Tam Kim,22.606427,106.0179879,20,Good,0,7.8,97,0.3,3.9,143,988.4,100,5.8,5.8,450.0,5.3,43.0,6.9
2026-01-22 07:00:00,2026,1,22,7,Cao Bằng,Xã Tam Kim,22.606427,106.0179879,20,Good,0,7.9,98,0.3,3.8,65,989.3,100,4.9,4.9,458.0,5.5,41.0,6.9
2026-01-22 08:00:00,2026,1,22,8,Cao Bằng,Xã Tam Kim,22.606427,106.0179879,20,Good,0,7.9,90,0.3,4.1,45,990.3,100,4.9,4.9,449.0,5.2,44.0,6.9
2026-01-22 09:00:00,2026,1,22,9,Cao Bằng,Xã Tam Kim,22.606427,106.0179879,21,Good,0,8.2,88,0.1,2.7,8,991.2,98,4.1,4.1,430.0,4.7,48.0,7.0
2026-01-22 10:00:00,2026,1,22,10,Cao Bằng,Xã Tam Kim,22.606427,106.0179879,21,Good,0,8.6,77,0.0,3.5,9,991.3,100,3.3,3.3,412.0,4.2,52.0,7.0
2026-01-22 11:00:00,2026,1,22,11,Cao Bằng,Xã Tam Kim,22.606427,106.0179879,21,Good,0,9.3,70,0.0,1.0,158,990.6,100,2.6,2.6,398.0,3.7,56.0,6.9
2026-01-22 12:00:00,2026,1,22,12,Cao Bằng,Xã Tam Kim,22.606427,106.0179879,21,Good,0,10.5,63,0.0,2.7,160,989.5,100,2.4,2.4,385.0,3.3,60.0,6.7
2026-01-22 13:00:00,2026,1,22,13,Cao Bằng,Xã Tam Kim,22.606427,106.0179879,22,Good,0,11.1,59,0.0,2.3,162,988.1,97,2.7,2.7,374.0,3.0,63.0,6.6
2026-01-22 14:00:00,2026,1,22,14,Cao Bằng,Xã Tam Kim,22.606427,106.0179879,24,Good,0,11.4,58,0.0,6.9,165,987.1,98,3.2,3.2,366.0,2.6,66.0,6.5
2026-01-22 15:00:00,2026,1,22,15,Cao Bằng,Xã Tam Kim,22.606427,106.0179879,25,Good,0,11.4,56,0.0,8.4,173,986.5,94,3.7,3.7,360.0,2.4,68.0,6.5
2026-01-22 16:00:00,2026,1,22,16,Cao Bằng,Xã Tam Kim,22.606427,106.0179879,26,Good,0,11.2,56,0.0,7.6,187,986.2,100,4.1,4.1,357.0,3.3,67.0,6.5
2026-01-22 17:00:00,2026,1,22,17,Cao Bằng,Xã Tam Kim,22.606427,106.0179879,28,Good,0,10.8,61,0.0,5.8,194,986.5,99,4.5,4.5,356.0,6.4,60.0,6.7
2026-01-22 18:00:00,2026,1,22,18,Cao Bằng,Xã Tam Kim,22.606427,106.0179879,29,Good,0,10.4,61,0.0,6.2,197,986.9,99,6.1,6.1,358.0,10.6,50.0,6.9
2026-01-22 19:00:00,2026,1,22,19,Cao Bằng,Xã Tam Kim,22.606427,106.0179879,28,Good,0,9.5,66,0.0,6.3,175,987.7,98,9.6,9.6,359.0,5.9,57.0,6.8
2026-01-22 20:00:00,2026,1,22,20,Cao Bằng,Xã Tam Kim,22.606427,106.0179879,28,Good,0,9.3,67,0.0,5.8,182,988.4,99,10.7,10.7,358.0,6.0,56.0,6.9
2026-01-22 21:00:00,2026,1,22,21,Cao Bằng,Xã Tam Kim,22.606427,106.0179879,28,Good,0,9.0,68,0.0,5.5,189,988.6,94,11.1,11.1,357.0,6.2,54.0,7.0
2026-01-22 22:00:00,2026,1,22,22,Cao Bằng,Xã Tam Kim,22.606427,106.0179879,28,Good,0,8.8,68,0.0,5.0,199,988.7,88,11.5,11.5,356.0,6.3,53.0,7.1
2026-01-22 23:00:00,2026,1,22,23,Cao Bằng,Xã Tam Kim,22.606427,106.0179879,27,Good,0,8.5,73,0.0,4.1,203,988.4,83,11.6,11.6,355.0,6.2,52.0,7.1
2026-01-23 00:00:00,2026,1,23,0,Cao Bằng,Xã Tam Kim,22.606427,106.0179879,26,Good,0,8.5,71,0.0,3.9,202,988.4,83,11.8,11.8,355.0,6.0,52.0,7.0
2026-01-23 01:00:00,2026,1,23,1,Cao Bằng,Xã Tam Kim,22.606427,106.0179879,26,Good,0,8.0,76,0.0,2.3,212,988.5,75,12.1,12.1,354.0,5.8,51.0,7.0
2026-01-23 02:00:00,2026,1,23,2,Cao Bằng,Xã Tam Kim,22.606427,106.0179879,27,Good,0,8.0,76,0.0,2.5,188,988.0,81,12.6,12.6,349.0,5.6,50.0,7.0
2026-01-23 03:00:00,2026,1,23,3,Cao Bằng,Xã Tam Kim,22.606427,106.0179879,28,Good,0,8.0,74,0.0,2.7,188,987.8,76,13.4,13.4,343.0,5.3,49.0,6.9
2026-01-23 04:00:00,2026,1,23,4,Cao Bằng,Xã Tam Kim,22.606427,106.0179879,29,Good,0,8.0,73,0.0,2.9,187,987.5,84,14.9,14.9,346.0,5.3,48.0,6.9
2026-01-23 05:00:00,2026,1,23,5,Cao Bằng,Xã Tam Kim,22.606427,106.0179879,31,Good,0,7.9,73,0.0,3.0,194,987.4,84,15.2,15.2,369.0,5.6,46.0,7.0
2026-01-23 06:00:00,2026,1,23,6,Cao Bằng,Xã Tam Kim,22.606427,106.0179879,32,Good,0,8.0,72,0.0,2.8,195,987.9,86,16.3,16.3,401.0,6.1,45.0,7.1
2026-01-23 07:00:00,2026,1,23,7,Cao Bằng,Xã Tam Kim,22.606427,106.0179879,34,Good,0,8.1,68,0.0,3.2,161,988.6,97,10.7,10.7,422.0,6.2,45.0,7.2
2026-01-23 08:00:00,2026,1,23,8,Cao Bằng,Xã Tam Kim,22.606427,106.0179879,35,Good,0,8.5,65,0.0,2.8,153,989.1,98,11.9,11.9,423.0,6.3,45.0,7.3
2026-01-23 09:00:00,2026,1,23,9,Cao Bằng,Xã Tam Kim,22.606427,106.0179879,36,Good,0,9.2,62,0.0,2.1,149,989.6,97,12.9,12.9,412.0,6.4,46.0,7.5
2026-01-23 10:00:00,2026,1,23,10,Cao Bằng,Xã Tam Kim,22.606427,106.0179879,38,Good,0,10.3,59,0.0,3.1,126,989.7,97,13.2,13.2,403.0,6.2,49.0,7.7
2026-01-23 11:00:00,2026,1,23,11,Cao Bằng,Xã Tam Kim,22.606427,106.0179879,40,Good,0,10.8,58,0.0,4.5,127,988.9,100,12.7,12.8,396.0,5.5,55.0,7.8
2026-01-23 12:00:00,2026,1,23,12,Cao Bằng,Xã Tam Kim,22.606427,106.0179879,41,Good,0,12.0,54,0.0,6.0,119,987.8,100,11.0,11.0,390.0,4.4,63.0,7.9
2026-01-23 13:00:00,2026,1,23,13,Cao Bằng,Xã Tam Kim,22.606427,106.0179879,43,Good,0,12.1,55,0.0,5.9,113,987.0,100,11.1,11.2,389.0,3.7,69.0,8.0
2026-01-23 14:00:00,2026,1,23,14,Cao Bằng,Xã Tam Kim,22.606427,106.0179879,44,Good,0,12.6,56,0.0,7.4,116,985.8,95,11.8,11.8,389.0,3.4,72.0,8.2
2026-01-23 15:00:00,2026,1,23,15,Cao Bằng,Xã Tam Kim,22.606427,106.0179879,46,Good,0,12.7,57,0.0,8.0,113,984.9,98,12.5,12.5,394.0,3.5,73.0,8.4
2026-01-23 16:00:00,2026,1,23,16,Cao Bằng,Xã Tam Kim,22.606427,106.0179879,47,Good,0,12.7,59,0.0,8.0,113,984.8,99,13.2,13.2,417.0,3.9,72.0,8.6
2026-01-23 17:00:00,2026,1,23,17,Cao Bằng,Xã Tam Kim,22.606427,106.0179879,49,Good,0,12.1,62,0.0,6.7,110,984.5,93,13.9,13.9,478.0,5.0,69.0,8.9
2026-01-23 18:00:00,2026,1,23,18,Cao Bằng,Xã Tam Kim,22.606427,106.0179879,50,Good,0,10.9,70,0.0,4.0,126,984.7,80,14.8,14.8,557.0,6.6,64.0,9.3
2026-01-23 19:00:00,2026,1,23,19,Cao Bằng,Xã Tam Kim,22.606427,106.0179879,51,Moderate,1,10.3,72,0.0,4.2,133,986.3,95,19.8,19.8,608.0,6.9,55.0,9.5
2026-01-23 20:00:00,2026,1,23,20,Cao Bằng,Xã Tam Kim,22.606427,106.0179879,52,Moderate,1,10.1,70,0.0,4.5,127,986.8,91,21.2,21.2,605.0,7.0,53.0,9.8
2026-01-23 21:00:00,2026,1,23,21,Cao Bằng,Xã Tam Kim,22.606427,106.0179879,53,Moderate,1,9.9,70,0.0,3.3,135,987.2,90,21.6,21.6,574.0,7.2,51.0,10.1
2026-01-23 22:00:00,2026,1,23,22,Cao Bằng,Xã Tam Kim,22.606427,106.0179879,54,Moderate,1,9.6,75,0.0,2.3,184,987.5,88,21.5,21.5,544.0,7.3,49.0,10.4
2026-01-23 23:00:00,2026,1,23,23,Cao Bằng,Xã Tam Kim,22.606427,106.0179879,55,Moderate,1,9.5,76,0.0,0.6,236,987.4,84,21.4,21.4,525.0,7.2,48.0,10.5
2026-01-24 00:00:00,2026,1,24,0,Cao Bằng,Xã Tam Kim,22.606427,106.0179879,56,Moderate,1,9.3,78,0.0,1.0,292,987.3,87,21.7,21.7,507.0,7.1,46.0,10.5
2026-01-24 01:00:00,2026,1,24,1,Cao Bằng,Xã Tam Kim,22.606427,106.0179879,57,Moderate,1,8.5,75,0.0,1.9,311,987.5,86,21.9,22.0,488.0,6.9,45.0,10.5
2026-01-24 02:00:00,2026,1,24,2,Cao Bằng,Xã Tam Kim,22.606427,106.0179879,57,Moderate,1,8.7,75,0.0,0.7,284,986.8,88,22.2,22.3,464.0,6.7,43.0,10.4
2026-01-24 03:00:00,2026,1,24,3,Cao Bằng,Xã Tam Kim,22.606427,106.0179879,58,Moderate,1,8.5,76,0.0,1.1,198,986.5,95,22.5,22.6,440.0,6.5,42.0,10.3
2026-01-24 04:00:00,2026,1,24,4,Cao Bằng,Xã Tam Kim,22.606427,106.0179879,59,Moderate,1,8.5,76,0.0,2.1,232,986.3,96,22.8,22.8,429.0,6.4,40.0,10.3
2026-01-24 05:00:00,2026,1,24,5,Cao Bằng,Xã Tam Kim,22.606427,106.0179879,60,Moderate,1,8.5,77,0.0,2.4,253,986.4,100,23.1,23.2,444.0,6.7,38.0,10.3
2026-01-24 06:00:00,2026,1,24,6,Cao Bằng,Xã Tam Kim,22.606427,106.0179879,60,Moderate,1,8.7,77,0.0,2.0,275,986.7,100,23.5,23.5,472.0,7.2,36.0,10.4
2026-01-24 07:00:00,2026,1,24,7,Cao Bằng,Xã Tam Kim,22.606427,106.0179879,61,Moderate,1,8.5,81,0.0,2.0,275,987.1,91,19.3,19.3,486.0,6.4,38.0,10.5
2026-01-24 08:00:00,2026,1,24,8,Cao Bằng,Xã Tam Kim,22.606427,106.0179879,62,Moderate,1,9.2,76,0.0,1.5,234,987.5,97,18.9,18.9,471.0,6.1,41.0,10.8
2026-01-24 09:00:00,2026,1,24,9,Cao Bằng,Xã Tam Kim,22.606427,106.0179879,62,Moderate,1,10.3,73,0.0,1.6,243,987.9,93,17.3,17.3,443.0,5.7,46.0,11.2
2026-01-24 10:00:00,2026,1,24,10,Cao Bằng,Xã Tam Kim,22.606427,106.0179879,63,Moderate,1,11.3,70,0.0,1.1,180,988.2,95,16.1,16.1,423.0,5.3,50.0,11.9
2026-01-24 11:00:00,2026,1,24,11,Cao Bằng,Xã Tam Kim,22.606427,106.0179879,63,Moderate,1,12.1,67,0.0,3.3,139,987.4,99,15.2,15.3,423.0,5.0,54.0,13.1
2026-01-24 12:00:00,2026,1,24,12,Cao Bằng,Xã Tam Kim,22.606427,106.0179879,63,Moderate,1,12.9,66,0.0,5.7,145,986.1,98,16.9,17.0,431.0,4.7,57.0,14.6
2026-01-24 13:00:00,2026,1,24,13,Cao Bằng,Xã Tam Kim,22.606427,106.0179879,64,Moderate,1,13.3,66,0.0,6.8,151,985.0,100,16.5,16.5,439.0,4.6,60.0,15.8
2026-01-24 14:00:00,2026,1,24,14,Cao Bằng,Xã Tam Kim,22.606427,106.0179879,64,Moderate,1,13.7,66,0.0,7.4,148,983.5,100,16.8,16.9,440.0,4.7,61.0,16.5
2026-01-24 15:00:00,2026,1,24,15,Cao Bằng,Xã Tam Kim,22.606427,106.0179879,65,Moderate,1,13.9,66,0.0,8.5,145,982.5,100,16.6,16.6,440.0,5.0,61.0,16.9
2026-01-24 16:00:00,2026,1,24,16,Cao Bằng,Xã Tam Kim,22.606427,106.0179879,65,Moderate,1,13.9,68,0.0,8.7,133,981.9,100,16.2,16.2,445.0,5.6,60.0,17.2
2026-01-24 17:00:00,2026,1,24,17,Cao Bằng,Xã Tam Kim,22.606427,106.0179879,65,Moderate,1,13.4,73,0.0,9.1,122,981.9,100,16.0,16.1,462.0,6.7,57.0,17.3
2026-01-24 18:00:00,2026,1,24,18,Cao Bằng,Xã Tam Kim,22.606427,106.0179879,66,Moderate,1,12.7,77,0.0,8.9,119,981.9,100,16.6,16.7,483.0,8.2,52.0,17.3
2026-01-24 19:00:00,2026,1,24,19,Cao Bằng,Xã Tam Kim,22.606427,106.0179879,66,Moderate,1,12.0,81,0.0,7.4,112,982.5,100,15.1,15.1,496.0,8.9,40.0,18.1
2026-01-24 20:00:00,2026,1,24,20,Cao Bằng,Xã Tam Kim,22.606427,106.0179879,65,Moderate,1,11.6,84,0.0,6.6,101,982.7,100,14.2,14.2,492.0,8.8,39.0,18.4
2026-01-24 21:00:00,2026,1,24,21,Cao Bằng,Xã Tam Kim,22.606427,106.0179879,65,Moderate,1,11.4,86,0.0,6.0,95,982.5,100,11.5,11.5,478.0,8.6,38.0,18.7
2026-01-24 22:00:00,2026,1,24,22,Cao Bằng,Xã Tam Kim,22.606427,106.0179879,64,Moderate,1,11.3,87,0.0,5.3,80,982.1,100,10.9,10.9,466.0,8.4,37.0,18.8
2026-01-24 23:00:00,2026,1,24,23,Cao Bằng,Xã Tam Kim,22.606427,106.0179879,63,Moderate,1,11.3,87,0.0,4.5,76,981.7,100,11.4,11.4,458.0,8.1,36.0,18.4
2026-01-25 00:00:00,2026,1,25,0,Cao Bằng,Xã Tam Kim,22.606427,106.0179879,62,Moderate,1,11.3,88,0.0,4.4,71,981.2,100,11.6,11.7,452.0,7.8,35.0,17.9
2026-01-25 01:00:00,2026,1,25,1,Cao Bằng,Xã Tam Kim,22.606427,106.0179879,61,Moderate,1,11.1,88,0.0,4.9,80,980.5,100,12.0,12.0,448.0,7.5,34.0,17.4
2026-01-25 02:00:00,2026,1,25,2,Cao Bằng,Xã Tam Kim,22.606427,106.0179879,60,Moderate,1,11.2,88,0.0,4.4,78,979.7,100,11.1,11.1,445.0,7.1,33.0,17.2
2026-01-25 03:00:00,2026,1,25,3,Cao Bằng,Xã Tam Kim,22.606427,106.0179879,59,Moderate,1,11.3,89,0.0,4.1,75,979.1,100,9.5,9.6,444.0,6.8,33.0,17.1
2026-01-25 04:00:00,2026,1,25,4,Cao Bằng,Xã Tam Kim,22.606427,106.0179879,58,Moderate,1,11.5,89,0.0,4.1,77,978.9,100,8.8,8.8,457.0,6.9,32.0,17.2
2026-01-25 05:00:00,2026,1,25,5,Cao Bằng,Xã Tam Kim,22.606427,106.0179879,57,Moderate,1,11.6,90,0.0,4.0,85,979.0,100,7.9,7.9,497.0,7.7,30.0,17.6
2026-01-25 06:00:00,2026,1,25,6,Cao Bằng,Xã Tam Kim,22.606427,106.0179879,55,Moderate,1,11.7,91,0.0,3.6,93,979.6,100,7.4,7.4,549.0,8.9,27.0,18.2
2026-01-25 07:00:00,2026,1,25,7,Cao Bằng,Xã Tam Kim,22.606427,106.0179879,54,Moderate,1,12.3,90,0.0,2.7,113,980.6,100,3.7,3.7,581.0,10.9,24.0,20.0
2026-01-25 08:00:00,2026,1,25,8,Cao Bằng,Xã Tam Kim,22.606427,106.0179879,53,Moderate,1,13.0,87,0.0,3.6,99,981.3,100,4.0,4.0,574.0,11.3,24.0,21.7
2026-01-25 09:00:00,2026,1,25,9,Cao Bằng,Xã Tam Kim,22.606427,106.0179879,51,Moderate,1,14.0,84,0.0,4.5,90,982.1,100,4.4,4.4,546.0,11.9,25.0,24.0
2026-01-25 10:00:00,2026,1,25,10,Cao Bằng,Xã Tam Kim,22.606427,106.0179879,50,Good,0,15.4,80,0.0,5.1,138,982.4,100,4.8,4.8,519.0,11.8,30.0,24.5
2026-01-25 11:00:00,2026,1,25,11,Cao Bằng,Xã Tam Kim,22.606427,106.0179879,48,Good,0,17.0,74,0.0,7.3,169,981.8,100,5.8,5.9,499.0,10.6,41.0,21.9
2026-01-25 12:00:00,2026,1,25,12,Cao Bằng,Xã Tam Kim,22.606427,106.0179879,47,Good,0,18.0,72,0.1,9.7,183,980.8,85,9.8,9.8,479.0,8.7,56.0,17.6
2026-01-25 13:00:00,2026,1,25,13,Cao Bằng,Xã Tam Kim,22.606427,106.0179879,46,Good,0,18.1,71,0.0,9.0,183,980.2,100,15.8,15.8,461.0,7.5,69.0,13.6
2026-01-25 14:00:00,2026,1,25,14,Cao Bằng,Xã Tam Kim,22.606427,106.0179879,45,Good,0,18.4,71,0.0,8.8,181,979.7,100,23.5,23.6,436.0,7.0,81.0,10.3
2026-01-25 15:00:00,2026,1,25,15,Cao Bằng,Xã Tam Kim,22.606427,106.0179879,47,Good,0,18.3,72,0.0,8.0,172,979.5,100,24.0,24.0,413.0,7.1,92.0,7.2
2026-01-25 16:00:00,2026,1,25,16,Cao Bằng,Xã Tam Kim,22.606427,106.0179879,48,Good,0,18.0,75,0.0,7.2,174,979.6,100,28.1,28.2,416.0,8.5,96.0,5.6
2026-01-25 17:00:00,2026,1,25,17,Cao Bằng,Xã Tam Kim,22.606427,106.0179879,50,Good,0,17.4,79,0.0,3.9,137,979.9,100,31.8,31.8,472.0,12.0,90.0,6.2
2026-01-25 18:00:00,2026,1,25,18,Cao Bằng,Xã Tam Kim,22.606427,106.0179879,51,Moderate,1,16.7,85,0.0,4.6,116,980.3,100,36.0,36.0,554.0,16.8,77.0,8.2
2026-01-25 19:00:00,2026,1,25,19,Cao Bằng,Xã Tam Kim,22.606427,106.0179879,53,Moderate,1,16.1,86,0.0,1.4,113,980.8,100,26.0,26.0,612.0,25.2,39.0,14.6
2026-01-25 20:00:00,2026,1,25,20,Cao Bằng,Xã Tam Kim,22.606427,106.0179879,54,Moderate,1,15.7,88,0.0,2.3,122,981.4,100,29.3,29.3,620.0,26.7,35.0,15.0
2026-01-25 21:00:00,2026,1,25,21,Cao Bằng,Xã Tam Kim,22.606427,106.0179879,55,Moderate,1,15.5,90,0.0,1.5,126,981.8,100,32.2,32.2,603.0,28.7,30.0,15.5
2026-01-25 22:00:00,2026,1,25,22,Cao Bằng,Xã Tam Kim,22.606427,106.0179879,57,Moderate,1,15.4,90,0.0,1.0,135,981.9,100,35.0,35.0,586.0,29.8,25.0,15.5
2026-01-25 23:00:00,2026,1,25,23,Cao Bằng,Xã Tam Kim,22.606427,106.0179879,59,Moderate,1,15.3,91,0.1,1.2,63,982.0,100,37.0,37.0,581.0,29.3,22.0,14.7
2026-01-26 00:00:00,2026,1,26,0,Cao Bằng,Xã Tam Kim,22.606427,106.0179879,62,Moderate,1,15.2,92,0.4,1.0,59,981.9,100,37.7,37.8,576.0,27.9,20.0,13.4
2026-01-26 01:00:00,2026,1,26,1,Cao Bằng,Xã Tam Kim,22.606427,106.0179879,64,Moderate,1,14.9,95,0.5,2.7,86,981.9,100,38.3,38.3,564.0,26.2,19.0,12.3
2026-01-26 02:00:00,2026,1,26,2,Cao Bằng,Xã Tam Kim,22.606427,106.0179879,66,Moderate,1,14.8,96,0.0,1.6,63,981.7,69,36.3,36.3,537.0,24.3,18.0,11.7
2026-01-26 03:00:00,2026,1,26,3,Cao Bằng,Xã Tam Kim,22.606427,106.0179879,69,Moderate,1,14.6,96,0.0,1.5,14,981.8,78,29.2,29.3,503.0,22.1,19.0,11.4
2026-01-26 04:00:00,2026,1,26,4,Cao Bằng,Xã Tam Kim,22.606427,106.0179879,70,Moderate,1,14.5,97,0.0,2.8,342,981.8,97,29.1,29.2,483.0,20.6,18.0,11.3
2026-01-26 05:00:00,2026,1,26,5,Cao Bằng,Xã Tam Kim,22.606427,106.0179879,72,Moderate,1,14.7,96,0.0,1.5,339,981.8,100,16.3,16.4,497.0,20.8,15.0,11.3
2026-01-26 06:00:00,2026,1,26,6,Cao Bằng,Xã Tam Kim,22.606427,106.0179879,73,Moderate,1,14.6,95,0.0,1.3,304,982.7,100,14.4,14.4,525.0,21.7,11.0,11.5
2026-01-26 07:00:00,2026,1,26,7,Cao Bằng,Xã Tam Kim,22.606427,106.0179879,73,Moderate,1,14.8,93,0.2,0.7,270,983.5,100,23.3,23.3,530.0,16.6,16.0,10.9
2026-01-26 08:00:00,2026,1,26,8,Cao Bằng,Xã Tam Kim,22.606427,106.0179879,75,Moderate,1,15.5,96,0.0,3.4,295,984.5,99,22.1,22.1,488.0,14.6,21.0,12.3
2026-01-26 09:00:00,2026,1,26,9,Cao Bằng,Xã Tam Kim,22.606427,106.0179879,77,Moderate,1,16.0,96,0.0,2.5,30,985.4,98,20.6,20.6,424.0,11.9,30.0,14.2
2026-01-26 10:00:00,2026,1,26,10,Cao Bằng,Xã Tam Kim,22.606427,106.0179879,78,Moderate,1,17.7,85,0.0,3.1,93,985.9,100,17.2,17.3,372.0,9.3,40.0,15.1
2026-01-26 11:00:00,2026,1,26,11,Cao Bằng,Xã Tam Kim,22.606427,106.0179879,79,Moderate,1,19.4,76,0.0,6.0,107,985.2,91,10.7,10.8,348.0,7.1,54.0,14.1
2026-01-26 12:00:00,2026,1,26,12,Cao Bằng,Xã Tam Kim,22.606427,106.0179879,80,Moderate,1,20.0,73,0.1,6.4,140,983.8,88,7.2,7.3,337.0,5.1,71.0,12.2
2026-01-26 13:00:00,2026,1,26,13,Cao Bằng,Xã Tam Kim,22.606427,106.0179879,80,Moderate,1,19.5,76,0.1,7.5,150,983.0,100,7.3,7.5,327.0,3.6,84.0,10.4
2026-01-26 14:00:00,2026,1,26,14,Cao Bằng,Xã Tam Kim,22.606427,106.0179879,79,Moderate,1,20.0,73,0.3,7.4,151,982.2,100,8.5,8.7,313.0,2.5,92.0,9.0
2026-01-26 15:00:00,2026,1,26,15,Cao Bằng,Xã Tam Kim,22.606427,106.0179879,77,Moderate,1,20.7,70,0.1,5.6,151,981.5,77,9.1,9.3,300.0,1.9,96.0,7.7
2026-01-26 16:00:00,2026,1,26,16,Cao Bằng,Xã Tam Kim,22.606427,106.0179879,76,Moderate,1,20.9,67,0.0,6.1,135,981.4,27,9.1,9.3,298.0,3.1,94.0,7.1
2026-01-26 17:00:00,2026,1,26,17,Cao Bằng,Xã Tam Kim,22.606427,106.0179879,74,Moderate,1,19.6,74,0.0,4.5,143,981.6,34,10.2,10.4,311.0,7.7,84.0,7.6
2026-01-26 18:00:00,2026,1,26,18,Cao Bằng,Xã Tam Kim,22.606427,106.0179879,73,Moderate,1,17.4,86,0.1,5.4,120,982.0,53,13.8,14.0,334.0,14.1,68.0,8.6
2026-01-26 19:00:00,2026,1,26,19,Cao Bằng,Xã Tam Kim,22.606427,106.0179879,71,Moderate,1,16.8,93,0.1,4.6,144,982.7,100,20.6,20.8,364.0,22.1,52.0,10.6
2026-01-26 20:00:00,2026,1,26,20,Cao Bằng,Xã Tam Kim,22.606427,106.0179879,70,Moderate,1,16.8,94,0.3,4.7,137,983.3,100,22.6,22.8,407.0,21.7,47.0,10.3
2026-01-26 21:00:00,2026,1,26,21,Cao Bằng,Xã Tam Kim,22.606427,106.0179879,69,Moderate,1,16.3,97,0.5,4.0,172,983.5,100,22.3,22.4,458.0,21.1,40.0,9.8
2026-01-26 22:00:00,2026,1,26,22,Cao Bằng,Xã Tam Kim,22.606427,106.0179879,69,Moderate,1,15.8,97,0.3,5.9,168,983.6,100,21.3,21.4,495.0,19.7,35.0,9.4
2026-01-26 23:00:00,2026,1,26,23,Cao Bằng,Xã Tam Kim,22.606427,106.0179879,67,Moderate,1,15.2,97,0.0,8.9,187,983.4,100,19.9,20.0,511.0,17.0,34.0,9.0
2026-01-27 00:00:00,2026,1,27,0,Cao Bằng,Xã Tam Kim,22.606427,106.0179879,66,Moderate,1,14.6,96,0.0,8.2,190,983.6,100,18.5,18.6,513.0,13.7,34.0,8.5
2026-01-27 01:00:00,2026,1,27,1,Cao Bằng,Xã Tam Kim,22.606427,106.0179879,64,Moderate,1,15.1,98,0.0,6.6,206,983.2,100,17.0,17.1,510.0,11.0,34.0,8.2
2026-01-27 02:00:00,2026,1,27,2,Cao Bằng,Xã Tam Kim,22.606427,106.0179879,62,Moderate,1,15.0,98,0.5,6.3,207,983.2,100,15.3,15.3,496.0,9.6,33.0,8.1
2026-01-27 03:00:00,2026,1,27,3,Cao Bằng,Xã Tam Kim,22.606427,106.0179879,60,Moderate,1,14.9,97,0.4,5.1,198,983.1,100,13.0,13.0,476.0,8.8,32.0,8.1
2026-01-27 04:00:00,2026,1,27,4,Cao Bằng,Xã Tam Kim,22.606427,106.0179879,59,Moderate,1,14.8,98,0.1,6.4,188,982.8,100,10.6,10.6,469.0,8.5,30.0,8.1
2026-01-27 05:00:00,2026,1,27,5,Cao Bằng,Xã Tam Kim,22.606427,106.0179879,57,Moderate,1,14.9,94,0.1,6.0,187,982.9,98,9.3,9.3,488.0,8.8,27.0,8.1
2026-01-27 06:00:00,2026,1,27,6,Cao Bằng,Xã Tam Kim,22.606427,106.0179879,57,Moderate,1,14.7,97,0.0,4.3,195,983.7,100,10.1,10.1,520.0,9.5,24.0,8.0
2026-01-27 07:00:00,2026,1,27,7,Cao Bằng,Xã Tam Kim,22.606427,106.0179879,56,Moderate,1,14.2,96,0.0,3.4,186,984.4,100,17.5,17.6,550.0,10.3,26.0,7.9
2026-01-27 08:00:00,2026,1,27,8,Cao Bằng,Xã Tam Kim,22.606427,106.0179879,56,Moderate,1,14.4,96,0.1,6.4,172,985.2,99,17.8,17.9,575.0,9.1,32.0,8.8
2026-01-27 09:00:00,2026,1,27,9,Cao Bằng,Xã Tam Kim,22.606427,106.0179879,55,Moderate,1,14.9,90,0.0,7.6,152,985.9,98,16.3,16.4,599.0,7.5,40.0,9.9
2026-01-27 10:00:00,2026,1,27,10,Cao Bằng,Xã Tam Kim,22.606427,106.0179879,55,Moderate,1,16.3,81,0.0,8.2,123,986.3,100,15.1,15.3,615.0,6.1,49.0,10.5
2026-01-27 11:00:00,2026,1,27,11,Cao Bằng,Xã Tam Kim,22.606427,106.0179879,55,Moderate,1,17.0,78,0.0,5.2,115,985.9,100,14.6,14.8,623.0,5.1,58.0,10.2
2026-01-27 12:00:00,2026,1,27,12,Cao Bằng,Xã Tam Kim,22.606427,106.0179879,55,Moderate,1,17.3,77,0.0,2.7,82,984.9,100,16.8,17.1,625.0,4.3,66.0,9.3
2026-01-27 13:00:00,2026,1,27,13,Cao Bằng,Xã Tam Kim,22.606427,106.0179879,56,Moderate,1,17.6,73,0.0,2.0,117,984.0,100,19.6,20.0,617.0,3.7,74.0,8.3
2026-01-27 14:00:00,2026,1,27,14,Cao Bằng,Xã Tam Kim,22.606427,106.0179879,57,Moderate,1,18.4,73,0.0,2.3,151,983.2,90,22.5,23.2,588.0,2.8,82.0,6.9
2026-01-27 15:00:00,2026,1,27,15,Cao Bằng,Xã Tam Kim,22.606427,106.0179879,58,Moderate,1,18.9,69,0.0,1.5,166,983.1,100,30.0,30.9,549.0,2.1,89.0,5.2
2026-01-27 16:00:00,2026,1,27,16,Cao Bằng,Xã Tam Kim,22.606427,106.0179879,60,Moderate,1,18.8,71,0.0,2.3,266,983.1,100,30.2,31.0,537.0,2.9,90.0,4.3
2026-01-27 17:00:00,2026,1,27,17,Cao Bằng,Xã Tam Kim,22.606427,106.0179879,62,Moderate,1,18.2,75,0.0,6.3,273,983.3,100,32.9,33.8,585.0,6.3,82.0,4.6
2026-01-27 18:00:00,2026,1,27,18,Cao Bằng,Xã Tam Kim,22.606427,106.0179879,64,Moderate,1,16.5,81,0.0,8.6,269,983.4,100,36.7,37.5,659.0,11.2,69.0,5.6
2026-01-27 19:00:00,2026,1,27,19,Cao Bằng,Xã Tam Kim,22.606427,106.0179879,66,Moderate,1,16.8,84,0.0,5.8,279,984.0,97,37.4,38.1,696.0,14.6,47.0,6.9
2026-01-27 20:00:00,2026,1,27,20,Cao Bằng,Xã Tam Kim,22.606427,106.0179879,68,Moderate,1,15.9,88,0.0,2.4,283,984.6,98,39.0,39.7,655.0,15.8,41.0,7.1
2026-01-27 21:00:00,2026,1,27,21,Cao Bằng,Xã Tam Kim,22.606427,106.0179879,69,Moderate,1,16.0,86,0.0,1.0,292,985.3,100,40.4,41.1,577.0,17.3,34.0,7.5
2026-01-27 22:00:00,2026,1,27,22,Cao Bằng,Xã Tam Kim,22.606427,106.0179879,71,Moderate,1,16.0,85,0.0,0.0,270,985.4,98,41.6,42.3,523.0,18.0,28.0,7.6
2026-01-27 23:00:00,2026,1,27,23,Cao Bằng,Xã Tam Kim,22.606427,106.0179879,73,Moderate,1,15.4,89,0.0,4.5,166,985.3,100,40.5,41.1,522.0,17.1,26.0,7.4
2026-01-28 00:00:00,2026,1,28,0,Cao Bằng,Xã Tam Kim,22.606427,106.0179879,74,Moderate,1,14.8,91,0.0,6.5,177,985.1,100,38.8,39.2,546.0,15.3,27.0,7.0
2026-01-28 01:00:00,2026,1,28,1,Cao Bằng,Xã Tam Kim,22.606427,106.0179879,76,Moderate,1,15.1,93,0.0,6.0,187,984.7,94,37.4,37.7,568.0,13.7,27.0,6.7
2026-01-28 02:00:00,2026,1,28,2,Cao Bằng,Xã Tam Kim,22.606427,106.0179879,78,Moderate,1,15.3,89,0.0,5.9,203,984.2,83,36.2,36.7,576.0,12.6,26.0,6.4
2026-01-28 03:00:00,2026,1,28,3,Cao Bằng,Xã Tam Kim,22.606427,106.0179879,80,Moderate,1,14.8,88,0.0,6.6,206,984.2,100,33.8,34.1,582.0,11.6,24.0,6.1
2026-01-28 04:00:00,2026,1,28,4,Cao Bằng,Xã Tam Kim,22.606427,106.0179879,82,Moderate,1,14.2,90,0.0,7.0,201,984.0,100,33.3,33.5,598.0,10.9,23.0,6.1
2026-01-28 05:00:00,2026,1,28,5,Cao Bằng,Xã Tam Kim,22.606427,106.0179879,84,Moderate,1,14.1,90,0.0,7.5,195,984.1,100,32.7,32.9,633.0,10.6,22.0,6.4
2026-01-28 06:00:00,2026,1,28,6,Cao Bằng,Xã Tam Kim,22.606427,106.0179879,86,Moderate,1,14.0,90,0.0,7.6,188,984.7,100,31.4,31.7,677.0,10.5,22.0,6.9
2026-01-28 07:00:00,2026,1,28,7,Cao Bằng,Xã Tam Kim,22.606427,106.0179879,88,Moderate,1,14.1,88,0.0,7.3,173,985.3,100,25.1,25.3,710.0,9.4,28.0,7.2
2026-01-28 08:00:00,2026,1,28,8,Cao Bằng,Xã Tam Kim,22.606427,106.0179879,88,Moderate,1,14.4,86,0.1,8.8,145,986.2,100,22.0,22.2,730.0,7.9,39.0,8.0
2026-01-28 09:00:00,2026,1,28,9,Cao Bằng,Xã Tam Kim,22.606427,106.0179879,89,Moderate,1,14.7,84,0.0,9.0,147,986.6,100,18.0,18.2,739.0,5.8,54.0,9.2
2026-01-28 10:00:00,2026,1,28,10,Cao Bằng,Xã Tam Kim,22.606427,106.0179879,89,Moderate,1,15.9,77,0.0,8.9,142,986.2,100,19.2,19.5,718.0,4.1,67.0,10.6
2026-01-28 11:00:00,2026,1,28,11,Cao Bằng,Xã Tam Kim,22.606427,106.0179879,89,Moderate,1,17.4,68,0.0,7.6,142,985.3,100,21.4,21.6,645.0,3.2,77.0,12.5
2026-01-28 12:00:00,2026,1,28,12,Cao Bằng,Xã Tam Kim,22.606427,106.0179879,90,Moderate,1,18.7,65,0.0,7.5,150,983.9,100,24.7,25.0,542.0,2.6,85.0,14.5
2026-01-28 13:00:00,2026,1,28,13,Cao Bằng,Xã Tam Kim,22.606427,106.0179879,90,Moderate,1,19.8,62,0.0,9.1,162,982.8,100,28.0,28.3,459.0,2.3,92.0,15.4
2026-01-28 14:00:00,2026,1,28,14,Cao Bằng,Xã Tam Kim,22.606427,106.0179879,91,Moderate,1,20.7,61,0.0,8.0,149,981.6,95,29.7,29.9,413.0,2.0,98.0,14.4
2026-01-28 15:00:00,2026,1,28,15,Cao Bằng,Xã Tam Kim,22.606427,106.0179879,92,Moderate,1,21.3,56,0.0,9.4,178,980.6,56,31.0,31.2,387.0,2.0,102.0,12.3
2026-01-28 16:00:00,2026,1,28,16,Cao Bằng,Xã Tam Kim,22.606427,106.0179879,92,Moderate,1,21.7,54,0.0,10.6,182,980.1,67,30.6,30.9,380.0,2.6,103.0,10.6
2026-01-28 17:00:00,2026,1,28,17,Cao Bằng,Xã Tam Kim,22.606427,106.0179879,92,Moderate,1,20.6,60,0.0,8.4,161,980.0,27,31.0,31.1,401.0,4.5,99.0,9.8
2026-01-28 18:00:00,2026,1,28,18,Cao Bằng,Xã Tam Kim,22.606427,106.0179879,92,Moderate,1,17.9,74,0.0,7.9,183,979.9,5,31.4,31.7,440.0,7.0,92.0,9.5
2026-01-28 19:00:00,2026,1,28,19,Cao Bằng,Xã Tam Kim,22.606427,106.0179879,91,Moderate,1,15.8,87,0.0,5.8,182,980.2,4,40.2,40.5,472.0,7.8,91.0,8.7
2026-01-28 20:00:00,2026,1,28,20,Cao Bằng,Xã Tam Kim,22.606427,106.0179879,92,Moderate,1,15.0,89,0.0,4.5,194,980.7,5,41.6,41.8,486.0,8.0,92.0,8.8
2026-01-28 21:00:00,2026,1,28,21,Cao Bằng,Xã Tam Kim,22.606427,106.0179879,92,Moderate,1,14.5,91,0.0,2.7,184,980.9,44,42.8,43.2,491.0,8.4,93.0,8.9
2026-01-28 22:00:00,2026,1,28,22,Cao Bằng,Xã Tam Kim,22.606427,106.0179879,92,Moderate,1,14.7,90,0.0,2.7,152,981.1,25,44.5,44.7,491.0,8.6,92.0,9.2
2026-01-28 23:00:00,2026,1,28,23,Cao Bằng,Xã Tam Kim,22.606427,106.0179879,92,Moderate,1,14.2,92,0.0,3.9,146,980.9,12,45.4,45.6,484.0,8.7,89.0,9.8
2026-01-29 00:00:00,2026,1,29,0,Cao Bằng,Xã Tam Kim,22.606427,106.0179879,93,Moderate,1,13.4,93,0.0,2.9,150,980.6,10,46.9,47.1,471.0,8.6,85.0,10.5
2026-01-29 01:00:00,2026,1,29,1,Cao Bằng,Xã Tam Kim,22.606427,106.0179879,93,Moderate,1,14.0,95,0.0,2.6,141,980.1,18,48.3,48.5,461.0,8.5,80.0,11.0
2026-01-29 02:00:00,2026,1,29,2,Cao Bằng,Xã Tam Kim,22.606427,106.0179879,94,Moderate,1,13.2,96,0.0,1.9,146,979.6,14,49.2,49.5,452.0,8.3,75.0,11.1
2026-01-29 03:00:00,2026,1,29,3,Cao Bằng,Xã Tam Kim,22.606427,106.0179879,96,Moderate,1,12.5,98,0.0,1.0,149,979.1,14,50.1,50.2,445.0,8.0,70.0,11.0
2026-01-29 04:00:00,2026,1,29,4,Cao Bằng,Xã Tam Kim,22.606427,106.0179879,97,Moderate,1,12.1,100,0.0,1.8,156,979.0,18,50.3,50.4,454.0,7.9,66.0,11.2
2026-01-29 05:00:00,2026,1,29,5,Cao Bằng,Xã Tam Kim,22.606427,106.0179879,99,Moderate,1,12.1,100,0.0,1.3,146,979.1,16,49.5,49.7,493.0,8.4,62.0,11.9
2026-01-29 06:00:00,2026,1,29,6,Cao Bằng,Xã Tam Kim,22.606427,106.0179879,100,Moderate,1,12.4,98,0.0,2.0,95,979.7,88,47.3,47.4,547.0,9.0,59.0,12.9
2026-01-29 07:00:00,2026,1,29,7,Cao Bằng,Xã Tam Kim,22.606427,106.0179879,102,Unhealthy for Sensitive Groups,2,13.5,95,0.0,2.9,101,980.6,97,48.9,49.4,583.0,7.5,68.0,14.8
2026-01-29 08:00:00,2026,1,29,8,Cao Bằng,Xã Tam Kim,22.606427,106.0179879,104,Unhealthy for Sensitive Groups,2,15.8,85,0.0,4.6,129,981.9,95,45.8,46.1,587.0,6.7,75.0,14.1
2026-01-29 09:00:00,2026,1,29,9,Cao Bằng,Xã Tam Kim,22.606427,106.0179879,107,Unhealthy for Sensitive Groups,2,17.2,79,0.0,10.1,175,982.3,100,42.6,43.1,573.0,5.7,84.0,13.1
2026-01-29 10:00:00,2026,1,29,10,Cao Bằng,Xã Tam Kim,22.606427,106.0179879,109,Unhealthy for Sensitive Groups,2,18.3,76,0.1,9.5,179,982.3,87,36.8,37.5,543.0,4.8,92.0,11.9
2026-01-29 11:00:00,2026,1,29,11,Cao Bằng,Xã Tam Kim,22.606427,106.0179879,111,Unhealthy for Sensitive Groups,2,20.2,66,0.1,14.0,193,981.7,96,32.8,33.3,484.0,4.3,97.0,10.1
2026-01-29 12:00:00,2026,1,29,12,Cao Bằng,Xã Tam Kim,22.606427,106.0179879,112,Unhealthy for Sensitive Groups,2,20.8,66,0.0,15.4,194,980.5,98,28.2,28.7,411.0,4.0,102.0,8.2
2026-01-29 13:00:00,2026,1,29,13,Cao Bằng,Xã Tam Kim,22.606427,106.0179879,113,Unhealthy for Sensitive Groups,2,20.7,66,0.0,13.3,189,979.2,95,29.5,30.3,366.0,4.0,105.0,6.8
2026-01-29 14:00:00,2026,1,29,14,Cao Bằng,Xã Tam Kim,22.606427,106.0179879,113,Unhealthy for Sensitive Groups,2,21.0,66,0.1,13.8,192,978.1,86,28.0,28.7,374.0,4.3,109.0,6.5
2026-01-29 15:00:00,2026,1,29,15,Cao Bằng,Xã Tam Kim,22.606427,106.0179879,113,Unhealthy for Sensitive Groups,2,21.3,65,0.1,13.4,191,977.8,79,30.3,31.0,411.0,4.9,111.0,6.9
2026-01-29 16:00:00,2026,1,29,16,Cao Bằng,Xã Tam Kim,22.606427,106.0179879,112,Unhealthy for Sensitive Groups,2,21.4,65,0.0,10.1,186,977.9,56,35.3,36.1,452.0,6.1,111.0,7.5
2026-01-29 17:00:00,2026,1,29,17,Cao Bằng,Xã Tam Kim,22.606427,106.0179879,113,Unhealthy for Sensitive Groups,2,20.3,72,0.0,8.1,174,978.0,31,36.6,37.5,498.0,8.3,106.0,8.3
2026-01-29 18:00:00,2026,1,29,18,Cao Bằng,Xã Tam Kim,22.606427,106.0179879,114,Unhealthy for Sensitive Groups,2,17.3,85,0.0,7.2,162,977.5,8,38.4,39.2,549.0,11.1,97.0,9.2
2026-01-29 19:00:00,2026,1,29,19,Cao Bằng,Xã Tam Kim,22.606427,106.0179879,114,Unhealthy for Sensitive Groups,2,16.1,89,0.0,4.1,157,978.0,11,35.5,36.3,577.0,14.6,78.0,7.9
2026-01-29 20:00:00,2026,1,29,20,Cao Bằng,Xã Tam Kim,22.606427,106.0179879,114,Unhealthy for Sensitive Groups,2,15.3,91,0.0,1.3,196,978.3,23,38.0,38.6,565.0,15.6,71.0,7.7
2026-01-29 21:00:00,2026,1,29,21,Cao Bằng,Xã Tam Kim,22.606427,106.0179879,113,Unhealthy for Sensitive Groups,2,15.3,92,0.0,0.4,207,979.0,48,39.8,40.6,531.0,16.8,61.0,7.5
2026-01-29 22:00:00,2026,1,29,22,Cao Bằng,Xã Tam Kim,22.606427,106.0179879,113,Unhealthy for Sensitive Groups,2,15.3,93,0.0,1.0,112,979.6,100,41.6,42.4,501.0,17.1,54.0,7.3
2026-01-29 23:00:00,2026,1,29,23,Cao Bằng,Xã Tam Kim,22.606427,106.0179879,113,Unhealthy for Sensitive Groups,2,15.9,92,0.1,2.7,90,979.9,100,41.3,42.1,489.0,15.6,55.0,7.2
2026-01-30 00:00:00,2026,1,30,0,Cao Bằng,Xã Tam Kim,22.606427,106.0179879,112,Unhealthy for Sensitive Groups,2,16.3,92,0.1,2.9,94,979.9,99,40.0,40.7,481.0,13.2,59.0,7.1
2026-01-30 01:00:00,2026,1,30,1,Cao Bằng,Xã Tam Kim,22.606427,106.0179879,112,Unhealthy for Sensitive Groups,2,16.5,94,0.1,2.9,83,979.6,100,37.6,38.3,459.0,11.2,61.0,6.9
2026-01-30 02:00:00,2026,1,30,2,Cao Bằng,Xã Tam Kim,22.606427,106.0179879,111,Unhealthy for Sensitive Groups,2,16.5,96,0.0,2.5,69,979.3,98,34.9,35.5,404.0,9.9,59.0,6.5
2026-01-30 03:00:00,2026,1,30,3,Cao Bằng,Xã Tam Kim,22.606427,106.0179879,109,Unhealthy for Sensitive Groups,2,16.6,97,0.0,2.3,72,979.2,99,32.2,32.9,334.0,9.1,54.0,6.0
2026-01-30 04:00:00,2026,1,30,4,Cao Bằng,Xã Tam Kim,22.606427,106.0179879,107,Unhealthy for Sensitive Groups,2,16.4,98,0.0,2.3,86,979.4,90,31.2,31.8,287.0,8.5,51.0,5.8
2026-01-30 05:00:00,2026,1,30,5,Cao Bằng,Xã Tam Kim,22.606427,106.0179879,105,Unhealthy for Sensitive Groups,2,16.4,99,0.0,2.0,100,979.5,98,29.0,29.6,285.0,8.6,48.0,6.0
2026-01-30 06:00:00,2026,1,30,6,Cao Bằng,Xã Tam Kim,22.606427,106.0179879,103,Unhealthy for Sensitive Groups,2,16.4,99,0.0,2.0,63,980.3,98,26.4,27.1,306.0,9.0,46.0,6.4
2026-01-30 07:00:00,2026,1,30,7,Cao Bằng,Xã Tam Kim,22.606427,106.0179879,101,Unhealthy for Sensitive Groups,2,16.4,100,0.1,0.4,333,981.2,100,14.6,14.9,317.0,9.2,40.0,6.1
2026-01-30 08:00:00,2026,1,30,8,Cao Bằng,Xã Tam Kim,22.606427,106.0179879,98,Moderate,1,17.4,99,0.0,1.7,347,982.5,99,14.1,15.3,301.0,7.6,51.0,6.0
2026-01-30 09:00:00,2026,1,30,9,Cao Bằng,Xã Tam Kim,22.606427,106.0179879,95,Moderate,1,18.7,93,0.1,2.4,54,983.4,99,15.0,16.6,276.0,5.5,66.0,5.7
2026-01-30 10:00:00,2026,1,30,10,Cao Bằng,Xã Tam Kim,22.606427,106.0179879,92,Moderate,1,19.4,88,0.0,4.6,77,983.8,90,15.2,16.6,258.0,3.8,78.0,5.4
2026-01-30 11:00:00,2026,1,30,11,Cao Bằng,Xã Tam Kim,22.606427,106.0179879,91,Moderate,1,21.0,81,0.3,4.3,112,982.9,66,16.1,17.5,255.0,3.0,85.0,4.8
2026-01-30 12:00:00,2026,1,30,12,Cao Bằng,Xã Tam Kim,22.606427,106.0179879,89,Moderate,1,22.7,71,0.3,6.1,137,981.6,56,15.8,17.2,259.0,2.7,89.0,4.2
2026-01-30 13:00:00,2026,1,30,13,Cao Bằng,Xã Tam Kim,22.606427,106.0179879,88,Moderate,1,24.2,58,0.3,8.3,162,980.4,63,15.9,17.3,268.0,2.6,93.0,3.7
2026-01-30 14:00:00,2026,1,30,14,Cao Bằng,Xã Tam Kim,22.606427,106.0179879,87,Moderate,1,24.3,58,0.1,10.6,166,979.4,57,18.0,19.6,280.0,2.1,100.0,3.5
2026-01-30 15:00:00,2026,1,30,15,Cao Bằng,Xã Tam Kim,22.606427,106.0179879,86,Moderate,1,23.8,62,0.1,11.2,161,978.9,23,17.5,18.7,297.0,1.8,107.0,3.6
2026-01-30 16:00:00,2026,1,30,16,Cao Bằng,Xã Tam Kim,22.606427,106.0179879,85,Moderate,1,23.3,64,0.1,10.4,160,979.0,30,17.9,19.0,316.0,3.0,108.0,4.0
2026-01-30 17:00:00,2026,1,30,17,Cao Bằng,Xã Tam Kim,22.606427,106.0179879,83,Moderate,1,22.0,71,0.0,8.3,132,979.3,25,20.0,21.1,345.0,7.4,99.0,5.2
2026-01-30 18:00:00,2026,1,30,18,Cao Bằng,Xã Tam Kim,22.606427,106.0179879,82,Moderate,1,19.6,83,0.0,8.4,146,979.6,18,23.3,24.4,376.0,13.4,84.0,6.8
2026-01-30 19:00:00,2026,1,30,19,Cao Bằng,Xã Tam Kim,22.606427,106.0179879,80,Moderate,1,17.6,93,0.1,4.5,175,980.3,19,36.0,37.8,390.0,17.9,72.0,8.3
2026-01-30 20:00:00,2026,1,30,20,Cao Bằng,Xã Tam Kim,22.606427,106.0179879,80,Moderate,1,17.3,93,0.0,1.7,198,981.1,93,40.3,42.1,368.0,17.6,70.0,8.5
2026-01-30 21:00:00,2026,1,30,21,Cao Bằng,Xã Tam Kim,22.606427,106.0179879,81,Moderate,1,16.8,94,0.0,0.8,207,981.9,94,41.2,43.2,329.0,17.2,67.0,8.8
2026-01-30 22:00:00,2026,1,30,22,Cao Bằng,Xã Tam Kim,22.606427,106.0179879,81,Moderate,1,17.3,93,0.0,0.3,315,982.7,100,42.1,44.1,301.0,16.2,65.0,9.1
2026-01-30 23:00:00,2026,1,30,23,Cao Bằng,Xã Tam Kim,22.606427,106.0179879,81,Moderate,1,17.2,92,0.2,0.2,270,983.0,85,41.9,43.8,289.0,14.3,65.0,9.3
2026-01-31 00:00:00,2026,1,31,0,Cao Bằng,Xã Tam Kim,22.606427,106.0179879,81,Moderate,1,17.3,93,0.3,1.1,90,983.4,91,37.3,39.1,288.0,11.8,67.0,9.4
2026-01-31 01:00:00,2026,1,31,1,Cao Bằng,Xã Tam Kim,22.606427,106.0179879,81,Moderate,1,16.4,92,0.8,2.2,246,983.1,96,30.5,32.1,318.0,9.7,65.0,9.5
2026-01-31 02:00:00,2026,1,31,2,Cao Bằng,Xã Tam Kim,22.606427,106.0179879,80,Moderate,1,16.5,95,2.2,3.2,218,983.3,100,25.8,27.1,402.0,8.3,58.0,9.5
2026-01-31 03:00:00,2026,1,31,3,Cao Bằng,Xã Tam Kim,22.606427,106.0179879,79,Moderate,1,16.5,97,1.2,5.9,142,983.7,100,22.4,23.2,515.0,7.3,47.0,9.6
2026-01-31 04:00:00,2026,1,31,4,Cao Bằng,Xã Tam Kim,22.606427,106.0179879,78,Moderate,1,15.9,97,0.9,4.0,82,984.6,100,19.0,19.4,604.0,6.5,40.0,9.9
2026-01-31 05:00:00,2026,1,31,5,Cao Bằng,Xã Tam Kim,22.606427,106.0179879,77,Moderate,1,14.9,95,0.6,4.9,2,985.5,100,13.2,13.4,644.0,6.1,38.0,10.8
2026-01-31 06:00:00,2026,1,31,6,Cao Bằng,Xã Tam Kim,22.606427,106.0179879,76,Moderate,1,14.1,93,0.3,5.2,344,986.6,100,12.6,12.7,659.0,6.0,38.0,12.1
2026-01-31 07:00:00,2026,1,31,7,Cao Bằng,Xã Tam Kim,22.606427,106.0179879,75,Moderate,1,14.7,91,0.3,4.1,13,986.9,100,9.9,9.9,668.0,5.6,41.0,12.6
2026-01-31 08:00:00,2026,1,31,8,Cao Bằng,Xã Tam Kim,22.606427,106.0179879,74,Moderate,1,14.3,90,0.0,5.0,30,987.9,100,9.7,9.8,679.0,5.1,45.0,12.8
2026-01-31 09:00:00,2026,1,31,9,Cao Bằng,Xã Tam Kim,22.606427,106.0179879,74,Moderate,1,14.3,88,0.2,4.2,10,988.5,100,8.8,9.0,685.0,4.3,50.0,13.0
2026-01-31 10:00:00,2026,1,31,10,Cao Bằng,Xã Tam Kim,22.606427,106.0179879,73,Moderate,1,15.0,77,0.1,3.5,9,988.8,100,9.3,9.6,683.0,3.6,57.0,13.0
2026-01-31 11:00:00,2026,1,31,11,Cao Bằng,Xã Tam Kim,22.606427,106.0179879,73,Moderate,1,16.2,63,0.0,3.4,16,988.4,100,10.0,10.4,671.0,3.0,66.0,12.5
2026-01-31 12:00:00,2026,1,31,12,Cao Bằng,Xã Tam Kim,22.606427,106.0179879,72,Moderate,1,16.8,59,0.0,2.7,48,987.1,100,10.7,11.3,653.0,2.5,76.0,11.8
2026-01-31 13:00:00,2026,1,31,13,Cao Bằng,Xã Tam Kim,22.606427,106.0179879,72,Moderate,1,16.6,55,0.0,3.8,8,986.2,99,11.6,12.2,634.0,2.2,84.0,11.2
2026-01-31 14:00:00,2026,1,31,14,Cao Bằng,Xã Tam Kim,22.606427,106.0179879,71,Moderate,1,17.4,53,0.0,1.8,6,985.0,100,12.3,13.0,613.0,1.8,90.0,10.8
2026-01-31 15:00:00,2026,1,31,15,Cao Bằng,Xã Tam Kim,22.606427,106.0179879,71,Moderate,1,17.9,49,0.0,1.7,221,984.3,89,12.7,13.3,591.0,1.6,95.0,10.4
2026-01-31 16:00:00,2026,1,31,16,Cao Bằng,Xã Tam Kim,22.606427,106.0179879,70,Moderate,1,17.6,54,0.0,4.4,201,983.9,97,12.9,13.5,586.0,2.5,95.0,10.2
2026-01-31 17:00:00,2026,1,31,17,Cao Bằng,Xã Tam Kim,22.606427,106.0179879,70,Moderate,1,17.0,58,0.0,6.0,221,984.1,88,13.2,13.8,613.0,5.7,87.0,10.1
2026-01-31 18:00:00,2026,1,31,18,Cao Bằng,Xã Tam Kim,22.606427,106.0179879,69,Moderate,1,16.2,58,0.0,6.6,235,984.1,89,15.0,15.5,656.0,10.0,73.0,10.1
2026-01-31 19:00:00,2026,1,31,19,Cao Bằng,Xã Tam Kim,22.606427,106.0179879,69,Moderate,1,15.1,70,0.0,3.6,240,984.6,94,24.7,25.4,682.0,9.6,58.0,9.8
2026-01-31 20:00:00,2026,1,31,20,Cao Bằng,Xã Tam Kim,22.606427,106.0179879,68,Moderate,1,15.2,72,0.0,2.3,241,985.3,91,23.9,24.6,671.0,9.1,57.0,10.2
2026-01-31 21:00:00,2026,1,31,21,Cao Bằng,Xã Tam Kim,22.606427,106.0179879,66,Moderate,1,15.3,72,0.0,2.3,252,985.5,52,23.1,23.7,643.0,8.4,57.0,10.7
2026-01-31 22:00:00,2026,1,31,22,Cao Bằng,Xã Tam Kim,22.606427,106.0179879,65,Moderate,1,14.1,74,0.0,2.5,201,985.6,15,22.7,23.2,620.0,7.8,56.0,11.2
2026-01-31 23:00:00,2026,1,31,23,Cao Bằng,Xã Tam Kim,22.606427,106.0179879,63,Moderate,1,13.3,77,0.0,3.7,166,985.7,5,22.0,22.6,612.0,7.3,56.0,11.6
2026-02-01 00:00:00,2026,2,1,0,Cao Bằng,Xã Tam Kim,22.606427,106.0179879,61,Moderate,1,12.1,81,0.0,7.1,161,985.5,13,21.2,21.8,608.0,6.8,56.0,11.9
2026-02-01 01:00:00,2026,2,1,1,Cao Bằng,Xã Tam Kim,22.606427,106.0179879,60,Moderate,1,13.2,80,0.0,4.8,167,985.8,83,20.4,21.0,600.0,6.4,56.0,12.2
2026-02-01 02:00:00,2026,2,1,2,Cao Bằng,Xã Tam Kim,22.606427,106.0179879,59,Moderate,1,13.1,80,0.0,5.1,188,985.4,79,19.5,20.0,578.0,6.0,55.0,12.4
2026-02-01 03:00:00,2026,2,1,3,Cao Bằng,Xã Tam Kim,22.606427,106.0179879,58,Moderate,1,13.3,78,0.0,5.2,202,985.6,77,18.3,18.8,552.0,5.6,55.0,12.5
2026-02-01 04:00:00,2026,2,1,4,Cao Bằng,Xã Tam Kim,22.606427,106.0179879,58,Moderate,1,13.2,78,0.0,5.6,182,985.7,70,17.1,17.5,545.0,5.3,54.0,12.6
2026-02-01 05:00:00,2026,2,1,5,Cao Bằng,Xã Tam Kim,22.606427,106.0179879,58,Moderate,1,13.0,75,0.0,4.2,173,986.1,77,15.7,16.1,574.0,5.2,54.0,12.8
2026-02-01 06:00:00,2026,2,1,6,Cao Bằng,Xã Tam Kim,22.606427,106.0179879,58,Moderate,1,13.1,71,0.0,3.2,153,986.8,81,14.8,15.0,621.0,5.2,54.0,13.0
2026-02-01 07:00:00,2026,2,1,7,Cao Bằng,Xã Tam Kim,22.606427,106.0179879,58,Moderate,1,13.0,64,0.0,3.9,143,987.5,95,9.8,10.1,656.0,5.3,54.0,13.3
2026-02-01 08:00:00,2026,2,1,8,Cao Bằng,Xã Tam Kim,22.606427,106.0179879,58,Moderate,1,13.5,58,0.0,3.1,156,988.5,96,10.7,11.0,669.0,5.2,56.0,13.0
2026-02-01 09:00:00,2026,2,1,9,Cao Bằng,Xã Tam Kim,22.606427,106.0179879,58,Moderate,1,13.7,58,0.0,2.2,175,989.4,100,11.5,11.8,670.0,5.1,58.0,12.6
2026-02-01 10:00:00,2026,2,1,10,Cao Bằng,Xã Tam Kim,22.606427,106.0179879,58,Moderate,1,14.0,59,0.0,2.7,184,989.5,100,12.9,13.3,659.0,4.9,61.0,12.0
2026-02-01 11:00:00,2026,2,1,11,Cao Bằng,Xã Tam Kim,22.606427,106.0179879,59,Moderate,1,14.5,58,0.0,3.5,189,988.9,100,15.3,15.9,630.0,4.4,65.0,11.2
2026-02-01 12:00:00,2026,2,1,12,Cao Bằng,Xã Tam Kim,22.606427,106.0179879,59,Moderate,1,15.2,56,0.0,3.4,174,987.6,100,17.3,18.0,589.0,3.9,70.0,10.2
2026-02-01 13:00:00,2026,2,1,13,Cao Bằng,Xã Tam Kim,22.606427,106.0179879,60,Moderate,1,16.0,53,0.0,2.3,141,986.3,99,18.6,19.3,553.0,3.5,75.0,9.5
2026-02-01 14:00:00,2026,2,1,14,Cao Bằng,Xã Tam Kim,22.606427,106.0179879,60,Moderate,1,15.9,54,0.0,4.4,161,985.3,93,18.4,19.1,525.0,3.2,80.0,9.2
2026-02-01 15:00:00,2026,2,1,15,Cao Bằng,Xã Tam Kim,22.606427,106.0179879,61,Moderate,1,16.5,53,0.0,5.1,157,984.7,95,17.7,18.3,503.0,3.0,84.0,9.3
2026-02-01 16:00:00,2026,2,1,16,Cao Bằng,Xã Tam Kim,22.606427,106.0179879,61,Moderate,1,16.5,55,0.0,5.2,160,984.6,97,18.1,18.7,495.0,3.7,84.0,9.3
2026-02-01 17:00:00,2026,2,1,17,Cao Bằng,Xã Tam Kim,22.606427,106.0179879,62,Moderate,1,16.0,59,0.0,3.6,177,984.5,94,19.1,19.7,512.0,6.0,78.0,9.4
2026-02-01 18:00:00,2026,2,1,18,Cao Bằng,Xã Tam Kim,22.606427,106.0179879,62,Moderate,1,15.0,67,0.0,3.7,191,984.6,97,21.2,21.9,543.0,9.1,68.0,9.5
2026-02-01 19:00:00,2026,2,1,19,Cao Bằng,Xã Tam Kim,22.606427,106.0179879,63,Moderate,1,14.5,68,0.0,5.3,204,985.1,100,28.3,29.2,567.0,8.6,62.0,10.6
2026-02-01 20:00:00,2026,2,1,20,Cao Bằng,Xã Tam Kim,22.606427,106.0179879,63,Moderate,1,14.7,71,0.0,2.8,191,985.8,100,31.0,31.8,572.0,9.0,58.0,10.3
2026-02-01 21:00:00,2026,2,1,21,Cao Bằng,Xã Tam Kim,22.606427,106.0179879,64,Moderate,1,14.9,70,0.0,1.6,117,986.4,100,33.1,33.9,569.0,9.5,53.0,9.9
2026-02-01 22:00:00,2026,2,1,22,Cao Bằng,Xã Tam Kim,22.606427,106.0179879,65,Moderate,1,14.4,69,0.0,3.1,140,986.5,100,34.8,35.7,570.0,9.8,49.0,9.6
2026-02-01 23:00:00,2026,2,1,23,Cao Bằng,Xã Tam Kim,22.606427,106.0179879,66,Moderate,1,14.2,68,0.0,3.8,183,986.9,98,36.6,37.5,583.0,9.6,47.0,9.4
2026-02-02 00:00:00,2026,2,2,0,Cao Bằng,Xã Tam Kim,22.606427,106.0179879,67,Moderate,1,14.0,68,0.0,5.2,205,987.1,100,37.8,38.8,600.0,9.1,46.0,9.2
2026-02-02 01:00:00,2026,2,2,1,Cao Bằng,Xã Tam Kim,22.606427,106.0179879,69,Moderate,1,14.1,70,0.0,6.1,199,987.1,100,39.7,40.7,614.0,8.6,45.0,9.0
2026-02-02 02:00:00,2026,2,2,2,Cao Bằng,Xã Tam Kim,22.606427,106.0179879,70,Moderate,1,14.3,69,0.0,4.2,205,987.2,96,41.0,42.1,619.0,8.0,44.0,8.7
2026-02-02 03:00:00,2026,2,2,3,Cao Bằng,Xã Tam Kim,22.606427,106.0179879,72,Moderate,1,14.2,73,0.0,1.5,159,987.3,100,39.5,40.4,621.0,7.3,44.0,8.3
2026-02-02 04:00:00,2026,2,2,4,Cao Bằng,Xã Tam Kim,22.606427,106.0179879,74,Moderate,1,14.0,71,0.0,1.9,61,987.3,100,39.1,40.2,628.0,6.7,44.0,8.0
2026-02-02 05:00:00,2026,2,2,5,Cao Bằng,Xã Tam Kim,22.606427,106.0179879,76,Moderate,1,13.9,71,0.0,1.0,59,987.7,100,39.8,40.9,655.0,6.5,44.0,7.9
2026-02-02 06:00:00,2026,2,2,6,Cao Bằng,Xã Tam Kim,22.606427,106.0179879,78,Moderate,1,13.7,71,0.0,1.5,111,988.3,100,40.4,41.4,688.0,6.4,44.0,7.9
2026-02-02 07:00:00,2026,2,2,7,Cao Bằng,Xã Tam Kim,22.606427,106.0179879,80,Moderate,1,13.8,76,0.0,0.6,146,989.1,100,38.0,38.9,695.0,5.4,49.0,8.8
2026-02-02 08:00:00,2026,2,2,8,Cao Bằng,Xã Tam Kim,22.606427,106.0179879,83,Moderate,1,14.4,67,0.0,1.1,99,989.9,100,37.7,38.8,654.0,5.0,52.0,8.5
2026-02-02 09:00:00,2026,2,2,9,Cao Bằng,Xã Tam Kim,22.606427,106.0179879,85,Moderate,1,15.0,64,0.0,2.3,39,990.4,100,37.7,38.8,587.0,4.5,56.0,8.0
2026-02-02 10:00:00,2026,2,2,10,Cao Bằng,Xã Tam Kim,22.606427,106.0179879,88,Moderate,1,15.7,62,0.0,3.9,37,990.4,100,35.7,36.7,532.0,4.0,61.0,7.4
2026-02-02 11:00:00,2026,2,2,11,Cao Bằng,Xã Tam Kim,22.606427,106.0179879,90,Moderate,1,17.0,57,0.0,4.2,59,989.7,100,32.7,33.8,505.0,3.5,66.0,6.6
2026-02-02 12:00:00,2026,2,2,12,Cao Bằng,Xã Tam Kim,22.606427,106.0179879,91,Moderate,1,17.4,56,0.0,1.5,104,988.4,100,32.6,33.5,490.0,3.0,71.0,5.8
2026-02-02 13:00:00,2026,2,2,13,Cao Bằng,Xã Tam Kim,22.606427,106.0179879,93,Moderate,1,17.2,56,0.0,0.8,117,987.6,100,32.4,33.3,479.0,2.7,76.0,5.0
2026-02-02 14:00:00,2026,2,2,14,Cao Bằng,Xã Tam Kim,22.606427,106.0179879,94,Moderate,1,17.2,57,0.0,2.8,215,986.7,99,35.7,36.9,465.0,2.3,80.0,4.4
2026-02-02 15:00:00,2026,2,2,15,Cao Bằng,Xã Tam Kim,22.606427,106.0179879,95,Moderate,1,17.4,56,0.0,3.9,208,986.1,100,32.1,33.1,454.0,2.0,83.0,3.8
2026-02-02 16:00:00,2026,2,2,16,Cao Bằng,Xã Tam Kim,22.606427,106.0179879,97,Moderate,1,17.3,57,0.0,4.5,214,985.9,97,31.7,32.6,455.0,2.8,83.0,3.6
2026-02-02 17:00:00,2026,2,2,17,Cao Bằng,Xã Tam Kim,22.606427,106.0179879,98,Moderate,1,16.9,61,0.0,3.6,217,985.9,100,31.7,32.5,475.0,5.5,76.0,3.8
2026-02-02 18:00:00,2026,2,2,18,Cao Bằng,Xã Tam Kim,22.606427,106.0179879,99,Moderate,1,15.7,69,0.0,3.2,218,985.8,100,33.4,34.2,507.0,9.3,66.0,4.4
2026-02-02 19:00:00,2026,2,2,19,Cao Bằng,Xã Tam Kim,22.606427,106.0179879,100,Moderate,1,15.3,72,0.0,4.0,170,986.8,100,35.6,36.4,542.0,13.9,48.0,5.4
2026-02-02 20:00:00,2026,2,2,20,Cao Bằng,Xã Tam Kim,22.606427,106.0179879,101,Unhealthy for Sensitive Groups,2,15.3,73,0.0,2.2,185,987.3,98,37.1,37.8,587.0,14.8,45.0,5.7
2026-02-02 21:00:00,2026,2,2,21,Cao Bằng,Xã Tam Kim,22.606427,106.0179879,101,Unhealthy for Sensitive Groups,2,15.2,75,0.0,0.4,207,987.4,100,37.5,38.2,635.0,16.1,40.0,6.0
2026-02-02 22:00:00,2026,2,2,22,Cao Bằng,Xã Tam Kim,22.606427,106.0179879,102,Unhealthy for Sensitive Groups,2,14.6,76,0.0,1.5,173,987.2,16,38.2,38.9,655.0,16.8,36.0,6.2
2026-02-02 23:00:00,2026,2,2,23,Cao Bằng,Xã Tam Kim,22.606427,106.0179879,102,Unhealthy for Sensitive Groups,2,12.8,84,0.0,3.8,188,987.1,26,38.9,39.6,623.0,16.8,33.0,6.0
2026-02-03 00:00:00,2026,2,3,0,Cao Bằng,Xã Tam Kim,22.606427,106.0179879,103,Unhealthy for Sensitive Groups,2,12.6,85,0.0,4.0,183,987.0,73,38.5,39.2,562.0,16.3,32.0,5.7
2026-02-03 01:00:00,2026,2,3,1,Cao Bằng,Xã Tam Kim,22.606427,106.0179879,103,Unhealthy for Sensitive Groups,2,13.5,80,0.0,5.3,156,987.1,85,37.1,37.8,515.0,15.3,32.0,5.7
2026-02-03 02:00:00,2026,2,3,2,Cao Bằng,Xã Tam Kim,22.606427,106.0179879,102,Unhealthy for Sensitive Groups,2,13.2,80,0.0,4.9,170,986.9,89,36.2,36.8,495.0,13.4,35.0,6.1
2026-02-03 03:00:00,2026,2,3,3,Cao Bằng,Xã Tam Kim,22.606427,106.0179879,102,Unhealthy for Sensitive Groups,2,12.5,82,0.0,5.4,186,986.6,89,35.7,36.4,489.0,11.0,41.0,6.7
2026-02-03 04:00:00,2026,2,3,4,Cao Bằng,Xã Tam Kim,22.606427,106.0179879,101,Unhealthy for Sensitive Groups,2,12.5,82,0.0,4.5,175,986.4,91,35.5,36.3,491.0,9.1,45.0,7.5
2026-02-03 05:00:00,2026,2,3,5,Cao Bằng,Xã Tam Kim,22.606427,106.0179879,101,Unhealthy for Sensitive Groups,2,12.2,83,0.0,3.5,152,986.3,93,35.7,36.6,508.0,8.1,47.0,8.6
2026-02-03 06:00:00,2026,2,3,6,Cao Bằng,Xã Tam Kim,22.606427,106.0179879,101,Unhealthy for Sensitive Groups,2,11.6,85,0.0,3.5,145,987.0,94,36.3,37.3,533.0,7.5,48.0,9.9
2026-02-03 07:00:00,2026,2,3,7,Cao Bằng,Xã Tam Kim,22.606427,106.0179879,100,Moderate,1,12.2,84,0.0,2.9,158,987.8,100,37.6,38.5,549.0,6.5,52.0,10.2
2026-02-03 08:00:00,2026,2,3,8,Cao Bằng,Xã Tam Kim,22.606427,106.0179879,100,Moderate,1,13.3,73,0.0,3.7,141,988.4,100,38.4,39.5,548.0,6.2,55.0,10.7
2026-02-03 09:00:00,2026,2,3,9,Cao Bằng,Xã Tam Kim,22.606427,106.0179879,100,Moderate,1,13.9,68,0.0,4.6,126,989.0,100,38.8,39.9,538.0,5.7,61.0,11.3
2026-02-03 10:00:00,2026,2,3,10,Cao Bằng,Xã Tam Kim,22.606427,106.0179879,100,Moderate,1,14.6,66,0.0,5.5,126,989.1,100,37.8,39.0,519.0,5.1,67.0,11.5
2026-02-03 11:00:00,2026,2,3,11,Cao Bằng,Xã Tam Kim,22.606427,106.0179879,101,Unhealthy for Sensitive Groups,2,15.6,63,0.0,5.7,125,988.3,100,35.6,36.7,485.0,4.1,76.0,10.9
2026-02-03 12:00:00,2026,2,3,12,Cao Bằng,Xã Tam Kim,22.606427,106.0179879,101,Unhealthy for Sensitive Groups,2,16.5,61,0.0,6.9,127,987.0,85,32.9,33.9,443.0,3.0,86.0,9.9
2026-02-03 13:00:00,2026,2,3,13,Cao Bằng,Xã Tam Kim,22.606427,106.0179879,101,Unhealthy for Sensitive Groups,2,18.4,57,0.0,9.4,177,985.7,100,29.9,30.6,413.0,2.2,94.0,8.8
2026-02-03 14:00:00,2026,2,3,14,Cao Bằng,Xã Tam Kim,22.606427,106.0179879,101,Unhealthy for Sensitive Groups,2,19.0,57,0.0,10.1,183,984.3,88,31.8,32.5,406.0,1.9,98.0,7.5
2026-02-03 15:00:00,2026,2,3,15,Cao Bằng,Xã Tam Kim,22.606427,106.0179879,100,Moderate,1,19.5,58,0.0,10.5,192,983.6,80,33.6,34.3,413.0,2.0,99.0,6.2
2026-02-03 16:00:00,2026,2,3,16,Cao Bằng,Xã Tam Kim,22.606427,106.0179879,100,Moderate,1,19.4,57,0.0,9.9,189,983.4,43,34.9,35.6,423.0,2.6,98.0,5.5
2026-02-03 17:00:00,2026,2,3,17,Cao Bằng,Xã Tam Kim,22.606427,106.0179879,101,Unhealthy for Sensitive Groups,2,18.2,65,0.0,7.4,183,983.1,9,35.9,36.4,436.0,4.1,95.0,5.8
2026-02-03 18:00:00,2026,2,3,18,Cao Bằng,Xã Tam Kim,22.606427,106.0179879,101,Unhealthy for Sensitive Groups,2,16.7,71,0.0,6.1,182,983.1,16,37.1,37.6,454.0,6.0,90.0,6.7
2026-02-03 19:00:00,2026,2,3,19,Cao Bằng,Xã Tam Kim,22.606427,106.0179879,102,Unhealthy for Sensitive Groups,2,16.1,76,0.0,4.3,180,983.4,30,39.8,40.3,469.0,7.7,74.0,8.2
2026-02-03 20:00:00,2026,2,3,20,Cao Bằng,Xã Tam Kim,22.606427,106.0179879,102,Unhealthy for Sensitive Groups,2,15.1,80,0.0,3.8,172,983.7,15,40.7,41.2,480.0,8.5,70.0,8.2
2026-02-03 21:00:00,2026,2,3,21,Cao Bằng,Xã Tam Kim,22.606427,106.0179879,102,Unhealthy for Sensitive Groups,2,13.2,86,0.0,3.1,193,983.7,16,41.7,42.1,489.0,9.6,64.0,8.2
2026-02-03 22:00:00,2026,2,3,22,Cao Bằng,Xã Tam Kim,22.606427,106.0179879,103,Unhealthy for Sensitive Groups,2,12.4,90,0.0,2.7,200,983.2,26,42.6,43.0,493.0,10.4,59.0,8.1
2026-02-03 23:00:00,2026,2,3,23,Cao Bằng,Xã Tam Kim,22.606427,106.0179879,103,Unhealthy for Sensitive Groups,2,11.2,94,0.0,2.1,211,982.5,18,44.0,44.4,490.0,10.8,55.0,7.9
2026-02-04 00:00:00,2026,2,4,0,Cao Bằng,Xã Tam Kim,22.606427,106.0179879,104,Unhealthy for Sensitive Groups,2,11.0,94,0.0,1.7,221,982.2,52,44.4,44.7,483.0,10.9,51.0,7.6
2026-02-04 01:00:00,2026,2,4,1,Cao Bằng,Xã Tam Kim,22.606427,106.0179879,104,Unhealthy for Sensitive Groups,2,12.3,91,0.0,0.6,108,981.8,87,44.8,45.2,480.0,10.8,48.0,7.3
2026-02-04 02:00:00,2026,2,4,2,Cao Bằng,Xã Tam Kim,22.606427,106.0179879,105,Unhealthy for Sensitive Groups,2,12.9,89,0.0,1.2,27,981.4,78,45.9,46.2,481.0,10.4,45.0,7.0
2026-02-04 03:00:00,2026,2,4,3,Cao Bằng,Xã Tam Kim,22.606427,106.0179879,106,Unhealthy for Sensitive Groups,2,13.3,88,0.0,1.7,41,981.1,68,46.8,47.1,486.0,9.7,42.0,6.8
2026-02-04 04:00:00,2026,2,4,4,Cao Bằng,Xã Tam Kim,22.606427,106.0179879,107,Unhealthy for Sensitive Groups,2,13.2,89,0.0,1.9,49,980.9,59,47.4,47.7,507.0,9.4,40.0,6.8
2026-02-04 05:00:00,2026,2,4,5,Cao Bằng,Xã Tam Kim,22.606427,106.0179879,109,Unhealthy for Sensitive Groups,2,13.0,89,0.0,1.9,61,980.9,77,48.0,48.3,568.0,10.0,37.0,6.9
2026-02-04 06:00:00,2026,2,4,6,Cao Bằng,Xã Tam Kim,22.606427,106.0179879,110,Unhealthy for Sensitive Groups,2,12.8,91,0.0,1.8,66,981.3,52,48.9,49.2,644.0,10.8,34.0,7.1
2026-02-04 07:00:00,2026,2,4,7,Cao Bằng,Xã Tam Kim,22.606427,106.0179879,111,Unhealthy for Sensitive Groups,2,13.4,91,0.0,2.2,66,981.9,61,45.4,45.8,681.0,8.5,51.0,10.4
2026-02-04 08:00:00,2026,2,4,8,Cao Bằng,Xã Tam Kim,22.606427,106.0179879,112,Unhealthy for Sensitive Groups,2,15.4,81,0.0,3.6,53,982.7,60,46.0,46.4,637.0,7.1,61.0,12.3
2026-02-04 09:00:00,2026,2,4,9,Cao Bằng,Xã Tam Kim,22.606427,106.0179879,113,Unhealthy for Sensitive Groups,2,17.1,75,0.0,2.9,86,983.5,99,46.2,46.8,553.0,5.1,76.0,15.0
2026-02-04 10:00:00,2026,2,4,10,Cao Bằng,Xã Tam Kim,22.606427,106.0179879,114,Unhealthy for Sensitive Groups,2,19.0,68,0.1,3.2,183,983.4,100,46.7,47.1,492.0,3.5,89.0,16.3
2026-02-04 11:00:00,2026,2,4,11,Cao Bằng,Xã Tam Kim,22.606427,106.0179879,114,Unhealthy for Sensitive Groups,2,20.3,61,0.0,5.6,174,982.5,73,47.0,47.5,485.0,2.7,98.0,15.2
2026-02-04 12:00:00,2026,2,4,12,Cao Bằng,Xã Tam Kim,22.606427,106.0179879,116,Unhealthy for Sensitive Groups,2,21.6,58,0.0,7.9,180,980.9,70,47.6,48.2,500.0,2.2,105.0,12.9
2026-02-04 13:00:00,2026,2,4,13,Cao Bằng,Xã Tam Kim,22.606427,106.0179879,117,Unhealthy for Sensitive Groups,2,21.9,56,0.0,8.7,193,979.9,44,48.2,48.7,508.0,2.0,111.0,10.9
2026-02-04 14:00:00,2026,2,4,14,Cao Bằng,Xã Tam Kim,22.606427,106.0179879,119,Unhealthy for Sensitive Groups,2,22.6,54,0.0,10.1,182,978.6,47,49.0,49.6,490.0,1.6,117.0,9.9
2026-02-04 15:00:00,2026,2,4,15,Cao Bằng,Xã Tam Kim,22.606427,106.0179879,121,Unhealthy for Sensitive Groups,2,22.8,53,0.0,11.9,181,977.7,61,49.5,49.9,465.0,1.4,122.0,9.3
2026-02-04 16:00:00,2026,2,4,16,Cao Bằng,Xã Tam Kim,22.606427,106.0179879,123,Unhealthy for Sensitive Groups,2,21.8,58,0.0,11.5,183,977.6,50,50.1,50.5,455.0,2.2,122.0,9.1
2026-02-04 17:00:00,2026,2,4,17,Cao Bằng,Xã Tam Kim,22.606427,106.0179879,124,Unhealthy for Sensitive Groups,2,20.6,64,0.0,9.6,167,977.7,9,51.0,51.5,476.0,5.0,114.0,9.4
2026-02-04 18:00:00,2026,2,4,18,Cao Bằng,Xã Tam Kim,22.606427,106.0179879,126,Unhealthy for Sensitive Groups,2,17.9,76,0.0,9.5,159,977.6,3,53.2,53.6,511.0,8.8,102.0,10.0
2026-02-04 19:00:00,2026,2,4,19,Cao Bằng,Xã Tam Kim,22.606427,106.0179879,127,Unhealthy for Sensitive Groups,2,16.9,82,0.0,9.8,156,978.4,9,49.5,49.7,536.0,11.9,82.0,7.8
2026-02-04 20:00:00,2026,2,4,20,Cao Bằng,Xã Tam Kim,22.606427,106.0179879,128,Unhealthy for Sensitive Groups,2,15.5,89,0.0,8.4,164,978.7,9,52.6,53.0,538.0,13.6,74.0,8.0
2026-02-04 21:00:00,2026,2,4,21,Cao Bằng,Xã Tam Kim,22.606427,106.0179879,130,Unhealthy for Sensitive Groups,2,14.5,92,0.0,5.6,165,978.9,40,54.0,54.4,530.0,15.9,62.0,8.3
2026-02-04 22:00:00,2026,2,4,22,Cao Bằng,Xã Tam Kim,22.606427,106.0179879,131,Unhealthy for Sensitive Groups,2,14.2,92,0.0,3.6,162,979.0,10,54.7,55.1,524.0,17.3,53.0,8.3
2026-02-04 23:00:00,2026,2,4,23,Cao Bằng,Xã Tam Kim,22.606427,106.0179879,132,Unhealthy for Sensitive Groups,2,14.6,93,0.0,2.3,141,978.9,81,54.7,55.1,527.0,17.1,47.0,7.8
2026-02-05 00:00:00,2026,2,5,0,Cao Bằng,Xã Tam Kim,22.606427,106.0179879,133,Unhealthy for Sensitive Groups,2,15.4,90,0.0,1.4,90,978.9,96,54.0,54.4,533.0,16.0,44.0,7.0
2026-02-05 01:00:00,2026,2,5,1,Cao Bằng,Xã Tam Kim,22.606427,106.0179879,134,Unhealthy for Sensitive Groups,2,15.8,90,0.0,1.9,119,978.6,98,49.5,49.7,535.0,14.5,43.0,6.6
2026-02-05 02:00:00,2026,2,5,2,Cao Bằng,Xã Tam Kim,22.606427,106.0179879,135,Unhealthy for Sensitive Groups,2,15.9,90,0.0,2.8,130,978.0,94,48.3,48.5,531.0,12.6,46.0,6.9
2026-02-05 03:00:00,2026,2,5,3,Cao Bằng,Xã Tam Kim,22.606427,106.0179879,135,Unhealthy for Sensitive Groups,2,16.0,89,0.0,2.0,100,977.8,95,47.7,48.0,523.0,10.4,50.0,7.7
2026-02-05 04:00:00,2026,2,5,4,Cao Bằng,Xã Tam Kim,22.606427,106.0179879,135,Unhealthy for Sensitive Groups,2,16.3,90,0.0,2.5,90,977.4,98,47.4,47.6,517.0,8.8,54.0,8.6
2026-02-05 05:00:00,2026,2,5,5,Cao Bằng,Xã Tam Kim,22.606427,106.0179879,135,Unhealthy for Sensitive Groups,2,16.4,90,0.0,3.1,100,977.6,100,47.0,47.3,521.0,8.4,54.0,9.7
2026-02-05 06:00:00,2026,2,5,6,Cao Bằng,Xã Tam Kim,22.606427,106.0179879,135,Unhealthy for Sensitive Groups,2,16.3,91,0.0,3.0,107,978.1,100,46.8,47.1,528.0,8.7,53.0,10.9
2026-02-05 07:00:00,2026,2,5,7,Cao Bằng,Xã Tam Kim,22.606427,106.0179879,135,Unhealthy for Sensitive Groups,2,16.7,91,0.0,4.4,125,978.9,100,33.2,33.3,515.0,6.6,67.0,14.4
2026-02-05 08:00:00,2026,2,5,8,Cao Bằng,Xã Tam Kim,22.606427,106.0179879,134,Unhealthy for Sensitive Groups,2,17.5,87,0.0,3.5,114,979.7,78,31.4,31.8,464.0,6.1,71.0,14.3
2026-02-05 09:00:00,2026,2,5,9,Cao Bằng,Xã Tam Kim,22.606427,106.0179879,132,Unhealthy for Sensitive Groups,2,18.6,82,0.0,4.5,157,980.1,68,27.9,28.2,394.0,5.3,76.0,14.0
2026-02-05 10:00:00,2026,2,5,10,Cao Bằng,Xã Tam Kim,22.606427,106.0179879,130,Unhealthy for Sensitive Groups,2,20.0,77,0.2,5.8,166,980.3,100,26.7,27.2,344.0,4.5,83.0,12.9
2026-02-05 11:00:00,2026,2,5,11,Cao Bằng,Xã Tam Kim,22.606427,106.0179879,128,Unhealthy for Sensitive Groups,2,21.8,69,0.1,6.0,173,979.3,100,29.3,29.7,334.0,3.6,92.0,10.3
2026-02-05 12:00:00,2026,2,5,12,Cao Bằng,Xã Tam Kim,22.606427,106.0179879,126,Unhealthy for Sensitive Groups,2,23.1,63,0.0,5.8,166,978.0,85,32.1,32.6,343.0,2.6,103.0,6.9
2026-02-05 13:00:00,2026,2,5,13,Cao Bằng,Xã Tam Kim,22.606427,106.0179879,125,Unhealthy for Sensitive Groups,2,25.1,51,0.0,8.5,184,976.9,30,34.0,34.3,352.0,2.0,111.0,4.3
2026-02-05 14:00:00,2026,2,5,14,Cao Bằng,Xã Tam Kim,22.606427,106.0179879,123,Unhealthy for Sensitive Groups,2,24.9,53,0.0,12.3,177,975.7,32,35.3,35.7,349.0,1.7,116.0,3.1
2026-02-05 15:00:00,2026,2,5,15,Cao Bằng,Xã Tam Kim,22.606427,106.0179879,122,Unhealthy for Sensitive Groups,2,24.4,55,0.0,13.3,177,975.2,13,35.4,35.7,345.0,1.8,119.0,2.6
2026-02-05 16:00:00,2026,2,5,16,Cao Bằng,Xã Tam Kim,22.606427,106.0179879,120,Unhealthy for Sensitive Groups,2,24.0,57,0.0,12.1,177,975.3,6,35.2,35.5,350.0,2.9,117.0,2.5
2026-02-05 17:00:00,2026,2,5,17,Cao Bằng,Xã Tam Kim,22.606427,106.0179879,119,Unhealthy for Sensitive Groups,2,22.7,63,0.0,9.2,164,975.4,3,36.0,36.3,373.0,5.7,109.0,2.9
2026-02-05 18:00:00,2026,2,5,18,Cao Bằng,Xã Tam Kim,22.606427,106.0179879,117,Unhealthy for Sensitive Groups,2,18.9,81,0.0,7.5,170,975.4,1,37.8,38.2,405.0,9.5,98.0,3.8
2026-02-05 19:00:00,2026,2,5,19,Cao Bằng,Xã Tam Kim,22.606427,106.0179879,115,Unhealthy for Sensitive Groups,2,16.8,91,0.0,5.0,182,976.2,0,37.8,38.2,433.0,14.5,83.0,4.0
2026-02-05 20:00:00,2026,2,5,20,Cao Bằng,Xã Tam Kim,22.606427,106.0179879,114,Unhealthy for Sensitive Groups,2,16.7,91,0.0,4.5,185,976.9,6,40.7,41.2,455.0,15.8,76.0,4.6
2026-02-05 21:00:00,2026,2,5,21,Cao Bằng,Xã Tam Kim,22.606427,106.0179879,113,Unhealthy for Sensitive Groups,2,15.5,94,0.0,3.1,187,977.0,1,42.5,43.0,473.0,17.5,67.0,5.4
2026-02-05 22:00:00,2026,2,5,22,Cao Bằng,Xã Tam Kim,22.606427,106.0179879,112,Unhealthy for Sensitive Groups,2,14.9,94,0.0,1.5,194,977.2,1,45.1,45.5,482.0,18.5,58.0,5.9
2026-02-05 23:00:00,2026,2,5,23,Cao Bằng,Xã Tam Kim,22.606427,106.0179879,111,Unhealthy for Sensitive Groups,2,14.9,94,0.0,1.4,247,977.3,20,47.8,48.3,477.0,18.3,52.0,5.8
2026-02-06 00:00:00,2026,2,6,0,Cao Bằng,Xã Tam Kim,22.606427,106.0179879,110,Unhealthy for Sensitive Groups,2,15.7,92,0.0,1.9,319,977.3,94,49.2,49.7,462.0,17.5,47.0,5.3
2026-02-06 01:00:00,2026,2,6,1,Cao Bằng,Xã Tam Kim,22.606427,106.0179879,110,Unhealthy for Sensitive Groups,2,16.5,92,0.0,1.0,329,977.2,100,48.1,48.5,446.0,16.4,43.0,4.9
2026-02-06 02:00:00,2026,2,6,2,Cao Bằng,Xã Tam Kim,22.606427,106.0179879,109,Unhealthy for Sensitive Groups,2,16.9,90,0.0,0.7,14,976.8,100,47.1,47.5,430.0,14.9,41.0,4.6
2026-02-06 03:00:00,2026,2,6,3,Cao Bằng,Xã Tam Kim,22.606427,106.0179879,109,Unhealthy for Sensitive Groups,2,16.9,91,0.0,1.7,49,976.4,98,47.4,47.8,413.0,13.2,40.0,4.5
2026-02-06 04:00:00,2026,2,6,4,Cao Bằng,Xã Tam Kim,22.606427,106.0179879,109,Unhealthy for Sensitive Groups,2,16.8,93,0.0,1.9,29,976.4,98,46.4,46.8,403.0,12.2,38.0,4.4
2026-02-06 05:00:00,2026,2,6,5,Cao Bằng,Xã Tam Kim,22.606427,106.0179879,109,Unhealthy for Sensitive Groups,2,16.7,94,0.0,2.0,10,976.7,98,43.3,43.7,406.0,12.9,32.0,4.4
2026-02-06 06:00:00,2026,2,6,6,Cao Bằng,Xã Tam Kim,22.606427,106.0179879,109,Unhealthy for Sensitive Groups,2,16.9,94,0.0,3.2,357,977.4,100,35.2,35.4,416.0,14.2,25.0,4.6
2026-02-06 07:00:00,2026,2,6,7,Cao Bằng,Xã Tam Kim,22.606427,106.0179879,108,Unhealthy for Sensitive Groups,2,16.7,95,0.0,5.7,347,978.0,100,32.8,33.2,421.0,12.6,31.0,5.4
2026-02-06 08:00:00,2026,2,6,8,Cao Bằng,Xã Tam Kim,22.606427,106.0179879,108,Unhealthy for Sensitive Groups,2,17.8,92,0.0,6.7,352,979.2,97,27.2,27.4,417.0,10.1,47.0,7.2
2026-02-06 09:00:00,2026,2,6,9,Cao Bằng,Xã Tam Kim,22.606427,106.0179879,107,Unhealthy for Sensitive Groups,2,19.4,85,0.0,6.9,346,980.2,51,21.0,21.4,408.0,6.6,71.0,9.6
2026-02-06 10:00:00,2026,2,6,10,Cao Bằng,Xã Tam Kim,22.606427,106.0179879,106,Unhealthy for Sensitive Groups,2,21.2,75,0.0,7.9,339,980.3,53,22.6,23.0,399.0,3.8,90.0,10.7
2026-02-06 11:00:00,2026,2,6,11,Cao Bằng,Xã Tam Kim,22.606427,106.0179879,106,Unhealthy for Sensitive Groups,2,22.5,68,0.0,7.8,352,979.6,29,25.6,26.0,391.0,2.5,102.0,9.3
2026-02-06 12:00:00,2026,2,6,12,Cao Bằng,Xã Tam Kim,22.606427,106.0179879,106,Unhealthy for Sensitive Groups,2,24.1,58,0.0,4.9,6,978.7,42,26.2,26.5,383.0,1.8,111.0,6.5
2026-02-06 13:00:00,2026,2,6,13,Cao Bằng,Xã Tam Kim,22.606427,106.0179879,105,Unhealthy for Sensitive Groups,2,24.7,52,0.0,3.1,80,977.5,50,25.4,25.7,377.0,1.5,117.0,4.3
2026-02-06 14:00:00,2026,2,6,14,Cao Bằng,Xã Tam Kim,22.606427,106.0179879,104,Unhealthy for Sensitive Groups,2,25.5,47,0.0,2.7,113,976.4,75,22.6,22.9,374.0,1.0,121.0,3.2
2026-02-06 15:00:00,2026,2,6,15,Cao Bằng,Xã Tam Kim,22.606427,106.0179879,103,Unhealthy for Sensitive Groups,2,25.8,46,0.0,0.7,270,975.8,41,21.4,21.8,374.0,0.7,122.0,2.5
2026-02-06 16:00:00,2026,2,6,16,Cao Bằng,Xã Tam Kim,22.606427,106.0179879,101,Unhealthy for Sensitive Groups,2,25.8,47,0.0,4.5,277,975.5,34,21.0,21.5,379.0,1.6,119.0,2.3
2026-02-06 17:00:00,2026,2,6,17,Cao Bằng,Xã Tam Kim,22.606427,106.0179879,100,Moderate,1,24.3,58,0.0,1.9,248,975.7,23,22.0,22.5,397.0,4.6,109.0,2.8
2026-02-06 18:00:00,2026,2,6,18,Cao Bằng,Xã Tam Kim,22.606427,106.0179879,99,Moderate,1,21.8,67,0.0,2.8,191,976.2,0,25.7,26.1,421.0,8.7,95.0,3.7
2026-02-06 19:00:00,2026,2,6,19,Cao Bằng,Xã Tam Kim,22.606427,106.0179879,98,Moderate,1,19.5,74,0.0,0.8,225,977.0,15,33.1,33.6,430.0,11.6,76.0,4.9
2026-02-06 20:00:00,2026,2,6,20,Cao Bằng,Xã Tam Kim,22.606427,106.0179879,97,Moderate,1,18.9,75,0.0,1.7,283,978.2,18,34.9,35.4,403.0,12.0,71.0,5.3
2026-02-06 21:00:00,2026,2,6,21,Cao Bằng,Xã Tam Kim,22.606427,106.0179879,97,Moderate,1,18.4,78,0.0,4.9,274,978.9,45,36.4,37.1,360.0,12.5,64.0,5.9
2026-02-06 22:00:00,2026,2,6,22,Cao Bằng,Xã Tam Kim,22.606427,106.0179879,96,Moderate,1,17.9,82,0.1,1.7,252,979.3,100,39.8,40.9,344.0,12.9,57.0,6.2
2026-02-06 23:00:00,2026,2,6,23,Cao Bằng,Xã Tam Kim,22.606427,106.0179879,96,Moderate,1,18.5,88,0.7,1.9,146,979.7,95,40.9,41.9,381.0,13.1,50.0,6.1
2026-02-07 00:00:00,2026,2,7,0,Cao Bằng,Xã Tam Kim,22.606427,106.0179879,95,Moderate,1,18.3,92,0.3,0.2,360,979.9,75,40.6,41.7,445.0,13.0,42.0,5.8
2026-02-07 01:00:00,2026,2,7,1,Cao Bằng,Xã Tam Kim,22.606427,106.0179879,94,Moderate,1,17.6,94,0.1,3.6,333,978.8,73,37.8,38.5,497.0,12.5,37.0,5.7
2026-02-07 02:00:00,2026,2,7,2,Cao Bằng,Xã Tam Kim,22.606427,106.0179879,93,Moderate,1,17.5,98,0.4,3.4,313,978.5,100,35.6,36.1,522.0,11.0,37.0,6.0
2026-02-07 03:00:00,2026,2,7,3,Cao Bằng,Xã Tam Kim,22.606427,106.0179879,92,Moderate,1,17.8,98,4.5,3.1,277,978.7,100,29.5,29.9,534.0,9.0,39.0,6.5
2026-02-07 04:00:00,2026,2,7,4,Cao Bằng,Xã Tam Kim,22.606427,106.0179879,91,Moderate,1,18.0,96,6.9,1.2,219,979.1,100,29.9,30.3,543.0,7.5,41.0,7.0
2026-02-07 05:00:00,2026,2,7,5,Cao Bằng,Xã Tam Kim,22.606427,106.0179879,89,Moderate,1,17.6,98,1.8,5.4,138,979.4,100,27.5,27.8,546.0,7.2,40.0,7.4
2026-02-07 06:00:00,2026,2,7,6,Cao Bằng,Xã Tam Kim,22.606427,106.0179879,88,Moderate,1,17.1,97,0.3,6.9,163,980.4,100,24.8,25.0,546.0,7.4,38.0,7.7
2026-02-07 07:00:00,2026,2,7,7,Cao Bằng,Xã Tam Kim,22.606427,106.0179879,87,Moderate,1,17.0,97,0.9,5.1,188,980.9,100,21.4,21.5,553.0,6.6,46.0,8.6
2026-02-07 08:00:00,2026,2,7,8,Cao Bằng,Xã Tam Kim,22.606427,106.0179879,86,Moderate,1,17.1,97,0.2,5.2,184,981.9,100,20.1,20.3,578.0,6.1,52.0,8.5
2026-02-07 09:00:00,2026,2,7,9,Cao Bằng,Xã Tam Kim,22.606427,106.0179879,85,Moderate,1,17.4,97,0.1,7.4,167,982.7,100,19.4,19.6,611.0,5.4,60.0,8.4
2026-02-07 10:00:00,2026,2,7,10,Cao Bằng,Xã Tam Kim,22.606427,106.0179879,85,Moderate,1,17.3,97,0.3,7.6,168,983.1,100,20.1,20.4,637.0,4.9,67.0,8.2
2026-02-07 11:00:00,2026,2,7,11,Cao Bằng,Xã Tam Kim,22.606427,106.0179879,85,Moderate,1,17.5,95,0.4,7.0,168,982.7,100,20.9,21.2,654.0,4.6,71.0,7.8
2026-02-07 12:00:00,2026,2,7,12,Cao Bằng,Xã Tam Kim,22.606427,106.0179879,84,Moderate,1,17.6,93,0.2,6.2,159,981.9,100,21.1,21.4,664.0,4.4,74.0,7.2
2026-02-07 13:00:00,2026,2,7,13,Cao Bằng,Xã Tam Kim,22.606427,106.0179879,84,Moderate,1,18.7,78,0.1,7.4,116,980.9,100,19.7,20.0,663.0,4.5,76.0,6.9
2026-02-07 14:00:00,2026,2,7,14,Cao Bằng,Xã Tam Kim,22.606427,106.0179879,84,Moderate,1,18.6,76,0.2,6.5,132,980.2,100,18.0,18.2,639.0,4.7,76.0,7.0
2026-02-07 15:00:00,2026,2,7,15,Cao Bằng,Xã Tam Kim,22.606427,106.0179879,83,Moderate,1,18.2,90,0.6,4.5,166,979.7,100,16.5,16.6,604.0,5.2,75.0,7.2
2026-02-07 16:00:00,2026,2,7,16,Cao Bằng,Xã Tam Kim,22.606427,106.0179879,83,Moderate,1,18.0,92,0.1,5.3,218,979.6,100,16.1,16.2,590.0,6.1,72.0,7.5
2026-02-07 17:00:00,2026,2,7,17,Cao Bằng,Xã Tam Kim,22.606427,106.0179879,82,Moderate,1,17.4,94,0.2,7.4,241,979.9,100,16.2,16.4,617.0,8.0,66.0,7.7
2026-02-07 18:00:00,2026,2,7,18,Cao Bằng,Xã Tam Kim,22.606427,106.0179879,82,Moderate,1,16.9,95,0.1,6.1,256,980.4,100,17.5,17.6,664.0,10.5,57.0,8.0
2026-02-07 19:00:00,2026,2,7,19,Cao Bằng,Xã Tam Kim,22.606427,106.0179879,81,Moderate,1,17.9,84,0.3,0.5,270,981.3,100,28.1,28.3,703.0,12.9,53.0,8.8
2026-02-07 20:00:00,2026,2,7,20,Cao Bằng,Xã Tam Kim,22.606427,106.0179879,81,Moderate,1,18.0,85,0.1,0.6,162,982.3,100,29.9,30.2,730.0,12.7,50.0,8.6
2026-02-07 21:00:00,2026,2,7,21,Cao Bằng,Xã Tam Kim,22.606427,106.0179879,80,Moderate,1,17.6,81,0.2,4.1,128,983.0,100,30.4,30.6,749.0,12.2,47.0,8.3
2026-02-07 22:00:00,2026,2,7,22,Cao Bằng,Xã Tam Kim,22.606427,106.0179879,80,Moderate,1,16.4,92,0.4,3.5,156,983.2,100,29.6,29.7,744.0,11.3,46.0,8.2
2026-02-07 23:00:00,2026,2,7,23,Cao Bằng,Xã Tam Kim,22.606427,106.0179879,79,Moderate,1,16.1,93,1.1,3.1,177,983.5,100,27.6,27.8,694.0,9.4,49.0,8.2
2026-02-08 00:00:00,2026,2,8,0,Cao Bằng,Xã Tam Kim,22.606427,106.0179879,78,Moderate,1,15.6,95,1.9,3.9,158,984.2,100,23.0,23.2,620.0,6.9,54.0,8.4
2026-02-08 01:00:00,2026,2,8,1,Cao Bằng,Xã Tam Kim,22.606427,106.0179879,76,Moderate,1,16.3,91,1.3,3.3,135,984.2,100,17.8,17.9,572.0,5.0,58.0,8.7
2026-02-08 02:00:00,2026,2,8,2,Cao Bằng,Xã Tam Kim,22.606427,106.0179879,74,Moderate,1,15.4,96,1.1,5.8,104,984.3,100,11.7,11.7,575.0,4.0,59.0,9.3
2026-02-08 03:00:00,2026,2,8,3,Cao Bằng,Xã Tam Kim,22.606427,106.0179879,72,Moderate,1,14.8,96,1.0,2.8,135,984.8,100,7.5,7.5,604.0,3.5,58.0,10.0
2026-02-08 04:00:00,2026,2,8,4,Cao Bằng,Xã Tam Kim,22.606427,106.0179879,70,Moderate,1,14.4,97,1.1,2.7,152,985.1,100,5.9,5.9,628.0,3.3,57.0,10.7
2026-02-08 05:00:00,2026,2,8,5,Cao Bằng,Xã Tam Kim,22.606427,106.0179879,68,Moderate,1,14.2,96,0.5,2.7,82,985.9,100,4.6,4.6,637.0,3.5,54.0,11.4
2026-02-08 06:00:00,2026,2,8,6,Cao Bằng,Xã Tam Kim,22.606427,106.0179879,66,Moderate,1,13.3,94,0.2,4.6,36,987.0,100,4.1,4.1,640.0,4.1,51.0,12.1
2026-02-08 07:00:00,2026,2,8,7,Cao Bằng,Xã Tam Kim,22.606427,106.0179879,64,Moderate,1,13.5,95,0.1,3.9,43,987.5,100,2.9,2.9,638.0,4.6,46.0,12.5
2026-02-08 08:00:00,2026,2,8,8,Cao Bằng,Xã Tam Kim,22.606427,106.0179879,62,Moderate,1,13.4,93,0.2,6.2,22,988.6,100,2.6,2.6,628.0,4.6,47.0,12.6
2026-02-08 09:00:00,2026,2,8,9,Cao Bằng,Xã Tam Kim,22.606427,106.0179879,61,Moderate,1,12.9,89,0.3,5.2,27,989.8,100,2.3,2.3,611.0,4.7,49.0,12.6
2026-02-08 10:00:00,2026,2,8,10,Cao Bằng,Xã Tam Kim,22.606427,106.0179879,59,Moderate,1,12.4,91,0.5,4.0,5,990.7,100,2.0,2.0,595.0,4.6,52.0,12.4
2026-02-08 11:00:00,2026,2,8,11,Cao Bằng,Xã Tam Kim,22.606427,106.0179879,58,Moderate,1,12.1,95,1.4,4.1,38,990.3,100,1.7,1.7,580.0,4.3,56.0,11.8
2026-02-08 12:00:00,2026,2,8,12,Cao Bằng,Xã Tam Kim,22.606427,106.0179879,56,Moderate,1,12.3,91,0.4,5.0,26,989.3,100,1.9,1.9,565.0,4.0,60.0,10.9
2026-02-08 13:00:00,2026,2,8,13,Cao Bằng,Xã Tam Kim,22.606427,106.0179879,54,Moderate,1,12.7,90,0.4,4.0,36,988.7,100,2.1,2.1,554.0,3.8,63.0,10.2
2026-02-08 14:00:00,2026,2,8,14,Cao Bằng,Xã Tam Kim,22.606427,106.0179879,53,Moderate,1,12.9,86,0.4,2.4,103,987.8,100,2.5,2.5,547.0,3.8,65.0,9.6
2026-02-08 15:00:00,2026,2,8,15,Cao Bằng,Xã Tam Kim,22.606427,106.0179879,51,Moderate,1,13.1,79,0.2,2.9,90,986.9,100,3.1,3.1,544.0,3.9,67.0,9.2
2026-02-08 16:00:00,2026,2,8,16,Cao Bằng,Xã Tam Kim,22.606427,106.0179879,50,Good,0,12.4,81,0.1,5.6,112,986.7,100,3.1,3.1,544.0,4.3,67.0,8.9
2026-02-08 17:00:00,2026,2,8,17,Cao Bằng,Xã Tam Kim,22.606427,106.0179879,48,Good,0,12.3,81,0.0,7.9,137,986.9,100,3.6,3.6,549.0,5.0,66.0,8.8
2026-02-08 18:00:00,2026,2,8,18,Cao Bằng,Xã Tam Kim,22.606427,106.0179879,46,Good,0,11.2,90,0.3,9.4,160,987.0,100,4.5,4.5,558.0,6.0,64.0,8.9
2026-02-08 19:00:00,2026,2,8,19,Cao Bằng,Xã Tam Kim,22.606427,106.0179879,44,Good,0,11.1,98,0.6,6.8,140,987.6,100,11.5,11.5,561.0,7.2,56.0,8.5
2026-02-08 20:00:00,2026,2,8,20,Cao Bằng,Xã Tam Kim,22.606427,106.0179879,41,Good,0,10.8,97,0.5,6.1,156,988.1,100,11.3,11.3,555.0,7.2,55.0,8.5
2026-02-08 21:00:00,2026,2,8,21,Cao Bằng,Xã Tam Kim,22.606427,106.0179879,38,Good,0,10.7,93,0.1,7.2,166,988.1,100,10.8,10.8,544.0,7.1,53.0,8.4
2026-02-08 22:00:00,2026,2,8,22,Cao Bằng,Xã Tam Kim,22.606427,106.0179879,34,Good,0,10.3,94,0.0,7.7,168,987.9,100,10.9,10.9,534.0,7.0,52.0,8.3
2026-02-08 23:00:00,2026,2,8,23,Cao Bằng,Xã Tam Kim,22.606427,106.0179879,31,Good,0,10.0,94,0.1,8.4,170,987.8,100,10.9,10.9,526.0,6.7,51.0,8.2
2026-02-09 00:00:00,2026,2,9,0,Cao Bằng,Xã Tam Kim,22.606427,106.0179879,28,Good,0,10.1,89,0.0,7.5,172,987.5,100,10.0,10.0,518.0,6.3,51.0,8.0
2026-02-09 01:00:00,2026,2,9,1,Cao Bằng,Xã Tam Kim,22.606427,106.0179879,26,Good,0,10.2,94,0.0,6.9,171,986.8,100,9.6,9.6,511.0,5.9,51.0,7.8
2026-02-09 02:00:00,2026,2,9,2,Cao Bằng,Xã Tam Kim,22.606427,106.0179879,25,Good,0,10.2,90,0.0,7.5,170,985.8,100,9.8,9.8,502.0,5.4,52.0,7.5
2026-02-09 03:00:00,2026,2,9,3,Cao Bằng,Xã Tam Kim,22.606427,106.0179879,24,Good,0,10.2,88,0.0,7.4,174,985.5,100,10.0,10.0,493.0,4.8,53.0,7.2
2026-02-09 04:00:00,2026,2,9,4,Cao Bằng,Xã Tam Kim,22.606427,106.0179879,25,Good,0,10.1,89,0.0,6.8,169,984.9,100,9.0,9.1,491.0,4.5,54.0,6.9
2026-02-09 05:00:00,2026,2,9,5,Cao Bằng,Xã Tam Kim,22.606427,106.0179879,25,Good,0,10.1,87,0.0,6.7,164,984.8,100,7.6,7.8,503.0,4.6,54.0,6.6
2026-02-09 06:00:00,2026,2,9,6,Cao Bằng,Xã Tam Kim,22.606427,106.0179879,26,Good,0,10.1,85,0.0,7.0,162,985.4,100,7.1,7.3,521.0,4.9,54.0,6.2
2026-02-09 07:00:00,2026,2,9,7,Cao Bằng,Xã Tam Kim,22.606427,106.0179879,26,Good,0,9.7,94,0.0,5.3,145,985.5,91,2.9,2.9,530.0,4.4,55.0,5.6
2026-02-09 08:00:00,2026,2,9,8,Cao Bằng,Xã Tam Kim,22.606427,106.0179879,26,Good,0,10.2,89,0.0,8.2,140,986.0,96,4.9,5.2,522.0,4.3,59.0,5.8
2026-02-09 09:00:00,2026,2,9,9,Cao Bằng,Xã Tam Kim,22.606427,106.0179879,27,Good,0,11.5,81,0.0,6.6,131,986.5,100,7.6,8.1,506.0,4.1,65.0,6.1
2026-02-09 10:00:00,2026,2,9,10,Cao Bằng,Xã Tam Kim,22.606427,106.0179879,28,Good,0,12.8,75,0.0,6.0,127,986.5,100,9.1,9.6,491.0,3.9,71.0,6.5
2026-02-09 11:00:00,2026,2,9,11,Cao Bằng,Xã Tam Kim,22.606427,106.0179879,29,Good,0,13.7,72,0.0,6.1,114,985.5,100,9.4,9.8,478.0,3.6,76.0,7.0
2026-02-09 12:00:00,2026,2,9,12,Cao Bằng,Xã Tam Kim,22.606427,106.0179879,30,Good,0,14.9,68,0.0,6.5,124,984.0,100,8.8,9.1,467.0,3.2,80.0,7.5
2026-02-09 13:00:00,2026,2,9,13,Cao Bằng,Xã Tam Kim,22.606427,106.0179879,31,Good,0,15.1,69,0.0,7.0,134,982.5,100,8.4,8.6,461.0,2.9,83.0,7.7
2026-02-09 14:00:00,2026,2,9,14,Cao Bằng,Xã Tam Kim,22.606427,106.0179879,32,Good,0,15.9,67,0.0,7.6,142,981.1,100,8.5,8.7,464.0,2.7,85.0,7.4
2026-02-09 15:00:00,2026,2,9,15,Cao Bằng,Xã Tam Kim,22.606427,106.0179879,33,Good,0,16.7,65,0.0,7.1,144,980.3,100,8.7,8.8,472.0,2.7,85.0,6.7
2026-02-09 16:00:00,2026,2,9,16,Cao Bằng,Xã Tam Kim,22.606427,106.0179879,35,Good,0,16.8,67,0.0,7.5,143,980.2,100,9.3,9.5,485.0,3.1,83.0,6.3
2026-02-09 17:00:00,2026,2,9,17,Cao Bằng,Xã Tam Kim,22.606427,106.0179879,36,Good,0,16.3,70,0.0,8.0,130,980.1,100,10.5,10.7,505.0,4.4,78.0,6.4
2026-02-09 18:00:00,2026,2,9,18,Cao Bằng,Xã Tam Kim,22.606427,106.0179879,37,Good,0,15.1,75,0.0,8.7,122,980.3,99,12.6,12.7,528.0,6.2,72.0,6.6
2026-02-09 19:00:00,2026,2,9,19,Cao Bằng,Xã Tam Kim,22.606427,106.0179879,38,Good,0,13.2,81,0.0,8.0,110,981.0,100,9.5,9.6,543.0,7.7,61.0,9.1
2026-02-09 20:00:00,2026,2,9,20,Cao Bằng,Xã Tam Kim,22.606427,106.0179879,38,Good,0,12.7,83,0.0,7.4,113,981.8,93,10.4,10.6,544.0,7.8,59.0,9.1
2026-02-09 21:00:00,2026,2,9,21,Cao Bằng,Xã Tam Kim,22.606427,106.0179879,38,Good,0,12.5,84,0.0,7.4,108,982.1,99,11.0,11.1,538.0,7.9,56.0,9.2
2026-02-09 22:00:00,2026,2,9,22,Cao Bằng,Xã Tam Kim,22.606427,106.0179879,38,Good,0,12.3,85,0.0,6.3,103,982.1,100,11.5,11.7,527.0,7.9,53.0,9.2
2026-02-09 23:00:00,2026,2,9,23,Cao Bằng,Xã Tam Kim,22.606427,106.0179879,38,Good,0,12.3,87,0.0,5.5,107,981.8,100,12.1,12.3,512.0,7.7,51.0,9.1
2026-02-10 00:00:00,2026,2,10,0,Cao Bằng,Xã Tam Kim,22.606427,106.0179879,38,Good,0,12.2,87,0.0,4.1,90,981.5,100,12.6,12.8,493.0,7.5,50.0,9.0
2026-02-10 01:00:00,2026,2,10,1,Cao Bằng,Xã Tam Kim,22.606427,106.0179879,38,Good,0,12.4,88,0.0,5.0,103,981.2,100,13.1,13.3,478.0,7.2,49.0,8.8
2026-02-10 02:00:00,2026,2,10,2,Cao Bằng,Xã Tam Kim,22.606427,106.0179879,39,Good,0,12.5,88,0.0,4.6,99,980.8,100,13.6,13.8,466.0,6.8,48.0,8.5
2026-02-10 03:00:00,2026,2,10,3,Cao Bằng,Xã Tam Kim,22.606427,106.0179879,40,Good,0,12.4,89,0.0,3.4,87,980.6,100,14.1,14.3,456.0,6.3,47.0,8.2
2026-02-10 04:00:00,2026,2,10,4,Cao Bằng,Xã Tam Kim,22.606427,106.0179879,40,Good,0,12.5,89,0.0,2.8,72,980.4,95,14.7,14.8,459.0,6.1,46.0,7.9
2026-02-10 05:00:00,2026,2,10,5,Cao Bằng,Xã Tam Kim,22.606427,106.0179879,41,Good,0,12.6,89,0.0,3.0,73,980.6,98,15.3,15.4,487.0,6.4,43.0,7.8
2026-02-10 06:00:00,2026,2,10,6,Cao Bằng,Xã Tam Kim,22.606427,106.0179879,43,Good,0,12.6,90,0.0,2.8,72,981.0,100,16.2,16.4,527.0,7.0,40.0,7.8
2026-02-10 07:00:00,2026,2,10,7,Cao Bằng,Xã Tam Kim,22.606427,106.0179879,44,Good,0,12.5,88,0.0,3.1,62,981.6,100,14.9,15.1,545.0,5.2,50.0,6.7
2026-02-10 08:00:00,2026,2,10,8,Cao Bằng,Xã Tam Kim,22.606427,106.0179879,46,Good,0,13.7,83,0.0,3.5,62,982.5,100,15.6,15.8,520.0,4.8,56.0,7.0
2026-02-10 09:00:00,2026,2,10,9,Cao Bằng,Xã Tam Kim,22.606427,106.0179879,48,Good,0,15.5,76,0.0,4.5,85,983.1,100,17.8,18.0,474.0,4.3,64.0,7.4
2026-02-10 10:00:00,2026,2,10,10,Cao Bằng,Xã Tam Kim,22.606427,106.0179879,50,Good,0,17.0,72,0.0,5.9,108,983.1,100,19.7,19.9,435.0,3.7,71.0,7.2
2026-02-10 11:00:00,2026,2,10,11,Cao Bằng,Xã Tam Kim,22.606427,106.0179879,51,Moderate,1,19.0,69,0.0,7.9,163,982.8,100,21.7,21.9,414.0,3.1,77.0,5.9
2026-02-10 12:00:00,2026,2,10,12,Cao Bằng,Xã Tam Kim,22.606427,106.0179879,52,Moderate,1,19.4,70,0.0,8.7,162,981.8,96,23.5,23.6,401.0,2.6,82.0,4.1
2026-02-10 13:00:00,2026,2,10,13,Cao Bằng,Xã Tam Kim,22.606427,106.0179879,53,Moderate,1,20.2,65,0.0,9.1,172,980.9,88,25.0,25.2,391.0,2.2,87.0,2.6
2026-02-10 14:00:00,2026,2,10,14,Cao Bằng,Xã Tam Kim,22.606427,106.0179879,55,Moderate,1,20.8,63,0.0,9.2,164,980.0,95,25.6,25.8,382.0,1.8,92.0,1.7
2026-02-10 15:00:00,2026,2,10,15,Cao Bằng,Xã Tam Kim,22.606427,106.0179879,56,Moderate,1,20.6,65,0.0,9.2,154,979.7,100,26.7,26.8,377.0,1.6,97.0,1.2
2026-02-10 16:00:00,2026,2,10,16,Cao Bằng,Xã Tam Kim,22.606427,106.0179879,58,Moderate,1,20.0,69,0.0,9.2,145,979.8,94,27.1,27.3,381.0,2.3,97.0,1.0
2026-02-10 17:00:00,2026,2,10,17,Cao Bằng,Xã Tam Kim,22.606427,106.0179879,59,Moderate,1,19.4,71,0.0,7.4,135,980.1,10,27.4,27.6,404.0,4.7,90.0,1.3
2026-02-10 18:00:00,2026,2,10,18,Cao Bằng,Xã Tam Kim,22.606427,106.0179879,61,Moderate,1,17.7,80,0.0,6.3,141,980.7,100,29.0,29.3,436.0,7.9,79.0,2.1
2026-02-10 19:00:00,2026,2,10,19,Cao Bằng,Xã Tam Kim,22.606427,106.0179879,62,Moderate,1,16.8,87,0.0,3.7,157,981.5,100,32.1,32.5,451.0,12.6,57.0,3.1
2026-02-10 20:00:00,2026,2,10,20,Cao Bằng,Xã Tam Kim,22.606427,106.0179879,64,Moderate,1,17.1,86,0.0,0.5,270,982.7,100,34.1,34.6,431.0,13.1,53.0,3.6
2026-02-10 21:00:00,2026,2,10,21,Cao Bằng,Xã Tam Kim,22.606427,106.0179879,67,Moderate,1,16.8,88,0.1,2.1,121,983.5,100,33.4,33.9,394.0,13.9,47.0,4.2
2026-02-10 22:00:00,2026,2,10,22,Cao Bằng,Xã Tam Kim,22.606427,106.0179879,69,Moderate,1,16.0,96,0.5,6.3,125,983.8,100,33.5,34.0,366.0,14.7,41.0,4.8
2026-02-10 23:00:00,2026,2,10,23,Cao Bằng,Xã Tam Kim,22.606427,106.0179879,70,Moderate,1,15.6,98,0.6,5.8,166,983.8,100,34.5,34.9,360.0,15.6,34.0,5.1
2026-02-11 00:00:00,2026,2,11,0,Cao Bằng,Xã Tam Kim,22.606427,106.0179879,72,Moderate,1,15.3,99,0.8,6.0,183,984.1,100,34.5,34.9,362.0,16.6,28.0,5.3
2026-02-11 01:00:00,2026,2,11,1,Cao Bằng,Xã Tam Kim,22.606427,106.0179879,74,Moderate,1,16.0,97,0.6,7.9,193,984.0,100,32.4,32.8,362.0,16.7,23.0,5.6
2026-02-11 02:00:00,2026,2,11,2,Cao Bằng,Xã Tam Kim,22.606427,106.0179879,76,Moderate,1,15.6,99,0.9,6.6,193,983.9,100,27.8,28.3,345.0,15.3,22.0,5.9
2026-02-11 03:00:00,2026,2,11,3,Cao Bằng,Xã Tam Kim,22.606427,106.0179879,77,Moderate,1,15.5,98,0.6,5.8,173,983.9,100,24.9,25.3,325.0,13.1,22.0,6.3
2026-02-11 04:00:00,2026,2,11,4,Cao Bằng,Xã Tam Kim,22.606427,106.0179879,78,Moderate,1,15.3,98,0.8,5.2,158,984.3,100,12.4,12.5,332.0,11.3,23.0,6.7
2026-02-11 05:00:00,2026,2,11,5,Cao Bằng,Xã Tam Kim,22.606427,106.0179879,78,Moderate,1,14.8,98,0.5,4.8,153,984.5,100,8.7,8.8,395.0,10.7,22.0,7.2
2026-02-11 06:00:00,2026,2,11,6,Cao Bằng,Xã Tam Kim,22.606427,106.0179879,78,Moderate,1,14.4,98,0.1,4.7,164,985.3,100,8.0,8.1,484.0,10.6,22.0,7.8
2026-02-11 07:00:00,2026,2,11,7,Cao Bằng,Xã Tam Kim,22.606427,106.0179879,77,Moderate,1,14.2,96,0.0,2.5,176,986.0,100,15.0,15.1,538.0,10.0,24.0,8.3
2026-02-11 08:00:00,2026,2,11,8,Cao Bằng,Xã Tam Kim,22.606427,106.0179879,77,Moderate,1,14.4,96,0.3,3.4,174,986.5,100,12.8,12.9,520.0,9.1,28.0,9.1
2026-02-11 09:00:00,2026,2,11,9,Cao Bằng,Xã Tam Kim,22.606427,106.0179879,77,Moderate,1,14.5,97,0.4,4.6,191,987.6,100,10.3,10.4,467.0,7.9,33.0,10.1
2026-02-11 10:00:00,2026,2,11,10,Cao Bằng,Xã Tam Kim,22.606427,106.0179879,76,Moderate,1,14.5,98,0.7,5.1,172,988.1,100,8.9,9.0,427.0,6.7,39.0,10.7
2026-02-11 11:00:00,2026,2,11,11,Cao Bằng,Xã Tam Kim,22.606427,106.0179879,75,Moderate,1,15.0,92,0.2,3.1,180,987.1,100,7.9,8.0,420.0,5.6,46.0,10.5
2026-02-11 12:00:00,2026,2,11,12,Cao Bằng,Xã Tam Kim,22.606427,106.0179879,74,Moderate,1,15.9,80,0.1,1.5,173,985.7,100,6.7,6.8,426.0,4.5,53.0,10.0
2026-02-11 13:00:00,2026,2,11,13,Cao Bằng,Xã Tam Kim,22.606427,106.0179879,72,Moderate,1,15.9,79,0.1,2.4,153,984.7,100,7.0,7.1,430.0,3.8,59.0,9.5
2026-02-11 14:00:00,2026,2,11,14,Cao Bằng,Xã Tam Kim,22.606427,106.0179879,71,Moderate,1,16.2,77,0.0,5.0,159,983.7,100,6.8,6.8,424.0,3.6,63.0,9.3
2026-02-11 15:00:00,2026,2,11,15,Cao Bằng,Xã Tam Kim,22.606427,106.0179879,69,Moderate,1,16.5,74,0.0,5.3,170,982.9,98,7.2,7.3,415.0,3.8,65.0,9.1
2026-02-11 16:00:00,2026,2,11,16,Cao Bằng,Xã Tam Kim,22.606427,106.0179879,67,Moderate,1,16.7,71,0.0,5.1,163,982.4,97,8.2,8.3,413.0,4.6,65.0,8.9
2026-02-11 17:00:00,2026,2,11,17,Cao Bằng,Xã Tam Kim,22.606427,106.0179879,66,Moderate,1,16.8,70,0.0,4.8,155,982.0,97,8.8,8.9,424.0,6.4,61.0,8.6
2026-02-11 18:00:00,2026,2,11,18,Cao Bằng,Xã Tam Kim,22.606427,106.0179879,64,Moderate,1,15.7,77,0.0,3.8,177,982.0,95,10.0,10.2,442.0,8.8,56.0,8.2
2026-02-11 19:00:00,2026,2,11,19,Cao Bằng,Xã Tam Kim,22.606427,106.0179879,62,Moderate,1,15.1,80,0.0,6.7,153,982.3,100,8.8,8.9,452.0,7.5,50.0,7.9
2026-02-11 20:00:00,2026,2,11,20,Cao Bằng,Xã Tam Kim,22.606427,106.0179879,60,Moderate,1,14.7,83,0.0,5.9,149,982.7,100,9.9,10.0,447.0,7.9,48.0,7.7
2026-02-11 21:00:00,2026,2,11,21,Cao Bằng,Xã Tam Kim,22.606427,106.0179879,58,Moderate,1,14.6,83,0.0,4.2,168,983.1,100,10.8,10.9,436.0,8.4,45.0,7.5
2026-02-11 22:00:00,2026,2,11,22,Cao Bằng,Xã Tam Kim,22.606427,106.0179879,56,Moderate,1,14.3,85,0.1,3.7,203,983.1,100,11.7,11.8,426.0,8.7,43.0,7.2
2026-02-11 23:00:00,2026,2,11,23,Cao Bằng,Xã Tam Kim,22.606427,106.0179879,54,Moderate,1,14.0,91,0.2,4.1,203,983.0,100,12.6,12.7,421.0,8.8,41.0,6.9
2026-02-12 00:00:00,2026,2,12,0,Cao Bằng,Xã Tam Kim,22.606427,106.0179879,52,Moderate,1,14.0,92,0.1,3.5,189,982.8,100,13.6,13.8,418.0,8.7,40.0,6.7
2026-02-12 01:00:00,2026,2,12,1,Cao Bằng,Xã Tam Kim,22.606427,106.0179879,50,Good,0,13.8,95,0.1,2.7,184,982.6,100,14.8,14.9,418.0,8.4,39.0,6.6
2026-02-12 02:00:00,2026,2,12,2,Cao Bằng,Xã Tam Kim,22.606427,106.0179879,47,Good,0,13.8,96,0.1,2.7,148,981.9,100,16.0,16.2,420.0,7.8,39.0,6.7
2026-02-12 03:00:00,2026,2,12,3,Cao Bằng,Xã Tam Kim,22.606427,106.0179879,45,Good,0,13.8,96,0.1,2.7,132,981.4,100,16.4,16.5,426.0,6.9,40.0,7.0
2026-02-12 04:00:00,2026,2,12,4,Cao Bằng,Xã Tam Kim,22.606427,106.0179879,44,Good,0,13.8,97,0.2,2.8,130,981.3,100,15.8,15.9,437.0,6.4,41.0,7.5
2026-02-12 05:00:00,2026,2,12,5,Cao Bằng,Xã Tam Kim,22.606427,106.0179879,45,Good,0,13.7,98,0.2,2.7,127,981.3,100,14.5,14.7,463.0,6.5,40.0,8.0
2026-02-12 06:00:00,2026,2,12,6,Cao Bằng,Xã Tam Kim,22.606427,106.0179879,46,Good,0,13.8,98,0.2,2.6,124,981.7,100,12.8,13.0,495.0,6.9,39.0,8.6
2026-02-12 07:00:00,2026,2,12,7,Cao Bằng,Xã Tam Kim,22.606427,106.0179879,46,Good,0,13.5,98,0.1,3.6,110,982.6,100,5.6,5.6,506.0,7.1,37.0,9.5
2026-02-12 08:00:00,2026,2,12,8,Cao Bằng,Xã Tam Kim,22.606427,106.0179879,45,Good,0,13.8,97,0.0,4.3,105,983.1,100,5.8,5.8,482.0,7.2,38.0,11.7
2026-02-12 09:00:00,2026,2,12,9,Cao Bằng,Xã Tam Kim,22.606427,106.0179879,44,Good,0,14.4,93,0.0,4.8,101,983.6,100,5.3,5.4,437.0,7.2,40.0,14.8
2026-02-12 10:00:00,2026,2,12,10,Cao Bằng,Xã Tam Kim,22.606427,106.0179879,43,Good,0,15.3,88,0.0,5.4,94,983.9,100,4.5,4.5,391.0,7.1,43.0,16.6
2026-02-12 11:00:00,2026,2,12,11,Cao Bằng,Xã Tam Kim,22.606427,106.0179879,42,Good,0,16.2,85,0.1,6.2,107,983.0,100,3.7,3.7,345.0,6.7,48.0,16.3
2026-02-12 12:00:00,2026,2,12,12,Cao Bằng,Xã Tam Kim,22.606427,106.0179879,41,Good,0,18.2,78,0.1,6.1,122,981.6,100,4.0,4.0,299.0,6.1,54.0,14.9
2026-02-12 13:00:00,2026,2,12,13,Cao Bằng,Xã Tam Kim,22.606427,106.0179879,41,Good,0,19.3,74,0.0,6.6,147,980.6,100,4.7,4.7,269.0,5.7,60.0,13.1
2026-02-12 14:00:00,2026,2,12,14,Cao Bằng,Xã Tam Kim,22.606427,106.0179879,40,Good,0,20.0,73,0.1,7.3,152,979.8,100,5.9,6.0,265.0,5.3,65.0,10.8
2026-02-12 15:00:00,2026,2,12,15,Cao Bằng,Xã Tam Kim,22.606427,106.0179879,40,Good,0,20.4,72,0.0,8.5,159,978.9,100,8.0,8.1,277.0,5.1,70.0,8.2
2026-02-12 16:00:00,2026,2,12,16,Cao Bằng,Xã Tam Kim,22.606427,106.0179879,40,Good,0,20.4,72,0.0,9.0,164,978.6,100,10.6,10.7,297.0,5.7,71.0,6.1
2026-02-12 17:00:00,2026,2,12,17,Cao Bằng,Xã Tam Kim,22.606427,106.0179879,41,Good,0,19.7,77,0.0,7.8,148,978.3,98,13.2,13.4,328.0,7.9,67.0,5.1
2026-02-12 18:00:00,2026,2,12,18,Cao Bằng,Xã Tam Kim,22.606427,106.0179879,41,Good,0,18.7,82,0.0,7.1,144,978.6,100,16.2,16.4,367.0,10.9,60.0,4.7
2026-02-12 19:00:00,2026,2,12,19,Cao Bằng,Xã Tam Kim,22.606427,106.0179879,43,Good,0,17.3,88,0.0,5.4,132,979.0,100,14.7,14.8,394.0,15.4,48.0,6.6
2026-02-12 20:00:00,2026,2,12,20,Cao Bằng,Xã Tam Kim,22.606427,106.0179879,44,Good,0,16.8,91,0.0,4.4,120,979.4,100,17.2,17.3,400.0,16.4,43.0,6.6
2026-02-12 21:00:00,2026,2,12,21,Cao Bằng,Xã Tam Kim,22.606427,106.0179879,45,Good,0,16.8,91,0.0,3.6,110,979.8,100,19.0,19.2,396.0,17.9,36.0,6.6
2026-02-12 22:00:00,2026,2,12,22,Cao Bằng,Xã Tam Kim,22.606427,106.0179879,46,Good,0,16.6,93,0.1,2.5,86,979.8,100,20.1,20.2,391.0,18.8,30.0,6.4
2026-02-12 23:00:00,2026,2,12,23,Cao Bằng,Xã Tam Kim,22.606427,106.0179879,48,Good,0,16.5,93,0.3,2.0,100,979.6,100,18.1,18.2,391.0,18.9,26.0,6.0
2026-02-13 00:00:00,2026,2,13,0,Cao Bằng,Xã Tam Kim,22.606427,106.0179879,49,Good,0,16.5,94,0.1,2.2,99,979.2,100,16.4,16.5,391.0,18.5,22.0,5.5
2026-02-13 01:00:00,2026,2,13,1,Cao Bằng,Xã Tam Kim,22.606427,106.0179879,49,Good,0,16.3,95,0.1,2.3,119,978.7,100,13.9,14.0,388.0,18.0,19.0,5.1
2026-02-13 02:00:00,2026,2,13,2,Cao Bằng,Xã Tam Kim,22.606427,106.0179879,49,Good,0,16.3,97,0.2,2.5,111,978.5,100,10.5,10.6,378.0,17.5,16.0,4.8
2026-02-13 03:00:00,2026,2,13,3,Cao Bằng,Xã Tam Kim,22.606427,106.0179879,48,Good,0,16.3,97,0.4,2.2,76,978.1,100,6.9,6.9,365.0,16.9,15.0,4.6
2026-02-13 04:00:00,2026,2,13,4,Cao Bằng,Xã Tam Kim,22.606427,106.0179879,46,Good,0,16.4,97,0.5,1.5,60,978.4,100,4.5,4.6,364.0,16.6,13.0,4.6
2026-02-13 05:00:00,2026,2,13,5,Cao Bằng,Xã Tam Kim,22.606427,106.0179879,44,Good,0,16.2,98,0.6,2.2,14,978.6,100,3.2,3.2,389.0,17.0,10.0,4.9
2026-02-13 06:00:00,2026,2,13,6,Cao Bằng,Xã Tam Kim,22.606427,106.0179879,42,Good,0,16.2,99,0.9,2.5,352,979.3,100,2.7,2.7,426.0,17.7,8.0,5.4
2026-02-13 07:00:00,2026,2,13,7,Cao Bằng,Xã Tam Kim,22.606427,106.0179879,41,Good,0,16.6,97,1.4,1.2,39,979.9,100,8.0,8.0,447.0,16.9,13.0,6.1
2026-02-13 08:00:00,2026,2,13,8,Cao Bằng,Xã Tam Kim,22.606427,106.0179879,41,Good,0,16.8,98,0.3,1.4,40,980.5,100,5.9,5.9,439.0,15.3,19.0,7.2
2026-02-13 09:00:00,2026,2,13,9,Cao Bằng,Xã Tam Kim,22.606427,106.0179879,41,Good,0,17.1,98,0.5,2.6,56,981.4,100,4.4,4.4,415.0,12.9,28.0,8.6
2026-02-13 10:00:00,2026,2,13,10,Cao Bằng,Xã Tam Kim,22.606427,106.0179879,41,Good,0,17.6,98,0.3,2.5,69,981.8,100,3.1,3.1,383.0,10.8,38.0,9.3
2026-02-13 11:00:00,2026,2,13,11,Cao Bằng,Xã Tam Kim,22.606427,106.0179879,41,Good,0,18.1,96,0.0,5.2,96,980.9,100,3.4,3.5,337.0,9.0,49.0,8.4
2026-02-13 12:00:00,2026,2,13,12,Cao Bằng,Xã Tam Kim,22.606427,106.0179879,41,Good,0,19.7,89,0.0,6.0,106,979.4,100,5.0,5.2,283.0,7.4,60.0,6.7
2026-02-13 13:00:00,2026,2,13,13,Cao Bằng,Xã Tam Kim,22.606427,106.0179879,41,Good,0,22.2,72,0.1,4.2,173,978.6,86,7.4,7.8,247.0,6.3,69.0,5.3
2026-02-13 14:00:00,2026,2,13,14,Cao Bằng,Xã Tam Kim,22.606427,106.0179879,41,Good,0,23.1,67,0.0,5.6,178,977.7,79,9.8,10.4,239.0,5.5,76.0,4.4
2026-02-13 15:00:00,2026,2,13,15,Cao Bằng,Xã Tam Kim,22.606427,106.0179879,42,Good,0,24.0,64,0.1,8.7,172,976.6,63,12.0,12.5,249.0,5.2,82.0,3.8
2026-02-13 16:00:00,2026,2,13,16,Cao Bằng,Xã Tam Kim,22.606427,106.0179879,43,Good,0,23.8,65,0.0,10.3,169,976.4,51,17.6,18.3,267.0,6.1,83.0,3.6
2026-02-13 17:00:00,2026,2,13,17,Cao Bằng,Xã Tam Kim,22.606427,106.0179879,44,Good,0,22.6,72,0.0,10.5,156,976.4,84,18.9,19.6,296.0,9.1,77.0,4.2
2026-02-13 18:00:00,2026,2,13,18,Cao Bằng,Xã Tam Kim,22.606427,106.0179879,45,Good,0,20.8,80,0.0,10.2,154,976.8,43,23.1,23.9,332.0,13.3,67.0,5.2
2026-02-13 19:00:00,2026,2,13,19,Cao Bằng,Xã Tam Kim,22.606427,106.0179879,46,Good,0,18.7,94,0.0,5.0,154,977.3,53,27.0,27.9,360.0,17.0,54.0,6.4
2026-02-13 20:00:00,2026,2,13,20,Cao Bằng,Xã Tam Kim,22.606427,106.0179879,48,Good,0,18.5,94,0.0,5.0,145,978.4,71,31.4,32.4,374.0,17.4,51.0,6.8
2026-02-13 21:00:00,2026,2,13,21,Cao Bằng,Xã Tam Kim,22.606427,106.0179879,50,Good,0,18.1,96,0.0,5.1,144,979.0,97,35.6,36.6,379.0,17.9,48.0,7.4
2026-02-13 22:00:00,2026,2,13,22,Cao Bằng,Xã Tam Kim,22.606427,106.0179879,52,Moderate,1,18.5,95,0.0,4.5,106,979.5,100,39.1,40.2,371.0,18.0,44.0,7.7
2026-02-13 23:00:00,2026,2,13,23,Cao Bằng,Xã Tam Kim,22.606427,106.0179879,54,Moderate,1,18.4,98,0.1,6.0,115,979.6,100,41.4,42.6,340.0,17.4,41.0,7.5
2026-02-14 00:00:00,2026,2,14,0,Cao Bằng,Xã Tam Kim,22.606427,106.0179879,56,Moderate,1,18.5,97,0.1,8.2,131,979.5,100,42.0,43.2,296.0,16.5,38.0,7.1
2026-02-14 01:00:00,2026,2,14,1,Cao Bằng,Xã Tam Kim,22.606427,106.0179879,58,Moderate,1,18.3,98,0.0,5.9,135,979.3,97,40.9,41.8,263.0,15.4,35.0,6.5
2026-02-14 02:00:00,2026,2,14,2,Cao Bằng,Xã Tam Kim,22.606427,106.0179879,60,Moderate,1,18.4,99,0.0,6.0,117,978.9,98,33.3,34.0,248.0,14.2,32.0,5.8
2026-02-14 03:00:00,2026,2,14,3,Cao Bằng,Xã Tam Kim,22.606427,106.0179879,62,Moderate,1,18.2,99,0.0,6.2,102,978.7,99,23.5,23.9,245.0,12.9,29.0,4.9
2026-02-14 04:00:00,2026,2,14,4,Cao Bằng,Xã Tam Kim,22.606427,106.0179879,64,Moderate,1,18.1,99,0.0,5.2,104,978.6,100,18.5,18.8,250.0,11.7,28.0,4.4
2026-02-14 05:00:00,2026,2,14,5,Cao Bằng,Xã Tam Kim,22.606427,106.0179879,65,Moderate,1,17.9,99,0.0,4.1,105,978.5,100,17.4,17.8,273.0,10.6,31.0,4.5
2026-02-14 06:00:00,2026,2,14,6,Cao Bằng,Xã Tam Kim,22.606427,106.0179879,66,Moderate,1,17.7,99,0.0,3.6,96,978.8,91,16.6,17.3,306.0,9.6,36.0,4.8
2026-02-14 07:00:00,2026,2,14,7,Cao Bằng,Xã Tam Kim,22.606427,106.0179879,67,Moderate,1,17.9,98,0.0,5.3,108,979.7,100,17.2,17.6,322.0,10.8,27.0,4.7
2026-02-14 08:00:00,2026,2,14,8,Cao Bằng,Xã Tam Kim,22.606427,106.0179879,68,Moderate,1,18.7,94,0.0,4.9,107,980.2,35,17.1,18.2,303.0,8.8,41.0,5.0
2026-02-14 09:00:00,2026,2,14,9,Cao Bằng,Xã Tam Kim,22.606427,106.0179879,69,Moderate,1,20.7,83,0.0,4.3,118,980.8,49,18.5,19.6,268.0,6.0,61.0,5.3
2026-02-14 10:00:00,2026,2,14,10,Cao Bằng,Xã Tam Kim,22.606427,106.0179879,71,Moderate,1,22.6,71,0.1,3.4,93,980.6,100,20.0,21.0,242.0,3.8,77.0,5.2
2026-02-14 11:00:00,2026,2,14,11,Cao Bằng,Xã Tam Kim,22.606427,106.0179879,72,Moderate,1,23.8,65,0.0,4.8,77,980.1,100,20.7,21.5,238.0,2.7,86.0,4.0
2026-02-14 12:00:00,2026,2,14,12,Cao Bằng,Xã Tam Kim,22.606427,106.0179879,74,Moderate,1,25.4,57,0.0,4.8,127,978.7,100,20.7,21.4,244.0,2.1,93.0,2.4
2026-02-14 13:00:00,2026,2,14,13,Cao Bằng,Xã Tam Kim,22.606427,106.0179879,75,Moderate,1,26.5,52,0.0,7.8,165,977.4,98,21.9,22.6,248.0,1.8,97.0,1.2
2026-02-14 14:00:00,2026,2,14,14,Cao Bằng,Xã Tam Kim,22.606427,106.0179879,76,Moderate,1,27.0,50,0.0,11.4,175,976.5,67,21.9,22.6,244.0,1.6,100.0,0.9
2026-02-14 15:00:00,2026,2,14,15,Cao Bằng,Xã Tam Kim,22.606427,106.0179879,77,Moderate,1,26.4,53,0.0,12.8,174,975.5,48,23.9,24.6,239.0,1.7,102.0,1.0
2026-02-14 16:00:00,2026,2,14,16,Cao Bằng,Xã Tam Kim,22.606427,106.0179879,78,Moderate,1,25.8,55,0.0,12.9,174,975.3,50,24.2,24.8,243.0,2.5,101.0,1.4
2026-02-14 17:00:00,2026,2,14,17,Cao Bằng,Xã Tam Kim,22.606427,106.0179879,79,Moderate,1,24.0,64,0.0,11.9,165,975.6,9,24.9,25.5,263.0,4.6,96.0,2.2
2026-02-14 18:00:00,2026,2,14,18,Cao Bằng,Xã Tam Kim,22.606427,106.0179879,80,Moderate,1,21.6,74,0.0,10.4,162,976.0,13,27.4,27.9,293.0,7.4,89.0,3.2
2026-02-14 19:00:00,2026,2,14,19,Cao Bằng,Xã Tam Kim,22.606427,106.0179879,80,Moderate,1,20.2,84,0.0,9.3,167,976.7,21,32.0,32.6,319.0,10.5,75.0,3.5
2026-02-14 20:00:00,2026,2,14,20,Cao Bằng,Xã Tam Kim,22.606427,106.0179879,80,Moderate,1,19.1,89,0.0,5.6,165,977.3,9,34.9,35.6,338.0,11.4,70.0,4.2
2026-02-14 21:00:00,2026,2,14,21,Cao Bằng,Xã Tam Kim,22.606427,106.0179879,81,Moderate,1,19.1,89,0.0,4.0,153,977.6,2,37.0,37.6,355.0,12.7,64.0,5.1
2026-02-14 22:00:00,2026,2,14,22,Cao Bằng,Xã Tam Kim,22.606427,106.0179879,81,Moderate,1,18.1,92,0.0,4.6,162,977.6,10,39.1,39.8,366.0,13.5,58.0,5.9
2026-02-14 23:00:00,2026,2,14,23,Cao Bằng,Xã Tam Kim,22.606427,106.0179879,81,Moderate,1,17.3,93,0.0,4.0,162,977.5,80,41.1,41.8,375.0,13.6,54.0,6.4
2026-02-15 00:00:00,2026,2,15,0,Cao Bằng,Xã Tam Kim,22.606427,106.0179879,81,Moderate,1,18.0,93,0.0,5.2,149,977.6,98,42.3,43.1,379.0,13.2,51.0,6.8
2026-02-15 01:00:00,2026,2,15,1,Cao Bằng,Xã Tam Kim,22.606427,106.0179879,81,Moderate,1,19.1,92,0.0,7.3,140,977.9,100,41.7,42.5,371.0,12.5,49.0,7.1
2026-02-15 02:00:00,2026,2,15,2,Cao Bằng,Xã Tam Kim,22.606427,106.0179879,81,Moderate,1,19.2,90,0.0,7.7,141,977.4,98,42.1,42.8,339.0,11.4,47.0,7.1
2026-02-15 03:00:00,2026,2,15,3,Cao Bằng,Xã Tam Kim,22.606427,106.0179879,82,Moderate,1,18.9,88,0.0,7.0,132,977.3,100,41.0,41.7,295.0,10.0,47.0,7.0
2026-02-15 04:00:00,2026,2,15,4,Cao Bằng,Xã Tam Kim,22.606427,106.0179879,83,Moderate,1,18.8,89,0.0,6.7,114,976.8,95,36.2,37.0,268.0,8.7,48.0,7.0
2026-02-15 05:00:00,2026,2,15,5,Cao Bằng,Xã Tam Kim,22.606427,106.0179879,85,Moderate,1,18.6,91,0.0,6.2,111,976.9,95,29.7,30.6,279.0,7.5,51.0,7.5
2026-02-15 06:00:00,2026,2,15,6,Cao Bằng,Xã Tam Kim,22.606427,106.0179879,86,Moderate,1,18.5,93,0.0,5.4,111,977.4,94,27.1,28.2,308.0,6.3,57.0,8.2
2026-02-15 07:00:00,2026,2,15,7,Cao Bằng,Xã Tam Kim,22.606427,106.0179879,87,Moderate,1,18.4,93,0.0,5.6,96,978.2,91,18.1,18.9,323.0,6.0,58.0,8.4
2026-02-15 08:00:00,2026,2,15,8,Cao Bằng,Xã Tam Kim,22.606427,106.0179879,87,Moderate,1,19.4,89,0.0,5.6,115,978.9,100,20.3,21.1,305.0,5.2,64.0,7.1
2026-02-15 09:00:00,2026,2,15,9,Cao Bằng,Xã Tam Kim,22.606427,106.0179879,87,Moderate,1,20.8,80,0.1,4.0,153,979.6,73,21.7,22.5,272.0,4.2,74.0,5.4
2026-02-15 10:00:00,2026,2,15,10,Cao Bằng,Xã Tam Kim,22.606427,106.0179879,87,Moderate,1,22.5,72,0.1,3.2,161,979.5,100,23.7,24.6,249.0,3.2,83.0,3.8
2026-02-15 11:00:00,2026,2,15,11,Cao Bằng,Xã Tam Kim,22.606427,106.0179879,88,Moderate,1,24.4,65,0.0,5.5,167,978.9,94,22.4,23.2,247.0,2.4,92.0,2.6
2026-02-15 12:00:00,2026,2,15,12,Cao Bằng,Xã Tam Kim,22.606427,106.0179879,88,Moderate,1,26.5,55,0.0,8.1,176,977.4,30,22.2,22.9,255.0,1.7,101.0,1.7
2026-02-15 13:00:00,2026,2,15,13,Cao Bằng,Xã Tam Kim,22.606427,106.0179879,88,Moderate,1,27.3,52,0.0,12.6,190,976.3,27,22.4,23.0,264.0,1.3,108.0,1.1
2026-02-15 14:00:00,2026,2,15,14,Cao Bằng,Xã Tam Kim,22.606427,106.0179879,88,Moderate,1,27.5,50,0.0,13.8,194,975.2,21,22.8,23.3,267.0,1.1,114.0,1.0
2026-02-15 15:00:00,2026,2,15,15,Cao Bằng,Xã Tam Kim,22.606427,106.0179879,88,Moderate,1,27.3,49,0.0,13.9,197,974.7,36,23.5,24.0,271.0,1.2,118.0,1.2
2026-02-15 16:00:00,2026,2,15,16,Cao Bằng,Xã Tam Kim,22.606427,106.0179879,88,Moderate,1,26.6,54,0.0,12.9,196,974.6,2,24.7,25.2,286.0,2.0,119.0,1.7
2026-02-15 17:00:00,2026,2,15,17,Cao Bằng,Xã Tam Kim,22.606427,106.0179879,88,Moderate,1,25.0,60,0.0,10.4,200,974.7,5,26.3,26.8,327.0,4.0,114.0,2.7
2026-02-15 18:00:00,2026,2,15,18,Cao Bằng,Xã Tam Kim,22.606427,106.0179879,88,Moderate,1,21.7,73,0.0,7.0,179,974.7,2,28.8,29.2,379.0,6.8,106.0,3.9
2026-02-15 19:00:00,2026,2,15,19,Cao Bằng,Xã Tam Kim,22.606427,106.0179879,88,Moderate,1,20.0,86,0.0,3.9,196,975.1,2,28.4,28.7,408.0,10.8,85.0,3.3
2026-02-15 20:00:00,2026,2,15,20,Cao Bằng,Xã Tam Kim,22.606427,106.0179879,88,Moderate,1,19.0,90,0.0,3.8,177,975.8,3,31.4,31.8,390.0,11.3,82.0,4.1
2026-02-15 21:00:00,2026,2,15,21,Cao Bằng,Xã Tam Kim,22.606427,106.0179879,88,Moderate,1,18.6,90,0.0,3.4,164,976.4,5,32.7,33.1,348.0,12.0,78.0,5.3
2026-02-15 22:00:00,2026,2,15,22,Cao Bằng,Xã Tam Kim,22.606427,106.0179879,87,Moderate,1,18.5,90,0.0,6.1,148,976.9,70,33.6,34.1,323.0,12.6,73.0,6.1
2026-02-15 23:00:00,2026,2,15,23,Cao Bằng,Xã Tam Kim,22.606427,106.0179879,87,Moderate,1,19.6,88,0.0,5.2,136,977.0,66,35.0,35.6,336.0,13.0,66.0,6.2
2026-02-16 00:00:00,2026,2,16,0,Cao Bằng,Xã Tam Kim,22.606427,106.0179879,86,Moderate,1,19.2,91,0.0,3.8,131,977.0,10,35.7,36.3,366.0,13.2,58.0,6.0
2026-02-16 01:00:00,2026,2,16,1,Cao Bằng,Xã Tam Kim,22.606427,106.0179879,86,Moderate,1,18.4,94,0.0,2.4,144,976.8,27,36.0,36.4,383.0,13.0,51.0,5.8
2026-02-16 02:00:00,2026,2,16,2,Cao Bằng,Xã Tam Kim,22.606427,106.0179879,85,Moderate,1,17.8,96,0.0,1.0,135,976.5,9,36.3,36.9,371.0,11.9,48.0,5.7
2026-02-16 03:00:00,2026,2,16,3,Cao Bằng,Xã Tam Kim,22.606427,106.0179879,85,Moderate,1,17.8,97,0.0,1.3,98,976.6,34,37.8,38.5,346.0,10.3,46.0,5.5
2026-02-16 04:00:00,2026,2,16,4,Cao Bằng,Xã Tam Kim,22.606427,106.0179879,84,Moderate,1,17.7,97,0.0,2.6,115,976.7,67,38.1,38.6,329.0,9.1,45.0,5.5
2026-02-16 05:00:00,2026,2,16,5,Cao Bằng,Xã Tam Kim,22.606427,106.0179879,85,Moderate,1,17.5,96,0.0,2.6,106,977.1,100,38.1,38.8,331.0,9.0,41.0,5.6
2026-02-16 06:00:00,2026,2,16,6,Cao Bằng,Xã Tam Kim,22.606427,106.0179879,85,Moderate,1,17.4,96,0.0,2.7,98,977.6,100,38.0,38.6,340.0,9.3,37.0,5.9
2026-02-16 07:00:00,2026,2,16,7,Cao Bằng,Xã Tam Kim,22.606427,106.0179879,86,Moderate,1,17.7,95,0.0,4.5,119,978.7,100,43.0,44.2,340.0,8.8,44.0,6.4
2026-02-16 08:00:00,2026,2,16,8,Cao Bằng,Xã Tam Kim,22.606427,106.0179879,89,Moderate,1,19.2,87,0.0,3.1,152,979.4,100,36.2,37.5,319.0,6.8,62.0,6.0
2026-02-16 09:00:00,2026,2,16,9,Cao Bằng,Xã Tam Kim,22.606427,106.0179879,90,Moderate,1,20.9,79,0.0,1.4,50,980.1,100,33.9,34.9,289.0,4.0,87.0,5.3
2026-02-16 10:00:00,2026,2,16,10,Cao Bằng,Xã Tam Kim,22.606427,106.0179879,91,Moderate,1,22.6,73,0.1,4.6,48,980.2,99,32.4,33.3,265.0,1.9,106.0,4.7
2026-02-16 11:00:00,2026,2,16,11,Cao Bằng,Xã Tam Kim,22.606427,106.0179879,92,Moderate,1,24.2,68,0.0,6.7,38,979.7,98,30.9,31.8,253.0,1.1,115.0,4.1
2026-02-16 12:00:00,2026,2,16,12,Cao Bằng,Xã Tam Kim,22.606427,106.0179879,93,Moderate,1,26.1,59,0.0,9.4,38,978.6,91,28.9,29.6,246.0,1.0,119.0,3.4
2026-02-16 13:00:00,2026,2,16,13,Cao Bằng,Xã Tam Kim,22.606427,106.0179879,93,Moderate,1,27.9,51,0.0,5.1,36,977.2,18,27.0,27.7,242.0,1.0,121.0,2.9
2026-02-16 14:00:00,2026,2,16,14,Cao Bằng,Xã Tam Kim,22.606427,106.0179879,94,Moderate,1,29.1,45,0.0,3.1,190,976.0,13,24.7,25.3,238.0,0.8,123.0,2.6
2026-02-16 15:00:00,2026,2,16,15,Cao Bằng,Xã Tam Kim,22.606427,106.0179879,94,Moderate,1,28.9,44,0.0,8.8,163,975.4,20,23.3,23.9,236.0,0.7,124.0,2.4
2026-02-16 16:00:00,2026,2,16,16,Cao Bằng,Xã Tam Kim,22.606427,106.0179879,94,Moderate,1,28.3,45,0.0,9.9,145,975.4,5,23.2,23.7,245.0,1.4,121.0,2.4
2026-02-16 17:00:00,2026,2,16,17,Cao Bằng,Xã Tam Kim,22.606427,106.0179879,94,Moderate,1,26.1,56,0.0,11.6,145,975.5,6,24.0,24.6,273.0,3.7,112.0,2.7
2026-02-16 18:00:00,2026,2,16,18,Cao Bằng,Xã Tam Kim,22.606427,106.0179879,93,Moderate,1,22.7,71,0.0,8.9,171,976.0,16,25.8,26.3,313.0,6.9,99.0,3.2
2026-02-16 19:00:00,2026,2,16,19,Cao Bằng,Xã Tam Kim,22.606427,106.0179879,93,Moderate,1,20.6,84,0.0,6.1,194,976.1,17,27.9,28.3,343.0,11.6,86.0,3.8
2026-02-16 20:00:00,2026,2,16,20,Cao Bằng,Xã Tam Kim,22.606427,106.0179879,93,Moderate,1,20.0,87,0.0,3.4,196,977.1,6,30.2,30.5,360.0,12.0,83.0,4.3
2026-02-16 21:00:00,2026,2,16,21,Cao Bằng,Xã Tam Kim,22.606427,106.0179879,93,Moderate,1,19.1,90,0.0,1.2,207,977.8,0,31.4,31.9,368.0,12.7,79.0,4.9
2026-02-16 22:00:00,2026,2,16,22,Cao Bằng,Xã Tam Kim,22.606427,106.0179879,93,Moderate,1,18.2,92,0.0,0.7,270,978.0,5,33.9,34.3,364.0,13.1,74.0,5.5
2026-02-16 23:00:00,2026,2,16,23,Cao Bằng,Xã Tam Kim,22.606427,106.0179879,93,Moderate,1,18.1,92,0.0,1.4,220,978.8,30,37.5,38.0,333.0,13.4,70.0,6.0
2026-02-17 00:00:00,2026,2,17,0,Cao Bằng,Xã Tam Kim,22.606427,106.0179879,93,Moderate,1,18.2,92,0.1,3.8,211,979.3,88,39.2,39.7,291.0,13.6,65.0,6.5
2026-02-17 01:00:00,2026,2,17,1,Cao Bằng,Xã Tam Kim,22.606427,106.0179879,93,Moderate,1,18.9,88,0.3,1.7,198,979.1,48,38.6,39.1,277.0,13.1,61.0,6.8
2026-02-17 02:00:00,2026,2,17,2,Cao Bằng,Xã Tam Kim,22.606427,106.0179879,94,Moderate,1,19.2,92,0.1,3.1,121,979.0,100,36.8,37.1,321.0,11.6,56.0,6.7
2026-02-17 03:00:00,2026,2,17,3,Cao Bằng,Xã Tam Kim,22.606427,106.0179879,94,Moderate,1,19.4,94,0.1,8.5,132,979.1,100,33.2,33.5,393.0,9.4,52.0,6.4
2026-02-17 04:00:00,2026,2,17,4,Cao Bằng,Xã Tam Kim,22.606427,106.0179879,93,Moderate,1,18.7,98,0.4,11.7,115,979.3,100,27.3,27.5,447.0,7.7,49.0,6.2
2026-02-17 05:00:00,2026,2,17,5,Cao Bằng,Xã Tam Kim,22.606427,106.0179879,92,Moderate,1,17.7,97,0.6,6.6,125,979.9,100,21.8,21.9,463.0,6.9,47.0,6.4
2026-02-17 06:00:00,2026,2,17,6,Cao Bằng,Xã Tam Kim,22.606427,106.0179879,91,Moderate,1,17.3,97,0.8,4.7,189,981.4,100,18.9,19.0,462.0,6.5,47.0,6.8
2026-02-17 07:00:00,2026,2,17,7,Cao Bằng,Xã Tam Kim,22.606427,106.0179879,89,Moderate,1,17.4,96,0.9,5.0,193,982.4,100,12.7,12.7,454.0,5.5,52.0,7.2
2026-02-17 08:00:00,2026,2,17,8,Cao Bằng,Xã Tam Kim,22.606427,106.0179879,86,Moderate,1,17.6,96,0.1,5.1,203,983.2,100,10.6,10.7,440.0,4.8,57.0,6.9
2026-02-17 09:00:00,2026,2,17,9,Cao Bằng,Xã Tam Kim,22.606427,106.0179879,84,Moderate,1,18.7,78,0.0,4.3,163,984.4,100,7.3,7.3,421.0,3.9,63.0,6.4
2026-02-17 10:00:00,2026,2,17,10,Cao Bằng,Xã Tam Kim,22.606427,106.0179879,82,Moderate,1,19.7,69,0.0,7.2,129,984.9,100,7.3,7.4,406.0,3.2,68.0,5.8
2026-02-17 11:00:00,2026,2,17,11,Cao Bằng,Xã Tam Kim,22.606427,106.0179879,80,Moderate,1,20.1,67,0.0,6.9,127,984.4,100,8.9,9.0,400.0,2.9,71.0,5.1
2026-02-17 12:00:00,2026,2,17,12,Cao Bằng,Xã Tam Kim,22.606427,106.0179879,78,Moderate,1,20.6,64,0.0,7.9,125,983.5,100,12.1,12.3,400.0,2.9,73.0,4.4
2026-02-17 13:00:00,2026,2,17,13,Cao Bằng,Xã Tam Kim,22.606427,106.0179879,76,Moderate,1,21.2,62,0.0,9.2,123,982.6,100,12.5,12.7,405.0,2.9,74.0,3.8
2026-02-17 14:00:00,2026,2,17,14,Cao Bằng,Xã Tam Kim,22.606427,106.0179879,75,Moderate,1,20.8,62,0.0,11.4,128,981.8,100,13.8,14.0,416.0,3.0,75.0,3.6
2026-02-17 15:00:00,2026,2,17,15,Cao Bằng,Xã Tam Kim,22.606427,106.0179879,74,Moderate,1,20.6,62,0.0,10.7,127,981.2,98,14.1,14.3,432.0,3.2,75.0,3.5
2026-02-17 16:00:00,2026,2,17,16,Cao Bằng,Xã Tam Kim,22.606427,106.0179879,73,Moderate,1,20.5,62,0.0,10.2,134,981.5,100,13.4,13.5,455.0,3.6,75.0,3.6
2026-02-17 17:00:00,2026,2,17,17,Cao Bằng,Xã Tam Kim,22.606427,106.0179879,72,Moderate,1,19.6,64,0.0,10.0,141,981.5,96,14.0,14.1,489.0,4.2,74.0,3.9
2026-02-17 18:00:00,2026,2,17,18,Cao Bằng,Xã Tam Kim,22.606427,106.0179879,71,Moderate,1,18.5,67,0.0,9.8,163,982.1,100,14.5,14.7,530.0,4.9,71.0,4.3
2026-02-17 19:00:00,2026,2,17,19,Cao Bằng,Xã Tam Kim,22.606427,106.0179879,70,Moderate,1,17.6,73,0.0,9.2,159,982.3,100,30.5,30.7,565.0,5.0,64.0,4.7
2026-02-17 20:00:00,2026,2,17,20,Cao Bằng,Xã Tam Kim,22.606427,106.0179879,71,Moderate,1,17.3,74,0.0,8.1,176,983.1,100,31.3,31.5,590.0,5.1,62.0,5.1
2026-02-17 21:00:00,2026,2,17,21,Cao Bằng,Xã Tam Kim,22.606427,106.0179879,71,Moderate,1,16.8,77,0.0,8.0,170,983.8,100,31.9,32.0,610.0,5.3,59.0,5.7
2026-02-17 22:00:00,2026,2,17,22,Cao Bằng,Xã Tam Kim,22.606427,106.0179879,71,Moderate,1,16.2,80,0.1,8.7,184,984.1,100,32.0,32.2,626.0,5.5,56.0,6.1
2026-02-17 23:00:00,2026,2,17,23,Cao Bằng,Xã Tam Kim,22.606427,106.0179879,71,Moderate,1,15.9,81,0.0,7.8,195,984.2,100,31.1,31.3,639.0,5.6,54.0,6.3
2026-02-18 00:00:00,2026,2,18,0,Cao Bằng,Xã Tam Kim,22.606427,106.0179879,70,Moderate,1,15.8,79,0.0,6.7,200,984.1,100,30.2,30.4,649.0,5.7,52.0,6.4
2026-02-18 01:00:00,2026,2,18,1,Cao Bằng,Xã Tam Kim,22.606427,106.0179879,69,Moderate,1,16.5,81,0.0,7.2,198,984.0,100,29.0,29.2,654.0,5.7,50.0,6.4
2026-02-18 02:00:00,2026,2,18,2,Cao Bằng,Xã Tam Kim,22.606427,106.0179879,68,Moderate,1,16.4,79,0.0,6.9,189,983.8,100,27.8,27.9,654.0,5.6,48.0,6.4
2026-02-18 03:00:00,2026,2,18,3,Cao Bằng,Xã Tam Kim,22.606427,106.0179879,68,Moderate,1,15.9,80,0.1,9.0,180,983.9,100,26.5,26.6,649.0,5.5,45.0,6.3
2026-02-18 04:00:00,2026,2,18,4,Cao Bằng,Xã Tam Kim,22.606427,106.0179879,67,Moderate,1,15.2,83,0.1,8.7,188,984.0,100,25.6,25.6,640.0,5.5,43.0,6.2
2026-02-18 05:00:00,2026,2,18,5,Cao Bằng,Xã Tam Kim,22.606427,106.0179879,67,Moderate,1,14.8,85,0.1,8.5,201,984.2,100,24.6,24.7,628.0,5.7,41.0,6.3
2026-02-18 06:00:00,2026,2,18,6,Cao Bằng,Xã Tam Kim,22.606427,106.0179879,67,Moderate,1,14.5,84,0.0,8.0,211,984.9,100,23.5,23.5,612.0,6.1,39.0,6.5
2026-02-18 07:00:00,2026,2,18,7,Cao Bằng,Xã Tam Kim,22.606427,106.0179879,67,Moderate,1,14.1,96,0.0,6.4,196,985.7,99,15.5,15.6,591.0,5.7,41.0,6.1
2026-02-18 08:00:00,2026,2,18,8,Cao Bằng,Xã Tam Kim,22.606427,106.0179879,68,Moderate,1,14.4,92,0.0,6.9,186,986.1,96,11.9,11.9,557.0,5.3,46.0,5.9
2026-02-18 09:00:00,2026,2,18,9,Cao Bằng,Xã Tam Kim,22.606427,106.0179879,68,Moderate,1,15.2,84,0.0,5.6,186,987.1,100,9.4,9.5,518.0,4.6,52.0,5.5
2026-02-18 10:00:00,2026,2,18,10,Cao Bằng,Xã Tam Kim,22.606427,106.0179879,68,Moderate,1,16.8,72,0.0,5.3,135,987.4,100,8.5,8.6,493.0,4.1,58.0,5.2
2026-02-18 11:00:00,2026,2,18,11,Cao Bằng,Xã Tam Kim,22.606427,106.0179879,68,Moderate,1,17.5,69,0.0,5.6,140,986.9,100,8.7,8.8,493.0,3.7,63.0,4.9
2026-02-18 12:00:00,2026,2,18,12,Cao Bằng,Xã Tam Kim,22.606427,106.0179879,68,Moderate,1,17.8,70,0.0,5.8,144,985.9,99,9.6,9.7,506.0,3.5,68.0,4.5
2026-02-18 13:00:00,2026,2,18,13,Cao Bằng,Xã Tam Kim,22.606427,106.0179879,68,Moderate,1,17.5,69,0.0,4.2,140,985.3,100,10.8,10.9,518.0,3.4,71.0,4.3
2026-02-18 14:00:00,2026,2,18,14,Cao Bằng,Xã Tam Kim,22.606427,106.0179879,68,Moderate,1,18.2,66,0.0,5.2,146,984.4,100,13.7,13.8,524.0,3.5,73.0,4.3
2026-02-18 15:00:00,2026,2,18,15,Cao Bằng,Xã Tam Kim,22.606427,106.0179879,68,Moderate,1,18.3,68,0.0,6.8,140,983.3,100,13.0,13.1,530.0,3.8,73.0,4.4
2026-02-18 16:00:00,2026,2,18,16,Cao Bằng,Xã Tam Kim,22.606427,106.0179879,68,Moderate,1,18.4,66,0.0,8.1,145,983.3,100,14.2,14.3,532.0,4.2,73.0,4.6
2026-02-18 17:00:00,2026,2,18,17,Cao Bằng,Xã Tam Kim,22.606427,106.0179879,68,Moderate,1,17.8,68,0.0,7.7,152,983.0,100,15.4,15.5,533.0,4.8,73.0,5.0
2026-02-18 18:00:00,2026,2,18,18,Cao Bằng,Xã Tam Kim,22.606427,106.0179879,68,Moderate,1,17.1,71,0.0,6.3,160,983.2,100,17.3,17.5,531.0,5.6,73.0,5.6
2026-02-18 19:00:00,2026,2,18,19,Cao Bằng,Xã Tam Kim,22.606427,106.0179879,68,Moderate,1,15.7,78,0.0,5.8,154,983.9,100,10.7,10.8,522.0,7.0,62.0,5.8
2026-02-18 20:00:00,2026,2,18,20,Cao Bằng,Xã Tam Kim,22.606427,106.0179879,66,Moderate,1,15.6,79,0.0,4.6,149,984.2,98,10.9,10.9,498.0,7.0,61.0,6.0
2026-02-18 21:00:00,2026,2,18,21,Cao Bằng,Xã Tam Kim,22.606427,106.0179879,65,Moderate,1,15.1,81,0.0,4.5,164,984.5,100,11.3,11.3,466.0,6.9,59.0,6.4
2026-02-18 22:00:00,2026,2,18,22,Cao Bằng,Xã Tam Kim,22.606427,106.0179879,63,Moderate,1,14.8,84,0.0,3.7,166,984.7,100,11.9,12.0,443.0,6.9,57.0,6.7
2026-02-18 23:00:00,2026,2,18,23,Cao Bằng,Xã Tam Kim,22.606427,106.0179879,61,Moderate,1,15.0,83,0.0,4.0,170,984.9,100,12.9,12.9,436.0,6.9,55.0,6.9
2026-02-19 00:00:00,2026,2,19,0,Cao Bằng,Xã Tam Kim,22.606427,106.0179879,59,Moderate,1,14.9,84,0.0,4.3,165,985.0,100,13.9,14.0,436.0,6.8,54.0,7.0
2026-02-19 01:00:00,2026,2,19,1,Cao Bằng,Xã Tam Kim,22.606427,106.0179879,58,Moderate,1,14.8,86,0.0,3.2,153,985.1,100,15.1,15.1,437.0,6.7,53.0,7.2
2026-02-19 02:00:00,2026,2,19,2,Cao Bằng,Xã Tam Kim,22.606427,106.0179879,57,Moderate,1,14.7,86,0.0,3.2,142,985.0,100,16.1,16.2,433.0,6.4,52.0,7.6
2026-02-19 03:00:00,2026,2,19,3,Cao Bằng,Xã Tam Kim,22.606427,106.0179879,56,Moderate,1,14.6,85,0.0,3.4,155,984.7,100,17.1,17.2,429.0,5.9,52.0,8.0
2026-02-19 04:00:00,2026,2,19,4,Cao Bằng,Xã Tam Kim,22.606427,106.0179879,55,Moderate,1,14.5,86,0.0,2.9,169,984.7,100,17.5,17.6,433.0,5.6,52.0,8.4
2026-02-19 05:00:00,2026,2,19,5,Cao Bằng,Xã Tam Kim,22.606427,106.0179879,54,Moderate,1,14.5,86,0.0,3.3,171,985.2,100,17.8,18.0,454.0,5.6,51.0,8.8
2026-02-19 06:00:00,2026,2,19,6,Cao Bằng,Xã Tam Kim,22.606427,106.0179879,53,Moderate,1,14.3,87,0.1,3.1,183,985.8,100,18.7,18.9,482.0,5.8,50.0,9.2
2026-02-19 07:00:00,2026,2,19,7,Cao Bằng,Xã Tam Kim,22.606427,106.0179879,53,Moderate,1,14.5,88,0.2,2.5,184,986.7,100,15.3,15.4,498.0,6.5,46.0,9.1
2026-02-19 08:00:00,2026,2,19,8,Cao Bằng,Xã Tam Kim,22.606427,106.0179879,53,Moderate,1,14.7,86,0.1,1.9,214,987.4,100,15.7,15.8,490.0,6.1,50.0,9.6
2026-02-19 09:00:00,2026,2,19,9,Cao Bằng,Xã Tam Kim,22.606427,106.0179879,53,Moderate,1,15.0,88,0.2,2.2,204,988.1,100,15.6,15.8,471.0,5.5,57.0,10.2
2026-02-19 10:00:00,2026,2,19,10,Cao Bằng,Xã Tam Kim,22.606427,106.0179879,54,Moderate,1,15.7,81,0.1,0.2,90,988.5,100,14.8,14.9,455.0,5.0,62.0,10.4
2026-02-19 11:00:00,2026,2,19,11,Cao Bằng,Xã Tam Kim,22.606427,106.0179879,54,Moderate,1,16.0,80,0.1,1.4,293,987.9,100,15.1,15.2,448.0,4.7,65.0,9.9
2026-02-19 12:00:00,2026,2,19,12,Cao Bằng,Xã Tam Kim,22.606427,106.0179879,55,Moderate,1,16.1,82,0.1,2.0,270,986.9,100,15.5,15.6,445.0,4.5,68.0,9.0
2026-02-19 13:00:00,2026,2,19,13,Cao Bằng,Xã Tam Kim,22.606427,106.0179879,56,Moderate,1,16.3,80,0.1,0.4,207,986.3,100,15.5,15.7,446.0,4.4,69.0,8.2
2026-02-19 14:00:00,2026,2,19,14,Cao Bằng,Xã Tam Kim,22.606427,106.0179879,56,Moderate,1,16.7,80,0.2,1.7,167,985.7,100,14.8,15.0,449.0,4.2,69.0,7.6
2026-02-19 15:00:00,2026,2,19,15,Cao Bằng,Xã Tam Kim,22.606427,106.0179879,56,Moderate,1,17.1,76,0.1,3.0,147,985.3,98,13.0,13.1,456.0,4.1,68.0,7.1
2026-02-19 16:00:00,2026,2,19,16,Cao Bằng,Xã Tam Kim,22.606427,106.0179879,56,Moderate,1,17.2,74,0.0,3.4,164,985.0,99,10.9,11.0,470.0,4.9,64.0,6.7
2026-02-19 17:00:00,2026,2,19,17,Cao Bằng,Xã Tam Kim,22.606427,106.0179879,56,Moderate,1,17.1,75,0.0,2.2,194,984.9,100,8.8,8.8,496.0,7.5,56.0,6.6
2026-02-19 18:00:00,2026,2,19,18,Cao Bằng,Xã Tam Kim,22.606427,106.0179879,55,Moderate,1,16.4,81,0.0,1.9,209,985.2,100,8.2,8.3,530.0,10.9,46.0,6.6
2026-02-19 19:00:00,2026,2,19,19,Cao Bằng,Xã Tam Kim,22.606427,106.0179879,54,Moderate,1,15.2,91,0.0,4.3,175,985.9,100,15.6,15.7,557.0,12.7,39.0,7.7
2026-02-19 20:00:00,2026,2,19,20,Cao Bằng,Xã Tam Kim,22.606427,106.0179879,55,Moderate,1,14.9,91,0.1,5.3,204,986.4,100,15.1,15.2,574.0,12.3,37.0,7.5
2026-02-19 21:00:00,2026,2,19,21,Cao Bằng,Xã Tam Kim,22.606427,106.0179879,55,Moderate,1,15.0,88,0.1,5.0,224,986.9,100,14.4,14.4,586.0,11.6,35.0,7.2
2026-02-19 22:00:00,2026,2,19,22,Cao Bằng,Xã Tam Kim,22.606427,106.0179879,55,Moderate,1,14.8,93,0.1,1.5,256,987.1,100,13.5,13.5,587.0,11.1,33.0,6.9
2026-02-19 23:00:00,2026,2,19,23,Cao Bằng,Xã Tam Kim,22.606427,106.0179879,56,Moderate,1,14.8,95,0.0,1.8,264,987.0,100,13.0,13.0,573.0,10.8,31.0,6.5
2026-02-20 00:00:00,2026,2,20,0,Cao Bằng,Xã Tam Kim,22.606427,106.0179879,56,Moderate,1,14.8,95,0.0,1.8,217,987.0,99,12.5,12.6,549.0,10.5,29.0,6.0
2026-02-20 01:00:00,2026,2,20,1,Cao Bằng,Xã Tam Kim,22.606427,106.0179879,55,Moderate,1,15.0,93,0.0,2.7,217,987.0,100,11.7,11.8,529.0,10.1,27.0,5.6
2026-02-20 02:00:00,2026,2,20,2,Cao Bằng,Xã Tam Kim,22.606427,106.0179879,55,Moderate,1,15.2,94,0.0,2.2,215,986.5,100,11.1,11.1,516.0,9.5,26.0,5.3
2026-02-20 03:00:00,2026,2,20,3,Cao Bằng,Xã Tam Kim,22.606427,106.0179879,55,Moderate,1,15.2,93,0.0,1.0,225,986.0,100,10.5,10.6,507.0,8.7,26.0,5.0
2026-02-20 04:00:00,2026,2,20,4,Cao Bằng,Xã Tam Kim,22.606427,106.0179879,54,Moderate,1,15.2,89,0.0,0.7,256,985.6,100,9.1,9.1,509.0,8.3,26.0,4.8
2026-02-20 05:00:00,2026,2,20,5,Cao Bằng,Xã Tam Kim,22.606427,106.0179879,53,Moderate,1,15.0,87,0.0,1.4,140,985.2,100,9.6,9.6,533.0,8.7,23.0,4.6
2026-02-20 06:00:00,2026,2,20,6,Cao Bằng,Xã Tam Kim,22.606427,106.0179879,53,Moderate,1,14.3,94,0.0,3.8,172,985.4,100,10.3,10.3,568.0,9.3,19.0,4.6
2026-02-20 07:00:00,2026,2,20,7,Cao Bằng,Xã Tam Kim,22.606427,106.0179879,52,Moderate,1,14.4,94,0.0,3.6,174,985.8,84,3.4,3.4,584.0,8.2,27.0,5.2
2026-02-20 08:00:00,2026,2,20,8,Cao Bằng,Xã Tam Kim,22.606427,106.0179879,51,Moderate,1,15.5,86,0.0,2.6,168,986.3,91,4.0,4.1,563.0,6.6,40.0,5.4
2026-02-20 09:00:00,2026,2,20,9,Cao Bằng,Xã Tam Kim,22.606427,106.0179879,50,Good,0,16.6,79,0.0,1.0,121,986.5,87,3.6,3.6,523.0,4.4,58.0,5.6
2026-02-20 10:00:00,2026,2,20,10,Cao Bằng,Xã Tam Kim,22.606427,106.0179879,48,Good,0,18.6,69,0.0,0.2,360,986.3,31,3.3,3.3,484.0,2.7,73.0,5.7
2026-02-20 11:00:00,2026,2,20,11,Cao Bằng,Xã Tam Kim,22.606427,106.0179879,46,Good,0,21.6,60,0.0,1.7,162,985.0,84,4.4,4.4,447.0,1.9,83.0,5.6
2026-02-20 12:00:00,2026,2,20,12,Cao Bằng,Xã Tam Kim,22.606427,106.0179879,44,Good,0,23.6,54,0.0,3.6,171,982.8,100,6.4,6.4,411.0,1.6,91.0,5.4
2026-02-20 13:00:00,2026,2,20,13,Cao Bằng,Xã Tam Kim,22.606427,106.0179879,42,Good,0,24.0,52,0.0,7.1,201,981.6,89,9.0,9.1,389.0,1.5,97.0,4.9
2026-02-20 14:00:00,2026,2,20,14,Cao Bằng,Xã Tam Kim,22.606427,106.0179879,41,Good,0,24.4,52,0.0,10.4,201,980.2,73,11.9,12.0,392.0,1.3,100.0,3.8
2026-02-20 15:00:00,2026,2,20,15,Cao Bằng,Xã Tam Kim,22.606427,106.0179879,41,Good,0,23.6,54,0.0,12.0,204,979.0,18,14.3,14.3,410.0,1.3,101.0,2.5
2026-02-20 16:00:00,2026,2,20,16,Cao Bằng,Xã Tam Kim,22.606427,106.0179879,41,Good,0,23.2,56,0.0,9.8,200,978.2,13,15.9,16.1,427.0,1.9,99.0,1.7
2026-02-20 17:00:00,2026,2,20,17,Cao Bằng,Xã Tam Kim,22.606427,106.0179879,42,Good,0,22.4,61,0.0,7.9,200,977.7,16,17.3,17.4,438.0,3.5,95.0,1.8
2026-02-20 18:00:00,2026,2,20,18,Cao Bằng,Xã Tam Kim,22.606427,106.0179879,43,Good,0,19.7,72,0.0,5.0,182,977.4,30,18.6,18.6,449.0,5.7,88.0,2.5
2026-02-20 19:00:00,2026,2,20,19,Cao Bằng,Xã Tam Kim,22.606427,106.0179879,45,Good,0,18.9,79,0.0,7.6,166,977.5,91,20.6,20.7,460.0,7.4,73.0,2.4
2026-02-20 20:00:00,2026,2,20,20,Cao Bằng,Xã Tam Kim,22.606427,106.0179879,46,Good,0,18.7,79,0.0,7.5,169,977.8,63,21.5,21.5,473.0,8.2,69.0,2.6
2026-02-20 21:00:00,2026,2,20,21,Cao Bằng,Xã Tam Kim,22.606427,106.0179879,47,Good,0,18.0,82,0.0,5.9,153,977.8,47,22.2,22.3,487.0,9.2,62.0,2.9
2026-02-20 22:00:00,2026,2,20,22,Cao Bằng,Xã Tam Kim,22.606427,106.0179879,48,Good,0,17.4,86,0.0,4.6,141,977.8,70,22.9,23.1,494.0,10.0,57.0,3.1
2026-02-20 23:00:00,2026,2,20,23,Cao Bằng,Xã Tam Kim,22.606427,106.0179879,50,Good,0,17.2,87,0.0,3.6,135,977.5,92,23.5,23.6,488.0,10.4,53.0,3.1
2026-02-21 00:00:00,2026,2,21,0,Cao Bằng,Xã Tam Kim,22.606427,106.0179879,51,Moderate,1,17.6,86,0.0,3.2,117,977.3,98,23.7,23.7,476.0,10.6,49.0,3.0
2026-02-21 01:00:00,2026,2,21,1,Cao Bằng,Xã Tam Kim,22.606427,106.0179879,52,Moderate,1,18.0,85,0.0,5.5,136,976.8,95,23.9,23.9,468.0,10.4,47.0,3.2
2026-02-21 02:00:00,2026,2,21,2,Cao Bằng,Xã Tam Kim,22.606427,106.0179879,53,Moderate,1,18.4,83,0.0,6.5,134,976.3,96,24.4,24.6,470.0,9.7,49.0,3.8
2026-02-21 03:00:00,2026,2,21,3,Cao Bằng,Xã Tam Kim,22.606427,106.0179879,54,Moderate,1,18.3,84,0.0,7.1,131,975.8,97,25.6,25.6,477.0,8.7,53.0,4.7
2026-02-21 04:00:00,2026,2,21,4,Cao Bằng,Xã Tam Kim,22.606427,106.0179879,55,Moderate,1,18.1,84,0.0,7.8,132,975.0,100,27.7,27.8,486.0,8.0,56.0,6.3
2026-02-21 05:00:00,2026,2,21,5,Cao Bằng,Xã Tam Kim,22.606427,106.0179879,57,Moderate,1,17.9,85,0.0,8.3,132,974.7,100,30.4,30.5,500.0,7.9,58.0,9.0
2026-02-21 06:00:00,2026,2,21,6,Cao Bằng,Xã Tam Kim,22.606427,106.0179879,59,Moderate,1,17.7,87,0.0,8.4,125,974.6,100,32.6,32.7,515.0,8.0,59.0,12.4
2026-02-21 07:00:00,2026,2,21,7,Cao Bằng,Xã Tam Kim,22.606427,106.0179879,61,Moderate,1,17.5,87,0.0,9.2,129,975.1,100,33.4,33.6,517.0,7.2,60.0,13.3
2026-02-21 08:00:00,2026,2,21,8,Cao Bằng,Xã Tam Kim,22.606427,106.0179879,64,Moderate,1,18.0,85,0.0,9.3,148,975.8,100,33.2,33.5,494.0,6.8,63.0,14.6
2026-02-21 09:00:00,2026,2,21,9,Cao Bằng,Xã Tam Kim,22.606427,106.0179879,66,Moderate,1,18.9,81,0.0,10.5,161,975.9,100,34.3,34.7,459.0,6.1,68.0,16.2
2026-02-21 10:00:00,2026,2,21,10,Cao Bằng,Xã Tam Kim,22.606427,106.0179879,69,Moderate,1,20.4,75,0.1,10.8,165,975.7,100,35.4,35.9,431.0,5.4,74.0,16.2
2026-02-21 11:00:00,2026,2,21,11,Cao Bằng,Xã Tam Kim,22.606427,106.0179879,72,Moderate,1,21.5,72,0.1,9.2,173,974.7,84,36.8,37.1,420.0,4.4,83.0,13.1
2026-02-21 12:00:00,2026,2,21,12,Cao Bằng,Xã Tam Kim,22.606427,106.0179879,75,Moderate,1,23.3,65,0.0,8.8,179,973.1,30,47.3,47.7,417.0,3.4,94.0,8.5
2026-02-21 13:00:00,2026,2,21,13,Cao Bằng,Xã Tam Kim,22.606427,106.0179879,78,Moderate,1,24.7,57,0.0,10.9,196,971.9,17,40.3,40.6,414.0,2.6,104.0,4.9
2026-02-21 14:00:00,2026,2,21,14,Cao Bằng,Xã Tam Kim,22.606427,106.0179879,81,Moderate,1,25.6,54,0.0,12.9,196,970.3,5,41.3,41.7,401.0,1.9,114.0,3.4
2026-02-21 15:00:00,2026,2,21,15,Cao Bằng,Xã Tam Kim,22.606427,106.0179879,84,Moderate,1,26.1,53,0.0,11.8,191,969.8,9,41.6,41.9,388.0,1.6,122.0,2.8
2026-02-21 16:00:00,2026,2,21,16,Cao Bằng,Xã Tam Kim,22.606427,106.0179879,86,Moderate,1,25.3,57,0.0,12.3,177,969.2,9,42.0,42.4,395.0,2.4,125.0,2.8
2026-02-21 17:00:00,2026,2,21,17,Cao Bằng,Xã Tam Kim,22.606427,106.0179879,88,Moderate,1,23.9,63,0.0,9.7,156,969.2,11,43.4,43.8,444.0,5.5,117.0,3.3
2026-02-21 18:00:00,2026,2,21,18,Cao Bằng,Xã Tam Kim,22.606427,106.0179879,91,Moderate,1,20.7,77,0.0,8.9,153,969.5,2,45.9,46.2,513.0,9.8,103.0,4.2
2026-02-21 19:00:00,2026,2,21,19,Cao Bằng,Xã Tam Kim,22.606427,106.0179879,93,Moderate,1,18.4,90,0.0,4.5,157,970.2,2,39.2,39.5,562.0,14.8,75.0,4.3
2026-02-21 20:00:00,2026,2,21,20,Cao Bằng,Xã Tam Kim,22.606427,106.0179879,95,Moderate,1,17.2,94,0.0,3.6,186,970.9,1,42.7,43.0,570.0,14.9,73.0,4.8
2026-02-21 21:00:00,2026,2,21,21,Cao Bằng,Xã Tam Kim,22.606427,106.0179879,97,Moderate,1,16.3,96,0.0,2.3,203,971.4,0,44.2,44.5,557.0,15.0,70.0,5.4
2026-02-21 22:00:00,2026,2,21,22,Cao Bằng,Xã Tam Kim,22.606427,106.0179879,99,Moderate,1,15.8,97,0.0,0.8,225,972.1,0,45.5,45.6,543.0,15.0,67.0,5.9
2026-02-21 23:00:00,2026,2,21,23,Cao Bằng,Xã Tam Kim,22.606427,106.0179879,101,Unhealthy for Sensitive Groups,2,16.1,95,0.0,0.8,243,972.7,20,46.4,46.7,535.0,15.0,62.0,6.1
2026-02-22 00:00:00,2026,2,22,0,Cao Bằng,Xã Tam Kim,22.606427,106.0179879,103,Unhealthy for Sensitive Groups,2,16.8,93,0.0,1.2,153,972.9,48,46.9,47.1,526.0,15.0,57.0,6.3
2026-02-22 01:00:00,2026,2,22,1,Cao Bằng,Xã Tam Kim,22.606427,106.0179879,105,Unhealthy for Sensitive Groups,2,18.0,95,0.0,3.2,164,972.3,100,47.4,47.6,508.0,14.5,53.0,6.3
2026-02-22 02:00:00,2026,2,22,2,Cao Bằng,Xã Tam Kim,22.606427,106.0179879,108,Unhealthy for Sensitive Groups,2,18.9,96,0.1,6.4,144,972.2,100,47.3,47.6,475.0,13.1,50.0,6.3
2026-02-22 03:00:00,2026,2,22,3,Cao Bằng,Xã Tam Kim,22.606427,106.0179879,110,Unhealthy for Sensitive Groups,2,19.3,97,0.1,7.9,135,972.7,100,43.2,43.5,435.0,11.2,48.0,6.3
2026-02-22 04:00:00,2026,2,22,4,Cao Bằng,Xã Tam Kim,22.606427,106.0179879,112,Unhealthy for Sensitive Groups,2,19.2,98,0.1,6.5,129,973.0,100,38.9,39.2,401.0,9.7,47.0,6.1
2026-02-22 05:00:00,2026,2,22,5,Cao Bằng,Xã Tam Kim,22.606427,106.0179879,113,Unhealthy for Sensitive Groups,2,19.0,98,0.1,4.8,121,973.2,100,33.6,34.1,383.0,9.0,45.0,5.8
2026-02-22 06:00:00,2026,2,22,6,Cao Bằng,Xã Tam Kim,22.606427,106.0179879,114,Unhealthy for Sensitive Groups,2,19.1,98,0.1,5.4,120,973.5,100,26.6,27.1,372.0,8.7,44.0,5.3
2026-02-22 07:00:00,2026,2,22,7,Cao Bằng,Xã Tam Kim,22.606427,106.0179879,113,Unhealthy for Sensitive Groups,2,18.7,97,0.1,2.4,132,974.4,100,15.1,15.5,357.0,6.2,54.0,4.1
2026-02-22 08:00:00,2026,2,22,8,Cao Bằng,Xã Tam Kim,22.606427,106.0179879,111,Unhealthy for Sensitive Groups,2,19.2,98,0.2,3.1,83,975.2,100,10.7,11.3,327.0,5.8,58.0,3.6
2026-02-22 09:00:00,2026,2,22,9,Cao Bằng,Xã Tam Kim,22.606427,106.0179879,109,Unhealthy for Sensitive Groups,2,19.9,97,0.3,5.2,115,975.8,99,10.4,11.0,292.0,5.3,63.0,3.0
2026-02-22 10:00:00,2026,2,22,10,Cao Bằng,Xã Tam Kim,22.606427,106.0179879,106,Unhealthy for Sensitive Groups,2,21.6,85,0.2,6.4,130,976.0,100,11.6,12.2,271.0,4.7,69.0,2.4
2026-02-22 11:00:00,2026,2,22,11,Cao Bằng,Xã Tam Kim,22.606427,106.0179879,104,Unhealthy for Sensitive Groups,2,23.1,76,0.1,3.5,105,975.4,100,13.5,13.9,278.0,3.9,77.0,2.0
2026-02-22 12:00:00,2026,2,22,12,Cao Bằng,Xã Tam Kim,22.606427,106.0179879,101,Unhealthy for Sensitive Groups,2,24.3,69,0.1,3.4,96,974.6,100,15.7,16.3,300.0,3.1,85.0,1.6
2026-02-22 13:00:00,2026,2,22,13,Cao Bằng,Xã Tam Kim,22.606427,106.0179879,98,Moderate,1,25.5,58,0.0,6.6,127,973.6,89,18.1,18.8,312.0,2.5,92.0,1.4
2026-02-22 14:00:00,2026,2,22,14,Cao Bằng,Xã Tam Kim,22.606427,106.0179879,96,Moderate,1,26.6,53,0.0,9.5,129,972.7,95,20.3,21.0,302.0,2.1,97.0,1.2
2026-02-22 15:00:00,2026,2,22,15,Cao Bằng,Xã Tam Kim,22.606427,106.0179879,95,Moderate,1,26.7,54,0.0,11.6,139,972.1,76,28.0,29.0,282.0,2.0,100.0,1.1
2026-02-22 16:00:00,2026,2,22,16,Cao Bằng,Xã Tam Kim,22.606427,106.0179879,93,Moderate,1,25.4,62,0.0,12.7,147,971.9,32,21.7,22.4,271.0,2.7,100.0,1.4
2026-02-22 17:00:00,2026,2,22,17,Cao Bằng,Xã Tam Kim,22.606427,106.0179879,92,Moderate,1,24.4,67,0.0,11.1,153,971.7,16,22.6,23.5,280.0,5.0,93.0,2.2
2026-02-22 18:00:00,2026,2,22,18,Cao Bằng,Xã Tam Kim,22.606427,106.0179879,90,Moderate,1,22.3,76,0.0,10.1,160,972.3,19,27.2,28.0,298.0,8.2,83.0,3.4
2026-02-22 19:00:00,2026,2,22,19,Cao Bằng,Xã Tam Kim,22.606427,106.0179879,88,Moderate,1,20.3,90,0.0,5.1,138,973.1,36,19.4,20.0,308.0,11.0,64.0,6.0
2026-02-22 20:00:00,2026,2,22,20,Cao Bằng,Xã Tam Kim,22.606427,106.0179879,86,Moderate,1,19.9,96,0.2,4.7,140,973.6,67,14.1,14.5,301.0,10.7,62.0,7.1
2026-02-22 21:00:00,2026,2,22,21,Cao Bằng,Xã Tam Kim,22.606427,106.0179879,84,Moderate,1,20.7,92,0.0,4.7,122,974.6,97,6.6,6.7,287.0,10.4,60.0,8.6
2026-02-22 22:00:00,2026,2,22,22,Cao Bằng,Xã Tam Kim,22.606427,106.0179879,80,Moderate,1,20.4,96,0.0,7.0,148,974.8,89,6.0,6.1,276.0,10.2,57.0,9.9
2026-02-22 23:00:00,2026,2,22,23,Cao Bằng,Xã Tam Kim,22.606427,106.0179879,77,Moderate,1,20.2,95,0.0,4.0,141,974.8,100,7.6,7.7,275.0,10.3,53.0,10.9
2026-02-23 00:00:00,2026,2,23,0,Cao Bằng,Xã Tam Kim,22.606427,106.0179879,73,Moderate,1,19.8,97,0.1,3.4,108,974.7,100,9.0,9.2,278.0,10.5,48.0,11.8
2026-02-23 01:00:00,2026,2,23,1,Cao Bằng,Xã Tam Kim,22.606427,106.0179879,70,Moderate,1,19.7,96,1.1,2.1,121,974.5,100,10.5,10.7,275.0,10.6,44.0,12.3
2026-02-23 02:00:00,2026,2,23,2,Cao Bằng,Xã Tam Kim,22.606427,106.0179879,67,Moderate,1,19.4,98,2.2,3.2,137,973.9,100,12.0,12.3,258.0,10.4,43.0,12.4
2026-02-23 03:00:00,2026,2,23,3,Cao Bằng,Xã Tam Kim,22.606427,106.0179879,64,Moderate,1,19.6,95,1.5,0.5,360,973.4,99,15.2,15.6,236.0,10.1,42.0,12.0
2026-02-23 04:00:00,2026,2,23,4,Cao Bằng,Xã Tam Kim,22.606427,106.0179879,61,Moderate,1,19.3,97,0.1,3.2,106,972.9,100,18.0,18.5,229.0,9.7,43.0,11.2
2026-02-23 05:00:00,2026,2,23,5,Cao Bằng,Xã Tam Kim,22.606427,106.0179879,59,Moderate,1,19.4,95,0.2,2.2,104,973.2,100,9.6,9.9,251.0,9.2,44.0,9.5
2026-02-23 06:00:00,2026,2,23,6,Cao Bằng,Xã Tam Kim,22.606427,106.0179879,57,Moderate,1,19.0,98,0.3,4.5,124,973.3,100,4.1,4.2,288.0,8.7,45.0,7.3
2026-02-23 07:00:00,2026,2,23,7,Cao Bằng,Xã Tam Kim,22.606427,106.0179879,55,Moderate,1,19.1,99,0.4,6.8,132,974.8,59,5.5,5.7,312.0,5.6,64.0,2.7
2026-02-23 08:00:00,2026,2,23,8,Cao Bằng,Xã Tam Kim,22.606427,106.0179879,54,Moderate,1,19.6,97,0.1,5.0,111,975.6,100,4.6,4.8,311.0,5.3,68.0,2.3
2026-02-23 09:00:00,2026,2,23,9,Cao Bằng,Xã Tam Kim,22.606427,106.0179879,54,Moderate,1,20.1,96,0.3,6.5,136,976.1,98,4.2,4.3,298.0,5.0,73.0,1.7
2026-02-23 10:00:00,2026,2,23,10,Cao Bằng,Xã Tam Kim,22.606427,106.0179879,53,Moderate,1,20.8,95,0.3,7.7,147,976.2,98,3.8,3.8,284.0,4.9,77.0,1.4
2026-02-23 11:00:00,2026,2,23,11,Cao Bằng,Xã Tam Kim,22.606427,106.0179879,53,Moderate,1,22.4,85,0.1,9.1,163,975.5,100,4.3,4.4,269.0,5.3,77.0,1.4
2026-02-23 12:00:00,2026,2,23,12,Cao Bằng,Xã Tam Kim,22.606427,106.0179879,52,Moderate,1,24.4,70,0.1,10.2,193,974.4,100,5.4,5.6,252.0,5.8,76.0,1.6
2026-02-23 13:00:00,2026,2,23,13,Cao Bằng,Xã Tam Kim,22.606427,106.0179879,51,Moderate,1,22.1,84,0.0,6.2,142,974.0,100,7.2,7.5,246.0,6.2,78.0,2.1
2026-02-23 14:00:00,2026,2,23,14,Cao Bằng,Xã Tam Kim,22.606427,106.0179879,50,Good,0,22.9,77,0.0,7.9,169,973.0,98,10.6,11.1,259.0,5.8,86.0,2.8
2026-02-23 15:00:00,2026,2,23,15,Cao Bằng,Xã Tam Kim,22.606427,106.0179879,48,Good,0,23.8,71,0.0,9.7,182,972.2,55,15.0,15.7,281.0,5.3,96.0,3.7
2026-02-23 16:00:00,2026,2,23,16,Cao Bằng,Xã Tam Kim,22.606427,106.0179879,46,Good,0,24.4,70,0.1,9.8,166,971.8,63,19.0,19.8,301.0,5.7,101.0,4.8
2026-02-23 17:00:00,2026,2,23,17,Cao Bằng,Xã Tam Kim,22.606427,106.0179879,45,Good,0,23.8,75,0.0,8.2,140,971.7,56,27.6,28.6,314.0,8.0,96.0,6.1
2026-02-23 18:00:00,2026,2,23,18,Cao Bằng,Xã Tam Kim,22.606427,106.0179879,46,Good,0,21.7,85,0.0,6.9,147,971.8,83,26.9,27.6,324.0,11.3,86.0,7.6
2026-02-23 19:00:00,2026,2,23,19,Cao Bằng,Xã Tam Kim,22.606427,106.0179879,46,Good,0,20.0,95,0.0,5.5,161,972.1,48,22.4,23.1,326.0,13.0,70.0,6.6
2026-02-23 20:00:00,2026,2,23,20,Cao Bằng,Xã Tam Kim,22.606427,106.0179879,47,Good,0,20.1,94,0.0,4.5,137,973.2,100,24.9,25.6,316.0,13.2,67.0,7.2
2026-02-23 21:00:00,2026,2,23,21,Cao Bằng,Xã Tam Kim,22.606427,106.0179879,49,Good,0,20.0,95,0.0,4.9,107,973.7,100,26.7,27.3,299.0,13.5,62.0,7.9
2026-02-23 22:00:00,2026,2,23,22,Cao Bằng,Xã Tam Kim,22.606427,106.0179879,51,Moderate,1,19.9,96,0.0,3.6,87,974.2,100,28.6,29.3,287.0,13.8,56.0,8.3
2026-02-23 23:00:00,2026,2,23,23,Cao Bằng,Xã Tam Kim,22.606427,106.0179879,53,Moderate,1,20.2,96,0.0,3.5,78,974.3,100,29.7,30.4,287.0,14.2,50.0,8.1
2026-02-24 00:00:00,2026,2,24,0,Cao Bằng,Xã Tam Kim,22.606427,106.0179879,55,Moderate,1,20.0,98,0.0,3.6,90,974.2,100,29.2,29.8,291.0,14.5,42.0,7.5
2026-02-24 01:00:00,2026,2,24,1,Cao Bằng,Xã Tam Kim,22.606427,106.0179879,57,Moderate,1,20.6,99,0.0,4.3,132,973.7,100,28.5,29.0,291.0,14.4,37.0,7.0
2026-02-24 02:00:00,2026,2,24,2,Cao Bằng,Xã Tam Kim,22.606427,106.0179879,58,Moderate,1,20.8,97,0.0,6.2,134,973.4,100,21.1,21.5,279.0,13.5,35.0,6.8
2026-02-24 03:00:00,2026,2,24,3,Cao Bằng,Xã Tam Kim,22.606427,106.0179879,59,Moderate,1,20.5,97,0.0,6.2,136,973.5,99,15.8,16.1,263.0,12.1,34.0,6.6
2026-02-24 04:00:00,2026,2,24,4,Cao Bằng,Xã Tam Kim,22.606427,106.0179879,59,Moderate,1,20.3,97,0.0,5.2,136,973.7,100,11.0,11.1,258.0,11.3,32.0,6.5
2026-02-24 05:00:00,2026,2,24,5,Cao Bằng,Xã Tam Kim,22.606427,106.0179879,59,Moderate,1,20.1,97,0.0,4.8,127,974.0,91,9.1,9.2,279.0,11.8,27.0,6.3
2026-02-24 06:00:00,2026,2,24,6,Cao Bằng,Xã Tam Kim,22.606427,106.0179879,59,Moderate,1,20.1,97,0.0,4.2,133,974.9,100,8.7,8.8,311.0,12.8,21.0,6.1
2026-02-24 07:00:00,2026,2,24,7,Cao Bằng,Xã Tam Kim,22.606427,106.0179879,59,Moderate,1,20.4,95,0.0,3.1,103,975.9,100,7.9,8.0,331.0,10.7,29.0,6.9
2026-02-24 08:00:00,2026,2,24,8,Cao Bằng,Xã Tam Kim,22.606427,106.0179879,59,Moderate,1,21.1,93,0.0,4.8,68,976.8,100,9.0,9.3,324.0,8.6,42.0,7.4
2026-02-24 09:00:00,2026,2,24,9,Cao Bằng,Xã Tam Kim,22.606427,106.0179879,60,Moderate,1,21.5,92,0.1,3.5,66,977.7,100,12.1,12.5,303.0,5.8,60.0,8.1
2026-02-24 10:00:00,2026,2,24,10,Cao Bằng,Xã Tam Kim,22.606427,106.0179879,60,Moderate,1,21.7,90,0.0,3.4,47,978.5,100,12.8,13.2,287.0,3.5,77.0,8.1
2026-02-24 11:00:00,2026,2,24,11,Cao Bằng,Xã Tam Kim,22.606427,106.0179879,61,Moderate,1,23.5,79,0.0,4.4,83,977.8,100,15.1,15.5,282.0,2.3,91.0,6.8
2026-02-24 12:00:00,2026,2,24,12,Cao Bằng,Xã Tam Kim,22.606427,106.0179879,62,Moderate,1,25.4,68,0.0,5.7,136,976.7,100,16.9,17.2,282.0,1.6,103.0,4.8
2026-02-24 13:00:00,2026,2,24,13,Cao Bằng,Xã Tam Kim,22.606427,106.0179879,63,Moderate,1,24.6,69,0.0,8.6,178,976.2,45,17.7,18.0,281.0,1.3,112.0,3.3
2026-02-24 14:00:00,2026,2,24,14,Cao Bằng,Xã Tam Kim,22.606427,106.0179879,64,Moderate,1,26.1,63,0.0,8.9,162,975.2,97,17.8,18.1,276.0,1.0,118.0,2.7
2026-02-24 15:00:00,2026,2,24,15,Cao Bằng,Xã Tam Kim,22.606427,106.0179879,65,Moderate,1,26.8,60,0.0,8.8,163,974.3,84,18.3,18.6,270.0,1.0,120.0,2.5
2026-02-24 16:00:00,2026,2,24,16,Cao Bằng,Xã Tam Kim,22.606427,106.0179879,65,Moderate,1,26.8,57,0.0,9.1,165,974.1,99,19.6,20.0,272.0,1.9,118.0,2.5
2026-02-24 17:00:00,2026,2,24,17,Cao Bằng,Xã Tam Kim,22.606427,106.0179879,65,Moderate,1,25.6,65,0.0,10.6,156,974.2,99,20.3,20.7,290.0,4.7,109.0,2.8
2026-02-24 18:00:00,2026,2,24,18,Cao Bằng,Xã Tam Kim,22.606427,106.0179879,64,Moderate,1,23.3,76,0.0,10.0,162,974.4,90,22.3,22.6,315.0,8.5,96.0,3.2
2026-02-24 19:00:00,2026,2,24,19,Cao Bằng,Xã Tam Kim,22.606427,106.0179879,64,Moderate,1,22.0,90,0.0,6.1,152,974.7,100,26.9,27.2,334.0,12.0,76.0,3.4
2026-02-24 20:00:00,2026,2,24,20,Cao Bằng,Xã Tam Kim,22.606427,106.0179879,64,Moderate,1,21.4,92,0.0,6.3,127,975.5,100,27.6,27.9,340.0,12.5,71.0,4.0
2026-02-24 21:00:00,2026,2,24,21,Cao Bằng,Xã Tam Kim,22.606427,106.0179879,65,Moderate,1,20.9,95,0.0,6.2,134,976.1,100,27.8,28.1,339.0,13.2,64.0,4.7
2026-02-24 22:00:00,2026,2,24,22,Cao Bằng,Xã Tam Kim,22.606427,106.0179879,65,Moderate,1,21.2,94,0.0,7.0,134,976.9,100,28.4,28.8,334.0,13.4,58.0,5.2
2026-02-24 23:00:00,2026,2,24,23,Cao Bằng,Xã Tam Kim,22.606427,106.0179879,65,Moderate,1,21.2,94,0.0,6.3,121,977.2,100,30.6,31.1,324.0,12.9,54.0,5.2
2026-02-25 00:00:00,2026,2,25,0,Cao Bằng,Xã Tam Kim,22.606427,106.0179879,65,Moderate,1,21.0,94,0.0,6.5,113,977.0,100,31.7,32.1,309.0,12.0,51.0,4.9
2026-02-25 01:00:00,2026,2,25,1,Cao Bằng,Xã Tam Kim,22.606427,106.0179879,65,Moderate,1,21.1,98,0.2,8.4,145,976.0,100,31.4,32.0,296.0,11.1,48.0,4.6
2026-02-25 02:00:00,2026,2,25,2,Cao Bằng,Xã Tam Kim,22.606427,106.0179879,65,Moderate,1,21.2,98,0.0,7.1,135,975.6,100,30.5,31.0,283.0,10.2,46.0,4.5
2026-02-25 03:00:00,2026,2,25,3,Cao Bằng,Xã Tam Kim,22.606427,106.0179879,66,Moderate,1,21.0,98,0.0,7.6,135,975.4,100,28.7,29.2,272.0,9.4,45.0,4.5
2026-02-25 04:00:00,2026,2,25,4,Cao Bằng,Xã Tam Kim,22.606427,106.0179879,67,Moderate,1,20.9,96,0.0,8.3,136,975.5,100,20.7,21.1,273.0,8.8,44.0,4.4
2026-02-25 05:00:00,2026,2,25,5,Cao Bằng,Xã Tam Kim,22.606427,106.0179879,68,Moderate,1,20.6,97,0.0,5.9,117,975.7,100,13.2,13.5,300.0,8.9,41.0,4.4
2026-02-25 06:00:00,2026,2,25,6,Cao Bằng,Xã Tam Kim,22.606427,106.0179879,68,Moderate,1,20.4,98,0.0,6.3,114,976.4,100,13.8,14.1,339.0,9.4,38.0,4.3
2026-02-25 07:00:00,2026,2,25,7,Cao Bằng,Xã Tam Kim,22.606427,106.0179879,69,Moderate,1,20.1,99,0.0,7.3,138,976.4,100,15.8,16.1,359.0,11.6,30.0,4.5
2026-02-25 08:00:00,2026,2,25,8,Cao Bằng,Xã Tam Kim,22.606427,106.0179879,70,Moderate,1,20.7,98,0.1,7.8,134,976.9,100,10.7,11.0,341.0,9.8,41.0,4.5
2026-02-25 09:00:00,2026,2,25,9,Cao Bằng,Xã Tam Kim,22.606427,106.0179879,70,Moderate,1,21.3,96,0.0,6.4,115,977.4,100,7.3,7.5,305.0,7.4,57.0,4.4
2026-02-25 10:00:00,2026,2,25,10,Cao Bằng,Xã Tam Kim,22.606427,106.0179879,69,Moderate,1,22.0,90,0.0,6.1,109,977.8,100,7.1,7.3,278.0,5.3,71.0,4.4
2026-02-25 11:00:00,2026,2,25,11,Cao Bằng,Xã Tam Kim,22.606427,106.0179879,69,Moderate,1,22.4,88,0.1,7.4,131,977.5,100,7.9,8.1,272.0,4.0,81.0,4.5
2026-02-25 12:00:00,2026,2,25,12,Cao Bằng,Xã Tam Kim,22.606427,106.0179879,68,Moderate,1,22.6,86,0.3,6.1,118,976.4,100,8.5,8.6,274.0,3.1,89.0,4.6
2026-02-25 13:00:00,2026,2,25,13,Cao Bằng,Xã Tam Kim,22.606427,106.0179879,67,Moderate,1,21.4,99,0.1,6.1,135,975.9,100,8.7,8.8,275.0,2.7,94.0,4.6
2026-02-25 14:00:00,2026,2,25,14,Cao Bằng,Xã Tam Kim,22.606427,106.0179879,67,Moderate,1,21.9,93,0.2,6.4,133,974.6,100,9.1,9.2,265.0,2.6,96.0,4.4
2026-02-25 15:00:00,2026,2,25,15,Cao Bằng,Xã Tam Kim,22.606427,106.0179879,66,Moderate,1,23.2,81,0.0,5.5,142,974.1,93,10.7,10.8,254.0,3.0,95.0,4.2
2026-02-25 16:00:00,2026,2,25,16,Cao Bằng,Xã Tam Kim,22.606427,106.0179879,65,Moderate,1,24.4,69,0.0,6.5,146,973.9,28,11.9,12.1,256.0,4.3,91.0,4.2
2026-02-25 17:00:00,2026,2,25,17,Cao Bằng,Xã Tam Kim,22.606427,106.0179879,65,Moderate,1,24.2,67,0.0,6.2,142,974.0,22,13.3,13.5,284.0,7.2,83.0,4.6
2026-02-25 18:00:00,2026,2,25,18,Cao Bằng,Xã Tam Kim,22.606427,106.0179879,64,Moderate,1,21.4,79,0.0,6.1,140,974.3,30,15.3,15.4,324.0,11.0,73.0,5.2
2026-02-25 19:00:00,2026,2,25,19,Cao Bằng,Xã Tam Kim,22.606427,106.0179879,63,Moderate,1,21.3,83,0.0,5.2,151,975.1,100,18.4,18.6,355.0,12.0,69.0,6.7
2026-02-25 20:00:00,2026,2,25,20,Cao Bằng,Xã Tam Kim,22.606427,106.0179879,63,Moderate,1,20.7,87,0.0,4.0,150,975.5,100,20.6,20.8,367.0,12.0,67.0,7.0
2026-02-25 21:00:00,2026,2,25,21,Cao Bằng,Xã Tam Kim,22.606427,106.0179879,62,Moderate,1,20.5,88,0.0,2.7,160,975.9,98,21.9,22.2,370.0,12.1,64.0,7.3
2026-02-25 22:00:00,2026,2,25,22,Cao Bằng,Xã Tam Kim,22.606427,106.0179879,61,Moderate,1,20.1,90,0.0,2.4,138,975.9,84,23.6,23.8,366.0,11.8,61.0,7.5
2026-02-25 23:00:00,2026,2,25,23,Cao Bằng,Xã Tam Kim,22.606427,106.0179879,61,Moderate,1,19.0,93,0.0,2.7,148,975.5,95,25.2,25.5,353.0,11.1,59.0,7.4
2026-02-26 00:00:00,2026,2,26,0,Cao Bằng,Xã Tam Kim,22.606427,106.0179879,60,Moderate,1,18.8,93,0.0,1.1,171,975.4,98,27.4,27.7,334.0,10.0,58.0,7.1
2026-02-26 01:00:00,2026,2,26,1,Cao Bằng,Xã Tam Kim,22.606427,106.0179879,60,Moderate,1,19.1,94,0.0,1.1,180,975.1,98,28.3,28.6,315.0,9.0,57.0,7.0
2026-02-26 02:00:00,2026,2,26,2,Cao Bằng,Xã Tam Kim,22.606427,106.0179879,60,Moderate,1,19.5,93,0.4,0.5,90,974.7,98,28.3,28.6,295.0,7.9,57.0,7.3
2026-02-26 03:00:00,2026,2,26,3,Cao Bằng,Xã Tam Kim,22.606427,106.0179879,60,Moderate,1,19.6,96,0.1,1.6,63,974.2,100,27.0,27.3,275.0,6.9,59.0,7.8
2026-02-26 04:00:00,2026,2,26,4,Cao Bằng,Xã Tam Kim,22.606427,106.0179879,59,Moderate,1,19.4,98,0.0,2.8,72,974.1,83,25.9,26.2,267.0,6.1,59.0,8.3
2026-02-26 05:00:00,2026,2,26,5,Cao Bằng,Xã Tam Kim,22.606427,106.0179879,60,Moderate,1,19.4,98,0.1,2.4,54,974.3,78,14.4,14.6,281.0,6.0,57.0,8.9
2026-02-26 06:00:00,2026,2,26,6,Cao Bằng,Xã Tam Kim,22.606427,106.0179879,60,Moderate,1,19.3,98,0.0,1.6,84,974.8,100,10.0,10.1,306.0,6.2,54.0,9.4
2026-02-26 07:00:00,2026,2,26,7,Cao Bằng,Xã Tam Kim,22.606427,106.0179879,60,Moderate,1,19.0,98,0.9,2.2,114,975.0,100,10.3,10.4,321.0,7.9,45.0,8.6
2026-02-26 08:00:00,2026,2,26,8,Cao Bằng,Xã Tam Kim,22.606427,106.0179879,59,Moderate,1,19.5,99,0.1,3.8,73,975.1,100,11.5,11.7,314.0,6.7,55.0,8.4
2026-02-26 09:00:00,2026,2,26,9,Cao Bằng,Xã Tam Kim,22.606427,106.0179879,59,Moderate,1,20.1,98,0.0,4.5,113,975.7,100,14.5,14.8,296.0,4.9,68.0,8.0
2026-02-26 10:00:00,2026,2,26,10,Cao Bằng,Xã Tam Kim,22.606427,106.0179879,60,Moderate,1,21.2,93,0.0,6.0,134,975.8,100,16.4,16.8,282.0,3.5,80.0,7.5
2026-02-26 11:00:00,2026,2,26,11,Cao Bằng,Xã Tam Kim,22.606427,106.0179879,61,Moderate,1,22.1,84,0.0,6.5,146,974.9,100,19.7,20.2,279.0,2.7,88.0,6.7
2026-02-26 12:00:00,2026,2,26,12,Cao Bằng,Xã Tam Kim,22.606427,106.0179879,62,Moderate,1,22.8,77,0.0,6.0,151,973.7,100,17.8,18.1,280.0,2.2,94.0,5.8
2026-02-26 13:00:00,2026,2,26,13,Cao Bằng,Xã Tam Kim,22.606427,106.0179879,63,Moderate,1,22.6,73,0.0,6.9,150,972.7,100,17.2,17.5,278.0,1.9,99.0,5.1
2026-02-26 14:00:00,2026,2,26,14,Cao Bằng,Xã Tam Kim,22.606427,106.0179879,63,Moderate,1,22.6,72,0.0,8.3,147,971.4,95,17.9,18.2,266.0,1.8,103.0,4.7
2026-02-26 15:00:00,2026,2,26,15,Cao Bằng,Xã Tam Kim,22.606427,106.0179879,64,Moderate,1,24.3,62,0.0,7.7,168,970.6,59,18.4,18.6,252.0,2.0,105.0,4.5
2026-02-26 16:00:00,2026,2,26,16,Cao Bằng,Xã Tam Kim,22.606427,106.0179879,65,Moderate,1,25.2,56,0.0,9.7,180,970.0,75,18.7,19.0,251.0,2.7,105.0,4.4
2026-02-26 17:00:00,2026,2,26,17,Cao Bằng,Xã Tam Kim,22.606427,106.0179879,65,Moderate,1,23.7,65,0.0,9.4,167,969.5,22,19.3,19.4,276.0,4.1,102.0,4.4
2026-02-26 18:00:00,2026,2,26,18,Cao Bằng,Xã Tam Kim,22.606427,106.0179879,66,Moderate,1,21.3,75,0.0,9.2,157,969.7,4,20.4,20.5,314.0,5.9,95.0,4.5
2026-02-26 19:00:00,2026,2,26,19,Cao Bằng,Xã Tam Kim,22.606427,106.0179879,66,Moderate,1,20.7,82,0.0,7.6,175,969.9,8,20.9,21.2,344.0,9.0,91.0,7.1
2026-02-26 20:00:00,2026,2,26,20,Cao Bằng,Xã Tam Kim,22.606427,106.0179879,67,Moderate,1,18.8,90,0.0,4.3,180,970.4,7,22.4,22.6,359.0,10.4,83.0,7.3
2026-02-26 21:00:00,2026,2,26,21,Cao Bằng,Xã Tam Kim,22.606427,106.0179879,67,Moderate,1,17.8,94,0.0,3.6,200,970.8,3,22.9,23.2,367.0,12.3,71.0,7.5
2026-02-26 22:00:00,2026,2,26,22,Cao Bằng,Xã Tam Kim,22.606427,106.0179879,67,Moderate,1,17.4,95,0.0,3.1,201,971.3,1,25.3,25.4,370.0,13.8,60.0,7.6
2026-02-26 23:00:00,2026,2,26,23,Cao Bằng,Xã Tam Kim,22.606427,106.0179879,67,Moderate,1,16.7,95,0.0,2.2,215,971.4,2,27.4,27.6,368.0,14.7,52.0,7.4
2026-02-27 00:00:00,2026,2,27,0,Cao Bằng,Xã Tam Kim,22.606427,106.0179879,67,Moderate,1,16.9,94,0.0,1.9,209,971.5,14,28.7,28.8,361.0,15.2,45.0,7.1
2026-02-27 01:00:00,2026,2,27,1,Cao Bằng,Xã Tam Kim,22.606427,106.0179879,67,Moderate,1,18.2,93,0.0,1.6,174,971.2,31,30.0,30.2,353.0,15.0,41.0,7.1
2026-02-27 02:00:00,2026,2,27,2,Cao Bằng,Xã Tam Kim,22.606427,106.0179879,67,Moderate,1,19.1,91,0.0,1.3,106,971.0,33,32.1,32.4,341.0,13.7,40.0,7.8
2026-02-27 03:00:00,2026,2,27,3,Cao Bằng,Xã Tam Kim,22.606427,106.0179879,68,Moderate,1,19.3,92,0.0,1.3,56,970.8,65,33.2,33.4,328.0,11.6,43.0,8.8
2026-02-27 04:00:00,2026,2,27,4,Cao Bằng,Xã Tam Kim,22.606427,106.0179879,68,Moderate,1,19.1,94,0.0,2.2,55,971.0,41,34.2,34.5,322.0,9.7,46.0,9.8
2026-02-27 05:00:00,2026,2,27,5,Cao Bằng,Xã Tam Kim,22.606427,106.0179879,69,Moderate,1,18.8,96,0.0,2.2,55,971.4,55,33.5,33.9,332.0,8.1,51.0,11.0
2026-02-27 06:00:00,2026,2,27,6,Cao Bằng,Xã Tam Kim,22.606427,106.0179879,71,Moderate,1,18.4,98,0.0,2.5,45,972.0,100,31.7,32.0,349.0,6.6,57.0,12.3
2026-02-27 07:00:00,2026,2,27,7,Cao Bằng,Xã Tam Kim,22.606427,106.0179879,73,Moderate,1,19.1,97,0.0,3.1,66,972.5,93,16.2,16.4,352.0,3.8,71.0,12.1
2026-02-27 08:00:00,2026,2,27,8,Cao Bằng,Xã Tam Kim,22.606427,106.0179879,73,Moderate,1,20.6,88,0.1,2.8,72,973.1,100,17.1,17.2,327.0,3.5,74.0,10.7
2026-02-27 09:00:00,2026,2,27,9,Cao Bằng,Xã Tam Kim,22.606427,106.0179879,74,Moderate,1,22.5,76,0.2,2.2,35,973.4,72,17.5,17.7,289.0,3.1,80.0,8.8
2026-02-27 10:00:00,2026,2,27,10,Cao Bằng,Xã Tam Kim,22.606427,106.0179879,74,Moderate,1,24.4,65,0.0,3.1,54,973.7,34,18.7,18.9,260.0,2.6,86.0,7.1
2026-02-27 11:00:00,2026,2,27,11,Cao Bằng,Xã Tam Kim,22.606427,106.0179879,74,Moderate,1,26.7,55,0.0,1.4,230,972.9,27,19.3,19.5,251.0,2.1,95.0,5.7
2026-02-27 12:00:00,2026,2,27,12,Cao Bằng,Xã Tam Kim,22.606427,106.0179879,74,Moderate,1,27.9,51,0.0,5.4,200,971.6,13,19.8,20.0,252.0,1.5,105.0,4.6
2026-02-27 13:00:00,2026,2,27,13,Cao Bằng,Xã Tam Kim,22.606427,106.0179879,74,Moderate,1,28.9,43,0.0,8.5,197,970.4,15,20.3,20.4,253.0,1.2,113.0,3.7
2026-02-27 14:00:00,2026,2,27,14,Cao Bằng,Xã Tam Kim,22.606427,106.0179879,75,Moderate,1,28.1,49,0.2,11.6,198,969.2,20,20.3,20.5,249.0,0.9,119.0,3.2
2026-02-27 15:00:00,2026,2,27,15,Cao Bằng,Xã Tam Kim,22.606427,106.0179879,75,Moderate,1,28.5,47,0.0,11.5,191,968.1,23,20.6,20.8,247.0,0.9,123.0,3.0
2026-02-27 16:00:00,2026,2,27,16,Cao Bằng,Xã Tam Kim,22.606427,106.0179879,75,Moderate,1,28.0,48,0.0,10.1,190,967.6,12,20.8,21.0,252.0,1.6,123.0,3.1
2026-02-27 17:00:00,2026,2,27,17,Cao Bằng,Xã Tam Kim,22.606427,106.0179879,75,Moderate,1,26.7,55,0.0,7.0,176,967.8,8,21.7,21.9,274.0,3.8,116.0,3.4
2026-02-27 18:00:00,2026,2,27,18,Cao Bằng,Xã Tam Kim,22.606427,106.0179879,75,Moderate,1,23.4,68,0.0,9.0,175,968.1,19,23.6,23.7,304.0,6.8,105.0,3.9
2026-02-27 19:00:00,2026,2,27,19,Cao Bằng,Xã Tam Kim,22.606427,106.0179879,76,Moderate,1,21.7,80,0.0,7.0,183,968.3,24,24.7,24.9,325.0,8.5,92.0,4.9
2026-02-27 20:00:00,2026,2,27,20,Cao Bằng,Xã Tam Kim,22.606427,106.0179879,76,Moderate,1,21.7,82,0.0,9.6,172,969.4,20,27.4,27.5,328.0,9.3,89.0,5.5
2026-02-27 21:00:00,2026,2,27,21,Cao Bằng,Xã Tam Kim,22.606427,106.0179879,77,Moderate,1,21.2,86,0.0,8.5,186,970.4,96,30.2,30.4,322.0,10.4,84.0,6.2
2026-02-27 22:00:00,2026,2,27,22,Cao Bằng,Xã Tam Kim,22.606427,106.0179879,77,Moderate,1,21.0,90,0.0,2.4,117,970.8,67,33.5,33.6,314.0,11.1,80.0,6.9
2026-02-27 23:00:00,2026,2,27,23,Cao Bằng,Xã Tam Kim,22.606427,106.0179879,78,Moderate,1,20.2,93,0.2,1.5,353,971.0,100,36.1,36.3,304.0,11.0,76.0,7.4
2026-02-28 00:00:00,2026,2,28,0,Cao Bằng,Xã Tam Kim,22.606427,106.0179879,79,Moderate,1,19.0,99,3.7,10.5,338,971.1,100,38.4,38.6,292.0,10.6,72.0,7.8
2026-02-28 01:00:00,2026,2,28,1,Cao Bằng,Xã Tam Kim,22.606427,106.0179879,80,Moderate,1,17.9,100,2.6,8.1,343,971.1,100,39.1,39.5,283.0,10.0,68.0,8.0
2026-02-28 02:00:00,2026,2,28,2,Cao Bằng,Xã Tam Kim,22.606427,106.0179879,80,Moderate,1,17.7,100,2.7,5.9,288,970.6,100,38.3,38.6,280.0,9.3,63.0,8.0
2026-02-28 03:00:00,2026,2,28,3,Cao Bằng,Xã Tam Kim,22.606427,106.0179879,81,Moderate,1,17.8,99,1.1,1.6,186,969.7,89,35.6,36.0,280.0,8.6,59.0,7.8
2026-02-28 04:00:00,2026,2,28,4,Cao Bằng,Xã Tam Kim,22.606427,106.0179879,81,Moderate,1,17.9,100,0.7,3.6,183,969.4,100,31.1,31.2,281.0,8.0,55.0,7.6
2026-02-28 05:00:00,2026,2,28,5,Cao Bằng,Xã Tam Kim,22.606427,106.0179879,81,Moderate,1,18.1,99,0.9,1.2,309,969.9,93,23.8,24.0,283.0,7.9,51.0,7.5
2026-02-28 06:00:00,2026,2,28,6,Cao Bằng,Xã Tam Kim,22.606427,106.0179879,80,Moderate,1,18.3,98,10.8,0.6,146,970.6,91,20.0,20.1,286.0,8.0,48.0,7.4
2026-02-28 07:00:00,2026,2,28,7,Cao Bằng,Xã Tam Kim,22.606427,106.0179879,79,Moderate,1,18.5,98,1.7,5.1,157,970.8,91,23.4,23.7,287.0,9.4,43.0,6.2
2026-02-28 08:00:00,2026,2,28,8,Cao Bằng,Xã Tam Kim,22.606427,106.0179879,80,Moderate,1,19.1,98,0.1,5.7,162,971.4,58,18.7,19.0,285.0,8.0,52.0,6.5
2026-02-28 09:00:00,2026,2,28,9,Cao Bằng,Xã Tam Kim,22.606427,106.0179879,80,Moderate,1,21.1,88,0.0,4.2,97,972.1,43,14.8,15.0,281.0,6.1,65.0,6.8
2026-02-28 10:00:00,2026,2,28,10,Cao Bằng,Xã Tam Kim,22.606427,106.0179879,79,Moderate,1,24.0,77,0.1,4.7,92,972.3,84,13.2,13.4,279.0,4.5,77.0,6.6
2026-02-28 11:00:00,2026,2,28,11,Cao Bằng,Xã Tam Kim,22.606427,106.0179879,79,Moderate,1,25.6,73,0.2,2.3,157,971.5,84,9.5,9.6,281.0,3.6,86.0,5.3
2026-02-28 12:00:00,2026,2,28,12,Cao Bằng,Xã Tam Kim,22.606427,106.0179879,78,Moderate,1,25.8,70,0.1,5.5,203,970.5,55,9.3,9.4,284.0,3.1,95.0,3.5
2026-02-28 13:00:00,2026,2,28,13,Cao Bằng,Xã Tam Kim,22.606427,106.0179879,77,Moderate,1,27.3,63,0.4,7.4,193,969.3,72,10.0,10.1,291.0,2.8,103.0,2.0
2026-02-28 14:00:00,2026,2,28,14,Cao Bằng,Xã Tam Kim,22.606427,106.0179879,76,Moderate,1,27.6,60,0.1,11.6,187,968.2,26,11.8,11.9,300.0,2.4,113.0,1.3
2026-02-28 15:00:00,2026,2,28,15,Cao Bằng,Xã Tam Kim,22.606427,106.0179879,75,Moderate,1,28.2,57,0.0,11.5,191,967.3,18,14.6,14.8,312.0,2.2,122.0,0.9
2026-02-28 16:00:00,2026,2,28,16,Cao Bằng,Xã Tam Kim,22.606427,106.0179879,75,Moderate,1,27.7,59,0.0,13.8,189,966.8,17,17.8,18.0,330.0,3.0,126.0,1.0
2026-02-28 17:00:00,2026,2,28,17,Cao Bằng,Xã Tam Kim,22.606427,106.0179879,75,Moderate,1,26.3,66,0.0,11.8,168,967.0,16,21.9,22.1,363.0,5.8,120.0,1.7
2026-02-28 18:00:00,2026,2,28,18,Cao Bằng,Xã Tam Kim,22.606427,106.0179879,75,Moderate,1,24.0,77,0.0,9.8,156,967.6,20,25.7,25.9,403.0,9.6,109.0,2.7
2026-02-28 19:00:00,2026,2,28,19,Cao Bằng,Xã Tam Kim,22.606427,106.0179879,75,Moderate,1,22.0,87,0.0,5.2,178,967.8,38,41.1,41.4,426.0,9.1,113.0,5.0
2026-02-28 20:00:00,2026,2,28,20,Cao Bằng,Xã Tam Kim,22.606427,106.0179879,76,Moderate,1,22.3,89,0.0,3.2,146,968.9,56,43.8,44.1,420.0,9.0,111.0,5.6
2026-02-28 21:00:00,2026,2,28,21,Cao Bằng,Xã Tam Kim,22.606427,106.0179879,78,Moderate,1,22.1,92,0.0,4.2,137,969.5,100,42.4,42.7,397.0,8.9,109.0,6.5
2026-02-28 22:00:00,2026,2,28,22,Cao Bằng,Xã Tam Kim,22.606427,106.0179879,79,Moderate,1,22.2,93,0.0,6.1,120,969.8,100,42.1,42.5,369.0,8.6,105.0,6.9
2026-02-28 23:00:00,2026,2,28,23,Cao Bằng,Xã Tam Kim,22.606427,106.0179879,80,Moderate,1,21.8,95,0.0,3.4,93,970.0,100,41.8,42.1,336.0,7.8,99.0,6.5
2026-03-01 00:00:00,2026,3,1,0,Cao Bằng,Xã Tam Kim,22.606427,106.0179879,80,Moderate,1,22.1,93,0.0,5.3,72,969.7,100,30.4,30.6,299.0,6.9,92.0,5.6
2026-03-01 01:00:00,2026,3,1,1,Cao Bằng,Xã Tam Kim,22.606427,106.0179879,79,Moderate,1,21.3,99,0.1,5.6,6,969.7,100,21.8,21.9,271.0,6.1,85.0,4.8
2026-03-01 02:00:00,2026,3,1,2,Cao Bằng,Xã Tam Kim,22.606427,106.0179879,78,Moderate,1,21.2,99,1.7,5.4,354,969.4,100,14.3,14.4,257.0,5.7,77.0,4.1
2026-03-01 03:00:00,2026,3,1,3,Cao Bằng,Xã Tam Kim,22.606427,106.0179879,76,Moderate,1,20.4,100,1.9,8.5,360,969.1,100,9.4,9.5,252.0,5.4,68.0,3.4
2026-03-01 04:00:00,2026,3,1,4,Cao Bằng,Xã Tam Kim,22.606427,106.0179879,73,Moderate,1,20.2,100,1.4,7.9,347,969.1,100,6.9,7.0,258.0,5.5,60.0,2.9
2026-03-01 05:00:00,2026,3,1,5,Cao Bằng,Xã Tam Kim,22.606427,106.0179879,71,Moderate,1,20.0,100,0.4,8.1,335,969.5,100,6.0,6.1,283.0,6.3,53.0,2.9
2026-03-01 06:00:00,2026,3,1,6,Cao Bằng,Xã Tam Kim,22.606427,106.0179879,70,Moderate,1,20.0,99,1.0,4.4,341,970.1,100,5.4,5.5,318.0,7.3,47.0,3.1
2026-03-01 07:00:00,2026,3,1,7,Cao Bằng,Xã Tam Kim,22.606427,106.0179879,68,Moderate,1,20.3,98,0.3,2.4,54,970.9,88,5.0,5.0,337.0,5.6,64.0,3.8
2026-03-01 08:00:00,2026,3,1,8,Cao Bằng,Xã Tam Kim,22.606427,106.0179879,67,Moderate,1,21.4,96,0.0,2.3,61,971.8,93,5.6,5.7,323.0,4.5,75.0,3.4
2026-03-01 09:00:00,2026,3,1,9,Cao Bằng,Xã Tam Kim,22.606427,106.0179879,66,Moderate,1,23.3,87,0.0,3.4,87,972.3,59,12.3,12.5,293.0,2.9,91.0,2.8
2026-03-01 10:00:00,2026,3,1,10,Cao Bằng,Xã Tam Kim,22.606427,106.0179879,65,Moderate,1,25.8,75,0.1,3.3,119,972.3,59,15.1,15.3,268.0,1.7,105.0,2.4
2026-03-01 11:00:00,2026,3,1,11,Cao Bằng,Xã Tam Kim,22.606427,106.0179879,66,Moderate,1,27.7,64,0.2,5.3,170,971.8,31,17.7,17.9,256.0,1.2,113.0,2.2
2026-03-01 12:00:00,2026,3,1,12,Cao Bằng,Xã Tam Kim,22.606427,106.0179879,66,Moderate,1,30.1,49,0.0,7.1,189,970.6,18,20.0,20.3,250.0,1.1,119.0,2.1
2026-03-01 13:00:00,2026,3,1,13,Cao Bằng,Xã Tam Kim,22.606427,106.0179879,67,Moderate,1,30.8,43,0.0,7.8,203,969.4,23,21.0,21.2,247.0,1.1,124.0,2.1
2026-03-01 14:00:00,2026,3,1,14,Cao Bằng,Xã Tam Kim,22.606427,106.0179879,68,Moderate,1,31.1,41,0.0,10.3,209,968.1,20,21.3,21.6,245.0,0.9,129.0,2.2
2026-03-01 15:00:00,2026,3,1,15,Cao Bằng,Xã Tam Kim,22.606427,106.0179879,69,Moderate,1,30.7,43,0.0,10.3,199,967.6,48,21.6,21.9,247.0,0.8,132.0,2.3
2026-03-01 16:00:00,2026,3,1,16,Cao Bằng,Xã Tam Kim,22.606427,106.0179879,70,Moderate,1,29.8,48,0.0,10.9,189,967.2,76,22.0,22.3,261.0,1.6,132.0,2.7
2026-03-01 17:00:00,2026,3,1,17,Cao Bằng,Xã Tam Kim,22.606427,106.0179879,70,Moderate,1,28.3,56,0.0,8.3,178,967.7,44,23.0,23.3,298.0,4.3,124.0,3.4
2026-03-01 18:00:00,2026,3,1,18,Cao Bằng,Xã Tam Kim,22.606427,106.0179879,75,Moderate,1,24.6,71,0.0,7.6,179,967.9,55,25.6,25.8,346.0,7.9,113.0,4.3
2026-03-01 19:00:00,2026,3,1,19,Cao Bằng,Xã Tam Kim,22.606427,106.0179879,76,Moderate,1,22.9,81,0.0,5.1,207,968.2,95,34.0,34.2,381.0,13.2,91.0,4.8
2026-03-01 20:00:00,2026,3,1,20,Cao Bằng,Xã Tam Kim,22.606427,106.0179879,72,Moderate,1,22.0,85,0.0,3.9,217,969.0,48,36.8,37.0,390.0,14.2,88.0,5.4
2026-03-01 21:00:00,2026,3,1,21,Cao Bằng,Xã Tam Kim,22.606427,106.0179879,69,Moderate,1,21.8,86,0.0,3.0,213,970.2,6,38.6,38.9,386.0,15.6,84.0,6.3
2026-03-01 22:00:00,2026,3,1,22,Cao Bằng,Xã Tam Kim,22.606427,106.0179879,69,Moderate,1,21.3,88,0.0,1.2,141,971.1,4,40.3,40.5,379.0,15.8,84.0,7.0
2026-03-01 23:00:00,2026,3,1,23,Cao Bằng,Xã Tam Kim,22.606427,106.0179879,68,Moderate,1,21.0,90,0.0,0.4,360,971.6,25,42.7,43.1,373.0,13.9,91.0,7.3
2026-03-02 00:00:00,2026,3,2,0,Cao Bằng,Xã Tam Kim,22.606427,106.0179879,69,Moderate,1,20.1,94,0.0,2.0,333,971.4,64,44.6,45.1,364.0,11.0,102.0,7.5
2026-03-02 01:00:00,2026,3,2,1,Cao Bằng,Xã Tam Kim,22.606427,106.0179879,70,Moderate,1,20.0,96,0.0,3.6,297,971.4,99,38.8,39.1,355.0,8.7,109.0,7.5
2026-03-02 02:00:00,2026,3,2,2,Cao Bằng,Xã Tam Kim,22.606427,106.0179879,71,Moderate,1,20.9,93,0.0,3.6,270,971.2,32,30.9,31.2,343.0,7.7,109.0,7.3
2026-03-02 03:00:00,2026,3,2,3,Cao Bằng,Xã Tam Kim,22.606427,106.0179879,73,Moderate,1,20.5,94,0.0,0.6,236,971.0,80,27.9,28.2,332.0,7.3,105.0,7.0
2026-03-02 04:00:00,2026,3,2,4,Cao Bằng,Xã Tam Kim,22.606427,106.0179879,74,Moderate,1,20.2,97,1.3,4.7,238,971.3,100,29.2,29.4,330.0,7.4,99.0,6.6
2026-03-02 05:00:00,2026,3,2,5,Cao Bằng,Xã Tam Kim,22.606427,106.0179879,76,Moderate,1,20.3,95,0.4,1.8,204,971.5,5,27.5,27.7,351.0,8.6,87.0,6.2
2026-03-02 06:00:00,2026,3,2,6,Cao Bằng,Xã Tam Kim,22.606427,106.0179879,78,Moderate,1,19.6,95,0.0,1.5,194,972.3,21,25.1,25.3,382.0,10.4,72.0,5.8
2026-03-02 07:00:00,2026,3,2,7,Cao Bằng,Xã Tam Kim,22.606427,106.0179879,80,Moderate,1,21.0,98,0.0,1.5,300,973.1,34,33.1,33.3,395.0,11.9,57.0,3.3
2026-03-02 08:00:00,2026,3,2,8,Cao Bằng,Xã Tam Kim,22.606427,106.0179879,83,Moderate,1,22.1,93,0.0,5.3,342,974.0,63,30.6,30.9,374.0,9.0,78.0,4.3
2026-03-02 09:00:00,2026,3,2,9,Cao Bằng,Xã Tam Kim,22.606427,106.0179879,85,Moderate,1,22.9,90,0.0,8.1,356,974.6,100,23.8,24.0,336.0,5.1,108.0,5.7
2026-03-02 10:00:00,2026,3,2,10,Cao Bằng,Xã Tam Kim,22.606427,106.0179879,86,Moderate,1,25.4,76,0.0,6.0,9,974.9,46,21.6,21.8,303.0,2.1,130.0,6.4
2026-03-02 11:00:00,2026,3,2,11,Cao Bằng,Xã Tam Kim,22.606427,106.0179879,86,Moderate,1,26.7,68,0.0,4.3,62,974.5,99,20.5,20.7,279.0,1.1,137.0,5.8
2026-03-02 12:00:00,2026,3,2,12,Cao Bằng,Xã Tam Kim,22.606427,106.0179879,87,Moderate,1,29.2,59,0.0,2.5,94,973.4,59,18.9,19.1,260.0,1.1,137.0,4.4
2026-03-02 13:00:00,2026,3,2,13,Cao Bằng,Xã Tam Kim,22.606427,106.0179879,86,Moderate,1,28.9,57,1.5,13.0,125,972.4,28,18.8,19.0,255.0,1.3,136.0,3.3
2026-03-02 14:00:00,2026,3,2,14,Cao Bằng,Xã Tam Kim,22.606427,106.0179879,86,Moderate,1,26.6,65,0.2,18.0,106,971.8,31,18.5,18.8,273.0,1.1,137.0,2.6
2026-03-02 15:00:00,2026,3,2,15,Cao Bằng,Xã Tam Kim,22.606427,106.0179879,86,Moderate,1,26.7,65,0.0,13.0,109,971.5,74,18.3,18.7,306.0,1.0,137.0,2.2
2026-03-02 16:00:00,2026,3,2,16,Cao Bằng,Xã Tam Kim,22.606427,106.0179879,86,Moderate,1,26.0,66,0.1,6.0,129,971.6,26,19.2,19.6,340.0,1.7,132.0,2.0
2026-03-02 17:00:00,2026,3,2,17,Cao Bằng,Xã Tam Kim,22.606427,106.0179879,91,Moderate,1,24.7,70,0.0,5.7,62,972.2,24,20.3,20.7,375.0,4.1,119.0,2.3
2026-03-02 18:00:00,2026,3,2,18,Cao Bằng,Xã Tam Kim,22.606427,106.0179879,93,Moderate,1,21.2,92,0.7,9.1,295,973.2,100,21.2,21.5,412.0,7.3,101.0,2.9
2026-03-02 19:00:00,2026,3,2,19,Cao Bằng,Xã Tam Kim,22.606427,106.0179879,87,Moderate,1,22.1,86,0.4,1.2,129,973.0,77,35.0,35.6,438.0,12.2,85.0,4.5
2026-03-02 20:00:00,2026,3,2,20,Cao Bằng,Xã Tam Kim,22.606427,106.0179879,85,Moderate,1,21.7,90,0.1,2.4,222,973.7,100,33.3,33.8,446.0,10.9,83.0,4.3
2026-03-02 21:00:00,2026,3,2,21,Cao Bằng,Xã Tam Kim,22.606427,106.0179879,85,Moderate,1,21.7,93,0.5,2.5,201,974.8,100,32.1,32.5,445.0,9.2,81.0,4.1
2026-03-02 22:00:00,2026,3,2,22,Cao Bằng,Xã Tam Kim,22.606427,106.0179879,84,Moderate,1,21.0,92,2.5,3.0,142,976.3,100,28.5,28.8,445.0,7.5,78.0,4.2
2026-03-02 23:00:00,2026,3,2,23,Cao Bằng,Xã Tam Kim,22.606427,106.0179879,83,Moderate,1,20.4,90,1.5,2.5,86,976.6,100,23.3,23.5,453.0,6.1,76.0,4.8
2026-03-03 00:00:00,2026,3,3,0,Cao Bằng,Xã Tam Kim,22.606427,106.0179879,81,Moderate,1,19.8,91,0.8,2.4,103,977.0,100,24.6,24.7,463.0,4.9,75.0,5.7
2026-03-03 01:00:00,2026,3,3,1,Cao Bằng,Xã Tam Kim,22.606427,106.0179879,80,Moderate,1,20.0,87,10.3,1.2,231,976.3,100,26.3,26.4,468.0,4.0,72.0,6.4
2026-03-03 02:00:00,2026,3,3,2,Cao Bằng,Xã Tam Kim,22.606427,106.0179879,78,Moderate,1,19.0,92,2.3,5.2,86,975.9,100,27.4,27.4,462.0,3.7,67.0,6.7
2026-03-03 03:00:00,2026,3,3,3,Cao Bằng,Xã Tam Kim,22.606427,106.0179879,78,Moderate,1,18.8,85,0.0,1.8,84,976.6,100,27.6,27.7,451.0,3.7,60.0,6.7
2026-03-03 04:00:00,2026,3,3,4,Cao Bằng,Xã Tam Kim,22.606427,106.0179879,78,Moderate,1,18.7,83,0.1,0.3,135,976.8,100,27.4,27.5,452.0,3.8,56.0,6.7
2026-03-03 05:00:00,2026,3,3,5,Cao Bằng,Xã Tam Kim,22.606427,106.0179879,78,Moderate,1,17.9,94,0.4,3.3,13,977.4,100,27.3,27.5,481.0,3.9,55.0,6.6
2026-03-03 06:00:00,2026,3,3,6,Cao Bằng,Xã Tam Kim,22.606427,106.0179879,78,Moderate,1,17.4,92,0.0,4.3,360,978.2,100,25.7,25.8,522.0,3.9,56.0,6.4
2026-03-03 07:00:00,2026,3,3,7,Cao Bằng,Xã Tam Kim,22.606427,106.0179879,78,Moderate,1,17.1,95,0.0,7.6,342,978.5,97,25.9,26.1,539.0,4.4,52.0,7.1
2026-03-03 08:00:00,2026,3,3,8,Cao Bằng,Xã Tam Kim,22.606427,106.0179879,77,Moderate,1,18.0,81,0.0,5.5,347,979.3,65,25.4,25.7,511.0,3.9,56.0,6.7
2026-03-03 09:00:00,2026,3,3,9,Cao Bằng,Xã Tam Kim,22.606427,106.0179879,77,Moderate,1,19.2,70,0.0,4.3,345,980.2,63,23.7,24.0,460.0,3.3,63.0,6.2
2026-03-03 10:00:00,2026,3,3,10,Cao Bằng,Xã Tam Kim,22.606427,106.0179879,77,Moderate,1,21.1,58,0.0,4.9,8,980.6,100,21.2,21.5,419.0,2.7,70.0,5.5
2026-03-03 11:00:00,2026,3,3,11,Cao Bằng,Xã Tam Kim,22.606427,106.0179879,77,Moderate,1,22.4,51,0.0,7.4,51,980.4,95,16.6,16.8,401.0,2.2,79.0,4.5
2026-03-03 12:00:00,2026,3,3,12,Cao Bằng,Xã Tam Kim,22.606427,106.0179879,76,Moderate,1,22.8,52,0.0,8.3,48,979.3,81,15.0,15.2,392.0,1.7,89.0,3.4
2026-03-03 13:00:00,2026,3,3,13,Cao Bằng,Xã Tam Kim,22.606427,106.0179879,76,Moderate,1,22.4,52,0.0,10.6,44,978.7,100,14.5,14.8,388.0,1.4,97.0,2.5
2026-03-03 14:00:00,2026,3,3,14,Cao Bằng,Xã Tam Kim,22.606427,106.0179879,76,Moderate,1,22.9,50,0.0,9.1,60,977.9,100,14.3,14.6,385.0,1.2,102.0,1.9
2026-03-03 15:00:00,2026,3,3,15,Cao Bằng,Xã Tam Kim,22.606427,106.0179879,75,Moderate,1,22.8,50,0.0,9.3,68,977.1,100,14.1,14.4,386.0,1.2,106.0,1.6
2026-03-03 16:00:00,2026,3,3,16,Cao Bằng,Xã Tam Kim,22.606427,106.0179879,75,Moderate,1,22.7,50,0.0,10.6,72,977.2,100,14.0,14.2,392.0,1.7,106.0,1.5
2026-03-03 17:00:00,2026,3,3,17,Cao Bằng,Xã Tam Kim,22.606427,106.0179879,75,Moderate,1,21.9,52,0.0,9.7,71,977.8,100,13.9,14.2,409.0,3.0,102.0,1.8
2026-03-03 18:00:00,2026,3,3,18,Cao Bằng,Xã Tam Kim,22.606427,106.0179879,74,Moderate,1,19.8,59,0.0,7.2,94,978.6,100,14.3,14.6,432.0,4.9,95.0,2.3
2026-03-03 19:00:00,2026,3,3,19,Cao Bằng,Xã Tam Kim,22.606427,106.0179879,73,Moderate,1,18.6,67,0.0,3.8,115,979.4,81,23.1,23.4,448.0,4.2,81.0,2.5
2026-03-03 20:00:00,2026,3,3,20,Cao Bằng,Xã Tam Kim,22.606427,106.0179879,72,Moderate,1,17.8,67,0.0,4.7,137,980.4,71,22.1,22.5,450.0,4.2,80.0,2.7
2026-03-03 21:00:00,2026,3,3,21,Cao Bằng,Xã Tam Kim,22.606427,106.0179879,71,Moderate,1,17.1,70,0.0,4.4,168,981.5,94,20.1,20.5,444.0,4.3,78.0,2.9
2026-03-03 22:00:00,2026,3,3,22,Cao Bằng,Xã Tam Kim,22.606427,106.0179879,70,Moderate,1,17.0,70,0.0,5.4,166,982.1,96,19.2,19.5,442.0,4.2,77.0,3.0
2026-03-03 23:00:00,2026,3,3,23,Cao Bằng,Xã Tam Kim,22.606427,106.0179879,69,Moderate,1,16.9,68,0.0,6.4,140,982.5,85,17.6,18.0,445.0,4.0,76.0,3.0
2026-03-04 00:00:00,2026,3,4,0,Cao Bằng,Xã Tam Kim,22.606427,106.0179879,69,Moderate,1,16.5,69,0.0,7.5,145,982.5,63,16.1,16.4,450.0,3.8,76.0,2.9
2026-03-04 01:00:00,2026,3,4,1,Cao Bằng,Xã Tam Kim,22.606427,106.0179879,68,Moderate,1,16.3,72,0.0,4.8,127,982.2,33,14.1,14.4,462.0,3.5,76.0,2.8
2026-03-04 02:00:00,2026,3,4,2,Cao Bằng,Xã Tam Kim,22.606427,106.0179879,67,Moderate,1,15.1,71,0.0,6.1,135,981.9,34,12.7,12.9,486.0,3.3,76.0,2.7
2026-03-04 03:00:00,2026,3,4,3,Cao Bằng,Xã Tam Kim,22.606427,106.0179879,66,Moderate,1,14.9,72,0.0,3.6,153,981.6,41,11.5,11.8,516.0,3.0,77.0,2.6
2026-03-04 04:00:00,2026,3,4,4,Cao Bằng,Xã Tam Kim,22.606427,106.0179879,64,Moderate,1,15.1,71,0.0,1.8,156,981.6,37,10.4,10.7,541.0,2.9,77.0,2.6
2026-03-04 05:00:00,2026,3,4,5,Cao Bằng,Xã Tam Kim,22.606427,106.0179879,63,Moderate,1,14.5,73,0.0,1.8,127,982.1,74,9.5,9.7,561.0,3.0,76.0,2.7
2026-03-04 06:00:00,2026,3,4,6,Cao Bằng,Xã Tam Kim,22.606427,106.0179879,61,Moderate,1,14.4,73,0.0,1.8,127,982.4,70,8.8,9.0,575.0,3.3,74.0,2.8
2026-03-04 07:00:00,2026,3,4,7,Cao Bằng,Xã Tam Kim,22.606427,106.0179879,60,Moderate,1,14.8,79,0.0,2.3,72,982.4,54,10.0,10.2,567.0,3.9,71.0,2.9
2026-03-04 08:00:00,2026,3,4,8,Cao Bằng,Xã Tam Kim,22.606427,106.0179879,58,Moderate,1,16.7,61,0.0,3.6,127,983.0,47,8.2,8.4,518.0,3.3,76.0,2.8
2026-03-04 09:00:00,2026,3,4,9,Cao Bằng,Xã Tam Kim,22.606427,106.0179879,57,Moderate,1,18.0,57,0.0,2.0,135,983.1,30,6.8,7.0,447.0,2.6,83.0,2.6
2026-03-04 10:00:00,2026,3,4,10,Cao Bằng,Xã Tam Kim,22.606427,106.0179879,55,Moderate,1,19.4,54,0.0,1.5,166,983.0,41,5.8,6.0,393.0,1.9,90.0,2.4
2026-03-04 11:00:00,2026,3,4,11,Cao Bằng,Xã Tam Kim,22.606427,106.0179879,54,Moderate,1,20.7,54,0.0,1.6,207,982.4,23,5.5,5.7,376.0,1.5,99.0,2.2
2026-03-04 12:00:00,2026,3,4,12,Cao Bằng,Xã Tam Kim,22.606427,106.0179879,53,Moderate,1,22.3,48,0.0,1.7,167,980.8,16,5.8,6.1,376.0,1.2,108.0,1.9
2026-03-04 13:00:00,2026,3,4,13,Cao Bằng,Xã Tam Kim,22.606427,106.0179879,52,Moderate,1,22.1,48,0.0,2.7,222,979.3,22,6.8,7.2,378.0,1.1,115.0,1.7
2026-03-04 14:00:00,2026,3,4,14,Cao Bằng,Xã Tam Kim,22.606427,106.0179879,51,Moderate,1,22.7,47,0.0,1.0,149,978.0,73,8.5,9.2,376.0,0.9,117.0,1.4
2026-03-04 15:00:00,2026,3,4,15,Cao Bằng,Xã Tam Kim,22.606427,106.0179879,51,Moderate,1,23.3,46,0.0,3.5,125,976.9,91,10.3,11.4,376.0,0.9,117.0,1.2
2026-03-04 16:00:00,2026,3,4,16,Cao Bằng,Xã Tam Kim,22.606427,106.0179879,51,Moderate,1,23.2,48,0.0,7.7,141,976.4,99,12.1,13.3,380.0,1.8,113.0,1.2
2026-03-04 17:00:00,2026,3,4,17,Cao Bằng,Xã Tam Kim,22.606427,106.0179879,50,Good,0,21.8,52,0.0,10.8,137,976.8,63,13.9,15.1,392.0,4.3,104.0,1.6
2026-03-04 18:00:00,2026,3,4,18,Cao Bằng,Xã Tam Kim,22.606427,106.0179879,50,Good,0,20.0,59,0.0,5.5,128,977.0,16,15.7,16.6,408.0,7.7,91.0,2.2
2026-03-04 19:00:00,2026,3,4,19,Cao Bằng,Xã Tam Kim,22.606427,106.0179879,51,Moderate,1,18.7,64,0.0,9.0,158,977.2,46,17.9,18.5,419.0,8.1,78.0,2.2
2026-03-04 20:00:00,2026,3,4,20,Cao Bằng,Xã Tam Kim,22.606427,106.0179879,50,Good,0,17.9,69,0.0,4.0,144,978.0,59,17.3,17.9,419.0,8.4,74.0,2.4
2026-03-04 21:00:00,2026,3,4,21,Cao Bằng,Xã Tam Kim,22.606427,106.0179879,49,Good,0,17.0,72,0.0,2.9,150,978.7,31,17.1,17.5,415.0,8.8,69.0,2.7
2026-03-04 22:00:00,2026,3,4,22,Cao Bằng,Xã Tam Kim,22.606427,106.0179879,49,Good,0,16.0,76,0.0,4.6,159,979.3,9,17.1,17.6,414.0,9.1,65.0,2.9
2026-03-04 23:00:00,2026,3,4,23,Cao Bằng,Xã Tam Kim,22.606427,106.0179879,49,Good,0,15.0,80,0.0,3.9,158,979.7,13,17.6,18.0,423.0,9.2,62.0,3.1
2026-03-05 00:00:00,2026,3,5,0,Cao Bằng,Xã Tam Kim,22.606427,106.0179879,49,Good,0,14.3,83,0.0,2.6,168,979.9,5,18.1,18.6,436.0,9.1,60.0,3.2
2026-03-05 01:00:00,2026,3,5,1,Cao Bằng,Xã Tam Kim,22.606427,106.0179879,49,Good,0,14.1,83,0.0,0.5,225,979.3,2,19.0,19.4,441.0,8.9,59.0,3.4
2026-03-05 02:00:00,2026,3,5,2,Cao Bằng,Xã Tam Kim,22.606427,106.0179879,50,Good,0,14.0,84,0.0,0.2,270,979.0,2,20.5,21.0,425.0,8.3,59.0,3.6
2026-03-05 03:00:00,2026,3,5,3,Cao Bằng,Xã Tam Kim,22.606427,106.0179879,51,Moderate,1,13.6,85,0.0,1.3,188,978.9,2,21.9,22.4,402.0,7.6,60.0,3.9
2026-03-05 04:00:00,2026,3,5,4,Cao Bằng,Xã Tam Kim,22.606427,106.0179879,51,Moderate,1,13.3,87,0.0,2.9,176,978.8,5,23.3,23.9,395.0,7.2,60.0,4.2
2026-03-05 05:00:00,2026,3,5,5,Cao Bằng,Xã Tam Kim,22.606427,106.0179879,53,Moderate,1,12.8,88,0.0,2.8,191,979.0,5,24.8,25.4,427.0,7.5,58.0,4.4
2026-03-05 06:00:00,2026,3,5,6,Cao Bằng,Xã Tam Kim,22.606427,106.0179879,54,Moderate,1,12.2,88,0.0,2.8,198,979.6,5,26.1,26.8,475.0,8.2,55.0,4.6
2026-03-05 07:00:00,2026,3,5,7,Cao Bằng,Xã Tam Kim,22.606427,106.0179879,56,Moderate,1,13.1,87,0.0,4.0,185,980.4,13,29.5,30.3,503.0,5.9,69.0,6.2
2026-03-05 08:00:00,2026,3,5,8,Cao Bằng,Xã Tam Kim,22.606427,106.0179879,57,Moderate,1,15.3,74,0.0,2.4,153,981.1,16,32.5,33.4,488.0,5.4,74.0,8.0
2026-03-05 09:00:00,2026,3,5,9,Cao Bằng,Xã Tam Kim,22.606427,106.0179879,59,Moderate,1,17.1,67,0.0,3.3,119,981.6,12,34.5,35.5,451.0,4.7,81.0,10.4
2026-03-05 10:00:00,2026,3,5,10,Cao Bằng,Xã Tam Kim,22.606427,106.0179879,62,Moderate,1,19.5,60,0.0,3.6,123,981.6,91,35.5,36.4,421.0,4.0,88.0,11.8
2026-03-05 11:00:00,2026,3,5,11,Cao Bằng,Xã Tam Kim,22.606427,106.0179879,64,Moderate,1,21.6,55,0.0,3.5,125,981.0,100,36.4,37.4,408.0,3.2,96.0,11.3
2026-03-05 12:00:00,2026,3,5,12,Cao Bằng,Xã Tam Kim,22.606427,106.0179879,67,Moderate,1,22.6,55,0.0,4.4,102,979.8,100,37.1,38.5,403.0,2.4,105.0,9.8
2026-03-05 13:00:00,2026,3,5,13,Cao Bằng,Xã Tam Kim,22.606427,106.0179879,70,Moderate,1,22.2,53,0.0,3.3,68,979.7,100,39.2,40.9,399.0,1.8,111.0,8.3
2026-03-05 14:00:00,2026,3,5,14,Cao Bằng,Xã Tam Kim,22.606427,106.0179879,73,Moderate,1,22.4,53,0.0,5.2,110,978.7,86,41.7,43.2,395.0,1.5,115.0,7.0
2026-03-05 15:00:00,2026,3,5,15,Cao Bằng,Xã Tam Kim,22.606427,106.0179879,76,Moderate,1,22.6,53,0.0,6.9,127,978.1,62,43.7,45.3,393.0,1.5,117.0,5.7
2026-03-05 16:00:00,2026,3,5,16,Cao Bằng,Xã Tam Kim,22.606427,106.0179879,79,Moderate,1,22.3,54,0.0,7.1,131,977.8,57,44.2,46.0,398.0,2.2,115.0,5.0
2026-03-05 17:00:00,2026,3,5,17,Cao Bằng,Xã Tam Kim,22.606427,106.0179879,82,Moderate,1,21.8,58,0.0,5.2,134,978.1,100,44.7,46.3,417.0,4.1,108.0,5.5
2026-03-05 18:00:00,2026,3,5,18,Cao Bằng,Xã Tam Kim,22.606427,106.0179879,84,Moderate,1,20.2,67,0.0,3.4,148,978.7,100,44.6,46.0,443.0,6.6,99.0,6.7
2026-03-05 19:00:00,2026,3,5,19,Cao Bằng,Xã Tam Kim,22.606427,106.0179879,87,Moderate,1,18.7,71,0.0,3.8,139,979.5,29,49.5,50.5,460.0,7.3,88.0,9.3
2026-03-05 20:00:00,2026,3,5,20,Cao Bằng,Xã Tam Kim,22.606427,106.0179879,90,Moderate,1,18.6,72,0.0,2.5,184,980.4,98,50.6,51.8,460.0,7.7,83.0,9.2
2026-03-05 21:00:00,2026,3,5,21,Cao Bằng,Xã Tam Kim,22.606427,106.0179879,93,Moderate,1,17.9,75,0.0,2.0,260,981.3,99,50.9,52.0,450.0,8.2,75.0,8.9
2026-03-05 22:00:00,2026,3,5,22,Cao Bằng,Xã Tam Kim,22.606427,106.0179879,96,Moderate,1,17.6,77,0.0,2.9,277,981.8,100,50.8,52.0,439.0,9.1,67.0,8.5
2026-03-05 23:00:00,2026,3,5,23,Cao Bằng,Xã Tam Kim,22.606427,106.0179879,99,Moderate,1,17.8,76,0.0,3.5,282,981.7,100,51.0,52.2,428.0,10.5,57.0,7.7
2026-03-06 00:00:00,2026,3,6,0,Cao Bằng,Xã Tam Kim,22.606427,106.0179879,102,Unhealthy for Sensitive Groups,2,17.5,77,0.0,5.3,298,981.8,100,51.1,52.4,415.0,12.2,46.0,6.6
2026-03-06 01:00:00,2026,3,6,1,Cao Bằng,Xã Tam Kim,22.606427,106.0179879,105,Unhealthy for Sensitive Groups,2,18.2,75,0.0,2.3,302,981.9,100,50.8,52.0,404.0,13.4,37.0,5.7
2026-03-06 02:00:00,2026,3,6,2,Cao Bằng,Xã Tam Kim,22.606427,106.0179879,109,Unhealthy for Sensitive Groups,2,17.9,76,0.0,2.6,295,981.3,100,50.8,52.2,393.0,13.6,31.0,4.9
2026-03-06 03:00:00,2026,3,6,3,Cao Bằng,Xã Tam Kim,22.606427,106.0179879,112,Unhealthy for Sensitive Groups,2,17.6,78,0.0,3.1,280,980.8,100,50.4,51.7,384.0,13.3,28.0,4.3
2026-03-06 04:00:00,2026,3,6,4,Cao Bằng,Xã Tam Kim,22.606427,106.0179879,115,Unhealthy for Sensitive Groups,2,17.5,77,0.0,5.1,278,980.6,100,48.4,49.7,385.0,12.9,26.0,3.9
2026-03-06 05:00:00,2026,3,6,5,Cao Bằng,Xã Tam Kim,22.606427,106.0179879,117,Unhealthy for Sensitive Groups,2,17.4,80,0.0,3.0,284,980.9,100,46.6,47.7,405.0,13.0,23.0,3.8
2026-03-06 06:00:00,2026,3,6,6,Cao Bằng,Xã Tam Kim,22.606427,106.0179879,120,Unhealthy for Sensitive Groups,2,17.4,81,0.0,2.3,293,981.8,100,45.5,46.7,435.0,13.1,22.0,3.9
2026-03-06 07:00:00,2026,3,6,7,Cao Bằng,Xã Tam Kim,22.606427,106.0179879,122,Unhealthy for Sensitive Groups,2,17.6,79,0.0,2.4,193,982.5,100,47.8,49.5,451.0,9.7,42.0,6.3
2026-03-06 08:00:00,2026,3,6,8,Cao Bằng,Xã Tam Kim,22.606427,106.0179879,124,Unhealthy for Sensitive Groups,2,18.4,75,0.0,3.5,215,983.3,93,44.2,46.1,440.0,7.6,61.0,6.6
2026-03-06 09:00:00,2026,3,6,9,Cao Bằng,Xã Tam Kim,22.606427,106.0179879,125,Unhealthy for Sensitive Groups,2,19.7,63,0.0,3.6,177,983.5,9,37.3,38.9,415.0,4.6,88.0,7.0
2026-03-06 10:00:00,2026,3,6,10,Cao Bằng,Xã Tam Kim,22.606427,106.0179879,125,Unhealthy for Sensitive Groups,2,21.4,59,0.0,3.3,131,983.2,6,34.7,36.2,394.0,2.4,108.0,6.9
2026-03-06 11:00:00,2026,3,6,11,Cao Bằng,Xã Tam Kim,22.606427,106.0179879,125,Unhealthy for Sensitive Groups,2,22.8,52,0.0,3.8,139,982.5,10,33.3,34.8,384.0,1.7,114.0,5.7
2026-03-06 12:00:00,2026,3,6,12,Cao Bằng,Xã Tam Kim,22.606427,106.0179879,125,Unhealthy for Sensitive Groups,2,24.1,51,0.0,4.2,137,981.2,100,32.6,34.0,379.0,1.8,114.0,3.9
2026-03-06 13:00:00,2026,3,6,13,Cao Bằng,Xã Tam Kim,22.606427,106.0179879,124,Unhealthy for Sensitive Groups,2,24.3,48,0.0,5.8,146,979.7,100,34.1,35.5,375.0,2.0,113.0,2.6
2026-03-06 14:00:00,2026,3,6,14,Cao Bằng,Xã Tam Kim,22.606427,106.0179879,124,Unhealthy for Sensitive Groups,2,24.2,50,0.0,9.4,149,978.6,100,35.2,36.6,367.0,1.8,114.0,2.2
2026-03-06 15:00:00,2026,3,6,15,Cao Bằng,Xã Tam Kim,22.606427,106.0179879,123,Unhealthy for Sensitive Groups,2,24.8,48,0.0,8.9,161,977.8,100,35.3,36.6,360.0,1.6,115.0,2.3
2026-03-06 16:00:00,2026,3,6,16,Cao Bằng,Xã Tam Kim,22.606427,106.0179879,122,Unhealthy for Sensitive Groups,2,24.6,50,0.0,8.0,144,977.6,100,35.2,36.3,371.0,2.3,113.0,2.6
2026-03-06 17:00:00,2026,3,6,17,Cao Bằng,Xã Tam Kim,22.606427,106.0179879,121,Unhealthy for Sensitive Groups,2,23.5,56,0.0,7.0,122,977.2,88,35.2,36.2,419.0,4.6,105.0,3.2
2026-03-06 18:00:00,2026,3,6,18,Cao Bằng,Xã Tam Kim,22.606427,106.0179879,120,Unhealthy for Sensitive Groups,2,21.3,70,0.0,4.8,138,977.3,87,35.7,36.7,486.0,7.7,94.0,4.1
2026-03-06 19:00:00,2026,3,6,19,Cao Bằng,Xã Tam Kim,22.606427,106.0179879,119,Unhealthy for Sensitive Groups,2,19.5,75,0.0,4.5,178,978.0,43,52.0,53.0,526.0,9.2,89.0,4.5
2026-03-06 20:00:00,2026,3,6,20,Cao Bằng,Xã Tam Kim,22.606427,106.0179879,120,Unhealthy for Sensitive Groups,2,18.5,80,0.0,4.6,191,978.3,23,52.9,53.9,513.0,10.1,83.0,4.8
2026-03-06 21:00:00,2026,3,6,21,Cao Bằng,Xã Tam Kim,22.606427,106.0179879,120,Unhealthy for Sensitive Groups,2,17.7,86,0.0,2.6,219,979.7,32,52.0,52.9,474.0,11.3,74.0,5.3
2026-03-06 22:00:00,2026,3,6,22,Cao Bằng,Xã Tam Kim,22.606427,106.0179879,120,Unhealthy for Sensitive Groups,2,16.8,88,0.0,2.7,203,980.0,23,52.2,53.1,449.0,12.0,67.0,5.8
2026-03-06 23:00:00,2026,3,6,23,Cao Bằng,Xã Tam Kim,22.606427,106.0179879,120,Unhealthy for Sensitive Groups,2,16.5,89,0.0,0.9,270,980.2,89,50.4,51.2,457.0,11.7,65.0,6.2
2026-03-07 00:00:00,2026,3,7,0,Cao Bằng,Xã Tam Kim,22.606427,106.0179879,120,Unhealthy for Sensitive Groups,2,16.2,89,0.0,1.3,236,980.6,91,52.3,53.1,479.0,10.9,65.0,6.5
2026-03-07 01:00:00,2026,3,7,1,Cao Bằng,Xã Tam Kim,22.606427,106.0179879,120,Unhealthy for Sensitive Groups,2,16.8,87,0.0,1.0,211,980.4,95,53.9,54.7,497.0,10.0,66.0,7.0
2026-03-07 02:00:00,2026,3,7,2,Cao Bằng,Xã Tam Kim,22.606427,106.0179879,120,Unhealthy for Sensitive Groups,2,17.9,86,0.0,1.3,106,980.4,100,53.0,53.7,501.0,9.0,67.0,7.9
2026-03-07 03:00:00,2026,3,7,3,Cao Bằng,Xã Tam Kim,22.606427,106.0179879,121,Unhealthy for Sensitive Groups,2,18.0,85,0.0,0.7,166,980.1,100,51.9,52.6,500.0,7.9,69.0,8.9
2026-03-07 04:00:00,2026,3,7,4,Cao Bằng,Xã Tam Kim,22.606427,106.0179879,121,Unhealthy for Sensitive Groups,2,18.0,85,0.0,1.2,129,980.1,100,50.9,51.5,508.0,7.1,70.0,9.5
2026-03-07 05:00:00,2026,3,7,5,Cao Bằng,Xã Tam Kim,22.606427,106.0179879,121,Unhealthy for Sensitive Groups,2,17.9,86,0.0,0.6,72,980.5,100,49.5,50.1,540.0,7.0,68.0,9.3
2026-03-07 06:00:00,2026,3,7,6,Cao Bằng,Xã Tam Kim,22.606427,106.0179879,121,Unhealthy for Sensitive Groups,2,17.9,88,0.0,1.7,108,981.3,100,48.2,48.8,579.0,7.3,66.0,8.7
2026-03-07 07:00:00,2026,3,7,7,Cao Bằng,Xã Tam Kim,22.606427,106.0179879,122,Unhealthy for Sensitive Groups,2,18.2,89,0.0,3.9,137,981.8,100,51.2,51.8,594.0,7.6,65.0,10.3
2026-03-07 08:00:00,2026,3,7,8,Cao Bằng,Xã Tam Kim,22.606427,106.0179879,122,Unhealthy for Sensitive Groups,2,18.9,82,0.1,7.4,129,982.4,100,48.1,48.8,560.0,7.3,71.0,12.4
2026-03-07 09:00:00,2026,3,7,9,Cao Bằng,Xã Tam Kim,22.606427,106.0179879,122,Unhealthy for Sensitive Groups,2,18.5,86,0.3,7.8,119,982.8,100,48.4,49.1,501.0,7.0,79.0,15.2
2026-03-07 10:00:00,2026,3,7,10,Cao Bằng,Xã Tam Kim,22.606427,106.0179879,124,Unhealthy for Sensitive Groups,2,19.6,77,0.0,7.4,122,982.8,100,48.7,49.4,453.0,6.7,88.0,17.0
2026-03-07 11:00:00,2026,3,7,11,Cao Bằng,Xã Tam Kim,22.606427,106.0179879,125,Unhealthy for Sensitive Groups,2,21.4,68,0.0,7.5,153,982.2,100,47.7,48.4,431.0,6.6,96.0,16.9
2026-03-07 12:00:00,2026,3,7,12,Cao Bằng,Xã Tam Kim,22.606427,106.0179879,127,Unhealthy for Sensitive Groups,2,22.5,65,0.1,8.8,160,980.8,100,46.7,47.4,421.0,6.5,104.0,15.8
2026-03-07 13:00:00,2026,3,7,13,Cao Bằng,Xã Tam Kim,22.606427,106.0179879,128,Unhealthy for Sensitive Groups,2,22.9,60,0.0,10.9,189,980.1,100,45.6,46.2,417.0,6.3,111.0,14.3
2026-03-07 14:00:00,2026,3,7,14,Cao Bằng,Xã Tam Kim,22.606427,106.0179879,129,Unhealthy for Sensitive Groups,2,23.2,59,0.0,11.1,194,978.8,88,48.1,48.8,418.0,5.9,117.0,12.5
2026-03-07 15:00:00,2026,3,7,15,Cao Bằng,Xã Tam Kim,22.606427,106.0179879,131,Unhealthy for Sensitive Groups,2,23.8,58,0.0,13.9,182,977.8,97,48.4,49.2,424.0,5.4,123.0,10.3
2026-03-07 16:00:00,2026,3,7,16,Cao Bằng,Xã Tam Kim,22.606427,106.0179879,132,Unhealthy for Sensitive Groups,2,23.6,58,0.0,13.2,174,977.8,100,50.2,51.0,431.0,5.3,125.0,8.8
2026-03-07 17:00:00,2026,3,7,17,Cao Bằng,Xã Tam Kim,22.606427,106.0179879,133,Unhealthy for Sensitive Groups,2,22.8,63,0.0,9.2,173,978.2,100,47.0,47.7,441.0,6.0,123.0,8.4
2026-03-07 18:00:00,2026,3,7,18,Cao Bằng,Xã Tam Kim,22.606427,106.0179879,135,Unhealthy for Sensitive Groups,2,21.6,69,0.0,7.7,177,978.5,100,47.3,48.1,453.0,7.2,118.0,8.6
2026-03-07 19:00:00,2026,3,7,19,Cao Bằng,Xã Tam Kim,22.606427,106.0179879,136,Unhealthy for Sensitive Groups,2,20.6,75,0.0,5.9,157,979.5,100,66.6,67.8,457.0,11.8,91.0,10.6
2026-03-07 20:00:00,2026,3,7,20,Cao Bằng,Xã Tam Kim,22.606427,106.0179879,137,Unhealthy for Sensitive Groups,2,20.2,78,0.0,4.7,148,980.4,100,64.3,65.4,450.0,11.6,88.0,11.2
2026-03-07 21:00:00,2026,3,7,21,Cao Bằng,Xã Tam Kim,22.606427,106.0179879,139,Unhealthy for Sensitive Groups,2,19.8,80,0.0,5.6,149,980.9,77,61.5,62.6,436.0,11.3,83.0,12.1
2026-03-07 22:00:00,2026,3,7,22,Cao Bằng,Xã Tam Kim,22.606427,106.0179879,140,Unhealthy for Sensitive Groups,2,19.2,83,0.0,5.2,168,981.4,86,57.6,58.8,418.0,10.8,80.0,13.1
2026-03-07 23:00:00,2026,3,7,23,Cao Bằng,Xã Tam Kim,22.606427,106.0179879,140,Unhealthy for Sensitive Groups,2,19.1,85,0.0,3.6,153,981.6,100,52.7,53.9,393.0,10.0,80.0,14.2
2026-03-08 00:00:00,2026,3,8,0,Cao Bằng,Xã Tam Kim,22.606427,106.0179879,140,Unhealthy for Sensitive Groups,2,18.8,86,0.0,4.6,121,981.8,100,47.5,48.8,365.0,8.9,81.0,15.3
2026-03-08 01:00:00,2026,3,8,1,Cao Bằng,Xã Tam Kim,22.606427,106.0179879,140,Unhealthy for Sensitive Groups,2,19.3,84,0.0,4.1,146,981.5,100,43.7,45.2,342.0,8.1,81.0,16.0
2026-03-08 02:00:00,2026,3,8,2,Cao Bằng,Xã Tam Kim,22.606427,106.0179879,139,Unhealthy for Sensitive Groups,2,19.2,81,0.0,4.1,135,981.0,94,41.2,42.8,328.0,7.7,78.0,15.8
2026-03-08 03:00:00,2026,3,8,3,Cao Bằng,Xã Tam Kim,22.606427,106.0179879,138,Unhealthy for Sensitive Groups,2,19.0,82,0.0,3.2,117,980.7,92,39.0,40.9,319.0,7.5,73.0,15.2
2026-03-08 04:00:00,2026,3,8,4,Cao Bằng,Xã Tam Kim,22.606427,106.0179879,136,Unhealthy for Sensitive Groups,2,18.4,83,0.0,5.1,117,980.4,88,37.1,39.1,321.0,7.4,69.0,14.7
2026-03-08 05:00:00,2026,3,8,5,Cao Bằng,Xã Tam Kim,22.606427,106.0179879,135,Unhealthy for Sensitive Groups,2,18.0,85,0.0,5.9,113,980.9,100,36.2,38.4,342.0,7.6,67.0,14.8
2026-03-08 06:00:00,2026,3,8,6,Cao Bằng,Xã Tam Kim,22.606427,106.0179879,133,Unhealthy for Sensitive Groups,2,18.3,85,0.0,5.5,107,981.4,100,36.1,38.4,373.0,7.9,67.0,15.1
2026-03-08 07:00:00,2026,3,8,7,Cao Bằng,Xã Tam Kim,22.606427,106.0179879,132,Unhealthy for Sensitive Groups,2,18.1,95,0.0,2.4,103,981.7,100,36.9,40.5,390.0,7.2,75.0,14.1
2026-03-08 08:00:00,2026,3,8,8,Cao Bằng,Xã Tam Kim,22.606427,106.0179879,131,Unhealthy for Sensitive Groups,2,18.7,94,0.0,3.8,101,982.1,100,33.8,36.9,377.0,7.2,75.0,13.0
2026-03-08 09:00:00,2026,3,8,9,Cao Bằng,Xã Tam Kim,22.606427,106.0179879,129,Unhealthy for Sensitive Groups,2,19.1,91,0.1,8.9,140,982.4,100,27.8,30.0,349.0,7.3,75.0,11.4
2026-03-08 10:00:00,2026,3,8,10,Cao Bằng,Xã Tam Kim,22.606427,106.0179879,127,Unhealthy for Sensitive Groups,2,20.2,82,0.2,10.3,153,982.5,100,24.1,25.7,327.0,7.3,75.0,10.2
2026-03-08 11:00:00,2026,3,8,11,Cao Bằng,Xã Tam Kim,22.606427,106.0179879,124,Unhealthy for Sensitive Groups,2,21.0,78,0.1,9.6,159,981.8,100,23.1,24.2,317.0,7.2,76.0,9.6
2026-03-08 12:00:00,2026,3,8,12,Cao Bằng,Xã Tam Kim,22.606427,106.0179879,122,Unhealthy for Sensitive Groups,2,22.5,72,0.2,6.1,156,980.7,100,23.2,24.2,313.0,7.0,78.0,9.2
2026-03-08 13:00:00,2026,3,8,13,Cao Bằng,Xã Tam Kim,22.606427,106.0179879,119,Unhealthy for Sensitive Groups,2,22.6,73,0.3,6.2,150,979.9,100,24.0,25.0,313.0,7.0,80.0,9.0
2026-03-08 14:00:00,2026,3,8,14,Cao Bằng,Xã Tam Kim,22.606427,106.0179879,117,Unhealthy for Sensitive Groups,2,21.5,86,0.6,7.0,125,979.1,100,25.7,26.5,317.0,7.2,83.0,8.9
2026-03-08 15:00:00,2026,3,8,15,Cao Bằng,Xã Tam Kim,22.606427,106.0179879,115,Unhealthy for Sensitive Groups,2,20.5,93,0.6,8.3,112,978.4,100,27.1,28.2,325.0,7.6,87.0,9.0
2026-03-08 16:00:00,2026,3,8,16,Cao Bằng,Xã Tam Kim,22.606427,106.0179879,113,Unhealthy for Sensitive Groups,2,20.1,94,0.2,10.1,102,978.2,100,29.0,30.0,337.0,8.3,88.0,9.1
2026-03-08 17:00:00,2026,3,8,17,Cao Bằng,Xã Tam Kim,22.606427,106.0179879,110,Unhealthy for Sensitive Groups,2,19.6,95,0.1,8.0,104,978.7,100,30.9,31.8,356.0,9.7,85.0,9.3
2026-03-08 18:00:00,2026,3,8,18,Cao Bằng,Xã Tam Kim,22.606427,106.0179879,109,Unhealthy for Sensitive Groups,2,19.2,97,0.3,3.9,112,979.1,100,32.7,33.6,378.0,11.3,79.0,9.5
2026-03-08 19:00:00,2026,3,8,19,Cao Bằng,Xã Tam Kim,22.606427,106.0179879,107,Unhealthy for Sensitive Groups,2,18.8,97,0.7,3.7,125,980.1,100,37.5,38.9,393.0,13.8,69.0,11.4
2026-03-08 20:00:00,2026,3,8,20,Cao Bằng,Xã Tam Kim,22.606427,106.0179879,104,Unhealthy for Sensitive Groups,2,18.9,96,0.3,2.8,130,980.8,100,36.3,37.6,397.0,13.4,66.0,11.1
2026-03-08 21:00:00,2026,3,8,21,Cao Bằng,Xã Tam Kim,22.606427,106.0179879,101,Unhealthy for Sensitive Groups,2,19.2,93,0.7,0.9,191,981.7,100,35.2,36.3,394.0,12.7,62.0,10.6
2026-03-08 22:00:00,2026,3,8,22,Cao Bằng,Xã Tam Kim,22.606427,106.0179879,99,Moderate,1,18.9,96,0.8,3.1,211,982.2,100,34.1,35.2,384.0,12.0,59.0,9.9
2026-03-08 23:00:00,2026,3,8,23,Cao Bằng,Xã Tam Kim,22.606427,106.0179879,97,Moderate,1,19.0,95,0.5,2.4,197,982.5,100,30.6,31.7,363.0,11.3,57.0,8.9
2026-03-09 00:00:00,2026,3,9,0,Cao Bằng,Xã Tam Kim,22.606427,106.0179879,95,Moderate,1,18.9,95,0.8,3.1,130,982.8,100,27.0,27.9,336.0,10.5,55.0,7.6
2026-03-09 01:00:00,2026,3,9,1,Cao Bằng,Xã Tam Kim,22.606427,106.0179879,93,Moderate,1,18.9,93,0.9,2.8,135,982.5,100,24.0,25.0,312.0,9.6,54.0,6.5
2026-03-09 02:00:00,2026,3,9,2,Cao Bằng,Xã Tam Kim,22.606427,106.0179879,91,Moderate,1,18.7,97,0.8,3.2,93,982.2,100,21.9,22.9,294.0,8.6,54.0,5.6
2026-03-09 03:00:00,2026,3,9,3,Cao Bằng,Xã Tam Kim,22.606427,106.0179879,89,Moderate,1,18.7,95,0.8,2.4,103,982.1,100,22.6,23.8,281.0,7.5,54.0,4.9
2026-03-09 04:00:00,2026,3,9,4,Cao Bằng,Xã Tam Kim,22.606427,106.0179879,88,Moderate,1,18.5,96,0.7,2.8,125,981.9,100,22.1,23.3,276.0,6.8,54.0,4.5
2026-03-09 05:00:00,2026,3,9,5,Cao Bằng,Xã Tam Kim,22.606427,106.0179879,87,Moderate,1,18.5,96,0.1,2.7,113,982.6,100,24.5,26.0,279.0,6.8,53.0,4.4
2026-03-09 06:00:00,2026,3,9,6,Cao Bằng,Xã Tam Kim,22.606427,106.0179879,86,Moderate,1,18.5,95,0.1,1.8,114,983.3,100,27.9,29.5,291.0,7.2,53.0,4.7
2026-03-09 07:00:00,2026,3,9,7,Cao Bằng,Xã Tam Kim,22.606427,106.0179879,85,Moderate,1,18.3,93,1.6,3.5,102,984.7,100,20.5,21.3,318.0,7.1,58.0,5.0
2026-03-09 08:00:00,2026,3,9,8,Cao Bằng,Xã Tam Kim,22.606427,106.0179879,83,Moderate,1,17.5,97,4.0,8.4,31,985.9,100,14.1,14.3,374.0,6.0,63.0,4.5
2026-03-09 09:00:00,2026,3,9,9,Cao Bằng,Xã Tam Kim,22.606427,106.0179879,82,Moderate,1,17.1,96,2.0,7.8,312,987.6,100,8.0,8.0,445.0,4.4,69.0,3.7
2026-03-09 10:00:00,2026,3,9,10,Cao Bằng,Xã Tam Kim,22.606427,106.0179879,80,Moderate,1,17.1,92,0.4,9.6,322,988.3,100,3.4,3.4,493.0,3.2,75.0,3.2
2026-03-09 11:00:00,2026,3,9,11,Cao Bằng,Xã Tam Kim,22.606427,106.0179879,78,Moderate,1,17.6,74,0.1,10.5,343,988.3,100,1.9,1.9,493.0,2.7,80.0,3.0
2026-03-09 12:00:00,2026,3,9,12,Cao Bằng,Xã Tam Kim,22.606427,106.0179879,76,Moderate,1,18.6,58,0.0,12.6,358,987.9,100,1.9,1.9,470.0,2.5,85.0,3.0
2026-03-09 13:00:00,2026,3,9,13,Cao Bằng,Xã Tam Kim,22.606427,106.0179879,74,Moderate,1,18.1,57,0.0,13.2,2,987.8,100,2.2,2.2,457.0,2.5,89.0,3.1
2026-03-09 14:00:00,2026,3,9,14,Cao Bằng,Xã Tam Kim,22.606427,106.0179879,72,Moderate,1,19.4,50,0.0,14.1,5,986.9,100,2.5,2.5,472.0,2.5,91.0,3.4
2026-03-09 15:00:00,2026,3,9,15,Cao Bằng,Xã Tam Kim,22.606427,106.0179879,70,Moderate,1,19.0,54,0.0,11.7,350,986.5,99,2.6,2.7,497.0,2.6,92.0,3.9
2026-03-09 16:00:00,2026,3,9,16,Cao Bằng,Xã Tam Kim,22.606427,106.0179879,68,Moderate,1,18.6,57,0.0,10.3,349,986.7,100,3.1,3.2,516.0,2.8,92.0,4.2
2026-03-09 17:00:00,2026,3,9,17,Cao Bằng,Xã Tam Kim,22.606427,106.0179879,66,Moderate,1,18.2,55,0.0,8.2,9,987.1,100,3.7,3.8,521.0,3.1,92.0,4.3
2026-03-09 18:00:00,2026,3,9,18,Cao Bằng,Xã Tam Kim,22.606427,106.0179879,64,Moderate,1,17.4,58,0.0,8.1,13,987.3,100,4.2,4.4,519.0,3.5,92.0,4.2
2026-03-09 19:00:00,2026,3,9,19,Cao Bằng,Xã Tam Kim,22.606427,106.0179879,61,Moderate,1,17.1,59,0.0,9.5,15,988.1,96,9.7,9.8,518.0,3.7,92.0,3.9
2026-03-09 20:00:00,2026,3,9,20,Cao Bằng,Xã Tam Kim,22.606427,106.0179879,59,Moderate,1,17.0,59,0.0,6.9,17,988.5,97,9.3,9.5,521.0,3.5,93.0,3.7
2026-03-09 21:00:00,2026,3,9,21,Cao Bằng,Xã Tam Kim,22.606427,106.0179879,56,Moderate,1,16.1,67,0.0,4.7,32,988.9,68,8.7,8.8,525.0,3.3,94.0,3.4
2026-03-09 22:00:00,2026,3,9,22,Cao Bằng,Xã Tam Kim,22.606427,106.0179879,54,Moderate,1,15.5,67,0.0,4.7,47,989.5,47,7.9,8.1,526.0,3.1,95.0,3.2
2026-03-09 23:00:00,2026,3,9,23,Cao Bằng,Xã Tam Kim,22.606427,106.0179879,51,Moderate,1,15.1,69,0.0,4.2,83,989.5,17,7.3,7.4,520.0,3.0,95.0,3.0
2026-03-10 00:00:00,2026,3,10,0,Cao Bằng,Xã Tam Kim,22.606427,106.0179879,49,Good,0,14.3,73,0.0,3.6,90,989.6,10,6.8,6.9,510.0,3.0,93.0,2.9
2026-03-10 01:00:00,2026,3,10,1,Cao Bằng,Xã Tam Kim,22.606427,106.0179879,45,Good,0,14.6,72,0.0,7.0,35,989.1,15,6.6,6.7,502.0,3.1,90.0,2.8
2026-03-10 02:00:00,2026,3,10,2,Cao Bằng,Xã Tam Kim,22.606427,106.0179879,43,Good,0,13.9,74,0.0,4.5,37,988.8,13,6.6,6.7,495.0,3.4,84.0,2.7
2026-03-10 03:00:00,2026,3,10,3,Cao Bằng,Xã Tam Kim,22.606427,106.0179879,43,Good,0,13.2,76,0.0,3.1,59,988.1,13,6.8,6.9,490.0,3.9,77.0,2.5
2026-03-10 04:00:00,2026,3,10,4,Cao Bằng,Xã Tam Kim,22.606427,106.0179879,42,Good,0,12.6,81,0.0,1.5,111,987.7,24,7.2,7.3,491.0,4.7,69.0,2.5
2026-03-10 05:00:00,2026,3,10,5,Cao Bằng,Xã Tam Kim,22.606427,106.0179879,40,Good,0,12.2,82,0.0,0.6,124,988.0,16,7.7,7.8,506.0,6.4,58.0,2.7
2026-03-10 06:00:00,2026,3,10,6,Cao Bằng,Xã Tam Kim,22.606427,106.0179879,38,Good,0,11.5,85,0.0,0.9,127,988.0,3,8.6,8.7,526.0,8.5,48.0,2.9
2026-03-10 07:00:00,2026,3,10,7,Cao Bằng,Xã Tam Kim,22.606427,106.0179879,36,Good,0,11.8,87,0.0,1.0,301,988.8,2,3.2,3.3,533.0,6.6,60.0,2.8
2026-03-10 08:00:00,2026,3,10,8,Cao Bằng,Xã Tam Kim,22.606427,106.0179879,34,Good,0,14.5,74,0.0,2.4,132,989.5,88,4.7,4.8,513.0,5.1,72.0,2.7
2026-03-10 09:00:00,2026,3,10,9,Cao Bằng,Xã Tam Kim,22.606427,106.0179879,32,Good,0,16.4,59,0.0,2.4,73,989.5,6,5.7,5.9,479.0,3.1,90.0,2.6
2026-03-10 10:00:00,2026,3,10,10,Cao Bằng,Xã Tam Kim,22.606427,106.0179879,32,Good,0,18.2,52,0.0,1.9,73,989.1,0,6.1,6.3,452.0,1.5,104.0,2.5
2026-03-10 11:00:00,2026,3,10,11,Cao Bằng,Xã Tam Kim,22.606427,106.0179879,34,Good,0,19.5,52,0.0,0.7,90,987.8,0,6.3,6.5,440.0,0.9,112.0,2.4
2026-03-10 12:00:00,2026,3,10,12,Cao Bằng,Xã Tam Kim,22.606427,106.0179879,36,Good,0,21.0,45,0.0,1.5,120,986.0,0,6.6,6.7,435.0,0.9,116.0,2.3
2026-03-10 13:00:00,2026,3,10,13,Cao Bằng,Xã Tam Kim,22.606427,106.0179879,38,Good,0,19.2,49,0.0,10.6,235,985.0,22,6.9,7.0,432.0,0.9,119.0,2.2
2026-03-10 14:00:00,2026,3,10,14,Cao Bằng,Xã Tam Kim,22.606427,106.0179879,42,Good,0,21.8,43,0.0,1.8,156,983.4,74,7.1,7.4,426.0,0.7,123.0,2.0
2026-03-10 15:00:00,2026,3,10,15,Cao Bằng,Xã Tam Kim,22.606427,106.0179879,46,Good,0,23.2,40,0.0,7.8,142,982.3,39,7.4,7.7,422.0,0.6,126.0,1.9
2026-03-10 16:00:00,2026,3,10,16,Cao Bằng,Xã Tam Kim,22.606427,106.0179879,50,Good,0,22.8,41,0.0,11.5,149,982.0,10,7.8,8.2,425.0,1.3,124.0,1.9
2026-03-10 17:00:00,2026,3,10,17,Cao Bằng,Xã Tam Kim,22.606427,106.0179879,61,Moderate,1,21.7,47,0.0,8.8,125,981.7,19,8.3,8.7,439.0,3.7,115.0,2.3
2026-03-10 18:00:00,2026,3,10,18,Cao Bằng,Xã Tam Kim,22.606427,106.0179879,66,Moderate,1,18.2,57,0.0,7.2,143,982.0,4,10.0,10.4,460.0,6.9,101.0,2.9
2026-03-10 19:00:00,2026,3,10,19,Cao Bằng,Xã Tam Kim,22.606427,106.0179879,66,Moderate,1,16.1,67,0.0,7.1,186,983.3,16,5.5,5.5,479.0,7.7,84.0,2.5
2026-03-10 20:00:00,2026,3,10,20,Cao Bằng,Xã Tam Kim,22.606427,106.0179879,60,Moderate,1,15.3,72,0.0,5.6,197,983.9,22,6.6,6.7,497.0,8.2,78.0,2.7
2026-03-10 21:00:00,2026,3,10,21,Cao Bằng,Xã Tam Kim,22.606427,106.0179879,52,Moderate,1,14.7,75,0.0,3.6,186,984.2,21,7.9,7.9,512.0,9.0,69.0,3.1
2026-03-10 22:00:00,2026,3,10,22,Cao Bằng,Xã Tam Kim,22.606427,106.0179879,48,Good,0,14.0,79,0.0,4.0,185,984.6,19,9.3,9.3,516.0,9.9,62.0,3.4
2026-03-10 23:00:00,2026,3,10,23,Cao Bằng,Xã Tam Kim,22.606427,106.0179879,44,Good,0,13.5,81,0.0,2.8,195,984.5,17,10.7,10.8,499.0,11.1,56.0,3.6
2026-03-11 00:00:00,2026,3,11,0,Cao Bằng,Xã Tam Kim,22.606427,106.0179879,40,Good,0,13.1,81,0.0,1.5,210,984.4,12,11.9,12.0,470.0,12.4,52.0,3.8
2026-03-11 01:00:00,2026,3,11,1,Cao Bằng,Xã Tam Kim,22.606427,106.0179879,36,Good,0,12.7,83,0.0,0.5,180,984.3,9,13.4,13.6,444.0,13.3,49.0,4.0
2026-03-11 02:00:00,2026,3,11,2,Cao Bằng,Xã Tam Kim,22.606427,106.0179879,32,Good,0,12.3,86,0.0,2.0,170,983.6,47,14.8,15.0,421.0,13.4,48.0,4.1
2026-03-11 03:00:00,2026,3,11,3,Cao Bằng,Xã Tam Kim,22.606427,106.0179879,33,Good,0,12.7,87,0.0,1.8,186,983.5,61,16.0,16.2,401.0,13.1,49.0,4.2
2026-03-11 04:00:00,2026,3,11,4,Cao Bằng,Xã Tam Kim,22.606427,106.0179879,35,Good,0,12.7,85,0.0,0.9,233,983.3,36,17.1,17.3,400.0,12.6,51.0,4.4
2026-03-11 05:00:00,2026,3,11,5,Cao Bằng,Xã Tam Kim,22.606427,106.0179879,36,Good,0,12.2,86,0.0,0.2,270,983.3,5,18.2,18.5,434.0,12.4,51.0,4.5
2026-03-11 06:00:00,2026,3,11,6,Cao Bằng,Xã Tam Kim,22.606427,106.0179879,38,Good,0,11.8,87,0.0,0.0,270,983.3,2,19.3,19.6,486.0,12.1,52.0,4.7
2026-03-11 07:00:00,2026,3,11,7,Cao Bằng,Xã Tam Kim,22.606427,106.0179879,40,Good,0,12.6,82,0.0,0.7,166,984.0,11,19.8,20.2,521.0,6.3,71.0,5.4
2026-03-11 08:00:00,2026,3,11,8,Cao Bằng,Xã Tam Kim,22.606427,106.0179879,43,Good,0,14.5,75,0.0,2.6,78,984.8,69,20.7,21.2,520.0,5.3,79.0,7.6
2026-03-11 09:00:00,2026,3,11,9,Cao Bằng,Xã Tam Kim,22.606427,106.0179879,46,Good,0,16.0,71,0.0,3.8,82,985.1,69,20.3,20.7,501.0,3.8,90.0,10.6
2026-03-11 10:00:00,2026,3,11,10,Cao Bằng,Xã Tam Kim,22.606427,106.0179879,48,Good,0,18.6,59,0.0,3.1,69,984.7,100,20.9,21.3,485.0,2.7,99.0,12.2
2026-03-11 11:00:00,2026,3,11,11,Cao Bằng,Xã Tam Kim,22.606427,106.0179879,50,Good,0,19.6,56,0.0,5.3,55,983.9,100,23.3,23.9,479.0,2.1,105.0,11.0
2026-03-11 12:00:00,2026,3,11,12,Cao Bằng,Xã Tam Kim,22.606427,106.0179879,52,Moderate,1,20.4,57,0.0,6.8,50,982.8,83,25.7,26.4,475.0,1.9,111.0,8.3
2026-03-11 13:00:00,2026,3,11,13,Cao Bằng,Xã Tam Kim,22.606427,106.0179879,54,Moderate,1,20.1,54,0.0,4.8,56,982.2,94,28.1,28.9,473.0,1.8,114.0,6.0
2026-03-11 14:00:00,2026,3,11,14,Cao Bằng,Xã Tam Kim,22.606427,106.0179879,56,Moderate,1,20.4,54,0.0,2.3,72,980.7,86,30.3,31.2,468.0,1.5,117.0,4.5
2026-03-11 15:00:00,2026,3,11,15,Cao Bằng,Xã Tam Kim,22.606427,106.0179879,58,Moderate,1,21.7,51,0.0,1.4,90,979.7,95,32.4,33.4,463.0,1.4,118.0,3.3
2026-03-11 16:00:00,2026,3,11,16,Cao Bằng,Xã Tam Kim,22.606427,106.0179879,60,Moderate,1,21.9,51,0.0,2.9,137,979.3,100,34.2,35.4,473.0,2.3,115.0,2.6
2026-03-11 17:00:00,2026,3,11,17,Cao Bằng,Xã Tam Kim,22.606427,106.0179879,62,Moderate,1,21.1,56,0.0,2.7,184,979.3,100,36.0,37.0,513.0,4.8,106.0,2.6
2026-03-11 18:00:00,2026,3,11,18,Cao Bằng,Xã Tam Kim,22.606427,106.0179879,65,Moderate,1,18.9,66,0.0,1.8,270,979.3,100,37.8,38.9,566.0,8.2,93.0,3.1
2026-03-11 19:00:00,2026,3,11,19,Cao Bằng,Xã Tam Kim,22.606427,106.0179879,67,Moderate,1,19.4,66,0.0,3.4,180,980.1,100,26.5,26.9,596.0,8.6,89.0,3.7
2026-03-11 20:00:00,2026,3,11,20,Cao Bằng,Xã Tam Kim,22.606427,106.0179879,69,Moderate,1,18.6,68,0.0,4.2,168,981.0,100,26.8,27.1,580.0,10.0,81.0,4.0
2026-03-11 21:00:00,2026,3,11,21,Cao Bằng,Xã Tam Kim,22.606427,106.0179879,71,Moderate,1,18.2,72,0.0,4.1,218,981.9,100,27.6,28.0,540.0,11.9,71.0,4.4
2026-03-11 22:00:00,2026,3,11,22,Cao Bằng,Xã Tam Kim,22.606427,106.0179879,72,Moderate,1,18.0,75,0.0,1.1,261,982.4,100,29.3,29.7,505.0,13.8,62.0,4.7
2026-03-11 23:00:00,2026,3,11,23,Cao Bằng,Xã Tam Kim,22.606427,106.0179879,74,Moderate,1,17.8,76,0.0,0.5,315,982.2,98,30.7,31.1,486.0,15.5,57.0,5.0
2026-03-12 00:00:00,2026,3,12,0,Cao Bằng,Xã Tam Kim,22.606427,106.0179879,76,Moderate,1,16.6,78,0.0,0.3,225,982.1,100,31.8,32.1,473.0,17.2,55.0,5.2
2026-03-12 01:00:00,2026,3,12,1,Cao Bằng,Xã Tam Kim,22.606427,106.0179879,78,Moderate,1,16.8,78,0.0,0.2,270,982.1,100,33.1,33.5,463.0,18.4,51.0,5.3
2026-03-12 02:00:00,2026,3,12,2,Cao Bằng,Xã Tam Kim,22.606427,106.0179879,79,Moderate,1,15.7,82,0.0,0.2,180,981.6,100,34.0,34.3,451.0,18.8,45.0,5.0
2026-03-12 03:00:00,2026,3,12,3,Cao Bằng,Xã Tam Kim,22.606427,106.0179879,81,Moderate,1,15.4,84,0.0,1.3,236,981.5,100,34.3,34.8,442.0,18.7,39.0,4.5
2026-03-12 04:00:00,2026,3,12,4,Cao Bằng,Xã Tam Kim,22.606427,106.0179879,83,Moderate,1,15.1,84,0.0,3.1,263,981.9,95,34.5,34.9,446.0,18.4,34.0,4.2
2026-03-12 05:00:00,2026,3,12,5,Cao Bằng,Xã Tam Kim,22.606427,106.0179879,84,Moderate,1,14.6,83,0.0,1.4,320,982.2,89,34.2,34.7,477.0,18.5,28.0,4.2
2026-03-12 06:00:00,2026,3,12,6,Cao Bằng,Xã Tam Kim,22.606427,106.0179879,86,Moderate,1,14.3,84,0.0,1.6,297,982.9,99,34.3,34.7,521.0,18.3,24.0,4.4
2026-03-12 07:00:00,2026,3,12,7,Cao Bằng,Xã Tam Kim,22.606427,106.0179879,87,Moderate,1,15.0,84,0.0,2.6,282,983.8,53,20.5,20.7,548.0,15.1,27.0,3.7
2026-03-12 08:00:00,2026,3,12,8,Cao Bằng,Xã Tam Kim,22.606427,106.0179879,87,Moderate,1,17.2,75,0.0,3.9,283,984.7,97,19.6,19.9,540.0,11.1,54.0,4.0
2026-03-12 09:00:00,2026,3,12,9,Cao Bằng,Xã Tam Kim,22.606427,106.0179879,87,Moderate,1,19.9,62,0.0,2.3,247,985.3,86,16.7,17.0,516.0,5.6,91.0,4.4
2026-03-12 10:00:00,2026,3,12,10,Cao Bằng,Xã Tam Kim,22.606427,106.0179879,87,Moderate,1,21.6,58,0.0,3.1,69,985.3,100,10.4,10.8,500.0,1.5,118.0,4.6
2026-03-12 11:00:00,2026,3,12,11,Cao Bằng,Xã Tam Kim,22.606427,106.0179879,86,Moderate,1,23.3,47,0.0,5.1,72,984.5,98,8.1,8.8,506.0,0.4,126.0,4.4
2026-03-12 12:00:00,2026,3,12,12,Cao Bằng,Xã Tam Kim,22.606427,106.0179879,84,Moderate,1,23.8,46,0.0,4.7,74,983.1,100,7.7,8.8,520.0,0.8,126.0,3.9
2026-03-12 13:00:00,2026,3,12,13,Cao Bằng,Xã Tam Kim,22.606427,106.0179879,83,Moderate,1,23.8,41,0.0,4.0,122,982.2,62,7.9,9.4,523.0,1.2,124.0,3.6
2026-03-12 14:00:00,2026,3,12,14,Cao Bằng,Xã Tam Kim,22.606427,106.0179879,81,Moderate,1,24.9,38,0.0,6.6,111,981.0,100,8.2,10.0,504.0,1.0,126.0,3.4
2026-03-12 15:00:00,2026,3,12,15,Cao Bằng,Xã Tam Kim,22.606427,106.0179879,79,Moderate,1,24.5,39,0.0,6.9,129,980.3,87,8.6,10.5,474.0,0.8,127.0,3.3
2026-03-12 16:00:00,2026,3,12,16,Cao Bằng,Xã Tam Kim,22.606427,106.0179879,77,Moderate,1,24.1,39,0.0,5.9,149,980.0,100,9.0,11.1,449.0,1.6,125.0,3.5
2026-03-12 17:00:00,2026,3,12,17,Cao Bằng,Xã Tam Kim,22.606427,106.0179879,75,Moderate,1,22.6,46,0.0,9.3,188,979.5,15,9.5,11.5,435.0,4.3,116.0,4.1
2026-03-12 18:00:00,2026,3,12,18,Cao Bằng,Xã Tam Kim,22.606427,106.0179879,77,Moderate,1,20.0,53,0.0,7.9,210,979.5,12,11.3,13.0,426.0,7.9,103.0,4.8
2026-03-12 19:00:00,2026,3,12,19,Cao Bằng,Xã Tam Kim,22.606427,106.0179879,74,Moderate,1,18.4,63,0.0,6.2,221,980.7,93,21.8,24.0,418.0,11.7,89.0,5.1
2026-03-12 20:00:00,2026,3,12,20,Cao Bằng,Xã Tam Kim,22.606427,106.0179879,70,Moderate,1,18.0,66,0.0,2.1,211,981.3,22,23.1,25.3,410.0,12.3,86.0,5.4
2026-03-12 21:00:00,2026,3,12,21,Cao Bằng,Xã Tam Kim,22.606427,106.0179879,69,Moderate,1,17.0,70,0.0,1.8,225,981.8,4,23.6,25.7,404.0,13.1,81.0,5.9
2026-03-12 22:00:00,2026,3,12,22,Cao Bằng,Xã Tam Kim,22.606427,106.0179879,69,Moderate,1,16.3,70,0.0,2.6,282,982.7,15,24.4,26.7,397.0,14.0,77.0,6.2
2026-03-12 23:00:00,2026,3,12,23,Cao Bằng,Xã Tam Kim,22.606427,106.0179879,69,Moderate,1,15.7,71,0.0,2.9,281,983.2,20,26.3,28.6,390.0,14.9,74.0,6.4
2026-03-13 00:00:00,2026,3,13,0,Cao Bằng,Xã Tam Kim,22.606427,106.0179879,68,Moderate,1,15.3,72,0.0,2.5,278,983.5,24,27.8,30.2,384.0,15.8,72.0,6.5
2026-03-13 01:00:00,2026,3,13,1,Cao Bằng,Xã Tam Kim,22.606427,106.0179879,68,Moderate,1,14.9,75,0.0,2.2,222,983.5,26,28.5,31.0,376.0,16.3,69.0,6.4
2026-03-13 02:00:00,2026,3,13,2,Cao Bằng,Xã Tam Kim,22.606427,106.0179879,67,Moderate,1,14.7,75,0.0,2.4,243,983.1,20,28.8,31.3,362.0,15.8,65.0,6.0
2026-03-13 03:00:00,2026,3,13,3,Cao Bằng,Xã Tam Kim,22.606427,106.0179879,67,Moderate,1,14.6,75,0.0,1.3,270,983.0,6,29.0,31.5,347.0,14.9,61.0,5.5
2026-03-13 04:00:00,2026,3,13,4,Cao Bằng,Xã Tam Kim,22.606427,106.0179879,66,Moderate,1,14.0,77,0.0,1.8,281,982.5,4,29.3,32.0,347.0,14.5,59.0,5.2
2026-03-13 05:00:00,2026,3,13,5,Cao Bằng,Xã Tam Kim,22.606427,106.0179879,66,Moderate,1,13.6,78,0.0,4.0,270,983.0,14,30.0,32.7,379.0,15.7,57.0,5.6
2026-03-13 06:00:00,2026,3,13,6,Cao Bằng,Xã Tam Kim,22.606427,106.0179879,66,Moderate,1,13.7,77,0.0,3.0,287,983.6,23,30.7,33.6,427.0,17.4,57.0,6.3
2026-03-13 07:00:00,2026,3,13,7,Cao Bằng,Xã Tam Kim,22.606427,106.0179879,65,Moderate,1,15.5,75,0.0,4.2,263,984.4,95,34.9,38.1,454.0,15.8,66.0,5.7
2026-03-13 08:00:00,2026,3,13,8,Cao Bằng,Xã Tam Kim,22.606427,106.0179879,67,Moderate,1,17.0,67,0.0,1.5,353,985.5,47,27.5,30.3,440.0,11.5,83.0,4.7
2026-03-13 09:00:00,2026,3,13,9,Cao Bằng,Xã Tam Kim,22.606427,106.0179879,67,Moderate,1,19.5,57,0.0,2.2,351,986.3,52,22.8,26.1,405.0,5.6,107.0,3.4
2026-03-13 10:00:00,2026,3,13,10,Cao Bằng,Xã Tam Kim,22.606427,106.0179879,68,Moderate,1,21.4,50,0.0,1.7,49,986.2,23,24.3,28.0,375.0,1.3,125.0,2.6
2026-03-13 11:00:00,2026,3,13,11,Cao Bằng,Xã Tam Kim,22.606427,106.0179879,69,Moderate,1,23.0,46,0.0,6.1,130,985.4,85,20.1,22.8,356.0,0.2,132.0,2.6
2026-03-13 12:00:00,2026,3,13,12,Cao Bằng,Xã Tam Kim,22.606427,106.0179879,70,Moderate,1,23.7,43,0.0,8.7,142,983.9,30,19.2,21.9,340.0,0.8,134.0,3.2
2026-03-13 13:00:00,2026,3,13,13,Cao Bằng,Xã Tam Kim,22.606427,106.0179879,71,Moderate,1,23.5,40,0.0,9.5,161,983.2,63,19.7,22.1,333.0,1.4,136.0,3.8
2026-03-13 14:00:00,2026,3,13,14,Cao Bằng,Xã Tam Kim,22.606427,106.0179879,72,Moderate,1,23.7,39,0.0,8.8,165,981.9,100,21.1,23.3,336.0,1.3,140.0,4.3
2026-03-13 15:00:00,2026,3,13,15,Cao Bằng,Xã Tam Kim,22.606427,106.0179879,73,Moderate,1,23.7,40,0.0,9.1,170,981.1,100,23.1,25.1,347.0,1.4,144.0,5.0
2026-03-13 16:00:00,2026,3,13,16,Cao Bằng,Xã Tam Kim,22.606427,106.0179879,79,Moderate,1,23.1,44,0.0,5.2,155,981.0,95,25.3,27.2,361.0,2.2,144.0,6.0
2026-03-13 17:00:00,2026,3,13,17,Cao Bằng,Xã Tam Kim,22.606427,106.0179879,92,Moderate,1,22.1,51,0.0,4.8,103,980.5,94,27.4,29.0,380.0,4.7,136.0,7.5
2026-03-13 18:00:00,2026,3,13,18,Cao Bằng,Xã Tam Kim,22.606427,106.0179879,99,Moderate,1,20.5,57,0.0,4.2,121,980.5,96,29.8,31.2,402.0,7.9,123.0,9.4
2026-03-13 19:00:00,2026,3,13,19,Cao Bằng,Xã Tam Kim,22.606427,106.0179879,98,Moderate,1,19.9,60,0.0,4.1,182,981.7,100,44.7,47.5,422.0,14.6,108.0,14.3
2026-03-13 20:00:00,2026,3,13,20,Cao Bằng,Xã Tam Kim,22.606427,106.0179879,93,Moderate,1,18.9,65,0.0,6.4,198,982.5,99,48.4,51.3,444.0,15.6,103.0,14.8
2026-03-13 21:00:00,2026,3,13,21,Cao Bằng,Xã Tam Kim,22.606427,106.0179879,86,Moderate,1,18.3,70,0.0,4.6,191,983.3,100,51.5,54.4,464.0,16.8,96.0,15.5
2026-03-13 22:00:00,2026,3,13,22,Cao Bằng,Xã Tam Kim,22.606427,106.0179879,86,Moderate,1,18.1,69,0.0,7.6,168,983.8,89,52.4,55.1,466.0,17.4,90.0,16.1
2026-03-13 23:00:00,2026,3,13,23,Cao Bằng,Xã Tam Kim,22.606427,106.0179879,89,Moderate,1,16.9,72,0.0,5.4,184,983.7,23,53.2,55.8,438.0,16.6,88.0,16.4
2026-03-14 00:00:00,2026,3,14,0,Cao Bằng,Xã Tam Kim,22.606427,106.0179879,91,Moderate,1,15.5,79,0.0,3.1,183,983.4,46,54.9,57.3,393.0,15.1,87.0,16.6
2026-03-14 01:00:00,2026,3,14,1,Cao Bằng,Xã Tam Kim,22.606427,106.0179879,93,Moderate,1,14.7,85,0.0,2.3,212,983.1,27,57.6,59.8,354.0,13.9,85.0,16.8
2026-03-14 02:00:00,2026,3,14,2,Cao Bằng,Xã Tam Kim,22.606427,106.0179879,96,Moderate,1,14.2,88,0.0,1.5,210,982.2,24,60.1,62.2,327.0,13.5,82.0,17.0
2026-03-14 03:00:00,2026,3,14,3,Cao Bằng,Xã Tam Kim,22.606427,106.0179879,99,Moderate,1,13.5,91,0.0,1.2,231,982.0,23,62.2,64.3,308.0,13.4,78.0,17.2
2026-03-14 04:00:00,2026,3,14,4,Cao Bằng,Xã Tam Kim,22.606427,106.0179879,102,Unhealthy for Sensitive Groups,2,13.0,93,0.0,0.7,256,982.1,16,63.8,65.9,304.0,13.7,75.0,17.4
2026-03-14 05:00:00,2026,3,14,5,Cao Bằng,Xã Tam Kim,22.606427,106.0179879,105,Unhealthy for Sensitive Groups,2,12.6,93,0.0,0.9,270,982.2,12,65.4,67.3,333.0,15.1,70.0,17.8
2026-03-14 06:00:00,2026,3,14,6,Cao Bằng,Xã Tam Kim,22.606427,106.0179879,109,Unhealthy for Sensitive Groups,2,12.7,93,0.0,1.1,288,983.3,10,66.8,68.7,379.0,16.9,65.0,18.1
2026-03-14 07:00:00,2026,3,14,7,Cao Bằng,Xã Tam Kim,22.606427,106.0179879,113,Unhealthy for Sensitive Groups,2,14.1,88,0.0,1.6,243,984.1,36,59.8,61.5,400.0,16.5,59.0,15.6
2026-03-14 08:00:00,2026,3,14,8,Cao Bằng,Xã Tam Kim,22.606427,106.0179879,116,Unhealthy for Sensitive Groups,2,17.6,73,0.0,3.1,54,985.2,36,43.1,45.1,371.0,13.0,76.0,16.2
2026-03-14 09:00:00,2026,3,14,9,Cao Bằng,Xã Tam Kim,22.606427,106.0179879,117,Unhealthy for Sensitive Groups,2,19.9,65,0.0,4.0,100,985.6,100,29.9,32.4,318.0,8.2,100.0,16.9
2026-03-14 10:00:00,2026,3,14,10,Cao Bằng,Xã Tam Kim,22.606427,106.0179879,118,Unhealthy for Sensitive Groups,2,21.4,62,0.0,8.5,173,985.5,73,29.5,32.0,278.0,4.6,118.0,16.9
2026-03-14 11:00:00,2026,3,14,11,Cao Bằng,Xã Tam Kim,22.606427,106.0179879,118,Unhealthy for Sensitive Groups,2,22.2,60,0.2,12.0,162,984.9,95,31.0,33.6,266.0,3.5,124.0,15.7
2026-03-14 12:00:00,2026,3,14,12,Cao Bằng,Xã Tam Kim,22.606427,106.0179879,120,Unhealthy for Sensitive Groups,2,21.5,63,0.1,11.3,160,983.8,100,32.0,34.7,267.0,3.7,124.0,13.8
2026-03-14 13:00:00,2026,3,14,13,Cao Bằng,Xã Tam Kim,22.606427,106.0179879,121,Unhealthy for Sensitive Groups,2,21.8,57,0.0,11.6,175,983.7,100,29.5,31.8,269.0,4.0,123.0,12.0
2026-03-14 14:00:00,2026,3,14,14,Cao Bằng,Xã Tam Kim,22.606427,106.0179879,122,Unhealthy for Sensitive Groups,2,21.3,60,0.0,11.9,177,982.6,100,29.3,31.4,268.0,3.9,124.0,10.4
2026-03-14 15:00:00,2026,3,14,15,Cao Bằng,Xã Tam Kim,22.606427,106.0179879,123,Unhealthy for Sensitive Groups,2,21.8,58,0.0,10.1,177,981.7,98,27.7,29.5,268.0,3.8,125.0,8.8
2026-03-14 16:00:00,2026,3,14,16,Cao Bằng,Xã Tam Kim,22.606427,106.0179879,123,Unhealthy for Sensitive Groups,2,22.2,56,0.0,8.2,171,981.1,74,28.9,30.6,277.0,4.3,124.0,7.8
2026-03-14 17:00:00,2026,3,14,17,Cao Bằng,Xã Tam Kim,22.606427,106.0179879,124,Unhealthy for Sensitive Groups,2,21.8,59,0.0,7.6,155,980.8,100,29.2,30.5,303.0,5.7,118.0,7.6
2026-03-14 18:00:00,2026,3,14,18,Cao Bằng,Xã Tam Kim,22.606427,106.0179879,124,Unhealthy for Sensitive Groups,2,20.3,66,0.0,7.7,155,981.2,100,32.1,33.4,338.0,7.5,110.0,7.8
2026-03-14 19:00:00,2026,3,14,19,Cao Bằng,Xã Tam Kim,22.606427,106.0179879,124,Unhealthy for Sensitive Groups,2,19.1,75,0.0,7.0,159,982.5,96,32.9,35.0,362.0,8.6,101.0,10.6
2026-03-14 20:00:00,2026,3,14,20,Cao Bằng,Xã Tam Kim,22.606427,106.0179879,123,Unhealthy for Sensitive Groups,2,18.8,78,0.0,5.5,163,982.9,52,35.5,37.5,363.0,9.0,96.0,11.4
2026-03-14 21:00:00,2026,3,14,21,Cao Bằng,Xã Tam Kim,22.606427,106.0179879,121,Unhealthy for Sensitive Groups,2,17.5,85,0.0,4.1,180,983.5,44,36.9,38.8,353.0,9.6,88.0,12.5
2026-03-14 22:00:00,2026,3,14,22,Cao Bằng,Xã Tam Kim,22.606427,106.0179879,120,Unhealthy for Sensitive Groups,2,17.2,86,0.0,2.9,180,983.7,88,37.5,39.5,353.0,10.1,81.0,13.3
2026-03-14 23:00:00,2026,3,14,23,Cao Bằng,Xã Tam Kim,22.606427,106.0179879,118,Unhealthy for Sensitive Groups,2,17.6,86,0.0,2.3,129,983.4,100,38.6,40.6,379.0,10.4,75.0,13.6
2026-03-15 00:00:00,2026,3,15,0,Cao Bằng,Xã Tam Kim,22.606427,106.0179879,117,Unhealthy for Sensitive Groups,2,17.5,87,0.0,1.3,56,983.4,100,39.9,41.9,414.0,10.7,69.0,13.6
2026-03-15 01:00:00,2026,3,15,1,Cao Bằng,Xã Tam Kim,22.606427,106.0179879,115,Unhealthy for Sensitive Groups,2,18.1,86,0.0,1.3,106,983.1,100,40.3,42.3,430.0,10.8,63.0,13.4
2026-03-15 02:00:00,2026,3,15,2,Cao Bằng,Xã Tam Kim,22.606427,106.0179879,114,Unhealthy for Sensitive Groups,2,17.9,90,0.1,3.0,107,982.6,98,40.3,42.1,407.0,10.7,58.0,12.8
2026-03-15 03:00:00,2026,3,15,3,Cao Bằng,Xã Tam Kim,22.606427,106.0179879,111,Unhealthy for Sensitive Groups,2,17.7,90,0.0,2.7,118,982.3,99,40.2,42.0,365.0,10.4,53.0,12.1
2026-03-15 04:00:00,2026,3,15,4,Cao Bằng,Xã Tam Kim,22.606427,106.0179879,109,Unhealthy for Sensitive Groups,2,17.1,91,0.0,1.9,139,982.3,100,40.2,42.0,331.0,10.3,50.0,11.7
2026-03-15 05:00:00,2026,3,15,5,Cao Bằng,Xã Tam Kim,22.606427,106.0179879,107,Unhealthy for Sensitive Groups,2,17.4,91,0.0,2.5,120,982.8,100,41.3,43.2,318.0,10.7,47.0,12.0
2026-03-15 06:00:00,2026,3,15,6,Cao Bằng,Xã Tam Kim,22.606427,106.0179879,104,Unhealthy for Sensitive Groups,2,17.3,91,0.0,1.9,107,983.2,100,42.3,44.1,313.0,11.3,46.0,12.6
2026-03-15 07:00:00,2026,3,15,7,Cao Bằng,Xã Tam Kim,22.606427,106.0179879,102,Unhealthy for Sensitive Groups,2,18.0,90,0.0,2.3,113,983.6,100,51.9,55.1,306.0,11.6,49.0,12.8
2026-03-15 08:00:00,2026,3,15,8,Cao Bằng,Xã Tam Kim,22.606427,106.0179879,101,Unhealthy for Sensitive Groups,2,18.7,85,0.0,3.4,108,984.5,100,44.1,47.8,288.0,9.9,62.0,12.0
2026-03-15 09:00:00,2026,3,15,9,Cao Bằng,Xã Tam Kim,22.606427,106.0179879,101,Unhealthy for Sensitive Groups,2,19.5,79,0.0,5.2,136,985.3,100,34.0,37.3,268.0,7.4,81.0,10.9
2026-03-15 10:00:00,2026,3,15,10,Cao Bằng,Xã Tam Kim,22.606427,106.0179879,101,Unhealthy for Sensitive Groups,2,20.5,75,0.1,8.8,160,985.1,99,32.2,35.2,258.0,5.3,97.0,9.6
2026-03-15 11:00:00,2026,3,15,11,Cao Bằng,Xã Tam Kim,22.606427,106.0179879,102,Unhealthy for Sensitive Groups,2,21.9,70,0.2,7.8,172,984.1,95,31.9,34.7,268.0,3.9,107.0,8.0
2026-03-15 12:00:00,2026,3,15,12,Cao Bằng,Xã Tam Kim,22.606427,106.0179879,102,Unhealthy for Sensitive Groups,2,23.8,62,0.1,6.8,162,982.7,79,27.4,29.6,288.0,2.8,115.0,6.3
2026-03-15 13:00:00,2026,3,15,13,Cao Bằng,Xã Tam Kim,22.606427,106.0179879,101,Unhealthy for Sensitive Groups,2,25.3,50,0.8,8.9,186,982.2,36,23.9,25.7,302.0,2.1,121.0,4.9
2026-03-15 14:00:00,2026,3,15,14,Cao Bằng,Xã Tam Kim,22.606427,106.0179879,101,Unhealthy for Sensitive Groups,2,24.7,53,0.1,11.7,159,980.7,76,21.6,23.1,303.0,1.7,125.0,3.9
2026-03-15 15:00:00,2026,3,15,15,Cao Bằng,Xã Tam Kim,22.606427,106.0179879,100,Moderate,1,23.9,59,0.1,12.8,160,979.9,40,19.3,20.6,298.0,1.7,128.0,3.3
2026-03-15 16:00:00,2026,3,15,16,Cao Bằng,Xã Tam Kim,22.606427,106.0179879,99,Moderate,1,23.3,62,0.1,11.7,169,979.5,50,17.7,18.8,294.0,2.3,127.0,3.0
2026-03-15 17:00:00,2026,3,15,17,Cao Bằng,Xã Tam Kim,22.606427,106.0179879,98,Moderate,1,22.9,64,0.0,10.6,162,979.2,39,17.6,18.6,293.0,4.0,122.0,2.9
2026-03-15 18:00:00,2026,3,15,18,Cao Bằng,Xã Tam Kim,22.606427,106.0179879,97,Moderate,1,21.1,73,0.0,9.4,156,979.6,78,17.6,18.6,293.0,6.2,114.0,3.2
2026-03-15 19:00:00,2026,3,15,19,Cao Bằng,Xã Tam Kim,22.606427,106.0179879,96,Moderate,1,18.5,95,0.1,1.9,151,980.4,30,19.4,20.3,290.0,6.9,92.0,3.4
2026-03-15 20:00:00,2026,3,15,20,Cao Bằng,Xã Tam Kim,22.606427,106.0179879,95,Moderate,1,17.9,95,0.1,2.6,205,980.8,100,18.4,19.2,281.0,7.7,87.0,4.7
2026-03-15 21:00:00,2026,3,15,21,Cao Bằng,Xã Tam Kim,22.606427,106.0179879,93,Moderate,1,18.7,93,0.1,1.1,189,981.7,33,18.2,18.9,270.0,8.7,79.0,6.6
2026-03-15 22:00:00,2026,3,15,22,Cao Bằng,Xã Tam Kim,22.606427,106.0179879,91,Moderate,1,17.9,95,0.1,2.4,144,981.9,23,18.7,19.4,260.0,9.3,73.0,8.0
2026-03-15 23:00:00,2026,3,15,23,Cao Bằng,Xã Tam Kim,22.606427,106.0179879,90,Moderate,1,17.7,95,0.0,1.9,146,981.4,84,17.5,18.3,252.0,8.9,71.0,8.6
2026-03-16 00:00:00,2026,3,16,0,Cao Bằng,Xã Tam Kim,22.606427,106.0179879,88,Moderate,1,17.7,95,0.0,1.5,135,981.3,100,17.1,18.1,245.0,8.0,70.0,8.8
2026-03-16 01:00:00,2026,3,16,1,Cao Bằng,Xã Tam Kim,22.606427,106.0179879,86,Moderate,1,17.5,96,0.0,1.2,117,980.4,73,18.4,19.6,242.0,7.4,68.0,9.0
2026-03-16 02:00:00,2026,3,16,2,Cao Bằng,Xã Tam Kim,22.606427,106.0179879,84,Moderate,1,17.9,96,0.1,2.4,107,980.0,85,20.0,21.3,244.0,7.4,64.0,9.2
2026-03-16 03:00:00,2026,3,16,3,Cao Bằng,Xã Tam Kim,22.606427,106.0179879,82,Moderate,1,17.6,98,0.0,3.8,101,979.1,100,19.1,20.3,250.0,7.6,60.0,9.3
2026-03-16 04:00:00,2026,3,16,4,Cao Bằng,Xã Tam Kim,22.606427,106.0179879,80,Moderate,1,17.5,98,0.0,3.8,107,978.8,100,14.7,15.6,258.0,7.8,57.0,9.4
2026-03-16 05:00:00,2026,3,16,5,Cao Bằng,Xã Tam Kim,22.606427,106.0179879,78,Moderate,1,17.6,98,0.1,3.4,108,978.9,100,16.9,18.2,271.0,8.1,56.0,9.6
2026-03-16 06:00:00,2026,3,16,6,Cao Bằng,Xã Tam Kim,22.606427,106.0179879,76,Moderate,1,17.5,98,0.2,5.0,116,979.4,100,19.1,20.4,286.0,8.4,57.0,9.8
2026-03-16 07:00:00,2026,3,16,7,Cao Bằng,Xã Tam Kim,22.606427,106.0179879,74,Moderate,1,17.8,97,0.0,5.9,110,980.2,98,16.4,17.5,290.0,8.7,56.0,8.9
2026-03-16 08:00:00,2026,3,16,8,Cao Bằng,Xã Tam Kim,22.606427,106.0179879,71,Moderate,1,19.0,92,0.0,8.3,156,981.1,91,18.8,20.9,273.0,7.8,67.0,9.5
2026-03-16 09:00:00,2026,3,16,9,Cao Bằng,Xã Tam Kim,22.606427,106.0179879,68,Moderate,1,20.6,81,0.1,9.2,176,981.7,33,17.1,19.2,246.0,6.5,82.0,10.3
2026-03-16 10:00:00,2026,3,16,10,Cao Bằng,Xã Tam Kim,22.606427,106.0179879,67,Moderate,1,23.2,64,0.0,14.8,190,981.3,52,18.1,20.0,228.0,5.3,96.0,10.2
2026-03-16 11:00:00,2026,3,16,11,Cao Bằng,Xã Tam Kim,22.606427,106.0179879,66,Moderate,1,24.6,57,0.0,15.5,193,980.6,88,19.3,21.0,228.0,4.2,105.0,8.5
2026-03-16 12:00:00,2026,3,16,12,Cao Bằng,Xã Tam Kim,22.606427,106.0179879,65,Moderate,1,24.5,58,0.0,14.7,192,979.5,88,18.1,19.5,238.0,3.1,112.0,5.9
2026-03-16 13:00:00,2026,3,16,13,Cao Bằng,Xã Tam Kim,22.606427,106.0179879,64,Moderate,1,24.5,56,0.0,15.0,191,978.9,33,17.4,18.7,251.0,2.3,119.0,4.2
2026-03-16 14:00:00,2026,3,16,14,Cao Bằng,Xã Tam Kim,22.606427,106.0179879,63,Moderate,1,25.7,53,0.1,14.7,194,977.6,19,18.3,19.8,266.0,1.9,127.0,4.0
2026-03-16 15:00:00,2026,3,16,15,Cao Bằng,Xã Tam Kim,22.606427,106.0179879,63,Moderate,1,25.5,54,0.0,15.2,194,976.0,15,20.1,21.9,285.0,1.8,136.0,4.6
2026-03-16 16:00:00,2026,3,16,16,Cao Bằng,Xã Tam Kim,22.606427,106.0179879,63,Moderate,1,25.4,54,0.0,15.4,194,975.5,21,20.4,21.6,301.0,2.3,140.0,5.6
2026-03-16 17:00:00,2026,3,16,17,Cao Bằng,Xã Tam Kim,22.606427,106.0179879,63,Moderate,1,24.4,58,0.0,12.2,188,975.3,25,21.4,22.1,317.0,3.7,138.0,7.3
2026-03-16 18:00:00,2026,3,16,18,Cao Bằng,Xã Tam Kim,22.606427,106.0179879,74,Moderate,1,22.3,68,0.0,9.4,177,975.5,21,23.7,24.3,331.0,5.6,133.0,9.5
2026-03-16 19:00:00,2026,3,16,19,Cao Bằng,Xã Tam Kim,22.606427,106.0179879,81,Moderate,1,19.1,87,0.0,5.2,166,976.0,16,30.2,31.3,330.0,7.8,119.0,9.6
2026-03-16 20:00:00,2026,3,16,20,Cao Bằng,Xã Tam Kim,22.606427,106.0179879,84,Moderate,1,18.7,92,0.0,7.2,153,977.3,59,29.8,30.9,304.0,8.4,111.0,9.7
2026-03-16 21:00:00,2026,3,16,21,Cao Bằng,Xã Tam Kim,22.606427,106.0179879,84,Moderate,1,18.6,94,0.0,6.2,144,978.0,98,30.3,31.2,263.0,9.3,101.0,9.8
2026-03-16 22:00:00,2026,3,16,22,Cao Bằng,Xã Tam Kim,22.606427,106.0179879,80,Moderate,1,19.0,93,0.0,6.8,132,978.6,100,29.8,30.7,232.0,9.7,91.0,9.6
2026-03-16 23:00:00,2026,3,16,23,Cao Bằng,Xã Tam Kim,22.606427,106.0179879,73,Moderate,1,19.5,90,0.0,8.2,139,978.3,100,29.6,30.5,220.0,9.4,84.0,8.8
2026-03-17 00:00:00,2026,3,17,0,Cao Bằng,Xã Tam Kim,22.606427,106.0179879,69,Moderate,1,19.4,89,0.0,7.7,143,978.1,95,28.1,28.9,218.0,8.8,77.0,7.7
2026-03-17 01:00:00,2026,3,17,1,Cao Bằng,Xã Tam Kim,22.606427,106.0179879,70,Moderate,1,18.9,92,0.0,6.4,144,977.4,100,24.1,24.9,215.0,8.0,73.0,6.7
2026-03-17 02:00:00,2026,3,17,2,Cao Bằng,Xã Tam Kim,22.606427,106.0179879,71,Moderate,1,18.9,92,0.0,6.4,128,976.9,100,22.1,23.0,207.0,7.1,71.0,5.8
2026-03-17 03:00:00,2026,3,17,3,Cao Bằng,Xã Tam Kim,22.606427,106.0179879,71,Moderate,1,18.9,91,0.0,7.3,134,975.8,100,19.7,20.9,199.0,6.0,72.0,5.0
2026-03-17 04:00:00,2026,3,17,4,Cao Bằng,Xã Tam Kim,22.606427,106.0179879,71,Moderate,1,18.9,90,0.0,6.9,131,975.9,100,17.9,19.2,199.0,5.2,73.0,4.8
2026-03-17 05:00:00,2026,3,17,5,Cao Bằng,Xã Tam Kim,22.606427,106.0179879,71,Moderate,1,18.9,91,0.0,6.9,121,976.2,100,18.3,19.9,217.0,4.7,75.0,5.5
2026-03-17 06:00:00,2026,3,17,6,Cao Bằng,Xã Tam Kim,22.606427,106.0179879,71,Moderate,1,18.7,92,0.0,6.3,114,976.7,100,17.2,18.6,243.0,4.5,78.0,6.6
2026-03-17 07:00:00,2026,3,17,7,Cao Bằng,Xã Tam Kim,22.606427,106.0179879,71,Moderate,1,19.6,91,0.1,6.2,128,977.2,90,13.2,14.3,258.0,4.6,80.0,7.7
2026-03-17 08:00:00,2026,3,17,8,Cao Bằng,Xã Tam Kim,22.606427,106.0179879,71,Moderate,1,20.7,84,0.2,8.2,158,978.1,94,12.3,13.4,249.0,5.0,80.0,8.0
2026-03-17 09:00:00,2026,3,17,9,Cao Bằng,Xã Tam Kim,22.606427,106.0179879,70,Moderate,1,21.2,84,0.2,10.5,173,978.8,95,10.9,11.7,230.0,5.5,79.0,8.3
2026-03-17 10:00:00,2026,3,17,10,Cao Bằng,Xã Tam Kim,22.606427,106.0179879,70,Moderate,1,22.2,76,0.0,11.6,168,978.9,99,11.6,12.5,218.0,6.0,81.0,8.5
2026-03-17 11:00:00,2026,3,17,11,Cao Bằng,Xã Tam Kim,22.606427,106.0179879,69,Moderate,1,23.8,67,0.0,14.1,182,978.1,73,15.1,16.4,223.0,6.3,85.0,8.4
2026-03-17 12:00:00,2026,3,17,12,Cao Bằng,Xã Tam Kim,22.606427,106.0179879,69,Moderate,1,24.3,64,0.0,16.8,182,977.2,100,18.6,20.1,236.0,6.5,92.0,8.1
2026-03-17 13:00:00,2026,3,17,13,Cao Bằng,Xã Tam Kim,22.606427,106.0179879,69,Moderate,1,25.8,55,0.0,15.5,185,976.5,88,21.9,23.3,250.0,6.5,98.0,7.9
2026-03-17 14:00:00,2026,3,17,14,Cao Bằng,Xã Tam Kim,22.606427,106.0179879,69,Moderate,1,26.1,55,0.2,15.7,191,975.4,31,27.1,28.8,266.0,6.1,106.0,7.7
2026-03-17 15:00:00,2026,3,17,15,Cao Bằng,Xã Tam Kim,22.606427,106.0179879,70,Moderate,1,27.0,52,0.0,14.7,191,974.3,38,31.0,32.7,284.0,5.7,114.0,7.6
2026-03-17 16:00:00,2026,3,17,16,Cao Bằng,Xã Tam Kim,22.606427,106.0179879,71,Moderate,1,26.1,57,0.0,13.8,191,973.8,74,34.7,36.6,294.0,5.8,118.0,7.8
2026-03-17 17:00:00,2026,3,17,17,Cao Bằng,Xã Tam Kim,22.606427,106.0179879,72,Moderate,1,25.1,62,0.0,11.4,176,973.8,25,35.6,37.5,293.0,7.3,115.0,8.5
2026-03-17 18:00:00,2026,3,17,18,Cao Bằng,Xã Tam Kim,22.606427,106.0179879,73,Moderate,1,22.8,74,0.0,11.7,166,974.3,30,36.9,38.6,285.0,9.4,108.0,9.5
2026-03-17 19:00:00,2026,3,17,19,Cao Bằng,Xã Tam Kim,22.606427,106.0179879,75,Moderate,1,20.4,87,0.0,8.3,167,975.2,54,46.1,48.7,272.0,11.7,95.0,10.7
2026-03-17 20:00:00,2026,3,17,20,Cao Bằng,Xã Tam Kim,22.606427,106.0179879,76,Moderate,1,20.5,87,0.1,6.7,161,976.0,97,48.9,51.9,252.0,11.5,91.0,10.8
2026-03-17 21:00:00,2026,3,17,21,Cao Bằng,Xã Tam Kim,22.606427,106.0179879,78,Moderate,1,20.7,86,0.0,7.5,156,977.2,100,45.6,48.3,227.0,11.1,84.0,10.8
2026-03-17 22:00:00,2026,3,17,22,Cao Bằng,Xã Tam Kim,22.606427,106.0179879,79,Moderate,1,21.0,84,0.0,6.9,143,977.6,100,39.7,41.9,208.0,10.7,78.0,10.4
2026-03-17 23:00:00,2026,3,17,23,Cao Bằng,Xã Tam Kim,22.606427,106.0179879,80,Moderate,1,20.4,89,0.0,6.7,136,977.5,100,34.5,36.3,203.0,10.2,72.0,9.1
2026-03-18 00:00:00,2026,3,18,0,Cao Bằng,Xã Tam Kim,22.606427,106.0179879,80,Moderate,1,20.2,89,0.0,7.1,142,977.1,100,31.1,32.7,204.0,9.6,66.0,7.4
2026-03-18 01:00:00,2026,3,18,1,Cao Bằng,Xã Tam Kim,22.606427,106.0179879,81,Moderate,1,19.6,93,0.0,5.0,145,976.6,100,28.3,29.9,203.0,8.9,61.0,6.0
2026-03-18 02:00:00,2026,3,18,2,Cao Bằng,Xã Tam Kim,22.606427,106.0179879,81,Moderate,1,19.9,92,0.0,5.4,124,975.8,100,24.7,26.1,194.0,8.1,58.0,5.0
2026-03-18 03:00:00,2026,3,18,3,Cao Bằng,Xã Tam Kim,22.606427,106.0179879,81,Moderate,1,19.9,92,0.0,4.7,122,975.5,100,24.5,26.1,182.0,7.4,56.0,4.4
2026-03-18 04:00:00,2026,3,18,4,Cao Bằng,Xã Tam Kim,22.606427,106.0179879,82,Moderate,1,19.8,93,0.0,4.0,122,975.8,100,24.9,26.8,179.0,6.7,55.0,4.1
2026-03-18 05:00:00,2026,3,18,5,Cao Bằng,Xã Tam Kim,22.606427,106.0179879,82,Moderate,1,20.1,92,0.0,3.4,106,976.2,98,25.1,27.3,191.0,6.4,55.0,4.6
2026-03-18 06:00:00,2026,3,18,6,Cao Bằng,Xã Tam Kim,22.606427,106.0179879,83,Moderate,1,20.1,92,0.0,3.4,93,976.8,97,25.4,27.8,211.0,6.2,56.0,5.5
2026-03-18 07:00:00,2026,3,18,7,Cao Bằng,Xã Tam Kim,22.606427,106.0179879,84,Moderate,1,20.7,91,0.0,4.6,111,977.9,26,19.0,20.5,229.0,6.6,50.0,5.5
2026-03-18 08:00:00,2026,3,18,8,Cao Bằng,Xã Tam Kim,22.606427,106.0179879,84,Moderate,1,22.2,82,0.0,6.3,129,978.8,9,17.1,18.7,240.0,5.6,60.0,4.9
2026-03-18 09:00:00,2026,3,18,9,Cao Bằng,Xã Tam Kim,22.606427,106.0179879,85,Moderate,1,24.2,69,0.0,5.4,176,979.2,65,18.6,20.5,249.0,4.1,74.0,4.1
2026-03-18 10:00:00,2026,3,18,10,Cao Bằng,Xã Tam Kim,22.606427,106.0179879,85,Moderate,1,26.3,59,0.0,1.9,146,979.6,60,20.4,22.4,256.0,2.9,86.0,3.4
2026-03-18 11:00:00,2026,3,18,11,Cao Bằng,Xã Tam Kim,22.606427,106.0179879,86,Moderate,1,28.2,51,0.0,4.1,131,978.4,39,22.9,25.3,262.0,2.2,94.0,2.7
2026-03-18 12:00:00,2026,3,18,12,Cao Bằng,Xã Tam Kim,22.606427,106.0179879,87,Moderate,1,28.9,49,0.0,7.3,157,977.2,26,24.9,27.6,267.0,1.7,101.0,2.1
2026-03-18 13:00:00,2026,3,18,13,Cao Bằng,Xã Tam Kim,22.606427,106.0179879,87,Moderate,1,28.6,49,0.0,10.2,170,976.5,29,27.3,30.7,269.0,1.5,107.0,1.7
2026-03-18 14:00:00,2026,3,18,14,Cao Bằng,Xã Tam Kim,22.606427,106.0179879,88,Moderate,1,27.7,51,0.0,9.8,173,975.7,45,27.6,32.0,266.0,1.4,113.0,1.6
2026-03-18 15:00:00,2026,3,18,15,Cao Bằng,Xã Tam Kim,22.606427,106.0179879,88,Moderate,1,27.1,56,0.1,11.5,171,974.8,27,28.8,32.8,261.0,1.6,119.0,1.7
2026-03-18 16:00:00,2026,3,18,16,Cao Bằng,Xã Tam Kim,22.606427,106.0179879,88,Moderate,1,26.9,58,0.0,11.5,169,974.6,52,29.7,33.1,263.0,2.6,120.0,2.3
2026-03-18 17:00:00,2026,3,18,17,Cao Bằng,Xã Tam Kim,22.606427,106.0179879,87,Moderate,1,26.0,62,0.0,11.6,156,974.8,19,33.1,35.7,280.0,5.1,115.0,3.9
2026-03-18 18:00:00,2026,3,18,18,Cao Bằng,Xã Tam Kim,22.606427,106.0179879,87,Moderate,1,23.8,73,0.0,11.3,163,975.3,43,37.3,39.5,304.0,8.5,106.0,6.0
2026-03-18 19:00:00,2026,3,18,19,Cao Bằng,Xã Tam Kim,22.606427,106.0179879,87,Moderate,1,21.7,87,0.0,5.8,160,976.0,13,56.9,61.5,314.0,9.8,98.0,5.9
2026-03-18 20:00:00,2026,3,18,20,Cao Bằng,Xã Tam Kim,22.606427,106.0179879,88,Moderate,1,20.5,93,0.0,6.8,145,976.4,52,58.0,61.9,296.0,11.5,88.0,6.7
2026-03-18 21:00:00,2026,3,18,21,Cao Bằng,Xã Tam Kim,22.606427,106.0179879,89,Moderate,1,19.7,95,0.0,5.0,145,977.3,70,58.4,61.9,264.0,13.8,74.0,7.7
2026-03-18 22:00:00,2026,3,18,22,Cao Bằng,Xã Tam Kim,22.606427,106.0179879,90,Moderate,1,19.8,95,0.0,4.7,140,977.9,94,58.1,61.5,238.0,15.3,62.0,8.4
2026-03-18 23:00:00,2026,3,18,23,Cao Bằng,Xã Tam Kim,22.606427,106.0179879,92,Moderate,1,20.5,93,0.0,4.6,81,978.0,100,57.7,60.8,224.0,15.2,55.0,8.4
2026-03-19 00:00:00,2026,3,19,0,Cao Bằng,Xã Tam Kim,22.606427,106.0179879,94,Moderate,1,20.5,94,0.1,4.2,70,977.5,100,55.5,58.1,216.0,14.3,50.0,8.1
2026-03-19 01:00:00,2026,3,19,1,Cao Bằng,Xã Tam Kim,22.606427,106.0179879,96,Moderate,1,21.1,98,0.1,4.7,113,976.6,70,50.3,52.4,210.0,13.2,47.0,7.8
2026-03-19 02:00:00,2026,3,19,2,Cao Bằng,Xã Tam Kim,22.606427,106.0179879,98,Moderate,1,21.1,98,0.0,7.1,135,976.1,24,35.5,36.9,206.0,12.2,45.0,7.8
2026-03-19 03:00:00,2026,3,19,3,Cao Bằng,Xã Tam Kim,22.606427,106.0179879,99,Moderate,1,20.6,98,0.0,5.9,135,975.5,55,17.9,18.7,205.0,11.1,43.0,7.8
2026-03-19 04:00:00,2026,3,19,4,Cao Bằng,Xã Tam Kim,22.606427,106.0179879,98,Moderate,1,20.4,98,0.0,5.9,121,975.6,84,9.1,9.4,207.0,10.1,43.0,7.7
2026-03-19 05:00:00,2026,3,19,5,Cao Bằng,Xã Tam Kim,22.606427,106.0179879,97,Moderate,1,20.6,96,0.0,6.6,106,976.0,97,5.9,6.2,215.0,9.5,43.0,7.3
2026-03-19 06:00:00,2026,3,19,6,Cao Bằng,Xã Tam Kim,22.606427,106.0179879,95,Moderate,1,20.4,97,0.0,7.1,114,976.3,100,4.8,5.0,226.0,9.0,44.0,6.7
2026-03-19 07:00:00,2026,3,19,7,Cao Bằng,Xã Tam Kim,22.606427,106.0179879,93,Moderate,1,21.0,94,0.0,7.8,132,976.8,14,12.5,13.2,233.0,9.5,42.0,6.6
2026-03-19 08:00:00,2026,3,19,8,Cao Bằng,Xã Tam Kim,22.606427,106.0179879,93,Moderate,1,22.5,84,0.0,7.5,132,977.8,50,12.6,13.8,232.0,8.0,51.0,6.8
2026-03-19 09:00:00,2026,3,19,9,Cao Bằng,Xã Tam Kim,22.606427,106.0179879,92,Moderate,1,23.9,76,0.0,9.1,155,978.2,37,15.3,16.5,227.0,5.9,65.0,7.0
2026-03-19 10:00:00,2026,3,19,10,Cao Bằng,Xã Tam Kim,22.606427,106.0179879,92,Moderate,1,26.5,60,0.0,9.0,174,978.0,73,19.0,20.8,225.0,4.1,79.0,6.9
2026-03-19 11:00:00,2026,3,19,11,Cao Bằng,Xã Tam Kim,22.606427,106.0179879,92,Moderate,1,28.1,51,0.0,12.5,184,977.2,56,23.3,25.6,229.0,3.0,94.0,6.0
2026-03-19 12:00:00,2026,3,19,12,Cao Bằng,Xã Tam Kim,22.606427,106.0179879,92,Moderate,1,28.9,51,0.1,15.2,185,975.7,35,27.1,29.7,237.0,2.2,110.0,4.6
2026-03-19 13:00:00,2026,3,19,13,Cao Bằng,Xã Tam Kim,22.606427,106.0179879,92,Moderate,1,28.9,50,0.0,16.4,193,974.3,27,31.0,34.3,248.0,2.0,122.0,3.8
2026-03-19 14:00:00,2026,3,19,14,Cao Bằng,Xã Tam Kim,22.606427,106.0179879,92,Moderate,1,28.9,50,0.0,18.0,198,973.2,30,33.4,37.1,265.0,2.4,129.0,3.8
2026-03-19 15:00:00,2026,3,19,15,Cao Bằng,Xã Tam Kim,22.606427,106.0179879,93,Moderate,1,28.8,49,0.0,17.2,196,972.3,5,36.2,39.8,286.0,3.3,131.0,4.3
2026-03-19 16:00:00,2026,3,19,16,Cao Bằng,Xã Tam Kim,22.606427,106.0179879,93,Moderate,1,27.9,54,0.0,16.3,199,972.0,33,40.0,43.4,299.0,4.7,130.0,5.1
2026-03-19 17:00:00,2026,3,19,17,Cao Bằng,Xã Tam Kim,22.606427,106.0179879,94,Moderate,1,26.7,61,0.0,13.5,185,972.0,5,42.4,45.3,300.0,6.8,124.0,6.5
2026-03-19 18:00:00,2026,3,19,18,Cao Bằng,Xã Tam Kim,22.606427,106.0179879,95,Moderate,1,24.2,73,0.0,10.4,165,972.3,10,46.2,48.8,294.0,9.3,113.0,8.2
2026-03-19 19:00:00,2026,3,19,19,Cao Bằng,Xã Tam Kim,22.606427,106.0179879,96,Moderate,1,21.5,86,0.0,6.6,159,972.9,9,54.5,58.4,282.0,12.8,102.0,9.6
2026-03-19 20:00:00,2026,3,19,20,Cao Bằng,Xã Tam Kim,22.606427,106.0179879,96,Moderate,1,21.3,88,0.0,7.6,149,973.8,82,53.1,56.1,259.0,13.1,93.0,9.7
2026-03-19 21:00:00,2026,3,19,21,Cao Bằng,Xã Tam Kim,22.606427,106.0179879,95,Moderate,1,21.2,90,0.0,7.1,128,974.7,100,49.5,51.9,231.0,13.4,80.0,9.7
2026-03-19 22:00:00,2026,3,19,22,Cao Bằng,Xã Tam Kim,22.606427,106.0179879,95,Moderate,1,21.6,88,0.0,7.7,129,975.5,100,45.8,47.6,209.0,13.2,70.0,9.3
2026-03-19 23:00:00,2026,3,19,23,Cao Bằng,Xã Tam Kim,22.606427,106.0179879,93,Moderate,1,21.6,87,0.0,7.8,130,975.6,100,42.4,43.9,201.0,11.9,65.0,7.9
2026-03-20 00:00:00,2026,3,20,0,Cao Bằng,Xã Tam Kim,22.606427,106.0179879,92,Moderate,1,21.4,87,0.0,7.8,127,975.3,89,36.1,37.5,201.0,10.1,63.0,6.1
2026-03-20 01:00:00,2026,3,20,1,Cao Bằng,Xã Tam Kim,22.606427,106.0179879,90,Moderate,1,20.9,95,0.0,8.8,113,974.7,95,30.3,31.4,200.0,8.5,61.0,4.5
2026-03-20 02:00:00,2026,3,20,2,Cao Bằng,Xã Tam Kim,22.606427,106.0179879,89,Moderate,1,21.1,92,0.0,7.6,115,974.4,98,25.1,26.2,194.0,7.6,59.0,3.5
2026-03-20 03:00:00,2026,3,20,3,Cao Bằng,Xã Tam Kim,22.606427,106.0179879,88,Moderate,1,21.1,91,0.0,6.8,108,974.3,98,22.2,23.2,187.0,7.0,57.0,2.8
2026-03-20 04:00:00,2026,3,20,4,Cao Bằng,Xã Tam Kim,22.606427,106.0179879,88,Moderate,1,21.0,91,0.0,6.1,95,974.9,100,20.2,21.2,187.0,6.5,56.0,2.3
2026-03-20 05:00:00,2026,3,20,5,Cao Bằng,Xã Tam Kim,22.606427,106.0179879,89,Moderate,1,20.8,92,0.1,6.3,93,975.0,100,17.9,18.9,200.0,6.2,55.0,2.1
2026-03-20 06:00:00,2026,3,20,6,Cao Bằng,Xã Tam Kim,22.606427,106.0179879,90,Moderate,1,20.8,93,0.1,5.9,102,975.7,100,15.7,16.5,219.0,6.1,55.0,2.1
2026-03-20 07:00:00,2026,3,20,7,Cao Bằng,Xã Tam Kim,22.606427,106.0179879,91,Moderate,1,21.0,91,0.0,7.7,127,976.7,22,12.1,13.0,233.0,6.3,54.0,2.8
2026-03-20 08:00:00,2026,3,20,8,Cao Bằng,Xã Tam Kim,22.606427,106.0179879,91,Moderate,1,22.3,83,0.0,8.6,154,977.6,51,11.1,12.4,236.0,5.9,58.0,2.9
2026-03-20 09:00:00,2026,3,20,9,Cao Bằng,Xã Tam Kim,22.606427,106.0179879,91,Moderate,1,24.2,71,0.0,8.3,176,978.2,55,13.7,15.8,234.0,5.3,63.0,2.9
2026-03-20 10:00:00,2026,3,20,10,Cao Bằng,Xã Tam Kim,22.606427,106.0179879,91,Moderate,1,25.9,62,0.0,6.5,175,978.0,100,15.1,16.9,232.0,4.6,71.0,2.9
2026-03-20 11:00:00,2026,3,20,11,Cao Bằng,Xã Tam Kim,22.606427,106.0179879,90,Moderate,1,27.0,60,0.0,8.1,163,977.5,100,20.6,24.3,233.0,3.7,83.0,2.7
2026-03-20 12:00:00,2026,3,20,12,Cao Bằng,Xã Tam Kim,22.606427,106.0179879,90,Moderate,1,28.0,55,0.0,11.7,165,976.4,67,23.5,28.3,234.0,2.7,97.0,2.3
2026-03-20 13:00:00,2026,3,20,13,Cao Bằng,Xã Tam Kim,22.606427,106.0179879,90,Moderate,1,28.5,49,0.0,11.8,174,975.9,41,27.0,33.8,238.0,2.0,109.0,2.0
2026-03-20 14:00:00,2026,3,20,14,Cao Bằng,Xã Tam Kim,22.606427,106.0179879,90,Moderate,1,28.2,50,0.0,12.1,177,975.0,45,28.6,36.0,247.0,1.6,119.0,1.8
2026-03-20 15:00:00,2026,3,20,15,Cao Bằng,Xã Tam Kim,22.606427,106.0179879,89,Moderate,1,27.9,52,0.0,13.1,167,974.4,54,30.2,37.5,258.0,1.6,126.0,1.6
2026-03-20 16:00:00,2026,3,20,16,Cao Bằng,Xã Tam Kim,22.606427,106.0179879,89,Moderate,1,26.8,59,0.0,14.3,157,974.3,63,32.7,39.9,267.0,2.5,127.0,1.7
2026-03-20 17:00:00,2026,3,20,17,Cao Bằng,Xã Tam Kim,22.606427,106.0179879,88,Moderate,1,25.4,67,0.0,10.4,148,974.6,27,36.0,42.7,271.0,5.2,117.0,2.2
2026-03-20 18:00:00,2026,3,20,18,Cao Bằng,Xã Tam Kim,22.606427,106.0179879,87,Moderate,1,23.0,80,0.1,7.4,131,975.3,38,37.0,42.7,272.0,8.8,102.0,3.0
2026-03-20 19:00:00,2026,3,20,19,Cao Bằng,Xã Tam Kim,22.606427,106.0179879,87,Moderate,1,20.8,93,0.8,5.2,84,976.4,100,48.2,55.2,275.0,10.2,105.0,5.3
2026-03-20 20:00:00,2026,3,20,20,Cao Bằng,Xã Tam Kim,22.606427,106.0179879,86,Moderate,1,20.6,96,0.6,3.9,114,977.7,100,45.4,51.9,281.0,9.8,97.0,5.1
2026-03-20 21:00:00,2026,3,20,21,Cao Bằng,Xã Tam Kim,22.606427,106.0179879,85,Moderate,1,20.1,97,1.2,2.2,125,979.0,100,39.6,44.4,288.0,9.1,87.0,4.8
2026-03-20 22:00:00,2026,3,20,22,Cao Bằng,Xã Tam Kim,22.606427,106.0179879,84,Moderate,1,19.8,98,2.6,3.8,175,979.8,100,34.1,37.5,294.0,8.4,78.0,4.4
2026-03-20 23:00:00,2026,3,20,23,Cao Bằng,Xã Tam Kim,22.606427,106.0179879,83,Moderate,1,19.5,98,0.5,4.1,180,979.8,100,27.5,29.8,298.0,7.4,73.0,3.9
2026-03-21 00:00:00,2026,3,21,0,Cao Bằng,Xã Tam Kim,22.606427,106.0179879,82,Moderate,1,19.2,98,3.3,6.3,198,980.0,98,17.5,18.9,301.0,6.3,69.0,3.3
2026-03-21 01:00:00,2026,3,21,1,Cao Bằng,Xã Tam Kim,22.606427,106.0179879,80,Moderate,1,19.8,97,2.9,5.3,198,979.3,100,11.6,12.3,300.0,5.5,66.0,2.8
2026-03-21 02:00:00,2026,3,21,2,Cao Bằng,Xã Tam Kim,22.606427,106.0179879,79,Moderate,1,19.4,97,0.2,5.6,132,978.6,100,7.2,7.6,291.0,5.1,63.0,2.5
2026-03-21 03:00:00,2026,3,21,3,Cao Bằng,Xã Tam Kim,22.606427,106.0179879,77,Moderate,1,18.8,96,0.1,7.8,130,978.3,100,5.6,5.8,279.0,4.9,60.0,2.4
2026-03-21 04:00:00,2026,3,21,4,Cao Bằng,Xã Tam Kim,22.606427,106.0179879,76,Moderate,1,18.2,97,0.4,4.7,184,978.8,100,5.1,5.3,274.0,5.0,58.0,2.4
2026-03-21 05:00:00,2026,3,21,5,Cao Bằng,Xã Tam Kim,22.606427,106.0179879,74,Moderate,1,17.7,97,1.1,5.4,159,979.0,100,4.1,4.2,286.0,5.4,55.0,2.5
2026-03-21 06:00:00,2026,3,21,6,Cao Bằng,Xã Tam Kim,22.606427,106.0179879,73,Moderate,1,17.5,97,0.2,4.4,189,979.6,100,4.2,4.4,306.0,6.1,52.0,2.7
2026-03-21 07:00:00,2026,3,21,7,Cao Bằng,Xã Tam Kim,22.606427,106.0179879,72,Moderate,1,17.8,96,0.4,4.9,182,980.3,100,7.9,8.4,318.0,6.4,52.0,2.9
2026-03-21 08:00:00,2026,3,21,8,Cao Bằng,Xã Tam Kim,22.606427,106.0179879,72,Moderate,1,18.5,85,0.0,7.2,179,981.0,100,7.4,7.9,312.0,5.9,58.0,3.1
2026-03-21 09:00:00,2026,3,21,9,Cao Bằng,Xã Tam Kim,22.606427,106.0179879,71,Moderate,1,18.7,83,0.1,6.8,177,981.6,100,6.1,6.5,298.0,5.1,67.0,3.3
2026-03-21 10:00:00,2026,3,21,10,Cao Bằng,Xã Tam Kim,22.606427,106.0179879,71,Moderate,1,18.7,82,0.1,7.8,161,981.7,100,4.9,5.3,289.0,4.5,74.0,3.4
2026-03-21 11:00:00,2026,3,21,11,Cao Bằng,Xã Tam Kim,22.606427,106.0179879,70,Moderate,1,19.1,81,0.2,8.6,143,981.5,100,6.1,6.6,293.0,4.2,78.0,3.1
2026-03-21 12:00:00,2026,3,21,12,Cao Bằng,Xã Tam Kim,22.606427,106.0179879,69,Moderate,1,19.1,81,0.1,7.2,148,980.6,100,9.9,10.8,302.0,4.0,81.0,2.7
2026-03-21 13:00:00,2026,3,21,13,Cao Bằng,Xã Tam Kim,22.606427,106.0179879,67,Moderate,1,19.1,78,0.2,4.5,143,979.7,100,12.5,13.6,311.0,4.0,84.0,2.7
2026-03-21 14:00:00,2026,3,21,14,Cao Bằng,Xã Tam Kim,22.606427,106.0179879,66,Moderate,1,19.9,76,0.0,4.4,142,978.6,100,14.8,15.9,315.0,4.0,87.0,3.3
2026-03-21 15:00:00,2026,3,21,15,Cao Bằng,Xã Tam Kim,22.606427,106.0179879,65,Moderate,1,19.5,79,0.1,3.7,137,977.7,100,17.1,18.4,319.0,4.2,90.0,4.2
2026-03-21 16:00:00,2026,3,21,16,Cao Bằng,Xã Tam Kim,22.606427,106.0179879,64,Moderate,1,19.9,80,0.1,3.4,133,977.3,100,21.3,22.8,331.0,5.1,90.0,5.4
2026-03-21 17:00:00,2026,3,21,17,Cao Bằng,Xã Tam Kim,22.606427,106.0179879,63,Moderate,1,19.9,80,0.0,1.6,174,977.0,100,26.0,27.6,366.0,7.5,84.0,6.9
2026-03-21 18:00:00,2026,3,21,18,Cao Bằng,Xã Tam Kim,22.606427,106.0179879,62,Moderate,1,19.4,86,0.0,3.9,304,976.7,100,29.9,31.5,409.0,10.6,76.0,8.5
2026-03-21 19:00:00,2026,3,21,19,Cao Bằng,Xã Tam Kim,22.606427,106.0179879,61,Moderate,1,18.3,94,0.0,1.8,276,976.9,100,51.1,54.2,427.0,13.7,67.0,12.9
2026-03-21 20:00:00,2026,3,21,20,Cao Bằng,Xã Tam Kim,22.606427,106.0179879,61,Moderate,1,18.5,95,0.0,3.0,343,977.7,100,53.2,56.5,396.0,13.8,65.0,13.4
2026-03-21 21:00:00,2026,3,21,21,Cao Bằng,Xã Tam Kim,22.606427,106.0179879,62,Moderate,1,18.6,95,0.1,1.1,18,978.1,100,54.0,57.0,341.0,13.8,61.0,13.9
2026-03-21 22:00:00,2026,3,21,22,Cao Bằng,Xã Tam Kim,22.606427,106.0179879,63,Moderate,1,18.5,96,0.1,3.3,54,978.3,100,53.0,55.6,298.0,13.7,58.0,13.9
2026-03-21 23:00:00,2026,3,21,23,Cao Bằng,Xã Tam Kim,22.606427,106.0179879,65,Moderate,1,18.5,95,0.1,2.9,60,978.0,100,50.8,53.4,286.0,13.2,56.0,12.8
2026-03-22 00:00:00,2026,3,22,0,Cao Bằng,Xã Tam Kim,22.606427,106.0179879,67,Moderate,1,18.7,93,0.0,3.1,54,977.6,100,46.6,49.0,287.0,12.4,54.0,11.0
2026-03-22 01:00:00,2026,3,22,1,Cao Bằng,Xã Tam Kim,22.606427,106.0179879,70,Moderate,1,19.0,93,0.0,3.1,77,976.9,99,41.6,43.4,287.0,11.7,52.0,9.3
2026-03-22 02:00:00,2026,3,22,2,Cao Bằng,Xã Tam Kim,22.606427,106.0179879,72,Moderate,1,19.2,92,0.0,2.7,90,976.3,98,31.0,32.0,280.0,11.0,48.0,7.8
2026-03-22 03:00:00,2026,3,22,3,Cao Bằng,Xã Tam Kim,22.606427,106.0179879,74,Moderate,1,19.2,93,0.0,3.1,80,975.7,65,18.0,18.6,271.0,10.4,44.0,6.3
2026-03-22 04:00:00,2026,3,22,4,Cao Bằng,Xã Tam Kim,22.606427,106.0179879,76,Moderate,1,19.2,95,0.0,3.1,93,975.5,98,13.9,14.5,269.0,9.8,41.0,5.3
2026-03-22 05:00:00,2026,3,22,5,Cao Bằng,Xã Tam Kim,22.606427,106.0179879,76,Moderate,1,19.4,94,0.0,4.2,110,975.6,98,13.4,13.9,281.0,9.5,41.0,5.0
2026-03-22 06:00:00,2026,3,22,6,Cao Bằng,Xã Tam Kim,22.606427,106.0179879,77,Moderate,1,19.2,97,0.0,3.9,118,976.2,100,14.6,15.1,298.0,9.2,42.0,5.1
2026-03-22 07:00:00,2026,3,22,7,Cao Bằng,Xã Tam Kim,22.606427,106.0179879,78,Moderate,1,19.9,94,0.0,3.4,137,977.2,100,16.4,17.2,303.0,9.7,40.0,5.2
2026-03-22 08:00:00,2026,3,22,8,Cao Bằng,Xã Tam Kim,22.606427,106.0179879,79,Moderate,1,20.7,90,0.0,4.3,105,978.0,93,15.8,17.0,281.0,8.8,44.0,4.6
2026-03-22 09:00:00,2026,3,22,9,Cao Bằng,Xã Tam Kim,22.606427,106.0179879,80,Moderate,1,22.1,84,0.0,8.9,148,978.7,100,16.9,18.1,245.0,7.5,51.0,3.8
2026-03-22 10:00:00,2026,3,22,10,Cao Bằng,Xã Tam Kim,22.606427,106.0179879,81,Moderate,1,22.7,82,0.0,10.6,148,978.7,100,19.3,20.5,220.0,6.1,59.0,3.0
2026-03-22 11:00:00,2026,3,22,11,Cao Bằng,Xã Tam Kim,22.606427,106.0179879,82,Moderate,1,23.6,79,0.2,11.4,154,978.3,100,23.5,25.4,215.0,4.6,72.0,2.3
2026-03-22 12:00:00,2026,3,22,12,Cao Bằng,Xã Tam Kim,22.606427,106.0179879,83,Moderate,1,23.6,79,0.1,11.3,160,977.4,100,23.1,24.8,221.0,3.1,86.0,1.8
2026-03-22 13:00:00,2026,3,22,13,Cao Bằng,Xã Tam Kim,22.606427,106.0179879,85,Moderate,1,24.6,71,0.1,12.2,180,977.0,100,23.1,24.7,231.0,2.2,97.0,1.4
2026-03-22 14:00:00,2026,3,22,14,Cao Bằng,Xã Tam Kim,22.606427,106.0179879,85,Moderate,1,25.3,69,0.0,10.3,183,975.8,68,23.0,24.6,247.0,2.1,102.0,1.3
2026-03-22 15:00:00,2026,3,22,15,Cao Bằng,Xã Tam Kim,22.606427,106.0179879,86,Moderate,1,26.9,61,0.0,14.1,197,974.7,49,19.8,21.1,268.0,2.6,102.0,1.5
2026-03-22 16:00:00,2026,3,22,16,Cao Bằng,Xã Tam Kim,22.606427,106.0179879,86,Moderate,1,27.4,59,0.0,12.4,190,974.1,77,20.2,21.5,284.0,3.7,100.0,1.8
2026-03-22 17:00:00,2026,3,22,17,Cao Bằng,Xã Tam Kim,22.606427,106.0179879,86,Moderate,1,26.0,68,0.1,8.4,155,974.0,45,21.0,22.5,295.0,5.9,94.0,2.3
2026-03-22 18:00:00,2026,3,22,18,Cao Bằng,Xã Tam Kim,22.606427,106.0179879,86,Moderate,1,23.9,78,0.1,10.0,162,974.4,69,22.6,23.9,301.0,8.8,85.0,3.0
2026-03-22 19:00:00,2026,3,22,19,Cao Bằng,Xã Tam Kim,22.606427,106.0179879,85,Moderate,1,21.3,88,0.0,7.6,194,975.9,99,29.9,31.4,295.0,8.9,81.0,4.6
2026-03-22 20:00:00,2026,3,22,20,Cao Bằng,Xã Tam Kim,22.606427,106.0179879,83,Moderate,1,21.7,86,0.0,4.5,157,976.2,99,28.0,29.5,265.0,9.5,75.0,5.0
2026-03-22 21:00:00,2026,3,22,21,Cao Bằng,Xã Tam Kim,22.606427,106.0179879,81,Moderate,1,21.6,89,0.0,6.3,149,977.1,73,26.0,27.4,223.0,10.3,66.0,5.4
2026-03-22 22:00:00,2026,3,22,22,Cao Bằng,Xã Tam Kim,22.606427,106.0179879,79,Moderate,1,21.5,89,0.0,9.0,145,977.5,80,24.0,25.3,191.0,10.9,59.0,5.7
2026-03-22 23:00:00,2026,3,22,23,Cao Bằng,Xã Tam Kim,22.606427,106.0179879,76,Moderate,1,20.8,91,0.0,6.9,110,977.3,98,22.2,23.3,182.0,11.0,54.0,5.5
2026-03-23 00:00:00,2026,3,23,0,Cao Bằng,Xã Tam Kim,22.606427,106.0179879,74,Moderate,1,20.5,92,0.0,7.9,110,977.2,100,19.1,20.0,185.0,10.9,50.0,5.1
2026-03-23 01:00:00,2026,3,23,1,Cao Bằng,Xã Tam Kim,22.606427,106.0179879,71,Moderate,1,20.5,95,0.0,8.4,110,976.9,100,15.7,16.4,186.0,10.7,46.0,4.7
2026-03-23 02:00:00,2026,3,23,2,Cao Bằng,Xã Tam Kim,22.606427,106.0179879,69,Moderate,1,20.5,96,0.1,8.5,117,976.0,100,18.5,19.2,180.0,10.6,42.0,4.3
2026-03-23 03:00:00,2026,3,23,3,Cao Bằng,Xã Tam Kim,22.606427,106.0179879,68,Moderate,1,20.1,96,0.0,8.2,112,975.5,100,18.8,19.4,173.0,10.5,37.0,3.9
2026-03-23 04:00:00,2026,3,23,4,Cao Bằng,Xã Tam Kim,22.606427,106.0179879,68,Moderate,1,20.1,95,0.2,4.1,119,975.1,100,20.1,20.7,174.0,10.3,35.0,3.7
2026-03-23 05:00:00,2026,3,23,5,Cao Bằng,Xã Tam Kim,22.606427,106.0179879,68,Moderate,1,19.8,99,0.5,6.0,97,975.1,100,20.4,21.2,191.0,9.9,35.0,3.7
2026-03-23 06:00:00,2026,3,23,6,Cao Bằng,Xã Tam Kim,22.606427,106.0179879,69,Moderate,1,19.7,99,0.2,5.4,104,975.8,100,21.3,22.2,216.0,9.3,38.0,3.8
2026-03-23 07:00:00,2026,3,23,7,Cao Bằng,Xã Tam Kim,22.606427,106.0179879,70,Moderate,1,20.1,99,0.1,7.4,113,976.7,100,16.4,16.8,231.0,8.7,40.0,3.4
2026-03-23 08:00:00,2026,3,23,8,Cao Bằng,Xã Tam Kim,22.606427,106.0179879,70,Moderate,1,20.4,99,0.1,7.7,127,977.0,100,9.5,9.8,227.0,7.8,44.0,3.4
2026-03-23 09:00:00,2026,3,23,9,Cao Bằng,Xã Tam Kim,22.606427,106.0179879,69,Moderate,1,21.1,98,0.3,8.1,127,977.1,100,7.9,8.1,213.0,6.5,51.0,3.4
2026-03-23 10:00:00,2026,3,23,10,Cao Bằng,Xã Tam Kim,22.606427,106.0179879,68,Moderate,1,21.7,98,0.3,5.5,126,977.4,100,7.6,8.0,206.0,5.3,60.0,3.3
2026-03-23 11:00:00,2026,3,23,11,Cao Bằng,Xã Tam Kim,22.606427,106.0179879,67,Moderate,1,22.8,92,0.2,6.6,139,976.8,100,8.6,9.3,213.0,4.4,72.0,2.9
2026-03-23 12:00:00,2026,3,23,12,Cao Bằng,Xã Tam Kim,22.606427,106.0179879,66,Moderate,1,24.7,79,0.1,9.1,165,975.8,95,10.5,11.4,227.0,3.6,87.0,2.4
2026-03-23 13:00:00,2026,3,23,13,Cao Bằng,Xã Tam Kim,22.606427,106.0179879,65,Moderate,1,27.1,64,0.2,11.3,193,975.2,55,11.0,11.9,241.0,3.1,100.0,2.1
2026-03-23 14:00:00,2026,3,23,14,Cao Bằng,Xã Tam Kim,22.606427,106.0179879,64,Moderate,1,27.5,64,0.1,12.5,187,974.1,80,11.2,12.1,256.0,2.7,110.0,2.2
2026-03-23 15:00:00,2026,3,23,15,Cao Bằng,Xã Tam Kim,22.606427,106.0179879,63,Moderate,1,27.3,63,0.0,13.9,184,972.9,20,12.6,13.6,271.0,2.5,119.0,2.5
2026-03-23 16:00:00,2026,3,23,16,Cao Bằng,Xã Tam Kim,22.606427,106.0179879,62,Moderate,1,27.4,61,0.0,12.4,182,972.7,20,14.6,15.4,280.0,2.8,123.0,2.8
2026-03-23 17:00:00,2026,3,23,17,Cao Bằng,Xã Tam Kim,22.606427,106.0179879,61,Moderate,1,25.7,71,0.0,11.9,160,972.4,22,16.6,17.4,279.0,3.8,121.0,3.1
2026-03-23 18:00:00,2026,3,23,18,Cao Bằng,Xã Tam Kim,22.606427,106.0179879,61,Moderate,1,24.1,80,0.0,10.5,155,972.7,14,17.9,18.6,272.0,5.3,114.0,3.5
2026-03-23 19:00:00,2026,3,23,19,Cao Bằng,Xã Tam Kim,22.606427,106.0179879,61,Moderate,1,21.2,91,0.0,7.0,181,974.2,30,31.1,32.7,262.0,8.1,109.0,4.3
2026-03-23 20:00:00,2026,3,23,20,Cao Bằng,Xã Tam Kim,22.606427,106.0179879,61,Moderate,1,21.6,90,0.0,4.2,137,974.8,45,31.4,32.9,249.0,8.9,101.0,4.7
2026-03-23 21:00:00,2026,3,23,21,Cao Bằng,Xã Tam Kim,22.606427,106.0179879,61,Moderate,1,21.1,92,0.0,3.8,131,975.3,99,32.5,33.9,233.0,9.9,89.0,5.2
2026-03-23 22:00:00,2026,3,23,22,Cao Bằng,Xã Tam Kim,22.606427,106.0179879,62,Moderate,1,20.9,93,0.0,4.3,112,975.4,100,33.9,35.3,220.0,10.6,78.0,5.4
2026-03-23 23:00:00,2026,3,23,23,Cao Bằng,Xã Tam Kim,22.606427,106.0179879,63,Moderate,1,21.2,94,0.0,4.9,92,975.3,100,33.8,34.9,213.0,10.6,70.0,5.1
2026-03-24 00:00:00,2026,3,24,0,Cao Bằng,Xã Tam Kim,22.606427,106.0179879,64,Moderate,1,21.3,94,0.0,5.8,95,975.1,100,31.2,32.2,208.0,10.3,63.0,4.6
2026-03-24 01:00:00,2026,3,24,1,Cao Bằng,Xã Tam Kim,22.606427,106.0179879,65,Moderate,1,21.2,97,0.0,6.3,108,974.9,91,26.4,27.2,204.0,10.0,56.0,4.1
2026-03-24 02:00:00,2026,3,24,2,Cao Bằng,Xã Tam Kim,22.606427,106.0179879,66,Moderate,1,21.3,95,0.0,7.3,106,974.4,99,20.9,21.5,196.0,9.8,49.0,3.8
2026-03-24 03:00:00,2026,3,24,3,Cao Bằng,Xã Tam Kim,22.606427,106.0179879,66,Moderate,1,21.1,95,0.0,6.4,106,974.1,100,17.1,17.6,188.0,9.7,43.0,3.4
2026-03-24 04:00:00,2026,3,24,4,Cao Bằng,Xã Tam Kim,22.606427,106.0179879,66,Moderate,1,20.9,94,0.0,6.1,118,974.0,100,15.0,15.4,187.0,9.4,40.0,3.2
2026-03-24 05:00:00,2026,3,24,5,Cao Bằng,Xã Tam Kim,22.606427,106.0179879,65,Moderate,1,20.8,94,0.0,5.3,118,974.4,100,14.3,14.8,199.0,9.1,39.0,3.1
2026-03-24 06:00:00,2026,3,24,6,Cao Bằng,Xã Tam Kim,22.606427,106.0179879,65,Moderate,1,20.7,94,0.0,4.3,118,975.1,99,13.9,14.4,217.0,8.7,40.0,3.0
2026-03-24 07:00:00,2026,3,24,7,Cao Bằng,Xã Tam Kim,22.606427,106.0179879,64,Moderate,1,21.2,98,0.0,5.2,94,975.7,100,19.0,20.1,229.0,9.2,39.0,3.5
2026-03-24 08:00:00,2026,3,24,8,Cao Bằng,Xã Tam Kim,22.606427,106.0179879,64,Moderate,1,21.5,98,0.3,4.7,94,976.3,100,16.7,18.2,226.0,7.2,54.0,2.9
2026-03-24 09:00:00,2026,3,24,9,Cao Bằng,Xã Tam Kim,22.606427,106.0179879,65,Moderate,1,22.2,96,0.3,4.8,127,976.8,38,19.8,22.2,217.0,4.4,75.0,2.2
2026-03-24 10:00:00,2026,3,24,10,Cao Bằng,Xã Tam Kim,22.606427,106.0179879,66,Moderate,1,25.0,80,0.2,3.2,142,976.9,13,23.7,27.9,210.0,2.2,93.0,1.6
2026-03-24 11:00:00,2026,3,24,11,Cao Bằng,Xã Tam Kim,22.606427,106.0179879,67,Moderate,1,27.4,66,0.3,7.4,167,976.2,52,24.9,30.2,207.0,1.3,105.0,1.4
2026-03-24 12:00:00,2026,3,24,12,Cao Bằng,Xã Tam Kim,22.606427,106.0179879,69,Moderate,1,28.0,64,0.1,10.7,173,974.9,10,24.6,29.9,207.0,1.1,113.0,1.5
2026-03-24 13:00:00,2026,3,24,13,Cao Bằng,Xã Tam Kim,22.606427,106.0179879,70,Moderate,1,29.5,55,0.0,9.4,179,973.7,16,23.6,28.4,210.0,1.1,120.0,1.5
2026-03-24 14:00:00,2026,3,24,14,Cao Bằng,Xã Tam Kim,22.606427,106.0179879,71,Moderate,1,30.3,51,0.1,10.3,183,972.7,9,23.5,27.5,217.0,1.0,126.0,1.5
2026-03-24 15:00:00,2026,3,24,15,Cao Bằng,Xã Tam Kim,22.606427,106.0179879,72,Moderate,1,30.4,50,0.0,11.6,192,971.8,11,24.3,28.0,228.0,1.0,130.0,1.4
2026-03-24 16:00:00,2026,3,24,16,Cao Bằng,Xã Tam Kim,22.606427,106.0179879,73,Moderate,1,29.8,52,0.0,11.3,187,971.5,16,26.0,29.6,243.0,1.7,130.0,1.6
2026-03-24 17:00:00,2026,3,24,17,Cao Bằng,Xã Tam Kim,22.606427,106.0179879,74,Moderate,1,28.6,57,0.0,9.2,174,971.6,13,28.0,31.4,267.0,3.4,125.0,2.0
2026-03-24 18:00:00,2026,3,24,18,Cao Bằng,Xã Tam Kim,22.606427,106.0179879,75,Moderate,1,25.8,70,0.0,9.4,167,971.7,7,32.0,34.7,296.0,5.7,117.0,2.6
2026-03-24 19:00:00,2026,3,24,19,Cao Bằng,Xã Tam Kim,22.606427,106.0179879,77,Moderate,1,23.1,85,0.0,6.0,170,972.7,2,41.4,46.0,310.0,9.2,96.0,3.1
2026-03-24 20:00:00,2026,3,24,20,Cao Bằng,Xã Tam Kim,22.606427,106.0179879,77,Moderate,1,22.2,89,0.0,5.2,160,973.6,10,43.7,48.3,300.0,10.5,88.0,3.5
2026-03-24 21:00:00,2026,3,24,21,Cao Bằng,Xã Tam Kim,22.606427,106.0179879,79,Moderate,1,21.7,91,0.0,3.5,145,974.5,10,44.6,48.8,276.0,12.3,77.0,3.9
2026-03-24 22:00:00,2026,3,24,22,Cao Bằng,Xã Tam Kim,22.606427,106.0179879,80,Moderate,1,21.1,93,0.0,3.1,152,975.0,30,46.9,50.6,254.0,13.6,66.0,4.1
2026-03-24 23:00:00,2026,3,24,23,Cao Bằng,Xã Tam Kim,22.606427,106.0179879,81,Moderate,1,20.9,95,0.0,3.1,144,975.2,54,48.5,51.9,240.0,14.0,57.0,3.7
2026-03-25 00:00:00,2026,3,25,0,Cao Bằng,Xã Tam Kim,22.606427,106.0179879,82,Moderate,1,21.7,94,0.0,4.8,112,975.1,96,50.4,53.2,227.0,13.9,49.0,3.1
2026-03-25 01:00:00,2026,3,25,1,Cao Bằng,Xã Tam Kim,22.606427,106.0179879,84,Moderate,1,21.4,95,0.0,0.9,169,974.8,40,50.9,53.2,218.0,13.4,44.0,2.6
2026-03-25 02:00:00,2026,3,25,2,Cao Bằng,Xã Tam Kim,22.606427,106.0179879,86,Moderate,1,21.4,96,0.0,1.7,212,974.5,62,48.7,50.5,210.0,12.3,42.0,2.3
2026-03-25 03:00:00,2026,3,25,3,Cao Bằng,Xã Tam Kim,22.606427,106.0179879,88,Moderate,1,22.0,96,0.0,2.8,105,974.2,90,39.1,40.7,206.0,10.8,43.0,2.2
2026-03-25 04:00:00,2026,3,25,4,Cao Bằng,Xã Tam Kim,22.606427,106.0179879,90,Moderate,1,21.9,97,0.0,4.4,97,974.1,100,30.6,31.8,206.0,9.5,45.0,2.2
2026-03-25 05:00:00,2026,3,25,5,Cao Bằng,Xã Tam Kim,22.606427,106.0179879,92,Moderate,1,21.9,96,0.1,6.5,118,974.5,100,25.0,25.8,218.0,8.9,46.0,2.5
2026-03-25 06:00:00,2026,3,25,6,Cao Bằng,Xã Tam Kim,22.606427,106.0179879,93,Moderate,1,21.8,95,0.0,7.0,122,975.0,100,21.0,21.7,235.0,8.5,48.0,2.9
2026-03-25 07:00:00,2026,3,25,7,Cao Bằng,Xã Tam Kim,22.606427,106.0179879,93,Moderate,1,22.0,95,0.1,8.4,132,975.8,100,25.8,27.3,242.0,5.9,59.0,3.5
2026-03-25 08:00:00,2026,3,25,8,Cao Bằng,Xã Tam Kim,22.606427,106.0179879,94,Moderate,1,22.5,90,0.0,6.9,123,976.5,98,24.8,26.1,228.0,5.1,68.0,3.2
2026-03-25 09:00:00,2026,3,25,9,Cao Bằng,Xã Tam Kim,22.606427,106.0179879,95,Moderate,1,23.3,85,0.0,9.4,151,976.9,100,24.6,26.2,205.0,4.0,80.0,2.9
2026-03-25 10:00:00,2026,3,25,10,Cao Bằng,Xã Tam Kim,22.606427,106.0179879,95,Moderate,1,24.2,79,0.1,10.4,163,977.0,100,24.4,26.7,191.0,3.0,91.0,2.5
2026-03-25 11:00:00,2026,3,25,11,Cao Bằng,Xã Tam Kim,22.606427,106.0179879,95,Moderate,1,25.0,75,0.1,11.7,162,976.8,100,23.6,25.9,197.0,2.3,101.0,2.1
2026-03-25 12:00:00,2026,3,25,12,Cao Bằng,Xã Tam Kim,22.606427,106.0179879,95,Moderate,1,26.4,69,0.0,11.1,168,975.7,59,22.4,24.7,212.0,1.8,111.0,1.6
2026-03-25 13:00:00,2026,3,25,13,Cao Bằng,Xã Tam Kim,22.606427,106.0179879,95,Moderate,1,28.6,56,0.0,13.1,179,974.7,43,21.8,23.9,226.0,1.7,117.0,1.3
2026-03-25 14:00:00,2026,3,25,14,Cao Bằng,Xã Tam Kim,22.606427,106.0179879,95,Moderate,1,29.4,50,0.0,15.6,188,973.8,33,23.2,25.4,234.0,2.1,119.0,1.1
2026-03-25 15:00:00,2026,3,25,15,Cao Bằng,Xã Tam Kim,22.606427,106.0179879,95,Moderate,1,29.2,50,0.0,15.7,190,972.9,58,27.6,30.0,240.0,2.9,118.0,1.0
2026-03-25 16:00:00,2026,3,25,16,Cao Bằng,Xã Tam Kim,22.606427,106.0179879,95,Moderate,1,28.2,56,0.0,16.7,186,972.4,63,31.8,34.2,251.0,4.0,115.0,1.1
2026-03-25 17:00:00,2026,3,25,17,Cao Bằng,Xã Tam Kim,22.606427,106.0179879,95,Moderate,1,26.8,65,0.0,13.7,182,972.8,11,36.0,38.3,273.0,5.8,108.0,1.6
2026-03-25 18:00:00,2026,3,25,18,Cao Bằng,Xã Tam Kim,22.606427,106.0179879,96,Moderate,1,24.8,73,0.0,10.2,171,972.9,24,41.1,43.5,300.0,7.9,99.0,2.4
2026-03-25 19:00:00,2026,3,25,19,Cao Bằng,Xã Tam Kim,22.606427,106.0179879,97,Moderate,1,22.4,87,0.0,6.1,157,973.4,8,44.1,46.7,312.0,8.6,94.0,2.7
2026-03-25 20:00:00,2026,3,25,20,Cao Bằng,Xã Tam Kim,22.606427,106.0179879,97,Moderate,1,21.7,90,0.0,3.5,171,974.0,32,41.9,43.9,297.0,9.5,86.0,3.2
2026-03-25 21:00:00,2026,3,25,21,Cao Bằng,Xã Tam Kim,22.606427,106.0179879,97,Moderate,1,22.2,89,0.0,0.8,63,974.6,77,40.7,42.6,267.0,10.7,74.0,4.0
2026-03-25 22:00:00,2026,3,25,22,Cao Bằng,Xã Tam Kim,22.606427,106.0179879,97,Moderate,1,22.1,90,0.0,2.2,85,974.7,80,40.5,42.1,245.0,11.6,64.0,4.7
2026-03-25 23:00:00,2026,3,25,23,Cao Bằng,Xã Tam Kim,22.606427,106.0179879,96,Moderate,1,22.3,89,0.0,4.3,112,974.6,100,40.5,42.0,241.0,11.8,58.0,5.3
2026-03-26 00:00:00,2026,3,26,0,Cao Bằng,Xã Tam Kim,22.606427,106.0179879,95,Moderate,1,21.9,91,0.0,6.0,115,974.4,94,40.0,41.6,244.0,11.7,55.0,6.0
2026-03-26 01:00:00,2026,3,26,1,Cao Bằng,Xã Tam Kim,22.606427,106.0179879,95,Moderate,1,21.6,94,0.0,5.8,120,974.2,99,38.8,40.2,244.0,11.6,51.0,6.4
2026-03-26 02:00:00,2026,3,26,2,Cao Bằng,Xã Tam Kim,22.606427,106.0179879,93,Moderate,1,21.9,92,0.0,5.0,105,973.9,98,36.0,37.1,234.0,11.6,46.0,6.5
2026-03-26 03:00:00,2026,3,26,3,Cao Bằng,Xã Tam Kim,22.606427,106.0179879,92,Moderate,1,21.8,92,0.0,4.3,92,973.5,100,33.1,34.2,220.0,11.7,41.0,6.5
2026-03-26 04:00:00,2026,3,26,4,Cao Bằng,Xã Tam Kim,22.606427,106.0179879,92,Moderate,1,21.8,92,0.0,3.5,114,973.7,100,32.5,33.6,216.0,11.3,39.0,6.6
2026-03-26 05:00:00,2026,3,26,5,Cao Bằng,Xã Tam Kim,22.606427,106.0179879,92,Moderate,1,21.7,93,0.0,1.6,117,973.7,100,32.6,34.0,230.0,10.4,41.0,7.2
2026-03-26 06:00:00,2026,3,26,6,Cao Bằng,Xã Tam Kim,22.606427,106.0179879,93,Moderate,1,21.7,93,0.1,0.6,18,974.3,95,33.3,34.9,254.0,9.1,45.0,7.9
2026-03-26 07:00:00,2026,3,26,7,Cao Bằng,Xã Tam Kim,22.606427,106.0179879,94,Moderate,1,22.5,90,0.0,2.5,94,975.3,46,32.0,34.3,268.0,9.6,43.0,7.5
2026-03-26 08:00:00,2026,3,26,8,Cao Bằng,Xã Tam Kim,22.606427,106.0179879,94,Moderate,1,24.1,84,0.0,2.7,86,975.6,36,28.3,31.8,263.0,7.4,59.0,6.6
2026-03-26 09:00:00,2026,3,26,9,Cao Bằng,Xã Tam Kim,22.606427,106.0179879,95,Moderate,1,26.4,71,0.1,5.2,168,975.7,58,28.9,33.8,250.0,4.5,82.0,5.4
2026-03-26 10:00:00,2026,3,26,10,Cao Bằng,Xã Tam Kim,22.606427,106.0179879,95,Moderate,1,28.7,58,0.0,6.1,180,975.6,48,31.5,38.2,241.0,2.2,102.0,4.4
2026-03-26 11:00:00,2026,3,26,11,Cao Bằng,Xã Tam Kim,22.606427,106.0179879,96,Moderate,1,30.1,51,0.0,7.6,180,974.8,9,34.7,42.0,244.0,1.4,116.0,3.7
2026-03-26 12:00:00,2026,3,26,12,Cao Bằng,Xã Tam Kim,22.606427,106.0179879,97,Moderate,1,30.9,49,0.0,9.0,195,973.4,8,36.9,44.0,252.0,1.2,128.0,3.1
2026-03-26 13:00:00,2026,3,26,13,Cao Bằng,Xã Tam Kim,22.606427,106.0179879,98,Moderate,1,31.7,43,0.0,10.1,205,972.5,13,38.9,45.9,260.0,1.3,137.0,2.7
2026-03-26 14:00:00,2026,3,26,14,Cao Bằng,Xã Tam Kim,22.606427,106.0179879,99,Moderate,1,31.5,48,0.0,11.5,197,971.4,13,40.4,47.0,265.0,1.0,146.0,2.4
2026-03-26 15:00:00,2026,3,26,15,Cao Bằng,Xã Tam Kim,22.606427,106.0179879,101,Unhealthy for Sensitive Groups,2,31.0,50,0.0,13.3,198,970.5,4,41.6,47.8,271.0,0.9,153.0,2.3
2026-03-26 16:00:00,2026,3,26,16,Cao Bằng,Xã Tam Kim,22.606427,106.0179879,103,Unhealthy for Sensitive Groups,2,30.6,50,0.0,12.4,196,970.0,5,42.5,48.5,285.0,1.9,153.0,2.5
2026-03-26 17:00:00,2026,3,26,17,Cao Bằng,Xã Tam Kim,22.606427,106.0179879,104,Unhealthy for Sensitive Groups,2,29.1,57,0.0,9.8,185,969.7,2,44.1,49.6,315.0,4.8,142.0,3.0
2026-03-26 18:00:00,2026,3,26,18,Cao Bằng,Xã Tam Kim,22.606427,106.0179879,104,Unhealthy for Sensitive Groups,2,26.3,70,0.0,7.8,188,969.9,0,46.9,51.3,354.0,8.8,124.0,3.8
2026-03-26 19:00:00,2026,3,26,19,Cao Bằng,Xã Tam Kim,22.606427,106.0179879,105,Unhealthy for Sensitive Groups,2,23.5,83,0.0,4.9,182,970.9,2,70.5,76.8,386.0,10.0,118.0,3.3
2026-03-26 20:00:00,2026,3,26,20,Cao Bằng,Xã Tam Kim,22.606427,106.0179879,108,Unhealthy for Sensitive Groups,2,22.7,88,0.0,3.9,167,971.5,1,73.1,79.2,406.0,11.8,106.0,3.9
2026-03-26 21:00:00,2026,3,26,21,Cao Bằng,Xã Tam Kim,22.606427,106.0179879,111,Unhealthy for Sensitive Groups,2,22.2,90,0.0,2.3,176,972.3,1,74.3,79.9,420.0,14.2,88.0,4.7
2026-03-26 22:00:00,2026,3,26,22,Cao Bằng,Xã Tam Kim,22.606427,106.0179879,115,Unhealthy for Sensitive Groups,2,21.6,92,0.0,1.1,189,972.6,0,77.1,82.2,430.0,16.1,73.0,5.2
2026-03-26 23:00:00,2026,3,26,23,Cao Bằng,Xã Tam Kim,22.606427,106.0179879,118,Unhealthy for Sensitive Groups,2,21.3,93,0.0,0.2,270,972.6,3,78.5,83.4,438.0,17.1,61.0,5.1
2026-03-27 00:00:00,2026,3,27,0,Cao Bằng,Xã Tam Kim,22.606427,106.0179879,122,Unhealthy for Sensitive Groups,2,21.1,93,0.0,0.6,288,972.7,8,78.2,82.7,443.0,17.6,51.0,4.8
2026-03-27 01:00:00,2026,3,27,1,Cao Bằng,Xã Tam Kim,22.606427,106.0179879,126,Unhealthy for Sensitive Groups,2,21.9,92,0.0,0.4,243,972.7,5,78.2,82.2,441.0,17.5,44.0,4.5
2026-03-27 02:00:00,2026,3,27,2,Cao Bằng,Xã Tam Kim,22.606427,106.0179879,130,Unhealthy for Sensitive Groups,2,22.6,91,0.0,1.5,69,972.4,21,78.9,82.7,430.0,16.4,40.0,4.3
2026-03-27 03:00:00,2026,3,27,3,Cao Bằng,Xã Tam Kim,22.606427,106.0179879,135,Unhealthy for Sensitive Groups,2,22.8,93,0.0,3.5,81,972.1,32,78.5,81.7,413.0,14.6,40.0,4.2
2026-03-27 04:00:00,2026,3,27,4,Cao Bằng,Xã Tam Kim,22.606427,106.0179879,140,Unhealthy for Sensitive Groups,2,23.1,95,0.0,5.6,97,972.1,80,76.6,79.4,396.0,13.0,40.0,4.3
2026-03-27 05:00:00,2026,3,27,5,Cao Bằng,Xã Tam Kim,22.606427,106.0179879,144,Unhealthy for Sensitive Groups,2,22.9,95,0.0,7.2,109,972.3,100,71.5,73.8,382.0,12.0,40.0,5.1
2026-03-27 06:00:00,2026,3,27,6,Cao Bằng,Xã Tam Kim,22.606427,106.0179879,148,Unhealthy for Sensitive Groups,2,22.6,95,0.0,7.8,116,972.9,100,58.8,60.8,369.0,11.2,42.0,6.1
2026-03-27 07:00:00,2026,3,27,7,Cao Bằng,Xã Tam Kim,22.606427,106.0179879,150,Unhealthy for Sensitive Groups,2,22.6,92,0.0,8.7,132,973.9,100,47.1,49.7,355.0,9.0,55.0,6.1
2026-03-27 08:00:00,2026,3,27,8,Cao Bằng,Xã Tam Kim,22.606427,106.0179879,151,Unhealthy,3,23.9,83,0.0,10.1,137,974.7,95,32.7,35.3,337.0,7.2,70.0,5.4
2026-03-27 09:00:00,2026,3,27,9,Cao Bằng,Xã Tam Kim,22.606427,106.0179879,151,Unhealthy,3,25.3,75,0.0,9.8,139,975.3,77,31.5,33.9,318.0,4.7,91.0,4.5
2026-03-27 10:00:00,2026,3,27,10,Cao Bằng,Xã Tam Kim,22.606427,106.0179879,151,Unhealthy,3,27.1,66,0.0,8.0,134,975.2,35,32.2,35.4,306.0,2.8,111.0,3.6
2026-03-27 11:00:00,2026,3,27,11,Cao Bằng,Xã Tam Kim,22.606427,106.0179879,151,Unhealthy,3,29.4,54,0.0,4.6,144,974.5,39,37.3,41.8,307.0,1.9,127.0,2.9
2026-03-27 12:00:00,2026,3,27,12,Cao Bằng,Xã Tam Kim,22.606427,106.0179879,151,Unhealthy,3,31.0,47,0.0,6.0,164,973.3,20,42.8,49.0,315.0,1.5,142.0,2.2
2026-03-27 13:00:00,2026,3,27,13,Cao Bằng,Xã Tam Kim,22.606427,106.0179879,151,Unhealthy,3,31.1,46,0.0,11.1,173,971.9,13,46.0,52.5,322.0,1.4,153.0,1.7
2026-03-27 14:00:00,2026,3,27,14,Cao Bằng,Xã Tam Kim,22.606427,106.0179879,151,Unhealthy,3,31.6,46,0.1,11.1,168,970.8,13,46.9,53.4,321.0,1.2,160.0,1.4
2026-03-27 15:00:00,2026,3,27,15,Cao Bằng,Xã Tam Kim,22.606427,106.0179879,151,Unhealthy,3,31.7,46,0.0,10.4,178,969.8,6,47.1,53.3,319.0,1.3,163.0,1.2
2026-03-27 16:00:00,2026,3,27,16,Cao Bằng,Xã Tam Kim,22.606427,106.0179879,151,Unhealthy,3,30.8,50,0.0,10.3,182,969.4,15,46.9,52.7,324.0,2.0,160.0,1.2
2026-03-27 17:00:00,2026,3,27,17,Cao Bằng,Xã Tam Kim,22.606427,106.0179879,151,Unhealthy,3,29.2,56,0.0,9.2,180,969.4,4,46.8,51.9,343.0,4.0,150.0,1.5
2026-03-27 18:00:00,2026,3,27,18,Cao Bằng,Xã Tam Kim,22.606427,106.0179879,151,Unhealthy,3,26.2,68,0.0,7.9,167,969.6,2,46.4,50.5,369.0,6.6,134.0,2.0
2026-03-27 19:00:00,2026,3,27,19,Cao Bằng,Xã Tam Kim,22.606427,106.0179879,151,Unhealthy,3,24.0,83,0.0,5.9,160,970.6,7,74.5,82.2,388.0,11.3,121.0,2.9
2026-03-27 20:00:00,2026,3,27,20,Cao Bằng,Xã Tam Kim,22.606427,106.0179879,152,Unhealthy,3,22.9,89,0.0,6.4,164,971.6,2,72.6,79.9,394.0,11.7,113.0,3.1
2026-03-27 21:00:00,2026,3,27,21,Cao Bằng,Xã Tam Kim,22.606427,106.0179879,152,Unhealthy,3,22.2,92,0.0,5.7,167,972.4,5,70.3,76.4,393.0,12.2,101.0,3.5
2026-03-27 22:00:00,2026,3,27,22,Cao Bằng,Xã Tam Kim,22.606427,106.0179879,151,Unhealthy,3,22.0,92,0.0,3.3,158,972.8,9,69.6,75.0,391.0,12.7,89.0,3.7
2026-03-27 23:00:00,2026,3,27,23,Cao Bằng,Xã Tam Kim,22.606427,106.0179879,151,Unhealthy,3,21.7,93,0.0,1.3,146,972.6,13,68.9,73.8,394.0,13.3,77.0,3.7
2026-03-28 00:00:00,2026,3,28,0,Cao Bằng,Xã Tam Kim,22.606427,106.0179879,151,Unhealthy,3,21.6,94,0.0,0.7,104,972.6,20,68.7,73.3,396.0,13.8,64.0,3.5
2026-03-28 01:00:00,2026,3,28,1,Cao Bằng,Xã Tam Kim,22.606427,106.0179879,151,Unhealthy,3,22.5,96,0.0,2.9,120,972.5,59,68.9,72.9,388.0,13.8,55.0,3.4
2026-03-28 02:00:00,2026,3,28,2,Cao Bằng,Xã Tam Kim,22.606427,106.0179879,151,Unhealthy,3,23.2,95,0.0,4.9,92,972.2,100,68.9,72.2,358.0,12.9,51.0,3.5
2026-03-28 03:00:00,2026,3,28,3,Cao Bằng,Xã Tam Kim,22.606427,106.0179879,150,Unhealthy for Sensitive Groups,2,23.2,96,0.0,4.9,88,972.2,100,61.5,64.3,318.0,11.6,50.0,3.6
2026-03-28 04:00:00,2026,3,28,4,Cao Bằng,Xã Tam Kim,22.606427,106.0179879,150,Unhealthy for Sensitive Groups,2,23.0,96,0.0,4.7,92,972.3,100,44.4,46.2,292.0,10.5,49.0,3.8
2026-03-28 05:00:00,2026,3,28,5,Cao Bằng,Xã Tam Kim,22.606427,106.0179879,147,Unhealthy for Sensitive Groups,2,23.0,96,0.0,5.2,92,972.7,100,33.9,35.4,294.0,10.2,47.0,4.1
2026-03-28 06:00:00,2026,3,28,6,Cao Bằng,Xã Tam Kim,22.606427,106.0179879,143,Unhealthy for Sensitive Groups,2,22.8,96,0.0,6.3,108,973.4,100,29.9,31.3,310.0,10.2,46.0,4.4
2026-03-28 07:00:00,2026,3,28,7,Cao Bằng,Xã Tam Kim,22.606427,106.0179879,140,Unhealthy for Sensitive Groups,2,23.3,92,0.0,7.3,134,974.5,91,31.2,33.5,319.0,7.3,65.0,4.1
2026-03-28 08:00:00,2026,3,28,8,Cao Bằng,Xã Tam Kim,22.606427,106.0179879,138,Unhealthy for Sensitive Groups,2,24.6,85,0.0,9.6,139,975.2,48,34.9,38.4,312.0,6.0,81.0,3.6
2026-03-28 09:00:00,2026,3,28,9,Cao Bằng,Xã Tam Kim,22.606427,106.0179879,139,Unhealthy for Sensitive Groups,2,25.9,77,0.1,9.6,137,975.5,82,44.2,48.8,300.0,4.3,104.0,2.8
2026-03-28 10:00:00,2026,3,28,10,Cao Bằng,Xã Tam Kim,22.606427,106.0179879,140,Unhealthy for Sensitive Groups,2,27.5,69,0.0,9.0,133,975.3,100,45.9,50.9,291.0,2.9,123.0,2.2
2026-03-28 11:00:00,2026,3,28,11,Cao Bằng,Xã Tam Kim,22.606427,106.0179879,141,Unhealthy for Sensitive Groups,2,29.0,61,0.0,8.7,127,974.7,100,49.5,54.7,291.0,2.3,134.0,1.8
2026-03-28 12:00:00,2026,3,28,12,Cao Bằng,Xã Tam Kim,22.606427,106.0179879,143,Unhealthy for Sensitive Groups,2,30.7,55,0.0,9.5,144,973.5,94,51.1,56.5,295.0,2.0,141.0,1.5
2026-03-28 13:00:00,2026,3,28,13,Cao Bằng,Xã Tam Kim,22.606427,106.0179879,143,Unhealthy for Sensitive Groups,2,31.1,51,0.0,9.1,162,972.4,23,53.1,58.8,298.0,1.9,145.0,1.3
2026-03-28 14:00:00,2026,3,28,14,Cao Bằng,Xã Tam Kim,22.606427,106.0179879,144,Unhealthy for Sensitive Groups,2,31.2,51,0.0,10.0,152,971.6,33,52.9,58.3,294.0,1.8,147.0,1.1
2026-03-28 15:00:00,2026,3,28,15,Cao Bằng,Xã Tam Kim,22.606427,106.0179879,145,Unhealthy for Sensitive Groups,2,31.1,50,0.0,8.5,156,970.6,20,50.1,54.8,289.0,1.9,146.0,1.0
2026-03-28 16:00:00,2026,3,28,16,Cao Bằng,Xã Tam Kim,22.606427,106.0179879,145,Unhealthy for Sensitive Groups,2,30.6,50,0.0,9.4,169,970.4,44,46.0,49.7,291.0,2.6,142.0,1.0
2026-03-28 17:00:00,2026,3,28,17,Cao Bằng,Xã Tam Kim,22.606427,106.0179879,145,Unhealthy for Sensitive Groups,2,28.7,60,0.0,10.3,153,970.7,26,44.0,46.7,309.0,4.6,132.0,1.3
2026-03-28 18:00:00,2026,3,28,18,Cao Bằng,Xã Tam Kim,22.606427,106.0179879,145,Unhealthy for Sensitive Groups,2,26.4,71,0.0,8.7,159,970.9,5,43.2,45.6,333.0,7.2,119.0,1.8
2026-03-28 19:00:00,2026,3,28,19,Cao Bằng,Xã Tam Kim,22.606427,106.0179879,144,Unhealthy for Sensitive Groups,2,23.8,83,0.0,5.7,171,971.1,3,61.5,64.7,344.0,9.3,123.0,2.4
2026-03-28 20:00:00,2026,3,28,20,Cao Bằng,Xã Tam Kim,22.606427,106.0179879,143,Unhealthy for Sensitive Groups,2,23.1,87,0.0,5.4,165,972.0,8,60.1,63.1,330.0,9.6,116.0,2.6
2026-03-28 21:00:00,2026,3,28,21,Cao Bằng,Xã Tam Kim,22.606427,106.0179879,142,Unhealthy for Sensitive Groups,2,22.5,90,0.0,5.8,158,973.0,16,59.8,62.4,302.0,10.1,107.0,2.9
2026-03-28 22:00:00,2026,3,28,22,Cao Bằng,Xã Tam Kim,22.606427,106.0179879,141,Unhealthy for Sensitive Groups,2,23.1,89,0.0,7.0,138,973.6,57,60.5,63.1,275.0,10.3,98.0,3.1
2026-03-28 23:00:00,2026,3,28,23,Cao Bằng,Xã Tam Kim,22.606427,106.0179879,140,Unhealthy for Sensitive Groups,2,23.0,91,0.0,6.6,123,973.4,100,61.5,64.0,253.0,10.1,90.0,3.0
2026-03-29 00:00:00,2026,3,29,0,Cao Bằng,Xã Tam Kim,22.606427,106.0179879,139,Unhealthy for Sensitive Groups,2,22.9,91,0.0,6.2,120,972.8,100,61.0,63.1,231.0,9.7,83.0,2.9
2026-03-29 01:00:00,2026,3,29,1,Cao Bằng,Xã Tam Kim,22.606427,106.0179879,138,Unhealthy for Sensitive Groups,2,22.6,94,0.0,6.4,135,972.2,32,61.7,63.8,216.0,9.1,78.0,3.3
2026-03-29 02:00:00,2026,3,29,2,Cao Bằng,Xã Tam Kim,22.606427,106.0179879,137,Unhealthy for Sensitive Groups,2,22.0,96,0.0,5.9,121,972.1,99,61.5,63.3,208.0,7.9,76.0,4.6
2026-03-29 03:00:00,2026,3,29,3,Cao Bằng,Xã Tam Kim,22.606427,106.0179879,137,Unhealthy for Sensitive Groups,2,22.4,94,0.0,4.8,115,971.7,100,57.7,59.8,205.0,6.5,75.0,6.5
2026-03-29 04:00:00,2026,3,29,4,Cao Bằng,Xã Tam Kim,22.606427,106.0179879,136,Unhealthy for Sensitive Groups,2,22.5,94,0.1,2.1,110,971.8,98,42.7,44.5,211.0,5.8,72.0,8.2
2026-03-29 05:00:00,2026,3,29,5,Cao Bằng,Xã Tam Kim,22.606427,106.0179879,136,Unhealthy for Sensitive Groups,2,22.6,93,0.1,2.9,94,972.0,100,28.5,29.6,232.0,6.5,64.0,10.0
2026-03-29 06:00:00,2026,3,29,6,Cao Bằng,Xã Tam Kim,22.606427,106.0179879,135,Unhealthy for Sensitive Groups,2,22.5,94,0.1,4.8,110,972.4,98,19.8,20.4,261.0,8.0,54.0,11.8
2026-03-29 07:00:00,2026,3,29,7,Cao Bằng,Xã Tam Kim,22.606427,106.0179879,134,Unhealthy for Sensitive Groups,2,22.0,99,0.0,4.9,66,973.6,28,6.1,6.2,280.0,5.8,72.0,6.0
2026-03-29 08:00:00,2026,3,29,8,Cao Bằng,Xã Tam Kim,22.606427,106.0179879,132,Unhealthy for Sensitive Groups,2,23.1,92,0.0,7.3,155,974.3,96,3.8,3.8,280.0,5.4,77.0,5.0
2026-03-29 09:00:00,2026,3,29,9,Cao Bằng,Xã Tam Kim,22.606427,106.0179879,129,Unhealthy for Sensitive Groups,2,24.9,84,0.1,10.0,160,974.7,37,4.0,4.0,270.0,4.9,84.0,3.7
2026-03-29 10:00:00,2026,3,29,10,Cao Bằng,Xã Tam Kim,22.606427,106.0179879,124,Unhealthy for Sensitive Groups,2,27.1,69,0.1,12.8,180,974.6,100,4.2,4.3,264.0,4.4,89.0,2.6
2026-03-29 11:00:00,2026,3,29,11,Cao Bằng,Xã Tam Kim,22.606427,106.0179879,120,Unhealthy for Sensitive Groups,2,27.8,64,0.0,16.0,183,974.1,97,4.0,4.0,264.0,4.1,91.0,1.9
2026-03-29 12:00:00,2026,3,29,12,Cao Bằng,Xã Tam Kim,22.606427,106.0179879,115,Unhealthy for Sensitive Groups,2,26.0,75,0.9,10.7,202,973.0,95,3.6,3.6,266.0,3.8,92.0,1.4
2026-03-29 13:00:00,2026,3,29,13,Cao Bằng,Xã Tam Kim,22.606427,106.0179879,110,Unhealthy for Sensitive Groups,2,28.6,57,0.1,15.1,197,971.4,35,3.5,3.5,275.0,3.7,95.0,1.3
2026-03-29 14:00:00,2026,3,29,14,Cao Bằng,Xã Tam Kim,22.606427,106.0179879,105,Unhealthy for Sensitive Groups,2,29.1,55,0.0,12.0,196,970.3,27,5.3,5.4,295.0,3.7,102.0,1.7
2026-03-29 15:00:00,2026,3,29,15,Cao Bằng,Xã Tam Kim,22.606427,106.0179879,100,Moderate,1,29.6,53,0.0,11.4,198,969.6,55,10.0,10.2,321.0,4.0,111.0,2.5
2026-03-29 16:00:00,2026,3,29,16,Cao Bằng,Xã Tam Kim,22.606427,106.0179879,97,Moderate,1,28.2,61,0.0,13.4,198,969.1,55,15.8,16.1,343.0,4.7,116.0,3.2
2026-03-29 17:00:00,2026,3,29,17,Cao Bằng,Xã Tam Kim,22.606427,106.0179879,94,Moderate,1,27.7,63,0.0,10.7,193,969.0,36,23.8,24.3,358.0,6.5,115.0,3.7
2026-03-29 18:00:00,2026,3,29,18,Cao Bằng,Xã Tam Kim,22.606427,106.0179879,92,Moderate,1,25.1,75,0.0,4.2,137,969.0,3,27.1,27.7,368.0,8.8,110.0,4.0
2026-03-29 19:00:00,2026,3,29,19,Cao Bằng,Xã Tam Kim,22.606427,106.0179879,91,Moderate,1,21.3,91,0.0,3.7,145,970.2,31,21.0,21.7,368.0,6.5,119.0,3.2
2026-03-29 20:00:00,2026,3,29,20,Cao Bằng,Xã Tam Kim,22.606427,106.0179879,87,Moderate,1,21.1,96,0.0,2.7,176,970.5,59,24.6,25.5,350.0,6.2,118.0,3.2
2026-03-29 21:00:00,2026,3,29,21,Cao Bằng,Xã Tam Kim,22.606427,106.0179879,84,Moderate,1,21.5,95,0.0,1.7,122,971.3,79,24.7,25.7,321.0,5.8,115.0,3.3
2026-03-29 22:00:00,2026,3,29,22,Cao Bằng,Xã Tam Kim,22.606427,106.0179879,81,Moderate,1,21.5,96,0.0,5.4,356,971.8,100,22.5,23.3,298.0,5.6,111.0,3.3
2026-03-29 23:00:00,2026,3,29,23,Cao Bằng,Xã Tam Kim,22.606427,106.0179879,78,Moderate,1,21.4,95,0.4,6.7,333,972.0,100,19.4,20.1,290.0,5.7,104.0,3.4
2026-03-30 00:00:00,2026,3,30,0,Cao Bằng,Xã Tam Kim,22.606427,106.0179879,74,Moderate,1,19.7,99,7.3,10.4,349,972.0,100,18.5,19.1,288.0,6.0,95.0,3.5
2026-03-30 01:00:00,2026,3,30,1,Cao Bằng,Xã Tam Kim,22.606427,106.0179879,70,Moderate,1,19.9,98,0.1,1.7,221,971.1,93,17.6,18.0,285.0,6.3,86.0,3.5
2026-03-30 02:00:00,2026,3,30,2,Cao Bằng,Xã Tam Kim,22.606427,106.0179879,66,Moderate,1,19.3,97,0.0,0.6,214,970.5,67,15.2,15.5,273.0,6.6,76.0,3.4
2026-03-30 03:00:00,2026,3,30,3,Cao Bằng,Xã Tam Kim,22.606427,106.0179879,62,Moderate,1,19.2,98,0.0,3.4,354,970.2,39,12.5,12.7,259.0,6.8,66.0,3.2
2026-03-30 04:00:00,2026,3,30,4,Cao Bằng,Xã Tam Kim,22.606427,106.0179879,58,Moderate,1,19.2,99,0.0,4.0,352,970.2,26,10.8,11.0,259.0,7.2,57.0,3.1
2026-03-30 05:00:00,2026,3,30,5,Cao Bằng,Xã Tam Kim,22.606427,106.0179879,55,Moderate,1,19.3,96,0.0,1.5,111,970.6,17,9.5,9.7,285.0,8.0,49.0,3.2
2026-03-30 06:00:00,2026,3,30,6,Cao Bằng,Xã Tam Kim,22.606427,106.0179879,53,Moderate,1,18.8,98,0.0,3.4,155,971.1,39,8.9,9.0,323.0,8.9,43.0,3.5
2026-03-30 07:00:00,2026,3,30,7,Cao Bằng,Xã Tam Kim,22.606427,106.0179879,53,Moderate,1,20.0,99,0.0,5.2,121,971.4,91,29.8,31.4,350.0,4.9,81.0,3.1
2026-03-30 08:00:00,2026,3,30,8,Cao Bằng,Xã Tam Kim,22.606427,106.0179879,55,Moderate,1,20.9,97,0.0,5.2,90,972.4,99,31.5,33.4,352.0,5.1,79.0,2.9
2026-03-30 09:00:00,2026,3,30,9,Cao Bằng,Xã Tam Kim,22.606427,106.0179879,57,Moderate,1,22.8,85,0.0,6.1,120,973.0,95,34.2,36.3,342.0,5.3,78.0,2.7
2026-03-30 10:00:00,2026,3,30,10,Cao Bằng,Xã Tam Kim,22.606427,106.0179879,60,Moderate,1,26.0,73,0.0,6.9,171,972.7,43,30.3,31.9,334.0,5.1,84.0,2.6
2026-03-30 11:00:00,2026,3,30,11,Cao Bằng,Xã Tam Kim,22.606427,106.0179879,62,Moderate,1,29.1,59,0.0,10.4,189,972.0,18,31.7,33.5,333.0,4.1,104.0,2.9
2026-03-30 12:00:00,2026,3,30,12,Cao Bằng,Xã Tam Kim,22.606427,106.0179879,65,Moderate,1,30.6,51,0.0,13.7,203,970.7,13,36.2,38.9,333.0,2.6,131.0,3.4
2026-03-30 13:00:00,2026,3,30,13,Cao Bằng,Xã Tam Kim,22.606427,106.0179879,67,Moderate,1,31.0,47,0.0,14.5,207,969.8,17,37.7,41.1,337.0,1.6,152.0,3.8
2026-03-30 14:00:00,2026,3,30,14,Cao Bằng,Xã Tam Kim,22.606427,106.0179879,70,Moderate,1,30.9,47,0.0,14.5,212,968.7,35,36.0,39.7,341.0,1.1,161.0,4.1
2026-03-30 15:00:00,2026,3,30,15,Cao Bằng,Xã Tam Kim,22.606427,106.0179879,73,Moderate,1,31.3,45,0.0,13.6,203,967.9,59,34.5,38.4,347.0,1.1,164.0,4.3
2026-03-30 16:00:00,2026,3,30,16,Cao Bằng,Xã Tam Kim,22.606427,106.0179879,75,Moderate,1,30.7,48,0.0,11.7,201,967.6,84,35.7,39.9,365.0,1.8,163.0,4.7
2026-03-30 17:00:00,2026,3,30,17,Cao Bằng,Xã Tam Kim,22.606427,106.0179879,87,Moderate,1,29.2,57,0.0,8.5,197,967.8,11,38.8,42.7,407.0,3.8,157.0,5.4
2026-03-30 18:00:00,2026,3,30,18,Cao Bằng,Xã Tam Kim,22.606427,106.0179879,104,Unhealthy for Sensitive Groups,2,26.0,72,0.0,5.4,174,967.9,3,41.7,45.6,459.0,6.7,147.0,6.3
2026-03-30 19:00:00,2026,3,30,19,Cao Bằng,Xã Tam Kim,22.606427,106.0179879,117,Unhealthy for Sensitive Groups,2,24.6,80,0.0,6.3,187,968.4,5,46.8,51.8,494.0,8.8,135.0,6.8
2026-03-30 20:00:00,2026,3,30,20,Cao Bằng,Xã Tam Kim,22.606427,106.0179879,124,Unhealthy for Sensitive Groups,2,23.4,86,0.0,5.2,192,969.1,2,51.1,56.3,497.0,9.7,130.0,7.6
2026-03-30 21:00:00,2026,3,30,21,Cao Bằng,Xã Tam Kim,22.606427,106.0179879,124,Unhealthy for Sensitive Groups,2,22.9,89,0.0,3.9,196,970.1,1,54.0,59.0,481.0,10.9,123.0,8.7
2026-03-30 22:00:00,2026,3,30,22,Cao Bằng,Xã Tam Kim,22.606427,106.0179879,118,Unhealthy for Sensitive Groups,2,22.5,90,0.0,0.6,214,970.5,0,58.0,62.4,461.0,11.9,117.0,9.8
2026-03-30 23:00:00,2026,3,30,23,Cao Bằng,Xã Tam Kim,22.606427,106.0179879,108,Unhealthy for Sensitive Groups,2,21.8,93,0.0,0.3,315,970.5,0,63.6,67.5,437.0,12.3,113.0,10.9
2026-03-31 00:00:00,2026,3,31,0,Cao Bằng,Xã Tam Kim,22.606427,106.0179879,97,Moderate,1,21.3,95,0.0,1.5,330,970.5,0,67.8,71.7,408.0,12.4,110.0,11.8
2026-03-31 01:00:00,2026,3,31,1,Cao Bằng,Xã Tam Kim,22.606427,106.0179879,98,Moderate,1,20.8,96,0.0,1.5,284,970.3,0,71.0,74.5,384.0,12.4,106.0,12.0
2026-03-31 02:00:00,2026,3,31,2,Cao Bằng,Xã Tam Kim,22.606427,106.0179879,104,Unhealthy for Sensitive Groups,2,20.6,96,0.0,0.6,236,969.8,5,76.8,80.3,366.0,12.1,100.0,10.7
2026-03-31 03:00:00,2026,3,31,3,Cao Bằng,Xã Tam Kim,22.606427,106.0179879,110,Unhealthy for Sensitive Groups,2,20.7,96,0.0,0.6,252,969.5,15,82.7,85.7,354.0,11.6,94.0,8.6
2026-03-31 04:00:00,2026,3,31,4,Cao Bằng,Xã Tam Kim,22.606427,106.0179879,117,Unhealthy for Sensitive Groups,2,20.4,96,0.0,0.6,252,969.3,22,86.8,89.9,358.0,11.3,88.0,6.9
2026-03-31 05:00:00,2026,3,31,5,Cao Bằng,Xã Tam Kim,22.606427,106.0179879,125,Unhealthy for Sensitive Groups,2,20.4,95,0.0,1.1,252,969.7,30,90.1,93.1,393.0,11.6,82.0,6.2
2026-03-31 06:00:00,2026,3,31,6,Cao Bằng,Xã Tam Kim,22.606427,106.0179879,134,Unhealthy for Sensitive Groups,2,20.4,95,0.0,1.7,283,970.4,52,92.7,95.5,444.0,12.0,76.0,6.0
2026-03-31 07:00:00,2026,3,31,7,Cao Bằng,Xã Tam Kim,22.606427,106.0179879,142,Unhealthy for Sensitive Groups,2,22.0,90,0.0,2.4,171,971.6,35,100.1,102.7,473.0,10.3,81.0,4.3
2026-03-31 08:00:00,2026,3,31,8,Cao Bằng,Xã Tam Kim,22.606427,106.0179879,150,Unhealthy for Sensitive Groups,2,24.6,82,0.0,4.1,77,972.5,31,70.3,72.9,458.0,7.9,96.0,4.8
2026-03-31 09:00:00,2026,3,31,9,Cao Bằng,Xã Tam Kim,22.606427,106.0179879,151,Unhealthy,3,26.8,74,0.0,4.7,72,973.1,5,49.9,52.9,422.0,4.7,117.0,5.6
2026-03-31 10:00:00,2026,3,31,10,Cao Bằng,Xã Tam Kim,22.606427,106.0179879,151,Unhealthy,3,28.5,71,0.0,6.4,63,972.9,9,37.8,40.3,393.0,2.2,132.0,5.9
2026-03-31 11:00:00,2026,3,31,11,Cao Bằng,Xã Tam Kim,22.606427,106.0179879,151,Unhealthy,3,30.3,60,0.0,6.4,45,972.6,43,27.4,29.3,382.0,1.3,137.0,5.4
2026-03-31 12:00:00,2026,3,31,12,Cao Bằng,Xã Tam Kim,22.606427,106.0179879,151,Unhealthy,3,24.8,82,5.4,18.9,9,972.9,95,22.0,24.4,377.0,1.2,137.0,4.6
2026-03-31 13:00:00,2026,3,31,13,Cao Bằng,Xã Tam Kim,22.606427,106.0179879,151,Unhealthy,3,29.0,54,2.5,5.9,27,971.8,45,21.4,24.6,375.0,1.3,137.0,4.0
2026-03-31 14:00:00,2026,3,31,14,Cao Bằng,Xã Tam Kim,22.606427,106.0179879,151,Unhealthy,3,30.5,49,0.0,4.4,35,971.0,19,21.1,25.0,373.0,1.0,140.0,3.9
2026-03-31 15:00:00,2026,3,31,15,Cao Bằng,Xã Tam Kim,22.606427,106.0179879,150,Unhealthy for Sensitive Groups,2,31.7,44,0.0,4.1,45,970.7,30,21.9,26.8,373.0,0.8,142.0,4.1
2026-03-31 16:00:00,2026,3,31,16,Cao Bằng,Xã Tam Kim,22.606427,106.0179879,150,Unhealthy for Sensitive Groups,2,29.7,53,0.5,6.8,88,971.0,30,21.9,27.4,380.0,1.7,139.0,4.4
2026-03-31 17:00:00,2026,3,31,17,Cao Bằng,Xã Tam Kim,22.606427,106.0179879,148,Unhealthy for Sensitive Groups,2,26.8,71,0.0,3.1,298,971.8,88,22.2,27.2,400.0,4.7,127.0,4.8
2026-03-31 18:00:00,2026,3,31,18,Cao Bằng,Xã Tam Kim,22.606427,106.0179879,147,Unhealthy for Sensitive Groups,2,25.0,83,0.1,2.0,85,972.7,69,21.0,25.3,426.0,8.7,110.0,5.4
2026-03-31 19:00:00,2026,3,31,19,Cao Bằng,Xã Tam Kim,22.606427,106.0179879,144,Unhealthy for Sensitive Groups,2,25.3,79,0.0,2.5,30,973.3,100,41.1,47.4,442.0,12.7,87.0,5.0
2026-03-31 20:00:00,2026,3,31,20,Cao Bằng,Xã Tam Kim,22.606427,106.0179879,144,Unhealthy for Sensitive Groups,2,23.3,83,0.6,7.2,90,974.6,100,41.4,47.6,436.0,11.5,88.0,5.1
2026-03-31 21:00:00,2026,3,31,21,Cao Bằng,Xã Tam Kim,22.606427,106.0179879,143,Unhealthy for Sensitive Groups,2,23.0,82,0.2,3.2,360,975.7,89,41.0,46.4,421.0,9.9,89.0,5.1
2026-03-31 22:00:00,2026,3,31,22,Cao Bằng,Xã Tam Kim,22.606427,106.0179879,141,Unhealthy for Sensitive Groups,2,22.5,79,0.0,4.2,36,977.0,100,39.3,44.0,416.0,8.3,89.0,5.1
2026-03-31 23:00:00,2026,3,31,23,Cao Bằng,Xã Tam Kim,22.606427,106.0179879,140,Unhealthy for Sensitive Groups,2,21.9,77,0.0,3.5,345,977.0,65,36.0,39.2,431.0,6.8,90.0,4.9
2026-04-01 00:00:00,2026,4,1,0,Cao Bằng,Xã Tam Kim,22.606427,106.0179879,137,Unhealthy for Sensitive Groups,2,20.7,85,0.0,4.5,346,976.7,38,29.0,30.7,456.0,5.4,90.0,4.6
2026-04-01 01:00:00,2026,4,1,1,Cao Bằng,Xã Tam Kim,22.606427,106.0179879,133,Unhealthy for Sensitive Groups,2,21.4,65,0.0,5.1,39,975.6,22,24.1,24.7,481.0,4.7,87.0,4.3
2026-04-01 02:00:00,2026,4,1,2,Cao Bằng,Xã Tam Kim,22.606427,106.0179879,128,Unhealthy for Sensitive Groups,2,21.2,65,0.0,2.1,110,975.8,10,21.0,21.2,508.0,4.9,78.0,3.8
2026-04-01 03:00:00,2026,4,1,3,Cao Bằng,Xã Tam Kim,22.606427,106.0179879,122,Unhealthy for Sensitive Groups,2,20.4,67,0.0,2.3,141,975.9,18,19.7,19.7,534.0,5.8,66.0,3.3
2026-04-01 04:00:00,2026,4,1,4,Cao Bằng,Xã Tam Kim,22.606427,106.0179879,115,Unhealthy for Sensitive Groups,2,19.9,69,0.0,2.4,107,975.9,42,19.0,19.0,546.0,6.8,56.0,2.9
2026-04-01 05:00:00,2026,4,1,5,Cao Bằng,Xã Tam Kim,22.606427,106.0179879,108,Unhealthy for Sensitive Groups,2,19.3,72,0.0,2.7,132,976.8,71,18.9,19.0,534.0,8.4,46.0,2.9
2026-04-01 06:00:00,2026,4,1,6,Cao Bằng,Xã Tam Kim,22.606427,106.0179879,101,Unhealthy for Sensitive Groups,2,19.2,73,0.0,1.8,114,977.4,53,19.5,19.6,507.0,10.1,38.0,3.0
2026-04-01 07:00:00,2026,4,1,7,Cao Bằng,Xã Tam Kim,22.606427,106.0179879,94,Moderate,1,19.4,92,0.0,2.5,176,977.9,73,20.5,21.1,475.0,6.3,69.0,3.9
2026-04-01 08:00:00,2026,4,1,8,Cao Bằng,Xã Tam Kim,22.606427,106.0179879,87,Moderate,1,21.4,72,0.0,3.9,164,979.2,86,19.9,21.1,437.0,5.3,79.0,3.8
2026-04-01 09:00:00,2026,4,1,9,Cao Bằng,Xã Tam Kim,22.606427,106.0179879,83,Moderate,1,21.9,59,0.0,2.5,159,979.3,84,20.1,21.5,394.0,3.9,92.0,3.7
2026-04-01 10:00:00,2026,4,1,10,Cao Bằng,Xã Tam Kim,22.606427,106.0179879,80,Moderate,1,23.2,54,0.0,2.8,145,979.3,78,20.2,21.8,362.0,2.7,105.0,3.5
2026-04-01 11:00:00,2026,4,1,11,Cao Bằng,Xã Tam Kim,22.606427,106.0179879,79,Moderate,1,24.5,49,0.0,3.3,135,978.6,88,20.4,22.3,345.0,2.0,115.0,3.2
2026-04-01 12:00:00,2026,4,1,12,Cao Bằng,Xã Tam Kim,22.606427,106.0179879,78,Moderate,1,25.3,47,0.0,4.1,146,977.5,76,21.0,23.1,337.0,1.5,124.0,2.7
2026-04-01 13:00:00,2026,4,1,13,Cao Bằng,Xã Tam Kim,22.606427,106.0179879,78,Moderate,1,25.7,47,0.0,5.5,157,976.5,91,21.4,23.8,341.0,1.2,131.0,2.5
2026-04-01 14:00:00,2026,4,1,14,Cao Bằng,Xã Tam Kim,22.606427,106.0179879,78,Moderate,1,25.5,49,0.0,7.1,164,975.4,91,22.1,24.7,359.0,0.9,137.0,2.5
2026-04-01 15:00:00,2026,4,1,15,Cao Bằng,Xã Tam Kim,22.606427,106.0179879,78,Moderate,1,25.2,51,0.0,7.4,157,974.3,98,22.9,25.8,388.0,0.8,141.0,2.7
2026-04-01 16:00:00,2026,4,1,16,Cao Bằng,Xã Tam Kim,22.606427,106.0179879,78,Moderate,1,25.2,52,0.0,6.7,142,973.7,93,23.9,26.9,419.0,1.5,140.0,3.0
2026-04-01 17:00:00,2026,4,1,17,Cao Bằng,Xã Tam Kim,22.606427,106.0179879,78,Moderate,1,24.7,56,0.0,5.7,139,973.1,98,24.7,27.7,459.0,3.6,131.0,3.4
2026-04-01 18:00:00,2026,4,1,18,Cao Bằng,Xã Tam Kim,22.606427,106.0179879,84,Moderate,1,23.0,66,0.0,4.5,140,973.3,96,25.6,27.9,501.0,6.5,117.0,3.9
2026-04-01 19:00:00,2026,4,1,19,Cao Bằng,Xã Tam Kim,22.606427,106.0179879,87,Moderate,1,21.5,69,0.0,1.8,233,973.9,12,40.5,43.9,517.0,9.2,102.0,4.8
2026-04-01 20:00:00,2026,4,1,20,Cao Bằng,Xã Tam Kim,22.606427,106.0179879,84,Moderate,1,20.2,77,0.0,2.8,235,974.7,13,40.3,43.4,483.0,8.9,100.0,5.1
2026-04-01 21:00:00,2026,4,1,21,Cao Bằng,Xã Tam Kim,22.606427,106.0179879,79,Moderate,1,19.4,83,0.0,3.5,204,975.4,8,39.9,42.8,422.0,8.5,97.0,5.6
2026-04-01 22:00:00,2026,4,1,22,Cao Bằng,Xã Tam Kim,22.606427,106.0179879,79,Moderate,1,19.0,85,0.0,4.5,180,975.9,5,40.0,43.0,379.0,8.2,94.0,6.5
2026-04-01 23:00:00,2026,4,1,23,Cao Bằng,Xã Tam Kim,22.606427,106.0179879,79,Moderate,1,18.7,85,0.0,2.9,191,975.8,11,40.7,43.8,374.0,7.9,92.0,8.1
2026-04-02 00:00:00,2026,4,2,0,Cao Bằng,Xã Tam Kim,22.606427,106.0179879,79,Moderate,1,18.6,85,0.0,0.6,252,975.7,45,41.8,44.8,386.0,7.6,90.0,10.1
2026-04-02 01:00:00,2026,4,2,1,Cao Bằng,Xã Tam Kim,22.606427,106.0179879,80,Moderate,1,18.7,85,0.0,1.7,148,975.0,63,43.4,46.6,399.0,7.5,87.0,11.7
2026-04-02 02:00:00,2026,4,2,2,Cao Bằng,Xã Tam Kim,22.606427,106.0179879,82,Moderate,1,19.9,83,0.0,1.2,63,974.9,67,45.4,48.4,407.0,7.6,81.0,12.5
2026-04-02 03:00:00,2026,4,2,3,Cao Bằng,Xã Tam Kim,22.606427,106.0179879,84,Moderate,1,19.6,84,0.0,2.2,81,974.4,88,48.2,51.2,415.0,7.8,74.0,13.0
2026-04-02 04:00:00,2026,4,2,4,Cao Bằng,Xã Tam Kim,22.606427,106.0179879,87,Moderate,1,19.9,84,0.0,2.4,81,974.1,78,54.4,57.6,425.0,8.1,68.0,13.9
2026-04-02 05:00:00,2026,4,2,5,Cao Bằng,Xã Tam Kim,22.606427,106.0179879,90,Moderate,1,20.0,85,0.0,2.9,101,974.2,96,65.9,70.1,443.0,8.5,64.0,16.1
2026-04-02 06:00:00,2026,4,2,6,Cao Bằng,Xã Tam Kim,22.606427,106.0179879,94,Moderate,1,20.1,87,0.0,3.3,96,974.5,100,72.2,76.6,463.0,8.9,62.0,18.6
2026-04-02 07:00:00,2026,4,2,7,Cao Bằng,Xã Tam Kim,22.606427,106.0179879,99,Moderate,1,20.7,82,0.0,1.7,18,975.5,100,76.4,80.8,462.0,8.3,67.0,18.7
2026-04-02 08:00:00,2026,4,2,8,Cao Bằng,Xã Tam Kim,22.606427,106.0179879,104,Unhealthy for Sensitive Groups,2,21.9,79,0.0,4.0,100,976.4,100,72.2,76.8,420.0,7.4,76.0,16.0
2026-04-02 09:00:00,2026,4,2,9,Cao Bằng,Xã Tam Kim,22.606427,106.0179879,110,Unhealthy for Sensitive Groups,2,22.9,77,0.0,6.1,148,976.2,100,65.0,70.1,358.0,6.1,89.0,12.3
2026-04-02 10:00:00,2026,4,2,10,Cao Bằng,Xã Tam Kim,22.606427,106.0179879,114,Unhealthy for Sensitive Groups,2,24.5,73,0.1,10.1,176,975.8,100,63.8,68.7,319.0,5.0,101.0,8.9
2026-04-02 11:00:00,2026,4,2,11,Cao Bằng,Xã Tam Kim,22.606427,106.0179879,119,Unhealthy for Sensitive Groups,2,26.2,66,0.0,10.5,183,974.6,45,62.2,66.8,326.0,4.2,111.0,6.1
2026-04-02 12:00:00,2026,4,2,12,Cao Bằng,Xã Tam Kim,22.606427,106.0179879,123,Unhealthy for Sensitive Groups,2,27.9,60,0.0,11.2,185,973.4,36,64.3,69.2,356.0,3.6,120.0,3.7
2026-04-02 13:00:00,2026,4,2,13,Cao Bằng,Xã Tam Kim,22.606427,106.0179879,128,Unhealthy for Sensitive Groups,2,27.4,58,0.0,13.0,190,972.6,33,64.7,69.8,384.0,3.2,129.0,2.1
2026-04-02 14:00:00,2026,4,2,14,Cao Bằng,Xã Tam Kim,22.606427,106.0179879,132,Unhealthy for Sensitive Groups,2,28.5,55,0.0,14.3,198,971.1,28,68.7,75.7,397.0,3.0,142.0,1.8
2026-04-02 15:00:00,2026,4,2,15,Cao Bằng,Xã Tam Kim,22.606427,106.0179879,137,Unhealthy for Sensitive Groups,2,29.3,52,0.0,14.6,198,969.7,20,74.5,83.1,406.0,3.1,155.0,2.3
2026-04-02 16:00:00,2026,4,2,16,Cao Bằng,Xã Tam Kim,22.606427,106.0179879,142,Unhealthy for Sensitive Groups,2,28.5,56,0.0,13.6,188,969.2,7,79.6,88.2,425.0,3.9,162.0,3.3
2026-04-02 17:00:00,2026,4,2,17,Cao Bằng,Xã Tam Kim,22.606427,106.0179879,148,Unhealthy for Sensitive Groups,2,26.9,64,0.0,12.1,186,969.4,20,84.3,93.1,467.0,5.8,159.0,4.8
2026-04-02 18:00:00,2026,4,2,18,Cao Bằng,Xã Tam Kim,22.606427,106.0179879,151,Unhealthy,3,24.9,72,0.0,9.9,171,969.5,6,85.9,92.9,518.0,8.3,151.0,6.7
2026-04-02 19:00:00,2026,4,2,19,Cao Bằng,Xã Tam Kim,22.606427,106.0179879,152,Unhealthy,3,22.4,83,0.0,5.9,166,970.4,9,87.5,94.3,545.0,13.8,122.0,5.5
2026-04-02 20:00:00,2026,4,2,20,Cao Bằng,Xã Tam Kim,22.606427,106.0179879,153,Unhealthy,3,21.7,87,0.0,3.1,144,971.0,1,89.2,95.2,528.0,14.7,110.0,5.9
2026-04-02 21:00:00,2026,4,2,21,Cao Bằng,Xã Tam Kim,22.606427,106.0179879,154,Unhealthy,3,20.9,90,0.0,2.7,148,971.6,15,91.5,97.6,487.0,15.7,93.0,6.6
2026-04-02 22:00:00,2026,4,2,22,Cao Bằng,Xã Tam Kim,22.606427,106.0179879,155,Unhealthy,3,21.4,89,0.0,2.6,141,971.9,91,93.6,99.4,447.0,16.0,81.0,7.2
2026-04-02 23:00:00,2026,4,2,23,Cao Bằng,Xã Tam Kim,22.606427,106.0179879,157,Unhealthy,3,21.9,88,0.0,2.3,108,971.6,80,92.9,98.0,414.0,14.7,80.0,7.8
2026-04-03 00:00:00,2026,4,3,0,Cao Bằng,Xã Tam Kim,22.606427,106.0179879,158,Unhealthy,3,21.9,90,0.0,3.0,107,971.3,99,92.2,97.1,381.0,12.6,85.0,8.4
2026-04-03 01:00:00,2026,4,3,1,Cao Bằng,Xã Tam Kim,22.606427,106.0179879,159,Unhealthy,3,22.2,92,0.0,2.2,99,970.8,97,91.5,96.4,354.0,10.6,88.0,8.8
2026-04-03 02:00:00,2026,4,3,2,Cao Bằng,Xã Tam Kim,22.606427,106.0179879,160,Unhealthy,3,22.7,92,0.0,4.2,83,970.5,100,88.5,92.7,331.0,9.1,87.0,9.1
2026-04-03 03:00:00,2026,4,3,3,Cao Bằng,Xã Tam Kim,22.606427,106.0179879,161,Unhealthy,3,22.9,94,0.0,4.8,77,970.3,100,78.9,82.4,312.0,7.8,84.0,9.2
2026-04-03 04:00:00,2026,4,3,4,Cao Bằng,Xã Tam Kim,22.606427,106.0179879,162,Unhealthy,3,22.6,96,0.1,4.3,92,970.0,100,67.8,70.5,306.0,6.8,81.0,9.2
2026-04-03 05:00:00,2026,4,3,5,Cao Bằng,Xã Tam Kim,22.606427,106.0179879,162,Unhealthy,3,22.5,96,0.0,4.3,112,970.1,95,55.5,57.5,318.0,6.6,76.0,9.1
2026-04-03 06:00:00,2026,4,3,6,Cao Bằng,Xã Tam Kim,22.606427,106.0179879,162,Unhealthy,3,22.6,96,0.0,4.2,110,970.4,98,44.8,46.3,343.0,6.7,72.0,8.8
2026-04-03 07:00:00,2026,4,3,7,Cao Bằng,Xã Tam Kim,22.606427,106.0179879,161,Unhealthy,3,23.4,94,0.0,4.7,113,970.8,63,19.5,20.4,364.0,5.7,82.0,8.9
2026-04-03 08:00:00,2026,4,3,8,Cao Bằng,Xã Tam Kim,22.606427,106.0179879,160,Unhealthy,3,25.0,85,0.0,3.0,123,971.6,16,34.3,38.8,379.0,4.6,98.0,7.7
2026-04-03 09:00:00,2026,4,3,9,Cao Bằng,Xã Tam Kim,22.606427,106.0179879,159,Unhealthy,3,27.3,70,0.0,1.2,51,972.1,26,46.4,53.7,392.0,3.1,121.0,6.0
2026-04-03 10:00:00,2026,4,3,10,Cao Bằng,Xã Tam Kim,22.606427,106.0179879,159,Unhealthy,3,29.2,61,0.0,1.9,56,971.9,13,58.8,70.1,398.0,1.9,140.0,4.7
2026-04-03 11:00:00,2026,4,3,11,Cao Bằng,Xã Tam Kim,22.606427,106.0179879,158,Unhealthy,3,31.2,54,0.0,1.8,79,971.2,6,65.0,78.2,396.0,1.5,151.0,4.0
2026-04-03 12:00:00,2026,4,3,12,Cao Bằng,Xã Tam Kim,22.606427,106.0179879,159,Unhealthy,3,32.8,47,0.0,1.2,153,970.1,10,67.1,81.3,387.0,1.4,157.0,3.7
2026-04-03 13:00:00,2026,4,3,13,Cao Bằng,Xã Tam Kim,22.606427,106.0179879,159,Unhealthy,3,33.6,43,0.0,2.9,133,968.6,22,64.0,78.0,374.0,1.4,161.0,3.4
2026-04-03 14:00:00,2026,4,3,14,Cao Bằng,Xã Tam Kim,22.606427,106.0179879,159,Unhealthy,3,34.3,38,0.0,1.3,164,967.7,30,57.9,71.0,346.0,1.0,163.0,3.2
2026-04-03 15:00:00,2026,4,3,15,Cao Bằng,Xã Tam Kim,22.606427,106.0179879,158,Unhealthy,3,34.2,37,0.0,2.9,22,967.1,20,53.4,66.6,314.0,0.8,162.0,3.1
2026-04-03 16:00:00,2026,4,3,16,Cao Bằng,Xã Tam Kim,22.606427,106.0179879,158,Unhealthy,3,33.1,40,0.1,4.6,54,966.8,21,52.2,65.2,309.0,1.8,155.0,3.1
2026-04-03 17:00:00,2026,4,3,17,Cao Bằng,Xã Tam Kim,22.606427,106.0179879,157,Unhealthy,3,31.3,59,0.0,2.7,337,966.9,56,54.2,66.8,363.0,5.2,139.0,3.4
2026-04-03 18:00:00,2026,4,3,18,Cao Bằng,Xã Tam Kim,22.606427,106.0179879,157,Unhealthy,3,28.5,58,0.0,5.0,308,967.3,34,54.1,65.9,445.0,9.9,118.0,3.8
2026-04-03 19:00:00,2026,4,3,19,Cao Bằng,Xã Tam Kim,22.606427,106.0179879,156,Unhealthy,3,26.6,62,0.0,0.6,236,968.4,2,62.6,74.7,491.0,20.6,105.0,6.3
2026-04-03 20:00:00,2026,4,3,20,Cao Bằng,Xã Tam Kim,22.606427,106.0179879,155,Unhealthy,3,25.7,64,0.0,2.0,280,969.4,4,64.0,76.4,462.0,19.1,97.0,5.8
2026-04-03 21:00:00,2026,4,3,21,Cao Bằng,Xã Tam Kim,22.606427,106.0179879,155,Unhealthy,3,24.7,64,0.0,4.5,277,970.1,34,64.0,76.1,398.0,16.9,87.0,5.1
2026-04-03 22:00:00,2026,4,3,22,Cao Bằng,Xã Tam Kim,22.606427,106.0179879,154,Unhealthy,3,24.4,66,0.7,3.1,270,971.1,88,63.1,74.0,348.0,14.6,81.0,4.5
2026-04-03 23:00:00,2026,4,3,23,Cao Bằng,Xã Tam Kim,22.606427,106.0179879,154,Unhealthy,3,20.6,97,4.7,7.8,331,972.8,95,61.5,72.2,336.0,12.1,84.0,4.1
2026-04-04 00:00:00,2026,4,4,0,Cao Bằng,Xã Tam Kim,22.606427,106.0179879,153,Unhealthy,3,20.7,98,6.1,6.3,323,972.9,48,57.2,67.1,338.0,9.4,91.0,3.9
2026-04-04 01:00:00,2026,4,4,1,Cao Bằng,Xã Tam Kim,22.606427,106.0179879,152,Unhealthy,3,20.7,97,0.1,4.4,282,972.8,81,57.3,67.5,338.0,7.5,94.0,3.7
2026-04-04 02:00:00,2026,4,4,2,Cao Bằng,Xã Tam Kim,22.606427,106.0179879,151,Unhealthy,3,20.6,96,0.2,4.2,301,972.5,61,51.2,58.3,325.0,6.7,88.0,3.6
2026-04-04 03:00:00,2026,4,4,3,Cao Bằng,Xã Tam Kim,22.606427,106.0179879,150,Unhealthy for Sensitive Groups,2,20.1,96,0.0,8.9,284,971.9,82,44.5,51.6,309.0,6.7,78.0,3.6
2026-04-04 04:00:00,2026,4,4,4,Cao Bằng,Xã Tam Kim,22.606427,106.0179879,149,Unhealthy for Sensitive Groups,2,20.2,91,0.0,7.8,296,971.5,40,44.1,50.5,309.0,6.7,71.0,3.6
2026-04-04 05:00:00,2026,4,4,5,Cao Bằng,Xã Tam Kim,22.606427,106.0179879,146,Unhealthy for Sensitive Groups,2,19.6,95,0.0,7.9,286,971.6,22,45.2,51.3,339.0,6.8,68.0,3.7
2026-04-04 06:00:00,2026,4,4,6,Cao Bằng,Xã Tam Kim,22.606427,106.0179879,145,Unhealthy for Sensitive Groups,2,19.8,90,0.0,7.7,288,972.2,33,29.8,33.3,384.0,6.9,67.0,3.9
2026-04-04 07:00:00,2026,4,4,7,Cao Bằng,Xã Tam Kim,22.606427,106.0179879,144,Unhealthy for Sensitive Groups,2,21.2,93,0.0,5.1,276,973.2,80,52.4,58.4,414.0,6.8,64.0,3.5
2026-04-04 08:00:00,2026,4,4,8,Cao Bằng,Xã Tam Kim,22.606427,106.0179879,147,Unhealthy for Sensitive Groups,2,22.8,84,0.0,4.0,297,974.0,54,43.8,48.8,415.0,5.2,80.0,3.2
2026-04-04 09:00:00,2026,4,4,9,Cao Bằng,Xã Tam Kim,22.606427,106.0179879,148,Unhealthy for Sensitive Groups,2,24.3,70,0.0,3.7,305,974.3,37,36.0,40.4,402.0,3.0,102.0,2.8
2026-04-04 10:00:00,2026,4,4,10,Cao Bằng,Xã Tam Kim,22.606427,106.0179879,147,Unhealthy for Sensitive Groups,2,25.8,61,0.0,2.7,328,974.0,30,32.6,37.1,390.0,1.4,120.0,2.4
2026-04-04 11:00:00,2026,4,4,11,Cao Bằng,Xã Tam Kim,22.606427,106.0179879,144,Unhealthy for Sensitive Groups,2,27.4,58,0.0,0.9,307,973.3,100,32.9,38.5,384.0,0.9,129.0,2.1
2026-04-04 12:00:00,2026,4,4,12,Cao Bằng,Xã Tam Kim,22.606427,106.0179879,141,Unhealthy for Sensitive Groups,2,27.7,57,0.0,1.1,252,972.0,85,39.3,46.9,379.0,1.0,134.0,1.9
2026-04-04 13:00:00,2026,4,4,13,Cao Bằng,Xã Tam Kim,22.606427,106.0179879,138,Unhealthy for Sensitive Groups,2,29.5,48,0.0,3.0,107,970.2,41,41.2,49.0,377.0,1.1,137.0,1.7
2026-04-04 14:00:00,2026,4,4,14,Cao Bằng,Xã Tam Kim,22.606427,106.0179879,136,Unhealthy for Sensitive Groups,2,30.5,45,0.0,2.2,125,969.2,54,42.1,49.7,374.0,0.8,141.0,1.5
2026-04-04 15:00:00,2026,4,4,15,Cao Bằng,Xã Tam Kim,22.606427,106.0179879,134,Unhealthy for Sensitive Groups,2,31.1,43,0.0,4.7,187,968.2,50,43.0,50.5,373.0,0.6,144.0,1.4
2026-04-04 16:00:00,2026,4,4,16,Cao Bằng,Xã Tam Kim,22.606427,106.0179879,133,Unhealthy for Sensitive Groups,2,31.1,43,0.0,6.6,197,967.5,70,43.2,50.6,385.0,1.4,141.0,1.4
2026-04-04 17:00:00,2026,4,4,17,Cao Bằng,Xã Tam Kim,22.606427,106.0179879,132,Unhealthy for Sensitive Groups,2,29.8,51,0.0,7.0,179,967.0,63,43.2,49.9,424.0,4.0,129.0,1.7
2026-04-04 18:00:00,2026,4,4,18,Cao Bằng,Xã Tam Kim,22.606427,106.0179879,131,Unhealthy for Sensitive Groups,2,26.3,64,0.0,7.5,159,967.0,95,43.9,49.8,475.0,7.6,112.0,2.2
2026-04-04 19:00:00,2026,4,4,19,Cao Bằng,Xã Tam Kim,22.606427,106.0179879,130,Unhealthy for Sensitive Groups,2,24.0,72,0.0,5.0,165,967.8,20,49.4,56.0,505.0,10.1,101.0,2.7
2026-04-04 20:00:00,2026,4,4,20,Cao Bằng,Xã Tam Kim,22.606427,106.0179879,128,Unhealthy for Sensitive Groups,2,23.2,77,0.0,6.1,178,968.4,27,48.7,55.2,494.0,10.2,99.0,3.1
2026-04-04 21:00:00,2026,4,4,21,Cao Bằng,Xã Tam Kim,22.606427,106.0179879,127,Unhealthy for Sensitive Groups,2,22.3,81,0.0,4.1,178,969.0,30,48.0,53.8,462.0,10.4,95.0,3.7
2026-04-04 22:00:00,2026,4,4,22,Cao Bằng,Xã Tam Kim,22.606427,106.0179879,125,Unhealthy for Sensitive Groups,2,21.5,85,0.0,2.9,184,969.3,91,48.8,54.2,438.0,10.9,90.0,4.2
2026-04-04 23:00:00,2026,4,4,23,Cao Bằng,Xã Tam Kim,22.606427,106.0179879,124,Unhealthy for Sensitive Groups,2,20.9,88,0.0,1.3,214,969.4,17,50.9,56.1,434.0,12.2,81.0,4.5
2026-04-05 00:00:00,2026,4,5,0,Cao Bằng,Xã Tam Kim,22.606427,106.0179879,123,Unhealthy for Sensitive Groups,2,20.5,90,0.0,0.9,233,969.2,3,53.2,58.2,439.0,13.8,71.0,4.6
2026-04-05 01:00:00,2026,4,5,1,Cao Bằng,Xã Tam Kim,22.606427,106.0179879,122,Unhealthy for Sensitive Groups,2,20.4,91,0.0,1.1,189,968.6,63,55.6,60.5,441.0,14.6,63.0,4.9
2026-04-05 02:00:00,2026,4,5,2,Cao Bằng,Xã Tam Kim,22.606427,106.0179879,122,Unhealthy for Sensitive Groups,2,20.7,91,0.0,1.0,202,968.3,73,57.7,62.4,435.0,14.1,60.0,5.3
2026-04-05 03:00:00,2026,4,5,3,Cao Bằng,Xã Tam Kim,22.606427,106.0179879,123,Unhealthy for Sensitive Groups,2,20.8,90,0.0,0.4,207,968.0,76,59.6,63.8,427.0,12.9,59.0,5.7
2026-04-05 04:00:00,2026,4,5,4,Cao Bằng,Xã Tam Kim,22.606427,106.0179879,124,Unhealthy for Sensitive Groups,2,21.1,91,0.0,1.7,103,967.9,97,63.3,67.1,427.0,11.5,62.0,6.5
2026-04-05 05:00:00,2026,4,5,5,Cao Bằng,Xã Tam Kim,22.606427,106.0179879,126,Unhealthy for Sensitive Groups,2,21.4,92,0.0,2.1,105,968.4,100,68.2,71.7,447.0,10.2,69.0,8.3
2026-04-05 06:00:00,2026,4,5,6,Cao Bằng,Xã Tam Kim,22.606427,106.0179879,129,Unhealthy for Sensitive Groups,2,21.6,93,0.0,4.0,108,968.8,100,73.8,77.3,475.0,8.7,79.0,10.3
2026-04-05 07:00:00,2026,4,5,7,Cao Bằng,Xã Tam Kim,22.606427,106.0179879,133,Unhealthy for Sensitive Groups,2,22.8,90,0.0,6.6,119,969.1,100,58.7,61.2,490.0,6.1,92.0,8.1
2026-04-05 08:00:00,2026,4,5,8,Cao Bằng,Xã Tam Kim,22.606427,106.0179879,134,Unhealthy for Sensitive Groups,2,24.2,82,0.0,7.9,147,969.8,100,54.6,58.2,475.0,5.1,105.0,6.9
2026-04-05 09:00:00,2026,4,5,9,Cao Bằng,Xã Tam Kim,22.606427,106.0179879,135,Unhealthy for Sensitive Groups,2,25.6,74,0.1,5.9,149,970.0,88,63.8,69.8,446.0,3.6,122.0,5.2
2026-04-05 10:00:00,2026,4,5,10,Cao Bằng,Xã Tam Kim,22.606427,106.0179879,138,Unhealthy for Sensitive Groups,2,28.0,62,0.0,6.2,190,969.6,97,72.9,81.5,427.0,2.5,138.0,3.9
2026-04-05 11:00:00,2026,4,5,11,Cao Bằng,Xã Tam Kim,22.606427,106.0179879,142,Unhealthy for Sensitive Groups,2,30.5,52,0.0,8.7,201,968.8,91,78.0,88.2,430.0,1.9,148.0,3.2
2026-04-05 12:00:00,2026,4,5,12,Cao Bằng,Xã Tam Kim,22.606427,106.0179879,147,Unhealthy for Sensitive Groups,2,31.5,49,0.0,13.1,216,967.7,82,81.3,92.2,442.0,1.5,157.0,3.0
2026-04-05 13:00:00,2026,4,5,13,Cao Bằng,Xã Tam Kim,22.606427,106.0179879,150,Unhealthy for Sensitive Groups,2,32.1,48,0.0,8.1,193,966.7,100,82.0,93.6,456.0,1.4,165.0,3.0
2026-04-05 14:00:00,2026,4,5,14,Cao Bằng,Xã Tam Kim,22.606427,106.0179879,151,Unhealthy,3,32.5,47,0.0,9.5,195,965.5,95,82.9,94.8,464.0,1.1,177.0,3.5
2026-04-05 15:00:00,2026,4,5,15,Cao Bằng,Xã Tam Kim,22.606427,106.0179879,152,Unhealthy,3,32.5,48,0.0,9.0,196,964.8,42,84.5,96.9,473.0,1.1,189.0,4.3
2026-04-05 16:00:00,2026,4,5,16,Cao Bằng,Xã Tam Kim,22.606427,106.0179879,153,Unhealthy,3,32.0,50,0.0,6.7,188,964.5,41,87.3,99.4,493.0,2.3,191.0,5.1
2026-04-05 17:00:00,2026,4,5,17,Cao Bằng,Xã Tam Kim,22.606427,106.0179879,154,Unhealthy,3,30.7,57,0.0,5.5,163,964.6,28,90.3,101.5,534.0,6.0,176.0,5.9
2026-04-05 18:00:00,2026,4,5,18,Cao Bằng,Xã Tam Kim,22.606427,106.0179879,155,Unhealthy,3,27.2,71,0.0,8.0,162,964.4,49,93.6,103.4,586.0,10.9,152.0,6.8
2026-04-05 19:00:00,2026,4,5,19,Cao Bằng,Xã Tam Kim,22.606427,106.0179879,156,Unhealthy,3,25.3,83,0.0,9.0,180,965.2,32,97.1,108.3,625.0,14.1,119.0,5.5
2026-04-05 20:00:00,2026,4,5,20,Cao Bằng,Xã Tam Kim,22.606427,106.0179879,157,Unhealthy,3,24.2,88,0.0,5.8,180,965.9,97,101.3,112.9,642.0,13.7,119.0,5.9
2026-04-05 21:00:00,2026,4,5,21,Cao Bằng,Xã Tam Kim,22.606427,106.0179879,158,Unhealthy,3,23.8,90,0.0,1.9,158,967.0,52,105.0,115.9,646.0,13.2,120.0,6.3
2026-04-05 22:00:00,2026,4,5,22,Cao Bằng,Xã Tam Kim,22.606427,106.0179879,159,Unhealthy,3,23.1,92,0.0,0.5,225,967.8,61,111.1,122.0,640.0,12.8,119.0,6.8
2026-04-05 23:00:00,2026,4,5,23,Cao Bằng,Xã Tam Kim,22.606427,106.0179879,161,Unhealthy,3,22.4,95,0.0,0.2,270,967.9,95,116.9,128.1,622.0,12.6,117.0,7.4
2026-04-06 00:00:00,2026,4,6,0,Cao Bằng,Xã Tam Kim,22.606427,106.0179879,162,Unhealthy,3,21.8,96,0.0,0.6,252,967.4,100,121.1,132.2,594.0,12.6,114.0,7.9
2026-04-06 01:00:00,2026,4,6,1,Cao Bằng,Xã Tam Kim,22.606427,106.0179879,164,Unhealthy,3,22.1,95,0.0,0.4,270,967.4,92,124.3,135.0,569.0,12.6,110.0,7.7
2026-04-06 02:00:00,2026,4,6,2,Cao Bằng,Xã Tam Kim,22.606427,106.0179879,165,Unhealthy,3,22.1,94,0.0,0.3,225,967.1,24,127.6,138.8,544.0,12.7,105.0,5.9
2026-04-06 03:00:00,2026,4,6,3,Cao Bằng,Xã Tam Kim,22.606427,106.0179879,167,Unhealthy,3,21.9,94,0.0,0.9,217,966.9,13,137.4,149.0,522.0,12.8,99.0,3.3
2026-04-06 04:00:00,2026,4,6,4,Cao Bằng,Xã Tam Kim,22.606427,106.0179879,169,Unhealthy,3,21.7,95,0.0,0.6,214,967.1,38,145.8,157.9,517.0,12.5,96.0,1.4
2026-04-06 05:00:00,2026,4,6,5,Cao Bằng,Xã Tam Kim,22.606427,106.0179879,170,Unhealthy,3,21.5,95,0.0,1.4,203,967.3,57,150.9,163.0,549.0,11.5,95.0,0.3
2026-04-06 06:00:00,2026,4,6,6,Cao Bằng,Xã Tam Kim,22.606427,106.0179879,172,Unhealthy,3,21.7,95,0.0,1.1,189,967.8,88,155.5,167.6,599.0,10.1,98.0,0.0
2026-04-06 07:00:00,2026,4,6,7,Cao Bằng,Xã Tam Kim,22.606427,106.0179879,174,Unhealthy,3,23.3,92,0.0,2.6,102,968.6,100,148.5,159.7,627.0,6.6,111.0,0.6
2026-04-06 08:00:00,2026,4,6,8,Cao Bằng,Xã Tam Kim,22.606427,106.0179879,176,Unhealthy,3,25.0,88,0.0,5.3,78,969.6,100,141.1,152.7,610.0,5.4,134.0,2.2
2026-04-06 09:00:00,2026,4,6,9,Cao Bằng,Xã Tam Kim,22.606427,106.0179879,178,Unhealthy,3,27.9,77,0.0,3.9,112,969.9,48,139.2,152.3,571.0,3.6,165.0,4.4
2026-04-06 10:00:00,2026,4,6,10,Cao Bằng,Xã Tam Kim,22.606427,106.0179879,179,Unhealthy,3,31.1,65,0.0,5.5,113,969.5,7,136.9,150.9,536.0,2.3,187.0,6.2
2026-04-06 11:00:00,2026,4,6,11,Cao Bằng,Xã Tam Kim,22.606427,106.0179879,181,Unhealthy,3,33.5,53,0.0,7.2,193,968.9,37,129.5,144.4,514.0,1.7,192.0,7.5
2026-04-06 12:00:00,2026,4,6,12,Cao Bằng,Xã Tam Kim,22.606427,106.0179879,182,Unhealthy,3,35.0,47,0.0,9.8,220,968.0,32,114.6,129.0,495.0,1.6,188.0,8.4
2026-04-06 13:00:00,2026,4,6,13,Cao Bằng,Xã Tam Kim,22.606427,106.0179879,183,Unhealthy,3,35.7,40,0.0,14.1,223,966.9,5,95.2,107.8,476.0,1.5,183.0,8.7
2026-04-06 14:00:00,2026,4,6,14,Cao Bằng,Xã Tam Kim,22.606427,106.0179879,183,Unhealthy,3,36.4,35,0.0,13.5,232,966.3,24,81.5,92.0,446.0,1.0,182.0,7.8
2026-04-06 15:00:00,2026,4,6,15,Cao Bằng,Xã Tam Kim,22.606427,106.0179879,183,Unhealthy,3,36.5,33,0.0,10.5,232,965.4,23,75.7,85.2,417.0,0.7,181.0,6.3
2026-04-06 16:00:00,2026,4,6,16,Cao Bằng,Xã Tam Kim,22.606427,106.0179879,183,Unhealthy,3,35.5,39,0.0,8.9,232,965.1,1,75.4,85.2,414.0,1.8,174.0,5.3
2026-04-06 17:00:00,2026,4,6,17,Cao Bằng,Xã Tam Kim,22.606427,106.0179879,183,Unhealthy,3,33.9,46,0.0,5.3,213,964.9,3,79.4,88.7,459.0,5.7,158.0,5.5
2026-04-06 18:00:00,2026,4,6,18,Cao Bằng,Xã Tam Kim,22.606427,106.0179879,182,Unhealthy,3,30.0,57,0.0,6.2,172,964.9,3,85.4,95.2,531.0,11.0,138.0,6.2
2026-04-06 19:00:00,2026,4,6,19,Cao Bằng,Xã Tam Kim,22.606427,106.0179879,182,Unhealthy,3,27.3,79,0.0,4.7,187,965.4,14,99.0,110.1,596.0,16.1,131.0,8.1
2026-04-06 20:00:00,2026,4,6,20,Cao Bằng,Xã Tam Kim,22.606427,106.0179879,182,Unhealthy,3,25.9,86,0.0,2.1,211,966.1,2,104.3,116.4,645.0,16.7,123.0,8.5
2026-04-06 21:00:00,2026,4,6,21,Cao Bằng,Xã Tam Kim,22.606427,106.0179879,182,Unhealthy,3,24.7,90,0.0,0.8,243,967.1,0,108.0,120.1,687.0,17.6,113.0,9.0
2026-04-06 22:00:00,2026,4,6,22,Cao Bằng,Xã Tam Kim,22.606427,106.0179879,182,Unhealthy,3,23.9,92,0.0,2.0,275,967.7,0,113.2,126.2,719.0,18.0,108.0,9.7
2026-04-06 23:00:00,2026,4,6,23,Cao Bằng,Xã Tam Kim,22.606427,106.0179879,182,Unhealthy,3,23.4,92,0.0,3.5,279,967.9,0,120.6,134.1,741.0,17.5,113.0,10.8
2026-04-07 00:00:00,2026,4,7,0,Cao Bằng,Xã Tam Kim,22.606427,106.0179879,182,Unhealthy,3,23.2,92,0.0,2.5,270,967.8,0,128.1,142.5,753.0,16.5,123.0,12.1
2026-04-07 01:00:00,2026,4,7,1,Cao Bằng,Xã Tam Kim,22.606427,106.0179879,183,Unhealthy,3,23.7,90,0.0,1.5,263,967.6,1,134.6,149.5,750.0,15.7,127.0,12.8
2026-04-07 02:00:00,2026,4,7,2,Cao Bằng,Xã Tam Kim,22.606427,106.0179879,183,Unhealthy,3,23.9,90,0.0,2.1,285,967.3,48,139.2,154.6,715.0,15.4,121.0,12.6
2026-04-07 03:00:00,2026,4,7,3,Cao Bằng,Xã Tam Kim,22.606427,106.0179879,183,Unhealthy,3,23.4,92,0.0,2.0,260,967.4,100,140.2,155.5,664.0,15.4,109.0,11.8
2026-04-07 04:00:00,2026,4,7,4,Cao Bằng,Xã Tam Kim,22.606427,106.0179879,183,Unhealthy,3,23.1,92,0.0,4.7,261,968.0,100,136.4,150.4,644.0,15.2,97.0,10.9
2026-04-07 05:00:00,2026,4,7,5,Cao Bằng,Xã Tam Kim,22.606427,106.0179879,183,Unhealthy,3,23.6,90,0.0,4.7,254,968.8,100,130.9,143.4,693.0,15.2,80.0,9.2
2026-04-07 06:00:00,2026,4,7,6,Cao Bằng,Xã Tam Kim,22.606427,106.0179879,182,Unhealthy,3,23.3,94,0.0,4.0,231,969.6,100,124.8,136.4,773.0,15.2,62.0,7.3
2026-04-07 07:00:00,2026,4,7,7,Cao Bằng,Xã Tam Kim,22.606427,106.0179879,182,Unhealthy,3,24.1,99,0.0,3.7,191,970.5,100,142.5,153.2,808.0,15.1,67.0,5.1
2026-04-07 08:00:00,2026,4,7,8,Cao Bằng,Xã Tam Kim,22.606427,106.0179879,182,Unhealthy,3,25.0,96,0.0,4.2,170,971.3,100,129.0,140.2,755.0,11.5,105.0,11.5
2026-04-07 09:00:00,2026,4,7,9,Cao Bằng,Xã Tam Kim,22.606427,106.0179879,181,Unhealthy,3,26.4,87,0.1,4.1,151,971.7,100,122.9,136.4,658.0,6.4,158.0,20.1
2026-04-07 10:00:00,2026,4,7,10,Cao Bằng,Xã Tam Kim,22.606427,106.0179879,181,Unhealthy,3,28.4,76,0.1,2.8,130,972.0,100,122.5,136.9,575.0,2.7,196.0,25.0
2026-04-07 11:00:00,2026,4,7,11,Cao Bằng,Xã Tam Kim,22.606427,106.0179879,181,Unhealthy,3,30.9,65,0.0,2.7,82,971.4,46,118.5,133.2,529.0,1.5,205.0,22.8
2026-04-07 12:00:00,2026,4,7,12,Cao Bằng,Xã Tam Kim,22.606427,106.0179879,180,Unhealthy,3,33.4,55,0.0,5.4,94,970.4,24,104.5,118.3,496.0,1.5,199.0,17.0
2026-04-07 13:00:00,2026,4,7,13,Cao Bằng,Xã Tam Kim,22.606427,106.0179879,180,Unhealthy,3,34.6,49,0.0,8.8,121,969.1,61,88.0,99.4,470.0,1.7,191.0,11.9
2026-04-07 14:00:00,2026,4,7,14,Cao Bằng,Xã Tam Kim,22.606427,106.0179879,180,Unhealthy,3,36.8,35,0.0,6.4,158,968.0,19,75.7,85.2,441.0,1.3,187.0,9.2
2026-04-07 15:00:00,2026,4,7,15,Cao Bằng,Xã Tam Kim,22.606427,106.0179879,180,Unhealthy,3,36.8,33,0.0,8.5,198,967.2,13,67.8,76.4,417.0,1.1,182.0,7.2
2026-04-07 16:00:00,2026,4,7,16,Cao Bằng,Xã Tam Kim,22.606427,106.0179879,180,Unhealthy,3,36.1,36,0.0,8.5,180,966.9,10,64.3,71.9,417.0,2.1,174.0,6.0
2026-04-07 17:00:00,2026,4,7,17,Cao Bằng,Xã Tam Kim,22.606427,106.0179879,180,Unhealthy,3,33.9,45,0.0,8.8,163,967.0,18,65.7,72.9,461.0,5.2,159.0,5.7
2026-04-07 18:00:00,2026,4,7,18,Cao Bằng,Xã Tam Kim,22.606427,106.0179879,179,Unhealthy,3,30.3,59,0.0,9.2,181,967.5,5,68.9,76.1,529.0,9.6,141.0,6.1
2026-04-07 19:00:00,2026,4,7,19,Cao Bằng,Xã Tam Kim,22.606427,106.0179879,179,Unhealthy,3,28.4,65,0.0,8.6,217,967.7,31,66.6,74.0,578.0,12.0,127.0,6.2
2026-04-07 20:00:00,2026,4,7,20,Cao Bằng,Xã Tam Kim,22.606427,106.0179879,178,Unhealthy,3,26.5,74,0.0,4.1,218,967.7,3,72.4,80.8,586.0,13.0,125.0,6.8
2026-04-07 21:00:00,2026,4,7,21,Cao Bằng,Xã Tam Kim,22.606427,106.0179879,177,Unhealthy,3,25.6,78,0.0,2.6,236,968.8,56,77.3,86.4,574.0,14.3,121.0,7.8
2026-04-07 22:00:00,2026,4,7,22,Cao Bằng,Xã Tam Kim,22.606427,106.0179879,177,Unhealthy,3,25.4,78,0.0,0.4,270,969.4,1,82.4,92.7,568.0,15.0,121.0,8.8
2026-04-07 23:00:00,2026,4,7,23,Cao Bằng,Xã Tam Kim,22.606427,106.0179879,176,Unhealthy,3,25.2,78,0.0,0.6,304,969.8,1,87.8,99.0,578.0,14.7,126.0,9.9
2026-04-08 00:00:00,2026,4,8,0,Cao Bằng,Xã Tam Kim,22.606427,106.0179879,175,Unhealthy,3,24.9,80,0.0,0.5,270,969.9,0,94.8,106.9,594.0,13.9,133.0,11.1
2026-04-08 01:00:00,2026,4,8,1,Cao Bằng,Xã Tam Kim,22.606427,106.0179879,175,Unhealthy,3,24.5,83,0.0,0.2,270,968.9,0,102.0,114.8,604.0,12.9,140.0,12.5
2026-04-08 02:00:00,2026,4,8,2,Cao Bằng,Xã Tam Kim,22.606427,106.0179879,174,Unhealthy,3,24.3,85,0.0,0.4,243,968.7,9,108.7,122.0,600.0,11.8,146.0,14.2
2026-04-08 03:00:00,2026,4,8,3,Cao Bằng,Xã Tam Kim,22.606427,106.0179879,173,Unhealthy,3,24.0,86,0.0,1.1,270,968.7,8,114.6,127.6,591.0,10.5,151.0,16.1
2026-04-08 04:00:00,2026,4,8,4,Cao Bằng,Xã Tam Kim,22.606427,106.0179879,173,Unhealthy,3,23.8,86,0.0,1.6,276,969.2,5,118.7,131.8,592.0,9.6,153.0,17.8
2026-04-08 05:00:00,2026,4,8,5,Cao Bằng,Xã Tam Kim,22.606427,106.0179879,172,Unhealthy,3,23.6,86,0.0,0.7,270,969.6,10,122.0,134.6,622.0,9.7,146.0,19.0
2026-04-08 06:00:00,2026,4,8,6,Cao Bằng,Xã Tam Kim,22.606427,106.0179879,172,Unhealthy,3,23.2,88,0.0,0.5,225,969.9,0,122.9,135.0,664.0,10.2,135.0,20.0
2026-04-08 07:00:00,2026,4,8,7,Cao Bằng,Xã Tam Kim,22.606427,106.0179879,172,Unhealthy,3,24.5,88,0.0,2.2,114,970.9,2,107.3,114.8,678.0,10.4,120.0,19.3
2026-04-08 08:00:00,2026,4,8,8,Cao Bằng,Xã Tam Kim,22.606427,106.0179879,171,Unhealthy,3,27.0,79,0.0,4.5,90,971.7,0,95.0,100.8,640.0,8.5,135.0,20.5
2026-04-08 09:00:00,2026,4,8,9,Cao Bằng,Xã Tam Kim,22.606427,106.0179879,171,Unhealthy,3,29.6,69,0.0,6.5,113,972.1,1,77.1,83.8,575.0,6.0,157.0,22.0
2026-04-08 10:00:00,2026,4,8,10,Cao Bằng,Xã Tam Kim,22.606427,106.0179879,170,Unhealthy,3,32.3,57,0.0,8.4,146,972.2,0,76.8,85.4,521.0,3.9,175.0,21.9
2026-04-08 11:00:00,2026,4,8,11,Cao Bằng,Xã Tam Kim,22.606427,106.0179879,169,Unhealthy,3,34.9,44,0.0,10.4,179,971.4,2,80.6,90.3,492.0,2.8,187.0,18.6
2026-04-08 12:00:00,2026,4,8,12,Cao Bằng,Xã Tam Kim,22.606427,106.0179879,168,Unhealthy,3,35.3,41,0.0,11.8,207,970.7,9,75.4,84.3,475.0,2.2,196.0,13.7
2026-04-08 13:00:00,2026,4,8,13,Cao Bằng,Xã Tam Kim,22.606427,106.0179879,167,Unhealthy,3,35.6,38,0.0,11.3,207,969.4,28,70.3,78.2,468.0,1.9,203.0,9.9
2026-04-08 14:00:00,2026,4,8,14,Cao Bằng,Xã Tam Kim,22.606427,106.0179879,167,Unhealthy,3,35.1,41,0.0,10.9,209,968.6,8,66.4,73.3,474.0,1.7,207.0,8.4
2026-04-08 15:00:00,2026,4,8,15,Cao Bằng,Xã Tam Kim,22.606427,106.0179879,167,Unhealthy,3,35.0,41,0.0,14.4,208,967.9,30,64.5,71.0,490.0,1.7,209.0,8.1
2026-04-08 16:00:00,2026,4,8,16,Cao Bằng,Xã Tam Kim,22.606427,106.0179879,172,Unhealthy,3,33.3,49,0.0,13.3,198,967.6,13,66.4,72.6,507.0,2.4,209.0,8.4
2026-04-08 17:00:00,2026,4,8,17,Cao Bằng,Xã Tam Kim,22.606427,106.0179879,184,Unhealthy,3,32.1,58,0.0,7.6,181,967.6,13,70.5,75.4,525.0,4.1,207.0,9.2
2026-04-08 18:00:00,2026,4,8,18,Cao Bằng,Xã Tam Kim,22.606427,106.0179879,191,Unhealthy,3,29.0,71,0.0,5.3,142,967.5,2,75.4,80.6,544.0,6.4,204.0,10.7
2026-04-08 19:00:00,2026,4,8,19,Cao Bằng,Xã Tam Kim,22.606427,106.0179879,196,Unhealthy,3,27.5,79,0.0,5.4,182,967.9,22,92.7,100.6,550.0,9.8,177.0,9.2
2026-04-08 20:00:00,2026,4,8,20,Cao Bằng,Xã Tam Kim,22.606427,106.0179879,195,Unhealthy,3,26.6,81,0.0,4.8,167,968.9,2,98.5,106.9,533.0,10.0,174.0,10.3
2026-04-08 21:00:00,2026,4,8,21,Cao Bằng,Xã Tam Kim,22.606427,106.0179879,191,Unhealthy,3,26.1,84,0.0,4.4,161,969.7,5,100.1,107.8,503.0,10.1,170.0,11.8
2026-04-08 22:00:00,2026,4,8,22,Cao Bằng,Xã Tam Kim,22.606427,106.0179879,186,Unhealthy,3,26.0,85,0.0,0.7,90,970.3,6,101.0,107.8,477.0,10.2,163.0,13.0
2026-04-08 23:00:00,2026,4,8,23,Cao Bằng,Xã Tam Kim,22.606427,106.0179879,179,Unhealthy,3,25.3,88,0.0,1.5,83,970.5,16,101.0,107.1,460.0,10.0,153.0,13.7
2026-04-09 00:00:00,2026,4,9,0,Cao Bằng,Xã Tam Kim,22.606427,106.0179879,170,Unhealthy,3,24.6,91,0.0,2.9,97,970.1,9,99.2,104.8,446.0,9.6,141.0,14.0
2026-04-09 01:00:00,2026,4,9,1,Cao Bằng,Xã Tam Kim,22.606427,106.0179879,169,Unhealthy,3,24.3,94,0.0,7.7,336,970.3,34,93.6,98.5,436.0,9.3,129.0,14.0
2026-04-09 02:00:00,2026,4,9,2,Cao Bằng,Xã Tam Kim,22.606427,106.0179879,169,Unhealthy,3,23.6,93,0.0,4.1,326,970.1,78,85.2,88.9,429.0,9.0,116.0,13.5
2026-04-09 03:00:00,2026,4,9,3,Cao Bằng,Xã Tam Kim,22.606427,106.0179879,168,Unhealthy,3,23.7,91,0.1,2.1,255,970.3,97,76.4,79.6,426.0,8.6,102.0,12.6
2026-04-09 04:00:00,2026,4,9,4,Cao Bằng,Xã Tam Kim,22.606427,106.0179879,168,Unhealthy,3,22.9,94,0.0,1.2,219,969.8,63,69.4,72.4,426.0,8.4,91.0,11.7
2026-04-09 05:00:00,2026,4,9,5,Cao Bằng,Xã Tam Kim,22.606427,106.0179879,167,Unhealthy,3,22.2,94,0.0,0.7,270,970.3,17,64.3,66.8,433.0,8.7,80.0,10.5
2026-04-09 06:00:00,2026,4,9,6,Cao Bằng,Xã Tam Kim,22.606427,106.0179879,165,Unhealthy,3,22.2,95,0.0,1.1,261,970.8,23,60.3,62.6,443.0,9.0,71.0,9.2
2026-04-09 07:00:00,2026,4,9,7,Cao Bằng,Xã Tam Kim,22.606427,106.0179879,164,Unhealthy,3,23.8,90,0.0,0.6,162,972.0,21,88.0,92.0,447.0,4.9,108.0,5.9
2026-04-09 08:00:00,2026,4,9,8,Cao Bằng,Xã Tam Kim,22.606427,106.0179879,164,Unhealthy,3,26.2,80,0.0,2.9,83,972.7,3,70.5,74.3,440.0,4.3,121.0,7.6
2026-04-09 09:00:00,2026,4,9,9,Cao Bằng,Xã Tam Kim,22.606427,106.0179879,163,Unhealthy,3,28.5,71,0.0,5.0,111,972.7,2,61.9,66.4,426.0,3.5,138.0,9.9
2026-04-09 10:00:00,2026,4,9,10,Cao Bằng,Xã Tam Kim,22.606427,106.0179879,163,Unhealthy,3,31.3,59,0.0,6.2,139,972.3,4,59.4,65.0,410.0,2.8,152.0,11.2
2026-04-09 11:00:00,2026,4,9,11,Cao Bằng,Xã Tam Kim,22.606427,106.0179879,162,Unhealthy,3,33.3,48,0.0,8.7,202,971.6,12,61.9,67.8,390.0,2.2,159.0,10.7
2026-04-09 12:00:00,2026,4,9,12,Cao Bằng,Xã Tam Kim,22.606427,106.0179879,162,Unhealthy,3,33.5,46,0.0,13.7,219,970.7,36,55.4,60.3,366.0,1.7,162.0,9.2
2026-04-09 13:00:00,2026,4,9,13,Cao Bằng,Xã Tam Kim,22.606427,106.0179879,161,Unhealthy,3,33.7,43,0.0,13.3,234,969.9,53,48.4,52.3,349.0,1.4,164.0,7.9
2026-04-09 14:00:00,2026,4,9,14,Cao Bằng,Xã Tam Kim,22.606427,106.0179879,161,Unhealthy,3,34.2,39,0.0,13.5,232,969.1,14,42.8,46.1,337.0,1.2,167.0,7.0
2026-04-09 15:00:00,2026,4,9,15,Cao Bằng,Xã Tam Kim,22.606427,106.0179879,160,Unhealthy,3,34.3,38,0.0,13.4,227,968.0,6,40.3,43.3,331.0,1.3,169.0,6.3
2026-04-09 16:00:00,2026,4,9,16,Cao Bằng,Xã Tam Kim,22.606427,106.0179879,160,Unhealthy,3,33.7,39,0.0,12.4,220,967.6,4,40.7,43.4,340.0,1.8,171.0,6.2
2026-04-09 17:00:00,2026,4,9,17,Cao Bằng,Xã Tam Kim,22.606427,106.0179879,159,Unhealthy,3,32.3,46,0.0,7.6,192,967.5,5,43.9,46.3,374.0,3.0,174.0,7.1
2026-04-09 18:00:00,2026,4,9,18,Cao Bằng,Xã Tam Kim,22.606427,106.0179879,159,Unhealthy,3,29.2,62,0.0,9.1,162,967.4,1,48.0,50.3,423.0,4.7,175.0,8.7
2026-04-09 19:00:00,2026,4,9,19,Cao Bằng,Xã Tam Kim,22.606427,106.0179879,158,Unhealthy,3,26.8,75,0.0,6.9,163,967.7,1,46.1,49.4,469.0,7.5,138.0,4.7
2026-04-09 20:00:00,2026,4,9,20,Cao Bằng,Xã Tam Kim,22.606427,106.0179879,157,Unhealthy,3,25.2,81,0.0,4.3,178,968.5,5,48.3,51.7,512.0,9.6,125.0,5.0
2026-04-09 21:00:00,2026,4,9,21,Cao Bằng,Xã Tam Kim,22.606427,106.0179879,156,Unhealthy,3,24.7,81,0.0,6.7,207,969.6,2,49.6,53.1,553.0,12.5,107.0,5.4
2026-04-09 22:00:00,2026,4,9,22,Cao Bằng,Xã Tam Kim,22.606427,106.0179879,155,Unhealthy,3,24.7,81,0.0,3.8,229,970.2,2,51.2,54.8,574.0,14.5,93.0,5.8
2026-04-09 23:00:00,2026,4,9,23,Cao Bằng,Xã Tam Kim,22.606427,106.0179879,154,Unhealthy,3,24.4,83,0.0,1.8,217,970.2,0,53.1,56.6,563.0,14.9,87.0,6.2
2026-04-10 00:00:00,2026,4,10,0,Cao Bằng,Xã Tam Kim,22.606427,106.0179879,153,Unhealthy,3,23.9,86,0.0,0.8,243,969.7,1,55.9,59.4,533.0,14.4,84.0,6.7
2026-04-10 01:00:00,2026,4,10,1,Cao Bằng,Xã Tam Kim,22.606427,106.0179879,152,Unhealthy,3,23.0,92,0.0,1.9,209,969.1,11,59.6,63.1,500.0,13.8,82.0,7.1
2026-04-10 02:00:00,2026,4,10,2,Cao Bằng,Xã Tam Kim,22.606427,106.0179879,151,Unhealthy,3,22.8,93,0.0,0.8,225,968.5,2,64.0,67.3,463.0,13.1,81.0,7.6
2026-04-10 03:00:00,2026,4,10,3,Cao Bằng,Xã Tam Kim,22.606427,106.0179879,151,Unhealthy,3,22.5,94,0.0,0.6,252,968.3,2,68.9,72.2,425.0,12.2,80.0,8.1
2026-04-10 04:00:00,2026,4,10,4,Cao Bằng,Xã Tam Kim,22.606427,106.0179879,150,Unhealthy for Sensitive Groups,2,22.5,94,0.0,0.2,270,968.4,0,74.0,77.3,408.0,11.4,79.0,8.2
2026-04-10 05:00:00,2026,4,10,5,Cao Bằng,Xã Tam Kim,22.606427,106.0179879,151,Unhealthy,3,22.3,95,0.0,0.0,270,968.9,0,81.7,85.0,435.0,11.1,72.0,7.0
2026-04-10 06:00:00,2026,4,10,6,Cao Bằng,Xã Tam Kim,22.606427,106.0179879,151,Unhealthy,3,22.2,96,0.0,0.2,270,969.7,0,87.8,91.0,484.0,11.0,64.0,5.4
2026-04-10 07:00:00,2026,4,10,7,Cao Bằng,Xã Tam Kim,22.606427,106.0179879,152,Unhealthy,3,24.2,86,0.0,1.5,104,970.6,1,99.2,102.4,510.0,8.6,76.0,4.5
2026-04-10 08:00:00,2026,4,10,8,Cao Bằng,Xã Tam Kim,22.606427,106.0179879,152,Unhealthy,3,26.3,82,0.0,4.3,90,971.5,9,83.4,87.1,489.0,6.7,103.0,7.8
2026-04-10 09:00:00,2026,4,10,9,Cao Bằng,Xã Tam Kim,22.606427,106.0179879,152,Unhealthy,3,28.9,73,0.0,6.7,95,971.7,2,72.4,76.6,445.0,4.1,140.0,12.1
2026-04-10 10:00:00,2026,4,10,10,Cao Bằng,Xã Tam Kim,22.606427,106.0179879,152,Unhealthy,3,32.0,61,0.0,5.9,121,971.6,9,64.7,69.6,401.0,2.1,165.0,14.5
2026-04-10 11:00:00,2026,4,10,11,Cao Bằng,Xã Tam Kim,22.606427,106.0179879,152,Unhealthy,3,34.6,41,0.1,10.9,207,970.8,9,51.9,57.3,359.0,1.3,166.0,13.0
2026-04-10 12:00:00,2026,4,10,12,Cao Bằng,Xã Tam Kim,22.606427,106.0179879,152,Unhealthy,3,34.7,40,0.0,15.8,225,970.1,24,45.1,50.1,317.0,1.2,155.0,9.5
2026-04-10 13:00:00,2026,4,10,13,Cao Bằng,Xã Tam Kim,22.606427,106.0179879,152,Unhealthy,3,34.9,37,0.0,13.5,239,969.2,14,42.4,47.0,293.0,1.2,148.0,6.7
2026-04-10 14:00:00,2026,4,10,14,Cao Bằng,Xã Tam Kim,22.606427,106.0179879,152,Unhealthy,3,35.5,34,0.0,14.1,243,968.0,29,40.4,44.7,298.0,1.0,152.0,5.7
2026-04-10 15:00:00,2026,4,10,15,Cao Bằng,Xã Tam Kim,22.606427,106.0179879,152,Unhealthy,3,34.4,38,0.0,14.3,237,967.3,4,39.9,43.9,322.0,0.9,160.0,5.4
2026-04-10 16:00:00,2026,4,10,16,Cao Bằng,Xã Tam Kim,22.606427,106.0179879,152,Unhealthy,3,34.6,36,0.0,12.4,229,966.4,2,41.7,45.4,352.0,1.7,163.0,5.4
2026-04-10 17:00:00,2026,4,10,17,Cao Bằng,Xã Tam Kim,22.606427,106.0179879,152,Unhealthy,3,33.2,42,0.0,7.3,205,966.1,1,43.7,46.8,390.0,3.7,158.0,5.5
2026-04-10 18:00:00,2026,4,10,18,Cao Bằng,Xã Tam Kim,22.606427,106.0179879,152,Unhealthy,3,29.5,59,0.0,4.8,167,966.3,2,44.8,48.0,435.0,6.6,148.0,5.8
2026-04-10 19:00:00,2026,4,10,19,Cao Bằng,Xã Tam Kim,22.606427,106.0179879,152,Unhealthy,3,27.1,67,0.0,4.2,205,967.3,1,50.3,54.6,471.0,8.7,128.0,4.6
2026-04-10 20:00:00,2026,4,10,20,Cao Bằng,Xã Tam Kim,22.606427,106.0179879,152,Unhealthy,3,25.2,76,0.0,5.1,216,967.8,4,53.0,57.6,494.0,12.1,115.0,5.2
2026-04-10 21:00:00,2026,4,10,21,Cao Bằng,Xã Tam Kim,22.606427,106.0179879,152,Unhealthy,3,24.1,81,0.0,4.5,233,968.6,16,54.7,59.6,508.0,16.7,98.0,6.0
2026-04-10 22:00:00,2026,4,10,22,Cao Bằng,Xã Tam Kim,22.606427,106.0179879,152,Unhealthy,3,23.4,84,0.0,2.5,262,968.9,8,56.5,61.5,513.0,20.0,84.0,6.6
2026-04-10 23:00:00,2026,4,10,23,Cao Bằng,Xã Tam Kim,22.606427,106.0179879,152,Unhealthy,3,22.8,86,0.0,3.8,289,968.7,5,57.5,62.6,505.0,20.8,78.0,6.6
2026-04-11 00:00:00,2026,4,11,0,Cao Bằng,Xã Tam Kim,22.606427,106.0179879,152,Unhealthy,3,22.5,87,0.0,1.3,262,968.4,3,58.7,64.0,488.0,20.4,75.0,6.3
2026-04-11 01:00:00,2026,4,11,1,Cao Bằng,Xã Tam Kim,22.606427,106.0179879,152,Unhealthy,3,22.0,89,0.0,0.3,225,968.1,10,60.5,66.1,471.0,19.6,75.0,6.2
2026-04-11 02:00:00,2026,4,11,2,Cao Bằng,Xã Tam Kim,22.606427,106.0179879,152,Unhealthy,3,22.0,88,0.0,0.6,236,967.5,9,62.9,68.5,452.0,18.8,77.0,6.4
2026-04-11 03:00:00,2026,4,11,3,Cao Bằng,Xã Tam Kim,22.606427,106.0179879,152,Unhealthy,3,21.9,87,0.0,0.5,270,967.2,2,65.7,71.2,434.0,17.7,81.0,6.7
2026-04-11 04:00:00,2026,4,11,4,Cao Bằng,Xã Tam Kim,22.606427,106.0179879,152,Unhealthy,3,21.5,86,0.0,1.5,291,967.4,3,68.5,74.0,430.0,16.6,84.0,7.1
2026-04-11 05:00:00,2026,4,11,5,Cao Bằng,Xã Tam Kim,22.606427,106.0179879,152,Unhealthy,3,21.1,89,0.0,2.1,290,967.8,0,71.0,76.6,461.0,16.1,84.0,7.5
2026-04-11 06:00:00,2026,4,11,6,Cao Bằng,Xã Tam Kim,22.606427,106.0179879,152,Unhealthy,3,21.0,90,0.0,1.1,279,968.2,2,74.0,79.6,507.0,15.6,83.0,8.0
2026-04-11 07:00:00,2026,4,11,7,Cao Bằng,Xã Tam Kim,22.606427,106.0179879,152,Unhealthy,3,23.8,82,0.0,2.6,155,969.3,13,66.1,70.1,525.0,15.3,88.0,7.3
2026-04-11 08:00:00,2026,4,11,8,Cao Bằng,Xã Tam Kim,22.606427,106.0179879,151,Unhealthy,3,26.9,73,0.0,4.3,73,970.0,17,60.5,64.3,491.0,11.3,106.0,7.0
2026-04-11 09:00:00,2026,4,11,9,Cao Bằng,Xã Tam Kim,22.606427,106.0179879,150,Unhealthy for Sensitive Groups,2,29.7,64,0.0,6.8,73,970.2,15,51.5,55.8,430.0,5.8,131.0,6.5
2026-04-11 10:00:00,2026,4,11,10,Cao Bằng,Xã Tam Kim,22.606427,106.0179879,149,Unhealthy for Sensitive Groups,2,32.7,51,0.0,6.7,164,970.1,26,43.1,48.8,371.0,1.7,148.0,5.9
2026-04-11 11:00:00,2026,4,11,11,Cao Bằng,Xã Tam Kim,22.606427,106.0179879,147,Unhealthy for Sensitive Groups,2,33.7,40,0.1,13.1,233,969.3,34,40.6,48.5,319.0,0.5,147.0,5.0
2026-04-11 12:00:00,2026,4,11,12,Cao Bằng,Xã Tam Kim,22.606427,106.0179879,146,Unhealthy for Sensitive Groups,2,34.7,37,0.0,16.0,223,968.1,30,37.5,46.0,270.0,0.7,138.0,4.0
2026-04-11 13:00:00,2026,4,11,13,Cao Bằng,Xã Tam Kim,22.606427,106.0179879,145,Unhealthy for Sensitive Groups,2,34.9,30,0.0,15.4,228,966.7,34,35.5,43.8,243.0,1.0,132.0,3.2
2026-04-11 14:00:00,2026,4,11,14,Cao Bằng,Xã Tam Kim,22.606427,106.0179879,144,Unhealthy for Sensitive Groups,2,35.4,27,0.0,14.8,237,965.7,9,34.1,42.0,247.0,0.8,135.0,2.8
2026-04-11 15:00:00,2026,4,11,15,Cao Bằng,Xã Tam Kim,22.606427,106.0179879,144,Unhealthy for Sensitive Groups,2,33.8,35,0.0,14.2,237,965.4,13,33.1,41.1,273.0,0.8,140.0,2.7
2026-04-11 16:00:00,2026,4,11,16,Cao Bằng,Xã Tam Kim,22.606427,106.0179879,143,Unhealthy for Sensitive Groups,2,33.5,36,0.0,13.9,229,965.1,18,33.1,41.1,308.0,1.5,141.0,2.7
2026-04-11 17:00:00,2026,4,11,17,Cao Bằng,Xã Tam Kim,22.606427,106.0179879,142,Unhealthy for Sensitive Groups,2,31.9,45,0.0,5.6,222,965.0,13,33.9,41.2,360.0,3.3,134.0,2.9
2026-04-11 18:00:00,2026,4,11,18,Cao Bằng,Xã Tam Kim,22.606427,106.0179879,141,Unhealthy for Sensitive Groups,2,30.3,52,0.0,0.7,166,964.9,2,34.7,42.1,422.0,5.9,123.0,3.2
2026-04-11 19:00:00,2026,4,11,19,Cao Bằng,Xã Tam Kim,22.606427,106.0179879,140,Unhealthy for Sensitive Groups,2,28.4,57,0.0,0.4,243,965.5,1,47.8,61.2,459.0,14.9,98.0,4.2
2026-04-11 20:00:00,2026,4,11,20,Cao Bằng,Xã Tam Kim,22.606427,106.0179879,140,Unhealthy for Sensitive Groups,2,25.8,68,0.0,1.9,229,966.5,9,51.0,65.4,446.0,17.1,92.0,5.0
2026-04-11 21:00:00,2026,4,11,21,Cao Bằng,Xã Tam Kim,22.606427,106.0179879,140,Unhealthy for Sensitive Groups,2,23.6,81,0.0,2.5,249,967.5,8,53.6,68.7,409.0,20.2,83.0,6.1
2026-04-11 22:00:00,2026,4,11,22,Cao Bằng,Xã Tam Kim,22.606427,106.0179879,140,Unhealthy for Sensitive Groups,2,22.9,85,0.0,3.1,270,967.9,11,55.6,71.2,390.0,21.9,78.0,6.8
2026-04-11 23:00:00,2026,4,11,23,Cao Bằng,Xã Tam Kim,22.606427,106.0179879,139,Unhealthy for Sensitive Groups,2,22.7,85,0.0,2.0,270,967.9,2,57.3,73.6,411.0,21.2,78.0,6.8
2026-04-12 00:00:00,2026,4,12,0,Cao Bằng,Xã Tam Kim,22.606427,106.0179879,139,Unhealthy for Sensitive Groups,2,22.3,84,0.0,1.3,270,967.3,3,59.0,75.7,451.0,19.2,81.0,6.4
2026-04-12 01:00:00,2026,4,12,1,Cao Bằng,Xã Tam Kim,22.606427,106.0179879,139,Unhealthy for Sensitive Groups,2,22.3,84,0.0,2.4,297,966.7,57,61.7,78.7,481.0,17.4,84.0,6.3
2026-04-12 02:00:00,2026,4,12,2,Cao Bằng,Xã Tam Kim,22.606427,106.0179879,140,Unhealthy for Sensitive Groups,2,23.1,77,0.0,6.4,317,967.1,52,66.6,83.4,488.0,16.3,85.0,6.7
2026-04-12 03:00:00,2026,4,12,3,Cao Bằng,Xã Tam Kim,22.606427,106.0179879,140,Unhealthy for Sensitive Groups,2,22.9,79,0.0,5.6,327,967.4,16,72.4,88.7,485.0,15.5,87.0,7.4
2026-04-12 04:00:00,2026,4,12,4,Cao Bằng,Xã Tam Kim,22.606427,106.0179879,141,Unhealthy for Sensitive Groups,2,22.6,82,0.0,1.8,281,967.5,9,77.8,93.6,491.0,15.1,88.0,8.2
2026-04-12 05:00:00,2026,4,12,5,Cao Bằng,Xã Tam Kim,22.606427,106.0179879,142,Unhealthy for Sensitive Groups,2,22.4,81,0.0,2.2,246,967.7,1,82.2,97.3,525.0,15.9,87.0,9.0
2026-04-12 06:00:00,2026,4,12,6,Cao Bằng,Xã Tam Kim,22.606427,106.0179879,143,Unhealthy for Sensitive Groups,2,22.1,83,0.0,1.7,283,968.2,0,86.4,100.6,568.0,17.1,87.0,9.9
2026-04-12 07:00:00,2026,4,12,7,Cao Bằng,Xã Tam Kim,22.606427,106.0179879,144,Unhealthy for Sensitive Groups,2,23.7,82,0.0,3.9,332,968.7,0,90.6,107.1,573.0,17.4,75.0,7.2
2026-04-12 08:00:00,2026,4,12,8,Cao Bằng,Xã Tam Kim,22.606427,106.0179879,147,Unhealthy for Sensitive Groups,2,26.4,74,0.0,4.2,40,969.3,0,90.1,105.0,505.0,12.7,97.0,6.9
2026-04-12 09:00:00,2026,4,12,9,Cao Bằng,Xã Tam Kim,22.606427,106.0179879,150,Unhealthy for Sensitive Groups,2,29.3,63,0.0,5.6,68,969.8,6,92.4,108.5,399.0,6.2,126.0,6.6
2026-04-12 10:00:00,2026,4,12,10,Cao Bằng,Xã Tam Kim,22.606427,106.0179879,151,Unhealthy,3,32.0,57,0.0,6.0,93,969.7,13,59.8,78.5,318.0,1.4,148.0,5.9
2026-04-12 11:00:00,2026,4,12,11,Cao Bằng,Xã Tam Kim,22.606427,106.0179879,151,Unhealthy,3,34.9,30,0.0,12.7,231,969.0,8,45.3,61.7,290.0,0.1,153.0,4.8
2026-04-12 12:00:00,2026,4,12,12,Cao Bằng,Xã Tam Kim,22.606427,106.0179879,151,Unhealthy,3,35.3,31,0.0,12.0,221,968.4,2,39.1,54.1,287.0,0.5,151.0,3.4
2026-04-12 13:00:00,2026,4,12,13,Cao Bằng,Xã Tam Kim,22.606427,106.0179879,151,Unhealthy,3,35.5,30,0.0,10.5,218,967.2,3,34.8,49.1,285.0,1.0,149.0,2.3
2026-04-12 14:00:00,2026,4,12,14,Cao Bằng,Xã Tam Kim,22.606427,106.0179879,151,Unhealthy,3,36.1,28,0.0,11.0,220,966.3,0,31.1,44.7,270.0,0.7,152.0,1.8
2026-04-12 15:00:00,2026,4,12,15,Cao Bằng,Xã Tam Kim,22.606427,106.0179879,151,Unhealthy,3,35.4,28,0.0,11.3,234,966.0,0,28.1,41.0,257.0,0.5,156.0,1.7
2026-04-12 16:00:00,2026,4,12,16,Cao Bằng,Xã Tam Kim,22.606427,106.0179879,151,Unhealthy,3,35.1,26,0.0,9.0,241,965.5,0,25.8,38.0,262.0,1.4,155.0,1.8
2026-04-12 17:00:00,2026,4,12,17,Cao Bằng,Xã Tam Kim,22.606427,106.0179879,151,Unhealthy,3,33.1,41,0.0,4.3,237,965.6,0,24.5,34.9,305.0,4.3,144.0,2.2
2026-04-12 18:00:00,2026,4,12,18,Cao Bằng,Xã Tam Kim,22.606427,106.0179879,151,Unhealthy,3,30.8,46,0.0,2.7,143,965.8,0,24.4,34.6,366.0,8.2,127.0,2.9
2026-04-12 19:00:00,2026,4,12,19,Cao Bằng,Xã Tam Kim,22.606427,106.0179879,151,Unhealthy,3,26.9,61,0.0,4.2,220,966.0,0,41.2,57.3,407.0,14.0,119.0,4.1
2026-04-12 20:00:00,2026,4,12,20,Cao Bằng,Xã Tam Kim,22.606427,106.0179879,150,Unhealthy for Sensitive Groups,2,24.2,75,0.0,3.6,233,966.6,0,43.1,59.8,402.0,16.2,111.0,4.7
2026-04-12 21:00:00,2026,4,12,21,Cao Bằng,Xã Tam Kim,22.606427,106.0179879,150,Unhealthy for Sensitive Groups,2,22.7,81,0.0,2.7,238,967.6,0,43.9,61.2,377.0,19.3,99.0,5.6
2026-04-12 22:00:00,2026,4,12,22,Cao Bằng,Xã Tam Kim,22.606427,106.0179879,150,Unhealthy for Sensitive Groups,2,22.5,81,0.0,1.9,287,968.4,0,44.1,61.9,365.0,21.2,91.0,6.2
2026-04-12 23:00:00,2026,4,12,23,Cao Bằng,Xã Tam Kim,22.606427,106.0179879,149,Unhealthy for Sensitive Groups,2,21.9,82,0.0,1.1,288,968.5,0,43.9,62.2,386.0,21.1,89.0,6.1
2026-04-13 00:00:00,2026,4,13,0,Cao Bằng,Xã Tam Kim,22.606427,106.0179879,148,Unhealthy for Sensitive Groups,2,21.3,83,0.0,1.5,291,968.1,0,44.1,62.9,422.0,20.0,91.0,5.8
2026-04-13 01:00:00,2026,4,13,1,Cao Bằng,Xã Tam Kim,22.606427,106.0179879,146,Unhealthy for Sensitive Groups,2,21.0,86,0.0,1.8,276,968.2,0,46.6,65.7,445.0,18.5,93.0,5.9
2026-04-13 02:00:00,2026,4,13,2,Cao Bằng,Xã Tam Kim,22.606427,106.0179879,144,Unhealthy for Sensitive Groups,2,20.4,89,0.0,2.2,284,968.2,0,52.5,71.7,442.0,16.8,96.0,6.8
2026-04-13 03:00:00,2026,4,13,3,Cao Bằng,Xã Tam Kim,22.606427,106.0179879,143,Unhealthy for Sensitive Groups,2,20.1,90,0.0,1.6,276,968.2,0,61.7,80.1,427.0,14.8,100.0,8.2
2026-04-13 04:00:00,2026,4,13,4,Cao Bằng,Xã Tam Kim,22.606427,106.0179879,142,Unhealthy for Sensitive Groups,2,20.0,91,0.0,2.1,285,968.6,0,71.5,88.5,421.0,13.3,103.0,9.6
2026-04-13 05:00:00,2026,4,13,5,Cao Bằng,Xã Tam Kim,22.606427,106.0179879,141,Unhealthy for Sensitive Groups,2,20.1,92,0.0,1.9,292,969.6,2,79.9,95.5,438.0,13.2,102.0,10.8
2026-04-13 06:00:00,2026,4,13,6,Cao Bằng,Xã Tam Kim,22.606427,106.0179879,141,Unhealthy for Sensitive Groups,2,20.1,92,0.0,1.9,292,970.4,15,86.4,100.4,464.0,13.7,100.0,12.1
2026-04-13 07:00:00,2026,4,13,7,Cao Bằng,Xã Tam Kim,22.606427,106.0179879,141,Unhealthy for Sensitive Groups,2,22.9,86,0.0,2.1,345,971.9,2,89.2,105.5,473.0,14.4,102.0,10.8
2026-04-13 08:00:00,2026,4,13,8,Cao Bằng,Xã Tam Kim,22.606427,106.0179879,141,Unhealthy for Sensitive Groups,2,25.1,82,0.0,3.5,51,972.5,1,88.9,100.6,451.0,10.9,124.0,12.3
2026-04-13 09:00:00,2026,4,13,9,Cao Bằng,Xã Tam Kim,22.606427,106.0179879,141,Unhealthy for Sensitive Groups,2,27.6,74,0.0,4.1,77,972.7,0,77.1,88.7,413.0,6.0,153.0,14.3
2026-04-13 10:00:00,2026,4,13,10,Cao Bằng,Xã Tam Kim,22.606427,106.0179879,139,Unhealthy for Sensitive Groups,2,30.4,64,0.0,5.7,99,972.7,0,69.8,84.3,378.0,2.3,174.0,14.8
2026-04-13 11:00:00,2026,4,13,11,Cao Bằng,Xã Tam Kim,22.606427,106.0179879,140,Unhealthy for Sensitive Groups,2,33.5,49,0.0,3.7,141,972.0,11,61.5,79.9,351.0,1.0,176.0,12.6
2026-04-13 12:00:00,2026,4,13,12,Cao Bằng,Xã Tam Kim,22.606427,106.0179879,142,Unhealthy for Sensitive Groups,2,36.3,29,0.0,9.2,222,971.1,2,49.9,68.5,328.0,1.0,169.0,8.9
2026-04-13 13:00:00,2026,4,13,13,Cao Bằng,Xã Tam Kim,22.606427,106.0179879,143,Unhealthy for Sensitive Groups,2,36.0,28,0.0,13.6,229,969.7,13,41.7,58.4,309.0,1.1,163.0,6.1
2026-04-13 14:00:00,2026,4,13,14,Cao Bằng,Xã Tam Kim,22.606427,106.0179879,144,Unhealthy for Sensitive Groups,2,36.7,24,0.0,12.9,245,968.7,9,38.0,53.7,291.0,0.7,164.0,5.0
2026-04-13 15:00:00,2026,4,13,15,Cao Bằng,Xã Tam Kim,22.606427,106.0179879,144,Unhealthy for Sensitive Groups,2,36.0,27,0.0,13.2,241,968.3,4,37.3,52.6,278.0,0.6,166.0,4.7
2026-04-13 16:00:00,2026,4,13,16,Cao Bằng,Xã Tam Kim,22.606427,106.0179879,145,Unhealthy for Sensitive Groups,2,35.6,27,0.0,10.4,234,967.8,2,38.9,54.5,287.0,1.5,164.0,4.7
2026-04-13 17:00:00,2026,4,13,17,Cao Bằng,Xã Tam Kim,22.606427,106.0179879,149,Unhealthy for Sensitive Groups,2,33.2,42,0.0,8.6,195,968.0,1,41.9,56.9,332.0,4.5,154.0,5.1
2026-04-13 18:00:00,2026,4,13,18,Cao Bằng,Xã Tam Kim,22.606427,106.0179879,149,Unhealthy for Sensitive Groups,2,29.3,56,0.0,8.3,182,968.2,0,45.5,61.2,399.0,8.7,139.0,5.8
2026-04-13 19:00:00,2026,4,13,19,Cao Bằng,Xã Tam Kim,22.606427,106.0179879,150,Unhealthy for Sensitive Groups,2,26.1,69,0.0,6.5,199,968.9,0,49.2,66.4,457.0,12.1,126.0,6.5
2026-04-13 20:00:00,2026,4,13,20,Cao Bằng,Xã Tam Kim,22.606427,106.0179879,150,Unhealthy for Sensitive Groups,2,25.0,76,0.0,8.4,203,969.8,0,53.2,71.2,505.0,14.0,117.0,7.0
2026-04-13 21:00:00,2026,4,13,21,Cao Bằng,Xã Tam Kim,22.606427,106.0179879,151,Unhealthy,3,25.1,81,0.0,6.5,194,970.6,0,56.8,75.0,544.0,15.2,110.0,7.6
2026-04-13 22:00:00,2026,4,13,22,Cao Bằng,Xã Tam Kim,22.606427,106.0179879,151,Unhealthy,3,24.9,85,0.0,1.0,292,971.1,0,59.4,76.1,548.0,15.6,107.0,8.2
2026-04-13 23:00:00,2026,4,13,23,Cao Bằng,Xã Tam Kim,22.606427,106.0179879,151,Unhealthy,3,23.5,90,0.0,1.9,326,971.1,0,62.2,76.8,488.0,15.0,109.0,9.1
