timestamp,year,month,day,hour,province,location,lat,lon,aqi,pollution_level,pollution_class,temp,humidity,rain,wind_speed,wind_dir,pressure,cloud,pm2_5,pm10,co,no2,o3,so2
2025-01-01 00:00:00,2025,1,1,0,Huế,Phường Phú Bài,16.409296,107.6779818,76,Moderate,1,19.0,95,0.1,7.2,231,1016.6,100,44.2,47.0,513.0,17.4,61.0,13.2
2025-01-01 01:00:00,2025,1,1,1,Huế,Phường Phú Bài,16.409296,107.6779818,78,Moderate,1,18.8,95,0.0,8.7,236,1015.9,100,42.0,44.7,453.0,16.0,59.0,11.9
2025-01-01 02:00:00,2025,1,1,2,Huế,Phường Phú Bài,16.409296,107.6779818,80,Moderate,1,18.5,94,0.0,9.0,233,1015.1,96,41.2,44.1,431.0,13.8,60.0,11.3
2025-01-01 03:00:00,2025,1,1,3,Huế,Phường Phú Bài,16.409296,107.6779818,83,Moderate,1,18.6,92,0.0,8.7,233,1014.6,79,40.9,43.7,435.0,11.4,63.0,11.0
2025-01-01 04:00:00,2025,1,1,4,Huế,Phường Phú Bài,16.409296,107.6779818,85,Moderate,1,18.8,90,0.0,8.4,245,1014.4,98,41.6,44.4,453.0,9.8,66.0,10.9
2025-01-01 05:00:00,2025,1,1,5,Huế,Phường Phú Bài,16.409296,107.6779818,87,Moderate,1,18.8,86,0.0,10.1,259,1014.4,98,43.0,45.8,493.0,10.1,66.0,11.3
2025-01-01 06:00:00,2025,1,1,6,Huế,Phường Phú Bài,16.409296,107.6779818,89,Moderate,1,18.6,84,0.0,10.8,267,1015.1,100,43.8,46.4,549.0,11.3,66.0,11.9
2025-01-01 07:00:00,2025,1,1,7,Huế,Phường Phú Bài,16.409296,107.6779818,91,Moderate,1,18.6,84,0.0,10.3,265,1015.7,100,51.1,53.6,588.0,12.3,66.0,12.2
2025-01-01 08:00:00,2025,1,1,8,Huế,Phường Phú Bài,16.409296,107.6779818,94,Moderate,1,19.5,83,0.0,9.1,279,1016.9,100,46.6,49.8,598.0,10.2,79.0,11.7
2025-01-01 09:00:00,2025,1,1,9,Huế,Phường Phú Bài,16.409296,107.6779818,96,Moderate,1,20.5,78,0.0,9.6,287,1017.4,100,41.7,44.7,591.0,7.2,97.0,11.0
2025-01-01 10:00:00,2025,1,1,10,Huế,Phường Phú Bài,16.409296,107.6779818,98,Moderate,1,21.8,73,0.0,9.3,292,1017.1,100,39.3,42.1,576.0,4.9,111.0,10.1
2025-01-01 11:00:00,2025,1,1,11,Huế,Phường Phú Bài,16.409296,107.6779818,100,Moderate,1,22.8,67,0.0,10.1,327,1016.7,100,39.9,42.7,549.0,3.8,117.0,9.0
2025-01-01 12:00:00,2025,1,1,12,Huế,Phường Phú Bài,16.409296,107.6779818,103,Unhealthy for Sensitive Groups,2,22.9,64,0.0,11.3,342,1015.8,100,41.3,44.0,514.0,3.4,118.0,7.9
2025-01-01 13:00:00,2025,1,1,13,Huế,Phường Phú Bài,16.409296,107.6779818,105,Unhealthy for Sensitive Groups,2,23.2,63,0.0,9.8,346,1014.4,100,40.7,43.3,484.0,3.2,119.0,7.0
2025-01-01 14:00:00,2025,1,1,14,Huế,Phường Phú Bài,16.409296,107.6779818,108,Unhealthy for Sensitive Groups,2,23.4,63,0.0,9.0,354,1013.5,100,41.0,43.3,460.0,2.8,122.0,6.6
2025-01-01 15:00:00,2025,1,1,15,Huế,Phường Phú Bài,16.409296,107.6779818,110,Unhealthy for Sensitive Groups,2,23.2,65,0.0,9.4,3,1012.8,100,41.7,44.0,442.0,2.6,124.0,6.4
2025-01-01 16:00:00,2025,1,1,16,Huế,Phường Phú Bài,16.409296,107.6779818,112,Unhealthy for Sensitive Groups,2,22.9,65,0.0,9.0,13,1012.8,100,44.8,47.3,441.0,3.6,123.0,6.8
2025-01-01 17:00:00,2025,1,1,17,Huế,Phường Phú Bài,16.409296,107.6779818,115,Unhealthy for Sensitive Groups,2,22.1,69,0.0,6.6,33,1013.0,100,46.1,48.5,461.0,6.9,116.0,7.9
2025-01-01 18:00:00,2025,1,1,18,Huế,Phường Phú Bài,16.409296,107.6779818,117,Unhealthy for Sensitive Groups,2,21.3,75,0.0,4.3,62,1013.5,100,48.5,50.9,499.0,11.5,106.0,9.4
2025-01-01 19:00:00,2025,1,1,19,Huế,Phường Phú Bài,16.409296,107.6779818,119,Unhealthy for Sensitive Groups,2,20.9,81,0.0,3.5,66,1014.3,100,45.5,48.1,559.0,18.7,84.0,10.9
2025-01-01 20:00:00,2025,1,1,20,Huế,Phường Phú Bài,16.409296,107.6779818,119,Unhealthy for Sensitive Groups,2,20.5,83,0.0,3.1,28,1015.1,100,51.7,54.5,662.0,17.3,85.0,11.1
2025-01-01 21:00:00,2025,1,1,21,Huế,Phường Phú Bài,16.409296,107.6779818,120,Unhealthy for Sensitive Groups,2,20.3,84,0.0,0.9,233,1015.3,100,54.0,57.0,787.0,15.4,87.0,11.4
2025-01-01 22:00:00,2025,1,1,22,Huế,Phường Phú Bài,16.409296,107.6779818,121,Unhealthy for Sensitive Groups,2,20.0,87,0.0,3.4,223,1015.0,100,54.9,57.9,882.0,13.8,88.0,11.7
2025-01-01 23:00:00,2025,1,1,23,Huế,Phường Phú Bài,16.409296,107.6779818,123,Unhealthy for Sensitive Groups,2,19.8,88,0.0,4.5,209,1015.0,100,56.2,59.3,936.0,13.0,89.0,12.0
2025-01-02 00:00:00,2025,1,2,0,Huế,Phường Phú Bài,16.409296,107.6779818,124,Unhealthy for Sensitive Groups,2,19.5,89,0.0,5.0,224,1014.7,100,57.0,60.1,960.0,12.5,91.0,12.3
2025-01-02 01:00:00,2025,1,2,1,Huế,Phường Phú Bài,16.409296,107.6779818,125,Unhealthy for Sensitive Groups,2,19.4,89,0.0,6.2,234,1014.5,100,56.5,59.3,929.0,12.0,90.0,12.2
2025-01-02 02:00:00,2025,1,2,2,Huế,Phường Phú Bài,16.409296,107.6779818,127,Unhealthy for Sensitive Groups,2,19.3,90,0.0,6.0,237,1013.8,100,55.8,58.4,794.0,11.3,86.0,11.4
2025-01-02 03:00:00,2025,1,2,3,Huế,Phường Phú Bài,16.409296,107.6779818,128,Unhealthy for Sensitive Groups,2,19.2,90,0.0,3.8,229,1013.7,100,55.8,58.4,605.0,10.7,81.0,10.4
2025-01-02 04:00:00,2025,1,2,4,Huế,Phường Phú Bài,16.409296,107.6779818,130,Unhealthy for Sensitive Groups,2,19.1,92,0.0,3.3,209,1013.9,100,55.8,58.1,485.0,10.5,77.0,9.7
2025-01-02 05:00:00,2025,1,2,5,Huế,Phường Phú Bài,16.409296,107.6779818,131,Unhealthy for Sensitive Groups,2,19.1,92,0.0,4.1,221,1014.0,100,54.6,56.8,511.0,11.3,74.0,9.9
2025-01-02 06:00:00,2025,1,2,6,Huế,Phường Phú Bài,16.409296,107.6779818,133,Unhealthy for Sensitive Groups,2,19.1,92,0.0,2.3,212,1014.5,100,54.5,56.6,605.0,12.6,71.0,10.6
2025-01-02 07:00:00,2025,1,2,7,Huế,Phường Phú Bài,16.409296,107.6779818,134,Unhealthy for Sensitive Groups,2,19.5,91,0.0,2.2,222,1015.2,100,39.5,40.9,662.0,12.3,70.0,9.0
2025-01-02 08:00:00,2025,1,2,8,Huế,Phường Phú Bài,16.409296,107.6779818,132,Unhealthy for Sensitive Groups,2,20.4,84,0.0,2.5,225,1016.3,100,37.8,39.3,628.0,11.3,76.0,9.6
2025-01-02 09:00:00,2025,1,2,9,Huế,Phường Phú Bài,16.409296,107.6779818,132,Unhealthy for Sensitive Groups,2,21.0,82,0.0,2.3,241,1017.0,100,31.3,32.8,555.0,9.9,84.0,10.3
2025-01-02 10:00:00,2025,1,2,10,Huế,Phường Phú Bài,16.409296,107.6779818,130,Unhealthy for Sensitive Groups,2,21.9,80,0.0,1.5,284,1016.8,100,30.2,31.7,496.0,8.6,92.0,10.7
2025-01-02 11:00:00,2025,1,2,11,Huế,Phường Phú Bài,16.409296,107.6779818,129,Unhealthy for Sensitive Groups,2,22.2,78,0.1,4.1,2,1016.4,100,27.2,28.7,466.0,7.3,98.0,10.3
2025-01-02 12:00:00,2025,1,2,12,Huế,Phường Phú Bài,16.409296,107.6779818,128,Unhealthy for Sensitive Groups,2,22.2,79,0.1,6.3,5,1015.9,100,25.6,27.0,449.0,6.0,102.0,9.4
2025-01-02 13:00:00,2025,1,2,13,Huế,Phường Phú Bài,16.409296,107.6779818,127,Unhealthy for Sensitive Groups,2,22.1,80,0.2,6.7,6,1015.0,100,24.9,26.2,446.0,5.2,106.0,8.7
2025-01-02 14:00:00,2025,1,2,14,Huế,Phường Phú Bài,16.409296,107.6779818,125,Unhealthy for Sensitive Groups,2,22.5,78,0.1,6.7,3,1014.2,100,24.9,26.3,455.0,5.1,109.0,8.2
2025-01-02 15:00:00,2025,1,2,15,Huế,Phường Phú Bài,16.409296,107.6779818,123,Unhealthy for Sensitive Groups,2,22.1,81,0.2,9.0,360,1013.8,100,25.8,27.2,478.0,5.5,110.0,7.9
2025-01-02 16:00:00,2025,1,2,16,Huế,Phường Phú Bài,16.409296,107.6779818,122,Unhealthy for Sensitive Groups,2,21.5,85,0.2,9.9,351,1013.8,100,27.6,28.9,524.0,6.6,110.0,8.0
2025-01-02 17:00:00,2025,1,2,17,Huế,Phường Phú Bài,16.409296,107.6779818,120,Unhealthy for Sensitive Groups,2,21.5,85,0.0,6.3,336,1014.1,100,29.5,30.9,609.0,8.9,106.0,8.7
2025-01-02 18:00:00,2025,1,2,18,Huế,Phường Phú Bài,16.409296,107.6779818,118,Unhealthy for Sensitive Groups,2,21.1,86,0.0,3.5,321,1014.5,100,31.8,33.4,716.0,11.9,101.0,9.7
2025-01-02 19:00:00,2025,1,2,19,Huế,Phường Phú Bài,16.409296,107.6779818,116,Unhealthy for Sensitive Groups,2,20.8,88,0.1,2.9,281,1015.1,100,32.6,34.5,810.0,13.6,94.0,10.5
2025-01-02 20:00:00,2025,1,2,20,Huế,Phường Phú Bài,16.409296,107.6779818,115,Unhealthy for Sensitive Groups,2,20.4,92,0.0,5.5,238,1015.9,100,32.7,34.6,893.0,14.3,89.0,10.9
2025-01-02 21:00:00,2025,1,2,21,Huế,Phường Phú Bài,16.409296,107.6779818,113,Unhealthy for Sensitive Groups,2,20.1,93,0.0,6.7,232,1016.1,100,35.3,37.4,961.0,15.1,82.0,11.5
2025-01-02 22:00:00,2025,1,2,22,Huế,Phường Phú Bài,16.409296,107.6779818,111,Unhealthy for Sensitive Groups,2,20.0,93,0.0,6.1,236,1016.1,100,37.1,39.2,969.0,15.2,78.0,11.8
2025-01-02 23:00:00,2025,1,2,23,Huế,Phường Phú Bài,16.409296,107.6779818,109,Unhealthy for Sensitive Groups,2,20.0,92,0.0,5.8,244,1016.3,100,37.3,39.3,871.0,14.1,78.0,11.5
2025-01-03 00:00:00,2025,1,3,0,Huế,Phường Phú Bài,16.409296,107.6779818,107,Unhealthy for Sensitive Groups,2,19.9,93,0.0,5.6,248,1016.0,100,36.2,38.4,713.0,12.2,80.0,11.0
2025-01-03 01:00:00,2025,1,3,1,Huế,Phường Phú Bài,16.409296,107.6779818,105,Unhealthy for Sensitive Groups,2,19.9,93,0.2,7.2,243,1015.9,100,35.6,37.7,583.0,10.4,83.0,10.5
2025-01-03 02:00:00,2025,1,3,2,Huế,Phường Phú Bài,16.409296,107.6779818,103,Unhealthy for Sensitive Groups,2,19.9,95,0.2,8.4,255,1015.3,100,34.6,36.8,508.0,8.7,86.0,10.1
2025-01-03 03:00:00,2025,1,3,3,Huế,Phường Phú Bài,16.409296,107.6779818,101,Unhealthy for Sensitive Groups,2,19.9,95,0.1,8.1,270,1014.9,100,32.0,34.2,461.0,7.0,88.0,9.8
2025-01-03 04:00:00,2025,1,3,4,Huế,Phường Phú Bài,16.409296,107.6779818,98,Moderate,1,19.9,95,0.2,8.5,277,1014.8,100,29.3,31.2,446.0,5.9,89.0,9.8
2025-01-03 05:00:00,2025,1,3,5,Huế,Phường Phú Bài,16.409296,107.6779818,96,Moderate,1,19.6,98,0.5,9.3,279,1015.1,100,24.2,25.7,489.0,5.9,85.0,10.3
2025-01-03 06:00:00,2025,1,3,6,Huế,Phường Phú Bài,16.409296,107.6779818,93,Moderate,1,19.6,98,0.6,8.1,271,1015.8,100,22.0,23.6,564.0,6.5,80.0,11.0
2025-01-03 07:00:00,2025,1,3,7,Huế,Phường Phú Bài,16.409296,107.6779818,91,Moderate,1,19.9,98,0.9,8.1,257,1016.4,100,20.1,21.8,604.0,6.9,78.0,10.8
2025-01-03 08:00:00,2025,1,3,8,Huế,Phường Phú Bài,16.409296,107.6779818,89,Moderate,1,20.3,98,2.0,11.0,311,1017.8,100,21.1,22.9,567.0,6.9,75.0,10.6
2025-01-03 09:00:00,2025,1,3,9,Huế,Phường Phú Bài,16.409296,107.6779818,87,Moderate,1,20.9,98,0.9,11.3,343,1018.4,100,22.5,24.7,494.0,6.9,71.0,10.2
2025-01-03 10:00:00,2025,1,3,10,Huế,Phường Phú Bài,16.409296,107.6779818,87,Moderate,1,21.0,95,1.9,13.4,334,1018.4,100,20.8,22.8,440.0,6.5,72.0,9.8
2025-01-03 11:00:00,2025,1,3,11,Huế,Phường Phú Bài,16.409296,107.6779818,86,Moderate,1,21.0,94,4.7,14.3,21,1018.1,100,18.1,19.8,427.0,5.5,79.0,9.0
2025-01-03 12:00:00,2025,1,3,12,Huế,Phường Phú Bài,16.409296,107.6779818,85,Moderate,1,20.9,88,2.8,5.6,42,1017.8,100,18.6,20.6,433.0,4.1,91.0,8.1
2025-01-03 13:00:00,2025,1,3,13,Huế,Phường Phú Bài,16.409296,107.6779818,84,Moderate,1,21.5,78,0.2,4.6,51,1017.0,100,19.3,21.5,446.0,3.1,103.0,7.8
2025-01-03 14:00:00,2025,1,3,14,Huế,Phường Phú Bài,16.409296,107.6779818,84,Moderate,1,21.8,73,0.1,2.9,101,1016.1,100,21.2,23.6,456.0,2.0,117.0,8.2
2025-01-03 15:00:00,2025,1,3,15,Huế,Phường Phú Bài,16.409296,107.6779818,83,Moderate,1,22.4,68,0.0,3.1,135,1015.4,86,23.3,25.8,473.0,1.2,130.0,9.2
2025-01-03 16:00:00,2025,1,3,16,Huế,Phường Phú Bài,16.409296,107.6779818,83,Moderate,1,22.9,63,0.0,2.7,143,1015.2,17,25.1,27.7,520.0,2.7,137.0,10.7
2025-01-03 17:00:00,2025,1,3,17,Huế,Phường Phú Bài,16.409296,107.6779818,83,Moderate,1,21.5,76,0.0,2.8,220,1015.5,21,28.1,30.6,634.0,8.7,130.0,13.2
2025-01-03 18:00:00,2025,1,3,18,Huế,Phường Phú Bài,16.409296,107.6779818,83,Moderate,1,19.1,87,0.0,6.0,249,1016.0,31,34.5,36.9,778.0,17.0,116.0,16.3
2025-01-03 19:00:00,2025,1,3,19,Huế,Phường Phú Bài,16.409296,107.6779818,83,Moderate,1,18.6,90,0.0,8.3,252,1016.9,28,33.9,36.0,857.0,24.0,100.0,18.7
2025-01-03 20:00:00,2025,1,3,20,Huế,Phường Phú Bài,16.409296,107.6779818,83,Moderate,1,19.2,93,0.0,3.3,241,1017.2,100,37.0,39.0,813.0,22.2,101.0,19.4
2025-01-03 21:00:00,2025,1,3,21,Huế,Phường Phú Bài,16.409296,107.6779818,84,Moderate,1,19.5,89,0.0,4.2,211,1017.0,100,36.7,38.6,704.0,19.7,103.0,20.3
2025-01-03 22:00:00,2025,1,3,22,Huế,Phường Phú Bài,16.409296,107.6779818,84,Moderate,1,19.3,90,0.0,3.1,220,1016.9,100,35.9,38.0,613.0,17.1,106.0,20.4
2025-01-03 23:00:00,2025,1,3,23,Huế,Phường Phú Bài,16.409296,107.6779818,84,Moderate,1,19.0,93,0.0,1.9,214,1016.8,100,35.3,38.6,570.0,14.5,109.0,18.9
2025-01-04 00:00:00,2025,1,4,0,Huế,Phường Phú Bài,16.409296,107.6779818,83,Moderate,1,19.3,90,0.0,3.2,207,1016.4,100,34.6,38.9,545.0,11.8,113.0,16.6
2025-01-04 01:00:00,2025,1,4,1,Huế,Phường Phú Bài,16.409296,107.6779818,83,Moderate,1,19.2,92,0.0,2.1,218,1015.9,16,32.4,36.8,525.0,9.6,116.0,14.6
2025-01-04 02:00:00,2025,1,4,2,Huế,Phường Phú Bài,16.409296,107.6779818,83,Moderate,1,18.5,96,0.1,2.2,185,1015.3,87,31.1,35.7,501.0,8.1,119.0,13.3
2025-01-04 03:00:00,2025,1,4,3,Huế,Phường Phú Bài,16.409296,107.6779818,83,Moderate,1,18.5,95,0.0,5.0,199,1015.1,100,31.1,36.2,482.0,7.0,122.0,12.4
2025-01-04 04:00:00,2025,1,4,4,Huế,Phường Phú Bài,16.409296,107.6779818,83,Moderate,1,18.5,94,0.1,5.7,208,1014.9,100,27.8,33.1,491.0,6.3,122.0,11.4
2025-01-04 05:00:00,2025,1,4,5,Huế,Phường Phú Bài,16.409296,107.6779818,83,Moderate,1,18.4,93,0.0,5.2,196,1015.1,99,23.2,28.2,561.0,6.3,117.0,10.3
2025-01-04 06:00:00,2025,1,4,6,Huế,Phường Phú Bài,16.409296,107.6779818,82,Moderate,1,18.0,95,0.1,4.1,214,1015.7,100,19.8,24.1,658.0,6.8,110.0,9.2
2025-01-04 07:00:00,2025,1,4,7,Huế,Phường Phú Bài,16.409296,107.6779818,82,Moderate,1,17.9,97,0.1,5.8,240,1016.4,100,20.4,23.7,699.0,7.1,101.0,7.8
2025-01-04 08:00:00,2025,1,4,8,Huế,Phường Phú Bài,16.409296,107.6779818,82,Moderate,1,18.8,96,0.2,1.9,241,1017.7,92,21.5,25.0,629.0,5.8,112.0,7.7
2025-01-04 09:00:00,2025,1,4,9,Huế,Phường Phú Bài,16.409296,107.6779818,82,Moderate,1,20.9,84,0.1,4.4,125,1018.3,98,21.8,26.0,504.0,3.9,128.0,7.6
2025-01-04 10:00:00,2025,1,4,10,Huế,Phường Phú Bài,16.409296,107.6779818,82,Moderate,1,22.7,69,0.3,13.8,83,1017.8,92,22.5,25.8,408.0,2.5,140.0,7.4
2025-01-04 11:00:00,2025,1,4,11,Huế,Phường Phú Bài,16.409296,107.6779818,82,Moderate,1,24.1,59,0.0,14.7,78,1017.2,83,24.5,27.8,379.0,1.9,146.0,7.0
2025-01-04 12:00:00,2025,1,4,12,Huế,Phường Phú Bài,16.409296,107.6779818,83,Moderate,1,24.1,58,0.0,14.5,76,1016.4,35,25.4,28.8,378.0,1.7,148.0,6.5
2025-01-04 13:00:00,2025,1,4,13,Huế,Phường Phú Bài,16.409296,107.6779818,84,Moderate,1,24.4,58,0.0,14.1,75,1015.0,95,25.9,29.3,377.0,1.6,149.0,6.0
2025-01-04 14:00:00,2025,1,4,14,Huế,Phường Phú Bài,16.409296,107.6779818,86,Moderate,1,23.8,59,0.0,13.5,74,1014.1,60,25.6,28.9,363.0,1.3,149.0,5.6
2025-01-04 15:00:00,2025,1,4,15,Huế,Phường Phú Bài,16.409296,107.6779818,95,Moderate,1,23.3,62,0.0,12.7,78,1013.4,41,25.1,28.5,349.0,1.2,148.0,5.2
2025-01-04 16:00:00,2025,1,4,16,Huế,Phường Phú Bài,16.409296,107.6779818,105,Unhealthy for Sensitive Groups,2,22.8,63,0.0,14.0,75,1013.5,26,24.7,28.2,342.0,2.2,143.0,5.2
2025-01-04 17:00:00,2025,1,4,17,Huế,Phường Phú Bài,16.409296,107.6779818,111,Unhealthy for Sensitive Groups,2,21.4,70,0.0,11.7,73,1013.7,17,24.6,27.8,349.0,5.4,132.0,5.8
2025-01-04 18:00:00,2025,1,4,18,Huế,Phường Phú Bài,16.409296,107.6779818,112,Unhealthy for Sensitive Groups,2,20.0,77,0.0,10.1,74,1014.4,1,25.4,28.7,364.0,9.8,117.0,6.9
2025-01-04 19:00:00,2025,1,4,19,Huế,Phường Phú Bài,16.409296,107.6779818,107,Unhealthy for Sensitive Groups,2,19.2,81,0.0,7.7,90,1015.5,1,27.8,31.5,378.0,15.0,100.0,8.3
2025-01-04 20:00:00,2025,1,4,20,Huế,Phường Phú Bài,16.409296,107.6779818,98,Moderate,1,19.8,83,0.0,8.7,86,1016.8,14,29.5,33.8,390.0,15.9,97.0,9.4
2025-01-04 21:00:00,2025,1,4,21,Huế,Phường Phú Bài,16.409296,107.6779818,87,Moderate,1,18.9,87,0.0,6.3,92,1017.1,81,31.0,35.7,401.0,17.0,92.0,10.8
2025-01-04 22:00:00,2025,1,4,22,Huế,Phường Phú Bài,16.409296,107.6779818,82,Moderate,1,18.1,88,0.0,5.2,102,1017.3,55,33.3,38.4,411.0,17.8,88.0,11.8
2025-01-04 23:00:00,2025,1,4,23,Huế,Phường Phú Bài,16.409296,107.6779818,82,Moderate,1,17.8,89,0.0,2.6,168,1017.5,83,35.2,40.7,422.0,18.0,86.0,12.0
2025-01-05 00:00:00,2025,1,5,0,Huế,Phường Phú Bài,16.409296,107.6779818,82,Moderate,1,17.5,92,0.0,3.7,219,1017.4,96,35.7,41.7,432.0,17.9,84.0,11.7
2025-01-05 01:00:00,2025,1,5,1,Huế,Phường Phú Bài,16.409296,107.6779818,82,Moderate,1,16.9,96,0.0,7.6,227,1017.3,100,35.3,41.6,432.0,17.0,84.0,11.2
2025-01-05 02:00:00,2025,1,5,2,Huế,Phường Phú Bài,16.409296,107.6779818,82,Moderate,1,16.9,97,0.0,7.0,230,1017.1,90,33.2,40.0,409.0,14.8,86.0,10.2
2025-01-05 03:00:00,2025,1,5,3,Huế,Phường Phú Bài,16.409296,107.6779818,82,Moderate,1,16.9,96,0.1,4.2,223,1017.1,98,31.2,38.2,375.0,11.9,89.0,9.0
2025-01-05 04:00:00,2025,1,5,4,Huế,Phường Phú Bài,16.409296,107.6779818,82,Moderate,1,16.9,95,0.3,1.3,225,1017.4,97,29.9,36.9,358.0,9.9,91.0,8.1
2025-01-05 05:00:00,2025,1,5,5,Huế,Phường Phú Bài,16.409296,107.6779818,82,Moderate,1,17.2,99,0.3,7.7,201,1017.4,96,28.3,34.8,376.0,10.0,87.0,8.0
2025-01-05 06:00:00,2025,1,5,6,Huế,Phường Phú Bài,16.409296,107.6779818,83,Moderate,1,16.5,100,0.1,9.9,213,1017.8,100,26.6,32.2,412.0,10.9,81.0,8.4
2025-01-05 07:00:00,2025,1,5,7,Huế,Phường Phú Bài,16.409296,107.6779818,83,Moderate,1,17.0,98,0.0,9.2,227,1018.3,100,34.0,41.1,436.0,15.7,86.0,11.3
2025-01-05 08:00:00,2025,1,5,8,Huế,Phường Phú Bài,16.409296,107.6779818,85,Moderate,1,19.3,94,0.0,6.4,245,1019.8,98,25.4,31.1,440.0,11.8,99.0,9.9
2025-01-05 09:00:00,2025,1,5,9,Huế,Phường Phú Bài,16.409296,107.6779818,85,Moderate,1,21.1,78,0.0,7.2,256,1020.1,100,23.2,27.6,433.0,6.3,117.0,8.0
2025-01-05 10:00:00,2025,1,5,10,Huế,Phường Phú Bài,16.409296,107.6779818,85,Moderate,1,22.6,70,0.1,8.2,319,1019.9,99,23.9,26.8,415.0,2.3,131.0,6.5
2025-01-05 11:00:00,2025,1,5,11,Huế,Phường Phú Bài,16.409296,107.6779818,85,Moderate,1,24.1,60,0.0,11.4,347,1019.1,99,23.7,26.3,372.0,1.0,136.0,5.7
2025-01-05 12:00:00,2025,1,5,12,Huế,Phường Phú Bài,16.409296,107.6779818,85,Moderate,1,24.5,57,0.0,14.2,359,1018.1,99,22.9,25.5,318.0,1.0,137.0,5.3
2025-01-05 13:00:00,2025,1,5,13,Huế,Phường Phú Bài,16.409296,107.6779818,85,Moderate,1,24.2,57,0.0,16.1,356,1016.7,99,22.1,24.8,292.0,1.3,138.0,5.5
2025-01-05 14:00:00,2025,1,5,14,Huế,Phường Phú Bài,16.409296,107.6779818,85,Moderate,1,23.5,54,0.0,15.4,354,1015.8,99,23.0,25.9,312.0,1.1,142.0,6.4
2025-01-05 15:00:00,2025,1,5,15,Huế,Phường Phú Bài,16.409296,107.6779818,84,Moderate,1,22.9,53,0.0,13.7,358,1015.3,99,25.1,28.2,360.0,1.1,146.0,7.8
2025-01-05 16:00:00,2025,1,5,16,Huế,Phường Phú Bài,16.409296,107.6779818,89,Moderate,1,22.0,57,0.0,12.1,357,1015.2,100,28.4,31.5,426.0,2.1,146.0,9.4
2025-01-05 17:00:00,2025,1,5,17,Huế,Phường Phú Bài,16.409296,107.6779818,99,Moderate,1,20.9,62,0.0,8.4,353,1015.6,99,32.2,35.2,513.0,4.9,140.0,11.2
2025-01-05 18:00:00,2025,1,5,18,Huế,Phường Phú Bài,16.409296,107.6779818,104,Unhealthy for Sensitive Groups,2,18.6,73,0.0,5.7,336,1015.9,98,36.6,39.6,617.0,8.8,131.0,13.1
2025-01-05 19:00:00,2025,1,5,19,Huế,Phường Phú Bài,16.409296,107.6779818,104,Unhealthy for Sensitive Groups,2,18.4,74,0.0,3.2,289,1016.6,98,36.8,40.3,720.0,13.4,112.0,15.6
2025-01-05 20:00:00,2025,1,5,20,Huế,Phường Phú Bài,16.409296,107.6779818,99,Moderate,1,18.5,76,0.0,1.3,262,1017.1,96,40.0,44.7,844.0,13.6,113.0,17.0
2025-01-05 21:00:00,2025,1,5,21,Huế,Phường Phú Bài,16.409296,107.6779818,94,Moderate,1,18.0,80,0.0,1.9,236,1017.4,100,41.9,47.0,967.0,13.9,113.0,18.9
2025-01-05 22:00:00,2025,1,5,22,Huế,Phường Phú Bài,16.409296,107.6779818,89,Moderate,1,17.5,85,0.0,4.8,233,1017.2,100,44.2,49.5,996.0,14.3,109.0,19.6
2025-01-05 23:00:00,2025,1,5,23,Huế,Phường Phú Bài,16.409296,107.6779818,90,Moderate,1,16.8,87,0.0,9.0,233,1017.0,100,46.6,51.8,851.0,15.0,97.0,18.1
2025-01-06 00:00:00,2025,1,6,0,Huế,Phường Phú Bài,16.409296,107.6779818,91,Moderate,1,16.5,87,0.0,10.0,231,1016.5,100,48.0,52.9,612.0,15.9,81.0,15.3
2025-01-06 01:00:00,2025,1,6,1,Huế,Phường Phú Bài,16.409296,107.6779818,92,Moderate,1,16.9,85,0.0,8.3,236,1015.9,99,50.5,53.4,435.0,16.0,67.0,12.7
2025-01-06 02:00:00,2025,1,6,2,Huế,Phường Phú Bài,16.409296,107.6779818,93,Moderate,1,16.6,87,0.0,6.8,230,1015.2,100,48.3,50.3,385.0,14.8,57.0,10.4
2025-01-06 03:00:00,2025,1,6,3,Huế,Phường Phú Bài,16.409296,107.6779818,95,Moderate,1,16.9,87,0.0,6.2,221,1015.0,100,44.6,46.2,396.0,12.9,49.0,8.2
2025-01-06 04:00:00,2025,1,6,4,Huế,Phường Phú Bài,16.409296,107.6779818,96,Moderate,1,17.0,88,0.0,4.4,212,1014.9,94,41.7,43.2,423.0,11.4,46.0,7.0
2025-01-06 05:00:00,2025,1,6,5,Huế,Phường Phú Bài,16.409296,107.6779818,97,Moderate,1,16.7,89,0.0,5.4,214,1015.0,19,41.6,43.1,463.0,11.0,48.0,7.3
2025-01-06 06:00:00,2025,1,6,6,Huế,Phường Phú Bài,16.409296,107.6779818,98,Moderate,1,16.1,91,0.0,6.1,214,1015.7,13,42.0,43.7,518.0,11.1,54.0,8.5
2025-01-06 07:00:00,2025,1,6,7,Huế,Phường Phú Bài,16.409296,107.6779818,100,Moderate,1,16.8,88,0.0,7.5,215,1016.6,60,52.4,54.9,549.0,16.5,45.0,11.1
2025-01-06 08:00:00,2025,1,6,8,Huế,Phường Phú Bài,16.409296,107.6779818,101,Unhealthy for Sensitive Groups,2,19.8,77,0.0,4.3,208,1017.8,17,43.7,46.4,533.0,12.8,71.0,11.2
2025-01-06 09:00:00,2025,1,6,9,Huế,Phường Phú Bài,16.409296,107.6779818,103,Unhealthy for Sensitive Groups,2,22.0,63,0.0,4.0,129,1018.3,43,39.6,42.8,492.0,7.7,106.0,11.4
2025-01-06 10:00:00,2025,1,6,10,Huế,Phường Phú Bài,16.409296,107.6779818,105,Unhealthy for Sensitive Groups,2,23.0,62,0.0,8.5,85,1017.7,36,41.3,45.1,453.0,3.8,134.0,11.6
2025-01-06 11:00:00,2025,1,6,11,Huế,Phường Phú Bài,16.409296,107.6779818,107,Unhealthy for Sensitive Groups,2,23.5,61,0.1,9.9,80,1016.9,42,54.2,59.3,419.0,2.3,147.0,11.7
2025-01-06 12:00:00,2025,1,6,12,Huế,Phường Phú Bài,16.409296,107.6779818,110,Unhealthy for Sensitive Groups,2,24.0,61,0.2,12.1,75,1015.8,80,39.7,43.1,386.0,2.0,152.0,11.7
2025-01-06 13:00:00,2025,1,6,13,Huế,Phường Phú Bài,16.409296,107.6779818,112,Unhealthy for Sensitive Groups,2,23.8,61,0.0,13.4,72,1014.6,67,37.4,40.9,369.0,1.9,155.0,11.7
2025-01-06 14:00:00,2025,1,6,14,Huế,Phường Phú Bài,16.409296,107.6779818,113,Unhealthy for Sensitive Groups,2,23.6,62,0.0,12.9,72,1013.9,53,34.1,37.3,378.0,1.5,157.0,11.5
2025-01-06 15:00:00,2025,1,6,15,Huế,Phường Phú Bài,16.409296,107.6779818,114,Unhealthy for Sensitive Groups,2,23.0,65,0.0,13.6,68,1013.5,41,29.2,31.9,403.0,1.3,156.0,11.2
2025-01-06 16:00:00,2025,1,6,16,Huế,Phường Phú Bài,16.409296,107.6779818,115,Unhealthy for Sensitive Groups,2,22.5,66,0.0,12.7,69,1013.6,27,25.5,27.9,424.0,2.2,151.0,11.0
2025-01-06 17:00:00,2025,1,6,17,Huế,Phường Phú Bài,16.409296,107.6779818,115,Unhealthy for Sensitive Groups,2,21.8,67,0.0,9.4,72,1014.0,73,23.3,25.5,431.0,5.0,139.0,11.0
2025-01-06 18:00:00,2025,1,6,18,Huế,Phường Phú Bài,16.409296,107.6779818,120,Unhealthy for Sensitive Groups,2,20.9,70,0.0,7.0,77,1014.3,70,23.1,25.1,434.0,8.7,122.0,11.2
2025-01-06 19:00:00,2025,1,6,19,Huế,Phường Phú Bài,16.409296,107.6779818,117,Unhealthy for Sensitive Groups,2,20.0,75,0.0,6.0,95,1015.0,31,23.2,25.4,441.0,9.3,114.0,10.3
2025-01-06 20:00:00,2025,1,6,20,Huế,Phường Phú Bài,16.409296,107.6779818,111,Unhealthy for Sensitive Groups,2,20.5,74,0.0,6.7,106,1015.4,57,25.1,28.2,460.0,9.9,107.0,10.3
2025-01-06 21:00:00,2025,1,6,21,Huế,Phường Phú Bài,16.409296,107.6779818,109,Unhealthy for Sensitive Groups,2,19.6,82,0.0,5.4,124,1015.5,55,26.8,30.2,483.0,10.8,98.0,10.2
2025-01-06 22:00:00,2025,1,6,22,Huế,Phường Phú Bài,16.409296,107.6779818,108,Unhealthy for Sensitive Groups,2,18.9,86,0.0,4.5,166,1015.5,38,28.4,32.0,501.0,11.5,89.0,9.9
2025-01-06 23:00:00,2025,1,6,23,Huế,Phường Phú Bài,16.409296,107.6779818,106,Unhealthy for Sensitive Groups,2,17.8,92,0.0,4.2,200,1015.2,30,30.2,33.9,510.0,11.7,83.0,9.2
2025-01-07 00:00:00,2025,1,7,0,Huế,Phường Phú Bài,16.409296,107.6779818,104,Unhealthy for Sensitive Groups,2,17.1,94,0.0,3.9,223,1014.8,22,34.2,38.6,514.0,11.7,78.0,8.3
2025-01-07 01:00:00,2025,1,7,1,Huế,Phường Phú Bài,16.409296,107.6779818,103,Unhealthy for Sensitive Groups,2,16.5,97,0.0,4.6,231,1014.6,37,35.6,40.3,514.0,11.6,73.0,7.4
2025-01-07 02:00:00,2025,1,7,2,Huế,Phường Phú Bài,16.409296,107.6779818,101,Unhealthy for Sensitive Groups,2,16.4,97,0.0,5.1,222,1014.4,23,36.2,39.3,496.0,11.3,67.0,6.6
2025-01-07 03:00:00,2025,1,7,3,Huế,Phường Phú Bài,16.409296,107.6779818,100,Moderate,1,16.1,97,0.0,5.7,208,1014.4,23,35.6,38.4,474.0,10.8,61.0,5.9
2025-01-07 04:00:00,2025,1,7,4,Huế,Phường Phú Bài,16.409296,107.6779818,99,Moderate,1,15.9,97,0.0,6.1,199,1014.1,21,35.3,38.0,486.0,10.3,58.0,5.5
2025-01-07 05:00:00,2025,1,7,5,Huế,Phường Phú Bài,16.409296,107.6779818,99,Moderate,1,15.8,96,0.0,6.5,199,1014.4,9,35.2,37.7,586.0,10.1,59.0,5.8
2025-01-07 06:00:00,2025,1,7,6,Huế,Phường Phú Bài,16.409296,107.6779818,98,Moderate,1,15.6,96,0.0,6.1,203,1014.8,7,33.9,36.2,720.0,9.9,63.0,6.5
2025-01-07 07:00:00,2025,1,7,7,Huế,Phường Phú Bài,16.409296,107.6779818,97,Moderate,1,16.4,93,0.0,8.0,205,1015.4,10,39.6,42.3,771.0,12.0,63.0,6.8
2025-01-07 08:00:00,2025,1,7,8,Huế,Phường Phú Bài,16.409296,107.6779818,96,Moderate,1,20.0,83,0.0,4.2,192,1016.6,21,34.3,36.8,656.0,9.4,77.0,5.9
2025-01-07 09:00:00,2025,1,7,9,Huế,Phường Phú Bài,16.409296,107.6779818,95,Moderate,1,22.5,73,0.0,5.6,140,1017.0,23,24.0,26.3,458.0,5.8,96.0,4.5
2025-01-07 10:00:00,2025,1,7,10,Huế,Phường Phú Bài,16.409296,107.6779818,94,Moderate,1,24.0,67,0.1,8.0,99,1016.8,62,16.8,19.2,305.0,3.1,111.0,3.5
2025-01-07 11:00:00,2025,1,7,11,Huế,Phường Phú Bài,16.409296,107.6779818,92,Moderate,1,24.6,65,0.2,9.7,79,1016.0,70,14.8,17.2,255.0,2.1,117.0,3.0
2025-01-07 12:00:00,2025,1,7,12,Huế,Phường Phú Bài,16.409296,107.6779818,88,Moderate,1,24.6,68,0.2,10.8,64,1015.0,74,15.7,19.0,250.0,1.9,117.0,2.8
2025-01-07 13:00:00,2025,1,7,13,Huế,Phường Phú Bài,16.409296,107.6779818,86,Moderate,1,24.2,72,0.2,12.7,65,1014.0,94,15.6,19.2,248.0,2.0,116.0,2.6
2025-01-07 14:00:00,2025,1,7,14,Huế,Phường Phú Bài,16.409296,107.6779818,84,Moderate,1,23.9,73,0.0,13.4,72,1013.1,96,15.4,19.0,234.0,1.8,114.0,2.4
2025-01-07 15:00:00,2025,1,7,15,Huế,Phường Phú Bài,16.409296,107.6779818,83,Moderate,1,23.6,72,0.0,13.2,75,1012.7,99,14.2,17.9,223.0,1.9,109.0,2.3
2025-01-07 16:00:00,2025,1,7,16,Huế,Phường Phú Bài,16.409296,107.6779818,81,Moderate,1,23.4,73,0.0,15.5,72,1012.6,92,13.4,16.9,216.0,2.9,103.0,2.5
2025-01-07 17:00:00,2025,1,7,17,Huế,Phường Phú Bài,16.409296,107.6779818,80,Moderate,1,22.4,76,0.0,12.0,81,1013.0,91,13.3,16.7,217.0,5.7,93.0,3.1
2025-01-07 18:00:00,2025,1,7,18,Huế,Phường Phú Bài,16.409296,107.6779818,79,Moderate,1,21.5,79,0.0,8.4,81,1013.2,98,14.4,17.6,223.0,9.5,81.0,4.1
2025-01-07 19:00:00,2025,1,7,19,Huế,Phường Phú Bài,16.409296,107.6779818,79,Moderate,1,21.5,79,0.0,8.3,84,1013.9,96,17.6,20.7,226.0,13.4,71.0,5.2
2025-01-07 20:00:00,2025,1,7,20,Huế,Phường Phú Bài,16.409296,107.6779818,78,Moderate,1,21.5,85,0.0,12.6,88,1014.9,92,19.8,23.1,224.0,14.5,68.0,6.2
2025-01-07 21:00:00,2025,1,7,21,Huế,Phường Phú Bài,16.409296,107.6779818,78,Moderate,1,21.0,88,0.0,12.4,90,1015.4,94,20.8,24.2,219.0,16.0,64.0,7.6
2025-01-07 22:00:00,2025,1,7,22,Huế,Phường Phú Bài,16.409296,107.6779818,77,Moderate,1,20.5,91,0.0,10.5,96,1015.4,93,22.3,25.9,216.0,16.9,60.0,8.3
2025-01-07 23:00:00,2025,1,7,23,Huế,Phường Phú Bài,16.409296,107.6779818,77,Moderate,1,20.1,92,0.0,6.6,112,1015.3,91,24.0,27.8,214.0,16.7,57.0,7.9
2025-01-08 00:00:00,2025,1,8,0,Huế,Phường Phú Bài,16.409296,107.6779818,76,Moderate,1,19.5,95,0.0,4.0,129,1015.1,70,24.2,27.9,213.0,15.9,55.0,6.8
2025-01-08 01:00:00,2025,1,8,1,Huế,Phường Phú Bài,16.409296,107.6779818,75,Moderate,1,18.9,95,0.0,3.0,194,1014.4,22,23.8,27.5,218.0,14.9,53.0,5.9
2025-01-08 02:00:00,2025,1,8,2,Huế,Phường Phú Bài,16.409296,107.6779818,74,Moderate,1,18.0,98,0.0,3.5,219,1014.0,32,23.2,26.3,232.0,13.4,53.0,5.2
2025-01-08 03:00:00,2025,1,8,3,Huế,Phường Phú Bài,16.409296,107.6779818,73,Moderate,1,17.5,100,0.0,5.3,232,1013.6,97,23.8,26.0,253.0,11.6,53.0,4.6
2025-01-08 04:00:00,2025,1,8,4,Huế,Phường Phú Bài,16.409296,107.6779818,72,Moderate,1,17.1,100,0.0,6.3,233,1013.5,100,23.6,25.7,278.0,10.6,53.0,4.3
2025-01-08 05:00:00,2025,1,8,5,Huế,Phường Phú Bài,16.409296,107.6779818,71,Moderate,1,17.0,100,0.0,6.9,227,1013.7,100,23.2,25.2,316.0,11.4,49.0,4.5
2025-01-08 06:00:00,2025,1,8,6,Huế,Phường Phú Bài,16.409296,107.6779818,70,Moderate,1,16.4,100,0.0,6.5,226,1014.1,99,23.3,25.1,358.0,13.0,43.0,5.1
2025-01-08 07:00:00,2025,1,8,7,Huế,Phường Phú Bài,16.409296,107.6779818,69,Moderate,1,16.8,98,0.0,7.4,214,1014.9,21,25.8,28.0,373.0,12.1,46.0,4.9
2025-01-08 08:00:00,2025,1,8,8,Huế,Phường Phú Bài,16.409296,107.6779818,68,Moderate,1,20.5,85,0.0,6.3,180,1016.2,12,20.6,22.8,334.0,9.5,63.0,4.7
2025-01-08 09:00:00,2025,1,8,9,Huế,Phường Phú Bài,16.409296,107.6779818,66,Moderate,1,23.2,74,0.0,5.7,162,1016.8,37,16.4,19.4,268.0,6.0,87.0,4.3
2025-01-08 10:00:00,2025,1,8,10,Huế,Phường Phú Bài,16.409296,107.6779818,66,Moderate,1,24.2,69,0.2,10.0,82,1016.5,59,15.3,19.8,222.0,3.2,106.0,4.0
2025-01-08 11:00:00,2025,1,8,11,Huế,Phường Phú Bài,16.409296,107.6779818,66,Moderate,1,24.5,69,0.1,10.8,69,1016.3,48,14.4,18.8,219.0,2.0,115.0,3.7
2025-01-08 12:00:00,2025,1,8,12,Huế,Phường Phú Bài,16.409296,107.6779818,66,Moderate,1,24.6,68,0.0,12.4,71,1015.6,22,13.9,17.8,236.0,1.7,120.0,3.3
2025-01-08 13:00:00,2025,1,8,13,Huế,Phường Phú Bài,16.409296,107.6779818,65,Moderate,1,24.7,68,0.0,14.2,75,1014.7,47,13.4,17.0,250.0,1.6,121.0,3.0
2025-01-08 14:00:00,2025,1,8,14,Huế,Phường Phú Bài,16.409296,107.6779818,65,Moderate,1,23.9,73,0.1,14.1,71,1013.8,19,12.5,15.6,252.0,1.2,120.0,2.6
2025-01-08 15:00:00,2025,1,8,15,Huế,Phường Phú Bài,16.409296,107.6779818,65,Moderate,1,23.8,73,0.2,14.7,78,1013.6,75,11.7,14.6,251.0,1.2,116.0,2.2
2025-01-08 16:00:00,2025,1,8,16,Huế,Phường Phú Bài,16.409296,107.6779818,65,Moderate,1,23.1,76,0.3,15.7,81,1013.5,47,13.7,17.2,252.0,2.5,109.0,2.3
2025-01-08 17:00:00,2025,1,8,17,Huế,Phường Phú Bài,16.409296,107.6779818,65,Moderate,1,22.1,82,0.1,14.3,83,1013.7,21,11.6,14.4,258.0,6.4,97.0,3.3
2025-01-08 18:00:00,2025,1,8,18,Huế,Phường Phú Bài,16.409296,107.6779818,65,Moderate,1,21.2,86,0.0,11.4,79,1014.4,24,14.0,16.6,267.0,11.7,82.0,4.7
2025-01-08 19:00:00,2025,1,8,19,Huế,Phường Phú Bài,16.409296,107.6779818,65,Moderate,1,20.9,88,0.0,11.6,78,1015.0,16,15.7,17.6,275.0,13.9,73.0,5.4
2025-01-08 20:00:00,2025,1,8,20,Huế,Phường Phú Bài,16.409296,107.6779818,64,Moderate,1,21.0,90,0.0,11.3,89,1015.8,27,17.8,19.8,280.0,14.6,69.0,5.8
2025-01-08 21:00:00,2025,1,8,21,Huế,Phường Phú Bài,16.409296,107.6779818,64,Moderate,1,20.6,91,0.0,10.4,99,1016.3,26,19.0,21.2,284.0,15.5,63.0,6.3
2025-01-08 22:00:00,2025,1,8,22,Huế,Phường Phú Bài,16.409296,107.6779818,64,Moderate,1,20.3,93,0.0,7.5,111,1016.7,34,20.5,22.5,292.0,16.0,58.0,6.5
2025-01-08 23:00:00,2025,1,8,23,Huế,Phường Phú Bài,16.409296,107.6779818,64,Moderate,1,19.8,95,0.0,4.9,126,1016.8,38,22.2,24.3,311.0,15.7,55.0,6.2
2025-01-09 00:00:00,2025,1,9,0,Huế,Phường Phú Bài,16.409296,107.6779818,64,Moderate,1,19.4,96,0.0,3.6,150,1016.3,94,21.8,24.0,333.0,14.9,54.0,5.7
2025-01-09 01:00:00,2025,1,9,1,Huế,Phường Phú Bài,16.409296,107.6779818,64,Moderate,1,19.6,96,0.0,3.1,193,1015.7,80,21.9,24.2,343.0,14.2,53.0,5.3
2025-01-09 02:00:00,2025,1,9,2,Huế,Phường Phú Bài,16.409296,107.6779818,63,Moderate,1,19.5,97,0.2,2.1,218,1015.1,98,22.0,24.3,327.0,13.8,53.0,5.4
2025-01-09 03:00:00,2025,1,9,3,Huế,Phường Phú Bài,16.409296,107.6779818,63,Moderate,1,19.5,98,0.2,3.1,234,1015.0,100,22.5,24.9,298.0,13.4,53.0,5.6
2025-01-09 04:00:00,2025,1,9,4,Huế,Phường Phú Bài,16.409296,107.6779818,63,Moderate,1,19.2,99,0.2,2.2,222,1014.8,100,23.3,25.8,278.0,12.9,55.0,5.7
2025-01-09 05:00:00,2025,1,9,5,Huế,Phường Phú Bài,16.409296,107.6779818,63,Moderate,1,19.8,98,0.4,3.5,168,1015.2,100,22.4,25.1,279.0,12.3,59.0,5.5
2025-01-09 06:00:00,2025,1,9,6,Huế,Phường Phú Bài,16.409296,107.6779818,63,Moderate,1,19.8,98,0.4,3.6,160,1015.7,100,19.4,22.5,289.0,11.6,65.0,5.3
2025-01-09 07:00:00,2025,1,9,7,Huế,Phường Phú Bài,16.409296,107.6779818,63,Moderate,1,20.2,97,0.2,4.3,152,1016.3,100,28.5,31.4,295.0,18.6,48.0,8.6
2025-01-09 08:00:00,2025,1,9,8,Huế,Phường Phú Bài,16.409296,107.6779818,63,Moderate,1,20.6,97,0.9,4.0,172,1017.5,93,24.6,27.8,290.0,15.2,62.0,7.8
2025-01-09 09:00:00,2025,1,9,9,Huế,Phường Phú Bài,16.409296,107.6779818,63,Moderate,1,21.2,95,1.0,9.2,89,1018.6,100,18.0,21.4,281.0,10.4,82.0,6.7
2025-01-09 10:00:00,2025,1,9,10,Huế,Phường Phú Bài,16.409296,107.6779818,63,Moderate,1,22.5,84,0.2,12.6,81,1018.3,95,17.8,21.1,274.0,6.5,97.0,5.5
2025-01-09 11:00:00,2025,1,9,11,Huế,Phường Phú Bài,16.409296,107.6779818,64,Moderate,1,22.4,86,1.4,15.5,78,1017.9,96,18.3,21.9,272.0,4.4,103.0,4.2
2025-01-09 12:00:00,2025,1,9,12,Huế,Phường Phú Bài,16.409296,107.6779818,64,Moderate,1,24.0,77,0.3,15.9,72,1016.9,97,14.5,18.2,271.0,3.2,105.0,2.9
2025-01-09 13:00:00,2025,1,9,13,Huế,Phường Phú Bài,16.409296,107.6779818,64,Moderate,1,23.6,75,0.1,18.4,76,1015.6,58,13.7,16.9,270.0,2.6,106.0,2.0
2025-01-09 14:00:00,2025,1,9,14,Huế,Phường Phú Bài,16.409296,107.6779818,64,Moderate,1,23.6,75,0.2,17.6,72,1015.1,91,17.0,20.5,267.0,2.6,106.0,1.9
2025-01-09 15:00:00,2025,1,9,15,Huế,Phường Phú Bài,16.409296,107.6779818,65,Moderate,1,22.5,84,1.6,17.5,78,1015.1,100,18.1,21.9,263.0,3.2,106.0,2.4
2025-01-09 16:00:00,2025,1,9,16,Huế,Phường Phú Bài,16.409296,107.6779818,65,Moderate,1,21.8,88,1.3,16.9,76,1015.4,100,17.3,21.5,263.0,4.3,103.0,2.8
2025-01-09 17:00:00,2025,1,9,17,Huế,Phường Phú Bài,16.409296,107.6779818,65,Moderate,1,21.2,88,0.3,15.8,78,1016.1,100,15.9,20.0,272.0,6.3,97.0,3.2
2025-01-09 18:00:00,2025,1,9,18,Huế,Phường Phú Bài,16.409296,107.6779818,66,Moderate,1,20.6,93,0.3,15.2,83,1017.0,100,16.8,20.1,285.0,8.8,89.0,3.6
2025-01-09 19:00:00,2025,1,9,19,Huế,Phường Phú Bài,16.409296,107.6779818,66,Moderate,1,20.0,96,0.3,9.4,88,1018.1,100,19.3,22.9,292.0,12.6,75.0,4.6
2025-01-09 20:00:00,2025,1,9,20,Huế,Phường Phú Bài,16.409296,107.6779818,66,Moderate,1,20.4,93,0.2,10.3,105,1018.6,100,18.7,22.5,288.0,11.7,75.0,4.6
2025-01-09 21:00:00,2025,1,9,21,Huế,Phường Phú Bài,16.409296,107.6779818,66,Moderate,1,20.2,96,0.2,6.3,105,1019.4,99,17.5,21.1,278.0,10.3,75.0,4.5
2025-01-09 22:00:00,2025,1,9,22,Huế,Phường Phú Bài,16.409296,107.6779818,66,Moderate,1,20.2,95,0.2,7.0,80,1019.8,100,18.3,21.9,273.0,8.9,76.0,4.3
2025-01-09 23:00:00,2025,1,9,23,Huế,Phường Phú Bài,16.409296,107.6779818,66,Moderate,1,20.1,97,0.3,4.8,132,1019.8,95,13.5,16.5,276.0,7.5,78.0,3.8
2025-01-10 00:00:00,2025,1,10,0,Huế,Phường Phú Bài,16.409296,107.6779818,65,Moderate,1,20.0,94,0.5,4.6,51,1019.9,100,14.0,17.5,283.0,6.1,81.0,3.1
2025-01-10 01:00:00,2025,1,10,1,Huế,Phường Phú Bài,16.409296,107.6779818,65,Moderate,1,19.7,96,0.9,10.9,61,1019.7,100,16.7,20.6,293.0,4.9,86.0,2.6
2025-01-10 02:00:00,2025,1,10,2,Huế,Phường Phú Bài,16.409296,107.6779818,64,Moderate,1,19.6,96,0.9,9.8,77,1019.1,100,17.5,21.6,303.0,3.9,94.0,2.4
2025-01-10 03:00:00,2025,1,10,3,Huế,Phường Phú Bài,16.409296,107.6779818,64,Moderate,1,19.4,96,0.9,12.2,70,1018.9,100,20.1,24.4,316.0,3.1,103.0,2.5
2025-01-10 04:00:00,2025,1,10,4,Huế,Phường Phú Bài,16.409296,107.6779818,64,Moderate,1,19.2,96,0.9,13.5,67,1019.2,100,23.6,28.2,333.0,2.6,111.0,2.8
2025-01-10 05:00:00,2025,1,10,5,Huế,Phường Phú Bài,16.409296,107.6779818,64,Moderate,1,19.6,92,0.5,17.0,69,1019.9,100,27.0,31.2,362.0,2.5,118.0,3.4
2025-01-10 06:00:00,2025,1,10,6,Huế,Phường Phú Bài,16.409296,107.6779818,64,Moderate,1,19.1,95,0.4,14.3,65,1020.5,100,28.9,32.4,395.0,2.6,125.0,4.2
2025-01-10 07:00:00,2025,1,10,7,Huế,Phường Phú Bài,16.409296,107.6779818,65,Moderate,1,19.6,88,0.3,17.2,66,1021.3,100,28.6,32.5,417.0,3.7,123.0,4.5
2025-01-10 08:00:00,2025,1,10,8,Huế,Phường Phú Bài,16.409296,107.6779818,65,Moderate,1,20.9,80,0.1,18.0,74,1022.6,99,28.7,31.8,416.0,4.1,122.0,5.8
2025-01-10 09:00:00,2025,1,10,9,Huế,Phường Phú Bài,16.409296,107.6779818,65,Moderate,1,20.6,81,0.6,19.9,70,1023.7,100,30.5,34.2,403.0,4.6,121.0,7.5
2025-01-10 10:00:00,2025,1,10,10,Huế,Phường Phú Bài,16.409296,107.6779818,66,Moderate,1,20.5,86,0.6,16.3,64,1023.8,100,30.4,33.4,398.0,4.9,120.0,9.1
2025-01-10 11:00:00,2025,1,10,11,Huế,Phường Phú Bài,16.409296,107.6779818,67,Moderate,1,20.6,82,1.6,19.2,56,1023.3,100,32.5,35.7,411.0,4.9,119.0,10.2
2025-01-10 12:00:00,2025,1,10,12,Huế,Phường Phú Bài,16.409296,107.6779818,71,Moderate,1,21.6,72,0.2,22.1,50,1022.7,100,35.7,39.0,432.0,4.8,119.0,11.1
2025-01-10 13:00:00,2025,1,10,13,Huế,Phường Phú Bài,16.409296,107.6779818,72,Moderate,1,20.9,75,0.3,19.8,56,1021.7,100,38.2,40.9,448.0,4.8,120.0,11.8
2025-01-10 14:00:00,2025,1,10,14,Huế,Phường Phú Bài,16.409296,107.6779818,73,Moderate,1,21.0,74,0.1,17.9,54,1021.0,99,41.3,44.4,453.0,4.9,124.0,12.3
2025-01-10 15:00:00,2025,1,10,15,Huế,Phường Phú Bài,16.409296,107.6779818,75,Moderate,1,21.2,72,0.1,16.3,52,1020.6,100,44.1,47.5,452.0,5.0,130.0,12.6
2025-01-10 16:00:00,2025,1,10,16,Huế,Phường Phú Bài,16.409296,107.6779818,77,Moderate,1,20.5,75,0.1,15.7,63,1020.8,100,46.4,49.8,449.0,5.5,134.0,12.8
2025-01-10 17:00:00,2025,1,10,17,Huế,Phường Phú Bài,16.409296,107.6779818,80,Moderate,1,19.9,83,0.3,11.7,67,1021.2,100,46.9,49.4,444.0,6.7,133.0,13.1
2025-01-10 18:00:00,2025,1,10,18,Huế,Phường Phú Bài,16.409296,107.6779818,83,Moderate,1,20.2,76,0.0,14.8,69,1021.8,98,49.4,52.2,438.0,8.2,130.0,13.3
2025-01-10 19:00:00,2025,1,10,19,Huế,Phường Phú Bài,16.409296,107.6779818,85,Moderate,1,20.5,71,0.1,14.0,67,1022.4,99,39.9,42.4,431.0,9.1,117.0,11.1
2025-01-10 20:00:00,2025,1,10,20,Huế,Phường Phú Bài,16.409296,107.6779818,87,Moderate,1,20.2,70,0.0,13.5,69,1023.1,93,39.9,42.4,426.0,7.8,118.0,10.5
2025-01-10 21:00:00,2025,1,10,21,Huế,Phường Phú Bài,16.409296,107.6779818,89,Moderate,1,20.2,70,0.0,12.8,56,1023.4,61,38.1,40.6,422.0,6.1,120.0,9.6
2025-01-10 22:00:00,2025,1,10,22,Huế,Phường Phú Bài,16.409296,107.6779818,91,Moderate,1,20.0,70,0.0,10.0,51,1023.4,37,34.3,37.0,415.0,4.6,121.0,8.6
2025-01-10 23:00:00,2025,1,10,23,Huế,Phường Phú Bài,16.409296,107.6779818,92,Moderate,1,19.5,75,0.0,13.0,56,1023.4,27,33.4,36.6,403.0,3.8,120.0,7.4
2025-01-11 00:00:00,2025,1,11,0,Huế,Phường Phú Bài,16.409296,107.6779818,94,Moderate,1,18.8,80,0.0,9.2,45,1023.2,40,31.1,34.3,388.0,3.3,117.0,6.0
2025-01-11 01:00:00,2025,1,11,1,Huế,Phường Phú Bài,16.409296,107.6779818,96,Moderate,1,18.2,83,0.1,7.7,49,1022.8,82,29.8,33.5,377.0,2.9,115.0,5.1
2025-01-11 02:00:00,2025,1,11,2,Huế,Phường Phú Bài,16.409296,107.6779818,97,Moderate,1,18.1,86,0.7,5.3,62,1022.0,70,29.1,32.5,370.0,2.5,115.0,4.8
2025-01-11 03:00:00,2025,1,11,3,Huế,Phường Phú Bài,16.409296,107.6779818,98,Moderate,1,17.9,87,1.2,7.3,74,1021.7,88,28.4,31.7,367.0,2.2,115.0,5.0
2025-01-11 04:00:00,2025,1,11,4,Huế,Phường Phú Bài,16.409296,107.6779818,99,Moderate,1,18.1,87,0.2,14.1,71,1021.7,25,28.0,30.9,371.0,2.2,115.0,5.3
2025-01-11 05:00:00,2025,1,11,5,Huế,Phường Phú Bài,16.409296,107.6779818,99,Moderate,1,17.9,87,0.2,14.3,69,1022.1,31,28.3,31.2,389.0,2.6,114.0,5.8
2025-01-11 06:00:00,2025,1,11,6,Huế,Phường Phú Bài,16.409296,107.6779818,99,Moderate,1,17.8,85,0.1,11.4,66,1022.9,34,27.9,30.5,413.0,3.2,113.0,6.5
2025-01-11 07:00:00,2025,1,11,7,Huế,Phường Phú Bài,16.409296,107.6779818,99,Moderate,1,18.4,82,0.0,12.7,65,1023.8,25,31.5,34.2,431.0,3.9,110.0,6.0
2025-01-11 08:00:00,2025,1,11,8,Huế,Phường Phú Bài,16.409296,107.6779818,99,Moderate,1,19.6,79,0.0,11.0,69,1025.2,65,30.7,33.2,434.0,3.3,114.0,6.0
2025-01-11 09:00:00,2025,1,11,9,Huế,Phường Phú Bài,16.409296,107.6779818,99,Moderate,1,20.6,71,0.2,16.4,59,1025.9,90,30.7,32.9,430.0,2.6,120.0,6.1
2025-01-11 10:00:00,2025,1,11,10,Huế,Phường Phú Bài,16.409296,107.6779818,99,Moderate,1,21.1,68,0.2,18.7,49,1026.0,55,30.5,32.7,426.0,2.0,126.0,6.4
2025-01-11 11:00:00,2025,1,11,11,Huế,Phường Phú Bài,16.409296,107.6779818,99,Moderate,1,21.9,63,0.2,20.6,42,1025.6,31,31.4,33.9,423.0,1.8,130.0,7.3
2025-01-11 12:00:00,2025,1,11,12,Huế,Phường Phú Bài,16.409296,107.6779818,99,Moderate,1,22.2,60,0.1,21.0,37,1025.1,29,32.1,34.6,420.0,1.9,134.0,8.6
2025-01-11 13:00:00,2025,1,11,13,Huế,Phường Phú Bài,16.409296,107.6779818,99,Moderate,1,21.6,62,0.1,18.8,37,1024.0,65,32.1,34.7,417.0,2.0,138.0,9.5
2025-01-11 14:00:00,2025,1,11,14,Huế,Phường Phú Bài,16.409296,107.6779818,99,Moderate,1,21.6,62,0.1,16.8,33,1022.7,70,31.4,34.1,417.0,2.0,142.0,9.8
2025-01-11 15:00:00,2025,1,11,15,Huế,Phường Phú Bài,16.409296,107.6779818,98,Moderate,1,20.6,68,0.2,18.5,22,1022.5,50,30.9,33.5,417.0,2.1,145.0,9.9
2025-01-11 16:00:00,2025,1,11,16,Huế,Phường Phú Bài,16.409296,107.6779818,96,Moderate,1,20.1,66,0.1,18.7,13,1022.7,29,31.4,34.2,412.0,2.5,146.0,9.9
2025-01-11 17:00:00,2025,1,11,17,Huế,Phường Phú Bài,16.409296,107.6779818,96,Moderate,1,20.0,64,0.0,15.9,12,1023.0,24,32.9,35.7,396.0,3.8,143.0,10.1
2025-01-11 18:00:00,2025,1,11,18,Huế,Phường Phú Bài,16.409296,107.6779818,101,Unhealthy for Sensitive Groups,2,19.5,65,0.0,14.5,17,1023.4,44,32.0,34.6,374.0,5.4,137.0,10.3
2025-01-11 19:00:00,2025,1,11,19,Huế,Phường Phú Bài,16.409296,107.6779818,104,Unhealthy for Sensitive Groups,2,18.4,74,0.1,13.9,13,1024.2,59,30.5,33.3,358.0,6.7,113.0,10.2
2025-01-11 20:00:00,2025,1,11,20,Huế,Phường Phú Bài,16.409296,107.6779818,100,Moderate,1,17.9,81,0.2,11.7,27,1025.1,100,31.1,34.2,353.0,6.1,112.0,10.1
2025-01-11 21:00:00,2025,1,11,21,Huế,Phường Phú Bài,16.409296,107.6779818,95,Moderate,1,17.9,81,0.1,12.5,15,1025.3,70,29.1,32.1,355.0,5.4,112.0,10.0
2025-01-11 22:00:00,2025,1,11,22,Huế,Phường Phú Bài,16.409296,107.6779818,90,Moderate,1,17.8,82,0.1,10.5,7,1025.4,54,30.3,33.5,358.0,4.7,110.0,9.7
2025-01-11 23:00:00,2025,1,11,23,Huế,Phường Phú Bài,16.409296,107.6779818,90,Moderate,1,17.4,85,0.1,8.5,360,1025.2,84,30.3,33.4,363.0,4.3,107.0,9.3
2025-01-12 00:00:00,2025,1,12,0,Huế,Phường Phú Bài,16.409296,107.6779818,89,Moderate,1,17.1,84,0.4,11.7,357,1024.7,60,30.5,33.5,370.0,4.1,104.0,8.7
2025-01-12 01:00:00,2025,1,12,1,Huế,Phường Phú Bài,16.409296,107.6779818,89,Moderate,1,16.8,94,1.3,8.3,11,1023.7,85,30.5,33.1,373.0,3.9,101.0,8.3
2025-01-12 02:00:00,2025,1,12,2,Huế,Phường Phú Bài,16.409296,107.6779818,89,Moderate,1,16.8,94,1.0,6.0,49,1022.8,100,31.3,33.9,366.0,3.5,100.0,7.9
2025-01-12 03:00:00,2025,1,12,3,Huế,Phường Phú Bài,16.409296,107.6779818,90,Moderate,1,16.5,95,0.8,6.5,8,1022.3,100,31.0,33.4,355.0,3.1,99.0,7.7
2025-01-12 04:00:00,2025,1,12,4,Huế,Phường Phú Bài,16.409296,107.6779818,90,Moderate,1,16.2,94,1.6,7.0,4,1022.2,100,30.3,32.6,347.0,3.0,98.0,7.6
2025-01-12 05:00:00,2025,1,12,5,Huế,Phường Phú Bài,16.409296,107.6779818,90,Moderate,1,16.5,92,1.2,7.3,30,1022.2,100,31.3,33.8,348.0,3.8,95.0,7.9
2025-01-12 06:00:00,2025,1,12,6,Huế,Phường Phú Bài,16.409296,107.6779818,90,Moderate,1,16.6,90,0.8,6.5,44,1022.7,100,32.0,34.5,353.0,4.9,91.0,8.4
2025-01-12 07:00:00,2025,1,12,7,Huế,Phường Phú Bài,16.409296,107.6779818,91,Moderate,1,17.0,84,0.6,9.9,45,1023.2,100,34.1,36.6,356.0,4.5,97.0,7.9
2025-01-12 08:00:00,2025,1,12,8,Huế,Phường Phú Bài,16.409296,107.6779818,91,Moderate,1,18.1,75,0.3,12.6,37,1024.5,100,34.2,36.6,354.0,3.9,102.0,7.9
2025-01-12 09:00:00,2025,1,12,9,Huế,Phường Phú Bài,16.409296,107.6779818,91,Moderate,1,19.5,59,0.0,18.4,21,1025.0,100,34.2,36.6,350.0,3.2,108.0,8.0
2025-01-12 10:00:00,2025,1,12,10,Huế,Phường Phú Bài,16.409296,107.6779818,91,Moderate,1,20.0,56,0.0,19.6,20,1024.9,100,31.0,33.2,345.0,2.5,114.0,8.0
2025-01-12 11:00:00,2025,1,12,11,Huế,Phường Phú Bài,16.409296,107.6779818,91,Moderate,1,20.0,56,0.0,17.6,20,1024.5,100,29.4,31.5,338.0,2.1,119.0,8.0
2025-01-12 12:00:00,2025,1,12,12,Huế,Phường Phú Bài,16.409296,107.6779818,91,Moderate,1,19.4,63,0.0,16.5,24,1023.4,100,29.6,31.9,330.0,1.7,123.0,7.9
2025-01-12 13:00:00,2025,1,12,13,Huế,Phường Phú Bài,16.409296,107.6779818,91,Moderate,1,19.1,66,0.1,13.7,19,1022.1,100,29.2,31.2,326.0,1.6,126.0,7.7
2025-01-12 14:00:00,2025,1,12,14,Huế,Phường Phú Bài,16.409296,107.6779818,91,Moderate,1,19.0,66,0.1,12.5,6,1020.8,100,29.0,31.0,320.0,1.6,128.0,7.3
2025-01-12 15:00:00,2025,1,12,15,Huế,Phường Phú Bài,16.409296,107.6779818,91,Moderate,1,19.1,62,0.0,13.2,5,1020.2,100,30.5,32.4,319.0,1.8,128.0,6.8
2025-01-12 16:00:00,2025,1,12,16,Huế,Phường Phú Bài,16.409296,107.6779818,91,Moderate,1,18.6,63,0.0,10.8,359,1020.3,100,31.9,33.9,347.0,2.4,126.0,6.6
2025-01-12 17:00:00,2025,1,12,17,Huế,Phường Phú Bài,16.409296,107.6779818,91,Moderate,1,18.3,64,0.0,7.2,354,1020.1,100,32.6,34.7,438.0,3.9,121.0,6.9
2025-01-12 18:00:00,2025,1,12,18,Huế,Phường Phú Bài,16.409296,107.6779818,91,Moderate,1,17.8,73,0.0,2.3,360,1020.2,100,33.3,35.2,558.0,5.9,114.0,7.6
2025-01-12 19:00:00,2025,1,12,19,Huế,Phường Phú Bài,16.409296,107.6779818,91,Moderate,1,17.5,71,0.0,1.4,157,1020.6,100,35.5,37.5,626.0,8.7,100.0,8.2
2025-01-12 20:00:00,2025,1,12,20,Huế,Phường Phú Bài,16.409296,107.6779818,91,Moderate,1,17.0,77,0.0,4.0,170,1021.9,100,38.1,40.3,591.0,9.7,100.0,8.9
2025-01-12 21:00:00,2025,1,12,21,Huế,Phường Phú Bài,16.409296,107.6779818,92,Moderate,1,16.6,86,0.0,9.8,163,1022.2,100,39.6,41.9,504.0,11.2,99.0,9.9
2025-01-12 22:00:00,2025,1,12,22,Huế,Phường Phú Bài,16.409296,107.6779818,93,Moderate,1,16.3,87,0.0,7.1,170,1021.9,86,41.2,43.4,435.0,12.2,98.0,10.5
2025-01-12 23:00:00,2025,1,12,23,Huế,Phường Phú Bài,16.409296,107.6779818,94,Moderate,1,15.6,89,0.0,2.7,228,1021.5,28,43.4,45.5,414.0,12.6,96.0,10.3
2025-01-13 00:00:00,2025,1,13,0,Huế,Phường Phú Bài,16.409296,107.6779818,95,Moderate,1,14.4,94,0.0,4.1,218,1021.0,79,44.4,46.6,412.0,12.7,93.0,9.8
2025-01-13 01:00:00,2025,1,13,1,Huế,Phường Phú Bài,16.409296,107.6779818,96,Moderate,1,15.2,92,0.0,3.4,223,1020.2,99,43.4,45.5,409.0,12.3,91.0,9.1
2025-01-13 02:00:00,2025,1,13,2,Huế,Phường Phú Bài,16.409296,107.6779818,97,Moderate,1,15.6,90,0.0,4.2,220,1019.4,100,40.4,42.5,395.0,10.9,90.0,8.3
2025-01-13 03:00:00,2025,1,13,3,Huế,Phường Phú Bài,16.409296,107.6779818,98,Moderate,1,15.3,93,0.0,6.6,217,1018.8,72,38.5,40.7,380.0,9.0,90.0,7.3
2025-01-13 04:00:00,2025,1,13,4,Huế,Phường Phú Bài,16.409296,107.6779818,99,Moderate,1,15.1,92,0.0,7.5,210,1018.5,15,36.7,38.9,376.0,8.1,89.0,6.7
2025-01-13 05:00:00,2025,1,13,5,Huế,Phường Phú Bài,16.409296,107.6779818,99,Moderate,1,14.6,94,0.0,7.4,206,1018.7,70,34.7,37.3,397.0,9.4,84.0,7.0
2025-01-13 06:00:00,2025,1,13,6,Huế,Phường Phú Bài,16.409296,107.6779818,100,Moderate,1,14.3,94,0.0,6.4,209,1019.1,33,32.6,35.2,428.0,11.7,77.0,7.6
2025-01-13 07:00:00,2025,1,13,7,Huế,Phường Phú Bài,16.409296,107.6779818,100,Moderate,1,15.1,90,0.0,7.2,212,1019.7,100,36.2,40.3,437.0,16.3,75.0,9.8
2025-01-13 08:00:00,2025,1,13,8,Huế,Phường Phú Bài,16.409296,107.6779818,100,Moderate,1,17.5,78,0.0,4.2,173,1020.7,98,29.5,33.4,402.0,12.5,86.0,8.1
2025-01-13 09:00:00,2025,1,13,9,Huế,Phường Phú Bài,16.409296,107.6779818,99,Moderate,1,19.7,69,0.0,2.2,156,1021.2,100,18.2,22.3,346.0,7.2,102.0,5.7
2025-01-13 10:00:00,2025,1,13,10,Huế,Phường Phú Bài,16.409296,107.6779818,98,Moderate,1,21.0,60,0.0,5.4,60,1020.9,100,15.7,19.4,304.0,3.2,114.0,3.8
2025-01-13 11:00:00,2025,1,13,11,Huế,Phường Phú Bài,16.409296,107.6779818,97,Moderate,1,21.1,59,0.0,10.3,57,1020.1,99,14.9,18.5,293.0,1.9,118.0,3.0
2025-01-13 12:00:00,2025,1,13,12,Huế,Phường Phú Bài,16.409296,107.6779818,95,Moderate,1,21.4,59,0.0,9.8,60,1019.1,100,15.8,19.4,296.0,2.0,118.0,2.7
2025-01-13 13:00:00,2025,1,13,13,Huế,Phường Phú Bài,16.409296,107.6779818,94,Moderate,1,21.5,59,0.0,11.0,69,1017.8,100,15.9,19.4,297.0,2.2,117.0,2.5
2025-01-13 14:00:00,2025,1,13,14,Huế,Phường Phú Bài,16.409296,107.6779818,93,Moderate,1,21.2,60,0.0,11.7,77,1016.9,100,17.7,21.3,286.0,2.0,117.0,2.3
2025-01-13 15:00:00,2025,1,13,15,Huế,Phường Phú Bài,16.409296,107.6779818,92,Moderate,1,20.5,65,0.0,14.0,70,1016.2,100,17.2,20.8,272.0,2.0,117.0,2.1
2025-01-13 16:00:00,2025,1,13,16,Huế,Phường Phú Bài,16.409296,107.6779818,91,Moderate,1,20.4,64,0.0,11.9,86,1016.2,100,16.6,20.1,267.0,2.5,115.0,2.2
2025-01-13 17:00:00,2025,1,13,17,Huế,Phường Phú Bài,16.409296,107.6779818,89,Moderate,1,20.1,65,0.0,11.0,84,1016.5,100,16.8,20.4,273.0,4.1,110.0,2.6
2025-01-13 18:00:00,2025,1,13,18,Huế,Phường Phú Bài,16.409296,107.6779818,88,Moderate,1,19.8,66,0.0,7.4,104,1017.0,40,17.8,21.1,287.0,6.3,103.0,3.3
2025-01-13 19:00:00,2025,1,13,19,Huế,Phường Phú Bài,16.409296,107.6779818,87,Moderate,1,19.4,69,0.0,8.2,123,1017.6,81,17.6,20.5,310.0,9.0,93.0,4.2
2025-01-13 20:00:00,2025,1,13,20,Huế,Phường Phú Bài,16.409296,107.6779818,85,Moderate,1,18.2,80,0.0,5.6,135,1018.3,55,20.5,23.9,352.0,9.5,88.0,4.6
2025-01-13 21:00:00,2025,1,13,21,Huế,Phường Phú Bài,16.409296,107.6779818,83,Moderate,1,17.5,84,0.0,4.6,206,1018.4,89,23.2,26.7,402.0,10.3,81.0,5.3
2025-01-13 22:00:00,2025,1,13,22,Huế,Phường Phú Bài,16.409296,107.6779818,82,Moderate,1,17.6,84,0.0,5.3,215,1018.0,83,25.0,28.5,432.0,10.9,74.0,5.6
2025-01-13 23:00:00,2025,1,13,23,Huế,Phường Phú Bài,16.409296,107.6779818,81,Moderate,1,17.9,82,0.0,4.2,211,1017.8,100,26.2,29.7,418.0,11.3,68.0,5.5
2025-01-14 00:00:00,2025,1,14,0,Huế,Phường Phú Bài,16.409296,107.6779818,79,Moderate,1,18.1,81,0.0,5.3,218,1017.4,100,27.0,30.4,384.0,11.5,63.0,5.1
2025-01-14 01:00:00,2025,1,14,1,Huế,Phường Phú Bài,16.409296,107.6779818,77,Moderate,1,18.0,81,0.0,5.4,228,1016.9,100,26.7,29.0,366.0,11.6,58.0,4.7
2025-01-14 02:00:00,2025,1,14,2,Huế,Phường Phú Bài,16.409296,107.6779818,76,Moderate,1,18.0,82,0.0,2.8,255,1016.5,100,26.1,28.2,379.0,11.4,53.0,4.4
2025-01-14 03:00:00,2025,1,14,3,Huế,Phường Phú Bài,16.409296,107.6779818,75,Moderate,1,18.0,83,0.0,2.6,245,1016.1,100,25.9,27.6,408.0,11.1,47.0,4.2
2025-01-14 04:00:00,2025,1,14,4,Huế,Phường Phú Bài,16.409296,107.6779818,74,Moderate,1,18.0,83,0.0,2.3,219,1016.3,100,25.6,27.2,452.0,11.4,43.0,4.2
2025-01-14 05:00:00,2025,1,14,5,Huế,Phường Phú Bài,16.409296,107.6779818,73,Moderate,1,18.0,85,0.0,4.0,219,1016.5,100,24.2,25.7,528.0,13.3,37.0,4.7
2025-01-14 06:00:00,2025,1,14,6,Huế,Phường Phú Bài,16.409296,107.6779818,72,Moderate,1,17.9,86,0.0,5.8,248,1017.0,92,23.0,24.4,619.0,15.9,32.0,5.4
2025-01-14 07:00:00,2025,1,14,7,Huế,Phường Phú Bài,16.409296,107.6779818,71,Moderate,1,18.0,88,0.0,6.1,282,1017.6,93,28.6,30.0,664.0,18.5,33.0,7.0
2025-01-14 08:00:00,2025,1,14,8,Huế,Phường Phú Bài,16.409296,107.6779818,70,Moderate,1,19.4,80,0.0,6.8,295,1018.8,100,25.0,27.2,626.0,15.3,52.0,7.2
2025-01-14 09:00:00,2025,1,14,9,Huế,Phường Phú Bài,16.409296,107.6779818,70,Moderate,1,20.5,74,0.0,6.9,276,1019.5,100,25.5,28.4,543.0,10.8,78.0,7.3
2025-01-14 10:00:00,2025,1,14,10,Huế,Phường Phú Bài,16.409296,107.6779818,70,Moderate,1,21.5,71,0.0,5.2,282,1019.6,100,20.8,25.4,467.0,7.3,98.0,7.3
2025-01-14 11:00:00,2025,1,14,11,Huế,Phường Phú Bài,16.409296,107.6779818,71,Moderate,1,22.5,69,0.0,6.1,332,1019.1,100,19.5,23.8,413.0,5.7,106.0,6.8
2025-01-14 12:00:00,2025,1,14,12,Huế,Phường Phú Bài,16.409296,107.6779818,71,Moderate,1,22.4,71,0.0,7.4,331,1018.4,100,19.4,23.5,366.0,5.2,108.0,6.1
2025-01-14 13:00:00,2025,1,14,13,Huế,Phường Phú Bài,16.409296,107.6779818,72,Moderate,1,22.2,73,0.1,9.9,331,1017.3,100,20.1,24.3,336.0,5.0,108.0,5.6
2025-01-14 14:00:00,2025,1,14,14,Huế,Phường Phú Bài,16.409296,107.6779818,72,Moderate,1,21.9,77,0.2,13.2,336,1016.8,100,20.3,24.4,321.0,4.9,108.0,5.6
2025-01-14 15:00:00,2025,1,14,15,Huế,Phường Phú Bài,16.409296,107.6779818,72,Moderate,1,21.4,80,0.2,13.3,339,1016.5,100,20.5,24.4,323.0,5.2,105.0,5.9
2025-01-14 16:00:00,2025,1,14,16,Huế,Phường Phú Bài,16.409296,107.6779818,73,Moderate,1,21.1,82,0.3,12.3,330,1016.5,100,20.4,23.9,361.0,6.3,101.0,6.4
2025-01-14 17:00:00,2025,1,14,17,Huế,Phường Phú Bài,16.409296,107.6779818,73,Moderate,1,20.7,86,0.1,8.5,314,1016.8,100,21.2,24.4,476.0,8.7,93.0,7.1
2025-01-14 18:00:00,2025,1,14,18,Huế,Phường Phú Bài,16.409296,107.6779818,73,Moderate,1,20.3,87,0.0,6.3,273,1017.0,100,22.8,26.0,627.0,11.9,83.0,8.0
2025-01-14 19:00:00,2025,1,14,19,Huế,Phường Phú Bài,16.409296,107.6779818,74,Moderate,1,20.0,89,0.0,7.6,252,1017.8,100,22.9,26.0,713.0,13.1,78.0,8.1
2025-01-14 20:00:00,2025,1,14,20,Huế,Phường Phú Bài,16.409296,107.6779818,74,Moderate,1,20.0,90,0.0,6.8,252,1018.1,100,23.9,26.8,671.0,13.0,75.0,8.4
2025-01-14 21:00:00,2025,1,14,21,Huế,Phường Phú Bài,16.409296,107.6779818,74,Moderate,1,20.0,89,0.0,7.9,254,1018.5,100,23.3,26.1,563.0,12.9,71.0,8.7
2025-01-14 22:00:00,2025,1,14,22,Huế,Phường Phú Bài,16.409296,107.6779818,74,Moderate,1,20.0,88,0.0,8.1,266,1018.4,100,22.4,25.0,474.0,12.5,67.0,8.8
2025-01-14 23:00:00,2025,1,14,23,Huế,Phường Phú Bài,16.409296,107.6779818,74,Moderate,1,19.9,89,0.1,9.0,271,1018.2,100,21.1,23.5,438.0,11.8,65.0,8.3
2025-01-15 00:00:00,2025,1,15,0,Huế,Phường Phú Bài,16.409296,107.6779818,74,Moderate,1,19.8,91,0.1,8.8,269,1018.0,100,19.7,21.8,420.0,10.8,63.0,7.5
2025-01-15 01:00:00,2025,1,15,1,Huế,Phường Phú Bài,16.409296,107.6779818,73,Moderate,1,19.6,94,0.3,9.4,269,1017.6,100,18.3,20.2,402.0,9.9,61.0,6.8
2025-01-15 02:00:00,2025,1,15,2,Huế,Phường Phú Bài,16.409296,107.6779818,72,Moderate,1,19.3,98,0.4,10.3,272,1017.0,100,16.8,18.7,370.0,8.8,59.0,6.2
2025-01-15 03:00:00,2025,1,15,3,Huế,Phường Phú Bài,16.409296,107.6779818,72,Moderate,1,19.1,99,0.4,11.9,273,1016.8,100,15.3,17.2,337.0,7.7,57.0,5.6
2025-01-15 04:00:00,2025,1,15,4,Huế,Phường Phú Bài,16.409296,107.6779818,71,Moderate,1,19.0,99,0.4,11.7,269,1016.8,100,14.2,16.4,321.0,7.4,55.0,5.3
2025-01-15 05:00:00,2025,1,15,5,Huế,Phường Phú Bài,16.409296,107.6779818,70,Moderate,1,19.0,99,0.4,11.4,263,1017.1,100,13.4,15.8,333.0,8.4,51.0,5.6
2025-01-15 06:00:00,2025,1,15,6,Huế,Phường Phú Bài,16.409296,107.6779818,69,Moderate,1,19.1,99,0.8,10.0,263,1017.7,100,13.1,15.5,361.0,10.2,47.0,6.2
2025-01-15 07:00:00,2025,1,15,7,Huế,Phường Phú Bài,16.409296,107.6779818,68,Moderate,1,19.4,98,1.1,9.7,272,1018.4,100,17.2,20.5,390.0,12.3,46.0,7.2
2025-01-15 08:00:00,2025,1,15,8,Huế,Phường Phú Bài,16.409296,107.6779818,67,Moderate,1,19.1,98,1.5,10.2,261,1019.8,100,18.3,21.5,426.0,12.5,47.0,7.5
2025-01-15 09:00:00,2025,1,15,9,Huế,Phường Phú Bài,16.409296,107.6779818,66,Moderate,1,19.8,97,1.7,9.8,276,1020.5,100,17.5,21.0,463.0,12.8,49.0,7.9
2025-01-15 10:00:00,2025,1,15,10,Huế,Phường Phú Bài,16.409296,107.6779818,65,Moderate,1,20.5,97,2.3,11.5,302,1020.7,100,16.8,19.7,469.0,12.7,51.0,8.0
2025-01-15 11:00:00,2025,1,15,11,Huế,Phường Phú Bài,16.409296,107.6779818,65,Moderate,1,21.0,97,3.6,12.6,343,1020.5,100,16.8,19.3,416.0,12.0,54.0,7.4
2025-01-15 12:00:00,2025,1,15,12,Huế,Phường Phú Bài,16.409296,107.6779818,65,Moderate,1,21.1,97,3.7,15.3,8,1019.8,100,13.8,15.7,331.0,10.9,57.0,6.5
2025-01-15 13:00:00,2025,1,15,13,Huế,Phường Phú Bài,16.409296,107.6779818,64,Moderate,1,20.8,97,3.4,17.8,11,1018.8,100,12.7,14.5,271.0,10.2,60.0,6.1
2025-01-15 14:00:00,2025,1,15,14,Huế,Phường Phú Bài,16.409296,107.6779818,64,Moderate,1,20.6,96,2.5,15.8,12,1018.1,100,14.1,16.6,259.0,10.2,63.0,6.7
2025-01-15 15:00:00,2025,1,15,15,Huế,Phường Phú Bài,16.409296,107.6779818,63,Moderate,1,20.5,97,1.7,14.6,19,1017.9,100,15.8,18.9,270.0,10.6,65.0,7.9
2025-01-15 16:00:00,2025,1,15,16,Huế,Phường Phú Bài,16.409296,107.6779818,63,Moderate,1,20.4,96,1.4,13.6,28,1018.1,100,19.4,22.4,286.0,10.9,69.0,8.9
2025-01-15 17:00:00,2025,1,15,17,Huế,Phường Phú Bài,16.409296,107.6779818,63,Moderate,1,19.8,95,0.9,10.9,31,1018.5,100,23.1,26.4,305.0,11.0,75.0,9.5
2025-01-15 18:00:00,2025,1,15,18,Huế,Phường Phú Bài,16.409296,107.6779818,63,Moderate,1,19.1,94,0.9,10.9,31,1019.3,100,24.4,27.4,329.0,11.1,82.0,9.9
2025-01-15 19:00:00,2025,1,15,19,Huế,Phường Phú Bài,16.409296,107.6779818,63,Moderate,1,19.0,94,1.1,11.7,46,1020.2,100,23.3,26.4,346.0,9.5,75.0,10.4
2025-01-15 20:00:00,2025,1,15,20,Huế,Phường Phú Bài,16.409296,107.6779818,63,Moderate,1,19.3,94,0.9,9.9,65,1021.2,100,23.9,26.5,348.0,8.9,76.0,10.3
2025-01-15 21:00:00,2025,1,15,21,Huế,Phường Phú Bài,16.409296,107.6779818,63,Moderate,1,19.4,95,0.7,7.4,72,1021.4,100,23.7,26.4,342.0,8.0,77.0,10.2
2025-01-15 22:00:00,2025,1,15,22,Huế,Phường Phú Bài,16.409296,107.6779818,63,Moderate,1,19.3,95,0.6,5.6,69,1021.4,100,24.6,27.4,338.0,7.1,78.0,10.0
2025-01-15 23:00:00,2025,1,15,23,Huế,Phường Phú Bài,16.409296,107.6779818,63,Moderate,1,19.5,94,0.3,3.7,76,1021.2,100,25.4,28.5,341.0,6.4,79.0,9.7
2025-01-16 00:00:00,2025,1,16,0,Huế,Phường Phú Bài,16.409296,107.6779818,64,Moderate,1,19.5,94,0.1,3.7,79,1020.7,100,24.9,28.2,345.0,5.8,81.0,9.3
2025-01-16 01:00:00,2025,1,16,1,Huế,Phường Phú Bài,16.409296,107.6779818,64,Moderate,1,19.2,95,0.0,4.7,40,1020.3,100,24.0,27.3,347.0,5.2,83.0,8.9
2025-01-16 02:00:00,2025,1,16,2,Huế,Phường Phú Bài,16.409296,107.6779818,65,Moderate,1,19.6,88,0.1,8.3,22,1019.5,100,23.2,26.5,340.0,4.6,86.0,8.4
2025-01-16 03:00:00,2025,1,16,3,Huế,Phường Phú Bài,16.409296,107.6779818,65,Moderate,1,19.1,93,0.4,9.2,35,1019.0,100,22.5,26.0,331.0,4.0,89.0,8.0
2025-01-16 04:00:00,2025,1,16,4,Huế,Phường Phú Bài,16.409296,107.6779818,66,Moderate,1,19.1,94,0.4,9.8,41,1019.0,100,22.5,26.0,328.0,3.8,91.0,7.8
2025-01-16 05:00:00,2025,1,16,5,Huế,Phường Phú Bài,16.409296,107.6779818,67,Moderate,1,19.6,89,0.2,11.3,42,1019.3,100,23.2,26.8,340.0,4.3,92.0,8.1
2025-01-16 06:00:00,2025,1,16,6,Huế,Phường Phú Bài,16.409296,107.6779818,67,Moderate,1,19.8,85,0.1,11.7,54,1020.1,100,24.0,27.6,359.0,5.2,93.0,8.7
2025-01-16 07:00:00,2025,1,16,7,Huế,Phường Phú Bài,16.409296,107.6779818,68,Moderate,1,20.1,79,0.1,13.7,60,1020.8,100,24.5,28.2,373.0,6.0,97.0,9.1
2025-01-16 08:00:00,2025,1,16,8,Huế,Phường Phú Bài,16.409296,107.6779818,69,Moderate,1,20.5,76,0.0,15.1,61,1021.9,97,25.6,29.2,375.0,5.8,101.0,9.6
2025-01-16 09:00:00,2025,1,16,9,Huế,Phường Phú Bài,16.409296,107.6779818,70,Moderate,1,21.6,69,0.0,17.2,57,1022.4,77,25.4,29.0,373.0,5.5,107.0,10.4
2025-01-16 10:00:00,2025,1,16,10,Huế,Phường Phú Bài,16.409296,107.6779818,70,Moderate,1,22.3,65,0.0,16.4,52,1022.4,60,23.9,28.1,379.0,5.0,114.0,11.0
2025-01-16 11:00:00,2025,1,16,11,Huế,Phường Phú Bài,16.409296,107.6779818,71,Moderate,1,22.6,64,0.0,17.5,50,1022.0,100,23.1,26.8,402.0,4.2,122.0,11.4
2025-01-16 12:00:00,2025,1,16,12,Huế,Phường Phú Bài,16.409296,107.6779818,72,Moderate,1,22.6,64,0.0,17.6,52,1021.4,100,23.5,27.4,433.0,3.3,131.0,11.6
2025-01-16 13:00:00,2025,1,16,13,Huế,Phường Phú Bài,16.409296,107.6779818,72,Moderate,1,22.2,65,0.0,16.5,49,1020.3,99,24.9,29.0,452.0,2.6,138.0,11.6
2025-01-16 14:00:00,2025,1,16,14,Huế,Phường Phú Bài,16.409296,107.6779818,73,Moderate,1,22.2,64,0.0,14.4,50,1019.4,99,26.6,30.6,443.0,2.3,143.0,11.3
2025-01-16 15:00:00,2025,1,16,15,Huế,Phường Phú Bài,16.409296,107.6779818,75,Moderate,1,22.2,63,0.0,13.5,49,1018.8,99,28.4,32.5,422.0,2.4,147.0,10.8
2025-01-16 16:00:00,2025,1,16,16,Huế,Phường Phú Bài,16.409296,107.6779818,80,Moderate,1,21.7,63,0.0,13.7,51,1018.7,94,29.7,33.8,417.0,2.8,148.0,10.2
2025-01-16 17:00:00,2025,1,16,17,Huế,Phường Phú Bài,16.409296,107.6779818,90,Moderate,1,21.2,65,0.0,10.9,59,1019.1,74,30.2,33.4,446.0,4.1,143.0,9.6
2025-01-16 18:00:00,2025,1,16,18,Huế,Phường Phú Bài,16.409296,107.6779818,98,Moderate,1,20.2,71,0.0,6.3,77,1019.5,98,32.5,35.7,492.0,5.8,136.0,9.0
2025-01-16 19:00:00,2025,1,16,19,Huế,Phường Phú Bài,16.409296,107.6779818,102,Unhealthy for Sensitive Groups,2,20.0,76,0.0,6.4,100,1020.3,100,30.3,32.9,531.0,7.6,123.0,8.1
2025-01-16 20:00:00,2025,1,16,20,Huế,Phường Phú Bài,16.409296,107.6779818,102,Unhealthy for Sensitive Groups,2,20.0,74,0.0,7.5,110,1021.3,100,31.3,34.2,560.0,7.3,120.0,7.9
2025-01-16 21:00:00,2025,1,16,21,Huế,Phường Phú Bài,16.409296,107.6779818,100,Moderate,1,19.4,81,0.0,7.8,134,1021.4,100,31.3,34.1,583.0,6.8,115.0,7.6
2025-01-16 22:00:00,2025,1,16,22,Huế,Phường Phú Bài,16.409296,107.6779818,95,Moderate,1,18.8,87,0.1,4.4,168,1021.5,100,32.1,35.6,583.0,6.3,111.0,7.3
2025-01-16 23:00:00,2025,1,16,23,Huế,Phường Phú Bài,16.409296,107.6779818,88,Moderate,1,18.5,90,0.1,1.9,214,1021.2,98,32.5,35.6,543.0,5.9,108.0,6.9
2025-01-17 00:00:00,2025,1,17,0,Huế,Phường Phú Bài,16.409296,107.6779818,81,Moderate,1,18.0,94,0.2,3.8,107,1020.6,100,33.6,36.4,481.0,5.5,105.0,6.5
2025-01-17 01:00:00,2025,1,17,1,Huế,Phường Phú Bài,16.409296,107.6779818,82,Moderate,1,18.5,92,0.2,2.9,184,1020.0,100,35.4,38.3,432.0,5.1,104.0,6.3
2025-01-17 02:00:00,2025,1,17,2,Huế,Phường Phú Bài,16.409296,107.6779818,83,Moderate,1,18.4,94,0.3,3.1,193,1019.2,100,36.6,39.6,409.0,4.4,107.0,6.3
2025-01-17 03:00:00,2025,1,17,3,Huế,Phường Phú Bài,16.409296,107.6779818,84,Moderate,1,18.4,98,0.3,1.8,191,1018.6,100,38.4,41.9,400.0,3.6,111.0,6.5
2025-01-17 04:00:00,2025,1,17,4,Huế,Phường Phú Bài,16.409296,107.6779818,86,Moderate,1,18.5,95,0.1,1.7,167,1018.2,98,37.8,41.3,402.0,3.2,115.0,6.9
2025-01-17 05:00:00,2025,1,17,5,Huế,Phường Phú Bài,16.409296,107.6779818,87,Moderate,1,18.6,91,0.0,1.8,143,1018.3,98,34.6,38.0,424.0,3.6,117.0,7.6
2025-01-17 06:00:00,2025,1,17,6,Huế,Phường Phú Bài,16.409296,107.6779818,88,Moderate,1,18.5,88,0.0,3.0,128,1018.9,98,32.5,36.4,459.0,4.3,118.0,8.5
2025-01-17 07:00:00,2025,1,17,7,Huế,Phường Phú Bài,16.409296,107.6779818,89,Moderate,1,19.0,82,0.0,3.6,131,1019.2,98,31.9,35.7,479.0,4.5,122.0,8.6
2025-01-17 08:00:00,2025,1,17,8,Huế,Phường Phú Bài,16.409296,107.6779818,89,Moderate,1,20.0,80,0.1,9.7,91,1020.6,91,32.1,35.4,470.0,4.3,125.0,8.7
2025-01-17 09:00:00,2025,1,17,9,Huế,Phường Phú Bài,16.409296,107.6779818,90,Moderate,1,20.6,75,0.0,14.2,88,1020.9,98,32.2,35.6,447.0,3.9,130.0,8.8
2025-01-17 10:00:00,2025,1,17,10,Huế,Phường Phú Bài,16.409296,107.6779818,91,Moderate,1,22.1,66,0.0,16.7,79,1020.2,80,31.4,34.6,430.0,3.5,134.0,8.8
2025-01-17 11:00:00,2025,1,17,11,Huế,Phường Phú Bài,16.409296,107.6779818,91,Moderate,1,22.8,63,0.0,16.6,77,1019.5,86,30.9,34.3,430.0,3.0,137.0,8.5
2025-01-17 12:00:00,2025,1,17,12,Huế,Phường Phú Bài,16.409296,107.6779818,92,Moderate,1,23.1,61,0.0,15.7,74,1018.5,94,29.6,32.5,437.0,2.4,140.0,8.0
2025-01-17 13:00:00,2025,1,17,13,Huế,Phường Phú Bài,16.409296,107.6779818,92,Moderate,1,23.0,62,0.0,16.5,70,1017.2,100,34.3,37.7,441.0,2.0,143.0,7.6
2025-01-17 14:00:00,2025,1,17,14,Huế,Phường Phú Bài,16.409296,107.6779818,93,Moderate,1,22.3,65,0.0,16.3,68,1016.5,100,33.2,36.3,435.0,1.9,146.0,7.3
2025-01-17 15:00:00,2025,1,17,15,Huế,Phường Phú Bài,16.409296,107.6779818,96,Moderate,1,22.0,65,0.0,15.7,71,1015.8,100,34.0,37.1,425.0,1.9,148.0,7.1
2025-01-17 16:00:00,2025,1,17,16,Huế,Phường Phú Bài,16.409296,107.6779818,101,Unhealthy for Sensitive Groups,2,21.5,66,0.0,15.1,72,1015.5,82,34.2,37.4,421.0,2.6,147.0,7.0
2025-01-17 17:00:00,2025,1,17,17,Huế,Phường Phú Bài,16.409296,107.6779818,106,Unhealthy for Sensitive Groups,2,20.6,67,0.0,12.8,75,1015.6,41,34.0,37.1,426.0,4.3,140.0,7.1
2025-01-17 18:00:00,2025,1,17,18,Huế,Phường Phú Bài,16.409296,107.6779818,108,Unhealthy for Sensitive Groups,2,19.6,71,0.0,8.9,72,1015.7,13,34.0,36.8,435.0,6.5,130.0,7.4
2025-01-17 19:00:00,2025,1,17,19,Huế,Phường Phú Bài,16.409296,107.6779818,107,Unhealthy for Sensitive Groups,2,19.0,75,0.0,7.4,84,1016.1,11,34.1,36.8,446.0,8.6,120.0,7.2
2025-01-17 20:00:00,2025,1,17,20,Huế,Phường Phú Bài,16.409296,107.6779818,103,Unhealthy for Sensitive Groups,2,19.6,75,0.0,10.3,93,1016.9,70,34.1,36.9,456.0,8.4,115.0,7.2
2025-01-17 21:00:00,2025,1,17,21,Huế,Phường Phú Bài,16.409296,107.6779818,98,Moderate,1,19.0,78,0.0,7.6,112,1016.9,19,32.8,35.7,468.0,8.3,109.0,7.2
2025-01-17 22:00:00,2025,1,17,22,Huế,Phường Phú Bài,16.409296,107.6779818,96,Moderate,1,18.0,85,0.0,5.0,154,1016.9,15,32.6,35.6,478.0,8.2,102.0,7.0
2025-01-17 23:00:00,2025,1,17,23,Huế,Phường Phú Bài,16.409296,107.6779818,96,Moderate,1,16.5,92,0.0,4.5,196,1016.6,13,33.5,37.4,491.0,8.5,95.0,6.6
2025-01-18 00:00:00,2025,1,18,0,Huế,Phường Phú Bài,16.409296,107.6779818,96,Moderate,1,15.9,94,0.0,4.2,220,1016.1,11,32.7,36.7,503.0,8.9,89.0,6.0
2025-01-18 01:00:00,2025,1,18,1,Huế,Phường Phú Bài,16.409296,107.6779818,96,Moderate,1,15.6,96,0.0,4.3,213,1015.4,63,32.0,35.7,504.0,9.1,83.0,5.5
2025-01-18 02:00:00,2025,1,18,2,Huế,Phường Phú Bài,16.409296,107.6779818,96,Moderate,1,16.5,91,0.0,4.6,211,1014.9,100,30.2,32.9,480.0,8.5,79.0,5.1
2025-01-18 03:00:00,2025,1,18,3,Huế,Phường Phú Bài,16.409296,107.6779818,95,Moderate,1,16.6,90,0.0,4.0,210,1014.4,85,28.8,31.2,445.0,7.6,76.0,4.9
2025-01-18 04:00:00,2025,1,18,4,Huế,Phường Phú Bài,16.409296,107.6779818,94,Moderate,1,16.5,90,0.0,4.5,209,1014.4,69,28.6,32.0,427.0,7.8,74.0,5.0
2025-01-18 05:00:00,2025,1,18,5,Huế,Phường Phú Bài,16.409296,107.6779818,93,Moderate,1,15.6,95,0.0,5.0,206,1014.7,64,29.3,33.1,451.0,10.7,69.0,6.1
2025-01-18 06:00:00,2025,1,18,6,Huế,Phường Phú Bài,16.409296,107.6779818,93,Moderate,1,15.1,97,0.0,5.6,207,1015.5,86,30.7,34.6,493.0,14.6,65.0,7.6
2025-01-18 07:00:00,2025,1,18,7,Huế,Phường Phú Bài,16.409296,107.6779818,93,Moderate,1,15.7,93,0.0,6.1,210,1016.2,72,30.9,35.2,504.0,10.5,82.0,6.3
2025-01-18 08:00:00,2025,1,18,8,Huế,Phường Phú Bài,16.409296,107.6779818,93,Moderate,1,18.8,84,0.0,3.6,177,1017.7,57,29.4,34.0,453.0,8.2,93.0,5.3
2025-01-18 09:00:00,2025,1,18,9,Huế,Phường Phú Bài,16.409296,107.6779818,93,Moderate,1,21.4,74,0.2,5.2,104,1018.2,100,24.6,28.0,372.0,5.0,108.0,3.9
2025-01-18 10:00:00,2025,1,18,10,Huế,Phường Phú Bài,16.409296,107.6779818,92,Moderate,1,22.9,60,0.0,10.7,84,1018.0,86,22.8,26.1,312.0,2.6,119.0,2.8
2025-01-18 11:00:00,2025,1,18,11,Huế,Phường Phú Bài,16.409296,107.6779818,91,Moderate,1,23.6,54,0.0,13.7,74,1017.5,84,23.0,26.3,299.0,1.9,122.0,2.5
2025-01-18 12:00:00,2025,1,18,12,Huế,Phường Phú Bài,16.409296,107.6779818,90,Moderate,1,23.5,56,0.0,12.9,72,1016.8,97,24.3,27.8,308.0,2.0,122.0,2.5
2025-01-18 13:00:00,2025,1,18,13,Huế,Phường Phú Bài,16.409296,107.6779818,90,Moderate,1,23.1,63,0.1,13.7,73,1015.8,96,25.6,29.3,314.0,2.2,121.0,2.5
2025-01-18 14:00:00,2025,1,18,14,Huế,Phường Phú Bài,16.409296,107.6779818,89,Moderate,1,22.8,64,0.0,13.5,74,1014.8,79,26.5,30.6,305.0,1.8,123.0,2.3
2025-01-18 15:00:00,2025,1,18,15,Huế,Phường Phú Bài,16.409296,107.6779818,89,Moderate,1,22.7,65,0.0,13.7,72,1014.2,76,25.7,29.6,294.0,1.5,124.0,2.2
2025-01-18 16:00:00,2025,1,18,16,Huế,Phường Phú Bài,16.409296,107.6779818,88,Moderate,1,21.9,71,0.1,14.5,76,1014.2,100,23.7,27.8,293.0,2.4,122.0,2.4
2025-01-18 17:00:00,2025,1,18,17,Huế,Phường Phú Bài,16.409296,107.6779818,87,Moderate,1,20.9,78,0.1,13.1,77,1014.5,100,23.6,27.5,315.0,5.6,113.0,3.2
2025-01-18 18:00:00,2025,1,18,18,Huế,Phường Phú Bài,16.409296,107.6779818,86,Moderate,1,19.9,84,0.0,6.7,81,1014.8,84,23.2,26.3,348.0,9.9,100.0,4.5
2025-01-18 19:00:00,2025,1,18,19,Huế,Phường Phú Bài,16.409296,107.6779818,85,Moderate,1,19.1,88,0.0,4.9,88,1015.3,87,21.8,24.6,371.0,15.1,81.0,5.5
2025-01-18 20:00:00,2025,1,18,20,Huế,Phường Phú Bài,16.409296,107.6779818,84,Moderate,1,19.9,86,0.0,8.9,98,1016.3,94,23.7,26.8,371.0,15.7,77.0,6.1
2025-01-18 21:00:00,2025,1,18,21,Huế,Phường Phú Bài,16.409296,107.6779818,83,Moderate,1,19.0,92,0.0,8.9,98,1016.5,81,24.9,28.3,362.0,16.6,72.0,7.0
2025-01-18 22:00:00,2025,1,18,22,Huế,Phường Phú Bài,16.409296,107.6779818,82,Moderate,1,18.6,95,0.0,6.9,110,1016.2,85,27.1,30.5,356.0,17.3,67.0,7.4
2025-01-18 23:00:00,2025,1,18,23,Huế,Phường Phú Bài,16.409296,107.6779818,82,Moderate,1,17.7,97,0.0,5.6,147,1016.0,82,29.3,32.8,365.0,17.9,62.0,7.1
2025-01-19 00:00:00,2025,1,19,0,Huế,Phường Phú Bài,16.409296,107.6779818,81,Moderate,1,17.0,99,0.0,5.6,180,1015.5,80,31.0,34.7,379.0,18.4,57.0,6.4
2025-01-19 01:00:00,2025,1,19,1,Huế,Phường Phú Bài,16.409296,107.6779818,81,Moderate,1,16.2,100,0.0,5.0,195,1014.8,100,31.8,35.7,379.0,18.3,53.0,5.6
2025-01-19 02:00:00,2025,1,19,2,Huế,Phường Phú Bài,16.409296,107.6779818,81,Moderate,1,15.9,100,0.0,5.2,202,1014.3,100,33.5,35.9,348.0,17.2,49.0,4.7
2025-01-19 03:00:00,2025,1,19,3,Huế,Phường Phú Bài,16.409296,107.6779818,82,Moderate,1,15.4,100,0.0,5.5,207,1014.0,100,33.5,35.7,304.0,15.4,45.0,3.7
2025-01-19 04:00:00,2025,1,19,4,Huế,Phường Phú Bài,16.409296,107.6779818,82,Moderate,1,15.1,100,0.0,6.4,196,1014.0,100,31.5,33.5,279.0,13.8,44.0,3.1
2025-01-19 05:00:00,2025,1,19,5,Huế,Phường Phú Bài,16.409296,107.6779818,82,Moderate,1,15.2,100,0.0,6.4,191,1014.3,99,28.9,30.7,296.0,12.6,46.0,3.3
2025-01-19 06:00:00,2025,1,19,6,Huế,Phường Phú Bài,16.409296,107.6779818,82,Moderate,1,15.4,98,0.0,5.8,189,1014.7,75,25.9,27.8,332.0,11.5,50.0,3.9
2025-01-19 07:00:00,2025,1,19,7,Huế,Phường Phú Bài,16.409296,107.6779818,82,Moderate,1,15.6,97,0.0,6.8,202,1015.5,29,32.8,34.8,352.0,15.1,48.0,4.9
2025-01-19 08:00:00,2025,1,19,8,Huế,Phường Phú Bài,16.409296,107.6779818,82,Moderate,1,20.0,88,0.0,0.5,180,1016.6,22,21.3,23.7,336.0,11.4,68.0,4.3
2025-01-19 09:00:00,2025,1,19,9,Huế,Phường Phú Bài,16.409296,107.6779818,81,Moderate,1,22.3,73,0.0,4.6,81,1017.2,26,16.9,19.3,303.0,6.2,96.0,3.6
2025-01-19 10:00:00,2025,1,19,10,Huế,Phường Phú Bài,16.409296,107.6779818,81,Moderate,1,23.5,64,0.0,5.8,68,1017.0,26,14.6,17.7,278.0,2.4,117.0,3.0
2025-01-19 11:00:00,2025,1,19,11,Huế,Phường Phú Bài,16.409296,107.6779818,80,Moderate,1,24.2,60,0.0,7.8,53,1016.2,24,14.3,17.3,272.0,1.3,126.0,2.9
2025-01-19 12:00:00,2025,1,19,12,Huế,Phường Phú Bài,16.409296,107.6779818,79,Moderate,1,24.1,60,0.0,9.6,50,1015.4,37,14.7,17.3,274.0,1.6,128.0,3.0
2025-01-19 13:00:00,2025,1,19,13,Huế,Phường Phú Bài,16.409296,107.6779818,78,Moderate,1,24.0,62,0.0,10.7,37,1014.3,96,15.1,17.5,277.0,2.0,129.0,3.1
2025-01-19 14:00:00,2025,1,19,14,Huế,Phường Phú Bài,16.409296,107.6779818,77,Moderate,1,23.8,66,0.1,11.8,29,1013.1,54,15.3,17.5,274.0,1.6,131.0,2.9
2025-01-19 15:00:00,2025,1,19,15,Huế,Phường Phú Bài,16.409296,107.6779818,76,Moderate,1,22.9,70,0.0,11.8,28,1012.6,33,15.5,17.7,272.0,1.3,131.0,2.7
2025-01-19 16:00:00,2025,1,19,16,Huế,Phường Phú Bài,16.409296,107.6779818,75,Moderate,1,22.1,73,0.0,10.2,30,1012.6,5,15.5,17.6,291.0,2.4,128.0,3.0
2025-01-19 17:00:00,2025,1,19,17,Huế,Phường Phú Bài,16.409296,107.6779818,76,Moderate,1,21.2,78,0.0,8.3,44,1012.7,25,16.1,18.2,343.0,6.2,118.0,4.1
2025-01-19 18:00:00,2025,1,19,18,Huế,Phường Phú Bài,16.409296,107.6779818,81,Moderate,1,19.6,87,0.0,4.0,60,1013.0,35,18.2,20.1,416.0,11.4,104.0,5.7
2025-01-19 19:00:00,2025,1,19,19,Huế,Phường Phú Bài,16.409296,107.6779818,78,Moderate,1,19.1,89,0.0,2.2,66,1013.2,27,27.1,29.6,486.0,15.7,92.0,7.6
2025-01-19 20:00:00,2025,1,19,20,Huế,Phường Phú Bài,16.409296,107.6779818,74,Moderate,1,18.8,95,0.0,3.2,153,1014.0,37,31.5,34.6,550.0,17.8,90.0,9.7
2025-01-19 21:00:00,2025,1,19,21,Huế,Phường Phú Bài,16.409296,107.6779818,75,Moderate,1,18.6,97,0.0,3.8,183,1014.0,8,35.5,38.3,612.0,20.8,88.0,12.5
2025-01-19 22:00:00,2025,1,19,22,Huế,Phường Phú Bài,16.409296,107.6779818,76,Moderate,1,17.5,99,0.0,2.8,225,1013.9,16,37.1,39.5,659.0,22.9,85.0,14.3
2025-01-19 23:00:00,2025,1,19,23,Huế,Phường Phú Bài,16.409296,107.6779818,76,Moderate,1,17.4,100,0.0,1.6,264,1013.2,97,38.9,40.7,689.0,23.9,82.0,14.2
2025-01-20 00:00:00,2025,1,20,0,Huế,Phường Phú Bài,16.409296,107.6779818,77,Moderate,1,17.1,100,0.0,1.8,276,1012.7,100,40.9,42.7,703.0,24.1,80.0,13.2
2025-01-20 01:00:00,2025,1,20,1,Huế,Phường Phú Bài,16.409296,107.6779818,78,Moderate,1,17.0,100,0.0,1.6,270,1012.6,100,50.9,52.7,697.0,23.0,79.0,12.0
2025-01-20 02:00:00,2025,1,20,2,Huế,Phường Phú Bài,16.409296,107.6779818,80,Moderate,1,17.3,100,0.0,2.1,285,1012.3,100,53.1,55.1,646.0,19.6,81.0,10.8
2025-01-20 03:00:00,2025,1,20,3,Huế,Phường Phú Bài,16.409296,107.6779818,82,Moderate,1,17.4,99,0.0,2.8,288,1011.9,100,46.1,48.0,575.0,14.9,85.0,9.5
2025-01-20 04:00:00,2025,1,20,4,Huế,Phường Phú Bài,16.409296,107.6779818,83,Moderate,1,17.5,98,0.0,3.0,287,1011.7,100,39.7,41.6,546.0,11.2,88.0,8.4
2025-01-20 05:00:00,2025,1,20,5,Huế,Phường Phú Bài,16.409296,107.6779818,84,Moderate,1,17.5,98,0.0,2.0,265,1012.1,98,36.7,38.4,620.0,9.8,87.0,7.9
2025-01-20 06:00:00,2025,1,20,6,Huế,Phường Phú Bài,16.409296,107.6779818,84,Moderate,1,17.4,98,0.0,1.9,229,1012.9,100,35.7,37.4,737.0,9.4,85.0,7.6
2025-01-20 07:00:00,2025,1,20,7,Huế,Phường Phú Bài,16.409296,107.6779818,85,Moderate,1,17.4,99,0.0,3.8,221,1013.7,100,34.2,35.3,779.0,17.9,69.0,8.0
2025-01-20 08:00:00,2025,1,20,8,Huế,Phường Phú Bài,16.409296,107.6779818,85,Moderate,1,19.6,90,0.0,4.9,86,1015.2,99,25.1,26.3,669.0,13.7,85.0,6.8
2025-01-20 09:00:00,2025,1,20,9,Huế,Phường Phú Bài,16.409296,107.6779818,86,Moderate,1,21.2,81,0.1,6.2,54,1015.8,100,24.3,25.5,485.0,7.9,107.0,5.2
2025-01-20 10:00:00,2025,1,20,10,Huế,Phường Phú Bài,16.409296,107.6779818,86,Moderate,1,21.4,80,0.3,8.7,50,1015.6,76,20.8,22.1,343.0,3.4,124.0,3.8
2025-01-20 11:00:00,2025,1,20,11,Huế,Phường Phú Bài,16.409296,107.6779818,87,Moderate,1,22.0,75,0.2,9.3,54,1015.2,88,19.4,20.7,295.0,1.7,132.0,2.9
2025-01-20 12:00:00,2025,1,20,12,Huế,Phường Phú Bài,16.409296,107.6779818,87,Moderate,1,23.5,62,0.0,8.0,50,1014.2,96,18.4,19.6,289.0,1.3,135.0,2.3
2025-01-20 13:00:00,2025,1,20,13,Huế,Phường Phú Bài,16.409296,107.6779818,88,Moderate,1,24.0,58,0.0,8.4,42,1013.1,97,18.0,19.2,289.0,1.3,136.0,1.9
2025-01-20 14:00:00,2025,1,20,14,Huế,Phường Phú Bài,16.409296,107.6779818,88,Moderate,1,23.9,56,0.0,10.3,38,1012.4,99,17.5,18.6,273.0,0.8,138.0,1.6
2025-01-20 15:00:00,2025,1,20,15,Huế,Phường Phú Bài,16.409296,107.6779818,88,Moderate,1,23.5,56,0.0,11.3,31,1012.0,97,17.6,18.8,263.0,0.5,138.0,1.4
2025-01-20 16:00:00,2025,1,20,16,Huế,Phường Phú Bài,16.409296,107.6779818,88,Moderate,1,22.6,58,0.0,9.9,25,1012.1,64,17.9,19.1,293.0,1.9,134.0,1.9
2025-01-20 17:00:00,2025,1,20,17,Huế,Phường Phú Bài,16.409296,107.6779818,89,Moderate,1,21.5,63,0.0,6.9,20,1012.5,3,18.4,19.6,394.0,6.2,123.0,3.3
2025-01-20 18:00:00,2025,1,20,18,Huế,Phường Phú Bài,16.409296,107.6779818,92,Moderate,1,19.0,75,0.0,4.4,19,1012.8,25,21.9,23.0,536.0,12.2,109.0,5.2
2025-01-20 19:00:00,2025,1,20,19,Huế,Phường Phú Bài,16.409296,107.6779818,89,Moderate,1,18.6,75,0.0,2.1,15,1013.2,98,27.6,29.0,661.0,18.9,96.0,8.0
2025-01-20 20:00:00,2025,1,20,20,Huế,Phường Phú Bài,16.409296,107.6779818,89,Moderate,1,19.3,76,0.0,3.0,17,1013.9,100,31.5,32.9,769.0,19.7,95.0,9.5
2025-01-20 21:00:00,2025,1,20,21,Huế,Phường Phú Bài,16.409296,107.6779818,89,Moderate,1,20.0,75,0.0,1.2,297,1014.2,100,33.4,34.9,861.0,20.8,94.0,11.6
2025-01-20 22:00:00,2025,1,20,22,Huế,Phường Phú Bài,16.409296,107.6779818,89,Moderate,1,19.5,75,0.0,0.9,217,1014.0,97,35.2,36.7,882.0,21.2,91.0,12.5
2025-01-20 23:00:00,2025,1,20,23,Huế,Phường Phú Bài,16.409296,107.6779818,89,Moderate,1,19.0,78,0.0,3.7,194,1013.8,100,36.7,38.1,778.0,20.5,84.0,11.4
2025-01-21 00:00:00,2025,1,21,0,Huế,Phường Phú Bài,16.409296,107.6779818,88,Moderate,1,18.1,84,0.0,3.0,197,1013.5,76,37.6,38.8,602.0,19.0,76.0,9.2
2025-01-21 01:00:00,2025,1,21,1,Huế,Phường Phú Bài,16.409296,107.6779818,88,Moderate,1,17.8,88,0.0,0.9,259,1013.3,39,37.4,38.4,460.0,17.4,68.0,7.1
2025-01-21 02:00:00,2025,1,21,2,Huế,Phường Phú Bài,16.409296,107.6779818,87,Moderate,1,17.5,89,0.0,1.3,278,1012.8,60,35.4,36.2,392.0,15.4,61.0,5.5
2025-01-21 03:00:00,2025,1,21,3,Huế,Phường Phú Bài,16.409296,107.6779818,85,Moderate,1,17.0,92,0.0,2.9,277,1012.6,98,34.1,34.9,357.0,13.1,55.0,4.0
2025-01-21 04:00:00,2025,1,21,4,Huế,Phường Phú Bài,16.409296,107.6779818,84,Moderate,1,16.7,93,0.0,2.1,255,1012.7,95,32.4,33.1,341.0,11.5,50.0,3.0
2025-01-21 05:00:00,2025,1,21,5,Huế,Phường Phú Bài,16.409296,107.6779818,84,Moderate,1,16.5,94,0.0,2.7,250,1013.3,47,29.7,30.4,350.0,11.3,45.0,2.8
2025-01-21 06:00:00,2025,1,21,6,Huế,Phường Phú Bài,16.409296,107.6779818,83,Moderate,1,16.5,95,0.0,2.6,258,1013.9,90,30.7,31.4,378.0,11.7,41.0,3.1
2025-01-21 07:00:00,2025,1,21,7,Huế,Phường Phú Bài,16.409296,107.6779818,83,Moderate,1,17.0,93,0.0,4.1,236,1014.3,94,28.6,29.2,393.0,11.3,60.0,4.3
2025-01-21 08:00:00,2025,1,21,8,Huế,Phường Phú Bài,16.409296,107.6779818,82,Moderate,1,20.1,80,0.0,0.4,117,1015.7,28,27.1,27.6,379.0,8.9,81.0,4.5
2025-01-21 09:00:00,2025,1,21,9,Huế,Phường Phú Bài,16.409296,107.6779818,82,Moderate,1,22.0,68,0.0,5.7,99,1016.0,79,22.8,23.8,352.0,5.5,110.0,4.6
2025-01-21 10:00:00,2025,1,21,10,Huế,Phường Phú Bài,16.409296,107.6779818,82,Moderate,1,23.1,61,0.0,9.0,95,1015.6,100,21.7,22.8,330.0,2.9,132.0,4.7
2025-01-21 11:00:00,2025,1,21,11,Huế,Phường Phú Bài,16.409296,107.6779818,82,Moderate,1,23.9,58,0.0,9.8,83,1015.0,100,21.7,22.8,319.0,1.9,141.0,4.5
2025-01-21 12:00:00,2025,1,21,12,Huế,Phường Phú Bài,16.409296,107.6779818,82,Moderate,1,23.9,57,0.0,11.1,70,1013.9,98,21.7,22.9,314.0,1.6,143.0,4.1
2025-01-21 13:00:00,2025,1,21,13,Huế,Phường Phú Bài,16.409296,107.6779818,83,Moderate,1,24.0,56,0.0,11.0,71,1012.7,95,21.7,22.9,308.0,1.6,143.0,3.8
2025-01-21 14:00:00,2025,1,21,14,Huế,Phường Phú Bài,16.409296,107.6779818,83,Moderate,1,23.8,56,0.0,10.8,75,1011.6,79,21.8,23.1,299.0,1.1,145.0,3.6
2025-01-21 15:00:00,2025,1,21,15,Huế,Phường Phú Bài,16.409296,107.6779818,83,Moderate,1,23.5,57,0.0,12.1,75,1011.0,4,21.8,23.2,291.0,0.8,145.0,3.5
2025-01-21 16:00:00,2025,1,21,16,Huế,Phường Phú Bài,16.409296,107.6779818,88,Moderate,1,22.7,59,0.0,13.5,65,1010.9,0,21.5,23.1,290.0,2.0,141.0,3.8
2025-01-21 17:00:00,2025,1,21,17,Huế,Phường Phú Bài,16.409296,107.6779818,101,Unhealthy for Sensitive Groups,2,21.1,64,0.0,10.7,65,1011.2,0,21.5,23.1,297.0,6.0,129.0,4.9
2025-01-21 18:00:00,2025,1,21,18,Huế,Phường Phú Bài,16.409296,107.6779818,105,Unhealthy for Sensitive Groups,2,18.9,74,0.0,6.0,81,1011.6,0,23.3,25.0,310.0,11.4,113.0,6.4
2025-01-21 19:00:00,2025,1,21,19,Huế,Phường Phú Bài,16.409296,107.6779818,101,Unhealthy for Sensitive Groups,2,18.4,77,0.0,6.3,75,1012.3,2,27.6,29.5,334.0,14.4,100.0,6.9
2025-01-21 20:00:00,2025,1,21,20,Huế,Phường Phú Bài,16.409296,107.6779818,92,Moderate,1,19.1,77,0.0,6.3,93,1013.1,20,28.4,30.4,383.0,14.4,97.0,7.4
2025-01-21 21:00:00,2025,1,21,21,Huế,Phường Phú Bài,16.409296,107.6779818,84,Moderate,1,18.2,83,0.0,5.0,128,1013.5,37,27.8,29.7,442.0,14.4,91.0,8.0
2025-01-21 22:00:00,2025,1,21,22,Huế,Phường Phú Bài,16.409296,107.6779818,84,Moderate,1,17.3,88,0.0,4.9,182,1013.4,82,27.9,29.7,472.0,14.2,86.0,8.2
2025-01-21 23:00:00,2025,1,21,23,Huế,Phường Phú Bài,16.409296,107.6779818,83,Moderate,1,17.2,89,0.0,5.7,198,1013.0,68,28.6,30.3,442.0,13.6,81.0,7.6
2025-01-22 00:00:00,2025,1,22,0,Huế,Phường Phú Bài,16.409296,107.6779818,82,Moderate,1,17.0,90,0.0,5.4,206,1012.7,69,28.8,30.4,383.0,12.9,75.0,6.5
2025-01-22 01:00:00,2025,1,22,1,Huế,Phường Phú Bài,16.409296,107.6779818,82,Moderate,1,16.5,93,0.0,5.4,222,1012.8,89,29.3,30.7,348.0,12.3,68.0,5.4
2025-01-22 02:00:00,2025,1,22,2,Huế,Phường Phú Bài,16.409296,107.6779818,81,Moderate,1,16.0,95,0.0,6.4,230,1012.5,95,30.0,31.3,368.0,11.8,57.0,4.4
2025-01-22 03:00:00,2025,1,22,3,Huế,Phường Phú Bài,16.409296,107.6779818,80,Moderate,1,15.8,96,0.0,6.5,224,1012.4,93,30.9,32.0,412.0,11.5,44.0,3.4
2025-01-22 04:00:00,2025,1,22,4,Huế,Phường Phú Bài,16.409296,107.6779818,80,Moderate,1,15.6,97,0.0,6.3,215,1012.7,77,30.9,31.9,443.0,11.8,35.0,2.8
2025-01-22 05:00:00,2025,1,22,5,Huế,Phường Phú Bài,16.409296,107.6779818,80,Moderate,1,15.4,95,0.0,6.7,211,1013.2,7,30.4,31.3,449.0,13.6,28.0,3.0
2025-01-22 06:00:00,2025,1,22,6,Huế,Phường Phú Bài,16.409296,107.6779818,80,Moderate,1,15.1,96,0.0,7.4,206,1013.8,4,30.7,31.2,442.0,16.0,23.0,3.6
2025-01-22 07:00:00,2025,1,22,7,Huế,Phường Phú Bài,16.409296,107.6779818,80,Moderate,1,15.3,93,0.0,8.1,211,1014.4,4,38.5,39.8,420.0,15.9,37.0,5.1
2025-01-22 08:00:00,2025,1,22,8,Huế,Phường Phú Bài,16.409296,107.6779818,81,Moderate,1,18.7,83,0.0,5.6,201,1015.8,12,34.2,35.4,374.0,12.1,63.0,4.8
2025-01-22 09:00:00,2025,1,22,9,Huế,Phường Phú Bài,16.409296,107.6779818,82,Moderate,1,21.8,69,0.0,4.5,175,1016.5,18,22.8,25.4,313.0,6.9,99.0,4.3
2025-01-22 10:00:00,2025,1,22,10,Huế,Phường Phú Bài,16.409296,107.6779818,82,Moderate,1,23.6,63,0.0,9.4,107,1016.0,39,20.4,23.2,267.0,3.0,127.0,3.8
2025-01-22 11:00:00,2025,1,22,11,Huế,Phường Phú Bài,16.409296,107.6779818,81,Moderate,1,24.3,61,0.0,11.5,93,1015.3,86,19.6,22.1,251.0,1.5,137.0,3.4
2025-01-22 12:00:00,2025,1,22,12,Huế,Phường Phú Bài,16.409296,107.6779818,81,Moderate,1,24.5,60,0.0,12.6,86,1014.3,88,18.9,21.2,250.0,1.3,139.0,3.0
2025-01-22 13:00:00,2025,1,22,13,Huế,Phường Phú Bài,16.409296,107.6779818,81,Moderate,1,24.5,60,0.0,13.7,73,1013.0,98,18.2,20.3,251.0,1.4,139.0,2.7
2025-01-22 14:00:00,2025,1,22,14,Huế,Phường Phú Bài,16.409296,107.6779818,81,Moderate,1,24.0,64,0.0,13.4,73,1012.1,89,17.3,19.5,246.0,0.8,141.0,2.4
2025-01-22 15:00:00,2025,1,22,15,Huế,Phường Phú Bài,16.409296,107.6779818,80,Moderate,1,23.8,65,0.0,13.8,73,1011.4,43,16.5,18.6,244.0,0.4,142.0,2.3
2025-01-22 16:00:00,2025,1,22,16,Huế,Phường Phú Bài,16.409296,107.6779818,80,Moderate,1,23.0,65,0.0,12.5,69,1011.3,87,15.7,17.8,254.0,2.2,138.0,2.8
2025-01-22 17:00:00,2025,1,22,17,Huế,Phường Phú Bài,16.409296,107.6779818,92,Moderate,1,22.0,67,0.0,8.2,68,1011.5,65,15.1,17.2,277.0,8.0,124.0,4.5
2025-01-22 18:00:00,2025,1,22,18,Huế,Phường Phú Bài,16.409296,107.6779818,98,Moderate,1,19.8,78,0.0,3.7,55,1011.6,11,18.5,20.4,312.0,16.0,105.0,6.8
2025-01-22 19:00:00,2025,1,22,19,Huế,Phường Phú Bài,16.409296,107.6779818,93,Moderate,1,19.4,80,0.0,1.8,53,1012.2,4,25.2,28.1,368.0,22.9,88.0,9.1
2025-01-22 20:00:00,2025,1,22,20,Huế,Phường Phú Bài,16.409296,107.6779818,83,Moderate,1,19.1,86,0.0,1.6,63,1012.8,4,28.5,31.5,475.0,23.9,82.0,10.2
2025-01-22 21:00:00,2025,1,22,21,Huế,Phường Phú Bài,16.409296,107.6779818,78,Moderate,1,18.2,89,0.0,1.9,163,1013.1,0,30.4,33.4,603.0,25.2,74.0,11.7
2025-01-22 22:00:00,2025,1,22,22,Huế,Phường Phú Bài,16.409296,107.6779818,78,Moderate,1,16.9,95,0.0,3.9,193,1013.1,0,31.7,34.6,676.0,25.5,66.0,12.1
2025-01-22 23:00:00,2025,1,22,23,Huế,Phường Phú Bài,16.409296,107.6779818,79,Moderate,1,16.3,97,0.0,3.9,214,1013.2,1,35.2,36.7,647.0,24.1,60.0,10.4
2025-01-23 00:00:00,2025,1,23,0,Huế,Phường Phú Bài,16.409296,107.6779818,79,Moderate,1,16.0,98,0.0,3.7,227,1013.3,8,35.9,37.3,564.0,21.8,54.0,7.7
2025-01-23 01:00:00,2025,1,23,1,Huế,Phường Phú Bài,16.409296,107.6779818,80,Moderate,1,15.5,100,0.0,3.9,233,1013.3,44,35.3,36.6,489.0,19.5,49.0,5.4
2025-01-23 02:00:00,2025,1,23,2,Huế,Phường Phú Bài,16.409296,107.6779818,80,Moderate,1,15.1,100,0.0,5.0,224,1013.0,98,34.3,35.5,442.0,17.3,44.0,4.0
2025-01-23 03:00:00,2025,1,23,3,Huế,Phường Phú Bài,16.409296,107.6779818,81,Moderate,1,15.1,99,0.0,5.2,211,1012.7,2,32.4,33.2,404.0,15.1,40.0,3.0
2025-01-23 04:00:00,2025,1,23,4,Huế,Phường Phú Bài,16.409296,107.6779818,81,Moderate,1,14.9,98,0.0,5.0,206,1012.9,47,29.9,30.4,381.0,13.3,38.0,2.6
2025-01-23 05:00:00,2025,1,23,5,Huế,Phường Phú Bài,16.409296,107.6779818,81,Moderate,1,14.8,98,0.0,5.4,201,1013.2,98,27.6,28.1,387.0,12.5,38.0,3.1
2025-01-23 06:00:00,2025,1,23,6,Huế,Phường Phú Bài,16.409296,107.6779818,81,Moderate,1,14.6,99,0.0,7.7,205,1013.6,100,26.0,26.4,408.0,12.2,41.0,4.1
2025-01-23 07:00:00,2025,1,23,7,Huế,Phường Phú Bài,16.409296,107.6779818,80,Moderate,1,14.5,99,0.0,8.8,215,1014.3,100,30.5,31.1,409.0,11.3,51.0,4.7
2025-01-23 08:00:00,2025,1,23,8,Huế,Phường Phú Bài,16.409296,107.6779818,79,Moderate,1,17.8,93,0.0,8.0,222,1015.7,95,30.2,30.9,366.0,9.1,70.0,4.6
2025-01-23 09:00:00,2025,1,23,9,Huế,Phường Phú Bài,16.409296,107.6779818,79,Moderate,1,22.0,74,0.0,5.4,206,1016.1,99,24.2,25.7,302.0,6.0,96.0,4.5
2025-01-23 10:00:00,2025,1,23,10,Huế,Phường Phú Bài,16.409296,107.6779818,79,Moderate,1,24.0,60,0.0,5.0,120,1015.6,100,21.1,24.0,254.0,3.6,117.0,4.3
2025-01-23 11:00:00,2025,1,23,11,Huế,Phường Phú Bài,16.409296,107.6779818,79,Moderate,1,25.1,60,0.0,7.9,93,1014.5,74,19.3,21.6,238.0,2.4,126.0,3.9
2025-01-23 12:00:00,2025,1,23,12,Huế,Phường Phú Bài,16.409296,107.6779818,79,Moderate,1,25.8,59,0.0,9.1,76,1013.4,61,18.9,21.5,238.0,1.8,129.0,3.4
2025-01-23 13:00:00,2025,1,23,13,Huế,Phường Phú Bài,16.409296,107.6779818,79,Moderate,1,25.8,60,0.0,10.8,58,1012.1,49,18.8,21.6,240.0,1.5,130.0,3.0
2025-01-23 14:00:00,2025,1,23,14,Huế,Phường Phú Bài,16.409296,107.6779818,79,Moderate,1,25.2,62,0.0,11.9,56,1011.1,64,18.4,21.1,238.0,0.8,131.0,2.6
2025-01-23 15:00:00,2025,1,23,15,Huế,Phường Phú Bài,16.409296,107.6779818,79,Moderate,1,24.5,64,0.0,11.5,60,1010.6,84,17.9,20.6,237.0,0.5,130.0,2.4
2025-01-23 16:00:00,2025,1,23,16,Huế,Phường Phú Bài,16.409296,107.6779818,80,Moderate,1,23.5,71,0.0,11.1,60,1010.3,97,17.6,20.3,247.0,2.3,124.0,2.9
2025-01-23 17:00:00,2025,1,23,17,Huế,Phường Phú Bài,16.409296,107.6779818,80,Moderate,1,22.2,78,0.0,9.7,56,1010.8,34,18.2,20.8,264.0,8.3,111.0,4.6
2025-01-23 18:00:00,2025,1,23,18,Huế,Phường Phú Bài,16.409296,107.6779818,80,Moderate,1,20.1,91,0.0,5.0,55,1011.4,16,22.4,24.7,290.0,16.4,94.0,7.0
2025-01-23 19:00:00,2025,1,23,19,Huế,Phường Phú Bài,16.409296,107.6779818,80,Moderate,1,19.6,93,0.0,2.5,69,1012.0,53,32.5,34.9,342.0,22.2,84.0,8.7
2025-01-23 20:00:00,2025,1,23,20,Huế,Phường Phú Bài,16.409296,107.6779818,81,Moderate,1,19.9,95,0.0,1.1,81,1012.5,39,37.3,39.5,455.0,24.0,76.0,9.9
2025-01-23 21:00:00,2025,1,23,21,Huế,Phường Phú Bài,16.409296,107.6779818,82,Moderate,1,19.4,97,0.0,1.1,198,1012.4,48,39.7,41.8,594.0,26.4,66.0,11.5
2025-01-23 22:00:00,2025,1,23,22,Huế,Phường Phú Bài,16.409296,107.6779818,83,Moderate,1,18.5,99,0.0,3.1,216,1012.3,100,40.6,42.5,670.0,27.9,55.0,12.1
2025-01-23 23:00:00,2025,1,23,23,Huế,Phường Phú Bài,16.409296,107.6779818,83,Moderate,1,18.1,99,0.0,4.6,222,1012.1,61,40.7,42.3,626.0,27.6,46.0,10.8
2025-01-24 00:00:00,2025,1,24,0,Huế,Phường Phú Bài,16.409296,107.6779818,84,Moderate,1,17.5,99,0.0,4.0,216,1011.3,68,39.8,41.1,519.0,26.4,37.0,8.5
2025-01-24 01:00:00,2025,1,24,1,Huế,Phường Phú Bài,16.409296,107.6779818,84,Moderate,1,16.9,100,0.0,3.8,221,1010.8,100,37.6,38.6,426.0,24.8,29.0,6.4
2025-01-24 02:00:00,2025,1,24,2,Huế,Phường Phú Bài,16.409296,107.6779818,84,Moderate,1,16.5,100,0.0,6.1,214,1010.2,96,34.9,36.0,372.0,22.8,23.0,5.0
2025-01-24 03:00:00,2025,1,24,3,Huế,Phường Phú Bài,16.409296,107.6779818,84,Moderate,1,15.8,100,0.0,7.0,212,1010.0,91,32.6,33.4,333.0,20.5,17.0,3.8
2025-01-24 04:00:00,2025,1,24,4,Huế,Phường Phú Bài,16.409296,107.6779818,84,Moderate,1,15.4,99,0.0,7.2,208,1010.1,100,30.7,31.3,316.0,19.1,15.0,3.2
2025-01-24 05:00:00,2025,1,24,5,Huế,Phường Phú Bài,16.409296,107.6779818,85,Moderate,1,15.2,99,0.0,7.4,209,1010.4,100,29.5,30.0,341.0,19.7,13.0,3.4
2025-01-24 06:00:00,2025,1,24,6,Huế,Phường Phú Bài,16.409296,107.6779818,85,Moderate,1,15.1,100,0.0,6.9,213,1010.8,100,28.8,29.3,389.0,21.2,14.0,4.1
2025-01-24 07:00:00,2025,1,24,7,Huế,Phường Phú Bài,16.409296,107.6779818,85,Moderate,1,15.4,99,0.0,6.9,217,1011.4,100,31.7,32.6,409.0,25.7,33.0,5.0
2025-01-24 08:00:00,2025,1,24,8,Huế,Phường Phú Bài,16.409296,107.6779818,85,Moderate,1,19.0,87,0.0,3.9,193,1012.7,100,37.5,38.4,371.0,20.0,59.0,5.9
2025-01-24 09:00:00,2025,1,24,9,Huế,Phường Phú Bài,16.409296,107.6779818,86,Moderate,1,21.8,76,0.0,3.3,135,1012.9,93,25.7,27.7,307.0,12.2,94.0,7.1
2025-01-24 10:00:00,2025,1,24,10,Huế,Phường Phú Bài,16.409296,107.6779818,86,Moderate,1,24.0,69,0.0,4.4,97,1012.5,12,22.5,24.7,257.0,6.2,124.0,7.7
2025-01-24 11:00:00,2025,1,24,11,Huế,Phường Phú Bài,16.409296,107.6779818,86,Moderate,1,25.5,67,0.0,7.0,67,1011.4,32,22.0,24.2,243.0,3.7,142.0,7.3
2025-01-24 12:00:00,2025,1,24,12,Huế,Phường Phú Bài,16.409296,107.6779818,86,Moderate,1,26.3,66,0.0,9.2,64,1010.1,72,22.5,24.5,243.0,3.0,155.0,6.4
2025-01-24 13:00:00,2025,1,24,13,Huế,Phường Phú Bài,16.409296,107.6779818,87,Moderate,1,26.9,65,0.0,10.9,70,1009.0,31,23.5,25.4,243.0,2.8,163.0,5.6
2025-01-24 14:00:00,2025,1,24,14,Huế,Phường Phú Bài,16.409296,107.6779818,87,Moderate,1,26.8,65,0.0,12.7,72,1008.0,0,24.3,26.2,232.0,2.4,168.0,5.2
2025-01-24 15:00:00,2025,1,24,15,Huế,Phường Phú Bài,16.409296,107.6779818,87,Moderate,1,26.0,68,0.0,13.8,70,1007.5,0,24.7,26.4,220.0,2.5,169.0,5.0
2025-01-24 16:00:00,2025,1,24,16,Huế,Phường Phú Bài,16.409296,107.6779818,95,Moderate,1,24.6,76,0.0,13.9,65,1007.7,0,24.0,25.7,218.0,4.2,162.0,5.2
2025-01-24 17:00:00,2025,1,24,17,Huế,Phường Phú Bài,16.409296,107.6779818,117,Unhealthy for Sensitive Groups,2,22.8,84,0.0,12.2,64,1008.1,0,23.1,24.7,222.0,9.1,140.0,6.2
2025-01-24 18:00:00,2025,1,24,18,Huế,Phường Phú Bài,16.409296,107.6779818,127,Unhealthy for Sensitive Groups,2,21.1,91,0.0,8.8,67,1008.6,0,25.8,27.1,237.0,15.7,110.0,7.5
2025-01-24 19:00:00,2025,1,24,19,Huế,Phường Phú Bài,16.409296,107.6779818,124,Unhealthy for Sensitive Groups,2,20.2,94,0.0,2.2,99,1009.1,0,25.6,27.3,286.0,18.7,88.0,7.8
2025-01-24 20:00:00,2025,1,24,20,Huế,Phường Phú Bài,16.409296,107.6779818,112,Unhealthy for Sensitive Groups,2,19.7,97,0.0,1.3,225,1010.2,0,25.6,27.6,408.0,18.9,79.0,7.6
2025-01-24 21:00:00,2025,1,24,21,Huế,Phường Phú Bài,16.409296,107.6779818,96,Moderate,1,19.0,100,0.0,2.3,209,1010.5,0,26.3,27.8,565.0,19.0,66.0,7.3
2025-01-24 22:00:00,2025,1,24,22,Huế,Phường Phú Bài,16.409296,107.6779818,87,Moderate,1,18.8,100,0.0,1.7,193,1010.6,100,29.0,30.0,667.0,18.7,56.0,6.7
2025-01-24 23:00:00,2025,1,24,23,Huế,Phường Phú Bài,16.409296,107.6779818,85,Moderate,1,18.5,100,0.0,2.9,184,1010.2,95,30.4,31.3,674.0,17.7,50.0,5.5
2025-01-25 00:00:00,2025,1,25,0,Huế,Phường Phú Bài,16.409296,107.6779818,85,Moderate,1,18.1,100,0.0,3.8,205,1009.8,92,30.3,31.3,627.0,16.2,46.0,3.9
2025-01-25 01:00:00,2025,1,25,1,Huế,Phường Phú Bài,16.409296,107.6779818,84,Moderate,1,17.6,100,0.0,4.2,211,1009.4,91,29.3,30.3,560.0,14.6,44.0,2.7
2025-01-25 02:00:00,2025,1,25,2,Huế,Phường Phú Bài,16.409296,107.6779818,83,Moderate,1,17.6,100,0.0,5.8,196,1008.8,97,27.4,28.3,461.0,12.6,45.0,2.1
2025-01-25 03:00:00,2025,1,25,3,Huế,Phường Phú Bài,16.409296,107.6779818,82,Moderate,1,17.5,100,0.0,6.5,194,1008.3,98,26.2,26.7,341.0,10.5,48.0,1.8
2025-01-25 04:00:00,2025,1,25,4,Huế,Phường Phú Bài,16.409296,107.6779818,82,Moderate,1,17.5,100,0.0,5.4,200,1008.3,100,25.8,26.3,268.0,9.4,49.0,1.8
2025-01-25 05:00:00,2025,1,25,5,Huế,Phường Phú Bài,16.409296,107.6779818,81,Moderate,1,17.4,100,0.0,5.3,232,1008.7,100,26.0,26.4,289.0,10.4,42.0,2.2
2025-01-25 06:00:00,2025,1,25,6,Huế,Phường Phú Bài,16.409296,107.6779818,81,Moderate,1,17.3,100,0.0,5.4,233,1009.4,99,25.6,25.8,356.0,12.5,34.0,2.9
2025-01-25 07:00:00,2025,1,25,7,Huế,Phường Phú Bài,16.409296,107.6779818,81,Moderate,1,17.3,98,0.0,4.5,230,1010.3,89,28.8,29.2,398.0,15.2,36.0,3.8
2025-01-25 08:00:00,2025,1,25,8,Huế,Phường Phú Bài,16.409296,107.6779818,80,Moderate,1,18.6,98,0.0,0.7,270,1011.9,100,29.3,29.8,381.0,12.1,67.0,4.5
2025-01-25 09:00:00,2025,1,25,9,Huế,Phường Phú Bài,16.409296,107.6779818,80,Moderate,1,21.0,87,0.0,2.3,360,1012.6,100,23.1,23.8,337.0,7.8,109.0,5.5
2025-01-25 10:00:00,2025,1,25,10,Huế,Phường Phú Bài,16.409296,107.6779818,80,Moderate,1,23.4,78,0.0,5.0,41,1012.5,78,22.2,23.1,298.0,4.5,142.0,6.1
2025-01-25 11:00:00,2025,1,25,11,Huế,Phường Phú Bài,16.409296,107.6779818,80,Moderate,1,25.0,74,0.0,7.8,56,1011.9,57,22.8,23.9,271.0,3.1,157.0,5.8
2025-01-25 12:00:00,2025,1,25,12,Huế,Phường Phú Bài,16.409296,107.6779818,80,Moderate,1,26.0,73,0.0,10.5,66,1010.8,18,23.2,24.7,248.0,2.8,163.0,5.1
2025-01-25 13:00:00,2025,1,25,13,Huế,Phường Phú Bài,16.409296,107.6779818,80,Moderate,1,26.5,70,0.0,13.0,68,1009.5,7,23.8,25.3,230.0,2.7,164.0,4.4
2025-01-25 14:00:00,2025,1,25,14,Huế,Phường Phú Bài,16.409296,107.6779818,80,Moderate,1,26.2,69,0.0,16.0,67,1008.3,0,23.9,25.4,216.0,2.3,163.0,3.9
2025-01-25 15:00:00,2025,1,25,15,Huế,Phường Phú Bài,16.409296,107.6779818,80,Moderate,1,25.2,70,0.0,17.2,69,1008.0,0,22.8,24.3,207.0,2.2,158.0,3.5
2025-01-25 16:00:00,2025,1,25,16,Huế,Phường Phú Bài,16.409296,107.6779818,105,Unhealthy for Sensitive Groups,2,24.2,74,0.0,16.4,71,1008.3,0,21.0,22.5,208.0,3.5,147.0,3.5
2025-01-25 17:00:00,2025,1,25,17,Huế,Phường Phú Bài,16.409296,107.6779818,122,Unhealthy for Sensitive Groups,2,23.0,79,0.0,13.6,70,1009.0,0,19.3,20.8,205.0,7.6,125.0,4.3
2025-01-25 18:00:00,2025,1,25,18,Huế,Phường Phú Bài,16.409296,107.6779818,126,Unhealthy for Sensitive Groups,2,21.5,84,0.0,10.4,64,1009.7,0,20.7,21.9,212.0,13.2,97.0,5.5
2025-01-25 19:00:00,2025,1,25,19,Huế,Phường Phú Bài,16.409296,107.6779818,116,Unhealthy for Sensitive Groups,2,20.3,91,0.0,5.8,85,1010.4,0,21.5,22.9,276.0,13.3,83.0,5.4
2025-01-25 20:00:00,2025,1,25,20,Huế,Phường Phú Bài,16.409296,107.6779818,101,Unhealthy for Sensitive Groups,2,20.2,91,0.0,2.3,141,1011.3,0,22.2,23.5,445.0,13.6,76.0,5.3
2025-01-25 21:00:00,2025,1,25,21,Huế,Phường Phú Bài,16.409296,107.6779818,82,Moderate,1,19.6,94,0.0,2.4,193,1011.8,0,23.1,24.3,670.0,14.0,67.0,5.2
2025-01-25 22:00:00,2025,1,25,22,Huế,Phường Phú Bài,16.409296,107.6779818,77,Moderate,1,19.1,96,0.0,1.5,225,1012.0,1,24.4,25.6,852.0,14.1,60.0,4.9
2025-01-25 23:00:00,2025,1,25,23,Huế,Phường Phú Bài,16.409296,107.6779818,77,Moderate,1,18.9,97,0.0,1.3,236,1012.2,17,25.6,26.9,972.0,13.6,57.0,4.2
2025-01-26 00:00:00,2025,1,26,0,Huế,Phường Phú Bài,16.409296,107.6779818,77,Moderate,1,18.6,97,0.0,0.6,252,1012.2,31,26.4,27.6,1050.0,12.7,56.0,3.3
2025-01-26 01:00:00,2025,1,26,1,Huế,Phường Phú Bài,16.409296,107.6779818,76,Moderate,1,18.1,98,0.0,0.6,252,1012.6,59,27.3,28.8,1044.0,12.0,55.0,2.6
2025-01-26 02:00:00,2025,1,26,2,Huế,Phường Phú Bài,16.409296,107.6779818,76,Moderate,1,17.8,99,0.0,2.6,236,1012.5,100,29.0,30.6,892.0,11.4,55.0,2.2
2025-01-26 03:00:00,2025,1,26,3,Huế,Phường Phú Bài,16.409296,107.6779818,76,Moderate,1,17.4,100,0.0,4.8,239,1012.4,100,31.1,32.8,656.0,10.9,56.0,2.0
2025-01-26 04:00:00,2025,1,26,4,Huế,Phường Phú Bài,16.409296,107.6779818,77,Moderate,1,17.6,100,0.0,5.6,239,1012.8,100,32.2,34.1,481.0,11.2,56.0,2.2
2025-01-26 05:00:00,2025,1,26,5,Huế,Phường Phú Bài,16.409296,107.6779818,77,Moderate,1,17.8,100,0.0,6.0,233,1013.7,100,34.7,36.7,443.0,13.6,50.0,3.1
2025-01-26 06:00:00,2025,1,26,6,Huế,Phường Phú Bài,16.409296,107.6779818,78,Moderate,1,18.0,100,0.0,6.9,229,1014.9,100,38.6,40.9,466.0,16.9,43.0,4.3
2025-01-26 07:00:00,2025,1,26,7,Huế,Phường Phú Bài,16.409296,107.6779818,79,Moderate,1,18.6,99,0.0,6.2,218,1015.9,100,24.1,26.4,463.0,9.5,62.0,3.0
2025-01-26 08:00:00,2025,1,26,8,Huế,Phường Phú Bài,16.409296,107.6779818,79,Moderate,1,20.1,93,0.0,4.6,206,1016.6,16,15.5,17.9,386.0,7.5,74.0,2.8
2025-01-26 09:00:00,2025,1,26,9,Huế,Phường Phú Bài,16.409296,107.6779818,78,Moderate,1,23.0,78,0.0,3.5,168,1017.3,14,13.4,16.2,283.0,4.8,91.0,2.6
2025-01-26 10:00:00,2025,1,26,10,Huế,Phường Phú Bài,16.409296,107.6779818,77,Moderate,1,24.9,67,0.0,10.3,94,1017.2,20,12.9,16.0,207.0,2.7,105.0,2.3
2025-01-26 11:00:00,2025,1,26,11,Huế,Phường Phú Bài,16.409296,107.6779818,76,Moderate,1,25.6,64,0.1,13.2,80,1016.6,9,13.3,16.2,185.0,1.8,112.0,2.1
2025-01-26 12:00:00,2025,1,26,12,Huế,Phường Phú Bài,16.409296,107.6779818,75,Moderate,1,26.0,62,0.0,12.8,75,1015.5,6,13.4,15.7,191.0,1.5,116.0,1.8
2025-01-26 13:00:00,2025,1,26,13,Huế,Phường Phú Bài,16.409296,107.6779818,74,Moderate,1,25.9,62,0.0,14.3,67,1014.7,24,13.8,16.2,198.0,1.5,117.0,1.7
2025-01-26 14:00:00,2025,1,26,14,Huế,Phường Phú Bài,16.409296,107.6779818,73,Moderate,1,24.7,64,0.0,14.9,47,1014.1,68,14.5,17.6,189.0,1.8,115.0,1.7
2025-01-26 15:00:00,2025,1,26,15,Huế,Phường Phú Bài,16.409296,107.6779818,72,Moderate,1,23.5,72,0.7,13.8,33,1014.2,76,14.5,17.6,181.0,2.4,111.0,1.8
2025-01-26 16:00:00,2025,1,26,16,Huế,Phường Phú Bài,16.409296,107.6779818,72,Moderate,1,22.5,76,0.7,13.8,26,1014.5,83,14.2,17.2,203.0,3.4,104.0,2.2
2025-01-26 17:00:00,2025,1,26,17,Huế,Phường Phú Bài,16.409296,107.6779818,71,Moderate,1,20.5,94,1.2,10.3,4,1015.3,99,14.6,16.8,285.0,5.1,92.0,3.1
2025-01-26 18:00:00,2025,1,26,18,Huế,Phường Phú Bài,16.409296,107.6779818,71,Moderate,1,19.8,96,1.0,14.4,344,1016.0,100,10.4,11.9,396.0,7.1,78.0,4.2
2025-01-26 19:00:00,2025,1,26,19,Huế,Phường Phú Bài,16.409296,107.6779818,70,Moderate,1,19.4,96,2.9,21.3,345,1016.9,100,12.0,13.9,476.0,6.1,65.0,4.6
2025-01-26 20:00:00,2025,1,26,20,Huế,Phường Phú Bài,16.409296,107.6779818,69,Moderate,1,18.2,95,1.1,23.2,335,1018.8,100,11.7,13.9,493.0,5.5,67.0,4.7
2025-01-26 21:00:00,2025,1,26,21,Huế,Phường Phú Bài,16.409296,107.6779818,68,Moderate,1,17.9,95,1.0,22.2,334,1019.6,100,12.4,14.8,479.0,4.7,70.0,5.0
2025-01-26 22:00:00,2025,1,26,22,Huế,Phường Phú Bài,16.409296,107.6779818,67,Moderate,1,17.2,96,1.1,22.2,336,1020.2,100,12.1,14.5,462.0,4.2,72.0,5.3
2025-01-26 23:00:00,2025,1,26,23,Huế,Phường Phú Bài,16.409296,107.6779818,66,Moderate,1,16.9,95,1.4,19.2,332,1020.4,100,11.3,13.7,451.0,4.2,71.0,5.9
2025-01-27 00:00:00,2025,1,27,0,Huế,Phường Phú Bài,16.409296,107.6779818,65,Moderate,1,16.6,95,1.7,16.8,337,1020.3,100,10.8,13.3,438.0,4.5,69.0,6.6
2025-01-27 01:00:00,2025,1,27,1,Huế,Phường Phú Bài,16.409296,107.6779818,63,Moderate,1,16.8,95,1.0,13.8,334,1020.0,100,10.2,12.7,426.0,4.7,67.0,7.2
2025-01-27 02:00:00,2025,1,27,2,Huế,Phường Phú Bài,16.409296,107.6779818,62,Moderate,1,16.3,96,0.9,13.9,327,1019.0,100,9.7,12.3,414.0,4.6,67.0,7.6
2025-01-27 03:00:00,2025,1,27,3,Huế,Phường Phú Bài,16.409296,107.6779818,60,Moderate,1,16.1,96,0.5,13.6,328,1018.5,100,9.6,12.1,404.0,4.4,67.0,7.8
2025-01-27 04:00:00,2025,1,27,4,Huế,Phường Phú Bài,16.409296,107.6779818,58,Moderate,1,16.1,97,0.7,12.0,324,1018.5,100,10.1,12.7,407.0,4.3,68.0,8.0
2025-01-27 05:00:00,2025,1,27,5,Huế,Phường Phú Bài,16.409296,107.6779818,56,Moderate,1,16.0,97,1.7,10.3,317,1018.8,100,10.6,13.3,437.0,4.5,70.0,8.1
2025-01-27 06:00:00,2025,1,27,6,Huế,Phường Phú Bài,16.409296,107.6779818,54,Moderate,1,16.2,96,1.8,10.5,341,1019.2,100,11.5,14.1,480.0,4.9,72.0,8.2
2025-01-27 07:00:00,2025,1,27,7,Huế,Phường Phú Bài,16.409296,107.6779818,52,Moderate,1,16.6,90,0.6,12.2,352,1019.6,100,12.0,14.5,505.0,5.0,75.0,7.9
2025-01-27 08:00:00,2025,1,27,8,Huế,Phường Phú Bài,16.409296,107.6779818,51,Moderate,1,17.2,88,0.2,11.5,357,1020.8,100,13.5,16.2,492.0,5.0,76.0,8.2
2025-01-27 09:00:00,2025,1,27,9,Huế,Phường Phú Bài,16.409296,107.6779818,50,Good,0,18.5,76,0.0,11.8,351,1021.1,100,14.8,17.8,462.0,4.9,78.0,8.5
2025-01-27 10:00:00,2025,1,27,10,Huế,Phường Phú Bài,16.409296,107.6779818,51,Moderate,1,18.4,77,0.1,12.4,359,1021.0,100,15.8,19.0,438.0,4.8,81.0,8.8
2025-01-27 11:00:00,2025,1,27,11,Huế,Phường Phú Bài,16.409296,107.6779818,51,Moderate,1,18.5,77,0.2,16.5,7,1020.3,100,16.6,19.9,433.0,4.5,85.0,8.9
2025-01-27 12:00:00,2025,1,27,12,Huế,Phường Phú Bài,16.409296,107.6779818,51,Moderate,1,18.5,76,0.1,15.8,1,1019.4,100,17.1,20.1,435.0,4.1,89.0,8.8
2025-01-27 13:00:00,2025,1,27,13,Huế,Phường Phú Bài,16.409296,107.6779818,51,Moderate,1,18.5,75,0.1,15.0,354,1018.5,100,18.4,21.8,436.0,3.9,94.0,8.7
2025-01-27 14:00:00,2025,1,27,14,Huế,Phường Phú Bài,16.409296,107.6779818,52,Moderate,1,18.6,74,0.2,15.7,347,1017.3,100,19.0,22.4,426.0,3.9,99.0,8.6
2025-01-27 15:00:00,2025,1,27,15,Huế,Phường Phú Bài,16.409296,107.6779818,52,Moderate,1,18.0,77,0.2,15.7,342,1016.9,100,20.5,23.9,414.0,4.0,103.0,8.5
2025-01-27 16:00:00,2025,1,27,16,Huế,Phường Phú Bài,16.409296,107.6779818,53,Moderate,1,17.9,76,0.1,13.7,338,1016.6,100,22.9,26.8,421.0,4.4,106.0,8.3
2025-01-27 17:00:00,2025,1,27,17,Huế,Phường Phú Bài,16.409296,107.6779818,54,Moderate,1,17.8,76,0.1,11.6,338,1017.0,100,26.2,29.0,460.0,5.3,106.0,8.0
2025-01-27 18:00:00,2025,1,27,18,Huế,Phường Phú Bài,16.409296,107.6779818,55,Moderate,1,17.5,79,0.0,9.2,320,1017.5,100,25.6,28.3,518.0,6.4,104.0,7.5
2025-01-27 19:00:00,2025,1,27,19,Huế,Phường Phú Bài,16.409296,107.6779818,56,Moderate,1,17.2,82,0.1,6.5,289,1018.1,100,24.7,27.8,578.0,6.5,90.0,6.2
2025-01-27 20:00:00,2025,1,27,20,Huế,Phường Phú Bài,16.409296,107.6779818,57,Moderate,1,16.6,95,0.1,3.4,252,1018.8,100,25.1,28.1,650.0,6.3,89.0,6.0
2025-01-27 21:00:00,2025,1,27,21,Huế,Phường Phú Bài,16.409296,107.6779818,58,Moderate,1,16.5,98,0.1,3.6,250,1019.2,92,26.2,29.2,724.0,6.0,88.0,5.8
2025-01-27 22:00:00,2025,1,27,22,Huế,Phường Phú Bài,16.409296,107.6779818,59,Moderate,1,16.2,98,0.1,7.6,251,1019.7,100,26.7,30.0,749.0,5.7,87.0,5.6
2025-01-27 23:00:00,2025,1,27,23,Huế,Phường Phú Bài,16.409296,107.6779818,61,Moderate,1,15.7,97,0.2,9.2,247,1019.5,100,27.2,30.5,686.0,5.3,87.0,5.4
2025-01-28 00:00:00,2025,1,28,0,Huế,Phường Phú Bài,16.409296,107.6779818,62,Moderate,1,15.5,95,0.1,8.8,247,1019.5,100,26.9,30.3,574.0,5.0,88.0,5.3
2025-01-28 01:00:00,2025,1,28,1,Huế,Phường Phú Bài,16.409296,107.6779818,64,Moderate,1,15.6,95,0.0,7.4,241,1019.6,100,26.3,29.6,481.0,4.7,88.0,5.2
2025-01-28 02:00:00,2025,1,28,2,Huế,Phường Phú Bài,16.409296,107.6779818,65,Moderate,1,15.7,95,0.0,7.9,246,1018.9,100,26.1,29.0,428.0,4.5,87.0,5.1
2025-01-28 03:00:00,2025,1,28,3,Huế,Phường Phú Bài,16.409296,107.6779818,66,Moderate,1,15.8,95,0.0,8.4,254,1018.4,100,26.2,29.1,393.0,4.4,85.0,5.1
2025-01-28 04:00:00,2025,1,28,4,Huế,Phường Phú Bài,16.409296,107.6779818,68,Moderate,1,15.8,95,0.0,8.6,250,1018.3,100,26.4,29.3,379.0,4.7,83.0,5.3
2025-01-28 05:00:00,2025,1,28,5,Huế,Phường Phú Bài,16.409296,107.6779818,69,Moderate,1,15.6,94,0.1,9.8,253,1018.4,100,26.6,29.3,397.0,5.9,80.0,5.8
2025-01-28 06:00:00,2025,1,28,6,Huế,Phường Phú Bài,16.409296,107.6779818,71,Moderate,1,15.8,93,0.1,8.8,251,1018.9,100,27.3,29.9,435.0,7.5,76.0,6.6
2025-01-28 07:00:00,2025,1,28,7,Huế,Phường Phú Bài,16.409296,107.6779818,72,Moderate,1,15.8,96,0.4,6.7,261,1019.5,100,35.3,38.5,466.0,8.3,75.0,7.1
2025-01-28 08:00:00,2025,1,28,8,Huế,Phường Phú Bài,16.409296,107.6779818,74,Moderate,1,15.9,96,0.8,9.9,248,1020.8,100,33.5,36.8,477.0,8.2,79.0,7.6
2025-01-28 09:00:00,2025,1,28,9,Huế,Phường Phú Bài,16.409296,107.6779818,76,Moderate,1,16.2,97,0.7,9.7,241,1021.5,100,31.7,34.7,481.0,8.1,86.0,8.3
2025-01-28 10:00:00,2025,1,28,10,Huế,Phường Phú Bài,16.409296,107.6779818,78,Moderate,1,17.1,91,0.3,10.4,252,1021.7,100,28.5,31.1,482.0,7.6,93.0,8.5
2025-01-28 11:00:00,2025,1,28,11,Huế,Phường Phú Bài,16.409296,107.6779818,79,Moderate,1,18.4,84,0.1,8.2,278,1021.5,100,23.2,25.7,484.0,6.4,101.0,7.7
2025-01-28 12:00:00,2025,1,28,12,Huế,Phường Phú Bài,16.409296,107.6779818,79,Moderate,1,18.9,81,0.2,5.2,299,1020.9,100,20.9,23.6,483.0,4.7,110.0,6.4
2025-01-28 13:00:00,2025,1,28,13,Huế,Phường Phú Bài,16.409296,107.6779818,80,Moderate,1,19.5,81,1.1,4.6,11,1020.0,67,20.8,24.7,478.0,3.5,117.0,5.2
2025-01-28 14:00:00,2025,1,28,14,Huế,Phường Phú Bài,16.409296,107.6779818,80,Moderate,1,19.8,81,0.9,6.1,45,1019.1,72,20.7,25.1,462.0,2.8,121.0,4.4
2025-01-28 15:00:00,2025,1,28,15,Huế,Phường Phú Bài,16.409296,107.6779818,80,Moderate,1,20.1,77,0.2,6.9,47,1018.5,98,20.1,24.5,442.0,2.4,123.0,3.8
2025-01-28 16:00:00,2025,1,28,16,Huế,Phường Phú Bài,16.409296,107.6779818,80,Moderate,1,20.0,76,0.0,7.5,42,1018.5,100,19.0,23.2,428.0,2.7,122.0,3.5
2025-01-28 17:00:00,2025,1,28,17,Huế,Phường Phú Bài,16.409296,107.6779818,80,Moderate,1,19.6,77,0.1,7.2,65,1018.7,100,18.5,21.7,432.0,4.1,118.0,3.7
2025-01-28 18:00:00,2025,1,28,18,Huế,Phường Phú Bài,16.409296,107.6779818,79,Moderate,1,18.6,82,0.1,6.4,68,1019.2,93,20.2,23.7,443.0,6.0,111.0,4.1
2025-01-28 19:00:00,2025,1,28,19,Huế,Phường Phú Bài,16.409296,107.6779818,78,Moderate,1,17.9,88,0.1,4.9,84,1019.6,97,24.3,28.2,442.0,8.6,97.0,5.2
2025-01-28 20:00:00,2025,1,28,20,Huế,Phường Phú Bài,16.409296,107.6779818,78,Moderate,1,17.6,92,0.3,2.3,141,1021.1,100,25.4,29.5,411.0,9.0,92.0,5.4
2025-01-28 21:00:00,2025,1,28,21,Huế,Phường Phú Bài,16.409296,107.6779818,78,Moderate,1,17.4,97,0.5,1.1,189,1021.4,100,25.0,28.9,367.0,9.5,85.0,5.6
2025-01-28 22:00:00,2025,1,28,22,Huế,Phường Phú Bài,16.409296,107.6779818,78,Moderate,1,17.2,97,0.7,2.9,176,1021.6,100,26.0,29.9,342.0,9.9,80.0,5.7
2025-01-28 23:00:00,2025,1,28,23,Huế,Phường Phú Bài,16.409296,107.6779818,78,Moderate,1,17.3,95,0.6,2.4,306,1021.7,100,27.4,32.0,358.0,10.1,78.0,5.7
2025-01-29 00:00:00,2025,1,29,0,Huế,Phường Phú Bài,16.409296,107.6779818,78,Moderate,1,17.4,95,0.5,3.1,77,1021.6,100,28.5,33.5,393.0,10.1,78.0,5.5
2025-01-29 01:00:00,2025,1,29,1,Huế,Phường Phú Bài,16.409296,107.6779818,78,Moderate,1,17.5,96,0.5,2.2,114,1021.3,100,28.9,34.5,414.0,9.8,78.0,5.3
2025-01-29 02:00:00,2025,1,29,2,Huế,Phường Phú Bài,16.409296,107.6779818,79,Moderate,1,17.4,97,0.7,1.7,162,1020.2,95,31.5,38.2,399.0,8.9,77.0,4.9
2025-01-29 03:00:00,2025,1,29,3,Huế,Phường Phú Bài,16.409296,107.6779818,79,Moderate,1,17.1,97,0.4,3.1,10,1019.6,100,31.9,38.8,371.0,7.8,75.0,4.5
2025-01-29 04:00:00,2025,1,29,4,Huế,Phường Phú Bài,16.409296,107.6779818,80,Moderate,1,17.2,97,0.6,4.0,18,1019.4,100,30.3,37.0,362.0,7.0,75.0,4.3
2025-01-29 05:00:00,2025,1,29,5,Huế,Phường Phú Bài,16.409296,107.6779818,80,Moderate,1,17.2,97,0.6,3.5,345,1019.6,100,28.2,34.1,401.0,7.3,76.0,4.6
2025-01-29 06:00:00,2025,1,29,6,Huế,Phường Phú Bài,16.409296,107.6779818,80,Moderate,1,17.5,97,0.2,3.8,45,1020.3,100,25.8,31.3,459.0,8.0,78.0,5.1
2025-01-29 07:00:00,2025,1,29,7,Huế,Phường Phú Bài,16.409296,107.6779818,80,Moderate,1,17.8,96,0.4,3.8,31,1021.1,100,23.6,28.5,485.0,8.6,81.0,4.8
2025-01-29 08:00:00,2025,1,29,8,Huế,Phường Phú Bài,16.409296,107.6779818,79,Moderate,1,18.3,92,0.3,0.8,243,1021.9,99,22.5,27.7,444.0,6.9,90.0,4.2
2025-01-29 09:00:00,2025,1,29,9,Huế,Phường Phú Bài,16.409296,107.6779818,78,Moderate,1,19.5,85,0.3,3.8,109,1022.5,100,20.8,26.0,371.0,4.5,102.0,3.3
2025-01-29 10:00:00,2025,1,29,10,Huế,Phường Phú Bài,16.409296,107.6779818,77,Moderate,1,20.1,80,0.3,8.0,96,1022.2,100,20.1,25.0,315.0,2.6,112.0,2.6
2025-01-29 11:00:00,2025,1,29,11,Huế,Phường Phú Bài,16.409296,107.6779818,76,Moderate,1,21.1,77,0.4,11.1,73,1021.7,30,18.4,22.5,301.0,1.8,118.0,2.3
2025-01-29 12:00:00,2025,1,29,12,Huế,Phường Phú Bài,16.409296,107.6779818,76,Moderate,1,22.2,70,0.2,12.6,61,1020.6,32,18.7,22.8,304.0,1.5,122.0,2.3
2025-01-29 13:00:00,2025,1,29,13,Huế,Phường Phú Bài,16.409296,107.6779818,76,Moderate,1,22.7,65,0.1,14.2,64,1019.2,100,18.9,23.0,307.0,1.4,125.0,2.2
2025-01-29 14:00:00,2025,1,29,14,Huế,Phường Phú Bài,16.409296,107.6779818,75,Moderate,1,22.6,65,0.1,15.0,72,1017.8,95,18.9,23.1,299.0,1.1,127.0,2.0
2025-01-29 15:00:00,2025,1,29,15,Huế,Phường Phú Bài,16.409296,107.6779818,75,Moderate,1,22.4,66,0.0,14.3,70,1016.8,92,17.6,21.5,290.0,1.0,127.0,1.8
2025-01-29 16:00:00,2025,1,29,16,Huế,Phường Phú Bài,16.409296,107.6779818,75,Moderate,1,21.8,68,0.0,13.8,63,1016.5,20,17.6,21.5,292.0,1.9,124.0,2.0
2025-01-29 17:00:00,2025,1,29,17,Huế,Phường Phú Bài,16.409296,107.6779818,75,Moderate,1,20.8,71,0.0,11.2,60,1016.7,34,18.0,21.9,314.0,4.7,116.0,2.8
2025-01-29 18:00:00,2025,1,29,18,Huế,Phường Phú Bài,16.409296,107.6779818,75,Moderate,1,19.3,77,0.0,6.4,63,1017.2,47,19.2,22.9,347.0,8.4,105.0,4.0
2025-01-29 19:00:00,2025,1,29,19,Huế,Phường Phú Bài,16.409296,107.6779818,75,Moderate,1,18.6,80,0.0,6.0,74,1017.6,49,21.5,25.1,371.0,11.5,92.0,4.9
2025-01-29 20:00:00,2025,1,29,20,Huế,Phường Phú Bài,16.409296,107.6779818,75,Moderate,1,18.3,86,0.0,5.0,92,1018.1,52,24.4,28.5,375.0,12.7,89.0,6.0
2025-01-29 21:00:00,2025,1,29,21,Huế,Phường Phú Bài,16.409296,107.6779818,74,Moderate,1,17.7,88,0.0,3.6,131,1018.6,29,25.6,29.7,369.0,14.3,84.0,7.5
2025-01-29 22:00:00,2025,1,29,22,Huế,Phường Phú Bài,16.409296,107.6779818,74,Moderate,1,16.9,91,0.0,3.6,177,1018.6,27,26.1,30.3,366.0,15.1,80.0,8.2
2025-01-29 23:00:00,2025,1,29,23,Huế,Phường Phú Bài,16.409296,107.6779818,75,Moderate,1,16.2,95,0.0,3.9,204,1018.3,18,26.0,30.3,372.0,14.3,77.0,7.5
2025-01-30 00:00:00,2025,1,30,0,Huế,Phường Phú Bài,16.409296,107.6779818,74,Moderate,1,15.6,98,0.0,4.7,220,1017.7,7,25.3,29.6,381.0,12.7,75.0,6.2
2025-01-30 01:00:00,2025,1,30,1,Huế,Phường Phú Bài,16.409296,107.6779818,74,Moderate,1,15.1,99,0.0,4.4,215,1017.1,40,25.3,29.6,383.0,11.4,72.0,5.1
2025-01-30 02:00:00,2025,1,30,2,Huế,Phường Phú Bài,16.409296,107.6779818,74,Moderate,1,14.9,99,0.0,4.8,195,1016.3,18,25.7,30.0,369.0,11.0,68.0,4.7
2025-01-30 03:00:00,2025,1,30,3,Huế,Phường Phú Bài,16.409296,107.6779818,73,Moderate,1,14.9,97,0.0,5.3,192,1015.4,30,25.7,29.9,348.0,10.9,63.0,4.5
2025-01-30 04:00:00,2025,1,30,4,Huế,Phường Phú Bài,16.409296,107.6779818,73,Moderate,1,14.7,97,0.0,4.8,191,1015.1,93,26.3,30.5,343.0,11.0,59.0,4.6
2025-01-30 05:00:00,2025,1,30,5,Huế,Phường Phú Bài,16.409296,107.6779818,72,Moderate,1,14.8,97,0.0,5.3,198,1015.3,97,25.7,29.7,376.0,11.7,54.0,5.0
2025-01-30 06:00:00,2025,1,30,6,Huế,Phường Phú Bài,16.409296,107.6779818,72,Moderate,1,14.5,99,0.0,7.1,207,1015.9,95,25.4,29.2,426.0,12.7,50.0,5.7
2025-01-30 07:00:00,2025,1,30,7,Huế,Phường Phú Bài,16.409296,107.6779818,72,Moderate,1,14.9,97,0.0,8.2,220,1016.3,79,26.5,29.9,447.0,11.6,57.0,5.7
2025-01-30 08:00:00,2025,1,30,8,Huế,Phường Phú Bài,16.409296,107.6779818,72,Moderate,1,17.0,92,0.0,4.7,238,1017.7,54,23.2,26.4,413.0,8.9,74.0,4.9
2025-01-30 09:00:00,2025,1,30,9,Huế,Phường Phú Bài,16.409296,107.6779818,72,Moderate,1,20.5,75,0.0,2.2,222,1018.0,17,20.5,25.1,350.0,5.3,97.0,3.9
2025-01-30 10:00:00,2025,1,30,10,Huế,Phường Phú Bài,16.409296,107.6779818,72,Moderate,1,22.9,67,0.0,4.8,115,1017.6,37,19.6,24.9,299.0,2.5,114.0,3.0
2025-01-30 11:00:00,2025,1,30,11,Huế,Phường Phú Bài,16.409296,107.6779818,72,Moderate,1,23.9,64,0.0,9.3,82,1016.6,53,19.8,25.1,274.0,1.5,120.0,2.5
2025-01-30 12:00:00,2025,1,30,12,Huế,Phường Phú Bài,16.409296,107.6779818,72,Moderate,1,24.0,66,0.0,11.7,75,1015.7,47,19.3,24.4,261.0,1.4,120.0,2.3
2025-01-30 13:00:00,2025,1,30,13,Huế,Phường Phú Bài,16.409296,107.6779818,73,Moderate,1,23.8,66,0.0,13.2,75,1013.8,20,19.4,24.6,252.0,1.4,119.0,2.1
2025-01-30 14:00:00,2025,1,30,14,Huế,Phường Phú Bài,16.409296,107.6779818,73,Moderate,1,24.0,65,0.0,13.4,79,1012.4,11,18.7,23.7,247.0,1.1,118.0,1.9
2025-01-30 15:00:00,2025,1,30,15,Huế,Phường Phú Bài,16.409296,107.6779818,73,Moderate,1,23.4,68,0.0,13.6,83,1011.6,12,17.2,21.9,246.0,1.0,117.0,1.7
2025-01-30 16:00:00,2025,1,30,16,Huế,Phường Phú Bài,16.409296,107.6779818,73,Moderate,1,22.6,72,0.0,13.6,82,1011.3,11,16.1,20.4,248.0,1.8,112.0,1.9
2025-01-30 17:00:00,2025,1,30,17,Huế,Phường Phú Bài,16.409296,107.6779818,72,Moderate,1,21.4,80,0.0,14.1,77,1011.4,5,15.3,19.2,246.0,4.4,103.0,2.6
2025-01-30 18:00:00,2025,1,30,18,Huế,Phường Phú Bài,16.409296,107.6779818,72,Moderate,1,20.0,86,0.0,12.5,86,1011.5,4,15.1,18.3,245.0,7.9,91.0,3.6
2025-01-30 19:00:00,2025,1,30,19,Huế,Phường Phú Bài,16.409296,107.6779818,72,Moderate,1,19.6,87,0.0,13.8,96,1012.0,0,17.5,20.8,262.0,9.9,85.0,4.3
2025-01-30 20:00:00,2025,1,30,20,Huế,Phường Phú Bài,16.409296,107.6779818,71,Moderate,1,19.5,90,0.0,9.9,115,1013.0,0,19.4,23.1,317.0,11.4,79.0,5.1
2025-01-30 21:00:00,2025,1,30,21,Huế,Phường Phú Bài,16.409296,107.6779818,71,Moderate,1,18.1,93,0.0,5.3,156,1013.4,0,20.7,24.2,388.0,13.3,71.0,6.1
2025-01-30 22:00:00,2025,1,30,22,Huế,Phường Phú Bài,16.409296,107.6779818,71,Moderate,1,17.0,97,0.0,4.7,198,1013.5,15,21.1,24.3,433.0,14.4,64.0,6.6
2025-01-30 23:00:00,2025,1,30,23,Huế,Phường Phú Bài,16.409296,107.6779818,70,Moderate,1,16.2,100,0.0,5.7,217,1013.0,11,20.3,23.1,426.0,13.9,61.0,6.1
2025-01-31 00:00:00,2025,1,31,0,Huế,Phường Phú Bài,16.409296,107.6779818,70,Moderate,1,15.4,100,0.0,5.4,220,1012.3,97,19.4,21.9,392.0,12.5,60.0,5.1
2025-01-31 01:00:00,2025,1,31,1,Huế,Phường Phú Bài,16.409296,107.6779818,69,Moderate,1,14.9,100,0.0,5.2,224,1011.9,97,19.5,21.4,357.0,11.1,59.0,4.2
2025-01-31 02:00:00,2025,1,31,2,Huế,Phường Phú Bài,16.409296,107.6779818,69,Moderate,1,14.6,100,0.0,5.7,226,1011.3,89,20.2,22.0,326.0,9.8,58.0,3.6
2025-01-31 03:00:00,2025,1,31,3,Huế,Phường Phú Bài,16.409296,107.6779818,68,Moderate,1,14.3,100,0.0,6.2,226,1010.8,92,20.8,22.6,295.0,8.6,58.0,3.2
2025-01-31 04:00:00,2025,1,31,4,Huế,Phường Phú Bài,16.409296,107.6779818,68,Moderate,1,14.1,100,0.0,6.9,221,1011.0,92,21.4,23.1,280.0,7.8,57.0,2.9
2025-01-31 05:00:00,2025,1,31,5,Huế,Phường Phú Bài,16.409296,107.6779818,67,Moderate,1,14.4,99,0.0,7.7,204,1011.5,0,21.0,22.5,299.0,8.0,52.0,2.9
2025-01-31 06:00:00,2025,1,31,6,Huế,Phường Phú Bài,16.409296,107.6779818,67,Moderate,1,14.8,97,0.0,7.3,200,1012.1,0,21.2,22.7,335.0,8.6,47.0,3.1
2025-01-31 07:00:00,2025,1,31,7,Huế,Phường Phú Bài,16.409296,107.6779818,66,Moderate,1,15.6,97,0.0,9.2,196,1012.7,1,23.3,24.9,350.0,9.7,48.0,3.7
2025-01-31 08:00:00,2025,1,31,8,Huế,Phường Phú Bài,16.409296,107.6779818,66,Moderate,1,19.2,87,0.0,7.8,187,1014.2,0,23.9,25.4,323.0,7.8,66.0,3.6
2025-01-31 09:00:00,2025,1,31,9,Huế,Phường Phú Bài,16.409296,107.6779818,66,Moderate,1,22.0,75,0.0,6.8,163,1014.8,0,21.0,23.9,276.0,5.1,92.0,3.5
2025-01-31 10:00:00,2025,1,31,10,Huế,Phường Phú Bài,16.409296,107.6779818,66,Moderate,1,24.0,67,0.0,7.4,122,1014.4,2,18.3,23.5,240.0,3.0,112.0,3.3
2025-01-31 11:00:00,2025,1,31,11,Huế,Phường Phú Bài,16.409296,107.6779818,66,Moderate,1,25.4,64,0.0,7.0,89,1013.6,1,16.7,21.7,227.0,2.0,121.0,3.0
2025-01-31 12:00:00,2025,1,31,12,Huế,Phường Phú Bài,16.409296,107.6779818,66,Moderate,1,25.8,65,0.0,10.8,64,1012.7,0,15.7,20.5,224.0,1.6,125.0,2.6
2025-01-31 13:00:00,2025,1,31,13,Huế,Phường Phú Bài,16.409296,107.6779818,66,Moderate,1,25.6,64,0.0,13.1,67,1011.7,37,15.0,19.5,223.0,1.5,128.0,2.4
2025-01-31 14:00:00,2025,1,31,14,Huế,Phường Phú Bài,16.409296,107.6779818,65,Moderate,1,25.6,63,0.0,13.1,72,1010.4,1,14.6,18.9,218.0,1.0,132.0,2.3
2025-01-31 15:00:00,2025,1,31,15,Huế,Phường Phú Bài,16.409296,107.6779818,65,Moderate,1,25.1,65,0.0,13.0,73,1009.5,35,14.2,18.3,215.0,0.8,133.0,2.3
2025-01-31 16:00:00,2025,1,31,16,Huế,Phường Phú Bài,16.409296,107.6779818,65,Moderate,1,24.0,69,0.0,12.5,75,1009.2,0,13.9,17.9,223.0,2.4,130.0,2.8
2025-01-31 17:00:00,2025,1,31,17,Huế,Phường Phú Bài,16.409296,107.6779818,74,Moderate,1,22.5,75,0.0,9.2,78,1009.2,0,14.3,18.1,230.0,7.5,117.0,4.2
2025-01-31 18:00:00,2025,1,31,18,Huế,Phường Phú Bài,16.409296,107.6779818,79,Moderate,1,19.9,88,0.0,4.4,63,1009.3,0,17.5,20.6,247.0,14.5,99.0,6.2
2025-01-31 19:00:00,2025,1,31,19,Huế,Phường Phú Bài,16.409296,107.6779818,76,Moderate,1,19.1,92,0.0,3.0,73,1009.8,0,21.4,24.7,317.0,20.9,82.0,8.3
2025-01-31 20:00:00,2025,1,31,20,Huế,Phường Phú Bài,16.409296,107.6779818,68,Moderate,1,19.1,96,0.0,2.4,132,1010.7,0,24.3,27.7,506.0,21.6,76.0,8.9
2025-01-31 21:00:00,2025,1,31,21,Huế,Phường Phú Bài,16.409296,107.6779818,65,Moderate,1,17.9,100,0.0,3.0,218,1011.1,98,25.4,28.6,749.0,22.6,67.0,9.8
2025-01-31 22:00:00,2025,1,31,22,Huế,Phường Phú Bài,16.409296,107.6779818,66,Moderate,1,17.2,100,0.0,4.1,241,1011.0,100,25.5,28.3,889.0,22.8,58.0,9.9
2025-01-31 23:00:00,2025,1,31,23,Huế,Phường Phú Bài,16.409296,107.6779818,66,Moderate,1,16.6,100,0.0,3.6,225,1010.8,97,25.1,27.4,836.0,21.9,50.0,8.7
2025-02-01 00:00:00,2025,2,1,0,Huế,Phường Phú Bài,16.409296,107.6779818,66,Moderate,1,16.1,100,0.0,4.0,219,1010.7,100,25.2,26.5,681.0,20.3,42.0,6.9
2025-02-01 01:00:00,2025,2,1,1,Huế,Phường Phú Bài,16.409296,107.6779818,67,Moderate,1,15.5,100,0.0,4.3,225,1010.5,100,23.5,24.7,539.0,18.5,37.0,5.2
2025-02-01 02:00:00,2025,2,1,2,Huế,Phường Phú Bài,16.409296,107.6779818,67,Moderate,1,15.1,100,0.0,6.1,220,1009.9,100,22.9,23.9,443.0,16.4,34.0,3.9
2025-02-01 03:00:00,2025,2,1,3,Huế,Phường Phú Bài,16.409296,107.6779818,68,Moderate,1,14.7,100,0.0,5.7,221,1009.3,100,22.1,23.2,361.0,14.0,33.0,2.9
2025-02-01 04:00:00,2025,2,1,4,Huế,Phường Phú Bài,16.409296,107.6779818,68,Moderate,1,14.6,100,0.0,5.2,221,1008.9,100,21.2,22.4,314.0,12.1,35.0,2.3
2025-02-01 05:00:00,2025,2,1,5,Huế,Phường Phú Bài,16.409296,107.6779818,68,Moderate,1,14.6,100,0.0,5.1,216,1009.2,100,19.8,20.6,326.0,11.2,37.0,2.4
2025-02-01 06:00:00,2025,2,1,6,Huế,Phường Phú Bài,16.409296,107.6779818,68,Moderate,1,14.5,100,0.0,4.5,223,1009.7,100,18.4,19.0,373.0,10.8,42.0,3.1
2025-02-01 07:00:00,2025,2,1,7,Huế,Phường Phú Bài,16.409296,107.6779818,67,Moderate,1,15.0,99,0.0,4.5,220,1010.5,99,19.3,19.9,401.0,11.0,52.0,3.9
2025-02-01 08:00:00,2025,2,1,8,Huế,Phường Phú Bài,16.409296,107.6779818,67,Moderate,1,18.8,89,0.0,2.6,231,1011.9,100,18.9,19.3,385.0,9.2,75.0,4.6
2025-02-01 09:00:00,2025,2,1,9,Huế,Phường Phú Bài,16.409296,107.6779818,67,Moderate,1,21.5,83,0.0,0.2,90,1012.3,100,17.3,18.1,350.0,6.7,107.0,5.6
2025-02-01 10:00:00,2025,2,1,10,Huế,Phường Phú Bài,16.409296,107.6779818,66,Moderate,1,24.0,76,0.0,2.8,50,1012.1,100,17.2,18.9,315.0,4.6,132.0,6.1
2025-02-01 11:00:00,2025,2,1,11,Huế,Phường Phú Bài,16.409296,107.6779818,66,Moderate,1,25.7,69,0.0,5.9,47,1011.4,100,16.7,19.0,281.0,3.4,145.0,5.6
2025-02-01 12:00:00,2025,2,1,12,Huế,Phường Phú Bài,16.409296,107.6779818,66,Moderate,1,26.4,66,0.0,8.9,54,1010.7,23,16.6,19.3,247.0,2.6,152.0,4.7
2025-02-01 13:00:00,2025,2,1,13,Huế,Phường Phú Bài,16.409296,107.6779818,66,Moderate,1,26.6,63,0.0,10.0,64,1009.6,79,16.6,19.8,227.0,2.2,156.0,4.0
2025-02-01 14:00:00,2025,2,1,14,Huế,Phường Phú Bài,16.409296,107.6779818,66,Moderate,1,26.6,62,0.0,11.2,69,1008.4,87,17.0,20.6,225.0,1.7,161.0,3.7
2025-02-01 15:00:00,2025,2,1,15,Huế,Phường Phú Bài,16.409296,107.6779818,75,Moderate,1,26.0,63,0.0,12.2,73,1007.4,48,17.0,20.5,237.0,1.6,164.0,3.7
2025-02-01 16:00:00,2025,2,1,16,Huế,Phường Phú Bài,16.409296,107.6779818,99,Moderate,1,24.9,70,0.0,11.6,71,1007.1,20,17.2,20.5,265.0,3.3,159.0,4.2
2025-02-01 17:00:00,2025,2,1,17,Huế,Phường Phú Bài,16.409296,107.6779818,117,Unhealthy for Sensitive Groups,2,23.0,80,0.0,8.5,65,1007.2,0,18.1,21.1,284.0,8.4,142.0,5.5
2025-02-01 18:00:00,2025,2,1,18,Huế,Phường Phú Bài,16.409296,107.6779818,124,Unhealthy for Sensitive Groups,2,20.3,91,0.0,2.6,51,1007.3,0,21.5,24.0,318.0,15.2,118.0,7.3
2025-02-01 19:00:00,2025,2,1,19,Huế,Phường Phú Bài,16.409296,107.6779818,121,Unhealthy for Sensitive Groups,2,19.3,95,0.0,0.4,270,1007.8,0,23.9,25.6,449.0,21.9,96.0,9.3
2025-02-01 20:00:00,2025,2,1,20,Huế,Phường Phú Bài,16.409296,107.6779818,111,Unhealthy for Sensitive Groups,2,18.9,98,0.0,2.8,259,1008.7,0,24.6,26.3,808.0,21.5,87.0,9.3
2025-02-01 21:00:00,2025,2,1,21,Huế,Phường Phú Bài,16.409296,107.6779818,97,Moderate,1,18.6,98,0.0,3.9,254,1009.2,19,24.9,26.3,1263.0,21.0,75.0,9.3
2025-02-01 22:00:00,2025,2,1,22,Huế,Phường Phú Bài,16.409296,107.6779818,80,Moderate,1,18.1,98,0.0,2.7,247,1009.5,0,25.3,26.5,1497.0,20.1,64.0,8.9
2025-02-01 23:00:00,2025,2,1,23,Huế,Phường Phú Bài,16.409296,107.6779818,68,Moderate,1,17.9,99,0.0,3.7,231,1009.4,2,25.3,26.3,1308.0,18.9,58.0,7.8
2025-02-02 00:00:00,2025,2,2,0,Huế,Phường Phú Bài,16.409296,107.6779818,68,Moderate,1,17.1,100,0.0,4.6,216,1009.1,12,24.0,25.0,899.0,17.4,53.0,6.4
2025-02-02 01:00:00,2025,2,2,1,Huế,Phường Phú Bài,16.409296,107.6779818,68,Moderate,1,16.5,100,0.0,4.5,217,1009.1,6,22.9,23.8,560.0,15.8,50.0,5.1
2025-02-02 02:00:00,2025,2,2,2,Huế,Phường Phú Bài,16.409296,107.6779818,68,Moderate,1,15.8,100,0.0,4.6,219,1008.6,99,21.9,22.7,396.0,13.9,47.0,4.1
2025-02-02 03:00:00,2025,2,2,3,Huế,Phường Phú Bài,16.409296,107.6779818,68,Moderate,1,15.2,100,0.0,4.7,223,1008.3,98,19.7,20.5,303.0,11.9,45.0,3.3
2025-02-02 04:00:00,2025,2,2,4,Huế,Phường Phú Bài,16.409296,107.6779818,67,Moderate,1,14.6,100,0.0,4.8,239,1008.3,96,17.5,18.3,257.0,10.8,43.0,2.8
2025-02-02 05:00:00,2025,2,2,5,Huế,Phường Phú Bài,16.409296,107.6779818,67,Moderate,1,14.1,100,0.0,5.6,245,1008.6,94,16.4,17.2,272.0,11.8,36.0,2.9
2025-02-02 06:00:00,2025,2,2,6,Huế,Phường Phú Bài,16.409296,107.6779818,67,Moderate,1,13.6,100,0.0,6.0,243,1009.3,97,16.4,17.2,334.0,13.7,28.0,3.5
2025-02-02 07:00:00,2025,2,2,7,Huế,Phường Phú Bài,16.409296,107.6779818,67,Moderate,1,14.4,97,0.0,6.3,250,1009.8,14,24.2,25.3,382.0,13.8,33.0,3.6
2025-02-02 08:00:00,2025,2,2,8,Huế,Phường Phú Bài,16.409296,107.6779818,67,Moderate,1,18.6,90,0.0,3.4,273,1011.0,6,25.4,26.5,392.0,11.0,58.0,3.8
2025-02-02 09:00:00,2025,2,2,9,Huế,Phường Phú Bài,16.409296,107.6779818,68,Moderate,1,21.5,82,0.0,1.4,320,1011.7,15,22.3,24.1,387.0,7.1,92.0,4.1
2025-02-02 10:00:00,2025,2,2,10,Huế,Phường Phú Bài,16.409296,107.6779818,68,Moderate,1,23.8,74,0.0,3.6,20,1011.5,33,21.5,23.7,373.0,4.1,120.0,4.2
2025-02-02 11:00:00,2025,2,2,11,Huế,Phường Phú Bài,16.409296,107.6779818,69,Moderate,1,25.5,68,0.0,6.3,39,1010.8,91,20.9,23.5,349.0,2.8,135.0,4.0
2025-02-02 12:00:00,2025,2,2,12,Huế,Phường Phú Bài,16.409296,107.6779818,69,Moderate,1,26.7,65,0.0,8.0,52,1009.9,93,20.5,23.5,316.0,2.3,144.0,3.6
2025-02-02 13:00:00,2025,2,2,13,Huế,Phường Phú Bài,16.409296,107.6779818,69,Moderate,1,27.2,62,0.0,9.9,58,1008.9,92,19.7,22.7,285.0,2.2,149.0,3.3
2025-02-02 14:00:00,2025,2,2,14,Huế,Phường Phú Bài,16.409296,107.6779818,70,Moderate,1,27.0,61,0.0,11.5,59,1008.3,98,18.9,21.8,250.0,1.7,151.0,3.0
2025-02-02 15:00:00,2025,2,2,15,Huế,Phường Phú Bài,16.409296,107.6779818,70,Moderate,1,26.1,65,0.0,12.2,59,1007.7,94,17.5,20.4,215.0,1.5,150.0,2.9
2025-02-02 16:00:00,2025,2,2,16,Huế,Phường Phú Bài,16.409296,107.6779818,79,Moderate,1,24.8,74,0.0,11.6,55,1007.7,95,16.2,18.9,208.0,3.1,142.0,3.2
2025-02-02 17:00:00,2025,2,2,17,Huế,Phường Phú Bài,16.409296,107.6779818,97,Moderate,1,23.1,82,0.0,10.1,51,1008.0,62,15.4,17.9,238.0,8.4,123.0,4.5
2025-02-02 18:00:00,2025,2,2,18,Huế,Phường Phú Bài,16.409296,107.6779818,103,Unhealthy for Sensitive Groups,2,20.8,93,0.0,5.0,30,1008.5,16,18.1,20.0,294.0,15.6,98.0,6.4
2025-02-02 19:00:00,2025,2,2,19,Huế,Phường Phú Bài,16.409296,107.6779818,99,Moderate,1,19.8,96,0.0,0.6,304,1009.0,0,21.6,23.0,374.0,20.8,83.0,8.1
2025-02-02 20:00:00,2025,2,2,20,Huế,Phường Phú Bài,16.409296,107.6779818,88,Moderate,1,20.2,100,0.0,1.1,108,1010.6,16,22.5,24.6,505.0,20.9,76.0,8.3
2025-02-02 21:00:00,2025,2,2,21,Huế,Phường Phú Bài,16.409296,107.6779818,73,Moderate,1,20.2,100,0.0,3.1,208,1011.1,100,22.6,24.9,660.0,20.9,67.0,8.6
2025-02-02 22:00:00,2025,2,2,22,Huế,Phường Phú Bài,16.409296,107.6779818,69,Moderate,1,20.1,100,0.0,7.5,222,1011.5,100,25.0,26.5,751.0,20.2,60.0,8.3
2025-02-02 23:00:00,2025,2,2,23,Huế,Phường Phú Bài,16.409296,107.6779818,68,Moderate,1,19.8,100,0.0,6.2,237,1011.3,100,25.2,26.3,726.0,18.2,56.0,7.0
2025-02-03 00:00:00,2025,2,3,0,Huế,Phường Phú Bài,16.409296,107.6779818,68,Moderate,1,19.5,100,0.0,3.9,254,1011.2,100,25.4,26.5,637.0,15.4,55.0,5.1
2025-02-03 01:00:00,2025,2,3,1,Huế,Phường Phú Bài,16.409296,107.6779818,69,Moderate,1,19.2,100,0.0,2.9,259,1011.4,100,25.8,26.8,555.0,12.9,54.0,3.6
2025-02-03 02:00:00,2025,2,3,2,Huế,Phường Phú Bài,16.409296,107.6779818,69,Moderate,1,19.0,100,0.0,3.8,251,1011.3,100,25.9,26.9,503.0,11.0,55.0,2.8
2025-02-03 03:00:00,2025,2,3,3,Huế,Phường Phú Bài,16.409296,107.6779818,69,Moderate,1,18.9,100,0.0,5.3,252,1011.2,100,25.8,26.8,457.0,9.4,56.0,2.4
2025-02-03 04:00:00,2025,2,3,4,Huế,Phường Phú Bài,16.409296,107.6779818,70,Moderate,1,18.9,100,0.0,5.8,254,1011.5,100,25.6,26.7,419.0,8.5,58.0,2.4
2025-02-03 05:00:00,2025,2,3,5,Huế,Phường Phú Bài,16.409296,107.6779818,70,Moderate,1,19.0,100,0.0,5.2,254,1012.0,100,25.3,26.4,395.0,8.8,58.0,3.0
2025-02-03 06:00:00,2025,2,3,6,Huế,Phường Phú Bài,16.409296,107.6779818,71,Moderate,1,19.1,100,0.0,4.4,232,1013.0,100,25.6,26.7,379.0,9.6,58.0,4.0
2025-02-03 07:00:00,2025,2,3,7,Huế,Phường Phú Bài,16.409296,107.6779818,72,Moderate,1,19.4,98,0.0,4.8,205,1013.9,100,26.8,28.4,356.0,12.1,42.0,3.7
2025-02-03 08:00:00,2025,2,3,8,Huế,Phường Phú Bài,16.409296,107.6779818,72,Moderate,1,20.4,92,0.0,4.0,185,1015.1,100,22.3,24.2,313.0,9.6,53.0,3.3
2025-02-03 09:00:00,2025,2,3,9,Huế,Phường Phú Bài,16.409296,107.6779818,72,Moderate,1,22.5,83,0.0,5.0,136,1015.9,48,14.9,17.1,262.0,6.2,68.0,2.8
2025-02-03 10:00:00,2025,2,3,10,Huế,Phường Phú Bài,16.409296,107.6779818,71,Moderate,1,24.8,71,0.1,8.9,98,1016.1,79,12.8,15.3,223.0,3.5,80.0,2.4
2025-02-03 11:00:00,2025,2,3,11,Huế,Phường Phú Bài,16.409296,107.6779818,71,Moderate,1,25.1,70,0.2,11.5,81,1015.5,55,12.1,15.7,205.0,2.2,86.0,2.1
2025-02-03 12:00:00,2025,2,3,12,Huế,Phường Phú Bài,16.409296,107.6779818,70,Moderate,1,25.0,73,0.8,14.3,69,1015.2,58,11.0,14.5,199.0,1.6,89.0,1.9
2025-02-03 13:00:00,2025,2,3,13,Huế,Phường Phú Bài,16.409296,107.6779818,69,Moderate,1,25.4,72,0.4,13.9,69,1014.3,27,10.0,13.2,195.0,1.3,90.0,1.7
2025-02-03 14:00:00,2025,2,3,14,Huế,Phường Phú Bài,16.409296,107.6779818,68,Moderate,1,25.3,71,0.3,14.5,60,1013.5,13,9.5,12.6,188.0,0.9,90.0,1.5
2025-02-03 15:00:00,2025,2,3,15,Huế,Phường Phú Bài,16.409296,107.6779818,67,Moderate,1,24.7,74,0.0,14.9,55,1013.2,16,9.0,12.0,183.0,0.7,88.0,1.4
2025-02-03 16:00:00,2025,2,3,16,Huế,Phường Phú Bài,16.409296,107.6779818,67,Moderate,1,24.0,74,0.1,14.3,53,1013.2,29,9.0,12.0,189.0,1.8,84.0,1.6
2025-02-03 17:00:00,2025,2,3,17,Huế,Phường Phú Bài,16.409296,107.6779818,66,Moderate,1,22.5,81,0.1,13.4,40,1013.9,59,9.6,12.7,217.0,5.4,76.0,2.6
2025-02-03 18:00:00,2025,2,3,18,Huế,Phường Phú Bài,16.409296,107.6779818,65,Moderate,1,21.5,85,0.3,8.8,46,1014.7,64,11.9,14.8,255.0,10.3,66.0,4.0
2025-02-03 19:00:00,2025,2,3,19,Huế,Phường Phú Bài,16.409296,107.6779818,65,Moderate,1,20.5,93,0.2,4.4,30,1015.6,77,18.1,21.6,282.0,13.7,58.0,5.2
2025-02-03 20:00:00,2025,2,3,20,Huế,Phường Phú Bài,16.409296,107.6779818,65,Moderate,1,20.4,96,0.1,6.8,40,1016.5,53,19.2,22.6,284.0,12.5,61.0,5.2
2025-02-03 21:00:00,2025,2,3,21,Huế,Phường Phú Bài,16.409296,107.6779818,64,Moderate,1,20.6,90,0.2,9.8,41,1017.1,97,20.0,24.0,274.0,10.8,66.0,5.1
2025-02-03 22:00:00,2025,2,3,22,Huế,Phường Phú Bài,16.409296,107.6779818,64,Moderate,1,20.0,97,0.6,11.1,32,1017.3,100,20.9,24.7,267.0,9.2,70.0,5.1
2025-02-03 23:00:00,2025,2,3,23,Huế,Phường Phú Bài,16.409296,107.6779818,64,Moderate,1,19.9,97,1.3,14.5,31,1017.3,100,20.9,24.7,267.0,7.6,75.0,5.2
2025-02-04 00:00:00,2025,2,4,0,Huế,Phường Phú Bài,16.409296,107.6779818,63,Moderate,1,19.8,97,1.7,14.9,28,1017.0,100,21.8,25.2,271.0,6.1,79.0,5.3
2025-02-04 01:00:00,2025,2,4,1,Huế,Phường Phú Bài,16.409296,107.6779818,63,Moderate,1,19.6,96,0.9,15.5,27,1017.0,100,22.4,26.3,281.0,5.0,82.0,5.3
2025-02-04 02:00:00,2025,2,4,2,Huế,Phường Phú Bài,16.409296,107.6779818,63,Moderate,1,19.5,95,0.9,18.5,19,1016.4,100,21.5,24.6,300.0,4.6,81.0,5.1
2025-02-04 03:00:00,2025,2,4,3,Huế,Phường Phú Bài,16.409296,107.6779818,62,Moderate,1,19.4,96,0.8,17.4,45,1016.2,100,20.7,23.5,324.0,4.5,78.0,4.8
2025-02-04 04:00:00,2025,2,4,4,Huế,Phường Phú Bài,16.409296,107.6779818,62,Moderate,1,19.4,96,0.5,16.4,54,1016.3,100,19.0,21.3,351.0,4.6,76.0,4.6
2025-02-04 05:00:00,2025,2,4,5,Huế,Phường Phú Bài,16.409296,107.6779818,61,Moderate,1,19.2,96,0.5,14.0,55,1016.7,100,16.9,19.6,380.0,4.6,76.0,4.6
2025-02-04 06:00:00,2025,2,4,6,Huế,Phường Phú Bài,16.409296,107.6779818,60,Moderate,1,19.0,96,0.7,13.1,52,1017.4,100,13.8,16.2,411.0,4.7,76.0,4.7
2025-02-04 07:00:00,2025,2,4,7,Huế,Phường Phú Bài,16.409296,107.6779818,59,Moderate,1,19.0,96,0.6,12.7,45,1018.0,100,15.7,18.3,436.0,5.2,81.0,3.9
2025-02-04 08:00:00,2025,2,4,8,Huế,Phường Phú Bài,16.409296,107.6779818,58,Moderate,1,18.9,96,0.7,13.0,27,1019.5,100,15.8,18.4,454.0,5.0,78.0,4.2
2025-02-04 09:00:00,2025,2,4,9,Huế,Phường Phú Bài,16.409296,107.6779818,58,Moderate,1,19.1,96,0.5,11.4,31,1020.4,100,16.7,19.4,466.0,4.8,73.0,4.6
2025-02-04 10:00:00,2025,2,4,10,Huế,Phường Phú Bài,16.409296,107.6779818,58,Moderate,1,20.0,89,0.2,13.2,37,1020.6,100,17.5,20.9,474.0,4.7,70.0,5.1
2025-02-04 11:00:00,2025,2,4,11,Huế,Phường Phú Bài,16.409296,107.6779818,58,Moderate,1,20.5,82,0.2,14.7,35,1019.9,100,18.4,21.8,477.0,4.8,71.0,5.5
2025-02-04 12:00:00,2025,2,4,12,Huế,Phường Phú Bài,16.409296,107.6779818,59,Moderate,1,20.8,80,0.2,14.0,31,1018.9,100,19.4,22.9,475.0,5.1,73.0,6.0
2025-02-04 13:00:00,2025,2,4,13,Huế,Phường Phú Bài,16.409296,107.6779818,60,Moderate,1,21.2,76,0.2,12.7,39,1017.7,100,21.8,25.4,473.0,5.4,76.0,6.4
2025-02-04 14:00:00,2025,2,4,14,Huế,Phường Phú Bài,16.409296,107.6779818,61,Moderate,1,21.1,75,0.2,12.4,41,1016.5,100,22.8,26.6,466.0,5.7,80.0,6.9
2025-02-04 15:00:00,2025,2,4,15,Huế,Phường Phú Bài,16.409296,107.6779818,62,Moderate,1,20.7,77,0.2,11.3,39,1015.6,100,24.4,28.1,458.0,6.1,84.0,7.3
2025-02-04 16:00:00,2025,2,4,16,Huế,Phường Phú Bài,16.409296,107.6779818,63,Moderate,1,20.6,78,0.1,10.0,36,1015.4,100,25.6,29.2,469.0,6.8,87.0,7.7
2025-02-04 17:00:00,2025,2,4,17,Huế,Phường Phú Bài,16.409296,107.6779818,65,Moderate,1,20.0,81,0.1,7.7,25,1015.5,100,27.5,31.1,517.0,8.1,87.0,8.0
2025-02-04 18:00:00,2025,2,4,18,Huế,Phường Phú Bài,16.409296,107.6779818,66,Moderate,1,19.4,85,0.2,4.0,352,1015.8,100,28.5,32.0,583.0,9.6,86.0,8.1
2025-02-04 19:00:00,2025,2,4,19,Huế,Phường Phú Bài,16.409296,107.6779818,68,Moderate,1,18.9,92,0.3,3.1,298,1016.4,100,24.3,26.4,627.0,10.9,73.0,7.7
2025-02-04 20:00:00,2025,2,4,20,Huế,Phường Phú Bài,16.409296,107.6779818,68,Moderate,1,18.1,95,0.1,7.8,278,1017.4,100,23.6,25.6,628.0,10.1,72.0,7.6
2025-02-04 21:00:00,2025,2,4,21,Huế,Phường Phú Bài,16.409296,107.6779818,69,Moderate,1,17.7,97,0.1,9.4,271,1017.6,100,25.3,27.4,608.0,9.1,70.0,7.5
2025-02-04 22:00:00,2025,2,4,22,Huế,Phường Phú Bài,16.409296,107.6779818,69,Moderate,1,17.5,97,0.0,8.4,259,1017.6,100,26.7,28.9,591.0,8.6,68.0,7.4
2025-02-04 23:00:00,2025,2,4,23,Huế,Phường Phú Bài,16.409296,107.6779818,70,Moderate,1,17.4,97,0.0,7.2,251,1017.3,100,27.9,30.2,582.0,9.0,64.0,7.3
2025-02-05 00:00:00,2025,2,5,0,Huế,Phường Phú Bài,16.409296,107.6779818,70,Moderate,1,17.4,97,0.0,6.1,240,1016.6,100,29.3,31.4,577.0,9.9,59.0,7.2
2025-02-05 01:00:00,2025,2,5,1,Huế,Phường Phú Bài,16.409296,107.6779818,71,Moderate,1,17.4,97,0.0,5.0,226,1016.0,100,30.0,32.0,586.0,10.6,56.0,7.3
2025-02-05 02:00:00,2025,2,5,2,Huế,Phường Phú Bài,16.409296,107.6779818,72,Moderate,1,17.4,98,0.0,4.2,211,1015.3,100,30.9,32.5,622.0,10.6,55.0,7.7
2025-02-05 03:00:00,2025,2,5,3,Huế,Phường Phú Bài,16.409296,107.6779818,73,Moderate,1,17.4,98,0.0,3.7,227,1014.5,100,30.6,32.1,673.0,10.3,55.0,8.3
2025-02-05 04:00:00,2025,2,5,4,Huế,Phường Phú Bài,16.409296,107.6779818,73,Moderate,1,17.0,97,0.0,3.5,255,1014.2,100,26.8,28.1,710.0,10.3,55.0,9.0
2025-02-05 05:00:00,2025,2,5,5,Huế,Phường Phú Bài,16.409296,107.6779818,74,Moderate,1,17.4,96,0.0,3.6,225,1014.5,100,24.7,26.0,731.0,11.4,53.0,10.3
2025-02-05 06:00:00,2025,2,5,6,Huế,Phường Phú Bài,16.409296,107.6779818,75,Moderate,1,17.3,97,0.0,2.7,222,1014.8,89,24.9,26.0,738.0,12.8,50.0,11.7
2025-02-05 07:00:00,2025,2,5,7,Huế,Phường Phú Bài,16.409296,107.6779818,76,Moderate,1,17.5,96,0.0,3.7,227,1015.2,85,24.7,26.9,714.0,12.6,48.0,5.4
2025-02-05 08:00:00,2025,2,5,8,Huế,Phường Phú Bài,16.409296,107.6779818,77,Moderate,1,18.9,87,0.0,1.9,221,1016.6,24,19.4,22.2,633.0,9.9,61.0,4.9
2025-02-05 09:00:00,2025,2,5,9,Huế,Phường Phú Bài,16.409296,107.6779818,77,Moderate,1,20.8,77,0.0,2.2,104,1017.0,30,16.5,19.1,521.0,6.2,80.0,4.2
2025-02-05 10:00:00,2025,2,5,10,Huế,Phường Phú Bài,16.409296,107.6779818,77,Moderate,1,22.6,70,0.0,10.5,97,1016.8,96,16.2,19.3,433.0,3.4,94.0,3.6
2025-02-05 11:00:00,2025,2,5,11,Huế,Phường Phú Bài,16.409296,107.6779818,77,Moderate,1,23.1,68,0.1,12.6,92,1015.8,99,16.1,19.4,394.0,2.2,101.0,3.3
2025-02-05 12:00:00,2025,2,5,12,Huế,Phường Phú Bài,16.409296,107.6779818,77,Moderate,1,23.4,70,0.2,15.4,79,1014.9,90,14.5,17.3,379.0,1.9,103.0,3.0
2025-02-05 13:00:00,2025,2,5,13,Huế,Phường Phú Bài,16.409296,107.6779818,76,Moderate,1,23.4,71,0.0,15.6,79,1013.7,74,15.0,17.9,369.0,1.8,105.0,2.9
2025-02-05 14:00:00,2025,2,5,14,Huế,Phường Phú Bài,16.409296,107.6779818,76,Moderate,1,23.4,71,0.0,16.3,76,1012.5,65,15.0,17.9,359.0,1.5,108.0,2.8
2025-02-05 15:00:00,2025,2,5,15,Huế,Phường Phú Bài,16.409296,107.6779818,75,Moderate,1,23.2,70,0.0,17.0,77,1011.6,9,15.4,18.4,354.0,1.5,109.0,2.7
2025-02-05 16:00:00,2025,2,5,16,Huế,Phường Phú Bài,16.409296,107.6779818,74,Moderate,1,22.6,73,0.0,17.6,74,1010.9,2,15.0,17.9,356.0,2.1,108.0,2.8
2025-02-05 17:00:00,2025,2,5,17,Huế,Phường Phú Bài,16.409296,107.6779818,73,Moderate,1,21.5,78,0.0,17.2,72,1010.9,2,14.6,17.4,364.0,3.9,102.0,3.2
2025-02-05 18:00:00,2025,2,5,18,Huế,Phường Phú Bài,16.409296,107.6779818,72,Moderate,1,20.6,81,0.0,16.1,74,1011.4,7,15.0,17.1,379.0,6.4,94.0,3.7
2025-02-05 19:00:00,2025,2,5,19,Huế,Phường Phú Bài,16.409296,107.6779818,71,Moderate,1,20.5,81,0.0,15.1,92,1011.9,12,16.8,19.0,402.0,10.8,84.0,4.8
2025-02-05 20:00:00,2025,2,5,20,Huế,Phường Phú Bài,16.409296,107.6779818,70,Moderate,1,20.5,85,0.0,13.4,104,1013.1,38,18.0,20.6,439.0,11.1,80.0,4.9
2025-02-05 21:00:00,2025,2,5,21,Huế,Phường Phú Bài,16.409296,107.6779818,70,Moderate,1,19.5,89,0.0,7.5,138,1013.7,55,18.3,20.8,484.0,11.4,74.0,5.1
2025-02-05 22:00:00,2025,2,5,22,Huế,Phường Phú Bài,16.409296,107.6779818,69,Moderate,1,18.5,94,0.0,4.3,163,1014.1,11,19.0,21.2,516.0,11.3,70.0,5.0
2025-02-05 23:00:00,2025,2,5,23,Huế,Phường Phú Bài,16.409296,107.6779818,68,Moderate,1,17.8,96,0.0,2.9,173,1013.8,5,18.7,20.5,528.0,10.5,68.0,4.5
2025-02-06 00:00:00,2025,2,6,0,Huế,Phường Phú Bài,16.409296,107.6779818,68,Moderate,1,17.5,96,0.0,2.7,148,1013.3,5,18.9,20.9,527.0,9.4,68.0,3.8
2025-02-06 01:00:00,2025,2,6,1,Huế,Phường Phú Bài,16.409296,107.6779818,67,Moderate,1,17.5,95,0.0,3.8,101,1012.9,8,18.2,20.3,516.0,8.4,67.0,3.2
2025-02-06 02:00:00,2025,2,6,2,Huế,Phường Phú Bài,16.409296,107.6779818,66,Moderate,1,17.4,95,0.0,4.7,90,1012.6,17,18.2,20.3,484.0,7.6,66.0,2.7
2025-02-06 03:00:00,2025,2,6,3,Huế,Phường Phú Bài,16.409296,107.6779818,64,Moderate,1,17.5,95,0.0,3.6,99,1012.4,16,18.6,20.7,443.0,6.9,65.0,2.3
2025-02-06 04:00:00,2025,2,6,4,Huế,Phường Phú Bài,16.409296,107.6779818,63,Moderate,1,17.2,96,0.0,2.3,162,1012.4,8,19.3,21.4,428.0,6.7,63.0,2.1
2025-02-06 05:00:00,2025,2,6,5,Huế,Phường Phú Bài,16.409296,107.6779818,63,Moderate,1,16.5,98,0.0,2.6,214,1012.8,12,20.0,22.2,476.0,7.7,58.0,2.3
2025-02-06 06:00:00,2025,2,6,6,Huế,Phường Phú Bài,16.409296,107.6779818,62,Moderate,1,15.9,100,0.0,3.3,229,1013.5,17,20.5,22.7,551.0,9.3,52.0,2.8
2025-02-06 07:00:00,2025,2,6,7,Huế,Phường Phú Bài,16.409296,107.6779818,62,Moderate,1,16.7,98,0.0,5.1,228,1014.0,16,21.2,23.2,583.0,8.8,61.0,2.5
2025-02-06 08:00:00,2025,2,6,8,Huế,Phường Phú Bài,16.409296,107.6779818,62,Moderate,1,20.7,86,0.0,2.7,172,1015.3,3,21.7,24.2,525.0,7.0,75.0,2.3
2025-02-06 09:00:00,2025,2,6,9,Huế,Phường Phú Bài,16.409296,107.6779818,62,Moderate,1,22.9,76,0.0,8.4,109,1015.6,28,17.7,20.2,424.0,4.5,94.0,2.1
2025-02-06 10:00:00,2025,2,6,10,Huế,Phường Phú Bài,16.409296,107.6779818,62,Moderate,1,24.2,66,0.0,10.1,114,1015.2,63,16.1,18.6,345.0,2.6,111.0,1.9
2025-02-06 11:00:00,2025,2,6,11,Huế,Phường Phú Bài,16.409296,107.6779818,62,Moderate,1,25.5,62,0.0,10.1,85,1014.1,87,15.5,17.9,319.0,1.8,122.0,1.8
2025-02-06 12:00:00,2025,2,6,12,Huế,Phường Phú Bài,16.409296,107.6779818,62,Moderate,1,25.1,67,0.0,15.8,66,1013.1,4,15.8,18.3,316.0,1.6,129.0,1.9
2025-02-06 13:00:00,2025,2,6,13,Huế,Phường Phú Bài,16.409296,107.6779818,62,Moderate,1,24.8,66,0.0,18.2,72,1011.8,0,16.4,18.9,313.0,1.5,134.0,1.9
2025-02-06 14:00:00,2025,2,6,14,Huế,Phường Phú Bài,16.409296,107.6779818,62,Moderate,1,24.6,65,0.0,18.3,79,1010.7,0,16.8,19.4,299.0,1.2,137.0,1.9
2025-02-06 15:00:00,2025,2,6,15,Huế,Phường Phú Bài,16.409296,107.6779818,62,Moderate,1,24.5,64,0.0,18.0,78,1009.9,0,17.1,19.8,285.0,1.1,138.0,1.8
2025-02-06 16:00:00,2025,2,6,16,Huế,Phường Phú Bài,16.409296,107.6779818,66,Moderate,1,23.7,67,0.0,17.5,76,1009.8,0,17.2,19.8,280.0,2.1,134.0,2.1
2025-02-06 17:00:00,2025,2,6,17,Huế,Phường Phú Bài,16.409296,107.6779818,79,Moderate,1,22.5,72,0.0,16.1,72,1010.0,0,17.3,19.9,286.0,5.0,121.0,2.8
2025-02-06 18:00:00,2025,2,6,18,Huế,Phường Phú Bài,16.409296,107.6779818,85,Moderate,1,21.2,77,0.0,12.6,70,1010.7,0,18.4,20.7,302.0,9.0,104.0,3.9
2025-02-06 19:00:00,2025,2,6,19,Huế,Phường Phú Bài,16.409296,107.6779818,83,Moderate,1,20.8,79,0.0,10.4,75,1011.3,1,21.7,24.0,331.0,14.5,89.0,5.7
2025-02-06 20:00:00,2025,2,6,20,Huế,Phường Phú Bài,16.409296,107.6779818,76,Moderate,1,20.1,88,0.0,5.4,127,1011.4,3,23.6,26.7,390.0,14.7,83.0,6.0
2025-02-06 21:00:00,2025,2,6,21,Huế,Phường Phú Bài,16.409296,107.6779818,66,Moderate,1,19.1,92,0.0,4.0,172,1012.2,1,23.8,26.7,463.0,14.9,75.0,6.4
2025-02-06 22:00:00,2025,2,6,22,Huế,Phường Phú Bài,16.409296,107.6779818,65,Moderate,1,18.6,94,0.0,3.1,183,1013.0,2,23.9,26.6,506.0,14.6,69.0,6.3
2025-02-06 23:00:00,2025,2,6,23,Huế,Phường Phú Bài,16.409296,107.6779818,65,Moderate,1,18.3,95,0.0,3.5,171,1013.5,1,23.6,25.6,496.0,13.4,66.0,5.5
2025-02-07 00:00:00,2025,2,7,0,Huế,Phường Phú Bài,16.409296,107.6779818,65,Moderate,1,17.6,97,0.0,4.5,180,1013.5,0,22.2,23.9,456.0,11.7,65.0,4.2
2025-02-07 01:00:00,2025,2,7,1,Huế,Phường Phú Bài,16.409296,107.6779818,66,Moderate,1,17.0,98,0.0,4.2,198,1013.4,0,21.9,23.7,414.0,10.2,64.0,3.2
2025-02-07 02:00:00,2025,2,7,2,Huế,Phường Phú Bài,16.409296,107.6779818,66,Moderate,1,16.5,99,0.0,3.9,217,1013.0,0,21.9,23.7,372.0,9.2,62.0,2.7
2025-02-07 03:00:00,2025,2,7,3,Huế,Phường Phú Bài,16.409296,107.6779818,66,Moderate,1,16.0,100,0.0,3.2,214,1012.6,0,22.8,24.5,327.0,8.4,60.0,2.4
2025-02-07 04:00:00,2025,2,7,4,Huế,Phường Phú Bài,16.409296,107.6779818,67,Moderate,1,15.8,100,0.0,3.9,208,1012.5,99,23.3,25.0,305.0,8.1,57.0,2.4
2025-02-07 05:00:00,2025,2,7,5,Huế,Phường Phú Bài,16.409296,107.6779818,67,Moderate,1,15.6,100,0.0,5.6,211,1013.0,91,23.2,24.8,328.0,8.9,51.0,2.8
2025-02-07 06:00:00,2025,2,7,6,Huế,Phường Phú Bài,16.409296,107.6779818,67,Moderate,1,15.4,100,0.0,5.9,218,1014.2,93,22.5,24.2,372.0,10.2,45.0,3.5
2025-02-07 07:00:00,2025,2,7,7,Huế,Phường Phú Bài,16.409296,107.6779818,68,Moderate,1,15.9,99,0.0,7.5,217,1015.2,23,26.6,28.7,396.0,8.8,52.0,3.0
2025-02-07 08:00:00,2025,2,7,8,Huế,Phường Phú Bài,16.409296,107.6779818,68,Moderate,1,20.1,87,0.0,3.8,199,1016.3,44,27.6,29.6,376.0,7.2,68.0,3.1
2025-02-07 09:00:00,2025,2,7,9,Huế,Phường Phú Bài,16.409296,107.6779818,69,Moderate,1,23.0,75,0.0,1.3,135,1017.0,55,22.9,27.1,334.0,5.0,89.0,3.2
2025-02-07 10:00:00,2025,2,7,10,Huế,Phường Phú Bài,16.409296,107.6779818,69,Moderate,1,24.5,68,0.0,11.4,86,1017.5,52,20.2,25.1,297.0,3.2,105.0,3.1
2025-02-07 11:00:00,2025,2,7,11,Huế,Phường Phú Bài,16.409296,107.6779818,69,Moderate,1,24.4,71,0.5,14.6,81,1017.0,77,17.5,21.8,271.0,2.2,109.0,2.6
2025-02-07 12:00:00,2025,2,7,12,Huế,Phường Phú Bài,16.409296,107.6779818,70,Moderate,1,25.2,66,0.2,15.1,73,1016.3,22,15.4,19.3,250.0,1.5,108.0,1.9
2025-02-07 13:00:00,2025,2,7,13,Huế,Phường Phú Bài,16.409296,107.6779818,69,Moderate,1,24.9,68,0.1,16.8,66,1015.2,71,13.4,17.2,239.0,1.2,106.0,1.4
2025-02-07 14:00:00,2025,2,7,14,Huế,Phường Phú Bài,16.409296,107.6779818,69,Moderate,1,24.2,72,0.1,16.4,63,1014.5,98,12.0,15.7,245.0,1.1,106.0,1.3
2025-02-07 15:00:00,2025,2,7,15,Huế,Phường Phú Bài,16.409296,107.6779818,69,Moderate,1,23.7,74,0.2,16.1,57,1014.2,75,11.3,14.8,262.0,1.3,105.0,1.4
2025-02-07 16:00:00,2025,2,7,16,Huế,Phường Phú Bài,16.409296,107.6779818,68,Moderate,1,22.6,80,0.4,15.5,61,1014.5,73,11.4,14.8,279.0,2.3,103.0,1.7
2025-02-07 17:00:00,2025,2,7,17,Huế,Phường Phú Bài,16.409296,107.6779818,68,Moderate,1,22.0,83,0.7,13.5,63,1015.3,94,12.1,15.5,295.0,4.8,97.0,2.3
2025-02-07 18:00:00,2025,2,7,18,Huế,Phường Phú Bài,16.409296,107.6779818,67,Moderate,1,20.9,89,0.4,10.9,63,1016.2,100,14.1,17.2,312.0,8.1,88.0,3.2
2025-02-07 19:00:00,2025,2,7,19,Huế,Phường Phú Bài,16.409296,107.6779818,67,Moderate,1,20.4,94,0.1,8.3,68,1016.7,100,16.4,19.4,321.0,13.2,72.0,4.5
2025-02-07 20:00:00,2025,2,7,20,Huế,Phường Phú Bài,16.409296,107.6779818,66,Moderate,1,20.7,91,0.4,8.3,27,1017.2,100,16.9,19.8,315.0,11.5,75.0,4.2
2025-02-07 21:00:00,2025,2,7,21,Huế,Phường Phú Bài,16.409296,107.6779818,66,Moderate,1,20.0,96,0.4,10.0,34,1017.7,100,16.1,19.2,301.0,9.0,80.0,3.8
2025-02-07 22:00:00,2025,2,7,22,Huế,Phường Phú Bài,16.409296,107.6779818,65,Moderate,1,20.0,97,0.8,10.7,31,1017.9,100,14.9,18.0,294.0,7.0,84.0,3.4
2025-02-07 23:00:00,2025,2,7,23,Huế,Phường Phú Bài,16.409296,107.6779818,64,Moderate,1,19.9,96,0.5,10.9,33,1017.5,100,15.1,18.0,303.0,5.8,88.0,2.9
2025-02-08 00:00:00,2025,2,8,0,Huế,Phường Phú Bài,16.409296,107.6779818,64,Moderate,1,19.8,96,0.6,11.0,32,1017.2,100,16.4,19.4,318.0,4.9,92.0,2.5
2025-02-08 01:00:00,2025,2,8,1,Huế,Phường Phú Bài,16.409296,107.6779818,63,Moderate,1,19.5,96,1.8,14.8,27,1016.8,100,19.0,22.4,333.0,4.2,95.0,2.1
2025-02-08 02:00:00,2025,2,8,2,Huế,Phường Phú Bài,16.409296,107.6779818,63,Moderate,1,19.5,96,1.9,17.7,29,1016.3,100,21.1,24.7,342.0,3.5,98.0,1.9
2025-02-08 03:00:00,2025,2,8,3,Huế,Phường Phú Bài,16.409296,107.6779818,63,Moderate,1,19.4,97,1.9,16.1,51,1015.7,100,20.6,24.3,350.0,3.0,100.0,1.7
2025-02-08 04:00:00,2025,2,8,4,Huế,Phường Phú Bài,16.409296,107.6779818,63,Moderate,1,19.1,97,2.0,14.4,48,1016.0,100,20.0,23.9,360.0,2.8,100.0,1.9
2025-02-08 05:00:00,2025,2,8,5,Huế,Phường Phú Bài,16.409296,107.6779818,62,Moderate,1,19.1,96,1.6,14.5,58,1016.3,100,19.4,23.3,374.0,3.2,96.0,2.5
2025-02-08 06:00:00,2025,2,8,6,Huế,Phường Phú Bài,16.409296,107.6779818,62,Moderate,1,19.1,96,1.1,13.6,59,1017.0,100,19.0,23.1,390.0,3.9,89.0,3.4
2025-02-08 07:00:00,2025,2,8,7,Huế,Phường Phú Bài,16.409296,107.6779818,62,Moderate,1,19.1,96,0.7,14.4,60,1017.8,100,17.3,21.5,400.0,4.7,85.0,3.2
2025-02-08 08:00:00,2025,2,8,8,Huế,Phường Phú Bài,16.409296,107.6779818,61,Moderate,1,19.5,96,1.0,11.7,46,1018.8,100,18.5,22.6,400.0,5.0,82.0,3.4
2025-02-08 09:00:00,2025,2,8,9,Huế,Phường Phú Bài,16.409296,107.6779818,60,Moderate,1,19.8,95,0.5,12.5,55,1019.6,100,19.0,23.4,395.0,5.5,78.0,3.7
2025-02-08 10:00:00,2025,2,8,10,Huế,Phường Phú Bài,16.409296,107.6779818,60,Moderate,1,19.8,94,1.4,16.5,65,1020.0,100,19.4,23.7,388.0,5.6,77.0,3.8
2025-02-08 11:00:00,2025,2,8,11,Huế,Phường Phú Bài,16.409296,107.6779818,60,Moderate,1,20.0,94,3.0,19.2,65,1019.4,100,19.7,24.5,380.0,5.0,81.0,3.6
2025-02-08 12:00:00,2025,2,8,12,Huế,Phường Phú Bài,16.409296,107.6779818,60,Moderate,1,20.9,87,1.4,18.3,57,1019.0,100,19.4,23.6,370.0,4.0,89.0,3.3
2025-02-08 13:00:00,2025,2,8,13,Huế,Phường Phú Bài,16.409296,107.6779818,60,Moderate,1,19.8,94,1.5,18.6,50,1018.2,100,20.0,24.9,363.0,3.5,95.0,3.1
2025-02-08 14:00:00,2025,2,8,14,Huế,Phường Phú Bài,16.409296,107.6779818,61,Moderate,1,19.2,96,2.0,19.4,48,1017.2,100,19.9,23.9,362.0,3.8,99.0,3.2
2025-02-08 15:00:00,2025,2,8,15,Huế,Phường Phú Bài,16.409296,107.6779818,61,Moderate,1,19.1,95,1.5,20.5,45,1016.6,100,20.3,24.3,363.0,4.5,102.0,3.5
2025-02-08 16:00:00,2025,2,8,16,Huế,Phường Phú Bài,16.409296,107.6779818,62,Moderate,1,19.8,88,0.4,17.6,48,1016.6,100,20.7,24.4,365.0,5.3,104.0,3.8
2025-02-08 17:00:00,2025,2,8,17,Huế,Phường Phú Bài,16.409296,107.6779818,63,Moderate,1,19.5,86,0.2,13.9,57,1017.1,100,21.4,25.0,367.0,6.2,106.0,4.2
2025-02-08 18:00:00,2025,2,8,18,Huế,Phường Phú Bài,16.409296,107.6779818,64,Moderate,1,19.2,87,0.3,12.2,61,1017.6,100,21.4,24.6,370.0,7.1,107.0,4.6
2025-02-08 19:00:00,2025,2,8,19,Huế,Phường Phú Bài,16.409296,107.6779818,65,Moderate,1,19.1,88,0.4,12.2,66,1018.2,100,21.5,25.0,370.0,7.1,91.0,4.2
2025-02-08 20:00:00,2025,2,8,20,Huế,Phường Phú Bài,16.409296,107.6779818,65,Moderate,1,18.6,95,0.9,10.2,59,1019.4,99,20.9,24.3,367.0,6.5,91.0,4.1
2025-02-08 21:00:00,2025,2,8,21,Huế,Phường Phú Bài,16.409296,107.6779818,65,Moderate,1,18.5,92,0.7,10.6,60,1019.7,95,18.9,22.1,361.0,5.6,92.0,3.9
2025-02-08 22:00:00,2025,2,8,22,Huế,Phường Phú Bài,16.409296,107.6779818,66,Moderate,1,18.5,90,0.5,10.6,44,1020.1,100,18.3,21.4,351.0,4.8,92.0,3.6
2025-02-08 23:00:00,2025,2,8,23,Huế,Phường Phú Bài,16.409296,107.6779818,66,Moderate,1,18.0,95,0.3,8.1,51,1019.9,100,18.5,22.1,333.0,4.4,90.0,3.2
2025-02-09 00:00:00,2025,2,9,0,Huế,Phường Phú Bài,16.409296,107.6779818,66,Moderate,1,18.2,96,0.6,8.2,71,1019.4,100,19.0,22.6,311.0,4.0,88.0,2.7
2025-02-09 01:00:00,2025,2,9,1,Huế,Phường Phú Bài,16.409296,107.6779818,66,Moderate,1,18.1,95,1.2,7.5,50,1019.0,100,20.2,24.2,294.0,3.7,87.0,2.3
2025-02-09 02:00:00,2025,2,9,2,Huế,Phường Phú Bài,16.409296,107.6779818,67,Moderate,1,17.8,96,0.8,9.4,66,1018.2,100,20.8,25.1,286.0,3.2,89.0,2.0
2025-02-09 03:00:00,2025,2,9,3,Huế,Phường Phú Bài,16.409296,107.6779818,66,Moderate,1,17.9,95,0.3,9.3,80,1017.8,100,20.1,23.9,284.0,2.6,94.0,1.8
2025-02-09 04:00:00,2025,2,9,4,Huế,Phường Phú Bài,16.409296,107.6779818,66,Moderate,1,18.1,90,0.3,12.2,66,1017.3,100,18.7,22.4,288.0,2.3,97.0,1.8
2025-02-09 05:00:00,2025,2,9,5,Huế,Phường Phú Bài,16.409296,107.6779818,66,Moderate,1,18.0,90,0.2,12.4,68,1017.5,87,18.2,21.5,302.0,2.6,99.0,2.2
2025-02-09 06:00:00,2025,2,9,6,Huế,Phường Phú Bài,16.409296,107.6779818,66,Moderate,1,17.9,92,0.7,13.0,80,1018.3,100,17.6,20.9,321.0,3.2,100.0,2.8
2025-02-09 07:00:00,2025,2,9,7,Huế,Phường Phú Bài,16.409296,107.6779818,66,Moderate,1,18.2,91,0.8,15.6,75,1018.8,100,17.9,20.8,334.0,3.8,98.0,3.1
2025-02-09 08:00:00,2025,2,9,8,Huế,Phường Phú Bài,16.409296,107.6779818,66,Moderate,1,18.4,92,0.3,14.0,78,1019.9,100,18.3,21.4,334.0,3.4,101.0,3.2
2025-02-09 09:00:00,2025,2,9,9,Huế,Phường Phú Bài,16.409296,107.6779818,66,Moderate,1,19.4,87,0.2,14.1,56,1020.3,91,18.4,21.9,326.0,2.8,105.0,3.2
2025-02-09 10:00:00,2025,2,9,10,Huế,Phường Phú Bài,16.409296,107.6779818,66,Moderate,1,19.7,84,0.9,18.2,64,1020.3,100,17.2,20.8,320.0,2.3,108.0,3.3
2025-02-09 11:00:00,2025,2,9,11,Huế,Phường Phú Bài,16.409296,107.6779818,66,Moderate,1,20.4,77,0.2,17.3,63,1019.7,100,16.6,20.0,317.0,2.1,111.0,3.3
2025-02-09 12:00:00,2025,2,9,12,Huế,Phường Phú Bài,16.409296,107.6779818,66,Moderate,1,21.2,73,0.3,19.0,59,1018.9,99,17.6,21.2,315.0,2.0,113.0,3.4
2025-02-09 13:00:00,2025,2,9,13,Huế,Phường Phú Bài,16.409296,107.6779818,65,Moderate,1,21.0,72,0.0,18.5,65,1017.7,77,18.8,22.4,313.0,2.0,115.0,3.4
2025-02-09 14:00:00,2025,2,9,14,Huế,Phường Phú Bài,16.409296,107.6779818,65,Moderate,1,21.0,71,0.1,18.8,69,1016.3,95,19.7,23.6,310.0,1.9,117.0,3.4
2025-02-09 15:00:00,2025,2,9,15,Huế,Phường Phú Bài,16.409296,107.6779818,65,Moderate,1,20.6,73,0.2,18.0,74,1015.8,96,20.2,24.0,308.0,1.9,119.0,3.5
2025-02-09 16:00:00,2025,2,9,16,Huế,Phường Phú Bài,16.409296,107.6779818,65,Moderate,1,20.7,70,0.0,17.7,75,1015.7,98,20.4,24.2,308.0,2.3,118.0,3.6
2025-02-09 17:00:00,2025,2,9,17,Huế,Phường Phú Bài,16.409296,107.6779818,65,Moderate,1,20.2,71,0.0,15.1,82,1016.1,92,22.2,26.3,311.0,3.5,114.0,3.8
2025-02-09 18:00:00,2025,2,9,18,Huế,Phường Phú Bài,16.409296,107.6779818,65,Moderate,1,19.3,77,0.0,11.4,95,1016.5,99,22.0,25.6,316.0,5.1,108.0,4.0
2025-02-09 19:00:00,2025,2,9,19,Huế,Phường Phú Bài,16.409296,107.6779818,65,Moderate,1,18.8,81,0.0,10.6,111,1017.4,80,19.2,21.9,325.0,9.4,87.0,4.6
2025-02-09 20:00:00,2025,2,9,20,Huế,Phường Phú Bài,16.409296,107.6779818,65,Moderate,1,19.4,76,0.0,7.4,93,1018.1,96,20.5,23.8,340.0,10.4,83.0,5.3
2025-02-09 21:00:00,2025,2,9,21,Huế,Phường Phú Bài,16.409296,107.6779818,65,Moderate,1,18.9,80,0.0,5.6,94,1018.6,76,21.4,24.9,358.0,11.7,79.0,6.2
2025-02-09 22:00:00,2025,2,9,22,Huế,Phường Phú Bài,16.409296,107.6779818,65,Moderate,1,18.1,84,0.1,5.1,108,1018.7,95,21.9,25.5,373.0,12.3,75.0,6.6
2025-02-09 23:00:00,2025,2,9,23,Huế,Phường Phú Bài,16.409296,107.6779818,66,Moderate,1,17.9,86,0.2,3.6,150,1018.4,86,21.7,25.4,385.0,11.8,74.0,6.1
2025-02-10 00:00:00,2025,2,10,0,Huế,Phường Phú Bài,16.409296,107.6779818,66,Moderate,1,17.5,89,0.2,3.1,183,1018.1,99,21.3,25.3,394.0,10.6,75.0,5.2
2025-02-10 01:00:00,2025,2,10,1,Huế,Phường Phú Bài,16.409296,107.6779818,66,Moderate,1,17.4,92,0.1,2.0,207,1017.6,98,22.1,26.8,395.0,9.4,75.0,4.3
2025-02-10 02:00:00,2025,2,10,2,Huế,Phường Phú Bài,16.409296,107.6779818,66,Moderate,1,17.4,94,0.1,3.4,227,1017.1,100,21.2,25.8,374.0,8.0,75.0,3.6
2025-02-10 03:00:00,2025,2,10,3,Huế,Phường Phú Bài,16.409296,107.6779818,66,Moderate,1,17.0,97,0.1,7.8,224,1016.6,95,20.4,24.7,344.0,6.6,74.0,2.9
2025-02-10 04:00:00,2025,2,10,4,Huế,Phường Phú Bài,16.409296,107.6779818,66,Moderate,1,17.0,96,0.0,5.6,222,1016.3,73,19.3,23.3,343.0,6.1,73.0,2.7
2025-02-10 05:00:00,2025,2,10,5,Huế,Phường Phú Bài,16.409296,107.6779818,66,Moderate,1,16.6,97,0.0,5.2,224,1016.3,72,19.4,23.5,407.0,7.7,69.0,3.2
2025-02-10 06:00:00,2025,2,10,6,Huế,Phường Phú Bài,16.409296,107.6779818,67,Moderate,1,16.3,98,0.0,5.1,222,1017.1,91,20.3,24.7,499.0,10.2,64.0,4.2
2025-02-10 07:00:00,2025,2,10,7,Huế,Phường Phú Bài,16.409296,107.6779818,67,Moderate,1,17.0,95,0.0,5.5,221,1017.8,100,20.2,23.6,543.0,8.9,66.0,3.7
2025-02-10 08:00:00,2025,2,10,8,Huế,Phường Phú Bài,16.409296,107.6779818,67,Moderate,1,18.2,87,0.0,3.6,171,1019.1,100,19.1,23.4,490.0,7.7,74.0,3.6
2025-02-10 09:00:00,2025,2,10,9,Huế,Phường Phú Bài,16.409296,107.6779818,67,Moderate,1,19.0,85,0.1,4.5,104,1019.6,100,18.6,22.6,389.0,6.0,86.0,3.5
2025-02-10 10:00:00,2025,2,10,10,Huế,Phường Phú Bài,16.409296,107.6779818,67,Moderate,1,19.2,86,0.3,7.0,78,1019.8,100,17.9,21.8,312.0,4.6,95.0,3.3
2025-02-10 11:00:00,2025,2,10,11,Huế,Phường Phú Bài,16.409296,107.6779818,67,Moderate,1,19.3,88,0.8,10.0,77,1019.0,100,17.9,21.2,289.0,3.7,100.0,2.9
2025-02-10 12:00:00,2025,2,10,12,Huế,Phường Phú Bài,16.409296,107.6779818,67,Moderate,1,19.6,87,0.7,12.3,78,1018.2,100,17.9,21.8,290.0,3.2,104.0,2.5
2025-02-10 13:00:00,2025,2,10,13,Huế,Phường Phú Bài,16.409296,107.6779818,67,Moderate,1,20.1,87,1.0,14.0,81,1016.9,100,18.1,22.3,292.0,3.0,105.0,2.2
2025-02-10 14:00:00,2025,2,10,14,Huế,Phường Phú Bài,16.409296,107.6779818,67,Moderate,1,20.6,80,0.2,13.3,81,1016.0,100,18.2,22.4,285.0,3.2,104.0,2.0
2025-02-10 15:00:00,2025,2,10,15,Huế,Phường Phú Bài,16.409296,107.6779818,67,Moderate,1,21.2,73,0.0,12.9,74,1015.2,100,18.5,23.1,279.0,3.8,102.0,2.0
2025-02-10 16:00:00,2025,2,10,16,Huế,Phường Phú Bài,16.409296,107.6779818,67,Moderate,1,21.1,72,0.0,11.9,75,1014.8,100,19.2,23.1,278.0,4.9,98.0,2.2
2025-02-10 17:00:00,2025,2,10,17,Huế,Phường Phú Bài,16.409296,107.6779818,67,Moderate,1,20.9,73,0.0,10.3,79,1015.1,100,18.7,22.6,287.0,6.9,93.0,2.8
2025-02-10 18:00:00,2025,2,10,18,Huế,Phường Phú Bài,16.409296,107.6779818,67,Moderate,1,20.4,74,0.0,9.5,81,1015.4,100,19.8,23.6,302.0,9.4,87.0,3.5
2025-02-10 19:00:00,2025,2,10,19,Huế,Phường Phú Bài,16.409296,107.6779818,66,Moderate,1,20.1,76,0.0,8.1,87,1016.0,100,19.6,23.2,315.0,10.1,82.0,4.0
2025-02-10 20:00:00,2025,2,10,20,Huế,Phường Phú Bài,16.409296,107.6779818,66,Moderate,1,20.0,79,0.0,8.7,94,1016.6,100,20.1,23.5,323.0,10.8,77.0,4.5
2025-02-10 21:00:00,2025,2,10,21,Huế,Phường Phú Bài,16.409296,107.6779818,66,Moderate,1,19.4,83,0.0,6.5,109,1016.7,100,20.3,23.7,329.0,11.8,70.0,5.1
2025-02-10 22:00:00,2025,2,10,22,Huế,Phường Phú Bài,16.409296,107.6779818,66,Moderate,1,18.5,88,0.0,5.2,131,1016.8,100,20.8,24.0,335.0,12.5,64.0,5.4
2025-02-10 23:00:00,2025,2,10,23,Huế,Phường Phú Bài,16.409296,107.6779818,66,Moderate,1,18.0,92,0.0,4.7,152,1016.5,100,21.2,24.5,341.0,12.5,60.0,5.1
2025-02-11 00:00:00,2025,2,11,0,Huế,Phường Phú Bài,16.409296,107.6779818,66,Moderate,1,17.6,92,0.0,4.0,207,1016.2,100,20.6,23.8,346.0,12.2,57.0,4.5
2025-02-11 01:00:00,2025,2,11,1,Huế,Phường Phú Bài,16.409296,107.6779818,66,Moderate,1,16.9,96,0.0,4.3,208,1016.0,100,19.8,22.9,349.0,11.7,54.0,4.0
2025-02-11 02:00:00,2025,2,11,2,Huế,Phường Phú Bài,16.409296,107.6779818,66,Moderate,1,17.1,95,0.0,4.4,212,1015.8,100,18.8,21.8,346.0,10.5,52.0,3.5
2025-02-11 03:00:00,2025,2,11,3,Huế,Phường Phú Bài,16.409296,107.6779818,66,Moderate,1,17.7,91,0.0,4.5,233,1014.7,100,18.0,20.8,341.0,9.2,51.0,3.0
2025-02-11 04:00:00,2025,2,11,4,Huế,Phường Phú Bài,16.409296,107.6779818,65,Moderate,1,17.6,91,0.0,3.4,227,1014.2,100,16.9,19.7,349.0,9.0,49.0,3.0
2025-02-11 05:00:00,2025,2,11,5,Huế,Phường Phú Bài,16.409296,107.6779818,65,Moderate,1,17.6,92,0.0,3.6,210,1014.3,100,16.2,18.7,390.0,11.5,43.0,3.9
2025-02-11 06:00:00,2025,2,11,6,Huế,Phường Phú Bài,16.409296,107.6779818,65,Moderate,1,17.8,90,0.0,3.9,214,1015.0,100,16.8,19.1,445.0,15.1,35.0,5.3
2025-02-11 07:00:00,2025,2,11,7,Huế,Phường Phú Bài,16.409296,107.6779818,65,Moderate,1,18.1,89,0.0,3.2,214,1015.6,100,18.8,21.4,469.0,12.6,46.0,5.1
2025-02-11 08:00:00,2025,2,11,8,Huế,Phường Phú Bài,16.409296,107.6779818,65,Moderate,1,19.5,84,0.0,0.6,326,1016.8,100,16.5,19.7,434.0,10.5,59.0,4.8
2025-02-11 09:00:00,2025,2,11,9,Huế,Phường Phú Bài,16.409296,107.6779818,64,Moderate,1,21.0,79,0.0,2.5,69,1017.5,100,14.4,17.7,369.0,7.5,76.0,4.4
2025-02-11 10:00:00,2025,2,11,10,Huế,Phường Phú Bài,16.409296,107.6779818,64,Moderate,1,22.3,76,0.1,7.9,90,1017.3,100,13.3,16.6,317.0,5.2,90.0,4.0
2025-02-11 11:00:00,2025,2,11,11,Huế,Phường Phú Bài,16.409296,107.6779818,64,Moderate,1,22.9,74,0.3,8.5,78,1016.6,100,13.4,16.8,298.0,4.1,96.0,3.6
2025-02-11 12:00:00,2025,2,11,12,Huế,Phường Phú Bài,16.409296,107.6779818,63,Moderate,1,23.8,72,0.3,9.5,61,1015.3,98,13.5,17.1,293.0,3.6,97.0,3.3
2025-02-11 13:00:00,2025,2,11,13,Huế,Phường Phú Bài,16.409296,107.6779818,63,Moderate,1,23.6,74,0.1,10.2,62,1014.2,100,13.3,17.0,288.0,3.4,98.0,3.0
2025-02-11 14:00:00,2025,2,11,14,Huế,Phường Phú Bài,16.409296,107.6779818,62,Moderate,1,23.9,72,0.0,9.8,67,1013.3,100,13.3,17.0,274.0,3.0,99.0,2.8
2025-02-11 15:00:00,2025,2,11,15,Huế,Phường Phú Bài,16.409296,107.6779818,62,Moderate,1,23.6,73,0.0,11.5,68,1012.6,100,12.8,16.4,260.0,2.9,99.0,2.6
2025-02-11 16:00:00,2025,2,11,16,Huế,Phường Phú Bài,16.409296,107.6779818,61,Moderate,1,22.9,76,0.0,12.6,80,1012.7,95,12.2,15.4,256.0,3.8,96.0,2.8
2025-02-11 17:00:00,2025,2,11,17,Huế,Phường Phú Bài,16.409296,107.6779818,61,Moderate,1,22.2,79,0.0,11.8,84,1013.2,98,12.1,15.1,268.0,6.6,88.0,3.4
2025-02-11 18:00:00,2025,2,11,18,Huế,Phường Phú Bài,16.409296,107.6779818,60,Moderate,1,21.1,85,0.0,7.7,90,1013.6,100,13.7,16.4,290.0,10.3,76.0,4.3
2025-02-11 19:00:00,2025,2,11,19,Huế,Phường Phú Bài,16.409296,107.6779818,60,Moderate,1,20.9,87,0.0,7.0,111,1014.1,100,14.6,17.0,309.0,12.4,69.0,5.0
2025-02-11 20:00:00,2025,2,11,20,Huế,Phường Phú Bài,16.409296,107.6779818,59,Moderate,1,21.0,87,0.0,5.8,110,1014.9,100,15.5,17.8,318.0,12.9,64.0,5.4
2025-02-11 21:00:00,2025,2,11,21,Huế,Phường Phú Bài,16.409296,107.6779818,59,Moderate,1,20.8,89,0.0,4.8,124,1015.2,100,16.2,18.5,324.0,13.6,57.0,5.8
2025-02-11 22:00:00,2025,2,11,22,Huế,Phường Phú Bài,16.409296,107.6779818,58,Moderate,1,20.6,90,0.0,3.6,160,1015.0,100,16.8,18.9,335.0,14.1,51.0,6.1
2025-02-11 23:00:00,2025,2,11,23,Huế,Phường Phú Bài,16.409296,107.6779818,58,Moderate,1,20.2,92,0.0,3.9,193,1014.8,49,17.4,19.4,359.0,14.3,46.0,5.9
2025-02-12 00:00:00,2025,2,12,0,Huế,Phường Phú Bài,16.409296,107.6779818,58,Moderate,1,19.4,95,0.0,3.6,213,1014.4,3,17.2,19.0,389.0,14.2,42.0,5.5
2025-02-12 01:00:00,2025,2,12,1,Huế,Phường Phú Bài,16.409296,107.6779818,57,Moderate,1,18.8,97,0.0,2.7,228,1013.8,5,16.7,18.3,405.0,13.7,39.0,5.1
2025-02-12 02:00:00,2025,2,12,2,Huế,Phường Phú Bài,16.409296,107.6779818,57,Moderate,1,18.1,98,0.0,1.7,238,1013.3,64,15.8,16.9,393.0,12.3,39.0,4.6
2025-02-12 03:00:00,2025,2,12,3,Huế,Phường Phú Bài,16.409296,107.6779818,57,Moderate,1,18.4,98,0.0,1.3,236,1012.7,99,14.5,15.4,368.0,10.4,41.0,4.0
2025-02-12 04:00:00,2025,2,12,4,Huế,Phường Phú Bài,16.409296,107.6779818,57,Moderate,1,18.1,98,0.0,1.7,252,1012.5,98,13.7,14.4,360.0,9.6,42.0,3.8
2025-02-12 05:00:00,2025,2,12,5,Huế,Phường Phú Bài,16.409296,107.6779818,56,Moderate,1,17.5,99,0.0,3.1,249,1012.5,100,13.0,13.7,396.0,11.0,38.0,4.4
2025-02-12 06:00:00,2025,2,12,6,Huế,Phường Phú Bài,16.409296,107.6779818,56,Moderate,1,17.0,100,0.0,6.0,245,1012.9,100,13.7,14.3,450.0,13.5,33.0,5.4
2025-02-12 07:00:00,2025,2,12,7,Huế,Phường Phú Bài,16.409296,107.6779818,56,Moderate,1,18.0,96,0.0,5.9,239,1013.8,98,18.0,18.8,468.0,13.5,38.0,6.0
2025-02-12 08:00:00,2025,2,12,8,Huế,Phường Phú Bài,16.409296,107.6779818,56,Moderate,1,21.6,86,0.0,3.9,193,1015.1,100,12.8,13.6,415.0,11.1,51.0,5.8
2025-02-12 09:00:00,2025,2,12,9,Huế,Phường Phú Bài,16.409296,107.6779818,55,Moderate,1,23.5,81,0.0,2.9,112,1015.9,100,11.5,12.5,327.0,7.8,70.0,5.4
2025-02-12 10:00:00,2025,2,12,10,Huế,Phường Phú Bài,16.409296,107.6779818,55,Moderate,1,24.0,80,0.1,5.9,52,1015.8,100,9.8,11.3,259.0,5.2,84.0,5.0
2025-02-12 11:00:00,2025,2,12,11,Huế,Phường Phú Bài,16.409296,107.6779818,55,Moderate,1,24.0,82,0.2,9.1,51,1015.4,100,10.2,12.7,235.0,3.9,90.0,4.3
2025-02-12 12:00:00,2025,2,12,12,Huế,Phường Phú Bài,16.409296,107.6779818,54,Moderate,1,24.1,81,0.1,10.6,55,1014.6,100,10.7,13.5,231.0,3.3,92.0,3.6
2025-02-12 13:00:00,2025,2,12,13,Huế,Phường Phú Bài,16.409296,107.6779818,54,Moderate,1,24.1,83,0.3,12.2,56,1013.4,100,10.6,13.8,231.0,3.2,92.0,3.0
2025-02-12 14:00:00,2025,2,12,14,Huế,Phường Phú Bài,16.409296,107.6779818,54,Moderate,1,23.9,85,0.2,13.3,50,1012.3,100,10.8,14.1,228.0,3.6,91.0,2.8
2025-02-12 15:00:00,2025,2,12,15,Huế,Phường Phú Bài,16.409296,107.6779818,54,Moderate,1,23.8,84,0.1,12.3,39,1011.8,99,11.1,14.5,229.0,4.6,89.0,2.8
2025-02-12 16:00:00,2025,2,12,16,Huế,Phường Phú Bài,16.409296,107.6779818,54,Moderate,1,23.2,86,0.2,13.2,39,1011.9,100,11.3,14.4,240.0,5.7,86.0,2.9
2025-02-12 17:00:00,2025,2,12,17,Huế,Phường Phú Bài,16.409296,107.6779818,54,Moderate,1,22.5,90,0.2,11.7,45,1012.7,100,12.0,15.7,267.0,7.1,83.0,3.2
2025-02-12 18:00:00,2025,2,12,18,Huế,Phường Phú Bài,16.409296,107.6779818,54,Moderate,1,22.3,91,0.0,7.1,43,1013.4,100,13.7,17.2,304.0,8.7,80.0,3.7
2025-02-12 19:00:00,2025,2,12,19,Huế,Phường Phú Bài,16.409296,107.6779818,54,Moderate,1,22.0,92,0.0,4.4,58,1013.8,100,17.2,21.2,332.0,10.8,73.0,4.6
2025-02-12 20:00:00,2025,2,12,20,Huế,Phường Phú Bài,16.409296,107.6779818,54,Moderate,1,21.1,97,0.0,3.0,76,1014.2,100,17.4,21.1,340.0,11.2,69.0,4.9
2025-02-12 21:00:00,2025,2,12,21,Huế,Phường Phú Bài,16.409296,107.6779818,54,Moderate,1,21.4,97,0.0,2.2,145,1014.9,100,18.0,21.6,339.0,11.7,63.0,5.3
2025-02-12 22:00:00,2025,2,12,22,Huế,Phường Phú Bài,16.409296,107.6779818,54,Moderate,1,21.4,97,0.0,1.9,163,1015.1,100,18.7,22.2,346.0,12.1,58.0,5.5
2025-02-12 23:00:00,2025,2,12,23,Huế,Phường Phú Bài,16.409296,107.6779818,54,Moderate,1,21.3,97,0.0,0.8,207,1015.0,100,20.3,24.0,370.0,12.5,53.0,5.4
2025-02-13 00:00:00,2025,2,13,0,Huế,Phường Phú Bài,16.409296,107.6779818,54,Moderate,1,21.4,96,0.1,0.4,243,1015.1,100,20.9,24.9,402.0,12.9,49.0,5.2
2025-02-13 01:00:00,2025,2,13,1,Huế,Phường Phú Bài,16.409296,107.6779818,55,Moderate,1,21.2,98,0.3,2.4,257,1014.7,100,20.2,23.9,425.0,12.6,47.0,4.9
2025-02-13 02:00:00,2025,2,13,2,Huế,Phường Phú Bài,16.409296,107.6779818,55,Moderate,1,21.0,99,0.5,4.0,265,1013.9,100,18.6,22.2,435.0,10.9,50.0,4.6
2025-02-13 03:00:00,2025,2,13,3,Huế,Phường Phú Bài,16.409296,107.6779818,55,Moderate,1,21.0,99,0.7,4.8,281,1013.6,100,16.4,19.7,438.0,8.6,55.0,4.2
2025-02-13 04:00:00,2025,2,13,4,Huế,Phường Phú Bài,16.409296,107.6779818,56,Moderate,1,21.0,99,0.6,4.7,286,1013.6,100,14.6,17.8,433.0,7.1,59.0,4.1
2025-02-13 05:00:00,2025,2,13,5,Huế,Phường Phú Bài,16.409296,107.6779818,56,Moderate,1,21.0,99,0.6,5.0,296,1013.8,100,13.1,16.0,417.0,7.3,58.0,4.5
2025-02-13 06:00:00,2025,2,13,6,Huế,Phường Phú Bài,16.409296,107.6779818,56,Moderate,1,21.0,99,0.4,6.3,294,1014.2,100,12.9,15.8,394.0,8.3,56.0,5.1
2025-02-13 07:00:00,2025,2,13,7,Huế,Phường Phú Bài,16.409296,107.6779818,56,Moderate,1,21.1,99,0.4,6.3,285,1014.7,100,13.8,16.4,374.0,11.4,60.0,6.0
2025-02-13 08:00:00,2025,2,13,8,Huế,Phường Phú Bài,16.409296,107.6779818,55,Moderate,1,21.2,98,0.8,4.5,284,1015.9,100,12.0,14.2,362.0,10.4,65.0,5.9
2025-02-13 09:00:00,2025,2,13,9,Huế,Phường Phú Bài,16.409296,107.6779818,55,Moderate,1,21.8,96,0.7,4.9,324,1016.5,100,12.5,14.4,354.0,9.0,72.0,5.8
2025-02-13 10:00:00,2025,2,13,10,Huế,Phường Phú Bài,16.409296,107.6779818,55,Moderate,1,22.0,95,0.4,5.3,342,1016.7,100,14.3,16.1,346.0,7.5,77.0,5.5
2025-02-13 11:00:00,2025,2,13,11,Huế,Phường Phú Bài,16.409296,107.6779818,56,Moderate,1,22.5,95,0.8,2.4,42,1016.0,100,15.1,17.2,341.0,5.9,80.0,4.9
2025-02-13 12:00:00,2025,2,13,12,Huế,Phường Phú Bài,16.409296,107.6779818,56,Moderate,1,22.9,95,0.8,1.0,135,1015.3,100,8.8,10.4,336.0,4.3,81.0,4.1
2025-02-13 13:00:00,2025,2,13,13,Huế,Phường Phú Bài,16.409296,107.6779818,56,Moderate,1,23.5,93,0.4,1.3,304,1014.5,100,9.0,10.4,324.0,3.2,83.0,3.8
2025-02-13 14:00:00,2025,2,13,14,Huế,Phường Phú Bài,16.409296,107.6779818,56,Moderate,1,24.1,89,0.2,3.3,103,1013.4,100,10.0,11.4,292.0,2.8,86.0,4.3
2025-02-13 15:00:00,2025,2,13,15,Huế,Phường Phú Bài,16.409296,107.6779818,56,Moderate,1,24.5,76,0.1,11.2,94,1012.8,100,10.0,11.4,253.0,3.0,88.0,5.3
2025-02-13 16:00:00,2025,2,13,16,Huế,Phường Phú Bài,16.409296,107.6779818,56,Moderate,1,24.2,71,0.0,11.4,97,1012.7,100,11.4,12.8,230.0,4.1,88.0,6.2
2025-02-13 17:00:00,2025,2,13,17,Huế,Phường Phú Bài,16.409296,107.6779818,56,Moderate,1,23.8,73,0.0,10.1,107,1012.9,88,12.7,14.2,236.0,6.9,82.0,7.0
2025-02-13 18:00:00,2025,2,13,18,Huế,Phường Phú Bài,16.409296,107.6779818,56,Moderate,1,22.1,79,0.0,7.9,110,1013.4,24,14.4,15.9,259.0,10.6,73.0,7.7
2025-02-13 19:00:00,2025,2,13,19,Huế,Phường Phú Bài,16.409296,107.6779818,56,Moderate,1,21.4,83,0.0,9.3,100,1014.1,100,20.5,22.5,289.0,14.8,64.0,8.8
2025-02-13 20:00:00,2025,2,13,20,Huế,Phường Phú Bài,16.409296,107.6779818,56,Moderate,1,21.0,88,0.0,7.7,114,1015.1,100,23.4,25.4,330.0,15.6,60.0,9.1
2025-02-13 21:00:00,2025,2,13,21,Huế,Phường Phú Bài,16.409296,107.6779818,57,Moderate,1,21.4,87,0.0,6.4,106,1015.8,100,24.5,26.8,377.0,16.6,55.0,9.4
2025-02-13 22:00:00,2025,2,13,22,Huế,Phường Phú Bài,16.409296,107.6779818,57,Moderate,1,21.4,89,0.1,6.0,111,1016.0,100,24.9,27.9,409.0,16.9,51.0,9.3
2025-02-13 23:00:00,2025,2,13,23,Huế,Phường Phú Bài,16.409296,107.6779818,58,Moderate,1,21.2,92,0.2,4.3,105,1015.9,99,25.7,28.8,410.0,16.1,51.0,8.4
2025-02-14 00:00:00,2025,2,14,0,Huế,Phường Phú Bài,16.409296,107.6779818,58,Moderate,1,21.0,98,0.4,5.1,54,1015.5,100,25.1,28.4,396.0,14.6,53.0,7.1
2025-02-14 01:00:00,2025,2,14,1,Huế,Phường Phú Bài,16.409296,107.6779818,59,Moderate,1,21.0,98,0.1,4.7,50,1015.1,100,23.9,27.5,385.0,13.1,55.0,5.9
2025-02-14 02:00:00,2025,2,14,2,Huế,Phường Phú Bài,16.409296,107.6779818,59,Moderate,1,21.0,96,0.0,3.8,101,1014.2,100,22.7,26.4,381.0,11.3,56.0,4.9
2025-02-14 03:00:00,2025,2,14,3,Huế,Phường Phú Bài,16.409296,107.6779818,59,Moderate,1,21.0,97,0.1,3.5,152,1013.5,100,21.7,25.3,380.0,9.4,56.0,4.1
2025-02-14 04:00:00,2025,2,14,4,Huế,Phường Phú Bài,16.409296,107.6779818,60,Moderate,1,20.9,98,0.1,5.2,155,1012.9,100,20.7,24.2,393.0,8.6,55.0,3.8
2025-02-14 05:00:00,2025,2,14,5,Huế,Phường Phú Bài,16.409296,107.6779818,60,Moderate,1,20.8,98,0.0,2.3,176,1012.9,100,20.1,23.6,439.0,10.3,50.0,4.3
2025-02-14 06:00:00,2025,2,14,6,Huế,Phường Phú Bài,16.409296,107.6779818,61,Moderate,1,20.9,98,0.0,1.3,188,1013.7,97,20.3,23.7,499.0,13.1,44.0,5.3
2025-02-14 07:00:00,2025,2,14,7,Huế,Phường Phú Bài,16.409296,107.6779818,61,Moderate,1,21.2,96,0.0,6.0,107,1014.1,75,18.7,21.7,523.0,10.9,51.0,5.2
2025-02-14 08:00:00,2025,2,14,8,Huế,Phường Phú Bài,16.409296,107.6779818,62,Moderate,1,21.7,92,0.1,11.5,93,1015.1,100,14.2,17.1,476.0,9.2,61.0,5.1
2025-02-14 09:00:00,2025,2,14,9,Huế,Phường Phú Bài,16.409296,107.6779818,62,Moderate,1,22.4,88,0.3,11.4,95,1015.6,99,14.0,17.2,393.0,6.8,74.0,4.8
2025-02-14 10:00:00,2025,2,14,10,Huế,Phường Phú Bài,16.409296,107.6779818,62,Moderate,1,23.2,85,0.7,12.4,87,1015.6,95,12.7,16.1,332.0,4.8,84.0,4.5
2025-02-14 11:00:00,2025,2,14,11,Huế,Phường Phú Bài,16.409296,107.6779818,62,Moderate,1,23.8,84,0.5,12.3,85,1015.0,95,11.6,15.0,318.0,3.7,89.0,3.9
2025-02-14 12:00:00,2025,2,14,12,Huế,Phường Phú Bài,16.409296,107.6779818,62,Moderate,1,25.1,76,0.2,11.3,76,1014.0,75,10.9,14.2,325.0,3.1,90.0,3.2
2025-02-14 13:00:00,2025,2,14,13,Huế,Phường Phú Bài,16.409296,107.6779818,62,Moderate,1,25.4,75,0.2,12.5,67,1013.1,100,10.3,13.6,337.0,2.8,91.0,2.7
2025-02-14 14:00:00,2025,2,14,14,Huế,Phường Phú Bài,16.409296,107.6779818,62,Moderate,1,24.9,78,0.3,14.5,65,1011.8,100,10.0,13.2,349.0,2.6,92.0,2.4
2025-02-14 15:00:00,2025,2,14,15,Huế,Phường Phú Bài,16.409296,107.6779818,62,Moderate,1,24.2,80,0.2,14.5,69,1011.3,100,9.5,12.6,365.0,2.6,92.0,2.2
2025-02-14 16:00:00,2025,2,14,16,Huế,Phường Phú Bài,16.409296,107.6779818,62,Moderate,1,23.5,83,0.2,14.3,73,1011.2,100,9.4,12.4,382.0,3.6,90.0,2.3
2025-02-14 17:00:00,2025,2,14,17,Huế,Phường Phú Bài,16.409296,107.6779818,62,Moderate,1,22.9,85,0.1,13.3,77,1011.4,96,9.2,12.1,401.0,6.3,83.0,2.9
2025-02-14 18:00:00,2025,2,14,18,Huế,Phường Phú Bài,16.409296,107.6779818,62,Moderate,1,22.1,89,0.0,9.9,86,1011.6,100,10.4,13.2,421.0,9.9,73.0,3.8
2025-02-14 19:00:00,2025,2,14,19,Huế,Phường Phú Bài,16.409296,107.6779818,61,Moderate,1,22.0,90,0.0,10.1,90,1011.8,100,14.2,17.6,434.0,10.8,67.0,3.9
2025-02-14 20:00:00,2025,2,14,20,Huế,Phường Phú Bài,16.409296,107.6779818,61,Moderate,1,22.1,91,0.0,10.1,94,1012.7,92,13.9,16.9,437.0,11.2,63.0,4.3
2025-02-14 21:00:00,2025,2,14,21,Huế,Phường Phú Bài,16.409296,107.6779818,60,Moderate,1,21.8,93,0.0,8.8,110,1013.1,54,13.9,16.8,433.0,11.8,56.0,4.8
2025-02-14 22:00:00,2025,2,14,22,Huế,Phường Phú Bài,16.409296,107.6779818,59,Moderate,1,21.1,96,0.0,6.8,112,1012.9,31,14.3,17.1,430.0,12.1,51.0,5.0
2025-02-14 23:00:00,2025,2,14,23,Huế,Phường Phú Bài,16.409296,107.6779818,58,Moderate,1,20.8,97,0.0,5.6,111,1012.7,5,14.3,16.9,429.0,12.2,47.0,4.8
2025-02-15 00:00:00,2025,2,15,0,Huế,Phường Phú Bài,16.409296,107.6779818,57,Moderate,1,20.0,99,0.0,2.4,144,1012.2,6,13.9,16.4,428.0,12.0,44.0,4.3
2025-02-15 01:00:00,2025,2,15,1,Huế,Phường Phú Bài,16.409296,107.6779818,56,Moderate,1,19.5,100,0.0,1.4,180,1012.0,100,13.4,15.8,432.0,11.6,42.0,3.9
2025-02-15 02:00:00,2025,2,15,2,Huế,Phường Phú Bài,16.409296,107.6779818,55,Moderate,1,19.2,100,0.0,2.2,189,1011.5,100,12.9,15.3,444.0,10.7,42.0,3.5
2025-02-15 03:00:00,2025,2,15,3,Huế,Phường Phú Bài,16.409296,107.6779818,54,Moderate,1,18.9,100,0.0,2.6,205,1011.0,100,12.8,15.2,461.0,9.5,42.0,3.2
2025-02-15 04:00:00,2025,2,15,4,Huế,Phường Phú Bài,16.409296,107.6779818,53,Moderate,1,18.6,100,0.0,4.0,231,1010.7,100,12.8,14.9,474.0,8.6,43.0,3.0
2025-02-15 05:00:00,2025,2,15,5,Huế,Phường Phú Bài,16.409296,107.6779818,53,Moderate,1,18.4,100,0.0,4.8,241,1010.9,100,13.3,14.7,489.0,8.6,41.0,3.3
2025-02-15 06:00:00,2025,2,15,6,Huế,Phường Phú Bài,16.409296,107.6779818,52,Moderate,1,18.5,100,0.0,4.8,243,1011.3,100,12.8,14.1,500.0,9.0,38.0,3.7
2025-02-15 07:00:00,2025,2,15,7,Huế,Phường Phú Bài,16.409296,107.6779818,51,Moderate,1,19.0,99,0.0,4.4,235,1012.0,98,14.8,16.2,487.0,9.9,42.0,4.1
2025-02-15 08:00:00,2025,2,15,8,Huế,Phường Phú Bài,16.409296,107.6779818,51,Moderate,1,22.1,89,0.0,4.6,159,1013.6,100,12.6,14.0,423.0,7.9,56.0,3.7
2025-02-15 09:00:00,2025,2,15,9,Huế,Phường Phú Bài,16.409296,107.6779818,51,Moderate,1,24.0,82,0.0,8.3,112,1013.8,94,11.6,13.3,334.0,5.2,75.0,3.2
2025-02-15 10:00:00,2025,2,15,10,Huế,Phường Phú Bài,16.409296,107.6779818,51,Moderate,1,26.0,73,0.0,8.5,108,1013.1,87,10.3,12.1,279.0,3.1,92.0,2.7
2025-02-15 11:00:00,2025,2,15,11,Huế,Phường Phú Bài,16.409296,107.6779818,50,Good,0,27.0,70,0.0,8.8,79,1012.2,25,9.8,11.7,295.0,2.2,102.0,2.3
2025-02-15 12:00:00,2025,2,15,12,Huế,Phường Phú Bài,16.409296,107.6779818,50,Good,0,27.5,72,0.0,11.9,70,1011.1,51,9.7,11.6,345.0,1.8,110.0,2.0
2025-02-15 13:00:00,2025,2,15,13,Huế,Phường Phú Bài,16.409296,107.6779818,50,Good,0,27.4,73,0.0,12.6,62,1010.0,24,9.8,11.6,370.0,1.7,115.0,1.9
2025-02-15 14:00:00,2025,2,15,14,Huế,Phường Phú Bài,16.409296,107.6779818,50,Good,0,26.8,74,0.0,14.3,62,1008.8,6,11.1,13.2,338.0,1.4,121.0,2.0
2025-02-15 15:00:00,2025,2,15,15,Huế,Phường Phú Bài,16.409296,107.6779818,50,Good,0,26.1,77,0.0,14.3,65,1008.1,9,11.8,14.7,281.0,1.4,125.0,2.2
2025-02-15 16:00:00,2025,2,15,16,Huế,Phường Phú Bài,16.409296,107.6779818,50,Good,0,25.2,82,0.0,14.2,66,1008.1,5,11.7,14.7,240.0,2.5,122.0,2.6
2025-02-15 17:00:00,2025,2,15,17,Huế,Phường Phú Bài,16.409296,107.6779818,51,Moderate,1,24.0,87,0.0,13.9,63,1008.5,18,11.3,14.1,230.0,5.7,106.0,3.4
2025-02-15 18:00:00,2025,2,15,18,Huế,Phường Phú Bài,16.409296,107.6779818,57,Moderate,1,22.8,93,0.0,11.0,60,1008.9,22,11.9,14.3,236.0,10.0,83.0,4.3
2025-02-15 19:00:00,2025,2,15,19,Huế,Phường Phú Bài,16.409296,107.6779818,55,Moderate,1,22.5,96,0.0,9.1,72,1009.6,29,14.3,16.9,257.0,10.5,73.0,4.5
2025-02-15 20:00:00,2025,2,15,20,Huế,Phường Phú Bài,16.409296,107.6779818,51,Moderate,1,22.6,95,0.0,11.0,87,1010.4,45,13.3,15.7,303.0,10.1,69.0,4.5
2025-02-15 21:00:00,2025,2,15,21,Huế,Phường Phú Bài,16.409296,107.6779818,51,Moderate,1,22.5,96,0.0,7.6,124,1011.0,46,12.9,15.1,363.0,9.5,62.0,4.5
2025-02-15 22:00:00,2025,2,15,22,Huế,Phường Phú Bài,16.409296,107.6779818,51,Moderate,1,22.2,97,0.0,5.4,143,1011.3,85,12.3,14.6,405.0,9.1,57.0,4.4
2025-02-15 23:00:00,2025,2,15,23,Huế,Phường Phú Bài,16.409296,107.6779818,51,Moderate,1,21.5,99,0.0,2.7,110,1011.2,96,11.7,13.9,414.0,8.9,53.0,4.0
2025-02-16 00:00:00,2025,2,16,0,Huế,Phường Phú Bài,16.409296,107.6779818,50,Good,0,21.5,99,0.0,6.5,77,1011.2,90,11.1,13.2,405.0,8.8,51.0,3.4
2025-02-16 01:00:00,2025,2,16,1,Huế,Phường Phú Bài,16.409296,107.6779818,50,Good,0,21.1,99,0.0,7.0,86,1011.1,92,10.9,12.8,387.0,8.7,48.0,2.9
2025-02-16 02:00:00,2025,2,16,2,Huế,Phường Phú Bài,16.409296,107.6779818,50,Good,0,20.9,100,0.0,7.5,80,1010.7,97,11.0,12.8,354.0,8.6,45.0,2.6
2025-02-16 03:00:00,2025,2,16,3,Huế,Phường Phú Bài,16.409296,107.6779818,50,Good,0,21.0,100,0.0,8.8,78,1010.5,96,11.6,13.3,311.0,8.6,42.0,2.3
2025-02-16 04:00:00,2025,2,16,4,Huế,Phường Phú Bài,16.409296,107.6779818,49,Good,0,21.0,100,0.0,8.5,84,1010.5,97,12.1,14.0,284.0,8.8,40.0,2.3
2025-02-16 05:00:00,2025,2,16,5,Huế,Phường Phú Bài,16.409296,107.6779818,49,Good,0,21.0,100,0.0,7.5,98,1011.1,98,12.0,14.0,291.0,9.6,39.0,2.6
2025-02-16 06:00:00,2025,2,16,6,Huế,Phường Phú Bài,16.409296,107.6779818,49,Good,0,20.9,100,0.0,6.1,109,1012.1,99,11.6,13.9,314.0,10.5,39.0,3.1
2025-02-16 07:00:00,2025,2,16,7,Huế,Phường Phú Bài,16.409296,107.6779818,49,Good,0,21.5,99,0.0,9.4,108,1013.2,97,11.0,12.8,321.0,7.2,52.0,2.0
2025-02-16 08:00:00,2025,2,16,8,Huế,Phường Phú Bài,16.409296,107.6779818,48,Good,0,23.3,88,0.0,13.1,111,1014.5,39,9.1,11.7,293.0,6.0,59.0,2.0
2025-02-16 09:00:00,2025,2,16,9,Huế,Phường Phú Bài,16.409296,107.6779818,48,Good,0,25.4,77,0.1,10.9,114,1015.2,92,8.6,11.1,250.0,4.3,68.0,1.9
2025-02-16 10:00:00,2025,2,16,10,Huế,Phường Phú Bài,16.409296,107.6779818,47,Good,0,26.8,69,0.1,11.5,101,1014.7,70,8.3,10.9,217.0,2.9,77.0,1.9
2025-02-16 11:00:00,2025,2,16,11,Huế,Phường Phú Bài,16.409296,107.6779818,47,Good,0,27.3,72,0.0,15.0,77,1014.1,24,8.2,10.9,206.0,2.1,86.0,1.9
2025-02-16 12:00:00,2025,2,16,12,Huế,Phường Phú Bài,16.409296,107.6779818,46,Good,0,26.9,73,0.0,18.1,73,1013.2,21,8.4,11.1,206.0,1.6,94.0,1.8
2025-02-16 13:00:00,2025,2,16,13,Huế,Phường Phú Bài,16.409296,107.6779818,46,Good,0,26.9,74,0.0,20.2,73,1012.2,3,8.7,11.5,206.0,1.3,99.0,1.8
2025-02-16 14:00:00,2025,2,16,14,Huế,Phường Phú Bài,16.409296,107.6779818,46,Good,0,26.4,76,0.0,21.0,72,1011.4,11,8.6,11.4,200.0,1.1,100.0,1.7
2025-02-16 15:00:00,2025,2,16,15,Huế,Phường Phú Bài,16.409296,107.6779818,46,Good,0,25.5,78,0.0,20.9,73,1010.8,10,8.8,11.7,195.0,1.3,98.0,1.7
2025-02-16 16:00:00,2025,2,16,16,Huế,Phường Phú Bài,16.409296,107.6779818,45,Good,0,24.6,82,0.0,20.8,75,1010.7,27,9.0,11.9,194.0,2.0,93.0,1.8
2025-02-16 17:00:00,2025,2,16,17,Huế,Phường Phú Bài,16.409296,107.6779818,45,Good,0,23.5,87,0.0,20.4,76,1011.5,5,10.0,13.2,202.0,4.0,85.0,2.3
2025-02-16 18:00:00,2025,2,16,18,Huế,Phường Phú Bài,16.409296,107.6779818,44,Good,0,22.6,92,0.0,18.6,78,1012.1,37,10.5,13.5,215.0,6.6,74.0,3.0
2025-02-16 19:00:00,2025,2,16,19,Huế,Phường Phú Bài,16.409296,107.6779818,44,Good,0,22.2,94,0.0,17.7,85,1013.0,24,13.5,16.6,228.0,8.8,68.0,3.7
2025-02-16 20:00:00,2025,2,16,20,Huế,Phường Phú Bài,16.409296,107.6779818,44,Good,0,22.1,95,0.0,18.0,87,1014.1,17,13.8,16.7,242.0,8.7,66.0,3.7
2025-02-16 21:00:00,2025,2,16,21,Huế,Phường Phú Bài,16.409296,107.6779818,44,Good,0,22.0,95,0.0,16.2,91,1015.0,5,13.6,16.4,256.0,8.5,62.0,3.8
2025-02-16 22:00:00,2025,2,16,22,Huế,Phường Phú Bài,16.409296,107.6779818,44,Good,0,21.6,96,0.0,14.6,89,1015.4,22,13.3,15.9,268.0,8.3,59.0,3.7
2025-02-16 23:00:00,2025,2,16,23,Huế,Phường Phú Bài,16.409296,107.6779818,44,Good,0,21.3,96,0.0,11.5,90,1015.4,4,12.9,15.6,278.0,8.2,56.0,3.4
2025-02-17 00:00:00,2025,2,17,0,Huế,Phường Phú Bài,16.409296,107.6779818,45,Good,0,21.0,97,0.0,9.9,89,1015.1,2,12.7,15.4,285.0,8.0,53.0,3.0
2025-02-17 01:00:00,2025,2,17,1,Huế,Phường Phú Bài,16.409296,107.6779818,45,Good,0,20.8,97,0.0,9.2,90,1015.0,3,12.9,15.5,290.0,8.0,51.0,2.7
2025-02-17 02:00:00,2025,2,17,2,Huế,Phường Phú Bài,16.409296,107.6779818,45,Good,0,20.5,98,0.0,8.7,86,1014.5,6,13.7,16.5,290.0,8.1,48.0,2.6
2025-02-17 03:00:00,2025,2,17,3,Huế,Phường Phú Bài,16.409296,107.6779818,46,Good,0,20.3,98,0.0,5.8,94,1014.4,10,14.3,17.3,287.0,8.2,46.0,2.6
2025-02-17 04:00:00,2025,2,17,4,Huế,Phường Phú Bài,16.409296,107.6779818,46,Good,0,19.9,98,0.0,5.3,108,1014.5,18,14.5,17.5,285.0,8.3,45.0,2.7
2025-02-17 05:00:00,2025,2,17,5,Huế,Phường Phú Bài,16.409296,107.6779818,47,Good,0,19.7,99,0.0,5.2,119,1014.9,25,13.7,16.6,289.0,8.5,46.0,3.1
2025-02-17 06:00:00,2025,2,17,6,Huế,Phường Phú Bài,16.409296,107.6779818,47,Good,0,20.0,99,0.0,5.5,128,1015.3,30,14.1,16.9,293.0,8.6,49.0,3.6
2025-02-17 07:00:00,2025,2,17,7,Huế,Phường Phú Bài,16.409296,107.6779818,47,Good,0,20.7,97,0.0,8.4,121,1015.8,46,13.7,17.2,286.0,6.6,55.0,2.4
2025-02-17 08:00:00,2025,2,17,8,Huế,Phường Phú Bài,16.409296,107.6779818,48,Good,0,22.6,86,0.0,12.2,110,1016.9,33,12.0,15.7,258.0,5.4,61.0,2.3
2025-02-17 09:00:00,2025,2,17,9,Huế,Phường Phú Bài,16.409296,107.6779818,48,Good,0,24.1,75,0.1,14.1,100,1017.6,58,11.3,14.7,218.0,3.8,69.0,2.1
2025-02-17 10:00:00,2025,2,17,10,Huế,Phường Phú Bài,16.409296,107.6779818,49,Good,0,24.4,75,0.1,16.2,86,1017.5,84,9.7,12.8,189.0,2.5,76.0,1.9
2025-02-17 11:00:00,2025,2,17,11,Huế,Phường Phú Bài,16.409296,107.6779818,49,Good,0,25.0,71,0.0,17.7,78,1017.0,89,9.2,12.3,179.0,1.8,80.0,1.7
2025-02-17 12:00:00,2025,2,17,12,Huế,Phường Phú Bài,16.409296,107.6779818,49,Good,0,25.3,69,0.0,17.4,85,1015.9,15,8.9,12.0,180.0,1.3,83.0,1.5
2025-02-17 13:00:00,2025,2,17,13,Huế,Phường Phú Bài,16.409296,107.6779818,49,Good,0,25.8,67,0.0,18.0,82,1015.0,42,8.9,12.1,182.0,1.1,84.0,1.4
2025-02-17 14:00:00,2025,2,17,14,Huế,Phường Phú Bài,16.409296,107.6779818,49,Good,0,25.0,72,0.0,18.3,80,1014.1,26,8.8,12.0,184.0,0.9,84.0,1.4
2025-02-17 15:00:00,2025,2,17,15,Huế,Phường Phú Bài,16.409296,107.6779818,49,Good,0,24.5,73,0.0,19.2,80,1013.2,3,8.8,12.0,187.0,1.0,83.0,1.4
2025-02-17 16:00:00,2025,2,17,16,Huế,Phường Phú Bài,16.409296,107.6779818,49,Good,0,24.0,75,0.0,19.2,78,1013.0,1,9.2,12.3,192.0,1.7,81.0,1.7
2025-02-17 17:00:00,2025,2,17,17,Huế,Phường Phú Bài,16.409296,107.6779818,49,Good,0,23.0,80,0.0,18.3,76,1013.5,1,9.5,12.7,197.0,3.6,76.0,2.3
2025-02-17 18:00:00,2025,2,17,18,Huế,Phường Phú Bài,16.409296,107.6779818,49,Good,0,21.9,84,0.0,17.3,78,1013.9,4,10.4,13.2,202.0,6.1,69.0,3.1
2025-02-17 19:00:00,2025,2,17,19,Huế,Phường Phú Bài,16.409296,107.6779818,49,Good,0,21.8,86,0.0,16.5,82,1014.7,8,14.4,17.1,211.0,9.1,63.0,4.0
2025-02-17 20:00:00,2025,2,17,20,Huế,Phường Phú Bài,16.409296,107.6779818,49,Good,0,21.8,88,0.0,16.6,89,1015.6,6,15.4,18.0,223.0,9.6,60.0,4.2
2025-02-17 21:00:00,2025,2,17,21,Huế,Phường Phú Bài,16.409296,107.6779818,50,Good,0,21.6,88,0.0,13.5,94,1016.4,52,15.9,18.4,237.0,10.2,56.0,4.5
2025-02-17 22:00:00,2025,2,17,22,Huế,Phường Phú Bài,16.409296,107.6779818,50,Good,0,21.7,88,0.0,12.1,93,1016.8,94,16.4,18.7,256.0,10.4,54.0,4.6
2025-02-17 23:00:00,2025,2,17,23,Huế,Phường Phú Bài,16.409296,107.6779818,50,Good,0,21.6,89,0.0,10.3,95,1017.1,71,16.1,18.5,283.0,9.8,56.0,4.3
2025-02-18 00:00:00,2025,2,18,0,Huế,Phường Phú Bài,16.409296,107.6779818,51,Moderate,1,21.4,91,0.0,8.4,105,1016.8,34,15.7,18.2,314.0,8.9,60.0,3.8
2025-02-18 01:00:00,2025,2,18,1,Huế,Phường Phú Bài,16.409296,107.6779818,51,Moderate,1,20.9,93,0.0,6.7,110,1016.2,33,15.8,18.5,336.0,8.2,62.0,3.4
2025-02-18 02:00:00,2025,2,18,2,Huế,Phường Phú Bài,16.409296,107.6779818,51,Moderate,1,20.2,95,0.0,5.4,127,1016.0,70,16.2,19.0,341.0,8.0,62.0,3.1
2025-02-18 03:00:00,2025,2,18,3,Huế,Phường Phú Bài,16.409296,107.6779818,51,Moderate,1,20.0,95,0.0,4.5,133,1015.5,100,17.1,20.0,337.0,8.0,60.0,3.0
2025-02-18 04:00:00,2025,2,18,4,Huế,Phường Phú Bài,16.409296,107.6779818,52,Moderate,1,19.6,95,0.0,3.6,135,1015.4,100,17.8,20.8,340.0,8.6,58.0,3.2
2025-02-18 05:00:00,2025,2,18,5,Huế,Phường Phú Bài,16.409296,107.6779818,52,Moderate,1,19.8,95,0.1,3.8,139,1015.7,85,19.3,22.3,364.0,10.6,55.0,4.3
2025-02-18 06:00:00,2025,2,18,6,Huế,Phường Phú Bài,16.409296,107.6779818,52,Moderate,1,19.9,95,0.0,3.1,177,1016.5,59,21.3,24.4,395.0,13.1,52.0,5.8
2025-02-18 07:00:00,2025,2,18,7,Huế,Phường Phú Bài,16.409296,107.6779818,53,Moderate,1,20.5,93,0.0,4.1,214,1016.9,72,22.9,26.4,403.0,12.8,58.0,4.9
2025-02-18 08:00:00,2025,2,18,8,Huế,Phường Phú Bài,16.409296,107.6779818,54,Moderate,1,22.5,86,0.0,4.0,122,1017.7,41,15.8,18.6,363.0,9.8,70.0,4.0
2025-02-18 09:00:00,2025,2,18,9,Huế,Phường Phú Bài,16.409296,107.6779818,54,Moderate,1,23.9,77,0.2,9.3,103,1018.2,61,14.4,17.3,300.0,5.7,85.0,2.9
2025-02-18 10:00:00,2025,2,18,10,Huế,Phường Phú Bài,16.409296,107.6779818,54,Moderate,1,24.5,73,0.4,12.2,82,1018.1,66,14.5,17.9,255.0,2.7,98.0,2.0
2025-02-18 11:00:00,2025,2,18,11,Huế,Phường Phú Bài,16.409296,107.6779818,55,Moderate,1,24.9,74,0.4,14.5,68,1017.4,53,15.7,19.5,248.0,1.8,104.0,1.8
2025-02-18 12:00:00,2025,2,18,12,Huế,Phường Phú Bài,16.409296,107.6779818,55,Moderate,1,24.9,74,0.2,16.4,69,1016.7,69,14.8,18.3,259.0,1.9,106.0,1.8
2025-02-18 13:00:00,2025,2,18,13,Huế,Phường Phú Bài,16.409296,107.6779818,56,Moderate,1,25.0,74,0.0,16.1,70,1015.9,100,15.9,19.6,277.0,2.1,107.0,1.9
2025-02-18 14:00:00,2025,2,18,14,Huế,Phường Phú Bài,16.409296,107.6779818,57,Moderate,1,24.6,75,0.1,16.8,71,1015.0,87,14.2,17.2,303.0,1.8,109.0,1.8
2025-02-18 15:00:00,2025,2,18,15,Huế,Phường Phú Bài,16.409296,107.6779818,57,Moderate,1,24.0,78,0.2,18.1,73,1014.4,98,13.7,16.5,336.0,1.6,110.0,1.6
2025-02-18 16:00:00,2025,2,18,16,Huế,Phường Phú Bài,16.409296,107.6779818,57,Moderate,1,23.6,80,0.1,19.2,75,1014.3,100,12.7,15.4,359.0,2.2,108.0,1.7
2025-02-18 17:00:00,2025,2,18,17,Huế,Phường Phú Bài,16.409296,107.6779818,58,Moderate,1,22.8,83,0.0,17.8,79,1014.7,100,13.0,15.8,366.0,4.3,101.0,2.3
2025-02-18 18:00:00,2025,2,18,18,Huế,Phường Phú Bài,16.409296,107.6779818,58,Moderate,1,22.0,88,0.0,15.0,86,1015.0,68,14.6,17.4,363.0,7.2,92.0,3.2
2025-02-18 19:00:00,2025,2,18,19,Huế,Phường Phú Bài,16.409296,107.6779818,58,Moderate,1,21.9,90,0.0,13.6,98,1015.2,46,16.1,19.0,358.0,7.6,87.0,3.3
2025-02-18 20:00:00,2025,2,18,20,Huế,Phường Phú Bài,16.409296,107.6779818,59,Moderate,1,21.3,94,0.0,12.2,98,1016.0,46,15.9,18.9,351.0,7.6,85.0,3.5
2025-02-18 21:00:00,2025,2,18,21,Huế,Phường Phú Bài,16.409296,107.6779818,59,Moderate,1,21.1,95,0.0,9.0,102,1017.1,100,16.1,19.1,342.0,7.5,81.0,3.7
2025-02-18 22:00:00,2025,2,18,22,Huế,Phường Phú Bài,16.409296,107.6779818,59,Moderate,1,21.2,94,0.0,10.9,102,1016.9,76,16.5,19.4,333.0,7.4,78.0,3.8
2025-02-18 23:00:00,2025,2,18,23,Huế,Phường Phú Bài,16.409296,107.6779818,59,Moderate,1,21.2,93,0.0,9.6,104,1016.9,34,16.6,19.6,326.0,7.2,76.0,3.6
2025-02-19 00:00:00,2025,2,19,0,Huế,Phường Phú Bài,16.409296,107.6779818,59,Moderate,1,21.3,92,0.0,7.4,93,1016.7,55,16.2,19.2,320.0,6.9,74.0,3.1
2025-02-19 01:00:00,2025,2,19,1,Huế,Phường Phú Bài,16.409296,107.6779818,59,Moderate,1,21.2,93,0.0,7.8,85,1016.1,27,16.0,19.3,313.0,6.6,73.0,2.8
2025-02-19 02:00:00,2025,2,19,2,Huế,Phường Phú Bài,16.409296,107.6779818,59,Moderate,1,20.7,95,0.0,7.6,86,1015.5,15,15.9,19.3,302.0,6.2,72.0,2.6
2025-02-19 03:00:00,2025,2,19,3,Huế,Phường Phú Bài,16.409296,107.6779818,59,Moderate,1,20.4,96,0.0,7.3,100,1015.1,12,16.3,19.7,290.0,5.7,71.0,2.4
2025-02-19 04:00:00,2025,2,19,4,Huế,Phường Phú Bài,16.409296,107.6779818,59,Moderate,1,20.1,97,0.0,7.5,110,1014.9,52,16.7,20.3,289.0,5.6,71.0,2.4
2025-02-19 05:00:00,2025,2,19,5,Huế,Phường Phú Bài,16.409296,107.6779818,59,Moderate,1,20.1,97,0.0,7.4,122,1015.2,30,17.6,21.2,312.0,6.3,71.0,2.8
2025-02-19 06:00:00,2025,2,19,6,Huế,Phường Phú Bài,16.409296,107.6779818,58,Moderate,1,20.0,97,0.0,6.9,123,1015.8,42,18.3,21.9,346.0,7.3,71.0,3.3
2025-02-19 07:00:00,2025,2,19,7,Huế,Phường Phú Bài,16.409296,107.6779818,58,Moderate,1,20.7,94,0.0,5.9,137,1016.5,77,16.2,19.5,366.0,6.1,77.0,3.1
2025-02-19 08:00:00,2025,2,19,8,Huế,Phường Phú Bài,16.409296,107.6779818,58,Moderate,1,22.4,84,0.0,9.7,101,1017.4,26,17.1,20.6,358.0,5.1,85.0,3.0
2025-02-19 09:00:00,2025,2,19,9,Huế,Phường Phú Bài,16.409296,107.6779818,58,Moderate,1,23.5,78,0.5,14.1,88,1018.1,57,17.3,21.2,336.0,3.7,95.0,2.8
2025-02-19 10:00:00,2025,2,19,10,Huế,Phường Phú Bài,16.409296,107.6779818,58,Moderate,1,23.5,80,0.7,16.9,82,1017.9,60,17.6,21.7,317.0,2.6,103.0,2.6
2025-02-19 11:00:00,2025,2,19,11,Huế,Phường Phú Bài,16.409296,107.6779818,58,Moderate,1,24.1,76,0.3,19.1,81,1016.7,75,16.9,21.0,308.0,2.1,106.0,2.3
2025-02-19 12:00:00,2025,2,19,12,Huế,Phường Phú Bài,16.409296,107.6779818,58,Moderate,1,24.6,74,0.1,18.7,78,1016.0,100,16.5,20.4,301.0,1.9,105.0,2.0
2025-02-19 13:00:00,2025,2,19,13,Huế,Phường Phú Bài,16.409296,107.6779818,59,Moderate,1,24.5,74,0.2,19.9,77,1015.3,100,17.3,21.4,297.0,1.8,104.0,1.7
2025-02-19 14:00:00,2025,2,19,14,Huế,Phường Phú Bài,16.409296,107.6779818,59,Moderate,1,24.0,76,0.2,20.3,79,1014.3,100,16.8,20.8,295.0,1.7,102.0,1.5
2025-02-19 15:00:00,2025,2,19,15,Huế,Phường Phú Bài,16.409296,107.6779818,59,Moderate,1,23.9,76,0.1,22.0,81,1013.7,100,16.5,20.6,295.0,1.7,99.0,1.3
2025-02-19 16:00:00,2025,2,19,16,Huế,Phường Phú Bài,16.409296,107.6779818,59,Moderate,1,23.5,76,0.0,22.1,84,1013.3,96,16.4,20.4,294.0,2.1,96.0,1.3
2025-02-19 17:00:00,2025,2,19,17,Huế,Phường Phú Bài,16.409296,107.6779818,59,Moderate,1,22.8,78,0.1,21.8,88,1013.6,100,16.9,20.9,291.0,3.4,92.0,1.6
2025-02-19 18:00:00,2025,2,19,18,Huế,Phường Phú Bài,16.409296,107.6779818,60,Moderate,1,22.5,79,0.0,18.9,92,1014.2,100,17.3,21.1,287.0,5.0,87.0,2.2
2025-02-19 19:00:00,2025,2,19,19,Huế,Phường Phú Bài,16.409296,107.6779818,60,Moderate,1,22.4,81,0.0,18.3,101,1014.9,82,15.0,18.1,284.0,6.0,83.0,2.7
2025-02-19 20:00:00,2025,2,19,20,Huế,Phường Phú Bài,16.409296,107.6779818,60,Moderate,1,21.9,87,0.0,14.5,101,1015.6,15,15.2,18.3,280.0,6.1,82.0,2.9
2025-02-19 21:00:00,2025,2,19,21,Huế,Phường Phú Bài,16.409296,107.6779818,60,Moderate,1,21.5,89,0.0,11.6,106,1016.4,23,15.3,18.4,276.0,6.2,80.0,3.2
2025-02-19 22:00:00,2025,2,19,22,Huế,Phường Phú Bài,16.409296,107.6779818,60,Moderate,1,21.1,91,0.0,11.5,99,1016.2,44,15.9,19.1,276.0,6.3,78.0,3.3
2025-02-19 23:00:00,2025,2,19,23,Huế,Phường Phú Bài,16.409296,107.6779818,60,Moderate,1,21.0,91,0.0,10.7,96,1016.2,74,16.2,19.3,282.0,6.4,76.0,3.2
2025-02-20 00:00:00,2025,2,20,0,Huế,Phường Phú Bài,16.409296,107.6779818,60,Moderate,1,21.4,89,0.0,10.9,97,1015.8,89,15.9,19.1,291.0,6.4,74.0,2.9
2025-02-20 01:00:00,2025,2,20,1,Huế,Phường Phú Bài,16.409296,107.6779818,60,Moderate,1,21.4,89,0.0,10.4,98,1015.5,77,15.7,18.7,297.0,6.4,72.0,2.6
2025-02-20 02:00:00,2025,2,20,2,Huế,Phường Phú Bài,16.409296,107.6779818,60,Moderate,1,21.0,91,0.0,9.8,98,1014.9,19,15.6,18.6,296.0,6.1,70.0,2.4
2025-02-20 03:00:00,2025,2,20,3,Huế,Phường Phú Bài,16.409296,107.6779818,60,Moderate,1,20.6,93,0.0,8.9,98,1014.6,42,15.5,18.5,293.0,5.7,69.0,2.2
2025-02-20 04:00:00,2025,2,20,4,Huế,Phường Phú Bài,16.409296,107.6779818,60,Moderate,1,20.5,95,0.0,10.2,113,1014.2,41,15.8,18.9,291.0,5.6,67.0,2.2
2025-02-20 05:00:00,2025,2,20,5,Huế,Phường Phú Bài,16.409296,107.6779818,59,Moderate,1,20.4,95,0.0,7.7,121,1014.8,12,15.7,18.6,297.0,6.5,64.0,2.6
2025-02-20 06:00:00,2025,2,20,6,Huế,Phường Phú Bài,16.409296,107.6779818,59,Moderate,1,20.0,95,0.0,5.0,90,1015.7,92,15.1,17.9,305.0,7.7,62.0,3.1
2025-02-20 07:00:00,2025,2,20,7,Huế,Phường Phú Bài,16.409296,107.6779818,59,Moderate,1,21.5,90,0.0,9.3,106,1016.3,30,15.5,18.8,302.0,6.7,72.0,3.2
2025-02-20 08:00:00,2025,2,20,8,Huế,Phường Phú Bài,16.409296,107.6779818,59,Moderate,1,22.8,83,0.1,15.7,99,1017.7,34,13.4,17.0,278.0,5.4,79.0,2.9
2025-02-20 09:00:00,2025,2,20,9,Huế,Phường Phú Bài,16.409296,107.6779818,59,Moderate,1,23.5,80,0.5,18.1,96,1018.1,73,12.4,15.8,242.0,3.7,89.0,2.4
2025-02-20 10:00:00,2025,2,20,10,Huế,Phường Phú Bài,16.409296,107.6779818,58,Moderate,1,24.2,74,0.2,18.4,91,1017.9,68,11.9,15.5,214.0,2.3,96.0,2.0
2025-02-20 11:00:00,2025,2,20,11,Huế,Phường Phú Bài,16.409296,107.6779818,58,Moderate,1,25.0,70,0.1,18.4,84,1017.2,75,11.4,15.3,201.0,1.7,97.0,1.7
2025-02-20 12:00:00,2025,2,20,12,Huế,Phường Phú Bài,16.409296,107.6779818,57,Moderate,1,25.0,72,0.2,19.9,78,1016.5,90,10.8,14.6,196.0,1.5,96.0,1.5
2025-02-20 13:00:00,2025,2,20,13,Huế,Phường Phú Bài,16.409296,107.6779818,57,Moderate,1,25.0,72,0.0,18.5,79,1015.4,89,10.4,14.1,193.0,1.5,94.0,1.4
2025-02-20 14:00:00,2025,2,20,14,Huế,Phường Phú Bài,16.409296,107.6779818,56,Moderate,1,24.6,74,0.2,19.4,82,1014.5,96,10.3,13.8,190.0,1.4,93.0,1.3
2025-02-20 15:00:00,2025,2,20,15,Huế,Phường Phú Bài,16.409296,107.6779818,56,Moderate,1,24.5,74,0.0,19.6,83,1014.0,71,10.7,14.5,190.0,1.5,93.0,1.3
2025-02-20 16:00:00,2025,2,20,16,Huế,Phường Phú Bài,16.409296,107.6779818,55,Moderate,1,24.0,76,0.0,19.3,85,1013.8,83,10.4,14.0,192.0,2.2,90.0,1.5
2025-02-20 17:00:00,2025,2,20,17,Huế,Phường Phú Bài,16.409296,107.6779818,54,Moderate,1,23.4,79,0.0,19.0,83,1014.1,98,10.8,14.4,198.0,4.2,84.0,2.1
2025-02-20 18:00:00,2025,2,20,18,Huế,Phường Phú Bài,16.409296,107.6779818,54,Moderate,1,22.8,83,0.0,16.5,83,1014.7,75,11.3,14.4,207.0,6.9,76.0,2.9
2025-02-20 19:00:00,2025,2,20,19,Huế,Phường Phú Bài,16.409296,107.6779818,53,Moderate,1,22.0,89,0.0,14.9,92,1015.5,25,11.1,13.9,214.0,7.7,71.0,3.2
2025-02-20 20:00:00,2025,2,20,20,Huế,Phường Phú Bài,16.409296,107.6779818,53,Moderate,1,21.8,93,0.0,12.8,93,1015.8,27,11.8,14.6,217.0,8.2,67.0,3.5
2025-02-20 21:00:00,2025,2,20,21,Huế,Phường Phú Bài,16.409296,107.6779818,53,Moderate,1,21.4,94,0.0,10.4,101,1016.7,39,12.5,15.1,217.0,8.9,62.0,3.9
2025-02-20 22:00:00,2025,2,20,22,Huế,Phường Phú Bài,16.409296,107.6779818,52,Moderate,1,21.1,95,0.1,9.3,106,1016.7,71,13.0,15.7,218.0,9.4,57.0,4.1
2025-02-20 23:00:00,2025,2,20,23,Huế,Phường Phú Bài,16.409296,107.6779818,52,Moderate,1,21.0,96,0.0,8.3,114,1016.5,69,13.0,15.5,220.0,9.6,54.0,4.0
2025-02-21 00:00:00,2025,2,21,0,Huế,Phường Phú Bài,16.409296,107.6779818,52,Moderate,1,20.6,97,0.1,5.5,122,1016.2,40,13.0,15.6,222.0,9.7,51.0,3.6
2025-02-21 01:00:00,2025,2,21,1,Huế,Phường Phú Bài,16.409296,107.6779818,52,Moderate,1,20.4,97,0.1,4.8,151,1015.7,55,13.0,15.8,224.0,9.5,49.0,3.3
2025-02-21 02:00:00,2025,2,21,2,Huế,Phường Phú Bài,16.409296,107.6779818,51,Moderate,1,20.5,96,0.1,4.0,180,1015.0,100,12.9,15.8,227.0,8.9,48.0,2.9
2025-02-21 03:00:00,2025,2,21,3,Huế,Phường Phú Bài,16.409296,107.6779818,51,Moderate,1,20.6,95,0.3,2.7,208,1014.9,100,12.9,15.9,231.0,8.1,48.0,2.6
2025-02-21 04:00:00,2025,2,21,4,Huế,Phường Phú Bài,16.409296,107.6779818,51,Moderate,1,20.8,97,0.8,3.1,118,1015.0,100,12.8,15.7,234.0,7.5,50.0,2.4
2025-02-21 05:00:00,2025,2,21,5,Huế,Phường Phú Bài,16.409296,107.6779818,51,Moderate,1,20.8,97,1.7,9.2,96,1015.3,60,12.9,16.0,238.0,7.7,53.0,2.6
2025-02-21 06:00:00,2025,2,21,6,Huế,Phường Phú Bài,16.409296,107.6779818,50,Good,0,20.8,97,0.5,11.2,91,1016.1,53,12.4,15.9,241.0,8.1,57.0,3.1
2025-02-21 07:00:00,2025,2,21,7,Huế,Phường Phú Bài,16.409296,107.6779818,50,Good,0,21.1,93,0.1,13.2,84,1016.9,80,12.3,15.4,241.0,8.0,57.0,3.3
2025-02-21 08:00:00,2025,2,21,8,Huế,Phường Phú Bài,16.409296,107.6779818,50,Good,0,22.2,90,0.2,14.4,81,1017.7,70,11.5,15.0,234.0,6.3,65.0,2.8
2025-02-21 09:00:00,2025,2,21,9,Huế,Phường Phú Bài,16.409296,107.6779818,50,Good,0,23.5,83,0.0,15.1,81,1018.6,82,8.8,12.0,223.0,4.0,77.0,2.0
2025-02-21 10:00:00,2025,2,21,10,Huế,Phường Phú Bài,16.409296,107.6779818,49,Good,0,24.0,80,0.4,16.3,76,1018.4,42,8.7,11.8,214.0,2.2,86.0,1.5
2025-02-21 11:00:00,2025,2,21,11,Huế,Phường Phú Bài,16.409296,107.6779818,48,Good,0,24.9,75,0.1,18.7,74,1017.7,56,9.7,13.2,209.0,1.6,90.0,1.5
2025-02-21 12:00:00,2025,2,21,12,Huế,Phường Phú Bài,16.409296,107.6779818,48,Good,0,25.1,73,0.2,19.0,73,1016.8,72,10.5,14.2,206.0,1.5,92.0,1.7
2025-02-21 13:00:00,2025,2,21,13,Huế,Phường Phú Bài,16.409296,107.6779818,48,Good,0,25.0,73,0.2,20.3,75,1015.8,79,10.6,14.3,204.0,1.6,92.0,1.8
2025-02-21 14:00:00,2025,2,21,14,Huế,Phường Phú Bài,16.409296,107.6779818,48,Good,0,24.9,76,0.2,19.9,75,1014.9,75,10.2,13.9,203.0,1.6,90.0,1.7
2025-02-21 15:00:00,2025,2,21,15,Huế,Phường Phú Bài,16.409296,107.6779818,48,Good,0,24.2,79,0.1,19.9,74,1014.6,100,9.9,13.5,203.0,1.7,87.0,1.5
2025-02-21 16:00:00,2025,2,21,16,Huế,Phường Phú Bài,16.409296,107.6779818,48,Good,0,23.5,82,0.1,18.8,78,1014.5,95,10.1,13.7,205.0,2.2,84.0,1.5
2025-02-21 17:00:00,2025,2,21,17,Huế,Phường Phú Bài,16.409296,107.6779818,48,Good,0,22.9,85,0.0,17.1,79,1014.9,96,10.5,14.1,210.0,3.5,80.0,1.7
2025-02-21 18:00:00,2025,2,21,18,Huế,Phường Phú Bài,16.409296,107.6779818,48,Good,0,22.3,88,0.0,16.9,83,1015.5,100,11.7,15.5,216.0,5.2,76.0,2.1
2025-02-21 19:00:00,2025,2,21,19,Huế,Phường Phú Bài,16.409296,107.6779818,48,Good,0,22.2,87,0.0,16.9,89,1016.0,99,10.7,14.0,222.0,6.5,70.0,2.8
2025-02-21 20:00:00,2025,2,21,20,Huế,Phường Phú Bài,16.409296,107.6779818,48,Good,0,22.1,91,0.1,15.5,90,1016.6,52,10.9,14.0,228.0,6.5,69.0,2.9
2025-02-21 21:00:00,2025,2,21,21,Huế,Phường Phú Bài,16.409296,107.6779818,48,Good,0,21.8,92,0.1,12.8,96,1018.0,85,10.5,13.6,234.0,6.4,67.0,3.1
2025-02-21 22:00:00,2025,2,21,22,Huế,Phường Phú Bài,16.409296,107.6779818,47,Good,0,21.5,93,0.1,13.8,96,1018.0,85,10.7,13.7,238.0,6.5,64.0,3.2
2025-02-21 23:00:00,2025,2,21,23,Huế,Phường Phú Bài,16.409296,107.6779818,47,Good,0,21.5,93,0.0,12.1,100,1017.7,55,11.4,14.3,238.0,6.9,60.0,3.1
2025-02-22 00:00:00,2025,2,22,0,Huế,Phường Phú Bài,16.409296,107.6779818,47,Good,0,21.5,93,0.0,12.7,101,1017.1,18,11.5,14.4,237.0,7.3,56.0,2.8
2025-02-22 01:00:00,2025,2,22,1,Huế,Phường Phú Bài,16.409296,107.6779818,46,Good,0,21.2,95,0.0,11.4,102,1016.8,23,11.6,14.6,235.0,7.5,53.0,2.6
2025-02-22 02:00:00,2025,2,22,2,Huế,Phường Phú Bài,16.409296,107.6779818,46,Good,0,21.1,95,0.0,9.7,92,1016.4,77,11.3,14.2,233.0,7.0,54.0,2.4
2025-02-22 03:00:00,2025,2,22,3,Huế,Phường Phú Bài,16.409296,107.6779818,46,Good,0,21.1,95,0.1,11.2,93,1015.9,100,11.0,13.9,231.0,6.2,56.0,2.2
2025-02-22 04:00:00,2025,2,22,4,Huế,Phường Phú Bài,16.409296,107.6779818,46,Good,0,21.2,94,0.1,11.9,89,1015.7,100,11.1,14.2,232.0,5.8,58.0,2.2
2025-02-22 05:00:00,2025,2,22,5,Huế,Phường Phú Bài,16.409296,107.6779818,45,Good,0,21.3,93,0.3,13.7,88,1016.0,89,11.1,14.4,239.0,6.4,58.0,2.6
2025-02-22 06:00:00,2025,2,22,6,Huế,Phường Phú Bài,16.409296,107.6779818,45,Good,0,21.1,97,0.6,12.8,91,1016.6,100,11.6,14.7,249.0,7.5,57.0,3.1
2025-02-22 07:00:00,2025,2,22,7,Huế,Phường Phú Bài,16.409296,107.6779818,45,Good,0,21.2,96,0.4,13.4,94,1017.1,100,11.1,13.9,254.0,7.5,59.0,3.1
2025-02-22 08:00:00,2025,2,22,8,Huế,Phường Phú Bài,16.409296,107.6779818,45,Good,0,22.9,88,0.1,17.3,95,1017.6,88,10.9,13.7,248.0,6.2,68.0,3.0
2025-02-22 09:00:00,2025,2,22,9,Huế,Phường Phú Bài,16.409296,107.6779818,44,Good,0,23.5,84,0.3,17.8,91,1018.4,55,10.3,13.6,236.0,4.4,81.0,2.9
2025-02-22 10:00:00,2025,2,22,10,Huế,Phường Phú Bài,16.409296,107.6779818,45,Good,0,24.2,82,0.3,19.1,88,1018.6,68,10.8,14.2,227.0,2.9,90.0,2.7
2025-02-22 11:00:00,2025,2,22,11,Huế,Phường Phú Bài,16.409296,107.6779818,45,Good,0,24.7,78,0.2,20.0,82,1017.9,94,10.9,14.3,223.0,2.1,94.0,2.4
2025-02-22 12:00:00,2025,2,22,12,Huế,Phường Phú Bài,16.409296,107.6779818,45,Good,0,25.0,76,0.2,21.4,83,1017.0,86,11.2,15.0,221.0,1.8,95.0,2.1
2025-02-22 13:00:00,2025,2,22,13,Huế,Phường Phú Bài,16.409296,107.6779818,45,Good,0,24.9,76,0.2,21.7,85,1016.2,73,11.2,15.1,220.0,1.7,94.0,1.8
2025-02-22 14:00:00,2025,2,22,14,Huế,Phường Phú Bài,16.409296,107.6779818,46,Good,0,25.2,75,0.1,22.5,84,1014.9,69,11.0,14.7,219.0,1.9,91.0,1.7
2025-02-22 15:00:00,2025,2,22,15,Huế,Phường Phú Bài,16.409296,107.6779818,46,Good,0,24.9,77,0.1,21.2,80,1014.4,82,10.9,14.4,219.0,2.4,87.0,1.7
2025-02-22 16:00:00,2025,2,22,16,Huế,Phường Phú Bài,16.409296,107.6779818,46,Good,0,24.5,78,0.1,20.7,80,1014.3,100,10.9,14.6,221.0,3.2,83.0,1.8
2025-02-22 17:00:00,2025,2,22,17,Huế,Phường Phú Bài,16.409296,107.6779818,46,Good,0,23.8,82,0.1,20.2,81,1014.8,100,11.5,14.6,227.0,4.6,79.0,2.2
2025-02-22 18:00:00,2025,2,22,18,Huế,Phường Phú Bài,16.409296,107.6779818,46,Good,0,22.9,87,0.0,17.8,83,1015.5,100,12.7,16.5,235.0,6.4,76.0,2.7
2025-02-22 19:00:00,2025,2,22,19,Huế,Phường Phú Bài,16.409296,107.6779818,46,Good,0,22.6,88,0.0,17.5,88,1016.1,100,13.4,17.2,240.0,7.2,75.0,3.0
2025-02-22 20:00:00,2025,2,22,20,Huế,Phường Phú Bài,16.409296,107.6779818,47,Good,0,21.9,93,0.4,13.4,86,1017.9,100,13.4,16.8,239.0,7.3,73.0,3.2
2025-02-22 21:00:00,2025,2,22,21,Huế,Phường Phú Bài,16.409296,107.6779818,47,Good,0,22.0,94,0.3,11.7,94,1018.6,77,13.1,16.5,234.0,7.3,70.0,3.4
2025-02-22 22:00:00,2025,2,22,22,Huế,Phường Phú Bài,16.409296,107.6779818,48,Good,0,22.0,94,0.0,10.7,102,1018.7,62,13.8,17.1,229.0,7.5,66.0,3.5
2025-02-22 23:00:00,2025,2,22,23,Huế,Phường Phú Bài,16.409296,107.6779818,48,Good,0,21.9,94,0.0,10.2,100,1018.5,77,15.0,18.2,223.0,7.9,62.0,3.4
2025-02-23 00:00:00,2025,2,23,0,Huế,Phường Phú Bài,16.409296,107.6779818,49,Good,0,21.4,96,0.0,10.2,100,1018.1,50,14.8,18.0,215.0,8.3,57.0,3.1
2025-02-23 01:00:00,2025,2,23,1,Huế,Phường Phú Bài,16.409296,107.6779818,49,Good,0,21.3,96,0.0,9.4,103,1017.9,100,14.1,17.2,210.0,8.5,54.0,2.9
2025-02-23 02:00:00,2025,2,23,2,Huế,Phường Phú Bài,16.409296,107.6779818,50,Good,0,21.4,97,0.1,9.2,102,1017.4,100,13.6,16.5,207.0,8.0,53.0,2.8
2025-02-23 03:00:00,2025,2,23,3,Huế,Phường Phú Bài,16.409296,107.6779818,50,Good,0,21.4,98,0.2,7.9,102,1017.2,100,13.3,16.2,205.0,7.3,54.0,2.7
2025-02-23 04:00:00,2025,2,23,4,Huế,Phường Phú Bài,16.409296,107.6779818,50,Good,0,21.7,96,0.2,9.7,94,1016.9,100,12.8,16.0,208.0,6.7,56.0,2.7
2025-02-23 05:00:00,2025,2,23,5,Huế,Phường Phú Bài,16.409296,107.6779818,50,Good,0,21.5,98,0.4,11.4,87,1017.2,100,12.5,16.0,219.0,6.6,60.0,2.9
2025-02-23 06:00:00,2025,2,23,6,Huế,Phường Phú Bài,16.409296,107.6779818,51,Moderate,1,21.5,98,0.5,14.7,82,1018.1,100,11.8,15.5,235.0,6.7,65.0,3.1
2025-02-23 07:00:00,2025,2,23,7,Huế,Phường Phú Bài,16.409296,107.6779818,51,Moderate,1,21.8,95,0.6,14.6,76,1018.8,100,10.9,14.0,245.0,7.2,64.0,3.4
2025-02-23 08:00:00,2025,2,23,8,Huế,Phường Phú Bài,16.409296,107.6779818,51,Moderate,1,22.5,92,0.1,13.8,76,1019.9,100,10.6,14.3,245.0,5.9,71.0,2.9
2025-02-23 09:00:00,2025,2,23,9,Huế,Phường Phú Bài,16.409296,107.6779818,51,Moderate,1,23.0,90,0.2,12.9,77,1020.6,100,10.0,13.6,241.0,4.1,80.0,2.2
2025-02-23 10:00:00,2025,2,23,10,Huế,Phường Phú Bài,16.409296,107.6779818,51,Moderate,1,23.5,86,0.2,16.8,75,1020.9,100,8.6,11.9,236.0,2.7,88.0,1.7
2025-02-23 11:00:00,2025,2,23,11,Huế,Phường Phú Bài,16.409296,107.6779818,50,Good,0,23.9,83,0.2,19.5,73,1020.4,100,8.6,12.0,231.0,2.1,92.0,1.5
2025-02-23 12:00:00,2025,2,23,12,Huế,Phường Phú Bài,16.409296,107.6779818,50,Good,0,23.3,90,1.8,17.6,68,1019.8,100,9.5,13.1,227.0,2.0,94.0,1.5
2025-02-23 13:00:00,2025,2,23,13,Huế,Phường Phú Bài,16.409296,107.6779818,50,Good,0,23.8,83,1.2,20.5,69,1018.7,100,9.7,13.4,226.0,2.1,95.0,1.5
2025-02-23 14:00:00,2025,2,23,14,Huế,Phường Phú Bài,16.409296,107.6779818,50,Good,0,23.1,86,0.7,21.6,66,1017.6,100,10.0,13.4,232.0,2.4,95.0,1.5
2025-02-23 15:00:00,2025,2,23,15,Huế,Phường Phú Bài,16.409296,107.6779818,50,Good,0,23.0,87,0.8,20.6,70,1017.2,100,11.3,15.4,242.0,2.8,94.0,1.5
2025-02-23 16:00:00,2025,2,23,16,Huế,Phường Phú Bài,16.409296,107.6779818,50,Good,0,22.5,90,1.3,20.4,71,1017.2,100,11.2,15.0,250.0,3.2,94.0,1.5
2025-02-23 17:00:00,2025,2,23,17,Huế,Phường Phú Bài,16.409296,107.6779818,50,Good,0,22.2,92,1.3,20.5,75,1017.6,100,12.2,15.9,252.0,3.5,98.0,1.6
2025-02-23 18:00:00,2025,2,23,18,Huế,Phường Phú Bài,16.409296,107.6779818,50,Good,0,21.9,93,0.9,20.5,77,1018.0,100,13.3,17.2,252.0,3.8,103.0,1.6
2025-02-23 19:00:00,2025,2,23,19,Huế,Phường Phú Bài,16.409296,107.6779818,50,Good,0,22.0,91,0.8,21.1,78,1018.6,100,12.4,16.2,253.0,4.1,97.0,1.7
2025-02-23 20:00:00,2025,2,23,20,Huế,Phường Phú Bài,16.409296,107.6779818,50,Good,0,21.6,96,1.8,19.5,78,1020.1,100,12.2,15.9,256.0,3.9,97.0,1.6
2025-02-23 21:00:00,2025,2,23,21,Huế,Phường Phú Bài,16.409296,107.6779818,50,Good,0,21.7,94,1.2,20.6,76,1020.5,100,12.9,16.9,261.0,3.5,96.0,1.6
2025-02-23 22:00:00,2025,2,23,22,Huế,Phường Phú Bài,16.409296,107.6779818,49,Good,0,21.2,96,1.4,20.0,76,1021.2,100,13.2,17.2,272.0,3.3,95.0,1.5
2025-02-23 23:00:00,2025,2,23,23,Huế,Phường Phú Bài,16.409296,107.6779818,49,Good,0,21.1,95,0.8,19.5,74,1021.4,100,13.4,17.8,297.0,3.2,93.0,1.4
2025-02-24 00:00:00,2025,2,24,0,Huế,Phường Phú Bài,16.409296,107.6779818,49,Good,0,20.9,97,0.9,19.7,70,1021.3,100,13.9,18.5,327.0,3.2,91.0,1.3
2025-02-24 01:00:00,2025,2,24,1,Huế,Phường Phú Bài,16.409296,107.6779818,49,Good,0,20.9,95,0.4,19.3,66,1020.7,100,14.2,18.9,343.0,3.3,88.0,1.3
2025-02-24 02:00:00,2025,2,24,2,Huế,Phường Phú Bài,16.409296,107.6779818,49,Good,0,21.0,93,0.2,21.7,69,1020.0,100,14.6,19.4,330.0,3.4,85.0,1.5
2025-02-24 03:00:00,2025,2,24,3,Huế,Phường Phú Bài,16.409296,107.6779818,49,Good,0,20.6,95,0.2,21.3,66,1019.4,100,15.4,20.3,302.0,3.6,82.0,1.8
2025-02-24 04:00:00,2025,2,24,4,Huế,Phường Phú Bài,16.409296,107.6779818,50,Good,0,20.8,93,0.3,21.2,66,1019.3,100,16.2,21.1,283.0,3.8,79.0,2.2
2025-02-24 05:00:00,2025,2,24,5,Huế,Phường Phú Bài,16.409296,107.6779818,50,Good,0,20.6,94,0.6,22.7,67,1019.8,100,15.8,20.2,285.0,4.2,75.0,2.8
2025-02-24 06:00:00,2025,2,24,6,Huế,Phường Phú Bài,16.409296,107.6779818,50,Good,0,20.5,93,0.5,21.8,69,1020.3,100,15.6,19.6,295.0,4.7,72.0,3.6
2025-02-24 07:00:00,2025,2,24,7,Huế,Phường Phú Bài,16.409296,107.6779818,51,Moderate,1,20.2,96,0.8,21.4,69,1021.3,100,15.6,19.6,303.0,4.3,75.0,2.6
2025-02-24 08:00:00,2025,2,24,8,Huế,Phường Phú Bài,16.409296,107.6779818,51,Moderate,1,20.3,96,1.7,18.9,83,1022.5,100,15.3,19.0,303.0,4.5,75.0,2.7
2025-02-24 09:00:00,2025,2,24,9,Huế,Phường Phú Bài,16.409296,107.6779818,52,Moderate,1,20.4,96,1.2,19.6,83,1023.4,100,15.8,19.4,300.0,4.8,75.0,2.8
2025-02-24 10:00:00,2025,2,24,10,Huế,Phường Phú Bài,16.409296,107.6779818,52,Moderate,1,21.0,93,0.9,20.8,78,1023.6,100,16.0,19.7,299.0,4.9,76.0,2.9
2025-02-24 11:00:00,2025,2,24,11,Huế,Phường Phú Bài,16.409296,107.6779818,53,Moderate,1,21.5,91,0.4,19.9,72,1023.0,100,16.2,20.1,304.0,4.8,79.0,2.8
2025-02-24 12:00:00,2025,2,24,12,Huế,Phường Phú Bài,16.409296,107.6779818,53,Moderate,1,20.6,95,1.9,20.9,69,1022.0,100,16.2,20.2,310.0,4.5,83.0,2.7
2025-02-24 13:00:00,2025,2,24,13,Huế,Phường Phú Bài,16.409296,107.6779818,54,Moderate,1,20.9,97,1.4,19.8,63,1021.3,100,16.1,19.7,317.0,4.4,87.0,2.6
2025-02-24 14:00:00,2025,2,24,14,Huế,Phường Phú Bài,16.409296,107.6779818,55,Moderate,1,20.7,95,1.3,22.2,59,1019.8,100,17.1,20.9,322.0,4.5,91.0,2.6
2025-02-24 15:00:00,2025,2,24,15,Huế,Phường Phú Bài,16.409296,107.6779818,55,Moderate,1,20.8,92,1.1,22.2,64,1019.3,100,18.1,22.2,327.0,4.7,96.0,2.7
2025-02-24 16:00:00,2025,2,24,16,Huế,Phường Phú Bài,16.409296,107.6779818,56,Moderate,1,20.7,91,0.3,20.6,71,1019.2,100,19.6,24.2,331.0,5.0,98.0,2.8
2025-02-24 17:00:00,2025,2,24,17,Huế,Phường Phú Bài,16.409296,107.6779818,56,Moderate,1,20.8,89,0.2,18.7,70,1019.3,100,19.6,23.7,335.0,5.5,97.0,2.8
2025-02-24 18:00:00,2025,2,24,18,Huế,Phường Phú Bài,16.409296,107.6779818,57,Moderate,1,20.5,91,0.4,16.7,71,1019.7,100,19.9,24.3,340.0,6.0,95.0,2.8
2025-02-24 19:00:00,2025,2,24,19,Huế,Phường Phú Bài,16.409296,107.6779818,58,Moderate,1,20.1,95,0.5,15.0,70,1020.3,100,17.5,21.3,342.0,7.3,78.0,3.2
2025-02-24 20:00:00,2025,2,24,20,Huế,Phường Phú Bài,16.409296,107.6779818,58,Moderate,1,20.2,95,0.8,12.9,63,1022.0,100,17.4,21.5,342.0,6.3,79.0,2.9
2025-02-24 21:00:00,2025,2,24,21,Huế,Phường Phú Bài,16.409296,107.6779818,59,Moderate,1,20.1,95,1.7,13.8,59,1022.5,100,16.8,20.8,340.0,4.9,80.0,2.5
2025-02-24 22:00:00,2025,2,24,22,Huế,Phường Phú Bài,16.409296,107.6779818,59,Moderate,1,20.1,95,1.2,12.6,64,1022.6,100,16.0,19.7,337.0,3.9,80.0,2.1
2025-02-24 23:00:00,2025,2,24,23,Huế,Phường Phú Bài,16.409296,107.6779818,59,Moderate,1,20.0,95,0.5,12.0,62,1022.3,100,15.6,19.0,335.0,3.5,79.0,1.9
2025-02-25 00:00:00,2025,2,25,0,Huế,Phường Phú Bài,16.409296,107.6779818,59,Moderate,1,19.9,95,0.3,11.6,57,1021.7,100,15.7,19.2,331.0,3.5,77.0,1.8
2025-02-25 01:00:00,2025,2,25,1,Huế,Phường Phú Bài,16.409296,107.6779818,60,Moderate,1,19.8,95,0.3,12.0,58,1020.9,100,15.1,18.5,326.0,3.5,75.0,1.7
2025-02-25 02:00:00,2025,2,25,2,Huế,Phường Phú Bài,16.409296,107.6779818,60,Moderate,1,19.9,95,0.4,10.7,61,1020.1,100,14.4,17.7,314.0,3.3,75.0,1.6
2025-02-25 03:00:00,2025,2,25,3,Huế,Phường Phú Bài,16.409296,107.6779818,60,Moderate,1,19.9,96,0.8,10.5,57,1019.7,100,13.9,17.0,300.0,3.1,75.0,1.5
2025-02-25 04:00:00,2025,2,25,4,Huế,Phường Phú Bài,16.409296,107.6779818,60,Moderate,1,20.0,96,1.6,8.2,58,1019.5,100,14.0,17.2,295.0,3.3,74.0,1.5
2025-02-25 05:00:00,2025,2,25,5,Huế,Phường Phú Bài,16.409296,107.6779818,59,Moderate,1,20.0,95,2.3,8.8,64,1019.7,100,14.6,17.9,307.0,4.5,71.0,1.8
2025-02-25 06:00:00,2025,2,25,6,Huế,Phường Phú Bài,16.409296,107.6779818,59,Moderate,1,20.1,96,2.4,9.2,69,1020.3,100,14.9,18.0,328.0,6.0,68.0,2.2
2025-02-25 07:00:00,2025,2,25,7,Huế,Phường Phú Bài,16.409296,107.6779818,59,Moderate,1,20.3,96,2.7,8.4,67,1020.8,100,13.9,17.5,342.0,5.1,76.0,2.3
2025-02-25 08:00:00,2025,2,25,8,Huế,Phường Phú Bài,16.409296,107.6779818,59,Moderate,1,20.4,96,1.3,10.8,48,1021.7,100,14.4,18.2,341.0,4.8,81.0,2.3
2025-02-25 09:00:00,2025,2,25,9,Huế,Phường Phú Bài,16.409296,107.6779818,59,Moderate,1,20.7,96,0.9,14.5,54,1022.5,100,14.1,18.9,334.0,4.3,87.0,2.4
2025-02-25 10:00:00,2025,2,25,10,Huế,Phường Phú Bài,16.409296,107.6779818,59,Moderate,1,21.5,92,0.8,15.6,57,1022.6,100,14.4,19.1,326.0,3.8,93.0,2.3
2025-02-25 11:00:00,2025,2,25,11,Huế,Phường Phú Bài,16.409296,107.6779818,59,Moderate,1,21.9,89,0.9,13.8,59,1021.7,100,14.0,18.9,319.0,3.1,97.0,2.0
2025-02-25 12:00:00,2025,2,25,12,Huế,Phường Phú Bài,16.409296,107.6779818,58,Moderate,1,21.5,96,1.4,11.6,48,1021.0,100,12.1,16.3,312.0,2.5,101.0,1.7
2025-02-25 13:00:00,2025,2,25,13,Huế,Phường Phú Bài,16.409296,107.6779818,58,Moderate,1,22.0,90,0.6,13.2,45,1020.2,100,11.6,15.5,309.0,2.3,102.0,1.5
2025-02-25 14:00:00,2025,2,25,14,Huế,Phường Phú Bài,16.409296,107.6779818,58,Moderate,1,21.1,93,1.3,14.3,45,1019.2,100,12.4,16.6,312.0,3.1,99.0,1.6
2025-02-25 15:00:00,2025,2,25,15,Huế,Phường Phú Bài,16.409296,107.6779818,57,Moderate,1,22.0,90,0.2,11.5,46,1018.8,100,12.8,17.0,319.0,4.3,95.0,1.9
2025-02-25 16:00:00,2025,2,25,16,Huế,Phường Phú Bài,16.409296,107.6779818,57,Moderate,1,21.4,95,0.5,7.5,42,1018.8,100,14.1,17.9,327.0,5.5,91.0,2.2
2025-02-25 17:00:00,2025,2,25,17,Huế,Phường Phú Bài,16.409296,107.6779818,56,Moderate,1,21.1,97,2.1,5.2,49,1019.0,100,15.2,19.4,331.0,6.4,90.0,2.3
2025-02-25 18:00:00,2025,2,25,18,Huế,Phường Phú Bài,16.409296,107.6779818,56,Moderate,1,20.6,99,2.4,2.2,66,1019.5,100,16.2,20.7,336.0,7.2,89.0,2.5
2025-02-25 19:00:00,2025,2,25,19,Huế,Phường Phú Bài,16.409296,107.6779818,56,Moderate,1,20.4,98,2.2,1.3,196,1020.2,100,15.7,19.5,358.0,9.9,78.0,3.4
2025-02-25 20:00:00,2025,2,25,20,Huế,Phường Phú Bài,16.409296,107.6779818,55,Moderate,1,19.4,98,1.2,10.4,268,1021.0,100,16.1,19.7,411.0,9.2,78.0,3.4
2025-02-25 21:00:00,2025,2,25,21,Huế,Phường Phú Bài,16.409296,107.6779818,55,Moderate,1,19.2,98,0.8,8.8,255,1021.8,100,15.6,19.3,481.0,8.3,78.0,3.3
2025-02-25 22:00:00,2025,2,25,22,Huế,Phường Phú Bài,16.409296,107.6779818,55,Moderate,1,18.9,99,1.1,10.0,247,1022.4,100,14.8,18.7,541.0,7.5,78.0,3.2
2025-02-25 23:00:00,2025,2,25,23,Huế,Phường Phú Bài,16.409296,107.6779818,55,Moderate,1,18.5,100,0.5,12.1,265,1022.2,100,14.8,18.6,582.0,7.1,76.0,2.9
2025-02-26 00:00:00,2025,2,26,0,Huế,Phường Phú Bài,16.409296,107.6779818,55,Moderate,1,18.5,98,0.1,11.7,280,1021.6,100,13.9,17.8,611.0,6.8,74.0,2.6
2025-02-26 01:00:00,2025,2,26,1,Huế,Phường Phú Bài,16.409296,107.6779818,55,Moderate,1,18.6,98,0.1,8.9,289,1020.8,100,14.0,17.9,628.0,6.5,72.0,2.4
2025-02-26 02:00:00,2025,2,26,2,Huế,Phường Phú Bài,16.409296,107.6779818,55,Moderate,1,18.8,97,0.1,7.0,282,1019.9,100,14.0,17.9,620.0,6.0,71.0,2.3
2025-02-26 03:00:00,2025,2,26,3,Huế,Phường Phú Bài,16.409296,107.6779818,55,Moderate,1,18.8,95,0.1,8.5,274,1019.2,100,14.1,18.3,598.0,5.4,72.0,2.3
2025-02-26 04:00:00,2025,2,26,4,Huế,Phường Phú Bài,16.409296,107.6779818,55,Moderate,1,18.8,95,0.0,7.6,252,1018.9,100,14.0,18.2,595.0,5.2,72.0,2.4
2025-02-26 05:00:00,2025,2,26,5,Huế,Phường Phú Bài,16.409296,107.6779818,55,Moderate,1,18.9,95,0.0,6.9,240,1018.9,100,14.0,18.1,637.0,5.9,72.0,2.8
2025-02-26 06:00:00,2025,2,26,6,Huế,Phường Phú Bài,16.409296,107.6779818,55,Moderate,1,19.1,94,0.0,5.0,226,1019.6,100,14.3,18.4,697.0,7.0,72.0,3.2
2025-02-26 07:00:00,2025,2,26,7,Huế,Phường Phú Bài,16.409296,107.6779818,55,Moderate,1,19.5,93,0.0,5.1,197,1020.4,100,15.7,19.4,725.0,8.5,65.0,3.7
2025-02-26 08:00:00,2025,2,26,8,Huế,Phường Phú Bài,16.409296,107.6779818,55,Moderate,1,20.2,93,0.0,3.4,276,1020.7,100,14.2,17.9,699.0,6.9,75.0,3.5
2025-02-26 09:00:00,2025,2,26,9,Huế,Phường Phú Bài,16.409296,107.6779818,55,Moderate,1,21.6,89,0.0,1.6,264,1020.7,95,13.1,16.9,642.0,4.7,89.0,3.1
2025-02-26 10:00:00,2025,2,26,10,Huế,Phường Phú Bài,16.409296,107.6779818,55,Moderate,1,23.9,79,0.0,2.3,61,1020.6,63,12.4,16.3,571.0,2.9,99.0,2.8
2025-02-26 11:00:00,2025,2,26,11,Huế,Phường Phú Bài,16.409296,107.6779818,55,Moderate,1,25.8,71,0.1,10.6,75,1019.6,99,11.7,15.4,466.0,2.1,102.0,2.4
2025-02-26 12:00:00,2025,2,26,12,Huế,Phường Phú Bài,16.409296,107.6779818,54,Moderate,1,25.2,74,0.1,13.3,58,1018.6,97,11.8,15.7,347.0,1.7,102.0,2.0
2025-02-26 13:00:00,2025,2,26,13,Huế,Phường Phú Bài,16.409296,107.6779818,54,Moderate,1,25.0,75,0.0,14.0,59,1017.6,99,11.0,14.6,288.0,1.6,101.0,1.7
2025-02-26 14:00:00,2025,2,26,14,Huế,Phường Phú Bài,16.409296,107.6779818,54,Moderate,1,24.5,76,0.0,15.1,57,1016.7,100,11.2,14.8,338.0,1.6,99.0,1.6
2025-02-26 15:00:00,2025,2,26,15,Huế,Phường Phú Bài,16.409296,107.6779818,54,Moderate,1,23.0,84,0.1,14.0,22,1016.1,100,10.7,14.2,449.0,1.9,96.0,1.6
2025-02-26 16:00:00,2025,2,26,16,Huế,Phường Phú Bài,16.409296,107.6779818,54,Moderate,1,21.9,84,0.1,17.3,344,1016.5,100,10.9,14.5,552.0,2.8,91.0,1.8
2025-02-26 17:00:00,2025,2,26,17,Huế,Phường Phú Bài,16.409296,107.6779818,54,Moderate,1,20.2,95,1.1,15.0,328,1016.9,100,11.2,14.9,629.0,4.7,84.0,2.3
2025-02-26 18:00:00,2025,2,26,18,Huế,Phường Phú Bài,16.409296,107.6779818,53,Moderate,1,19.9,98,1.1,12.8,309,1017.2,100,11.7,15.2,699.0,7.3,76.0,3.0
2025-02-26 19:00:00,2025,2,26,19,Huế,Phường Phú Bài,16.409296,107.6779818,53,Moderate,1,19.6,98,1.4,10.7,293,1017.8,100,14.6,18.0,749.0,10.7,68.0,4.1
2025-02-26 20:00:00,2025,2,26,20,Huế,Phường Phú Bài,16.409296,107.6779818,53,Moderate,1,18.9,98,0.6,7.0,226,1019.1,100,15.4,18.6,773.0,11.3,63.0,4.4
2025-02-26 21:00:00,2025,2,26,21,Huế,Phường Phú Bài,16.409296,107.6779818,53,Moderate,1,19.0,96,0.1,6.0,201,1019.7,100,16.2,19.5,778.0,12.1,57.0,4.8
2025-02-26 22:00:00,2025,2,26,22,Huế,Phường Phú Bài,16.409296,107.6779818,53,Moderate,1,19.1,97,0.1,3.8,270,1019.5,100,17.5,21.0,767.0,12.6,52.0,5.0
2025-02-26 23:00:00,2025,2,26,23,Huế,Phường Phú Bài,16.409296,107.6779818,53,Moderate,1,19.2,97,0.2,4.3,272,1019.4,100,18.3,21.9,734.0,12.5,50.0,4.7
2025-02-27 00:00:00,2025,2,27,0,Huế,Phường Phú Bài,16.409296,107.6779818,53,Moderate,1,19.1,95,0.1,6.6,291,1018.3,100,17.9,21.5,685.0,12.1,49.0,4.2
2025-02-27 01:00:00,2025,2,27,1,Huế,Phường Phú Bài,16.409296,107.6779818,54,Moderate,1,19.0,97,0.2,4.6,257,1017.1,82,17.6,21.2,645.0,11.5,48.0,3.8
2025-02-27 02:00:00,2025,2,27,2,Huế,Phường Phú Bài,16.409296,107.6779818,54,Moderate,1,18.6,99,0.6,2.3,231,1016.2,98,17.3,20.7,618.0,10.7,48.0,3.5
2025-02-27 03:00:00,2025,2,27,3,Huế,Phường Phú Bài,16.409296,107.6779818,54,Moderate,1,18.9,98,0.2,0.9,259,1015.1,56,16.4,19.6,599.0,9.8,48.0,3.4
2025-02-27 04:00:00,2025,2,27,4,Huế,Phường Phú Bài,16.409296,107.6779818,55,Moderate,1,18.5,98,0.0,2.8,325,1014.7,100,16.2,19.6,597.0,9.4,48.0,3.4
2025-02-27 05:00:00,2025,2,27,5,Huế,Phường Phú Bài,16.409296,107.6779818,55,Moderate,1,18.5,97,0.0,5.1,318,1015.1,100,15.7,18.9,627.0,10.2,48.0,3.9
2025-02-27 06:00:00,2025,2,27,6,Huế,Phường Phú Bài,16.409296,107.6779818,55,Moderate,1,18.6,97,0.0,4.8,283,1016.0,100,16.2,19.6,674.0,11.4,48.0,4.5
2025-02-27 07:00:00,2025,2,27,7,Huế,Phường Phú Bài,16.409296,107.6779818,55,Moderate,1,19.0,96,0.0,4.4,243,1016.9,100,16.2,19.3,700.0,10.8,51.0,4.0
2025-02-27 08:00:00,2025,2,27,8,Huế,Phường Phú Bài,16.409296,107.6779818,55,Moderate,1,19.9,93,0.0,3.6,267,1017.7,100,16.0,19.9,691.0,9.0,63.0,3.8
2025-02-27 09:00:00,2025,2,27,9,Huế,Phường Phú Bài,16.409296,107.6779818,55,Moderate,1,21.5,86,0.0,3.0,327,1018.3,97,15.9,20.0,661.0,6.5,79.0,3.6
2025-02-27 10:00:00,2025,2,27,10,Huế,Phường Phú Bài,16.409296,107.6779818,55,Moderate,1,22.8,80,0.0,3.6,53,1018.1,100,14.7,19.1,618.0,4.4,93.0,3.3
2025-02-27 11:00:00,2025,2,27,11,Huế,Phường Phú Bài,16.409296,107.6779818,56,Moderate,1,24.4,74,0.2,6.9,53,1017.3,100,17.1,22.4,559.0,3.3,101.0,3.0
2025-02-27 12:00:00,2025,2,27,12,Huế,Phường Phú Bài,16.409296,107.6779818,56,Moderate,1,24.6,75,0.3,11.3,48,1016.2,100,14.5,19.2,488.0,2.6,107.0,2.7
2025-02-27 13:00:00,2025,2,27,13,Huế,Phường Phú Bài,16.409296,107.6779818,56,Moderate,1,24.1,77,0.0,12.2,54,1015.2,100,15.0,19.8,423.0,2.2,110.0,2.4
2025-02-27 14:00:00,2025,2,27,14,Huế,Phường Phú Bài,16.409296,107.6779818,57,Moderate,1,24.5,75,0.0,11.8,63,1013.9,100,14.8,19.6,369.0,1.6,111.0,2.0
2025-02-27 15:00:00,2025,2,27,15,Huế,Phường Phú Bài,16.409296,107.6779818,57,Moderate,1,24.5,75,0.1,12.4,71,1013.2,100,14.0,18.7,321.0,1.3,108.0,1.7
2025-02-27 16:00:00,2025,2,27,16,Huế,Phường Phú Bài,16.409296,107.6779818,57,Moderate,1,23.8,79,0.1,12.8,79,1012.8,97,13.5,18.0,287.0,2.1,103.0,1.8
2025-02-27 17:00:00,2025,2,27,17,Huế,Phường Phú Bài,16.409296,107.6779818,58,Moderate,1,23.1,81,0.0,11.7,87,1012.9,79,13.8,18.3,272.0,5.2,92.0,2.6
2025-02-27 18:00:00,2025,2,27,18,Huế,Phường Phú Bài,16.409296,107.6779818,58,Moderate,1,22.6,84,0.0,8.5,92,1013.2,100,14.1,18.1,271.0,9.5,77.0,3.8
2025-02-27 19:00:00,2025,2,27,19,Huế,Phường Phú Bài,16.409296,107.6779818,58,Moderate,1,22.4,84,0.0,9.7,87,1013.8,98,17.2,20.7,276.0,12.6,68.0,4.8
2025-02-27 20:00:00,2025,2,27,20,Huế,Phường Phú Bài,16.409296,107.6779818,58,Moderate,1,21.7,87,0.0,10.1,93,1014.5,12,19.8,23.5,283.0,13.1,63.0,5.1
2025-02-27 21:00:00,2025,2,27,21,Huế,Phường Phú Bài,16.409296,107.6779818,59,Moderate,1,21.0,91,0.0,6.9,110,1015.2,49,19.9,23.2,295.0,13.7,57.0,5.5
2025-02-27 22:00:00,2025,2,27,22,Huế,Phường Phú Bài,16.409296,107.6779818,59,Moderate,1,19.9,94,0.0,3.9,133,1015.1,12,18.9,21.7,313.0,13.8,53.0,5.6
2025-02-27 23:00:00,2025,2,27,23,Huế,Phường Phú Bài,16.409296,107.6779818,59,Moderate,1,19.2,97,0.0,2.0,185,1014.5,3,18.2,20.9,343.0,12.7,53.0,5.1
2025-02-28 00:00:00,2025,2,28,0,Huế,Phường Phú Bài,16.409296,107.6779818,59,Moderate,1,18.6,99,0.0,2.4,193,1014.0,34,16.9,19.5,378.0,11.1,54.0,4.2
2025-02-28 01:00:00,2025,2,28,1,Huế,Phường Phú Bài,16.409296,107.6779818,59,Moderate,1,18.3,100,0.0,1.8,204,1013.4,100,16.1,18.6,399.0,9.7,55.0,3.4
2025-02-28 02:00:00,2025,2,28,2,Huế,Phường Phú Bài,16.409296,107.6779818,59,Moderate,1,18.0,100,0.0,2.3,203,1012.7,100,15.6,17.5,385.0,8.8,54.0,2.7
2025-02-28 03:00:00,2025,2,28,3,Huế,Phường Phú Bài,16.409296,107.6779818,59,Moderate,1,17.8,100,0.0,1.4,230,1012.2,100,15.8,17.6,356.0,8.0,53.0,2.1
2025-02-28 04:00:00,2025,2,28,4,Huế,Phường Phú Bài,16.409296,107.6779818,59,Moderate,1,17.6,99,0.0,1.7,252,1012.1,100,16.1,17.9,355.0,7.7,51.0,1.7
2025-02-28 05:00:00,2025,2,28,5,Huế,Phường Phú Bài,16.409296,107.6779818,59,Moderate,1,17.5,99,0.0,3.6,240,1012.4,100,16.6,18.3,423.0,8.2,46.0,1.7
2025-02-28 06:00:00,2025,2,28,6,Huế,Phường Phú Bài,16.409296,107.6779818,59,Moderate,1,17.6,100,0.0,4.6,249,1013.0,100,17.7,19.4,518.0,9.1,41.0,2.0
2025-02-28 07:00:00,2025,2,28,7,Huế,Phường Phú Bài,16.409296,107.6779818,59,Moderate,1,18.2,99,0.0,5.1,247,1013.9,100,19.2,21.3,556.0,9.2,47.0,2.3
2025-02-28 08:00:00,2025,2,28,8,Huế,Phường Phú Bài,16.409296,107.6779818,59,Moderate,1,21.6,90,0.0,4.5,254,1015.1,2,20.3,22.5,480.0,7.5,61.0,2.3
2025-02-28 09:00:00,2025,2,28,9,Huế,Phường Phú Bài,16.409296,107.6779818,60,Moderate,1,24.3,76,0.0,3.8,115,1015.7,51,18.0,20.5,348.0,5.1,82.0,2.2
2025-02-28 10:00:00,2025,2,28,10,Huế,Phường Phú Bài,16.409296,107.6779818,60,Moderate,1,25.4,72,0.0,5.9,110,1015.8,100,16.0,18.6,247.0,3.2,99.0,2.2
2025-02-28 11:00:00,2025,2,28,11,Huế,Phường Phú Bài,16.409296,107.6779818,60,Moderate,1,26.1,71,0.0,7.6,71,1015.0,100,15.4,17.9,218.0,2.3,111.0,2.1
2025-02-28 12:00:00,2025,2,28,12,Huế,Phường Phú Bài,16.409296,107.6779818,60,Moderate,1,27.0,69,0.0,11.6,71,1014.2,100,15.0,17.5,220.0,1.9,120.0,2.0
2025-02-28 13:00:00,2025,2,28,13,Huế,Phường Phú Bài,16.409296,107.6779818,60,Moderate,1,26.3,71,0.0,16.1,74,1013.1,51,14.5,16.9,222.0,1.7,125.0,2.0
2025-02-28 14:00:00,2025,2,28,14,Huế,Phường Phú Bài,16.409296,107.6779818,60,Moderate,1,26.1,70,0.0,17.3,79,1012.1,25,14.5,17.3,212.0,1.4,126.0,2.0
2025-02-28 15:00:00,2025,2,28,15,Huế,Phường Phú Bài,16.409296,107.6779818,60,Moderate,1,26.0,71,0.0,17.1,81,1011.5,48,14.1,17.7,201.0,1.4,124.0,2.0
2025-02-28 16:00:00,2025,2,28,16,Huế,Phường Phú Bài,16.409296,107.6779818,60,Moderate,1,25.1,75,0.0,16.8,80,1010.9,20,12.7,16.1,200.0,2.3,117.0,2.3
2025-02-28 17:00:00,2025,2,28,17,Huế,Phường Phú Bài,16.409296,107.6779818,60,Moderate,1,24.2,79,0.0,14.8,77,1010.8,35,11.5,14.6,208.0,5.0,104.0,3.0
2025-02-28 18:00:00,2025,2,28,18,Huế,Phường Phú Bài,16.409296,107.6779818,64,Moderate,1,23.1,83,0.0,11.0,85,1011.2,39,11.7,14.1,225.0,8.7,86.0,3.9
2025-02-28 19:00:00,2025,2,28,19,Huế,Phường Phú Bài,16.409296,107.6779818,61,Moderate,1,22.5,87,0.0,6.8,101,1011.7,15,15.0,17.7,256.0,10.5,78.0,4.5
2025-02-28 20:00:00,2025,2,28,20,Huế,Phường Phú Bài,16.409296,107.6779818,59,Moderate,1,22.1,91,0.0,5.9,110,1012.4,3,15.0,17.5,318.0,10.7,73.0,4.6
2025-02-28 21:00:00,2025,2,28,21,Huế,Phường Phú Bài,16.409296,107.6779818,59,Moderate,1,21.3,94,0.0,2.7,152,1013.0,0,14.6,16.8,393.0,10.9,67.0,4.8
2025-02-28 22:00:00,2025,2,28,22,Huế,Phường Phú Bài,16.409296,107.6779818,58,Moderate,1,20.7,96,0.0,5.1,144,1012.7,5,14.5,16.5,438.0,10.9,61.0,4.8
2025-02-28 23:00:00,2025,2,28,23,Huế,Phường Phú Bài,16.409296,107.6779818,58,Moderate,1,20.8,95,0.0,5.8,126,1012.3,4,14.2,16.1,421.0,10.6,57.0,4.4
2025-03-01 00:00:00,2025,3,1,0,Huế,Phường Phú Bài,16.409296,107.6779818,57,Moderate,1,20.5,94,0.0,4.8,121,1011.9,2,13.6,15.3,374.0,10.1,54.0,3.8
2025-03-01 01:00:00,2025,3,1,1,Huế,Phường Phú Bài,16.409296,107.6779818,57,Moderate,1,20.2,94,0.0,5.1,129,1011.2,15,13.1,14.3,339.0,9.7,50.0,3.3
2025-03-01 02:00:00,2025,3,1,2,Huế,Phường Phú Bài,16.409296,107.6779818,57,Moderate,1,20.1,95,0.0,2.6,129,1010.6,23,13.2,14.4,335.0,9.5,45.0,2.9
2025-03-01 03:00:00,2025,3,1,3,Huế,Phường Phú Bài,16.409296,107.6779818,57,Moderate,1,19.7,97,0.0,0.4,297,1010.2,43,13.5,14.6,345.0,9.4,39.0,2.5
2025-03-01 04:00:00,2025,3,1,4,Huế,Phường Phú Bài,16.409296,107.6779818,56,Moderate,1,19.2,100,0.0,5.0,291,1010.1,100,13.9,14.9,359.0,9.5,35.0,2.4
2025-03-01 05:00:00,2025,3,1,5,Huế,Phường Phú Bài,16.409296,107.6779818,56,Moderate,1,19.4,100,0.0,5.0,249,1010.2,100,14.8,15.8,382.0,10.1,32.0,2.7
2025-03-01 06:00:00,2025,3,1,6,Huế,Phường Phú Bài,16.409296,107.6779818,56,Moderate,1,19.4,100,0.0,7.2,269,1010.9,100,15.9,16.8,411.0,10.8,32.0,3.2
2025-03-01 07:00:00,2025,3,1,7,Huế,Phường Phú Bài,16.409296,107.6779818,56,Moderate,1,19.9,99,0.0,6.5,257,1011.3,100,20.5,21.5,421.0,12.2,37.0,3.8
2025-03-01 08:00:00,2025,3,1,8,Huế,Phường Phú Bài,16.409296,107.6779818,56,Moderate,1,21.7,93,0.0,7.5,240,1012.3,100,20.3,21.8,399.0,9.6,62.0,4.1
2025-03-01 09:00:00,2025,3,1,9,Huế,Phường Phú Bài,16.409296,107.6779818,56,Moderate,1,22.5,90,0.0,7.8,222,1012.5,100,20.0,22.0,359.0,6.1,96.0,4.5
2025-03-01 10:00:00,2025,3,1,10,Huế,Phường Phú Bài,16.409296,107.6779818,56,Moderate,1,25.3,79,0.0,2.2,189,1012.3,51,20.6,22.8,324.0,3.4,125.0,4.7
2025-03-01 11:00:00,2025,3,1,11,Huế,Phường Phú Bài,16.409296,107.6779818,57,Moderate,1,27.8,71,0.0,5.6,57,1011.1,24,21.1,23.4,305.0,2.4,144.0,4.7
2025-03-01 12:00:00,2025,3,1,12,Huế,Phường Phú Bài,16.409296,107.6779818,57,Moderate,1,27.9,73,0.0,11.2,48,1010.1,29,21.3,23.5,290.0,2.3,158.0,4.4
2025-03-01 13:00:00,2025,3,1,13,Huế,Phường Phú Bài,16.409296,107.6779818,58,Moderate,1,27.4,73,0.0,13.9,60,1009.2,79,21.0,22.9,274.0,2.3,165.0,4.2
2025-03-01 14:00:00,2025,3,1,14,Huế,Phường Phú Bài,16.409296,107.6779818,58,Moderate,1,27.0,76,0.0,15.6,76,1008.2,70,19.9,21.8,244.0,2.0,165.0,3.8
2025-03-01 15:00:00,2025,3,1,15,Huế,Phường Phú Bài,16.409296,107.6779818,69,Moderate,1,27.0,76,0.0,13.8,69,1007.5,54,18.1,20.0,212.0,1.9,157.0,3.4
2025-03-01 16:00:00,2025,3,1,16,Huế,Phường Phú Bài,16.409296,107.6779818,95,Moderate,1,26.5,78,0.0,11.7,67,1007.2,24,15.6,17.4,205.0,2.7,145.0,3.3
2025-03-01 17:00:00,2025,3,1,17,Huế,Phường Phú Bài,16.409296,107.6779818,112,Unhealthy for Sensitive Groups,2,25.4,82,0.0,8.9,71,1007.2,26,13.8,15.7,246.0,5.4,124.0,3.7
2025-03-01 18:00:00,2025,3,1,18,Huế,Phường Phú Bài,16.409296,107.6779818,118,Unhealthy for Sensitive Groups,2,23.5,90,0.0,4.5,67,1007.6,7,14.1,16.0,313.0,9.0,98.0,4.5
2025-03-01 19:00:00,2025,3,1,19,Huế,Phường Phú Bài,16.409296,107.6779818,112,Unhealthy for Sensitive Groups,2,22.9,92,0.0,1.9,146,1008.2,5,12.6,14.2,359.0,11.1,83.0,4.9
2025-03-01 20:00:00,2025,3,1,20,Huế,Phường Phú Bài,16.409296,107.6779818,99,Moderate,1,22.4,94,0.0,2.3,148,1009.3,33,12.3,13.7,359.0,11.2,76.0,5.0
2025-03-01 21:00:00,2025,3,1,21,Huế,Phường Phú Bài,16.409296,107.6779818,82,Moderate,1,21.9,96,0.0,1.2,129,1009.7,13,11.8,13.1,339.0,11.4,67.0,5.1
2025-03-01 22:00:00,2025,3,1,22,Huế,Phường Phú Bài,16.409296,107.6779818,61,Moderate,1,22.0,96,0.0,7.0,103,1009.7,23,11.4,12.6,333.0,11.3,60.0,5.0
2025-03-01 23:00:00,2025,3,1,23,Huế,Phường Phú Bài,16.409296,107.6779818,59,Moderate,1,21.7,96,0.0,6.0,100,1009.4,83,11.1,12.4,359.0,10.8,57.0,4.4
2025-03-02 00:00:00,2025,3,2,0,Huế,Phường Phú Bài,16.409296,107.6779818,58,Moderate,1,20.9,96,0.0,2.9,120,1009.2,86,10.7,11.4,398.0,10.1,56.0,3.6
2025-03-02 01:00:00,2025,3,2,1,Huế,Phường Phú Bài,16.409296,107.6779818,58,Moderate,1,20.5,97,0.0,2.4,167,1008.4,99,11.0,11.6,427.0,9.5,54.0,2.9
2025-03-02 02:00:00,2025,3,2,2,Huế,Phường Phú Bài,16.409296,107.6779818,58,Moderate,1,20.0,98,0.0,1.8,204,1007.8,97,11.6,12.1,434.0,8.9,51.0,2.5
2025-03-02 03:00:00,2025,3,2,3,Huế,Phường Phú Bài,16.409296,107.6779818,58,Moderate,1,19.4,100,0.0,1.9,253,1007.4,100,12.9,13.5,431.0,8.4,47.0,2.2
2025-03-02 04:00:00,2025,3,2,4,Huế,Phường Phú Bài,16.409296,107.6779818,58,Moderate,1,19.4,99,0.0,3.4,254,1007.3,97,13.5,14.0,433.0,8.2,45.0,2.1
2025-03-02 05:00:00,2025,3,2,5,Huế,Phường Phú Bài,16.409296,107.6779818,58,Moderate,1,19.1,99,0.0,4.1,241,1007.6,83,13.4,13.8,455.0,8.8,41.0,2.4
2025-03-02 06:00:00,2025,3,2,6,Huế,Phường Phú Bài,16.409296,107.6779818,58,Moderate,1,18.9,100,0.0,3.4,252,1008.3,99,13.8,14.2,482.0,9.8,38.0,2.9
2025-03-02 07:00:00,2025,3,2,7,Huế,Phường Phú Bài,16.409296,107.6779818,57,Moderate,1,20.0,97,0.0,4.6,249,1009.0,74,18.9,19.3,480.0,9.5,47.0,3.3
2025-03-02 08:00:00,2025,3,2,8,Huế,Phường Phú Bài,16.409296,107.6779818,57,Moderate,1,23.4,89,0.0,3.1,140,1010.1,96,19.2,19.6,422.0,7.7,71.0,3.5
2025-03-02 09:00:00,2025,3,2,9,Huế,Phường Phú Bài,16.409296,107.6779818,57,Moderate,1,25.3,83,0.0,4.4,83,1010.6,83,17.2,17.6,337.0,5.1,104.0,3.9
2025-03-02 10:00:00,2025,3,2,10,Huế,Phường Phú Bài,16.409296,107.6779818,57,Moderate,1,27.0,77,0.0,3.9,47,1010.2,82,16.7,17.3,274.0,3.2,132.0,4.1
2025-03-02 11:00:00,2025,3,2,11,Huế,Phường Phú Bài,16.409296,107.6779818,57,Moderate,1,28.9,72,0.0,4.5,43,1009.4,68,17.2,18.1,259.0,2.5,150.0,4.1
2025-03-02 12:00:00,2025,3,2,12,Huế,Phường Phú Bài,16.409296,107.6779818,56,Moderate,1,30.0,70,0.0,7.6,56,1008.1,85,17.8,19.0,266.0,2.3,163.0,4.0
2025-03-02 13:00:00,2025,3,2,13,Huế,Phường Phú Bài,16.409296,107.6779818,56,Moderate,1,30.5,68,0.0,9.3,58,1007.0,40,18.3,19.6,274.0,2.5,171.0,4.0
2025-03-02 14:00:00,2025,3,2,14,Huế,Phường Phú Bài,16.409296,107.6779818,56,Moderate,1,30.5,66,0.0,10.0,57,1005.9,98,18.9,20.3,265.0,2.5,177.0,4.1
2025-03-02 15:00:00,2025,3,2,15,Huế,Phường Phú Bài,16.409296,107.6779818,82,Moderate,1,30.3,67,0.0,10.1,59,1005.2,97,19.0,20.5,257.0,2.8,179.0,4.4
2025-03-02 16:00:00,2025,3,2,16,Huế,Phường Phú Bài,16.409296,107.6779818,111,Unhealthy for Sensitive Groups,2,29.6,72,0.0,8.4,62,1005.0,96,18.7,20.3,278.0,4.3,172.0,4.8
2025-03-02 17:00:00,2025,3,2,17,Huế,Phường Phú Bài,16.409296,107.6779818,132,Unhealthy for Sensitive Groups,2,28.4,79,0.0,6.6,55,1005.1,76,18.8,20.5,350.0,8.4,150.0,5.6
2025-03-02 18:00:00,2025,3,2,18,Huế,Phường Phú Bài,16.409296,107.6779818,142,Unhealthy for Sensitive Groups,2,26.0,87,0.0,1.2,27,1005.5,51,21.1,22.6,452.0,13.7,120.0,6.6
2025-03-02 19:00:00,2025,3,2,19,Huế,Phường Phú Bài,16.409296,107.6779818,139,Unhealthy for Sensitive Groups,2,24.3,93,0.0,2.0,350,1005.7,59,23.0,24.2,548.0,17.5,96.0,7.2
2025-03-02 20:00:00,2025,3,2,20,Huế,Phường Phú Bài,16.409296,107.6779818,128,Unhealthy for Sensitive Groups,2,23.2,93,0.0,0.3,315,1006.7,98,22.0,23.1,619.0,17.1,87.0,7.2
2025-03-02 21:00:00,2025,3,2,21,Huế,Phường Phú Bài,16.409296,107.6779818,112,Unhealthy for Sensitive Groups,2,23.0,94,0.0,0.8,207,1007.1,100,21.4,22.3,683.0,16.4,75.0,7.2
2025-03-02 22:00:00,2025,3,2,22,Huế,Phường Phú Bài,16.409296,107.6779818,91,Moderate,1,22.9,94,0.0,1.2,63,1007.5,94,21.5,22.4,765.0,16.0,64.0,6.9
2025-03-02 23:00:00,2025,3,2,23,Huế,Phường Phú Bài,16.409296,107.6779818,67,Moderate,1,22.5,96,0.0,0.9,217,1007.3,100,22.3,23.1,915.0,16.1,54.0,6.2
2025-03-03 00:00:00,2025,3,3,0,Huế,Phường Phú Bài,16.409296,107.6779818,62,Moderate,1,21.9,99,0.0,0.9,270,1007.1,100,22.6,23.3,1083.0,16.3,46.0,5.2
2025-03-03 01:00:00,2025,3,3,1,Huế,Phường Phú Bài,16.409296,107.6779818,63,Moderate,1,21.3,100,0.0,2.9,281,1006.7,100,22.3,23.1,1137.0,16.0,39.0,4.3
2025-03-03 02:00:00,2025,3,3,2,Huế,Phường Phú Bài,16.409296,107.6779818,64,Moderate,1,21.5,100,0.0,6.1,272,1006.4,100,22.1,22.8,973.0,14.6,35.0,3.6
2025-03-03 03:00:00,2025,3,3,3,Huế,Phường Phú Bài,16.409296,107.6779818,65,Moderate,1,21.2,100,0.0,4.4,249,1006.1,100,20.8,21.7,696.0,12.7,34.0,3.1
2025-03-03 04:00:00,2025,3,3,4,Huế,Phường Phú Bài,16.409296,107.6779818,65,Moderate,1,21.1,99,0.0,5.0,235,1006.1,98,20.5,21.3,489.0,11.4,34.0,2.8
2025-03-03 05:00:00,2025,3,3,5,Huế,Phường Phú Bài,16.409296,107.6779818,66,Moderate,1,21.2,99,0.0,4.1,225,1006.4,72,20.3,21.0,440.0,11.5,33.0,3.0
2025-03-03 06:00:00,2025,3,3,6,Huế,Phường Phú Bài,16.409296,107.6779818,67,Moderate,1,21.1,99,0.0,4.5,182,1007.0,11,20.4,20.7,461.0,12.1,33.0,3.4
2025-03-03 07:00:00,2025,3,3,7,Huế,Phường Phú Bài,16.409296,107.6779818,67,Moderate,1,22.1,94,0.0,4.4,187,1007.6,55,19.3,19.6,475.0,12.1,47.0,4.1
2025-03-03 08:00:00,2025,3,3,8,Huế,Phường Phú Bài,16.409296,107.6779818,67,Moderate,1,24.8,87,0.0,2.0,175,1008.7,96,22.7,23.0,452.0,9.8,78.0,4.7
2025-03-03 09:00:00,2025,3,3,9,Huế,Phường Phú Bài,16.409296,107.6779818,67,Moderate,1,27.0,80,0.0,4.1,77,1009.4,89,20.7,21.1,422.0,6.6,122.0,5.5
2025-03-03 10:00:00,2025,3,3,10,Huế,Phường Phú Bài,16.409296,107.6779818,68,Moderate,1,28.3,79,0.0,6.8,58,1009.4,99,22.3,22.8,401.0,4.2,158.0,6.1
2025-03-03 11:00:00,2025,3,3,11,Huế,Phường Phú Bài,16.409296,107.6779818,68,Moderate,1,29.5,76,0.0,7.5,55,1008.5,95,23.5,24.1,399.0,3.2,181.0,6.3
2025-03-03 12:00:00,2025,3,3,12,Huế,Phường Phú Bài,16.409296,107.6779818,69,Moderate,1,30.6,72,0.0,8.7,53,1007.5,90,23.9,24.6,406.0,3.0,197.0,6.2
2025-03-03 13:00:00,2025,3,3,13,Huế,Phường Phú Bài,16.409296,107.6779818,69,Moderate,1,31.0,69,0.0,9.7,50,1006.1,85,23.9,25.0,402.0,3.0,205.0,6.1
2025-03-03 14:00:00,2025,3,3,14,Huế,Phường Phú Bài,16.409296,107.6779818,84,Moderate,1,31.0,69,0.0,11.0,66,1004.9,77,23.7,25.1,367.0,2.9,206.0,6.0
2025-03-03 15:00:00,2025,3,3,15,Huế,Phường Phú Bài,16.409296,107.6779818,120,Unhealthy for Sensitive Groups,2,30.5,72,0.0,11.4,74,1004.2,58,23.1,24.4,320.0,3.0,200.0,5.9
2025-03-03 16:00:00,2025,3,3,16,Huế,Phường Phú Bài,16.409296,107.6779818,152,Unhealthy,3,30.0,74,0.0,9.0,67,1004.1,38,23.6,24.9,304.0,4.4,186.0,6.0
2025-03-03 17:00:00,2025,3,3,17,Huế,Phường Phú Bài,16.409296,107.6779818,169,Unhealthy,3,28.9,80,0.0,5.1,72,1004.3,42,25.9,27.0,327.0,8.2,160.0,6.6
2025-03-03 18:00:00,2025,3,3,18,Huế,Phường Phú Bài,16.409296,107.6779818,176,Unhealthy,3,27.0,89,0.0,1.5,45,1004.5,90,28.9,29.8,381.0,13.3,126.0,7.3
2025-03-03 19:00:00,2025,3,3,19,Huế,Phường Phú Bài,16.409296,107.6779818,170,Unhealthy,3,25.8,93,0.0,1.8,53,1005.1,33,31.1,32.4,480.0,16.0,110.0,8.0
2025-03-03 20:00:00,2025,3,3,20,Huế,Phường Phú Bài,16.409296,107.6779818,159,Unhealthy,3,25.2,93,0.0,0.4,270,1005.9,100,31.3,32.4,666.0,15.7,97.0,8.0
2025-03-03 21:00:00,2025,3,3,21,Huế,Phường Phú Bài,16.409296,107.6779818,141,Unhealthy for Sensitive Groups,2,25.4,93,0.0,1.1,288,1006.7,75,32.6,33.5,897.0,15.4,80.0,7.9
2025-03-03 22:00:00,2025,3,3,22,Huế,Phường Phú Bài,16.409296,107.6779818,114,Unhealthy for Sensitive Groups,2,25.0,94,0.0,3.2,304,1007.0,18,34.8,35.5,1061.0,15.1,64.0,7.5
2025-03-03 23:00:00,2025,3,3,23,Huế,Phường Phú Bài,16.409296,107.6779818,84,Moderate,1,24.3,96,0.0,0.7,270,1006.6,9,35.7,36.4,1120.0,15.2,52.0,6.6
2025-03-04 00:00:00,2025,3,4,0,Huế,Phường Phú Bài,16.409296,107.6779818,77,Moderate,1,23.7,99,0.0,1.8,259,1006.5,3,35.9,36.6,1111.0,15.5,43.0,5.4
2025-03-04 01:00:00,2025,3,4,1,Huế,Phường Phú Bài,16.409296,107.6779818,78,Moderate,1,23.2,100,0.0,2.3,241,1006.2,97,35.6,36.3,1036.0,15.3,36.0,4.4
2025-03-04 02:00:00,2025,3,4,2,Huế,Phường Phú Bài,16.409296,107.6779818,80,Moderate,1,22.9,100,0.0,3.4,238,1006.0,100,35.2,35.9,849.0,14.3,33.0,3.6
2025-03-04 03:00:00,2025,3,4,3,Huế,Phường Phú Bài,16.409296,107.6779818,81,Moderate,1,22.8,98,0.0,4.4,215,1005.3,46,34.9,35.6,595.0,13.0,32.0,3.1
2025-03-04 04:00:00,2025,3,4,4,Huế,Phường Phú Bài,16.409296,107.6779818,82,Moderate,1,22.5,94,0.0,5.4,222,1005.2,85,34.6,35.4,417.0,12.0,33.0,2.8
2025-03-04 05:00:00,2025,3,4,5,Huế,Phường Phú Bài,16.409296,107.6779818,83,Moderate,1,22.3,91,0.0,4.0,219,1005.8,83,35.4,36.0,387.0,12.0,32.0,3.0
2025-03-04 06:00:00,2025,3,4,6,Huế,Phường Phú Bài,16.409296,107.6779818,85,Moderate,1,22.0,92,0.0,3.8,183,1006.3,90,36.1,36.6,433.0,12.4,33.0,3.5
2025-03-04 07:00:00,2025,3,4,7,Huế,Phường Phú Bài,16.409296,107.6779818,86,Moderate,1,23.3,88,0.0,4.2,175,1006.9,8,46.7,47.3,471.0,10.5,55.0,4.2
2025-03-04 08:00:00,2025,3,4,8,Huế,Phường Phú Bài,16.409296,107.6779818,88,Moderate,1,26.4,79,0.0,3.6,117,1007.8,11,49.6,50.2,475.0,9.0,81.0,4.9
2025-03-04 09:00:00,2025,3,4,9,Huế,Phường Phú Bài,16.409296,107.6779818,91,Moderate,1,28.5,80,0.0,4.8,79,1008.4,13,51.6,52.4,471.0,7.0,118.0,5.9
2025-03-04 10:00:00,2025,3,4,10,Huế,Phường Phú Bài,16.409296,107.6779818,94,Moderate,1,30.1,77,0.0,5.3,57,1008.2,6,53.3,54.1,463.0,5.4,151.0,6.6
2025-03-04 11:00:00,2025,3,4,11,Huế,Phường Phú Bài,16.409296,107.6779818,96,Moderate,1,31.6,73,0.0,6.5,51,1007.5,11,52.3,53.3,447.0,4.5,175.0,6.6
2025-03-04 12:00:00,2025,3,4,12,Huế,Phường Phú Bài,16.409296,107.6779818,99,Moderate,1,32.1,70,0.0,9.4,38,1006.5,28,50.6,51.7,427.0,3.9,195.0,6.3
2025-03-04 13:00:00,2025,3,4,13,Huế,Phường Phú Bài,16.409296,107.6779818,101,Unhealthy for Sensitive Groups,2,32.1,70,0.0,3.8,352,1005.9,26,49.4,50.5,408.0,3.8,208.0,6.0
2025-03-04 14:00:00,2025,3,4,14,Huế,Phường Phú Bài,16.409296,107.6779818,104,Unhealthy for Sensitive Groups,2,31.5,72,0.2,6.5,2,1004.8,11,48.3,49.5,393.0,4.0,214.0,5.9
2025-03-04 15:00:00,2025,3,4,15,Huế,Phường Phú Bài,16.409296,107.6779818,121,Unhealthy for Sensitive Groups,2,31.5,73,0.0,6.5,90,1003.7,6,47.4,48.5,380.0,4.6,213.0,5.9
2025-03-04 16:00:00,2025,3,4,16,Huế,Phường Phú Bài,16.409296,107.6779818,154,Unhealthy,3,31.3,73,0.0,7.7,91,1003.0,16,46.9,48.2,371.0,5.9,201.0,6.0
2025-03-04 17:00:00,2025,3,4,17,Huế,Phường Phú Bài,16.409296,107.6779818,173,Unhealthy,3,29.8,81,0.0,9.1,82,1003.3,16,50.2,51.2,356.0,8.4,173.0,6.4
2025-03-04 18:00:00,2025,3,4,18,Huế,Phường Phú Bài,16.409296,107.6779818,181,Unhealthy,3,27.6,87,0.0,9.2,83,1003.7,10,53.4,54.1,346.0,11.7,136.0,7.1
2025-03-04 19:00:00,2025,3,4,19,Huế,Phường Phú Bài,16.409296,107.6779818,179,Unhealthy,3,26.7,87,0.0,6.8,78,1004.1,3,51.5,52.0,373.0,15.8,107.0,8.2
2025-03-04 20:00:00,2025,3,4,20,Huế,Phường Phú Bài,16.409296,107.6779818,168,Unhealthy,3,25.8,92,0.0,3.9,74,1005.2,18,51.3,52.0,483.0,16.5,91.0,8.2
2025-03-04 21:00:00,2025,3,4,21,Huế,Phường Phú Bài,16.409296,107.6779818,152,Unhealthy,3,25.8,92,0.0,2.4,167,1005.7,84,50.9,51.7,630.0,17.5,68.0,8.2
2025-03-04 22:00:00,2025,3,4,22,Huế,Phường Phú Bài,16.409296,107.6779818,123,Unhealthy for Sensitive Groups,2,25.4,95,0.0,4.4,201,1005.6,98,49.9,50.8,707.0,18.1,49.0,7.8
2025-03-04 23:00:00,2025,3,4,23,Huế,Phường Phú Bài,16.409296,107.6779818,124,Unhealthy for Sensitive Groups,2,25.1,95,0.0,5.3,213,1005.7,98,48.5,49.4,646.0,18.1,37.0,6.8
2025-03-05 00:00:00,2025,3,5,0,Huế,Phường Phú Bài,16.409296,107.6779818,126,Unhealthy for Sensitive Groups,2,24.5,94,0.0,4.6,201,1005.5,100,46.2,46.9,516.0,17.8,29.0,5.4
2025-03-05 01:00:00,2025,3,5,1,Huế,Phường Phú Bài,16.409296,107.6779818,127,Unhealthy for Sensitive Groups,2,23.9,94,0.0,4.1,193,1005.2,100,43.8,44.5,411.0,17.0,23.0,4.3
2025-03-05 02:00:00,2025,3,5,2,Huế,Phường Phú Bài,16.409296,107.6779818,128,Unhealthy for Sensitive Groups,2,23.5,92,0.0,4.3,197,1005.0,99,41.7,42.5,364.0,15.4,20.0,3.5
2025-03-05 03:00:00,2025,3,5,3,Huế,Phường Phú Bài,16.409296,107.6779818,128,Unhealthy for Sensitive Groups,2,23.4,90,0.0,4.0,212,1004.7,99,40.2,40.9,342.0,13.4,19.0,2.9
2025-03-05 04:00:00,2025,3,5,4,Huế,Phường Phú Bài,16.409296,107.6779818,129,Unhealthy for Sensitive Groups,2,23.3,87,0.0,5.5,234,1004.7,99,39.0,39.7,345.0,11.9,21.0,2.6
2025-03-05 05:00:00,2025,3,5,5,Huế,Phường Phú Bài,16.409296,107.6779818,129,Unhealthy for Sensitive Groups,2,23.0,88,0.0,3.7,215,1005.2,99,38.2,38.9,384.0,11.5,21.0,2.8
2025-03-05 06:00:00,2025,3,5,6,Huế,Phường Phú Bài,16.409296,107.6779818,130,Unhealthy for Sensitive Groups,2,22.8,89,0.0,4.3,202,1005.8,95,38.1,38.8,448.0,11.7,23.0,3.3
2025-03-05 07:00:00,2025,3,5,7,Huế,Phường Phú Bài,16.409296,107.6779818,130,Unhealthy for Sensitive Groups,2,23.9,85,0.0,4.6,191,1006.4,91,38.4,39.0,499.0,9.9,39.0,4.1
2025-03-05 08:00:00,2025,3,5,8,Huế,Phường Phú Bài,16.409296,107.6779818,129,Unhealthy for Sensitive Groups,2,26.5,79,0.0,0.4,207,1007.6,89,42.1,42.7,523.0,8.2,75.0,5.0
2025-03-05 09:00:00,2025,3,5,9,Huế,Phường Phú Bài,16.409296,107.6779818,128,Unhealthy for Sensitive Groups,2,29.5,71,0.0,2.2,90,1007.8,16,46.2,47.5,534.0,5.8,124.0,6.1
2025-03-05 10:00:00,2025,3,5,10,Huế,Phường Phú Bài,16.409296,107.6779818,128,Unhealthy for Sensitive Groups,2,32.0,68,0.0,5.1,73,1007.5,2,48.9,51.0,534.0,4.0,163.0,6.7
2025-03-05 11:00:00,2025,3,5,11,Huế,Phường Phú Bài,16.409296,107.6779818,127,Unhealthy for Sensitive Groups,2,32.5,72,0.0,8.3,41,1007.0,23,47.6,49.9,523.0,3.3,181.0,6.2
2025-03-05 12:00:00,2025,3,5,12,Huế,Phường Phú Bài,16.409296,107.6779818,127,Unhealthy for Sensitive Groups,2,31.8,74,0.2,10.4,349,1006.7,87,44.4,46.6,500.0,3.1,189.0,5.1
2025-03-05 13:00:00,2025,3,5,13,Huế,Phường Phú Bài,16.409296,107.6779818,126,Unhealthy for Sensitive Groups,2,31.5,73,0.2,10.7,23,1005.9,34,45.1,47.3,472.0,3.2,193.0,4.5
2025-03-05 14:00:00,2025,3,5,14,Huế,Phường Phú Bài,16.409296,107.6779818,126,Unhealthy for Sensitive Groups,2,31.0,69,0.0,5.2,63,1005.4,57,44.0,45.9,431.0,3.3,196.0,4.7
2025-03-05 15:00:00,2025,3,5,15,Huế,Phường Phú Bài,16.409296,107.6779818,125,Unhealthy for Sensitive Groups,2,31.4,66,0.0,7.0,50,1004.5,52,43.9,45.6,384.0,3.6,194.0,5.3
2025-03-05 16:00:00,2025,3,5,16,Huế,Phường Phú Bài,16.409296,107.6779818,146,Unhealthy for Sensitive Groups,2,31.2,69,0.0,7.2,71,1004.5,53,45.6,47.4,353.0,5.1,183.0,5.9
2025-03-05 17:00:00,2025,3,5,17,Huế,Phường Phú Bài,16.409296,107.6779818,164,Unhealthy,3,29.6,79,0.0,8.3,49,1004.7,31,47.0,48.4,339.0,8.5,156.0,6.5
2025-03-05 18:00:00,2025,3,5,18,Huế,Phường Phú Bài,16.409296,107.6779818,169,Unhealthy,3,27.2,88,0.0,6.3,59,1005.3,29,47.7,48.9,340.0,13.0,121.0,7.2
2025-03-05 19:00:00,2025,3,5,19,Huế,Phường Phú Bài,16.409296,107.6779818,163,Unhealthy,3,26.2,90,0.0,4.1,34,1006.0,31,53.0,54.4,373.0,18.0,91.0,8.5
2025-03-05 20:00:00,2025,3,5,20,Huế,Phường Phú Bài,16.409296,107.6779818,148,Unhealthy for Sensitive Groups,2,26.0,94,0.0,1.5,330,1007.4,87,50.1,51.2,474.0,17.9,79.0,8.2
2025-03-05 21:00:00,2025,3,5,21,Huế,Phường Phú Bài,16.409296,107.6779818,125,Unhealthy for Sensitive Groups,2,25.1,96,0.0,3.3,29,1008.0,86,46.4,47.5,607.0,17.8,61.0,7.7
2025-03-05 22:00:00,2025,3,5,22,Huế,Phường Phú Bài,16.409296,107.6779818,123,Unhealthy for Sensitive Groups,2,24.7,97,0.0,2.4,36,1008.0,91,44.2,45.4,683.0,18.5,47.0,7.4
2025-03-05 23:00:00,2025,3,5,23,Huế,Phường Phú Bài,16.409296,107.6779818,123,Unhealthy for Sensitive Groups,2,24.5,97,0.0,1.1,99,1008.1,89,43.7,44.8,642.0,21.1,38.0,7.5
2025-03-06 00:00:00,2025,3,6,0,Huế,Phường Phú Bài,16.409296,107.6779818,122,Unhealthy for Sensitive Groups,2,24.1,99,0.0,0.5,225,1007.9,80,44.2,45.6,543.0,24.6,32.0,7.8
2025-03-06 01:00:00,2025,3,6,1,Huế,Phường Phú Bài,16.409296,107.6779818,122,Unhealthy for Sensitive Groups,2,23.8,100,0.0,0.3,315,1007.9,100,44.5,45.9,475.0,26.4,28.0,7.7
2025-03-06 02:00:00,2025,3,6,2,Huế,Phường Phú Bài,16.409296,107.6779818,122,Unhealthy for Sensitive Groups,2,23.5,100,0.0,0.9,127,1007.7,100,41.9,43.4,491.0,25.2,26.0,6.7
2025-03-06 03:00:00,2025,3,6,3,Huế,Phường Phú Bài,16.409296,107.6779818,122,Unhealthy for Sensitive Groups,2,23.4,100,0.0,0.6,252,1007.7,100,37.8,39.5,539.0,22.4,26.0,5.3
2025-03-06 04:00:00,2025,3,6,4,Huế,Phường Phú Bài,16.409296,107.6779818,122,Unhealthy for Sensitive Groups,2,23.4,99,0.0,4.4,300,1008.1,100,34.0,35.6,550.0,20.0,27.0,4.3
2025-03-06 05:00:00,2025,3,6,5,Huế,Phường Phú Bài,16.409296,107.6779818,121,Unhealthy for Sensitive Groups,2,23.6,100,0.0,3.5,294,1008.9,100,30.2,31.8,484.0,19.0,28.0,4.2
2025-03-06 06:00:00,2025,3,6,6,Huế,Phường Phú Bài,16.409296,107.6779818,121,Unhealthy for Sensitive Groups,2,23.8,99,0.0,5.2,264,1009.5,100,26.7,28.5,382.0,18.4,30.0,4.4
2025-03-06 07:00:00,2025,3,6,7,Huế,Phường Phú Bài,16.409296,107.6779818,119,Unhealthy for Sensitive Groups,2,24.2,97,0.0,7.5,259,1010.3,100,22.4,25.4,297.0,12.8,39.0,3.3
2025-03-06 08:00:00,2025,3,6,8,Huế,Phường Phú Bài,16.409296,107.6779818,118,Unhealthy for Sensitive Groups,2,24.9,95,0.1,4.8,132,1012.2,100,17.9,21.1,251.0,11.1,48.0,3.2
2025-03-06 09:00:00,2025,3,6,9,Huế,Phường Phú Bài,16.409296,107.6779818,115,Unhealthy for Sensitive Groups,2,25.8,90,0.3,10.2,107,1012.8,97,13.4,15.8,222.0,8.7,60.0,3.1
2025-03-06 10:00:00,2025,3,6,10,Huế,Phường Phú Bài,16.409296,107.6779818,112,Unhealthy for Sensitive Groups,2,27.2,84,0.2,13.2,96,1012.7,37,12.1,14.2,201.0,6.7,71.0,2.8
2025-03-06 11:00:00,2025,3,6,11,Huế,Phường Phú Bài,16.409296,107.6779818,108,Unhealthy for Sensitive Groups,2,28.4,79,0.1,16.9,78,1012.4,85,11.8,14.0,174.0,5.2,80.0,2.2
2025-03-06 12:00:00,2025,3,6,12,Huế,Phường Phú Bài,16.409296,107.6779818,104,Unhealthy for Sensitive Groups,2,27.1,86,0.6,17.8,78,1011.5,58,13.2,15.3,155.0,4.0,87.0,1.6
2025-03-06 13:00:00,2025,3,6,13,Huế,Phường Phú Bài,16.409296,107.6779818,101,Unhealthy for Sensitive Groups,2,26.5,80,1.5,16.8,55,1011.6,89,14.1,16.4,176.0,3.7,91.0,1.3
2025-03-06 14:00:00,2025,3,6,14,Huế,Phường Phú Bài,16.409296,107.6779818,98,Moderate,1,25.9,90,3.2,16.8,43,1011.2,95,14.3,16.5,271.0,4.8,88.0,1.8
2025-03-06 15:00:00,2025,3,6,15,Huế,Phường Phú Bài,16.409296,107.6779818,95,Moderate,1,23.9,96,10.8,10.9,309,1011.5,100,15.1,18.2,406.0,6.6,82.0,2.8
2025-03-06 16:00:00,2025,3,6,16,Huế,Phường Phú Bài,16.409296,107.6779818,93,Moderate,1,21.5,96,14.3,21.1,281,1011.8,100,13.2,14.8,505.0,8.0,75.0,3.5
2025-03-06 17:00:00,2025,3,6,17,Huế,Phường Phú Bài,16.409296,107.6779818,90,Moderate,1,20.6,96,7.9,23.7,285,1012.8,100,8.0,8.3,534.0,8.4,70.0,3.8
2025-03-06 18:00:00,2025,3,6,18,Huế,Phường Phú Bài,16.409296,107.6779818,87,Moderate,1,19.8,96,6.0,19.3,271,1013.8,100,6.2,6.9,527.0,8.2,64.0,3.9
2025-03-06 19:00:00,2025,3,6,19,Huế,Phường Phú Bài,16.409296,107.6779818,83,Moderate,1,19.4,95,2.8,19.3,281,1014.6,100,4.8,6.0,513.0,7.3,48.0,4.9
2025-03-06 20:00:00,2025,3,6,20,Huế,Phường Phú Bài,16.409296,107.6779818,79,Moderate,1,19.8,94,0.4,14.7,285,1016.1,100,4.6,5.8,499.0,7.0,49.0,4.7
2025-03-06 21:00:00,2025,3,6,21,Huế,Phường Phú Bài,16.409296,107.6779818,75,Moderate,1,19.6,97,0.3,11.7,274,1017.1,100,4.5,5.8,479.0,6.6,51.0,4.5
2025-03-06 22:00:00,2025,3,6,22,Huế,Phường Phú Bài,16.409296,107.6779818,71,Moderate,1,19.5,97,0.4,10.8,270,1017.2,100,5.3,6.8,460.0,6.4,52.0,4.3
2025-03-06 23:00:00,2025,3,6,23,Huế,Phường Phú Bài,16.409296,107.6779818,67,Moderate,1,19.4,97,0.2,11.0,269,1016.9,100,6.1,7.9,444.0,6.4,51.0,4.3
2025-03-07 00:00:00,2025,3,7,0,Huế,Phường Phú Bài,16.409296,107.6779818,64,Moderate,1,19.4,97,0.5,11.0,271,1016.6,100,6.4,8.3,430.0,6.6,50.0,4.4
2025-03-07 01:00:00,2025,3,7,1,Huế,Phường Phú Bài,16.409296,107.6779818,61,Moderate,1,19.1,98,0.7,12.8,272,1016.1,100,6.9,8.9,420.0,6.8,48.0,4.5
2025-03-07 02:00:00,2025,3,7,2,Huế,Phường Phú Bài,16.409296,107.6779818,57,Moderate,1,19.0,98,0.6,12.1,263,1015.7,100,7.2,9.3,411.0,6.9,46.0,4.6
2025-03-07 03:00:00,2025,3,7,3,Huế,Phường Phú Bài,16.409296,107.6779818,54,Moderate,1,19.0,98,0.4,12.1,266,1015.0,100,7.7,9.7,406.0,7.0,43.0,4.6
2025-03-07 04:00:00,2025,3,7,4,Huế,Phường Phú Bài,16.409296,107.6779818,52,Moderate,1,18.9,98,0.4,11.2,267,1014.8,100,8.4,10.6,413.0,7.2,41.0,4.8
2025-03-07 05:00:00,2025,3,7,5,Huế,Phường Phú Bài,16.409296,107.6779818,49,Good,0,18.9,98,0.5,11.0,266,1015.0,100,9.1,11.5,442.0,7.7,40.0,5.1
2025-03-07 06:00:00,2025,3,7,6,Huế,Phường Phú Bài,16.409296,107.6779818,45,Good,0,18.9,98,0.7,11.5,271,1015.5,100,10.0,12.7,483.0,8.2,41.0,5.6
2025-03-07 07:00:00,2025,3,7,7,Huế,Phường Phú Bài,16.409296,107.6779818,42,Good,0,19.2,98,1.1,12.2,287,1016.1,100,13.1,16.1,515.0,10.6,38.0,5.9
2025-03-07 08:00:00,2025,3,7,8,Huế,Phường Phú Bài,16.409296,107.6779818,41,Good,0,19.5,98,0.9,11.2,286,1017.4,100,13.0,15.9,530.0,10.0,42.0,6.0
2025-03-07 09:00:00,2025,3,7,9,Huế,Phường Phú Bài,16.409296,107.6779818,40,Good,0,20.0,97,1.6,14.9,316,1017.9,100,11.8,14.3,535.0,9.1,48.0,6.2
2025-03-07 10:00:00,2025,3,7,10,Huế,Phường Phú Bài,16.409296,107.6779818,39,Good,0,20.2,97,1.0,15.4,327,1017.6,100,14.2,17.5,530.0,8.3,55.0,6.3
2025-03-07 11:00:00,2025,3,7,11,Huế,Phường Phú Bài,16.409296,107.6779818,40,Good,0,21.0,90,0.5,13.3,332,1017.0,100,16.5,20.3,506.0,7.5,63.0,6.4
2025-03-07 12:00:00,2025,3,7,12,Huế,Phường Phú Bài,16.409296,107.6779818,41,Good,0,21.4,86,0.3,13.0,336,1016.4,100,16.0,18.4,471.0,6.6,71.0,6.4
2025-03-07 13:00:00,2025,3,7,13,Huế,Phường Phú Bài,16.409296,107.6779818,41,Good,0,21.4,86,0.4,13.8,334,1015.7,100,16.4,20.0,448.0,6.1,77.0,6.4
2025-03-07 14:00:00,2025,3,7,14,Huế,Phường Phú Bài,16.409296,107.6779818,41,Good,0,21.6,83,0.2,13.4,333,1014.5,100,14.8,18.0,443.0,5.8,80.0,6.3
2025-03-07 15:00:00,2025,3,7,15,Huế,Phường Phú Bài,16.409296,107.6779818,42,Good,0,21.3,82,0.2,13.3,335,1014.1,100,13.6,16.5,449.0,5.9,80.0,6.2
2025-03-07 16:00:00,2025,3,7,16,Huế,Phường Phú Bài,16.409296,107.6779818,41,Good,0,20.7,89,0.5,14.3,333,1013.9,100,13.4,16.2,470.0,6.4,79.0,6.1
2025-03-07 17:00:00,2025,3,7,17,Huế,Phường Phú Bài,16.409296,107.6779818,41,Good,0,20.1,93,0.4,13.5,322,1014.3,100,14.0,16.9,521.0,7.9,75.0,6.1
2025-03-07 18:00:00,2025,3,7,18,Huế,Phường Phú Bài,16.409296,107.6779818,42,Good,0,19.2,98,0.4,12.9,295,1015.1,100,14.3,17.4,587.0,10.0,68.0,6.2
2025-03-07 19:00:00,2025,3,7,19,Huế,Phường Phú Bài,16.409296,107.6779818,44,Good,0,18.6,98,0.5,13.5,272,1015.9,100,14.1,16.7,623.0,12.9,57.0,6.4
2025-03-07 20:00:00,2025,3,7,20,Huế,Phường Phú Bài,16.409296,107.6779818,45,Good,0,18.0,92,0.0,12.6,257,1017.3,100,13.1,15.8,602.0,12.0,57.0,6.3
2025-03-07 21:00:00,2025,3,7,21,Huế,Phường Phú Bài,16.409296,107.6779818,47,Good,0,17.9,92,0.0,11.9,255,1018.1,100,12.7,15.3,552.0,10.9,57.0,6.2
2025-03-07 22:00:00,2025,3,7,22,Huế,Phường Phú Bài,16.409296,107.6779818,48,Good,0,17.8,92,0.0,11.0,252,1018.1,100,12.5,15.1,509.0,9.9,56.0,6.0
2025-03-07 23:00:00,2025,3,7,23,Huế,Phường Phú Bài,16.409296,107.6779818,50,Good,0,17.9,91,0.0,10.1,250,1018.0,100,13.0,15.7,489.0,9.4,55.0,5.8
2025-03-08 00:00:00,2025,3,8,0,Huế,Phường Phú Bài,16.409296,107.6779818,50,Good,0,18.0,91,0.0,9.0,257,1017.2,100,13.0,15.8,476.0,9.1,54.0,5.7
2025-03-08 01:00:00,2025,3,8,1,Huế,Phường Phú Bài,16.409296,107.6779818,51,Moderate,1,18.1,90,0.0,9.5,261,1016.4,100,12.8,15.5,465.0,8.9,53.0,5.5
2025-03-08 02:00:00,2025,3,8,2,Huế,Phường Phú Bài,16.409296,107.6779818,51,Moderate,1,18.1,92,0.1,9.2,258,1015.9,100,12.5,15.1,449.0,8.5,51.0,5.3
2025-03-08 03:00:00,2025,3,8,3,Huế,Phường Phú Bài,16.409296,107.6779818,52,Moderate,1,18.2,92,0.1,8.4,250,1015.3,100,12.0,14.3,434.0,8.1,50.0,5.2
2025-03-08 04:00:00,2025,3,8,4,Huế,Phường Phú Bài,16.409296,107.6779818,52,Moderate,1,18.3,93,0.1,8.7,253,1015.1,100,11.6,13.8,437.0,8.1,48.0,5.2
2025-03-08 05:00:00,2025,3,8,5,Huế,Phường Phú Bài,16.409296,107.6779818,53,Moderate,1,18.4,93,0.1,7.7,254,1015.3,100,11.4,13.5,473.0,8.9,45.0,5.6
2025-03-08 06:00:00,2025,3,8,6,Huế,Phường Phú Bài,16.409296,107.6779818,53,Moderate,1,18.5,93,0.2,4.6,252,1015.9,100,11.6,13.7,526.0,9.9,43.0,6.3
2025-03-08 07:00:00,2025,3,8,7,Huế,Phường Phú Bài,16.409296,107.6779818,53,Moderate,1,18.8,93,0.1,4.7,254,1016.3,100,14.1,16.2,561.0,11.6,43.0,7.0
2025-03-08 08:00:00,2025,3,8,8,Huế,Phường Phú Bài,16.409296,107.6779818,53,Moderate,1,18.8,91,0.0,7.6,269,1017.7,100,15.0,17.1,560.0,10.8,52.0,7.8
2025-03-08 09:00:00,2025,3,8,9,Huế,Phường Phú Bài,16.409296,107.6779818,53,Moderate,1,19.5,87,0.0,11.4,283,1018.2,100,15.4,17.2,542.0,9.6,65.0,8.8
2025-03-08 10:00:00,2025,3,8,10,Huế,Phường Phú Bài,16.409296,107.6779818,54,Moderate,1,20.5,82,0.0,13.8,290,1018.2,100,15.3,16.6,525.0,8.5,76.0,9.3
2025-03-08 11:00:00,2025,3,8,11,Huế,Phường Phú Bài,16.409296,107.6779818,54,Moderate,1,20.9,81,0.0,13.8,297,1017.7,100,11.2,12.3,516.0,7.4,84.0,8.9
2025-03-08 12:00:00,2025,3,8,12,Huế,Phường Phú Bài,16.409296,107.6779818,53,Moderate,1,21.4,79,0.0,13.5,306,1017.0,100,11.3,12.4,510.0,6.3,89.0,8.0
2025-03-08 13:00:00,2025,3,8,13,Huế,Phường Phú Bài,16.409296,107.6779818,53,Moderate,1,21.5,80,0.0,13.4,314,1016.0,100,12.5,13.7,506.0,5.8,93.0,7.1
2025-03-08 14:00:00,2025,3,8,14,Huế,Phường Phú Bài,16.409296,107.6779818,52,Moderate,1,21.4,80,0.0,12.6,314,1015.1,100,13.2,15.2,494.0,6.0,94.0,6.5
2025-03-08 15:00:00,2025,3,8,15,Huế,Phường Phú Bài,16.409296,107.6779818,52,Moderate,1,21.5,80,0.0,11.3,314,1014.4,100,15.0,17.9,485.0,6.8,93.0,5.9
2025-03-08 16:00:00,2025,3,8,16,Huế,Phường Phú Bài,16.409296,107.6779818,52,Moderate,1,21.2,82,0.0,9.2,315,1014.3,100,17.5,20.4,514.0,8.1,90.0,5.5
2025-03-08 17:00:00,2025,3,8,17,Huế,Phường Phú Bài,16.409296,107.6779818,53,Moderate,1,21.0,84,0.0,7.3,312,1014.5,100,19.4,23.0,622.0,10.6,85.0,5.5
2025-03-08 18:00:00,2025,3,8,18,Huế,Phường Phú Bài,16.409296,107.6779818,53,Moderate,1,20.5,87,0.1,5.3,305,1015.0,100,21.8,25.7,767.0,13.6,78.0,5.8
2025-03-08 19:00:00,2025,3,8,19,Huế,Phường Phú Bài,16.409296,107.6779818,54,Moderate,1,20.2,89,0.1,6.9,277,1015.5,100,20.0,23.1,862.0,16.6,69.0,6.1
2025-03-08 20:00:00,2025,3,8,20,Huế,Phường Phú Bài,16.409296,107.6779818,54,Moderate,1,19.3,87,0.0,4.9,253,1016.9,100,21.7,25.1,860.0,16.2,68.0,5.9
2025-03-08 21:00:00,2025,3,8,21,Huế,Phường Phú Bài,16.409296,107.6779818,55,Moderate,1,19.4,87,0.0,5.8,250,1018.0,100,15.7,18.2,808.0,15.6,66.0,5.6
2025-03-08 22:00:00,2025,3,8,22,Huế,Phường Phú Bài,16.409296,107.6779818,55,Moderate,1,19.4,87,0.0,6.1,265,1017.9,100,16.4,19.5,754.0,15.0,63.0,5.1
2025-03-08 23:00:00,2025,3,8,23,Huế,Phường Phú Bài,16.409296,107.6779818,56,Moderate,1,19.5,87,0.0,6.0,260,1017.7,100,18.5,22.0,710.0,14.6,58.0,4.4
2025-03-09 00:00:00,2025,3,9,0,Huế,Phường Phú Bài,16.409296,107.6779818,56,Moderate,1,19.4,88,0.0,5.8,250,1017.3,100,19.6,23.0,663.0,14.3,53.0,3.6
2025-03-09 01:00:00,2025,3,9,1,Huế,Phường Phú Bài,16.409296,107.6779818,57,Moderate,1,19.5,88,0.0,5.8,250,1016.8,100,19.9,23.4,627.0,13.6,49.0,3.0
2025-03-09 02:00:00,2025,3,9,2,Huế,Phường Phú Bài,16.409296,107.6779818,58,Moderate,1,19.5,89,0.0,7.2,248,1016.1,86,18.9,22.2,603.0,12.1,48.0,2.6
2025-03-09 03:00:00,2025,3,9,3,Huế,Phường Phú Bài,16.409296,107.6779818,58,Moderate,1,19.4,89,0.0,7.3,242,1015.6,63,18.0,21.3,590.0,10.3,50.0,2.3
2025-03-09 04:00:00,2025,3,9,4,Huế,Phường Phú Bài,16.409296,107.6779818,59,Moderate,1,18.8,92,0.0,3.8,211,1015.3,100,17.7,21.0,592.0,9.0,52.0,2.3
2025-03-09 05:00:00,2025,3,9,5,Huế,Phường Phú Bài,16.409296,107.6779818,59,Moderate,1,18.8,94,0.0,3.1,208,1015.4,100,17.7,21.1,625.0,8.9,54.0,2.7
2025-03-09 06:00:00,2025,3,9,6,Huế,Phường Phú Bài,16.409296,107.6779818,60,Moderate,1,18.8,94,0.0,2.8,198,1015.8,100,18.2,21.7,674.0,9.4,57.0,3.3
2025-03-09 07:00:00,2025,3,9,7,Huế,Phường Phú Bài,16.409296,107.6779818,60,Moderate,1,19.7,91,0.0,3.2,180,1016.3,100,18.3,21.1,698.0,10.6,57.0,3.8
2025-03-09 08:00:00,2025,3,9,8,Huế,Phường Phú Bài,16.409296,107.6779818,61,Moderate,1,21.1,85,0.0,1.2,219,1016.9,100,16.3,20.0,679.0,8.7,70.0,3.7
2025-03-09 09:00:00,2025,3,9,9,Huế,Phường Phú Bài,16.409296,107.6779818,61,Moderate,1,22.7,79,0.1,1.5,14,1017.6,100,15.8,19.5,634.0,6.0,87.0,3.5
2025-03-09 10:00:00,2025,3,9,10,Huế,Phường Phú Bài,16.409296,107.6779818,61,Moderate,1,24.0,76,0.1,5.0,41,1017.8,92,14.8,18.6,577.0,3.8,101.0,3.2
2025-03-09 11:00:00,2025,3,9,11,Huế,Phường Phú Bài,16.409296,107.6779818,61,Moderate,1,24.5,75,0.0,9.2,43,1017.3,64,15.5,19.7,502.0,2.7,107.0,2.7
2025-03-09 12:00:00,2025,3,9,12,Huế,Phường Phú Bài,16.409296,107.6779818,61,Moderate,1,25.0,74,0.0,11.8,63,1016.9,65,15.0,19.2,414.0,2.1,108.0,2.2
2025-03-09 13:00:00,2025,3,9,13,Huế,Phường Phú Bài,16.409296,107.6779818,61,Moderate,1,25.1,75,0.0,12.9,65,1016.1,68,15.0,19.2,346.0,1.8,108.0,1.8
2025-03-09 14:00:00,2025,3,9,14,Huế,Phường Phú Bài,16.409296,107.6779818,62,Moderate,1,25.1,75,0.1,13.8,63,1015.3,100,14.6,18.6,310.0,1.6,107.0,1.6
2025-03-09 15:00:00,2025,3,9,15,Huế,Phường Phú Bài,16.409296,107.6779818,62,Moderate,1,24.5,77,0.0,14.1,60,1014.6,100,14.3,18.3,292.0,1.7,105.0,1.5
2025-03-09 16:00:00,2025,3,9,16,Huế,Phường Phú Bài,16.409296,107.6779818,62,Moderate,1,24.1,79,0.0,13.1,67,1014.3,98,13.9,17.8,288.0,2.6,100.0,1.7
2025-03-09 17:00:00,2025,3,9,17,Huế,Phường Phú Bài,16.409296,107.6779818,61,Moderate,1,23.7,81,0.1,13.3,74,1014.5,69,13.9,17.1,302.0,4.7,92.0,2.3
2025-03-09 18:00:00,2025,3,9,18,Huế,Phường Phú Bài,16.409296,107.6779818,61,Moderate,1,22.5,89,0.0,8.1,62,1015.0,33,14.6,18.2,329.0,7.7,83.0,3.1
2025-03-09 19:00:00,2025,3,9,19,Huế,Phường Phú Bài,16.409296,107.6779818,60,Moderate,1,21.7,94,0.0,6.9,59,1015.7,51,17.3,21.0,344.0,8.5,77.0,3.6
2025-03-09 20:00:00,2025,3,9,20,Huế,Phường Phú Bài,16.409296,107.6779818,60,Moderate,1,22.0,91,0.0,9.6,86,1017.0,46,18.2,21.8,334.0,8.9,73.0,3.9
2025-03-09 21:00:00,2025,3,9,21,Huế,Phường Phú Bài,16.409296,107.6779818,60,Moderate,1,21.8,93,0.0,7.4,91,1017.9,46,18.3,22.0,313.0,9.4,67.0,4.2
2025-03-09 22:00:00,2025,3,9,22,Huế,Phường Phú Bài,16.409296,107.6779818,60,Moderate,1,21.5,94,0.0,5.9,108,1018.2,62,19.5,23.2,292.0,10.0,62.0,4.4
2025-03-09 23:00:00,2025,3,9,23,Huế,Phường Phú Bài,16.409296,107.6779818,60,Moderate,1,21.3,95,0.0,5.6,123,1018.1,62,20.8,24.4,275.0,10.7,57.0,4.2
2025-03-10 00:00:00,2025,3,10,0,Huế,Phường Phú Bài,16.409296,107.6779818,60,Moderate,1,20.3,97,0.1,3.9,143,1017.5,62,20.3,23.6,259.0,11.4,52.0,3.8
2025-03-10 01:00:00,2025,3,10,1,Huế,Phường Phú Bài,16.409296,107.6779818,61,Moderate,1,20.0,98,0.1,3.2,180,1017.0,98,19.8,23.2,248.0,11.8,48.0,3.4
2025-03-10 02:00:00,2025,3,10,2,Huế,Phường Phú Bài,16.409296,107.6779818,61,Moderate,1,20.3,98,0.1,2.4,222,1016.3,100,20.1,23.6,238.0,11.6,45.0,3.0
2025-03-10 03:00:00,2025,3,10,3,Huế,Phường Phú Bài,16.409296,107.6779818,61,Moderate,1,20.2,99,0.2,1.8,246,1015.8,100,19.6,22.8,233.0,11.1,42.0,2.7
2025-03-10 04:00:00,2025,3,10,4,Huế,Phường Phú Bài,16.409296,107.6779818,61,Moderate,1,20.5,99,0.2,1.4,247,1015.6,100,19.2,22.2,254.0,11.4,41.0,2.8
2025-03-10 05:00:00,2025,3,10,5,Huế,Phường Phú Bài,16.409296,107.6779818,61,Moderate,1,20.6,99,0.1,0.8,225,1015.9,99,19.4,22.4,334.0,13.7,39.0,3.7
2025-03-10 06:00:00,2025,3,10,6,Huế,Phường Phú Bài,16.409296,107.6779818,61,Moderate,1,21.0,97,0.2,0.4,63,1016.4,100,19.7,22.6,440.0,16.7,38.0,5.0
2025-03-10 07:00:00,2025,3,10,7,Huế,Phường Phú Bài,16.409296,107.6779818,61,Moderate,1,21.4,98,0.4,4.4,99,1017.2,100,17.6,20.8,493.0,8.5,64.0,4.3
2025-03-10 08:00:00,2025,3,10,8,Huế,Phường Phú Bài,16.409296,107.6779818,61,Moderate,1,22.9,87,0.0,4.5,90,1018.2,99,14.8,18.2,438.0,7.1,73.0,4.1
2025-03-10 09:00:00,2025,3,10,9,Huế,Phường Phú Bài,16.409296,107.6779818,61,Moderate,1,23.9,85,0.5,9.6,95,1018.7,100,14.3,17.8,330.0,5.1,87.0,3.9
2025-03-10 10:00:00,2025,3,10,10,Huế,Phường Phú Bài,16.409296,107.6779818,61,Moderate,1,24.1,84,0.2,11.6,83,1018.4,99,13.6,17.4,249.0,3.6,97.0,3.6
2025-03-10 11:00:00,2025,3,10,11,Huế,Phường Phú Bài,16.409296,107.6779818,61,Moderate,1,24.9,81,0.2,13.4,76,1017.8,100,14.6,18.7,230.0,2.8,102.0,3.3
2025-03-10 12:00:00,2025,3,10,12,Huế,Phường Phú Bài,16.409296,107.6779818,61,Moderate,1,25.5,79,0.2,14.3,76,1016.8,83,14.8,18.8,239.0,2.5,105.0,2.9
2025-03-10 13:00:00,2025,3,10,13,Huế,Phường Phú Bài,16.409296,107.6779818,61,Moderate,1,25.6,79,0.2,16.3,72,1015.8,100,14.8,18.9,249.0,2.6,106.0,2.6
2025-03-10 14:00:00,2025,3,10,14,Huế,Phường Phú Bài,16.409296,107.6779818,61,Moderate,1,25.0,80,0.0,15.6,71,1015.0,100,14.8,18.6,251.0,3.0,105.0,2.5
2025-03-10 15:00:00,2025,3,10,15,Huế,Phường Phú Bài,16.409296,107.6779818,61,Moderate,1,24.5,81,0.0,16.3,72,1014.3,100,15.2,19.2,254.0,3.8,103.0,2.4
2025-03-10 16:00:00,2025,3,10,16,Huế,Phường Phú Bài,16.409296,107.6779818,61,Moderate,1,23.7,85,0.0,15.7,75,1014.0,100,14.9,18.1,262.0,5.2,98.0,2.6
2025-03-10 17:00:00,2025,3,10,17,Huế,Phường Phú Bài,16.409296,107.6779818,61,Moderate,1,23.2,88,0.2,12.7,79,1014.1,100,15.7,19.1,280.0,7.7,90.0,3.1
2025-03-10 18:00:00,2025,3,10,18,Huế,Phường Phú Bài,16.409296,107.6779818,61,Moderate,1,23.0,90,0.1,8.3,84,1014.4,100,16.5,19.8,301.0,10.7,79.0,3.8
2025-03-10 19:00:00,2025,3,10,19,Huế,Phường Phú Bài,16.409296,107.6779818,61,Moderate,1,22.6,93,0.1,7.2,91,1015.1,100,20.0,23.9,312.0,12.4,71.0,4.4
2025-03-10 20:00:00,2025,3,10,20,Huế,Phường Phú Bài,16.409296,107.6779818,61,Moderate,1,22.1,98,0.8,5.0,103,1016.1,100,20.6,24.2,298.0,14.1,63.0,4.9
2025-03-10 21:00:00,2025,3,10,21,Huế,Phường Phú Bài,16.409296,107.6779818,62,Moderate,1,22.2,98,1.0,4.4,109,1016.7,100,21.8,25.0,273.0,16.5,52.0,5.5
2025-03-10 22:00:00,2025,3,10,22,Huế,Phường Phú Bài,16.409296,107.6779818,62,Moderate,1,22.1,98,0.8,3.7,141,1016.5,100,22.8,25.9,261.0,17.9,43.0,5.8
2025-03-10 23:00:00,2025,3,10,23,Huế,Phường Phú Bài,16.409296,107.6779818,62,Moderate,1,22.2,98,0.3,2.7,148,1016.0,100,22.0,24.9,275.0,17.5,39.0,5.5
2025-03-11 00:00:00,2025,3,11,0,Huế,Phường Phú Bài,16.409296,107.6779818,62,Moderate,1,22.2,98,0.0,1.8,180,1015.2,100,20.5,23.3,301.0,16.1,37.0,4.8
2025-03-11 01:00:00,2025,3,11,1,Huế,Phường Phú Bài,16.409296,107.6779818,62,Moderate,1,22.0,99,0.0,2.5,201,1014.2,99,18.1,20.5,323.0,14.7,36.0,4.2
2025-03-11 02:00:00,2025,3,11,2,Huế,Phường Phú Bài,16.409296,107.6779818,62,Moderate,1,21.6,98,0.0,3.6,221,1012.9,96,15.7,17.8,330.0,13.5,34.0,3.7
2025-03-11 03:00:00,2025,3,11,3,Huế,Phường Phú Bài,16.409296,107.6779818,62,Moderate,1,21.2,99,0.0,1.8,264,1012.1,55,14.5,16.2,332.0,12.4,32.0,3.2
2025-03-11 04:00:00,2025,3,11,4,Huế,Phường Phú Bài,16.409296,107.6779818,61,Moderate,1,21.0,99,0.0,0.2,270,1011.8,100,13.8,15.4,342.0,11.8,32.0,3.2
2025-03-11 05:00:00,2025,3,11,5,Huế,Phường Phú Bài,16.409296,107.6779818,61,Moderate,1,21.4,98,0.0,0.8,243,1012.3,100,14.3,15.8,379.0,12.6,35.0,4.1
2025-03-11 06:00:00,2025,3,11,6,Huế,Phường Phú Bài,16.409296,107.6779818,60,Moderate,1,21.4,98,0.0,1.8,217,1012.9,100,15.9,17.7,425.0,14.0,40.0,5.3
2025-03-11 07:00:00,2025,3,11,7,Huế,Phường Phú Bài,16.409296,107.6779818,60,Moderate,1,22.2,96,0.0,3.4,212,1013.4,100,14.3,15.7,438.0,12.7,47.0,4.9
2025-03-11 08:00:00,2025,3,11,8,Huế,Phường Phú Bài,16.409296,107.6779818,60,Moderate,1,23.9,91,0.0,5.4,146,1014.5,99,9.7,11.5,386.0,10.8,58.0,5.0
2025-03-11 09:00:00,2025,3,11,9,Huế,Phường Phú Bài,16.409296,107.6779818,59,Moderate,1,25.5,85,0.1,6.7,117,1014.9,98,10.0,12.0,300.0,8.1,73.0,5.0
2025-03-11 10:00:00,2025,3,11,10,Huế,Phường Phú Bài,16.409296,107.6779818,59,Moderate,1,26.7,80,0.4,9.5,88,1014.4,100,10.5,12.8,233.0,5.8,85.0,4.8
2025-03-11 11:00:00,2025,3,11,11,Huế,Phường Phú Bài,16.409296,107.6779818,59,Moderate,1,27.4,77,0.3,11.8,77,1013.9,100,10.7,13.5,208.0,4.1,93.0,4.0
2025-03-11 12:00:00,2025,3,11,12,Huế,Phường Phú Bài,16.409296,107.6779818,58,Moderate,1,27.2,79,0.2,16.1,74,1013.1,94,10.6,13.8,203.0,2.6,99.0,3.0
2025-03-11 13:00:00,2025,3,11,13,Huế,Phường Phú Bài,16.409296,107.6779818,58,Moderate,1,27.0,79,0.0,16.2,77,1011.7,100,10.4,13.5,200.0,1.7,101.0,2.2
2025-03-11 14:00:00,2025,3,11,14,Huế,Phường Phú Bài,16.409296,107.6779818,58,Moderate,1,27.0,79,0.0,16.6,75,1010.8,97,10.1,13.2,194.0,1.3,99.0,1.9
2025-03-11 15:00:00,2025,3,11,15,Huế,Phường Phú Bài,16.409296,107.6779818,57,Moderate,1,26.3,82,0.1,15.9,78,1010.1,100,9.8,13.0,192.0,1.4,93.0,1.9
2025-03-11 16:00:00,2025,3,11,16,Huế,Phường Phú Bài,16.409296,107.6779818,57,Moderate,1,25.6,84,0.1,16.5,83,1010.2,100,9.4,12.4,194.0,2.3,85.0,2.1
2025-03-11 17:00:00,2025,3,11,17,Huế,Phường Phú Bài,16.409296,107.6779818,56,Moderate,1,25.3,85,0.0,16.4,81,1010.4,91,9.5,12.5,198.0,4.7,74.0,2.7
2025-03-11 18:00:00,2025,3,11,18,Huế,Phường Phú Bài,16.409296,107.6779818,56,Moderate,1,24.4,91,0.0,13.1,77,1010.6,51,9.9,12.8,207.0,7.9,62.0,3.5
2025-03-11 19:00:00,2025,3,11,19,Huế,Phường Phú Bài,16.409296,107.6779818,55,Moderate,1,23.9,93,0.0,9.8,83,1011.1,34,13.1,15.6,229.0,12.5,57.0,4.8
2025-03-11 20:00:00,2025,3,11,20,Huế,Phường Phú Bài,16.409296,107.6779818,54,Moderate,1,23.3,96,0.0,9.0,110,1011.7,3,14.1,16.4,276.0,12.4,55.0,5.0
2025-03-11 21:00:00,2025,3,11,21,Huế,Phường Phú Bài,16.409296,107.6779818,54,Moderate,1,22.5,99,0.0,3.5,156,1012.3,20,14.0,16.2,337.0,12.2,53.0,5.3
2025-03-11 22:00:00,2025,3,11,22,Huế,Phường Phú Bài,16.409296,107.6779818,53,Moderate,1,22.1,100,0.0,2.2,189,1012.2,100,14.4,16.5,388.0,11.9,51.0,5.2
2025-03-11 23:00:00,2025,3,11,23,Huế,Phường Phú Bài,16.409296,107.6779818,52,Moderate,1,21.9,100,0.0,1.3,172,1011.9,100,15.7,17.2,426.0,11.5,50.0,4.5
2025-03-12 00:00:00,2025,3,12,0,Huế,Phường Phú Bài,16.409296,107.6779818,52,Moderate,1,21.5,100,0.0,2.9,79,1011.1,100,17.1,18.3,454.0,11.0,49.0,3.6
2025-03-12 01:00:00,2025,3,12,1,Huế,Phường Phú Bài,16.409296,107.6779818,52,Moderate,1,21.5,100,0.0,4.2,85,1010.4,100,17.6,18.9,464.0,10.5,47.0,2.8
2025-03-12 02:00:00,2025,3,12,2,Huế,Phường Phú Bài,16.409296,107.6779818,52,Moderate,1,21.6,100,0.0,2.2,104,1009.6,100,18.0,19.2,438.0,10.1,44.0,2.4
2025-03-12 03:00:00,2025,3,12,3,Huế,Phường Phú Bài,16.409296,107.6779818,52,Moderate,1,21.3,100,0.0,1.2,219,1009.0,100,18.4,19.5,393.0,9.8,40.0,2.2
2025-03-12 04:00:00,2025,3,12,4,Huế,Phường Phú Bài,16.409296,107.6779818,52,Moderate,1,21.4,99,0.0,3.2,251,1008.8,100,18.6,19.7,368.0,9.6,38.0,2.2
2025-03-12 05:00:00,2025,3,12,5,Huế,Phường Phú Bài,16.409296,107.6779818,52,Moderate,1,21.2,100,0.0,5.2,270,1009.3,100,18.6,19.6,390.0,10.0,35.0,2.6
2025-03-12 06:00:00,2025,3,12,6,Huế,Phường Phú Bài,16.409296,107.6779818,53,Moderate,1,21.3,100,0.0,4.7,272,1009.9,100,18.5,19.4,431.0,10.7,34.0,3.3
2025-03-12 07:00:00,2025,3,12,7,Huế,Phường Phú Bài,16.409296,107.6779818,53,Moderate,1,21.9,99,0.0,3.8,259,1010.5,100,19.7,20.7,451.0,10.0,44.0,3.4
2025-03-12 08:00:00,2025,3,12,8,Huế,Phường Phú Bài,16.409296,107.6779818,54,Moderate,1,24.5,89,0.0,1.9,287,1011.5,51,20.1,21.5,425.0,8.4,63.0,3.6
2025-03-12 09:00:00,2025,3,12,9,Huế,Phường Phú Bài,16.409296,107.6779818,55,Moderate,1,26.6,79,0.0,2.9,94,1012.0,69,19.9,21.8,378.0,6.2,89.0,4.0
2025-03-12 10:00:00,2025,3,12,10,Huế,Phường Phú Bài,16.409296,107.6779818,55,Moderate,1,28.4,73,0.0,5.1,48,1011.7,99,18.2,20.3,336.0,4.5,110.0,4.2
2025-03-12 11:00:00,2025,3,12,11,Huế,Phường Phú Bài,16.409296,107.6779818,56,Moderate,1,28.5,73,0.0,6.7,56,1011.2,66,17.1,19.2,312.0,3.7,121.0,4.2
2025-03-12 12:00:00,2025,3,12,12,Huế,Phường Phú Bài,16.409296,107.6779818,57,Moderate,1,28.1,78,0.0,9.5,37,1010.3,100,16.7,18.8,294.0,3.4,126.0,4.1
2025-03-12 13:00:00,2025,3,12,13,Huế,Phường Phú Bài,16.409296,107.6779818,57,Moderate,1,27.9,79,0.0,8.2,32,1009.2,83,17.5,19.6,275.0,3.4,129.0,4.1
2025-03-12 14:00:00,2025,3,12,14,Huế,Phường Phú Bài,16.409296,107.6779818,58,Moderate,1,28.4,75,0.0,8.3,56,1007.9,94,17.1,19.2,244.0,3.5,131.0,4.2
2025-03-12 15:00:00,2025,3,12,15,Huế,Phường Phú Bài,16.409296,107.6779818,58,Moderate,1,27.7,78,0.0,9.8,77,1007.3,94,16.5,18.6,212.0,3.8,130.0,4.4
2025-03-12 16:00:00,2025,3,12,16,Huế,Phường Phú Bài,16.409296,107.6779818,59,Moderate,1,27.5,80,0.0,9.9,80,1006.8,78,16.8,19.0,199.0,4.8,125.0,4.6
2025-03-12 17:00:00,2025,3,12,17,Huế,Phường Phú Bài,16.409296,107.6779818,71,Moderate,1,26.6,85,0.1,8.5,78,1007.0,63,16.6,19.0,221.0,7.0,112.0,4.9
2025-03-12 18:00:00,2025,3,12,18,Huế,Phường Phú Bài,16.409296,107.6779818,76,Moderate,1,25.5,90,0.1,6.9,75,1007.4,19,16.4,18.3,263.0,9.8,95.0,5.3
2025-03-12 19:00:00,2025,3,12,19,Huế,Phường Phú Bài,16.409296,107.6779818,73,Moderate,1,24.6,92,0.0,7.5,80,1008.3,61,15.8,17.8,297.0,10.1,83.0,4.9
2025-03-12 20:00:00,2025,3,12,20,Huế,Phường Phú Bài,16.409296,107.6779818,65,Moderate,1,24.6,90,0.0,10.1,90,1008.9,100,14.6,16.4,314.0,10.3,78.0,5.0
2025-03-12 21:00:00,2025,3,12,21,Huế,Phường Phú Bài,16.409296,107.6779818,61,Moderate,1,24.9,89,0.0,9.0,95,1010.0,100,14.1,15.8,325.0,10.5,70.0,5.2
2025-03-12 22:00:00,2025,3,12,22,Huế,Phường Phú Bài,16.409296,107.6779818,61,Moderate,1,25.0,88,0.0,7.9,111,1010.1,100,14.2,15.6,330.0,10.6,63.0,5.1
2025-03-12 23:00:00,2025,3,12,23,Huế,Phường Phú Bài,16.409296,107.6779818,61,Moderate,1,24.6,89,0.2,6.4,80,1009.9,100,14.3,15.4,325.0,10.5,58.0,4.6
2025-03-13 00:00:00,2025,3,13,0,Huế,Phường Phú Bài,16.409296,107.6779818,61,Moderate,1,24.2,92,0.0,8.5,96,1009.6,100,14.6,15.7,315.0,10.3,54.0,3.8
2025-03-13 01:00:00,2025,3,13,1,Huế,Phường Phú Bài,16.409296,107.6779818,61,Moderate,1,24.2,92,0.0,6.7,106,1009.2,100,14.8,15.9,319.0,10.0,50.0,3.2
2025-03-13 02:00:00,2025,3,13,2,Huế,Phường Phú Bài,16.409296,107.6779818,61,Moderate,1,24.2,91,0.0,5.9,121,1008.6,100,14.7,15.6,349.0,9.5,47.0,2.7
2025-03-13 03:00:00,2025,3,13,3,Huế,Phường Phú Bài,16.409296,107.6779818,60,Moderate,1,24.2,91,0.2,7.4,119,1007.9,100,14.5,15.4,392.0,8.8,45.0,2.4
2025-03-13 04:00:00,2025,3,13,4,Huế,Phường Phú Bài,16.409296,107.6779818,60,Moderate,1,24.0,92,0.0,9.5,109,1007.5,99,14.7,15.6,430.0,8.7,42.0,2.3
2025-03-13 05:00:00,2025,3,13,5,Huế,Phường Phú Bài,16.409296,107.6779818,60,Moderate,1,23.8,93,0.0,9.0,125,1007.8,74,14.6,15.4,465.0,9.8,35.0,2.6
2025-03-13 06:00:00,2025,3,13,6,Huế,Phường Phú Bài,16.409296,107.6779818,59,Moderate,1,23.4,95,0.0,4.7,130,1008.6,20,14.8,15.4,495.0,11.4,29.0,3.2
2025-03-13 07:00:00,2025,3,13,7,Huế,Phường Phú Bài,16.409296,107.6779818,59,Moderate,1,24.3,92,0.0,2.9,90,1009.6,37,16.5,17.1,495.0,11.7,35.0,3.6
2025-03-13 08:00:00,2025,3,13,8,Huế,Phường Phú Bài,16.409296,107.6779818,59,Moderate,1,25.1,90,0.0,2.7,242,1011.5,98,17.0,17.8,439.0,9.8,56.0,4.0
2025-03-13 09:00:00,2025,3,13,9,Huế,Phường Phú Bài,16.409296,107.6779818,58,Moderate,1,27.4,80,0.0,0.4,333,1012.0,98,20.0,20.9,353.0,7.1,84.0,4.6
2025-03-13 10:00:00,2025,3,13,10,Huế,Phường Phú Bài,16.409296,107.6779818,58,Moderate,1,28.5,74,0.0,2.4,81,1012.1,92,19.2,20.3,292.0,5.1,108.0,5.1
2025-03-13 11:00:00,2025,3,13,11,Huế,Phường Phú Bài,16.409296,107.6779818,58,Moderate,1,30.0,68,0.0,1.9,331,1011.5,100,20.2,21.4,288.0,4.4,121.0,5.3
2025-03-13 12:00:00,2025,3,13,12,Huế,Phường Phú Bài,16.409296,107.6779818,59,Moderate,1,30.0,68,0.0,4.4,333,1010.4,100,20.2,21.9,309.0,4.3,129.0,5.5
2025-03-13 13:00:00,2025,3,13,13,Huế,Phường Phú Bài,16.409296,107.6779818,59,Moderate,1,29.2,74,0.0,5.6,33,1009.3,82,20.1,22.1,319.0,4.3,135.0,5.5
2025-03-13 14:00:00,2025,3,13,14,Huế,Phường Phú Bài,16.409296,107.6779818,59,Moderate,1,29.6,73,0.0,7.5,40,1007.9,100,20.0,21.9,297.0,3.9,142.0,5.4
2025-03-13 15:00:00,2025,3,13,15,Huế,Phường Phú Bài,16.409296,107.6779818,60,Moderate,1,28.4,77,0.0,8.8,57,1007.2,100,19.7,21.7,263.0,3.6,146.0,5.1
2025-03-13 16:00:00,2025,3,13,16,Huế,Phường Phú Bài,16.409296,107.6779818,62,Moderate,1,27.9,78,0.0,8.8,62,1006.7,85,19.3,21.0,245.0,4.7,143.0,5.2
2025-03-13 17:00:00,2025,3,13,17,Huế,Phường Phú Bài,16.409296,107.6779818,81,Moderate,1,27.2,80,0.0,7.4,67,1007.1,57,18.9,20.4,249.0,8.5,127.0,5.9
2025-03-13 18:00:00,2025,3,13,18,Huế,Phường Phú Bài,16.409296,107.6779818,90,Moderate,1,25.6,89,0.0,4.3,62,1007.5,92,20.0,21.3,268.0,13.7,103.0,6.8
2025-03-13 19:00:00,2025,3,13,19,Huế,Phường Phú Bài,16.409296,107.6779818,89,Moderate,1,24.7,92,0.0,2.8,35,1008.1,65,30.0,32.0,311.0,17.9,89.0,8.5
2025-03-13 20:00:00,2025,3,13,20,Huế,Phường Phú Bài,16.409296,107.6779818,82,Moderate,1,24.3,95,0.0,0.0,270,1009.6,100,31.4,34.1,404.0,18.7,78.0,8.9
2025-03-13 21:00:00,2025,3,13,21,Huế,Phường Phú Bài,16.409296,107.6779818,71,Moderate,1,24.1,96,0.0,1.0,292,1010.5,100,30.0,32.7,520.0,19.7,64.0,9.3
2025-03-13 22:00:00,2025,3,13,22,Huế,Phường Phú Bài,16.409296,107.6779818,65,Moderate,1,24.0,96,0.0,0.5,45,1010.6,100,28.5,30.9,589.0,19.8,52.0,9.2
2025-03-13 23:00:00,2025,3,13,23,Huế,Phường Phú Bài,16.409296,107.6779818,66,Moderate,1,23.9,97,0.0,3.1,121,1010.2,100,26.0,28.1,570.0,18.2,47.0,8.2
2025-03-14 00:00:00,2025,3,14,0,Huế,Phường Phú Bài,16.409296,107.6779818,67,Moderate,1,23.8,97,0.0,3.6,117,1010.2,100,23.5,25.4,504.0,15.7,46.0,6.6
2025-03-14 01:00:00,2025,3,14,1,Huế,Phường Phú Bài,16.409296,107.6779818,68,Moderate,1,23.1,97,0.0,3.2,124,1009.7,96,21.4,23.2,442.0,13.6,44.0,5.3
2025-03-14 02:00:00,2025,3,14,2,Huế,Phường Phú Bài,16.409296,107.6779818,68,Moderate,1,22.8,98,0.0,2.8,169,1009.2,97,20.8,21.9,395.0,12.3,41.0,4.4
2025-03-14 03:00:00,2025,3,14,3,Huế,Phường Phú Bài,16.409296,107.6779818,69,Moderate,1,22.2,99,0.0,3.7,166,1008.6,97,20.5,21.5,352.0,11.3,38.0,3.7
2025-03-14 04:00:00,2025,3,14,4,Huế,Phường Phú Bài,16.409296,107.6779818,69,Moderate,1,22.0,99,0.0,2.5,180,1008.4,95,20.7,21.8,326.0,10.7,37.0,3.3
2025-03-14 05:00:00,2025,3,14,5,Huế,Phường Phú Bài,16.409296,107.6779818,70,Moderate,1,21.7,99,0.0,1.8,246,1009.0,92,21.2,22.3,333.0,11.0,36.0,3.5
2025-03-14 06:00:00,2025,3,14,6,Huế,Phường Phú Bài,16.409296,107.6779818,71,Moderate,1,21.8,98,0.0,7.0,270,1010.0,97,21.9,22.9,358.0,11.7,36.0,4.0
2025-03-14 07:00:00,2025,3,14,7,Huế,Phường Phú Bài,16.409296,107.6779818,71,Moderate,1,23.0,92,0.0,7.8,266,1010.9,93,27.5,28.7,369.0,13.2,38.0,4.1
2025-03-14 08:00:00,2025,3,14,8,Huế,Phường Phú Bài,16.409296,107.6779818,72,Moderate,1,25.7,85,0.0,3.5,215,1011.7,100,25.3,26.5,351.0,10.7,65.0,4.4
2025-03-14 09:00:00,2025,3,14,9,Huế,Phường Phú Bài,16.409296,107.6779818,73,Moderate,1,27.9,77,0.0,0.7,76,1012.0,97,25.6,26.7,319.0,7.3,103.0,4.9
2025-03-14 10:00:00,2025,3,14,10,Huế,Phường Phú Bài,16.409296,107.6779818,73,Moderate,1,29.2,75,0.0,5.1,36,1012.0,85,25.2,26.3,292.0,4.7,135.0,5.2
2025-03-14 11:00:00,2025,3,14,11,Huế,Phường Phú Bài,16.409296,107.6779818,74,Moderate,1,30.0,74,0.0,8.4,42,1011.3,97,24.9,26.3,275.0,3.5,154.0,5.1
2025-03-14 12:00:00,2025,3,14,12,Huế,Phường Phú Bài,16.409296,107.6779818,74,Moderate,1,30.1,75,0.0,10.2,39,1010.5,91,25.2,27.0,262.0,3.1,166.0,4.9
2025-03-14 13:00:00,2025,3,14,13,Huế,Phường Phú Bài,16.409296,107.6779818,75,Moderate,1,30.0,73,0.0,9.5,46,1009.6,100,24.8,26.4,251.0,3.0,174.0,4.7
2025-03-14 14:00:00,2025,3,14,14,Huế,Phường Phú Bài,16.409296,107.6779818,75,Moderate,1,30.2,71,0.0,9.2,51,1008.6,93,24.2,25.8,237.0,2.8,180.0,4.6
2025-03-14 15:00:00,2025,3,14,15,Huế,Phường Phú Bài,16.409296,107.6779818,82,Moderate,1,29.9,73,0.0,11.1,61,1008.0,97,23.3,24.9,224.0,2.8,181.0,4.6
2025-03-14 16:00:00,2025,3,14,16,Huế,Phường Phú Bài,16.409296,107.6779818,113,Unhealthy for Sensitive Groups,2,29.1,76,0.0,9.2,67,1007.7,66,21.7,23.1,225.0,4.0,174.0,4.8
2025-03-14 17:00:00,2025,3,14,17,Huế,Phường Phú Bài,16.409296,107.6779818,136,Unhealthy for Sensitive Groups,2,28.0,80,0.0,6.2,52,1008.0,47,20.2,21.5,235.0,7.2,152.0,5.3
2025-03-14 18:00:00,2025,3,14,18,Huế,Phường Phú Bài,16.409296,107.6779818,146,Unhealthy for Sensitive Groups,2,26.4,86,0.0,4.7,32,1008.2,32,19.9,21.0,258.0,11.5,120.0,6.1
2025-03-14 19:00:00,2025,3,14,19,Huế,Phường Phú Bài,16.409296,107.6779818,143,Unhealthy for Sensitive Groups,2,25.4,88,0.0,3.4,18,1008.8,8,21.9,22.9,325.0,14.9,96.0,7.2
2025-03-14 20:00:00,2025,3,14,20,Huế,Phường Phú Bài,16.409296,107.6779818,131,Unhealthy for Sensitive Groups,2,24.9,92,0.0,0.9,37,1010.0,15,22.8,23.7,492.0,14.8,87.0,7.0
2025-03-14 21:00:00,2025,3,14,21,Huế,Phường Phú Bài,16.409296,107.6779818,114,Unhealthy for Sensitive Groups,2,24.5,93,0.0,1.5,210,1010.3,5,22.6,23.6,703.0,14.7,74.0,6.8
2025-03-14 22:00:00,2025,3,14,22,Huế,Phường Phú Bài,16.409296,107.6779818,93,Moderate,1,24.3,95,0.0,1.5,159,1010.4,0,24.3,25.1,812.0,14.3,64.0,6.3
2025-03-14 23:00:00,2025,3,14,23,Huế,Phường Phú Bài,16.409296,107.6779818,74,Moderate,1,24.0,96,0.0,3.2,142,1010.2,0,26.1,26.9,724.0,13.6,59.0,5.4
2025-03-15 00:00:00,2025,3,15,0,Huế,Phường Phú Bài,16.409296,107.6779818,74,Moderate,1,23.8,98,0.0,2.3,135,1009.7,0,26.9,27.6,535.0,12.7,57.0,4.2
2025-03-15 01:00:00,2025,3,15,1,Huế,Phường Phú Bài,16.409296,107.6779818,74,Moderate,1,23.2,99,0.0,3.5,168,1009.4,0,27.2,27.8,392.0,11.8,55.0,3.3
2025-03-15 02:00:00,2025,3,15,2,Huế,Phường Phú Bài,16.409296,107.6779818,75,Moderate,1,22.7,100,0.0,3.7,194,1008.5,13,27.1,27.6,362.0,10.7,53.0,2.8
2025-03-15 03:00:00,2025,3,15,3,Huế,Phường Phú Bài,16.409296,107.6779818,75,Moderate,1,22.3,100,0.0,2.5,210,1008.2,99,27.0,27.4,378.0,9.6,50.0,2.6
2025-03-15 04:00:00,2025,3,15,4,Huế,Phường Phú Bài,16.409296,107.6779818,76,Moderate,1,22.3,99,0.0,5.1,234,1008.1,63,26.3,26.6,391.0,9.0,49.0,2.6
2025-03-15 05:00:00,2025,3,15,5,Huế,Phường Phú Bài,16.409296,107.6779818,76,Moderate,1,22.2,97,0.0,5.3,232,1008.6,71,26.0,26.3,381.0,9.6,44.0,2.9
2025-03-15 06:00:00,2025,3,15,6,Huế,Phường Phú Bài,16.409296,107.6779818,77,Moderate,1,22.0,97,0.0,4.6,225,1009.2,14,26.1,26.4,368.0,10.7,40.0,3.5
2025-03-15 07:00:00,2025,3,15,7,Huế,Phường Phú Bài,16.409296,107.6779818,77,Moderate,1,23.5,91,0.0,5.3,215,1009.9,0,12.5,12.5,365.0,9.4,62.0,4.4
2025-03-15 08:00:00,2025,3,15,8,Huế,Phường Phú Bài,16.409296,107.6779818,76,Moderate,1,26.8,80,0.0,3.5,235,1010.6,0,11.4,11.4,390.0,7.7,90.0,5.2
2025-03-15 09:00:00,2025,3,15,9,Huế,Phường Phú Bài,16.409296,107.6779818,74,Moderate,1,29.2,73,0.0,2.5,291,1011.4,0,12.3,12.4,425.0,5.4,130.0,6.3
2025-03-15 10:00:00,2025,3,15,10,Huế,Phường Phú Bài,16.409296,107.6779818,73,Moderate,1,30.9,70,0.0,3.8,357,1011.2,1,13.2,13.4,434.0,3.6,162.0,6.9
2025-03-15 11:00:00,2025,3,15,11,Huế,Phường Phú Bài,16.409296,107.6779818,72,Moderate,1,31.9,70,0.0,6.1,28,1010.9,12,14.7,14.9,392.0,2.9,180.0,6.4
2025-03-15 12:00:00,2025,3,15,12,Huế,Phường Phú Bài,16.409296,107.6779818,71,Moderate,1,31.9,71,0.0,8.9,45,1010.1,8,16.2,16.6,323.0,2.7,190.0,5.3
2025-03-15 13:00:00,2025,3,15,13,Huế,Phường Phú Bài,16.409296,107.6779818,70,Moderate,1,31.5,68,0.0,10.6,50,1009.5,30,18.0,18.5,270.0,2.8,196.0,4.6
2025-03-15 14:00:00,2025,3,15,14,Huế,Phường Phú Bài,16.409296,107.6779818,90,Moderate,1,31.4,65,0.0,7.8,56,1008.5,43,19.6,20.1,247.0,2.8,200.0,4.5
2025-03-15 15:00:00,2025,3,15,15,Huế,Phường Phú Bài,16.409296,107.6779818,124,Unhealthy for Sensitive Groups,2,31.5,65,0.0,6.9,75,1007.5,30,20.5,21.1,239.0,3.1,200.0,4.6
2025-03-15 16:00:00,2025,3,15,16,Huế,Phường Phú Bài,16.409296,107.6779818,152,Unhealthy,3,31.0,69,0.0,6.0,85,1007.1,36,21.3,22.1,243.0,4.8,190.0,5.1
2025-03-15 17:00:00,2025,3,15,17,Huế,Phường Phú Bài,16.409296,107.6779818,168,Unhealthy,3,29.7,76,0.0,7.6,62,1007.3,30,22.9,24.1,250.0,8.9,163.0,6.0
2025-03-15 18:00:00,2025,3,15,18,Huế,Phường Phú Bài,16.409296,107.6779818,174,Unhealthy,3,27.0,83,0.0,7.5,60,1007.9,36,25.7,26.7,268.0,14.3,126.0,7.2
2025-03-15 19:00:00,2025,3,15,19,Huế,Phường Phú Bài,16.409296,107.6779818,168,Unhealthy,3,25.6,87,0.0,4.7,50,1008.5,23,35.2,36.1,324.0,17.8,97.0,8.8
2025-03-15 20:00:00,2025,3,15,20,Huế,Phường Phú Bài,16.409296,107.6779818,155,Unhealthy,3,24.8,95,0.0,1.8,349,1009.8,16,39.5,40.4,474.0,22.4,80.0,10.6
2025-03-15 21:00:00,2025,3,15,21,Huế,Phường Phú Bài,16.409296,107.6779818,133,Unhealthy for Sensitive Groups,2,24.2,98,0.0,1.2,321,1010.7,7,42.8,43.9,662.0,28.4,56.0,13.0
2025-03-15 22:00:00,2025,3,15,22,Huế,Phường Phú Bài,16.409296,107.6779818,103,Unhealthy for Sensitive Groups,2,23.9,99,0.0,5.7,314,1011.2,0,46.4,47.5,739.0,31.6,39.0,13.8
2025-03-15 23:00:00,2025,3,15,23,Huế,Phường Phú Bài,16.409296,107.6779818,76,Moderate,1,23.6,99,0.0,8.4,315,1011.7,2,51.2,52.6,600.0,29.3,35.0,11.7
2025-03-16 00:00:00,2025,3,16,0,Huế,Phường Phú Bài,16.409296,107.6779818,79,Moderate,1,23.5,99,0.0,12.6,316,1011.8,100,45.4,47.3,351.0,24.1,39.0,8.1
2025-03-16 01:00:00,2025,3,16,1,Huế,Phường Phú Bài,16.409296,107.6779818,80,Moderate,1,23.9,97,0.0,12.5,337,1011.9,100,40.6,42.8,165.0,19.0,43.0,5.2
2025-03-16 02:00:00,2025,3,16,2,Huế,Phường Phú Bài,16.409296,107.6779818,81,Moderate,1,24.0,98,0.1,9.0,337,1011.6,100,27.9,30.2,116.0,14.7,47.0,3.7
2025-03-16 03:00:00,2025,3,16,3,Huế,Phường Phú Bài,16.409296,107.6779818,81,Moderate,1,24.0,98,0.4,7.3,349,1011.3,100,12.1,13.8,131.0,10.5,52.0,2.8
2025-03-16 04:00:00,2025,3,16,4,Huế,Phường Phú Bài,16.409296,107.6779818,80,Moderate,1,24.0,98,0.2,8.0,351,1011.4,100,6.1,7.6,160.0,7.5,57.0,2.3
2025-03-16 05:00:00,2025,3,16,5,Huế,Phường Phú Bài,16.409296,107.6779818,78,Moderate,1,23.7,96,0.1,11.1,340,1011.8,100,5.2,6.7,200.0,6.4,61.0,2.1
2025-03-16 06:00:00,2025,3,16,6,Huế,Phường Phú Bài,16.409296,107.6779818,76,Moderate,1,22.1,94,0.1,16.7,7,1012.9,100,6.9,8.6,255.0,6.4,63.0,2.2
2025-03-16 07:00:00,2025,3,16,7,Huế,Phường Phú Bài,16.409296,107.6779818,75,Moderate,1,22.1,96,2.0,6.4,350,1013.9,87,12.8,15.1,291.0,9.1,59.0,3.1
2025-03-16 08:00:00,2025,3,16,8,Huế,Phường Phú Bài,16.409296,107.6779818,75,Moderate,1,22.9,98,3.1,10.1,43,1014.7,100,14.7,17.3,283.0,8.1,66.0,3.2
2025-03-16 09:00:00,2025,3,16,9,Huế,Phường Phú Bài,16.409296,107.6779818,75,Moderate,1,23.0,97,2.5,13.6,11,1015.7,100,13.7,16.4,256.0,6.7,74.0,3.3
2025-03-16 10:00:00,2025,3,16,10,Huế,Phường Phú Bài,16.409296,107.6779818,75,Moderate,1,23.8,92,0.4,16.9,349,1015.9,100,14.0,16.9,253.0,5.6,81.0,3.4
2025-03-16 11:00:00,2025,3,16,11,Huế,Phường Phú Bài,16.409296,107.6779818,75,Moderate,1,22.8,96,1.2,20.1,343,1015.8,100,15.9,17.7,300.0,5.1,82.0,3.6
2025-03-16 12:00:00,2025,3,16,12,Huế,Phường Phú Bài,16.409296,107.6779818,75,Moderate,1,22.5,95,2.6,19.7,339,1015.9,100,18.5,19.2,371.0,5.0,81.0,3.7
2025-03-16 13:00:00,2025,3,16,13,Huế,Phường Phú Bài,16.409296,107.6779818,76,Moderate,1,22.1,95,2.8,19.3,338,1015.1,100,13.5,14.5,426.0,4.9,81.0,3.8
2025-03-16 14:00:00,2025,3,16,14,Huế,Phường Phú Bài,16.409296,107.6779818,75,Moderate,1,22.0,96,1.2,18.4,334,1014.0,100,15.4,17.1,443.0,4.7,84.0,3.6
2025-03-16 15:00:00,2025,3,16,15,Huế,Phường Phú Bài,16.409296,107.6779818,75,Moderate,1,21.3,96,1.2,16.6,326,1013.5,100,18.3,21.1,445.0,4.6,87.0,3.3
2025-03-16 16:00:00,2025,3,16,16,Huế,Phường Phú Bài,16.409296,107.6779818,75,Moderate,1,21.0,96,0.9,14.8,321,1013.4,100,20.9,24.1,458.0,4.7,89.0,3.2
2025-03-16 17:00:00,2025,3,16,17,Huế,Phường Phú Bài,16.409296,107.6779818,75,Moderate,1,20.6,96,0.8,11.1,317,1013.9,100,20.1,23.1,500.0,5.3,88.0,3.3
2025-03-16 18:00:00,2025,3,16,18,Huế,Phường Phú Bài,16.409296,107.6779818,74,Moderate,1,20.2,97,0.8,10.3,305,1014.4,100,18.9,21.7,554.0,6.2,85.0,3.6
2025-03-16 19:00:00,2025,3,16,19,Huế,Phường Phú Bài,16.409296,107.6779818,74,Moderate,1,20.0,97,0.4,9.6,290,1015.1,100,19.2,22.0,589.0,7.7,80.0,4.0
2025-03-16 20:00:00,2025,3,16,20,Huế,Phường Phú Bài,16.409296,107.6779818,72,Moderate,1,19.5,95,0.2,8.1,273,1016.3,100,18.6,21.3,595.0,7.8,77.0,4.2
2025-03-16 21:00:00,2025,3,16,21,Huế,Phường Phú Bài,16.409296,107.6779818,70,Moderate,1,19.3,96,0.1,8.0,256,1016.9,100,18.9,21.5,582.0,8.0,74.0,4.5
2025-03-16 22:00:00,2025,3,16,22,Huế,Phường Phú Bài,16.409296,107.6779818,68,Moderate,1,19.1,96,0.1,9.0,244,1016.9,100,19.4,22.1,558.0,8.0,71.0,4.7
2025-03-16 23:00:00,2025,3,16,23,Huế,Phường Phú Bài,16.409296,107.6779818,66,Moderate,1,19.0,95,0.1,8.6,241,1016.6,100,19.0,21.6,517.0,7.8,70.0,4.7
2025-03-17 00:00:00,2025,3,17,0,Huế,Phường Phú Bài,16.409296,107.6779818,63,Moderate,1,19.1,94,0.0,8.2,241,1016.2,100,18.4,21.1,463.0,7.4,70.0,4.6
2025-03-17 01:00:00,2025,3,17,1,Huế,Phường Phú Bài,16.409296,107.6779818,61,Moderate,1,19.2,94,0.0,7.8,238,1015.6,100,18.3,21.0,419.0,7.2,69.0,4.5
2025-03-17 02:00:00,2025,3,17,2,Huế,Phường Phú Bài,16.409296,107.6779818,59,Moderate,1,19.3,93,0.0,7.5,240,1015.0,100,18.4,20.8,388.0,7.1,66.0,4.5
2025-03-17 03:00:00,2025,3,17,3,Huế,Phường Phú Bài,16.409296,107.6779818,58,Moderate,1,19.4,92,0.1,7.8,251,1014.8,100,19.5,21.5,367.0,7.1,62.0,4.4
2025-03-17 04:00:00,2025,3,17,4,Huế,Phường Phú Bài,16.409296,107.6779818,59,Moderate,1,19.2,94,0.2,7.8,244,1014.7,100,20.6,22.5,365.0,7.2,59.0,4.6
2025-03-17 05:00:00,2025,3,17,5,Huế,Phường Phú Bài,16.409296,107.6779818,60,Moderate,1,19.3,95,0.2,8.9,243,1015.4,100,21.8,23.9,392.0,7.5,58.0,5.1
2025-03-17 06:00:00,2025,3,17,6,Huế,Phường Phú Bài,16.409296,107.6779818,61,Moderate,1,19.4,95,0.2,9.4,253,1015.7,100,22.9,24.8,439.0,8.0,58.0,5.7
2025-03-17 07:00:00,2025,3,17,7,Huế,Phường Phú Bài,16.409296,107.6779818,63,Moderate,1,19.4,98,0.2,8.5,258,1016.5,100,31.7,34.3,481.0,9.1,59.0,6.2
2025-03-17 08:00:00,2025,3,17,8,Huế,Phường Phú Bài,16.409296,107.6779818,64,Moderate,1,19.6,93,0.2,10.0,263,1017.9,100,30.9,33.6,516.0,8.6,66.0,6.3
2025-03-17 09:00:00,2025,3,17,9,Huế,Phường Phú Bài,16.409296,107.6779818,66,Moderate,1,20.2,91,0.1,11.2,282,1018.2,100,31.8,34.5,546.0,7.9,76.0,6.3
2025-03-17 10:00:00,2025,3,17,10,Huế,Phường Phú Bài,16.409296,107.6779818,67,Moderate,1,21.2,85,0.2,9.8,296,1018.3,100,29.7,32.4,560.0,7.2,86.0,6.2
2025-03-17 11:00:00,2025,3,17,11,Huế,Phường Phú Bài,16.409296,107.6779818,69,Moderate,1,22.1,83,0.4,7.0,318,1017.5,100,29.3,32.0,550.0,6.4,96.0,5.7
2025-03-17 12:00:00,2025,3,17,12,Huế,Phường Phú Bài,16.409296,107.6779818,70,Moderate,1,22.0,83,0.3,5.7,328,1016.7,100,29.0,31.7,523.0,5.6,105.0,5.0
2025-03-17 13:00:00,2025,3,17,13,Huế,Phường Phú Bài,16.409296,107.6779818,71,Moderate,1,22.7,80,0.4,2.9,11,1015.7,100,28.3,30.7,492.0,5.3,111.0,4.4
2025-03-17 14:00:00,2025,3,17,14,Huế,Phường Phú Bài,16.409296,107.6779818,72,Moderate,1,22.6,81,0.5,6.8,58,1015.0,100,29.0,31.7,452.0,5.8,111.0,4.1
2025-03-17 15:00:00,2025,3,17,15,Huế,Phường Phú Bài,16.409296,107.6779818,73,Moderate,1,22.0,86,0.6,10.8,64,1014.2,100,28.8,31.5,407.0,6.7,106.0,4.0
2025-03-17 16:00:00,2025,3,17,16,Huế,Phường Phú Bài,16.409296,107.6779818,74,Moderate,1,21.9,88,0.3,10.7,63,1014.1,100,29.3,31.4,380.0,8.0,101.0,4.1
2025-03-17 17:00:00,2025,3,17,17,Huế,Phường Phú Bài,16.409296,107.6779818,75,Moderate,1,21.7,89,0.1,8.7,56,1014.2,100,30.6,33.2,384.0,9.9,95.0,4.5
2025-03-17 18:00:00,2025,3,17,18,Huế,Phường Phú Bài,16.409296,107.6779818,76,Moderate,1,21.4,87,0.0,5.4,60,1014.3,100,32.1,34.7,406.0,12.1,89.0,5.1
2025-03-17 19:00:00,2025,3,17,19,Huế,Phường Phú Bài,16.409296,107.6779818,77,Moderate,1,21.0,89,0.1,3.1,45,1015.0,100,30.9,33.2,432.0,11.0,91.0,5.1
2025-03-17 20:00:00,2025,3,17,20,Huế,Phường Phú Bài,16.409296,107.6779818,78,Moderate,1,19.8,96,0.0,7.7,282,1016.7,100,30.5,32.9,463.0,10.7,88.0,5.3
2025-03-17 21:00:00,2025,3,17,21,Huế,Phường Phú Bài,16.409296,107.6779818,79,Moderate,1,19.7,96,0.1,8.6,259,1017.7,100,31.2,33.3,499.0,10.3,85.0,5.5
2025-03-17 22:00:00,2025,3,17,22,Huế,Phường Phú Bài,16.409296,107.6779818,80,Moderate,1,19.6,95,0.0,9.5,270,1017.7,100,31.5,33.5,519.0,9.7,82.0,5.6
2025-03-17 23:00:00,2025,3,17,23,Huế,Phường Phú Bài,16.409296,107.6779818,82,Moderate,1,19.5,94,0.0,8.6,280,1017.4,100,28.7,30.7,514.0,9.0,82.0,5.3
2025-03-18 00:00:00,2025,3,18,0,Huế,Phường Phú Bài,16.409296,107.6779818,82,Moderate,1,19.5,95,0.0,7.0,271,1017.3,100,27.5,29.6,493.0,8.1,82.0,4.8
2025-03-18 01:00:00,2025,3,18,1,Huế,Phường Phú Bài,16.409296,107.6779818,83,Moderate,1,19.4,95,0.1,6.5,265,1016.9,100,27.0,29.2,471.0,7.3,83.0,4.4
2025-03-18 02:00:00,2025,3,18,2,Huế,Phường Phú Bài,16.409296,107.6779818,84,Moderate,1,19.4,96,0.1,5.9,243,1016.5,100,24.0,26.2,447.0,6.5,83.0,4.1
2025-03-18 03:00:00,2025,3,18,3,Huế,Phường Phú Bài,16.409296,107.6779818,84,Moderate,1,19.4,96,0.1,6.2,260,1016.2,100,23.1,25.2,421.0,5.7,83.0,3.9
2025-03-18 04:00:00,2025,3,18,4,Huế,Phường Phú Bài,16.409296,107.6779818,85,Moderate,1,19.3,98,0.3,8.0,276,1016.1,100,22.5,24.6,406.0,5.2,83.0,3.9
2025-03-18 05:00:00,2025,3,18,5,Huế,Phường Phú Bài,16.409296,107.6779818,85,Moderate,1,19.4,98,0.3,7.2,288,1016.8,100,23.2,25.1,416.0,5.2,82.0,4.3
2025-03-18 06:00:00,2025,3,18,6,Huế,Phường Phú Bài,16.409296,107.6779818,85,Moderate,1,19.6,98,0.9,4.7,298,1017.4,100,20.9,22.5,438.0,5.5,81.0,4.8
2025-03-18 07:00:00,2025,3,18,7,Huế,Phường Phú Bài,16.409296,107.6779818,85,Moderate,1,20.0,98,1.2,9.0,5,1018.2,100,32.1,34.7,446.0,8.1,70.0,5.2
2025-03-18 08:00:00,2025,3,18,8,Huế,Phường Phú Bài,16.409296,107.6779818,85,Moderate,1,20.0,97,1.0,12.2,352,1020.1,100,36.9,39.9,418.0,7.6,73.0,5.6
2025-03-18 09:00:00,2025,3,18,9,Huế,Phường Phú Bài,16.409296,107.6779818,85,Moderate,1,20.3,96,0.6,11.7,356,1020.3,100,40.6,43.8,375.0,7.0,78.0,6.2
2025-03-18 10:00:00,2025,3,18,10,Huế,Phường Phú Bài,16.409296,107.6779818,86,Moderate,1,21.0,89,0.4,12.0,9,1020.2,100,41.1,44.4,355.0,6.5,83.0,6.6
2025-03-18 11:00:00,2025,3,18,11,Huế,Phường Phú Bài,16.409296,107.6779818,87,Moderate,1,20.9,89,0.5,14.4,10,1019.8,100,40.9,44.2,383.0,6.2,88.0,6.6
2025-03-18 12:00:00,2025,3,18,12,Huế,Phường Phú Bài,16.409296,107.6779818,88,Moderate,1,21.0,89,0.9,15.3,359,1019.1,100,41.4,44.6,432.0,6.1,94.0,6.4
2025-03-18 13:00:00,2025,3,18,13,Huế,Phường Phú Bài,16.409296,107.6779818,89,Moderate,1,20.9,86,0.2,14.1,356,1018.4,100,42.5,45.6,464.0,6.1,98.0,6.2
2025-03-18 14:00:00,2025,3,18,14,Huế,Phường Phú Bài,16.409296,107.6779818,91,Moderate,1,21.1,79,0.0,16.6,359,1017.4,100,38.9,42.7,452.0,6.3,100.0,6.1
2025-03-18 15:00:00,2025,3,18,15,Huế,Phường Phú Bài,16.409296,107.6779818,92,Moderate,1,20.9,78,0.0,17.1,359,1016.9,100,44.4,48.4,422.0,6.7,101.0,6.0
2025-03-18 16:00:00,2025,3,18,16,Huế,Phường Phú Bài,16.409296,107.6779818,93,Moderate,1,20.5,79,0.1,13.9,359,1017.1,100,49.1,52.9,408.0,7.0,103.0,5.8
2025-03-18 17:00:00,2025,3,18,17,Huế,Phường Phú Bài,16.409296,107.6779818,95,Moderate,1,20.2,81,0.2,8.7,354,1017.4,100,54.0,58.4,430.0,7.4,106.0,5.5
2025-03-18 18:00:00,2025,3,18,18,Huế,Phường Phú Bài,16.409296,107.6779818,97,Moderate,1,19.8,85,0.3,8.2,331,1017.8,100,57.4,62.4,467.0,7.7,109.0,5.2
2025-03-18 19:00:00,2025,3,18,19,Huế,Phường Phú Bài,16.409296,107.6779818,99,Moderate,1,19.0,95,0.6,7.6,335,1018.7,100,60.3,65.2,492.0,6.8,103.0,3.8
2025-03-18 20:00:00,2025,3,18,20,Huế,Phường Phú Bài,16.409296,107.6779818,102,Unhealthy for Sensitive Groups,2,18.9,91,0.5,10.7,315,1020.4,100,56.3,61.0,492.0,6.2,103.0,3.7
2025-03-18 21:00:00,2025,3,18,21,Huế,Phường Phú Bài,16.409296,107.6779818,105,Unhealthy for Sensitive Groups,2,18.4,96,0.3,11.3,321,1021.5,100,55.9,60.8,479.0,5.4,104.0,3.5
2025-03-18 22:00:00,2025,3,18,22,Huế,Phường Phú Bài,16.409296,107.6779818,107,Unhealthy for Sensitive Groups,2,18.2,97,0.5,11.0,318,1022.0,100,58.2,63.6,462.0,4.7,103.0,3.3
2025-03-18 23:00:00,2025,3,18,23,Huế,Phường Phú Bài,16.409296,107.6779818,110,Unhealthy for Sensitive Groups,2,18.0,97,0.9,14.0,325,1021.9,100,61.7,67.1,438.0,4.5,101.0,3.2
2025-03-19 00:00:00,2025,3,19,0,Huế,Phường Phú Bài,16.409296,107.6779818,113,Unhealthy for Sensitive Groups,2,18.1,97,0.9,13.2,328,1021.7,100,63.3,68.9,409.0,4.4,98.0,3.1
2025-03-19 01:00:00,2025,3,19,1,Huế,Phường Phú Bài,16.409296,107.6779818,117,Unhealthy for Sensitive Groups,2,18.1,97,0.5,10.9,321,1020.8,100,63.3,68.9,388.0,4.3,96.0,3.0
2025-03-19 02:00:00,2025,3,19,2,Huế,Phường Phú Bài,16.409296,107.6779818,121,Unhealthy for Sensitive Groups,2,18.0,97,0.4,10.6,312,1020.4,100,64.3,69.6,375.0,4.0,96.0,3.0
2025-03-19 03:00:00,2025,3,19,3,Huế,Phường Phú Bài,16.409296,107.6779818,125,Unhealthy for Sensitive Groups,2,17.9,97,0.4,11.0,311,1020.0,100,66.1,71.7,370.0,3.6,97.0,3.0
2025-03-19 04:00:00,2025,3,19,4,Huế,Phường Phú Bài,16.409296,107.6779818,130,Unhealthy for Sensitive Groups,2,17.9,97,0.5,12.9,314,1020.1,100,67.5,73.1,379.0,3.5,97.0,3.1
2025-03-19 05:00:00,2025,3,19,5,Huế,Phường Phú Bài,16.409296,107.6779818,134,Unhealthy for Sensitive Groups,2,17.9,97,0.9,12.6,311,1020.6,100,67.5,73.1,418.0,3.9,96.0,3.4
2025-03-19 06:00:00,2025,3,19,6,Huế,Phường Phú Bài,16.409296,107.6779818,139,Unhealthy for Sensitive Groups,2,18.1,97,0.9,11.2,314,1021.2,100,66.8,72.4,471.0,4.6,94.0,3.9
2025-03-19 07:00:00,2025,3,19,7,Huế,Phường Phú Bài,16.409296,107.6779818,144,Unhealthy for Sensitive Groups,2,18.5,95,0.6,9.9,322,1021.8,100,54.5,58.6,499.0,4.8,98.0,3.6
2025-03-19 08:00:00,2025,3,19,8,Huế,Phường Phú Bài,16.409296,107.6779818,146,Unhealthy for Sensitive Groups,2,18.7,96,0.7,10.3,317,1023.2,100,55.4,59.5,478.0,5.1,99.0,4.1
2025-03-19 09:00:00,2025,3,19,9,Huế,Phường Phú Bài,16.409296,107.6779818,148,Unhealthy for Sensitive Groups,2,19.3,95,0.5,9.7,341,1023.7,100,58.4,63.1,433.0,5.4,100.0,4.7
2025-03-19 10:00:00,2025,3,19,10,Huế,Phường Phú Bài,16.409296,107.6779818,150,Unhealthy for Sensitive Groups,2,20.1,86,0.3,8.6,352,1023.8,100,62.4,67.8,395.0,5.5,103.0,5.1
2025-03-19 11:00:00,2025,3,19,11,Huế,Phường Phú Bài,16.409296,107.6779818,150,Unhealthy for Sensitive Groups,2,21.0,76,0.2,9.7,359,1023.5,100,65.2,70.5,377.0,5.0,107.0,5.0
2025-03-19 12:00:00,2025,3,19,12,Huế,Phường Phú Bài,16.409296,107.6779818,151,Unhealthy,3,21.5,68,0.0,14.0,9,1022.6,100,67.5,72.9,367.0,4.3,112.0,4.7
2025-03-19 13:00:00,2025,3,19,13,Huế,Phường Phú Bài,16.409296,107.6779818,152,Unhealthy,3,21.6,66,0.0,14.6,9,1021.2,100,67.8,73.3,361.0,3.8,117.0,4.5
2025-03-19 14:00:00,2025,3,19,14,Huế,Phường Phú Bài,16.409296,107.6779818,152,Unhealthy,3,21.8,64,0.0,14.3,6,1020.4,100,67.1,72.4,344.0,3.6,122.0,4.4
2025-03-19 15:00:00,2025,3,19,15,Huế,Phường Phú Bài,16.409296,107.6779818,153,Unhealthy,3,21.4,64,0.0,14.1,4,1019.6,100,65.9,71.2,330.0,3.5,126.0,4.4
2025-03-19 16:00:00,2025,3,19,16,Huế,Phường Phú Bài,16.409296,107.6779818,153,Unhealthy,3,21.4,64,0.0,13.1,9,1019.3,100,64.5,70.1,362.0,3.9,127.0,4.5
2025-03-19 17:00:00,2025,3,19,17,Huế,Phường Phú Bài,16.409296,107.6779818,153,Unhealthy,3,20.8,68,0.0,9.3,344,1019.4,100,64.7,70.1,483.0,5.1,124.0,4.8
2025-03-19 18:00:00,2025,3,19,18,Huế,Phường Phú Bài,16.409296,107.6779818,154,Unhealthy,3,19.8,78,0.0,6.1,275,1019.5,100,66.6,71.7,650.0,6.7,118.0,5.3
2025-03-19 19:00:00,2025,3,19,19,Huế,Phường Phú Bài,16.409296,107.6779818,154,Unhealthy,3,19.0,89,0.1,9.2,250,1019.7,100,76.6,82.9,772.0,7.5,114.0,5.5
2025-03-19 20:00:00,2025,3,19,20,Huế,Phường Phú Bài,16.409296,107.6779818,154,Unhealthy,3,18.8,90,0.1,5.4,274,1021.5,100,83.8,90.6,811.0,6.9,115.0,5.2
2025-03-19 21:00:00,2025,3,19,21,Huế,Phường Phú Bài,16.409296,107.6779818,155,Unhealthy,3,18.6,92,0.1,6.2,255,1022.3,100,85.9,93.1,804.0,6.0,115.0,4.9
2025-03-19 22:00:00,2025,3,19,22,Huế,Phường Phú Bài,16.409296,107.6779818,156,Unhealthy,3,18.5,94,0.2,6.6,241,1022.4,100,82.4,89.4,774.0,5.4,115.0,4.6
2025-03-19 23:00:00,2025,3,19,23,Huế,Phường Phú Bài,16.409296,107.6779818,156,Unhealthy,3,18.2,94,0.1,7.2,231,1022.7,100,85.2,92.9,714.0,5.3,113.0,4.5
2025-03-20 00:00:00,2025,3,20,0,Huế,Phường Phú Bài,16.409296,107.6779818,157,Unhealthy,3,18.0,93,0.0,8.1,239,1022.2,96,112.5,123.4,629.0,5.5,110.0,4.5
2025-03-20 01:00:00,2025,3,20,1,Huế,Phường Phú Bài,16.409296,107.6779818,158,Unhealthy,3,18.0,93,0.0,9.0,269,1021.6,95,123.4,134.6,560.0,5.7,106.0,4.5
2025-03-20 02:00:00,2025,3,20,2,Huế,Phường Phú Bài,16.409296,107.6779818,159,Unhealthy,3,17.9,92,0.0,8.3,268,1021.0,99,108.5,117.8,520.0,5.8,101.0,4.6
2025-03-20 03:00:00,2025,3,20,3,Huế,Phường Phú Bài,16.409296,107.6779818,160,Unhealthy,3,18.0,90,0.0,7.6,271,1020.6,100,97.1,105.0,494.0,6.0,95.0,4.7
2025-03-20 04:00:00,2025,3,20,4,Huế,Phường Phú Bài,16.409296,107.6779818,161,Unhealthy,3,18.0,91,0.0,6.5,272,1020.7,100,90.8,98.0,481.0,6.5,90.0,5.1
2025-03-20 05:00:00,2025,3,20,5,Huế,Phường Phú Bài,16.409296,107.6779818,161,Unhealthy,3,18.0,92,0.1,5.5,257,1021.2,100,85.4,92.4,485.0,7.9,86.0,5.9
2025-03-20 06:00:00,2025,3,20,6,Huế,Phường Phú Bài,16.409296,107.6779818,162,Unhealthy,3,18.0,94,0.2,5.2,248,1021.9,100,82.4,88.9,501.0,9.7,82.0,7.0
2025-03-20 07:00:00,2025,3,20,7,Huế,Phường Phú Bài,16.409296,107.6779818,162,Unhealthy,3,18.3,95,0.3,5.8,254,1022.4,100,73.8,80.3,512.0,8.2,101.0,7.4
2025-03-20 08:00:00,2025,3,20,8,Huế,Phường Phú Bài,16.409296,107.6779818,162,Unhealthy,3,18.7,90,0.4,5.0,232,1023.4,100,68.9,75.0,512.0,7.3,109.0,7.1
2025-03-20 09:00:00,2025,3,20,9,Huế,Phường Phú Bài,16.409296,107.6779818,163,Unhealthy,3,19.4,89,0.3,4.8,228,1023.6,100,64.0,69.4,508.0,5.9,121.0,6.7
2025-03-20 10:00:00,2025,3,20,10,Huế,Phường Phú Bài,16.409296,107.6779818,163,Unhealthy,3,20.4,85,0.3,3.5,189,1023.5,100,59.6,64.5,500.0,4.8,130.0,6.3
2025-03-20 11:00:00,2025,3,20,11,Huế,Phường Phú Bài,16.409296,107.6779818,163,Unhealthy,3,21.0,82,0.2,2.5,172,1022.7,100,54.8,58.9,490.0,4.0,135.0,5.8
2025-03-20 12:00:00,2025,3,20,12,Huế,Phường Phú Bài,16.409296,107.6779818,162,Unhealthy,3,21.8,77,0.2,1.5,36,1021.8,100,53.0,56.9,477.0,3.4,138.0,5.2
2025-03-20 13:00:00,2025,3,20,13,Huế,Phường Phú Bài,16.409296,107.6779818,162,Unhealthy,3,22.6,72,0.2,5.2,22,1020.5,100,49.7,53.9,456.0,2.9,141.0,4.8
2025-03-20 14:00:00,2025,3,20,14,Huế,Phường Phú Bài,16.409296,107.6779818,162,Unhealthy,3,23.0,69,0.1,9.0,33,1019.2,98,46.9,51.5,415.0,2.2,145.0,4.4
2025-03-20 15:00:00,2025,3,20,15,Huế,Phường Phú Bài,16.409296,107.6779818,161,Unhealthy,3,22.7,72,0.0,10.8,38,1018.3,91,39.7,44.4,366.0,1.5,149.0,4.1
2025-03-20 16:00:00,2025,3,20,16,Huế,Phường Phú Bài,16.409296,107.6779818,161,Unhealthy,3,22.4,67,0.0,10.3,44,1017.9,55,34.8,39.7,339.0,2.2,148.0,4.3
2025-03-20 17:00:00,2025,3,20,17,Huế,Phường Phú Bài,16.409296,107.6779818,160,Unhealthy,3,22.2,61,0.0,8.7,48,1017.8,43,30.6,35.6,350.0,5.3,139.0,5.2
2025-03-20 18:00:00,2025,3,20,18,Huế,Phường Phú Bài,16.409296,107.6779818,159,Unhealthy,3,20.5,67,0.0,5.7,66,1018.3,32,29.8,34.1,383.0,9.8,125.0,6.5
2025-03-20 19:00:00,2025,3,20,19,Huế,Phường Phú Bài,16.409296,107.6779818,158,Unhealthy,3,19.4,76,0.0,5.8,85,1018.8,10,44.8,51.0,415.0,12.5,113.0,7.1
2025-03-20 20:00:00,2025,3,20,20,Huế,Phường Phú Bài,16.409296,107.6779818,158,Unhealthy,3,19.4,78,0.0,3.8,121,1020.2,82,46.1,52.6,443.0,12.2,112.0,7.5
2025-03-20 21:00:00,2025,3,20,21,Huế,Phường Phú Bài,16.409296,107.6779818,157,Unhealthy,3,19.4,79,0.0,5.3,118,1020.9,70,43.5,49.9,470.0,11.7,110.0,8.0
2025-03-20 22:00:00,2025,3,20,22,Huế,Phường Phú Bài,16.409296,107.6779818,156,Unhealthy,3,18.8,82,0.0,4.6,149,1021.2,46,41.9,49.2,479.0,11.3,108.0,8.2
2025-03-20 23:00:00,2025,3,20,23,Huế,Phường Phú Bài,16.409296,107.6779818,155,Unhealthy,3,18.2,85,0.0,4.2,192,1021.3,86,40.6,48.0,457.0,10.9,106.0,7.7
2025-03-21 00:00:00,2025,3,21,0,Huế,Phường Phú Bài,16.409296,107.6779818,154,Unhealthy,3,17.4,89,0.0,4.9,219,1021.3,73,40.5,48.0,417.0,10.6,104.0,6.9
2025-03-21 01:00:00,2025,3,21,1,Huế,Phường Phú Bài,16.409296,107.6779818,153,Unhealthy,3,16.5,94,0.0,7.1,229,1020.5,53,42.1,49.7,388.0,10.4,101.0,6.2
2025-03-21 02:00:00,2025,3,21,2,Huế,Phường Phú Bài,16.409296,107.6779818,151,Unhealthy,3,16.5,93,0.0,6.7,224,1019.9,99,44.9,52.6,377.0,10.5,95.0,5.8
2025-03-21 03:00:00,2025,3,21,3,Huế,Phường Phú Bài,16.409296,107.6779818,147,Unhealthy for Sensitive Groups,2,16.4,94,0.0,5.7,221,1019.4,100,48.3,56.2,376.0,10.9,88.0,5.4
2025-03-21 04:00:00,2025,3,21,4,Huế,Phường Phú Bài,16.409296,107.6779818,142,Unhealthy for Sensitive Groups,2,16.6,91,0.0,3.6,213,1019.4,100,51.2,59.5,389.0,11.3,85.0,5.5
2025-03-21 05:00:00,2025,3,21,5,Huế,Phường Phú Bài,16.409296,107.6779818,138,Unhealthy for Sensitive Groups,2,17.0,89,0.0,4.6,222,1019.9,100,52.2,61.2,428.0,12.3,87.0,6.4
2025-03-21 06:00:00,2025,3,21,6,Huế,Phường Phú Bài,16.409296,107.6779818,135,Unhealthy for Sensitive Groups,2,17.0,89,0.0,5.7,212,1020.4,100,57.2,67.8,481.0,13.4,92.0,7.6
2025-03-21 07:00:00,2025,3,21,7,Huế,Phường Phú Bài,16.409296,107.6779818,132,Unhealthy for Sensitive Groups,2,17.8,87,0.0,4.7,223,1021.1,100,77.5,92.0,509.0,12.9,102.0,7.6
2025-03-21 08:00:00,2025,3,21,8,Huế,Phường Phú Bài,16.409296,107.6779818,132,Unhealthy for Sensitive Groups,2,19.3,83,0.0,4.5,256,1022.4,100,80.1,94.3,493.0,9.9,114.0,6.5
2025-03-21 09:00:00,2025,3,21,9,Huế,Phường Phú Bài,16.409296,107.6779818,134,Unhealthy for Sensitive Groups,2,20.8,77,0.0,2.7,250,1022.8,100,66.6,77.3,452.0,5.7,131.0,4.9
2025-03-21 10:00:00,2025,3,21,10,Huế,Phường Phú Bài,16.409296,107.6779818,134,Unhealthy for Sensitive Groups,2,21.8,75,0.0,1.3,188,1022.7,100,56.5,65.4,413.0,2.5,144.0,3.7
2025-03-21 11:00:00,2025,3,21,11,Huế,Phường Phú Bài,16.409296,107.6779818,133,Unhealthy for Sensitive Groups,2,23.3,69,0.2,7.7,65,1022.0,100,43.1,49.9,383.0,1.4,148.0,3.3
2025-03-21 12:00:00,2025,3,21,12,Huế,Phường Phú Bài,16.409296,107.6779818,132,Unhealthy for Sensitive Groups,2,23.8,68,0.2,10.8,62,1020.7,100,38.6,45.1,354.0,1.2,148.0,3.3
2025-03-21 13:00:00,2025,3,21,13,Huế,Phường Phú Bài,16.409296,107.6779818,131,Unhealthy for Sensitive Groups,2,24.4,65,0.0,11.4,63,1019.4,100,37.4,43.4,330.0,1.3,147.0,3.4
2025-03-21 14:00:00,2025,3,21,14,Huế,Phường Phú Bài,16.409296,107.6779818,129,Unhealthy for Sensitive Groups,2,24.4,61,0.0,12.8,68,1018.5,85,36.6,42.6,306.0,1.0,149.0,3.6
2025-03-21 15:00:00,2025,3,21,15,Huế,Phường Phú Bài,16.409296,107.6779818,128,Unhealthy for Sensitive Groups,2,23.9,55,0.0,13.0,66,1017.6,24,35.9,42.0,286.0,0.8,150.0,4.0
2025-03-21 16:00:00,2025,3,21,16,Huế,Phường Phú Bài,16.409296,107.6779818,128,Unhealthy for Sensitive Groups,2,23.3,56,0.0,12.7,69,1017.0,27,35.4,41.6,287.0,1.9,147.0,4.6
2025-03-21 17:00:00,2025,3,21,17,Huế,Phường Phú Bài,16.409296,107.6779818,128,Unhealthy for Sensitive Groups,2,22.4,60,0.0,10.0,82,1016.9,2,34.6,40.9,324.0,5.4,135.0,5.7
2025-03-21 18:00:00,2025,3,21,18,Huế,Phường Phú Bài,16.409296,107.6779818,128,Unhealthy for Sensitive Groups,2,20.1,70,0.0,6.2,112,1017.2,70,34.9,40.4,382.0,10.1,119.0,7.0
2025-03-21 19:00:00,2025,3,21,19,Huế,Phường Phú Bài,16.409296,107.6779818,129,Unhealthy for Sensitive Groups,2,19.1,72,0.0,6.5,134,1017.8,94,40.0,46.0,429.0,12.3,110.0,7.5
2025-03-21 20:00:00,2025,3,21,20,Huế,Phường Phú Bài,16.409296,107.6779818,129,Unhealthy for Sensitive Groups,2,19.4,79,0.0,5.5,128,1019.0,91,42.5,49.5,452.0,13.1,108.0,8.5
2025-03-21 21:00:00,2025,3,21,21,Huế,Phường Phú Bài,16.409296,107.6779818,128,Unhealthy for Sensitive Groups,2,19.0,80,0.0,5.3,135,1019.4,41,43.7,51.6,464.0,14.1,105.0,9.8
2025-03-21 22:00:00,2025,3,21,22,Huế,Phường Phú Bài,16.409296,107.6779818,128,Unhealthy for Sensitive Groups,2,18.5,80,0.0,4.6,138,1019.5,92,45.2,54.1,474.0,14.5,101.0,10.3
2025-03-21 23:00:00,2025,3,21,23,Huế,Phường Phú Bài,16.409296,107.6779818,128,Unhealthy for Sensitive Groups,2,17.8,83,0.0,4.7,176,1019.4,41,46.1,55.2,486.0,13.7,96.0,9.2
2025-03-22 00:00:00,2025,3,22,0,Huế,Phường Phú Bài,16.409296,107.6779818,129,Unhealthy for Sensitive Groups,2,16.8,87,0.0,4.8,205,1019.0,4,44.4,52.9,496.0,12.4,91.0,7.4
2025-03-22 01:00:00,2025,3,22,1,Huế,Phường Phú Bài,16.409296,107.6779818,129,Unhealthy for Sensitive Groups,2,16.3,89,0.0,5.2,211,1018.2,0,41.8,48.3,497.0,11.0,85.0,5.8
2025-03-22 02:00:00,2025,3,22,2,Huế,Phường Phú Bài,16.409296,107.6779818,129,Unhealthy for Sensitive Groups,2,16.1,89,0.0,5.9,211,1017.4,0,40.6,46.7,479.0,9.8,79.0,5.0
2025-03-22 03:00:00,2025,3,22,3,Huế,Phường Phú Bài,16.409296,107.6779818,129,Unhealthy for Sensitive Groups,2,15.9,90,0.0,6.3,204,1017.1,11,39.9,45.4,452.0,8.6,73.0,4.5
2025-03-22 04:00:00,2025,3,22,4,Huế,Phường Phú Bài,16.409296,107.6779818,128,Unhealthy for Sensitive Groups,2,15.4,93,0.0,7.3,211,1016.9,50,38.6,43.4,440.0,7.8,69.0,4.2
2025-03-22 05:00:00,2025,3,22,5,Huế,Phường Phú Bài,16.409296,107.6779818,127,Unhealthy for Sensitive Groups,2,14.9,94,0.0,8.0,214,1017.3,87,38.3,42.4,465.0,7.9,65.0,4.1
2025-03-22 06:00:00,2025,3,22,6,Huế,Phường Phú Bài,16.409296,107.6779818,125,Unhealthy for Sensitive Groups,2,14.6,96,0.0,7.7,219,1017.9,88,38.4,42.3,504.0,8.4,63.0,4.1
2025-03-22 07:00:00,2025,3,22,7,Huế,Phường Phú Bài,16.409296,107.6779818,123,Unhealthy for Sensitive Groups,2,16.5,89,0.0,7.8,217,1018.6,86,45.6,51.0,514.0,9.0,69.0,4.8
2025-03-22 08:00:00,2025,3,22,8,Huế,Phường Phú Bài,16.409296,107.6779818,120,Unhealthy for Sensitive Groups,2,20.5,78,0.0,5.0,232,1020.0,91,42.6,49.2,464.0,6.9,88.0,4.2
2025-03-22 09:00:00,2025,3,22,9,Huế,Phường Phú Bài,16.409296,107.6779818,116,Unhealthy for Sensitive Groups,2,23.0,66,0.0,3.4,148,1020.2,69,34.3,42.7,385.0,3.9,115.0,3.3
2025-03-22 10:00:00,2025,3,22,10,Huế,Phường Phú Bài,16.409296,107.6779818,113,Unhealthy for Sensitive Groups,2,24.6,63,0.0,8.7,96,1019.8,74,29.8,37.6,329.0,1.8,135.0,2.6
2025-03-22 11:00:00,2025,3,22,11,Huế,Phường Phú Bài,16.409296,107.6779818,110,Unhealthy for Sensitive Groups,2,25.1,64,0.0,10.4,75,1019.0,94,28.6,36.1,323.0,1.3,141.0,2.3
2025-03-22 12:00:00,2025,3,22,12,Huế,Phường Phú Bài,16.409296,107.6779818,109,Unhealthy for Sensitive Groups,2,25.0,66,0.0,10.2,69,1018.1,93,29.5,36.7,339.0,1.5,140.0,2.2
2025-03-22 13:00:00,2025,3,22,13,Huế,Phường Phú Bài,16.409296,107.6779818,108,Unhealthy for Sensitive Groups,2,25.4,67,0.0,11.2,75,1016.6,69,29.8,36.9,348.0,1.8,138.0,2.1
2025-03-22 14:00:00,2025,3,22,14,Huế,Phường Phú Bài,16.409296,107.6779818,107,Unhealthy for Sensitive Groups,2,25.6,67,0.0,12.5,74,1015.3,77,29.8,36.7,335.0,1.7,137.0,2.0
2025-03-22 15:00:00,2025,3,22,15,Huế,Phường Phú Bài,16.409296,107.6779818,106,Unhealthy for Sensitive Groups,2,25.0,68,0.0,13.3,65,1014.7,50,29.3,36.2,315.0,1.6,135.0,1.9
2025-03-22 16:00:00,2025,3,22,16,Huế,Phường Phú Bài,16.409296,107.6779818,105,Unhealthy for Sensitive Groups,2,24.5,69,0.0,12.9,65,1014.4,25,28.8,35.7,302.0,2.1,131.0,2.0
2025-03-22 17:00:00,2025,3,22,17,Huế,Phường Phú Bài,16.409296,107.6779818,105,Unhealthy for Sensitive Groups,2,23.6,71,0.0,12.3,76,1014.6,18,28.2,35.3,305.0,3.8,123.0,2.5
2025-03-22 18:00:00,2025,3,22,18,Huế,Phường Phú Bài,16.409296,107.6779818,104,Unhealthy for Sensitive Groups,2,22.2,77,0.0,10.2,77,1015.3,23,27.6,33.9,316.0,6.0,112.0,3.1
2025-03-22 19:00:00,2025,3,22,19,Huế,Phường Phú Bài,16.409296,107.6779818,103,Unhealthy for Sensitive Groups,2,21.5,82,0.0,10.0,77,1016.0,27,29.7,36.2,323.0,10.1,97.0,4.4
2025-03-22 20:00:00,2025,3,22,20,Huế,Phường Phú Bài,16.409296,107.6779818,102,Unhealthy for Sensitive Groups,2,22.4,82,0.0,9.5,80,1016.8,100,32.9,40.3,319.0,10.0,94.0,4.7
2025-03-22 21:00:00,2025,3,22,21,Huế,Phường Phú Bài,16.409296,107.6779818,101,Unhealthy for Sensitive Groups,2,22.5,81,0.0,10.4,89,1017.4,100,31.8,38.5,311.0,9.9,91.0,5.0
2025-03-22 22:00:00,2025,3,22,22,Huế,Phường Phú Bài,16.409296,107.6779818,100,Moderate,1,22.5,82,0.0,11.2,92,1017.5,65,30.4,37.0,313.0,9.6,87.0,5.1
2025-03-22 23:00:00,2025,3,22,23,Huế,Phường Phú Bài,16.409296,107.6779818,99,Moderate,1,22.1,83,0.0,10.6,94,1017.3,61,29.9,36.3,333.0,9.0,84.0,4.7
2025-03-23 00:00:00,2025,3,23,0,Huế,Phường Phú Bài,16.409296,107.6779818,97,Moderate,1,21.4,86,0.0,8.9,103,1016.9,44,29.7,36.1,363.0,8.3,82.0,4.1
2025-03-23 01:00:00,2025,3,23,1,Huế,Phường Phú Bài,16.409296,107.6779818,96,Moderate,1,20.7,90,0.0,7.8,113,1015.9,34,29.5,35.7,388.0,7.8,79.0,3.6
2025-03-23 02:00:00,2025,3,23,2,Huế,Phường Phú Bài,16.409296,107.6779818,95,Moderate,1,19.9,94,0.0,5.5,128,1015.4,17,29.2,35.0,401.0,7.6,75.0,3.4
2025-03-23 03:00:00,2025,3,23,3,Huế,Phường Phú Bài,16.409296,107.6779818,94,Moderate,1,19.2,94,0.0,3.8,155,1015.0,9,29.2,34.5,409.0,7.5,70.0,3.2
2025-03-23 04:00:00,2025,3,23,4,Huế,Phường Phú Bài,16.409296,107.6779818,93,Moderate,1,18.8,95,0.0,3.1,177,1015.0,7,28.9,33.6,422.0,7.5,67.0,3.2
2025-03-23 05:00:00,2025,3,23,5,Huế,Phường Phú Bài,16.409296,107.6779818,92,Moderate,1,18.1,96,0.0,2.4,197,1015.2,4,29.3,33.8,457.0,7.8,65.0,3.3
2025-03-23 06:00:00,2025,3,23,6,Huế,Phường Phú Bài,16.409296,107.6779818,91,Moderate,1,17.8,98,0.0,3.0,213,1015.5,24,31.0,35.4,497.0,8.2,66.0,3.5
2025-03-23 07:00:00,2025,3,23,7,Huế,Phường Phú Bài,16.409296,107.6779818,91,Moderate,1,19.6,93,0.0,5.4,214,1016.1,1,28.7,33.5,504.0,7.4,75.0,3.8
2025-03-23 08:00:00,2025,3,23,8,Huế,Phường Phú Bài,16.409296,107.6779818,89,Moderate,1,22.9,79,0.0,6.9,135,1017.6,1,26.6,32.4,447.0,5.8,90.0,3.3
2025-03-23 09:00:00,2025,3,23,9,Huế,Phường Phú Bài,16.409296,107.6779818,88,Moderate,1,24.4,70,0.0,11.3,110,1017.5,28,23.3,28.8,356.0,3.6,111.0,2.7
2025-03-23 10:00:00,2025,3,23,10,Huế,Phường Phú Bài,16.409296,107.6779818,87,Moderate,1,25.6,63,0.0,10.5,94,1017.2,54,21.6,27.0,289.0,1.9,128.0,2.2
2025-03-23 11:00:00,2025,3,23,11,Huế,Phường Phú Bài,16.409296,107.6779818,86,Moderate,1,26.0,64,0.0,12.4,77,1016.2,55,21.3,26.7,273.0,1.3,136.0,2.0
2025-03-23 12:00:00,2025,3,23,12,Huế,Phường Phú Bài,16.409296,107.6779818,85,Moderate,1,26.0,66,0.0,13.7,71,1015.3,20,21.4,26.8,280.0,1.3,140.0,2.0
2025-03-23 13:00:00,2025,3,23,13,Huế,Phường Phú Bài,16.409296,107.6779818,85,Moderate,1,26.2,64,0.0,14.1,76,1013.9,11,21.8,27.2,285.0,1.4,141.0,2.0
2025-03-23 14:00:00,2025,3,23,14,Huế,Phường Phú Bài,16.409296,107.6779818,84,Moderate,1,26.1,63,0.0,15.6,73,1012.8,5,22.2,27.5,277.0,1.1,142.0,1.9
2025-03-23 15:00:00,2025,3,23,15,Huế,Phường Phú Bài,16.409296,107.6779818,83,Moderate,1,25.5,65,0.0,16.9,68,1012.3,0,22.1,27.4,268.0,0.9,141.0,1.8
2025-03-23 16:00:00,2025,3,23,16,Huế,Phường Phú Bài,16.409296,107.6779818,85,Moderate,1,24.8,67,0.0,16.1,68,1012.1,2,21.4,26.4,263.0,2.0,135.0,2.1
2025-03-23 17:00:00,2025,3,23,17,Huế,Phường Phú Bài,16.409296,107.6779818,95,Moderate,1,23.9,71,0.0,13.9,70,1012.5,0,20.8,25.9,259.0,5.7,120.0,3.0
2025-03-23 18:00:00,2025,3,23,18,Huế,Phường Phú Bài,16.409296,107.6779818,97,Moderate,1,22.5,79,0.0,10.5,70,1012.8,2,21.0,25.0,260.0,10.7,100.0,4.4
2025-03-23 19:00:00,2025,3,23,19,Huế,Phường Phú Bài,16.409296,107.6779818,91,Moderate,1,21.9,82,0.0,9.1,82,1013.5,4,22.9,27.1,284.0,14.4,82.0,5.5
2025-03-23 20:00:00,2025,3,23,20,Huế,Phường Phú Bài,16.409296,107.6779818,80,Moderate,1,22.1,85,0.0,10.1,89,1014.3,7,26.4,30.7,355.0,15.1,77.0,6.1
2025-03-23 21:00:00,2025,3,23,21,Huế,Phường Phú Bài,16.409296,107.6779818,79,Moderate,1,21.4,88,0.0,5.6,117,1014.8,2,27.0,31.1,450.0,16.0,69.0,6.9
2025-03-23 22:00:00,2025,3,23,22,Huế,Phường Phú Bài,16.409296,107.6779818,79,Moderate,1,20.3,93,0.0,4.6,171,1014.8,0,26.9,30.6,518.0,16.2,63.0,7.1
2025-03-23 23:00:00,2025,3,23,23,Huế,Phường Phú Bài,16.409296,107.6779818,79,Moderate,1,19.5,96,0.0,4.9,204,1014.4,0,27.5,31.1,540.0,15.3,60.0,6.2
2025-03-24 00:00:00,2025,3,24,0,Huế,Phường Phú Bài,16.409296,107.6779818,79,Moderate,1,18.9,98,0.0,5.4,217,1013.9,6,29.0,31.7,534.0,13.7,58.0,4.8
2025-03-24 01:00:00,2025,3,24,1,Huế,Phường Phú Bài,16.409296,107.6779818,78,Moderate,1,18.2,100,0.0,6.0,209,1012.9,7,29.7,32.1,512.0,12.3,55.0,3.6
2025-03-24 02:00:00,2025,3,24,2,Huế,Phường Phú Bài,16.409296,107.6779818,78,Moderate,1,17.8,100,0.0,5.5,207,1012.0,0,30.6,32.7,459.0,11.4,50.0,2.8
2025-03-24 03:00:00,2025,3,24,3,Huế,Phường Phú Bài,16.409296,107.6779818,79,Moderate,1,17.5,99,0.0,5.2,221,1011.8,0,31.4,33.3,389.0,10.7,44.0,2.3
2025-03-24 04:00:00,2025,3,24,4,Huế,Phường Phú Bài,16.409296,107.6779818,79,Moderate,1,17.4,99,0.0,5.5,221,1011.7,0,31.8,33.4,351.0,10.2,41.0,2.1
2025-03-24 05:00:00,2025,3,24,5,Huế,Phường Phú Bài,16.409296,107.6779818,79,Moderate,1,17.4,99,0.0,5.9,230,1012.3,0,31.7,33.3,386.0,10.2,41.0,2.5
2025-03-24 06:00:00,2025,3,24,6,Huế,Phường Phú Bài,16.409296,107.6779818,79,Moderate,1,17.3,98,0.0,5.0,232,1012.8,0,31.7,33.3,453.0,10.4,45.0,3.3
2025-03-24 07:00:00,2025,3,24,7,Huế,Phường Phú Bài,16.409296,107.6779818,79,Moderate,1,19.0,92,0.0,4.3,228,1013.5,5,43.2,45.8,483.0,14.8,57.0,4.6
2025-03-24 08:00:00,2025,3,24,8,Huế,Phường Phú Bài,16.409296,107.6779818,81,Moderate,1,22.1,82,0.0,2.7,228,1014.8,30,33.8,37.8,432.0,11.1,79.0,4.2
2025-03-24 09:00:00,2025,3,24,9,Huế,Phường Phú Bài,16.409296,107.6779818,81,Moderate,1,24.2,73,0.0,4.3,85,1015.0,56,26.7,31.5,344.0,6.1,110.0,3.6
2025-03-24 10:00:00,2025,3,24,10,Huế,Phường Phú Bài,16.409296,107.6779818,82,Moderate,1,26.0,62,0.0,6.5,76,1014.5,76,24.0,29.3,276.0,2.3,134.0,3.1
2025-03-24 11:00:00,2025,3,24,11,Huế,Phường Phú Bài,16.409296,107.6779818,82,Moderate,1,26.8,65,0.0,9.6,73,1013.7,28,23.5,28.8,253.0,1.1,144.0,2.9
2025-03-24 12:00:00,2025,3,24,12,Huế,Phường Phú Bài,16.409296,107.6779818,82,Moderate,1,26.8,67,0.0,12.2,68,1012.9,7,22.8,28.1,251.0,1.2,146.0,2.7
2025-03-24 13:00:00,2025,3,24,13,Huế,Phường Phú Bài,16.409296,107.6779818,82,Moderate,1,26.6,68,0.0,13.2,66,1011.5,2,21.7,27.0,248.0,1.5,146.0,2.7
2025-03-24 14:00:00,2025,3,24,14,Huế,Phường Phú Bài,16.409296,107.6779818,82,Moderate,1,26.1,69,0.0,14.7,65,1010.6,0,20.1,25.4,237.0,1.1,146.0,2.6
2025-03-24 15:00:00,2025,3,24,15,Huế,Phường Phú Bài,16.409296,107.6779818,82,Moderate,1,25.5,70,0.0,14.8,68,1009.8,0,18.5,23.9,226.0,0.9,143.0,2.5
2025-03-24 16:00:00,2025,3,24,16,Huế,Phường Phú Bài,16.409296,107.6779818,89,Moderate,1,24.8,72,0.0,14.9,71,1009.5,0,17.6,23.3,221.0,2.2,135.0,2.9
2025-03-24 17:00:00,2025,3,24,17,Huế,Phường Phú Bài,16.409296,107.6779818,101,Unhealthy for Sensitive Groups,2,23.6,76,0.0,13.6,72,1009.5,0,17.8,24.3,219.0,6.4,118.0,4.0
2025-03-24 18:00:00,2025,3,24,18,Huế,Phường Phú Bài,16.409296,107.6779818,103,Unhealthy for Sensitive Groups,2,22.4,81,0.0,9.5,71,1009.9,0,19.0,24.8,223.0,12.3,97.0,5.4
2025-03-24 19:00:00,2025,3,24,19,Huế,Phường Phú Bài,16.409296,107.6779818,95,Moderate,1,21.6,85,0.0,6.4,61,1010.4,0,22.8,28.6,246.0,17.2,77.0,6.7
2025-03-24 20:00:00,2025,3,24,20,Huế,Phường Phú Bài,16.409296,107.6779818,81,Moderate,1,21.2,90,0.0,5.1,96,1011.1,2,26.8,32.8,305.0,17.9,71.0,7.1
2025-03-24 21:00:00,2025,3,24,21,Huế,Phường Phú Bài,16.409296,107.6779818,81,Moderate,1,20.4,93,0.0,3.8,169,1011.7,1,29.1,34.7,383.0,18.9,63.0,7.6
2025-03-24 22:00:00,2025,3,24,22,Huế,Phường Phú Bài,16.409296,107.6779818,81,Moderate,1,19.6,97,0.0,3.9,204,1011.8,1,31.4,36.3,439.0,19.1,57.0,7.5
2025-03-24 23:00:00,2025,3,24,23,Huế,Phường Phú Bài,16.409296,107.6779818,81,Moderate,1,19.1,99,0.0,4.5,217,1011.1,28,35.0,38.8,456.0,17.9,55.0,6.3
2025-03-25 00:00:00,2025,3,25,0,Huế,Phường Phú Bài,16.409296,107.6779818,82,Moderate,1,18.7,100,0.0,4.5,214,1010.2,98,38.6,41.9,452.0,16.0,55.0,4.5
2025-03-25 01:00:00,2025,3,25,1,Huế,Phường Phú Bài,16.409296,107.6779818,83,Moderate,1,18.5,100,0.0,4.4,207,1009.3,93,42.3,45.2,435.0,14.2,54.0,3.0
2025-03-25 02:00:00,2025,3,25,2,Huế,Phường Phú Bài,16.409296,107.6779818,84,Moderate,1,18.3,100,0.0,3.7,209,1008.4,95,45.3,47.7,397.0,13.0,50.0,2.3
2025-03-25 03:00:00,2025,3,25,3,Huế,Phường Phú Bài,16.409296,107.6779818,85,Moderate,1,18.0,100,0.0,2.8,215,1007.7,95,47.1,49.0,348.0,11.9,44.0,1.9
2025-03-25 04:00:00,2025,3,25,4,Huế,Phường Phú Bài,16.409296,107.6779818,87,Moderate,1,17.9,100,0.0,2.7,228,1007.3,99,47.3,48.9,321.0,11.0,42.0,1.8
2025-03-25 05:00:00,2025,3,25,5,Huế,Phường Phú Bài,16.409296,107.6779818,88,Moderate,1,17.8,100,0.0,4.8,248,1007.7,100,47.0,48.4,342.0,10.3,41.0,2.0
2025-03-25 06:00:00,2025,3,25,6,Huế,Phường Phú Bài,16.409296,107.6779818,89,Moderate,1,17.9,100,0.0,4.3,237,1008.0,97,46.4,47.5,386.0,9.7,44.0,2.4
2025-03-25 07:00:00,2025,3,25,7,Huế,Phường Phú Bài,16.409296,107.6779818,91,Moderate,1,19.0,97,0.0,3.9,236,1008.6,99,40.7,41.3,414.0,8.4,59.0,3.0
2025-03-25 08:00:00,2025,3,25,8,Huế,Phường Phú Bài,16.409296,107.6779818,91,Moderate,1,21.9,88,0.0,3.4,212,1009.4,82,39.2,39.9,408.0,6.9,90.0,3.8
2025-03-25 09:00:00,2025,3,25,9,Huế,Phường Phú Bài,16.409296,107.6779818,91,Moderate,1,24.0,79,0.0,1.7,32,1009.3,23,36.6,37.7,387.0,4.9,134.0,4.8
2025-03-25 10:00:00,2025,3,25,10,Huế,Phường Phú Bài,16.409296,107.6779818,92,Moderate,1,25.9,73,0.0,6.2,49,1008.7,1,34.5,36.0,369.0,3.3,170.0,5.5
2025-03-25 11:00:00,2025,3,25,11,Huế,Phường Phú Bài,16.409296,107.6779818,93,Moderate,1,26.6,72,0.0,9.6,52,1008.2,4,32.8,34.7,363.0,2.7,191.0,5.6
2025-03-25 12:00:00,2025,3,25,12,Huế,Phường Phú Bài,16.409296,107.6779818,94,Moderate,1,27.0,71,0.0,8.7,42,1007.2,2,31.7,33.8,361.0,2.6,205.0,5.4
2025-03-25 13:00:00,2025,3,25,13,Huế,Phường Phú Bài,16.409296,107.6779818,94,Moderate,1,27.6,70,0.0,8.3,44,1005.8,0,31.1,33.6,352.0,2.7,213.0,5.2
2025-03-25 14:00:00,2025,3,25,14,Huế,Phường Phú Bài,16.409296,107.6779818,102,Unhealthy for Sensitive Groups,2,28.0,71,0.0,9.4,61,1004.6,0,30.3,32.8,321.0,2.5,218.0,5.1
2025-03-25 15:00:00,2025,3,25,15,Huế,Phường Phú Bài,16.409296,107.6779818,139,Unhealthy for Sensitive Groups,2,27.9,71,0.0,9.8,59,1003.7,0,29.0,31.7,285.0,2.4,217.0,5.1
2025-03-25 16:00:00,2025,3,25,16,Huế,Phường Phú Bài,16.409296,107.6779818,167,Unhealthy,3,27.0,74,0.0,8.8,57,1003.4,21,27.5,30.0,282.0,3.6,206.0,5.3
2025-03-25 17:00:00,2025,3,25,17,Huế,Phường Phú Bài,16.409296,107.6779818,185,Unhealthy,3,25.4,80,0.0,6.7,44,1003.8,0,25.9,28.2,340.0,7.3,179.0,5.9
2025-03-25 18:00:00,2025,3,25,18,Huế,Phường Phú Bài,16.409296,107.6779818,192,Unhealthy,3,23.0,90,0.0,3.6,30,1004.2,0,25.7,27.7,431.0,12.3,142.0,6.7
2025-03-25 19:00:00,2025,3,25,19,Huế,Phường Phú Bài,16.409296,107.6779818,188,Unhealthy,3,22.0,92,0.0,0.5,360,1005.0,0,28.9,30.6,515.0,14.7,113.0,6.9
2025-03-25 20:00:00,2025,3,25,20,Huế,Phường Phú Bài,16.409296,107.6779818,176,Unhealthy,3,21.1,94,0.0,2.1,211,1006.2,0,29.6,31.3,573.0,14.8,103.0,7.1
2025-03-25 21:00:00,2025,3,25,21,Huế,Phường Phú Bài,16.409296,107.6779818,159,Unhealthy,3,21.0,96,0.0,1.8,186,1006.8,0,29.9,31.3,624.0,14.9,88.0,7.4
2025-03-25 22:00:00,2025,3,25,22,Huế,Phường Phú Bài,16.409296,107.6779818,136,Unhealthy for Sensitive Groups,2,21.0,95,0.0,3.5,99,1007.0,0,30.6,31.9,677.0,14.8,76.0,7.3
2025-03-25 23:00:00,2025,3,25,23,Huế,Phường Phú Bài,16.409296,107.6779818,106,Unhealthy for Sensitive Groups,2,20.9,96,0.0,1.9,158,1006.7,3,31.7,32.8,747.0,14.5,67.0,6.6
2025-03-26 00:00:00,2025,3,26,0,Huế,Phường Phú Bài,16.409296,107.6779818,100,Moderate,1,20.0,100,0.0,2.9,223,1006.1,96,32.0,33.1,819.0,14.1,61.0,5.6
2025-03-26 01:00:00,2025,3,26,1,Huế,Phường Phú Bài,16.409296,107.6779818,99,Moderate,1,19.2,100,0.0,2.8,235,1005.5,100,32.4,33.4,862.0,13.4,56.0,4.7
2025-03-26 02:00:00,2025,3,26,2,Huế,Phường Phú Bài,16.409296,107.6779818,98,Moderate,1,18.5,100,0.0,3.9,254,1004.9,100,33.1,34.1,855.0,12.2,54.0,4.1
2025-03-26 03:00:00,2025,3,26,3,Huế,Phường Phú Bài,16.409296,107.6779818,97,Moderate,1,18.6,100,0.0,3.5,246,1004.4,99,34.5,35.4,819.0,10.8,54.0,3.6
2025-03-26 04:00:00,2025,3,26,4,Huế,Phường Phú Bài,16.409296,107.6779818,96,Moderate,1,18.8,100,0.0,4.9,242,1004.3,98,35.4,36.3,788.0,9.7,55.0,3.4
2025-03-26 05:00:00,2025,3,26,5,Huế,Phường Phú Bài,16.409296,107.6779818,95,Moderate,1,18.8,100,0.0,4.7,238,1004.6,100,36.9,37.5,781.0,9.5,52.0,3.4
2025-03-26 06:00:00,2025,3,26,6,Huế,Phường Phú Bài,16.409296,107.6779818,94,Moderate,1,19.0,100,0.0,3.7,241,1005.2,100,39.0,39.6,779.0,9.6,49.0,3.7
2025-03-26 07:00:00,2025,3,26,7,Huế,Phường Phú Bài,16.409296,107.6779818,94,Moderate,1,20.4,95,0.0,3.7,219,1005.7,100,51.5,52.6,754.0,8.4,71.0,4.0
2025-03-26 08:00:00,2025,3,26,8,Huế,Phường Phú Bài,16.409296,107.6779818,94,Moderate,1,22.4,91,0.0,2.1,128,1006.8,99,52.7,53.9,688.0,7.0,102.0,4.9
2025-03-26 09:00:00,2025,3,26,9,Huế,Phường Phú Bài,16.409296,107.6779818,96,Moderate,1,24.6,85,0.0,3.6,49,1007.1,75,53.9,55.3,599.0,5.1,146.0,6.1
2025-03-26 10:00:00,2025,3,26,10,Huế,Phường Phú Bài,16.409296,107.6779818,97,Moderate,1,26.7,78,0.0,5.8,39,1006.9,56,53.0,54.6,517.0,3.6,181.0,6.9
2025-03-26 11:00:00,2025,3,26,11,Huế,Phường Phú Bài,16.409296,107.6779818,99,Moderate,1,28.0,72,0.0,7.7,37,1006.1,11,50.6,52.4,450.0,3.0,201.0,7.0
2025-03-26 12:00:00,2025,3,26,12,Huế,Phường Phú Bài,16.409296,107.6779818,101,Unhealthy for Sensitive Groups,2,29.1,67,0.0,7.7,41,1004.7,31,47.5,49.5,390.0,2.9,213.0,6.7
2025-03-26 13:00:00,2025,3,26,13,Huế,Phường Phú Bài,16.409296,107.6779818,102,Unhealthy for Sensitive Groups,2,29.8,66,0.0,7.4,47,1003.5,56,44.4,46.8,347.0,3.0,219.0,6.4
2025-03-26 14:00:00,2025,3,26,14,Huế,Phường Phú Bài,16.409296,107.6779818,118,Unhealthy for Sensitive Groups,2,30.0,65,0.0,8.7,52,1002.7,41,40.7,43.4,324.0,2.9,222.0,6.2
2025-03-26 15:00:00,2025,3,26,15,Huế,Phường Phú Bài,16.409296,107.6779818,154,Unhealthy,3,29.5,68,0.0,9.1,58,1002.1,13,36.8,39.5,317.0,2.9,219.0,6.1
2025-03-26 16:00:00,2025,3,26,16,Huế,Phường Phú Bài,16.409296,107.6779818,177,Unhealthy,3,28.9,72,0.0,6.9,57,1002.0,10,33.2,35.9,326.0,4.3,207.0,6.2
2025-03-26 17:00:00,2025,3,26,17,Huế,Phường Phú Bài,16.409296,107.6779818,194,Unhealthy,3,27.9,77,0.0,6.7,52,1002.2,26,30.9,33.3,352.0,8.2,181.0,6.9
2025-03-26 18:00:00,2025,3,26,18,Huế,Phường Phú Bài,16.409296,107.6779818,199,Unhealthy,3,25.9,86,0.0,4.1,61,1002.7,3,32.1,34.1,394.0,13.4,146.0,8.0
2025-03-26 19:00:00,2025,3,26,19,Huế,Phường Phú Bài,16.409296,107.6779818,194,Unhealthy,3,24.9,88,0.0,2.4,73,1003.1,7,29.6,31.2,449.0,15.2,114.0,7.8
2025-03-26 20:00:00,2025,3,26,20,Huế,Phường Phú Bài,16.409296,107.6779818,180,Unhealthy,3,24.2,89,0.0,0.7,346,1003.3,1,32.0,33.5,517.0,15.1,104.0,8.0
2025-03-26 21:00:00,2025,3,26,21,Huế,Phường Phú Bài,16.409296,107.6779818,163,Unhealthy,3,24.0,90,0.0,0.7,90,1003.8,2,34.7,36.1,599.0,14.9,91.0,8.1
2025-03-26 22:00:00,2025,3,26,22,Huế,Phường Phú Bài,16.409296,107.6779818,140,Unhealthy for Sensitive Groups,2,23.6,92,0.0,1.7,108,1003.9,0,37.3,38.4,689.0,14.6,78.0,8.0
2025-03-26 23:00:00,2025,3,26,23,Huế,Phường Phú Bài,16.409296,107.6779818,109,Unhealthy for Sensitive Groups,2,23.2,94,0.0,1.2,243,1003.6,0,39.6,40.6,810.0,14.3,68.0,7.3
2025-03-27 00:00:00,2025,3,27,0,Huế,Phường Phú Bài,16.409296,107.6779818,110,Unhealthy for Sensitive Groups,2,22.8,97,0.0,2.7,262,1002.9,86,41.8,42.7,941.0,13.9,60.0,6.4
2025-03-27 01:00:00,2025,3,27,1,Huế,Phường Phú Bài,16.409296,107.6779818,111,Unhealthy for Sensitive Groups,2,22.5,98,0.0,4.0,267,1002.6,83,45.1,46.0,1007.0,13.3,53.0,5.5
2025-03-27 02:00:00,2025,3,27,2,Huế,Phường Phú Bài,16.409296,107.6779818,112,Unhealthy for Sensitive Groups,2,22.4,99,0.0,5.2,239,1002.3,100,48.9,49.8,955.0,12.2,47.0,4.8
2025-03-27 03:00:00,2025,3,27,3,Huế,Phường Phú Bài,16.409296,107.6779818,114,Unhealthy for Sensitive Groups,2,22.4,98,0.0,6.2,234,1002.1,87,52.5,53.3,840.0,10.8,43.0,4.1
2025-03-27 04:00:00,2025,3,27,4,Huế,Phường Phú Bài,16.409296,107.6779818,115,Unhealthy for Sensitive Groups,2,22.4,96,0.0,5.8,219,1002.3,95,55.8,56.6,752.0,9.8,41.0,3.7
2025-03-27 05:00:00,2025,3,27,5,Huế,Phường Phú Bài,16.409296,107.6779818,118,Unhealthy for Sensitive Groups,2,22.2,95,0.0,5.6,201,1002.7,72,58.4,59.1,731.0,9.6,38.0,3.6
2025-03-27 06:00:00,2025,3,27,6,Huế,Phường Phú Bài,16.409296,107.6779818,120,Unhealthy for Sensitive Groups,2,21.9,96,0.0,4.7,180,1003.3,68,59.8,60.5,737.0,9.6,38.0,3.6
2025-03-27 07:00:00,2025,3,27,7,Huế,Phường Phú Bài,16.409296,107.6779818,122,Unhealthy for Sensitive Groups,2,23.9,89,0.0,5.6,173,1003.7,44,71.5,72.2,741.0,10.2,54.0,4.7
2025-03-27 08:00:00,2025,3,27,8,Huế,Phường Phú Bài,16.409296,107.6779818,124,Unhealthy for Sensitive Groups,2,27.0,80,0.0,1.8,225,1004.8,41,76.6,77.1,738.0,8.6,95.0,5.7
2025-03-27 09:00:00,2025,3,27,9,Huế,Phường Phú Bài,16.409296,107.6779818,127,Unhealthy for Sensitive Groups,2,30.2,69,0.0,1.7,328,1005.0,15,79.9,80.8,732.0,6.3,152.0,7.0
2025-03-27 10:00:00,2025,3,27,10,Huế,Phường Phú Bài,16.409296,107.6779818,129,Unhealthy for Sensitive Groups,2,32.5,63,0.0,4.2,18,1004.9,15,77.8,79.2,706.0,4.6,199.0,8.0
2025-03-27 11:00:00,2025,3,27,11,Huế,Phường Phú Bài,16.409296,107.6779818,132,Unhealthy for Sensitive Groups,2,33.4,65,0.0,6.7,27,1004.1,36,71.5,73.1,637.0,3.9,227.0,8.4
2025-03-27 12:00:00,2025,3,27,12,Huế,Phường Phú Bài,16.409296,107.6779818,134,Unhealthy for Sensitive Groups,2,32.8,67,0.0,10.9,29,1003.1,33,66.8,68.7,549.0,3.8,245.0,8.4
2025-03-27 13:00:00,2025,3,27,13,Huế,Phường Phú Bài,16.409296,107.6779818,136,Unhealthy for Sensitive Groups,2,32.4,63,0.1,9.9,53,1002.1,36,64.3,66.6,490.0,3.9,254.0,8.4
2025-03-27 14:00:00,2025,3,27,14,Huế,Phường Phú Bài,16.409296,107.6779818,138,Unhealthy for Sensitive Groups,2,32.7,62,0.0,10.2,81,1001.0,19,60.8,63.1,485.0,3.9,253.0,8.2
2025-03-27 15:00:00,2025,3,27,15,Huế,Phường Phú Bài,16.409296,107.6779818,173,Unhealthy,3,32.1,64,0.0,10.8,89,1000.3,18,60.1,61.9,510.0,4.1,243.0,8.0
2025-03-27 16:00:00,2025,3,27,16,Huế,Phường Phú Bài,16.409296,107.6779818,201,Very Unhealthy,4,31.5,70,0.0,11.4,72,1000.2,8,57.0,58.9,544.0,5.6,225.0,8.2
2025-03-27 17:00:00,2025,3,27,17,Huế,Phường Phú Bài,16.409296,107.6779818,210,Very Unhealthy,4,29.5,78,0.0,10.7,55,1000.5,6,55.6,57.2,569.0,9.7,195.0,9.2
2025-03-27 18:00:00,2025,3,27,18,Huế,Phường Phú Bài,16.409296,107.6779818,213,Very Unhealthy,4,27.2,82,0.0,7.6,45,1001.2,8,58.1,59.4,603.0,15.0,157.0,10.6
2025-03-27 19:00:00,2025,3,27,19,Huế,Phường Phú Bài,16.409296,107.6779818,210,Very Unhealthy,4,26.2,86,0.0,2.1,301,1002.1,12,68.7,69.6,684.0,16.1,145.0,10.7
2025-03-27 20:00:00,2025,3,27,20,Huế,Phường Phú Bài,16.409296,107.6779818,205,Very Unhealthy,4,25.6,90,0.0,1.6,297,1002.3,11,71.9,72.9,882.0,16.3,127.0,10.8
2025-03-27 21:00:00,2025,3,27,21,Huế,Phường Phú Bài,16.409296,107.6779818,192,Unhealthy,3,25.3,92,0.0,3.2,199,1002.9,5,73.6,74.5,1127.0,16.5,103.0,10.8
2025-03-27 22:00:00,2025,3,27,22,Huế,Phường Phú Bài,16.409296,107.6779818,168,Unhealthy,3,25.2,94,0.0,4.2,200,1003.4,10,75.2,75.9,1247.0,16.6,81.0,10.4
2025-03-27 23:00:00,2025,3,27,23,Huế,Phường Phú Bài,16.409296,107.6779818,153,Unhealthy,3,24.9,95,0.0,4.5,194,1003.2,0,77.3,78.0,1125.0,16.6,65.0,9.3
2025-03-28 00:00:00,2025,3,28,0,Huế,Phường Phú Bài,16.409296,107.6779818,154,Unhealthy,3,24.5,94,0.0,4.0,210,1003.0,0,80.6,81.3,878.0,16.6,52.0,7.7
2025-03-28 01:00:00,2025,3,28,1,Huế,Phường Phú Bài,16.409296,107.6779818,155,Unhealthy,3,24.4,90,0.0,5.5,212,1002.6,0,83.6,84.3,684.0,16.3,42.0,6.4
2025-03-28 02:00:00,2025,3,28,2,Huế,Phường Phú Bài,16.409296,107.6779818,156,Unhealthy,3,24.1,88,0.0,6.1,210,1002.2,92,85.7,86.4,610.0,15.7,34.0,5.4
2025-03-28 03:00:00,2025,3,28,3,Huế,Phường Phú Bài,16.409296,107.6779818,157,Unhealthy,3,23.8,89,0.0,4.8,217,1002.1,97,87.1,88.0,589.0,14.9,30.0,4.5
2025-03-28 04:00:00,2025,3,28,4,Huế,Phường Phú Bài,16.409296,107.6779818,158,Unhealthy,3,23.5,89,0.0,4.6,225,1002.8,48,87.8,88.7,596.0,14.2,29.0,4.1
2025-03-28 05:00:00,2025,3,28,5,Huế,Phường Phú Bài,16.409296,107.6779818,158,Unhealthy,3,23.1,90,0.0,3.9,227,1003.6,47,88.0,88.7,643.0,14.1,29.0,4.1
2025-03-28 06:00:00,2025,3,28,6,Huế,Phường Phú Bài,16.409296,107.6779818,159,Unhealthy,3,23.0,90,0.0,2.4,207,1004.4,93,87.8,88.5,718.0,14.3,32.0,4.5
2025-03-28 07:00:00,2025,3,28,7,Huế,Phường Phú Bài,16.409296,107.6779818,160,Unhealthy,3,24.8,84,0.0,3.2,207,1005.4,94,86.1,86.8,764.0,14.8,50.0,5.4
2025-03-28 08:00:00,2025,3,28,8,Huế,Phường Phú Bài,16.409296,107.6779818,160,Unhealthy,3,27.9,75,0.0,2.7,200,1006.4,91,90.6,91.7,755.0,12.1,97.0,7.2
2025-03-28 09:00:00,2025,3,28,9,Huế,Phường Phú Bài,16.409296,107.6779818,160,Unhealthy,3,31.1,64,0.0,1.0,45,1006.9,21,86.8,88.2,718.0,8.3,162.0,9.7
2025-03-28 10:00:00,2025,3,28,10,Huế,Phường Phú Bài,16.409296,107.6779818,160,Unhealthy,3,33.0,61,0.0,5.6,29,1006.7,25,79.4,81.0,673.0,5.5,214.0,11.3
2025-03-28 11:00:00,2025,3,28,11,Huế,Phường Phú Bài,16.409296,107.6779818,160,Unhealthy,3,33.2,65,0.0,8.7,34,1006.3,16,72.2,74.0,624.0,4.4,239.0,11.1
2025-03-28 12:00:00,2025,3,28,12,Huế,Phường Phú Bài,16.409296,107.6779818,160,Unhealthy,3,32.9,68,0.0,8.0,34,1005.6,20,68.0,69.8,568.0,4.3,250.0,9.9
2025-03-28 13:00:00,2025,3,28,13,Huế,Phường Phú Bài,16.409296,107.6779818,160,Unhealthy,3,33.5,65,0.0,8.1,62,1004.7,74,65.0,66.8,514.0,4.5,254.0,9.0
2025-03-28 14:00:00,2025,3,28,14,Huế,Phường Phú Bài,16.409296,107.6779818,160,Unhealthy,3,33.0,63,0.0,9.0,59,1003.7,85,62.9,64.7,463.0,4.5,253.0,8.7
2025-03-28 15:00:00,2025,3,28,15,Huế,Phường Phú Bài,16.409296,107.6779818,180,Unhealthy,3,32.0,67,0.0,10.1,68,1003.1,82,61.0,62.9,415.0,4.9,245.0,8.6
2025-03-28 16:00:00,2025,3,28,16,Huế,Phường Phú Bài,16.409296,107.6779818,205,Very Unhealthy,4,31.1,72,0.0,8.4,62,1003.1,89,61.0,62.9,379.0,6.4,227.0,8.7
2025-03-28 17:00:00,2025,3,28,17,Huế,Phường Phú Bài,16.409296,107.6779818,213,Very Unhealthy,4,29.3,77,0.0,9.2,70,1003.5,85,63.6,65.2,349.0,10.1,193.0,9.0
2025-03-28 18:00:00,2025,3,28,18,Huế,Phường Phú Bài,16.409296,107.6779818,215,Very Unhealthy,4,27.0,85,0.0,6.4,47,1004.5,37,66.8,68.2,330.0,14.9,149.0,9.4
2025-03-28 19:00:00,2025,3,28,19,Huế,Phường Phú Bài,16.409296,107.6779818,211,Very Unhealthy,4,25.8,88,0.0,5.6,45,1005.3,41,65.2,67.1,356.0,15.9,119.0,9.5
2025-03-28 20:00:00,2025,3,28,20,Huế,Phường Phú Bài,16.409296,107.6779818,203,Very Unhealthy,4,26.1,90,0.0,2.3,61,1005.4,71,61.0,62.4,450.0,16.5,102.0,9.2
2025-03-28 21:00:00,2025,3,28,21,Huế,Phường Phú Bài,16.409296,107.6779818,183,Unhealthy,3,25.9,91,0.0,1.5,120,1006.4,100,58.3,59.6,587.0,17.3,78.0,8.8
2025-03-28 22:00:00,2025,3,28,22,Huế,Phường Phú Bài,16.409296,107.6779818,160,Unhealthy,3,25.5,93,0.0,0.6,342,1006.4,87,57.2,58.3,725.0,17.9,58.0,8.2
2025-03-28 23:00:00,2025,3,28,23,Huế,Phường Phú Bài,16.409296,107.6779818,160,Unhealthy,3,24.8,96,0.0,0.8,333,1006.6,80,55.6,56.8,863.0,18.3,47.0,7.2
2025-03-29 00:00:00,2025,3,29,0,Huế,Phường Phú Bài,16.409296,107.6779818,159,Unhealthy,3,24.0,98,0.0,2.3,337,1006.5,89,53.7,54.8,1001.0,18.4,39.0,5.9
2025-03-29 01:00:00,2025,3,29,1,Huế,Phường Phú Bài,16.409296,107.6779818,159,Unhealthy,3,23.5,99,0.0,0.4,270,1006.3,100,52.3,53.3,1097.0,18.2,34.0,4.8
2025-03-29 02:00:00,2025,3,29,2,Huế,Phường Phú Bài,16.409296,107.6779818,158,Unhealthy,3,23.6,100,0.0,2.3,252,1006.2,100,51.7,52.7,1129.0,17.4,29.0,3.9
2025-03-29 03:00:00,2025,3,29,3,Huế,Phường Phú Bài,16.409296,107.6779818,157,Unhealthy,3,23.5,100,0.0,3.4,267,1005.9,100,51.3,52.5,1119.0,16.2,27.0,3.1
2025-03-29 04:00:00,2025,3,29,4,Huế,Phường Phú Bài,16.409296,107.6779818,157,Unhealthy,3,23.2,100,0.0,2.2,261,1006.0,100,50.5,51.7,1091.0,15.1,27.0,2.7
2025-03-29 05:00:00,2025,3,29,5,Huế,Phường Phú Bài,16.409296,107.6779818,156,Unhealthy,3,23.4,99,0.0,2.2,279,1006.7,100,48.5,49.7,1060.0,14.6,29.0,2.8
2025-03-29 06:00:00,2025,3,29,6,Huế,Phường Phú Bài,16.409296,107.6779818,155,Unhealthy,3,23.5,99,0.0,2.6,309,1007.4,100,46.6,47.6,1011.0,14.3,33.0,3.2
2025-03-29 07:00:00,2025,3,29,7,Huế,Phường Phú Bài,16.409296,107.6779818,154,Unhealthy,3,24.1,99,0.0,2.7,274,1008.5,100,35.0,36.4,926.0,10.6,53.0,2.9
2025-03-29 08:00:00,2025,3,29,8,Huế,Phường Phú Bài,16.409296,107.6779818,153,Unhealthy,3,26.0,88,0.0,2.9,187,1009.3,100,31.2,32.6,776.0,8.6,76.0,2.8
2025-03-29 09:00:00,2025,3,29,9,Huế,Phường Phú Bài,16.409296,107.6779818,152,Unhealthy,3,28.5,78,0.0,4.4,142,1010.2,100,29.2,30.6,588.0,5.8,107.0,2.6
2025-03-29 10:00:00,2025,3,29,10,Huế,Phường Phú Bài,16.409296,107.6779818,150,Unhealthy for Sensitive Groups,2,30.2,70,0.0,6.9,73,1010.2,100,27.6,29.2,429.0,3.7,131.0,2.4
2025-03-29 11:00:00,2025,3,29,11,Huế,Phường Phú Bài,16.409296,107.6779818,146,Unhealthy for Sensitive Groups,2,30.6,71,0.0,12.9,65,1009.6,98,25.0,26.6,320.0,2.8,141.0,2.3
2025-03-29 12:00:00,2025,3,29,12,Huế,Phường Phú Bài,16.409296,107.6779818,141,Unhealthy for Sensitive Groups,2,30.0,73,0.0,17.1,66,1009.2,94,22.7,24.3,238.0,2.6,144.0,2.3
2025-03-29 13:00:00,2025,3,29,13,Huế,Phường Phú Bài,16.409296,107.6779818,137,Unhealthy for Sensitive Groups,2,29.5,74,0.0,18.7,73,1008.2,93,20.0,21.5,182.0,2.5,141.0,2.3
2025-03-29 14:00:00,2025,3,29,14,Huế,Phường Phú Bài,16.409296,107.6779818,132,Unhealthy for Sensitive Groups,2,29.3,75,0.0,19.6,75,1007.5,100,16.7,18.1,158.0,2.2,130.0,2.2
2025-03-29 15:00:00,2025,3,29,15,Huế,Phường Phú Bài,16.409296,107.6779818,127,Unhealthy for Sensitive Groups,2,28.4,78,0.0,21.3,76,1006.9,100,14.7,17.0,159.0,2.0,112.0,2.1
2025-03-29 16:00:00,2025,3,29,16,Huế,Phường Phú Bài,16.409296,107.6779818,122,Unhealthy for Sensitive Groups,2,27.4,81,0.0,21.5,72,1007.1,100,12.6,14.8,164.0,2.8,95.0,2.1
2025-03-29 17:00:00,2025,3,29,17,Huế,Phường Phú Bài,16.409296,107.6779818,117,Unhealthy for Sensitive Groups,2,26.2,87,0.1,18.5,80,1007.9,100,10.7,13.1,166.0,5.4,78.0,2.5
2025-03-29 18:00:00,2025,3,29,18,Huế,Phường Phú Bài,16.409296,107.6779818,112,Unhealthy for Sensitive Groups,2,25.5,91,0.2,15.8,76,1009.1,100,12.9,15.2,172.0,8.9,62.0,3.0
2025-03-29 19:00:00,2025,3,29,19,Huế,Phường Phú Bài,16.409296,107.6779818,106,Unhealthy for Sensitive Groups,2,25.0,94,0.1,17.6,79,1010.2,100,13.4,16.5,177.0,6.7,69.0,3.1
2025-03-29 20:00:00,2025,3,29,20,Huế,Phường Phú Bài,16.409296,107.6779818,101,Unhealthy for Sensitive Groups,2,24.5,95,0.1,15.6,79,1011.2,100,12.6,15.7,182.0,7.0,63.0,3.0
2025-03-29 21:00:00,2025,3,29,21,Huế,Phường Phú Bài,16.409296,107.6779818,96,Moderate,1,24.2,94,1.3,16.9,81,1012.2,100,12.0,14.8,187.0,7.5,54.0,2.9
2025-03-29 22:00:00,2025,3,29,22,Huế,Phường Phú Bài,16.409296,107.6779818,92,Moderate,1,24.0,98,0.1,13.5,82,1012.8,100,12.4,15.0,189.0,7.8,48.0,2.8
2025-03-29 23:00:00,2025,3,29,23,Huế,Phường Phú Bài,16.409296,107.6779818,88,Moderate,1,23.6,96,0.3,14.2,77,1012.9,96,12.7,15.5,182.0,7.8,46.0,2.7
2025-03-30 00:00:00,2025,3,30,0,Huế,Phường Phú Bài,16.409296,107.6779818,84,Moderate,1,23.5,94,0.2,10.7,70,1013.0,99,12.6,15.4,172.0,7.6,46.0,2.7
2025-03-30 01:00:00,2025,3,30,1,Huế,Phường Phú Bài,16.409296,107.6779818,81,Moderate,1,23.0,97,0.5,7.2,53,1012.7,100,12.0,14.8,179.0,7.4,47.0,2.7
2025-03-30 02:00:00,2025,3,30,2,Huế,Phường Phú Bài,16.409296,107.6779818,77,Moderate,1,23.1,96,0.3,6.6,47,1012.5,100,10.5,13.1,217.0,6.9,48.0,2.8
2025-03-30 03:00:00,2025,3,30,3,Huế,Phường Phú Bài,16.409296,107.6779818,74,Moderate,1,23.0,96,0.0,5.4,30,1012.0,100,9.6,11.7,273.0,6.4,49.0,3.1
2025-03-30 04:00:00,2025,3,30,4,Huế,Phường Phú Bài,16.409296,107.6779818,70,Moderate,1,23.1,95,0.0,3.3,6,1011.9,100,8.8,10.5,324.0,6.3,50.0,3.5
2025-03-30 05:00:00,2025,3,30,5,Huế,Phường Phú Bài,16.409296,107.6779818,66,Moderate,1,23.1,98,0.7,3.7,349,1012.4,100,7.7,9.1,370.0,7.0,48.0,4.2
2025-03-30 06:00:00,2025,3,30,6,Huế,Phường Phú Bài,16.409296,107.6779818,63,Moderate,1,23.2,97,0.5,5.3,35,1013.1,100,6.6,7.7,411.0,8.2,46.0,5.2
2025-03-30 07:00:00,2025,3,30,7,Huế,Phường Phú Bài,16.409296,107.6779818,59,Moderate,1,23.1,98,0.5,10.0,56,1013.8,100,11.2,12.5,429.0,9.8,48.0,4.3
2025-03-30 08:00:00,2025,3,30,8,Huế,Phường Phú Bài,16.409296,107.6779818,57,Moderate,1,22.1,96,0.4,17.2,345,1015.9,100,9.1,10.2,404.0,9.7,51.0,5.1
2025-03-30 09:00:00,2025,3,30,9,Huế,Phường Phú Bài,16.409296,107.6779818,55,Moderate,1,22.2,96,0.5,16.2,347,1017.1,100,9.1,9.9,356.0,9.5,54.0,6.2
2025-03-30 10:00:00,2025,3,30,10,Huế,Phường Phú Bài,16.409296,107.6779818,53,Moderate,1,22.7,94,0.4,16.5,340,1017.1,100,7.6,8.2,325.0,9.1,59.0,7.0
2025-03-30 11:00:00,2025,3,30,11,Huế,Phường Phú Bài,16.409296,107.6779818,51,Moderate,1,23.1,91,0.6,18.0,335,1016.9,100,5.8,6.5,330.0,8.4,66.0,7.1
2025-03-30 12:00:00,2025,3,30,12,Huế,Phường Phú Bài,16.409296,107.6779818,49,Good,0,22.5,96,0.8,17.1,328,1016.1,100,7.6,8.5,353.0,7.5,74.0,6.8
2025-03-30 13:00:00,2025,3,30,13,Huế,Phường Phú Bài,16.409296,107.6779818,47,Good,0,22.2,96,0.9,16.9,330,1015.2,100,8.7,10.0,375.0,6.8,79.0,6.4
2025-03-30 14:00:00,2025,3,30,14,Huế,Phường Phú Bài,16.409296,107.6779818,45,Good,0,22.0,96,1.0,16.5,332,1014.6,100,9.6,11.4,390.0,6.4,80.0,5.9
2025-03-30 15:00:00,2025,3,30,15,Huế,Phường Phú Bài,16.409296,107.6779818,43,Good,0,21.7,97,1.1,16.3,327,1014.2,100,11.5,13.7,404.0,6.2,79.0,5.2
2025-03-30 16:00:00,2025,3,30,16,Huế,Phường Phú Bài,16.409296,107.6779818,43,Good,0,21.5,96,1.1,15.6,321,1013.8,100,12.7,15.3,422.0,6.2,78.0,4.6
2025-03-30 17:00:00,2025,3,30,17,Huế,Phường Phú Bài,16.409296,107.6779818,43,Good,0,20.6,97,1.5,15.3,310,1013.8,100,12.8,15.7,447.0,6.5,77.0,4.2
2025-03-30 18:00:00,2025,3,30,18,Huế,Phường Phú Bài,16.409296,107.6779818,43,Good,0,20.2,97,1.1,12.0,300,1014.3,100,12.4,15.3,476.0,7.1,76.0,4.0
2025-03-30 19:00:00,2025,3,30,19,Huế,Phường Phú Bài,16.409296,107.6779818,43,Good,0,20.0,97,0.7,10.7,286,1015.1,100,10.5,12.7,496.0,8.0,71.0,4.3
2025-03-30 20:00:00,2025,3,30,20,Huế,Phường Phú Bài,16.409296,107.6779818,43,Good,0,19.3,97,0.3,8.5,272,1016.6,100,10.2,12.4,507.0,7.7,71.0,4.3
2025-03-30 21:00:00,2025,3,30,21,Huế,Phường Phú Bài,16.409296,107.6779818,42,Good,0,19.2,98,0.2,9.2,266,1017.0,100,10.1,12.3,509.0,7.4,71.0,4.3
2025-03-30 22:00:00,2025,3,30,22,Huế,Phường Phú Bài,16.409296,107.6779818,42,Good,0,19.1,96,0.2,11.2,249,1017.2,100,10.2,12.3,495.0,7.0,70.0,4.3
2025-03-30 23:00:00,2025,3,30,23,Huế,Phường Phú Bài,16.409296,107.6779818,42,Good,0,19.1,95,0.1,11.8,251,1017.3,100,10.1,12.2,453.0,6.6,69.0,4.1
2025-03-31 00:00:00,2025,3,31,0,Huế,Phường Phú Bài,16.409296,107.6779818,41,Good,0,18.9,98,0.2,10.2,260,1016.4,100,9.9,12.0,395.0,6.3,68.0,3.9
2025-03-31 01:00:00,2025,3,31,1,Huế,Phường Phú Bài,16.409296,107.6779818,41,Good,0,19.0,97,0.2,10.3,258,1016.0,100,9.8,12.0,349.0,6.0,67.0,3.8
2025-03-31 02:00:00,2025,3,31,2,Huế,Phường Phú Bài,16.409296,107.6779818,40,Good,0,19.1,94,0.1,11.8,262,1015.5,100,10.0,12.0,325.0,5.8,65.0,3.8
2025-03-31 03:00:00,2025,3,31,3,Huế,Phường Phú Bài,16.409296,107.6779818,40,Good,0,19.0,94,0.1,12.1,267,1015.0,100,10.2,12.3,314.0,5.7,62.0,3.8
2025-03-31 04:00:00,2025,3,31,4,Huế,Phường Phú Bài,16.409296,107.6779818,40,Good,0,19.0,95,0.1,12.1,263,1014.7,100,10.5,12.7,318.0,6.0,59.0,4.0
2025-03-31 05:00:00,2025,3,31,5,Huế,Phường Phú Bài,16.409296,107.6779818,41,Good,0,18.9,97,0.2,11.2,259,1015.0,100,11.1,13.3,347.0,7.0,56.0,4.5
2025-03-31 06:00:00,2025,3,31,6,Huế,Phường Phú Bài,16.409296,107.6779818,41,Good,0,18.9,97,0.2,11.6,262,1015.4,100,11.7,14.0,391.0,8.2,53.0,5.1
2025-03-31 07:00:00,2025,3,31,7,Huế,Phường Phú Bài,16.409296,107.6779818,42,Good,0,19.4,94,0.1,12.4,268,1016.0,100,13.4,15.9,426.0,9.5,52.0,5.9
2025-03-31 08:00:00,2025,3,31,8,Huế,Phường Phú Bài,16.409296,107.6779818,42,Good,0,20.0,89,0.1,10.6,273,1017.0,100,13.7,16.8,446.0,9.3,58.0,6.4
2025-03-31 09:00:00,2025,3,31,9,Huế,Phường Phú Bài,16.409296,107.6779818,43,Good,0,20.6,88,0.2,12.7,282,1017.5,100,14.8,18.0,458.0,9.1,67.0,7.0
2025-03-31 10:00:00,2025,3,31,10,Huế,Phường Phú Bài,16.409296,107.6779818,44,Good,0,21.2,87,0.3,11.3,292,1017.4,100,16.4,19.4,455.0,8.5,76.0,7.3
2025-03-31 11:00:00,2025,3,31,11,Huế,Phường Phú Bài,16.409296,107.6779818,46,Good,0,21.5,88,0.8,10.0,322,1017.1,100,16.8,20.0,427.0,7.3,84.0,7.1
2025-03-31 12:00:00,2025,3,31,12,Huế,Phường Phú Bài,16.409296,107.6779818,48,Good,0,21.7,91,0.7,12.3,352,1016.3,100,17.0,20.1,383.0,5.9,92.0,6.7
2025-03-31 13:00:00,2025,3,31,13,Huế,Phường Phú Bài,16.409296,107.6779818,49,Good,0,21.6,90,0.5,13.0,350,1015.3,100,17.1,20.5,353.0,5.0,97.0,6.3
2025-03-31 14:00:00,2025,3,31,14,Huế,Phường Phú Bài,16.409296,107.6779818,50,Good,0,21.3,91,0.2,12.7,349,1014.4,100,17.3,20.8,341.0,4.9,99.0,6.2
2025-03-31 15:00:00,2025,3,31,15,Huế,Phường Phú Bài,16.409296,107.6779818,51,Moderate,1,21.4,88,0.2,11.7,345,1013.5,100,17.5,21.2,342.0,5.3,98.0,6.2
2025-03-31 16:00:00,2025,3,31,16,Huế,Phường Phú Bài,16.409296,107.6779818,52,Moderate,1,21.1,90,0.4,12.0,339,1013.1,100,18.3,22.2,364.0,6.1,96.0,6.2
2025-03-31 17:00:00,2025,3,31,17,Huế,Phường Phú Bài,16.409296,107.6779818,52,Moderate,1,20.8,91,0.3,9.7,325,1013.2,100,18.5,22.3,426.0,7.8,91.0,6.4
2025-03-31 18:00:00,2025,3,31,18,Huế,Phường Phú Bài,16.409296,107.6779818,53,Moderate,1,20.4,93,0.2,8.4,307,1013.5,100,18.3,22.1,508.0,9.9,84.0,6.7
2025-03-31 19:00:00,2025,3,31,19,Huế,Phường Phú Bài,16.409296,107.6779818,53,Moderate,1,20.0,95,0.1,8.9,288,1014.5,100,17.9,21.0,565.0,11.1,71.0,6.2
2025-03-31 20:00:00,2025,3,31,20,Huế,Phường Phú Bài,16.409296,107.6779818,54,Moderate,1,19.7,95,0.1,7.6,278,1015.6,100,16.5,19.3,577.0,10.2,71.0,5.9
2025-03-31 21:00:00,2025,3,31,21,Huế,Phường Phú Bài,16.409296,107.6779818,54,Moderate,1,19.6,95,0.1,8.1,274,1016.5,100,16.0,18.7,562.0,9.0,71.0,5.5
2025-03-31 22:00:00,2025,3,31,22,Huế,Phường Phú Bài,16.409296,107.6779818,55,Moderate,1,19.5,95,0.1,8.1,267,1016.8,100,15.5,18.0,533.0,7.9,71.0,5.0
2025-03-31 23:00:00,2025,3,31,23,Huế,Phường Phú Bài,16.409296,107.6779818,55,Moderate,1,19.4,95,0.1,9.0,257,1016.8,100,14.6,17.0,483.0,7.1,71.0,4.4
2025-04-01 00:00:00,2025,4,1,0,Huế,Phường Phú Bài,16.409296,107.6779818,56,Moderate,1,19.2,95,0.1,9.6,244,1016.3,100,14.1,16.5,417.0,6.5,70.0,3.8
2025-04-01 01:00:00,2025,4,1,1,Huế,Phường Phú Bài,16.409296,107.6779818,56,Moderate,1,19.0,95,0.1,9.4,252,1015.5,100,14.3,16.6,368.0,6.1,69.0,3.4
2025-04-01 02:00:00,2025,4,1,2,Huế,Phường Phú Bài,16.409296,107.6779818,57,Moderate,1,19.0,96,0.1,9.6,256,1014.7,100,14.4,17.0,345.0,5.8,67.0,3.2
2025-04-01 03:00:00,2025,4,1,3,Huế,Phường Phú Bài,16.409296,107.6779818,57,Moderate,1,18.9,98,0.1,9.0,254,1014.4,100,14.9,17.5,339.0,5.7,65.0,3.2
2025-04-01 04:00:00,2025,4,1,4,Huế,Phường Phú Bài,16.409296,107.6779818,57,Moderate,1,18.9,98,0.2,8.6,258,1014.2,100,15.4,18.1,347.0,5.8,63.0,3.3
2025-04-01 05:00:00,2025,4,1,5,Huế,Phường Phú Bài,16.409296,107.6779818,58,Moderate,1,18.9,98,0.2,8.9,256,1014.5,100,16.1,18.9,381.0,6.5,62.0,3.7
2025-04-01 06:00:00,2025,4,1,6,Huế,Phường Phú Bài,16.409296,107.6779818,58,Moderate,1,19.0,98,0.3,10.0,262,1014.8,100,16.8,19.7,429.0,7.4,61.0,4.3
2025-04-01 07:00:00,2025,4,1,7,Huế,Phường Phú Bài,16.409296,107.6779818,59,Moderate,1,19.1,98,0.2,10.4,268,1015.4,100,18.2,21.2,459.0,7.6,61.0,4.8
2025-04-01 08:00:00,2025,4,1,8,Huế,Phường Phú Bài,16.409296,107.6779818,59,Moderate,1,19.6,97,0.3,11.2,291,1017.2,100,19.1,22.6,451.0,7.7,63.0,5.2
2025-04-01 09:00:00,2025,4,1,9,Huế,Phường Phú Bài,16.409296,107.6779818,60,Moderate,1,20.0,98,0.7,13.5,323,1017.5,100,20.2,24.0,424.0,7.9,65.0,5.6
2025-04-01 10:00:00,2025,4,1,10,Huế,Phường Phú Bài,16.409296,107.6779818,60,Moderate,1,20.8,92,1.0,18.1,338,1017.4,100,22.0,24.6,400.0,7.6,69.0,5.8
2025-04-01 11:00:00,2025,4,1,11,Huế,Phường Phú Bài,16.409296,107.6779818,61,Moderate,1,20.9,92,0.4,15.4,334,1017.3,100,21.2,24.6,385.0,6.6,76.0,5.5
2025-04-01 12:00:00,2025,4,1,12,Huế,Phường Phú Bài,16.409296,107.6779818,61,Moderate,1,21.5,86,0.2,15.9,338,1016.6,100,20.6,23.9,373.0,5.1,84.0,4.9
2025-04-01 13:00:00,2025,4,1,13,Huế,Phường Phú Bài,16.409296,107.6779818,61,Moderate,1,21.1,86,0.3,16.1,340,1015.7,100,19.7,23.1,367.0,4.1,91.0,4.3
2025-04-01 14:00:00,2025,4,1,14,Huế,Phường Phú Bài,16.409296,107.6779818,61,Moderate,1,20.9,89,1.0,16.8,331,1014.6,100,18.2,21.3,364.0,3.6,95.0,3.7
2025-04-01 15:00:00,2025,4,1,15,Huế,Phường Phú Bài,16.409296,107.6779818,62,Moderate,1,20.5,92,0.6,15.5,325,1013.9,100,18.9,22.1,368.0,3.5,98.0,3.2
2025-04-01 16:00:00,2025,4,1,16,Huế,Phường Phú Bài,16.409296,107.6779818,62,Moderate,1,20.5,88,0.3,12.3,321,1013.3,100,20.3,23.9,392.0,4.0,98.0,2.9
2025-04-01 17:00:00,2025,4,1,17,Huế,Phường Phú Bài,16.409296,107.6779818,62,Moderate,1,20.2,88,0.1,9.7,312,1013.6,100,23.5,26.8,453.0,5.4,95.0,3.1
2025-04-01 18:00:00,2025,4,1,18,Huế,Phường Phú Bài,16.409296,107.6779818,62,Moderate,1,19.9,88,0.0,7.2,305,1013.9,100,26.5,29.6,534.0,7.4,90.0,3.6
2025-04-01 19:00:00,2025,4,1,19,Huế,Phường Phú Bài,16.409296,107.6779818,63,Moderate,1,19.7,88,0.0,5.6,268,1014.7,100,28.3,31.7,602.0,9.1,80.0,4.2
2025-04-01 20:00:00,2025,4,1,20,Huế,Phường Phú Bài,16.409296,107.6779818,64,Moderate,1,18.9,89,0.0,5.4,255,1016.2,100,29.8,33.1,657.0,8.6,80.0,4.2
2025-04-01 21:00:00,2025,4,1,21,Huế,Phường Phú Bài,16.409296,107.6779818,65,Moderate,1,18.8,90,0.0,5.5,243,1016.6,100,31.0,34.2,700.0,8.0,81.0,4.3
2025-04-01 22:00:00,2025,4,1,22,Huế,Phường Phú Bài,16.409296,107.6779818,66,Moderate,1,18.8,89,0.0,6.0,249,1017.2,100,31.2,34.7,693.0,7.4,81.0,4.3
2025-04-01 23:00:00,2025,4,1,23,Huế,Phường Phú Bài,16.409296,107.6779818,68,Moderate,1,18.7,88,0.0,6.7,246,1017.0,100,31.8,35.3,597.0,6.9,82.0,4.2
2025-04-02 00:00:00,2025,4,2,0,Huế,Phường Phú Bài,16.409296,107.6779818,69,Moderate,1,18.5,88,0.0,7.1,240,1016.7,100,32.5,36.0,452.0,6.5,83.0,4.0
2025-04-02 01:00:00,2025,4,2,1,Huế,Phường Phú Bài,16.409296,107.6779818,71,Moderate,1,18.5,88,0.0,6.6,237,1016.1,100,32.1,35.2,344.0,6.2,83.0,3.9
2025-04-02 02:00:00,2025,4,2,2,Huế,Phường Phú Bài,16.409296,107.6779818,73,Moderate,1,18.4,89,0.0,4.9,234,1015.4,100,33.1,36.1,309.0,6.0,81.0,3.9
2025-04-02 03:00:00,2025,4,2,3,Huế,Phường Phú Bài,16.409296,107.6779818,74,Moderate,1,18.5,90,0.0,3.4,223,1014.8,100,34.2,37.1,311.0,5.9,79.0,3.9
2025-04-02 04:00:00,2025,4,2,4,Huế,Phường Phú Bài,16.409296,107.6779818,76,Moderate,1,18.5,90,0.0,3.7,219,1014.6,100,35.0,38.1,333.0,5.9,78.0,4.0
2025-04-02 05:00:00,2025,4,2,5,Huế,Phường Phú Bài,16.409296,107.6779818,78,Moderate,1,18.5,90,0.0,4.9,237,1014.9,100,36.2,39.3,383.0,6.0,79.0,4.1
2025-04-02 06:00:00,2025,4,2,6,Huế,Phường Phú Bài,16.409296,107.6779818,79,Moderate,1,18.5,90,0.0,3.6,264,1015.6,100,37.6,40.9,452.0,6.3,81.0,4.3
2025-04-02 07:00:00,2025,4,2,7,Huế,Phường Phú Bài,16.409296,107.6779818,81,Moderate,1,19.1,88,0.0,4.7,279,1016.6,100,37.5,40.9,497.0,7.1,81.0,4.9
2025-04-02 08:00:00,2025,4,2,8,Huế,Phường Phú Bài,16.409296,107.6779818,83,Moderate,1,20.0,82,0.0,5.3,288,1018.3,100,34.6,38.0,496.0,6.4,88.0,4.4
2025-04-02 09:00:00,2025,4,2,9,Huế,Phường Phú Bài,16.409296,107.6779818,84,Moderate,1,20.8,81,0.0,6.1,293,1018.6,100,31.3,34.7,469.0,5.4,97.0,3.8
2025-04-02 10:00:00,2025,4,2,10,Huế,Phường Phú Bài,16.409296,107.6779818,85,Moderate,1,21.6,78,0.0,6.9,321,1018.3,100,28.9,32.1,438.0,4.5,105.0,3.3
2025-04-02 11:00:00,2025,4,2,11,Huế,Phường Phú Bài,16.409296,107.6779818,86,Moderate,1,22.3,76,0.2,6.6,323,1017.9,100,29.4,32.5,403.0,4.0,111.0,3.0
2025-04-02 12:00:00,2025,4,2,12,Huế,Phường Phú Bài,16.409296,107.6779818,87,Moderate,1,22.5,75,0.2,7.0,342,1017.3,100,29.2,32.1,362.0,3.6,115.0,2.8
2025-04-02 13:00:00,2025,4,2,13,Huế,Phường Phú Bài,16.409296,107.6779818,87,Moderate,1,22.4,78,0.2,8.8,351,1016.4,100,27.9,31.0,333.0,3.4,118.0,2.7
2025-04-02 14:00:00,2025,4,2,14,Huế,Phường Phú Bài,16.409296,107.6779818,88,Moderate,1,22.0,79,0.1,9.7,356,1015.5,100,28.7,31.8,317.0,3.1,120.0,2.5
2025-04-02 15:00:00,2025,4,2,15,Huế,Phường Phú Bài,16.409296,107.6779818,89,Moderate,1,21.9,80,0.1,8.7,354,1014.6,100,28.1,31.0,312.0,2.9,120.0,2.5
2025-04-02 16:00:00,2025,4,2,16,Huế,Phường Phú Bài,16.409296,107.6779818,90,Moderate,1,21.8,80,0.1,7.7,349,1014.2,100,27.6,30.5,331.0,3.8,116.0,2.7
2025-04-02 17:00:00,2025,4,2,17,Huế,Phường Phú Bài,16.409296,107.6779818,91,Moderate,1,21.5,82,0.0,5.6,353,1014.0,100,27.5,30.4,398.0,6.6,106.0,3.4
2025-04-02 18:00:00,2025,4,2,18,Huế,Phường Phú Bài,16.409296,107.6779818,91,Moderate,1,21.0,88,0.0,1.1,9,1014.3,100,29.9,32.5,489.0,10.4,93.0,4.4
2025-04-02 19:00:00,2025,4,2,19,Huế,Phường Phú Bài,16.409296,107.6779818,91,Moderate,1,20.9,88,0.0,1.1,180,1014.7,100,36.6,38.9,549.0,13.6,82.0,5.3
2025-04-02 20:00:00,2025,4,2,20,Huế,Phường Phú Bài,16.409296,107.6779818,92,Moderate,1,20.6,85,0.0,0.2,180,1015.5,97,41.1,43.5,546.0,15.5,77.0,6.7
2025-04-02 21:00:00,2025,4,2,21,Huế,Phường Phú Bài,16.409296,107.6779818,93,Moderate,1,20.5,86,0.0,3.1,230,1016.1,91,43.2,45.6,512.0,18.1,71.0,8.7
2025-04-02 22:00:00,2025,4,2,22,Huế,Phường Phú Bài,16.409296,107.6779818,94,Moderate,1,20.0,91,0.0,5.1,228,1016.5,100,45.9,48.2,492.0,19.8,67.0,10.1
2025-04-02 23:00:00,2025,4,2,23,Huế,Phường Phú Bài,16.409296,107.6779818,95,Moderate,1,20.0,91,0.0,5.8,234,1016.2,99,47.8,50.2,511.0,20.1,67.0,10.5
2025-04-03 00:00:00,2025,4,3,0,Huế,Phường Phú Bài,16.409296,107.6779818,97,Moderate,1,19.8,91,0.0,5.1,225,1016.1,100,49.8,52.0,544.0,19.5,69.0,10.4
2025-04-03 01:00:00,2025,4,3,1,Huế,Phường Phú Bài,16.409296,107.6779818,98,Moderate,1,19.5,93,0.0,4.6,222,1015.3,100,47.1,49.5,564.0,18.6,71.0,10.1
2025-04-03 02:00:00,2025,4,3,2,Huế,Phường Phú Bài,16.409296,107.6779818,100,Moderate,1,18.8,96,0.0,3.2,223,1014.9,88,46.8,49.1,556.0,17.3,71.0,9.7
2025-04-03 03:00:00,2025,4,3,3,Huế,Phường Phú Bài,16.409296,107.6779818,101,Unhealthy for Sensitive Groups,2,18.8,97,0.0,2.7,222,1014.7,98,45.4,47.7,534.0,15.7,71.0,9.1
2025-04-03 04:00:00,2025,4,3,4,Huế,Phường Phú Bài,16.409296,107.6779818,102,Unhealthy for Sensitive Groups,2,18.8,98,0.0,2.4,228,1015.0,100,45.9,48.2,523.0,13.9,74.0,8.5
2025-04-03 05:00:00,2025,4,3,5,Huế,Phường Phú Bài,16.409296,107.6779818,103,Unhealthy for Sensitive Groups,2,19.0,97,0.0,3.1,225,1015.4,100,45.9,48.2,541.0,11.8,81.0,8.1
2025-04-03 06:00:00,2025,4,3,6,Huế,Phường Phú Bài,16.409296,107.6779818,104,Unhealthy for Sensitive Groups,2,19.2,96,0.0,3.6,233,1015.8,100,45.6,47.8,568.0,9.6,91.0,7.6
2025-04-03 07:00:00,2025,4,3,7,Huế,Phường Phú Bài,16.409296,107.6779818,105,Unhealthy for Sensitive Groups,2,20.5,89,0.0,2.6,231,1016.5,100,45.9,48.9,568.0,8.0,96.0,6.1
2025-04-03 08:00:00,2025,4,3,8,Huế,Phường Phú Bài,16.409296,107.6779818,106,Unhealthy for Sensitive Groups,2,21.4,82,0.0,1.8,191,1018.6,100,41.8,44.7,514.0,7.1,102.0,5.7
2025-04-03 09:00:00,2025,4,3,9,Huế,Phường Phú Bài,16.409296,107.6779818,107,Unhealthy for Sensitive Groups,2,22.6,79,0.0,1.5,111,1018.6,100,39.2,42.6,433.0,5.9,111.0,5.2
2025-04-03 10:00:00,2025,4,3,10,Huế,Phường Phú Bài,16.409296,107.6779818,108,Unhealthy for Sensitive Groups,2,23.8,75,0.1,7.1,71,1018.4,100,37.3,40.9,370.0,4.8,119.0,4.7
2025-04-03 11:00:00,2025,4,3,11,Huế,Phường Phú Bài,16.409296,107.6779818,108,Unhealthy for Sensitive Groups,2,24.0,74,0.3,9.9,63,1018.0,100,37.3,41.3,344.0,3.9,124.0,4.1
2025-04-03 12:00:00,2025,4,3,12,Huế,Phường Phú Bài,16.409296,107.6779818,109,Unhealthy for Sensitive Groups,2,24.1,75,0.0,9.9,74,1017.1,90,37.3,41.7,336.0,3.2,128.0,3.6
2025-04-03 13:00:00,2025,4,3,13,Huế,Phường Phú Bài,16.409296,107.6779818,110,Unhealthy for Sensitive Groups,2,24.9,72,0.0,11.7,80,1015.7,63,37.4,42.0,333.0,2.7,130.0,3.1
2025-04-03 14:00:00,2025,4,3,14,Huế,Phường Phú Bài,16.409296,107.6779818,111,Unhealthy for Sensitive Groups,2,25.4,69,0.1,13.8,78,1014.3,99,37.3,42.1,331.0,2.2,132.0,2.7
2025-04-03 15:00:00,2025,4,3,15,Huế,Phường Phú Bài,16.409296,107.6779818,112,Unhealthy for Sensitive Groups,2,25.1,70,0.1,14.1,76,1013.5,99,36.6,41.3,334.0,1.8,134.0,2.4
2025-04-03 16:00:00,2025,4,3,16,Huế,Phường Phú Bài,16.409296,107.6779818,113,Unhealthy for Sensitive Groups,2,24.3,73,0.0,13.7,77,1013.0,87,36.2,41.0,340.0,2.5,131.0,2.5
2025-04-03 17:00:00,2025,4,3,17,Huế,Phường Phú Bài,16.409296,107.6779818,114,Unhealthy for Sensitive Groups,2,23.7,75,0.0,13.5,82,1012.8,57,36.0,40.7,350.0,5.1,122.0,3.2
2025-04-03 18:00:00,2025,4,3,18,Huế,Phường Phú Bài,16.409296,107.6779818,115,Unhealthy for Sensitive Groups,2,23.0,78,0.0,10.1,90,1012.7,100,36.3,40.6,364.0,8.6,108.0,4.2
2025-04-03 19:00:00,2025,4,3,19,Huế,Phường Phú Bài,16.409296,107.6779818,115,Unhealthy for Sensitive Groups,2,22.5,81,0.0,9.9,94,1012.7,100,43.4,48.0,375.0,13.0,93.0,5.6
2025-04-03 20:00:00,2025,4,3,20,Huế,Phường Phú Bài,16.409296,107.6779818,116,Unhealthy for Sensitive Groups,2,22.5,82,0.0,9.9,100,1013.6,100,46.3,50.9,378.0,13.0,88.0,5.9
2025-04-03 21:00:00,2025,4,3,21,Huế,Phường Phú Bài,16.409296,107.6779818,117,Unhealthy for Sensitive Groups,2,21.8,87,0.0,8.1,108,1013.8,47,45.2,49.4,379.0,12.9,80.0,6.2
2025-04-03 22:00:00,2025,4,3,22,Huế,Phường Phú Bài,16.409296,107.6779818,117,Unhealthy for Sensitive Groups,2,21.1,91,0.0,4.9,114,1014.0,0,43.2,46.9,388.0,12.5,75.0,6.3
2025-04-03 23:00:00,2025,4,3,23,Huế,Phường Phú Bài,16.409296,107.6779818,117,Unhealthy for Sensitive Groups,2,20.4,93,0.0,2.2,132,1013.9,2,41.1,44.5,415.0,11.5,73.0,5.8
2025-04-04 00:00:00,2025,4,4,0,Huế,Phường Phú Bài,16.409296,107.6779818,116,Unhealthy for Sensitive Groups,2,19.9,95,0.0,2.0,190,1013.8,0,39.6,42.8,451.0,10.2,73.0,5.0
2025-04-04 01:00:00,2025,4,4,1,Huế,Phường Phú Bài,16.409296,107.6779818,115,Unhealthy for Sensitive Groups,2,19.0,98,0.0,3.1,220,1013.3,0,38.3,41.4,479.0,9.2,73.0,4.3
2025-04-04 02:00:00,2025,4,4,2,Huế,Phường Phú Bài,16.409296,107.6779818,114,Unhealthy for Sensitive Groups,2,18.6,100,0.0,5.6,213,1012.4,7,38.4,41.6,484.0,8.6,71.0,3.8
2025-04-04 03:00:00,2025,4,4,3,Huế,Phường Phú Bài,16.409296,107.6779818,113,Unhealthy for Sensitive Groups,2,18.3,100,0.0,4.3,202,1011.7,93,38.6,41.6,481.0,8.3,68.0,3.3
2025-04-04 04:00:00,2025,4,4,4,Huế,Phường Phú Bài,16.409296,107.6779818,112,Unhealthy for Sensitive Groups,2,17.9,100,0.0,3.4,198,1011.7,99,40.0,42.5,501.0,8.1,66.0,2.9
2025-04-04 05:00:00,2025,4,4,5,Huế,Phường Phú Bài,16.409296,107.6779818,112,Unhealthy for Sensitive Groups,2,17.8,100,0.0,3.8,211,1012.1,100,41.4,43.8,583.0,8.1,63.0,2.5
2025-04-04 06:00:00,2025,4,4,6,Huế,Phường Phú Bài,16.409296,107.6779818,111,Unhealthy for Sensitive Groups,2,17.7,100,0.0,5.2,226,1012.8,100,43.5,45.6,688.0,8.2,60.0,2.1
2025-04-04 07:00:00,2025,4,4,7,Huế,Phường Phú Bài,16.409296,107.6779818,111,Unhealthy for Sensitive Groups,2,19.8,96,0.0,4.5,230,1013.1,99,40.5,43.3,726.0,7.0,79.0,1.9
2025-04-04 08:00:00,2025,4,4,8,Huế,Phường Phú Bài,16.409296,107.6779818,110,Unhealthy for Sensitive Groups,2,22.8,84,0.0,1.9,209,1014.6,92,37.0,39.9,635.0,5.9,91.0,1.9
2025-04-04 09:00:00,2025,4,4,9,Huế,Phường Phú Bài,16.409296,107.6779818,110,Unhealthy for Sensitive Groups,2,25.0,72,0.0,8.2,116,1014.7,89,31.4,34.2,477.0,4.3,107.0,1.9
2025-04-04 10:00:00,2025,4,4,10,Huế,Phường Phú Bài,16.409296,107.6779818,109,Unhealthy for Sensitive Groups,2,25.9,71,0.2,10.5,85,1014.3,100,28.0,30.7,353.0,3.0,122.0,1.9
2025-04-04 11:00:00,2025,4,4,11,Huế,Phường Phú Bài,16.409296,107.6779818,108,Unhealthy for Sensitive Groups,2,25.9,74,0.1,14.6,81,1013.8,100,26.9,29.6,306.0,2.3,133.0,1.9
2025-04-04 12:00:00,2025,4,4,12,Huế,Phường Phú Bài,16.409296,107.6779818,107,Unhealthy for Sensitive Groups,2,26.0,74,0.0,15.8,88,1012.8,98,26.5,29.2,294.0,1.9,143.0,2.0
2025-04-04 13:00:00,2025,4,4,13,Huế,Phường Phú Bài,16.409296,107.6779818,106,Unhealthy for Sensitive Groups,2,26.1,74,0.0,16.7,83,1011.5,85,26.3,29.2,289.0,1.8,150.0,2.1
2025-04-04 14:00:00,2025,4,4,14,Huế,Phường Phú Bài,16.409296,107.6779818,105,Unhealthy for Sensitive Groups,2,25.8,74,0.0,17.1,76,1010.3,71,25.8,28.8,275.0,1.7,155.0,2.2
2025-04-04 15:00:00,2025,4,4,15,Huế,Phường Phú Bài,16.409296,107.6779818,104,Unhealthy for Sensitive Groups,2,26.0,74,0.0,17.6,84,1009.1,2,25.0,28.1,269.0,1.8,157.0,2.4
2025-04-04 16:00:00,2025,4,4,16,Huế,Phường Phú Bài,16.409296,107.6779818,102,Unhealthy for Sensitive Groups,2,25.6,76,0.0,18.0,81,1008.4,0,24.1,27.2,294.0,2.7,153.0,2.8
2025-04-04 17:00:00,2025,4,4,17,Huế,Phường Phú Bài,16.409296,107.6779818,105,Unhealthy for Sensitive Groups,2,24.8,79,0.0,10.5,74,1008.7,0,23.9,27.1,364.0,5.2,138.0,3.5
2025-04-04 18:00:00,2025,4,4,18,Huế,Phường Phú Bài,16.409296,107.6779818,111,Unhealthy for Sensitive Groups,2,23.2,89,0.0,3.1,59,1008.5,1,24.3,27.0,464.0,8.5,118.0,4.4
2025-04-04 19:00:00,2025,4,4,19,Huế,Phường Phú Bài,16.409296,107.6779818,111,Unhealthy for Sensitive Groups,2,22.3,92,0.0,1.3,214,1008.9,1,30.5,33.3,576.0,11.0,102.0,5.3
2025-04-04 20:00:00,2025,4,4,20,Huế,Phường Phú Bài,16.409296,107.6779818,104,Unhealthy for Sensitive Groups,2,22.1,93,0.0,3.5,249,1009.3,0,32.8,35.6,715.0,12.2,92.0,5.9
2025-04-04 21:00:00,2025,4,4,21,Huế,Phường Phú Bài,16.409296,107.6779818,96,Moderate,1,21.5,97,0.0,3.3,261,1010.1,0,35.2,37.8,865.0,13.9,78.0,6.6
2025-04-04 22:00:00,2025,4,4,22,Huế,Phường Phú Bài,16.409296,107.6779818,96,Moderate,1,21.1,98,0.0,2.5,249,1010.8,0,37.4,39.9,963.0,15.2,65.0,6.9
2025-04-04 23:00:00,2025,4,4,23,Huế,Phường Phú Bài,16.409296,107.6779818,95,Moderate,1,20.9,99,0.0,4.6,244,1011.0,0,38.5,41.0,979.0,15.8,55.0,6.2
2025-04-05 00:00:00,2025,4,5,0,Huế,Phường Phú Bài,16.409296,107.6779818,95,Moderate,1,20.6,100,0.0,5.0,235,1010.5,0,39.3,41.3,942.0,16.1,46.0,5.0
2025-04-05 01:00:00,2025,4,5,1,Huế,Phường Phú Bài,16.409296,107.6779818,95,Moderate,1,20.4,100,0.0,3.3,241,1010.1,95,39.7,41.6,880.0,16.1,39.0,3.9
2025-04-05 02:00:00,2025,4,5,2,Huế,Phường Phú Bài,16.409296,107.6779818,95,Moderate,1,20.1,100,0.0,2.3,238,1009.6,100,40.0,41.8,776.0,15.9,32.0,3.1
2025-04-05 03:00:00,2025,4,5,3,Huế,Phường Phú Bài,16.409296,107.6779818,95,Moderate,1,19.9,100,0.0,1.7,238,1009.3,99,40.4,42.0,645.0,15.5,26.0,2.4
2025-04-05 04:00:00,2025,4,5,4,Huế,Phường Phú Bài,16.409296,107.6779818,95,Moderate,1,19.8,100,0.0,2.7,217,1009.3,97,41.3,43.0,563.0,15.0,26.0,2.3
2025-04-05 05:00:00,2025,4,5,5,Huế,Phường Phú Bài,16.409296,107.6779818,95,Moderate,1,19.5,100,0.0,1.7,257,1009.8,100,43.1,44.7,581.0,14.6,34.0,3.1
2025-04-05 06:00:00,2025,4,5,6,Huế,Phường Phú Bài,16.409296,107.6779818,96,Moderate,1,19.7,100,0.0,4.0,280,1010.4,100,46.3,48.1,647.0,14.0,48.0,4.3
2025-04-05 07:00:00,2025,4,5,7,Huế,Phường Phú Bài,16.409296,107.6779818,96,Moderate,1,22.0,95,0.0,4.2,290,1011.1,49,59.1,62.2,678.0,14.0,67.0,4.6
2025-04-05 08:00:00,2025,4,5,8,Huế,Phường Phú Bài,16.409296,107.6779818,97,Moderate,1,23.8,86,0.0,6.0,319,1013.0,98,50.3,54.1,629.0,10.8,91.0,4.6
2025-04-05 09:00:00,2025,4,5,9,Huế,Phường Phú Bài,16.409296,107.6779818,99,Moderate,1,25.3,80,0.0,2.6,326,1013.2,100,44.8,48.9,544.0,6.4,125.0,4.7
2025-04-05 10:00:00,2025,4,5,10,Huế,Phường Phú Bài,16.409296,107.6779818,100,Moderate,1,27.5,72,0.0,1.5,60,1012.8,100,45.6,49.6,472.0,3.1,152.0,4.6
2025-04-05 11:00:00,2025,4,5,11,Huế,Phường Phú Bài,16.409296,107.6779818,102,Unhealthy for Sensitive Groups,2,29.0,68,0.0,4.8,45,1011.9,7,46.7,50.5,432.0,2.0,167.0,4.2
2025-04-05 12:00:00,2025,4,5,12,Huế,Phường Phú Bài,16.409296,107.6779818,104,Unhealthy for Sensitive Groups,2,29.6,68,0.0,9.0,35,1011.1,53,45.3,49.0,405.0,2.0,176.0,3.8
2025-04-05 13:00:00,2025,4,5,13,Huế,Phường Phú Bài,16.409296,107.6779818,106,Unhealthy for Sensitive Groups,2,28.9,71,0.0,11.3,43,1010.0,32,42.8,46.7,380.0,2.2,180.0,3.4
2025-04-05 14:00:00,2025,4,5,14,Huế,Phường Phú Bài,16.409296,107.6779818,107,Unhealthy for Sensitive Groups,2,28.1,72,0.0,11.2,50,1009.1,96,40.2,43.9,352.0,2.3,180.0,3.3
2025-04-05 15:00:00,2025,4,5,15,Huế,Phường Phú Bài,16.409296,107.6779818,109,Unhealthy for Sensitive Groups,2,27.6,73,0.0,14.0,64,1008.2,15,37.8,41.6,327.0,2.6,175.0,3.3
2025-04-05 16:00:00,2025,4,5,16,Huế,Phường Phú Bài,16.409296,107.6779818,132,Unhealthy for Sensitive Groups,2,26.8,77,0.0,13.6,64,1007.9,15,32.5,36.1,313.0,3.4,165.0,3.4
2025-04-05 17:00:00,2025,4,5,17,Huế,Phường Phú Bài,16.409296,107.6779818,147,Unhealthy for Sensitive Groups,2,25.4,83,0.0,11.9,59,1008.2,19,27.2,30.7,318.0,5.0,147.0,3.8
2025-04-05 18:00:00,2025,4,5,18,Huế,Phường Phú Bài,16.409296,107.6779818,151,Unhealthy,3,24.2,89,0.0,8.7,47,1008.8,57,25.2,28.7,333.0,7.0,125.0,4.2
2025-04-05 19:00:00,2025,4,5,19,Huế,Phường Phú Bài,16.409296,107.6779818,146,Unhealthy for Sensitive Groups,2,23.9,92,0.0,8.0,42,1009.8,90,20.8,24.4,341.0,10.2,100.0,5.0
2025-04-05 20:00:00,2025,4,5,20,Huế,Phường Phú Bài,16.409296,107.6779818,132,Unhealthy for Sensitive Groups,2,23.3,94,0.0,7.3,48,1010.8,100,21.4,25.2,334.0,10.5,91.0,5.2
2025-04-05 21:00:00,2025,4,5,21,Huế,Phường Phú Bài,16.409296,107.6779818,114,Unhealthy for Sensitive Groups,2,23.1,95,0.0,7.1,38,1011.8,99,22.1,25.9,319.0,10.8,78.0,5.4
2025-04-05 22:00:00,2025,4,5,22,Huế,Phường Phú Bài,16.409296,107.6779818,108,Unhealthy for Sensitive Groups,2,23.1,95,0.0,5.7,37,1012.4,94,22.6,26.7,305.0,11.1,67.0,5.5
2025-04-05 23:00:00,2025,4,5,23,Huế,Phường Phú Bài,16.409296,107.6779818,106,Unhealthy for Sensitive Groups,2,23.0,96,0.0,3.8,45,1012.4,96,23.7,28.0,291.0,11.3,60.0,5.3
2025-04-06 00:00:00,2025,4,6,0,Huế,Phường Phú Bài,16.409296,107.6779818,105,Unhealthy for Sensitive Groups,2,22.7,97,0.0,3.2,38,1012.0,37,25.8,30.4,277.0,11.5,54.0,4.9
2025-04-06 01:00:00,2025,4,6,1,Huế,Phường Phú Bài,16.409296,107.6779818,103,Unhealthy for Sensitive Groups,2,22.6,98,0.0,2.8,18,1011.7,43,27.2,32.0,270.0,11.4,51.0,4.7
2025-04-06 02:00:00,2025,4,6,2,Huế,Phường Phú Bài,16.409296,107.6779818,102,Unhealthy for Sensitive Groups,2,22.5,98,0.0,4.5,43,1011.0,95,28.3,33.5,273.0,10.8,50.0,4.8
2025-04-06 03:00:00,2025,4,6,3,Huế,Phường Phú Bài,16.409296,107.6779818,101,Unhealthy for Sensitive Groups,2,22.5,99,0.0,5.3,55,1010.8,87,28.3,33.5,282.0,10.1,51.0,5.1
2025-04-06 04:00:00,2025,4,6,4,Huế,Phường Phú Bài,16.409296,107.6779818,100,Moderate,1,22.5,98,0.0,4.8,65,1011.0,100,27.0,32.1,294.0,9.7,53.0,5.5
2025-04-06 05:00:00,2025,4,6,5,Huế,Phường Phú Bài,16.409296,107.6779818,98,Moderate,1,22.6,98,0.0,4.2,85,1011.3,100,26.5,31.2,311.0,10.5,56.0,6.4
2025-04-06 06:00:00,2025,4,6,6,Huế,Phường Phú Bài,16.409296,107.6779818,97,Moderate,1,22.7,98,0.0,3.6,84,1011.8,100,29.2,33.9,331.0,11.8,61.0,7.5
2025-04-06 07:00:00,2025,4,6,7,Huế,Phường Phú Bài,16.409296,107.6779818,95,Moderate,1,23.8,91,0.0,5.6,73,1012.5,100,26.6,31.3,336.0,8.4,75.0,5.4
2025-04-06 08:00:00,2025,4,6,8,Huế,Phường Phú Bài,16.409296,107.6779818,93,Moderate,1,24.5,86,0.1,7.7,59,1014.4,100,25.7,31.1,313.0,7.0,86.0,5.2
2025-04-06 09:00:00,2025,4,6,9,Huế,Phường Phú Bài,16.409296,107.6779818,90,Moderate,1,25.3,82,0.2,7.9,55,1014.8,100,24.8,30.2,276.0,5.0,102.0,4.9
2025-04-06 10:00:00,2025,4,6,10,Huế,Phường Phú Bài,16.409296,107.6779818,89,Moderate,1,26.1,79,0.3,8.9,50,1014.5,100,25.8,29.8,248.0,3.4,116.0,4.6
2025-04-06 11:00:00,2025,4,6,11,Huế,Phường Phú Bài,16.409296,107.6779818,87,Moderate,1,27.0,77,0.4,11.1,47,1014.0,100,28.4,32.4,242.0,2.5,126.0,4.2
2025-04-06 12:00:00,2025,4,6,12,Huế,Phường Phú Bài,16.409296,107.6779818,85,Moderate,1,26.9,79,0.1,12.1,49,1012.9,100,31.7,35.6,245.0,2.0,134.0,3.7
2025-04-06 13:00:00,2025,4,6,13,Huế,Phường Phú Bài,16.409296,107.6779818,84,Moderate,1,27.2,77,0.0,12.3,59,1011.4,100,32.4,36.3,248.0,1.8,138.0,3.4
2025-04-06 14:00:00,2025,4,6,14,Huế,Phường Phú Bài,16.409296,107.6779818,83,Moderate,1,27.0,76,0.0,11.8,63,1010.4,96,32.8,36.9,243.0,1.8,135.0,3.2
2025-04-06 15:00:00,2025,4,6,15,Huế,Phường Phú Bài,16.409296,107.6779818,82,Moderate,1,26.7,77,0.0,12.2,64,1009.7,62,39.8,44.4,237.0,2.0,127.0,3.2
2025-04-06 16:00:00,2025,4,6,16,Huế,Phường Phú Bài,16.409296,107.6779818,83,Moderate,1,26.3,79,0.0,11.9,75,1009.4,47,35.4,39.7,239.0,2.7,118.0,3.3
2025-04-06 17:00:00,2025,4,6,17,Huế,Phường Phú Bài,16.409296,107.6779818,83,Moderate,1,25.4,82,0.0,10.3,77,1009.9,65,33.9,38.2,256.0,4.1,107.0,3.6
2025-04-06 18:00:00,2025,4,6,18,Huế,Phường Phú Bài,16.409296,107.6779818,83,Moderate,1,24.3,88,0.0,8.0,65,1010.6,99,32.2,36.6,282.0,5.9,94.0,4.0
2025-04-06 19:00:00,2025,4,6,19,Huế,Phường Phú Bài,16.409296,107.6779818,84,Moderate,1,23.8,92,0.0,5.5,54,1011.4,73,44.0,49.4,303.0,10.7,77.0,5.4
2025-04-06 20:00:00,2025,4,6,20,Huế,Phường Phú Bài,16.409296,107.6779818,86,Moderate,1,23.8,93,0.0,7.3,67,1012.7,99,45.4,50.8,313.0,11.3,70.0,5.7
2025-04-06 21:00:00,2025,4,6,21,Huế,Phường Phú Bài,16.409296,107.6779818,88,Moderate,1,23.9,92,0.0,7.5,69,1013.4,97,44.8,50.5,318.0,12.2,61.0,6.1
2025-04-06 22:00:00,2025,4,6,22,Huế,Phường Phú Bài,16.409296,107.6779818,90,Moderate,1,23.7,94,0.0,4.9,62,1013.6,89,44.0,49.4,330.0,13.2,53.0,6.4
2025-04-06 23:00:00,2025,4,6,23,Huế,Phường Phú Bài,16.409296,107.6779818,92,Moderate,1,23.1,97,0.0,4.3,62,1013.6,63,44.9,49.9,355.0,14.4,49.0,6.7
2025-04-07 00:00:00,2025,4,7,0,Huế,Phường Phú Bài,16.409296,107.6779818,94,Moderate,1,22.8,98,0.0,4.5,53,1013.2,72,46.9,51.6,387.0,15.6,47.0,6.9
2025-04-07 01:00:00,2025,4,7,1,Huế,Phường Phú Bài,16.409296,107.6779818,96,Moderate,1,22.8,98,0.0,4.3,66,1012.7,88,49.5,54.0,411.0,16.8,44.0,7.1
2025-04-07 02:00:00,2025,4,7,2,Huế,Phường Phú Bài,16.409296,107.6779818,98,Moderate,1,22.5,98,0.0,2.5,98,1012.3,96,51.9,56.2,418.0,18.0,38.0,7.1
2025-04-07 03:00:00,2025,4,7,3,Huế,Phường Phú Bài,16.409296,107.6779818,100,Moderate,1,22.1,99,0.0,1.4,140,1011.9,74,53.4,57.5,418.0,19.1,32.0,7.0
2025-04-07 04:00:00,2025,4,7,4,Huế,Phường Phú Bài,16.409296,107.6779818,103,Unhealthy for Sensitive Groups,2,22.0,100,0.0,1.8,191,1012.1,66,55.3,59.1,425.0,19.2,31.0,6.9
2025-04-07 05:00:00,2025,4,7,5,Huế,Phường Phú Bài,16.409296,107.6779818,106,Unhealthy for Sensitive Groups,2,21.9,100,0.0,3.2,214,1012.8,100,55.4,59.0,459.0,18.0,39.0,7.0
2025-04-07 06:00:00,2025,4,7,6,Huế,Phường Phú Bài,16.409296,107.6779818,109,Unhealthy for Sensitive Groups,2,21.8,100,0.0,4.7,208,1013.3,100,55.5,58.8,502.0,15.8,52.0,7.1
2025-04-07 07:00:00,2025,4,7,7,Huế,Phường Phú Bài,16.409296,107.6779818,111,Unhealthy for Sensitive Groups,2,22.6,96,0.0,4.8,195,1013.9,94,71.9,74.7,510.0,16.3,57.0,4.2
2025-04-07 08:00:00,2025,4,7,8,Huế,Phường Phú Bài,16.409296,107.6779818,116,Unhealthy for Sensitive Groups,2,24.2,88,0.0,4.8,138,1015.6,98,58.0,61.5,452.0,12.5,77.0,4.2
2025-04-07 09:00:00,2025,4,7,9,Huế,Phường Phú Bài,16.409296,107.6779818,119,Unhealthy for Sensitive Groups,2,25.9,79,0.0,5.5,113,1015.7,100,48.7,52.0,360.0,7.2,104.0,4.2
2025-04-07 10:00:00,2025,4,7,10,Huế,Phường Phú Bài,16.409296,107.6779818,122,Unhealthy for Sensitive Groups,2,27.8,71,0.1,6.6,116,1015.1,100,41.4,44.9,291.0,3.2,125.0,4.1
2025-04-07 11:00:00,2025,4,7,11,Huế,Phường Phú Bài,16.409296,107.6779818,124,Unhealthy for Sensitive Groups,2,28.6,70,0.1,8.8,78,1014.5,100,39.2,42.7,272.0,1.9,136.0,3.8
2025-04-07 12:00:00,2025,4,7,12,Huế,Phường Phú Bài,16.409296,107.6779818,125,Unhealthy for Sensitive Groups,2,27.6,76,0.0,13.6,62,1013.5,81,36.9,40.5,277.0,1.9,140.0,3.5
2025-04-07 13:00:00,2025,4,7,13,Huế,Phường Phú Bài,16.409296,107.6779818,125,Unhealthy for Sensitive Groups,2,28.2,74,0.0,15.0,70,1012.3,47,34.8,38.4,281.0,2.2,141.0,3.2
2025-04-07 14:00:00,2025,4,7,14,Huế,Phường Phú Bài,16.409296,107.6779818,125,Unhealthy for Sensitive Groups,2,28.2,73,0.0,15.6,74,1011.4,74,32.5,36.1,275.0,2.2,138.0,3.0
2025-04-07 15:00:00,2025,4,7,15,Huế,Phường Phú Bài,16.409296,107.6779818,125,Unhealthy for Sensitive Groups,2,27.4,77,0.0,16.0,73,1010.7,95,31.2,34.8,268.0,2.3,130.0,3.0
2025-04-07 16:00:00,2025,4,7,16,Huế,Phường Phú Bài,16.409296,107.6779818,124,Unhealthy for Sensitive Groups,2,26.7,80,0.0,15.6,71,1010.2,83,30.2,33.9,265.0,3.2,121.0,3.1
2025-04-07 17:00:00,2025,4,7,17,Huế,Phường Phú Bài,16.409296,107.6779818,124,Unhealthy for Sensitive Groups,2,25.8,84,0.0,14.9,69,1010.6,71,30.0,33.8,266.0,5.3,110.0,3.6
2025-04-07 18:00:00,2025,4,7,18,Huế,Phường Phú Bài,16.409296,107.6779818,124,Unhealthy for Sensitive Groups,2,24.8,89,0.0,13.6,68,1011.0,70,31.5,35.0,272.0,8.0,97.0,4.3
2025-04-07 19:00:00,2025,4,7,19,Huế,Phường Phú Bài,16.409296,107.6779818,123,Unhealthy for Sensitive Groups,2,24.3,91,0.0,13.2,78,1011.9,82,33.3,36.0,290.0,10.8,85.0,5.3
2025-04-07 20:00:00,2025,4,7,20,Huế,Phường Phú Bài,16.409296,107.6779818,122,Unhealthy for Sensitive Groups,2,24.1,93,0.0,12.1,90,1013.3,88,36.0,38.6,327.0,11.5,78.0,5.6
2025-04-07 21:00:00,2025,4,7,21,Huế,Phường Phú Bài,16.409296,107.6779818,121,Unhealthy for Sensitive Groups,2,23.8,94,0.0,7.5,105,1014.1,68,36.9,39.6,377.0,12.5,69.0,6.0
2025-04-07 22:00:00,2025,4,7,22,Huế,Phường Phú Bài,16.409296,107.6779818,121,Unhealthy for Sensitive Groups,2,23.2,96,0.0,3.8,149,1014.7,89,38.1,40.9,428.0,13.1,61.0,6.3
2025-04-07 23:00:00,2025,4,7,23,Huế,Phường Phú Bài,16.409296,107.6779818,120,Unhealthy for Sensitive Groups,2,22.7,98,0.0,1.6,186,1014.4,93,37.5,40.2,485.0,13.0,56.0,6.3
2025-04-08 00:00:00,2025,4,8,0,Huế,Phường Phú Bài,16.409296,107.6779818,119,Unhealthy for Sensitive Groups,2,22.2,99,0.0,1.4,230,1014.1,30,36.0,38.4,543.0,12.5,52.0,6.1
2025-04-08 01:00:00,2025,4,8,1,Huế,Phường Phú Bài,16.409296,107.6779818,118,Unhealthy for Sensitive Groups,2,21.9,100,0.0,1.5,240,1013.8,100,34.0,36.3,575.0,12.1,49.0,5.8
2025-04-08 02:00:00,2025,4,8,2,Huế,Phường Phú Bài,16.409296,107.6779818,116,Unhealthy for Sensitive Groups,2,21.7,100,0.0,0.6,252,1013.2,100,33.2,35.4,557.0,12.0,45.0,5.5
2025-04-08 03:00:00,2025,4,8,3,Huế,Phường Phú Bài,16.409296,107.6779818,114,Unhealthy for Sensitive Groups,2,21.6,100,0.0,0.8,207,1012.7,100,32.8,35.0,512.0,11.9,41.0,5.1
2025-04-08 04:00:00,2025,4,8,4,Huế,Phường Phú Bài,16.409296,107.6779818,112,Unhealthy for Sensitive Groups,2,21.4,100,0.0,2.1,200,1012.5,100,33.1,35.2,485.0,11.8,41.0,4.9
2025-04-08 05:00:00,2025,4,8,5,Huế,Phường Phú Bài,16.409296,107.6779818,110,Unhealthy for Sensitive Groups,2,21.1,100,0.0,2.4,234,1013.0,100,33.2,35.2,505.0,11.8,43.0,4.9
2025-04-08 06:00:00,2025,4,8,6,Huế,Phường Phú Bài,16.409296,107.6779818,108,Unhealthy for Sensitive Groups,2,21.0,100,0.0,3.5,231,1013.3,100,34.3,36.1,542.0,11.7,49.0,5.0
2025-04-08 07:00:00,2025,4,8,7,Huế,Phường Phú Bài,16.409296,107.6779818,105,Unhealthy for Sensitive Groups,2,22.6,96,0.0,3.3,234,1013.9,84,31.4,34.0,548.0,9.4,63.0,4.7
2025-04-08 08:00:00,2025,4,8,8,Huế,Phường Phú Bài,16.409296,107.6779818,101,Unhealthy for Sensitive Groups,2,25.9,81,0.0,2.8,135,1015.1,100,27.8,30.4,490.0,7.6,85.0,4.2
2025-04-08 09:00:00,2025,4,8,9,Huế,Phường Phú Bài,16.409296,107.6779818,98,Moderate,1,27.4,75,0.0,5.1,100,1015.4,100,25.4,27.8,401.0,5.1,117.0,3.6
2025-04-08 10:00:00,2025,4,8,10,Huế,Phường Phú Bài,16.409296,107.6779818,96,Moderate,1,29.0,66,0.0,7.3,97,1015.0,99,23.7,26.0,333.0,3.1,142.0,3.0
2025-04-08 11:00:00,2025,4,8,11,Huế,Phường Phú Bài,16.409296,107.6779818,95,Moderate,1,29.6,68,0.0,12.3,69,1014.1,97,22.9,25.1,310.0,2.2,156.0,2.6
2025-04-08 12:00:00,2025,4,8,12,Huế,Phường Phú Bài,16.409296,107.6779818,93,Moderate,1,28.8,71,0.0,17.1,65,1013.1,93,22.9,25.2,308.0,1.9,165.0,2.3
2025-04-08 13:00:00,2025,4,8,13,Huế,Phường Phú Bài,16.409296,107.6779818,92,Moderate,1,28.8,71,0.0,18.3,67,1011.7,25,22.8,24.9,308.0,1.9,169.0,2.2
2025-04-08 14:00:00,2025,4,8,14,Huế,Phường Phú Bài,16.409296,107.6779818,91,Moderate,1,28.4,74,0.0,18.8,66,1010.4,1,22.5,24.7,303.0,1.8,169.0,2.3
2025-04-08 15:00:00,2025,4,8,15,Huế,Phường Phú Bài,16.409296,107.6779818,93,Moderate,1,27.4,77,0.0,19.1,65,1009.8,1,21.9,24.2,299.0,2.0,165.0,2.6
2025-04-08 16:00:00,2025,4,8,16,Huế,Phường Phú Bài,16.409296,107.6779818,115,Unhealthy for Sensitive Groups,2,26.4,81,0.0,17.2,65,1009.6,7,21.2,23.6,301.0,2.9,155.0,3.0
2025-04-08 17:00:00,2025,4,8,17,Huế,Phường Phú Bài,16.409296,107.6779818,130,Unhealthy for Sensitive Groups,2,25.6,85,0.0,16.1,70,1009.8,11,20.7,23.1,302.0,5.2,136.0,3.6
2025-04-08 18:00:00,2025,4,8,18,Huế,Phường Phú Bài,16.409296,107.6779818,134,Unhealthy for Sensitive Groups,2,24.6,90,0.0,13.6,75,1010.3,39,20.7,23.0,308.0,8.2,112.0,4.4
2025-04-08 19:00:00,2025,4,8,19,Huế,Phường Phú Bài,16.409296,107.6779818,128,Unhealthy for Sensitive Groups,2,24.3,91,0.0,10.3,95,1011.0,65,23.5,25.6,338.0,9.4,93.0,4.7
2025-04-08 20:00:00,2025,4,8,20,Huế,Phường Phú Bài,16.409296,107.6779818,114,Unhealthy for Sensitive Groups,2,24.7,90,0.0,10.4,108,1011.6,99,25.0,26.9,417.0,9.9,86.0,4.8
2025-04-08 21:00:00,2025,4,8,21,Huế,Phường Phú Bài,16.409296,107.6779818,97,Moderate,1,23.9,95,0.0,4.1,142,1012.6,77,25.9,27.8,520.0,10.5,76.0,4.9
2025-04-08 22:00:00,2025,4,8,22,Huế,Phường Phú Bài,16.409296,107.6779818,84,Moderate,1,23.4,96,0.0,3.7,137,1012.8,61,26.4,28.2,591.0,10.7,68.0,4.8
2025-04-08 23:00:00,2025,4,8,23,Huế,Phường Phú Bài,16.409296,107.6779818,83,Moderate,1,23.0,97,0.0,3.6,127,1012.4,26,26.0,27.7,604.0,10.1,66.0,4.5
2025-04-09 00:00:00,2025,4,9,0,Huế,Phường Phú Bài,16.409296,107.6779818,82,Moderate,1,22.5,98,0.0,4.4,109,1011.8,12,24.7,26.4,585.0,9.2,66.0,4.0
2025-04-09 01:00:00,2025,4,9,1,Huế,Phường Phú Bài,16.409296,107.6779818,81,Moderate,1,22.1,99,0.0,3.4,84,1011.1,3,23.7,25.4,560.0,8.5,65.0,3.5
2025-04-09 02:00:00,2025,4,9,2,Huế,Phường Phú Bài,16.409296,107.6779818,80,Moderate,1,22.0,100,0.0,4.9,84,1010.0,46,23.8,25.4,529.0,8.5,59.0,3.1
2025-04-09 03:00:00,2025,4,9,3,Huế,Phường Phú Bài,16.409296,107.6779818,79,Moderate,1,21.8,100,0.0,3.1,83,1009.6,99,24.7,26.3,490.0,8.8,52.0,2.7
2025-04-09 04:00:00,2025,4,9,4,Huế,Phường Phú Bài,16.409296,107.6779818,78,Moderate,1,21.8,100,0.0,1.1,99,1009.4,100,25.8,27.2,467.0,9.1,48.0,2.6
2025-04-09 05:00:00,2025,4,9,5,Huế,Phường Phú Bài,16.409296,107.6779818,78,Moderate,1,21.4,100,0.0,1.4,270,1009.8,100,27.1,28.4,477.0,9.4,47.0,2.8
2025-04-09 06:00:00,2025,4,9,6,Huế,Phường Phú Bài,16.409296,107.6779818,77,Moderate,1,21.7,99,0.0,4.5,277,1010.4,100,29.2,30.3,502.0,9.6,49.0,3.3
2025-04-09 07:00:00,2025,4,9,7,Huế,Phường Phú Bài,16.409296,107.6779818,77,Moderate,1,23.4,95,0.0,6.0,297,1011.0,97,30.5,32.0,510.0,8.4,64.0,3.5
2025-04-09 08:00:00,2025,4,9,8,Huế,Phường Phú Bài,16.409296,107.6779818,77,Moderate,1,25.5,85,0.0,3.6,300,1012.0,95,29.6,31.3,481.0,6.9,87.0,3.6
2025-04-09 09:00:00,2025,4,9,9,Huế,Phường Phú Bài,16.409296,107.6779818,77,Moderate,1,27.2,77,0.1,1.4,293,1012.2,100,27.7,29.6,434.0,4.8,120.0,3.7
2025-04-09 10:00:00,2025,4,9,10,Huế,Phường Phú Bài,16.409296,107.6779818,77,Moderate,1,28.5,70,0.0,2.5,69,1011.9,89,27.2,29.2,395.0,3.2,147.0,3.7
2025-04-09 11:00:00,2025,4,9,11,Huế,Phường Phú Bài,16.409296,107.6779818,77,Moderate,1,29.9,67,0.0,6.9,60,1011.1,97,26.9,29.0,373.0,2.5,164.0,3.6
2025-04-09 12:00:00,2025,4,9,12,Huế,Phường Phú Bài,16.409296,107.6779818,78,Moderate,1,30.3,67,0.0,9.5,53,1010.1,96,26.5,28.5,358.0,2.3,176.0,3.5
2025-04-09 13:00:00,2025,4,9,13,Huế,Phường Phú Bài,16.409296,107.6779818,78,Moderate,1,30.4,68,0.0,11.7,53,1008.8,100,26.1,28.1,345.0,2.3,182.0,3.5
2025-04-09 14:00:00,2025,4,9,14,Huế,Phường Phú Bài,16.409296,107.6779818,78,Moderate,1,28.9,73,0.0,14.8,57,1007.5,74,25.5,27.4,327.0,2.4,182.0,3.5
2025-04-09 15:00:00,2025,4,9,15,Huế,Phường Phú Bài,16.409296,107.6779818,105,Unhealthy for Sensitive Groups,2,28.7,73,0.0,12.2,66,1006.6,53,24.4,26.3,312.0,2.7,177.0,3.5
2025-04-09 16:00:00,2025,4,9,16,Huế,Phường Phú Bài,16.409296,107.6779818,129,Unhealthy for Sensitive Groups,2,27.5,79,0.0,11.9,75,1006.1,82,23.2,25.0,313.0,3.8,165.0,3.8
2025-04-09 17:00:00,2025,4,9,17,Huế,Phường Phú Bài,16.409296,107.6779818,146,Unhealthy for Sensitive Groups,2,26.7,83,0.0,10.1,66,1006.2,100,22.2,24.0,334.0,6.4,144.0,4.5
2025-04-09 18:00:00,2025,4,9,18,Huế,Phường Phú Bài,16.409296,107.6779818,151,Unhealthy,3,25.6,86,0.0,7.2,62,1006.6,96,22.8,24.3,372.0,9.7,117.0,5.3
2025-04-09 19:00:00,2025,4,9,19,Huế,Phường Phú Bài,16.409296,107.6779818,145,Unhealthy for Sensitive Groups,2,24.9,91,0.0,3.9,103,1007.4,90,26.5,28.2,432.0,11.6,91.0,5.6
2025-04-09 20:00:00,2025,4,9,20,Huế,Phường Phú Bài,16.409296,107.6779818,129,Unhealthy for Sensitive Groups,2,24.5,92,0.0,2.4,189,1008.2,92,27.8,29.3,513.0,12.0,83.0,5.8
2025-04-09 21:00:00,2025,4,9,21,Huế,Phường Phú Bài,16.409296,107.6779818,109,Unhealthy for Sensitive Groups,2,24.0,94,0.0,3.1,216,1008.7,99,29.2,30.6,616.0,12.6,72.0,6.1
2025-04-09 22:00:00,2025,4,9,22,Huế,Phường Phú Bài,16.409296,107.6779818,86,Moderate,1,24.0,95,0.0,0.0,270,1008.8,93,31.3,32.7,745.0,13.1,62.0,6.1
2025-04-09 23:00:00,2025,4,9,23,Huế,Phường Phú Bài,16.409296,107.6779818,81,Moderate,1,23.5,97,0.0,2.8,117,1008.2,100,32.8,34.1,948.0,13.3,54.0,5.7
2025-04-10 00:00:00,2025,4,10,0,Huế,Phường Phú Bài,16.409296,107.6779818,81,Moderate,1,23.5,97,0.0,2.4,171,1007.6,100,33.3,34.6,1177.0,13.3,46.0,5.0
2025-04-10 01:00:00,2025,4,10,1,Huế,Phường Phú Bài,16.409296,107.6779818,82,Moderate,1,23.8,96,0.0,2.7,247,1007.0,100,33.8,34.8,1288.0,13.2,39.0,4.4
2025-04-10 02:00:00,2025,4,10,2,Huế,Phường Phú Bài,16.409296,107.6779818,83,Moderate,1,23.7,97,0.0,4.4,289,1006.3,100,34.5,35.4,1184.0,12.7,32.0,3.9
2025-04-10 03:00:00,2025,4,10,3,Huế,Phường Phú Bài,16.409296,107.6779818,84,Moderate,1,23.2,98,0.0,5.2,304,1005.6,100,35.5,36.3,963.0,12.1,25.0,3.5
2025-04-10 04:00:00,2025,4,10,4,Huế,Phường Phú Bài,16.409296,107.6779818,85,Moderate,1,22.9,99,0.0,5.2,258,1005.8,100,36.4,37.4,775.0,11.8,22.0,3.4
2025-04-10 05:00:00,2025,4,10,5,Huế,Phường Phú Bài,16.409296,107.6779818,86,Moderate,1,22.9,99,0.0,3.4,252,1006.2,100,37.4,38.3,678.0,12.3,22.0,3.7
2025-04-10 06:00:00,2025,4,10,6,Huế,Phường Phú Bài,16.409296,107.6779818,87,Moderate,1,23.0,99,0.0,5.4,240,1006.7,100,39.2,39.9,613.0,13.2,25.0,4.2
2025-04-10 07:00:00,2025,4,10,7,Huế,Phường Phú Bài,16.409296,107.6779818,87,Moderate,1,24.3,95,0.1,3.9,217,1007.1,99,55.9,56.6,560.0,12.9,40.0,4.9
2025-04-10 08:00:00,2025,4,10,8,Huế,Phường Phú Bài,16.409296,107.6779818,90,Moderate,1,25.5,90,0.0,2.7,217,1008.7,100,61.0,61.7,511.0,11.8,59.0,5.7
2025-04-10 09:00:00,2025,4,10,9,Huế,Phường Phú Bài,16.409296,107.6779818,92,Moderate,1,28.0,79,0.0,4.8,146,1008.8,99,65.2,65.9,474.0,10.2,86.0,6.7
2025-04-10 10:00:00,2025,4,10,10,Huế,Phường Phú Bài,16.409296,107.6779818,96,Moderate,1,30.1,72,0.0,4.6,126,1008.4,97,68.0,68.9,445.0,9.0,108.0,7.6
2025-04-10 11:00:00,2025,4,10,11,Huế,Phường Phú Bài,16.409296,107.6779818,99,Moderate,1,31.8,66,0.0,3.9,106,1007.9,100,73.6,74.5,423.0,8.2,120.0,8.1
2025-04-10 12:00:00,2025,4,10,12,Huế,Phường Phú Bài,16.409296,107.6779818,104,Unhealthy for Sensitive Groups,2,31.1,69,0.8,7.5,63,1007.2,95,77.3,78.7,409.0,7.8,127.0,8.4
2025-04-10 13:00:00,2025,4,10,13,Huế,Phường Phú Bài,16.409296,107.6779818,109,Unhealthy for Sensitive Groups,2,30.4,75,0.0,8.3,70,1005.8,98,81.3,82.7,408.0,8.1,129.0,8.8
2025-04-10 14:00:00,2025,4,10,14,Huế,Phường Phú Bài,16.409296,107.6779818,115,Unhealthy for Sensitive Groups,2,30.5,72,0.0,8.6,68,1004.8,99,86.4,87.5,416.0,9.3,126.0,9.5
2025-04-10 15:00:00,2025,4,10,15,Huế,Phường Phú Bài,16.409296,107.6779818,122,Unhealthy for Sensitive Groups,2,29.1,72,0.0,9.3,71,1004.4,84,91.0,92.2,436.0,11.3,119.0,10.3
2025-04-10 16:00:00,2025,4,10,16,Huế,Phường Phú Bài,16.409296,107.6779818,128,Unhealthy for Sensitive Groups,2,29.2,74,0.1,3.9,68,1003.9,80,94.3,95.5,481.0,13.7,108.0,10.9
2025-04-10 17:00:00,2025,4,10,17,Huế,Phường Phú Bài,16.409296,107.6779818,136,Unhealthy for Sensitive Groups,2,29.0,77,0.0,3.1,90,1003.7,64,98.3,99.4,578.0,16.9,93.0,11.4
2025-04-10 18:00:00,2025,4,10,18,Huế,Phường Phú Bài,16.409296,107.6779818,144,Unhealthy for Sensitive Groups,2,27.9,86,0.0,1.4,90,1004.2,75,102.0,102.9,700.0,20.6,74.0,11.7
2025-04-10 19:00:00,2025,4,10,19,Huế,Phường Phú Bài,16.409296,107.6779818,150,Unhealthy for Sensitive Groups,2,26.9,90,0.0,0.7,104,1005.1,99,88.0,88.9,781.0,20.9,95.0,11.8
2025-04-10 20:00:00,2025,4,10,20,Huế,Phường Phú Bài,16.409296,107.6779818,152,Unhealthy,3,24.9,95,0.0,3.1,83,1006.2,94,91.0,92.0,783.0,23.0,81.0,12.8
2025-04-10 21:00:00,2025,4,10,21,Huế,Phường Phú Bài,16.409296,107.6779818,153,Unhealthy,3,24.6,96,0.0,1.8,135,1006.7,30,90.8,92.0,745.0,25.9,62.0,14.1
2025-04-10 22:00:00,2025,4,10,22,Huế,Phường Phú Bài,16.409296,107.6779818,155,Unhealthy,3,24.7,95,0.0,2.4,193,1006.8,61,92.4,93.6,716.0,28.2,45.0,14.4
2025-04-10 23:00:00,2025,4,10,23,Huế,Phường Phú Bài,16.409296,107.6779818,156,Unhealthy,3,24.6,96,0.0,1.1,162,1006.3,4,94.8,95.9,722.0,29.6,33.0,12.7
2025-04-11 00:00:00,2025,4,11,0,Huế,Phường Phú Bài,16.409296,107.6779818,157,Unhealthy,3,24.4,98,0.0,0.7,180,1005.8,21,94.3,95.5,736.0,30.4,24.0,10.1
2025-04-11 01:00:00,2025,4,11,1,Huế,Phường Phú Bài,16.409296,107.6779818,159,Unhealthy,3,24.0,99,0.0,1.5,240,1005.3,96,91.5,92.4,733.0,29.9,18.0,7.7
2025-04-11 02:00:00,2025,4,11,2,Huế,Phường Phú Bài,16.409296,107.6779818,160,Unhealthy,3,23.6,100,0.0,3.2,243,1004.6,100,88.5,88.9,686.0,27.5,14.0,6.0
2025-04-11 03:00:00,2025,4,11,3,Huế,Phường Phú Bài,16.409296,107.6779818,161,Unhealthy,3,23.4,99,0.0,5.4,236,1004.3,88,86.1,86.6,622.0,23.9,13.0,4.7
2025-04-11 04:00:00,2025,4,11,4,Huế,Phường Phú Bài,16.409296,107.6779818,162,Unhealthy,3,23.0,98,0.0,5.1,219,1004.4,99,85.9,86.4,590.0,20.4,17.0,3.9
2025-04-11 05:00:00,2025,4,11,5,Huế,Phường Phú Bài,16.409296,107.6779818,163,Unhealthy,3,22.6,97,0.0,6.4,212,1004.9,42,87.5,88.0,628.0,17.7,25.0,3.9
2025-04-11 06:00:00,2025,4,11,6,Huế,Phường Phú Bài,16.409296,107.6779818,164,Unhealthy,3,22.7,96,0.0,6.7,207,1005.4,30,90.1,90.6,699.0,15.1,39.0,4.6
2025-04-11 07:00:00,2025,4,11,7,Huế,Phường Phú Bài,16.409296,107.6779818,165,Unhealthy,3,25.0,87,0.0,5.2,202,1006.2,0,84.5,84.8,740.0,11.3,64.0,5.6
2025-04-11 08:00:00,2025,4,11,8,Huế,Phường Phú Bài,16.409296,107.6779818,166,Unhealthy,3,28.2,74,0.0,3.2,183,1007.2,4,85.7,85.9,723.0,9.1,103.0,6.6
2025-04-11 09:00:00,2025,4,11,9,Huế,Phường Phú Bài,16.409296,107.6779818,167,Unhealthy,3,31.0,62,0.0,1.5,150,1007.3,17,76.4,76.8,676.0,6.2,158.0,8.0
2025-04-11 10:00:00,2025,4,11,10,Huế,Phường Phú Bài,16.409296,107.6779818,167,Unhealthy,3,32.6,58,0.0,3.1,28,1006.9,4,68.9,69.6,628.0,4.0,202.0,8.8
2025-04-11 11:00:00,2025,4,11,11,Huế,Phường Phú Bài,16.409296,107.6779818,167,Unhealthy,3,33.0,62,0.0,7.9,21,1006.4,7,63.1,64.0,586.0,3.2,226.0,8.4
2025-04-11 12:00:00,2025,4,11,12,Huế,Phường Phú Bài,16.409296,107.6779818,167,Unhealthy,3,32.7,64,0.0,10.7,41,1005.6,12,60.3,61.2,543.0,3.3,240.0,7.3
2025-04-11 13:00:00,2025,4,11,13,Huế,Phường Phú Bài,16.409296,107.6779818,166,Unhealthy,3,32.7,61,0.0,10.1,39,1004.8,73,58.4,59.4,501.0,3.7,244.0,6.5
2025-04-11 14:00:00,2025,4,11,14,Huế,Phường Phú Bài,16.409296,107.6779818,166,Unhealthy,3,30.7,70,0.0,11.8,69,1003.9,33,63.1,64.0,450.0,4.5,238.0,6.1
2025-04-11 15:00:00,2025,4,11,15,Huế,Phường Phú Bài,16.409296,107.6779818,173,Unhealthy,3,31.0,64,0.0,8.1,55,1003.3,43,57.4,58.1,400.0,5.8,222.0,5.9
2025-04-11 16:00:00,2025,4,11,16,Huế,Phường Phú Bài,16.409296,107.6779818,198,Unhealthy,3,31.1,67,0.0,5.0,60,1003.0,91,53.2,53.9,385.0,7.3,199.0,5.9
2025-04-11 17:00:00,2025,4,11,17,Huế,Phường Phú Bài,16.409296,107.6779818,206,Very Unhealthy,4,30.4,76,0.0,5.8,106,1002.6,78,56.8,57.3,434.0,9.2,167.0,6.4
2025-04-11 18:00:00,2025,4,11,18,Huế,Phường Phú Bài,16.409296,107.6779818,206,Very Unhealthy,4,29.0,82,0.0,4.2,187,1003.0,82,50.8,51.1,518.0,11.3,128.0,7.2
2025-04-11 19:00:00,2025,4,11,19,Huế,Phường Phú Bài,16.409296,107.6779818,201,Very Unhealthy,4,28.0,83,0.0,5.1,188,1003.9,68,44.8,45.1,579.0,12.9,101.0,7.1
2025-04-11 20:00:00,2025,4,11,20,Huế,Phường Phú Bài,16.409296,107.6779818,183,Unhealthy,3,27.5,89,0.0,4.0,198,1005.2,42,43.5,43.8,588.0,14.0,82.0,6.9
2025-04-11 21:00:00,2025,4,11,21,Huế,Phường Phú Bài,16.409296,107.6779818,160,Unhealthy,3,26.9,92,0.0,3.8,188,1005.5,74,41.1,41.2,574.0,15.4,55.0,6.7
2025-04-11 22:00:00,2025,4,11,22,Huế,Phường Phú Bài,16.409296,107.6779818,158,Unhealthy,3,26.2,93,0.0,4.8,209,1006.0,30,38.8,39.0,568.0,16.4,34.0,6.2
2025-04-11 23:00:00,2025,4,11,23,Huế,Phường Phú Bài,16.409296,107.6779818,157,Unhealthy,3,25.9,91,0.0,5.8,206,1006.0,1,35.4,35.9,587.0,16.6,23.0,5.3
2025-04-12 00:00:00,2025,4,12,0,Huế,Phường Phú Bài,16.409296,107.6779818,156,Unhealthy,3,25.3,92,0.0,7.9,204,1005.5,0,31.5,32.0,613.0,16.4,18.0,4.1
2025-04-12 01:00:00,2025,4,12,1,Huế,Phường Phú Bài,16.409296,107.6779818,155,Unhealthy,3,24.7,92,0.0,8.0,218,1004.9,0,27.8,28.2,625.0,15.9,14.0,3.2
2025-04-12 02:00:00,2025,4,12,2,Huế,Phường Phú Bài,16.409296,107.6779818,153,Unhealthy,3,24.3,92,0.0,7.8,206,1004.6,78,24.6,25.0,609.0,15.0,10.0,2.6
2025-04-12 03:00:00,2025,4,12,3,Huế,Phường Phú Bài,16.409296,107.6779818,152,Unhealthy,3,24.0,91,0.0,7.1,218,1004.3,100,22.2,22.6,578.0,13.9,7.0,2.3
2025-04-12 04:00:00,2025,4,12,4,Huế,Phường Phú Bài,16.409296,107.6779818,150,Unhealthy for Sensitive Groups,2,23.9,90,0.0,6.2,224,1004.5,100,20.3,20.7,554.0,12.7,10.0,2.3
2025-04-12 05:00:00,2025,4,12,5,Huế,Phường Phú Bài,16.409296,107.6779818,145,Unhealthy for Sensitive Groups,2,23.8,89,0.0,6.7,218,1005.2,100,18.9,19.2,546.0,11.8,18.0,2.7
2025-04-12 06:00:00,2025,4,12,6,Huế,Phường Phú Bài,16.409296,107.6779818,138,Unhealthy for Sensitive Groups,2,23.8,88,0.0,7.0,222,1006.0,100,18.7,19.1,545.0,10.8,32.0,3.3
2025-04-12 07:00:00,2025,4,12,7,Huế,Phường Phú Bài,16.409296,107.6779818,131,Unhealthy for Sensitive Groups,2,25.7,83,0.0,6.3,243,1006.5,100,21.3,21.4,542.0,8.8,47.0,4.2
2025-04-12 08:00:00,2025,4,12,8,Huế,Phường Phú Bài,16.409296,107.6779818,124,Unhealthy for Sensitive Groups,2,29.5,74,0.0,2.8,225,1007.5,98,26.5,26.6,536.0,7.2,79.0,5.5
2025-04-12 09:00:00,2025,4,12,9,Huế,Phường Phú Bài,16.409296,107.6779818,118,Unhealthy for Sensitive Groups,2,32.6,62,0.0,0.4,270,1007.7,100,22.5,22.6,527.0,5.0,125.0,7.2
2025-04-12 10:00:00,2025,4,12,10,Huế,Phường Phú Bài,16.409296,107.6779818,112,Unhealthy for Sensitive Groups,2,34.2,55,0.0,3.8,49,1007.4,100,23.0,23.3,509.0,3.4,162.0,8.3
2025-04-12 11:00:00,2025,4,12,11,Huế,Phường Phú Bài,16.409296,107.6779818,107,Unhealthy for Sensitive Groups,2,35.0,54,0.0,5.1,48,1007.0,100,24.6,25.4,468.0,2.8,183.0,8.0
2025-04-12 12:00:00,2025,4,12,12,Huế,Phường Phú Bài,16.409296,107.6779818,103,Unhealthy for Sensitive Groups,2,35.4,53,0.0,7.6,54,1006.5,100,26.7,27.6,416.0,2.7,195.0,7.0
2025-04-12 13:00:00,2025,4,12,13,Huế,Phường Phú Bài,16.409296,107.6779818,100,Moderate,1,34.2,56,0.0,12.4,54,1005.3,98,29.5,30.4,387.0,3.0,205.0,6.4
2025-04-12 14:00:00,2025,4,12,14,Huế,Phường Phú Bài,16.409296,107.6779818,97,Moderate,1,33.0,58,0.0,11.3,82,1004.6,95,33.1,33.6,394.0,3.3,218.0,6.7
2025-04-12 15:00:00,2025,4,12,15,Huế,Phường Phú Bài,16.409296,107.6779818,125,Unhealthy for Sensitive Groups,2,31.9,64,0.0,8.9,81,1004.3,97,38.3,38.9,424.0,4.1,228.0,7.4
2025-04-12 16:00:00,2025,4,12,16,Huế,Phường Phú Bài,16.409296,107.6779818,160,Unhealthy,3,31.8,64,0.0,3.0,232,1003.9,100,40.5,41.1,464.0,6.0,221.0,8.1
2025-04-12 17:00:00,2025,4,12,17,Huế,Phường Phú Bài,16.409296,107.6779818,183,Unhealthy,3,31.2,69,0.0,4.0,207,1004.2,100,37.7,38.1,514.0,10.2,182.0,8.7
2025-04-12 18:00:00,2025,4,12,18,Huế,Phường Phú Bài,16.409296,107.6779818,192,Unhealthy,3,29.5,76,0.0,4.0,207,1004.7,99,38.5,38.8,575.0,15.7,126.0,9.4
2025-04-12 19:00:00,2025,4,12,19,Huế,Phường Phú Bài,16.409296,107.6779818,186,Unhealthy,3,28.6,81,0.0,2.7,250,1005.9,100,41.9,41.9,634.0,13.8,97.0,7.8
2025-04-12 20:00:00,2025,4,12,20,Huế,Phường Phú Bài,16.409296,107.6779818,172,Unhealthy,3,28.0,76,0.0,6.3,207,1007.3,100,37.4,37.4,705.0,15.8,75.0,7.8
2025-04-12 21:00:00,2025,4,12,21,Huế,Phường Phú Bài,16.409296,107.6779818,153,Unhealthy,3,27.5,81,0.0,5.2,153,1008.3,100,35.9,36.0,774.0,18.4,45.0,7.8
2025-04-12 22:00:00,2025,4,12,22,Huế,Phường Phú Bài,16.409296,107.6779818,120,Unhealthy for Sensitive Groups,2,27.5,82,0.0,6.1,268,1009.0,100,35.0,35.0,791.0,19.0,32.0,7.5
2025-04-12 23:00:00,2025,4,12,23,Huế,Phường Phú Bài,16.409296,107.6779818,88,Moderate,1,24.9,94,11.7,10.5,344,1010.8,100,34.1,34.6,719.0,15.7,52.0,6.5
2025-04-13 00:00:00,2025,4,13,0,Huế,Phường Phú Bài,16.409296,107.6779818,87,Moderate,1,24.2,98,4.2,15.8,306,1011.5,100,30.5,31.7,595.0,10.5,88.0,5.2
2025-04-13 01:00:00,2025,4,13,1,Huế,Phường Phú Bài,16.409296,107.6779818,87,Moderate,1,23.9,99,4.4,9.7,288,1010.9,100,26.6,28.6,477.0,6.3,114.0,4.0
2025-04-13 02:00:00,2025,4,13,2,Huế,Phường Phú Bài,16.409296,107.6779818,87,Moderate,1,23.9,99,0.3,9.3,292,1010.6,100,21.5,23.1,374.0,4.4,118.0,3.2
2025-04-13 03:00:00,2025,4,13,3,Huế,Phường Phú Bài,16.409296,107.6779818,87,Moderate,1,23.9,99,0.2,11.5,295,1010.9,100,14.1,15.7,277.0,3.6,111.0,2.6
2025-04-13 04:00:00,2025,4,13,4,Huế,Phường Phú Bài,16.409296,107.6779818,86,Moderate,1,23.0,97,1.2,20.5,314,1011.4,100,8.8,11.5,215.0,3.3,105.0,2.3
2025-04-13 05:00:00,2025,4,13,5,Huế,Phường Phú Bài,16.409296,107.6779818,85,Moderate,1,22.3,97,1.2,20.8,310,1012.8,100,13.3,18.5,212.0,3.4,101.0,2.5
2025-04-13 06:00:00,2025,4,13,6,Huế,Phường Phú Bài,16.409296,107.6779818,85,Moderate,1,21.8,96,1.6,19.4,306,1013.8,100,17.1,23.8,245.0,4.0,98.0,3.0
2025-04-13 07:00:00,2025,4,13,7,Huế,Phường Phú Bài,16.409296,107.6779818,85,Moderate,1,21.3,96,0.9,17.2,291,1015.1,100,24.0,34.3,275.0,4.5,95.0,3.6
2025-04-13 08:00:00,2025,4,13,8,Huế,Phường Phú Bài,16.409296,107.6779818,85,Moderate,1,21.6,92,0.3,15.4,296,1016.5,100,27.5,39.1,291.0,4.5,95.0,3.8
2025-04-13 09:00:00,2025,4,13,9,Huế,Phường Phú Bài,16.409296,107.6779818,85,Moderate,1,21.7,92,0.4,15.2,296,1017.0,100,28.0,39.1,303.0,4.4,95.0,4.0
2025-04-13 10:00:00,2025,4,13,10,Huế,Phường Phú Bài,16.409296,107.6779818,85,Moderate,1,22.1,88,0.3,13.6,305,1017.3,100,30.3,42.7,304.0,4.3,96.0,4.2
2025-04-13 11:00:00,2025,4,13,11,Huế,Phường Phú Bài,16.409296,107.6779818,86,Moderate,1,22.7,80,0.3,15.7,322,1016.6,100,34.5,48.1,284.0,4.0,99.0,4.2
2025-04-13 12:00:00,2025,4,13,12,Huế,Phường Phú Bài,16.409296,107.6779818,87,Moderate,1,23.0,75,0.1,14.8,327,1015.7,100,36.1,49.8,253.0,3.6,102.0,4.1
2025-04-13 13:00:00,2025,4,13,13,Huế,Phường Phú Bài,16.409296,107.6779818,88,Moderate,1,23.2,74,0.1,14.8,331,1014.4,100,37.5,50.6,230.0,3.3,105.0,4.0
2025-04-13 14:00:00,2025,4,13,14,Huế,Phường Phú Bài,16.409296,107.6779818,88,Moderate,1,23.1,74,0.1,15.7,333,1013.0,100,36.8,48.9,222.0,3.2,108.0,3.8
2025-04-13 15:00:00,2025,4,13,15,Huế,Phường Phú Bài,16.409296,107.6779818,89,Moderate,1,22.8,77,0.3,16.5,332,1012.2,100,34.1,44.4,222.0,3.2,110.0,3.6
2025-04-13 16:00:00,2025,4,13,16,Huế,Phường Phú Bài,16.409296,107.6779818,88,Moderate,1,22.5,75,0.0,13.4,331,1011.7,100,32.6,42.5,235.0,3.4,111.0,3.5
2025-04-13 17:00:00,2025,4,13,17,Huế,Phường Phú Bài,16.409296,107.6779818,88,Moderate,1,22.5,72,0.0,11.5,330,1011.7,100,31.0,41.0,266.0,3.9,111.0,3.7
2025-04-13 18:00:00,2025,4,13,18,Huế,Phường Phú Bài,16.409296,107.6779818,87,Moderate,1,22.3,73,0.0,7.9,313,1012.4,100,32.5,42.3,309.0,4.5,110.0,4.1
2025-04-13 19:00:00,2025,4,13,19,Huế,Phường Phú Bài,16.409296,107.6779818,87,Moderate,1,22.1,74,0.0,8.1,307,1013.4,100,30.9,41.1,349.0,4.9,106.0,4.4
2025-04-13 20:00:00,2025,4,13,20,Huế,Phường Phú Bài,16.409296,107.6779818,86,Moderate,1,22.0,74,0.0,6.0,253,1014.3,96,32.7,45.2,391.0,4.7,106.0,4.3
2025-04-13 21:00:00,2025,4,13,21,Huế,Phường Phú Bài,16.409296,107.6779818,85,Moderate,1,21.8,75,0.0,5.6,245,1014.8,98,31.3,43.5,429.0,4.5,105.0,4.3
2025-04-13 22:00:00,2025,4,13,22,Huế,Phường Phú Bài,16.409296,107.6779818,85,Moderate,1,21.6,75,0.0,6.9,247,1015.1,100,31.2,42.8,438.0,4.5,102.0,4.3
2025-04-13 23:00:00,2025,4,13,23,Huế,Phường Phú Bài,16.409296,107.6779818,84,Moderate,1,21.5,74,0.0,7.9,246,1014.8,98,31.1,43.2,389.0,4.8,96.0,4.5
2025-04-14 00:00:00,2025,4,14,0,Huế,Phường Phú Bài,16.409296,107.6779818,84,Moderate,1,20.9,77,0.0,6.9,240,1014.2,26,31.5,43.0,310.0,5.3,89.0,4.8
2025-04-14 01:00:00,2025,4,14,1,Huế,Phường Phú Bài,16.409296,107.6779818,84,Moderate,1,20.1,83,0.0,4.4,243,1013.5,7,31.5,42.6,254.0,6.1,81.0,5.1
2025-04-14 02:00:00,2025,4,14,2,Huế,Phường Phú Bài,16.409296,107.6779818,85,Moderate,1,19.9,86,0.0,3.8,229,1012.5,17,33.5,43.9,244.0,7.7,71.0,5.3
2025-04-14 03:00:00,2025,4,14,3,Huế,Phường Phú Bài,16.409296,107.6779818,86,Moderate,1,19.6,89,0.0,2.7,228,1011.8,21,35.5,45.9,256.0,9.6,62.0,5.4
2025-04-14 04:00:00,2025,4,14,4,Huế,Phường Phú Bài,16.409296,107.6779818,88,Moderate,1,19.4,92,0.0,2.8,230,1011.5,37,36.6,46.6,276.0,10.6,57.0,5.7
2025-04-14 05:00:00,2025,4,14,5,Huế,Phường Phú Bài,16.409296,107.6779818,90,Moderate,1,19.2,95,0.0,4.2,239,1012.2,45,36.2,46.1,306.0,10.1,60.0,6.3
2025-04-14 06:00:00,2025,4,14,6,Huế,Phường Phú Bài,16.409296,107.6779818,92,Moderate,1,19.4,93,0.0,5.7,246,1012.9,40,36.0,45.2,343.0,8.8,69.0,7.0
2025-04-14 07:00:00,2025,4,14,7,Huế,Phường Phú Bài,16.409296,107.6779818,94,Moderate,1,21.4,83,0.0,4.3,246,1013.8,99,31.7,43.1,361.0,7.8,84.0,8.6
2025-04-14 08:00:00,2025,4,14,8,Huế,Phường Phú Bài,16.409296,107.6779818,95,Moderate,1,23.1,71,0.0,6.4,295,1014.8,100,28.8,39.7,342.0,6.1,99.0,7.8
2025-04-14 09:00:00,2025,4,14,9,Huế,Phường Phú Bài,16.409296,107.6779818,95,Moderate,1,24.5,66,0.0,6.5,321,1015.2,100,26.8,36.6,305.0,3.8,120.0,6.6
2025-04-14 10:00:00,2025,4,14,10,Huế,Phường Phú Bài,16.409296,107.6779818,95,Moderate,1,25.3,65,0.0,7.9,325,1015.2,100,24.7,33.5,274.0,2.1,136.0,5.5
2025-04-14 11:00:00,2025,4,14,11,Huế,Phường Phú Bài,16.409296,107.6779818,94,Moderate,1,25.5,65,0.0,8.9,328,1014.5,100,23.5,31.7,261.0,1.5,141.0,4.7
2025-04-14 12:00:00,2025,4,14,12,Huế,Phường Phú Bài,16.409296,107.6779818,93,Moderate,1,25.8,65,0.0,8.7,326,1014.0,100,23.9,32.1,255.0,1.6,141.0,4.0
2025-04-14 13:00:00,2025,4,14,13,Huế,Phường Phú Bài,16.409296,107.6779818,92,Moderate,1,26.5,64,0.0,9.1,326,1012.9,100,24.3,32.2,249.0,1.7,140.0,3.5
2025-04-14 14:00:00,2025,4,14,14,Huế,Phường Phú Bài,16.409296,107.6779818,91,Moderate,1,26.6,64,0.0,11.2,341,1011.9,63,24.1,31.9,234.0,1.8,138.0,3.1
2025-04-14 15:00:00,2025,4,14,15,Huế,Phường Phú Bài,16.409296,107.6779818,90,Moderate,1,25.7,66,0.0,13.1,359,1011.3,38,24.4,32.5,219.0,2.1,135.0,2.9
2025-04-14 16:00:00,2025,4,14,16,Huế,Phường Phú Bài,16.409296,107.6779818,90,Moderate,1,24.9,67,0.0,12.9,353,1011.2,39,25.6,34.3,229.0,2.4,132.0,2.9
2025-04-14 17:00:00,2025,4,14,17,Huế,Phường Phú Bài,16.409296,107.6779818,97,Moderate,1,24.0,70,0.0,11.1,347,1011.2,23,26.5,36.1,279.0,2.8,130.0,3.1
2025-04-14 18:00:00,2025,4,14,18,Huế,Phường Phú Bài,16.409296,107.6779818,99,Moderate,1,23.0,75,0.0,6.1,341,1011.7,21,26.8,36.7,354.0,3.4,128.0,3.5
2025-04-14 19:00:00,2025,4,14,19,Huế,Phường Phú Bài,16.409296,107.6779818,97,Moderate,1,22.1,81,0.0,4.2,320,1012.6,38,28.0,39.7,427.0,7.2,110.0,5.1
2025-04-14 20:00:00,2025,4,14,20,Huế,Phường Phú Bài,16.409296,107.6779818,91,Moderate,1,21.8,84,0.0,1.8,294,1013.0,82,29.6,42.3,502.0,8.8,104.0,6.3
2025-04-14 21:00:00,2025,4,14,21,Huế,Phường Phú Bài,16.409296,107.6779818,87,Moderate,1,21.2,87,0.0,2.4,261,1013.3,93,32.5,46.6,575.0,11.2,95.0,7.9
2025-04-14 22:00:00,2025,4,14,22,Huế,Phường Phú Bài,16.409296,107.6779818,87,Moderate,1,20.8,89,0.0,3.1,270,1013.4,96,35.6,50.6,609.0,13.3,87.0,9.1
2025-04-14 23:00:00,2025,4,14,23,Huế,Phường Phú Bài,16.409296,107.6779818,87,Moderate,1,20.7,87,0.0,4.9,272,1013.2,7,39.5,54.8,575.0,15.1,80.0,9.7
2025-04-15 00:00:00,2025,4,15,0,Huế,Phường Phú Bài,16.409296,107.6779818,88,Moderate,1,20.5,86,0.0,5.8,263,1013.1,3,42.1,57.9,502.0,16.8,74.0,10.0
2025-04-15 01:00:00,2025,4,15,1,Huế,Phường Phú Bài,16.409296,107.6779818,89,Moderate,1,20.3,86,0.0,5.2,254,1012.6,2,43.3,59.4,438.0,17.9,67.0,9.8
2025-04-15 02:00:00,2025,4,15,2,Huế,Phường Phú Bài,16.409296,107.6779818,90,Moderate,1,20.0,87,0.0,4.4,235,1012.1,96,43.9,60.3,395.0,18.3,58.0,8.9
2025-04-15 03:00:00,2025,4,15,3,Huế,Phường Phú Bài,16.409296,107.6779818,91,Moderate,1,19.7,89,0.0,3.9,214,1011.4,99,46.3,62.4,360.0,18.1,49.0,7.6
2025-04-15 04:00:00,2025,4,15,4,Huế,Phường Phú Bài,16.409296,107.6779818,92,Moderate,1,19.5,93,0.0,4.3,202,1011.2,100,52.4,66.1,344.0,17.3,47.0,6.9
2025-04-15 05:00:00,2025,4,15,5,Huế,Phường Phú Bài,16.409296,107.6779818,93,Moderate,1,19.2,95,0.0,3.9,217,1011.1,100,57.3,70.5,361.0,15.6,56.0,7.4
2025-04-15 06:00:00,2025,4,15,6,Huế,Phường Phú Bài,16.409296,107.6779818,95,Moderate,1,19.5,94,0.0,4.5,220,1011.2,100,61.2,74.0,397.0,13.3,71.0,8.5
2025-04-15 07:00:00,2025,4,15,7,Huế,Phường Phú Bài,16.409296,107.6779818,97,Moderate,1,21.5,86,0.0,2.7,203,1011.8,100,50.9,63.6,415.0,12.4,84.0,9.2
2025-04-15 08:00:00,2025,4,15,8,Huế,Phường Phú Bài,16.409296,107.6779818,99,Moderate,1,23.4,71,0.0,2.1,301,1013.3,91,33.5,50.4,396.0,9.4,103.0,9.2
2025-04-15 09:00:00,2025,4,15,9,Huế,Phường Phú Bài,16.409296,107.6779818,100,Moderate,1,24.8,64,0.0,4.6,347,1013.8,98,32.0,49.0,360.0,5.3,128.0,9.1
2025-04-15 10:00:00,2025,4,15,10,Huế,Phường Phú Bài,16.409296,107.6779818,100,Moderate,1,25.9,58,0.0,5.9,358,1013.7,70,30.6,46.6,325.0,2.2,147.0,8.7
2025-04-15 11:00:00,2025,4,15,11,Huế,Phường Phú Bài,16.409296,107.6779818,101,Unhealthy for Sensitive Groups,2,26.8,52,0.0,6.2,12,1013.2,48,29.5,43.9,296.0,1.2,153.0,7.7
2025-04-15 12:00:00,2025,4,15,12,Huế,Phường Phú Bài,16.409296,107.6779818,101,Unhealthy for Sensitive Groups,2,27.4,49,0.0,7.7,25,1012.1,2,29.3,43.0,269.0,1.2,152.0,6.5
2025-04-15 13:00:00,2025,4,15,13,Huế,Phường Phú Bài,16.409296,107.6779818,102,Unhealthy for Sensitive Groups,2,27.4,48,0.0,10.1,27,1011.3,1,29.5,42.4,249.0,1.4,149.0,5.4
2025-04-15 14:00:00,2025,4,15,14,Huế,Phường Phú Bài,16.409296,107.6779818,102,Unhealthy for Sensitive Groups,2,27.0,46,0.0,10.5,29,1010.3,0,29.6,42.1,235.0,1.0,147.0,4.6
2025-04-15 15:00:00,2025,4,15,15,Huế,Phường Phú Bài,16.409296,107.6779818,103,Unhealthy for Sensitive Groups,2,26.6,50,0.0,9.4,31,1009.6,8,29.8,42.1,228.0,0.8,143.0,4.0
2025-04-15 16:00:00,2025,4,15,16,Huế,Phường Phú Bài,16.409296,107.6779818,105,Unhealthy for Sensitive Groups,2,25.5,60,0.0,9.6,43,1009.0,36,29.8,41.9,240.0,2.0,135.0,4.0
2025-04-15 17:00:00,2025,4,15,17,Huế,Phường Phú Bài,16.409296,107.6779818,112,Unhealthy for Sensitive Groups,2,24.5,66,0.0,7.8,53,1008.9,47,30.2,42.7,282.0,5.7,121.0,4.9
2025-04-15 18:00:00,2025,4,15,18,Huế,Phường Phú Bài,16.409296,107.6779818,111,Unhealthy for Sensitive Groups,2,23.0,76,0.0,3.8,71,1009.5,23,32.7,44.5,342.0,10.8,103.0,6.4
2025-04-15 19:00:00,2025,4,15,19,Huế,Phường Phú Bài,16.409296,107.6779818,105,Unhealthy for Sensitive Groups,2,22.2,80,0.0,3.8,90,1010.1,6,39.3,53.0,398.0,15.7,90.0,8.0
2025-04-15 20:00:00,2025,4,15,20,Huế,Phường Phú Bài,16.409296,107.6779818,106,Unhealthy for Sensitive Groups,2,22.3,75,0.0,4.5,143,1011.1,99,44.7,59.3,444.0,17.7,82.0,9.3
2025-04-15 21:00:00,2025,4,15,21,Huế,Phường Phú Bài,16.409296,107.6779818,108,Unhealthy for Sensitive Groups,2,22.0,79,0.0,2.7,176,1011.9,82,47.0,61.0,485.0,20.3,71.0,11.0
2025-04-15 22:00:00,2025,4,15,22,Huế,Phường Phú Bài,16.409296,107.6779818,109,Unhealthy for Sensitive Groups,2,21.6,81,0.0,2.2,185,1012.0,34,47.7,60.5,516.0,22.0,61.0,11.8
2025-04-15 23:00:00,2025,4,15,23,Huế,Phường Phú Bài,16.409296,107.6779818,110,Unhealthy for Sensitive Groups,2,21.0,85,0.0,2.9,210,1011.4,55,47.7,59.3,536.0,22.0,53.0,10.9
2025-04-16 00:00:00,2025,4,16,0,Huế,Phường Phú Bài,16.409296,107.6779818,111,Unhealthy for Sensitive Groups,2,20.5,88,0.0,2.4,216,1010.5,100,47.3,57.2,546.0,21.0,47.0,9.1
2025-04-16 01:00:00,2025,4,16,1,Huế,Phường Phú Bài,16.409296,107.6779818,112,Unhealthy for Sensitive Groups,2,20.1,92,0.0,3.3,216,1009.5,95,47.6,55.2,536.0,19.7,41.0,7.5
2025-04-16 02:00:00,2025,4,16,2,Huế,Phường Phú Bài,16.409296,107.6779818,112,Unhealthy for Sensitive Groups,2,19.8,93,0.0,3.1,225,1008.9,99,46.8,53.2,486.0,18.3,35.0,6.4
2025-04-16 03:00:00,2025,4,16,3,Huế,Phường Phú Bài,16.409296,107.6779818,113,Unhealthy for Sensitive Groups,2,19.5,94,0.0,2.3,231,1008.3,100,46.0,51.6,417.0,16.7,30.0,5.5
2025-04-16 04:00:00,2025,4,16,4,Huế,Phường Phú Bài,16.409296,107.6779818,113,Unhealthy for Sensitive Groups,2,19.3,98,0.0,4.1,241,1008.4,100,44.5,49.1,383.0,15.1,30.0,5.0
2025-04-16 05:00:00,2025,4,16,5,Huế,Phường Phú Bài,16.409296,107.6779818,112,Unhealthy for Sensitive Groups,2,19.4,98,0.0,4.9,231,1008.6,100,43.1,46.9,424.0,13.7,36.0,4.9
2025-04-16 06:00:00,2025,4,16,6,Huế,Phường Phú Bài,16.409296,107.6779818,110,Unhealthy for Sensitive Groups,2,19.6,97,0.0,6.1,247,1008.9,100,43.1,46.1,499.0,12.3,47.0,5.1
2025-04-16 07:00:00,2025,4,16,7,Huế,Phường Phú Bài,16.409296,107.6779818,108,Unhealthy for Sensitive Groups,2,22.1,87,0.0,4.1,232,1009.2,100,47.7,50.9,543.0,15.3,69.0,6.7
2025-04-16 08:00:00,2025,4,16,8,Huế,Phường Phú Bài,16.409296,107.6779818,108,Unhealthy for Sensitive Groups,2,24.5,71,0.0,2.4,283,1010.8,100,38.4,43.4,519.0,11.9,98.0,7.3
2025-04-16 09:00:00,2025,4,16,9,Huế,Phường Phú Bài,16.409296,107.6779818,109,Unhealthy for Sensitive Groups,2,26.2,65,0.0,1.9,41,1010.7,100,33.1,37.8,464.0,7.1,139.0,8.0
2025-04-16 10:00:00,2025,4,16,10,Huế,Phường Phú Bài,16.409296,107.6779818,109,Unhealthy for Sensitive Groups,2,27.8,62,0.0,5.7,66,1010.4,100,31.0,35.5,417.0,3.6,172.0,8.3
2025-04-16 11:00:00,2025,4,16,11,Huế,Phường Phú Bài,16.409296,107.6779818,109,Unhealthy for Sensitive Groups,2,28.5,63,0.0,9.5,63,1009.7,100,30.2,34.3,393.0,2.5,188.0,7.8
2025-04-16 12:00:00,2025,4,16,12,Huế,Phường Phú Bài,16.409296,107.6779818,109,Unhealthy for Sensitive Groups,2,28.5,63,0.0,11.5,60,1008.9,100,29.5,33.5,377.0,2.5,196.0,6.9
2025-04-16 13:00:00,2025,4,16,13,Huế,Phường Phú Bài,16.409296,107.6779818,109,Unhealthy for Sensitive Groups,2,28.6,67,0.0,11.9,65,1007.8,100,29.3,33.1,366.0,2.8,200.0,6.1
2025-04-16 14:00:00,2025,4,16,14,Huế,Phường Phú Bài,16.409296,107.6779818,109,Unhealthy for Sensitive Groups,2,28.8,68,0.0,12.6,68,1006.6,99,29.3,32.8,353.0,2.7,201.0,5.6
2025-04-16 15:00:00,2025,4,16,15,Huế,Phường Phú Bài,16.409296,107.6779818,135,Unhealthy for Sensitive Groups,2,28.7,70,0.0,13.5,71,1005.8,99,29.5,32.7,346.0,2.8,198.0,5.2
2025-04-16 16:00:00,2025,4,16,16,Huế,Phường Phú Bài,16.409296,107.6779818,159,Unhealthy,3,28.3,73,0.0,11.5,87,1005.3,87,29.5,32.2,361.0,3.6,187.0,5.1
2025-04-16 17:00:00,2025,4,16,17,Huế,Phường Phú Bài,16.409296,107.6779818,174,Unhealthy,3,27.6,77,0.0,7.9,91,1005.0,73,29.9,32.4,409.0,5.8,165.0,5.4
2025-04-16 18:00:00,2025,4,16,18,Huế,Phường Phú Bài,16.409296,107.6779818,178,Unhealthy,3,26.2,87,0.0,3.0,52,1005.4,100,31.2,32.9,480.0,8.7,135.0,6.0
2025-04-16 19:00:00,2025,4,16,19,Huế,Phường Phú Bài,16.409296,107.6779818,172,Unhealthy,3,25.3,88,0.0,2.8,11,1006.0,96,36.9,39.3,560.0,10.0,113.0,6.0
2025-04-16 20:00:00,2025,4,16,20,Huế,Phường Phú Bài,16.409296,107.6779818,160,Unhealthy,3,24.9,89,0.0,1.5,69,1006.7,22,37.1,39.1,662.0,10.0,102.0,6.0
2025-04-16 21:00:00,2025,4,16,21,Huế,Phường Phú Bài,16.409296,107.6779818,143,Unhealthy for Sensitive Groups,2,24.6,89,0.0,1.0,112,1007.3,45,37.3,38.9,773.0,10.1,87.0,6.0
2025-04-16 22:00:00,2025,4,16,22,Huế,Phường Phú Bài,16.409296,107.6779818,119,Unhealthy for Sensitive Groups,2,24.5,90,0.0,1.3,188,1007.7,99,37.8,39.2,841.0,10.1,73.0,5.8
2025-04-16 23:00:00,2025,4,16,23,Huế,Phường Phú Bài,16.409296,107.6779818,105,Unhealthy for Sensitive Groups,2,24.1,92,0.0,2.7,188,1007.5,100,38.2,39.5,843.0,10.1,62.0,5.3
2025-04-17 00:00:00,2025,4,17,0,Huế,Phường Phú Bài,16.409296,107.6779818,104,Unhealthy for Sensitive Groups,2,23.9,93,0.0,2.3,238,1007.1,100,38.0,39.1,802.0,10.0,52.0,4.6
2025-04-17 01:00:00,2025,4,17,1,Huế,Phường Phú Bài,16.409296,107.6779818,103,Unhealthy for Sensitive Groups,2,23.5,95,0.0,3.4,252,1006.7,100,37.5,38.4,729.0,9.9,43.0,4.0
2025-04-17 02:00:00,2025,4,17,2,Huế,Phường Phú Bài,16.409296,107.6779818,102,Unhealthy for Sensitive Groups,2,23.2,97,0.0,3.9,257,1006.3,100,36.3,37.1,598.0,9.7,32.0,3.4
2025-04-17 03:00:00,2025,4,17,3,Huế,Phường Phú Bài,16.409296,107.6779818,101,Unhealthy for Sensitive Groups,2,23.0,98,0.0,4.7,272,1006.3,100,34.9,35.6,436.0,9.5,22.0,2.9
2025-04-17 04:00:00,2025,4,17,4,Huế,Phường Phú Bài,16.409296,107.6779818,100,Moderate,1,22.8,99,0.0,5.4,270,1006.3,100,33.2,33.8,329.0,9.4,18.0,2.7
2025-04-17 05:00:00,2025,4,17,5,Huế,Phường Phú Bài,16.409296,107.6779818,99,Moderate,1,22.6,98,0.0,4.5,233,1006.7,100,31.3,31.9,333.0,9.6,21.0,3.0
2025-04-17 06:00:00,2025,4,17,6,Huế,Phường Phú Bài,16.409296,107.6779818,98,Moderate,1,22.7,98,0.0,4.6,234,1007.1,100,30.6,31.2,393.0,9.8,31.0,3.6
2025-04-17 07:00:00,2025,4,17,7,Huế,Phường Phú Bài,16.409296,107.6779818,97,Moderate,1,24.3,91,0.0,3.2,227,1007.5,100,27.4,27.8,435.0,11.4,39.0,4.4
2025-04-17 08:00:00,2025,4,17,8,Huế,Phường Phú Bài,16.409296,107.6779818,95,Moderate,1,27.6,78,0.0,2.4,216,1008.2,90,29.6,30.0,426.0,9.1,71.0,5.4
2025-04-17 09:00:00,2025,4,17,9,Huế,Phường Phú Bài,16.409296,107.6779818,94,Moderate,1,30.0,70,0.0,1.1,108,1008.5,73,28.8,29.6,399.0,6.0,116.0,6.7
2025-04-17 10:00:00,2025,4,17,10,Huế,Phường Phú Bài,16.409296,107.6779818,94,Moderate,1,31.6,66,0.0,5.2,86,1008.4,39,30.2,31.4,376.0,3.7,155.0,7.6
2025-04-17 11:00:00,2025,4,17,11,Huế,Phường Phú Bài,16.409296,107.6779818,94,Moderate,1,32.3,66,0.0,9.4,79,1007.8,24,31.0,32.6,364.0,2.9,180.0,7.7
2025-04-17 12:00:00,2025,4,17,12,Huế,Phường Phú Bài,16.409296,107.6779818,94,Moderate,1,32.5,65,0.0,11.8,74,1007.0,35,32.0,33.8,356.0,2.9,199.0,7.4
2025-04-17 13:00:00,2025,4,17,13,Huế,Phường Phú Bài,16.409296,107.6779818,94,Moderate,1,32.3,63,0.0,12.9,70,1005.8,48,32.8,34.6,350.0,3.1,212.0,7.2
2025-04-17 14:00:00,2025,4,17,14,Huế,Phường Phú Bài,16.409296,107.6779818,95,Moderate,1,31.7,65,0.0,13.0,76,1004.9,82,33.6,35.2,338.0,3.2,221.0,7.2
2025-04-17 15:00:00,2025,4,17,15,Huế,Phường Phú Bài,16.409296,107.6779818,120,Unhealthy for Sensitive Groups,2,30.9,68,0.0,10.3,92,1004.1,51,34.1,35.5,328.0,3.6,223.0,7.4
2025-04-17 16:00:00,2025,4,17,16,Huế,Phường Phú Bài,16.409296,107.6779818,157,Unhealthy,3,31.3,68,0.0,10.3,102,1003.4,67,34.6,36.1,343.0,4.8,213.0,7.6
2025-04-17 17:00:00,2025,4,17,17,Huế,Phường Phú Bài,16.409296,107.6779818,180,Unhealthy,3,30.9,74,0.0,4.7,88,1003.3,89,33.3,34.6,412.0,7.6,182.0,8.0
2025-04-17 18:00:00,2025,4,17,18,Huế,Phường Phú Bài,16.409296,107.6779818,190,Unhealthy,3,29.2,83,0.0,4.4,102,1003.8,98,34.0,34.7,505.0,11.3,139.0,8.6
2025-04-17 19:00:00,2025,4,17,19,Huế,Phường Phú Bài,16.409296,107.6779818,188,Unhealthy,3,28.0,88,0.0,4.0,117,1004.5,64,37.7,38.3,554.0,16.6,89.0,9.1
2025-04-17 20:00:00,2025,4,17,20,Huế,Phường Phú Bài,16.409296,107.6779818,173,Unhealthy,3,27.8,87,0.0,1.5,144,1005.2,87,40.0,40.6,514.0,18.0,73.0,8.8
2025-04-17 21:00:00,2025,4,17,21,Huế,Phường Phú Bài,16.409296,107.6779818,153,Unhealthy,3,27.0,91,0.0,3.9,167,1005.4,58,40.3,41.0,430.0,20.0,52.0,8.4
2025-04-17 22:00:00,2025,4,17,22,Huế,Phường Phú Bài,16.409296,107.6779818,120,Unhealthy for Sensitive Groups,2,26.5,93,0.0,4.0,183,1005.8,95,38.8,39.3,366.0,21.0,34.0,7.7
2025-04-17 23:00:00,2025,4,17,23,Huế,Phường Phú Bài,16.409296,107.6779818,97,Moderate,1,26.0,94,0.0,4.5,173,1005.9,6,34.8,35.3,351.0,20.4,24.0,6.5
2025-04-18 00:00:00,2025,4,18,0,Huế,Phường Phú Bài,16.409296,107.6779818,97,Moderate,1,25.6,94,0.0,5.3,204,1005.4,2,30.9,31.2,356.0,19.0,18.0,5.0
2025-04-18 01:00:00,2025,4,18,1,Huế,Phường Phú Bài,16.409296,107.6779818,96,Moderate,1,25.4,91,0.0,6.5,222,1005.2,0,27.2,27.5,356.0,17.4,14.0,3.8
2025-04-18 02:00:00,2025,4,18,2,Huế,Phường Phú Bài,16.409296,107.6779818,95,Moderate,1,25.0,89,0.0,7.5,213,1004.9,0,24.1,24.3,335.0,16.0,9.0,3.0
2025-04-18 03:00:00,2025,4,18,3,Huế,Phường Phú Bài,16.409296,107.6779818,94,Moderate,1,24.6,89,0.0,8.0,208,1004.4,2,21.6,21.8,309.0,14.4,6.0,2.5
2025-04-18 04:00:00,2025,4,18,4,Huế,Phường Phú Bài,16.409296,107.6779818,93,Moderate,1,24.4,90,0.0,8.5,216,1004.6,6,19.6,19.8,305.0,13.0,9.0,2.3
2025-04-18 05:00:00,2025,4,18,5,Huế,Phường Phú Bài,16.409296,107.6779818,92,Moderate,1,24.2,90,0.0,8.6,221,1005.0,7,18.3,18.5,346.0,11.8,18.0,2.6
2025-04-18 06:00:00,2025,4,18,6,Huế,Phường Phú Bài,16.409296,107.6779818,91,Moderate,1,24.4,88,0.0,8.3,229,1005.6,60,18.7,18.9,408.0,10.7,34.0,3.3
2025-04-18 07:00:00,2025,4,18,7,Huế,Phường Phú Bài,16.409296,107.6779818,89,Moderate,1,26.5,83,0.0,6.1,251,1006.9,22,22.2,22.2,451.0,8.8,51.0,4.3
2025-04-18 08:00:00,2025,4,18,8,Huế,Phường Phú Bài,16.409296,107.6779818,89,Moderate,1,29.6,74,0.0,2.2,246,1007.8,100,27.0,27.1,455.0,7.3,85.0,5.5
2025-04-18 09:00:00,2025,4,18,9,Huế,Phường Phú Bài,16.409296,107.6779818,89,Moderate,1,32.4,64,0.0,0.6,326,1007.9,97,24.6,24.9,440.0,5.2,133.0,7.1
2025-04-18 10:00:00,2025,4,18,10,Huế,Phường Phú Bài,16.409296,107.6779818,88,Moderate,1,34.1,58,0.0,3.1,59,1007.6,58,24.9,25.7,420.0,3.6,173.0,8.1
2025-04-18 11:00:00,2025,4,18,11,Huế,Phường Phú Bài,16.409296,107.6779818,88,Moderate,1,34.8,59,0.0,6.7,63,1007.2,65,25.1,26.0,397.0,2.9,197.0,7.8
2025-04-18 12:00:00,2025,4,18,12,Huế,Phường Phú Bài,16.409296,107.6779818,87,Moderate,1,34.8,59,0.0,10.5,61,1006.1,52,26.3,27.3,370.0,2.6,213.0,6.9
2025-04-18 13:00:00,2025,4,18,13,Huế,Phường Phú Bài,16.409296,107.6779818,87,Moderate,1,34.0,58,0.0,12.8,64,1005.1,46,27.2,28.2,350.0,2.8,219.0,6.1
2025-04-18 14:00:00,2025,4,18,14,Huế,Phường Phú Bài,16.409296,107.6779818,102,Unhealthy for Sensitive Groups,2,33.6,62,0.0,10.2,69,1004.3,100,28.5,29.1,334.0,3.2,215.0,5.7
2025-04-18 15:00:00,2025,4,18,15,Huế,Phường Phú Bài,16.409296,107.6779818,140,Unhealthy for Sensitive Groups,2,31.9,68,0.0,4.3,138,1004.0,99,31.2,31.9,325.0,4.1,201.0,5.4
2025-04-18 16:00:00,2025,4,18,16,Huế,Phường Phú Bài,16.409296,107.6779818,166,Unhealthy,3,32.2,64,0.0,4.1,151,1003.3,100,33.2,33.9,345.0,5.8,179.0,5.4
2025-04-18 17:00:00,2025,4,18,17,Huế,Phường Phú Bài,16.409296,107.6779818,181,Unhealthy,3,30.8,73,0.0,4.0,180,1003.3,95,25.1,25.4,425.0,9.0,145.0,5.9
2025-04-18 18:00:00,2025,4,18,18,Huế,Phường Phú Bài,16.409296,107.6779818,183,Unhealthy,3,29.8,80,0.0,1.0,149,1004.0,99,22.0,22.1,533.0,12.9,103.0,6.8
2025-04-18 19:00:00,2025,4,18,19,Huế,Phường Phú Bài,16.409296,107.6779818,172,Unhealthy,3,28.5,84,0.0,0.7,166,1004.8,100,30.4,30.4,598.0,17.3,65.0,8.1
2025-04-18 20:00:00,2025,4,18,20,Huế,Phường Phú Bài,16.409296,107.6779818,151,Unhealthy,3,27.5,89,0.0,4.8,119,1005.5,100,32.9,32.9,582.0,17.9,56.0,8.1
2025-04-18 21:00:00,2025,4,18,21,Huế,Phường Phú Bài,16.409296,107.6779818,118,Unhealthy for Sensitive Groups,2,26.9,92,0.0,3.1,167,1006.3,100,32.4,32.4,524.0,18.7,43.0,8.1
2025-04-18 22:00:00,2025,4,18,22,Huế,Phường Phú Bài,16.409296,107.6779818,82,Moderate,1,26.7,94,0.0,2.7,247,1007.1,100,31.0,31.0,465.0,19.4,33.0,7.7
2025-04-18 23:00:00,2025,4,18,23,Huế,Phường Phú Bài,16.409296,107.6779818,81,Moderate,1,26.4,96,0.0,3.7,231,1007.1,100,32.0,32.1,416.0,20.2,27.0,6.8
2025-04-19 00:00:00,2025,4,19,0,Huế,Phường Phú Bài,16.409296,107.6779818,81,Moderate,1,26.2,95,0.0,5.6,195,1006.6,100,33.1,33.2,368.0,20.9,23.0,5.6
2025-04-19 01:00:00,2025,4,19,1,Huế,Phường Phú Bài,16.409296,107.6779818,81,Moderate,1,25.8,93,0.0,7.2,215,1006.0,63,31.9,32.1,332.0,20.7,20.0,4.5
2025-04-19 02:00:00,2025,4,19,2,Huế,Phường Phú Bài,16.409296,107.6779818,81,Moderate,1,25.2,93,0.0,5.6,209,1005.7,100,29.7,29.9,311.0,18.8,16.0,3.6
2025-04-19 03:00:00,2025,4,19,3,Huế,Phường Phú Bài,16.409296,107.6779818,82,Moderate,1,24.8,94,0.0,5.1,225,1005.4,25,27.0,27.1,303.0,16.0,12.0,2.9
2025-04-19 04:00:00,2025,4,19,4,Huế,Phường Phú Bài,16.409296,107.6779818,82,Moderate,1,24.4,95,0.0,4.5,230,1005.3,2,24.9,25.0,314.0,13.6,14.0,2.6
2025-04-19 05:00:00,2025,4,19,5,Huế,Phường Phú Bài,16.409296,107.6779818,83,Moderate,1,24.0,96,0.0,4.1,214,1005.9,19,23.5,23.7,360.0,12.2,22.0,2.8
2025-04-19 06:00:00,2025,4,19,6,Huế,Phường Phú Bài,16.409296,107.6779818,83,Moderate,1,24.0,96,0.0,5.4,230,1006.2,0,23.6,23.7,424.0,11.2,36.0,3.3
2025-04-19 07:00:00,2025,4,19,7,Huế,Phường Phú Bài,16.409296,107.6779818,84,Moderate,1,26.5,87,0.0,3.1,239,1007.0,11,37.7,38.0,463.0,11.6,66.0,5.0
2025-04-19 08:00:00,2025,4,19,8,Huế,Phường Phú Bài,16.409296,107.6779818,85,Moderate,1,30.5,71,0.0,1.2,231,1007.8,0,39.8,40.0,454.0,9.1,94.0,5.4
2025-04-19 09:00:00,2025,4,19,9,Huế,Phường Phú Bài,16.409296,107.6779818,86,Moderate,1,32.2,67,0.0,2.2,42,1008.1,0,33.6,34.0,419.0,5.6,132.0,5.9
2025-04-19 10:00:00,2025,4,19,10,Huế,Phường Phú Bài,16.409296,107.6779818,87,Moderate,1,33.1,66,0.0,6.3,31,1008.0,15,31.5,31.9,388.0,3.1,164.0,6.1
2025-04-19 11:00:00,2025,4,19,11,Huế,Phường Phú Bài,16.409296,107.6779818,88,Moderate,1,33.0,68,0.0,10.3,36,1007.7,14,30.9,31.4,369.0,2.3,184.0,5.5
2025-04-19 12:00:00,2025,4,19,12,Huế,Phường Phú Bài,16.409296,107.6779818,88,Moderate,1,32.8,66,0.0,10.7,46,1007.0,22,33.5,34.2,354.0,2.3,197.0,4.6
2025-04-19 13:00:00,2025,4,19,13,Huế,Phường Phú Bài,16.409296,107.6779818,89,Moderate,1,33.1,62,0.0,10.5,63,1006.1,34,33.6,34.5,338.0,2.7,204.0,4.1
2025-04-19 14:00:00,2025,4,19,14,Huế,Phường Phú Bài,16.409296,107.6779818,96,Moderate,1,32.9,64,0.0,13.0,84,1004.5,25,34.1,35.0,313.0,3.0,207.0,4.3
2025-04-19 15:00:00,2025,4,19,15,Huế,Phường Phú Bài,16.409296,107.6779818,132,Unhealthy for Sensitive Groups,2,32.5,66,0.0,11.6,75,1003.8,33,34.7,35.6,288.0,3.5,203.0,4.9
2025-04-19 16:00:00,2025,4,19,16,Huế,Phường Phú Bài,16.409296,107.6779818,158,Unhealthy,3,32.4,68,0.0,8.4,80,1003.5,39,35.6,36.6,291.0,4.9,190.0,5.5
2025-04-19 17:00:00,2025,4,19,17,Huế,Phường Phú Bài,16.409296,107.6779818,174,Unhealthy,3,31.6,75,0.0,6.0,87,1003.4,24,30.4,31.0,342.0,7.8,161.0,6.2
2025-04-19 18:00:00,2025,4,19,18,Huế,Phường Phú Bài,16.409296,107.6779818,178,Unhealthy,3,30.1,83,0.0,3.5,125,1004.0,11,31.3,31.7,420.0,11.6,121.0,7.0
2025-04-19 19:00:00,2025,4,19,19,Huế,Phường Phú Bài,16.409296,107.6779818,171,Unhealthy,3,29.0,87,0.0,2.4,99,1004.8,15,33.9,34.7,490.0,12.4,112.0,7.3
2025-04-19 20:00:00,2025,4,19,20,Huế,Phường Phú Bài,16.409296,107.6779818,160,Unhealthy,3,28.0,87,0.0,1.0,135,1006.0,51,34.0,34.8,551.0,13.7,94.0,7.4
2025-04-19 21:00:00,2025,4,19,21,Huế,Phường Phú Bài,16.409296,107.6779818,141,Unhealthy for Sensitive Groups,2,27.6,89,0.0,0.8,243,1006.5,43,34.5,35.3,604.0,15.5,69.0,7.4
2025-04-19 22:00:00,2025,4,19,22,Huế,Phường Phú Bài,16.409296,107.6779818,113,Unhealthy for Sensitive Groups,2,26.9,93,0.0,1.6,180,1006.8,7,34.6,35.3,622.0,16.7,48.0,7.1
2025-04-19 23:00:00,2025,4,19,23,Huế,Phường Phú Bài,16.409296,107.6779818,93,Moderate,1,26.0,97,0.0,3.3,186,1006.5,98,34.1,34.8,580.0,16.9,37.0,6.2
2025-04-20 00:00:00,2025,4,20,0,Huế,Phường Phú Bài,16.409296,107.6779818,93,Moderate,1,25.5,96,0.0,3.0,232,1006.4,100,32.6,33.2,503.0,16.4,30.0,5.0
2025-04-20 01:00:00,2025,4,20,1,Huế,Phường Phú Bài,16.409296,107.6779818,93,Moderate,1,25.3,94,0.0,5.3,235,1006.1,99,31.0,31.5,435.0,15.6,25.0,4.0
2025-04-20 02:00:00,2025,4,20,2,Huế,Phường Phú Bài,16.409296,107.6779818,93,Moderate,1,25.0,91,0.0,5.4,222,1005.5,100,29.1,29.7,384.0,14.3,19.0,3.3
2025-04-20 03:00:00,2025,4,20,3,Huế,Phường Phú Bài,16.409296,107.6779818,93,Moderate,1,24.5,91,0.0,3.5,208,1005.2,99,27.5,28.0,342.0,12.7,15.0,2.8
2025-04-20 04:00:00,2025,4,20,4,Huế,Phường Phú Bài,16.409296,107.6779818,93,Moderate,1,24.1,91,0.0,3.5,201,1005.5,100,26.3,26.8,328.0,11.3,16.0,2.6
2025-04-20 05:00:00,2025,4,20,5,Huế,Phường Phú Bài,16.409296,107.6779818,93,Moderate,1,24.0,91,0.0,3.9,204,1006.0,100,25.6,26.1,364.0,10.6,22.0,2.8
2025-04-20 06:00:00,2025,4,20,6,Huế,Phường Phú Bài,16.409296,107.6779818,93,Moderate,1,24.1,90,0.0,5.5,226,1006.5,98,26.1,26.7,428.0,10.1,33.0,3.4
2025-04-20 07:00:00,2025,4,20,7,Huế,Phường Phú Bài,16.409296,107.6779818,93,Moderate,1,26.5,82,0.0,3.1,225,1007.5,15,39.8,40.6,471.0,9.2,55.0,4.2
2025-04-20 08:00:00,2025,4,20,8,Huế,Phường Phú Bài,16.409296,107.6779818,93,Moderate,1,29.9,70,0.0,1.7,148,1008.3,100,43.4,43.9,471.0,7.7,89.0,4.9
2025-04-20 09:00:00,2025,4,20,9,Huế,Phường Phú Bài,16.409296,107.6779818,94,Moderate,1,32.0,67,0.0,3.4,74,1008.5,100,42.3,42.8,451.0,5.5,136.0,5.9
2025-04-20 10:00:00,2025,4,20,10,Huế,Phường Phú Bài,16.409296,107.6779818,95,Moderate,1,33.0,68,0.0,6.3,55,1008.5,100,41.1,41.8,426.0,3.8,171.0,6.4
2025-04-20 11:00:00,2025,4,20,11,Huế,Phường Phú Bài,16.409296,107.6779818,95,Moderate,1,33.5,68,0.0,8.2,54,1008.1,100,38.8,39.6,399.0,2.9,184.0,5.9
2025-04-20 12:00:00,2025,4,20,12,Huế,Phường Phú Bài,16.409296,107.6779818,96,Moderate,1,33.5,66,0.0,9.8,54,1007.2,100,36.9,37.7,367.0,2.5,185.0,4.8
2025-04-20 13:00:00,2025,4,20,13,Huế,Phường Phú Bài,16.409296,107.6779818,96,Moderate,1,33.5,65,0.0,10.6,58,1006.1,97,34.6,35.5,339.0,2.4,185.0,4.2
2025-04-20 14:00:00,2025,4,20,14,Huế,Phường Phú Bài,16.409296,107.6779818,96,Moderate,1,33.8,62,0.0,11.3,63,1005.1,99,33.4,34.5,306.0,2.5,189.0,4.4
2025-04-20 15:00:00,2025,4,20,15,Huế,Phường Phú Bài,16.409296,107.6779818,120,Unhealthy for Sensitive Groups,2,34.0,61,0.0,9.7,56,1004.8,26,31.8,33.1,277.0,3.0,192.0,4.9
2025-04-20 16:00:00,2025,4,20,16,Huế,Phường Phú Bài,16.409296,107.6779818,150,Unhealthy for Sensitive Groups,2,32.9,67,0.0,1.3,124,1004.5,65,30.7,32.0,287.0,4.5,185.0,5.6
2025-04-20 17:00:00,2025,4,20,17,Huế,Phường Phú Bài,16.409296,107.6779818,165,Unhealthy,3,32.2,68,0.0,3.0,253,1004.6,100,30.7,32.0,368.0,7.7,161.0,6.4
2025-04-20 18:00:00,2025,4,20,18,Huế,Phường Phú Bài,16.409296,107.6779818,169,Unhealthy,3,30.1,77,0.0,1.7,288,1005.3,100,32.8,34.0,488.0,11.8,128.0,7.3
2025-04-20 19:00:00,2025,4,20,19,Huế,Phường Phú Bài,16.409296,107.6779818,162,Unhealthy,3,28.8,81,0.0,0.7,270,1006.2,100,35.5,36.4,593.0,18.2,94.0,8.8
2025-04-20 20:00:00,2025,4,20,20,Huế,Phường Phú Bài,16.409296,107.6779818,147,Unhealthy for Sensitive Groups,2,27.8,81,0.0,0.5,360,1006.9,100,36.8,37.7,656.0,19.5,81.0,9.7
2025-04-20 21:00:00,2025,4,20,21,Huế,Phường Phú Bài,16.409296,107.6779818,125,Unhealthy for Sensitive Groups,2,27.2,84,0.0,0.4,243,1007.9,100,39.1,39.8,704.0,21.3,64.0,10.8
2025-04-20 22:00:00,2025,4,20,22,Huế,Phường Phú Bài,16.409296,107.6779818,99,Moderate,1,26.4,88,0.0,1.5,194,1008.0,100,41.0,41.7,756.0,22.2,49.0,11.1
2025-04-20 23:00:00,2025,4,20,23,Huế,Phường Phú Bài,16.409296,107.6779818,97,Moderate,1,25.7,91,0.0,2.1,211,1008.1,62,40.3,41.0,847.0,21.7,39.0,9.7
2025-04-21 00:00:00,2025,4,21,0,Huế,Phường Phú Bài,16.409296,107.6779818,98,Moderate,1,25.1,94,0.0,2.2,228,1007.8,18,38.3,38.9,943.0,20.4,32.0,7.5
2025-04-21 01:00:00,2025,4,21,1,Huế,Phường Phú Bài,16.409296,107.6779818,98,Moderate,1,24.6,94,0.0,3.1,230,1007.5,30,36.6,37.1,964.0,18.9,27.0,5.6
2025-04-21 02:00:00,2025,4,21,2,Huế,Phường Phú Bài,16.409296,107.6779818,99,Moderate,1,24.4,93,0.0,4.5,214,1007.0,19,35.5,36.0,840.0,17.2,22.0,4.4
2025-04-21 03:00:00,2025,4,21,3,Huế,Phường Phú Bài,16.409296,107.6779818,99,Moderate,1,24.0,92,0.0,4.4,210,1006.7,0,34.6,35.0,641.0,15.3,18.0,3.6
2025-04-21 04:00:00,2025,4,21,4,Huế,Phường Phú Bài,16.409296,107.6779818,100,Moderate,1,23.7,92,0.0,4.0,216,1007.0,24,33.6,34.0,499.0,13.6,20.0,3.2
2025-04-21 05:00:00,2025,4,21,5,Huế,Phường Phú Bài,16.409296,107.6779818,101,Unhealthy for Sensitive Groups,2,23.4,94,0.0,3.6,225,1007.6,44,32.8,33.3,482.0,12.4,28.0,3.3
2025-04-21 06:00:00,2025,4,21,6,Huế,Phường Phú Bài,16.409296,107.6779818,102,Unhealthy for Sensitive Groups,2,23.6,92,0.0,6.1,246,1008.5,97,33.3,33.8,521.0,11.4,41.0,3.9
2025-04-21 07:00:00,2025,4,21,7,Huế,Phường Phú Bài,16.409296,107.6779818,102,Unhealthy for Sensitive Groups,2,26.0,82,0.0,4.8,257,1009.4,93,34.5,35.0,542.0,10.8,68.0,4.9
2025-04-21 08:00:00,2025,4,21,8,Huế,Phường Phú Bài,16.409296,107.6779818,102,Unhealthy for Sensitive Groups,2,29.5,72,0.0,2.9,191,1010.5,99,34.7,35.4,515.0,8.7,101.0,5.7
2025-04-21 09:00:00,2025,4,21,9,Huế,Phường Phú Bài,16.409296,107.6779818,101,Unhealthy for Sensitive Groups,2,32.0,65,0.0,1.8,79,1010.4,100,33.2,34.0,470.0,5.9,147.0,6.8
2025-04-21 10:00:00,2025,4,21,10,Huế,Phường Phú Bài,16.409296,107.6779818,100,Moderate,1,33.2,64,0.0,5.9,52,1010.0,99,32.6,33.5,426.0,3.7,183.0,7.4
2025-04-21 11:00:00,2025,4,21,11,Huế,Phường Phú Bài,16.409296,107.6779818,99,Moderate,1,33.2,67,0.0,8.9,58,1009.5,99,31.4,32.6,389.0,2.9,200.0,7.1
2025-04-21 12:00:00,2025,4,21,12,Huế,Phường Phú Bài,16.409296,107.6779818,98,Moderate,1,33.8,64,0.0,8.8,62,1008.7,93,30.4,31.5,353.0,2.7,207.0,6.4
2025-04-21 13:00:00,2025,4,21,13,Huế,Phường Phú Bài,16.409296,107.6779818,98,Moderate,1,34.2,60,0.0,10.2,54,1007.7,100,29.1,30.4,322.0,2.8,209.0,5.9
2025-04-21 14:00:00,2025,4,21,14,Huế,Phường Phú Bài,16.409296,107.6779818,112,Unhealthy for Sensitive Groups,2,34.2,58,0.0,10.9,52,1006.8,100,27.5,28.8,293.0,2.7,208.0,5.8
2025-04-21 15:00:00,2025,4,21,15,Huế,Phường Phú Bài,16.409296,107.6779818,148,Unhealthy for Sensitive Groups,2,33.8,60,0.0,11.8,61,1006.2,100,26.5,27.7,268.0,2.9,203.0,6.0
2025-04-21 16:00:00,2025,4,21,16,Huế,Phường Phú Bài,16.409296,107.6779818,170,Unhealthy,3,32.7,65,0.0,7.6,59,1006.2,100,26.4,27.7,262.0,4.3,189.0,6.3
2025-04-21 17:00:00,2025,4,21,17,Huế,Phường Phú Bài,16.409296,107.6779818,184,Unhealthy,3,31.3,71,0.0,7.2,53,1006.3,80,27.1,28.5,268.0,7.8,162.0,7.0
2025-04-21 18:00:00,2025,4,21,18,Huế,Phường Phú Bài,16.409296,107.6779818,186,Unhealthy,3,29.5,77,0.0,5.6,33,1006.9,99,31.7,32.9,293.0,12.4,128.0,7.8
2025-04-21 19:00:00,2025,4,21,19,Huế,Phường Phú Bài,16.409296,107.6779818,178,Unhealthy,3,28.2,80,0.0,2.9,4,1007.6,91,44.2,46.7,369.0,23.8,81.0,11.2
2025-04-21 20:00:00,2025,4,21,20,Huế,Phường Phú Bài,16.409296,107.6779818,159,Unhealthy,3,28.0,87,0.0,2.3,328,1008.7,100,43.2,45.4,553.0,22.9,72.0,10.9
2025-04-21 21:00:00,2025,4,21,21,Huế,Phường Phú Bài,16.409296,107.6779818,133,Unhealthy for Sensitive Groups,2,27.6,87,0.0,0.8,27,1009.6,100,41.7,43.7,789.0,21.7,59.0,10.5
2025-04-21 22:00:00,2025,4,21,22,Huế,Phường Phú Bài,16.409296,107.6779818,101,Unhealthy for Sensitive Groups,2,27.1,89,0.0,1.5,159,1009.8,99,40.7,42.0,941.0,20.3,48.0,9.7
2025-04-21 23:00:00,2025,4,21,23,Huế,Phường Phú Bài,16.409296,107.6779818,97,Moderate,1,26.6,93,0.0,2.6,192,1009.1,100,39.0,39.9,938.0,18.9,41.0,8.4
2025-04-22 00:00:00,2025,4,22,0,Huế,Phường Phú Bài,16.409296,107.6779818,97,Moderate,1,26.0,96,0.0,1.2,231,1008.5,100,36.8,37.6,851.0,17.5,35.0,6.7
2025-04-22 01:00:00,2025,4,22,1,Huế,Phường Phú Bài,16.409296,107.6779818,97,Moderate,1,25.3,99,0.0,1.5,194,1008.0,97,35.2,35.9,752.0,16.0,31.0,5.3
2025-04-22 02:00:00,2025,4,22,2,Huế,Phường Phú Bài,16.409296,107.6779818,97,Moderate,1,24.7,100,0.0,2.8,191,1007.3,100,33.8,34.3,649.0,14.4,27.0,4.3
2025-04-22 03:00:00,2025,4,22,3,Huế,Phường Phú Bài,16.409296,107.6779818,97,Moderate,1,24.5,99,0.0,4.1,225,1007.0,100,32.5,33.1,533.0,12.7,25.0,3.7
2025-04-22 04:00:00,2025,4,22,4,Huế,Phường Phú Bài,16.409296,107.6779818,96,Moderate,1,24.2,95,0.0,5.4,228,1007.0,100,31.3,31.8,455.0,11.3,27.0,3.3
2025-04-22 05:00:00,2025,4,22,5,Huế,Phường Phú Bài,16.409296,107.6779818,96,Moderate,1,24.1,92,0.0,6.3,235,1007.5,100,30.0,30.5,448.0,10.3,32.0,3.4
2025-04-22 06:00:00,2025,4,22,6,Huế,Phường Phú Bài,16.409296,107.6779818,96,Moderate,1,24.4,89,0.0,6.7,236,1008.3,100,29.5,29.9,478.0,9.5,41.0,3.7
2025-04-22 07:00:00,2025,4,22,7,Huế,Phường Phú Bài,16.409296,107.6779818,96,Moderate,1,26.5,82,0.0,3.2,227,1008.9,100,28.6,28.9,492.0,8.2,62.0,4.3
2025-04-22 08:00:00,2025,4,22,8,Huế,Phường Phú Bài,16.409296,107.6779818,95,Moderate,1,30.0,69,0.0,2.4,153,1009.7,16,30.3,30.6,463.0,6.8,97.0,5.1
2025-04-22 09:00:00,2025,4,22,9,Huế,Phường Phú Bài,16.409296,107.6779818,95,Moderate,1,32.5,61,0.0,0.8,135,1009.7,15,29.7,30.0,417.0,5.0,146.0,6.1
2025-04-22 10:00:00,2025,4,22,10,Huế,Phường Phú Bài,16.409296,107.6779818,94,Moderate,1,34.5,55,0.0,3.5,35,1009.5,22,30.5,30.9,380.0,3.5,183.0,6.7
2025-04-22 11:00:00,2025,4,22,11,Huế,Phường Phú Bài,16.409296,107.6779818,94,Moderate,1,34.5,59,0.0,8.9,54,1008.8,62,30.5,31.0,363.0,2.7,197.0,6.2
2025-04-22 12:00:00,2025,4,22,12,Huế,Phường Phú Bài,16.409296,107.6779818,94,Moderate,1,34.5,59,0.0,11.7,61,1007.9,79,29.3,29.9,355.0,2.4,200.0,5.2
2025-04-22 13:00:00,2025,4,22,13,Huế,Phường Phú Bài,16.409296,107.6779818,94,Moderate,1,34.6,54,0.0,11.2,64,1006.8,60,28.6,29.2,342.0,2.4,201.0,4.6
2025-04-22 14:00:00,2025,4,22,14,Huế,Phường Phú Bài,16.409296,107.6779818,106,Unhealthy for Sensitive Groups,2,35.0,52,0.0,8.3,56,1006.1,80,28.6,29.3,309.0,2.5,209.0,4.7
2025-04-22 15:00:00,2025,4,22,15,Huế,Phường Phú Bài,16.409296,107.6779818,142,Unhealthy for Sensitive Groups,2,33.8,56,0.0,9.3,80,1005.3,29,29.9,31.0,272.0,2.9,215.0,5.1
2025-04-22 16:00:00,2025,4,22,16,Huế,Phường Phú Bài,16.409296,107.6779818,168,Unhealthy,3,32.8,60,0.0,9.2,74,1005.2,22,30.7,31.8,266.0,4.9,209.0,6.0
2025-04-22 17:00:00,2025,4,22,17,Huế,Phường Phú Bài,16.409296,107.6779818,186,Unhealthy,3,31.6,68,0.0,6.8,55,1005.2,11,33.1,34.0,302.0,9.6,179.0,7.5
2025-04-22 18:00:00,2025,4,22,18,Huế,Phường Phú Bài,16.409296,107.6779818,191,Unhealthy,3,29.8,76,0.0,3.8,31,1005.7,20,37.7,38.5,369.0,15.8,137.0,9.5
2025-04-22 19:00:00,2025,4,22,19,Huế,Phường Phú Bài,16.409296,107.6779818,184,Unhealthy,3,28.9,82,0.0,0.9,37,1006.4,11,47.8,48.4,464.0,19.3,107.0,10.5
2025-04-22 20:00:00,2025,4,22,20,Huế,Phường Phú Bài,16.409296,107.6779818,170,Unhealthy,3,28.0,81,0.0,0.9,270,1007.6,48,50.1,50.6,623.0,19.0,95.0,10.8
2025-04-22 21:00:00,2025,4,22,21,Huế,Phường Phú Bài,16.409296,107.6779818,153,Unhealthy,3,27.8,83,0.0,2.5,225,1008.1,54,48.9,49.5,810.0,18.5,79.0,11.0
2025-04-22 22:00:00,2025,4,22,22,Huế,Phường Phú Bài,16.409296,107.6779818,128,Unhealthy for Sensitive Groups,2,27.1,88,0.0,4.0,198,1008.1,97,46.8,47.4,911.0,17.9,63.0,10.7
2025-04-22 23:00:00,2025,4,22,23,Huế,Phường Phú Bài,16.409296,107.6779818,98,Moderate,1,26.5,91,0.0,3.6,221,1007.7,40,44.7,45.2,855.0,17.2,50.0,9.2
2025-04-23 00:00:00,2025,4,23,0,Huế,Phường Phú Bài,16.409296,107.6779818,98,Moderate,1,26.1,90,0.0,4.3,237,1007.3,4,42.6,43.1,714.0,16.4,38.0,7.1
2025-04-23 01:00:00,2025,4,23,1,Huế,Phường Phú Bài,16.409296,107.6779818,99,Moderate,1,25.5,88,0.0,5.0,221,1006.4,15,40.6,41.0,586.0,15.6,28.0,5.3
2025-04-23 02:00:00,2025,4,23,2,Huế,Phường Phú Bài,16.409296,107.6779818,99,Moderate,1,25.1,85,0.0,6.5,214,1005.7,50,39.0,39.3,499.0,14.9,20.0,4.1
2025-04-23 03:00:00,2025,4,23,3,Huế,Phường Phú Bài,16.409296,107.6779818,100,Moderate,1,24.8,85,0.0,7.5,217,1005.1,100,37.4,37.7,426.0,14.3,14.0,3.2
2025-04-23 04:00:00,2025,4,23,4,Huế,Phường Phú Bài,16.409296,107.6779818,100,Moderate,1,24.5,84,0.0,7.3,222,1005.4,100,36.0,36.3,386.0,13.5,15.0,2.8
2025-04-23 05:00:00,2025,4,23,5,Huế,Phường Phú Bài,16.409296,107.6779818,101,Unhealthy for Sensitive Groups,2,24.2,85,0.0,5.4,222,1006.2,98,35.0,35.4,403.0,12.6,24.0,3.1
2025-04-23 06:00:00,2025,4,23,6,Huế,Phường Phú Bài,16.409296,107.6779818,101,Unhealthy for Sensitive Groups,2,24.4,84,0.0,6.0,226,1007.1,95,35.7,36.2,452.0,11.5,39.0,3.9
2025-04-23 07:00:00,2025,4,23,7,Huế,Phường Phú Bài,16.409296,107.6779818,102,Unhealthy for Sensitive Groups,2,26.5,77,0.0,2.9,240,1008.0,71,38.9,39.5,481.0,10.1,64.0,4.9
2025-04-23 08:00:00,2025,4,23,8,Huế,Phường Phú Bài,16.409296,107.6779818,103,Unhealthy for Sensitive Groups,2,30.1,65,0.0,2.9,158,1008.8,18,42.5,43.2,463.0,7.9,106.0,6.3
2025-04-23 09:00:00,2025,4,23,9,Huế,Phường Phú Bài,16.409296,107.6779818,104,Unhealthy for Sensitive Groups,2,32.9,56,0.0,1.7,108,1009.0,21,39.9,41.2,423.0,5.4,157.0,7.9
2025-04-23 10:00:00,2025,4,23,10,Huế,Phường Phú Bài,16.409296,107.6779818,106,Unhealthy for Sensitive Groups,2,34.7,52,0.0,3.6,45,1008.6,47,35.7,37.1,389.0,3.5,198.0,8.9
2025-04-23 11:00:00,2025,4,23,11,Huế,Phường Phú Bài,16.409296,107.6779818,106,Unhealthy for Sensitive Groups,2,35.2,53,0.0,7.3,52,1007.9,23,34.6,36.1,368.0,2.7,219.0,8.6
2025-04-23 12:00:00,2025,4,23,12,Huế,Phường Phú Bài,16.409296,107.6779818,106,Unhealthy for Sensitive Groups,2,35.0,56,0.0,10.6,62,1006.9,36,34.8,36.3,352.0,2.6,229.0,7.7
2025-04-23 13:00:00,2025,4,23,13,Huế,Phường Phú Bài,16.409296,107.6779818,107,Unhealthy for Sensitive Groups,2,34.8,52,0.0,13.9,63,1005.7,38,35.4,36.9,339.0,2.7,235.0,7.0
2025-04-23 14:00:00,2025,4,23,14,Huế,Phường Phú Bài,16.409296,107.6779818,132,Unhealthy for Sensitive Groups,2,34.0,54,0.0,12.7,78,1004.7,46,35.0,36.4,320.0,2.7,241.0,6.9
2025-04-23 15:00:00,2025,4,23,15,Huế,Phường Phú Bài,16.409296,107.6779818,169,Unhealthy,3,32.0,63,2.0,8.4,211,1005.0,74,35.4,36.7,304.0,3.0,242.0,7.0
2025-04-23 16:00:00,2025,4,23,16,Huế,Phường Phú Bài,16.409296,107.6779818,197,Unhealthy,3,30.8,67,0.0,7.4,203,1003.6,73,35.9,37.1,316.0,4.3,231.0,7.4
2025-04-23 17:00:00,2025,4,23,17,Huế,Phường Phú Bài,16.409296,107.6779818,207,Very Unhealthy,4,30.2,63,0.0,9.2,196,1003.7,93,37.4,38.4,379.0,7.8,200.0,8.2
2025-04-23 18:00:00,2025,4,23,18,Huế,Phường Phú Bài,16.409296,107.6779818,210,Very Unhealthy,4,29.2,70,0.0,4.9,197,1004.4,100,39.2,40.2,471.0,12.3,156.0,9.3
2025-04-23 19:00:00,2025,4,23,19,Huế,Phường Phú Bài,16.409296,107.6779818,207,Very Unhealthy,4,28.6,78,0.0,0.9,180,1005.1,100,39.2,39.6,549.0,16.5,88.0,8.8
2025-04-23 20:00:00,2025,4,23,20,Huế,Phường Phú Bài,16.409296,107.6779818,196,Unhealthy,3,27.6,87,0.0,4.7,67,1005.8,2,39.9,40.5,611.0,16.9,74.0,8.5
2025-04-23 21:00:00,2025,4,23,21,Huế,Phường Phú Bài,16.409296,107.6779818,171,Unhealthy,3,27.2,90,0.0,1.3,135,1006.8,18,39.9,40.5,659.0,17.3,54.0,8.1
2025-04-23 22:00:00,2025,4,23,22,Huế,Phường Phú Bài,16.409296,107.6779818,140,Unhealthy for Sensitive Groups,2,26.7,92,0.0,2.6,205,1007.0,78,39.5,39.9,660.0,17.5,38.0,7.4
2025-04-23 23:00:00,2025,4,23,23,Huế,Phường Phú Bài,16.409296,107.6779818,106,Unhealthy for Sensitive Groups,2,26.1,93,0.0,4.6,211,1006.8,82,38.1,38.5,574.0,17.2,29.0,6.3
2025-04-24 00:00:00,2025,4,24,0,Huế,Phường Phú Bài,16.409296,107.6779818,106,Unhealthy for Sensitive Groups,2,25.9,90,0.0,5.9,207,1006.1,100,35.9,36.3,440.0,16.6,23.0,5.0
2025-04-24 01:00:00,2025,4,24,1,Huế,Phường Phú Bài,16.409296,107.6779818,105,Unhealthy for Sensitive Groups,2,25.5,89,0.0,6.7,214,1005.3,100,33.3,33.8,340.0,15.8,18.0,3.9
2025-04-24 02:00:00,2025,4,24,2,Huế,Phường Phú Bài,16.409296,107.6779818,104,Unhealthy for Sensitive Groups,2,25.0,88,0.0,7.7,211,1004.5,100,30.9,31.3,307.0,14.7,13.0,3.2
2025-04-24 03:00:00,2025,4,24,3,Huế,Phường Phú Bài,16.409296,107.6779818,103,Unhealthy for Sensitive Groups,2,24.8,87,0.0,7.1,210,1004.1,100,28.8,29.1,308.0,13.4,10.0,2.6
2025-04-24 04:00:00,2025,4,24,4,Huế,Phường Phú Bài,16.409296,107.6779818,103,Unhealthy for Sensitive Groups,2,24.6,85,0.0,9.7,211,1004.5,100,27.0,27.4,325.0,12.2,12.0,2.5
2025-04-24 05:00:00,2025,4,24,5,Huế,Phường Phú Bài,16.409296,107.6779818,102,Unhealthy for Sensitive Groups,2,24.6,82,0.0,8.7,227,1005.0,100,26.0,26.3,363.0,11.3,20.0,2.8
2025-04-24 06:00:00,2025,4,24,6,Huế,Phường Phú Bài,16.409296,107.6779818,101,Unhealthy for Sensitive Groups,2,24.9,79,0.0,9.0,233,1005.8,100,26.5,26.9,417.0,10.6,34.0,3.6
2025-04-24 07:00:00,2025,4,24,7,Huế,Phường Phú Bài,16.409296,107.6779818,100,Moderate,1,26.7,77,0.0,8.7,236,1006.8,100,32.5,32.9,458.0,9.1,56.0,4.5
2025-04-24 08:00:00,2025,4,24,8,Huế,Phường Phú Bài,16.409296,107.6779818,99,Moderate,1,30.6,66,0.0,5.6,248,1007.9,79,36.7,37.3,476.0,7.4,89.0,5.3
2025-04-24 09:00:00,2025,4,24,9,Huế,Phường Phú Bài,16.409296,107.6779818,99,Moderate,1,33.0,57,0.0,4.7,293,1008.3,17,33.1,34.1,481.0,5.0,136.0,6.3
2025-04-24 10:00:00,2025,4,24,10,Huế,Phường Phú Bài,16.409296,107.6779818,98,Moderate,1,34.5,53,0.0,4.5,358,1008.0,48,31.2,32.6,470.0,3.2,174.0,7.0
2025-04-24 11:00:00,2025,4,24,11,Huế,Phường Phú Bài,16.409296,107.6779818,98,Moderate,1,35.0,55,0.0,8.0,36,1007.5,93,31.0,32.4,431.0,2.5,198.0,7.0
2025-04-24 12:00:00,2025,4,24,12,Huế,Phường Phú Bài,16.409296,107.6779818,97,Moderate,1,34.5,57,0.0,12.2,53,1006.9,68,31.4,32.8,376.0,2.5,215.0,6.6
2025-04-24 13:00:00,2025,4,24,13,Huế,Phường Phú Bài,16.409296,107.6779818,97,Moderate,1,34.7,54,0.0,10.7,76,1005.7,55,32.5,34.0,336.0,2.9,221.0,6.3
2025-04-24 14:00:00,2025,4,24,14,Huế,Phường Phú Bài,16.409296,107.6779818,105,Unhealthy for Sensitive Groups,2,33.3,57,0.0,15.3,75,1004.9,80,33.6,35.0,315.0,3.7,215.0,6.4
2025-04-24 15:00:00,2025,4,24,15,Huế,Phường Phú Bài,16.409296,107.6779818,144,Unhealthy for Sensitive Groups,2,30.5,69,2.4,10.9,232,1005.1,100,34.7,36.1,308.0,5.1,199.0,6.6
2025-04-24 16:00:00,2025,4,24,16,Huế,Phường Phú Bài,16.409296,107.6779818,168,Unhealthy,3,29.8,72,0.0,4.7,178,1003.9,100,35.3,36.4,340.0,7.0,176.0,6.9
2025-04-24 17:00:00,2025,4,24,17,Huế,Phường Phú Bài,16.409296,107.6779818,182,Unhealthy,3,30.0,74,0.0,5.8,160,1003.8,100,38.0,38.8,432.0,10.1,144.0,7.4
2025-04-24 18:00:00,2025,4,24,18,Huế,Phường Phú Bài,16.409296,107.6779818,183,Unhealthy,3,29.4,81,0.0,1.0,149,1004.1,99,42.4,42.7,563.0,13.7,105.0,8.1
2025-04-24 19:00:00,2025,4,24,19,Huế,Phường Phú Bài,16.409296,107.6779818,172,Unhealthy,3,28.5,83,0.0,0.8,45,1005.0,98,42.6,42.7,684.0,15.9,59.0,7.5
2025-04-24 20:00:00,2025,4,24,20,Huế,Phường Phú Bài,16.409296,107.6779818,150,Unhealthy for Sensitive Groups,2,29.0,80,0.0,1.9,214,1006.0,98,43.9,44.0,800.0,16.3,49.0,7.1
2025-04-24 21:00:00,2025,4,24,21,Huế,Phường Phú Bài,16.409296,107.6779818,115,Unhealthy for Sensitive Groups,2,28.5,83,0.0,2.7,160,1006.8,64,42.8,43.1,906.0,16.8,35.0,6.6
2025-04-24 22:00:00,2025,4,24,22,Huế,Phường Phú Bài,16.409296,107.6779818,98,Moderate,1,27.7,87,0.0,4.4,161,1006.9,65,40.9,41.1,949.0,17.0,23.0,5.9
2025-04-24 23:00:00,2025,4,24,23,Huế,Phường Phú Bài,16.409296,107.6779818,98,Moderate,1,27.0,89,0.0,4.5,187,1006.9,24,38.3,38.5,885.0,16.7,17.0,5.1
2025-04-25 00:00:00,2025,4,25,0,Huế,Phường Phú Bài,16.409296,107.6779818,98,Moderate,1,26.5,88,0.0,4.5,209,1006.2,19,35.9,36.0,756.0,16.1,13.0,4.2
2025-04-25 01:00:00,2025,4,25,1,Huế,Phường Phú Bài,16.409296,107.6779818,98,Moderate,1,26.1,84,0.0,5.3,208,1005.4,1,33.6,33.8,638.0,15.3,11.0,3.5
2025-04-25 02:00:00,2025,4,25,2,Huế,Phường Phú Bài,16.409296,107.6779818,98,Moderate,1,25.8,83,0.0,5.6,220,1005.2,1,31.7,31.8,548.0,14.2,9.0,3.0
2025-04-25 03:00:00,2025,4,25,3,Huế,Phường Phú Bài,16.409296,107.6779818,98,Moderate,1,25.3,83,0.0,6.7,243,1004.9,6,30.3,30.5,469.0,12.9,9.0,2.7
2025-04-25 04:00:00,2025,4,25,4,Huế,Phường Phú Bài,16.409296,107.6779818,98,Moderate,1,24.9,84,0.0,7.1,229,1005.4,2,28.9,29.2,421.0,11.7,14.0,2.6
2025-04-25 05:00:00,2025,4,25,5,Huế,Phường Phú Bài,16.409296,107.6779818,98,Moderate,1,24.6,85,0.0,5.5,243,1006.2,1,27.9,28.3,425.0,10.8,24.0,3.0
2025-04-25 06:00:00,2025,4,25,6,Huế,Phường Phú Bài,16.409296,107.6779818,99,Moderate,1,24.8,85,0.0,6.9,227,1006.8,17,28.5,28.9,460.0,10.0,38.0,3.6
2025-04-25 07:00:00,2025,4,25,7,Huế,Phường Phú Bài,16.409296,107.6779818,99,Moderate,1,27.2,79,0.0,6.0,224,1007.8,25,43.9,43.9,480.0,9.1,56.0,4.3
2025-04-25 08:00:00,2025,4,25,8,Huế,Phường Phú Bài,16.409296,107.6779818,100,Moderate,1,30.8,68,0.0,3.1,273,1008.6,1,47.3,48.0,469.0,7.9,82.0,5.0
2025-04-25 09:00:00,2025,4,25,9,Huế,Phường Phú Bài,16.409296,107.6779818,101,Unhealthy for Sensitive Groups,2,33.2,58,0.0,6.9,319,1009.3,33,44.8,46.2,442.0,6.2,118.0,6.0
2025-04-25 10:00:00,2025,4,25,10,Huế,Phường Phú Bài,16.409296,107.6779818,102,Unhealthy for Sensitive Groups,2,31.6,68,0.0,11.6,353,1010.2,89,42.0,43.8,407.0,4.7,147.0,6.7
2025-04-25 11:00:00,2025,4,25,11,Huế,Phường Phú Bài,16.409296,107.6779818,103,Unhealthy for Sensitive Groups,2,31.6,68,0.0,10.5,12,1009.8,86,41.0,42.6,353.0,3.7,164.0,6.7
2025-04-25 12:00:00,2025,4,25,12,Huế,Phường Phú Bài,16.409296,107.6779818,104,Unhealthy for Sensitive Groups,2,32.0,66,0.0,10.7,22,1009.1,94,44.6,46.2,290.0,2.9,176.0,6.3
2025-04-25 13:00:00,2025,4,25,13,Huế,Phường Phú Bài,16.409296,107.6779818,106,Unhealthy for Sensitive Groups,2,31.0,70,0.0,6.8,27,1008.3,99,41.1,42.5,250.0,2.6,181.0,6.1
2025-04-25 14:00:00,2025,4,25,14,Huế,Phường Phú Bài,16.409296,107.6779818,106,Unhealthy for Sensitive Groups,2,31.2,69,0.1,3.4,270,1007.5,100,39.6,40.7,246.0,2.5,180.0,6.0
2025-04-25 15:00:00,2025,4,25,15,Huế,Phường Phú Bài,16.409296,107.6779818,107,Unhealthy for Sensitive Groups,2,30.9,70,0.1,5.9,268,1006.8,100,39.8,40.7,266.0,2.9,174.0,6.0
2025-04-25 16:00:00,2025,4,25,16,Huế,Phường Phú Bài,16.409296,107.6779818,126,Unhealthy for Sensitive Groups,2,30.0,74,0.5,3.9,304,1006.9,100,41.3,42.3,300.0,4.6,164.0,6.5
2025-04-25 17:00:00,2025,4,25,17,Huế,Phường Phú Bài,16.409296,107.6779818,144,Unhealthy for Sensitive Groups,2,29.5,76,0.0,2.9,7,1006.7,100,44.6,45.4,358.0,8.4,149.0,7.6
2025-04-25 18:00:00,2025,4,25,18,Huế,Phường Phú Bài,16.409296,107.6779818,150,Unhealthy for Sensitive Groups,2,28.5,82,0.0,2.8,27,1006.7,100,48.0,48.9,430.0,13.6,130.0,9.1
2025-04-25 19:00:00,2025,4,25,19,Huế,Phường Phú Bài,16.409296,107.6779818,147,Unhealthy for Sensitive Groups,2,27.4,89,0.0,3.8,45,1007.3,100,50.4,51.3,482.0,22.0,79.0,12.7
2025-04-25 20:00:00,2025,4,25,20,Huế,Phường Phú Bài,16.409296,107.6779818,129,Unhealthy for Sensitive Groups,2,26.2,93,0.0,4.6,72,1008.4,100,57.4,58.6,487.0,23.6,74.0,14.2
2025-04-25 21:00:00,2025,4,25,21,Huế,Phường Phú Bài,16.409296,107.6779818,112,Unhealthy for Sensitive Groups,2,26.0,95,0.0,2.6,51,1009.2,100,61.2,62.6,472.0,25.7,67.0,16.2
2025-04-25 22:00:00,2025,4,25,22,Huế,Phường Phú Bài,16.409296,107.6779818,114,Unhealthy for Sensitive Groups,2,25.7,97,0.0,2.0,355,1009.8,95,65.2,66.8,475.0,27.1,61.0,16.7
2025-04-25 23:00:00,2025,4,25,23,Huế,Phường Phú Bài,16.409296,107.6779818,116,Unhealthy for Sensitive Groups,2,25.5,98,0.0,3.4,302,1009.9,83,68.0,69.6,529.0,27.2,56.0,14.3
2025-04-26 00:00:00,2025,4,26,0,Huế,Phường Phú Bài,16.409296,107.6779818,119,Unhealthy for Sensitive Groups,2,25.4,99,0.0,3.3,283,1009.6,69,71.2,73.1,601.0,26.6,52.0,10.3
2025-04-26 01:00:00,2025,4,26,1,Huế,Phường Phú Bài,16.409296,107.6779818,123,Unhealthy for Sensitive Groups,2,25.4,99,0.0,3.3,257,1008.7,61,85.4,87.1,637.0,25.1,48.0,7.0
2025-04-26 02:00:00,2025,4,26,2,Huế,Phường Phú Bài,16.409296,107.6779818,128,Unhealthy for Sensitive Groups,2,25.6,97,0.0,2.9,240,1008.1,52,82.2,83.1,603.0,22.3,40.0,5.1
2025-04-26 03:00:00,2025,4,26,3,Huế,Phường Phú Bài,16.409296,107.6779818,134,Unhealthy for Sensitive Groups,2,25.5,98,0.0,1.5,249,1007.7,63,76.6,77.3,532.0,18.7,32.0,3.8
2025-04-26 04:00:00,2025,4,26,4,Huế,Phường Phú Bài,16.409296,107.6779818,138,Unhealthy for Sensitive Groups,2,25.0,99,0.0,0.8,333,1007.7,77,71.7,72.4,468.0,15.8,31.0,3.0
2025-04-26 05:00:00,2025,4,26,5,Huế,Phường Phú Bài,16.409296,107.6779818,143,Unhealthy for Sensitive Groups,2,24.7,100,0.0,2.5,315,1008.5,100,68.5,68.9,425.0,14.8,40.0,2.9
2025-04-26 06:00:00,2025,4,26,6,Huế,Phường Phú Bài,16.409296,107.6779818,147,Unhealthy for Sensitive Groups,2,25.2,99,0.0,6.3,336,1009.3,100,68.2,68.7,388.0,14.6,56.0,3.5
2025-04-26 07:00:00,2025,4,26,7,Huế,Phường Phú Bài,16.409296,107.6779818,150,Unhealthy for Sensitive Groups,2,26.5,92,0.1,6.9,346,1010.3,93,57.2,57.5,356.0,13.9,80.0,5.2
2025-04-26 08:00:00,2025,4,26,8,Huế,Phường Phú Bài,16.409296,107.6779818,151,Unhealthy,3,27.1,85,0.1,4.9,62,1011.7,100,46.2,46.8,327.0,10.8,107.0,5.6
2025-04-26 09:00:00,2025,4,26,9,Huế,Phường Phú Bài,16.409296,107.6779818,151,Unhealthy,3,28.9,76,0.1,3.9,103,1012.0,65,39.6,40.4,302.0,6.6,145.0,6.2
2025-04-26 10:00:00,2025,4,26,10,Huế,Phường Phú Bài,16.409296,107.6779818,150,Unhealthy for Sensitive Groups,2,30.8,68,0.0,5.1,72,1011.3,61,39.7,40.5,287.0,3.4,175.0,6.3
2025-04-26 11:00:00,2025,4,26,11,Huế,Phường Phú Bài,16.409296,107.6779818,150,Unhealthy for Sensitive Groups,2,32.0,65,0.0,8.1,51,1010.7,91,38.8,39.7,286.0,2.3,190.0,5.5
2025-04-26 12:00:00,2025,4,26,12,Huế,Phường Phú Bài,16.409296,107.6779818,150,Unhealthy for Sensitive Groups,2,31.6,67,0.2,10.9,56,1010.0,40,39.5,40.5,295.0,2.2,197.0,4.2
2025-04-26 13:00:00,2025,4,26,13,Huế,Phường Phú Bài,16.409296,107.6779818,150,Unhealthy for Sensitive Groups,2,31.4,69,0.0,11.1,60,1008.8,50,39.1,40.4,305.0,2.4,198.0,3.2
2025-04-26 14:00:00,2025,4,26,14,Huế,Phường Phú Bài,16.409296,107.6779818,150,Unhealthy for Sensitive Groups,2,29.9,74,0.1,13.2,66,1008.0,86,37.5,39.2,311.0,2.3,194.0,2.5
2025-04-26 15:00:00,2025,4,26,15,Huế,Phường Phú Bài,16.409296,107.6779818,150,Unhealthy for Sensitive Groups,2,29.4,76,0.0,10.5,84,1007.5,93,37.3,39.1,317.0,2.5,184.0,2.1
2025-04-26 16:00:00,2025,4,26,16,Huế,Phường Phú Bài,16.409296,107.6779818,159,Unhealthy,3,28.9,77,0.0,9.3,71,1007.0,96,39.6,41.4,330.0,3.3,172.0,2.1
2025-04-26 17:00:00,2025,4,26,17,Huế,Phường Phú Bài,16.409296,107.6779818,169,Unhealthy,3,28.1,80,0.0,8.2,76,1007.2,77,39.9,41.7,351.0,5.4,159.0,2.9
2025-04-26 18:00:00,2025,4,26,18,Huế,Phường Phú Bài,16.409296,107.6779818,172,Unhealthy,3,27.4,84,0.0,5.1,82,1007.5,89,39.8,41.2,379.0,8.1,144.0,4.2
2025-04-26 19:00:00,2025,4,26,19,Huế,Phường Phú Bài,16.409296,107.6779818,167,Unhealthy,3,26.6,90,0.0,2.2,175,1008.5,82,42.7,43.9,412.0,9.4,137.0,4.1
2025-04-26 20:00:00,2025,4,26,20,Huế,Phường Phú Bài,16.409296,107.6779818,158,Unhealthy,3,26.3,92,0.0,7.4,97,1009.0,94,44.2,45.1,462.0,9.6,125.0,4.5
2025-04-26 21:00:00,2025,4,26,21,Huế,Phường Phú Bài,16.409296,107.6779818,147,Unhealthy for Sensitive Groups,2,26.1,93,0.0,4.3,105,1009.6,68,43.8,44.5,517.0,9.8,109.0,5.0
2025-04-26 22:00:00,2025,4,26,22,Huế,Phường Phú Bài,16.409296,107.6779818,145,Unhealthy for Sensitive Groups,2,25.8,94,0.0,4.6,135,1010.2,83,42.1,42.7,548.0,9.8,95.0,5.1
2025-04-26 23:00:00,2025,4,26,23,Huế,Phường Phú Bài,16.409296,107.6779818,142,Unhealthy for Sensitive Groups,2,25.5,96,0.0,4.7,130,1010.5,89,39.6,40.2,535.0,9.4,87.0,4.5
2025-04-27 00:00:00,2025,4,27,0,Huế,Phường Phú Bài,16.409296,107.6779818,139,Unhealthy for Sensitive Groups,2,25.1,96,0.0,4.8,112,1009.6,92,38.9,39.6,497.0,8.9,81.0,3.5
2025-04-27 01:00:00,2025,4,27,1,Huế,Phường Phú Bài,16.409296,107.6779818,136,Unhealthy for Sensitive Groups,2,24.6,97,0.0,4.2,140,1009.4,90,39.5,40.2,457.0,8.3,76.0,2.7
2025-04-27 02:00:00,2025,4,27,2,Huế,Phường Phú Bài,16.409296,107.6779818,131,Unhealthy for Sensitive Groups,2,24.5,97,0.0,4.3,163,1009.1,97,40.2,40.5,416.0,7.8,70.0,2.3
2025-04-27 03:00:00,2025,4,27,3,Huế,Phường Phú Bài,16.409296,107.6779818,127,Unhealthy for Sensitive Groups,2,24.2,96,0.0,4.4,148,1008.4,100,41.2,41.6,373.0,7.2,64.0,2.2
2025-04-27 04:00:00,2025,4,27,4,Huế,Phường Phú Bài,16.409296,107.6779818,123,Unhealthy for Sensitive Groups,2,24.0,97,0.0,1.7,221,1008.8,94,42.5,42.8,351.0,6.8,64.0,2.4
2025-04-27 05:00:00,2025,4,27,5,Huế,Phường Phú Bài,16.409296,107.6779818,120,Unhealthy for Sensitive Groups,2,23.9,97,0.0,5.7,279,1009.3,100,43.7,43.9,371.0,6.7,70.0,3.0
2025-04-27 06:00:00,2025,4,27,6,Huế,Phường Phú Bài,16.409296,107.6779818,118,Unhealthy for Sensitive Groups,2,24.0,97,0.0,7.4,284,1010.1,100,45.1,45.3,412.0,6.6,81.0,3.9
2025-04-27 07:00:00,2025,4,27,7,Huế,Phường Phú Bài,16.409296,107.6779818,115,Unhealthy for Sensitive Groups,2,26.0,89,0.0,3.4,267,1010.7,100,42.1,42.6,434.0,7.1,95.0,4.2
2025-04-27 08:00:00,2025,4,27,8,Huế,Phường Phú Bài,16.409296,107.6779818,114,Unhealthy for Sensitive Groups,2,28.2,78,0.0,3.1,180,1011.3,100,40.7,41.1,417.0,6.2,119.0,4.7
2025-04-27 09:00:00,2025,4,27,9,Huế,Phường Phú Bài,16.409296,107.6779818,113,Unhealthy for Sensitive Groups,2,30.0,71,0.0,1.9,158,1011.5,100,39.2,39.6,382.0,5.0,151.0,5.4
2025-04-27 10:00:00,2025,4,27,10,Huế,Phường Phú Bài,16.409296,107.6779818,113,Unhealthy for Sensitive Groups,2,31.5,65,0.0,2.4,77,1010.8,100,36.0,36.4,352.0,4.0,178.0,5.8
2025-04-27 11:00:00,2025,4,27,11,Huế,Phường Phú Bài,16.409296,107.6779818,113,Unhealthy for Sensitive Groups,2,32.3,64,0.0,6.9,45,1010.2,100,34.3,34.8,341.0,3.6,193.0,5.7
2025-04-27 12:00:00,2025,4,27,12,Huế,Phường Phú Bài,16.409296,107.6779818,112,Unhealthy for Sensitive Groups,2,32.6,65,0.0,10.4,42,1009.2,92,33.5,34.1,335.0,3.4,201.0,5.3
2025-04-27 13:00:00,2025,4,27,13,Huế,Phường Phú Bài,16.409296,107.6779818,112,Unhealthy for Sensitive Groups,2,32.2,65,0.0,12.3,52,1008.1,100,32.1,32.9,320.0,3.5,204.0,5.1
2025-04-27 14:00:00,2025,4,27,14,Huế,Phường Phú Bài,16.409296,107.6779818,126,Unhealthy for Sensitive Groups,2,31.8,64,0.0,11.2,55,1007.0,98,31.4,32.8,280.0,3.5,203.0,5.1
2025-04-27 15:00:00,2025,4,27,15,Huế,Phường Phú Bài,16.409296,107.6779818,152,Unhealthy,3,31.6,66,0.0,11.1,63,1006.6,90,32.8,34.1,231.0,3.8,196.0,5.3
2025-04-27 16:00:00,2025,4,27,16,Huế,Phường Phú Bài,16.409296,107.6779818,168,Unhealthy,3,30.8,68,0.0,10.3,71,1006.3,85,32.5,33.9,199.0,4.7,182.0,5.6
2025-04-27 17:00:00,2025,4,27,17,Huế,Phường Phú Bài,16.409296,107.6779818,178,Unhealthy,3,29.7,73,0.0,9.4,67,1006.0,21,28.4,29.7,188.0,6.9,156.0,6.1
2025-04-27 18:00:00,2025,4,27,18,Huế,Phường Phú Bài,16.409296,107.6779818,179,Unhealthy,3,28.2,79,0.0,8.0,63,1006.6,35,29.6,30.7,194.0,9.9,122.0,6.8
2025-04-27 19:00:00,2025,4,27,19,Huế,Phường Phú Bài,16.409296,107.6779818,170,Unhealthy,3,27.4,84,0.0,3.6,72,1007.5,69,28.4,29.7,241.0,13.1,99.0,7.5
2025-04-27 20:00:00,2025,4,27,20,Huế,Phường Phú Bài,16.409296,107.6779818,155,Unhealthy,3,27.2,84,0.0,0.8,207,1008.3,95,28.6,30.0,366.0,13.6,87.0,7.8
2025-04-27 21:00:00,2025,4,27,21,Huế,Phường Phú Bài,16.409296,107.6779818,132,Unhealthy for Sensitive Groups,2,26.9,86,0.0,0.8,117,1008.7,100,29.3,30.9,530.0,14.2,69.0,8.1
2025-04-27 22:00:00,2025,4,27,22,Huế,Phường Phú Bài,16.409296,107.6779818,103,Unhealthy for Sensitive Groups,2,26.3,88,0.0,2.0,117,1009.1,86,31.4,32.5,644.0,14.5,55.0,8.0
2025-04-27 23:00:00,2025,4,27,23,Huế,Phường Phú Bài,16.409296,107.6779818,101,Unhealthy for Sensitive Groups,2,25.8,91,0.0,2.3,180,1008.9,62,32.6,33.5,659.0,14.1,47.0,7.2
2025-04-28 00:00:00,2025,4,28,0,Huế,Phường Phú Bài,16.409296,107.6779818,100,Moderate,1,25.1,95,0.0,1.9,202,1008.4,73,32.5,33.3,622.0,13.3,42.0,6.0
2025-04-28 01:00:00,2025,4,28,1,Huế,Phường Phú Bài,16.409296,107.6779818,100,Moderate,1,24.8,96,0.0,2.4,193,1007.8,98,32.4,33.1,587.0,12.5,38.0,5.0
2025-04-28 02:00:00,2025,4,28,2,Huế,Phường Phú Bài,16.409296,107.6779818,99,Moderate,1,24.4,97,0.0,2.3,198,1007.4,100,32.6,33.3,571.0,11.7,34.0,4.4
2025-04-28 03:00:00,2025,4,28,3,Huế,Phường Phú Bài,16.409296,107.6779818,98,Moderate,1,24.1,98,0.0,2.2,228,1007.1,100,33.1,33.8,556.0,10.8,32.0,4.0
2025-04-28 04:00:00,2025,4,28,4,Huế,Phường Phú Bài,16.409296,107.6779818,98,Moderate,1,24.0,98,0.0,2.9,223,1007.3,100,34.0,34.7,539.0,10.0,35.0,3.9
2025-04-28 05:00:00,2025,4,28,5,Huế,Phường Phú Bài,16.409296,107.6779818,97,Moderate,1,23.8,98,0.0,2.8,225,1007.7,100,34.6,35.2,524.0,9.3,43.0,4.3
2025-04-28 06:00:00,2025,4,28,6,Huế,Phường Phú Bài,16.409296,107.6779818,96,Moderate,1,24.1,96,0.0,4.1,247,1008.2,96,35.2,35.6,508.0,8.6,57.0,4.9
2025-04-28 07:00:00,2025,4,28,7,Huế,Phường Phú Bài,16.409296,107.6779818,95,Moderate,1,26.2,85,0.0,1.6,207,1008.5,92,42.7,43.4,477.0,8.5,75.0,5.6
2025-04-28 08:00:00,2025,4,28,8,Huế,Phường Phú Bài,16.409296,107.6779818,95,Moderate,1,28.1,78,0.0,1.7,131,1010.0,100,40.5,41.1,418.0,7.0,105.0,5.8
2025-04-28 09:00:00,2025,4,28,9,Huế,Phường Phú Bài,16.409296,107.6779818,95,Moderate,1,30.2,71,0.0,2.1,70,1010.0,99,36.8,37.6,345.0,4.9,147.0,6.1
2025-04-28 10:00:00,2025,4,28,10,Huế,Phường Phú Bài,16.409296,107.6779818,95,Moderate,1,31.9,66,0.0,5.5,36,1009.9,100,34.0,34.9,289.0,3.3,179.0,6.2
2025-04-28 11:00:00,2025,4,28,11,Huế,Phường Phú Bài,16.409296,107.6779818,95,Moderate,1,32.5,65,0.0,10.7,30,1009.8,94,31.8,32.7,269.0,2.7,194.0,5.8
2025-04-28 12:00:00,2025,4,28,12,Huế,Phường Phú Bài,16.409296,107.6779818,95,Moderate,1,32.5,63,0.0,11.0,30,1008.9,89,29.5,31.0,266.0,2.6,201.0,5.1
2025-04-28 13:00:00,2025,4,28,13,Huế,Phường Phú Bài,16.409296,107.6779818,94,Moderate,1,32.3,61,0.0,10.1,41,1007.5,93,28.0,29.7,258.0,2.6,201.0,4.5
2025-04-28 14:00:00,2025,4,28,14,Huế,Phường Phú Bài,16.409296,107.6779818,113,Unhealthy for Sensitive Groups,2,32.6,59,0.0,11.0,56,1006.3,62,26.3,28.1,232.0,2.4,196.0,4.2
2025-04-28 15:00:00,2025,4,28,15,Huế,Phường Phú Bài,16.409296,107.6779818,143,Unhealthy for Sensitive Groups,2,31.6,62,0.0,12.1,58,1006.1,45,24.0,26.1,201.0,2.4,186.0,3.9
2025-04-28 16:00:00,2025,4,28,16,Huế,Phường Phú Bài,16.409296,107.6779818,162,Unhealthy,3,30.1,68,0.0,14.3,63,1006.3,17,21.6,23.9,179.0,3.3,169.0,4.0
2025-04-28 17:00:00,2025,4,28,17,Huế,Phường Phú Bài,16.409296,107.6779818,172,Unhealthy,3,28.0,80,0.0,14.4,68,1006.8,44,19.6,22.1,169.0,5.8,142.0,4.4
2025-04-28 18:00:00,2025,4,28,18,Huế,Phường Phú Bài,16.409296,107.6779818,172,Unhealthy,3,26.7,88,0.0,12.5,63,1007.7,85,19.3,21.8,168.0,9.1,109.0,5.1
2025-04-28 19:00:00,2025,4,28,19,Huế,Phường Phú Bài,16.409296,107.6779818,160,Unhealthy,3,26.3,90,0.0,12.2,68,1008.4,85,22.8,25.8,180.0,10.7,77.0,5.2
2025-04-28 20:00:00,2025,4,28,20,Huế,Phường Phú Bài,16.409296,107.6779818,139,Unhealthy for Sensitive Groups,2,25.9,92,0.0,10.8,75,1008.9,100,26.4,29.8,212.0,12.6,69.0,6.4
2025-04-28 21:00:00,2025,4,28,21,Huế,Phường Phú Bài,16.409296,107.6779818,111,Unhealthy for Sensitive Groups,2,25.7,91,0.0,6.2,78,1009.8,99,29.4,32.9,257.0,15.2,59.0,7.9
2025-04-28 22:00:00,2025,4,28,22,Huế,Phường Phú Bài,16.409296,107.6779818,89,Moderate,1,25.2,94,0.0,3.2,128,1010.7,100,31.2,34.6,304.0,16.4,52.0,8.6
2025-04-28 23:00:00,2025,4,28,23,Huế,Phường Phú Bài,16.409296,107.6779818,89,Moderate,1,24.9,96,0.0,3.7,191,1010.6,100,32.6,36.0,359.0,15.1,52.0,7.6
2025-04-29 00:00:00,2025,4,29,0,Huế,Phường Phú Bài,16.409296,107.6779818,89,Moderate,1,24.5,99,0.0,4.9,216,1010.1,100,34.3,36.9,414.0,12.5,55.0,5.7
2025-04-29 01:00:00,2025,4,29,1,Huế,Phường Phú Bài,16.409296,107.6779818,89,Moderate,1,24.4,99,0.0,3.3,225,1009.7,100,34.3,36.8,438.0,10.3,58.0,4.3
2025-04-29 02:00:00,2025,4,29,2,Huế,Phường Phú Bài,16.409296,107.6779818,90,Moderate,1,23.9,100,0.0,1.3,214,1009.4,100,31.1,33.4,401.0,9.1,58.0,3.9
2025-04-29 03:00:00,2025,4,29,3,Huế,Phường Phú Bài,16.409296,107.6779818,89,Moderate,1,23.8,100,0.0,2.6,192,1009.0,100,29.6,31.9,331.0,8.3,57.0,3.9
2025-04-29 04:00:00,2025,4,29,4,Huế,Phường Phú Bài,16.409296,107.6779818,89,Moderate,1,23.4,100,0.0,3.0,197,1008.9,100,29.8,31.9,282.0,7.8,58.0,4.2
2025-04-29 05:00:00,2025,4,29,5,Huế,Phường Phú Bài,16.409296,107.6779818,89,Moderate,1,23.1,100,0.0,3.1,208,1009.2,99,30.3,32.4,282.0,7.7,60.0,4.8
2025-04-29 06:00:00,2025,4,29,6,Huế,Phường Phú Bài,16.409296,107.6779818,88,Moderate,1,23.1,99,0.0,5.6,207,1009.6,42,31.2,33.1,302.0,7.9,63.0,5.6
2025-04-29 07:00:00,2025,4,29,7,Huế,Phường Phú Bài,16.409296,107.6779818,88,Moderate,1,25.2,84,0.0,4.7,184,1010.3,41,27.5,29.5,307.0,7.8,64.0,5.7
2025-04-29 08:00:00,2025,4,29,8,Huế,Phường Phú Bài,16.409296,107.6779818,87,Moderate,1,27.5,77,0.0,3.1,149,1011.3,100,24.7,26.5,276.0,6.3,83.0,5.4
2025-04-29 09:00:00,2025,4,29,9,Huế,Phường Phú Bài,16.409296,107.6779818,85,Moderate,1,29.0,67,0.0,3.3,112,1011.5,100,21.6,23.2,231.0,4.3,108.0,4.9
2025-04-29 10:00:00,2025,4,29,10,Huế,Phường Phú Bài,16.409296,107.6779818,84,Moderate,1,30.5,59,0.0,4.4,78,1011.3,75,19.4,20.9,196.0,2.7,129.0,4.4
2025-04-29 11:00:00,2025,4,29,11,Huế,Phường Phú Bài,16.409296,107.6779818,83,Moderate,1,31.2,59,0.0,8.1,65,1011.1,95,18.4,20.0,185.0,2.0,140.0,3.9
2025-04-29 12:00:00,2025,4,29,12,Huế,Phường Phú Bài,16.409296,107.6779818,81,Moderate,1,31.4,58,0.0,12.8,51,1010.7,98,18.2,20.2,185.0,1.8,146.0,3.5
2025-04-29 13:00:00,2025,4,29,13,Huế,Phường Phú Bài,16.409296,107.6779818,80,Moderate,1,30.6,61,0.0,15.5,58,1009.9,74,18.2,20.3,185.0,1.8,148.0,3.1
2025-04-29 14:00:00,2025,4,29,14,Huế,Phường Phú Bài,16.409296,107.6779818,80,Moderate,1,30.2,65,0.0,15.1,65,1008.8,50,17.4,19.5,181.0,1.6,145.0,2.9
2025-04-29 15:00:00,2025,4,29,15,Huế,Phường Phú Bài,16.409296,107.6779818,79,Moderate,1,29.4,69,0.0,16.0,69,1008.2,12,16.6,18.7,178.0,1.5,138.0,2.7
2025-04-29 16:00:00,2025,4,29,16,Huế,Phường Phú Bài,16.409296,107.6779818,87,Moderate,1,28.5,72,0.0,13.3,71,1007.6,12,15.8,18.0,178.0,2.4,128.0,2.9
2025-04-29 17:00:00,2025,4,29,17,Huế,Phường Phú Bài,16.409296,107.6779818,97,Moderate,1,27.7,76,0.0,13.0,68,1007.7,16,15.5,17.9,180.0,4.7,112.0,3.4
2025-04-29 18:00:00,2025,4,29,18,Huế,Phường Phú Bài,16.409296,107.6779818,98,Moderate,1,26.6,83,0.0,12.2,66,1008.5,16,16.4,19.1,184.0,7.9,92.0,4.3
2025-04-29 19:00:00,2025,4,29,19,Huế,Phường Phú Bài,16.409296,107.6779818,90,Moderate,1,26.1,86,0.0,9.9,65,1009.4,24,19.5,22.5,195.0,11.6,70.0,5.4
2025-04-29 20:00:00,2025,4,29,20,Huế,Phường Phú Bài,16.409296,107.6779818,77,Moderate,1,26.0,89,0.0,6.7,54,1010.6,26,22.1,25.3,218.0,12.4,64.0,5.9
2025-04-29 21:00:00,2025,4,29,21,Huế,Phường Phú Bài,16.409296,107.6779818,76,Moderate,1,25.8,91,0.1,6.6,79,1011.4,83,23.2,26.4,248.0,13.5,57.0,6.5
2025-04-29 22:00:00,2025,4,29,22,Huế,Phường Phú Bài,16.409296,107.6779818,76,Moderate,1,25.4,93,0.1,6.9,99,1011.6,17,23.6,26.8,270.0,13.9,52.0,6.9
2025-04-29 23:00:00,2025,4,29,23,Huế,Phường Phú Bài,16.409296,107.6779818,75,Moderate,1,24.8,95,0.0,4.2,121,1011.2,10,22.9,26.0,275.0,12.9,53.0,6.8
2025-04-30 00:00:00,2025,4,30,0,Huế,Phường Phú Bài,16.409296,107.6779818,74,Moderate,1,24.4,96,0.0,1.0,202,1010.9,36,22.1,25.1,271.0,11.3,56.0,6.4
2025-04-30 01:00:00,2025,4,30,1,Huế,Phường Phú Bài,16.409296,107.6779818,73,Moderate,1,24.0,98,0.0,0.9,217,1010.2,72,22.0,25.0,272.0,9.7,60.0,6.0
2025-04-30 02:00:00,2025,4,30,2,Huế,Phường Phú Bài,16.409296,107.6779818,72,Moderate,1,23.5,100,0.0,1.9,202,1009.6,100,21.8,24.3,281.0,8.4,63.0,5.7
2025-04-30 03:00:00,2025,4,30,3,Huế,Phường Phú Bài,16.409296,107.6779818,71,Moderate,1,23.4,100,0.0,3.6,183,1009.1,100,22.3,24.0,294.0,7.2,67.0,5.4
2025-04-30 04:00:00,2025,4,30,4,Huế,Phường Phú Bài,16.409296,107.6779818,71,Moderate,1,23.1,100,0.0,3.2,199,1009.1,100,21.8,23.3,309.0,6.4,71.0,5.2
2025-04-30 05:00:00,2025,4,30,5,Huế,Phường Phú Bài,16.409296,107.6779818,70,Moderate,1,22.8,100,0.0,4.3,225,1009.6,100,21.4,22.6,333.0,6.3,73.0,5.4
2025-04-30 06:00:00,2025,4,30,6,Huế,Phường Phú Bài,16.409296,107.6779818,69,Moderate,1,22.6,99,0.0,5.1,231,1009.9,100,22.9,23.9,360.0,6.5,75.0,5.7
2025-04-30 07:00:00,2025,4,30,7,Huế,Phường Phú Bài,16.409296,107.6779818,68,Moderate,1,24.5,91,0.0,4.2,211,1010.4,21,23.4,24.6,360.0,6.3,75.0,5.0
2025-04-30 08:00:00,2025,4,30,8,Huế,Phường Phú Bài,16.409296,107.6779818,68,Moderate,1,27.4,74,0.0,4.6,159,1011.2,98,20.8,22.2,309.0,5.3,91.0,4.8
2025-04-30 09:00:00,2025,4,30,9,Huế,Phường Phú Bài,16.409296,107.6779818,68,Moderate,1,29.4,64,0.0,4.0,98,1011.3,23,17.9,19.7,233.0,3.8,114.0,4.4
2025-04-30 10:00:00,2025,4,30,10,Huế,Phường Phú Bài,16.409296,107.6779818,67,Moderate,1,30.6,60,0.0,7.5,69,1011.2,42,16.2,18.6,181.0,2.7,133.0,4.1
2025-04-30 11:00:00,2025,4,30,11,Huế,Phường Phú Bài,16.409296,107.6779818,67,Moderate,1,31.1,61,0.0,11.3,70,1010.9,69,15.9,18.6,182.0,2.2,144.0,3.7
2025-04-30 12:00:00,2025,4,30,12,Huế,Phường Phú Bài,16.409296,107.6779818,67,Moderate,1,31.3,59,0.0,13.4,73,1009.8,43,16.5,19.4,209.0,1.9,150.0,3.3
2025-04-30 13:00:00,2025,4,30,13,Huế,Phường Phú Bài,16.409296,107.6779818,67,Moderate,1,31.4,59,0.0,14.0,74,1008.8,89,16.5,19.0,224.0,1.9,153.0,3.0
2025-04-30 14:00:00,2025,4,30,14,Huế,Phường Phú Bài,16.409296,107.6779818,67,Moderate,1,31.0,60,0.0,16.5,76,1007.7,63,16.1,18.5,211.0,1.8,154.0,2.8
2025-04-30 15:00:00,2025,4,30,15,Huế,Phường Phú Bài,16.409296,107.6779818,82,Moderate,1,30.0,64,0.0,19.3,75,1006.7,24,15.7,17.8,187.0,1.8,151.0,2.8
2025-04-30 16:00:00,2025,4,30,16,Huế,Phường Phú Bài,16.409296,107.6779818,98,Moderate,1,28.9,71,0.0,19.1,74,1006.2,32,15.4,17.6,171.0,2.7,143.0,3.0
2025-04-30 17:00:00,2025,4,30,17,Huế,Phường Phú Bài,16.409296,107.6779818,109,Unhealthy for Sensitive Groups,2,27.8,77,0.0,17.9,71,1006.0,20,15.4,17.6,168.0,5.0,127.0,3.6
2025-04-30 18:00:00,2025,4,30,18,Huế,Phường Phú Bài,16.409296,107.6779818,112,Unhealthy for Sensitive Groups,2,26.5,86,0.0,14.5,69,1007.0,2,16.6,18.6,172.0,8.0,105.0,4.5
2025-04-30 19:00:00,2025,4,30,19,Huế,Phường Phú Bài,16.409296,107.6779818,106,Unhealthy for Sensitive Groups,2,26.2,87,0.0,15.3,86,1008.1,0,24.7,26.7,189.0,10.3,98.0,5.5
2025-04-30 20:00:00,2025,4,30,20,Huế,Phường Phú Bài,16.409296,107.6779818,96,Moderate,1,26.7,86,0.0,12.5,101,1009.0,2,26.1,28.5,223.0,11.4,86.0,5.8
2025-04-30 21:00:00,2025,4,30,21,Huế,Phường Phú Bài,16.409296,107.6779818,83,Moderate,1,26.4,87,0.0,6.0,127,1010.0,1,27.2,29.7,269.0,12.8,69.0,6.2
2025-04-30 22:00:00,2025,4,30,22,Huế,Phường Phú Bài,16.409296,107.6779818,67,Moderate,1,25.6,92,0.0,3.5,168,1010.6,2,28.0,30.4,314.0,13.5,56.0,6.3
2025-04-30 23:00:00,2025,4,30,23,Huế,Phường Phú Bài,16.409296,107.6779818,68,Moderate,1,25.2,94,0.0,2.2,215,1010.5,3,27.5,29.9,365.0,12.8,51.0,6.0
2025-05-01 00:00:00,2025,5,1,0,Huế,Phường Phú Bài,16.409296,107.6779818,68,Moderate,1,24.6,97,0.0,2.3,225,1010.1,3,25.4,27.8,415.0,11.3,50.0,5.5
2025-05-01 01:00:00,2025,5,1,1,Huế,Phường Phú Bài,16.409296,107.6779818,69,Moderate,1,24.4,99,0.0,2.7,228,1009.8,23,21.8,24.2,435.0,10.1,49.0,5.0
2025-05-01 02:00:00,2025,5,1,2,Huế,Phường Phú Bài,16.409296,107.6779818,69,Moderate,1,24.1,99,0.0,2.8,230,1009.6,47,19.6,22.2,398.0,9.6,47.0,4.7
2025-05-01 03:00:00,2025,5,1,3,Huế,Phường Phú Bài,16.409296,107.6779818,68,Moderate,1,23.8,99,0.0,2.7,222,1009.4,80,19.2,21.8,332.0,9.3,45.0,4.4
2025-05-01 04:00:00,2025,5,1,4,Huế,Phường Phú Bài,16.409296,107.6779818,68,Moderate,1,23.5,99,0.0,1.5,234,1009.7,51,19.7,22.5,288.0,8.9,46.0,4.3
2025-05-01 05:00:00,2025,5,1,5,Huế,Phường Phú Bài,16.409296,107.6779818,68,Moderate,1,23.2,99,0.0,1.1,252,1010.1,15,19.8,23.1,299.0,8.4,51.0,4.7
2025-05-01 06:00:00,2025,5,1,6,Huế,Phường Phú Bài,16.409296,107.6779818,68,Moderate,1,23.6,98,0.0,2.6,245,1010.5,2,20.5,23.6,333.0,7.8,59.0,5.2
2025-05-01 07:00:00,2025,5,1,7,Huế,Phường Phú Bài,16.409296,107.6779818,68,Moderate,1,26.4,85,0.0,2.2,215,1011.1,1,15.3,17.6,347.0,6.6,69.0,4.4
2025-05-01 08:00:00,2025,5,1,8,Huế,Phường Phú Bài,16.409296,107.6779818,67,Moderate,1,28.6,75,0.0,3.1,103,1012.1,0,13.1,15.5,316.0,5.4,82.0,3.9
2025-05-01 09:00:00,2025,5,1,9,Huế,Phường Phú Bài,16.409296,107.6779818,66,Moderate,1,30.2,67,0.0,5.6,73,1012.3,10,12.0,14.4,265.0,3.7,101.0,3.2
2025-05-01 10:00:00,2025,5,1,10,Huế,Phường Phú Bài,16.409296,107.6779818,66,Moderate,1,31.1,63,0.0,9.6,69,1012.3,18,11.9,14.3,227.0,2.4,117.0,2.7
2025-05-01 11:00:00,2025,5,1,11,Huế,Phường Phú Bài,16.409296,107.6779818,65,Moderate,1,31.4,64,0.0,13.6,67,1011.8,13,12.0,14.5,215.0,1.9,129.0,2.5
2025-05-01 12:00:00,2025,5,1,12,Huế,Phường Phú Bài,16.409296,107.6779818,65,Moderate,1,31.3,63,0.0,16.7,66,1011.1,6,12.4,14.8,216.0,1.7,138.0,2.5
2025-05-01 13:00:00,2025,5,1,13,Huế,Phường Phú Bài,16.409296,107.6779818,65,Moderate,1,31.2,62,0.0,17.0,68,1010.0,1,13.1,15.8,217.0,1.7,142.0,2.5
2025-05-01 14:00:00,2025,5,1,14,Huế,Phường Phú Bài,16.409296,107.6779818,64,Moderate,1,30.7,65,0.0,16.8,62,1009.0,2,14.0,17.2,213.0,1.3,139.0,2.3
2025-05-01 15:00:00,2025,5,1,15,Huế,Phường Phú Bài,16.409296,107.6779818,64,Moderate,1,30.1,67,0.0,16.4,61,1008.7,1,14.4,17.9,210.0,1.2,130.0,2.0
2025-05-01 16:00:00,2025,5,1,16,Huế,Phường Phú Bài,16.409296,107.6779818,75,Moderate,1,29.2,72,0.0,14.4,64,1008.4,0,14.1,17.7,217.0,2.4,118.0,2.3
2025-05-01 17:00:00,2025,5,1,17,Huế,Phường Phú Bài,16.409296,107.6779818,82,Moderate,1,28.3,75,0.0,12.1,72,1009.0,0,14.5,18.0,243.0,6.4,102.0,3.4
2025-05-01 18:00:00,2025,5,1,18,Huế,Phường Phú Bài,16.409296,107.6779818,82,Moderate,1,27.2,82,0.0,9.7,74,1009.7,4,16.4,20.1,279.0,11.8,83.0,5.0
2025-05-01 19:00:00,2025,5,1,19,Huế,Phường Phú Bài,16.409296,107.6779818,75,Moderate,1,26.5,87,0.0,5.2,78,1010.5,3,20.1,24.2,313.0,11.4,73.0,4.6
2025-05-01 20:00:00,2025,5,1,20,Huế,Phường Phú Bài,16.409296,107.6779818,63,Moderate,1,26.2,89,0.6,3.6,90,1011.7,31,20.1,24.2,336.0,10.9,71.0,4.9
2025-05-01 21:00:00,2025,5,1,21,Huế,Phường Phú Bài,16.409296,107.6779818,63,Moderate,1,26.0,92,0.2,3.4,93,1012.2,17,18.7,23.2,357.0,10.1,68.0,5.3
2025-05-01 22:00:00,2025,5,1,22,Huế,Phường Phú Bài,16.409296,107.6779818,62,Moderate,1,25.6,94,0.2,1.7,148,1012.1,23,20.4,25.0,387.0,9.4,66.0,5.7
2025-05-01 23:00:00,2025,5,1,23,Huế,Phường Phú Bài,16.409296,107.6779818,61,Moderate,1,25.0,96,0.1,1.3,214,1012.0,24,21.9,26.6,446.0,9.0,65.0,6.1
2025-05-02 00:00:00,2025,5,2,0,Huế,Phường Phú Bài,16.409296,107.6779818,61,Moderate,1,24.3,98,0.0,2.4,216,1011.2,20,21.7,26.3,514.0,8.7,66.0,6.5
2025-05-02 01:00:00,2025,5,2,1,Huế,Phường Phú Bài,16.409296,107.6779818,61,Moderate,1,24.0,98,0.0,2.8,220,1010.4,17,20.8,25.6,545.0,8.2,67.0,6.7
2025-05-02 02:00:00,2025,5,2,2,Huế,Phường Phú Bài,16.409296,107.6779818,60,Moderate,1,23.6,98,0.0,3.2,232,1009.7,13,20.4,25.1,501.0,7.4,69.0,6.4
2025-05-02 03:00:00,2025,5,2,3,Huế,Phường Phú Bài,16.409296,107.6779818,61,Moderate,1,23.3,99,0.0,3.3,234,1009.1,16,19.1,23.5,419.0,6.5,72.0,5.9
2025-05-02 04:00:00,2025,5,2,4,Huế,Phường Phú Bài,16.409296,107.6779818,60,Moderate,1,23.0,99,0.0,4.2,220,1009.0,37,19.1,22.9,368.0,5.8,75.0,5.4
2025-05-02 05:00:00,2025,5,2,5,Huế,Phường Phú Bài,16.409296,107.6779818,60,Moderate,1,22.5,100,0.0,4.2,220,1009.2,98,20.5,23.8,391.0,5.6,76.0,5.3
2025-05-02 06:00:00,2025,5,2,6,Huế,Phường Phú Bài,16.409296,107.6779818,61,Moderate,1,22.7,99,0.0,4.1,229,1009.7,100,19.4,22.4,445.0,5.7,76.0,5.2
2025-05-02 07:00:00,2025,5,2,7,Huế,Phường Phú Bài,16.409296,107.6779818,60,Moderate,1,24.6,92,0.0,3.3,216,1010.3,81,21.1,25.9,465.0,6.0,78.0,6.7
2025-05-02 08:00:00,2025,5,2,8,Huế,Phường Phú Bài,16.409296,107.6779818,61,Moderate,1,28.2,75,0.0,5.4,111,1011.2,49,17.3,22.1,410.0,4.8,88.0,5.6
2025-05-02 09:00:00,2025,5,2,9,Huế,Phường Phú Bài,16.409296,107.6779818,61,Moderate,1,29.8,67,0.0,6.1,109,1011.3,92,16.5,21.2,321.0,3.2,102.0,4.0
2025-05-02 10:00:00,2025,5,2,10,Huế,Phường Phú Bài,16.409296,107.6779818,62,Moderate,1,31.0,61,0.1,6.3,93,1011.2,92,15.1,19.4,254.0,2.0,114.0,2.8
2025-05-02 11:00:00,2025,5,2,11,Huế,Phường Phú Bài,16.409296,107.6779818,62,Moderate,1,31.6,58,0.2,9.2,79,1010.4,89,14.6,18.5,235.0,1.5,121.0,2.3
2025-05-02 12:00:00,2025,5,2,12,Huế,Phường Phú Bài,16.409296,107.6779818,62,Moderate,1,31.3,61,0.3,12.3,75,1009.4,93,14.2,18.0,237.0,1.4,126.0,2.2
2025-05-02 13:00:00,2025,5,2,13,Huế,Phường Phú Bài,16.409296,107.6779818,62,Moderate,1,31.5,60,0.1,13.3,71,1008.5,15,14.1,17.7,241.0,1.5,127.0,2.2
2025-05-02 14:00:00,2025,5,2,14,Huế,Phường Phú Bài,16.409296,107.6779818,62,Moderate,1,31.4,61,0.0,14.7,63,1007.5,7,14.0,17.4,238.0,1.4,124.0,2.1
2025-05-02 15:00:00,2025,5,2,15,Huế,Phường Phú Bài,16.409296,107.6779818,62,Moderate,1,30.4,66,0.0,14.9,58,1006.8,0,13.9,17.4,237.0,1.4,119.0,2.1
2025-05-02 16:00:00,2025,5,2,16,Huế,Phường Phú Bài,16.409296,107.6779818,62,Moderate,1,29.4,72,0.0,12.6,61,1006.7,1,13.6,17.1,240.0,2.3,110.0,2.4
2025-05-02 17:00:00,2025,5,2,17,Huế,Phường Phú Bài,16.409296,107.6779818,67,Moderate,1,28.4,76,0.0,13.1,71,1006.7,13,13.2,16.8,243.0,4.7,97.0,3.1
2025-05-02 18:00:00,2025,5,2,18,Huế,Phường Phú Bài,16.409296,107.6779818,66,Moderate,1,27.1,83,0.0,12.8,75,1007.1,73,14.3,17.5,251.0,7.9,81.0,4.1
2025-05-02 19:00:00,2025,5,2,19,Huế,Phường Phú Bài,16.409296,107.6779818,62,Moderate,1,26.5,87,0.0,10.9,74,1007.7,20,18.3,22.5,274.0,10.1,67.0,4.8
2025-05-02 20:00:00,2025,5,2,20,Huế,Phường Phú Bài,16.409296,107.6779818,62,Moderate,1,27.0,85,0.0,10.7,99,1008.7,48,20.6,24.4,329.0,10.9,63.0,5.3
2025-05-02 21:00:00,2025,5,2,21,Huế,Phường Phú Bài,16.409296,107.6779818,62,Moderate,1,26.6,86,0.0,6.2,112,1009.0,32,21.4,25.0,401.0,12.0,57.0,6.0
2025-05-02 22:00:00,2025,5,2,22,Huế,Phường Phú Bài,16.409296,107.6779818,62,Moderate,1,25.9,90,0.0,3.5,141,1009.3,26,21.8,25.0,451.0,12.5,53.0,6.4
2025-05-02 23:00:00,2025,5,2,23,Huế,Phường Phú Bài,16.409296,107.6779818,62,Moderate,1,25.3,94,0.0,2.7,176,1009.3,26,21.8,24.7,463.0,11.8,53.0,6.1
2025-05-03 00:00:00,2025,5,3,0,Huế,Phường Phú Bài,16.409296,107.6779818,62,Moderate,1,24.8,96,0.0,3.9,167,1008.6,84,21.6,24.4,455.0,10.4,55.0,5.4
2025-05-03 01:00:00,2025,5,3,1,Huế,Phường Phú Bài,16.409296,107.6779818,62,Moderate,1,24.5,96,0.0,4.6,162,1007.8,99,21.3,23.9,437.0,9.3,55.0,4.8
2025-05-03 02:00:00,2025,5,3,2,Huế,Phường Phú Bài,16.409296,107.6779818,62,Moderate,1,24.0,96,0.0,3.8,155,1007.2,100,21.2,23.6,407.0,8.8,51.0,4.3
2025-05-03 03:00:00,2025,5,3,3,Huế,Phường Phú Bài,16.409296,107.6779818,62,Moderate,1,23.6,97,0.0,3.2,199,1006.7,100,21.5,23.6,369.0,8.6,44.0,4.0
2025-05-03 04:00:00,2025,5,3,4,Huế,Phường Phú Bài,16.409296,107.6779818,63,Moderate,1,23.4,98,0.0,5.9,215,1006.4,100,23.4,24.9,344.0,8.4,42.0,3.8
2025-05-03 05:00:00,2025,5,3,5,Huế,Phường Phú Bài,16.409296,107.6779818,63,Moderate,1,23.1,98,0.0,6.0,221,1006.7,100,24.7,26.0,348.0,8.4,43.0,4.0
2025-05-03 06:00:00,2025,5,3,6,Huế,Phường Phú Bài,16.409296,107.6779818,63,Moderate,1,23.6,94,0.0,6.5,226,1007.2,95,26.0,27.0,366.0,8.4,48.0,4.3
2025-05-03 07:00:00,2025,5,3,7,Huế,Phường Phú Bài,16.409296,107.6779818,64,Moderate,1,26.1,81,0.0,4.7,227,1008.2,100,26.4,27.5,373.0,8.4,64.0,5.1
2025-05-03 08:00:00,2025,5,3,8,Huế,Phường Phú Bài,16.409296,107.6779818,64,Moderate,1,28.6,75,0.0,2.2,246,1009.4,100,24.2,26.0,355.0,6.9,94.0,5.6
2025-05-03 09:00:00,2025,5,3,9,Huế,Phường Phú Bài,16.409296,107.6779818,65,Moderate,1,30.5,68,0.0,0.4,63,1009.4,100,22.4,24.7,325.0,4.9,136.0,6.2
2025-05-03 10:00:00,2025,5,3,10,Huế,Phường Phú Bài,16.409296,107.6779818,66,Moderate,1,32.2,61,0.0,4.9,51,1008.9,100,22.2,24.7,301.0,3.3,169.0,6.5
2025-05-03 11:00:00,2025,5,3,11,Huế,Phường Phú Bài,16.409296,107.6779818,66,Moderate,1,32.9,60,0.0,8.9,52,1008.3,100,23.7,26.6,291.0,2.7,187.0,6.2
2025-05-03 12:00:00,2025,5,3,12,Huế,Phường Phú Bài,16.409296,107.6779818,67,Moderate,1,33.0,60,0.1,12.2,59,1007.8,100,23.2,26.1,287.0,2.5,197.0,5.7
2025-05-03 13:00:00,2025,5,3,13,Huế,Phường Phú Bài,16.409296,107.6779818,68,Moderate,1,32.3,60,0.0,14.5,65,1006.6,100,22.9,25.7,282.0,2.6,201.0,5.2
2025-05-03 14:00:00,2025,5,3,14,Huế,Phường Phú Bài,16.409296,107.6779818,100,Moderate,1,32.5,57,0.0,14.2,75,1005.3,100,22.2,24.9,269.0,2.6,201.0,5.0
2025-05-03 15:00:00,2025,5,3,15,Huế,Phường Phú Bài,16.409296,107.6779818,132,Unhealthy for Sensitive Groups,2,32.1,59,0.0,12.5,79,1004.7,100,21.4,23.9,256.0,2.9,195.0,4.9
2025-05-03 16:00:00,2025,5,3,16,Huế,Phường Phú Bài,16.409296,107.6779818,158,Unhealthy,3,31.6,62,0.0,11.9,76,1004.3,100,21.2,23.5,254.0,3.8,183.0,5.0
2025-05-03 17:00:00,2025,5,3,17,Huế,Phường Phú Bài,16.409296,107.6779818,172,Unhealthy,3,30.5,70,0.0,10.7,67,1004.3,83,20.7,23.2,271.0,6.0,161.0,5.5
2025-05-03 18:00:00,2025,5,3,18,Huế,Phường Phú Bài,16.409296,107.6779818,176,Unhealthy,3,29.4,78,0.0,5.0,69,1005.0,52,21.7,23.6,301.0,8.8,133.0,6.3
2025-05-03 19:00:00,2025,5,3,19,Huế,Phường Phú Bài,16.409296,107.6779818,170,Unhealthy,3,28.8,83,0.0,1.9,107,1005.7,78,25.4,27.0,330.0,12.9,101.0,7.5
2025-05-03 20:00:00,2025,5,3,20,Huế,Phường Phú Bài,16.409296,107.6779818,156,Unhealthy,3,28.5,85,0.0,1.4,180,1006.6,98,25.6,27.0,359.0,12.7,90.0,7.3
2025-05-03 21:00:00,2025,5,3,21,Huế,Phường Phú Bài,16.409296,107.6779818,136,Unhealthy for Sensitive Groups,2,27.8,89,0.0,3.5,156,1006.8,93,25.4,26.7,389.0,12.3,74.0,7.1
2025-05-03 22:00:00,2025,5,3,22,Huế,Phường Phú Bài,16.409296,107.6779818,109,Unhealthy for Sensitive Groups,2,26.9,93,0.0,3.1,177,1007.4,100,26.1,27.4,410.0,12.1,60.0,6.7
2025-05-03 23:00:00,2025,5,3,23,Huế,Phường Phú Bài,16.409296,107.6779818,79,Moderate,1,26.2,95,0.0,2.8,215,1007.4,98,26.9,28.0,421.0,12.1,50.0,6.1
2025-05-04 00:00:00,2025,5,4,0,Huế,Phường Phú Bài,16.409296,107.6779818,74,Moderate,1,25.8,95,0.0,3.3,202,1006.9,92,26.9,27.9,423.0,12.1,41.0,5.4
2025-05-04 01:00:00,2025,5,4,1,Huế,Phường Phú Bài,16.409296,107.6779818,75,Moderate,1,25.4,93,0.0,5.0,224,1006.4,89,27.1,28.1,417.0,12.0,34.0,4.7
2025-05-04 02:00:00,2025,5,4,2,Huế,Phường Phú Bài,16.409296,107.6779818,75,Moderate,1,24.9,90,0.0,5.0,221,1005.8,89,27.7,28.6,394.0,11.6,25.0,4.1
2025-05-04 03:00:00,2025,5,4,3,Huế,Phường Phú Bài,16.409296,107.6779818,76,Moderate,1,24.5,90,0.0,5.4,217,1005.0,26,27.7,28.5,362.0,11.0,18.0,3.6
2025-05-04 04:00:00,2025,5,4,4,Huế,Phường Phú Bài,16.409296,107.6779818,76,Moderate,1,24.1,91,0.0,4.5,230,1004.8,18,27.5,28.2,346.0,10.4,17.0,3.4
2025-05-04 05:00:00,2025,5,4,5,Huế,Phường Phú Bài,16.409296,107.6779818,77,Moderate,1,23.8,93,0.0,5.7,212,1005.1,10,27.0,27.6,365.0,10.0,24.0,3.7
2025-05-04 06:00:00,2025,5,4,6,Huế,Phường Phú Bài,16.409296,107.6779818,77,Moderate,1,24.2,91,0.0,7.0,206,1005.5,100,27.8,28.5,400.0,9.6,38.0,4.3
2025-05-04 07:00:00,2025,5,4,7,Huế,Phường Phú Bài,16.409296,107.6779818,77,Moderate,1,27.1,80,0.0,3.9,196,1006.3,100,26.1,26.7,416.0,9.4,63.0,5.0
2025-05-04 08:00:00,2025,5,4,8,Huế,Phường Phú Bài,16.409296,107.6779818,77,Moderate,1,30.7,67,0.0,3.2,196,1006.7,21,23.1,23.8,395.0,7.4,98.0,5.4
2025-05-04 09:00:00,2025,5,4,9,Huế,Phường Phú Bài,16.409296,107.6779818,77,Moderate,1,32.9,59,0.0,1.8,307,1007.0,46,19.6,20.5,356.0,4.6,147.0,5.9
2025-05-04 10:00:00,2025,5,4,10,Huế,Phường Phú Bài,16.409296,107.6779818,77,Moderate,1,34.0,54,0.0,6.7,2,1006.7,93,17.3,18.3,322.0,2.7,184.0,6.3
2025-05-04 11:00:00,2025,5,4,11,Huế,Phường Phú Bài,16.409296,107.6779818,76,Moderate,1,34.7,54,0.0,9.3,22,1006.5,66,17.4,18.6,298.0,2.4,200.0,6.4
2025-05-04 12:00:00,2025,5,4,12,Huế,Phường Phú Bài,16.409296,107.6779818,76,Moderate,1,34.7,55,0.0,10.2,44,1005.7,47,18.2,19.6,280.0,2.9,206.0,6.3
2025-05-04 13:00:00,2025,5,4,13,Huế,Phường Phú Bài,16.409296,107.6779818,75,Moderate,1,31.9,65,0.7,9.4,73,1005.3,94,19.4,20.7,271.0,3.4,206.0,6.2
2025-05-04 14:00:00,2025,5,4,14,Huế,Phường Phú Bài,16.409296,107.6779818,109,Unhealthy for Sensitive Groups,2,32.0,63,0.2,3.9,254,1004.7,100,18.6,19.8,275.0,3.2,205.0,5.9
2025-05-04 15:00:00,2025,5,4,15,Huế,Phường Phú Bài,16.409296,107.6779818,145,Unhealthy for Sensitive Groups,2,28.9,76,0.2,14.7,247,1004.7,100,18.2,19.3,289.0,3.0,199.0,5.6
2025-05-04 16:00:00,2025,5,4,16,Huế,Phường Phú Bài,16.409296,107.6779818,168,Unhealthy,3,29.7,69,0.0,9.0,223,1004.0,100,17.8,19.0,310.0,4.0,184.0,5.6
2025-05-04 17:00:00,2025,5,4,17,Huế,Phường Phú Bài,16.409296,107.6779818,182,Unhealthy,3,30.0,70,0.0,9.1,188,1004.1,100,19.8,20.7,341.0,7.5,153.0,6.3
2025-05-04 18:00:00,2025,5,4,18,Huế,Phường Phú Bài,16.409296,107.6779818,183,Unhealthy,3,29.5,73,0.0,6.4,170,1004.3,100,23.8,24.6,379.0,12.1,113.0,7.4
2025-05-04 19:00:00,2025,5,4,19,Huế,Phường Phú Bài,16.409296,107.6779818,171,Unhealthy,3,28.7,75,0.0,6.9,165,1004.9,100,27.4,28.3,410.0,12.7,88.0,7.6
2025-05-04 20:00:00,2025,5,4,20,Huế,Phường Phú Bài,16.409296,107.6779818,153,Unhealthy,3,28.2,79,0.0,3.2,180,1006.3,100,28.2,28.9,433.0,13.2,74.0,7.6
2025-05-04 21:00:00,2025,5,4,21,Huế,Phường Phú Bài,16.409296,107.6779818,126,Unhealthy for Sensitive Groups,2,28.0,80,0.0,5.6,182,1006.7,100,29.0,29.6,449.0,13.8,55.0,7.5
2025-05-04 22:00:00,2025,5,4,22,Huế,Phường Phú Bài,16.409296,107.6779818,94,Moderate,1,27.6,81,0.0,6.9,174,1007.1,100,29.1,29.7,448.0,14.3,39.0,7.2
2025-05-04 23:00:00,2025,5,4,23,Huế,Phường Phú Bài,16.409296,107.6779818,75,Moderate,1,27.4,81,0.0,5.4,154,1006.7,100,28.4,28.9,421.0,14.5,29.0,6.5
2025-05-05 00:00:00,2025,5,5,0,Huế,Phường Phú Bài,16.409296,107.6779818,75,Moderate,1,26.6,84,0.0,5.2,196,1006.0,100,26.8,27.3,377.0,14.6,23.0,5.5
2025-05-05 01:00:00,2025,5,5,1,Huế,Phường Phú Bài,16.409296,107.6779818,75,Moderate,1,25.9,86,0.0,4.9,182,1005.2,100,25.6,26.0,337.0,14.3,18.0,4.6
2025-05-05 02:00:00,2025,5,5,2,Huế,Phường Phú Bài,16.409296,107.6779818,75,Moderate,1,25.3,88,0.0,5.1,207,1004.8,100,23.5,23.9,302.0,13.6,12.0,3.8
2025-05-05 03:00:00,2025,5,5,3,Huế,Phường Phú Bài,16.409296,107.6779818,75,Moderate,1,25.0,88,0.0,5.4,201,1004.7,99,21.2,21.6,272.0,12.7,8.0,3.2
2025-05-05 04:00:00,2025,5,5,4,Huế,Phường Phú Bài,16.409296,107.6779818,74,Moderate,1,24.7,87,0.0,6.0,231,1004.9,98,19.2,19.4,266.0,11.7,10.0,2.9
2025-05-05 05:00:00,2025,5,5,5,Huế,Phường Phú Bài,16.409296,107.6779818,73,Moderate,1,24.5,87,0.0,6.2,229,1005.0,99,17.8,18.1,306.0,10.8,21.0,3.1
2025-05-05 06:00:00,2025,5,5,6,Huế,Phường Phú Bài,16.409296,107.6779818,73,Moderate,1,24.9,85,0.0,7.2,231,1005.3,99,17.8,18.2,369.0,9.9,38.0,3.7
2025-05-05 07:00:00,2025,5,5,7,Huế,Phường Phú Bài,16.409296,107.6779818,72,Moderate,1,27.5,76,0.0,4.5,214,1005.9,79,17.3,17.7,409.0,9.6,36.0,4.3
2025-05-05 08:00:00,2025,5,5,8,Huế,Phường Phú Bài,16.409296,107.6779818,71,Moderate,1,31.0,63,0.0,3.4,264,1007.0,100,16.6,17.1,402.0,7.6,70.0,4.6
2025-05-05 09:00:00,2025,5,5,9,Huế,Phường Phú Bài,16.409296,107.6779818,70,Moderate,1,33.0,54,0.0,3.3,347,1007.1,39,15.6,16.2,371.0,4.8,118.0,5.1
2025-05-05 10:00:00,2025,5,5,10,Huế,Phường Phú Bài,16.409296,107.6779818,70,Moderate,1,34.2,51,0.0,7.1,19,1006.9,91,15.4,16.3,341.0,2.7,158.0,5.4
2025-05-05 11:00:00,2025,5,5,11,Huế,Phường Phú Bài,16.409296,107.6779818,70,Moderate,1,34.9,50,0.0,8.9,34,1006.4,57,16.2,17.3,319.0,2.0,182.0,5.3
2025-05-05 12:00:00,2025,5,5,12,Huế,Phường Phú Bài,16.409296,107.6779818,70,Moderate,1,34.5,52,0.3,10.7,54,1005.7,98,17.6,18.8,299.0,2.0,197.0,5.0
2025-05-05 13:00:00,2025,5,5,13,Huế,Phường Phú Bài,16.409296,107.6779818,70,Moderate,1,34.0,53,0.0,10.7,73,1004.8,100,19.3,20.5,284.0,2.3,206.0,4.9
2025-05-05 14:00:00,2025,5,5,14,Huế,Phường Phú Bài,16.409296,107.6779818,80,Moderate,1,34.0,52,0.0,12.9,78,1003.7,94,22.2,23.3,275.0,2.5,210.0,5.0
2025-05-05 15:00:00,2025,5,5,15,Huế,Phường Phú Bài,16.409296,107.6779818,117,Unhealthy for Sensitive Groups,2,33.2,56,0.0,11.7,85,1003.2,92,23.9,25.0,272.0,3.0,206.0,5.3
2025-05-05 16:00:00,2025,5,5,16,Huế,Phường Phú Bài,16.409296,107.6779818,152,Unhealthy,3,32.9,57,0.0,5.8,86,1003.0,98,22.5,23.7,282.0,4.0,194.0,5.7
2025-05-05 17:00:00,2025,5,5,17,Huế,Phường Phú Bài,16.409296,107.6779818,172,Unhealthy,3,32.4,58,0.0,0.2,180,1003.4,99,21.6,22.7,316.0,6.1,167.0,6.2
2025-05-05 18:00:00,2025,5,5,18,Huế,Phường Phú Bài,16.409296,107.6779818,180,Unhealthy,3,31.1,64,0.0,3.2,177,1003.9,100,23.3,24.3,363.0,8.8,131.0,6.7
2025-05-05 19:00:00,2025,5,5,19,Huế,Phường Phú Bài,16.409296,107.6779818,176,Unhealthy,3,30.1,68,0.0,7.0,180,1004.5,100,29.4,30.0,395.0,12.5,94.0,7.8
2025-05-05 20:00:00,2025,5,5,20,Huế,Phường Phú Bài,16.409296,107.6779818,162,Unhealthy,3,29.4,75,0.0,4.7,187,1005.3,100,31.9,32.5,399.0,13.4,79.0,7.9
2025-05-05 21:00:00,2025,5,5,21,Huế,Phường Phú Bài,16.409296,107.6779818,140,Unhealthy for Sensitive Groups,2,28.9,76,0.0,5.4,180,1005.9,100,32.1,32.6,387.0,14.6,58.0,7.9
2025-05-05 22:00:00,2025,5,5,22,Huế,Phường Phú Bài,16.409296,107.6779818,109,Unhealthy for Sensitive Groups,2,27.9,80,0.0,3.8,175,1006.3,100,31.2,31.7,371.0,15.4,40.0,7.6
2025-05-05 23:00:00,2025,5,5,23,Huế,Phường Phú Bài,16.409296,107.6779818,73,Moderate,1,27.2,80,0.0,6.1,199,1006.3,100,30.3,30.7,351.0,15.6,29.0,6.7
2025-05-06 00:00:00,2025,5,6,0,Huế,Phường Phú Bài,16.409296,107.6779818,72,Moderate,1,26.6,80,0.0,5.2,205,1005.6,48,28.1,28.6,327.0,15.4,21.0,5.5
2025-05-06 01:00:00,2025,5,6,1,Huế,Phường Phú Bài,16.409296,107.6779818,72,Moderate,1,26.0,81,0.0,6.6,201,1004.9,100,25.6,26.0,306.0,14.9,15.0,4.5
2025-05-06 02:00:00,2025,5,6,2,Huế,Phường Phú Bài,16.409296,107.6779818,72,Moderate,1,25.5,84,0.0,6.3,207,1004.4,26,23.5,23.9,287.0,14.2,9.0,3.7
2025-05-06 03:00:00,2025,5,6,3,Huế,Phường Phú Bài,16.409296,107.6779818,72,Moderate,1,25.0,86,0.0,6.9,217,1004.0,7,21.6,22.0,271.0,13.2,6.0,3.1
2025-05-06 04:00:00,2025,5,6,4,Huế,Phường Phú Bài,16.409296,107.6779818,72,Moderate,1,24.9,87,0.0,7.2,215,1004.2,0,19.8,20.2,273.0,12.1,9.0,2.9
2025-05-06 05:00:00,2025,5,6,5,Huế,Phường Phú Bài,16.409296,107.6779818,72,Moderate,1,24.7,87,0.0,6.5,224,1004.8,1,18.7,19.0,313.0,11.1,20.0,3.1
2025-05-06 06:00:00,2025,5,6,6,Huế,Phường Phú Bài,16.409296,107.6779818,72,Moderate,1,25.0,86,0.0,5.9,218,1005.5,0,19.0,19.3,371.0,10.0,37.0,3.7
2025-05-06 07:00:00,2025,5,6,7,Huế,Phường Phú Bài,16.409296,107.6779818,73,Moderate,1,27.8,76,0.0,2.8,230,1006.5,5,18.0,18.4,404.0,8.8,63.0,4.6
2025-05-06 08:00:00,2025,5,6,8,Huế,Phường Phú Bài,16.409296,107.6779818,73,Moderate,1,31.5,58,0.0,1.9,209,1007.1,100,16.7,17.3,388.0,7.1,90.0,5.1
2025-05-06 09:00:00,2025,5,6,9,Huế,Phường Phú Bài,16.409296,107.6779818,73,Moderate,1,33.8,50,0.0,0.8,27,1007.4,100,16.5,17.3,346.0,4.7,129.0,5.9
2025-05-06 10:00:00,2025,5,6,10,Huế,Phường Phú Bài,16.409296,107.6779818,73,Moderate,1,35.2,47,0.0,3.3,36,1007.0,99,16.9,17.8,311.0,2.9,160.0,6.3
2025-05-06 11:00:00,2025,5,6,11,Huế,Phường Phú Bài,16.409296,107.6779818,73,Moderate,1,35.8,46,0.0,7.1,47,1006.1,99,17.4,18.5,293.0,2.3,179.0,6.1
2025-05-06 12:00:00,2025,5,6,12,Huế,Phường Phú Bài,16.409296,107.6779818,73,Moderate,1,35.1,49,0.2,11.8,56,1005.2,99,18.6,19.8,282.0,2.3,190.0,5.6
2025-05-06 13:00:00,2025,5,6,13,Huế,Phường Phú Bài,16.409296,107.6779818,73,Moderate,1,34.7,49,0.0,11.7,63,1004.2,98,19.8,21.0,274.0,2.5,197.0,5.3
2025-05-06 14:00:00,2025,5,6,14,Huế,Phường Phú Bài,16.409296,107.6779818,89,Moderate,1,34.3,51,0.0,13.5,74,1002.9,99,20.8,22.0,264.0,2.7,201.0,5.3
2025-05-06 15:00:00,2025,5,6,15,Huế,Phường Phú Bài,16.409296,107.6779818,124,Unhealthy for Sensitive Groups,2,34.5,50,0.0,9.8,98,1002.6,91,22.2,23.6,257.0,3.1,199.0,5.3
2025-05-06 16:00:00,2025,5,6,16,Huế,Phường Phú Bài,16.409296,107.6779818,152,Unhealthy,3,33.7,52,0.0,5.1,163,1002.5,99,21.5,22.8,272.0,4.3,186.0,5.6
2025-05-06 17:00:00,2025,5,6,17,Huế,Phường Phú Bài,16.409296,107.6779818,167,Unhealthy,3,32.9,54,0.0,1.1,108,1002.7,100,21.6,22.5,324.0,7.0,153.0,6.2
2025-05-06 18:00:00,2025,5,6,18,Huế,Phường Phú Bài,16.409296,107.6779818,171,Unhealthy,3,31.5,70,0.0,0.9,11,1003.5,100,22.5,23.0,397.0,10.4,109.0,6.9
2025-05-06 19:00:00,2025,5,6,19,Huế,Phường Phú Bài,16.409296,107.6779818,163,Unhealthy,3,30.6,71,0.0,0.4,243,1004.2,100,26.0,26.1,460.0,13.3,59.0,7.0
2025-05-06 20:00:00,2025,5,6,20,Huế,Phường Phú Bài,16.409296,107.6779818,142,Unhealthy for Sensitive Groups,2,29.4,77,0.0,4.8,217,1005.4,100,23.4,23.5,505.0,12.8,51.0,6.5
2025-05-06 21:00:00,2025,5,6,21,Huế,Phường Phú Bài,16.409296,107.6779818,112,Unhealthy for Sensitive Groups,2,29.0,80,0.0,3.9,196,1005.7,100,22.1,22.1,540.0,12.1,40.0,5.9
2025-05-06 22:00:00,2025,5,6,22,Huế,Phường Phú Bài,16.409296,107.6779818,79,Moderate,1,28.4,84,0.0,6.3,185,1005.9,100,20.8,20.9,557.0,11.6,30.0,5.2
2025-05-06 23:00:00,2025,5,6,23,Huế,Phường Phú Bài,16.409296,107.6779818,70,Moderate,1,27.7,87,0.0,5.5,193,1006.0,100,19.3,19.3,548.0,11.5,24.0,4.5
2025-05-07 00:00:00,2025,5,7,0,Huế,Phường Phú Bài,16.409296,107.6779818,69,Moderate,1,27.4,87,0.0,6.0,197,1005.3,100,17.6,17.7,520.0,11.6,20.0,3.7
2025-05-07 01:00:00,2025,5,7,1,Huế,Phường Phú Bài,16.409296,107.6779818,68,Moderate,1,26.9,87,0.0,7.0,198,1004.6,100,16.6,16.6,486.0,11.4,17.0,3.1
2025-05-07 02:00:00,2025,5,7,2,Huế,Phường Phú Bài,16.409296,107.6779818,67,Moderate,1,26.5,87,0.0,6.4,196,1003.9,100,15.7,15.8,440.0,10.6,16.0,2.6
2025-05-07 03:00:00,2025,5,7,3,Huế,Phường Phú Bài,16.409296,107.6779818,66,Moderate,1,26.0,89,0.0,7.2,202,1003.3,89,14.8,15.0,388.0,9.5,17.0,2.3
2025-05-07 04:00:00,2025,5,7,4,Huế,Phường Phú Bài,16.409296,107.6779818,66,Moderate,1,25.6,91,0.0,6.5,212,1003.3,86,15.3,15.4,354.0,8.7,20.0,2.2
2025-05-07 05:00:00,2025,5,7,5,Huế,Phường Phú Bài,16.409296,107.6779818,65,Moderate,1,25.4,91,0.0,6.1,225,1003.9,98,15.7,15.8,357.0,8.7,25.0,2.6
2025-05-07 06:00:00,2025,5,7,6,Huế,Phường Phú Bài,16.409296,107.6779818,65,Moderate,1,25.8,88,0.0,6.8,222,1004.5,53,16.9,17.0,379.0,8.9,32.0,3.3
2025-05-07 07:00:00,2025,5,7,7,Huế,Phường Phú Bài,16.409296,107.6779818,65,Moderate,1,28.5,77,0.0,3.6,200,1005.3,60,6.3,6.5,386.0,8.1,47.0,4.2
2025-05-07 08:00:00,2025,5,7,8,Huế,Phường Phú Bài,16.409296,107.6779818,64,Moderate,1,30.0,74,0.0,2.7,152,1006.5,91,10.1,10.4,359.0,6.6,68.0,4.4
2025-05-07 09:00:00,2025,5,7,9,Huế,Phường Phú Bài,16.409296,107.6779818,63,Moderate,1,32.4,61,0.0,4.2,149,1006.4,54,10.9,11.1,317.0,4.4,97.0,4.8
2025-05-07 10:00:00,2025,5,7,10,Huế,Phường Phú Bài,16.409296,107.6779818,63,Moderate,1,34.6,52,0.0,3.9,124,1005.8,32,11.3,11.5,289.0,2.8,121.0,5.0
2025-05-07 11:00:00,2025,5,7,11,Huế,Phường Phú Bài,16.409296,107.6779818,62,Moderate,1,36.0,48,0.0,2.3,94,1005.1,97,11.9,12.1,291.0,2.1,134.0,4.9
2025-05-07 12:00:00,2025,5,7,12,Huế,Phường Phú Bài,16.409296,107.6779818,62,Moderate,1,36.5,48,0.0,4.4,35,1003.9,100,12.6,12.8,307.0,2.0,143.0,4.7
2025-05-07 13:00:00,2025,5,7,13,Huế,Phường Phú Bài,16.409296,107.6779818,61,Moderate,1,36.2,49,0.0,6.1,56,1003.0,98,13.8,14.1,313.0,2.2,146.0,4.7
2025-05-07 14:00:00,2025,5,7,14,Huế,Phường Phú Bài,16.409296,107.6779818,61,Moderate,1,35.5,50,0.0,9.7,29,1002.1,98,15.5,15.9,291.0,2.7,146.0,5.0
2025-05-07 15:00:00,2025,5,7,15,Huế,Phường Phú Bài,16.409296,107.6779818,60,Moderate,1,33.9,54,0.0,6.5,95,1001.9,100,18.5,19.4,259.0,3.5,141.0,5.5
2025-05-07 16:00:00,2025,5,7,16,Huế,Phường Phú Bài,16.409296,107.6779818,78,Moderate,1,33.5,58,0.0,5.6,123,1001.6,100,18.9,19.8,247.0,5.2,130.0,6.1
2025-05-07 17:00:00,2025,5,7,17,Huế,Phường Phú Bài,16.409296,107.6779818,92,Moderate,1,32.8,62,0.0,5.0,154,1001.8,100,21.3,21.8,268.0,8.3,110.0,6.9
2025-05-07 18:00:00,2025,5,7,18,Huế,Phường Phú Bài,16.409296,107.6779818,94,Moderate,1,31.8,74,0.0,1.5,166,1002.3,100,23.8,24.1,308.0,12.2,84.0,7.8
2025-05-07 19:00:00,2025,5,7,19,Huế,Phường Phú Bài,16.409296,107.6779818,86,Moderate,1,30.9,75,0.0,0.8,135,1003.0,100,24.6,25.1,358.0,12.0,100.0,8.2
2025-05-07 20:00:00,2025,5,7,20,Huế,Phường Phú Bài,16.409296,107.6779818,79,Moderate,1,29.7,83,0.0,2.5,45,1003.9,100,25.3,25.4,434.0,12.3,87.0,8.2
2025-05-07 21:00:00,2025,5,7,21,Huế,Phường Phú Bài,16.409296,107.6779818,67,Moderate,1,29.3,85,0.0,1.5,150,1004.6,100,25.7,25.9,519.0,12.7,69.0,8.1
2025-05-07 22:00:00,2025,5,7,22,Huế,Phường Phú Bài,16.409296,107.6779818,60,Moderate,1,28.6,88,0.0,3.4,183,1005.0,100,26.3,26.5,560.0,13.0,53.0,7.8
2025-05-07 23:00:00,2025,5,7,23,Huế,Phường Phú Bài,16.409296,107.6779818,61,Moderate,1,28.1,90,0.0,5.6,213,1005.2,100,26.6,26.9,518.0,13.4,41.0,7.0
2025-05-08 00:00:00,2025,5,8,0,Huế,Phường Phú Bài,16.409296,107.6779818,61,Moderate,1,27.5,90,0.0,5.2,200,1004.6,100,25.9,26.3,432.0,13.8,32.0,5.9
2025-05-08 01:00:00,2025,5,8,1,Huế,Phường Phú Bài,16.409296,107.6779818,62,Moderate,1,27.1,90,0.0,6.3,193,1004.1,100,24.6,25.0,356.0,13.7,27.0,5.0
2025-05-08 02:00:00,2025,5,8,2,Huế,Phường Phú Bài,16.409296,107.6779818,63,Moderate,1,26.7,90,0.0,6.5,203,1003.5,100,24.0,24.4,305.0,12.7,27.0,4.6
2025-05-08 03:00:00,2025,5,8,3,Huế,Phường Phú Bài,16.409296,107.6779818,64,Moderate,1,26.5,90,0.0,6.2,216,1003.3,100,23.2,23.5,265.0,11.1,31.0,4.4
2025-05-08 04:00:00,2025,5,8,4,Huế,Phường Phú Bài,16.409296,107.6779818,64,Moderate,1,26.1,90,0.0,6.5,212,1003.4,100,22.4,22.5,250.0,9.8,36.0,4.4
2025-05-08 05:00:00,2025,5,8,5,Huế,Phường Phú Bài,16.409296,107.6779818,65,Moderate,1,25.9,90,0.0,7.7,204,1004.0,100,21.7,21.8,283.0,9.1,40.0,4.5
2025-05-08 06:00:00,2025,5,8,6,Huế,Phường Phú Bài,16.409296,107.6779818,65,Moderate,1,26.1,87,0.0,8.1,217,1004.8,100,21.1,21.2,341.0,8.5,46.0,4.7
2025-05-08 07:00:00,2025,5,8,7,Huế,Phường Phú Bài,16.409296,107.6779818,66,Moderate,1,28.5,77,0.0,6.2,216,1005.2,100,23.9,24.0,375.0,8.1,54.0,4.7
2025-05-08 08:00:00,2025,5,8,8,Huế,Phường Phú Bài,16.409296,107.6779818,67,Moderate,1,32.1,62,0.0,4.8,205,1005.4,100,24.5,24.7,354.0,6.7,81.0,5.5
2025-05-08 09:00:00,2025,5,8,9,Huế,Phường Phú Bài,16.409296,107.6779818,69,Moderate,1,34.5,52,0.0,2.3,203,1005.4,100,22.8,23.1,309.0,4.7,119.0,6.5
2025-05-08 10:00:00,2025,5,8,10,Huế,Phường Phú Bài,16.409296,107.6779818,70,Moderate,1,36.0,47,0.0,2.7,356,1004.9,100,21.1,21.6,279.0,3.2,151.0,7.2
2025-05-08 11:00:00,2025,5,8,11,Huế,Phường Phú Bài,16.409296,107.6779818,71,Moderate,1,36.3,48,0.0,7.1,34,1004.6,100,21.1,21.9,283.0,2.7,172.0,7.1
2025-05-08 12:00:00,2025,5,8,12,Huế,Phường Phú Bài,16.409296,107.6779818,71,Moderate,1,36.0,52,0.0,11.1,40,1003.8,100,21.7,22.6,302.0,2.8,188.0,6.6
2025-05-08 13:00:00,2025,5,8,13,Huế,Phường Phú Bài,16.409296,107.6779818,72,Moderate,1,35.2,53,0.0,14.2,55,1002.9,100,23.9,25.0,315.0,3.0,196.0,6.3
2025-05-08 14:00:00,2025,5,8,14,Huế,Phường Phú Bài,16.409296,107.6779818,81,Moderate,1,34.8,55,0.0,13.2,73,1002.2,100,24.5,25.6,300.0,3.2,199.0,6.3
2025-05-08 15:00:00,2025,5,8,15,Huế,Phường Phú Bài,16.409296,107.6779818,113,Unhealthy for Sensitive Groups,2,32.8,62,0.1,4.0,80,1002.4,99,25.6,26.5,278.0,3.6,195.0,6.5
2025-05-08 16:00:00,2025,5,8,16,Huế,Phường Phú Bài,16.409296,107.6779818,143,Unhealthy for Sensitive Groups,2,32.0,65,0.0,4.5,241,1002.3,100,23.7,24.4,293.0,4.7,179.0,6.6
2025-05-08 17:00:00,2025,5,8,17,Huế,Phường Phú Bài,16.409296,107.6779818,161,Unhealthy,3,31.6,65,0.0,4.3,182,1002.3,100,21.7,22.0,385.0,7.1,144.0,6.7
2025-05-08 18:00:00,2025,5,8,18,Huế,Phường Phú Bài,16.409296,107.6779818,165,Unhealthy,3,30.8,69,0.0,2.3,212,1002.9,99,21.0,21.1,513.0,10.1,97.0,6.9
2025-05-08 19:00:00,2025,5,8,19,Huế,Phường Phú Bài,16.409296,107.6779818,156,Unhealthy,3,29.8,75,0.0,3.2,207,1003.5,100,20.8,21.3,602.0,14.1,39.0,6.8
2025-05-08 20:00:00,2025,5,8,20,Huế,Phường Phú Bài,16.409296,107.6779818,130,Unhealthy for Sensitive Groups,2,29.4,76,0.0,9.4,157,1004.5,100,20.3,20.4,618.0,14.1,33.0,6.5
2025-05-08 21:00:00,2025,5,8,21,Huế,Phường Phú Bài,16.409296,107.6779818,97,Moderate,1,29.0,78,0.0,6.6,197,1004.7,99,20.0,20.2,594.0,14.1,26.0,6.0
2025-05-08 22:00:00,2025,5,8,22,Huế,Phường Phú Bài,16.409296,107.6779818,73,Moderate,1,29.0,77,0.0,9.8,204,1004.7,100,18.7,18.8,551.0,13.9,19.0,5.5
2025-05-08 23:00:00,2025,5,8,23,Huế,Phường Phú Bài,16.409296,107.6779818,73,Moderate,1,28.8,78,0.0,9.0,209,1004.6,100,17.2,17.3,484.0,13.3,15.0,4.8
2025-05-09 00:00:00,2025,5,9,0,Huế,Phường Phú Bài,16.409296,107.6779818,72,Moderate,1,28.1,80,0.0,8.1,201,1004.1,100,16.0,16.1,397.0,12.5,12.0,4.0
2025-05-09 01:00:00,2025,5,9,1,Huế,Phường Phú Bài,16.409296,107.6779818,71,Moderate,1,27.4,83,0.0,6.4,209,1003.6,99,15.3,15.4,327.0,11.8,10.0,3.3
2025-05-09 02:00:00,2025,5,9,2,Huế,Phường Phú Bài,16.409296,107.6779818,70,Moderate,1,26.8,85,0.0,5.7,204,1003.2,100,14.8,14.9,283.0,11.3,6.0,2.8
2025-05-09 03:00:00,2025,5,9,3,Huế,Phường Phú Bài,16.409296,107.6779818,69,Moderate,1,26.4,85,0.0,6.1,210,1003.0,100,14.5,14.5,256.0,10.9,3.0,2.5
2025-05-09 04:00:00,2025,5,9,4,Huế,Phường Phú Bài,16.409296,107.6779818,69,Moderate,1,26.0,87,0.0,6.0,205,1003.0,100,14.1,14.2,252.0,10.4,6.0,2.4
2025-05-09 05:00:00,2025,5,9,5,Huế,Phường Phú Bài,16.409296,107.6779818,68,Moderate,1,25.7,87,0.0,6.2,210,1003.5,100,14.0,14.1,292.0,9.8,16.0,2.7
2025-05-09 06:00:00,2025,5,9,6,Huế,Phường Phú Bài,16.409296,107.6779818,67,Moderate,1,26.0,86,0.0,7.6,223,1004.2,100,15.0,15.1,355.0,9.2,31.0,3.3
2025-05-09 07:00:00,2025,5,9,7,Huế,Phường Phú Bài,16.409296,107.6779818,67,Moderate,1,28.8,78,0.0,6.5,247,1005.0,95,13.3,13.4,390.0,7.7,54.0,4.0
2025-05-09 08:00:00,2025,5,9,8,Huế,Phường Phú Bài,16.409296,107.6779818,66,Moderate,1,33.0,60,0.0,3.9,223,1005.5,60,13.7,14.0,368.0,6.5,83.0,4.8
2025-05-09 09:00:00,2025,5,9,9,Huế,Phường Phú Bài,16.409296,107.6779818,65,Moderate,1,35.3,50,0.0,3.3,261,1005.8,91,11.4,11.6,318.0,4.7,124.0,5.9
2025-05-09 10:00:00,2025,5,9,10,Huế,Phường Phú Bài,16.409296,107.6779818,64,Moderate,1,36.9,44,0.0,6.0,316,1005.5,97,11.5,11.8,277.0,3.4,157.0,6.5
2025-05-09 11:00:00,2025,5,9,11,Huế,Phường Phú Bài,16.409296,107.6779818,63,Moderate,1,37.2,44,0.0,6.8,305,1005.1,65,12.2,12.7,261.0,2.7,173.0,6.1
2025-05-09 12:00:00,2025,5,9,12,Huế,Phường Phú Bài,16.409296,107.6779818,62,Moderate,1,37.4,45,0.0,6.3,336,1004.2,35,13.8,14.5,254.0,2.5,180.0,5.2
2025-05-09 13:00:00,2025,5,9,13,Huế,Phường Phú Bài,16.409296,107.6779818,61,Moderate,1,37.5,45,0.0,9.3,13,1003.2,66,16.1,16.9,251.0,2.7,185.0,4.7
2025-05-09 14:00:00,2025,5,9,14,Huế,Phường Phú Bài,16.409296,107.6779818,76,Moderate,1,34.7,54,0.0,11.6,72,1002.6,59,18.9,19.7,247.0,3.4,193.0,4.9
2025-05-09 15:00:00,2025,5,9,15,Huế,Phường Phú Bài,16.409296,107.6779818,111,Unhealthy for Sensitive Groups,2,32.5,62,1.5,7.9,153,1002.8,97,21.0,21.8,247.0,4.5,198.0,5.5
2025-05-09 16:00:00,2025,5,9,16,Huế,Phường Phú Bài,16.409296,107.6779818,142,Unhealthy for Sensitive Groups,2,30.0,74,5.3,8.5,136,1003.6,100,24.2,25.0,253.0,6.1,187.0,6.0
2025-05-09 17:00:00,2025,5,9,17,Huế,Phường Phú Bài,16.409296,107.6779818,160,Unhealthy,3,29.0,83,0.1,8.8,160,1003.2,100,23.0,23.6,272.0,8.7,146.0,6.3
2025-05-09 18:00:00,2025,5,9,18,Huế,Phường Phú Bài,16.409296,107.6779818,164,Unhealthy,3,28.8,83,0.0,8.7,198,1004.1,100,19.2,19.3,298.0,11.7,90.0,6.5
2025-05-09 19:00:00,2025,5,9,19,Huế,Phường Phú Bài,16.409296,107.6779818,153,Unhealthy,3,28.5,82,0.0,6.6,196,1004.9,100,39.8,40.6,315.0,22.6,38.0,8.4
2025-05-09 20:00:00,2025,5,9,20,Huế,Phường Phú Bài,16.409296,107.6779818,125,Unhealthy for Sensitive Groups,2,28.1,83,0.5,11.7,179,1005.3,100,37.5,38.1,315.0,19.9,36.0,7.4
2025-05-09 21:00:00,2025,5,9,21,Huế,Phường Phú Bài,16.409296,107.6779818,95,Moderate,1,27.8,85,0.1,9.0,180,1005.9,100,31.3,31.8,305.0,16.1,33.0,5.9
2025-05-09 22:00:00,2025,5,9,22,Huế,Phường Phú Bài,16.409296,107.6779818,64,Moderate,1,27.5,84,0.0,9.0,213,1006.5,100,22.0,22.4,293.0,12.9,30.0,4.7
2025-05-09 23:00:00,2025,5,9,23,Huế,Phường Phú Bài,16.409296,107.6779818,64,Moderate,1,27.2,81,0.0,8.7,228,1006.2,98,15.8,15.9,278.0,11.0,28.0,3.8
2025-05-10 00:00:00,2025,5,10,0,Huế,Phường Phú Bài,16.409296,107.6779818,64,Moderate,1,26.9,82,0.0,8.6,210,1005.2,100,14.5,14.6,261.0,9.6,26.0,3.1
2025-05-10 01:00:00,2025,5,10,1,Huế,Phường Phú Bài,16.409296,107.6779818,64,Moderate,1,26.2,86,0.0,7.9,196,1004.7,99,14.2,14.3,248.0,8.8,23.0,2.7
2025-05-10 02:00:00,2025,5,10,2,Huế,Phường Phú Bài,16.409296,107.6779818,64,Moderate,1,25.7,88,0.0,6.9,194,1004.1,95,14.6,14.6,238.0,8.6,18.0,2.5
2025-05-10 03:00:00,2025,5,10,3,Huế,Phường Phú Bài,16.409296,107.6779818,64,Moderate,1,25.4,90,0.0,2.5,225,1004.1,100,15.4,15.5,232.0,8.8,12.0,2.5
2025-05-10 04:00:00,2025,5,10,4,Huế,Phường Phú Bài,16.409296,107.6779818,64,Moderate,1,25.5,89,0.0,5.2,266,1004.4,100,16.5,16.5,248.0,9.0,13.0,2.8
2025-05-10 05:00:00,2025,5,10,5,Huế,Phường Phú Bài,16.409296,107.6779818,64,Moderate,1,25.6,90,0.0,6.0,261,1005.1,100,17.9,18.0,308.0,9.1,24.0,3.4
2025-05-10 06:00:00,2025,5,10,6,Huế,Phường Phú Bài,16.409296,107.6779818,65,Moderate,1,26.1,91,0.0,5.9,232,1005.5,34,21.5,21.7,389.0,9.2,41.0,4.4
2025-05-10 07:00:00,2025,5,10,7,Huế,Phường Phú Bài,16.409296,107.6779818,65,Moderate,1,28.4,84,0.0,4.5,270,1006.4,58,29.8,30.4,440.0,13.1,45.0,5.6
2025-05-10 08:00:00,2025,5,10,8,Huế,Phường Phú Bài,16.409296,107.6779818,67,Moderate,1,29.1,71,0.0,5.1,157,1007.6,100,26.7,27.2,433.0,10.2,76.0,6.4
2025-05-10 09:00:00,2025,5,10,9,Huế,Phường Phú Bài,16.409296,107.6779818,68,Moderate,1,30.1,67,0.0,4.1,139,1008.0,100,26.4,27.1,397.0,6.2,119.0,7.4
2025-05-10 10:00:00,2025,5,10,10,Huế,Phường Phú Bài,16.409296,107.6779818,69,Moderate,1,31.1,63,0.0,1.8,156,1007.5,100,25.7,26.4,367.0,3.4,150.0,7.8
2025-05-10 11:00:00,2025,5,10,11,Huế,Phường Phú Bài,16.409296,107.6779818,70,Moderate,1,32.4,58,0.0,0.7,346,1006.9,100,26.7,27.3,351.0,2.6,157.0,7.0
2025-05-10 12:00:00,2025,5,10,12,Huế,Phường Phú Bài,16.409296,107.6779818,72,Moderate,1,33.0,57,0.3,5.9,12,1006.1,95,28.3,29.1,342.0,2.9,152.0,5.6
2025-05-10 13:00:00,2025,5,10,13,Huế,Phường Phú Bài,16.409296,107.6779818,73,Moderate,1,33.0,57,0.0,11.0,24,1005.2,77,25.9,26.5,355.0,3.8,145.0,4.9
2025-05-10 14:00:00,2025,5,10,14,Huế,Phường Phú Bài,16.409296,107.6779818,74,Moderate,1,30.9,66,4.2,5.1,4,1005.0,100,39.8,41.1,407.0,5.1,140.0,5.5
2025-05-10 15:00:00,2025,5,10,15,Huế,Phường Phú Bài,16.409296,107.6779818,76,Moderate,1,30.5,68,0.1,5.2,226,1004.2,99,48.8,50.1,482.0,7.1,134.0,6.8
2025-05-10 16:00:00,2025,5,10,16,Huế,Phường Phú Bài,16.409296,107.6779818,95,Moderate,1,29.8,71,0.3,6.3,211,1004.3,100,52.6,53.8,546.0,10.0,124.0,8.3
2025-05-10 17:00:00,2025,5,10,17,Huế,Phường Phú Bài,16.409296,107.6779818,105,Unhealthy for Sensitive Groups,2,29.2,74,0.2,4.7,220,1004.4,100,57.5,58.7,579.0,14.4,109.0,9.9
2025-05-10 18:00:00,2025,5,10,18,Huế,Phường Phú Bài,16.409296,107.6779818,103,Unhealthy for Sensitive Groups,2,28.4,80,0.0,4.7,208,1005.4,100,60.1,61.2,602.0,19.7,91.0,11.8
2025-05-10 19:00:00,2025,5,10,19,Huế,Phường Phú Bài,16.409296,107.6779818,90,Moderate,1,27.5,88,0.0,3.3,264,1006.2,100,47.7,48.2,644.0,18.8,62.0,9.0
2025-05-10 20:00:00,2025,5,10,20,Huế,Phường Phú Bài,16.409296,107.6779818,88,Moderate,1,27.1,86,0.2,3.6,189,1007.9,100,46.9,47.3,733.0,19.8,52.0,9.4
2025-05-10 21:00:00,2025,5,10,21,Huế,Phường Phú Bài,16.409296,107.6779818,89,Moderate,1,26.8,89,0.2,4.4,215,1008.1,100,48.5,48.9,840.0,21.3,38.0,10.1
2025-05-10 22:00:00,2025,5,10,22,Huế,Phường Phú Bài,16.409296,107.6779818,90,Moderate,1,26.3,95,0.7,2.3,198,1008.3,100,50.9,51.1,912.0,23.1,27.0,10.6
2025-05-10 23:00:00,2025,5,10,23,Huế,Phường Phú Bài,16.409296,107.6779818,93,Moderate,1,25.9,98,0.7,4.5,214,1007.7,100,53.6,53.8,911.0,25.8,22.0,11.0
2025-05-11 00:00:00,2025,5,11,0,Huế,Phường Phú Bài,16.409296,107.6779818,96,Moderate,1,25.9,95,0.1,4.4,232,1006.7,100,56.2,56.5,874.0,28.8,21.0,11.4
2025-05-11 01:00:00,2025,5,11,1,Huế,Phường Phú Bài,16.409296,107.6779818,100,Moderate,1,25.7,95,0.0,2.7,238,1005.9,100,57.4,57.6,858.0,30.5,20.0,11.6
2025-05-11 02:00:00,2025,5,11,2,Huế,Phường Phú Bài,16.409296,107.6779818,105,Unhealthy for Sensitive Groups,2,25.5,95,0.0,1.6,207,1005.7,100,57.4,57.7,904.0,30.1,18.0,11.6
2025-05-11 03:00:00,2025,5,11,3,Huế,Phường Phú Bài,16.409296,107.6779818,109,Unhealthy for Sensitive Groups,2,25.5,95,0.0,1.0,239,1005.4,97,57.5,57.9,971.0,28.4,17.0,11.4
2025-05-11 04:00:00,2025,5,11,4,Huế,Phường Phú Bài,16.409296,107.6779818,113,Unhealthy for Sensitive Groups,2,25.2,95,0.0,0.4,243,1005.7,91,56.6,57.2,997.0,25.5,21.0,10.9
2025-05-11 05:00:00,2025,5,11,5,Huế,Phường Phú Bài,16.409296,107.6779818,118,Unhealthy for Sensitive Groups,2,25.0,97,0.0,3.1,263,1006.1,94,56.6,57.2,954.0,21.0,31.0,10.0
2025-05-11 06:00:00,2025,5,11,6,Huế,Phường Phú Bài,16.409296,107.6779818,122,Unhealthy for Sensitive Groups,2,25.5,95,0.0,6.2,244,1006.4,99,50.6,51.2,869.0,15.3,45.0,8.9
2025-05-11 07:00:00,2025,5,11,7,Huế,Phường Phú Bài,16.409296,107.6779818,125,Unhealthy for Sensitive Groups,2,26.4,87,0.0,6.2,330,1007.4,100,41.6,42.1,765.0,15.6,51.0,7.9
2025-05-11 08:00:00,2025,5,11,8,Huế,Phường Phú Bài,16.409296,107.6779818,126,Unhealthy for Sensitive Groups,2,27.4,83,0.0,9.1,311,1007.7,99,29.8,30.4,627.0,12.3,74.0,8.1
2025-05-11 09:00:00,2025,5,11,9,Huế,Phường Phú Bài,16.409296,107.6779818,126,Unhealthy for Sensitive Groups,2,28.8,74,0.0,7.5,323,1008.4,100,25.3,25.6,469.0,7.8,105.0,8.3
2025-05-11 10:00:00,2025,5,11,10,Huế,Phường Phú Bài,16.409296,107.6779818,126,Unhealthy for Sensitive Groups,2,28.9,70,0.3,8.8,1,1008.3,100,23.2,23.3,355.0,4.3,130.0,8.1
2025-05-11 11:00:00,2025,5,11,11,Huế,Phường Phú Bài,16.409296,107.6779818,126,Unhealthy for Sensitive Groups,2,28.9,71,0.1,7.4,14,1007.9,100,19.3,19.4,318.0,2.9,144.0,7.1
2025-05-11 12:00:00,2025,5,11,12,Huế,Phường Phú Bài,16.409296,107.6779818,125,Unhealthy for Sensitive Groups,2,27.9,74,0.1,12.7,353,1007.6,100,16.8,16.9,324.0,2.6,151.0,5.8
2025-05-11 13:00:00,2025,5,11,13,Huế,Phường Phú Bài,16.409296,107.6779818,124,Unhealthy for Sensitive Groups,2,27.7,75,0.1,4.5,317,1006.8,100,17.1,17.2,337.0,2.9,151.0,4.8
2025-05-11 14:00:00,2025,5,11,14,Huế,Phường Phú Bài,16.409296,107.6779818,123,Unhealthy for Sensitive Groups,2,27.8,75,0.3,10.6,321,1006.0,100,17.1,17.1,345.0,4.0,142.0,4.6
2025-05-11 15:00:00,2025,5,11,15,Huế,Phường Phú Bài,16.409296,107.6779818,121,Unhealthy for Sensitive Groups,2,27.4,77,0.8,8.4,310,1005.3,100,20.1,20.3,360.0,5.8,126.0,4.8
2025-05-11 16:00:00,2025,5,11,16,Huế,Phường Phú Bài,16.409296,107.6779818,118,Unhealthy for Sensitive Groups,2,26.5,82,0.6,10.1,299,1005.0,100,20.0,20.0,383.0,7.2,112.0,5.1
2025-05-11 17:00:00,2025,5,11,17,Huế,Phường Phú Bài,16.409296,107.6779818,114,Unhealthy for Sensitive Groups,2,25.3,91,0.3,11.8,298,1005.2,100,15.0,15.0,426.0,7.7,103.0,5.5
2025-05-11 18:00:00,2025,5,11,18,Huế,Phường Phú Bài,16.409296,107.6779818,110,Unhealthy for Sensitive Groups,2,24.5,94,0.1,8.7,284,1005.9,100,10.7,10.8,478.0,7.8,96.0,6.0
2025-05-11 19:00:00,2025,5,11,19,Huế,Phường Phú Bài,16.409296,107.6779818,105,Unhealthy for Sensitive Groups,2,24.3,93,0.2,11.7,274,1006.4,100,18.6,19.2,506.0,12.5,78.0,7.7
2025-05-11 20:00:00,2025,5,11,20,Huế,Phường Phú Bài,16.409296,107.6779818,102,Unhealthy for Sensitive Groups,2,24.4,92,1.5,16.1,325,1008.1,100,19.0,19.7,495.0,12.9,71.0,7.5
2025-05-11 21:00:00,2025,5,11,21,Huế,Phường Phú Bài,16.409296,107.6779818,99,Moderate,1,24.2,92,0.4,15.7,316,1008.9,100,19.2,19.9,460.0,13.4,62.0,7.1
2025-05-11 22:00:00,2025,5,11,22,Huế,Phường Phú Bài,16.409296,107.6779818,96,Moderate,1,23.7,96,0.3,10.9,294,1009.3,100,19.4,20.2,419.0,13.5,55.0,6.7
2025-05-11 23:00:00,2025,5,11,23,Huế,Phường Phú Bài,16.409296,107.6779818,93,Moderate,1,23.5,97,0.3,11.4,274,1009.2,100,20.4,21.1,369.0,13.1,51.0,6.2
2025-05-12 00:00:00,2025,5,12,0,Huế,Phường Phú Bài,16.409296,107.6779818,91,Moderate,1,23.5,95,0.2,12.5,265,1008.6,100,17.6,18.2,313.0,12.3,49.0,5.6
2025-05-12 01:00:00,2025,5,12,1,Huế,Phường Phú Bài,16.409296,107.6779818,87,Moderate,1,23.2,95,0.1,11.5,271,1008.0,100,15.4,16.0,271.0,11.4,49.0,5.2
2025-05-12 02:00:00,2025,5,12,2,Huế,Phường Phú Bài,16.409296,107.6779818,83,Moderate,1,23.0,97,0.3,10.8,273,1007.7,100,15.9,16.6,252.0,10.1,52.0,4.9
2025-05-12 03:00:00,2025,5,12,3,Huế,Phường Phú Bài,16.409296,107.6779818,80,Moderate,1,23.0,94,0.3,12.2,272,1007.6,100,15.3,16.1,248.0,8.6,57.0,4.8
2025-05-12 04:00:00,2025,5,12,4,Huế,Phường Phú Bài,16.409296,107.6779818,76,Moderate,1,22.9,94,0.2,13.1,269,1007.7,100,14.0,15.0,259.0,7.5,63.0,4.9
2025-05-12 05:00:00,2025,5,12,5,Huế,Phường Phú Bài,16.409296,107.6779818,72,Moderate,1,22.5,97,0.3,12.1,274,1007.9,100,13.2,14.2,296.0,7.2,70.0,5.4
2025-05-12 06:00:00,2025,5,12,6,Huế,Phường Phú Bài,16.409296,107.6779818,68,Moderate,1,22.5,95,0.4,13.4,265,1008.2,100,13.7,14.7,349.0,7.2,79.0,6.1
2025-05-12 07:00:00,2025,5,12,7,Huế,Phường Phú Bài,16.409296,107.6779818,65,Moderate,1,23.0,94,0.5,13.7,266,1009.0,100,9.9,11.3,388.0,6.2,90.0,5.4
2025-05-12 08:00:00,2025,5,12,8,Huế,Phường Phú Bài,16.409296,107.6779818,62,Moderate,1,24.4,86,0.1,12.2,272,1009.6,99,11.0,12.5,401.0,5.4,97.0,5.2
2025-05-12 09:00:00,2025,5,12,9,Huế,Phường Phú Bài,16.409296,107.6779818,61,Moderate,1,25.1,83,0.0,12.0,284,1009.9,100,12.2,14.2,400.0,4.2,107.0,4.8
2025-05-12 10:00:00,2025,5,12,10,Huế,Phường Phú Bài,16.409296,107.6779818,59,Moderate,1,26.1,78,0.0,12.3,302,1009.9,100,10.6,12.6,392.0,3.3,114.0,4.4
2025-05-12 11:00:00,2025,5,12,11,Huế,Phường Phú Bài,16.409296,107.6779818,58,Moderate,1,26.3,79,0.5,13.2,316,1009.7,100,11.1,12.9,376.0,2.8,116.0,3.7
2025-05-12 12:00:00,2025,5,12,12,Huế,Phường Phú Bài,16.409296,107.6779818,58,Moderate,1,26.9,77,0.1,12.3,326,1009.1,100,9.9,11.4,352.0,2.5,117.0,2.8
2025-05-12 13:00:00,2025,5,12,13,Huế,Phường Phú Bài,16.409296,107.6779818,57,Moderate,1,28.0,72,0.0,13.1,341,1007.5,100,9.4,10.7,330.0,2.5,117.0,2.4
2025-05-12 14:00:00,2025,5,12,14,Huế,Phường Phú Bài,16.409296,107.6779818,56,Moderate,1,28.5,70,0.1,13.7,358,1006.7,100,11.6,13.6,308.0,2.5,119.0,2.7
2025-05-12 15:00:00,2025,5,12,15,Huế,Phường Phú Bài,16.409296,107.6779818,56,Moderate,1,28.2,70,0.0,13.1,12,1006.2,100,13.5,16.1,286.0,2.8,122.0,3.4
2025-05-12 16:00:00,2025,5,12,16,Huế,Phường Phú Bài,16.409296,107.6779818,60,Moderate,1,27.3,73,0.0,11.0,19,1006.1,100,14.3,17.3,277.0,3.8,122.0,4.2
2025-05-12 17:00:00,2025,5,12,17,Huế,Phường Phú Bài,16.409296,107.6779818,65,Moderate,1,26.3,78,0.0,7.2,14,1006.3,100,14.1,16.2,280.0,6.0,117.0,5.0
2025-05-12 18:00:00,2025,5,12,18,Huế,Phường Phú Bài,16.409296,107.6779818,67,Moderate,1,25.5,85,0.5,6.7,56,1007.0,99,15.2,17.5,295.0,8.8,109.0,6.0
2025-05-12 19:00:00,2025,5,12,19,Huế,Phường Phú Bài,16.409296,107.6779818,66,Moderate,1,25.0,91,0.2,2.6,141,1007.6,100,15.8,18.3,330.0,9.4,91.0,5.8
2025-05-12 20:00:00,2025,5,12,20,Huế,Phường Phú Bài,16.409296,107.6779818,61,Moderate,1,25.0,85,0.0,3.8,253,1008.2,100,19.2,21.7,394.0,9.4,91.0,6.6
2025-05-12 21:00:00,2025,5,12,21,Huế,Phường Phú Bài,16.409296,107.6779818,55,Moderate,1,24.8,88,0.0,6.4,241,1008.8,100,22.3,24.9,477.0,9.3,90.0,7.7
2025-05-12 22:00:00,2025,5,12,22,Huế,Phường Phú Bài,16.409296,107.6779818,55,Moderate,1,24.4,90,0.0,5.6,248,1009.2,40,20.4,23.4,562.0,9.6,87.0,8.4
2025-05-12 23:00:00,2025,5,12,23,Huế,Phường Phú Bài,16.409296,107.6779818,55,Moderate,1,24.0,92,0.0,5.3,242,1009.2,96,22.8,25.9,656.0,10.7,77.0,8.2
2025-05-13 00:00:00,2025,5,13,0,Huế,Phường Phú Bài,16.409296,107.6779818,55,Moderate,1,24.0,91,0.0,3.9,227,1008.4,100,26.1,29.2,752.0,12.1,65.0,7.7
2025-05-13 01:00:00,2025,5,13,1,Huế,Phường Phú Bài,16.409296,107.6779818,56,Moderate,1,23.9,92,0.2,4.0,210,1008.1,100,27.8,30.6,808.0,12.5,59.0,7.5
2025-05-13 02:00:00,2025,5,13,2,Huế,Phường Phú Bài,16.409296,107.6779818,57,Moderate,1,23.8,93,0.0,2.7,228,1007.6,100,28.5,31.4,799.0,11.1,65.0,8.2
2025-05-13 03:00:00,2025,5,13,3,Huế,Phường Phú Bài,16.409296,107.6779818,58,Moderate,1,23.5,95,0.0,2.8,259,1007.4,100,22.3,25.1,750.0,8.8,76.0,9.2
2025-05-13 04:00:00,2025,5,13,4,Huế,Phường Phú Bài,16.409296,107.6779818,59,Moderate,1,23.5,95,0.0,4.0,243,1007.4,100,20.1,22.4,698.0,7.0,86.0,10.0
2025-05-13 05:00:00,2025,5,13,5,Huế,Phường Phú Bài,16.409296,107.6779818,59,Moderate,1,23.5,95,0.0,3.1,220,1007.8,100,21.4,23.5,656.0,6.5,89.0,10.5
2025-05-13 06:00:00,2025,5,13,6,Huế,Phường Phú Bài,16.409296,107.6779818,60,Moderate,1,23.8,94,0.0,4.7,212,1008.4,100,23.5,25.3,610.0,6.6,90.0,10.9
2025-05-13 07:00:00,2025,5,13,7,Huế,Phường Phú Bài,16.409296,107.6779818,61,Moderate,1,24.8,89,0.1,3.0,205,1009.0,100,30.0,31.7,557.0,12.7,70.0,10.2
2025-05-13 08:00:00,2025,5,13,8,Huế,Phường Phú Bài,16.409296,107.6779818,63,Moderate,1,26.0,83,0.0,3.6,221,1009.8,100,20.4,21.4,474.0,9.9,91.0,9.5
2025-05-13 09:00:00,2025,5,13,9,Huế,Phường Phú Bài,16.409296,107.6779818,64,Moderate,1,27.8,73,0.0,3.2,47,1010.2,100,16.5,17.3,383.0,6.0,119.0,8.4
2025-05-13 10:00:00,2025,5,13,10,Huế,Phường Phú Bài,16.409296,107.6779818,64,Moderate,1,28.5,69,0.0,0.2,90,1010.4,100,15.1,15.8,350.0,3.2,140.0,7.5
2025-05-13 11:00:00,2025,5,13,11,Huế,Phường Phú Bài,16.409296,107.6779818,64,Moderate,1,28.1,75,1.0,3.3,174,1010.6,100,15.4,16.0,440.0,2.4,146.0,6.7
2025-05-13 12:00:00,2025,5,13,12,Huế,Phường Phú Bài,16.409296,107.6779818,65,Moderate,1,27.0,87,0.9,4.0,180,1009.9,100,16.7,17.5,589.0,2.7,144.0,6.0
2025-05-13 13:00:00,2025,5,13,13,Huế,Phường Phú Bài,16.409296,107.6779818,65,Moderate,1,26.6,90,0.6,2.3,180,1009.2,100,16.8,17.6,664.0,3.1,142.0,5.6
2025-05-13 14:00:00,2025,5,13,14,Huế,Phường Phú Bài,16.409296,107.6779818,67,Moderate,1,26.8,88,0.9,3.2,128,1007.7,100,17.6,18.6,578.0,3.2,142.0,5.5
2025-05-13 15:00:00,2025,5,13,15,Huế,Phường Phú Bài,16.409296,107.6779818,78,Moderate,1,27.6,81,0.4,5.7,108,1006.9,75,20.2,21.1,419.0,3.5,141.0,5.7
2025-05-13 16:00:00,2025,5,13,16,Huế,Phường Phú Bài,16.409296,107.6779818,93,Moderate,1,27.7,79,0.0,8.6,100,1006.6,99,21.0,21.8,323.0,4.5,136.0,6.0
2025-05-13 17:00:00,2025,5,13,17,Huế,Phường Phú Bài,16.409296,107.6779818,103,Unhealthy for Sensitive Groups,2,26.9,79,0.0,7.2,102,1006.6,90,22.8,23.6,362.0,6.8,122.0,6.3
2025-05-13 18:00:00,2025,5,13,18,Huế,Phường Phú Bài,16.409296,107.6779818,103,Unhealthy for Sensitive Groups,2,26.1,83,0.0,2.9,112,1006.5,100,24.7,25.4,463.0,9.8,104.0,6.6
2025-05-13 19:00:00,2025,5,13,19,Huế,Phường Phú Bài,16.409296,107.6779818,96,Moderate,1,25.5,87,0.0,3.6,131,1006.8,100,28.5,29.5,547.0,17.6,96.0,9.7
2025-05-13 20:00:00,2025,5,13,20,Huế,Phường Phú Bài,16.409296,107.6779818,85,Moderate,1,25.3,88,0.0,3.8,183,1007.9,97,32.5,33.4,576.0,18.6,88.0,10.5
2025-05-13 21:00:00,2025,5,13,21,Huế,Phường Phú Bài,16.409296,107.6779818,73,Moderate,1,25.0,90,0.0,5.8,160,1008.5,100,34.3,35.3,587.0,20.1,76.0,11.5
2025-05-13 22:00:00,2025,5,13,22,Huế,Phường Phú Bài,16.409296,107.6779818,73,Moderate,1,24.9,91,0.0,5.6,155,1009.1,77,37.6,38.6,617.0,21.4,65.0,12.0
2025-05-13 23:00:00,2025,5,13,23,Huế,Phường Phú Bài,16.409296,107.6779818,74,Moderate,1,24.7,94,0.0,3.5,141,1009.2,95,40.3,41.2,705.0,22.7,54.0,11.4
2025-05-14 00:00:00,2025,5,14,0,Huế,Phường Phú Bài,16.409296,107.6779818,76,Moderate,1,24.5,94,0.0,0.9,191,1008.9,100,42.3,43.2,810.0,23.9,43.0,10.2
2025-05-14 01:00:00,2025,5,14,1,Huế,Phường Phú Bài,16.409296,107.6779818,77,Moderate,1,24.2,96,0.0,2.3,247,1008.4,89,43.2,44.1,851.0,24.2,36.0,9.1
2025-05-14 02:00:00,2025,5,14,2,Huế,Phường Phú Bài,16.409296,107.6779818,79,Moderate,1,23.9,98,0.0,4.8,250,1007.7,7,42.5,43.3,761.0,23.2,34.0,8.0
2025-05-14 03:00:00,2025,5,14,3,Huế,Phường Phú Bài,16.409296,107.6779818,80,Moderate,1,23.6,99,0.0,5.9,239,1007.8,53,41.3,42.0,606.0,21.3,35.0,7.0
2025-05-14 04:00:00,2025,5,14,4,Huế,Phường Phú Bài,16.409296,107.6779818,82,Moderate,1,23.4,99,0.0,5.5,226,1008.0,83,38.0,38.5,500.0,19.2,41.0,6.4
2025-05-14 05:00:00,2025,5,14,5,Huế,Phường Phú Bài,16.409296,107.6779818,83,Moderate,1,23.2,98,0.0,4.5,214,1008.6,73,39.3,39.8,511.0,17.0,50.0,6.8
2025-05-14 06:00:00,2025,5,14,6,Huế,Phường Phú Bài,16.409296,107.6779818,85,Moderate,1,23.8,95,0.0,5.9,232,1009.2,86,36.1,36.6,571.0,14.6,63.0,7.7
2025-05-14 07:00:00,2025,5,14,7,Huế,Phường Phú Bài,16.409296,107.6779818,86,Moderate,1,26.3,85,0.0,3.6,229,1009.7,77,40.2,41.4,595.0,10.8,84.0,6.9
2025-05-14 08:00:00,2025,5,14,8,Huế,Phường Phú Bài,16.409296,107.6779818,87,Moderate,1,28.5,76,0.0,4.1,128,1010.9,26,28.6,29.3,535.0,8.8,113.0,7.1
2025-05-14 09:00:00,2025,5,14,9,Huế,Phường Phú Bài,16.409296,107.6779818,88,Moderate,1,29.8,69,0.0,4.5,90,1010.9,98,23.8,24.4,439.0,6.0,152.0,7.4
2025-05-14 10:00:00,2025,5,14,10,Huế,Phường Phú Bài,16.409296,107.6779818,88,Moderate,1,30.5,67,0.0,6.7,52,1010.4,22,23.2,23.8,364.0,3.9,181.0,7.2
2025-05-14 11:00:00,2025,5,14,11,Huế,Phường Phú Bài,16.409296,107.6779818,89,Moderate,1,30.5,71,0.4,7.8,58,1009.9,57,22.2,22.8,324.0,2.9,190.0,6.0
2025-05-14 12:00:00,2025,5,14,12,Huế,Phường Phú Bài,16.409296,107.6779818,90,Moderate,1,31.5,69,0.1,8.5,55,1009.1,20,21.9,22.6,304.0,2.6,188.0,4.4
2025-05-14 13:00:00,2025,5,14,13,Huế,Phường Phú Bài,16.409296,107.6779818,90,Moderate,1,31.8,68,0.2,9.8,52,1008.4,47,22.4,23.3,320.0,3.0,180.0,3.4
2025-05-14 14:00:00,2025,5,14,14,Huế,Phường Phú Bài,16.409296,107.6779818,111,Unhealthy for Sensitive Groups,2,30.5,74,0.8,5.9,102,1007.6,99,23.3,24.2,394.0,4.1,163.0,3.5
2025-05-14 15:00:00,2025,5,14,15,Huế,Phường Phú Bài,16.409296,107.6779818,133,Unhealthy for Sensitive Groups,2,29.1,80,0.3,3.3,186,1007.0,100,27.3,28.1,503.0,5.9,140.0,4.2
2025-05-14 16:00:00,2025,5,14,16,Huế,Phường Phú Bài,16.409296,107.6779818,145,Unhealthy for Sensitive Groups,2,28.7,80,0.3,5.6,151,1006.9,98,32.7,33.4,591.0,8.7,119.0,5.4
2025-05-14 17:00:00,2025,5,14,17,Huế,Phường Phú Bài,16.409296,107.6779818,146,Unhealthy for Sensitive Groups,2,28.5,80,0.0,2.4,126,1006.5,100,30.9,31.5,614.0,13.1,104.0,7.4
2025-05-14 18:00:00,2025,5,14,18,Huế,Phường Phú Bài,16.409296,107.6779818,136,Unhealthy for Sensitive Groups,2,27.5,85,0.0,5.5,117,1007.3,100,36.1,36.7,616.0,18.4,91.0,10.0
2025-05-14 19:00:00,2025,5,14,19,Huế,Phường Phú Bài,16.409296,107.6779818,116,Unhealthy for Sensitive Groups,2,26.9,91,0.0,2.4,117,1008.0,100,35.2,36.1,667.0,18.0,73.0,8.0
2025-05-14 20:00:00,2025,5,14,20,Huế,Phường Phú Bài,16.409296,107.6779818,95,Moderate,1,25.6,98,0.2,6.4,230,1008.8,100,36.1,36.8,837.0,18.3,64.0,8.2
2025-05-14 21:00:00,2025,5,14,21,Huế,Phường Phú Bài,16.409296,107.6779818,95,Moderate,1,25.6,99,0.0,3.8,199,1009.0,96,39.5,40.0,1056.0,18.8,51.0,8.4
2025-05-14 22:00:00,2025,5,14,22,Huế,Phường Phú Bài,16.409296,107.6779818,96,Moderate,1,25.5,96,0.0,0.4,243,1009.8,100,39.7,40.2,1191.0,19.5,40.0,8.4
2025-05-14 23:00:00,2025,5,14,23,Huế,Phường Phú Bài,16.409296,107.6779818,96,Moderate,1,25.4,97,0.0,2.4,99,1009.8,100,39.9,40.5,1182.0,20.7,32.0,7.8
2025-05-15 00:00:00,2025,5,15,0,Huế,Phường Phú Bài,16.409296,107.6779818,96,Moderate,1,25.3,98,0.0,1.2,129,1009.5,100,42.3,42.7,1089.0,22.2,24.0,7.0
2025-05-15 01:00:00,2025,5,15,1,Huế,Phường Phú Bài,16.409296,107.6779818,96,Moderate,1,24.9,99,0.0,2.2,180,1008.7,98,43.4,43.9,957.0,22.9,19.0,6.2
2025-05-15 02:00:00,2025,5,15,2,Huế,Phường Phú Bài,16.409296,107.6779818,96,Moderate,1,24.7,100,0.0,4.6,231,1008.3,99,43.8,44.2,762.0,22.4,14.0,5.4
2025-05-15 03:00:00,2025,5,15,3,Huế,Phường Phú Bài,16.409296,107.6779818,96,Moderate,1,24.4,99,0.0,6.0,233,1007.9,100,43.9,44.2,528.0,21.1,10.0,4.6
2025-05-15 04:00:00,2025,5,15,4,Huế,Phường Phú Bài,16.409296,107.6779818,96,Moderate,1,24.1,98,0.0,4.0,238,1007.7,100,42.8,43.3,369.0,19.4,13.0,4.3
2025-05-15 05:00:00,2025,5,15,5,Huế,Phường Phú Bài,16.409296,107.6779818,97,Moderate,1,24.0,97,0.0,1.9,221,1008.4,100,42.1,42.5,356.0,17.3,26.0,4.7
2025-05-15 06:00:00,2025,5,15,6,Huế,Phường Phú Bài,16.409296,107.6779818,97,Moderate,1,24.5,97,0.0,3.1,208,1009.0,100,43.9,44.4,417.0,14.9,46.0,5.5
2025-05-15 07:00:00,2025,5,15,7,Huế,Phường Phú Bài,16.409296,107.6779818,98,Moderate,1,26.0,92,0.0,3.6,207,1009.5,99,25.5,25.9,455.0,12.0,44.0,5.5
2025-05-15 08:00:00,2025,5,15,8,Huế,Phường Phú Bài,16.409296,107.6779818,96,Moderate,1,27.2,86,0.0,4.5,34,1010.9,100,25.8,26.4,427.0,9.6,76.0,6.0
2025-05-15 09:00:00,2025,5,15,9,Huế,Phường Phú Bài,16.409296,107.6779818,96,Moderate,1,28.3,81,0.0,2.5,30,1011.6,100,22.8,23.5,375.0,6.3,119.0,6.8
2025-05-15 10:00:00,2025,5,15,10,Huế,Phường Phú Bài,16.409296,107.6779818,96,Moderate,1,29.6,75,0.1,0.9,127,1011.0,100,21.5,22.4,330.0,3.9,153.0,7.3
2025-05-15 11:00:00,2025,5,15,11,Huế,Phường Phú Bài,16.409296,107.6779818,96,Moderate,1,31.0,69,0.1,5.7,118,1010.7,100,20.6,21.6,294.0,3.4,167.0,7.4
2025-05-15 12:00:00,2025,5,15,12,Huế,Phường Phú Bài,16.409296,107.6779818,96,Moderate,1,32.0,66,0.0,6.1,109,1009.5,100,23.1,24.2,264.0,3.9,171.0,7.3
2025-05-15 13:00:00,2025,5,15,13,Huế,Phường Phú Bài,16.409296,107.6779818,96,Moderate,1,32.8,63,0.0,6.5,88,1008.1,100,24.4,25.6,261.0,4.4,171.0,7.0
2025-05-15 14:00:00,2025,5,15,14,Huế,Phường Phú Bài,16.409296,107.6779818,96,Moderate,1,32.7,62,0.0,8.7,76,1006.9,100,26.4,27.4,307.0,4.1,170.0,6.5
2025-05-15 15:00:00,2025,5,15,15,Huế,Phường Phú Bài,16.409296,107.6779818,96,Moderate,1,31.8,65,0.0,10.5,70,1006.3,100,25.6,26.4,380.0,3.7,165.0,5.8
2025-05-15 16:00:00,2025,5,15,16,Huế,Phường Phú Bài,16.409296,107.6779818,120,Unhealthy for Sensitive Groups,2,30.7,70,0.0,12.1,73,1006.1,100,24.6,25.4,432.0,4.9,152.0,5.5
2025-05-15 17:00:00,2025,5,15,17,Huế,Phường Phú Bài,16.409296,107.6779818,136,Unhealthy for Sensitive Groups,2,29.8,77,0.0,10.0,69,1006.4,99,24.2,25.0,431.0,9.2,126.0,6.0
2025-05-15 18:00:00,2025,5,15,18,Huế,Phường Phú Bài,16.409296,107.6779818,138,Unhealthy for Sensitive Groups,2,28.8,86,0.0,2.0,185,1006.7,60,29.2,30.0,409.0,14.9,93.0,6.8
2025-05-15 19:00:00,2025,5,15,19,Huế,Phường Phú Bài,16.409296,107.6779818,125,Unhealthy for Sensitive Groups,2,27.7,86,0.0,5.4,240,1007.3,33,21.1,21.8,418.0,11.2,104.0,7.1
2025-05-15 20:00:00,2025,5,15,20,Huế,Phường Phú Bài,16.409296,107.6779818,112,Unhealthy for Sensitive Groups,2,27.4,89,0.0,8.6,233,1008.5,46,21.4,22.0,500.0,11.6,89.0,7.0
2025-05-15 21:00:00,2025,5,15,21,Huế,Phường Phú Bài,16.409296,107.6779818,94,Moderate,1,27.0,86,0.0,4.5,214,1009.2,33,22.1,22.6,612.0,12.1,69.0,6.9
2025-05-15 22:00:00,2025,5,15,22,Huế,Phường Phú Bài,16.409296,107.6779818,90,Moderate,1,26.4,90,0.0,6.0,196,1009.9,21,22.9,23.3,678.0,12.4,51.0,6.6
2025-05-15 23:00:00,2025,5,15,23,Huế,Phường Phú Bài,16.409296,107.6779818,89,Moderate,1,25.9,93,0.0,5.1,184,1009.9,30,22.3,22.7,657.0,12.3,40.0,5.9
2025-05-16 00:00:00,2025,5,16,0,Huế,Phường Phú Bài,16.409296,107.6779818,87,Moderate,1,25.4,96,0.0,5.8,194,1009.4,100,21.7,21.9,590.0,12.1,32.0,4.9
2025-05-16 01:00:00,2025,5,16,1,Huế,Phường Phú Bài,16.409296,107.6779818,85,Moderate,1,25.5,94,0.0,6.6,202,1008.8,100,20.7,21.0,524.0,11.7,25.0,4.1
2025-05-16 02:00:00,2025,5,16,2,Huế,Phường Phú Bài,16.409296,107.6779818,83,Moderate,1,25.4,93,0.0,5.3,213,1008.2,100,19.9,20.2,466.0,11.2,18.0,3.5
2025-05-16 03:00:00,2025,5,16,3,Huế,Phường Phú Bài,16.409296,107.6779818,81,Moderate,1,25.3,93,0.0,5.1,238,1007.7,100,19.3,19.6,409.0,10.6,13.0,3.0
2025-05-16 04:00:00,2025,5,16,4,Huế,Phường Phú Bài,16.409296,107.6779818,79,Moderate,1,25.1,94,0.0,5.7,226,1007.5,78,18.7,19.0,374.0,10.1,13.0,2.9
2025-05-16 05:00:00,2025,5,16,5,Huế,Phường Phú Bài,16.409296,107.6779818,77,Moderate,1,24.5,96,0.0,5.2,224,1007.6,97,18.5,18.7,386.0,10.2,18.0,3.4
2025-05-16 06:00:00,2025,5,16,6,Huế,Phường Phú Bài,16.409296,107.6779818,75,Moderate,1,24.9,94,0.0,6.2,229,1007.6,100,18.7,19.0,419.0,10.5,27.0,4.2
2025-05-16 07:00:00,2025,5,16,7,Huế,Phường Phú Bài,16.409296,107.6779818,72,Moderate,1,27.6,82,0.0,3.8,211,1008.2,100,20.0,20.3,424.0,11.4,47.0,5.5
2025-05-16 08:00:00,2025,5,16,8,Huế,Phường Phú Bài,16.409296,107.6779818,72,Moderate,1,29.5,72,0.0,4.6,193,1009.6,100,18.0,18.5,363.0,8.9,82.0,5.6
2025-05-16 09:00:00,2025,5,16,9,Huế,Phường Phú Bài,16.409296,107.6779818,71,Moderate,1,31.8,62,0.0,5.1,163,1009.7,100,15.7,16.3,273.0,5.5,130.0,5.8
2025-05-16 10:00:00,2025,5,16,10,Huế,Phường Phú Bài,16.409296,107.6779818,71,Moderate,1,33.2,57,0.0,5.5,126,1009.4,100,13.5,14.1,212.0,3.0,167.0,5.7
2025-05-16 11:00:00,2025,5,16,11,Huế,Phường Phú Bài,16.409296,107.6779818,70,Moderate,1,33.8,55,0.0,6.5,87,1008.8,100,12.3,13.0,213.0,2.1,182.0,5.3
2025-05-16 12:00:00,2025,5,16,12,Huế,Phường Phú Bài,16.409296,107.6779818,69,Moderate,1,34.0,58,0.0,8.9,63,1007.7,73,12.4,13.2,243.0,2.0,186.0,4.7
2025-05-16 13:00:00,2025,5,16,13,Huế,Phường Phú Bài,16.409296,107.6779818,68,Moderate,1,33.4,60,1.0,11.4,66,1006.7,60,13.0,13.8,261.0,2.2,185.0,4.2
2025-05-16 14:00:00,2025,5,16,14,Huế,Phường Phú Bài,16.409296,107.6779818,81,Moderate,1,33.7,61,0.0,8.2,76,1005.9,72,12.3,13.1,241.0,1.9,181.0,3.9
2025-05-16 15:00:00,2025,5,16,15,Huế,Phường Phú Bài,16.409296,107.6779818,113,Unhealthy for Sensitive Groups,2,33.2,63,0.6,8.3,101,1005.2,98,12.8,13.6,208.0,1.7,172.0,3.7
2025-05-16 16:00:00,2025,5,16,16,Huế,Phường Phú Bài,16.409296,107.6779818,140,Unhealthy for Sensitive Groups,2,31.5,68,2.4,9.5,179,1005.2,81,13.1,13.9,206.0,3.3,156.0,4.1
2025-05-16 17:00:00,2025,5,16,17,Huế,Phường Phú Bài,16.409296,107.6779818,154,Unhealthy,3,31.0,69,0.0,7.3,191,1005.2,64,13.2,13.9,263.0,8.1,130.0,5.5
2025-05-16 18:00:00,2025,5,16,18,Huế,Phường Phú Bài,16.409296,107.6779818,154,Unhealthy,3,29.7,75,0.0,4.0,148,1006.0,99,16.1,16.9,349.0,14.5,98.0,7.4
2025-05-16 19:00:00,2025,5,16,19,Huế,Phường Phú Bài,16.409296,107.6779818,141,Unhealthy for Sensitive Groups,2,28.8,82,0.0,2.2,138,1006.5,38,24.3,25.2,417.0,13.2,97.0,7.2
2025-05-16 20:00:00,2025,5,16,20,Huế,Phường Phú Bài,16.409296,107.6779818,123,Unhealthy for Sensitive Groups,2,28.6,84,0.0,2.2,166,1007.3,8,26.7,27.8,453.0,14.3,84.0,7.8
2025-05-16 21:00:00,2025,5,16,21,Huế,Phường Phú Bài,16.409296,107.6779818,101,Unhealthy for Sensitive Groups,2,28.0,89,0.0,2.7,172,1008.3,3,27.5,28.6,471.0,15.7,65.0,8.6
2025-05-16 22:00:00,2025,5,16,22,Huế,Phường Phú Bài,16.409296,107.6779818,76,Moderate,1,27.4,91,0.0,4.0,148,1008.8,12,29.2,30.2,464.0,16.5,49.0,8.8
2025-05-16 23:00:00,2025,5,16,23,Huế,Phường Phú Bài,16.409296,107.6779818,63,Moderate,1,26.9,92,0.0,5.8,158,1008.8,27,31.0,31.9,415.0,16.2,39.0,8.0
2025-05-17 00:00:00,2025,5,17,0,Huế,Phường Phú Bài,16.409296,107.6779818,64,Moderate,1,26.3,92,0.0,6.0,177,1008.1,48,29.7,30.5,340.0,15.3,33.0,6.6
2025-05-17 01:00:00,2025,5,17,1,Huế,Phường Phú Bài,16.409296,107.6779818,65,Moderate,1,25.9,91,0.0,6.0,205,1007.7,95,28.2,28.6,283.0,14.3,27.0,5.4
2025-05-17 02:00:00,2025,5,17,2,Huế,Phường Phú Bài,16.409296,107.6779818,66,Moderate,1,25.6,90,0.0,5.3,204,1007.3,78,27.2,27.5,259.0,13.3,20.0,4.7
2025-05-17 03:00:00,2025,5,17,3,Huế,Phường Phú Bài,16.409296,107.6779818,66,Moderate,1,25.5,90,0.0,4.7,198,1007.1,100,26.5,26.8,253.0,12.1,14.0,4.1
2025-05-17 04:00:00,2025,5,17,4,Huế,Phường Phú Bài,16.409296,107.6779818,67,Moderate,1,25.5,90,0.0,4.8,225,1007.0,86,25.8,26.1,259.0,11.0,15.0,3.9
2025-05-17 05:00:00,2025,5,17,5,Huế,Phường Phú Bài,16.409296,107.6779818,68,Moderate,1,25.2,90,0.0,5.0,244,1007.3,12,25.7,26.0,288.0,10.1,25.0,4.2
2025-05-17 06:00:00,2025,5,17,6,Huế,Phường Phú Bài,16.409296,107.6779818,68,Moderate,1,25.4,89,0.0,6.6,223,1007.5,53,27.5,27.9,330.0,9.3,42.0,4.8
2025-05-17 07:00:00,2025,5,17,7,Huế,Phường Phú Bài,16.409296,107.6779818,69,Moderate,1,28.0,79,0.0,4.3,213,1008.0,99,24.2,24.7,348.0,7.8,63.0,4.7
2025-05-17 08:00:00,2025,5,17,8,Huế,Phường Phú Bài,16.409296,107.6779818,69,Moderate,1,31.1,66,0.0,4.6,211,1009.1,100,22.2,22.8,318.0,6.3,92.0,5.1
2025-05-17 09:00:00,2025,5,17,9,Huế,Phường Phú Bài,16.409296,107.6779818,70,Moderate,1,33.2,57,0.0,2.6,155,1008.6,99,19.3,19.8,266.0,4.2,133.0,5.7
2025-05-17 10:00:00,2025,5,17,10,Huế,Phường Phú Bài,16.409296,107.6779818,70,Moderate,1,34.3,54,0.0,5.4,84,1008.4,100,17.8,18.3,228.0,2.7,164.0,5.9
2025-05-17 11:00:00,2025,5,17,11,Huế,Phường Phú Bài,16.409296,107.6779818,70,Moderate,1,34.7,57,0.0,8.8,73,1008.2,99,16.5,17.2,225.0,2.1,178.0,5.6
2025-05-17 12:00:00,2025,5,17,12,Huế,Phường Phú Bài,16.409296,107.6779818,71,Moderate,1,34.2,60,1.5,12.5,63,1007.8,100,15.8,16.6,238.0,2.1,183.0,4.9
2025-05-17 13:00:00,2025,5,17,13,Huế,Phường Phú Bài,16.409296,107.6779818,71,Moderate,1,34.7,55,0.2,13.2,66,1006.4,100,15.4,16.2,246.0,2.2,183.0,4.4
2025-05-17 14:00:00,2025,5,17,14,Huế,Phường Phú Bài,16.409296,107.6779818,87,Moderate,1,33.0,66,4.6,10.9,71,1006.3,100,15.2,16.0,228.0,1.9,180.0,3.9
2025-05-17 15:00:00,2025,5,17,15,Huế,Phường Phú Bài,16.409296,107.6779818,117,Unhealthy for Sensitive Groups,2,32.5,65,1.1,7.9,191,1005.4,93,13.5,14.2,206.0,1.8,173.0,3.5
2025-05-17 16:00:00,2025,5,17,16,Huế,Phường Phú Bài,16.409296,107.6779818,140,Unhealthy for Sensitive Groups,2,31.1,70,0.2,11.6,224,1005.3,76,12.5,13.3,222.0,3.0,161.0,3.7
2025-05-17 17:00:00,2025,5,17,17,Huế,Phường Phú Bài,16.409296,107.6779818,154,Unhealthy,3,30.9,71,0.0,5.6,211,1005.0,16,12.8,13.5,309.0,6.5,141.0,4.8
2025-05-17 18:00:00,2025,5,17,18,Huế,Phường Phú Bài,16.409296,107.6779818,155,Unhealthy,3,29.8,78,0.0,2.7,247,1005.7,9,16.1,16.8,435.0,11.4,116.0,6.4
2025-05-17 19:00:00,2025,5,17,19,Huế,Phường Phú Bài,16.409296,107.6779818,146,Unhealthy for Sensitive Groups,2,28.9,84,0.0,0.6,146,1006.4,2,25.1,26.1,541.0,14.0,98.0,7.4
2025-05-17 20:00:00,2025,5,17,20,Huế,Phường Phú Bài,16.409296,107.6779818,129,Unhealthy for Sensitive Groups,2,28.6,86,0.0,2.5,172,1007.2,11,31.0,32.2,611.0,15.7,85.0,8.4
2025-05-17 21:00:00,2025,5,17,21,Huế,Phường Phú Bài,16.409296,107.6779818,108,Unhealthy for Sensitive Groups,2,28.1,89,0.0,0.8,135,1008.2,7,33.5,35.0,661.0,18.1,67.0,9.8
2025-05-17 22:00:00,2025,5,17,22,Huế,Phường Phú Bài,16.409296,107.6779818,84,Moderate,1,27.5,93,0.0,3.1,152,1009.0,21,34.9,36.4,689.0,20.3,50.0,10.6
2025-05-17 23:00:00,2025,5,17,23,Huế,Phường Phú Bài,16.409296,107.6779818,73,Moderate,1,26.8,96,0.0,2.1,218,1009.2,65,37.7,39.1,696.0,22.6,36.0,10.6
2025-05-18 00:00:00,2025,5,18,0,Huế,Phường Phú Bài,16.409296,107.6779818,74,Moderate,1,26.2,98,0.0,3.3,234,1008.9,100,39.5,40.7,680.0,24.7,24.0,10.0
2025-05-18 01:00:00,2025,5,18,1,Huế,Phường Phú Bài,16.409296,107.6779818,74,Moderate,1,25.7,98,0.0,4.2,223,1008.0,100,39.7,40.6,629.0,25.0,17.0,9.1
2025-05-18 02:00:00,2025,5,18,2,Huế,Phường Phú Bài,16.409296,107.6779818,75,Moderate,1,25.3,96,0.0,4.5,233,1007.5,100,37.0,37.5,509.0,22.0,16.0,7.6
2025-05-18 03:00:00,2025,5,18,3,Huế,Phường Phú Bài,16.409296,107.6779818,76,Moderate,1,25.0,95,0.0,5.0,232,1007.2,99,33.8,34.1,353.0,17.1,20.0,5.9
2025-05-18 04:00:00,2025,5,18,4,Huế,Phường Phú Bài,16.409296,107.6779818,77,Moderate,1,24.8,94,0.0,5.0,229,1007.3,100,27.1,27.5,249.0,13.0,27.0,4.7
2025-05-18 05:00:00,2025,5,18,5,Huế,Phường Phú Bài,16.409296,107.6779818,77,Moderate,1,24.6,94,0.0,5.2,196,1007.6,100,19.8,20.0,251.0,10.7,34.0,4.7
2025-05-18 06:00:00,2025,5,18,6,Huế,Phường Phú Bài,16.409296,107.6779818,77,Moderate,1,25.4,87,0.0,7.2,202,1008.0,100,15.1,15.1,306.0,9.2,44.0,5.4
2025-05-18 07:00:00,2025,5,18,7,Huế,Phường Phú Bài,16.409296,107.6779818,75,Moderate,1,28.1,77,0.0,4.7,208,1008.8,100,23.2,23.6,339.0,9.1,67.0,6.6
2025-05-18 08:00:00,2025,5,18,8,Huế,Phường Phú Bài,16.409296,107.6779818,75,Moderate,1,31.0,66,0.0,2.9,158,1009.4,100,21.1,21.5,315.0,7.3,96.0,6.8
2025-05-18 09:00:00,2025,5,18,9,Huế,Phường Phú Bài,16.409296,107.6779818,75,Moderate,1,32.8,60,0.0,2.4,107,1009.5,100,18.2,18.5,270.0,4.8,136.0,7.2
2025-05-18 10:00:00,2025,5,18,10,Huế,Phường Phú Bài,16.409296,107.6779818,75,Moderate,1,33.9,57,0.0,5.9,72,1009.1,98,19.0,19.4,240.0,2.9,168.0,7.1
2025-05-18 11:00:00,2025,5,18,11,Huế,Phường Phú Bài,16.409296,107.6779818,75,Moderate,1,34.3,57,0.1,8.3,57,1008.6,99,20.0,20.4,245.0,2.3,185.0,6.3
2025-05-18 12:00:00,2025,5,18,12,Huế,Phường Phú Bài,16.409296,107.6779818,76,Moderate,1,34.6,57,0.0,10.3,47,1007.8,17,20.0,20.5,265.0,2.3,194.0,5.2
2025-05-18 13:00:00,2025,5,18,13,Huế,Phường Phú Bài,16.409296,107.6779818,76,Moderate,1,32.5,63,1.1,9.5,63,1006.8,72,21.1,21.8,276.0,2.5,198.0,4.4
2025-05-18 14:00:00,2025,5,18,14,Huế,Phường Phú Bài,16.409296,107.6779818,98,Moderate,1,33.2,60,0.1,4.5,97,1005.9,23,20.2,21.0,262.0,2.2,199.0,4.3
2025-05-18 15:00:00,2025,5,18,15,Huế,Phường Phú Bài,16.409296,107.6779818,131,Unhealthy for Sensitive Groups,2,31.4,66,1.7,8.0,185,1005.3,40,20.8,21.9,239.0,2.1,196.0,4.5
2025-05-18 16:00:00,2025,5,18,16,Huế,Phường Phú Bài,16.409296,107.6779818,156,Unhealthy,3,31.6,66,0.1,7.8,187,1004.6,70,20.5,21.8,233.0,3.5,184.0,5.2
2025-05-18 17:00:00,2025,5,18,17,Huế,Phường Phú Bài,16.409296,107.6779818,170,Unhealthy,3,31.2,67,0.0,7.2,158,1004.7,99,19.4,20.6,261.0,7.9,157.0,6.6
2025-05-18 18:00:00,2025,5,18,18,Huế,Phường Phú Bài,16.409296,107.6779818,174,Unhealthy,3,29.9,76,0.0,2.2,125,1005.2,13,21.8,22.9,306.0,13.8,122.0,8.4
2025-05-18 19:00:00,2025,5,18,19,Huế,Phường Phú Bài,16.409296,107.6779818,166,Unhealthy,3,28.9,79,0.0,3.2,56,1005.9,7,42.0,43.7,345.0,17.3,100.0,9.6
2025-05-18 20:00:00,2025,5,18,20,Huế,Phường Phú Bài,16.409296,107.6779818,153,Unhealthy,3,28.8,85,0.0,1.5,187,1006.7,73,46.7,48.7,370.0,18.0,85.0,9.7
2025-05-18 21:00:00,2025,5,18,21,Huế,Phường Phú Bài,16.409296,107.6779818,130,Unhealthy for Sensitive Groups,2,28.3,87,0.0,0.9,180,1007.5,38,47.8,49.8,390.0,19.0,64.0,9.9
2025-05-18 22:00:00,2025,5,18,22,Huế,Phường Phú Bài,16.409296,107.6779818,102,Unhealthy for Sensitive Groups,2,27.5,91,0.0,1.5,194,1007.8,28,45.6,47.4,405.0,19.4,47.0,9.7
2025-05-18 23:00:00,2025,5,18,23,Huế,Phường Phú Bài,16.409296,107.6779818,84,Moderate,1,26.8,93,0.0,2.1,200,1007.6,31,44.1,45.8,423.0,18.8,39.0,8.8
2025-05-19 00:00:00,2025,5,19,0,Huế,Phường Phú Bài,16.409296,107.6779818,85,Moderate,1,26.2,94,0.0,4.2,198,1006.9,71,43.7,45.2,437.0,17.7,35.0,7.6
2025-05-19 01:00:00,2025,5,19,1,Huế,Phường Phú Bài,16.409296,107.6779818,85,Moderate,1,26.0,92,0.0,5.0,195,1006.4,89,43.4,44.8,430.0,16.5,31.0,6.5
2025-05-19 02:00:00,2025,5,19,2,Huế,Phường Phú Bài,16.409296,107.6779818,86,Moderate,1,25.6,91,0.0,4.8,191,1006.0,97,42.8,44.2,381.0,15.3,24.0,5.6
2025-05-19 03:00:00,2025,5,19,3,Huế,Phường Phú Bài,16.409296,107.6779818,86,Moderate,1,25.5,91,0.0,3.8,197,1005.9,100,41.9,43.1,312.0,14.1,18.0,4.9
2025-05-19 04:00:00,2025,5,19,4,Huế,Phường Phú Bài,16.409296,107.6779818,87,Moderate,1,25.4,92,0.0,2.3,231,1005.9,99,40.5,41.4,265.0,12.8,18.0,4.4
2025-05-19 05:00:00,2025,5,19,5,Huế,Phường Phú Bài,16.409296,107.6779818,88,Moderate,1,25.2,91,0.0,3.8,245,1006.2,95,39.1,39.9,268.0,11.6,28.0,4.3
2025-05-19 06:00:00,2025,5,19,6,Huế,Phường Phú Bài,16.409296,107.6779818,90,Moderate,1,25.6,88,0.0,6.0,233,1006.4,93,39.3,40.2,294.0,10.4,44.0,4.4
2025-05-19 07:00:00,2025,5,19,7,Huế,Phường Phú Bài,16.409296,107.6779818,92,Moderate,1,28.1,77,0.0,4.0,207,1006.9,99,47.5,49.1,307.0,10.0,77.0,5.6
2025-05-19 08:00:00,2025,5,19,8,Huế,Phường Phú Bài,16.409296,107.6779818,94,Moderate,1,30.8,70,0.0,3.1,180,1007.6,100,36.3,38.1,286.0,8.0,99.0,5.8
2025-05-19 09:00:00,2025,5,19,9,Huế,Phường Phú Bài,16.409296,107.6779818,96,Moderate,1,32.8,62,0.0,1.0,121,1007.6,100,28.6,30.3,252.0,5.3,130.0,6.1
2025-05-19 10:00:00,2025,5,19,10,Huế,Phường Phú Bài,16.409296,107.6779818,96,Moderate,1,34.0,58,0.0,3.6,57,1007.4,99,26.1,27.7,229.0,3.3,156.0,6.2
2025-05-19 11:00:00,2025,5,19,11,Huế,Phường Phú Bài,16.409296,107.6779818,97,Moderate,1,34.3,60,0.0,6.9,43,1007.3,100,25.0,26.7,231.0,2.7,172.0,6.0
2025-05-19 12:00:00,2025,5,19,12,Huế,Phường Phú Bài,16.409296,107.6779818,98,Moderate,1,34.8,60,0.3,8.8,39,1006.4,96,25.3,27.0,246.0,2.8,182.0,5.7
2025-05-19 13:00:00,2025,5,19,13,Huế,Phường Phú Bài,16.409296,107.6779818,98,Moderate,1,34.8,57,0.0,11.8,36,1005.6,37,24.4,26.0,257.0,3.1,188.0,5.5
2025-05-19 14:00:00,2025,5,19,14,Huế,Phường Phú Bài,16.409296,107.6779818,98,Moderate,1,30.0,75,9.0,9.6,257,1005.9,96,23.7,25.0,254.0,3.1,190.0,5.4
2025-05-19 15:00:00,2025,5,19,15,Huế,Phường Phú Bài,16.409296,107.6779818,120,Unhealthy for Sensitive Groups,2,28.3,82,0.4,9.6,192,1004.1,66,24.2,25.4,248.0,3.3,186.0,5.4
2025-05-19 16:00:00,2025,5,19,16,Huế,Phường Phú Bài,16.409296,107.6779818,144,Unhealthy for Sensitive Groups,2,29.6,78,0.4,8.9,209,1003.7,98,27.4,28.5,260.0,4.1,175.0,5.5
2025-05-19 17:00:00,2025,5,19,17,Huế,Phường Phú Bài,16.409296,107.6779818,157,Unhealthy,3,30.0,74,0.1,7.8,195,1003.6,70,28.9,29.8,290.0,6.0,151.0,5.8
2025-05-19 18:00:00,2025,5,19,18,Huế,Phường Phú Bài,16.409296,107.6779818,161,Unhealthy,3,29.1,80,0.0,3.1,187,1004.2,21,29.7,30.4,339.0,8.5,120.0,6.3
2025-05-19 19:00:00,2025,5,19,19,Huế,Phường Phú Bài,16.409296,107.6779818,155,Unhealthy,3,28.1,88,0.0,1.8,191,1005.0,0,38.5,39.7,425.0,10.6,110.0,7.5
2025-05-19 20:00:00,2025,5,19,20,Huế,Phường Phú Bài,16.409296,107.6779818,143,Unhealthy for Sensitive Groups,2,27.6,88,0.0,4.0,172,1006.0,67,41.9,42.7,595.0,12.3,92.0,8.3
2025-05-19 21:00:00,2025,5,19,21,Huế,Phường Phú Bài,16.409296,107.6779818,124,Unhealthy for Sensitive Groups,2,27.1,90,0.0,4.0,188,1006.7,85,45.4,46.2,803.0,14.7,67.0,9.3
2025-05-19 22:00:00,2025,5,19,22,Huế,Phường Phú Bài,16.409296,107.6779818,100,Moderate,1,26.5,92,0.0,3.9,208,1007.2,60,46.7,47.4,929.0,16.2,46.0,9.7
2025-05-19 23:00:00,2025,5,19,23,Huế,Phường Phú Bài,16.409296,107.6779818,100,Moderate,1,25.9,95,0.0,3.6,189,1007.1,93,44.7,45.4,910.0,16.1,34.0,8.9
2025-05-20 00:00:00,2025,5,20,0,Huế,Phường Phú Bài,16.409296,107.6779818,100,Moderate,1,25.3,96,0.0,5.7,198,1006.5,98,41.1,41.7,810.0,15.3,27.0,7.5
2025-05-20 01:00:00,2025,5,20,1,Huế,Phường Phú Bài,16.409296,107.6779818,100,Moderate,1,24.9,96,0.0,5.5,212,1005.8,99,38.9,39.3,696.0,14.3,22.0,6.2
2025-05-20 02:00:00,2025,5,20,2,Huế,Phường Phú Bài,16.409296,107.6779818,100,Moderate,1,24.6,96,0.0,4.5,227,1005.3,92,36.2,36.6,572.0,13.5,16.0,5.3
2025-05-20 03:00:00,2025,5,20,3,Huế,Phường Phú Bài,16.409296,107.6779818,99,Moderate,1,24.5,96,0.0,4.2,230,1005.3,100,34.0,34.2,434.0,12.6,11.0,4.7
2025-05-20 04:00:00,2025,5,20,4,Huế,Phường Phú Bài,16.409296,107.6779818,98,Moderate,1,24.4,97,0.0,4.9,237,1005.3,99,32.4,32.6,341.0,11.7,13.0,4.3
2025-05-20 05:00:00,2025,5,20,5,Huế,Phường Phú Bài,16.409296,107.6779818,98,Moderate,1,24.2,97,0.0,5.1,225,1005.8,100,30.3,30.5,334.0,10.8,22.0,4.3
2025-05-20 06:00:00,2025,5,20,6,Huế,Phường Phú Bài,16.409296,107.6779818,97,Moderate,1,24.9,93,0.0,5.0,235,1006.4,99,29.0,29.2,373.0,9.9,37.0,4.6
2025-05-20 07:00:00,2025,5,20,7,Huế,Phường Phú Bài,16.409296,107.6779818,96,Moderate,1,27.7,81,0.0,3.3,221,1006.9,12,25.6,25.7,391.0,10.0,55.0,5.3
2025-05-20 08:00:00,2025,5,20,8,Huế,Phường Phú Bài,16.409296,107.6779818,94,Moderate,1,30.6,67,0.0,3.7,215,1007.5,22,24.9,25.3,353.0,7.9,80.0,5.8
2025-05-20 09:00:00,2025,5,20,9,Huế,Phường Phú Bài,16.409296,107.6779818,93,Moderate,1,32.6,59,0.0,2.3,247,1007.8,93,25.5,25.9,296.0,5.1,116.0,6.4
2025-05-20 10:00:00,2025,5,20,10,Huế,Phường Phú Bài,16.409296,107.6779818,93,Moderate,1,34.0,54,0.0,2.3,337,1007.4,99,25.0,25.3,259.0,3.0,147.0,6.8
2025-05-20 11:00:00,2025,5,20,11,Huế,Phường Phú Bài,16.409296,107.6779818,93,Moderate,1,34.5,54,0.0,5.5,27,1007.0,100,24.5,24.9,267.0,2.2,169.0,6.6
2025-05-20 12:00:00,2025,5,20,12,Huế,Phường Phú Bài,16.409296,107.6779818,93,Moderate,1,32.9,61,1.1,11.7,54,1006.0,99,26.4,27.0,297.0,2.2,185.0,6.1
2025-05-20 13:00:00,2025,5,20,13,Huế,Phường Phú Bài,16.409296,107.6779818,93,Moderate,1,33.8,56,0.0,10.6,67,1005.2,99,26.0,26.8,316.0,2.5,195.0,5.7
2025-05-20 14:00:00,2025,5,20,14,Huế,Phường Phú Bài,16.409296,107.6779818,93,Moderate,1,33.5,56,0.0,13.3,82,1004.7,38,28.1,29.2,304.0,2.7,198.0,5.6
2025-05-20 15:00:00,2025,5,20,15,Huế,Phường Phú Bài,16.409296,107.6779818,110,Unhealthy for Sensitive Groups,2,31.4,68,5.5,10.6,215,1004.7,76,28.5,29.5,283.0,3.3,193.0,5.7
2025-05-20 16:00:00,2025,5,20,16,Huế,Phường Phú Bài,16.409296,107.6779818,139,Unhealthy for Sensitive Groups,2,29.3,78,0.3,7.6,202,1004.3,74,29.9,30.9,285.0,4.9,180.0,6.1
2025-05-20 17:00:00,2025,5,20,17,Huế,Phường Phú Bài,16.409296,107.6779818,158,Unhealthy,3,29.4,77,0.1,6.5,167,1004.3,26,33.2,34.0,328.0,8.5,153.0,7.1
2025-05-20 18:00:00,2025,5,20,18,Huế,Phường Phú Bài,16.409296,107.6779818,164,Unhealthy,3,28.5,82,0.0,4.6,159,1004.7,4,37.3,38.0,394.0,13.2,116.0,8.5
2025-05-20 19:00:00,2025,5,20,19,Huế,Phường Phú Bài,16.409296,107.6779818,159,Unhealthy,3,27.9,88,0.0,4.9,152,1005.3,21,49.6,50.1,466.0,14.5,113.0,8.6
2025-05-20 20:00:00,2025,5,20,20,Huế,Phường Phú Bài,16.409296,107.6779818,150,Unhealthy for Sensitive Groups,2,28.3,78,0.0,8.2,166,1006.5,33,52.5,53.1,558.0,15.6,93.0,9.0
2025-05-20 21:00:00,2025,5,20,21,Huế,Phường Phú Bài,16.409296,107.6779818,130,Unhealthy for Sensitive Groups,2,27.8,80,0.0,5.9,178,1006.9,30,53.8,54.2,657.0,17.0,65.0,9.5
2025-05-20 22:00:00,2025,5,20,22,Huế,Phường Phú Bài,16.409296,107.6779818,103,Unhealthy for Sensitive Groups,2,27.2,83,0.0,5.6,173,1007.0,67,53.2,53.7,700.0,18.0,42.0,9.5
2025-05-20 23:00:00,2025,5,20,23,Huế,Phường Phú Bài,16.409296,107.6779818,98,Moderate,1,26.7,84,0.0,6.7,188,1006.9,95,50.4,50.9,647.0,18.1,29.0,8.4
2025-05-21 00:00:00,2025,5,21,0,Huế,Phường Phú Bài,16.409296,107.6779818,99,Moderate,1,26.2,84,0.0,5.9,203,1006.3,100,47.0,47.4,540.0,17.7,20.0,6.8
2025-05-21 01:00:00,2025,5,21,1,Huế,Phường Phú Bài,16.409296,107.6779818,99,Moderate,1,25.8,85,0.0,6.8,198,1005.8,100,42.8,43.2,441.0,17.0,14.0,5.4
2025-05-21 02:00:00,2025,5,21,2,Huế,Phường Phú Bài,16.409296,107.6779818,99,Moderate,1,25.5,86,0.0,5.8,234,1005.2,100,38.8,39.1,362.0,16.1,8.0,4.5
2025-05-21 03:00:00,2025,5,21,3,Huế,Phường Phú Bài,16.409296,107.6779818,100,Moderate,1,25.1,88,0.0,6.0,209,1005.1,100,35.3,35.6,291.0,14.9,5.0,3.9
2025-05-21 04:00:00,2025,5,21,4,Huế,Phường Phú Bài,16.409296,107.6779818,100,Moderate,1,24.8,90,0.0,6.8,209,1005.3,100,32.4,32.7,258.0,13.6,9.0,3.6
2025-05-21 05:00:00,2025,5,21,5,Huế,Phường Phú Bài,16.409296,107.6779818,100,Moderate,1,24.6,90,0.0,4.4,199,1005.7,16,30.2,30.5,294.0,12.1,23.0,3.9
2025-05-21 06:00:00,2025,5,21,6,Huế,Phường Phú Bài,16.409296,107.6779818,100,Moderate,1,25.4,87,0.0,6.1,210,1006.4,18,30.4,30.7,367.0,10.4,43.0,4.5
2025-05-21 07:00:00,2025,5,21,7,Huế,Phường Phú Bài,16.409296,107.6779818,100,Moderate,1,28.4,75,0.0,4.4,218,1007.3,46,25.8,26.1,410.0,8.7,69.0,5.2
2025-05-21 08:00:00,2025,5,21,8,Huế,Phường Phú Bài,16.409296,107.6779818,100,Moderate,1,31.4,63,0.0,4.4,210,1007.6,62,23.2,23.6,386.0,7.0,94.0,5.5
2025-05-21 09:00:00,2025,5,21,9,Huế,Phường Phú Bài,16.409296,107.6779818,100,Moderate,1,33.2,56,0.0,4.3,118,1007.8,6,20.4,21.0,332.0,4.7,128.0,6.0
2025-05-21 10:00:00,2025,5,21,10,Huế,Phường Phú Bài,16.409296,107.6779818,99,Moderate,1,34.3,52,0.0,5.2,90,1007.5,49,19.0,19.7,290.0,3.0,158.0,6.2
2025-05-21 11:00:00,2025,5,21,11,Huế,Phường Phú Bài,16.409296,107.6779818,99,Moderate,1,35.0,51,0.0,7.6,63,1006.8,100,19.4,20.2,276.0,2.6,179.0,6.0
2025-05-21 12:00:00,2025,5,21,12,Huế,Phường Phú Bài,16.409296,107.6779818,98,Moderate,1,35.5,50,0.0,10.1,57,1006.1,93,21.9,22.8,274.0,2.9,194.0,5.7
2025-05-21 13:00:00,2025,5,21,13,Huế,Phường Phú Bài,16.409296,107.6779818,98,Moderate,1,35.6,48,0.0,12.3,56,1004.9,11,27.0,27.9,282.0,3.3,202.0,5.3
2025-05-21 14:00:00,2025,5,21,14,Huế,Phường Phú Bài,16.409296,107.6779818,98,Moderate,1,34.4,53,0.0,11.8,59,1003.6,54,29.7,30.9,300.0,3.2,202.0,4.9
2025-05-21 15:00:00,2025,5,21,15,Huế,Phường Phú Bài,16.409296,107.6779818,127,Unhealthy for Sensitive Groups,2,34.0,56,0.0,13.5,71,1003.2,80,30.4,31.9,328.0,3.3,194.0,4.5
2025-05-21 16:00:00,2025,5,21,16,Huế,Phường Phú Bài,16.409296,107.6779818,153,Unhealthy,3,30.9,68,2.0,4.7,238,1003.9,99,28.2,30.4,360.0,4.3,178.0,4.5
2025-05-21 17:00:00,2025,5,21,17,Huế,Phường Phú Bài,16.409296,107.6779818,166,Unhealthy,3,29.6,74,0.2,6.5,212,1004.3,100,29.4,31.3,389.0,7.1,151.0,5.3
2025-05-21 18:00:00,2025,5,21,18,Huế,Phường Phú Bài,16.409296,107.6779818,170,Unhealthy,3,29.0,81,0.0,7.3,230,1004.8,78,31.5,33.3,421.0,10.9,116.0,6.6
2025-05-21 19:00:00,2025,5,21,19,Huế,Phường Phú Bài,16.409296,107.6779818,163,Unhealthy,3,28.1,88,0.0,5.6,149,1005.4,92,36.2,38.4,473.0,17.3,88.0,8.8
2025-05-21 20:00:00,2025,5,21,20,Huế,Phường Phú Bài,16.409296,107.6779818,148,Unhealthy for Sensitive Groups,2,28.1,86,0.0,11.7,197,1006.9,100,41.6,43.8,564.0,20.5,74.0,10.8
2025-05-21 21:00:00,2025,5,21,21,Huế,Phường Phú Bài,16.409296,107.6779818,123,Unhealthy for Sensitive Groups,2,27.5,83,0.0,7.3,211,1007.4,97,46.4,48.7,673.0,24.8,55.0,13.6
2025-05-21 22:00:00,2025,5,21,22,Huế,Phường Phú Bài,16.409296,107.6779818,95,Moderate,1,27.2,87,0.0,7.8,188,1007.8,99,49.9,51.9,757.0,27.1,40.0,15.0
2025-05-21 23:00:00,2025,5,21,23,Huế,Phường Phú Bài,16.409296,107.6779818,94,Moderate,1,26.8,89,0.0,4.3,185,1007.0,97,49.6,51.5,802.0,25.5,35.0,14.0
2025-05-22 00:00:00,2025,5,22,0,Huế,Phường Phú Bài,16.409296,107.6779818,94,Moderate,1,26.2,93,0.0,3.1,177,1006.2,96,45.9,47.4,821.0,21.8,34.0,11.6
2025-05-22 01:00:00,2025,5,22,1,Huế,Phường Phú Bài,16.409296,107.6779818,94,Moderate,1,25.8,96,0.0,3.2,207,1005.5,100,43.3,44.8,809.0,18.6,33.0,9.6
2025-05-22 02:00:00,2025,5,22,2,Huế,Phường Phú Bài,16.409296,107.6779818,94,Moderate,1,25.4,96,0.0,4.4,199,1004.9,70,41.9,43.3,750.0,16.8,27.0,8.4
2025-05-22 03:00:00,2025,5,22,3,Huế,Phường Phú Bài,16.409296,107.6779818,94,Moderate,1,25.0,95,0.0,5.9,203,1004.4,91,40.4,41.6,660.0,15.4,21.0,7.6
2025-05-22 04:00:00,2025,5,22,4,Huế,Phường Phú Bài,16.409296,107.6779818,95,Moderate,1,24.8,94,0.0,5.9,207,1004.2,100,38.3,39.3,579.0,14.0,21.0,7.0
2025-05-22 05:00:00,2025,5,22,5,Huế,Phường Phú Bài,16.409296,107.6779818,95,Moderate,1,24.5,94,0.0,4.9,216,1004.6,99,35.5,36.1,522.0,12.4,30.0,6.6
2025-05-22 06:00:00,2025,5,22,6,Huế,Phường Phú Bài,16.409296,107.6779818,96,Moderate,1,25.0,92,0.0,5.4,206,1005.3,98,33.8,34.1,474.0,10.7,46.0,6.4
2025-05-22 07:00:00,2025,5,22,7,Huế,Phường Phú Bài,16.409296,107.6779818,96,Moderate,1,27.8,79,0.0,4.9,180,1006.1,98,41.4,42.4,436.0,10.5,85.0,8.2
2025-05-22 08:00:00,2025,5,22,8,Huế,Phường Phú Bài,16.409296,107.6779818,98,Moderate,1,30.9,69,0.0,2.1,160,1006.2,98,32.1,34.5,412.0,8.4,109.0,7.8
2025-05-22 09:00:00,2025,5,22,9,Huế,Phường Phú Bài,16.409296,107.6779818,98,Moderate,1,32.9,60,0.0,3.2,142,1006.0,100,27.1,29.6,396.0,5.4,141.0,7.2
2025-05-22 10:00:00,2025,5,22,10,Huế,Phường Phú Bài,16.409296,107.6779818,99,Moderate,1,34.5,53,0.0,3.1,114,1005.5,90,23.1,25.3,376.0,3.2,166.0,6.6
2025-05-22 11:00:00,2025,5,22,11,Huế,Phường Phú Bài,16.409296,107.6779818,99,Moderate,1,35.4,50,0.0,5.9,76,1004.6,97,21.2,23.2,339.0,2.5,176.0,5.9
2025-05-22 12:00:00,2025,5,22,12,Huế,Phường Phú Bài,16.409296,107.6779818,99,Moderate,1,35.6,52,0.0,11.1,60,1003.9,100,20.8,22.6,297.0,2.6,179.0,5.1
2025-05-22 13:00:00,2025,5,22,13,Huế,Phường Phú Bài,16.409296,107.6779818,99,Moderate,1,33.5,60,0.7,13.6,66,1003.3,97,21.2,23.0,270.0,2.8,178.0,4.5
2025-05-22 14:00:00,2025,5,22,14,Huế,Phường Phú Bài,16.409296,107.6779818,99,Moderate,1,34.5,54,0.0,12.7,72,1002.0,98,23.5,25.6,269.0,2.7,176.0,4.2
2025-05-22 15:00:00,2025,5,22,15,Huế,Phường Phú Bài,16.409296,107.6779818,124,Unhealthy for Sensitive Groups,2,33.2,63,0.4,15.4,73,1001.5,100,23.9,26.0,283.0,2.7,170.0,4.1
2025-05-22 16:00:00,2025,5,22,16,Huế,Phường Phú Bài,16.409296,107.6779818,142,Unhealthy for Sensitive Groups,2,32.5,66,0.0,12.8,88,1001.5,100,22.8,24.7,294.0,3.7,157.0,4.3
2025-05-22 17:00:00,2025,5,22,17,Huế,Phường Phú Bài,16.409296,107.6779818,152,Unhealthy,3,31.5,71,0.0,3.9,133,1001.6,100,21.0,22.5,294.0,6.8,133.0,5.0
2025-05-22 18:00:00,2025,5,22,18,Huế,Phường Phú Bài,16.409296,107.6779818,150,Unhealthy for Sensitive Groups,2,30.5,73,0.6,8.4,190,1002.7,88,23.0,24.4,292.0,10.9,103.0,6.0
2025-05-22 19:00:00,2025,5,22,19,Huế,Phường Phú Bài,16.409296,107.6779818,137,Unhealthy for Sensitive Groups,2,29.4,79,0.0,8.8,200,1003.2,99,21.2,22.9,292.0,12.1,74.0,5.6
2025-05-22 20:00:00,2025,5,22,20,Huế,Phường Phú Bài,16.409296,107.6779818,115,Unhealthy for Sensitive Groups,2,28.7,87,0.0,5.1,163,1003.9,100,21.2,22.6,292.0,12.2,66.0,5.7
2025-05-22 21:00:00,2025,5,22,21,Huế,Phường Phú Bài,16.409296,107.6779818,93,Moderate,1,28.3,87,0.0,7.9,153,1004.4,100,21.3,22.6,294.0,12.4,55.0,5.9
2025-05-22 22:00:00,2025,5,22,22,Huế,Phường Phú Bài,16.409296,107.6779818,90,Moderate,1,27.8,82,0.0,9.4,173,1005.1,100,22.3,23.5,313.0,12.6,44.0,5.9
2025-05-22 23:00:00,2025,5,22,23,Huế,Phường Phú Bài,16.409296,107.6779818,88,Moderate,1,27.1,81,0.0,8.3,176,1005.0,100,22.7,23.8,371.0,12.8,36.0,5.5
2025-05-23 00:00:00,2025,5,23,0,Huế,Phường Phú Bài,16.409296,107.6779818,86,Moderate,1,26.6,83,0.0,5.9,168,1004.2,100,23.3,24.3,446.0,13.1,28.0,4.9
2025-05-23 01:00:00,2025,5,23,1,Huế,Phường Phú Bài,16.409296,107.6779818,84,Moderate,1,26.1,87,0.0,4.8,167,1003.7,100,24.3,25.1,490.0,13.0,22.0,4.3
2025-05-23 02:00:00,2025,5,23,2,Huế,Phường Phú Bài,16.409296,107.6779818,82,Moderate,1,25.7,90,0.0,5.2,194,1003.3,99,24.9,25.6,474.0,12.5,15.0,3.8
2025-05-23 03:00:00,2025,5,23,3,Huế,Phường Phú Bài,16.409296,107.6779818,80,Moderate,1,25.2,93,0.0,6.4,207,1002.9,94,24.4,25.0,428.0,11.7,10.0,3.3
2025-05-23 04:00:00,2025,5,23,4,Huế,Phường Phú Bài,16.409296,107.6779818,79,Moderate,1,25.0,94,0.0,5.8,214,1002.6,96,23.3,23.7,391.0,10.8,11.0,3.1
2025-05-23 05:00:00,2025,5,23,5,Huế,Phường Phú Bài,16.409296,107.6779818,78,Moderate,1,24.9,94,0.0,4.7,208,1002.6,96,22.2,22.5,384.0,10.0,21.0,3.5
2025-05-23 06:00:00,2025,5,23,6,Huế,Phường Phú Bài,16.409296,107.6779818,76,Moderate,1,25.4,92,0.0,4.6,191,1002.9,98,22.5,22.8,385.0,9.1,38.0,4.2
2025-05-23 07:00:00,2025,5,23,7,Huế,Phường Phú Bài,16.409296,107.6779818,75,Moderate,1,28.1,78,0.0,2.5,150,1003.6,96,25.6,26.0,377.0,8.4,63.0,5.4
2025-05-23 08:00:00,2025,5,23,8,Huế,Phường Phú Bài,16.409296,107.6779818,74,Moderate,1,31.0,69,0.0,1.6,174,1004.8,99,21.5,22.0,345.0,6.7,91.0,5.7
2025-05-23 09:00:00,2025,5,23,9,Huế,Phường Phú Bài,16.409296,107.6779818,73,Moderate,1,33.2,59,0.1,0.4,207,1004.5,99,18.5,19.0,302.0,4.4,131.0,6.1
2025-05-23 10:00:00,2025,5,23,10,Huế,Phường Phú Bài,16.409296,107.6779818,72,Moderate,1,34.4,52,0.1,4.2,355,1004.1,100,18.1,18.7,269.0,2.7,163.0,6.2
2025-05-23 11:00:00,2025,5,23,11,Huế,Phường Phú Bài,16.409296,107.6779818,72,Moderate,1,35.0,50,0.1,5.5,36,1003.9,100,18.5,19.0,254.0,2.2,180.0,5.9
2025-05-23 12:00:00,2025,5,23,12,Huế,Phường Phú Bài,16.409296,107.6779818,72,Moderate,1,35.0,53,0.3,8.2,61,1003.1,100,19.5,20.1,249.0,2.4,190.0,5.3
2025-05-23 13:00:00,2025,5,23,13,Huế,Phường Phú Bài,16.409296,107.6779818,72,Moderate,1,35.4,50,0.1,9.7,66,1001.8,100,21.0,21.9,246.0,2.7,195.0,4.9
2025-05-23 14:00:00,2025,5,23,14,Huế,Phường Phú Bài,16.409296,107.6779818,90,Moderate,1,35.2,49,0.1,9.6,73,1000.9,100,23.2,24.3,241.0,2.6,200.0,4.8
2025-05-23 15:00:00,2025,5,23,15,Huế,Phường Phú Bài,16.409296,107.6779818,125,Unhealthy for Sensitive Groups,2,35.0,49,0.0,11.8,52,1000.4,100,22.5,23.5,240.0,2.5,201.0,4.8
2025-05-23 16:00:00,2025,5,23,16,Huế,Phường Phú Bài,16.409296,107.6779818,153,Unhealthy,3,32.8,58,0.2,12.2,92,1001.1,88,21.7,22.8,248.0,3.6,190.0,4.9
2025-05-23 17:00:00,2025,5,23,17,Huế,Phường Phú Bài,16.409296,107.6779818,169,Unhealthy,3,30.9,69,0.1,8.8,191,1001.6,80,19.0,20.4,272.0,6.9,157.0,5.3
2025-05-23 18:00:00,2025,5,23,18,Huế,Phường Phú Bài,16.409296,107.6779818,173,Unhealthy,3,29.4,75,0.1,10.0,206,1002.7,57,20.4,21.7,306.0,11.3,113.0,5.8
2025-05-23 19:00:00,2025,5,23,19,Huế,Phường Phú Bài,16.409296,107.6779818,165,Unhealthy,3,28.7,79,0.1,6.0,231,1003.8,88,22.5,24.1,340.0,8.3,96.0,4.5
2025-05-23 20:00:00,2025,5,23,20,Huế,Phường Phú Bài,16.409296,107.6779818,151,Unhealthy,3,27.6,85,0.0,6.6,196,1004.5,100,22.2,23.3,374.0,9.1,84.0,5.0
2025-05-23 21:00:00,2025,5,23,21,Huế,Phường Phú Bài,16.409296,107.6779818,129,Unhealthy for Sensitive Groups,2,27.8,85,0.0,3.6,174,1005.5,97,23.6,24.2,407.0,10.3,67.0,5.6
2025-05-23 22:00:00,2025,5,23,22,Huế,Phường Phú Bài,16.409296,107.6779818,102,Unhealthy for Sensitive Groups,2,27.8,86,0.0,3.5,159,1005.9,80,25.3,25.9,427.0,11.1,52.0,5.9
2025-05-23 23:00:00,2025,5,23,23,Huế,Phường Phú Bài,16.409296,107.6779818,72,Moderate,1,27.5,89,0.0,4.3,152,1005.5,91,26.1,26.7,427.0,11.3,42.0,5.6
2025-05-24 00:00:00,2025,5,24,0,Huế,Phường Phú Bài,16.409296,107.6779818,72,Moderate,1,27.0,93,0.0,3.1,167,1004.6,93,26.3,26.8,413.0,11.2,35.0,4.9
2025-05-24 01:00:00,2025,5,24,1,Huế,Phường Phú Bài,16.409296,107.6779818,72,Moderate,1,26.5,95,0.0,3.3,174,1004.5,96,25.7,26.2,391.0,10.9,29.0,4.3
2025-05-24 02:00:00,2025,5,24,2,Huế,Phường Phú Bài,16.409296,107.6779818,72,Moderate,1,26.1,95,0.0,5.0,142,1003.8,98,24.7,25.2,352.0,10.4,22.0,3.7
2025-05-24 03:00:00,2025,5,24,3,Huế,Phường Phú Bài,16.409296,107.6779818,72,Moderate,1,25.9,96,0.0,3.1,156,1003.5,100,24.3,24.8,304.0,9.8,17.0,3.2
2025-05-24 04:00:00,2025,5,24,4,Huế,Phường Phú Bài,16.409296,107.6779818,72,Moderate,1,25.5,96,0.0,2.2,235,1003.8,100,23.8,24.2,275.0,9.3,18.0,3.0
2025-05-24 05:00:00,2025,5,24,5,Huế,Phường Phú Bài,16.409296,107.6779818,72,Moderate,1,25.2,95,0.0,6.0,249,1004.6,98,23.2,23.6,288.0,9.1,27.0,3.4
2025-05-24 06:00:00,2025,5,24,6,Huế,Phường Phú Bài,16.409296,107.6779818,72,Moderate,1,25.7,91,0.0,4.2,260,1005.4,100,24.2,24.5,320.0,9.0,43.0,4.1
2025-05-24 07:00:00,2025,5,24,7,Huế,Phường Phú Bài,16.409296,107.6779818,72,Moderate,1,27.8,80,0.0,4.2,263,1006.1,100,22.9,23.3,333.0,7.6,70.0,5.2
2025-05-24 08:00:00,2025,5,24,8,Huế,Phường Phú Bài,16.409296,107.6779818,72,Moderate,1,30.8,71,0.0,2.0,260,1006.5,100,20.0,20.9,303.0,6.3,95.0,5.3
2025-05-24 09:00:00,2025,5,24,9,Huế,Phường Phú Bài,16.409296,107.6779818,72,Moderate,1,32.7,61,0.0,2.4,144,1006.8,99,16.9,18.2,253.0,4.4,129.0,5.4
2025-05-24 10:00:00,2025,5,24,10,Huế,Phường Phú Bài,16.409296,107.6779818,72,Moderate,1,34.3,55,0.0,4.4,109,1006.4,87,15.7,16.9,215.0,3.0,153.0,5.2
2025-05-24 11:00:00,2025,5,24,11,Huế,Phường Phú Bài,16.409296,107.6779818,72,Moderate,1,35.2,53,0.0,8.2,80,1005.9,42,15.3,16.5,203.0,2.5,157.0,4.4
2025-05-24 12:00:00,2025,5,24,12,Huế,Phường Phú Bài,16.409296,107.6779818,71,Moderate,1,34.5,54,0.1,13.6,73,1005.2,59,14.2,15.4,204.0,2.4,150.0,3.2
2025-05-24 13:00:00,2025,5,24,13,Huế,Phường Phú Bài,16.409296,107.6779818,71,Moderate,1,32.0,68,1.2,17.1,79,1004.7,83,13.4,14.6,204.0,2.4,144.0,2.4
2025-05-24 14:00:00,2025,5,24,14,Huế,Phường Phú Bài,16.409296,107.6779818,70,Moderate,1,33.0,60,0.2,20.8,80,1003.9,77,14.1,15.7,194.0,2.3,142.0,2.3
2025-05-24 15:00:00,2025,5,24,15,Huế,Phường Phú Bài,16.409296,107.6779818,88,Moderate,1,32.5,64,0.1,22.8,80,1003.7,58,14.9,16.7,185.0,2.3,141.0,2.6
2025-05-24 16:00:00,2025,5,24,16,Huế,Phường Phú Bài,16.409296,107.6779818,103,Unhealthy for Sensitive Groups,2,30.9,70,0.3,21.8,92,1003.7,47,14.2,15.9,192.0,2.7,135.0,2.9
2025-05-24 17:00:00,2025,5,24,17,Huế,Phường Phú Bài,16.409296,107.6779818,111,Unhealthy for Sensitive Groups,2,29.5,76,0.3,8.3,117,1004.5,51,12.7,14.4,224.0,3.7,121.0,3.1
2025-05-24 18:00:00,2025,5,24,18,Huế,Phường Phú Bài,16.409296,107.6779818,110,Unhealthy for Sensitive Groups,2,27.9,83,0.6,6.7,200,1005.4,72,11.9,13.4,274.0,5.2,103.0,3.2
2025-05-24 19:00:00,2025,5,24,19,Huế,Phường Phú Bài,16.409296,107.6779818,99,Moderate,1,26.5,88,0.0,7.5,253,1006.5,72,13.5,15.3,333.0,8.0,81.0,4.1
2025-05-24 20:00:00,2025,5,24,20,Huế,Phường Phú Bài,16.409296,107.6779818,83,Moderate,1,26.1,88,0.0,10.8,237,1007.5,100,12.5,14.1,415.0,7.7,77.0,4.1
2025-05-24 21:00:00,2025,5,24,21,Huế,Phường Phú Bài,16.409296,107.6779818,67,Moderate,1,25.1,90,0.0,9.3,261,1008.3,43,11.5,13.1,508.0,7.3,72.0,4.0
2025-05-24 22:00:00,2025,5,24,22,Huế,Phường Phú Bài,16.409296,107.6779818,64,Moderate,1,25.0,90,0.0,6.9,256,1009.2,94,10.7,12.2,566.0,7.1,66.0,3.9
2025-05-24 23:00:00,2025,5,24,23,Huế,Phường Phú Bài,16.409296,107.6779818,63,Moderate,1,25.3,89,0.0,5.0,285,1009.2,99,10.3,11.7,567.0,7.3,61.0,3.8
2025-05-25 00:00:00,2025,5,25,0,Huế,Phường Phú Bài,16.409296,107.6779818,61,Moderate,1,25.2,92,0.0,4.1,283,1008.7,100,10.3,11.7,533.0,7.6,56.0,3.6
2025-05-25 01:00:00,2025,5,25,1,Huế,Phường Phú Bài,16.409296,107.6779818,60,Moderate,1,24.9,95,0.0,3.2,304,1007.7,97,11.1,12.5,492.0,8.0,51.0,3.5
2025-05-25 02:00:00,2025,5,25,2,Huế,Phường Phú Bài,16.409296,107.6779818,59,Moderate,1,24.8,96,0.0,3.5,294,1007.3,63,12.5,13.9,442.0,8.3,45.0,3.4
2025-05-25 03:00:00,2025,5,25,3,Huế,Phường Phú Bài,16.409296,107.6779818,58,Moderate,1,24.5,98,0.0,4.1,283,1007.1,90,13.6,15.1,386.0,8.7,39.0,3.3
2025-05-25 04:00:00,2025,5,25,4,Huế,Phường Phú Bài,16.409296,107.6779818,57,Moderate,1,24.4,99,0.0,5.6,272,1007.4,100,14.0,15.3,351.0,8.7,39.0,3.5
2025-05-25 05:00:00,2025,5,25,5,Huế,Phường Phú Bài,16.409296,107.6779818,56,Moderate,1,24.2,100,0.0,5.7,261,1007.9,100,14.5,15.9,367.0,8.3,47.0,4.2
2025-05-25 06:00:00,2025,5,25,6,Huế,Phường Phú Bài,16.409296,107.6779818,55,Moderate,1,25.1,94,0.0,4.0,260,1008.4,100,17.6,19.1,406.0,7.6,59.0,5.1
2025-05-25 07:00:00,2025,5,25,7,Huế,Phường Phú Bài,16.409296,107.6779818,54,Moderate,1,27.2,83,0.0,1.3,278,1009.0,100,11.5,13.0,412.0,6.4,68.0,4.4
2025-05-25 08:00:00,2025,5,25,8,Huế,Phường Phú Bài,16.409296,107.6779818,53,Moderate,1,29.8,71,0.1,5.6,107,1009.5,100,10.1,11.7,348.0,5.2,79.0,3.8
2025-05-25 09:00:00,2025,5,25,9,Huế,Phường Phú Bài,16.409296,107.6779818,53,Moderate,1,31.0,67,0.0,7.4,104,1009.8,100,8.3,9.7,251.0,3.5,94.0,3.0
2025-05-25 10:00:00,2025,5,25,10,Huế,Phường Phú Bài,16.409296,107.6779818,52,Moderate,1,32.5,61,0.3,8.9,97,1009.5,87,7.6,8.6,176.0,2.2,106.0,2.4
2025-05-25 11:00:00,2025,5,25,11,Huế,Phường Phú Bài,16.409296,107.6779818,51,Moderate,1,33.4,57,0.0,11.0,66,1009.5,81,7.7,8.8,147.0,1.7,114.0,2.2
2025-05-25 12:00:00,2025,5,25,12,Huế,Phường Phú Bài,16.409296,107.6779818,50,Good,0,31.0,67,1.0,15.9,65,1009.4,95,8.3,9.6,141.0,1.6,119.0,2.2
2025-05-25 13:00:00,2025,5,25,13,Huế,Phường Phú Bài,16.409296,107.6779818,50,Good,0,32.0,63,0.4,16.7,70,1008.4,97,9.0,10.7,139.0,1.6,120.0,2.2
2025-05-25 14:00:00,2025,5,25,14,Huế,Phường Phú Bài,16.409296,107.6779818,49,Good,0,32.0,61,0.0,20.7,83,1007.4,92,9.2,10.9,136.0,1.4,117.0,2.0
2025-05-25 15:00:00,2025,5,25,15,Huế,Phường Phú Bài,16.409296,107.6779818,48,Good,0,30.6,67,0.5,18.9,81,1007.0,97,10.4,12.3,137.0,1.4,109.0,1.9
2025-05-25 16:00:00,2025,5,25,16,Huế,Phường Phú Bài,16.409296,107.6779818,50,Good,0,29.2,72,1.1,18.4,87,1006.7,99,9.5,11.3,143.0,2.5,99.0,2.1
2025-05-25 17:00:00,2025,5,25,17,Huế,Phường Phú Bài,16.409296,107.6779818,53,Moderate,1,28.6,78,0.5,17.6,89,1007.0,99,10.1,11.7,146.0,5.6,84.0,3.0
2025-05-25 18:00:00,2025,5,25,18,Huế,Phường Phú Bài,16.409296,107.6779818,51,Moderate,1,27.4,87,0.1,11.9,108,1008.1,92,11.6,13.1,153.0,9.8,66.0,4.3
2025-05-25 19:00:00,2025,5,25,19,Huế,Phường Phú Bài,16.409296,107.6779818,48,Good,0,26.9,87,0.0,10.1,93,1008.9,80,11.1,12.5,183.0,8.3,57.0,3.7
2025-05-25 20:00:00,2025,5,25,20,Huế,Phường Phú Bài,16.409296,107.6779818,46,Good,0,26.5,85,0.4,7.0,91,1009.5,99,13.4,14.7,262.0,9.6,52.0,4.1
2025-05-25 21:00:00,2025,5,25,21,Huế,Phường Phú Bài,16.409296,107.6779818,46,Good,0,25.9,94,0.3,3.1,246,1010.3,97,15.1,16.4,364.0,11.5,45.0,4.6
2025-05-25 22:00:00,2025,5,25,22,Huế,Phường Phú Bài,16.409296,107.6779818,46,Good,0,25.6,97,0.0,3.6,264,1010.8,82,15.5,16.8,435.0,12.4,40.0,4.8
2025-05-25 23:00:00,2025,5,25,23,Huế,Phường Phú Bài,16.409296,107.6779818,47,Good,0,25.0,95,0.8,4.4,71,1011.1,100,16.5,17.8,451.0,11.7,40.0,4.4
2025-05-26 00:00:00,2025,5,26,0,Huế,Phường Phú Bài,16.409296,107.6779818,48,Good,0,24.5,99,0.3,3.6,108,1010.7,100,15.3,16.5,435.0,10.1,42.0,3.6
2025-05-26 01:00:00,2025,5,26,1,Huế,Phường Phú Bài,16.409296,107.6779818,49,Good,0,24.5,97,0.0,2.4,36,1010.1,100,12.9,14.1,404.0,8.8,44.0,3.0
2025-05-26 02:00:00,2025,5,26,2,Huế,Phường Phú Bài,16.409296,107.6779818,50,Good,0,24.4,97,0.0,2.1,20,1009.8,100,11.4,12.7,351.0,8.4,42.0,2.7
2025-05-26 03:00:00,2025,5,26,3,Huế,Phường Phú Bài,16.409296,107.6779818,49,Good,0,24.5,96,0.0,0.7,270,1009.3,100,12.4,13.4,283.0,8.4,39.0,2.7
2025-05-26 04:00:00,2025,5,26,4,Huế,Phường Phú Bài,16.409296,107.6779818,49,Good,0,24.4,96,0.0,2.3,238,1009.3,99,13.4,14.3,238.0,8.3,40.0,2.9
2025-05-26 05:00:00,2025,5,26,5,Huế,Phường Phú Bài,16.409296,107.6779818,49,Good,0,24.4,97,0.0,2.7,332,1009.6,99,15.5,16.5,242.0,8.1,48.0,3.7
2025-05-26 06:00:00,2025,5,26,6,Huế,Phường Phú Bài,16.409296,107.6779818,49,Good,0,24.6,95,0.0,2.5,360,1009.9,100,14.7,15.8,269.0,7.8,60.0,4.9
2025-05-26 07:00:00,2025,5,26,7,Huế,Phường Phú Bài,16.409296,107.6779818,49,Good,0,25.8,87,0.0,0.4,360,1010.8,100,12.3,13.5,280.0,7.4,69.0,5.4
2025-05-26 08:00:00,2025,5,26,8,Huế,Phường Phú Bài,16.409296,107.6779818,49,Good,0,27.5,81,0.1,4.5,56,1011.5,96,11.4,12.7,253.0,6.1,75.0,4.4
2025-05-26 09:00:00,2025,5,26,9,Huế,Phường Phú Bài,16.409296,107.6779818,49,Good,0,29.3,70,0.0,9.1,72,1011.6,100,8.2,8.8,209.0,4.4,83.0,3.0
2025-05-26 10:00:00,2025,5,26,10,Huế,Phường Phú Bài,16.409296,107.6779818,49,Good,0,28.6,72,1.0,12.8,56,1011.7,100,7.7,8.2,175.0,3.0,90.0,1.9
2025-05-26 11:00:00,2025,5,26,11,Huế,Phường Phú Bài,16.409296,107.6779818,49,Good,0,27.2,82,3.8,10.5,70,1011.6,100,7.0,7.5,162.0,2.3,93.0,1.5
2025-05-26 12:00:00,2025,5,26,12,Huế,Phường Phú Bài,16.409296,107.6779818,49,Good,0,29.1,73,0.7,14.8,68,1010.8,99,7.7,8.3,158.0,2.0,94.0,1.5
2025-05-26 13:00:00,2025,5,26,13,Huế,Phường Phú Bài,16.409296,107.6779818,49,Good,0,29.4,71,0.2,15.2,59,1009.7,90,6.6,7.2,157.0,2.0,94.0,1.6
2025-05-26 14:00:00,2025,5,26,14,Huế,Phường Phú Bài,16.409296,107.6779818,48,Good,0,28.2,77,1.1,14.1,73,1009.1,100,5.8,6.4,155.0,2.0,92.0,1.8
2025-05-26 15:00:00,2025,5,26,15,Huế,Phường Phú Bài,16.409296,107.6779818,48,Good,0,28.4,74,0.4,15.2,69,1008.2,100,7.3,8.0,156.0,2.4,89.0,2.1
2025-05-26 16:00:00,2025,5,26,16,Huế,Phường Phú Bài,16.409296,107.6779818,47,Good,0,27.5,79,1.7,13.2,76,1007.7,100,8.5,9.5,159.0,3.4,84.0,2.5
2025-05-26 17:00:00,2025,5,26,17,Huế,Phường Phú Bài,16.409296,107.6779818,47,Good,0,27.5,80,0.4,13.4,76,1007.8,100,9.5,10.6,166.0,5.8,75.0,3.2
2025-05-26 18:00:00,2025,5,26,18,Huế,Phường Phú Bài,16.409296,107.6779818,47,Good,0,26.9,83,0.0,9.6,86,1008.3,100,10.1,11.1,176.0,9.0,63.0,4.1
2025-05-26 19:00:00,2025,5,26,19,Huế,Phường Phú Bài,16.409296,107.6779818,47,Good,0,26.5,84,0.0,6.8,92,1008.8,99,15.7,17.3,187.0,12.4,48.0,4.7
2025-05-26 20:00:00,2025,5,26,20,Huế,Phường Phú Bài,16.409296,107.6779818,48,Good,0,26.1,87,0.1,5.8,99,1009.9,100,15.0,16.4,196.0,12.9,44.0,4.9
2025-05-26 21:00:00,2025,5,26,21,Huế,Phường Phú Bài,16.409296,107.6779818,48,Good,0,25.9,92,0.2,2.7,118,1010.3,84,16.2,17.5,207.0,13.6,38.0,5.1
2025-05-26 22:00:00,2025,5,26,22,Huế,Phường Phú Bài,16.409296,107.6779818,48,Good,0,25.5,96,0.0,2.7,118,1010.7,99,18.1,19.3,225.0,14.2,33.0,5.2
2025-05-26 23:00:00,2025,5,26,23,Huế,Phường Phú Bài,16.409296,107.6779818,48,Good,0,25.4,96,0.0,1.5,201,1010.5,95,18.6,19.6,262.0,14.5,30.0,4.9
2025-05-27 00:00:00,2025,5,27,0,Huế,Phường Phú Bài,16.409296,107.6779818,49,Good,0,25.1,96,0.0,0.4,243,1009.8,99,19.3,20.3,306.0,14.6,28.0,4.5
2025-05-27 01:00:00,2025,5,27,1,Huế,Phường Phú Bài,16.409296,107.6779818,50,Good,0,25.0,97,0.0,1.0,211,1009.0,99,19.4,20.2,336.0,14.7,26.0,4.3
2025-05-27 02:00:00,2025,5,27,2,Huế,Phường Phú Bài,16.409296,107.6779818,50,Good,0,24.6,98,0.0,1.7,221,1008.5,99,20.7,21.4,338.0,15.1,23.0,4.5
2025-05-27 03:00:00,2025,5,27,3,Huế,Phường Phú Bài,16.409296,107.6779818,51,Moderate,1,24.4,99,0.0,3.3,209,1008.3,100,21.1,21.8,325.0,15.6,20.0,5.0
2025-05-27 04:00:00,2025,5,27,4,Huế,Phường Phú Bài,16.409296,107.6779818,52,Moderate,1,24.1,99,0.0,4.7,230,1008.2,98,21.3,21.9,312.0,15.2,23.0,5.6
2025-05-27 05:00:00,2025,5,27,5,Huế,Phường Phú Bài,16.409296,107.6779818,53,Moderate,1,24.0,99,0.0,4.1,232,1008.5,98,21.5,22.2,308.0,13.5,38.0,6.5
2025-05-27 06:00:00,2025,5,27,6,Huế,Phường Phú Bài,16.409296,107.6779818,53,Moderate,1,24.5,98,0.0,3.3,234,1008.9,97,23.3,24.1,304.0,10.9,60.0,7.5
2025-05-27 07:00:00,2025,5,27,7,Huế,Phường Phú Bài,16.409296,107.6779818,54,Moderate,1,26.1,90,0.0,2.9,202,1009.2,63,16.8,18.3,291.0,7.1,70.0,5.5
2025-05-27 08:00:00,2025,5,27,8,Huế,Phường Phú Bài,16.409296,107.6779818,54,Moderate,1,28.0,77,0.1,4.5,143,1009.8,94,11.8,13.4,259.0,5.6,79.0,4.7
2025-05-27 09:00:00,2025,5,27,9,Huế,Phường Phú Bài,16.409296,107.6779818,54,Moderate,1,29.9,67,0.1,5.7,118,1009.8,91,8.6,9.9,217.0,3.6,91.0,3.7
2025-05-27 10:00:00,2025,5,27,10,Huế,Phường Phú Bài,16.409296,107.6779818,54,Moderate,1,31.4,62,0.1,6.8,102,1009.3,91,7.5,8.7,185.0,2.1,101.0,2.8
2025-05-27 11:00:00,2025,5,27,11,Huế,Phường Phú Bài,16.409296,107.6779818,54,Moderate,1,32.2,61,0.0,10.5,73,1008.8,44,7.6,8.9,170.0,1.5,106.0,2.2
2025-05-27 12:00:00,2025,5,27,12,Huế,Phường Phú Bài,16.409296,107.6779818,54,Moderate,1,32.0,62,0.0,14.1,67,1008.1,57,7.9,9.3,163.0,1.4,107.0,1.8
2025-05-27 13:00:00,2025,5,27,13,Huế,Phường Phú Bài,16.409296,107.6779818,54,Moderate,1,31.4,65,1.2,16.1,74,1007.2,66,7.4,8.7,161.0,1.5,108.0,1.7
2025-05-27 14:00:00,2025,5,27,14,Huế,Phường Phú Bài,16.409296,107.6779818,55,Moderate,1,30.5,69,1.2,17.7,75,1005.9,97,8.5,9.9,162.0,1.7,109.0,1.9
2025-05-27 15:00:00,2025,5,27,15,Huế,Phường Phú Bài,16.409296,107.6779818,55,Moderate,1,30.5,66,0.3,17.0,80,1005.6,74,9.8,11.3,167.0,2.2,108.0,2.3
2025-05-27 16:00:00,2025,5,27,16,Huế,Phường Phú Bài,16.409296,107.6779818,55,Moderate,1,29.6,73,0.1,17.4,79,1005.2,38,10.4,12.0,172.0,3.3,104.0,2.8
2025-05-27 17:00:00,2025,5,27,17,Huế,Phường Phú Bài,16.409296,107.6779818,55,Moderate,1,29.2,73,0.0,18.4,87,1005.2,65,9.6,11.2,172.0,5.7,92.0,3.5
2025-05-27 18:00:00,2025,5,27,18,Huế,Phường Phú Bài,16.409296,107.6779818,55,Moderate,1,28.5,77,0.0,15.7,92,1005.9,58,10.4,11.8,172.0,8.7,76.0,4.3
2025-05-27 19:00:00,2025,5,27,19,Huế,Phường Phú Bài,16.409296,107.6779818,55,Moderate,1,28.0,80,0.0,13.6,96,1006.8,91,12.3,13.9,177.0,10.7,59.0,3.9
2025-05-27 20:00:00,2025,5,27,20,Huế,Phường Phú Bài,16.409296,107.6779818,55,Moderate,1,27.7,84,0.0,13.3,93,1007.7,94,14.3,15.6,187.0,11.5,53.0,4.4
2025-05-27 21:00:00,2025,5,27,21,Huế,Phường Phú Bài,16.409296,107.6779818,55,Moderate,1,27.4,85,0.0,9.9,91,1008.0,100,14.7,16.0,203.0,12.5,45.0,5.1
2025-05-27 22:00:00,2025,5,27,22,Huế,Phường Phú Bài,16.409296,107.6779818,55,Moderate,1,27.0,85,0.5,7.4,112,1008.5,100,16.6,17.8,226.0,13.1,39.0,5.4
2025-05-27 23:00:00,2025,5,27,23,Huế,Phường Phú Bài,16.409296,107.6779818,55,Moderate,1,26.2,91,0.5,3.8,49,1008.7,100,16.9,18.2,262.0,12.7,36.0,5.1
2025-05-28 00:00:00,2025,5,28,0,Huế,Phường Phú Bài,16.409296,107.6779818,54,Moderate,1,26.0,94,0.0,0.8,225,1008.0,100,17.2,18.2,306.0,11.9,35.0,4.5
2025-05-28 01:00:00,2025,5,28,1,Huế,Phường Phú Bài,16.409296,107.6779818,54,Moderate,1,25.5,98,0.0,1.8,225,1007.4,98,16.6,17.6,348.0,11.2,33.0,4.0
2025-05-28 02:00:00,2025,5,28,2,Huế,Phường Phú Bài,16.409296,107.6779818,54,Moderate,1,25.1,100,0.0,5.3,237,1006.9,98,16.6,17.6,391.0,11.0,29.0,3.8
2025-05-28 03:00:00,2025,5,28,3,Huế,Phường Phú Bài,16.409296,107.6779818,54,Moderate,1,24.9,99,0.0,4.7,270,1006.4,95,17.6,18.6,432.0,11.0,24.0,3.8
2025-05-28 04:00:00,2025,5,28,4,Huế,Phường Phú Bài,16.409296,107.6779818,53,Moderate,1,24.8,99,0.0,5.1,266,1006.3,57,19.5,20.4,456.0,10.5,26.0,4.0
2025-05-28 05:00:00,2025,5,28,5,Huế,Phường Phú Bài,16.409296,107.6779818,53,Moderate,1,24.6,99,0.0,2.5,240,1006.3,98,21.2,21.9,457.0,9.3,38.0,4.6
2025-05-28 06:00:00,2025,5,28,6,Huế,Phường Phú Bài,16.409296,107.6779818,53,Moderate,1,25.2,96,0.0,4.4,251,1006.8,91,24.9,25.4,442.0,7.7,56.0,5.5
2025-05-28 07:00:00,2025,5,28,7,Huế,Phường Phú Bài,16.409296,107.6779818,53,Moderate,1,26.8,88,0.0,5.4,240,1007.5,86,16.6,17.2,415.0,7.1,78.0,6.2
2025-05-28 08:00:00,2025,5,28,8,Huế,Phường Phú Bài,16.409296,107.6779818,53,Moderate,1,28.8,78,0.1,3.4,276,1007.9,92,12.2,12.8,372.0,5.8,95.0,5.8
2025-05-28 09:00:00,2025,5,28,9,Huế,Phường Phú Bài,16.409296,107.6779818,53,Moderate,1,30.2,73,0.1,2.5,270,1007.6,61,11.4,12.0,317.0,4.1,118.0,5.3
2025-05-28 10:00:00,2025,5,28,10,Huế,Phường Phú Bài,16.409296,107.6779818,54,Moderate,1,32.1,65,0.0,2.0,275,1006.9,80,11.4,12.2,270.0,2.8,134.0,4.6
2025-05-28 11:00:00,2025,5,28,11,Huế,Phường Phú Bài,16.409296,107.6779818,54,Moderate,1,32.5,64,0.0,4.7,47,1006.8,100,12.3,13.1,239.0,2.3,137.0,3.8
2025-05-28 12:00:00,2025,5,28,12,Huế,Phường Phú Bài,16.409296,107.6779818,54,Moderate,1,32.2,65,0.1,11.1,39,1005.9,100,11.7,12.7,216.0,2.3,133.0,2.9
2025-05-28 13:00:00,2025,5,28,13,Huế,Phường Phú Bài,16.409296,107.6779818,55,Moderate,1,30.5,73,4.6,8.4,16,1005.3,87,11.3,12.3,199.0,2.3,129.0,2.2
2025-05-28 14:00:00,2025,5,28,14,Huế,Phường Phú Bài,16.409296,107.6779818,55,Moderate,1,32.2,66,0.3,9.2,62,1003.7,85,9.6,10.6,187.0,2.0,128.0,1.9
2025-05-28 15:00:00,2025,5,28,15,Huế,Phường Phú Bài,16.409296,107.6779818,69,Moderate,1,30.9,67,1.2,12.4,73,1003.5,99,9.4,10.4,181.0,1.7,127.0,1.9
2025-05-28 16:00:00,2025,5,28,16,Huế,Phường Phú Bài,16.409296,107.6779818,79,Moderate,1,29.5,76,0.3,13.0,93,1003.2,93,9.7,10.5,184.0,2.4,122.0,2.2
2025-05-28 17:00:00,2025,5,28,17,Huế,Phường Phú Bài,16.409296,107.6779818,85,Moderate,1,29.6,76,0.1,10.2,111,1003.3,69,10.4,11.1,195.0,4.8,108.0,3.0
2025-05-28 18:00:00,2025,5,28,18,Huế,Phường Phú Bài,16.409296,107.6779818,83,Moderate,1,28.8,79,0.1,7.9,111,1004.4,98,12.7,13.3,215.0,8.1,90.0,4.2
2025-05-28 19:00:00,2025,5,28,19,Huế,Phường Phú Bài,16.409296,107.6779818,74,Moderate,1,27.9,83,0.0,4.2,149,1005.7,89,18.7,20.1,253.0,12.1,59.0,5.5
2025-05-28 20:00:00,2025,5,28,20,Huế,Phường Phú Bài,16.409296,107.6779818,57,Moderate,1,26.6,96,0.0,4.9,234,1006.7,100,17.6,18.5,329.0,12.0,54.0,5.6
2025-05-28 21:00:00,2025,5,28,21,Huế,Phường Phú Bài,16.409296,107.6779818,56,Moderate,1,26.2,95,0.0,3.7,227,1007.2,98,18.3,19.0,423.0,11.8,48.0,5.7
2025-05-28 22:00:00,2025,5,28,22,Huế,Phường Phú Bài,16.409296,107.6779818,56,Moderate,1,26.2,94,0.0,3.7,227,1007.3,100,19.4,20.1,482.0,11.8,41.0,5.7
2025-05-28 23:00:00,2025,5,28,23,Huế,Phường Phú Bài,16.409296,107.6779818,57,Moderate,1,25.8,95,0.0,4.0,180,1007.1,98,20.9,21.5,479.0,12.3,34.0,5.4
2025-05-29 00:00:00,2025,5,29,0,Huế,Phường Phú Bài,16.409296,107.6779818,57,Moderate,1,25.5,95,0.0,3.6,200,1006.3,89,21.7,22.2,442.0,13.1,28.0,4.9
2025-05-29 01:00:00,2025,5,29,1,Huế,Phường Phú Bài,16.409296,107.6779818,57,Moderate,1,25.2,96,0.0,2.6,196,1005.3,98,22.4,22.9,400.0,13.4,22.0,4.5
2025-05-29 02:00:00,2025,5,29,2,Huế,Phường Phú Bài,16.409296,107.6779818,58,Moderate,1,24.8,97,0.0,2.7,222,1004.6,99,22.5,22.9,354.0,13.0,16.0,4.0
2025-05-29 03:00:00,2025,5,29,3,Huế,Phường Phú Bài,16.409296,107.6779818,58,Moderate,1,24.6,97,0.0,6.2,232,1004.6,99,21.1,21.5,303.0,12.2,12.0,3.6
2025-05-29 04:00:00,2025,5,29,4,Huế,Phường Phú Bài,16.409296,107.6779818,59,Moderate,1,24.2,97,0.0,5.2,214,1004.7,98,20.2,20.5,279.0,11.3,14.0,3.5
2025-05-29 05:00:00,2025,5,29,5,Huế,Phường Phú Bài,16.409296,107.6779818,59,Moderate,1,24.1,96,0.0,3.5,231,1005.0,100,19.5,19.6,309.0,10.3,25.0,4.0
2025-05-29 06:00:00,2025,5,29,6,Huế,Phường Phú Bài,16.409296,107.6779818,59,Moderate,1,25.0,93,0.0,5.1,252,1005.5,95,19.8,19.8,367.0,9.1,43.0,4.8
2025-05-29 07:00:00,2025,5,29,7,Huế,Phường Phú Bài,16.409296,107.6779818,58,Moderate,1,26.9,86,0.0,4.6,249,1006.4,99,25.0,25.1,402.0,8.6,67.0,5.1
2025-05-29 08:00:00,2025,5,29,8,Huế,Phường Phú Bài,16.409296,107.6779818,59,Moderate,1,29.4,75,0.0,2.7,262,1006.5,96,20.2,20.3,389.0,6.9,91.0,5.7
2025-05-29 09:00:00,2025,5,29,9,Huế,Phường Phú Bài,16.409296,107.6779818,60,Moderate,1,31.5,66,0.0,2.1,15,1006.8,100,15.2,15.3,353.0,4.5,123.0,6.5
2025-05-29 10:00:00,2025,5,29,10,Huế,Phường Phú Bài,16.409296,107.6779818,60,Moderate,1,33.0,61,0.0,5.6,2,1006.7,95,13.1,13.3,322.0,2.8,149.0,6.9
2025-05-29 11:00:00,2025,5,29,11,Huế,Phường Phú Bài,16.409296,107.6779818,60,Moderate,1,33.6,59,0.1,9.2,17,1006.2,94,12.4,12.5,306.0,2.3,161.0,6.6
2025-05-29 12:00:00,2025,5,29,12,Huế,Phường Phú Bài,16.409296,107.6779818,60,Moderate,1,32.5,64,5.0,7.6,8,1005.3,67,14.1,14.3,295.0,2.3,165.0,5.8
2025-05-29 13:00:00,2025,5,29,13,Huế,Phường Phú Bài,16.409296,107.6779818,60,Moderate,1,33.7,61,0.1,2.8,35,1004.4,33,14.6,15.2,281.0,2.5,167.0,5.3
2025-05-29 14:00:00,2025,5,29,14,Huế,Phường Phú Bài,16.409296,107.6779818,72,Moderate,1,32.5,66,0.2,2.8,342,1003.8,96,17.1,18.2,250.0,2.4,168.0,5.1
2025-05-29 15:00:00,2025,5,29,15,Huế,Phường Phú Bài,16.409296,107.6779818,99,Moderate,1,31.8,69,0.1,8.1,58,1002.9,93,17.3,18.5,217.0,2.3,166.0,5.0
2025-05-29 16:00:00,2025,5,29,16,Huế,Phường Phú Bài,16.409296,107.6779818,120,Unhealthy for Sensitive Groups,2,30.6,72,1.6,5.1,113,1003.0,100,17.1,18.1,221.0,3.2,158.0,5.3
2025-05-29 17:00:00,2025,5,29,17,Huế,Phường Phú Bài,16.409296,107.6779818,134,Unhealthy for Sensitive Groups,2,28.6,88,2.8,4.0,309,1003.6,100,17.8,18.6,305.0,5.9,141.0,6.2
2025-05-29 18:00:00,2025,5,29,18,Huế,Phường Phú Bài,16.409296,107.6779818,138,Unhealthy for Sensitive Groups,2,26.4,95,5.6,6.2,263,1004.8,100,21.0,21.8,425.0,9.5,117.0,7.3
2025-05-29 19:00:00,2025,5,29,19,Huế,Phường Phú Bài,16.409296,107.6779818,131,Unhealthy for Sensitive Groups,2,26.2,95,0.2,6.9,263,1005.2,97,31.8,31.9,490.0,15.5,81.0,9.1
2025-05-29 20:00:00,2025,5,29,20,Huế,Phường Phú Bài,16.409296,107.6779818,114,Unhealthy for Sensitive Groups,2,27.5,90,0.0,2.5,225,1005.5,100,33.2,33.3,443.0,16.2,67.0,9.0
2025-05-29 21:00:00,2025,5,29,21,Huế,Phường Phú Bài,16.409296,107.6779818,93,Moderate,1,27.0,93,0.0,3.2,199,1006.0,100,33.1,33.1,341.0,17.0,47.0,8.9
2025-05-29 22:00:00,2025,5,29,22,Huế,Phường Phú Bài,16.409296,107.6779818,68,Moderate,1,26.8,94,0.0,2.9,240,1006.6,100,33.3,33.3,261.0,17.6,31.0,8.5
2025-05-29 23:00:00,2025,5,29,23,Huế,Phường Phú Bài,16.409296,107.6779818,69,Moderate,1,26.6,95,0.0,2.7,217,1006.8,99,33.9,33.9,236.0,17.7,24.0,7.7
2025-05-30 00:00:00,2025,5,30,0,Huế,Phường Phú Bài,16.409296,107.6779818,70,Moderate,1,26.5,96,0.0,2.9,187,1006.4,100,32.1,32.1,234.0,17.4,21.0,6.6
2025-05-30 01:00:00,2025,5,30,1,Huế,Phường Phú Bài,16.409296,107.6779818,71,Moderate,1,26.2,97,0.0,4.5,214,1006.2,100,28.7,28.7,229.0,16.8,19.0,5.7
2025-05-30 02:00:00,2025,5,30,2,Huế,Phường Phú Bài,16.409296,107.6779818,72,Moderate,1,25.9,96,0.0,4.1,209,1005.7,100,24.8,24.9,207.0,15.7,14.0,4.9
2025-05-30 03:00:00,2025,5,30,3,Huế,Phường Phú Bài,16.409296,107.6779818,72,Moderate,1,25.7,94,0.0,3.4,227,1005.4,99,22.8,22.8,184.0,14.3,9.0,4.3
2025-05-30 04:00:00,2025,5,30,4,Huế,Phường Phú Bài,16.409296,107.6779818,72,Moderate,1,25.5,93,0.0,4.9,234,1005.3,100,21.0,21.0,181.0,12.8,11.0,4.0
2025-05-30 05:00:00,2025,5,30,5,Huế,Phường Phú Bài,16.409296,107.6779818,72,Moderate,1,25.4,91,0.0,3.8,245,1005.8,99,19.6,19.6,224.0,11.4,22.0,4.2
2025-05-30 06:00:00,2025,5,30,6,Huế,Phường Phú Bài,16.409296,107.6779818,72,Moderate,1,25.7,90,0.0,6.4,234,1005.9,100,19.7,19.8,288.0,10.1,39.0,4.9
2025-05-30 07:00:00,2025,5,30,7,Huế,Phường Phú Bài,16.409296,107.6779818,72,Moderate,1,28.0,79,0.0,3.6,261,1006.2,99,21.9,22.0,322.0,9.3,63.0,5.5
2025-05-30 08:00:00,2025,5,30,8,Huế,Phường Phú Bài,16.409296,107.6779818,72,Moderate,1,30.0,67,0.0,2.9,263,1007.3,99,17.3,17.5,292.0,7.4,83.0,6.1
2025-05-30 09:00:00,2025,5,30,9,Huế,Phường Phú Bài,16.409296,107.6779818,72,Moderate,1,31.2,61,0.0,6.9,213,1007.7,100,16.2,16.4,231.0,4.8,111.0,6.9
2025-05-30 10:00:00,2025,5,30,10,Huế,Phường Phú Bài,16.409296,107.6779818,72,Moderate,1,32.1,58,0.0,5.3,237,1007.4,100,14.3,14.6,188.0,3.1,131.0,7.3
2025-05-30 11:00:00,2025,5,30,11,Huế,Phường Phú Bài,16.409296,107.6779818,72,Moderate,1,32.7,57,0.0,6.4,288,1007.0,100,13.9,14.4,186.0,3.1,134.0,6.9
2025-05-30 12:00:00,2025,5,30,12,Huế,Phường Phú Bài,16.409296,107.6779818,72,Moderate,1,32.8,57,0.0,6.9,284,1006.5,100,13.5,14.0,201.0,4.1,129.0,6.1
2025-05-30 13:00:00,2025,5,30,13,Huế,Phường Phú Bài,16.409296,107.6779818,72,Moderate,1,33.2,57,0.3,6.4,292,1005.5,100,17.0,17.6,215.0,5.0,127.0,5.7
2025-05-30 14:00:00,2025,5,30,14,Huế,Phường Phú Bài,16.409296,107.6779818,72,Moderate,1,33.7,55,0.1,4.4,305,1004.4,100,22.8,23.6,215.0,5.5,135.0,6.1
2025-05-30 15:00:00,2025,5,30,15,Huế,Phường Phú Bài,16.409296,107.6779818,73,Moderate,1,33.7,55,0.2,6.9,351,1003.5,100,24.3,25.2,213.0,6.0,146.0,6.9
2025-05-30 16:00:00,2025,5,30,16,Huế,Phường Phú Bài,16.409296,107.6779818,78,Moderate,1,32.6,61,0.1,8.9,56,1003.1,100,27.5,28.3,226.0,6.9,150.0,7.8
2025-05-30 17:00:00,2025,5,30,17,Huế,Phường Phú Bài,16.409296,107.6779818,93,Moderate,1,31.3,66,0.0,12.0,82,1003.4,100,27.5,28.2,259.0,8.2,144.0,8.8
2025-05-30 18:00:00,2025,5,30,18,Huế,Phường Phú Bài,16.409296,107.6779818,100,Moderate,1,30.4,70,0.0,9.6,93,1004.4,99,30.4,30.9,306.0,10.0,132.0,9.9
2025-05-30 19:00:00,2025,5,30,19,Huế,Phường Phú Bài,16.409296,107.6779818,100,Moderate,1,29.4,75,0.0,5.1,82,1005.1,100,27.6,27.9,371.0,12.2,101.0,9.3
2025-05-30 20:00:00,2025,5,30,20,Huế,Phường Phú Bài,16.409296,107.6779818,93,Moderate,1,29.1,82,0.0,0.9,143,1006.0,100,32.8,33.4,489.0,16.5,81.0,11.0
2025-05-30 21:00:00,2025,5,30,21,Huế,Phường Phú Bài,16.409296,107.6779818,83,Moderate,1,28.6,84,0.0,2.4,222,1006.7,100,38.1,38.5,624.0,22.3,53.0,13.3
2025-05-30 22:00:00,2025,5,30,22,Huế,Phường Phú Bài,16.409296,107.6779818,76,Moderate,1,28.8,85,0.0,4.4,243,1007.5,100,39.7,40.3,673.0,25.7,32.0,14.3
2025-05-30 23:00:00,2025,5,30,23,Huế,Phường Phú Bài,16.409296,107.6779818,77,Moderate,1,28.6,86,0.0,2.9,240,1007.4,100,32.9,33.4,550.0,24.4,23.0,12.7
2025-05-31 00:00:00,2025,5,31,0,Huế,Phường Phú Bài,16.409296,107.6779818,76,Moderate,1,28.0,90,0.0,4.2,220,1006.8,92,28.8,29.3,341.0,20.7,21.0,9.7
2025-05-31 01:00:00,2025,5,31,1,Huế,Phường Phú Bài,16.409296,107.6779818,76,Moderate,1,27.1,93,0.0,5.5,212,1006.5,85,25.4,26.0,193.0,17.9,19.0,7.4
2025-05-31 02:00:00,2025,5,31,2,Huế,Phường Phú Bài,16.409296,107.6779818,76,Moderate,1,26.7,90,0.0,6.5,222,1006.0,100,23.2,24.0,178.0,17.6,14.0,6.7
2025-05-31 03:00:00,2025,5,31,3,Huế,Phường Phú Bài,16.409296,107.6779818,76,Moderate,1,26.6,87,0.0,5.9,223,1005.7,97,22.5,23.2,225.0,18.1,10.0,6.6
2025-05-31 04:00:00,2025,5,31,4,Huế,Phường Phú Bài,16.409296,107.6779818,76,Moderate,1,26.4,83,0.0,6.7,239,1005.7,100,22.6,23.2,272.0,17.6,12.0,6.7
2025-05-31 05:00:00,2025,5,31,5,Huế,Phường Phú Bài,16.409296,107.6779818,76,Moderate,1,26.1,84,0.0,3.0,256,1006.3,100,24.1,24.7,307.0,15.1,26.0,6.8
2025-05-31 06:00:00,2025,5,31,6,Huế,Phường Phú Bài,16.409296,107.6779818,76,Moderate,1,26.8,80,0.0,3.2,227,1006.5,100,24.9,25.8,342.0,11.5,47.0,7.1
2025-05-31 07:00:00,2025,5,31,7,Huế,Phường Phú Bài,16.409296,107.6779818,77,Moderate,1,28.1,76,0.0,4.4,218,1006.4,100,28.2,29.4,348.0,10.6,86.0,9.6
2025-05-31 08:00:00,2025,5,31,8,Huế,Phường Phú Bài,16.409296,107.6779818,77,Moderate,1,31.2,64,0.0,5.9,252,1006.8,100,21.0,21.7,297.0,8.4,96.0,8.7
2025-05-31 09:00:00,2025,5,31,9,Huế,Phường Phú Bài,16.409296,107.6779818,78,Moderate,1,33.2,53,0.0,10.6,235,1006.4,99,15.5,16.4,218.0,5.3,109.0,7.4
2025-05-31 10:00:00,2025,5,31,10,Huế,Phường Phú Bài,16.409296,107.6779818,78,Moderate,1,34.2,52,0.0,12.0,224,1005.8,99,11.8,13.2,166.0,2.9,115.0,6.1
2025-05-31 11:00:00,2025,5,31,11,Huế,Phường Phú Bài,16.409296,107.6779818,77,Moderate,1,35.8,49,0.0,11.3,250,1005.1,100,9.4,11.0,170.0,1.9,109.0,4.9
2025-05-31 12:00:00,2025,5,31,12,Huế,Phường Phú Bài,16.409296,107.6779818,77,Moderate,1,36.5,46,0.0,9.0,282,1004.4,100,8.2,10.2,200.0,1.6,96.0,3.7
2025-05-31 13:00:00,2025,5,31,13,Huế,Phường Phú Bài,16.409296,107.6779818,76,Moderate,1,36.4,46,0.0,5.4,354,1003.8,100,7.7,10.0,228.0,1.6,84.0,2.7
2025-05-31 14:00:00,2025,5,31,14,Huế,Phường Phú Bài,16.409296,107.6779818,76,Moderate,1,34.2,59,6.1,5.4,96,1003.4,100,6.5,9.1,240.0,0.9,74.0,1.8
2025-05-31 15:00:00,2025,5,31,15,Huế,Phường Phú Bài,16.409296,107.6779818,74,Moderate,1,33.6,61,6.3,4.2,83,1002.5,97,5.8,8.6,249.0,0.4,63.0,1.1
2025-05-31 16:00:00,2025,5,31,16,Huế,Phường Phú Bài,16.409296,107.6779818,73,Moderate,1,33.7,61,0.2,2.0,10,1002.1,100,6.0,8.8,265.0,2.3,57.0,1.6
2025-05-31 17:00:00,2025,5,31,17,Huế,Phường Phú Bài,16.409296,107.6779818,71,Moderate,1,32.9,63,0.2,1.8,135,1002.6,100,7.9,10.7,305.0,8.8,58.0,4.0
2025-05-31 18:00:00,2025,5,31,18,Huế,Phường Phú Bài,16.409296,107.6779818,69,Moderate,1,30.9,74,0.6,5.2,168,1003.1,100,19.4,22.2,353.0,17.8,62.0,7.4
2025-05-31 19:00:00,2025,5,31,19,Huế,Phường Phú Bài,16.409296,107.6779818,68,Moderate,1,30.3,62,0.0,11.7,224,1003.9,100,15.2,18.7,370.0,16.6,36.0,7.6
2025-05-31 20:00:00,2025,5,31,20,Huế,Phường Phú Bài,16.409296,107.6779818,67,Moderate,1,28.7,84,0.0,6.5,208,1005.2,100,21.5,25.1,325.0,19.9,29.0,8.9
2025-05-31 21:00:00,2025,5,31,21,Huế,Phường Phú Bài,16.409296,107.6779818,66,Moderate,1,28.5,81,0.0,7.8,224,1005.9,100,25.1,28.5,249.0,24.3,20.0,10.7
2025-05-31 22:00:00,2025,5,31,22,Huế,Phường Phú Bài,16.409296,107.6779818,65,Moderate,1,28.7,69,0.0,9.0,239,1006.0,100,24.3,27.7,196.0,27.1,13.0,11.7
2025-05-31 23:00:00,2025,5,31,23,Huế,Phường Phú Bài,16.409296,107.6779818,63,Moderate,1,28.4,66,0.0,8.1,235,1005.6,100,24.0,27.4,193.0,27.3,10.0,11.2
2025-06-01 00:00:00,2025,6,1,0,Huế,Phường Phú Bài,16.409296,107.6779818,62,Moderate,1,27.6,69,0.0,5.8,234,1005.1,100,23.6,27.2,214.0,25.9,10.0,10.0
2025-06-01 01:00:00,2025,6,1,1,Huế,Phường Phú Bài,16.409296,107.6779818,62,Moderate,1,27.4,70,0.0,7.1,221,1004.3,100,21.7,25.2,228.0,23.3,12.0,8.5
2025-06-01 02:00:00,2025,6,1,2,Huế,Phường Phú Bài,16.409296,107.6779818,62,Moderate,1,27.1,73,0.0,8.5,209,1003.4,100,17.9,21.3,221.0,19.0,17.0,6.8
2025-06-01 03:00:00,2025,6,1,3,Huế,Phường Phú Bài,16.409296,107.6779818,61,Moderate,1,27.0,73,0.0,9.4,204,1002.9,100,13.5,16.6,208.0,13.6,23.0,5.0
2025-06-01 04:00:00,2025,6,1,4,Huế,Phường Phú Bài,16.409296,107.6779818,60,Moderate,1,26.9,72,0.0,10.5,197,1002.8,42,9.9,12.6,207.0,9.1,31.0,3.6
2025-06-01 05:00:00,2025,6,1,5,Huế,Phường Phú Bài,16.409296,107.6779818,59,Moderate,1,26.8,70,0.0,11.4,201,1003.1,30,7.7,10.3,235.0,6.6,40.0,3.0
2025-06-01 06:00:00,2025,6,1,6,Huế,Phường Phú Bài,16.409296,107.6779818,58,Moderate,1,27.2,70,0.0,10.3,191,1003.3,83,7.8,10.8,274.0,5.1,49.0,2.8
2025-06-01 07:00:00,2025,6,1,7,Huế,Phường Phú Bài,16.409296,107.6779818,56,Moderate,1,29.1,70,0.0,9.2,191,1003.7,96,7.3,8.3,288.0,5.6,56.0,3.8
2025-06-01 08:00:00,2025,6,1,8,Huế,Phường Phú Bài,16.409296,107.6779818,54,Moderate,1,31.4,55,0.0,12.3,219,1004.6,73,6.3,8.0,253.0,4.4,61.0,3.2
2025-06-01 09:00:00,2025,6,1,9,Huế,Phường Phú Bài,16.409296,107.6779818,53,Moderate,1,32.7,53,0.0,15.7,226,1004.4,25,5.8,8.6,193.0,2.7,68.0,2.4
2025-06-01 10:00:00,2025,6,1,10,Huế,Phường Phú Bài,16.409296,107.6779818,52,Moderate,1,34.2,48,0.0,19.1,237,1004.1,81,5.1,7.8,149.0,1.4,72.0,1.7
2025-06-01 11:00:00,2025,6,1,11,Huế,Phường Phú Bài,16.409296,107.6779818,52,Moderate,1,35.2,46,0.0,17.9,239,1003.6,83,4.7,7.5,138.0,0.9,70.0,1.3
2025-06-01 12:00:00,2025,6,1,12,Huế,Phường Phú Bài,16.409296,107.6779818,51,Moderate,1,35.8,45,0.0,18.1,237,1003.1,36,4.9,8.2,142.0,0.9,66.0,1.0
2025-06-01 13:00:00,2025,6,1,13,Huế,Phường Phú Bài,16.409296,107.6779818,51,Moderate,1,36.5,43,0.0,14.3,241,1002.1,87,5.5,9.3,147.0,1.0,62.0,0.9
2025-06-01 14:00:00,2025,6,1,14,Huế,Phường Phú Bài,16.409296,107.6779818,51,Moderate,1,37.5,41,0.0,12.8,242,1000.9,100,6.0,10.0,146.0,0.9,61.0,0.7
2025-06-01 15:00:00,2025,6,1,15,Huế,Phường Phú Bài,16.409296,107.6779818,51,Moderate,1,37.0,42,0.0,12.6,234,1000.3,100,6.2,9.8,145.0,0.9,61.0,0.7
2025-06-01 16:00:00,2025,6,1,16,Huế,Phường Phú Bài,16.409296,107.6779818,51,Moderate,1,36.5,44,0.0,9.4,215,1000.1,100,6.4,9.8,153.0,2.0,61.0,1.2
2025-06-01 17:00:00,2025,6,1,17,Huế,Phường Phú Bài,16.409296,107.6779818,51,Moderate,1,35.0,49,0.0,6.6,196,1000.6,99,7.9,11.2,177.0,5.0,61.0,2.4
2025-06-01 18:00:00,2025,6,1,18,Huế,Phường Phú Bài,16.409296,107.6779818,51,Moderate,1,32.9,52,0.0,8.4,211,1001.1,100,10.3,13.8,209.0,9.1,62.0,4.2
2025-06-01 19:00:00,2025,6,1,19,Huế,Phường Phú Bài,16.409296,107.6779818,50,Good,0,32.2,52,0.0,14.6,230,1001.9,57,7.0,8.9,231.0,6.2,44.0,2.8
2025-06-01 20:00:00,2025,6,1,20,Huế,Phường Phú Bài,16.409296,107.6779818,49,Good,0,30.9,56,0.0,13.1,189,1003.0,42,8.4,10.6,232.0,7.9,40.0,3.7
2025-06-01 21:00:00,2025,6,1,21,Huế,Phường Phú Bài,16.409296,107.6779818,46,Good,0,30.4,57,0.0,9.7,204,1003.5,100,10.7,13.0,224.0,10.3,34.0,4.9
2025-06-01 22:00:00,2025,6,1,22,Huế,Phường Phú Bài,16.409296,107.6779818,44,Good,0,30.2,57,0.0,8.3,226,1003.8,100,14.1,16.2,222.0,12.2,29.0,5.8
2025-06-01 23:00:00,2025,6,1,23,Huế,Phường Phú Bài,16.409296,107.6779818,42,Good,0,29.6,59,0.0,8.9,228,1003.6,92,17.2,19.2,239.0,13.6,26.0,6.1
2025-06-02 00:00:00,2025,6,2,0,Huế,Phường Phú Bài,16.409296,107.6779818,41,Good,0,28.8,63,0.0,9.7,209,1002.8,15,19.5,21.4,264.0,14.5,25.0,6.1
2025-06-02 01:00:00,2025,6,2,1,Huế,Phường Phú Bài,16.409296,107.6779818,40,Good,0,27.9,68,0.0,8.1,192,1002.0,9,20.2,22.0,275.0,14.5,25.0,5.8
2025-06-02 02:00:00,2025,6,2,2,Huế,Phường Phú Bài,16.409296,107.6779818,40,Good,0,27.1,70,0.0,9.3,193,1001.6,10,19.3,21.0,256.0,12.9,25.0,5.3
2025-06-02 03:00:00,2025,6,2,3,Huế,Phường Phú Bài,16.409296,107.6779818,40,Good,0,26.6,71,0.0,9.9,190,1001.1,17,16.4,18.3,225.0,10.2,27.0,4.5
2025-06-02 04:00:00,2025,6,2,4,Huế,Phường Phú Bài,16.409296,107.6779818,41,Good,0,26.5,72,0.0,10.0,198,1001.0,37,12.8,15.2,211.0,7.8,31.0,3.8
2025-06-02 05:00:00,2025,6,2,5,Huế,Phường Phú Bài,16.409296,107.6779818,41,Good,0,26.6,72,0.0,10.5,204,1001.5,49,8.5,11.2,239.0,6.0,40.0,3.1
2025-06-02 06:00:00,2025,6,2,6,Huế,Phường Phú Bài,16.409296,107.6779818,41,Good,0,27.5,71,0.0,10.6,190,1002.1,34,5.3,6.9,284.0,4.5,51.0,2.3
2025-06-02 07:00:00,2025,6,2,7,Huế,Phường Phú Bài,16.409296,107.6779818,41,Good,0,30.2,65,0.0,9.8,197,1002.7,6,5.3,6.5,305.0,3.0,60.0,2.0
2025-06-02 08:00:00,2025,6,2,8,Huế,Phường Phú Bài,16.409296,107.6779818,41,Good,0,32.2,56,0.0,12.2,224,1003.3,50,6.1,7.0,274.0,2.6,68.0,2.0
2025-06-02 09:00:00,2025,6,2,9,Huế,Phường Phú Bài,16.409296,107.6779818,41,Good,0,33.2,55,0.0,10.4,203,1002.9,49,6.1,7.0,218.0,2.0,78.0,1.9
2025-06-02 10:00:00,2025,6,2,10,Huế,Phường Phú Bài,16.409296,107.6779818,41,Good,0,35.2,50,0.0,13.8,246,1002.8,52,5.5,6.4,174.0,1.6,84.0,1.8
2025-06-02 11:00:00,2025,6,2,11,Huế,Phường Phú Bài,16.409296,107.6779818,41,Good,0,37.0,42,0.0,13.0,260,1002.2,84,4.6,5.4,157.0,1.4,81.0,1.6
2025-06-02 12:00:00,2025,6,2,12,Huế,Phường Phú Bài,16.409296,107.6779818,41,Good,0,38.2,40,0.0,11.4,251,1001.3,65,4.3,5.0,152.0,1.3,74.0,1.4
2025-06-02 13:00:00,2025,6,2,13,Huế,Phường Phú Bài,16.409296,107.6779818,41,Good,0,38.8,38,0.0,12.4,242,1000.4,64,4.4,5.2,152.0,1.3,69.0,1.2
2025-06-02 14:00:00,2025,6,2,14,Huế,Phường Phú Bài,16.409296,107.6779818,40,Good,0,37.4,43,0.7,13.2,231,999.7,85,4.8,5.6,157.0,0.8,67.0,0.9
2025-06-02 15:00:00,2025,6,2,15,Huế,Phường Phú Bài,16.409296,107.6779818,40,Good,0,38.2,39,0.0,11.3,226,998.8,100,5.2,6.0,167.0,0.3,67.0,0.7
2025-06-02 16:00:00,2025,6,2,16,Huế,Phường Phú Bài,16.409296,107.6779818,40,Good,0,37.5,41,0.0,9.3,229,998.8,85,5.6,6.4,177.0,2.1,68.0,1.4
2025-06-02 17:00:00,2025,6,2,17,Huế,Phường Phú Bài,16.409296,107.6779818,40,Good,0,36.3,44,0.0,9.7,223,999.4,89,9.0,9.7,185.0,7.8,72.0,3.6
2025-06-02 18:00:00,2025,6,2,18,Huế,Phường Phú Bài,16.409296,107.6779818,40,Good,0,34.3,48,0.0,13.1,233,1000.0,94,20.4,21.4,194.0,15.8,76.0,6.7
2025-06-02 19:00:00,2025,6,2,19,Huế,Phường Phú Bài,16.409296,107.6779818,42,Good,0,32.9,51,0.0,17.5,230,1001.1,93,14.9,15.9,201.0,14.6,47.0,6.5
2025-06-02 20:00:00,2025,6,2,20,Huế,Phường Phú Bài,16.409296,107.6779818,43,Good,0,31.4,55,0.0,12.8,214,1002.3,100,17.1,18.3,208.0,16.6,43.0,7.9
2025-06-02 21:00:00,2025,6,2,21,Huế,Phường Phú Bài,16.409296,107.6779818,45,Good,0,31.1,56,0.0,8.9,225,1003.0,100,20.9,22.2,215.0,19.3,36.0,9.7
2025-06-02 22:00:00,2025,6,2,22,Huế,Phường Phú Bài,16.409296,107.6779818,46,Good,0,30.6,57,0.0,7.9,213,1003.8,90,25.8,27.1,218.0,21.2,31.0,10.8
2025-06-02 23:00:00,2025,6,2,23,Huế,Phường Phú Bài,16.409296,107.6779818,48,Good,0,30.1,59,0.0,10.4,216,1003.7,85,27.9,29.3,218.0,21.7,27.0,10.5
2025-06-03 00:00:00,2025,6,3,0,Huế,Phường Phú Bài,16.409296,107.6779818,50,Good,0,29.3,62,0.0,11.1,216,1003.2,94,27.6,29.0,215.0,21.3,25.0,9.6
2025-06-03 01:00:00,2025,6,3,1,Huế,Phường Phú Bài,16.409296,107.6779818,51,Moderate,1,29.0,65,0.0,10.2,214,1002.3,98,25.3,26.5,208.0,19.9,24.0,8.4
2025-06-03 02:00:00,2025,6,3,2,Huế,Phường Phú Bài,16.409296,107.6779818,51,Moderate,1,28.6,67,0.0,8.6,219,1001.6,100,22.9,24.0,190.0,16.9,25.0,7.1
2025-06-03 03:00:00,2025,6,3,3,Huế,Phường Phú Bài,16.409296,107.6779818,52,Moderate,1,28.3,68,0.0,9.6,210,1000.9,100,19.8,21.0,168.0,13.0,27.0,5.6
2025-06-03 04:00:00,2025,6,3,4,Huế,Phường Phú Bài,16.409296,107.6779818,52,Moderate,1,28.2,68,0.0,11.5,210,1000.7,63,15.5,16.5,165.0,10.0,32.0,4.6
2025-06-03 05:00:00,2025,6,3,5,Huế,Phường Phú Bài,16.409296,107.6779818,52,Moderate,1,28.2,68,0.0,11.2,218,1001.3,25,13.0,13.8,202.0,8.9,41.0,4.6
2025-06-03 06:00:00,2025,6,3,6,Huế,Phường Phú Bài,16.409296,107.6779818,53,Moderate,1,28.5,69,0.0,10.0,213,1002.6,85,13.9,14.6,257.0,8.7,53.0,5.1
2025-06-03 07:00:00,2025,6,3,7,Huế,Phường Phú Bài,16.409296,107.6779818,53,Moderate,1,30.8,62,0.0,10.1,211,1003.3,89,5.7,5.8,285.0,5.6,60.0,3.5
2025-06-03 08:00:00,2025,6,3,8,Huế,Phường Phú Bài,16.409296,107.6779818,53,Moderate,1,32.6,55,0.0,9.6,240,1003.1,99,3.8,3.9,257.0,4.4,67.0,3.0
2025-06-03 09:00:00,2025,6,3,9,Huế,Phường Phú Bài,16.409296,107.6779818,53,Moderate,1,34.2,52,0.0,11.1,239,1003.3,100,3.9,4.6,201.0,2.8,76.0,2.4
2025-06-03 10:00:00,2025,6,3,10,Huế,Phường Phú Bài,16.409296,107.6779818,53,Moderate,1,36.0,46,0.0,12.0,242,1003.2,97,4.6,6.1,158.0,1.6,82.0,1.9
2025-06-03 11:00:00,2025,6,3,11,Huế,Phường Phú Bài,16.409296,107.6779818,53,Moderate,1,37.5,40,0.0,11.2,251,1002.6,100,5.0,7.3,143.0,1.1,82.0,1.7
2025-06-03 12:00:00,2025,6,3,12,Huế,Phường Phú Bài,16.409296,107.6779818,53,Moderate,1,38.7,37,0.0,9.6,261,1001.6,100,5.5,8.4,142.0,0.9,80.0,1.6
2025-06-03 13:00:00,2025,6,3,13,Huế,Phường Phú Bài,16.409296,107.6779818,53,Moderate,1,37.3,40,0.0,7.8,241,1001.6,97,5.9,9.4,147.0,1.2,79.0,1.7
2025-06-03 14:00:00,2025,6,3,14,Huế,Phường Phú Bài,16.409296,107.6779818,53,Moderate,1,36.3,46,0.6,2.1,340,1000.8,100,6.7,10.5,157.0,1.9,82.0,2.1
2025-06-03 15:00:00,2025,6,3,15,Huế,Phường Phú Bài,16.409296,107.6779818,53,Moderate,1,36.6,44,0.0,2.2,215,1000.1,100,8.0,11.8,174.0,2.9,87.0,2.7
2025-06-03 16:00:00,2025,6,3,16,Huế,Phường Phú Bài,16.409296,107.6779818,54,Moderate,1,34.1,53,0.5,5.7,131,1000.9,100,10.9,14.2,200.0,4.4,87.0,3.4
2025-06-03 17:00:00,2025,6,3,17,Huế,Phường Phú Bài,16.409296,107.6779818,54,Moderate,1,33.7,56,0.1,0.7,76,1001.7,100,12.0,14.9,246.0,6.6,79.0,4.3
2025-06-03 18:00:00,2025,6,3,18,Huế,Phường Phú Bài,16.409296,107.6779818,54,Moderate,1,30.5,70,2.0,10.4,323,1003.1,100,15.8,18.3,302.0,9.2,67.0,5.4
2025-06-03 19:00:00,2025,6,3,19,Huế,Phường Phú Bài,16.409296,107.6779818,54,Moderate,1,27.6,89,9.0,8.5,72,1004.6,100,21.5,24.6,340.0,11.0,54.0,5.9
2025-06-03 20:00:00,2025,6,3,20,Huế,Phường Phú Bài,16.409296,107.6779818,55,Moderate,1,29.5,78,0.0,7.9,229,1003.9,100,24.0,26.5,344.0,12.8,45.0,6.7
2025-06-03 21:00:00,2025,6,3,21,Huế,Phường Phú Bài,16.409296,107.6779818,55,Moderate,1,29.0,78,0.0,6.5,226,1004.5,100,26.0,28.3,330.0,15.2,33.0,7.7
2025-06-03 22:00:00,2025,6,3,22,Huế,Phường Phú Bài,16.409296,107.6779818,56,Moderate,1,28.8,80,0.0,6.1,208,1005.1,91,28.3,30.6,317.0,16.7,23.0,8.1
2025-06-03 23:00:00,2025,6,3,23,Huế,Phường Phú Bài,16.409296,107.6779818,56,Moderate,1,28.4,84,0.0,4.5,209,1005.2,100,28.1,30.2,316.0,16.5,18.0,7.5
2025-06-04 00:00:00,2025,6,4,0,Huế,Phường Phú Bài,16.409296,107.6779818,56,Moderate,1,27.8,87,0.0,6.8,222,1004.7,95,25.9,27.9,317.0,15.4,14.0,6.3
2025-06-04 01:00:00,2025,6,4,1,Huế,Phường Phú Bài,16.409296,107.6779818,56,Moderate,1,27.1,85,0.0,7.8,228,1004.0,99,24.2,26.2,310.0,14.2,12.0,5.2
2025-06-04 02:00:00,2025,6,4,2,Huế,Phường Phú Bài,16.409296,107.6779818,56,Moderate,1,26.7,82,0.0,9.2,219,1003.3,100,22.8,25.0,283.0,13.3,8.0,4.5
2025-06-04 03:00:00,2025,6,4,3,Huế,Phường Phú Bài,16.409296,107.6779818,56,Moderate,1,26.4,81,0.0,6.6,223,1002.8,100,21.3,23.8,248.0,12.3,6.0,3.9
2025-06-04 04:00:00,2025,6,4,4,Huế,Phường Phú Bài,16.409296,107.6779818,56,Moderate,1,26.0,82,0.0,6.2,224,1003.4,100,20.0,22.6,233.0,11.3,9.0,3.6
2025-06-04 05:00:00,2025,6,4,5,Huế,Phường Phú Bài,16.409296,107.6779818,56,Moderate,1,25.9,82,0.0,4.1,255,1004.5,100,19.0,21.8,262.0,10.1,20.0,3.8
2025-06-04 06:00:00,2025,6,4,6,Huế,Phường Phú Bài,16.409296,107.6779818,57,Moderate,1,26.6,79,0.0,4.5,220,1005.2,100,20.0,23.0,310.0,8.9,38.0,4.3
2025-06-04 07:00:00,2025,6,4,7,Huế,Phường Phú Bài,16.409296,107.6779818,57,Moderate,1,28.9,72,0.0,3.4,205,1005.8,99,20.7,25.1,334.0,7.6,55.0,4.9
2025-06-04 08:00:00,2025,6,4,8,Huế,Phường Phú Bài,16.409296,107.6779818,59,Moderate,1,31.5,62,0.0,7.5,249,1006.0,100,19.0,26.9,304.0,6.1,77.0,5.2
2025-06-04 09:00:00,2025,6,4,9,Huế,Phường Phú Bài,16.409296,107.6779818,60,Moderate,1,33.5,52,0.0,8.0,250,1006.1,98,17.3,26.3,249.0,4.1,108.0,5.6
2025-06-04 10:00:00,2025,6,4,10,Huế,Phường Phú Bài,16.409296,107.6779818,61,Moderate,1,35.2,46,0.0,6.0,275,1005.7,100,15.0,23.3,212.0,2.6,132.0,5.8
2025-06-04 11:00:00,2025,6,4,11,Huế,Phường Phú Bài,16.409296,107.6779818,62,Moderate,1,36.0,44,0.0,5.6,329,1005.1,100,14.9,22.2,217.0,2.0,143.0,5.5
2025-06-04 12:00:00,2025,6,4,12,Huế,Phường Phú Bài,16.409296,107.6779818,63,Moderate,1,36.4,43,0.0,6.3,358,1004.2,100,15.5,21.9,240.0,2.0,149.0,4.9
2025-06-04 13:00:00,2025,6,4,13,Huế,Phường Phú Bài,16.409296,107.6779818,64,Moderate,1,35.5,46,0.2,8.9,32,1003.8,100,16.4,22.1,257.0,2.1,152.0,4.6
2025-06-04 14:00:00,2025,6,4,14,Huế,Phường Phú Bài,16.409296,107.6779818,65,Moderate,1,33.8,54,1.0,5.7,99,1003.6,100,17.6,22.2,253.0,2.1,158.0,4.7
2025-06-04 15:00:00,2025,6,4,15,Huế,Phường Phú Bài,16.409296,107.6779818,74,Moderate,1,34.2,53,0.1,6.4,140,1002.8,100,18.7,23.2,242.0,2.2,162.0,4.9
2025-06-04 16:00:00,2025,6,4,16,Huế,Phường Phú Bài,16.409296,107.6779818,96,Moderate,1,34.1,52,0.0,3.7,151,1002.4,100,19.3,24.0,242.0,3.2,157.0,5.4
2025-06-04 17:00:00,2025,6,4,17,Huế,Phường Phú Bài,16.409296,107.6779818,113,Unhealthy for Sensitive Groups,2,31.8,60,0.4,3.0,346,1003.1,100,19.5,24.0,262.0,5.7,137.0,6.2
2025-06-04 18:00:00,2025,6,4,18,Huế,Phường Phú Bài,16.409296,107.6779818,120,Unhealthy for Sensitive Groups,2,30.8,69,0.0,6.0,63,1004.4,100,21.5,25.1,293.0,9.1,107.0,7.1
2025-06-04 19:00:00,2025,6,4,19,Huế,Phường Phú Bài,16.409296,107.6779818,114,Unhealthy for Sensitive Groups,2,29.1,83,1.9,4.7,356,1005.4,100,27.8,31.3,322.0,13.9,81.0,8.2
2025-06-04 20:00:00,2025,6,4,20,Huế,Phường Phú Bài,16.409296,107.6779818,101,Unhealthy for Sensitive Groups,2,29.5,80,0.0,1.3,164,1006.3,100,27.2,29.8,345.0,13.5,71.0,8.0
2025-06-04 21:00:00,2025,6,4,21,Huế,Phường Phú Bài,16.409296,107.6779818,85,Moderate,1,29.3,80,0.0,3.1,230,1006.8,100,27.1,29.5,366.0,12.9,57.0,7.8
2025-06-04 22:00:00,2025,6,4,22,Huế,Phường Phú Bài,16.409296,107.6779818,69,Moderate,1,28.5,79,0.0,11.9,250,1007.8,100,27.4,29.7,384.0,12.4,45.0,7.4
2025-06-04 23:00:00,2025,6,4,23,Huế,Phường Phú Bài,16.409296,107.6779818,69,Moderate,1,27.0,78,0.0,11.2,222,1007.8,100,27.7,30.0,402.0,12.1,37.0,6.8
2025-06-05 00:00:00,2025,6,5,0,Huế,Phường Phú Bài,16.409296,107.6779818,69,Moderate,1,26.8,79,0.0,8.1,239,1007.3,100,27.5,29.8,416.0,12.0,32.0,6.1
2025-06-05 01:00:00,2025,6,5,1,Huế,Phường Phú Bài,16.409296,107.6779818,69,Moderate,1,26.6,81,0.0,5.8,214,1006.2,100,26.9,29.3,415.0,11.9,27.0,5.5
2025-06-05 02:00:00,2025,6,5,2,Huế,Phường Phú Bài,16.409296,107.6779818,70,Moderate,1,26.3,84,0.0,4.5,230,1005.7,100,26.3,28.6,384.0,12.2,21.0,5.2
2025-06-05 03:00:00,2025,6,5,3,Huế,Phường Phú Bài,16.409296,107.6779818,70,Moderate,1,26.1,87,0.0,5.0,235,1005.5,100,25.8,28.0,338.0,12.5,16.0,5.0
2025-06-05 04:00:00,2025,6,5,4,Huế,Phường Phú Bài,16.409296,107.6779818,70,Moderate,1,26.0,89,0.0,5.8,219,1005.6,100,25.8,27.9,314.0,12.4,17.0,5.1
2025-06-05 05:00:00,2025,6,5,5,Huế,Phường Phú Bài,16.409296,107.6779818,71,Moderate,1,25.8,91,0.0,3.8,239,1005.9,100,27.4,29.6,337.0,11.5,27.0,5.8
2025-06-05 06:00:00,2025,6,5,6,Huế,Phường Phú Bài,16.409296,107.6779818,72,Moderate,1,26.2,90,0.0,4.4,251,1006.5,100,30.4,32.6,381.0,10.0,43.0,6.7
2025-06-05 07:00:00,2025,6,5,7,Huế,Phường Phú Bài,16.409296,107.6779818,73,Moderate,1,28.4,79,0.0,2.2,256,1007.0,100,17.7,18.2,403.0,9.4,57.0,6.9
2025-06-05 08:00:00,2025,6,5,8,Huế,Phường Phú Bài,16.409296,107.6779818,72,Moderate,1,30.6,68,0.0,3.2,207,1007.1,100,12.1,13.4,379.0,7.4,80.0,6.8
2025-06-05 09:00:00,2025,6,5,9,Huế,Phường Phú Bài,16.409296,107.6779818,72,Moderate,1,32.5,59,0.0,3.1,239,1007.3,97,10.5,12.0,333.0,4.6,111.0,6.7
2025-06-05 10:00:00,2025,6,5,10,Huế,Phường Phú Bài,16.409296,107.6779818,71,Moderate,1,33.9,53,0.0,4.0,288,1006.9,91,10.6,13.6,290.0,2.6,136.0,6.4
2025-06-05 11:00:00,2025,6,5,11,Huế,Phường Phú Bài,16.409296,107.6779818,71,Moderate,1,34.8,50,0.0,7.3,335,1006.5,21,11.4,15.8,258.0,2.0,147.0,5.9
2025-06-05 12:00:00,2025,6,5,12,Huế,Phường Phú Bài,16.409296,107.6779818,70,Moderate,1,35.1,51,0.0,9.4,7,1005.8,29,12.7,18.0,229.0,2.1,152.0,5.2
2025-06-05 13:00:00,2025,6,5,13,Huế,Phường Phú Bài,16.409296,107.6779818,70,Moderate,1,34.8,52,0.0,10.4,51,1004.8,25,12.8,16.9,211.0,2.3,155.0,4.8
2025-06-05 14:00:00,2025,6,5,14,Huế,Phường Phú Bài,16.409296,107.6779818,70,Moderate,1,33.2,57,0.6,9.2,74,1004.1,47,14.6,17.9,206.0,2.2,161.0,4.7
2025-06-05 15:00:00,2025,6,5,15,Huế,Phường Phú Bài,16.409296,107.6779818,79,Moderate,1,32.8,60,0.2,1.7,58,1004.2,76,15.1,19.4,211.0,2.3,167.0,4.8
2025-06-05 16:00:00,2025,6,5,16,Huế,Phường Phú Bài,16.409296,107.6779818,102,Unhealthy for Sensitive Groups,2,31.7,64,0.6,1.6,90,1003.7,17,15.9,20.3,224.0,3.1,164.0,5.0
2025-06-05 17:00:00,2025,6,5,17,Huế,Phường Phú Bài,16.409296,107.6779818,120,Unhealthy for Sensitive Groups,2,31.4,65,0.0,7.6,121,1003.9,35,16.5,21.1,247.0,5.3,148.0,5.5
2025-06-05 18:00:00,2025,6,5,18,Huế,Phường Phú Bài,16.409296,107.6779818,128,Unhealthy for Sensitive Groups,2,30.2,69,0.0,5.9,125,1004.3,54,18.7,22.7,278.0,8.2,123.0,6.2
2025-06-05 19:00:00,2025,6,5,19,Huế,Phường Phú Bài,16.409296,107.6779818,125,Unhealthy for Sensitive Groups,2,29.6,74,0.0,5.0,125,1005.0,87,22.5,24.9,306.0,11.6,95.0,6.9
2025-06-05 20:00:00,2025,6,5,20,Huế,Phường Phú Bài,16.409296,107.6779818,114,Unhealthy for Sensitive Groups,2,29.0,80,0.7,5.7,148,1006.1,58,24.0,26.2,332.0,11.4,82.0,6.9
2025-06-05 21:00:00,2025,6,5,21,Huế,Phường Phú Bài,16.409296,107.6779818,99,Moderate,1,28.1,89,0.5,2.9,227,1006.7,30,24.4,26.3,356.0,11.1,65.0,6.8
2025-06-05 22:00:00,2025,6,5,22,Huế,Phường Phú Bài,16.409296,107.6779818,80,Moderate,1,27.9,93,0.0,7.0,190,1007.2,25,25.0,26.6,369.0,10.9,49.0,6.5
2025-06-05 23:00:00,2025,6,5,23,Huế,Phường Phú Bài,16.409296,107.6779818,67,Moderate,1,27.8,87,0.0,9.9,185,1007.3,19,25.4,26.8,364.0,10.9,38.0,5.8
2025-06-06 00:00:00,2025,6,6,0,Huế,Phường Phú Bài,16.409296,107.6779818,67,Moderate,1,27.5,85,0.0,7.6,194,1006.6,32,24.6,25.8,348.0,10.9,28.0,4.8
2025-06-06 01:00:00,2025,6,6,1,Huế,Phường Phú Bài,16.409296,107.6779818,67,Moderate,1,27.1,85,0.0,8.4,199,1006.2,42,23.3,24.5,335.0,10.9,21.0,4.0
2025-06-06 02:00:00,2025,6,6,2,Huế,Phường Phú Bài,16.409296,107.6779818,66,Moderate,1,26.6,86,0.2,7.3,216,1005.9,98,20.9,22.1,330.0,10.8,13.0,3.4
2025-06-06 03:00:00,2025,6,6,3,Huế,Phường Phú Bài,16.409296,107.6779818,66,Moderate,1,26.0,90,0.1,7.2,202,1005.2,98,19.8,21.0,328.0,10.6,8.0,2.9
2025-06-06 04:00:00,2025,6,6,4,Huế,Phường Phú Bài,16.409296,107.6779818,65,Moderate,1,25.6,92,0.0,6.2,202,1004.9,98,18.9,20.0,330.0,10.2,9.0,2.8
2025-06-06 05:00:00,2025,6,6,5,Huế,Phường Phú Bài,16.409296,107.6779818,65,Moderate,1,25.3,94,0.0,7.3,226,1005.3,98,18.9,20.1,344.0,9.6,20.0,3.3
2025-06-06 06:00:00,2025,6,6,6,Huế,Phường Phú Bài,16.409296,107.6779818,64,Moderate,1,25.8,93,0.0,6.3,239,1006.0,98,20.5,21.8,362.0,8.8,38.0,4.1
2025-06-06 07:00:00,2025,6,6,7,Huế,Phường Phú Bài,16.409296,107.6779818,63,Moderate,1,28.1,84,0.0,2.4,243,1006.7,99,19.4,20.1,365.0,7.8,62.0,4.6
2025-06-06 08:00:00,2025,6,6,8,Huế,Phường Phú Bài,16.409296,107.6779818,63,Moderate,1,32.0,60,0.0,1.0,202,1006.9,19,15.5,17.3,336.0,6.3,88.0,5.4
2025-06-06 09:00:00,2025,6,6,9,Huế,Phường Phú Bài,16.409296,107.6779818,64,Moderate,1,34.0,53,0.0,2.1,75,1007.3,2,13.6,15.4,293.0,4.2,124.0,6.5
2025-06-06 10:00:00,2025,6,6,10,Huế,Phường Phú Bài,16.409296,107.6779818,64,Moderate,1,35.4,48,0.0,4.5,47,1006.7,8,13.0,15.1,262.0,2.7,153.0,7.1
2025-06-06 11:00:00,2025,6,6,11,Huế,Phường Phú Bài,16.409296,107.6779818,64,Moderate,1,36.0,48,0.0,9.3,29,1005.9,54,13.6,15.9,260.0,2.3,169.0,6.8
2025-06-06 12:00:00,2025,6,6,12,Huế,Phường Phú Bài,16.409296,107.6779818,64,Moderate,1,32.8,63,6.0,9.1,21,1005.5,35,14.8,17.2,271.0,2.5,178.0,6.1
2025-06-06 13:00:00,2025,6,6,13,Huế,Phường Phú Bài,16.409296,107.6779818,65,Moderate,1,33.9,60,0.6,6.5,328,1004.4,42,16.2,18.4,279.0,2.7,185.0,5.6
2025-06-06 14:00:00,2025,6,6,14,Huế,Phường Phú Bài,16.409296,107.6779818,79,Moderate,1,34.2,60,0.1,2.9,60,1003.6,8,18.3,20.1,272.0,2.6,192.0,5.4
2025-06-06 15:00:00,2025,6,6,15,Huế,Phường Phú Bài,16.409296,107.6779818,111,Unhealthy for Sensitive Groups,2,33.8,60,0.0,6.9,75,1003.0,90,18.6,20.5,263.0,2.5,197.0,5.3
2025-06-06 16:00:00,2025,6,6,16,Huế,Phường Phú Bài,16.409296,107.6779818,140,Unhealthy for Sensitive Groups,2,31.2,71,2.6,1.7,238,1002.8,49,18.0,20.0,272.0,3.3,192.0,5.5
2025-06-06 17:00:00,2025,6,6,17,Huế,Phường Phú Bài,16.409296,107.6779818,159,Unhealthy,3,31.4,69,0.1,3.1,97,1002.9,12,18.5,20.3,322.0,5.7,171.0,6.3
2025-06-06 18:00:00,2025,6,6,18,Huế,Phường Phú Bài,16.409296,107.6779818,167,Unhealthy,3,30.9,71,0.0,2.6,129,1004.1,19,21.7,23.5,390.0,8.9,141.0,7.3
2025-06-06 19:00:00,2025,6,6,19,Huế,Phường Phú Bài,16.409296,107.6779818,165,Unhealthy,3,30.0,77,0.0,2.6,219,1004.9,13,29.2,31.1,426.0,14.8,94.0,8.3
2025-06-06 20:00:00,2025,6,6,20,Huế,Phường Phú Bài,16.409296,107.6779818,153,Unhealthy,3,29.0,80,0.0,9.1,197,1005.4,98,27.9,29.4,398.0,13.7,80.0,8.0
2025-06-06 21:00:00,2025,6,6,21,Huế,Phường Phú Bài,16.409296,107.6779818,133,Unhealthy for Sensitive Groups,2,28.6,77,0.0,11.2,186,1006.2,82,25.6,27.0,338.0,12.3,61.0,7.5
2025-06-06 22:00:00,2025,6,6,22,Huế,Phường Phú Bài,16.409296,107.6779818,106,Unhealthy for Sensitive Groups,2,28.5,75,0.0,10.4,179,1006.1,28,26.5,27.9,296.0,11.5,44.0,6.9
2025-06-06 23:00:00,2025,6,6,23,Huế,Phường Phú Bài,16.409296,107.6779818,75,Moderate,1,27.9,78,0.0,9.8,186,1006.1,18,28.3,29.7,295.0,12.0,32.0,6.3
2025-06-07 00:00:00,2025,6,7,0,Huế,Phường Phú Bài,16.409296,107.6779818,68,Moderate,1,27.4,81,0.0,8.1,184,1005.4,8,28.2,29.6,312.0,13.1,22.0,5.5
2025-06-07 01:00:00,2025,6,7,1,Huế,Phường Phú Bài,16.409296,107.6779818,68,Moderate,1,26.8,85,0.0,7.2,207,1005.0,6,26.9,28.3,320.0,13.8,14.0,4.9
2025-06-07 02:00:00,2025,6,7,2,Huế,Phường Phú Bài,16.409296,107.6779818,68,Moderate,1,26.3,87,0.0,7.3,222,1004.4,27,25.8,27.1,303.0,13.6,7.0,4.3
2025-06-07 03:00:00,2025,6,7,3,Huế,Phường Phú Bài,16.409296,107.6779818,69,Moderate,1,26.0,88,0.0,6.9,211,1003.9,1,24.7,26.1,279.0,12.8,3.0,3.7
2025-06-07 04:00:00,2025,6,7,4,Huế,Phường Phú Bài,16.409296,107.6779818,69,Moderate,1,25.7,89,0.0,6.1,220,1003.9,1,23.8,25.3,269.0,11.9,6.0,3.5
2025-06-07 05:00:00,2025,6,7,5,Huế,Phường Phú Bài,16.409296,107.6779818,69,Moderate,1,25.6,88,0.0,6.6,235,1004.5,8,23.4,25.0,294.0,10.8,18.0,4.0
2025-06-07 06:00:00,2025,6,7,6,Huế,Phường Phú Bài,16.409296,107.6779818,70,Moderate,1,26.4,84,0.0,5.9,225,1005.4,4,25.4,27.1,335.0,9.4,37.0,4.9
2025-06-07 07:00:00,2025,6,7,7,Huế,Phường Phú Bài,16.409296,107.6779818,70,Moderate,1,29.4,71,0.0,3.6,200,1005.7,1,19.7,20.5,355.0,8.9,56.0,4.5
2025-06-07 08:00:00,2025,6,7,8,Huế,Phường Phú Bài,16.409296,107.6779818,70,Moderate,1,32.3,59,0.0,3.0,213,1006.2,100,15.4,17.1,335.0,7.0,74.0,5.0
2025-06-07 09:00:00,2025,6,7,9,Huế,Phường Phú Bài,16.409296,107.6779818,70,Moderate,1,34.2,51,0.0,1.5,263,1006.3,76,14.8,17.0,295.0,4.4,99.0,5.6
2025-06-07 10:00:00,2025,6,7,10,Huế,Phường Phú Bài,16.409296,107.6779818,70,Moderate,1,36.0,47,0.0,3.5,348,1006.1,54,13.9,16.6,262.0,2.5,120.0,5.9
2025-06-07 11:00:00,2025,6,7,11,Huế,Phường Phú Bài,16.409296,107.6779818,70,Moderate,1,36.8,45,0.0,7.1,9,1005.3,20,13.8,16.9,248.0,1.9,133.0,5.6
2025-06-07 12:00:00,2025,6,7,12,Huế,Phường Phú Bài,16.409296,107.6779818,71,Moderate,1,36.7,46,0.0,11.2,26,1004.4,65,14.4,17.6,241.0,1.9,143.0,4.9
2025-06-07 13:00:00,2025,6,7,13,Huế,Phường Phú Bài,16.409296,107.6779818,70,Moderate,1,35.0,49,0.1,12.6,71,1003.5,20,15.0,18.0,237.0,2.2,148.0,4.4
2025-06-07 14:00:00,2025,6,7,14,Huế,Phường Phú Bài,16.409296,107.6779818,70,Moderate,1,34.8,50,0.1,9.0,110,1003.0,40,16.8,19.6,229.0,2.4,149.0,4.2
2025-06-07 15:00:00,2025,6,7,15,Huế,Phường Phú Bài,16.409296,107.6779818,70,Moderate,1,35.0,49,0.0,9.4,113,1002.4,21,15.4,18.3,222.0,2.8,145.0,4.1
2025-06-07 16:00:00,2025,6,7,16,Huế,Phường Phú Bài,16.409296,107.6779818,82,Moderate,1,34.3,51,0.0,7.2,112,1002.1,69,16.0,18.7,230.0,3.9,138.0,4.4
2025-06-07 17:00:00,2025,6,7,17,Huế,Phường Phú Bài,16.409296,107.6779818,95,Moderate,1,33.5,54,0.0,7.5,117,1002.2,35,17.8,20.5,264.0,6.3,127.0,5.4
2025-06-07 18:00:00,2025,6,7,18,Huế,Phường Phú Bài,16.409296,107.6779818,101,Unhealthy for Sensitive Groups,2,32.5,59,0.0,5.5,139,1002.9,51,19.5,22.1,312.0,9.3,113.0,6.7
2025-06-07 19:00:00,2025,6,7,19,Huế,Phường Phú Bài,16.409296,107.6779818,100,Moderate,1,31.5,65,0.0,4.0,180,1003.6,12,29.2,31.8,350.0,13.6,92.0,8.2
2025-06-07 20:00:00,2025,6,7,20,Huế,Phường Phú Bài,16.409296,107.6779818,91,Moderate,1,30.0,78,0.5,4.4,243,1004.9,57,33.6,36.1,371.0,14.0,76.0,8.1
2025-06-07 21:00:00,2025,6,7,21,Huế,Phường Phú Bài,16.409296,107.6779818,77,Moderate,1,29.2,80,0.1,8.6,164,1005.0,36,31.4,33.3,383.0,14.5,55.0,8.0
2025-06-07 22:00:00,2025,6,7,22,Huế,Phường Phú Bài,16.409296,107.6779818,71,Moderate,1,28.5,83,0.0,7.2,181,1005.3,12,28.2,29.7,380.0,14.7,37.0,7.6
2025-06-07 23:00:00,2025,6,7,23,Huế,Phường Phú Bài,16.409296,107.6779818,71,Moderate,1,27.6,89,0.0,7.7,205,1005.9,48,25.8,27.1,355.0,14.2,27.0,6.7
2025-06-08 00:00:00,2025,6,8,0,Huế,Phường Phú Bài,16.409296,107.6779818,70,Moderate,1,27.0,89,0.1,9.3,217,1005.3,33,23.3,24.3,315.0,13.4,21.0,5.5
2025-06-08 01:00:00,2025,6,8,1,Huế,Phường Phú Bài,16.409296,107.6779818,70,Moderate,1,26.5,91,0.1,8.5,218,1004.2,17,21.4,22.2,282.0,12.6,16.0,4.5
2025-06-08 02:00:00,2025,6,8,2,Huế,Phường Phú Bài,16.409296,107.6779818,70,Moderate,1,26.0,92,0.0,7.8,218,1003.4,0,19.3,19.9,260.0,11.9,11.0,3.8
2025-06-08 03:00:00,2025,6,8,3,Huế,Phường Phú Bài,16.409296,107.6779818,69,Moderate,1,25.7,92,0.0,7.5,224,1002.9,2,17.2,17.7,245.0,11.2,7.0,3.4
2025-06-08 04:00:00,2025,6,8,4,Huế,Phường Phú Bài,16.409296,107.6779818,68,Moderate,1,25.5,93,0.0,7.5,217,1002.7,1,15.8,16.3,241.0,10.4,9.0,3.3
2025-06-08 05:00:00,2025,6,8,5,Huế,Phường Phú Bài,16.409296,107.6779818,68,Moderate,1,25.2,92,0.0,6.6,227,1003.2,6,15.1,15.6,257.0,9.7,20.0,3.7
2025-06-08 06:00:00,2025,6,8,6,Huế,Phường Phú Bài,16.409296,107.6779818,67,Moderate,1,25.8,89,0.0,6.4,223,1004.0,50,16.6,17.1,285.0,8.9,36.0,4.5
2025-06-08 07:00:00,2025,6,8,7,Huế,Phường Phú Bài,16.409296,107.6779818,66,Moderate,1,28.8,76,0.0,4.7,220,1004.8,97,14.6,15.2,302.0,8.3,56.0,4.7
2025-06-08 08:00:00,2025,6,8,8,Huế,Phường Phú Bài,16.409296,107.6779818,66,Moderate,1,32.8,56,0.0,4.2,245,1004.9,28,11.4,11.9,296.0,6.6,79.0,5.3
2025-06-08 09:00:00,2025,6,8,9,Huế,Phường Phú Bài,16.409296,107.6779818,65,Moderate,1,34.7,49,0.0,3.4,276,1004.7,5,10.2,10.8,281.0,4.4,111.0,6.0
2025-06-08 10:00:00,2025,6,8,10,Huế,Phường Phú Bài,16.409296,107.6779818,65,Moderate,1,36.2,45,0.0,3.5,309,1004.4,15,9.5,10.4,272.0,2.7,137.0,6.5
2025-06-08 11:00:00,2025,6,8,11,Huế,Phường Phú Bài,16.409296,107.6779818,64,Moderate,1,36.8,44,0.0,6.7,9,1003.8,27,10.2,11.2,281.0,2.2,151.0,6.3
2025-06-08 12:00:00,2025,6,8,12,Huế,Phường Phú Bài,16.409296,107.6779818,64,Moderate,1,33.5,58,4.7,11.8,57,1003.6,75,11.4,12.5,296.0,2.4,159.0,5.8
2025-06-08 13:00:00,2025,6,8,13,Huế,Phường Phú Bài,16.409296,107.6779818,64,Moderate,1,34.8,53,0.2,7.4,1,1002.8,14,12.4,13.4,304.0,2.6,165.0,5.4
2025-06-08 14:00:00,2025,6,8,14,Huế,Phường Phú Bài,16.409296,107.6779818,64,Moderate,1,30.9,69,6.5,8.9,257,1003.0,96,14.4,15.5,289.0,2.6,173.0,5.4
2025-06-08 15:00:00,2025,6,8,15,Huế,Phường Phú Bài,16.409296,107.6779818,86,Moderate,1,30.0,76,1.6,8.5,178,1002.4,84,14.7,15.9,266.0,2.7,178.0,5.6
2025-06-08 16:00:00,2025,6,8,16,Huế,Phường Phú Bài,16.409296,107.6779818,112,Unhealthy for Sensitive Groups,2,30.5,72,0.4,7.2,174,1001.8,20,15.2,16.6,265.0,3.2,174.0,5.8
2025-06-08 17:00:00,2025,6,8,17,Huế,Phường Phú Bài,16.409296,107.6779818,132,Unhealthy for Sensitive Groups,2,31.0,69,0.0,8.0,144,1001.7,3,15.4,16.5,306.0,4.4,153.0,5.8
2025-06-08 18:00:00,2025,6,8,18,Huế,Phường Phú Bài,16.409296,107.6779818,141,Unhealthy for Sensitive Groups,2,30.1,72,0.0,6.0,185,1002.7,11,15.4,16.1,369.0,6.1,122.0,5.8
2025-06-08 19:00:00,2025,6,8,19,Huế,Phường Phú Bài,16.409296,107.6779818,138,Unhealthy for Sensitive Groups,2,29.2,81,0.0,3.3,186,1003.4,7,18.0,19.0,426.0,10.0,71.0,5.6
2025-06-08 20:00:00,2025,6,8,20,Huế,Phường Phú Bài,16.409296,107.6779818,121,Unhealthy for Sensitive Groups,2,28.8,79,0.0,6.1,156,1004.4,63,14.9,15.5,479.0,10.6,59.0,5.7
2025-06-08 21:00:00,2025,6,8,21,Huế,Phường Phú Bài,16.409296,107.6779818,99,Moderate,1,28.4,81,0.0,6.5,180,1004.7,84,16.4,16.9,526.0,11.4,43.0,5.9
2025-06-08 22:00:00,2025,6,8,22,Huế,Phường Phú Bài,16.409296,107.6779818,74,Moderate,1,28.0,83,0.0,6.7,188,1005.4,90,17.9,18.5,533.0,12.0,29.0,5.8
2025-06-08 23:00:00,2025,6,8,23,Huế,Phường Phú Bài,16.409296,107.6779818,58,Moderate,1,27.4,86,0.0,7.9,193,1005.1,85,17.6,18.0,466.0,12.1,21.0,5.2
2025-06-09 00:00:00,2025,6,9,0,Huế,Phường Phú Bài,16.409296,107.6779818,57,Moderate,1,26.9,87,0.0,7.7,205,1004.2,84,17.3,17.8,359.0,12.0,15.0,4.3
2025-06-09 01:00:00,2025,6,9,1,Huế,Phường Phú Bài,16.409296,107.6779818,57,Moderate,1,26.5,88,0.0,6.8,212,1003.1,56,17.2,17.6,276.0,11.8,11.0,3.6
2025-06-09 02:00:00,2025,6,9,2,Huế,Phường Phú Bài,16.409296,107.6779818,56,Moderate,1,26.0,89,0.0,8.0,211,1002.4,8,17.0,17.5,242.0,11.4,7.0,3.1
2025-06-09 03:00:00,2025,6,9,3,Huế,Phường Phú Bài,16.409296,107.6779818,56,Moderate,1,25.7,88,0.0,8.1,223,1001.7,59,16.8,17.2,233.0,10.9,4.0,2.8
2025-06-09 04:00:00,2025,6,9,4,Huế,Phường Phú Bài,16.409296,107.6779818,56,Moderate,1,25.5,87,0.0,6.9,229,1001.6,24,16.4,16.9,239.0,10.3,8.0,2.9
2025-06-09 05:00:00,2025,6,9,5,Huế,Phường Phú Bài,16.409296,107.6779818,56,Moderate,1,25.4,85,0.0,6.4,225,1002.5,4,16.9,17.5,272.0,9.6,20.0,3.5
2025-06-09 06:00:00,2025,6,9,6,Huế,Phường Phú Bài,16.409296,107.6779818,56,Moderate,1,26.0,82,0.0,7.3,213,1003.4,52,19.4,20.1,320.0,8.9,39.0,4.4
2025-06-09 07:00:00,2025,6,9,7,Huế,Phường Phú Bài,16.409296,107.6779818,56,Moderate,1,29.0,69,0.0,5.0,224,1004.2,3,16.2,17.0,345.0,7.3,59.0,4.3
2025-06-09 08:00:00,2025,6,9,8,Huế,Phường Phú Bài,16.409296,107.6779818,57,Moderate,1,33.2,52,0.0,6.6,244,1004.2,93,13.9,15.1,319.0,5.9,82.0,5.0
2025-06-09 09:00:00,2025,6,9,9,Huế,Phường Phú Bài,16.409296,107.6779818,57,Moderate,1,35.2,45,0.0,6.8,281,1004.2,28,12.5,14.3,269.0,4.0,113.0,5.9
2025-06-09 10:00:00,2025,6,9,10,Huế,Phường Phú Bài,16.409296,107.6779818,57,Moderate,1,36.5,42,0.0,4.1,322,1004.2,76,12.2,14.8,234.0,2.6,136.0,6.4
2025-06-09 11:00:00,2025,6,9,11,Huế,Phường Phú Bài,16.409296,107.6779818,57,Moderate,1,36.8,41,0.0,10.0,6,1003.6,100,12.8,15.5,234.0,2.3,143.0,6.1
2025-06-09 12:00:00,2025,6,9,12,Huế,Phường Phú Bài,16.409296,107.6779818,57,Moderate,1,33.7,56,2.7,6.0,106,1003.3,44,13.4,15.9,250.0,2.6,142.0,5.3
2025-06-09 13:00:00,2025,6,9,13,Huế,Phường Phú Bài,16.409296,107.6779818,58,Moderate,1,35.8,48,0.0,0.6,326,1002.6,100,13.7,15.9,257.0,2.9,141.0,4.8
2025-06-09 14:00:00,2025,6,9,14,Huế,Phường Phú Bài,16.409296,107.6779818,58,Moderate,1,30.2,74,4.9,9.0,265,1002.4,82,13.7,15.8,234.0,2.6,144.0,4.7
2025-06-09 15:00:00,2025,6,9,15,Huế,Phường Phú Bài,16.409296,107.6779818,71,Moderate,1,32.2,61,0.1,4.9,204,1001.1,95,13.6,15.7,203.0,2.3,147.0,4.9
2025-06-09 16:00:00,2025,6,9,16,Huế,Phường Phú Bài,16.409296,107.6779818,89,Moderate,1,32.8,57,0.0,0.0,270,999.8,74,14.6,16.5,210.0,3.2,145.0,5.6
2025-06-09 17:00:00,2025,6,9,17,Huế,Phường Phú Bài,16.409296,107.6779818,103,Unhealthy for Sensitive Groups,2,32.5,58,0.0,1.5,69,999.6,64,15.4,17.2,286.0,6.5,135.0,7.2
2025-06-09 18:00:00,2025,6,9,18,Huế,Phường Phú Bài,16.409296,107.6779818,108,Unhealthy for Sensitive Groups,2,31.8,61,0.0,2.5,120,1000.3,12,17.7,19.3,400.0,11.0,121.0,9.2
2025-06-09 19:00:00,2025,6,9,19,Huế,Phường Phú Bài,16.409296,107.6779818,104,Unhealthy for Sensitive Groups,2,30.4,69,0.0,3.1,126,1001.7,6,29.7,32.1,503.0,15.1,79.0,8.3
2025-06-09 20:00:00,2025,6,9,20,Huế,Phường Phú Bài,16.409296,107.6779818,91,Moderate,1,29.1,86,0.0,4.1,229,1002.6,9,33.1,35.0,592.0,17.3,65.0,8.7
2025-06-09 21:00:00,2025,6,9,21,Huế,Phường Phú Bài,16.409296,107.6779818,74,Moderate,1,28.9,85,0.0,4.6,216,1003.5,22,34.9,36.7,670.0,20.3,45.0,9.1
2025-06-09 22:00:00,2025,6,9,22,Huế,Phường Phú Bài,16.409296,107.6779818,62,Moderate,1,28.6,86,0.0,4.8,209,1004.2,82,35.6,37.4,693.0,22.3,29.0,9.1
2025-06-09 23:00:00,2025,6,9,23,Huế,Phường Phú Bài,16.409296,107.6779818,64,Moderate,1,28.1,87,0.0,6.5,222,1004.0,49,36.8,38.4,622.0,22.5,22.0,8.2
2025-06-10 00:00:00,2025,6,10,0,Huế,Phường Phú Bài,16.409296,107.6779818,65,Moderate,1,27.7,87,0.0,6.6,223,1003.4,43,35.9,37.3,495.0,21.6,18.0,6.7
2025-06-10 01:00:00,2025,6,10,1,Huế,Phường Phú Bài,16.409296,107.6779818,67,Moderate,1,27.2,87,0.0,6.9,208,1002.8,90,32.2,33.4,388.0,20.1,16.0,5.5
2025-06-10 02:00:00,2025,6,10,2,Huế,Phường Phú Bài,16.409296,107.6779818,68,Moderate,1,26.7,88,0.0,6.8,209,1002.0,97,27.0,28.1,326.0,17.5,12.0,4.6
2025-06-10 03:00:00,2025,6,10,3,Huế,Phường Phú Bài,16.409296,107.6779818,69,Moderate,1,26.2,88,0.0,8.1,239,1001.9,94,23.9,25.0,283.0,14.3,9.0,4.0
2025-06-10 04:00:00,2025,6,10,4,Huế,Phường Phú Bài,16.409296,107.6779818,70,Moderate,1,26.2,84,0.0,8.0,245,1001.4,99,21.2,22.2,258.0,11.6,12.0,3.8
2025-06-10 05:00:00,2025,6,10,5,Huế,Phường Phú Bài,16.409296,107.6779818,70,Moderate,1,26.1,83,0.0,6.4,223,1001.3,72,20.0,20.8,260.0,10.2,23.0,4.3
2025-06-10 06:00:00,2025,6,10,6,Huế,Phường Phú Bài,16.409296,107.6779818,71,Moderate,1,26.5,81,0.0,6.1,214,1002.4,67,21.4,22.1,279.0,9.4,39.0,5.3
2025-06-10 07:00:00,2025,6,10,7,Huế,Phường Phú Bài,16.409296,107.6779818,71,Moderate,1,29.1,69,0.0,3.6,233,1002.9,100,24.9,26.1,289.0,9.0,57.0,5.6
2025-06-10 08:00:00,2025,6,10,8,Huế,Phường Phú Bài,16.409296,107.6779818,71,Moderate,1,31.0,63,0.0,4.3,228,1003.3,100,21.5,23.2,278.0,7.2,71.0,5.7
2025-06-10 09:00:00,2025,6,10,9,Huế,Phường Phú Bài,16.409296,107.6779818,72,Moderate,1,33.1,55,0.0,3.1,280,1003.4,100,19.4,20.8,258.0,4.6,91.0,5.8
2025-06-10 10:00:00,2025,6,10,10,Huế,Phường Phú Bài,16.409296,107.6779818,73,Moderate,1,34.8,49,0.0,5.9,317,1003.2,100,16.4,17.3,236.0,2.7,107.0,5.6
2025-06-10 11:00:00,2025,6,10,11,Huế,Phường Phú Bài,16.409296,107.6779818,73,Moderate,1,35.5,49,0.0,10.2,330,1002.9,100,13.5,14.2,211.0,1.9,115.0,5.0
2025-06-10 12:00:00,2025,6,10,12,Huế,Phường Phú Bài,16.409296,107.6779818,73,Moderate,1,35.9,48,0.0,12.7,331,1001.7,100,11.9,12.5,186.0,1.8,118.0,4.1
2025-06-10 13:00:00,2025,6,10,13,Huế,Phường Phú Bài,16.409296,107.6779818,73,Moderate,1,33.8,55,0.0,14.1,330,1000.9,100,11.9,12.5,173.0,1.8,119.0,3.4
2025-06-10 14:00:00,2025,6,10,14,Huế,Phường Phú Bài,16.409296,107.6779818,73,Moderate,1,34.2,54,0.0,8.9,304,1000.4,100,12.0,12.6,182.0,1.6,119.0,3.0
2025-06-10 15:00:00,2025,6,10,15,Huế,Phường Phú Bài,16.409296,107.6779818,73,Moderate,1,28.7,82,13.4,11.6,226,1001.1,100,12.1,12.9,204.0,1.7,117.0,2.9
2025-06-10 16:00:00,2025,6,10,16,Huế,Phường Phú Bài,16.409296,107.6779818,73,Moderate,1,27.0,88,5.7,0.8,207,1000.7,100,11.3,12.1,225.0,2.6,110.0,3.1
2025-06-10 17:00:00,2025,6,10,17,Huế,Phường Phú Bài,16.409296,107.6779818,72,Moderate,1,26.5,96,0.5,4.6,228,1001.0,100,12.7,13.4,234.0,5.2,96.0,3.8
2025-06-10 18:00:00,2025,6,10,18,Huế,Phường Phú Bài,16.409296,107.6779818,72,Moderate,1,26.6,94,0.4,2.2,215,1001.2,100,15.4,16.4,244.0,8.6,78.0,4.9
2025-06-10 19:00:00,2025,6,10,19,Huế,Phường Phú Bài,16.409296,107.6779818,72,Moderate,1,26.5,96,0.0,5.4,236,1002.2,100,15.6,16.3,275.0,9.4,68.0,5.1
2025-06-10 20:00:00,2025,6,10,20,Huế,Phường Phú Bài,16.409296,107.6779818,71,Moderate,1,26.9,95,0.2,7.3,205,1002.5,100,15.9,16.4,362.0,9.5,61.0,5.2
2025-06-10 21:00:00,2025,6,10,21,Huế,Phường Phú Bài,16.409296,107.6779818,69,Moderate,1,26.8,92,0.6,7.5,233,1003.2,100,16.2,16.6,471.0,9.6,51.0,5.4
2025-06-10 22:00:00,2025,6,10,22,Huế,Phường Phú Bài,16.409296,107.6779818,67,Moderate,1,25.9,93,5.1,12.2,232,1003.6,100,14.9,15.2,525.0,9.4,43.0,5.3
2025-06-10 23:00:00,2025,6,10,23,Huế,Phường Phú Bài,16.409296,107.6779818,66,Moderate,1,25.8,92,2.6,6.7,273,1004.2,100,13.6,13.8,473.0,8.8,38.0,4.8
2025-06-11 00:00:00,2025,6,11,0,Huế,Phường Phú Bài,16.409296,107.6779818,64,Moderate,1,25.2,97,1.0,10.5,273,1003.5,100,11.9,12.0,367.0,7.8,36.0,4.0
2025-06-11 01:00:00,2025,6,11,1,Huế,Phường Phú Bài,16.409296,107.6779818,61,Moderate,1,25.1,96,1.1,10.1,287,1002.3,100,10.4,10.6,279.0,6.8,36.0,3.3
2025-06-11 02:00:00,2025,6,11,2,Huế,Phường Phú Bài,16.409296,107.6779818,59,Moderate,1,25.0,96,1.4,11.0,269,1001.7,100,8.8,8.9,236.0,5.4,41.0,2.8
2025-06-11 03:00:00,2025,6,11,3,Huế,Phường Phú Bài,16.409296,107.6779818,58,Moderate,1,24.6,97,1.1,11.2,275,1001.8,100,7.1,7.2,212.0,4.0,49.0,2.4
2025-06-11 04:00:00,2025,6,11,4,Huế,Phường Phú Bài,16.409296,107.6779818,56,Moderate,1,24.5,96,3.0,8.3,276,1001.7,100,6.1,6.2,204.0,3.2,56.0,2.3
2025-06-11 05:00:00,2025,6,11,5,Huế,Phường Phú Bài,16.409296,107.6779818,55,Moderate,1,24.3,97,2.4,12.8,280,1002.0,100,5.7,5.8,221.0,3.7,61.0,2.5
2025-06-11 06:00:00,2025,6,11,6,Huế,Phường Phú Bài,16.409296,107.6779818,54,Moderate,1,24.0,97,0.7,11.2,272,1002.3,100,6.3,6.4,255.0,4.9,65.0,3.0
2025-06-11 07:00:00,2025,6,11,7,Huế,Phường Phú Bài,16.409296,107.6779818,52,Moderate,1,25.0,93,0.2,11.7,274,1002.8,100,8.9,9.2,278.0,6.5,60.0,4.0
2025-06-11 08:00:00,2025,6,11,8,Huế,Phường Phú Bài,16.409296,107.6779818,51,Moderate,1,26.2,91,0.0,9.3,279,1002.7,100,8.6,8.7,277.0,5.9,71.0,4.1
2025-06-11 09:00:00,2025,6,11,9,Huế,Phường Phú Bài,16.409296,107.6779818,50,Good,0,27.1,87,0.2,10.9,297,1002.7,100,8.5,8.6,265.0,5.2,86.0,4.1
2025-06-11 10:00:00,2025,6,11,10,Huế,Phường Phú Bài,16.409296,107.6779818,48,Good,0,27.5,84,0.3,14.4,300,1002.6,100,8.2,8.5,253.0,4.6,98.0,4.3
2025-06-11 11:00:00,2025,6,11,11,Huế,Phường Phú Bài,16.409296,107.6779818,46,Good,0,28.1,79,0.3,15.8,304,1002.2,100,8.4,8.7,239.0,4.3,103.0,4.6
2025-06-11 12:00:00,2025,6,11,12,Huế,Phường Phú Bài,16.409296,107.6779818,46,Good,0,28.1,81,1.2,17.5,309,1001.5,100,9.8,10.2,226.0,4.2,105.0,4.9
2025-06-11 13:00:00,2025,6,11,13,Huế,Phường Phú Bài,16.409296,107.6779818,45,Good,0,27.4,88,3.2,10.9,282,1000.7,100,11.6,12.0,226.0,4.3,106.0,5.2
2025-06-11 14:00:00,2025,6,11,14,Huế,Phường Phú Bài,16.409296,107.6779818,45,Good,0,26.3,89,3.5,21.1,303,1000.6,100,13.0,13.4,249.0,4.8,107.0,5.4
2025-06-11 15:00:00,2025,6,11,15,Huế,Phường Phú Bài,16.409296,107.6779818,45,Good,0,26.5,88,0.4,19.0,301,999.9,100,16.8,17.2,285.0,5.4,107.0,5.5
2025-06-11 16:00:00,2025,6,11,16,Huế,Phường Phú Bài,16.409296,107.6779818,46,Good,0,26.2,89,0.5,16.7,296,999.3,100,20.8,21.4,327.0,6.0,106.0,5.6
2025-06-11 17:00:00,2025,6,11,17,Huế,Phường Phú Bài,16.409296,107.6779818,48,Good,0,26.4,90,0.4,14.8,288,998.8,100,24.2,24.9,379.0,6.4,104.0,5.9
2025-06-11 18:00:00,2025,6,11,18,Huế,Phường Phú Bài,16.409296,107.6779818,50,Good,0,25.8,96,0.5,13.1,303,999.2,100,24.8,25.4,436.0,6.6,102.0,6.3
2025-06-11 19:00:00,2025,6,11,19,Huế,Phường Phú Bài,16.409296,107.6779818,51,Moderate,1,25.4,97,0.4,13.9,306,999.8,100,14.9,15.3,471.0,3.4,113.0,2.9
2025-06-11 20:00:00,2025,6,11,20,Huế,Phường Phú Bài,16.409296,107.6779818,51,Moderate,1,24.2,95,1.2,28.3,300,999.1,100,12.5,12.8,469.0,3.0,110.0,2.6
2025-06-11 21:00:00,2025,6,11,21,Huế,Phường Phú Bài,16.409296,107.6779818,50,Good,0,24.6,96,1.8,23.6,295,999.3,100,10.5,10.7,446.0,2.5,106.0,2.1
2025-06-11 22:00:00,2025,6,11,22,Huế,Phường Phú Bài,16.409296,107.6779818,50,Good,0,24.4,94,4.2,24.2,288,1000.1,100,10.1,10.2,420.0,2.0,102.0,1.8
2025-06-11 23:00:00,2025,6,11,23,Huế,Phường Phú Bài,16.409296,107.6779818,49,Good,0,24.5,95,2.3,23.7,288,1000.0,100,9.2,9.3,398.0,1.7,99.0,1.6
2025-06-12 00:00:00,2025,6,12,0,Huế,Phường Phú Bài,16.409296,107.6779818,49,Good,0,24.6,95,3.1,22.5,290,999.9,100,8.1,8.2,374.0,1.5,96.0,1.5
2025-06-12 01:00:00,2025,6,12,1,Huế,Phường Phú Bài,16.409296,107.6779818,48,Good,0,24.4,95,3.1,23.0,298,999.1,100,7.5,7.5,346.0,1.4,95.0,1.5
2025-06-12 02:00:00,2025,6,12,2,Huế,Phường Phú Bài,16.409296,107.6779818,48,Good,0,24.2,95,2.1,21.9,286,998.3,100,7.2,7.2,305.0,1.3,96.0,1.5
2025-06-12 03:00:00,2025,6,12,3,Huế,Phường Phú Bài,16.409296,107.6779818,47,Good,0,24.3,94,1.8,25.2,285,997.5,100,6.7,6.7,260.0,1.3,98.0,1.5
2025-06-12 04:00:00,2025,6,12,4,Huế,Phường Phú Bài,16.409296,107.6779818,47,Good,0,24.1,95,3.3,25.7,279,997.2,100,6.4,6.4,237.0,1.5,99.0,1.7
2025-06-12 05:00:00,2025,6,12,5,Huế,Phường Phú Bài,16.409296,107.6779818,47,Good,0,24.0,94,3.6,26.1,276,997.5,100,6.4,6.4,255.0,2.0,100.0,2.0
2025-06-12 06:00:00,2025,6,12,6,Huế,Phường Phú Bài,16.409296,107.6779818,47,Good,0,24.1,94,4.2,27.4,267,997.3,100,6.0,6.0,296.0,2.7,100.0,2.5
2025-06-12 07:00:00,2025,6,12,7,Huế,Phường Phú Bài,16.409296,107.6779818,47,Good,0,24.2,93,5.2,29.9,273,997.5,100,11.7,12.8,330.0,9.3,47.0,4.4
2025-06-12 08:00:00,2025,6,12,8,Huế,Phường Phú Bài,16.409296,107.6779818,47,Good,0,24.6,97,8.4,22.7,293,998.5,100,8.2,9.2,349.0,8.0,49.0,3.9
2025-06-12 09:00:00,2025,6,12,9,Huế,Phường Phú Bài,16.409296,107.6779818,47,Good,0,24.6,96,6.3,22.6,295,998.6,100,5.8,6.1,361.0,6.3,53.0,3.3
2025-06-12 10:00:00,2025,6,12,10,Huế,Phường Phú Bài,16.409296,107.6779818,47,Good,0,24.9,95,4.8,25.7,282,998.1,100,5.2,5.3,369.0,5.0,57.0,3.0
2025-06-12 11:00:00,2025,6,12,11,Huế,Phường Phú Bài,16.409296,107.6779818,46,Good,0,25.1,94,4.6,25.2,280,997.7,100,4.8,4.8,363.0,4.6,62.0,3.3
2025-06-12 12:00:00,2025,6,12,12,Huế,Phường Phú Bài,16.409296,107.6779818,46,Good,0,25.2,93,7.8,28.0,276,997.3,100,4.5,4.5,353.0,4.5,67.0,3.8
2025-06-12 13:00:00,2025,6,12,13,Huế,Phường Phú Bài,16.409296,107.6779818,45,Good,0,25.1,94,14.0,26.1,273,997.2,100,4.4,4.4,363.0,4.5,71.0,4.1
2025-06-12 14:00:00,2025,6,12,14,Huế,Phường Phú Bài,16.409296,107.6779818,43,Good,0,25.1,94,6.4,22.3,270,996.5,100,5.1,5.1,425.0,4.3,73.0,3.9
2025-06-12 15:00:00,2025,6,12,15,Huế,Phường Phú Bài,16.409296,107.6779818,42,Good,0,25.0,93,8.7,22.5,254,995.3,100,4.2,4.2,507.0,4.1,74.0,3.5
2025-06-12 16:00:00,2025,6,12,16,Huế,Phường Phú Bài,16.409296,107.6779818,40,Good,0,24.9,93,16.0,23.8,252,994.3,100,2.9,2.9,544.0,4.0,75.0,3.2
2025-06-12 17:00:00,2025,6,12,17,Huế,Phường Phú Bài,16.409296,107.6779818,37,Good,0,25.0,92,20.8,28.3,249,993.8,100,2.2,2.2,491.0,4.0,75.0,3.0
2025-06-12 18:00:00,2025,6,12,18,Huế,Phường Phú Bài,16.409296,107.6779818,33,Good,0,24.8,92,11.0,25.6,262,994.6,100,2.3,2.3,392.0,4.1,75.0,2.9
2025-06-12 19:00:00,2025,6,12,19,Huế,Phường Phú Bài,16.409296,107.6779818,33,Good,0,24.8,93,7.3,16.6,274,995.8,100,9.3,9.7,315.0,8.1,55.0,4.2
2025-06-12 20:00:00,2025,6,12,20,Huế,Phường Phú Bài,16.409296,107.6779818,33,Good,0,24.5,94,19.6,3.2,199,997.0,100,6.3,6.6,291.0,6.7,57.0,3.8
2025-06-12 21:00:00,2025,6,12,21,Huế,Phường Phú Bài,16.409296,107.6779818,32,Good,0,24.5,94,11.8,1.2,129,997.4,100,5.2,5.4,290.0,4.7,60.0,3.2
2025-06-12 22:00:00,2025,6,12,22,Huế,Phường Phú Bài,16.409296,107.6779818,32,Good,0,24.3,97,6.2,9.6,327,998.4,100,4.1,4.1,282.0,3.1,64.0,2.7
2025-06-12 23:00:00,2025,6,12,23,Huế,Phường Phú Bài,16.409296,107.6779818,31,Good,0,24.5,96,8.4,16.5,288,998.2,100,3.2,3.2,254.0,2.4,69.0,2.2
2025-06-13 00:00:00,2025,6,13,0,Huế,Phường Phú Bài,16.409296,107.6779818,31,Good,0,24.5,96,3.7,17.8,283,998.1,100,2.6,2.6,220.0,2.2,74.0,1.8
2025-06-13 01:00:00,2025,6,13,1,Huế,Phường Phú Bài,16.409296,107.6779818,31,Good,0,24.3,98,1.8,13.1,241,997.7,100,2.0,2.0,195.0,2.1,77.0,1.5
2025-06-13 02:00:00,2025,6,13,2,Huế,Phường Phú Bài,16.409296,107.6779818,31,Good,0,23.6,98,0.6,12.6,218,997.5,100,1.5,1.5,182.0,2.0,77.0,1.5
2025-06-13 03:00:00,2025,6,13,3,Huế,Phường Phú Bài,16.409296,107.6779818,31,Good,0,23.3,97,1.2,14.1,203,997.2,100,1.1,1.1,179.0,2.0,75.0,1.6
2025-06-13 04:00:00,2025,6,13,4,Huế,Phường Phú Bài,16.409296,107.6779818,32,Good,0,23.4,97,7.0,8.2,190,997.6,100,1.0,1.0,194.0,2.3,72.0,1.9
2025-06-13 05:00:00,2025,6,13,5,Huế,Phường Phú Bài,16.409296,107.6779818,33,Good,0,23.6,97,3.0,8.6,206,998.1,100,1.0,1.0,238.0,3.1,69.0,2.3
2025-06-13 06:00:00,2025,6,13,6,Huế,Phường Phú Bài,16.409296,107.6779818,33,Good,0,24.1,95,5.1,13.1,223,998.5,100,1.3,1.3,301.0,4.1,65.0,2.7
2025-06-13 07:00:00,2025,6,13,7,Huế,Phường Phú Bài,16.409296,107.6779818,34,Good,0,24.4,94,11.0,13.1,241,998.8,100,15.5,15.5,362.0,11.1,38.0,4.8
2025-06-13 08:00:00,2025,6,13,8,Huế,Phường Phú Bài,16.409296,107.6779818,32,Good,0,24.7,98,4.0,6.6,241,999.7,100,17.0,17.1,426.0,10.5,47.0,5.1
2025-06-13 09:00:00,2025,6,13,9,Huế,Phường Phú Bài,16.409296,107.6779818,30,Good,0,25.3,96,4.2,8.3,228,999.9,100,20.0,20.3,489.0,9.6,60.0,5.4
2025-06-13 10:00:00,2025,6,13,10,Huế,Phường Phú Bài,16.409296,107.6779818,29,Good,0,26.2,97,2.3,9.4,266,1000.1,100,13.7,13.9,517.0,8.5,67.0,5.3
2025-06-13 11:00:00,2025,6,13,11,Huế,Phường Phú Bài,16.409296,107.6779818,29,Good,0,25.8,95,3.1,8.0,232,999.7,100,5.0,5.0,478.0,6.9,65.0,4.4
2025-06-13 12:00:00,2025,6,13,12,Huế,Phường Phú Bài,16.409296,107.6779818,28,Good,0,25.5,92,7.9,12.8,238,999.1,100,3.4,3.4,403.0,5.2,57.0,3.2
2025-06-13 13:00:00,2025,6,13,13,Huế,Phường Phú Bài,16.409296,107.6779818,27,Good,0,25.4,96,2.4,13.1,258,998.9,100,3.2,3.2,356.0,4.4,51.0,2.4
2025-06-13 14:00:00,2025,6,13,14,Huế,Phường Phú Bài,16.409296,107.6779818,26,Good,0,26.1,94,1.7,6.9,263,997.8,100,3.6,3.6,368.0,4.8,50.0,2.4
2025-06-13 15:00:00,2025,6,13,15,Huế,Phường Phú Bài,16.409296,107.6779818,25,Good,0,26.2,95,3.1,3.7,346,997.7,100,4.4,4.4,408.0,6.1,50.0,2.8
2025-06-13 16:00:00,2025,6,13,16,Huế,Phường Phú Bài,16.409296,107.6779818,26,Good,0,26.0,99,1.5,6.6,143,998.2,100,6.1,6.2,437.0,8.4,48.0,3.6
2025-06-13 17:00:00,2025,6,13,17,Huế,Phường Phú Bài,16.409296,107.6779818,26,Good,0,25.6,99,1.7,5.6,130,998.9,100,8.1,8.2,440.0,12.3,43.0,4.8
2025-06-13 18:00:00,2025,6,13,18,Huế,Phường Phú Bài,16.409296,107.6779818,25,Good,0,25.2,99,1.1,5.0,154,999.6,100,10.4,10.5,433.0,17.1,36.0,6.4
2025-06-13 19:00:00,2025,6,13,19,Huế,Phường Phú Bài,16.409296,107.6779818,26,Good,0,24.9,96,1.3,6.0,187,999.8,100,12.3,12.4,427.0,12.0,44.0,4.8
2025-06-13 20:00:00,2025,6,13,20,Huế,Phường Phú Bài,16.409296,107.6779818,26,Good,0,24.5,98,0.0,6.5,185,1000.9,100,16.1,16.2,436.0,11.1,42.0,4.5
2025-06-13 21:00:00,2025,6,13,21,Huế,Phường Phú Bài,16.409296,107.6779818,28,Good,0,24.4,96,0.0,3.1,144,1001.7,100,12.9,13.1,446.0,9.9,39.0,4.0
2025-06-13 22:00:00,2025,6,13,22,Huế,Phường Phú Bài,16.409296,107.6779818,29,Good,0,24.5,96,0.0,3.2,146,1002.2,100,10.7,11.0,431.0,9.1,36.0,3.6
2025-06-13 23:00:00,2025,6,13,23,Huế,Phường Phú Bài,16.409296,107.6779818,31,Good,0,24.4,96,0.0,1.3,262,1002.6,100,10.0,10.3,365.0,9.0,32.0,3.3
2025-06-14 00:00:00,2025,6,14,0,Huế,Phường Phú Bài,16.409296,107.6779818,32,Good,0,24.4,97,0.0,3.4,270,1002.6,100,9.1,9.3,274.0,9.3,28.0,3.1
2025-06-14 01:00:00,2025,6,14,1,Huế,Phường Phú Bài,16.409296,107.6779818,33,Good,0,24.0,97,0.0,5.1,207,1001.8,100,11.3,11.4,205.0,9.4,25.0,2.9
2025-06-14 02:00:00,2025,6,14,2,Huế,Phường Phú Bài,16.409296,107.6779818,34,Good,0,23.8,98,0.0,2.7,208,1001.5,100,13.9,14.1,175.0,9.1,23.0,2.8
2025-06-14 03:00:00,2025,6,14,3,Huế,Phường Phú Bài,16.409296,107.6779818,37,Good,0,23.7,99,0.0,4.9,184,1001.3,100,11.8,12.0,168.0,8.7,22.0,2.7
2025-06-14 04:00:00,2025,6,14,4,Huế,Phường Phú Bài,16.409296,107.6779818,39,Good,0,23.8,99,0.0,2.7,203,1001.5,100,11.6,11.6,181.0,8.7,22.0,2.9
2025-06-14 05:00:00,2025,6,14,5,Huế,Phường Phú Bài,16.409296,107.6779818,40,Good,0,23.9,98,0.0,3.9,208,1002.0,100,12.0,12.1,230.0,9.9,22.0,3.4
2025-06-14 06:00:00,2025,6,14,6,Huế,Phường Phú Bài,16.409296,107.6779818,42,Good,0,24.1,97,0.0,5.8,196,1003.1,100,12.9,13.0,301.0,11.6,23.0,4.1
2025-06-14 07:00:00,2025,6,14,7,Huế,Phường Phú Bài,16.409296,107.6779818,44,Good,0,24.9,94,0.0,7.8,185,1003.8,100,21.7,22.0,344.0,13.1,39.0,5.7
2025-06-14 08:00:00,2025,6,14,8,Huế,Phường Phú Bài,16.409296,107.6779818,45,Good,0,26.0,94,0.0,6.1,210,1004.5,100,23.6,24.2,336.0,10.7,60.0,6.3
2025-06-14 09:00:00,2025,6,14,9,Huế,Phường Phú Bài,16.409296,107.6779818,46,Good,0,27.9,89,0.0,3.9,223,1004.4,100,20.4,20.9,301.0,7.3,89.0,7.1
2025-06-14 10:00:00,2025,6,14,10,Huế,Phường Phú Bài,16.409296,107.6779818,47,Good,0,29.9,75,0.0,3.3,209,1004.4,100,15.3,15.4,264.0,4.6,107.0,7.2
2025-06-14 11:00:00,2025,6,14,11,Huế,Phường Phú Bài,16.409296,107.6779818,47,Good,0,31.1,65,0.0,4.2,227,1004.3,100,11.4,11.5,229.0,3.0,103.0,5.8
2025-06-14 12:00:00,2025,6,14,12,Huế,Phường Phú Bài,16.409296,107.6779818,48,Good,0,31.6,62,0.0,8.1,225,1003.9,100,6.8,6.9,191.0,2.1,88.0,3.7
2025-06-14 13:00:00,2025,6,14,13,Huế,Phường Phú Bài,16.409296,107.6779818,49,Good,0,30.9,65,0.0,9.6,214,1003.1,100,3.9,3.9,162.0,1.5,74.0,2.1
2025-06-14 14:00:00,2025,6,14,14,Huế,Phường Phú Bài,16.409296,107.6779818,49,Good,0,31.8,61,0.0,11.5,220,1002.3,100,2.4,2.4,141.0,0.7,66.0,1.2
2025-06-14 15:00:00,2025,6,14,15,Huế,Phường Phú Bài,16.409296,107.6779818,48,Good,0,32.8,57,0.0,12.0,225,1001.4,100,2.2,2.2,129.0,0.3,60.0,0.7
2025-06-14 16:00:00,2025,6,14,16,Huế,Phường Phú Bài,16.409296,107.6779818,48,Good,0,32.3,58,0.0,11.2,230,1001.4,100,2.4,2.5,139.0,2.0,57.0,1.3
2025-06-14 17:00:00,2025,6,14,17,Huế,Phường Phú Bài,16.409296,107.6779818,47,Good,0,31.9,60,0.0,9.2,219,1001.8,100,7.2,7.4,184.0,7.8,61.0,3.5
2025-06-14 18:00:00,2025,6,14,18,Huế,Phường Phú Bài,16.409296,107.6779818,47,Good,0,30.1,67,0.0,7.4,206,1002.2,100,17.5,17.9,252.0,15.7,68.0,6.7
2025-06-14 19:00:00,2025,6,14,19,Huế,Phường Phú Bài,16.409296,107.6779818,49,Good,0,28.5,72,0.0,6.0,197,1003.0,100,18.5,20.7,313.0,12.7,42.0,5.7
2025-06-14 20:00:00,2025,6,14,20,Huế,Phường Phú Bài,16.409296,107.6779818,50,Good,0,27.5,77,0.0,4.8,205,1003.9,100,25.7,27.8,369.0,15.0,37.0,6.7
2025-06-14 21:00:00,2025,6,14,21,Huế,Phường Phú Bài,16.409296,107.6779818,51,Moderate,1,27.1,80,0.0,3.6,217,1004.5,100,27.0,28.7,420.0,18.1,29.0,8.1
2025-06-14 22:00:00,2025,6,14,22,Huế,Phường Phú Bài,16.409296,107.6779818,52,Moderate,1,26.7,82,0.0,3.4,223,1004.9,100,27.0,28.3,433.0,19.9,23.0,8.8
2025-06-14 23:00:00,2025,6,14,23,Huế,Phường Phú Bài,16.409296,107.6779818,53,Moderate,1,26.0,86,0.0,3.8,229,1004.8,100,26.6,27.7,379.0,19.4,19.0,8.3
2025-06-15 00:00:00,2025,6,15,0,Huế,Phường Phú Bài,16.409296,107.6779818,55,Moderate,1,25.4,88,0.0,6.1,220,1004.6,100,25.5,26.5,289.0,17.6,17.0,7.1
2025-06-15 01:00:00,2025,6,15,1,Huế,Phường Phú Bài,16.409296,107.6779818,56,Moderate,1,25.1,88,0.0,6.6,213,1004.0,100,23.9,24.8,219.0,15.8,15.0,6.0
2025-06-15 02:00:00,2025,6,15,2,Huế,Phường Phú Bài,16.409296,107.6779818,57,Moderate,1,25.0,87,0.0,6.8,217,1003.4,100,21.5,22.1,192.0,14.4,12.0,5.3
2025-06-15 03:00:00,2025,6,15,3,Huế,Phường Phú Bài,16.409296,107.6779818,58,Moderate,1,25.0,87,0.0,5.9,218,1003.3,100,20.1,20.7,187.0,13.0,9.0,4.6
2025-06-15 04:00:00,2025,6,15,4,Huế,Phường Phú Bài,16.409296,107.6779818,59,Moderate,1,24.6,88,0.0,4.5,196,1003.1,100,19.8,20.3,193.0,11.8,11.0,4.4
2025-06-15 05:00:00,2025,6,15,5,Huế,Phường Phú Bài,16.409296,107.6779818,60,Moderate,1,24.5,89,0.0,5.3,208,1003.8,100,19.7,20.2,219.0,11.1,19.0,4.8
2025-06-15 06:00:00,2025,6,15,6,Huế,Phường Phú Bài,16.409296,107.6779818,60,Moderate,1,25.0,88,0.0,6.1,185,1004.2,100,20.8,21.2,257.0,10.7,32.0,5.5
2025-06-15 07:00:00,2025,6,15,7,Huế,Phường Phú Bài,16.409296,107.6779818,61,Moderate,1,27.5,82,0.0,2.9,180,1004.9,100,17.5,17.8,275.0,8.9,48.0,5.7
2025-06-15 08:00:00,2025,6,15,8,Huế,Phường Phú Bài,16.409296,107.6779818,61,Moderate,1,30.7,71,0.0,2.6,129,1004.8,70,15.9,16.3,251.0,7.1,68.0,5.9
2025-06-15 09:00:00,2025,6,15,9,Huế,Phường Phú Bài,16.409296,107.6779818,60,Moderate,1,32.6,59,0.0,3.5,141,1005.0,19,14.3,14.8,206.0,4.7,95.0,6.1
2025-06-15 10:00:00,2025,6,15,10,Huế,Phường Phú Bài,16.409296,107.6779818,59,Moderate,1,33.5,56,0.0,4.0,180,1004.9,84,12.5,12.9,172.0,2.9,119.0,6.2
2025-06-15 11:00:00,2025,6,15,11,Huế,Phường Phú Bài,16.409296,107.6779818,59,Moderate,1,35.2,51,0.0,7.4,252,1004.4,90,11.9,12.3,161.0,2.3,135.0,6.0
2025-06-15 12:00:00,2025,6,15,12,Huế,Phường Phú Bài,16.409296,107.6779818,59,Moderate,1,35.3,52,0.0,4.6,291,1003.6,92,12.7,13.2,161.0,2.2,146.0,5.6
2025-06-15 13:00:00,2025,6,15,13,Huế,Phường Phú Bài,16.409296,107.6779818,60,Moderate,1,34.7,55,0.0,5.2,46,1002.8,97,13.9,14.4,163.0,2.4,154.0,5.3
2025-06-15 14:00:00,2025,6,15,14,Huế,Phường Phú Bài,16.409296,107.6779818,61,Moderate,1,33.7,61,0.2,11.4,74,1001.6,99,15.7,16.4,161.0,2.5,159.0,5.0
2025-06-15 15:00:00,2025,6,15,15,Huế,Phường Phú Bài,16.409296,107.6779818,63,Moderate,1,33.0,62,0.0,15.2,76,1000.7,96,16.8,17.8,160.0,2.9,160.0,4.8
2025-06-15 16:00:00,2025,6,15,16,Huế,Phường Phú Bài,16.409296,107.6779818,87,Moderate,1,32.2,64,0.0,13.9,65,1000.8,94,17.8,18.9,172.0,3.9,157.0,4.9
2025-06-15 17:00:00,2025,6,15,17,Huế,Phường Phú Bài,16.409296,107.6779818,106,Unhealthy for Sensitive Groups,2,31.4,70,0.0,9.4,70,1001.5,93,18.3,19.2,176.0,6.1,147.0,5.5
2025-06-15 18:00:00,2025,6,15,18,Huế,Phường Phú Bài,16.409296,107.6779818,117,Unhealthy for Sensitive Groups,2,30.5,74,0.0,8.2,76,1002.2,12,21.6,22.0,193.0,9.0,133.0,6.4
2025-06-15 19:00:00,2025,6,15,19,Huế,Phường Phú Bài,16.409296,107.6779818,120,Unhealthy for Sensitive Groups,2,29.1,82,0.0,2.5,356,1003.1,35,28.2,29.4,293.0,20.2,74.0,10.6
2025-06-15 20:00:00,2025,6,15,20,Huế,Phường Phú Bài,16.409296,107.6779818,107,Unhealthy for Sensitive Groups,2,29.0,83,0.0,2.4,257,1004.0,100,36.1,37.3,589.0,22.7,64.0,12.7
2025-06-15 21:00:00,2025,6,15,21,Huế,Phường Phú Bài,16.409296,107.6779818,89,Moderate,1,28.4,87,0.0,3.6,240,1004.8,100,40.3,41.6,968.0,26.1,50.0,15.5
2025-06-15 22:00:00,2025,6,15,22,Huế,Phường Phú Bài,16.409296,107.6779818,69,Moderate,1,28.0,83,0.0,4.7,238,1005.7,51,42.5,43.8,1167.0,27.8,39.0,16.8
2025-06-15 23:00:00,2025,6,15,23,Huế,Phường Phú Bài,16.409296,107.6779818,70,Moderate,1,27.5,78,0.0,6.8,253,1005.7,22,42.5,43.7,1016.0,26.6,32.0,15.2
2025-06-16 00:00:00,2025,6,16,0,Huế,Phường Phú Bài,16.409296,107.6779818,71,Moderate,1,27.0,77,0.0,6.8,241,1005.4,82,39.7,40.7,684.0,23.9,28.0,12.0
2025-06-16 01:00:00,2025,6,16,1,Huế,Phường Phú Bài,16.409296,107.6779818,73,Moderate,1,26.5,79,0.0,6.8,217,1004.9,95,35.7,36.7,416.0,20.8,24.0,9.3
2025-06-16 02:00:00,2025,6,16,2,Huế,Phường Phú Bài,16.409296,107.6779818,74,Moderate,1,25.6,84,0.0,6.4,205,1004.6,100,31.9,32.7,303.0,17.6,20.0,7.6
2025-06-16 03:00:00,2025,6,16,3,Huế,Phường Phú Bài,16.409296,107.6779818,75,Moderate,1,25.1,86,0.0,8.4,217,1004.4,100,27.1,27.8,254.0,14.1,16.0,6.3
2025-06-16 04:00:00,2025,6,16,4,Huế,Phường Phú Bài,16.409296,107.6779818,75,Moderate,1,24.9,86,0.0,8.4,214,1004.7,100,22.6,23.2,237.0,11.3,18.0,5.4
2025-06-16 05:00:00,2025,6,16,5,Huế,Phường Phú Bài,16.409296,107.6779818,76,Moderate,1,24.7,86,0.0,8.3,210,1005.3,99,19.9,20.5,263.0,9.7,26.0,5.0
2025-06-16 06:00:00,2025,6,16,6,Huế,Phường Phú Bài,16.409296,107.6779818,76,Moderate,1,25.1,86,0.0,8.7,201,1005.4,100,19.2,19.7,320.0,8.7,40.0,5.0
2025-06-16 07:00:00,2025,6,16,7,Huế,Phường Phú Bài,16.409296,107.6779818,75,Moderate,1,27.5,83,0.0,6.9,211,1005.9,100,16.6,16.8,347.0,7.8,55.0,5.9
2025-06-16 08:00:00,2025,6,16,8,Huế,Phường Phú Bài,16.409296,107.6779818,75,Moderate,1,30.1,73,0.0,4.2,200,1006.5,99,15.9,16.6,305.0,6.4,80.0,6.6
2025-06-16 09:00:00,2025,6,16,9,Huế,Phường Phú Bài,16.409296,107.6779818,75,Moderate,1,33.0,59,0.0,2.0,207,1006.3,100,15.1,15.8,231.0,4.4,115.0,7.5
2025-06-16 10:00:00,2025,6,16,10,Huế,Phường Phú Bài,16.409296,107.6779818,75,Moderate,1,34.2,53,0.0,2.2,261,1006.0,99,14.4,15.2,178.0,2.9,143.0,8.0
2025-06-16 11:00:00,2025,6,16,11,Huế,Phường Phú Bài,16.409296,107.6779818,76,Moderate,1,35.3,51,0.0,5.1,280,1005.2,100,14.9,15.6,167.0,2.4,159.0,7.7
2025-06-16 12:00:00,2025,6,16,12,Huế,Phường Phú Bài,16.409296,107.6779818,76,Moderate,1,36.0,51,0.0,3.8,349,1004.4,100,15.4,16.1,175.0,2.4,168.0,7.1
2025-06-16 13:00:00,2025,6,16,13,Huế,Phường Phú Bài,16.409296,107.6779818,76,Moderate,1,34.1,60,0.5,11.0,55,1003.8,100,15.9,16.5,189.0,2.5,174.0,6.6
2025-06-16 14:00:00,2025,6,16,14,Huế,Phường Phú Bài,16.409296,107.6779818,76,Moderate,1,34.0,57,0.0,8.4,79,1003.2,100,17.2,17.9,202.0,2.2,180.0,6.4
2025-06-16 15:00:00,2025,6,16,15,Huế,Phường Phú Bài,16.409296,107.6779818,95,Moderate,1,33.7,59,0.0,10.9,74,1002.6,100,18.7,19.3,220.0,2.0,182.0,6.4
2025-06-16 16:00:00,2025,6,16,16,Huế,Phường Phú Bài,16.409296,107.6779818,122,Unhealthy for Sensitive Groups,2,33.3,62,0.0,9.3,108,1002.6,100,18.0,18.6,247.0,3.5,174.0,6.8
2025-06-16 17:00:00,2025,6,16,17,Huế,Phường Phú Bài,16.409296,107.6779818,142,Unhealthy for Sensitive Groups,2,32.7,66,0.0,4.8,124,1002.4,100,17.1,17.6,279.0,8.1,147.0,8.0
2025-06-16 18:00:00,2025,6,16,18,Huế,Phường Phú Bài,16.409296,107.6779818,149,Unhealthy for Sensitive Groups,2,31.1,78,0.0,3.3,126,1002.8,100,19.5,19.9,320.0,14.3,109.0,9.6
2025-06-16 19:00:00,2025,6,16,19,Huế,Phường Phú Bài,16.409296,107.6779818,142,Unhealthy for Sensitive Groups,2,30.0,80,0.0,3.9,152,1004.1,100,23.7,24.0,382.0,12.0,110.0,8.6
2025-06-16 20:00:00,2025,6,16,20,Huế,Phường Phú Bài,16.409296,107.6779818,131,Unhealthy for Sensitive Groups,2,28.2,93,0.0,2.5,159,1005.2,97,24.2,24.3,508.0,12.8,90.0,8.6
2025-06-16 21:00:00,2025,6,16,21,Huế,Phường Phú Bài,16.409296,107.6779818,115,Unhealthy for Sensitive Groups,2,28.0,94,0.0,2.0,153,1006.3,99,23.4,23.5,655.0,13.9,63.0,8.5
2025-06-16 22:00:00,2025,6,16,22,Huế,Phường Phú Bài,16.409296,107.6779818,91,Moderate,1,27.7,93,0.0,5.6,176,1006.7,100,24.9,25.0,713.0,14.9,40.0,8.1
2025-06-16 23:00:00,2025,6,16,23,Huế,Phường Phú Bài,16.409296,107.6779818,72,Moderate,1,27.2,94,0.0,6.7,183,1006.9,100,26.7,26.9,596.0,15.8,27.0,7.0
2025-06-17 00:00:00,2025,6,17,0,Huế,Phường Phú Bài,16.409296,107.6779818,70,Moderate,1,26.8,94,0.0,6.8,202,1006.6,100,26.7,26.8,390.0,16.5,20.0,5.4
2025-06-17 01:00:00,2025,6,17,1,Huế,Phường Phú Bài,16.409296,107.6779818,69,Moderate,1,26.5,94,0.0,7.1,210,1005.9,100,23.9,24.1,235.0,16.4,14.0,4.2
2025-06-17 02:00:00,2025,6,17,2,Huế,Phường Phú Bài,16.409296,107.6779818,68,Moderate,1,26.1,94,0.0,8.5,204,1005.6,100,19.2,19.4,195.0,14.7,9.0,3.4
2025-06-17 03:00:00,2025,6,17,3,Huế,Phường Phú Bài,16.409296,107.6779818,67,Moderate,1,25.8,95,0.0,5.6,202,1005.7,100,16.6,16.9,207.0,12.0,6.0,2.9
2025-06-17 04:00:00,2025,6,17,4,Huế,Phường Phú Bài,16.409296,107.6779818,66,Moderate,1,25.4,96,0.0,3.4,227,1005.7,100,15.2,15.4,226.0,9.9,8.0,2.8
2025-06-17 05:00:00,2025,6,17,5,Huế,Phường Phú Bài,16.409296,107.6779818,65,Moderate,1,25.2,95,0.0,8.0,222,1006.1,100,14.5,14.7,247.0,9.0,17.0,3.1
2025-06-17 06:00:00,2025,6,17,6,Huế,Phường Phú Bài,16.409296,107.6779818,65,Moderate,1,25.6,90,0.0,6.8,215,1006.2,27,15.4,15.6,276.0,8.6,32.0,3.8
2025-06-17 07:00:00,2025,6,17,7,Huế,Phường Phú Bài,16.409296,107.6779818,65,Moderate,1,28.0,85,0.0,6.6,227,1006.9,100,14.0,14.3,286.0,7.6,57.0,4.4
2025-06-17 08:00:00,2025,6,17,8,Huế,Phường Phú Bài,16.409296,107.6779818,64,Moderate,1,31.2,73,0.0,4.5,217,1007.2,100,13.4,13.8,255.0,6.2,75.0,5.3
2025-06-17 09:00:00,2025,6,17,9,Huế,Phường Phú Bài,16.409296,107.6779818,64,Moderate,1,33.2,63,0.0,4.4,199,1007.1,100,10.5,10.9,205.0,4.4,101.0,6.5
2025-06-17 10:00:00,2025,6,17,10,Huế,Phường Phú Bài,16.409296,107.6779818,64,Moderate,1,34.5,56,0.0,2.9,210,1006.4,100,9.6,9.9,174.0,3.0,122.0,7.2
2025-06-17 11:00:00,2025,6,17,11,Huế,Phường Phú Bài,16.409296,107.6779818,63,Moderate,1,35.0,54,0.0,0.7,14,1005.9,100,8.6,8.8,182.0,2.6,135.0,6.9
2025-06-17 12:00:00,2025,6,17,12,Huế,Phường Phú Bài,16.409296,107.6779818,63,Moderate,1,35.3,56,0.0,5.2,22,1005.2,100,9.3,9.6,208.0,2.7,145.0,6.2
2025-06-17 13:00:00,2025,6,17,13,Huế,Phường Phú Bài,16.409296,107.6779818,62,Moderate,1,34.8,62,0.0,9.3,41,1004.6,100,10.9,11.4,227.0,2.9,151.0,5.6
2025-06-17 14:00:00,2025,6,17,14,Huế,Phường Phú Bài,16.409296,107.6779818,62,Moderate,1,32.8,71,0.0,11.3,51,1004.0,100,14.2,15.0,223.0,2.8,158.0,5.5
2025-06-17 15:00:00,2025,6,17,15,Huế,Phường Phú Bài,16.409296,107.6779818,67,Moderate,1,33.2,67,0.0,10.1,107,1003.5,100,14.8,15.5,211.0,2.8,161.0,5.7
2025-06-17 16:00:00,2025,6,17,16,Huế,Phường Phú Bài,16.409296,107.6779818,89,Moderate,1,29.8,80,6.1,5.2,151,1004.0,100,14.7,15.4,210.0,3.5,155.0,5.9
2025-06-17 17:00:00,2025,6,17,17,Huế,Phường Phú Bài,16.409296,107.6779818,106,Unhealthy for Sensitive Groups,2,29.5,80,0.1,6.9,197,1003.8,100,14.9,15.5,227.0,5.5,131.0,6.2
2025-06-17 18:00:00,2025,6,17,18,Huế,Phường Phú Bài,16.409296,107.6779818,113,Unhealthy for Sensitive Groups,2,29.1,82,0.0,6.1,183,1004.2,100,15.4,15.5,255.0,8.1,97.0,6.5
2025-06-17 19:00:00,2025,6,17,19,Huế,Phường Phú Bài,16.409296,107.6779818,108,Unhealthy for Sensitive Groups,2,28.2,85,0.0,6.2,190,1004.9,100,23.9,24.2,292.0,10.0,82.0,7.0
2025-06-17 20:00:00,2025,6,17,20,Huế,Phường Phú Bài,16.409296,107.6779818,96,Moderate,1,26.4,93,1.6,11.7,159,1006.0,99,21.9,21.9,353.0,9.5,72.0,6.5
2025-06-17 21:00:00,2025,6,17,21,Huế,Phường Phú Bài,16.409296,107.6779818,81,Moderate,1,26.0,90,0.0,13.2,182,1006.7,100,19.3,19.3,423.0,8.8,59.0,5.8
2025-06-17 22:00:00,2025,6,17,22,Huế,Phường Phú Bài,16.409296,107.6779818,61,Moderate,1,25.9,89,0.0,12.7,195,1007.0,100,15.9,15.9,455.0,8.1,47.0,5.1
2025-06-17 23:00:00,2025,6,17,23,Huế,Phường Phú Bài,16.409296,107.6779818,59,Moderate,1,25.8,89,0.0,10.0,197,1007.0,100,14.0,14.0,415.0,7.6,40.0,4.4
2025-06-18 00:00:00,2025,6,18,0,Huế,Phường Phú Bài,16.409296,107.6779818,58,Moderate,1,25.6,91,0.0,8.7,202,1006.7,100,12.6,12.7,336.0,7.1,34.0,3.6
2025-06-18 01:00:00,2025,6,18,1,Huế,Phường Phú Bài,16.409296,107.6779818,57,Moderate,1,25.4,93,0.0,9.5,194,1006.1,100,11.9,11.9,271.0,6.9,29.0,3.0
2025-06-18 02:00:00,2025,6,18,2,Huế,Phường Phú Bài,16.409296,107.6779818,56,Moderate,1,25.2,94,0.0,8.5,193,1005.7,100,11.7,11.8,236.0,7.0,22.0,2.7
2025-06-18 03:00:00,2025,6,18,3,Huế,Phường Phú Bài,16.409296,107.6779818,55,Moderate,1,25.0,96,0.0,6.2,201,1005.6,100,11.9,12.0,216.0,7.3,16.0,2.5
2025-06-18 04:00:00,2025,6,18,4,Huế,Phường Phú Bài,16.409296,107.6779818,54,Moderate,1,24.8,97,0.0,7.1,214,1005.6,100,11.8,12.0,211.0,7.6,15.0,2.6
2025-06-18 05:00:00,2025,6,18,5,Huế,Phường Phú Bài,16.409296,107.6779818,54,Moderate,1,24.5,97,0.0,7.1,207,1005.6,100,12.0,12.1,235.0,8.0,20.0,3.0
2025-06-18 06:00:00,2025,6,18,6,Huế,Phường Phú Bài,16.409296,107.6779818,54,Moderate,1,25.0,95,0.0,8.1,211,1005.7,100,13.2,13.2,275.0,8.4,30.0,3.7
2025-06-18 07:00:00,2025,6,18,7,Huế,Phường Phú Bài,16.409296,107.6779818,54,Moderate,1,27.5,88,0.0,6.9,211,1006.1,100,16.4,16.6,297.0,7.4,42.0,4.1
2025-06-18 08:00:00,2025,6,18,8,Huế,Phường Phú Bài,16.409296,107.6779818,54,Moderate,1,30.5,74,0.0,4.5,203,1006.5,100,13.3,13.5,279.0,6.1,61.0,4.6
2025-06-18 09:00:00,2025,6,18,9,Huế,Phường Phú Bài,16.409296,107.6779818,54,Moderate,1,32.5,63,0.0,2.7,152,1006.8,100,10.9,11.1,244.0,4.4,88.0,5.2
2025-06-18 10:00:00,2025,6,18,10,Huế,Phường Phú Bài,16.409296,107.6779818,54,Moderate,1,33.8,57,0.0,2.1,105,1006.4,100,10.1,10.3,220.0,3.1,110.0,5.5
2025-06-18 11:00:00,2025,6,18,11,Huế,Phường Phú Bài,16.409296,107.6779818,54,Moderate,1,34.7,56,0.0,6.3,55,1006.1,100,10.3,10.5,223.0,2.6,122.0,5.3
2025-06-18 12:00:00,2025,6,18,12,Huế,Phường Phú Bài,16.409296,107.6779818,54,Moderate,1,33.4,67,0.8,8.7,52,1005.8,100,11.4,11.7,239.0,2.5,129.0,4.8
2025-06-18 13:00:00,2025,6,18,13,Huế,Phường Phú Bài,16.409296,107.6779818,54,Moderate,1,33.1,64,0.0,5.6,65,1005.1,100,13.2,13.6,251.0,2.6,133.0,4.4
2025-06-18 14:00:00,2025,6,18,14,Huế,Phường Phú Bài,16.409296,107.6779818,55,Moderate,1,34.3,55,0.0,6.9,41,1004.0,100,14.0,14.5,255.0,2.6,134.0,4.3
2025-06-18 15:00:00,2025,6,18,15,Huế,Phường Phú Bài,16.409296,107.6779818,55,Moderate,1,34.1,56,0.0,7.8,40,1003.4,100,15.1,15.7,255.0,2.8,132.0,4.3
2025-06-18 16:00:00,2025,6,18,16,Huế,Phường Phú Bài,16.409296,107.6779818,60,Moderate,1,30.9,72,2.4,8.8,255,1003.8,100,15.0,15.4,253.0,4.0,125.0,4.6
2025-06-18 17:00:00,2025,6,18,17,Huế,Phường Phú Bài,16.409296,107.6779818,74,Moderate,1,30.0,74,0.0,9.2,213,1004.3,100,16.5,16.6,242.0,6.9,109.0,5.5
2025-06-18 18:00:00,2025,6,18,18,Huế,Phường Phú Bài,16.409296,107.6779818,78,Moderate,1,29.4,77,0.0,7.8,176,1004.7,100,18.9,19.0,229.0,10.7,87.0,6.8
2025-06-18 19:00:00,2025,6,18,19,Huế,Phường Phú Bài,16.409296,107.6779818,73,Moderate,1,28.2,81,0.0,7.6,179,1005.1,100,32.8,33.4,233.0,16.7,72.0,9.2
2025-06-18 20:00:00,2025,6,18,20,Huế,Phường Phú Bài,16.409296,107.6779818,62,Moderate,1,28.0,84,0.0,6.1,199,1006.0,99,35.6,36.7,274.0,17.1,68.0,9.4
2025-06-18 21:00:00,2025,6,18,21,Huế,Phường Phú Bài,16.409296,107.6779818,57,Moderate,1,27.4,88,0.0,4.9,188,1006.2,100,36.6,37.6,331.0,17.6,61.0,9.7
2025-06-18 22:00:00,2025,6,18,22,Huế,Phường Phú Bài,16.409296,107.6779818,59,Moderate,1,26.8,92,0.0,5.1,207,1006.9,100,38.1,39.0,364.0,17.9,53.0,9.6
2025-06-18 23:00:00,2025,6,18,23,Huế,Phường Phú Bài,16.409296,107.6779818,61,Moderate,1,26.2,94,0.0,6.5,185,1006.7,100,36.6,37.0,348.0,17.8,42.0,8.8
2025-06-19 00:00:00,2025,6,19,0,Huế,Phường Phú Bài,16.409296,107.6779818,63,Moderate,1,25.8,95,0.0,6.9,203,1005.7,100,33.5,33.8,308.0,17.4,29.0,7.6
2025-06-19 01:00:00,2025,6,19,1,Huế,Phường Phú Bài,16.409296,107.6779818,64,Moderate,1,25.6,94,0.0,7.1,223,1005.0,99,31.2,31.3,273.0,16.8,19.0,6.5
2025-06-19 02:00:00,2025,6,19,2,Huế,Phường Phú Bài,16.409296,107.6779818,66,Moderate,1,25.2,93,0.0,6.2,216,1004.3,100,28.9,29.0,248.0,15.9,12.0,5.6
2025-06-19 03:00:00,2025,6,19,3,Huế,Phường Phú Bài,16.409296,107.6779818,68,Moderate,1,24.9,93,0.0,6.6,221,1004.0,98,26.4,26.5,228.0,14.7,7.0,4.8
2025-06-19 04:00:00,2025,6,19,4,Huế,Phường Phú Bài,16.409296,107.6779818,69,Moderate,1,24.6,92,0.0,6.6,233,1004.3,100,24.2,24.3,226.0,13.4,9.0,4.3
2025-06-19 05:00:00,2025,6,19,5,Huế,Phường Phú Bài,16.409296,107.6779818,70,Moderate,1,24.4,91,0.0,6.8,230,1004.9,84,22.5,22.7,257.0,11.9,21.0,4.3
2025-06-19 06:00:00,2025,6,19,6,Huế,Phường Phú Bài,16.409296,107.6779818,71,Moderate,1,24.9,87,0.0,7.6,234,1005.4,53,22.3,22.5,306.0,10.3,40.0,4.7
2025-06-19 07:00:00,2025,6,19,7,Huế,Phường Phú Bài,16.409296,107.6779818,72,Moderate,1,27.2,82,0.0,6.0,224,1005.7,96,19.8,20.1,335.0,8.3,63.0,4.9
2025-06-19 08:00:00,2025,6,19,8,Huế,Phường Phú Bài,16.409296,107.6779818,72,Moderate,1,30.1,71,0.0,4.8,243,1006.1,100,17.2,17.6,326.0,6.7,88.0,5.9
2025-06-19 09:00:00,2025,6,19,9,Huế,Phường Phú Bài,16.409296,107.6779818,72,Moderate,1,31.8,69,0.0,2.7,293,1006.2,98,15.6,15.9,297.0,4.5,124.0,7.1
2025-06-19 10:00:00,2025,6,19,10,Huế,Phường Phú Bài,16.409296,107.6779818,73,Moderate,1,33.2,63,0.0,2.6,348,1006.0,100,15.2,15.5,269.0,2.9,151.0,7.8
2025-06-19 11:00:00,2025,6,19,11,Huế,Phường Phú Bài,16.409296,107.6779818,73,Moderate,1,33.9,60,0.0,4.2,10,1005.6,95,15.9,16.3,247.0,2.4,162.0,7.2
2025-06-19 12:00:00,2025,6,19,12,Huế,Phường Phú Bài,16.409296,107.6779818,74,Moderate,1,33.0,65,0.8,9.2,48,1005.6,95,16.6,17.2,226.0,2.4,165.0,6.0
2025-06-19 13:00:00,2025,6,19,13,Huế,Phường Phú Bài,16.409296,107.6779818,74,Moderate,1,33.0,64,0.7,10.2,60,1004.8,99,18.5,19.3,215.0,2.7,168.0,5.1
2025-06-19 14:00:00,2025,6,19,14,Huế,Phường Phú Bài,16.409296,107.6779818,75,Moderate,1,32.0,67,0.0,11.1,60,1004.0,99,21.5,22.4,214.0,3.0,176.0,4.9
2025-06-19 15:00:00,2025,6,19,15,Huế,Phường Phú Bài,16.409296,107.6779818,100,Moderate,1,32.0,67,0.0,5.4,86,1003.7,100,26.2,26.9,223.0,3.4,184.0,5.0
2025-06-19 16:00:00,2025,6,19,16,Huế,Phường Phú Bài,16.409296,107.6779818,126,Unhealthy for Sensitive Groups,2,31.0,68,0.1,8.0,82,1002.8,100,25.0,25.4,247.0,4.7,180.0,5.3
2025-06-19 17:00:00,2025,6,19,17,Huế,Phường Phú Bài,16.409296,107.6779818,145,Unhealthy for Sensitive Groups,2,30.6,72,0.0,6.3,153,1003.1,100,23.6,23.7,297.0,7.6,154.0,6.0
2025-06-19 18:00:00,2025,6,19,18,Huế,Phường Phú Bài,16.409296,107.6779818,151,Unhealthy,3,29.6,77,0.0,4.9,182,1003.5,100,25.4,25.6,361.0,11.3,116.0,6.9
2025-06-19 19:00:00,2025,6,19,19,Huế,Phường Phú Bài,16.409296,107.6779818,144,Unhealthy for Sensitive Groups,2,28.7,82,0.0,4.3,225,1004.6,100,27.4,27.5,410.0,10.3,101.0,7.0
2025-06-19 20:00:00,2025,6,19,20,Huế,Phường Phú Bài,16.409296,107.6779818,131,Unhealthy for Sensitive Groups,2,25.7,96,0.9,6.7,185,1006.2,100,27.1,27.2,434.0,9.6,89.0,6.6
2025-06-19 21:00:00,2025,6,19,21,Huế,Phường Phú Bài,16.409296,107.6779818,115,Unhealthy for Sensitive Groups,2,26.0,98,0.2,9.2,149,1006.7,100,25.3,25.4,442.0,8.6,71.0,6.1
2025-06-19 22:00:00,2025,6,19,22,Huế,Phường Phú Bài,16.409296,107.6779818,94,Moderate,1,26.5,92,0.0,6.8,140,1007.0,100,23.7,23.8,435.0,8.0,55.0,5.5
2025-06-19 23:00:00,2025,6,19,23,Huế,Phường Phú Bài,16.409296,107.6779818,75,Moderate,1,26.1,93,0.0,4.5,214,1007.0,100,22.4,22.5,406.0,8.3,41.0,4.8
2025-06-20 00:00:00,2025,6,20,0,Huế,Phường Phú Bài,16.409296,107.6779818,74,Moderate,1,25.9,96,0.0,6.1,199,1006.2,100,21.0,21.1,361.0,9.1,28.0,4.0
2025-06-20 01:00:00,2025,6,20,1,Huế,Phường Phú Bài,16.409296,107.6779818,73,Moderate,1,25.5,97,0.0,6.7,196,1005.4,100,19.8,19.8,322.0,9.6,18.0,3.3
2025-06-20 02:00:00,2025,6,20,2,Huế,Phường Phú Bài,16.409296,107.6779818,72,Moderate,1,25.0,98,0.0,8.0,205,1004.9,100,18.9,18.9,292.0,9.7,11.0,2.8
2025-06-20 03:00:00,2025,6,20,3,Huế,Phường Phú Bài,16.409296,107.6779818,71,Moderate,1,24.7,98,0.0,8.4,199,1004.4,100,18.0,18.0,267.0,9.6,7.0,2.5
2025-06-20 04:00:00,2025,6,20,4,Huế,Phường Phú Bài,16.409296,107.6779818,70,Moderate,1,24.3,99,0.0,6.0,213,1003.9,99,17.2,17.3,258.0,9.4,9.0,2.4
2025-06-20 05:00:00,2025,6,20,5,Huế,Phường Phú Bài,16.409296,107.6779818,69,Moderate,1,24.0,100,0.0,6.7,216,1004.0,100,16.5,16.6,279.0,9.1,18.0,2.8
2025-06-20 06:00:00,2025,6,20,6,Huế,Phường Phú Bài,16.409296,107.6779818,69,Moderate,1,24.4,97,0.0,9.5,219,1004.9,99,17.1,17.1,314.0,8.7,32.0,3.4
2025-06-20 07:00:00,2025,6,20,7,Huế,Phường Phú Bài,16.409296,107.6779818,68,Moderate,1,26.7,93,0.0,7.7,240,1005.7,100,14.6,14.6,330.0,7.8,54.0,4.2
2025-06-20 08:00:00,2025,6,20,8,Huế,Phường Phú Bài,16.409296,107.6779818,68,Moderate,1,29.9,74,0.0,5.2,226,1006.0,100,10.8,10.9,304.0,6.3,76.0,5.0
2025-06-20 09:00:00,2025,6,20,9,Huế,Phường Phú Bài,16.409296,107.6779818,67,Moderate,1,32.0,62,0.0,4.9,246,1006.0,100,8.8,8.8,258.0,4.3,107.0,6.0
2025-06-20 10:00:00,2025,6,20,10,Huế,Phường Phú Bài,16.409296,107.6779818,67,Moderate,1,33.5,55,0.0,3.5,282,1005.7,100,8.9,9.0,223.0,2.9,133.0,6.7
2025-06-20 11:00:00,2025,6,20,11,Huế,Phường Phú Bài,16.409296,107.6779818,66,Moderate,1,34.0,55,0.0,5.4,340,1005.5,100,10.3,10.5,213.0,2.5,151.0,6.6
2025-06-20 12:00:00,2025,6,20,12,Huế,Phường Phú Bài,16.409296,107.6779818,66,Moderate,1,33.5,60,0.0,7.3,38,1005.0,98,13.0,13.2,214.0,2.7,164.0,6.1
2025-06-20 13:00:00,2025,6,20,13,Huế,Phường Phú Bài,16.409296,107.6779818,65,Moderate,1,32.6,65,1.6,4.4,97,1004.4,99,16.1,16.5,215.0,3.0,174.0,5.8
2025-06-20 14:00:00,2025,6,20,14,Huế,Phường Phú Bài,16.409296,107.6779818,65,Moderate,1,31.0,72,3.1,7.2,143,1004.1,98,20.7,21.2,207.0,2.9,184.0,5.8
2025-06-20 15:00:00,2025,6,20,15,Huế,Phường Phú Bài,16.409296,107.6779818,88,Moderate,1,32.2,66,0.1,7.5,125,1003.2,99,23.2,23.5,199.0,2.8,191.0,6.0
2025-06-20 16:00:00,2025,6,20,16,Huế,Phường Phú Bài,16.409296,107.6779818,118,Unhealthy for Sensitive Groups,2,32.2,66,0.1,7.1,128,1002.6,98,22.4,22.6,209.0,3.8,186.0,6.4
2025-06-20 17:00:00,2025,6,20,17,Huế,Phường Phú Bài,16.409296,107.6779818,141,Unhealthy for Sensitive Groups,2,31.5,68,0.0,10.4,110,1002.4,94,21.0,21.1,254.0,6.7,162.0,7.2
2025-06-20 18:00:00,2025,6,20,18,Huế,Phường Phú Bài,16.409296,107.6779818,152,Unhealthy,3,30.2,74,0.0,7.1,114,1003.5,96,22.2,22.4,317.0,10.5,128.0,8.3
2025-06-20 19:00:00,2025,6,20,19,Huế,Phường Phú Bài,16.409296,107.6779818,151,Unhealthy,3,29.4,77,0.0,6.4,122,1004.5,84,29.6,29.8,363.0,10.9,115.0,8.3
2025-06-20 20:00:00,2025,6,20,20,Huế,Phường Phú Bài,16.409296,107.6779818,144,Unhealthy for Sensitive Groups,2,27.9,86,0.0,3.8,161,1005.2,99,30.0,30.2,381.0,11.1,95.0,8.0
2025-06-20 21:00:00,2025,6,20,21,Huế,Phường Phú Bài,16.409296,107.6779818,129,Unhealthy for Sensitive Groups,2,27.4,88,0.0,4.8,160,1005.6,100,28.8,28.9,382.0,11.5,67.0,7.5
2025-06-20 22:00:00,2025,6,20,22,Huế,Phường Phú Bài,16.409296,107.6779818,106,Unhealthy for Sensitive Groups,2,27.1,90,0.0,4.9,188,1006.2,100,28.2,28.4,366.0,11.8,44.0,6.9
2025-06-20 23:00:00,2025,6,20,23,Huế,Phường Phú Bài,16.409296,107.6779818,77,Moderate,1,26.7,90,0.0,6.3,198,1006.1,100,27.2,27.5,324.0,12.1,31.0,5.9
2025-06-21 00:00:00,2025,6,21,0,Huế,Phường Phú Bài,16.409296,107.6779818,66,Moderate,1,26.4,89,0.0,7.2,205,1005.4,100,25.7,25.9,265.0,12.4,24.0,4.8
2025-06-21 01:00:00,2025,6,21,1,Huế,Phường Phú Bài,16.409296,107.6779818,66,Moderate,1,25.9,88,0.0,7.6,205,1004.6,100,23.7,24.0,221.0,12.4,18.0,3.9
2025-06-21 02:00:00,2025,6,21,2,Huế,Phường Phú Bài,16.409296,107.6779818,66,Moderate,1,25.5,88,0.0,7.1,207,1004.1,100,21.9,22.1,201.0,12.0,11.0,3.3
2025-06-21 03:00:00,2025,6,21,3,Huế,Phường Phú Bài,16.409296,107.6779818,67,Moderate,1,25.0,90,0.0,5.8,214,1003.4,100,21.1,21.4,196.0,11.4,6.0,2.9
2025-06-21 04:00:00,2025,6,21,4,Huế,Phường Phú Bài,16.409296,107.6779818,67,Moderate,1,24.8,90,0.0,6.9,221,1003.5,99,21.2,21.5,203.0,10.7,7.0,2.9
2025-06-21 05:00:00,2025,6,21,5,Huế,Phường Phú Bài,16.409296,107.6779818,67,Moderate,1,24.6,90,0.0,6.3,207,1004.1,98,21.3,21.6,233.0,10.0,16.0,3.3
2025-06-21 06:00:00,2025,6,21,6,Huế,Phường Phú Bài,16.409296,107.6779818,68,Moderate,1,25.0,89,0.0,6.7,236,1005.0,94,22.2,22.4,275.0,9.3,31.0,4.1
2025-06-21 07:00:00,2025,6,21,7,Huế,Phường Phú Bài,16.409296,107.6779818,68,Moderate,1,27.2,82,0.0,3.6,243,1005.7,100,20.6,20.9,300.0,6.8,48.0,4.3
2025-06-21 08:00:00,2025,6,21,8,Huế,Phường Phú Bài,16.409296,107.6779818,69,Moderate,1,30.4,70,0.0,3.4,212,1005.7,100,21.5,21.9,290.0,5.6,72.0,5.1
2025-06-21 09:00:00,2025,6,21,9,Huế,Phường Phú Bài,16.409296,107.6779818,70,Moderate,1,32.0,63,0.0,1.6,297,1006.2,100,21.5,22.2,264.0,3.9,106.0,6.1
2025-06-21 10:00:00,2025,6,21,10,Huế,Phường Phú Bài,16.409296,107.6779818,71,Moderate,1,33.0,59,0.0,4.2,7,1006.0,100,21.2,22.0,241.0,2.6,135.0,6.7
2025-06-21 11:00:00,2025,6,21,11,Huế,Phường Phú Bài,16.409296,107.6779818,72,Moderate,1,32.9,60,0.5,7.3,40,1005.7,100,21.8,22.5,230.0,2.2,154.0,6.4
2025-06-21 12:00:00,2025,6,21,12,Huế,Phường Phú Bài,16.409296,107.6779818,73,Moderate,1,32.2,66,1.0,8.5,38,1005.2,99,22.5,23.2,223.0,2.2,167.0,5.7
2025-06-21 13:00:00,2025,6,21,13,Huế,Phường Phú Bài,16.409296,107.6779818,74,Moderate,1,33.3,60,0.0,9.1,41,1004.4,100,23.0,23.7,221.0,2.3,178.0,5.2
2025-06-21 14:00:00,2025,6,21,14,Huế,Phường Phú Bài,16.409296,107.6779818,74,Moderate,1,32.4,62,0.5,12.6,57,1003.4,99,23.7,24.3,219.0,2.2,190.0,5.1
2025-06-21 15:00:00,2025,6,21,15,Huế,Phường Phú Bài,16.409296,107.6779818,90,Moderate,1,31.6,66,1.5,8.4,55,1003.3,93,25.3,25.8,221.0,2.3,199.0,5.2
2025-06-21 16:00:00,2025,6,21,16,Huế,Phường Phú Bài,16.409296,107.6779818,122,Unhealthy for Sensitive Groups,2,31.5,67,0.1,4.9,246,1003.0,51,25.1,25.7,247.0,3.3,196.0,5.5
2025-06-21 17:00:00,2025,6,21,17,Huế,Phường Phú Bài,16.409296,107.6779818,148,Unhealthy for Sensitive Groups,2,30.0,73,0.2,6.8,177,1003.2,62,26.4,26.9,324.0,6.1,171.0,6.1
2025-06-21 18:00:00,2025,6,21,18,Huế,Phường Phú Bài,16.409296,107.6779818,159,Unhealthy,3,28.9,79,0.1,3.0,213,1004.0,64,26.9,27.4,423.0,9.8,133.0,6.9
2025-06-21 19:00:00,2025,6,21,19,Huế,Phường Phú Bài,16.409296,107.6779818,159,Unhealthy,3,27.6,87,0.0,3.9,164,1005.0,89,31.7,32.1,479.0,13.1,99.0,8.2
2025-06-21 20:00:00,2025,6,21,20,Huế,Phường Phú Bài,16.409296,107.6779818,150,Unhealthy for Sensitive Groups,2,27.6,88,0.0,3.3,216,1006.1,85,29.5,29.9,450.0,12.2,88.0,7.7
2025-06-21 21:00:00,2025,6,21,21,Huế,Phường Phú Bài,16.409296,107.6779818,133,Unhealthy for Sensitive Groups,2,27.2,91,0.0,2.8,162,1006.4,89,25.8,26.1,378.0,11.1,73.0,7.0
2025-06-21 22:00:00,2025,6,21,22,Huế,Phường Phú Bài,16.409296,107.6779818,111,Unhealthy for Sensitive Groups,2,26.9,91,0.0,4.2,126,1007.1,72,25.6,25.8,321.0,10.4,59.0,6.3
2025-06-21 23:00:00,2025,6,21,23,Huế,Phường Phú Bài,16.409296,107.6779818,83,Moderate,1,26.2,95,0.0,2.9,176,1006.7,64,25.6,25.8,304.0,10.7,46.0,5.6
2025-06-22 00:00:00,2025,6,22,0,Huế,Phường Phú Bài,16.409296,107.6779818,75,Moderate,1,25.8,96,0.0,4.7,176,1005.9,81,24.2,24.3,301.0,11.5,35.0,4.9
2025-06-22 01:00:00,2025,6,22,1,Huế,Phường Phú Bài,16.409296,107.6779818,75,Moderate,1,25.4,96,0.0,5.0,195,1005.6,85,23.0,23.1,293.0,12.0,25.0,4.3
2025-06-22 02:00:00,2025,6,22,2,Huế,Phường Phú Bài,16.409296,107.6779818,75,Moderate,1,25.0,96,0.0,4.2,185,1004.9,96,21.8,21.9,264.0,12.0,17.0,3.7
2025-06-22 03:00:00,2025,6,22,3,Huế,Phường Phú Bài,16.409296,107.6779818,75,Moderate,1,24.6,97,0.0,4.7,212,1004.3,50,20.7,20.8,229.0,11.6,11.0,3.2
2025-06-22 04:00:00,2025,6,22,4,Huế,Phường Phú Bài,16.409296,107.6779818,75,Moderate,1,24.3,97,0.0,6.6,221,1004.6,8,20.1,20.2,214.0,11.1,12.0,3.1
2025-06-22 05:00:00,2025,6,22,5,Huế,Phường Phú Bài,16.409296,107.6779818,75,Moderate,1,24.1,96,0.0,5.9,239,1005.3,56,21.0,21.1,240.0,10.4,24.0,3.6
2025-06-22 06:00:00,2025,6,22,6,Huế,Phường Phú Bài,16.409296,107.6779818,75,Moderate,1,25.0,91,0.0,6.7,254,1005.6,30,24.3,24.4,286.0,9.4,44.0,4.5
2025-06-22 07:00:00,2025,6,22,7,Huế,Phường Phú Bài,16.409296,107.6779818,75,Moderate,1,27.3,83,0.0,4.0,210,1006.1,21,19.2,19.6,312.0,7.8,62.0,5.0
2025-06-22 08:00:00,2025,6,22,8,Huế,Phường Phú Bài,16.409296,107.6779818,75,Moderate,1,30.2,72,0.0,3.9,196,1005.8,5,15.2,15.5,297.0,6.2,82.0,5.4
2025-06-22 09:00:00,2025,6,22,9,Huế,Phường Phú Bài,16.409296,107.6779818,75,Moderate,1,31.9,64,0.0,0.6,72,1006.0,0,14.5,14.8,262.0,4.1,111.0,5.9
2025-06-22 10:00:00,2025,6,22,10,Huế,Phường Phú Bài,16.409296,107.6779818,74,Moderate,1,32.8,62,0.0,3.6,20,1006.0,4,14.0,14.3,234.0,2.5,136.0,6.2
2025-06-22 11:00:00,2025,6,22,11,Huế,Phường Phú Bài,16.409296,107.6779818,73,Moderate,1,33.2,62,0.0,6.8,29,1005.7,16,14.8,15.2,223.0,2.0,153.0,6.0
2025-06-22 12:00:00,2025,6,22,12,Huế,Phường Phú Bài,16.409296,107.6779818,73,Moderate,1,33.0,63,0.0,10.6,51,1005.3,20,16.3,16.6,218.0,2.1,167.0,5.6
2025-06-22 13:00:00,2025,6,22,13,Huế,Phường Phú Bài,16.409296,107.6779818,72,Moderate,1,32.0,67,0.6,5.9,59,1004.8,79,17.5,17.9,213.0,2.3,177.0,5.2
2025-06-22 14:00:00,2025,6,22,14,Huế,Phường Phú Bài,16.409296,107.6779818,72,Moderate,1,31.6,67,0.1,6.8,169,1004.7,90,18.7,19.1,197.0,2.1,186.0,5.0
2025-06-22 15:00:00,2025,6,22,15,Huế,Phường Phú Bài,16.409296,107.6779818,95,Moderate,1,29.6,77,3.4,9.6,229,1003.9,47,19.6,20.0,180.0,1.9,192.0,4.8
2025-06-22 16:00:00,2025,6,22,16,Huế,Phường Phú Bài,16.409296,107.6779818,123,Unhealthy for Sensitive Groups,2,30.8,70,0.0,4.5,196,1003.4,82,20.1,20.5,185.0,2.8,188.0,4.9
2025-06-22 17:00:00,2025,6,22,17,Huế,Phường Phú Bài,16.409296,107.6779818,145,Unhealthy for Sensitive Groups,2,30.8,69,0.0,3.5,125,1003.2,96,19.7,20.1,232.0,5.5,167.0,5.5
2025-06-22 18:00:00,2025,6,22,18,Huế,Phường Phú Bài,16.409296,107.6779818,155,Unhealthy,3,29.7,75,0.0,5.9,110,1003.8,99,21.6,21.9,302.0,9.1,135.0,6.3
2025-06-22 19:00:00,2025,6,22,19,Huế,Phường Phú Bài,16.409296,107.6779818,155,Unhealthy,3,28.8,79,0.0,5.2,96,1004.8,95,25.6,25.9,360.0,8.4,100.0,5.9
2025-06-22 20:00:00,2025,6,22,20,Huế,Phường Phú Bài,16.409296,107.6779818,146,Unhealthy for Sensitive Groups,2,27.3,82,0.0,5.2,184,1005.5,88,22.9,23.1,399.0,9.3,83.0,6.0
2025-06-22 21:00:00,2025,6,22,21,Huế,Phường Phú Bài,16.409296,107.6779818,128,Unhealthy for Sensitive Groups,2,26.8,86,0.0,4.1,165,1006.2,93,21.5,21.7,427.0,10.5,59.0,6.2
2025-06-22 22:00:00,2025,6,22,22,Huế,Phường Phú Bài,16.409296,107.6779818,103,Unhealthy for Sensitive Groups,2,26.4,91,0.0,2.7,180,1006.6,93,22.5,22.6,435.0,11.6,39.0,6.1
2025-06-22 23:00:00,2025,6,22,23,Huế,Phường Phú Bài,16.409296,107.6779818,71,Moderate,1,25.9,93,0.0,3.1,216,1006.5,98,24.0,24.0,413.0,12.5,29.0,5.7
2025-06-23 00:00:00,2025,6,23,0,Huế,Phường Phú Bài,16.409296,107.6779818,67,Moderate,1,25.5,96,0.0,2.8,215,1005.9,100,24.3,24.3,370.0,13.3,22.0,5.1
2025-06-23 01:00:00,2025,6,23,1,Huế,Phường Phú Bài,16.409296,107.6779818,67,Moderate,1,25.1,96,0.0,3.9,202,1005.4,99,24.2,24.2,330.0,13.6,18.0,4.6
2025-06-23 02:00:00,2025,6,23,2,Huế,Phường Phú Bài,16.409296,107.6779818,67,Moderate,1,24.9,96,0.0,7.0,222,1005.0,96,24.4,24.4,293.0,13.4,13.0,4.2
2025-06-23 03:00:00,2025,6,23,3,Huế,Phường Phú Bài,16.409296,107.6779818,68,Moderate,1,24.5,94,0.0,6.0,237,1004.6,97,24.4,24.4,259.0,12.9,9.0,3.8
2025-06-23 04:00:00,2025,6,23,4,Huế,Phường Phú Bài,16.409296,107.6779818,68,Moderate,1,24.5,93,0.0,6.3,235,1004.8,99,24.4,24.5,241.0,11.9,11.0,3.8
2025-06-23 05:00:00,2025,6,23,5,Huế,Phường Phú Bài,16.409296,107.6779818,68,Moderate,1,24.4,91,0.0,7.1,234,1005.0,98,23.8,23.9,257.0,10.4,22.0,4.5
2025-06-23 06:00:00,2025,6,23,6,Huế,Phường Phú Bài,16.409296,107.6779818,69,Moderate,1,24.9,88,0.0,6.5,228,1005.2,94,22.9,22.9,290.0,8.4,39.0,5.5
2025-06-23 07:00:00,2025,6,23,7,Huế,Phường Phú Bài,16.409296,107.6779818,68,Moderate,1,27.3,81,0.0,5.6,248,1005.4,93,13.2,13.3,308.0,7.8,55.0,5.6
2025-06-23 08:00:00,2025,6,23,8,Huế,Phường Phú Bài,16.409296,107.6779818,68,Moderate,1,30.0,72,0.0,2.9,240,1005.9,97,12.4,12.5,295.0,6.2,74.0,5.7
2025-06-23 09:00:00,2025,6,23,9,Huế,Phường Phú Bài,16.409296,107.6779818,68,Moderate,1,31.5,64,0.0,3.0,17,1006.2,100,11.2,11.3,268.0,4.1,100.0,5.8
2025-06-23 10:00:00,2025,6,23,10,Huế,Phường Phú Bài,16.409296,107.6779818,67,Moderate,1,32.2,61,0.0,5.1,42,1006.0,100,10.3,10.4,244.0,2.5,122.0,5.8
2025-06-23 11:00:00,2025,6,23,11,Huế,Phường Phú Bài,16.409296,107.6779818,67,Moderate,1,32.8,60,0.0,7.4,45,1005.3,100,10.2,10.4,230.0,2.0,136.0,5.7
2025-06-23 12:00:00,2025,6,23,12,Huế,Phường Phú Bài,16.409296,107.6779818,67,Moderate,1,33.2,60,0.0,7.7,41,1004.6,99,10.8,10.9,219.0,2.0,145.0,5.4
2025-06-23 13:00:00,2025,6,23,13,Huế,Phường Phú Bài,16.409296,107.6779818,66,Moderate,1,32.7,61,0.0,9.2,48,1003.6,97,12.1,12.3,211.0,2.1,152.0,5.3
2025-06-23 14:00:00,2025,6,23,14,Huế,Phường Phú Bài,16.409296,107.6779818,66,Moderate,1,32.7,62,0.0,7.8,64,1002.8,100,14.1,14.2,200.0,2.0,160.0,5.3
2025-06-23 15:00:00,2025,6,23,15,Huế,Phường Phú Bài,16.409296,107.6779818,67,Moderate,1,31.9,64,0.4,7.9,79,1002.0,100,14.9,15.1,191.0,2.0,165.0,5.4
2025-06-23 16:00:00,2025,6,23,16,Huế,Phường Phú Bài,16.409296,107.6779818,91,Moderate,1,30.5,69,0.5,8.1,184,1001.8,95,14.9,15.1,203.0,2.9,161.0,5.7
2025-06-23 17:00:00,2025,6,23,17,Huế,Phường Phú Bài,16.409296,107.6779818,109,Unhealthy for Sensitive Groups,2,30.4,70,0.0,6.7,175,1001.4,72,17.0,17.2,252.0,5.5,141.0,6.4
2025-06-23 18:00:00,2025,6,23,18,Huế,Phường Phú Bài,16.409296,107.6779818,118,Unhealthy for Sensitive Groups,2,29.2,77,0.0,5.6,174,1002.3,9,17.2,17.3,321.0,9.0,113.0,7.2
2025-06-23 19:00:00,2025,6,23,19,Huế,Phường Phú Bài,16.409296,107.6779818,116,Unhealthy for Sensitive Groups,2,28.1,83,0.0,4.0,190,1003.2,12,18.6,18.9,381.0,9.1,79.0,5.7
2025-06-23 20:00:00,2025,6,23,20,Huế,Phường Phú Bài,16.409296,107.6779818,104,Unhealthy for Sensitive Groups,2,26.3,90,0.1,11.4,201,1005.0,99,17.5,17.6,420.0,10.0,64.0,5.9
2025-06-23 21:00:00,2025,6,23,21,Huế,Phường Phú Bài,16.409296,107.6779818,87,Moderate,1,26.2,88,0.0,7.5,207,1005.7,92,16.9,17.0,448.0,11.2,43.0,6.1
2025-06-23 22:00:00,2025,6,23,22,Huế,Phường Phú Bài,16.409296,107.6779818,64,Moderate,1,26.1,90,0.0,8.6,200,1006.3,98,17.8,17.9,469.0,12.2,27.0,6.0
2025-06-23 23:00:00,2025,6,23,23,Huế,Phường Phú Bài,16.409296,107.6779818,62,Moderate,1,25.9,91,0.0,6.8,202,1005.9,37,18.7,18.9,487.0,12.9,19.0,5.5
2025-06-24 00:00:00,2025,6,24,0,Huế,Phường Phú Bài,16.409296,107.6779818,61,Moderate,1,25.4,94,0.0,5.8,182,1005.4,16,18.8,18.9,497.0,13.4,16.0,4.7
2025-06-24 01:00:00,2025,6,24,1,Huế,Phường Phú Bài,16.409296,107.6779818,61,Moderate,1,25.0,97,0.0,5.6,184,1004.7,77,17.5,17.6,485.0,13.4,13.0,4.1
2025-06-24 02:00:00,2025,6,24,2,Huế,Phường Phú Bài,16.409296,107.6779818,60,Moderate,1,24.6,99,0.0,4.9,213,1004.1,52,15.3,15.4,431.0,12.8,8.0,3.6
2025-06-24 03:00:00,2025,6,24,3,Huế,Phường Phú Bài,16.409296,107.6779818,59,Moderate,1,24.3,99,0.0,6.6,225,1004.0,17,14.2,14.3,354.0,11.7,4.0,3.3
2025-06-24 04:00:00,2025,6,24,4,Huế,Phường Phú Bài,16.409296,107.6779818,59,Moderate,1,24.2,98,0.0,6.0,226,1004.3,70,13.4,13.5,299.0,10.6,7.0,3.2
2025-06-24 05:00:00,2025,6,24,5,Huế,Phường Phú Bài,16.409296,107.6779818,58,Moderate,1,24.0,97,0.0,6.7,224,1004.5,79,12.8,12.9,293.0,9.7,19.0,3.6
2025-06-24 06:00:00,2025,6,24,6,Huế,Phường Phú Bài,16.409296,107.6779818,57,Moderate,1,24.5,94,0.0,5.7,217,1004.8,69,14.2,14.3,310.0,8.7,38.0,4.3
2025-06-24 07:00:00,2025,6,24,7,Huế,Phường Phú Bài,16.409296,107.6779818,56,Moderate,1,26.6,87,0.0,6.1,238,1005.3,97,15.6,15.9,311.0,9.3,64.0,5.7
2025-06-24 08:00:00,2025,6,24,8,Huế,Phường Phú Bài,16.409296,107.6779818,56,Moderate,1,29.8,72,0.0,3.6,200,1005.6,100,11.5,11.6,275.0,7.3,86.0,6.0
2025-06-24 09:00:00,2025,6,24,9,Huế,Phường Phú Bài,16.409296,107.6779818,56,Moderate,1,31.4,64,0.0,2.2,125,1005.5,100,10.8,11.1,224.0,4.6,116.0,6.4
2025-06-24 10:00:00,2025,6,24,10,Huế,Phường Phú Bài,16.409296,107.6779818,56,Moderate,1,32.5,60,0.0,4.6,77,1005.5,100,10.7,11.2,188.0,2.6,142.0,6.5
2025-06-24 11:00:00,2025,6,24,11,Huế,Phường Phú Bài,16.409296,107.6779818,56,Moderate,1,33.1,58,0.0,6.4,54,1005.1,100,11.4,12.0,180.0,2.0,157.0,6.0
2025-06-24 12:00:00,2025,6,24,12,Huế,Phường Phú Bài,16.409296,107.6779818,56,Moderate,1,32.3,63,0.5,9.6,49,1004.7,94,12.5,13.1,186.0,2.0,168.0,5.3
2025-06-24 13:00:00,2025,6,24,13,Huế,Phường Phú Bài,16.409296,107.6779818,56,Moderate,1,31.8,63,0.3,10.4,64,1003.9,100,13.2,13.9,194.0,2.2,175.0,4.7
2025-06-24 14:00:00,2025,6,24,14,Huế,Phường Phú Bài,16.409296,107.6779818,68,Moderate,1,32.3,61,0.0,6.0,83,1003.3,100,14.2,15.0,189.0,1.9,182.0,4.4
2025-06-24 15:00:00,2025,6,24,15,Huế,Phường Phú Bài,16.409296,107.6779818,98,Moderate,1,32.4,61,0.0,4.5,61,1002.3,65,15.5,16.4,187.0,1.8,185.0,4.2
2025-06-24 16:00:00,2025,6,24,16,Huế,Phường Phú Bài,16.409296,107.6779818,124,Unhealthy for Sensitive Groups,2,32.0,62,0.1,5.7,66,1002.1,50,15.5,16.5,216.0,3.1,180.0,4.7
2025-06-24 17:00:00,2025,6,24,17,Huế,Phường Phú Bài,16.409296,107.6779818,144,Unhealthy for Sensitive Groups,2,30.7,67,0.1,4.5,67,1002.6,88,16.1,16.8,318.0,7.5,159.0,6.4
2025-06-24 18:00:00,2025,6,24,18,Huế,Phường Phú Bài,16.409296,107.6779818,152,Unhealthy,3,29.5,70,0.0,6.4,108,1003.1,95,17.9,18.4,452.0,13.3,128.0,8.7
2025-06-24 19:00:00,2025,6,24,19,Huế,Phường Phú Bài,16.409296,107.6779818,150,Unhealthy for Sensitive Groups,2,28.1,80,0.0,3.1,183,1004.7,93,32.5,33.6,529.0,18.9,105.0,11.4
2025-06-24 20:00:00,2025,6,24,20,Huế,Phường Phú Bài,16.409296,107.6779818,139,Unhealthy for Sensitive Groups,2,27.0,86,0.0,3.3,193,1005.4,69,34.7,35.5,498.0,16.1,104.0,10.2
2025-06-24 21:00:00,2025,6,24,21,Huế,Phường Phú Bài,16.409296,107.6779818,126,Unhealthy for Sensitive Groups,2,26.9,89,0.0,4.0,212,1006.6,57,27.4,28.4,411.0,12.3,102.0,8.5
2025-06-24 22:00:00,2025,6,24,22,Huế,Phường Phú Bài,16.409296,107.6779818,110,Unhealthy for Sensitive Groups,2,26.5,93,0.0,2.9,210,1007.2,59,26.5,27.5,333.0,9.5,95.0,7.1
2025-06-24 23:00:00,2025,6,24,23,Huế,Phường Phú Bài,16.409296,107.6779818,92,Moderate,1,26.2,95,0.0,2.8,220,1007.3,18,27.0,27.8,283.0,8.8,81.0,6.4
2025-06-25 00:00:00,2025,6,25,0,Huế,Phường Phú Bài,16.409296,107.6779818,69,Moderate,1,26.0,97,0.0,5.0,195,1007.0,92,26.9,27.4,242.0,9.2,62.0,6.1
2025-06-25 01:00:00,2025,6,25,1,Huế,Phường Phú Bài,16.409296,107.6779818,62,Moderate,1,25.8,96,0.0,6.4,230,1006.4,10,24.4,24.8,215.0,9.5,46.0,5.9
2025-06-25 02:00:00,2025,6,25,2,Huế,Phường Phú Bài,16.409296,107.6779818,63,Moderate,1,25.4,95,0.0,7.3,237,1005.3,13,22.1,22.4,206.0,9.6,35.0,5.6
2025-06-25 03:00:00,2025,6,25,3,Huế,Phường Phú Bài,16.409296,107.6779818,64,Moderate,1,25.0,95,0.0,6.5,212,1004.7,1,22.4,22.7,212.0,9.7,27.0,5.3
2025-06-25 04:00:00,2025,6,25,4,Huế,Phường Phú Bài,16.409296,107.6779818,64,Moderate,1,24.6,96,0.0,6.4,207,1004.7,1,22.1,22.5,226.0,9.5,25.0,5.3
2025-06-25 05:00:00,2025,6,25,5,Huế,Phường Phú Bài,16.409296,107.6779818,65,Moderate,1,24.3,96,0.0,5.7,204,1005.1,1,21.4,21.8,256.0,9.0,32.0,5.6
2025-06-25 06:00:00,2025,6,25,6,Huế,Phường Phú Bài,16.409296,107.6779818,66,Moderate,1,24.8,94,0.0,5.2,214,1005.8,2,21.2,21.7,294.0,8.2,45.0,6.2
2025-06-25 07:00:00,2025,6,25,7,Huế,Phường Phú Bài,16.409296,107.6779818,66,Moderate,1,27.1,85,0.0,4.0,216,1006.8,6,27.6,28.2,311.0,8.3,78.0,7.6
2025-06-25 08:00:00,2025,6,25,8,Huế,Phường Phú Bài,16.409296,107.6779818,68,Moderate,1,29.9,71,0.0,2.9,184,1006.6,5,21.7,22.2,284.0,6.6,97.0,7.1
2025-06-25 09:00:00,2025,6,25,9,Huế,Phường Phú Bài,16.409296,107.6779818,68,Moderate,1,31.5,64,0.0,1.8,191,1006.8,11,18.6,19.3,236.0,4.2,124.0,6.5
2025-06-25 10:00:00,2025,6,25,10,Huế,Phường Phú Bài,16.409296,107.6779818,69,Moderate,1,32.5,59,0.2,1.6,297,1006.8,16,16.9,17.6,200.0,2.4,146.0,5.9
2025-06-25 11:00:00,2025,6,25,11,Huế,Phường Phú Bài,16.409296,107.6779818,70,Moderate,1,33.3,57,0.0,5.2,2,1005.8,66,17.4,18.2,193.0,1.9,158.0,5.5
2025-06-25 12:00:00,2025,6,25,12,Huế,Phường Phú Bài,16.409296,107.6779818,70,Moderate,1,33.2,60,0.0,10.7,22,1004.8,12,17.3,18.1,199.0,2.0,166.0,5.2
2025-06-25 13:00:00,2025,6,25,13,Huế,Phường Phú Bài,16.409296,107.6779818,71,Moderate,1,31.0,71,1.0,7.6,56,1004.8,86,18.3,19.2,205.0,2.2,171.0,4.9
2025-06-25 14:00:00,2025,6,25,14,Huế,Phường Phú Bài,16.409296,107.6779818,76,Moderate,1,32.0,65,0.0,9.9,52,1003.8,88,20.5,21.3,196.0,2.1,177.0,4.6
2025-06-25 15:00:00,2025,6,25,15,Huế,Phường Phú Bài,16.409296,107.6779818,104,Unhealthy for Sensitive Groups,2,30.7,70,0.7,9.0,70,1003.7,88,20.1,21.0,188.0,2.0,181.0,4.3
2025-06-25 16:00:00,2025,6,25,16,Huế,Phường Phú Bài,16.409296,107.6779818,126,Unhealthy for Sensitive Groups,2,31.0,68,0.2,3.3,41,1003.2,28,20.1,21.5,213.0,2.7,176.0,4.3
2025-06-25 17:00:00,2025,6,25,17,Huế,Phường Phú Bài,16.409296,107.6779818,143,Unhealthy for Sensitive Groups,2,29.8,73,0.4,3.6,162,1003.4,34,19.2,20.5,309.0,4.8,156.0,4.7
2025-06-25 18:00:00,2025,6,25,18,Huế,Phường Phú Bài,16.409296,107.6779818,150,Unhealthy for Sensitive Groups,2,29.1,78,0.0,3.6,171,1004.0,17,20.3,21.5,438.0,7.6,128.0,5.4
2025-06-25 19:00:00,2025,6,25,19,Huế,Phường Phú Bài,16.409296,107.6779818,146,Unhealthy for Sensitive Groups,2,27.8,84,0.0,9.3,238,1005.4,31,24.4,25.4,520.0,12.0,98.0,6.5
2025-06-25 20:00:00,2025,6,25,20,Huế,Phường Phú Bài,16.409296,107.6779818,133,Unhealthy for Sensitive Groups,2,27.6,84,0.0,7.4,236,1006.0,82,24.6,25.4,507.0,11.6,87.0,6.6
2025-06-25 21:00:00,2025,6,25,21,Huế,Phường Phú Bài,16.409296,107.6779818,116,Unhealthy for Sensitive Groups,2,26.8,89,0.0,3.0,253,1006.5,99,23.1,23.3,446.0,11.1,71.0,6.8
2025-06-25 22:00:00,2025,6,25,22,Huế,Phường Phú Bài,16.409296,107.6779818,95,Moderate,1,26.3,90,0.0,2.5,225,1006.9,100,21.4,21.7,398.0,10.8,57.0,6.8
2025-06-25 23:00:00,2025,6,25,23,Huế,Phường Phú Bài,16.409296,107.6779818,70,Moderate,1,25.9,92,0.0,4.0,219,1007.1,51,20.6,20.9,390.0,11.0,46.0,6.5
2025-06-26 00:00:00,2025,6,26,0,Huế,Phường Phú Bài,16.409296,107.6779818,70,Moderate,1,25.5,94,0.0,3.3,241,1006.6,96,20.8,21.1,394.0,11.4,36.0,5.9
2025-06-26 01:00:00,2025,6,26,1,Huế,Phường Phú Bài,16.409296,107.6779818,69,Moderate,1,25.2,94,0.0,5.6,245,1005.6,97,19.2,19.4,385.0,11.5,28.0,5.4
2025-06-26 02:00:00,2025,6,26,2,Huế,Phường Phú Bài,16.409296,107.6779818,69,Moderate,1,24.8,95,0.0,5.3,242,1004.9,100,16.7,17.1,344.0,11.1,20.0,4.8
2025-06-26 03:00:00,2025,6,26,3,Huế,Phường Phú Bài,16.409296,107.6779818,68,Moderate,1,24.5,94,0.0,4.4,215,1004.4,100,15.3,15.7,290.0,10.3,14.0,4.2
2025-06-26 04:00:00,2025,6,26,4,Huế,Phường Phú Bài,16.409296,107.6779818,68,Moderate,1,24.0,94,0.0,5.4,201,1004.2,98,15.0,15.3,260.0,9.5,14.0,3.9
2025-06-26 05:00:00,2025,6,26,5,Huế,Phường Phú Bài,16.409296,107.6779818,67,Moderate,1,23.6,94,0.0,6.1,208,1004.5,6,15.2,15.5,283.0,8.7,23.0,4.2
2025-06-26 06:00:00,2025,6,26,6,Huế,Phường Phú Bài,16.409296,107.6779818,67,Moderate,1,24.0,92,0.0,6.2,221,1004.8,0,17.1,17.4,329.0,7.9,39.0,4.7
2025-06-26 07:00:00,2025,6,26,7,Huế,Phường Phú Bài,16.409296,107.6779818,66,Moderate,1,26.5,83,0.0,5.1,231,1005.3,72,19.9,20.1,352.0,8.4,61.0,5.8
2025-06-26 08:00:00,2025,6,26,8,Huế,Phường Phú Bài,16.409296,107.6779818,66,Moderate,1,29.4,70,0.0,2.0,190,1005.7,100,15.5,16.0,323.0,6.7,80.0,6.1
2025-06-26 09:00:00,2025,6,26,9,Huế,Phường Phú Bài,16.409296,107.6779818,65,Moderate,1,31.2,62,0.0,1.5,194,1006.3,100,14.6,15.2,270.0,4.4,107.0,6.4
2025-06-26 10:00:00,2025,6,26,10,Huế,Phường Phú Bài,16.409296,107.6779818,65,Moderate,1,32.5,58,0.0,0.3,315,1005.9,100,13.1,13.7,227.0,2.6,130.0,6.6
2025-06-26 11:00:00,2025,6,26,11,Huế,Phường Phú Bài,16.409296,107.6779818,64,Moderate,1,33.3,56,0.0,3.6,41,1005.4,100,13.0,13.6,207.0,2.0,144.0,6.4
2025-06-26 12:00:00,2025,6,26,12,Huế,Phường Phú Bài,16.409296,107.6779818,64,Moderate,1,32.7,60,0.5,9.8,52,1004.8,100,14.0,14.7,198.0,2.0,155.0,5.9
2025-06-26 13:00:00,2025,6,26,13,Huế,Phường Phú Bài,16.409296,107.6779818,64,Moderate,1,31.2,69,0.6,8.7,86,1004.1,100,15.4,16.1,199.0,2.1,163.0,5.6
2025-06-26 14:00:00,2025,6,26,14,Huế,Phường Phú Bài,16.409296,107.6779818,63,Moderate,1,31.4,69,0.1,1.8,204,1003.8,100,15.4,16.0,206.0,2.0,172.0,5.3
2025-06-26 15:00:00,2025,6,26,15,Huế,Phường Phú Bài,16.409296,107.6779818,82,Moderate,1,28.4,79,0.8,2.8,15,1003.5,100,18.3,19.0,222.0,2.0,179.0,5.1
2025-06-26 16:00:00,2025,6,26,16,Huế,Phường Phú Bài,16.409296,107.6779818,107,Unhealthy for Sensitive Groups,2,28.3,80,0.1,8.5,216,1002.9,100,19.2,19.8,260.0,3.1,177.0,5.3
2025-06-26 17:00:00,2025,6,26,17,Huế,Phường Phú Bài,16.409296,107.6779818,128,Unhealthy for Sensitive Groups,2,28.9,77,0.0,6.7,204,1002.8,100,21.8,22.4,346.0,5.7,159.0,6.2
2025-06-26 18:00:00,2025,6,26,18,Huế,Phường Phú Bài,16.409296,107.6779818,139,Unhealthy for Sensitive Groups,2,28.1,81,0.0,3.8,183,1003.4,100,29.7,30.4,454.0,9.4,132.0,7.5
2025-06-26 19:00:00,2025,6,26,19,Huế,Phường Phú Bài,16.409296,107.6779818,139,Unhealthy for Sensitive Groups,2,27.2,90,0.0,1.5,201,1004.8,100,31.4,31.8,511.0,14.7,100.0,9.3
2025-06-26 20:00:00,2025,6,26,20,Huế,Phường Phú Bài,16.409296,107.6779818,130,Unhealthy for Sensitive Groups,2,27.6,88,0.0,4.0,100,1005.4,82,37.3,37.6,472.0,18.8,85.0,11.4
2025-06-26 21:00:00,2025,6,26,21,Huế,Phường Phú Bài,16.409296,107.6779818,115,Unhealthy for Sensitive Groups,2,27.6,88,0.3,1.3,196,1006.3,93,42.3,42.6,383.0,24.4,64.0,14.2
2025-06-26 22:00:00,2025,6,26,22,Huế,Phường Phú Bài,16.409296,107.6779818,94,Moderate,1,27.2,90,0.1,3.6,200,1006.5,88,45.6,46.0,309.0,27.7,46.0,15.6
2025-06-26 23:00:00,2025,6,26,23,Huế,Phường Phú Bài,16.409296,107.6779818,69,Moderate,1,26.6,93,0.0,5.7,198,1005.9,95,46.0,46.2,275.0,26.7,36.0,14.2
2025-06-27 00:00:00,2025,6,27,0,Huế,Phường Phú Bài,16.409296,107.6779818,72,Moderate,1,25.8,94,0.0,5.1,197,1005.2,100,39.2,39.5,257.0,23.3,29.0,11.3
2025-06-27 01:00:00,2025,6,27,1,Huế,Phường Phú Bài,16.409296,107.6779818,73,Moderate,1,25.2,94,0.0,5.6,222,1004.5,100,34.3,34.6,241.0,20.2,24.0,8.9
2025-06-27 02:00:00,2025,6,27,2,Huế,Phường Phú Bài,16.409296,107.6779818,75,Moderate,1,24.9,93,0.0,7.0,230,1004.3,100,30.7,30.9,219.0,18.2,17.0,7.5
2025-06-27 03:00:00,2025,6,27,3,Huế,Phường Phú Bài,16.409296,107.6779818,76,Moderate,1,24.6,91,0.0,6.6,225,1004.0,99,27.1,27.2,200.0,16.4,11.0,6.5
2025-06-27 04:00:00,2025,6,27,4,Huế,Phường Phú Bài,16.409296,107.6779818,77,Moderate,1,24.2,91,0.0,7.0,220,1003.9,100,24.3,24.4,199.0,14.5,12.0,5.8
2025-06-27 05:00:00,2025,6,27,5,Huế,Phường Phú Bài,16.409296,107.6779818,78,Moderate,1,24.1,91,0.0,6.7,216,1004.1,100,22.5,22.6,237.0,12.5,23.0,5.6
2025-06-27 06:00:00,2025,6,27,6,Huế,Phường Phú Bài,16.409296,107.6779818,78,Moderate,1,24.5,90,0.0,7.0,209,1004.2,100,22.2,22.4,293.0,10.5,41.0,5.7
2025-06-27 07:00:00,2025,6,27,7,Huế,Phường Phú Bài,16.409296,107.6779818,79,Moderate,1,26.7,84,0.0,5.4,210,1004.7,100,20.2,20.3,325.0,7.6,60.0,6.1
2025-06-27 08:00:00,2025,6,27,8,Huế,Phường Phú Bài,16.409296,107.6779818,79,Moderate,1,29.6,69,0.0,1.9,236,1004.9,100,15.1,15.2,308.0,6.0,80.0,6.3
2025-06-27 09:00:00,2025,6,27,9,Huế,Phường Phú Bài,16.409296,107.6779818,79,Moderate,1,31.2,62,0.0,1.7,283,1005.1,99,14.3,14.5,266.0,3.9,108.0,6.6
2025-06-27 10:00:00,2025,6,27,10,Huế,Phường Phú Bài,16.409296,107.6779818,79,Moderate,1,32.5,58,0.0,1.3,196,1004.7,100,13.5,13.7,231.0,2.4,129.0,6.6
2025-06-27 11:00:00,2025,6,27,11,Huế,Phường Phú Bài,16.409296,107.6779818,79,Moderate,1,33.0,58,0.0,4.6,64,1004.4,100,14.5,14.8,212.0,2.0,138.0,6.0
2025-06-27 12:00:00,2025,6,27,12,Huế,Phường Phú Bài,16.409296,107.6779818,79,Moderate,1,29.9,76,7.5,13.2,66,1004.8,100,15.9,16.3,200.0,2.3,141.0,5.1
2025-06-27 13:00:00,2025,6,27,13,Huế,Phường Phú Bài,16.409296,107.6779818,79,Moderate,1,31.0,69,0.5,11.6,77,1003.6,98,18.6,19.2,196.0,3.2,140.0,4.5
2025-06-27 14:00:00,2025,6,27,14,Huế,Phường Phú Bài,16.409296,107.6779818,79,Moderate,1,29.9,76,2.1,5.2,61,1003.4,100,21.9,22.7,196.0,4.8,134.0,4.6
2025-06-27 15:00:00,2025,6,27,15,Huế,Phường Phú Bài,16.409296,107.6779818,80,Moderate,1,29.6,80,1.2,4.1,139,1002.6,100,26.3,27.1,204.0,7.0,124.0,5.1
2025-06-27 16:00:00,2025,6,27,16,Huế,Phường Phú Bài,16.409296,107.6779818,81,Moderate,1,26.2,96,17.4,4.7,189,1003.1,100,28.0,28.7,230.0,9.1,113.0,5.7
2025-06-27 17:00:00,2025,6,27,17,Huế,Phường Phú Bài,16.409296,107.6779818,85,Moderate,1,26.3,91,1.1,3.9,217,1002.8,100,29.9,30.4,291.0,11.0,101.0,6.4
2025-06-27 18:00:00,2025,6,27,18,Huế,Phường Phú Bài,16.409296,107.6779818,84,Moderate,1,26.5,93,0.1,3.7,157,1003.4,98,31.9,32.2,371.0,12.8,89.0,7.2
2025-06-27 19:00:00,2025,6,27,19,Huế,Phường Phú Bài,16.409296,107.6779818,82,Moderate,1,26.0,97,0.0,2.2,185,1004.1,85,35.2,35.9,428.0,12.8,79.0,8.6
2025-06-27 20:00:00,2025,6,27,20,Huế,Phường Phú Bài,16.409296,107.6779818,83,Moderate,1,26.5,94,0.0,3.6,207,1004.8,100,36.3,37.0,445.0,12.7,70.0,8.2
2025-06-27 21:00:00,2025,6,27,21,Huế,Phường Phú Bài,16.409296,107.6779818,83,Moderate,1,26.8,90,0.0,5.6,205,1005.1,100,34.8,35.4,441.0,12.5,56.0,7.6
2025-06-27 22:00:00,2025,6,27,22,Huế,Phường Phú Bài,16.409296,107.6779818,82,Moderate,1,26.8,89,0.0,4.3,178,1005.7,100,32.4,32.9,425.0,12.5,44.0,7.0
2025-06-27 23:00:00,2025,6,27,23,Huế,Phường Phú Bài,16.409296,107.6779818,81,Moderate,1,26.5,88,0.0,5.2,205,1005.8,100,31.5,32.1,398.0,12.8,34.0,6.3
2025-06-28 00:00:00,2025,6,28,0,Huế,Phường Phú Bài,16.409296,107.6779818,79,Moderate,1,26.3,89,0.0,6.2,197,1005.1,100,29.6,30.3,360.0,13.3,25.0,5.6
2025-06-28 01:00:00,2025,6,28,1,Huế,Phường Phú Bài,16.409296,107.6779818,79,Moderate,1,25.8,91,0.0,5.6,201,1004.5,99,28.2,28.9,325.0,13.5,18.0,5.0
2025-06-28 02:00:00,2025,6,28,2,Huế,Phường Phú Bài,16.409296,107.6779818,78,Moderate,1,25.2,93,0.0,7.2,208,1003.8,100,27.3,27.9,291.0,13.3,13.0,4.5
2025-06-28 03:00:00,2025,6,28,3,Huế,Phường Phú Bài,16.409296,107.6779818,78,Moderate,1,24.7,94,0.0,6.9,219,1003.4,100,25.6,26.1,259.0,12.9,10.0,4.1
2025-06-28 04:00:00,2025,6,28,4,Huế,Phường Phú Bài,16.409296,107.6779818,78,Moderate,1,24.4,94,0.2,5.7,224,1003.6,100,24.4,24.9,248.0,12.3,13.0,4.0
2025-06-28 05:00:00,2025,6,28,5,Huế,Phường Phú Bài,16.409296,107.6779818,78,Moderate,1,24.1,95,0.0,5.1,231,1004.0,100,24.4,25.0,279.0,11.4,23.0,4.5
2025-06-28 06:00:00,2025,6,28,6,Huế,Phường Phú Bài,16.409296,107.6779818,78,Moderate,1,24.5,94,0.0,6.0,219,1004.6,100,26.1,26.8,331.0,10.3,39.0,5.2
2025-06-28 07:00:00,2025,6,28,7,Huế,Phường Phú Bài,16.409296,107.6779818,78,Moderate,1,26.3,86,0.0,4.4,201,1005.0,100,26.1,27.1,354.0,9.5,46.0,5.7
2025-06-28 08:00:00,2025,6,28,8,Huế,Phường Phú Bài,16.409296,107.6779818,79,Moderate,1,29.0,77,0.0,1.7,198,1005.3,100,18.4,19.3,317.0,7.8,61.0,6.0
2025-06-28 09:00:00,2025,6,28,9,Huế,Phường Phú Bài,16.409296,107.6779818,79,Moderate,1,30.5,68,0.0,1.5,150,1005.0,100,19.2,20.2,252.0,5.4,82.0,6.4
2025-06-28 10:00:00,2025,6,28,10,Huế,Phường Phú Bài,16.409296,107.6779818,79,Moderate,1,31.5,64,0.1,0.3,45,1004.6,100,16.2,17.3,206.0,3.5,100.0,6.4
2025-06-28 11:00:00,2025,6,28,11,Huế,Phường Phú Bài,16.409296,107.6779818,80,Moderate,1,32.3,62,0.1,2.1,15,1004.1,100,15.0,16.2,202.0,2.7,110.0,5.6
2025-06-28 12:00:00,2025,6,28,12,Huế,Phường Phú Bài,16.409296,107.6779818,80,Moderate,1,31.6,65,0.1,6.7,20,1003.5,100,15.6,16.9,216.0,2.4,117.0,4.4
2025-06-28 13:00:00,2025,6,28,13,Huế,Phường Phú Bài,16.409296,107.6779818,80,Moderate,1,29.1,79,14.9,2.0,275,1003.5,100,15.9,17.2,227.0,2.5,121.0,3.6
2025-06-28 14:00:00,2025,6,28,14,Huế,Phường Phú Bài,16.409296,107.6779818,79,Moderate,1,28.8,80,0.8,8.6,127,1002.4,99,18.2,19.5,219.0,2.8,123.0,3.5
2025-06-28 15:00:00,2025,6,28,15,Huế,Phường Phú Bài,16.409296,107.6779818,79,Moderate,1,30.1,74,0.0,8.3,141,1001.2,92,19.2,20.5,207.0,3.5,123.0,3.9
2025-06-28 16:00:00,2025,6,28,16,Huế,Phường Phú Bài,16.409296,107.6779818,78,Moderate,1,30.5,72,0.0,4.7,157,1001.0,96,19.8,21.1,211.0,4.8,119.0,4.4
2025-06-28 17:00:00,2025,6,28,17,Huế,Phường Phú Bài,16.409296,107.6779818,78,Moderate,1,30.1,75,0.3,3.3,151,1001.3,91,21.9,23.0,230.0,7.0,112.0,5.1
2025-06-28 18:00:00,2025,6,28,18,Huế,Phường Phú Bài,16.409296,107.6779818,77,Moderate,1,29.2,82,0.0,3.0,115,1001.5,93,24.9,25.9,265.0,9.7,102.0,6.1
2025-06-28 19:00:00,2025,6,28,19,Huế,Phường Phú Bài,16.409296,107.6779818,76,Moderate,1,28.1,86,0.0,2.9,150,1001.7,93,29.2,31.7,340.0,11.6,83.0,7.0
2025-06-28 20:00:00,2025,6,28,20,Huế,Phường Phú Bài,16.409296,107.6779818,76,Moderate,1,26.5,96,0.0,6.4,234,1003.0,100,31.0,33.1,515.0,12.9,73.0,7.3
2025-06-28 21:00:00,2025,6,28,21,Huế,Phường Phú Bài,16.409296,107.6779818,75,Moderate,1,26.2,90,0.2,7.3,220,1003.2,99,32.1,34.1,730.0,14.7,60.0,7.8
2025-06-28 22:00:00,2025,6,28,22,Huế,Phường Phú Bài,16.409296,107.6779818,75,Moderate,1,26.0,91,0.0,7.1,227,1003.5,100,34.0,35.9,834.0,16.0,47.0,7.8
2025-06-28 23:00:00,2025,6,28,23,Huế,Phường Phú Bài,16.409296,107.6779818,75,Moderate,1,25.8,93,0.0,6.7,226,1003.5,100,35.5,37.1,720.0,16.7,37.0,7.1
2025-06-29 00:00:00,2025,6,29,0,Huế,Phường Phú Bài,16.409296,107.6779818,76,Moderate,1,25.5,95,0.0,6.5,219,1002.9,100,34.3,35.9,493.0,16.9,28.0,6.1
2025-06-29 01:00:00,2025,6,29,1,Huế,Phường Phú Bài,16.409296,107.6779818,76,Moderate,1,25.0,95,0.0,7.4,223,1002.6,100,31.2,32.6,321.0,16.6,21.0,5.2
2025-06-29 02:00:00,2025,6,29,2,Huế,Phường Phú Bài,16.409296,107.6779818,76,Moderate,1,24.5,94,0.0,7.5,233,1002.1,100,27.3,28.6,271.0,15.5,15.0,4.5
2025-06-29 03:00:00,2025,6,29,3,Huế,Phường Phú Bài,16.409296,107.6779818,76,Moderate,1,24.3,93,0.0,7.0,222,1001.8,100,24.9,26.1,275.0,13.9,11.0,4.0
2025-06-29 04:00:00,2025,6,29,4,Huế,Phường Phú Bài,16.409296,107.6779818,76,Moderate,1,24.1,92,0.0,8.4,214,1001.9,100,23.1,24.2,293.0,12.2,12.0,3.7
2025-06-29 05:00:00,2025,6,29,5,Huế,Phường Phú Bài,16.409296,107.6779818,76,Moderate,1,24.2,90,0.0,7.8,218,1002.0,100,21.8,22.9,326.0,10.7,19.0,3.9
2025-06-29 06:00:00,2025,6,29,6,Huế,Phường Phú Bài,16.409296,107.6779818,76,Moderate,1,24.5,88,0.0,7.4,219,1002.6,100,21.3,22.5,373.0,9.2,32.0,4.4
2025-06-29 07:00:00,2025,6,29,7,Huế,Phường Phú Bài,16.409296,107.6779818,76,Moderate,1,26.0,86,0.0,4.7,176,1003.2,100,18.3,20.3,389.0,7.3,49.0,4.9
2025-06-29 08:00:00,2025,6,29,8,Huế,Phường Phú Bài,16.409296,107.6779818,75,Moderate,1,28.5,80,0.0,3.7,194,1002.9,100,17.2,19.3,343.0,6.0,72.0,5.5
2025-06-29 09:00:00,2025,6,29,9,Huế,Phường Phú Bài,16.409296,107.6779818,75,Moderate,1,30.6,67,0.0,3.4,177,1003.1,100,16.5,19.1,267.0,4.2,104.0,6.3
2025-06-29 10:00:00,2025,6,29,10,Huế,Phường Phú Bài,16.409296,107.6779818,75,Moderate,1,32.1,58,0.0,3.6,189,1002.7,100,16.2,19.0,210.0,2.9,129.0,6.8
2025-06-29 11:00:00,2025,6,29,11,Huế,Phường Phú Bài,16.409296,107.6779818,75,Moderate,1,33.3,55,0.0,5.1,231,1002.3,100,16.2,18.9,195.0,2.7,139.0,6.5
2025-06-29 12:00:00,2025,6,29,12,Huế,Phường Phú Bài,16.409296,107.6779818,75,Moderate,1,33.3,56,0.0,5.6,297,1001.7,100,16.1,18.5,199.0,3.0,142.0,5.8
2025-06-29 13:00:00,2025,6,29,13,Huế,Phường Phú Bài,16.409296,107.6779818,75,Moderate,1,32.7,61,0.0,5.3,12,1001.0,100,17.6,19.9,203.0,3.4,143.0,5.3
2025-06-29 14:00:00,2025,6,29,14,Huế,Phường Phú Bài,16.409296,107.6779818,75,Moderate,1,31.3,69,0.1,6.2,134,1000.3,100,19.5,22.0,197.0,3.4,143.0,5.2
2025-06-29 15:00:00,2025,6,29,15,Huế,Phường Phú Bài,16.409296,107.6779818,75,Moderate,1,31.4,70,0.1,4.1,139,999.8,100,20.4,23.0,191.0,3.4,141.0,5.4
2025-06-29 16:00:00,2025,6,29,16,Huế,Phường Phú Bài,16.409296,107.6779818,82,Moderate,1,31.5,67,1.2,6.2,128,999.7,100,20.4,22.8,200.0,4.2,134.0,5.7
2025-06-29 17:00:00,2025,6,29,17,Huế,Phường Phú Bài,16.409296,107.6779818,95,Moderate,1,31.1,70,0.0,4.0,117,999.7,100,20.8,22.9,213.0,6.4,120.0,6.3
2025-06-29 18:00:00,2025,6,29,18,Huế,Phường Phú Bài,16.409296,107.6779818,99,Moderate,1,29.9,78,0.1,4.8,110,1000.3,98,22.7,24.3,240.0,9.2,101.0,7.1
2025-06-29 19:00:00,2025,6,29,19,Huế,Phường Phú Bài,16.409296,107.6779818,93,Moderate,1,28.8,81,0.0,4.8,110,1000.8,74,34.2,37.0,334.0,15.7,84.0,9.3
2025-06-29 20:00:00,2025,6,29,20,Huế,Phường Phú Bài,16.409296,107.6779818,81,Moderate,1,27.8,90,0.0,2.9,270,1002.1,100,34.3,36.4,588.0,15.8,73.0,9.2
2025-06-29 21:00:00,2025,6,29,21,Huế,Phường Phú Bài,16.409296,107.6779818,76,Moderate,1,27.4,93,0.0,4.8,285,1002.9,100,34.8,36.8,908.0,15.8,58.0,9.0
2025-06-29 22:00:00,2025,6,29,22,Huế,Phường Phú Bài,16.409296,107.6779818,76,Moderate,1,26.9,95,0.0,1.8,225,1003.4,100,35.7,37.4,1059.0,15.7,44.0,8.5
2025-06-29 23:00:00,2025,6,29,23,Huế,Phường Phú Bài,16.409296,107.6779818,76,Moderate,1,26.5,97,0.0,2.9,176,1003.6,100,35.6,37.1,878.0,15.4,34.0,7.6
2025-06-30 00:00:00,2025,6,30,0,Huế,Phường Phú Bài,16.409296,107.6779818,76,Moderate,1,26.2,97,0.0,5.7,224,1002.9,100,32.8,34.1,529.0,15.0,26.0,6.4
2025-06-30 01:00:00,2025,6,30,1,Huế,Phường Phú Bài,16.409296,107.6779818,76,Moderate,1,25.8,91,0.0,6.9,223,1002.5,100,29.8,30.9,271.0,14.3,19.0,5.3
2025-06-30 02:00:00,2025,6,30,2,Huế,Phường Phú Bài,16.409296,107.6779818,76,Moderate,1,25.1,88,0.0,7.2,215,1002.1,100,27.1,27.9,220.0,13.3,14.0,4.4
2025-06-30 03:00:00,2025,6,30,3,Huế,Phường Phú Bài,16.409296,107.6779818,76,Moderate,1,24.8,88,0.0,8.3,224,1001.6,100,24.6,25.4,260.0,12.1,10.0,3.7
2025-06-30 04:00:00,2025,6,30,4,Huế,Phường Phú Bài,16.409296,107.6779818,76,Moderate,1,24.6,86,0.0,8.5,226,1001.3,100,22.8,23.6,301.0,10.9,11.0,3.3
2025-06-30 05:00:00,2025,6,30,5,Huế,Phường Phú Bài,16.409296,107.6779818,76,Moderate,1,24.4,86,0.0,7.4,214,1001.6,100,21.5,22.3,322.0,9.7,17.0,3.4
2025-06-30 06:00:00,2025,6,30,6,Huế,Phường Phú Bài,16.409296,107.6779818,76,Moderate,1,24.6,86,0.0,7.4,212,1001.8,100,21.5,22.5,344.0,8.4,26.0,3.8
2025-06-30 07:00:00,2025,6,30,7,Huế,Phường Phú Bài,16.409296,107.6779818,76,Moderate,1,26.5,83,0.0,4.9,178,1002.6,100,14.2,14.8,345.0,7.3,42.0,4.7
2025-06-30 08:00:00,2025,6,30,8,Huế,Phường Phú Bài,16.409296,107.6779818,75,Moderate,1,28.6,79,0.0,4.3,213,1003.0,100,14.2,15.3,306.0,6.1,61.0,5.2
2025-06-30 09:00:00,2025,6,30,9,Huế,Phường Phú Bài,16.409296,107.6779818,75,Moderate,1,31.5,60,0.0,3.9,193,1003.2,100,13.0,14.6,246.0,4.4,89.0,5.9
2025-06-30 10:00:00,2025,6,30,10,Huế,Phường Phú Bài,16.409296,107.6779818,75,Moderate,1,32.8,55,0.0,4.0,185,1002.6,100,12.2,14.4,203.0,3.1,112.0,6.3
2025-06-30 11:00:00,2025,6,30,11,Huế,Phường Phú Bài,16.409296,107.6779818,74,Moderate,1,33.6,53,0.0,3.2,164,1001.9,100,12.3,14.8,196.0,2.4,128.0,6.2
2025-06-30 12:00:00,2025,6,30,12,Huế,Phường Phú Bài,16.409296,107.6779818,74,Moderate,1,34.0,55,0.0,3.9,62,1001.8,100,13.2,15.8,205.0,2.2,140.0,5.8
2025-06-30 13:00:00,2025,6,30,13,Huế,Phường Phú Bài,16.409296,107.6779818,74,Moderate,1,32.1,67,1.0,6.9,75,1001.8,100,14.2,17.1,212.0,2.2,147.0,5.5
2025-06-30 14:00:00,2025,6,30,14,Huế,Phường Phú Bài,16.409296,107.6779818,73,Moderate,1,32.3,64,0.0,12.5,95,1000.8,100,15.8,18.8,197.0,2.4,150.0,5.2
2025-06-30 15:00:00,2025,6,30,15,Huế,Phường Phú Bài,16.409296,107.6779818,73,Moderate,1,32.0,65,0.0,10.7,103,1000.3,100,16.5,19.5,180.0,2.9,149.0,4.9
2025-06-30 16:00:00,2025,6,30,16,Huế,Phường Phú Bài,16.409296,107.6779818,74,Moderate,1,31.8,67,0.0,8.0,128,1000.0,100,17.4,19.8,195.0,4.3,140.0,5.0
2025-06-30 17:00:00,2025,6,30,17,Huế,Phường Phú Bài,16.409296,107.6779818,91,Moderate,1,31.1,69,0.0,6.5,103,1000.1,100,19.4,21.4,283.0,7.5,119.0,5.7
2025-06-30 18:00:00,2025,6,30,18,Huế,Phường Phú Bài,16.409296,107.6779818,97,Moderate,1,30.0,76,0.0,2.9,137,1000.9,100,21.4,23.2,404.0,11.7,91.0,6.8
2025-06-30 19:00:00,2025,6,30,19,Huế,Phường Phú Bài,16.409296,107.6779818,93,Moderate,1,28.6,84,0.0,3.6,177,1001.4,100,23.2,26.0,476.0,10.5,82.0,6.4
2025-06-30 20:00:00,2025,6,30,20,Huế,Phường Phú Bài,16.409296,107.6779818,83,Moderate,1,25.6,92,0.1,7.8,199,1003.7,100,23.4,26.0,454.0,10.7,69.0,6.4
2025-06-30 21:00:00,2025,6,30,21,Huế,Phường Phú Bài,16.409296,107.6779818,70,Moderate,1,26.1,91,0.0,8.0,189,1004.3,100,22.2,24.6,382.0,11.0,51.0,6.5
2025-06-30 22:00:00,2025,6,30,22,Huế,Phường Phú Bài,16.409296,107.6779818,69,Moderate,1,26.2,89,0.0,7.6,192,1004.6,100,22.8,24.9,314.0,11.4,35.0,6.3
2025-06-30 23:00:00,2025,6,30,23,Huế,Phường Phú Bài,16.409296,107.6779818,68,Moderate,1,26.1,89,0.0,8.0,186,1004.3,100,23.0,24.7,262.0,12.1,24.0,5.7
2025-07-01 00:00:00,2025,7,1,0,Huế,Phường Phú Bài,16.409296,107.6779818,67,Moderate,1,25.9,90,0.0,8.5,201,1003.8,100,21.8,23.2,214.0,12.9,16.0,5.0
2025-07-01 01:00:00,2025,7,1,1,Huế,Phường Phú Bài,16.409296,107.6779818,66,Moderate,1,25.5,93,0.0,6.4,207,1003.0,100,20.8,22.1,185.0,13.2,10.0,4.3
2025-07-01 02:00:00,2025,7,1,2,Huế,Phường Phú Bài,16.409296,107.6779818,65,Moderate,1,25.1,96,0.0,7.7,217,1002.5,100,20.0,21.2,183.0,12.6,6.0,3.8
2025-07-01 03:00:00,2025,7,1,3,Huế,Phường Phú Bài,16.409296,107.6779818,64,Moderate,1,25.0,96,0.0,7.3,213,1002.1,100,18.6,19.8,199.0,11.6,6.0,3.5
2025-07-01 04:00:00,2025,7,1,4,Huế,Phường Phú Bài,16.409296,107.6779818,64,Moderate,1,24.8,95,0.0,8.0,226,1002.3,100,17.3,18.6,226.0,10.6,8.0,3.4
2025-07-01 05:00:00,2025,7,1,5,Huế,Phường Phú Bài,16.409296,107.6779818,63,Moderate,1,24.5,95,0.0,7.3,220,1002.4,100,16.4,17.8,271.0,10.1,13.0,3.6
2025-07-01 06:00:00,2025,7,1,6,Huế,Phường Phú Bài,16.409296,107.6779818,63,Moderate,1,24.6,94,0.0,6.5,219,1003.1,91,15.9,17.2,325.0,9.6,21.0,4.0
2025-07-01 07:00:00,2025,7,1,7,Huế,Phường Phú Bài,16.409296,107.6779818,63,Moderate,1,26.7,88,0.0,5.1,231,1004.2,98,14.8,15.7,356.0,7.6,43.0,4.3
2025-07-01 08:00:00,2025,7,1,8,Huế,Phường Phú Bài,16.409296,107.6779818,63,Moderate,1,29.1,78,0.0,4.9,242,1004.2,100,13.7,15.8,341.0,6.1,64.0,5.0
2025-07-01 09:00:00,2025,7,1,9,Huế,Phường Phú Bài,16.409296,107.6779818,63,Moderate,1,30.9,66,0.0,3.8,273,1004.4,100,12.3,15.2,303.0,4.1,94.0,6.0
2025-07-01 10:00:00,2025,7,1,10,Huế,Phường Phú Bài,16.409296,107.6779818,62,Moderate,1,32.0,61,0.0,3.0,308,1004.9,100,11.8,15.1,272.0,2.6,118.0,6.5
2025-07-01 11:00:00,2025,7,1,11,Huế,Phường Phú Bài,16.409296,107.6779818,62,Moderate,1,32.7,61,0.0,4.5,16,1004.5,100,12.2,15.4,260.0,2.1,131.0,6.2
2025-07-01 12:00:00,2025,7,1,12,Huế,Phường Phú Bài,16.409296,107.6779818,62,Moderate,1,30.9,71,6.8,8.8,70,1004.1,99,12.9,16.1,256.0,2.1,138.0,5.5
2025-07-01 13:00:00,2025,7,1,13,Huế,Phường Phú Bài,16.409296,107.6779818,62,Moderate,1,30.8,72,0.1,2.1,218,1003.6,99,13.8,16.6,255.0,2.5,140.0,5.0
2025-07-01 14:00:00,2025,7,1,14,Huế,Phường Phú Bài,16.409296,107.6779818,62,Moderate,1,31.8,69,0.3,0.8,225,1003.1,99,14.4,17.6,253.0,3.0,136.0,4.8
2025-07-01 15:00:00,2025,7,1,15,Huế,Phường Phú Bài,16.409296,107.6779818,62,Moderate,1,31.4,71,0.3,1.4,23,1002.0,100,17.1,20.2,253.0,3.8,128.0,4.9
2025-07-01 16:00:00,2025,7,1,16,Huế,Phường Phú Bài,16.409296,107.6779818,68,Moderate,1,30.0,77,1.1,2.8,11,1001.8,100,18.0,20.7,264.0,5.3,118.0,5.2
2025-07-01 17:00:00,2025,7,1,17,Huế,Phường Phú Bài,16.409296,107.6779818,80,Moderate,1,28.6,83,4.7,4.8,149,1002.4,100,20.0,22.6,284.0,8.1,107.0,6.1
2025-07-01 18:00:00,2025,7,1,18,Huế,Phường Phú Bài,16.409296,107.6779818,83,Moderate,1,28.0,86,0.1,5.8,182,1002.8,100,22.2,24.9,315.0,11.5,94.0,7.3
2025-07-01 19:00:00,2025,7,1,19,Huế,Phường Phú Bài,16.409296,107.6779818,78,Moderate,1,27.2,89,0.0,4.7,196,1003.2,100,24.1,26.2,369.0,15.4,46.0,7.1
2025-07-01 20:00:00,2025,7,1,20,Huế,Phường Phú Bài,16.409296,107.6779818,63,Moderate,1,26.9,89,0.0,6.3,182,1004.1,100,24.8,26.6,482.0,15.2,39.0,7.0
2025-07-01 21:00:00,2025,7,1,21,Huế,Phường Phú Bài,16.409296,107.6779818,63,Moderate,1,26.5,92,0.0,4.1,178,1004.7,100,23.7,25.3,619.0,14.9,30.0,6.8
2025-07-01 22:00:00,2025,7,1,22,Huế,Phường Phú Bài,16.409296,107.6779818,63,Moderate,1,26.1,94,0.0,3.8,239,1005.5,100,23.9,25.1,685.0,14.7,23.0,6.5
2025-07-01 23:00:00,2025,7,1,23,Huế,Phường Phú Bài,16.409296,107.6779818,63,Moderate,1,26.0,95,0.0,4.6,228,1005.3,100,25.1,26.3,617.0,14.8,19.0,6.0
2025-07-02 00:00:00,2025,7,2,0,Huế,Phường Phú Bài,16.409296,107.6779818,63,Moderate,1,25.6,97,0.0,3.8,185,1005.1,100,23.8,24.8,480.0,15.1,17.0,5.5
2025-07-02 01:00:00,2025,7,2,1,Huế,Phường Phú Bài,16.409296,107.6779818,63,Moderate,1,25.4,98,0.0,3.7,215,1004.8,100,21.5,22.4,370.0,15.0,15.0,5.0
2025-07-02 02:00:00,2025,7,2,2,Huế,Phường Phú Bài,16.409296,107.6779818,63,Moderate,1,25.1,99,0.0,4.8,233,1004.4,100,20.4,21.2,326.0,14.2,13.0,4.6
2025-07-02 03:00:00,2025,7,2,3,Huế,Phường Phú Bài,16.409296,107.6779818,63,Moderate,1,25.0,97,0.0,5.8,231,1004.3,100,19.4,20.2,310.0,13.0,11.0,4.2
2025-07-02 04:00:00,2025,7,2,4,Huế,Phường Phú Bài,16.409296,107.6779818,63,Moderate,1,24.9,94,0.0,5.4,233,1004.0,100,19.2,20.0,305.0,12.3,13.0,4.1
2025-07-02 05:00:00,2025,7,2,5,Huế,Phường Phú Bài,16.409296,107.6779818,64,Moderate,1,24.8,92,0.0,5.2,229,1004.3,100,19.7,20.5,313.0,12.9,20.0,4.5
2025-07-02 06:00:00,2025,7,2,6,Huế,Phường Phú Bài,16.409296,107.6779818,64,Moderate,1,25.0,90,0.0,5.8,236,1004.9,100,21.4,22.3,332.0,13.9,32.0,5.1
2025-07-02 07:00:00,2025,7,2,7,Huế,Phường Phú Bài,16.409296,107.6779818,64,Moderate,1,27.0,82,0.0,3.4,238,1005.5,100,17.3,17.9,345.0,9.0,43.0,4.9
2025-07-02 08:00:00,2025,7,2,8,Huế,Phường Phú Bài,16.409296,107.6779818,65,Moderate,1,28.5,76,0.0,0.8,63,1006.2,100,14.5,15.5,347.0,7.1,61.0,4.9
2025-07-02 09:00:00,2025,7,2,9,Huế,Phường Phú Bài,16.409296,107.6779818,65,Moderate,1,30.0,69,0.0,2.2,5,1005.9,100,12.2,13.5,343.0,4.4,85.0,4.9
2025-07-02 10:00:00,2025,7,2,10,Huế,Phường Phú Bài,16.409296,107.6779818,65,Moderate,1,31.0,65,0.0,5.3,18,1005.8,100,11.3,13.3,330.0,2.5,104.0,4.8
2025-07-02 11:00:00,2025,7,2,11,Huế,Phường Phú Bài,16.409296,107.6779818,65,Moderate,1,30.5,69,0.2,8.1,43,1005.6,96,11.0,14.7,300.0,1.9,111.0,4.5
2025-07-02 12:00:00,2025,7,2,12,Huế,Phường Phú Bài,16.409296,107.6779818,65,Moderate,1,30.2,73,0.3,11.5,55,1005.2,91,11.1,15.1,261.0,2.1,112.0,4.0
2025-07-02 13:00:00,2025,7,2,13,Huế,Phường Phú Bài,16.409296,107.6779818,64,Moderate,1,30.6,70,0.0,10.1,55,1004.6,82,11.8,15.1,230.0,2.3,113.0,3.7
2025-07-02 14:00:00,2025,7,2,14,Huế,Phường Phú Bài,16.409296,107.6779818,64,Moderate,1,29.9,74,0.2,5.8,81,1004.4,93,12.5,15.8,204.0,2.2,117.0,3.5
2025-07-02 15:00:00,2025,7,2,15,Huế,Phường Phú Bài,16.409296,107.6779818,64,Moderate,1,30.1,72,0.2,4.5,137,1003.9,93,12.8,15.8,188.0,2.1,121.0,3.4
2025-07-02 16:00:00,2025,7,2,16,Huế,Phường Phú Bài,16.409296,107.6779818,64,Moderate,1,29.8,74,0.1,6.0,143,1003.4,37,12.8,16.1,207.0,3.0,118.0,3.6
2025-07-02 17:00:00,2025,7,2,17,Huế,Phường Phú Bài,16.409296,107.6779818,63,Moderate,1,29.4,73,0.1,6.3,129,1003.7,91,13.4,16.4,294.0,5.5,104.0,4.2
2025-07-02 18:00:00,2025,7,2,18,Huế,Phường Phú Bài,16.409296,107.6779818,63,Moderate,1,28.6,79,0.0,2.9,169,1004.0,90,14.4,17.1,417.0,8.9,85.0,5.1
2025-07-02 19:00:00,2025,7,2,19,Huế,Phường Phú Bài,16.409296,107.6779818,62,Moderate,1,27.3,88,0.0,4.1,221,1004.8,100,23.3,26.5,512.0,14.4,57.0,6.5
2025-07-02 20:00:00,2025,7,2,20,Huế,Phường Phú Bài,16.409296,107.6779818,62,Moderate,1,26.4,93,0.0,7.7,246,1005.8,100,25.8,28.7,561.0,15.8,49.0,6.9
2025-07-02 21:00:00,2025,7,2,21,Huế,Phường Phú Bài,16.409296,107.6779818,62,Moderate,1,25.6,94,0.0,7.3,239,1006.1,100,28.2,30.7,582.0,17.7,39.0,7.5
2025-07-02 22:00:00,2025,7,2,22,Huế,Phường Phú Bài,16.409296,107.6779818,62,Moderate,1,25.4,93,0.0,5.6,222,1006.4,100,30.2,32.7,568.0,19.0,30.0,7.7
2025-07-02 23:00:00,2025,7,2,23,Huế,Phường Phú Bài,16.409296,107.6779818,63,Moderate,1,25.4,94,0.0,5.1,188,1005.9,100,32.1,34.5,496.0,19.4,25.0,7.2
2025-07-03 00:00:00,2025,7,3,0,Huế,Phường Phú Bài,16.409296,107.6779818,63,Moderate,1,25.1,96,0.0,4.9,186,1005.6,100,31.4,33.8,388.0,19.1,21.0,6.2
2025-07-03 01:00:00,2025,7,3,1,Huế,Phường Phú Bài,16.409296,107.6779818,64,Moderate,1,25.0,97,0.0,4.7,223,1005.0,100,30.3,32.5,303.0,18.4,18.0,5.4
2025-07-03 02:00:00,2025,7,3,2,Huế,Phường Phú Bài,16.409296,107.6779818,65,Moderate,1,24.7,97,0.0,6.4,223,1004.1,99,27.6,29.6,264.0,16.9,14.0,4.8
2025-07-03 03:00:00,2025,7,3,3,Huế,Phường Phú Bài,16.409296,107.6779818,66,Moderate,1,24.5,96,0.0,5.3,246,1004.1,100,25.7,27.5,248.0,14.9,11.0,4.3
2025-07-03 04:00:00,2025,7,3,4,Huế,Phường Phú Bài,16.409296,107.6779818,66,Moderate,1,24.4,98,0.0,4.2,250,1004.3,100,23.8,25.6,246.0,13.0,12.0,4.2
2025-07-03 05:00:00,2025,7,3,5,Huế,Phường Phú Bài,16.409296,107.6779818,67,Moderate,1,24.5,97,0.0,5.6,249,1004.7,100,23.3,25.1,265.0,11.7,20.0,4.7
2025-07-03 06:00:00,2025,7,3,6,Huế,Phường Phú Bài,16.409296,107.6779818,67,Moderate,1,25.0,94,0.0,4.8,233,1004.9,100,22.7,24.7,298.0,10.6,34.0,5.5
2025-07-03 07:00:00,2025,7,3,7,Huế,Phường Phú Bài,16.409296,107.6779818,67,Moderate,1,26.9,88,0.0,3.3,279,1005.4,99,26.9,29.0,320.0,10.0,52.0,6.4
2025-07-03 08:00:00,2025,7,3,8,Huế,Phường Phú Bài,16.409296,107.6779818,68,Moderate,1,29.0,77,0.0,2.2,189,1005.8,100,28.5,30.9,316.0,9.3,61.0,7.0
2025-07-03 09:00:00,2025,7,3,9,Huế,Phường Phú Bài,16.409296,107.6779818,69,Moderate,1,29.0,78,0.0,2.2,48,1005.9,100,21.9,24.8,301.0,8.2,75.0,7.8
2025-07-03 10:00:00,2025,7,3,10,Huế,Phường Phú Bài,16.409296,107.6779818,70,Moderate,1,29.3,78,0.1,5.1,58,1006.3,100,22.0,24.4,292.0,7.1,89.0,8.4
2025-07-03 11:00:00,2025,7,3,11,Huế,Phường Phú Bài,16.409296,107.6779818,71,Moderate,1,29.0,79,3.4,5.8,88,1006.2,100,18.6,20.9,299.0,5.8,104.0,8.5
2025-07-03 12:00:00,2025,7,3,12,Huế,Phường Phú Bài,16.409296,107.6779818,72,Moderate,1,28.4,79,6.5,3.3,151,1005.5,100,19.3,21.5,312.0,4.3,119.0,8.4
2025-07-03 13:00:00,2025,7,3,13,Huế,Phường Phú Bài,16.409296,107.6779818,72,Moderate,1,28.8,79,0.1,4.8,195,1005.0,100,19.1,21.0,317.0,3.4,129.0,8.1
2025-07-03 14:00:00,2025,7,3,14,Huế,Phường Phú Bài,16.409296,107.6779818,73,Moderate,1,30.2,73,0.2,1.8,233,1004.1,100,17.1,18.7,301.0,2.8,131.0,7.4
2025-07-03 15:00:00,2025,7,3,15,Huế,Phường Phú Bài,16.409296,107.6779818,73,Moderate,1,30.7,71,0.1,0.6,124,1003.1,92,16.9,18.3,278.0,2.8,129.0,6.6
2025-07-03 16:00:00,2025,7,3,16,Huế,Phường Phú Bài,16.409296,107.6779818,74,Moderate,1,29.5,76,2.0,3.4,16,1003.0,96,15.9,17.1,276.0,4.1,120.0,6.3
2025-07-03 17:00:00,2025,7,3,17,Huế,Phường Phú Bài,16.409296,107.6779818,74,Moderate,1,27.0,88,6.6,5.6,25,1003.3,99,17.2,18.2,311.0,7.5,103.0,6.8
2025-07-03 18:00:00,2025,7,3,18,Huế,Phường Phú Bài,16.409296,107.6779818,74,Moderate,1,26.7,89,0.1,2.9,90,1003.9,98,18.6,19.4,367.0,12.4,81.0,7.7
2025-07-03 19:00:00,2025,7,3,19,Huế,Phường Phú Bài,16.409296,107.6779818,75,Moderate,1,26.2,94,0.0,4.0,148,1005.1,100,29.0,30.4,419.0,17.9,68.0,9.8
2025-07-03 20:00:00,2025,7,3,20,Huế,Phường Phú Bài,16.409296,107.6779818,75,Moderate,1,25.9,97,0.1,2.1,218,1005.7,100,33.5,34.7,452.0,21.4,55.0,11.3
2025-07-03 21:00:00,2025,7,3,21,Huế,Phường Phú Bài,16.409296,107.6779818,76,Moderate,1,25.9,97,0.1,1.7,238,1006.1,100,34.8,35.9,480.0,26.3,38.0,13.2
2025-07-03 22:00:00,2025,7,3,22,Huế,Phường Phú Bài,16.409296,107.6779818,76,Moderate,1,25.9,96,0.0,0.9,217,1006.3,100,34.9,35.9,527.0,30.1,24.0,14.5
2025-07-03 23:00:00,2025,7,3,23,Huế,Phường Phú Bài,16.409296,107.6779818,77,Moderate,1,25.6,97,0.0,4.7,223,1005.8,100,35.0,36.0,628.0,31.8,18.0,14.5
2025-07-04 00:00:00,2025,7,4,0,Huế,Phường Phú Bài,16.409296,107.6779818,77,Moderate,1,25.0,99,0.0,3.3,225,1006.0,100,33.5,34.5,748.0,32.5,16.0,13.8
2025-07-04 01:00:00,2025,7,4,1,Huế,Phường Phú Bài,16.409296,107.6779818,77,Moderate,1,24.8,99,0.0,3.5,208,1005.5,100,31.9,32.9,797.0,32.2,15.0,12.9
2025-07-04 02:00:00,2025,7,4,2,Huế,Phường Phú Bài,16.409296,107.6779818,77,Moderate,1,24.5,99,0.0,6.3,217,1004.4,100,29.0,30.0,712.0,31.3,12.0,11.9
2025-07-04 03:00:00,2025,7,4,3,Huế,Phường Phú Bài,16.409296,107.6779818,78,Moderate,1,24.0,98,0.0,4.6,228,1003.6,100,29.3,30.3,557.0,29.5,9.0,10.7
2025-07-04 04:00:00,2025,7,4,4,Huế,Phường Phú Bài,16.409296,107.6779818,78,Moderate,1,23.6,98,0.0,4.7,220,1003.5,100,28.8,29.7,436.0,26.4,13.0,9.6
2025-07-04 05:00:00,2025,7,4,5,Huế,Phường Phú Bài,16.409296,107.6779818,78,Moderate,1,23.4,97,0.0,5.9,227,1004.0,95,27.8,28.7,394.0,20.8,26.0,8.5
2025-07-04 06:00:00,2025,7,4,6,Huế,Phường Phú Bài,16.409296,107.6779818,79,Moderate,1,23.5,97,0.0,6.7,216,1004.8,97,27.5,28.4,386.0,13.9,44.0,7.4
2025-07-04 07:00:00,2025,7,4,7,Huế,Phường Phú Bài,16.409296,107.6779818,79,Moderate,1,25.2,95,0.0,4.9,188,1005.3,100,18.5,19.5,377.0,10.8,62.0,7.3
2025-07-04 08:00:00,2025,7,4,8,Huế,Phường Phú Bài,16.409296,107.6779818,78,Moderate,1,28.2,81,0.0,3.4,270,1005.3,100,14.1,14.8,355.0,8.5,83.0,7.8
2025-07-04 09:00:00,2025,7,4,9,Huế,Phường Phú Bài,16.409296,107.6779818,77,Moderate,1,30.0,71,0.0,2.6,309,1005.6,98,11.6,12.5,331.0,5.3,111.0,8.5
2025-07-04 10:00:00,2025,7,4,10,Huế,Phường Phú Bài,16.409296,107.6779818,76,Moderate,1,31.2,64,0.0,2.2,325,1005.4,100,11.2,12.0,308.0,2.9,130.0,8.5
2025-07-04 11:00:00,2025,7,4,11,Huế,Phường Phú Bài,16.409296,107.6779818,75,Moderate,1,32.0,65,0.0,5.6,4,1005.0,100,10.0,10.7,283.0,2.0,130.0,7.1
2025-07-04 12:00:00,2025,7,4,12,Huế,Phường Phú Bài,16.409296,107.6779818,75,Moderate,1,30.4,72,4.2,8.3,27,1004.2,100,8.8,9.3,259.0,1.9,121.0,5.0
2025-07-04 13:00:00,2025,7,4,13,Huế,Phường Phú Bài,16.409296,107.6779818,74,Moderate,1,31.0,71,0.2,4.4,9,1003.4,100,7.0,7.4,245.0,2.1,112.0,3.6
2025-07-04 14:00:00,2025,7,4,14,Huế,Phường Phú Bài,16.409296,107.6779818,73,Moderate,1,27.4,85,8.6,3.8,41,1003.4,100,7.3,7.7,242.0,2.3,106.0,3.4
2025-07-04 15:00:00,2025,7,4,15,Huế,Phường Phú Bài,16.409296,107.6779818,72,Moderate,1,27.1,87,1.6,5.6,186,1002.9,100,7.9,8.3,250.0,2.9,101.0,3.9
2025-07-04 16:00:00,2025,7,4,16,Huế,Phường Phú Bài,16.409296,107.6779818,71,Moderate,1,27.0,89,0.2,5.0,178,1002.4,100,8.9,9.3,280.0,4.7,94.0,4.8
2025-07-04 17:00:00,2025,7,4,17,Huế,Phường Phú Bài,16.409296,107.6779818,70,Moderate,1,28.0,83,0.1,3.4,162,1002.1,100,12.9,13.3,350.0,8.6,86.0,6.2
2025-07-04 18:00:00,2025,7,4,18,Huế,Phường Phú Bài,16.409296,107.6779818,70,Moderate,1,27.6,86,0.0,3.8,205,1002.4,100,14.1,14.5,443.0,13.8,77.0,8.1
2025-07-04 19:00:00,2025,7,4,19,Huế,Phường Phú Bài,16.409296,107.6779818,69,Moderate,1,26.8,92,0.0,0.6,288,1003.1,100,30.3,31.0,516.0,17.3,84.0,10.5
2025-07-04 20:00:00,2025,7,4,20,Huế,Phường Phú Bài,16.409296,107.6779818,70,Moderate,1,25.9,99,0.0,3.5,235,1004.0,100,36.4,37.0,552.0,20.1,68.0,10.9
2025-07-04 21:00:00,2025,7,4,21,Huế,Phường Phú Bài,16.409296,107.6779818,70,Moderate,1,25.8,99,0.0,2.8,207,1004.7,100,38.3,38.8,569.0,23.8,45.0,11.4
2025-07-04 22:00:00,2025,7,4,22,Huế,Phường Phú Bài,16.409296,107.6779818,70,Moderate,1,25.6,99,0.0,2.7,217,1005.2,44,41.0,41.3,578.0,26.2,29.0,11.3
2025-07-04 23:00:00,2025,7,4,23,Huế,Phường Phú Bài,16.409296,107.6779818,71,Moderate,1,25.5,99,0.0,1.3,225,1004.9,67,43.2,43.5,588.0,26.2,25.0,10.2
2025-07-05 00:00:00,2025,7,5,0,Huế,Phường Phú Bài,16.409296,107.6779818,71,Moderate,1,25.1,99,0.0,2.2,228,1004.6,89,42.3,42.6,590.0,24.9,27.0,8.6
2025-07-05 01:00:00,2025,7,5,1,Huế,Phường Phú Bài,16.409296,107.6779818,72,Moderate,1,24.8,99,0.0,2.2,215,1004.2,100,32.2,32.6,569.0,22.5,29.0,7.2
2025-07-05 02:00:00,2025,7,5,2,Huế,Phường Phú Bài,16.409296,107.6779818,72,Moderate,1,24.7,99,0.0,5.1,197,1003.2,100,18.9,19.2,503.0,18.5,28.0,6.1
2025-07-05 03:00:00,2025,7,5,3,Huế,Phường Phú Bài,16.409296,107.6779818,71,Moderate,1,24.3,99,0.0,5.0,195,1003.0,100,16.6,16.9,413.0,13.4,26.0,5.1
2025-07-05 04:00:00,2025,7,5,4,Huế,Phường Phú Bài,16.409296,107.6779818,70,Moderate,1,24.0,99,0.0,6.7,218,1003.0,100,16.5,16.9,349.0,9.7,27.0,4.6
2025-07-05 05:00:00,2025,7,5,5,Huế,Phường Phú Bài,16.409296,107.6779818,69,Moderate,1,24.0,97,0.0,3.2,227,1003.1,100,17.8,18.1,339.0,8.6,30.0,4.8
2025-07-05 06:00:00,2025,7,5,6,Huế,Phường Phú Bài,16.409296,107.6779818,68,Moderate,1,24.1,97,0.0,5.1,207,1003.2,100,19.3,19.6,355.0,8.8,35.0,5.4
2025-07-05 07:00:00,2025,7,5,7,Huế,Phường Phú Bài,16.409296,107.6779818,67,Moderate,1,25.5,96,0.0,2.5,210,1004.1,100,18.7,19.0,359.0,9.5,54.0,7.2
2025-07-05 08:00:00,2025,7,5,8,Huế,Phường Phú Bài,16.409296,107.6779818,67,Moderate,1,28.0,87,0.0,2.2,171,1004.4,100,13.8,14.3,329.0,7.7,77.0,7.8
2025-07-05 09:00:00,2025,7,5,9,Huế,Phường Phú Bài,16.409296,107.6779818,67,Moderate,1,29.8,77,0.0,3.1,234,1004.4,100,11.2,11.4,288.0,5.3,109.0,8.5
2025-07-05 10:00:00,2025,7,5,10,Huế,Phường Phú Bài,16.409296,107.6779818,67,Moderate,1,31.5,66,0.0,4.0,267,1003.7,100,10.6,10.8,258.0,3.4,131.0,8.5
2025-07-05 11:00:00,2025,7,5,11,Huế,Phường Phú Bài,16.409296,107.6779818,67,Moderate,1,32.5,63,0.0,4.4,330,1003.2,100,11.0,11.3,249.0,2.4,134.0,7.1
2025-07-05 12:00:00,2025,7,5,12,Huế,Phường Phú Bài,16.409296,107.6779818,67,Moderate,1,31.5,71,3.6,7.6,12,1002.2,99,10.4,10.8,252.0,2.0,126.0,5.1
2025-07-05 13:00:00,2025,7,5,13,Huế,Phường Phú Bài,16.409296,107.6779818,68,Moderate,1,30.5,74,2.3,2.8,101,1001.9,100,9.9,10.5,267.0,2.4,115.0,3.7
2025-07-05 14:00:00,2025,7,5,14,Huế,Phường Phú Bài,16.409296,107.6779818,68,Moderate,1,29.2,80,1.4,4.0,333,1001.7,99,11.9,12.5,298.0,4.0,101.0,3.7
2025-07-05 15:00:00,2025,7,5,15,Huế,Phường Phú Bài,16.409296,107.6779818,68,Moderate,1,29.6,80,0.2,2.7,118,1001.1,100,12.7,13.2,342.0,6.4,84.0,4.4
2025-07-05 16:00:00,2025,7,5,16,Huế,Phường Phú Bài,16.409296,107.6779818,69,Moderate,1,29.5,81,0.2,3.7,101,1001.0,100,16.6,17.1,388.0,9.3,69.0,5.3
2025-07-05 17:00:00,2025,7,5,17,Huế,Phường Phú Bài,16.409296,107.6779818,69,Moderate,1,28.2,83,4.5,1.8,180,1001.7,100,19.3,19.7,427.0,13.1,60.0,6.5
2025-07-05 18:00:00,2025,7,5,18,Huế,Phường Phú Bài,16.409296,107.6779818,70,Moderate,1,27.2,93,0.1,1.8,233,1002.0,100,23.8,24.2,467.0,17.2,54.0,7.9
2025-07-05 19:00:00,2025,7,5,19,Huế,Phường Phú Bài,16.409296,107.6779818,71,Moderate,1,26.6,97,0.0,2.1,218,1002.9,100,26.1,27.1,525.0,16.2,70.0,9.6
2025-07-05 20:00:00,2025,7,5,20,Huế,Phường Phú Bài,16.409296,107.6779818,70,Moderate,1,25.4,98,2.0,5.7,99,1004.1,100,28.9,29.6,632.0,18.8,59.0,10.3
2025-07-05 21:00:00,2025,7,5,21,Huế,Phường Phú Bài,16.409296,107.6779818,70,Moderate,1,25.1,99,2.2,7.0,122,1005.1,100,31.2,31.9,757.0,22.2,43.0,11.3
2025-07-05 22:00:00,2025,7,5,22,Huế,Phường Phú Bài,16.409296,107.6779818,69,Moderate,1,25.0,99,1.3,5.7,136,1005.4,100,35.3,35.9,816.0,24.2,31.0,11.5
2025-07-05 23:00:00,2025,7,5,23,Huế,Phường Phú Bài,16.409296,107.6779818,69,Moderate,1,25.0,100,0.4,3.1,220,1004.8,100,39.1,39.7,756.0,23.6,26.0,10.4
2025-07-06 00:00:00,2025,7,6,0,Huế,Phường Phú Bài,16.409296,107.6779818,68,Moderate,1,24.9,100,0.1,1.7,58,1004.1,100,35.2,35.9,630.0,21.5,24.0,8.5
2025-07-06 01:00:00,2025,7,6,1,Huế,Phường Phú Bài,16.409296,107.6779818,68,Moderate,1,24.9,100,0.0,4.2,160,1003.3,100,29.7,30.5,517.0,18.8,24.0,6.9
2025-07-06 02:00:00,2025,7,6,2,Huế,Phường Phú Bài,16.409296,107.6779818,67,Moderate,1,25.0,99,0.1,2.7,217,1003.5,100,24.5,25.4,438.0,15.2,24.0,5.9
2025-07-06 03:00:00,2025,7,6,3,Huế,Phường Phú Bài,16.409296,107.6779818,68,Moderate,1,25.0,99,0.1,1.7,221,1003.1,100,21.1,22.0,372.0,10.9,26.0,5.1
2025-07-06 04:00:00,2025,7,6,4,Huế,Phường Phú Bài,16.409296,107.6779818,68,Moderate,1,25.0,99,0.0,1.2,141,1003.0,100,17.3,18.1,337.0,7.9,29.0,4.6
2025-07-06 05:00:00,2025,7,6,5,Huế,Phường Phú Bài,16.409296,107.6779818,68,Moderate,1,25.0,99,0.0,1.5,277,1003.1,100,15.7,16.4,358.0,7.3,30.0,4.5
2025-07-06 06:00:00,2025,7,6,6,Huế,Phường Phú Bài,16.409296,107.6779818,68,Moderate,1,25.2,98,0.0,4.5,214,1003.4,100,16.8,17.5,410.0,7.9,33.0,4.8
2025-07-06 07:00:00,2025,7,6,7,Huế,Phường Phú Bài,16.409296,107.6779818,68,Moderate,1,26.0,95,0.0,6.2,213,1003.8,99,19.0,19.7,430.0,9.2,28.0,5.1
2025-07-06 08:00:00,2025,7,6,8,Huế,Phường Phú Bài,16.409296,107.6779818,68,Moderate,1,27.9,88,0.0,3.0,205,1004.4,100,19.6,20.4,379.0,7.4,55.0,5.8
2025-07-06 09:00:00,2025,7,6,9,Huế,Phường Phú Bài,16.409296,107.6779818,69,Moderate,1,29.4,78,0.0,2.3,203,1004.3,100,18.0,19.1,297.0,5.0,93.0,6.8
2025-07-06 10:00:00,2025,7,6,10,Huế,Phường Phú Bài,16.409296,107.6779818,69,Moderate,1,31.6,65,0.0,4.1,232,1004.0,100,15.9,17.1,242.0,3.2,123.0,7.3
2025-07-06 11:00:00,2025,7,6,11,Huế,Phường Phú Bài,16.409296,107.6779818,70,Moderate,1,32.8,59,0.0,5.2,241,1003.5,100,14.4,15.4,244.0,2.7,137.0,7.0
2025-07-06 12:00:00,2025,7,6,12,Huế,Phường Phú Bài,16.409296,107.6779818,70,Moderate,1,33.5,57,0.0,5.3,305,1003.0,100,14.8,15.7,272.0,2.8,143.0,6.4
2025-07-06 13:00:00,2025,7,6,13,Huế,Phường Phú Bài,16.409296,107.6779818,70,Moderate,1,30.5,74,3.4,7.4,6,1002.5,100,16.8,17.8,295.0,3.1,144.0,5.9
2025-07-06 14:00:00,2025,7,6,14,Huế,Phường Phú Bài,16.409296,107.6779818,71,Moderate,1,30.6,75,0.0,5.4,60,1001.9,100,19.6,20.6,298.0,3.2,140.0,5.7
2025-07-06 15:00:00,2025,7,6,15,Huế,Phường Phú Bài,16.409296,107.6779818,72,Moderate,1,30.1,82,0.8,2.9,94,1001.3,100,20.7,21.7,295.0,3.4,130.0,5.7
2025-07-06 16:00:00,2025,7,6,16,Huế,Phường Phú Bài,16.409296,107.6779818,72,Moderate,1,29.9,77,0.9,6.7,90,1001.4,100,18.9,19.7,299.0,5.1,118.0,6.1
2025-07-06 17:00:00,2025,7,6,17,Huế,Phường Phú Bài,16.409296,107.6779818,85,Moderate,1,29.8,77,0.0,7.9,90,1001.9,100,19.3,19.9,295.0,9.5,104.0,7.4
2025-07-06 18:00:00,2025,7,6,18,Huế,Phường Phú Bài,16.409296,107.6779818,88,Moderate,1,29.0,81,0.0,6.7,93,1002.5,100,24.4,24.9,297.0,15.3,89.0,9.2
2025-07-06 19:00:00,2025,7,6,19,Huế,Phường Phú Bài,16.409296,107.6779818,80,Moderate,1,28.0,87,0.0,4.2,83,1003.2,96,21.8,22.4,358.0,16.7,59.0,8.1
2025-07-06 20:00:00,2025,7,6,20,Huế,Phường Phú Bài,16.409296,107.6779818,72,Moderate,1,27.9,89,0.0,2.2,175,1003.7,100,24.7,25.2,559.0,16.9,52.0,8.1
2025-07-06 21:00:00,2025,7,6,21,Huế,Phường Phú Bài,16.409296,107.6779818,72,Moderate,1,27.6,90,0.0,1.1,189,1004.6,99,26.6,27.0,819.0,17.3,41.0,8.1
2025-07-06 22:00:00,2025,7,6,22,Huế,Phường Phú Bài,16.409296,107.6779818,71,Moderate,1,27.5,92,0.0,1.5,173,1005.4,100,25.5,25.9,950.0,17.6,32.0,7.9
2025-07-06 23:00:00,2025,7,6,23,Huế,Phường Phú Bài,16.409296,107.6779818,71,Moderate,1,26.9,95,0.0,3.0,205,1005.2,100,25.5,25.8,830.0,17.9,25.0,7.4
2025-07-07 00:00:00,2025,7,7,0,Huế,Phường Phú Bài,16.409296,107.6779818,69,Moderate,1,26.5,96,0.0,5.3,198,1004.9,100,26.2,26.5,581.0,18.1,19.0,6.8
2025-07-07 01:00:00,2025,7,7,1,Huế,Phường Phú Bài,16.409296,107.6779818,69,Moderate,1,26.0,94,0.0,6.0,231,1004.1,100,26.7,27.0,384.0,18.1,15.0,6.2
2025-07-07 02:00:00,2025,7,7,2,Huế,Phường Phú Bài,16.409296,107.6779818,68,Moderate,1,25.6,89,0.0,7.5,240,1003.7,100,28.2,28.5,307.0,18.0,11.0,5.6
2025-07-07 03:00:00,2025,7,7,3,Huế,Phường Phú Bài,16.409296,107.6779818,69,Moderate,1,25.5,87,0.0,5.1,198,1003.5,100,29.1,29.4,282.0,17.6,8.0,4.9
2025-07-07 04:00:00,2025,7,7,4,Huế,Phường Phú Bài,16.409296,107.6779818,69,Moderate,1,25.1,88,0.0,5.3,208,1003.8,100,28.0,28.2,285.0,16.4,10.0,4.6
2025-07-07 05:00:00,2025,7,7,5,Huế,Phường Phú Bài,16.409296,107.6779818,70,Moderate,1,24.9,89,0.0,4.8,228,1003.8,100,23.8,24.0,330.0,13.8,20.0,4.6
2025-07-07 06:00:00,2025,7,7,6,Huế,Phường Phú Bài,16.409296,107.6779818,71,Moderate,1,25.0,89,0.0,6.7,226,1004.1,100,22.3,22.6,402.0,10.4,35.0,4.9
2025-07-07 07:00:00,2025,7,7,7,Huế,Phường Phú Bài,16.409296,107.6779818,71,Moderate,1,27.1,85,0.0,4.5,233,1004.4,100,21.8,22.3,434.0,9.7,60.0,6.5
2025-07-07 08:00:00,2025,7,7,8,Huế,Phường Phú Bài,16.409296,107.6779818,72,Moderate,1,30.4,73,0.0,2.3,180,1004.6,99,16.8,17.2,377.0,7.9,84.0,7.3
2025-07-07 09:00:00,2025,7,7,9,Huế,Phường Phú Bài,16.409296,107.6779818,71,Moderate,1,32.0,60,0.0,1.3,164,1004.5,93,15.5,16.0,280.0,5.3,117.0,8.3
2025-07-07 10:00:00,2025,7,7,10,Huế,Phường Phú Bài,16.409296,107.6779818,71,Moderate,1,33.1,57,0.0,4.6,228,1004.9,100,13.1,13.9,216.0,3.4,140.0,8.7
2025-07-07 11:00:00,2025,7,7,11,Huế,Phường Phú Bài,16.409296,107.6779818,71,Moderate,1,33.8,56,0.0,4.3,272,1004.2,83,12.1,13.2,228.0,2.6,145.0,7.7
2025-07-07 12:00:00,2025,7,7,12,Huế,Phường Phú Bài,16.409296,107.6779818,71,Moderate,1,34.0,57,0.0,6.9,311,1003.3,97,12.4,13.8,274.0,2.5,140.0,6.1
2025-07-07 13:00:00,2025,7,7,13,Huế,Phường Phú Bài,16.409296,107.6779818,71,Moderate,1,33.5,60,0.0,6.6,17,1002.1,99,12.9,14.2,303.0,2.7,136.0,5.0
2025-07-07 14:00:00,2025,7,7,14,Huế,Phường Phú Bài,16.409296,107.6779818,70,Moderate,1,31.9,69,0.2,11.9,80,1001.4,96,15.2,16.3,291.0,3.1,139.0,5.1
2025-07-07 15:00:00,2025,7,7,15,Huế,Phường Phú Bài,16.409296,107.6779818,71,Moderate,1,31.5,68,0.2,11.0,96,1000.7,93,17.1,18.1,262.0,3.8,144.0,5.9
2025-07-07 16:00:00,2025,7,7,16,Huế,Phường Phú Bài,16.409296,107.6779818,89,Moderate,1,31.7,66,0.0,9.4,108,1000.6,98,18.3,19.2,244.0,4.9,141.0,6.6
2025-07-07 17:00:00,2025,7,7,17,Huế,Phường Phú Bài,16.409296,107.6779818,101,Unhealthy for Sensitive Groups,2,31.3,69,0.0,10.6,93,1000.9,90,19.7,20.5,227.0,6.8,126.0,7.3
2025-07-07 18:00:00,2025,7,7,18,Huế,Phường Phú Bài,16.409296,107.6779818,103,Unhealthy for Sensitive Groups,2,30.0,76,0.0,5.9,72,1001.8,100,22.1,22.8,222.0,9.1,104.0,8.0
2025-07-07 19:00:00,2025,7,7,19,Huế,Phường Phú Bài,16.409296,107.6779818,95,Moderate,1,29.0,81,0.0,3.4,58,1002.8,100,23.3,25.0,282.0,13.0,106.0,8.2
2025-07-07 20:00:00,2025,7,7,20,Huế,Phường Phú Bài,16.409296,107.6779818,87,Moderate,1,28.5,83,0.0,2.1,200,1003.5,34,25.8,27.4,496.0,13.3,103.0,8.9
2025-07-07 21:00:00,2025,7,7,21,Huế,Phường Phú Bài,16.409296,107.6779818,79,Moderate,1,27.9,87,0.0,2.1,255,1004.3,90,27.0,28.6,776.0,13.8,97.0,9.7
2025-07-07 22:00:00,2025,7,7,22,Huế,Phường Phú Bài,16.409296,107.6779818,71,Moderate,1,27.3,91,0.0,3.0,218,1004.8,85,28.6,30.2,916.0,14.0,87.0,10.0
2025-07-07 23:00:00,2025,7,7,23,Huế,Phường Phú Bài,16.409296,107.6779818,70,Moderate,1,27.0,94,0.0,5.7,233,1004.6,57,29.7,31.2,780.0,14.0,69.0,9.2
2025-07-08 00:00:00,2025,7,8,0,Huế,Phường Phú Bài,16.409296,107.6779818,70,Moderate,1,26.6,90,0.0,7.6,225,1004.4,100,27.4,28.7,505.0,13.8,46.0,7.7
2025-07-08 01:00:00,2025,7,8,1,Huế,Phường Phú Bài,16.409296,107.6779818,70,Moderate,1,26.3,83,0.0,7.8,222,1003.6,99,24.5,25.7,292.0,13.3,29.0,6.4
2025-07-08 02:00:00,2025,7,8,2,Huế,Phường Phú Bài,16.409296,107.6779818,70,Moderate,1,26.0,81,0.0,8.8,223,1002.8,95,21.8,22.9,223.0,12.1,20.0,5.4
2025-07-08 03:00:00,2025,7,8,3,Huế,Phường Phú Bài,16.409296,107.6779818,70,Moderate,1,25.8,81,0.0,8.3,229,1002.7,98,19.2,20.2,216.0,10.6,17.0,4.6
2025-07-08 04:00:00,2025,7,8,4,Huế,Phường Phú Bài,16.409296,107.6779818,69,Moderate,1,25.5,81,0.0,8.4,228,1003.1,100,16.0,17.2,230.0,9.3,18.0,4.1
2025-07-08 05:00:00,2025,7,8,5,Huế,Phường Phú Bài,16.409296,107.6779818,68,Moderate,1,25.7,79,0.0,7.2,207,1003.2,100,14.5,15.5,270.0,8.6,24.0,4.1
2025-07-08 06:00:00,2025,7,8,6,Huế,Phường Phú Bài,16.409296,107.6779818,67,Moderate,1,25.8,81,0.0,6.8,209,1003.0,100,14.0,14.8,330.0,8.1,34.0,4.4
2025-07-08 07:00:00,2025,7,8,7,Huế,Phường Phú Bài,16.409296,107.6779818,66,Moderate,1,27.6,79,0.0,7.9,204,1003.6,99,19.6,21.1,356.0,8.3,50.0,5.5
2025-07-08 08:00:00,2025,7,8,8,Huế,Phường Phú Bài,16.409296,107.6779818,66,Moderate,1,30.0,70,0.0,8.1,209,1004.3,100,15.5,17.1,307.0,6.7,67.0,5.3
2025-07-08 09:00:00,2025,7,8,9,Huế,Phường Phú Bài,16.409296,107.6779818,66,Moderate,1,31.7,60,0.0,10.0,216,1004.1,100,12.7,13.9,223.0,4.4,90.0,4.9
2025-07-08 10:00:00,2025,7,8,10,Huế,Phường Phú Bài,16.409296,107.6779818,65,Moderate,1,32.8,58,0.0,10.8,222,1003.7,100,8.2,8.8,170.0,2.6,105.0,4.4
2025-07-08 11:00:00,2025,7,8,11,Huế,Phường Phú Bài,16.409296,107.6779818,65,Moderate,1,34.3,53,0.0,10.3,247,1003.1,100,5.2,5.5,182.0,1.7,103.0,3.6
2025-07-08 12:00:00,2025,7,8,12,Huế,Phường Phú Bài,16.409296,107.6779818,64,Moderate,1,34.3,55,0.5,11.0,298,1002.6,100,3.7,4.1,224.0,1.3,91.0,2.5
2025-07-08 13:00:00,2025,7,8,13,Huế,Phường Phú Bài,16.409296,107.6779818,64,Moderate,1,34.3,60,0.0,8.0,335,1001.8,100,2.9,3.3,257.0,1.2,81.0,1.8
2025-07-08 14:00:00,2025,7,8,14,Huế,Phường Phú Bài,16.409296,107.6779818,63,Moderate,1,34.5,57,0.0,4.2,47,1000.7,100,2.7,3.2,257.0,0.7,74.0,1.3
2025-07-08 15:00:00,2025,7,8,15,Huế,Phường Phú Bài,16.409296,107.6779818,62,Moderate,1,33.2,66,0.1,8.8,95,999.6,100,2.8,3.4,248.0,0.4,67.0,1.1
2025-07-08 16:00:00,2025,7,8,16,Huế,Phường Phú Bài,16.409296,107.6779818,60,Moderate,1,32.8,70,0.3,6.2,98,999.1,100,3.4,4.0,257.0,2.0,65.0,1.7
2025-07-08 17:00:00,2025,7,8,17,Huế,Phường Phú Bài,16.409296,107.6779818,59,Moderate,1,32.0,73,0.1,6.0,97,999.2,100,9.0,9.7,316.0,7.0,72.0,3.7
2025-07-08 18:00:00,2025,7,8,18,Huế,Phường Phú Bài,16.409296,107.6779818,58,Moderate,1,30.8,85,0.0,2.4,216,1000.5,100,15.9,16.5,394.0,13.8,83.0,6.6
2025-07-08 19:00:00,2025,7,8,19,Huế,Phường Phú Bài,16.409296,107.6779818,58,Moderate,1,30.1,72,0.0,6.1,212,1001.1,100,15.0,17.2,427.0,14.0,43.0,5.9
2025-07-08 20:00:00,2025,7,8,20,Huế,Phường Phú Bài,16.409296,107.6779818,57,Moderate,1,29.3,78,0.0,7.4,214,1002.2,100,21.9,24.0,369.0,20.4,36.0,9.4
2025-07-08 21:00:00,2025,7,8,21,Huế,Phường Phú Bài,16.409296,107.6779818,56,Moderate,1,29.4,66,0.0,10.5,207,1003.0,100,27.7,29.7,267.0,29.1,27.0,14.1
2025-07-08 22:00:00,2025,7,8,22,Huế,Phường Phú Bài,16.409296,107.6779818,57,Moderate,1,29.2,64,0.0,9.9,235,1003.4,90,32.0,34.2,191.0,34.4,20.0,16.8
2025-07-08 23:00:00,2025,7,8,23,Huế,Phường Phú Bài,16.409296,107.6779818,57,Moderate,1,28.7,67,0.0,7.4,241,1003.5,100,34.0,37.4,176.0,33.6,18.0,15.8
2025-07-09 00:00:00,2025,7,9,0,Huế,Phường Phú Bài,16.409296,107.6779818,57,Moderate,1,28.5,69,0.0,8.5,216,1003.1,100,31.3,35.3,189.0,29.4,19.0,12.7
2025-07-09 01:00:00,2025,7,9,1,Huế,Phường Phú Bài,16.409296,107.6779818,58,Moderate,1,28.3,70,0.0,9.3,205,1002.4,100,24.3,28.0,200.0,24.2,22.0,9.7
2025-07-09 02:00:00,2025,7,9,2,Huế,Phường Phú Bài,16.409296,107.6779818,58,Moderate,1,27.9,71,0.0,9.4,223,1002.2,100,15.5,18.7,195.0,18.0,27.0,7.1
2025-07-09 03:00:00,2025,7,9,3,Huế,Phường Phú Bài,16.409296,107.6779818,57,Moderate,1,27.5,73,0.1,7.5,237,1002.1,100,10.7,13.6,189.0,10.8,34.0,4.6
2025-07-09 04:00:00,2025,7,9,4,Huế,Phường Phú Bài,16.409296,107.6779818,56,Moderate,1,27.0,77,0.4,8.1,238,1001.9,100,6.4,9.2,196.0,5.4,40.0,2.7
2025-07-09 05:00:00,2025,7,9,5,Huế,Phường Phú Bài,16.409296,107.6779818,55,Moderate,1,26.5,82,0.2,6.6,233,1001.8,100,3.4,5.6,233.0,3.2,45.0,1.8
2025-07-09 06:00:00,2025,7,9,6,Huế,Phường Phú Bài,16.409296,107.6779818,54,Moderate,1,26.5,84,0.0,8.2,213,1002.4,100,2.9,4.9,282.0,2.8,51.0,1.6
2025-07-09 07:00:00,2025,7,9,7,Huế,Phường Phú Bài,16.409296,107.6779818,53,Moderate,1,27.8,79,0.0,9.3,229,1002.4,100,2.3,3.4,305.0,3.5,50.0,2.1
2025-07-09 08:00:00,2025,7,9,8,Huế,Phường Phú Bài,16.409296,107.6779818,52,Moderate,1,30.4,70,0.0,6.9,263,1002.7,100,3.4,4.8,277.0,3.1,55.0,2.2
2025-07-09 09:00:00,2025,7,9,9,Huế,Phường Phú Bài,16.409296,107.6779818,51,Moderate,1,31.8,63,0.0,7.7,249,1003.0,95,4.0,5.4,222.0,2.6,62.0,2.2
2025-07-09 10:00:00,2025,7,9,10,Huế,Phường Phú Bài,16.409296,107.6779818,50,Good,0,33.2,58,0.0,12.0,246,1002.8,98,4.0,5.8,179.0,2.1,67.0,2.2
2025-07-09 11:00:00,2025,7,9,11,Huế,Phường Phú Bài,16.409296,107.6779818,49,Good,0,33.5,53,0.0,17.1,245,1001.9,97,3.6,6.0,162.0,1.8,69.0,1.9
2025-07-09 12:00:00,2025,7,9,12,Huế,Phường Phú Bài,16.409296,107.6779818,49,Good,0,33.8,52,0.0,16.7,259,1001.4,100,4.1,8.0,156.0,1.5,69.0,1.6
2025-07-09 13:00:00,2025,7,9,13,Huế,Phường Phú Bài,16.409296,107.6779818,49,Good,0,34.0,51,0.0,14.5,259,1000.5,100,4.7,8.9,155.0,1.4,69.0,1.3
2025-07-09 14:00:00,2025,7,9,14,Huế,Phường Phú Bài,16.409296,107.6779818,49,Good,0,33.7,53,0.0,12.7,262,999.4,100,4.9,8.3,157.0,1.0,71.0,1.1
2025-07-09 15:00:00,2025,7,9,15,Huế,Phường Phú Bài,16.409296,107.6779818,50,Good,0,34.2,52,0.0,11.6,257,998.1,99,5.9,9.9,164.0,0.7,72.0,1.0
2025-07-09 16:00:00,2025,7,9,16,Huế,Phường Phú Bài,16.409296,107.6779818,50,Good,0,34.2,51,0.0,11.6,257,997.5,97,7.2,12.4,177.0,1.6,71.0,1.3
2025-07-09 17:00:00,2025,7,9,17,Huế,Phường Phú Bài,16.409296,107.6779818,51,Moderate,1,33.5,56,0.0,8.3,259,997.8,100,9.3,15.8,202.0,4.8,64.0,2.4
2025-07-09 18:00:00,2025,7,9,18,Huế,Phường Phú Bài,16.409296,107.6779818,51,Moderate,1,31.4,65,0.0,5.7,229,998.8,100,12.0,19.6,233.0,9.2,55.0,3.9
2025-07-09 19:00:00,2025,7,9,19,Huế,Phường Phú Bài,16.409296,107.6779818,50,Good,0,30.8,61,0.0,14.0,203,1000.0,100,10.0,16.1,250.0,4.7,56.0,2.6
2025-07-09 20:00:00,2025,7,9,20,Huế,Phường Phú Bài,16.409296,107.6779818,50,Good,0,29.0,68,0.0,5.7,215,1000.2,100,9.4,15.5,242.0,4.1,57.0,2.5
2025-07-09 21:00:00,2025,7,9,21,Huế,Phường Phú Bài,16.409296,107.6779818,47,Good,0,29.1,64,0.0,7.2,193,1000.9,100,9.4,16.4,220.0,3.4,58.0,2.3
2025-07-09 22:00:00,2025,7,9,22,Huế,Phường Phú Bài,16.409296,107.6779818,44,Good,0,29.0,63,0.0,8.4,199,1001.6,100,10.1,18.1,199.0,2.7,60.0,2.1
2025-07-09 23:00:00,2025,7,9,23,Huế,Phường Phú Bài,16.409296,107.6779818,40,Good,0,28.6,64,0.0,8.0,194,1001.0,100,10.7,19.1,183.0,2.3,63.0,1.9
2025-07-10 00:00:00,2025,7,10,0,Huế,Phường Phú Bài,16.409296,107.6779818,36,Good,0,28.6,65,0.0,11.6,199,1000.3,100,9.8,16.5,169.0,2.0,66.0,1.6
2025-07-10 01:00:00,2025,7,10,1,Huế,Phường Phú Bài,16.409296,107.6779818,33,Good,0,28.1,68,0.0,9.8,221,999.9,100,8.4,13.3,161.0,1.8,68.0,1.4
2025-07-10 02:00:00,2025,7,10,2,Huế,Phường Phú Bài,16.409296,107.6779818,30,Good,0,27.9,70,0.0,6.7,204,999.2,100,7.4,11.5,161.0,1.6,69.0,1.2
2025-07-10 03:00:00,2025,7,10,3,Huế,Phường Phú Bài,16.409296,107.6779818,29,Good,0,27.4,76,0.0,2.9,184,998.6,100,6.7,10.3,167.0,1.4,69.0,1.1
2025-07-10 04:00:00,2025,7,10,4,Huế,Phường Phú Bài,16.409296,107.6779818,30,Good,0,27.4,74,0.0,2.5,120,998.3,100,7.2,11.2,179.0,1.4,68.0,1.1
2025-07-10 05:00:00,2025,7,10,5,Huế,Phường Phú Bài,16.409296,107.6779818,30,Good,0,26.6,78,0.0,3.4,122,998.6,100,9.1,13.6,202.0,1.7,66.0,1.2
2025-07-10 06:00:00,2025,7,10,6,Huế,Phường Phú Bài,16.409296,107.6779818,31,Good,0,26.8,79,0.0,6.6,151,998.6,100,10.7,15.2,229.0,2.1,63.0,1.3
2025-07-10 07:00:00,2025,7,10,7,Huế,Phường Phú Bài,16.409296,107.6779818,31,Good,0,28.6,74,0.0,6.5,174,999.0,100,5.7,8.7,244.0,2.9,62.0,2.1
2025-07-10 08:00:00,2025,7,10,8,Huế,Phường Phú Bài,16.409296,107.6779818,31,Good,0,31.0,64,0.0,9.9,237,999.8,100,4.6,6.2,234.0,2.6,65.0,2.1
2025-07-10 09:00:00,2025,7,10,9,Huế,Phường Phú Bài,16.409296,107.6779818,31,Good,0,32.2,60,0.0,8.2,256,999.8,100,4.2,5.6,210.0,2.2,70.0,2.1
2025-07-10 10:00:00,2025,7,10,10,Huế,Phường Phú Bài,16.409296,107.6779818,31,Good,0,33.2,58,0.1,11.8,262,1000.3,100,3.5,4.7,190.0,1.8,74.0,2.0
2025-07-10 11:00:00,2025,7,10,11,Huế,Phường Phú Bài,16.409296,107.6779818,31,Good,0,33.7,54,0.1,15.7,267,999.8,100,3.8,4.8,177.0,1.5,76.0,1.8
2025-07-10 12:00:00,2025,7,10,12,Huế,Phường Phú Bài,16.409296,107.6779818,32,Good,0,34.5,52,0.0,13.4,266,999.3,100,4.7,6.1,167.0,1.3,78.0,1.6
2025-07-10 13:00:00,2025,7,10,13,Huế,Phường Phú Bài,16.409296,107.6779818,32,Good,0,34.5,51,0.0,14.2,269,998.6,100,5.6,7.4,162.0,1.3,80.0,1.5
2025-07-10 14:00:00,2025,7,10,14,Huế,Phường Phú Bài,16.409296,107.6779818,33,Good,0,34.7,49,0.0,14.7,264,997.5,100,6.5,8.8,143.0,1.3,83.0,1.5
2025-07-10 15:00:00,2025,7,10,15,Huế,Phường Phú Bài,16.409296,107.6779818,34,Good,0,34.4,47,0.0,15.0,264,996.2,100,7.6,10.2,129.0,1.4,86.0,1.5
2025-07-10 16:00:00,2025,7,10,16,Huế,Phường Phú Bài,16.409296,107.6779818,35,Good,0,33.7,49,0.0,11.9,270,995.3,100,8.7,11.6,184.0,2.2,85.0,1.8
2025-07-10 17:00:00,2025,7,10,17,Huế,Phường Phú Bài,16.409296,107.6779818,37,Good,0,32.8,55,0.0,9.1,278,995.1,100,10.6,13.7,395.0,4.3,78.0,2.5
2025-07-10 18:00:00,2025,7,10,18,Huế,Phường Phú Bài,16.409296,107.6779818,37,Good,0,30.9,63,0.0,7.2,284,995.7,100,12.5,16.1,673.0,7.1,69.0,3.5
2025-07-10 19:00:00,2025,7,10,19,Huế,Phường Phú Bài,16.409296,107.6779818,37,Good,0,29.4,68,0.0,6.2,255,997.3,100,16.6,21.4,819.0,10.0,61.0,4.9
2025-07-10 20:00:00,2025,7,10,20,Huế,Phường Phú Bài,16.409296,107.6779818,36,Good,0,29.2,63,0.0,7.5,235,998.0,100,18.9,23.8,700.0,12.9,56.0,6.9
2025-07-10 21:00:00,2025,7,10,21,Huế,Phường Phú Bài,16.409296,107.6779818,35,Good,0,28.3,67,0.0,6.9,217,998.4,100,22.6,27.6,448.0,16.9,48.0,9.5
2025-07-10 22:00:00,2025,7,10,22,Huế,Phường Phú Bài,16.409296,107.6779818,38,Good,0,27.6,68,0.0,10.3,218,999.0,100,26.7,31.9,256.0,20.3,41.0,11.4
2025-07-10 23:00:00,2025,7,10,23,Huế,Phường Phú Bài,16.409296,107.6779818,40,Good,0,27.7,66,0.0,13.4,213,999.2,100,29.6,35.0,208.0,22.8,35.0,11.9
2025-07-11 00:00:00,2025,7,11,0,Huế,Phường Phú Bài,16.409296,107.6779818,44,Good,0,27.6,68,0.0,9.5,216,998.9,100,30.7,36.6,219.0,24.7,30.0,11.6
2025-07-11 01:00:00,2025,7,11,1,Huế,Phường Phú Bài,16.409296,107.6779818,47,Good,0,27.0,70,0.0,8.1,212,998.5,100,30.6,36.1,231.0,24.6,27.0,10.7
2025-07-11 02:00:00,2025,7,11,2,Huế,Phường Phú Bài,16.409296,107.6779818,51,Moderate,1,26.6,72,0.0,9.1,210,997.9,100,26.5,31.8,220.0,21.1,27.0,9.0
2025-07-11 03:00:00,2025,7,11,3,Huế,Phường Phú Bài,16.409296,107.6779818,52,Moderate,1,26.8,72,0.0,12.4,208,997.5,100,22.8,28.2,210.0,15.7,29.0,6.9
2025-07-11 04:00:00,2025,7,11,4,Huế,Phường Phú Bài,16.409296,107.6779818,54,Moderate,1,26.7,73,0.0,20.1,202,997.3,100,19.7,24.9,214.0,11.2,33.0,5.2
2025-07-11 05:00:00,2025,7,11,5,Huế,Phường Phú Bài,16.409296,107.6779818,55,Moderate,1,26.4,74,0.0,13.1,207,997.7,100,16.4,20.5,250.0,9.1,38.0,4.6
2025-07-11 06:00:00,2025,7,11,6,Huế,Phường Phú Bài,16.409296,107.6779818,55,Moderate,1,26.4,77,0.0,8.4,227,998.2,100,14.3,17.5,301.0,7.9,45.0,4.4
2025-07-11 07:00:00,2025,7,11,7,Huế,Phường Phú Bài,16.409296,107.6779818,56,Moderate,1,26.9,80,0.2,5.8,290,999.2,100,17.1,20.0,323.0,7.8,56.0,5.3
2025-07-11 08:00:00,2025,7,11,8,Huế,Phường Phú Bài,16.409296,107.6779818,57,Moderate,1,27.7,85,0.0,7.7,219,998.9,100,12.5,15.8,288.0,6.4,74.0,5.4
2025-07-11 09:00:00,2025,7,11,9,Huế,Phường Phú Bài,16.409296,107.6779818,58,Moderate,1,30.3,74,0.0,5.5,218,999.3,100,11.8,14.8,224.0,4.5,98.0,5.4
2025-07-11 10:00:00,2025,7,11,10,Huế,Phường Phú Bài,16.409296,107.6779818,58,Moderate,1,31.3,63,0.0,13.5,218,998.9,100,10.9,13.3,178.0,3.0,115.0,5.3
2025-07-11 11:00:00,2025,7,11,11,Huế,Phường Phú Bài,16.409296,107.6779818,59,Moderate,1,31.8,62,0.0,14.4,227,999.2,100,9.2,10.8,167.0,2.4,120.0,4.8
2025-07-11 12:00:00,2025,7,11,12,Huế,Phường Phú Bài,16.409296,107.6779818,59,Moderate,1,30.7,67,0.5,13.3,207,999.2,100,7.8,9.0,173.0,2.3,117.0,4.2
2025-07-11 13:00:00,2025,7,11,13,Huế,Phường Phú Bài,16.409296,107.6779818,60,Moderate,1,28.6,82,2.9,9.8,301,999.2,100,7.7,8.8,187.0,2.6,113.0,3.8
2025-07-11 14:00:00,2025,7,11,14,Huế,Phường Phú Bài,16.409296,107.6779818,60,Moderate,1,29.2,81,0.8,4.8,345,998.5,100,9.2,10.4,207.0,3.5,107.0,3.7
2025-07-11 15:00:00,2025,7,11,15,Huế,Phường Phú Bài,16.409296,107.6779818,60,Moderate,1,30.7,76,0.0,3.7,317,997.5,100,12.0,13.3,235.0,4.8,100.0,3.9
2025-07-11 16:00:00,2025,7,11,16,Huế,Phường Phú Bài,16.409296,107.6779818,60,Moderate,1,30.8,74,2.7,5.1,354,997.5,100,12.8,14.4,270.0,6.4,93.0,4.3
2025-07-11 17:00:00,2025,7,11,17,Huế,Phường Phú Bài,16.409296,107.6779818,61,Moderate,1,29.5,82,1.6,5.6,65,997.9,100,13.2,15.0,315.0,8.3,88.0,5.1
2025-07-11 18:00:00,2025,7,11,18,Huế,Phường Phú Bài,16.409296,107.6779818,61,Moderate,1,28.8,86,0.0,2.9,22,998.7,100,14.8,16.5,366.0,10.5,83.0,6.2
2025-07-11 19:00:00,2025,7,11,19,Huế,Phường Phú Bài,16.409296,107.6779818,61,Moderate,1,27.6,93,0.1,2.6,141,999.5,100,17.1,19.3,412.0,19.8,47.0,8.0
2025-07-11 20:00:00,2025,7,11,20,Huế,Phường Phú Bài,16.409296,107.6779818,61,Moderate,1,26.9,96,0.0,3.1,208,1000.6,100,23.1,25.3,450.0,22.6,43.0,10.1
2025-07-11 21:00:00,2025,7,11,21,Huế,Phường Phú Bài,16.409296,107.6779818,62,Moderate,1,26.8,96,0.0,2.4,197,1001.4,100,26.1,29.5,482.0,26.2,36.0,12.9
2025-07-11 22:00:00,2025,7,11,22,Huế,Phường Phú Bài,16.409296,107.6779818,62,Moderate,1,26.8,97,0.0,2.5,201,1002.3,100,28.1,31.9,503.0,28.3,31.0,14.3
2025-07-11 23:00:00,2025,7,11,23,Huế,Phường Phú Bài,16.409296,107.6779818,62,Moderate,1,26.5,97,0.0,3.1,159,1002.6,100,29.2,32.8,518.0,27.2,27.0,13.1
2025-07-12 00:00:00,2025,7,12,0,Huế,Phường Phú Bài,16.409296,107.6779818,62,Moderate,1,26.4,97,0.0,3.6,177,1002.2,99,27.9,31.2,522.0,24.4,25.0,10.5
2025-07-12 01:00:00,2025,7,12,1,Huế,Phường Phú Bài,16.409296,107.6779818,62,Moderate,1,25.9,98,0.0,3.8,197,1001.7,100,26.8,29.7,496.0,22.0,22.0,8.4
2025-07-12 02:00:00,2025,7,12,2,Huế,Phường Phú Bài,16.409296,107.6779818,61,Moderate,1,25.8,98,0.0,4.5,194,1001.4,100,27.0,29.8,412.0,20.9,17.0,7.4
2025-07-12 03:00:00,2025,7,12,3,Huế,Phường Phú Bài,16.409296,107.6779818,61,Moderate,1,25.4,98,0.0,4.7,196,1001.3,100,27.3,29.8,299.0,20.2,12.0,6.8
2025-07-12 04:00:00,2025,7,12,4,Huế,Phường Phú Bài,16.409296,107.6779818,62,Moderate,1,25.1,97,0.0,5.4,210,1001.4,100,27.4,29.7,224.0,18.8,13.0,6.5
2025-07-12 05:00:00,2025,7,12,5,Huế,Phường Phú Bài,16.409296,107.6779818,63,Moderate,1,25.0,96,0.0,5.2,209,1001.6,100,27.4,29.6,230.0,15.9,22.0,6.6
2025-07-12 06:00:00,2025,7,12,6,Huế,Phường Phú Bài,16.409296,107.6779818,64,Moderate,1,25.2,94,0.0,6.1,210,1002.0,100,27.9,29.9,275.0,12.3,37.0,6.9
2025-07-12 07:00:00,2025,7,12,7,Huế,Phường Phú Bài,16.409296,107.6779818,65,Moderate,1,27.0,89,0.0,3.9,193,1002.7,100,20.0,22.1,298.0,9.3,49.0,7.1
2025-07-12 08:00:00,2025,7,12,8,Huế,Phường Phú Bài,16.409296,107.6779818,65,Moderate,1,29.6,75,0.0,4.0,201,1003.1,100,17.6,20.1,269.0,7.5,71.0,7.6
2025-07-12 09:00:00,2025,7,12,9,Huế,Phường Phú Bài,16.409296,107.6779818,65,Moderate,1,31.5,64,0.0,2.8,135,1003.4,98,16.8,19.8,218.0,5.0,101.0,8.3
2025-07-12 10:00:00,2025,7,12,10,Huế,Phường Phú Bài,16.409296,107.6779818,66,Moderate,1,32.5,58,0.0,1.5,187,1003.6,100,15.9,19.3,180.0,3.2,124.0,8.4
2025-07-12 11:00:00,2025,7,12,11,Huế,Phường Phú Bài,16.409296,107.6779818,66,Moderate,1,33.6,57,0.0,2.0,360,1003.2,100,18.7,22.8,166.0,2.7,130.0,7.3
2025-07-12 12:00:00,2025,7,12,12,Huế,Phường Phú Bài,16.409296,107.6779818,67,Moderate,1,33.7,59,0.0,5.0,38,1002.9,100,16.4,19.8,165.0,2.9,129.0,5.6
2025-07-12 13:00:00,2025,7,12,13,Huế,Phường Phú Bài,16.409296,107.6779818,68,Moderate,1,30.5,71,1.5,13.1,89,1002.6,99,15.9,19.0,172.0,3.1,131.0,4.3
2025-07-12 14:00:00,2025,7,12,14,Huế,Phường Phú Bài,16.409296,107.6779818,69,Moderate,1,31.5,67,0.2,8.3,88,1002.0,100,17.2,20.2,188.0,2.8,144.0,3.8
2025-07-12 15:00:00,2025,7,12,15,Huế,Phường Phú Bài,16.409296,107.6779818,69,Moderate,1,31.6,67,0.6,10.8,89,1001.3,82,17.3,20.1,213.0,2.4,159.0,3.8
2025-07-12 16:00:00,2025,7,12,16,Huế,Phường Phú Bài,16.409296,107.6779818,77,Moderate,1,31.0,73,0.9,9.6,84,1001.2,98,16.5,19.1,245.0,2.8,164.0,3.9
2025-07-12 17:00:00,2025,7,12,17,Huế,Phường Phú Bài,16.409296,107.6779818,97,Moderate,1,28.5,84,0.5,12.2,152,1001.5,88,15.5,17.7,286.0,4.6,149.0,4.1
2025-07-12 18:00:00,2025,7,12,18,Huế,Phường Phú Bài,16.409296,107.6779818,107,Unhealthy for Sensitive Groups,2,27.7,86,0.1,6.2,190,1001.9,47,17.8,19.4,334.0,7.0,123.0,4.5
2025-07-12 19:00:00,2025,7,12,19,Huế,Phường Phú Bài,16.409296,107.6779818,107,Unhealthy for Sensitive Groups,2,27.0,89,0.0,4.5,196,1002.8,18,37.0,43.3,385.0,14.1,111.0,8.6
2025-07-12 20:00:00,2025,7,12,20,Huế,Phường Phú Bài,16.409296,107.6779818,103,Unhealthy for Sensitive Groups,2,27.5,87,0.0,3.6,150,1003.6,12,39.1,44.5,454.0,14.2,98.0,8.8
2025-07-12 21:00:00,2025,7,12,21,Huế,Phường Phú Bài,16.409296,107.6779818,96,Moderate,1,27.0,90,0.0,3.4,180,1004.0,52,38.1,43.3,526.0,14.4,79.0,8.9
2025-07-12 22:00:00,2025,7,12,22,Huế,Phường Phú Bài,16.409296,107.6779818,85,Moderate,1,26.6,93,0.0,4.7,203,1004.7,9,38.5,43.7,550.0,14.6,62.0,8.7
2025-07-12 23:00:00,2025,7,12,23,Huế,Phường Phú Bài,16.409296,107.6779818,76,Moderate,1,26.2,94,0.0,4.3,182,1004.9,39,38.4,43.3,487.0,14.9,50.0,7.8
2025-07-13 00:00:00,2025,7,13,0,Huế,Phường Phú Bài,16.409296,107.6779818,77,Moderate,1,26.0,93,0.0,5.4,206,1004.6,37,37.0,41.4,376.0,15.2,40.0,6.5
2025-07-13 01:00:00,2025,7,13,1,Huế,Phường Phú Bài,16.409296,107.6779818,77,Moderate,1,25.8,93,0.0,5.4,200,1004.3,6,34.2,38.8,289.0,15.0,31.0,5.4
2025-07-13 02:00:00,2025,7,13,2,Huế,Phường Phú Bài,16.409296,107.6779818,78,Moderate,1,25.5,94,0.0,5.3,208,1004.2,4,32.7,37.5,253.0,14.0,23.0,4.8
2025-07-13 03:00:00,2025,7,13,3,Huế,Phường Phú Bài,16.409296,107.6779818,79,Moderate,1,25.2,95,0.0,6.2,234,1004.1,29,31.7,36.7,240.0,12.5,16.0,4.3
2025-07-13 04:00:00,2025,7,13,4,Huế,Phường Phú Bài,16.409296,107.6779818,79,Moderate,1,25.0,94,0.0,5.5,221,1003.8,2,30.5,35.9,241.0,11.1,15.0,4.2
2025-07-13 05:00:00,2025,7,13,5,Huế,Phường Phú Bài,16.409296,107.6779818,79,Moderate,1,24.8,93,0.0,6.5,214,1004.2,5,29.5,34.7,261.0,10.0,21.0,4.3
2025-07-13 06:00:00,2025,7,13,6,Huế,Phường Phú Bài,16.409296,107.6779818,79,Moderate,1,25.1,91,0.0,7.1,218,1004.4,36,29.1,34.5,294.0,9.0,33.0,4.7
2025-07-13 07:00:00,2025,7,13,7,Huế,Phường Phú Bài,16.409296,107.6779818,80,Moderate,1,27.5,84,0.0,4.8,233,1004.9,65,26.1,31.7,313.0,7.8,51.0,5.7
2025-07-13 08:00:00,2025,7,13,8,Huế,Phường Phú Bài,16.409296,107.6779818,80,Moderate,1,30.2,74,0.0,2.5,240,1005.6,99,25.4,32.9,300.0,6.3,80.0,6.5
2025-07-13 09:00:00,2025,7,13,9,Huế,Phường Phú Bài,16.409296,107.6779818,81,Moderate,1,31.6,68,0.0,1.8,11,1005.6,100,23.1,31.8,272.0,4.2,121.0,7.6
2025-07-13 10:00:00,2025,7,13,10,Huế,Phường Phú Bài,16.409296,107.6779818,81,Moderate,1,32.5,66,0.0,4.5,360,1005.3,100,21.5,30.4,252.0,2.7,152.0,8.2
2025-07-13 11:00:00,2025,7,13,11,Huế,Phường Phú Bài,16.409296,107.6779818,82,Moderate,1,33.2,64,0.0,5.6,15,1005.1,100,21.0,29.4,251.0,2.1,166.0,7.8
2025-07-13 12:00:00,2025,7,13,12,Huế,Phường Phú Bài,16.409296,107.6779818,82,Moderate,1,32.6,66,1.1,10.6,35,1004.6,100,21.7,29.6,257.0,2.1,171.0,6.9
2025-07-13 13:00:00,2025,7,13,13,Huế,Phường Phú Bài,16.409296,107.6779818,83,Moderate,1,31.5,70,0.3,5.2,70,1004.1,100,22.3,29.7,259.0,2.2,173.0,6.2
2025-07-13 14:00:00,2025,7,13,14,Huế,Phường Phú Bài,16.409296,107.6779818,83,Moderate,1,32.3,68,0.2,0.7,284,1003.1,83,22.4,28.5,243.0,2.0,177.0,6.0
2025-07-13 15:00:00,2025,7,13,15,Huế,Phường Phú Bài,16.409296,107.6779818,99,Moderate,1,31.8,71,0.2,8.2,139,1002.8,31,23.6,30.6,222.0,2.0,179.0,6.0
2025-07-13 16:00:00,2025,7,13,16,Huế,Phường Phú Bài,16.409296,107.6779818,126,Unhealthy for Sensitive Groups,2,30.2,76,1.5,2.4,153,1002.7,95,22.9,29.6,224.0,3.0,173.0,6.2
2025-07-13 17:00:00,2025,7,13,17,Huế,Phường Phú Bài,16.409296,107.6779818,146,Unhealthy for Sensitive Groups,2,30.3,75,0.0,1.7,41,1002.4,79,23.2,29.6,262.0,6.1,156.0,6.9
2025-07-13 18:00:00,2025,7,13,18,Huế,Phường Phú Bài,16.409296,107.6779818,152,Unhealthy,3,29.7,80,0.0,2.2,171,1002.6,85,25.9,31.7,322.0,10.2,131.0,7.8
2025-07-13 19:00:00,2025,7,13,19,Huế,Phường Phú Bài,16.409296,107.6779818,149,Unhealthy for Sensitive Groups,2,28.9,85,0.0,2.0,180,1003.4,86,28.4,33.4,389.0,13.3,78.0,7.5
2025-07-13 20:00:00,2025,7,13,20,Huế,Phường Phú Bài,16.409296,107.6779818,130,Unhealthy for Sensitive Groups,2,26.8,90,0.0,5.0,224,1004.4,30,24.6,28.5,478.0,13.6,68.0,7.9
2025-07-13 21:00:00,2025,7,13,21,Huế,Phường Phú Bài,16.409296,107.6779818,108,Unhealthy for Sensitive Groups,2,26.6,93,0.0,3.6,180,1005.3,17,23.6,27.1,573.0,14.0,54.0,8.4
2025-07-13 22:00:00,2025,7,13,22,Huế,Phường Phú Bài,16.409296,107.6779818,83,Moderate,1,26.6,95,0.0,4.0,219,1005.6,81,23.9,27.0,613.0,14.3,41.0,8.4
2025-07-13 23:00:00,2025,7,13,23,Huế,Phường Phú Bài,16.409296,107.6779818,81,Moderate,1,26.5,96,0.0,6.4,234,1005.8,55,24.2,26.8,550.0,14.7,32.0,7.6
2025-07-14 00:00:00,2025,7,14,0,Huế,Phường Phú Bài,16.409296,107.6779818,80,Moderate,1,26.5,95,0.0,4.6,234,1005.3,69,22.9,25.1,431.0,15.1,24.0,6.4
2025-07-14 01:00:00,2025,7,14,1,Huế,Phường Phú Bài,16.409296,107.6779818,79,Moderate,1,26.0,96,0.0,6.5,199,1004.6,99,21.9,23.9,333.0,15.0,18.0,5.4
2025-07-14 02:00:00,2025,7,14,2,Huế,Phường Phú Bài,16.409296,107.6779818,78,Moderate,1,25.6,95,0.0,6.4,223,1004.3,95,20.3,21.9,282.0,14.1,12.0,4.6
2025-07-14 03:00:00,2025,7,14,3,Huế,Phường Phú Bài,16.409296,107.6779818,77,Moderate,1,25.2,95,0.0,6.5,231,1004.0,94,19.2,20.6,251.0,12.6,8.0,4.0
2025-07-14 04:00:00,2025,7,14,4,Huế,Phường Phú Bài,16.409296,107.6779818,76,Moderate,1,25.0,93,0.0,7.7,231,1004.2,97,18.6,19.9,236.0,11.1,10.0,3.7
2025-07-14 05:00:00,2025,7,14,5,Huế,Phường Phú Bài,16.409296,107.6779818,75,Moderate,1,24.8,93,0.0,7.3,224,1004.3,98,17.8,19.0,247.0,9.7,19.0,3.7
2025-07-14 06:00:00,2025,7,14,6,Huế,Phường Phú Bài,16.409296,107.6779818,74,Moderate,1,24.8,93,0.0,7.0,206,1004.2,99,17.5,18.5,275.0,8.2,33.0,4.0
2025-07-14 07:00:00,2025,7,14,7,Huế,Phường Phú Bài,16.409296,107.6779818,73,Moderate,1,27.0,88,0.0,5.9,220,1004.4,100,15.7,16.5,288.0,6.6,55.0,4.2
2025-07-14 08:00:00,2025,7,14,8,Huế,Phường Phú Bài,16.409296,107.6779818,72,Moderate,1,29.8,75,0.0,4.0,231,1005.4,94,13.9,14.8,266.0,5.4,76.0,5.1
2025-07-14 09:00:00,2025,7,14,9,Huế,Phường Phú Bài,16.409296,107.6779818,71,Moderate,1,31.6,66,0.0,2.3,151,1005.3,94,11.8,12.9,228.0,3.8,105.0,6.4
2025-07-14 10:00:00,2025,7,14,10,Huế,Phường Phú Bài,16.409296,107.6779818,70,Moderate,1,32.8,62,0.0,1.8,156,1005.0,98,10.8,12.0,201.0,2.6,128.0,7.1
2025-07-14 11:00:00,2025,7,14,11,Huế,Phường Phú Bài,16.409296,107.6779818,69,Moderate,1,33.6,60,0.1,1.0,59,1004.8,99,10.7,11.8,198.0,2.3,139.0,6.9
2025-07-14 12:00:00,2025,7,14,12,Huế,Phường Phú Bài,16.409296,107.6779818,68,Moderate,1,33.8,63,1.2,7.8,34,1003.6,62,11.4,12.5,206.0,2.4,144.0,6.2
2025-07-14 13:00:00,2025,7,14,13,Huế,Phường Phú Bài,16.409296,107.6779818,67,Moderate,1,33.0,67,6.8,4.0,27,1003.1,23,12.1,13.2,211.0,2.5,148.0,5.6
2025-07-14 14:00:00,2025,7,14,14,Huế,Phường Phú Bài,16.409296,107.6779818,66,Moderate,1,33.0,68,0.2,3.9,214,1002.5,22,14.1,15.3,199.0,2.3,157.0,5.4
2025-07-14 15:00:00,2025,7,14,15,Huế,Phường Phú Bài,16.409296,107.6779818,69,Moderate,1,31.0,73,0.7,5.4,116,1001.8,57,14.5,15.6,183.0,2.1,165.0,5.4
2025-07-14 16:00:00,2025,7,14,16,Huế,Phường Phú Bài,16.409296,107.6779818,92,Moderate,1,31.0,73,0.5,8.3,108,1000.9,12,14.5,15.5,195.0,2.8,163.0,5.5
2025-07-14 17:00:00,2025,7,14,17,Huế,Phường Phú Bài,16.409296,107.6779818,111,Unhealthy for Sensitive Groups,2,31.0,73,0.0,5.8,97,1000.9,72,14.8,15.7,242.0,5.4,143.0,5.9
2025-07-14 18:00:00,2025,7,14,18,Huế,Phường Phú Bài,16.409296,107.6779818,119,Unhealthy for Sensitive Groups,2,30.2,78,0.0,3.2,137,1001.5,100,15.8,16.5,316.0,8.9,113.0,6.5
2025-07-14 19:00:00,2025,7,14,19,Huế,Phường Phú Bài,16.409296,107.6779818,116,Unhealthy for Sensitive Groups,2,29.0,83,0.0,3.4,96,1002.1,100,26.0,27.0,423.0,17.5,66.0,8.2
2025-07-14 20:00:00,2025,7,14,20,Huế,Phường Phú Bài,16.409296,107.6779818,100,Moderate,1,27.6,88,0.8,7.0,249,1003.7,99,23.9,24.6,619.0,15.7,59.0,7.6
2025-07-14 21:00:00,2025,7,14,21,Huế,Phường Phú Bài,16.409296,107.6779818,82,Moderate,1,27.1,93,0.1,9.0,224,1003.9,100,21.4,21.9,849.0,13.2,48.0,6.8
2025-07-14 22:00:00,2025,7,14,22,Huế,Phường Phú Bài,16.409296,107.6779818,61,Moderate,1,27.0,93,0.0,4.8,209,1004.7,100,18.7,19.2,954.0,11.2,39.0,5.9
2025-07-14 23:00:00,2025,7,14,23,Huế,Phường Phú Bài,16.409296,107.6779818,61,Moderate,1,25.9,96,0.0,13.5,192,1005.4,100,17.2,17.6,825.0,10.4,32.0,5.1
2025-07-15 00:00:00,2025,7,15,0,Huế,Phường Phú Bài,16.409296,107.6779818,60,Moderate,1,26.1,91,0.1,8.3,214,1004.7,100,15.0,15.4,572.0,10.1,25.0,4.3
2025-07-15 01:00:00,2025,7,15,1,Huế,Phường Phú Bài,16.409296,107.6779818,60,Moderate,1,25.9,94,0.1,6.5,224,1004.2,100,14.0,14.4,365.0,9.8,20.0,3.6
2025-07-15 02:00:00,2025,7,15,2,Huế,Phường Phú Bài,16.409296,107.6779818,59,Moderate,1,25.5,96,0.0,9.2,200,1003.3,99,13.8,14.2,266.0,9.3,14.0,3.1
2025-07-15 03:00:00,2025,7,15,3,Huế,Phường Phú Bài,16.409296,107.6779818,58,Moderate,1,25.2,96,0.0,8.7,214,1002.9,100,13.4,13.8,214.0,8.8,10.0,2.7
2025-07-15 04:00:00,2025,7,15,4,Huế,Phường Phú Bài,16.409296,107.6779818,58,Moderate,1,24.9,96,0.0,8.6,217,1002.6,100,13.2,13.6,197.0,8.3,10.0,2.6
2025-07-15 05:00:00,2025,7,15,5,Huế,Phường Phú Bài,16.409296,107.6779818,57,Moderate,1,24.8,96,0.0,7.8,222,1002.4,100,12.6,13.1,231.0,7.8,17.0,2.8
2025-07-15 06:00:00,2025,7,15,6,Huế,Phường Phú Bài,16.409296,107.6779818,57,Moderate,1,24.9,96,0.0,7.8,220,1002.6,100,12.5,13.0,300.0,7.2,30.0,3.2
2025-07-15 07:00:00,2025,7,15,7,Huế,Phường Phú Bài,16.409296,107.6779818,57,Moderate,1,26.7,93,0.0,7.6,243,1003.1,100,13.6,14.0,339.0,6.1,46.0,3.6
2025-07-15 08:00:00,2025,7,15,8,Huế,Phường Phú Bài,16.409296,107.6779818,56,Moderate,1,30.3,73,0.0,4.4,212,1003.5,94,13.4,14.6,309.0,5.1,70.0,4.4
2025-07-15 09:00:00,2025,7,15,9,Huế,Phường Phú Bài,16.409296,107.6779818,56,Moderate,1,32.5,61,0.0,2.4,243,1003.4,98,12.8,15.0,249.0,3.8,104.0,5.4
2025-07-15 10:00:00,2025,7,15,10,Huế,Phường Phú Bài,16.409296,107.6779818,56,Moderate,1,33.8,56,0.0,4.3,270,1002.9,99,13.2,16.5,215.0,2.8,131.0,6.1
2025-07-15 11:00:00,2025,7,15,11,Huế,Phường Phú Bài,16.409296,107.6779818,57,Moderate,1,34.6,55,0.0,6.8,307,1002.4,100,13.8,17.5,241.0,2.3,144.0,6.0
2025-07-15 12:00:00,2025,7,15,12,Huế,Phường Phú Bài,16.409296,107.6779818,57,Moderate,1,34.0,59,0.0,8.6,345,1002.0,93,14.6,18.1,293.0,2.2,149.0,5.4
2025-07-15 13:00:00,2025,7,15,13,Huế,Phường Phú Bài,16.409296,107.6779818,57,Moderate,1,32.8,67,1.9,6.5,58,1001.5,99,15.4,18.7,323.0,2.2,152.0,5.0
2025-07-15 14:00:00,2025,7,15,14,Huế,Phường Phú Bài,16.409296,107.6779818,57,Moderate,1,32.4,67,1.3,4.2,133,1001.3,72,16.6,18.9,302.0,2.1,155.0,4.8
2025-07-15 15:00:00,2025,7,15,15,Huế,Phường Phú Bài,16.409296,107.6779818,69,Moderate,1,32.8,65,0.4,9.0,127,1000.3,74,16.7,18.9,260.0,2.2,155.0,4.8
2025-07-15 16:00:00,2025,7,15,16,Huế,Phường Phú Bài,16.409296,107.6779818,92,Moderate,1,32.6,66,0.0,4.6,135,999.5,81,16.8,19.1,234.0,3.0,150.0,5.0
2025-07-15 17:00:00,2025,7,15,17,Huế,Phường Phú Bài,16.409296,107.6779818,109,Unhealthy for Sensitive Groups,2,32.0,68,0.0,8.3,103,999.6,83,17.2,19.3,241.0,5.3,139.0,5.6
2025-07-15 18:00:00,2025,7,15,18,Huế,Phường Phú Bài,16.409296,107.6779818,116,Unhealthy for Sensitive Groups,2,30.8,75,0.0,8.5,85,999.8,77,19.4,21.0,265.0,8.3,123.0,6.4
2025-07-15 19:00:00,2025,7,15,19,Huế,Phường Phú Bài,16.409296,107.6779818,115,Unhealthy for Sensitive Groups,2,30.0,77,0.0,6.3,105,1000.8,97,20.9,22.6,292.0,11.4,78.0,7.0
2025-07-15 20:00:00,2025,7,15,20,Huế,Phường Phú Bài,16.409296,107.6779818,101,Unhealthy for Sensitive Groups,2,28.9,82,0.0,4.4,109,1002.1,100,20.4,21.9,326.0,10.9,69.0,6.6
2025-07-15 21:00:00,2025,7,15,21,Huế,Phường Phú Bài,16.409296,107.6779818,84,Moderate,1,28.6,83,0.0,3.9,158,1003.5,100,19.2,20.8,364.0,10.4,55.0,6.1
2025-07-15 22:00:00,2025,7,15,22,Huế,Phường Phú Bài,16.409296,107.6779818,63,Moderate,1,27.9,84,1.0,3.3,261,1004.6,100,19.5,21.1,379.0,10.3,44.0,5.6
2025-07-15 23:00:00,2025,7,15,23,Huế,Phường Phú Bài,16.409296,107.6779818,58,Moderate,1,27.0,93,0.8,4.4,122,1004.3,100,20.8,22.6,354.0,11.4,37.0,5.4
2025-07-16 00:00:00,2025,7,16,0,Huế,Phường Phú Bài,16.409296,107.6779818,58,Moderate,1,26.6,94,0.0,7.3,191,1004.0,99,22.1,24.1,307.0,13.0,32.0,5.3
2025-07-16 01:00:00,2025,7,16,1,Huế,Phường Phú Bài,16.409296,107.6779818,59,Moderate,1,25.9,95,0.0,6.8,228,1003.9,99,21.7,23.8,264.0,13.8,28.0,5.1
2025-07-16 02:00:00,2025,7,16,2,Huế,Phường Phú Bài,16.409296,107.6779818,59,Moderate,1,26.0,95,0.0,5.0,206,1002.7,77,20.6,22.6,231.0,13.0,24.0,4.8
2025-07-16 03:00:00,2025,7,16,3,Huế,Phường Phú Bài,16.409296,107.6779818,60,Moderate,1,25.5,96,0.0,6.8,217,1002.7,90,21.0,23.1,202.0,11.4,21.0,4.4
2025-07-16 04:00:00,2025,7,16,4,Huế,Phường Phú Bài,16.409296,107.6779818,61,Moderate,1,25.2,95,0.0,3.0,213,1002.6,74,19.0,20.8,193.0,9.8,22.0,4.2
2025-07-16 05:00:00,2025,7,16,5,Huế,Phường Phú Bài,16.409296,107.6779818,61,Moderate,1,25.1,93,0.0,9.3,238,1003.6,98,17.7,19.2,222.0,8.7,26.0,4.4
2025-07-16 06:00:00,2025,7,16,6,Huế,Phường Phú Bài,16.409296,107.6779818,62,Moderate,1,25.5,90,0.0,5.2,182,1003.8,99,18.0,19.3,269.0,7.7,33.0,4.9
2025-07-16 07:00:00,2025,7,16,7,Huế,Phường Phú Bài,16.409296,107.6779818,62,Moderate,1,27.0,86,0.0,6.2,216,1004.1,98,18.8,20.1,293.0,7.5,50.0,4.9
2025-07-16 08:00:00,2025,7,16,8,Huế,Phường Phú Bài,16.409296,107.6779818,63,Moderate,1,30.0,76,0.0,2.9,223,1004.7,98,15.5,17.3,264.0,6.2,73.0,5.7
2025-07-16 09:00:00,2025,7,16,9,Huế,Phường Phú Bài,16.409296,107.6779818,63,Moderate,1,32.2,65,0.0,5.1,216,1004.7,100,14.1,16.5,211.0,4.4,105.0,6.7
2025-07-16 10:00:00,2025,7,16,10,Huế,Phường Phú Bài,16.409296,107.6779818,63,Moderate,1,33.9,55,0.0,9.7,214,1004.0,100,13.0,15.4,176.0,3.0,126.0,7.1
2025-07-16 11:00:00,2025,7,16,11,Huế,Phường Phú Bài,16.409296,107.6779818,63,Moderate,1,35.1,51,0.0,9.6,242,1003.4,91,9.7,11.4,179.0,2.3,128.0,6.1
2025-07-16 12:00:00,2025,7,16,12,Huế,Phường Phú Bài,16.409296,107.6779818,62,Moderate,1,35.6,51,0.0,7.2,276,1002.7,100,8.6,9.9,199.0,1.9,120.0,4.5
2025-07-16 13:00:00,2025,7,16,13,Huế,Phường Phú Bài,16.409296,107.6779818,62,Moderate,1,35.8,51,0.0,5.7,323,1001.8,99,8.4,9.6,216.0,1.7,109.0,3.1
2025-07-16 14:00:00,2025,7,16,14,Huế,Phường Phú Bài,16.409296,107.6779818,61,Moderate,1,35.5,52,0.0,4.6,45,1000.8,33,7.5,8.8,219.0,1.0,97.0,2.1
2025-07-16 15:00:00,2025,7,16,15,Huế,Phường Phú Bài,16.409296,107.6779818,61,Moderate,1,33.7,63,0.1,9.5,91,1000.4,44,7.5,8.8,218.0,0.5,83.0,1.5
2025-07-16 16:00:00,2025,7,16,16,Huế,Phường Phú Bài,16.409296,107.6779818,60,Moderate,1,32.5,68,0.2,7.8,94,1000.2,15,7.5,8.7,226.0,1.9,73.0,1.7
2025-07-16 17:00:00,2025,7,16,17,Huế,Phường Phú Bài,16.409296,107.6779818,59,Moderate,1,32.2,68,0.0,8.4,109,1000.6,22,9.9,11.1,258.0,6.9,70.0,3.6
2025-07-16 18:00:00,2025,7,16,18,Huế,Phường Phú Bài,16.409296,107.6779818,58,Moderate,1,30.9,73,0.0,5.4,124,1001.3,68,16.2,17.4,298.0,13.8,71.0,6.3
2025-07-16 19:00:00,2025,7,16,19,Huế,Phường Phú Bài,16.409296,107.6779818,58,Moderate,1,29.7,78,0.0,4.6,77,1002.4,90,22.8,24.4,315.0,22.4,58.0,9.4
2025-07-16 20:00:00,2025,7,16,20,Huế,Phường Phú Bài,16.409296,107.6779818,58,Moderate,1,28.5,89,3.4,2.6,196,1003.7,45,25.7,27.2,285.0,22.0,54.0,10.0
2025-07-16 21:00:00,2025,7,16,21,Huế,Phường Phú Bài,16.409296,107.6779818,59,Moderate,1,28.4,90,0.6,2.7,110,1004.1,88,25.0,26.8,233.0,21.4,48.0,10.8
2025-07-16 22:00:00,2025,7,16,22,Huế,Phường Phú Bài,16.409296,107.6779818,59,Moderate,1,28.1,90,0.0,4.6,171,1005.3,98,26.8,28.5,196.0,20.7,41.0,11.1
2025-07-16 23:00:00,2025,7,16,23,Huế,Phường Phú Bài,16.409296,107.6779818,60,Moderate,1,27.7,92,0.0,4.5,209,1005.8,100,27.4,28.8,195.0,19.8,34.0,10.4
2025-07-17 00:00:00,2025,7,17,0,Huế,Phường Phú Bài,16.409296,107.6779818,60,Moderate,1,27.0,94,0.0,5.2,196,1005.0,96,26.0,27.2,209.0,18.6,27.0,9.3
2025-07-17 01:00:00,2025,7,17,1,Huế,Phường Phú Bài,16.409296,107.6779818,61,Moderate,1,26.4,93,0.0,8.5,205,1004.3,100,25.1,26.3,220.0,17.4,20.0,8.1
2025-07-17 02:00:00,2025,7,17,2,Huế,Phường Phú Bài,16.409296,107.6779818,61,Moderate,1,25.9,91,0.0,6.8,207,1003.7,100,24.0,25.1,215.0,16.1,13.0,7.0
2025-07-17 03:00:00,2025,7,17,3,Huế,Phường Phú Bài,16.409296,107.6779818,61,Moderate,1,25.5,92,0.0,6.4,212,1003.4,98,22.1,23.2,207.0,14.7,6.0,6.0
2025-07-17 04:00:00,2025,7,17,4,Huế,Phường Phú Bài,16.409296,107.6779818,61,Moderate,1,25.1,92,0.0,7.5,226,1003.4,94,20.1,21.1,210.0,13.0,6.0,5.2
2025-07-17 05:00:00,2025,7,17,5,Huế,Phường Phú Bài,16.409296,107.6779818,61,Moderate,1,25.0,89,0.0,7.5,222,1004.0,100,18.4,19.4,241.0,10.9,15.0,4.8
2025-07-17 06:00:00,2025,7,17,6,Huế,Phường Phú Bài,16.409296,107.6779818,62,Moderate,1,25.1,88,0.0,8.0,208,1004.3,64,17.9,19.0,284.0,8.5,30.0,4.8
2025-07-17 07:00:00,2025,7,17,7,Huế,Phường Phú Bài,16.409296,107.6779818,62,Moderate,1,27.0,84,0.0,6.0,217,1004.5,76,10.8,11.1,302.0,6.4,52.0,5.3
2025-07-17 08:00:00,2025,7,17,8,Huế,Phường Phú Bài,16.409296,107.6779818,61,Moderate,1,30.8,69,0.0,8.7,248,1004.3,46,9.9,10.2,267.0,5.3,72.0,5.5
2025-07-17 09:00:00,2025,7,17,9,Huế,Phường Phú Bài,16.409296,107.6779818,60,Moderate,1,32.8,57,0.0,6.7,226,1004.5,23,9.6,10.1,207.0,3.8,98.0,5.7
2025-07-17 10:00:00,2025,7,17,10,Huế,Phường Phú Bài,16.409296,107.6779818,60,Moderate,1,34.0,55,0.0,6.2,216,1003.9,37,8.8,9.5,170.0,2.6,118.0,5.7
2025-07-17 11:00:00,2025,7,17,11,Huế,Phường Phú Bài,16.409296,107.6779818,60,Moderate,1,35.2,52,0.0,1.8,217,1003.4,45,8.3,9.0,182.0,2.0,122.0,5.1
2025-07-17 12:00:00,2025,7,17,12,Huế,Phường Phú Bài,16.409296,107.6779818,59,Moderate,1,35.0,55,0.0,4.7,7,1003.1,49,7.9,8.5,217.0,1.8,119.0,4.3
2025-07-17 13:00:00,2025,7,17,13,Huế,Phường Phú Bài,16.409296,107.6779818,59,Moderate,1,32.6,68,1.2,10.5,52,1002.9,72,7.8,8.3,241.0,1.8,118.0,3.8
2025-07-17 14:00:00,2025,7,17,14,Huế,Phường Phú Bài,16.409296,107.6779818,59,Moderate,1,33.6,63,0.2,3.8,98,1002.2,19,9.2,9.5,231.0,1.9,127.0,3.9
2025-07-17 15:00:00,2025,7,17,15,Huế,Phường Phú Bài,16.409296,107.6779818,59,Moderate,1,33.6,64,0.0,3.3,131,1001.7,50,11.1,11.7,209.0,2.1,139.0,4.5
2025-07-17 16:00:00,2025,7,17,16,Huế,Phường Phú Bài,16.409296,107.6779818,61,Moderate,1,30.0,76,2.8,6.4,254,1001.7,6,12.2,13.0,210.0,3.1,143.0,5.1
2025-07-17 17:00:00,2025,7,17,17,Huế,Phường Phú Bài,16.409296,107.6779818,76,Moderate,1,30.4,76,0.1,4.5,175,1001.2,14,13.6,14.5,261.0,5.3,134.0,6.0
2025-07-17 18:00:00,2025,7,17,18,Huế,Phường Phú Bài,16.409296,107.6779818,84,Moderate,1,29.9,80,0.0,6.7,160,1002.0,15,16.6,17.5,335.0,8.2,117.0,7.0
2025-07-17 19:00:00,2025,7,17,19,Huế,Phường Phú Bài,16.409296,107.6779818,83,Moderate,1,28.8,86,0.0,4.0,180,1002.5,10,20.0,20.7,380.0,15.7,90.0,9.1
2025-07-17 20:00:00,2025,7,17,20,Huế,Phường Phú Bài,16.409296,107.6779818,76,Moderate,1,29.0,85,0.0,8.3,182,1003.4,15,21.2,21.8,370.0,15.4,80.0,9.2
2025-07-17 21:00:00,2025,7,17,21,Huế,Phường Phú Bài,16.409296,107.6779818,68,Moderate,1,28.5,83,0.0,9.1,171,1003.9,96,21.2,21.7,332.0,15.1,65.0,9.3
2025-07-17 22:00:00,2025,7,17,22,Huế,Phường Phú Bài,16.409296,107.6779818,60,Moderate,1,28.2,81,0.0,9.7,202,1004.1,100,22.6,23.1,294.0,14.8,51.0,9.0
2025-07-17 23:00:00,2025,7,17,23,Huế,Phường Phú Bài,16.409296,107.6779818,59,Moderate,1,27.7,86,0.0,7.9,204,1003.6,100,23.5,23.9,264.0,14.8,37.0,8.1
2025-07-18 00:00:00,2025,7,18,0,Huế,Phường Phú Bài,16.409296,107.6779818,59,Moderate,1,27.0,91,0.0,8.8,208,1002.8,100,22.5,22.9,233.0,14.9,22.0,6.9
2025-07-18 01:00:00,2025,7,18,1,Huế,Phường Phú Bài,16.409296,107.6779818,59,Moderate,1,26.5,91,0.0,8.5,218,1002.1,100,20.4,20.8,209.0,14.4,13.0,5.7
2025-07-18 02:00:00,2025,7,18,2,Huế,Phường Phú Bài,16.409296,107.6779818,58,Moderate,1,26.2,87,0.0,10.3,227,1001.9,67,17.8,18.1,191.0,12.9,11.0,4.7
2025-07-18 03:00:00,2025,7,18,3,Huế,Phường Phú Bài,16.409296,107.6779818,58,Moderate,1,26.4,81,0.0,10.4,225,1002.0,89,14.3,14.6,178.0,10.9,13.0,3.7
2025-07-18 04:00:00,2025,7,18,4,Huế,Phường Phú Bài,16.409296,107.6779818,57,Moderate,1,26.2,81,0.0,10.2,222,1002.1,96,13.3,13.6,179.0,9.1,19.0,3.2
2025-07-18 05:00:00,2025,7,18,5,Huế,Phường Phú Bài,16.409296,107.6779818,56,Moderate,1,26.1,80,0.0,9.3,230,1002.1,99,13.6,13.8,207.0,8.0,30.0,3.4
2025-07-18 06:00:00,2025,7,18,6,Huế,Phường Phú Bài,16.409296,107.6779818,56,Moderate,1,26.2,81,0.0,9.4,227,1002.4,100,14.4,14.6,247.0,7.3,44.0,4.1
2025-07-18 07:00:00,2025,7,18,7,Huế,Phường Phú Bài,16.409296,107.6779818,56,Moderate,1,28.5,76,0.0,7.4,219,1003.0,71,14.8,15.3,267.0,5.0,52.0,4.1
2025-07-18 08:00:00,2025,7,18,8,Huế,Phường Phú Bài,16.409296,107.6779818,56,Moderate,1,30.8,67,0.0,6.8,212,1003.0,93,13.0,13.6,243.0,4.0,62.0,3.5
2025-07-18 09:00:00,2025,7,18,9,Huế,Phường Phú Bài,16.409296,107.6779818,56,Moderate,1,32.0,61,0.0,7.4,212,1002.7,99,9.8,10.5,198.0,2.7,75.0,2.7
2025-07-18 10:00:00,2025,7,18,10,Huế,Phường Phú Bài,16.409296,107.6779818,56,Moderate,1,33.3,60,0.0,10.1,276,1002.5,98,9.0,9.7,166.0,1.7,84.0,2.1
2025-07-18 11:00:00,2025,7,18,11,Huế,Phường Phú Bài,16.409296,107.6779818,56,Moderate,1,34.5,57,0.0,10.0,319,1001.7,99,8.2,9.0,162.0,1.3,84.0,1.8
2025-07-18 12:00:00,2025,7,18,12,Huế,Phường Phú Bài,16.409296,107.6779818,56,Moderate,1,35.7,50,0.0,9.5,309,1000.9,94,7.5,8.4,171.0,1.2,80.0,1.7
2025-07-18 13:00:00,2025,7,18,13,Huế,Phường Phú Bài,16.409296,107.6779818,56,Moderate,1,36.3,45,0.0,11.1,293,999.6,99,7.3,8.2,181.0,1.2,76.0,1.6
2025-07-18 14:00:00,2025,7,18,14,Huế,Phường Phú Bài,16.409296,107.6779818,56,Moderate,1,36.1,44,0.0,14.8,284,998.7,100,7.6,8.4,170.0,1.0,76.0,1.5
2025-07-18 15:00:00,2025,7,18,15,Huế,Phường Phú Bài,16.409296,107.6779818,56,Moderate,1,35.5,47,0.1,13.8,298,997.6,100,8.1,8.8,159.0,0.9,76.0,1.4
2025-07-18 16:00:00,2025,7,18,16,Huế,Phường Phú Bài,16.409296,107.6779818,56,Moderate,1,34.9,50,0.0,13.4,302,997.5,100,8.2,8.9,202.0,1.7,74.0,1.6
2025-07-18 17:00:00,2025,7,18,17,Huế,Phường Phú Bài,16.409296,107.6779818,55,Moderate,1,33.8,56,0.0,10.6,296,997.7,100,9.1,9.6,373.0,3.6,68.0,2.1
2025-07-18 18:00:00,2025,7,18,18,Huế,Phường Phú Bài,16.409296,107.6779818,55,Moderate,1,31.8,63,0.0,8.5,299,997.9,100,10.0,10.6,598.0,6.3,60.0,3.0
2025-07-18 19:00:00,2025,7,18,19,Huế,Phường Phú Bài,16.409296,107.6779818,54,Moderate,1,30.4,68,0.0,5.6,266,998.5,100,14.5,15.5,708.0,9.2,51.0,4.1
2025-07-18 20:00:00,2025,7,18,20,Huế,Phường Phú Bài,16.409296,107.6779818,54,Moderate,1,30.0,67,0.0,10.8,237,999.4,99,19.7,20.7,589.0,14.1,44.0,6.7
2025-07-18 21:00:00,2025,7,18,21,Huế,Phường Phú Bài,16.409296,107.6779818,54,Moderate,1,29.8,62,0.0,11.1,230,999.9,100,24.3,25.3,356.0,20.8,35.0,10.2
2025-07-18 22:00:00,2025,7,18,22,Huế,Phường Phú Bài,16.409296,107.6779818,54,Moderate,1,29.3,62,0.0,9.9,248,1000.7,100,27.6,28.5,181.0,25.9,29.0,12.8
2025-07-18 23:00:00,2025,7,18,23,Huế,Phường Phú Bài,16.409296,107.6779818,54,Moderate,1,28.8,64,0.0,9.8,250,1000.5,100,29.1,30.0,142.0,28.5,27.0,13.8
2025-07-19 00:00:00,2025,7,19,0,Huế,Phường Phú Bài,16.409296,107.6779818,55,Moderate,1,28.3,66,0.0,9.3,257,1000.0,100,29.7,30.5,161.0,29.3,28.0,13.8
2025-07-19 01:00:00,2025,7,19,1,Huế,Phường Phú Bài,16.409296,107.6779818,56,Moderate,1,28.0,68,0.0,9.1,248,999.2,100,27.9,28.7,178.0,27.3,31.0,12.6
2025-07-19 02:00:00,2025,7,19,2,Huế,Phường Phú Bài,16.409296,107.6779818,56,Moderate,1,27.2,73,0.0,6.5,231,998.4,100,22.5,23.2,167.0,20.1,38.0,9.3
2025-07-19 03:00:00,2025,7,19,3,Huế,Phường Phú Bài,16.409296,107.6779818,57,Moderate,1,26.1,79,0.0,5.6,205,997.4,100,10.1,10.5,155.0,10.0,48.0,4.8
2025-07-19 04:00:00,2025,7,19,4,Huế,Phường Phú Bài,16.409296,107.6779818,56,Moderate,1,25.5,82,0.0,9.0,210,996.8,100,5.7,6.2,157.0,2.6,56.0,1.6
2025-07-19 05:00:00,2025,7,19,5,Huế,Phường Phú Bài,16.409296,107.6779818,56,Moderate,1,25.9,80,0.0,7.5,207,997.0,100,5.4,5.9,193.0,0.7,58.0,0.8
2025-07-19 06:00:00,2025,7,19,6,Huế,Phường Phú Bài,16.409296,107.6779818,55,Moderate,1,26.2,81,0.0,7.3,205,997.4,100,6.0,6.5,243.0,1.4,58.0,1.3
2025-07-19 07:00:00,2025,7,19,7,Huế,Phường Phú Bài,16.409296,107.6779818,54,Moderate,1,28.2,77,0.0,6.5,199,997.8,100,6.0,6.7,268.0,2.3,61.0,1.8
2025-07-19 08:00:00,2025,7,19,8,Huế,Phường Phú Bài,16.409296,107.6779818,53,Moderate,1,31.1,61,0.0,8.3,219,998.2,100,7.3,7.9,242.0,2.0,66.0,1.8
2025-07-19 09:00:00,2025,7,19,9,Huế,Phường Phú Bài,16.409296,107.6779818,53,Moderate,1,32.3,59,0.0,13.5,236,998.1,100,7.5,8.0,190.0,1.7,73.0,1.7
2025-07-19 10:00:00,2025,7,19,10,Huế,Phường Phú Bài,16.409296,107.6779818,53,Moderate,1,33.8,53,0.0,12.9,261,997.9,100,6.3,6.7,151.0,1.4,77.0,1.6
2025-07-19 11:00:00,2025,7,19,11,Huế,Phường Phú Bài,16.409296,107.6779818,52,Moderate,1,34.8,49,0.0,11.6,263,997.5,100,5.2,5.6,141.0,1.2,77.0,1.5
2025-07-19 12:00:00,2025,7,19,12,Huế,Phường Phú Bài,16.409296,107.6779818,52,Moderate,1,35.6,47,0.0,11.1,283,996.7,100,4.8,5.3,145.0,1.1,74.0,1.3
2025-07-19 13:00:00,2025,7,19,13,Huế,Phường Phú Bài,16.409296,107.6779818,52,Moderate,1,36.0,46,0.0,12.8,287,995.9,100,4.9,5.3,152.0,1.1,71.0,1.3
2025-07-19 14:00:00,2025,7,19,14,Huế,Phường Phú Bài,16.409296,107.6779818,52,Moderate,1,35.8,46,0.0,13.7,273,995.1,100,5.0,5.5,149.0,1.3,70.0,1.4
2025-07-19 15:00:00,2025,7,19,15,Huế,Phường Phú Bài,16.409296,107.6779818,51,Moderate,1,35.3,48,0.0,14.7,281,994.4,100,5.2,5.6,149.0,1.7,69.0,1.6
2025-07-19 16:00:00,2025,7,19,16,Huế,Phường Phú Bài,16.409296,107.6779818,51,Moderate,1,34.5,51,0.0,10.7,287,994.6,100,5.8,6.2,185.0,2.5,66.0,1.9
2025-07-19 17:00:00,2025,7,19,17,Huế,Phường Phú Bài,16.409296,107.6779818,51,Moderate,1,33.3,59,0.0,8.0,304,995.1,100,6.6,7.0,305.0,4.0,59.0,2.4
2025-07-19 18:00:00,2025,7,19,18,Huế,Phường Phú Bài,16.409296,107.6779818,51,Moderate,1,31.6,66,0.0,7.4,274,995.7,100,7.5,7.8,460.0,5.8,51.0,3.0
2025-07-19 19:00:00,2025,7,19,19,Huế,Phường Phú Bài,16.409296,107.6779818,51,Moderate,1,30.8,64,0.0,10.7,230,996.5,100,9.9,10.9,533.0,5.5,50.0,3.0
2025-07-19 20:00:00,2025,7,19,20,Huế,Phường Phú Bài,16.409296,107.6779818,50,Good,0,29.4,69,0.0,5.1,198,997.2,100,9.0,9.8,441.0,5.0,50.0,2.9
2025-07-19 21:00:00,2025,7,19,21,Huế,Phường Phú Bài,16.409296,107.6779818,48,Good,0,28.8,70,0.0,5.1,190,997.1,100,8.7,9.5,267.0,4.3,50.0,2.8
2025-07-19 22:00:00,2025,7,19,22,Huế,Phường Phú Bài,16.409296,107.6779818,46,Good,0,28.6,68,0.0,8.0,216,997.4,100,8.1,8.9,138.0,3.6,51.0,2.6
2025-07-19 23:00:00,2025,7,19,23,Huế,Phường Phú Bài,16.409296,107.6779818,42,Good,0,28.9,66,0.0,10.4,226,997.3,100,7.7,8.4,112.0,3.0,54.0,2.1
2025-07-20 00:00:00,2025,7,20,0,Huế,Phường Phú Bài,16.409296,107.6779818,39,Good,0,28.8,66,0.0,8.0,236,996.9,100,6.5,7.0,131.0,2.3,58.0,1.5
2025-07-20 01:00:00,2025,7,20,1,Huế,Phường Phú Bài,16.409296,107.6779818,35,Good,0,28.1,73,0.0,4.8,228,996.8,100,4.3,4.5,148.0,1.9,61.0,1.1
2025-07-20 02:00:00,2025,7,20,2,Huế,Phường Phú Bài,16.409296,107.6779818,31,Good,0,28.0,74,0.0,2.6,205,996.4,100,2.3,2.3,141.0,1.7,62.0,1.0
2025-07-20 03:00:00,2025,7,20,3,Huế,Phường Phú Bài,16.409296,107.6779818,27,Good,0,27.4,76,0.0,3.3,225,996.2,100,1.4,1.5,132.0,1.6,62.0,1.0
2025-07-20 04:00:00,2025,7,20,4,Huế,Phường Phú Bài,16.409296,107.6779818,26,Good,0,27.4,75,0.0,3.9,236,995.9,100,1.3,1.3,145.0,1.7,60.0,1.1
2025-07-20 05:00:00,2025,7,20,5,Huế,Phường Phú Bài,16.409296,107.6779818,27,Good,0,26.9,77,0.0,4.0,249,996.3,100,1.5,1.5,203.0,2.1,55.0,1.3
2025-07-20 06:00:00,2025,7,20,6,Huế,Phường Phú Bài,16.409296,107.6779818,27,Good,0,27.2,74,0.0,7.5,290,997.0,100,1.7,1.8,284.0,2.6,49.0,1.6
2025-07-20 07:00:00,2025,7,20,7,Huế,Phường Phú Bài,16.409296,107.6779818,27,Good,0,27.1,76,0.0,8.7,278,997.2,100,1.9,1.9,342.0,3.4,51.0,2.4
2025-07-20 08:00:00,2025,7,20,8,Huế,Phường Phú Bài,16.409296,107.6779818,27,Good,0,26.0,93,1.6,8.0,226,997.6,100,2.8,3.1,360.0,3.5,52.0,2.6
2025-07-20 09:00:00,2025,7,20,9,Huế,Phường Phú Bài,16.409296,107.6779818,26,Good,0,27.0,93,1.3,8.1,246,997.7,100,2.3,2.4,355.0,3.6,54.0,2.8
2025-07-20 10:00:00,2025,7,20,10,Huế,Phường Phú Bài,16.409296,107.6779818,26,Good,0,26.9,95,0.4,6.5,267,997.6,100,2.8,2.9,340.0,3.5,56.0,2.9
2025-07-20 11:00:00,2025,7,20,11,Huế,Phường Phú Bài,16.409296,107.6779818,25,Good,0,27.0,92,0.9,8.8,261,997.6,100,3.2,3.2,310.0,3.0,59.0,2.5
2025-07-20 12:00:00,2025,7,20,12,Huế,Phường Phú Bài,16.409296,107.6779818,25,Good,0,29.0,79,0.3,8.9,241,997.2,100,3.5,3.5,270.0,2.4,63.0,2.0
2025-07-20 13:00:00,2025,7,20,13,Huế,Phường Phú Bài,16.409296,107.6779818,25,Good,0,29.0,77,0.3,8.6,244,996.6,100,4.2,4.2,240.0,2.0,65.0,1.6
2025-07-20 14:00:00,2025,7,20,14,Huế,Phường Phú Bài,16.409296,107.6779818,26,Good,0,29.8,72,0.3,9.3,238,996.0,100,5.8,5.9,232.0,2.2,65.0,1.6
2025-07-20 15:00:00,2025,7,20,15,Huế,Phường Phú Bài,16.409296,107.6779818,27,Good,0,30.5,66,0.0,10.0,231,995.3,100,6.4,6.5,235.0,2.6,65.0,1.8
2025-07-20 16:00:00,2025,7,20,16,Huế,Phường Phú Bài,16.409296,107.6779818,28,Good,0,30.4,67,0.0,8.2,229,995.0,100,6.6,6.7,234.0,3.1,63.0,1.9
2025-07-20 17:00:00,2025,7,20,17,Huế,Phường Phú Bài,16.409296,107.6779818,28,Good,0,30.0,70,0.0,6.8,233,995.5,100,6.3,6.4,222.0,3.6,60.0,2.0
2025-07-20 18:00:00,2025,7,20,18,Huế,Phường Phú Bài,16.409296,107.6779818,29,Good,0,28.9,74,0.0,8.4,190,996.1,100,4.9,5.0,206.0,4.1,56.0,2.0
2025-07-20 19:00:00,2025,7,20,19,Huế,Phường Phú Bài,16.409296,107.6779818,29,Good,0,27.9,76,0.0,7.6,188,996.8,100,7.2,7.4,197.0,5.2,55.0,2.8
2025-07-20 20:00:00,2025,7,20,20,Huế,Phường Phú Bài,16.409296,107.6779818,29,Good,0,29.4,63,0.0,11.3,224,996.5,100,6.4,6.6,201.0,4.5,57.0,2.6
2025-07-20 21:00:00,2025,7,20,21,Huế,Phường Phú Bài,16.409296,107.6779818,28,Good,0,28.5,68,0.0,7.7,210,997.0,100,5.9,6.1,212.0,3.6,59.0,2.2
2025-07-20 22:00:00,2025,7,20,22,Huế,Phường Phú Bài,16.409296,107.6779818,28,Good,0,27.5,75,0.0,4.5,187,997.6,100,5.1,5.2,215.0,2.8,60.0,1.9
2025-07-20 23:00:00,2025,7,20,23,Huế,Phường Phú Bài,16.409296,107.6779818,28,Good,0,27.5,74,0.0,10.0,198,997.5,100,4.0,4.1,204.0,2.3,60.0,1.6
2025-07-21 00:00:00,2025,7,21,0,Huế,Phường Phú Bài,16.409296,107.6779818,27,Good,0,27.5,73,0.0,8.0,196,997.0,100,2.8,2.8,186.0,2.0,59.0,1.3
2025-07-21 01:00:00,2025,7,21,1,Huế,Phường Phú Bài,16.409296,107.6779818,27,Good,0,27.4,75,0.0,4.6,191,996.4,100,1.9,1.9,171.0,1.8,58.0,1.1
2025-07-21 02:00:00,2025,7,21,2,Huế,Phường Phú Bài,16.409296,107.6779818,27,Good,0,27.4,78,0.0,3.4,162,995.9,100,1.4,1.5,153.0,1.6,57.0,1.0
2025-07-21 03:00:00,2025,7,21,3,Huế,Phường Phú Bài,16.409296,107.6779818,27,Good,0,27.2,78,0.0,3.2,142,995.8,100,1.3,1.3,138.0,1.5,57.0,1.0
2025-07-21 04:00:00,2025,7,21,4,Huế,Phường Phú Bài,16.409296,107.6779818,27,Good,0,27.4,79,0.0,3.3,174,996.0,100,1.1,1.1,149.0,1.5,55.0,1.0
2025-07-21 05:00:00,2025,7,21,5,Huế,Phường Phú Bài,16.409296,107.6779818,27,Good,0,27.4,77,0.0,1.0,158,996.0,100,0.9,0.9,218.0,1.7,51.0,1.1
2025-07-21 06:00:00,2025,7,21,6,Huế,Phường Phú Bài,16.409296,107.6779818,26,Good,0,27.0,77,0.0,2.4,228,995.9,100,0.8,0.9,314.0,2.1,46.0,1.2
2025-07-21 07:00:00,2025,7,21,7,Huế,Phường Phú Bài,16.409296,107.6779818,26,Good,0,27.6,77,0.0,6.2,240,996.1,100,2.4,2.4,369.0,4.6,44.0,2.6
2025-07-21 08:00:00,2025,7,21,8,Huế,Phường Phú Bài,16.409296,107.6779818,25,Good,0,29.0,80,0.0,3.1,167,997.1,100,2.1,2.2,342.0,4.3,47.0,2.4
2025-07-21 09:00:00,2025,7,21,9,Huế,Phường Phú Bài,16.409296,107.6779818,24,Good,0,30.0,75,0.0,3.6,183,996.8,100,2.4,2.5,274.0,3.8,52.0,2.2
2025-07-21 10:00:00,2025,7,21,10,Huế,Phường Phú Bài,16.409296,107.6779818,24,Good,0,30.2,71,0.1,3.8,180,996.8,100,2.4,2.4,215.0,3.3,55.0,2.0
2025-07-21 11:00:00,2025,7,21,11,Huế,Phường Phú Bài,16.409296,107.6779818,24,Good,0,30.7,68,0.1,5.0,161,997.0,100,1.9,1.9,183.0,2.8,55.0,1.8
2025-07-21 12:00:00,2025,7,21,12,Huế,Phường Phú Bài,16.409296,107.6779818,23,Good,0,31.3,63,0.0,6.3,204,996.9,100,2.4,2.4,162.0,2.4,54.0,1.5
2025-07-21 13:00:00,2025,7,21,13,Huế,Phường Phú Bài,16.409296,107.6779818,23,Good,0,31.2,63,0.2,12.4,251,996.1,100,2.7,2.8,150.0,2.1,54.0,1.4
2025-07-21 14:00:00,2025,7,21,14,Huế,Phường Phú Bài,16.409296,107.6779818,24,Good,0,31.1,62,0.1,11.5,243,995.1,100,3.0,3.2,133.0,2.2,56.0,1.4
2025-07-21 15:00:00,2025,7,21,15,Huế,Phường Phú Bài,16.409296,107.6779818,24,Good,0,31.0,64,0.0,5.1,238,994.4,100,3.6,3.9,125.0,2.4,58.0,1.5
2025-07-21 16:00:00,2025,7,21,16,Huế,Phường Phú Bài,16.409296,107.6779818,25,Good,0,31.1,64,0.0,1.8,156,994.1,100,4.0,4.3,174.0,2.8,60.0,1.6
2025-07-21 17:00:00,2025,7,21,17,Huế,Phường Phú Bài,16.409296,107.6779818,26,Good,0,30.8,69,0.0,4.3,248,994.2,100,4.3,4.6,353.0,3.4,60.0,1.9
2025-07-21 18:00:00,2025,7,21,18,Huế,Phường Phú Bài,16.409296,107.6779818,26,Good,0,29.4,75,0.0,4.4,302,994.7,100,4.6,4.8,588.0,4.1,60.0,2.3
2025-07-21 19:00:00,2025,7,21,19,Huế,Phường Phú Bài,16.409296,107.6779818,26,Good,0,28.7,78,0.0,3.9,167,995.3,100,5.2,5.6,701.0,4.5,58.0,2.6
2025-07-21 20:00:00,2025,7,21,20,Huế,Phường Phú Bài,16.409296,107.6779818,27,Good,0,28.9,75,0.0,2.6,196,996.6,100,4.7,4.9,573.0,4.3,60.0,2.7
2025-07-21 21:00:00,2025,7,21,21,Huế,Phường Phú Bài,16.409296,107.6779818,27,Good,0,28.5,73,0.0,8.6,154,996.5,100,4.1,4.2,324.0,4.1,63.0,2.8
2025-07-21 22:00:00,2025,7,21,22,Huế,Phường Phú Bài,16.409296,107.6779818,28,Good,0,28.8,67,0.0,7.9,164,997.1,100,3.4,3.5,136.0,3.7,65.0,2.7
2025-07-21 23:00:00,2025,7,21,23,Huế,Phường Phú Bài,16.409296,107.6779818,28,Good,0,29.0,65,0.0,9.0,190,997.7,100,2.8,3.0,92.0,3.2,64.0,2.4
2025-07-22 00:00:00,2025,7,22,0,Huế,Phường Phú Bài,16.409296,107.6779818,28,Good,0,28.6,67,0.0,6.9,211,996.9,100,2.3,2.4,109.0,2.6,62.0,2.0
2025-07-22 01:00:00,2025,7,22,1,Huế,Phường Phú Bài,16.409296,107.6779818,29,Good,0,27.9,71,0.3,5.8,236,996.2,100,2.1,2.1,126.0,2.1,60.0,1.6
2025-07-22 02:00:00,2025,7,22,2,Huế,Phường Phú Bài,16.409296,107.6779818,29,Good,0,27.6,72,0.4,12.1,221,995.3,100,2.0,2.1,122.0,1.8,58.0,1.4
2025-07-22 03:00:00,2025,7,22,3,Huế,Phường Phú Bài,16.409296,107.6779818,28,Good,0,28.0,69,0.2,18.4,233,994.7,100,1.9,2.0,118.0,1.7,55.0,1.3
2025-07-22 04:00:00,2025,7,22,4,Huế,Phường Phú Bài,16.409296,107.6779818,28,Good,0,28.5,64,0.0,21.7,248,994.6,100,1.9,2.0,117.0,1.7,53.0,1.2
2025-07-22 05:00:00,2025,7,22,5,Huế,Phường Phú Bài,16.409296,107.6779818,28,Good,0,29.0,60,0.0,24.3,246,994.4,100,2.0,2.2,123.0,1.9,51.0,1.2
2025-07-22 06:00:00,2025,7,22,6,Huế,Phường Phú Bài,16.409296,107.6779818,27,Good,0,29.5,58,0.0,23.8,243,994.6,100,1.8,2.0,132.0,2.2,48.0,1.2
2025-07-22 07:00:00,2025,7,22,7,Huế,Phường Phú Bài,16.409296,107.6779818,26,Good,0,29.3,62,0.0,16.4,243,995.5,100,12.9,13.3,138.0,11.6,36.0,6.4
2025-07-22 08:00:00,2025,7,22,8,Huế,Phường Phú Bài,16.409296,107.6779818,25,Good,0,30.1,67,0.0,8.4,161,996.2,100,12.1,12.5,137.0,9.6,49.0,6.2
2025-07-22 09:00:00,2025,7,22,9,Huế,Phường Phú Bài,16.409296,107.6779818,24,Good,0,31.4,60,0.0,2.3,198,996.9,100,10.4,10.6,133.0,6.9,67.0,5.9
2025-07-22 10:00:00,2025,7,22,10,Huế,Phường Phú Bài,16.409296,107.6779818,24,Good,0,31.5,59,0.0,3.3,126,997.0,100,8.9,9.1,129.0,4.7,79.0,5.4
2025-07-22 11:00:00,2025,7,22,11,Huế,Phường Phú Bài,16.409296,107.6779818,25,Good,0,31.8,57,0.0,7.4,157,996.8,100,6.9,7.3,125.0,3.4,78.0,4.4
2025-07-22 12:00:00,2025,7,22,12,Huế,Phường Phú Bài,16.409296,107.6779818,27,Good,0,31.4,59,0.0,12.0,204,996.1,100,4.6,4.7,122.0,2.6,70.0,3.1
2025-07-22 13:00:00,2025,7,22,13,Huế,Phường Phú Bài,16.409296,107.6779818,28,Good,0,31.6,59,0.0,10.1,221,995.7,100,3.8,3.8,121.0,2.2,64.0,2.2
2025-07-22 14:00:00,2025,7,22,14,Huế,Phường Phú Bài,16.409296,107.6779818,28,Good,0,31.9,57,0.0,8.4,196,995.0,100,3.2,3.2,123.0,1.9,64.0,2.0
2025-07-22 15:00:00,2025,7,22,15,Huế,Phường Phú Bài,16.409296,107.6779818,29,Good,0,31.4,60,0.0,9.8,197,994.6,100,4.5,4.5,128.0,1.9,65.0,2.2
2025-07-22 16:00:00,2025,7,22,16,Huế,Phường Phú Bài,16.409296,107.6779818,31,Good,0,31.3,59,0.0,13.3,207,994.6,100,5.5,5.5,135.0,3.4,65.0,2.9
2025-07-22 17:00:00,2025,7,22,17,Huế,Phường Phú Bài,16.409296,107.6779818,32,Good,0,30.8,59,0.0,15.3,205,994.5,100,10.5,10.7,144.0,7.5,63.0,4.3
2025-07-22 18:00:00,2025,7,22,18,Huế,Phường Phú Bài,16.409296,107.6779818,32,Good,0,30.1,59,0.0,13.6,203,995.3,100,15.0,15.5,156.0,12.9,60.0,6.3
2025-07-22 19:00:00,2025,7,22,19,Huế,Phường Phú Bài,16.409296,107.6779818,31,Good,0,29.9,57,0.0,11.8,200,996.2,100,20.9,21.2,170.0,20.8,47.0,8.5
2025-07-22 20:00:00,2025,7,22,20,Huế,Phường Phú Bài,16.409296,107.6779818,29,Good,0,29.9,61,0.0,9.4,178,997.8,100,25.6,26.0,191.0,22.1,46.0,10.2
2025-07-22 21:00:00,2025,7,22,21,Huế,Phường Phú Bài,16.409296,107.6779818,29,Good,0,29.3,63,0.0,6.6,169,998.7,100,28.7,29.2,216.0,24.0,44.0,12.4
2025-07-22 22:00:00,2025,7,22,22,Huế,Phường Phú Bài,16.409296,107.6779818,34,Good,0,28.6,68,0.0,8.4,199,999.4,100,30.6,31.4,230.0,25.2,41.0,13.8
2025-07-22 23:00:00,2025,7,22,23,Huế,Phường Phú Bài,16.409296,107.6779818,38,Good,0,27.8,74,0.0,6.7,199,999.4,99,32.2,33.2,228.0,25.5,36.0,13.5
2025-07-23 00:00:00,2025,7,23,0,Huế,Phường Phú Bài,16.409296,107.6779818,43,Good,0,27.2,79,0.0,6.7,177,999.5,97,33.2,34.0,215.0,25.3,30.0,12.3
2025-07-23 01:00:00,2025,7,23,1,Huế,Phường Phú Bài,16.409296,107.6779818,49,Good,0,27.0,79,0.0,6.4,169,998.6,100,32.5,33.2,201.0,24.4,25.0,11.1
2025-07-23 02:00:00,2025,7,23,2,Huế,Phường Phú Bài,16.409296,107.6779818,52,Moderate,1,26.4,81,0.0,5.4,176,997.8,100,31.3,32.0,180.0,22.8,22.0,10.3
2025-07-23 03:00:00,2025,7,23,3,Huế,Phường Phú Bài,16.409296,107.6779818,55,Moderate,1,26.4,79,0.0,4.7,171,997.8,100,30.2,30.9,156.0,20.5,20.0,9.5
2025-07-23 04:00:00,2025,7,23,4,Huế,Phường Phú Bài,16.409296,107.6779818,57,Moderate,1,25.9,80,0.0,3.8,169,998.1,100,28.6,29.3,152.0,18.3,22.0,8.9
2025-07-23 05:00:00,2025,7,23,5,Huế,Phường Phú Bài,16.409296,107.6779818,60,Moderate,1,25.7,82,0.0,4.2,160,998.5,100,26.8,27.4,192.0,16.3,30.0,8.7
2025-07-23 06:00:00,2025,7,23,6,Huế,Phường Phú Bài,16.409296,107.6779818,62,Moderate,1,25.8,83,0.0,6.0,170,998.6,100,26.4,27.0,251.0,14.4,42.0,8.7
2025-07-23 07:00:00,2025,7,23,7,Huế,Phường Phú Bài,16.409296,107.6779818,64,Moderate,1,27.4,81,0.0,4.8,151,999.1,100,27.5,28.2,280.0,12.9,39.0,8.0
2025-07-23 08:00:00,2025,7,23,8,Huế,Phường Phú Bài,16.409296,107.6779818,65,Moderate,1,30.4,73,0.0,4.0,175,1000.0,100,23.1,24.0,246.0,10.5,57.0,7.9
2025-07-23 09:00:00,2025,7,23,9,Huế,Phường Phú Bài,16.409296,107.6779818,66,Moderate,1,32.5,58,0.0,7.5,217,1000.1,100,20.0,20.8,181.0,7.1,83.0,7.6
2025-07-23 10:00:00,2025,7,23,10,Huế,Phường Phú Bài,16.409296,107.6779818,67,Moderate,1,33.2,54,0.0,12.1,238,1000.1,100,17.2,17.8,134.0,4.4,104.0,7.3
2025-07-23 11:00:00,2025,7,23,11,Huế,Phường Phú Bài,16.409296,107.6779818,68,Moderate,1,34.0,51,0.0,13.3,238,1000.0,100,15.9,16.5,125.0,3.1,118.0,6.7
2025-07-23 12:00:00,2025,7,23,12,Huế,Phường Phú Bài,16.409296,107.6779818,69,Moderate,1,32.9,58,1.1,8.9,242,999.4,100,15.3,15.7,133.0,2.5,128.0,6.1
2025-07-23 13:00:00,2025,7,23,13,Huế,Phường Phú Bài,16.409296,107.6779818,70,Moderate,1,33.6,55,0.0,8.5,257,998.4,100,14.0,14.4,143.0,2.3,131.0,5.5
2025-07-23 14:00:00,2025,7,23,14,Huế,Phường Phú Bài,16.409296,107.6779818,70,Moderate,1,34.3,53,0.0,8.8,266,997.5,100,11.8,12.2,143.0,2.4,123.0,5.0
2025-07-23 15:00:00,2025,7,23,15,Huế,Phường Phú Bài,16.409296,107.6779818,71,Moderate,1,34.7,49,0.0,10.7,253,996.8,100,11.6,11.9,145.0,3.0,108.0,4.5
2025-07-23 16:00:00,2025,7,23,16,Huế,Phường Phú Bài,16.409296,107.6779818,72,Moderate,1,34.0,51,0.0,5.4,220,996.4,100,11.9,12.2,174.0,4.4,94.0,4.6
2025-07-23 17:00:00,2025,7,23,17,Huế,Phường Phú Bài,16.409296,107.6779818,72,Moderate,1,33.0,56,0.0,4.1,225,997.1,100,13.6,13.9,236.0,7.2,84.0,5.4
2025-07-23 18:00:00,2025,7,23,18,Huế,Phường Phú Bài,16.409296,107.6779818,73,Moderate,1,31.0,66,0.0,4.5,209,998.0,100,16.6,16.9,323.0,11.0,75.0,6.7
2025-07-23 19:00:00,2025,7,23,19,Huế,Phường Phú Bài,16.409296,107.6779818,73,Moderate,1,30.5,61,0.0,10.2,208,999.7,100,27.0,28.8,441.0,15.2,65.0,9.1
2025-07-23 20:00:00,2025,7,23,20,Huế,Phường Phú Bài,16.409296,107.6779818,73,Moderate,1,29.2,72,0.0,5.4,26,1000.5,100,29.2,31.0,631.0,16.5,57.0,9.7
2025-07-23 21:00:00,2025,7,23,21,Huế,Phường Phú Bài,16.409296,107.6779818,74,Moderate,1,28.5,77,0.0,6.2,54,1001.6,100,30.2,31.4,851.0,18.4,46.0,10.5
2025-07-23 22:00:00,2025,7,23,22,Huế,Phường Phú Bài,16.409296,107.6779818,74,Moderate,1,28.5,82,0.0,0.4,243,1001.9,100,31.3,32.6,975.0,20.0,36.0,11.0
2025-07-23 23:00:00,2025,7,23,23,Huế,Phường Phú Bài,16.409296,107.6779818,74,Moderate,1,28.0,84,0.0,0.4,180,1002.1,100,34.5,35.6,931.0,21.2,29.0,10.9
2025-07-24 00:00:00,2025,7,24,0,Huế,Phường Phú Bài,16.409296,107.6779818,74,Moderate,1,27.4,86,0.0,4.7,223,1001.6,100,34.6,35.9,793.0,22.2,23.0,10.5
2025-07-24 01:00:00,2025,7,24,1,Huế,Phường Phú Bài,16.409296,107.6779818,74,Moderate,1,26.9,83,0.0,9.5,234,1001.2,100,31.7,33.2,653.0,22.3,19.0,9.9
2025-07-24 02:00:00,2025,7,24,2,Huế,Phường Phú Bài,16.409296,107.6779818,74,Moderate,1,26.9,77,0.0,8.7,228,1000.4,100,26.4,27.7,531.0,21.1,16.0,9.1
2025-07-24 03:00:00,2025,7,24,3,Huế,Phường Phú Bài,16.409296,107.6779818,74,Moderate,1,26.8,78,0.0,6.5,247,1000.0,100,24.5,25.7,408.0,19.0,14.0,8.3
2025-07-24 04:00:00,2025,7,24,4,Huế,Phường Phú Bài,16.409296,107.6779818,73,Moderate,1,26.9,78,0.0,6.4,238,1000.0,100,23.7,24.7,323.0,16.9,16.0,7.8
2025-07-24 05:00:00,2025,7,24,5,Huế,Phường Phú Bài,16.409296,107.6779818,73,Moderate,1,27.0,77,0.0,7.6,243,1000.2,100,24.2,25.0,307.0,15.2,24.0,8.1
2025-07-24 06:00:00,2025,7,24,6,Huế,Phường Phú Bài,16.409296,107.6779818,73,Moderate,1,26.9,79,0.0,6.3,250,1000.6,100,26.7,27.5,329.0,13.4,36.0,8.8
2025-07-24 07:00:00,2025,7,24,7,Huế,Phường Phú Bài,16.409296,107.6779818,73,Moderate,1,28.0,77,0.0,5.1,264,1001.3,100,23.5,24.4,332.0,12.4,34.0,7.7
2025-07-24 08:00:00,2025,7,24,8,Huế,Phường Phú Bài,16.409296,107.6779818,72,Moderate,1,30.3,75,0.0,5.5,261,1001.9,100,16.6,17.4,282.0,10.1,48.0,7.1
2025-07-24 09:00:00,2025,7,24,9,Huế,Phường Phú Bài,16.409296,107.6779818,72,Moderate,1,29.6,73,0.3,6.8,217,1002.1,100,16.6,17.3,213.0,7.0,66.0,6.2
2025-07-24 10:00:00,2025,7,24,10,Huế,Phường Phú Bài,16.409296,107.6779818,71,Moderate,1,31.1,66,0.0,7.1,255,1002.4,100,10.4,10.8,166.0,4.4,78.0,5.2
2025-07-24 11:00:00,2025,7,24,11,Huế,Phường Phú Bài,16.409296,107.6779818,71,Moderate,1,31.1,67,0.2,7.3,279,1001.8,100,6.8,7.0,161.0,3.0,76.0,4.0
2025-07-24 12:00:00,2025,7,24,12,Huế,Phường Phú Bài,16.409296,107.6779818,70,Moderate,1,29.2,79,0.7,0.9,307,1001.3,100,4.8,5.0,179.0,2.3,68.0,2.8
2025-07-24 13:00:00,2025,7,24,13,Huế,Phường Phú Bài,16.409296,107.6779818,69,Moderate,1,30.5,74,0.0,3.5,165,1000.5,100,4.9,5.3,197.0,1.9,62.0,1.9
2025-07-24 14:00:00,2025,7,24,14,Huế,Phường Phú Bài,16.409296,107.6779818,68,Moderate,1,31.2,72,1.3,1.8,336,999.9,100,5.7,6.3,201.0,1.8,62.0,1.6
2025-07-24 15:00:00,2025,7,24,15,Huế,Phường Phú Bài,16.409296,107.6779818,68,Moderate,1,31.7,69,0.3,5.4,285,999.2,100,7.3,7.9,205.0,2.0,65.0,1.7
2025-07-24 16:00:00,2025,7,24,16,Huế,Phường Phú Bài,16.409296,107.6779818,67,Moderate,1,32.1,61,0.0,6.6,286,999.2,100,7.6,8.4,238.0,2.8,65.0,2.1
2025-07-24 17:00:00,2025,7,24,17,Huế,Phường Phú Bài,16.409296,107.6779818,67,Moderate,1,31.4,63,0.0,4.9,260,999.4,100,8.1,9.1,324.0,4.1,61.0,2.6
2025-07-24 18:00:00,2025,7,24,18,Huế,Phường Phú Bài,16.409296,107.6779818,66,Moderate,1,30.2,69,0.0,4.0,265,999.5,100,11.0,12.3,437.0,6.0,56.0,3.3
2025-07-24 19:00:00,2025,7,24,19,Huế,Phường Phú Bài,16.409296,107.6779818,66,Moderate,1,29.4,69,0.0,2.8,243,1000.3,100,18.6,19.6,531.0,18.6,43.0,8.2
2025-07-24 20:00:00,2025,7,24,20,Huế,Phường Phú Bài,16.409296,107.6779818,65,Moderate,1,27.4,96,0.1,3.9,227,1001.3,100,23.0,24.2,593.0,21.8,39.0,10.5
2025-07-24 21:00:00,2025,7,24,21,Huế,Phường Phú Bài,16.409296,107.6779818,65,Moderate,1,28.0,88,0.4,2.1,195,1002.1,100,26.4,27.8,634.0,26.2,34.0,13.8
2025-07-24 22:00:00,2025,7,24,22,Huế,Phường Phú Bài,16.409296,107.6779818,64,Moderate,1,28.1,81,0.0,1.4,247,1002.7,100,31.4,33.2,644.0,30.0,29.0,16.0
2025-07-24 23:00:00,2025,7,24,23,Huế,Phường Phú Bài,16.409296,107.6779818,64,Moderate,1,27.6,87,0.2,3.6,221,1002.9,100,35.3,37.3,603.0,33.8,24.0,16.8
2025-07-25 00:00:00,2025,7,25,0,Huế,Phường Phú Bài,16.409296,107.6779818,64,Moderate,1,26.5,91,2.8,4.2,205,1002.6,100,38.6,40.3,530.0,36.9,20.0,16.5
2025-07-25 01:00:00,2025,7,25,1,Huế,Phường Phú Bài,16.409296,107.6779818,65,Moderate,1,25.9,93,1.6,5.5,229,1002.0,100,40.0,41.6,469.0,36.0,20.0,15.1
2025-07-25 02:00:00,2025,7,25,2,Huế,Phường Phú Bài,16.409296,107.6779818,65,Moderate,1,25.5,93,0.4,5.3,246,1001.1,100,33.9,35.3,442.0,27.4,27.0,11.5
2025-07-25 03:00:00,2025,7,25,3,Huế,Phường Phú Bài,16.409296,107.6779818,66,Moderate,1,25.3,91,0.0,7.3,230,1001.1,100,18.8,20.1,426.0,14.6,38.0,6.7
2025-07-25 04:00:00,2025,7,25,4,Huế,Phường Phú Bài,16.409296,107.6779818,66,Moderate,1,25.0,93,0.2,4.6,234,1001.2,100,6.7,7.6,401.0,5.1,47.0,3.1
2025-07-25 05:00:00,2025,7,25,5,Huế,Phường Phú Bài,16.409296,107.6779818,64,Moderate,1,24.7,94,0.1,5.9,223,1001.1,100,3.3,3.8,341.0,2.2,50.0,1.9
2025-07-25 06:00:00,2025,7,25,6,Huế,Phường Phú Bài,16.409296,107.6779818,62,Moderate,1,24.9,94,0.0,6.5,265,1001.5,100,2.6,3.0,271.0,2.5,50.0,2.0
2025-07-25 07:00:00,2025,7,25,7,Huế,Phường Phú Bài,16.409296,107.6779818,60,Moderate,1,25.5,91,0.2,9.5,307,1002.4,100,22.6,22.9,248.0,13.2,44.0,7.6
2025-07-25 08:00:00,2025,7,25,8,Huế,Phường Phú Bài,16.409296,107.6779818,60,Moderate,1,25.8,95,0.2,10.2,300,1003.1,100,10.3,10.7,325.0,10.0,51.0,6.3
2025-07-25 09:00:00,2025,7,25,9,Huế,Phường Phú Bài,16.409296,107.6779818,59,Moderate,1,25.7,95,1.3,3.9,332,1003.1,100,7.2,7.7,449.0,5.7,61.0,4.6
2025-07-25 10:00:00,2025,7,25,10,Huế,Phường Phú Bài,16.409296,107.6779818,59,Moderate,1,26.1,93,1.1,2.8,220,1002.9,100,6.0,6.7,514.0,2.5,69.0,3.3
2025-07-25 11:00:00,2025,7,25,11,Huế,Phường Phú Bài,16.409296,107.6779818,58,Moderate,1,26.8,92,2.6,3.8,169,1002.7,100,6.4,7.2,456.0,1.4,72.0,2.8
2025-07-25 12:00:00,2025,7,25,12,Huế,Phường Phú Bài,16.409296,107.6779818,58,Moderate,1,27.2,87,2.0,2.7,208,1001.9,100,7.0,8.0,338.0,1.5,73.0,2.8
2025-07-25 13:00:00,2025,7,25,13,Huế,Phường Phú Bài,16.409296,107.6779818,58,Moderate,1,27.7,87,0.5,2.9,169,1001.2,100,7.7,9.0,247.0,2.0,72.0,2.9
2025-07-25 14:00:00,2025,7,25,14,Huế,Phường Phú Bài,16.409296,107.6779818,59,Moderate,1,28.5,81,0.0,3.9,233,1000.5,100,9.6,10.9,210.0,2.2,69.0,2.8
2025-07-25 15:00:00,2025,7,25,15,Huế,Phường Phú Bài,16.409296,107.6779818,59,Moderate,1,29.7,75,0.0,4.1,229,999.8,98,11.1,12.5,200.0,2.9,64.0,2.9
2025-07-25 16:00:00,2025,7,25,16,Huế,Phường Phú Bài,16.409296,107.6779818,59,Moderate,1,29.9,72,0.0,5.2,241,999.4,93,10.6,12.0,216.0,5.1,57.0,3.4
2025-07-25 17:00:00,2025,7,25,17,Huế,Phường Phú Bài,16.409296,107.6779818,60,Moderate,1,29.8,73,0.0,4.8,214,999.6,99,11.2,12.7,278.0,10.7,47.0,4.9
2025-07-25 18:00:00,2025,7,25,18,Huế,Phường Phú Bài,16.409296,107.6779818,60,Moderate,1,28.9,82,0.0,3.3,193,1000.2,82,13.7,15.3,367.0,17.8,35.0,6.8
2025-07-25 19:00:00,2025,7,25,19,Huế,Phường Phú Bài,16.409296,107.6779818,60,Moderate,1,27.6,88,0.0,6.0,196,1000.7,95,23.3,24.3,421.0,25.9,22.0,8.6
2025-07-25 20:00:00,2025,7,25,20,Huế,Phường Phú Bài,16.409296,107.6779818,61,Moderate,1,27.5,89,0.0,3.2,227,1001.8,97,21.4,22.4,406.0,23.9,21.0,8.2
2025-07-25 21:00:00,2025,7,25,21,Huế,Phường Phú Bài,16.409296,107.6779818,60,Moderate,1,27.0,92,0.0,5.0,224,1002.1,97,20.3,21.4,356.0,21.0,19.0,7.5
2025-07-25 22:00:00,2025,7,25,22,Huế,Phường Phú Bài,16.409296,107.6779818,60,Moderate,1,26.8,90,0.0,5.4,228,1002.8,100,20.3,21.4,314.0,18.7,18.0,6.8
2025-07-25 23:00:00,2025,7,25,23,Huế,Phường Phú Bài,16.409296,107.6779818,59,Moderate,1,26.9,81,0.0,5.2,236,1002.8,98,21.4,22.5,301.0,17.6,17.0,6.0
2025-07-26 00:00:00,2025,7,26,0,Huế,Phường Phú Bài,16.409296,107.6779818,58,Moderate,1,26.5,79,0.0,4.6,234,1002.1,100,20.7,21.7,296.0,17.1,17.0,5.1
2025-07-26 01:00:00,2025,7,26,1,Huế,Phường Phú Bài,16.409296,107.6779818,56,Moderate,1,26.2,81,0.0,4.2,192,1001.5,100,17.8,18.7,281.0,16.0,17.0,4.3
2025-07-26 02:00:00,2025,7,26,2,Huế,Phường Phú Bài,16.409296,107.6779818,54,Moderate,1,26.2,81,0.2,3.1,350,1001.6,100,15.1,15.8,233.0,13.8,18.0,3.6
2025-07-26 03:00:00,2025,7,26,3,Huế,Phường Phú Bài,16.409296,107.6779818,52,Moderate,1,25.5,94,1.8,3.5,189,1000.7,100,13.0,13.5,174.0,11.2,20.0,3.0
2025-07-26 04:00:00,2025,7,26,4,Huế,Phường Phú Bài,16.409296,107.6779818,52,Moderate,1,25.5,88,0.3,5.4,228,1000.8,98,10.8,11.1,151.0,8.8,25.0,2.6
2025-07-26 05:00:00,2025,7,26,5,Huế,Phường Phú Bài,16.409296,107.6779818,52,Moderate,1,25.5,88,0.5,6.9,221,1000.9,99,7.9,8.0,200.0,7.1,33.0,2.6
2025-07-26 06:00:00,2025,7,26,6,Huế,Phường Phú Bài,16.409296,107.6779818,53,Moderate,1,25.7,84,0.0,8.1,211,1001.5,97,5.7,5.8,285.0,5.7,44.0,2.8
2025-07-26 07:00:00,2025,7,26,7,Huế,Phường Phú Bài,16.409296,107.6779818,53,Moderate,1,26.9,81,0.0,13.8,220,1001.5,89,17.1,17.8,339.0,7.5,51.0,4.5
2025-07-26 08:00:00,2025,7,26,8,Huế,Phường Phú Bài,16.409296,107.6779818,52,Moderate,1,27.5,90,0.4,7.1,232,1001.8,93,13.4,14.0,328.0,6.0,66.0,4.4
2025-07-26 09:00:00,2025,7,26,9,Huế,Phường Phú Bài,16.409296,107.6779818,53,Moderate,1,28.9,81,0.0,3.4,270,1001.9,94,10.2,10.6,285.0,4.0,86.0,4.3
2025-07-26 10:00:00,2025,7,26,10,Huế,Phường Phú Bài,16.409296,107.6779818,53,Moderate,1,30.5,72,0.0,5.5,261,1001.8,97,7.3,7.5,249.0,2.5,98.0,4.1
2025-07-26 11:00:00,2025,7,26,11,Huế,Phường Phú Bài,16.409296,107.6779818,53,Moderate,1,32.3,64,0.0,8.1,269,1001.5,83,5.6,5.7,233.0,1.8,96.0,3.6
2025-07-26 12:00:00,2025,7,26,12,Huế,Phường Phú Bài,16.409296,107.6779818,53,Moderate,1,31.8,66,0.1,10.3,266,1001.2,93,4.1,4.1,223.0,1.6,87.0,2.9
2025-07-26 13:00:00,2025,7,26,13,Huế,Phường Phú Bài,16.409296,107.6779818,53,Moderate,1,32.0,65,0.1,7.1,289,1000.9,97,3.5,3.8,215.0,1.7,78.0,2.4
2025-07-26 14:00:00,2025,7,26,14,Huế,Phường Phú Bài,16.409296,107.6779818,52,Moderate,1,30.2,73,2.3,10.6,261,1000.7,98,3.6,4.0,204.0,1.8,71.0,2.2
2025-07-26 15:00:00,2025,7,26,15,Huế,Phường Phú Bài,16.409296,107.6779818,52,Moderate,1,30.0,72,0.1,4.4,218,1000.1,99,4.0,4.3,195.0,2.3,64.0,2.2
2025-07-26 16:00:00,2025,7,26,16,Huế,Phường Phú Bài,16.409296,107.6779818,51,Moderate,1,27.5,91,6.0,6.3,180,1000.2,100,5.4,5.7,202.0,4.0,57.0,2.6
2025-07-26 17:00:00,2025,7,26,17,Huế,Phường Phú Bài,16.409296,107.6779818,51,Moderate,1,26.9,96,2.1,5.8,219,1000.3,100,7.0,7.4,236.0,8.2,49.0,3.9
2025-07-26 18:00:00,2025,7,26,18,Huế,Phường Phú Bài,16.409296,107.6779818,50,Good,0,26.5,97,1.7,6.0,197,1000.5,100,7.2,7.8,286.0,13.7,40.0,5.6
2025-07-26 19:00:00,2025,7,26,19,Huế,Phường Phú Bài,16.409296,107.6779818,50,Good,0,26.5,96,0.3,2.3,209,1001.1,92,13.0,13.1,327.0,19.6,46.0,8.4
2025-07-26 20:00:00,2025,7,26,20,Huế,Phường Phú Bài,16.409296,107.6779818,48,Good,0,25.5,98,2.1,7.2,242,1002.0,100,19.2,19.6,352.0,24.0,40.0,11.0
2025-07-26 21:00:00,2025,7,26,21,Huế,Phường Phú Bài,16.409296,107.6779818,48,Good,0,24.6,98,3.9,9.9,217,1002.9,100,23.7,24.3,369.0,29.9,31.0,14.4
2025-07-26 22:00:00,2025,7,26,22,Huế,Phường Phú Bài,16.409296,107.6779818,48,Good,0,24.2,99,6.1,7.1,190,1003.3,100,26.1,26.7,377.0,33.0,25.0,16.2
2025-07-26 23:00:00,2025,7,26,23,Huế,Phường Phú Bài,16.409296,107.6779818,49,Good,0,24.6,99,0.9,6.8,212,1003.2,100,23.5,24.0,378.0,31.1,22.0,14.8
2025-07-27 00:00:00,2025,7,27,0,Huế,Phường Phú Bài,16.409296,107.6779818,49,Good,0,25.0,97,0.0,5.8,187,1002.5,100,20.7,21.1,371.0,26.4,21.0,11.6
2025-07-27 01:00:00,2025,7,27,1,Huế,Phường Phú Bài,16.409296,107.6779818,49,Good,0,25.7,95,0.0,10.9,224,1001.5,100,18.0,18.3,352.0,21.7,22.0,8.9
2025-07-27 02:00:00,2025,7,27,2,Huế,Phường Phú Bài,16.409296,107.6779818,49,Good,0,25.8,91,0.0,9.7,230,1000.7,100,14.4,14.7,305.0,17.4,26.0,7.1
2025-07-27 03:00:00,2025,7,27,3,Huế,Phường Phú Bài,16.409296,107.6779818,49,Good,0,25.5,90,0.0,9.7,223,1000.3,100,11.1,11.2,246.0,13.0,31.0,5.7
2025-07-27 04:00:00,2025,7,27,4,Huế,Phường Phú Bài,16.409296,107.6779818,49,Good,0,25.2,90,0.0,6.5,231,1000.2,71,8.8,8.9,215.0,10.3,35.0,5.0
2025-07-27 05:00:00,2025,7,27,5,Huế,Phường Phú Bài,16.409296,107.6779818,49,Good,0,24.9,92,0.0,7.5,215,1000.2,70,8.5,8.6,243.0,10.7,35.0,5.4
2025-07-27 06:00:00,2025,7,27,6,Huế,Phường Phú Bài,16.409296,107.6779818,49,Good,0,25.0,91,0.0,10.0,213,1000.6,80,10.6,10.7,298.0,12.7,33.0,6.5
2025-07-27 07:00:00,2025,7,27,7,Huế,Phường Phú Bài,16.409296,107.6779818,50,Good,0,26.8,87,0.0,8.5,178,1001.0,100,9.5,10.0,328.0,7.0,56.0,4.6
2025-07-27 08:00:00,2025,7,27,8,Huế,Phường Phú Bài,16.409296,107.6779818,48,Good,0,27.2,93,3.1,8.0,185,1001.7,100,6.4,6.8,301.0,7.1,60.0,4.9
2025-07-27 09:00:00,2025,7,27,9,Huế,Phường Phú Bài,16.409296,107.6779818,47,Good,0,27.8,87,1.0,5.4,172,1002.4,100,8.6,9.1,249.0,7.3,65.0,5.4
2025-07-27 10:00:00,2025,7,27,10,Huế,Phường Phú Bài,16.409296,107.6779818,47,Good,0,28.9,80,0.2,3.5,235,1002.5,100,8.2,8.6,209.0,7.1,71.0,5.8
2025-07-27 11:00:00,2025,7,27,11,Huế,Phường Phú Bài,16.409296,107.6779818,47,Good,0,29.0,82,0.1,4.9,180,1002.2,100,8.2,8.5,198.0,6.2,78.0,6.0
2025-07-27 12:00:00,2025,7,27,12,Huế,Phường Phú Bài,16.409296,107.6779818,47,Good,0,30.4,74,0.0,4.2,230,1001.7,100,8.2,8.4,199.0,5.0,85.0,6.1
2025-07-27 13:00:00,2025,7,27,13,Huế,Phường Phú Bài,16.409296,107.6779818,48,Good,0,30.5,70,0.0,9.7,260,1000.7,100,7.8,7.9,202.0,4.0,89.0,6.0
2025-07-27 14:00:00,2025,7,27,14,Huế,Phường Phú Bài,16.409296,107.6779818,49,Good,0,30.6,70,0.0,3.2,308,999.8,93,6.6,6.8,190.0,2.8,89.0,5.2
2025-07-27 15:00:00,2025,7,27,15,Huế,Phường Phú Bài,16.409296,107.6779818,49,Good,0,31.5,65,0.1,1.3,360,999.2,90,6.5,6.7,179.0,1.9,87.0,4.2
2025-07-27 16:00:00,2025,7,27,16,Huế,Phường Phú Bài,16.409296,107.6779818,50,Good,0,31.5,65,0.1,1.3,315,998.6,99,6.9,7.1,207.0,3.0,83.0,4.1
2025-07-27 17:00:00,2025,7,27,17,Huế,Phường Phú Bài,16.409296,107.6779818,50,Good,0,31.1,66,0.0,2.6,245,998.7,65,6.7,7.0,319.0,8.0,76.0,5.5
2025-07-27 18:00:00,2025,7,27,18,Huế,Phường Phú Bài,16.409296,107.6779818,50,Good,0,29.9,78,0.0,0.7,256,999.1,39,11.8,12.0,471.0,15.1,67.0,7.8
2025-07-27 19:00:00,2025,7,27,19,Huế,Phường Phú Bài,16.409296,107.6779818,50,Good,0,28.5,83,0.0,0.6,56,1000.1,95,16.5,16.6,566.0,21.9,37.0,8.9
2025-07-27 20:00:00,2025,7,27,20,Huế,Phường Phú Bài,16.409296,107.6779818,51,Moderate,1,27.1,82,0.1,3.6,210,1001.2,97,18.6,18.7,555.0,22.5,34.0,9.9
2025-07-27 21:00:00,2025,7,27,21,Huế,Phường Phú Bài,16.409296,107.6779818,51,Moderate,1,26.7,87,0.0,1.9,229,1002.0,94,19.4,19.7,489.0,23.3,29.0,11.1
2025-07-27 22:00:00,2025,7,27,22,Huế,Phường Phú Bài,16.409296,107.6779818,50,Good,0,26.2,89,0.0,4.9,197,1002.7,100,22.3,22.6,421.0,23.6,25.0,11.7
2025-07-27 23:00:00,2025,7,27,23,Huế,Phường Phú Bài,16.409296,107.6779818,50,Good,0,26.1,91,0.0,7.0,201,1002.8,100,23.8,24.2,368.0,23.0,23.0,10.9
2025-07-28 00:00:00,2025,7,28,0,Huế,Phường Phú Bài,16.409296,107.6779818,50,Good,0,26.1,89,0.0,6.2,210,1002.2,100,24.3,24.7,315.0,21.9,23.0,9.5
2025-07-28 01:00:00,2025,7,28,1,Huế,Phường Phú Bài,16.409296,107.6779818,50,Good,0,26.3,84,0.0,4.8,200,1001.0,92,24.1,24.4,267.0,20.9,22.0,8.3
2025-07-28 02:00:00,2025,7,28,2,Huế,Phường Phú Bài,16.409296,107.6779818,51,Moderate,1,25.5,87,0.0,4.8,191,1000.8,97,24.8,25.1,219.0,20.4,19.0,7.9
2025-07-28 03:00:00,2025,7,28,3,Huế,Phường Phú Bài,16.409296,107.6779818,52,Moderate,1,25.2,90,0.0,3.8,180,1000.6,100,25.6,25.9,176.0,20.0,16.0,7.8
2025-07-28 04:00:00,2025,7,28,4,Huế,Phường Phú Bài,16.409296,107.6779818,53,Moderate,1,25.0,92,0.0,2.8,215,1000.1,99,23.2,23.5,164.0,19.3,16.0,7.7
2025-07-28 05:00:00,2025,7,28,5,Huế,Phường Phú Bài,16.409296,107.6779818,54,Moderate,1,25.0,91,0.0,5.7,189,1000.1,98,22.5,22.9,210.0,18.1,20.0,7.5
2025-07-28 06:00:00,2025,7,28,6,Huế,Phường Phú Bài,16.409296,107.6779818,56,Moderate,1,25.2,88,0.0,8.1,183,1000.0,100,23.6,24.0,287.0,16.5,26.0,7.4
2025-07-28 07:00:00,2025,7,28,7,Huế,Phường Phú Bài,16.409296,107.6779818,57,Moderate,1,26.2,87,0.0,7.3,173,1000.8,100,23.9,24.7,337.0,13.0,23.0,5.8
2025-07-28 08:00:00,2025,7,28,8,Huế,Phường Phú Bài,16.409296,107.6779818,58,Moderate,1,26.5,91,0.0,1.0,31,1001.7,100,23.3,24.2,329.0,12.4,32.0,6.5
2025-07-28 09:00:00,2025,7,28,9,Huế,Phường Phú Bài,16.409296,107.6779818,60,Moderate,1,28.1,84,0.3,0.9,101,1001.9,100,24.8,25.8,294.0,11.5,46.0,7.4
2025-07-28 10:00:00,2025,7,28,10,Huế,Phường Phú Bài,16.409296,107.6779818,61,Moderate,1,28.6,83,0.8,4.0,231,1001.8,100,21.2,22.6,262.0,10.2,58.0,7.9
2025-07-28 11:00:00,2025,7,28,11,Huế,Phường Phú Bài,16.409296,107.6779818,62,Moderate,1,28.2,91,0.9,3.1,225,1001.1,100,19.3,21.0,238.0,8.2,68.0,7.4
2025-07-28 12:00:00,2025,7,28,12,Huế,Phường Phú Bài,16.409296,107.6779818,63,Moderate,1,28.2,87,0.3,4.1,255,1000.4,100,14.9,17.4,217.0,5.9,77.0,6.4
2025-07-28 13:00:00,2025,7,28,13,Huế,Phường Phú Bài,16.409296,107.6779818,64,Moderate,1,30.0,74,0.0,2.5,278,999.5,100,14.2,16.5,222.0,4.2,86.0,5.7
2025-07-28 14:00:00,2025,7,28,14,Huế,Phường Phú Bài,16.409296,107.6779818,64,Moderate,1,31.1,68,0.0,2.8,320,998.4,100,14.1,16.3,278.0,3.0,98.0,5.6
2025-07-28 15:00:00,2025,7,28,15,Huế,Phường Phú Bài,16.409296,107.6779818,65,Moderate,1,31.8,67,0.0,5.5,314,997.5,100,15.4,17.6,360.0,2.5,111.0,5.8
2025-07-28 16:00:00,2025,7,28,16,Huế,Phường Phú Bài,16.409296,107.6779818,66,Moderate,1,31.5,71,0.0,5.9,346,997.3,98,15.4,17.6,411.0,3.8,116.0,6.5
2025-07-28 17:00:00,2025,7,28,17,Huế,Phường Phú Bài,16.409296,107.6779818,66,Moderate,1,30.5,74,0.3,6.1,45,998.0,100,16.9,19.0,388.0,8.3,108.0,8.0
2025-07-28 18:00:00,2025,7,28,18,Huế,Phường Phú Bài,16.409296,107.6779818,67,Moderate,1,29.3,81,0.0,7.3,73,998.9,100,21.1,22.8,335.0,14.7,93.0,10.1
2025-07-28 19:00:00,2025,7,28,19,Huế,Phường Phú Bài,16.409296,107.6779818,68,Moderate,1,28.0,88,0.3,2.5,330,1000.0,100,20.9,23.1,321.0,14.9,63.0,7.6
2025-07-28 20:00:00,2025,7,28,20,Huế,Phường Phú Bài,16.409296,107.6779818,69,Moderate,1,26.1,94,8.3,8.4,79,1000.7,82,22.1,23.9,388.0,15.1,55.0,7.8
2025-07-28 21:00:00,2025,7,28,21,Huế,Phường Phú Bài,16.409296,107.6779818,69,Moderate,1,25.6,95,0.0,7.3,140,1001.0,71,22.4,23.9,495.0,15.5,44.0,8.0
2025-07-28 22:00:00,2025,7,28,22,Huế,Phường Phú Bài,16.409296,107.6779818,69,Moderate,1,25.6,96,0.0,8.6,150,1001.3,99,23.1,24.3,592.0,15.7,35.0,7.9
2025-07-28 23:00:00,2025,7,28,23,Huế,Phường Phú Bài,16.409296,107.6779818,69,Moderate,1,26.0,95,0.0,2.3,203,1001.5,100,23.9,25.1,679.0,16.0,28.0,7.2
2025-07-29 00:00:00,2025,7,29,0,Huế,Phường Phú Bài,16.409296,107.6779818,69,Moderate,1,26.1,95,0.0,4.0,231,1000.6,64,22.6,24.0,756.0,16.2,22.0,6.1
2025-07-29 01:00:00,2025,7,29,1,Huế,Phường Phú Bài,16.409296,107.6779818,69,Moderate,1,26.5,93,0.0,7.1,240,999.8,60,20.7,22.1,773.0,15.8,19.0,5.2
2025-07-29 02:00:00,2025,7,29,2,Huế,Phường Phú Bài,16.409296,107.6779818,69,Moderate,1,26.2,90,0.0,4.9,266,998.9,54,19.2,20.8,686.0,14.1,19.0,4.6
2025-07-29 03:00:00,2025,7,29,3,Huế,Phường Phú Bài,16.409296,107.6779818,68,Moderate,1,26.0,89,0.0,3.6,252,998.5,86,17.5,19.2,540.0,11.8,22.0,4.2
2025-07-29 04:00:00,2025,7,29,4,Huế,Phường Phú Bài,16.409296,107.6779818,68,Moderate,1,25.5,91,0.0,4.1,180,998.4,99,14.6,16.2,418.0,9.9,26.0,4.0
2025-07-29 05:00:00,2025,7,29,5,Huế,Phường Phú Bài,16.409296,107.6779818,67,Moderate,1,25.1,92,0.0,5.1,198,998.2,100,11.1,12.8,351.0,9.0,33.0,4.4
2025-07-29 06:00:00,2025,7,29,6,Huế,Phường Phú Bài,16.409296,107.6779818,66,Moderate,1,25.7,90,0.0,5.2,196,998.8,100,9.7,11.7,310.0,8.5,43.0,5.0
2025-07-29 07:00:00,2025,7,29,7,Huế,Phường Phú Bài,16.409296,107.6779818,65,Moderate,1,27.1,89,0.2,5.0,193,999.6,100,25.6,26.1,286.0,16.1,53.0,8.3
2025-07-29 08:00:00,2025,7,29,8,Huế,Phường Phú Bài,16.409296,107.6779818,65,Moderate,1,27.8,91,0.3,3.4,212,1000.1,100,20.8,21.5,291.0,12.7,71.0,8.0
2025-07-29 09:00:00,2025,7,29,9,Huế,Phường Phú Bài,16.409296,107.6779818,64,Moderate,1,28.5,94,0.6,1.4,90,1000.4,100,16.1,16.5,313.0,8.0,94.0,7.5
2025-07-29 10:00:00,2025,7,29,10,Huế,Phường Phú Bài,16.409296,107.6779818,64,Moderate,1,29.0,92,0.8,2.2,81,1000.4,100,12.1,12.4,317.0,4.5,108.0,6.9
2025-07-29 11:00:00,2025,7,29,11,Huế,Phường Phú Bài,16.409296,107.6779818,63,Moderate,1,30.1,80,0.3,1.5,120,1000.3,100,9.2,9.5,274.0,3.4,101.0,6.0
2025-07-29 12:00:00,2025,7,29,12,Huế,Phường Phú Bài,16.409296,107.6779818,62,Moderate,1,32.6,65,0.1,3.6,243,999.6,97,8.0,8.8,211.0,3.5,85.0,5.0
2025-07-29 13:00:00,2025,7,29,13,Huế,Phường Phú Bài,16.409296,107.6779818,61,Moderate,1,33.0,63,0.1,3.8,289,998.5,79,8.0,9.3,176.0,3.7,74.0,4.3
2025-07-29 14:00:00,2025,7,29,14,Huế,Phường Phú Bài,16.409296,107.6779818,61,Moderate,1,33.2,64,0.1,5.4,307,997.8,84,8.7,10.4,192.0,3.3,76.0,4.2
2025-07-29 15:00:00,2025,7,29,15,Huế,Phường Phú Bài,16.409296,107.6779818,60,Moderate,1,33.4,64,0.1,2.6,326,996.8,100,10.0,11.8,235.0,3.1,84.0,4.4
2025-07-29 16:00:00,2025,7,29,16,Huế,Phường Phú Bài,16.409296,107.6779818,60,Moderate,1,33.3,64,0.0,2.9,360,996.9,100,11.0,12.6,279.0,4.3,88.0,5.0
2025-07-29 17:00:00,2025,7,29,17,Huế,Phường Phú Bài,16.409296,107.6779818,60,Moderate,1,32.0,74,0.0,4.2,70,997.5,100,12.0,13.5,326.0,8.0,84.0,6.1
2025-07-29 18:00:00,2025,7,29,18,Huế,Phường Phú Bài,16.409296,107.6779818,59,Moderate,1,30.6,85,0.0,2.8,162,998.6,100,17.3,18.5,375.0,13.0,77.0,7.7
2025-07-29 19:00:00,2025,7,29,19,Huế,Phường Phú Bài,16.409296,107.6779818,59,Moderate,1,30.5,67,0.0,8.2,248,999.5,100,29.3,33.8,392.0,21.1,53.0,9.7
2025-07-29 20:00:00,2025,7,29,20,Huế,Phường Phú Bài,16.409296,107.6779818,59,Moderate,1,28.7,84,0.1,5.2,258,999.9,100,33.6,37.7,350.0,23.8,47.0,11.7
2025-07-29 21:00:00,2025,7,29,21,Huế,Phường Phú Bài,16.409296,107.6779818,61,Moderate,1,29.1,77,0.0,8.1,227,1000.9,100,36.0,39.8,277.0,27.6,37.0,14.5
2025-07-29 22:00:00,2025,7,29,22,Huế,Phường Phú Bài,16.409296,107.6779818,62,Moderate,1,29.3,69,0.0,8.6,219,1000.9,100,38.4,42.0,221.0,30.4,30.0,16.3
2025-07-29 23:00:00,2025,7,29,23,Huế,Phường Phú Bài,16.409296,107.6779818,63,Moderate,1,29.0,70,0.0,8.7,220,1001.1,100,41.0,44.5,203.0,31.9,25.0,16.5
2025-07-30 00:00:00,2025,7,30,0,Huế,Phường Phú Bài,16.409296,107.6779818,65,Moderate,1,28.8,72,0.0,8.7,207,1000.4,100,40.2,43.2,202.0,32.4,23.0,15.8
2025-07-30 01:00:00,2025,7,30,1,Huế,Phường Phú Bài,16.409296,107.6779818,66,Moderate,1,28.2,75,0.0,7.7,204,999.6,100,37.4,39.9,206.0,31.2,21.0,14.5
2025-07-30 02:00:00,2025,7,30,2,Huế,Phường Phú Bài,16.409296,107.6779818,68,Moderate,1,28.0,77,0.0,5.5,171,999.3,100,32.6,34.7,209.0,27.2,20.0,12.3
2025-07-30 03:00:00,2025,7,30,3,Huế,Phường Phú Bài,16.409296,107.6779818,69,Moderate,1,27.6,80,0.0,4.3,163,998.8,100,28.4,30.0,217.0,21.4,21.0,9.4
2025-07-30 04:00:00,2025,7,30,4,Huế,Phường Phú Bài,16.409296,107.6779818,70,Moderate,1,27.5,81,0.0,3.0,166,998.8,100,23.8,25.0,234.0,15.9,25.0,6.9
2025-07-30 05:00:00,2025,7,30,5,Huế,Phường Phú Bài,16.409296,107.6779818,71,Moderate,1,27.6,80,0.0,1.2,117,998.8,100,16.6,17.5,276.0,11.0,34.0,5.0
2025-07-30 06:00:00,2025,7,30,6,Huế,Phường Phú Bài,16.409296,107.6779818,71,Moderate,1,27.6,82,0.0,1.4,40,998.9,100,5.0,5.5,328.0,6.4,45.0,3.4
2025-07-30 07:00:00,2025,7,30,7,Huế,Phường Phú Bài,16.409296,107.6779818,71,Moderate,1,29.0,80,0.0,4.2,40,1000.0,100,3.0,3.4,346.0,3.1,55.0,2.3
2025-07-30 08:00:00,2025,7,30,8,Huế,Phường Phú Bài,16.409296,107.6779818,69,Moderate,1,29.5,74,0.0,12.9,242,1000.7,100,3.0,3.4,298.0,1.9,62.0,2.1
2025-07-30 09:00:00,2025,7,30,9,Huế,Phường Phú Bài,16.409296,107.6779818,67,Moderate,1,30.7,68,0.0,13.6,240,1000.9,100,3.1,3.5,217.0,2.1,67.0,2.4
2025-07-30 10:00:00,2025,7,30,10,Huế,Phường Phú Bài,16.409296,107.6779818,66,Moderate,1,30.8,66,0.0,13.4,228,1000.7,100,3.1,3.5,157.0,2.2,70.0,2.5
2025-07-30 11:00:00,2025,7,30,11,Huế,Phường Phú Bài,16.409296,107.6779818,65,Moderate,1,30.1,68,0.0,12.2,214,1000.6,100,2.9,3.3,143.0,1.8,69.0,2.1
2025-07-30 12:00:00,2025,7,30,12,Huế,Phường Phú Bài,16.409296,107.6779818,65,Moderate,1,32.1,61,0.0,13.1,224,999.6,100,2.5,2.9,150.0,1.5,66.0,1.6
2025-07-30 13:00:00,2025,7,30,13,Huế,Phường Phú Bài,16.409296,107.6779818,64,Moderate,1,32.0,61,0.0,15.0,228,999.0,100,2.1,2.4,158.0,1.3,64.0,1.3
2025-07-30 14:00:00,2025,7,30,14,Huế,Phường Phú Bài,16.409296,107.6779818,64,Moderate,1,33.0,57,0.0,15.4,232,997.8,99,2.1,2.4,159.0,1.3,65.0,1.2
2025-07-30 15:00:00,2025,7,30,15,Huế,Phường Phú Bài,16.409296,107.6779818,63,Moderate,1,32.2,59,0.0,10.1,213,997.3,100,2.2,2.5,162.0,1.6,67.0,1.3
2025-07-30 16:00:00,2025,7,30,16,Huế,Phường Phú Bài,16.409296,107.6779818,62,Moderate,1,31.5,62,0.0,10.0,188,997.5,100,3.1,3.5,171.0,2.3,66.0,1.6
2025-07-30 17:00:00,2025,7,30,17,Huế,Phường Phú Bài,16.409296,107.6779818,62,Moderate,1,30.6,68,0.0,8.8,199,997.7,100,3.8,4.5,193.0,3.9,60.0,2.1
2025-07-30 18:00:00,2025,7,30,18,Huế,Phường Phú Bài,16.409296,107.6779818,61,Moderate,1,29.9,70,0.0,6.0,190,998.4,100,4.5,5.5,222.0,6.0,52.0,2.8
2025-07-30 19:00:00,2025,7,30,19,Huế,Phường Phú Bài,16.409296,107.6779818,60,Moderate,1,29.5,68,0.0,7.7,189,999.2,100,11.3,14.3,243.0,10.7,47.0,4.6
2025-07-30 20:00:00,2025,7,30,20,Huế,Phường Phú Bài,16.409296,107.6779818,58,Moderate,1,28.7,76,0.0,7.4,206,999.7,100,11.3,14.9,251.0,12.1,44.0,5.7
2025-07-30 21:00:00,2025,7,30,21,Huế,Phường Phú Bài,16.409296,107.6779818,56,Moderate,1,28.3,75,0.0,5.4,200,1000.3,100,13.0,17.2,251.0,13.9,39.0,7.2
2025-07-30 22:00:00,2025,7,30,22,Huế,Phường Phú Bài,16.409296,107.6779818,54,Moderate,1,27.8,76,0.0,5.1,203,1000.8,100,15.9,20.5,251.0,14.1,37.0,7.7
2025-07-30 23:00:00,2025,7,30,23,Huế,Phường Phú Bài,16.409296,107.6779818,52,Moderate,1,27.7,75,0.0,5.6,195,1001.1,100,16.1,21.5,255.0,11.2,40.0,6.2
2025-07-31 00:00:00,2025,7,31,0,Huế,Phường Phú Bài,16.409296,107.6779818,50,Good,0,27.2,77,0.0,7.5,190,1000.8,100,11.3,17.1,257.0,6.7,45.0,3.7
2025-07-31 01:00:00,2025,7,31,1,Huế,Phường Phú Bài,16.409296,107.6779818,45,Good,0,27.0,78,0.0,9.1,197,1000.2,100,6.9,10.2,252.0,3.2,49.0,1.8
2025-07-31 02:00:00,2025,7,31,2,Huế,Phường Phú Bài,16.409296,107.6779818,40,Good,0,27.0,77,0.0,7.6,194,999.7,98,5.3,7.5,226.0,1.8,52.0,1.2
2025-07-31 03:00:00,2025,7,31,3,Huế,Phường Phú Bài,16.409296,107.6779818,35,Good,0,26.9,77,0.0,8.7,202,999.3,100,5.9,8.3,193.0,1.5,55.0,1.1
2025-07-31 04:00:00,2025,7,31,4,Huế,Phường Phú Bài,16.409296,107.6779818,31,Good,0,27.1,74,0.0,9.9,202,999.2,100,6.5,9.0,179.0,1.4,56.0,1.2
2025-07-31 05:00:00,2025,7,31,5,Huế,Phường Phú Bài,16.409296,107.6779818,28,Good,0,27.5,71,0.0,10.7,203,999.2,85,6.7,9.3,211.0,1.6,55.0,1.3
2025-07-31 06:00:00,2025,7,31,6,Huế,Phường Phú Bài,16.409296,107.6779818,26,Good,0,28.0,71,0.0,8.4,195,999.6,90,6.8,9.6,263.0,2.0,54.0,1.4
2025-07-31 07:00:00,2025,7,31,7,Huế,Phường Phú Bài,16.409296,107.6779818,26,Good,0,29.5,68,0.0,7.7,183,1000.3,100,9.5,11.4,288.0,7.3,53.0,4.8
2025-07-31 08:00:00,2025,7,31,8,Huế,Phường Phú Bài,16.409296,107.6779818,28,Good,0,32.0,65,0.0,6.1,214,1000.6,97,7.3,9.3,258.0,5.7,60.0,4.0
2025-07-31 09:00:00,2025,7,31,9,Huế,Phường Phú Bài,16.409296,107.6779818,28,Good,0,33.2,58,0.0,4.2,211,1001.0,99,6.3,9.5,202.0,3.4,70.0,2.9
2025-07-31 10:00:00,2025,7,31,10,Huế,Phường Phú Bài,16.409296,107.6779818,29,Good,0,33.5,58,0.0,10.1,258,1001.1,100,6.6,11.7,159.0,1.7,76.0,2.0
2025-07-31 11:00:00,2025,7,31,11,Huế,Phường Phú Bài,16.409296,107.6779818,29,Good,0,34.5,54,0.0,13.9,260,1000.5,96,7.1,12.8,145.0,1.1,76.0,1.5
2025-07-31 12:00:00,2025,7,31,12,Huế,Phường Phú Bài,16.409296,107.6779818,30,Good,0,35.2,50,0.0,16.1,250,999.4,99,8.2,14.6,144.0,1.1,73.0,1.1
2025-07-31 13:00:00,2025,7,31,13,Huế,Phường Phú Bài,16.409296,107.6779818,31,Good,0,36.1,47,0.0,17.8,257,998.4,70,9.4,16.8,148.0,1.2,70.0,0.9
2025-07-31 14:00:00,2025,7,31,14,Huế,Phường Phú Bài,16.409296,107.6779818,32,Good,0,36.0,47,0.0,18.5,263,997.8,49,9.5,16.1,156.0,1.2,70.0,0.8
2025-07-31 15:00:00,2025,7,31,15,Huế,Phường Phú Bài,16.409296,107.6779818,34,Good,0,35.2,50,0.0,13.1,261,997.4,48,9.1,14.8,168.0,1.4,72.0,0.9
2025-07-31 16:00:00,2025,7,31,16,Huế,Phường Phú Bài,16.409296,107.6779818,35,Good,0,35.3,50,0.0,10.3,251,997.1,40,9.7,15.4,177.0,2.2,71.0,1.3
2025-07-31 17:00:00,2025,7,31,17,Huế,Phường Phú Bài,16.409296,107.6779818,36,Good,0,33.8,58,0.0,8.4,228,997.5,100,10.9,17.1,177.0,4.5,67.0,2.2
2025-07-31 18:00:00,2025,7,31,18,Huế,Phường Phú Bài,16.409296,107.6779818,37,Good,0,32.1,64,0.0,9.4,203,998.4,94,13.0,19.8,173.0,7.5,60.0,3.4
2025-07-31 19:00:00,2025,7,31,19,Huế,Phường Phú Bài,16.409296,107.6779818,39,Good,0,31.0,60,0.0,14.1,201,999.7,100,22.2,35.3,174.0,9.4,64.0,4.7
2025-07-31 20:00:00,2025,7,31,20,Huế,Phường Phú Bài,16.409296,107.6779818,41,Good,0,29.9,69,0.0,9.2,208,1000.2,98,23.4,36.4,183.0,11.7,59.0,6.3
2025-07-31 21:00:00,2025,7,31,21,Huế,Phường Phú Bài,16.409296,107.6779818,43,Good,0,29.5,65,0.0,7.3,197,1000.9,100,26.8,39.2,197.0,14.8,53.0,8.4
2025-07-31 22:00:00,2025,7,31,22,Huế,Phường Phú Bài,16.409296,107.6779818,45,Good,0,29.1,67,0.0,6.8,202,1001.2,100,26.9,38.5,208.0,16.3,49.0,9.5
2025-07-31 23:00:00,2025,7,31,23,Huế,Phường Phú Bài,16.409296,107.6779818,47,Good,0,29.0,68,0.0,7.6,211,1000.8,100,23.3,34.7,216.0,14.9,48.0,8.6
2025-08-01 00:00:00,2025,8,1,0,Huế,Phường Phú Bài,16.409296,107.6779818,48,Good,0,27.9,74,0.0,6.0,190,1000.0,100,21.8,33.2,221.0,11.9,50.0,6.6
2025-08-01 01:00:00,2025,8,1,1,Huế,Phường Phú Bài,16.409296,107.6779818,50,Good,0,27.1,78,0.0,5.8,180,999.4,100,20.2,31.5,223.0,9.0,52.0,4.9
2025-08-01 02:00:00,2025,8,1,2,Huế,Phường Phú Bài,16.409296,107.6779818,51,Moderate,1,26.5,81,0.0,5.6,187,998.9,100,17.5,29.0,216.0,6.7,55.0,3.8
2025-08-01 03:00:00,2025,8,1,3,Huế,Phường Phú Bài,16.409296,107.6779818,52,Moderate,1,26.5,79,0.0,6.0,171,999.1,100,16.1,27.9,205.0,4.5,59.0,2.9
2025-08-01 04:00:00,2025,8,1,4,Huế,Phường Phú Bài,16.409296,107.6779818,53,Moderate,1,26.5,79,0.0,6.4,164,999.4,100,12.8,24.6,204.0,3.0,62.0,2.3
2025-08-01 05:00:00,2025,8,1,5,Huế,Phường Phú Bài,16.409296,107.6779818,54,Moderate,1,26.1,80,0.0,7.2,174,999.7,100,11.1,21.9,229.0,2.6,64.0,2.0
2025-08-01 06:00:00,2025,8,1,6,Huế,Phường Phú Bài,16.409296,107.6779818,54,Moderate,1,26.5,79,0.0,7.7,180,1000.0,100,10.3,19.7,263.0,2.9,65.0,2.0
2025-08-01 07:00:00,2025,8,1,7,Huế,Phường Phú Bài,16.409296,107.6779818,55,Moderate,1,28.7,75,0.0,9.2,183,1000.6,100,15.2,21.9,276.0,5.9,66.0,4.4
2025-08-01 08:00:00,2025,8,1,8,Huế,Phường Phú Bài,16.409296,107.6779818,55,Moderate,1,32.2,62,0.0,10.3,191,1000.5,99,10.5,15.3,244.0,4.7,70.0,3.7
2025-08-01 09:00:00,2025,8,1,9,Huế,Phường Phú Bài,16.409296,107.6779818,55,Moderate,1,33.2,56,0.0,6.4,188,1000.5,98,8.4,13.0,190.0,3.0,75.0,2.8
2025-08-01 10:00:00,2025,8,1,10,Huế,Phường Phú Bài,16.409296,107.6779818,55,Moderate,1,34.0,56,0.0,9.4,228,1000.5,94,7.1,12.0,149.0,1.7,78.0,2.1
2025-08-01 11:00:00,2025,8,1,11,Huế,Phường Phú Bài,16.409296,107.6779818,56,Moderate,1,35.3,52,0.0,10.3,266,1000.1,96,6.7,12.6,136.0,1.2,76.0,1.7
2025-08-01 12:00:00,2025,8,1,12,Huế,Phường Phú Bài,16.409296,107.6779818,56,Moderate,1,36.5,49,0.0,12.2,262,999.5,100,6.7,14.4,137.0,1.0,71.0,1.5
2025-08-01 13:00:00,2025,8,1,13,Huế,Phường Phú Bài,16.409296,107.6779818,55,Moderate,1,36.5,46,0.0,11.6,258,998.9,97,7.4,16.7,143.0,1.1,68.0,1.4
2025-08-01 14:00:00,2025,8,1,14,Huế,Phường Phú Bài,16.409296,107.6779818,55,Moderate,1,36.5,47,0.0,7.8,255,998.4,100,7.9,18.2,147.0,0.5,67.0,1.2
2025-08-01 15:00:00,2025,8,1,15,Huế,Phường Phú Bài,16.409296,107.6779818,55,Moderate,1,36.3,46,0.0,2.2,270,997.8,82,8.0,18.1,155.0,0.2,67.0,1.0
2025-08-01 16:00:00,2025,8,1,16,Huế,Phường Phú Bài,16.409296,107.6779818,55,Moderate,1,36.1,46,0.0,0.9,53,997.6,92,8.3,17.6,182.0,2.2,67.0,1.8
2025-08-01 17:00:00,2025,8,1,17,Huế,Phường Phú Bài,16.409296,107.6779818,55,Moderate,1,33.7,61,0.0,6.7,88,998.1,97,10.7,19.0,250.0,8.9,68.0,4.1
2025-08-01 18:00:00,2025,8,1,18,Huế,Phường Phú Bài,16.409296,107.6779818,55,Moderate,1,31.4,74,0.0,5.1,72,998.9,90,21.2,27.9,335.0,18.0,69.0,7.2
2025-08-01 19:00:00,2025,8,1,19,Huế,Phường Phú Bài,16.409296,107.6779818,56,Moderate,1,30.4,82,0.0,1.5,76,1000.2,96,22.3,34.5,382.0,17.2,47.0,7.4
2025-08-01 20:00:00,2025,8,1,20,Huế,Phường Phú Bài,16.409296,107.6779818,56,Moderate,1,31.3,58,0.0,7.9,223,1000.9,100,29.2,40.7,353.0,20.6,44.0,10.0
2025-08-01 21:00:00,2025,8,1,21,Huế,Phường Phú Bài,16.409296,107.6779818,56,Moderate,1,31.0,57,0.0,11.4,247,1001.9,96,33.5,44.7,286.0,25.3,41.0,13.5
2025-08-01 22:00:00,2025,8,1,22,Huế,Phường Phú Bài,16.409296,107.6779818,57,Moderate,1,30.2,61,0.0,9.5,241,1002.5,100,37.3,48.1,236.0,28.1,36.0,15.5
2025-08-01 23:00:00,2025,8,1,23,Huế,Phường Phú Bài,16.409296,107.6779818,58,Moderate,1,29.1,67,0.0,8.3,236,1002.4,100,39.3,49.7,230.0,27.7,29.0,14.6
2025-08-02 00:00:00,2025,8,2,0,Huế,Phường Phú Bài,16.409296,107.6779818,59,Moderate,1,28.1,73,0.0,7.4,231,1002.1,100,38.4,47.4,241.0,25.6,22.0,12.1
2025-08-02 01:00:00,2025,8,2,1,Huế,Phường Phú Bài,16.409296,107.6779818,60,Moderate,1,27.2,78,0.0,6.8,212,1001.3,100,32.5,39.0,244.0,22.9,16.0,9.8
2025-08-02 02:00:00,2025,8,2,2,Huế,Phường Phú Bài,16.409296,107.6779818,62,Moderate,1,26.8,81,0.0,7.6,208,1000.8,95,27.6,33.2,222.0,19.7,12.0,8.0
2025-08-02 03:00:00,2025,8,2,3,Huế,Phường Phú Bài,16.409296,107.6779818,62,Moderate,1,26.8,80,0.0,7.6,207,1000.8,89,25.1,29.9,192.0,15.9,10.0,6.3
2025-08-02 04:00:00,2025,8,2,4,Huế,Phường Phú Bài,16.409296,107.6779818,63,Moderate,1,26.8,78,0.0,6.8,207,1000.9,99,23.2,27.4,180.0,12.7,13.0,5.1
2025-08-02 05:00:00,2025,8,2,5,Huế,Phường Phú Bài,16.409296,107.6779818,64,Moderate,1,26.5,78,0.0,6.4,205,1001.4,100,21.7,25.6,208.0,10.5,21.0,4.7
2025-08-02 06:00:00,2025,8,2,6,Huế,Phường Phú Bài,16.409296,107.6779818,65,Moderate,1,26.4,80,0.0,6.4,207,1002.1,67,21.0,24.9,254.0,8.7,33.0,4.9
2025-08-02 07:00:00,2025,8,2,7,Huế,Phường Phú Bài,16.409296,107.6779818,66,Moderate,1,28.1,77,0.0,5.5,224,1002.8,100,25.6,31.7,276.0,8.8,57.0,6.4
2025-08-02 08:00:00,2025,8,2,8,Huế,Phường Phú Bài,16.409296,107.6779818,67,Moderate,1,31.6,70,0.0,6.0,205,1003.0,91,21.9,29.6,249.0,7.0,76.0,6.2
2025-08-02 09:00:00,2025,8,2,9,Huế,Phường Phú Bài,16.409296,107.6779818,68,Moderate,1,33.5,55,0.0,8.1,223,1003.0,100,18.0,25.8,198.0,4.5,102.0,5.9
2025-08-02 10:00:00,2025,8,2,10,Huế,Phường Phú Bài,16.409296,107.6779818,69,Moderate,1,34.5,53,0.0,12.5,238,1002.8,99,15.5,22.5,159.0,2.5,119.0,5.4
2025-08-02 11:00:00,2025,8,2,11,Huế,Phường Phú Bài,16.409296,107.6779818,70,Moderate,1,35.8,50,0.0,10.9,243,1002.4,71,12.7,18.8,146.0,1.6,117.0,4.4
2025-08-02 12:00:00,2025,8,2,12,Huế,Phường Phú Bài,16.409296,107.6779818,70,Moderate,1,36.7,48,0.0,12.1,247,1001.8,77,11.6,17.5,146.0,1.3,107.0,3.1
2025-08-02 13:00:00,2025,8,2,13,Huế,Phường Phú Bài,16.409296,107.6779818,71,Moderate,1,37.3,45,0.0,9.4,263,1000.9,73,11.4,18.2,149.0,1.3,96.0,2.2
2025-08-02 14:00:00,2025,8,2,14,Huế,Phường Phú Bài,16.409296,107.6779818,71,Moderate,1,36.5,47,0.0,3.3,324,1000.9,49,10.9,17.8,147.0,1.1,89.0,1.9
2025-08-02 15:00:00,2025,8,2,15,Huế,Phường Phú Bài,16.409296,107.6779818,71,Moderate,1,34.5,59,0.1,6.2,68,1000.6,85,10.7,18.0,149.0,1.1,82.0,1.9
2025-08-02 16:00:00,2025,8,2,16,Huế,Phường Phú Bài,16.409296,107.6779818,71,Moderate,1,33.8,63,0.0,9.1,104,1000.5,87,11.8,19.8,173.0,2.4,77.0,2.5
2025-08-02 17:00:00,2025,8,2,17,Huế,Phường Phú Bài,16.409296,107.6779818,72,Moderate,1,32.8,65,0.1,9.2,154,1000.7,98,15.7,24.0,245.0,6.0,78.0,3.9
2025-08-02 18:00:00,2025,8,2,18,Huế,Phường Phú Bài,16.409296,107.6779818,72,Moderate,1,31.2,72,0.1,7.3,187,1001.2,99,19.6,26.0,339.0,11.0,81.0,5.7
2025-08-02 19:00:00,2025,8,2,19,Huế,Phường Phú Bài,16.409296,107.6779818,72,Moderate,1,30.1,76,0.0,6.7,211,1002.3,100,22.8,31.9,394.0,19.2,51.0,8.5
2025-08-02 20:00:00,2025,8,2,20,Huế,Phường Phú Bài,16.409296,107.6779818,72,Moderate,1,29.2,91,0.0,5.2,241,1003.2,98,28.3,36.9,372.0,21.3,44.0,10.1
2025-08-02 21:00:00,2025,8,2,21,Huế,Phường Phú Bài,16.409296,107.6779818,72,Moderate,1,29.1,82,0.0,6.6,235,1003.6,100,29.0,36.4,312.0,24.1,34.0,12.1
2025-08-02 22:00:00,2025,8,2,22,Huế,Phường Phú Bài,16.409296,107.6779818,72,Moderate,1,28.9,73,0.0,9.2,249,1003.8,100,31.1,37.6,264.0,25.4,25.0,13.0
2025-08-02 23:00:00,2025,8,2,23,Huế,Phường Phú Bài,16.409296,107.6779818,71,Moderate,1,28.4,72,0.0,9.1,240,1003.5,100,32.4,38.3,252.0,23.8,20.0,11.6
2025-08-03 00:00:00,2025,8,3,0,Huế,Phường Phú Bài,16.409296,107.6779818,70,Moderate,1,27.6,77,0.0,6.9,227,1003.2,100,28.3,33.1,253.0,20.6,16.0,9.1
2025-08-03 01:00:00,2025,8,3,1,Huế,Phường Phú Bài,16.409296,107.6779818,70,Moderate,1,26.8,84,0.0,4.8,191,1002.9,100,23.6,27.4,249.0,17.5,14.0,6.9
2025-08-03 02:00:00,2025,8,3,2,Huế,Phường Phú Bài,16.409296,107.6779818,69,Moderate,1,26.4,89,0.0,4.2,190,1002.5,100,21.1,24.6,226.0,15.1,12.0,5.6
2025-08-03 03:00:00,2025,8,3,3,Huế,Phường Phú Bài,16.409296,107.6779818,68,Moderate,1,26.1,90,0.0,3.8,199,1002.3,100,19.7,22.9,199.0,12.9,11.0,4.7
2025-08-03 04:00:00,2025,8,3,4,Huế,Phường Phú Bài,16.409296,107.6779818,68,Moderate,1,26.0,89,0.0,4.5,178,1002.3,100,18.9,21.9,187.0,10.9,14.0,4.1
2025-08-03 05:00:00,2025,8,3,5,Huế,Phường Phú Bài,16.409296,107.6779818,67,Moderate,1,25.9,88,0.0,5.8,176,1002.7,100,18.3,21.1,211.0,9.4,20.0,4.1
2025-08-03 06:00:00,2025,8,3,6,Huế,Phường Phú Bài,16.409296,107.6779818,67,Moderate,1,26.1,87,0.0,6.7,180,1003.2,100,18.3,21.1,252.0,8.3,30.0,4.4
2025-08-03 07:00:00,2025,8,3,7,Huế,Phường Phú Bài,16.409296,107.6779818,67,Moderate,1,28.0,81,0.0,6.0,175,1003.8,100,20.7,24.5,271.0,8.0,56.0,5.6
2025-08-03 08:00:00,2025,8,3,8,Huế,Phường Phú Bài,16.409296,107.6779818,66,Moderate,1,31.9,69,0.0,5.1,198,1004.1,100,19.0,23.8,245.0,6.4,69.0,5.2
2025-08-03 09:00:00,2025,8,3,9,Huế,Phường Phú Bài,16.409296,107.6779818,66,Moderate,1,33.4,56,0.0,6.4,218,1004.0,99,15.8,22.3,198.0,4.2,88.0,4.6
2025-08-03 10:00:00,2025,8,3,10,Huế,Phường Phú Bài,16.409296,107.6779818,66,Moderate,1,34.3,55,0.0,10.8,233,1003.9,96,13.1,19.8,163.0,2.5,99.0,4.0
2025-08-03 11:00:00,2025,8,3,11,Huế,Phường Phú Bài,16.409296,107.6779818,66,Moderate,1,35.5,51,0.0,12.2,256,1003.5,83,11.0,17.0,154.0,1.7,98.0,3.3
2025-08-03 12:00:00,2025,8,3,12,Huế,Phường Phú Bài,16.409296,107.6779818,66,Moderate,1,36.3,49,0.0,13.9,250,1003.3,95,10.1,15.3,157.0,1.5,90.0,2.6
2025-08-03 13:00:00,2025,8,3,13,Huế,Phường Phú Bài,16.409296,107.6779818,65,Moderate,1,36.8,47,0.0,13.0,248,1002.7,81,9.1,13.1,161.0,1.4,82.0,2.0
2025-08-03 14:00:00,2025,8,3,14,Huế,Phường Phú Bài,16.409296,107.6779818,65,Moderate,1,36.8,47,0.0,12.0,234,1002.2,100,8.6,12.2,160.0,1.1,77.0,1.6
2025-08-03 15:00:00,2025,8,3,15,Huế,Phường Phú Bài,16.409296,107.6779818,65,Moderate,1,35.5,51,0.5,11.2,230,1001.5,100,8.6,12.0,160.0,1.0,73.0,1.3
2025-08-03 16:00:00,2025,8,3,16,Huế,Phường Phú Bài,16.409296,107.6779818,65,Moderate,1,35.4,50,0.0,11.1,219,1000.9,99,9.0,12.5,164.0,2.3,67.0,1.7
2025-08-03 17:00:00,2025,8,3,17,Huế,Phường Phú Bài,16.409296,107.6779818,65,Moderate,1,34.4,52,0.0,13.4,220,1001.4,100,11.3,14.6,173.0,5.8,60.0,2.9
2025-08-03 18:00:00,2025,8,3,18,Huế,Phường Phú Bài,16.409296,107.6779818,64,Moderate,1,32.4,57,0.0,13.7,210,1002.0,100,13.3,16.9,187.0,10.6,51.0,4.7
2025-08-03 19:00:00,2025,8,3,19,Huế,Phường Phú Bài,16.409296,107.6779818,64,Moderate,1,31.4,58,0.0,10.7,222,1002.8,100,17.5,25.4,205.0,9.7,47.0,4.5
2025-08-03 20:00:00,2025,8,3,20,Huế,Phường Phú Bài,16.409296,107.6779818,63,Moderate,1,31.0,56,0.0,11.0,208,1003.3,100,20.9,28.5,235.0,14.1,41.0,6.9
2025-08-03 21:00:00,2025,8,3,21,Huế,Phường Phú Bài,16.409296,107.6779818,62,Moderate,1,30.1,60,0.0,7.4,206,1004.2,100,25.1,32.4,270.0,20.2,33.0,10.2
2025-08-03 22:00:00,2025,8,3,22,Huế,Phường Phú Bài,16.409296,107.6779818,62,Moderate,1,29.2,67,0.0,5.7,212,1004.8,100,29.8,36.8,290.0,24.1,26.0,12.2
2025-08-03 23:00:00,2025,8,3,23,Huế,Phường Phú Bài,16.409296,107.6779818,62,Moderate,1,28.6,70,0.0,5.6,197,1004.6,100,33.3,39.9,285.0,23.9,24.0,11.7
2025-08-04 00:00:00,2025,8,4,0,Huế,Phường Phú Bài,16.409296,107.6779818,62,Moderate,1,27.7,76,0.0,5.1,174,1004.1,100,31.0,36.4,267.0,21.6,23.0,9.9
2025-08-04 01:00:00,2025,8,4,1,Huế,Phường Phú Bài,16.409296,107.6779818,62,Moderate,1,26.9,80,0.0,5.2,184,1003.7,100,28.0,32.7,247.0,19.3,22.0,8.3
2025-08-04 02:00:00,2025,8,4,2,Huế,Phường Phú Bài,16.409296,107.6779818,63,Moderate,1,26.5,81,0.0,4.7,180,1002.9,100,26.8,31.0,226.0,17.8,18.0,7.4
2025-08-04 03:00:00,2025,8,4,3,Huế,Phường Phú Bài,16.409296,107.6779818,63,Moderate,1,26.0,83,0.0,4.7,178,1002.4,99,26.1,29.8,204.0,16.3,14.0,6.8
2025-08-04 04:00:00,2025,8,4,4,Huế,Phường Phú Bài,16.409296,107.6779818,64,Moderate,1,25.8,83,0.0,4.7,180,1002.6,99,25.5,29.0,195.0,14.6,15.0,6.3
2025-08-04 05:00:00,2025,8,4,5,Huế,Phường Phú Bài,16.409296,107.6779818,64,Moderate,1,25.8,81,0.0,6.2,163,1002.7,93,24.6,27.8,216.0,12.6,24.0,6.0
2025-08-04 06:00:00,2025,8,4,6,Huế,Phường Phú Bài,16.409296,107.6779818,65,Moderate,1,25.9,82,0.0,7.0,170,1003.1,91,23.8,26.7,250.0,10.3,37.0,5.9
2025-08-04 07:00:00,2025,8,4,7,Huế,Phường Phú Bài,16.409296,107.6779818,65,Moderate,1,28.1,78,0.0,7.4,167,1003.6,100,24.5,27.2,266.0,8.2,54.0,5.8
2025-08-04 08:00:00,2025,8,4,8,Huế,Phường Phú Bài,16.409296,107.6779818,66,Moderate,1,32.0,61,0.0,6.9,185,1004.2,6,22.2,26.0,243.0,6.1,77.0,5.7
2025-08-04 09:00:00,2025,8,4,9,Huế,Phường Phú Bài,16.409296,107.6779818,66,Moderate,1,33.2,55,0.0,7.1,195,1004.3,16,20.3,24.0,202.0,4.1,103.0,5.7
2025-08-04 10:00:00,2025,8,4,10,Huế,Phường Phú Bài,16.409296,107.6779818,66,Moderate,1,34.5,52,0.0,9.4,215,1004.2,14,17.3,20.5,171.0,2.6,119.0,5.4
2025-08-04 11:00:00,2025,8,4,11,Huế,Phường Phú Bài,16.409296,107.6779818,67,Moderate,1,36.0,47,0.0,10.7,239,1003.6,87,14.7,17.4,161.0,1.8,118.0,4.6
2025-08-04 12:00:00,2025,8,4,12,Huế,Phường Phú Bài,16.409296,107.6779818,67,Moderate,1,37.3,43,0.0,12.1,245,1002.9,100,11.9,14.2,161.0,1.5,108.0,3.5
2025-08-04 13:00:00,2025,8,4,13,Huế,Phường Phú Bài,16.409296,107.6779818,67,Moderate,1,37.9,42,0.0,9.5,245,1002.0,78,9.8,12.0,165.0,1.4,96.0,2.6
2025-08-04 14:00:00,2025,8,4,14,Huế,Phường Phú Bài,16.409296,107.6779818,67,Moderate,1,37.9,41,0.0,1.1,351,1001.3,81,8.2,10.3,162.0,0.6,85.0,1.9
2025-08-04 15:00:00,2025,8,4,15,Huế,Phường Phú Bài,16.409296,107.6779818,67,Moderate,1,36.5,50,0.2,3.5,78,1001.0,97,6.9,8.9,164.0,0.0,72.0,1.4
2025-08-04 16:00:00,2025,8,4,16,Huế,Phường Phú Bài,16.409296,107.6779818,67,Moderate,1,35.5,54,0.0,4.8,105,1000.8,100,6.2,8.1,192.0,1.7,64.0,1.9
2025-08-04 17:00:00,2025,8,4,17,Huế,Phường Phú Bài,16.409296,107.6779818,67,Moderate,1,33.8,61,0.0,8.2,80,1000.8,100,9.3,10.9,284.0,7.7,66.0,4.0
2025-08-04 18:00:00,2025,8,4,18,Huế,Phường Phú Bài,16.409296,107.6779818,67,Moderate,1,32.0,77,0.0,3.1,111,1001.3,100,19.2,20.6,403.0,16.0,71.0,7.1
2025-08-04 19:00:00,2025,8,4,19,Huế,Phường Phú Bài,16.409296,107.6779818,67,Moderate,1,31.3,73,0.0,4.0,234,1002.2,100,17.5,19.4,464.0,17.2,45.0,7.7
2025-08-04 20:00:00,2025,8,4,20,Huế,Phường Phú Bài,16.409296,107.6779818,67,Moderate,1,31.5,54,0.0,12.9,228,1003.0,100,24.7,26.5,409.0,19.7,42.0,9.3
2025-08-04 21:00:00,2025,8,4,21,Huế,Phường Phú Bài,16.409296,107.6779818,68,Moderate,1,30.8,57,0.0,10.5,229,1003.2,100,28.6,30.4,295.0,23.1,38.0,11.5
2025-08-04 22:00:00,2025,8,4,22,Huế,Phường Phú Bài,16.409296,107.6779818,68,Moderate,1,29.3,64,0.0,7.1,229,1004.1,100,31.1,32.8,214.0,24.6,33.0,12.5
2025-08-04 23:00:00,2025,8,4,23,Huế,Phường Phú Bài,16.409296,107.6779818,68,Moderate,1,28.0,71,0.0,8.7,240,1003.9,100,28.9,30.3,209.0,22.7,27.0,11.2
2025-08-05 00:00:00,2025,8,5,0,Huế,Phường Phú Bài,16.409296,107.6779818,68,Moderate,1,27.2,74,0.0,8.8,227,1003.5,100,24.9,26.0,236.0,19.1,22.0,8.7
2025-08-05 01:00:00,2025,8,5,1,Huế,Phường Phú Bài,16.409296,107.6779818,67,Moderate,1,26.8,76,0.0,7.1,216,1003.3,100,21.7,22.5,253.0,15.6,17.0,6.6
2025-08-05 02:00:00,2025,8,5,2,Huế,Phường Phú Bài,16.409296,107.6779818,67,Moderate,1,26.2,78,0.0,8.0,216,1003.1,100,18.9,19.6,238.0,13.0,14.0,5.2
2025-08-05 03:00:00,2025,8,5,3,Huế,Phường Phú Bài,16.409296,107.6779818,66,Moderate,1,25.9,80,0.0,8.3,219,1002.5,100,16.6,17.2,213.0,10.6,12.0,4.2
2025-08-05 04:00:00,2025,8,5,4,Huế,Phường Phú Bài,16.409296,107.6779818,65,Moderate,1,25.7,80,0.0,7.0,215,1002.3,100,14.7,15.2,203.0,8.7,14.0,3.6
2025-08-05 05:00:00,2025,8,5,5,Huế,Phường Phú Bài,16.409296,107.6779818,64,Moderate,1,25.6,81,0.0,6.8,209,1002.7,100,13.4,14.0,231.0,7.5,18.0,3.5
2025-08-05 06:00:00,2025,8,5,6,Huế,Phường Phú Bài,16.409296,107.6779818,63,Moderate,1,25.9,82,0.0,7.2,208,1003.1,100,13.1,13.6,274.0,6.7,25.0,3.8
2025-08-05 07:00:00,2025,8,5,7,Huế,Phường Phú Bài,16.409296,107.6779818,62,Moderate,1,28.0,78,0.0,7.1,216,1003.5,100,18.6,19.3,294.0,5.9,39.0,4.7
2025-08-05 08:00:00,2025,8,5,8,Huế,Phường Phú Bài,16.409296,107.6779818,62,Moderate,1,31.7,67,0.0,5.6,209,1004.1,99,20.4,21.3,266.0,5.0,63.0,5.0
2025-08-05 09:00:00,2025,8,5,9,Huế,Phường Phú Bài,16.409296,107.6779818,61,Moderate,1,33.7,53,0.0,6.3,183,1004.5,100,19.8,21.1,215.0,3.8,97.0,5.5
2025-08-05 10:00:00,2025,8,5,10,Huế,Phường Phú Bài,16.409296,107.6779818,61,Moderate,1,34.8,51,0.0,8.5,204,1004.2,100,18.5,20.0,178.0,2.9,123.0,5.6
2025-08-05 11:00:00,2025,8,5,11,Huế,Phường Phú Bài,16.409296,107.6779818,61,Moderate,1,36.2,49,0.0,7.0,226,1003.9,100,17.9,19.4,171.0,2.5,132.0,5.1
2025-08-05 12:00:00,2025,8,5,12,Huế,Phường Phú Bài,16.409296,107.6779818,62,Moderate,1,37.4,44,0.0,5.7,261,1003.1,88,17.9,19.7,177.0,2.3,134.0,4.4
2025-08-05 13:00:00,2025,8,5,13,Huế,Phường Phú Bài,16.409296,107.6779818,62,Moderate,1,38.0,41,0.0,1.7,41,1002.0,99,17.5,19.3,183.0,2.3,137.0,4.0
2025-08-05 14:00:00,2025,8,5,14,Huế,Phường Phú Bài,16.409296,107.6779818,63,Moderate,1,36.2,49,0.0,11.7,80,1001.3,100,18.9,20.7,181.0,2.2,148.0,4.2
2025-08-05 15:00:00,2025,8,5,15,Huế,Phường Phú Bài,16.409296,107.6779818,64,Moderate,1,35.0,55,0.0,13.4,82,1000.7,37,21.2,23.1,178.0,2.4,161.0,4.8
2025-08-05 16:00:00,2025,8,5,16,Huế,Phường Phú Bài,16.409296,107.6779818,78,Moderate,1,34.4,57,0.0,12.7,83,1000.9,33,22.5,23.8,189.0,3.5,164.0,5.4
2025-08-05 17:00:00,2025,8,5,17,Huế,Phường Phú Bài,16.409296,107.6779818,100,Moderate,1,33.4,60,0.0,9.6,67,1001.6,83,25.1,26.3,217.0,6.1,152.0,5.9
2025-08-05 18:00:00,2025,8,5,18,Huế,Phường Phú Bài,16.409296,107.6779818,111,Unhealthy for Sensitive Groups,2,31.9,68,0.0,4.6,51,1002.4,100,27.5,28.5,259.0,9.7,130.0,6.6
2025-08-05 19:00:00,2025,8,5,19,Huế,Phường Phú Bài,16.409296,107.6779818,113,Unhealthy for Sensitive Groups,2,31.1,68,0.0,5.2,78,1003.3,97,38.6,40.9,313.0,21.9,96.0,10.3
2025-08-05 20:00:00,2025,8,5,20,Huế,Phường Phú Bài,16.409296,107.6779818,105,Unhealthy for Sensitive Groups,2,31.4,70,0.0,1.2,117,1003.5,100,44.2,46.3,405.0,23.6,87.0,12.3
2025-08-05 21:00:00,2025,8,5,21,Huế,Phường Phú Bài,16.409296,107.6779818,95,Moderate,1,30.3,77,0.0,3.0,197,1004.7,100,47.5,49.5,509.0,25.9,75.0,14.9
2025-08-05 22:00:00,2025,8,5,22,Huế,Phường Phú Bài,16.409296,107.6779818,82,Moderate,1,29.5,83,0.0,3.9,223,1005.1,100,49.5,51.2,552.0,27.2,62.0,16.3
2025-08-05 23:00:00,2025,8,5,23,Huế,Phường Phú Bài,16.409296,107.6779818,76,Moderate,1,29.0,82,0.0,5.0,232,1005.0,100,49.8,51.5,476.0,26.8,50.0,15.3
2025-08-06 00:00:00,2025,8,6,0,Huế,Phường Phú Bài,16.409296,107.6779818,78,Moderate,1,28.4,78,0.0,6.7,224,1004.7,100,48.0,49.4,339.0,25.3,38.0,12.9
2025-08-06 01:00:00,2025,8,6,1,Huế,Phường Phú Bài,16.409296,107.6779818,80,Moderate,1,27.4,79,0.0,8.6,221,1004.1,100,42.1,43.2,236.0,23.1,28.0,10.6
2025-08-06 02:00:00,2025,8,6,2,Huế,Phường Phú Bài,16.409296,107.6779818,81,Moderate,1,26.8,81,0.0,8.9,222,1003.7,100,35.7,36.6,208.0,19.9,20.0,8.5
2025-08-06 03:00:00,2025,8,6,3,Huế,Phường Phú Bài,16.409296,107.6779818,83,Moderate,1,26.4,82,0.0,8.6,221,1003.4,100,31.1,31.7,215.0,15.9,14.0,6.4
2025-08-06 04:00:00,2025,8,6,4,Huế,Phường Phú Bài,16.409296,107.6779818,84,Moderate,1,26.2,82,0.0,8.7,222,1003.6,100,27.4,27.9,227.0,12.5,13.0,4.9
2025-08-06 05:00:00,2025,8,6,5,Huế,Phường Phú Bài,16.409296,107.6779818,85,Moderate,1,25.9,83,0.0,8.6,217,1004.0,100,24.4,24.9,243.0,10.2,16.0,4.2
2025-08-06 06:00:00,2025,8,6,6,Huế,Phường Phú Bài,16.409296,107.6779818,86,Moderate,1,25.9,82,0.0,10.0,221,1004.3,100,23.2,23.6,265.0,8.4,24.0,4.2
2025-08-06 07:00:00,2025,8,6,7,Huế,Phường Phú Bài,16.409296,107.6779818,87,Moderate,1,27.5,79,0.0,9.7,220,1004.8,100,26.3,26.7,273.0,7.7,35.0,4.8
2025-08-06 08:00:00,2025,8,6,8,Huế,Phường Phú Bài,16.409296,107.6779818,88,Moderate,1,31.0,71,0.0,6.4,207,1005.4,100,27.6,28.2,251.0,6.4,59.0,5.5
2025-08-06 09:00:00,2025,8,6,9,Huế,Phường Phú Bài,16.409296,107.6779818,88,Moderate,1,33.2,59,0.0,6.5,208,1005.9,100,26.1,27.0,215.0,4.7,93.0,6.5
2025-08-06 10:00:00,2025,8,6,10,Huế,Phường Phú Bài,16.409296,107.6779818,89,Moderate,1,34.2,54,0.0,5.2,205,1005.7,100,24.2,25.3,189.0,3.4,122.0,7.1
2025-08-06 11:00:00,2025,8,6,11,Huế,Phường Phú Bài,16.409296,107.6779818,90,Moderate,1,35.5,49,0.0,4.0,212,1005.0,100,23.9,25.0,185.0,2.9,141.0,7.1
2025-08-06 12:00:00,2025,8,6,12,Huế,Phường Phú Bài,16.409296,107.6779818,90,Moderate,1,36.3,46,0.0,1.3,16,1004.3,100,24.6,25.8,192.0,2.7,155.0,6.7
2025-08-06 13:00:00,2025,8,6,13,Huế,Phường Phú Bài,16.409296,107.6779818,91,Moderate,1,36.0,48,0.0,7.9,30,1003.4,100,25.8,27.1,197.0,2.8,164.0,6.5
2025-08-06 14:00:00,2025,8,6,14,Huế,Phường Phú Bài,16.409296,107.6779818,91,Moderate,1,33.5,59,0.5,6.4,50,1003.4,100,26.8,28.1,192.0,2.6,169.0,6.5
2025-08-06 15:00:00,2025,8,6,15,Huế,Phường Phú Bài,16.409296,107.6779818,92,Moderate,1,34.8,54,0.1,6.8,48,1002.7,100,28.0,29.3,185.0,2.6,168.0,6.5
2025-08-06 16:00:00,2025,8,6,16,Huế,Phường Phú Bài,16.409296,107.6779818,94,Moderate,1,33.2,58,0.0,12.8,81,1002.6,100,28.1,29.3,193.0,3.8,158.0,6.8
2025-08-06 17:00:00,2025,8,6,17,Huế,Phường Phú Bài,16.409296,107.6779818,115,Unhealthy for Sensitive Groups,2,32.2,65,0.0,13.6,101,1002.6,100,27.0,28.0,216.0,7.4,133.0,7.4
2025-08-06 18:00:00,2025,8,6,18,Huế,Phường Phú Bài,16.409296,107.6779818,124,Unhealthy for Sensitive Groups,2,31.2,69,0.0,7.2,89,1003.2,100,27.2,28.1,254.0,12.2,98.0,8.2
2025-08-06 19:00:00,2025,8,6,19,Huế,Phường Phú Bài,16.409296,107.6779818,119,Unhealthy for Sensitive Groups,2,30.3,76,0.0,4.6,64,1004.3,100,34.9,36.3,315.0,13.7,121.0,8.1
2025-08-06 20:00:00,2025,8,6,20,Huế,Phường Phú Bài,16.409296,107.6779818,115,Unhealthy for Sensitive Groups,2,30.1,76,0.0,8.0,108,1005.1,100,34.7,36.1,434.0,13.6,115.0,9.0
2025-08-06 21:00:00,2025,8,6,21,Huế,Phường Phú Bài,16.409296,107.6779818,106,Unhealthy for Sensitive Groups,2,29.4,81,0.0,5.3,147,1006.3,100,35.0,36.6,577.0,13.5,106.0,10.1
2025-08-06 22:00:00,2025,8,6,22,Huế,Phường Phú Bài,16.409296,107.6779818,94,Moderate,1,28.9,72,0.0,9.2,192,1007.1,100,37.4,38.9,650.0,13.7,94.0,10.7
2025-08-06 23:00:00,2025,8,6,23,Huế,Phường Phú Bài,16.409296,107.6779818,90,Moderate,1,27.9,72,0.0,9.2,187,1007.0,100,39.9,41.4,595.0,14.7,78.0,10.4
2025-08-07 00:00:00,2025,8,7,0,Huế,Phường Phú Bài,16.409296,107.6779818,89,Moderate,1,27.4,75,0.0,6.3,193,1006.6,100,41.1,42.5,470.0,16.0,59.0,9.5
2025-08-07 01:00:00,2025,8,7,1,Huế,Phường Phú Bài,16.409296,107.6779818,89,Moderate,1,26.9,80,0.0,5.8,196,1006.0,100,39.8,41.1,363.0,16.5,43.0,8.5
2025-08-07 02:00:00,2025,8,7,2,Huế,Phường Phú Bài,16.409296,107.6779818,88,Moderate,1,26.4,84,0.0,6.9,200,1005.5,100,37.6,38.6,300.0,15.4,33.0,7.4
2025-08-07 03:00:00,2025,8,7,3,Huế,Phường Phú Bài,16.409296,107.6779818,88,Moderate,1,26.0,87,0.0,6.9,186,1005.2,100,33.6,34.5,254.0,13.3,26.0,6.2
2025-08-07 04:00:00,2025,8,7,4,Huế,Phường Phú Bài,16.409296,107.6779818,89,Moderate,1,25.8,89,0.0,7.6,218,1005.2,100,28.8,29.5,232.0,11.5,23.0,5.4
2025-08-07 05:00:00,2025,8,7,5,Huế,Phường Phú Bài,16.409296,107.6779818,89,Moderate,1,25.6,90,0.0,7.8,247,1005.5,100,24.3,24.9,250.0,10.3,23.0,5.2
2025-08-07 06:00:00,2025,8,7,6,Huế,Phường Phú Bài,16.409296,107.6779818,89,Moderate,1,25.9,87,0.0,8.0,230,1006.1,100,21.0,21.6,292.0,9.2,28.0,5.4
2025-08-07 07:00:00,2025,8,7,7,Huế,Phường Phú Bài,16.409296,107.6779818,89,Moderate,1,27.8,82,0.0,6.8,209,1007.0,100,21.2,21.8,316.0,8.0,42.0,5.9
2025-08-07 08:00:00,2025,8,7,8,Huế,Phường Phú Bài,16.409296,107.6779818,88,Moderate,1,31.0,69,0.0,4.7,220,1007.4,100,21.2,22.0,300.0,6.3,73.0,7.0
2025-08-07 09:00:00,2025,8,7,9,Huế,Phường Phú Bài,16.409296,107.6779818,88,Moderate,1,32.8,61,0.0,1.9,299,1007.8,100,20.8,21.9,267.0,4.4,113.0,8.4
2025-08-07 10:00:00,2025,8,7,10,Huế,Phường Phú Bài,16.409296,107.6779818,87,Moderate,1,34.1,55,0.0,1.8,37,1007.6,100,20.0,21.2,240.0,3.0,145.0,9.2
2025-08-07 11:00:00,2025,8,7,11,Huế,Phường Phú Bài,16.409296,107.6779818,87,Moderate,1,35.0,53,0.0,4.4,58,1007.1,100,19.4,20.6,231.0,2.4,161.0,8.8
2025-08-07 12:00:00,2025,8,7,12,Huế,Phường Phú Bài,16.409296,107.6779818,86,Moderate,1,35.0,54,0.0,8.6,57,1006.6,100,19.7,21.0,230.0,2.2,169.0,7.9
2025-08-07 13:00:00,2025,8,7,13,Huế,Phường Phú Bài,16.409296,107.6779818,86,Moderate,1,34.5,56,0.0,10.4,72,1005.9,97,20.7,21.9,228.0,2.2,173.0,7.1
2025-08-07 14:00:00,2025,8,7,14,Huế,Phường Phú Bài,16.409296,107.6779818,85,Moderate,1,34.5,57,0.0,10.2,69,1005.0,55,21.8,23.3,218.0,2.1,175.0,6.7
2025-08-07 15:00:00,2025,8,7,15,Huế,Phường Phú Bài,16.409296,107.6779818,90,Moderate,1,33.4,62,0.0,12.8,99,1004.9,42,22.6,24.3,207.0,2.1,173.0,6.5
2025-08-07 16:00:00,2025,8,7,16,Huế,Phường Phú Bài,16.409296,107.6779818,118,Unhealthy for Sensitive Groups,2,31.6,67,0.1,8.7,138,1005.1,61,23.0,24.7,210.0,3.0,163.0,6.4
2025-08-07 17:00:00,2025,8,7,17,Huế,Phường Phú Bài,16.409296,107.6779818,137,Unhealthy for Sensitive Groups,2,30.8,71,0.0,9.0,142,1004.9,93,24.3,26.1,237.0,5.4,139.0,6.6
2025-08-07 18:00:00,2025,8,7,18,Huế,Phường Phú Bài,16.409296,107.6779818,143,Unhealthy for Sensitive Groups,2,30.0,75,0.0,4.7,180,1005.5,42,24.2,25.6,278.0,8.7,106.0,6.9
2025-08-07 19:00:00,2025,8,7,19,Huế,Phường Phú Bài,16.409296,107.6779818,134,Unhealthy for Sensitive Groups,2,28.8,82,0.0,4.9,208,1006.0,4,22.9,23.7,322.0,8.9,87.0,6.1
2025-08-07 20:00:00,2025,8,7,20,Huế,Phường Phú Bài,16.409296,107.6779818,119,Unhealthy for Sensitive Groups,2,27.0,92,0.0,4.1,214,1007.8,7,22.1,22.6,376.0,10.4,72.0,6.6
2025-08-07 21:00:00,2025,8,7,21,Huế,Phường Phú Bài,16.409296,107.6779818,98,Moderate,1,27.0,93,0.0,6.0,277,1008.3,4,22.7,23.2,432.0,12.5,52.0,7.3
2025-08-07 22:00:00,2025,8,7,22,Huế,Phường Phú Bài,16.409296,107.6779818,80,Moderate,1,26.6,95,0.0,4.2,216,1007.9,5,24.8,25.3,456.0,13.9,35.0,7.5
2025-08-07 23:00:00,2025,8,7,23,Huế,Phường Phú Bài,16.409296,107.6779818,79,Moderate,1,26.1,95,0.0,6.8,238,1007.5,6,24.2,24.5,424.0,14.2,25.0,6.8
2025-08-08 00:00:00,2025,8,8,0,Huế,Phường Phú Bài,16.409296,107.6779818,78,Moderate,1,25.5,94,0.0,5.1,212,1006.8,0,22.2,22.6,360.0,13.9,19.0,5.5
2025-08-08 01:00:00,2025,8,8,1,Huế,Phường Phú Bài,16.409296,107.6779818,76,Moderate,1,24.9,96,0.0,6.5,219,1006.4,0,20.5,20.8,299.0,13.3,14.0,4.5
2025-08-08 02:00:00,2025,8,8,2,Huế,Phường Phú Bài,16.409296,107.6779818,74,Moderate,1,24.5,94,0.0,8.0,220,1006.1,0,19.0,19.3,244.0,12.4,10.0,3.9
2025-08-08 03:00:00,2025,8,8,3,Huế,Phường Phú Bài,16.409296,107.6779818,73,Moderate,1,24.2,94,0.0,7.9,221,1005.8,68,18.2,18.5,191.0,11.3,8.0,3.5
2025-08-08 04:00:00,2025,8,8,4,Huế,Phường Phú Bài,16.409296,107.6779818,71,Moderate,1,24.0,94,0.0,6.4,218,1006.3,3,17.8,18.1,173.0,10.1,10.0,3.4
2025-08-08 05:00:00,2025,8,8,5,Huế,Phường Phú Bài,16.409296,107.6779818,70,Moderate,1,24.0,94,0.0,6.6,213,1006.8,0,17.5,17.8,221.0,8.9,18.0,3.6
2025-08-08 06:00:00,2025,8,8,6,Huế,Phường Phú Bài,16.409296,107.6779818,70,Moderate,1,24.0,95,0.0,6.6,221,1007.2,0,16.4,16.7,303.0,7.7,30.0,4.2
2025-08-08 07:00:00,2025,8,8,7,Huế,Phường Phú Bài,16.409296,107.6779818,69,Moderate,1,26.5,86,0.0,4.7,223,1008.1,1,5.1,5.1,349.0,6.1,49.0,4.9
2025-08-08 08:00:00,2025,8,8,8,Huế,Phường Phú Bài,16.409296,107.6779818,68,Moderate,1,29.6,70,0.0,5.0,235,1008.7,0,6.4,6.5,318.0,5.1,71.0,5.6
2025-08-08 09:00:00,2025,8,8,9,Huế,Phường Phú Bài,16.409296,107.6779818,67,Moderate,1,32.1,57,0.0,3.3,234,1009.1,0,6.5,6.5,251.0,3.7,101.0,6.5
2025-08-08 10:00:00,2025,8,8,10,Huế,Phường Phú Bài,16.409296,107.6779818,65,Moderate,1,33.7,52,0.0,1.1,198,1008.8,0,5.8,5.9,202.0,2.6,125.0,6.9
2025-08-08 11:00:00,2025,8,8,11,Huế,Phường Phú Bài,16.409296,107.6779818,64,Moderate,1,34.8,49,0.0,3.1,50,1008.3,5,6.0,6.2,194.0,2.1,137.0,6.5
2025-08-08 12:00:00,2025,8,8,12,Huế,Phường Phú Bài,16.409296,107.6779818,63,Moderate,1,34.9,51,0.0,7.1,47,1007.6,13,6.6,6.9,204.0,1.8,144.0,5.6
2025-08-08 13:00:00,2025,8,8,13,Huế,Phường Phú Bài,16.409296,107.6779818,62,Moderate,1,33.6,58,0.5,11.6,69,1007.0,26,7.3,7.9,214.0,1.8,150.0,4.9
2025-08-08 14:00:00,2025,8,8,14,Huế,Phường Phú Bài,16.409296,107.6779818,61,Moderate,1,33.7,55,0.0,12.5,74,1006.1,7,8.3,8.8,211.0,1.7,161.0,4.7
2025-08-08 15:00:00,2025,8,8,15,Huế,Phường Phú Bài,16.409296,107.6779818,66,Moderate,1,33.5,55,0.0,9.1,112,1005.8,7,9.6,10.3,209.0,1.8,172.0,4.6
2025-08-08 16:00:00,2025,8,8,16,Huế,Phường Phú Bài,16.409296,107.6779818,92,Moderate,1,32.8,59,0.0,4.7,187,1005.3,4,10.7,11.4,233.0,2.7,168.0,4.7
2025-08-08 17:00:00,2025,8,8,17,Huế,Phường Phú Bài,16.409296,107.6779818,113,Unhealthy for Sensitive Groups,2,32.2,62,0.0,6.0,209,1005.4,3,12.0,12.5,309.0,5.1,138.0,5.0
2025-08-08 18:00:00,2025,8,8,18,Huế,Phường Phú Bài,16.409296,107.6779818,121,Unhealthy for Sensitive Groups,2,31.2,73,0.0,0.9,127,1005.3,5,11.8,12.0,410.0,8.4,93.0,5.5
2025-08-08 19:00:00,2025,8,8,19,Huế,Phường Phú Bài,16.409296,107.6779818,114,Unhealthy for Sensitive Groups,2,30.0,75,0.0,3.1,140,1006.1,18,17.2,17.3,483.0,13.0,69.0,7.0
2025-08-08 20:00:00,2025,8,8,20,Huế,Phường Phú Bài,16.409296,107.6779818,99,Moderate,1,28.0,81,0.0,4.4,189,1007.2,86,20.0,20.2,508.0,14.2,56.0,7.4
2025-08-08 21:00:00,2025,8,8,21,Huế,Phường Phú Bài,16.409296,107.6779818,81,Moderate,1,27.7,84,0.0,3.8,175,1007.8,84,21.0,21.1,504.0,15.8,38.0,8.0
2025-08-08 22:00:00,2025,8,8,22,Huế,Phường Phú Bài,16.409296,107.6779818,57,Moderate,1,27.4,86,0.0,4.0,170,1008.0,30,20.6,20.8,475.0,16.8,23.0,8.1
2025-08-08 23:00:00,2025,8,8,23,Huế,Phường Phú Bài,16.409296,107.6779818,54,Moderate,1,26.8,89,0.0,5.2,196,1007.8,16,19.7,20.0,408.0,16.5,15.0,7.3
2025-08-09 00:00:00,2025,8,9,0,Huế,Phường Phú Bài,16.409296,107.6779818,53,Moderate,1,26.5,89,0.0,7.5,213,1007.8,100,18.0,18.2,316.0,15.6,10.0,5.9
2025-08-09 01:00:00,2025,8,9,1,Huế,Phường Phú Bài,16.409296,107.6779818,53,Moderate,1,26.1,89,0.0,7.6,207,1007.0,98,16.5,16.8,245.0,14.5,7.0,4.8
2025-08-09 02:00:00,2025,8,9,2,Huế,Phường Phú Bài,16.409296,107.6779818,53,Moderate,1,26.1,86,0.0,8.3,224,1006.6,100,15.2,15.4,209.0,13.3,3.0,4.0
2025-08-09 03:00:00,2025,8,9,3,Huế,Phường Phú Bài,16.409296,107.6779818,52,Moderate,1,26.0,84,0.0,8.8,226,1006.4,83,14.0,14.2,194.0,12.0,1.0,3.4
2025-08-09 04:00:00,2025,8,9,4,Huế,Phường Phú Bài,16.409296,107.6779818,52,Moderate,1,25.6,84,0.0,6.7,211,1006.4,100,13.1,13.4,198.0,10.6,4.0,3.1
2025-08-09 05:00:00,2025,8,9,5,Huế,Phường Phú Bài,16.409296,107.6779818,52,Moderate,1,25.8,83,0.0,6.6,225,1006.5,100,12.5,12.9,237.0,9.3,14.0,3.2
2025-08-09 06:00:00,2025,8,9,6,Huế,Phường Phú Bài,16.409296,107.6779818,51,Moderate,1,25.6,83,0.0,7.6,225,1006.8,98,12.8,13.2,294.0,8.0,30.0,3.6
2025-08-09 07:00:00,2025,8,9,7,Huế,Phường Phú Bài,16.409296,107.6779818,51,Moderate,1,27.2,81,0.0,8.6,219,1007.3,99,12.2,12.5,321.0,6.5,49.0,4.5
2025-08-09 08:00:00,2025,8,9,8,Huế,Phường Phú Bài,16.409296,107.6779818,51,Moderate,1,29.9,73,0.0,5.5,226,1008.0,87,12.0,12.4,285.0,5.2,64.0,4.3
2025-08-09 09:00:00,2025,8,9,9,Huế,Phường Phú Bài,16.409296,107.6779818,52,Moderate,1,32.8,59,0.0,8.2,238,1008.0,45,9.4,9.9,218.0,3.4,84.0,4.1
2025-08-09 10:00:00,2025,8,9,10,Huế,Phường Phú Bài,16.409296,107.6779818,52,Moderate,1,34.0,54,0.0,7.7,254,1007.7,73,6.8,7.3,171.0,2.1,102.0,3.9
2025-08-09 11:00:00,2025,8,9,11,Huế,Phường Phú Bài,16.409296,107.6779818,52,Moderate,1,35.0,53,0.0,7.6,266,1006.8,90,7.0,7.5,168.0,1.6,114.0,3.8
2025-08-09 12:00:00,2025,8,9,12,Huế,Phường Phú Bài,16.409296,107.6779818,52,Moderate,1,35.3,52,0.0,4.9,332,1005.9,95,8.2,8.7,185.0,1.6,124.0,3.8
2025-08-09 13:00:00,2025,8,9,13,Huế,Phường Phú Bài,16.409296,107.6779818,52,Moderate,1,33.0,62,1.6,12.5,67,1005.5,98,9.9,10.4,200.0,1.8,134.0,4.0
2025-08-09 14:00:00,2025,8,9,14,Huế,Phường Phú Bài,16.409296,107.6779818,53,Moderate,1,34.2,56,0.0,8.3,95,1004.2,100,13.3,14.2,202.0,1.9,150.0,4.4
2025-08-09 15:00:00,2025,8,9,15,Huế,Phường Phú Bài,16.409296,107.6779818,53,Moderate,1,32.6,62,1.7,8.1,156,1004.0,99,16.3,17.3,203.0,2.2,167.0,5.0
2025-08-09 16:00:00,2025,8,9,16,Huế,Phường Phú Bài,16.409296,107.6779818,66,Moderate,1,32.0,65,0.0,8.8,208,1003.3,97,17.2,18.2,208.0,3.3,171.0,5.6
2025-08-09 17:00:00,2025,8,9,17,Huế,Phường Phú Bài,16.409296,107.6779818,89,Moderate,1,31.6,66,0.0,7.4,221,1003.5,91,16.7,17.5,225.0,6.2,154.0,6.4
2025-08-09 18:00:00,2025,8,9,18,Huế,Phường Phú Bài,16.409296,107.6779818,104,Unhealthy for Sensitive Groups,2,30.4,74,0.0,3.9,193,1003.9,54,20.5,21.1,248.0,9.9,125.0,7.2
2025-08-09 19:00:00,2025,8,9,19,Huế,Phường Phú Bài,16.409296,107.6779818,109,Unhealthy for Sensitive Groups,2,29.2,77,0.0,5.6,151,1004.4,46,20.3,20.6,264.0,14.3,78.0,7.8
2025-08-09 20:00:00,2025,8,9,20,Huế,Phường Phú Bài,16.409296,107.6779818,101,Unhealthy for Sensitive Groups,2,29.3,81,0.0,8.7,198,1004.7,68,19.2,19.4,269.0,14.0,64.0,7.6
2025-08-09 21:00:00,2025,8,9,21,Huế,Phường Phú Bài,16.409296,107.6779818,88,Moderate,1,28.9,76,0.0,10.0,188,1005.2,54,17.9,18.1,268.0,13.6,46.0,7.2
2025-08-09 22:00:00,2025,8,9,22,Huế,Phường Phú Bài,16.409296,107.6779818,70,Moderate,1,28.4,75,0.0,9.9,195,1006.1,86,17.4,17.6,262.0,13.2,30.0,6.7
2025-08-09 23:00:00,2025,8,9,23,Huế,Phường Phú Bài,16.409296,107.6779818,55,Moderate,1,28.1,74,0.0,8.5,187,1006.0,100,17.2,17.3,250.0,13.1,21.0,5.9
2025-08-10 00:00:00,2025,8,10,0,Huế,Phường Phú Bài,16.409296,107.6779818,55,Moderate,1,28.0,73,0.0,6.3,182,1005.4,81,16.2,16.5,233.0,13.1,16.0,5.0
2025-08-10 01:00:00,2025,8,10,1,Huế,Phường Phú Bài,16.409296,107.6779818,55,Moderate,1,27.5,76,0.0,6.9,213,1005.0,96,15.3,15.5,219.0,12.8,12.0,4.2
2025-08-10 02:00:00,2025,8,10,2,Huế,Phường Phú Bài,16.409296,107.6779818,55,Moderate,1,27.1,79,0.0,8.0,218,1005.0,99,14.5,14.7,204.0,11.8,7.0,3.6
2025-08-10 03:00:00,2025,8,10,3,Huế,Phường Phú Bài,16.409296,107.6779818,55,Moderate,1,26.9,81,0.0,7.0,235,1004.7,47,13.8,14.1,191.0,10.5,4.0,3.1
2025-08-10 04:00:00,2025,8,10,4,Huế,Phường Phú Bài,16.409296,107.6779818,55,Moderate,1,26.1,85,0.0,4.4,212,1004.6,36,13.4,13.8,196.0,9.3,6.0,2.9
2025-08-10 05:00:00,2025,8,10,5,Huế,Phường Phú Bài,16.409296,107.6779818,55,Moderate,1,25.8,85,0.0,6.1,214,1004.7,28,13.4,13.8,241.0,8.4,14.0,3.1
2025-08-10 06:00:00,2025,8,10,6,Huế,Phường Phú Bài,16.409296,107.6779818,55,Moderate,1,25.9,84,0.0,7.3,224,1004.9,28,14.1,14.6,305.0,7.7,27.0,3.5
2025-08-10 07:00:00,2025,8,10,7,Huế,Phường Phú Bài,16.409296,107.6779818,55,Moderate,1,27.6,81,0.0,6.0,221,1005.4,94,10.6,10.9,340.0,5.7,46.0,4.0
2025-08-10 08:00:00,2025,8,10,8,Huế,Phường Phú Bài,16.409296,107.6779818,55,Moderate,1,31.0,66,0.0,4.5,265,1006.0,53,12.0,12.4,318.0,4.7,67.0,4.6
2025-08-10 09:00:00,2025,8,10,9,Huế,Phường Phú Bài,16.409296,107.6779818,55,Moderate,1,32.9,57,0.0,4.1,257,1006.1,33,9.9,10.6,267.0,3.4,96.0,5.3
2025-08-10 10:00:00,2025,8,10,10,Huế,Phường Phú Bài,16.409296,107.6779818,55,Moderate,1,34.2,51,0.0,3.8,270,1005.7,56,9.5,10.2,226.0,2.4,119.0,5.8
2025-08-10 11:00:00,2025,8,10,11,Huế,Phường Phú Bài,16.409296,107.6779818,55,Moderate,1,35.2,49,0.0,3.8,329,1005.2,40,9.8,10.5,212.0,2.0,132.0,5.7
2025-08-10 12:00:00,2025,8,10,12,Huế,Phường Phú Bài,16.409296,107.6779818,55,Moderate,1,34.8,53,0.0,7.3,28,1004.3,56,11.0,11.8,208.0,2.0,139.0,5.2
2025-08-10 13:00:00,2025,8,10,13,Huế,Phường Phú Bài,16.409296,107.6779818,55,Moderate,1,33.0,64,2.0,10.3,109,1004.0,25,11.7,12.7,207.0,2.2,142.0,4.8
2025-08-10 14:00:00,2025,8,10,14,Huế,Phường Phú Bài,16.409296,107.6779818,56,Moderate,1,33.1,62,2.0,14.4,87,1003.0,86,13.4,14.4,206.0,2.3,142.0,4.6
2025-08-10 15:00:00,2025,8,10,15,Huế,Phường Phú Bài,16.409296,107.6779818,56,Moderate,1,33.0,64,1.6,10.7,99,1002.2,12,13.5,14.5,207.0,2.6,137.0,4.4
2025-08-10 16:00:00,2025,8,10,16,Huế,Phường Phú Bài,16.409296,107.6779818,74,Moderate,1,28.1,86,4.3,14.7,235,1003.2,79,14.0,14.8,212.0,3.5,127.0,4.4
2025-08-10 17:00:00,2025,8,10,17,Huế,Phường Phú Bài,16.409296,107.6779818,86,Moderate,1,28.1,84,0.3,5.7,189,1003.4,37,13.9,14.4,223.0,5.4,108.0,4.7
2025-08-10 18:00:00,2025,8,10,18,Huế,Phường Phú Bài,16.409296,107.6779818,89,Moderate,1,27.8,83,0.1,7.9,145,1003.6,35,15.3,15.5,238.0,7.9,84.0,5.1
2025-08-10 19:00:00,2025,8,10,19,Huế,Phường Phú Bài,16.409296,107.6779818,82,Moderate,1,26.9,83,0.0,11.0,174,1004.3,36,22.9,23.5,250.0,14.5,62.0,7.1
2025-08-10 20:00:00,2025,8,10,20,Huế,Phường Phú Bài,16.409296,107.6779818,67,Moderate,1,26.7,86,0.0,9.2,186,1004.6,10,23.0,23.3,258.0,14.8,51.0,7.0
2025-08-10 21:00:00,2025,8,10,21,Huế,Phường Phú Bài,16.409296,107.6779818,55,Moderate,1,26.4,86,0.0,8.3,200,1005.2,12,22.9,23.2,262.0,15.2,35.0,6.9
2025-08-10 22:00:00,2025,8,10,22,Huế,Phường Phú Bài,16.409296,107.6779818,55,Moderate,1,26.4,83,0.0,9.2,184,1005.6,10,22.5,22.7,262.0,15.4,23.0,6.6
2025-08-10 23:00:00,2025,8,10,23,Huế,Phường Phú Bài,16.409296,107.6779818,56,Moderate,1,26.0,84,0.0,9.3,188,1005.7,19,21.8,22.0,254.0,15.3,17.0,5.8
2025-08-11 00:00:00,2025,8,11,0,Huế,Phường Phú Bài,16.409296,107.6779818,56,Moderate,1,25.5,85,0.0,9.1,197,1005.6,22,20.4,20.5,242.0,14.9,13.0,4.8
2025-08-11 01:00:00,2025,8,11,1,Huế,Phường Phú Bài,16.409296,107.6779818,57,Moderate,1,25.1,86,0.0,8.9,204,1005.1,22,16.8,16.9,230.0,14.1,11.0,4.0
2025-08-11 02:00:00,2025,8,11,2,Huế,Phường Phú Bài,16.409296,107.6779818,57,Moderate,1,24.8,87,0.0,9.1,214,1004.3,18,12.7,12.9,216.0,12.6,9.0,3.4
2025-08-11 03:00:00,2025,8,11,3,Huế,Phường Phú Bài,16.409296,107.6779818,57,Moderate,1,24.4,89,0.0,7.0,212,1003.6,47,10.7,10.8,203.0,10.6,8.0,3.0
2025-08-11 04:00:00,2025,8,11,4,Huế,Phường Phú Bài,16.409296,107.6779818,56,Moderate,1,24.0,92,0.0,6.6,202,1003.3,76,10.1,10.2,205.0,9.0,11.0,2.9
2025-08-11 05:00:00,2025,8,11,5,Huế,Phường Phú Bài,16.409296,107.6779818,56,Moderate,1,23.9,92,0.0,8.3,222,1003.8,65,9.8,10.0,237.0,8.2,19.0,3.3
2025-08-11 06:00:00,2025,8,11,6,Huế,Phường Phú Bài,16.409296,107.6779818,56,Moderate,1,24.2,91,0.0,6.7,218,1004.3,76,10.6,10.8,284.0,7.8,31.0,4.1
2025-08-11 07:00:00,2025,8,11,7,Huế,Phường Phú Bài,16.409296,107.6779818,55,Moderate,1,26.5,86,0.0,4.3,237,1004.8,32,3.9,4.0,311.0,7.6,52.0,4.7
2025-08-11 08:00:00,2025,8,11,8,Huế,Phường Phú Bài,16.409296,107.6779818,55,Moderate,1,29.9,69,0.0,1.4,230,1005.2,74,5.9,6.1,297.0,6.1,70.0,5.3
2025-08-11 09:00:00,2025,8,11,9,Huế,Phường Phú Bài,16.409296,107.6779818,54,Moderate,1,31.9,58,0.0,1.9,197,1005.4,90,4.6,4.8,263.0,4.1,96.0,6.1
2025-08-11 10:00:00,2025,8,11,10,Huế,Phường Phú Bài,16.409296,107.6779818,54,Moderate,1,32.9,55,0.0,3.8,109,1004.9,39,4.4,4.6,234.0,2.6,118.0,6.6
2025-08-11 11:00:00,2025,8,11,11,Huế,Phường Phú Bài,16.409296,107.6779818,53,Moderate,1,33.8,53,0.0,4.6,79,1004.5,69,5.1,5.4,219.0,2.0,133.0,6.3
2025-08-11 12:00:00,2025,8,11,12,Huế,Phường Phú Bài,16.409296,107.6779818,53,Moderate,1,33.8,55,0.0,6.8,58,1003.9,67,6.0,6.4,210.0,2.0,145.0,5.7
2025-08-11 13:00:00,2025,8,11,13,Huế,Phường Phú Bài,16.409296,107.6779818,52,Moderate,1,33.0,62,0.3,10.2,44,1003.2,87,7.3,7.8,205.0,2.1,154.0,5.2
2025-08-11 14:00:00,2025,8,11,14,Huế,Phường Phú Bài,16.409296,107.6779818,52,Moderate,1,32.7,62,0.6,7.8,64,1002.6,73,8.4,8.9,200.0,2.0,163.0,5.0
2025-08-11 15:00:00,2025,8,11,15,Huế,Phường Phú Bài,16.409296,107.6779818,65,Moderate,1,32.1,63,0.0,9.2,70,1001.7,19,10.1,10.7,199.0,2.0,170.0,4.9
2025-08-11 16:00:00,2025,8,11,16,Huế,Phường Phú Bài,16.409296,107.6779818,90,Moderate,1,31.1,67,0.7,2.8,11,1001.9,40,11.5,12.1,218.0,3.2,167.0,5.2
2025-08-11 17:00:00,2025,8,11,17,Huế,Phường Phú Bài,16.409296,107.6779818,110,Unhealthy for Sensitive Groups,2,29.8,75,2.7,1.1,18,1001.9,16,12.6,13.2,275.0,6.7,149.0,6.1
2025-08-11 18:00:00,2025,8,11,18,Huế,Phường Phú Bài,16.409296,107.6779818,122,Unhealthy for Sensitive Groups,2,28.9,84,0.1,5.4,228,1002.5,30,16.3,16.8,351.0,11.3,121.0,7.4
2025-08-11 19:00:00,2025,8,11,19,Huế,Phường Phú Bài,16.409296,107.6779818,122,Unhealthy for Sensitive Groups,2,27.8,91,0.1,6.5,210,1003.3,19,21.9,23.0,410.0,13.6,94.0,7.8
2025-08-11 20:00:00,2025,8,11,20,Huế,Phường Phú Bài,16.409296,107.6779818,114,Unhealthy for Sensitive Groups,2,26.1,94,0.0,7.8,232,1004.6,41,21.2,22.0,437.0,13.0,86.0,7.9
2025-08-11 21:00:00,2025,8,11,21,Huế,Phường Phú Bài,16.409296,107.6779818,101,Unhealthy for Sensitive Groups,2,25.5,94,2.4,10.3,234,1005.8,91,20.7,21.4,446.0,12.1,73.0,8.0
2025-08-11 22:00:00,2025,8,11,22,Huế,Phường Phú Bài,16.409296,107.6779818,84,Moderate,1,25.5,94,0.1,5.6,213,1005.4,34,20.9,21.4,441.0,11.4,61.0,7.8
2025-08-11 23:00:00,2025,8,11,23,Huế,Phường Phú Bài,16.409296,107.6779818,62,Moderate,1,25.2,97,0.0,3.6,183,1005.7,85,20.0,20.4,418.0,11.1,49.0,7.1
2025-08-12 00:00:00,2025,8,12,0,Huế,Phường Phú Bài,16.409296,107.6779818,50,Good,0,25.0,99,0.0,3.3,225,1005.3,95,19.6,19.7,381.0,11.0,36.0,6.1
2025-08-12 01:00:00,2025,8,12,1,Huế,Phường Phú Bài,16.409296,107.6779818,50,Good,0,25.0,99,0.0,6.2,202,1004.5,4,19.6,19.7,346.0,10.8,26.0,5.2
2025-08-12 02:00:00,2025,8,12,2,Huế,Phường Phú Bài,16.409296,107.6779818,51,Moderate,1,24.7,99,0.0,4.3,208,1003.9,3,19.2,19.4,316.0,10.4,19.0,4.5
2025-08-12 03:00:00,2025,8,12,3,Huế,Phường Phú Bài,16.409296,107.6779818,51,Moderate,1,24.5,98,0.0,3.6,225,1003.8,9,19.1,19.3,288.0,9.9,15.0,3.9
2025-08-12 04:00:00,2025,8,12,4,Huế,Phường Phú Bài,16.409296,107.6779818,52,Moderate,1,24.5,98,0.0,4.8,236,1004.0,14,18.6,18.8,272.0,9.2,15.0,3.6
2025-08-12 05:00:00,2025,8,12,5,Huế,Phường Phú Bài,16.409296,107.6779818,53,Moderate,1,24.5,98,0.0,6.3,246,1004.3,23,16.8,17.0,277.0,8.4,21.0,3.8
2025-08-12 06:00:00,2025,8,12,6,Huế,Phường Phú Bài,16.409296,107.6779818,53,Moderate,1,24.6,97,0.0,5.8,210,1004.2,7,16.6,16.8,294.0,7.5,31.0,4.3
2025-08-12 07:00:00,2025,8,12,7,Huế,Phường Phú Bài,16.409296,107.6779818,54,Moderate,1,26.1,94,0.0,6.2,197,1004.8,4,12.2,12.3,301.0,6.1,42.0,4.6
2025-08-12 08:00:00,2025,8,12,8,Huế,Phường Phú Bài,16.409296,107.6779818,54,Moderate,1,29.6,76,0.0,5.3,215,1005.2,97,12.3,12.4,289.0,5.0,62.0,5.0
2025-08-12 09:00:00,2025,8,12,9,Huế,Phường Phú Bài,16.409296,107.6779818,55,Moderate,1,31.3,69,0.1,2.2,355,1005.6,66,10.6,10.8,269.0,3.5,90.0,5.6
2025-08-12 10:00:00,2025,8,12,10,Huế,Phường Phú Bài,16.409296,107.6779818,56,Moderate,1,32.3,67,0.1,2.6,34,1005.0,70,10.1,10.3,248.0,2.3,112.0,5.8
2025-08-12 11:00:00,2025,8,12,11,Huế,Phường Phú Bài,16.409296,107.6779818,56,Moderate,1,33.4,64,0.0,6.7,24,1004.7,98,9.5,9.6,228.0,1.8,122.0,5.4
2025-08-12 12:00:00,2025,8,12,12,Huế,Phường Phú Bài,16.409296,107.6779818,56,Moderate,1,33.2,65,0.0,9.4,29,1004.3,100,10.0,10.1,208.0,1.7,126.0,4.7
2025-08-12 13:00:00,2025,8,12,13,Huế,Phường Phú Bài,16.409296,107.6779818,57,Moderate,1,30.9,73,5.0,5.1,96,1004.2,69,10.6,10.8,196.0,1.7,127.0,4.2
2025-08-12 14:00:00,2025,8,12,14,Huế,Phường Phú Bài,16.409296,107.6779818,57,Moderate,1,32.1,67,0.1,6.6,106,1003.4,78,11.8,12.1,190.0,1.5,129.0,4.1
2025-08-12 15:00:00,2025,8,12,15,Huế,Phường Phú Bài,16.409296,107.6779818,57,Moderate,1,32.0,68,0.2,1.6,207,1003.1,18,12.1,12.5,192.0,1.5,128.0,4.3
2025-08-12 16:00:00,2025,8,12,16,Huế,Phường Phú Bài,16.409296,107.6779818,58,Moderate,1,31.0,71,2.2,3.6,200,1002.9,56,12.9,13.4,210.0,2.7,122.0,4.6
2025-08-12 17:00:00,2025,8,12,17,Huế,Phường Phú Bài,16.409296,107.6779818,70,Moderate,1,30.3,79,0.1,1.0,112,1002.3,11,12.7,13.3,255.0,6.2,107.0,5.3
2025-08-12 18:00:00,2025,8,12,18,Huế,Phường Phú Bài,16.409296,107.6779818,74,Moderate,1,29.2,81,0.7,5.7,148,1003.1,46,16.5,16.9,316.0,10.9,85.0,6.2
2025-08-12 19:00:00,2025,8,12,19,Huế,Phường Phú Bài,16.409296,107.6779818,68,Moderate,1,28.2,88,0.0,3.5,165,1004.2,66,11.7,12.2,372.0,7.8,112.0,6.4
2025-08-12 20:00:00,2025,8,12,20,Huế,Phường Phú Bài,16.409296,107.6779818,66,Moderate,1,28.6,82,0.0,5.0,193,1005.4,94,12.2,12.5,428.0,8.1,97.0,6.5
2025-08-12 21:00:00,2025,8,12,21,Huế,Phường Phú Bài,16.409296,107.6779818,59,Moderate,1,26.5,90,7.9,16.0,194,1007.1,99,13.0,13.2,478.0,8.4,77.0,6.6
2025-08-12 22:00:00,2025,8,12,22,Huế,Phường Phú Bài,16.409296,107.6779818,55,Moderate,1,25.2,91,5.4,9.9,185,1006.6,100,13.5,13.6,482.0,8.6,58.0,6.4
2025-08-12 23:00:00,2025,8,12,23,Huế,Phường Phú Bài,16.409296,107.6779818,55,Moderate,1,25.2,95,0.5,4.5,227,1007.1,100,13.4,13.5,401.0,8.4,44.0,5.7
2025-08-13 00:00:00,2025,8,13,0,Huế,Phường Phú Bài,16.409296,107.6779818,54,Moderate,1,25.0,96,3.2,18.1,186,1007.5,100,12.4,12.5,274.0,8.1,33.0,4.6
2025-08-13 01:00:00,2025,8,13,1,Huế,Phường Phú Bài,16.409296,107.6779818,53,Moderate,1,25.1,91,4.2,8.7,223,1006.4,100,11.7,11.8,183.0,7.8,24.0,3.8
2025-08-13 02:00:00,2025,8,13,2,Huế,Phường Phú Bài,16.409296,107.6779818,53,Moderate,1,24.9,94,0.0,9.5,226,1006.1,100,11.4,11.5,166.0,7.6,17.0,3.3
2025-08-13 03:00:00,2025,8,13,3,Huế,Phường Phú Bài,16.409296,107.6779818,52,Moderate,1,24.9,94,0.1,9.1,194,1005.6,100,11.2,11.3,185.0,7.4,12.0,2.9
2025-08-13 04:00:00,2025,8,13,4,Huế,Phường Phú Bài,16.409296,107.6779818,51,Moderate,1,24.8,93,0.0,9.6,185,1005.3,100,11.1,11.3,208.0,7.3,11.0,2.8
2025-08-13 05:00:00,2025,8,13,5,Huế,Phường Phú Bài,16.409296,107.6779818,51,Moderate,1,24.5,95,0.0,7.5,230,1005.4,99,11.2,11.3,233.0,7.6,13.0,3.1
2025-08-13 06:00:00,2025,8,13,6,Huế,Phường Phú Bài,16.409296,107.6779818,50,Good,0,24.5,94,0.0,10.1,223,1005.9,100,11.8,12.0,262.0,8.1,17.0,3.7
2025-08-13 07:00:00,2025,8,13,7,Huế,Phường Phú Bài,16.409296,107.6779818,50,Good,0,26.0,91,0.0,3.6,237,1006.2,100,3.7,3.7,275.0,6.9,26.0,3.6
2025-08-13 08:00:00,2025,8,13,8,Huế,Phường Phú Bài,16.409296,107.6779818,48,Good,0,29.5,71,0.0,8.6,219,1007.0,100,8.3,8.6,255.0,5.6,48.0,4.1
2025-08-13 09:00:00,2025,8,13,9,Huế,Phường Phú Bài,16.409296,107.6779818,47,Good,0,31.9,62,0.0,5.9,215,1006.9,100,6.2,6.4,218.0,3.9,78.0,4.9
2025-08-13 10:00:00,2025,8,13,10,Huế,Phường Phú Bài,16.409296,107.6779818,47,Good,0,33.2,56,0.0,4.5,310,1006.8,99,6.5,6.9,194.0,2.5,101.0,5.2
2025-08-13 11:00:00,2025,8,13,11,Huế,Phường Phú Bài,16.409296,107.6779818,46,Good,0,33.8,56,0.0,6.0,344,1005.9,96,7.2,7.9,201.0,1.8,110.0,4.8
2025-08-13 12:00:00,2025,8,13,12,Huế,Phường Phú Bài,16.409296,107.6779818,46,Good,0,34.0,56,0.0,7.6,335,1005.1,32,7.9,8.7,221.0,1.6,111.0,4.1
2025-08-13 13:00:00,2025,8,13,13,Huế,Phường Phú Bài,16.409296,107.6779818,45,Good,0,34.7,52,0.0,6.0,339,1003.6,28,8.6,9.4,231.0,1.5,111.0,3.5
2025-08-13 14:00:00,2025,8,13,14,Huế,Phường Phú Bài,16.409296,107.6779818,45,Good,0,35.2,52,0.0,4.4,21,1002.6,62,9.4,10.4,215.0,1.3,113.0,3.3
2025-08-13 15:00:00,2025,8,13,15,Huế,Phường Phú Bài,16.409296,107.6779818,45,Good,0,32.7,64,0.9,11.7,43,1002.7,75,10.4,11.7,189.0,1.4,114.0,3.3
2025-08-13 16:00:00,2025,8,13,16,Huế,Phường Phú Bài,16.409296,107.6779818,46,Good,0,33.0,61,0.0,6.2,97,1002.5,39,11.1,12.5,177.0,2.5,109.0,3.6
2025-08-13 17:00:00,2025,8,13,17,Huế,Phường Phú Bài,16.409296,107.6779818,49,Good,0,27.4,90,9.3,7.9,183,1003.8,91,11.5,12.8,195.0,5.7,94.0,4.3
2025-08-13 18:00:00,2025,8,13,18,Huế,Phường Phú Bài,16.409296,107.6779818,50,Good,0,27.0,90,0.1,7.3,170,1003.5,44,13.2,14.2,226.0,10.0,73.0,5.4
2025-08-13 19:00:00,2025,8,13,19,Huế,Phường Phú Bài,16.409296,107.6779818,48,Good,0,27.0,88,0.0,6.2,173,1004.2,84,18.1,19.0,251.0,12.4,49.0,5.8
2025-08-13 20:00:00,2025,8,13,20,Huế,Phường Phú Bài,16.409296,107.6779818,45,Good,0,26.5,92,1.8,8.9,188,1006.2,98,18.5,19.1,260.0,13.1,41.0,6.2
2025-08-13 21:00:00,2025,8,13,21,Huế,Phường Phú Bài,16.409296,107.6779818,45,Good,0,25.1,98,8.0,3.9,248,1007.2,98,19.0,19.4,261.0,14.0,30.0,6.6
2025-08-13 22:00:00,2025,8,13,22,Huế,Phường Phú Bài,16.409296,107.6779818,46,Good,0,25.4,99,0.3,6.3,175,1007.3,87,20.0,20.3,262.0,14.5,21.0,6.7
2025-08-13 23:00:00,2025,8,13,23,Huế,Phường Phú Bài,16.409296,107.6779818,48,Good,0,25.5,99,0.1,8.1,192,1006.3,61,19.7,19.9,265.0,14.4,15.0,6.1
2025-08-14 00:00:00,2025,8,14,0,Huế,Phường Phú Bài,16.409296,107.6779818,49,Good,0,25.3,98,0.0,7.3,222,1005.7,89,18.7,18.9,267.0,13.9,12.0,5.1
2025-08-14 01:00:00,2025,8,14,1,Huế,Phường Phú Bài,16.409296,107.6779818,50,Good,0,25.2,97,0.0,6.9,213,1005.3,100,17.8,17.9,266.0,13.2,9.0,4.3
2025-08-14 02:00:00,2025,8,14,2,Huế,Phường Phú Bài,16.409296,107.6779818,50,Good,0,25.1,96,0.0,6.2,221,1004.6,100,16.6,16.8,257.0,12.2,6.0,3.7
2025-08-14 03:00:00,2025,8,14,3,Huế,Phường Phú Bài,16.409296,107.6779818,51,Moderate,1,25.0,96,0.0,6.0,229,1004.4,97,15.9,16.1,244.0,11.1,4.0,3.2
2025-08-14 04:00:00,2025,8,14,4,Huế,Phường Phú Bài,16.409296,107.6779818,51,Moderate,1,24.6,96,0.0,8.2,220,1004.3,47,15.1,15.3,238.0,9.8,7.0,3.0
2025-08-14 05:00:00,2025,8,14,5,Huế,Phường Phú Bài,16.409296,107.6779818,52,Moderate,1,24.0,98,0.0,6.7,216,1004.2,63,13.9,14.0,246.0,8.5,16.0,3.0
2025-08-14 06:00:00,2025,8,14,6,Huế,Phường Phú Bài,16.409296,107.6779818,52,Moderate,1,23.9,98,0.0,8.8,224,1004.1,85,13.1,13.2,262.0,7.0,29.0,3.2
2025-08-14 07:00:00,2025,8,14,7,Huế,Phường Phú Bài,16.409296,107.6779818,52,Moderate,1,25.5,96,0.0,6.6,221,1004.4,56,17.5,17.7,275.0,6.6,38.0,3.9
2025-08-14 08:00:00,2025,8,14,8,Huế,Phường Phú Bài,16.409296,107.6779818,53,Moderate,1,29.5,74,0.0,6.2,234,1004.9,100,17.9,18.2,286.0,5.4,61.0,4.5
2025-08-14 09:00:00,2025,8,14,9,Huế,Phường Phú Bài,16.409296,107.6779818,54,Moderate,1,31.8,61,0.0,6.5,276,1005.0,99,15.4,15.9,295.0,3.8,92.0,5.3
2025-08-14 10:00:00,2025,8,14,10,Huế,Phường Phú Bài,16.409296,107.6779818,55,Moderate,1,32.8,57,0.0,5.5,328,1004.8,99,13.1,13.6,294.0,2.5,116.0,5.7
2025-08-14 11:00:00,2025,8,14,11,Huế,Phường Phú Bài,16.409296,107.6779818,55,Moderate,1,33.3,58,0.0,6.5,354,1004.4,100,11.5,12.0,276.0,2.0,124.0,5.3
2025-08-14 12:00:00,2025,8,14,12,Huế,Phường Phú Bài,16.409296,107.6779818,56,Moderate,1,33.7,57,0.0,3.9,34,1003.6,100,11.6,12.1,249.0,1.8,125.0,4.4
2025-08-14 13:00:00,2025,8,14,13,Huế,Phường Phú Bài,16.409296,107.6779818,56,Moderate,1,34.5,56,0.0,5.4,64,1002.7,100,12.3,12.8,227.0,1.8,126.0,3.9
2025-08-14 14:00:00,2025,8,14,14,Huế,Phường Phú Bài,16.409296,107.6779818,56,Moderate,1,32.3,66,0.8,10.1,55,1002.1,43,13.1,13.6,213.0,1.8,132.0,4.0
2025-08-14 15:00:00,2025,8,14,15,Huế,Phường Phú Bài,16.409296,107.6779818,57,Moderate,1,30.9,70,0.4,7.8,184,1002.1,83,15.1,15.9,204.0,2.0,137.0,4.4
2025-08-14 16:00:00,2025,8,14,16,Huế,Phường Phú Bài,16.409296,107.6779818,61,Moderate,1,29.1,80,1.4,6.5,178,1001.9,70,16.6,17.5,211.0,2.8,136.0,4.9
2025-08-14 17:00:00,2025,8,14,17,Huế,Phường Phú Bài,16.409296,107.6779818,77,Moderate,1,28.9,77,0.0,9.5,153,1001.6,21,17.3,18.0,248.0,4.9,123.0,5.6
2025-08-14 18:00:00,2025,8,14,18,Huế,Phường Phú Bài,16.409296,107.6779818,83,Moderate,1,28.4,78,0.0,4.1,146,1001.9,82,19.0,19.6,300.0,7.6,103.0,6.4
2025-08-14 19:00:00,2025,8,14,19,Huế,Phường Phú Bài,16.409296,107.6779818,81,Moderate,1,27.5,83,0.0,5.4,166,1003.1,100,18.3,18.7,332.0,9.1,79.0,6.1
2025-08-14 20:00:00,2025,8,14,20,Huế,Phường Phú Bài,16.409296,107.6779818,71,Moderate,1,28.6,73,0.0,11.2,183,1003.8,87,18.4,18.6,326.0,9.7,69.0,6.3
2025-08-14 21:00:00,2025,8,14,21,Huế,Phường Phú Bài,16.409296,107.6779818,59,Moderate,1,28.1,71,0.0,10.1,184,1004.4,98,19.3,19.4,300.0,10.5,55.0,6.5
2025-08-14 22:00:00,2025,8,14,22,Huế,Phường Phú Bài,16.409296,107.6779818,59,Moderate,1,27.6,72,0.0,9.8,200,1004.8,97,19.0,19.0,278.0,11.2,42.0,6.5
2025-08-14 23:00:00,2025,8,14,23,Huế,Phường Phú Bài,16.409296,107.6779818,59,Moderate,1,27.0,75,0.0,7.0,203,1004.7,97,18.0,18.1,266.0,11.6,32.0,6.1
2025-08-15 00:00:00,2025,8,15,0,Huế,Phường Phú Bài,16.409296,107.6779818,59,Moderate,1,26.0,83,0.0,3.8,197,1004.1,100,17.3,17.4,257.0,11.8,23.0,5.5
2025-08-15 01:00:00,2025,8,15,1,Huế,Phường Phú Bài,16.409296,107.6779818,58,Moderate,1,25.6,84,0.0,5.3,232,1003.2,100,17.2,17.3,257.0,11.6,17.0,5.0
2025-08-15 02:00:00,2025,8,15,2,Huế,Phường Phú Bài,16.409296,107.6779818,58,Moderate,1,25.0,87,0.0,5.1,231,1002.5,100,16.4,16.5,271.0,10.9,12.0,4.5
2025-08-15 03:00:00,2025,8,15,3,Huế,Phường Phú Bài,16.409296,107.6779818,58,Moderate,1,24.5,89,0.0,5.6,213,1002.5,100,15.1,15.2,294.0,9.8,10.0,4.2
2025-08-15 04:00:00,2025,8,15,4,Huế,Phường Phú Bài,16.409296,107.6779818,58,Moderate,1,24.5,88,0.0,6.8,228,1002.4,99,12.1,12.2,311.0,8.8,12.0,4.0
2025-08-15 05:00:00,2025,8,15,5,Huế,Phường Phú Bài,16.409296,107.6779818,58,Moderate,1,24.2,89,0.0,5.0,215,1002.5,100,10.6,10.7,317.0,8.1,18.0,4.3
2025-08-15 06:00:00,2025,8,15,6,Huế,Phường Phú Bài,16.409296,107.6779818,58,Moderate,1,24.2,88,0.0,8.6,221,1002.4,100,10.6,10.7,319.0,7.4,29.0,4.8
2025-08-15 07:00:00,2025,8,15,7,Huế,Phường Phú Bài,16.409296,107.6779818,58,Moderate,1,26.5,82,0.0,6.3,239,1002.9,100,15.7,15.8,316.0,7.0,55.0,5.3
2025-08-15 08:00:00,2025,8,15,8,Huế,Phường Phú Bài,16.409296,107.6779818,57,Moderate,1,28.7,74,0.0,5.8,248,1003.7,100,13.3,13.4,312.0,5.7,74.0,5.5
2025-08-15 09:00:00,2025,8,15,9,Huế,Phường Phú Bài,16.409296,107.6779818,57,Moderate,1,30.2,66,0.0,4.2,282,1004.2,100,13.0,13.2,305.0,3.8,100.0,5.8
2025-08-15 10:00:00,2025,8,15,10,Huế,Phường Phú Bài,16.409296,107.6779818,57,Moderate,1,31.9,61,0.0,2.7,360,1003.9,100,13.0,13.2,289.0,2.5,121.0,5.8
2025-08-15 11:00:00,2025,8,15,11,Huế,Phường Phú Bài,16.409296,107.6779818,57,Moderate,1,32.6,60,0.0,6.9,25,1003.7,100,13.2,13.4,253.0,2.1,130.0,5.2
2025-08-15 12:00:00,2025,8,15,12,Huế,Phường Phú Bài,16.409296,107.6779818,57,Moderate,1,31.9,62,0.8,11.6,35,1003.4,100,13.6,13.9,208.0,2.1,133.0,4.3
2025-08-15 13:00:00,2025,8,15,13,Huế,Phường Phú Bài,16.409296,107.6779818,57,Moderate,1,31.4,68,0.1,12.8,28,1003.0,100,15.1,15.5,181.0,2.3,136.0,3.6
2025-08-15 14:00:00,2025,8,15,14,Huế,Phường Phú Bài,16.409296,107.6779818,57,Moderate,1,30.2,71,2.7,11.0,50,1002.6,97,17.3,18.2,179.0,2.3,143.0,3.4
2025-08-15 15:00:00,2025,8,15,15,Huế,Phường Phú Bài,16.409296,107.6779818,58,Moderate,1,29.5,78,1.2,2.7,62,1002.5,100,17.6,18.5,195.0,2.4,150.0,3.4
2025-08-15 16:00:00,2025,8,15,16,Huế,Phường Phú Bài,16.409296,107.6779818,76,Moderate,1,29.6,78,0.1,5.4,138,1002.3,100,17.6,18.6,233.0,3.5,148.0,3.7
2025-08-15 17:00:00,2025,8,15,17,Huế,Phường Phú Bài,16.409296,107.6779818,92,Moderate,1,28.4,81,0.0,7.9,183,1002.1,89,18.7,19.7,306.0,6.6,129.0,4.4
2025-08-15 18:00:00,2025,8,15,18,Huế,Phường Phú Bài,16.409296,107.6779818,98,Moderate,1,27.5,83,0.0,8.5,205,1002.8,89,21.7,22.6,402.0,10.7,102.0,5.5
2025-08-15 19:00:00,2025,8,15,19,Huế,Phường Phú Bài,16.409296,107.6779818,94,Moderate,1,26.6,87,0.0,2.7,228,1003.4,92,19.9,20.9,481.0,9.6,93.0,5.1
2025-08-15 20:00:00,2025,8,15,20,Huế,Phường Phú Bài,16.409296,107.6779818,86,Moderate,1,25.6,94,0.0,5.9,250,1004.6,98,18.5,19.3,536.0,9.6,83.0,5.2
2025-08-15 21:00:00,2025,8,15,21,Huế,Phường Phú Bài,16.409296,107.6779818,76,Moderate,1,25.5,91,0.0,5.1,234,1005.0,100,18.7,19.4,575.0,9.7,68.0,5.4
2025-08-15 22:00:00,2025,8,15,22,Huế,Phường Phú Bài,16.409296,107.6779818,61,Moderate,1,25.1,93,0.0,3.2,218,1005.3,100,18.7,19.3,587.0,9.7,56.0,5.3
2025-08-15 23:00:00,2025,8,15,23,Huế,Phường Phú Bài,16.409296,107.6779818,58,Moderate,1,25.2,94,0.0,4.6,211,1005.1,100,19.1,19.7,558.0,9.5,50.0,4.9
2025-08-16 00:00:00,2025,8,16,0,Huế,Phường Phú Bài,16.409296,107.6779818,59,Moderate,1,24.9,96,0.0,3.1,208,1004.6,100,18.4,19.0,500.0,9.3,46.0,4.2
2025-08-16 01:00:00,2025,8,16,1,Huế,Phường Phú Bài,16.409296,107.6779818,59,Moderate,1,24.5,98,0.0,3.2,218,1003.7,100,16.8,17.2,445.0,9.2,42.0,3.7
2025-08-16 02:00:00,2025,8,16,2,Huế,Phường Phú Bài,16.409296,107.6779818,59,Moderate,1,24.2,98,0.0,5.1,222,1003.5,99,17.6,18.0,391.0,9.6,37.0,3.5
2025-08-16 03:00:00,2025,8,16,3,Huế,Phường Phú Bài,16.409296,107.6779818,59,Moderate,1,23.8,99,0.0,3.8,221,1003.2,73,19.8,20.3,340.0,10.1,31.0,3.3
2025-08-16 04:00:00,2025,8,16,4,Huế,Phường Phú Bài,16.409296,107.6779818,59,Moderate,1,23.5,99,0.0,3.5,242,1003.5,64,22.2,22.6,317.0,10.2,30.0,3.4
2025-08-16 05:00:00,2025,8,16,5,Huế,Phường Phú Bài,16.409296,107.6779818,60,Moderate,1,23.8,98,0.0,5.1,266,1004.2,79,23.2,23.7,354.0,9.7,34.0,3.8
2025-08-16 06:00:00,2025,8,16,6,Huế,Phường Phú Bài,16.409296,107.6779818,61,Moderate,1,24.1,96,0.0,7.4,248,1004.3,52,23.7,24.2,421.0,8.8,42.0,4.3
2025-08-16 07:00:00,2025,8,16,7,Huế,Phường Phú Bài,16.409296,107.6779818,62,Moderate,1,25.9,91,0.0,8.1,266,1004.8,46,22.5,23.1,454.0,10.1,60.0,5.9
2025-08-16 08:00:00,2025,8,16,8,Huế,Phường Phú Bài,16.409296,107.6779818,63,Moderate,1,28.2,77,0.1,3.6,360,1005.3,56,17.1,17.9,421.0,7.9,81.0,5.8
2025-08-16 09:00:00,2025,8,16,9,Huế,Phường Phú Bài,16.409296,107.6779818,63,Moderate,1,29.5,74,0.1,3.5,339,1005.3,50,14.9,15.9,354.0,5.0,111.0,5.6
2025-08-16 10:00:00,2025,8,16,10,Huế,Phường Phú Bài,16.409296,107.6779818,63,Moderate,1,30.8,70,0.1,3.3,347,1005.2,100,13.9,14.9,290.0,2.7,129.0,5.1
2025-08-16 11:00:00,2025,8,16,11,Huế,Phường Phú Bài,16.409296,107.6779818,63,Moderate,1,31.3,68,0.1,9.2,23,1004.9,100,13.0,14.1,237.0,1.8,127.0,4.1
2025-08-16 12:00:00,2025,8,16,12,Huế,Phường Phú Bài,16.409296,107.6779818,63,Moderate,1,31.2,67,0.0,9.4,20,1003.9,100,12.6,13.9,186.0,1.7,114.0,2.8
2025-08-16 13:00:00,2025,8,16,13,Huế,Phường Phú Bài,16.409296,107.6779818,63,Moderate,1,31.4,68,0.0,9.6,4,1002.9,99,11.2,12.4,152.0,1.7,102.0,1.9
2025-08-16 14:00:00,2025,8,16,14,Huế,Phường Phú Bài,16.409296,107.6779818,63,Moderate,1,29.5,77,1.5,9.8,26,1002.8,100,10.4,11.5,140.0,1.4,94.0,1.6
2025-08-16 15:00:00,2025,8,16,15,Huế,Phường Phú Bài,16.409296,107.6779818,62,Moderate,1,28.4,79,3.0,8.8,358,1002.5,100,8.7,9.8,145.0,1.2,86.0,1.6
2025-08-16 16:00:00,2025,8,16,16,Huế,Phường Phú Bài,16.409296,107.6779818,62,Moderate,1,27.4,83,1.5,9.7,348,1002.4,60,7.3,8.8,162.0,2.2,77.0,2.0
2025-08-16 17:00:00,2025,8,16,17,Huế,Phường Phú Bài,16.409296,107.6779818,61,Moderate,1,27.1,83,0.1,6.2,327,1002.7,95,6.1,7.4,198.0,5.4,64.0,2.9
2025-08-16 18:00:00,2025,8,16,18,Huế,Phường Phú Bài,16.409296,107.6779818,60,Moderate,1,26.4,85,0.3,5.3,262,1003.4,100,7.7,8.7,246.0,9.7,50.0,4.2
2025-08-16 19:00:00,2025,8,16,19,Huế,Phường Phú Bài,16.409296,107.6779818,58,Moderate,1,24.8,98,4.6,7.1,291,1004.8,100,10.0,11.5,285.0,11.4,40.0,4.3
2025-08-16 20:00:00,2025,8,16,20,Huế,Phường Phú Bài,16.409296,107.6779818,57,Moderate,1,24.4,98,3.2,7.3,253,1005.1,100,9.4,10.7,308.0,10.8,39.0,4.5
2025-08-16 21:00:00,2025,8,16,21,Huế,Phường Phú Bài,16.409296,107.6779818,57,Moderate,1,24.3,99,3.0,8.1,238,1005.4,100,8.6,9.7,322.0,9.9,37.0,4.9
2025-08-16 22:00:00,2025,8,16,22,Huế,Phường Phú Bài,16.409296,107.6779818,56,Moderate,1,24.3,99,1.1,9.5,238,1005.3,100,9.3,10.3,322.0,9.2,34.0,5.0
2025-08-16 23:00:00,2025,8,16,23,Huế,Phường Phú Bài,16.409296,107.6779818,55,Moderate,1,24.4,97,1.2,9.7,255,1004.7,100,9.3,10.1,300.0,9.2,30.0,4.8
2025-08-17 00:00:00,2025,8,17,0,Huế,Phường Phú Bài,16.409296,107.6779818,54,Moderate,1,24.1,97,1.3,6.3,267,1004.6,100,9.4,10.0,263.0,9.3,26.0,4.4
2025-08-17 01:00:00,2025,8,17,1,Huế,Phường Phú Bài,16.409296,107.6779818,53,Moderate,1,23.8,98,2.9,8.0,243,1004.3,100,9.6,10.0,232.0,9.1,23.0,4.0
2025-08-17 02:00:00,2025,8,17,2,Huế,Phường Phú Bài,16.409296,107.6779818,53,Moderate,1,23.9,97,2.5,11.0,275,1003.5,100,8.7,9.0,207.0,7.9,24.0,3.7
2025-08-17 03:00:00,2025,8,17,3,Huế,Phường Phú Bài,16.409296,107.6779818,52,Moderate,1,23.8,97,2.4,11.4,291,1003.4,100,7.0,7.2,188.0,6.3,26.0,3.5
2025-08-17 04:00:00,2025,8,17,4,Huế,Phường Phú Bài,16.409296,107.6779818,51,Moderate,1,23.7,98,3.8,12.2,289,1003.4,100,5.7,5.9,187.0,5.2,29.0,3.4
2025-08-17 05:00:00,2025,8,17,5,Huế,Phường Phú Bài,16.409296,107.6779818,48,Good,0,23.8,97,1.9,11.7,283,1003.7,100,5.1,5.2,214.0,5.0,30.0,3.4
2025-08-17 06:00:00,2025,8,17,6,Huế,Phường Phú Bài,16.409296,107.6779818,45,Good,0,23.6,98,2.3,9.9,267,1004.2,100,4.7,4.9,261.0,5.3,31.0,3.5
2025-08-17 07:00:00,2025,8,17,7,Huế,Phường Phú Bài,16.409296,107.6779818,42,Good,0,23.8,97,2.4,9.0,264,1004.7,100,8.2,8.3,314.0,8.0,24.0,4.2
2025-08-17 08:00:00,2025,8,17,8,Huế,Phường Phú Bài,16.409296,107.6779818,40,Good,0,24.4,99,6.1,4.2,216,1005.3,100,7.7,7.7,385.0,7.6,31.0,4.3
2025-08-17 09:00:00,2025,8,17,9,Huế,Phường Phú Bài,16.409296,107.6779818,38,Good,0,24.4,98,5.6,3.7,241,1005.5,100,6.9,6.9,463.0,7.1,40.0,4.3
2025-08-17 10:00:00,2025,8,17,10,Huế,Phường Phú Bài,16.409296,107.6779818,37,Good,0,24.5,99,5.5,2.8,191,1005.2,100,6.7,6.7,502.0,6.5,47.0,4.3
2025-08-17 11:00:00,2025,8,17,11,Huế,Phường Phú Bài,16.409296,107.6779818,35,Good,0,25.0,97,2.3,4.9,246,1004.5,100,5.7,5.7,470.0,5.6,50.0,4.0
2025-08-17 12:00:00,2025,8,17,12,Huế,Phường Phú Bài,16.409296,107.6779818,34,Good,0,26.5,91,0.9,4.4,282,1004.1,100,5.2,5.3,400.0,4.7,52.0,3.7
2025-08-17 13:00:00,2025,8,17,13,Huế,Phường Phú Bài,16.409296,107.6779818,33,Good,0,27.5,87,0.4,6.4,280,1003.6,100,4.3,4.4,338.0,4.1,53.0,3.5
2025-08-17 14:00:00,2025,8,17,14,Huế,Phường Phú Bài,16.409296,107.6779818,32,Good,0,28.8,79,0.3,8.4,285,1002.9,100,4.2,4.4,287.0,3.8,54.0,3.6
2025-08-17 15:00:00,2025,8,17,15,Huế,Phường Phú Bài,16.409296,107.6779818,30,Good,0,28.2,80,0.2,11.0,312,1002.3,100,4.4,4.5,246.0,3.8,55.0,3.8
2025-08-17 16:00:00,2025,8,17,16,Huế,Phường Phú Bài,16.409296,107.6779818,30,Good,0,27.8,82,0.8,12.2,322,1002.6,100,4.6,4.6,254.0,5.2,54.0,4.3
2025-08-17 17:00:00,2025,8,17,17,Huế,Phường Phú Bài,16.409296,107.6779818,29,Good,0,27.2,84,0.1,7.9,309,1002.9,100,5.7,5.7,343.0,9.3,49.0,5.4
2025-08-17 18:00:00,2025,8,17,18,Huế,Phường Phú Bài,16.409296,107.6779818,29,Good,0,26.6,88,0.0,3.6,273,1003.5,100,7.9,7.9,482.0,14.7,41.0,6.8
2025-08-17 19:00:00,2025,8,17,19,Huế,Phường Phú Bài,16.409296,107.6779818,29,Good,0,26.1,92,0.0,0.8,243,1004.0,100,11.8,12.1,621.0,11.3,73.0,7.7
2025-08-17 20:00:00,2025,8,17,20,Huế,Phường Phú Bài,16.409296,107.6779818,30,Good,0,26.1,85,0.0,5.5,251,1005.1,100,14.1,14.4,767.0,13.7,64.0,9.0
2025-08-17 21:00:00,2025,8,17,21,Huế,Phường Phú Bài,16.409296,107.6779818,30,Good,0,25.8,88,0.0,6.4,241,1005.6,100,17.2,17.5,912.0,16.8,50.0,10.7
2025-08-17 22:00:00,2025,8,17,22,Huế,Phường Phú Bài,16.409296,107.6779818,32,Good,0,25.5,91,0.0,3.5,242,1005.7,100,20.3,20.5,989.0,18.7,39.0,11.4
2025-08-17 23:00:00,2025,8,17,23,Huế,Phường Phú Bài,16.409296,107.6779818,34,Good,0,25.5,91,0.0,1.3,304,1005.5,100,21.1,21.2,962.0,18.1,32.0,10.3
2025-08-18 00:00:00,2025,8,18,0,Huế,Phường Phú Bài,16.409296,107.6779818,36,Good,0,25.2,92,0.0,2.4,347,1005.1,100,18.7,18.8,866.0,16.1,26.0,8.2
2025-08-18 01:00:00,2025,8,18,1,Huế,Phường Phú Bài,16.409296,107.6779818,37,Good,0,25.0,94,0.0,2.3,274,1004.5,100,16.4,16.4,737.0,14.2,22.0,6.4
2025-08-18 02:00:00,2025,8,18,2,Huế,Phường Phú Bài,16.409296,107.6779818,39,Good,0,24.6,96,0.0,3.6,229,1004.0,100,14.6,14.6,549.0,12.6,18.0,5.3
2025-08-18 03:00:00,2025,8,18,3,Huế,Phường Phú Bài,16.409296,107.6779818,40,Good,0,24.5,96,0.0,4.7,208,1003.5,100,13.4,13.4,328.0,11.1,15.0,4.5
2025-08-18 04:00:00,2025,8,18,4,Huế,Phường Phú Bài,16.409296,107.6779818,41,Good,0,24.0,93,0.0,5.4,214,1003.5,100,12.1,12.1,183.0,10.3,15.0,4.2
2025-08-18 05:00:00,2025,8,18,5,Huế,Phường Phú Bài,16.409296,107.6779818,42,Good,0,23.6,93,0.0,3.0,245,1004.0,100,11.6,11.6,181.0,11.1,18.0,4.5
2025-08-18 06:00:00,2025,8,18,6,Huế,Phường Phú Bài,16.409296,107.6779818,43,Good,0,24.0,91,0.0,4.0,270,1004.2,100,12.2,12.2,255.0,12.7,23.0,5.2
2025-08-18 07:00:00,2025,8,18,7,Huế,Phường Phú Bài,16.409296,107.6779818,44,Good,0,25.3,87,0.0,3.7,309,1004.9,100,11.5,11.5,311.0,11.2,27.0,5.3
2025-08-18 08:00:00,2025,8,18,8,Huế,Phường Phú Bài,16.409296,107.6779818,45,Good,0,27.5,82,0.0,0.2,90,1004.7,100,8.9,8.9,315.0,9.4,43.0,5.8
2025-08-18 09:00:00,2025,8,18,9,Huế,Phường Phú Bài,16.409296,107.6779818,45,Good,0,28.5,80,0.0,3.6,72,1005.3,100,7.5,7.5,301.0,6.8,65.0,6.4
2025-08-18 10:00:00,2025,8,18,10,Huế,Phường Phú Bài,16.409296,107.6779818,45,Good,0,30.1,70,0.2,5.0,64,1006.0,100,7.5,7.5,282.0,4.7,83.0,6.7
2025-08-18 11:00:00,2025,8,18,11,Huế,Phường Phú Bài,16.409296,107.6779818,45,Good,0,30.5,69,0.3,1.9,22,1006.4,100,6.3,6.3,257.0,3.5,92.0,6.3
2025-08-18 12:00:00,2025,8,18,12,Huế,Phường Phú Bài,16.409296,107.6779818,45,Good,0,31.3,65,0.1,1.8,45,1006.0,100,6.2,6.2,228.0,2.7,97.0,5.5
2025-08-18 13:00:00,2025,8,18,13,Huế,Phường Phú Bài,16.409296,107.6779818,46,Good,0,32.1,62,0.0,3.1,339,1005.0,100,6.1,6.1,210.0,2.4,100.0,4.8
2025-08-18 14:00:00,2025,8,18,14,Huế,Phường Phú Bài,16.409296,107.6779818,46,Good,0,31.5,63,0.0,2.3,270,1004.2,100,6.9,6.9,209.0,2.2,101.0,4.3
2025-08-18 15:00:00,2025,8,18,15,Huế,Phường Phú Bài,16.409296,107.6779818,46,Good,0,31.1,64,0.0,3.1,31,1003.8,100,7.7,7.7,219.0,2.5,99.0,4.0
2025-08-18 16:00:00,2025,8,18,16,Huế,Phường Phú Bài,16.409296,107.6779818,47,Good,0,29.7,70,0.3,9.5,37,1004.3,100,8.1,8.1,242.0,3.7,94.0,4.1
2025-08-18 17:00:00,2025,8,18,17,Huế,Phường Phú Bài,16.409296,107.6779818,48,Good,0,28.4,78,0.1,12.7,54,1004.7,100,9.6,9.6,284.0,7.0,81.0,4.9
2025-08-18 18:00:00,2025,8,18,18,Huế,Phường Phú Bài,16.409296,107.6779818,48,Good,0,27.6,82,0.0,7.3,65,1004.8,100,12.8,12.8,338.0,11.3,65.0,6.0
2025-08-18 19:00:00,2025,8,18,19,Huế,Phường Phú Bài,16.409296,107.6779818,49,Good,0,27.0,87,0.0,3.8,98,1005.6,100,24.7,24.7,383.0,15.9,49.0,8.0
2025-08-18 20:00:00,2025,8,18,20,Huế,Phường Phú Bài,16.409296,107.6779818,51,Moderate,1,25.8,92,0.0,3.3,209,1006.2,100,26.3,26.3,416.0,15.7,45.0,8.0
2025-08-18 21:00:00,2025,8,18,21,Huế,Phường Phú Bài,16.409296,107.6779818,52,Moderate,1,25.5,94,0.0,3.2,218,1006.7,100,27.1,27.1,441.0,15.4,38.0,8.0
2025-08-18 22:00:00,2025,8,18,22,Huế,Phường Phú Bài,16.409296,107.6779818,53,Moderate,1,25.4,95,0.0,3.6,240,1006.8,100,29.3,29.3,443.0,15.3,32.0,7.9
2025-08-18 23:00:00,2025,8,18,23,Huế,Phường Phú Bài,16.409296,107.6779818,53,Moderate,1,25.3,96,0.0,5.1,228,1007.1,100,30.6,30.6,408.0,15.9,26.0,7.5
2025-08-19 00:00:00,2025,8,19,0,Huế,Phường Phú Bài,16.409296,107.6779818,54,Moderate,1,25.1,96,0.0,5.7,204,1006.7,100,29.8,29.8,352.0,16.8,21.0,6.9
2025-08-19 01:00:00,2025,8,19,1,Huế,Phường Phú Bài,16.409296,107.6779818,55,Moderate,1,24.8,96,0.0,6.3,200,1005.8,100,28.9,28.9,306.0,17.0,16.0,6.3
2025-08-19 02:00:00,2025,8,19,2,Huế,Phường Phú Bài,16.409296,107.6779818,56,Moderate,1,24.5,95,0.0,6.8,217,1005.1,100,28.1,28.2,282.0,16.1,12.0,5.6
2025-08-19 03:00:00,2025,8,19,3,Huế,Phường Phú Bài,16.409296,107.6779818,58,Moderate,1,24.0,96,0.0,6.4,232,1005.5,100,27.0,27.0,270.0,14.6,9.0,4.9
2025-08-19 04:00:00,2025,8,19,4,Huế,Phường Phú Bài,16.409296,107.6779818,59,Moderate,1,23.6,97,0.0,7.0,228,1005.6,100,24.3,24.3,267.0,13.1,10.0,4.5
2025-08-19 05:00:00,2025,8,19,5,Huế,Phường Phú Bài,16.409296,107.6779818,60,Moderate,1,23.6,95,0.0,6.8,220,1006.2,100,21.4,21.4,283.0,11.7,17.0,4.6
2025-08-19 06:00:00,2025,8,19,6,Huế,Phường Phú Bài,16.409296,107.6779818,61,Moderate,1,23.6,94,0.0,7.3,211,1006.9,100,20.2,20.2,309.0,10.3,28.0,5.0
2025-08-19 07:00:00,2025,8,19,7,Huế,Phường Phú Bài,16.409296,107.6779818,61,Moderate,1,25.8,88,0.0,6.5,212,1007.4,100,16.3,16.3,317.0,8.4,50.0,5.3
2025-08-19 08:00:00,2025,8,19,8,Huế,Phường Phú Bài,16.409296,107.6779818,62,Moderate,1,28.9,74,0.0,4.0,170,1008.0,100,12.4,12.4,289.0,6.9,68.0,6.2
2025-08-19 09:00:00,2025,8,19,9,Huế,Phường Phú Bài,16.409296,107.6779818,62,Moderate,1,30.5,68,0.0,1.3,236,1008.1,100,12.4,12.4,243.0,4.7,94.0,7.4
2025-08-19 10:00:00,2025,8,19,10,Huế,Phường Phú Bài,16.409296,107.6779818,63,Moderate,1,31.9,62,0.0,2.6,236,1007.8,100,11.8,11.8,208.0,3.1,115.0,7.9
2025-08-19 11:00:00,2025,8,19,11,Huế,Phường Phú Bài,16.409296,107.6779818,63,Moderate,1,33.0,58,0.0,1.0,248,1007.4,99,12.2,12.2,197.0,2.4,127.0,7.2
2025-08-19 12:00:00,2025,8,19,12,Huế,Phường Phú Bài,16.409296,107.6779818,63,Moderate,1,33.9,54,0.0,1.5,30,1006.4,96,12.8,12.9,196.0,2.3,134.0,5.8
2025-08-19 13:00:00,2025,8,19,13,Huế,Phường Phú Bài,16.409296,107.6779818,64,Moderate,1,33.7,57,0.1,8.0,44,1005.6,96,13.5,13.6,197.0,2.3,139.0,4.8
2025-08-19 14:00:00,2025,8,19,14,Huế,Phường Phú Bài,16.409296,107.6779818,65,Moderate,1,31.7,68,0.5,11.8,70,1005.1,97,14.2,14.4,191.0,2.2,146.0,4.6
2025-08-19 15:00:00,2025,8,19,15,Huế,Phường Phú Bài,16.409296,107.6779818,65,Moderate,1,31.4,68,0.1,10.0,82,1005.0,99,15.0,15.1,187.0,2.4,150.0,4.7
2025-08-19 16:00:00,2025,8,19,16,Huế,Phường Phú Bài,16.409296,107.6779818,74,Moderate,1,31.2,68,0.0,10.1,96,1004.8,100,15.5,15.7,198.0,3.4,146.0,4.9
2025-08-19 17:00:00,2025,8,19,17,Huế,Phường Phú Bài,16.409296,107.6779818,90,Moderate,1,30.3,71,0.0,9.4,107,1005.2,100,15.4,15.4,236.0,6.0,125.0,5.2
2025-08-19 18:00:00,2025,8,19,18,Huế,Phường Phú Bài,16.409296,107.6779818,97,Moderate,1,29.1,76,0.0,6.3,103,1005.6,19,15.2,15.3,289.0,9.4,96.0,5.6
2025-08-19 19:00:00,2025,8,19,19,Huế,Phường Phú Bài,16.409296,107.6779818,93,Moderate,1,28.1,82,0.0,4.3,107,1006.8,100,22.3,22.8,340.0,14.7,84.0,8.3
2025-08-19 20:00:00,2025,8,19,20,Huế,Phường Phú Bài,16.409296,107.6779818,84,Moderate,1,27.2,84,0.0,3.7,166,1007.6,52,25.1,25.5,394.0,15.9,72.0,8.3
2025-08-19 21:00:00,2025,8,19,21,Huế,Phường Phú Bài,16.409296,107.6779818,70,Moderate,1,26.9,89,0.0,3.4,198,1008.1,88,27.4,27.7,446.0,17.5,55.0,8.3
2025-08-19 22:00:00,2025,8,19,22,Huế,Phường Phú Bài,16.409296,107.6779818,67,Moderate,1,26.3,95,0.0,3.9,202,1008.1,100,28.2,28.5,464.0,18.0,42.0,8.0
2025-08-19 23:00:00,2025,8,19,23,Huế,Phường Phú Bài,16.409296,107.6779818,67,Moderate,1,26.0,98,0.0,4.7,212,1008.0,99,27.0,27.2,422.0,16.6,36.0,7.0
2025-08-20 00:00:00,2025,8,20,0,Huế,Phường Phú Bài,16.409296,107.6779818,67,Moderate,1,25.6,98,0.0,5.2,200,1007.4,100,25.0,25.3,347.0,14.2,35.0,5.6
2025-08-20 01:00:00,2025,8,20,1,Huế,Phường Phú Bài,16.409296,107.6779818,66,Moderate,1,25.4,95,0.0,4.7,198,1007.0,100,23.3,23.7,286.0,12.1,32.0,4.5
2025-08-20 02:00:00,2025,8,20,2,Huế,Phường Phú Bài,16.409296,107.6779818,66,Moderate,1,25.1,94,0.0,5.9,203,1006.5,100,21.7,22.1,253.0,10.8,26.0,3.7
2025-08-20 03:00:00,2025,8,20,3,Huế,Phường Phú Bài,16.409296,107.6779818,65,Moderate,1,24.9,94,0.0,5.4,195,1006.2,100,20.4,20.8,235.0,9.7,19.0,3.2
2025-08-20 04:00:00,2025,8,20,4,Huế,Phường Phú Bài,16.409296,107.6779818,65,Moderate,1,24.5,96,0.0,6.2,216,1006.3,99,19.4,19.9,234.0,8.8,17.0,2.9
2025-08-20 05:00:00,2025,8,20,5,Huế,Phường Phú Bài,16.409296,107.6779818,64,Moderate,1,24.2,96,0.0,7.5,235,1006.9,100,18.8,19.4,267.0,8.2,20.0,3.0
2025-08-20 06:00:00,2025,8,20,6,Huế,Phường Phú Bài,16.409296,107.6779818,64,Moderate,1,24.2,94,0.0,7.5,230,1007.3,99,19.0,19.7,319.0,7.7,28.0,3.3
2025-08-20 07:00:00,2025,8,20,7,Huế,Phường Phú Bài,16.409296,107.6779818,64,Moderate,1,26.5,87,0.0,5.8,219,1007.8,100,18.7,18.9,346.0,7.1,48.0,4.7
2025-08-20 08:00:00,2025,8,20,8,Huế,Phường Phú Bài,16.409296,107.6779818,64,Moderate,1,29.2,74,0.0,3.8,221,1008.3,100,19.4,20.1,323.0,5.9,81.0,5.5
2025-08-20 09:00:00,2025,8,20,9,Huế,Phường Phú Bài,16.409296,107.6779818,65,Moderate,1,30.9,68,0.0,0.2,360,1008.4,100,17.7,18.5,275.0,4.3,127.0,6.6
2025-08-20 10:00:00,2025,8,20,10,Huế,Phường Phú Bài,16.409296,107.6779818,65,Moderate,1,31.9,65,0.2,2.8,45,1008.4,100,17.0,18.2,240.0,3.1,163.0,7.2
2025-08-20 11:00:00,2025,8,20,11,Huế,Phường Phú Bài,16.409296,107.6779818,66,Moderate,1,32.3,65,0.2,4.0,54,1008.1,100,16.8,18.2,234.0,2.5,180.0,6.8
2025-08-20 12:00:00,2025,8,20,12,Huế,Phường Phú Bài,16.409296,107.6779818,66,Moderate,1,32.6,68,0.1,6.0,44,1007.2,99,17.8,19.3,240.0,2.3,188.0,5.9
2025-08-20 13:00:00,2025,8,20,13,Huế,Phường Phú Bài,16.409296,107.6779818,66,Moderate,1,32.4,71,0.1,8.1,39,1006.5,98,18.8,20.3,247.0,2.3,193.0,5.2
2025-08-20 14:00:00,2025,8,20,14,Huế,Phường Phú Bài,16.409296,107.6779818,81,Moderate,1,30.5,75,4.1,7.0,55,1006.1,99,20.7,22.1,245.0,2.2,201.0,5.0
2025-08-20 15:00:00,2025,8,20,15,Huế,Phường Phú Bài,16.409296,107.6779818,118,Unhealthy for Sensitive Groups,2,31.4,71,0.1,5.9,70,1005.2,99,20.3,21.6,245.0,2.3,206.0,4.9
2025-08-20 16:00:00,2025,8,20,16,Huế,Phường Phú Bài,16.409296,107.6779818,151,Unhealthy,3,30.5,74,0.0,7.9,125,1005.1,76,22.6,24.0,266.0,3.3,200.0,5.2
2025-08-20 17:00:00,2025,8,20,17,Huế,Phường Phú Bài,16.409296,107.6779818,170,Unhealthy,3,30.0,77,0.2,4.8,191,1004.7,76,23.4,24.7,329.0,6.1,175.0,5.9
2025-08-20 18:00:00,2025,8,20,18,Huế,Phường Phú Bài,16.409296,107.6779818,178,Unhealthy,3,28.9,84,0.0,2.7,172,1005.2,90,25.3,26.3,413.0,9.7,138.0,6.9
2025-08-20 19:00:00,2025,8,20,19,Huế,Phường Phú Bài,16.409296,107.6779818,174,Unhealthy,3,28.1,86,0.0,4.3,175,1006.3,97,38.9,40.5,474.0,16.1,130.0,9.4
2025-08-20 20:00:00,2025,8,20,20,Huế,Phường Phú Bài,16.409296,107.6779818,166,Unhealthy,3,27.0,88,0.0,4.8,209,1007.2,93,43.7,45.3,496.0,17.7,110.0,10.3
2025-08-20 21:00:00,2025,8,20,21,Huế,Phường Phú Bài,16.409296,107.6779818,153,Unhealthy,3,26.6,89,0.0,5.6,184,1008.2,95,46.6,48.1,495.0,19.8,83.0,11.4
2025-08-20 22:00:00,2025,8,20,22,Huế,Phường Phú Bài,16.409296,107.6779818,131,Unhealthy for Sensitive Groups,2,26.4,87,0.0,6.3,165,1009.1,100,44.5,46.2,475.0,20.4,61.0,11.6
2025-08-20 23:00:00,2025,8,20,23,Huế,Phường Phú Bài,16.409296,107.6779818,101,Unhealthy for Sensitive Groups,2,26.0,87,0.0,5.4,186,1008.7,100,38.5,40.2,429.0,18.3,51.0,9.9
2025-08-21 00:00:00,2025,8,21,0,Huế,Phường Phú Bài,16.409296,107.6779818,78,Moderate,1,25.4,90,0.0,5.3,213,1008.6,100,33.2,34.6,364.0,14.9,47.0,7.3
2025-08-21 01:00:00,2025,8,21,1,Huế,Phường Phú Bài,16.409296,107.6779818,78,Moderate,1,24.9,92,0.0,5.1,212,1008.2,100,29.7,31.1,310.0,11.9,44.0,5.2
2025-08-21 02:00:00,2025,8,21,2,Huế,Phường Phú Bài,16.409296,107.6779818,79,Moderate,1,24.5,94,0.0,6.8,198,1007.8,100,28.0,29.3,273.0,10.2,40.0,4.2
2025-08-21 03:00:00,2025,8,21,3,Huế,Phường Phú Bài,16.409296,107.6779818,79,Moderate,1,24.3,94,0.0,5.2,209,1007.0,99,27.0,28.3,246.0,8.9,36.0,3.8
2025-08-21 04:00:00,2025,8,21,4,Huế,Phường Phú Bài,16.409296,107.6779818,80,Moderate,1,23.9,95,0.0,5.0,218,1006.8,100,26.3,27.6,236.0,8.0,35.0,3.6
2025-08-21 05:00:00,2025,8,21,5,Huế,Phường Phú Bài,16.409296,107.6779818,81,Moderate,1,23.6,96,0.0,5.0,210,1007.3,99,26.2,27.4,257.0,7.6,35.0,3.7
2025-08-21 06:00:00,2025,8,21,6,Huế,Phường Phú Bài,16.409296,107.6779818,81,Moderate,1,23.7,95,0.0,5.4,244,1007.5,100,26.8,27.8,295.0,7.5,37.0,4.0
2025-08-21 07:00:00,2025,8,21,7,Huế,Phường Phú Bài,16.409296,107.6779818,82,Moderate,1,26.0,86,0.0,5.9,225,1008.6,100,24.5,25.4,312.0,7.0,53.0,5.0
2025-08-21 08:00:00,2025,8,21,8,Huế,Phường Phú Bài,16.409296,107.6779818,82,Moderate,1,29.0,76,0.0,4.1,209,1009.0,100,26.4,27.8,283.0,5.7,79.0,5.2
2025-08-21 09:00:00,2025,8,21,9,Huế,Phường Phú Bài,16.409296,107.6779818,83,Moderate,1,31.4,61,0.0,4.5,157,1009.3,100,24.4,26.0,232.0,4.0,114.0,5.4
2025-08-21 10:00:00,2025,8,21,10,Huế,Phường Phú Bài,16.409296,107.6779818,84,Moderate,1,32.8,54,0.0,4.8,121,1009.1,100,20.8,22.4,199.0,2.7,141.0,5.4
2025-08-21 11:00:00,2025,8,21,11,Huế,Phường Phú Bài,16.409296,107.6779818,84,Moderate,1,33.8,51,0.0,6.2,98,1008.8,100,19.0,20.4,203.0,2.2,152.0,5.0
2025-08-21 12:00:00,2025,8,21,12,Huế,Phường Phú Bài,16.409296,107.6779818,84,Moderate,1,34.2,51,0.0,8.4,71,1008.2,100,18.5,19.8,224.0,2.1,155.0,4.5
2025-08-21 13:00:00,2025,8,21,13,Huế,Phường Phú Bài,16.409296,107.6779818,84,Moderate,1,33.0,60,0.1,16.5,74,1007.1,100,18.5,20.0,238.0,2.1,154.0,4.0
2025-08-21 14:00:00,2025,8,21,14,Huế,Phường Phú Bài,16.409296,107.6779818,84,Moderate,1,33.0,58,0.0,14.0,74,1006.2,100,18.1,19.4,232.0,2.1,149.0,3.7
2025-08-21 15:00:00,2025,8,21,15,Huế,Phường Phú Bài,16.409296,107.6779818,84,Moderate,1,32.8,60,0.0,15.7,85,1005.4,100,16.5,17.6,219.0,2.3,140.0,3.5
2025-08-21 16:00:00,2025,8,21,16,Huế,Phường Phú Bài,16.409296,107.6779818,97,Moderate,1,32.3,62,0.0,16.2,87,1004.7,100,15.2,16.3,213.0,2.8,128.0,3.4
2025-08-21 17:00:00,2025,8,21,17,Huế,Phường Phú Bài,16.409296,107.6779818,108,Unhealthy for Sensitive Groups,2,31.5,65,0.0,12.8,94,1004.8,95,14.5,15.5,223.0,4.1,114.0,3.5
2025-08-21 18:00:00,2025,8,21,18,Huế,Phường Phú Bài,16.409296,107.6779818,108,Unhealthy for Sensitive Groups,2,29.9,69,0.0,12.5,101,1005.4,100,13.6,14.5,241.0,5.7,97.0,3.8
2025-08-21 19:00:00,2025,8,21,19,Huế,Phường Phú Bài,16.409296,107.6779818,98,Moderate,1,28.9,73,0.0,11.5,110,1006.1,97,12.5,13.3,258.0,5.9,86.0,3.5
2025-08-21 20:00:00,2025,8,21,20,Huế,Phường Phú Bài,16.409296,107.6779818,84,Moderate,1,28.2,73,0.0,7.7,115,1007.1,100,11.5,12.3,270.0,6.5,78.0,3.9
2025-08-21 21:00:00,2025,8,21,21,Huế,Phường Phú Bài,16.409296,107.6779818,76,Moderate,1,27.6,75,0.0,7.8,122,1008.0,100,11.2,11.9,280.0,7.4,66.0,4.3
2025-08-21 22:00:00,2025,8,21,22,Huế,Phường Phú Bài,16.409296,107.6779818,73,Moderate,1,26.6,80,0.0,5.3,152,1008.6,100,12.0,12.6,289.0,8.2,55.0,4.6
2025-08-21 23:00:00,2025,8,21,23,Huế,Phường Phú Bài,16.409296,107.6779818,70,Moderate,1,25.9,84,0.0,4.8,160,1008.3,100,13.1,13.7,302.0,8.9,47.0,4.5
2025-08-22 00:00:00,2025,8,22,0,Huế,Phường Phú Bài,16.409296,107.6779818,68,Moderate,1,25.5,86,0.0,2.7,132,1007.9,100,13.7,14.2,315.0,9.5,39.0,4.1
2025-08-22 01:00:00,2025,8,22,1,Huế,Phường Phú Bài,16.409296,107.6779818,66,Moderate,1,25.1,88,0.0,2.4,171,1007.8,100,13.9,14.4,315.0,9.9,33.0,3.9
2025-08-22 02:00:00,2025,8,22,2,Huế,Phường Phú Bài,16.409296,107.6779818,65,Moderate,1,24.5,90,0.0,3.7,169,1007.4,100,14.5,15.0,285.0,9.9,27.0,3.8
2025-08-22 03:00:00,2025,8,22,3,Huế,Phường Phú Bài,16.409296,107.6779818,63,Moderate,1,24.1,92,0.0,4.0,183,1007.0,100,15.4,15.9,242.0,9.7,22.0,3.8
2025-08-22 04:00:00,2025,8,22,4,Huế,Phường Phú Bài,16.409296,107.6779818,62,Moderate,1,23.8,94,0.0,4.0,201,1007.1,100,16.7,17.1,221.0,9.5,22.0,4.0
2025-08-22 05:00:00,2025,8,22,5,Huế,Phường Phú Bài,16.409296,107.6779818,61,Moderate,1,23.5,96,0.0,7.3,230,1007.0,100,18.5,18.9,249.0,9.5,27.0,4.7
2025-08-22 06:00:00,2025,8,22,6,Huế,Phường Phú Bài,16.409296,107.6779818,61,Moderate,1,23.5,95,0.0,8.0,262,1007.4,100,21.0,21.3,298.0,9.5,36.0,5.5
2025-08-22 07:00:00,2025,8,22,7,Huế,Phường Phú Bài,16.409296,107.6779818,60,Moderate,1,25.7,86,0.0,3.0,253,1008.3,100,20.7,21.3,322.0,9.2,49.0,5.8
2025-08-22 08:00:00,2025,8,22,8,Huế,Phường Phú Bài,16.409296,107.6779818,60,Moderate,1,29.2,72,0.0,5.1,293,1008.6,100,14.7,15.5,293.0,7.3,69.0,5.7
2025-08-22 09:00:00,2025,8,22,9,Huế,Phường Phú Bài,16.409296,107.6779818,59,Moderate,1,30.6,63,0.0,7.2,342,1008.6,100,13.0,13.8,238.0,4.6,96.0,5.6
2025-08-22 10:00:00,2025,8,22,10,Huế,Phường Phú Bài,16.409296,107.6779818,58,Moderate,1,31.1,61,0.1,8.9,354,1008.7,100,12.3,13.1,195.0,2.6,118.0,5.4
2025-08-22 11:00:00,2025,8,22,11,Huế,Phường Phú Bài,16.409296,107.6779818,57,Moderate,1,31.3,64,0.2,8.8,360,1008.3,100,12.5,13.3,178.0,2.0,131.0,5.0
2025-08-22 12:00:00,2025,8,22,12,Huế,Phường Phú Bài,16.409296,107.6779818,57,Moderate,1,31.8,66,0.2,8.1,25,1007.2,100,12.7,13.6,172.0,2.0,139.0,4.6
2025-08-22 13:00:00,2025,8,22,13,Huế,Phường Phú Bài,16.409296,107.6779818,56,Moderate,1,32.0,64,0.1,7.1,47,1006.3,100,13.6,14.6,172.0,2.3,142.0,4.1
2025-08-22 14:00:00,2025,8,22,14,Huế,Phường Phú Bài,16.409296,107.6779818,56,Moderate,1,31.8,64,0.0,5.1,17,1005.6,98,13.2,14.1,174.0,2.3,140.0,3.5
2025-08-22 15:00:00,2025,8,22,15,Huế,Phường Phú Bài,16.409296,107.6779818,55,Moderate,1,31.3,65,0.0,4.0,8,1004.7,63,13.2,14.0,182.0,2.4,134.0,3.0
2025-08-22 16:00:00,2025,8,22,16,Huế,Phường Phú Bài,16.409296,107.6779818,73,Moderate,1,28.1,78,4.5,8.1,235,1005.3,97,12.3,13.1,196.0,3.6,123.0,3.0
2025-08-22 17:00:00,2025,8,22,17,Huế,Phường Phú Bài,16.409296,107.6779818,84,Moderate,1,26.8,88,0.4,6.5,228,1005.0,84,11.6,12.3,219.0,6.7,105.0,3.9
2025-08-22 18:00:00,2025,8,22,18,Huế,Phường Phú Bài,16.409296,107.6779818,86,Moderate,1,26.5,89,0.0,6.5,231,1005.7,80,13.4,13.9,250.0,10.9,84.0,5.4
2025-08-22 19:00:00,2025,8,22,19,Huế,Phường Phú Bài,16.409296,107.6779818,79,Moderate,1,26.0,90,0.0,5.6,178,1006.1,29,21.7,23.1,283.0,15.9,72.0,7.8
2025-08-22 20:00:00,2025,8,22,20,Huế,Phường Phú Bài,16.409296,107.6779818,66,Moderate,1,27.5,79,0.0,4.2,175,1007.0,92,20.2,21.6,326.0,15.2,66.0,7.8
2025-08-22 21:00:00,2025,8,22,21,Huế,Phường Phú Bài,16.409296,107.6779818,56,Moderate,1,27.1,86,0.0,2.0,185,1007.8,98,20.8,22.0,372.0,14.3,58.0,7.9
2025-08-22 22:00:00,2025,8,22,22,Huế,Phường Phú Bài,16.409296,107.6779818,57,Moderate,1,26.8,89,0.0,1.5,194,1008.2,98,22.1,22.9,393.0,13.7,50.0,7.8
2025-08-22 23:00:00,2025,8,22,23,Huế,Phường Phú Bài,16.409296,107.6779818,58,Moderate,1,26.2,94,0.0,3.4,227,1007.8,99,24.4,25.2,368.0,13.9,42.0,7.5
2025-08-23 00:00:00,2025,8,23,0,Huế,Phường Phú Bài,16.409296,107.6779818,59,Moderate,1,25.8,97,0.0,2.9,176,1007.7,92,25.9,26.6,317.0,14.4,35.0,7.1
2025-08-23 01:00:00,2025,8,23,1,Huế,Phường Phú Bài,16.409296,107.6779818,60,Moderate,1,25.4,98,0.0,3.7,194,1006.6,90,25.1,25.7,275.0,14.4,29.0,6.7
2025-08-23 02:00:00,2025,8,23,2,Huế,Phường Phú Bài,16.409296,107.6779818,61,Moderate,1,25.0,97,0.0,5.1,219,1006.3,41,24.3,24.9,251.0,13.4,23.0,6.3
2025-08-23 03:00:00,2025,8,23,3,Huế,Phường Phú Bài,16.409296,107.6779818,62,Moderate,1,24.6,96,0.0,6.0,217,1006.1,86,23.5,24.0,234.0,11.9,19.0,5.8
2025-08-23 04:00:00,2025,8,23,4,Huế,Phường Phú Bài,16.409296,107.6779818,62,Moderate,1,24.4,96,0.0,3.9,233,1006.0,16,23.4,23.6,230.0,10.7,20.0,5.7
2025-08-23 05:00:00,2025,8,23,5,Huế,Phường Phú Bài,16.409296,107.6779818,63,Moderate,1,24.2,96,0.0,6.0,231,1006.3,25,23.9,24.0,246.0,10.3,28.0,6.2
2025-08-23 06:00:00,2025,8,23,6,Huế,Phường Phú Bài,16.409296,107.6779818,63,Moderate,1,24.5,95,0.0,7.0,244,1006.5,84,25.6,25.7,273.0,10.3,41.0,7.0
2025-08-23 07:00:00,2025,8,23,7,Huế,Phường Phú Bài,16.409296,107.6779818,64,Moderate,1,26.5,87,0.0,3.9,246,1007.5,100,21.6,21.9,291.0,8.7,62.0,6.5
2025-08-23 08:00:00,2025,8,23,8,Huế,Phường Phú Bài,16.409296,107.6779818,64,Moderate,1,28.8,78,0.0,2.0,225,1007.6,100,17.0,17.3,290.0,6.8,77.0,6.1
2025-08-23 09:00:00,2025,8,23,9,Huế,Phường Phú Bài,16.409296,107.6779818,64,Moderate,1,30.0,74,0.1,1.8,24,1008.4,100,14.4,14.6,280.0,4.1,97.0,5.4
2025-08-23 10:00:00,2025,8,23,10,Huế,Phường Phú Bài,16.409296,107.6779818,64,Moderate,1,31.1,69,0.1,3.1,350,1008.1,100,13.4,13.6,266.0,2.1,114.0,4.9
2025-08-23 11:00:00,2025,8,23,11,Huế,Phường Phú Bài,16.409296,107.6779818,64,Moderate,1,32.0,66,0.1,5.8,356,1007.2,100,13.1,13.2,243.0,1.5,124.0,4.5
2025-08-23 12:00:00,2025,8,23,12,Huế,Phường Phú Bài,16.409296,107.6779818,64,Moderate,1,32.2,65,0.1,9.7,3,1006.4,100,13.4,13.5,216.0,1.7,130.0,4.2
2025-08-23 13:00:00,2025,8,23,13,Huế,Phường Phú Bài,16.409296,107.6779818,64,Moderate,1,29.0,79,3.6,9.5,350,1005.9,100,13.9,14.1,203.0,1.9,133.0,3.9
2025-08-23 14:00:00,2025,8,23,14,Huế,Phường Phú Bài,16.409296,107.6779818,64,Moderate,1,30.4,73,0.1,9.1,295,1005.1,100,15.8,16.0,206.0,1.7,135.0,3.4
2025-08-23 15:00:00,2025,8,23,15,Huế,Phường Phú Bài,16.409296,107.6779818,65,Moderate,1,30.0,74,0.1,6.9,263,1004.1,100,15.8,16.1,224.0,1.6,134.0,2.8
2025-08-23 16:00:00,2025,8,23,16,Huế,Phường Phú Bài,16.409296,107.6779818,67,Moderate,1,29.9,74,0.1,1.3,16,1003.6,100,16.2,17.1,264.0,2.4,127.0,2.7
2025-08-23 17:00:00,2025,8,23,17,Huế,Phường Phú Bài,16.409296,107.6779818,78,Moderate,1,29.2,76,0.1,0.8,27,1003.6,100,15.4,16.2,358.0,5.0,110.0,3.4
2025-08-23 18:00:00,2025,8,23,18,Huế,Phường Phú Bài,16.409296,107.6779818,81,Moderate,1,28.0,83,0.1,1.5,126,1003.9,100,16.1,17.0,476.0,8.5,88.0,4.5
2025-08-23 19:00:00,2025,8,23,19,Huế,Phường Phú Bài,16.409296,107.6779818,75,Moderate,1,27.0,89,0.0,8.7,194,1005.0,100,17.2,17.9,534.0,11.2,64.0,5.3
2025-08-23 20:00:00,2025,8,23,20,Huế,Phường Phú Bài,16.409296,107.6779818,65,Moderate,1,25.9,94,0.0,10.9,219,1005.5,100,17.2,17.7,472.0,10.9,58.0,5.5
2025-08-23 21:00:00,2025,8,23,21,Huế,Phường Phú Bài,16.409296,107.6779818,65,Moderate,1,25.8,91,0.0,10.5,221,1006.2,100,16.3,16.4,350.0,10.4,50.0,5.8
2025-08-23 22:00:00,2025,8,23,22,Huế,Phường Phú Bài,16.409296,107.6779818,65,Moderate,1,25.5,91,0.0,10.7,239,1006.4,100,15.0,15.0,267.0,9.9,43.0,5.8
2025-08-23 23:00:00,2025,8,23,23,Huế,Phường Phú Bài,16.409296,107.6779818,64,Moderate,1,25.5,90,0.0,8.1,253,1006.1,100,14.2,14.2,273.0,9.3,37.0,5.2
2025-08-24 00:00:00,2025,8,24,0,Huế,Phường Phú Bài,16.409296,107.6779818,63,Moderate,1,25.2,93,0.0,3.0,256,1005.7,100,12.9,12.9,317.0,8.7,32.0,4.2
2025-08-24 01:00:00,2025,8,24,1,Huế,Phường Phú Bài,16.409296,107.6779818,62,Moderate,1,25.0,94,0.0,5.5,247,1004.8,100,11.8,11.8,345.0,8.0,28.0,3.5
2025-08-24 02:00:00,2025,8,24,2,Huế,Phường Phú Bài,16.409296,107.6779818,61,Moderate,1,24.8,95,0.0,3.9,254,1004.1,100,11.2,11.2,329.0,7.1,26.0,3.1
2025-08-24 03:00:00,2025,8,24,3,Huế,Phường Phú Bài,16.409296,107.6779818,60,Moderate,1,24.6,94,0.0,8.6,239,1003.5,100,10.5,10.6,297.0,6.1,26.0,2.9
2025-08-24 04:00:00,2025,8,24,4,Huế,Phường Phú Bài,16.409296,107.6779818,59,Moderate,1,24.6,91,0.0,8.0,252,1003.8,100,9.2,9.2,279.0,5.4,27.0,2.9
2025-08-24 05:00:00,2025,8,24,5,Huế,Phường Phú Bài,16.409296,107.6779818,57,Moderate,1,24.5,91,0.0,7.8,248,1003.3,100,8.5,8.5,296.0,5.5,29.0,3.1
2025-08-24 06:00:00,2025,8,24,6,Huế,Phường Phú Bài,16.409296,107.6779818,56,Moderate,1,24.5,91,0.0,5.3,252,1003.5,100,8.3,8.3,328.0,5.9,32.0,3.4
2025-08-24 07:00:00,2025,8,24,7,Huế,Phường Phú Bài,16.409296,107.6779818,54,Moderate,1,25.7,87,0.0,9.0,254,1004.2,100,9.5,9.7,344.0,8.0,33.0,4.3
2025-08-24 08:00:00,2025,8,24,8,Huế,Phường Phú Bài,16.409296,107.6779818,53,Moderate,1,28.0,79,0.0,5.5,302,1004.7,100,9.4,9.5,328.0,6.5,43.0,3.9
2025-08-24 09:00:00,2025,8,24,9,Huế,Phường Phú Bài,16.409296,107.6779818,53,Moderate,1,28.1,79,0.5,14.8,339,1005.3,100,7.5,7.7,295.0,4.4,58.0,3.3
2025-08-24 10:00:00,2025,8,24,10,Huế,Phường Phú Bài,16.409296,107.6779818,52,Moderate,1,26.5,94,2.1,14.6,314,1005.0,100,6.9,7.1,266.0,2.9,68.0,2.9
2025-08-24 11:00:00,2025,8,24,11,Huế,Phường Phú Bài,16.409296,107.6779818,52,Moderate,1,27.4,82,0.4,19.1,294,1004.1,100,6.7,7.0,241.0,2.4,71.0,2.7
2025-08-24 12:00:00,2025,8,24,12,Huế,Phường Phú Bài,16.409296,107.6779818,51,Moderate,1,29.1,74,0.1,22.0,300,1003.0,100,6.7,7.1,219.0,2.6,70.0,2.6
2025-08-24 13:00:00,2025,8,24,13,Huế,Phường Phú Bài,16.409296,107.6779818,50,Good,0,28.9,76,0.1,21.3,305,1002.4,100,7.1,7.4,213.0,2.9,69.0,2.7
2025-08-24 14:00:00,2025,8,24,14,Huế,Phường Phú Bài,16.409296,107.6779818,50,Good,0,26.8,87,2.6,15.2,301,1001.4,100,8.0,8.4,237.0,3.6,67.0,3.0
2025-08-24 15:00:00,2025,8,24,15,Huế,Phường Phú Bài,16.409296,107.6779818,48,Good,0,26.4,90,1.0,15.6,299,1000.8,100,9.0,9.5,276.0,4.4,65.0,3.5
2025-08-24 16:00:00,2025,8,24,16,Huế,Phường Phú Bài,16.409296,107.6779818,47,Good,0,25.4,96,1.0,19.8,292,999.8,100,9.3,9.6,299.0,5.0,63.0,3.9
2025-08-24 17:00:00,2025,8,24,17,Huế,Phường Phú Bài,16.409296,107.6779818,46,Good,0,24.3,95,0.6,19.4,278,999.7,100,9.6,9.9,289.0,5.0,63.0,4.2
2025-08-24 18:00:00,2025,8,24,18,Huế,Phường Phú Bài,16.409296,107.6779818,45,Good,0,24.5,92,1.0,18.9,278,999.8,100,9.3,9.5,262.0,4.7,63.0,4.3
2025-08-24 19:00:00,2025,8,24,19,Huế,Phường Phú Bài,16.409296,107.6779818,44,Good,0,24.6,90,0.3,19.1,272,1000.1,100,12.9,13.6,235.0,4.4,67.0,5.5
2025-08-24 20:00:00,2025,8,24,20,Huế,Phường Phú Bài,16.409296,107.6779818,43,Good,0,24.4,95,0.4,17.2,280,1000.4,100,12.2,12.7,213.0,4.0,66.0,5.4
2025-08-24 21:00:00,2025,8,24,21,Huế,Phường Phú Bài,16.409296,107.6779818,42,Good,0,25.0,90,0.4,16.3,253,1001.0,100,12.0,12.3,191.0,3.3,64.0,5.2
2025-08-24 22:00:00,2025,8,24,22,Huế,Phường Phú Bài,16.409296,107.6779818,41,Good,0,24.1,94,2.1,18.0,239,1000.7,100,12.0,12.3,173.0,2.8,63.0,4.9
2025-08-24 23:00:00,2025,8,24,23,Huế,Phường Phú Bài,16.409296,107.6779818,41,Good,0,24.1,93,0.8,15.5,238,1000.7,100,11.4,11.7,162.0,2.4,62.0,4.3
2025-08-25 00:00:00,2025,8,25,0,Huế,Phường Phú Bài,16.409296,107.6779818,40,Good,0,24.9,88,0.4,17.7,232,1000.2,100,10.6,10.8,155.0,2.0,61.0,3.7
2025-08-25 01:00:00,2025,8,25,1,Huế,Phường Phú Bài,16.409296,107.6779818,40,Good,0,25.0,87,0.0,17.2,220,999.4,100,8.9,9.1,152.0,1.8,60.0,3.0
2025-08-25 02:00:00,2025,8,25,2,Huế,Phường Phú Bài,16.409296,107.6779818,39,Good,0,25.2,84,0.0,16.3,218,998.5,100,6.5,6.6,150.0,1.6,58.0,2.3
2025-08-25 03:00:00,2025,8,25,3,Huế,Phường Phú Bài,16.409296,107.6779818,39,Good,0,24.6,89,0.7,15.4,214,998.2,100,4.4,4.4,152.0,1.6,55.0,1.7
2025-08-25 04:00:00,2025,8,25,4,Huế,Phường Phú Bài,16.409296,107.6779818,37,Good,0,23.8,94,0.3,13.4,217,997.9,100,3.3,3.3,164.0,2.3,52.0,1.5
2025-08-25 05:00:00,2025,8,25,5,Huế,Phường Phú Bài,16.409296,107.6779818,36,Good,0,23.6,94,0.7,13.9,210,998.2,100,3.2,3.2,198.0,4.6,45.0,2.0
2025-08-25 06:00:00,2025,8,25,6,Huế,Phường Phú Bài,16.409296,107.6779818,36,Good,0,23.7,95,1.0,11.9,205,998.2,100,4.1,4.1,242.0,7.7,37.0,3.0
2025-08-25 07:00:00,2025,8,25,7,Huế,Phường Phú Bài,16.409296,107.6779818,35,Good,0,24.1,95,0.4,8.9,208,998.9,100,4.1,4.1,273.0,7.7,53.0,3.1
2025-08-25 08:00:00,2025,8,25,8,Huế,Phường Phú Bài,16.409296,107.6779818,34,Good,0,24.2,95,1.5,18.4,176,998.7,100,5.6,5.6,278.0,8.1,52.0,3.5
2025-08-25 09:00:00,2025,8,25,9,Huế,Phường Phú Bài,16.409296,107.6779818,33,Good,0,24.5,95,1.4,11.7,182,1000.1,100,5.8,5.9,270.0,8.5,50.0,4.0
2025-08-25 10:00:00,2025,8,25,10,Huế,Phường Phú Bài,16.409296,107.6779818,33,Good,0,25.0,95,0.6,9.4,151,1000.6,100,7.3,7.4,260.0,8.8,51.0,4.5
2025-08-25 11:00:00,2025,8,25,11,Huế,Phường Phú Bài,16.409296,107.6779818,33,Good,0,26.1,97,0.7,10.6,156,1000.2,100,10.2,10.4,250.0,8.7,55.0,5.0
2025-08-25 12:00:00,2025,8,25,12,Huế,Phường Phú Bài,16.409296,107.6779818,34,Good,0,26.5,95,0.4,11.0,169,999.5,100,11.2,11.5,238.0,8.4,61.0,5.5
2025-08-25 13:00:00,2025,8,25,13,Huế,Phường Phú Bài,16.409296,107.6779818,34,Good,0,28.0,83,0.0,9.2,168,998.8,100,12.0,12.3,233.0,8.0,68.0,5.8
2025-08-25 14:00:00,2025,8,25,14,Huế,Phường Phú Bài,16.409296,107.6779818,35,Good,0,29.5,77,0.0,4.6,144,998.4,100,12.1,12.5,240.0,7.2,80.0,6.0
2025-08-25 15:00:00,2025,8,25,15,Huế,Phường Phú Bài,16.409296,107.6779818,36,Good,0,30.4,74,0.0,7.5,53,998.5,100,13.2,13.6,255.0,6.4,93.0,6.0
2025-08-25 16:00:00,2025,8,25,16,Huế,Phường Phú Bài,16.409296,107.6779818,37,Good,0,29.7,78,0.0,9.5,69,998.6,100,14.1,14.6,267.0,6.2,100.0,6.0
2025-08-25 17:00:00,2025,8,25,17,Huế,Phường Phú Bài,16.409296,107.6779818,38,Good,0,29.2,82,0.0,8.8,71,999.3,100,15.1,15.7,278.0,7.5,95.0,6.1
2025-08-25 18:00:00,2025,8,25,18,Huế,Phường Phú Bài,16.409296,107.6779818,38,Good,0,28.5,85,0.0,5.4,92,999.9,100,15.5,16.1,286.0,9.4,84.0,6.1
2025-08-25 19:00:00,2025,8,25,19,Huế,Phường Phú Bài,16.409296,107.6779818,40,Good,0,28.2,83,0.0,10.1,123,1000.6,100,13.3,13.6,283.0,8.1,80.0,5.0
2025-08-25 20:00:00,2025,8,25,20,Huế,Phường Phú Bài,16.409296,107.6779818,40,Good,0,27.6,81,0.0,9.3,122,1001.7,100,12.9,13.2,259.0,8.2,76.0,4.9
2025-08-25 21:00:00,2025,8,25,21,Huế,Phường Phú Bài,16.409296,107.6779818,40,Good,0,27.5,78,0.0,12.8,141,1003.1,100,13.2,13.7,222.0,8.3,70.0,4.8
2025-08-25 22:00:00,2025,8,25,22,Huế,Phường Phú Bài,16.409296,107.6779818,40,Good,0,27.4,76,0.0,13.1,139,1003.4,100,13.4,14.1,192.0,8.2,64.0,4.6
2025-08-25 23:00:00,2025,8,25,23,Huế,Phường Phú Bài,16.409296,107.6779818,40,Good,0,27.0,78,0.0,10.3,145,1003.5,100,12.9,13.7,174.0,7.8,59.0,4.2
2025-08-26 00:00:00,2025,8,26,0,Huế,Phường Phú Bài,16.409296,107.6779818,40,Good,0,26.5,81,0.0,8.2,140,1003.0,100,12.2,12.9,162.0,7.2,53.0,3.7
2025-08-26 01:00:00,2025,8,26,1,Huế,Phường Phú Bài,16.409296,107.6779818,41,Good,0,26.4,80,0.0,8.3,150,1002.8,100,11.6,12.1,154.0,6.8,47.0,3.4
2025-08-26 02:00:00,2025,8,26,2,Huế,Phường Phú Bài,16.409296,107.6779818,41,Good,0,26.1,80,0.0,7.4,151,1002.7,100,11.4,11.8,145.0,6.5,39.0,3.2
2025-08-26 03:00:00,2025,8,26,3,Huế,Phường Phú Bài,16.409296,107.6779818,42,Good,0,25.5,82,0.0,6.5,180,1002.7,100,10.8,11.0,141.0,6.3,29.0,3.1
2025-08-26 04:00:00,2025,8,26,4,Huế,Phường Phú Bài,16.409296,107.6779818,43,Good,0,24.9,85,0.0,4.7,198,1002.9,100,9.7,9.8,152.0,6.5,24.0,3.3
2025-08-26 05:00:00,2025,8,26,5,Huế,Phường Phú Bài,16.409296,107.6779818,44,Good,0,24.6,87,0.0,5.6,230,1003.3,100,9.7,9.7,193.0,7.5,23.0,3.9
2025-08-26 06:00:00,2025,8,26,6,Huế,Phường Phú Bài,16.409296,107.6779818,45,Good,0,24.4,89,0.0,5.9,230,1004.0,100,11.4,11.4,250.0,8.9,25.0,4.7
2025-08-26 07:00:00,2025,8,26,7,Huế,Phường Phú Bài,16.409296,107.6779818,47,Good,0,25.4,87,0.0,3.8,253,1004.8,100,9.5,9.5,295.0,8.9,28.0,4.2
2025-08-26 08:00:00,2025,8,26,8,Huế,Phường Phú Bài,16.409296,107.6779818,48,Good,0,27.9,83,0.0,4.0,234,1005.8,100,7.9,7.9,316.0,7.4,39.0,4.2
2025-08-26 09:00:00,2025,8,26,9,Huế,Phường Phú Bài,16.409296,107.6779818,48,Good,0,28.7,78,0.0,5.6,301,1006.4,100,5.5,5.5,324.0,5.4,55.0,4.3
2025-08-26 10:00:00,2025,8,26,10,Huế,Phường Phú Bài,16.409296,107.6779818,48,Good,0,30.2,72,0.0,4.5,310,1006.4,100,5.6,5.7,325.0,3.7,69.0,4.2
2025-08-26 11:00:00,2025,8,26,11,Huế,Phường Phú Bài,16.409296,107.6779818,48,Good,0,31.5,67,0.1,3.1,329,1005.9,100,5.8,6.0,318.0,2.6,81.0,3.9
2025-08-26 12:00:00,2025,8,26,12,Huế,Phường Phú Bài,16.409296,107.6779818,47,Good,0,32.1,65,0.1,2.5,352,1005.0,100,5.8,6.0,303.0,1.9,92.0,3.5
2025-08-26 13:00:00,2025,8,26,13,Huế,Phường Phú Bài,16.409296,107.6779818,46,Good,0,32.2,67,0.1,6.0,10,1004.1,100,6.1,6.3,288.0,1.8,98.0,3.2
2025-08-26 14:00:00,2025,8,26,14,Huế,Phường Phú Bài,16.409296,107.6779818,45,Good,0,31.5,69,1.6,8.2,41,1003.6,100,6.3,6.6,269.0,2.4,97.0,3.1
2025-08-26 15:00:00,2025,8,26,15,Huế,Phường Phú Bài,16.409296,107.6779818,44,Good,0,30.6,73,0.5,6.4,47,1003.1,100,7.4,7.8,251.0,3.5,90.0,3.1
2025-08-26 16:00:00,2025,8,26,16,Huế,Phường Phú Bài,16.409296,107.6779818,43,Good,0,30.5,72,0.0,5.6,59,1003.2,100,8.8,9.3,252.0,5.4,82.0,3.5
2025-08-26 17:00:00,2025,8,26,17,Huế,Phường Phú Bài,16.409296,107.6779818,42,Good,0,29.5,76,0.0,5.2,68,1003.8,99,11.6,12.2,298.0,8.8,71.0,4.5
2025-08-26 18:00:00,2025,8,26,18,Huế,Phường Phú Bài,16.409296,107.6779818,41,Good,0,28.6,83,2.0,3.3,81,1004.7,100,11.6,12.2,365.0,12.8,59.0,5.9
2025-08-26 19:00:00,2025,8,26,19,Huế,Phường Phú Bài,16.409296,107.6779818,41,Good,0,25.9,96,12.4,12.4,230,1006.0,100,13.5,14.5,397.0,10.9,57.0,5.1
2025-08-26 20:00:00,2025,8,26,20,Huế,Phường Phú Bài,16.409296,107.6779818,41,Good,0,25.9,98,3.3,4.7,162,1006.8,100,14.5,15.5,360.0,12.1,50.0,5.7
2025-08-26 21:00:00,2025,8,26,21,Huế,Phường Phú Bài,16.409296,107.6779818,41,Good,0,25.2,96,9.8,4.7,162,1008.0,100,15.3,16.2,288.0,13.7,40.0,6.4
2025-08-26 22:00:00,2025,8,26,22,Huế,Phường Phú Bài,16.409296,107.6779818,41,Good,0,25.1,97,3.1,4.0,170,1008.3,100,16.6,17.5,236.0,14.8,32.0,6.8
2025-08-26 23:00:00,2025,8,26,23,Huế,Phường Phú Bài,16.409296,107.6779818,42,Good,0,24.9,98,2.0,0.3,315,1008.4,100,17.9,19.0,229.0,15.0,28.0,6.3
2025-08-27 00:00:00,2025,8,27,0,Huế,Phường Phú Bài,16.409296,107.6779818,43,Good,0,24.7,99,2.5,5.1,176,1007.9,100,18.2,19.3,242.0,14.8,25.0,5.5
2025-08-27 01:00:00,2025,8,27,1,Huế,Phường Phú Bài,16.409296,107.6779818,44,Good,0,24.8,99,3.0,3.9,152,1007.3,100,18.9,19.9,249.0,14.5,23.0,4.8
2025-08-27 02:00:00,2025,8,27,2,Huế,Phường Phú Bài,16.409296,107.6779818,45,Good,0,24.9,99,4.4,2.2,125,1006.9,100,16.1,16.8,234.0,14.2,19.0,4.6
2025-08-27 03:00:00,2025,8,27,3,Huế,Phường Phú Bài,16.409296,107.6779818,46,Good,0,25.0,99,2.9,2.1,165,1006.5,100,14.3,15.0,214.0,13.8,15.0,4.6
2025-08-27 04:00:00,2025,8,27,4,Huế,Phường Phú Bài,16.409296,107.6779818,47,Good,0,24.9,99,2.3,2.4,153,1006.3,100,13.9,14.4,216.0,13.5,14.0,4.8
2025-08-27 05:00:00,2025,8,27,5,Huế,Phường Phú Bài,16.409296,107.6779818,47,Good,0,25.0,97,1.4,1.5,120,1006.3,100,14.4,14.9,264.0,13.7,18.0,5.4
2025-08-27 06:00:00,2025,8,27,6,Huế,Phường Phú Bài,16.409296,107.6779818,48,Good,0,24.9,99,1.2,2.9,210,1006.5,100,14.9,15.3,333.0,13.9,25.0,6.2
2025-08-27 07:00:00,2025,8,27,7,Huế,Phường Phú Bài,16.409296,107.6779818,49,Good,0,25.1,98,1.3,6.0,213,1006.9,100,24.7,25.1,378.0,20.8,32.0,9.2
2025-08-27 08:00:00,2025,8,27,8,Huế,Phường Phú Bài,16.409296,107.6779818,51,Moderate,1,25.9,94,0.0,3.7,227,1007.1,100,22.8,23.3,376.0,16.5,48.0,9.3
2025-08-27 09:00:00,2025,8,27,9,Huế,Phường Phú Bài,16.409296,107.6779818,52,Moderate,1,26.9,89,0.1,2.9,263,1007.4,100,17.7,17.9,349.0,10.5,70.0,9.3
2025-08-27 10:00:00,2025,8,27,10,Huế,Phường Phú Bài,16.409296,107.6779818,53,Moderate,1,27.6,84,0.4,1.6,354,1007.6,100,15.3,15.5,318.0,5.8,89.0,9.2
2025-08-27 11:00:00,2025,8,27,11,Huế,Phường Phú Bài,16.409296,107.6779818,54,Moderate,1,28.5,77,0.3,4.8,13,1006.9,100,14.2,14.4,286.0,3.8,101.0,8.6
2025-08-27 12:00:00,2025,8,27,12,Huế,Phường Phú Bài,16.409296,107.6779818,55,Moderate,1,28.6,75,0.1,8.9,32,1006.2,100,13.0,13.2,250.0,3.1,110.0,7.9
2025-08-27 13:00:00,2025,8,27,13,Huế,Phường Phú Bài,16.409296,107.6779818,55,Moderate,1,28.9,74,0.0,4.2,12,1005.6,100,12.3,12.6,225.0,2.8,116.0,7.3
2025-08-27 14:00:00,2025,8,27,14,Huế,Phường Phú Bài,16.409296,107.6779818,56,Moderate,1,28.9,77,0.5,2.7,28,1004.9,100,12.7,12.9,212.0,2.3,122.0,6.9
2025-08-27 15:00:00,2025,8,27,15,Huế,Phường Phú Bài,16.409296,107.6779818,56,Moderate,1,29.1,76,0.1,4.8,56,1004.4,100,13.3,13.6,209.0,2.2,125.0,6.7
2025-08-27 16:00:00,2025,8,27,16,Huế,Phường Phú Bài,16.409296,107.6779818,57,Moderate,1,27.9,81,0.4,5.0,49,1004.7,100,13.7,14.2,234.0,3.8,122.0,7.1
2025-08-27 17:00:00,2025,8,27,17,Huế,Phường Phú Bài,16.409296,107.6779818,57,Moderate,1,27.5,84,0.3,3.5,111,1004.7,100,14.2,14.8,318.0,8.8,107.0,8.6
2025-08-27 18:00:00,2025,8,27,18,Huế,Phường Phú Bài,16.409296,107.6779818,58,Moderate,1,26.5,91,0.5,9.7,228,1005.7,100,17.6,18.1,429.0,15.4,86.0,10.8
2025-08-27 19:00:00,2025,8,27,19,Huế,Phường Phú Bài,16.409296,107.6779818,58,Moderate,1,25.5,94,0.1,7.1,221,1006.5,100,24.5,25.4,484.0,15.2,78.0,9.9
2025-08-27 20:00:00,2025,8,27,20,Huế,Phường Phú Bài,16.409296,107.6779818,59,Moderate,1,24.4,96,0.5,15.6,191,1007.0,100,26.3,27.0,428.0,16.1,65.0,9.8
2025-08-27 21:00:00,2025,8,27,21,Huế,Phường Phú Bài,16.409296,107.6779818,60,Moderate,1,24.0,97,2.5,8.5,201,1007.4,100,24.7,25.1,317.0,17.4,47.0,9.6
2025-08-27 22:00:00,2025,8,27,22,Huế,Phường Phú Bài,16.409296,107.6779818,61,Moderate,1,23.9,98,1.4,9.5,207,1008.0,100,26.6,27.0,236.0,18.3,32.0,9.2
2025-08-27 23:00:00,2025,8,27,23,Huế,Phường Phú Bài,16.409296,107.6779818,62,Moderate,1,24.0,97,0.5,7.1,201,1007.8,100,26.3,26.6,227.0,18.6,25.0,8.4
2025-08-28 00:00:00,2025,8,28,0,Huế,Phường Phú Bài,16.409296,107.6779818,63,Moderate,1,24.2,97,0.4,5.4,214,1007.1,100,26.7,27.0,249.0,18.6,21.0,7.4
2025-08-28 01:00:00,2025,8,28,1,Huế,Phường Phú Bài,16.409296,107.6779818,63,Moderate,1,24.3,96,0.0,4.4,199,1006.0,29,26.4,26.7,264.0,18.1,19.0,6.6
2025-08-28 02:00:00,2025,8,28,2,Huế,Phường Phú Bài,16.409296,107.6779818,64,Moderate,1,23.5,98,0.0,4.2,205,1005.6,72,22.1,22.4,253.0,16.8,15.0,6.0
2025-08-28 03:00:00,2025,8,28,3,Huế,Phường Phú Bài,16.409296,107.6779818,65,Moderate,1,23.8,98,0.0,5.9,230,1005.3,64,21.1,21.4,235.0,15.0,13.0,5.5
2025-08-28 04:00:00,2025,8,28,4,Huế,Phường Phú Bài,16.409296,107.6779818,65,Moderate,1,23.9,98,0.0,5.4,240,1005.0,28,20.7,21.1,232.0,13.7,15.0,5.4
2025-08-28 05:00:00,2025,8,28,5,Huế,Phường Phú Bài,16.409296,107.6779818,66,Moderate,1,23.6,97,0.0,3.7,223,1005.6,100,22.0,22.5,260.0,13.7,26.0,5.9
2025-08-28 06:00:00,2025,8,28,6,Huế,Phường Phú Bài,16.409296,107.6779818,66,Moderate,1,24.0,97,0.0,4.7,196,1006.0,100,24.1,24.7,303.0,14.2,42.0,6.8
2025-08-28 07:00:00,2025,8,28,7,Huế,Phường Phú Bài,16.409296,107.6779818,67,Moderate,1,25.0,96,0.0,3.1,216,1006.6,92,23.2,23.8,332.0,10.5,58.0,7.8
2025-08-28 08:00:00,2025,8,28,8,Huế,Phường Phú Bài,16.409296,107.6779818,67,Moderate,1,26.9,85,0.0,0.8,315,1007.2,79,17.1,17.8,337.0,8.3,68.0,7.4
2025-08-28 09:00:00,2025,8,28,9,Huế,Phường Phú Bài,16.409296,107.6779818,67,Moderate,1,27.6,81,0.1,6.4,278,1007.5,96,15.5,16.4,328.0,5.2,81.0,6.8
2025-08-28 10:00:00,2025,8,28,10,Huế,Phường Phú Bài,16.409296,107.6779818,66,Moderate,1,28.4,79,0.0,4.2,288,1007.3,100,13.7,14.7,313.0,2.9,92.0,6.1
2025-08-28 11:00:00,2025,8,28,11,Huế,Phường Phú Bài,16.409296,107.6779818,66,Moderate,1,29.9,75,0.0,4.2,317,1006.8,95,11.4,12.4,292.0,2.0,96.0,5.2
2025-08-28 12:00:00,2025,8,28,12,Huế,Phường Phú Bài,16.409296,107.6779818,66,Moderate,1,30.8,71,0.0,5.5,333,1005.4,55,11.3,12.2,264.0,1.8,98.0,4.3
2025-08-28 13:00:00,2025,8,28,13,Huế,Phường Phú Bài,16.409296,107.6779818,66,Moderate,1,31.0,69,0.1,6.2,330,1004.2,36,11.1,11.9,238.0,1.8,99.0,3.6
2025-08-28 14:00:00,2025,8,28,14,Huế,Phường Phú Bài,16.409296,107.6779818,66,Moderate,1,30.8,70,0.0,8.2,346,1003.2,39,11.0,11.8,203.0,1.4,102.0,3.2
2025-08-28 15:00:00,2025,8,28,15,Huế,Phường Phú Bài,16.409296,107.6779818,66,Moderate,1,29.4,75,1.5,11.8,351,1002.8,80,11.1,11.8,168.0,1.2,105.0,3.1
2025-08-28 16:00:00,2025,8,28,16,Huế,Phường Phú Bài,16.409296,107.6779818,65,Moderate,1,29.1,76,0.4,11.5,2,1002.5,48,11.2,11.9,172.0,2.4,102.0,3.5
2025-08-28 17:00:00,2025,8,28,17,Huế,Phường Phú Bài,16.409296,107.6779818,65,Moderate,1,28.6,76,0.0,7.8,8,1003.0,100,10.9,11.6,258.0,6.4,89.0,4.7
2025-08-28 18:00:00,2025,8,28,18,Huế,Phường Phú Bài,16.409296,107.6779818,65,Moderate,1,27.3,86,0.0,3.1,353,1004.0,100,13.3,14.0,382.0,11.9,71.0,6.3
2025-08-28 19:00:00,2025,8,28,19,Huế,Phường Phú Bài,16.409296,107.6779818,65,Moderate,1,26.4,88,0.0,2.8,235,1005.1,100,18.7,19.4,452.0,17.0,45.0,7.3
2025-08-28 20:00:00,2025,8,28,20,Huế,Phường Phú Bài,16.409296,107.6779818,64,Moderate,1,24.9,98,0.1,11.3,227,1005.5,100,18.4,19.0,409.0,15.6,43.0,7.1
2025-08-28 21:00:00,2025,8,28,21,Huế,Phường Phú Bài,16.409296,107.6779818,63,Moderate,1,24.9,92,0.0,7.1,227,1006.4,100,16.6,17.2,312.0,13.7,41.0,6.9
2025-08-28 22:00:00,2025,8,28,22,Huế,Phường Phú Bài,16.409296,107.6779818,63,Moderate,1,24.8,93,0.0,7.5,230,1006.4,100,16.6,17.2,238.0,11.9,39.0,6.5
2025-08-28 23:00:00,2025,8,28,23,Huế,Phường Phú Bài,16.409296,107.6779818,62,Moderate,1,24.4,94,0.0,8.5,228,1006.2,100,15.7,16.2,223.0,10.5,37.0,6.0
2025-08-29 00:00:00,2025,8,29,0,Huế,Phường Phú Bài,16.409296,107.6779818,61,Moderate,1,24.4,94,0.0,8.5,238,1005.3,100,14.5,14.9,232.0,9.2,35.0,5.4
2025-08-29 01:00:00,2025,8,29,1,Huế,Phường Phú Bài,16.409296,107.6779818,60,Moderate,1,24.0,95,0.0,2.8,235,1004.9,100,13.3,13.6,239.0,8.0,33.0,4.9
2025-08-29 02:00:00,2025,8,29,2,Huế,Phường Phú Bài,16.409296,107.6779818,59,Moderate,1,23.7,96,0.0,4.0,252,1004.6,69,12.7,13.0,231.0,7.0,32.0,4.4
2025-08-29 03:00:00,2025,8,29,3,Huế,Phường Phú Bài,16.409296,107.6779818,58,Moderate,1,24.0,95,0.0,7.4,248,1004.3,99,11.9,12.3,222.0,6.1,31.0,4.0
2025-08-29 04:00:00,2025,8,29,4,Huế,Phường Phú Bài,16.409296,107.6779818,57,Moderate,1,24.0,94,0.0,6.8,253,1004.2,100,11.0,11.4,226.0,5.5,32.0,3.7
2025-08-29 05:00:00,2025,8,29,5,Huế,Phường Phú Bài,16.409296,107.6779818,56,Moderate,1,24.2,92,0.0,7.5,255,1004.3,100,10.1,10.5,262.0,5.2,37.0,3.8
2025-08-29 06:00:00,2025,8,29,6,Huế,Phường Phú Bài,16.409296,107.6779818,55,Moderate,1,24.5,91,0.0,6.2,263,1004.8,100,9.4,9.8,312.0,5.2,44.0,4.1
2025-08-29 07:00:00,2025,8,29,7,Huế,Phường Phú Bài,16.409296,107.6779818,54,Moderate,1,24.2,97,1.1,5.9,325,1005.7,100,10.1,10.5,339.0,7.4,46.0,5.1
2025-08-29 08:00:00,2025,8,29,8,Huế,Phường Phú Bài,16.409296,107.6779818,53,Moderate,1,27.2,80,0.0,10.9,287,1006.4,100,9.2,9.7,323.0,5.8,57.0,4.4
2025-08-29 09:00:00,2025,8,29,9,Huế,Phường Phú Bài,16.409296,107.6779818,52,Moderate,1,27.2,81,1.3,13.4,313,1006.9,100,8.2,8.8,284.0,3.7,72.0,3.5
2025-08-29 10:00:00,2025,8,29,10,Huế,Phường Phú Bài,16.409296,107.6779818,51,Moderate,1,27.3,83,3.6,11.2,315,1006.7,100,6.8,7.4,250.0,2.4,82.0,2.9
2025-08-29 11:00:00,2025,8,29,11,Huế,Phường Phú Bài,16.409296,107.6779818,51,Moderate,1,28.0,79,0.1,13.6,325,1006.1,100,7.4,7.9,225.0,2.6,81.0,2.9
2025-08-29 12:00:00,2025,8,29,12,Huế,Phường Phú Bài,16.409296,107.6779818,50,Good,0,26.6,87,5.2,11.0,318,1005.9,100,7.6,8.1,205.0,3.6,74.0,3.3
2025-08-29 13:00:00,2025,8,29,13,Huế,Phường Phú Bài,16.409296,107.6779818,50,Good,0,27.1,85,0.2,11.8,301,1004.8,100,8.6,9.1,197.0,4.6,68.0,3.7
2025-08-29 14:00:00,2025,8,29,14,Huế,Phường Phú Bài,16.409296,107.6779818,49,Good,0,27.5,82,0.2,14.5,308,1003.7,100,8.5,9.1,209.0,5.2,65.0,4.0
2025-08-29 15:00:00,2025,8,29,15,Huế,Phường Phú Bài,16.409296,107.6779818,49,Good,0,25.4,95,2.4,13.1,288,1003.5,100,9.2,9.8,235.0,5.8,63.0,4.2
2025-08-29 16:00:00,2025,8,29,16,Huế,Phường Phú Bài,16.409296,107.6779818,49,Good,0,25.3,96,0.9,12.1,285,1003.1,100,9.1,9.8,262.0,6.4,61.0,4.5
2025-08-29 17:00:00,2025,8,29,17,Huế,Phường Phú Bài,16.409296,107.6779818,48,Good,0,25.1,95,1.6,10.6,289,1003.0,100,9.4,10.1,296.0,7.1,58.0,4.8
2025-08-29 18:00:00,2025,8,29,18,Huế,Phường Phú Bài,16.409296,107.6779818,48,Good,0,24.7,97,1.3,10.1,280,1003.9,100,9.7,10.2,332.0,7.8,54.0,5.1
2025-08-29 19:00:00,2025,8,29,19,Huế,Phường Phú Bài,16.409296,107.6779818,47,Good,0,24.4,97,1.2,11.9,270,1004.1,100,6.3,6.7,341.0,7.1,54.0,4.2
2025-08-29 20:00:00,2025,8,29,20,Huế,Phường Phú Bài,16.409296,107.6779818,45,Good,0,25.2,98,1.4,11.0,252,1004.0,100,6.0,6.2,298.0,6.6,53.0,4.1
2025-08-29 21:00:00,2025,8,29,21,Huế,Phường Phú Bài,16.409296,107.6779818,43,Good,0,24.9,98,4.6,14.1,280,1004.4,100,6.0,6.1,228.0,6.0,52.0,4.0
2025-08-29 22:00:00,2025,8,29,22,Huế,Phường Phú Bài,16.409296,107.6779818,41,Good,0,24.6,99,1.6,10.7,292,1004.7,100,5.3,5.5,175.0,5.3,51.0,3.7
2025-08-29 23:00:00,2025,8,29,23,Huế,Phường Phú Bài,16.409296,107.6779818,39,Good,0,24.5,99,4.3,16.1,277,1004.1,100,4.5,4.7,158.0,4.5,50.0,3.1
2025-08-30 00:00:00,2025,8,30,0,Huế,Phường Phú Bài,16.409296,107.6779818,37,Good,0,24.1,98,5.1,17.4,275,1003.1,100,3.8,4.1,157.0,3.7,49.0,2.4
2025-08-30 01:00:00,2025,8,30,1,Huế,Phường Phú Bài,16.409296,107.6779818,35,Good,0,24.3,96,7.2,16.8,286,1002.1,100,3.4,3.7,157.0,3.1,47.0,1.9
2025-08-30 02:00:00,2025,8,30,2,Huế,Phường Phú Bài,16.409296,107.6779818,34,Good,0,24.4,96,15.1,15.0,283,1001.1,100,3.3,3.7,149.0,2.8,44.0,1.7
2025-08-30 03:00:00,2025,8,30,3,Huế,Phường Phú Bài,16.409296,107.6779818,32,Good,0,24.5,96,27.5,8.3,266,1000.8,100,3.6,4.0,143.0,2.7,40.0,1.7
2025-08-30 04:00:00,2025,8,30,4,Huế,Phường Phú Bài,16.409296,107.6779818,31,Good,0,24.5,96,33.1,4.3,202,1000.6,100,3.6,4.0,146.0,3.4,36.0,2.0
2025-08-30 05:00:00,2025,8,30,5,Huế,Phường Phú Bài,16.409296,107.6779818,29,Good,0,24.4,96,23.5,3.4,164,1000.4,100,3.8,4.1,170.0,5.2,31.0,2.6
2025-08-30 06:00:00,2025,8,30,6,Huế,Phường Phú Bài,16.409296,107.6779818,28,Good,0,24.1,96,9.6,5.1,225,1000.4,100,4.5,4.8,205.0,7.6,25.0,3.4
2025-08-30 07:00:00,2025,8,30,7,Huế,Phường Phú Bài,16.409296,107.6779818,27,Good,0,24.2,97,6.1,7.9,223,1001.2,100,6.9,7.1,226.0,10.1,28.0,4.4
2025-08-30 08:00:00,2025,8,30,8,Huế,Phường Phú Bài,16.409296,107.6779818,27,Good,0,25.2,98,2.4,7.2,167,1001.7,100,10.1,10.4,219.0,9.8,35.0,4.8
2025-08-30 09:00:00,2025,8,30,9,Huế,Phường Phú Bài,16.409296,107.6779818,27,Good,0,26.0,97,1.3,7.2,155,1001.9,100,13.5,13.9,199.0,9.3,46.0,5.4
2025-08-30 10:00:00,2025,8,30,10,Huế,Phường Phú Bài,16.409296,107.6779818,28,Good,0,28.3,87,0.4,3.1,66,1002.2,100,10.1,10.4,185.0,8.4,60.0,5.8
2025-08-30 11:00:00,2025,8,30,11,Huế,Phường Phú Bài,16.409296,107.6779818,29,Good,0,30.0,76,0.3,8.6,57,1002.1,100,8.5,8.8,186.0,6.7,78.0,6.0
2025-08-30 12:00:00,2025,8,30,12,Huế,Phường Phú Bài,16.409296,107.6779818,29,Good,0,30.9,72,0.2,7.0,93,1001.4,100,8.9,9.1,193.0,4.6,99.0,6.0
2025-08-30 13:00:00,2025,8,30,13,Huế,Phường Phú Bài,16.409296,107.6779818,29,Good,0,31.5,69,0.3,3.3,84,1000.5,100,9.1,9.4,203.0,3.3,115.0,5.8
2025-08-30 14:00:00,2025,8,30,14,Huế,Phường Phú Bài,16.409296,107.6779818,29,Good,0,28.5,87,12.0,3.7,129,1000.5,100,9.4,9.7,213.0,3.1,123.0,5.2
2025-08-30 15:00:00,2025,8,30,15,Huế,Phường Phú Bài,16.409296,107.6779818,34,Good,0,27.2,92,8.7,6.2,57,1000.8,100,10.2,10.6,227.0,3.8,125.0,4.5
2025-08-30 16:00:00,2025,8,30,16,Huế,Phường Phú Bài,16.409296,107.6779818,39,Good,0,28.1,87,0.1,4.5,92,1000.8,100,11.2,11.8,247.0,5.4,121.0,4.2
2025-08-30 17:00:00,2025,8,30,17,Huế,Phường Phú Bài,16.409296,107.6779818,44,Good,0,28.0,88,0.0,3.0,194,1000.9,95,13.2,13.8,275.0,8.8,108.0,4.9
2025-08-30 18:00:00,2025,8,30,18,Huế,Phường Phú Bài,16.409296,107.6779818,48,Good,0,27.0,93,0.0,5.5,226,1001.9,100,17.1,17.7,309.0,13.3,89.0,6.0
2025-08-30 19:00:00,2025,8,30,19,Huế,Phường Phú Bài,16.409296,107.6779818,50,Good,0,26.0,97,0.0,6.4,259,1002.7,99,21.0,21.8,354.0,16.1,99.0,7.9
2025-08-30 20:00:00,2025,8,30,20,Huế,Phường Phú Bài,16.409296,107.6779818,54,Moderate,1,25.3,99,0.4,1.8,180,1004.2,100,21.1,21.8,421.0,15.7,96.0,8.2
2025-08-30 21:00:00,2025,8,30,21,Huế,Phường Phú Bài,16.409296,107.6779818,53,Moderate,1,24.9,99,0.0,4.9,208,1005.0,99,21.5,22.1,499.0,15.1,91.0,8.6
2025-08-30 22:00:00,2025,8,30,22,Huế,Phường Phú Bài,16.409296,107.6779818,49,Good,0,24.5,98,0.0,4.2,245,1005.3,99,20.3,20.8,555.0,14.0,86.0,8.5
2025-08-30 23:00:00,2025,8,30,23,Huế,Phường Phú Bài,16.409296,107.6779818,47,Good,0,24.4,99,0.0,4.2,265,1005.4,100,17.3,17.8,577.0,11.9,81.0,7.6
2025-08-31 00:00:00,2025,8,31,0,Huế,Phường Phú Bài,16.409296,107.6779818,45,Good,0,24.1,99,0.0,5.9,259,1004.9,87,15.1,15.5,577.0,9.3,76.0,6.3
2025-08-31 01:00:00,2025,8,31,1,Huế,Phường Phú Bài,16.409296,107.6779818,46,Good,0,23.9,99,0.0,7.3,253,1004.6,90,14.6,15.0,557.0,7.1,72.0,5.2
2025-08-31 02:00:00,2025,8,31,2,Huế,Phường Phú Bài,16.409296,107.6779818,48,Good,0,23.9,99,0.0,7.2,257,1004.2,86,13.3,13.6,505.0,5.4,69.0,4.4
2025-08-31 03:00:00,2025,8,31,3,Huế,Phường Phú Bài,16.409296,107.6779818,50,Good,0,24.1,98,0.2,6.5,270,1004.3,90,11.4,11.4,434.0,4.2,67.0,3.7
2025-08-31 04:00:00,2025,8,31,4,Huế,Phường Phú Bài,16.409296,107.6779818,51,Moderate,1,24.0,99,0.1,5.8,270,1004.5,100,9.9,9.9,382.0,3.7,65.0,3.4
2025-08-31 05:00:00,2025,8,31,5,Huế,Phường Phú Bài,16.409296,107.6779818,51,Moderate,1,24.0,98,0.4,5.0,272,1005.0,99,9.7,9.7,370.0,4.7,62.0,3.9
2025-08-31 06:00:00,2025,8,31,6,Huế,Phường Phú Bài,16.409296,107.6779818,52,Moderate,1,24.0,98,0.3,5.2,245,1005.5,99,8.3,8.4,377.0,6.5,60.0,4.8
2025-08-31 07:00:00,2025,8,31,7,Huế,Phường Phú Bài,16.409296,107.6779818,52,Moderate,1,25.0,96,0.0,5.6,277,1005.8,98,18.2,18.6,378.0,10.1,51.0,7.1
2025-08-31 08:00:00,2025,8,31,8,Huế,Phường Phú Bài,16.409296,107.6779818,53,Moderate,1,26.8,88,0.0,2.9,227,1006.7,99,16.5,17.2,363.0,8.0,74.0,7.2
2025-08-31 09:00:00,2025,8,31,9,Huế,Phường Phú Bài,16.409296,107.6779818,54,Moderate,1,28.3,79,0.1,2.5,274,1006.9,100,14.8,15.5,341.0,5.1,106.0,7.2
2025-08-31 10:00:00,2025,8,31,10,Huế,Phường Phú Bài,16.409296,107.6779818,54,Moderate,1,29.4,73,0.1,1.6,90,1006.8,96,13.8,14.5,316.0,2.9,129.0,6.7
2025-08-31 11:00:00,2025,8,31,11,Huế,Phường Phú Bài,16.409296,107.6779818,54,Moderate,1,30.1,70,0.2,4.9,57,1006.4,99,12.9,13.5,285.0,2.1,133.0,5.2
2025-08-31 12:00:00,2025,8,31,12,Huế,Phường Phú Bài,16.409296,107.6779818,55,Moderate,1,30.4,73,0.2,6.0,63,1005.2,100,11.7,12.4,251.0,1.9,129.0,3.1
2025-08-31 13:00:00,2025,8,31,13,Huế,Phường Phú Bài,16.409296,107.6779818,55,Moderate,1,30.8,71,0.1,7.3,50,1004.2,100,11.1,11.8,222.0,2.0,123.0,1.7
2025-08-31 14:00:00,2025,8,31,14,Huế,Phường Phú Bài,16.409296,107.6779818,55,Moderate,1,29.6,75,0.4,9.9,61,1003.5,48,8.6,9.3,193.0,1.8,121.0,1.3
2025-08-31 15:00:00,2025,8,31,15,Huế,Phường Phú Bài,16.409296,107.6779818,55,Moderate,1,29.4,76,0.2,11.2,57,1002.8,19,8.7,9.5,169.0,1.7,117.0,1.6
2025-08-31 16:00:00,2025,8,31,16,Huế,Phường Phú Bài,16.409296,107.6779818,65,Moderate,1,29.2,76,0.0,13.2,62,1002.7,18,7.8,8.6,180.0,2.8,110.0,2.1
2025-08-31 17:00:00,2025,8,31,17,Huế,Phường Phú Bài,16.409296,107.6779818,72,Moderate,1,28.6,77,0.0,9.0,57,1003.2,31,7.7,8.5,252.0,5.6,95.0,2.7
2025-08-31 18:00:00,2025,8,31,18,Huế,Phường Phú Bài,16.409296,107.6779818,70,Moderate,1,27.0,83,0.6,2.7,113,1004.1,81,9.6,10.6,358.0,9.5,76.0,3.6
2025-08-31 19:00:00,2025,8,31,19,Huế,Phường Phú Bài,16.409296,107.6779818,59,Moderate,1,26.1,95,0.2,1.9,241,1004.7,92,19.6,21.9,448.0,14.1,81.0,7.4
2025-08-31 20:00:00,2025,8,31,20,Huế,Phường Phú Bài,16.409296,107.6779818,53,Moderate,1,25.5,93,0.4,4.2,205,1005.5,54,20.0,22.2,495.0,14.9,73.0,7.9
2025-08-31 21:00:00,2025,8,31,21,Huế,Phường Phú Bài,16.409296,107.6779818,53,Moderate,1,25.0,99,0.1,1.8,281,1006.3,100,20.5,22.4,526.0,15.8,62.0,8.4
2025-08-31 22:00:00,2025,8,31,22,Huế,Phường Phú Bài,16.409296,107.6779818,53,Moderate,1,25.0,100,0.2,0.9,11,1006.6,94,21.5,23.3,570.0,15.7,55.0,8.4
2025-08-31 23:00:00,2025,8,31,23,Huế,Phường Phú Bài,16.409296,107.6779818,53,Moderate,1,24.9,99,0.2,2.0,333,1006.7,100,20.5,21.5,662.0,13.7,55.0,7.3
2025-09-01 00:00:00,2025,9,1,0,Huế,Phường Phú Bài,16.409296,107.6779818,53,Moderate,1,24.6,99,0.2,2.3,108,1006.1,95,16.4,17.2,767.0,10.7,59.0,5.6
2025-09-01 01:00:00,2025,9,1,1,Huế,Phường Phú Bài,16.409296,107.6779818,53,Moderate,1,24.5,100,0.2,1.9,236,1005.6,100,14.4,15.1,813.0,8.2,60.0,4.2
2025-09-01 02:00:00,2025,9,1,2,Huế,Phường Phú Bài,16.409296,107.6779818,53,Moderate,1,24.5,100,0.0,3.5,258,1005.2,100,11.4,11.9,753.0,6.7,56.0,3.5
2025-09-01 03:00:00,2025,9,1,3,Huế,Phường Phú Bài,16.409296,107.6779818,53,Moderate,1,24.2,100,0.0,4.1,293,1004.7,82,9.5,9.9,634.0,5.8,50.0,3.1
2025-09-01 04:00:00,2025,9,1,4,Huế,Phường Phú Bài,16.409296,107.6779818,53,Moderate,1,24.0,100,0.0,4.8,259,1004.7,99,9.2,9.5,525.0,5.5,46.0,3.1
2025-09-01 05:00:00,2025,9,1,5,Huế,Phường Phú Bài,16.409296,107.6779818,53,Moderate,1,23.9,100,0.0,6.0,237,1005.0,61,9.6,9.9,448.0,6.3,45.0,3.7
2025-09-01 06:00:00,2025,9,1,6,Huế,Phường Phú Bài,16.409296,107.6779818,53,Moderate,1,24.0,99,0.0,6.9,233,1005.0,96,10.3,10.6,382.0,7.8,46.0,4.7
2025-09-01 07:00:00,2025,9,1,7,Huế,Phường Phú Bài,16.409296,107.6779818,53,Moderate,1,25.0,95,0.0,4.9,242,1005.3,60,10.1,10.8,331.0,7.7,55.0,5.1
2025-09-01 08:00:00,2025,9,1,8,Huế,Phường Phú Bài,16.409296,107.6779818,52,Moderate,1,26.9,84,0.0,4.6,261,1006.0,100,11.4,12.1,302.0,6.0,72.0,4.9
2025-09-01 09:00:00,2025,9,1,9,Huế,Phường Phú Bài,16.409296,107.6779818,52,Moderate,1,28.2,77,0.1,5.6,339,1006.1,100,10.9,11.6,288.0,3.8,96.0,4.6
2025-09-01 10:00:00,2025,9,1,10,Huế,Phường Phú Bài,16.409296,107.6779818,52,Moderate,1,29.1,77,0.1,6.7,352,1006.4,100,10.3,10.9,270.0,2.1,112.0,4.3
2025-09-01 11:00:00,2025,9,1,11,Huế,Phường Phú Bài,16.409296,107.6779818,51,Moderate,1,28.9,77,0.8,8.2,9,1005.8,100,9.6,10.2,237.0,1.6,114.0,3.8
2025-09-01 12:00:00,2025,9,1,12,Huế,Phường Phú Bài,16.409296,107.6779818,51,Moderate,1,27.1,88,3.5,6.8,333,1005.3,100,9.8,10.6,201.0,1.8,110.0,3.2
2025-09-01 13:00:00,2025,9,1,13,Huế,Phường Phú Bài,16.409296,107.6779818,51,Moderate,1,29.0,80,0.6,7.9,359,1004.3,93,9.7,10.6,176.0,2.0,106.0,2.8
2025-09-01 14:00:00,2025,9,1,14,Huế,Phường Phú Bài,16.409296,107.6779818,51,Moderate,1,29.5,75,0.5,10.6,14,1003.3,97,10.4,11.4,162.0,1.5,107.0,2.5
2025-09-01 15:00:00,2025,9,1,15,Huế,Phường Phú Bài,16.409296,107.6779818,51,Moderate,1,27.8,83,2.1,4.9,350,1003.2,52,9.4,10.4,161.0,1.1,108.0,2.3
2025-09-01 16:00:00,2025,9,1,16,Huế,Phường Phú Bài,16.409296,107.6779818,51,Moderate,1,28.1,82,0.1,3.0,14,1003.1,95,9.1,10.1,189.0,2.4,105.0,2.8
2025-09-01 17:00:00,2025,9,1,17,Huế,Phường Phú Bài,16.409296,107.6779818,51,Moderate,1,27.6,84,0.0,0.9,127,1003.3,96,9.3,10.3,272.0,6.7,93.0,4.3
2025-09-01 18:00:00,2025,9,1,18,Huế,Phường Phú Bài,16.409296,107.6779818,51,Moderate,1,26.0,92,1.0,4.7,184,1003.9,87,11.6,12.6,385.0,12.7,77.0,6.3
2025-09-01 19:00:00,2025,9,1,19,Huế,Phường Phú Bài,16.409296,107.6779818,51,Moderate,1,25.5,96,0.1,6.2,249,1004.3,94,19.4,21.8,474.0,19.3,45.0,7.0
2025-09-01 20:00:00,2025,9,1,20,Huế,Phường Phú Bài,16.409296,107.6779818,51,Moderate,1,25.2,98,0.6,4.7,261,1005.7,100,21.5,24.0,519.0,20.2,41.0,7.6
2025-09-01 21:00:00,2025,9,1,21,Huế,Phường Phú Bài,16.409296,107.6779818,52,Moderate,1,24.9,97,0.3,6.4,260,1006.1,92,24.1,26.3,540.0,21.6,34.0,8.4
2025-09-01 22:00:00,2025,9,1,22,Huế,Phường Phú Bài,16.409296,107.6779818,52,Moderate,1,25.0,98,0.1,1.7,212,1006.4,95,26.1,28.2,540.0,22.6,29.0,9.0
2025-09-01 23:00:00,2025,9,1,23,Huế,Phường Phú Bài,16.409296,107.6779818,52,Moderate,1,25.0,96,0.1,3.1,211,1006.4,93,27.9,29.9,512.0,23.5,25.0,9.2
2025-09-02 00:00:00,2025,9,2,0,Huế,Phường Phú Bài,16.409296,107.6779818,53,Moderate,1,24.5,97,0.0,2.9,227,1006.2,92,27.4,29.2,464.0,24.2,22.0,9.2
2025-09-02 01:00:00,2025,9,2,1,Huế,Phường Phú Bài,16.409296,107.6779818,54,Moderate,1,24.5,97,0.0,1.2,243,1005.7,99,26.8,28.4,422.0,23.5,20.0,8.9
2025-09-02 02:00:00,2025,9,2,2,Huế,Phường Phú Bài,16.409296,107.6779818,55,Moderate,1,24.2,99,0.0,2.2,256,1004.9,100,26.9,28.5,396.0,20.5,20.0,8.0
2025-09-02 03:00:00,2025,9,2,3,Huế,Phường Phú Bài,16.409296,107.6779818,56,Moderate,1,24.2,99,0.0,3.2,236,1004.6,99,22.1,23.5,376.0,16.3,21.0,6.8
2025-09-02 04:00:00,2025,9,2,4,Huế,Phường Phú Bài,16.409296,107.6779818,58,Moderate,1,24.2,99,0.0,4.8,255,1004.7,99,18.4,19.7,362.0,12.7,25.0,6.1
2025-09-02 05:00:00,2025,9,2,5,Huế,Phường Phú Bài,16.409296,107.6779818,58,Moderate,1,24.1,99,0.0,4.7,242,1004.8,86,16.4,17.7,358.0,10.7,33.0,6.5
2025-09-02 06:00:00,2025,9,2,6,Huế,Phường Phú Bài,16.409296,107.6779818,59,Moderate,1,24.2,99,0.0,6.3,267,1005.2,65,16.8,18.0,359.0,9.4,43.0,7.4
2025-09-02 07:00:00,2025,9,2,7,Huế,Phường Phú Bài,16.409296,107.6779818,60,Moderate,1,25.6,93,0.0,6.2,277,1005.9,84,22.1,23.2,353.0,10.5,54.0,6.4
2025-09-02 08:00:00,2025,9,2,8,Huế,Phường Phú Bài,16.409296,107.6779818,61,Moderate,1,27.5,85,0.0,3.6,288,1006.3,100,14.1,15.3,334.0,8.1,71.0,6.5
2025-09-02 09:00:00,2025,9,2,9,Huế,Phường Phú Bài,16.409296,107.6779818,61,Moderate,1,28.9,76,0.2,2.9,330,1006.8,99,12.0,13.1,308.0,4.8,94.0,6.5
2025-09-02 10:00:00,2025,9,2,10,Huế,Phường Phú Bài,16.409296,107.6779818,61,Moderate,1,29.5,73,0.4,3.9,347,1007.1,99,10.6,11.6,279.0,2.3,110.0,6.1
2025-09-02 11:00:00,2025,9,2,11,Huế,Phường Phú Bài,16.409296,107.6779818,61,Moderate,1,30.1,72,0.3,7.6,4,1006.6,100,9.6,10.6,244.0,1.4,112.0,5.0
2025-09-02 12:00:00,2025,9,2,12,Huế,Phường Phú Bài,16.409296,107.6779818,61,Moderate,1,29.9,74,0.1,11.0,18,1005.7,100,8.8,9.8,206.0,1.3,107.0,3.4
2025-09-02 13:00:00,2025,9,2,13,Huế,Phường Phú Bài,16.409296,107.6779818,61,Moderate,1,29.8,75,0.3,11.2,19,1004.4,100,8.3,9.3,179.0,1.4,100.0,2.3
2025-09-02 14:00:00,2025,9,2,14,Huế,Phường Phú Bài,16.409296,107.6779818,61,Moderate,1,30.0,72,0.2,11.8,29,1003.8,97,8.2,9.3,163.0,1.2,94.0,1.7
2025-09-02 15:00:00,2025,9,2,15,Huế,Phường Phú Bài,16.409296,107.6779818,61,Moderate,1,28.0,81,1.1,6.3,59,1003.9,100,7.2,8.6,157.0,1.2,88.0,1.6
2025-09-02 16:00:00,2025,9,2,16,Huế,Phường Phú Bài,16.409296,107.6779818,60,Moderate,1,27.9,84,0.3,4.7,74,1004.2,100,7.4,9.1,178.0,2.8,79.0,2.0
2025-09-02 17:00:00,2025,9,2,17,Huế,Phường Phú Bài,16.409296,107.6779818,60,Moderate,1,27.0,87,1.4,7.1,111,1004.8,99,7.9,9.7,249.0,7.7,67.0,3.5
2025-09-02 18:00:00,2025,9,2,18,Huế,Phường Phú Bài,16.409296,107.6779818,60,Moderate,1,25.9,94,1.0,2.2,145,1005.0,87,10.6,12.0,346.0,14.1,54.0,5.6
2025-09-02 19:00:00,2025,9,2,19,Huế,Phường Phú Bài,16.409296,107.6779818,60,Moderate,1,25.3,97,0.0,6.2,237,1005.6,94,16.9,18.5,414.0,15.4,46.0,5.9
2025-09-02 20:00:00,2025,9,2,20,Huế,Phường Phú Bài,16.409296,107.6779818,60,Moderate,1,25.9,93,0.0,5.2,239,1005.9,72,16.2,17.4,419.0,15.6,41.0,6.3
2025-09-02 21:00:00,2025,9,2,21,Huế,Phường Phú Bài,16.409296,107.6779818,59,Moderate,1,25.4,96,0.0,4.2,234,1006.4,69,16.1,16.9,394.0,16.0,35.0,6.8
2025-09-02 22:00:00,2025,9,2,22,Huế,Phường Phú Bài,16.409296,107.6779818,59,Moderate,1,25.1,97,0.0,4.3,195,1006.7,76,18.6,19.2,382.0,16.2,29.0,7.0
2025-09-02 23:00:00,2025,9,2,23,Huế,Phường Phú Bài,16.409296,107.6779818,58,Moderate,1,24.8,98,0.0,2.7,188,1006.6,2,20.7,21.2,407.0,16.3,24.0,6.5
2025-09-03 00:00:00,2025,9,3,0,Huế,Phường Phú Bài,16.409296,107.6779818,57,Moderate,1,24.5,99,0.0,3.6,237,1006.6,15,20.4,20.9,444.0,16.3,20.0,5.8
2025-09-03 01:00:00,2025,9,3,1,Huế,Phường Phú Bài,16.409296,107.6779818,57,Moderate,1,24.3,99,0.0,3.6,217,1006.3,97,20.6,21.0,463.0,15.9,17.0,5.1
2025-09-03 02:00:00,2025,9,3,2,Huế,Phường Phú Bài,16.409296,107.6779818,56,Moderate,1,24.1,99,0.0,4.1,209,1006.2,77,20.6,21.0,444.0,14.8,14.0,4.7
2025-09-03 03:00:00,2025,9,3,3,Huế,Phường Phú Bài,16.409296,107.6779818,56,Moderate,1,23.9,99,0.0,3.6,233,1005.8,94,20.3,20.7,407.0,13.4,12.0,4.3
2025-09-03 04:00:00,2025,9,3,4,Huế,Phường Phú Bài,16.409296,107.6779818,55,Moderate,1,23.7,99,0.0,4.6,231,1005.6,78,19.2,19.5,382.0,12.0,15.0,4.3
2025-09-03 05:00:00,2025,9,3,5,Huế,Phường Phú Bài,16.409296,107.6779818,55,Moderate,1,23.7,98,0.0,7.0,244,1005.6,85,18.5,18.7,389.0,11.0,23.0,4.7
2025-09-03 06:00:00,2025,9,3,6,Huế,Phường Phú Bài,16.409296,107.6779818,56,Moderate,1,23.9,97,0.0,5.4,230,1005.5,71,18.1,18.4,408.0,10.1,35.0,5.3
2025-09-03 07:00:00,2025,9,3,7,Huế,Phường Phú Bài,16.409296,107.6779818,56,Moderate,1,25.6,93,0.0,2.8,255,1006.1,63,16.3,16.3,409.0,9.9,50.0,5.1
2025-09-03 08:00:00,2025,9,3,8,Huế,Phường Phú Bài,16.409296,107.6779818,55,Moderate,1,28.3,81,0.0,3.8,265,1007.6,15,12.1,12.2,371.0,7.9,77.0,5.8
2025-09-03 09:00:00,2025,9,3,9,Huế,Phường Phú Bài,16.409296,107.6779818,55,Moderate,1,29.5,75,0.1,1.1,9,1007.7,31,10.1,10.1,316.0,5.1,115.0,6.6
2025-09-03 10:00:00,2025,9,3,10,Huế,Phường Phú Bài,16.409296,107.6779818,55,Moderate,1,30.8,68,0.1,4.3,57,1007.2,31,8.0,8.2,272.0,3.0,143.0,6.8
2025-09-03 11:00:00,2025,9,3,11,Huế,Phường Phú Bài,16.409296,107.6779818,55,Moderate,1,31.6,65,0.1,6.8,58,1006.7,80,7.1,7.4,255.0,2.1,152.0,5.7
2025-09-03 12:00:00,2025,9,3,12,Huế,Phường Phú Bài,16.409296,107.6779818,54,Moderate,1,31.5,66,0.2,11.3,56,1006.1,87,6.9,7.4,251.0,1.7,151.0,3.8
2025-09-03 13:00:00,2025,9,3,13,Huế,Phường Phú Bài,16.409296,107.6779818,54,Moderate,1,29.9,75,2.2,13.6,64,1005.2,48,6.2,6.7,243.0,1.6,146.0,2.4
2025-09-03 14:00:00,2025,9,3,14,Huế,Phường Phú Bài,16.409296,107.6779818,54,Moderate,1,30.6,72,0.0,12.2,66,1004.0,29,5.7,6.2,221.0,1.1,138.0,1.6
2025-09-03 15:00:00,2025,9,3,15,Huế,Phường Phú Bài,16.409296,107.6779818,73,Moderate,1,29.8,74,0.2,12.5,72,1003.7,49,4.8,5.3,196.0,0.8,126.0,1.2
2025-09-03 16:00:00,2025,9,3,16,Huế,Phường Phú Bài,16.409296,107.6779818,89,Moderate,1,29.8,73,0.1,12.0,82,1003.7,36,4.9,5.6,184.0,2.2,112.0,1.6
2025-09-03 17:00:00,2025,9,3,17,Huế,Phường Phú Bài,16.409296,107.6779818,97,Moderate,1,29.1,77,0.0,10.7,83,1003.6,17,5.9,6.8,190.0,7.0,94.0,3.3
2025-09-03 18:00:00,2025,9,3,18,Huế,Phường Phú Bài,16.409296,107.6779818,92,Moderate,1,28.1,81,0.0,7.9,87,1004.0,15,9.3,10.3,210.0,13.4,74.0,5.7
2025-09-03 19:00:00,2025,9,3,19,Huế,Phường Phú Bài,16.409296,107.6779818,78,Moderate,1,27.5,84,0.0,6.0,97,1004.7,10,17.0,18.6,246.0,14.8,62.0,6.3
2025-09-03 20:00:00,2025,9,3,20,Huế,Phường Phú Bài,16.409296,107.6779818,59,Moderate,1,26.7,90,0.0,4.7,212,1005.9,17,21.8,23.5,311.0,16.9,56.0,7.7
2025-09-03 21:00:00,2025,9,3,21,Huế,Phường Phú Bài,16.409296,107.6779818,54,Moderate,1,26.0,94,0.0,4.9,234,1006.3,8,24.6,26.2,392.0,19.8,48.0,9.6
2025-09-03 22:00:00,2025,9,3,22,Huế,Phường Phú Bài,16.409296,107.6779818,54,Moderate,1,25.5,95,0.0,4.8,241,1006.5,7,24.9,26.4,452.0,21.3,40.0,10.3
2025-09-03 23:00:00,2025,9,3,23,Huế,Phường Phú Bài,16.409296,107.6779818,55,Moderate,1,25.2,95,0.0,6.1,240,1007.1,48,24.6,25.4,477.0,20.3,35.0,8.9
2025-09-04 00:00:00,2025,9,4,0,Huế,Phường Phú Bài,16.409296,107.6779818,55,Moderate,1,25.0,95,0.0,6.0,237,1007.0,98,24.6,25.1,481.0,17.9,30.0,6.3
2025-09-04 01:00:00,2025,9,4,1,Huế,Phường Phú Bài,16.409296,107.6779818,56,Moderate,1,24.7,96,0.0,4.9,237,1006.6,99,25.2,25.7,466.0,15.7,26.0,4.3
2025-09-04 02:00:00,2025,9,4,2,Huế,Phường Phú Bài,16.409296,107.6779818,56,Moderate,1,24.4,98,0.0,5.0,218,1005.8,95,25.6,25.9,418.0,14.1,21.0,3.3
2025-09-04 03:00:00,2025,9,4,3,Huế,Phường Phú Bài,16.409296,107.6779818,57,Moderate,1,24.1,98,0.0,5.4,210,1005.5,30,25.0,25.3,351.0,12.6,16.0,2.9
2025-09-04 04:00:00,2025,9,4,4,Huế,Phường Phú Bài,16.409296,107.6779818,57,Moderate,1,23.9,98,0.0,4.0,238,1005.0,2,23.8,24.2,310.0,11.4,18.0,2.9
2025-09-04 05:00:00,2025,9,4,5,Huế,Phường Phú Bài,16.409296,107.6779818,57,Moderate,1,23.6,98,0.0,4.5,227,1005.2,25,23.8,24.2,328.0,10.9,31.0,3.7
2025-09-04 06:00:00,2025,9,4,6,Huế,Phường Phú Bài,16.409296,107.6779818,58,Moderate,1,23.5,99,0.0,2.9,180,1005.9,52,25.3,25.6,372.0,10.7,50.0,4.9
2025-09-04 07:00:00,2025,9,4,7,Huế,Phường Phú Bài,16.409296,107.6779818,58,Moderate,1,25.5,90,0.0,3.7,219,1006.7,27,22.6,23.0,393.0,8.8,59.0,4.9
2025-09-04 08:00:00,2025,9,4,8,Huế,Phường Phú Bài,16.409296,107.6779818,59,Moderate,1,28.5,80,0.0,2.4,253,1007.8,42,16.1,16.6,366.0,7.0,76.0,4.6
2025-09-04 09:00:00,2025,9,4,9,Huế,Phường Phú Bài,16.409296,107.6779818,59,Moderate,1,29.9,72,0.1,2.2,42,1008.0,52,11.1,11.8,316.0,4.5,100.0,4.2
2025-09-04 10:00:00,2025,9,4,10,Huế,Phường Phú Bài,16.409296,107.6779818,59,Moderate,1,30.5,70,0.2,4.6,51,1007.8,83,8.8,9.6,270.0,2.6,118.0,3.8
2025-09-04 11:00:00,2025,9,4,11,Huế,Phường Phú Bài,16.409296,107.6779818,60,Moderate,1,31.0,71,0.2,7.8,50,1007.3,99,8.0,8.8,236.0,1.9,127.0,3.5
2025-09-04 12:00:00,2025,9,4,12,Huế,Phường Phú Bài,16.409296,107.6779818,60,Moderate,1,30.9,72,0.5,9.6,60,1006.0,95,8.1,9.1,207.0,1.8,130.0,3.1
2025-09-04 13:00:00,2025,9,4,13,Huế,Phường Phú Bài,16.409296,107.6779818,60,Moderate,1,31.0,73,0.5,8.8,57,1004.5,39,8.0,8.8,185.0,1.8,130.0,2.9
2025-09-04 14:00:00,2025,9,4,14,Huế,Phường Phú Bài,16.409296,107.6779818,60,Moderate,1,31.2,72,0.0,11.8,54,1003.7,14,8.0,8.9,167.0,1.4,127.0,2.6
2025-09-04 15:00:00,2025,9,4,15,Huế,Phường Phú Bài,16.409296,107.6779818,60,Moderate,1,30.1,74,0.3,12.5,55,1003.6,67,7.8,8.9,158.0,1.2,121.0,2.4
2025-09-04 16:00:00,2025,9,4,16,Huế,Phường Phú Bài,16.409296,107.6779818,64,Moderate,1,29.5,77,0.4,9.8,59,1003.9,89,7.7,8.8,173.0,2.4,111.0,2.7
2025-09-04 17:00:00,2025,9,4,17,Huế,Phường Phú Bài,16.409296,107.6779818,72,Moderate,1,28.5,80,0.0,6.0,97,1003.6,84,7.4,8.3,236.0,6.4,94.0,4.0
2025-09-04 18:00:00,2025,9,4,18,Huế,Phường Phú Bài,16.409296,107.6779818,70,Moderate,1,27.4,86,0.0,3.2,199,1004.1,78,10.2,10.9,324.0,11.9,73.0,5.7
2025-09-04 19:00:00,2025,9,4,19,Huế,Phường Phú Bài,16.409296,107.6779818,61,Moderate,1,26.4,91,0.0,6.7,232,1004.9,84,13.9,15.5,384.0,12.0,48.0,5.0
2025-09-04 20:00:00,2025,9,4,20,Huế,Phường Phú Bài,16.409296,107.6779818,61,Moderate,1,26.3,97,0.1,5.1,234,1006.0,88,15.0,16.4,388.0,12.3,45.0,5.5
2025-09-04 21:00:00,2025,9,4,21,Huế,Phường Phú Bài,16.409296,107.6779818,60,Moderate,1,26.0,96,0.0,4.2,198,1006.3,91,16.9,18.2,363.0,12.6,40.0,6.3
2025-09-04 22:00:00,2025,9,4,22,Huế,Phường Phú Bài,16.409296,107.6779818,59,Moderate,1,25.6,97,0.0,5.2,180,1006.7,90,19.0,20.2,338.0,12.9,35.0,6.7
2025-09-04 23:00:00,2025,9,4,23,Huế,Phường Phú Bài,16.409296,107.6779818,59,Moderate,1,25.1,97,0.0,4.6,198,1006.9,96,20.7,21.7,323.0,13.0,31.0,6.5
2025-09-05 00:00:00,2025,9,5,0,Huế,Phường Phú Bài,16.409296,107.6779818,58,Moderate,1,24.9,97,0.0,5.3,204,1006.1,95,20.9,21.7,309.0,13.0,26.0,6.1
2025-09-05 01:00:00,2025,9,5,1,Huế,Phường Phú Bài,16.409296,107.6779818,58,Moderate,1,24.5,97,0.0,4.2,200,1005.7,30,20.5,21.0,294.0,12.8,23.0,5.7
2025-09-05 02:00:00,2025,9,5,2,Huế,Phường Phú Bài,16.409296,107.6779818,58,Moderate,1,24.1,98,0.0,3.8,221,1005.2,24,20.7,21.1,273.0,12.5,19.0,5.4
2025-09-05 03:00:00,2025,9,5,3,Huế,Phường Phú Bài,16.409296,107.6779818,57,Moderate,1,23.9,99,0.0,5.0,224,1005.2,19,20.8,21.2,252.0,12.0,16.0,5.2
2025-09-05 04:00:00,2025,9,5,4,Huế,Phường Phú Bài,16.409296,107.6779818,57,Moderate,1,23.6,99,0.0,4.9,216,1005.2,20,21.2,21.7,248.0,11.5,18.0,5.2
2025-09-05 05:00:00,2025,9,5,5,Huế,Phường Phú Bài,16.409296,107.6779818,57,Moderate,1,23.5,99,0.0,5.1,216,1005.3,34,21.8,22.2,279.0,11.1,28.0,5.7
2025-09-05 06:00:00,2025,9,5,6,Huế,Phường Phú Bài,16.409296,107.6779818,56,Moderate,1,23.7,98,0.0,5.7,226,1005.8,2,23.3,23.6,326.0,10.6,44.0,6.4
2025-09-05 07:00:00,2025,9,5,7,Huế,Phường Phú Bài,16.409296,107.6779818,56,Moderate,1,25.5,94,0.0,3.5,246,1006.3,2,17.9,18.2,350.0,9.0,69.0,7.1
2025-09-05 08:00:00,2025,9,5,8,Huế,Phường Phú Bài,16.409296,107.6779818,56,Moderate,1,28.8,76,0.0,2.3,212,1007.7,71,13.1,13.6,324.0,7.2,87.0,6.7
2025-09-05 09:00:00,2025,9,5,9,Huế,Phường Phú Bài,16.409296,107.6779818,56,Moderate,1,30.1,71,0.0,0.9,101,1007.9,100,11.7,12.4,273.0,4.7,112.0,6.1
2025-09-05 10:00:00,2025,9,5,10,Huế,Phường Phú Bài,16.409296,107.6779818,56,Moderate,1,31.3,67,0.0,3.0,33,1008.0,100,10.1,10.8,238.0,2.8,130.0,5.4
2025-09-05 11:00:00,2025,9,5,11,Huế,Phường Phú Bài,16.409296,107.6779818,56,Moderate,1,32.0,65,0.0,4.2,18,1007.3,100,9.4,10.1,239.0,2.1,135.0,4.6
2025-09-05 12:00:00,2025,9,5,12,Huế,Phường Phú Bài,16.409296,107.6779818,56,Moderate,1,32.2,68,0.0,8.5,29,1005.9,93,10.0,10.8,255.0,2.1,132.0,3.8
2025-09-05 13:00:00,2025,9,5,13,Huế,Phường Phú Bài,16.409296,107.6779818,56,Moderate,1,31.0,71,0.1,8.8,41,1005.1,100,8.9,9.8,259.0,2.2,128.0,3.2
2025-09-05 14:00:00,2025,9,5,14,Huế,Phường Phú Bài,16.409296,107.6779818,56,Moderate,1,30.5,73,0.3,8.0,16,1004.3,86,9.1,10.2,224.0,1.9,125.0,2.7
2025-09-05 15:00:00,2025,9,5,15,Huế,Phường Phú Bài,16.409296,107.6779818,62,Moderate,1,30.5,73,0.3,8.1,37,1003.9,79,9.1,10.5,177.0,1.7,120.0,2.4
2025-09-05 16:00:00,2025,9,5,16,Huế,Phường Phú Bài,16.409296,107.6779818,73,Moderate,1,29.9,75,0.2,4.3,15,1003.9,99,8.1,9.7,169.0,2.7,111.0,2.6
2025-09-05 17:00:00,2025,9,5,17,Huế,Phường Phú Bài,16.409296,107.6779818,78,Moderate,1,29.2,78,0.2,2.4,132,1004.0,98,8.3,10.2,238.0,6.0,96.0,3.6
2025-09-05 18:00:00,2025,9,5,18,Huế,Phường Phú Bài,16.409296,107.6779818,74,Moderate,1,27.6,87,0.3,3.8,180,1004.8,98,12.6,14.4,345.0,10.4,77.0,5.2
2025-09-05 19:00:00,2025,9,5,19,Huế,Phường Phú Bài,16.409296,107.6779818,63,Moderate,1,27.0,92,0.0,5.1,216,1005.0,100,26.2,28.6,425.0,20.5,54.0,9.5
2025-09-05 20:00:00,2025,9,5,20,Huế,Phường Phú Bài,16.409296,107.6779818,58,Moderate,1,27.2,89,0.0,6.2,218,1006.1,100,31.0,33.5,451.0,21.4,48.0,10.2
2025-09-05 21:00:00,2025,9,5,21,Huế,Phường Phú Bài,16.409296,107.6779818,59,Moderate,1,26.5,89,0.0,6.7,214,1006.9,100,33.6,36.1,451.0,22.7,39.0,11.2
2025-09-05 22:00:00,2025,9,5,22,Huế,Phường Phú Bài,16.409296,107.6779818,61,Moderate,1,26.2,89,0.0,5.5,207,1007.3,100,32.5,34.6,442.0,23.1,32.0,11.6
2025-09-05 23:00:00,2025,9,5,23,Huế,Phường Phú Bài,16.409296,107.6779818,62,Moderate,1,26.3,89,0.0,3.1,220,1007.3,100,31.2,33.1,425.0,22.0,28.0,11.0
2025-09-06 00:00:00,2025,9,6,0,Huế,Phường Phú Bài,16.409296,107.6779818,63,Moderate,1,26.0,91,0.0,5.2,241,1007.1,100,31.2,32.6,398.0,20.2,25.0,9.9
2025-09-06 01:00:00,2025,9,6,1,Huế,Phường Phú Bài,16.409296,107.6779818,64,Moderate,1,25.6,93,0.0,4.4,243,1006.1,99,31.8,32.7,377.0,18.6,22.0,8.9
2025-09-06 02:00:00,2025,9,6,2,Huế,Phường Phú Bài,16.409296,107.6779818,65,Moderate,1,25.3,96,0.0,1.1,261,1005.9,98,32.8,33.5,366.0,17.9,19.0,8.2
2025-09-06 03:00:00,2025,9,6,3,Huế,Phường Phú Bài,16.409296,107.6779818,66,Moderate,1,25.2,97,0.0,2.3,113,1006.0,100,33.1,33.8,360.0,17.4,16.0,7.7
2025-09-06 04:00:00,2025,9,6,4,Huế,Phường Phú Bài,16.409296,107.6779818,67,Moderate,1,25.1,97,0.0,2.8,140,1005.7,100,32.6,33.3,361.0,16.5,17.0,7.3
2025-09-06 05:00:00,2025,9,6,5,Huế,Phường Phú Bài,16.409296,107.6779818,68,Moderate,1,25.0,98,0.0,3.9,223,1005.4,99,30.7,31.3,376.0,14.8,24.0,7.2
2025-09-06 06:00:00,2025,9,6,6,Huế,Phường Phú Bài,16.409296,107.6779818,69,Moderate,1,24.8,96,0.0,6.0,231,1005.6,99,23.3,23.9,398.0,12.6,36.0,7.3
2025-09-06 07:00:00,2025,9,6,7,Huế,Phường Phú Bài,16.409296,107.6779818,69,Moderate,1,26.2,90,0.0,1.4,203,1006.4,100,26.7,27.7,404.0,9.4,55.0,6.2
2025-09-06 08:00:00,2025,9,6,8,Huế,Phường Phú Bài,16.409296,107.6779818,69,Moderate,1,28.5,81,0.0,4.0,260,1007.8,99,22.1,23.8,383.0,7.3,70.0,6.1
2025-09-06 09:00:00,2025,9,6,9,Huế,Phường Phú Bài,16.409296,107.6779818,70,Moderate,1,30.1,73,0.0,3.5,351,1007.7,100,17.2,19.3,345.0,4.4,90.0,5.8
2025-09-06 10:00:00,2025,9,6,10,Huế,Phường Phú Bài,16.409296,107.6779818,71,Moderate,1,31.2,71,0.1,7.6,19,1007.6,100,14.3,16.7,301.0,2.3,104.0,5.4
2025-09-06 11:00:00,2025,9,6,11,Huế,Phường Phú Bài,16.409296,107.6779818,71,Moderate,1,31.3,71,0.1,9.4,17,1007.3,100,13.4,15.8,244.0,1.6,106.0,4.7
2025-09-06 12:00:00,2025,9,6,12,Huế,Phường Phú Bài,16.409296,107.6779818,71,Moderate,1,31.4,71,0.0,9.6,5,1006.6,100,12.3,14.5,179.0,1.6,102.0,3.7
2025-09-06 13:00:00,2025,9,6,13,Huế,Phường Phú Bài,16.409296,107.6779818,72,Moderate,1,30.3,74,0.8,10.7,353,1005.6,100,10.9,13.0,135.0,1.8,96.0,3.0
2025-09-06 14:00:00,2025,9,6,14,Huế,Phường Phú Bài,16.409296,107.6779818,72,Moderate,1,30.5,71,0.1,9.9,15,1004.5,100,10.7,12.7,116.0,1.5,91.0,2.5
2025-09-06 15:00:00,2025,9,6,15,Huế,Phường Phú Bài,16.409296,107.6779818,72,Moderate,1,29.7,75,1.6,6.0,9,1004.7,100,10.3,12.5,116.0,1.4,84.0,2.2
2025-09-06 16:00:00,2025,9,6,16,Huế,Phường Phú Bài,16.409296,107.6779818,72,Moderate,1,29.2,77,0.3,3.8,357,1004.2,100,9.5,11.8,147.0,2.6,75.0,2.4
2025-09-06 17:00:00,2025,9,6,17,Huế,Phường Phú Bài,16.409296,107.6779818,72,Moderate,1,28.4,80,0.3,2.0,85,1004.7,99,9.4,11.1,238.0,5.8,63.0,3.3
2025-09-06 18:00:00,2025,9,6,18,Huế,Phường Phú Bài,16.409296,107.6779818,72,Moderate,1,27.2,88,0.1,4.1,209,1005.2,100,13.1,14.8,359.0,10.3,50.0,4.7
2025-09-06 19:00:00,2025,9,6,19,Huế,Phường Phú Bài,16.409296,107.6779818,72,Moderate,1,26.5,94,0.1,5.5,216,1005.8,100,18.2,20.3,434.0,16.4,41.0,7.3
2025-09-06 20:00:00,2025,9,6,20,Huế,Phường Phú Bài,16.409296,107.6779818,72,Moderate,1,24.5,97,1.8,6.5,186,1006.5,100,21.7,23.7,418.0,18.2,36.0,8.0
2025-09-06 21:00:00,2025,9,6,21,Huế,Phường Phú Bài,16.409296,107.6779818,71,Moderate,1,25.0,96,0.1,6.1,185,1007.5,100,26.0,27.9,356.0,20.7,29.0,8.9
2025-09-06 22:00:00,2025,9,6,22,Huế,Phường Phú Bài,16.409296,107.6779818,70,Moderate,1,24.8,97,0.0,7.5,222,1007.2,99,23.7,25.3,309.0,21.8,23.0,9.2
2025-09-06 23:00:00,2025,9,6,23,Huế,Phường Phú Bài,16.409296,107.6779818,69,Moderate,1,24.9,96,0.0,4.7,208,1007.2,100,20.8,22.1,301.0,20.4,20.0,8.3
2025-09-07 00:00:00,2025,9,7,0,Huế,Phường Phú Bài,16.409296,107.6779818,68,Moderate,1,24.8,96,0.0,5.0,201,1006.7,100,19.3,20.3,307.0,17.8,18.0,6.8
2025-09-07 01:00:00,2025,9,7,1,Huế,Phường Phú Bài,16.409296,107.6779818,67,Moderate,1,24.6,97,0.0,4.3,197,1005.8,94,19.2,20.0,316.0,15.5,17.0,5.6
2025-09-07 02:00:00,2025,9,7,2,Huế,Phường Phú Bài,16.409296,107.6779818,66,Moderate,1,24.5,98,0.0,0.8,225,1005.7,100,19.2,20.0,325.0,14.3,13.0,4.9
2025-09-07 03:00:00,2025,9,7,3,Huế,Phường Phú Bài,16.409296,107.6779818,65,Moderate,1,24.6,98,0.0,0.4,360,1005.1,100,19.4,20.2,337.0,13.4,10.0,4.4
2025-09-07 04:00:00,2025,9,7,4,Huế,Phường Phú Bài,16.409296,107.6779818,64,Moderate,1,24.4,100,0.0,2.2,185,1004.6,100,19.4,20.1,351.0,12.4,12.0,4.3
2025-09-07 05:00:00,2025,9,7,5,Huế,Phường Phú Bài,16.409296,107.6779818,63,Moderate,1,24.1,100,0.0,5.0,215,1005.2,100,18.1,18.7,376.0,11.1,23.0,4.9
2025-09-07 06:00:00,2025,9,7,6,Huế,Phường Phú Bài,16.409296,107.6779818,62,Moderate,1,24.0,99,0.0,6.0,226,1005.5,100,18.1,18.7,403.0,9.7,39.0,5.8
2025-09-07 07:00:00,2025,9,7,7,Huế,Phường Phú Bài,16.409296,107.6779818,61,Moderate,1,25.5,93,0.0,4.6,259,1006.2,100,20.0,20.6,407.0,10.2,46.0,6.5
2025-09-07 08:00:00,2025,9,7,8,Huế,Phường Phú Bài,16.409296,107.6779818,60,Moderate,1,28.0,83,0.0,5.2,226,1006.9,90,15.8,16.8,367.0,8.0,62.0,6.8
2025-09-07 09:00:00,2025,9,7,9,Huế,Phường Phú Bài,16.409296,107.6779818,60,Moderate,1,29.7,74,0.0,3.3,257,1007.2,99,13.3,14.9,303.0,5.0,84.0,7.1
2025-09-07 10:00:00,2025,9,7,10,Huế,Phường Phú Bài,16.409296,107.6779818,60,Moderate,1,30.9,70,0.0,4.3,327,1006.9,100,11.3,12.8,253.0,2.7,101.0,7.1
2025-09-07 11:00:00,2025,9,7,11,Huế,Phường Phú Bài,16.409296,107.6779818,59,Moderate,1,31.8,67,0.0,5.8,324,1006.2,100,9.9,11.2,231.0,1.9,106.0,6.3
2025-09-07 12:00:00,2025,9,7,12,Huế,Phường Phú Bài,16.409296,107.6779818,59,Moderate,1,32.5,63,0.0,7.2,338,1004.9,100,9.7,10.8,222.0,1.8,106.0,5.2
2025-09-07 13:00:00,2025,9,7,13,Huế,Phường Phú Bài,16.409296,107.6779818,59,Moderate,1,32.3,65,0.0,9.0,355,1003.6,100,9.4,10.3,218.0,1.9,104.0,4.3
2025-09-07 14:00:00,2025,9,7,14,Huế,Phường Phú Bài,16.409296,107.6779818,59,Moderate,1,30.5,75,1.1,7.8,23,1002.9,100,9.4,10.3,214.0,1.5,103.0,3.8
2025-09-07 15:00:00,2025,9,7,15,Huế,Phường Phú Bài,16.409296,107.6779818,59,Moderate,1,30.6,74,0.1,4.6,13,1002.5,100,9.5,10.4,215.0,1.3,101.0,3.5
2025-09-07 16:00:00,2025,9,7,16,Huế,Phường Phú Bài,16.409296,107.6779818,58,Moderate,1,26.9,87,9.5,12.5,245,1003.2,100,9.6,10.8,225.0,2.9,94.0,3.7
2025-09-07 17:00:00,2025,9,7,17,Huế,Phường Phú Bài,16.409296,107.6779818,58,Moderate,1,26.4,88,0.4,5.9,200,1003.3,100,10.9,12.3,252.0,8.2,79.0,4.9
2025-09-07 18:00:00,2025,9,7,18,Huế,Phường Phú Bài,16.409296,107.6779818,59,Moderate,1,26.1,92,0.3,6.4,223,1003.6,100,16.1,17.8,289.0,15.3,59.0,6.7
2025-09-07 19:00:00,2025,9,7,19,Huế,Phường Phú Bài,16.409296,107.6779818,59,Moderate,1,25.9,93,0.1,5.1,184,1004.8,100,25.6,26.4,320.0,20.2,58.0,10.5
2025-09-07 20:00:00,2025,9,7,20,Huế,Phường Phú Bài,16.409296,107.6779818,60,Moderate,1,26.7,94,0.0,4.7,162,1005.1,100,27.1,27.8,343.0,20.4,52.0,11.0
2025-09-07 21:00:00,2025,9,7,21,Huế,Phường Phú Bài,16.409296,107.6779818,60,Moderate,1,26.4,95,0.0,5.0,180,1006.1,100,28.5,29.0,360.0,20.4,45.0,11.6
2025-09-07 22:00:00,2025,9,7,22,Huế,Phường Phú Bài,16.409296,107.6779818,60,Moderate,1,26.0,94,0.6,9.3,204,1006.5,100,26.9,27.4,366.0,19.5,39.0,11.4
2025-09-07 23:00:00,2025,9,7,23,Huế,Phường Phú Bài,16.409296,107.6779818,61,Moderate,1,25.5,93,2.1,8.2,172,1006.6,100,24.9,25.3,355.0,16.7,37.0,9.7
2025-09-08 00:00:00,2025,9,8,0,Huế,Phường Phú Bài,16.409296,107.6779818,61,Moderate,1,25.1,93,0.1,12.4,204,1006.6,100,22.2,22.5,333.0,12.9,37.0,7.2
2025-09-08 01:00:00,2025,9,8,1,Huế,Phường Phú Bài,16.409296,107.6779818,61,Moderate,1,24.9,91,0.1,9.1,212,1005.5,100,17.6,18.0,305.0,9.7,36.0,5.2
2025-09-08 02:00:00,2025,9,8,2,Huế,Phường Phú Bài,16.409296,107.6779818,61,Moderate,1,24.6,93,0.2,7.8,212,1005.3,100,14.1,14.3,264.0,7.6,32.0,4.2
2025-09-08 03:00:00,2025,9,8,3,Huế,Phường Phú Bài,16.409296,107.6779818,61,Moderate,1,24.0,98,2.3,10.2,138,1004.9,100,10.8,10.9,219.0,6.1,28.0,3.7
2025-09-08 04:00:00,2025,9,8,4,Huế,Phường Phú Bài,16.409296,107.6779818,60,Moderate,1,24.0,94,0.2,10.1,190,1004.7,100,9.5,9.6,199.0,5.5,25.0,3.6
2025-09-08 05:00:00,2025,9,8,5,Huế,Phường Phú Bài,16.409296,107.6779818,59,Moderate,1,24.0,94,0.0,9.3,208,1004.7,100,10.0,10.1,233.0,6.5,24.0,3.9
2025-09-08 06:00:00,2025,9,8,6,Huế,Phường Phú Bài,16.409296,107.6779818,58,Moderate,1,24.0,94,0.0,8.7,214,1004.7,100,11.3,11.3,294.0,8.3,25.0,4.6
2025-09-08 07:00:00,2025,9,8,7,Huế,Phường Phú Bài,16.409296,107.6779818,58,Moderate,1,25.4,95,0.0,9.2,211,1005.2,100,17.2,17.2,328.0,10.9,39.0,6.7
2025-09-08 08:00:00,2025,9,8,8,Huế,Phường Phú Bài,16.409296,107.6779818,57,Moderate,1,29.0,77,0.0,4.7,247,1006.1,100,13.3,13.3,306.0,8.5,63.0,7.1
2025-09-08 09:00:00,2025,9,8,9,Huế,Phường Phú Bài,16.409296,107.6779818,57,Moderate,1,30.8,67,0.0,5.1,262,1006.4,91,11.8,11.9,258.0,5.2,97.0,7.6
2025-09-08 10:00:00,2025,9,8,10,Huế,Phường Phú Bài,16.409296,107.6779818,57,Moderate,1,32.8,56,0.0,4.0,265,1006.4,7,11.0,11.1,223.0,2.8,123.0,7.8
2025-09-08 11:00:00,2025,9,8,11,Huế,Phường Phú Bài,16.409296,107.6779818,57,Moderate,1,33.6,55,0.0,6.3,270,1006.1,98,10.2,10.3,220.0,2.2,133.0,7.4
2025-09-08 12:00:00,2025,9,8,12,Huế,Phường Phú Bài,16.409296,107.6779818,57,Moderate,1,34.2,55,0.0,4.6,312,1005.1,95,10.8,10.9,230.0,2.5,136.0,6.7
2025-09-08 13:00:00,2025,9,8,13,Huế,Phường Phú Bài,16.409296,107.6779818,57,Moderate,1,33.1,60,0.0,5.5,41,1004.2,91,11.4,11.5,235.0,3.0,137.0,6.2
2025-09-08 14:00:00,2025,9,8,14,Huế,Phường Phú Bài,16.409296,107.6779818,57,Moderate,1,31.3,71,1.1,11.6,102,1003.9,100,12.4,12.5,218.0,3.2,139.0,6.1
2025-09-08 15:00:00,2025,9,8,15,Huế,Phường Phú Bài,16.409296,107.6779818,58,Moderate,1,31.7,66,0.0,11.6,105,1002.9,98,13.6,13.7,197.0,3.6,139.0,6.2
2025-09-08 16:00:00,2025,9,8,16,Huế,Phường Phú Bài,16.409296,107.6779818,72,Moderate,1,30.4,72,0.1,7.1,196,1003.0,99,15.1,15.2,200.0,5.0,134.0,6.5
2025-09-08 17:00:00,2025,9,8,17,Huế,Phường Phú Bài,16.409296,107.6779818,87,Moderate,1,29.8,78,0.1,5.7,215,1003.1,100,16.2,16.3,251.0,8.0,121.0,7.2
2025-09-08 18:00:00,2025,9,8,18,Huế,Phường Phú Bài,16.409296,107.6779818,92,Moderate,1,28.8,85,0.0,3.6,198,1004.0,100,19.8,19.9,328.0,11.9,102.0,8.1
2025-09-08 19:00:00,2025,9,8,19,Huế,Phường Phú Bài,16.409296,107.6779818,88,Moderate,1,28.1,89,0.0,1.8,204,1005.1,100,20.0,20.2,392.0,12.5,71.0,6.4
2025-09-08 20:00:00,2025,9,8,20,Huế,Phường Phú Bài,16.409296,107.6779818,75,Moderate,1,28.2,78,0.0,5.6,173,1006.2,100,21.9,22.2,439.0,14.3,58.0,6.9
2025-09-08 21:00:00,2025,9,8,21,Huế,Phường Phú Bài,16.409296,107.6779818,58,Moderate,1,28.0,77,0.0,7.9,180,1007.2,100,23.0,23.2,474.0,16.7,39.0,7.6
2025-09-08 22:00:00,2025,9,8,22,Huế,Phường Phú Bài,16.409296,107.6779818,58,Moderate,1,27.4,79,0.1,4.2,170,1007.9,100,24.0,24.2,472.0,18.2,25.0,7.8
2025-09-08 23:00:00,2025,9,8,23,Huế,Phường Phú Bài,16.409296,107.6779818,57,Moderate,1,27.1,80,0.0,6.2,210,1007.8,100,22.6,22.8,406.0,17.9,19.0,7.1
2025-09-09 00:00:00,2025,9,9,0,Huế,Phường Phú Bài,16.409296,107.6779818,57,Moderate,1,26.8,82,0.0,5.6,202,1007.6,100,20.4,20.5,304.0,16.6,17.0,5.9
2025-09-09 01:00:00,2025,9,9,1,Huế,Phường Phú Bài,16.409296,107.6779818,57,Moderate,1,26.4,84,0.0,6.1,208,1007.1,100,17.3,17.5,224.0,15.2,15.0,4.9
2025-09-09 02:00:00,2025,9,9,2,Huế,Phường Phú Bài,16.409296,107.6779818,57,Moderate,1,26.2,84,0.0,7.4,209,1006.5,100,15.5,15.6,186.0,13.7,12.0,4.3
2025-09-09 03:00:00,2025,9,9,3,Huế,Phường Phú Bài,16.409296,107.6779818,57,Moderate,1,25.9,86,0.0,6.4,209,1006.1,100,13.5,13.6,169.0,12.0,10.0,3.8
2025-09-09 04:00:00,2025,9,9,4,Huế,Phường Phú Bài,16.409296,107.6779818,57,Moderate,1,25.6,88,0.0,5.4,200,1005.9,100,11.9,12.0,173.0,10.8,9.0,3.7
2025-09-09 05:00:00,2025,9,9,5,Huế,Phường Phú Bài,16.409296,107.6779818,58,Moderate,1,25.4,90,0.0,4.7,220,1006.3,100,10.4,10.5,214.0,10.8,10.0,4.1
2025-09-09 06:00:00,2025,9,9,6,Huế,Phường Phú Bài,16.409296,107.6779818,58,Moderate,1,25.0,91,0.0,6.9,213,1006.5,100,9.6,9.7,275.0,11.2,12.0,4.9
2025-09-09 07:00:00,2025,9,9,7,Huế,Phường Phú Bài,16.409296,107.6779818,58,Moderate,1,26.5,86,0.0,5.8,196,1007.4,100,15.0,15.0,308.0,11.7,30.0,5.7
2025-09-09 08:00:00,2025,9,9,8,Huế,Phường Phú Bài,16.409296,107.6779818,57,Moderate,1,28.2,81,0.0,3.8,229,1008.2,100,12.2,12.3,284.0,9.1,50.0,6.1
2025-09-09 09:00:00,2025,9,9,9,Huế,Phường Phú Bài,16.409296,107.6779818,57,Moderate,1,30.5,66,0.0,2.5,201,1008.5,100,9.6,9.8,231.0,5.5,77.0,6.5
2025-09-09 10:00:00,2025,9,9,10,Huế,Phường Phú Bài,16.409296,107.6779818,57,Moderate,1,30.5,67,0.6,1.5,249,1009.1,100,8.8,9.1,189.0,2.8,98.0,6.7
2025-09-09 11:00:00,2025,9,9,11,Huế,Phường Phú Bài,16.409296,107.6779818,57,Moderate,1,30.7,65,0.0,2.3,141,1008.3,100,8.5,8.9,173.0,1.8,109.0,6.2
2025-09-09 12:00:00,2025,9,9,12,Huế,Phường Phú Bài,16.409296,107.6779818,57,Moderate,1,32.8,58,0.0,2.2,125,1007.2,100,8.6,9.1,168.0,1.6,114.0,5.5
2025-09-09 13:00:00,2025,9,9,13,Huế,Phường Phú Bài,16.409296,107.6779818,56,Moderate,1,33.0,57,0.0,0.8,27,1006.5,100,9.1,9.6,166.0,2.0,115.0,4.9
2025-09-09 14:00:00,2025,9,9,14,Huế,Phường Phú Bài,16.409296,107.6779818,56,Moderate,1,32.6,59,0.0,5.7,79,1005.8,100,10.2,10.8,159.0,2.7,113.0,4.7
2025-09-09 15:00:00,2025,9,9,15,Huế,Phường Phú Bài,16.409296,107.6779818,56,Moderate,1,32.2,61,0.0,10.6,99,1004.9,100,12.2,12.8,155.0,4.0,107.0,4.6
2025-09-09 16:00:00,2025,9,9,16,Huế,Phường Phú Bài,16.409296,107.6779818,56,Moderate,1,31.1,65,0.0,10.5,95,1004.3,100,11.8,12.3,170.0,5.9,96.0,4.9
2025-09-09 17:00:00,2025,9,9,17,Huế,Phường Phú Bài,16.409296,107.6779818,56,Moderate,1,30.4,69,0.0,8.5,103,1005.0,100,11.9,12.2,201.0,9.2,78.0,5.7
2025-09-09 18:00:00,2025,9,9,18,Huế,Phường Phú Bài,16.409296,107.6779818,55,Moderate,1,29.0,76,0.0,5.2,92,1005.9,100,14.3,14.6,250.0,13.2,55.0,6.8
2025-09-09 19:00:00,2025,9,9,19,Huế,Phường Phú Bài,16.409296,107.6779818,55,Moderate,1,28.1,82,0.0,3.1,80,1006.8,99,22.7,23.3,340.0,16.4,92.0,9.6
2025-09-09 20:00:00,2025,9,9,20,Huế,Phường Phú Bài,16.409296,107.6779818,55,Moderate,1,27.9,83,0.0,7.4,181,1008.1,99,26.7,27.2,527.0,16.3,86.0,9.4
2025-09-09 21:00:00,2025,9,9,21,Huế,Phường Phú Bài,16.409296,107.6779818,55,Moderate,1,27.2,86,0.2,6.3,200,1009.2,99,29.3,29.8,754.0,16.1,77.0,9.1
2025-09-09 22:00:00,2025,9,9,22,Huế,Phường Phú Bài,16.409296,107.6779818,56,Moderate,1,26.8,87,0.0,5.2,205,1009.3,99,28.0,28.5,871.0,15.6,68.0,8.5
2025-09-09 23:00:00,2025,9,9,23,Huế,Phường Phú Bài,16.409296,107.6779818,56,Moderate,1,26.5,90,0.0,5.5,232,1009.1,100,26.5,27.0,780.0,14.8,60.0,7.3
2025-09-10 00:00:00,2025,9,10,0,Huế,Phường Phú Bài,16.409296,107.6779818,57,Moderate,1,26.2,92,0.0,6.7,236,1008.7,100,26.2,26.7,579.0,13.7,53.0,5.8
2025-09-10 01:00:00,2025,9,10,1,Huế,Phường Phú Bài,16.409296,107.6779818,57,Moderate,1,26.0,93,0.0,5.4,236,1008.3,100,25.1,25.6,405.0,12.6,46.0,4.7
2025-09-10 02:00:00,2025,9,10,2,Huế,Phường Phú Bài,16.409296,107.6779818,58,Moderate,1,25.9,93,0.0,5.2,250,1008.2,100,23.8,24.2,301.0,11.3,38.0,4.1
2025-09-10 03:00:00,2025,9,10,3,Huế,Phường Phú Bài,16.409296,107.6779818,59,Moderate,1,25.8,94,0.0,4.8,202,1008.2,99,21.9,22.4,225.0,10.0,29.0,3.8
2025-09-10 04:00:00,2025,9,10,4,Huế,Phường Phú Bài,16.409296,107.6779818,59,Moderate,1,25.1,97,0.0,3.5,215,1007.9,100,20.4,20.8,189.0,9.2,25.0,3.9
2025-09-10 05:00:00,2025,9,10,5,Huế,Phường Phú Bài,16.409296,107.6779818,60,Moderate,1,24.7,98,0.0,3.0,197,1007.9,100,20.0,20.3,220.0,9.6,25.0,4.3
2025-09-10 06:00:00,2025,9,10,6,Huế,Phường Phú Bài,16.409296,107.6779818,61,Moderate,1,24.9,98,0.0,3.7,215,1008.6,100,20.8,21.1,291.0,10.5,29.0,5.1
2025-09-10 07:00:00,2025,9,10,7,Huế,Phường Phú Bài,16.409296,107.6779818,62,Moderate,1,26.4,92,0.0,4.2,245,1009.1,100,21.1,21.5,332.0,10.1,43.0,5.5
2025-09-10 08:00:00,2025,9,10,8,Huế,Phường Phú Bài,16.409296,107.6779818,63,Moderate,1,29.1,74,0.0,4.4,212,1009.5,100,19.0,19.8,308.0,8.1,70.0,6.4
2025-09-10 09:00:00,2025,9,10,9,Huế,Phường Phú Bài,16.409296,107.6779818,63,Moderate,1,30.5,67,0.0,1.2,321,1009.6,100,17.1,17.8,255.0,5.2,108.0,7.7
2025-09-10 10:00:00,2025,9,10,10,Huế,Phường Phú Bài,16.409296,107.6779818,64,Moderate,1,31.6,63,0.0,0.0,270,1009.3,100,16.2,16.9,212.0,3.1,137.0,8.3
2025-09-10 11:00:00,2025,9,10,11,Huế,Phường Phú Bài,16.409296,107.6779818,64,Moderate,1,32.8,60,0.0,3.9,24,1008.9,100,15.7,16.2,196.0,2.2,151.0,7.6
2025-09-10 12:00:00,2025,9,10,12,Huế,Phường Phú Bài,16.409296,107.6779818,65,Moderate,1,32.9,63,0.1,8.7,32,1008.2,100,15.3,15.9,190.0,2.0,157.0,6.2
2025-09-10 13:00:00,2025,9,10,13,Huế,Phường Phú Bài,16.409296,107.6779818,66,Moderate,1,31.1,68,1.4,9.6,74,1007.5,99,15.7,16.3,186.0,2.1,156.0,5.1
2025-09-10 14:00:00,2025,9,10,14,Huế,Phường Phú Bài,16.409296,107.6779818,66,Moderate,1,31.9,65,0.0,8.3,90,1006.8,100,16.5,17.3,176.0,2.2,149.0,4.4
2025-09-10 15:00:00,2025,9,10,15,Huế,Phường Phú Bài,16.409296,107.6779818,73,Moderate,1,30.6,72,0.2,2.0,85,1006.4,100,15.7,16.6,167.0,2.6,136.0,3.9
2025-09-10 16:00:00,2025,9,10,16,Huế,Phường Phú Bài,16.409296,107.6779818,93,Moderate,1,29.5,76,3.1,2.8,79,1005.8,100,15.3,16.3,175.0,3.8,120.0,3.9
2025-09-10 17:00:00,2025,9,10,17,Huế,Phường Phú Bài,16.409296,107.6779818,103,Unhealthy for Sensitive Groups,2,29.3,79,0.1,5.5,131,1005.9,99,15.7,16.2,215.0,6.4,101.0,4.7
2025-09-10 18:00:00,2025,9,10,18,Huế,Phường Phú Bài,16.409296,107.6779818,102,Unhealthy for Sensitive Groups,2,28.2,84,0.0,4.9,156,1006.3,92,18.5,18.8,271.0,9.8,78.0,5.9
2025-09-10 19:00:00,2025,9,10,19,Huế,Phường Phú Bài,16.409296,107.6779818,89,Moderate,1,27.6,89,0.0,3.0,205,1007.1,100,21.4,22.2,314.0,13.1,78.0,7.4
2025-09-10 20:00:00,2025,9,10,20,Huế,Phường Phú Bài,16.409296,107.6779818,74,Moderate,1,27.2,86,0.0,4.0,207,1008.3,97,20.7,21.4,331.0,12.7,68.0,7.1
2025-09-10 21:00:00,2025,9,10,21,Huế,Phường Phú Bài,16.409296,107.6779818,68,Moderate,1,26.6,91,0.0,3.4,177,1009.2,99,19.4,20.1,334.0,12.2,54.0,6.7
2025-09-10 22:00:00,2025,9,10,22,Huế,Phường Phú Bài,16.409296,107.6779818,67,Moderate,1,26.2,92,0.0,6.3,160,1009.3,99,19.5,20.0,327.0,11.8,41.0,6.2
2025-09-10 23:00:00,2025,9,10,23,Huế,Phường Phú Bài,16.409296,107.6779818,66,Moderate,1,25.8,91,0.0,5.0,180,1009.3,95,19.3,19.8,307.0,11.8,32.0,5.4
2025-09-11 00:00:00,2025,9,11,0,Huế,Phường Phú Bài,16.409296,107.6779818,65,Moderate,1,25.1,91,0.0,6.1,220,1008.9,97,18.2,18.6,277.0,11.8,24.0,4.6
2025-09-11 01:00:00,2025,9,11,1,Huế,Phường Phú Bài,16.409296,107.6779818,65,Moderate,1,24.6,91,0.0,4.8,225,1008.4,94,16.9,17.2,251.0,11.7,18.0,3.8
2025-09-11 02:00:00,2025,9,11,2,Huế,Phường Phú Bài,16.409296,107.6779818,64,Moderate,1,24.2,92,0.0,6.2,201,1007.8,98,15.8,15.9,230.0,11.1,13.0,3.2
2025-09-11 03:00:00,2025,9,11,3,Huế,Phường Phú Bài,16.409296,107.6779818,63,Moderate,1,24.0,92,0.0,6.6,197,1007.2,100,14.8,14.9,214.0,10.2,9.0,2.8
2025-09-11 04:00:00,2025,9,11,4,Huế,Phường Phú Bài,16.409296,107.6779818,62,Moderate,1,23.9,91,0.0,5.4,201,1007.2,100,13.9,14.0,215.0,9.5,10.0,2.6
2025-09-11 05:00:00,2025,9,11,5,Huế,Phường Phú Bài,16.409296,107.6779818,62,Moderate,1,23.6,92,0.0,6.9,208,1007.4,97,13.2,13.4,251.0,9.2,16.0,2.8
2025-09-11 06:00:00,2025,9,11,6,Huế,Phường Phú Bài,16.409296,107.6779818,61,Moderate,1,23.5,92,0.0,7.7,217,1007.9,53,13.6,13.8,304.0,9.1,26.0,3.4
2025-09-11 07:00:00,2025,9,11,7,Huế,Phường Phú Bài,16.409296,107.6779818,61,Moderate,1,25.6,85,0.0,5.4,240,1008.7,91,10.5,10.5,331.0,7.6,52.0,4.4
2025-09-11 08:00:00,2025,9,11,8,Huế,Phường Phú Bài,16.409296,107.6779818,60,Moderate,1,29.1,75,0.0,2.7,208,1009.3,100,10.8,10.8,304.0,6.2,83.0,5.3
2025-09-11 09:00:00,2025,9,11,9,Huế,Phường Phú Bài,16.409296,107.6779818,59,Moderate,1,31.1,66,0.0,2.3,113,1009.3,99,10.1,10.2,252.0,4.4,126.0,6.4
2025-09-11 10:00:00,2025,9,11,10,Huế,Phường Phú Bài,16.409296,107.6779818,58,Moderate,1,32.5,60,0.0,4.1,77,1008.9,78,10.4,10.6,214.0,2.9,160.0,7.0
2025-09-11 11:00:00,2025,9,11,11,Huế,Phường Phú Bài,16.409296,107.6779818,58,Moderate,1,33.0,57,0.0,7.2,55,1008.6,30,10.9,11.1,213.0,2.3,178.0,6.6
2025-09-11 12:00:00,2025,9,11,12,Huế,Phường Phú Bài,16.409296,107.6779818,57,Moderate,1,33.2,58,0.1,9.2,51,1007.9,23,12.0,12.4,228.0,2.1,188.0,5.6
2025-09-11 13:00:00,2025,9,11,13,Huế,Phường Phú Bài,16.409296,107.6779818,57,Moderate,1,32.5,60,0.1,10.1,65,1007.1,14,13.4,14.0,233.0,2.1,190.0,4.7
2025-09-11 14:00:00,2025,9,11,14,Huế,Phường Phú Bài,16.409296,107.6779818,80,Moderate,1,33.0,58,0.0,11.1,63,1005.8,6,14.3,15.2,209.0,2.0,183.0,4.0
2025-09-11 15:00:00,2025,9,11,15,Huế,Phường Phú Bài,16.409296,107.6779818,113,Unhealthy for Sensitive Groups,2,31.9,63,0.4,13.6,64,1005.8,27,14.1,15.0,175.0,2.0,168.0,3.3
2025-09-11 16:00:00,2025,9,11,16,Huế,Phường Phú Bài,16.409296,107.6779818,138,Unhealthy for Sensitive Groups,2,31.0,67,0.0,11.7,91,1005.6,58,13.2,14.1,167.0,2.9,150.0,3.1
2025-09-11 17:00:00,2025,9,11,17,Huế,Phường Phú Bài,16.409296,107.6779818,152,Unhealthy,3,30.0,69,0.4,10.4,138,1006.1,66,14.5,15.4,209.0,5.3,129.0,3.8
2025-09-11 18:00:00,2025,9,11,18,Huế,Phường Phú Bài,16.409296,107.6779818,152,Unhealthy,3,27.5,82,0.0,9.9,212,1006.7,48,17.5,18.4,277.0,8.6,105.0,4.9
2025-09-11 19:00:00,2025,9,11,19,Huế,Phường Phú Bài,16.409296,107.6779818,141,Unhealthy for Sensitive Groups,2,26.5,82,0.0,6.1,214,1007.2,3,18.5,19.1,333.0,10.8,78.0,5.3
2025-09-11 20:00:00,2025,9,11,20,Huế,Phường Phú Bài,16.409296,107.6779818,120,Unhealthy for Sensitive Groups,2,27.1,92,0.0,4.6,198,1008.7,97,19.4,20.0,367.0,11.1,68.0,5.5
2025-09-11 21:00:00,2025,9,11,21,Huế,Phường Phú Bài,16.409296,107.6779818,94,Moderate,1,26.6,91,0.0,4.1,203,1009.6,65,19.8,20.4,390.0,11.6,54.0,5.7
2025-09-11 22:00:00,2025,9,11,22,Huế,Phường Phú Bài,16.409296,107.6779818,65,Moderate,1,26.1,90,0.0,4.6,198,1009.9,77,19.5,19.8,394.0,11.7,43.0,5.6
2025-09-11 23:00:00,2025,9,11,23,Huế,Phường Phú Bài,16.409296,107.6779818,56,Moderate,1,25.6,90,0.0,6.2,195,1009.7,82,19.1,19.4,370.0,11.4,37.0,5.1
2025-09-12 00:00:00,2025,9,12,0,Huế,Phường Phú Bài,16.409296,107.6779818,56,Moderate,1,25.3,89,0.0,6.5,199,1009.5,14,18.5,18.7,327.0,10.7,33.0,4.3
2025-09-12 01:00:00,2025,9,12,1,Huế,Phường Phú Bài,16.409296,107.6779818,56,Moderate,1,24.8,92,0.0,4.7,196,1008.9,0,18.0,18.2,292.0,10.1,29.0,3.7
2025-09-12 02:00:00,2025,9,12,2,Huế,Phường Phú Bài,16.409296,107.6779818,56,Moderate,1,24.4,93,0.0,5.0,180,1008.0,0,17.9,18.1,271.0,9.4,24.0,3.2
2025-09-12 03:00:00,2025,9,12,3,Huế,Phường Phú Bài,16.409296,107.6779818,56,Moderate,1,24.1,95,0.0,5.1,174,1007.7,0,17.7,17.9,257.0,8.7,20.0,2.8
2025-09-12 04:00:00,2025,9,12,4,Huế,Phường Phú Bài,16.409296,107.6779818,56,Moderate,1,23.6,97,0.0,5.0,193,1007.4,0,17.5,17.6,258.0,8.2,20.0,2.8
2025-09-12 05:00:00,2025,9,12,5,Huế,Phường Phú Bài,16.409296,107.6779818,57,Moderate,1,23.3,98,0.0,4.8,214,1007.5,6,17.5,17.6,289.0,8.3,27.0,3.3
2025-09-12 06:00:00,2025,9,12,6,Huế,Phường Phú Bài,16.409296,107.6779818,57,Moderate,1,23.1,98,0.0,5.8,231,1007.9,15,19.0,19.1,333.0,8.7,39.0,4.1
2025-09-12 07:00:00,2025,9,12,7,Huế,Phường Phú Bài,16.409296,107.6779818,58,Moderate,1,25.5,89,0.0,4.4,238,1008.5,0,14.4,14.8,350.0,7.5,61.0,5.1
2025-09-12 08:00:00,2025,9,12,8,Huế,Phường Phú Bài,16.409296,107.6779818,58,Moderate,1,28.6,78,0.0,1.5,187,1009.5,0,12.6,13.2,311.0,6.1,78.0,4.9
2025-09-12 09:00:00,2025,9,12,9,Huế,Phường Phú Bài,16.409296,107.6779818,58,Moderate,1,30.5,68,0.0,1.3,98,1009.8,5,9.8,10.4,244.0,4.2,102.0,4.6
2025-09-12 10:00:00,2025,9,12,10,Huế,Phường Phú Bài,16.409296,107.6779818,58,Moderate,1,32.0,60,0.0,3.3,54,1009.7,9,8.4,8.9,193.0,2.7,120.0,4.3
2025-09-12 11:00:00,2025,9,12,11,Huế,Phường Phú Bài,16.409296,107.6779818,58,Moderate,1,32.7,58,0.0,8.0,56,1009.2,84,8.1,8.7,177.0,2.0,128.0,3.9
2025-09-12 12:00:00,2025,9,12,12,Huế,Phường Phú Bài,16.409296,107.6779818,58,Moderate,1,32.4,60,0.0,13.1,67,1008.7,54,8.1,8.8,177.0,1.8,132.0,3.4
2025-09-12 13:00:00,2025,9,12,13,Huế,Phường Phú Bài,16.409296,107.6779818,57,Moderate,1,32.1,61,0.0,17.0,72,1007.9,21,8.1,8.9,173.0,1.7,130.0,3.0
2025-09-12 14:00:00,2025,9,12,14,Huế,Phường Phú Bài,16.409296,107.6779818,57,Moderate,1,31.5,62,0.0,19.0,73,1007.2,14,8.2,9.1,155.0,1.5,123.0,2.6
2025-09-12 15:00:00,2025,9,12,15,Huế,Phường Phú Bài,16.409296,107.6779818,56,Moderate,1,30.7,66,0.0,18.4,80,1006.7,0,8.1,9.4,133.0,1.4,112.0,2.2
2025-09-12 16:00:00,2025,9,12,16,Huế,Phường Phú Bài,16.409296,107.6779818,63,Moderate,1,30.0,68,0.0,17.9,85,1006.2,0,8.0,9.7,120.0,2.1,99.0,2.2
2025-09-12 17:00:00,2025,9,12,17,Huế,Phường Phú Bài,16.409296,107.6779818,68,Moderate,1,29.1,71,0.0,17.5,92,1006.2,0,7.2,8.9,119.0,4.0,83.0,2.7
2025-09-12 18:00:00,2025,9,12,18,Huế,Phường Phú Bài,16.409296,107.6779818,64,Moderate,1,28.1,74,0.0,13.7,92,1006.6,0,7.7,9.2,126.0,6.7,64.0,3.5
2025-09-12 19:00:00,2025,9,12,19,Huế,Phường Phú Bài,16.409296,107.6779818,54,Moderate,1,27.8,76,0.0,11.5,94,1007.3,76,14.0,15.7,149.0,9.7,53.0,4.5
2025-09-12 20:00:00,2025,9,12,20,Huế,Phường Phú Bài,16.409296,107.6779818,53,Moderate,1,27.1,80,0.0,5.4,165,1008.6,100,14.8,16.4,200.0,10.2,49.0,4.9
2025-09-12 21:00:00,2025,9,12,21,Huế,Phường Phú Bài,16.409296,107.6779818,53,Moderate,1,26.1,85,0.0,5.2,205,1009.1,82,14.7,16.3,267.0,10.8,44.0,5.4
2025-09-12 22:00:00,2025,9,12,22,Huế,Phường Phú Bài,16.409296,107.6779818,53,Moderate,1,25.2,87,0.0,6.7,216,1009.3,81,15.9,17.5,313.0,11.4,39.0,5.7
2025-09-12 23:00:00,2025,9,12,23,Huế,Phường Phú Bài,16.409296,107.6779818,52,Moderate,1,24.5,88,0.0,5.6,225,1009.4,88,17.2,18.7,323.0,11.8,35.0,5.6
2025-09-13 00:00:00,2025,9,13,0,Huế,Phường Phú Bài,16.409296,107.6779818,52,Moderate,1,23.9,90,0.0,4.5,214,1009.1,67,17.9,19.3,313.0,12.1,31.0,5.3
2025-09-13 01:00:00,2025,9,13,1,Huế,Phường Phú Bài,16.409296,107.6779818,52,Moderate,1,23.4,94,0.0,4.8,214,1008.7,5,19.2,20.5,293.0,12.2,28.0,5.0
2025-09-13 02:00:00,2025,9,13,2,Huế,Phường Phú Bài,16.409296,107.6779818,52,Moderate,1,23.0,96,0.0,6.0,213,1008.2,17,20.0,21.2,256.0,11.9,23.0,4.5
2025-09-13 03:00:00,2025,9,13,3,Huế,Phường Phú Bài,16.409296,107.6779818,52,Moderate,1,22.8,98,0.0,5.6,225,1008.2,1,20.8,21.7,208.0,11.3,18.0,4.0
2025-09-13 04:00:00,2025,9,13,4,Huế,Phường Phú Bài,16.409296,107.6779818,53,Moderate,1,22.6,98,0.0,5.4,222,1008.2,34,22.3,22.9,184.0,10.8,19.0,3.8
2025-09-13 05:00:00,2025,9,13,5,Huế,Phường Phú Bài,16.409296,107.6779818,53,Moderate,1,22.4,98,0.0,6.5,224,1008.5,97,23.5,24.0,211.0,10.6,28.0,4.4
2025-09-13 06:00:00,2025,9,13,6,Huế,Phường Phú Bài,16.409296,107.6779818,54,Moderate,1,22.4,97,0.0,6.9,227,1009.1,90,25.7,26.1,260.0,10.4,41.0,5.4
2025-09-13 07:00:00,2025,9,13,7,Huế,Phường Phú Bài,16.409296,107.6779818,54,Moderate,1,25.3,85,0.0,7.4,206,1009.2,9,20.3,20.8,283.0,8.5,56.0,5.6
2025-09-13 08:00:00,2025,9,13,8,Huế,Phường Phú Bài,16.409296,107.6779818,55,Moderate,1,28.6,72,0.0,5.3,204,1010.6,28,17.4,19.6,247.0,6.7,71.0,5.2
2025-09-13 09:00:00,2025,9,13,9,Huế,Phường Phú Bài,16.409296,107.6779818,55,Moderate,1,30.1,66,0.0,2.7,176,1010.5,40,13.3,16.2,184.0,4.3,91.0,4.6
2025-09-13 10:00:00,2025,9,13,10,Huế,Phường Phú Bài,16.409296,107.6779818,55,Moderate,1,31.5,59,0.0,5.0,71,1010.0,58,12.0,15.0,139.0,2.5,106.0,4.1
2025-09-13 11:00:00,2025,9,13,11,Huế,Phường Phú Bài,16.409296,107.6779818,56,Moderate,1,30.6,68,1.6,10.4,51,1010.1,81,12.0,15.0,134.0,1.9,113.0,3.6
2025-09-13 12:00:00,2025,9,13,12,Huế,Phường Phú Bài,16.409296,107.6779818,56,Moderate,1,30.6,69,0.7,8.5,54,1009.1,79,12.5,15.5,146.0,1.8,114.0,3.1
2025-09-13 13:00:00,2025,9,13,13,Huế,Phường Phú Bài,16.409296,107.6779818,56,Moderate,1,31.2,66,0.0,10.2,44,1008.1,44,13.2,16.2,155.0,2.0,113.0,2.7
2025-09-13 14:00:00,2025,9,13,14,Huế,Phường Phú Bài,16.409296,107.6779818,57,Moderate,1,30.5,65,0.6,11.5,55,1007.3,99,13.6,16.4,146.0,1.9,109.0,2.4
2025-09-13 15:00:00,2025,9,13,15,Huế,Phường Phú Bài,16.409296,107.6779818,57,Moderate,1,30.1,69,0.3,10.2,76,1007.2,85,13.4,15.9,134.0,2.0,101.0,2.3
2025-09-13 16:00:00,2025,9,13,16,Huế,Phường Phú Bài,16.409296,107.6779818,58,Moderate,1,29.8,69,0.0,8.7,94,1006.9,81,13.5,15.9,141.0,3.1,92.0,2.5
2025-09-13 17:00:00,2025,9,13,17,Huế,Phường Phú Bài,16.409296,107.6779818,58,Moderate,1,28.8,73,0.0,7.1,131,1006.6,97,13.1,15.5,178.0,6.4,79.0,3.4
2025-09-13 18:00:00,2025,9,13,18,Huế,Phường Phú Bài,16.409296,107.6779818,59,Moderate,1,27.5,80,0.0,5.1,184,1006.7,99,15.5,17.6,235.0,10.7,64.0,4.8
2025-09-13 19:00:00,2025,9,13,19,Huế,Phường Phú Bài,16.409296,107.6779818,60,Moderate,1,26.5,87,0.0,5.4,206,1007.6,95,16.7,18.2,295.0,18.8,39.0,7.1
2025-09-13 20:00:00,2025,9,13,20,Huế,Phường Phú Bài,16.409296,107.6779818,60,Moderate,1,26.3,92,0.0,5.0,232,1008.8,24,17.3,18.7,369.0,17.8,37.0,7.1
2025-09-13 21:00:00,2025,9,13,21,Huế,Phường Phú Bài,16.409296,107.6779818,60,Moderate,1,25.8,94,0.0,5.1,219,1009.4,17,17.8,19.2,447.0,16.4,35.0,7.2
2025-09-13 22:00:00,2025,9,13,22,Huế,Phường Phú Bài,16.409296,107.6779818,60,Moderate,1,25.4,94,0.0,4.3,208,1010.0,23,18.4,19.8,488.0,15.2,33.0,7.1
2025-09-13 23:00:00,2025,9,13,23,Huế,Phường Phú Bài,16.409296,107.6779818,61,Moderate,1,25.2,94,0.0,3.6,221,1009.9,37,19.4,20.8,463.0,14.5,31.0,6.8
2025-09-14 00:00:00,2025,9,14,0,Huế,Phường Phú Bài,16.409296,107.6779818,61,Moderate,1,25.0,95,0.0,3.6,213,1009.3,97,20.4,21.9,401.0,14.1,30.0,6.4
2025-09-14 01:00:00,2025,9,14,1,Huế,Phường Phú Bài,16.409296,107.6779818,61,Moderate,1,24.6,97,0.0,3.7,209,1008.9,100,20.9,22.3,348.0,13.7,28.0,6.1
2025-09-14 02:00:00,2025,9,14,2,Huế,Phường Phú Bài,16.409296,107.6779818,61,Moderate,1,24.5,98,0.0,2.9,210,1008.3,100,21.1,22.5,318.0,13.2,25.0,5.9
2025-09-14 03:00:00,2025,9,14,3,Huế,Phường Phú Bài,16.409296,107.6779818,61,Moderate,1,24.0,99,0.0,4.1,221,1008.5,100,22.2,23.6,298.0,12.7,21.0,5.7
2025-09-14 04:00:00,2025,9,14,4,Huế,Phường Phú Bài,16.409296,107.6779818,61,Moderate,1,23.8,100,0.0,4.5,230,1008.8,100,23.5,24.8,295.0,12.1,22.0,5.7
2025-09-14 05:00:00,2025,9,14,5,Huế,Phường Phú Bài,16.409296,107.6779818,61,Moderate,1,23.7,99,0.0,7.7,237,1008.9,100,24.9,25.8,327.0,11.5,29.0,6.0
2025-09-14 06:00:00,2025,9,14,6,Huế,Phường Phú Bài,16.409296,107.6779818,62,Moderate,1,24.0,95,0.0,6.1,223,1009.1,100,25.3,25.9,376.0,10.8,40.0,6.6
2025-09-14 07:00:00,2025,9,14,7,Huế,Phường Phú Bài,16.409296,107.6779818,61,Moderate,1,25.9,88,0.0,3.2,227,1009.9,100,36.1,37.0,394.0,16.1,49.0,7.1
2025-09-14 08:00:00,2025,9,14,8,Huế,Phường Phú Bài,16.409296,107.6779818,63,Moderate,1,28.1,78,0.0,4.0,201,1011.0,100,29.1,32.0,348.0,13.3,62.0,7.2
2025-09-14 09:00:00,2025,9,14,9,Huế,Phường Phú Bài,16.409296,107.6779818,64,Moderate,1,29.7,69,0.0,0.9,169,1011.2,100,21.5,24.7,271.0,9.3,82.0,7.3
2025-09-14 10:00:00,2025,9,14,10,Huế,Phường Phú Bài,16.409296,107.6779818,65,Moderate,1,30.7,65,0.1,0.5,90,1010.9,100,19.0,21.9,221.0,6.2,99.0,7.3
2025-09-14 11:00:00,2025,9,14,11,Huế,Phường Phú Bài,16.409296,107.6779818,65,Moderate,1,31.7,63,0.1,3.1,10,1009.9,100,18.6,21.3,229.0,4.5,114.0,7.2
2025-09-14 12:00:00,2025,9,14,12,Huế,Phường Phú Bài,16.409296,107.6779818,66,Moderate,1,31.9,63,0.1,6.7,2,1008.9,100,19.4,22.1,264.0,3.7,128.0,7.0
2025-09-14 13:00:00,2025,9,14,13,Huế,Phường Phú Bài,16.409296,107.6779818,66,Moderate,1,31.7,64,0.3,8.0,20,1007.6,100,18.8,21.3,283.0,3.6,135.0,6.7
2025-09-14 14:00:00,2025,9,14,14,Huế,Phường Phú Bài,16.409296,107.6779818,67,Moderate,1,30.5,69,0.7,8.1,58,1007.0,100,18.3,20.4,261.0,4.5,134.0,6.3
2025-09-14 15:00:00,2025,9,14,15,Huế,Phường Phú Bài,16.409296,107.6779818,67,Moderate,1,29.8,72,0.1,8.1,69,1006.6,100,18.2,19.9,224.0,6.2,128.0,5.8
2025-09-14 16:00:00,2025,9,14,16,Huế,Phường Phú Bài,16.409296,107.6779818,68,Moderate,1,29.5,71,0.0,10.2,77,1006.2,100,19.9,21.2,205.0,8.1,117.0,5.6
2025-09-14 17:00:00,2025,9,14,17,Huế,Phường Phú Bài,16.409296,107.6779818,68,Moderate,1,28.4,78,0.3,8.7,76,1006.8,100,18.6,19.7,223.0,10.2,101.0,5.9
2025-09-14 18:00:00,2025,9,14,18,Huế,Phường Phú Bài,16.409296,107.6779818,70,Moderate,1,27.5,82,0.1,6.5,88,1007.5,100,20.0,20.9,260.0,12.4,81.0,6.4
2025-09-14 19:00:00,2025,9,14,19,Huế,Phường Phú Bài,16.409296,107.6779818,69,Moderate,1,26.5,88,3.3,5.4,53,1008.3,100,18.0,18.5,289.0,15.1,66.0,8.6
2025-09-14 20:00:00,2025,9,14,20,Huế,Phường Phú Bài,16.409296,107.6779818,69,Moderate,1,25.3,96,0.1,6.1,194,1009.7,100,15.0,15.3,299.0,13.8,60.0,8.1
2025-09-14 21:00:00,2025,9,14,21,Huế,Phường Phú Bài,16.409296,107.6779818,69,Moderate,1,25.0,98,0.1,3.9,242,1010.2,100,13.3,13.3,301.0,12.0,51.0,7.5
2025-09-14 22:00:00,2025,9,14,22,Huế,Phường Phú Bài,16.409296,107.6779818,69,Moderate,1,25.0,98,0.0,4.9,197,1010.8,100,13.0,13.0,306.0,10.8,43.0,6.8
2025-09-14 23:00:00,2025,9,14,23,Huế,Phường Phú Bài,16.409296,107.6779818,68,Moderate,1,24.9,94,0.0,6.3,187,1010.4,100,13.8,13.8,322.0,10.9,35.0,6.1
2025-09-15 00:00:00,2025,9,15,0,Huế,Phường Phú Bài,16.409296,107.6779818,68,Moderate,1,24.4,94,0.0,3.9,164,1010.1,100,13.5,13.5,340.0,11.7,28.0,5.4
2025-09-15 01:00:00,2025,9,15,1,Huế,Phường Phú Bài,16.409296,107.6779818,67,Moderate,1,24.1,96,0.0,3.9,152,1009.2,100,13.4,13.4,352.0,12.1,22.0,4.8
2025-09-15 02:00:00,2025,9,15,2,Huế,Phường Phú Bài,16.409296,107.6779818,67,Moderate,1,23.8,98,0.0,4.5,194,1008.5,100,13.3,13.4,348.0,11.7,17.0,4.3
2025-09-15 03:00:00,2025,9,15,3,Huế,Phường Phú Bài,16.409296,107.6779818,66,Moderate,1,23.6,98,0.0,6.1,230,1008.0,100,13.1,13.2,337.0,11.0,13.0,4.0
2025-09-15 04:00:00,2025,9,15,4,Huế,Phường Phú Bài,16.409296,107.6779818,65,Moderate,1,23.6,98,0.0,5.5,238,1008.1,98,13.5,13.5,334.0,10.5,15.0,4.0
2025-09-15 05:00:00,2025,9,15,5,Huế,Phường Phú Bài,16.409296,107.6779818,64,Moderate,1,23.4,99,0.0,3.1,230,1008.4,11,14.3,14.3,356.0,10.7,25.0,4.6
2025-09-15 06:00:00,2025,9,15,6,Huế,Phường Phú Bài,16.409296,107.6779818,63,Moderate,1,23.7,98,0.0,2.0,243,1009.2,10,16.1,16.2,387.0,11.0,40.0,5.5
2025-09-15 07:00:00,2025,9,15,7,Huế,Phường Phú Bài,16.409296,107.6779818,62,Moderate,1,25.3,94,0.0,2.7,222,1009.8,9,15.4,15.8,392.0,9.8,55.0,5.5
2025-09-15 08:00:00,2025,9,15,8,Huế,Phường Phú Bài,16.409296,107.6779818,61,Moderate,1,28.2,81,0.0,3.1,220,1010.3,74,10.5,10.9,346.0,7.7,82.0,5.9
2025-09-15 09:00:00,2025,9,15,9,Huế,Phường Phú Bài,16.409296,107.6779818,59,Moderate,1,30.0,74,0.1,0.9,191,1010.5,21,8.8,9.1,275.0,4.9,118.0,6.5
2025-09-15 10:00:00,2025,9,15,10,Huế,Phường Phú Bài,16.409296,107.6779818,58,Moderate,1,31.1,71,0.2,1.8,66,1010.2,22,8.7,9.1,221.0,2.8,144.0,6.5
2025-09-15 11:00:00,2025,9,15,11,Huế,Phường Phú Bài,16.409296,107.6779818,57,Moderate,1,31.6,69,0.4,5.8,51,1009.8,97,9.3,9.7,205.0,2.1,149.0,5.5
2025-09-15 12:00:00,2025,9,15,12,Huế,Phường Phú Bài,16.409296,107.6779818,56,Moderate,1,29.7,73,2.8,11.5,70,1008.5,89,9.7,10.3,207.0,2.1,143.0,3.9
2025-09-15 13:00:00,2025,9,15,13,Huế,Phường Phú Bài,16.409296,107.6779818,55,Moderate,1,29.0,78,2.6,3.8,87,1008.3,92,10.2,11.0,210.0,2.3,134.0,2.6
2025-09-15 14:00:00,2025,9,15,14,Huế,Phường Phú Bài,16.409296,107.6779818,54,Moderate,1,28.4,80,2.0,7.9,183,1007.7,98,9.8,10.6,207.0,2.2,125.0,1.9
2025-09-15 15:00:00,2025,9,15,15,Huế,Phường Phú Bài,16.409296,107.6779818,69,Moderate,1,27.8,83,0.8,8.5,243,1007.4,99,9.1,9.9,206.0,2.2,112.0,1.5
2025-09-15 16:00:00,2025,9,15,16,Huế,Phường Phú Bài,16.409296,107.6779818,81,Moderate,1,27.9,80,1.7,0.8,207,1007.1,99,7.9,8.7,215.0,3.4,98.0,1.6
2025-09-15 17:00:00,2025,9,15,17,Huế,Phường Phú Bài,16.409296,107.6779818,84,Moderate,1,26.6,89,2.4,5.6,138,1008.0,100,10.0,10.7,241.0,6.9,80.0,2.6
2025-09-15 18:00:00,2025,9,15,18,Huế,Phường Phú Bài,16.409296,107.6779818,76,Moderate,1,25.8,93,0.4,5.1,203,1008.2,100,10.9,11.6,278.0,11.5,59.0,4.2
2025-09-15 19:00:00,2025,9,15,19,Huế,Phường Phú Bài,16.409296,107.6779818,58,Moderate,1,25.2,96,0.0,5.4,210,1008.9,100,18.4,19.4,313.0,17.1,42.0,6.3
2025-09-15 20:00:00,2025,9,15,20,Huế,Phường Phú Bài,16.409296,107.6779818,50,Good,0,25.9,95,0.0,4.7,212,1009.7,97,19.6,20.8,347.0,16.7,39.0,6.3
2025-09-15 21:00:00,2025,9,15,21,Huế,Phường Phú Bài,16.409296,107.6779818,51,Moderate,1,25.5,95,0.0,2.9,223,1010.4,98,19.1,20.2,380.0,16.1,34.0,6.3
2025-09-15 22:00:00,2025,9,15,22,Huế,Phường Phú Bài,16.409296,107.6779818,51,Moderate,1,25.6,95,0.0,1.3,278,1011.0,99,17.9,18.9,394.0,15.8,29.0,6.1
2025-09-15 23:00:00,2025,9,15,23,Huế,Phường Phú Bài,16.409296,107.6779818,52,Moderate,1,25.4,96,0.0,3.1,230,1010.3,62,18.5,19.4,378.0,16.1,24.0,5.6
2025-09-16 00:00:00,2025,9,16,0,Huế,Phường Phú Bài,16.409296,107.6779818,52,Moderate,1,24.8,98,0.0,3.1,239,1010.0,90,20.5,21.1,344.0,16.7,19.0,4.9
2025-09-16 01:00:00,2025,9,16,1,Huế,Phường Phú Bài,16.409296,107.6779818,53,Moderate,1,24.3,99,0.0,2.5,225,1009.3,43,22.2,22.6,312.0,16.8,15.0,4.3
2025-09-16 02:00:00,2025,9,16,2,Huế,Phường Phú Bài,16.409296,107.6779818,53,Moderate,1,23.9,99,0.0,3.5,208,1008.7,78,22.9,23.4,279.0,16.1,12.0,3.9
2025-09-16 03:00:00,2025,9,16,3,Huế,Phường Phú Bài,16.409296,107.6779818,54,Moderate,1,23.8,99,0.0,4.5,223,1008.4,17,23.5,23.9,248.0,15.0,9.0,3.7
2025-09-16 04:00:00,2025,9,16,4,Huế,Phường Phú Bài,16.409296,107.6779818,55,Moderate,1,23.4,100,0.0,4.7,230,1008.0,15,23.1,23.5,242.0,13.7,13.0,3.9
2025-09-16 05:00:00,2025,9,16,5,Huế,Phường Phú Bài,16.409296,107.6779818,56,Moderate,1,23.1,99,0.0,4.6,231,1008.1,96,23.1,23.5,289.0,12.4,26.0,4.9
2025-09-16 06:00:00,2025,9,16,6,Huế,Phường Phú Bài,16.409296,107.6779818,57,Moderate,1,23.1,99,0.0,5.6,220,1008.2,97,24.3,24.8,363.0,11.0,44.0,6.3
2025-09-16 07:00:00,2025,9,16,7,Huế,Phường Phú Bài,16.409296,107.6779818,58,Moderate,1,25.3,91,0.0,4.9,237,1009.0,1,22.8,23.5,403.0,11.8,52.0,4.9
2025-09-16 08:00:00,2025,9,16,8,Huế,Phường Phú Bài,16.409296,107.6779818,58,Moderate,1,28.0,81,0.0,5.0,244,1010.0,100,14.6,16.8,379.0,9.0,66.0,4.7
2025-09-16 09:00:00,2025,9,16,9,Huế,Phường Phú Bài,16.409296,107.6779818,59,Moderate,1,29.6,71,0.0,3.0,287,1010.4,100,12.0,14.2,322.0,5.1,85.0,4.4
2025-09-16 10:00:00,2025,9,16,10,Huế,Phường Phú Bài,16.409296,107.6779818,59,Moderate,1,31.0,67,0.0,4.4,322,1010.0,95,10.3,12.4,269.0,2.2,99.0,4.1
2025-09-16 11:00:00,2025,9,16,11,Huế,Phường Phú Bài,16.409296,107.6779818,59,Moderate,1,31.9,63,0.0,8.3,349,1009.5,18,9.3,11.3,230.0,1.2,102.0,3.6
2025-09-16 12:00:00,2025,9,16,12,Huế,Phường Phú Bài,16.409296,107.6779818,59,Moderate,1,32.0,61,0.0,11.7,11,1008.5,30,8.8,10.9,195.0,1.2,98.0,3.1
2025-09-16 13:00:00,2025,9,16,13,Huế,Phường Phú Bài,16.409296,107.6779818,59,Moderate,1,31.6,59,0.0,13.4,20,1007.1,99,8.1,10.1,166.0,1.4,94.0,2.7
2025-09-16 14:00:00,2025,9,16,14,Huế,Phường Phú Bài,16.409296,107.6779818,59,Moderate,1,31.3,60,0.0,14.7,23,1006.1,58,7.7,9.5,140.0,1.2,90.0,2.4
2025-09-16 15:00:00,2025,9,16,15,Huế,Phường Phú Bài,16.409296,107.6779818,59,Moderate,1,30.6,62,0.2,13.0,19,1005.8,20,7.3,9.1,120.0,1.1,85.0,2.3
2025-09-16 16:00:00,2025,9,16,16,Huế,Phường Phú Bài,16.409296,107.6779818,58,Moderate,1,30.3,63,0.3,11.4,26,1005.7,35,7.0,8.8,117.0,2.1,77.0,2.5
2025-09-16 17:00:00,2025,9,16,17,Huế,Phường Phú Bài,16.409296,107.6779818,58,Moderate,1,29.1,68,0.1,9.1,39,1006.0,51,7.1,9.0,144.0,5.0,65.0,3.4
2025-09-16 18:00:00,2025,9,16,18,Huế,Phường Phú Bài,16.409296,107.6779818,58,Moderate,1,27.5,76,0.1,3.8,90,1006.7,99,8.5,10.2,187.0,9.0,51.0,4.6
2025-09-16 19:00:00,2025,9,16,19,Huế,Phường Phú Bài,16.409296,107.6779818,58,Moderate,1,26.8,82,0.0,3.6,153,1007.6,99,18.6,21.0,219.0,19.0,30.0,7.3
2025-09-16 20:00:00,2025,9,16,20,Huế,Phường Phú Bài,16.409296,107.6779818,58,Moderate,1,26.4,87,3.3,1.5,330,1008.3,100,18.9,21.1,224.0,18.6,28.0,7.5
2025-09-16 21:00:00,2025,9,16,21,Huế,Phường Phú Bài,16.409296,107.6779818,58,Moderate,1,24.9,97,3.4,3.1,80,1009.6,100,19.4,21.3,217.0,17.9,25.0,7.8
2025-09-16 22:00:00,2025,9,16,22,Huế,Phường Phú Bài,16.409296,107.6779818,58,Moderate,1,24.9,99,1.1,4.4,212,1009.5,100,20.0,21.8,218.0,17.2,23.0,7.8
2025-09-16 23:00:00,2025,9,16,23,Huế,Phường Phú Bài,16.409296,107.6779818,58,Moderate,1,24.5,99,0.2,6.8,222,1008.9,100,20.4,22.1,236.0,16.3,21.0,7.4
2025-09-17 00:00:00,2025,9,17,0,Huế,Phường Phú Bài,16.409296,107.6779818,58,Moderate,1,24.2,98,0.0,4.9,213,1008.3,100,18.8,20.3,262.0,15.2,19.0,6.7
2025-09-17 01:00:00,2025,9,17,1,Huế,Phường Phú Bài,16.409296,107.6779818,58,Moderate,1,23.9,100,0.3,4.0,87,1007.7,100,18.5,19.8,281.0,14.3,18.0,6.2
2025-09-17 02:00:00,2025,9,17,2,Huế,Phường Phú Bài,16.409296,107.6779818,58,Moderate,1,23.9,100,0.2,1.3,146,1006.9,100,18.8,20.1,288.0,13.7,16.0,5.9
2025-09-17 03:00:00,2025,9,17,3,Huế,Phường Phú Bài,16.409296,107.6779818,57,Moderate,1,23.9,100,0.1,2.5,300,1006.7,100,19.2,20.4,289.0,13.1,15.0,5.8
2025-09-17 04:00:00,2025,9,17,4,Huế,Phường Phú Bài,16.409296,107.6779818,57,Moderate,1,24.0,99,0.3,4.2,239,1006.2,100,20.3,21.4,291.0,12.4,17.0,5.9
2025-09-17 05:00:00,2025,9,17,5,Huế,Phường Phú Bài,16.409296,107.6779818,57,Moderate,1,23.7,99,0.1,5.2,254,1006.2,100,21.7,22.4,302.0,11.4,26.0,6.4
2025-09-17 06:00:00,2025,9,17,6,Huế,Phường Phú Bài,16.409296,107.6779818,57,Moderate,1,23.8,98,0.0,5.1,252,1006.9,100,21.4,22.1,314.0,10.2,38.0,7.1
2025-09-17 07:00:00,2025,9,17,7,Huế,Phường Phú Bài,16.409296,107.6779818,56,Moderate,1,24.9,94,0.0,5.7,242,1007.6,100,28.4,30.0,315.0,12.0,61.0,7.7
2025-09-17 08:00:00,2025,9,17,8,Huế,Phường Phú Bài,16.409296,107.6779818,57,Moderate,1,26.3,87,0.0,3.1,267,1008.5,100,13.8,16.2,297.0,9.0,68.0,6.8
2025-09-17 09:00:00,2025,9,17,9,Huế,Phường Phú Bài,16.409296,107.6779818,57,Moderate,1,26.8,85,0.2,2.1,340,1009.1,100,11.7,14.2,267.0,4.9,77.0,5.5
2025-09-17 10:00:00,2025,9,17,10,Huế,Phường Phú Bài,16.409296,107.6779818,57,Moderate,1,28.1,79,0.1,4.9,327,1009.0,100,10.1,12.2,236.0,2.0,86.0,4.6
2025-09-17 11:00:00,2025,9,17,11,Huế,Phường Phú Bài,16.409296,107.6779818,57,Moderate,1,29.5,70,0.0,4.9,336,1008.4,100,10.5,11.9,203.0,1.3,94.0,4.3
2025-09-17 12:00:00,2025,9,17,12,Huế,Phường Phú Bài,16.409296,107.6779818,57,Moderate,1,29.3,70,0.1,6.8,18,1007.4,100,10.2,11.1,168.0,1.7,100.0,4.4
2025-09-17 13:00:00,2025,9,17,13,Huế,Phường Phú Bài,16.409296,107.6779818,57,Moderate,1,28.2,77,1.0,7.6,19,1006.4,100,12.8,13.7,143.0,2.2,102.0,4.3
2025-09-17 14:00:00,2025,9,17,14,Huế,Phường Phú Bài,16.409296,107.6779818,57,Moderate,1,27.9,75,0.1,7.7,1,1005.6,100,12.5,13.3,126.0,2.4,95.0,3.8
2025-09-17 15:00:00,2025,9,17,15,Huế,Phường Phú Bài,16.409296,107.6779818,58,Moderate,1,28.2,76,0.0,4.7,332,1005.3,98,12.0,12.8,118.0,2.7,84.0,3.1
2025-09-17 16:00:00,2025,9,17,16,Huế,Phường Phú Bài,16.409296,107.6779818,58,Moderate,1,28.4,76,0.0,3.2,16,1004.9,92,10.3,11.0,140.0,3.6,72.0,2.8
2025-09-17 17:00:00,2025,9,17,17,Huế,Phường Phú Bài,16.409296,107.6779818,59,Moderate,1,27.5,78,0.1,5.0,46,1005.0,100,12.1,13.1,200.0,5.5,62.0,3.3
2025-09-17 18:00:00,2025,9,17,18,Huế,Phường Phú Bài,16.409296,107.6779818,59,Moderate,1,26.2,89,0.4,2.8,108,1005.7,100,14.3,15.2,289.0,8.1,53.0,4.1
2025-09-17 19:00:00,2025,9,17,19,Huế,Phường Phú Bài,16.409296,107.6779818,59,Moderate,1,25.6,95,0.3,2.2,175,1006.4,100,15.2,16.6,400.0,13.1,33.0,4.5
2025-09-17 20:00:00,2025,9,17,20,Huế,Phường Phú Bài,16.409296,107.6779818,59,Moderate,1,25.5,96,0.0,7.1,221,1006.8,100,17.1,18.6,574.0,13.8,30.0,5.0
2025-09-17 21:00:00,2025,9,17,21,Huế,Phường Phú Bài,16.409296,107.6779818,59,Moderate,1,25.0,96,0.0,5.5,224,1007.4,98,18.2,19.3,770.0,14.8,25.0,5.6
2025-09-17 22:00:00,2025,9,17,22,Huế,Phường Phú Bài,16.409296,107.6779818,59,Moderate,1,25.0,96,0.1,3.2,286,1008.1,96,18.6,19.6,862.0,15.4,21.0,5.9
2025-09-17 23:00:00,2025,9,17,23,Huế,Phường Phú Bài,16.409296,107.6779818,59,Moderate,1,24.8,98,0.1,2.2,275,1008.0,100,20.8,21.8,765.0,15.3,19.0,5.7
2025-09-18 00:00:00,2025,9,18,0,Huế,Phường Phú Bài,16.409296,107.6779818,59,Moderate,1,24.8,98,0.1,2.6,245,1007.2,100,20.0,20.7,565.0,14.7,19.0,5.2
2025-09-18 01:00:00,2025,9,18,1,Huế,Phường Phú Bài,16.409296,107.6779818,59,Moderate,1,24.5,99,0.2,6.2,8,1006.8,100,17.8,18.4,392.0,13.8,19.0,4.8
2025-09-18 02:00:00,2025,9,18,2,Huế,Phường Phú Bài,16.409296,107.6779818,59,Moderate,1,24.4,99,0.7,4.3,338,1006.0,100,16.6,17.3,285.0,12.3,20.0,4.6
2025-09-18 03:00:00,2025,9,18,3,Huế,Phường Phú Bài,16.409296,107.6779818,59,Moderate,1,24.4,98,2.0,2.2,279,1005.9,100,16.6,17.3,205.0,10.4,21.0,4.6
2025-09-18 04:00:00,2025,9,18,4,Huế,Phường Phú Bài,16.409296,107.6779818,58,Moderate,1,24.2,94,5.2,1.7,257,1005.6,100,14.3,14.9,163.0,9.0,23.0,4.7
2025-09-18 05:00:00,2025,9,18,5,Huế,Phường Phú Bài,16.409296,107.6779818,58,Moderate,1,24.0,98,5.3,6.0,241,1005.8,100,14.6,15.0,182.0,8.5,26.0,5.1
2025-09-18 06:00:00,2025,9,18,6,Huế,Phường Phú Bài,16.409296,107.6779818,57,Moderate,1,24.0,99,1.8,7.3,250,1006.6,100,15.3,15.5,238.0,8.5,31.0,5.6
2025-09-18 07:00:00,2025,9,18,7,Huế,Phường Phú Bài,16.409296,107.6779818,57,Moderate,1,24.0,98,1.1,7.0,271,1007.2,100,14.8,15.3,277.0,8.6,37.0,6.2
2025-09-18 08:00:00,2025,9,18,8,Huế,Phường Phú Bài,16.409296,107.6779818,56,Moderate,1,24.8,94,0.3,6.9,275,1007.9,100,11.6,12.1,275.0,7.0,46.0,5.9
2025-09-18 09:00:00,2025,9,18,9,Huế,Phường Phú Bài,16.409296,107.6779818,55,Moderate,1,24.9,94,0.4,6.6,259,1008.2,100,9.2,9.8,255.0,4.8,59.0,5.4
2025-09-18 10:00:00,2025,9,18,10,Huế,Phường Phú Bài,16.409296,107.6779818,55,Moderate,1,26.1,89,0.1,5.7,259,1007.9,100,7.6,8.2,231.0,3.0,69.0,4.9
2025-09-18 11:00:00,2025,9,18,11,Huế,Phường Phú Bài,16.409296,107.6779818,55,Moderate,1,27.5,82,0.0,5.9,290,1007.5,100,6.6,7.1,204.0,2.1,74.0,4.1
2025-09-18 12:00:00,2025,9,18,12,Huế,Phường Phú Bài,16.409296,107.6779818,55,Moderate,1,28.8,76,0.0,7.5,323,1006.4,100,5.9,6.4,173.0,1.6,76.0,3.3
2025-09-18 13:00:00,2025,9,18,13,Huế,Phường Phú Bài,16.409296,107.6779818,54,Moderate,1,29.0,77,0.3,9.6,352,1005.0,100,5.7,6.3,147.0,1.6,76.0,2.7
2025-09-18 14:00:00,2025,9,18,14,Huế,Phường Phú Bài,16.409296,107.6779818,54,Moderate,1,29.5,73,0.3,11.2,33,1004.0,59,5.9,6.5,121.0,1.8,75.0,2.6
2025-09-18 15:00:00,2025,9,18,15,Huế,Phường Phú Bài,16.409296,107.6779818,53,Moderate,1,28.4,75,0.9,8.9,29,1003.9,81,6.4,7.2,100.0,2.5,72.0,2.7
2025-09-18 16:00:00,2025,9,18,16,Huế,Phường Phú Bài,16.409296,107.6779818,52,Moderate,1,28.6,77,0.0,7.2,39,1003.6,93,8.4,9.5,115.0,4.3,66.0,3.2
2025-09-18 17:00:00,2025,9,18,17,Huế,Phường Phú Bài,16.409296,107.6779818,52,Moderate,1,27.2,82,0.0,4.7,94,1004.3,97,9.3,10.6,188.0,8.1,56.0,4.1
2025-09-18 18:00:00,2025,9,18,18,Huế,Phường Phú Bài,16.409296,107.6779818,52,Moderate,1,26.0,90,0.1,4.2,220,1005.2,97,12.0,13.2,297.0,13.1,44.0,5.2
2025-09-18 19:00:00,2025,9,18,19,Huế,Phường Phú Bài,16.409296,107.6779818,52,Moderate,1,25.5,94,0.0,6.6,233,1005.8,58,19.8,21.3,400.0,22.4,32.0,8.4
2025-09-18 20:00:00,2025,9,18,20,Huế,Phường Phú Bài,16.409296,107.6779818,52,Moderate,1,25.3,99,0.1,2.3,247,1006.4,90,17.6,18.9,503.0,19.4,32.0,7.4
2025-09-18 21:00:00,2025,9,18,21,Huế,Phường Phú Bài,16.409296,107.6779818,52,Moderate,1,25.0,99,0.2,5.5,216,1007.4,99,15.4,16.5,602.0,15.3,31.0,5.9
2025-09-18 22:00:00,2025,9,18,22,Huế,Phường Phú Bài,16.409296,107.6779818,52,Moderate,1,24.9,98,0.1,4.3,248,1007.8,100,13.0,13.9,640.0,12.2,30.0,4.8
2025-09-18 23:00:00,2025,9,18,23,Huế,Phường Phú Bài,16.409296,107.6779818,52,Moderate,1,24.6,98,0.0,4.1,268,1007.5,100,10.8,11.6,573.0,11.4,27.0,4.2
2025-09-19 00:00:00,2025,9,19,0,Huế,Phường Phú Bài,16.409296,107.6779818,51,Moderate,1,24.5,99,0.1,3.6,252,1007.2,100,11.5,12.2,445.0,11.7,23.0,4.0
2025-09-19 01:00:00,2025,9,19,1,Huế,Phường Phú Bài,16.409296,107.6779818,50,Good,0,24.3,99,0.3,2.5,262,1006.5,100,12.3,12.8,340.0,11.8,20.0,3.9
2025-09-19 02:00:00,2025,9,19,2,Huế,Phường Phú Bài,16.409296,107.6779818,49,Good,0,24.2,100,0.1,4.2,250,1006.0,100,12.2,12.7,285.0,11.2,19.0,4.0
2025-09-19 03:00:00,2025,9,19,3,Huế,Phường Phú Bài,16.409296,107.6779818,48,Good,0,24.1,100,0.0,6.7,251,1005.6,100,12.9,13.4,252.0,10.4,18.0,4.2
2025-09-19 04:00:00,2025,9,19,4,Huế,Phường Phú Bài,16.409296,107.6779818,47,Good,0,24.0,100,0.0,6.0,273,1005.7,100,10.9,11.4,238.0,9.9,20.0,4.6
2025-09-19 05:00:00,2025,9,19,5,Huế,Phường Phú Bài,16.409296,107.6779818,47,Good,0,24.0,100,0.0,5.6,274,1006.0,100,10.0,10.5,251.0,10.2,23.0,5.4
2025-09-19 06:00:00,2025,9,19,6,Huế,Phường Phú Bài,16.409296,107.6779818,46,Good,0,24.0,100,0.0,6.2,262,1006.8,100,12.3,12.8,283.0,10.8,28.0,6.5
2025-09-19 07:00:00,2025,9,19,7,Huế,Phường Phú Bài,16.409296,107.6779818,46,Good,0,25.2,95,0.0,4.4,240,1007.6,100,18.7,19.4,302.0,14.0,45.0,7.5
2025-09-19 08:00:00,2025,9,19,8,Huế,Phường Phú Bài,16.409296,107.6779818,46,Good,0,26.9,90,0.0,6.4,286,1008.4,100,12.6,13.0,296.0,10.8,63.0,7.6
2025-09-19 09:00:00,2025,9,19,9,Huế,Phường Phú Bài,16.409296,107.6779818,46,Good,0,27.8,85,0.2,5.3,303,1008.8,100,9.9,10.3,278.0,6.4,87.0,7.8
2025-09-19 10:00:00,2025,9,19,10,Huế,Phường Phú Bài,16.409296,107.6779818,46,Good,0,28.6,81,0.3,7.0,339,1008.6,100,9.6,10.1,256.0,3.1,104.0,7.3
2025-09-19 11:00:00,2025,9,19,11,Huế,Phường Phú Bài,16.409296,107.6779818,47,Good,0,28.3,81,0.4,6.1,355,1008.2,100,7.8,8.4,229.0,1.9,105.0,5.6
2025-09-19 12:00:00,2025,9,19,12,Huế,Phường Phú Bài,16.409296,107.6779818,47,Good,0,28.8,81,0.3,3.6,327,1007.3,100,8.2,8.7,198.0,1.9,98.0,3.4
2025-09-19 13:00:00,2025,9,19,13,Huế,Phường Phú Bài,16.409296,107.6779818,47,Good,0,29.8,76,0.1,5.4,360,1005.8,100,8.5,9.1,176.0,2.2,91.0,1.9
2025-09-19 14:00:00,2025,9,19,14,Huế,Phường Phú Bài,16.409296,107.6779818,48,Good,0,29.2,77,0.1,4.0,27,1005.2,100,7.9,8.5,163.0,2.1,87.0,1.7
2025-09-19 15:00:00,2025,9,19,15,Huế,Phường Phú Bài,16.409296,107.6779818,48,Good,0,28.8,81,0.4,0.8,333,1004.8,100,7.5,8.2,158.0,2.4,83.0,2.3
2025-09-19 16:00:00,2025,9,19,16,Huế,Phường Phú Bài,16.409296,107.6779818,48,Good,0,27.8,84,5.3,4.2,260,1004.8,100,8.5,9.3,172.0,4.4,77.0,3.6
2025-09-19 17:00:00,2025,9,19,17,Huế,Phường Phú Bài,16.409296,107.6779818,48,Good,0,26.7,89,1.6,5.8,265,1005.1,100,10.6,11.3,217.0,9.4,69.0,5.9
2025-09-19 18:00:00,2025,9,19,18,Huế,Phường Phú Bài,16.409296,107.6779818,49,Good,0,25.5,96,0.5,5.7,229,1005.7,98,14.1,15.0,281.0,16.2,58.0,8.8
2025-09-19 19:00:00,2025,9,19,19,Huế,Phường Phú Bài,16.409296,107.6779818,49,Good,0,25.1,96,0.1,5.7,193,1006.8,99,16.4,17.8,343.0,18.2,42.0,8.1
2025-09-19 20:00:00,2025,9,19,20,Huế,Phường Phú Bài,16.409296,107.6779818,48,Good,0,25.2,98,1.3,3.8,221,1007.4,92,14.1,15.1,407.0,16.1,40.0,7.1
2025-09-19 21:00:00,2025,9,19,21,Huế,Phường Phú Bài,16.409296,107.6779818,48,Good,0,25.1,97,0.0,5.2,174,1007.6,51,10.9,11.4,470.0,13.1,38.0,5.6
2025-09-19 22:00:00,2025,9,19,22,Huế,Phường Phú Bài,16.409296,107.6779818,47,Good,0,24.9,97,0.7,4.4,212,1008.3,79,9.8,10.2,499.0,10.5,37.0,4.4
2025-09-19 23:00:00,2025,9,19,23,Huế,Phường Phú Bài,16.409296,107.6779818,47,Good,0,24.8,98,0.2,5.1,253,1008.1,92,9.4,9.7,469.0,8.5,38.0,3.6
2025-09-20 00:00:00,2025,9,20,0,Huế,Phường Phú Bài,16.409296,107.6779818,46,Good,0,24.5,99,0.0,3.7,223,1007.3,100,7.6,7.9,405.0,6.9,40.0,3.1
2025-09-20 01:00:00,2025,9,20,1,Huế,Phường Phú Bài,16.409296,107.6779818,46,Good,0,24.4,99,0.0,3.5,219,1006.7,100,6.3,6.4,353.0,5.9,40.0,2.8
2025-09-20 02:00:00,2025,9,20,2,Huế,Phường Phú Bài,16.409296,107.6779818,45,Good,0,24.4,99,0.0,6.0,237,1006.4,100,7.3,7.3,329.0,5.7,34.0,2.8
2025-09-20 03:00:00,2025,9,20,3,Huế,Phường Phú Bài,16.409296,107.6779818,44,Good,0,24.3,98,0.0,5.7,246,1005.9,97,8.5,8.5,316.0,6.2,26.0,3.1
2025-09-20 04:00:00,2025,9,20,4,Huế,Phường Phú Bài,16.409296,107.6779818,43,Good,0,24.0,97,0.0,3.8,251,1005.9,25,9.4,9.4,315.0,6.8,22.0,3.5
2025-09-20 05:00:00,2025,9,20,5,Huế,Phường Phú Bài,16.409296,107.6779818,43,Good,0,23.9,98,0.0,3.3,229,1006.3,30,10.4,10.4,336.0,7.8,23.0,4.2
2025-09-20 06:00:00,2025,9,20,6,Huế,Phường Phú Bài,16.409296,107.6779818,43,Good,0,24.0,97,0.0,6.4,230,1006.6,84,12.2,12.3,368.0,8.9,29.0,5.1
2025-09-20 07:00:00,2025,9,20,7,Huế,Phường Phú Bài,16.409296,107.6779818,43,Good,0,25.4,94,0.0,5.2,221,1006.9,83,13.6,13.6,379.0,11.7,31.0,5.9
2025-09-20 08:00:00,2025,9,20,8,Huế,Phường Phú Bài,16.409296,107.6779818,42,Good,0,26.8,92,0.4,4.1,232,1007.5,99,12.7,12.8,351.0,9.1,50.0,5.7
2025-09-20 09:00:00,2025,9,20,9,Huế,Phường Phú Bài,16.409296,107.6779818,42,Good,0,28.5,83,0.1,2.5,278,1007.9,96,9.0,9.1,302.0,5.4,76.0,5.5
2025-09-20 10:00:00,2025,9,20,10,Huế,Phường Phú Bài,16.409296,107.6779818,42,Good,0,30.2,77,0.3,3.1,339,1008.1,83,9.2,9.3,259.0,2.7,97.0,5.2
2025-09-20 11:00:00,2025,9,20,11,Huế,Phường Phú Bài,16.409296,107.6779818,42,Good,0,31.5,72,0.3,5.8,7,1007.2,93,8.8,8.9,230.0,1.6,108.0,4.8
2025-09-20 12:00:00,2025,9,20,12,Huế,Phường Phú Bài,16.409296,107.6779818,42,Good,0,31.4,71,0.4,10.3,12,1006.0,99,8.8,8.8,206.0,1.5,114.0,4.4
2025-09-20 13:00:00,2025,9,20,13,Huế,Phường Phú Bài,16.409296,107.6779818,42,Good,0,28.6,81,8.4,6.1,298,1005.6,100,9.0,9.0,195.0,1.7,115.0,4.1
2025-09-20 14:00:00,2025,9,20,14,Huế,Phường Phú Bài,16.409296,107.6779818,42,Good,0,28.5,81,0.3,5.1,238,1005.0,99,8.2,8.3,193.0,1.9,111.0,3.7
2025-09-20 15:00:00,2025,9,20,15,Huế,Phường Phú Bài,16.409296,107.6779818,42,Good,0,28.9,82,0.2,1.8,169,1004.3,95,8.1,8.3,203.0,2.4,101.0,3.5
2025-09-20 16:00:00,2025,9,20,16,Huế,Phường Phú Bài,16.409296,107.6779818,45,Good,0,29.3,80,0.2,4.5,175,1003.3,43,9.4,9.5,239.0,4.4,90.0,3.8
2025-09-20 17:00:00,2025,9,20,17,Huế,Phường Phú Bài,16.409296,107.6779818,47,Good,0,28.5,82,0.1,6.8,183,1003.2,95,10.5,10.7,322.0,8.9,76.0,5.2
2025-09-20 18:00:00,2025,9,20,18,Huế,Phường Phú Bài,16.409296,107.6779818,47,Good,0,27.2,90,0.0,3.4,177,1003.9,100,13.7,13.9,431.0,14.9,61.0,7.2
2025-09-20 19:00:00,2025,9,20,19,Huế,Phường Phú Bài,16.409296,107.6779818,45,Good,0,26.6,93,0.0,3.8,199,1005.7,99,23.3,23.4,516.0,19.7,71.0,10.4
2025-09-20 20:00:00,2025,9,20,20,Huế,Phường Phú Bài,16.409296,107.6779818,43,Good,0,26.5,94,0.0,3.8,221,1006.4,93,25.6,25.7,567.0,20.0,69.0,11.9
2025-09-20 21:00:00,2025,9,20,21,Huế,Phường Phú Bài,16.409296,107.6779818,45,Good,0,26.1,96,0.0,2.9,210,1007.3,100,27.6,27.7,595.0,20.4,67.0,14.0
2025-09-20 22:00:00,2025,9,20,22,Huế,Phường Phú Bài,16.409296,107.6779818,48,Good,0,26.3,95,0.0,2.9,184,1007.6,100,28.8,28.9,581.0,20.9,62.0,15.2
2025-09-20 23:00:00,2025,9,20,23,Huế,Phường Phú Bài,16.409296,107.6779818,51,Moderate,1,26.0,95,3.0,2.9,169,1007.0,100,31.0,31.1,494.0,22.0,54.0,14.8
2025-09-21 00:00:00,2025,9,21,0,Huế,Phường Phú Bài,16.409296,107.6779818,53,Moderate,1,25.8,97,0.3,2.1,232,1006.5,100,32.4,32.5,365.0,23.3,44.0,13.6
2025-09-21 01:00:00,2025,9,21,1,Huế,Phường Phú Bài,16.409296,107.6779818,55,Moderate,1,25.4,98,0.0,4.4,210,1005.3,100,32.8,32.9,270.0,23.0,36.0,12.0
2025-09-21 02:00:00,2025,9,21,2,Huế,Phường Phú Bài,16.409296,107.6779818,57,Moderate,1,25.0,99,0.0,3.8,199,1004.6,100,28.9,28.9,241.0,19.7,29.0,10.0
2025-09-21 03:00:00,2025,9,21,3,Huế,Phường Phú Bài,16.409296,107.6779818,59,Moderate,1,24.6,99,0.0,3.2,214,1004.1,99,24.3,24.3,246.0,14.9,23.0,7.7
2025-09-21 04:00:00,2025,9,21,4,Huế,Phường Phú Bài,16.409296,107.6779818,61,Moderate,1,24.3,99,0.0,6.0,217,1004.2,100,21.8,21.9,265.0,11.2,22.0,6.0
2025-09-21 05:00:00,2025,9,21,5,Huế,Phường Phú Bài,16.409296,107.6779818,62,Moderate,1,24.0,99,0.0,5.7,224,1004.6,100,19.8,19.9,307.0,10.0,26.0,5.5
2025-09-21 06:00:00,2025,9,21,6,Huế,Phường Phú Bài,16.409296,107.6779818,63,Moderate,1,23.8,96,0.0,8.1,231,1004.9,99,19.9,19.9,364.0,9.8,35.0,5.6
2025-09-21 07:00:00,2025,9,21,7,Huế,Phường Phú Bài,16.409296,107.6779818,63,Moderate,1,25.2,94,0.0,6.5,226,1005.6,100,12.0,12.0,385.0,7.5,50.0,5.6
2025-09-21 08:00:00,2025,9,21,8,Huế,Phường Phú Bài,16.409296,107.6779818,63,Moderate,1,28.3,83,0.0,3.2,207,1006.1,100,11.5,11.5,337.0,6.0,72.0,6.3
2025-09-21 09:00:00,2025,9,21,9,Huế,Phường Phú Bài,16.409296,107.6779818,63,Moderate,1,30.4,71,0.0,2.4,207,1006.3,100,8.4,8.4,254.0,4.0,103.0,7.2
2025-09-21 10:00:00,2025,9,21,10,Huế,Phường Phú Bài,16.409296,107.6779818,63,Moderate,1,32.0,63,0.1,2.1,340,1006.2,100,7.4,7.4,191.0,2.5,126.0,7.6
2025-09-21 11:00:00,2025,9,21,11,Huế,Phường Phú Bài,16.409296,107.6779818,63,Moderate,1,32.5,63,0.1,4.2,5,1006.2,100,7.6,7.6,173.0,2.0,131.0,6.8
2025-09-21 12:00:00,2025,9,21,12,Huế,Phường Phú Bài,16.409296,107.6779818,63,Moderate,1,32.4,67,0.2,8.7,30,1004.3,100,7.7,7.8,175.0,2.0,127.0,5.5
2025-09-21 13:00:00,2025,9,21,13,Huế,Phường Phú Bài,16.409296,107.6779818,63,Moderate,1,31.9,71,2.1,6.0,95,1003.5,100,8.1,8.2,182.0,2.2,127.0,4.7
2025-09-21 14:00:00,2025,9,21,14,Huế,Phường Phú Bài,16.409296,107.6779818,62,Moderate,1,30.6,75,0.6,3.6,300,1003.4,100,10.3,10.5,184.0,2.3,138.0,5.1
2025-09-21 15:00:00,2025,9,21,15,Huế,Phường Phú Bài,16.409296,107.6779818,63,Moderate,1,27.2,88,10.7,14.8,214,1003.7,100,11.6,12.0,190.0,2.6,153.0,6.0
2025-09-21 16:00:00,2025,9,21,16,Huế,Phường Phú Bài,16.409296,107.6779818,74,Moderate,1,27.6,84,0.5,7.8,209,1003.4,98,12.5,13.0,217.0,3.6,156.0,6.7
2025-09-21 17:00:00,2025,9,21,17,Huế,Phường Phú Bài,16.409296,107.6779818,92,Moderate,1,27.5,83,0.2,4.2,211,1003.5,90,12.5,12.8,283.0,5.8,139.0,6.9
2025-09-21 18:00:00,2025,9,21,18,Huế,Phường Phú Bài,16.409296,107.6779818,100,Moderate,1,26.5,91,0.0,4.1,214,1004.4,93,13.9,14.1,370.0,8.7,110.0,6.9
2025-09-21 19:00:00,2025,9,21,19,Huế,Phường Phú Bài,16.409296,107.6779818,96,Moderate,1,26.0,94,0.0,5.6,222,1005.2,97,28.9,29.0,437.0,24.1,64.0,12.2
2025-09-21 20:00:00,2025,9,21,20,Huế,Phường Phú Bài,16.409296,107.6779818,82,Moderate,1,25.0,96,0.0,5.6,213,1005.7,95,35.0,35.2,468.0,26.5,55.0,12.9
2025-09-21 21:00:00,2025,9,21,21,Huế,Phường Phú Bài,16.409296,107.6779818,67,Moderate,1,24.9,97,0.0,4.1,214,1006.5,94,41.1,41.2,481.0,29.6,43.0,13.9
2025-09-21 22:00:00,2025,9,21,22,Huế,Phường Phú Bài,16.409296,107.6779818,66,Moderate,1,24.6,98,0.0,3.5,215,1007.2,100,39.7,39.8,484.0,30.0,35.0,13.9
2025-09-21 23:00:00,2025,9,21,23,Huế,Phường Phú Bài,16.409296,107.6779818,67,Moderate,1,24.6,98,0.0,4.1,225,1007.2,99,31.9,32.0,486.0,25.3,36.0,12.3
2025-09-22 00:00:00,2025,9,22,0,Huế,Phường Phú Bài,16.409296,107.6779818,67,Moderate,1,24.5,98,0.0,4.8,233,1006.4,100,28.1,28.2,480.0,17.8,42.0,9.7
2025-09-22 01:00:00,2025,9,22,1,Huế,Phường Phú Bài,16.409296,107.6779818,67,Moderate,1,24.1,99,0.0,3.2,214,1005.8,100,22.1,22.2,452.0,11.9,45.0,7.6
2025-09-22 02:00:00,2025,9,22,2,Huế,Phường Phú Bài,16.409296,107.6779818,66,Moderate,1,23.9,100,0.0,3.6,221,1005.2,100,19.4,19.6,380.0,9.0,42.0,6.4
2025-09-22 03:00:00,2025,9,22,3,Huế,Phường Phú Bài,16.409296,107.6779818,65,Moderate,1,23.8,99,0.0,5.6,225,1004.6,99,15.5,15.7,286.0,7.6,35.0,5.6
2025-09-22 04:00:00,2025,9,22,4,Huế,Phường Phú Bài,16.409296,107.6779818,64,Moderate,1,23.5,98,0.0,2.8,215,1004.8,100,12.3,12.3,227.0,7.0,31.0,5.1
2025-09-22 05:00:00,2025,9,22,5,Huế,Phường Phú Bài,16.409296,107.6779818,63,Moderate,1,23.5,98,0.0,3.9,236,1005.4,100,12.7,12.8,237.0,7.8,28.0,5.1
2025-09-22 06:00:00,2025,9,22,6,Huế,Phường Phú Bài,16.409296,107.6779818,63,Moderate,1,23.5,98,0.0,5.4,230,1006.1,100,13.3,13.4,281.0,9.5,27.0,5.6
2025-09-22 07:00:00,2025,9,22,7,Huế,Phường Phú Bài,16.409296,107.6779818,62,Moderate,1,25.2,91,0.0,4.5,214,1006.9,99,14.4,14.6,308.0,9.9,43.0,6.7
2025-09-22 08:00:00,2025,9,22,8,Huế,Phường Phú Bài,16.409296,107.6779818,62,Moderate,1,28.2,79,0.0,3.2,227,1007.0,100,12.8,13.0,294.0,7.7,62.0,6.5
2025-09-22 09:00:00,2025,9,22,9,Huế,Phường Phú Bài,16.409296,107.6779818,62,Moderate,1,30.1,72,0.0,0.7,194,1007.3,98,12.8,13.0,263.0,4.6,88.0,6.1
2025-09-22 10:00:00,2025,9,22,10,Huế,Phường Phú Bài,16.409296,107.6779818,63,Moderate,1,31.3,67,0.1,4.0,350,1007.1,100,11.0,11.2,234.0,2.3,107.0,5.6
2025-09-22 11:00:00,2025,9,22,11,Huế,Phường Phú Bài,16.409296,107.6779818,63,Moderate,1,31.9,66,0.1,7.0,3,1006.6,99,10.3,10.5,211.0,1.5,111.0,4.8
2025-09-22 12:00:00,2025,9,22,12,Huế,Phường Phú Bài,16.409296,107.6779818,63,Moderate,1,30.9,71,2.4,12.2,14,1005.1,100,10.1,10.2,189.0,1.4,108.0,3.8
2025-09-22 13:00:00,2025,9,22,13,Huế,Phường Phú Bài,16.409296,107.6779818,64,Moderate,1,30.5,72,1.0,7.0,12,1003.9,100,10.8,10.9,174.0,1.6,104.0,3.0
2025-09-22 14:00:00,2025,9,22,14,Huế,Phường Phú Bài,16.409296,107.6779818,64,Moderate,1,30.8,70,0.5,8.7,343,1003.2,36,10.6,10.8,165.0,1.5,102.0,2.5
2025-09-22 15:00:00,2025,9,22,15,Huế,Phường Phú Bài,16.409296,107.6779818,64,Moderate,1,29.8,76,2.9,5.0,325,1002.7,24,9.5,9.9,163.0,1.6,98.0,2.2
2025-09-22 16:00:00,2025,9,22,16,Huế,Phường Phú Bài,16.409296,107.6779818,64,Moderate,1,29.5,78,0.0,3.8,329,1002.5,100,9.3,9.8,177.0,2.9,92.0,2.4
2025-09-22 17:00:00,2025,9,22,17,Huế,Phường Phú Bài,16.409296,107.6779818,63,Moderate,1,27.3,89,2.1,1.8,294,1003.7,100,9.5,10.0,216.0,6.3,79.0,3.4
2025-09-22 18:00:00,2025,9,22,18,Huế,Phường Phú Bài,16.409296,107.6779818,63,Moderate,1,25.5,98,3.3,2.5,176,1004.7,100,12.8,13.4,270.0,10.9,64.0,4.8
2025-09-22 19:00:00,2025,9,22,19,Huế,Phường Phú Bài,16.409296,107.6779818,63,Moderate,1,25.4,99,0.3,7.3,263,1005.1,24,18.4,18.8,323.0,17.9,59.0,8.7
2025-09-22 20:00:00,2025,9,22,20,Huế,Phường Phú Bài,16.409296,107.6779818,62,Moderate,1,25.3,95,0.0,10.9,220,1005.9,89,14.0,14.1,381.0,15.4,58.0,7.8
2025-09-22 21:00:00,2025,9,22,21,Huế,Phường Phú Bài,16.409296,107.6779818,60,Moderate,1,25.0,94,0.0,8.0,222,1006.7,91,11.5,11.6,436.0,11.9,56.0,6.5
2025-09-22 22:00:00,2025,9,22,22,Huế,Phường Phú Bài,16.409296,107.6779818,58,Moderate,1,24.8,94,0.0,5.8,210,1006.7,98,12.6,12.7,453.0,9.2,53.0,5.4
2025-09-22 23:00:00,2025,9,22,23,Huế,Phường Phú Bài,16.409296,107.6779818,55,Moderate,1,24.6,96,0.0,6.8,215,1006.4,93,12.8,12.9,392.0,8.1,47.0,4.8
2025-09-23 00:00:00,2025,9,23,0,Huế,Phường Phú Bài,16.409296,107.6779818,53,Moderate,1,24.4,96,0.0,5.2,245,1005.9,98,11.8,11.9,292.0,7.9,41.0,4.5
2025-09-23 01:00:00,2025,9,23,1,Huế,Phường Phú Bài,16.409296,107.6779818,52,Moderate,1,24.4,96,0.0,3.7,227,1005.1,100,11.0,11.0,231.0,7.9,34.0,4.3
2025-09-23 02:00:00,2025,9,23,2,Huế,Phường Phú Bài,16.409296,107.6779818,51,Moderate,1,24.2,95,0.0,4.5,230,1004.7,100,11.3,11.3,252.0,8.2,27.0,4.1
2025-09-23 03:00:00,2025,9,23,3,Huế,Phường Phú Bài,16.409296,107.6779818,50,Good,0,24.1,95,0.0,3.0,213,1004.1,100,12.2,12.2,312.0,8.7,21.0,4.0
2025-09-23 04:00:00,2025,9,23,4,Huế,Phường Phú Bài,16.409296,107.6779818,50,Good,0,24.1,95,0.0,1.4,220,1004.0,98,12.6,12.7,358.0,9.0,19.0,4.0
2025-09-23 05:00:00,2025,9,23,5,Huế,Phường Phú Bài,16.409296,107.6779818,50,Good,0,23.9,96,0.0,2.4,216,1004.5,87,10.9,10.9,372.0,9.0,23.0,4.4
2025-09-23 06:00:00,2025,9,23,6,Huế,Phường Phú Bài,16.409296,107.6779818,50,Good,0,24.1,96,0.0,4.5,355,1005.1,95,10.9,10.9,374.0,8.9,31.0,5.0
2025-09-23 07:00:00,2025,9,23,7,Huế,Phường Phú Bài,16.409296,107.6779818,49,Good,0,24.8,93,0.1,5.9,293,1005.5,100,14.1,14.2,365.0,8.2,42.0,5.8
2025-09-23 08:00:00,2025,9,23,8,Huế,Phường Phú Bài,16.409296,107.6779818,49,Good,0,26.0,92,0.1,4.0,273,1006.5,100,10.4,10.5,345.0,6.5,55.0,5.3
2025-09-23 09:00:00,2025,9,23,9,Huế,Phường Phú Bài,16.409296,107.6779818,49,Good,0,27.9,83,0.1,6.7,286,1006.3,100,8.3,8.3,316.0,4.1,73.0,4.5
2025-09-23 10:00:00,2025,9,23,10,Huế,Phường Phú Bài,16.409296,107.6779818,48,Good,0,29.5,77,0.1,8.0,304,1006.0,100,6.4,6.4,285.0,2.3,87.0,3.8
2025-09-23 11:00:00,2025,9,23,11,Huế,Phường Phú Bài,16.409296,107.6779818,47,Good,0,30.6,72,0.1,10.1,301,1004.9,100,4.8,4.8,250.0,1.5,91.0,3.1
2025-09-23 12:00:00,2025,9,23,12,Huế,Phường Phú Bài,16.409296,107.6779818,46,Good,0,31.3,69,0.1,13.0,314,1004.0,99,3.7,3.7,213.0,1.3,91.0,2.5
2025-09-23 13:00:00,2025,9,23,13,Huế,Phường Phú Bài,16.409296,107.6779818,45,Good,0,30.3,70,1.4,13.9,343,1003.2,82,3.6,3.6,192.0,1.4,90.0,2.1
2025-09-23 14:00:00,2025,9,23,14,Huế,Phường Phú Bài,16.409296,107.6779818,44,Good,0,29.0,78,1.7,14.4,336,1002.3,100,3.7,3.8,181.0,1.4,91.0,1.9
2025-09-23 15:00:00,2025,9,23,15,Huế,Phường Phú Bài,16.409296,107.6779818,43,Good,0,29.5,75,0.1,13.8,311,1001.4,100,5.4,5.6,184.0,1.6,92.0,2.0
2025-09-23 16:00:00,2025,9,23,16,Huế,Phường Phú Bài,16.409296,107.6779818,42,Good,0,29.3,75,0.0,10.9,314,1001.0,86,5.8,6.1,236.0,2.9,88.0,2.4
2025-09-23 17:00:00,2025,9,23,17,Huế,Phường Phú Bài,16.409296,107.6779818,41,Good,0,28.8,78,0.0,7.6,317,1001.1,99,7.8,8.0,392.0,6.0,75.0,3.4
2025-09-23 18:00:00,2025,9,23,18,Huế,Phường Phú Bài,16.409296,107.6779818,41,Good,0,27.4,85,0.0,3.1,257,1002.0,100,9.3,9.5,597.0,10.2,57.0,4.7
2025-09-23 19:00:00,2025,9,23,19,Huế,Phường Phú Bài,16.409296,107.6779818,41,Good,0,26.7,89,0.0,4.1,225,1002.7,100,10.9,10.9,712.0,13.7,46.0,6.3
2025-09-23 20:00:00,2025,9,23,20,Huế,Phường Phú Bài,16.409296,107.6779818,39,Good,0,27.1,92,0.0,5.5,212,1003.3,100,14.2,14.2,657.0,16.7,39.0,7.9
2025-09-23 21:00:00,2025,9,23,21,Huế,Phường Phú Bài,16.409296,107.6779818,39,Good,0,26.7,95,0.0,6.7,234,1003.8,100,16.7,16.9,512.0,20.6,28.0,10.0
2025-09-23 22:00:00,2025,9,23,22,Huế,Phường Phú Bài,16.409296,107.6779818,40,Good,0,26.5,93,0.0,7.3,240,1004.3,100,19.6,19.7,389.0,22.6,21.0,11.0
2025-09-23 23:00:00,2025,9,23,23,Huế,Phường Phú Bài,16.409296,107.6779818,41,Good,0,26.5,91,0.0,5.0,249,1004.2,100,19.8,20.0,325.0,20.9,19.0,9.9
2025-09-24 00:00:00,2025,9,24,0,Huế,Phường Phú Bài,16.409296,107.6779818,43,Good,0,25.8,95,0.1,3.1,249,1003.4,100,16.9,17.0,283.0,17.3,20.0,7.6
2025-09-24 01:00:00,2025,9,24,1,Huế,Phường Phú Bài,16.409296,107.6779818,43,Good,0,25.6,96,0.1,3.5,231,1002.7,100,13.3,13.4,254.0,14.0,21.0,5.7
2025-09-24 02:00:00,2025,9,24,2,Huế,Phường Phú Bài,16.409296,107.6779818,44,Good,0,25.5,96,0.0,4.9,231,1001.9,100,11.1,11.2,234.0,11.6,22.0,4.5
2025-09-24 03:00:00,2025,9,24,3,Huế,Phường Phú Bài,16.409296,107.6779818,44,Good,0,24.9,97,0.0,2.9,259,1001.3,100,10.1,10.1,228.0,9.4,23.0,3.7
2025-09-24 04:00:00,2025,9,24,4,Huế,Phường Phú Bài,16.409296,107.6779818,43,Good,0,24.6,98,0.0,3.7,259,1001.8,100,9.1,9.1,245.0,7.9,25.0,3.3
2025-09-24 05:00:00,2025,9,24,5,Huế,Phường Phú Bài,16.409296,107.6779818,43,Good,0,24.5,97,0.0,3.3,248,1001.8,100,8.5,8.5,309.0,7.7,28.0,3.6
2025-09-24 06:00:00,2025,9,24,6,Huế,Phường Phú Bài,16.409296,107.6779818,42,Good,0,24.9,92,0.0,5.5,234,1001.7,100,8.9,8.9,395.0,8.2,33.0,4.3
2025-09-24 07:00:00,2025,9,24,7,Huế,Phường Phú Bài,16.409296,107.6779818,42,Good,0,26.1,88,0.0,6.8,281,1002.4,100,9.5,9.7,442.0,8.2,40.0,5.0
2025-09-24 08:00:00,2025,9,24,8,Huế,Phường Phú Bài,16.409296,107.6779818,41,Good,0,28.9,75,0.0,5.6,268,1002.6,100,7.5,7.5,412.0,6.5,53.0,4.6
2025-09-24 09:00:00,2025,9,24,9,Huế,Phường Phú Bài,16.409296,107.6779818,41,Good,0,30.5,68,0.0,7.0,267,1002.8,100,5.9,6.0,342.0,4.1,71.0,4.1
2025-09-24 10:00:00,2025,9,24,10,Huế,Phường Phú Bài,16.409296,107.6779818,40,Good,0,31.5,65,0.0,8.5,308,1002.6,100,4.4,4.5,279.0,2.3,84.0,3.6
2025-09-24 11:00:00,2025,9,24,11,Huế,Phường Phú Bài,16.409296,107.6779818,40,Good,0,31.0,67,0.5,8.7,294,1002.0,100,3.1,3.1,233.0,1.5,86.0,2.9
2025-09-24 12:00:00,2025,9,24,12,Huế,Phường Phú Bài,16.409296,107.6779818,40,Good,0,32.2,60,0.0,12.1,293,1000.7,100,2.5,2.5,193.0,1.2,83.0,2.1
2025-09-24 13:00:00,2025,9,24,13,Huế,Phường Phú Bài,16.409296,107.6779818,40,Good,0,32.8,59,0.0,17.1,312,999.8,100,2.8,2.8,174.0,1.3,81.0,1.9
2025-09-24 14:00:00,2025,9,24,14,Huế,Phường Phú Bài,16.409296,107.6779818,39,Good,0,28.5,82,3.1,14.2,308,1000.0,100,3.9,4.0,190.0,1.6,85.0,2.5
2025-09-24 15:00:00,2025,9,24,15,Huế,Phường Phú Bài,16.409296,107.6779818,39,Good,0,28.6,77,0.1,17.0,302,999.7,100,6.4,6.5,227.0,2.2,91.0,3.7
2025-09-24 16:00:00,2025,9,24,16,Huế,Phường Phú Bài,16.409296,107.6779818,40,Good,0,28.2,78,0.1,13.0,284,999.6,100,8.5,8.6,262.0,3.7,92.0,4.8
2025-09-24 17:00:00,2025,9,24,17,Huế,Phường Phú Bài,16.409296,107.6779818,40,Good,0,27.7,83,0.0,7.5,235,999.4,100,10.2,10.3,294.0,6.9,83.0,5.7
2025-09-24 18:00:00,2025,9,24,18,Huế,Phường Phú Bài,16.409296,107.6779818,40,Good,0,26.8,90,0.0,6.5,210,1000.2,100,13.4,13.5,323.0,10.8,69.0,6.6
2025-09-24 19:00:00,2025,9,24,19,Huế,Phường Phú Bài,16.409296,107.6779818,41,Good,0,26.1,93,0.0,5.6,201,1000.7,100,17.4,17.8,333.0,11.7,64.0,6.8
2025-09-24 20:00:00,2025,9,24,20,Huế,Phường Phú Bài,16.409296,107.6779818,42,Good,0,27.0,85,0.0,3.9,236,1001.4,100,17.6,17.9,307.0,11.4,57.0,6.8
2025-09-24 21:00:00,2025,9,24,21,Huế,Phường Phú Bài,16.409296,107.6779818,43,Good,0,26.5,91,0.0,3.4,212,1002.0,100,16.7,16.8,260.0,11.0,48.0,6.8
2025-09-24 22:00:00,2025,9,24,22,Huế,Phường Phú Bài,16.409296,107.6779818,43,Good,0,26.2,94,0.0,4.8,193,1002.3,100,15.7,15.7,222.0,10.4,40.0,6.5
2025-09-24 23:00:00,2025,9,24,23,Huế,Phường Phú Bài,16.409296,107.6779818,42,Good,0,26.1,93,0.0,8.4,205,1002.1,100,14.8,14.8,203.0,9.5,35.0,5.7
2025-09-25 00:00:00,2025,9,25,0,Huế,Phường Phú Bài,16.409296,107.6779818,41,Good,0,26.5,86,0.0,12.6,218,1001.4,100,12.3,12.4,193.0,8.5,31.0,4.6
2025-09-25 01:00:00,2025,9,25,1,Huế,Phường Phú Bài,16.409296,107.6779818,41,Good,0,26.8,79,0.0,8.3,229,1000.6,97,10.5,10.6,184.0,7.6,28.0,3.7
2025-09-25 02:00:00,2025,9,25,2,Huế,Phường Phú Bài,16.409296,107.6779818,40,Good,0,25.9,84,0.0,6.9,231,1000.8,100,9.2,9.3,170.0,6.9,26.0,3.3
2025-09-25 03:00:00,2025,9,25,3,Huế,Phường Phú Bài,16.409296,107.6779818,40,Good,0,25.4,86,0.0,6.3,243,1000.5,100,8.9,8.9,157.0,6.4,25.0,3.1
2025-09-25 04:00:00,2025,9,25,4,Huế,Phường Phú Bài,16.409296,107.6779818,40,Good,0,25.0,87,0.0,7.7,240,999.9,99,8.6,8.6,161.0,6.1,26.0,3.0
2025-09-25 05:00:00,2025,9,25,5,Huế,Phường Phú Bài,16.409296,107.6779818,39,Good,0,24.9,87,0.0,7.5,228,1000.3,100,8.1,8.2,202.0,6.4,29.0,3.1
2025-09-25 06:00:00,2025,9,25,6,Huế,Phường Phú Bài,16.409296,107.6779818,39,Good,0,25.0,86,0.0,7.0,235,1001.2,100,7.3,7.3,260.0,7.0,34.0,3.2
2025-09-25 07:00:00,2025,9,25,7,Huế,Phường Phú Bài,16.409296,107.6779818,39,Good,0,27.0,81,0.0,7.6,227,1002.2,100,3.8,3.8,291.0,6.8,42.0,3.9
2025-09-25 08:00:00,2025,9,25,8,Huế,Phường Phú Bài,16.409296,107.6779818,38,Good,0,28.6,76,0.1,14.7,205,1003.0,100,4.4,4.4,268.0,5.9,48.0,3.7
2025-09-25 09:00:00,2025,9,25,9,Huế,Phường Phú Bài,16.409296,107.6779818,38,Good,0,28.5,74,0.1,18.2,207,1003.4,100,3.4,3.5,219.0,4.6,57.0,3.6
2025-09-25 10:00:00,2025,9,25,10,Huế,Phường Phú Bài,16.409296,107.6779818,37,Good,0,29.0,74,0.0,11.8,209,1003.4,100,3.3,3.3,179.0,3.9,63.0,3.6
2025-09-25 11:00:00,2025,9,25,11,Huế,Phường Phú Bài,16.409296,107.6779818,37,Good,0,31.0,66,0.0,13.2,190,1002.9,100,3.6,3.6,164.0,4.1,63.0,4.0
2025-09-25 12:00:00,2025,9,25,12,Huế,Phường Phú Bài,16.409296,107.6779818,37,Good,0,31.1,66,0.0,13.0,202,1002.1,100,4.8,4.8,159.0,4.9,59.0,4.7
2025-09-25 13:00:00,2025,9,25,13,Huế,Phường Phú Bài,16.409296,107.6779818,37,Good,0,30.5,68,0.0,16.6,227,1001.9,100,5.7,5.7,158.0,6.1,57.0,5.4
2025-09-25 14:00:00,2025,9,25,14,Huế,Phường Phú Bài,16.409296,107.6779818,38,Good,0,29.1,74,0.0,12.6,204,1001.5,100,7.2,7.2,150.0,7.5,59.0,6.1
2025-09-25 15:00:00,2025,9,25,15,Huế,Phường Phú Bài,16.409296,107.6779818,39,Good,0,28.5,77,0.1,11.3,211,1001.3,100,9.5,9.5,147.0,9.3,62.0,6.9
2025-09-25 16:00:00,2025,9,25,16,Huế,Phường Phú Bài,16.409296,107.6779818,39,Good,0,28.1,82,0.1,9.6,183,1001.2,100,11.3,11.4,178.0,11.6,61.0,7.6
2025-09-25 17:00:00,2025,9,25,17,Huế,Phường Phú Bài,16.409296,107.6779818,40,Good,0,27.9,85,0.0,5.7,189,1001.8,100,13.0,13.1,283.0,15.2,53.0,8.4
2025-09-25 18:00:00,2025,9,25,18,Huế,Phường Phú Bài,16.409296,107.6779818,40,Good,0,26.8,91,0.0,4.7,187,1002.9,100,15.7,15.7,422.0,19.4,40.0,9.2
2025-09-25 19:00:00,2025,9,25,19,Huế,Phường Phú Bài,16.409296,107.6779818,40,Good,0,26.6,94,0.0,1.5,201,1004.0,100,25.4,25.7,504.0,28.1,39.0,13.0
2025-09-25 20:00:00,2025,9,25,20,Huế,Phường Phú Bài,16.409296,107.6779818,42,Good,0,27.1,97,0.0,6.3,217,1004.8,100,25.6,25.8,474.0,27.0,35.0,12.3
2025-09-25 21:00:00,2025,9,25,21,Huế,Phường Phú Bài,16.409296,107.6779818,43,Good,0,26.9,96,0.0,5.3,262,1005.8,100,25.3,25.5,387.0,25.5,30.0,11.3
2025-09-25 22:00:00,2025,9,25,22,Huế,Phường Phú Bài,16.409296,107.6779818,45,Good,0,25.8,98,1.6,7.7,295,1006.3,100,21.3,21.4,313.0,23.5,26.0,10.0
2025-09-25 23:00:00,2025,9,25,23,Huế,Phường Phú Bài,16.409296,107.6779818,46,Good,0,25.6,97,1.1,2.3,135,1006.7,100,17.9,17.9,279.0,21.0,23.0,8.3
2025-09-26 00:00:00,2025,9,26,0,Huế,Phường Phú Bài,16.409296,107.6779818,46,Good,0,25.0,96,6.6,3.4,245,1006.6,100,16.3,16.4,259.0,18.1,21.0,6.5
2025-09-26 01:00:00,2025,9,26,1,Huế,Phường Phú Bài,16.409296,107.6779818,47,Good,0,24.7,99,0.6,5.6,211,1005.7,100,15.0,15.1,241.0,15.3,20.0,5.0
2025-09-26 02:00:00,2025,9,26,2,Huế,Phường Phú Bài,16.409296,107.6779818,48,Good,0,24.5,99,0.2,4.8,257,1005.5,100,12.4,12.5,218.0,12.4,19.0,4.2
2025-09-26 03:00:00,2025,9,26,3,Huế,Phường Phú Bài,16.409296,107.6779818,48,Good,0,24.4,99,0.2,5.4,220,1005.2,100,8.9,8.9,197.0,9.6,20.0,3.8
2025-09-26 04:00:00,2025,9,26,4,Huế,Phường Phú Bài,16.409296,107.6779818,48,Good,0,24.4,99,0.0,5.2,248,1005.0,100,9.0,9.0,192.0,7.7,23.0,3.8
2025-09-26 05:00:00,2025,9,26,5,Huế,Phường Phú Bài,16.409296,107.6779818,48,Good,0,24.1,98,0.0,2.3,266,1005.9,100,7.7,7.7,215.0,7.3,29.0,4.5
2025-09-26 06:00:00,2025,9,26,6,Huế,Phường Phú Bài,16.409296,107.6779818,48,Good,0,24.4,98,0.0,3.0,295,1006.8,100,8.6,8.6,253.0,7.8,38.0,5.7
2025-09-26 07:00:00,2025,9,26,7,Huế,Phường Phú Bài,16.409296,107.6779818,48,Good,0,25.3,96,0.0,4.1,218,1007.3,100,13.9,14.0,281.0,11.7,43.0,6.2
2025-09-26 08:00:00,2025,9,26,8,Huế,Phường Phú Bài,16.409296,107.6779818,50,Good,0,27.0,88,0.0,3.2,267,1008.0,100,9.5,9.6,289.0,9.0,63.0,6.0
2025-09-26 09:00:00,2025,9,26,9,Huế,Phường Phú Bài,16.409296,107.6779818,51,Moderate,1,28.2,79,0.0,1.2,321,1008.5,100,9.3,9.3,285.0,5.3,90.0,5.8
2025-09-26 10:00:00,2025,9,26,10,Huế,Phường Phú Bài,16.409296,107.6779818,51,Moderate,1,29.0,76,0.1,3.2,16,1008.5,100,9.0,9.0,274.0,2.6,108.0,5.3
2025-09-26 11:00:00,2025,9,26,11,Huế,Phường Phú Bài,16.409296,107.6779818,52,Moderate,1,30.0,72,0.1,2.2,35,1008.0,100,8.2,8.3,250.0,2.0,109.0,4.4
2025-09-26 12:00:00,2025,9,26,12,Huế,Phường Phú Bài,16.409296,107.6779818,52,Moderate,1,28.0,79,6.0,10.2,53,1007.3,100,8.1,8.2,218.0,2.4,102.0,3.2
2025-09-26 13:00:00,2025,9,26,13,Huế,Phường Phú Bài,16.409296,107.6779818,52,Moderate,1,26.6,89,5.1,3.5,78,1007.1,100,7.7,8.0,193.0,2.9,95.0,2.4
2025-09-26 14:00:00,2025,9,26,14,Huế,Phường Phú Bài,16.409296,107.6779818,52,Moderate,1,27.6,88,0.5,6.5,71,1006.2,100,8.0,8.4,180.0,2.8,94.0,2.2
2025-09-26 15:00:00,2025,9,26,15,Huế,Phường Phú Bài,16.409296,107.6779818,53,Moderate,1,28.8,81,0.3,5.9,101,1005.9,100,7.8,8.3,175.0,2.8,93.0,2.4
2025-09-26 16:00:00,2025,9,26,16,Huế,Phường Phú Bài,16.409296,107.6779818,52,Moderate,1,28.3,78,0.2,9.3,81,1006.0,100,6.9,7.4,179.0,4.0,88.0,2.8
2025-09-26 17:00:00,2025,9,26,17,Huế,Phường Phú Bài,16.409296,107.6779818,52,Moderate,1,27.6,80,0.1,10.0,77,1005.9,90,7.5,8.0,199.0,7.7,75.0,3.5
2025-09-26 18:00:00,2025,9,26,18,Huế,Phường Phú Bài,16.409296,107.6779818,52,Moderate,1,26.4,87,0.8,7.0,87,1007.1,100,8.2,8.8,227.0,12.6,59.0,4.5
2025-09-26 19:00:00,2025,9,26,19,Huế,Phường Phú Bài,16.409296,107.6779818,51,Moderate,1,25.6,93,0.3,5.6,107,1007.7,100,19.0,20.4,246.0,18.9,42.0,6.4
2025-09-26 20:00:00,2025,9,26,20,Huế,Phường Phú Bài,16.409296,107.6779818,50,Good,0,24.6,98,3.8,6.7,134,1008.8,100,16.7,18.2,245.0,17.4,40.0,6.1
2025-09-26 21:00:00,2025,9,26,21,Huế,Phường Phú Bài,16.409296,107.6779818,49,Good,0,24.5,99,1.3,5.1,153,1009.3,100,14.2,15.5,234.0,15.3,38.0,5.6
2025-09-26 22:00:00,2025,9,26,22,Huế,Phường Phú Bài,16.409296,107.6779818,47,Good,0,24.4,99,1.8,4.5,227,1009.7,100,15.4,16.7,221.0,13.7,36.0,5.2
2025-09-26 23:00:00,2025,9,26,23,Huế,Phường Phú Bài,16.409296,107.6779818,46,Good,0,24.2,99,0.3,5.7,252,1009.5,100,14.6,15.7,205.0,13.3,34.0,5.0
2025-09-27 00:00:00,2025,9,27,0,Huế,Phường Phú Bài,16.409296,107.6779818,45,Good,0,24.0,98,0.1,5.2,276,1009.2,98,10.7,11.5,186.0,13.5,31.0,4.8
2025-09-27 01:00:00,2025,9,27,1,Huế,Phường Phú Bài,16.409296,107.6779818,44,Good,0,23.7,99,0.7,7.2,235,1008.5,100,10.5,11.4,175.0,13.1,30.0,4.6
2025-09-27 02:00:00,2025,9,27,2,Huế,Phường Phú Bài,16.409296,107.6779818,44,Good,0,23.7,100,0.4,5.7,294,1007.7,100,10.6,11.4,177.0,11.4,31.0,4.3
2025-09-27 03:00:00,2025,9,27,3,Huế,Phường Phú Bài,16.409296,107.6779818,43,Good,0,23.5,99,3.8,1.8,276,1007.8,100,10.4,11.2,186.0,9.1,34.0,4.0
2025-09-27 04:00:00,2025,9,27,4,Huế,Phường Phú Bài,16.409296,107.6779818,44,Good,0,23.3,99,1.9,3.1,114,1008.5,100,8.9,9.7,196.0,7.6,36.0,3.9
2025-09-27 05:00:00,2025,9,27,5,Huế,Phường Phú Bài,16.409296,107.6779818,44,Good,0,23.0,100,3.6,6.9,233,1008.6,100,7.0,7.8,205.0,7.9,36.0,4.2
2025-09-27 06:00:00,2025,9,27,6,Huế,Phường Phú Bài,16.409296,107.6779818,44,Good,0,23.1,99,0.7,6.2,280,1008.2,100,6.1,6.7,214.0,9.0,35.0,4.8
2025-09-27 07:00:00,2025,9,27,7,Huế,Phường Phú Bài,16.409296,107.6779818,43,Good,0,23.2,100,12.1,5.9,258,1008.7,100,13.9,15.8,226.0,14.7,33.0,8.1
2025-09-27 08:00:00,2025,9,27,8,Huế,Phường Phú Bài,16.409296,107.6779818,43,Good,0,24.6,100,1.2,5.8,256,1008.9,100,13.6,15.5,246.0,12.3,34.0,7.0
2025-09-27 09:00:00,2025,9,27,9,Huế,Phường Phú Bài,16.409296,107.6779818,44,Good,0,24.7,100,2.9,9.2,254,1009.9,100,8.9,10.6,267.0,8.9,36.0,5.6
2025-09-27 10:00:00,2025,9,27,10,Huế,Phường Phú Bài,16.409296,107.6779818,44,Good,0,25.1,95,0.6,10.1,275,1009.2,100,8.3,10.3,273.0,6.2,38.0,4.3
2025-09-27 11:00:00,2025,9,27,11,Huế,Phường Phú Bài,16.409296,107.6779818,44,Good,0,26.0,93,0.4,10.1,281,1008.5,100,7.5,9.4,248.0,4.6,41.0,3.5
2025-09-27 12:00:00,2025,9,27,12,Huế,Phường Phú Bài,16.409296,107.6779818,43,Good,0,25.5,93,4.8,11.6,5,1007.7,100,7.6,9.5,206.0,3.5,44.0,2.9
2025-09-27 13:00:00,2025,9,27,13,Huế,Phường Phú Bài,16.409296,107.6779818,43,Good,0,25.3,96,5.2,13.2,39,1006.7,100,7.3,9.6,179.0,3.2,47.0,2.6
2025-09-27 14:00:00,2025,9,27,14,Huế,Phường Phú Bài,16.409296,107.6779818,43,Good,0,26.3,92,1.9,15.3,46,1006.1,100,7.3,9.6,176.0,3.9,49.0,2.5
2025-09-27 15:00:00,2025,9,27,15,Huế,Phường Phú Bài,16.409296,107.6779818,43,Good,0,26.3,87,2.1,15.3,19,1005.2,100,6.4,8.2,187.0,5.2,51.0,2.6
2025-09-27 16:00:00,2025,9,27,16,Huế,Phường Phú Bài,16.409296,107.6779818,43,Good,0,25.5,93,1.2,13.0,346,1004.8,100,7.7,9.5,208.0,6.3,52.0,2.8
2025-09-27 17:00:00,2025,9,27,17,Huế,Phường Phú Bài,16.409296,107.6779818,43,Good,0,24.8,98,0.7,10.8,5,1004.8,100,7.4,9.5,249.0,6.7,53.0,3.1
2025-09-27 18:00:00,2025,9,27,18,Huế,Phường Phú Bài,16.409296,107.6779818,43,Good,0,24.1,98,6.3,9.2,271,1004.4,100,8.5,10.4,301.0,6.9,53.0,3.5
2025-09-27 19:00:00,2025,9,27,19,Huế,Phường Phú Bài,16.409296,107.6779818,43,Good,0,24.2,98,7.7,7.6,297,1004.8,100,7.5,9.3,331.0,7.1,48.0,3.0
2025-09-27 20:00:00,2025,9,27,20,Huế,Phường Phú Bài,16.409296,107.6779818,41,Good,0,23.6,97,8.9,5.8,266,1005.4,100,6.9,8.2,321.0,6.5,49.0,3.0
2025-09-27 21:00:00,2025,9,27,21,Huế,Phường Phú Bài,16.409296,107.6779818,39,Good,0,24.0,97,2.3,5.6,301,1005.7,100,6.4,7.6,289.0,5.6,50.0,3.0
2025-09-27 22:00:00,2025,9,27,22,Huế,Phường Phú Bài,16.409296,107.6779818,38,Good,0,24.6,96,0.3,4.9,352,1005.7,100,5.6,6.6,256.0,4.8,51.0,2.9
2025-09-27 23:00:00,2025,9,27,23,Huế,Phường Phú Bài,16.409296,107.6779818,36,Good,0,24.5,96,6.4,8.8,1,1005.4,100,4.9,5.8,225.0,4.1,53.0,2.8
2025-09-28 00:00:00,2025,9,28,0,Huế,Phường Phú Bài,16.409296,107.6779818,35,Good,0,23.9,98,2.1,13.6,264,1003.5,100,5.2,6.3,193.0,3.5,55.0,2.6
2025-09-28 01:00:00,2025,9,28,1,Huế,Phường Phú Bài,16.409296,107.6779818,34,Good,0,23.5,99,0.8,13.0,288,1002.9,100,5.0,6.2,167.0,3.0,56.0,2.4
2025-09-28 02:00:00,2025,9,28,2,Huế,Phường Phú Bài,16.409296,107.6779818,33,Good,0,23.2,99,1.7,16.5,281,1001.9,100,4.5,5.8,149.0,2.7,55.0,2.2
2025-09-28 03:00:00,2025,9,28,3,Huế,Phường Phú Bài,16.409296,107.6779818,32,Good,0,23.5,99,4.3,19.6,288,1000.8,100,3.6,4.7,137.0,2.5,53.0,2.0
2025-09-28 04:00:00,2025,9,28,4,Huế,Phường Phú Bài,16.409296,107.6779818,31,Good,0,23.4,98,1.8,15.3,287,1000.3,100,2.8,3.7,136.0,2.6,51.0,2.0
2025-09-28 05:00:00,2025,9,28,5,Huế,Phường Phú Bài,16.409296,107.6779818,29,Good,0,23.1,98,6.8,18.4,272,999.6,100,2.6,3.5,155.0,3.2,49.0,2.2
2025-09-28 06:00:00,2025,9,28,6,Huế,Phường Phú Bài,16.409296,107.6779818,29,Good,0,22.9,98,6.1,22.5,266,998.9,100,2.7,3.5,185.0,4.1,46.0,2.6
2025-09-28 07:00:00,2025,9,28,7,Huế,Phường Phú Bài,16.409296,107.6779818,28,Good,0,23.5,97,4.0,22.1,277,998.7,100,2.8,4.0,205.0,3.4,53.0,1.7
2025-09-28 08:00:00,2025,9,28,8,Huế,Phường Phú Bài,16.409296,107.6779818,26,Good,0,24.5,96,1.8,22.4,300,999.2,100,3.0,4.1,206.0,3.3,54.0,1.9
2025-09-28 09:00:00,2025,9,28,9,Huế,Phường Phú Bài,16.409296,107.6779818,24,Good,0,24.4,97,7.9,26.2,294,998.9,100,3.3,4.6,198.0,3.2,56.0,2.1
2025-09-28 10:00:00,2025,9,28,10,Huế,Phường Phú Bài,16.409296,107.6779818,24,Good,0,24.4,97,10.2,30.8,296,997.8,100,3.3,4.5,190.0,3.1,57.0,2.2
2025-09-28 11:00:00,2025,9,28,11,Huế,Phường Phú Bài,16.409296,107.6779818,24,Good,0,25.0,95,4.7,31.7,300,996.2,100,2.9,3.8,183.0,3.0,58.0,2.2
2025-09-28 12:00:00,2025,9,28,12,Huế,Phường Phú Bài,16.409296,107.6779818,25,Good,0,24.8,96,4.5,33.7,290,994.5,100,3.0,3.8,176.0,2.8,59.0,2.1
2025-09-28 13:00:00,2025,9,28,13,Huế,Phường Phú Bài,16.409296,107.6779818,25,Good,0,24.5,96,4.6,31.5,275,993.4,100,2.7,3.3,171.0,2.8,59.0,2.0
2025-09-28 14:00:00,2025,9,28,14,Huế,Phường Phú Bài,16.409296,107.6779818,26,Good,0,24.9,95,5.8,31.2,259,992.5,100,2.3,2.8,172.0,3.0,57.0,1.9
2025-09-28 15:00:00,2025,9,28,15,Huế,Phường Phú Bài,16.409296,107.6779818,26,Good,0,25.1,94,4.2,25.8,236,992.4,100,2.0,2.2,175.0,3.3,54.0,1.7
2025-09-28 16:00:00,2025,9,28,16,Huế,Phường Phú Bài,16.409296,107.6779818,26,Good,0,25.0,94,2.9,19.4,202,992.8,100,1.9,1.9,177.0,3.8,50.0,1.7
2025-09-28 17:00:00,2025,9,28,17,Huế,Phường Phú Bài,16.409296,107.6779818,26,Good,0,24.4,95,7.1,21.1,178,993.7,100,2.5,2.5,174.0,4.9,45.0,2.0
2025-09-28 18:00:00,2025,9,28,18,Huế,Phường Phú Bài,16.409296,107.6779818,25,Good,0,24.4,94,4.0,18.4,171,995.0,100,3.2,3.2,170.0,6.1,40.0,2.5
2025-09-28 19:00:00,2025,9,28,19,Huế,Phường Phú Bài,16.409296,107.6779818,24,Good,0,24.5,93,4.1,23.5,165,995.5,100,4.0,4.1,167.0,5.8,42.0,3.0
2025-09-28 20:00:00,2025,9,28,20,Huế,Phường Phú Bài,16.409296,107.6779818,24,Good,0,23.9,93,2.9,21.5,161,997.5,100,3.8,3.9,167.0,5.6,42.0,2.9
2025-09-28 21:00:00,2025,9,28,21,Huế,Phường Phú Bài,16.409296,107.6779818,23,Good,0,24.1,92,1.7,20.2,169,998.7,100,4.1,4.1,168.0,5.3,41.0,2.9
2025-09-28 22:00:00,2025,9,28,22,Huế,Phường Phú Bài,16.409296,107.6779818,22,Good,0,24.1,93,1.5,11.9,151,999.3,100,4.3,4.4,169.0,5.1,40.0,2.8
2025-09-28 23:00:00,2025,9,28,23,Huế,Phường Phú Bài,16.409296,107.6779818,21,Good,0,24.0,94,1.4,8.0,113,999.8,100,4.5,4.6,171.0,5.2,38.0,2.7
2025-09-29 00:00:00,2025,9,29,0,Huế,Phường Phú Bài,16.409296,107.6779818,20,Good,0,24.0,95,3.4,11.3,76,999.9,100,4.9,5.0,174.0,5.3,35.0,2.6
2025-09-29 01:00:00,2025,9,29,1,Huế,Phường Phú Bài,16.409296,107.6779818,19,Good,0,24.0,97,2.2,15.4,95,1000.1,100,5.5,5.6,176.0,5.5,33.0,2.6
2025-09-29 02:00:00,2025,9,29,2,Huế,Phường Phú Bài,16.409296,107.6779818,18,Good,0,24.0,96,1.7,11.9,119,999.9,100,5.7,5.9,172.0,5.5,31.0,2.6
2025-09-29 03:00:00,2025,9,29,3,Huế,Phường Phú Bài,16.409296,107.6779818,18,Good,0,24.1,96,1.6,12.8,116,999.8,100,5.8,6.0,167.0,5.5,28.0,2.6
2025-09-29 04:00:00,2025,9,29,4,Huế,Phường Phú Bài,16.409296,107.6779818,17,Good,0,24.1,96,1.6,11.1,121,1000.0,100,6.1,6.3,174.0,5.9,27.0,2.8
2025-09-29 05:00:00,2025,9,29,5,Huế,Phường Phú Bài,16.409296,107.6779818,16,Good,0,24.1,96,0.8,10.3,113,1000.1,100,6.4,6.6,209.0,7.1,25.0,3.3
2025-09-29 06:00:00,2025,9,29,6,Huế,Phường Phú Bài,16.409296,107.6779818,16,Good,0,24.2,96,0.4,8.4,110,1001.1,100,6.9,7.0,257.0,8.6,24.0,3.9
2025-09-29 07:00:00,2025,9,29,7,Huế,Phường Phú Bài,16.409296,107.6779818,16,Good,0,25.0,94,0.0,12.9,108,1002.3,100,8.8,8.9,284.0,9.8,29.0,4.4
2025-09-29 08:00:00,2025,9,29,8,Huế,Phường Phú Bài,16.409296,107.6779818,18,Good,0,25.9,91,0.4,10.4,98,1003.7,100,11.3,11.5,273.0,8.3,46.0,4.7
2025-09-29 09:00:00,2025,9,29,9,Huế,Phường Phú Bài,16.409296,107.6779818,19,Good,0,26.5,89,0.1,12.2,103,1004.6,100,11.5,11.8,242.0,6.2,70.0,5.1
2025-09-29 10:00:00,2025,9,29,10,Huế,Phường Phú Bài,16.409296,107.6779818,20,Good,0,28.7,79,0.0,10.3,91,1004.8,100,10.1,10.4,213.0,4.7,88.0,5.3
2025-09-29 11:00:00,2025,9,29,11,Huế,Phường Phú Bài,16.409296,107.6779818,22,Good,0,30.1,72,0.0,7.9,101,1004.7,100,9.3,9.7,192.0,4.3,96.0,5.2
2025-09-29 12:00:00,2025,9,29,12,Huế,Phường Phú Bài,16.409296,107.6779818,23,Good,0,31.6,65,0.0,8.5,136,1004.0,100,8.8,9.2,172.0,4.4,98.0,5.0
2025-09-29 13:00:00,2025,9,29,13,Huế,Phường Phú Bài,16.409296,107.6779818,28,Good,0,32.6,59,0.0,6.2,136,1003.1,100,9.7,10.1,163.0,4.5,100.0,4.8
2025-09-29 14:00:00,2025,9,29,14,Huế,Phường Phú Bài,16.409296,107.6779818,32,Good,0,32.7,57,0.0,5.9,88,1002.5,100,10.4,10.9,168.0,4.3,104.0,4.7
2025-09-29 15:00:00,2025,9,29,15,Huế,Phường Phú Bài,16.409296,107.6779818,37,Good,0,31.6,57,0.0,6.0,139,1002.9,100,11.4,11.8,183.0,4.1,108.0,4.6
2025-09-29 16:00:00,2025,9,29,16,Huế,Phường Phú Bài,16.409296,107.6779818,41,Good,0,30.8,66,0.0,5.6,73,1003.4,100,10.9,11.4,200.0,4.6,107.0,4.7
2025-09-29 17:00:00,2025,9,29,17,Huế,Phường Phú Bài,16.409296,107.6779818,45,Good,0,29.6,76,0.0,4.0,100,1004.1,100,12.2,12.7,216.0,6.6,100.0,5.1
2025-09-29 18:00:00,2025,9,29,18,Huế,Phường Phú Bài,16.409296,107.6779818,46,Good,0,28.2,80,0.0,5.6,117,1005.1,100,13.3,13.8,233.0,9.3,88.0,5.7
2025-09-29 19:00:00,2025,9,29,19,Huế,Phường Phú Bài,16.409296,107.6779818,46,Good,0,28.0,80,0.0,5.8,116,1006.0,100,20.0,20.4,252.0,16.5,56.0,7.3
2025-09-29 20:00:00,2025,9,29,20,Huế,Phường Phú Bài,16.409296,107.6779818,44,Good,0,26.9,85,0.0,5.9,117,1007.1,100,18.3,18.8,277.0,15.0,55.0,6.9
2025-09-29 21:00:00,2025,9,29,21,Huế,Phường Phú Bài,16.409296,107.6779818,42,Good,0,26.6,87,0.0,6.0,134,1008.0,100,16.9,17.3,303.0,12.8,52.0,6.3
2025-09-29 22:00:00,2025,9,29,22,Huế,Phường Phú Bài,16.409296,107.6779818,40,Good,0,26.4,88,0.0,7.0,130,1007.8,100,15.2,15.6,316.0,11.1,48.0,5.6
2025-09-29 23:00:00,2025,9,29,23,Huế,Phường Phú Bài,16.409296,107.6779818,42,Good,0,26.0,90,0.0,6.9,137,1007.8,100,13.7,14.0,308.0,10.2,41.0,4.9
2025-09-30 00:00:00,2025,9,30,0,Huế,Phường Phú Bài,16.409296,107.6779818,44,Good,0,25.6,93,0.0,6.7,153,1007.4,100,12.5,12.7,287.0,9.6,32.0,4.2
2025-09-30 01:00:00,2025,9,30,1,Huế,Phường Phú Bài,16.409296,107.6779818,45,Good,0,25.3,93,0.0,7.1,165,1006.9,100,11.1,11.2,267.0,9.1,24.0,3.6
2025-09-30 02:00:00,2025,9,30,2,Huế,Phường Phú Bài,16.409296,107.6779818,46,Good,0,25.0,93,0.0,6.1,168,1006.6,84,9.6,9.7,248.0,8.4,18.0,3.1
2025-09-30 03:00:00,2025,9,30,3,Huế,Phường Phú Bài,16.409296,107.6779818,47,Good,0,24.5,93,0.0,5.2,158,1006.5,100,8.8,8.9,230.0,7.7,13.0,2.6
2025-09-30 04:00:00,2025,9,30,4,Huế,Phường Phú Bài,16.409296,107.6779818,47,Good,0,24.5,92,0.0,5.1,157,1006.4,100,8.0,8.1,231.0,7.6,10.0,2.5
2025-09-30 05:00:00,2025,9,30,5,Huế,Phường Phú Bài,16.409296,107.6779818,48,Good,0,24.0,94,0.0,4.0,180,1006.7,100,7.5,7.6,277.0,8.9,8.0,2.8
2025-09-30 06:00:00,2025,9,30,6,Huế,Phường Phú Bài,16.409296,107.6779818,48,Good,0,24.0,93,0.0,5.3,198,1007.4,100,8.1,8.2,342.0,10.8,8.0,3.5
2025-09-30 07:00:00,2025,9,30,7,Huế,Phường Phú Bài,16.409296,107.6779818,48,Good,0,26.1,86,0.0,4.6,234,1008.1,100,13.5,13.8,367.0,8.0,42.0,4.8
2025-09-30 08:00:00,2025,9,30,8,Huế,Phường Phú Bài,16.409296,107.6779818,49,Good,0,28.9,77,0.0,2.4,197,1009.2,100,13.1,13.4,310.0,6.6,66.0,5.5
2025-09-30 09:00:00,2025,9,30,9,Huế,Phường Phú Bài,16.409296,107.6779818,49,Good,0,31.4,64,0.0,3.6,139,1009.8,100,12.7,13.2,214.0,4.7,99.0,6.5
2025-09-30 10:00:00,2025,9,30,10,Huế,Phường Phú Bài,16.409296,107.6779818,49,Good,0,32.5,58,0.0,3.8,197,1009.5,100,12.7,13.3,149.0,3.2,125.0,6.9
2025-09-30 11:00:00,2025,9,30,11,Huế,Phường Phú Bài,16.409296,107.6779818,50,Good,0,33.0,59,0.0,0.7,256,1009.2,100,12.7,13.2,152.0,2.6,138.0,6.3
2025-09-30 12:00:00,2025,9,30,12,Huế,Phường Phú Bài,16.409296,107.6779818,50,Good,0,32.0,64,1.8,9.0,60,1008.6,100,13.0,13.8,187.0,2.4,145.0,5.3
2025-09-30 13:00:00,2025,9,30,13,Huế,Phường Phú Bài,16.409296,107.6779818,51,Moderate,1,30.5,69,2.4,9.9,80,1007.8,91,13.1,13.9,214.0,2.5,148.0,4.4
2025-09-30 14:00:00,2025,9,30,14,Huế,Phường Phú Bài,16.409296,107.6779818,51,Moderate,1,29.0,75,4.8,9.0,170,1007.9,84,12.6,13.4,194.0,2.3,149.0,3.9
2025-09-30 15:00:00,2025,9,30,15,Huế,Phường Phú Bài,16.409296,107.6779818,61,Moderate,1,28.2,80,0.2,7.4,247,1007.0,50,12.6,13.5,167.0,2.3,147.0,3.6
2025-09-30 16:00:00,2025,9,30,16,Huế,Phường Phú Bài,16.409296,107.6779818,83,Moderate,1,28.3,80,0.0,6.9,229,1006.9,45,12.6,13.4,207.0,3.7,138.0,3.8
2025-09-30 17:00:00,2025,9,30,17,Huế,Phường Phú Bài,16.409296,107.6779818,98,Moderate,1,28.1,80,0.0,3.6,135,1006.9,31,13.2,14.0,383.0,7.7,118.0,4.8
2025-09-30 18:00:00,2025,9,30,18,Huế,Phường Phú Bài,16.409296,107.6779818,102,Unhealthy for Sensitive Groups,2,26.8,88,0.0,2.3,198,1007.8,95,18.0,18.7,627.0,13.1,91.0,6.2
2025-09-30 19:00:00,2025,9,30,19,Huế,Phường Phú Bài,16.409296,107.6779818,95,Moderate,1,26.1,90,0.0,2.0,265,1008.7,99,26.8,27.9,810.0,20.5,68.0,9.1
2025-09-30 20:00:00,2025,9,30,20,Huế,Phường Phú Bài,16.409296,107.6779818,80,Moderate,1,25.7,94,0.0,1.1,270,1009.6,94,29.6,30.5,884.0,21.3,60.0,9.8
2025-09-30 21:00:00,2025,9,30,21,Huế,Phường Phú Bài,16.409296,107.6779818,62,Moderate,1,25.5,94,0.0,0.8,225,1010.6,99,31.0,31.9,896.0,22.4,49.0,10.8
2025-09-30 22:00:00,2025,9,30,22,Huế,Phường Phú Bài,16.409296,107.6779818,55,Moderate,1,25.0,96,0.0,3.1,225,1011.4,99,29.6,30.4,859.0,22.6,40.0,11.0
2025-09-30 23:00:00,2025,9,30,23,Huế,Phường Phú Bài,16.409296,107.6779818,56,Moderate,1,24.6,98,0.0,6.0,245,1011.7,98,28.6,29.4,755.0,21.2,36.0,9.9
2025-10-01 00:00:00,2025,10,1,0,Huế,Phường Phú Bài,16.409296,107.6779818,57,Moderate,1,24.4,98,0.0,5.3,258,1010.8,100,27.4,28.1,601.0,19.0,34.0,8.0
2025-10-01 01:00:00,2025,10,1,1,Huế,Phường Phú Bài,16.409296,107.6779818,59,Moderate,1,23.8,99,0.0,2.2,166,1010.0,98,25.8,26.5,462.0,16.9,32.0,6.4
2025-10-01 02:00:00,2025,10,1,2,Huế,Phường Phú Bài,16.409296,107.6779818,60,Moderate,1,23.4,100,0.0,4.8,205,1009.2,99,24.3,25.0,349.0,15.3,27.0,5.4
2025-10-01 03:00:00,2025,10,1,3,Huế,Phường Phú Bài,16.409296,107.6779818,61,Moderate,1,23.0,99,0.0,5.1,203,1008.8,99,23.9,24.6,250.0,13.9,21.0,4.7
2025-10-01 04:00:00,2025,10,1,4,Huế,Phường Phú Bài,16.409296,107.6779818,63,Moderate,1,22.6,99,0.0,5.2,226,1009.0,99,22.8,23.3,192.0,12.7,20.0,4.4
2025-10-01 05:00:00,2025,10,1,5,Huế,Phường Phú Bài,16.409296,107.6779818,64,Moderate,1,22.5,98,0.0,3.1,208,1009.6,100,22.1,22.6,203.0,11.8,27.0,4.9
2025-10-01 06:00:00,2025,10,1,6,Huế,Phường Phú Bài,16.409296,107.6779818,65,Moderate,1,22.6,97,0.0,6.8,209,1009.9,99,23.4,23.8,255.0,11.0,39.0,5.8
2025-10-01 07:00:00,2025,10,1,7,Huế,Phường Phú Bài,16.409296,107.6779818,67,Moderate,1,25.5,90,0.0,5.0,193,1010.1,98,32.5,33.5,286.0,10.7,60.0,6.2
2025-10-01 08:00:00,2025,10,1,8,Huế,Phường Phú Bài,16.409296,107.6779818,68,Moderate,1,28.0,79,0.0,2.9,184,1010.6,99,25.6,27.1,263.0,8.4,82.0,5.8
2025-10-01 09:00:00,2025,10,1,9,Huế,Phường Phú Bài,16.409296,107.6779818,69,Moderate,1,29.8,72,0.0,1.9,139,1010.9,100,22.1,23.6,220.0,5.1,113.0,5.2
2025-10-01 10:00:00,2025,10,1,10,Huế,Phường Phú Bài,16.409296,107.6779818,70,Moderate,1,31.0,65,0.0,4.4,97,1010.7,100,18.0,19.6,191.0,2.7,136.0,4.6
2025-10-01 11:00:00,2025,10,1,11,Huế,Phường Phú Bài,16.409296,107.6779818,71,Moderate,1,31.7,64,0.0,6.9,67,1010.0,99,16.1,17.6,199.0,1.9,146.0,4.1
2025-10-01 12:00:00,2025,10,1,12,Huế,Phường Phú Bài,16.409296,107.6779818,71,Moderate,1,31.8,65,0.1,8.6,59,1009.1,95,14.9,16.4,223.0,1.9,148.0,3.6
2025-10-01 13:00:00,2025,10,1,13,Huế,Phường Phú Bài,16.409296,107.6779818,71,Moderate,1,31.4,67,0.1,9.7,56,1008.4,100,14.0,15.5,233.0,2.0,147.0,3.2
2025-10-01 14:00:00,2025,10,1,14,Huế,Phường Phú Bài,16.409296,107.6779818,71,Moderate,1,30.9,70,0.0,11.0,65,1008.0,82,13.0,14.4,212.0,1.8,145.0,2.9
2025-10-01 15:00:00,2025,10,1,15,Huế,Phường Phú Bài,16.409296,107.6779818,74,Moderate,1,30.0,71,0.0,15.0,79,1007.4,7,11.9,13.6,177.0,1.7,140.0,2.8
2025-10-01 16:00:00,2025,10,1,16,Huế,Phường Phú Bài,16.409296,107.6779818,91,Moderate,1,29.3,73,0.0,17.6,79,1007.5,5,11.4,13.9,153.0,2.6,129.0,2.9
2025-10-01 17:00:00,2025,10,1,17,Huế,Phường Phú Bài,16.409296,107.6779818,101,Unhealthy for Sensitive Groups,2,28.2,78,0.0,15.7,79,1007.9,2,10.3,12.5,146.0,5.3,108.0,3.5
2025-10-01 18:00:00,2025,10,1,18,Huế,Phường Phú Bài,16.409296,107.6779818,100,Moderate,1,27.2,82,0.0,13.7,79,1008.6,1,10.5,12.5,150.0,9.0,81.0,4.3
2025-10-01 19:00:00,2025,10,1,19,Huế,Phường Phú Bài,16.409296,107.6779818,89,Moderate,1,27.2,83,0.0,6.6,119,1009.6,54,14.5,16.6,172.0,11.5,71.0,5.3
2025-10-01 20:00:00,2025,10,1,20,Huế,Phường Phú Bài,16.409296,107.6779818,73,Moderate,1,26.5,87,0.1,4.4,173,1010.6,52,14.2,16.2,228.0,11.8,65.0,5.6
2025-10-01 21:00:00,2025,10,1,21,Huế,Phường Phú Bài,16.409296,107.6779818,68,Moderate,1,25.4,91,0.0,5.8,216,1011.4,33,14.7,16.8,301.0,12.2,56.0,6.0
2025-10-01 22:00:00,2025,10,1,22,Huế,Phường Phú Bài,16.409296,107.6779818,66,Moderate,1,24.4,93,0.0,7.0,228,1011.1,52,16.6,18.7,347.0,12.9,48.0,6.2
2025-10-01 23:00:00,2025,10,1,23,Huế,Phường Phú Bài,16.409296,107.6779818,65,Moderate,1,23.7,94,0.0,6.9,239,1011.1,0,19.8,21.7,342.0,14.3,43.0,5.9
2025-10-02 00:00:00,2025,10,2,0,Huế,Phường Phú Bài,16.409296,107.6779818,64,Moderate,1,23.2,96,0.0,4.8,239,1010.9,0,23.6,24.9,309.0,15.9,39.0,5.4
2025-10-02 01:00:00,2025,10,2,1,Huế,Phường Phú Bài,16.409296,107.6779818,64,Moderate,1,24.4,95,0.0,3.1,187,1010.1,5,27.0,28.2,273.0,16.6,35.0,4.9
2025-10-02 02:00:00,2025,10,2,2,Huế,Phường Phú Bài,16.409296,107.6779818,64,Moderate,1,24.2,97,0.0,3.7,219,1010.0,5,29.5,30.5,234.0,15.7,30.0,4.3
2025-10-02 03:00:00,2025,10,2,3,Huế,Phường Phú Bài,16.409296,107.6779818,65,Moderate,1,23.7,98,0.0,5.1,222,1009.6,9,29.1,30.2,193.0,13.9,26.0,3.6
2025-10-02 04:00:00,2025,10,2,4,Huế,Phường Phú Bài,16.409296,107.6779818,65,Moderate,1,23.2,99,0.0,4.4,212,1009.5,49,27.3,28.3,176.0,12.1,28.0,3.5
2025-10-02 05:00:00,2025,10,2,5,Huế,Phường Phú Bài,16.409296,107.6779818,65,Moderate,1,22.9,100,0.0,5.9,220,1010.1,92,26.5,27.5,210.0,10.5,39.0,4.3
2025-10-02 06:00:00,2025,10,2,6,Huế,Phường Phú Bài,16.409296,107.6779818,66,Moderate,1,22.8,99,0.0,6.5,214,1011.0,12,28.2,29.0,269.0,8.8,55.0,5.6
2025-10-02 07:00:00,2025,10,2,7,Huế,Phường Phú Bài,16.409296,107.6779818,66,Moderate,1,25.4,88,0.0,5.3,213,1011.7,3,11.5,12.0,299.0,7.2,59.0,5.2
2025-10-02 08:00:00,2025,10,2,8,Huế,Phường Phú Bài,16.409296,107.6779818,64,Moderate,1,27.8,79,0.0,3.0,205,1012.1,6,8.3,9.0,268.0,5.7,69.0,4.8
2025-10-02 09:00:00,2025,10,2,9,Huế,Phường Phú Bài,16.409296,107.6779818,63,Moderate,1,29.3,69,0.0,2.3,148,1012.3,6,6.4,7.0,207.0,3.7,84.0,4.3
2025-10-02 10:00:00,2025,10,2,10,Huế,Phường Phú Bài,16.409296,107.6779818,61,Moderate,1,30.5,62,0.0,1.8,114,1011.7,15,5.5,6.1,161.0,2.1,95.0,3.8
2025-10-02 11:00:00,2025,10,2,11,Huế,Phường Phú Bài,16.409296,107.6779818,60,Moderate,1,31.5,59,0.0,3.9,37,1011.0,28,5.6,6.1,147.0,1.5,101.0,3.4
2025-10-02 12:00:00,2025,10,2,12,Huế,Phường Phú Bài,16.409296,107.6779818,59,Moderate,1,31.5,59,0.0,9.0,33,1010.1,30,5.8,6.5,147.0,1.4,104.0,3.1
2025-10-02 13:00:00,2025,10,2,13,Huế,Phường Phú Bài,16.409296,107.6779818,59,Moderate,1,30.6,61,0.1,12.1,33,1009.6,13,6.0,6.7,148.0,1.4,104.0,2.9
2025-10-02 14:00:00,2025,10,2,14,Huế,Phường Phú Bài,16.409296,107.6779818,58,Moderate,1,30.4,62,0.0,11.2,38,1009.0,7,5.9,6.6,143.0,0.9,100.0,2.5
2025-10-02 15:00:00,2025,10,2,15,Huế,Phường Phú Bài,16.409296,107.6779818,57,Moderate,1,30.0,65,0.0,11.2,50,1008.6,24,5.7,6.7,138.0,0.6,93.0,2.2
2025-10-02 16:00:00,2025,10,2,16,Huế,Phường Phú Bài,16.409296,107.6779818,57,Moderate,1,29.1,69,0.0,10.3,57,1008.5,15,6.0,7.5,145.0,2.0,84.0,2.5
2025-10-02 17:00:00,2025,10,2,17,Huế,Phường Phú Bài,16.409296,107.6779818,56,Moderate,1,28.1,74,0.0,7.7,59,1008.7,7,6.2,7.8,169.0,6.5,71.0,3.8
2025-10-02 18:00:00,2025,10,2,18,Huế,Phường Phú Bài,16.409296,107.6779818,56,Moderate,1,26.8,81,0.0,4.4,78,1009.1,2,8.8,10.3,204.0,12.7,55.0,5.8
2025-10-02 19:00:00,2025,10,2,19,Huế,Phường Phú Bài,16.409296,107.6779818,56,Moderate,1,26.6,83,0.0,3.7,119,1009.6,4,13.8,15.8,241.0,15.4,44.0,6.7
2025-10-02 20:00:00,2025,10,2,20,Huế,Phường Phú Bài,16.409296,107.6779818,56,Moderate,1,26.5,84,0.0,3.3,151,1010.1,21,18.4,20.6,287.0,17.4,41.0,8.0
2025-10-02 21:00:00,2025,10,2,21,Huế,Phường Phú Bài,16.409296,107.6779818,56,Moderate,1,26.1,84,0.0,4.0,185,1010.6,20,20.6,22.7,336.0,20.1,36.0,9.7
2025-10-02 22:00:00,2025,10,2,22,Huế,Phường Phú Bài,16.409296,107.6779818,57,Moderate,1,25.6,86,0.0,6.3,219,1010.6,16,20.4,22.6,358.0,21.8,33.0,10.8
2025-10-02 23:00:00,2025,10,2,23,Huế,Phường Phú Bài,16.409296,107.6779818,57,Moderate,1,25.1,88,0.0,6.1,227,1010.5,17,20.8,23.1,331.0,21.5,32.0,10.5
2025-10-03 00:00:00,2025,10,3,0,Huế,Phường Phú Bài,16.409296,107.6779818,57,Moderate,1,24.6,90,0.0,5.9,220,1010.1,31,22.0,24.1,278.0,20.3,31.0,9.4
2025-10-03 01:00:00,2025,10,3,1,Huế,Phường Phú Bài,16.409296,107.6779818,57,Moderate,1,25.1,91,0.1,2.4,167,1009.6,17,19.8,21.0,240.0,19.0,30.0,8.6
2025-10-03 02:00:00,2025,10,3,2,Huế,Phường Phú Bài,16.409296,107.6779818,56,Moderate,1,25.0,93,0.0,1.7,139,1009.3,36,20.8,21.9,232.0,18.3,26.0,8.3
2025-10-03 03:00:00,2025,10,3,3,Huế,Phường Phú Bài,16.409296,107.6779818,55,Moderate,1,24.7,94,0.0,2.0,207,1009.2,27,21.0,21.9,240.0,17.7,23.0,8.2
2025-10-03 04:00:00,2025,10,3,4,Huế,Phường Phú Bài,16.409296,107.6779818,55,Moderate,1,24.2,97,0.0,3.4,223,1009.2,5,18.5,19.3,260.0,16.4,24.0,8.2
2025-10-03 05:00:00,2025,10,3,5,Huế,Phường Phú Bài,16.409296,107.6779818,54,Moderate,1,23.6,98,0.0,4.6,228,1009.4,5,18.6,19.3,308.0,14.1,35.0,8.4
2025-10-03 06:00:00,2025,10,3,6,Huế,Phường Phú Bài,16.409296,107.6779818,53,Moderate,1,23.4,98,0.0,6.4,225,1010.1,2,21.7,22.4,368.0,11.2,51.0,8.7
2025-10-03 07:00:00,2025,10,3,7,Huế,Phường Phú Bài,16.409296,107.6779818,53,Moderate,1,25.5,86,0.0,3.8,197,1010.8,8,13.6,14.5,389.0,7.2,65.0,8.1
2025-10-03 08:00:00,2025,10,3,8,Huế,Phường Phú Bài,16.409296,107.6779818,53,Moderate,1,28.1,75,0.0,2.9,169,1011.4,7,11.7,13.7,331.0,5.7,72.0,6.9
2025-10-03 09:00:00,2025,10,3,9,Huế,Phường Phú Bài,16.409296,107.6779818,53,Moderate,1,29.5,68,0.0,4.2,100,1011.7,9,9.4,11.6,233.0,3.5,81.0,5.3
2025-10-03 10:00:00,2025,10,3,10,Huế,Phường Phú Bài,16.409296,107.6779818,53,Moderate,1,30.6,66,0.0,6.0,93,1011.4,14,7.8,9.7,160.0,1.9,88.0,4.0
2025-10-03 11:00:00,2025,10,3,11,Huế,Phường Phú Bài,16.409296,107.6779818,54,Moderate,1,31.5,64,0.0,7.6,76,1010.8,20,7.1,8.8,141.0,1.3,92.0,3.4
2025-10-03 12:00:00,2025,10,3,12,Huế,Phường Phú Bài,16.409296,107.6779818,54,Moderate,1,31.4,65,0.0,10.3,63,1009.6,16,7.0,8.6,147.0,1.2,95.0,3.1
2025-10-03 13:00:00,2025,10,3,13,Huế,Phường Phú Bài,16.409296,107.6779818,54,Moderate,1,30.5,66,0.0,11.4,55,1009.0,27,7.0,8.6,152.0,1.3,95.0,2.9
2025-10-03 14:00:00,2025,10,3,14,Huế,Phường Phú Bài,16.409296,107.6779818,54,Moderate,1,30.9,64,0.0,11.1,56,1008.2,47,7.1,8.8,144.0,1.0,93.0,2.5
2025-10-03 15:00:00,2025,10,3,15,Huế,Phường Phú Bài,16.409296,107.6779818,54,Moderate,1,30.1,68,0.0,11.4,53,1007.9,60,6.8,8.5,136.0,0.8,88.0,2.2
2025-10-03 16:00:00,2025,10,3,16,Huế,Phường Phú Bài,16.409296,107.6779818,54,Moderate,1,29.1,71,0.8,9.6,53,1008.2,95,6.4,8.0,141.0,2.2,81.0,2.5
2025-10-03 17:00:00,2025,10,3,17,Huế,Phường Phú Bài,16.409296,107.6779818,54,Moderate,1,28.0,78,0.3,6.3,72,1008.6,96,6.2,7.8,164.0,6.7,68.0,3.8
2025-10-03 18:00:00,2025,10,3,18,Huế,Phường Phú Bài,16.409296,107.6779818,54,Moderate,1,26.7,89,0.0,3.1,103,1009.0,67,8.4,9.8,199.0,12.7,52.0,5.6
2025-10-03 19:00:00,2025,10,3,19,Huế,Phường Phú Bài,16.409296,107.6779818,54,Moderate,1,26.6,89,0.0,2.2,204,1009.6,75,15.0,16.6,245.0,17.6,34.0,6.9
2025-10-03 20:00:00,2025,10,3,20,Huế,Phường Phú Bài,16.409296,107.6779818,54,Moderate,1,26.5,92,0.0,4.2,205,1010.6,73,14.9,16.4,317.0,17.3,31.0,7.0
2025-10-03 21:00:00,2025,10,3,21,Huế,Phường Phú Bài,16.409296,107.6779818,54,Moderate,1,26.0,95,0.0,4.7,223,1011.4,29,15.4,16.8,400.0,16.7,27.0,7.0
2025-10-03 22:00:00,2025,10,3,22,Huế,Phường Phú Bài,16.409296,107.6779818,53,Moderate,1,25.7,96,0.0,4.5,223,1011.2,48,16.4,17.5,441.0,16.2,24.0,6.9
2025-10-03 23:00:00,2025,10,3,23,Huế,Phường Phú Bài,16.409296,107.6779818,53,Moderate,1,25.4,96,0.0,4.9,234,1011.3,55,16.9,17.9,404.0,15.7,22.0,6.4
2025-10-04 00:00:00,2025,10,4,0,Huế,Phường Phú Bài,16.409296,107.6779818,53,Moderate,1,25.0,96,0.0,3.5,242,1010.8,68,17.1,18.0,325.0,15.1,20.0,5.7
2025-10-04 01:00:00,2025,10,4,1,Huế,Phường Phú Bài,16.409296,107.6779818,52,Moderate,1,25.4,96,0.0,1.8,186,1010.2,98,16.5,17.2,264.0,14.4,18.0,5.0
2025-10-04 02:00:00,2025,10,4,2,Huế,Phường Phú Bài,16.409296,107.6779818,52,Moderate,1,25.1,97,0.0,2.3,219,1009.7,98,15.9,16.4,241.0,13.4,15.0,4.4
2025-10-04 03:00:00,2025,10,4,3,Huế,Phường Phú Bài,16.409296,107.6779818,52,Moderate,1,24.8,97,0.0,3.4,223,1009.0,98,15.8,16.2,235.0,12.2,13.0,3.9
2025-10-04 04:00:00,2025,10,4,4,Huế,Phường Phú Bài,16.409296,107.6779818,51,Moderate,1,24.3,99,0.0,2.8,243,1008.9,98,15.7,16.2,242.0,11.1,15.0,3.8
2025-10-04 05:00:00,2025,10,4,5,Huế,Phường Phú Bài,16.409296,107.6779818,51,Moderate,1,24.0,99,0.0,2.8,215,1009.5,91,16.2,16.6,270.0,10.5,24.0,4.5
2025-10-04 06:00:00,2025,10,4,6,Huế,Phường Phú Bài,16.409296,107.6779818,51,Moderate,1,24.0,100,0.0,5.5,218,1010.0,100,17.9,18.3,311.0,9.9,38.0,5.5
2025-10-04 07:00:00,2025,10,4,7,Huế,Phường Phú Bài,16.409296,107.6779818,50,Good,0,26.1,88,0.0,7.9,221,1010.7,56,25.1,25.9,332.0,10.6,59.0,6.3
2025-10-04 08:00:00,2025,10,4,8,Huế,Phường Phú Bài,16.409296,107.6779818,51,Moderate,1,28.4,78,0.0,5.3,246,1011.4,34,16.6,17.9,313.0,8.2,77.0,6.1
2025-10-04 09:00:00,2025,10,4,9,Huế,Phường Phú Bài,16.409296,107.6779818,52,Moderate,1,30.0,70,0.0,2.2,284,1011.4,2,13.0,14.2,276.0,5.0,101.0,5.7
2025-10-04 10:00:00,2025,10,4,10,Huế,Phường Phú Bài,16.409296,107.6779818,52,Moderate,1,31.1,68,0.0,3.3,354,1011.1,11,11.8,13.0,247.0,2.5,119.0,5.4
2025-10-04 11:00:00,2025,10,4,11,Huế,Phường Phú Bài,16.409296,107.6779818,52,Moderate,1,32.0,67,0.1,6.9,7,1010.5,58,11.6,12.8,239.0,1.6,126.0,5.1
2025-10-04 12:00:00,2025,10,4,12,Huế,Phường Phú Bài,16.409296,107.6779818,53,Moderate,1,30.2,73,2.1,10.0,353,1009.4,100,11.7,12.8,240.0,1.6,128.0,4.7
2025-10-04 13:00:00,2025,10,4,13,Huế,Phường Phú Bài,16.409296,107.6779818,53,Moderate,1,31.1,66,0.1,10.0,339,1008.3,100,11.0,12.1,247.0,1.7,126.0,4.3
2025-10-04 14:00:00,2025,10,4,14,Huế,Phường Phú Bài,16.409296,107.6779818,54,Moderate,1,28.8,72,1.0,7.6,289,1008.5,100,10.1,11.2,260.0,1.0,121.0,3.5
2025-10-04 15:00:00,2025,10,4,15,Huế,Phường Phú Bài,16.409296,107.6779818,54,Moderate,1,29.5,71,0.1,7.6,345,1007.3,100,9.8,10.9,278.0,0.5,112.0,2.8
2025-10-04 16:00:00,2025,10,4,16,Huế,Phường Phú Bài,16.409296,107.6779818,60,Moderate,1,29.1,72,0.0,6.4,344,1006.9,100,9.4,10.5,293.0,2.6,100.0,3.1
2025-10-04 17:00:00,2025,10,4,17,Huế,Phường Phú Bài,16.409296,107.6779818,65,Moderate,1,28.0,77,0.0,6.7,207,1007.5,100,9.6,10.8,299.0,9.8,83.0,5.5
2025-10-04 18:00:00,2025,10,4,18,Huế,Phường Phú Bài,16.409296,107.6779818,61,Moderate,1,25.9,84,0.0,10.3,195,1008.2,100,17.4,18.8,301.0,19.6,62.0,8.9
2025-10-04 19:00:00,2025,10,4,19,Huế,Phường Phú Bài,16.409296,107.6779818,56,Moderate,1,24.6,93,0.0,6.4,227,1008.5,66,20.9,22.2,310.0,16.1,49.0,7.5
2025-10-04 20:00:00,2025,10,4,20,Huế,Phường Phú Bài,16.409296,107.6779818,56,Moderate,1,25.0,94,0.0,10.3,218,1009.3,100,20.3,21.1,339.0,16.0,44.0,7.7
2025-10-04 21:00:00,2025,10,4,21,Huế,Phường Phú Bài,16.409296,107.6779818,57,Moderate,1,24.9,93,0.0,7.5,210,1009.5,100,20.7,21.3,375.0,15.7,38.0,8.0
2025-10-04 22:00:00,2025,10,4,22,Huế,Phường Phú Bài,16.409296,107.6779818,57,Moderate,1,24.5,94,0.0,5.9,211,1009.7,100,20.5,20.7,389.0,14.8,33.0,7.8
2025-10-04 23:00:00,2025,10,4,23,Huế,Phường Phú Bài,16.409296,107.6779818,57,Moderate,1,24.3,96,0.0,7.1,216,1009.5,100,17.9,18.0,363.0,12.7,31.0,6.6
2025-10-05 00:00:00,2025,10,5,0,Huế,Phường Phú Bài,16.409296,107.6779818,57,Moderate,1,24.0,97,0.0,7.2,219,1008.8,100,14.7,14.8,316.0,10.0,30.0,4.9
2025-10-05 01:00:00,2025,10,5,1,Huế,Phường Phú Bài,16.409296,107.6779818,57,Moderate,1,23.8,97,0.0,8.2,229,1008.3,99,10.9,10.9,272.0,7.8,29.0,3.5
2025-10-05 02:00:00,2025,10,5,2,Huế,Phường Phú Bài,16.409296,107.6779818,57,Moderate,1,23.5,97,0.0,8.8,227,1007.3,100,9.3,9.3,235.0,6.6,26.0,2.9
2025-10-05 03:00:00,2025,10,5,3,Huế,Phường Phú Bài,16.409296,107.6779818,56,Moderate,1,23.2,96,0.0,9.3,230,1006.7,100,8.1,8.2,202.0,5.9,22.0,2.6
2025-10-05 04:00:00,2025,10,5,4,Huế,Phường Phú Bài,16.409296,107.6779818,56,Moderate,1,23.0,94,0.0,8.5,234,1006.2,75,7.0,7.0,192.0,5.7,21.0,2.6
2025-10-05 05:00:00,2025,10,5,5,Huế,Phường Phú Bài,16.409296,107.6779818,55,Moderate,1,23.0,92,0.0,9.3,230,1006.3,100,6.4,6.4,228.0,6.4,22.0,2.9
2025-10-05 06:00:00,2025,10,5,6,Huế,Phường Phú Bài,16.409296,107.6779818,54,Moderate,1,23.1,91,0.0,7.6,242,1006.7,100,6.6,6.6,287.0,7.5,25.0,3.4
2025-10-05 07:00:00,2025,10,5,7,Huế,Phường Phú Bài,16.409296,107.6779818,53,Moderate,1,26.0,82,0.0,12.4,236,1007.4,100,6.3,6.4,324.0,6.4,33.0,3.9
2025-10-05 08:00:00,2025,10,5,8,Huế,Phường Phú Bài,16.409296,107.6779818,51,Moderate,1,28.4,74,0.0,11.8,244,1008.0,100,7.9,7.9,316.0,5.5,52.0,4.0
2025-10-05 09:00:00,2025,10,5,9,Huế,Phường Phú Bài,16.409296,107.6779818,50,Good,0,30.3,67,0.0,8.8,251,1008.0,100,9.1,9.1,286.0,4.2,77.0,4.0
2025-10-05 10:00:00,2025,10,5,10,Huế,Phường Phú Bài,16.409296,107.6779818,50,Good,0,31.9,63,0.0,7.4,302,1007.5,100,10.0,10.0,260.0,3.1,94.0,3.9
2025-10-05 11:00:00,2025,10,5,11,Huế,Phường Phú Bài,16.409296,107.6779818,50,Good,0,33.2,60,0.0,6.7,306,1006.7,100,9.8,9.8,243.0,2.4,95.0,3.4
2025-10-05 12:00:00,2025,10,5,12,Huế,Phường Phú Bài,16.409296,107.6779818,50,Good,0,34.4,53,0.0,7.9,286,1005.4,100,8.9,9.0,229.0,2.0,87.0,2.6
2025-10-05 13:00:00,2025,10,5,13,Huế,Phường Phú Bài,16.409296,107.6779818,49,Good,0,34.5,48,0.0,9.5,309,1005.1,100,8.5,8.6,226.0,2.0,80.0,2.2
2025-10-05 14:00:00,2025,10,5,14,Huế,Phường Phú Bài,16.409296,107.6779818,49,Good,0,33.8,51,0.0,9.4,320,1004.3,100,8.5,8.5,240.0,2.3,77.0,2.2
2025-10-05 15:00:00,2025,10,5,15,Huế,Phường Phú Bài,16.409296,107.6779818,48,Good,0,33.8,54,0.0,5.0,341,1003.6,100,9.8,9.8,264.0,3.0,75.0,2.5
2025-10-05 16:00:00,2025,10,5,16,Huế,Phường Phú Bài,16.409296,107.6779818,48,Good,0,31.8,63,0.0,8.7,104,1003.9,100,11.1,11.1,283.0,5.0,71.0,3.3
2025-10-05 17:00:00,2025,10,5,17,Huế,Phường Phú Bài,16.409296,107.6779818,49,Good,0,29.5,74,0.0,8.5,97,1004.3,100,14.5,14.5,290.0,9.2,65.0,4.9
2025-10-05 18:00:00,2025,10,5,18,Huế,Phường Phú Bài,16.409296,107.6779818,49,Good,0,28.6,79,0.0,2.4,144,1005.0,100,18.4,18.5,291.0,14.7,57.0,7.1
2025-10-05 19:00:00,2025,10,5,19,Huế,Phường Phú Bài,16.409296,107.6779818,50,Good,0,28.9,71,0.0,8.8,219,1005.8,100,27.4,27.5,291.0,17.9,40.0,7.4
2025-10-05 20:00:00,2025,10,5,20,Huế,Phường Phú Bài,16.409296,107.6779818,50,Good,0,28.7,64,0.0,10.0,236,1006.3,100,28.5,28.6,293.0,17.6,35.0,7.4
2025-10-05 21:00:00,2025,10,5,21,Huế,Phường Phú Bài,16.409296,107.6779818,51,Moderate,1,28.0,67,0.0,7.0,241,1006.9,100,28.3,28.3,294.0,17.1,28.0,7.3
2025-10-05 22:00:00,2025,10,5,22,Huế,Phường Phú Bài,16.409296,107.6779818,52,Moderate,1,27.3,73,0.0,5.8,216,1006.6,100,27.8,27.8,289.0,16.3,22.0,7.0
2025-10-05 23:00:00,2025,10,5,23,Huế,Phường Phú Bài,16.409296,107.6779818,52,Moderate,1,26.2,80,0.0,5.1,188,1005.9,100,26.8,26.8,276.0,15.0,18.0,6.3
2025-10-06 00:00:00,2025,10,6,0,Huế,Phường Phú Bài,16.409296,107.6779818,53,Moderate,1,25.5,83,0.0,4.8,193,1005.4,100,25.1,25.2,257.0,13.4,15.0,5.3
2025-10-06 01:00:00,2025,10,6,1,Huế,Phường Phú Bài,16.409296,107.6779818,54,Moderate,1,26.4,78,0.0,6.0,196,1004.9,100,23.7,23.7,239.0,12.0,13.0,4.5
2025-10-06 02:00:00,2025,10,6,2,Huế,Phường Phú Bài,16.409296,107.6779818,55,Moderate,1,26.5,74,0.0,6.5,204,1005.1,100,22.7,22.8,216.0,11.0,12.0,4.0
2025-10-06 03:00:00,2025,10,6,3,Huế,Phường Phú Bài,16.409296,107.6779818,56,Moderate,1,25.8,80,0.0,3.6,177,1005.4,100,22.2,22.2,193.0,10.1,11.0,3.8
2025-10-06 04:00:00,2025,10,6,4,Huế,Phường Phú Bài,16.409296,107.6779818,58,Moderate,1,25.0,82,0.0,6.9,187,1005.2,100,21.8,21.9,191.0,9.6,12.0,3.8
2025-10-06 05:00:00,2025,10,6,5,Huế,Phường Phú Bài,16.409296,107.6779818,59,Moderate,1,24.9,83,0.0,4.6,211,1005.4,100,21.5,21.5,235.0,9.8,12.0,4.2
2025-10-06 06:00:00,2025,10,6,6,Huế,Phường Phú Bài,16.409296,107.6779818,60,Moderate,1,25.0,82,0.0,6.6,225,1005.9,100,21.8,21.9,299.0,10.4,13.0,4.9
2025-10-06 07:00:00,2025,10,6,7,Huế,Phường Phú Bài,16.409296,107.6779818,62,Moderate,1,26.4,78,0.0,6.1,178,1006.7,100,27.4,27.4,330.0,15.2,22.0,7.2
2025-10-06 08:00:00,2025,10,6,8,Huế,Phường Phú Bài,16.409296,107.6779818,64,Moderate,1,28.1,77,0.0,4.1,195,1007.6,100,26.3,26.4,292.0,11.7,46.0,7.5
2025-10-06 09:00:00,2025,10,6,9,Huế,Phường Phú Bài,16.409296,107.6779818,65,Moderate,1,31.5,62,0.0,4.6,116,1007.9,100,26.0,26.1,221.0,7.0,79.0,7.8
2025-10-06 10:00:00,2025,10,6,10,Huế,Phường Phú Bài,16.409296,107.6779818,67,Moderate,1,33.5,52,0.0,6.6,209,1008.3,100,24.2,24.4,169.0,3.4,106.0,7.9
2025-10-06 11:00:00,2025,10,6,11,Huế,Phường Phú Bài,16.409296,107.6779818,68,Moderate,1,34.2,51,0.0,5.4,230,1007.7,100,23.6,23.8,159.0,2.2,122.0,7.6
2025-10-06 12:00:00,2025,10,6,12,Huế,Phường Phú Bài,16.409296,107.6779818,69,Moderate,1,34.8,49,0.0,4.9,264,1007.0,100,24.2,24.5,167.0,2.2,133.0,7.0
2025-10-06 13:00:00,2025,10,6,13,Huế,Phường Phú Bài,16.409296,107.6779818,71,Moderate,1,35.3,44,0.0,5.9,308,1006.2,100,24.2,24.5,174.0,2.5,140.0,6.5
2025-10-06 14:00:00,2025,10,6,14,Huế,Phường Phú Bài,16.409296,107.6779818,72,Moderate,1,33.2,53,0.1,10.6,48,1006.4,100,22.9,23.2,154.0,2.2,146.0,5.9
2025-10-06 15:00:00,2025,10,6,15,Huế,Phường Phú Bài,16.409296,107.6779818,73,Moderate,1,31.0,62,0.3,12.7,111,1006.8,100,22.4,22.7,134.0,2.1,149.0,5.4
2025-10-06 16:00:00,2025,10,6,16,Huế,Phường Phú Bài,16.409296,107.6779818,74,Moderate,1,30.9,63,0.0,8.7,132,1006.2,100,22.6,22.9,170.0,4.0,142.0,5.4
2025-10-06 17:00:00,2025,10,6,17,Huế,Phường Phú Bài,16.409296,107.6779818,83,Moderate,1,29.7,72,0.0,5.1,138,1006.0,100,23.7,24.0,333.0,9.5,120.0,6.3
2025-10-06 18:00:00,2025,10,6,18,Huế,Phường Phú Bài,16.409296,107.6779818,92,Moderate,1,28.5,78,0.0,1.6,117,1006.4,100,26.5,26.9,552.0,16.9,88.0,7.7
2025-10-06 19:00:00,2025,10,6,19,Huế,Phường Phú Bài,16.409296,107.6779818,88,Moderate,1,27.5,82,0.0,2.3,225,1007.1,100,27.8,28.1,675.0,16.2,57.0,8.0
2025-10-06 20:00:00,2025,10,6,20,Huế,Phường Phú Bài,16.409296,107.6779818,77,Moderate,1,26.7,86,0.0,6.2,221,1008.0,100,29.0,29.2,605.0,17.0,51.0,8.5
2025-10-06 21:00:00,2025,10,6,21,Huế,Phường Phú Bài,16.409296,107.6779818,77,Moderate,1,26.0,88,0.0,5.8,210,1008.7,100,27.8,28.1,438.0,18.0,43.0,9.0
2025-10-06 22:00:00,2025,10,6,22,Huế,Phường Phú Bài,16.409296,107.6779818,77,Moderate,1,25.6,89,0.0,7.2,199,1009.2,100,28.2,28.5,307.0,18.4,36.0,9.2
2025-10-06 23:00:00,2025,10,6,23,Huế,Phường Phú Bài,16.409296,107.6779818,77,Moderate,1,25.2,90,0.0,6.8,198,1009.4,100,28.8,29.3,266.0,17.8,34.0,8.6
2025-10-07 00:00:00,2025,10,7,0,Huế,Phường Phú Bài,16.409296,107.6779818,77,Moderate,1,24.8,91,0.0,5.9,225,1009.5,100,26.8,27.4,261.0,16.6,33.0,7.5
2025-10-07 01:00:00,2025,10,7,1,Huế,Phường Phú Bài,16.409296,107.6779818,77,Moderate,1,24.5,92,0.0,5.3,213,1008.6,100,24.9,25.6,257.0,15.3,32.0,6.5
2025-10-07 02:00:00,2025,10,7,2,Huế,Phường Phú Bài,16.409296,107.6779818,77,Moderate,1,24.3,91,0.0,4.3,228,1007.9,100,23.7,24.4,237.0,13.7,27.0,5.7
2025-10-07 03:00:00,2025,10,7,3,Huế,Phường Phú Bài,16.409296,107.6779818,78,Moderate,1,23.9,92,0.0,6.2,229,1007.8,100,22.9,23.5,219.0,12.0,21.0,5.0
2025-10-07 04:00:00,2025,10,7,4,Huế,Phường Phú Bài,16.409296,107.6779818,78,Moderate,1,23.6,92,0.0,7.8,224,1007.6,99,21.0,21.5,218.0,11.0,20.0,4.8
2025-10-07 05:00:00,2025,10,7,5,Huế,Phường Phú Bài,16.409296,107.6779818,78,Moderate,1,23.5,93,0.0,7.1,227,1008.4,98,20.5,21.0,254.0,11.6,23.0,5.3
2025-10-07 06:00:00,2025,10,7,6,Huế,Phường Phú Bài,16.409296,107.6779818,77,Moderate,1,23.5,92,0.0,7.1,210,1009.1,99,22.5,22.9,307.0,12.9,31.0,6.2
2025-10-07 07:00:00,2025,10,7,7,Huế,Phường Phú Bài,16.409296,107.6779818,77,Moderate,1,25.7,86,0.0,5.5,212,1009.7,96,17.6,17.9,337.0,10.2,56.0,6.3
2025-10-07 08:00:00,2025,10,7,8,Huế,Phường Phú Bài,16.409296,107.6779818,77,Moderate,1,28.9,74,0.0,2.7,172,1010.8,97,15.6,16.1,319.0,8.1,83.0,6.4
2025-10-07 09:00:00,2025,10,7,9,Huế,Phường Phú Bài,16.409296,107.6779818,76,Moderate,1,31.0,64,0.0,4.4,99,1011.2,65,13.6,14.1,277.0,5.2,121.0,6.5
2025-10-07 10:00:00,2025,10,7,10,Huế,Phường Phú Bài,16.409296,107.6779818,75,Moderate,1,32.3,58,0.0,6.1,76,1010.9,90,11.5,12.0,241.0,3.0,149.0,6.3
2025-10-07 11:00:00,2025,10,7,11,Huế,Phường Phú Bài,16.409296,107.6779818,73,Moderate,1,32.7,59,0.0,10.0,62,1010.4,99,10.5,11.0,222.0,2.1,160.0,5.5
2025-10-07 12:00:00,2025,10,7,12,Huế,Phường Phú Bài,16.409296,107.6779818,72,Moderate,1,31.2,67,1.0,14.6,86,1009.9,98,10.3,11.0,210.0,1.9,162.0,4.3
2025-10-07 13:00:00,2025,10,7,13,Huế,Phường Phú Bài,16.409296,107.6779818,71,Moderate,1,31.5,62,0.1,11.3,76,1009.3,96,10.4,11.3,201.0,2.0,161.0,3.5
2025-10-07 14:00:00,2025,10,7,14,Huế,Phường Phú Bài,16.409296,107.6779818,70,Moderate,1,31.6,62,0.1,9.5,69,1008.7,99,11.5,12.6,185.0,1.8,159.0,3.3
2025-10-07 15:00:00,2025,10,7,15,Huế,Phường Phú Bài,16.409296,107.6779818,90,Moderate,1,30.4,70,0.9,11.7,92,1008.4,100,13.2,14.4,173.0,1.9,155.0,3.5
2025-10-07 16:00:00,2025,10,7,16,Huế,Phường Phú Bài,16.409296,107.6779818,111,Unhealthy for Sensitive Groups,2,29.4,76,2.0,12.1,84,1008.8,100,13.5,14.9,190.0,3.3,143.0,3.9
2025-10-07 17:00:00,2025,10,7,17,Huế,Phường Phú Bài,16.409296,107.6779818,124,Unhealthy for Sensitive Groups,2,28.5,81,0.3,12.3,84,1009.0,99,15.2,16.4,258.0,7.3,119.0,4.7
2025-10-07 18:00:00,2025,10,7,18,Huế,Phường Phú Bài,16.409296,107.6779818,123,Unhealthy for Sensitive Groups,2,27.8,85,0.0,10.5,87,1009.6,100,16.4,17.5,356.0,12.6,88.0,5.7
2025-10-07 19:00:00,2025,10,7,19,Huế,Phường Phú Bài,16.409296,107.6779818,111,Unhealthy for Sensitive Groups,2,27.2,86,0.0,7.8,116,1010.5,52,22.2,23.6,443.0,13.9,71.0,5.9
2025-10-07 20:00:00,2025,10,7,20,Huế,Phường Phú Bài,16.409296,107.6779818,92,Moderate,1,26.5,90,0.0,2.6,129,1011.3,72,19.3,20.7,518.0,12.6,68.0,5.7
2025-10-07 21:00:00,2025,10,7,21,Huế,Phường Phú Bài,16.409296,107.6779818,72,Moderate,1,26.1,92,0.0,2.4,126,1011.8,95,17.2,18.3,582.0,10.9,63.0,5.4
2025-10-07 22:00:00,2025,10,7,22,Huế,Phường Phú Bài,16.409296,107.6779818,63,Moderate,1,25.5,95,0.0,2.5,176,1012.0,58,17.1,17.9,602.0,9.5,58.0,5.0
2025-10-07 23:00:00,2025,10,7,23,Huế,Phường Phú Bài,16.409296,107.6779818,62,Moderate,1,24.9,99,0.0,3.4,212,1012.0,91,16.9,17.6,547.0,8.9,53.0,4.5
2025-10-08 00:00:00,2025,10,8,0,Huế,Phường Phú Bài,16.409296,107.6779818,61,Moderate,1,24.5,99,0.0,3.8,221,1011.6,84,16.5,17.1,448.0,8.7,47.0,4.0
2025-10-08 01:00:00,2025,10,8,1,Huế,Phường Phú Bài,16.409296,107.6779818,60,Moderate,1,25.9,91,0.0,6.8,102,1010.5,82,16.2,16.7,362.0,8.6,42.0,3.6
2025-10-08 02:00:00,2025,10,8,2,Huế,Phường Phú Bài,16.409296,107.6779818,60,Moderate,1,25.6,93,0.0,4.3,95,1009.9,92,16.3,16.7,301.0,8.1,35.0,3.2
2025-10-08 03:00:00,2025,10,8,3,Huế,Phường Phú Bài,16.409296,107.6779818,59,Moderate,1,25.5,93,0.0,5.3,114,1009.8,95,16.3,16.7,253.0,7.7,28.0,2.8
2025-10-08 04:00:00,2025,10,8,4,Huế,Phường Phú Bài,16.409296,107.6779818,58,Moderate,1,25.1,94,0.0,2.9,150,1009.9,35,16.5,16.9,237.0,8.0,27.0,3.0
2025-10-08 05:00:00,2025,10,8,5,Huế,Phường Phú Bài,16.409296,107.6779818,58,Moderate,1,24.9,95,0.0,2.6,196,1010.4,59,17.4,17.9,282.0,10.2,35.0,4.2
2025-10-08 06:00:00,2025,10,8,6,Huế,Phường Phú Bài,16.409296,107.6779818,58,Moderate,1,24.8,97,0.0,1.4,230,1010.9,98,20.2,20.7,359.0,13.1,49.0,5.9
2025-10-08 07:00:00,2025,10,8,7,Huế,Phường Phú Bài,16.409296,107.6779818,57,Moderate,1,25.9,92,0.0,4.4,145,1012.0,95,16.3,16.8,397.0,9.6,51.0,4.7
2025-10-08 08:00:00,2025,10,8,8,Huế,Phường Phú Bài,16.409296,107.6779818,57,Moderate,1,27.7,83,0.0,6.5,103,1012.6,100,14.2,15.0,355.0,7.4,65.0,4.3
2025-10-08 09:00:00,2025,10,8,9,Huế,Phường Phú Bài,16.409296,107.6779818,57,Moderate,1,28.9,75,0.1,7.4,93,1012.9,92,12.3,13.4,275.0,4.4,85.0,3.7
2025-10-08 10:00:00,2025,10,8,10,Huế,Phường Phú Bài,16.409296,107.6779818,57,Moderate,1,30.0,69,0.1,9.8,77,1012.6,100,10.4,11.8,206.0,2.1,98.0,3.2
2025-10-08 11:00:00,2025,10,8,11,Huế,Phường Phú Bài,16.409296,107.6779818,57,Moderate,1,30.8,65,0.0,12.4,62,1011.7,99,9.7,12.0,167.0,1.2,98.0,2.7
2025-10-08 12:00:00,2025,10,8,12,Huế,Phường Phú Bài,16.409296,107.6779818,57,Moderate,1,30.7,64,0.0,13.2,53,1010.7,100,9.3,12.2,139.0,1.1,91.0,2.3
2025-10-08 13:00:00,2025,10,8,13,Huế,Phường Phú Bài,16.409296,107.6779818,57,Moderate,1,30.5,65,0.0,13.2,53,1009.8,100,9.1,12.0,121.0,1.2,84.0,2.0
2025-10-08 14:00:00,2025,10,8,14,Huế,Phường Phú Bài,16.409296,107.6779818,57,Moderate,1,30.1,66,0.0,14.0,60,1009.0,60,8.6,11.6,112.0,0.8,79.0,1.7
2025-10-08 15:00:00,2025,10,8,15,Huế,Phường Phú Bài,16.409296,107.6779818,56,Moderate,1,29.5,66,0.0,13.3,62,1008.5,4,8.2,11.3,112.0,0.5,73.0,1.5
2025-10-08 16:00:00,2025,10,8,16,Huế,Phường Phú Bài,16.409296,107.6779818,56,Moderate,1,28.8,67,0.0,12.2,68,1008.2,0,8.1,11.1,120.0,2.0,66.0,2.0
2025-10-08 17:00:00,2025,10,8,17,Huế,Phường Phú Bài,16.409296,107.6779818,55,Moderate,1,27.9,72,0.0,9.8,77,1008.2,20,8.4,11.4,138.0,6.6,56.0,3.6
2025-10-08 18:00:00,2025,10,8,18,Huế,Phường Phú Bài,16.409296,107.6779818,55,Moderate,1,26.6,80,0.0,4.7,94,1008.7,16,11.3,14.1,164.0,12.9,44.0,5.9
2025-10-08 19:00:00,2025,10,8,19,Huế,Phường Phú Bài,16.409296,107.6779818,54,Moderate,1,26.4,79,0.0,5.8,116,1009.7,90,14.8,17.7,193.0,15.8,34.0,6.9
2025-10-08 20:00:00,2025,10,8,20,Huế,Phường Phú Bài,16.409296,107.6779818,54,Moderate,1,26.7,78,0.0,6.6,106,1010.3,90,19.0,22.0,231.0,18.3,31.0,8.3
2025-10-08 21:00:00,2025,10,8,21,Huế,Phường Phú Bài,16.409296,107.6779818,54,Moderate,1,26.1,82,0.0,4.5,143,1010.7,96,21.4,24.3,273.0,21.6,28.0,10.1
2025-10-08 22:00:00,2025,10,8,22,Huế,Phường Phú Bài,16.409296,107.6779818,54,Moderate,1,25.4,85,0.0,4.3,197,1011.1,100,22.2,25.1,294.0,23.0,25.0,11.1
2025-10-08 23:00:00,2025,10,8,23,Huế,Phường Phú Bài,16.409296,107.6779818,55,Moderate,1,24.5,88,0.0,7.0,226,1011.0,100,22.1,24.7,276.0,20.8,25.0,10.3
2025-10-09 00:00:00,2025,10,9,0,Huế,Phường Phú Bài,16.409296,107.6779818,55,Moderate,1,23.9,91,0.0,8.3,237,1010.8,96,19.0,21.4,238.0,16.8,26.0,8.6
2025-10-09 01:00:00,2025,10,9,1,Huế,Phường Phú Bài,16.409296,107.6779818,55,Moderate,1,24.0,95,0.0,7.5,235,1010.2,99,16.1,18.5,210.0,13.5,27.0,7.2
2025-10-09 02:00:00,2025,10,9,2,Huế,Phường Phú Bài,16.409296,107.6779818,55,Moderate,1,24.3,94,0.5,0.6,214,1009.8,100,16.1,18.4,201.0,12.1,26.0,6.5
2025-10-09 03:00:00,2025,10,9,3,Huế,Phường Phú Bài,16.409296,107.6779818,55,Moderate,1,24.2,95,0.1,6.9,227,1009.8,100,15.5,17.7,202.0,11.5,25.0,6.2
2025-10-09 04:00:00,2025,10,9,4,Huế,Phường Phú Bài,16.409296,107.6779818,55,Moderate,1,23.7,97,0.1,3.3,261,1009.9,96,14.8,16.8,213.0,11.1,25.0,6.2
2025-10-09 05:00:00,2025,10,9,5,Huế,Phường Phú Bài,16.409296,107.6779818,55,Moderate,1,23.7,97,0.2,1.5,210,1010.2,97,13.4,15.4,247.0,11.1,27.0,6.9
2025-10-09 06:00:00,2025,10,9,6,Huế,Phường Phú Bài,16.409296,107.6779818,55,Moderate,1,23.9,98,0.3,2.6,219,1010.5,98,14.1,15.9,292.0,11.2,31.0,8.0
2025-10-09 07:00:00,2025,10,9,7,Huế,Phường Phú Bài,16.409296,107.6779818,54,Moderate,1,24.6,92,0.3,3.2,236,1010.9,98,13.7,15.8,309.0,9.7,41.0,6.4
2025-10-09 08:00:00,2025,10,9,8,Huế,Phường Phú Bài,16.409296,107.6779818,54,Moderate,1,25.9,87,0.4,1.9,163,1011.7,100,12.9,15.2,272.0,7.7,50.0,5.3
2025-10-09 09:00:00,2025,10,9,9,Huế,Phường Phú Bài,16.409296,107.6779818,54,Moderate,1,26.9,84,0.3,2.9,112,1012.3,65,8.8,10.0,208.0,4.8,63.0,3.8
2025-10-09 10:00:00,2025,10,9,10,Huế,Phường Phú Bài,16.409296,107.6779818,53,Moderate,1,28.5,77,0.1,4.3,28,1012.1,99,6.2,7.2,159.0,2.7,75.0,2.8
2025-10-09 11:00:00,2025,10,9,11,Huế,Phường Phú Bài,16.409296,107.6779818,53,Moderate,1,28.4,76,1.9,11.1,59,1011.5,80,5.7,6.9,143.0,1.9,84.0,2.7
2025-10-09 12:00:00,2025,10,9,12,Huế,Phường Phú Bài,16.409296,107.6779818,53,Moderate,1,28.1,79,4.3,6.8,90,1010.9,53,7.5,9.2,141.0,1.7,92.0,3.0
2025-10-09 13:00:00,2025,10,9,13,Huế,Phường Phú Bài,16.409296,107.6779818,53,Moderate,1,29.5,71,0.1,8.2,49,1010.0,95,8.4,10.4,142.0,1.9,95.0,3.2
2025-10-09 14:00:00,2025,10,9,14,Huế,Phường Phú Bài,16.409296,107.6779818,53,Moderate,1,26.4,84,4.1,10.2,59,1009.6,52,7.0,8.8,138.0,2.0,92.0,2.9
2025-10-09 15:00:00,2025,10,9,15,Huế,Phường Phú Bài,16.409296,107.6779818,52,Moderate,1,28.0,77,0.1,9.1,69,1009.1,81,7.0,8.7,136.0,2.4,85.0,2.5
2025-10-09 16:00:00,2025,10,9,16,Huế,Phường Phú Bài,16.409296,107.6779818,52,Moderate,1,25.9,84,8.0,10.6,75,1009.1,100,8.0,9.6,145.0,4.3,77.0,3.0
2025-10-09 17:00:00,2025,10,9,17,Huế,Phường Phú Bài,16.409296,107.6779818,52,Moderate,1,25.5,88,0.8,7.1,56,1008.8,79,9.8,11.6,171.0,9.0,70.0,5.1
2025-10-09 18:00:00,2025,10,9,18,Huế,Phường Phú Bài,16.409296,107.6779818,52,Moderate,1,25.1,92,0.0,1.3,135,1009.2,95,13.5,15.5,208.0,15.1,63.0,8.0
2025-10-09 19:00:00,2025,10,9,19,Huế,Phường Phú Bài,16.409296,107.6779818,53,Moderate,1,24.6,95,0.0,1.6,243,1009.8,100,14.3,16.2,248.0,15.6,50.0,6.4
2025-10-09 20:00:00,2025,10,9,20,Huế,Phường Phú Bài,16.409296,107.6779818,53,Moderate,1,24.6,96,0.0,6.2,248,1010.3,98,13.9,15.8,297.0,14.1,50.0,6.0
2025-10-09 21:00:00,2025,10,9,21,Huế,Phường Phú Bài,16.409296,107.6779818,52,Moderate,1,24.1,98,0.0,6.6,241,1010.7,100,12.8,14.6,349.0,12.1,50.0,5.5
2025-10-09 22:00:00,2025,10,9,22,Huế,Phường Phú Bài,16.409296,107.6779818,51,Moderate,1,24.1,98,0.1,3.7,231,1010.9,100,11.2,13.0,378.0,10.3,51.0,5.0
2025-10-09 23:00:00,2025,10,9,23,Huế,Phường Phú Bài,16.409296,107.6779818,50,Good,0,24.1,99,0.2,3.7,223,1010.6,92,11.3,12.9,366.0,9.2,52.0,4.7
2025-10-10 00:00:00,2025,10,10,0,Huế,Phường Phú Bài,16.409296,107.6779818,49,Good,0,24.0,99,0.0,5.7,229,1010.6,100,9.8,11.4,330.0,8.4,53.0,4.5
2025-10-10 01:00:00,2025,10,10,1,Huế,Phường Phú Bài,16.409296,107.6779818,47,Good,0,24.2,95,0.1,3.5,168,1009.9,86,9.5,11.2,297.0,7.7,54.0,4.4
2025-10-10 02:00:00,2025,10,10,2,Huế,Phường Phú Bài,16.409296,107.6779818,46,Good,0,24.1,97,0.4,1.3,236,1009.3,97,8.8,10.4,273.0,6.8,55.0,4.3
2025-10-10 03:00:00,2025,10,10,3,Huế,Phường Phú Bài,16.409296,107.6779818,45,Good,0,24.0,99,0.4,2.6,124,1009.6,99,8.9,10.5,252.0,6.0,57.0,4.2
2025-10-10 04:00:00,2025,10,10,4,Huế,Phường Phú Bài,16.409296,107.6779818,44,Good,0,23.6,98,0.3,0.3,225,1009.3,54,7.6,9.1,238.0,5.6,58.0,4.3
2025-10-10 05:00:00,2025,10,10,5,Huế,Phường Phú Bài,16.409296,107.6779818,42,Good,0,23.4,99,0.8,2.7,250,1009.5,79,7.8,9.2,235.0,6.2,59.0,4.6
2025-10-10 06:00:00,2025,10,10,6,Huế,Phường Phú Bài,16.409296,107.6779818,41,Good,0,23.1,99,0.2,3.8,245,1010.3,98,7.7,8.9,238.0,7.2,60.0,5.0
2025-10-10 07:00:00,2025,10,10,7,Huế,Phường Phú Bài,16.409296,107.6779818,40,Good,0,23.5,98,3.1,5.6,163,1011.0,100,9.0,10.7,239.0,8.2,64.0,6.1
2025-10-10 08:00:00,2025,10,10,8,Huế,Phường Phú Bài,16.409296,107.6779818,39,Good,0,24.1,95,0.4,5.6,225,1011.6,100,7.6,9.4,236.0,6.5,69.0,4.9
2025-10-10 09:00:00,2025,10,10,9,Huế,Phường Phú Bài,16.409296,107.6779818,39,Good,0,25.2,88,0.3,3.1,273,1011.5,100,6.0,7.5,231.0,4.1,76.0,3.3
2025-10-10 10:00:00,2025,10,10,10,Huế,Phường Phú Bài,16.409296,107.6779818,38,Good,0,26.5,83,0.3,4.5,346,1011.3,100,5.1,6.4,223.0,2.4,82.0,2.2
2025-10-10 11:00:00,2025,10,10,11,Huế,Phường Phú Bài,16.409296,107.6779818,38,Good,0,28.4,77,0.3,5.1,18,1010.4,100,5.1,6.4,207.0,1.8,86.0,2.0
2025-10-10 12:00:00,2025,10,10,12,Huế,Phường Phú Bài,16.409296,107.6779818,38,Good,0,29.4,72,0.0,7.2,27,1009.4,100,5.5,6.9,188.0,1.8,88.0,2.2
2025-10-10 13:00:00,2025,10,10,13,Huế,Phường Phú Bài,16.409296,107.6779818,37,Good,0,29.5,70,0.1,11.5,41,1008.8,100,6.6,8.2,174.0,2.0,89.0,2.4
2025-10-10 14:00:00,2025,10,10,14,Huế,Phường Phú Bài,16.409296,107.6779818,37,Good,0,28.1,74,0.4,13.7,25,1007.8,98,5.7,7.3,170.0,2.0,88.0,2.2
2025-10-10 15:00:00,2025,10,10,15,Huế,Phường Phú Bài,16.409296,107.6779818,37,Good,0,27.8,79,0.2,12.0,28,1007.7,98,6.1,7.7,172.0,2.1,84.0,2.0
2025-10-10 16:00:00,2025,10,10,16,Huế,Phường Phú Bài,16.409296,107.6779818,38,Good,0,26.0,87,0.9,6.3,53,1008.3,100,6.9,8.4,178.0,3.6,79.0,2.3
2025-10-10 17:00:00,2025,10,10,17,Huế,Phường Phú Bài,16.409296,107.6779818,39,Good,0,25.5,91,1.6,5.2,20,1008.5,100,8.3,9.9,186.0,7.5,70.0,3.4
2025-10-10 18:00:00,2025,10,10,18,Huế,Phường Phú Bài,16.409296,107.6779818,39,Good,0,24.3,96,4.4,5.2,92,1009.4,100,11.1,12.5,199.0,12.6,59.0,5.0
2025-10-10 19:00:00,2025,10,10,19,Huế,Phường Phú Bài,16.409296,107.6779818,37,Good,0,24.1,99,0.5,6.7,186,1009.2,91,12.0,13.8,222.0,14.3,57.0,5.6
2025-10-10 20:00:00,2025,10,10,20,Huế,Phường Phú Bài,16.409296,107.6779818,36,Good,0,24.0,98,0.7,5.7,229,1010.1,100,11.5,13.2,268.0,13.6,55.0,5.9
2025-10-10 21:00:00,2025,10,10,21,Huế,Phường Phú Bài,16.409296,107.6779818,35,Good,0,23.7,99,3.1,8.3,243,1010.2,97,11.2,13.0,323.0,12.6,53.0,6.2
2025-10-10 22:00:00,2025,10,10,22,Huế,Phường Phú Bài,16.409296,107.6779818,35,Good,0,23.5,98,0.2,7.3,261,1010.4,73,12.6,14.3,355.0,12.1,49.0,6.5
2025-10-10 23:00:00,2025,10,10,23,Huế,Phường Phú Bài,16.409296,107.6779818,35,Good,0,23.4,99,0.0,6.1,258,1009.9,35,14.4,15.9,342.0,12.5,44.0,6.7
2025-10-11 00:00:00,2025,10,11,0,Huế,Phường Phú Bài,16.409296,107.6779818,36,Good,0,23.4,99,0.0,4.0,275,1009.3,100,14.3,15.7,305.0,13.5,38.0,6.8
2025-10-11 01:00:00,2025,10,11,1,Huế,Phường Phú Bài,16.409296,107.6779818,36,Good,0,23.6,98,0.0,5.3,260,1008.7,52,15.1,16.4,274.0,14.0,33.0,6.8
2025-10-11 02:00:00,2025,10,11,2,Huế,Phường Phú Bài,16.409296,107.6779818,37,Good,0,23.5,98,0.0,2.9,259,1008.4,97,15.5,16.7,258.0,13.8,29.0,6.6
2025-10-11 03:00:00,2025,10,11,3,Huế,Phường Phú Bài,16.409296,107.6779818,38,Good,0,23.6,98,0.0,2.3,212,1008.5,100,14.6,15.6,247.0,13.2,26.0,6.3
2025-10-11 04:00:00,2025,10,11,4,Huế,Phường Phú Bài,16.409296,107.6779818,39,Good,0,23.4,99,0.0,4.0,231,1008.4,100,14.6,15.7,248.0,12.7,27.0,6.4
2025-10-11 05:00:00,2025,10,11,5,Huế,Phường Phú Bài,16.409296,107.6779818,41,Good,0,23.5,99,0.0,5.5,243,1008.6,98,15.3,16.2,271.0,12.7,34.0,7.3
2025-10-11 06:00:00,2025,10,11,6,Huế,Phường Phú Bài,16.409296,107.6779818,42,Good,0,23.5,98,0.0,5.9,235,1009.1,58,18.3,19.2,305.0,12.6,44.0,8.5
2025-10-11 07:00:00,2025,10,11,7,Huế,Phường Phú Bài,16.409296,107.6779818,44,Good,0,23.7,98,0.0,4.4,328,1010.2,98,18.3,19.4,320.0,13.9,50.0,9.1
2025-10-11 08:00:00,2025,10,11,8,Huế,Phường Phú Bài,16.409296,107.6779818,45,Good,0,24.9,92,0.1,1.5,194,1010.6,92,10.6,12.6,298.0,10.6,61.0,7.7
2025-10-11 09:00:00,2025,10,11,9,Huế,Phường Phú Bài,16.409296,107.6779818,46,Good,0,26.9,82,0.1,1.1,108,1010.7,100,9.6,11.2,257.0,6.0,76.0,5.8
2025-10-11 10:00:00,2025,10,11,10,Huế,Phường Phú Bài,16.409296,107.6779818,47,Good,0,28.4,75,0.2,3.4,74,1010.4,55,6.5,7.5,224.0,2.6,86.0,4.1
2025-10-11 11:00:00,2025,10,11,11,Huế,Phường Phú Bài,16.409296,107.6779818,47,Good,0,29.5,73,0.2,4.0,60,1009.4,96,6.6,7.5,209.0,1.4,87.0,2.9
2025-10-11 12:00:00,2025,10,11,12,Huế,Phường Phú Bài,16.409296,107.6779818,47,Good,0,30.1,70,0.1,7.4,41,1008.4,100,6.7,7.6,201.0,1.5,84.0,1.9
2025-10-11 13:00:00,2025,10,11,13,Huế,Phường Phú Bài,16.409296,107.6779818,47,Good,0,28.5,76,0.9,9.7,62,1007.9,91,7.8,8.9,193.0,1.8,81.0,1.4
2025-10-11 14:00:00,2025,10,11,14,Huế,Phường Phú Bài,16.409296,107.6779818,48,Good,0,29.1,76,0.1,8.4,42,1006.9,8,7.1,8.1,176.0,1.9,80.0,1.5
2025-10-11 15:00:00,2025,10,11,15,Huế,Phường Phú Bài,16.409296,107.6779818,48,Good,0,29.2,73,0.1,9.8,44,1006.8,48,6.8,8.2,158.0,2.4,80.0,2.1
2025-10-11 16:00:00,2025,10,11,16,Huế,Phường Phú Bài,16.409296,107.6779818,48,Good,0,28.1,77,0.4,9.7,61,1006.5,63,7.1,8.6,158.0,3.9,76.0,2.8
2025-10-11 17:00:00,2025,10,11,17,Huế,Phường Phú Bài,16.409296,107.6779818,48,Good,0,27.0,82,0.8,6.0,65,1007.2,98,8.4,9.9,182.0,7.4,67.0,3.6
2025-10-11 18:00:00,2025,10,11,18,Huế,Phường Phú Bài,16.409296,107.6779818,48,Good,0,25.3,98,0.3,1.3,225,1007.8,83,10.2,11.6,224.0,11.9,55.0,4.6
2025-10-11 19:00:00,2025,10,11,19,Huế,Phường Phú Bài,16.409296,107.6779818,48,Good,0,25.3,94,0.6,3.4,288,1008.7,99,9.1,10.8,279.0,10.9,51.0,4.3
2025-10-11 20:00:00,2025,10,11,20,Huế,Phường Phú Bài,16.409296,107.6779818,47,Good,0,24.7,98,1.8,6.3,219,1009.3,97,7.2,8.9,357.0,10.8,49.0,4.5
2025-10-11 21:00:00,2025,10,11,21,Huế,Phường Phú Bài,16.409296,107.6779818,47,Good,0,24.5,98,0.3,2.6,205,1009.9,100,8.0,9.6,449.0,10.7,46.0,4.9
2025-10-11 22:00:00,2025,10,11,22,Huế,Phường Phú Bài,16.409296,107.6779818,46,Good,0,24.1,99,1.0,3.9,196,1010.1,100,9.4,10.8,518.0,10.9,42.0,5.2
2025-10-11 23:00:00,2025,10,11,23,Huế,Phường Phú Bài,16.409296,107.6779818,45,Good,0,23.5,99,3.4,5.7,152,1009.9,100,10.0,11.2,552.0,11.9,38.0,5.4
2025-10-12 00:00:00,2025,10,12,0,Huế,Phường Phú Bài,16.409296,107.6779818,45,Good,0,23.5,98,0.1,2.6,146,1009.3,100,11.6,12.7,564.0,13.3,33.0,5.7
2025-10-12 01:00:00,2025,10,12,1,Huế,Phường Phú Bài,16.409296,107.6779818,44,Good,0,24.1,98,0.0,2.2,246,1008.2,100,11.9,12.9,558.0,14.0,29.0,5.7
2025-10-12 02:00:00,2025,10,12,2,Huế,Phường Phú Bài,16.409296,107.6779818,44,Good,0,24.0,98,0.0,2.6,254,1008.0,100,11.8,12.8,524.0,13.3,26.0,5.4
2025-10-12 03:00:00,2025,10,12,3,Huế,Phường Phú Bài,16.409296,107.6779818,43,Good,0,24.0,99,0.0,2.6,258,1008.0,100,11.7,12.7,473.0,11.9,25.0,4.9
2025-10-12 04:00:00,2025,10,12,4,Huế,Phường Phú Bài,16.409296,107.6779818,42,Good,0,23.7,98,0.0,3.7,284,1008.2,100,10.8,11.7,433.0,10.8,26.0,4.8
2025-10-12 05:00:00,2025,10,12,5,Huế,Phường Phú Bài,16.409296,107.6779818,42,Good,0,24.0,99,0.0,3.5,249,1008.4,100,10.1,10.9,426.0,10.6,30.0,5.8
2025-10-12 06:00:00,2025,10,12,6,Huế,Phường Phú Bài,16.409296,107.6779818,41,Good,0,24.1,99,0.1,5.8,266,1009.0,100,11.1,11.9,431.0,10.7,37.0,7.2
2025-10-12 07:00:00,2025,10,12,7,Huế,Phường Phú Bài,16.409296,107.6779818,40,Good,0,23.4,99,0.1,4.8,257,1010.1,100,14.2,15.3,419.0,15.8,42.0,8.0
2025-10-12 08:00:00,2025,10,12,8,Huế,Phường Phú Bài,16.409296,107.6779818,39,Good,0,24.0,96,0.2,3.8,239,1010.8,100,8.3,9.5,369.0,12.2,55.0,7.4
2025-10-12 09:00:00,2025,10,12,9,Huế,Phường Phú Bài,16.409296,107.6779818,39,Good,0,25.6,88,0.1,5.0,240,1010.8,100,7.7,8.9,301.0,7.3,73.0,6.4
2025-10-12 10:00:00,2025,10,12,10,Huế,Phường Phú Bài,16.409296,107.6779818,38,Good,0,27.1,80,0.0,4.3,255,1010.4,100,6.1,6.9,251.0,3.6,86.0,5.4
2025-10-12 11:00:00,2025,10,12,11,Huế,Phường Phú Bài,16.409296,107.6779818,38,Good,0,28.5,74,0.2,4.3,315,1009.6,100,4.6,5.1,237.0,2.2,89.0,4.2
2025-10-12 12:00:00,2025,10,12,12,Huế,Phường Phú Bài,16.409296,107.6779818,38,Good,0,29.3,71,0.3,6.2,322,1008.5,100,4.4,4.8,241.0,1.9,88.0,2.9
2025-10-12 13:00:00,2025,10,12,13,Huế,Phường Phú Bài,16.409296,107.6779818,37,Good,0,29.5,71,0.0,8.1,17,1007.6,100,4.3,4.7,240.0,2.0,87.0,2.1
2025-10-12 14:00:00,2025,10,12,14,Huế,Phường Phú Bài,16.409296,107.6779818,37,Good,0,27.4,82,2.6,7.0,23,1007.2,99,5.2,5.7,213.0,1.7,89.0,1.9
2025-10-12 15:00:00,2025,10,12,15,Huế,Phường Phú Bài,16.409296,107.6779818,36,Good,0,27.9,82,0.4,3.4,32,1006.6,43,5.7,6.2,181.0,1.8,92.0,2.3
2025-10-12 16:00:00,2025,10,12,16,Huế,Phường Phú Bài,16.409296,107.6779818,38,Good,0,28.1,78,0.0,5.5,44,1006.6,96,5.0,5.7,182.0,3.0,90.0,2.9
2025-10-12 17:00:00,2025,10,12,17,Huế,Phường Phú Bài,16.409296,107.6779818,40,Good,0,26.0,86,0.7,2.1,142,1007.4,71,6.0,6.6,243.0,6.5,79.0,4.0
2025-10-12 18:00:00,2025,10,12,18,Huế,Phường Phú Bài,16.409296,107.6779818,41,Good,0,25.1,94,0.2,5.8,231,1008.0,63,8.7,9.5,337.0,11.2,64.0,5.4
2025-10-12 19:00:00,2025,10,12,19,Huế,Phường Phú Bài,16.409296,107.6779818,39,Good,0,24.5,99,0.9,4.8,245,1008.9,100,12.5,13.4,423.0,17.2,40.0,6.0
2025-10-12 20:00:00,2025,10,12,20,Huế,Phường Phú Bài,16.409296,107.6779818,36,Good,0,24.2,99,0.9,12.0,208,1009.8,100,10.6,11.3,492.0,16.3,38.0,6.0
2025-10-12 21:00:00,2025,10,12,21,Huế,Phường Phú Bài,16.409296,107.6779818,36,Good,0,23.9,96,0.4,7.1,225,1010.2,100,10.4,11.1,554.0,15.2,36.0,6.1
2025-10-12 22:00:00,2025,10,12,22,Huế,Phường Phú Bài,16.409296,107.6779818,37,Good,0,23.6,96,0.5,7.5,201,1009.8,100,11.5,12.1,593.0,14.4,34.0,6.2
2025-10-12 23:00:00,2025,10,12,23,Huế,Phường Phú Bài,16.409296,107.6779818,37,Good,0,23.5,97,0.0,5.1,252,1009.6,100,11.6,12.1,604.0,14.5,32.0,6.6
2025-10-13 00:00:00,2025,10,13,0,Huế,Phường Phú Bài,16.409296,107.6779818,37,Good,0,23.4,97,0.0,3.5,258,1009.5,100,11.9,12.4,592.0,15.0,31.0,7.1
2025-10-13 01:00:00,2025,10,13,1,Huế,Phường Phú Bài,16.409296,107.6779818,38,Good,0,23.8,98,0.0,3.8,221,1008.4,95,13.0,13.5,559.0,15.4,29.0,7.4
2025-10-13 02:00:00,2025,10,13,2,Huế,Phường Phú Bài,16.409296,107.6779818,38,Good,0,23.6,99,0.0,3.1,280,1008.3,100,14.2,14.6,485.0,15.5,24.0,7.3
2025-10-13 03:00:00,2025,10,13,3,Huế,Phường Phú Bài,16.409296,107.6779818,38,Good,0,23.6,99,0.0,2.1,232,1008.2,100,15.3,15.5,390.0,15.5,19.0,7.0
2025-10-13 04:00:00,2025,10,13,4,Huế,Phường Phú Bài,16.409296,107.6779818,39,Good,0,23.6,100,0.0,2.7,222,1008.1,100,15.9,16.1,331.0,15.3,19.0,7.0
2025-10-13 05:00:00,2025,10,13,5,Huế,Phường Phú Bài,16.409296,107.6779818,40,Good,0,23.8,99,0.0,3.9,217,1008.2,100,16.4,16.6,350.0,15.2,28.0,7.6
2025-10-13 06:00:00,2025,10,13,6,Huế,Phường Phú Bài,16.409296,107.6779818,41,Good,0,23.8,99,0.0,3.4,238,1008.6,99,18.3,18.5,404.0,15.0,43.0,8.5
2025-10-13 07:00:00,2025,10,13,7,Huế,Phường Phú Bài,16.409296,107.6779818,42,Good,0,24.9,95,0.0,4.2,223,1009.7,100,18.8,19.2,425.0,13.3,47.0,8.3
2025-10-13 08:00:00,2025,10,13,8,Huế,Phường Phú Bài,16.409296,107.6779818,43,Good,0,26.5,86,0.0,1.2,51,1010.3,99,13.9,14.4,372.0,10.8,63.0,8.3
2025-10-13 09:00:00,2025,10,13,9,Huế,Phường Phú Bài,16.409296,107.6779818,44,Good,0,27.0,82,0.0,5.1,67,1010.7,100,13.9,14.4,287.0,7.2,86.0,8.2
2025-10-13 10:00:00,2025,10,13,10,Huế,Phường Phú Bài,16.409296,107.6779818,45,Good,0,28.1,78,0.1,4.5,85,1011.0,98,12.4,13.0,219.0,4.5,104.0,7.9
2025-10-13 11:00:00,2025,10,13,11,Huế,Phường Phú Bài,16.409296,107.6779818,46,Good,0,28.2,79,0.1,4.4,35,1009.8,98,11.4,12.0,191.0,3.2,113.0,7.1
2025-10-13 12:00:00,2025,10,13,12,Huế,Phường Phú Bài,16.409296,107.6779818,47,Good,0,29.8,75,0.2,6.1,47,1009.0,89,11.1,11.8,182.0,2.7,118.0,6.1
2025-10-13 13:00:00,2025,10,13,13,Huế,Phường Phú Bài,16.409296,107.6779818,48,Good,0,29.1,75,2.8,9.9,35,1007.8,98,11.2,11.9,178.0,2.7,117.0,5.1
2025-10-13 14:00:00,2025,10,13,14,Huế,Phường Phú Bài,16.409296,107.6779818,49,Good,0,27.0,85,4.4,6.3,149,1007.3,98,9.7,10.3,167.0,2.8,110.0,4.1
2025-10-13 15:00:00,2025,10,13,15,Huế,Phường Phú Bài,16.409296,107.6779818,50,Good,0,28.0,82,0.3,2.1,160,1007.2,97,9.1,9.7,162.0,3.4,97.0,3.2
2025-10-13 16:00:00,2025,10,13,16,Huế,Phường Phú Bài,16.409296,107.6779818,50,Good,0,27.2,86,1.8,2.8,195,1007.2,100,8.8,9.5,188.0,5.1,84.0,2.9
2025-10-13 17:00:00,2025,10,13,17,Huế,Phường Phú Bài,16.409296,107.6779818,51,Moderate,1,25.3,96,4.3,5.7,224,1007.6,100,9.8,10.4,269.0,8.9,69.0,3.7
2025-10-13 18:00:00,2025,10,13,18,Huế,Phường Phú Bài,16.409296,107.6779818,51,Moderate,1,24.9,97,0.1,6.9,229,1008.2,98,12.2,12.8,380.0,13.9,54.0,5.2
2025-10-13 19:00:00,2025,10,13,19,Huế,Phường Phú Bài,16.409296,107.6779818,51,Moderate,1,25.0,98,0.0,5.0,218,1008.8,87,17.3,18.5,477.0,18.1,43.0,6.7
2025-10-13 20:00:00,2025,10,13,20,Huế,Phường Phú Bài,16.409296,107.6779818,52,Moderate,1,24.9,99,0.2,2.0,265,1009.2,69,17.7,19.2,554.0,18.6,39.0,7.0
2025-10-13 21:00:00,2025,10,13,21,Huế,Phường Phú Bài,16.409296,107.6779818,52,Moderate,1,24.6,99,0.0,2.7,238,1009.6,96,18.8,20.1,616.0,19.3,33.0,7.5
2025-10-13 22:00:00,2025,10,13,22,Huế,Phường Phú Bài,16.409296,107.6779818,53,Moderate,1,24.4,99,0.0,3.6,233,1009.7,100,18.7,20.0,629.0,19.6,28.0,7.6
2025-10-13 23:00:00,2025,10,13,23,Huế,Phường Phú Bài,16.409296,107.6779818,54,Moderate,1,24.2,98,0.0,4.4,243,1009.7,100,18.6,19.6,558.0,19.3,25.0,7.2
2025-10-14 00:00:00,2025,10,14,0,Huế,Phường Phú Bài,16.409296,107.6779818,54,Moderate,1,24.0,98,0.0,3.0,245,1009.2,100,18.2,18.7,438.0,18.7,23.0,6.5
2025-10-14 01:00:00,2025,10,14,1,Huế,Phường Phú Bài,16.409296,107.6779818,55,Moderate,1,24.1,99,0.0,3.8,259,1008.8,98,19.3,19.8,345.0,18.0,21.0,5.9
2025-10-14 02:00:00,2025,10,14,2,Huế,Phường Phú Bài,16.409296,107.6779818,56,Moderate,1,24.2,98,0.0,3.6,229,1008.0,99,20.5,21.0,306.0,17.3,19.0,5.6
2025-10-14 03:00:00,2025,10,14,3,Huế,Phường Phú Bài,16.409296,107.6779818,56,Moderate,1,23.9,99,0.0,4.3,248,1007.7,95,21.2,21.8,294.0,16.6,18.0,5.4
2025-10-14 04:00:00,2025,10,14,4,Huế,Phường Phú Bài,16.409296,107.6779818,57,Moderate,1,23.5,99,0.0,3.1,230,1007.7,99,19.0,19.6,298.0,15.9,21.0,5.5
2025-10-14 05:00:00,2025,10,14,5,Huế,Phường Phú Bài,16.409296,107.6779818,57,Moderate,1,23.6,99,0.0,5.0,226,1008.1,100,16.0,16.4,333.0,15.7,28.0,6.3
2025-10-14 06:00:00,2025,10,14,6,Huế,Phường Phú Bài,16.409296,107.6779818,57,Moderate,1,23.6,99,0.0,4.3,228,1008.7,100,17.6,18.0,384.0,15.6,40.0,7.4
2025-10-14 07:00:00,2025,10,14,7,Huế,Phường Phú Bài,16.409296,107.6779818,57,Moderate,1,24.6,98,0.0,5.1,207,1009.4,100,15.8,16.2,401.0,11.4,54.0,6.0
2025-10-14 08:00:00,2025,10,14,8,Huế,Phường Phú Bài,16.409296,107.6779818,57,Moderate,1,26.8,88,0.0,2.7,228,1009.8,100,10.7,11.2,346.0,9.4,68.0,5.8
2025-10-14 09:00:00,2025,10,14,9,Huế,Phường Phú Bài,16.409296,107.6779818,56,Moderate,1,28.6,77,0.0,2.3,113,1010.1,100,9.8,10.3,256.0,6.6,86.0,5.4
2025-10-14 10:00:00,2025,10,14,10,Huế,Phường Phú Bài,16.409296,107.6779818,56,Moderate,1,29.9,69,0.0,5.6,94,1010.2,99,9.3,9.8,190.0,4.4,100.0,5.0
2025-10-14 11:00:00,2025,10,14,11,Huế,Phường Phú Bài,16.409296,107.6779818,56,Moderate,1,30.4,67,0.2,6.5,76,1009.5,100,7.6,8.3,176.0,3.4,104.0,4.4
2025-10-14 12:00:00,2025,10,14,12,Huế,Phường Phú Bài,16.409296,107.6779818,55,Moderate,1,30.5,70,0.1,9.6,60,1008.3,100,6.8,7.4,187.0,2.9,103.0,3.7
2025-10-14 13:00:00,2025,10,14,13,Huế,Phường Phú Bài,16.409296,107.6779818,55,Moderate,1,28.9,77,1.6,9.6,103,1008.0,98,7.1,7.7,197.0,2.9,100.0,3.1
2025-10-14 14:00:00,2025,10,14,14,Huế,Phường Phú Bài,16.409296,107.6779818,55,Moderate,1,29.1,77,0.8,9.3,81,1007.7,97,7.4,8.0,179.0,3.0,97.0,2.7
2025-10-14 15:00:00,2025,10,14,15,Huế,Phường Phú Bài,16.409296,107.6779818,54,Moderate,1,28.2,83,0.8,5.0,109,1007.5,100,7.2,7.7,161.0,3.5,93.0,2.5
2025-10-14 16:00:00,2025,10,14,16,Huế,Phường Phú Bài,16.409296,107.6779818,54,Moderate,1,25.5,88,14.6,7.3,261,1008.1,98,6.7,7.2,199.0,4.8,86.0,2.7
2025-10-14 17:00:00,2025,10,14,17,Huế,Phường Phú Bài,16.409296,107.6779818,54,Moderate,1,25.0,92,0.1,6.2,282,1008.0,98,7.7,8.1,355.0,7.7,74.0,3.5
2025-10-14 18:00:00,2025,10,14,18,Huế,Phường Phú Bài,16.409296,107.6779818,54,Moderate,1,24.1,97,0.0,6.5,264,1008.6,97,10.7,11.1,568.0,11.5,60.0,4.7
2025-10-14 19:00:00,2025,10,14,19,Huế,Phường Phú Bài,16.409296,107.6779818,54,Moderate,1,24.7,99,0.0,8.0,275,1009.2,100,13.7,14.2,710.0,12.5,58.0,5.2
2025-10-14 20:00:00,2025,10,14,20,Huế,Phường Phú Bài,16.409296,107.6779818,53,Moderate,1,24.5,98,0.0,6.4,260,1010.4,100,14.8,15.2,719.0,13.0,52.0,5.3
2025-10-14 21:00:00,2025,10,14,21,Huế,Phường Phú Bài,16.409296,107.6779818,53,Moderate,1,24.3,99,0.0,4.4,249,1010.4,100,14.7,15.1,658.0,13.7,43.0,5.5
2025-10-14 22:00:00,2025,10,14,22,Huế,Phường Phú Bài,16.409296,107.6779818,53,Moderate,1,24.1,99,0.0,1.6,243,1010.4,95,15.0,15.4,590.0,14.0,35.0,5.4
2025-10-14 23:00:00,2025,10,14,23,Huế,Phường Phú Bài,16.409296,107.6779818,52,Moderate,1,23.9,99,0.0,1.5,234,1010.0,82,14.6,15.0,531.0,13.6,30.0,4.9
2025-10-15 00:00:00,2025,10,15,0,Huế,Phường Phú Bài,16.409296,107.6779818,52,Moderate,1,23.9,98,0.0,0.9,233,1009.9,98,14.2,14.6,465.0,12.8,27.0,4.2
2025-10-15 01:00:00,2025,10,15,1,Huế,Phường Phú Bài,16.409296,107.6779818,52,Moderate,1,24.2,97,0.0,2.4,171,1008.9,93,13.7,14.1,404.0,12.0,25.0,3.7
2025-10-15 02:00:00,2025,10,15,2,Huế,Phường Phú Bài,16.409296,107.6779818,51,Moderate,1,24.0,96,0.0,1.1,198,1008.4,96,13.2,13.6,349.0,11.0,23.0,3.4
2025-10-15 03:00:00,2025,10,15,3,Huế,Phường Phú Bài,16.409296,107.6779818,51,Moderate,1,23.5,99,0.0,3.0,218,1008.3,80,12.5,12.8,300.0,10.0,23.0,3.2
2025-10-15 04:00:00,2025,10,15,4,Huế,Phường Phú Bài,16.409296,107.6779818,50,Good,0,23.1,99,0.0,4.1,218,1008.2,66,12.2,12.5,271.0,9.3,24.0,3.2
2025-10-15 05:00:00,2025,10,15,5,Huế,Phường Phú Bài,16.409296,107.6779818,48,Good,0,22.9,99,0.0,4.3,237,1008.6,100,12.2,12.5,283.0,9.7,27.0,3.6
2025-10-15 06:00:00,2025,10,15,6,Huế,Phường Phú Bài,16.409296,107.6779818,48,Good,0,22.7,100,0.0,5.9,239,1009.3,99,13.2,13.6,315.0,10.4,32.0,4.1
2025-10-15 07:00:00,2025,10,15,7,Huế,Phường Phú Bài,16.409296,107.6779818,47,Good,0,24.8,95,0.0,5.3,208,1010.4,18,15.9,16.5,321.0,10.9,41.0,4.9
2025-10-15 08:00:00,2025,10,15,8,Huế,Phường Phú Bài,16.409296,107.6779818,47,Good,0,27.2,82,0.0,3.5,168,1010.7,20,13.6,14.4,272.0,8.5,57.0,4.5
2025-10-15 09:00:00,2025,10,15,9,Huế,Phường Phú Bài,16.409296,107.6779818,48,Good,0,29.0,74,0.0,6.4,119,1011.0,27,11.1,12.0,198.0,5.2,80.0,4.0
2025-10-15 10:00:00,2025,10,15,10,Huế,Phường Phú Bài,16.409296,107.6779818,48,Good,0,30.0,68,0.0,10.2,98,1010.7,100,8.2,9.3,142.0,2.7,96.0,3.5
2025-10-15 11:00:00,2025,10,15,11,Huế,Phường Phú Bài,16.409296,107.6779818,48,Good,0,30.4,70,0.1,11.9,68,1010.4,93,7.6,9.0,126.0,1.6,100.0,3.0
2025-10-15 12:00:00,2025,10,15,12,Huế,Phường Phú Bài,16.409296,107.6779818,48,Good,0,29.2,75,2.1,14.3,75,1009.9,58,7.1,8.8,128.0,1.3,97.0,2.6
2025-10-15 13:00:00,2025,10,15,13,Huế,Phường Phú Bài,16.409296,107.6779818,48,Good,0,30.2,69,1.1,14.8,77,1009.2,11,6.7,8.5,130.0,1.3,92.0,2.2
2025-10-15 14:00:00,2025,10,15,14,Huế,Phường Phú Bài,16.409296,107.6779818,48,Good,0,29.8,71,0.0,15.3,75,1008.6,77,5.9,7.6,124.0,1.1,84.0,1.9
2025-10-15 15:00:00,2025,10,15,15,Huế,Phường Phú Bài,16.409296,107.6779818,47,Good,0,29.3,71,0.5,15.4,85,1007.7,100,5.2,6.7,117.0,1.2,73.0,1.6
2025-10-15 16:00:00,2025,10,15,16,Huế,Phường Phú Bài,16.409296,107.6779818,47,Good,0,27.8,83,0.8,13.7,76,1007.8,24,5.1,6.5,119.0,2.3,62.0,1.8
2025-10-15 17:00:00,2025,10,15,17,Huế,Phường Phú Bài,16.409296,107.6779818,47,Good,0,27.2,86,0.4,9.9,89,1008.0,31,6.1,7.5,136.0,5.5,52.0,2.7
2025-10-15 18:00:00,2025,10,15,18,Huế,Phường Phú Bài,16.409296,107.6779818,46,Good,0,26.1,85,1.7,6.3,92,1008.4,64,9.0,10.3,161.0,9.7,41.0,3.9
2025-10-15 19:00:00,2025,10,15,19,Huế,Phường Phú Bài,16.409296,107.6779818,46,Good,0,26.2,90,0.8,5.0,111,1008.8,52,11.0,13.1,179.0,12.3,34.0,4.7
2025-10-15 20:00:00,2025,10,15,20,Huế,Phường Phú Bài,16.409296,107.6779818,46,Good,0,25.5,91,0.4,8.7,114,1010.3,41,11.8,13.7,181.0,12.4,32.0,4.8
2025-10-15 21:00:00,2025,10,15,21,Huế,Phường Phú Bài,16.409296,107.6779818,45,Good,0,25.0,92,0.0,4.1,135,1010.6,34,11.4,13.1,176.0,12.5,29.0,5.0
2025-10-15 22:00:00,2025,10,15,22,Huế,Phường Phú Bài,16.409296,107.6779818,45,Good,0,24.6,91,0.0,3.5,195,1010.4,14,11.5,13.2,178.0,12.3,27.0,5.1
2025-10-15 23:00:00,2025,10,15,23,Huế,Phường Phú Bài,16.409296,107.6779818,44,Good,0,24.3,94,0.0,2.1,218,1010.5,96,11.6,13.4,199.0,11.8,27.0,5.2
2025-10-16 00:00:00,2025,10,16,0,Huế,Phường Phú Bài,16.409296,107.6779818,43,Good,0,24.2,96,0.1,1.5,240,1010.4,73,12.7,14.5,226.0,11.0,29.0,5.4
2025-10-16 01:00:00,2025,10,16,1,Huế,Phường Phú Bài,16.409296,107.6779818,43,Good,0,24.6,96,0.1,4.6,81,1009.8,48,11.5,13.4,236.0,10.2,30.0,5.5
2025-10-16 02:00:00,2025,10,16,2,Huế,Phường Phú Bài,16.409296,107.6779818,43,Good,0,24.4,99,0.2,4.8,165,1009.3,100,10.9,12.8,207.0,9.2,31.0,5.5
2025-10-16 03:00:00,2025,10,16,3,Huế,Phường Phú Bài,16.409296,107.6779818,42,Good,0,24.5,97,0.6,4.3,123,1009.1,100,10.3,12.2,162.0,8.1,32.0,5.5
2025-10-16 04:00:00,2025,10,16,4,Huế,Phường Phú Bài,16.409296,107.6779818,42,Good,0,24.0,96,0.9,3.2,128,1009.4,96,9.8,11.8,143.0,7.4,33.0,5.5
2025-10-16 05:00:00,2025,10,16,5,Huế,Phường Phú Bài,16.409296,107.6779818,42,Good,0,23.5,97,1.7,4.7,92,1009.8,100,8.4,10.3,186.0,7.7,34.0,5.4
2025-10-16 06:00:00,2025,10,16,6,Huế,Phường Phú Bài,16.409296,107.6779818,41,Good,0,23.6,97,2.0,4.1,157,1010.5,100,7.2,8.8,256.0,8.5,35.0,5.4
2025-10-16 07:00:00,2025,10,16,7,Huế,Phường Phú Bài,16.409296,107.6779818,40,Good,0,23.5,98,2.3,9.0,232,1011.6,100,10.9,13.2,294.0,9.7,33.0,4.9
2025-10-16 08:00:00,2025,10,16,8,Huế,Phường Phú Bài,16.409296,107.6779818,39,Good,0,23.5,99,1.6,8.3,254,1012.2,100,8.2,10.4,267.0,8.2,41.0,4.7
2025-10-16 09:00:00,2025,10,16,9,Huế,Phường Phú Bài,16.409296,107.6779818,38,Good,0,23.7,99,3.8,7.4,231,1013.0,100,8.2,10.4,209.0,6.0,51.0,4.4
2025-10-16 10:00:00,2025,10,16,10,Huế,Phường Phú Bài,16.409296,107.6779818,38,Good,0,24.1,93,0.7,7.1,218,1012.8,100,8.7,11.1,163.0,4.2,59.0,4.0
2025-10-16 11:00:00,2025,10,16,11,Huế,Phường Phú Bài,16.409296,107.6779818,38,Good,0,25.2,90,1.0,2.4,216,1012.4,100,8.1,10.3,147.0,3.0,62.0,3.2
2025-10-16 12:00:00,2025,10,16,12,Huế,Phường Phú Bài,16.409296,107.6779818,38,Good,0,26.4,84,0.2,2.6,129,1011.3,100,5.8,7.5,143.0,2.1,63.0,2.2
2025-10-16 13:00:00,2025,10,16,13,Huế,Phường Phú Bài,16.409296,107.6779818,37,Good,0,27.0,82,0.1,9.5,89,1010.7,100,5.7,7.4,140.0,1.7,64.0,1.6
2025-10-16 14:00:00,2025,10,16,14,Huế,Phường Phú Bài,16.409296,107.6779818,37,Good,0,26.6,82,0.7,10.2,83,1009.9,100,6.5,8.0,134.0,1.4,66.0,1.7
2025-10-16 15:00:00,2025,10,16,15,Huế,Phường Phú Bài,16.409296,107.6779818,37,Good,0,27.3,79,0.1,9.7,89,1009.2,100,7.0,8.7,130.0,1.6,68.0,2.1
2025-10-16 16:00:00,2025,10,16,16,Huế,Phường Phú Bài,16.409296,107.6779818,38,Good,0,27.6,77,0.1,9.0,87,1008.6,99,6.5,8.2,131.0,3.4,66.0,2.9
2025-10-16 17:00:00,2025,10,16,17,Huế,Phường Phú Bài,16.409296,107.6779818,38,Good,0,26.9,82,0.0,5.4,76,1008.9,63,6.7,8.4,136.0,8.2,56.0,4.2
2025-10-16 18:00:00,2025,10,16,18,Huế,Phường Phú Bài,16.409296,107.6779818,38,Good,0,25.6,86,0.2,5.6,75,1009.4,89,10.4,12.1,148.0,14.7,41.0,5.8
2025-10-16 19:00:00,2025,10,16,19,Huế,Phường Phú Bài,16.409296,107.6779818,38,Good,0,25.4,87,0.5,6.4,79,1010.7,100,14.1,15.7,175.0,18.0,29.0,6.0
2025-10-16 20:00:00,2025,10,16,20,Huế,Phường Phú Bài,16.409296,107.6779818,39,Good,0,24.9,91,0.0,2.7,113,1011.1,100,16.8,18.6,230.0,20.6,27.0,7.8
2025-10-16 21:00:00,2025,10,16,21,Huế,Phường Phú Bài,16.409296,107.6779818,40,Good,0,24.8,91,0.0,2.3,135,1011.5,100,20.0,21.9,301.0,24.2,23.0,10.3
2025-10-16 22:00:00,2025,10,16,22,Huế,Phường Phú Bài,16.409296,107.6779818,41,Good,0,24.6,92,0.0,2.7,184,1011.6,100,23.3,25.3,365.0,26.9,20.0,11.9
2025-10-16 23:00:00,2025,10,16,23,Huế,Phường Phú Bài,16.409296,107.6779818,43,Good,0,24.9,91,0.1,0.6,252,1011.8,100,24.7,26.7,427.0,28.6,17.0,12.1
2025-10-17 00:00:00,2025,10,17,0,Huế,Phường Phú Bài,16.409296,107.6779818,46,Good,0,24.5,94,0.2,3.1,257,1011.7,100,24.9,26.7,484.0,29.4,14.0,11.4
2025-10-17 01:00:00,2025,10,17,1,Huế,Phường Phú Bài,16.409296,107.6779818,48,Good,0,23.4,97,0.1,5.8,166,1011.1,100,24.7,26.4,497.0,28.0,14.0,10.4
2025-10-17 02:00:00,2025,10,17,2,Huế,Phường Phú Bài,16.409296,107.6779818,50,Good,0,23.2,99,0.8,6.7,196,1010.6,100,21.0,22.9,435.0,22.6,21.0,8.8
2025-10-17 03:00:00,2025,10,17,3,Huế,Phường Phú Bài,16.409296,107.6779818,51,Moderate,1,23.0,99,0.5,6.8,220,1009.8,100,16.5,18.6,330.0,15.0,31.0,6.8
2025-10-17 04:00:00,2025,10,17,4,Huế,Phường Phú Bài,16.409296,107.6779818,51,Moderate,1,23.2,99,0.3,3.9,242,1009.9,100,11.8,14.1,246.0,9.4,39.0,5.4
2025-10-17 05:00:00,2025,10,17,5,Huế,Phường Phú Bài,16.409296,107.6779818,52,Moderate,1,23.2,99,1.1,3.0,232,1010.2,100,10.9,13.2,208.0,8.1,42.0,5.0
2025-10-17 06:00:00,2025,10,17,6,Huế,Phường Phú Bài,16.409296,107.6779818,52,Moderate,1,23.5,98,2.2,5.6,63,1011.4,100,11.4,13.8,191.0,8.9,42.0,5.1
2025-10-17 07:00:00,2025,10,17,7,Huế,Phường Phú Bài,16.409296,107.6779818,52,Moderate,1,24.4,97,1.7,7.3,152,1011.9,100,10.5,12.8,177.0,9.6,40.0,4.4
2025-10-17 08:00:00,2025,10,17,8,Huế,Phường Phú Bài,16.409296,107.6779818,52,Moderate,1,24.8,97,1.3,5.9,149,1012.6,100,8.6,11.1,162.0,7.4,47.0,3.8
2025-10-17 09:00:00,2025,10,17,9,Huế,Phường Phú Bài,16.409296,107.6779818,52,Moderate,1,25.5,91,0.5,4.1,157,1012.9,100,9.2,11.9,150.0,4.5,57.0,3.0
2025-10-17 10:00:00,2025,10,17,10,Huế,Phường Phú Bài,16.409296,107.6779818,52,Moderate,1,26.2,90,1.0,3.9,118,1013.1,100,6.2,8.4,141.0,2.2,65.0,2.3
2025-10-17 11:00:00,2025,10,17,11,Huế,Phường Phú Bài,16.409296,107.6779818,52,Moderate,1,27.0,87,0.2,7.2,84,1012.2,98,5.7,7.7,133.0,1.3,68.0,2.0
2025-10-17 12:00:00,2025,10,17,12,Huế,Phường Phú Bài,16.409296,107.6779818,52,Moderate,1,28.0,79,0.1,12.0,66,1011.2,100,5.7,7.8,128.0,1.2,69.0,1.8
2025-10-17 13:00:00,2025,10,17,13,Huế,Phường Phú Bài,16.409296,107.6779818,52,Moderate,1,28.5,79,0.1,15.2,80,1010.6,100,6.6,8.8,125.0,1.3,69.0,1.8
2025-10-17 14:00:00,2025,10,17,14,Huế,Phường Phú Bài,16.409296,107.6779818,52,Moderate,1,28.4,78,0.4,11.5,76,1009.6,99,7.0,9.3,126.0,1.1,70.0,1.8
2025-10-17 15:00:00,2025,10,17,15,Huế,Phường Phú Bài,16.409296,107.6779818,52,Moderate,1,28.7,77,0.1,12.2,77,1008.9,98,7.6,9.9,130.0,1.2,69.0,1.8
2025-10-17 16:00:00,2025,10,17,16,Huế,Phường Phú Bài,16.409296,107.6779818,52,Moderate,1,26.6,87,0.7,7.7,72,1009.0,98,6.8,9.1,137.0,2.8,66.0,2.3
2025-10-17 17:00:00,2025,10,17,17,Huế,Phường Phú Bài,16.409296,107.6779818,52,Moderate,1,25.2,89,1.3,7.0,58,1009.4,98,8.1,10.4,142.0,7.7,57.0,3.6
2025-10-17 18:00:00,2025,10,17,18,Huế,Phường Phú Bài,16.409296,107.6779818,52,Moderate,1,23.9,98,1.3,1.5,240,1009.8,100,11.6,14.0,149.0,14.1,44.0,5.4
2025-10-17 19:00:00,2025,10,17,19,Huế,Phường Phú Bài,16.409296,107.6779818,52,Moderate,1,24.5,97,1.0,2.1,232,1010.8,96,11.8,14.2,170.0,13.4,38.0,4.9
2025-10-17 20:00:00,2025,10,17,20,Huế,Phường Phú Bài,16.409296,107.6779818,52,Moderate,1,24.5,97,2.0,2.2,325,1011.2,100,11.6,14.0,224.0,14.2,35.0,5.5
2025-10-17 21:00:00,2025,10,17,21,Huế,Phường Phú Bài,16.409296,107.6779818,52,Moderate,1,24.1,99,0.6,0.4,243,1011.2,100,12.4,14.6,293.0,15.1,31.0,6.2
2025-10-17 22:00:00,2025,10,17,22,Huế,Phường Phú Bài,16.409296,107.6779818,51,Moderate,1,24.1,100,0.3,1.8,259,1011.1,100,12.7,14.9,331.0,15.0,29.0,6.4
2025-10-17 23:00:00,2025,10,17,23,Huế,Phường Phú Bài,16.409296,107.6779818,50,Good,0,23.8,100,0.8,5.1,212,1011.3,100,11.1,13.1,313.0,13.0,31.0,5.6
2025-10-18 00:00:00,2025,10,18,0,Huế,Phường Phú Bài,16.409296,107.6779818,48,Good,0,23.5,99,0.6,7.5,259,1010.9,100,9.9,12.1,264.0,9.9,34.0,4.2
2025-10-18 01:00:00,2025,10,18,1,Huế,Phường Phú Bài,16.409296,107.6779818,45,Good,0,23.9,98,1.6,5.6,105,1010.4,100,8.8,10.9,222.0,7.4,38.0,3.3
2025-10-18 02:00:00,2025,10,18,2,Huế,Phường Phú Bài,16.409296,107.6779818,42,Good,0,23.6,98,1.5,4.7,198,1009.7,100,8.1,10.7,196.0,5.9,41.0,3.2
2025-10-18 03:00:00,2025,10,18,3,Huế,Phường Phú Bài,16.409296,107.6779818,40,Good,0,23.0,98,6.0,7.6,232,1009.6,100,7.8,10.3,176.0,5.1,44.0,3.4
2025-10-18 04:00:00,2025,10,18,4,Huế,Phường Phú Bài,16.409296,107.6779818,39,Good,0,22.9,98,1.9,7.9,229,1009.6,98,7.7,10.1,168.0,4.8,46.0,3.7
2025-10-18 05:00:00,2025,10,18,5,Huế,Phường Phú Bài,16.409296,107.6779818,38,Good,0,22.8,98,0.7,8.3,269,1009.6,100,7.3,9.3,184.0,5.7,47.0,4.0
2025-10-18 06:00:00,2025,10,18,6,Huế,Phường Phú Bài,16.409296,107.6779818,37,Good,0,22.7,98,5.1,8.3,222,1010.3,100,7.3,9.4,212.0,7.2,48.0,4.4
2025-10-18 07:00:00,2025,10,18,7,Huế,Phường Phú Bài,16.409296,107.6779818,36,Good,0,23.6,98,0.2,2.4,132,1011.5,91,7.9,9.3,228.0,9.5,41.0,5.5
2025-10-18 08:00:00,2025,10,18,8,Huế,Phường Phú Bài,16.409296,107.6779818,36,Good,0,24.5,95,0.9,1.4,293,1011.6,100,7.3,8.8,219.0,7.4,51.0,5.1
2025-10-18 09:00:00,2025,10,18,9,Huế,Phường Phú Bài,16.409296,107.6779818,36,Good,0,25.4,88,0.4,2.1,121,1012.4,100,6.9,8.6,197.0,4.5,65.0,4.6
2025-10-18 10:00:00,2025,10,18,10,Huế,Phường Phú Bài,16.409296,107.6779818,35,Good,0,26.6,81,0.6,3.5,118,1012.5,100,6.9,8.9,176.0,2.4,74.0,4.0
2025-10-18 11:00:00,2025,10,18,11,Huế,Phường Phú Bài,16.409296,107.6779818,36,Good,0,27.0,81,0.7,5.0,139,1011.5,100,5.0,6.5,159.0,1.9,73.0,3.4
2025-10-18 12:00:00,2025,10,18,12,Huế,Phường Phú Bài,16.409296,107.6779818,35,Good,0,28.1,76,0.2,5.4,104,1010.2,100,4.6,6.0,144.0,2.2,68.0,2.8
2025-10-18 13:00:00,2025,10,18,13,Huế,Phường Phú Bài,16.409296,107.6779818,35,Good,0,24.5,95,0.1,2.7,203,1010.4,100,5.3,6.7,133.0,2.6,63.0,2.4
2025-10-18 14:00:00,2025,10,18,14,Huế,Phường Phú Bài,16.409296,107.6779818,35,Good,0,24.9,93,1.7,2.4,63,1009.3,100,6.5,8.1,125.0,2.8,61.0,2.2
2025-10-18 15:00:00,2025,10,18,15,Huế,Phường Phú Bài,16.409296,107.6779818,35,Good,0,24.9,93,1.2,2.3,72,1008.7,100,5.6,7.2,122.0,3.1,60.0,2.2
2025-10-18 16:00:00,2025,10,18,16,Huế,Phường Phú Bài,16.409296,107.6779818,35,Good,0,24.6,96,0.8,1.8,191,1008.6,100,5.9,7.4,137.0,4.3,57.0,2.4
2025-10-18 17:00:00,2025,10,18,17,Huế,Phường Phú Bài,16.409296,107.6779818,34,Good,0,24.4,98,0.5,2.3,176,1009.1,100,7.4,9.0,181.0,7.3,50.0,3.1
2025-10-18 18:00:00,2025,10,18,18,Huế,Phường Phú Bài,16.409296,107.6779818,34,Good,0,23.9,100,0.2,6.7,200,1009.3,100,9.3,11.0,243.0,11.2,41.0,4.1
2025-10-18 19:00:00,2025,10,18,19,Huế,Phường Phú Bài,16.409296,107.6779818,34,Good,0,23.8,96,0.2,4.8,209,1009.7,98,6.6,7.9,300.0,9.8,45.0,3.5
2025-10-18 20:00:00,2025,10,18,20,Huế,Phường Phú Bài,16.409296,107.6779818,33,Good,0,23.4,97,0.0,6.3,219,1009.9,97,5.4,6.5,353.0,10.2,43.0,4.1
2025-10-18 21:00:00,2025,10,18,21,Huế,Phường Phú Bài,16.409296,107.6779818,32,Good,0,23.0,97,0.0,3.6,189,1010.7,98,6.6,8.1,400.0,10.6,39.0,4.9
2025-10-18 22:00:00,2025,10,18,22,Huế,Phường Phú Bài,16.409296,107.6779818,31,Good,0,23.1,98,0.4,4.0,170,1011.2,100,8.2,9.6,418.0,10.5,38.0,5.4
2025-10-18 23:00:00,2025,10,18,23,Huế,Phường Phú Bài,16.409296,107.6779818,30,Good,0,22.4,100,9.9,9.6,218,1011.3,100,8.8,10.2,386.0,9.3,41.0,5.1
2025-10-19 00:00:00,2025,10,19,0,Huế,Phường Phú Bài,16.409296,107.6779818,30,Good,0,22.5,99,1.6,5.0,221,1010.5,100,8.5,10.0,325.0,7.6,45.0,4.5
2025-10-19 01:00:00,2025,10,19,1,Huế,Phường Phú Bài,16.409296,107.6779818,29,Good,0,22.4,98,5.2,7.1,246,1009.8,100,6.5,7.9,269.0,6.1,49.0,3.9
2025-10-19 02:00:00,2025,10,19,2,Huế,Phường Phú Bài,16.409296,107.6779818,29,Good,0,22.8,98,1.2,5.2,258,1009.3,100,4.4,5.5,225.0,5.1,51.0,3.5
2025-10-19 03:00:00,2025,10,19,3,Huế,Phường Phú Bài,16.409296,107.6779818,28,Good,0,23.1,98,1.8,0.2,270,1009.1,100,4.1,5.0,187.0,4.3,52.0,3.2
2025-10-19 04:00:00,2025,10,19,4,Huế,Phường Phú Bài,16.409296,107.6779818,28,Good,0,22.7,100,1.9,2.6,146,1009.0,100,4.0,4.9,171.0,4.3,52.0,3.2
2025-10-19 05:00:00,2025,10,19,5,Huế,Phường Phú Bài,16.409296,107.6779818,27,Good,0,22.3,99,3.5,4.4,215,1009.0,100,4.4,5.4,197.0,6.0,50.0,4.0
2025-10-19 06:00:00,2025,10,19,6,Huế,Phường Phú Bài,16.409296,107.6779818,27,Good,0,22.2,99,0.8,5.6,237,1009.7,100,6.5,7.3,244.0,8.4,48.0,5.2
2025-10-19 07:00:00,2025,10,19,7,Huế,Phường Phú Bài,16.409296,107.6779818,26,Good,0,23.1,98,0.8,5.6,228,1010.5,100,16.8,19.3,271.0,13.0,51.0,6.4
2025-10-19 08:00:00,2025,10,19,8,Huế,Phường Phú Bài,16.409296,107.6779818,28,Good,0,24.9,89,0.0,6.4,207,1011.0,99,10.8,13.5,252.0,9.9,59.0,5.3
2025-10-19 09:00:00,2025,10,19,9,Huế,Phường Phú Bài,16.409296,107.6779818,29,Good,0,26.7,81,0.1,1.3,180,1011.7,78,11.3,14.0,212.0,5.6,70.0,3.9
2025-10-19 10:00:00,2025,10,19,10,Huế,Phường Phú Bài,16.409296,107.6779818,29,Good,0,28.1,73,0.1,4.2,36,1011.3,34,10.9,13.5,181.0,2.5,79.0,2.9
2025-10-19 11:00:00,2025,10,19,11,Huế,Phường Phú Bài,16.409296,107.6779818,30,Good,0,29.0,71,0.1,9.5,53,1010.6,48,9.7,11.9,169.0,1.8,83.0,2.8
2025-10-19 12:00:00,2025,10,19,12,Huế,Phường Phú Bài,16.409296,107.6779818,31,Good,0,29.0,72,0.1,9.8,46,1009.4,100,10.2,12.5,165.0,2.2,84.0,3.2
2025-10-19 13:00:00,2025,10,19,13,Huế,Phường Phú Bài,16.409296,107.6779818,32,Good,0,28.7,70,0.0,14.6,66,1008.8,100,12.1,14.7,166.0,2.7,85.0,3.5
2025-10-19 14:00:00,2025,10,19,14,Huế,Phường Phú Bài,16.409296,107.6779818,33,Good,0,26.2,80,0.9,6.3,110,1008.4,100,13.2,16.1,167.0,2.1,88.0,3.3
2025-10-19 15:00:00,2025,10,19,15,Huế,Phường Phú Bài,16.409296,107.6779818,35,Good,0,27.6,76,0.0,2.8,195,1007.7,100,12.7,15.4,173.0,1.6,91.0,3.1
2025-10-19 16:00:00,2025,10,19,16,Huế,Phường Phú Bài,16.409296,107.6779818,37,Good,0,28.0,74,0.0,2.4,216,1007.6,100,12.2,14.6,191.0,2.9,89.0,3.4
2025-10-19 17:00:00,2025,10,19,17,Huế,Phường Phú Bài,16.409296,107.6779818,39,Good,0,27.1,83,0.0,2.0,243,1007.8,100,13.3,15.0,237.0,8.0,76.0,4.7
2025-10-19 18:00:00,2025,10,19,18,Huế,Phường Phú Bài,16.409296,107.6779818,39,Good,0,25.8,87,0.1,3.2,243,1008.0,100,18.9,21.1,295.0,15.1,57.0,6.5
2025-10-19 19:00:00,2025,10,19,19,Huế,Phường Phú Bài,16.409296,107.6779818,39,Good,0,23.9,98,0.0,10.7,196,1008.6,69,19.2,20.1,325.0,21.0,45.0,8.6
2025-10-19 20:00:00,2025,10,19,20,Huế,Phường Phú Bài,16.409296,107.6779818,41,Good,0,23.9,97,0.3,7.2,269,1009.5,70,16.1,16.9,299.0,19.4,45.0,8.5
2025-10-19 21:00:00,2025,10,19,21,Huế,Phường Phú Bài,16.409296,107.6779818,43,Good,0,23.8,96,0.1,7.2,219,1009.9,52,16.6,17.5,244.0,17.2,44.0,8.2
2025-10-19 22:00:00,2025,10,19,22,Huế,Phường Phú Bài,16.409296,107.6779818,45,Good,0,23.2,100,1.6,5.7,171,1010.2,85,17.5,18.5,202.0,14.9,45.0,7.9
2025-10-19 23:00:00,2025,10,19,23,Huế,Phường Phú Bài,16.409296,107.6779818,47,Good,0,23.1,98,0.4,8.5,209,1010.0,77,15.5,16.6,190.0,12.7,49.0,7.4
2025-10-20 00:00:00,2025,10,20,0,Huế,Phường Phú Bài,16.409296,107.6779818,48,Good,0,23.2,97,0.2,2.8,281,1009.9,100,14.6,15.8,190.0,10.5,55.0,6.7
2025-10-20 01:00:00,2025,10,20,1,Huế,Phường Phú Bài,16.409296,107.6779818,49,Good,0,23.0,99,0.3,3.8,251,1008.4,100,14.8,15.9,190.0,8.6,58.0,6.1
2025-10-20 02:00:00,2025,10,20,2,Huế,Phường Phú Bài,16.409296,107.6779818,50,Good,0,23.0,99,1.2,7.5,262,1008.4,100,9.5,10.4,182.0,7.1,57.0,5.3
2025-10-20 03:00:00,2025,10,20,3,Huế,Phường Phú Bài,16.409296,107.6779818,51,Moderate,1,22.4,100,2.2,8.8,235,1008.3,100,6.5,7.2,174.0,5.9,54.0,4.5
2025-10-20 04:00:00,2025,10,20,4,Huế,Phường Phú Bài,16.409296,107.6779818,51,Moderate,1,22.5,99,0.6,8.1,219,1007.6,84,6.3,6.9,182.0,5.4,53.0,4.2
2025-10-20 05:00:00,2025,10,20,5,Huế,Phường Phú Bài,16.409296,107.6779818,51,Moderate,1,22.5,99,0.1,9.2,178,1008.6,96,7.4,8.2,222.0,6.4,55.0,4.9
2025-10-20 06:00:00,2025,10,20,6,Huế,Phường Phú Bài,16.409296,107.6779818,51,Moderate,1,22.6,98,0.1,8.3,186,1009.1,63,5.6,6.1,277.0,8.1,59.0,6.1
2025-10-20 07:00:00,2025,10,20,7,Huế,Phường Phú Bài,16.409296,107.6779818,51,Moderate,1,24.1,97,0.1,6.2,190,1009.7,66,9.0,9.6,316.0,9.0,61.0,6.4
2025-10-20 08:00:00,2025,10,20,8,Huế,Phường Phú Bài,16.409296,107.6779818,51,Moderate,1,25.4,91,0.2,9.7,199,1010.3,47,10.2,11.0,321.0,7.0,76.0,6.6
2025-10-20 09:00:00,2025,10,20,9,Huế,Phường Phú Bài,16.409296,107.6779818,50,Good,0,27.2,82,0.0,4.4,243,1010.6,21,11.8,12.9,310.0,4.3,97.0,6.9
2025-10-20 10:00:00,2025,10,20,10,Huế,Phường Phú Bài,16.409296,107.6779818,51,Moderate,1,29.2,72,0.1,11.6,332,1010.1,16,13.4,14.9,304.0,2.2,114.0,7.1
2025-10-20 11:00:00,2025,10,20,11,Huế,Phường Phú Bài,16.409296,107.6779818,51,Moderate,1,30.2,64,0.1,15.5,351,1009.2,59,15.5,17.3,312.0,1.4,125.0,7.4
2025-10-20 12:00:00,2025,10,20,12,Huế,Phường Phú Bài,16.409296,107.6779818,51,Moderate,1,29.0,75,1.3,11.9,10,1008.9,36,17.3,19.2,326.0,1.4,132.0,7.6
2025-10-20 13:00:00,2025,10,20,13,Huế,Phường Phú Bài,16.409296,107.6779818,52,Moderate,1,30.2,66,0.0,13.8,13,1008.1,61,19.5,21.4,339.0,1.6,136.0,7.6
2025-10-20 14:00:00,2025,10,20,14,Huế,Phường Phú Bài,16.409296,107.6779818,53,Moderate,1,29.1,73,0.2,14.5,11,1007.5,95,21.5,23.4,351.0,2.0,137.0,7.2
2025-10-20 15:00:00,2025,10,20,15,Huế,Phường Phú Bài,16.409296,107.6779818,53,Moderate,1,29.3,71,0.1,16.7,7,1006.8,92,22.8,24.9,364.0,2.6,135.0,6.6
2025-10-20 16:00:00,2025,10,20,16,Huế,Phường Phú Bài,16.409296,107.6779818,69,Moderate,1,28.5,75,0.1,16.4,1,1006.9,27,21.9,24.0,372.0,3.6,130.0,6.2
2025-10-20 17:00:00,2025,10,20,17,Huế,Phường Phú Bài,16.409296,107.6779818,81,Moderate,1,27.6,77,0.0,16.1,355,1007.1,26,22.2,24.7,374.0,5.5,121.0,6.1
2025-10-20 18:00:00,2025,10,20,18,Huế,Phường Phú Bài,16.409296,107.6779818,86,Moderate,1,26.8,81,0.0,15.0,354,1007.6,13,22.9,25.3,372.0,7.7,110.0,6.3
2025-10-20 19:00:00,2025,10,20,19,Huế,Phường Phú Bài,16.409296,107.6779818,85,Moderate,1,27.1,78,0.0,14.4,338,1008.1,56,19.7,23.1,372.0,5.3,102.0,5.8
2025-10-20 20:00:00,2025,10,20,20,Huế,Phường Phú Bài,16.409296,107.6779818,80,Moderate,1,26.1,81,0.3,12.7,313,1008.9,52,18.4,21.5,381.0,5.0,102.0,5.6
2025-10-20 21:00:00,2025,10,20,21,Huế,Phường Phú Bài,16.409296,107.6779818,74,Moderate,1,25.0,90,1.5,9.6,298,1009.7,63,17.9,21.2,393.0,4.6,102.0,5.3
2025-10-20 22:00:00,2025,10,20,22,Huế,Phường Phú Bài,16.409296,107.6779818,66,Moderate,1,25.3,90,0.0,9.6,303,1010.1,83,17.3,20.7,393.0,4.2,101.0,5.1
2025-10-20 23:00:00,2025,10,20,23,Huế,Phường Phú Bài,16.409296,107.6779818,59,Moderate,1,25.2,87,0.1,9.0,308,1010.0,70,16.9,19.8,371.0,4.0,100.0,5.1
2025-10-21 00:00:00,2025,10,21,0,Huế,Phường Phú Bài,16.409296,107.6779818,57,Moderate,1,24.7,90,0.6,10.5,297,1009.9,59,15.8,18.3,338.0,3.8,99.0,5.2
2025-10-21 01:00:00,2025,10,21,1,Huế,Phường Phú Bài,16.409296,107.6779818,57,Moderate,1,24.5,91,0.4,11.6,314,1009.2,80,14.2,16.5,312.0,3.6,97.0,5.2
2025-10-21 02:00:00,2025,10,21,2,Huế,Phường Phú Bài,16.409296,107.6779818,57,Moderate,1,24.6,93,0.2,13.3,351,1008.4,80,12.1,14.1,298.0,3.3,95.0,5.1
2025-10-21 03:00:00,2025,10,21,3,Huế,Phường Phú Bài,16.409296,107.6779818,57,Moderate,1,24.3,89,0.7,17.0,329,1008.6,89,10.8,12.6,293.0,3.0,92.0,4.9
2025-10-21 04:00:00,2025,10,21,4,Huế,Phường Phú Bài,16.409296,107.6779818,57,Moderate,1,25.1,87,0.4,16.6,338,1008.1,99,10.2,11.8,302.0,3.2,88.0,5.1
2025-10-21 05:00:00,2025,10,21,5,Huế,Phường Phú Bài,16.409296,107.6779818,58,Moderate,1,25.5,84,1.2,15.9,340,1008.4,79,12.0,14.3,343.0,4.3,82.0,5.9
2025-10-21 06:00:00,2025,10,21,6,Huế,Phường Phú Bài,16.409296,107.6779818,58,Moderate,1,24.6,85,0.5,12.9,310,1009.2,100,14.6,17.3,399.0,5.9,75.0,7.0
2025-10-21 07:00:00,2025,10,21,7,Huế,Phường Phú Bài,16.409296,107.6779818,59,Moderate,1,23.7,96,1.1,10.7,287,1010.1,100,16.1,18.9,429.0,5.7,77.0,6.3
2025-10-21 08:00:00,2025,10,21,8,Huế,Phường Phú Bài,16.409296,107.6779818,59,Moderate,1,26.1,87,1.1,11.5,320,1010.8,100,16.4,19.2,407.0,5.1,79.0,6.0
2025-10-21 09:00:00,2025,10,21,9,Huế,Phường Phú Bài,16.409296,107.6779818,60,Moderate,1,27.1,76,1.7,19.0,340,1011.4,100,17.6,20.4,359.0,4.2,83.0,5.7
2025-10-21 10:00:00,2025,10,21,10,Huế,Phường Phú Bài,16.409296,107.6779818,61,Moderate,1,28.4,70,0.6,22.6,335,1011.2,99,16.6,18.5,321.0,3.5,87.0,5.3
2025-10-21 11:00:00,2025,10,21,11,Huế,Phường Phú Bài,16.409296,107.6779818,61,Moderate,1,28.5,69,0.4,26.7,344,1010.5,97,15.8,17.9,309.0,3.0,92.0,4.9
2025-10-21 12:00:00,2025,10,21,12,Huế,Phường Phú Bài,16.409296,107.6779818,61,Moderate,1,27.3,77,2.0,26.3,346,1009.8,94,15.6,18.8,307.0,2.5,98.0,4.5
2025-10-21 13:00:00,2025,10,21,13,Huế,Phường Phú Bài,16.409296,107.6779818,61,Moderate,1,26.4,83,0.6,17.9,351,1009.3,100,13.7,16.9,310.0,2.4,102.0,4.2
2025-10-21 14:00:00,2025,10,21,14,Huế,Phường Phú Bài,16.409296,107.6779818,60,Moderate,1,25.6,87,3.2,17.3,339,1008.9,100,13.4,16.8,317.0,2.7,104.0,4.2
2025-10-21 15:00:00,2025,10,21,15,Huế,Phường Phú Bài,16.409296,107.6779818,59,Moderate,1,24.2,95,2.1,18.1,339,1008.9,100,14.9,18.0,328.0,3.3,104.0,4.3
2025-10-21 16:00:00,2025,10,21,16,Huế,Phường Phú Bài,16.409296,107.6779818,59,Moderate,1,24.5,94,1.9,16.6,331,1008.6,100,14.8,18.0,335.0,3.8,103.0,4.4
2025-10-21 17:00:00,2025,10,21,17,Huế,Phường Phú Bài,16.409296,107.6779818,58,Moderate,1,24.8,88,1.0,20.1,335,1008.5,100,14.1,17.1,336.0,4.2,99.0,4.4
2025-10-21 18:00:00,2025,10,21,18,Huế,Phường Phú Bài,16.409296,107.6779818,57,Moderate,1,23.6,92,0.5,17.7,343,1009.3,100,13.7,16.6,334.0,4.5,94.0,4.4
2025-10-21 19:00:00,2025,10,21,19,Huế,Phường Phú Bài,16.409296,107.6779818,57,Moderate,1,24.8,83,2.6,18.9,344,1010.0,100,10.8,13.2,330.0,4.8,77.0,4.6
2025-10-21 20:00:00,2025,10,21,20,Huế,Phường Phú Bài,16.409296,107.6779818,56,Moderate,1,25.1,84,0.4,18.3,350,1010.7,100,11.1,13.6,327.0,4.4,78.0,4.5
2025-10-21 21:00:00,2025,10,21,21,Huế,Phường Phú Bài,16.409296,107.6779818,55,Moderate,1,25.1,84,1.0,17.4,352,1010.9,100,11.7,14.2,322.0,3.8,79.0,4.3
2025-10-21 22:00:00,2025,10,21,22,Huế,Phường Phú Bài,16.409296,107.6779818,55,Moderate,1,24.8,84,0.2,17.0,347,1010.6,100,12.7,15.4,314.0,3.3,79.0,4.2
2025-10-21 23:00:00,2025,10,21,23,Huế,Phường Phú Bài,16.409296,107.6779818,54,Moderate,1,24.3,87,0.7,18.8,341,1010.8,100,13.5,16.2,299.0,3.0,79.0,4.3
2025-10-22 00:00:00,2025,10,22,0,Huế,Phường Phú Bài,16.409296,107.6779818,54,Moderate,1,24.2,90,0.8,15.0,322,1010.6,100,13.7,16.3,280.0,2.7,78.0,4.5
2025-10-22 01:00:00,2025,10,22,1,Huế,Phường Phú Bài,16.409296,107.6779818,54,Moderate,1,23.8,92,2.1,12.8,320,1009.5,100,14.6,17.3,266.0,2.5,76.0,4.7
2025-10-22 02:00:00,2025,10,22,2,Huế,Phường Phú Bài,16.409296,107.6779818,54,Moderate,1,23.6,95,2.2,14.9,341,1009.2,100,13.7,16.2,259.0,2.4,73.0,4.7
2025-10-22 03:00:00,2025,10,22,3,Huế,Phường Phú Bài,16.409296,107.6779818,54,Moderate,1,23.8,95,3.8,15.8,341,1009.3,100,12.7,15.1,257.0,2.3,70.0,4.7
2025-10-22 04:00:00,2025,10,22,4,Huế,Phường Phú Bài,16.409296,107.6779818,54,Moderate,1,24.5,88,0.9,18.5,342,1009.0,100,13.1,15.7,261.0,2.5,67.0,4.7
2025-10-22 05:00:00,2025,10,22,5,Huế,Phường Phú Bài,16.409296,107.6779818,54,Moderate,1,24.6,84,0.3,18.3,334,1009.1,100,13.1,15.7,276.0,3.1,63.0,4.7
2025-10-22 06:00:00,2025,10,22,6,Huế,Phường Phú Bài,16.409296,107.6779818,54,Moderate,1,24.6,85,1.8,21.4,337,1010.0,100,13.0,15.7,297.0,3.8,59.0,4.7
2025-10-22 07:00:00,2025,10,22,7,Huế,Phường Phú Bài,16.409296,107.6779818,54,Moderate,1,23.7,86,1.0,17.9,341,1011.0,100,11.0,13.6,309.0,4.7,58.0,5.0
2025-10-22 08:00:00,2025,10,22,8,Huế,Phường Phú Bài,16.409296,107.6779818,54,Moderate,1,25.0,81,0.2,20.3,340,1011.4,100,10.2,12.8,302.0,3.9,62.0,4.6
2025-10-22 09:00:00,2025,10,22,9,Huế,Phường Phú Bài,16.409296,107.6779818,53,Moderate,1,25.1,81,1.5,20.7,346,1012.2,100,8.6,11.3,285.0,2.8,68.0,4.1
2025-10-22 10:00:00,2025,10,22,10,Huế,Phường Phú Bài,16.409296,107.6779818,52,Moderate,1,23.4,94,1.9,20.0,341,1012.6,100,8.1,10.8,273.0,2.2,72.0,3.8
2025-10-22 11:00:00,2025,10,22,11,Huế,Phường Phú Bài,16.409296,107.6779818,52,Moderate,1,24.5,83,0.9,22.4,339,1011.7,100,7.6,10.1,270.0,2.4,72.0,3.8
2025-10-22 12:00:00,2025,10,22,12,Huế,Phường Phú Bài,16.409296,107.6779818,51,Moderate,1,24.5,83,0.7,25.9,341,1011.0,100,7.3,9.5,271.0,3.0,70.0,3.9
2025-10-22 13:00:00,2025,10,22,13,Huế,Phường Phú Bài,16.409296,107.6779818,50,Good,0,22.9,94,1.2,21.0,325,1010.6,100,7.1,8.8,274.0,3.6,69.0,4.0
2025-10-22 14:00:00,2025,10,22,14,Huế,Phường Phú Bài,16.409296,107.6779818,49,Good,0,23.0,94,1.9,18.7,322,1010.1,100,6.5,7.8,278.0,4.0,71.0,3.9
2025-10-22 15:00:00,2025,10,22,15,Huế,Phường Phú Bài,16.409296,107.6779818,48,Good,0,22.9,94,0.9,17.3,318,1009.9,100,6.7,7.9,284.0,4.4,73.0,3.9
2025-10-22 16:00:00,2025,10,22,16,Huế,Phường Phú Bài,16.409296,107.6779818,47,Good,0,22.8,94,1.3,19.2,333,1010.0,100,6.6,7.9,287.0,4.6,75.0,3.8
2025-10-22 17:00:00,2025,10,22,17,Huế,Phường Phú Bài,16.409296,107.6779818,45,Good,0,22.6,95,2.7,23.4,336,1010.0,100,6.7,7.9,285.0,4.6,76.0,3.8
2025-10-22 18:00:00,2025,10,22,18,Huế,Phường Phú Bài,16.409296,107.6779818,44,Good,0,23.0,90,0.8,22.2,333,1010.1,100,5.9,7.0,281.0,4.6,76.0,3.9
2025-10-22 19:00:00,2025,10,22,19,Huế,Phường Phú Bài,16.409296,107.6779818,43,Good,0,22.9,93,1.4,16.1,324,1010.6,100,6.9,8.3,272.0,5.0,70.0,3.9
2025-10-22 20:00:00,2025,10,22,20,Huế,Phường Phú Bài,16.409296,107.6779818,42,Good,0,23.1,92,1.4,15.9,313,1011.1,99,5.8,7.0,255.0,5.0,70.0,3.9
2025-10-22 21:00:00,2025,10,22,21,Huế,Phường Phú Bài,16.409296,107.6779818,41,Good,0,22.9,95,1.2,15.4,323,1011.2,100,5.3,6.6,234.0,5.0,69.0,4.0
2025-10-22 22:00:00,2025,10,22,22,Huế,Phường Phú Bài,16.409296,107.6779818,40,Good,0,23.5,91,1.4,17.2,332,1011.2,100,5.6,7.1,221.0,5.0,68.0,4.1
2025-10-22 23:00:00,2025,10,22,23,Huế,Phường Phú Bài,16.409296,107.6779818,39,Good,0,23.0,94,1.0,12.4,346,1010.9,100,5.2,6.6,223.0,5.0,65.0,4.4
2025-10-23 00:00:00,2025,10,23,0,Huế,Phường Phú Bài,16.409296,107.6779818,37,Good,0,22.9,94,1.3,14.7,335,1010.5,100,4.5,5.7,233.0,5.0,61.0,4.8
2025-10-23 01:00:00,2025,10,23,1,Huế,Phường Phú Bài,16.409296,107.6779818,36,Good,0,22.9,93,4.0,18.9,339,1010.0,100,3.9,5.0,242.0,5.0,58.0,5.1
2025-10-23 02:00:00,2025,10,23,2,Huế,Phường Phú Bài,16.409296,107.6779818,34,Good,0,22.4,94,3.6,14.5,332,1009.4,100,3.6,4.6,240.0,4.8,57.0,5.3
2025-10-23 03:00:00,2025,10,23,3,Huế,Phường Phú Bài,16.409296,107.6779818,32,Good,0,22.4,94,6.0,16.0,337,1009.1,100,3.7,4.8,237.0,4.5,57.0,5.6
2025-10-23 04:00:00,2025,10,23,4,Huế,Phường Phú Bài,16.409296,107.6779818,31,Good,0,22.6,94,3.1,20.0,356,1009.4,100,4.6,6.1,248.0,4.7,56.0,5.7
2025-10-23 05:00:00,2025,10,23,5,Huế,Phường Phú Bài,16.409296,107.6779818,29,Good,0,22.8,93,2.3,19.5,4,1009.6,100,4.8,6.4,292.0,5.8,54.0,5.8
2025-10-23 06:00:00,2025,10,23,6,Huế,Phường Phú Bài,16.409296,107.6779818,28,Good,0,22.9,95,3.5,21.4,1,1010.4,100,5.2,6.7,350.0,7.3,50.0,5.8
2025-10-23 07:00:00,2025,10,23,7,Huế,Phường Phú Bài,16.409296,107.6779818,27,Good,0,22.7,95,1.6,14.8,358,1011.2,100,6.0,8.0,385.0,6.9,55.0,5.9
2025-10-23 08:00:00,2025,10,23,8,Huế,Phường Phú Bài,16.409296,107.6779818,26,Good,0,23.3,96,3.3,18.9,4,1011.8,100,6.2,8.0,372.0,6.4,57.0,5.7
2025-10-23 09:00:00,2025,10,23,9,Huế,Phường Phú Bài,16.409296,107.6779818,26,Good,0,23.3,96,5.3,17.3,4,1012.8,100,6.2,8.1,336.0,5.8,59.0,5.5
2025-10-23 10:00:00,2025,10,23,10,Huế,Phường Phú Bài,16.409296,107.6779818,26,Good,0,23.3,96,8.6,13.9,349,1013.0,100,6.8,9.4,311.0,5.4,62.0,5.3
2025-10-23 11:00:00,2025,10,23,11,Huế,Phường Phú Bài,16.409296,107.6779818,26,Good,0,23.5,95,10.6,13.3,328,1012.7,100,7.2,9.6,315.0,5.3,65.0,5.0
2025-10-23 12:00:00,2025,10,23,12,Huế,Phường Phú Bài,16.409296,107.6779818,27,Good,0,23.2,96,10.0,14.3,327,1012.0,100,7.1,9.5,331.0,5.4,68.0,4.8
2025-10-23 13:00:00,2025,10,23,13,Huế,Phường Phú Bài,16.409296,107.6779818,27,Good,0,23.8,94,12.3,17.5,338,1010.9,100,7.2,9.3,344.0,5.6,71.0,4.6
2025-10-23 14:00:00,2025,10,23,14,Huế,Phường Phú Bài,16.409296,107.6779818,28,Good,0,23.4,96,9.4,17.8,332,1010.7,100,7.7,10.1,348.0,5.8,75.0,4.6
2025-10-23 15:00:00,2025,10,23,15,Huế,Phường Phú Bài,16.409296,107.6779818,30,Good,0,23.4,95,6.6,14.7,335,1010.6,100,9.0,11.5,349.0,6.0,79.0,4.7
2025-10-23 16:00:00,2025,10,23,16,Huế,Phường Phú Bài,16.409296,107.6779818,31,Good,0,23.0,96,4.1,10.3,314,1011.0,100,9.2,11.7,344.0,6.4,81.0,4.8
2025-10-23 17:00:00,2025,10,23,17,Huế,Phường Phú Bài,16.409296,107.6779818,32,Good,0,22.6,96,3.0,10.9,304,1011.2,100,9.1,11.4,332.0,7.0,79.0,4.8
2025-10-23 18:00:00,2025,10,23,18,Huế,Phường Phú Bài,16.409296,107.6779818,34,Good,0,22.7,97,6.3,8.5,299,1011.5,100,8.4,10.4,314.0,7.7,75.0,4.7
2025-10-23 19:00:00,2025,10,23,19,Huế,Phường Phú Bài,16.409296,107.6779818,34,Good,0,23.4,94,5.8,14.6,310,1012.1,100,9.9,11.6,299.0,8.2,77.0,4.8
2025-10-23 20:00:00,2025,10,23,20,Huế,Phường Phú Bài,16.409296,107.6779818,35,Good,0,23.1,97,15.7,13.5,303,1012.8,100,10.1,11.8,288.0,8.0,75.0,4.8
2025-10-23 21:00:00,2025,10,23,21,Huế,Phường Phú Bài,16.409296,107.6779818,35,Good,0,23.4,97,8.7,10.3,338,1013.4,100,10.4,11.9,280.0,7.6,72.0,4.9
2025-10-23 22:00:00,2025,10,23,22,Huế,Phường Phú Bài,16.409296,107.6779818,36,Good,0,23.8,96,4.0,12.0,22,1013.0,99,9.7,10.5,275.0,7.3,68.0,4.9
2025-10-23 23:00:00,2025,10,23,23,Huế,Phường Phú Bài,16.409296,107.6779818,35,Good,0,23.9,94,0.4,14.7,49,1013.2,99,8.4,9.1,275.0,7.0,64.0,4.8
2025-10-24 00:00:00,2025,10,24,0,Huế,Phường Phú Bài,16.409296,107.6779818,34,Good,0,23.5,97,0.6,12.8,38,1012.8,99,6.7,7.2,279.0,6.7,60.0,4.7
2025-10-24 01:00:00,2025,10,24,1,Huế,Phường Phú Bài,16.409296,107.6779818,33,Good,0,23.2,94,2.0,8.0,6,1012.3,100,5.6,6.2,282.0,6.4,56.0,4.6
2025-10-24 02:00:00,2025,10,24,2,Huế,Phường Phú Bài,16.409296,107.6779818,32,Good,0,23.3,97,1.7,7.4,334,1011.9,100,5.9,6.5,277.0,5.9,54.0,4.3
2025-10-24 03:00:00,2025,10,24,3,Huế,Phường Phú Bài,16.409296,107.6779818,30,Good,0,23.4,97,1.2,9.7,350,1011.5,100,6.6,7.3,270.0,5.4,52.0,4.0
2025-10-24 04:00:00,2025,10,24,4,Huế,Phường Phú Bài,16.409296,107.6779818,31,Good,0,23.5,96,1.4,8.8,5,1011.7,100,7.1,7.8,282.0,5.3,52.0,4.0
2025-10-24 05:00:00,2025,10,24,5,Huế,Phường Phú Bài,16.409296,107.6779818,31,Good,0,23.4,96,3.9,8.1,356,1011.8,100,7.6,8.3,334.0,6.1,53.0,4.4
2025-10-24 06:00:00,2025,10,24,6,Huế,Phường Phú Bài,16.409296,107.6779818,32,Good,0,23.3,97,4.9,10.1,348,1012.5,100,8.9,9.7,403.0,7.4,55.0,5.0
2025-10-24 07:00:00,2025,10,24,7,Huế,Phường Phú Bài,16.409296,107.6779818,32,Good,0,23.0,97,6.0,10.1,289,1013.7,100,10.8,12.3,442.0,7.4,64.0,5.3
2025-10-24 08:00:00,2025,10,24,8,Huế,Phường Phú Bài,16.409296,107.6779818,33,Good,0,22.6,97,7.8,8.4,286,1014.1,100,11.2,12.5,420.0,6.7,66.0,5.3
2025-10-24 09:00:00,2025,10,24,9,Huế,Phường Phú Bài,16.409296,107.6779818,34,Good,0,23.4,97,6.3,10.7,335,1014.5,100,12.0,13.8,368.0,5.8,69.0,5.4
2025-10-24 10:00:00,2025,10,24,10,Huế,Phường Phú Bài,16.409296,107.6779818,35,Good,0,24.5,96,2.3,12.8,2,1014.5,100,12.8,15.5,324.0,5.0,74.0,5.4
2025-10-24 11:00:00,2025,10,24,11,Huế,Phường Phú Bài,16.409296,107.6779818,36,Good,0,25.5,88,0.6,14.4,18,1013.9,100,14.3,17.5,302.0,4.4,81.0,5.4
2025-10-24 12:00:00,2025,10,24,12,Huế,Phường Phú Bài,16.409296,107.6779818,37,Good,0,25.7,83,0.4,14.3,18,1013.2,100,15.7,18.9,288.0,4.0,89.0,5.5
2025-10-24 13:00:00,2025,10,24,13,Huế,Phường Phú Bài,16.409296,107.6779818,39,Good,0,25.1,86,0.4,13.3,40,1012.3,100,16.2,19.4,282.0,3.7,96.0,5.5
2025-10-24 14:00:00,2025,10,24,14,Huế,Phường Phú Bài,16.409296,107.6779818,41,Good,0,25.2,86,1.6,14.7,31,1011.4,99,17.1,20.5,286.0,3.7,102.0,5.5
2025-10-24 15:00:00,2025,10,24,15,Huế,Phường Phú Bài,16.409296,107.6779818,42,Good,0,25.0,87,1.6,13.8,41,1011.1,100,18.5,21.5,297.0,3.9,107.0,5.6
2025-10-24 16:00:00,2025,10,24,16,Huế,Phường Phú Bài,16.409296,107.6779818,44,Good,0,23.9,95,1.8,12.9,42,1010.9,100,19.2,22.2,307.0,4.3,110.0,5.6
2025-10-24 17:00:00,2025,10,24,17,Huế,Phường Phú Bài,16.409296,107.6779818,46,Good,0,23.6,95,0.8,9.5,25,1011.5,100,20.0,21.8,313.0,5.1,109.0,5.7
2025-10-24 18:00:00,2025,10,24,18,Huế,Phường Phú Bài,16.409296,107.6779818,47,Good,0,23.4,96,0.8,8.2,10,1011.9,100,20.7,22.8,317.0,6.2,105.0,5.9
2025-10-24 19:00:00,2025,10,24,19,Huế,Phường Phú Bài,16.409296,107.6779818,50,Good,0,23.6,92,0.2,8.7,354,1011.8,95,15.7,17.8,315.0,10.4,80.0,4.7
2025-10-24 20:00:00,2025,10,24,20,Huế,Phường Phú Bài,16.409296,107.6779818,50,Good,0,23.5,95,0.9,2.8,285,1012.4,100,14.9,17.1,302.0,9.1,84.0,4.7
2025-10-24 21:00:00,2025,10,24,21,Huế,Phường Phú Bài,16.409296,107.6779818,51,Moderate,1,24.0,95,0.9,4.0,333,1012.8,95,15.4,17.9,283.0,7.3,89.0,4.8
2025-10-24 22:00:00,2025,10,24,22,Huế,Phường Phú Bài,16.409296,107.6779818,51,Moderate,1,23.6,94,0.6,5.7,9,1013.0,100,16.3,18.8,266.0,5.8,93.0,4.8
2025-10-24 23:00:00,2025,10,24,23,Huế,Phường Phú Bài,16.409296,107.6779818,52,Moderate,1,23.6,94,0.7,7.7,16,1012.7,82,17.0,19.3,254.0,4.9,93.0,4.8
2025-10-25 00:00:00,2025,10,25,0,Huế,Phường Phú Bài,16.409296,107.6779818,52,Moderate,1,23.4,95,1.0,7.4,22,1012.7,99,18.0,20.4,245.0,4.2,91.0,4.7
2025-10-25 01:00:00,2025,10,25,1,Huế,Phường Phú Bài,16.409296,107.6779818,54,Moderate,1,23.1,95,0.8,6.4,38,1012.4,100,18.7,20.8,242.0,3.7,89.0,4.6
2025-10-25 02:00:00,2025,10,25,2,Huế,Phường Phú Bài,16.409296,107.6779818,55,Moderate,1,23.4,94,0.3,5.2,14,1011.8,100,18.6,20.7,243.0,3.3,86.0,4.5
2025-10-25 03:00:00,2025,10,25,3,Huế,Phường Phú Bài,16.409296,107.6779818,56,Moderate,1,23.4,94,0.2,5.9,20,1011.5,100,18.6,20.7,250.0,3.0,83.0,4.4
2025-10-25 04:00:00,2025,10,25,4,Huế,Phường Phú Bài,16.409296,107.6779818,57,Moderate,1,23.2,94,0.2,6.7,8,1011.2,100,18.3,20.3,277.0,3.3,79.0,4.4
2025-10-25 05:00:00,2025,10,25,5,Huế,Phường Phú Bài,16.409296,107.6779818,58,Moderate,1,23.3,94,0.6,5.9,340,1011.4,100,18.3,20.3,345.0,4.7,73.0,4.6
2025-10-25 06:00:00,2025,10,25,6,Huế,Phường Phú Bài,16.409296,107.6779818,59,Moderate,1,22.9,95,0.6,5.3,305,1012.1,100,18.2,20.2,432.0,6.7,68.0,4.9
2025-10-25 07:00:00,2025,10,25,7,Huế,Phường Phú Bài,16.409296,107.6779818,60,Moderate,1,23.7,95,0.4,5.5,283,1013.0,100,17.2,18.8,485.0,8.0,65.0,5.2
2025-10-25 08:00:00,2025,10,25,8,Huế,Phường Phú Bài,16.409296,107.6779818,60,Moderate,1,24.0,91,1.2,9.9,307,1013.5,100,16.8,19.5,474.0,6.3,76.0,4.8
2025-10-25 09:00:00,2025,10,25,9,Huế,Phường Phú Bài,16.409296,107.6779818,61,Moderate,1,24.4,89,1.3,11.1,314,1014.0,100,16.8,19.6,430.0,4.1,91.0,4.4
2025-10-25 10:00:00,2025,10,25,10,Huế,Phường Phú Bài,16.409296,107.6779818,61,Moderate,1,24.6,91,1.2,9.5,307,1014.0,100,14.1,16.1,383.0,2.4,102.0,4.0
2025-10-25 11:00:00,2025,10,25,11,Huế,Phường Phú Bài,16.409296,107.6779818,61,Moderate,1,25.8,83,0.1,9.7,315,1013.5,100,12.4,14.0,339.0,1.9,105.0,3.8
2025-10-25 12:00:00,2025,10,25,12,Huế,Phường Phú Bài,16.409296,107.6779818,61,Moderate,1,27.0,73,0.1,13.1,339,1012.4,100,12.5,14.2,293.0,2.0,105.0,3.7
2025-10-25 13:00:00,2025,10,25,13,Huế,Phường Phú Bài,16.409296,107.6779818,61,Moderate,1,26.6,72,0.1,16.0,3,1011.9,100,13.0,14.8,267.0,2.5,103.0,3.9
2025-10-25 14:00:00,2025,10,25,14,Huế,Phường Phú Bài,16.409296,107.6779818,60,Moderate,1,26.4,74,0.1,14.8,359,1011.2,100,13.8,15.6,277.0,3.6,101.0,4.5
2025-10-25 15:00:00,2025,10,25,15,Huế,Phường Phú Bài,16.409296,107.6779818,60,Moderate,1,25.9,78,0.6,11.9,354,1010.8,100,14.4,16.5,306.0,5.0,97.0,5.3
2025-10-25 16:00:00,2025,10,25,16,Huế,Phường Phú Bài,16.409296,107.6779818,60,Moderate,1,25.1,84,0.6,10.9,351,1010.8,100,15.8,17.8,331.0,6.5,93.0,6.0
2025-10-25 17:00:00,2025,10,25,17,Huế,Phường Phú Bài,16.409296,107.6779818,60,Moderate,1,23.8,95,1.5,8.5,1,1011.1,100,17.8,19.5,343.0,8.0,88.0,6.6
2025-10-25 18:00:00,2025,10,25,18,Huế,Phường Phú Bài,16.409296,107.6779818,59,Moderate,1,23.7,94,2.7,5.4,8,1011.1,100,19.4,21.2,350.0,9.6,83.0,7.1
2025-10-25 19:00:00,2025,10,25,19,Huế,Phường Phú Bài,16.409296,107.6779818,59,Moderate,1,23.9,90,1.7,9.6,357,1011.9,100,19.4,21.8,352.0,7.6,88.0,6.5
2025-10-25 20:00:00,2025,10,25,20,Huế,Phường Phú Bài,16.409296,107.6779818,60,Moderate,1,23.5,94,1.2,8.7,356,1012.3,100,20.1,22.7,348.0,7.0,90.0,6.4
2025-10-25 21:00:00,2025,10,25,21,Huế,Phường Phú Bài,16.409296,107.6779818,60,Moderate,1,23.5,94,1.5,11.2,354,1012.5,100,20.5,23.3,340.0,6.2,93.0,6.2
2025-10-25 22:00:00,2025,10,25,22,Huế,Phường Phú Bài,16.409296,107.6779818,60,Moderate,1,23.6,94,0.7,10.7,17,1012.3,100,21.3,24.3,329.0,5.4,96.0,6.0
2025-10-25 23:00:00,2025,10,25,23,Huế,Phường Phú Bài,16.409296,107.6779818,61,Moderate,1,23.5,96,1.5,10.6,23,1012.3,100,21.6,24.3,317.0,4.6,97.0,5.7
2025-10-26 00:00:00,2025,10,26,0,Huế,Phường Phú Bài,16.409296,107.6779818,61,Moderate,1,23.5,96,1.2,11.4,7,1011.6,98,19.9,21.8,303.0,3.9,98.0,5.4
2025-10-26 01:00:00,2025,10,26,1,Huế,Phường Phú Bài,16.409296,107.6779818,61,Moderate,1,24.0,95,1.5,6.0,27,1010.9,100,20.1,21.7,289.0,3.3,99.0,5.0
2025-10-26 02:00:00,2025,10,26,2,Huế,Phường Phú Bài,16.409296,107.6779818,62,Moderate,1,24.0,94,1.5,2.7,352,1010.5,100,20.2,21.7,270.0,2.9,99.0,4.6
2025-10-26 03:00:00,2025,10,26,3,Huế,Phường Phú Bài,16.409296,107.6779818,62,Moderate,1,23.6,95,1.6,9.0,26,1010.3,100,20.1,21.5,251.0,2.6,100.0,4.2
2025-10-26 04:00:00,2025,10,26,4,Huế,Phường Phú Bài,16.409296,107.6779818,62,Moderate,1,23.5,96,2.1,9.4,18,1009.9,100,19.8,21.2,243.0,2.7,99.0,4.0
2025-10-26 05:00:00,2025,10,26,5,Huế,Phường Phú Bài,16.409296,107.6779818,62,Moderate,1,23.6,96,2.4,6.1,358,1010.1,100,19.5,21.2,257.0,3.4,97.0,4.1
2025-10-26 06:00:00,2025,10,26,6,Huế,Phường Phú Bài,16.409296,107.6779818,62,Moderate,1,23.5,97,6.9,5.8,360,1011.0,100,18.9,20.7,282.0,4.4,95.0,4.3
2025-10-26 07:00:00,2025,10,26,7,Huế,Phường Phú Bài,16.409296,107.6779818,62,Moderate,1,23.7,97,6.6,5.9,18,1011.7,100,17.8,19.8,296.0,5.2,88.0,4.1
2025-10-26 08:00:00,2025,10,26,8,Huế,Phường Phú Bài,16.409296,107.6779818,62,Moderate,1,24.3,96,8.1,8.7,27,1012.4,100,16.5,18.2,285.0,5.0,87.0,4.2
2025-10-26 09:00:00,2025,10,26,9,Huế,Phường Phú Bài,16.409296,107.6779818,62,Moderate,1,24.4,95,11.5,10.5,29,1012.9,100,15.5,17.1,262.0,4.8,85.0,4.5
2025-10-26 10:00:00,2025,10,26,10,Huế,Phường Phú Bài,16.409296,107.6779818,62,Moderate,1,25.0,95,10.0,9.2,47,1013.3,100,15.4,16.5,245.0,4.6,85.0,4.8
2025-10-26 11:00:00,2025,10,26,11,Huế,Phường Phú Bài,16.409296,107.6779818,62,Moderate,1,24.1,95,5.1,15.4,32,1012.6,100,16.3,17.2,240.0,4.5,88.0,5.4
2025-10-26 12:00:00,2025,10,26,12,Huế,Phường Phú Bài,16.409296,107.6779818,63,Moderate,1,23.6,97,4.3,15.8,21,1012.1,100,17.7,18.4,241.0,4.5,93.0,6.1
2025-10-26 13:00:00,2025,10,26,13,Huế,Phường Phú Bài,16.409296,107.6779818,63,Moderate,1,24.0,96,12.9,14.5,340,1011.2,100,18.0,18.6,251.0,4.6,98.0,6.6
2025-10-26 14:00:00,2025,10,26,14,Huế,Phường Phú Bài,16.409296,107.6779818,63,Moderate,1,23.5,96,7.7,20.7,1,1010.3,100,18.6,19.3,281.0,4.8,102.0,6.6
2025-10-26 15:00:00,2025,10,26,15,Huế,Phường Phú Bài,16.409296,107.6779818,64,Moderate,1,23.8,94,0.5,21.6,10,1009.9,100,18.5,19.3,320.0,5.0,105.0,6.3
2025-10-26 16:00:00,2025,10,26,16,Huế,Phường Phú Bài,16.409296,107.6779818,64,Moderate,1,24.2,91,0.6,20.1,12,1009.7,100,19.4,20.4,337.0,5.2,107.0,6.0
2025-10-26 17:00:00,2025,10,26,17,Huế,Phường Phú Bài,16.409296,107.6779818,65,Moderate,1,23.6,96,0.7,16.0,359,1010.0,100,20.5,21.6,305.0,5.2,107.0,5.7
2025-10-26 18:00:00,2025,10,26,18,Huế,Phường Phú Bài,16.409296,107.6779818,65,Moderate,1,23.5,96,1.2,15.5,359,1010.7,100,20.7,21.9,251.0,5.2,106.0,5.4
2025-10-26 19:00:00,2025,10,26,19,Huế,Phường Phú Bài,16.409296,107.6779818,65,Moderate,1,23.9,95,2.0,11.0,349,1011.8,100,20.7,22.3,227.0,4.5,107.0,5.7
2025-10-26 20:00:00,2025,10,26,20,Huế,Phường Phú Bài,16.409296,107.6779818,65,Moderate,1,23.6,96,2.3,15.4,10,1012.3,100,21.6,23.3,270.0,4.4,106.0,5.8
2025-10-26 21:00:00,2025,10,26,21,Huế,Phường Phú Bài,16.409296,107.6779818,65,Moderate,1,24.0,95,1.3,15.3,25,1012.5,100,22.0,23.6,341.0,4.4,105.0,5.8
2025-10-26 22:00:00,2025,10,26,22,Huế,Phường Phú Bài,16.409296,107.6779818,65,Moderate,1,23.9,95,1.3,9.0,26,1012.3,100,21.5,23.0,380.0,4.2,103.0,5.8
2025-10-26 23:00:00,2025,10,26,23,Huế,Phường Phú Bài,16.409296,107.6779818,65,Moderate,1,23.7,95,1.4,9.5,9,1012.0,100,19.0,20.0,351.0,3.9,99.0,5.6
2025-10-27 00:00:00,2025,10,27,0,Huế,Phường Phú Bài,16.409296,107.6779818,65,Moderate,1,23.8,96,1.3,12.4,16,1011.5,100,14.6,15.3,290.0,3.6,94.0,5.2
2025-10-27 01:00:00,2025,10,27,1,Huế,Phường Phú Bài,16.409296,107.6779818,65,Moderate,1,23.9,95,2.1,14.6,20,1010.8,100,10.9,11.4,236.0,3.3,91.0,4.9
2025-10-27 02:00:00,2025,10,27,2,Huế,Phường Phú Bài,16.409296,107.6779818,64,Moderate,1,23.9,95,2.6,15.9,22,1010.2,100,9.8,10.4,200.0,2.9,94.0,4.6
2025-10-27 03:00:00,2025,10,27,3,Huế,Phường Phú Bài,16.409296,107.6779818,63,Moderate,1,24.0,96,1.1,18.2,30,1009.7,100,11.6,12.5,172.0,2.5,99.0,4.4
2025-10-27 04:00:00,2025,10,27,4,Huế,Phường Phú Bài,16.409296,107.6779818,62,Moderate,1,24.0,95,5.9,18.8,29,1009.4,100,12.5,13.8,160.0,2.4,102.0,4.2
2025-10-27 05:00:00,2025,10,27,5,Huế,Phường Phú Bài,16.409296,107.6779818,61,Moderate,1,24.2,95,9.0,25.4,33,1008.9,100,12.5,13.9,177.0,3.0,101.0,4.0
2025-10-27 06:00:00,2025,10,27,6,Huế,Phường Phú Bài,16.409296,107.6779818,61,Moderate,1,24.1,95,4.9,30.3,28,1009.7,100,10.4,11.8,210.0,4.0,99.0,3.9
2025-10-27 07:00:00,2025,10,27,7,Huế,Phường Phú Bài,16.409296,107.6779818,60,Moderate,1,24.0,95,3.5,30.5,35,1010.5,100,11.9,13.0,234.0,4.4,100.0,4.5
2025-10-27 08:00:00,2025,10,27,8,Huế,Phường Phú Bài,16.409296,107.6779818,60,Moderate,1,24.4,95,4.8,26.6,36,1011.2,100,13.7,15.0,235.0,4.3,102.0,4.9
2025-10-27 09:00:00,2025,10,27,9,Huế,Phường Phú Bài,16.409296,107.6779818,59,Moderate,1,24.5,95,1.7,26.9,39,1011.8,100,14.2,15.4,227.0,4.1,105.0,5.5
2025-10-27 10:00:00,2025,10,27,10,Huế,Phường Phú Bài,16.409296,107.6779818,59,Moderate,1,24.5,96,1.4,25.0,33,1012.2,100,13.0,14.3,224.0,3.9,105.0,5.8
2025-10-27 11:00:00,2025,10,27,11,Huế,Phường Phú Bài,16.409296,107.6779818,59,Moderate,1,24.5,96,2.9,23.9,31,1011.5,100,12.3,13.9,235.0,3.8,101.0,5.4
2025-10-27 12:00:00,2025,10,27,12,Huế,Phường Phú Bài,16.409296,107.6779818,59,Moderate,1,24.3,95,5.4,22.2,34,1010.5,100,10.5,12.0,251.0,3.7,94.0,4.8
2025-10-27 13:00:00,2025,10,27,13,Huế,Phường Phú Bài,16.409296,107.6779818,58,Moderate,1,24.6,95,2.3,17.2,37,1010.8,100,9.6,11.2,266.0,3.8,90.0,4.3
2025-10-27 14:00:00,2025,10,27,14,Huế,Phường Phú Bài,16.409296,107.6779818,57,Moderate,1,24.1,96,3.0,19.3,36,1010.3,100,11.0,12.7,278.0,4.1,91.0,4.4
2025-10-27 15:00:00,2025,10,27,15,Huế,Phường Phú Bài,16.409296,107.6779818,57,Moderate,1,24.2,95,4.3,17.0,33,1010.2,100,12.7,14.6,289.0,4.6,96.0,4.6
2025-10-27 16:00:00,2025,10,27,16,Huế,Phường Phú Bài,16.409296,107.6779818,56,Moderate,1,24.0,95,5.9,18.9,33,1010.1,100,13.7,15.7,292.0,4.9,99.0,4.8
2025-10-27 17:00:00,2025,10,27,17,Huế,Phường Phú Bài,16.409296,107.6779818,56,Moderate,1,23.8,96,5.7,19.8,22,1010.4,100,13.1,15.0,281.0,4.9,101.0,4.7
2025-10-27 18:00:00,2025,10,27,18,Huế,Phường Phú Bài,16.409296,107.6779818,55,Moderate,1,23.9,96,2.6,20.8,15,1010.7,100,13.2,15.3,263.0,4.8,102.0,4.5
2025-10-27 19:00:00,2025,10,27,19,Huế,Phường Phú Bài,16.409296,107.6779818,54,Moderate,1,24.5,91,2.7,21.6,51,1011.6,100,13.0,14.4,253.0,5.0,93.0,4.3
2025-10-27 20:00:00,2025,10,27,20,Huế,Phường Phú Bài,16.409296,107.6779818,54,Moderate,1,23.6,96,3.1,8.8,359,1012.5,100,13.8,15.7,258.0,4.8,91.0,4.3
2025-10-27 21:00:00,2025,10,27,21,Huế,Phường Phú Bài,16.409296,107.6779818,53,Moderate,1,24.1,94,1.8,15.5,42,1012.6,100,13.1,15.1,271.0,4.6,89.0,4.3
2025-10-27 22:00:00,2025,10,27,22,Huế,Phường Phú Bài,16.409296,107.6779818,52,Moderate,1,23.8,95,2.7,14.7,40,1012.2,100,12.5,14.6,284.0,4.4,87.0,4.2
2025-10-27 23:00:00,2025,10,27,23,Huế,Phường Phú Bài,16.409296,107.6779818,51,Moderate,1,23.6,94,2.2,14.4,40,1012.1,100,11.4,13.4,297.0,4.2,85.0,4.1
2025-10-28 00:00:00,2025,10,28,0,Huế,Phường Phú Bài,16.409296,107.6779818,51,Moderate,1,23.7,96,2.2,18.7,46,1011.5,100,10.4,12.4,310.0,3.9,82.0,4.0
2025-10-28 01:00:00,2025,10,28,1,Huế,Phường Phú Bài,16.409296,107.6779818,50,Good,0,24.0,94,1.5,16.6,29,1010.3,100,8.5,10.2,315.0,3.7,81.0,3.8
2025-10-28 02:00:00,2025,10,28,2,Huế,Phường Phú Bài,16.409296,107.6779818,50,Good,0,24.0,96,3.0,20.7,31,1009.6,100,6.9,8.5,303.0,3.3,82.0,3.5
2025-10-28 03:00:00,2025,10,28,3,Huế,Phường Phú Bài,16.409296,107.6779818,50,Good,0,24.0,95,6.4,20.3,23,1009.3,100,5.9,7.4,284.0,3.0,83.0,3.2
2025-10-28 04:00:00,2025,10,28,4,Huế,Phường Phú Bài,16.409296,107.6779818,49,Good,0,24.0,94,4.0,26.5,29,1009.1,100,5.4,7.1,275.0,3.0,84.0,3.0
2025-10-28 05:00:00,2025,10,28,5,Huế,Phường Phú Bài,16.409296,107.6779818,47,Good,0,24.0,95,7.0,26.2,31,1009.5,100,5.3,7.1,291.0,3.9,83.0,3.1
2025-10-28 06:00:00,2025,10,28,6,Huế,Phường Phú Bài,16.409296,107.6779818,46,Good,0,24.0,96,4.8,21.3,24,1010.7,100,5.8,7.5,317.0,5.1,81.0,3.4
2025-10-28 07:00:00,2025,10,28,7,Huế,Phường Phú Bài,16.409296,107.6779818,45,Good,0,24.2,96,2.5,26.2,25,1011.1,100,5.5,7.2,328.0,5.4,77.0,3.4
2025-10-28 08:00:00,2025,10,28,8,Huế,Phường Phú Bài,16.409296,107.6779818,44,Good,0,24.1,94,9.2,21.6,7,1011.9,100,4.7,6.0,302.0,5.0,77.0,3.2
2025-10-28 09:00:00,2025,10,28,9,Huế,Phường Phú Bài,16.409296,107.6779818,43,Good,0,24.4,95,19.6,21.4,20,1012.0,100,4.5,5.8,260.0,4.5,77.0,2.9
2025-10-28 10:00:00,2025,10,28,10,Huế,Phường Phú Bài,16.409296,107.6779818,41,Good,0,24.0,95,6.5,27.1,46,1012.6,100,4.3,5.5,238.0,4.1,77.0,2.7
2025-10-28 11:00:00,2025,10,28,11,Huế,Phường Phú Bài,16.409296,107.6779818,39,Good,0,24.5,96,5.2,20.0,38,1012.2,100,5.0,6.5,259.0,3.9,76.0,2.6
2025-10-28 12:00:00,2025,10,28,12,Huế,Phường Phú Bài,16.409296,107.6779818,38,Good,0,24.5,93,2.7,23.6,32,1011.2,100,5.9,7.6,302.0,3.9,75.0,2.6
2025-10-28 13:00:00,2025,10,28,13,Huế,Phường Phú Bài,16.409296,107.6779818,37,Good,0,24.4,93,3.1,18.6,20,1010.8,100,6.7,8.4,334.0,4.1,75.0,2.6
2025-10-28 14:00:00,2025,10,28,14,Huế,Phường Phú Bài,16.409296,107.6779818,37,Good,0,24.0,94,4.7,19.0,18,1010.2,100,7.2,8.8,345.0,4.7,75.0,2.7
2025-10-28 15:00:00,2025,10,28,15,Huế,Phường Phú Bài,16.409296,107.6779818,36,Good,0,24.0,95,1.6,19.0,17,1010.0,100,7.6,8.9,346.0,5.4,75.0,2.9
2025-10-28 16:00:00,2025,10,28,16,Huế,Phường Phú Bài,16.409296,107.6779818,35,Good,0,23.7,96,1.3,16.0,11,1010.2,100,8.9,10.3,342.0,5.9,77.0,3.1
2025-10-28 17:00:00,2025,10,28,17,Huế,Phường Phú Bài,16.409296,107.6779818,35,Good,0,23.7,94,1.5,16.8,38,1010.6,100,8.8,9.6,328.0,5.8,81.0,3.2
2025-10-28 18:00:00,2025,10,28,18,Huế,Phường Phú Bài,16.409296,107.6779818,35,Good,0,23.8,96,0.7,17.9,19,1010.6,100,9.1,9.8,309.0,5.5,86.0,3.2
2025-10-28 19:00:00,2025,10,28,19,Huế,Phường Phú Bài,16.409296,107.6779818,36,Good,0,24.0,92,2.5,10.4,21,1011.3,100,13.5,15.0,299.0,4.8,98.0,4.2
2025-10-28 20:00:00,2025,10,28,20,Huế,Phường Phú Bài,16.409296,107.6779818,37,Good,0,23.8,96,0.9,8.1,43,1012.2,100,14.6,16.4,307.0,4.4,96.0,3.8
2025-10-28 21:00:00,2025,10,28,21,Huế,Phường Phú Bài,16.409296,107.6779818,38,Good,0,23.8,96,2.1,13.7,44,1012.0,100,14.1,15.9,324.0,3.9,92.0,3.3
2025-10-28 22:00:00,2025,10,28,22,Huế,Phường Phú Bài,16.409296,107.6779818,39,Good,0,24.0,95,1.3,14.4,31,1011.4,100,14.3,16.5,337.0,3.5,89.0,3.0
2025-10-28 23:00:00,2025,10,28,23,Huế,Phường Phú Bài,16.409296,107.6779818,40,Good,0,23.9,96,1.2,14.4,15,1011.2,100,15.8,18.4,343.0,3.4,85.0,3.0
2025-10-29 00:00:00,2025,10,29,0,Huế,Phường Phú Bài,16.409296,107.6779818,41,Good,0,24.0,96,0.8,11.7,21,1010.7,100,16.3,18.6,346.0,3.5,82.0,3.2
2025-10-29 01:00:00,2025,10,29,1,Huế,Phường Phú Bài,16.409296,107.6779818,41,Good,0,23.7,93,1.4,11.0,41,1010.5,100,16.4,18.1,344.0,3.5,80.0,3.3
2025-10-29 02:00:00,2025,10,29,2,Huế,Phường Phú Bài,16.409296,107.6779818,41,Good,0,23.4,97,1.9,10.8,36,1010.0,100,16.4,18.0,337.0,3.1,81.0,3.1
2025-10-29 03:00:00,2025,10,29,3,Huế,Phường Phú Bài,16.409296,107.6779818,41,Good,0,23.7,96,1.9,16.6,40,1009.3,100,16.2,18.0,326.0,2.6,84.0,2.8
2025-10-29 04:00:00,2025,10,29,4,Huế,Phường Phú Bài,16.409296,107.6779818,40,Good,0,23.6,96,1.5,15.4,42,1009.5,100,15.0,17.0,309.0,2.4,86.0,2.7
2025-10-29 05:00:00,2025,10,29,5,Huế,Phường Phú Bài,16.409296,107.6779818,42,Good,0,23.7,97,1.2,16.5,49,1009.8,100,14.6,16.6,276.0,3.0,87.0,3.0
2025-10-29 06:00:00,2025,10,29,6,Huế,Phường Phú Bài,16.409296,107.6779818,44,Good,0,23.8,96,2.7,16.8,38,1010.2,100,14.8,16.7,238.0,3.9,88.0,3.4
2025-10-29 07:00:00,2025,10,29,7,Huế,Phường Phú Bài,16.409296,107.6779818,45,Good,0,24.1,96,1.4,11.9,25,1010.9,100,18.4,19.0,220.0,4.6,90.0,5.0
2025-10-29 08:00:00,2025,10,29,8,Huế,Phường Phú Bài,16.409296,107.6779818,47,Good,0,24.5,96,1.1,12.8,28,1011.4,100,15.3,15.8,248.0,4.6,89.0,5.0
2025-10-29 09:00:00,2025,10,29,9,Huế,Phường Phú Bài,16.409296,107.6779818,49,Good,0,24.5,96,3.5,12.9,35,1011.8,100,12.8,13.4,297.0,4.5,87.0,5.0
2025-10-29 10:00:00,2025,10,29,10,Huế,Phường Phú Bài,16.409296,107.6779818,50,Good,0,24.5,96,7.1,18.1,10,1011.7,100,11.8,12.3,320.0,4.4,84.0,4.8
2025-10-29 11:00:00,2025,10,29,11,Huế,Phường Phú Bài,16.409296,107.6779818,51,Moderate,1,24.5,95,5.3,19.5,14,1010.7,100,8.8,9.3,288.0,4.2,81.0,4.2
2025-10-29 12:00:00,2025,10,29,12,Huế,Phường Phú Bài,16.409296,107.6779818,51,Moderate,1,24.5,96,8.2,17.7,38,1009.7,100,6.5,7.0,230.0,3.9,78.0,3.4
2025-10-29 13:00:00,2025,10,29,13,Huế,Phường Phú Bài,16.409296,107.6779818,51,Moderate,1,24.6,92,6.2,23.5,50,1008.8,100,4.1,4.6,182.0,3.9,74.0,2.7
2025-10-29 14:00:00,2025,10,29,14,Huế,Phường Phú Bài,16.409296,107.6779818,51,Moderate,1,24.5,97,11.8,22.6,76,1007.9,100,3.1,3.6,158.0,4.2,68.0,2.3
2025-10-29 15:00:00,2025,10,29,15,Huế,Phường Phú Bài,16.409296,107.6779818,51,Moderate,1,24.4,96,6.2,20.0,95,1008.2,100,2.9,3.5,145.0,4.7,60.0,2.0
2025-10-29 16:00:00,2025,10,29,16,Huế,Phường Phú Bài,16.409296,107.6779818,50,Good,0,24.4,97,3.1,15.1,87,1008.7,100,3.3,4.0,137.0,5.3,54.0,1.9
2025-10-29 17:00:00,2025,10,29,17,Huế,Phường Phú Bài,16.409296,107.6779818,50,Good,0,24.2,96,3.6,15.5,85,1009.4,100,4.3,5.3,133.0,6.2,50.0,2.1
2025-10-29 18:00:00,2025,10,29,18,Huế,Phường Phú Bài,16.409296,107.6779818,49,Good,0,24.4,96,2.6,15.0,86,1009.7,100,5.2,6.3,135.0,7.1,48.0,2.6
2025-10-29 19:00:00,2025,10,29,19,Huế,Phường Phú Bài,16.409296,107.6779818,48,Good,0,24.0,96,1.6,19.4,61,1009.8,100,5.1,6.1,137.0,7.3,50.0,3.1
2025-10-29 20:00:00,2025,10,29,20,Huế,Phường Phú Bài,16.409296,107.6779818,47,Good,0,23.8,98,3.9,12.6,63,1010.6,100,6.0,7.4,138.0,6.6,50.0,2.9
2025-10-29 21:00:00,2025,10,29,21,Huế,Phường Phú Bài,16.409296,107.6779818,45,Good,0,24.1,98,3.6,15.2,66,1010.6,100,5.2,6.7,140.0,5.6,49.0,2.6
2025-10-29 22:00:00,2025,10,29,22,Huế,Phường Phú Bài,16.409296,107.6779818,44,Good,0,24.1,98,2.9,15.9,70,1010.4,100,4.6,5.8,142.0,4.8,48.0,2.4
2025-10-29 23:00:00,2025,10,29,23,Huế,Phường Phú Bài,16.409296,107.6779818,42,Good,0,24.2,97,6.7,14.6,86,1010.2,100,4.0,5.2,146.0,4.5,45.0,2.2
2025-10-30 00:00:00,2025,10,30,0,Huế,Phường Phú Bài,16.409296,107.6779818,40,Good,0,24.2,98,4.9,14.9,92,1009.8,100,3.4,4.4,150.0,4.5,41.0,2.0
2025-10-30 01:00:00,2025,10,30,1,Huế,Phường Phú Bài,16.409296,107.6779818,38,Good,0,24.0,95,2.9,16.1,94,1009.4,100,3.5,4.4,154.0,4.6,37.0,1.9
2025-10-30 02:00:00,2025,10,30,2,Huế,Phường Phú Bài,16.409296,107.6779818,36,Good,0,24.0,97,2.3,9.5,88,1008.7,100,4.0,4.9,146.0,4.5,34.0,1.8
2025-10-30 03:00:00,2025,10,30,3,Huế,Phường Phú Bài,16.409296,107.6779818,33,Good,0,24.1,98,1.2,9.3,118,1008.8,100,4.2,5.1,138.0,4.5,31.0,1.8
2025-10-30 04:00:00,2025,10,30,4,Huế,Phường Phú Bài,16.409296,107.6779818,31,Good,0,23.5,99,1.8,3.4,186,1008.6,100,4.6,5.6,158.0,5.1,30.0,2.0
2025-10-30 05:00:00,2025,10,30,5,Huế,Phường Phú Bài,16.409296,107.6779818,30,Good,0,23.4,99,0.6,4.0,238,1008.9,100,3.9,4.9,244.0,7.0,29.0,2.7
2025-10-30 06:00:00,2025,10,30,6,Huế,Phường Phú Bài,16.409296,107.6779818,28,Good,0,23.4,99,1.1,4.4,235,1009.7,100,4.9,5.9,359.0,9.5,29.0,3.6
2025-10-30 07:00:00,2025,10,30,7,Huế,Phường Phú Bài,16.409296,107.6779818,26,Good,0,24.5,97,0.2,3.3,202,1010.5,100,6.2,7.3,420.0,8.5,39.0,3.4
2025-10-30 08:00:00,2025,10,30,8,Huế,Phường Phú Bài,16.409296,107.6779818,24,Good,0,25.5,95,0.2,2.8,207,1011.0,100,6.4,7.7,373.0,7.3,49.0,3.4
2025-10-30 09:00:00,2025,10,30,9,Huế,Phường Phú Bài,16.409296,107.6779818,22,Good,0,26.1,93,0.1,4.4,117,1011.4,100,7.0,8.4,273.0,5.6,63.0,3.3
2025-10-30 10:00:00,2025,10,30,10,Huế,Phường Phú Bài,16.409296,107.6779818,21,Good,0,27.0,90,0.2,6.2,98,1011.6,100,6.3,7.8,194.0,4.1,75.0,3.1
2025-10-30 11:00:00,2025,10,30,11,Huế,Phường Phú Bài,16.409296,107.6779818,20,Good,0,26.9,86,4.6,11.8,78,1011.1,100,7.1,8.8,169.0,3.0,84.0,2.6
2025-10-30 12:00:00,2025,10,30,12,Huế,Phường Phú Bài,16.409296,107.6779818,23,Good,0,26.9,87,4.1,14.8,81,1010.4,100,6.2,7.9,167.0,2.2,91.0,2.0
2025-10-30 13:00:00,2025,10,30,13,Huế,Phường Phú Bài,16.409296,107.6779818,27,Good,0,26.1,90,2.5,14.7,75,1009.9,100,5.1,6.4,169.0,1.9,94.0,1.6
2025-10-30 14:00:00,2025,10,30,14,Huế,Phường Phú Bài,16.409296,107.6779818,30,Good,0,26.9,84,0.2,14.3,79,1008.9,100,5.3,6.7,170.0,2.1,92.0,1.7
2025-10-30 15:00:00,2025,10,30,15,Huế,Phường Phú Bài,16.409296,107.6779818,34,Good,0,27.1,84,3.7,15.7,80,1008.9,100,5.6,7.1,175.0,2.8,87.0,2.2
2025-10-30 16:00:00,2025,10,30,16,Huế,Phường Phú Bài,16.409296,107.6779818,37,Good,0,26.1,87,0.1,17.5,76,1009.2,100,6.5,8.1,181.0,4.4,79.0,2.7
2025-10-30 17:00:00,2025,10,30,17,Huế,Phường Phú Bài,16.409296,107.6779818,39,Good,0,25.7,88,0.2,14.7,79,1009.9,100,8.4,9.9,188.0,7.9,68.0,3.4
2025-10-30 18:00:00,2025,10,30,18,Huế,Phường Phú Bài,16.409296,107.6779818,39,Good,0,25.3,90,0.1,13.7,91,1010.7,100,9.4,10.7,196.0,12.3,54.0,4.2
2025-10-30 19:00:00,2025,10,30,19,Huế,Phường Phú Bài,16.409296,107.6779818,38,Good,0,24.7,96,0.3,11.3,77,1011.3,96,12.2,13.5,206.0,16.9,40.0,5.5
2025-10-30 20:00:00,2025,10,30,20,Huế,Phường Phú Bài,16.409296,107.6779818,35,Good,0,25.0,95,0.1,12.3,98,1012.2,100,11.2,12.4,215.0,16.1,39.0,5.4
2025-10-30 21:00:00,2025,10,30,21,Huế,Phường Phú Bài,16.409296,107.6779818,32,Good,0,24.8,95,0.1,10.0,96,1012.4,100,11.2,12.3,226.0,15.0,38.0,5.2
2025-10-30 22:00:00,2025,10,30,22,Huế,Phường Phú Bài,16.409296,107.6779818,29,Good,0,24.6,96,0.0,6.1,104,1012.4,100,11.5,12.5,248.0,14.1,37.0,4.9
2025-10-30 23:00:00,2025,10,30,23,Huế,Phường Phú Bài,16.409296,107.6779818,27,Good,0,24.2,97,0.1,1.6,84,1011.9,100,11.2,12.1,297.0,13.8,35.0,4.5
2025-10-31 00:00:00,2025,10,31,0,Huế,Phường Phú Bài,16.409296,107.6779818,29,Good,0,24.2,98,0.0,0.7,346,1011.6,100,11.6,12.5,358.0,13.7,32.0,4.1
2025-10-31 01:00:00,2025,10,31,1,Huế,Phường Phú Bài,16.409296,107.6779818,30,Good,0,24.6,98,0.0,4.6,64,1011.2,99,12.2,13.2,391.0,13.4,30.0,3.9
2025-10-31 02:00:00,2025,10,31,2,Huế,Phường Phú Bài,16.409296,107.6779818,32,Good,0,24.2,99,0.0,3.6,147,1010.4,100,11.9,12.9,367.0,12.4,30.0,3.8
2025-10-31 03:00:00,2025,10,31,3,Huế,Phường Phú Bài,16.409296,107.6779818,33,Good,0,23.8,100,0.0,1.9,214,1010.3,100,10.9,12.0,315.0,11.2,32.0,4.0
2025-10-31 04:00:00,2025,10,31,4,Huế,Phường Phú Bài,16.409296,107.6779818,34,Good,0,23.6,100,0.0,5.7,221,1010.6,100,10.4,11.5,288.0,10.9,34.0,4.4
2025-10-31 05:00:00,2025,10,31,5,Huế,Phường Phú Bài,16.409296,107.6779818,35,Good,0,23.3,100,0.0,7.0,226,1010.9,100,10.4,11.3,326.0,12.8,37.0,5.6
2025-10-31 06:00:00,2025,10,31,6,Huế,Phường Phú Bài,16.409296,107.6779818,36,Good,0,23.1,100,0.0,6.7,236,1011.4,100,12.3,13.2,389.0,15.6,41.0,7.1
2025-10-31 07:00:00,2025,10,31,7,Huế,Phường Phú Bài,16.409296,107.6779818,38,Good,0,24.6,99,0.0,1.7,252,1012.4,100,8.1,9.0,411.0,12.4,39.0,4.1
2025-10-31 08:00:00,2025,10,31,8,Huế,Phường Phú Bài,16.409296,107.6779818,38,Good,0,26.9,90,0.2,5.8,68,1013.2,100,8.2,9.0,346.0,9.8,52.0,4.2
2025-10-31 09:00:00,2025,10,31,9,Huế,Phường Phú Bài,16.409296,107.6779818,38,Good,0,26.7,86,5.4,12.8,80,1013.7,100,7.0,7.7,239.0,6.2,69.0,4.3
2025-10-31 10:00:00,2025,10,31,10,Huế,Phường Phú Bài,16.409296,107.6779818,38,Good,0,27.4,82,4.0,11.7,86,1013.6,100,5.0,5.5,158.0,3.5,81.0,4.2
2025-10-31 11:00:00,2025,10,31,11,Huế,Phường Phú Bài,16.409296,107.6779818,38,Good,0,28.5,78,0.2,13.2,75,1013.1,100,4.0,4.5,133.0,2.4,84.0,3.5
2025-10-31 12:00:00,2025,10,31,12,Huế,Phường Phú Bài,16.409296,107.6779818,37,Good,0,29.4,73,0.1,13.0,80,1011.4,98,3.4,3.9,133.0,2.1,82.0,2.5
2025-10-31 13:00:00,2025,10,31,13,Huế,Phường Phú Bài,16.409296,107.6779818,37,Good,0,26.2,85,1.7,14.4,86,1011.2,100,3.8,4.3,136.0,2.2,79.0,1.9
2025-10-31 14:00:00,2025,10,31,14,Huế,Phường Phú Bài,16.409296,107.6779818,37,Good,0,26.5,87,0.4,13.6,75,1010.8,100,4.3,4.9,133.0,2.5,76.0,1.8
2025-10-31 15:00:00,2025,10,31,15,Huế,Phường Phú Bài,16.409296,107.6779818,37,Good,0,25.9,87,0.3,17.0,70,1010.3,99,5.2,6.3,133.0,3.3,72.0,2.1
2025-10-31 16:00:00,2025,10,31,16,Huế,Phường Phú Bài,16.409296,107.6779818,37,Good,0,24.6,94,2.0,13.6,75,1011.1,100,5.5,6.5,141.0,4.7,66.0,2.5
2025-10-31 17:00:00,2025,10,31,17,Huế,Phường Phú Bài,16.409296,107.6779818,36,Good,0,24.1,96,1.2,9.6,84,1011.5,99,6.7,7.7,161.0,7.3,58.0,3.1
2025-10-31 18:00:00,2025,10,31,18,Huế,Phường Phú Bài,16.409296,107.6779818,36,Good,0,24.3,96,0.0,6.3,97,1011.7,83,8.8,9.7,189.0,10.7,48.0,3.9
2025-10-31 19:00:00,2025,10,31,19,Huế,Phường Phú Bài,16.409296,107.6779818,36,Good,0,24.8,95,0.0,10.0,98,1012.2,100,9.6,10.6,223.0,14.6,35.0,5.2
2025-10-31 20:00:00,2025,10,31,20,Huế,Phường Phú Bài,16.409296,107.6779818,35,Good,0,24.5,96,0.0,4.2,102,1012.7,100,9.8,10.7,273.0,14.7,34.0,5.2
2025-10-31 21:00:00,2025,10,31,21,Huế,Phường Phú Bài,16.409296,107.6779818,35,Good,0,24.6,95,0.0,0.6,198,1013.0,100,10.4,11.3,329.0,14.7,32.0,5.2
2025-10-31 22:00:00,2025,10,31,22,Huế,Phường Phú Bài,16.409296,107.6779818,35,Good,0,24.2,97,0.1,2.7,58,1013.1,100,10.3,11.2,362.0,13.9,32.0,4.9
2025-10-31 23:00:00,2025,10,31,23,Huế,Phường Phú Bài,16.409296,107.6779818,35,Good,0,24.1,97,0.1,3.2,142,1013.1,99,9.3,10.2,358.0,11.7,36.0,4.1
2025-11-01 00:00:00,2025,11,1,0,Huế,Phường Phú Bài,16.409296,107.6779818,35,Good,0,24.0,99,0.1,3.6,143,1012.9,65,8.4,9.4,331.0,8.8,41.0,3.1
2025-11-01 01:00:00,2025,11,1,1,Huế,Phường Phú Bài,16.409296,107.6779818,34,Good,0,24.0,97,1.0,10.8,91,1012.4,100,6.8,8.2,297.0,6.4,47.0,2.4
2025-11-01 02:00:00,2025,11,1,2,Huế,Phường Phú Bài,16.409296,107.6779818,33,Good,0,23.6,98,3.5,5.9,153,1012.3,100,6.6,8.3,249.0,4.9,52.0,2.1
2025-11-01 03:00:00,2025,11,1,3,Huế,Phường Phú Bài,16.409296,107.6779818,32,Good,0,23.8,97,1.1,8.8,85,1012.0,97,7.4,9.7,194.0,3.8,56.0,2.1
2025-11-01 04:00:00,2025,11,1,4,Huế,Phường Phú Bài,16.409296,107.6779818,32,Good,0,23.5,97,0.5,6.7,114,1012.2,100,7.6,10.0,170.0,3.6,60.0,2.3
2025-11-01 05:00:00,2025,11,1,5,Huế,Phường Phú Bài,16.409296,107.6779818,31,Good,0,23.8,96,0.3,4.5,133,1012.8,100,8.4,11.0,212.0,4.8,63.0,2.7
2025-11-01 06:00:00,2025,11,1,6,Huế,Phường Phú Bài,16.409296,107.6779818,31,Good,0,23.6,97,1.3,4.8,127,1013.4,100,10.0,12.7,286.0,6.7,67.0,3.4
2025-11-01 07:00:00,2025,11,1,7,Huế,Phường Phú Bài,16.409296,107.6779818,30,Good,0,23.6,98,0.3,3.2,232,1014.1,96,14.9,18.3,327.0,7.6,63.0,4.2
2025-11-01 08:00:00,2025,11,1,8,Huế,Phường Phú Bài,16.409296,107.6779818,31,Good,0,24.8,92,0.6,3.6,213,1014.7,100,12.9,16.6,299.0,6.3,70.0,3.8
2025-11-01 09:00:00,2025,11,1,9,Huế,Phường Phú Bài,16.409296,107.6779818,32,Good,0,25.8,86,0.3,4.8,77,1014.8,100,12.3,15.1,238.0,4.5,80.0,3.3
2025-11-01 10:00:00,2025,11,1,10,Huế,Phường Phú Bài,16.409296,107.6779818,33,Good,0,27.2,80,0.2,13.0,93,1014.9,100,11.9,14.6,192.0,3.0,89.0,2.8
2025-11-01 11:00:00,2025,11,1,11,Huế,Phường Phú Bài,16.409296,107.6779818,34,Good,0,26.6,79,0.3,13.9,89,1014.0,95,11.3,14.1,179.0,2.0,95.0,2.5
2025-11-01 12:00:00,2025,11,1,12,Huế,Phường Phú Bài,16.409296,107.6779818,36,Good,0,28.0,74,0.1,15.8,78,1012.8,51,13.2,16.5,181.0,1.3,100.0,2.3
2025-11-01 13:00:00,2025,11,1,13,Huế,Phường Phú Bài,16.409296,107.6779818,37,Good,0,25.3,91,0.5,16.2,78,1012.0,96,16.1,20.3,185.0,1.4,101.0,2.3
2025-11-01 14:00:00,2025,11,1,14,Huế,Phường Phú Bài,16.409296,107.6779818,40,Good,0,26.5,83,0.1,11.0,85,1011.2,100,16.2,20.1,189.0,2.4,98.0,2.6
2025-11-01 15:00:00,2025,11,1,15,Huế,Phường Phú Bài,16.409296,107.6779818,42,Good,0,26.1,80,0.5,12.4,77,1010.9,100,17.3,20.9,195.0,4.1,92.0,3.1
2025-11-01 16:00:00,2025,11,1,16,Huế,Phường Phú Bài,16.409296,107.6779818,44,Good,0,25.5,85,0.4,9.0,77,1010.9,100,18.5,21.9,203.0,6.6,85.0,3.7
2025-11-01 17:00:00,2025,11,1,17,Huế,Phường Phú Bài,16.409296,107.6779818,46,Good,0,25.5,84,0.1,8.5,115,1011.1,99,17.9,21.7,211.0,10.6,74.0,4.7
2025-11-01 18:00:00,2025,11,1,18,Huế,Phường Phú Bài,16.409296,107.6779818,48,Good,0,24.9,87,0.2,10.6,111,1012.0,98,19.8,23.2,220.0,15.4,62.0,5.8
2025-11-01 19:00:00,2025,11,1,19,Huế,Phường Phú Bài,16.409296,107.6779818,50,Good,0,24.1,94,0.2,5.8,180,1012.4,100,15.4,18.1,230.0,9.6,67.0,4.5
2025-11-01 20:00:00,2025,11,1,20,Huế,Phường Phú Bài,16.409296,107.6779818,50,Good,0,24.0,95,0.7,6.0,107,1013.4,100,16.5,19.2,244.0,11.2,63.0,5.3
2025-11-01 21:00:00,2025,11,1,21,Huế,Phường Phú Bài,16.409296,107.6779818,51,Moderate,1,23.6,97,0.4,7.4,103,1013.9,100,17.9,21.0,259.0,13.4,58.0,6.3
2025-11-01 22:00:00,2025,11,1,22,Huế,Phường Phú Bài,16.409296,107.6779818,52,Moderate,1,23.4,98,0.4,6.0,134,1013.7,100,20.3,23.7,268.0,14.1,56.0,6.7
2025-11-01 23:00:00,2025,11,1,23,Huế,Phường Phú Bài,16.409296,107.6779818,53,Moderate,1,23.5,97,0.3,4.0,87,1013.8,100,18.9,22.5,266.0,12.1,59.0,6.0
2025-11-02 00:00:00,2025,11,2,0,Huế,Phường Phú Bài,16.409296,107.6779818,53,Moderate,1,22.6,98,0.6,3.4,223,1013.5,100,16.5,20.2,259.0,8.8,65.0,4.8
2025-11-02 01:00:00,2025,11,2,1,Huế,Phường Phú Bài,16.409296,107.6779818,54,Moderate,1,23.6,95,0.2,1.8,186,1012.4,100,15.3,18.9,252.0,6.0,71.0,3.8
2025-11-02 02:00:00,2025,11,2,2,Huế,Phường Phú Bài,16.409296,107.6779818,55,Moderate,1,23.2,97,0.8,6.0,111,1011.7,100,14.1,17.8,243.0,4.4,76.0,3.3
2025-11-02 03:00:00,2025,11,2,3,Huế,Phường Phú Bài,16.409296,107.6779818,56,Moderate,1,23.4,97,0.7,2.9,184,1011.3,100,13.4,16.9,234.0,3.5,81.0,3.0
2025-11-02 04:00:00,2025,11,2,4,Huế,Phường Phú Bài,16.409296,107.6779818,56,Moderate,1,23.5,96,1.9,4.0,8,1011.4,100,12.7,16.0,241.0,3.4,84.0,3.1
2025-11-02 05:00:00,2025,11,2,5,Huế,Phường Phú Bài,16.409296,107.6779818,57,Moderate,1,23.4,98,1.8,1.5,249,1011.4,100,12.9,15.9,285.0,4.9,81.0,3.8
2025-11-02 06:00:00,2025,11,2,6,Huế,Phường Phú Bài,16.409296,107.6779818,57,Moderate,1,23.7,97,2.4,1.5,225,1011.9,100,12.9,15.0,345.0,7.2,76.0,4.7
2025-11-02 07:00:00,2025,11,2,7,Huế,Phường Phú Bài,16.409296,107.6779818,57,Moderate,1,24.1,97,5.4,8.2,36,1012.3,100,15.4,19.0,375.0,10.4,75.0,4.4
2025-11-02 08:00:00,2025,11,2,8,Huế,Phường Phú Bài,16.409296,107.6779818,57,Moderate,1,24.5,96,3.2,13.6,75,1013.2,100,13.7,17.4,346.0,9.0,77.0,4.1
2025-11-02 09:00:00,2025,11,2,9,Huế,Phường Phú Bài,16.409296,107.6779818,57,Moderate,1,25.0,93,4.3,12.2,71,1013.7,100,12.8,15.9,288.0,7.1,81.0,3.8
2025-11-02 10:00:00,2025,11,2,10,Huế,Phường Phú Bài,16.409296,107.6779818,57,Moderate,1,24.7,95,5.9,19.9,70,1013.5,100,11.6,14.6,243.0,5.5,83.0,3.5
2025-11-02 11:00:00,2025,11,2,11,Huế,Phường Phú Bài,16.409296,107.6779818,57,Moderate,1,24.5,96,4.4,18.5,66,1012.8,100,10.7,13.9,229.0,4.6,84.0,3.3
2025-11-02 12:00:00,2025,11,2,12,Huế,Phường Phú Bài,16.409296,107.6779818,57,Moderate,1,26.0,88,0.6,14.7,59,1011.8,100,9.8,12.0,227.0,4.1,83.0,3.2
2025-11-02 13:00:00,2025,11,2,13,Huế,Phường Phú Bài,16.409296,107.6779818,57,Moderate,1,24.8,97,2.8,18.2,64,1010.8,100,9.1,11.3,229.0,4.0,81.0,3.1
2025-11-02 14:00:00,2025,11,2,14,Huế,Phường Phú Bài,16.409296,107.6779818,56,Moderate,1,24.6,96,4.0,16.7,57,1009.9,100,9.1,11.2,233.0,4.7,76.0,3.1
2025-11-02 15:00:00,2025,11,2,15,Huế,Phường Phú Bài,16.409296,107.6779818,56,Moderate,1,24.2,97,4.3,16.3,49,1009.4,100,8.6,10.6,240.0,5.8,70.0,3.1
2025-11-02 16:00:00,2025,11,2,16,Huế,Phường Phú Bài,16.409296,107.6779818,55,Moderate,1,24.4,95,1.6,14.4,37,1009.1,100,9.2,11.2,242.0,6.8,64.0,3.1
2025-11-02 17:00:00,2025,11,2,17,Huế,Phường Phú Bài,16.409296,107.6779818,54,Moderate,1,24.3,96,3.7,18.0,46,1009.6,100,8.7,10.4,233.0,7.5,60.0,3.1
2025-11-02 18:00:00,2025,11,2,18,Huế,Phường Phú Bài,16.409296,107.6779818,53,Moderate,1,24.1,96,4.5,16.4,64,1009.7,100,8.3,10.1,219.0,8.0,56.0,3.2
2025-11-02 19:00:00,2025,11,2,19,Huế,Phường Phú Bài,16.409296,107.6779818,52,Moderate,1,24.3,94,3.1,19.5,56,1010.7,100,7.8,10.0,205.0,7.6,55.0,2.7
2025-11-02 20:00:00,2025,11,2,20,Huế,Phường Phú Bài,16.409296,107.6779818,52,Moderate,1,24.1,96,3.0,19.1,67,1011.7,100,7.7,10.2,192.0,6.9,56.0,2.6
2025-11-02 21:00:00,2025,11,2,21,Huế,Phường Phú Bài,16.409296,107.6779818,51,Moderate,1,24.1,95,2.0,18.6,67,1011.6,100,7.6,9.9,179.0,5.9,57.0,2.4
2025-11-02 22:00:00,2025,11,2,22,Huế,Phường Phú Bài,16.409296,107.6779818,50,Good,0,24.0,96,1.4,12.5,78,1011.8,100,7.4,9.7,169.0,4.9,60.0,2.2
2025-11-02 23:00:00,2025,11,2,23,Huế,Phường Phú Bài,16.409296,107.6779818,48,Good,0,24.0,95,2.5,14.4,60,1011.6,100,7.1,9.3,164.0,4.1,65.0,2.0
2025-11-03 00:00:00,2025,11,3,0,Huế,Phường Phú Bài,16.409296,107.6779818,46,Good,0,24.1,95,2.8,18.1,44,1010.4,100,6.4,8.3,161.0,3.4,70.0,1.8
2025-11-03 01:00:00,2025,11,3,1,Huế,Phường Phú Bài,16.409296,107.6779818,44,Good,0,24.0,93,2.7,17.1,57,1009.9,100,5.0,6.0,156.0,2.8,76.0,1.6
2025-11-03 02:00:00,2025,11,3,2,Huế,Phường Phú Bài,16.409296,107.6779818,42,Good,0,24.1,95,1.8,17.1,62,1009.3,100,4.8,5.3,145.0,2.2,83.0,1.4
2025-11-03 03:00:00,2025,11,3,3,Huế,Phường Phú Bài,16.409296,107.6779818,40,Good,0,23.7,96,2.8,13.2,70,1009.1,100,4.5,4.8,132.0,1.7,90.0,1.2
2025-11-03 04:00:00,2025,11,3,4,Huế,Phường Phú Bài,16.409296,107.6779818,39,Good,0,24.1,96,2.8,14.6,40,1008.8,100,4.5,4.9,124.0,1.8,91.0,1.2
2025-11-03 05:00:00,2025,11,3,5,Huế,Phường Phú Bài,16.409296,107.6779818,37,Good,0,23.9,96,3.9,18.4,50,1009.2,100,4.4,4.9,126.0,2.8,80.0,1.4
2025-11-03 06:00:00,2025,11,3,6,Huế,Phường Phú Bài,16.409296,107.6779818,36,Good,0,24.1,96,2.8,21.6,50,1009.6,100,3.3,3.8,133.0,4.4,63.0,1.8
2025-11-03 07:00:00,2025,11,3,7,Huế,Phường Phú Bài,16.409296,107.6779818,36,Good,0,24.5,96,2.5,18.2,27,1010.0,100,4.8,5.2,137.0,5.3,110.0,5.5
2025-11-03 08:00:00,2025,11,3,8,Huế,Phường Phú Bài,16.409296,107.6779818,38,Good,0,24.4,96,51.9,22.7,30,1010.1,100,4.5,4.8,133.0,5.4,95.0,4.9
2025-11-03 09:00:00,2025,11,3,9,Huế,Phường Phú Bài,16.409296,107.6779818,40,Good,0,24.4,95,36.7,41.2,61,1009.4,100,4.7,5.0,125.0,5.6,75.0,4.0
2025-11-03 10:00:00,2025,11,3,10,Huế,Phường Phú Bài,16.409296,107.6779818,40,Good,0,24.4,96,13.7,32.6,68,1010.2,100,4.7,5.4,119.0,5.6,61.0,3.3
2025-11-03 11:00:00,2025,11,3,11,Huế,Phường Phú Bài,16.409296,107.6779818,39,Good,0,24.9,97,1.5,18.3,62,1010.0,100,5.8,7.2,117.0,5.1,60.0,3.1
2025-11-03 12:00:00,2025,11,3,12,Huế,Phường Phú Bài,16.409296,107.6779818,37,Good,0,25.9,91,0.9,16.5,70,1009.3,100,6.9,8.5,117.0,4.4,65.0,3.1
2025-11-03 13:00:00,2025,11,3,13,Huế,Phường Phú Bài,16.409296,107.6779818,35,Good,0,25.6,89,0.2,15.3,69,1008.5,100,6.4,8.1,120.0,4.0,69.0,3.1
2025-11-03 14:00:00,2025,11,3,14,Huế,Phường Phú Bài,16.409296,107.6779818,35,Good,0,26.2,85,0.3,11.3,65,1007.9,100,6.9,8.6,126.0,3.5,71.0,2.9
2025-11-03 15:00:00,2025,11,3,15,Huế,Phường Phú Bài,16.409296,107.6779818,35,Good,0,26.0,85,0.1,9.2,67,1007.4,100,6.9,8.7,134.0,3.3,72.0,2.7
2025-11-03 16:00:00,2025,11,3,16,Huế,Phường Phú Bài,16.409296,107.6779818,33,Good,0,25.6,85,0.0,7.7,62,1007.4,100,7.1,9.1,148.0,4.8,70.0,3.0
2025-11-03 17:00:00,2025,11,3,17,Huế,Phường Phú Bài,16.409296,107.6779818,31,Good,0,25.1,88,0.0,5.2,41,1007.9,100,8.3,10.2,161.0,9.2,61.0,4.1
2025-11-03 18:00:00,2025,11,3,18,Huế,Phường Phú Bài,16.409296,107.6779818,31,Good,0,24.5,92,0.0,3.4,65,1008.5,100,12.7,14.6,178.0,15.3,48.0,5.7
2025-11-03 19:00:00,2025,11,3,19,Huế,Phường Phú Bài,16.409296,107.6779818,30,Good,0,24.8,95,0.0,5.1,84,1009.1,100,15.7,17.1,224.0,20.7,38.0,6.8
2025-11-03 20:00:00,2025,11,3,20,Huế,Phường Phú Bài,16.409296,107.6779818,29,Good,0,24.7,96,0.0,3.3,68,1009.7,100,16.1,17.7,335.0,20.2,37.0,6.9
2025-11-03 21:00:00,2025,11,3,21,Huế,Phường Phú Bài,16.409296,107.6779818,29,Good,0,24.4,96,0.5,8.4,75,1010.2,100,16.6,18.0,474.0,19.4,35.0,7.1
2025-11-03 22:00:00,2025,11,3,22,Huế,Phường Phú Bài,16.409296,107.6779818,30,Good,0,23.6,99,0.9,9.7,75,1010.7,100,16.0,17.4,550.0,18.6,34.0,7.2
2025-11-03 23:00:00,2025,11,3,23,Huế,Phường Phú Bài,16.409296,107.6779818,32,Good,0,23.6,98,0.0,7.1,66,1010.5,100,15.9,17.3,504.0,18.0,34.0,7.3
2025-11-04 00:00:00,2025,11,4,0,Huế,Phường Phú Bài,16.409296,107.6779818,33,Good,0,23.5,99,0.1,1.1,180,1010.1,100,15.6,16.9,396.0,17.3,35.0,7.3
2025-11-04 01:00:00,2025,11,4,1,Huế,Phường Phú Bài,16.409296,107.6779818,35,Good,0,22.4,97,0.1,12.8,299,1010.1,100,14.0,15.4,316.0,16.2,36.0,7.2
2025-11-04 02:00:00,2025,11,4,2,Huế,Phường Phú Bài,16.409296,107.6779818,37,Good,0,22.0,94,0.0,15.5,282,1009.7,100,11.6,12.9,302.0,14.1,37.0,6.8
2025-11-04 03:00:00,2025,11,4,3,Huế,Phường Phú Bài,16.409296,107.6779818,38,Good,0,21.9,93,0.0,15.2,287,1009.5,100,9.5,10.7,317.0,11.7,38.0,6.4
2025-11-04 04:00:00,2025,11,4,4,Huế,Phường Phú Bài,16.409296,107.6779818,39,Good,0,21.8,93,0.0,16.6,285,1009.7,100,7.7,8.6,340.0,10.1,39.0,6.5
2025-11-04 05:00:00,2025,11,4,5,Huế,Phường Phú Bài,16.409296,107.6779818,39,Good,0,21.6,90,0.0,17.5,292,1010.2,100,5.4,5.9,371.0,10.4,40.0,7.7
2025-11-04 06:00:00,2025,11,4,6,Huế,Phường Phú Bài,16.409296,107.6779818,39,Good,0,21.6,88,0.0,16.6,287,1010.9,100,4.6,4.9,409.0,11.7,41.0,9.5
2025-11-04 07:00:00,2025,11,4,7,Huế,Phường Phú Bài,16.409296,107.6779818,40,Good,0,21.9,92,0.0,12.6,283,1011.7,100,3.9,4.1,432.0,10.1,52.0,8.8
2025-11-04 08:00:00,2025,11,4,8,Huế,Phường Phú Bài,16.409296,107.6779818,39,Good,0,22.6,90,0.1,15.9,274,1012.5,100,4.1,4.3,425.0,9.2,57.0,8.4
2025-11-04 09:00:00,2025,11,4,9,Huế,Phường Phú Bài,16.409296,107.6779818,39,Good,0,24.2,80,0.0,16.6,283,1013.0,100,3.6,3.9,403.0,8.0,65.0,7.9
2025-11-04 10:00:00,2025,11,4,10,Huế,Phường Phú Bài,16.409296,107.6779818,39,Good,0,25.4,73,0.0,20.0,299,1013.4,100,3.4,3.9,384.0,7.0,72.0,7.4
2025-11-04 11:00:00,2025,11,4,11,Huế,Phường Phú Bài,16.409296,107.6779818,39,Good,0,24.8,76,0.0,19.7,291,1012.7,100,4.4,5.2,374.0,6.3,78.0,7.0
2025-11-04 12:00:00,2025,11,4,12,Huế,Phường Phú Bài,16.409296,107.6779818,39,Good,0,24.6,77,0.0,22.7,290,1011.8,100,5.5,6.4,367.0,5.8,83.0,6.5
2025-11-04 13:00:00,2025,11,4,13,Huế,Phường Phú Bài,16.409296,107.6779818,39,Good,0,23.5,82,0.1,21.5,275,1011.3,100,6.1,7.2,367.0,5.6,86.0,6.2
2025-11-04 14:00:00,2025,11,4,14,Huế,Phường Phú Bài,16.409296,107.6779818,38,Good,0,23.8,83,0.3,21.1,279,1010.5,100,6.5,7.7,377.0,5.8,87.0,5.9
2025-11-04 15:00:00,2025,11,4,15,Huế,Phường Phú Bài,16.409296,107.6779818,38,Good,0,23.4,87,0.4,19.5,287,1010.3,100,7.0,8.1,393.0,6.3,87.0,5.7
2025-11-04 16:00:00,2025,11,4,16,Huế,Phường Phú Bài,16.409296,107.6779818,38,Good,0,22.8,87,0.5,19.2,289,1010.3,100,7.6,8.8,405.0,6.9,86.0,5.6
2025-11-04 17:00:00,2025,11,4,17,Huế,Phường Phú Bài,16.409296,107.6779818,39,Good,0,21.5,95,0.6,18.1,283,1010.7,100,8.2,9.6,408.0,7.6,83.0,5.8
2025-11-04 18:00:00,2025,11,4,18,Huế,Phường Phú Bài,16.409296,107.6779818,38,Good,0,21.2,93,0.6,19.7,278,1011.0,100,8.6,10.0,407.0,8.3,78.0,6.2
2025-11-04 19:00:00,2025,11,4,19,Huế,Phường Phú Bài,16.409296,107.6779818,39,Good,0,20.7,93,0.2,19.1,267,1011.4,100,6.8,8.3,400.0,7.8,78.0,5.2
2025-11-04 20:00:00,2025,11,4,20,Huế,Phường Phú Bài,16.409296,107.6779818,39,Good,0,20.4,96,0.5,18.0,267,1012.3,100,6.4,7.9,386.0,7.4,77.0,5.1
2025-11-04 21:00:00,2025,11,4,21,Huế,Phường Phú Bài,16.409296,107.6779818,38,Good,0,20.5,95,0.4,16.3,259,1012.6,100,5.3,6.4,368.0,6.8,75.0,4.9
2025-11-04 22:00:00,2025,11,4,22,Huế,Phường Phú Bài,16.409296,107.6779818,38,Good,0,20.5,95,0.8,17.0,263,1012.4,100,4.5,5.4,351.0,6.2,74.0,4.7
2025-11-04 23:00:00,2025,11,4,23,Huế,Phường Phú Bài,16.409296,107.6779818,37,Good,0,20.5,95,0.3,16.2,268,1012.0,100,3.8,4.6,337.0,5.5,74.0,4.4
2025-11-05 00:00:00,2025,11,5,0,Huế,Phường Phú Bài,16.409296,107.6779818,36,Good,0,20.6,95,0.5,16.4,279,1011.3,100,3.0,3.5,325.0,4.7,74.0,4.1
2025-11-05 01:00:00,2025,11,5,1,Huế,Phường Phú Bài,16.409296,107.6779818,36,Good,0,20.5,94,0.2,22.8,284,1010.7,100,2.5,2.9,316.0,4.2,73.0,4.0
2025-11-05 02:00:00,2025,11,5,2,Huế,Phường Phú Bài,16.409296,107.6779818,35,Good,0,20.5,93,0.1,20.2,282,1010.4,100,2.4,2.7,306.0,3.8,71.0,4.0
2025-11-05 03:00:00,2025,11,5,3,Huế,Phường Phú Bài,16.409296,107.6779818,35,Good,0,20.8,91,0.1,18.4,285,1010.3,100,2.3,2.6,299.0,3.7,68.0,4.2
2025-11-05 04:00:00,2025,11,5,4,Huế,Phường Phú Bài,16.409296,107.6779818,34,Good,0,21.1,90,0.1,17.4,286,1010.0,100,2.5,2.8,308.0,4.2,64.0,4.7
2025-11-05 05:00:00,2025,11,5,5,Huế,Phường Phú Bài,16.409296,107.6779818,33,Good,0,21.2,90,1.0,15.3,282,1010.4,100,2.7,2.8,349.0,5.9,59.0,5.9
2025-11-05 06:00:00,2025,11,5,6,Huế,Phường Phú Bài,16.409296,107.6779818,32,Good,0,21.2,90,0.1,14.9,277,1010.9,100,3.5,3.5,406.0,8.1,54.0,7.5
2025-11-05 07:00:00,2025,11,5,7,Huế,Phường Phú Bài,16.409296,107.6779818,31,Good,0,21.2,93,0.0,17.7,291,1011.3,100,5.7,6.0,441.0,10.3,47.0,7.6
2025-11-05 08:00:00,2025,11,5,8,Huế,Phường Phú Bài,16.409296,107.6779818,30,Good,0,22.4,88,0.1,17.1,288,1011.7,100,6.6,6.9,434.0,9.9,50.0,8.7
2025-11-05 09:00:00,2025,11,5,9,Huế,Phường Phú Bài,16.409296,107.6779818,28,Good,0,23.5,84,0.0,14.7,281,1012.2,100,7.2,7.6,405.0,9.3,56.0,10.2
2025-11-05 10:00:00,2025,11,5,10,Huế,Phường Phú Bài,16.409296,107.6779818,27,Good,0,24.4,80,0.0,15.4,291,1012.2,100,6.6,7.0,382.0,8.6,62.0,11.0
2025-11-05 11:00:00,2025,11,5,11,Huế,Phường Phú Bài,16.409296,107.6779818,27,Good,0,23.9,82,0.1,14.6,294,1011.3,100,6.2,6.7,372.0,7.4,71.0,10.4
2025-11-05 12:00:00,2025,11,5,12,Huế,Phường Phú Bài,16.409296,107.6779818,27,Good,0,24.3,84,0.3,15.1,298,1010.1,100,7.0,7.5,367.0,6.1,81.0,9.2
2025-11-05 13:00:00,2025,11,5,13,Huế,Phường Phú Bài,16.409296,107.6779818,28,Good,0,24.0,84,2.0,14.6,286,1009.5,100,8.1,8.9,376.0,5.4,88.0,8.1
2025-11-05 14:00:00,2025,11,5,14,Huế,Phường Phú Bài,16.409296,107.6779818,30,Good,0,24.1,86,0.6,12.2,286,1008.5,100,9.5,10.6,405.0,5.7,90.0,7.7
2025-11-05 15:00:00,2025,11,5,15,Huế,Phường Phú Bài,16.409296,107.6779818,32,Good,0,24.0,89,0.5,10.0,290,1008.4,100,10.3,11.7,448.0,6.7,88.0,7.4
2025-11-05 16:00:00,2025,11,5,16,Huế,Phường Phú Bài,16.409296,107.6779818,34,Good,0,23.5,92,0.2,6.6,307,1008.1,100,11.3,13.1,489.0,8.0,85.0,7.2
2025-11-05 17:00:00,2025,11,5,17,Huế,Phường Phú Bài,16.409296,107.6779818,36,Good,0,23.0,96,0.1,5.2,295,1008.3,100,12.9,15.0,528.0,10.3,79.0,6.9
2025-11-05 18:00:00,2025,11,5,18,Huế,Phường Phú Bài,16.409296,107.6779818,37,Good,0,22.7,99,0.3,4.5,256,1008.9,100,14.5,17.1,565.0,13.0,70.0,6.6
2025-11-05 19:00:00,2025,11,5,19,Huế,Phường Phú Bài,16.409296,107.6779818,38,Good,0,23.2,97,0.1,2.3,299,1009.4,89,20.3,22.9,594.0,23.4,72.0,13.5
2025-11-05 20:00:00,2025,11,5,20,Huế,Phường Phú Bài,16.409296,107.6779818,38,Good,0,22.6,100,0.0,2.4,283,1010.1,95,20.7,23.6,620.0,22.8,71.0,13.5
2025-11-05 21:00:00,2025,11,5,21,Huế,Phường Phú Bài,16.409296,107.6779818,37,Good,0,22.5,100,0.1,3.4,264,1010.5,100,22.8,25.7,637.0,21.7,70.0,13.5
2025-11-05 22:00:00,2025,11,5,22,Huế,Phường Phú Bài,16.409296,107.6779818,36,Good,0,22.3,100,0.5,2.6,231,1010.6,100,21.2,24.4,619.0,19.5,71.0,12.5
2025-11-05 23:00:00,2025,11,5,23,Huế,Phường Phú Bài,16.409296,107.6779818,37,Good,0,22.0,100,0.1,6.5,226,1010.4,100,17.5,20.8,538.0,15.1,74.0,9.8
2025-11-06 00:00:00,2025,11,6,0,Huế,Phường Phú Bài,16.409296,107.6779818,39,Good,0,22.0,99,0.2,4.8,239,1009.8,100,14.5,17.9,423.0,9.6,78.0,6.1
2025-11-06 01:00:00,2025,11,6,1,Huế,Phường Phú Bài,16.409296,107.6779818,41,Good,0,21.9,99,0.2,4.9,234,1009.6,100,13.3,16.9,331.0,5.5,82.0,3.5
2025-11-06 02:00:00,2025,11,6,2,Huế,Phường Phú Bài,16.409296,107.6779818,43,Good,0,22.1,99,0.4,3.7,281,1008.9,100,13.1,16.8,280.0,3.8,86.0,2.7
2025-11-06 03:00:00,2025,11,6,3,Huế,Phường Phú Bài,16.409296,107.6779818,45,Good,0,22.3,100,0.6,5.0,224,1008.7,100,12.5,16.1,252.0,3.5,89.0,2.8
2025-11-06 04:00:00,2025,11,6,4,Huế,Phường Phú Bài,16.409296,107.6779818,47,Good,0,22.0,100,0.6,8.3,222,1008.7,100,11.7,15.1,253.0,3.9,91.0,3.3
2025-11-06 05:00:00,2025,11,6,5,Huế,Phường Phú Bài,16.409296,107.6779818,49,Good,0,22.2,98,0.3,2.9,248,1008.7,100,12.0,15.2,297.0,5.3,87.0,4.0
2025-11-06 06:00:00,2025,11,6,6,Huế,Phường Phú Bài,16.409296,107.6779818,50,Good,0,22.4,99,0.1,5.1,264,1009.2,100,12.6,15.7,370.0,7.4,82.0,5.0
2025-11-06 07:00:00,2025,11,6,7,Huế,Phường Phú Bài,16.409296,107.6779818,51,Moderate,1,22.8,98,0.2,9.7,281,1010.1,100,14.3,17.6,432.0,6.0,90.0,4.2
2025-11-06 08:00:00,2025,11,6,8,Huế,Phường Phú Bài,16.409296,107.6779818,52,Moderate,1,23.2,96,0.6,6.4,295,1010.6,100,14.5,17.6,478.0,5.3,94.0,4.5
2025-11-06 09:00:00,2025,11,6,9,Huế,Phường Phú Bài,16.409296,107.6779818,52,Moderate,1,23.8,96,0.6,5.6,253,1011.0,100,15.5,18.7,513.0,4.4,99.0,4.9
2025-11-06 10:00:00,2025,11,6,10,Huế,Phường Phú Bài,16.409296,107.6779818,53,Moderate,1,24.8,95,1.3,4.4,302,1010.9,100,16.3,19.9,512.0,3.5,104.0,4.9
2025-11-06 11:00:00,2025,11,6,11,Huế,Phường Phú Bài,16.409296,107.6779818,54,Moderate,1,26.0,85,0.4,9.9,333,1009.4,100,15.7,19.0,443.0,2.7,107.0,4.2
2025-11-06 12:00:00,2025,11,6,12,Huế,Phường Phú Bài,16.409296,107.6779818,55,Moderate,1,27.8,71,0.1,15.7,354,1008.2,100,14.4,17.3,338.0,2.1,109.0,3.2
2025-11-06 13:00:00,2025,11,6,13,Huế,Phường Phú Bài,16.409296,107.6779818,55,Moderate,1,27.5,68,0.2,18.7,2,1007.4,100,14.1,16.8,267.0,1.9,109.0,2.6
2025-11-06 14:00:00,2025,11,6,14,Huế,Phường Phú Bài,16.409296,107.6779818,56,Moderate,1,25.5,81,2.9,18.5,347,1006.2,100,14.6,17.5,270.0,2.7,106.0,2.8
2025-11-06 15:00:00,2025,11,6,15,Huế,Phường Phú Bài,16.409296,107.6779818,56,Moderate,1,24.1,94,1.2,18.3,350,1006.3,100,14.5,16.5,307.0,4.0,101.0,3.4
2025-11-06 16:00:00,2025,11,6,16,Huế,Phường Phú Bài,16.409296,107.6779818,57,Moderate,1,23.5,96,2.0,16.4,343,1005.8,100,15.5,17.5,331.0,4.9,98.0,4.0
2025-11-06 17:00:00,2025,11,6,17,Huế,Phường Phú Bài,16.409296,107.6779818,57,Moderate,1,23.5,96,1.5,17.8,340,1005.0,100,16.4,18.2,325.0,5.0,101.0,4.5
2025-11-06 18:00:00,2025,11,6,18,Huế,Phường Phú Bài,16.409296,107.6779818,57,Moderate,1,23.5,96,3.0,21.4,354,1005.6,100,16.5,18.2,307.0,4.6,107.0,5.1
2025-11-06 19:00:00,2025,11,6,19,Huế,Phường Phú Bài,16.409296,107.6779818,58,Moderate,1,23.8,95,2.9,21.8,347,1005.3,100,13.4,14.3,281.0,3.6,127.0,5.0
2025-11-06 20:00:00,2025,11,6,20,Huế,Phường Phú Bài,16.409296,107.6779818,57,Moderate,1,23.9,96,8.7,25.8,5,1006.2,100,14.0,15.1,244.0,3.5,115.0,4.5
2025-11-06 21:00:00,2025,11,6,21,Huế,Phường Phú Bài,16.409296,107.6779818,56,Moderate,1,24.2,95,2.5,24.1,7,1005.9,100,11.4,12.9,200.0,3.3,98.0,3.7
2025-11-06 22:00:00,2025,11,6,22,Huế,Phường Phú Bài,16.409296,107.6779818,55,Moderate,1,24.3,94,3.2,26.7,25,1005.9,100,7.6,9.2,165.0,3.0,84.0,3.0
2025-11-06 23:00:00,2025,11,6,23,Huế,Phường Phú Bài,16.409296,107.6779818,54,Moderate,1,24.1,96,7.5,27.4,27,1004.9,100,6.9,8.8,144.0,2.6,76.0,2.5
2025-11-07 00:00:00,2025,11,7,0,Huế,Phường Phú Bài,16.409296,107.6779818,53,Moderate,1,24.8,94,4.4,28.9,57,1004.9,100,6.0,8.1,132.0,2.1,70.0,2.0
2025-11-07 01:00:00,2025,11,7,1,Huế,Phường Phú Bài,16.409296,107.6779818,53,Moderate,1,25.0,93,0.2,20.1,54,1003.7,100,6.1,8.6,128.0,1.8,66.0,1.6
2025-11-07 02:00:00,2025,11,7,2,Huế,Phường Phú Bài,16.409296,107.6779818,52,Moderate,1,24.5,91,1.1,27.0,71,1003.2,100,4.7,6.9,132.0,1.5,65.0,1.2
2025-11-07 03:00:00,2025,11,7,3,Huế,Phường Phú Bài,16.409296,107.6779818,51,Moderate,1,24.6,95,0.4,18.8,73,1002.7,98,5.3,8.2,144.0,1.3,65.0,0.9
2025-11-07 04:00:00,2025,11,7,4,Huế,Phường Phú Bài,16.409296,107.6779818,51,Moderate,1,24.8,94,0.9,24.8,80,1002.6,100,6.1,9.0,163.0,1.6,65.0,0.9
2025-11-07 05:00:00,2025,11,7,5,Huế,Phường Phú Bài,16.409296,107.6779818,50,Good,0,24.5,93,0.7,22.0,87,1003.5,100,7.4,10.5,194.0,2.8,62.0,1.3
2025-11-07 06:00:00,2025,11,7,6,Huế,Phường Phú Bài,16.409296,107.6779818,49,Good,0,24.6,89,0.1,18.4,94,1004.1,100,7.9,10.7,232.0,4.5,59.0,2.0
2025-11-07 07:00:00,2025,11,7,7,Huế,Phường Phú Bài,16.409296,107.6779818,48,Good,0,25.0,93,0.0,19.8,97,1004.4,84,11.4,13.4,258.0,5.2,59.0,3.1
2025-11-07 08:00:00,2025,11,7,8,Huế,Phường Phú Bài,16.409296,107.6779818,48,Good,0,26.9,87,0.1,16.1,80,1004.8,98,11.5,13.2,263.0,4.4,69.0,2.9
2025-11-07 09:00:00,2025,11,7,9,Huế,Phường Phú Bài,16.409296,107.6779818,47,Good,0,28.5,77,0.3,22.4,96,1005.2,98,11.1,12.1,256.0,3.2,84.0,2.7
2025-11-07 10:00:00,2025,11,7,10,Huế,Phường Phú Bài,16.409296,107.6779818,47,Good,0,29.6,71,0.2,17.4,103,1005.0,73,11.2,12.0,248.0,2.4,97.0,2.5
2025-11-07 11:00:00,2025,11,7,11,Huế,Phường Phú Bài,16.409296,107.6779818,46,Good,0,30.9,66,0.1,13.8,106,1004.4,97,10.9,11.5,238.0,2.1,107.0,2.3
2025-11-07 12:00:00,2025,11,7,12,Huế,Phường Phú Bài,16.409296,107.6779818,45,Good,0,31.4,66,0.2,11.6,95,1003.5,76,10.8,11.4,226.0,2.0,115.0,2.2
2025-11-07 13:00:00,2025,11,7,13,Huế,Phường Phú Bài,16.409296,107.6779818,44,Good,0,30.5,66,0.2,11.1,97,1003.2,90,11.2,11.9,221.0,2.2,122.0,2.2
2025-11-07 14:00:00,2025,11,7,14,Huế,Phường Phú Bài,16.409296,107.6779818,44,Good,0,30.4,70,0.3,15.9,74,1002.6,90,11.6,12.4,228.0,2.5,129.0,2.4
2025-11-07 15:00:00,2025,11,7,15,Huế,Phường Phú Bài,16.409296,107.6779818,45,Good,0,29.9,71,0.0,15.9,80,1002.4,88,11.7,12.5,242.0,3.0,135.0,2.7
2025-11-07 16:00:00,2025,11,7,16,Huế,Phường Phú Bài,16.409296,107.6779818,50,Good,0,29.4,74,0.0,16.1,84,1002.7,96,12.3,13.2,257.0,3.9,136.0,3.1
2025-11-07 17:00:00,2025,11,7,17,Huế,Phường Phú Bài,16.409296,107.6779818,63,Moderate,1,28.5,75,0.1,15.2,96,1003.7,63,13.2,14.3,266.0,5.6,128.0,3.8
2025-11-07 18:00:00,2025,11,7,18,Huế,Phường Phú Bài,16.409296,107.6779818,73,Moderate,1,27.5,76,0.0,12.8,114,1005.0,63,13.5,14.6,277.0,7.6,115.0,4.6
2025-11-07 19:00:00,2025,11,7,19,Huế,Phường Phú Bài,16.409296,107.6779818,76,Moderate,1,26.4,83,0.0,8.7,120,1006.4,62,18.7,19.7,306.0,10.1,109.0,5.4
2025-11-07 20:00:00,2025,11,7,20,Huế,Phường Phú Bài,16.409296,107.6779818,77,Moderate,1,25.5,88,0.0,5.4,150,1007.4,71,18.8,19.8,377.0,10.7,100.0,5.6
2025-11-07 21:00:00,2025,11,7,21,Huế,Phường Phú Bài,16.409296,107.6779818,74,Moderate,1,24.6,91,0.0,4.5,182,1008.0,45,18.6,19.6,466.0,11.6,87.0,5.8
2025-11-07 22:00:00,2025,11,7,22,Huế,Phường Phú Bài,16.409296,107.6779818,66,Moderate,1,23.7,91,0.0,4.7,212,1008.3,11,18.3,19.2,523.0,12.0,75.0,5.8
2025-11-07 23:00:00,2025,11,7,23,Huế,Phường Phú Bài,16.409296,107.6779818,55,Moderate,1,23.0,89,0.0,4.6,222,1008.2,2,17.5,18.3,526.0,11.6,66.0,5.4
2025-11-08 00:00:00,2025,11,8,0,Huế,Phường Phú Bài,16.409296,107.6779818,48,Good,0,22.6,88,0.0,5.1,234,1008.2,77,16.5,17.2,497.0,10.8,58.0,4.7
2025-11-08 01:00:00,2025,11,8,1,Huế,Phường Phú Bài,16.409296,107.6779818,50,Good,0,22.2,91,0.0,3.6,240,1008.1,12,15.8,16.4,451.0,10.0,50.0,4.1
2025-11-08 02:00:00,2025,11,8,2,Huế,Phường Phú Bài,16.409296,107.6779818,51,Moderate,1,22.2,92,0.0,1.8,233,1008.0,68,15.4,15.8,374.0,9.3,39.0,3.6
2025-11-08 03:00:00,2025,11,8,3,Huế,Phường Phú Bài,16.409296,107.6779818,52,Moderate,1,22.0,92,0.0,2.1,211,1007.9,35,14.8,15.2,280.0,8.7,27.0,3.3
2025-11-08 04:00:00,2025,11,8,4,Huế,Phường Phú Bài,16.409296,107.6779818,52,Moderate,1,21.9,91,0.0,5.1,228,1008.1,63,14.2,14.6,226.0,8.4,21.0,3.2
2025-11-08 05:00:00,2025,11,8,5,Huế,Phường Phú Bài,16.409296,107.6779818,53,Moderate,1,21.5,92,0.0,5.4,220,1008.3,77,13.6,14.1,251.0,8.9,23.0,3.7
2025-11-08 06:00:00,2025,11,8,6,Huế,Phường Phú Bài,16.409296,107.6779818,54,Moderate,1,21.1,94,0.0,5.1,207,1009.1,63,14.5,15.0,316.0,9.7,31.0,4.5
2025-11-08 07:00:00,2025,11,8,7,Huế,Phường Phú Bài,16.409296,107.6779818,54,Moderate,1,23.2,87,0.0,3.9,223,1010.3,66,15.4,15.8,361.0,9.8,46.0,5.4
2025-11-08 08:00:00,2025,11,8,8,Huế,Phường Phú Bài,16.409296,107.6779818,55,Moderate,1,26.7,76,0.0,1.6,270,1011.1,82,17.0,17.5,360.0,7.9,73.0,5.7
2025-11-08 09:00:00,2025,11,8,9,Huế,Phường Phú Bài,16.409296,107.6779818,55,Moderate,1,28.9,72,0.0,3.1,3,1011.6,75,15.1,15.9,338.0,5.3,111.0,6.2
2025-11-08 10:00:00,2025,11,8,10,Huế,Phường Phú Bài,16.409296,107.6779818,56,Moderate,1,30.1,71,0.0,6.4,38,1011.4,58,14.8,15.8,318.0,3.3,140.0,6.2
2025-11-08 11:00:00,2025,11,8,11,Huế,Phường Phú Bài,16.409296,107.6779818,56,Moderate,1,30.8,71,0.0,7.2,53,1010.7,60,13.6,14.8,308.0,2.4,153.0,5.5
2025-11-08 12:00:00,2025,11,8,12,Huế,Phường Phú Bài,16.409296,107.6779818,56,Moderate,1,31.4,70,0.0,8.7,58,1009.8,55,12.7,13.9,298.0,2.1,158.0,4.4
2025-11-08 13:00:00,2025,11,8,13,Huế,Phường Phú Bài,16.409296,107.6779818,56,Moderate,1,30.6,70,1.2,11.7,63,1009.3,64,12.2,13.6,283.0,2.2,156.0,3.6
2025-11-08 14:00:00,2025,11,8,14,Huế,Phường Phú Bài,16.409296,107.6779818,56,Moderate,1,29.1,78,3.2,9.7,66,1008.7,99,11.8,13.3,255.0,2.4,148.0,3.2
2025-11-08 15:00:00,2025,11,8,15,Huế,Phường Phú Bài,16.409296,107.6779818,76,Moderate,1,29.1,76,0.2,14.9,82,1008.3,90,11.0,12.9,222.0,2.9,135.0,3.1
2025-11-08 16:00:00,2025,11,8,16,Huế,Phường Phú Bài,16.409296,107.6779818,95,Moderate,1,28.1,83,0.1,16.6,78,1008.1,91,11.1,13.5,200.0,4.5,118.0,3.3
2025-11-08 17:00:00,2025,11,8,17,Huế,Phường Phú Bài,16.409296,107.6779818,105,Unhealthy for Sensitive Groups,2,26.6,90,0.0,14.5,73,1008.3,68,11.9,13.9,195.0,8.1,97.0,4.1
2025-11-08 18:00:00,2025,11,8,18,Huế,Phường Phú Bài,16.409296,107.6779818,102,Unhealthy for Sensitive Groups,2,26.0,93,0.0,13.4,82,1008.7,5,13.8,15.7,201.0,12.7,74.0,5.3
2025-11-08 19:00:00,2025,11,8,19,Huế,Phường Phú Bài,16.409296,107.6779818,88,Moderate,1,26.0,95,0.0,4.2,126,1009.6,35,20.0,22.6,217.0,14.0,70.0,6.1
2025-11-08 20:00:00,2025,11,8,20,Huế,Phường Phú Bài,16.409296,107.6779818,70,Moderate,1,25.7,96,0.0,2.3,162,1010.5,8,19.8,22.4,249.0,14.2,63.0,6.1
2025-11-08 21:00:00,2025,11,8,21,Huế,Phường Phú Bài,16.409296,107.6779818,56,Moderate,1,25.3,97,0.0,1.5,187,1010.8,4,20.1,22.6,292.0,14.4,53.0,6.0
2025-11-08 22:00:00,2025,11,8,22,Huế,Phường Phú Bài,16.409296,107.6779818,56,Moderate,1,25.0,98,0.0,1.7,162,1011.1,4,19.5,21.9,327.0,14.3,45.0,5.8
2025-11-08 23:00:00,2025,11,8,23,Huế,Phường Phú Bài,16.409296,107.6779818,57,Moderate,1,24.5,99,0.0,2.9,176,1011.2,3,18.7,21.1,353.0,13.6,41.0,5.3
2025-11-09 00:00:00,2025,11,9,0,Huế,Phường Phú Bài,16.409296,107.6779818,57,Moderate,1,24.1,99,0.0,2.2,222,1011.0,43,17.5,19.8,371.0,12.5,38.0,4.7
2025-11-09 01:00:00,2025,11,9,1,Huế,Phường Phú Bài,16.409296,107.6779818,57,Moderate,1,24.9,96,0.0,5.8,104,1010.4,65,16.3,18.6,370.0,11.5,36.0,4.2
2025-11-09 02:00:00,2025,11,9,2,Huế,Phường Phú Bài,16.409296,107.6779818,57,Moderate,1,24.5,97,0.0,2.7,152,1009.6,73,15.3,17.4,331.0,10.5,34.0,3.9
2025-11-09 03:00:00,2025,11,9,3,Huế,Phường Phú Bài,16.409296,107.6779818,57,Moderate,1,24.0,99,0.0,1.4,220,1009.4,100,14.6,16.8,273.0,9.6,34.0,3.7
2025-11-09 04:00:00,2025,11,9,4,Huế,Phường Phú Bài,16.409296,107.6779818,57,Moderate,1,23.5,100,0.0,1.9,214,1008.9,100,14.9,17.1,242.0,9.2,35.0,3.8
2025-11-09 05:00:00,2025,11,9,5,Huế,Phường Phú Bài,16.409296,107.6779818,57,Moderate,1,23.5,100,0.0,4.2,216,1008.9,100,16.1,18.3,273.0,10.3,39.0,4.7
2025-11-09 06:00:00,2025,11,9,6,Huế,Phường Phú Bài,16.409296,107.6779818,57,Moderate,1,23.3,99,0.0,3.3,225,1009.8,100,20.0,21.4,330.0,11.9,44.0,6.0
2025-11-09 07:00:00,2025,11,9,7,Huế,Phường Phú Bài,16.409296,107.6779818,58,Moderate,1,24.2,94,0.0,4.3,202,1010.7,99,17.2,18.3,353.0,12.4,45.0,5.7
2025-11-09 08:00:00,2025,11,9,8,Huế,Phường Phú Bài,16.409296,107.6779818,58,Moderate,1,26.7,85,0.0,2.9,137,1011.1,100,12.2,14.2,302.0,9.6,57.0,5.1
2025-11-09 09:00:00,2025,11,9,9,Huế,Phường Phú Bài,16.409296,107.6779818,57,Moderate,1,28.8,76,0.2,8.8,91,1011.7,91,11.2,14.3,216.0,5.8,74.0,4.2
2025-11-09 10:00:00,2025,11,9,10,Huế,Phường Phú Bài,16.409296,107.6779818,57,Moderate,1,29.5,72,0.2,12.1,85,1011.6,34,10.3,13.5,151.0,2.8,86.0,3.5
2025-11-09 11:00:00,2025,11,9,11,Huế,Phường Phú Bài,16.409296,107.6779818,57,Moderate,1,29.9,70,0.1,13.7,74,1010.7,31,9.4,12.6,133.0,1.6,88.0,3.0
2025-11-09 12:00:00,2025,11,9,12,Huế,Phường Phú Bài,16.409296,107.6779818,56,Moderate,1,29.7,72,0.1,16.5,77,1009.9,15,8.5,11.4,137.0,1.3,85.0,2.5
2025-11-09 13:00:00,2025,11,9,13,Huế,Phường Phú Bài,16.409296,107.6779818,56,Moderate,1,29.5,71,0.0,15.2,74,1009.3,92,7.3,9.9,142.0,1.3,81.0,2.2
2025-11-09 14:00:00,2025,11,9,14,Huế,Phường Phú Bài,16.409296,107.6779818,55,Moderate,1,29.1,74,0.1,15.4,80,1008.7,34,6.5,8.9,139.0,0.9,78.0,1.8
2025-11-09 15:00:00,2025,11,9,15,Huế,Phường Phú Bài,16.409296,107.6779818,55,Moderate,1,28.5,75,0.0,12.8,76,1008.0,5,6.5,8.7,138.0,0.9,74.0,1.5
2025-11-09 16:00:00,2025,11,9,16,Huế,Phường Phú Bài,16.409296,107.6779818,54,Moderate,1,27.8,79,0.0,11.8,69,1007.7,20,6.1,8.3,148.0,2.3,68.0,1.8
2025-11-09 17:00:00,2025,11,9,17,Huế,Phường Phú Bài,16.409296,107.6779818,54,Moderate,1,26.5,85,0.0,8.3,66,1007.9,15,6.7,8.8,168.0,6.3,59.0,3.0
2025-11-09 18:00:00,2025,11,9,18,Huế,Phường Phú Bài,16.409296,107.6779818,54,Moderate,1,25.5,91,0.0,4.0,72,1008.5,29,9.6,11.6,199.0,11.7,48.0,4.7
2025-11-09 19:00:00,2025,11,9,19,Huế,Phường Phú Bài,16.409296,107.6779818,53,Moderate,1,26.0,91,0.0,5.3,62,1008.9,48,15.1,18.0,249.0,16.8,40.0,6.7
2025-11-09 20:00:00,2025,11,9,20,Huế,Phường Phú Bài,16.409296,107.6779818,53,Moderate,1,26.0,91,0.0,6.0,93,1010.2,96,19.2,22.3,345.0,18.9,39.0,8.4
2025-11-09 21:00:00,2025,11,9,21,Huế,Phường Phú Bài,16.409296,107.6779818,53,Moderate,1,25.5,94,0.0,8.8,90,1010.5,100,20.4,23.7,459.0,21.7,38.0,10.7
2025-11-09 22:00:00,2025,11,9,22,Huế,Phường Phú Bài,16.409296,107.6779818,53,Moderate,1,24.9,95,0.0,4.2,121,1010.6,98,21.5,25.0,517.0,23.1,37.0,12.1
2025-11-09 23:00:00,2025,11,9,23,Huế,Phường Phú Bài,16.409296,107.6779818,53,Moderate,1,24.4,96,0.0,3.2,207,1010.0,100,20.7,24.1,469.0,21.6,37.0,11.7
2025-11-10 00:00:00,2025,11,10,0,Huế,Phường Phú Bài,16.409296,107.6779818,53,Moderate,1,24.1,97,0.0,4.3,242,1009.7,99,17.2,20.6,364.0,18.7,38.0,10.4
2025-11-10 01:00:00,2025,11,10,1,Huế,Phường Phú Bài,16.409296,107.6779818,53,Moderate,1,23.7,99,0.0,1.0,248,1009.0,99,17.5,20.7,275.0,16.5,37.0,9.4
2025-11-10 02:00:00,2025,11,10,2,Huế,Phường Phú Bài,16.409296,107.6779818,53,Moderate,1,23.5,100,0.0,2.2,189,1008.9,100,16.8,19.7,220.0,16.1,34.0,9.1
2025-11-10 03:00:00,2025,11,10,3,Huế,Phường Phú Bài,16.409296,107.6779818,53,Moderate,1,23.4,100,0.0,3.2,196,1008.5,100,17.1,19.9,180.0,16.5,29.0,9.2
2025-11-10 04:00:00,2025,11,10,4,Huế,Phường Phú Bài,16.409296,107.6779818,54,Moderate,1,23.2,99,0.0,3.6,213,1008.3,100,18.1,20.7,172.0,16.5,28.0,9.4
2025-11-10 05:00:00,2025,11,10,5,Huế,Phường Phú Bài,16.409296,107.6779818,54,Moderate,1,22.9,100,0.0,3.5,219,1008.7,100,20.0,22.7,226.0,15.9,31.0,10.0
2025-11-10 06:00:00,2025,11,10,6,Huế,Phường Phú Bài,16.409296,107.6779818,54,Moderate,1,22.7,100,0.0,4.6,216,1009.1,100,23.8,26.4,311.0,14.9,37.0,10.7
2025-11-10 07:00:00,2025,11,10,7,Huế,Phường Phú Bài,16.409296,107.6779818,55,Moderate,1,25.1,90,0.0,3.6,207,1009.7,99,12.7,15.2,358.0,10.0,53.0,7.9
2025-11-10 08:00:00,2025,11,10,8,Huế,Phường Phú Bài,16.409296,107.6779818,54,Moderate,1,27.2,81,0.0,4.2,97,1010.2,39,10.7,13.4,324.0,7.6,67.0,7.0
2025-11-10 09:00:00,2025,11,10,9,Huế,Phường Phú Bài,16.409296,107.6779818,54,Moderate,1,29.0,69,0.0,8.7,96,1010.2,99,11.0,12.8,250.0,4.4,86.0,5.9
2025-11-10 10:00:00,2025,11,10,10,Huế,Phường Phú Bài,16.409296,107.6779818,54,Moderate,1,29.6,67,0.0,9.2,83,1010.1,99,12.6,14.3,195.0,2.0,101.0,5.0
2025-11-10 11:00:00,2025,11,10,11,Huế,Phường Phú Bài,16.409296,107.6779818,54,Moderate,1,29.9,67,0.0,7.9,60,1009.2,100,14.3,15.9,181.0,1.2,109.0,4.8
2025-11-10 12:00:00,2025,11,10,12,Huế,Phường Phú Bài,16.409296,107.6779818,55,Moderate,1,30.1,67,0.1,7.4,45,1008.1,100,15.8,17.2,185.0,1.3,114.0,4.8
2025-11-10 13:00:00,2025,11,10,13,Huế,Phường Phú Bài,16.409296,107.6779818,55,Moderate,1,29.6,67,0.0,8.0,36,1007.3,100,17.1,18.4,191.0,1.6,116.0,4.9
2025-11-10 14:00:00,2025,11,10,14,Huế,Phường Phú Bài,16.409296,107.6779818,56,Moderate,1,29.6,67,0.0,8.2,36,1006.6,100,17.4,18.6,174.0,1.1,115.0,4.6
2025-11-10 15:00:00,2025,11,10,15,Huế,Phường Phú Bài,16.409296,107.6779818,57,Moderate,1,29.0,69,0.0,8.2,32,1006.2,100,18.0,19.3,161.0,0.9,112.0,4.3
2025-11-10 16:00:00,2025,11,10,16,Huế,Phường Phú Bài,16.409296,107.6779818,58,Moderate,1,28.2,71,0.0,7.8,29,1006.4,100,18.3,19.8,210.0,3.0,104.0,4.9
2025-11-10 17:00:00,2025,11,10,17,Huế,Phường Phú Bài,16.409296,107.6779818,59,Moderate,1,27.0,78,0.0,4.2,25,1007.1,100,19.5,21.0,392.0,10.2,89.0,7.4
2025-11-10 18:00:00,2025,11,10,18,Huế,Phường Phú Bài,16.409296,107.6779818,60,Moderate,1,25.6,87,0.0,2.7,20,1007.7,99,24.2,25.7,638.0,19.9,70.0,10.7
2025-11-10 19:00:00,2025,11,10,19,Huế,Phường Phú Bài,16.409296,107.6779818,62,Moderate,1,25.5,93,0.0,2.6,344,1008.1,100,32.1,34.2,800.0,25.7,58.0,13.1
2025-11-10 20:00:00,2025,11,10,20,Huế,Phường Phú Bài,16.409296,107.6779818,63,Moderate,1,25.0,94,0.0,3.4,276,1009.1,100,34.7,36.8,805.0,25.5,54.0,13.8
2025-11-10 21:00:00,2025,11,10,21,Huế,Phường Phú Bài,16.409296,107.6779818,64,Moderate,1,24.5,95,0.0,3.8,229,1009.5,100,34.5,36.4,727.0,25.3,49.0,14.7
2025-11-10 22:00:00,2025,11,10,22,Huế,Phường Phú Bài,16.409296,107.6779818,66,Moderate,1,24.1,96,0.0,4.1,203,1009.4,95,36.2,38.1,637.0,24.7,44.0,15.0
2025-11-10 23:00:00,2025,11,10,23,Huế,Phường Phú Bài,16.409296,107.6779818,67,Moderate,1,23.8,97,0.0,4.0,243,1009.0,98,37.7,39.5,548.0,23.9,41.0,14.4
2025-11-11 00:00:00,2025,11,11,0,Huế,Phường Phú Bài,16.409296,107.6779818,69,Moderate,1,23.6,97,0.0,3.7,247,1008.5,91,37.6,39.3,447.0,22.7,39.0,13.2
2025-11-11 01:00:00,2025,11,11,1,Huế,Phường Phú Bài,16.409296,107.6779818,70,Moderate,1,24.1,98,0.0,3.3,241,1007.8,98,35.4,37.0,370.0,20.8,38.0,11.7
2025-11-11 02:00:00,2025,11,11,2,Huế,Phường Phú Bài,16.409296,107.6779818,72,Moderate,1,24.1,93,1.2,3.5,249,1007.7,100,31.4,33.1,329.0,17.4,37.0,9.8
2025-11-11 03:00:00,2025,11,11,3,Huế,Phường Phú Bài,16.409296,107.6779818,73,Moderate,1,23.6,97,0.9,3.1,167,1007.9,77,29.7,30.9,313.0,13.3,37.0,7.6
2025-11-11 04:00:00,2025,11,11,4,Huế,Phường Phú Bài,16.409296,107.6779818,74,Moderate,1,23.6,97,0.0,4.5,196,1007.9,97,29.5,30.6,322.0,10.2,40.0,6.2
2025-11-11 05:00:00,2025,11,11,5,Huế,Phường Phú Bài,16.409296,107.6779818,75,Moderate,1,23.4,98,0.0,4.4,212,1008.2,100,31.1,32.1,376.0,9.1,47.0,6.3
2025-11-11 06:00:00,2025,11,11,6,Huế,Phường Phú Bài,16.409296,107.6779818,76,Moderate,1,23.3,99,0.0,5.2,226,1009.2,100,33.2,34.2,456.0,8.9,58.0,7.2
2025-11-11 07:00:00,2025,11,11,7,Huế,Phường Phú Bài,16.409296,107.6779818,77,Moderate,1,25.1,92,0.0,5.2,211,1009.5,98,27.8,28.6,503.0,11.7,55.0,8.9
2025-11-11 08:00:00,2025,11,11,8,Huế,Phường Phú Bài,16.409296,107.6779818,79,Moderate,1,27.1,82,0.0,6.0,249,1010.4,100,21.6,22.7,485.0,9.1,71.0,8.1
2025-11-11 09:00:00,2025,11,11,9,Huế,Phường Phú Bài,16.409296,107.6779818,79,Moderate,1,28.5,74,0.1,4.5,284,1011.0,100,18.7,19.9,434.0,5.4,93.0,7.0
2025-11-11 10:00:00,2025,11,11,10,Huế,Phường Phú Bài,16.409296,107.6779818,80,Moderate,1,29.1,70,0.3,7.2,335,1010.6,100,19.0,20.3,392.0,2.7,111.0,6.1
2025-11-11 11:00:00,2025,11,11,11,Huế,Phường Phú Bài,16.409296,107.6779818,81,Moderate,1,29.2,71,0.3,10.3,353,1009.8,100,18.7,20.0,370.0,1.8,119.0,5.7
2025-11-11 12:00:00,2025,11,11,12,Huế,Phường Phú Bài,16.409296,107.6779818,81,Moderate,1,29.3,73,0.1,11.5,2,1008.9,100,19.0,20.4,357.0,1.8,123.0,5.5
2025-11-11 13:00:00,2025,11,11,13,Huế,Phường Phú Bài,16.409296,107.6779818,81,Moderate,1,28.1,74,0.0,12.7,6,1008.3,100,19.6,21.3,356.0,2.0,125.0,5.5
2025-11-11 14:00:00,2025,11,11,14,Huế,Phường Phú Bài,16.409296,107.6779818,82,Moderate,1,28.0,77,0.2,13.4,4,1007.7,100,19.9,21.8,368.0,2.2,126.0,5.8
2025-11-11 15:00:00,2025,11,11,15,Huế,Phường Phú Bài,16.409296,107.6779818,82,Moderate,1,27.7,75,0.1,14.1,6,1007.8,100,20.6,22.6,393.0,2.7,125.0,6.3
2025-11-11 16:00:00,2025,11,11,16,Huế,Phường Phú Bài,16.409296,107.6779818,82,Moderate,1,26.9,77,0.1,13.4,12,1008.4,100,21.2,23.5,432.0,3.4,122.0,6.7
2025-11-11 17:00:00,2025,11,11,17,Huế,Phường Phú Bài,16.409296,107.6779818,82,Moderate,1,26.0,82,0.1,9.6,6,1008.6,100,21.2,23.6,506.0,4.7,117.0,7.1
2025-11-11 18:00:00,2025,11,11,18,Huế,Phường Phú Bài,16.409296,107.6779818,83,Moderate,1,25.6,84,0.0,6.7,358,1008.8,100,21.9,24.4,594.0,6.3,110.0,7.4
2025-11-11 19:00:00,2025,11,11,19,Huế,Phường Phú Bài,16.409296,107.6779818,82,Moderate,1,24.6,94,0.0,3.5,246,1009.5,100,25.0,27.7,643.0,9.4,97.0,8.4
2025-11-11 20:00:00,2025,11,11,20,Huế,Phường Phú Bài,16.409296,107.6779818,82,Moderate,1,24.8,95,0.3,2.8,285,1010.8,100,23.6,26.3,614.0,8.8,94.0,8.1
2025-11-11 21:00:00,2025,11,11,21,Huế,Phường Phú Bài,16.409296,107.6779818,81,Moderate,1,24.6,96,0.5,5.2,329,1010.9,99,22.6,25.0,546.0,7.9,90.0,7.7
2025-11-11 22:00:00,2025,11,11,22,Huế,Phường Phú Bài,16.409296,107.6779818,80,Moderate,1,24.6,93,0.0,5.7,302,1010.9,98,21.1,23.7,495.0,7.0,86.0,7.1
2025-11-11 23:00:00,2025,11,11,23,Huế,Phường Phú Bài,16.409296,107.6779818,78,Moderate,1,24.1,94,0.0,6.7,304,1010.8,100,18.5,21.4,490.0,6.0,81.0,6.3
2025-11-12 00:00:00,2025,11,12,0,Huế,Phường Phú Bài,16.409296,107.6779818,77,Moderate,1,24.1,94,0.0,7.7,295,1010.5,100,17.6,20.7,502.0,4.9,76.0,5.4
2025-11-12 01:00:00,2025,11,12,1,Huế,Phường Phú Bài,16.409296,107.6779818,75,Moderate,1,24.3,92,0.0,8.2,303,1010.1,100,15.5,18.0,505.0,4.1,71.0,4.7
2025-11-12 02:00:00,2025,11,12,2,Huế,Phường Phú Bài,16.409296,107.6779818,73,Moderate,1,24.5,91,0.1,8.9,310,1009.9,100,14.5,17.5,478.0,3.6,67.0,4.2
2025-11-12 03:00:00,2025,11,12,3,Huế,Phường Phú Bài,16.409296,107.6779818,72,Moderate,1,24.5,90,0.2,9.7,321,1010.0,100,12.0,14.8,442.0,3.3,65.0,3.9
2025-11-12 04:00:00,2025,11,12,4,Huế,Phường Phú Bài,16.409296,107.6779818,70,Moderate,1,24.4,89,0.3,9.4,331,1010.6,100,11.1,13.9,428.0,3.3,63.0,3.9
2025-11-12 05:00:00,2025,11,12,5,Huế,Phường Phú Bài,16.409296,107.6779818,68,Moderate,1,24.2,89,0.1,8.8,332,1010.9,100,10.5,13.1,464.0,3.9,62.0,4.4
2025-11-12 06:00:00,2025,11,12,6,Huế,Phường Phú Bài,16.409296,107.6779818,67,Moderate,1,24.1,88,0.2,8.6,330,1012.0,100,11.3,13.9,521.0,4.9,62.0,5.2
2025-11-12 07:00:00,2025,11,12,7,Huế,Phường Phú Bài,16.409296,107.6779818,65,Moderate,1,24.5,87,0.1,6.6,327,1012.6,100,11.7,14.3,549.0,8.7,54.0,5.8
2025-11-12 08:00:00,2025,11,12,8,Huế,Phường Phú Bài,16.409296,107.6779818,63,Moderate,1,25.4,81,0.0,7.2,325,1013.4,100,11.8,14.8,514.0,7.7,58.0,6.1
2025-11-12 09:00:00,2025,11,12,9,Huế,Phường Phú Bài,16.409296,107.6779818,62,Moderate,1,26.0,75,0.0,8.5,339,1013.8,100,13.1,16.4,448.0,6.3,65.0,6.6
2025-11-12 10:00:00,2025,11,12,10,Huế,Phường Phú Bài,16.409296,107.6779818,62,Moderate,1,26.9,71,0.0,12.3,349,1013.9,100,14.1,17.3,399.0,5.2,71.0,7.1
2025-11-12 11:00:00,2025,11,12,11,Huế,Phường Phú Bài,16.409296,107.6779818,61,Moderate,1,27.4,69,0.0,13.1,347,1013.2,100,15.0,18.4,385.0,4.6,77.0,7.5
2025-11-12 12:00:00,2025,11,12,12,Huế,Phường Phú Bài,16.409296,107.6779818,61,Moderate,1,27.1,69,0.0,13.7,346,1012.4,100,15.3,18.2,388.0,4.4,82.0,7.9
2025-11-12 13:00:00,2025,11,12,13,Huế,Phường Phú Bài,16.409296,107.6779818,61,Moderate,1,26.8,71,0.0,15.8,1,1011.6,100,16.8,20.3,398.0,4.2,87.0,8.1
2025-11-12 14:00:00,2025,11,12,14,Huế,Phường Phú Bài,16.409296,107.6779818,60,Moderate,1,26.2,71,0.0,14.7,352,1011.1,100,17.9,21.5,411.0,4.0,91.0,7.8
2025-11-12 15:00:00,2025,11,12,15,Huế,Phường Phú Bài,16.409296,107.6779818,60,Moderate,1,25.7,73,0.0,14.8,347,1011.1,100,18.0,20.7,430.0,4.0,94.0,7.4
2025-11-12 16:00:00,2025,11,12,16,Huế,Phường Phú Bài,16.409296,107.6779818,60,Moderate,1,25.1,76,0.0,11.4,344,1011.2,100,20.6,24.3,460.0,4.3,95.0,7.0
2025-11-12 17:00:00,2025,11,12,17,Huế,Phường Phú Bài,16.409296,107.6779818,60,Moderate,1,24.8,78,0.1,8.2,334,1011.8,100,21.9,25.0,510.0,5.3,92.0,6.9
2025-11-12 18:00:00,2025,11,12,18,Huế,Phường Phú Bài,16.409296,107.6779818,60,Moderate,1,24.4,77,0.0,7.8,312,1012.2,23,23.6,26.8,571.0,6.5,87.0,7.0
2025-11-12 19:00:00,2025,11,12,19,Huế,Phường Phú Bài,16.409296,107.6779818,60,Moderate,1,23.3,84,0.0,6.0,321,1012.9,10,24.4,27.9,616.0,8.0,73.0,8.1
2025-11-12 20:00:00,2025,11,12,20,Huế,Phường Phú Bài,16.409296,107.6779818,60,Moderate,1,22.9,86,0.0,5.4,285,1013.6,19,24.6,28.2,638.0,7.4,74.0,7.9
2025-11-12 21:00:00,2025,11,12,21,Huế,Phường Phú Bài,16.409296,107.6779818,60,Moderate,1,22.7,87,0.0,6.7,262,1014.2,30,24.7,28.2,644.0,6.5,76.0,7.6
2025-11-12 22:00:00,2025,11,12,22,Huế,Phường Phú Bài,16.409296,107.6779818,60,Moderate,1,22.4,88,0.0,6.7,250,1014.4,34,24.0,27.5,627.0,5.7,78.0,7.3
2025-11-12 23:00:00,2025,11,12,23,Huế,Phường Phú Bài,16.409296,107.6779818,61,Moderate,1,22.0,89,0.0,7.1,255,1014.4,38,22.8,26.3,572.0,5.0,79.0,7.1
2025-11-13 00:00:00,2025,11,13,0,Huế,Phường Phú Bài,16.409296,107.6779818,61,Moderate,1,22.0,88,0.0,7.2,257,1014.4,45,20.1,23.2,494.0,4.3,80.0,6.8
2025-11-13 01:00:00,2025,11,13,1,Huế,Phường Phú Bài,16.409296,107.6779818,61,Moderate,1,21.8,90,0.0,6.3,252,1014.2,39,18.6,21.7,425.0,3.8,81.0,6.7
2025-11-13 02:00:00,2025,11,13,2,Huế,Phường Phú Bài,16.409296,107.6779818,62,Moderate,1,21.7,89,0.0,8.3,246,1014.0,85,17.2,20.2,370.0,3.3,83.0,6.6
2025-11-13 03:00:00,2025,11,13,3,Huế,Phường Phú Bài,16.409296,107.6779818,62,Moderate,1,21.6,89,0.0,8.8,250,1013.9,73,16.5,19.5,325.0,2.9,84.0,6.7
2025-11-13 04:00:00,2025,11,13,4,Huế,Phường Phú Bài,16.409296,107.6779818,62,Moderate,1,22.0,88,0.1,8.2,248,1014.3,46,15.9,18.9,312.0,3.0,85.0,6.8
2025-11-13 05:00:00,2025,11,13,5,Huế,Phường Phú Bài,16.409296,107.6779818,63,Moderate,1,21.5,91,0.0,8.2,251,1014.8,49,15.6,18.5,363.0,4.2,83.0,7.2
2025-11-13 06:00:00,2025,11,13,6,Huế,Phường Phú Bài,16.409296,107.6779818,63,Moderate,1,21.2,92,0.0,8.0,252,1015.5,53,15.9,18.9,446.0,5.9,80.0,7.7
2025-11-13 07:00:00,2025,11,13,7,Huế,Phường Phú Bài,16.409296,107.6779818,63,Moderate,1,23.0,87,0.1,7.1,285,1016.0,90,15.7,18.5,490.0,7.0,77.0,8.1
2025-11-13 08:00:00,2025,11,13,8,Huế,Phường Phú Bài,16.409296,107.6779818,64,Moderate,1,24.3,82,0.3,10.6,349,1016.7,48,15.6,19.2,452.0,5.7,85.0,7.9
2025-11-13 09:00:00,2025,11,13,9,Huế,Phường Phú Bài,16.409296,107.6779818,64,Moderate,1,25.5,72,0.2,15.9,354,1017.3,42,15.9,19.4,374.0,3.8,95.0,7.6
2025-11-13 10:00:00,2025,11,13,10,Huế,Phường Phú Bài,16.409296,107.6779818,64,Moderate,1,26.4,66,0.0,17.9,350,1017.2,32,16.8,20.3,317.0,2.4,104.0,7.4
2025-11-13 11:00:00,2025,11,13,11,Huế,Phường Phú Bài,16.409296,107.6779818,65,Moderate,1,27.1,61,0.0,17.2,347,1016.5,24,17.4,20.8,305.0,1.8,109.0,7.3
2025-11-13 12:00:00,2025,11,13,12,Huế,Phường Phú Bài,16.409296,107.6779818,65,Moderate,1,28.0,56,0.0,17.2,347,1015.4,52,18.4,21.7,314.0,1.5,113.0,7.4
2025-11-13 13:00:00,2025,11,13,13,Huế,Phường Phú Bài,16.409296,107.6779818,65,Moderate,1,26.5,59,0.0,16.3,340,1014.9,48,19.8,23.1,328.0,1.5,115.0,7.3
2025-11-13 14:00:00,2025,11,13,14,Huế,Phường Phú Bài,16.409296,107.6779818,65,Moderate,1,26.8,59,0.0,16.7,336,1013.8,28,22.5,25.4,344.0,1.6,115.0,7.0
2025-11-13 15:00:00,2025,11,13,15,Huế,Phường Phú Bài,16.409296,107.6779818,66,Moderate,1,26.2,60,0.0,15.0,340,1013.4,30,23.6,26.4,366.0,2.0,113.0,6.7
2025-11-13 16:00:00,2025,11,13,16,Huế,Phường Phú Bài,16.409296,107.6779818,66,Moderate,1,25.5,61,0.0,15.0,336,1013.5,42,25.6,28.5,391.0,2.6,110.0,6.5
2025-11-13 17:00:00,2025,11,13,17,Huế,Phường Phú Bài,16.409296,107.6779818,67,Moderate,1,24.1,68,0.0,11.7,333,1013.7,11,27.5,30.4,419.0,3.7,106.0,6.6
2025-11-13 18:00:00,2025,11,13,18,Huế,Phường Phú Bài,16.409296,107.6779818,67,Moderate,1,23.0,73,0.0,8.5,316,1014.1,10,28.9,32.1,450.0,5.0,100.0,6.8
2025-11-13 19:00:00,2025,11,13,19,Huế,Phường Phú Bài,16.409296,107.6779818,68,Moderate,1,22.2,79,0.0,6.5,304,1014.5,36,26.5,29.3,476.0,7.8,82.0,7.7
2025-11-13 20:00:00,2025,11,13,20,Huế,Phường Phú Bài,16.409296,107.6779818,68,Moderate,1,22.1,80,0.0,7.1,294,1015.0,24,26.1,29.0,504.0,7.4,81.0,7.6
2025-11-13 21:00:00,2025,11,13,21,Huế,Phường Phú Bài,16.409296,107.6779818,68,Moderate,1,21.6,82,0.0,6.9,275,1015.2,33,25.1,28.1,529.0,6.8,81.0,7.6
2025-11-13 22:00:00,2025,11,13,22,Huế,Phường Phú Bài,16.409296,107.6779818,68,Moderate,1,21.0,83,0.0,9.0,260,1015.5,12,24.5,27.6,524.0,6.2,80.0,7.3
2025-11-13 23:00:00,2025,11,13,23,Huế,Phường Phú Bài,16.409296,107.6779818,68,Moderate,1,20.7,82,0.0,9.6,250,1015.5,33,23.3,26.6,465.0,5.5,80.0,6.7
2025-11-14 00:00:00,2025,11,14,0,Huế,Phường Phú Bài,16.409296,107.6779818,68,Moderate,1,20.6,80,0.0,9.9,251,1015.3,37,22.1,25.2,377.0,4.6,81.0,6.0
2025-11-14 01:00:00,2025,11,14,1,Huế,Phường Phú Bài,16.409296,107.6779818,68,Moderate,1,21.0,78,0.0,10.4,255,1014.9,66,21.8,24.9,309.0,4.1,80.0,5.5
2025-11-14 02:00:00,2025,11,14,2,Huế,Phường Phú Bài,16.409296,107.6779818,69,Moderate,1,20.5,80,0.0,9.7,252,1014.5,55,20.8,23.5,278.0,3.9,76.0,5.2
2025-11-14 03:00:00,2025,11,14,3,Huế,Phường Phú Bài,16.409296,107.6779818,69,Moderate,1,20.3,81,0.0,9.1,248,1014.2,91,20.0,22.4,266.0,4.0,71.0,5.1
2025-11-14 04:00:00,2025,11,14,4,Huế,Phường Phú Bài,16.409296,107.6779818,69,Moderate,1,20.5,81,0.0,9.3,252,1014.0,55,19.2,21.4,270.0,4.3,68.0,5.2
2025-11-14 05:00:00,2025,11,14,5,Huế,Phường Phú Bài,16.409296,107.6779818,70,Moderate,1,20.4,82,0.1,10.7,254,1014.2,100,18.3,20.3,300.0,4.9,69.0,5.7
2025-11-14 06:00:00,2025,11,14,6,Huế,Phường Phú Bài,16.409296,107.6779818,70,Moderate,1,20.7,81,0.2,5.1,274,1014.7,84,18.2,20.3,345.0,5.7,72.0,6.5
2025-11-14 07:00:00,2025,11,14,7,Huế,Phường Phú Bài,16.409296,107.6779818,70,Moderate,1,21.6,81,0.6,3.9,294,1015.3,77,18.1,21.2,376.0,6.0,79.0,7.2
2025-11-14 08:00:00,2025,11,14,8,Huế,Phường Phú Bài,16.409296,107.6779818,70,Moderate,1,22.0,84,0.5,5.1,32,1016.3,77,17.4,20.7,378.0,4.9,86.0,7.4
2025-11-14 09:00:00,2025,11,14,9,Huế,Phường Phú Bài,16.409296,107.6779818,70,Moderate,1,22.7,81,1.8,6.5,42,1017.0,42,17.6,20.5,364.0,3.4,96.0,7.6
2025-11-14 10:00:00,2025,11,14,10,Huế,Phường Phú Bài,16.409296,107.6779818,71,Moderate,1,24.3,74,0.8,9.3,8,1016.7,29,16.8,18.6,348.0,2.2,104.0,7.8
2025-11-14 11:00:00,2025,11,14,11,Huế,Phường Phú Bài,16.409296,107.6779818,71,Moderate,1,26.0,64,0.2,17.1,358,1015.6,48,17.8,19.6,330.0,1.7,109.0,7.8
2025-11-14 12:00:00,2025,11,14,12,Huế,Phường Phú Bài,16.409296,107.6779818,71,Moderate,1,26.8,60,0.0,16.4,359,1014.6,30,18.5,20.3,309.0,1.5,112.0,7.7
2025-11-14 13:00:00,2025,11,14,13,Huế,Phường Phú Bài,16.409296,107.6779818,71,Moderate,1,26.7,59,0.0,16.0,359,1013.8,14,19.8,21.6,295.0,1.4,114.0,7.5
2025-11-14 14:00:00,2025,11,14,14,Huế,Phường Phú Bài,16.409296,107.6779818,71,Moderate,1,26.5,58,0.0,15.2,355,1013.1,15,18.6,20.3,278.0,1.2,115.0,7.1
2025-11-14 15:00:00,2025,11,14,15,Huế,Phường Phú Bài,16.409296,107.6779818,70,Moderate,1,26.1,57,0.0,14.2,357,1012.9,29,18.1,19.7,267.0,1.2,114.0,6.6
2025-11-14 16:00:00,2025,11,14,16,Huế,Phường Phú Bài,16.409296,107.6779818,70,Moderate,1,25.4,59,0.0,13.0,14,1012.9,36,17.1,18.7,302.0,2.0,111.0,6.5
2025-11-14 17:00:00,2025,11,14,17,Huế,Phường Phú Bài,16.409296,107.6779818,69,Moderate,1,24.0,66,0.0,6.0,5,1013.2,41,17.5,19.0,425.0,4.5,103.0,7.0
2025-11-14 18:00:00,2025,11,14,18,Huế,Phường Phú Bài,16.409296,107.6779818,68,Moderate,1,23.5,67,0.0,6.9,323,1013.5,47,18.7,20.1,593.0,7.9,91.0,7.8
2025-11-14 19:00:00,2025,11,14,19,Huế,Phường Phú Bài,16.409296,107.6779818,67,Moderate,1,23.3,71,0.0,8.2,293,1014.4,71,24.7,27.3,717.0,9.5,79.0,7.2
2025-11-14 20:00:00,2025,11,14,20,Huế,Phường Phú Bài,16.409296,107.6779818,67,Moderate,1,23.1,75,0.0,10.2,283,1015.1,86,25.1,28.2,765.0,9.4,77.0,7.3
2025-11-14 21:00:00,2025,11,14,21,Huế,Phường Phú Bài,16.409296,107.6779818,67,Moderate,1,22.9,78,0.0,8.3,270,1015.5,99,25.2,28.3,768.0,9.2,73.0,7.4
2025-11-14 22:00:00,2025,11,14,22,Huế,Phường Phú Bài,16.409296,107.6779818,67,Moderate,1,22.5,81,0.2,8.1,266,1015.5,100,24.9,27.8,731.0,8.8,71.0,7.3
2025-11-14 23:00:00,2025,11,14,23,Huế,Phường Phú Bài,16.409296,107.6779818,67,Moderate,1,22.1,86,0.4,9.8,284,1015.3,100,26.0,28.5,631.0,7.8,71.0,6.8
2025-11-15 00:00:00,2025,11,15,0,Huế,Phường Phú Bài,16.409296,107.6779818,67,Moderate,1,21.4,95,0.5,9.0,280,1015.1,83,25.3,27.9,491.0,6.6,71.0,6.1
2025-11-15 01:00:00,2025,11,15,1,Huế,Phường Phú Bài,16.409296,107.6779818,68,Moderate,1,21.5,91,0.2,7.0,302,1014.9,100,24.8,27.3,380.0,5.7,71.0,5.6
2025-11-15 02:00:00,2025,11,15,2,Huế,Phường Phú Bài,16.409296,107.6779818,68,Moderate,1,21.0,97,0.7,6.2,253,1014.4,100,23.9,26.4,326.0,5.1,69.0,5.4
2025-11-15 03:00:00,2025,11,15,3,Huế,Phường Phú Bài,16.409296,107.6779818,68,Moderate,1,20.9,95,0.4,10.7,248,1013.8,100,23.7,26.0,302.0,4.8,66.0,5.5
2025-11-15 04:00:00,2025,11,15,4,Huế,Phường Phú Bài,16.409296,107.6779818,68,Moderate,1,20.5,97,0.4,7.6,269,1013.8,100,24.6,27.4,296.0,5.4,62.0,5.8
2025-11-15 05:00:00,2025,11,15,5,Huế,Phường Phú Bài,16.409296,107.6779818,69,Moderate,1,20.4,98,1.0,8.0,264,1014.1,100,24.8,27.1,314.0,8.0,56.0,6.7
2025-11-15 06:00:00,2025,11,15,6,Huế,Phường Phú Bài,16.409296,107.6779818,69,Moderate,1,20.5,98,3.1,6.5,236,1014.8,100,25.1,28.0,349.0,11.5,49.0,7.9
2025-11-15 07:00:00,2025,11,15,7,Huế,Phường Phú Bài,16.409296,107.6779818,70,Moderate,1,21.1,96,2.8,5.0,244,1015.5,82,27.0,29.2,371.0,12.7,53.0,8.9
2025-11-15 08:00:00,2025,11,15,8,Huế,Phường Phú Bài,16.409296,107.6779818,71,Moderate,1,22.7,93,0.1,2.3,270,1016.4,100,23.6,25.4,365.0,11.0,61.0,8.3
2025-11-15 09:00:00,2025,11,15,9,Huế,Phường Phú Bài,16.409296,107.6779818,71,Moderate,1,23.3,89,0.1,4.1,285,1016.7,90,17.7,19.0,346.0,8.6,72.0,7.4
2025-11-15 10:00:00,2025,11,15,10,Huế,Phường Phú Bài,16.409296,107.6779818,71,Moderate,1,24.5,82,0.1,5.6,358,1016.4,100,13.9,15.8,328.0,6.6,81.0,6.6
2025-11-15 11:00:00,2025,11,15,11,Huế,Phường Phú Bài,16.409296,107.6779818,71,Moderate,1,24.6,78,0.3,12.7,30,1015.9,100,9.6,11.4,312.0,5.4,88.0,5.8
2025-11-15 12:00:00,2025,11,15,12,Huế,Phường Phú Bài,16.409296,107.6779818,70,Moderate,1,24.1,85,0.8,12.1,23,1014.9,100,9.4,11.5,296.0,4.6,93.0,5.0
2025-11-15 13:00:00,2025,11,15,13,Huế,Phường Phú Bài,16.409296,107.6779818,70,Moderate,1,24.4,79,0.6,10.2,24,1014.3,100,10.0,11.6,288.0,4.2,97.0,4.7
2025-11-15 14:00:00,2025,11,15,14,Huế,Phường Phú Bài,16.409296,107.6779818,69,Moderate,1,24.0,83,0.2,7.4,4,1013.7,100,12.3,14.1,289.0,4.5,100.0,5.2
2025-11-15 15:00:00,2025,11,15,15,Huế,Phường Phú Bài,16.409296,107.6779818,68,Moderate,1,24.0,86,0.6,6.6,351,1013.5,100,14.6,16.4,297.0,5.2,101.0,6.1
2025-11-15 16:00:00,2025,11,15,16,Huế,Phường Phú Bài,16.409296,107.6779818,68,Moderate,1,23.4,94,0.3,5.7,342,1013.8,100,16.8,19.0,314.0,6.0,101.0,6.9
2025-11-15 17:00:00,2025,11,15,17,Huế,Phường Phú Bài,16.409296,107.6779818,68,Moderate,1,22.9,97,2.1,3.0,256,1014.2,100,18.3,20.8,348.0,6.7,100.0,7.5
2025-11-15 18:00:00,2025,11,15,18,Huế,Phường Phú Bài,16.409296,107.6779818,68,Moderate,1,22.8,96,2.0,3.4,267,1014.6,100,19.2,21.0,392.0,7.4,98.0,7.9
2025-11-15 19:00:00,2025,11,15,19,Huế,Phường Phú Bài,16.409296,107.6779818,68,Moderate,1,23.0,94,2.0,5.8,326,1015.0,100,15.3,17.0,425.0,6.8,98.0,6.2
2025-11-15 20:00:00,2025,11,15,20,Huế,Phường Phú Bài,16.409296,107.6779818,67,Moderate,1,22.8,97,1.5,4.2,277,1015.5,100,15.3,17.1,445.0,6.4,100.0,6.4
2025-11-15 21:00:00,2025,11,15,21,Huế,Phường Phú Bài,16.409296,107.6779818,66,Moderate,1,23.0,95,0.4,2.2,275,1015.5,100,16.6,18.8,454.0,5.8,101.0,6.6
2025-11-15 22:00:00,2025,11,15,22,Huế,Phường Phú Bài,16.409296,107.6779818,65,Moderate,1,22.9,96,0.7,3.2,254,1015.3,100,18.0,19.9,434.0,5.3,100.0,6.4
2025-11-15 23:00:00,2025,11,15,23,Huế,Phường Phú Bài,16.409296,107.6779818,65,Moderate,1,22.9,97,0.6,2.9,292,1015.0,100,18.3,20.4,362.0,4.9,92.0,5.4
2025-11-16 00:00:00,2025,11,16,0,Huế,Phường Phú Bài,16.409296,107.6779818,64,Moderate,1,23.0,95,0.7,0.4,153,1014.5,100,16.3,19.0,261.0,4.6,81.0,4.0
2025-11-16 01:00:00,2025,11,16,1,Huế,Phường Phú Bài,16.409296,107.6779818,63,Moderate,1,22.6,96,0.7,2.8,281,1013.7,98,14.5,17.4,184.0,4.3,72.0,2.9
2025-11-16 02:00:00,2025,11,16,2,Huế,Phường Phú Bài,16.409296,107.6779818,62,Moderate,1,22.5,98,0.4,3.4,302,1013.3,100,13.1,16.4,155.0,3.7,69.0,2.3
2025-11-16 03:00:00,2025,11,16,3,Huế,Phường Phú Bài,16.409296,107.6779818,62,Moderate,1,22.8,96,0.9,5.4,334,1012.6,100,11.1,14.3,151.0,3.0,69.0,2.0
2025-11-16 04:00:00,2025,11,16,4,Huế,Phường Phú Bài,16.409296,107.6779818,60,Moderate,1,23.0,96,1.6,6.5,341,1012.3,100,9.7,12.7,155.0,3.0,69.0,1.9
2025-11-16 05:00:00,2025,11,16,5,Huế,Phường Phú Bài,16.409296,107.6779818,59,Moderate,1,23.1,98,2.8,7.8,4,1012.5,100,9.4,12.7,168.0,4.4,69.0,2.2
2025-11-16 06:00:00,2025,11,16,6,Huế,Phường Phú Bài,16.409296,107.6779818,58,Moderate,1,23.1,97,1.1,5.8,51,1013.2,100,9.4,12.4,190.0,6.5,70.0,2.7
2025-11-16 07:00:00,2025,11,16,7,Huế,Phường Phú Bài,16.409296,107.6779818,56,Moderate,1,23.0,98,0.9,10.0,108,1014.7,100,9.3,12.1,202.0,5.7,77.0,2.5
2025-11-16 08:00:00,2025,11,16,8,Huế,Phường Phú Bài,16.409296,107.6779818,55,Moderate,1,24.0,95,2.0,7.3,126,1015.2,100,10.2,13.6,195.0,5.0,78.0,2.4
2025-11-16 09:00:00,2025,11,16,9,Huế,Phường Phú Bài,16.409296,107.6779818,54,Moderate,1,24.3,96,0.9,11.2,105,1016.0,100,10.7,14.1,179.0,4.0,80.0,2.3
2025-11-16 10:00:00,2025,11,16,10,Huế,Phường Phú Bài,16.409296,107.6779818,53,Moderate,1,25.0,96,1.1,16.7,83,1016.1,100,9.0,12.0,167.0,3.4,80.0,2.2
2025-11-16 11:00:00,2025,11,16,11,Huế,Phường Phú Bài,16.409296,107.6779818,53,Moderate,1,24.6,93,3.5,18.0,87,1015.4,100,7.5,9.8,163.0,3.4,77.0,2.2
2025-11-16 12:00:00,2025,11,16,12,Huế,Phường Phú Bài,16.409296,107.6779818,52,Moderate,1,24.4,96,2.1,17.5,86,1014.6,100,7.0,9.4,163.0,3.7,73.0,2.2
2025-11-16 13:00:00,2025,11,16,13,Huế,Phường Phú Bài,16.409296,107.6779818,52,Moderate,1,24.9,92,1.5,13.7,103,1013.5,100,7.3,9.5,165.0,4.1,71.0,2.2
2025-11-16 14:00:00,2025,11,16,14,Huế,Phường Phú Bài,16.409296,107.6779818,52,Moderate,1,24.2,96,1.6,14.3,84,1012.9,100,7.0,9.2,172.0,4.5,71.0,2.2
2025-11-16 15:00:00,2025,11,16,15,Huế,Phường Phú Bài,16.409296,107.6779818,51,Moderate,1,24.0,97,1.2,12.3,63,1012.8,100,7.8,10.2,182.0,4.9,73.0,2.2
2025-11-16 16:00:00,2025,11,16,16,Huế,Phường Phú Bài,16.409296,107.6779818,51,Moderate,1,23.5,97,1.1,12.9,72,1012.9,100,8.1,10.6,187.0,5.2,75.0,2.2
2025-11-16 17:00:00,2025,11,16,17,Huế,Phường Phú Bài,16.409296,107.6779818,50,Good,0,23.5,96,1.3,12.4,68,1013.0,100,8.9,11.6,185.0,5.4,77.0,2.3
2025-11-16 18:00:00,2025,11,16,18,Huế,Phường Phú Bài,16.409296,107.6779818,48,Good,0,23.5,96,3.7,19.4,84,1013.6,100,9.6,12.4,178.0,5.5,78.0,2.4
2025-11-16 19:00:00,2025,11,16,19,Huế,Phường Phú Bài,16.409296,107.6779818,47,Good,0,24.0,95,2.3,20.4,71,1014.5,100,7.1,8.8,171.0,4.0,81.0,1.9
2025-11-16 20:00:00,2025,11,16,20,Huế,Phường Phú Bài,16.409296,107.6779818,45,Good,0,24.0,96,2.5,18.9,78,1015.0,100,6.8,8.3,164.0,3.7,81.0,1.9
2025-11-16 21:00:00,2025,11,16,21,Huế,Phường Phú Bài,16.409296,107.6779818,44,Good,0,23.9,96,1.8,15.9,85,1015.2,100,7.1,8.7,156.0,3.3,81.0,1.9
2025-11-16 22:00:00,2025,11,16,22,Huế,Phường Phú Bài,16.409296,107.6779818,42,Good,0,24.0,96,1.3,17.1,83,1015.0,100,7.5,9.5,149.0,2.9,81.0,1.8
2025-11-16 23:00:00,2025,11,16,23,Huế,Phường Phú Bài,16.409296,107.6779818,40,Good,0,23.5,97,1.9,14.2,81,1014.7,100,7.4,9.4,144.0,2.5,80.0,1.6
2025-11-17 00:00:00,2025,11,17,0,Huế,Phường Phú Bài,16.409296,107.6779818,39,Good,0,23.6,97,1.2,16.2,73,1014.4,100,6.9,8.7,140.0,2.1,79.0,1.4
2025-11-17 01:00:00,2025,11,17,1,Huế,Phường Phú Bài,16.409296,107.6779818,37,Good,0,23.2,96,2.0,12.5,86,1013.5,100,6.8,8.6,137.0,1.8,77.0,1.2
2025-11-17 02:00:00,2025,11,17,2,Huế,Phường Phú Bài,16.409296,107.6779818,37,Good,0,23.6,97,1.8,18.2,72,1013.0,100,6.5,8.0,134.0,1.7,74.0,1.2
2025-11-17 03:00:00,2025,11,17,3,Huế,Phường Phú Bài,16.409296,107.6779818,37,Good,0,23.4,98,4.2,14.0,83,1013.0,100,5.8,7.1,131.0,1.7,71.0,1.3
2025-11-17 04:00:00,2025,11,17,4,Huế,Phường Phú Bài,16.409296,107.6779818,36,Good,0,24.0,96,3.7,17.1,83,1012.9,100,5.2,6.3,135.0,2.2,68.0,1.5
2025-11-17 05:00:00,2025,11,17,5,Huế,Phường Phú Bài,16.409296,107.6779818,35,Good,0,23.4,97,5.3,17.2,85,1013.3,100,5.2,6.4,151.0,3.8,64.0,1.9
2025-11-17 06:00:00,2025,11,17,6,Huế,Phường Phú Bài,16.409296,107.6779818,34,Good,0,23.0,98,5.3,15.7,80,1014.2,100,5.6,6.8,172.0,5.9,60.0,2.5
2025-11-17 07:00:00,2025,11,17,7,Huế,Phường Phú Bài,16.409296,107.6779818,33,Good,0,23.6,97,5.2,14.8,86,1015.0,100,6.0,7.1,186.0,6.4,64.0,3.0
2025-11-17 08:00:00,2025,11,17,8,Huế,Phường Phú Bài,16.409296,107.6779818,32,Good,0,24.0,96,2.0,16.2,93,1016.0,100,6.9,8.3,185.0,5.7,67.0,3.0
2025-11-17 09:00:00,2025,11,17,9,Huế,Phường Phú Bài,16.409296,107.6779818,32,Good,0,23.7,96,1.6,17.6,96,1017.0,100,7.9,9.5,176.0,4.6,71.0,2.9
2025-11-17 10:00:00,2025,11,17,10,Huế,Phường Phú Bài,16.409296,107.6779818,31,Good,0,23.6,97,2.1,11.5,98,1016.6,100,8.1,10.5,171.0,3.8,74.0,2.8
2025-11-17 11:00:00,2025,11,17,11,Huế,Phường Phú Bài,16.409296,107.6779818,31,Good,0,23.9,96,2.1,10.6,108,1016.1,100,7.9,10.4,175.0,3.4,74.0,2.6
2025-11-17 12:00:00,2025,11,17,12,Huế,Phường Phú Bài,16.409296,107.6779818,31,Good,0,23.9,97,2.2,13.3,92,1015.0,100,7.8,10.4,184.0,3.2,74.0,2.4
2025-11-17 13:00:00,2025,11,17,13,Huế,Phường Phú Bài,16.409296,107.6779818,32,Good,0,24.0,96,1.8,7.9,86,1013.7,100,8.6,11.0,190.0,3.1,74.0,2.2
2025-11-17 14:00:00,2025,11,17,14,Huế,Phường Phú Bài,16.409296,107.6779818,32,Good,0,24.2,96,1.7,8.9,83,1013.0,100,9.7,12.3,190.0,3.1,78.0,2.1
2025-11-17 15:00:00,2025,11,17,15,Huế,Phường Phú Bài,16.409296,107.6779818,33,Good,0,25.0,95,0.6,4.7,94,1012.7,100,10.5,13.7,189.0,3.1,82.0,2.0
2025-11-17 16:00:00,2025,11,17,16,Huế,Phường Phú Bài,16.409296,107.6779818,34,Good,0,24.8,93,1.0,11.3,77,1012.9,100,12.2,15.9,192.0,3.4,85.0,2.0
2025-11-17 17:00:00,2025,11,17,17,Huế,Phường Phú Bài,16.409296,107.6779818,35,Good,0,23.6,94,3.8,14.2,91,1013.9,100,13.8,17.2,208.0,4.1,83.0,2.2
2025-11-17 18:00:00,2025,11,17,18,Huế,Phường Phú Bài,16.409296,107.6779818,36,Good,0,24.1,91,1.3,13.3,90,1014.6,100,14.3,18.2,229.0,5.0,79.0,2.4
2025-11-17 19:00:00,2025,11,17,19,Huế,Phường Phú Bài,16.409296,107.6779818,36,Good,0,22.9,96,0.5,9.8,116,1016.0,100,13.9,17.5,239.0,5.7,78.0,2.9
2025-11-17 20:00:00,2025,11,17,20,Huế,Phường Phú Bài,16.409296,107.6779818,37,Good,0,23.8,95,1.1,11.7,91,1016.5,100,13.2,17.1,228.0,5.3,78.0,2.8
2025-11-17 21:00:00,2025,11,17,21,Huế,Phường Phú Bài,16.409296,107.6779818,37,Good,0,23.6,96,1.4,7.0,108,1016.6,100,12.4,15.8,206.0,4.6,78.0,2.7
2025-11-17 22:00:00,2025,11,17,22,Huế,Phường Phú Bài,16.409296,107.6779818,37,Good,0,22.9,97,1.0,9.9,94,1016.6,96,11.3,14.6,186.0,4.0,78.0,2.6
2025-11-17 23:00:00,2025,11,17,23,Huế,Phường Phú Bài,16.409296,107.6779818,37,Good,0,22.9,96,0.7,11.5,98,1016.6,99,9.9,13.0,172.0,3.5,78.0,2.3
2025-11-18 00:00:00,2025,11,18,0,Huế,Phường Phú Bài,16.409296,107.6779818,38,Good,0,23.0,96,0.9,4.4,83,1016.3,100,9.9,13.3,160.0,2.9,79.0,2.0
2025-11-18 01:00:00,2025,11,18,1,Huế,Phường Phú Bài,16.409296,107.6779818,38,Good,0,23.5,89,0.8,9.6,84,1015.6,99,9.0,12.3,153.0,2.5,81.0,1.8
2025-11-18 02:00:00,2025,11,18,2,Huế,Phường Phú Bài,16.409296,107.6779818,38,Good,0,23.5,92,1.0,15.0,74,1015.1,96,8.7,11.6,151.0,2.1,84.0,1.5
2025-11-18 03:00:00,2025,11,18,3,Huế,Phường Phú Bài,16.409296,107.6779818,39,Good,0,23.8,90,0.9,10.4,69,1014.6,97,8.4,11.7,154.0,1.8,89.0,1.2
2025-11-18 04:00:00,2025,11,18,4,Huế,Phường Phú Bài,16.409296,107.6779818,39,Good,0,23.0,92,1.3,11.6,71,1014.7,99,8.2,11.7,166.0,1.8,94.0,1.6
2025-11-18 05:00:00,2025,11,18,5,Huế,Phường Phú Bài,16.409296,107.6779818,40,Good,0,23.6,88,1.4,15.5,65,1014.9,100,8.2,11.4,195.0,2.4,102.0,3.2
2025-11-18 06:00:00,2025,11,18,6,Huế,Phường Phú Bài,16.409296,107.6779818,40,Good,0,23.0,92,1.2,12.9,70,1015.7,100,10.0,13.4,234.0,3.4,110.0,5.6
2025-11-18 07:00:00,2025,11,18,7,Huế,Phường Phú Bài,16.409296,107.6779818,42,Good,0,24.1,81,0.8,18.3,60,1016.9,100,13.2,17.1,263.0,3.7,109.0,4.5
2025-11-18 08:00:00,2025,11,18,8,Huế,Phường Phú Bài,16.409296,107.6779818,43,Good,0,24.1,82,0.4,17.6,61,1017.5,100,15.1,18.6,275.0,3.7,112.0,6.0
2025-11-18 09:00:00,2025,11,18,9,Huế,Phường Phú Bài,16.409296,107.6779818,45,Good,0,24.6,82,0.5,19.2,62,1018.3,100,16.6,19.8,277.0,3.6,116.0,8.0
2025-11-18 10:00:00,2025,11,18,10,Huế,Phường Phú Bài,16.409296,107.6779818,47,Good,0,25.0,81,0.2,20.0,63,1017.9,100,18.4,21.7,271.0,3.3,119.0,9.0
2025-11-18 11:00:00,2025,11,18,11,Huế,Phường Phú Bài,16.409296,107.6779818,49,Good,0,25.8,74,0.0,23.1,62,1017.2,100,20.4,24.9,253.0,2.6,122.0,8.2
2025-11-18 12:00:00,2025,11,18,12,Huế,Phường Phú Bài,16.409296,107.6779818,55,Moderate,1,25.9,73,0.4,23.4,63,1016.3,100,19.5,23.6,228.0,1.8,125.0,6.5
2025-11-18 13:00:00,2025,11,18,13,Huế,Phường Phú Bài,16.409296,107.6779818,61,Moderate,1,24.8,75,0.4,23.8,65,1015.0,100,17.8,21.7,209.0,1.4,126.0,5.1
2025-11-18 14:00:00,2025,11,18,14,Huế,Phường Phú Bài,16.409296,107.6779818,66,Moderate,1,25.9,73,0.2,21.6,66,1014.2,99,16.5,19.7,201.0,1.8,125.0,4.5
2025-11-18 15:00:00,2025,11,18,15,Huế,Phường Phú Bài,16.409296,107.6779818,69,Moderate,1,26.1,66,0.1,21.1,73,1014.1,99,17.3,21.2,199.0,2.8,123.0,4.3
2025-11-18 16:00:00,2025,11,18,16,Huế,Phường Phú Bài,16.409296,107.6779818,72,Moderate,1,25.4,67,0.0,24.6,65,1014.3,100,16.6,19.7,208.0,3.7,120.0,4.3
2025-11-18 17:00:00,2025,11,18,17,Huế,Phường Phú Bài,16.409296,107.6779818,74,Moderate,1,25.0,69,0.0,19.1,69,1014.9,100,17.0,20.0,236.0,4.7,118.0,4.7
2025-11-18 18:00:00,2025,11,18,18,Huế,Phường Phú Bài,16.409296,107.6779818,75,Moderate,1,24.5,76,0.3,14.7,71,1015.6,100,19.7,22.4,274.0,5.7,116.0,5.4
2025-11-18 19:00:00,2025,11,18,19,Huế,Phường Phú Bài,16.409296,107.6779818,74,Moderate,1,23.4,86,1.6,14.2,40,1016.3,91,20.8,23.9,305.0,5.0,107.0,5.8
2025-11-18 20:00:00,2025,11,18,20,Huế,Phường Phú Bài,16.409296,107.6779818,71,Moderate,1,22.4,93,1.3,7.5,44,1017.4,100,22.8,25.9,322.0,4.7,103.0,6.2
2025-11-18 21:00:00,2025,11,18,21,Huế,Phường Phú Bài,16.409296,107.6779818,66,Moderate,1,22.1,95,1.9,9.9,38,1017.8,100,24.4,27.6,331.0,4.3,96.0,6.8
2025-11-18 22:00:00,2025,11,18,22,Huế,Phường Phú Bài,16.409296,107.6779818,60,Moderate,1,22.1,95,1.4,10.1,17,1017.6,100,24.8,27.7,336.0,4.0,90.0,7.2
2025-11-18 23:00:00,2025,11,18,23,Huế,Phường Phú Bài,16.409296,107.6779818,58,Moderate,1,21.9,95,1.5,17.2,33,1017.6,100,21.9,24.4,335.0,3.8,84.0,7.2
2025-11-19 00:00:00,2025,11,19,0,Huế,Phường Phú Bài,16.409296,107.6779818,59,Moderate,1,21.9,95,2.6,21.6,30,1017.6,100,21.2,23.6,329.0,3.6,78.0,7.0
2025-11-19 01:00:00,2025,11,19,1,Huế,Phường Phú Bài,16.409296,107.6779818,60,Moderate,1,21.8,90,2.5,22.5,20,1017.3,100,20.0,22.3,323.0,3.5,73.0,6.8
2025-11-19 02:00:00,2025,11,19,2,Huế,Phường Phú Bài,16.409296,107.6779818,61,Moderate,1,21.2,94,2.2,22.2,18,1017.2,100,18.0,20.2,315.0,3.5,68.0,6.6
2025-11-19 03:00:00,2025,11,19,3,Huế,Phường Phú Bài,16.409296,107.6779818,61,Moderate,1,20.8,95,2.8,21.9,19,1017.3,100,15.5,17.6,307.0,3.6,64.0,6.3
2025-11-19 04:00:00,2025,11,19,4,Huế,Phường Phú Bài,16.409296,107.6779818,62,Moderate,1,20.8,95,5.7,17.4,21,1017.6,100,13.9,16.2,303.0,3.7,61.0,6.0
2025-11-19 05:00:00,2025,11,19,5,Huế,Phường Phú Bài,16.409296,107.6779818,63,Moderate,1,20.6,94,7.1,18.6,23,1017.9,100,11.8,13.8,309.0,4.0,61.0,5.8
2025-11-19 06:00:00,2025,11,19,6,Huế,Phường Phú Bài,16.409296,107.6779818,63,Moderate,1,20.3,95,4.4,19.0,10,1018.8,100,11.1,13.1,321.0,4.4,63.0,5.6
2025-11-19 07:00:00,2025,11,19,7,Huế,Phường Phú Bài,16.409296,107.6779818,63,Moderate,1,20.4,93,3.5,15.5,5,1019.9,100,9.9,12.3,328.0,5.0,61.0,5.6
2025-11-19 08:00:00,2025,11,19,8,Huế,Phường Phú Bài,16.409296,107.6779818,63,Moderate,1,20.2,93,2.7,19.7,14,1020.6,100,9.9,12.3,326.0,4.9,61.0,5.7
2025-11-19 09:00:00,2025,11,19,9,Huế,Phường Phú Bài,16.409296,107.6779818,62,Moderate,1,20.4,93,1.2,18.3,13,1021.3,100,9.7,11.9,320.0,4.7,62.0,5.8
2025-11-19 10:00:00,2025,11,19,10,Huế,Phường Phú Bài,16.409296,107.6779818,62,Moderate,1,20.4,93,2.0,19.2,12,1021.3,100,9.8,11.9,314.0,4.6,64.0,5.8
2025-11-19 11:00:00,2025,11,19,11,Huế,Phường Phú Bài,16.409296,107.6779818,61,Moderate,1,21.0,86,0.9,21.9,5,1020.5,100,10.7,12.8,311.0,4.4,68.0,5.7
2025-11-19 12:00:00,2025,11,19,12,Huế,Phường Phú Bài,16.409296,107.6779818,60,Moderate,1,21.0,85,0.5,22.2,3,1020.0,100,11.6,13.9,310.0,4.3,73.0,5.6
2025-11-19 13:00:00,2025,11,19,13,Huế,Phường Phú Bài,16.409296,107.6779818,59,Moderate,1,20.9,84,0.4,19.9,18,1019.2,100,13.1,15.3,308.0,4.3,77.0,5.5
2025-11-19 14:00:00,2025,11,19,14,Huế,Phường Phú Bài,16.409296,107.6779818,59,Moderate,1,21.4,77,0.1,18.7,16,1018.2,100,14.6,17.0,307.0,4.6,80.0,5.3
2025-11-19 15:00:00,2025,11,19,15,Huế,Phường Phú Bài,16.409296,107.6779818,59,Moderate,1,21.7,75,0.2,16.8,10,1017.9,100,14.8,17.2,306.0,5.0,82.0,5.1
2025-11-19 16:00:00,2025,11,19,16,Huế,Phường Phú Bài,16.409296,107.6779818,58,Moderate,1,21.0,80,0.4,16.1,10,1017.7,100,15.4,17.9,302.0,5.4,83.0,5.0
2025-11-19 17:00:00,2025,11,19,17,Huế,Phường Phú Bài,16.409296,107.6779818,58,Moderate,1,19.8,92,1.0,13.2,358,1018.1,100,18.0,20.7,293.0,5.7,83.0,5.0
2025-11-19 18:00:00,2025,11,19,18,Huế,Phường Phú Bài,16.409296,107.6779818,58,Moderate,1,20.0,89,1.3,19.6,1,1018.5,100,18.5,21.3,281.0,6.0,81.0,5.0
2025-11-19 19:00:00,2025,11,19,19,Huế,Phường Phú Bài,16.409296,107.6779818,58,Moderate,1,19.4,91,0.4,18.4,2,1019.5,100,17.5,20.0,273.0,5.1,80.0,4.6
2025-11-19 20:00:00,2025,11,19,20,Huế,Phường Phú Bài,16.409296,107.6779818,58,Moderate,1,19.0,95,1.5,15.4,344,1020.3,100,18.5,21.1,273.0,5.0,78.0,5.0
2025-11-19 21:00:00,2025,11,19,21,Huế,Phường Phú Bài,16.409296,107.6779818,58,Moderate,1,19.2,94,1.4,13.0,346,1020.7,100,19.8,22.7,278.0,5.0,76.0,5.5
2025-11-19 22:00:00,2025,11,19,22,Huế,Phường Phú Bài,16.409296,107.6779818,57,Moderate,1,19.4,94,1.0,11.9,350,1020.4,100,21.4,24.0,283.0,4.9,73.0,5.9
2025-11-19 23:00:00,2025,11,19,23,Huế,Phường Phú Bài,16.409296,107.6779818,57,Moderate,1,20.0,86,0.1,13.3,352,1019.9,100,23.2,25.8,288.0,4.9,69.0,6.0
2025-11-20 00:00:00,2025,11,20,0,Huế,Phường Phú Bài,16.409296,107.6779818,57,Moderate,1,20.2,81,0.1,12.2,352,1019.4,100,23.0,25.3,293.0,4.9,66.0,6.0
2025-11-20 01:00:00,2025,11,20,1,Huế,Phường Phú Bài,16.409296,107.6779818,57,Moderate,1,19.2,87,0.5,11.7,333,1019.7,100,23.1,25.2,297.0,4.8,63.0,6.1
2025-11-20 02:00:00,2025,11,20,2,Huế,Phường Phú Bài,16.409296,107.6779818,58,Moderate,1,18.7,94,1.4,7.9,325,1019.1,100,22.0,24.6,297.0,4.5,63.0,6.3
2025-11-20 03:00:00,2025,11,20,3,Huế,Phường Phú Bài,16.409296,107.6779818,58,Moderate,1,18.9,94,1.4,8.3,336,1018.7,100,20.6,23.3,295.0,4.1,63.0,6.6
2025-11-20 04:00:00,2025,11,20,4,Huế,Phường Phú Bài,16.409296,107.6779818,58,Moderate,1,19.0,93,1.2,10.5,348,1018.7,100,19.9,22.5,297.0,4.1,64.0,6.9
2025-11-20 05:00:00,2025,11,20,5,Huế,Phường Phú Bài,16.409296,107.6779818,59,Moderate,1,19.0,92,0.7,12.8,340,1018.8,100,19.2,21.9,307.0,4.9,63.0,7.4
2025-11-20 06:00:00,2025,11,20,6,Huế,Phường Phú Bài,16.409296,107.6779818,60,Moderate,1,18.9,92,0.6,11.4,347,1019.1,100,19.3,22.2,322.0,6.1,62.0,8.0
2025-11-20 07:00:00,2025,11,20,7,Huế,Phường Phú Bài,16.409296,107.6779818,60,Moderate,1,19.4,89,0.7,10.5,329,1019.6,100,19.4,22.4,331.0,6.5,69.0,6.8
2025-11-20 08:00:00,2025,11,20,8,Huế,Phường Phú Bài,16.409296,107.6779818,61,Moderate,1,19.7,93,0.5,8.3,359,1020.5,100,20.2,23.5,330.0,6.4,70.0,6.9
2025-11-20 09:00:00,2025,11,20,9,Huế,Phường Phú Bài,16.409296,107.6779818,62,Moderate,1,20.6,86,0.3,14.0,1,1021.2,100,19.7,23.1,324.0,6.1,72.0,7.1
2025-11-20 10:00:00,2025,11,20,10,Huế,Phường Phú Bài,16.409296,107.6779818,63,Moderate,1,21.0,85,0.4,12.8,355,1020.8,100,19.9,23.3,320.0,5.8,75.0,7.2
2025-11-20 11:00:00,2025,11,20,11,Huế,Phường Phú Bài,16.409296,107.6779818,64,Moderate,1,21.0,85,0.5,15.2,356,1020.1,100,19.8,23.2,319.0,5.2,79.0,7.0
2025-11-20 12:00:00,2025,11,20,12,Huế,Phường Phú Bài,16.409296,107.6779818,65,Moderate,1,20.2,93,0.8,12.7,354,1019.3,100,19.3,23.0,320.0,4.5,85.0,6.7
2025-11-20 13:00:00,2025,11,20,13,Huế,Phường Phú Bài,16.409296,107.6779818,65,Moderate,1,21.6,73,0.5,13.0,349,1018.1,100,19.6,23.4,324.0,4.2,88.0,6.5
2025-11-20 14:00:00,2025,11,20,14,Huế,Phường Phú Bài,16.409296,107.6779818,66,Moderate,1,21.7,72,0.0,14.4,345,1017.5,100,20.1,23.9,333.0,4.8,88.0,6.6
2025-11-20 15:00:00,2025,11,20,15,Huế,Phường Phú Bài,16.409296,107.6779818,66,Moderate,1,21.3,78,0.3,12.7,342,1017.5,100,19.8,23.4,344.0,5.8,87.0,6.9
2025-11-20 16:00:00,2025,11,20,16,Huế,Phường Phú Bài,16.409296,107.6779818,67,Moderate,1,20.5,84,0.6,13.7,344,1017.6,100,19.7,23.1,351.0,6.7,85.0,7.2
2025-11-20 17:00:00,2025,11,20,17,Huế,Phường Phú Bài,16.409296,107.6779818,67,Moderate,1,19.5,93,0.7,11.6,334,1018.1,100,19.6,23.0,351.0,7.1,84.0,7.4
2025-11-20 18:00:00,2025,11,20,18,Huế,Phường Phú Bài,16.409296,107.6779818,67,Moderate,1,20.0,86,0.3,13.1,330,1018.8,100,19.4,23.0,348.0,7.4,84.0,7.5
2025-11-20 19:00:00,2025,11,20,19,Huế,Phường Phú Bài,16.409296,107.6779818,67,Moderate,1,19.4,95,0.3,7.9,240,1019.3,100,20.9,25.0,345.0,6.2,81.0,6.9
2025-11-20 20:00:00,2025,11,20,20,Huế,Phường Phú Bài,16.409296,107.6779818,68,Moderate,1,19.0,97,0.7,6.2,253,1019.7,100,20.3,24.3,343.0,6.1,81.0,7.0
2025-11-20 21:00:00,2025,11,20,21,Huế,Phường Phú Bài,16.409296,107.6779818,68,Moderate,1,19.1,97,0.6,5.0,257,1019.9,100,21.4,25.8,342.0,5.9,80.0,7.1
2025-11-20 22:00:00,2025,11,20,22,Huế,Phường Phú Bài,16.409296,107.6779818,68,Moderate,1,19.3,96,0.5,5.2,297,1019.8,100,21.3,25.9,338.0,5.6,80.0,7.1
2025-11-20 23:00:00,2025,11,20,23,Huế,Phường Phú Bài,16.409296,107.6779818,68,Moderate,1,19.5,94,0.6,6.0,307,1019.9,100,23.6,28.5,330.0,5.2,80.0,7.0
2025-11-21 00:00:00,2025,11,21,0,Huế,Phường Phú Bài,16.409296,107.6779818,68,Moderate,1,19.5,93,0.3,6.0,295,1019.4,100,21.8,26.1,320.0,4.7,80.0,6.9
2025-11-21 01:00:00,2025,11,21,1,Huế,Phường Phú Bài,16.409296,107.6779818,68,Moderate,1,19.2,92,0.3,9.0,260,1018.9,100,20.8,24.9,311.0,4.3,80.0,6.9
2025-11-21 02:00:00,2025,11,21,2,Huế,Phường Phú Bài,16.409296,107.6779818,68,Moderate,1,19.1,95,0.2,5.1,266,1018.5,100,19.6,23.3,301.0,3.9,80.0,6.9
2025-11-21 03:00:00,2025,11,21,3,Huế,Phường Phú Bài,16.409296,107.6779818,67,Moderate,1,19.2,94,1.1,6.5,309,1018.2,100,18.4,21.9,293.0,3.6,81.0,7.0
2025-11-21 04:00:00,2025,11,21,4,Huế,Phường Phú Bài,16.409296,107.6779818,67,Moderate,1,19.4,93,1.1,11.0,325,1018.1,100,17.2,20.4,293.0,3.8,80.0,7.2
2025-11-21 05:00:00,2025,11,21,5,Huế,Phường Phú Bài,16.409296,107.6779818,67,Moderate,1,19.3,91,0.8,13.5,335,1018.3,100,17.1,20.5,306.0,5.1,76.0,7.6
2025-11-21 06:00:00,2025,11,21,6,Huế,Phường Phú Bài,16.409296,107.6779818,67,Moderate,1,19.2,91,0.8,11.5,326,1019.0,100,17.5,21.1,328.0,7.0,72.0,8.0
2025-11-21 07:00:00,2025,11,21,7,Huế,Phường Phú Bài,16.409296,107.6779818,67,Moderate,1,19.2,92,1.1,9.4,301,1020.0,100,13.4,16.5,358.0,5.9,84.0,7.4
2025-11-21 08:00:00,2025,11,21,8,Huế,Phường Phú Bài,16.409296,107.6779818,66,Moderate,1,19.6,91,0.3,6.0,299,1021.0,100,14.1,17.3,413.0,5.5,86.0,7.8
2025-11-21 09:00:00,2025,11,21,9,Huế,Phường Phú Bài,16.409296,107.6779818,66,Moderate,1,20.4,92,0.6,6.4,302,1021.8,100,14.9,18.3,476.0,4.9,89.0,8.4
2025-11-21 10:00:00,2025,11,21,10,Huế,Phường Phú Bài,16.409296,107.6779818,65,Moderate,1,21.2,91,0.3,9.1,346,1021.6,100,16.4,20.5,497.0,4.3,93.0,8.8
2025-11-21 11:00:00,2025,11,21,11,Huế,Phường Phú Bài,16.409296,107.6779818,65,Moderate,1,23.2,64,0.0,17.2,7,1020.6,100,15.9,20.0,435.0,3.6,98.0,8.7
2025-11-21 12:00:00,2025,11,21,12,Huế,Phường Phú Bài,16.409296,107.6779818,65,Moderate,1,23.1,63,0.0,19.1,3,1019.7,100,15.5,19.3,331.0,2.8,104.0,8.4
2025-11-21 13:00:00,2025,11,21,13,Huế,Phường Phú Bài,16.409296,107.6779818,64,Moderate,1,23.4,60,0.0,16.7,354,1018.6,100,15.1,18.7,259.0,2.5,109.0,8.2
2025-11-21 14:00:00,2025,11,21,14,Huế,Phường Phú Bài,16.409296,107.6779818,64,Moderate,1,23.4,60,0.0,15.5,351,1017.8,100,15.0,18.6,254.0,2.8,111.0,8.3
2025-11-21 15:00:00,2025,11,21,15,Huế,Phường Phú Bài,16.409296,107.6779818,63,Moderate,1,23.1,59,0.0,14.5,346,1017.8,100,15.1,18.8,282.0,3.6,112.0,8.4
2025-11-21 16:00:00,2025,11,21,16,Huế,Phường Phú Bài,16.409296,107.6779818,63,Moderate,1,22.6,64,0.0,14.4,340,1017.8,100,15.3,18.7,313.0,4.3,112.0,8.6
2025-11-21 17:00:00,2025,11,21,17,Huế,Phường Phú Bài,16.409296,107.6779818,63,Moderate,1,22.1,69,0.0,12.5,344,1017.8,100,15.9,19.3,334.0,5.0,111.0,8.7
2025-11-21 18:00:00,2025,11,21,18,Huế,Phường Phú Bài,16.409296,107.6779818,62,Moderate,1,22.1,68,0.0,9.7,3,1018.2,100,17.3,21.0,359.0,5.6,109.0,8.7
2025-11-21 19:00:00,2025,11,21,19,Huế,Phường Phú Bài,16.409296,107.6779818,62,Moderate,1,20.8,76,0.0,3.6,237,1018.8,100,21.8,26.0,402.0,6.3,100.0,9.0
2025-11-21 20:00:00,2025,11,21,20,Huế,Phường Phú Bài,16.409296,107.6779818,62,Moderate,1,20.5,78,0.0,9.3,227,1019.2,99,21.8,25.9,487.0,7.0,94.0,9.2
2025-11-21 21:00:00,2025,11,21,21,Huế,Phường Phú Bài,16.409296,107.6779818,62,Moderate,1,20.1,78,0.0,8.1,225,1019.3,100,24.4,28.9,589.0,8.0,87.0,9.4
2025-11-21 22:00:00,2025,11,21,22,Huế,Phường Phú Bài,16.409296,107.6779818,63,Moderate,1,20.4,78,0.0,6.2,234,1019.2,100,26.5,31.4,649.0,8.5,80.0,9.4
2025-11-21 23:00:00,2025,11,21,23,Huế,Phường Phú Bài,16.409296,107.6779818,63,Moderate,1,20.8,78,0.0,5.2,266,1018.7,100,25.6,30.2,636.0,8.2,76.0,9.0
2025-11-22 00:00:00,2025,11,22,0,Huế,Phường Phú Bài,16.409296,107.6779818,63,Moderate,1,20.8,81,0.0,4.2,275,1018.2,99,24.2,28.6,580.0,7.4,73.0,8.5
2025-11-22 01:00:00,2025,11,22,1,Huế,Phường Phú Bài,16.409296,107.6779818,63,Moderate,1,20.3,82,0.0,8.5,243,1017.6,100,23.1,27.3,512.0,6.7,72.0,8.1
2025-11-22 02:00:00,2025,11,22,2,Huế,Phường Phú Bài,16.409296,107.6779818,64,Moderate,1,20.5,82,0.0,6.7,256,1017.1,100,22.2,26.1,420.0,5.9,72.0,8.0
2025-11-22 03:00:00,2025,11,22,3,Huế,Phường Phú Bài,16.409296,107.6779818,64,Moderate,1,20.5,83,0.0,4.9,266,1016.8,100,21.7,25.5,316.0,5.1,74.0,8.0
2025-11-22 04:00:00,2025,11,22,4,Huế,Phường Phú Bài,16.409296,107.6779818,64,Moderate,1,20.6,82,0.1,6.9,275,1016.7,100,25.7,30.2,266.0,5.2,74.0,8.3
2025-11-22 05:00:00,2025,11,22,5,Huế,Phường Phú Bài,16.409296,107.6779818,65,Moderate,1,20.6,85,0.2,3.4,254,1017.0,100,26.8,31.2,318.0,7.3,69.0,8.9
2025-11-22 06:00:00,2025,11,22,6,Huế,Phường Phú Bài,16.409296,107.6779818,66,Moderate,1,20.1,94,1.0,4.0,306,1017.5,100,27.8,32.2,424.0,10.3,63.0,9.8
2025-11-22 07:00:00,2025,11,22,7,Huế,Phường Phú Bài,16.409296,107.6779818,67,Moderate,1,20.5,86,1.4,6.2,218,1018.1,100,28.9,33.2,500.0,12.7,60.0,10.8
2025-11-22 08:00:00,2025,11,22,8,Huế,Phường Phú Bài,16.409296,107.6779818,68,Moderate,1,21.5,85,0.1,4.9,262,1018.8,100,30.4,35.0,516.0,11.7,67.0,11.2
2025-11-22 09:00:00,2025,11,22,9,Huế,Phường Phú Bài,16.409296,107.6779818,69,Moderate,1,22.1,84,0.1,4.0,306,1019.2,100,30.9,35.6,502.0,10.3,77.0,11.7
2025-11-22 10:00:00,2025,11,22,10,Huế,Phường Phú Bài,16.409296,107.6779818,71,Moderate,1,22.5,83,0.1,3.6,360,1018.7,100,29.2,33.8,470.0,8.9,85.0,11.7
2025-11-22 11:00:00,2025,11,22,11,Huế,Phường Phú Bài,16.409296,107.6779818,72,Moderate,1,23.4,78,0.2,8.7,24,1018.1,100,26.2,30.0,408.0,7.4,89.0,10.7
2025-11-22 12:00:00,2025,11,22,12,Huế,Phường Phú Bài,16.409296,107.6779818,73,Moderate,1,24.8,66,0.1,10.6,26,1017.2,100,22.4,25.8,328.0,6.0,92.0,9.3
2025-11-22 13:00:00,2025,11,22,13,Huế,Phường Phú Bài,16.409296,107.6779818,74,Moderate,1,24.5,71,0.0,9.5,351,1016.5,100,20.8,24.2,275.0,5.3,93.0,8.2
2025-11-22 14:00:00,2025,11,22,14,Huế,Phường Phú Bài,16.409296,107.6779818,74,Moderate,1,24.5,72,0.3,10.6,345,1015.7,100,21.0,24.6,269.0,5.6,94.0,7.8
2025-11-22 15:00:00,2025,11,22,15,Huế,Phường Phú Bài,16.409296,107.6779818,75,Moderate,1,24.0,73,0.0,8.8,325,1015.3,100,21.7,25.2,291.0,6.6,94.0,7.9
2025-11-22 16:00:00,2025,11,22,16,Huế,Phường Phú Bài,16.409296,107.6779818,75,Moderate,1,23.2,78,0.2,7.4,311,1015.4,100,23.3,27.3,321.0,8.6,91.0,8.2
2025-11-22 17:00:00,2025,11,22,17,Huế,Phường Phú Bài,16.409296,107.6779818,76,Moderate,1,22.5,82,0.0,3.7,284,1015.6,100,26.0,30.0,353.0,12.4,83.0,9.0
2025-11-22 18:00:00,2025,11,22,18,Huế,Phường Phú Bài,16.409296,107.6779818,77,Moderate,1,21.9,89,0.6,0.4,153,1016.1,100,28.8,32.9,395.0,17.1,72.0,10.0
2025-11-22 19:00:00,2025,11,22,19,Huế,Phường Phú Bài,16.409296,107.6779818,78,Moderate,1,21.1,90,0.4,6.5,238,1016.7,100,26.5,30.5,450.0,13.7,81.0,10.5
2025-11-22 20:00:00,2025,11,22,20,Huế,Phường Phú Bài,16.409296,107.6779818,78,Moderate,1,21.0,88,0.0,7.8,226,1017.1,100,25.9,29.8,539.0,13.1,80.0,10.5
2025-11-22 21:00:00,2025,11,22,21,Huế,Phường Phú Bài,16.409296,107.6779818,79,Moderate,1,21.0,85,0.0,7.5,222,1017.3,100,25.8,29.8,642.0,12.2,79.0,10.5
2025-11-22 22:00:00,2025,11,22,22,Huế,Phường Phú Bài,16.409296,107.6779818,79,Moderate,1,20.9,85,0.1,5.1,216,1017.2,100,25.8,30.0,697.0,11.4,78.0,10.3
2025-11-22 23:00:00,2025,11,22,23,Huế,Phường Phú Bài,16.409296,107.6779818,79,Moderate,1,20.5,88,0.1,8.1,245,1016.8,100,26.0,30.5,668.0,10.6,76.0,9.8
2025-11-23 00:00:00,2025,11,23,0,Huế,Phường Phú Bài,16.409296,107.6779818,79,Moderate,1,20.4,90,0.1,7.1,229,1016.4,100,25.7,30.2,592.0,9.9,75.0,9.2
2025-11-23 01:00:00,2025,11,23,1,Huế,Phường Phú Bài,16.409296,107.6779818,79,Moderate,1,20.4,93,0.1,7.7,231,1015.7,100,24.1,28.3,519.0,9.2,72.0,8.5
2025-11-23 02:00:00,2025,11,23,2,Huế,Phường Phú Bài,16.409296,107.6779818,79,Moderate,1,20.4,94,0.0,7.5,237,1015.0,100,23.5,27.5,452.0,8.3,68.0,7.7
2025-11-23 03:00:00,2025,11,23,3,Huế,Phường Phú Bài,16.409296,107.6779818,79,Moderate,1,20.4,95,0.2,4.4,218,1015.0,100,22.6,26.2,388.0,7.5,64.0,6.8
2025-11-23 04:00:00,2025,11,23,4,Huế,Phường Phú Bài,16.409296,107.6779818,79,Moderate,1,20.2,98,0.4,5.6,222,1015.1,100,21.8,25.2,363.0,7.8,60.0,6.5
2025-11-23 05:00:00,2025,11,23,5,Huế,Phường Phú Bài,16.409296,107.6779818,79,Moderate,1,20.2,99,0.3,5.1,222,1015.4,100,21.1,24.6,409.0,10.3,54.0,7.1
2025-11-23 06:00:00,2025,11,23,6,Huế,Phường Phú Bài,16.409296,107.6779818,78,Moderate,1,20.4,99,0.3,4.2,245,1016.0,100,21.7,24.9,495.0,13.9,49.0,8.2
2025-11-23 07:00:00,2025,11,23,7,Huế,Phường Phú Bài,16.409296,107.6779818,78,Moderate,1,21.0,95,0.3,7.8,285,1016.5,100,26.2,29.7,559.0,12.1,77.0,10.1
2025-11-23 08:00:00,2025,11,23,8,Huế,Phường Phú Bài,16.409296,107.6779818,77,Moderate,1,21.4,98,0.4,6.1,256,1017.0,100,24.7,28.0,580.0,10.9,82.0,10.4
2025-11-23 09:00:00,2025,11,23,9,Huế,Phường Phú Bài,16.409296,107.6779818,77,Moderate,1,21.9,99,1.7,5.1,252,1017.7,100,22.4,25.7,579.0,9.2,89.0,10.7
2025-11-23 10:00:00,2025,11,23,10,Huế,Phường Phú Bài,16.409296,107.6779818,76,Moderate,1,22.2,97,1.4,7.9,291,1017.6,100,21.8,25.0,560.0,7.9,94.0,10.7
2025-11-23 11:00:00,2025,11,23,11,Huế,Phường Phú Bài,16.409296,107.6779818,76,Moderate,1,22.0,97,1.1,10.1,282,1016.8,100,21.5,24.9,511.0,7.2,95.0,10.0
2025-11-23 12:00:00,2025,11,23,12,Huế,Phường Phú Bài,16.409296,107.6779818,75,Moderate,1,22.2,94,0.3,12.9,295,1016.0,100,20.9,24.5,444.0,6.8,93.0,9.0
2025-11-23 13:00:00,2025,11,23,13,Huế,Phường Phú Bài,16.409296,107.6779818,75,Moderate,1,23.0,88,0.7,13.6,306,1015.3,100,21.5,24.9,404.0,6.8,91.0,8.1
2025-11-23 14:00:00,2025,11,23,14,Huế,Phường Phú Bài,16.409296,107.6779818,75,Moderate,1,23.5,86,0.2,11.7,311,1014.8,100,21.7,24.9,396.0,7.2,90.0,7.5
2025-11-23 15:00:00,2025,11,23,15,Huế,Phường Phú Bài,16.409296,107.6779818,75,Moderate,1,23.0,90,0.4,8.4,286,1014.7,100,21.7,25.4,414.0,8.0,88.0,7.0
2025-11-23 16:00:00,2025,11,23,16,Huế,Phường Phú Bài,16.409296,107.6779818,75,Moderate,1,22.9,92,0.2,5.3,278,1014.5,100,22.5,25.9,487.0,9.0,86.0,6.8
2025-11-23 17:00:00,2025,11,23,17,Huế,Phường Phú Bài,16.409296,107.6779818,75,Moderate,1,22.0,97,0.6,5.2,295,1014.7,100,23.6,27.0,680.0,10.5,82.0,7.1
2025-11-23 18:00:00,2025,11,23,18,Huế,Phường Phú Bài,16.409296,107.6779818,75,Moderate,1,21.8,98,0.9,4.8,281,1014.7,100,22.9,25.9,929.0,12.2,77.0,7.6
2025-11-23 19:00:00,2025,11,23,19,Huế,Phường Phú Bài,16.409296,107.6779818,74,Moderate,1,21.5,97,1.2,10.0,288,1015.5,100,20.3,23.5,1066.0,7.5,94.0,6.9
2025-11-23 20:00:00,2025,11,23,20,Huế,Phường Phú Bài,16.409296,107.6779818,74,Moderate,1,21.5,98,0.5,7.6,285,1015.6,100,20.7,23.9,992.0,7.0,95.0,7.1
2025-11-23 21:00:00,2025,11,23,21,Huế,Phường Phú Bài,16.409296,107.6779818,73,Moderate,1,21.5,98,0.5,8.7,275,1015.5,100,20.9,24.2,808.0,6.3,98.0,7.4
2025-11-23 22:00:00,2025,11,23,22,Huế,Phường Phú Bài,16.409296,107.6779818,73,Moderate,1,21.4,98,1.3,7.6,289,1015.6,100,21.4,24.8,646.0,5.6,100.0,7.6
2025-11-23 23:00:00,2025,11,23,23,Huế,Phường Phú Bài,16.409296,107.6779818,72,Moderate,1,21.4,98,1.8,6.7,286,1015.5,100,21.8,25.2,554.0,5.0,104.0,7.7
2025-11-24 00:00:00,2025,11,24,0,Huế,Phường Phú Bài,16.409296,107.6779818,72,Moderate,1,21.5,98,1.9,2.9,274,1015.6,100,22.6,26.1,485.0,4.5,108.0,7.7
2025-11-24 01:00:00,2025,11,24,1,Huế,Phường Phú Bài,16.409296,107.6779818,72,Moderate,1,20.9,97,2.2,5.7,233,1015.1,100,23.1,26.5,434.0,4.2,109.0,7.7
2025-11-24 02:00:00,2025,11,24,2,Huế,Phường Phú Bài,16.409296,107.6779818,72,Moderate,1,20.8,98,1.4,5.4,250,1014.5,100,22.9,26.0,400.0,4.0,106.0,7.6
2025-11-24 03:00:00,2025,11,24,3,Huế,Phường Phú Bài,16.409296,107.6779818,72,Moderate,1,21.0,98,0.8,4.1,268,1014.0,100,22.2,25.2,384.0,4.0,100.0,7.5
2025-11-24 04:00:00,2025,11,24,4,Huế,Phường Phú Bài,16.409296,107.6779818,72,Moderate,1,21.3,97,0.5,2.4,253,1014.0,100,21.8,24.5,390.0,4.5,95.0,7.5
2025-11-24 05:00:00,2025,11,24,5,Huế,Phường Phú Bài,16.409296,107.6779818,72,Moderate,1,21.4,98,1.1,1.7,229,1014.3,100,21.1,23.7,434.0,6.0,91.0,7.6
2025-11-24 06:00:00,2025,11,24,6,Huế,Phường Phú Bài,16.409296,107.6779818,72,Moderate,1,21.4,99,1.5,2.9,240,1015.1,100,19.9,22.7,499.0,8.0,87.0,7.8
2025-11-24 07:00:00,2025,11,24,7,Huế,Phường Phú Bài,16.409296,107.6779818,71,Moderate,1,20.7,99,0.7,8.2,260,1016.0,100,17.3,18.9,543.0,7.9,104.0,9.2
2025-11-24 08:00:00,2025,11,24,8,Huế,Phường Phú Bài,16.409296,107.6779818,71,Moderate,1,20.6,100,0.6,8.4,259,1016.7,100,19.3,21.2,549.0,6.8,104.0,9.1
2025-11-24 09:00:00,2025,11,24,9,Huế,Phường Phú Bài,16.409296,107.6779818,70,Moderate,1,21.0,100,0.9,7.8,244,1017.2,100,20.0,22.7,533.0,5.4,103.0,8.9
2025-11-24 10:00:00,2025,11,24,10,Huế,Phường Phú Bài,16.409296,107.6779818,70,Moderate,1,21.8,99,0.9,6.2,258,1017.0,100,16.8,19.6,499.0,4.3,103.0,8.5
2025-11-24 11:00:00,2025,11,24,11,Huế,Phường Phú Bài,16.409296,107.6779818,70,Moderate,1,22.5,97,0.7,1.3,254,1016.1,100,15.5,18.5,430.0,3.9,104.0,7.9
2025-11-24 12:00:00,2025,11,24,12,Huế,Phường Phú Bài,16.409296,107.6779818,69,Moderate,1,24.0,95,0.3,5.1,73,1015.3,100,16.1,18.1,343.0,3.9,106.0,7.1
2025-11-24 13:00:00,2025,11,24,13,Huế,Phường Phú Bài,16.409296,107.6779818,69,Moderate,1,24.1,87,0.5,12.3,61,1014.2,100,16.0,18.5,286.0,4.1,107.0,6.4
2025-11-24 14:00:00,2025,11,24,14,Huế,Phường Phú Bài,16.409296,107.6779818,68,Moderate,1,23.2,94,1.9,12.6,22,1013.8,100,16.4,20.2,288.0,4.4,107.0,6.0
2025-11-24 15:00:00,2025,11,24,15,Huế,Phường Phú Bài,16.409296,107.6779818,68,Moderate,1,23.0,95,2.1,11.2,5,1013.7,100,15.9,19.4,322.0,4.8,107.0,5.7
2025-11-24 16:00:00,2025,11,24,16,Huế,Phường Phú Bài,16.409296,107.6779818,67,Moderate,1,23.2,92,0.4,9.6,357,1013.8,100,16.2,19.6,351.0,5.2,107.0,5.6
2025-11-24 17:00:00,2025,11,24,17,Huế,Phường Phú Bài,16.409296,107.6779818,67,Moderate,1,22.1,96,1.2,11.4,13,1014.3,100,17.3,21.0,366.0,5.4,109.0,5.6
2025-11-24 18:00:00,2025,11,24,18,Huế,Phường Phú Bài,16.409296,107.6779818,66,Moderate,1,22.2,96,0.7,10.3,15,1015.2,100,18.5,22.1,376.0,5.6,111.0,5.8
2025-11-24 19:00:00,2025,11,24,19,Huế,Phường Phú Bài,16.409296,107.6779818,66,Moderate,1,22.0,95,1.0,12.0,39,1015.6,100,21.8,26.4,379.0,6.6,104.0,6.2
2025-11-24 20:00:00,2025,11,24,20,Huế,Phường Phú Bài,16.409296,107.6779818,66,Moderate,1,22.2,96,0.3,6.1,32,1016.3,100,21.6,25.5,369.0,6.0,107.0,6.2
2025-11-24 21:00:00,2025,11,24,21,Huế,Phường Phú Bài,16.409296,107.6779818,66,Moderate,1,21.9,96,0.6,7.5,21,1016.8,100,22.9,26.8,352.0,5.1,112.0,6.2
2025-11-24 22:00:00,2025,11,24,22,Huế,Phường Phú Bài,16.409296,107.6779818,66,Moderate,1,22.0,96,0.4,4.9,4,1017.0,100,22.2,25.6,336.0,4.4,114.0,6.2
2025-11-24 23:00:00,2025,11,24,23,Huế,Phường Phú Bài,16.409296,107.6779818,66,Moderate,1,21.8,97,2.1,10.0,20,1016.6,100,21.5,24.9,324.0,3.9,112.0,6.0
2025-11-25 00:00:00,2025,11,25,0,Huế,Phường Phú Bài,16.409296,107.6779818,66,Moderate,1,21.5,97,2.2,8.3,30,1016.5,100,19.9,22.4,312.0,3.4,109.0,5.7
2025-11-25 01:00:00,2025,11,25,1,Huế,Phường Phú Bài,16.409296,107.6779818,66,Moderate,1,21.7,93,0.7,6.6,26,1016.5,100,19.7,21.8,306.0,3.1,107.0,5.8
2025-11-25 02:00:00,2025,11,25,2,Huế,Phường Phú Bài,16.409296,107.6779818,65,Moderate,1,21.2,98,3.8,7.8,40,1015.6,100,20.5,22.6,304.0,2.9,109.0,6.7
2025-11-25 03:00:00,2025,11,25,3,Huế,Phường Phú Bài,16.409296,107.6779818,65,Moderate,1,21.4,97,3.5,8.0,20,1015.3,100,21.0,22.9,307.0,2.8,114.0,8.0
2025-11-25 04:00:00,2025,11,25,4,Huế,Phường Phú Bài,16.409296,107.6779818,65,Moderate,1,21.2,96,3.2,11.1,27,1015.3,100,22.8,25.1,317.0,3.0,117.0,9.3
2025-11-25 05:00:00,2025,11,25,5,Huế,Phường Phú Bài,16.409296,107.6779818,65,Moderate,1,21.0,95,1.3,9.2,23,1015.8,100,23.6,26.2,342.0,3.8,119.0,10.4
2025-11-25 06:00:00,2025,11,25,6,Huế,Phường Phú Bài,16.409296,107.6779818,65,Moderate,1,21.0,94,1.5,7.7,21,1016.4,100,24.4,27.4,374.0,4.8,120.0,11.4
2025-11-25 07:00:00,2025,11,25,7,Huế,Phường Phú Bài,16.409296,107.6779818,66,Moderate,1,21.1,92,0.8,13.8,9,1016.5,100,41.1,44.2,396.0,5.8,119.0,11.7
2025-11-25 08:00:00,2025,11,25,8,Huế,Phường Phú Bài,16.409296,107.6779818,68,Moderate,1,21.3,92,1.7,13.1,16,1017.2,100,42.3,45.3,398.0,5.7,116.0,12.1
2025-11-25 09:00:00,2025,11,25,9,Huế,Phường Phú Bài,16.409296,107.6779818,70,Moderate,1,21.5,92,1.1,14.4,22,1017.9,100,38.9,41.7,390.0,5.6,111.0,12.8
2025-11-25 10:00:00,2025,11,25,10,Huế,Phường Phú Bài,16.409296,107.6779818,72,Moderate,1,22.1,92,1.4,11.2,6,1017.9,100,36.1,38.8,383.0,5.4,110.0,13.4
2025-11-25 11:00:00,2025,11,25,11,Huế,Phường Phú Bài,16.409296,107.6779818,73,Moderate,1,22.6,87,0.6,14.1,6,1017.4,100,32.4,34.7,381.0,5.0,113.0,14.1
2025-11-25 12:00:00,2025,11,25,12,Huế,Phường Phú Bài,16.409296,107.6779818,75,Moderate,1,22.9,83,0.2,12.7,349,1016.5,100,29.8,31.9,380.0,4.5,120.0,14.9
2025-11-25 13:00:00,2025,11,25,13,Huế,Phường Phú Bài,16.409296,107.6779818,76,Moderate,1,23.1,76,0.0,10.5,356,1015.8,100,29.0,31.5,378.0,4.0,126.0,15.3
2025-11-25 14:00:00,2025,11,25,14,Huế,Phường Phú Bài,16.409296,107.6779818,77,Moderate,1,23.7,73,0.1,10.6,14,1014.9,100,29.4,32.0,374.0,3.5,133.0,15.3
2025-11-25 15:00:00,2025,11,25,15,Huế,Phường Phú Bài,16.409296,107.6779818,78,Moderate,1,23.1,74,0.1,11.5,358,1014.7,100,28.6,30.9,369.0,3.0,140.0,14.9
2025-11-25 16:00:00,2025,11,25,16,Huế,Phường Phú Bài,16.409296,107.6779818,80,Moderate,1,23.3,72,0.0,10.4,350,1014.4,99,26.3,28.8,364.0,3.0,142.0,14.3
2025-11-25 17:00:00,2025,11,25,17,Huế,Phường Phú Bài,16.409296,107.6779818,80,Moderate,1,22.8,71,0.0,8.3,354,1014.9,100,24.2,26.7,353.0,3.9,137.0,13.1
2025-11-25 18:00:00,2025,11,25,18,Huế,Phường Phú Bài,16.409296,107.6779818,84,Moderate,1,22.5,72,0.0,8.4,341,1015.3,100,23.2,26.3,343.0,5.4,126.0,11.7
2025-11-25 19:00:00,2025,11,25,19,Huế,Phường Phú Bài,16.409296,107.6779818,87,Moderate,1,21.6,84,0.0,1.2,27,1016.0,100,29.2,32.8,350.0,9.9,109.0,12.8
2025-11-25 20:00:00,2025,11,25,20,Huế,Phường Phú Bài,16.409296,107.6779818,86,Moderate,1,21.1,87,0.0,1.5,249,1016.6,100,34.1,38.9,398.0,10.3,106.0,13.3
2025-11-25 21:00:00,2025,11,25,21,Huế,Phường Phú Bài,16.409296,107.6779818,83,Moderate,1,20.7,93,0.0,6.1,251,1016.7,100,34.9,40.0,464.0,10.8,102.0,13.9
2025-11-25 22:00:00,2025,11,25,22,Huế,Phường Phú Bài,16.409296,107.6779818,84,Moderate,1,20.0,95,0.0,7.9,257,1016.6,98,36.3,41.7,498.0,11.1,98.0,14.1
2025-11-25 23:00:00,2025,11,25,23,Huế,Phường Phú Bài,16.409296,107.6779818,86,Moderate,1,19.5,96,0.1,8.3,259,1016.4,98,37.4,43.0,466.0,10.9,93.0,13.5
2025-11-26 00:00:00,2025,11,26,0,Huế,Phường Phú Bài,16.409296,107.6779818,87,Moderate,1,19.1,96,0.1,9.5,256,1015.7,99,38.9,44.7,402.0,10.4,87.0,12.6
2025-11-26 01:00:00,2025,11,26,1,Huế,Phường Phú Bài,16.409296,107.6779818,89,Moderate,1,19.0,96,0.0,8.9,261,1015.3,96,39.7,45.6,352.0,9.8,82.0,11.8
2025-11-26 02:00:00,2025,11,26,2,Huế,Phường Phú Bài,16.409296,107.6779818,90,Moderate,1,18.6,98,0.0,5.2,245,1014.7,100,38.3,43.0,334.0,9.0,80.0,11.3
2025-11-26 03:00:00,2025,11,26,3,Huế,Phường Phú Bài,16.409296,107.6779818,92,Moderate,1,18.7,98,0.3,6.0,226,1014.3,100,40.4,44.2,332.0,8.0,79.0,11.0
2025-11-26 04:00:00,2025,11,26,4,Huế,Phường Phú Bài,16.409296,107.6779818,94,Moderate,1,18.8,99,0.6,7.8,236,1014.4,100,40.9,44.5,341.0,7.7,79.0,11.0
2025-11-26 05:00:00,2025,11,26,5,Huế,Phường Phú Bài,16.409296,107.6779818,95,Moderate,1,18.9,99,0.4,6.7,204,1014.6,100,39.7,44.4,373.0,8.8,80.0,11.7
2025-11-26 06:00:00,2025,11,26,6,Huế,Phường Phú Bài,16.409296,107.6779818,97,Moderate,1,18.9,99,0.5,6.0,207,1015.2,100,33.8,38.4,417.0,10.5,82.0,12.8
2025-11-26 07:00:00,2025,11,26,7,Huế,Phường Phú Bài,16.409296,107.6779818,98,Moderate,1,19.5,98,0.8,5.1,216,1015.9,100,29.3,31.9,437.0,10.9,84.0,10.0
2025-11-26 08:00:00,2025,11,26,8,Huế,Phường Phú Bài,16.409296,107.6779818,97,Moderate,1,20.0,96,0.5,3.2,164,1016.4,100,22.6,24.8,409.0,8.3,93.0,9.3
2025-11-26 09:00:00,2025,11,26,9,Huế,Phường Phú Bài,16.409296,107.6779818,95,Moderate,1,20.8,91,0.2,2.6,196,1017.1,100,18.4,20.5,358.0,4.7,105.0,8.4
2025-11-26 10:00:00,2025,11,26,10,Huế,Phường Phú Bài,16.409296,107.6779818,93,Moderate,1,22.2,84,0.0,1.5,330,1016.9,100,16.2,19.0,317.0,2.0,115.0,7.8
2025-11-26 11:00:00,2025,11,26,11,Huế,Phường Phú Bài,16.409296,107.6779818,91,Moderate,1,23.8,74,0.3,5.2,14,1016.2,99,15.8,18.5,300.0,1.1,119.0,7.6
2025-11-26 12:00:00,2025,11,26,12,Huế,Phường Phú Bài,16.409296,107.6779818,90,Moderate,1,24.2,72,1.0,11.4,39,1015.5,100,16.5,19.0,293.0,1.1,121.0,7.7
2025-11-26 13:00:00,2025,11,26,13,Huế,Phường Phú Bài,16.409296,107.6779818,89,Moderate,1,24.0,67,0.0,12.0,51,1014.6,100,17.5,20.0,292.0,1.2,122.0,7.9
2025-11-26 14:00:00,2025,11,26,14,Huế,Phường Phú Bài,16.409296,107.6779818,88,Moderate,1,25.1,61,0.0,15.4,44,1014.0,100,18.0,20.5,284.0,1.1,124.0,8.0
2025-11-26 15:00:00,2025,11,26,15,Huế,Phường Phú Bài,16.409296,107.6779818,87,Moderate,1,23.5,68,0.0,15.0,27,1014.2,100,18.6,21.1,282.0,1.1,125.0,8.2
2025-11-26 16:00:00,2025,11,26,16,Huế,Phường Phú Bài,16.409296,107.6779818,86,Moderate,1,22.2,76,0.2,11.4,5,1014.5,100,19.3,21.8,319.0,1.9,124.0,8.6
2025-11-26 17:00:00,2025,11,26,17,Huế,Phường Phú Bài,16.409296,107.6779818,85,Moderate,1,21.0,88,0.5,10.0,319,1015.4,96,20.8,23.2,433.0,4.2,118.0,9.4
2025-11-26 18:00:00,2025,11,26,18,Huế,Phường Phú Bài,16.409296,107.6779818,85,Moderate,1,20.1,95,0.3,6.5,316,1016.3,55,22.5,24.8,587.0,7.3,108.0,10.4
2025-11-26 19:00:00,2025,11,26,19,Huế,Phường Phú Bài,16.409296,107.6779818,85,Moderate,1,20.2,93,0.0,7.6,248,1016.9,94,23.4,26.1,695.0,10.3,98.0,10.9
2025-11-26 20:00:00,2025,11,26,20,Huế,Phường Phú Bài,16.409296,107.6779818,84,Moderate,1,19.6,94,0.0,10.4,238,1017.5,100,24.2,27.5,726.0,9.7,99.0,11.0
2025-11-26 21:00:00,2025,11,26,21,Huế,Phường Phú Bài,16.409296,107.6779818,83,Moderate,1,19.4,92,0.0,7.3,237,1017.7,99,25.1,29.2,712.0,8.9,101.0,11.1
2025-11-26 22:00:00,2025,11,26,22,Huế,Phường Phú Bài,16.409296,107.6779818,82,Moderate,1,19.2,92,0.0,8.9,245,1017.9,100,25.2,29.1,666.0,8.0,102.0,11.0
2025-11-26 23:00:00,2025,11,26,23,Huế,Phường Phú Bài,16.409296,107.6779818,81,Moderate,1,19.1,91,0.0,9.5,251,1017.7,100,23.6,26.6,573.0,7.0,102.0,10.5
2025-11-27 00:00:00,2025,11,27,0,Huế,Phường Phú Bài,16.409296,107.6779818,80,Moderate,1,19.6,88,0.0,6.1,268,1017.5,100,22.8,25.8,448.0,5.9,102.0,9.8
2025-11-27 01:00:00,2025,11,27,1,Huế,Phường Phú Bài,16.409296,107.6779818,79,Moderate,1,18.8,92,0.1,4.5,268,1017.2,100,21.9,25.3,349.0,4.9,103.0,9.1
2025-11-27 02:00:00,2025,11,27,2,Huế,Phường Phú Bài,16.409296,107.6779818,77,Moderate,1,19.6,87,0.2,8.5,316,1016.8,100,22.0,26.2,299.0,4.0,107.0,8.6
2025-11-27 03:00:00,2025,11,27,3,Huế,Phường Phú Bài,16.409296,107.6779818,76,Moderate,1,20.0,86,0.0,12.7,317,1016.4,100,21.0,25.1,275.0,3.2,112.0,8.1
2025-11-27 04:00:00,2025,11,27,4,Huế,Phường Phú Bài,16.409296,107.6779818,74,Moderate,1,20.4,81,0.3,12.7,335,1016.5,100,19.7,23.5,266.0,2.9,115.0,7.9
2025-11-27 05:00:00,2025,11,27,5,Huế,Phường Phú Bài,16.409296,107.6779818,72,Moderate,1,21.0,77,0.0,19.8,360,1016.7,100,17.8,21.1,276.0,3.4,113.0,8.2
2025-11-27 06:00:00,2025,11,27,6,Huế,Phường Phú Bài,16.409296,107.6779818,70,Moderate,1,20.9,75,0.0,21.2,360,1017.4,100,19.1,22.4,301.0,4.3,108.0,8.8
2025-11-27 07:00:00,2025,11,27,7,Huế,Phường Phú Bài,16.409296,107.6779818,69,Moderate,1,20.8,75,0.1,18.8,350,1018.2,100,21.4,25.0,318.0,4.2,114.0,8.5
2025-11-27 08:00:00,2025,11,27,8,Huế,Phường Phú Bài,16.409296,107.6779818,68,Moderate,1,22.4,65,0.0,22.6,350,1019.0,100,23.4,27.1,317.0,3.4,116.0,8.4
2025-11-27 09:00:00,2025,11,27,9,Huế,Phường Phú Bài,16.409296,107.6779818,68,Moderate,1,23.4,58,0.0,24.7,360,1019.8,100,22.6,26.6,308.0,2.3,120.0,8.2
2025-11-27 10:00:00,2025,11,27,10,Huế,Phường Phú Bài,16.409296,107.6779818,69,Moderate,1,23.9,54,0.0,25.4,353,1019.6,100,21.5,25.4,300.0,1.5,123.0,8.0
2025-11-27 11:00:00,2025,11,27,11,Huế,Phường Phú Bài,16.409296,107.6779818,69,Moderate,1,24.1,52,0.0,27.9,351,1018.5,100,20.4,24.2,296.0,1.2,125.0,7.6
2025-11-27 12:00:00,2025,11,27,12,Huế,Phường Phú Bài,16.409296,107.6779818,70,Moderate,1,24.0,52,0.0,26.3,354,1017.7,100,19.6,23.3,293.0,1.1,128.0,7.0
2025-11-27 13:00:00,2025,11,27,13,Huế,Phường Phú Bài,16.409296,107.6779818,70,Moderate,1,23.5,50,0.0,26.1,348,1016.7,100,19.0,22.7,288.0,1.2,130.0,6.8
2025-11-27 14:00:00,2025,11,27,14,Huế,Phường Phú Bài,16.409296,107.6779818,72,Moderate,1,23.7,49,0.0,24.8,351,1016.5,100,18.5,22.0,279.0,1.2,133.0,7.1
2025-11-27 15:00:00,2025,11,27,15,Huế,Phường Phú Bài,16.409296,107.6779818,77,Moderate,1,23.2,48,0.0,23.9,351,1016.2,100,18.2,21.6,269.0,1.4,136.0,7.7
2025-11-27 16:00:00,2025,11,27,16,Huế,Phường Phú Bài,16.409296,107.6779818,82,Moderate,1,22.5,54,0.0,19.9,347,1016.3,100,18.6,22.0,265.0,1.9,137.0,8.3
2025-11-27 17:00:00,2025,11,27,17,Huế,Phường Phú Bài,16.409296,107.6779818,86,Moderate,1,21.9,55,0.0,15.5,345,1016.8,100,18.8,21.7,272.0,3.0,133.0,8.8
2025-11-27 18:00:00,2025,11,27,18,Huế,Phường Phú Bài,16.409296,107.6779818,89,Moderate,1,21.7,55,0.0,13.8,349,1017.1,100,19.1,21.9,285.0,4.5,126.0,9.3
2025-11-27 19:00:00,2025,11,27,19,Huế,Phường Phú Bài,16.409296,107.6779818,89,Moderate,1,20.6,61,0.0,7.2,332,1017.5,100,17.4,20.4,292.0,4.1,124.0,8.6
2025-11-27 20:00:00,2025,11,27,20,Huế,Phường Phú Bài,16.409296,107.6779818,89,Moderate,1,19.0,71,0.0,4.6,296,1017.9,100,17.3,20.4,291.0,4.4,120.0,9.0
2025-11-27 21:00:00,2025,11,27,21,Huế,Phường Phú Bài,16.409296,107.6779818,88,Moderate,1,18.3,73,0.0,5.6,274,1017.6,100,17.2,20.3,284.0,4.8,115.0,9.4
2025-11-27 22:00:00,2025,11,27,22,Huế,Phường Phú Bài,16.409296,107.6779818,84,Moderate,1,18.4,74,0.0,6.8,272,1017.6,100,17.3,20.2,273.0,5.1,110.0,9.7
2025-11-27 23:00:00,2025,11,27,23,Huế,Phường Phú Bài,16.409296,107.6779818,79,Moderate,1,18.6,72,0.0,8.6,271,1017.0,98,16.9,19.8,251.0,5.1,105.0,9.5
2025-11-28 00:00:00,2025,11,28,0,Huế,Phường Phú Bài,16.409296,107.6779818,73,Moderate,1,19.1,69,0.0,7.1,276,1016.6,58,16.4,19.4,225.0,5.0,100.0,9.1
2025-11-28 01:00:00,2025,11,28,1,Huế,Phường Phú Bài,16.409296,107.6779818,66,Moderate,1,18.6,72,0.0,8.4,286,1016.0,36,15.9,19.1,208.0,4.9,96.0,8.8
2025-11-28 02:00:00,2025,11,28,2,Huế,Phường Phú Bài,16.409296,107.6779818,65,Moderate,1,20.4,53,0.0,15.8,343,1015.2,53,16.0,19.4,205.0,4.5,96.0,8.7
2025-11-28 03:00:00,2025,11,28,3,Huế,Phường Phú Bài,16.409296,107.6779818,65,Moderate,1,20.2,49,0.0,12.1,340,1015.0,88,16.9,20.7,212.0,4.0,97.0,8.8
2025-11-28 04:00:00,2025,11,28,4,Huế,Phường Phú Bài,16.409296,107.6779818,64,Moderate,1,19.5,50,0.0,9.0,344,1015.5,98,18.0,22.2,232.0,4.2,97.0,9.2
2025-11-28 05:00:00,2025,11,28,5,Huế,Phường Phú Bài,16.409296,107.6779818,64,Moderate,1,18.1,57,0.0,7.8,338,1015.7,95,19.3,23.8,280.0,6.1,94.0,10.2
2025-11-28 06:00:00,2025,11,28,6,Huế,Phường Phú Bài,16.409296,107.6779818,64,Moderate,1,17.9,60,0.0,7.3,324,1016.0,8,21.1,25.9,340.0,8.6,89.0,11.4
2025-11-28 07:00:00,2025,11,28,7,Huế,Phường Phú Bài,16.409296,107.6779818,64,Moderate,1,19.3,65,0.0,4.7,252,1016.3,70,20.0,23.6,368.0,7.7,88.0,10.2
2025-11-28 08:00:00,2025,11,28,8,Huế,Phường Phú Bài,16.409296,107.6779818,64,Moderate,1,22.0,63,0.0,4.2,301,1017.0,99,19.3,23.7,334.0,5.9,95.0,9.7
2025-11-28 09:00:00,2025,11,28,9,Huế,Phường Phú Bài,16.409296,107.6779818,64,Moderate,1,23.8,47,0.0,14.8,1,1017.1,55,18.6,22.8,269.0,3.4,105.0,9.0
2025-11-28 10:00:00,2025,11,28,10,Huế,Phường Phú Bài,16.409296,107.6779818,64,Moderate,1,24.2,45,0.0,17.1,1,1016.9,56,18.2,22.4,220.0,1.5,113.0,8.4
2025-11-28 11:00:00,2025,11,28,11,Huế,Phường Phú Bài,16.409296,107.6779818,63,Moderate,1,24.4,45,0.0,18.5,359,1016.1,95,17.8,21.9,209.0,0.9,118.0,8.1
2025-11-28 12:00:00,2025,11,28,12,Huế,Phường Phú Bài,16.409296,107.6779818,63,Moderate,1,24.3,48,0.0,18.9,1,1015.1,63,17.6,21.7,215.0,1.0,121.0,7.8
2025-11-28 13:00:00,2025,11,28,13,Huế,Phường Phú Bài,16.409296,107.6779818,63,Moderate,1,23.9,50,0.0,18.0,359,1014.0,93,17.3,21.5,222.0,1.2,123.0,7.7
2025-11-28 14:00:00,2025,11,28,14,Huế,Phường Phú Bài,16.409296,107.6779818,63,Moderate,1,23.7,50,0.0,17.0,355,1013.1,100,17.1,21.2,216.0,1.4,124.0,7.6
2025-11-28 15:00:00,2025,11,28,15,Huế,Phường Phú Bài,16.409296,107.6779818,63,Moderate,1,23.5,52,0.0,14.9,359,1013.0,100,16.9,21.0,210.0,1.8,124.0,7.6
2025-11-28 16:00:00,2025,11,28,16,Huế,Phường Phú Bài,16.409296,107.6779818,63,Moderate,1,22.8,54,0.0,12.8,355,1013.2,91,16.8,20.8,235.0,2.6,122.0,7.8
2025-11-28 17:00:00,2025,11,28,17,Huế,Phường Phú Bài,16.409296,107.6779818,69,Moderate,1,22.0,57,0.0,8.9,347,1013.5,98,16.8,20.5,323.0,4.2,116.0,8.3
2025-11-28 18:00:00,2025,11,28,18,Huế,Phường Phú Bài,16.409296,107.6779818,71,Moderate,1,21.5,59,0.0,5.9,322,1013.9,80,17.3,21.0,442.0,6.3,108.0,9.0
2025-11-28 19:00:00,2025,11,28,19,Huế,Phường Phú Bài,16.409296,107.6779818,70,Moderate,1,21.0,67,0.0,3.8,281,1014.7,100,17.0,20.5,517.0,7.3,100.0,8.6
2025-11-28 20:00:00,2025,11,28,20,Huế,Phường Phú Bài,16.409296,107.6779818,66,Moderate,1,21.0,65,0.0,4.7,252,1015.2,100,17.2,20.9,512.0,7.7,97.0,8.8
2025-11-28 21:00:00,2025,11,28,21,Huế,Phường Phú Bài,16.409296,107.6779818,62,Moderate,1,20.8,66,0.0,6.2,248,1015.1,100,20.9,25.4,465.0,8.2,92.0,9.1
2025-11-28 22:00:00,2025,11,28,22,Huế,Phường Phú Bài,16.409296,107.6779818,62,Moderate,1,20.4,68,0.0,7.2,235,1014.9,99,20.5,24.9,413.0,8.4,87.0,9.2
2025-11-28 23:00:00,2025,11,28,23,Huế,Phường Phú Bài,16.409296,107.6779818,63,Moderate,1,20.0,69,0.0,8.6,234,1014.5,98,19.6,23.9,364.0,8.2,83.0,8.9
2025-11-29 00:00:00,2025,11,29,0,Huế,Phường Phú Bài,16.409296,107.6779818,63,Moderate,1,19.5,71,0.0,9.7,228,1014.1,99,18.7,22.6,310.0,7.8,78.0,8.3
2025-11-29 01:00:00,2025,11,29,1,Huế,Phường Phú Bài,16.409296,107.6779818,63,Moderate,1,19.2,74,0.0,10.0,232,1013.4,99,17.4,21.1,268.0,7.2,77.0,8.0
2025-11-29 02:00:00,2025,11,29,2,Huế,Phường Phú Bài,16.409296,107.6779818,63,Moderate,1,19.2,74,0.0,9.9,238,1013.0,100,16.4,19.8,241.0,6.3,80.0,8.0
2025-11-29 03:00:00,2025,11,29,3,Huế,Phường Phú Bài,16.409296,107.6779818,63,Moderate,1,19.7,73,0.0,9.7,239,1013.0,100,15.7,19.2,226.0,5.3,86.0,8.1
2025-11-29 04:00:00,2025,11,29,4,Huế,Phường Phú Bài,16.409296,107.6779818,63,Moderate,1,19.9,73,0.0,7.7,245,1012.9,100,15.4,18.8,227.0,4.8,91.0,8.4
2025-11-29 05:00:00,2025,11,29,5,Huế,Phường Phú Bài,16.409296,107.6779818,63,Moderate,1,19.9,72,0.0,8.3,254,1013.2,100,15.5,19.0,257.0,5.4,92.0,8.8
2025-11-29 06:00:00,2025,11,29,6,Huế,Phường Phú Bài,16.409296,107.6779818,63,Moderate,1,19.8,71,0.0,9.0,254,1013.6,100,16.4,19.9,304.0,6.5,91.0,9.3
2025-11-29 07:00:00,2025,11,29,7,Huế,Phường Phú Bài,16.409296,107.6779818,62,Moderate,1,19.9,74,0.0,7.2,238,1014.4,100,16.1,19.3,336.0,8.0,93.0,10.3
2025-11-29 08:00:00,2025,11,29,8,Huế,Phường Phú Bài,16.409296,107.6779818,62,Moderate,1,21.1,70,0.0,8.9,249,1014.6,70,17.3,21.1,337.0,6.8,101.0,10.3
2025-11-29 09:00:00,2025,11,29,9,Huế,Phường Phú Bài,16.409296,107.6779818,62,Moderate,1,22.7,66,0.0,8.5,274,1015.0,95,18.6,22.7,323.0,5.0,112.0,10.3
2025-11-29 10:00:00,2025,11,29,10,Huế,Phường Phú Bài,16.409296,107.6779818,62,Moderate,1,23.6,63,0.0,9.4,313,1014.4,100,19.8,24.0,309.0,3.7,120.0,10.1
2025-11-29 11:00:00,2025,11,29,11,Huế,Phường Phú Bài,16.409296,107.6779818,62,Moderate,1,24.4,61,0.0,11.1,328,1013.7,100,20.3,24.4,295.0,3.0,123.0,9.6
2025-11-29 12:00:00,2025,11,29,12,Huế,Phường Phú Bài,16.409296,107.6779818,62,Moderate,1,24.2,63,0.0,11.9,322,1012.6,100,20.0,23.9,281.0,2.7,124.0,9.1
2025-11-29 13:00:00,2025,11,29,13,Huế,Phường Phú Bài,16.409296,107.6779818,62,Moderate,1,24.4,62,0.0,10.1,321,1011.9,100,21.1,24.8,277.0,2.8,123.0,8.7
2025-11-29 14:00:00,2025,11,29,14,Huế,Phường Phú Bài,16.409296,107.6779818,62,Moderate,1,24.0,63,0.0,11.0,319,1011.7,100,21.0,24.5,283.0,3.2,120.0,8.8
2025-11-29 15:00:00,2025,11,29,15,Huế,Phường Phú Bài,16.409296,107.6779818,63,Moderate,1,23.8,64,0.0,10.1,313,1011.4,100,22.1,25.6,299.0,3.9,116.0,9.1
2025-11-29 16:00:00,2025,11,29,16,Huế,Phường Phú Bài,16.409296,107.6779818,66,Moderate,1,23.4,66,0.0,8.5,316,1011.6,100,23.5,27.0,341.0,5.0,110.0,9.4
2025-11-29 17:00:00,2025,11,29,17,Huế,Phường Phú Bài,16.409296,107.6779818,68,Moderate,1,22.9,69,0.0,6.5,316,1011.8,100,25.7,28.8,445.0,6.7,102.0,9.8
2025-11-29 18:00:00,2025,11,29,18,Huế,Phường Phú Bài,16.409296,107.6779818,66,Moderate,1,22.2,73,0.0,4.5,293,1012.2,100,27.6,30.7,576.0,8.7,92.0,10.2
2025-11-29 19:00:00,2025,11,29,19,Huế,Phường Phú Bài,16.409296,107.6779818,66,Moderate,1,21.5,75,0.0,5.7,217,1012.7,91,25.3,28.1,636.0,11.5,86.0,11.0
2025-11-29 20:00:00,2025,11,29,20,Huế,Phường Phú Bài,16.409296,107.6779818,66,Moderate,1,21.2,76,0.0,7.0,212,1013.2,93,26.1,28.9,557.0,12.4,77.0,11.0
2025-11-29 21:00:00,2025,11,29,21,Huế,Phường Phú Bài,16.409296,107.6779818,67,Moderate,1,21.0,76,0.0,8.3,219,1013.3,82,27.0,29.5,408.0,13.6,66.0,11.0
2025-11-29 22:00:00,2025,11,29,22,Huế,Phường Phú Bài,16.409296,107.6779818,68,Moderate,1,20.6,76,0.0,8.2,230,1012.8,38,27.4,29.6,303.0,14.5,55.0,10.7
2025-11-29 23:00:00,2025,11,29,23,Huế,Phường Phú Bài,16.409296,107.6779818,68,Moderate,1,20.0,80,0.0,6.2,237,1012.2,51,27.1,29.0,301.0,15.0,46.0,9.7
2025-11-30 00:00:00,2025,11,30,0,Huế,Phường Phú Bài,16.409296,107.6779818,69,Moderate,1,20.0,81,0.0,6.9,255,1011.8,97,26.4,28.2,342.0,15.2,39.0,8.4
2025-11-30 01:00:00,2025,11,30,1,Huế,Phường Phú Bài,16.409296,107.6779818,70,Moderate,1,20.0,82,0.0,7.1,251,1011.1,100,25.5,27.3,368.0,14.7,37.0,7.5
2025-11-30 02:00:00,2025,11,30,2,Huế,Phường Phú Bài,16.409296,107.6779818,70,Moderate,1,20.5,80,0.0,6.5,265,1010.9,100,24.3,26.4,344.0,12.8,43.0,7.4
2025-11-30 03:00:00,2025,11,30,3,Huế,Phường Phú Bài,16.409296,107.6779818,71,Moderate,1,20.6,79,0.0,7.4,267,1010.9,100,23.1,25.3,305.0,10.1,53.0,7.7
2025-11-30 04:00:00,2025,11,30,4,Huế,Phường Phú Bài,16.409296,107.6779818,72,Moderate,1,20.6,80,0.0,9.5,261,1010.7,18,21.9,24.2,289.0,8.5,61.0,8.1
2025-11-30 05:00:00,2025,11,30,5,Huế,Phường Phú Bài,16.409296,107.6779818,72,Moderate,1,19.8,84,0.0,6.2,253,1011.6,100,21.2,23.6,324.0,9.2,62.0,8.7
2025-11-30 06:00:00,2025,11,30,6,Huế,Phường Phú Bài,16.409296,107.6779818,73,Moderate,1,20.1,82,0.0,9.0,273,1011.9,100,21.7,24.1,384.0,10.9,61.0,9.4
2025-11-30 07:00:00,2025,11,30,7,Huế,Phường Phú Bài,16.409296,107.6779818,73,Moderate,1,21.0,80,0.0,7.6,251,1012.6,63,21.9,23.8,424.0,11.1,68.0,9.6
2025-11-30 08:00:00,2025,11,30,8,Huế,Phường Phú Bài,16.409296,107.6779818,74,Moderate,1,22.5,75,0.0,8.3,268,1013.0,95,22.6,25.1,427.0,9.0,83.0,9.4
2025-11-30 09:00:00,2025,11,30,9,Huế,Phường Phú Bài,16.409296,107.6779818,74,Moderate,1,23.5,73,0.0,7.7,267,1013.3,100,19.8,22.3,411.0,6.0,103.0,9.1
2025-11-30 10:00:00,2025,11,30,10,Huế,Phường Phú Bài,16.409296,107.6779818,74,Moderate,1,24.5,72,0.0,8.4,290,1012.8,100,17.3,19.6,390.0,3.7,119.0,8.6
2025-11-30 11:00:00,2025,11,30,11,Huế,Phường Phú Bài,16.409296,107.6779818,74,Moderate,1,25.6,70,0.0,8.8,319,1012.2,100,15.9,18.0,364.0,2.7,125.0,7.6
2025-11-30 12:00:00,2025,11,30,12,Huế,Phường Phú Bài,16.409296,107.6779818,74,Moderate,1,25.8,70,0.0,12.0,327,1011.2,100,17.3,19.2,334.0,2.3,126.0,6.3
2025-11-30 13:00:00,2025,11,30,13,Huế,Phường Phú Bài,16.409296,107.6779818,73,Moderate,1,25.6,70,0.0,11.0,335,1010.4,100,19.5,21.5,315.0,2.3,126.0,5.3
2025-11-30 14:00:00,2025,11,30,14,Huế,Phường Phú Bài,16.409296,107.6779818,73,Moderate,1,25.5,71,0.0,9.7,332,1009.8,100,21.5,23.5,309.0,2.3,126.0,4.5
2025-11-30 15:00:00,2025,11,30,15,Huế,Phường Phú Bài,16.409296,107.6779818,73,Moderate,1,25.4,73,0.0,9.9,339,1009.8,95,22.7,24.9,314.0,2.5,125.0,4.0
2025-11-30 16:00:00,2025,11,30,16,Huế,Phường Phú Bài,16.409296,107.6779818,73,Moderate,1,24.8,75,0.0,9.3,350,1010.0,88,23.7,26.0,343.0,3.7,120.0,4.0
2025-11-30 17:00:00,2025,11,30,17,Huế,Phường Phú Bài,16.409296,107.6779818,73,Moderate,1,24.0,80,0.0,6.9,354,1010.8,100,25.0,27.1,418.0,6.7,110.0,5.0
2025-11-30 18:00:00,2025,11,30,18,Huế,Phường Phú Bài,16.409296,107.6779818,74,Moderate,1,23.0,86,0.0,4.1,326,1011.4,100,27.3,29.4,517.0,10.6,96.0,6.6
2025-11-30 19:00:00,2025,11,30,19,Huế,Phường Phú Bài,16.409296,107.6779818,73,Moderate,1,22.9,84,0.0,4.6,281,1012.1,100,22.5,24.2,581.0,15.9,81.0,9.7
2025-11-30 20:00:00,2025,11,30,20,Huế,Phường Phú Bài,16.409296,107.6779818,73,Moderate,1,22.8,84,0.0,5.2,254,1012.6,100,22.4,24.1,583.0,15.2,79.0,10.0
2025-11-30 21:00:00,2025,11,30,21,Huế,Phường Phú Bài,16.409296,107.6779818,73,Moderate,1,22.5,86,0.1,5.7,233,1012.9,100,23.0,24.9,550.0,14.2,77.0,10.3
2025-11-30 22:00:00,2025,11,30,22,Huế,Phường Phú Bài,16.409296,107.6779818,72,Moderate,1,22.4,87,0.0,7.2,233,1012.9,100,23.1,24.9,513.0,13.4,73.0,10.3
2025-11-30 23:00:00,2025,11,30,23,Huế,Phường Phú Bài,16.409296,107.6779818,72,Moderate,1,22.2,88,0.0,7.6,248,1012.5,100,23.5,25.1,477.0,13.1,66.0,9.5
2025-12-01 00:00:00,2025,12,1,0,Huế,Phường Phú Bài,16.409296,107.6779818,72,Moderate,1,22.2,88,0.0,6.5,262,1012.2,100,23.0,24.6,436.0,13.1,58.0,8.4
2025-12-01 01:00:00,2025,12,1,1,Huế,Phường Phú Bài,16.409296,107.6779818,71,Moderate,1,21.9,90,0.0,3.8,275,1012.0,100,22.3,23.8,403.0,12.7,52.0,7.6
2025-12-01 02:00:00,2025,12,1,2,Huế,Phường Phú Bài,16.409296,107.6779818,71,Moderate,1,22.0,88,0.0,6.1,272,1011.4,100,21.4,22.8,377.0,11.5,52.0,7.4
2025-12-01 03:00:00,2025,12,1,3,Huế,Phường Phú Bài,16.409296,107.6779818,71,Moderate,1,22.0,89,0.0,7.1,263,1011.1,100,20.5,21.9,359.0,10.0,54.0,7.4
2025-12-01 04:00:00,2025,12,1,4,Huế,Phường Phú Bài,16.409296,107.6779818,71,Moderate,1,21.8,90,0.0,7.8,261,1011.2,100,20.1,21.4,361.0,9.3,56.0,7.7
2025-12-01 05:00:00,2025,12,1,5,Huế,Phường Phú Bài,16.409296,107.6779818,70,Moderate,1,21.9,90,0.1,7.4,257,1011.9,100,19.9,21.2,400.0,10.2,55.0,8.4
2025-12-01 06:00:00,2025,12,1,6,Huế,Phường Phú Bài,16.409296,107.6779818,70,Moderate,1,21.9,91,0.2,7.3,254,1012.3,100,20.4,21.7,459.0,11.9,55.0,9.3
2025-12-01 07:00:00,2025,12,1,7,Huế,Phường Phú Bài,16.409296,107.6779818,70,Moderate,1,21.8,96,0.2,5.6,263,1013.0,100,20.8,22.1,503.0,12.8,54.0,8.7
2025-12-01 08:00:00,2025,12,1,8,Huế,Phường Phú Bài,16.409296,107.6779818,70,Moderate,1,22.6,94,0.2,7.2,257,1013.6,100,21.9,23.3,521.0,11.6,64.0,8.9
2025-12-01 09:00:00,2025,12,1,9,Huế,Phường Phú Bài,16.409296,107.6779818,70,Moderate,1,23.5,90,0.1,7.5,278,1013.9,100,21.3,22.6,525.0,9.9,79.0,9.1
2025-12-01 10:00:00,2025,12,1,10,Huế,Phường Phú Bài,16.409296,107.6779818,70,Moderate,1,24.2,87,0.2,9.4,301,1013.6,100,15.1,16.5,512.0,8.3,89.0,8.9
2025-12-01 11:00:00,2025,12,1,11,Huế,Phường Phú Bài,16.409296,107.6779818,70,Moderate,1,24.9,85,0.4,9.3,316,1012.7,100,13.2,14.6,469.0,6.7,92.0,7.9
2025-12-01 12:00:00,2025,12,1,12,Huế,Phường Phú Bài,16.409296,107.6779818,70,Moderate,1,24.3,91,0.6,15.3,317,1011.7,100,11.2,12.4,410.0,5.2,91.0,6.5
2025-12-01 13:00:00,2025,12,1,13,Huế,Phường Phú Bài,16.409296,107.6779818,69,Moderate,1,23.6,93,0.8,14.3,312,1010.9,100,10.2,11.5,371.0,4.4,89.0,5.4
2025-12-01 14:00:00,2025,12,1,14,Huế,Phường Phú Bài,16.409296,107.6779818,68,Moderate,1,24.0,91,0.3,15.7,315,1010.1,100,10.2,11.5,365.0,4.7,88.0,4.9
2025-12-01 15:00:00,2025,12,1,15,Huế,Phường Phú Bài,16.409296,107.6779818,67,Moderate,1,24.5,86,0.3,14.3,320,1009.8,100,10.4,11.8,379.0,5.7,87.0,4.8
2025-12-01 16:00:00,2025,12,1,16,Huế,Phường Phú Bài,16.409296,107.6779818,66,Moderate,1,24.0,89,0.3,11.6,318,1010.0,100,12.3,13.6,410.0,7.0,84.0,4.9
2025-12-01 17:00:00,2025,12,1,17,Huế,Phường Phú Bài,16.409296,107.6779818,65,Moderate,1,23.4,92,0.1,9.8,310,1010.1,100,13.2,14.7,472.0,8.7,78.0,5.3
2025-12-01 18:00:00,2025,12,1,18,Huế,Phường Phú Bài,16.409296,107.6779818,64,Moderate,1,23.1,93,0.1,8.3,290,1010.7,100,14.6,16.3,552.0,10.6,71.0,5.9
2025-12-01 19:00:00,2025,12,1,19,Huế,Phường Phú Bài,16.409296,107.6779818,63,Moderate,1,22.7,94,0.2,6.9,277,1011.4,100,18.3,20.0,606.0,13.1,63.0,6.9
2025-12-01 20:00:00,2025,12,1,20,Huế,Phường Phú Bài,16.409296,107.6779818,63,Moderate,1,22.8,93,0.0,7.4,252,1011.8,100,17.4,19.0,613.0,13.0,61.0,7.0
2025-12-01 21:00:00,2025,12,1,21,Huế,Phường Phú Bài,16.409296,107.6779818,62,Moderate,1,22.6,94,0.0,6.4,234,1011.9,100,16.5,17.9,594.0,12.8,58.0,7.0
2025-12-01 22:00:00,2025,12,1,22,Huế,Phường Phú Bài,16.409296,107.6779818,62,Moderate,1,22.5,94,0.1,6.4,238,1011.8,100,17.9,19.4,569.0,12.7,54.0,6.9
2025-12-01 23:00:00,2025,12,1,23,Huế,Phường Phú Bài,16.409296,107.6779818,61,Moderate,1,22.5,94,0.0,6.0,233,1011.7,100,18.2,20.1,541.0,12.9,48.0,6.4
2025-12-02 00:00:00,2025,12,2,0,Huế,Phường Phú Bài,16.409296,107.6779818,61,Moderate,1,22.5,94,0.0,4.8,214,1011.5,100,18.0,19.4,507.0,13.2,41.0,5.8
2025-12-02 01:00:00,2025,12,2,1,Huế,Phường Phú Bài,16.409296,107.6779818,60,Moderate,1,22.4,95,0.0,4.1,236,1010.9,100,17.6,18.9,479.0,13.3,36.0,5.3
2025-12-02 02:00:00,2025,12,2,2,Huế,Phường Phú Bài,16.409296,107.6779818,60,Moderate,1,22.5,95,0.0,4.7,238,1010.3,100,17.3,18.5,457.0,13.1,32.0,5.1
2025-12-02 03:00:00,2025,12,2,3,Huế,Phường Phú Bài,16.409296,107.6779818,60,Moderate,1,22.4,96,0.0,4.0,265,1010.0,100,17.4,18.5,441.0,12.7,30.0,5.1
2025-12-02 04:00:00,2025,12,2,4,Huế,Phường Phú Bài,16.409296,107.6779818,59,Moderate,1,22.1,96,0.0,4.2,301,1010.2,100,17.2,18.5,447.0,12.5,30.0,5.5
2025-12-02 05:00:00,2025,12,2,5,Huế,Phường Phú Bài,16.409296,107.6779818,59,Moderate,1,21.6,97,0.0,5.3,294,1010.7,99,16.3,17.5,500.0,13.1,32.0,6.7
2025-12-02 06:00:00,2025,12,2,6,Huế,Phường Phú Bài,16.409296,107.6779818,59,Moderate,1,21.3,98,0.0,5.1,260,1011.5,20,16.4,17.5,575.0,14.0,37.0,8.3
2025-12-02 07:00:00,2025,12,2,7,Huế,Phường Phú Bài,16.409296,107.6779818,58,Moderate,1,22.1,96,0.0,7.2,271,1012.3,13,17.6,18.6,605.0,13.7,42.0,7.8
2025-12-02 08:00:00,2025,12,2,8,Huế,Phường Phú Bài,16.409296,107.6779818,58,Moderate,1,24.0,88,0.0,8.8,289,1013.4,51,14.5,15.9,550.0,11.3,54.0,7.5
2025-12-02 09:00:00,2025,12,2,9,Huế,Phường Phú Bài,16.409296,107.6779818,57,Moderate,1,25.7,80,0.2,7.6,304,1013.6,100,12.9,14.1,451.0,8.0,71.0,6.9
2025-12-02 10:00:00,2025,12,2,10,Huế,Phường Phú Bài,16.409296,107.6779818,57,Moderate,1,26.8,74,0.2,6.7,324,1013.2,100,12.3,13.7,366.0,5.2,85.0,6.3
2025-12-02 11:00:00,2025,12,2,11,Huế,Phường Phú Bài,16.409296,107.6779818,56,Moderate,1,27.0,76,0.2,8.0,351,1012.5,54,12.7,14.4,316.0,3.5,94.0,5.4
2025-12-02 12:00:00,2025,12,2,12,Huế,Phường Phú Bài,16.409296,107.6779818,56,Moderate,1,26.6,79,0.5,9.0,359,1011.6,45,13.4,15.1,282.0,2.5,101.0,4.3
2025-12-02 13:00:00,2025,12,2,13,Huế,Phường Phú Bài,16.409296,107.6779818,57,Moderate,1,26.5,78,0.1,6.5,6,1010.9,46,14.0,15.8,260.0,1.9,105.0,3.6
2025-12-02 14:00:00,2025,12,2,14,Huế,Phường Phú Bài,16.409296,107.6779818,57,Moderate,1,27.0,75,0.1,7.1,7,1010.0,48,14.4,16.2,251.0,1.8,107.0,3.6
2025-12-02 15:00:00,2025,12,2,15,Huế,Phường Phú Bài,16.409296,107.6779818,57,Moderate,1,27.1,74,0.1,8.0,23,1009.8,39,15.8,17.8,256.0,2.3,107.0,4.0
2025-12-02 16:00:00,2025,12,2,16,Huế,Phường Phú Bài,16.409296,107.6779818,58,Moderate,1,26.0,80,0.1,8.8,26,1009.9,38,17.8,19.8,274.0,3.4,104.0,4.5
2025-12-02 17:00:00,2025,12,2,17,Huế,Phường Phú Bài,16.409296,107.6779818,58,Moderate,1,24.7,87,0.0,6.8,17,1010.6,48,19.2,21.4,316.0,5.9,95.0,5.3
2025-12-02 18:00:00,2025,12,2,18,Huế,Phường Phú Bài,16.409296,107.6779818,59,Moderate,1,23.4,95,0.0,4.7,2,1011.3,100,21.2,23.4,373.0,9.0,83.0,6.2
2025-12-02 19:00:00,2025,12,2,19,Huế,Phường Phú Bài,16.409296,107.6779818,59,Moderate,1,23.0,97,0.0,5.4,360,1012.4,25,25.1,27.6,413.0,13.3,66.0,7.3
2025-12-02 20:00:00,2025,12,2,20,Huế,Phường Phú Bài,16.409296,107.6779818,60,Moderate,1,23.2,96,0.1,4.2,324,1013.1,34,25.6,28.3,424.0,11.4,67.0,6.7
2025-12-02 21:00:00,2025,12,2,21,Huế,Phường Phú Bài,16.409296,107.6779818,61,Moderate,1,23.1,97,0.0,4.9,298,1013.1,23,22.3,24.7,419.0,8.9,68.0,5.8
2025-12-02 22:00:00,2025,12,2,22,Huế,Phường Phú Bài,16.409296,107.6779818,61,Moderate,1,22.8,98,0.0,4.4,291,1013.0,59,19.7,21.9,410.0,7.0,68.0,5.1
2025-12-02 23:00:00,2025,12,2,23,Huế,Phường Phú Bài,16.409296,107.6779818,61,Moderate,1,22.8,98,0.0,3.8,273,1013.0,98,19.4,21.6,401.0,6.5,64.0,4.9
2025-12-03 00:00:00,2025,12,3,0,Huế,Phường Phú Bài,16.409296,107.6779818,62,Moderate,1,22.8,98,0.2,4.5,265,1012.9,100,18.7,20.8,388.0,6.7,59.0,4.8
2025-12-03 01:00:00,2025,12,3,1,Huế,Phường Phú Bài,16.409296,107.6779818,62,Moderate,1,22.5,99,0.1,6.7,284,1012.5,97,18.9,21.1,367.0,6.8,55.0,4.8
2025-12-03 02:00:00,2025,12,3,2,Huế,Phường Phú Bài,16.409296,107.6779818,62,Moderate,1,22.4,99,0.0,7.0,271,1011.9,100,18.2,20.3,329.0,6.4,54.0,4.8
2025-12-03 03:00:00,2025,12,3,3,Huế,Phường Phú Bài,16.409296,107.6779818,62,Moderate,1,22.6,98,0.1,8.2,289,1011.6,100,17.3,19.4,284.0,5.8,54.0,4.8
2025-12-03 04:00:00,2025,12,3,4,Huế,Phường Phú Bài,16.409296,107.6779818,62,Moderate,1,22.8,98,0.2,9.4,312,1011.9,100,15.9,17.9,250.0,5.5,55.0,4.7
2025-12-03 05:00:00,2025,12,3,5,Huế,Phường Phú Bài,16.409296,107.6779818,62,Moderate,1,22.8,97,0.0,10.0,311,1012.5,100,14.5,16.5,240.0,5.6,56.0,4.4
2025-12-03 06:00:00,2025,12,3,6,Huế,Phường Phú Bài,16.409296,107.6779818,62,Moderate,1,22.7,98,1.1,10.1,320,1013.3,100,12.3,14.0,242.0,5.8,58.0,3.9
2025-12-03 07:00:00,2025,12,3,7,Huế,Phường Phú Bài,16.409296,107.6779818,61,Moderate,1,22.6,98,1.7,12.2,314,1014.5,100,9.1,10.3,243.0,6.2,60.0,3.9
2025-12-03 08:00:00,2025,12,3,8,Huế,Phường Phú Bài,16.409296,107.6779818,60,Moderate,1,22.9,98,0.5,13.2,323,1015.9,100,7.7,8.8,238.0,5.7,62.0,3.6
2025-12-03 09:00:00,2025,12,3,9,Huế,Phường Phú Bài,16.409296,107.6779818,60,Moderate,1,23.5,94,0.2,13.8,323,1016.4,100,8.3,9.8,233.0,4.9,64.0,3.3
2025-12-03 10:00:00,2025,12,3,10,Huế,Phường Phú Bài,16.409296,107.6779818,59,Moderate,1,24.4,88,0.4,15.0,325,1016.3,100,8.0,9.7,226.0,4.2,67.0,3.0
2025-12-03 11:00:00,2025,12,3,11,Huế,Phường Phú Bài,16.409296,107.6779818,59,Moderate,1,24.2,89,0.7,17.5,326,1015.7,100,7.3,9.5,216.0,3.6,69.0,2.8
2025-12-03 12:00:00,2025,12,3,12,Huế,Phường Phú Bài,16.409296,107.6779818,59,Moderate,1,24.1,89,0.7,18.6,328,1014.8,100,7.3,9.4,204.0,3.1,72.0,2.7
2025-12-03 13:00:00,2025,12,3,13,Huế,Phường Phú Bài,16.409296,107.6779818,58,Moderate,1,24.3,88,0.3,15.6,336,1014.0,100,7.2,9.6,199.0,3.0,73.0,2.7
2025-12-03 14:00:00,2025,12,3,14,Huế,Phường Phú Bài,16.409296,107.6779818,57,Moderate,1,23.5,94,1.4,16.6,337,1013.5,100,7.0,9.0,205.0,3.7,72.0,3.0
2025-12-03 15:00:00,2025,12,3,15,Huế,Phường Phú Bài,16.409296,107.6779818,57,Moderate,1,22.9,96,2.0,15.6,336,1013.2,100,6.9,8.5,217.0,4.9,70.0,3.3
2025-12-03 16:00:00,2025,12,3,16,Huế,Phường Phú Bài,16.409296,107.6779818,56,Moderate,1,22.9,97,3.2,11.6,344,1013.0,100,6.6,8.1,227.0,6.0,68.0,3.6
2025-12-03 17:00:00,2025,12,3,17,Huế,Phường Phú Bài,16.409296,107.6779818,55,Moderate,1,23.0,98,2.5,13.3,9,1013.3,100,7.5,8.9,229.0,7.0,65.0,3.6
2025-12-03 18:00:00,2025,12,3,18,Huế,Phường Phú Bài,16.409296,107.6779818,54,Moderate,1,23.0,98,1.6,8.4,62,1013.7,100,8.7,10.3,229.0,8.0,61.0,3.5
2025-12-03 19:00:00,2025,12,3,19,Huế,Phường Phú Bài,16.409296,107.6779818,53,Moderate,1,23.3,94,0.2,18.6,49,1014.4,100,7.1,8.7,231.0,8.0,59.0,4.1
2025-12-03 20:00:00,2025,12,3,20,Huế,Phường Phú Bài,16.409296,107.6779818,51,Moderate,1,23.2,96,1.7,14.9,46,1015.0,100,8.4,10.8,240.0,6.7,68.0,3.5
2025-12-03 21:00:00,2025,12,3,21,Huế,Phường Phú Bài,16.409296,107.6779818,49,Good,0,23.0,96,3.0,15.6,59,1015.2,100,10.0,12.8,251.0,5.0,80.0,2.6
2025-12-03 22:00:00,2025,12,3,22,Huế,Phường Phú Bài,16.409296,107.6779818,47,Good,0,23.0,96,3.1,17.5,64,1015.4,100,10.9,14.1,255.0,3.5,90.0,2.0
2025-12-03 23:00:00,2025,12,3,23,Huế,Phường Phú Bài,16.409296,107.6779818,46,Good,0,23.1,96,1.0,13.8,62,1015.3,100,11.4,14.8,244.0,2.7,95.0,1.8
2025-12-04 00:00:00,2025,12,4,0,Huế,Phường Phú Bài,16.409296,107.6779818,44,Good,0,23.3,93,1.0,16.5,62,1014.9,100,11.5,14.8,224.0,2.1,97.0,1.9
2025-12-04 01:00:00,2025,12,4,1,Huế,Phường Phú Bài,16.409296,107.6779818,43,Good,0,22.8,94,0.9,14.8,60,1014.5,100,12.1,15.3,209.0,1.8,98.0,2.1
2025-12-04 02:00:00,2025,12,4,2,Huế,Phường Phú Bài,16.409296,107.6779818,42,Good,0,22.9,96,1.2,11.9,61,1014.2,100,13.0,16.4,200.0,1.7,100.0,2.5
2025-12-04 03:00:00,2025,12,4,3,Huế,Phường Phú Bài,16.409296,107.6779818,41,Good,0,22.8,95,0.7,13.3,67,1013.9,100,13.2,16.5,195.0,1.8,101.0,3.0
2025-12-04 04:00:00,2025,12,4,4,Huế,Phường Phú Bài,16.409296,107.6779818,42,Good,0,22.7,95,0.7,12.9,62,1013.6,100,13.2,16.3,198.0,2.1,101.0,3.4
2025-12-04 05:00:00,2025,12,4,5,Huế,Phường Phú Bài,16.409296,107.6779818,44,Good,0,22.8,95,0.9,14.3,70,1013.8,100,13.1,16.2,215.0,2.8,100.0,3.8
2025-12-04 06:00:00,2025,12,4,6,Huế,Phường Phú Bài,16.409296,107.6779818,45,Good,0,22.8,96,1.3,13.6,75,1014.5,100,12.7,15.8,240.0,3.8,98.0,4.1
2025-12-04 07:00:00,2025,12,4,7,Huế,Phường Phú Bài,16.409296,107.6779818,46,Good,0,23.1,95,1.9,13.1,74,1015.3,100,13.0,16.2,257.0,5.1,91.0,4.0
2025-12-04 08:00:00,2025,12,4,8,Huế,Phường Phú Bài,16.409296,107.6779818,46,Good,0,24.2,90,1.1,17.7,75,1016.1,98,13.0,16.6,258.0,4.3,93.0,3.7
2025-12-04 09:00:00,2025,12,4,9,Huế,Phường Phú Bài,16.409296,107.6779818,45,Good,0,24.0,89,0.9,19.0,80,1016.7,100,10.6,13.9,250.0,3.2,96.0,3.4
2025-12-04 10:00:00,2025,12,4,10,Huế,Phường Phú Bài,16.409296,107.6779818,45,Good,0,24.4,90,0.2,12.9,74,1016.8,100,10.4,13.9,243.0,2.4,98.0,3.1
2025-12-04 11:00:00,2025,12,4,11,Huế,Phường Phú Bài,16.409296,107.6779818,45,Good,0,25.0,84,0.2,17.9,71,1016.3,100,10.5,13.9,238.0,2.3,98.0,3.0
2025-12-04 12:00:00,2025,12,4,12,Huế,Phường Phú Bài,16.409296,107.6779818,45,Good,0,24.3,90,1.0,14.6,68,1015.4,100,12.2,15.8,232.0,2.5,98.0,3.1
2025-12-04 13:00:00,2025,12,4,13,Huế,Phường Phú Bài,16.409296,107.6779818,45,Good,0,24.7,84,1.2,15.0,76,1014.7,100,13.6,17.6,231.0,2.7,97.0,3.1
2025-12-04 14:00:00,2025,12,4,14,Huế,Phường Phú Bài,16.409296,107.6779818,45,Good,0,25.4,80,0.2,17.1,75,1014.1,100,14.3,18.7,237.0,2.8,96.0,3.0
2025-12-04 15:00:00,2025,12,4,15,Huế,Phường Phú Bài,16.409296,107.6779818,46,Good,0,24.5,84,0.5,19.4,80,1013.7,100,14.5,18.9,247.0,3.1,94.0,2.9
2025-12-04 16:00:00,2025,12,4,16,Huế,Phường Phú Bài,16.409296,107.6779818,47,Good,0,24.0,86,0.4,15.3,77,1013.8,100,15.3,19.7,253.0,3.5,92.0,2.9
2025-12-04 17:00:00,2025,12,4,17,Huế,Phường Phú Bài,16.409296,107.6779818,49,Good,0,23.3,89,0.4,14.1,77,1014.2,100,16.4,20.6,251.0,4.5,90.0,3.1
2025-12-04 18:00:00,2025,12,4,18,Huế,Phường Phú Bài,16.409296,107.6779818,50,Good,0,22.9,92,0.3,13.9,79,1015.1,100,16.8,20.9,246.0,5.8,87.0,3.4
2025-12-04 19:00:00,2025,12,4,19,Huế,Phường Phú Bài,16.409296,107.6779818,51,Moderate,1,22.7,94,0.2,12.3,102,1015.5,100,16.3,20.0,243.0,8.1,75.0,4.1
2025-12-04 20:00:00,2025,12,4,20,Huế,Phường Phú Bài,16.409296,107.6779818,52,Moderate,1,22.5,94,0.3,11.4,108,1016.4,100,16.5,19.7,245.0,7.7,75.0,4.1
2025-12-04 21:00:00,2025,12,4,21,Huế,Phường Phú Bài,16.409296,107.6779818,52,Moderate,1,22.5,95,0.1,8.5,95,1016.8,100,16.1,19.6,250.0,7.1,74.0,4.1
2025-12-04 22:00:00,2025,12,4,22,Huế,Phường Phú Bài,16.409296,107.6779818,53,Moderate,1,22.5,95,0.5,9.6,110,1016.8,96,15.9,19.2,255.0,6.7,72.0,4.0
2025-12-04 23:00:00,2025,12,4,23,Huế,Phường Phú Bài,16.409296,107.6779818,53,Moderate,1,22.2,97,0.2,13.0,96,1017.2,100,15.1,18.2,260.0,6.5,69.0,3.6
2025-12-05 00:00:00,2025,12,5,0,Huế,Phường Phú Bài,16.409296,107.6779818,54,Moderate,1,22.1,96,0.1,11.6,111,1016.9,95,15.1,18.5,265.0,6.4,64.0,3.2
2025-12-05 01:00:00,2025,12,5,1,Huế,Phường Phú Bài,16.409296,107.6779818,54,Moderate,1,22.0,95,0.0,12.2,114,1016.5,58,15.4,18.8,269.0,6.3,61.0,2.9
2025-12-05 02:00:00,2025,12,5,2,Huế,Phường Phú Bài,16.409296,107.6779818,54,Moderate,1,21.9,96,0.0,7.6,126,1015.9,59,14.9,18.1,267.0,6.1,59.0,2.9
2025-12-05 03:00:00,2025,12,5,3,Huế,Phường Phú Bài,16.409296,107.6779818,54,Moderate,1,21.6,96,0.1,4.8,146,1015.8,73,13.9,17.1,265.0,6.0,59.0,3.2
2025-12-05 04:00:00,2025,12,5,4,Huế,Phường Phú Bài,16.409296,107.6779818,55,Moderate,1,22.0,93,0.4,0.6,108,1016.0,95,14.6,17.9,273.0,6.5,58.0,3.6
2025-12-05 05:00:00,2025,12,5,5,Huế,Phường Phú Bài,16.409296,107.6779818,55,Moderate,1,21.8,95,0.1,4.2,97,1016.1,94,15.0,18.2,308.0,8.8,55.0,4.4
2025-12-05 06:00:00,2025,12,5,6,Huế,Phường Phú Bài,16.409296,107.6779818,55,Moderate,1,21.9,93,0.2,7.4,104,1016.7,55,15.5,18.6,354.0,11.7,52.0,5.5
2025-12-05 07:00:00,2025,12,5,7,Huế,Phường Phú Bài,16.409296,107.6779818,55,Moderate,1,22.4,93,0.2,7.8,98,1017.2,61,18.3,21.8,375.0,12.4,60.0,6.4
2025-12-05 08:00:00,2025,12,5,8,Huế,Phường Phú Bài,16.409296,107.6779818,56,Moderate,1,23.5,89,0.2,12.9,77,1018.2,66,14.3,18.1,349.0,9.7,71.0,6.0
2025-12-05 09:00:00,2025,12,5,9,Huế,Phường Phú Bài,16.409296,107.6779818,56,Moderate,1,23.9,86,1.1,13.9,89,1018.4,23,14.0,17.6,299.0,6.0,87.0,5.3
2025-12-05 10:00:00,2025,12,5,10,Huế,Phường Phú Bài,16.409296,107.6779818,56,Moderate,1,25.8,76,0.0,17.5,94,1018.2,21,14.6,19.0,258.0,3.1,99.0,4.6
2025-12-05 11:00:00,2025,12,5,11,Huế,Phường Phú Bài,16.409296,107.6779818,56,Moderate,1,26.3,70,0.1,18.1,84,1018.0,45,12.1,16.1,239.0,1.9,103.0,3.8
2025-12-05 12:00:00,2025,12,5,12,Huế,Phường Phú Bài,16.409296,107.6779818,56,Moderate,1,26.5,69,0.1,20.2,85,1016.9,34,10.7,14.1,229.0,1.6,102.0,2.9
2025-12-05 13:00:00,2025,12,5,13,Huế,Phường Phú Bài,16.409296,107.6779818,56,Moderate,1,26.3,68,0.0,19.4,83,1015.8,5,10.9,14.4,223.0,1.6,101.0,2.3
2025-12-05 14:00:00,2025,12,5,14,Huế,Phường Phú Bài,16.409296,107.6779818,56,Moderate,1,26.5,66,0.0,19.2,80,1015.1,51,11.8,15.8,219.0,1.1,102.0,1.9
2025-12-05 15:00:00,2025,12,5,15,Huế,Phường Phú Bài,16.409296,107.6779818,56,Moderate,1,25.8,69,0.0,18.4,81,1014.7,48,12.1,16.4,218.0,0.9,102.0,1.7
2025-12-05 16:00:00,2025,12,5,16,Huế,Phường Phú Bài,16.409296,107.6779818,56,Moderate,1,25.0,72,0.0,16.5,82,1014.8,84,11.6,15.6,220.0,2.3,98.0,2.1
2025-12-05 17:00:00,2025,12,5,17,Huế,Phường Phú Bài,16.409296,107.6779818,55,Moderate,1,24.1,76,0.0,13.2,84,1015.0,95,11.8,15.2,226.0,7.3,85.0,3.5
2025-12-05 18:00:00,2025,12,5,18,Huế,Phường Phú Bài,16.409296,107.6779818,55,Moderate,1,23.8,77,0.0,12.2,89,1015.7,76,15.0,18.3,235.0,14.1,68.0,5.4
2025-12-05 19:00:00,2025,12,5,19,Huế,Phường Phú Bài,16.409296,107.6779818,55,Moderate,1,23.1,86,0.0,13.0,92,1016.3,33,16.9,20.4,241.0,15.2,62.0,6.4
2025-12-05 20:00:00,2025,12,5,20,Huế,Phường Phú Bài,16.409296,107.6779818,55,Moderate,1,22.9,86,0.0,11.4,95,1016.8,41,17.8,21.1,240.0,14.2,62.0,6.2
2025-12-05 21:00:00,2025,12,5,21,Huế,Phường Phú Bài,16.409296,107.6779818,55,Moderate,1,22.5,88,0.1,12.1,93,1017.2,35,16.1,19.0,236.0,12.6,62.0,5.8
2025-12-05 22:00:00,2025,12,5,22,Huế,Phường Phú Bài,16.409296,107.6779818,55,Moderate,1,22.1,88,0.1,8.8,95,1017.1,34,14.4,17.5,233.0,11.0,63.0,5.3
2025-12-05 23:00:00,2025,12,5,23,Huế,Phường Phú Bài,16.409296,107.6779818,55,Moderate,1,21.5,92,0.0,5.3,108,1016.9,34,12.8,15.8,232.0,9.1,65.0,4.5
2025-12-06 00:00:00,2025,12,6,0,Huế,Phường Phú Bài,16.409296,107.6779818,55,Moderate,1,21.0,94,0.1,5.0,131,1016.8,70,10.4,13.4,232.0,7.1,68.0,3.6
2025-12-06 01:00:00,2025,12,6,1,Huế,Phường Phú Bài,16.409296,107.6779818,54,Moderate,1,21.8,90,0.1,11.3,97,1016.5,44,9.6,12.3,233.0,5.6,69.0,3.0
2025-12-06 02:00:00,2025,12,6,2,Huế,Phường Phú Bài,16.409296,107.6779818,54,Moderate,1,21.5,90,0.0,8.2,113,1016.0,52,9.1,11.7,231.0,5.0,68.0,2.8
2025-12-06 03:00:00,2025,12,6,3,Huế,Phường Phú Bài,16.409296,107.6779818,53,Moderate,1,21.1,91,0.1,5.1,138,1015.9,78,9.7,12.3,230.0,4.9,66.0,2.8
2025-12-06 04:00:00,2025,12,6,4,Huế,Phường Phú Bài,16.409296,107.6779818,53,Moderate,1,21.0,92,0.0,4.3,158,1016.0,97,9.7,12.3,242.0,5.4,64.0,3.0
2025-12-06 05:00:00,2025,12,6,5,Huế,Phường Phú Bài,16.409296,107.6779818,52,Moderate,1,21.2,90,0.1,5.5,139,1016.3,96,10.1,12.5,286.0,7.0,62.0,3.7
2025-12-06 06:00:00,2025,12,6,6,Huế,Phường Phú Bài,16.409296,107.6779818,52,Moderate,1,20.9,92,0.1,2.9,150,1016.8,81,11.5,14.2,344.0,9.2,61.0,4.7
2025-12-06 07:00:00,2025,12,6,7,Huế,Phường Phú Bài,16.409296,107.6779818,52,Moderate,1,21.9,90,0.3,6.9,118,1017.2,37,17.1,20.3,372.0,11.5,57.0,5.4
2025-12-06 08:00:00,2025,12,6,8,Huế,Phường Phú Bài,16.409296,107.6779818,51,Moderate,1,23.0,83,0.9,13.7,94,1017.9,60,14.8,18.2,339.0,9.0,69.0,4.9
2025-12-06 09:00:00,2025,12,6,9,Huế,Phường Phú Bài,16.409296,107.6779818,51,Moderate,1,23.3,86,1.1,13.5,88,1018.3,97,13.3,17.2,276.0,5.6,86.0,4.2
2025-12-06 10:00:00,2025,12,6,10,Huế,Phường Phú Bài,16.409296,107.6779818,51,Moderate,1,24.7,74,0.2,17.9,80,1018.0,100,12.0,15.5,237.0,3.0,99.0,3.6
2025-12-06 11:00:00,2025,12,6,11,Huế,Phường Phú Bài,16.409296,107.6779818,51,Moderate,1,23.7,79,1.2,18.9,83,1017.4,68,11.7,15.1,249.0,1.9,104.0,3.1
2025-12-06 12:00:00,2025,12,6,12,Huế,Phường Phú Bài,16.409296,107.6779818,51,Moderate,1,25.4,69,0.1,19.5,84,1016.5,37,12.3,15.7,285.0,1.6,104.0,2.8
2025-12-06 13:00:00,2025,12,6,13,Huế,Phường Phú Bài,16.409296,107.6779818,51,Moderate,1,26.0,64,0.1,20.6,81,1015.5,28,13.6,17.1,310.0,1.6,105.0,2.7
2025-12-06 14:00:00,2025,12,6,14,Huế,Phường Phú Bài,16.409296,107.6779818,52,Moderate,1,25.9,63,0.0,20.2,82,1014.8,46,15.4,19.3,310.0,1.3,109.0,3.0
2025-12-06 15:00:00,2025,12,6,15,Huế,Phường Phú Bài,16.409296,107.6779818,52,Moderate,1,25.1,66,0.0,18.6,86,1014.5,41,16.9,20.7,299.0,1.3,113.0,3.6
2025-12-06 16:00:00,2025,12,6,16,Huế,Phường Phú Bài,16.409296,107.6779818,52,Moderate,1,24.6,67,0.0,17.1,88,1014.4,26,18.1,21.9,294.0,2.4,113.0,4.3
2025-12-06 17:00:00,2025,12,6,17,Huế,Phường Phú Bài,16.409296,107.6779818,53,Moderate,1,23.5,71,0.0,12.4,88,1014.6,9,19.7,23.2,300.0,5.6,104.0,5.3
2025-12-06 18:00:00,2025,12,6,18,Huế,Phường Phú Bài,16.409296,107.6779818,54,Moderate,1,22.4,74,0.0,9.2,97,1015.1,11,21.5,24.9,311.0,9.9,91.0,6.5
2025-12-06 19:00:00,2025,12,6,19,Huế,Phường Phú Bài,16.409296,107.6779818,54,Moderate,1,22.0,80,0.0,10.3,95,1015.7,11,20.2,23.5,325.0,13.7,79.0,7.6
2025-12-06 20:00:00,2025,12,6,20,Huế,Phường Phú Bài,16.409296,107.6779818,54,Moderate,1,21.6,82,0.0,8.0,117,1016.2,8,20.0,23.3,346.0,13.3,76.0,7.3
2025-12-06 21:00:00,2025,12,6,21,Huế,Phường Phú Bài,16.409296,107.6779818,55,Moderate,1,21.0,85,0.0,7.0,138,1016.2,20,19.6,22.7,371.0,12.6,71.0,7.0
2025-12-06 22:00:00,2025,12,6,22,Huế,Phường Phú Bài,16.409296,107.6779818,55,Moderate,1,20.1,90,0.0,5.5,148,1016.0,39,19.3,22.2,386.0,11.9,67.0,6.5
2025-12-06 23:00:00,2025,12,6,23,Huế,Phường Phú Bài,16.409296,107.6779818,55,Moderate,1,19.2,93,0.0,4.7,171,1015.7,66,19.1,22.0,382.0,11.0,65.0,5.9
2025-12-07 00:00:00,2025,12,7,0,Huế,Phường Phú Bài,16.409296,107.6779818,56,Moderate,1,18.4,96,0.0,4.7,196,1015.5,86,17.9,20.7,368.0,10.1,63.0,5.2
2025-12-07 01:00:00,2025,12,7,1,Huế,Phường Phú Bài,16.409296,107.6779818,57,Moderate,1,18.5,98,0.0,4.7,203,1015.3,62,16.9,19.9,357.0,9.2,61.0,4.7
2025-12-07 02:00:00,2025,12,7,2,Huế,Phường Phú Bài,16.409296,107.6779818,57,Moderate,1,18.6,97,0.0,5.0,224,1015.1,65,16.5,19.3,351.0,8.5,57.0,4.3
2025-12-07 03:00:00,2025,12,7,3,Huế,Phường Phú Bài,16.409296,107.6779818,58,Moderate,1,18.4,99,0.0,5.8,231,1014.9,64,15.9,18.3,348.0,7.8,53.0,4.1
2025-12-07 04:00:00,2025,12,7,4,Huế,Phường Phú Bài,16.409296,107.6779818,58,Moderate,1,18.0,100,0.0,7.4,227,1015.1,63,15.5,16.9,350.0,7.6,49.0,4.0
2025-12-07 05:00:00,2025,12,7,5,Huế,Phường Phú Bài,16.409296,107.6779818,59,Moderate,1,17.7,99,0.0,7.8,218,1015.4,45,14.5,15.8,365.0,8.2,45.0,4.3
2025-12-07 06:00:00,2025,12,7,6,Huế,Phường Phú Bài,16.409296,107.6779818,59,Moderate,1,17.5,99,0.0,7.4,209,1016.0,49,14.1,15.4,385.0,9.3,41.0,4.9
2025-12-07 07:00:00,2025,12,7,7,Huế,Phường Phú Bài,16.409296,107.6779818,60,Moderate,1,18.5,94,0.0,7.9,197,1016.7,55,20.1,22.2,388.0,9.7,47.0,5.3
2025-12-07 08:00:00,2025,12,7,8,Huế,Phường Phú Bài,16.409296,107.6779818,60,Moderate,1,21.9,82,0.0,5.6,182,1017.2,47,16.9,19.4,357.0,7.4,65.0,4.7
2025-12-07 09:00:00,2025,12,7,9,Huế,Phường Phú Bài,16.409296,107.6779818,60,Moderate,1,24.3,69,0.0,4.3,118,1017.6,42,15.9,20.7,307.0,4.3,91.0,3.8
2025-12-07 10:00:00,2025,12,7,10,Huế,Phường Phú Bài,16.409296,107.6779818,60,Moderate,1,25.0,68,0.1,12.0,73,1017.5,54,15.0,19.5,267.0,2.0,109.0,3.1
2025-12-07 11:00:00,2025,12,7,11,Huế,Phường Phú Bài,16.409296,107.6779818,61,Moderate,1,25.3,67,0.1,13.3,74,1016.8,38,15.0,19.3,245.0,1.2,114.0,2.6
2025-12-07 12:00:00,2025,12,7,12,Huế,Phường Phú Bài,16.409296,107.6779818,61,Moderate,1,25.9,64,0.1,14.8,72,1016.1,71,14.8,19.1,233.0,1.1,112.0,2.3
2025-12-07 13:00:00,2025,12,7,13,Huế,Phường Phú Bài,16.409296,107.6779818,61,Moderate,1,25.5,66,0.0,15.3,68,1015.4,39,14.1,18.2,225.0,1.2,109.0,2.1
2025-12-07 14:00:00,2025,12,7,14,Huế,Phường Phú Bài,16.409296,107.6779818,61,Moderate,1,24.6,70,0.0,14.0,74,1015.1,32,12.8,16.5,222.0,0.9,108.0,1.8
2025-12-07 15:00:00,2025,12,7,15,Huế,Phường Phú Bài,16.409296,107.6779818,61,Moderate,1,24.5,68,0.0,14.2,75,1014.9,22,12.5,16.1,224.0,0.8,105.0,1.7
2025-12-07 16:00:00,2025,12,7,16,Huế,Phường Phú Bài,16.409296,107.6779818,60,Moderate,1,24.2,67,0.0,12.7,77,1015.0,12,12.0,15.5,231.0,1.9,101.0,2.0
2025-12-07 17:00:00,2025,12,7,17,Huế,Phường Phú Bài,16.409296,107.6779818,60,Moderate,1,23.1,71,0.0,6.5,90,1015.1,4,12.3,15.6,244.0,5.3,93.0,3.2
2025-12-07 18:00:00,2025,12,7,18,Huế,Phường Phú Bài,16.409296,107.6779818,59,Moderate,1,21.6,78,0.0,4.6,81,1015.4,20,14.7,17.9,261.0,10.0,82.0,5.0
2025-12-07 19:00:00,2025,12,7,19,Huế,Phường Phú Bài,16.409296,107.6779818,59,Moderate,1,21.5,82,0.0,7.0,72,1016.4,24,17.5,21.1,274.0,13.2,74.0,6.2
2025-12-07 20:00:00,2025,12,7,20,Huế,Phường Phú Bài,16.409296,107.6779818,58,Moderate,1,21.5,82,0.0,6.1,78,1016.9,13,19.4,23.2,277.0,13.4,75.0,7.1
2025-12-07 21:00:00,2025,12,7,21,Huế,Phường Phú Bài,16.409296,107.6779818,58,Moderate,1,21.0,83,0.0,6.5,95,1017.1,24,19.7,23.6,275.0,13.7,78.0,8.2
2025-12-07 22:00:00,2025,12,7,22,Huế,Phường Phú Bài,16.409296,107.6779818,58,Moderate,1,21.0,82,0.0,7.6,109,1017.1,88,20.3,24.3,275.0,13.8,79.0,9.0
2025-12-07 23:00:00,2025,12,7,23,Huế,Phường Phú Bài,16.409296,107.6779818,58,Moderate,1,20.9,84,0.0,3.1,140,1016.7,52,20.8,24.9,279.0,13.8,79.0,9.0
2025-12-08 00:00:00,2025,12,8,0,Huế,Phường Phú Bài,16.409296,107.6779818,59,Moderate,1,20.6,83,0.0,1.1,180,1016.3,36,21.4,25.6,285.0,13.8,79.0,8.6
2025-12-08 01:00:00,2025,12,8,1,Huế,Phường Phú Bài,16.409296,107.6779818,59,Moderate,1,20.4,89,0.1,1.3,270,1015.8,95,22.3,26.5,287.0,13.3,79.0,8.1
2025-12-08 02:00:00,2025,12,8,2,Huế,Phường Phú Bài,16.409296,107.6779818,59,Moderate,1,20.0,96,0.0,6.3,233,1015.3,98,22.0,26.4,275.0,12.0,80.0,7.6
2025-12-08 03:00:00,2025,12,8,3,Huế,Phường Phú Bài,16.409296,107.6779818,60,Moderate,1,18.7,99,0.8,10.4,206,1015.4,100,21.7,25.9,260.0,10.3,82.0,7.1
2025-12-08 04:00:00,2025,12,8,4,Huế,Phường Phú Bài,16.409296,107.6779818,60,Moderate,1,18.6,99,0.4,7.7,219,1015.4,100,21.1,25.2,269.0,9.4,83.0,6.9
2025-12-08 05:00:00,2025,12,8,5,Huế,Phường Phú Bài,16.409296,107.6779818,61,Moderate,1,19.0,96,0.3,3.6,162,1015.8,100,21.3,25.3,333.0,10.5,80.0,7.4
2025-12-08 06:00:00,2025,12,8,6,Huế,Phường Phú Bài,16.409296,107.6779818,61,Moderate,1,19.0,97,0.2,4.8,205,1016.5,99,21.7,25.5,423.0,12.5,76.0,8.1
2025-12-08 07:00:00,2025,12,8,7,Huế,Phường Phú Bài,16.409296,107.6779818,62,Moderate,1,18.5,99,0.2,7.3,220,1017.4,100,25.1,29.3,473.0,11.2,82.0,7.8
2025-12-08 08:00:00,2025,12,8,8,Huế,Phường Phú Bài,16.409296,107.6779818,63,Moderate,1,19.7,95,0.1,8.4,225,1018.1,99,22.1,25.7,448.0,8.6,91.0,7.0
2025-12-08 09:00:00,2025,12,8,9,Huế,Phường Phú Bài,16.409296,107.6779818,63,Moderate,1,22.1,85,0.0,6.3,239,1018.7,88,20.8,24.6,384.0,5.1,102.0,5.8
2025-12-08 10:00:00,2025,12,8,10,Huế,Phường Phú Bài,16.409296,107.6779818,64,Moderate,1,24.2,73,0.2,6.8,2,1018.8,98,19.2,22.8,329.0,2.5,111.0,5.0
2025-12-08 11:00:00,2025,12,8,11,Huế,Phường Phú Bài,16.409296,107.6779818,64,Moderate,1,25.5,63,0.1,10.6,35,1018.4,24,19.1,22.8,299.0,1.8,113.0,4.8
2025-12-08 12:00:00,2025,12,8,12,Huế,Phường Phú Bài,16.409296,107.6779818,64,Moderate,1,26.1,57,0.0,13.8,37,1017.4,100,19.7,23.4,278.0,2.1,113.0,4.8
2025-12-08 13:00:00,2025,12,8,13,Huế,Phường Phú Bài,16.409296,107.6779818,65,Moderate,1,24.5,65,0.0,15.8,52,1016.4,100,20.4,24.2,271.0,2.5,112.0,5.0
2025-12-08 14:00:00,2025,12,8,14,Huế,Phường Phú Bài,16.409296,107.6779818,65,Moderate,1,24.5,64,0.0,12.3,53,1015.4,88,20.8,24.5,285.0,2.5,113.0,5.1
2025-12-08 15:00:00,2025,12,8,15,Huế,Phường Phú Bài,16.409296,107.6779818,66,Moderate,1,23.9,66,0.0,11.3,68,1015.1,66,21.9,25.6,313.0,2.7,114.0,5.4
2025-12-08 16:00:00,2025,12,8,16,Huế,Phường Phú Bài,16.409296,107.6779818,67,Moderate,1,23.6,67,0.0,9.7,66,1015.1,88,22.2,25.8,337.0,3.8,112.0,5.9
2025-12-08 17:00:00,2025,12,8,17,Huế,Phường Phú Bài,16.409296,107.6779818,68,Moderate,1,22.7,74,0.0,5.6,88,1015.5,69,23.6,26.7,348.0,7.1,104.0,7.1
2025-12-08 18:00:00,2025,12,8,18,Huế,Phường Phú Bài,16.409296,107.6779818,69,Moderate,1,21.5,83,0.1,5.6,149,1015.9,99,27.7,31.5,356.0,11.2,93.0,8.7
2025-12-08 19:00:00,2025,12,8,19,Huế,Phường Phú Bài,16.409296,107.6779818,70,Moderate,1,20.2,95,0.0,7.6,126,1016.7,92,30.9,35.3,366.0,21.4,89.0,13.9
2025-12-08 20:00:00,2025,12,8,20,Huế,Phường Phú Bài,16.409296,107.6779818,71,Moderate,1,20.2,97,0.2,5.0,206,1017.1,98,33.3,38.3,386.0,19.2,91.0,13.3
2025-12-08 21:00:00,2025,12,8,21,Huế,Phường Phú Bài,16.409296,107.6779818,72,Moderate,1,20.2,95,0.1,4.7,180,1017.1,100,33.3,37.8,409.0,16.0,93.0,12.4
2025-12-08 22:00:00,2025,12,8,22,Huế,Phường Phú Bài,16.409296,107.6779818,73,Moderate,1,20.1,97,0.3,2.0,175,1017.1,95,30.7,34.9,423.0,13.0,95.0,11.4
2025-12-08 23:00:00,2025,12,8,23,Huế,Phường Phú Bài,16.409296,107.6779818,74,Moderate,1,19.9,97,0.0,1.0,248,1016.9,95,29.6,33.6,421.0,10.4,96.0,10.1
2025-12-09 00:00:00,2025,12,9,0,Huế,Phường Phú Bài,16.409296,107.6779818,75,Moderate,1,19.9,97,0.0,2.3,252,1016.2,97,28.5,32.4,410.0,8.0,96.0,8.6
2025-12-09 01:00:00,2025,12,9,1,Huế,Phường Phú Bài,16.409296,107.6779818,76,Moderate,1,19.8,92,0.2,3.7,349,1016.0,100,27.8,32.0,396.0,6.3,96.0,7.5
2025-12-09 02:00:00,2025,12,9,2,Huế,Phường Phú Bài,16.409296,107.6779818,76,Moderate,1,19.5,98,0.1,6.8,281,1015.4,100,25.6,29.3,369.0,5.2,97.0,7.1
2025-12-09 03:00:00,2025,12,9,3,Huế,Phường Phú Bài,16.409296,107.6779818,77,Moderate,1,19.1,98,0.3,4.3,265,1014.9,100,24.5,28.5,339.0,4.8,99.0,7.1
2025-12-09 04:00:00,2025,12,9,4,Huế,Phường Phú Bài,16.409296,107.6779818,77,Moderate,1,18.8,97,0.1,5.1,243,1014.9,100,24.9,29.0,346.0,5.5,99.0,7.5
2025-12-09 05:00:00,2025,12,9,5,Huế,Phường Phú Bài,16.409296,107.6779818,77,Moderate,1,18.4,98,0.0,5.3,225,1015.3,100,24.7,28.7,436.0,8.5,95.0,8.7
2025-12-09 06:00:00,2025,12,9,6,Huế,Phường Phú Bài,16.409296,107.6779818,77,Moderate,1,18.1,99,0.1,5.0,199,1016.0,100,24.8,28.7,563.0,12.5,91.0,10.3
2025-12-09 07:00:00,2025,12,9,7,Huế,Phường Phú Bài,16.409296,107.6779818,78,Moderate,1,19.4,100,0.2,4.1,218,1016.4,100,26.2,30.6,626.0,11.3,88.0,7.8
2025-12-09 08:00:00,2025,12,9,8,Huế,Phường Phú Bài,16.409296,107.6779818,78,Moderate,1,20.5,97,0.0,2.8,235,1017.4,98,23.9,28.5,560.0,9.2,98.0,7.5
2025-12-09 09:00:00,2025,12,9,9,Huế,Phường Phú Bài,16.409296,107.6779818,78,Moderate,1,22.1,87,0.1,4.9,100,1018.2,100,23.4,28.3,430.0,6.2,111.0,6.9
2025-12-09 10:00:00,2025,12,9,10,Huế,Phường Phú Bài,16.409296,107.6779818,78,Moderate,1,23.9,74,0.0,10.3,86,1017.7,100,22.9,28.4,326.0,3.9,121.0,6.3
2025-12-09 11:00:00,2025,12,9,11,Huế,Phường Phú Bài,16.409296,107.6779818,79,Moderate,1,25.3,64,0.0,14.2,81,1017.1,100,20.7,25.7,285.0,2.8,124.0,5.4
2025-12-09 12:00:00,2025,12,9,12,Huế,Phường Phú Bài,16.409296,107.6779818,79,Moderate,1,25.4,61,0.0,15.3,78,1015.9,100,18.6,23.3,271.0,2.3,124.0,4.3
2025-12-09 13:00:00,2025,12,9,13,Huế,Phường Phú Bài,16.409296,107.6779818,79,Moderate,1,25.1,64,0.0,16.8,85,1015.2,100,18.7,23.5,262.0,2.2,123.0,3.6
2025-12-09 14:00:00,2025,12,9,14,Huế,Phường Phú Bài,16.409296,107.6779818,78,Moderate,1,25.0,63,0.0,17.1,82,1014.9,96,17.2,21.7,251.0,2.1,123.0,3.3
2025-12-09 15:00:00,2025,12,9,15,Huế,Phường Phú Bài,16.409296,107.6779818,78,Moderate,1,24.7,64,0.0,15.9,84,1014.6,99,17.9,22.5,245.0,2.2,121.0,3.3
2025-12-09 16:00:00,2025,12,9,16,Huế,Phường Phú Bài,16.409296,107.6779818,78,Moderate,1,24.0,67,0.0,11.0,90,1014.6,100,18.4,22.8,248.0,3.6,116.0,3.7
2025-12-09 17:00:00,2025,12,9,17,Huế,Phường Phú Bài,16.409296,107.6779818,77,Moderate,1,23.2,71,0.0,7.2,103,1014.9,100,20.1,24.6,267.0,7.0,105.0,4.6
2025-12-09 18:00:00,2025,12,9,18,Huế,Phường Phú Bài,16.409296,107.6779818,77,Moderate,1,22.0,79,0.1,5.9,162,1015.5,100,22.5,27.1,295.0,11.5,90.0,5.8
2025-12-09 19:00:00,2025,12,9,19,Huế,Phường Phú Bài,16.409296,107.6779818,77,Moderate,1,22.2,83,0.2,7.5,98,1016.2,100,23.2,27.9,316.0,12.0,89.0,6.5
2025-12-09 20:00:00,2025,12,9,20,Huế,Phường Phú Bài,16.409296,107.6779818,76,Moderate,1,22.3,82,0.0,6.9,115,1016.3,100,23.7,28.8,318.0,11.9,90.0,7.1
2025-12-09 21:00:00,2025,12,9,21,Huế,Phường Phú Bài,16.409296,107.6779818,75,Moderate,1,21.9,84,0.0,5.7,145,1016.2,100,26.1,32.0,313.0,11.7,92.0,7.9
2025-12-09 22:00:00,2025,12,9,22,Huế,Phường Phú Bài,16.409296,107.6779818,75,Moderate,1,21.7,84,0.0,7.3,157,1015.9,100,29.9,36.8,315.0,11.7,91.0,8.3
2025-12-09 23:00:00,2025,12,9,23,Huế,Phường Phú Bài,16.409296,107.6779818,74,Moderate,1,21.5,85,0.0,3.6,200,1015.5,100,30.6,37.3,336.0,12.3,85.0,8.0
2025-12-10 00:00:00,2025,12,10,0,Huế,Phường Phú Bài,16.409296,107.6779818,75,Moderate,1,21.2,88,0.0,3.6,243,1015.0,100,30.0,36.3,364.0,13.0,76.0,7.3
2025-12-10 01:00:00,2025,12,10,1,Huế,Phường Phú Bài,16.409296,107.6779818,75,Moderate,1,20.7,91,0.1,6.2,240,1015.0,100,29.4,35.4,376.0,13.1,70.0,6.6
2025-12-10 02:00:00,2025,12,10,2,Huế,Phường Phú Bài,16.409296,107.6779818,75,Moderate,1,20.6,93,0.1,8.5,241,1014.4,100,28.9,34.8,352.0,11.8,69.0,5.9
2025-12-10 03:00:00,2025,12,10,3,Huế,Phường Phú Bài,16.409296,107.6779818,75,Moderate,1,20.3,93,0.0,9.9,237,1014.0,100,26.6,31.9,312.0,9.8,71.0,5.1
2025-12-10 04:00:00,2025,12,10,4,Huế,Phường Phú Bài,16.409296,107.6779818,75,Moderate,1,20.4,93,0.0,9.0,247,1014.1,100,22.3,26.5,295.0,8.4,74.0,4.6
2025-12-10 05:00:00,2025,12,10,5,Huế,Phường Phú Bài,16.409296,107.6779818,75,Moderate,1,20.5,92,0.4,6.5,262,1014.3,100,18.7,22.2,323.0,8.3,77.0,4.6
2025-12-10 06:00:00,2025,12,10,6,Huế,Phường Phú Bài,16.409296,107.6779818,75,Moderate,1,20.5,96,0.5,4.0,270,1014.7,100,16.5,19.6,375.0,8.7,80.0,4.9
2025-12-10 07:00:00,2025,12,10,7,Huế,Phường Phú Bài,16.409296,107.6779818,74,Moderate,1,20.7,93,0.3,5.2,241,1015.6,100,27.9,31.9,422.0,12.2,71.0,6.8
2025-12-10 08:00:00,2025,12,10,8,Huế,Phường Phú Bài,16.409296,107.6779818,74,Moderate,1,21.1,94,0.3,5.9,252,1016.4,100,29.7,33.5,462.0,11.4,78.0,7.3
2025-12-10 09:00:00,2025,12,10,9,Huế,Phường Phú Bài,16.409296,107.6779818,74,Moderate,1,21.4,95,0.4,7.7,288,1016.8,100,31.0,34.0,498.0,10.4,87.0,8.0
2025-12-10 10:00:00,2025,12,10,10,Huế,Phường Phú Bài,16.409296,107.6779818,75,Moderate,1,22.4,89,0.1,10.9,301,1016.5,100,30.7,33.8,507.0,9.3,95.0,8.6
2025-12-10 11:00:00,2025,12,10,11,Huế,Phường Phú Bài,16.409296,107.6779818,76,Moderate,1,23.0,84,0.1,10.9,310,1015.8,100,30.5,33.5,468.0,8.2,101.0,8.9
2025-12-10 12:00:00,2025,12,10,12,Huế,Phường Phú Bài,16.409296,107.6779818,77,Moderate,1,23.2,84,0.3,10.6,318,1015.2,100,29.9,32.8,402.0,7.0,105.0,9.0
2025-12-10 13:00:00,2025,12,10,13,Huế,Phường Phú Bài,16.409296,107.6779818,78,Moderate,1,23.6,77,0.7,12.4,320,1014.2,100,28.5,31.3,358.0,6.4,107.0,8.9
2025-12-10 14:00:00,2025,12,10,14,Huế,Phường Phú Bài,16.409296,107.6779818,79,Moderate,1,23.2,83,0.5,9.4,320,1013.8,100,24.6,27.2,349.0,6.6,104.0,8.6
2025-12-10 15:00:00,2025,12,10,15,Huế,Phường Phú Bài,16.409296,107.6779818,79,Moderate,1,22.5,94,0.8,9.7,325,1013.5,100,23.4,25.8,361.0,7.3,99.0,8.2
2025-12-10 16:00:00,2025,12,10,16,Huế,Phường Phú Bài,16.409296,107.6779818,80,Moderate,1,22.0,96,0.6,7.7,319,1013.6,100,23.1,25.4,399.0,8.1,94.0,7.9
2025-12-10 17:00:00,2025,12,10,17,Huế,Phường Phú Bài,16.409296,107.6779818,80,Moderate,1,21.8,96,0.4,6.0,307,1013.6,100,21.0,23.7,493.0,9.0,90.0,7.9
2025-12-10 18:00:00,2025,12,10,18,Huế,Phường Phú Bài,16.409296,107.6779818,80,Moderate,1,21.5,97,0.5,5.1,278,1014.1,100,20.0,22.8,613.0,9.9,87.0,8.0
2025-12-10 19:00:00,2025,12,10,19,Huế,Phường Phú Bài,16.409296,107.6779818,80,Moderate,1,21.2,98,0.8,8.2,238,1014.9,100,18.6,21.2,676.0,9.7,87.0,6.6
2025-12-10 20:00:00,2025,12,10,20,Huế,Phường Phú Bài,16.409296,107.6779818,80,Moderate,1,21.1,98,0.1,8.0,239,1015.3,100,17.6,20.1,632.0,9.6,84.0,6.6
2025-12-10 21:00:00,2025,12,10,21,Huế,Phường Phú Bài,16.409296,107.6779818,79,Moderate,1,21.1,98,0.1,6.0,237,1015.0,100,17.2,19.6,532.0,9.4,80.0,6.6
2025-12-10 22:00:00,2025,12,10,22,Huế,Phường Phú Bài,16.409296,107.6779818,78,Moderate,1,21.1,97,0.8,9.0,237,1015.2,100,16.6,19.0,445.0,9.1,77.0,6.5
2025-12-10 23:00:00,2025,12,10,23,Huế,Phường Phú Bài,16.409296,107.6779818,77,Moderate,1,21.1,97,1.9,8.8,242,1014.7,100,15.8,18.0,395.0,8.5,75.0,6.2
2025-12-11 00:00:00,2025,12,11,0,Huế,Phường Phú Bài,16.409296,107.6779818,76,Moderate,1,21.0,97,3.2,9.9,248,1014.5,100,14.6,16.8,358.0,7.7,74.0,5.7
2025-12-11 01:00:00,2025,12,11,1,Huế,Phường Phú Bài,16.409296,107.6779818,74,Moderate,1,20.9,95,3.5,12.9,261,1014.2,100,13.8,15.9,331.0,7.3,72.0,5.4
2025-12-11 02:00:00,2025,12,11,2,Huế,Phường Phú Bài,16.409296,107.6779818,73,Moderate,1,20.9,98,0.4,9.6,257,1013.8,100,12.9,15.0,312.0,7.4,68.0,5.4
2025-12-11 03:00:00,2025,12,11,3,Huế,Phường Phú Bài,16.409296,107.6779818,72,Moderate,1,21.0,98,0.0,7.5,246,1013.5,99,12.6,14.7,304.0,8.0,64.0,5.5
2025-12-11 04:00:00,2025,12,11,4,Huế,Phường Phú Bài,16.409296,107.6779818,70,Moderate,1,20.9,98,0.0,5.8,231,1013.4,100,13.2,15.3,312.0,8.9,59.0,5.7
2025-12-11 05:00:00,2025,12,11,5,Huế,Phường Phú Bài,16.409296,107.6779818,70,Moderate,1,20.8,99,0.0,6.1,230,1013.8,98,13.1,16.0,358.0,11.0,52.0,5.9
2025-12-11 06:00:00,2025,12,11,6,Huế,Phường Phú Bài,16.409296,107.6779818,69,Moderate,1,20.7,99,0.0,3.7,191,1014.0,59,14.3,17.5,419.0,13.5,44.0,6.2
2025-12-11 07:00:00,2025,12,11,7,Huế,Phường Phú Bài,16.409296,107.6779818,69,Moderate,1,21.5,97,0.1,3.9,204,1014.8,77,10.1,12.8,437.0,9.0,62.0,4.6
2025-12-11 08:00:00,2025,12,11,8,Huế,Phường Phú Bài,16.409296,107.6779818,67,Moderate,1,23.1,92,0.2,3.1,144,1015.6,63,11.4,14.4,367.0,7.6,67.0,4.4
2025-12-11 09:00:00,2025,12,11,9,Huế,Phường Phú Bài,16.409296,107.6779818,66,Moderate,1,23.9,87,0.3,7.4,93,1016.1,100,12.5,15.9,252.0,5.6,74.0,4.1
2025-12-11 10:00:00,2025,12,11,10,Huế,Phường Phú Bài,16.409296,107.6779818,64,Moderate,1,25.4,83,0.1,10.7,73,1015.9,100,10.4,13.7,167.0,4.0,80.0,3.7
2025-12-11 11:00:00,2025,12,11,11,Huế,Phường Phú Bài,16.409296,107.6779818,62,Moderate,1,26.6,75,0.1,15.1,67,1015.1,100,11.5,15.3,144.0,2.9,84.0,3.2
2025-12-11 12:00:00,2025,12,11,12,Huế,Phường Phú Bài,16.409296,107.6779818,61,Moderate,1,25.6,79,1.1,16.3,77,1014.1,66,12.5,16.8,150.0,2.1,86.0,2.6
2025-12-11 13:00:00,2025,12,11,13,Huế,Phường Phú Bài,16.409296,107.6779818,59,Moderate,1,26.4,77,0.1,17.8,74,1013.2,59,9.8,13.5,158.0,1.9,87.0,2.2
2025-12-11 14:00:00,2025,12,11,14,Huế,Phường Phú Bài,16.409296,107.6779818,57,Moderate,1,26.0,77,1.0,16.6,75,1012.2,52,9.0,12.0,159.0,2.6,85.0,2.3
2025-12-11 15:00:00,2025,12,11,15,Huế,Phường Phú Bài,16.409296,107.6779818,56,Moderate,1,25.4,81,1.2,16.9,74,1012.2,65,10.0,13.4,162.0,3.9,81.0,2.6
2025-12-11 16:00:00,2025,12,11,16,Huế,Phường Phú Bài,16.409296,107.6779818,55,Moderate,1,24.9,84,0.6,15.8,71,1012.4,43,10.8,14.1,167.0,5.5,76.0,3.0
2025-12-11 17:00:00,2025,12,11,17,Huế,Phường Phú Bài,16.409296,107.6779818,54,Moderate,1,23.9,89,0.2,12.7,67,1012.8,100,11.1,14.3,178.0,7.9,70.0,3.7
2025-12-11 18:00:00,2025,12,11,18,Huế,Phường Phú Bài,16.409296,107.6779818,53,Moderate,1,22.9,94,0.0,7.2,63,1013.4,95,13.4,16.7,191.0,10.7,62.0,4.4
2025-12-11 19:00:00,2025,12,11,19,Huế,Phường Phú Bài,16.409296,107.6779818,52,Moderate,1,22.9,93,0.2,9.6,74,1014.2,89,14.0,17.5,198.0,11.4,59.0,4.6
2025-12-11 20:00:00,2025,12,11,20,Huế,Phường Phú Bài,16.409296,107.6779818,52,Moderate,1,23.1,95,0.1,9.6,93,1014.5,55,14.2,17.9,193.0,10.4,59.0,4.5
2025-12-11 21:00:00,2025,12,11,21,Huế,Phường Phú Bài,16.409296,107.6779818,51,Moderate,1,22.7,96,0.1,8.4,97,1014.4,44,14.6,18.5,183.0,9.1,60.0,4.3
2025-12-11 22:00:00,2025,12,11,22,Huế,Phường Phú Bài,16.409296,107.6779818,51,Moderate,1,22.6,96,0.2,8.8,101,1014.5,24,14.9,18.9,176.0,7.8,61.0,4.1
2025-12-11 23:00:00,2025,12,11,23,Huế,Phường Phú Bài,16.409296,107.6779818,51,Moderate,1,22.2,97,0.0,7.8,95,1014.2,29,14.8,19.0,177.0,6.7,62.0,3.7
2025-12-12 00:00:00,2025,12,12,0,Huế,Phường Phú Bài,16.409296,107.6779818,51,Moderate,1,22.1,97,0.1,7.6,108,1013.9,49,13.8,17.8,181.0,5.6,63.0,3.3
2025-12-12 01:00:00,2025,12,12,1,Huế,Phường Phú Bài,16.409296,107.6779818,51,Moderate,1,22.5,94,0.1,13.0,94,1013.5,52,13.4,17.2,185.0,4.8,64.0,2.9
2025-12-12 02:00:00,2025,12,12,2,Huế,Phường Phú Bài,16.409296,107.6779818,51,Moderate,1,22.5,94,0.0,10.6,104,1012.9,61,12.7,16.4,181.0,4.2,63.0,2.7
2025-12-12 03:00:00,2025,12,12,3,Huế,Phường Phú Bài,16.409296,107.6779818,51,Moderate,1,22.2,95,0.1,8.0,106,1012.5,39,11.9,15.4,178.0,3.9,62.0,2.5
2025-12-12 04:00:00,2025,12,12,4,Huế,Phường Phú Bài,16.409296,107.6779818,51,Moderate,1,22.1,94,0.0,6.7,104,1012.3,26,12.0,15.4,195.0,4.2,60.0,2.7
2025-12-12 05:00:00,2025,12,12,5,Huế,Phường Phú Bài,16.409296,107.6779818,51,Moderate,1,21.6,95,0.0,5.5,107,1012.4,24,12.0,15.3,260.0,6.1,55.0,3.5
2025-12-12 06:00:00,2025,12,12,6,Huế,Phường Phú Bài,16.409296,107.6779818,51,Moderate,1,21.4,95,0.0,4.8,127,1012.8,17,12.5,15.7,345.0,8.6,49.0,4.6
2025-12-12 07:00:00,2025,12,12,7,Huế,Phường Phú Bài,16.409296,107.6779818,50,Good,0,22.8,94,0.0,9.0,95,1013.6,13,11.8,14.8,388.0,7.5,60.0,4.5
2025-12-12 08:00:00,2025,12,12,8,Huế,Phường Phú Bài,16.409296,107.6779818,51,Moderate,1,24.4,89,0.0,9.8,96,1014.2,22,11.6,14.1,350.0,6.1,67.0,4.1
2025-12-12 09:00:00,2025,12,12,9,Huế,Phường Phú Bài,16.409296,107.6779818,51,Moderate,1,25.9,80,0.0,11.0,96,1014.4,15,11.7,15.0,270.0,4.1,77.0,3.6
2025-12-12 10:00:00,2025,12,12,10,Huế,Phường Phú Bài,16.409296,107.6779818,51,Moderate,1,27.0,72,0.1,14.8,92,1014.2,25,10.8,14.2,208.0,2.6,86.0,3.1
2025-12-12 11:00:00,2025,12,12,11,Huế,Phường Phú Bài,16.409296,107.6779818,51,Moderate,1,27.3,71,0.1,16.0,89,1013.7,27,10.3,13.6,188.0,1.9,92.0,2.8
2025-12-12 12:00:00,2025,12,12,12,Huế,Phường Phú Bài,16.409296,107.6779818,50,Good,0,27.5,70,0.1,16.0,82,1012.6,27,10.2,13.5,187.0,1.6,96.0,2.6
2025-12-12 13:00:00,2025,12,12,13,Huế,Phường Phú Bài,16.409296,107.6779818,50,Good,0,27.1,69,0.1,17.6,84,1011.7,46,10.9,14.4,188.0,1.5,98.0,2.5
2025-12-12 14:00:00,2025,12,12,14,Huế,Phường Phú Bài,16.409296,107.6779818,50,Good,0,26.8,71,0.3,17.8,82,1011.2,39,11.2,14.9,188.0,1.3,98.0,2.3
2025-12-12 15:00:00,2025,12,12,15,Huế,Phường Phú Bài,16.409296,107.6779818,51,Moderate,1,25.9,78,0.2,19.5,76,1011.3,23,11.9,15.8,191.0,1.4,96.0,2.2
2025-12-12 16:00:00,2025,12,12,16,Huế,Phường Phú Bài,16.409296,107.6779818,51,Moderate,1,25.2,79,0.0,19.6,76,1011.7,11,11.7,15.5,196.0,2.1,92.0,2.3
2025-12-12 17:00:00,2025,12,12,17,Huế,Phường Phú Bài,16.409296,107.6779818,51,Moderate,1,24.4,83,0.0,16.8,80,1012.1,16,12.3,15.7,204.0,4.2,84.0,3.0
2025-12-12 18:00:00,2025,12,12,18,Huế,Phường Phú Bài,16.409296,107.6779818,51,Moderate,1,23.9,87,0.0,16.6,86,1013.0,32,13.9,17.3,214.0,7.1,74.0,4.0
2025-12-12 19:00:00,2025,12,12,19,Huế,Phường Phú Bài,16.409296,107.6779818,51,Moderate,1,23.6,88,0.0,16.4,93,1014.1,20,16.0,19.7,224.0,9.4,68.0,5.0
2025-12-12 20:00:00,2025,12,12,20,Huế,Phường Phú Bài,16.409296,107.6779818,51,Moderate,1,23.5,90,0.0,14.9,102,1014.6,14,17.2,20.7,230.0,9.3,66.0,5.1
2025-12-12 21:00:00,2025,12,12,21,Huế,Phường Phú Bài,16.409296,107.6779818,51,Moderate,1,23.2,90,0.0,12.6,107,1014.7,16,17.1,20.4,236.0,9.1,64.0,5.2
2025-12-12 22:00:00,2025,12,12,22,Huế,Phường Phú Bài,16.409296,107.6779818,52,Moderate,1,22.7,92,0.0,9.9,115,1014.2,16,16.2,19.5,245.0,8.7,63.0,5.1
2025-12-12 23:00:00,2025,12,12,23,Huế,Phường Phú Bài,16.409296,107.6779818,52,Moderate,1,22.0,94,0.0,6.7,126,1014.3,11,14.8,18.1,265.0,7.8,63.0,4.6
2025-12-13 00:00:00,2025,12,13,0,Huế,Phường Phú Bài,16.409296,107.6779818,52,Moderate,1,21.1,96,0.0,4.7,152,1014.5,15,14.2,17.6,288.0,6.6,65.0,4.0
2025-12-13 01:00:00,2025,12,13,1,Huế,Phường Phú Bài,16.409296,107.6779818,52,Moderate,1,21.7,96,0.0,5.5,144,1014.1,5,14.1,17.5,303.0,5.8,65.0,3.5
2025-12-13 02:00:00,2025,12,13,2,Huế,Phường Phú Bài,16.409296,107.6779818,52,Moderate,1,21.0,97,0.0,4.7,180,1013.5,26,14.0,17.2,292.0,5.5,64.0,3.3
2025-12-13 03:00:00,2025,12,13,3,Huế,Phường Phú Bài,16.409296,107.6779818,52,Moderate,1,20.5,98,0.0,3.5,189,1013.1,96,14.1,17.4,272.0,5.6,61.0,3.2
2025-12-13 04:00:00,2025,12,13,4,Huế,Phường Phú Bài,16.409296,107.6779818,52,Moderate,1,20.3,98,0.0,3.5,219,1013.3,99,13.5,16.6,280.0,6.0,59.0,3.3
2025-12-13 05:00:00,2025,12,13,5,Huế,Phường Phú Bài,16.409296,107.6779818,52,Moderate,1,20.0,98,0.0,5.1,222,1013.3,98,12.7,15.5,357.0,7.1,55.0,3.7
2025-12-13 06:00:00,2025,12,13,6,Huế,Phường Phú Bài,16.409296,107.6779818,52,Moderate,1,20.0,97,0.0,6.5,204,1013.8,100,12.1,14.6,461.0,8.5,50.0,4.3
2025-12-13 07:00:00,2025,12,13,7,Huế,Phường Phú Bài,16.409296,107.6779818,52,Moderate,1,21.2,94,0.0,5.6,213,1014.4,30,13.8,15.7,506.0,8.9,50.0,4.4
2025-12-13 08:00:00,2025,12,13,8,Huế,Phường Phú Bài,16.409296,107.6779818,53,Moderate,1,24.1,84,0.0,4.5,133,1014.9,16,13.2,16.3,433.0,7.2,61.0,4.0
2025-12-13 09:00:00,2025,12,13,9,Huế,Phường Phú Bài,16.409296,107.6779818,53,Moderate,1,26.2,74,0.1,14.0,106,1015.6,41,11.8,15.4,300.0,4.9,76.0,3.4
2025-12-13 10:00:00,2025,12,13,10,Huế,Phường Phú Bài,16.409296,107.6779818,53,Moderate,1,27.0,70,0.1,15.7,91,1015.5,35,11.3,14.9,197.0,3.0,87.0,2.9
2025-12-13 11:00:00,2025,12,13,11,Huế,Phường Phú Bài,16.409296,107.6779818,53,Moderate,1,27.2,69,0.1,18.6,81,1015.0,37,10.6,14.3,160.0,2.0,91.0,2.5
2025-12-13 12:00:00,2025,12,13,12,Huế,Phường Phú Bài,16.409296,107.6779818,53,Moderate,1,27.5,66,0.0,20.3,80,1014.0,24,10.7,14.3,153.0,1.5,92.0,2.3
2025-12-13 13:00:00,2025,12,13,13,Huế,Phường Phú Bài,16.409296,107.6779818,53,Moderate,1,26.9,68,0.0,19.4,79,1013.4,16,10.9,14.8,155.0,1.3,91.0,2.1
2025-12-13 14:00:00,2025,12,13,14,Huế,Phường Phú Bài,16.409296,107.6779818,53,Moderate,1,26.8,68,0.4,19.6,79,1012.7,52,10.6,14.3,160.0,1.5,87.0,2.0
2025-12-13 15:00:00,2025,12,13,15,Huế,Phường Phú Bài,16.409296,107.6779818,53,Moderate,1,25.8,74,0.2,19.4,80,1012.7,45,10.5,14.1,173.0,2.1,81.0,2.1
2025-12-13 16:00:00,2025,12,13,16,Huế,Phường Phú Bài,16.409296,107.6779818,53,Moderate,1,25.2,76,0.0,15.9,80,1013.0,32,11.3,14.8,190.0,3.1,76.0,2.3
2025-12-13 17:00:00,2025,12,13,17,Huế,Phường Phú Bài,16.409296,107.6779818,53,Moderate,1,24.5,79,0.0,11.3,89,1013.6,59,12.5,15.9,211.0,5.1,71.0,2.8
2025-12-13 18:00:00,2025,12,13,18,Huế,Phường Phú Bài,16.409296,107.6779818,53,Moderate,1,23.8,83,0.0,9.2,91,1014.4,88,13.9,17.1,236.0,7.6,67.0,3.5
2025-12-13 19:00:00,2025,12,13,19,Huế,Phường Phú Bài,16.409296,107.6779818,53,Moderate,1,22.9,94,0.1,7.9,114,1015.1,52,17.8,22.1,252.0,10.9,60.0,4.5
2025-12-13 20:00:00,2025,12,13,20,Huế,Phường Phú Bài,16.409296,107.6779818,53,Moderate,1,22.5,96,0.5,10.5,95,1016.1,100,16.4,20.3,253.0,9.8,61.0,4.3
2025-12-13 21:00:00,2025,12,13,21,Huế,Phường Phú Bài,16.409296,107.6779818,53,Moderate,1,22.5,96,1.1,9.1,68,1016.8,98,15.3,18.9,246.0,8.3,63.0,4.1
2025-12-13 22:00:00,2025,12,13,22,Huế,Phường Phú Bài,16.409296,107.6779818,53,Moderate,1,22.1,97,1.3,11.1,61,1016.6,100,15.6,18.8,238.0,6.8,66.0,3.7
2025-12-13 23:00:00,2025,12,13,23,Huế,Phường Phú Bài,16.409296,107.6779818,52,Moderate,1,22.0,97,0.9,11.3,54,1016.5,99,14.8,18.0,232.0,5.5,69.0,3.0
2025-12-14 00:00:00,2025,12,14,0,Huế,Phường Phú Bài,16.409296,107.6779818,52,Moderate,1,21.9,97,1.0,8.4,50,1016.2,100,14.1,17.4,225.0,4.2,73.0,2.2
2025-12-14 01:00:00,2025,12,14,1,Huế,Phường Phú Bài,16.409296,107.6779818,52,Moderate,1,22.1,95,0.9,13.5,71,1015.5,100,13.5,16.8,220.0,3.3,77.0,1.9
2025-12-14 02:00:00,2025,12,14,2,Huế,Phường Phú Bài,16.409296,107.6779818,52,Moderate,1,22.0,96,1.3,13.7,76,1015.2,100,13.6,17.1,209.0,2.8,82.0,2.2
2025-12-14 03:00:00,2025,12,14,3,Huế,Phường Phú Bài,16.409296,107.6779818,52,Moderate,1,21.8,96,2.5,12.8,76,1014.8,100,15.4,19.2,200.0,2.7,88.0,3.0
2025-12-14 04:00:00,2025,12,14,4,Huế,Phường Phú Bài,16.409296,107.6779818,52,Moderate,1,21.9,95,1.6,12.8,75,1014.8,100,17.5,21.1,214.0,2.9,91.0,4.0
2025-12-14 05:00:00,2025,12,14,5,Huế,Phường Phú Bài,16.409296,107.6779818,53,Moderate,1,21.9,95,1.5,12.6,77,1015.1,100,21.9,25.9,269.0,3.6,89.0,5.3
2025-12-14 06:00:00,2025,12,14,6,Huế,Phường Phú Bài,16.409296,107.6779818,54,Moderate,1,21.9,94,1.2,14.1,71,1015.7,100,23.3,27.1,348.0,4.7,84.0,6.8
2025-12-14 07:00:00,2025,12,14,7,Huế,Phường Phú Bài,16.409296,107.6779818,55,Moderate,1,21.8,96,1.3,14.4,60,1016.5,100,21.5,25.4,417.0,6.0,83.0,6.4
2025-12-14 08:00:00,2025,12,14,8,Huế,Phường Phú Bài,16.409296,107.6779818,55,Moderate,1,22.4,92,0.9,14.1,58,1017.9,100,21.9,25.7,466.0,5.5,81.0,6.4
2025-12-14 09:00:00,2025,12,14,9,Huế,Phường Phú Bài,16.409296,107.6779818,56,Moderate,1,23.0,88,1.0,17.5,53,1018.5,100,20.5,25.2,505.0,4.9,79.0,6.5
2025-12-14 10:00:00,2025,12,14,10,Huế,Phường Phú Bài,16.409296,107.6779818,57,Moderate,1,22.9,89,2.6,19.2,54,1018.5,100,19.7,24.1,532.0,4.3,80.0,6.6
2025-12-14 11:00:00,2025,12,14,11,Huế,Phường Phú Bài,16.409296,107.6779818,58,Moderate,1,24.4,78,0.1,20.1,46,1018.0,98,19.0,23.3,542.0,3.9,87.0,6.8
2025-12-14 12:00:00,2025,12,14,12,Huế,Phường Phú Bài,16.409296,107.6779818,58,Moderate,1,23.5,84,1.4,21.1,40,1017.1,80,18.4,22.8,539.0,3.7,97.0,7.0
2025-12-14 13:00:00,2025,12,14,13,Huế,Phường Phú Bài,16.409296,107.6779818,59,Moderate,1,24.2,76,0.2,20.8,47,1016.1,90,19.6,24.3,532.0,3.6,105.0,7.1
2025-12-14 14:00:00,2025,12,14,14,Huế,Phường Phú Bài,16.409296,107.6779818,60,Moderate,1,24.1,75,0.1,19.1,52,1015.4,79,18.9,23.1,521.0,3.9,109.0,7.1
2025-12-14 15:00:00,2025,12,14,15,Huế,Phường Phú Bài,16.409296,107.6779818,61,Moderate,1,24.0,74,0.0,17.7,55,1015.3,84,17.8,21.1,505.0,4.3,112.0,7.0
2025-12-14 16:00:00,2025,12,14,16,Huế,Phường Phú Bài,16.409296,107.6779818,61,Moderate,1,23.0,79,0.1,17.6,58,1015.4,100,18.0,21.3,490.0,4.8,113.0,6.9
2025-12-14 17:00:00,2025,12,14,17,Huế,Phường Phú Bài,16.409296,107.6779818,62,Moderate,1,22.1,84,0.2,15.7,59,1015.6,100,18.0,21.1,481.0,5.3,112.0,6.9
2025-12-14 18:00:00,2025,12,14,18,Huế,Phường Phú Bài,16.409296,107.6779818,62,Moderate,1,21.6,88,0.5,15.5,57,1016.1,100,17.7,20.7,473.0,5.7,110.0,6.8
2025-12-14 19:00:00,2025,12,14,19,Huế,Phường Phú Bài,16.409296,107.6779818,63,Moderate,1,21.6,89,0.3,10.5,59,1016.8,100,16.2,19.0,460.0,6.7,86.0,6.2
2025-12-14 20:00:00,2025,12,14,20,Huế,Phường Phú Bài,16.409296,107.6779818,62,Moderate,1,22.0,85,0.2,13.0,70,1017.1,96,14.8,17.5,434.0,6.3,84.0,5.9
2025-12-14 21:00:00,2025,12,14,21,Huế,Phường Phú Bài,16.409296,107.6779818,62,Moderate,1,21.6,87,0.1,10.2,69,1017.4,100,14.2,16.7,402.0,5.8,82.0,5.6
2025-12-14 22:00:00,2025,12,14,22,Huế,Phường Phú Bài,16.409296,107.6779818,62,Moderate,1,21.4,89,0.5,7.7,74,1017.0,98,14.5,17.2,377.0,5.3,79.0,5.2
2025-12-14 23:00:00,2025,12,14,23,Huế,Phường Phú Bài,16.409296,107.6779818,62,Moderate,1,21.7,88,0.6,6.8,68,1016.7,99,14.6,17.5,362.0,4.9,76.0,4.8
2025-12-15 00:00:00,2025,12,15,0,Huế,Phường Phú Bài,16.409296,107.6779818,62,Moderate,1,20.8,95,0.4,6.5,85,1016.7,100,14.5,17.4,354.0,4.4,73.0,4.3
2025-12-15 01:00:00,2025,12,15,1,Huế,Phường Phú Bài,16.409296,107.6779818,62,Moderate,1,21.1,92,0.2,3.1,353,1016.5,100,14.4,17.3,350.0,4.1,70.0,4.0
2025-12-15 02:00:00,2025,12,15,2,Huế,Phường Phú Bài,16.409296,107.6779818,62,Moderate,1,21.1,94,0.3,3.0,57,1016.1,100,14.3,17.2,346.0,3.8,67.0,3.8
2025-12-15 03:00:00,2025,12,15,3,Huế,Phường Phú Bài,16.409296,107.6779818,62,Moderate,1,21.2,95,0.1,3.2,87,1015.6,100,13.9,16.8,346.0,3.5,65.0,3.7
2025-12-15 04:00:00,2025,12,15,4,Huế,Phường Phú Bài,16.409296,107.6779818,62,Moderate,1,20.9,92,0.2,7.2,78,1015.7,100,13.6,16.4,360.0,3.8,63.0,3.8
2025-12-15 05:00:00,2025,12,15,5,Huế,Phường Phú Bài,16.409296,107.6779818,62,Moderate,1,21.0,93,0.3,3.8,71,1015.8,100,13.7,16.4,405.0,5.2,62.0,4.4
2025-12-15 06:00:00,2025,12,15,6,Huế,Phường Phú Bài,16.409296,107.6779818,61,Moderate,1,20.8,97,0.3,4.4,9,1016.0,73,15.0,17.8,464.0,7.0,61.0,5.1
2025-12-15 07:00:00,2025,12,15,7,Huế,Phường Phú Bài,16.409296,107.6779818,60,Moderate,1,21.1,92,0.1,7.3,48,1016.5,100,13.6,16.5,495.0,8.5,61.0,5.6
2025-12-15 08:00:00,2025,12,15,8,Huế,Phường Phú Bài,16.409296,107.6779818,60,Moderate,1,22.0,91,0.5,9.1,52,1017.5,100,13.7,16.6,472.0,6.9,69.0,5.2
2025-12-15 09:00:00,2025,12,15,9,Huế,Phường Phú Bài,16.409296,107.6779818,59,Moderate,1,22.1,90,0.2,8.7,50,1017.9,95,12.7,15.8,420.0,4.6,80.0,4.7
2025-12-15 10:00:00,2025,12,15,10,Huế,Phường Phú Bài,16.409296,107.6779818,58,Moderate,1,23.2,81,0.1,10.7,49,1017.8,100,11.2,14.2,378.0,2.9,89.0,4.2
2025-12-15 11:00:00,2025,12,15,11,Huế,Phường Phú Bài,16.409296,107.6779818,57,Moderate,1,23.4,81,1.0,11.9,60,1017.2,98,12.4,15.3,358.0,2.2,95.0,3.7
2025-12-15 12:00:00,2025,12,15,12,Huế,Phường Phú Bài,16.409296,107.6779818,57,Moderate,1,24.5,76,3.1,12.7,60,1016.1,93,12.3,15.4,347.0,2.1,98.0,3.2
2025-12-15 13:00:00,2025,12,15,13,Huế,Phường Phú Bài,16.409296,107.6779818,56,Moderate,1,23.8,76,2.8,12.7,46,1015.4,100,13.0,16.0,342.0,2.1,101.0,2.8
2025-12-15 14:00:00,2025,12,15,14,Huế,Phường Phú Bài,16.409296,107.6779818,56,Moderate,1,23.0,83,1.3,12.1,35,1014.7,99,14.6,17.9,343.0,2.1,104.0,2.6
2025-12-15 15:00:00,2025,12,15,15,Huế,Phường Phú Bài,16.409296,107.6779818,55,Moderate,1,23.1,80,0.5,10.4,32,1014.6,100,15.0,18.4,350.0,2.2,105.0,2.5
2025-12-15 16:00:00,2025,12,15,16,Huế,Phường Phú Bài,16.409296,107.6779818,55,Moderate,1,22.7,81,0.2,9.6,49,1014.6,100,14.9,18.3,355.0,3.0,104.0,2.6
2025-12-15 17:00:00,2025,12,15,17,Huế,Phường Phú Bài,16.409296,107.6779818,55,Moderate,1,22.2,83,0.1,6.6,69,1014.9,100,15.2,17.8,357.0,5.1,98.0,3.1
2025-12-15 18:00:00,2025,12,15,18,Huế,Phường Phú Bài,16.409296,107.6779818,55,Moderate,1,21.8,85,0.2,7.9,93,1015.4,100,16.0,18.8,358.0,7.9,89.0,3.8
2025-12-15 19:00:00,2025,12,15,19,Huế,Phường Phú Bài,16.409296,107.6779818,54,Moderate,1,21.2,93,0.3,4.3,132,1015.9,97,18.3,21.3,356.0,11.5,78.0,4.9
2025-12-15 20:00:00,2025,12,15,20,Huế,Phường Phú Bài,16.409296,107.6779818,55,Moderate,1,21.2,94,0.0,3.6,180,1016.4,100,18.0,21.1,349.0,10.9,77.0,4.9
2025-12-15 21:00:00,2025,12,15,21,Huế,Phường Phú Bài,16.409296,107.6779818,55,Moderate,1,20.9,97,0.1,3.5,208,1016.8,100,17.3,20.5,338.0,10.0,76.0,4.9
2025-12-15 22:00:00,2025,12,15,22,Huế,Phường Phú Bài,16.409296,107.6779818,55,Moderate,1,20.8,98,0.1,2.3,247,1016.7,100,16.9,19.8,325.0,9.3,74.0,4.7
2025-12-15 23:00:00,2025,12,15,23,Huế,Phường Phú Bài,16.409296,107.6779818,55,Moderate,1,20.8,100,0.1,2.8,281,1016.5,98,15.7,18.7,309.0,8.9,71.0,4.3
2025-12-16 00:00:00,2025,12,16,0,Huế,Phường Phú Bài,16.409296,107.6779818,56,Moderate,1,20.7,99,0.1,3.7,284,1016.1,100,14.1,17.0,291.0,8.5,67.0,3.8
2025-12-16 01:00:00,2025,12,16,1,Huế,Phường Phú Bài,16.409296,107.6779818,55,Moderate,1,20.5,98,0.2,4.9,287,1015.9,100,13.4,16.3,278.0,8.1,65.0,3.4
2025-12-16 02:00:00,2025,12,16,2,Huế,Phường Phú Bài,16.409296,107.6779818,55,Moderate,1,20.3,99,0.2,5.4,272,1015.1,100,12.3,15.3,269.0,7.2,66.0,3.3
2025-12-16 03:00:00,2025,12,16,3,Huế,Phường Phú Bài,16.409296,107.6779818,55,Moderate,1,20.2,99,0.7,6.8,245,1014.5,100,11.7,14.8,265.0,6.2,68.0,3.3
2025-12-16 04:00:00,2025,12,16,4,Huế,Phường Phú Bài,16.409296,107.6779818,55,Moderate,1,20.1,99,1.3,7.4,229,1014.6,100,11.0,14.1,271.0,6.0,69.0,3.5
2025-12-16 05:00:00,2025,12,16,5,Huế,Phường Phú Bài,16.409296,107.6779818,55,Moderate,1,20.0,100,0.9,8.3,236,1014.7,100,10.4,13.5,299.0,7.4,68.0,4.2
2025-12-16 06:00:00,2025,12,16,6,Huế,Phường Phú Bài,16.409296,107.6779818,54,Moderate,1,19.9,99,0.4,8.4,242,1014.7,100,11.1,14.3,336.0,9.6,67.0,5.1
2025-12-16 07:00:00,2025,12,16,7,Huế,Phường Phú Bài,16.409296,107.6779818,54,Moderate,1,20.5,99,1.0,5.2,229,1015.3,100,12.2,15.3,356.0,9.7,69.0,5.2
2025-12-16 08:00:00,2025,12,16,8,Huế,Phường Phú Bài,16.409296,107.6779818,54,Moderate,1,21.0,98,0.6,5.2,236,1015.9,100,11.7,14.9,340.0,8.2,75.0,5.2
2025-12-16 09:00:00,2025,12,16,9,Huế,Phường Phú Bài,16.409296,107.6779818,54,Moderate,1,22.1,93,0.4,4.6,225,1016.3,100,11.8,15.3,306.0,6.1,82.0,5.1
2025-12-16 10:00:00,2025,12,16,10,Huế,Phường Phú Bài,16.409296,107.6779818,54,Moderate,1,23.2,90,0.2,1.1,198,1016.2,100,12.2,15.9,277.0,4.3,88.0,4.7
2025-12-16 11:00:00,2025,12,16,11,Huế,Phường Phú Bài,16.409296,107.6779818,54,Moderate,1,24.7,80,0.3,6.9,53,1015.7,100,9.4,12.5,261.0,3.1,91.0,3.7
2025-12-16 12:00:00,2025,12,16,12,Huế,Phường Phú Bài,16.409296,107.6779818,54,Moderate,1,22.7,90,2.2,10.8,57,1014.8,100,8.1,10.8,251.0,2.1,92.0,2.5
2025-12-16 13:00:00,2025,12,16,13,Huế,Phường Phú Bài,16.409296,107.6779818,53,Moderate,1,23.9,86,0.3,9.5,54,1013.8,77,8.5,11.4,244.0,1.8,91.0,1.7
2025-12-16 14:00:00,2025,12,16,14,Huế,Phường Phú Bài,16.409296,107.6779818,53,Moderate,1,24.9,77,0.1,12.7,54,1013.2,95,9.6,12.7,240.0,2.2,88.0,1.6
2025-12-16 15:00:00,2025,12,16,15,Huế,Phường Phú Bài,16.409296,107.6779818,52,Moderate,1,24.0,80,0.2,14.3,62,1013.2,63,10.0,13.4,241.0,3.2,83.0,2.0
2025-12-16 16:00:00,2025,12,16,16,Huế,Phường Phú Bài,16.409296,107.6779818,52,Moderate,1,23.6,84,0.5,12.3,68,1013.6,63,9.7,12.5,245.0,4.7,77.0,2.5
2025-12-16 17:00:00,2025,12,16,17,Huế,Phường Phú Bài,16.409296,107.6779818,51,Moderate,1,23.0,86,0.1,10.4,75,1014.3,78,10.9,13.6,256.0,7.1,71.0,3.1
2025-12-16 18:00:00,2025,12,16,18,Huế,Phường Phú Bài,16.409296,107.6779818,51,Moderate,1,22.4,89,0.0,6.9,76,1014.7,91,12.3,15.0,270.0,10.1,64.0,3.9
2025-12-16 19:00:00,2025,12,16,19,Huế,Phường Phú Bài,16.409296,107.6779818,51,Moderate,1,22.6,88,0.1,7.9,74,1015.2,95,12.2,14.9,282.0,11.7,59.0,4.4
2025-12-16 20:00:00,2025,12,16,20,Huế,Phường Phú Bài,16.409296,107.6779818,50,Good,0,22.5,89,0.1,6.1,78,1015.9,72,13.8,16.5,288.0,13.9,55.0,5.8
2025-12-16 21:00:00,2025,12,16,21,Huế,Phường Phú Bài,16.409296,107.6779818,50,Good,0,22.1,92,0.0,4.2,102,1015.9,100,15.3,18.1,291.0,16.8,49.0,7.6
2025-12-16 22:00:00,2025,12,16,22,Huế,Phường Phú Bài,16.409296,107.6779818,49,Good,0,21.8,94,0.1,5.2,78,1015.9,83,18.3,21.0,290.0,18.2,45.0,8.5
2025-12-16 23:00:00,2025,12,16,23,Huế,Phường Phú Bài,16.409296,107.6779818,50,Good,0,21.6,96,0.1,4.1,52,1015.8,34,18.7,21.6,286.0,16.9,46.0,7.7
2025-12-17 00:00:00,2025,12,17,0,Huế,Phường Phú Bài,16.409296,107.6779818,50,Good,0,21.5,97,0.1,2.9,47,1015.6,100,17.5,20.5,279.0,14.2,49.0,6.1
2025-12-17 01:00:00,2025,12,17,1,Huế,Phường Phú Bài,16.409296,107.6779818,50,Good,0,21.4,97,0.0,2.2,336,1015.4,100,15.4,18.7,269.0,11.4,53.0,4.7
2025-12-17 02:00:00,2025,12,17,2,Huế,Phường Phú Bài,16.409296,107.6779818,51,Moderate,1,21.2,98,0.2,3.4,276,1014.8,100,12.8,16.0,251.0,8.9,59.0,4.1
2025-12-17 03:00:00,2025,12,17,3,Huế,Phường Phú Bài,16.409296,107.6779818,51,Moderate,1,21.1,99,0.4,4.4,279,1014.4,100,11.4,14.6,230.0,6.3,67.0,3.8
2025-12-17 04:00:00,2025,12,17,4,Huế,Phường Phú Bài,16.409296,107.6779818,51,Moderate,1,21.3,98,0.7,2.8,259,1014.3,100,10.5,13.9,221.0,4.7,73.0,3.6
2025-12-17 05:00:00,2025,12,17,5,Huế,Phường Phú Bài,16.409296,107.6779818,51,Moderate,1,21.5,97,0.8,1.1,252,1014.7,100,9.6,12.8,239.0,4.7,75.0,3.6
2025-12-17 06:00:00,2025,12,17,6,Huế,Phường Phú Bài,16.409296,107.6779818,50,Good,0,21.6,98,0.7,2.0,135,1015.1,100,9.9,13.1,270.0,5.6,74.0,3.8
2025-12-17 07:00:00,2025,12,17,7,Huế,Phường Phú Bài,16.409296,107.6779818,50,Good,0,21.9,97,0.7,4.8,105,1015.9,100,10.7,13.7,286.0,7.2,70.0,4.0
2025-12-17 08:00:00,2025,12,17,8,Huế,Phường Phú Bài,16.409296,107.6779818,50,Good,0,22.3,97,0.5,6.3,77,1016.7,100,10.9,14.3,269.0,6.3,73.0,3.6
2025-12-17 09:00:00,2025,12,17,9,Huế,Phường Phú Bài,16.409296,107.6779818,50,Good,0,22.6,96,0.7,10.4,75,1017.3,100,10.9,14.3,236.0,5.0,78.0,3.1
2025-12-17 10:00:00,2025,12,17,10,Huế,Phường Phú Bài,16.409296,107.6779818,50,Good,0,23.1,95,1.1,12.5,78,1017.3,100,10.5,13.9,214.0,4.0,83.0,2.6
2025-12-17 11:00:00,2025,12,17,11,Huế,Phường Phú Bài,16.409296,107.6779818,50,Good,0,23.9,87,5.8,18.0,76,1016.7,96,10.6,14.3,213.0,3.4,87.0,2.3
2025-12-17 12:00:00,2025,12,17,12,Huế,Phường Phú Bài,16.409296,107.6779818,50,Good,0,23.6,87,14.4,20.0,72,1015.8,96,10.0,13.5,223.0,3.2,91.0,2.1
2025-12-17 13:00:00,2025,12,17,13,Huế,Phường Phú Bài,16.409296,107.6779818,50,Good,0,23.3,87,6.0,17.4,71,1015.2,100,10.1,13.7,232.0,3.3,93.0,2.1
2025-12-17 14:00:00,2025,12,17,14,Huế,Phường Phú Bài,16.409296,107.6779818,50,Good,0,24.0,78,0.1,15.6,71,1014.8,100,10.3,13.9,236.0,3.9,93.0,2.4
2025-12-17 15:00:00,2025,12,17,15,Huế,Phường Phú Bài,16.409296,107.6779818,50,Good,0,23.8,78,0.1,15.9,75,1014.7,100,10.2,13.3,240.0,5.0,91.0,3.0
2025-12-17 16:00:00,2025,12,17,16,Huế,Phường Phú Bài,16.409296,107.6779818,50,Good,0,23.5,79,0.2,13.1,74,1015.0,100,11.6,15.4,246.0,6.4,89.0,3.6
2025-12-17 17:00:00,2025,12,17,17,Huế,Phường Phú Bài,16.409296,107.6779818,51,Moderate,1,22.5,86,0.4,10.9,81,1015.5,100,12.9,16.5,255.0,8.7,85.0,4.4
2025-12-17 18:00:00,2025,12,17,18,Huế,Phường Phú Bài,16.409296,107.6779818,51,Moderate,1,22.4,88,0.1,9.4,114,1016.2,100,14.7,18.6,267.0,11.5,80.0,5.4
2025-12-17 19:00:00,2025,12,17,19,Huế,Phường Phú Bài,16.409296,107.6779818,51,Moderate,1,22.5,84,0.3,11.2,109,1017.2,100,11.8,14.4,281.0,11.5,74.0,5.2
2025-12-17 20:00:00,2025,12,17,20,Huế,Phường Phú Bài,16.409296,107.6779818,51,Moderate,1,22.2,86,0.1,8.9,137,1017.7,100,13.6,16.6,300.0,12.4,70.0,5.8
2025-12-17 21:00:00,2025,12,17,21,Huế,Phường Phú Bài,16.409296,107.6779818,51,Moderate,1,22.1,88,0.0,5.2,194,1018.0,100,17.2,20.7,321.0,13.6,65.0,6.7
2025-12-17 22:00:00,2025,12,17,22,Huế,Phường Phú Bài,16.409296,107.6779818,51,Moderate,1,21.6,91,0.0,4.7,220,1017.7,100,18.2,21.5,338.0,14.4,60.0,7.1
2025-12-17 23:00:00,2025,12,17,23,Huế,Phường Phú Bài,16.409296,107.6779818,51,Moderate,1,21.2,95,0.1,3.6,243,1017.5,98,19.0,22.3,350.0,14.6,54.0,6.6
2025-12-18 00:00:00,2025,12,18,0,Huế,Phường Phú Bài,16.409296,107.6779818,51,Moderate,1,20.9,98,0.0,4.3,248,1017.0,96,18.1,21.1,357.0,14.4,49.0,5.8
2025-12-18 01:00:00,2025,12,18,1,Huế,Phường Phú Bài,16.409296,107.6779818,51,Moderate,1,21.5,90,0.2,0.9,217,1016.6,80,17.3,20.1,360.0,14.1,45.0,5.2
2025-12-18 02:00:00,2025,12,18,2,Huế,Phường Phú Bài,16.409296,107.6779818,51,Moderate,1,20.8,92,0.1,2.6,164,1016.0,63,17.0,19.6,351.0,13.5,44.0,5.2
2025-12-18 03:00:00,2025,12,18,3,Huế,Phường Phú Bài,16.409296,107.6779818,52,Moderate,1,20.1,95,0.1,4.0,177,1015.6,70,17.2,19.9,337.0,12.8,46.0,5.5
2025-12-18 04:00:00,2025,12,18,4,Huế,Phường Phú Bài,16.409296,107.6779818,52,Moderate,1,19.4,97,0.0,3.4,198,1015.7,91,17.8,21.0,337.0,12.7,50.0,6.3
2025-12-18 05:00:00,2025,12,18,5,Huế,Phường Phú Bài,16.409296,107.6779818,53,Moderate,1,19.4,97,0.0,2.4,216,1016.0,88,19.0,22.8,372.0,14.2,58.0,8.4
2025-12-18 06:00:00,2025,12,18,6,Huế,Phường Phú Bài,16.409296,107.6779818,54,Moderate,1,19.2,97,0.0,3.4,205,1016.4,96,20.7,24.7,422.0,16.2,68.0,11.1
2025-12-18 07:00:00,2025,12,18,7,Huế,Phường Phú Bài,16.409296,107.6779818,55,Moderate,1,19.5,98,0.0,5.3,235,1016.7,100,27.5,32.2,446.0,16.5,79.0,11.5
2025-12-18 08:00:00,2025,12,18,8,Huế,Phường Phú Bài,16.409296,107.6779818,56,Moderate,1,22.3,89,0.0,5.3,225,1017.3,99,22.4,27.3,420.0,12.4,91.0,9.8
2025-12-18 09:00:00,2025,12,18,9,Huế,Phường Phú Bài,16.409296,107.6779818,57,Moderate,1,24.2,76,0.2,2.2,35,1017.5,57,20.7,25.3,367.0,6.7,107.0,7.5
2025-12-18 10:00:00,2025,12,18,10,Huế,Phường Phú Bài,16.409296,107.6779818,58,Moderate,1,25.6,64,0.0,8.9,40,1017.4,46,19.5,23.9,323.0,2.5,119.0,5.6
2025-12-18 11:00:00,2025,12,18,11,Huế,Phường Phú Bài,16.409296,107.6779818,59,Moderate,1,26.4,60,0.0,10.7,40,1016.6,40,26.0,32.2,298.0,1.1,122.0,4.5
2025-12-18 12:00:00,2025,12,18,12,Huế,Phường Phú Bài,16.409296,107.6779818,60,Moderate,1,26.5,60,0.0,10.9,36,1015.4,99,18.4,22.5,281.0,1.2,120.0,3.9
2025-12-18 13:00:00,2025,12,18,13,Huế,Phường Phú Bài,16.409296,107.6779818,61,Moderate,1,26.5,61,0.0,13.4,35,1014.5,82,17.9,21.8,269.0,1.5,117.0,3.4
2025-12-18 14:00:00,2025,12,18,14,Huế,Phường Phú Bài,16.409296,107.6779818,62,Moderate,1,25.5,66,0.0,12.6,36,1013.8,28,17.8,21.8,260.0,1.4,116.0,3.0
2025-12-18 15:00:00,2025,12,18,15,Huế,Phường Phú Bài,16.409296,107.6779818,62,Moderate,1,25.0,69,0.0,11.9,35,1013.4,56,17.2,21.0,256.0,1.6,114.0,2.8
2025-12-18 16:00:00,2025,12,18,16,Huế,Phường Phú Bài,16.409296,107.6779818,63,Moderate,1,24.0,75,0.2,10.9,33,1013.7,27,16.8,20.4,263.0,2.4,111.0,2.9
2025-12-18 17:00:00,2025,12,18,17,Huế,Phường Phú Bài,16.409296,107.6779818,64,Moderate,1,23.0,80,0.1,6.5,34,1013.8,29,16.9,20.3,291.0,4.2,104.0,3.4
2025-12-18 18:00:00,2025,12,18,18,Huế,Phường Phú Bài,16.409296,107.6779818,64,Moderate,1,21.8,86,0.2,4.5,53,1014.3,99,17.8,21.0,329.0,6.7,94.0,4.2
2025-12-18 19:00:00,2025,12,18,19,Huế,Phường Phú Bài,16.409296,107.6779818,64,Moderate,1,21.6,92,0.1,4.1,360,1015.1,41,21.5,25.3,358.0,12.1,85.0,6.9
2025-12-18 20:00:00,2025,12,18,20,Huế,Phường Phú Bài,16.409296,107.6779818,65,Moderate,1,21.9,93,0.2,1.4,320,1015.4,32,23.3,27.5,369.0,12.7,85.0,8.0
2025-12-18 21:00:00,2025,12,18,21,Huế,Phường Phú Bài,16.409296,107.6779818,66,Moderate,1,21.5,95,0.0,1.9,229,1015.5,59,24.2,28.5,370.0,13.5,84.0,9.5
2025-12-18 22:00:00,2025,12,18,22,Huế,Phường Phú Bài,16.409296,107.6779818,66,Moderate,1,21.0,99,0.0,6.5,212,1015.4,100,25.3,29.9,360.0,14.5,81.0,10.7
2025-12-18 23:00:00,2025,12,18,23,Huế,Phường Phú Bài,16.409296,107.6779818,67,Moderate,1,21.0,98,0.0,7.7,211,1015.2,100,26.7,31.4,330.0,16.0,75.0,11.3
2025-12-19 00:00:00,2025,12,19,0,Huế,Phường Phú Bài,16.409296,107.6779818,68,Moderate,1,20.9,97,0.0,6.7,207,1014.7,54,27.8,32.5,288.0,17.7,67.0,11.6
2025-12-19 01:00:00,2025,12,19,1,Huế,Phường Phú Bài,16.409296,107.6779818,69,Moderate,1,20.5,98,0.0,3.9,214,1014.1,100,28.9,33.5,260.0,18.6,59.0,11.5
2025-12-19 02:00:00,2025,12,19,2,Huế,Phường Phú Bài,16.409296,107.6779818,70,Moderate,1,20.9,97,0.0,2.4,216,1013.3,100,30.4,34.9,249.0,18.3,52.0,10.6
2025-12-19 03:00:00,2025,12,19,3,Huế,Phường Phú Bài,16.409296,107.6779818,71,Moderate,1,21.0,96,0.0,2.1,255,1013.0,100,31.9,36.6,252.0,17.4,45.0,9.3
2025-12-19 04:00:00,2025,12,19,4,Huế,Phường Phú Bài,16.409296,107.6779818,72,Moderate,1,21.0,98,0.1,3.6,290,1013.1,97,31.2,35.4,280.0,16.2,43.0,8.5
2025-12-19 05:00:00,2025,12,19,5,Huế,Phường Phú Bài,16.409296,107.6779818,73,Moderate,1,20.8,99,0.3,4.9,298,1013.4,96,29.5,32.4,362.0,15.0,47.0,8.8
2025-12-19 06:00:00,2025,12,19,6,Huế,Phường Phú Bài,16.409296,107.6779818,74,Moderate,1,20.6,98,0.0,4.5,272,1013.8,47,27.0,29.8,468.0,13.7,56.0,9.7
2025-12-19 07:00:00,2025,12,19,7,Huế,Phường Phú Bài,16.409296,107.6779818,75,Moderate,1,20.8,95,0.0,5.1,306,1014.5,84,25.4,30.2,527.0,12.1,77.0,11.7
2025-12-19 08:00:00,2025,12,19,8,Huế,Phường Phú Bài,16.409296,107.6779818,75,Moderate,1,22.0,90,0.0,6.2,292,1015.3,64,26.8,32.6,492.0,9.7,88.0,10.5
2025-12-19 09:00:00,2025,12,19,9,Huế,Phường Phú Bài,16.409296,107.6779818,75,Moderate,1,23.2,83,0.3,7.3,353,1015.4,52,22.6,27.2,408.0,6.5,103.0,8.8
2025-12-19 10:00:00,2025,12,19,10,Huế,Phường Phú Bài,16.409296,107.6779818,75,Moderate,1,24.1,78,0.4,7.7,16,1015.0,85,20.5,23.5,342.0,4.0,114.0,7.4
2025-12-19 11:00:00,2025,12,19,11,Huế,Phường Phú Bài,16.409296,107.6779818,75,Moderate,1,25.0,74,0.3,8.1,18,1014.2,51,20.1,22.8,318.0,3.0,118.0,6.5
2025-12-19 12:00:00,2025,12,19,12,Huế,Phường Phú Bài,16.409296,107.6779818,75,Moderate,1,25.5,71,0.3,8.8,20,1013.0,100,19.5,22.0,312.0,2.8,118.0,5.9
2025-12-19 13:00:00,2025,12,19,13,Huế,Phường Phú Bài,16.409296,107.6779818,75,Moderate,1,25.0,73,0.1,10.0,14,1012.1,50,20.5,23.1,312.0,2.8,118.0,5.6
2025-12-19 14:00:00,2025,12,19,14,Huế,Phường Phú Bài,16.409296,107.6779818,75,Moderate,1,25.2,71,0.0,9.7,15,1011.3,100,21.6,24.3,312.0,2.7,121.0,5.7
2025-12-19 15:00:00,2025,12,19,15,Huế,Phường Phú Bài,16.409296,107.6779818,75,Moderate,1,24.9,71,0.0,10.4,14,1011.0,100,22.1,24.9,320.0,2.9,123.0,6.1
2025-12-19 16:00:00,2025,12,19,16,Huế,Phường Phú Bài,16.409296,107.6779818,76,Moderate,1,24.0,75,0.0,10.4,18,1011.0,100,23.2,26.3,346.0,4.0,122.0,6.7
2025-12-19 17:00:00,2025,12,19,17,Huế,Phường Phú Bài,16.409296,107.6779818,76,Moderate,1,23.0,79,0.0,7.2,18,1011.3,100,24.6,27.8,400.0,6.6,113.0,7.4
2025-12-19 18:00:00,2025,12,19,18,Huế,Phường Phú Bài,16.409296,107.6779818,77,Moderate,1,22.5,83,0.0,3.9,22,1011.9,95,27.2,30.3,472.0,10.1,101.0,8.3
2025-12-19 19:00:00,2025,12,19,19,Huế,Phường Phú Bài,16.409296,107.6779818,78,Moderate,1,21.5,89,0.0,1.5,339,1012.4,48,29.3,33.5,547.0,16.6,92.0,11.3
2025-12-19 20:00:00,2025,12,19,20,Huế,Phường Phú Bài,16.409296,107.6779818,79,Moderate,1,21.2,91,0.0,2.5,270,1012.7,98,30.2,34.6,643.0,16.9,90.0,12.1
2025-12-19 21:00:00,2025,12,19,21,Huế,Phường Phú Bài,16.409296,107.6779818,79,Moderate,1,21.4,91,0.0,2.2,235,1012.7,46,32.7,37.0,741.0,17.2,86.0,13.2
2025-12-19 22:00:00,2025,12,19,22,Huế,Phường Phú Bài,16.409296,107.6779818,80,Moderate,1,20.8,94,0.0,2.8,235,1012.6,99,34.6,39.1,778.0,17.6,82.0,13.9
2025-12-19 23:00:00,2025,12,19,23,Huế,Phường Phú Bài,16.409296,107.6779818,81,Moderate,1,20.6,95,0.0,3.6,243,1012.4,100,35.2,39.9,697.0,18.2,75.0,14.0
2025-12-20 00:00:00,2025,12,20,0,Huế,Phường Phú Bài,16.409296,107.6779818,81,Moderate,1,20.8,94,0.0,4.6,234,1012.3,100,36.4,40.3,553.0,18.8,67.0,13.6
2025-12-20 01:00:00,2025,12,20,1,Huế,Phường Phú Bài,16.409296,107.6779818,82,Moderate,1,20.6,94,0.0,4.8,228,1012.4,100,38.1,41.0,448.0,18.5,62.0,13.1
2025-12-20 02:00:00,2025,12,20,2,Huế,Phường Phú Bài,16.409296,107.6779818,83,Moderate,1,21.1,92,0.0,6.3,252,1012.0,100,36.3,39.2,424.0,16.5,62.0,12.2
2025-12-20 03:00:00,2025,12,20,3,Huế,Phường Phú Bài,16.409296,107.6779818,84,Moderate,1,21.3,89,0.0,5.3,252,1011.7,100,34.5,37.4,437.0,13.6,64.0,11.0
2025-12-20 04:00:00,2025,12,20,4,Huế,Phường Phú Bài,16.409296,107.6779818,84,Moderate,1,21.2,91,0.1,5.2,266,1011.5,100,32.6,35.3,460.0,11.6,66.0,10.3
2025-12-20 05:00:00,2025,12,20,5,Huế,Phường Phú Bài,16.409296,107.6779818,84,Moderate,1,21.0,93,0.0,5.8,261,1012.0,100,30.0,32.5,494.0,11.7,66.0,10.5
2025-12-20 06:00:00,2025,12,20,6,Huế,Phường Phú Bài,16.409296,107.6779818,84,Moderate,1,20.7,95,0.1,4.5,254,1012.5,69,29.6,31.9,538.0,12.8,66.0,11.2
2025-12-20 07:00:00,2025,12,20,7,Huế,Phường Phú Bài,16.409296,107.6779818,84,Moderate,1,20.6,98,0.2,5.9,239,1013.4,93,25.1,27.6,555.0,12.5,74.0,10.2
2025-12-20 08:00:00,2025,12,20,8,Huế,Phường Phú Bài,16.409296,107.6779818,84,Moderate,1,21.6,94,0.0,5.6,264,1014.4,100,18.9,21.1,527.0,10.8,79.0,9.4
2025-12-20 09:00:00,2025,12,20,9,Huế,Phường Phú Bài,16.409296,107.6779818,83,Moderate,1,22.6,88,0.5,5.8,290,1014.7,99,16.1,18.7,472.0,8.4,87.0,8.2
2025-12-20 10:00:00,2025,12,20,10,Huế,Phường Phú Bài,16.409296,107.6779818,83,Moderate,1,23.3,85,0.3,3.1,353,1014.5,100,15.9,19.1,413.0,6.2,93.0,6.8
2025-12-20 11:00:00,2025,12,20,11,Huế,Phường Phú Bài,16.409296,107.6779818,82,Moderate,1,24.2,81,0.2,7.5,24,1013.9,100,12.6,15.1,347.0,4.4,96.0,5.1
2025-12-20 12:00:00,2025,12,20,12,Huế,Phường Phú Bài,16.409296,107.6779818,82,Moderate,1,25.5,76,0.1,10.8,36,1012.9,87,10.2,12.1,276.0,2.8,97.0,3.1
2025-12-20 13:00:00,2025,12,20,13,Huế,Phường Phú Bài,16.409296,107.6779818,81,Moderate,1,25.2,76,0.0,12.5,32,1011.9,88,8.8,10.6,231.0,2.0,97.0,2.0
2025-12-20 14:00:00,2025,12,20,14,Huế,Phường Phú Bài,16.409296,107.6779818,80,Moderate,1,24.9,78,0.3,12.3,31,1011.3,91,9.6,11.7,229.0,2.1,96.0,2.1
2025-12-20 15:00:00,2025,12,20,15,Huế,Phường Phú Bài,16.409296,107.6779818,79,Moderate,1,24.9,75,0.2,13.4,33,1011.2,95,10.9,13.1,253.0,3.0,94.0,3.0
2025-12-20 16:00:00,2025,12,20,16,Huế,Phường Phú Bài,16.409296,107.6779818,78,Moderate,1,23.4,82,0.6,9.9,46,1011.7,82,11.8,14.4,279.0,4.6,90.0,4.0
2025-12-20 17:00:00,2025,12,20,17,Huế,Phường Phú Bài,16.409296,107.6779818,77,Moderate,1,23.2,85,0.4,6.9,49,1012.1,100,12.8,15.5,302.0,7.7,83.0,4.9
2025-12-20 18:00:00,2025,12,20,18,Huế,Phường Phú Bài,16.409296,107.6779818,76,Moderate,1,22.5,89,0.1,4.8,48,1012.6,75,14.9,17.5,327.0,11.4,75.0,5.9
2025-12-20 19:00:00,2025,12,20,19,Huế,Phường Phú Bài,16.409296,107.6779818,75,Moderate,1,22.1,89,0.1,2.2,81,1013.2,52,16.6,19.7,345.0,11.2,73.0,5.9
2025-12-20 20:00:00,2025,12,20,20,Huế,Phường Phú Bài,16.409296,107.6779818,74,Moderate,1,22.3,82,0.6,1.9,17,1013.8,73,16.6,19.7,358.0,10.6,74.0,6.2
2025-12-20 21:00:00,2025,12,20,21,Huế,Phường Phú Bài,16.409296,107.6779818,72,Moderate,1,22.4,87,0.4,2.6,282,1014.3,96,17.1,20.6,365.0,9.7,75.0,6.6
2025-12-20 22:00:00,2025,12,20,22,Huế,Phường Phú Bài,16.409296,107.6779818,71,Moderate,1,22.1,91,0.7,2.7,328,1014.3,100,17.0,20.5,352.0,8.7,76.0,6.7
2025-12-20 23:00:00,2025,12,20,23,Huế,Phường Phú Bài,16.409296,107.6779818,69,Moderate,1,22.0,95,0.5,2.8,342,1014.3,100,16.9,20.3,302.0,7.4,77.0,6.3
2025-12-21 00:00:00,2025,12,21,0,Huế,Phường Phú Bài,16.409296,107.6779818,68,Moderate,1,21.8,96,0.3,2.4,283,1014.2,96,15.3,18.5,231.0,6.1,78.0,5.6
2025-12-21 01:00:00,2025,12,21,1,Huế,Phường Phú Bài,16.409296,107.6779818,66,Moderate,1,21.4,95,0.5,4.8,248,1013.7,91,15.4,18.6,180.0,5.0,78.0,5.0
2025-12-21 02:00:00,2025,12,21,2,Huế,Phường Phú Bài,16.409296,107.6779818,64,Moderate,1,21.1,97,0.0,6.1,267,1013.1,92,14.8,18.0,162.0,4.4,78.0,4.7
2025-12-21 03:00:00,2025,12,21,3,Huế,Phường Phú Bài,16.409296,107.6779818,62,Moderate,1,20.6,98,0.1,5.1,243,1013.1,100,14.3,17.3,162.0,4.1,78.0,4.5
2025-12-21 04:00:00,2025,12,21,4,Huế,Phường Phú Bài,16.409296,107.6779818,60,Moderate,1,20.8,98,0.3,4.2,275,1013.2,100,14.0,16.9,181.0,4.3,77.0,4.5
2025-12-21 05:00:00,2025,12,21,5,Huế,Phường Phú Bài,16.409296,107.6779818,59,Moderate,1,20.8,98,0.1,5.7,294,1013.4,100,13.3,16.0,233.0,5.4,75.0,4.9
2025-12-21 06:00:00,2025,12,21,6,Huế,Phường Phú Bài,16.409296,107.6779818,57,Moderate,1,20.8,97,0.5,7.0,318,1013.9,100,12.6,14.6,303.0,6.9,73.0,5.6
2025-12-21 07:00:00,2025,12,21,7,Huế,Phường Phú Bài,16.409296,107.6779818,56,Moderate,1,21.6,98,0.6,6.0,321,1014.3,100,11.1,13.0,344.0,7.5,69.0,4.6
2025-12-21 08:00:00,2025,12,21,8,Huế,Phường Phú Bài,16.409296,107.6779818,54,Moderate,1,22.1,98,0.4,5.4,276,1014.8,95,9.9,11.5,327.0,6.6,70.0,4.2
2025-12-21 09:00:00,2025,12,21,9,Huế,Phường Phú Bài,16.409296,107.6779818,54,Moderate,1,23.9,90,0.8,5.7,342,1015.7,96,8.7,10.4,281.0,5.4,71.0,3.6
2025-12-21 10:00:00,2025,12,21,10,Huế,Phường Phú Bài,16.409296,107.6779818,53,Moderate,1,23.6,89,2.2,9.7,25,1015.6,95,8.5,10.6,241.0,4.4,73.0,3.1
2025-12-21 11:00:00,2025,12,21,11,Huế,Phường Phú Bài,16.409296,107.6779818,52,Moderate,1,24.1,87,0.2,11.1,16,1015.1,100,7.6,9.9,220.0,3.7,75.0,2.7
2025-12-21 12:00:00,2025,12,21,12,Huế,Phường Phú Bài,16.409296,107.6779818,52,Moderate,1,24.1,84,0.9,16.9,29,1014.1,86,7.2,9.5,206.0,3.2,78.0,2.5
2025-12-21 13:00:00,2025,12,21,13,Huế,Phường Phú Bài,16.409296,107.6779818,52,Moderate,1,23.5,89,1.8,12.9,18,1013.5,97,7.8,10.3,200.0,3.2,79.0,2.3
2025-12-21 14:00:00,2025,12,21,14,Huế,Phường Phú Bài,16.409296,107.6779818,51,Moderate,1,23.2,90,1.7,14.8,10,1012.7,97,7.2,9.7,202.0,3.7,77.0,2.2
2025-12-21 15:00:00,2025,12,21,15,Huế,Phường Phú Bài,16.409296,107.6779818,51,Moderate,1,23.4,86,0.2,15.6,23,1012.5,100,7.0,9.5,212.0,4.7,74.0,2.3
2025-12-21 16:00:00,2025,12,21,16,Huế,Phường Phú Bài,16.409296,107.6779818,51,Moderate,1,22.5,91,0.3,7.8,355,1012.9,100,8.8,11.2,225.0,6.3,70.0,2.6
2025-12-21 17:00:00,2025,12,21,17,Huế,Phường Phú Bài,16.409296,107.6779818,51,Moderate,1,22.0,97,0.5,6.6,351,1013.1,100,11.2,14.1,244.0,9.3,64.0,3.4
2025-12-21 18:00:00,2025,12,21,18,Huế,Phường Phú Bài,16.409296,107.6779818,51,Moderate,1,21.9,96,0.5,7.0,26,1013.6,100,14.4,17.4,267.0,12.8,58.0,4.4
2025-12-21 19:00:00,2025,12,21,19,Huế,Phường Phú Bài,16.409296,107.6779818,50,Good,0,21.6,97,0.4,6.1,102,1014.1,54,11.4,14.3,277.0,7.9,72.0,3.9
2025-12-21 20:00:00,2025,12,21,20,Huế,Phường Phú Bài,16.409296,107.6779818,50,Good,0,21.8,97,0.7,5.2,68,1014.2,100,10.9,13.4,262.0,7.5,71.0,3.9
2025-12-21 21:00:00,2025,12,21,21,Huế,Phường Phú Bài,16.409296,107.6779818,49,Good,0,22.1,95,0.1,7.1,66,1014.5,100,11.4,14.1,235.0,7.0,70.0,3.8
2025-12-21 22:00:00,2025,12,21,22,Huế,Phường Phú Bài,16.409296,107.6779818,48,Good,0,21.6,97,0.7,11.1,74,1014.6,100,12.2,15.4,218.0,6.4,70.0,3.7
2025-12-21 23:00:00,2025,12,21,23,Huế,Phường Phú Bài,16.409296,107.6779818,47,Good,0,21.8,97,0.5,11.2,72,1014.5,80,11.6,15.1,224.0,5.6,71.0,3.5
2025-12-22 00:00:00,2025,12,22,0,Huế,Phường Phú Bài,16.409296,107.6779818,46,Good,0,22.0,93,0.3,12.8,59,1014.1,98,10.3,13.9,240.0,4.8,72.0,3.2
2025-12-22 01:00:00,2025,12,22,1,Huế,Phường Phú Bài,16.409296,107.6779818,45,Good,0,22.1,92,0.3,10.8,90,1013.9,58,9.5,13.1,251.0,4.2,74.0,3.0
2025-12-22 02:00:00,2025,12,22,2,Huế,Phường Phú Bài,16.409296,107.6779818,44,Good,0,21.5,97,0.8,8.6,80,1013.5,99,9.8,13.6,246.0,3.6,76.0,3.0
2025-12-22 03:00:00,2025,12,22,3,Huế,Phường Phú Bài,16.409296,107.6779818,44,Good,0,21.5,97,0.3,7.3,80,1013.2,100,9.6,13.1,235.0,3.3,78.0,3.1
2025-12-22 04:00:00,2025,12,22,4,Huế,Phường Phú Bài,16.409296,107.6779818,43,Good,0,21.4,95,0.2,11.3,97,1013.3,86,10.9,14.9,239.0,3.9,78.0,3.5
2025-12-22 05:00:00,2025,12,22,5,Huế,Phường Phú Bài,16.409296,107.6779818,42,Good,0,20.8,98,0.1,5.4,69,1013.8,72,11.8,15.9,279.0,6.7,74.0,4.5
2025-12-22 06:00:00,2025,12,22,6,Huế,Phường Phú Bài,16.409296,107.6779818,42,Good,0,20.1,98,0.2,0.5,270,1014.2,64,13.9,18.2,333.0,10.4,68.0,5.8
2025-12-22 07:00:00,2025,12,22,7,Huế,Phường Phú Bài,16.409296,107.6779818,42,Good,0,22.0,93,0.0,12.0,97,1014.7,48,13.1,16.2,357.0,9.9,62.0,4.9
2025-12-22 08:00:00,2025,12,22,8,Huế,Phường Phú Bài,16.409296,107.6779818,42,Good,0,22.9,89,1.1,11.7,93,1015.5,66,12.7,16.5,314.0,7.9,69.0,4.6
2025-12-22 09:00:00,2025,12,22,9,Huế,Phường Phú Bài,16.409296,107.6779818,43,Good,0,24.6,80,0.1,10.1,93,1015.9,45,13.0,17.2,240.0,5.1,79.0,4.1
2025-12-22 10:00:00,2025,12,22,10,Huế,Phường Phú Bài,16.409296,107.6779818,44,Good,0,26.3,72,0.0,13.4,85,1015.4,33,12.0,15.7,197.0,2.9,88.0,3.7
2025-12-22 11:00:00,2025,12,22,11,Huế,Phường Phú Bài,16.409296,107.6779818,44,Good,0,25.9,70,0.5,19.0,81,1014.9,84,12.2,15.8,222.0,1.9,94.0,3.4
2025-12-22 12:00:00,2025,12,22,12,Huế,Phường Phú Bài,16.409296,107.6779818,45,Good,0,26.2,70,0.8,18.5,79,1013.7,61,13.2,16.7,278.0,1.6,99.0,3.2
2025-12-22 13:00:00,2025,12,22,13,Huế,Phường Phú Bài,16.409296,107.6779818,46,Good,0,25.3,78,0.3,20.1,83,1012.6,45,14.2,17.8,321.0,1.6,101.0,3.0
2025-12-22 14:00:00,2025,12,22,14,Huế,Phường Phú Bài,16.409296,107.6779818,47,Good,0,24.5,78,0.5,21.2,90,1011.7,73,14.6,18.3,330.0,1.6,101.0,2.8
2025-12-22 15:00:00,2025,12,22,15,Huế,Phường Phú Bài,16.409296,107.6779818,49,Good,0,24.4,81,0.1,14.8,86,1011.2,93,15.1,18.6,325.0,1.8,100.0,2.7
2025-12-22 16:00:00,2025,12,22,16,Huế,Phường Phú Bài,16.409296,107.6779818,50,Good,0,24.5,80,0.0,17.1,90,1011.0,54,15.9,19.6,324.0,3.1,95.0,2.9
2025-12-22 17:00:00,2025,12,22,17,Huế,Phường Phú Bài,16.409296,107.6779818,51,Moderate,1,23.9,80,0.1,16.9,99,1011.3,69,16.5,19.6,334.0,6.3,85.0,3.7
2025-12-22 18:00:00,2025,12,22,18,Huế,Phường Phú Bài,16.409296,107.6779818,51,Moderate,1,22.8,85,0.0,11.5,104,1011.9,97,18.2,21.2,348.0,10.5,71.0,4.9
2025-12-22 19:00:00,2025,12,22,19,Huế,Phường Phú Bài,16.409296,107.6779818,51,Moderate,1,22.2,92,0.0,9.5,115,1012.5,74,19.4,23.2,365.0,9.7,68.0,4.8
2025-12-22 20:00:00,2025,12,22,20,Huế,Phường Phú Bài,16.409296,107.6779818,52,Moderate,1,22.8,91,0.0,10.2,104,1012.6,51,19.7,23.4,386.0,9.6,66.0,4.9
2025-12-22 21:00:00,2025,12,22,21,Huế,Phường Phú Bài,16.409296,107.6779818,53,Moderate,1,22.6,90,0.0,10.8,105,1012.6,27,17.9,21.3,409.0,9.4,64.0,4.9
2025-12-22 22:00:00,2025,12,22,22,Huế,Phường Phú Bài,16.409296,107.6779818,53,Moderate,1,22.0,92,0.0,8.3,114,1012.6,24,16.5,19.6,432.0,9.3,61.0,4.9
2025-12-22 23:00:00,2025,12,22,23,Huế,Phường Phú Bài,16.409296,107.6779818,54,Moderate,1,21.4,93,0.0,5.2,112,1012.5,21,15.1,17.8,459.0,9.2,58.0,4.6
2025-12-23 00:00:00,2025,12,23,0,Huế,Phường Phú Bài,16.409296,107.6779818,54,Moderate,1,20.9,94,0.0,2.2,166,1012.2,31,13.9,16.4,486.0,9.1,54.0,4.2
2025-12-23 01:00:00,2025,12,23,1,Huế,Phường Phú Bài,16.409296,107.6779818,54,Moderate,1,21.2,97,0.0,4.1,139,1012.0,33,11.5,13.6,495.0,8.9,51.0,3.9
2025-12-23 02:00:00,2025,12,23,2,Huế,Phường Phú Bài,16.409296,107.6779818,55,Moderate,1,21.2,97,0.0,4.4,159,1011.6,44,10.8,12.9,462.0,8.3,50.0,3.6
2025-12-23 03:00:00,2025,12,23,3,Huế,Phường Phú Bài,16.409296,107.6779818,55,Moderate,1,20.8,98,0.0,3.8,177,1011.2,38,10.1,12.1,412.0,7.5,49.0,3.4
2025-12-23 04:00:00,2025,12,23,4,Huế,Phường Phú Bài,16.409296,107.6779818,55,Moderate,1,20.4,98,0.0,3.2,199,1011.1,23,9.5,11.4,393.0,7.3,48.0,3.4
2025-12-23 05:00:00,2025,12,23,5,Huế,Phường Phú Bài,16.409296,107.6779818,55,Moderate,1,20.1,99,0.0,2.8,215,1011.7,21,9.5,11.3,454.0,8.5,44.0,3.9
2025-12-23 06:00:00,2025,12,23,6,Huế,Phường Phú Bài,16.409296,107.6779818,54,Moderate,1,19.8,99,0.0,3.3,221,1012.3,30,9.6,11.1,548.0,10.3,38.0,4.7
2025-12-23 07:00:00,2025,12,23,7,Huế,Phường Phú Bài,16.409296,107.6779818,54,Moderate,1,21.0,96,0.0,8.0,104,1013.1,23,11.7,13.4,581.0,9.2,47.0,4.6
2025-12-23 08:00:00,2025,12,23,8,Huế,Phường Phú Bài,16.409296,107.6779818,54,Moderate,1,23.7,88,0.0,8.5,102,1014.1,14,11.5,14.2,491.0,7.3,59.0,4.1
2025-12-23 09:00:00,2025,12,23,9,Huế,Phường Phú Bài,16.409296,107.6779818,54,Moderate,1,25.4,75,0.1,16.4,99,1014.2,23,10.3,13.3,341.0,4.7,76.0,3.4
2025-12-23 10:00:00,2025,12,23,10,Huế,Phường Phú Bài,16.409296,107.6779818,54,Moderate,1,26.5,68,0.0,16.7,97,1014.0,28,9.7,13.0,229.0,2.7,90.0,2.8
2025-12-23 11:00:00,2025,12,23,11,Huế,Phường Phú Bài,16.409296,107.6779818,53,Moderate,1,27.0,66,0.0,17.6,92,1013.2,22,10.2,13.9,201.0,1.8,97.0,2.5
2025-12-23 12:00:00,2025,12,23,12,Huế,Phường Phú Bài,16.409296,107.6779818,53,Moderate,1,27.2,64,0.0,18.9,87,1012.1,86,10.0,13.6,211.0,1.5,101.0,2.2
2025-12-23 13:00:00,2025,12,23,13,Huế,Phường Phú Bài,16.409296,107.6779818,53,Moderate,1,26.6,67,0.0,20.5,88,1011.0,63,10.0,13.7,222.0,1.4,103.0,2.1
2025-12-23 14:00:00,2025,12,23,14,Huế,Phường Phú Bài,16.409296,107.6779818,53,Moderate,1,26.6,70,0.4,20.2,87,1010.6,72,9.6,13.1,222.0,1.1,103.0,1.9
2025-12-23 15:00:00,2025,12,23,15,Huế,Phường Phú Bài,16.409296,107.6779818,52,Moderate,1,26.1,71,0.0,20.4,82,1010.1,76,9.2,12.5,223.0,1.1,100.0,1.7
2025-12-23 16:00:00,2025,12,23,16,Huế,Phường Phú Bài,16.409296,107.6779818,52,Moderate,1,25.4,76,0.0,18.2,81,1010.2,70,9.0,12.1,227.0,2.5,94.0,2.1
2025-12-23 17:00:00,2025,12,23,17,Huế,Phường Phú Bài,16.409296,107.6779818,51,Moderate,1,24.5,81,0.0,15.7,81,1011.0,39,9.1,11.8,234.0,6.3,83.0,3.3
2025-12-23 18:00:00,2025,12,23,18,Huế,Phường Phú Bài,16.409296,107.6779818,50,Good,0,23.6,85,0.0,14.2,91,1011.4,43,11.3,13.9,244.0,11.6,69.0,5.0
2025-12-23 19:00:00,2025,12,23,19,Huế,Phường Phú Bài,16.409296,107.6779818,49,Good,0,23.5,85,0.0,12.4,92,1012.3,85,13.7,16.8,255.0,12.9,59.0,5.5
2025-12-23 20:00:00,2025,12,23,20,Huế,Phường Phú Bài,16.409296,107.6779818,49,Good,0,23.4,85,0.0,8.9,98,1012.8,87,14.5,17.6,267.0,13.1,57.0,5.8
2025-12-23 21:00:00,2025,12,23,21,Huế,Phường Phú Bài,16.409296,107.6779818,48,Good,0,22.8,88,0.0,7.5,98,1012.9,91,14.9,17.8,280.0,13.4,53.0,6.2
2025-12-23 22:00:00,2025,12,23,22,Huế,Phường Phú Bài,16.409296,107.6779818,47,Good,0,22.3,90,0.0,5.2,117,1012.7,98,15.1,17.9,300.0,13.5,50.0,6.4
2025-12-23 23:00:00,2025,12,23,23,Huế,Phường Phú Bài,16.409296,107.6779818,47,Good,0,21.4,93,0.0,4.0,162,1012.7,91,15.4,18.2,338.0,13.2,48.0,6.2
2025-12-24 00:00:00,2025,12,24,0,Huế,Phường Phú Bài,16.409296,107.6779818,47,Good,0,20.5,95,0.0,3.1,211,1012.4,64,14.7,17.5,382.0,12.7,46.0,5.7
2025-12-24 01:00:00,2025,12,24,1,Huế,Phường Phú Bài,16.409296,107.6779818,47,Good,0,20.6,96,0.0,2.4,197,1011.9,77,14.5,17.3,405.0,12.2,45.0,5.3
2025-12-24 02:00:00,2025,12,24,2,Huế,Phường Phú Bài,16.409296,107.6779818,48,Good,0,20.0,98,0.0,3.2,207,1011.2,89,13.9,16.8,384.0,11.5,44.0,4.9
2025-12-24 03:00:00,2025,12,24,3,Huế,Phường Phú Bài,16.409296,107.6779818,48,Good,0,19.8,99,0.0,5.0,218,1011.1,96,14.1,16.9,341.0,10.7,42.0,4.5
2025-12-24 04:00:00,2025,12,24,4,Huế,Phường Phú Bài,16.409296,107.6779818,49,Good,0,19.2,99,0.0,6.0,224,1010.9,95,13.8,16.5,313.0,10.3,41.0,4.3
2025-12-24 05:00:00,2025,12,24,5,Huế,Phường Phú Bài,16.409296,107.6779818,50,Good,0,19.0,99,0.0,7.1,221,1011.0,96,13.2,15.6,325.0,10.8,38.0,4.6
2025-12-24 06:00:00,2025,12,24,6,Huế,Phường Phú Bài,16.409296,107.6779818,50,Good,0,19.1,98,0.0,6.0,219,1011.3,100,12.4,14.6,353.0,11.5,35.0,5.2
2025-12-24 07:00:00,2025,12,24,7,Huế,Phường Phú Bài,16.409296,107.6779818,50,Good,0,19.0,98,0.0,4.4,207,1012.1,100,13.9,15.5,360.0,12.8,42.0,6.2
2025-12-24 08:00:00,2025,12,24,8,Huế,Phường Phú Bài,16.409296,107.6779818,51,Moderate,1,22.5,86,0.0,4.1,180,1013.0,89,12.9,14.2,323.0,9.9,56.0,5.4
2025-12-24 09:00:00,2025,12,24,9,Huế,Phường Phú Bài,16.409296,107.6779818,51,Moderate,1,25.1,74,0.0,4.3,152,1013.1,17,10.9,14.3,265.0,5.8,76.0,4.4
2025-12-24 10:00:00,2025,12,24,10,Huế,Phường Phú Bài,16.409296,107.6779818,51,Moderate,1,26.7,67,0.1,9.8,96,1012.7,81,10.3,14.1,221.0,2.8,91.0,3.5
2025-12-24 11:00:00,2025,12,24,11,Huế,Phường Phú Bài,16.409296,107.6779818,51,Moderate,1,26.9,68,0.1,10.1,86,1012.3,20,10.9,14.8,206.0,1.7,98.0,3.1
2025-12-24 12:00:00,2025,12,24,12,Huế,Phường Phú Bài,16.409296,107.6779818,51,Moderate,1,27.2,67,0.1,11.1,74,1011.3,20,11.2,15.3,205.0,1.6,101.0,2.8
2025-12-24 13:00:00,2025,12,24,13,Huế,Phường Phú Bài,16.409296,107.6779818,51,Moderate,1,27.5,67,0.1,9.8,66,1010.2,30,10.6,14.5,205.0,1.7,101.0,2.7
2025-12-24 14:00:00,2025,12,24,14,Huế,Phường Phú Bài,16.409296,107.6779818,51,Moderate,1,26.8,70,0.1,12.4,71,1009.7,30,10.0,13.6,203.0,1.5,99.0,2.5
2025-12-24 15:00:00,2025,12,24,15,Huế,Phường Phú Bài,16.409296,107.6779818,51,Moderate,1,26.2,73,0.2,13.8,75,1009.4,33,9.5,12.9,203.0,1.6,96.0,2.5
2025-12-24 16:00:00,2025,12,24,16,Huế,Phường Phú Bài,16.409296,107.6779818,51,Moderate,1,25.3,79,0.0,15.1,72,1009.4,30,9.1,12.3,206.0,2.9,89.0,2.8
2025-12-24 17:00:00,2025,12,24,17,Huế,Phường Phú Bài,16.409296,107.6779818,51,Moderate,1,24.2,84,0.0,12.0,78,1009.9,21,9.0,12.0,211.0,6.7,78.0,3.8
2025-12-24 18:00:00,2025,12,24,18,Huế,Phường Phú Bài,16.409296,107.6779818,51,Moderate,1,23.2,89,0.0,7.5,82,1010.4,23,11.2,13.8,219.0,11.7,64.0,5.2
2025-12-24 19:00:00,2025,12,24,19,Huế,Phường Phú Bài,16.409296,107.6779818,51,Moderate,1,23.0,94,0.0,9.2,73,1011.0,20,13.7,16.6,232.0,13.4,59.0,6.0
2025-12-24 20:00:00,2025,12,24,20,Huế,Phường Phú Bài,16.409296,107.6779818,51,Moderate,1,23.0,94,0.0,6.2,82,1011.7,73,13.0,16.0,255.0,13.0,57.0,6.2
2025-12-24 21:00:00,2025,12,24,21,Huế,Phường Phú Bài,16.409296,107.6779818,51,Moderate,1,22.7,94,0.1,5.1,98,1011.9,100,13.0,16.1,283.0,12.4,55.0,6.4
2025-12-24 22:00:00,2025,12,24,22,Huế,Phường Phú Bài,16.409296,107.6779818,51,Moderate,1,22.8,92,0.3,3.3,119,1012.0,100,14.0,17.1,301.0,11.5,55.0,6.4
2025-12-24 23:00:00,2025,12,24,23,Huế,Phường Phú Bài,16.409296,107.6779818,51,Moderate,1,22.5,96,1.2,1.8,11,1012.3,98,13.3,16.3,304.0,10.0,57.0,5.9
2025-12-25 00:00:00,2025,12,25,0,Huế,Phường Phú Bài,16.409296,107.6779818,50,Good,0,21.9,100,0.6,2.8,310,1012.4,100,11.1,13.7,297.0,8.2,61.0,5.1
2025-12-25 01:00:00,2025,12,25,1,Huế,Phường Phú Bài,16.409296,107.6779818,50,Good,0,22.0,97,0.8,5.8,112,1012.1,100,9.4,11.9,282.0,6.6,66.0,4.4
2025-12-25 02:00:00,2025,12,25,2,Huế,Phường Phú Bài,16.409296,107.6779818,49,Good,0,21.8,98,0.3,4.4,128,1011.5,100,8.1,10.4,247.0,5.1,71.0,3.9
2025-12-25 03:00:00,2025,12,25,3,Huế,Phường Phú Bài,16.409296,107.6779818,48,Good,0,21.7,98,0.2,3.8,149,1011.3,100,7.4,9.6,202.0,3.9,77.0,3.4
2025-12-25 04:00:00,2025,12,25,4,Huế,Phường Phú Bài,16.409296,107.6779818,47,Good,0,21.9,97,0.2,0.9,233,1011.7,100,7.7,10.1,184.0,3.4,81.0,3.2
2025-12-25 05:00:00,2025,12,25,5,Huế,Phường Phú Bài,16.409296,107.6779818,46,Good,0,21.8,98,0.2,1.9,236,1012.0,96,8.3,10.9,219.0,4.3,81.0,3.4
2025-12-25 06:00:00,2025,12,25,6,Huế,Phường Phú Bài,16.409296,107.6779818,45,Good,0,21.7,98,0.2,2.8,252,1012.7,100,9.8,12.7,280.0,6.0,79.0,3.9
2025-12-25 07:00:00,2025,12,25,7,Huế,Phường Phú Bài,16.409296,107.6779818,45,Good,0,22.1,97,0.3,3.2,341,1013.7,100,13.9,17.6,317.0,8.2,72.0,4.7
2025-12-25 08:00:00,2025,12,25,8,Huế,Phường Phú Bài,16.409296,107.6779818,45,Good,0,23.0,90,0.3,5.5,46,1015.0,68,14.4,18.0,302.0,7.5,75.0,4.9
2025-12-25 09:00:00,2025,12,25,9,Huế,Phường Phú Bài,16.409296,107.6779818,45,Good,0,23.3,86,0.8,9.0,26,1015.5,89,14.6,18.8,262.0,6.5,79.0,5.2
2025-12-25 10:00:00,2025,12,25,10,Huế,Phường Phú Bài,16.409296,107.6779818,46,Good,0,23.8,86,1.6,8.1,43,1015.7,100,14.8,19.2,232.0,5.6,83.0,5.4
2025-12-25 11:00:00,2025,12,25,11,Huế,Phường Phú Bài,16.409296,107.6779818,47,Good,0,24.6,78,0.3,12.1,52,1015.3,100,15.3,19.3,224.0,4.9,85.0,5.4
2025-12-25 12:00:00,2025,12,25,12,Huế,Phường Phú Bài,16.409296,107.6779818,47,Good,0,23.5,86,1.2,15.7,43,1014.4,97,15.4,18.8,225.0,4.4,87.0,5.2
2025-12-25 13:00:00,2025,12,25,13,Huế,Phường Phú Bài,16.409296,107.6779818,48,Good,0,22.5,90,1.6,13.5,29,1013.6,100,15.3,18.9,229.0,4.3,88.0,5.1
2025-12-25 14:00:00,2025,12,25,14,Huế,Phường Phú Bài,16.409296,107.6779818,49,Good,0,22.2,94,3.2,12.5,23,1013.4,100,15.4,19.0,230.0,5.1,88.0,5.1
2025-12-25 15:00:00,2025,12,25,15,Huế,Phường Phú Bài,16.409296,107.6779818,50,Good,0,21.6,97,1.8,13.5,29,1013.5,100,16.6,20.1,234.0,6.4,87.0,5.2
2025-12-25 16:00:00,2025,12,25,16,Huế,Phường Phú Bài,16.409296,107.6779818,51,Moderate,1,21.7,96,0.9,14.2,21,1013.5,100,18.8,22.1,255.0,7.2,87.0,5.3
2025-12-25 17:00:00,2025,12,25,17,Huế,Phường Phú Bài,16.409296,107.6779818,51,Moderate,1,21.0,96,2.1,17.4,14,1014.4,100,21.7,25.1,311.0,7.2,90.0,5.4
2025-12-25 18:00:00,2025,12,25,18,Huế,Phường Phú Bài,16.409296,107.6779818,52,Moderate,1,20.8,96,1.9,15.7,5,1015.0,100,23.8,27.5,384.0,6.8,94.0,5.5
2025-12-25 19:00:00,2025,12,25,19,Huế,Phường Phú Bài,16.409296,107.6779818,54,Moderate,1,20.8,92,2.0,18.2,357,1016.3,100,19.3,22.5,430.0,6.4,78.0,5.4
2025-12-25 20:00:00,2025,12,25,20,Huế,Phường Phú Bài,16.409296,107.6779818,54,Moderate,1,20.4,95,0.6,15.3,351,1016.7,100,18.5,21.5,424.0,5.6,78.0,4.9
2025-12-25 21:00:00,2025,12,25,21,Huế,Phường Phú Bài,16.409296,107.6779818,55,Moderate,1,20.1,95,1.1,15.9,351,1017.0,100,17.0,20.0,392.0,4.4,79.0,4.3
2025-12-25 22:00:00,2025,12,25,22,Huế,Phường Phú Bài,16.409296,107.6779818,55,Moderate,1,20.1,94,0.8,11.3,346,1017.0,100,16.4,19.3,368.0,3.5,79.0,4.0
2025-12-25 23:00:00,2025,12,25,23,Huế,Phường Phú Bài,16.409296,107.6779818,55,Moderate,1,20.0,93,0.7,11.7,343,1017.0,100,16.7,19.7,365.0,3.1,79.0,4.1
2025-12-26 00:00:00,2025,12,26,0,Huế,Phường Phú Bài,16.409296,107.6779818,55,Moderate,1,19.8,94,1.3,12.3,352,1016.9,100,17.3,20.3,371.0,3.0,80.0,4.6
2025-12-26 01:00:00,2025,12,26,1,Huế,Phường Phú Bài,16.409296,107.6779818,56,Moderate,1,19.6,93,1.5,15.1,332,1016.8,100,18.2,21.3,376.0,3.0,80.0,5.1
2025-12-26 02:00:00,2025,12,26,2,Huế,Phường Phú Bài,16.409296,107.6779818,57,Moderate,1,19.5,95,1.3,14.9,338,1016.9,100,19.4,22.8,376.0,2.9,80.0,5.7
2025-12-26 03:00:00,2025,12,26,3,Huế,Phường Phú Bài,16.409296,107.6779818,58,Moderate,1,19.4,95,0.6,15.0,341,1016.7,100,19.9,23.1,377.0,2.8,80.0,6.4
2025-12-26 04:00:00,2025,12,26,4,Huế,Phường Phú Bài,16.409296,107.6779818,59,Moderate,1,19.0,96,0.6,16.2,339,1016.8,100,19.6,22.6,387.0,3.0,79.0,7.1
2025-12-26 05:00:00,2025,12,26,5,Huế,Phường Phú Bài,16.409296,107.6779818,60,Moderate,1,19.0,96,0.8,15.2,333,1017.1,100,19.3,22.1,419.0,3.9,77.0,7.7
2025-12-26 06:00:00,2025,12,26,6,Huế,Phường Phú Bài,16.409296,107.6779818,61,Moderate,1,19.0,95,0.6,13.7,327,1017.2,100,20.2,23.0,461.0,5.1,74.0,8.3
2025-12-26 07:00:00,2025,12,26,7,Huế,Phường Phú Bài,16.409296,107.6779818,62,Moderate,1,19.1,93,0.8,13.2,325,1018.1,100,18.3,21.2,487.0,5.1,78.0,7.7
2025-12-26 08:00:00,2025,12,26,8,Huế,Phường Phú Bài,16.409296,107.6779818,62,Moderate,1,19.4,93,0.3,15.8,330,1019.0,100,19.8,22.7,480.0,5.2,76.0,8.0
2025-12-26 09:00:00,2025,12,26,9,Huế,Phường Phú Bài,16.409296,107.6779818,63,Moderate,1,19.8,92,0.3,16.1,336,1019.4,100,19.8,23.2,458.0,5.4,73.0,8.4
2025-12-26 10:00:00,2025,12,26,10,Huế,Phường Phú Bài,16.409296,107.6779818,63,Moderate,1,19.6,90,0.7,15.6,341,1019.4,100,19.6,21.7,445.0,5.3,72.0,8.6
2025-12-26 11:00:00,2025,12,26,11,Huế,Phường Phú Bài,16.409296,107.6779818,64,Moderate,1,19.9,90,0.6,12.8,340,1018.8,100,20.6,22.8,453.0,4.7,76.0,8.4
2025-12-26 12:00:00,2025,12,26,12,Huế,Phường Phú Bài,16.409296,107.6779818,64,Moderate,1,20.4,87,0.5,9.9,350,1017.7,100,19.8,22.7,470.0,4.0,83.0,8.0
2025-12-26 13:00:00,2025,12,26,13,Huế,Phường Phú Bài,16.409296,107.6779818,64,Moderate,1,20.2,83,0.4,12.5,348,1016.7,100,17.2,19.0,486.0,3.6,89.0,7.8
2025-12-26 14:00:00,2025,12,26,14,Huế,Phường Phú Bài,16.409296,107.6779818,65,Moderate,1,20.6,81,0.4,15.4,353,1015.5,100,17.6,19.5,480.0,3.5,93.0,7.8
2025-12-26 15:00:00,2025,12,26,15,Huế,Phường Phú Bài,16.409296,107.6779818,65,Moderate,1,20.5,81,0.2,12.0,353,1015.0,100,19.4,21.4,473.0,3.9,96.0,8.0
2025-12-26 16:00:00,2025,12,26,16,Huế,Phường Phú Bài,16.409296,107.6779818,65,Moderate,1,20.2,82,0.2,8.4,344,1015.1,100,21.5,23.6,512.0,5.3,95.0,8.4
2025-12-26 17:00:00,2025,12,26,17,Huế,Phường Phú Bài,16.409296,107.6779818,65,Moderate,1,19.9,84,0.1,5.1,302,1015.3,100,22.5,24.4,655.0,9.0,87.0,9.0
2025-12-26 18:00:00,2025,12,26,18,Huế,Phường Phú Bài,16.409296,107.6779818,65,Moderate,1,19.5,89,0.1,5.1,262,1015.9,100,27.0,28.9,844.0,13.7,76.0,9.8
2025-12-26 19:00:00,2025,12,26,19,Huế,Phường Phú Bài,16.409296,107.6779818,66,Moderate,1,19.4,87,0.0,6.4,234,1016.5,100,29.8,33.2,956.0,13.4,65.0,10.0
2025-12-26 20:00:00,2025,12,26,20,Huế,Phường Phú Bài,16.409296,107.6779818,67,Moderate,1,19.2,90,0.0,7.1,218,1016.8,100,32.4,36.1,918.0,13.8,63.0,10.5
2025-12-26 21:00:00,2025,12,26,21,Huế,Phường Phú Bài,16.409296,107.6779818,68,Moderate,1,19.0,91,0.0,8.0,205,1016.8,100,29.5,33.3,802.0,14.3,61.0,11.2
2025-12-26 22:00:00,2025,12,26,22,Huế,Phường Phú Bài,16.409296,107.6779818,69,Moderate,1,18.9,91,0.0,6.8,220,1016.5,100,31.4,34.3,703.0,14.6,58.0,11.4
2025-12-26 23:00:00,2025,12,26,23,Huế,Phường Phú Bài,16.409296,107.6779818,70,Moderate,1,18.4,93,0.0,4.2,223,1016.4,100,33.8,36.0,657.0,14.7,54.0,10.7
2025-12-27 00:00:00,2025,12,27,0,Huế,Phường Phú Bài,16.409296,107.6779818,72,Moderate,1,18.6,93,0.0,4.9,216,1016.1,100,32.6,34.7,629.0,14.6,50.0,9.6
2025-12-27 01:00:00,2025,12,27,1,Huế,Phường Phú Bài,16.409296,107.6779818,73,Moderate,1,18.4,91,0.0,5.1,247,1015.8,100,31.3,33.3,602.0,14.2,47.0,8.7
2025-12-27 02:00:00,2025,12,27,2,Huế,Phường Phú Bài,16.409296,107.6779818,74,Moderate,1,18.5,90,0.0,4.8,228,1015.7,74,28.9,30.6,570.0,13.0,47.0,8.2
2025-12-27 03:00:00,2025,12,27,3,Huế,Phường Phú Bài,16.409296,107.6779818,75,Moderate,1,18.6,91,0.0,5.5,212,1015.2,76,27.4,28.8,539.0,11.5,48.0,7.9
2025-12-27 04:00:00,2025,12,27,4,Huế,Phường Phú Bài,16.409296,107.6779818,76,Moderate,1,18.6,92,0.0,5.8,219,1015.2,100,27.2,28.5,519.0,10.7,49.0,8.0
2025-12-27 05:00:00,2025,12,27,5,Huế,Phường Phú Bài,16.409296,107.6779818,76,Moderate,1,18.6,94,0.1,5.6,230,1015.5,100,26.7,27.9,517.0,11.8,48.0,8.8
2025-12-27 06:00:00,2025,12,27,6,Huế,Phường Phú Bài,16.409296,107.6779818,77,Moderate,1,18.8,95,0.1,5.7,224,1015.9,100,27.6,28.8,525.0,13.6,47.0,10.0
2025-12-27 07:00:00,2025,12,27,7,Huế,Phường Phú Bài,16.409296,107.6779818,78,Moderate,1,18.9,93,0.1,6.7,262,1016.9,99,18.9,19.9,530.0,12.0,59.0,9.0
2025-12-27 08:00:00,2025,12,27,8,Huế,Phường Phú Bài,16.409296,107.6779818,78,Moderate,1,19.5,91,0.1,7.6,251,1017.7,100,16.2,17.3,527.0,10.5,67.0,8.9
2025-12-27 09:00:00,2025,12,27,9,Huế,Phường Phú Bài,16.409296,107.6779818,78,Moderate,1,19.9,91,1.1,8.0,275,1018.2,100,16.1,17.3,521.0,8.3,78.0,8.7
2025-12-27 10:00:00,2025,12,27,10,Huế,Phường Phú Bài,16.409296,107.6779818,77,Moderate,1,20.0,97,0.5,6.9,309,1018.0,100,15.3,16.4,510.0,6.4,87.0,8.2
2025-12-27 11:00:00,2025,12,27,11,Huế,Phường Phú Bài,16.409296,107.6779818,77,Moderate,1,20.0,98,0.6,8.0,314,1017.9,100,10.8,11.8,491.0,4.9,94.0,7.0
2025-12-27 12:00:00,2025,12,27,12,Huế,Phường Phú Bài,16.409296,107.6779818,76,Moderate,1,20.3,91,0.5,8.9,306,1017.0,100,9.4,10.4,466.0,3.6,99.0,5.5
2025-12-27 13:00:00,2025,12,27,13,Huế,Phường Phú Bài,16.409296,107.6779818,75,Moderate,1,20.5,87,0.4,12.5,307,1016.1,100,10.0,11.2,444.0,2.9,102.0,4.4
2025-12-27 14:00:00,2025,12,27,14,Huế,Phường Phú Bài,16.409296,107.6779818,74,Moderate,1,20.9,84,0.2,11.8,310,1015.3,100,8.6,9.7,418.0,2.5,103.0,3.9
2025-12-27 15:00:00,2025,12,27,15,Huế,Phường Phú Bài,16.409296,107.6779818,74,Moderate,1,20.0,96,1.1,9.5,302,1015.0,100,9.3,10.5,395.0,2.8,102.0,3.8
2025-12-27 16:00:00,2025,12,27,16,Huế,Phường Phú Bài,16.409296,107.6779818,73,Moderate,1,19.9,96,1.5,7.2,284,1015.0,100,11.2,13.1,400.0,4.6,97.0,4.2
2025-12-27 17:00:00,2025,12,27,17,Huế,Phường Phú Bài,16.409296,107.6779818,72,Moderate,1,19.8,98,0.7,7.6,263,1015.5,100,13.9,15.6,462.0,9.1,87.0,5.3
2025-12-27 18:00:00,2025,12,27,18,Huế,Phường Phú Bài,16.409296,107.6779818,71,Moderate,1,19.4,98,0.7,6.7,239,1016.0,100,16.8,19.2,552.0,15.2,73.0,6.9
2025-12-27 19:00:00,2025,12,27,19,Huế,Phường Phú Bài,16.409296,107.6779818,70,Moderate,1,19.4,95,0.4,5.6,230,1016.7,100,20.5,21.8,605.0,14.7,71.0,8.6
2025-12-27 20:00:00,2025,12,27,20,Huế,Phường Phú Bài,16.409296,107.6779818,69,Moderate,1,19.6,94,0.0,4.9,260,1017.1,100,22.8,24.2,578.0,15.3,69.0,9.4
2025-12-27 21:00:00,2025,12,27,21,Huế,Phường Phú Bài,16.409296,107.6779818,68,Moderate,1,19.5,96,0.0,5.4,230,1017.2,100,22.9,24.4,514.0,16.2,66.0,10.5
2025-12-27 22:00:00,2025,12,27,22,Huế,Phường Phú Bài,16.409296,107.6779818,68,Moderate,1,18.7,98,0.0,3.7,203,1017.2,100,26.2,27.7,475.0,16.5,63.0,11.1
2025-12-27 23:00:00,2025,12,27,23,Huế,Phường Phú Bài,16.409296,107.6779818,67,Moderate,1,18.1,98,0.0,2.6,214,1016.7,98,27.1,28.5,503.0,15.8,61.0,10.6
2025-12-28 00:00:00,2025,12,28,0,Huế,Phường Phú Bài,16.409296,107.6779818,67,Moderate,1,17.6,100,0.0,2.5,225,1016.4,100,26.1,27.5,556.0,14.6,60.0,9.5
2025-12-28 01:00:00,2025,12,28,1,Huế,Phường Phú Bài,16.409296,107.6779818,66,Moderate,1,17.6,100,0.0,2.7,274,1016.0,100,25.4,26.8,576.0,13.4,59.0,8.6
2025-12-28 02:00:00,2025,12,28,2,Huế,Phường Phú Bài,16.409296,107.6779818,66,Moderate,1,18.0,100,0.0,4.2,260,1015.7,100,22.7,23.7,518.0,12.1,59.0,8.1
2025-12-28 03:00:00,2025,12,28,3,Huế,Phường Phú Bài,16.409296,107.6779818,65,Moderate,1,18.5,98,0.0,5.2,254,1015.1,100,20.5,21.4,427.0,10.7,60.0,7.8
2025-12-28 04:00:00,2025,12,28,4,Huế,Phường Phú Bài,16.409296,107.6779818,65,Moderate,1,18.7,98,0.0,5.1,247,1015.2,100,20.6,21.5,379.0,9.9,61.0,7.8
2025-12-28 05:00:00,2025,12,28,5,Huế,Phường Phú Bài,16.409296,107.6779818,64,Moderate,1,18.5,99,0.1,4.7,227,1015.7,100,20.9,21.8,431.0,10.5,62.0,8.3
2025-12-28 06:00:00,2025,12,28,6,Huế,Phường Phú Bài,16.409296,107.6779818,63,Moderate,1,18.6,98,0.2,5.6,237,1016.2,100,23.0,23.8,527.0,11.7,63.0,9.1
2025-12-28 07:00:00,2025,12,28,7,Huế,Phường Phú Bài,16.409296,107.6779818,63,Moderate,1,19.0,96,0.1,4.2,263,1016.9,79,18.9,19.7,574.0,13.0,74.0,9.7
2025-12-28 08:00:00,2025,12,28,8,Huế,Phường Phú Bài,16.409296,107.6779818,63,Moderate,1,20.2,95,0.1,3.6,273,1017.8,100,14.2,15.3,519.0,10.4,79.0,8.3
2025-12-28 09:00:00,2025,12,28,9,Huế,Phường Phú Bài,16.409296,107.6779818,63,Moderate,1,21.7,88,0.1,2.8,297,1018.2,100,13.3,14.6,415.0,6.9,87.0,6.4
2025-12-28 10:00:00,2025,12,28,10,Huế,Phường Phú Bài,16.409296,107.6779818,63,Moderate,1,23.4,77,0.3,6.8,25,1017.8,96,10.2,12.4,335.0,4.1,93.0,4.8
2025-12-28 11:00:00,2025,12,28,11,Huế,Phường Phú Bài,16.409296,107.6779818,62,Moderate,1,23.8,75,0.3,10.9,33,1017.0,44,8.3,10.2,308.0,2.8,98.0,3.8
2025-12-28 12:00:00,2025,12,28,12,Huế,Phường Phú Bài,16.409296,107.6779818,62,Moderate,1,24.1,73,0.1,10.2,42,1015.7,41,9.1,11.2,305.0,2.2,101.0,3.2
2025-12-28 13:00:00,2025,12,28,13,Huế,Phường Phú Bài,16.409296,107.6779818,62,Moderate,1,23.5,74,0.2,12.0,32,1014.6,58,11.2,13.9,304.0,2.0,104.0,2.8
2025-12-28 14:00:00,2025,12,28,14,Huế,Phường Phú Bài,16.409296,107.6779818,62,Moderate,1,23.6,75,0.2,11.0,35,1014.0,72,12.5,15.5,299.0,1.7,106.0,2.7
2025-12-28 15:00:00,2025,12,28,15,Huế,Phường Phú Bài,16.409296,107.6779818,62,Moderate,1,23.2,77,0.3,11.3,43,1014.1,91,13.1,16.2,297.0,1.8,108.0,2.8
2025-12-28 16:00:00,2025,12,28,16,Huế,Phường Phú Bài,16.409296,107.6779818,63,Moderate,1,22.2,79,0.6,10.7,50,1014.2,100,14.1,17.4,301.0,3.0,105.0,3.2
2025-12-28 17:00:00,2025,12,28,17,Huế,Phường Phú Bài,16.409296,107.6779818,63,Moderate,1,21.4,87,0.3,8.4,67,1014.6,100,14.1,17.3,316.0,6.2,95.0,4.0
2025-12-28 18:00:00,2025,12,28,18,Huế,Phường Phú Bài,16.409296,107.6779818,63,Moderate,1,20.8,89,0.1,5.6,63,1015.1,100,16.1,19.0,337.0,10.5,80.0,5.1
2025-12-28 19:00:00,2025,12,28,19,Huế,Phường Phú Bài,16.409296,107.6779818,63,Moderate,1,20.5,93,0.0,3.6,60,1015.7,45,17.3,19.4,347.0,13.9,70.0,6.1
2025-12-28 20:00:00,2025,12,28,20,Huế,Phường Phú Bài,16.409296,107.6779818,63,Moderate,1,20.2,94,0.0,2.4,77,1016.3,100,16.4,18.7,335.0,14.3,66.0,6.4
2025-12-28 21:00:00,2025,12,28,21,Huế,Phường Phú Bài,16.409296,107.6779818,62,Moderate,1,20.4,93,0.1,1.3,124,1016.5,100,19.0,21.2,313.0,14.8,61.0,6.9
2025-12-28 22:00:00,2025,12,28,22,Huế,Phường Phú Bài,16.409296,107.6779818,62,Moderate,1,20.4,95,0.0,1.3,124,1015.9,100,20.6,22.8,297.0,15.7,56.0,7.2
2025-12-28 23:00:00,2025,12,28,23,Huế,Phường Phú Bài,16.409296,107.6779818,61,Moderate,1,19.9,96,0.0,0.4,243,1015.6,3,22.2,24.4,292.0,17.3,51.0,7.3
2025-12-29 00:00:00,2025,12,29,0,Huế,Phường Phú Bài,16.409296,107.6779818,61,Moderate,1,19.5,98,0.0,1.8,225,1015.2,54,23.5,25.7,293.0,19.2,47.0,7.4
2025-12-29 01:00:00,2025,12,29,1,Huế,Phường Phú Bài,16.409296,107.6779818,61,Moderate,1,19.2,98,0.0,1.8,127,1014.6,41,21.9,24.0,300.0,20.1,44.0,7.3
2025-12-29 02:00:00,2025,12,29,2,Huế,Phường Phú Bài,16.409296,107.6779818,60,Moderate,1,19.5,99,0.1,2.4,167,1014.1,100,24.9,26.2,314.0,18.5,46.0,6.9
2025-12-29 03:00:00,2025,12,29,3,Huế,Phường Phú Bài,16.409296,107.6779818,60,Moderate,1,19.4,98,0.0,0.7,284,1013.5,89,24.3,25.6,334.0,15.9,49.0,6.4
2025-12-29 04:00:00,2025,12,29,4,Huế,Phường Phú Bài,16.409296,107.6779818,61,Moderate,1,19.4,98,0.0,0.6,198,1013.5,68,22.4,23.6,356.0,15.0,50.0,6.4
2025-12-29 05:00:00,2025,12,29,5,Huế,Phường Phú Bài,16.409296,107.6779818,61,Moderate,1,19.1,99,0.0,1.5,201,1013.9,16,23.9,25.1,389.0,18.4,43.0,7.8
2025-12-29 06:00:00,2025,12,29,6,Huế,Phường Phú Bài,16.409296,107.6779818,61,Moderate,1,19.1,99,0.0,2.8,207,1014.6,34,26.3,27.4,424.0,23.5,34.0,9.8
2025-12-29 07:00:00,2025,12,29,7,Huế,Phường Phú Bài,16.409296,107.6779818,62,Moderate,1,18.4,100,0.0,7.4,214,1015.4,100,29.6,31.2,435.0,22.6,52.0,9.8
2025-12-29 08:00:00,2025,12,29,8,Huế,Phường Phú Bài,16.409296,107.6779818,62,Moderate,1,19.8,94,0.0,4.4,232,1015.8,100,19.7,20.9,402.0,17.3,66.0,8.5
2025-12-29 09:00:00,2025,12,29,9,Huế,Phường Phú Bài,16.409296,107.6779818,63,Moderate,1,21.6,88,0.1,1.7,162,1016.0,93,12.0,13.2,345.0,10.0,86.0,6.6
2025-12-29 10:00:00,2025,12,29,10,Huế,Phường Phú Bài,16.409296,107.6779818,63,Moderate,1,23.1,78,0.4,5.4,76,1015.5,91,11.6,12.9,299.0,4.5,101.0,5.0
2025-12-29 11:00:00,2025,12,29,11,Huế,Phường Phú Bài,16.409296,107.6779818,63,Moderate,1,24.0,74,0.3,9.0,70,1014.8,98,10.8,12.3,277.0,2.5,107.0,4.0
2025-12-29 12:00:00,2025,12,29,12,Huế,Phường Phú Bài,16.409296,107.6779818,63,Moderate,1,24.2,73,0.2,12.0,68,1013.5,74,10.3,11.9,266.0,2.2,109.0,3.3
2025-12-29 13:00:00,2025,12,29,13,Huế,Phường Phú Bài,16.409296,107.6779818,63,Moderate,1,24.5,71,0.1,13.0,65,1012.5,68,10.5,12.5,261.0,2.2,109.0,2.8
2025-12-29 14:00:00,2025,12,29,14,Huế,Phường Phú Bài,16.409296,107.6779818,63,Moderate,1,25.0,68,0.0,12.4,71,1012.0,45,11.0,13.3,264.0,2.0,108.0,2.5
2025-12-29 15:00:00,2025,12,29,15,Huế,Phường Phú Bài,16.409296,107.6779818,63,Moderate,1,24.5,70,0.0,12.8,73,1011.9,45,11.4,13.8,273.0,2.0,106.0,2.3
2025-12-29 16:00:00,2025,12,29,16,Huế,Phường Phú Bài,16.409296,107.6779818,63,Moderate,1,23.8,73,0.0,13.8,72,1011.8,48,11.6,14.2,282.0,2.9,101.0,2.5
2025-12-29 17:00:00,2025,12,29,17,Huế,Phường Phú Bài,16.409296,107.6779818,63,Moderate,1,22.8,77,0.0,12.1,83,1012.5,48,11.9,14.2,289.0,5.2,93.0,3.1
2025-12-29 18:00:00,2025,12,29,18,Huế,Phường Phú Bài,16.409296,107.6779818,63,Moderate,1,21.8,83,0.0,7.8,95,1013.1,48,13.4,15.9,296.0,8.2,82.0,4.1
2025-12-29 19:00:00,2025,12,29,19,Huế,Phường Phú Bài,16.409296,107.6779818,62,Moderate,1,21.1,91,0.0,11.8,83,1013.6,21,15.4,17.8,302.0,11.1,73.0,4.9
2025-12-29 20:00:00,2025,12,29,20,Huế,Phường Phú Bài,16.409296,107.6779818,62,Moderate,1,21.6,87,0.0,11.6,86,1014.1,54,15.8,18.2,303.0,10.9,71.0,5.1
2025-12-29 21:00:00,2025,12,29,21,Huế,Phường Phú Bài,16.409296,107.6779818,62,Moderate,1,21.6,87,0.0,10.5,93,1014.0,53,16.2,18.7,303.0,10.7,68.0,5.2
2025-12-29 22:00:00,2025,12,29,22,Huế,Phường Phú Bài,16.409296,107.6779818,62,Moderate,1,21.0,90,0.0,7.4,97,1013.9,2,16.5,19.1,310.0,10.4,65.0,5.3
2025-12-29 23:00:00,2025,12,29,23,Huế,Phường Phú Bài,16.409296,107.6779818,61,Moderate,1,19.9,94,0.0,5.3,108,1013.4,5,16.8,19.3,335.0,10.2,63.0,5.1
2025-12-30 00:00:00,2025,12,30,0,Huế,Phường Phú Bài,16.409296,107.6779818,61,Moderate,1,19.3,96,0.0,3.9,152,1013.1,21,16.6,19.3,367.0,10.0,62.0,4.7
2025-12-30 01:00:00,2025,12,30,1,Huế,Phường Phú Bài,16.409296,107.6779818,60,Moderate,1,19.1,98,0.0,3.5,165,1012.9,56,16.8,19.6,388.0,9.8,61.0,4.4
2025-12-30 02:00:00,2025,12,30,2,Huế,Phường Phú Bài,16.409296,107.6779818,60,Moderate,1,18.5,100,0.0,2.2,215,1012.4,99,17.8,20.9,378.0,9.5,60.0,4.0
2025-12-30 03:00:00,2025,12,30,3,Huế,Phường Phú Bài,16.409296,107.6779818,59,Moderate,1,18.0,100,0.0,2.1,218,1011.8,100,19.6,22.4,356.0,9.1,59.0,3.7
2025-12-30 04:00:00,2025,12,30,4,Huế,Phường Phú Bài,16.409296,107.6779818,59,Moderate,1,18.0,100,0.0,3.1,220,1012.0,100,22.2,24.2,359.0,9.2,58.0,3.6
2025-12-30 05:00:00,2025,12,30,5,Huế,Phường Phú Bài,16.409296,107.6779818,59,Moderate,1,17.8,100,0.0,4.1,218,1012.4,100,21.3,23.3,427.0,10.3,55.0,4.2
2025-12-30 06:00:00,2025,12,30,6,Huế,Phường Phú Bài,16.409296,107.6779818,59,Moderate,1,17.6,100,0.0,4.6,225,1013.1,100,20.3,22.2,520.0,11.8,52.0,5.1
2025-12-30 07:00:00,2025,12,30,7,Huế,Phường Phú Bài,16.409296,107.6779818,58,Moderate,1,18.7,97,0.0,2.8,230,1014.2,88,24.1,25.9,558.0,12.4,50.0,4.4
2025-12-30 08:00:00,2025,12,30,8,Huế,Phường Phú Bài,16.409296,107.6779818,58,Moderate,1,21.2,88,0.0,2.4,228,1015.0,43,18.7,20.7,486.0,9.6,64.0,3.8
2025-12-30 09:00:00,2025,12,30,9,Huế,Phường Phú Bài,16.409296,107.6779818,58,Moderate,1,23.4,77,0.0,2.5,159,1015.4,16,11.2,13.1,360.0,5.8,83.0,3.1
2025-12-30 10:00:00,2025,12,30,10,Huế,Phường Phú Bài,16.409296,107.6779818,57,Moderate,1,25.0,68,0.2,12.4,88,1015.0,63,9.4,11.8,264.0,2.9,98.0,2.5
2025-12-30 11:00:00,2025,12,30,11,Huế,Phường Phú Bài,16.409296,107.6779818,57,Moderate,1,25.1,67,0.2,14.7,78,1014.0,53,8.9,11.4,238.0,1.8,107.0,2.3
2025-12-30 12:00:00,2025,12,30,12,Huế,Phường Phú Bài,16.409296,107.6779818,57,Moderate,1,25.0,68,0.0,15.6,73,1012.8,36,9.0,11.7,244.0,1.6,112.0,2.2
2025-12-30 13:00:00,2025,12,30,13,Huế,Phường Phú Bài,16.409296,107.6779818,57,Moderate,1,25.5,64,0.0,15.5,77,1011.4,13,9.3,11.9,249.0,1.6,115.0,2.2
2025-12-30 14:00:00,2025,12,30,14,Huế,Phường Phú Bài,16.409296,107.6779818,57,Moderate,1,25.5,63,0.0,15.5,80,1010.7,24,9.7,12.4,242.0,1.5,116.0,2.2
2025-12-30 15:00:00,2025,12,30,15,Huế,Phường Phú Bài,16.409296,107.6779818,57,Moderate,1,25.4,62,0.0,15.2,84,1010.4,30,10.3,12.9,235.0,1.7,115.0,2.2
2025-12-30 16:00:00,2025,12,30,16,Huế,Phường Phú Bài,16.409296,107.6779818,57,Moderate,1,24.9,61,0.0,14.5,84,1010.3,30,11.0,13.6,233.0,2.5,111.0,2.4
2025-12-30 17:00:00,2025,12,30,17,Huế,Phường Phú Bài,16.409296,107.6779818,57,Moderate,1,23.9,65,0.0,11.2,84,1010.6,43,11.0,13.3,237.0,4.5,103.0,3.0
2025-12-30 18:00:00,2025,12,30,18,Huế,Phường Phú Bài,16.409296,107.6779818,56,Moderate,1,22.6,70,0.0,12.4,90,1011.2,48,11.8,13.8,245.0,7.2,91.0,3.9
2025-12-30 19:00:00,2025,12,30,19,Huế,Phường Phú Bài,16.409296,107.6779818,56,Moderate,1,22.6,73,0.0,13.7,92,1011.8,17,14.0,16.5,258.0,8.6,85.0,4.5
2025-12-30 20:00:00,2025,12,30,20,Huế,Phường Phú Bài,16.409296,107.6779818,56,Moderate,1,22.2,76,0.0,10.0,98,1012.4,98,14.6,17.0,278.0,9.1,81.0,4.8
2025-12-30 21:00:00,2025,12,30,21,Huế,Phường Phú Bài,16.409296,107.6779818,56,Moderate,1,22.0,77,0.0,7.5,107,1012.5,100,14.9,17.3,303.0,9.9,75.0,5.3
2025-12-30 22:00:00,2025,12,30,22,Huế,Phường Phú Bài,16.409296,107.6779818,56,Moderate,1,21.2,81,0.0,5.2,104,1012.2,100,15.3,17.8,324.0,10.5,70.0,5.5
2025-12-30 23:00:00,2025,12,30,23,Huế,Phường Phú Bài,16.409296,107.6779818,56,Moderate,1,20.8,84,0.0,4.4,97,1012.0,42,15.6,18.0,340.0,10.9,66.0,5.4
2025-12-31 00:00:00,2025,12,31,0,Huế,Phường Phú Bài,16.409296,107.6779818,56,Moderate,1,20.2,87,0.0,3.0,123,1012.0,98,16.1,18.6,353.0,11.1,62.0,5.1
2025-12-31 01:00:00,2025,12,31,1,Huế,Phường Phú Bài,16.409296,107.6779818,56,Moderate,1,19.6,92,0.0,5.9,121,1011.5,20,16.2,18.7,354.0,11.0,59.0,4.8
2025-12-31 02:00:00,2025,12,31,2,Huế,Phường Phú Bài,16.409296,107.6779818,56,Moderate,1,19.3,93,0.0,4.7,157,1011.0,7,15.7,17.8,331.0,10.2,58.0,4.3
2025-12-31 03:00:00,2025,12,31,3,Huế,Phường Phú Bài,16.409296,107.6779818,56,Moderate,1,18.6,95,0.0,2.7,180,1010.7,16,16.5,18.2,296.0,9.0,58.0,3.8
2025-12-31 04:00:00,2025,12,31,4,Huế,Phường Phú Bài,16.409296,107.6779818,55,Moderate,1,18.0,97,0.0,3.6,174,1010.6,3,17.0,18.6,281.0,8.6,57.0,3.5
2025-12-31 05:00:00,2025,12,31,5,Huế,Phường Phú Bài,16.409296,107.6779818,55,Moderate,1,17.6,98,0.0,3.6,189,1010.8,38,17.6,19.2,312.0,10.1,52.0,3.8
2025-12-31 06:00:00,2025,12,31,6,Huế,Phường Phú Bài,16.409296,107.6779818,54,Moderate,1,17.4,98,0.0,2.9,202,1011.3,52,19.7,21.2,362.0,12.3,46.0,4.4
2025-12-31 07:00:00,2025,12,31,7,Huế,Phường Phú Bài,16.409296,107.6779818,54,Moderate,1,17.9,97,0.0,7.4,209,1011.8,34,23.5,25.1,384.0,11.4,46.0,4.1
2025-12-31 08:00:00,2025,12,31,8,Huế,Phường Phú Bài,16.409296,107.6779818,54,Moderate,1,21.5,84,0.0,4.8,205,1012.7,0,22.0,23.2,342.0,9.1,62.0,3.9
2025-12-31 09:00:00,2025,12,31,9,Huế,Phường Phú Bài,16.409296,107.6779818,55,Moderate,1,24.2,67,0.0,6.4,151,1012.8,0,16.6,18.6,271.0,5.9,84.0,3.7
2025-12-31 10:00:00,2025,12,31,10,Huế,Phường Phú Bài,16.409296,107.6779818,55,Moderate,1,25.8,59,0.0,8.1,118,1012.2,69,13.0,15.0,226.0,3.4,102.0,3.4
2025-12-31 11:00:00,2025,12,31,11,Huế,Phường Phú Bài,16.409296,107.6779818,55,Moderate,1,26.8,55,0.0,9.7,90,1011.3,100,11.6,13.5,236.0,2.3,112.0,3.1
2025-12-31 12:00:00,2025,12,31,12,Huế,Phường Phú Bài,16.409296,107.6779818,56,Moderate,1,26.2,60,0.0,14.7,66,1010.2,99,11.1,13.0,272.0,2.0,118.0,2.7
2025-12-31 13:00:00,2025,12,31,13,Huế,Phường Phú Bài,16.409296,107.6779818,56,Moderate,1,25.6,63,0.0,18.2,69,1009.1,79,11.3,13.1,296.0,1.9,123.0,2.5
2025-12-31 14:00:00,2025,12,31,14,Huế,Phường Phú Bài,16.409296,107.6779818,56,Moderate,1,25.4,62,0.0,19.5,80,1008.3,75,11.7,13.4,291.0,1.7,128.0,2.4
2025-12-31 15:00:00,2025,12,31,15,Huế,Phường Phú Bài,16.409296,107.6779818,56,Moderate,1,25.1,63,0.0,20.8,78,1008.3,68,12.0,13.8,275.0,1.8,131.0,2.5
2025-12-31 16:00:00,2025,12,31,16,Huế,Phường Phú Bài,16.409296,107.6779818,56,Moderate,1,24.0,68,0.0,19.6,79,1008.4,100,12.3,14.0,266.0,2.6,129.0,2.8
2025-12-31 17:00:00,2025,12,31,17,Huế,Phường Phú Bài,16.409296,107.6779818,64,Moderate,1,23.0,70,0.0,18.1,77,1008.7,95,12.9,14.5,269.0,4.6,119.0,3.6
2025-12-31 18:00:00,2025,12,31,18,Huế,Phường Phú Bài,16.409296,107.6779818,71,Moderate,1,22.4,72,0.0,17.1,89,1009.4,88,14.3,15.7,278.0,7.3,104.0,4.6
2025-12-31 19:00:00,2025,12,31,19,Huế,Phường Phú Bài,16.409296,107.6779818,72,Moderate,1,22.1,76,0.0,15.4,95,1010.0,76,13.9,15.1,297.0,10.0,90.0,5.3
2025-12-31 20:00:00,2025,12,31,20,Huế,Phường Phú Bài,16.409296,107.6779818,67,Moderate,1,21.8,78,0.0,11.5,104,1010.8,94,14.6,15.8,336.0,10.3,86.0,5.6
2025-12-31 21:00:00,2025,12,31,21,Huế,Phường Phú Bài,16.409296,107.6779818,60,Moderate,1,21.6,78,0.0,7.4,113,1011.2,95,14.9,15.9,385.0,10.7,80.0,6.0
2025-12-31 22:00:00,2025,12,31,22,Huế,Phường Phú Bài,16.409296,107.6779818,57,Moderate,1,20.6,84,0.0,4.7,137,1011.3,46,14.8,15.7,414.0,10.8,75.0,6.1
2025-12-31 23:00:00,2025,12,31,23,Huế,Phường Phú Bài,16.409296,107.6779818,57,Moderate,1,19.5,89,0.0,3.2,164,1011.2,0,14.2,15.1,408.0,10.4,73.0,5.7
2026-01-01 00:00:00,2026,1,1,0,Huế,Phường Phú Bài,16.409296,107.6779818,57,Moderate,1,18.5,93,0.0,3.2,196,1011.1,66,13.9,14.8,382.0,9.8,71.0,5.0
2026-01-01 01:00:00,2026,1,1,1,Huế,Phường Phú Bài,16.409296,107.6779818,56,Moderate,1,18.0,95,0.0,3.5,201,1010.5,75,14.3,15.3,356.0,9.1,69.0,4.3
2026-01-01 02:00:00,2026,1,1,2,Huế,Phường Phú Bài,16.409296,107.6779818,56,Moderate,1,17.7,98,0.0,4.3,213,1010.4,70,16.1,16.9,330.0,8.4,66.0,3.6
2026-01-01 03:00:00,2026,1,1,3,Huế,Phường Phú Bài,16.409296,107.6779818,56,Moderate,1,17.1,98,0.0,4.7,220,1010.3,81,16.8,17.5,305.0,7.7,61.0,2.9
2026-01-01 04:00:00,2026,1,1,4,Huế,Phường Phú Bài,16.409296,107.6779818,56,Moderate,1,16.7,98,0.0,5.3,213,1010.4,77,17.3,17.8,298.0,7.3,57.0,2.4
2026-01-01 05:00:00,2026,1,1,5,Huế,Phường Phú Bài,16.409296,107.6779818,56,Moderate,1,16.3,98,0.0,6.8,209,1010.8,95,17.6,18.2,333.0,7.8,49.0,2.4
2026-01-01 06:00:00,2026,1,1,6,Huế,Phường Phú Bài,16.409296,107.6779818,56,Moderate,1,15.9,99,0.0,6.6,213,1011.8,77,18.5,18.9,387.0,8.6,41.0,2.6
2026-01-01 07:00:00,2026,1,1,7,Huế,Phường Phú Bài,16.409296,107.6779818,56,Moderate,1,16.4,98,0.0,6.1,204,1012.9,98,21.3,21.9,410.0,9.2,49.0,3.6
2026-01-01 08:00:00,2026,1,1,8,Huế,Phường Phú Bài,16.409296,107.6779818,56,Moderate,1,19.9,87,0.0,5.2,207,1014.4,2,21.7,22.2,368.0,7.7,67.0,4.0
2026-01-01 09:00:00,2026,1,1,9,Huế,Phường Phú Bài,16.409296,107.6779818,56,Moderate,1,23.4,72,0.0,5.5,193,1015.1,5,17.6,18.5,295.0,5.6,91.0,4.6
2026-01-01 10:00:00,2026,1,1,10,Huế,Phường Phú Bài,16.409296,107.6779818,56,Moderate,1,25.1,61,0.0,5.9,121,1015.1,21,14.8,16.1,237.0,3.8,110.0,4.8
2026-01-01 11:00:00,2026,1,1,11,Huế,Phường Phú Bài,16.409296,107.6779818,56,Moderate,1,26.2,56,0.0,10.2,83,1014.6,23,14.8,16.2,214.0,2.8,120.0,4.3
2026-01-01 12:00:00,2026,1,1,12,Huế,Phường Phú Bài,16.409296,107.6779818,57,Moderate,1,26.6,54,0.0,12.9,75,1013.8,34,14.9,17.1,207.0,2.1,124.0,3.4
2026-01-01 13:00:00,2026,1,1,13,Huế,Phường Phú Bài,16.409296,107.6779818,57,Moderate,1,26.5,52,0.0,13.4,78,1013.0,17,13.8,16.0,203.0,1.7,125.0,2.7
2026-01-01 14:00:00,2026,1,1,14,Huế,Phường Phú Bài,16.409296,107.6779818,57,Moderate,1,26.1,53,0.0,12.7,83,1012.7,5,13.0,15.6,197.0,1.2,123.0,2.1
2026-01-01 15:00:00,2026,1,1,15,Huế,Phường Phú Bài,16.409296,107.6779818,57,Moderate,1,25.8,52,0.0,10.6,89,1012.7,1,12.5,15.5,194.0,1.0,117.0,1.7
2026-01-01 16:00:00,2026,1,1,16,Huế,Phường Phú Bài,16.409296,107.6779818,57,Moderate,1,25.0,53,0.0,8.8,86,1012.8,0,11.7,14.6,199.0,1.9,110.0,1.7
2026-01-01 17:00:00,2026,1,1,17,Huế,Phường Phú Bài,16.409296,107.6779818,62,Moderate,1,23.0,67,0.0,5.3,78,1013.3,0,11.4,14.0,217.0,4.7,100.0,2.5
2026-01-01 18:00:00,2026,1,1,18,Huế,Phường Phú Bài,16.409296,107.6779818,64,Moderate,1,20.8,78,0.0,6.4,80,1014.6,9,12.4,15.0,242.0,8.6,87.0,3.8
2026-01-01 19:00:00,2026,1,1,19,Huế,Phường Phú Bài,16.409296,107.6779818,59,Moderate,1,20.5,84,0.0,6.8,61,1014.8,6,17.3,20.3,269.0,16.1,76.0,6.8
2026-01-01 20:00:00,2026,1,1,20,Huế,Phường Phú Bài,16.409296,107.6779818,57,Moderate,1,20.5,84,0.0,6.5,71,1015.5,82,18.5,21.7,300.0,16.4,74.0,7.7
2026-01-01 21:00:00,2026,1,1,21,Huế,Phường Phú Bài,16.409296,107.6779818,58,Moderate,1,20.5,83,0.0,4.9,96,1016.2,96,18.5,21.8,333.0,16.9,71.0,8.9
2026-01-01 22:00:00,2026,1,1,22,Huế,Phường Phú Bài,16.409296,107.6779818,58,Moderate,1,19.9,84,0.0,4.0,172,1016.1,5,19.7,22.9,347.0,17.2,67.0,9.6
2026-01-01 23:00:00,2026,1,1,23,Huế,Phường Phú Bài,16.409296,107.6779818,58,Moderate,1,19.0,90,0.0,6.0,205,1016.0,47,21.5,24.6,329.0,17.6,63.0,9.3
2026-01-02 00:00:00,2026,1,2,0,Huế,Phường Phú Bài,16.409296,107.6779818,59,Moderate,1,18.4,91,0.0,6.0,201,1016.0,41,22.1,25.3,292.0,17.8,58.0,8.5
2026-01-02 01:00:00,2026,1,2,1,Huế,Phường Phú Bài,16.409296,107.6779818,60,Moderate,1,17.9,95,0.0,2.8,198,1015.7,20,21.1,24.4,261.0,17.5,55.0,7.6
2026-01-02 02:00:00,2026,1,2,2,Huế,Phường Phú Bài,16.409296,107.6779818,60,Moderate,1,18.0,94,0.0,3.2,196,1015.3,53,19.3,22.5,237.0,16.0,53.0,6.6
2026-01-02 03:00:00,2026,1,2,3,Huế,Phường Phú Bài,16.409296,107.6779818,61,Moderate,1,18.0,100,0.1,4.6,79,1015.2,100,18.7,21.9,219.0,13.9,53.0,5.6
2026-01-02 04:00:00,2026,1,2,4,Huế,Phường Phú Bài,16.409296,107.6779818,61,Moderate,1,18.9,98,0.6,8.0,65,1015.4,98,19.3,22.7,224.0,12.3,54.0,4.9
2026-01-02 05:00:00,2026,1,2,5,Huế,Phường Phú Bài,16.409296,107.6779818,61,Moderate,1,19.1,96,0.7,4.5,157,1015.6,87,19.6,23.1,277.0,12.2,55.0,4.9
2026-01-02 06:00:00,2026,1,2,6,Huế,Phường Phú Bài,16.409296,107.6779818,61,Moderate,1,18.8,97,0.0,4.4,199,1016.2,41,19.2,22.5,354.0,12.6,57.0,5.3
2026-01-02 07:00:00,2026,1,2,7,Huế,Phường Phú Bài,16.409296,107.6779818,61,Moderate,1,19.5,94,0.4,9.0,96,1016.8,86,18.0,20.9,396.0,13.7,51.0,5.1
2026-01-02 08:00:00,2026,1,2,8,Huế,Phường Phú Bài,16.409296,107.6779818,61,Moderate,1,20.1,92,0.7,3.3,189,1017.9,100,19.1,23.6,369.0,10.5,69.0,4.5
2026-01-02 09:00:00,2026,1,2,9,Huế,Phường Phú Bài,16.409296,107.6779818,61,Moderate,1,22.4,81,1.1,8.1,102,1018.6,87,17.3,22.1,307.0,6.1,93.0,3.7
2026-01-02 10:00:00,2026,1,2,10,Huế,Phường Phú Bài,16.409296,107.6779818,61,Moderate,1,24.3,66,0.1,17.8,82,1018.5,80,16.5,21.7,263.0,2.8,111.0,3.0
2026-01-02 11:00:00,2026,1,2,11,Huế,Phường Phú Bài,16.409296,107.6779818,61,Moderate,1,25.0,62,0.1,22.3,81,1018.1,27,17.1,21.7,258.0,1.5,117.0,2.7
2026-01-02 12:00:00,2026,1,2,12,Huế,Phường Phú Bài,16.409296,107.6779818,61,Moderate,1,25.0,62,0.1,24.4,82,1017.1,16,17.6,21.9,271.0,1.3,118.0,2.5
2026-01-02 13:00:00,2026,1,2,13,Huế,Phường Phú Bài,16.409296,107.6779818,61,Moderate,1,24.5,61,0.0,22.5,83,1016.3,15,19.2,23.3,285.0,1.3,118.0,2.6
2026-01-02 14:00:00,2026,1,2,14,Huế,Phường Phú Bài,16.409296,107.6779818,62,Moderate,1,24.5,60,0.0,21.7,86,1015.7,22,21.2,25.3,294.0,1.3,120.0,3.1
2026-01-02 15:00:00,2026,1,2,15,Huế,Phường Phú Bài,16.409296,107.6779818,62,Moderate,1,24.1,61,0.0,21.8,86,1015.8,26,23.6,28.1,304.0,1.7,122.0,3.8
2026-01-02 16:00:00,2026,1,2,16,Huế,Phường Phú Bài,16.409296,107.6779818,63,Moderate,1,23.3,66,0.0,21.3,86,1015.8,17,23.3,27.0,321.0,2.4,122.0,4.5
2026-01-02 17:00:00,2026,1,2,17,Huế,Phường Phú Bài,16.409296,107.6779818,64,Moderate,1,21.9,72,0.0,18.1,85,1016.8,46,24.3,27.6,355.0,3.9,120.0,5.1
2026-01-02 18:00:00,2026,1,2,18,Huế,Phường Phú Bài,16.409296,107.6779818,68,Moderate,1,21.2,76,0.1,15.2,95,1017.5,31,24.8,27.8,396.0,5.7,116.0,5.7
2026-01-02 19:00:00,2026,1,2,19,Huế,Phường Phú Bài,16.409296,107.6779818,69,Moderate,1,21.1,83,0.1,14.0,97,1017.7,45,21.8,25.1,423.0,6.5,102.0,5.3
2026-01-02 20:00:00,2026,1,2,20,Huế,Phường Phú Bài,16.409296,107.6779818,67,Moderate,1,20.1,85,0.2,17.0,95,1018.6,92,21.7,24.7,424.0,6.0,103.0,5.2
2026-01-02 21:00:00,2026,1,2,21,Huế,Phường Phú Bài,16.409296,107.6779818,67,Moderate,1,19.6,88,0.1,17.3,92,1019.1,68,21.7,25.3,411.0,5.2,105.0,5.0
2026-01-02 22:00:00,2026,1,2,22,Huế,Phường Phú Bài,16.409296,107.6779818,68,Moderate,1,19.5,89,0.2,9.6,120,1018.9,84,20.9,24.2,396.0,4.6,105.0,4.8
2026-01-02 23:00:00,2026,1,2,23,Huế,Phường Phú Bài,16.409296,107.6779818,68,Moderate,1,20.1,86,0.1,12.7,105,1018.7,34,19.8,23.2,383.0,4.3,103.0,4.5
2026-01-03 00:00:00,2026,1,3,0,Huế,Phường Phú Bài,16.409296,107.6779818,68,Moderate,1,19.6,87,0.1,15.8,102,1018.5,64,18.9,22.4,369.0,4.2,99.0,4.1
2026-01-03 01:00:00,2026,1,3,1,Huế,Phường Phú Bài,16.409296,107.6779818,67,Moderate,1,18.8,91,0.8,13.7,92,1018.2,92,18.6,21.9,358.0,4.1,96.0,3.7
2026-01-03 02:00:00,2026,1,3,2,Huế,Phường Phú Bài,16.409296,107.6779818,67,Moderate,1,19.5,90,0.2,14.8,111,1017.8,91,19.0,22.5,350.0,3.7,94.0,3.4
2026-01-03 03:00:00,2026,1,3,3,Huế,Phường Phú Bài,16.409296,107.6779818,67,Moderate,1,18.8,92,0.3,11.0,101,1017.7,75,18.7,22.1,346.0,3.4,93.0,3.2
2026-01-03 04:00:00,2026,1,3,4,Huế,Phường Phú Bài,16.409296,107.6779818,67,Moderate,1,19.0,91,0.1,12.0,116,1017.4,59,18.4,21.7,351.0,3.3,92.0,3.1
2026-01-03 05:00:00,2026,1,3,5,Huế,Phường Phú Bài,16.409296,107.6779818,67,Moderate,1,19.2,89,0.2,6.7,96,1017.9,95,17.9,21.3,375.0,3.9,90.0,3.3
2026-01-03 06:00:00,2026,1,3,6,Huế,Phường Phú Bài,16.409296,107.6779818,67,Moderate,1,18.3,96,0.8,8.7,112,1018.9,100,18.9,22.6,409.0,4.8,88.0,3.6
2026-01-03 07:00:00,2026,1,3,7,Huế,Phường Phú Bài,16.409296,107.6779818,67,Moderate,1,19.3,93,1.6,11.0,87,1019.0,100,19.3,22.8,427.0,5.9,83.0,4.0
2026-01-03 08:00:00,2026,1,3,8,Huế,Phường Phú Bài,16.409296,107.6779818,67,Moderate,1,19.4,92,0.2,14.8,91,1020.2,98,19.4,23.5,415.0,5.3,87.0,4.0
2026-01-03 09:00:00,2026,1,3,9,Huế,Phường Phú Bài,16.409296,107.6779818,67,Moderate,1,21.2,86,0.5,11.7,89,1020.4,95,19.1,22.3,389.0,4.5,94.0,3.9
2026-01-03 10:00:00,2026,1,3,10,Huế,Phường Phú Bài,16.409296,107.6779818,67,Moderate,1,22.8,72,0.2,18.3,84,1020.1,38,18.8,22.8,369.0,3.8,100.0,3.8
2026-01-03 11:00:00,2026,1,3,11,Huế,Phường Phú Bài,16.409296,107.6779818,67,Moderate,1,23.9,67,0.1,20.7,87,1019.4,45,17.9,22.1,367.0,3.2,106.0,3.6
2026-01-03 12:00:00,2026,1,3,12,Huế,Phường Phú Bài,16.409296,107.6779818,67,Moderate,1,23.8,67,0.1,21.5,81,1018.5,40,15.9,19.6,371.0,2.7,112.0,3.2
2026-01-03 13:00:00,2026,1,3,13,Huế,Phường Phú Bài,16.409296,107.6779818,67,Moderate,1,23.5,65,0.2,21.1,82,1017.4,52,17.4,21.3,374.0,2.4,117.0,3.0
2026-01-03 14:00:00,2026,1,3,14,Huế,Phường Phú Bài,16.409296,107.6779818,67,Moderate,1,23.2,65,0.0,20.2,85,1016.5,73,15.5,19.3,370.0,2.2,120.0,2.8
2026-01-03 15:00:00,2026,1,3,15,Huế,Phường Phú Bài,16.409296,107.6779818,67,Moderate,1,23.0,65,0.0,18.7,90,1016.2,85,15.4,19.2,364.0,2.1,120.0,2.7
2026-01-03 16:00:00,2026,1,3,16,Huế,Phường Phú Bài,16.409296,107.6779818,66,Moderate,1,22.6,65,0.0,17.5,92,1016.2,56,16.1,20.5,359.0,2.5,119.0,2.8
2026-01-03 17:00:00,2026,1,3,17,Huế,Phường Phú Bài,16.409296,107.6779818,65,Moderate,1,21.7,68,0.0,13.7,95,1016.6,51,16.0,20.0,353.0,3.5,115.0,3.1
2026-01-03 18:00:00,2026,1,3,18,Huế,Phường Phú Bài,16.409296,107.6779818,65,Moderate,1,20.8,71,0.0,12.5,106,1017.0,90,16.5,20.2,349.0,4.9,108.0,3.5
2026-01-03 19:00:00,2026,1,3,19,Huế,Phường Phú Bài,16.409296,107.6779818,64,Moderate,1,19.2,90,0.0,10.6,122,1017.9,73,16.6,20.1,354.0,7.9,92.0,4.0
2026-01-03 20:00:00,2026,1,3,20,Huế,Phường Phú Bài,16.409296,107.6779818,63,Moderate,1,19.9,85,0.0,10.2,122,1018.5,68,17.7,21.6,378.0,8.3,87.0,4.3
2026-01-03 21:00:00,2026,1,3,21,Huế,Phường Phú Bài,16.409296,107.6779818,63,Moderate,1,19.1,88,0.0,8.7,132,1018.5,80,18.2,22.1,412.0,8.8,80.0,4.6
2026-01-03 22:00:00,2026,1,3,22,Huế,Phường Phú Bài,16.409296,107.6779818,63,Moderate,1,18.8,90,0.1,5.3,147,1018.5,84,19.7,24.0,439.0,9.1,74.0,4.7
2026-01-03 23:00:00,2026,1,3,23,Huế,Phường Phú Bài,16.409296,107.6779818,63,Moderate,1,18.6,91,0.0,3.7,203,1018.1,63,20.9,25.5,455.0,9.1,71.0,4.3
2026-01-04 00:00:00,2026,1,4,0,Huế,Phường Phú Bài,16.409296,107.6779818,63,Moderate,1,18.3,94,0.0,6.8,233,1018.0,59,20.5,25.3,464.0,8.9,68.0,3.7
2026-01-04 01:00:00,2026,1,4,1,Huế,Phường Phú Bài,16.409296,107.6779818,63,Moderate,1,18.5,91,0.0,5.4,184,1017.8,100,19.7,24.3,461.0,8.6,66.0,3.2
2026-01-04 02:00:00,2026,1,4,2,Huế,Phường Phú Bài,16.409296,107.6779818,63,Moderate,1,18.0,95,0.1,3.1,216,1017.4,76,19.0,23.5,433.0,8.0,63.0,2.9
2026-01-04 03:00:00,2026,1,4,3,Huế,Phường Phú Bài,16.409296,107.6779818,63,Moderate,1,17.5,96,0.0,5.6,237,1017.1,59,18.2,22.6,393.0,7.4,61.0,2.6
2026-01-04 04:00:00,2026,1,4,4,Huế,Phường Phú Bài,16.409296,107.6779818,63,Moderate,1,17.0,97,0.0,8.2,238,1017.0,66,17.8,21.9,374.0,7.5,58.0,2.7
2026-01-04 05:00:00,2026,1,4,5,Huế,Phường Phú Bài,16.409296,107.6779818,63,Moderate,1,16.7,98,0.0,7.9,235,1017.2,63,17.5,21.8,405.0,9.3,52.0,3.4
2026-01-04 06:00:00,2026,1,4,6,Huế,Phường Phú Bài,16.409296,107.6779818,63,Moderate,1,16.5,98,0.0,5.0,215,1017.5,38,16.7,20.4,457.0,11.8,45.0,4.4
2026-01-04 07:00:00,2026,1,4,7,Huế,Phường Phú Bài,16.409296,107.6779818,63,Moderate,1,16.9,100,0.0,5.6,239,1018.0,98,16.4,19.5,472.0,10.5,55.0,4.7
2026-01-04 08:00:00,2026,1,4,8,Huế,Phường Phú Bài,16.409296,107.6779818,62,Moderate,1,19.4,94,0.0,2.8,235,1019.0,65,17.3,20.4,411.0,8.3,69.0,4.2
2026-01-04 09:00:00,2026,1,4,9,Huế,Phường Phú Bài,16.409296,107.6779818,62,Moderate,1,22.0,78,0.0,3.5,129,1019.5,56,15.7,20.4,312.0,5.1,87.0,3.4
2026-01-04 10:00:00,2026,1,4,10,Huế,Phường Phú Bài,16.409296,107.6779818,62,Moderate,1,22.9,72,0.1,8.3,96,1019.3,43,14.1,18.7,239.0,2.8,101.0,2.8
2026-01-04 11:00:00,2026,1,4,11,Huế,Phường Phú Bài,16.409296,107.6779818,61,Moderate,1,23.8,68,0.3,11.6,83,1018.5,94,13.7,18.2,219.0,1.9,106.0,2.5
2026-01-04 12:00:00,2026,1,4,12,Huế,Phường Phú Bài,16.409296,107.6779818,61,Moderate,1,24.2,63,0.0,12.3,75,1017.2,100,15.0,19.7,223.0,1.8,105.0,2.3
2026-01-04 13:00:00,2026,1,4,13,Huế,Phường Phú Bài,16.409296,107.6779818,61,Moderate,1,23.8,70,0.0,13.4,72,1016.3,57,14.8,19.3,230.0,1.9,104.0,2.2
2026-01-04 14:00:00,2026,1,4,14,Huế,Phường Phú Bài,16.409296,107.6779818,61,Moderate,1,24.0,70,0.2,14.8,74,1015.2,52,15.4,20.0,233.0,1.7,103.0,2.0
2026-01-04 15:00:00,2026,1,4,15,Huế,Phường Phú Bài,16.409296,107.6779818,61,Moderate,1,23.4,72,0.1,16.2,73,1014.9,100,14.7,19.0,238.0,1.7,101.0,1.9
2026-01-04 16:00:00,2026,1,4,16,Huế,Phường Phú Bài,16.409296,107.6779818,61,Moderate,1,23.0,72,0.0,15.2,76,1014.9,100,15.1,19.5,245.0,2.5,98.0,2.0
2026-01-04 17:00:00,2026,1,4,17,Huế,Phường Phú Bài,16.409296,107.6779818,61,Moderate,1,22.2,75,0.0,13.2,85,1015.0,100,15.4,19.4,255.0,4.6,92.0,2.6
2026-01-04 18:00:00,2026,1,4,18,Huế,Phường Phú Bài,16.409296,107.6779818,61,Moderate,1,22.1,75,0.0,11.3,100,1015.4,100,17.2,21.4,266.0,7.5,84.0,3.5
2026-01-04 19:00:00,2026,1,4,19,Huế,Phường Phú Bài,16.409296,107.6779818,61,Moderate,1,21.7,82,0.0,14.1,86,1015.8,97,16.4,20.4,275.0,8.1,83.0,3.8
2026-01-04 20:00:00,2026,1,4,20,Huế,Phường Phú Bài,16.409296,107.6779818,61,Moderate,1,22.0,80,0.1,12.7,97,1016.5,56,18.0,22.6,276.0,7.7,82.0,3.9
2026-01-04 21:00:00,2026,1,4,21,Huế,Phường Phú Bài,16.409296,107.6779818,61,Moderate,1,21.8,81,0.1,11.1,107,1016.9,52,17.1,21.3,275.0,7.3,81.0,4.0
2026-01-04 22:00:00,2026,1,4,22,Huế,Phường Phú Bài,16.409296,107.6779818,60,Moderate,1,21.4,82,0.0,8.6,112,1017.1,63,17.1,21.1,280.0,7.3,78.0,4.1
2026-01-04 23:00:00,2026,1,4,23,Huế,Phường Phú Bài,16.409296,107.6779818,60,Moderate,1,20.2,89,0.0,5.3,147,1017.2,41,17.9,22.0,296.0,8.2,71.0,3.9
2026-01-05 00:00:00,2026,1,5,0,Huế,Phường Phú Bài,16.409296,107.6779818,60,Moderate,1,19.4,92,0.1,3.6,177,1017.1,59,18.8,22.8,318.0,9.6,63.0,3.7
2026-01-05 01:00:00,2026,1,5,1,Huế,Phường Phú Bài,16.409296,107.6779818,60,Moderate,1,19.3,94,0.0,1.1,198,1016.8,54,19.9,24.2,341.0,10.8,57.0,3.7
2026-01-05 02:00:00,2026,1,5,2,Huế,Phường Phú Bài,16.409296,107.6779818,60,Moderate,1,18.8,96,0.0,1.0,239,1016.4,64,20.9,25.3,366.0,11.6,54.0,4.0
2026-01-05 03:00:00,2026,1,5,3,Huế,Phường Phú Bài,16.409296,107.6779818,60,Moderate,1,18.6,95,0.0,0.9,233,1015.9,41,21.7,26.1,392.0,12.4,54.0,4.5
2026-01-05 04:00:00,2026,1,5,4,Huế,Phường Phú Bài,16.409296,107.6779818,60,Moderate,1,18.7,96,0.0,1.7,167,1015.9,100,23.1,27.9,414.0,13.0,55.0,5.2
2026-01-05 05:00:00,2026,1,5,5,Huế,Phường Phú Bài,16.409296,107.6779818,61,Moderate,1,18.8,97,0.1,2.8,195,1016.3,98,22.8,27.8,439.0,14.1,58.0,6.5
2026-01-05 06:00:00,2026,1,5,6,Huế,Phường Phú Bài,16.409296,107.6779818,61,Moderate,1,18.6,98,0.1,4.4,218,1016.8,93,23.2,28.5,459.0,15.2,63.0,7.9
2026-01-05 07:00:00,2026,1,5,7,Huế,Phường Phú Bài,16.409296,107.6779818,62,Moderate,1,20.2,92,0.1,8.0,108,1017.7,100,24.9,29.3,449.0,17.9,49.0,7.4
2026-01-05 08:00:00,2026,1,5,8,Huế,Phường Phú Bài,16.409296,107.6779818,63,Moderate,1,21.7,87,0.2,7.8,105,1018.5,91,21.2,25.7,381.0,13.3,65.0,6.0
2026-01-05 09:00:00,2026,1,5,9,Huế,Phường Phú Bài,16.409296,107.6779818,63,Moderate,1,23.0,75,0.1,11.0,92,1019.0,55,16.2,20.6,284.0,6.8,88.0,4.0
2026-01-05 10:00:00,2026,1,5,10,Huế,Phường Phú Bài,16.409296,107.6779818,63,Moderate,1,24.5,64,0.0,14.7,75,1018.9,96,14.8,19.7,212.0,2.1,105.0,2.5
2026-01-05 11:00:00,2026,1,5,11,Huế,Phường Phú Bài,16.409296,107.6779818,63,Moderate,1,25.1,61,0.0,16.0,67,1018.7,98,14.6,19.3,193.0,0.6,110.0,1.9
2026-01-05 12:00:00,2026,1,5,12,Huế,Phường Phú Bài,16.409296,107.6779818,63,Moderate,1,25.2,60,0.0,14.7,65,1017.8,34,14.6,19.0,200.0,0.8,109.0,1.7
2026-01-05 13:00:00,2026,1,5,13,Huế,Phường Phú Bài,16.409296,107.6779818,63,Moderate,1,25.4,60,0.0,16.4,64,1016.6,33,14.9,19.1,209.0,1.2,108.0,1.6
2026-01-05 14:00:00,2026,1,5,14,Huế,Phường Phú Bài,16.409296,107.6779818,63,Moderate,1,25.1,61,0.0,15.4,71,1016.1,98,17.4,22.3,209.0,1.0,109.0,1.5
2026-01-05 15:00:00,2026,1,5,15,Huế,Phường Phú Bài,16.409296,107.6779818,63,Moderate,1,24.6,62,0.0,15.4,71,1016.1,34,15.3,19.4,211.0,0.9,109.0,1.5
2026-01-05 16:00:00,2026,1,5,16,Huế,Phường Phú Bài,16.409296,107.6779818,63,Moderate,1,23.7,65,0.0,14.3,75,1016.4,37,14.4,18.2,219.0,1.8,107.0,1.8
2026-01-05 17:00:00,2026,1,5,17,Huế,Phường Phú Bài,16.409296,107.6779818,63,Moderate,1,22.5,69,0.0,10.6,80,1017.0,82,14.6,18.3,236.0,4.3,100.0,2.5
2026-01-05 18:00:00,2026,1,5,18,Huế,Phường Phú Bài,16.409296,107.6779818,63,Moderate,1,20.8,80,0.0,6.5,88,1017.6,100,15.7,18.9,260.0,7.8,89.0,3.6
2026-01-05 19:00:00,2026,1,5,19,Huế,Phường Phú Bài,16.409296,107.6779818,63,Moderate,1,20.9,88,0.0,7.5,80,1018.1,63,15.1,18.1,288.0,8.9,86.0,4.3
2026-01-05 20:00:00,2026,1,5,20,Huế,Phường Phú Bài,16.409296,107.6779818,63,Moderate,1,20.9,86,0.0,7.6,104,1018.7,81,17.7,21.0,328.0,11.4,82.0,6.0
2026-01-05 21:00:00,2026,1,5,21,Huế,Phường Phú Bài,16.409296,107.6779818,63,Moderate,1,20.4,87,0.0,7.3,121,1019.0,64,20.2,23.7,371.0,14.8,76.0,8.3
2026-01-05 22:00:00,2026,1,5,22,Huế,Phường Phú Bài,16.409296,107.6779818,63,Moderate,1,19.7,91,0.0,5.4,165,1018.9,45,22.1,25.7,391.0,17.0,72.0,9.7
2026-01-05 23:00:00,2026,1,5,23,Huế,Phường Phú Bài,16.409296,107.6779818,64,Moderate,1,19.1,94,0.0,5.6,207,1018.7,30,23.2,27.1,367.0,17.1,70.0,9.5
2026-01-06 00:00:00,2026,1,6,0,Huế,Phường Phú Bài,16.409296,107.6779818,64,Moderate,1,18.5,96,0.0,8.0,230,1018.5,45,22.9,27.2,320.0,16.1,69.0,8.4
2026-01-06 01:00:00,2026,1,6,1,Huế,Phường Phú Bài,16.409296,107.6779818,64,Moderate,1,18.2,98,0.0,6.3,219,1018.2,48,22.6,27.0,285.0,14.8,69.0,7.4
2026-01-06 02:00:00,2026,1,6,2,Huế,Phường Phú Bài,16.409296,107.6779818,65,Moderate,1,18.5,98,0.1,8.0,228,1017.8,55,22.2,26.5,273.0,13.2,70.0,6.7
2026-01-06 03:00:00,2026,1,6,3,Huế,Phường Phú Bài,16.409296,107.6779818,65,Moderate,1,18.3,98,0.1,7.9,229,1017.3,57,21.2,25.7,273.0,11.2,73.0,6.0
2026-01-06 04:00:00,2026,1,6,4,Huế,Phường Phú Bài,16.409296,107.6779818,65,Moderate,1,18.1,98,0.1,9.4,228,1017.6,69,19.7,24.1,285.0,9.6,76.0,5.5
2026-01-06 05:00:00,2026,1,6,5,Huế,Phường Phú Bài,16.409296,107.6779818,64,Moderate,1,18.0,98,0.3,4.3,228,1018.3,98,18.4,22.5,317.0,8.8,78.0,5.2
2026-01-06 06:00:00,2026,1,6,6,Huế,Phường Phú Bài,16.409296,107.6779818,64,Moderate,1,18.4,97,0.1,2.1,200,1018.9,100,16.7,20.4,360.0,8.3,81.0,5.2
2026-01-06 07:00:00,2026,1,6,7,Huế,Phường Phú Bài,16.409296,107.6779818,64,Moderate,1,19.2,92,0.1,5.4,150,1019.2,58,17.2,21.0,388.0,6.7,90.0,5.2
2026-01-06 08:00:00,2026,1,6,8,Huế,Phường Phú Bài,16.409296,107.6779818,63,Moderate,1,20.5,88,0.1,7.8,95,1020.3,100,18.0,21.8,383.0,5.5,101.0,6.0
2026-01-06 09:00:00,2026,1,6,9,Huế,Phường Phú Bài,16.409296,107.6779818,63,Moderate,1,21.7,84,0.4,9.5,99,1020.8,100,18.6,22.4,364.0,3.8,117.0,7.2
2026-01-06 10:00:00,2026,1,6,10,Huế,Phường Phú Bài,16.409296,107.6779818,63,Moderate,1,22.7,73,0.3,15.9,63,1021.1,70,20.5,24.9,352.0,2.6,129.0,7.9
2026-01-06 11:00:00,2026,1,6,11,Huế,Phường Phú Bài,16.409296,107.6779818,63,Moderate,1,23.0,69,0.1,16.3,68,1021.0,47,20.7,24.2,361.0,2.2,135.0,8.0
2026-01-06 12:00:00,2026,1,6,12,Huế,Phường Phú Bài,16.409296,107.6779818,64,Moderate,1,23.2,67,0.2,17.5,66,1020.1,51,23.1,25.5,378.0,2.2,137.0,7.7
2026-01-06 13:00:00,2026,1,6,13,Huế,Phường Phú Bài,16.409296,107.6779818,65,Moderate,1,23.2,68,0.2,14.9,65,1019.1,65,24.9,27.6,392.0,2.3,138.0,7.2
2026-01-06 14:00:00,2026,1,6,14,Huế,Phường Phú Bài,16.409296,107.6779818,65,Moderate,1,22.8,70,0.2,15.3,59,1018.2,99,25.1,28.2,395.0,2.3,137.0,6.4
2026-01-06 15:00:00,2026,1,6,15,Huế,Phường Phú Bài,16.409296,107.6779818,76,Moderate,1,21.0,83,0.7,13.7,56,1018.2,99,25.0,27.5,394.0,2.4,135.0,5.4
2026-01-06 16:00:00,2026,1,6,16,Huế,Phường Phú Bài,16.409296,107.6779818,85,Moderate,1,20.3,85,0.4,14.0,55,1018.5,100,24.8,27.1,399.0,3.0,131.0,4.9
2026-01-06 17:00:00,2026,1,6,17,Huế,Phường Phú Bài,16.409296,107.6779818,92,Moderate,1,19.2,95,1.5,12.7,60,1019.2,100,24.2,26.3,417.0,4.7,125.0,5.2
2026-01-06 18:00:00,2026,1,6,18,Huế,Phường Phú Bài,16.409296,107.6779818,93,Moderate,1,19.0,95,0.6,10.0,57,1019.8,100,23.6,25.7,440.0,6.8,117.0,6.0
2026-01-06 19:00:00,2026,1,6,19,Huế,Phường Phú Bài,16.409296,107.6779818,91,Moderate,1,19.5,92,0.4,12.9,67,1020.4,100,24.6,26.8,458.0,7.6,108.0,5.4
2026-01-06 20:00:00,2026,1,6,20,Huế,Phường Phú Bài,16.409296,107.6779818,85,Moderate,1,19.1,95,1.6,13.2,59,1021.4,100,23.6,26.5,467.0,7.2,106.0,5.4
2026-01-06 21:00:00,2026,1,6,21,Huế,Phường Phú Bài,16.409296,107.6779818,79,Moderate,1,18.9,96,1.2,8.8,64,1022.0,100,22.4,25.0,471.0,6.6,103.0,5.3
2026-01-06 22:00:00,2026,1,6,22,Huế,Phường Phú Bài,16.409296,107.6779818,71,Moderate,1,18.8,96,1.8,11.0,48,1021.7,100,23.6,26.5,469.0,6.0,100.0,5.2
2026-01-06 23:00:00,2026,1,6,23,Huế,Phường Phú Bài,16.409296,107.6779818,71,Moderate,1,18.6,96,1.8,11.7,44,1021.3,100,23.6,26.0,456.0,5.3,98.0,4.9
2026-01-07 00:00:00,2026,1,7,0,Huế,Phường Phú Bài,16.409296,107.6779818,71,Moderate,1,18.7,95,1.1,9.5,27,1021.1,100,21.9,24.6,437.0,4.7,96.0,4.4
2026-01-07 01:00:00,2026,1,7,1,Huế,Phường Phú Bài,16.409296,107.6779818,71,Moderate,1,18.5,93,2.2,8.7,30,1020.9,100,21.9,25.3,423.0,4.1,94.0,4.0
2026-01-07 02:00:00,2026,1,7,2,Huế,Phường Phú Bài,16.409296,107.6779818,71,Moderate,1,18.3,96,3.1,7.1,9,1020.3,100,20.4,23.4,417.0,3.7,90.0,3.6
2026-01-07 03:00:00,2026,1,7,3,Huế,Phường Phú Bài,16.409296,107.6779818,71,Moderate,1,18.5,94,1.8,1.3,56,1020.0,100,19.7,22.8,416.0,3.4,85.0,3.2
2026-01-07 04:00:00,2026,1,7,4,Huế,Phường Phú Bài,16.409296,107.6779818,71,Moderate,1,18.4,95,2.0,5.6,33,1020.1,100,19.4,22.4,420.0,3.4,82.0,3.1
2026-01-07 05:00:00,2026,1,7,5,Huế,Phường Phú Bài,16.409296,107.6779818,71,Moderate,1,18.6,95,4.3,2.8,345,1020.5,100,18.1,20.2,431.0,3.9,81.0,3.5
2026-01-07 06:00:00,2026,1,7,6,Huế,Phường Phú Bài,16.409296,107.6779818,71,Moderate,1,18.0,96,5.3,12.9,35,1021.0,100,18.7,21.0,447.0,4.7,81.0,4.1
2026-01-07 07:00:00,2026,1,7,7,Huế,Phường Phú Bài,16.409296,107.6779818,71,Moderate,1,18.0,94,4.4,14.9,358,1022.1,100,18.6,20.8,459.0,5.4,83.0,3.9
2026-01-07 08:00:00,2026,1,7,8,Huế,Phường Phú Bài,16.409296,107.6779818,71,Moderate,1,18.6,89,0.4,17.2,6,1022.9,100,19.6,22.0,464.0,5.8,82.0,4.4
2026-01-07 09:00:00,2026,1,7,9,Huế,Phường Phú Bài,16.409296,107.6779818,71,Moderate,1,19.0,87,0.4,17.6,11,1023.5,100,18.6,20.8,465.0,6.3,81.0,5.1
2026-01-07 10:00:00,2026,1,7,10,Huế,Phường Phú Bài,16.409296,107.6779818,71,Moderate,1,19.5,81,0.1,16.6,10,1023.4,100,18.3,20.4,464.0,6.4,82.0,5.7
2026-01-07 11:00:00,2026,1,7,11,Huế,Phường Phú Bài,16.409296,107.6779818,71,Moderate,1,20.1,69,0.0,15.1,12,1023.1,100,18.5,20.6,459.0,5.8,87.0,6.1
2026-01-07 12:00:00,2026,1,7,12,Huế,Phường Phú Bài,16.409296,107.6779818,71,Moderate,1,20.5,67,0.0,16.6,15,1022.1,100,19.2,21.9,450.0,4.7,94.0,6.4
2026-01-07 13:00:00,2026,1,7,13,Huế,Phường Phú Bài,16.409296,107.6779818,70,Moderate,1,19.9,66,0.1,18.0,2,1021.5,100,20.7,23.7,444.0,4.0,102.0,6.7
2026-01-07 14:00:00,2026,1,7,14,Huế,Phường Phú Bài,16.409296,107.6779818,70,Moderate,1,20.0,64,0.0,15.5,3,1020.4,100,21.8,24.5,438.0,3.5,111.0,7.1
2026-01-07 15:00:00,2026,1,7,15,Huế,Phường Phú Bài,16.409296,107.6779818,70,Moderate,1,19.9,65,0.0,13.0,360,1020.1,100,24.6,28.1,434.0,3.3,119.0,7.5
2026-01-07 16:00:00,2026,1,7,16,Huế,Phường Phú Bài,16.409296,107.6779818,70,Moderate,1,19.6,66,0.0,11.3,2,1020.2,100,25.7,29.1,439.0,4.0,123.0,7.9
2026-01-07 17:00:00,2026,1,7,17,Huế,Phường Phú Bài,16.409296,107.6779818,70,Moderate,1,19.5,67,0.0,7.8,351,1020.4,100,26.8,28.9,464.0,6.3,118.0,8.3
2026-01-07 18:00:00,2026,1,7,18,Huế,Phường Phú Bài,16.409296,107.6779818,70,Moderate,1,19.0,71,0.0,3.2,236,1020.7,100,29.1,31.1,498.0,9.5,108.0,8.8
2026-01-07 19:00:00,2026,1,7,19,Huế,Phường Phú Bài,16.409296,107.6779818,71,Moderate,1,17.9,88,0.0,9.0,233,1021.5,100,26.7,28.3,521.0,11.3,90.0,8.6
2026-01-07 20:00:00,2026,1,7,20,Huế,Phường Phú Bài,16.409296,107.6779818,71,Moderate,1,17.4,89,0.0,9.6,233,1022.2,77,28.8,30.6,522.0,11.4,87.0,8.6
2026-01-07 21:00:00,2026,1,7,21,Huế,Phường Phú Bài,16.409296,107.6779818,71,Moderate,1,17.0,90,0.0,10.0,236,1022.2,82,30.6,32.6,512.0,11.5,84.0,8.6
2026-01-07 22:00:00,2026,1,7,22,Huế,Phường Phú Bài,16.409296,107.6779818,72,Moderate,1,17.1,91,0.0,9.2,244,1021.9,55,32.0,34.3,505.0,11.3,82.0,8.5
2026-01-07 23:00:00,2026,1,7,23,Huế,Phường Phú Bài,16.409296,107.6779818,73,Moderate,1,16.5,95,0.0,7.3,234,1021.9,97,33.9,37.1,510.0,10.5,82.0,8.1
2026-01-08 00:00:00,2026,1,8,0,Huế,Phường Phú Bài,16.409296,107.6779818,74,Moderate,1,16.8,94,0.0,7.3,239,1021.5,63,34.6,38.2,518.0,9.3,84.0,7.6
2026-01-08 01:00:00,2026,1,8,1,Huế,Phường Phú Bài,16.409296,107.6779818,75,Moderate,1,16.6,95,0.0,7.1,236,1021.4,43,34.8,38.4,516.0,8.2,86.0,7.2
2026-01-08 02:00:00,2026,1,8,2,Huế,Phường Phú Bài,16.409296,107.6779818,76,Moderate,1,16.4,98,0.4,2.7,247,1021.2,95,33.8,36.8,491.0,7.0,88.0,6.8
2026-01-08 03:00:00,2026,1,8,3,Huế,Phường Phú Bài,16.409296,107.6779818,77,Moderate,1,16.8,99,0.4,5.7,279,1020.8,100,34.6,37.0,455.0,5.9,89.0,6.5
2026-01-08 04:00:00,2026,1,8,4,Huế,Phường Phú Bài,16.409296,107.6779818,78,Moderate,1,17.0,97,0.2,4.4,12,1020.9,100,33.3,35.3,431.0,5.3,91.0,6.4
2026-01-08 05:00:00,2026,1,8,5,Huế,Phường Phú Bài,16.409296,107.6779818,80,Moderate,1,17.1,95,0.9,6.8,349,1021.5,99,33.5,35.9,434.0,5.7,93.0,6.9
2026-01-08 06:00:00,2026,1,8,6,Huế,Phường Phú Bài,16.409296,107.6779818,81,Moderate,1,17.0,96,1.0,5.6,353,1022.0,100,34.0,36.3,448.0,6.6,95.0,7.7
2026-01-08 07:00:00,2026,1,8,7,Huế,Phường Phú Bài,16.409296,107.6779818,82,Moderate,1,17.0,96,2.2,6.7,352,1022.7,100,28.3,30.7,452.0,6.7,97.0,7.1
2026-01-08 08:00:00,2026,1,8,8,Huế,Phường Phú Bài,16.409296,107.6779818,83,Moderate,1,17.6,94,0.7,7.7,344,1023.8,91,30.2,32.6,431.0,6.3,98.0,7.4
2026-01-08 09:00:00,2026,1,8,9,Huế,Phường Phú Bài,16.409296,107.6779818,84,Moderate,1,18.9,87,0.3,10.8,360,1024.3,100,27.8,31.0,399.0,5.7,100.0,7.8
2026-01-08 10:00:00,2026,1,8,10,Huế,Phường Phú Bài,16.409296,107.6779818,85,Moderate,1,18.5,94,1.0,9.5,21,1024.2,100,28.1,31.5,376.0,4.9,104.0,8.0
2026-01-08 11:00:00,2026,1,8,11,Huế,Phường Phú Bài,16.409296,107.6779818,86,Moderate,1,18.8,85,1.0,11.6,42,1023.5,100,28.0,30.6,373.0,3.8,110.0,7.7
2026-01-08 12:00:00,2026,1,8,12,Huế,Phường Phú Bài,16.409296,107.6779818,87,Moderate,1,18.1,91,2.6,15.3,9,1022.7,100,26.2,28.9,379.0,2.6,118.0,7.2
2026-01-08 13:00:00,2026,1,8,13,Huế,Phường Phú Bài,16.409296,107.6779818,87,Moderate,1,17.9,92,1.5,13.1,9,1021.7,100,26.4,28.8,382.0,1.8,125.0,7.0
2026-01-08 14:00:00,2026,1,8,14,Huế,Phường Phú Bài,16.409296,107.6779818,88,Moderate,1,19.9,74,0.2,12.0,13,1020.7,100,28.3,30.7,372.0,1.5,131.0,7.5
2026-01-08 15:00:00,2026,1,8,15,Huế,Phường Phú Bài,16.409296,107.6779818,88,Moderate,1,20.6,65,0.1,13.3,9,1020.2,100,29.3,31.9,358.0,1.5,137.0,8.3
2026-01-08 16:00:00,2026,1,8,16,Huế,Phường Phú Bài,16.409296,107.6779818,89,Moderate,1,20.5,62,0.0,15.5,3,1020.1,98,29.7,32.2,357.0,2.3,138.0,9.1
2026-01-08 17:00:00,2026,1,8,17,Huế,Phường Phú Bài,16.409296,107.6779818,89,Moderate,1,19.5,63,0.0,12.6,2,1020.5,88,29.2,31.5,379.0,4.3,133.0,9.7
2026-01-08 18:00:00,2026,1,8,18,Huế,Phường Phú Bài,16.409296,107.6779818,89,Moderate,1,18.8,64,0.0,8.3,4,1020.8,99,32.0,34.3,414.0,7.0,124.0,10.4
2026-01-08 19:00:00,2026,1,8,19,Huế,Phường Phú Bài,16.409296,107.6779818,90,Moderate,1,17.0,74,0.0,5.5,308,1021.4,52,26.5,28.3,442.0,9.0,105.0,10.7
2026-01-08 20:00:00,2026,1,8,20,Huế,Phường Phú Bài,16.409296,107.6779818,90,Moderate,1,17.5,75,0.0,2.3,270,1021.9,100,26.1,27.9,459.0,9.3,104.0,11.3
2026-01-08 21:00:00,2026,1,8,21,Huế,Phường Phú Bài,16.409296,107.6779818,89,Moderate,1,16.8,79,0.0,2.8,207,1021.9,100,29.3,31.5,470.0,9.8,102.0,12.2
2026-01-08 22:00:00,2026,1,8,22,Huế,Phường Phú Bài,16.409296,107.6779818,89,Moderate,1,17.2,81,0.0,8.1,209,1021.5,100,31.0,33.5,472.0,10.4,100.0,12.9
2026-01-08 23:00:00,2026,1,8,23,Huế,Phường Phú Bài,16.409296,107.6779818,89,Moderate,1,16.6,80,0.0,10.0,218,1021.0,97,32.8,36.2,463.0,11.3,98.0,13.6
2026-01-09 00:00:00,2026,1,9,0,Huế,Phường Phú Bài,16.409296,107.6779818,89,Moderate,1,16.0,82,0.0,6.9,203,1020.6,70,33.5,37.0,445.0,12.4,96.0,14.2
2026-01-09 01:00:00,2026,1,9,1,Huế,Phường Phú Bài,16.409296,107.6779818,89,Moderate,1,15.2,90,0.0,2.7,180,1020.2,73,36.0,39.1,426.0,13.0,92.0,14.1
2026-01-09 02:00:00,2026,1,9,2,Huế,Phường Phú Bài,16.409296,107.6779818,89,Moderate,1,15.1,95,0.0,5.2,200,1019.5,60,38.5,40.7,402.0,12.4,84.0,12.9
2026-01-09 03:00:00,2026,1,9,3,Huế,Phường Phú Bài,16.409296,107.6779818,89,Moderate,1,14.9,94,0.0,6.4,212,1019.3,47,39.2,41.1,377.0,11.4,74.0,11.0
2026-01-09 04:00:00,2026,1,9,4,Huế,Phường Phú Bài,16.409296,107.6779818,90,Moderate,1,14.4,92,0.0,6.0,224,1019.4,55,39.9,41.6,366.0,11.2,64.0,9.6
2026-01-09 05:00:00,2026,1,9,5,Huế,Phường Phú Bài,16.409296,107.6779818,90,Moderate,1,14.2,93,0.0,6.3,239,1019.6,10,39.2,40.7,384.0,13.4,49.0,9.0
2026-01-09 06:00:00,2026,1,9,6,Huế,Phường Phú Bài,16.409296,107.6779818,91,Moderate,1,13.9,94,0.0,6.9,237,1020.0,53,39.0,40.3,416.0,16.5,35.0,8.9
2026-01-09 07:00:00,2026,1,9,7,Huế,Phường Phú Bài,16.409296,107.6779818,91,Moderate,1,15.1,87,0.0,7.0,228,1021.0,73,37.0,41.4,439.0,14.2,90.0,16.0
2026-01-09 08:00:00,2026,1,9,8,Huế,Phường Phú Bài,16.409296,107.6779818,92,Moderate,1,17.5,79,0.0,4.0,216,1021.9,100,33.2,36.0,445.0,10.9,101.0,13.7
2026-01-09 09:00:00,2026,1,9,9,Huế,Phường Phú Bài,16.409296,107.6779818,92,Moderate,1,18.5,75,0.1,0.4,207,1022.5,100,30.0,32.8,441.0,6.3,116.0,10.6
2026-01-09 10:00:00,2026,1,9,10,Huế,Phường Phú Bài,16.409296,107.6779818,93,Moderate,1,18.9,76,0.2,1.5,173,1022.3,100,27.0,29.5,426.0,2.8,127.0,8.1
2026-01-09 11:00:00,2026,1,9,11,Huế,Phường Phú Bài,16.409296,107.6779818,92,Moderate,1,19.9,70,0.0,2.5,111,1021.6,81,24.6,26.8,390.0,1.6,131.0,6.9
2026-01-09 12:00:00,2026,1,9,12,Huế,Phường Phú Bài,16.409296,107.6779818,92,Moderate,1,21.5,62,0.0,7.0,78,1020.5,59,22.6,24.7,342.0,1.5,131.0,6.3
2026-01-09 13:00:00,2026,1,9,13,Huế,Phường Phú Bài,16.409296,107.6779818,92,Moderate,1,21.9,60,0.0,10.9,54,1019.1,53,20.7,22.8,307.0,1.6,130.0,5.9
2026-01-09 14:00:00,2026,1,9,14,Huế,Phường Phú Bài,16.409296,107.6779818,91,Moderate,1,21.5,61,0.0,11.0,49,1018.2,13,19.6,21.6,292.0,1.2,131.0,5.5
2026-01-09 15:00:00,2026,1,9,15,Huế,Phường Phú Bài,16.409296,107.6779818,91,Moderate,1,21.2,60,0.0,9.3,50,1017.9,12,19.1,21.1,290.0,1.0,131.0,5.3
2026-01-09 16:00:00,2026,1,9,16,Huế,Phường Phú Bài,16.409296,107.6779818,90,Moderate,1,21.1,61,0.0,8.6,51,1017.8,9,18.7,20.8,303.0,2.1,128.0,5.6
2026-01-09 17:00:00,2026,1,9,17,Huế,Phường Phú Bài,16.409296,107.6779818,89,Moderate,1,20.0,67,0.0,5.1,63,1018.2,5,18.9,20.7,342.0,5.7,120.0,6.7
2026-01-09 18:00:00,2026,1,9,18,Huế,Phường Phú Bài,16.409296,107.6779818,88,Moderate,1,17.6,78,0.0,4.1,119,1018.7,2,20.7,22.6,397.0,10.5,109.0,8.4
2026-01-09 19:00:00,2026,1,9,19,Huế,Phường Phú Bài,16.409296,107.6779818,87,Moderate,1,17.4,80,0.0,4.4,81,1018.9,17,22.1,24.6,438.0,16.2,93.0,9.9
2026-01-09 20:00:00,2026,1,9,20,Huế,Phường Phú Bài,16.409296,107.6779818,86,Moderate,1,17.2,78,0.0,2.7,122,1019.1,25,24.5,27.1,457.0,17.8,89.0,11.4
2026-01-09 21:00:00,2026,1,9,21,Huế,Phường Phú Bài,16.409296,107.6779818,86,Moderate,1,16.2,81,0.0,3.6,180,1019.2,2,26.0,28.5,464.0,20.0,83.0,13.5
2026-01-09 22:00:00,2026,1,9,22,Huế,Phường Phú Bài,16.409296,107.6779818,86,Moderate,1,14.9,89,0.0,4.2,200,1019.1,91,28.2,30.7,455.0,21.7,76.0,14.5
2026-01-09 23:00:00,2026,1,9,23,Huế,Phường Phú Bài,16.409296,107.6779818,86,Moderate,1,14.3,92,0.0,5.6,211,1018.7,88,29.9,32.5,422.0,22.6,67.0,13.6
2026-01-10 00:00:00,2026,1,10,0,Huế,Phường Phú Bài,16.409296,107.6779818,85,Moderate,1,13.7,94,0.0,8.1,219,1018.4,72,31.0,32.7,374.0,23.0,56.0,11.7
2026-01-10 01:00:00,2026,1,10,1,Huế,Phường Phú Bài,16.409296,107.6779818,85,Moderate,1,13.7,96,0.0,9.4,223,1017.9,62,32.0,33.1,338.0,22.7,46.0,9.6
2026-01-10 02:00:00,2026,1,10,2,Huế,Phường Phú Bài,16.409296,107.6779818,85,Moderate,1,13.9,93,0.0,9.4,227,1017.3,89,31.0,31.8,323.0,21.5,35.0,7.4
2026-01-10 03:00:00,2026,1,10,3,Huế,Phường Phú Bài,16.409296,107.6779818,84,Moderate,1,14.1,91,0.0,8.7,225,1016.7,91,30.3,30.9,320.0,19.6,25.0,5.1
2026-01-10 04:00:00,2026,1,10,4,Huế,Phường Phú Bài,16.409296,107.6779818,83,Moderate,1,14.6,89,0.0,8.0,224,1017.0,84,28.1,28.5,324.0,17.9,20.0,3.7
2026-01-10 05:00:00,2026,1,10,5,Huế,Phường Phú Bài,16.409296,107.6779818,82,Moderate,1,14.6,88,0.0,7.2,219,1017.1,97,23.9,24.4,342.0,17.0,21.0,4.1
2026-01-10 06:00:00,2026,1,10,6,Huế,Phường Phú Bài,16.409296,107.6779818,81,Moderate,1,14.9,86,0.0,6.5,212,1017.8,92,21.0,21.5,368.0,16.2,28.0,5.5
2026-01-10 07:00:00,2026,1,10,7,Huế,Phường Phú Bài,16.409296,107.6779818,79,Moderate,1,15.0,86,0.0,8.0,186,1018.3,100,21.2,21.8,378.0,12.8,49.0,7.5
2026-01-10 08:00:00,2026,1,10,8,Huế,Phường Phú Bài,16.409296,107.6779818,78,Moderate,1,17.0,80,0.0,8.0,196,1019.0,85,18.9,19.4,356.0,10.1,69.0,7.7
2026-01-10 09:00:00,2026,1,10,9,Huế,Phường Phú Bài,16.409296,107.6779818,77,Moderate,1,20.1,65,0.0,6.1,183,1019.6,78,16.5,17.9,319.0,6.4,98.0,7.8
2026-01-10 10:00:00,2026,1,10,10,Huế,Phường Phú Bài,16.409296,107.6779818,76,Moderate,1,21.8,58,0.0,7.3,106,1019.5,73,18.9,22.1,286.0,3.6,119.0,7.8
2026-01-10 11:00:00,2026,1,10,11,Huế,Phường Phú Bài,16.409296,107.6779818,75,Moderate,1,22.1,59,0.1,7.8,83,1018.8,83,19.6,22.4,264.0,2.4,127.0,7.3
2026-01-10 12:00:00,2026,1,10,12,Huế,Phường Phú Bài,16.409296,107.6779818,74,Moderate,1,22.5,58,0.2,8.1,78,1018.1,85,20.2,22.6,248.0,2.1,129.0,6.6
2026-01-10 13:00:00,2026,1,10,13,Huế,Phường Phú Bài,16.409296,107.6779818,74,Moderate,1,23.0,53,0.0,9.8,85,1017.3,91,21.5,24.2,240.0,2.0,129.0,6.0
2026-01-10 14:00:00,2026,1,10,14,Huế,Phường Phú Bài,16.409296,107.6779818,74,Moderate,1,23.0,53,0.0,10.3,77,1016.6,99,22.2,25.0,243.0,1.5,130.0,5.5
2026-01-10 15:00:00,2026,1,10,15,Huế,Phường Phú Bài,16.409296,107.6779818,75,Moderate,1,22.5,55,0.0,10.5,73,1016.4,98,22.2,25.3,253.0,1.2,130.0,5.2
2026-01-10 16:00:00,2026,1,10,16,Huế,Phường Phú Bài,16.409296,107.6779818,75,Moderate,1,21.8,57,0.0,10.3,67,1016.6,58,22.4,25.6,269.0,2.0,127.0,5.3
2026-01-10 17:00:00,2026,1,10,17,Huế,Phường Phú Bài,16.409296,107.6779818,77,Moderate,1,21.0,62,0.0,5.8,70,1016.9,80,22.4,25.5,293.0,5.0,118.0,6.2
2026-01-10 18:00:00,2026,1,10,18,Huế,Phường Phú Bài,16.409296,107.6779818,81,Moderate,1,19.5,71,0.0,4.5,83,1017.3,49,23.5,25.9,322.0,9.1,107.0,7.4
2026-01-10 19:00:00,2026,1,10,19,Huế,Phường Phú Bài,16.409296,107.6779818,79,Moderate,1,19.4,78,0.0,3.4,16,1018.2,68,25.6,28.2,340.0,17.9,92.0,9.5
2026-01-10 20:00:00,2026,1,10,20,Huế,Phường Phú Bài,16.409296,107.6779818,76,Moderate,1,19.2,76,0.0,1.3,82,1019.1,71,26.7,29.5,340.0,18.0,91.0,10.4
2026-01-10 21:00:00,2026,1,10,21,Huế,Phường Phú Bài,16.409296,107.6779818,76,Moderate,1,18.1,78,0.0,1.3,146,1019.5,10,27.1,29.9,330.0,18.1,89.0,11.6
2026-01-10 22:00:00,2026,1,10,22,Huế,Phường Phú Bài,16.409296,107.6779818,76,Moderate,1,16.8,85,0.0,2.0,185,1019.6,9,27.7,30.6,320.0,17.6,89.0,12.2
2026-01-10 23:00:00,2026,1,10,23,Huế,Phường Phú Bài,16.409296,107.6779818,76,Moderate,1,15.8,92,0.0,1.5,216,1019.8,2,27.1,30.3,314.0,16.0,92.0,11.7
2026-01-11 00:00:00,2026,1,11,0,Huế,Phường Phú Bài,16.409296,107.6779818,76,Moderate,1,15.1,96,0.0,0.6,214,1020.2,0,24.9,28.1,309.0,13.7,96.0,10.5
2026-01-11 01:00:00,2026,1,11,1,Huế,Phường Phú Bài,16.409296,107.6779818,75,Moderate,1,14.6,98,0.0,0.0,270,1020.3,53,22.3,25.2,305.0,11.6,100.0,9.5
2026-01-11 02:00:00,2026,1,11,2,Huế,Phường Phú Bài,16.409296,107.6779818,75,Moderate,1,15.8,96,0.0,2.4,216,1019.8,76,20.3,23.0,302.0,9.6,105.0,8.7
2026-01-11 03:00:00,2026,1,11,3,Huế,Phường Phú Bài,16.409296,107.6779818,74,Moderate,1,16.0,97,0.0,4.4,218,1019.6,89,19.5,22.1,300.0,7.7,110.0,8.1
2026-01-11 04:00:00,2026,1,11,4,Huế,Phường Phú Bài,16.409296,107.6779818,73,Moderate,1,15.9,95,0.0,6.1,212,1019.6,97,19.9,22.6,303.0,6.9,113.0,8.0
2026-01-11 05:00:00,2026,1,11,5,Huế,Phường Phú Bài,16.409296,107.6779818,72,Moderate,1,16.2,91,0.0,8.3,219,1020.1,56,20.8,23.9,318.0,8.3,113.0,9.0
2026-01-11 06:00:00,2026,1,11,6,Huế,Phường Phú Bài,16.409296,107.6779818,72,Moderate,1,15.6,90,0.0,9.5,219,1020.5,34,22.4,25.8,337.0,10.8,111.0,10.6
2026-01-11 07:00:00,2026,1,11,7,Huế,Phường Phú Bài,16.409296,107.6779818,72,Moderate,1,16.2,85,0.0,12.2,218,1021.0,34,25.5,27.5,346.0,13.3,104.0,11.4
2026-01-11 08:00:00,2026,1,11,8,Huế,Phường Phú Bài,16.409296,107.6779818,72,Moderate,1,18.5,78,0.0,10.2,229,1021.9,34,28.8,30.5,334.0,10.0,112.0,10.3
2026-01-11 09:00:00,2026,1,11,9,Huế,Phường Phú Bài,16.409296,107.6779818,73,Moderate,1,21.0,68,0.0,5.3,218,1022.4,16,20.7,22.8,311.0,5.5,122.0,8.7
2026-01-11 10:00:00,2026,1,11,10,Huế,Phường Phú Bài,16.409296,107.6779818,73,Moderate,1,22.6,58,0.0,8.7,73,1022.3,5,18.3,20.1,290.0,2.1,129.0,7.4
2026-01-11 11:00:00,2026,1,11,11,Huế,Phường Phú Bài,16.409296,107.6779818,73,Moderate,1,23.5,47,0.0,13.6,72,1021.9,0,15.8,17.5,274.0,0.9,130.0,6.6
2026-01-11 12:00:00,2026,1,11,12,Huế,Phường Phú Bài,16.409296,107.6779818,73,Moderate,1,23.5,48,0.0,13.7,69,1021.0,0,14.0,15.5,260.0,0.9,128.0,6.1
2026-01-11 13:00:00,2026,1,11,13,Huế,Phường Phú Bài,16.409296,107.6779818,72,Moderate,1,23.5,48,0.0,12.5,67,1020.1,0,13.0,14.4,254.0,1.1,126.0,5.9
2026-01-11 14:00:00,2026,1,11,14,Huế,Phường Phú Bài,16.409296,107.6779818,72,Moderate,1,23.5,49,0.0,11.6,62,1019.2,0,12.5,13.9,254.0,0.7,126.0,5.8
2026-01-11 15:00:00,2026,1,11,15,Huế,Phường Phú Bài,16.409296,107.6779818,74,Moderate,1,22.9,50,0.0,10.5,59,1018.5,0,12.7,14.1,263.0,0.6,126.0,5.9
2026-01-11 16:00:00,2026,1,11,16,Huế,Phường Phú Bài,16.409296,107.6779818,79,Moderate,1,22.2,51,0.0,8.2,64,1018.5,0,13.6,15.0,292.0,1.8,124.0,6.7
2026-01-11 17:00:00,2026,1,11,17,Huế,Phường Phú Bài,16.409296,107.6779818,82,Moderate,1,20.5,67,0.0,3.7,76,1018.5,0,15.8,17.3,355.0,5.7,117.0,8.5
2026-01-11 18:00:00,2026,1,11,18,Huế,Phường Phú Bài,16.409296,107.6779818,81,Moderate,1,18.2,68,0.0,4.0,85,1018.6,0,19.7,21.4,439.0,11.1,108.0,10.9
2026-01-11 19:00:00,2026,1,11,19,Huế,Phường Phú Bài,16.409296,107.6779818,76,Moderate,1,17.5,77,0.0,5.6,59,1019.3,1,24.4,27.4,520.0,15.1,101.0,12.9
2026-01-11 20:00:00,2026,1,11,20,Huế,Phường Phú Bài,16.409296,107.6779818,70,Moderate,1,17.6,79,0.0,4.3,62,1019.7,0,27.8,31.2,610.0,16.3,99.0,14.5
2026-01-11 21:00:00,2026,1,11,21,Huế,Phường Phú Bài,16.409296,107.6779818,68,Moderate,1,17.4,80,0.0,1.5,166,1020.0,2,30.0,33.6,697.0,16.3,98.0,15.7
2026-01-11 22:00:00,2026,1,11,22,Huế,Phường Phú Bài,16.409296,107.6779818,69,Moderate,1,15.6,88,0.0,3.7,219,1020.1,14,31.4,35.3,719.0,16.3,94.0,16.0
2026-01-11 23:00:00,2026,1,11,23,Huế,Phường Phú Bài,16.409296,107.6779818,69,Moderate,1,14.9,93,0.0,7.8,230,1019.9,10,32.7,36.3,620.0,17.3,82.0,14.7
2026-01-12 00:00:00,2026,1,12,0,Huế,Phường Phú Bài,16.409296,107.6779818,69,Moderate,1,14.7,91,0.0,8.7,225,1019.5,11,32.1,35.4,455.0,18.5,66.0,12.4
2026-01-12 01:00:00,2026,1,12,1,Huế,Phường Phú Bài,16.409296,107.6779818,70,Moderate,1,14.1,95,0.0,5.1,212,1019.3,23,30.6,33.5,330.0,18.8,53.0,10.2
2026-01-12 02:00:00,2026,1,12,2,Huế,Phường Phú Bài,16.409296,107.6779818,71,Moderate,1,13.9,94,0.0,5.6,201,1018.9,23,28.4,30.4,289.0,17.5,46.0,8.2
2026-01-12 03:00:00,2026,1,12,3,Huế,Phường Phú Bài,16.409296,107.6779818,71,Moderate,1,13.4,95,0.0,7.6,207,1018.2,7,27.1,28.8,288.0,15.5,42.0,6.3
2026-01-12 04:00:00,2026,1,12,4,Huế,Phường Phú Bài,16.409296,107.6779818,72,Moderate,1,12.9,96,0.0,8.3,214,1018.2,14,26.3,27.9,299.0,14.1,39.0,5.1
2026-01-12 05:00:00,2026,1,12,5,Huế,Phường Phú Bài,16.409296,107.6779818,73,Moderate,1,12.6,97,0.0,9.0,217,1018.3,13,26.2,27.4,324.0,14.6,33.0,5.0
2026-01-12 06:00:00,2026,1,12,6,Huế,Phường Phú Bài,16.409296,107.6779818,73,Moderate,1,12.4,97,0.0,9.0,218,1018.6,9,26.6,27.7,362.0,15.8,27.0,5.5
2026-01-12 07:00:00,2026,1,12,7,Huế,Phường Phú Bài,16.409296,107.6779818,74,Moderate,1,12.9,96,0.0,9.8,220,1019.2,1,25.6,26.5,380.0,18.5,29.0,5.9
2026-01-12 08:00:00,2026,1,12,8,Huế,Phường Phú Bài,16.409296,107.6779818,74,Moderate,1,17.3,80,0.0,6.4,234,1020.0,1,24.7,26.0,361.0,13.8,56.0,5.5
2026-01-12 09:00:00,2026,1,12,9,Huế,Phường Phú Bài,16.409296,107.6779818,73,Moderate,1,21.0,67,0.0,4.0,234,1020.5,2,20.2,24.3,322.0,7.3,93.0,4.9
2026-01-12 10:00:00,2026,1,12,10,Huế,Phường Phú Bài,16.409296,107.6779818,73,Moderate,1,22.8,61,0.0,1.9,73,1020.1,13,15.8,20.1,288.0,2.5,120.0,4.2
2026-01-12 11:00:00,2026,1,12,11,Huế,Phường Phú Bài,16.409296,107.6779818,73,Moderate,1,23.9,56,0.0,8.1,69,1019.6,23,14.6,18.6,265.0,1.1,128.0,3.5
2026-01-12 12:00:00,2026,1,12,12,Huế,Phường Phú Bài,16.409296,107.6779818,73,Moderate,1,24.0,55,0.0,10.0,72,1018.2,74,14.5,18.3,246.0,1.3,125.0,2.7
2026-01-12 13:00:00,2026,1,12,13,Huế,Phường Phú Bài,16.409296,107.6779818,73,Moderate,1,24.4,54,0.0,9.4,64,1017.0,41,15.1,18.9,237.0,1.7,122.0,2.2
2026-01-12 14:00:00,2026,1,12,14,Huế,Phường Phú Bài,16.409296,107.6779818,73,Moderate,1,24.6,53,0.0,10.6,67,1016.2,25,15.5,19.3,243.0,1.2,122.0,1.8
2026-01-12 15:00:00,2026,1,12,15,Huế,Phường Phú Bài,16.409296,107.6779818,73,Moderate,1,23.9,55,0.0,13.0,80,1015.9,47,15.3,19.0,260.0,0.8,121.0,1.7
2026-01-12 16:00:00,2026,1,12,16,Huế,Phường Phú Bài,16.409296,107.6779818,74,Moderate,1,22.5,66,0.0,13.0,59,1016.0,19,15.1,18.7,277.0,1.9,117.0,2.0
2026-01-12 17:00:00,2026,1,12,17,Huế,Phường Phú Bài,16.409296,107.6779818,74,Moderate,1,21.3,74,0.0,10.7,50,1016.2,1,15.1,18.3,287.0,5.8,107.0,3.2
2026-01-12 18:00:00,2026,1,12,18,Huế,Phường Phú Bài,16.409296,107.6779818,74,Moderate,1,19.2,81,0.0,5.6,68,1016.7,4,17.2,20.5,298.0,11.3,94.0,4.8
2026-01-12 19:00:00,2026,1,12,19,Huế,Phường Phú Bài,16.409296,107.6779818,73,Moderate,1,19.0,88,0.0,5.6,57,1017.4,13,22.4,26.4,326.0,13.9,85.0,5.8
2026-01-12 20:00:00,2026,1,12,20,Huế,Phường Phú Bài,16.409296,107.6779818,73,Moderate,1,19.2,85,0.0,5.5,63,1018.2,21,25.1,29.6,389.0,15.3,84.0,7.3
2026-01-12 21:00:00,2026,1,12,21,Huế,Phường Phú Bài,16.409296,107.6779818,73,Moderate,1,19.0,86,0.0,4.1,88,1018.5,45,27.1,31.8,468.0,17.1,82.0,9.3
2026-01-12 22:00:00,2026,1,12,22,Huế,Phường Phú Bài,16.409296,107.6779818,73,Moderate,1,18.7,87,0.0,3.5,141,1018.6,63,28.7,33.5,527.0,18.1,79.0,10.5
2026-01-12 23:00:00,2026,1,12,23,Huế,Phường Phú Bài,16.409296,107.6779818,73,Moderate,1,17.9,91,0.0,2.9,191,1018.7,52,29.5,34.2,555.0,17.6,77.0,10.2
2026-01-13 00:00:00,2026,1,13,0,Huế,Phường Phú Bài,16.409296,107.6779818,72,Moderate,1,17.4,95,0.0,4.8,214,1018.5,25,28.8,33.6,561.0,16.2,74.0,9.0
2026-01-13 01:00:00,2026,1,13,1,Huế,Phường Phú Bài,16.409296,107.6779818,72,Moderate,1,16.8,98,0.0,4.0,216,1018.1,5,28.5,33.5,539.0,15.1,68.0,7.7
2026-01-13 02:00:00,2026,1,13,2,Huế,Phường Phú Bài,16.409296,107.6779818,72,Moderate,1,16.3,99,0.0,3.3,241,1017.9,20,30.3,35.2,462.0,14.4,57.0,6.2
2026-01-13 03:00:00,2026,1,13,3,Huế,Phường Phú Bài,16.409296,107.6779818,72,Moderate,1,16.0,100,0.0,5.6,241,1017.5,95,31.0,34.9,356.0,13.8,43.0,4.6
2026-01-13 04:00:00,2026,1,13,4,Huế,Phường Phú Bài,16.409296,107.6779818,72,Moderate,1,15.8,100,0.0,6.8,235,1017.5,100,31.9,34.0,289.0,13.7,32.0,3.6
2026-01-13 05:00:00,2026,1,13,5,Huế,Phường Phú Bài,16.409296,107.6779818,73,Moderate,1,15.6,100,0.0,6.7,224,1017.7,99,30.9,32.2,304.0,14.7,21.0,3.6
2026-01-13 06:00:00,2026,1,13,6,Huế,Phường Phú Bài,16.409296,107.6779818,73,Moderate,1,15.6,100,0.0,6.2,221,1018.0,99,29.3,30.4,358.0,16.0,12.0,4.1
2026-01-13 07:00:00,2026,1,13,7,Huế,Phường Phú Bài,16.409296,107.6779818,73,Moderate,1,16.2,99,0.0,6.5,203,1018.7,100,30.9,31.8,388.0,16.8,28.0,4.9
2026-01-13 08:00:00,2026,1,13,8,Huế,Phường Phú Bài,16.409296,107.6779818,74,Moderate,1,19.2,90,0.0,5.1,203,1019.5,12,26.3,27.4,361.0,13.0,54.0,5.1
2026-01-13 09:00:00,2026,1,13,9,Huế,Phường Phú Bài,16.409296,107.6779818,74,Moderate,1,22.0,68,0.0,2.9,173,1019.9,20,17.1,18.8,309.0,7.7,89.0,5.3
2026-01-13 10:00:00,2026,1,13,10,Huế,Phường Phú Bài,16.409296,107.6779818,74,Moderate,1,23.4,61,0.0,3.2,63,1019.3,13,17.2,19.4,272.0,3.7,117.0,5.3
2026-01-13 11:00:00,2026,1,13,11,Huế,Phường Phú Bài,16.409296,107.6779818,74,Moderate,1,24.4,56,0.0,5.6,45,1018.5,50,18.2,20.0,266.0,2.1,129.0,4.9
2026-01-13 12:00:00,2026,1,13,12,Huế,Phường Phú Bài,16.409296,107.6779818,74,Moderate,1,24.4,55,0.0,8.0,31,1017.3,100,19.0,20.5,275.0,1.8,132.0,4.2
2026-01-13 13:00:00,2026,1,13,13,Huế,Phường Phú Bài,16.409296,107.6779818,75,Moderate,1,23.8,61,0.0,13.2,20,1016.4,100,19.4,20.8,281.0,1.8,134.0,3.7
2026-01-13 14:00:00,2026,1,13,14,Huế,Phường Phú Bài,16.409296,107.6779818,75,Moderate,1,23.7,60,0.0,12.7,7,1015.5,66,19.6,21.1,262.0,1.3,136.0,3.3
2026-01-13 15:00:00,2026,1,13,15,Huế,Phường Phú Bài,16.409296,107.6779818,75,Moderate,1,23.5,59,0.0,11.7,360,1015.1,45,20.0,21.4,242.0,1.1,135.0,3.1
2026-01-13 16:00:00,2026,1,13,16,Huế,Phường Phú Bài,16.409296,107.6779818,76,Moderate,1,22.6,59,0.0,10.4,351,1014.8,17,20.1,21.5,271.0,2.5,131.0,3.5
2026-01-13 17:00:00,2026,1,13,17,Huế,Phường Phú Bài,16.409296,107.6779818,80,Moderate,1,21.5,66,0.0,4.2,5,1015.2,10,21.2,22.8,407.0,6.9,121.0,5.0
2026-01-13 18:00:00,2026,1,13,18,Huế,Phường Phú Bài,16.409296,107.6779818,87,Moderate,1,19.8,73,0.0,2.6,25,1015.6,23,24.4,26.3,593.0,13.0,108.0,7.1
2026-01-13 19:00:00,2026,1,13,19,Huế,Phường Phú Bài,16.409296,107.6779818,85,Moderate,1,19.6,79,0.0,3.3,77,1016.0,34,27.1,29.4,713.0,17.0,98.0,9.2
2026-01-13 20:00:00,2026,1,13,20,Huế,Phường Phú Bài,16.409296,107.6779818,78,Moderate,1,20.0,77,0.0,2.4,163,1016.7,95,31.2,34.0,705.0,19.3,93.0,11.3
2026-01-13 21:00:00,2026,1,13,21,Huế,Phường Phú Bài,16.409296,107.6779818,78,Moderate,1,19.5,80,0.0,2.3,209,1016.7,100,34.8,38.5,630.0,22.4,85.0,14.1
2026-01-13 22:00:00,2026,1,13,22,Huế,Phường Phú Bài,16.409296,107.6779818,79,Moderate,1,19.2,83,0.0,3.1,242,1016.6,100,37.6,40.9,557.0,24.6,76.0,15.4
2026-01-13 23:00:00,2026,1,13,23,Huế,Phường Phú Bài,16.409296,107.6779818,80,Moderate,1,18.6,87,0.0,4.6,252,1016.1,80,41.0,43.0,506.0,25.0,64.0,14.0
2026-01-14 00:00:00,2026,1,14,0,Huế,Phường Phú Bài,16.409296,107.6779818,81,Moderate,1,18.2,90,0.0,4.6,244,1015.6,44,40.2,41.8,457.0,24.5,49.0,11.1
2026-01-14 01:00:00,2026,1,14,1,Huế,Phường Phú Bài,16.409296,107.6779818,82,Moderate,1,17.5,97,0.0,1.6,264,1015.2,45,38.6,40.0,413.0,23.5,37.0,8.5
2026-01-14 02:00:00,2026,1,14,2,Huế,Phường Phú Bài,16.409296,107.6779818,83,Moderate,1,17.2,97,0.0,2.1,250,1014.7,29,36.7,37.8,369.0,22.0,28.0,6.6
2026-01-14 03:00:00,2026,1,14,3,Huế,Phường Phú Bài,16.409296,107.6779818,83,Moderate,1,16.5,99,0.0,2.3,238,1014.2,36,34.9,35.9,330.0,20.0,21.0,5.1
2026-01-14 04:00:00,2026,1,14,4,Huế,Phường Phú Bài,16.409296,107.6779818,84,Moderate,1,15.9,100,0.0,2.7,217,1014.2,100,33.6,34.5,316.0,18.8,16.0,4.1
2026-01-14 05:00:00,2026,1,14,5,Huế,Phường Phú Bài,16.409296,107.6779818,84,Moderate,1,16.1,99,0.0,4.6,201,1014.3,100,32.1,32.8,352.0,19.5,10.0,4.1
2026-01-14 06:00:00,2026,1,14,6,Huế,Phường Phú Bài,16.409296,107.6779818,84,Moderate,1,16.0,99,0.0,5.7,189,1014.8,33,31.2,31.8,414.0,21.0,5.0,4.7
2026-01-14 07:00:00,2026,1,14,7,Huế,Phường Phú Bài,16.409296,107.6779818,84,Moderate,1,15.9,97,0.0,8.3,198,1015.5,6,27.3,27.7,443.0,13.5,38.0,5.4
2026-01-14 08:00:00,2026,1,14,8,Huế,Phường Phú Bài,16.409296,107.6779818,84,Moderate,1,19.4,85,0.0,5.4,180,1016.2,2,27.5,28.2,405.0,10.5,60.0,4.9
2026-01-14 09:00:00,2026,1,14,9,Huế,Phường Phú Bài,16.409296,107.6779818,84,Moderate,1,22.1,72,0.0,4.3,132,1016.4,2,23.9,25.6,335.0,6.5,89.0,4.2
2026-01-14 10:00:00,2026,1,14,10,Huế,Phường Phú Bài,16.409296,107.6779818,84,Moderate,1,23.9,66,0.0,9.3,112,1016.1,58,19.2,21.7,283.0,3.4,112.0,3.6
2026-01-14 11:00:00,2026,1,14,11,Huế,Phường Phú Bài,16.409296,107.6779818,85,Moderate,1,24.6,64,0.0,10.7,85,1015.6,98,17.7,20.0,272.0,2.4,120.0,3.2
2026-01-14 12:00:00,2026,1,14,12,Huế,Phường Phú Bài,16.409296,107.6779818,85,Moderate,1,24.5,67,0.1,12.6,79,1014.5,99,17.5,19.6,280.0,2.4,121.0,2.8
2026-01-14 13:00:00,2026,1,14,13,Huế,Phường Phú Bài,16.409296,107.6779818,84,Moderate,1,25.0,65,0.0,12.1,75,1013.3,95,17.8,20.0,286.0,2.5,121.0,2.7
2026-01-14 14:00:00,2026,1,14,14,Huế,Phường Phú Bài,16.409296,107.6779818,84,Moderate,1,24.8,64,0.0,14.2,74,1012.4,26,18.5,20.8,283.0,2.0,125.0,2.8
2026-01-14 15:00:00,2026,1,14,15,Huế,Phường Phú Bài,16.409296,107.6779818,84,Moderate,1,24.5,66,0.0,20.6,78,1011.6,1,18.9,21.3,279.0,1.6,128.0,3.1
2026-01-14 16:00:00,2026,1,14,16,Huế,Phường Phú Bài,16.409296,107.6779818,84,Moderate,1,23.5,71,0.0,18.6,76,1011.8,12,18.9,21.2,281.0,2.5,126.0,3.7
2026-01-14 17:00:00,2026,1,14,17,Huế,Phường Phú Bài,16.409296,107.6779818,84,Moderate,1,22.3,77,0.0,15.7,68,1012.4,28,19.6,22.1,287.0,6.0,114.0,4.8
2026-01-14 18:00:00,2026,1,14,18,Huế,Phường Phú Bài,16.409296,107.6779818,84,Moderate,1,21.4,82,0.0,15.1,75,1012.9,30,21.4,23.4,299.0,10.7,97.0,6.3
2026-01-14 19:00:00,2026,1,14,19,Huế,Phường Phú Bài,16.409296,107.6779818,84,Moderate,1,21.3,85,0.0,14.4,75,1013.5,57,19.6,21.1,327.0,13.2,88.0,6.7
2026-01-14 20:00:00,2026,1,14,20,Huế,Phường Phú Bài,16.409296,107.6779818,83,Moderate,1,21.3,85,0.0,9.7,91,1014.3,74,21.4,23.0,388.0,13.3,84.0,7.1
2026-01-14 21:00:00,2026,1,14,21,Huế,Phường Phú Bài,16.409296,107.6779818,82,Moderate,1,21.0,86,0.0,6.3,114,1014.6,98,21.8,23.4,465.0,13.5,80.0,7.7
2026-01-14 22:00:00,2026,1,14,22,Huế,Phường Phú Bài,16.409296,107.6779818,81,Moderate,1,20.3,91,0.0,3.3,151,1015.0,63,22.5,24.0,519.0,13.4,75.0,7.8
2026-01-14 23:00:00,2026,1,14,23,Huế,Phường Phú Bài,16.409296,107.6779818,80,Moderate,1,19.5,93,0.0,2.0,175,1015.0,30,23.3,24.7,534.0,13.0,72.0,7.1
2026-01-15 00:00:00,2026,1,15,0,Huế,Phường Phú Bài,16.409296,107.6779818,78,Moderate,1,19.0,96,0.0,2.6,196,1015.0,9,24.4,25.8,525.0,12.3,69.0,6.0
2026-01-15 01:00:00,2026,1,15,1,Huế,Phường Phú Bài,16.409296,107.6779818,77,Moderate,1,18.6,97,0.0,3.4,164,1014.6,13,25.7,27.1,498.0,11.5,66.0,5.0
2026-01-15 02:00:00,2026,1,15,2,Huế,Phường Phú Bài,16.409296,107.6779818,75,Moderate,1,18.4,98,0.0,4.4,187,1014.2,4,25.9,27.4,438.0,10.5,63.0,4.3
2026-01-15 03:00:00,2026,1,15,3,Huế,Phường Phú Bài,16.409296,107.6779818,75,Moderate,1,18.2,97,0.0,4.4,199,1013.9,3,25.8,27.2,360.0,9.4,60.0,3.8
2026-01-15 04:00:00,2026,1,15,4,Huế,Phường Phú Bài,16.409296,107.6779818,74,Moderate,1,17.7,97,0.0,3.1,201,1014.0,4,26.4,27.6,318.0,8.7,57.0,3.5
2026-01-15 05:00:00,2026,1,15,5,Huế,Phường Phú Bài,16.409296,107.6779818,73,Moderate,1,17.3,97,0.0,1.7,221,1014.3,7,26.5,27.5,354.0,9.1,52.0,3.6
2026-01-15 06:00:00,2026,1,15,6,Huế,Phường Phú Bài,16.409296,107.6779818,73,Moderate,1,17.0,99,0.0,2.0,243,1015.2,18,26.3,27.3,427.0,10.0,47.0,4.0
2026-01-15 07:00:00,2026,1,15,7,Huế,Phường Phú Bài,16.409296,107.6779818,72,Moderate,1,17.4,100,0.0,5.8,250,1015.6,98,35.0,36.3,463.0,12.1,47.0,4.7
2026-01-15 08:00:00,2026,1,15,8,Huế,Phường Phú Bài,16.409296,107.6779818,73,Moderate,1,21.0,86,0.0,3.8,253,1016.4,4,32.8,33.8,420.0,9.7,65.0,4.8
2026-01-15 09:00:00,2026,1,15,9,Huế,Phường Phú Bài,16.409296,107.6779818,73,Moderate,1,23.4,73,0.0,2.6,102,1016.7,34,27.8,29.3,341.0,6.5,91.0,5.0
2026-01-15 10:00:00,2026,1,15,10,Huế,Phường Phú Bài,16.409296,107.6779818,74,Moderate,1,24.5,68,0.1,6.3,83,1016.3,96,22.2,23.9,278.0,3.9,111.0,5.0
2026-01-15 11:00:00,2026,1,15,11,Huế,Phường Phú Bài,16.409296,107.6779818,74,Moderate,1,25.0,66,0.1,7.2,71,1015.7,99,19.4,21.1,255.0,2.6,121.0,4.6
2026-01-15 12:00:00,2026,1,15,12,Huế,Phường Phú Bài,16.409296,107.6779818,74,Moderate,1,25.6,64,0.0,8.3,66,1014.4,98,19.0,21.1,248.0,2.1,127.0,4.0
2026-01-15 13:00:00,2026,1,15,13,Huế,Phường Phú Bài,16.409296,107.6779818,74,Moderate,1,25.6,65,0.0,10.7,53,1013.2,44,18.5,20.8,242.0,1.8,130.0,3.5
2026-01-15 14:00:00,2026,1,15,14,Huế,Phường Phú Bài,16.409296,107.6779818,74,Moderate,1,25.2,66,0.0,12.7,63,1012.4,38,17.9,20.1,227.0,1.2,133.0,3.2
2026-01-15 15:00:00,2026,1,15,15,Huế,Phường Phú Bài,16.409296,107.6779818,74,Moderate,1,24.9,68,0.0,13.7,67,1011.8,19,16.4,18.6,213.0,1.0,133.0,3.0
2026-01-15 16:00:00,2026,1,15,16,Huế,Phường Phú Bài,16.409296,107.6779818,74,Moderate,1,24.0,68,0.0,13.1,72,1011.9,20,14.5,16.7,208.0,2.5,128.0,3.3
2026-01-15 17:00:00,2026,1,15,17,Huế,Phường Phú Bài,16.409296,107.6779818,74,Moderate,1,22.9,72,0.0,11.2,68,1012.0,11,14.2,17.4,218.0,7.6,113.0,4.6
2026-01-15 18:00:00,2026,1,15,18,Huế,Phường Phú Bài,16.409296,107.6779818,78,Moderate,1,21.3,78,0.0,7.3,79,1012.3,15,16.1,18.9,237.0,14.5,94.0,6.4
2026-01-15 19:00:00,2026,1,15,19,Huế,Phường Phú Bài,16.409296,107.6779818,75,Moderate,1,21.1,82,0.0,9.3,75,1012.6,64,19.2,22.1,260.0,18.4,80.0,7.3
2026-01-15 20:00:00,2026,1,15,20,Huế,Phường Phú Bài,16.409296,107.6779818,73,Moderate,1,21.5,79,0.0,8.5,85,1013.3,100,22.4,25.4,290.0,18.8,75.0,7.9
2026-01-15 21:00:00,2026,1,15,21,Huế,Phường Phú Bài,16.409296,107.6779818,73,Moderate,1,21.5,79,0.0,7.7,108,1013.5,100,23.7,26.5,325.0,19.2,69.0,8.7
2026-01-15 22:00:00,2026,1,15,22,Huế,Phường Phú Bài,16.409296,107.6779818,73,Moderate,1,21.5,79,0.0,6.5,114,1013.5,100,23.3,26.1,349.0,18.9,64.0,8.8
2026-01-15 23:00:00,2026,1,15,23,Huế,Phường Phú Bài,16.409296,107.6779818,73,Moderate,1,21.2,81,0.0,5.2,117,1013.2,99,22.6,25.1,355.0,17.2,62.0,7.7
2026-01-16 00:00:00,2026,1,16,0,Huế,Phường Phú Bài,16.409296,107.6779818,73,Moderate,1,20.5,86,0.0,4.0,148,1013.0,98,24.2,25.7,350.0,14.8,62.0,6.0
2026-01-16 01:00:00,2026,1,16,1,Huế,Phường Phú Bài,16.409296,107.6779818,73,Moderate,1,20.0,89,0.0,7.0,119,1012.5,59,24.7,26.4,343.0,12.7,62.0,4.6
2026-01-16 02:00:00,2026,1,16,2,Huế,Phường Phú Bài,16.409296,107.6779818,73,Moderate,1,19.1,94,0.0,5.8,141,1012.1,1,25.4,26.8,332.0,11.2,60.0,3.7
2026-01-16 03:00:00,2026,1,16,3,Huế,Phường Phú Bài,16.409296,107.6779818,73,Moderate,1,18.0,98,0.0,5.8,171,1011.5,1,25.9,27.3,317.0,10.1,58.0,3.0
2026-01-16 04:00:00,2026,1,16,4,Huế,Phường Phú Bài,16.409296,107.6779818,73,Moderate,1,17.4,97,0.0,7.4,183,1011.4,0,26.4,27.7,311.0,9.2,57.0,2.6
2026-01-16 05:00:00,2026,1,16,5,Huế,Phường Phú Bài,16.409296,107.6779818,73,Moderate,1,17.2,95,0.0,6.0,175,1011.5,0,25.8,26.7,325.0,8.9,56.0,2.5
2026-01-16 06:00:00,2026,1,16,6,Huế,Phường Phú Bài,16.409296,107.6779818,73,Moderate,1,16.6,96,0.0,5.3,172,1012.1,0,25.1,26.0,348.0,8.8,56.0,2.6
2026-01-16 07:00:00,2026,1,16,7,Huế,Phường Phú Bài,16.409296,107.6779818,73,Moderate,1,17.5,95,0.0,7.8,199,1012.9,0,32.9,33.9,352.0,9.7,52.0,3.2
2026-01-16 08:00:00,2026,1,16,8,Huế,Phường Phú Bài,16.409296,107.6779818,72,Moderate,1,21.2,82,0.0,5.2,196,1013.4,0,34.7,35.2,319.0,8.2,70.0,3.8
2026-01-16 09:00:00,2026,1,16,9,Huế,Phường Phú Bài,16.409296,107.6779818,73,Moderate,1,23.5,69,0.0,4.6,159,1013.9,0,30.4,31.4,268.0,6.2,95.0,4.6
2026-01-16 10:00:00,2026,1,16,10,Huế,Phường Phú Bài,16.409296,107.6779818,73,Moderate,1,25.2,62,0.0,3.8,107,1013.4,0,23.6,25.0,232.0,4.5,116.0,5.0
2026-01-16 11:00:00,2026,1,16,11,Huế,Phường Phú Bài,16.409296,107.6779818,73,Moderate,1,26.2,58,0.0,7.0,77,1012.8,20,19.8,21.2,228.0,3.4,129.0,4.7
2026-01-16 12:00:00,2026,1,16,12,Huế,Phường Phú Bài,16.409296,107.6779818,73,Moderate,1,26.4,61,0.0,10.8,66,1011.6,2,17.9,19.5,239.0,2.5,137.0,4.1
2026-01-16 13:00:00,2026,1,16,13,Huế,Phường Phú Bài,16.409296,107.6779818,73,Moderate,1,26.0,64,0.0,12.8,58,1010.5,18,17.1,19.4,244.0,2.1,143.0,3.6
2026-01-16 14:00:00,2026,1,16,14,Huế,Phường Phú Bài,16.409296,107.6779818,73,Moderate,1,26.3,64,0.0,14.3,65,1009.7,1,15.9,18.0,232.0,1.6,148.0,3.4
2026-01-16 15:00:00,2026,1,16,15,Huế,Phường Phú Bài,16.409296,107.6779818,73,Moderate,1,25.5,67,0.0,15.6,64,1009.2,0,15.3,17.5,215.0,1.6,150.0,3.4
2026-01-16 16:00:00,2026,1,16,16,Huế,Phường Phú Bài,16.409296,107.6779818,77,Moderate,1,24.3,71,0.0,14.8,66,1009.2,2,15.4,17.6,206.0,3.3,145.0,3.8
2026-01-16 17:00:00,2026,1,16,17,Huế,Phường Phú Bài,16.409296,107.6779818,93,Moderate,1,23.0,77,0.0,12.2,66,1009.7,2,15.9,18.3,207.0,8.5,129.0,5.1
2026-01-16 18:00:00,2026,1,16,18,Huế,Phường Phú Bài,16.409296,107.6779818,100,Moderate,1,21.8,85,0.0,9.4,61,1010.3,2,19.4,21.5,218.0,15.5,106.0,6.9
2026-01-16 19:00:00,2026,1,16,19,Huế,Phường Phú Bài,16.409296,107.6779818,98,Moderate,1,21.5,88,0.0,12.7,69,1010.9,8,26.1,27.8,246.0,22.1,91.0,9.1
2026-01-16 20:00:00,2026,1,16,20,Huế,Phường Phú Bài,16.409296,107.6779818,90,Moderate,1,21.4,88,0.0,5.9,104,1011.6,5,27.8,29.5,307.0,21.0,85.0,8.9
2026-01-16 21:00:00,2026,1,16,21,Huế,Phường Phú Bài,16.409296,107.6779818,79,Moderate,1,20.1,94,0.0,4.3,195,1011.7,55,27.2,28.9,386.0,19.5,77.0,8.6
2026-01-16 22:00:00,2026,1,16,22,Huế,Phường Phú Bài,16.409296,107.6779818,74,Moderate,1,19.4,97,0.0,3.9,233,1011.4,43,27.4,28.8,450.0,17.9,70.0,8.0
2026-01-16 23:00:00,2026,1,16,23,Huế,Phường Phú Bài,16.409296,107.6779818,75,Moderate,1,19.1,98,0.0,3.4,317,1011.5,12,27.6,28.9,493.0,16.3,65.0,6.8
2026-01-17 00:00:00,2026,1,17,0,Huế,Phường Phú Bài,16.409296,107.6779818,75,Moderate,1,18.6,99,0.0,2.4,193,1011.0,4,27.1,28.4,521.0,14.6,60.0,5.3
2026-01-17 01:00:00,2026,1,17,1,Huế,Phường Phú Bài,16.409296,107.6779818,75,Moderate,1,18.8,99,0.0,6.2,195,1010.7,7,26.6,27.8,515.0,13.1,56.0,4.0
2026-01-17 02:00:00,2026,1,17,2,Huế,Phường Phú Bài,16.409296,107.6779818,76,Moderate,1,18.5,100,0.0,4.6,228,1010.3,0,26.0,26.8,444.0,11.6,52.0,3.2
2026-01-17 03:00:00,2026,1,17,3,Huế,Phường Phú Bài,16.409296,107.6779818,76,Moderate,1,18.0,100,0.0,2.7,203,1009.6,0,25.1,25.8,339.0,10.3,49.0,2.7
2026-01-17 04:00:00,2026,1,17,4,Huế,Phường Phú Bài,16.409296,107.6779818,76,Moderate,1,17.6,100,0.0,3.3,186,1009.4,95,24.2,24.9,272.0,9.6,46.0,2.5
2026-01-17 05:00:00,2026,1,17,5,Huế,Phường Phú Bài,16.409296,107.6779818,75,Moderate,1,17.5,100,0.0,3.6,221,1009.6,94,24.0,24.6,284.0,10.5,39.0,2.8
2026-01-17 06:00:00,2026,1,17,6,Huế,Phường Phú Bài,16.409296,107.6779818,75,Moderate,1,17.4,100,0.0,4.4,243,1010.0,95,24.6,25.2,334.0,12.0,33.0,3.5
2026-01-17 07:00:00,2026,1,17,7,Huế,Phường Phú Bài,16.409296,107.6779818,75,Moderate,1,17.9,99,0.0,8.0,230,1010.7,23,29.3,29.6,367.0,18.0,28.0,4.9
2026-01-17 08:00:00,2026,1,17,8,Huế,Phường Phú Bài,16.409296,107.6779818,75,Moderate,1,21.1,88,0.0,4.6,222,1011.6,0,30.4,30.7,359.0,14.0,60.0,5.4
2026-01-17 09:00:00,2026,1,17,9,Huế,Phường Phú Bài,16.409296,107.6779818,74,Moderate,1,23.5,79,0.0,1.5,97,1012.0,0,22.7,23.3,333.0,8.5,105.0,6.0
2026-01-17 10:00:00,2026,1,17,10,Huế,Phường Phú Bài,16.409296,107.6779818,74,Moderate,1,25.2,74,0.0,7.1,43,1012.1,1,20.7,21.4,308.0,4.3,139.0,6.2
2026-01-17 11:00:00,2026,1,17,11,Huế,Phường Phú Bài,16.409296,107.6779818,74,Moderate,1,26.0,71,0.0,10.7,48,1011.9,32,19.2,20.0,287.0,2.6,152.0,5.6
2026-01-17 12:00:00,2026,1,17,12,Huế,Phường Phú Bài,16.409296,107.6779818,73,Moderate,1,26.3,69,0.0,12.2,65,1010.7,34,18.9,20.1,266.0,2.2,153.0,4.5
2026-01-17 13:00:00,2026,1,17,13,Huế,Phường Phú Bài,16.409296,107.6779818,74,Moderate,1,25.8,68,0.0,13.4,63,1009.9,42,18.7,20.5,250.0,2.2,152.0,3.6
2026-01-17 14:00:00,2026,1,17,14,Huế,Phường Phú Bài,16.409296,107.6779818,74,Moderate,1,25.5,70,0.0,13.7,67,1009.2,38,17.9,19.6,240.0,1.6,151.0,3.0
2026-01-17 15:00:00,2026,1,17,15,Huế,Phường Phú Bài,16.409296,107.6779818,74,Moderate,1,24.7,73,0.0,12.8,68,1008.7,30,16.9,18.7,235.0,1.4,147.0,2.6
2026-01-17 16:00:00,2026,1,17,16,Huế,Phường Phú Bài,16.409296,107.6779818,92,Moderate,1,23.6,76,0.0,13.1,72,1008.7,23,15.7,17.6,237.0,3.1,138.0,2.9
2026-01-17 17:00:00,2026,1,17,17,Huế,Phường Phú Bài,16.409296,107.6779818,108,Unhealthy for Sensitive Groups,2,22.5,79,0.0,11.4,75,1008.9,6,15.1,17.2,245.0,8.4,120.0,4.3
2026-01-17 18:00:00,2026,1,17,18,Huế,Phường Phú Bài,16.409296,107.6779818,112,Unhealthy for Sensitive Groups,2,21.3,85,0.0,7.5,69,1009.6,2,18.9,20.8,260.0,15.7,97.0,6.5
2026-01-17 19:00:00,2026,1,17,19,Huế,Phường Phú Bài,16.409296,107.6779818,103,Unhealthy for Sensitive Groups,2,21.4,90,0.0,8.1,62,1010.3,36,25.0,28.2,292.0,18.5,76.0,6.9
2026-01-17 20:00:00,2026,1,17,20,Huế,Phường Phú Bài,16.409296,107.6779818,86,Moderate,1,21.2,90,0.0,8.5,77,1010.6,91,29.6,33.4,358.0,19.7,70.0,7.8
2026-01-17 21:00:00,2026,1,17,21,Huế,Phường Phú Bài,16.409296,107.6779818,74,Moderate,1,21.4,89,0.0,6.3,88,1010.8,100,31.2,34.9,441.0,21.4,62.0,9.1
2026-01-17 22:00:00,2026,1,17,22,Huế,Phường Phú Bài,16.409296,107.6779818,74,Moderate,1,21.1,91,0.0,4.0,117,1010.7,100,32.9,35.9,498.0,22.5,55.0,9.7
2026-01-17 23:00:00,2026,1,17,23,Huế,Phường Phú Bài,16.409296,107.6779818,75,Moderate,1,21.5,91,0.0,2.9,137,1010.4,100,35.5,38.0,511.0,22.6,50.0,9.0
2026-01-18 00:00:00,2026,1,18,0,Huế,Phường Phú Bài,16.409296,107.6779818,76,Moderate,1,21.4,90,0.0,3.4,108,1009.9,77,37.7,40.0,499.0,22.1,47.0,7.6
2026-01-18 01:00:00,2026,1,18,1,Huế,Phường Phú Bài,16.409296,107.6779818,76,Moderate,1,20.5,93,0.0,4.8,68,1009.6,95,40.7,43.0,474.0,21.8,43.0,6.5
2026-01-18 02:00:00,2026,1,18,2,Huế,Phường Phú Bài,16.409296,107.6779818,78,Moderate,1,19.4,98,0.0,2.6,65,1009.1,96,43.2,45.3,429.0,21.8,38.0,5.9
2026-01-18 03:00:00,2026,1,18,3,Huế,Phường Phú Bài,16.409296,107.6779818,79,Moderate,1,18.9,99,0.0,2.0,175,1008.9,100,44.4,46.3,373.0,21.8,32.0,5.5
2026-01-18 04:00:00,2026,1,18,4,Huế,Phường Phú Bài,16.409296,107.6779818,81,Moderate,1,19.2,98,0.0,4.8,209,1009.1,100,44.7,46.6,340.0,22.0,28.0,5.6
2026-01-18 05:00:00,2026,1,18,5,Huế,Phường Phú Bài,16.409296,107.6779818,83,Moderate,1,18.9,100,0.0,6.8,217,1009.2,98,44.0,45.6,360.0,23.2,24.0,6.5
2026-01-18 06:00:00,2026,1,18,6,Huế,Phường Phú Bài,16.409296,107.6779818,85,Moderate,1,18.9,100,0.0,6.6,213,1010.1,99,44.0,45.2,404.0,24.5,22.0,7.8
2026-01-18 07:00:00,2026,1,18,7,Huế,Phường Phú Bài,16.409296,107.6779818,86,Moderate,1,18.8,100,0.0,3.6,229,1010.7,99,40.3,41.2,423.0,17.7,37.0,6.9
2026-01-18 08:00:00,2026,1,18,8,Huế,Phường Phú Bài,16.409296,107.6779818,87,Moderate,1,21.0,93,0.0,1.1,189,1011.7,24,32.6,33.5,388.0,13.5,62.0,6.3
2026-01-18 09:00:00,2026,1,18,9,Huế,Phường Phú Bài,16.409296,107.6779818,87,Moderate,1,23.2,79,0.0,6.1,88,1012.4,23,27.3,28.5,329.0,7.7,97.0,5.4
2026-01-18 10:00:00,2026,1,18,10,Huế,Phường Phú Bài,16.409296,107.6779818,88,Moderate,1,24.6,71,0.0,7.6,75,1012.4,22,23.1,24.3,282.0,3.3,124.0,4.6
2026-01-18 11:00:00,2026,1,18,11,Huế,Phường Phú Bài,16.409296,107.6779818,88,Moderate,1,25.6,65,0.0,9.2,69,1011.9,34,21.1,22.4,264.0,1.7,135.0,4.1
2026-01-18 12:00:00,2026,1,18,12,Huế,Phường Phú Bài,16.409296,107.6779818,88,Moderate,1,26.0,63,0.0,11.0,60,1010.9,52,20.4,21.8,258.0,1.6,138.0,3.7
2026-01-18 13:00:00,2026,1,18,13,Huế,Phường Phú Bài,16.409296,107.6779818,88,Moderate,1,25.5,62,0.0,13.2,62,1009.9,41,20.3,21.9,258.0,1.7,139.0,3.5
2026-01-18 14:00:00,2026,1,18,14,Huế,Phường Phú Bài,16.409296,107.6779818,89,Moderate,1,25.1,63,0.0,14.3,67,1009.2,13,20.0,21.9,259.0,1.1,140.0,3.2
2026-01-18 15:00:00,2026,1,18,15,Huế,Phường Phú Bài,16.409296,107.6779818,89,Moderate,1,24.6,64,0.0,13.4,64,1008.7,3,19.8,21.8,264.0,0.7,140.0,3.1
2026-01-18 16:00:00,2026,1,18,16,Huế,Phường Phú Bài,16.409296,107.6779818,89,Moderate,1,24.0,65,0.0,11.4,71,1008.5,1,20.0,22.1,280.0,2.5,134.0,3.6
2026-01-18 17:00:00,2026,1,18,17,Huế,Phường Phú Bài,16.409296,107.6779818,89,Moderate,1,22.9,70,0.0,10.9,77,1008.8,2,20.7,22.9,310.0,8.4,120.0,5.4
2026-01-18 18:00:00,2026,1,18,18,Huế,Phường Phú Bài,16.409296,107.6779818,94,Moderate,1,21.1,79,0.0,6.2,69,1009.4,55,25.4,27.5,351.0,16.4,101.0,7.8
2026-01-18 19:00:00,2026,1,18,19,Huế,Phường Phú Bài,16.409296,107.6779818,90,Moderate,1,20.8,88,0.0,5.8,86,1010.1,84,31.5,34.0,392.0,21.9,85.0,9.7
2026-01-18 20:00:00,2026,1,18,20,Huế,Phường Phú Bài,16.409296,107.6779818,91,Moderate,1,20.5,90,0.0,4.1,135,1011.1,84,36.6,39.0,439.0,23.8,79.0,11.2
2026-01-18 21:00:00,2026,1,18,21,Huế,Phường Phú Bài,16.409296,107.6779818,92,Moderate,1,20.1,92,0.0,4.0,183,1011.4,55,39.2,41.7,488.0,26.4,70.0,13.1
2026-01-18 22:00:00,2026,1,18,22,Huế,Phường Phú Bài,16.409296,107.6779818,92,Moderate,1,19.6,95,0.0,4.2,200,1011.5,49,41.2,43.4,515.0,27.7,62.0,13.8
2026-01-18 23:00:00,2026,1,18,23,Huế,Phường Phú Bài,16.409296,107.6779818,93,Moderate,1,18.9,97,0.0,4.1,193,1011.2,24,44.0,45.9,506.0,26.9,55.0,12.2
2026-01-19 00:00:00,2026,1,19,0,Huế,Phường Phú Bài,16.409296,107.6779818,94,Moderate,1,18.4,98,0.0,3.4,205,1010.9,1,44.2,45.9,476.0,24.8,49.0,9.4
2026-01-19 01:00:00,2026,1,19,1,Huế,Phường Phú Bài,16.409296,107.6779818,94,Moderate,1,18.4,99,0.0,3.0,205,1010.6,0,40.9,42.3,447.0,22.1,45.0,7.0
2026-01-19 02:00:00,2026,1,19,2,Huế,Phường Phú Bài,16.409296,107.6779818,94,Moderate,1,18.4,99,0.0,3.0,213,1009.7,27,36.2,37.4,422.0,18.6,46.0,5.7
2026-01-19 03:00:00,2026,1,19,3,Huế,Phường Phú Bài,16.409296,107.6779818,94,Moderate,1,18.0,100,0.0,3.7,223,1009.4,77,32.9,33.9,398.0,14.5,49.0,4.9
2026-01-19 04:00:00,2026,1,19,4,Huế,Phường Phú Bài,16.409296,107.6779818,93,Moderate,1,17.5,100,0.0,4.8,222,1009.5,100,30.2,31.0,390.0,11.4,52.0,4.3
2026-01-19 05:00:00,2026,1,19,5,Huế,Phường Phú Bài,16.409296,107.6779818,91,Moderate,1,17.1,100,0.0,6.0,221,1009.6,99,27.8,28.5,419.0,10.3,50.0,4.0
2026-01-19 06:00:00,2026,1,19,6,Huế,Phường Phú Bài,16.409296,107.6779818,90,Moderate,1,17.0,100,0.0,6.9,221,1010.5,98,26.9,27.5,465.0,10.2,48.0,3.9
2026-01-19 07:00:00,2026,1,19,7,Huế,Phường Phú Bài,16.409296,107.6779818,89,Moderate,1,18.0,99,0.0,7.7,205,1011.6,69,30.7,31.2,481.0,10.0,49.0,3.9
2026-01-19 08:00:00,2026,1,19,8,Huế,Phường Phú Bài,16.409296,107.6779818,88,Moderate,1,21.1,88,0.0,5.3,190,1012.5,6,29.9,30.4,438.0,8.2,71.0,4.2
2026-01-19 09:00:00,2026,1,19,9,Huế,Phường Phú Bài,16.409296,107.6779818,87,Moderate,1,23.6,74,0.0,3.7,141,1012.5,0,27.5,28.3,365.0,5.8,101.0,4.5
2026-01-19 10:00:00,2026,1,19,10,Huế,Phường Phú Bài,16.409296,107.6779818,87,Moderate,1,25.5,64,0.0,4.7,92,1012.4,0,21.4,22.5,310.0,3.8,125.0,4.6
2026-01-19 11:00:00,2026,1,19,11,Huế,Phường Phú Bài,16.409296,107.6779818,87,Moderate,1,26.6,61,0.0,7.1,66,1011.8,0,18.7,19.9,294.0,2.7,136.0,4.2
2026-01-19 12:00:00,2026,1,19,12,Huế,Phường Phú Bài,16.409296,107.6779818,87,Moderate,1,27.5,61,0.0,9.1,58,1010.9,0,17.1,18.3,296.0,2.1,141.0,3.5
2026-01-19 13:00:00,2026,1,19,13,Huế,Phường Phú Bài,16.409296,107.6779818,87,Moderate,1,27.5,59,0.0,13.5,60,1009.9,1,16.2,17.5,293.0,1.9,145.0,3.1
2026-01-19 14:00:00,2026,1,19,14,Huế,Phường Phú Bài,16.409296,107.6779818,86,Moderate,1,27.2,60,0.0,16.3,67,1009.2,32,16.6,18.2,275.0,1.5,150.0,2.9
2026-01-19 15:00:00,2026,1,19,15,Huế,Phường Phú Bài,16.409296,107.6779818,86,Moderate,1,26.6,63,0.0,17.8,69,1008.7,38,17.5,19.3,252.0,1.5,154.0,3.0
2026-01-19 16:00:00,2026,1,19,16,Huế,Phường Phú Bài,16.409296,107.6779818,86,Moderate,1,25.3,70,0.0,18.0,70,1008.5,38,18.3,20.1,238.0,3.2,151.0,3.5
2026-01-19 17:00:00,2026,1,19,17,Huế,Phường Phú Bài,16.409296,107.6779818,101,Unhealthy for Sensitive Groups,2,23.3,79,0.0,16.2,67,1008.9,2,19.0,20.9,232.0,8.0,135.0,4.7
2026-01-19 18:00:00,2026,1,19,18,Huế,Phường Phú Bài,16.409296,107.6779818,108,Unhealthy for Sensitive Groups,2,22.0,85,0.0,17.5,78,1009.6,5,21.9,23.6,235.0,14.5,111.0,6.4
2026-01-19 19:00:00,2026,1,19,19,Huế,Phường Phú Bài,16.409296,107.6779818,105,Unhealthy for Sensitive Groups,2,21.8,91,0.0,16.2,80,1010.5,0,27.2,29.3,261.0,19.7,93.0,8.1
2026-01-19 20:00:00,2026,1,19,20,Huế,Phường Phú Bài,16.409296,107.6779818,96,Moderate,1,21.6,93,0.0,10.5,94,1011.5,23,29.6,31.8,333.0,19.5,83.0,8.1
2026-01-19 21:00:00,2026,1,19,21,Huế,Phường Phú Bài,16.409296,107.6779818,84,Moderate,1,20.5,95,0.0,3.5,152,1012.0,51,28.9,30.9,429.0,19.2,70.0,8.1
2026-01-19 22:00:00,2026,1,19,22,Huế,Phường Phú Bài,16.409296,107.6779818,83,Moderate,1,19.5,98,0.0,4.1,193,1012.2,59,27.2,28.9,489.0,18.4,60.0,7.8
2026-01-19 23:00:00,2026,1,19,23,Huế,Phường Phú Bài,16.409296,107.6779818,82,Moderate,1,19.0,100,0.0,5.1,212,1012.2,99,25.7,27.2,485.0,16.9,56.0,6.9
2026-01-20 00:00:00,2026,1,20,0,Huế,Phường Phú Bài,16.409296,107.6779818,81,Moderate,1,18.4,100,0.0,5.2,196,1012.0,98,23.8,25.1,446.0,15.1,55.0,5.7
2026-01-20 01:00:00,2026,1,20,1,Huế,Phường Phú Bài,16.409296,107.6779818,79,Moderate,1,18.1,100,0.0,6.7,186,1011.4,100,21.7,22.9,404.0,13.3,54.0,4.7
2026-01-20 02:00:00,2026,1,20,2,Huế,Phường Phú Bài,16.409296,107.6779818,77,Moderate,1,17.7,100,0.0,7.2,199,1010.7,97,20.8,22.0,362.0,11.6,53.0,4.0
2026-01-20 03:00:00,2026,1,20,3,Huế,Phường Phú Bài,16.409296,107.6779818,76,Moderate,1,17.2,100,0.0,7.1,216,1010.1,90,19.9,21.1,316.0,10.1,53.0,3.5
2026-01-20 04:00:00,2026,1,20,4,Huế,Phường Phú Bài,16.409296,107.6779818,75,Moderate,1,16.9,100,0.0,5.9,215,1010.3,90,19.8,20.9,290.0,9.1,53.0,3.3
2026-01-20 05:00:00,2026,1,20,5,Huế,Phường Phú Bài,16.409296,107.6779818,74,Moderate,1,16.5,100,0.0,5.3,208,1010.7,89,19.2,20.3,303.0,9.4,50.0,3.5
2026-01-20 06:00:00,2026,1,20,6,Huế,Phường Phú Bài,16.409296,107.6779818,73,Moderate,1,16.4,100,0.0,5.2,207,1011.5,1,18.4,19.4,336.0,10.4,47.0,4.0
2026-01-20 07:00:00,2026,1,20,7,Huế,Phường Phú Bài,16.409296,107.6779818,72,Moderate,1,17.3,100,0.0,8.7,197,1012.7,2,19.4,20.0,350.0,10.2,52.0,4.3
2026-01-20 08:00:00,2026,1,20,8,Huế,Phường Phú Bài,16.409296,107.6779818,71,Moderate,1,20.4,90,0.0,5.9,178,1013.6,5,20.4,21.1,322.0,8.3,68.0,4.0
2026-01-20 09:00:00,2026,1,20,9,Huế,Phường Phú Bài,16.409296,107.6779818,70,Moderate,1,23.1,76,0.0,4.7,148,1014.5,0,18.4,19.5,275.0,5.6,89.0,3.6
2026-01-20 10:00:00,2026,1,20,10,Huế,Phường Phú Bài,16.409296,107.6779818,69,Moderate,1,25.4,65,0.0,5.7,79,1014.6,2,15.5,16.9,241.0,3.5,107.0,3.2
2026-01-20 11:00:00,2026,1,20,11,Huế,Phường Phú Bài,16.409296,107.6779818,69,Moderate,1,26.4,63,0.0,10.9,61,1014.4,2,14.3,15.8,238.0,2.4,117.0,2.8
2026-01-20 12:00:00,2026,1,20,12,Huế,Phường Phú Bài,16.409296,107.6779818,69,Moderate,1,26.7,62,0.0,14.6,66,1013.7,7,14.5,16.3,248.0,1.9,123.0,2.4
2026-01-20 13:00:00,2026,1,20,13,Huế,Phường Phú Bài,16.409296,107.6779818,68,Moderate,1,25.9,66,0.0,18.1,71,1012.9,27,14.9,16.8,254.0,1.7,126.0,2.2
2026-01-20 14:00:00,2026,1,20,14,Huế,Phường Phú Bài,16.409296,107.6779818,68,Moderate,1,25.8,66,0.0,19.6,73,1012.1,24,15.1,17.1,245.0,1.4,128.0,2.1
2026-01-20 15:00:00,2026,1,20,15,Huế,Phường Phú Bài,16.409296,107.6779818,68,Moderate,1,25.1,66,0.0,20.7,79,1011.8,19,15.2,17.3,231.0,1.5,127.0,2.1
2026-01-20 16:00:00,2026,1,20,16,Huế,Phường Phú Bài,16.409296,107.6779818,68,Moderate,1,24.4,68,0.0,20.6,81,1011.9,16,14.9,17.1,227.0,2.4,123.0,2.4
2026-01-20 17:00:00,2026,1,20,17,Huế,Phường Phú Bài,16.409296,107.6779818,68,Moderate,1,23.4,73,0.0,17.9,84,1012.2,10,14.7,17.1,237.0,5.1,112.0,3.1
2026-01-20 18:00:00,2026,1,20,18,Huế,Phường Phú Bài,16.409296,107.6779818,71,Moderate,1,22.1,78,0.0,16.0,92,1012.4,9,15.7,17.8,257.0,8.7,97.0,4.1
2026-01-20 19:00:00,2026,1,20,19,Huế,Phường Phú Bài,16.409296,107.6779818,69,Moderate,1,22.0,79,0.0,12.4,91,1012.9,2,17.2,20.1,283.0,9.5,82.0,4.3
2026-01-20 20:00:00,2026,1,20,20,Huế,Phường Phú Bài,16.409296,107.6779818,66,Moderate,1,21.5,81,0.0,8.2,99,1013.8,0,18.6,21.5,323.0,10.7,77.0,5.0
2026-01-20 21:00:00,2026,1,20,21,Huế,Phường Phú Bài,16.409296,107.6779818,65,Moderate,1,20.5,87,0.0,5.9,110,1014.1,2,19.9,23.1,369.0,12.3,69.0,5.9
2026-01-20 22:00:00,2026,1,20,22,Huế,Phường Phú Bài,16.409296,107.6779818,64,Moderate,1,19.8,89,0.0,4.2,144,1014.3,2,21.1,24.0,401.0,13.3,63.0,6.3
2026-01-20 23:00:00,2026,1,20,23,Huế,Phường Phú Bài,16.409296,107.6779818,63,Moderate,1,18.5,94,0.0,4.5,196,1014.3,2,21.3,23.9,407.0,13.3,59.0,5.9
2026-01-21 00:00:00,2026,1,21,0,Huế,Phường Phú Bài,16.409296,107.6779818,63,Moderate,1,17.5,98,0.0,3.3,209,1014.5,0,21.7,23.7,399.0,12.7,57.0,5.0
2026-01-21 01:00:00,2026,1,21,1,Huế,Phường Phú Bài,16.409296,107.6779818,63,Moderate,1,17.4,100,0.0,3.2,214,1014.4,100,21.5,23.6,383.0,12.0,54.0,4.3
2026-01-21 02:00:00,2026,1,21,2,Huế,Phường Phú Bài,16.409296,107.6779818,63,Moderate,1,17.1,100,0.0,5.1,222,1013.8,98,21.4,23.5,356.0,11.3,51.0,3.9
2026-01-21 03:00:00,2026,1,21,3,Huế,Phường Phú Bài,16.409296,107.6779818,63,Moderate,1,16.9,100,0.0,5.6,220,1013.5,96,21.7,23.5,321.0,10.4,48.0,3.6
2026-01-21 04:00:00,2026,1,21,4,Huế,Phường Phú Bài,16.409296,107.6779818,63,Moderate,1,16.7,100,0.0,5.2,224,1014.0,98,21.8,23.3,302.0,10.0,46.0,3.5
2026-01-21 05:00:00,2026,1,21,5,Huế,Phường Phú Bài,16.409296,107.6779818,63,Moderate,1,16.5,100,0.0,5.6,225,1014.5,97,21.0,22.8,315.0,10.7,42.0,3.9
2026-01-21 06:00:00,2026,1,21,6,Huế,Phường Phú Bài,16.409296,107.6779818,63,Moderate,1,16.3,100,0.0,6.5,222,1015.2,97,20.0,21.8,344.0,11.7,39.0,4.6
2026-01-21 07:00:00,2026,1,21,7,Huế,Phường Phú Bài,16.409296,107.6779818,63,Moderate,1,17.0,100,0.0,6.1,208,1016.1,98,23.4,24.5,354.0,10.7,39.0,4.0
2026-01-21 08:00:00,2026,1,21,8,Huế,Phường Phú Bài,16.409296,107.6779818,64,Moderate,1,19.9,91,0.0,6.5,210,1016.6,11,23.6,25.0,325.0,8.5,59.0,3.9
2026-01-21 09:00:00,2026,1,21,9,Huế,Phường Phú Bài,16.409296,107.6779818,64,Moderate,1,23.3,76,0.0,5.2,106,1017.5,16,19.0,21.9,279.0,5.3,86.0,3.8
2026-01-21 10:00:00,2026,1,21,10,Huế,Phường Phú Bài,16.409296,107.6779818,64,Moderate,1,24.9,62,0.1,16.0,91,1017.7,11,18.2,23.0,244.0,2.9,107.0,3.5
2026-01-21 11:00:00,2026,1,21,11,Huế,Phường Phú Bài,16.409296,107.6779818,64,Moderate,1,25.5,59,0.0,18.0,92,1017.3,4,18.3,22.9,234.0,1.8,115.0,3.0
2026-01-21 12:00:00,2026,1,21,12,Huế,Phường Phú Bài,16.409296,107.6779818,65,Moderate,1,25.8,57,0.0,19.9,84,1016.5,4,17.9,22.2,236.0,1.4,116.0,2.4
2026-01-21 13:00:00,2026,1,21,13,Huế,Phường Phú Bài,16.409296,107.6779818,65,Moderate,1,25.2,61,0.0,20.5,84,1015.6,19,17.8,22.1,240.0,1.2,115.0,2.0
2026-01-21 14:00:00,2026,1,21,14,Huế,Phường Phú Bài,16.409296,107.6779818,65,Moderate,1,24.9,63,0.1,21.5,84,1014.9,14,17.0,21.2,243.0,1.0,115.0,1.7
2026-01-21 15:00:00,2026,1,21,15,Huế,Phường Phú Bài,16.409296,107.6779818,66,Moderate,1,24.4,66,0.0,22.0,85,1014.4,6,16.9,21.2,247.0,1.0,113.0,1.6
2026-01-21 16:00:00,2026,1,21,16,Huế,Phường Phú Bài,16.409296,107.6779818,66,Moderate,1,23.8,67,0.0,21.3,87,1014.5,2,16.7,21.1,253.0,1.7,110.0,1.7
2026-01-21 17:00:00,2026,1,21,17,Huế,Phường Phú Bài,16.409296,107.6779818,66,Moderate,1,22.8,70,0.0,18.2,89,1014.7,2,17.2,21.5,261.0,3.7,104.0,2.3
2026-01-21 18:00:00,2026,1,21,18,Huế,Phường Phú Bài,16.409296,107.6779818,66,Moderate,1,21.6,75,0.0,15.9,95,1015.0,1,18.2,22.1,270.0,6.4,97.0,3.3
2026-01-21 19:00:00,2026,1,21,19,Huế,Phường Phú Bài,16.409296,107.6779818,66,Moderate,1,21.5,79,0.0,13.9,100,1015.8,20,18.0,21.4,279.0,8.8,89.0,4.1
2026-01-21 20:00:00,2026,1,21,20,Huế,Phường Phú Bài,16.409296,107.6779818,66,Moderate,1,21.2,79,0.0,11.2,112,1016.5,20,19.3,22.8,288.0,9.7,85.0,4.7
2026-01-21 21:00:00,2026,1,21,21,Huế,Phường Phú Bài,16.409296,107.6779818,66,Moderate,1,20.8,81,0.0,8.5,125,1017.0,14,20.4,24.0,298.0,10.9,78.0,5.4
2026-01-21 22:00:00,2026,1,21,22,Huế,Phường Phú Bài,16.409296,107.6779818,66,Moderate,1,19.5,87,0.0,5.4,154,1017.1,19,21.4,25.1,309.0,11.7,73.0,5.8
2026-01-21 23:00:00,2026,1,21,23,Huế,Phường Phú Bài,16.409296,107.6779818,66,Moderate,1,18.5,92,0.0,4.7,198,1017.2,18,21.7,25.3,324.0,11.6,69.0,5.4
2026-01-22 00:00:00,2026,1,22,0,Huế,Phường Phú Bài,16.409296,107.6779818,66,Moderate,1,18.0,94,0.0,4.2,216,1017.2,23,21.5,25.0,342.0,11.1,65.0,4.7
2026-01-22 01:00:00,2026,1,22,1,Huế,Phường Phú Bài,16.409296,107.6779818,66,Moderate,1,18.3,96,0.0,0.7,270,1016.8,33,21.0,24.4,355.0,10.5,63.0,4.1
2026-01-22 02:00:00,2026,1,22,2,Huế,Phường Phú Bài,16.409296,107.6779818,66,Moderate,1,18.1,97,0.1,0.8,207,1016.6,71,20.7,24.3,357.0,9.6,62.0,3.8
2026-01-22 03:00:00,2026,1,22,3,Huế,Phường Phú Bài,16.409296,107.6779818,66,Moderate,1,17.8,98,0.0,2.4,222,1016.4,53,20.1,23.7,355.0,8.5,63.0,3.7
2026-01-22 04:00:00,2026,1,22,4,Huế,Phường Phú Bài,16.409296,107.6779818,66,Moderate,1,17.2,99,0.0,6.4,225,1016.4,59,20.0,23.6,366.0,8.1,62.0,3.7
2026-01-22 05:00:00,2026,1,22,5,Huế,Phường Phú Bài,16.409296,107.6779818,66,Moderate,1,16.7,100,0.0,9.3,227,1016.9,100,19.9,23.4,414.0,9.2,57.0,4.1
2026-01-22 06:00:00,2026,1,22,6,Huế,Phường Phú Bài,16.409296,107.6779818,66,Moderate,1,16.5,100,0.0,8.5,226,1017.5,100,20.3,23.7,475.0,11.0,51.0,4.7
2026-01-22 07:00:00,2026,1,22,7,Huế,Phường Phú Bài,16.409296,107.6779818,66,Moderate,1,17.9,96,0.0,4.8,241,1018.3,62,21.7,25.1,498.0,10.9,55.0,5.6
2026-01-22 08:00:00,2026,1,22,8,Huế,Phường Phú Bài,16.409296,107.6779818,66,Moderate,1,20.1,89,0.0,4.3,237,1019.2,42,20.0,23.6,444.0,8.9,70.0,5.2
2026-01-22 09:00:00,2026,1,22,9,Huế,Phường Phú Bài,16.409296,107.6779818,66,Moderate,1,22.5,76,0.0,3.1,152,1020.1,49,18.0,22.6,352.0,6.1,91.0,4.6
2026-01-22 10:00:00,2026,1,22,10,Huế,Phường Phú Bài,16.409296,107.6779818,65,Moderate,1,23.9,68,0.0,11.1,81,1020.3,55,17.5,22.3,286.0,3.9,106.0,3.9
2026-01-22 11:00:00,2026,1,22,11,Huế,Phường Phú Bài,16.409296,107.6779818,65,Moderate,1,23.3,69,0.3,15.7,80,1020.1,82,16.8,21.9,275.0,2.9,111.0,3.1
2026-01-22 12:00:00,2026,1,22,12,Huế,Phường Phú Bài,16.409296,107.6779818,65,Moderate,1,24.5,67,0.0,17.0,77,1018.9,53,15.6,20.1,290.0,2.4,110.0,2.4
2026-01-22 13:00:00,2026,1,22,13,Huế,Phường Phú Bài,16.409296,107.6779818,65,Moderate,1,23.0,71,0.4,18.6,84,1018.2,58,15.2,19.3,304.0,2.2,109.0,1.8
2026-01-22 14:00:00,2026,1,22,14,Huế,Phường Phú Bài,16.409296,107.6779818,65,Moderate,1,23.5,69,0.0,16.6,80,1017.4,67,16.3,20.5,305.0,1.9,109.0,1.6
2026-01-22 15:00:00,2026,1,22,15,Huế,Phường Phú Bài,16.409296,107.6779818,65,Moderate,1,23.4,67,0.1,17.6,83,1017.0,78,15.9,20.4,305.0,1.9,108.0,1.6
2026-01-22 16:00:00,2026,1,22,16,Huế,Phường Phú Bài,16.409296,107.6779818,65,Moderate,1,23.1,66,0.1,16.8,81,1017.1,76,14.9,19.2,311.0,2.7,106.0,1.9
2026-01-22 17:00:00,2026,1,22,17,Huế,Phường Phú Bài,16.409296,107.6779818,65,Moderate,1,22.0,73,0.1,13.6,79,1017.6,51,15.5,20.1,330.0,5.0,101.0,2.5
2026-01-22 18:00:00,2026,1,22,18,Huế,Phường Phú Bài,16.409296,107.6779818,64,Moderate,1,21.0,78,0.1,10.4,90,1018.0,61,17.1,21.0,356.0,8.1,93.0,3.4
2026-01-22 19:00:00,2026,1,22,19,Huế,Phường Phú Bài,16.409296,107.6779818,64,Moderate,1,20.1,88,0.0,7.4,112,1018.5,48,23.3,28.1,375.0,16.5,71.0,6.3
2026-01-22 20:00:00,2026,1,22,20,Huế,Phường Phú Bài,16.409296,107.6779818,65,Moderate,1,20.0,89,0.1,4.4,117,1019.2,49,27.4,32.7,381.0,17.6,68.0,7.1
2026-01-22 21:00:00,2026,1,22,21,Huế,Phường Phú Bài,16.409296,107.6779818,65,Moderate,1,19.8,91,0.1,3.8,155,1019.3,61,29.2,34.3,381.0,19.0,64.0,8.3
2026-01-22 22:00:00,2026,1,22,22,Huế,Phường Phú Bài,16.409296,107.6779818,66,Moderate,1,19.5,92,0.0,2.3,225,1019.4,89,27.6,32.5,378.0,19.1,62.0,8.6
2026-01-22 23:00:00,2026,1,22,23,Huế,Phường Phú Bài,16.409296,107.6779818,67,Moderate,1,19.4,92,0.3,1.9,214,1019.5,80,24.7,29.3,373.0,16.9,62.0,7.5
2026-01-23 00:00:00,2026,1,23,0,Huế,Phường Phú Bài,16.409296,107.6779818,67,Moderate,1,18.8,94,0.2,2.4,324,1019.3,84,23.4,28.2,366.0,13.4,64.0,5.6
2026-01-23 01:00:00,2026,1,23,1,Huế,Phường Phú Bài,16.409296,107.6779818,67,Moderate,1,19.0,96,0.6,5.8,94,1019.0,93,20.0,24.1,359.0,10.3,66.0,4.1
2026-01-23 02:00:00,2026,1,23,2,Huế,Phường Phú Bài,16.409296,107.6779818,67,Moderate,1,19.6,90,0.3,8.2,100,1018.5,93,17.3,21.3,350.0,8.0,69.0,3.3
2026-01-23 03:00:00,2026,1,23,3,Huế,Phường Phú Bài,16.409296,107.6779818,67,Moderate,1,18.8,96,0.2,8.8,113,1018.4,98,16.9,20.9,341.0,6.1,72.0,2.9
2026-01-23 04:00:00,2026,1,23,4,Huế,Phường Phú Bài,16.409296,107.6779818,67,Moderate,1,17.8,98,0.7,6.7,207,1018.5,87,16.4,20.3,343.0,5.1,74.0,2.8
2026-01-23 05:00:00,2026,1,23,5,Huế,Phường Phú Bài,16.409296,107.6779818,66,Moderate,1,17.9,95,0.1,3.7,241,1018.9,68,17.3,21.1,367.0,5.7,73.0,3.1
2026-01-23 06:00:00,2026,1,23,6,Huế,Phường Phú Bài,16.409296,107.6779818,66,Moderate,1,18.0,94,0.4,1.2,297,1019.6,100,18.2,22.3,402.0,7.2,71.0,3.7
2026-01-23 07:00:00,2026,1,23,7,Huế,Phường Phú Bài,16.409296,107.6779818,66,Moderate,1,19.0,94,1.1,14.5,84,1020.1,96,20.2,23.8,423.0,7.8,71.0,4.0
2026-01-23 08:00:00,2026,1,23,8,Huế,Phường Phú Bài,16.409296,107.6779818,66,Moderate,1,19.5,92,0.5,13.1,106,1021.1,92,19.3,23.6,418.0,6.9,77.0,4.0
2026-01-23 09:00:00,2026,1,23,9,Huế,Phường Phú Bài,16.409296,107.6779818,66,Moderate,1,20.6,86,0.2,15.6,79,1021.7,88,20.3,24.7,400.0,5.7,86.0,4.1
2026-01-23 10:00:00,2026,1,23,10,Huế,Phường Phú Bài,16.409296,107.6779818,66,Moderate,1,21.5,83,0.7,11.5,115,1021.7,87,19.6,24.3,376.0,4.5,93.0,3.9
2026-01-23 11:00:00,2026,1,23,11,Huế,Phường Phú Bài,16.409296,107.6779818,66,Moderate,1,21.3,84,0.2,12.4,93,1021.4,91,16.6,20.9,345.0,3.4,99.0,3.3
2026-01-23 12:00:00,2026,1,23,12,Huế,Phường Phú Bài,16.409296,107.6779818,66,Moderate,1,22.7,76,0.1,13.2,84,1020.4,100,13.4,16.8,310.0,2.4,103.0,2.6
2026-01-23 13:00:00,2026,1,23,13,Huế,Phường Phú Bài,16.409296,107.6779818,66,Moderate,1,23.8,66,0.1,19.8,88,1019.1,63,14.3,17.9,285.0,1.7,106.0,2.0
2026-01-23 14:00:00,2026,1,23,14,Huế,Phường Phú Bài,16.409296,107.6779818,66,Moderate,1,23.1,67,0.3,19.4,91,1018.5,72,15.3,19.2,280.0,1.4,107.0,1.6
2026-01-23 15:00:00,2026,1,23,15,Huế,Phường Phú Bài,16.409296,107.6779818,66,Moderate,1,21.9,74,0.1,16.3,69,1018.3,34,15.1,19.0,286.0,1.4,107.0,1.4
2026-01-23 16:00:00,2026,1,23,16,Huế,Phường Phú Bài,16.409296,107.6779818,66,Moderate,1,22.0,73,0.0,16.4,81,1018.4,59,13.3,17.0,294.0,2.1,105.0,1.5
2026-01-23 17:00:00,2026,1,23,17,Huế,Phường Phú Bài,16.409296,107.6779818,65,Moderate,1,20.6,81,0.0,7.4,87,1018.6,91,13.5,16.8,301.0,4.0,100.0,2.0
2026-01-23 18:00:00,2026,1,23,18,Huế,Phường Phú Bài,16.409296,107.6779818,65,Moderate,1,20.5,86,0.0,3.1,90,1018.8,98,14.6,18.0,311.0,6.4,92.0,2.8
2026-01-23 19:00:00,2026,1,23,19,Huế,Phường Phú Bài,16.409296,107.6779818,65,Moderate,1,20.2,81,0.0,8.0,82,1019.7,94,18.5,22.1,326.0,13.1,70.0,4.3
2026-01-23 20:00:00,2026,1,23,20,Huế,Phường Phú Bài,16.409296,107.6779818,65,Moderate,1,19.8,84,0.1,3.9,118,1020.0,99,19.7,23.2,339.0,13.8,66.0,4.6
2026-01-23 21:00:00,2026,1,23,21,Huế,Phường Phú Bài,16.409296,107.6779818,64,Moderate,1,19.5,85,0.0,4.8,167,1019.7,100,20.2,23.6,357.0,14.7,60.0,5.0
2026-01-23 22:00:00,2026,1,23,22,Huế,Phường Phú Bài,16.409296,107.6779818,63,Moderate,1,18.5,90,0.1,2.5,225,1019.7,100,20.3,23.8,401.0,14.8,56.0,5.1
2026-01-23 23:00:00,2026,1,23,23,Huế,Phường Phú Bài,16.409296,107.6779818,62,Moderate,1,18.2,93,0.0,1.8,270,1019.7,98,19.4,23.1,515.0,13.6,56.0,4.7
2026-01-24 00:00:00,2026,1,24,0,Huế,Phường Phú Bài,16.409296,107.6779818,62,Moderate,1,18.0,97,0.0,1.3,270,1019.3,86,17.3,20.8,657.0,11.7,59.0,4.0
2026-01-24 01:00:00,2026,1,24,1,Huế,Phường Phú Bài,16.409296,107.6779818,61,Moderate,1,18.2,94,0.0,2.2,256,1019.0,83,16.9,20.5,717.0,10.0,62.0,3.5
2026-01-24 02:00:00,2026,1,24,2,Huế,Phường Phú Bài,16.409296,107.6779818,61,Moderate,1,17.6,99,0.3,6.2,248,1018.8,100,16.5,20.2,614.0,8.5,66.0,3.2
2026-01-24 03:00:00,2026,1,24,3,Huế,Phường Phú Bài,16.409296,107.6779818,61,Moderate,1,17.7,99,0.6,4.5,265,1018.5,100,15.6,19.3,431.0,7.1,70.0,3.0
2026-01-24 04:00:00,2026,1,24,4,Huế,Phường Phú Bài,16.409296,107.6779818,61,Moderate,1,17.5,98,0.3,3.6,261,1018.4,91,15.3,19.0,307.0,6.5,72.0,3.0
2026-01-24 05:00:00,2026,1,24,5,Huế,Phường Phú Bài,16.409296,107.6779818,61,Moderate,1,17.5,98,0.1,7.6,255,1019.0,97,15.6,19.5,319.0,7.5,70.0,3.4
2026-01-24 06:00:00,2026,1,24,6,Huế,Phường Phú Bài,16.409296,107.6779818,61,Moderate,1,17.2,99,0.2,6.9,255,1019.4,87,15.9,19.6,391.0,9.4,66.0,4.0
2026-01-24 07:00:00,2026,1,24,7,Huế,Phường Phú Bài,16.409296,107.6779818,61,Moderate,1,18.6,92,0.2,5.0,77,1019.9,55,16.5,19.6,430.0,11.8,57.0,5.0
2026-01-24 08:00:00,2026,1,24,8,Huế,Phường Phú Bài,16.409296,107.6779818,60,Moderate,1,20.0,89,0.1,2.9,101,1020.5,86,14.0,17.3,392.0,9.0,70.0,4.3
2026-01-24 09:00:00,2026,1,24,9,Huế,Phường Phú Bài,16.409296,107.6779818,60,Moderate,1,21.1,82,0.1,5.7,72,1021.1,72,12.7,16.2,321.0,5.3,88.0,3.4
2026-01-24 10:00:00,2026,1,24,10,Huế,Phường Phú Bài,16.409296,107.6779818,59,Moderate,1,22.7,74,0.0,8.8,99,1021.2,21,10.5,13.6,266.0,2.4,102.0,2.6
2026-01-24 11:00:00,2026,1,24,11,Huế,Phường Phú Bài,16.409296,107.6779818,58,Moderate,1,23.8,67,0.0,12.2,90,1020.5,32,9.4,12.1,245.0,1.4,108.0,2.2
2026-01-24 12:00:00,2026,1,24,12,Huế,Phường Phú Bài,16.409296,107.6779818,58,Moderate,1,24.2,64,0.1,13.1,81,1019.2,23,10.5,13.5,238.0,1.4,110.0,2.1
2026-01-24 13:00:00,2026,1,24,13,Huế,Phường Phú Bài,16.409296,107.6779818,57,Moderate,1,24.2,62,0.0,15.9,84,1018.1,26,11.6,15.0,236.0,1.5,110.0,2.0
2026-01-24 14:00:00,2026,1,24,14,Huế,Phường Phú Bài,16.409296,107.6779818,57,Moderate,1,24.6,60,0.0,15.6,79,1017.1,27,11.3,14.7,235.0,1.2,111.0,1.8
2026-01-24 15:00:00,2026,1,24,15,Huế,Phường Phú Bài,16.409296,107.6779818,57,Moderate,1,24.5,61,0.0,15.9,72,1016.7,24,11.3,14.6,239.0,1.0,111.0,1.6
2026-01-24 16:00:00,2026,1,24,16,Huế,Phường Phú Bài,16.409296,107.6779818,56,Moderate,1,23.2,68,0.0,16.6,68,1016.6,29,11.3,14.6,246.0,2.1,107.0,1.9
2026-01-24 17:00:00,2026,1,24,17,Huế,Phường Phú Bài,16.409296,107.6779818,56,Moderate,1,22.0,72,0.0,14.4,74,1016.8,20,11.5,14.8,254.0,5.5,98.0,2.9
2026-01-24 18:00:00,2026,1,24,18,Huế,Phường Phú Bài,16.409296,107.6779818,56,Moderate,1,20.9,77,0.0,11.7,80,1016.8,27,13.0,16.0,266.0,10.1,85.0,4.2
2026-01-24 19:00:00,2026,1,24,19,Huế,Phường Phú Bài,16.409296,107.6779818,56,Moderate,1,20.6,80,0.0,14.6,85,1017.0,25,17.5,21.0,281.0,14.0,77.0,5.7
2026-01-24 20:00:00,2026,1,24,20,Huế,Phường Phú Bài,16.409296,107.6779818,56,Moderate,1,20.4,81,0.0,12.6,92,1017.6,13,19.7,23.4,304.0,14.5,74.0,6.3
2026-01-24 21:00:00,2026,1,24,21,Huế,Phường Phú Bài,16.409296,107.6779818,56,Moderate,1,19.8,84,0.0,8.8,113,1017.6,5,20.0,23.7,331.0,15.2,69.0,7.1
2026-01-24 22:00:00,2026,1,24,22,Huế,Phường Phú Bài,16.409296,107.6779818,56,Moderate,1,18.5,90,0.0,5.8,141,1017.3,2,20.1,23.6,354.0,15.4,65.0,7.4
2026-01-24 23:00:00,2026,1,24,23,Huế,Phường Phú Bài,16.409296,107.6779818,56,Moderate,1,17.4,93,0.0,4.3,182,1017.1,0,20.2,23.6,373.0,14.8,62.0,6.8
2026-01-25 00:00:00,2026,1,25,0,Huế,Phường Phú Bài,16.409296,107.6779818,56,Moderate,1,16.5,97,0.0,4.0,212,1016.8,7,19.6,22.8,387.0,13.7,58.0,5.8
2026-01-25 01:00:00,2026,1,25,1,Huế,Phường Phú Bài,16.409296,107.6779818,56,Moderate,1,16.4,100,0.0,6.9,219,1016.3,100,18.7,22.0,388.0,12.7,55.0,4.9
2026-01-25 02:00:00,2026,1,25,2,Huế,Phường Phú Bài,16.409296,107.6779818,56,Moderate,1,16.0,100,0.0,6.8,220,1015.8,100,18.5,21.7,364.0,11.8,51.0,4.3
2026-01-25 03:00:00,2026,1,25,3,Huế,Phường Phú Bài,16.409296,107.6779818,56,Moderate,1,15.8,100,0.0,6.9,208,1015.4,98,18.2,21.2,326.0,10.9,48.0,3.9
2026-01-25 04:00:00,2026,1,25,4,Huế,Phường Phú Bài,16.409296,107.6779818,57,Moderate,1,15.6,100,0.0,6.7,194,1015.3,90,17.9,21.0,305.0,10.4,45.0,3.7
2026-01-25 05:00:00,2026,1,25,5,Huế,Phường Phú Bài,16.409296,107.6779818,57,Moderate,1,15.6,98,0.0,7.7,196,1015.7,67,17.1,19.6,320.0,10.7,41.0,3.9
2026-01-25 06:00:00,2026,1,25,6,Huế,Phường Phú Bài,16.409296,107.6779818,57,Moderate,1,15.4,97,0.0,8.2,206,1016.3,86,17.2,19.1,351.0,11.4,39.0,4.4
2026-01-25 07:00:00,2026,1,25,7,Huế,Phường Phú Bài,16.409296,107.6779818,57,Moderate,1,16.8,96,0.0,10.6,203,1017.1,98,19.2,20.4,364.0,9.5,47.0,3.4
2026-01-25 08:00:00,2026,1,25,8,Huế,Phường Phú Bài,16.409296,107.6779818,57,Moderate,1,19.7,84,0.0,7.6,205,1017.7,100,17.8,18.8,339.0,7.6,64.0,3.3
2026-01-25 09:00:00,2026,1,25,9,Huế,Phường Phú Bài,16.409296,107.6779818,58,Moderate,1,22.5,70,0.0,7.4,173,1017.9,98,14.8,17.1,296.0,5.0,87.0,3.1
2026-01-25 10:00:00,2026,1,25,10,Huế,Phường Phú Bài,16.409296,107.6779818,58,Moderate,1,24.0,63,0.0,7.6,105,1017.7,99,13.1,16.9,266.0,2.9,106.0,2.9
2026-01-25 11:00:00,2026,1,25,11,Huế,Phường Phú Bài,16.409296,107.6779818,58,Moderate,1,24.7,63,0.0,11.0,80,1017.2,98,11.6,15.0,267.0,1.9,115.0,2.6
2026-01-25 12:00:00,2026,1,25,12,Huế,Phường Phú Bài,16.409296,107.6779818,58,Moderate,1,25.2,63,0.0,13.4,68,1016.2,79,10.9,14.1,280.0,1.5,119.0,2.2
2026-01-25 13:00:00,2026,1,25,13,Huế,Phường Phú Bài,16.409296,107.6779818,58,Moderate,1,25.2,63,0.0,18.2,70,1015.1,47,10.6,13.6,285.0,1.4,122.0,2.0
2026-01-25 14:00:00,2026,1,25,14,Huế,Phường Phú Bài,16.409296,107.6779818,58,Moderate,1,25.5,62,0.0,19.0,70,1014.1,48,10.4,13.4,267.0,1.3,126.0,1.9
2026-01-25 15:00:00,2026,1,25,15,Huế,Phường Phú Bài,16.409296,107.6779818,58,Moderate,1,24.8,65,0.0,21.9,68,1013.6,40,10.6,13.4,240.0,1.4,128.0,2.0
2026-01-25 16:00:00,2026,1,25,16,Huế,Phường Phú Bài,16.409296,107.6779818,58,Moderate,1,23.8,68,0.0,22.1,72,1013.6,93,10.6,13.2,224.0,2.2,125.0,2.3
2026-01-25 17:00:00,2026,1,25,17,Huế,Phường Phú Bài,16.409296,107.6779818,64,Moderate,1,22.7,72,0.0,22.0,80,1013.8,83,10.3,12.9,227.0,4.4,114.0,2.9
2026-01-25 18:00:00,2026,1,25,18,Huế,Phường Phú Bài,16.409296,107.6779818,70,Moderate,1,21.5,75,0.0,18.2,88,1014.6,72,10.6,12.8,242.0,7.3,98.0,3.6
2026-01-25 19:00:00,2026,1,25,19,Huế,Phường Phú Bài,16.409296,107.6779818,68,Moderate,1,21.2,80,0.0,13.9,88,1015.3,1,13.9,16.5,267.0,10.7,85.0,4.6
2026-01-25 20:00:00,2026,1,25,20,Huế,Phường Phú Bài,16.409296,107.6779818,62,Moderate,1,20.9,80,0.0,7.9,107,1016.3,2,15.3,18.0,315.0,11.1,80.0,5.0
2026-01-25 21:00:00,2026,1,25,21,Huế,Phường Phú Bài,16.409296,107.6779818,57,Moderate,1,19.4,87,0.0,4.8,151,1016.7,2,15.3,17.9,374.0,11.7,73.0,5.5
2026-01-25 22:00:00,2026,1,25,22,Huế,Phường Phú Bài,16.409296,107.6779818,57,Moderate,1,18.4,93,0.0,4.5,187,1016.7,3,15.1,17.6,408.0,11.9,67.0,5.6
2026-01-25 23:00:00,2026,1,25,23,Huế,Phường Phú Bài,16.409296,107.6779818,56,Moderate,1,17.4,96,0.0,4.4,187,1016.8,2,15.3,17.6,395.0,11.4,64.0,5.1
2026-01-26 00:00:00,2026,1,26,0,Huế,Phường Phú Bài,16.409296,107.6779818,56,Moderate,1,17.0,97,0.0,5.1,203,1016.5,2,14.9,17.2,357.0,10.5,62.0,4.2
2026-01-26 01:00:00,2026,1,26,1,Huế,Phường Phú Bài,16.409296,107.6779818,55,Moderate,1,17.0,99,0.0,6.7,214,1016.3,0,14.2,16.6,322.0,9.6,61.0,3.5
2026-01-26 02:00:00,2026,1,26,2,Huế,Phường Phú Bài,16.409296,107.6779818,55,Moderate,1,17.2,98,0.0,6.1,210,1015.9,1,13.9,16.3,296.0,8.6,60.0,3.1
2026-01-26 03:00:00,2026,1,26,3,Huế,Phường Phú Bài,16.409296,107.6779818,55,Moderate,1,16.9,99,0.0,5.6,211,1015.5,5,14.2,16.9,273.0,7.5,60.0,2.8
2026-01-26 04:00:00,2026,1,26,4,Huế,Phường Phú Bài,16.409296,107.6779818,54,Moderate,1,16.5,99,0.0,6.1,208,1015.5,2,14.6,16.9,266.0,6.9,59.0,2.6
2026-01-26 05:00:00,2026,1,26,5,Huế,Phường Phú Bài,16.409296,107.6779818,54,Moderate,1,16.1,100,0.0,4.9,234,1016.0,2,16.1,17.6,290.0,7.2,54.0,2.6
2026-01-26 06:00:00,2026,1,26,6,Huế,Phường Phú Bài,16.409296,107.6779818,54,Moderate,1,15.9,100,0.0,4.3,237,1016.5,4,16.5,17.9,330.0,8.0,47.0,2.8
2026-01-26 07:00:00,2026,1,26,7,Huế,Phường Phú Bài,16.409296,107.6779818,54,Moderate,1,16.3,100,0.0,7.3,228,1017.3,98,19.6,20.6,347.0,8.5,47.0,2.6
2026-01-26 08:00:00,2026,1,26,8,Huế,Phường Phú Bài,16.409296,107.6779818,54,Moderate,1,19.6,89,0.0,4.8,217,1018.1,2,20.1,21.0,319.0,7.0,63.0,2.8
2026-01-26 09:00:00,2026,1,26,9,Huế,Phường Phú Bài,16.409296,107.6779818,54,Moderate,1,22.8,77,0.0,1.9,146,1018.5,88,15.8,17.6,269.0,4.9,85.0,3.1
2026-01-26 10:00:00,2026,1,26,10,Huế,Phường Phú Bài,16.409296,107.6779818,54,Moderate,1,24.8,66,0.0,7.4,89,1018.4,74,13.3,17.0,229.0,3.2,103.0,3.2
2026-01-26 11:00:00,2026,1,26,11,Huế,Phường Phú Bài,16.409296,107.6779818,54,Moderate,1,25.9,58,0.0,12.5,79,1018.0,45,12.4,16.3,212.0,2.2,113.0,2.9
2026-01-26 12:00:00,2026,1,26,12,Huế,Phường Phú Bài,16.409296,107.6779818,54,Moderate,1,25.0,67,0.3,17.1,69,1017.2,63,11.5,15.1,205.0,1.6,119.0,2.4
2026-01-26 13:00:00,2026,1,26,13,Huế,Phường Phú Bài,16.409296,107.6779818,54,Moderate,1,24.6,67,0.0,15.8,69,1016.3,20,10.9,14.5,202.0,1.3,121.0,2.0
2026-01-26 14:00:00,2026,1,26,14,Huế,Phường Phú Bài,16.409296,107.6779818,54,Moderate,1,25.0,65,0.0,14.1,69,1015.7,20,10.8,14.4,199.0,1.0,120.0,1.7
2026-01-26 15:00:00,2026,1,26,15,Huế,Phường Phú Bài,16.409296,107.6779818,54,Moderate,1,24.9,61,0.0,12.5,70,1015.5,19,10.5,14.1,199.0,1.0,116.0,1.6
2026-01-26 16:00:00,2026,1,26,16,Huế,Phường Phú Bài,16.409296,107.6779818,54,Moderate,1,24.0,65,0.0,11.8,71,1015.5,24,10.3,13.9,205.0,1.7,109.0,1.7
2026-01-26 17:00:00,2026,1,26,17,Huế,Phường Phú Bài,16.409296,107.6779818,55,Moderate,1,22.9,71,0.0,11.0,71,1015.9,43,10.0,13.4,221.0,3.5,99.0,2.1
2026-01-26 18:00:00,2026,1,26,18,Huế,Phường Phú Bài,16.409296,107.6779818,58,Moderate,1,21.2,79,0.0,7.2,84,1016.4,55,10.4,13.3,244.0,6.0,86.0,2.8
2026-01-26 19:00:00,2026,1,26,19,Huế,Phường Phú Bài,16.409296,107.6779818,54,Moderate,1,20.6,90,0.0,6.7,96,1017.1,27,12.9,15.5,266.0,12.8,68.0,5.0
2026-01-26 20:00:00,2026,1,26,20,Huế,Phường Phú Bài,16.409296,107.6779818,54,Moderate,1,20.5,90,0.0,6.4,106,1017.9,35,16.8,19.4,288.0,15.3,62.0,6.3
2026-01-26 21:00:00,2026,1,26,21,Huế,Phường Phú Bài,16.409296,107.6779818,54,Moderate,1,20.5,89,0.0,5.7,125,1017.8,34,19.0,21.7,309.0,18.6,54.0,8.0
2026-01-26 22:00:00,2026,1,26,22,Huế,Phường Phú Bài,16.409296,107.6779818,55,Moderate,1,19.6,93,0.0,4.7,164,1017.8,9,20.3,23.1,320.0,20.1,49.0,8.8
2026-01-26 23:00:00,2026,1,26,23,Huế,Phường Phú Bài,16.409296,107.6779818,55,Moderate,1,18.4,97,0.0,4.0,210,1017.5,0,19.0,21.4,314.0,18.1,49.0,7.8
2026-01-27 00:00:00,2026,1,27,0,Huế,Phường Phú Bài,16.409296,107.6779818,55,Moderate,1,17.5,100,0.0,3.3,221,1017.0,5,17.0,19.3,298.0,14.2,51.0,5.9
2026-01-27 01:00:00,2026,1,27,1,Huế,Phường Phú Bài,16.409296,107.6779818,56,Moderate,1,17.8,100,0.0,3.2,196,1016.9,100,15.0,16.9,286.0,11.1,52.0,4.4
2026-01-27 02:00:00,2026,1,27,2,Huế,Phường Phú Bài,16.409296,107.6779818,56,Moderate,1,17.9,100,0.0,5.4,228,1016.6,100,15.3,16.7,279.0,9.6,50.0,3.7
2026-01-27 03:00:00,2026,1,27,3,Huế,Phường Phú Bài,16.409296,107.6779818,56,Moderate,1,18.0,100,0.0,5.7,226,1016.4,100,15.4,16.6,276.0,8.8,46.0,3.4
2026-01-27 04:00:00,2026,1,27,4,Huế,Phường Phú Bài,16.409296,107.6779818,56,Moderate,1,18.1,100,0.0,5.3,218,1016.3,100,14.6,15.8,285.0,8.6,42.0,3.4
2026-01-27 05:00:00,2026,1,27,5,Huế,Phường Phú Bài,16.409296,107.6779818,56,Moderate,1,18.2,98,0.0,5.1,203,1016.7,99,13.6,14.7,325.0,9.5,36.0,3.6
2026-01-27 06:00:00,2026,1,27,6,Huế,Phường Phú Bài,16.409296,107.6779818,56,Moderate,1,17.9,98,0.0,4.8,202,1017.6,99,13.9,15.0,378.0,11.0,29.0,4.1
2026-01-27 07:00:00,2026,1,27,7,Huế,Phường Phú Bài,16.409296,107.6779818,55,Moderate,1,17.0,98,0.0,5.9,220,1018.2,100,19.6,21.0,399.0,14.6,32.0,5.7
2026-01-27 08:00:00,2026,1,27,8,Huế,Phường Phú Bài,16.409296,107.6779818,55,Moderate,1,19.0,92,0.4,3.3,193,1019.2,100,18.0,21.2,356.0,11.7,50.0,5.8
2026-01-27 09:00:00,2026,1,27,9,Huế,Phường Phú Bài,16.409296,107.6779818,55,Moderate,1,21.0,88,0.4,3.9,167,1019.8,100,16.6,20.8,281.0,7.6,75.0,5.9
2026-01-27 10:00:00,2026,1,27,10,Huế,Phường Phú Bài,16.409296,107.6779818,55,Moderate,1,23.0,77,0.1,7.3,107,1019.7,100,12.4,15.8,225.0,4.4,95.0,5.6
2026-01-27 11:00:00,2026,1,27,11,Huế,Phường Phú Bài,16.409296,107.6779818,55,Moderate,1,23.9,74,0.1,9.9,95,1019.2,86,10.4,13.3,211.0,2.8,104.0,4.7
2026-01-27 12:00:00,2026,1,27,12,Huế,Phường Phú Bài,16.409296,107.6779818,55,Moderate,1,25.0,67,0.0,11.6,85,1018.0,72,9.4,12.1,215.0,2.0,107.0,3.5
2026-01-27 13:00:00,2026,1,27,13,Huế,Phường Phú Bài,16.409296,107.6779818,55,Moderate,1,24.5,67,0.0,11.9,85,1017.1,71,8.5,10.9,224.0,1.5,108.0,2.6
2026-01-27 14:00:00,2026,1,27,14,Huế,Phường Phú Bài,16.409296,107.6779818,55,Moderate,1,24.8,64,0.0,12.8,74,1016.4,52,7.6,9.9,228.0,0.9,108.0,2.0
2026-01-27 15:00:00,2026,1,27,15,Huế,Phường Phú Bài,16.409296,107.6779818,54,Moderate,1,24.6,66,0.0,13.3,71,1016.3,30,7.1,9.2,235.0,0.6,106.0,1.8
2026-01-27 16:00:00,2026,1,27,16,Huế,Phường Phú Bài,16.409296,107.6779818,54,Moderate,1,23.7,71,0.0,12.7,72,1016.3,29,7.2,9.3,256.0,1.9,102.0,2.1
2026-01-27 17:00:00,2026,1,27,17,Huế,Phường Phú Bài,16.409296,107.6779818,54,Moderate,1,22.8,75,0.0,11.4,77,1016.7,16,7.9,10.2,300.0,6.0,93.0,3.3
2026-01-27 18:00:00,2026,1,27,18,Huế,Phường Phú Bài,16.409296,107.6779818,54,Moderate,1,21.0,84,0.0,6.7,84,1016.9,7,10.5,12.8,357.0,11.8,81.0,5.2
2026-01-27 19:00:00,2026,1,27,19,Huế,Phường Phú Bài,16.409296,107.6779818,54,Moderate,1,20.5,91,0.0,6.7,71,1017.3,16,12.8,14.9,410.0,14.2,72.0,6.0
2026-01-27 20:00:00,2026,1,27,20,Huế,Phường Phú Bài,16.409296,107.6779818,54,Moderate,1,20.1,93,0.0,5.2,70,1018.2,8,16.5,18.7,464.0,15.9,69.0,7.5
2026-01-27 21:00:00,2026,1,27,21,Huế,Phường Phú Bài,16.409296,107.6779818,54,Moderate,1,19.8,93,0.0,3.6,84,1018.4,12,18.1,20.4,513.0,18.4,65.0,9.5
2026-01-27 22:00:00,2026,1,27,22,Huế,Phường Phú Bài,16.409296,107.6779818,53,Moderate,1,19.5,93,0.0,1.4,157,1018.8,42,19.8,22.2,525.0,20.4,61.0,10.7
2026-01-27 23:00:00,2026,1,27,23,Huế,Phường Phú Bài,16.409296,107.6779818,53,Moderate,1,18.4,98,0.0,2.4,216,1018.4,16,22.7,25.5,471.0,21.6,56.0,10.3
2026-01-28 00:00:00,2026,1,28,0,Huế,Phường Phú Bài,16.409296,107.6779818,54,Moderate,1,17.9,100,0.0,5.1,228,1017.9,100,26.0,29.0,379.0,22.4,50.0,9.2
2026-01-28 01:00:00,2026,1,28,1,Huế,Phường Phú Bài,16.409296,107.6779818,55,Moderate,1,18.0,100,0.0,6.7,234,1017.6,100,29.4,31.1,307.0,22.9,45.0,8.1
2026-01-28 02:00:00,2026,1,28,2,Huế,Phường Phú Bài,16.409296,107.6779818,56,Moderate,1,18.0,100,0.1,6.1,230,1016.9,100,32.2,33.9,274.0,22.9,40.0,7.4
2026-01-28 03:00:00,2026,1,28,3,Huế,Phường Phú Bài,16.409296,107.6779818,57,Moderate,1,18.2,98,0.2,5.8,216,1016.6,100,33.1,34.6,261.0,22.6,36.0,6.8
2026-01-28 04:00:00,2026,1,28,4,Huế,Phường Phú Bài,16.409296,107.6779818,59,Moderate,1,18.7,100,0.5,3.6,213,1016.6,100,31.1,32.5,261.0,22.3,34.0,6.6
2026-01-28 05:00:00,2026,1,28,5,Huế,Phường Phú Bài,16.409296,107.6779818,60,Moderate,1,18.8,98,0.4,5.3,235,1017.0,100,31.3,32.6,283.0,22.7,32.0,7.3
2026-01-28 06:00:00,2026,1,28,6,Huế,Phường Phú Bài,16.409296,107.6779818,62,Moderate,1,18.3,97,0.0,6.4,225,1017.6,93,27.1,28.3,318.0,23.2,32.0,8.3
2026-01-28 07:00:00,2026,1,28,7,Huế,Phường Phú Bài,16.409296,107.6779818,63,Moderate,1,18.5,99,0.1,6.5,199,1018.4,98,31.1,32.1,336.0,27.1,33.0,9.6
2026-01-28 08:00:00,2026,1,28,8,Huế,Phường Phú Bài,16.409296,107.6779818,64,Moderate,1,19.9,94,0.1,5.0,199,1019.1,86,12.3,14.3,320.0,20.3,51.0,8.2
2026-01-28 09:00:00,2026,1,28,9,Huế,Phường Phú Bài,16.409296,107.6779818,64,Moderate,1,21.7,84,0.1,4.0,188,1019.5,89,10.2,12.8,286.0,10.8,75.0,6.2
2026-01-28 10:00:00,2026,1,28,10,Huế,Phường Phú Bài,16.409296,107.6779818,63,Moderate,1,23.4,77,0.0,3.6,99,1019.3,91,10.0,13.1,260.0,3.7,93.0,4.5
2026-01-28 11:00:00,2026,1,28,11,Huế,Phường Phú Bài,16.409296,107.6779818,63,Moderate,1,24.5,71,0.2,8.5,72,1018.8,100,8.1,10.9,249.0,1.2,98.0,3.2
2026-01-28 12:00:00,2026,1,28,12,Huế,Phường Phú Bài,16.409296,107.6779818,63,Moderate,1,24.6,69,0.2,13.0,71,1018.0,87,9.0,12.2,245.0,1.0,97.0,2.2
2026-01-28 13:00:00,2026,1,28,13,Huế,Phường Phú Bài,16.409296,107.6779818,63,Moderate,1,24.8,68,0.1,14.8,76,1016.8,94,7.9,10.9,247.0,1.1,96.0,1.6
2026-01-28 14:00:00,2026,1,28,14,Huế,Phường Phú Bài,16.409296,107.6779818,62,Moderate,1,24.5,67,0.1,15.6,74,1016.1,85,7.7,10.6,257.0,0.8,97.0,1.4
2026-01-28 15:00:00,2026,1,28,15,Huế,Phường Phú Bài,16.409296,107.6779818,63,Moderate,1,24.0,69,0.0,15.9,74,1015.8,13,7.9,10.9,272.0,0.9,97.0,1.6
2026-01-28 16:00:00,2026,1,28,16,Huế,Phường Phú Bài,16.409296,107.6779818,63,Moderate,1,23.1,73,0.1,16.6,81,1015.6,27,8.4,11.4,288.0,1.8,95.0,2.0
2026-01-28 17:00:00,2026,1,28,17,Huế,Phường Phú Bài,16.409296,107.6779818,63,Moderate,1,22.5,75,0.0,15.1,82,1015.9,24,9.1,12.2,303.0,4.2,89.0,2.7
2026-01-28 18:00:00,2026,1,28,18,Huế,Phường Phú Bài,16.409296,107.6779818,63,Moderate,1,21.5,79,0.0,12.5,78,1016.1,37,10.1,13.0,318.0,7.5,80.0,3.7
2026-01-28 19:00:00,2026,1,28,19,Huế,Phường Phú Bài,16.409296,107.6779818,63,Moderate,1,21.1,84,0.0,11.2,75,1016.2,38,14.9,18.5,332.0,11.8,66.0,4.9
2026-01-28 20:00:00,2026,1,28,20,Huế,Phường Phú Bài,16.409296,107.6779818,63,Moderate,1,21.0,84,0.0,11.4,95,1016.7,26,15.9,19.3,346.0,12.0,64.0,5.2
2026-01-28 21:00:00,2026,1,28,21,Huế,Phường Phú Bài,16.409296,107.6779818,63,Moderate,1,20.5,86,0.0,8.7,114,1017.0,32,15.1,18.2,360.0,12.3,61.0,5.5
2026-01-28 22:00:00,2026,1,28,22,Huế,Phường Phú Bài,16.409296,107.6779818,63,Moderate,1,19.5,92,0.0,5.1,144,1017.3,23,14.4,17.3,372.0,12.2,58.0,5.6
2026-01-28 23:00:00,2026,1,28,23,Huế,Phường Phú Bài,16.409296,107.6779818,62,Moderate,1,18.5,95,0.0,2.9,187,1017.2,14,13.7,16.5,387.0,11.5,57.0,5.1
2026-01-29 00:00:00,2026,1,29,0,Huế,Phường Phú Bài,16.409296,107.6779818,61,Moderate,1,17.7,98,0.0,3.6,217,1017.0,32,13.0,15.8,401.0,10.5,56.0,4.4
2026-01-29 01:00:00,2026,1,29,1,Huế,Phường Phú Bài,16.409296,107.6779818,60,Moderate,1,18.0,99,0.0,1.7,229,1016.3,61,12.7,15.3,400.0,9.6,55.0,3.8
2026-01-29 02:00:00,2026,1,29,2,Huế,Phường Phú Bài,16.409296,107.6779818,59,Moderate,1,18.1,99,0.0,1.5,240,1015.8,73,12.5,15.0,366.0,8.9,53.0,3.4
2026-01-29 03:00:00,2026,1,29,3,Huế,Phường Phú Bài,16.409296,107.6779818,57,Moderate,1,17.5,100,0.0,2.5,225,1015.5,83,12.4,14.9,316.0,8.3,51.0,3.2
2026-01-29 04:00:00,2026,1,29,4,Huế,Phường Phú Bài,16.409296,107.6779818,55,Moderate,1,17.5,100,0.0,3.1,225,1015.3,99,12.3,14.8,294.0,8.0,49.0,3.1
2026-01-29 05:00:00,2026,1,29,5,Huế,Phường Phú Bài,16.409296,107.6779818,53,Moderate,1,17.1,100,0.0,1.9,229,1015.6,100,11.8,14.0,333.0,8.4,45.0,3.3
2026-01-29 06:00:00,2026,1,29,6,Huế,Phường Phú Bài,16.409296,107.6779818,52,Moderate,1,16.8,100,0.0,1.8,233,1016.2,100,12.2,13.9,399.0,9.0,40.0,3.7
2026-01-29 07:00:00,2026,1,29,7,Huế,Phường Phú Bài,16.409296,107.6779818,50,Good,0,18.0,97,0.0,5.0,229,1017.0,9,18.9,21.0,430.0,10.4,41.0,4.0
2026-01-29 08:00:00,2026,1,29,8,Huế,Phường Phú Bài,16.409296,107.6779818,49,Good,0,21.0,85,0.0,2.0,260,1017.6,22,15.9,18.5,386.0,8.3,58.0,3.8
2026-01-29 09:00:00,2026,1,29,9,Huế,Phường Phú Bài,16.409296,107.6779818,49,Good,0,23.0,74,0.0,4.7,108,1018.0,20,14.4,19.0,306.0,5.4,83.0,3.5
2026-01-29 10:00:00,2026,1,29,10,Huế,Phường Phú Bài,16.409296,107.6779818,50,Good,0,24.5,67,0.1,9.4,97,1017.8,42,12.1,16.5,247.0,3.1,102.0,3.2
2026-01-29 11:00:00,2026,1,29,11,Huế,Phường Phú Bài,16.409296,107.6779818,50,Good,0,25.3,64,0.0,11.8,77,1017.1,63,11.4,15.7,236.0,2.1,112.0,2.9
2026-01-29 12:00:00,2026,1,29,12,Huế,Phường Phú Bài,16.409296,107.6779818,51,Moderate,1,25.5,65,0.0,15.6,74,1016.1,45,11.1,15.2,245.0,1.7,117.0,2.5
2026-01-29 13:00:00,2026,1,29,13,Huế,Phường Phú Bài,16.409296,107.6779818,51,Moderate,1,25.9,61,0.0,18.3,77,1014.4,12,10.9,15.0,252.0,1.5,121.0,2.3
2026-01-29 14:00:00,2026,1,29,14,Huế,Phường Phú Bài,16.409296,107.6779818,51,Moderate,1,25.6,61,0.0,20.5,77,1013.6,16,11.4,15.3,245.0,1.3,126.0,2.2
2026-01-29 15:00:00,2026,1,29,15,Huế,Phường Phú Bài,16.409296,107.6779818,51,Moderate,1,25.2,62,0.0,21.4,80,1013.1,23,11.4,15.1,235.0,1.4,129.0,2.3
2026-01-29 16:00:00,2026,1,29,16,Huế,Phường Phú Bài,16.409296,107.6779818,52,Moderate,1,24.5,65,0.0,21.2,81,1013.0,15,11.4,14.8,231.0,2.2,127.0,2.5
2026-01-29 17:00:00,2026,1,29,17,Huế,Phường Phú Bài,16.409296,107.6779818,62,Moderate,1,23.4,69,0.0,18.3,75,1013.5,13,11.3,14.5,234.0,4.4,117.0,3.1
2026-01-29 18:00:00,2026,1,29,18,Huế,Phường Phú Bài,16.409296,107.6779818,69,Moderate,1,22.2,73,0.0,14.7,76,1014.3,23,11.7,14.4,244.0,7.3,103.0,3.9
2026-01-29 19:00:00,2026,1,29,19,Huế,Phường Phú Bài,16.409296,107.6779818,69,Moderate,1,21.8,78,0.0,14.5,83,1014.8,1,11.1,13.4,264.0,8.8,91.0,4.2
2026-01-29 20:00:00,2026,1,29,20,Huế,Phường Phú Bài,16.409296,107.6779818,65,Moderate,1,21.4,81,0.0,10.6,91,1015.9,21,12.1,14.2,308.0,9.8,84.0,4.6
2026-01-29 21:00:00,2026,1,29,21,Huế,Phường Phú Bài,16.409296,107.6779818,58,Moderate,1,20.9,83,0.0,8.1,107,1016.1,8,12.6,14.6,363.0,11.1,75.0,5.2
2026-01-29 22:00:00,2026,1,29,22,Huế,Phường Phú Bài,16.409296,107.6779818,51,Moderate,1,19.9,88,0.0,5.1,126,1016.3,0,13.7,15.7,394.0,11.8,68.0,5.4
2026-01-29 23:00:00,2026,1,29,23,Huế,Phường Phú Bài,16.409296,107.6779818,51,Moderate,1,18.9,92,0.0,4.4,150,1016.2,17,14.8,16.8,382.0,11.4,64.0,4.8
2026-01-30 00:00:00,2026,1,30,0,Huế,Phường Phú Bài,16.409296,107.6779818,51,Moderate,1,18.2,94,0.0,4.4,171,1016.0,37,15.0,16.6,347.0,10.5,63.0,3.8
2026-01-30 01:00:00,2026,1,30,1,Huế,Phường Phú Bài,16.409296,107.6779818,52,Moderate,1,17.6,96,0.0,4.9,172,1015.5,9,15.9,17.2,315.0,9.5,61.0,2.9
2026-01-30 02:00:00,2026,1,30,2,Huế,Phường Phú Bài,16.409296,107.6779818,52,Moderate,1,17.1,97,0.0,4.7,180,1014.9,5,16.1,17.5,290.0,8.4,60.0,2.4
2026-01-30 03:00:00,2026,1,30,3,Huế,Phường Phú Bài,16.409296,107.6779818,52,Moderate,1,16.9,98,0.0,4.5,194,1014.5,2,16.1,17.4,268.0,7.3,58.0,2.1
2026-01-30 04:00:00,2026,1,30,4,Huế,Phường Phú Bài,16.409296,107.6779818,52,Moderate,1,16.6,98,0.0,4.5,194,1014.7,1,16.0,17.2,268.0,6.7,56.0,2.0
2026-01-30 05:00:00,2026,1,30,5,Huế,Phường Phú Bài,16.409296,107.6779818,53,Moderate,1,16.4,98,0.0,4.2,200,1015.1,7,15.8,16.9,315.0,7.4,48.0,2.3
2026-01-30 06:00:00,2026,1,30,6,Huế,Phường Phú Bài,16.409296,107.6779818,53,Moderate,1,16.3,99,0.0,4.1,203,1015.7,2,16.0,16.9,384.0,8.8,39.0,2.9
2026-01-30 07:00:00,2026,1,30,7,Huế,Phường Phú Bài,16.409296,107.6779818,53,Moderate,1,17.5,98,0.0,8.9,208,1016.8,7,15.3,15.7,418.0,9.4,36.0,3.3
2026-01-30 08:00:00,2026,1,30,8,Huế,Phường Phú Bài,16.409296,107.6779818,53,Moderate,1,20.8,85,0.0,5.9,192,1017.8,9,15.9,16.3,379.0,7.6,57.0,3.4
2026-01-30 09:00:00,2026,1,30,9,Huế,Phường Phú Bài,16.409296,107.6779818,53,Moderate,1,23.2,74,0.0,3.9,158,1018.4,9,11.5,12.4,305.0,5.1,86.0,3.5
2026-01-30 10:00:00,2026,1,30,10,Huế,Phường Phú Bài,16.409296,107.6779818,53,Moderate,1,25.0,67,0.0,4.0,87,1018.2,1,8.6,9.8,248.0,3.1,110.0,3.5
2026-01-30 11:00:00,2026,1,30,11,Huế,Phường Phú Bài,16.409296,107.6779818,53,Moderate,1,26.1,63,0.0,6.6,69,1017.2,11,7.9,9.3,233.0,2.1,122.0,3.2
2026-01-30 12:00:00,2026,1,30,12,Huế,Phường Phú Bài,16.409296,107.6779818,52,Moderate,1,26.8,62,0.0,9.7,62,1016.0,35,8.4,10.4,236.0,1.7,128.0,2.7
2026-01-30 13:00:00,2026,1,30,13,Huế,Phường Phú Bài,16.409296,107.6779818,52,Moderate,1,26.4,63,0.0,13.3,57,1014.9,59,9.1,11.4,238.0,1.5,132.0,2.4
2026-01-30 14:00:00,2026,1,30,14,Huế,Phường Phú Bài,16.409296,107.6779818,52,Moderate,1,26.2,62,0.0,15.4,63,1014.3,12,9.2,11.5,231.0,0.9,136.0,2.1
2026-01-30 15:00:00,2026,1,30,15,Huế,Phường Phú Bài,16.409296,107.6779818,52,Moderate,1,25.5,66,0.0,15.8,69,1014.1,16,9.2,11.4,223.0,0.7,139.0,2.0
2026-01-30 16:00:00,2026,1,30,16,Huế,Phường Phú Bài,16.409296,107.6779818,60,Moderate,1,24.4,73,0.0,14.6,72,1014.4,14,9.2,11.3,225.0,2.4,135.0,2.5
2026-01-30 17:00:00,2026,1,30,17,Huế,Phường Phú Bài,16.409296,107.6779818,77,Moderate,1,23.0,79,0.0,12.4,81,1014.7,6,9.6,11.8,230.0,7.9,122.0,4.2
2026-01-30 18:00:00,2026,1,30,18,Huế,Phường Phú Bài,16.409296,107.6779818,84,Moderate,1,21.5,88,0.0,7.0,67,1015.1,2,13.3,15.1,245.0,15.5,103.0,6.6
2026-01-30 19:00:00,2026,1,30,19,Huế,Phường Phú Bài,16.409296,107.6779818,83,Moderate,1,21.2,93,0.0,4.5,47,1015.3,34,23.3,27.8,298.0,22.4,78.0,8.8
2026-01-30 20:00:00,2026,1,30,20,Huế,Phường Phú Bài,16.409296,107.6779818,74,Moderate,1,21.1,93,0.0,2.8,40,1016.1,100,27.0,31.4,430.0,24.4,70.0,10.2
2026-01-30 21:00:00,2026,1,30,21,Huế,Phường Phú Bài,16.409296,107.6779818,61,Moderate,1,20.6,94,0.0,0.8,207,1016.6,98,29.3,33.5,601.0,27.2,60.0,12.2
2026-01-30 22:00:00,2026,1,30,22,Huế,Phường Phú Bài,16.409296,107.6779818,55,Moderate,1,19.5,98,0.0,2.1,200,1017.0,99,31.4,35.5,719.0,29.1,50.0,13.1
2026-01-30 23:00:00,2026,1,30,23,Huế,Phường Phú Bài,16.409296,107.6779818,57,Moderate,1,18.6,100,0.0,3.1,211,1016.7,98,32.2,36.2,747.0,29.4,42.0,12.2
2026-01-31 00:00:00,2026,1,31,0,Huế,Phường Phú Bài,16.409296,107.6779818,58,Moderate,1,18.1,100,0.0,2.3,225,1016.5,99,32.7,35.9,722.0,28.8,35.0,10.2
2026-01-31 01:00:00,2026,1,31,1,Huế,Phường Phú Bài,16.409296,107.6779818,60,Moderate,1,19.1,100,0.0,0.8,225,1016.2,100,34.3,36.4,668.0,27.5,30.0,8.4
2026-01-31 02:00:00,2026,1,31,2,Huế,Phường Phú Bài,16.409296,107.6779818,61,Moderate,1,19.5,100,0.0,1.5,240,1016.0,100,33.9,36.0,567.0,25.1,28.0,6.9
2026-01-31 03:00:00,2026,1,31,3,Huế,Phường Phú Bài,16.409296,107.6779818,63,Moderate,1,19.5,100,0.0,2.7,242,1015.9,100,32.7,34.9,437.0,22.0,28.0,5.4
2026-01-31 04:00:00,2026,1,31,4,Huế,Phường Phú Bài,16.409296,107.6779818,65,Moderate,1,19.6,100,0.0,3.6,221,1016.1,100,31.8,34.1,349.0,20.0,28.0,4.5
2026-01-31 05:00:00,2026,1,31,5,Huế,Phường Phú Bài,16.409296,107.6779818,66,Moderate,1,19.8,100,0.0,4.4,212,1016.5,100,30.9,33.3,349.0,20.6,25.0,4.5
2026-01-31 06:00:00,2026,1,31,6,Huế,Phường Phú Bài,16.409296,107.6779818,67,Moderate,1,19.7,100,0.0,5.1,219,1017.2,100,31.3,33.9,391.0,22.3,22.0,5.1
2026-01-31 07:00:00,2026,1,31,7,Huế,Phường Phú Bài,16.409296,107.6779818,69,Moderate,1,19.4,98,0.0,6.0,213,1018.3,84,32.8,35.7,414.0,11.7,53.0,6.4
2026-01-31 08:00:00,2026,1,31,8,Huế,Phường Phú Bài,16.409296,107.6779818,70,Moderate,1,21.0,89,0.0,4.6,228,1019.0,28,32.0,34.9,390.0,9.1,68.0,5.5
2026-01-31 09:00:00,2026,1,31,9,Huế,Phường Phú Bài,16.409296,107.6779818,72,Moderate,1,23.0,77,0.0,1.8,37,1019.6,38,22.6,26.6,347.0,5.5,89.0,4.3
2026-01-31 10:00:00,2026,1,31,10,Huế,Phường Phú Bài,16.409296,107.6779818,73,Moderate,1,24.5,66,0.0,3.8,17,1019.8,16,15.8,21.1,308.0,2.8,105.0,3.3
2026-01-31 11:00:00,2026,1,31,11,Huế,Phường Phú Bài,16.409296,107.6779818,73,Moderate,1,25.6,59,0.0,6.0,17,1019.3,19,13.8,18.7,282.0,1.7,113.0,2.7
2026-01-31 12:00:00,2026,1,31,12,Huế,Phường Phú Bài,16.409296,107.6779818,74,Moderate,1,26.1,58,0.0,7.7,21,1018.3,8,12.4,16.8,260.0,1.4,116.0,2.4
2026-01-31 13:00:00,2026,1,31,13,Huế,Phường Phú Bài,16.409296,107.6779818,74,Moderate,1,26.3,56,0.0,10.5,27,1017.4,7,11.7,15.7,244.0,1.3,118.0,2.3
2026-01-31 14:00:00,2026,1,31,14,Huế,Phường Phú Bài,16.409296,107.6779818,74,Moderate,1,26.1,57,0.0,10.0,30,1016.5,6,11.7,15.5,226.0,0.9,120.0,2.4
2026-01-31 15:00:00,2026,1,31,15,Huế,Phường Phú Bài,16.409296,107.6779818,75,Moderate,1,25.5,59,0.0,9.7,34,1016.0,30,12.2,15.5,213.0,0.8,120.0,2.8
2026-01-31 16:00:00,2026,1,31,16,Huế,Phường Phú Bài,16.409296,107.6779818,75,Moderate,1,24.5,64,0.0,9.5,25,1016.1,100,13.8,17.1,235.0,1.9,117.0,3.5
2026-01-31 17:00:00,2026,1,31,17,Huế,Phường Phú Bài,16.409296,107.6779818,75,Moderate,1,23.0,75,0.0,10.1,11,1016.6,100,15.6,18.9,311.0,5.3,109.0,4.7
2026-01-31 18:00:00,2026,1,31,18,Huế,Phường Phú Bài,16.409296,107.6779818,76,Moderate,1,21.0,88,0.0,4.9,4,1017.0,97,18.4,21.5,421.0,9.9,98.0,6.3
2026-01-31 19:00:00,2026,1,31,19,Huế,Phường Phú Bài,16.409296,107.6779818,76,Moderate,1,20.9,93,0.0,5.4,4,1017.3,96,19.3,23.2,531.0,13.9,84.0,7.4
2026-01-31 20:00:00,2026,1,31,20,Huế,Phường Phú Bài,16.409296,107.6779818,76,Moderate,1,20.5,95,0.0,4.7,344,1018.3,98,23.3,27.8,659.0,15.2,82.0,9.0
2026-01-31 21:00:00,2026,1,31,21,Huế,Phường Phú Bài,16.409296,107.6779818,76,Moderate,1,21.0,86,0.1,1.0,248,1018.6,96,25.5,30.3,786.0,16.9,80.0,11.1
2026-01-31 22:00:00,2026,1,31,22,Huế,Phường Phú Bài,16.409296,107.6779818,75,Moderate,1,20.3,92,0.1,1.3,214,1018.8,91,26.5,31.4,828.0,17.2,79.0,12.0
2026-01-31 23:00:00,2026,1,31,23,Huế,Phường Phú Bài,16.409296,107.6779818,75,Moderate,1,19.5,96,0.1,3.2,251,1018.6,99,28.0,33.2,709.0,14.7,80.0,10.4
2026-02-01 00:00:00,2026,2,1,0,Huế,Phường Phú Bài,16.409296,107.6779818,74,Moderate,1,19.8,97,0.2,5.6,243,1018.2,52,26.0,30.5,503.0,10.7,81.0,7.4
2026-02-01 01:00:00,2026,2,1,1,Huế,Phường Phú Bài,16.409296,107.6779818,74,Moderate,1,19.9,96,0.0,4.9,287,1018.0,72,25.4,28.5,349.0,7.6,81.0,5.2
2026-02-01 02:00:00,2026,2,1,2,Huế,Phường Phú Bài,16.409296,107.6779818,73,Moderate,1,19.5,98,0.2,3.1,239,1017.3,45,22.2,25.2,301.0,6.3,79.0,4.4
2026-02-01 03:00:00,2026,2,1,3,Huế,Phường Phú Bài,16.409296,107.6779818,72,Moderate,1,19.5,99,0.0,5.9,247,1017.1,70,21.5,24.2,305.0,5.9,75.0,4.2
2026-02-01 04:00:00,2026,2,1,4,Huế,Phường Phú Bài,16.409296,107.6779818,71,Moderate,1,19.1,99,0.2,4.3,270,1017.2,100,22.3,24.9,337.0,6.2,72.0,4.4
2026-02-01 05:00:00,2026,2,1,5,Huế,Phường Phú Bài,16.409296,107.6779818,70,Moderate,1,19.3,99,0.1,5.0,291,1017.5,96,22.8,25.3,415.0,7.6,69.0,5.0
2026-02-01 06:00:00,2026,2,1,6,Huế,Phường Phú Bài,16.409296,107.6779818,69,Moderate,1,19.2,97,0.1,4.7,254,1018.4,62,23.3,25.8,520.0,9.7,65.0,5.8
2026-02-01 07:00:00,2026,2,1,7,Huế,Phường Phú Bài,16.409296,107.6779818,69,Moderate,1,19.1,96,0.2,4.8,259,1019.3,57,26.4,29.5,574.0,10.3,66.0,7.1
2026-02-01 08:00:00,2026,2,1,8,Huế,Phường Phú Bài,16.409296,107.6779818,68,Moderate,1,20.4,90,0.0,4.7,274,1020.0,100,25.9,29.0,523.0,9.0,76.0,7.0
2026-02-01 09:00:00,2026,2,1,9,Huế,Phường Phú Bài,16.409296,107.6779818,68,Moderate,1,21.5,84,0.1,4.3,338,1020.8,100,25.7,28.8,422.0,7.3,90.0,6.8
2026-02-01 10:00:00,2026,2,1,10,Huế,Phường Phú Bài,16.409296,107.6779818,68,Moderate,1,21.3,82,0.4,8.7,38,1020.8,100,19.6,22.2,353.0,5.7,101.0,6.4
2026-02-01 11:00:00,2026,2,1,11,Huế,Phường Phú Bài,16.409296,107.6779818,68,Moderate,1,21.5,83,0.3,10.0,52,1020.2,100,15.9,17.9,358.0,4.4,105.0,5.6
2026-02-01 12:00:00,2026,2,1,12,Huế,Phường Phú Bài,16.409296,107.6779818,68,Moderate,1,20.6,92,1.7,9.3,68,1019.6,100,13.4,15.0,396.0,3.4,106.0,4.7
2026-02-01 13:00:00,2026,2,1,13,Huế,Phường Phú Bài,16.409296,107.6779818,68,Moderate,1,20.5,91,1.2,7.5,48,1018.6,100,13.6,15.2,427.0,2.7,108.0,4.1
2026-02-01 14:00:00,2026,2,1,14,Huế,Phường Phú Bài,16.409296,107.6779818,69,Moderate,1,21.2,89,0.1,6.8,72,1017.9,95,16.5,18.3,432.0,2.4,115.0,4.3
2026-02-01 15:00:00,2026,2,1,15,Huế,Phường Phú Bài,16.409296,107.6779818,69,Moderate,1,21.9,81,0.1,10.2,66,1017.6,98,20.4,23.2,430.0,2.4,122.0,4.8
2026-02-01 16:00:00,2026,2,1,16,Huế,Phường Phú Bài,16.409296,107.6779818,70,Moderate,1,22.0,81,0.0,11.6,75,1017.8,66,22.0,24.7,438.0,3.3,126.0,5.3
2026-02-01 17:00:00,2026,2,1,17,Huế,Phường Phú Bài,16.409296,107.6779818,71,Moderate,1,21.7,81,0.0,10.6,71,1017.9,52,22.7,25.0,473.0,5.8,122.0,5.5
2026-02-01 18:00:00,2026,2,1,18,Huế,Phường Phú Bài,16.409296,107.6779818,71,Moderate,1,20.4,87,0.0,6.1,88,1018.3,40,25.6,28.1,519.0,9.2,114.0,5.7
2026-02-01 19:00:00,2026,2,1,19,Huế,Phường Phú Bài,16.409296,107.6779818,72,Moderate,1,20.1,93,0.2,6.7,85,1018.5,25,26.2,28.6,542.0,12.8,84.0,7.3
2026-02-01 20:00:00,2026,2,1,20,Huế,Phường Phú Bài,16.409296,107.6779818,72,Moderate,1,20.3,93,0.2,7.6,95,1019.1,100,25.7,27.9,522.0,13.0,80.0,7.2
2026-02-01 21:00:00,2026,2,1,21,Huế,Phường Phú Bài,16.409296,107.6779818,73,Moderate,1,19.7,95,0.2,7.2,115,1019.3,99,25.4,28.1,478.0,13.2,74.0,7.1
2026-02-01 22:00:00,2026,2,1,22,Huế,Phường Phú Bài,16.409296,107.6779818,73,Moderate,1,19.6,97,0.2,5.8,126,1019.3,100,25.0,27.9,440.0,13.0,70.0,6.8
2026-02-01 23:00:00,2026,2,1,23,Huế,Phường Phú Bài,16.409296,107.6779818,72,Moderate,1,19.4,97,0.4,5.3,135,1019.1,95,22.8,26.0,418.0,11.8,70.0,6.0
2026-02-02 00:00:00,2026,2,2,0,Huế,Phường Phú Bài,16.409296,107.6779818,72,Moderate,1,19.2,96,0.2,3.5,114,1018.9,81,20.9,24.2,400.0,10.2,72.0,5.0
2026-02-02 01:00:00,2026,2,2,1,Huế,Phường Phú Bài,16.409296,107.6779818,72,Moderate,1,19.0,95,0.3,6.6,81,1018.3,63,19.4,22.5,385.0,8.9,73.0,4.2
2026-02-02 02:00:00,2026,2,2,2,Huế,Phường Phú Bài,16.409296,107.6779818,71,Moderate,1,19.5,95,0.1,7.3,83,1018.5,81,18.4,21.6,368.0,8.3,71.0,3.8
2026-02-02 03:00:00,2026,2,2,3,Huế,Phường Phú Bài,16.409296,107.6779818,71,Moderate,1,19.1,95,0.4,5.5,58,1018.2,80,18.9,22.1,354.0,8.1,67.0,3.7
2026-02-02 04:00:00,2026,2,2,4,Huế,Phường Phú Bài,16.409296,107.6779818,70,Moderate,1,19.0,97,0.1,4.0,72,1018.3,88,18.8,22.1,348.0,8.2,65.0,3.7
2026-02-02 05:00:00,2026,2,2,5,Huế,Phường Phú Bài,16.409296,107.6779818,70,Moderate,1,18.5,98,0.3,2.3,231,1018.6,64,18.3,21.8,359.0,8.9,64.0,4.1
2026-02-02 06:00:00,2026,2,2,6,Huế,Phường Phú Bài,16.409296,107.6779818,70,Moderate,1,18.4,99,0.1,3.2,243,1019.1,100,18.6,21.9,378.0,9.9,65.0,4.7
2026-02-02 07:00:00,2026,2,2,7,Huế,Phường Phú Bài,16.409296,107.6779818,69,Moderate,1,19.1,98,0.5,5.7,252,1019.9,100,19.7,22.9,392.0,11.0,68.0,4.9
2026-02-02 08:00:00,2026,2,2,8,Huế,Phường Phú Bài,16.409296,107.6779818,69,Moderate,1,19.7,98,0.6,3.2,232,1020.9,100,18.0,21.0,394.0,9.3,73.0,4.5
2026-02-02 09:00:00,2026,2,2,9,Huế,Phường Phú Bài,16.409296,107.6779818,68,Moderate,1,20.2,94,0.5,4.2,220,1021.7,100,16.3,19.6,391.0,6.9,79.0,3.8
2026-02-02 10:00:00,2026,2,2,10,Huế,Phường Phú Bài,16.409296,107.6779818,67,Moderate,1,21.6,90,0.5,4.9,54,1021.6,100,16.1,19.6,386.0,5.0,84.0,3.3
2026-02-02 11:00:00,2026,2,2,11,Huế,Phường Phú Bài,16.409296,107.6779818,67,Moderate,1,21.1,92,1.4,12.7,50,1021.1,100,15.6,18.9,378.0,4.1,86.0,2.9
2026-02-02 12:00:00,2026,2,2,12,Huế,Phường Phú Bài,16.409296,107.6779818,67,Moderate,1,21.4,91,2.2,14.7,53,1020.4,100,14.6,17.8,368.0,3.6,86.0,2.6
2026-02-02 13:00:00,2026,2,2,13,Huế,Phường Phú Bài,16.409296,107.6779818,67,Moderate,1,21.1,89,2.0,15.7,54,1019.3,87,15.3,18.3,359.0,3.5,87.0,2.6
2026-02-02 14:00:00,2026,2,2,14,Huế,Phường Phú Bài,16.409296,107.6779818,67,Moderate,1,22.5,82,0.4,17.8,68,1018.4,92,15.6,18.0,356.0,3.5,91.0,3.0
2026-02-02 15:00:00,2026,2,2,15,Huế,Phường Phú Bài,16.409296,107.6779818,67,Moderate,1,21.7,89,1.2,16.7,70,1018.0,98,18.2,21.4,355.0,3.8,97.0,3.5
2026-02-02 16:00:00,2026,2,2,16,Huế,Phường Phú Bài,16.409296,107.6779818,67,Moderate,1,20.9,89,0.5,17.3,77,1018.0,100,19.8,23.3,349.0,4.5,101.0,4.1
2026-02-02 17:00:00,2026,2,2,17,Huế,Phường Phú Bài,16.409296,107.6779818,67,Moderate,1,20.5,91,0.1,13.6,84,1018.4,100,21.4,24.9,332.0,6.3,102.0,4.6
2026-02-02 18:00:00,2026,2,2,18,Huế,Phường Phú Bài,16.409296,107.6779818,67,Moderate,1,20.6,88,0.1,10.6,80,1018.6,100,22.9,26.6,311.0,8.5,100.0,5.0
2026-02-02 19:00:00,2026,2,2,19,Huế,Phường Phú Bài,16.409296,107.6779818,66,Moderate,1,19.8,96,0.4,11.4,95,1019.1,100,17.5,20.7,297.0,7.2,95.0,4.7
2026-02-02 20:00:00,2026,2,2,20,Huế,Phường Phú Bài,16.409296,107.6779818,66,Moderate,1,20.1,94,0.2,10.5,103,1019.9,96,17.7,20.7,298.0,7.5,91.0,4.9
2026-02-02 21:00:00,2026,2,2,21,Huế,Phường Phú Bài,16.409296,107.6779818,65,Moderate,1,20.0,93,0.3,11.0,90,1020.3,100,18.0,21.4,307.0,8.0,86.0,5.1
2026-02-02 22:00:00,2026,2,2,22,Huế,Phường Phú Bài,16.409296,107.6779818,64,Moderate,1,19.2,97,0.1,5.4,140,1020.4,100,19.3,22.9,315.0,8.1,82.0,5.1
2026-02-02 23:00:00,2026,2,2,23,Huế,Phường Phú Bài,16.409296,107.6779818,64,Moderate,1,19.5,95,0.1,7.4,84,1020.6,98,20.3,24.2,318.0,7.7,81.0,4.6
2026-02-03 00:00:00,2026,2,3,0,Huế,Phường Phú Bài,16.409296,107.6779818,63,Moderate,1,19.3,95,0.0,3.2,63,1020.3,100,19.5,23.5,321.0,7.0,81.0,3.9
2026-02-03 01:00:00,2026,2,3,1,Huế,Phường Phú Bài,16.409296,107.6779818,63,Moderate,1,19.6,95,0.3,6.8,87,1019.8,100,17.9,22.0,328.0,6.5,81.0,3.4
2026-02-03 02:00:00,2026,2,3,2,Huế,Phường Phú Bài,16.409296,107.6779818,63,Moderate,1,20.0,92,0.1,8.5,95,1019.2,100,18.9,23.4,342.0,6.1,79.0,3.1
2026-02-03 03:00:00,2026,2,3,3,Huế,Phường Phú Bài,16.409296,107.6779818,63,Moderate,1,19.8,93,0.0,7.6,109,1019.1,100,19.6,24.6,360.0,5.9,76.0,3.0
2026-02-03 04:00:00,2026,2,3,4,Huế,Phường Phú Bài,16.409296,107.6779818,63,Moderate,1,19.8,91,0.1,6.1,118,1019.2,98,20.3,25.0,382.0,6.2,73.0,3.1
2026-02-03 05:00:00,2026,2,3,5,Huế,Phường Phú Bài,16.409296,107.6779818,63,Moderate,1,19.5,91,0.0,5.2,131,1019.5,97,20.8,25.1,415.0,7.7,67.0,3.5
2026-02-03 06:00:00,2026,2,3,6,Huế,Phường Phú Bài,16.409296,107.6779818,64,Moderate,1,18.9,95,0.0,5.9,133,1020.1,100,21.2,25.7,452.0,9.8,61.0,4.1
2026-02-03 07:00:00,2026,2,3,7,Huế,Phường Phú Bài,16.409296,107.6779818,64,Moderate,1,19.6,91,0.0,9.9,100,1020.5,98,26.2,31.1,472.0,10.4,67.0,4.7
2026-02-03 08:00:00,2026,2,3,8,Huế,Phường Phú Bài,16.409296,107.6779818,64,Moderate,1,21.1,86,0.2,13.3,93,1021.0,97,23.1,28.2,462.0,8.2,78.0,4.3
2026-02-03 09:00:00,2026,2,3,9,Huế,Phường Phú Bài,16.409296,107.6779818,65,Moderate,1,22.2,77,0.3,15.8,89,1021.6,58,21.5,26.2,434.0,5.2,93.0,3.7
2026-02-03 10:00:00,2026,2,3,10,Huế,Phường Phú Bài,16.409296,107.6779818,65,Moderate,1,23.1,71,0.1,16.1,84,1021.7,88,20.9,25.4,408.0,2.9,105.0,3.2
2026-02-03 11:00:00,2026,2,3,11,Huế,Phường Phú Bài,16.409296,107.6779818,66,Moderate,1,23.5,69,0.1,17.4,79,1021.1,100,19.2,23.2,388.0,2.0,110.0,2.7
2026-02-03 12:00:00,2026,2,3,12,Huế,Phường Phú Bài,16.409296,107.6779818,66,Moderate,1,23.3,70,0.1,17.4,79,1020.3,100,19.2,23.1,370.0,1.7,111.0,2.2
2026-02-03 13:00:00,2026,2,3,13,Huế,Phường Phú Bài,16.409296,107.6779818,67,Moderate,1,21.6,78,0.1,17.3,75,1019.8,100,19.5,23.3,356.0,1.7,111.0,1.9
2026-02-03 14:00:00,2026,2,3,14,Huế,Phường Phú Bài,16.409296,107.6779818,67,Moderate,1,21.5,82,0.6,15.1,73,1018.9,100,19.4,23.3,348.0,1.4,112.0,1.6
2026-02-03 15:00:00,2026,2,3,15,Huế,Phường Phú Bài,16.409296,107.6779818,67,Moderate,1,21.9,80,0.3,14.9,79,1018.4,100,19.2,23.2,346.0,1.4,112.0,1.5
2026-02-03 16:00:00,2026,2,3,16,Huế,Phường Phú Bài,16.409296,107.6779818,67,Moderate,1,21.8,76,0.1,14.1,85,1018.2,100,19.3,23.4,348.0,2.4,109.0,1.8
2026-02-03 17:00:00,2026,2,3,17,Huế,Phường Phú Bài,16.409296,107.6779818,67,Moderate,1,21.6,76,0.0,9.0,96,1018.5,100,19.3,23.5,356.0,5.3,101.0,2.6
2026-02-03 18:00:00,2026,2,3,18,Huế,Phường Phú Bài,16.409296,107.6779818,67,Moderate,1,21.2,78,0.0,5.6,107,1018.7,100,19.6,23.6,369.0,9.2,90.0,3.8
2026-02-03 19:00:00,2026,2,3,19,Huế,Phường Phú Bài,16.409296,107.6779818,67,Moderate,1,21.0,83,0.0,8.1,91,1018.9,100,20.4,23.6,387.0,14.9,69.0,4.9
2026-02-03 20:00:00,2026,2,3,20,Huế,Phường Phú Bài,16.409296,107.6779818,67,Moderate,1,20.9,84,0.0,7.9,91,1019.4,100,20.7,23.5,418.0,16.4,63.0,5.8
2026-02-03 21:00:00,2026,2,3,21,Huế,Phường Phú Bài,16.409296,107.6779818,67,Moderate,1,20.6,86,0.0,6.5,113,1019.5,100,22.1,24.9,454.0,18.5,54.0,7.0
2026-02-03 22:00:00,2026,2,3,22,Huế,Phường Phú Bài,16.409296,107.6779818,68,Moderate,1,20.2,88,0.0,4.6,144,1019.3,100,24.0,27.0,474.0,20.2,47.0,7.7
2026-02-03 23:00:00,2026,2,3,23,Huế,Phường Phú Bài,16.409296,107.6779818,68,Moderate,1,19.6,91,0.0,3.0,197,1018.8,98,26.1,29.1,466.0,21.3,41.0,7.5
2026-02-04 00:00:00,2026,2,4,0,Huế,Phường Phú Bài,16.409296,107.6779818,69,Moderate,1,18.8,95,0.0,3.3,229,1018.4,93,26.4,29.3,442.0,22.0,36.0,6.7
2026-02-04 01:00:00,2026,2,4,1,Huế,Phường Phú Bài,16.409296,107.6779818,69,Moderate,1,19.1,95,0.0,1.3,236,1018.0,100,25.6,28.5,420.0,21.4,34.0,5.9
2026-02-04 02:00:00,2026,2,4,2,Huế,Phường Phú Bài,16.409296,107.6779818,70,Moderate,1,19.1,95,0.0,2.4,234,1017.5,100,24.6,27.3,402.0,18.4,37.0,5.0
2026-02-04 03:00:00,2026,2,4,3,Huế,Phường Phú Bài,16.409296,107.6779818,70,Moderate,1,18.8,98,0.0,3.4,223,1017.3,99,21.8,24.3,387.0,14.1,43.0,4.1
2026-02-04 04:00:00,2026,2,4,4,Huế,Phường Phú Bài,16.409296,107.6779818,71,Moderate,1,17.9,100,0.0,2.8,220,1017.2,100,17.2,19.6,382.0,10.9,47.0,3.6
2026-02-04 05:00:00,2026,2,4,5,Huế,Phường Phú Bài,16.409296,107.6779818,70,Moderate,1,17.7,100,0.0,3.7,219,1017.4,100,13.6,15.5,404.0,10.4,45.0,3.7
2026-02-04 06:00:00,2026,2,4,6,Huế,Phường Phú Bài,16.409296,107.6779818,70,Moderate,1,17.6,100,0.0,4.6,222,1017.8,100,13.9,15.3,437.0,11.0,40.0,4.2
2026-02-04 07:00:00,2026,2,4,7,Huế,Phường Phú Bài,16.409296,107.6779818,69,Moderate,1,17.5,100,0.0,7.3,191,1018.1,100,18.5,19.8,446.0,12.5,43.0,5.0
2026-02-04 08:00:00,2026,2,4,8,Huế,Phường Phú Bài,16.409296,107.6779818,68,Moderate,1,20.5,90,0.0,3.6,174,1018.7,40,15.0,16.5,406.0,9.5,60.0,4.5
2026-02-04 09:00:00,2026,2,4,9,Huế,Phường Phú Bài,16.409296,107.6779818,68,Moderate,1,23.0,77,0.0,4.8,124,1019.1,30,11.5,13.2,343.0,5.5,84.0,3.7
2026-02-04 10:00:00,2026,2,4,10,Huế,Phường Phú Bài,16.409296,107.6779818,67,Moderate,1,24.5,68,0.1,8.3,95,1018.8,95,10.7,13.6,298.0,2.4,102.0,3.1
2026-02-04 11:00:00,2026,2,4,11,Huế,Phường Phú Bài,16.409296,107.6779818,66,Moderate,1,24.7,70,0.1,10.8,86,1018.0,77,9.8,12.4,292.0,1.3,109.0,2.7
2026-02-04 12:00:00,2026,2,4,12,Huế,Phường Phú Bài,16.409296,107.6779818,65,Moderate,1,24.9,70,0.1,11.3,88,1016.9,79,9.5,11.9,305.0,1.3,112.0,2.4
2026-02-04 13:00:00,2026,2,4,13,Huế,Phường Phú Bài,16.409296,107.6779818,64,Moderate,1,24.9,71,0.1,11.6,83,1015.7,99,9.8,12.1,317.0,1.4,113.0,2.2
2026-02-04 14:00:00,2026,2,4,14,Huế,Phường Phú Bài,16.409296,107.6779818,63,Moderate,1,25.2,71,0.1,12.4,69,1014.6,98,10.4,13.0,323.0,1.1,117.0,2.0
2026-02-04 15:00:00,2026,2,4,15,Huế,Phường Phú Bài,16.409296,107.6779818,62,Moderate,1,24.0,74,0.0,14.7,73,1013.8,36,10.9,13.5,328.0,0.9,119.0,2.0
2026-02-04 16:00:00,2026,2,4,16,Huế,Phường Phú Bài,16.409296,107.6779818,62,Moderate,1,24.1,74,0.0,14.8,81,1013.5,26,11.4,14.0,334.0,2.1,117.0,2.3
2026-02-04 17:00:00,2026,2,4,17,Huế,Phường Phú Bài,16.409296,107.6779818,61,Moderate,1,23.0,78,0.0,14.7,82,1013.7,41,11.6,14.3,336.0,5.7,106.0,3.2
2026-02-04 18:00:00,2026,2,4,18,Huế,Phường Phú Bài,16.409296,107.6779818,60,Moderate,1,21.6,87,0.0,12.1,79,1014.2,85,13.1,15.5,338.0,10.6,89.0,4.4
2026-02-04 19:00:00,2026,2,4,19,Huế,Phường Phú Bài,16.409296,107.6779818,60,Moderate,1,21.9,89,0.0,13.1,65,1014.7,98,19.0,21.9,357.0,15.2,78.0,5.8
2026-02-04 20:00:00,2026,2,4,20,Huế,Phường Phú Bài,16.409296,107.6779818,60,Moderate,1,21.6,89,0.0,8.1,84,1015.3,100,20.0,22.8,413.0,15.5,73.0,6.1
2026-02-04 21:00:00,2026,2,4,21,Huế,Phường Phú Bài,16.409296,107.6779818,60,Moderate,1,20.9,93,0.0,5.3,156,1015.6,98,20.0,22.5,485.0,15.8,65.0,6.6
2026-02-04 22:00:00,2026,2,4,22,Huế,Phường Phú Bài,16.409296,107.6779818,59,Moderate,1,20.0,97,0.0,5.0,201,1015.4,100,20.1,22.3,529.0,15.7,59.0,6.6
2026-02-04 23:00:00,2026,2,4,23,Huế,Phường Phú Bài,16.409296,107.6779818,59,Moderate,1,19.1,100,0.0,3.2,232,1015.2,100,19.8,21.5,519.0,14.8,56.0,5.9
2026-02-05 00:00:00,2026,2,5,0,Huế,Phường Phú Bài,16.409296,107.6779818,59,Moderate,1,18.9,100,0.0,2.4,243,1014.8,100,19.6,20.9,480.0,13.4,55.0,4.8
2026-02-05 01:00:00,2026,2,5,1,Huế,Phường Phú Bài,16.409296,107.6779818,58,Moderate,1,18.8,100,0.0,2.9,227,1014.6,100,19.8,21.0,442.0,12.0,53.0,3.8
2026-02-05 02:00:00,2026,2,5,2,Huế,Phường Phú Bài,16.409296,107.6779818,57,Moderate,1,18.8,100,0.0,3.1,242,1014.4,100,19.7,20.9,408.0,10.8,51.0,3.1
2026-02-05 03:00:00,2026,2,5,3,Huế,Phường Phú Bài,16.409296,107.6779818,57,Moderate,1,18.6,100,0.0,4.4,232,1013.6,100,19.9,21.1,375.0,9.6,49.0,2.6
2026-02-05 04:00:00,2026,2,5,4,Huế,Phường Phú Bài,16.409296,107.6779818,57,Moderate,1,18.5,100,0.0,5.2,224,1013.5,100,20.1,21.2,367.0,8.8,47.0,2.4
2026-02-05 05:00:00,2026,2,5,5,Huế,Phường Phú Bài,16.409296,107.6779818,57,Moderate,1,18.1,100,0.0,4.0,238,1013.7,100,20.2,21.3,413.0,9.0,42.0,2.6
2026-02-05 06:00:00,2026,2,5,6,Huế,Phường Phú Bài,16.409296,107.6779818,58,Moderate,1,18.0,100,0.0,3.9,246,1014.3,100,20.1,21.0,483.0,9.6,36.0,3.0
2026-02-05 07:00:00,2026,2,5,7,Huế,Phường Phú Bài,16.409296,107.6779818,58,Moderate,1,18.5,99,0.0,6.5,224,1014.8,98,25.5,26.3,516.0,12.2,30.0,3.9
2026-02-05 08:00:00,2026,2,5,8,Huế,Phường Phú Bài,16.409296,107.6779818,59,Moderate,1,21.6,88,0.0,4.7,187,1015.2,1,25.1,26.0,468.0,9.6,56.0,4.1
2026-02-05 09:00:00,2026,2,5,9,Huế,Phường Phú Bài,16.409296,107.6779818,60,Moderate,1,24.0,77,0.0,4.6,135,1015.4,0,22.8,24.3,382.0,6.1,92.0,4.4
2026-02-05 10:00:00,2026,2,5,10,Huế,Phường Phú Bài,16.409296,107.6779818,61,Moderate,1,25.9,70,0.0,5.9,90,1015.2,0,20.9,22.7,322.0,3.4,121.0,4.4
2026-02-05 11:00:00,2026,2,5,11,Huế,Phường Phú Bài,16.409296,107.6779818,62,Moderate,1,26.9,68,0.0,8.7,69,1014.2,0,19.7,21.5,320.0,2.3,136.0,4.0
2026-02-05 12:00:00,2026,2,5,12,Huế,Phường Phú Bài,16.409296,107.6779818,63,Moderate,1,27.2,68,0.0,11.1,61,1013.2,8,19.4,21.7,343.0,2.1,143.0,3.4
2026-02-05 13:00:00,2026,2,5,13,Huế,Phường Phú Bài,16.409296,107.6779818,63,Moderate,1,27.4,66,0.0,14.3,65,1011.9,5,18.9,21.2,357.0,2.1,148.0,2.9
2026-02-05 14:00:00,2026,2,5,14,Huế,Phường Phú Bài,16.409296,107.6779818,64,Moderate,1,27.5,65,0.0,16.7,72,1011.1,3,18.6,20.7,344.0,1.9,153.0,2.7
2026-02-05 15:00:00,2026,2,5,15,Huế,Phường Phú Bài,16.409296,107.6779818,65,Moderate,1,26.8,69,0.0,18.1,71,1010.7,7,17.6,19.7,321.0,1.9,155.0,2.7
2026-02-05 16:00:00,2026,2,5,16,Huế,Phường Phú Bài,16.409296,107.6779818,80,Moderate,1,25.6,76,0.0,17.0,73,1010.8,3,16.2,18.2,307.0,3.0,150.0,3.0
2026-02-05 17:00:00,2026,2,5,17,Huế,Phường Phú Bài,16.409296,107.6779818,100,Moderate,1,24.2,81,0.0,15.1,70,1011.0,5,15.1,17.1,297.0,6.4,131.0,3.8
2026-02-05 18:00:00,2026,2,5,18,Huế,Phường Phú Bài,16.409296,107.6779818,108,Unhealthy for Sensitive Groups,2,22.9,85,0.0,11.4,72,1011.5,5,15.8,17.4,296.0,10.8,105.0,4.8
2026-02-05 19:00:00,2026,2,5,19,Huế,Phường Phú Bài,16.409296,107.6779818,105,Unhealthy for Sensitive Groups,2,22.5,88,0.0,10.8,75,1012.3,80,15.3,16.6,336.0,12.8,92.0,5.3
2026-02-05 20:00:00,2026,2,5,20,Huế,Phường Phú Bài,16.409296,107.6779818,96,Moderate,1,22.1,90,0.0,5.4,111,1013.1,64,16.1,17.8,461.0,12.8,85.0,5.2
2026-02-05 21:00:00,2026,2,5,21,Huế,Phường Phú Bài,16.409296,107.6779818,83,Moderate,1,21.5,93,0.0,1.0,211,1013.3,1,16.4,17.8,627.0,12.8,75.0,5.1
2026-02-05 22:00:00,2026,2,5,22,Huế,Phường Phú Bài,16.409296,107.6779818,68,Moderate,1,21.0,95,0.0,0.5,270,1013.3,1,18.0,19.1,730.0,12.6,67.0,4.8
2026-02-05 23:00:00,2026,2,5,23,Huế,Phường Phú Bài,16.409296,107.6779818,65,Moderate,1,20.5,98,0.0,0.4,270,1013.2,6,20.0,21.1,720.0,12.2,62.0,4.0
2026-02-06 00:00:00,2026,2,6,0,Huế,Phường Phú Bài,16.409296,107.6779818,65,Moderate,1,20.1,99,0.0,2.0,185,1012.9,15,21.2,22.3,648.0,11.6,58.0,3.1
2026-02-06 01:00:00,2026,2,6,1,Huế,Phường Phú Bài,16.409296,107.6779818,65,Moderate,1,20.1,100,0.0,4.9,190,1012.5,100,22.0,23.1,565.0,10.9,55.0,2.3
2026-02-06 02:00:00,2026,2,6,2,Huế,Phường Phú Bài,16.409296,107.6779818,66,Moderate,1,20.0,100,0.0,4.4,218,1011.8,100,22.8,23.7,472.0,10.0,52.0,1.9
2026-02-06 03:00:00,2026,2,6,3,Huế,Phường Phú Bài,16.409296,107.6779818,66,Moderate,1,19.5,100,0.0,3.6,213,1011.1,100,22.2,23.1,368.0,8.9,49.0,1.6
2026-02-06 04:00:00,2026,2,6,4,Huế,Phường Phú Bài,16.409296,107.6779818,66,Moderate,1,19.3,100,0.0,3.7,203,1011.2,100,21.5,22.4,302.0,8.3,48.0,1.6
2026-02-06 05:00:00,2026,2,6,5,Huế,Phường Phú Bài,16.409296,107.6779818,66,Moderate,1,19.2,100,0.0,4.2,200,1011.4,100,21.0,21.5,307.0,8.5,46.0,1.9
2026-02-06 06:00:00,2026,2,6,6,Huế,Phường Phú Bài,16.409296,107.6779818,66,Moderate,1,19.1,100,0.0,4.1,209,1011.8,100,20.7,21.1,350.0,9.2,45.0,2.3
2026-02-06 07:00:00,2026,2,6,7,Huế,Phường Phú Bài,16.409296,107.6779818,66,Moderate,1,18.9,100,0.0,4.3,225,1012.7,99,23.4,23.7,381.0,10.1,45.0,2.6
2026-02-06 08:00:00,2026,2,6,8,Huế,Phường Phú Bài,16.409296,107.6779818,66,Moderate,1,21.2,91,0.0,3.1,220,1013.4,20,24.9,25.3,378.0,8.3,68.0,3.0
2026-02-06 09:00:00,2026,2,6,9,Huế,Phường Phú Bài,16.409296,107.6779818,66,Moderate,1,23.8,82,0.0,0.6,162,1013.8,10,23.6,24.2,363.0,5.9,101.0,3.6
2026-02-06 10:00:00,2026,2,6,10,Huế,Phường Phú Bài,16.409296,107.6779818,66,Moderate,1,26.0,74,0.0,4.2,40,1013.4,0,20.2,20.9,352.0,3.9,128.0,3.9
2026-02-06 11:00:00,2026,2,6,11,Huế,Phường Phú Bài,16.409296,107.6779818,66,Moderate,1,27.3,72,0.0,7.8,40,1012.4,16,17.8,18.6,358.0,2.9,144.0,3.7
2026-02-06 12:00:00,2026,2,6,12,Huế,Phường Phú Bài,16.409296,107.6779818,66,Moderate,1,27.9,70,0.0,10.7,49,1011.5,48,16.8,17.6,368.0,2.5,155.0,3.3
2026-02-06 13:00:00,2026,2,6,13,Huế,Phường Phú Bài,16.409296,107.6779818,66,Moderate,1,27.6,70,0.0,13.9,52,1010.8,23,16.6,18.0,365.0,2.3,162.0,3.0
2026-02-06 14:00:00,2026,2,6,14,Huế,Phường Phú Bài,16.409296,107.6779818,66,Moderate,1,27.2,72,0.0,14.9,67,1009.9,11,15.7,16.9,331.0,1.9,166.0,2.9
2026-02-06 15:00:00,2026,2,6,15,Huế,Phường Phú Bài,16.409296,107.6779818,73,Moderate,1,26.8,72,0.0,15.0,64,1009.4,30,14.3,15.5,284.0,1.8,166.0,2.9
2026-02-06 16:00:00,2026,2,6,16,Huế,Phường Phú Bài,16.409296,107.6779818,98,Moderate,1,25.5,77,0.0,14.1,62,1009.8,6,13.0,14.2,255.0,3.1,158.0,3.2
2026-02-06 17:00:00,2026,2,6,17,Huế,Phường Phú Bài,16.409296,107.6779818,118,Unhealthy for Sensitive Groups,2,23.8,82,0.0,13.8,64,1010.3,5,12.1,13.4,249.0,7.3,136.0,4.2
2026-02-06 18:00:00,2026,2,6,18,Huế,Phường Phú Bài,16.409296,107.6779818,125,Unhealthy for Sensitive Groups,2,22.4,88,0.0,11.4,65,1011.0,3,13.9,15.0,262.0,12.8,105.0,5.4
2026-02-06 19:00:00,2026,2,6,19,Huế,Phường Phú Bài,16.409296,107.6779818,120,Unhealthy for Sensitive Groups,2,22.4,92,0.0,12.3,67,1011.9,9,19.1,21.2,316.0,15.6,84.0,6.0
2026-02-06 20:00:00,2026,2,6,20,Huế,Phường Phú Bài,16.409296,107.6779818,107,Unhealthy for Sensitive Groups,2,22.5,90,0.0,12.4,76,1012.8,11,20.0,22.1,443.0,15.2,77.0,5.9
2026-02-06 21:00:00,2026,2,6,21,Huế,Phường Phú Bài,16.409296,107.6779818,91,Moderate,1,21.9,92,0.0,5.1,98,1013.0,2,20.4,22.4,610.0,14.7,68.0,5.8
2026-02-06 22:00:00,2026,2,6,22,Huế,Phường Phú Bài,16.409296,107.6779818,71,Moderate,1,21.0,96,0.0,2.0,190,1013.0,9,20.1,21.8,741.0,14.0,61.0,5.5
2026-02-06 23:00:00,2026,2,6,23,Huế,Phường Phú Bài,16.409296,107.6779818,66,Moderate,1,20.4,99,0.0,2.9,227,1013.0,36,21.2,22.5,817.0,13.2,58.0,4.9
2026-02-07 00:00:00,2026,2,7,0,Huế,Phường Phú Bài,16.409296,107.6779818,66,Moderate,1,20.4,100,0.0,5.3,246,1012.9,100,21.7,22.9,857.0,12.3,57.0,4.1
2026-02-07 01:00:00,2026,2,7,1,Huế,Phường Phú Bài,16.409296,107.6779818,66,Moderate,1,20.5,100,0.0,1.5,256,1012.3,100,21.7,22.9,837.0,11.4,57.0,3.4
2026-02-07 02:00:00,2026,2,7,2,Huế,Phường Phú Bài,16.409296,107.6779818,66,Moderate,1,20.9,100,0.0,1.9,248,1012.2,100,21.4,22.6,709.0,10.3,57.0,2.9
2026-02-07 03:00:00,2026,2,7,3,Huế,Phường Phú Bài,16.409296,107.6779818,66,Moderate,1,20.8,100,0.0,2.3,247,1011.9,100,21.1,22.4,520.0,9.2,59.0,2.4
2026-02-07 04:00:00,2026,2,7,4,Huế,Phường Phú Bài,16.409296,107.6779818,65,Moderate,1,20.7,100,0.0,1.5,249,1012.1,100,21.5,22.8,395.0,8.6,60.0,2.2
2026-02-07 05:00:00,2026,2,7,5,Huế,Phường Phú Bài,16.409296,107.6779818,65,Moderate,1,20.6,100,0.0,1.0,239,1012.7,100,22.2,23.6,409.0,9.1,61.0,2.4
2026-02-07 06:00:00,2026,2,7,6,Huế,Phường Phú Bài,16.409296,107.6779818,66,Moderate,1,20.6,100,0.0,2.5,210,1013.5,100,22.9,24.3,485.0,10.0,61.0,2.9
2026-02-07 07:00:00,2026,2,7,7,Huế,Phường Phú Bài,16.409296,107.6779818,66,Moderate,1,20.8,100,0.0,3.1,211,1014.4,100,20.5,21.6,518.0,10.4,56.0,3.0
2026-02-07 08:00:00,2026,2,7,8,Huế,Phường Phú Bài,16.409296,107.6779818,65,Moderate,1,22.3,91,0.0,2.5,188,1015.3,38,15.5,16.8,447.0,8.3,71.0,3.0
2026-02-07 09:00:00,2026,2,7,9,Huế,Phường Phú Bài,16.409296,107.6779818,65,Moderate,1,24.4,79,0.0,5.7,103,1015.8,23,12.8,14.0,332.0,5.5,91.0,2.9
2026-02-07 10:00:00,2026,2,7,10,Huế,Phường Phú Bài,16.409296,107.6779818,64,Moderate,1,26.0,70,0.0,8.9,81,1015.8,22,10.7,12.0,245.0,3.2,107.0,2.8
2026-02-07 11:00:00,2026,2,7,11,Huế,Phường Phú Bài,16.409296,107.6779818,63,Moderate,1,26.9,65,0.0,12.2,81,1015.1,79,9.3,10.7,218.0,2.1,114.0,2.5
2026-02-07 12:00:00,2026,2,7,12,Huế,Phường Phú Bài,16.409296,107.6779818,62,Moderate,1,26.8,67,0.0,15.0,71,1014.1,70,8.8,10.2,219.0,1.6,116.0,2.1
2026-02-07 13:00:00,2026,2,7,13,Huế,Phường Phú Bài,16.409296,107.6779818,61,Moderate,1,26.1,67,0.0,17.3,74,1013.3,14,8.6,10.1,219.0,1.3,116.0,1.8
2026-02-07 14:00:00,2026,2,7,14,Huế,Phường Phú Bài,16.409296,107.6779818,61,Moderate,1,26.4,63,0.0,18.6,72,1012.3,15,8.7,10.4,206.0,1.1,114.0,1.7
2026-02-07 15:00:00,2026,2,7,15,Huế,Phường Phú Bài,16.409296,107.6779818,60,Moderate,1,25.8,65,0.0,19.7,70,1011.9,11,8.9,11.0,192.0,1.2,110.0,1.7
2026-02-07 16:00:00,2026,2,7,16,Huế,Phường Phú Bài,16.409296,107.6779818,60,Moderate,1,24.9,70,0.0,19.0,67,1011.9,20,8.7,11.2,182.0,1.9,104.0,1.9
2026-02-07 17:00:00,2026,2,7,17,Huế,Phường Phú Bài,16.409296,107.6779818,59,Moderate,1,23.6,78,0.0,18.4,72,1012.4,30,8.3,10.8,181.0,3.9,94.0,2.5
2026-02-07 18:00:00,2026,2,7,18,Huế,Phường Phú Bài,16.409296,107.6779818,59,Moderate,1,22.9,83,0.0,18.2,81,1013.0,29,8.6,11.0,184.0,6.5,81.0,3.3
2026-02-07 19:00:00,2026,2,7,19,Huế,Phường Phú Bài,16.409296,107.6779818,58,Moderate,1,22.8,84,0.0,15.9,84,1013.9,78,12.7,15.3,188.0,11.8,69.0,4.7
2026-02-07 20:00:00,2026,2,7,20,Huế,Phường Phú Bài,16.409296,107.6779818,58,Moderate,1,22.8,83,0.0,13.5,94,1014.9,70,14.9,17.6,193.0,12.5,64.0,5.2
2026-02-07 21:00:00,2026,2,7,21,Huế,Phường Phú Bài,16.409296,107.6779818,57,Moderate,1,22.2,86,0.0,11.9,96,1015.5,90,15.3,17.8,199.0,13.3,58.0,5.9
2026-02-07 22:00:00,2026,2,7,22,Huế,Phường Phú Bài,16.409296,107.6779818,57,Moderate,1,21.9,87,0.0,11.9,100,1015.6,90,14.7,17.2,201.0,13.4,53.0,6.1
2026-02-07 23:00:00,2026,2,7,23,Huế,Phường Phú Bài,16.409296,107.6779818,56,Moderate,1,21.6,87,0.0,11.9,101,1015.4,83,13.3,15.8,197.0,12.2,53.0,5.5
2026-02-08 00:00:00,2026,2,8,0,Huế,Phường Phú Bài,16.409296,107.6779818,56,Moderate,1,21.4,87,0.0,12.1,105,1015.3,78,12.1,14.4,189.0,10.2,54.0,4.4
2026-02-08 01:00:00,2026,2,8,1,Huế,Phường Phú Bài,16.409296,107.6779818,55,Moderate,1,21.1,90,0.0,9.9,106,1015.0,92,11.3,13.4,184.0,8.6,56.0,3.5
2026-02-08 02:00:00,2026,2,8,2,Huế,Phường Phú Bài,16.409296,107.6779818,54,Moderate,1,20.9,91,0.0,9.4,93,1014.7,95,11.1,13.4,180.0,7.5,57.0,3.1
2026-02-08 03:00:00,2026,2,8,3,Huế,Phường Phú Bài,16.409296,107.6779818,53,Moderate,1,20.9,91,0.0,9.1,81,1014.7,92,10.4,12.6,178.0,6.7,58.0,3.0
2026-02-08 04:00:00,2026,2,8,4,Huế,Phường Phú Bài,16.409296,107.6779818,52,Moderate,1,20.9,90,0.0,6.6,119,1014.7,93,10.7,13.1,187.0,6.4,59.0,3.0
2026-02-08 05:00:00,2026,2,8,5,Huế,Phường Phú Bài,16.409296,107.6779818,51,Moderate,1,20.0,93,0.0,6.8,138,1015.3,80,10.9,13.3,217.0,7.1,57.0,3.3
2026-02-08 06:00:00,2026,2,8,6,Huế,Phường Phú Bài,16.409296,107.6779818,50,Good,0,19.5,94,0.0,4.6,138,1016.0,99,11.1,13.5,257.0,8.2,54.0,3.8
2026-02-08 07:00:00,2026,2,8,7,Huế,Phường Phú Bài,16.409296,107.6779818,48,Good,0,21.0,93,0.2,7.2,103,1016.9,94,13.9,16.6,283.0,8.3,59.0,4.0
2026-02-08 08:00:00,2026,2,8,8,Huế,Phường Phú Bài,16.409296,107.6779818,47,Good,0,22.0,85,0.4,14.5,95,1017.7,97,13.9,17.2,281.0,6.4,70.0,3.4
2026-02-08 09:00:00,2026,2,8,9,Huế,Phường Phú Bài,16.409296,107.6779818,47,Good,0,22.5,80,0.4,17.1,87,1018.6,95,13.4,17.3,265.0,3.8,85.0,2.5
2026-02-08 10:00:00,2026,2,8,10,Huế,Phường Phú Bài,16.409296,107.6779818,47,Good,0,23.6,80,0.5,17.3,98,1018.8,60,12.0,15.7,252.0,1.8,97.0,1.8
2026-02-08 11:00:00,2026,2,8,11,Huế,Phường Phú Bài,16.409296,107.6779818,47,Good,0,24.8,72,0.0,21.1,89,1018.3,75,11.1,14.7,248.0,1.1,102.0,1.4
2026-02-08 12:00:00,2026,2,8,12,Huế,Phường Phú Bài,16.409296,107.6779818,47,Good,0,25.6,67,0.1,23.1,85,1017.6,92,10.5,14.0,247.0,1.0,104.0,1.2
2026-02-08 13:00:00,2026,2,8,13,Huế,Phường Phú Bài,16.409296,107.6779818,48,Good,0,25.2,66,0.0,26.1,83,1016.6,91,10.9,14.5,252.0,1.1,105.0,1.1
2026-02-08 14:00:00,2026,2,8,14,Huế,Phường Phú Bài,16.409296,107.6779818,48,Good,0,24.7,68,0.1,25.2,83,1016.1,92,10.7,14.0,266.0,1.1,106.0,1.1
2026-02-08 15:00:00,2026,2,8,15,Huế,Phường Phú Bài,16.409296,107.6779818,49,Good,0,23.6,73,0.4,25.4,88,1015.7,98,11.5,15.0,285.0,1.1,106.0,1.1
2026-02-08 16:00:00,2026,2,8,16,Huế,Phường Phú Bài,16.409296,107.6779818,49,Good,0,23.4,74,0.4,24.8,90,1015.9,91,11.7,15.2,304.0,1.6,105.0,1.3
2026-02-08 17:00:00,2026,2,8,17,Huế,Phường Phú Bài,16.409296,107.6779818,49,Good,0,22.6,78,0.1,21.4,92,1016.5,87,12.4,16.1,321.0,2.8,102.0,1.7
2026-02-08 18:00:00,2026,2,8,18,Huế,Phường Phú Bài,16.409296,107.6779818,50,Good,0,21.9,78,0.0,17.1,101,1017.2,91,12.9,16.2,337.0,4.3,98.0,2.3
2026-02-08 19:00:00,2026,2,8,19,Huế,Phường Phú Bài,16.409296,107.6779818,50,Good,0,21.5,83,0.0,15.4,97,1017.7,99,13.5,17.2,348.0,5.1,92.0,2.7
2026-02-08 20:00:00,2026,2,8,20,Huế,Phường Phú Bài,16.409296,107.6779818,51,Moderate,1,21.8,80,0.0,15.4,111,1018.2,98,13.1,16.5,349.0,4.9,91.0,2.8
2026-02-08 21:00:00,2026,2,8,21,Huế,Phường Phú Bài,16.409296,107.6779818,50,Good,0,21.2,81,0.1,16.9,101,1018.7,96,13.0,16.9,345.0,4.6,90.0,2.9
2026-02-08 22:00:00,2026,2,8,22,Huế,Phường Phú Bài,16.409296,107.6779818,50,Good,0,20.2,88,0.6,11.2,111,1018.6,100,12.3,16.0,341.0,4.3,89.0,2.9
2026-02-08 23:00:00,2026,2,8,23,Huế,Phường Phú Bài,16.409296,107.6779818,50,Good,0,20.2,91,0.2,13.5,124,1018.2,99,11.8,15.3,340.0,4.1,88.0,2.7
2026-02-09 00:00:00,2026,2,9,0,Huế,Phường Phú Bài,16.409296,107.6779818,50,Good,0,20.0,93,0.2,13.9,115,1017.7,97,10.7,14.1,339.0,3.8,87.0,2.4
2026-02-09 01:00:00,2026,2,9,1,Huế,Phường Phú Bài,16.409296,107.6779818,49,Good,0,20.0,89,0.0,11.2,109,1017.1,95,10.8,14.3,335.0,3.6,86.0,2.1
2026-02-09 02:00:00,2026,2,9,2,Huế,Phường Phú Bài,16.409296,107.6779818,49,Good,0,19.9,94,0.2,11.7,94,1016.7,100,10.9,14.3,323.0,3.3,86.0,1.9
2026-02-09 03:00:00,2026,2,9,3,Huế,Phường Phú Bài,16.409296,107.6779818,49,Good,0,19.8,93,0.1,13.8,102,1016.3,63,11.1,14.8,308.0,3.0,85.0,1.9
2026-02-09 04:00:00,2026,2,9,4,Huế,Phường Phú Bài,16.409296,107.6779818,49,Good,0,19.8,92,0.0,13.1,99,1016.2,71,11.5,15.3,302.0,3.1,84.0,1.9
2026-02-09 05:00:00,2026,2,9,5,Huế,Phường Phú Bài,16.409296,107.6779818,50,Good,0,19.2,92,0.0,12.5,101,1016.3,99,11.7,15.5,317.0,4.0,80.0,2.2
2026-02-09 06:00:00,2026,2,9,6,Huế,Phường Phú Bài,16.409296,107.6779818,50,Good,0,19.0,94,0.2,9.4,114,1016.6,98,12.0,15.8,342.0,5.3,75.0,2.6
2026-02-09 07:00:00,2026,2,9,7,Huế,Phường Phú Bài,16.409296,107.6779818,50,Good,0,19.9,92,0.1,11.3,91,1017.5,95,11.4,14.3,355.0,6.1,72.0,3.1
2026-02-09 08:00:00,2026,2,9,8,Huế,Phường Phú Bài,16.409296,107.6779818,49,Good,0,21.6,85,0.1,12.4,100,1018.1,89,11.6,15.1,346.0,5.1,81.0,2.9
2026-02-09 09:00:00,2026,2,9,9,Huế,Phường Phú Bài,16.409296,107.6779818,49,Good,0,23.0,77,0.3,17.5,98,1018.4,73,12.3,16.0,325.0,3.6,93.0,2.7
2026-02-09 10:00:00,2026,2,9,10,Huế,Phường Phú Bài,16.409296,107.6779818,49,Good,0,23.9,71,0.1,18.7,88,1018.4,79,12.4,16.1,308.0,2.5,102.0,2.4
2026-02-09 11:00:00,2026,2,9,11,Huế,Phường Phú Bài,16.409296,107.6779818,49,Good,0,24.5,69,0.0,20.2,86,1017.6,60,12.5,16.3,299.0,1.9,107.0,2.1
2026-02-09 12:00:00,2026,2,9,12,Huế,Phường Phú Bài,16.409296,107.6779818,49,Good,0,24.5,70,0.0,21.7,81,1016.4,91,12.6,16.4,293.0,1.5,109.0,1.8
2026-02-09 13:00:00,2026,2,9,13,Huế,Phường Phú Bài,16.409296,107.6779818,50,Good,0,23.8,73,0.1,21.5,79,1015.7,100,12.8,16.8,289.0,1.4,110.0,1.6
2026-02-09 14:00:00,2026,2,9,14,Huế,Phường Phú Bài,16.409296,107.6779818,50,Good,0,24.2,71,0.1,21.0,84,1014.8,83,13.0,16.9,286.0,1.4,110.0,1.6
2026-02-09 15:00:00,2026,2,9,15,Huế,Phường Phú Bài,16.409296,107.6779818,50,Good,0,24.0,69,0.0,19.3,86,1014.3,93,14.0,18.2,284.0,1.6,110.0,1.7
2026-02-09 16:00:00,2026,2,9,16,Huế,Phường Phú Bài,16.409296,107.6779818,50,Good,0,23.5,70,0.0,18.9,88,1014.3,48,13.2,16.9,284.0,2.3,107.0,1.9
2026-02-09 17:00:00,2026,2,9,17,Huế,Phường Phú Bài,16.409296,107.6779818,50,Good,0,22.9,72,0.0,17.4,83,1014.8,33,14.0,18.0,287.0,3.8,101.0,2.3
2026-02-09 18:00:00,2026,2,9,18,Huế,Phường Phú Bài,16.409296,107.6779818,51,Moderate,1,21.8,77,0.0,13.1,77,1015.2,83,13.9,17.4,293.0,5.7,94.0,2.9
2026-02-09 19:00:00,2026,2,9,19,Huế,Phường Phú Bài,16.409296,107.6779818,51,Moderate,1,21.7,81,0.0,13.0,88,1015.8,84,15.5,19.3,299.0,6.5,91.0,3.2
2026-02-09 20:00:00,2026,2,9,20,Huế,Phường Phú Bài,16.409296,107.6779818,51,Moderate,1,21.9,80,0.0,13.2,92,1016.8,69,16.2,20.3,303.0,5.9,91.0,3.2
2026-02-09 21:00:00,2026,2,9,21,Huế,Phường Phú Bài,16.409296,107.6779818,51,Moderate,1,21.8,81,0.0,11.6,102,1017.0,73,16.8,21.2,307.0,5.2,91.0,3.2
2026-02-09 22:00:00,2026,2,9,22,Huế,Phường Phú Bài,16.409296,107.6779818,52,Moderate,1,21.2,83,0.0,9.2,123,1016.5,32,18.2,23.4,319.0,4.7,89.0,3.1
2026-02-09 23:00:00,2026,2,9,23,Huế,Phường Phú Bài,16.409296,107.6779818,52,Moderate,1,20.4,87,0.0,5.9,142,1016.4,46,16.1,20.4,349.0,4.9,84.0,3.0
2026-02-10 00:00:00,2026,2,10,0,Huế,Phường Phú Bài,16.409296,107.6779818,52,Moderate,1,19.4,92,0.0,4.7,157,1015.9,44,15.5,19.6,388.0,5.3,78.0,2.8
2026-02-10 01:00:00,2026,2,10,1,Huế,Phường Phú Bài,16.409296,107.6779818,53,Moderate,1,18.9,94,0.0,4.9,144,1015.6,45,14.9,18.6,409.0,5.7,73.0,2.7
2026-02-10 02:00:00,2026,2,10,2,Huế,Phường Phú Bài,16.409296,107.6779818,53,Moderate,1,19.0,94,0.0,2.9,150,1015.7,77,14.8,18.5,392.0,5.7,71.0,2.6
2026-02-10 03:00:00,2026,2,10,3,Huế,Phường Phú Bài,16.409296,107.6779818,54,Moderate,1,18.8,95,0.0,2.8,162,1015.3,64,15.0,18.7,358.0,5.7,69.0,2.5
2026-02-10 04:00:00,2026,2,10,4,Huế,Phường Phú Bài,16.409296,107.6779818,54,Moderate,1,18.4,97,0.0,3.1,177,1015.3,26,15.1,18.8,346.0,5.8,68.0,2.5
2026-02-10 05:00:00,2026,2,10,5,Huế,Phường Phú Bài,16.409296,107.6779818,54,Moderate,1,18.0,98,0.0,3.5,192,1015.7,40,15.6,19.4,388.0,6.6,64.0,2.7
2026-02-10 06:00:00,2026,2,10,6,Huế,Phường Phú Bài,16.409296,107.6779818,55,Moderate,1,17.6,99,0.0,3.7,215,1016.2,49,16.4,20.1,452.0,7.7,61.0,3.0
2026-02-10 07:00:00,2026,2,10,7,Huế,Phường Phú Bài,16.409296,107.6779818,55,Moderate,1,18.5,96,0.0,5.9,215,1016.6,4,19.8,23.6,477.0,10.0,58.0,3.5
2026-02-10 08:00:00,2026,2,10,8,Huế,Phường Phú Bài,16.409296,107.6779818,56,Moderate,1,21.8,83,0.0,3.0,205,1017.2,43,18.3,22.7,425.0,7.9,70.0,3.1
2026-02-10 09:00:00,2026,2,10,9,Huế,Phường Phú Bài,16.409296,107.6779818,56,Moderate,1,23.8,72,0.0,10.4,110,1017.6,82,15.1,19.5,336.0,5.0,88.0,2.5
2026-02-10 10:00:00,2026,2,10,10,Huế,Phường Phú Bài,16.409296,107.6779818,57,Moderate,1,25.0,65,0.1,12.1,105,1017.6,74,13.2,17.3,265.0,2.7,102.0,2.1
2026-02-10 11:00:00,2026,2,10,11,Huế,Phường Phú Bài,16.409296,107.6779818,57,Moderate,1,25.8,62,0.1,11.9,87,1016.7,88,12.6,16.6,238.0,1.7,110.0,1.9
2026-02-10 12:00:00,2026,2,10,12,Huế,Phường Phú Bài,16.409296,107.6779818,57,Moderate,1,25.5,66,0.0,16.0,69,1015.7,74,12.3,16.2,231.0,1.4,115.0,1.8
2026-02-10 13:00:00,2026,2,10,13,Huế,Phường Phú Bài,16.409296,107.6779818,57,Moderate,1,25.3,66,0.0,15.8,69,1014.9,44,11.9,15.6,226.0,1.3,117.0,1.7
2026-02-10 14:00:00,2026,2,10,14,Huế,Phường Phú Bài,16.409296,107.6779818,57,Moderate,1,26.0,61,0.0,15.7,75,1014.0,17,11.6,15.2,218.0,1.1,117.0,1.6
2026-02-10 15:00:00,2026,2,10,15,Huế,Phường Phú Bài,16.409296,107.6779818,56,Moderate,1,25.4,64,0.0,16.9,67,1013.7,23,11.1,14.7,213.0,1.1,115.0,1.6
2026-02-10 16:00:00,2026,2,10,16,Huế,Phường Phú Bài,16.409296,107.6779818,56,Moderate,1,24.5,67,0.0,16.7,72,1013.8,20,10.4,13.8,211.0,1.7,110.0,1.7
2026-02-10 17:00:00,2026,2,10,17,Huế,Phường Phú Bài,16.409296,107.6779818,56,Moderate,1,23.5,72,0.0,16.2,80,1014.2,74,10.0,13.4,211.0,3.3,100.0,2.1
2026-02-10 18:00:00,2026,2,10,18,Huế,Phường Phú Bài,16.409296,107.6779818,56,Moderate,1,22.1,79,0.0,14.4,81,1014.9,91,9.5,12.3,213.0,5.5,88.0,2.6
2026-02-10 19:00:00,2026,2,10,19,Huế,Phường Phú Bài,16.409296,107.6779818,55,Moderate,1,22.2,81,0.0,16.6,88,1015.5,98,10.6,12.9,219.0,8.5,83.0,3.8
2026-02-10 20:00:00,2026,2,10,20,Huế,Phường Phú Bài,16.409296,107.6779818,55,Moderate,1,22.5,79,0.0,15.0,95,1016.3,100,11.8,14.2,227.0,8.9,78.0,4.0
2026-02-10 21:00:00,2026,2,10,21,Huế,Phường Phú Bài,16.409296,107.6779818,54,Moderate,1,22.5,79,0.0,13.3,99,1016.9,100,12.0,14.3,238.0,9.4,71.0,4.3
2026-02-10 22:00:00,2026,2,10,22,Huế,Phường Phú Bài,16.409296,107.6779818,54,Moderate,1,22.2,81,0.0,11.8,99,1017.2,100,12.1,14.4,256.0,9.4,67.0,4.4
2026-02-10 23:00:00,2026,2,10,23,Huế,Phường Phú Bài,16.409296,107.6779818,53,Moderate,1,21.8,83,0.0,10.3,95,1016.9,94,11.7,14.0,288.0,8.3,69.0,4.0
2026-02-11 00:00:00,2026,2,11,0,Huế,Phường Phú Bài,16.409296,107.6779818,53,Moderate,1,21.4,86,0.0,10.0,105,1017.0,98,10.8,13.5,326.0,6.8,73.0,3.3
2026-02-11 01:00:00,2026,2,11,1,Huế,Phường Phú Bài,16.409296,107.6779818,53,Moderate,1,20.6,91,0.0,9.1,98,1017.3,55,10.7,13.9,350.0,5.7,75.0,2.8
2026-02-11 02:00:00,2026,2,11,2,Huế,Phường Phú Bài,16.409296,107.6779818,52,Moderate,1,20.0,95,0.0,6.0,111,1017.1,93,11.5,15.0,342.0,5.5,71.0,2.5
2026-02-11 03:00:00,2026,2,11,3,Huế,Phường Phú Bài,16.409296,107.6779818,52,Moderate,1,19.2,96,0.0,3.2,142,1016.8,95,12.3,15.9,320.0,5.7,65.0,2.4
2026-02-11 04:00:00,2026,2,11,4,Huế,Phường Phú Bài,16.409296,107.6779818,52,Moderate,1,18.5,98,0.0,3.1,193,1016.8,93,12.6,16.2,317.0,6.4,59.0,2.5
2026-02-11 05:00:00,2026,2,11,5,Huế,Phường Phú Bài,16.409296,107.6779818,51,Moderate,1,18.0,99,0.0,2.9,227,1017.1,88,13.0,16.5,364.0,8.1,52.0,3.1
2026-02-11 06:00:00,2026,2,11,6,Huế,Phường Phú Bài,16.409296,107.6779818,51,Moderate,1,17.8,99,0.0,3.9,236,1017.6,80,13.4,16.8,431.0,10.1,46.0,4.0
2026-02-11 07:00:00,2026,2,11,7,Huế,Phường Phú Bài,16.409296,107.6779818,51,Moderate,1,18.5,98,0.0,4.0,219,1018.6,91,15.1,18.0,455.0,8.8,51.0,3.4
2026-02-11 08:00:00,2026,2,11,8,Huế,Phường Phú Bài,16.409296,107.6779818,50,Good,0,21.7,85,0.0,2.3,198,1019.1,67,16.4,20.1,395.0,7.5,61.0,3.3
2026-02-11 09:00:00,2026,2,11,9,Huế,Phường Phú Bài,16.409296,107.6779818,50,Good,0,24.1,73,0.0,7.4,91,1019.7,81,16.1,21.2,292.0,5.6,75.0,3.0
2026-02-11 10:00:00,2026,2,11,10,Huế,Phường Phú Bài,16.409296,107.6779818,50,Good,0,25.0,69,0.2,11.5,82,1019.7,100,14.2,19.0,211.0,4.0,86.0,2.8
2026-02-11 11:00:00,2026,2,11,11,Huế,Phường Phú Bài,16.409296,107.6779818,51,Moderate,1,25.4,69,0.5,12.5,72,1018.9,96,13.7,18.6,180.0,3.1,91.0,2.5
2026-02-11 12:00:00,2026,2,11,12,Huế,Phường Phú Bài,16.409296,107.6779818,51,Moderate,1,25.1,72,0.3,13.5,71,1017.7,91,14.4,19.6,171.0,2.4,94.0,2.2
2026-02-11 13:00:00,2026,2,11,13,Huế,Phường Phú Bài,16.409296,107.6779818,51,Moderate,1,25.5,71,0.0,14.7,65,1017.0,38,13.1,17.8,167.0,2.0,95.0,1.9
2026-02-11 14:00:00,2026,2,11,14,Huế,Phường Phú Bài,16.409296,107.6779818,51,Moderate,1,25.6,69,0.0,14.6,63,1016.2,100,11.3,15.5,163.0,1.4,95.0,1.6
2026-02-11 15:00:00,2026,2,11,15,Huế,Phường Phú Bài,16.409296,107.6779818,51,Moderate,1,25.0,71,0.1,14.3,62,1015.9,98,10.4,14.3,163.0,0.9,94.0,1.4
2026-02-11 16:00:00,2026,2,11,16,Huế,Phường Phú Bài,16.409296,107.6779818,51,Moderate,1,24.3,73,0.0,14.0,70,1015.8,100,9.9,13.6,167.0,1.8,90.0,1.6
2026-02-11 17:00:00,2026,2,11,17,Huế,Phường Phú Bài,16.409296,107.6779818,51,Moderate,1,23.4,76,0.0,13.3,77,1015.8,96,10.1,13.9,174.0,5.2,81.0,2.5
2026-02-11 18:00:00,2026,2,11,18,Huế,Phường Phú Bài,16.409296,107.6779818,51,Moderate,1,22.6,80,0.0,11.6,82,1016.2,91,11.2,14.7,185.0,9.9,69.0,3.8
2026-02-11 19:00:00,2026,2,11,19,Huế,Phường Phú Bài,16.409296,107.6779818,51,Moderate,1,22.4,85,0.0,10.7,81,1016.3,98,13.1,16.0,194.0,11.7,62.0,4.4
2026-02-11 20:00:00,2026,2,11,20,Huế,Phường Phú Bài,16.409296,107.6779818,51,Moderate,1,22.9,85,0.0,11.2,84,1016.9,100,14.8,17.8,200.0,12.5,58.0,4.9
2026-02-11 21:00:00,2026,2,11,21,Huế,Phường Phú Bài,16.409296,107.6779818,51,Moderate,1,22.8,84,0.0,11.4,95,1017.0,92,15.3,18.2,204.0,13.5,52.0,5.6
2026-02-11 22:00:00,2026,2,11,22,Huế,Phường Phú Bài,16.409296,107.6779818,52,Moderate,1,22.4,84,0.0,10.7,97,1017.0,76,16.4,19.2,211.0,14.2,47.0,5.9
2026-02-11 23:00:00,2026,2,11,23,Huế,Phường Phú Bài,16.409296,107.6779818,52,Moderate,1,21.4,89,0.0,8.3,96,1016.5,91,17.1,19.9,223.0,14.1,45.0,5.6
2026-02-12 00:00:00,2026,2,12,0,Huế,Phường Phú Bài,16.409296,107.6779818,53,Moderate,1,20.6,92,0.0,6.7,96,1016.3,98,16.8,19.5,238.0,13.6,44.0,5.0
2026-02-12 01:00:00,2026,2,12,1,Huế,Phường Phú Bài,16.409296,107.6779818,53,Moderate,1,21.0,95,0.0,9.1,80,1015.7,95,16.3,19.0,251.0,13.0,43.0,4.4
2026-02-12 02:00:00,2026,2,12,2,Huế,Phường Phú Bài,16.409296,107.6779818,54,Moderate,1,21.2,95,0.0,7.9,90,1015.5,75,15.9,18.7,258.0,12.2,43.0,4.0
2026-02-12 03:00:00,2026,2,12,3,Huế,Phường Phú Bài,16.409296,107.6779818,54,Moderate,1,20.8,96,0.0,6.0,100,1015.1,80,15.8,18.5,264.0,11.3,43.0,3.7
2026-02-12 04:00:00,2026,2,12,4,Huế,Phường Phú Bài,16.409296,107.6779818,54,Moderate,1,20.0,98,0.0,5.2,115,1015.1,79,15.5,18.1,280.0,10.6,43.0,3.6
2026-02-12 05:00:00,2026,2,12,5,Huế,Phường Phú Bài,16.409296,107.6779818,55,Moderate,1,19.8,99,0.0,4.5,146,1015.2,88,15.0,17.4,323.0,10.6,42.0,3.8
2026-02-12 06:00:00,2026,2,12,6,Huế,Phường Phú Bài,16.409296,107.6779818,55,Moderate,1,19.4,100,0.0,5.2,174,1015.9,85,14.3,16.5,376.0,10.8,42.0,4.2
2026-02-12 07:00:00,2026,2,12,7,Huế,Phường Phú Bài,16.409296,107.6779818,55,Moderate,1,19.5,95,0.0,6.7,196,1016.7,67,18.0,20.7,396.0,13.2,45.0,5.3
2026-02-12 08:00:00,2026,2,12,8,Huế,Phường Phú Bài,16.409296,107.6779818,55,Moderate,1,22.6,83,0.0,3.6,139,1017.5,98,13.2,16.5,351.0,10.0,60.0,4.3
2026-02-12 09:00:00,2026,2,12,9,Huế,Phường Phú Bài,16.409296,107.6779818,55,Moderate,1,24.5,72,0.0,9.7,101,1018.0,88,11.5,14.8,272.0,5.6,80.0,3.0
2026-02-12 10:00:00,2026,2,12,10,Huế,Phường Phú Bài,16.409296,107.6779818,54,Moderate,1,25.4,68,0.2,12.5,85,1018.0,100,10.0,13.2,212.0,2.3,96.0,2.0
2026-02-12 11:00:00,2026,2,12,11,Huế,Phường Phú Bài,16.409296,107.6779818,54,Moderate,1,24.8,72,0.2,16.6,72,1017.3,69,9.6,12.8,192.0,1.2,103.0,1.6
2026-02-12 12:00:00,2026,2,12,12,Huế,Phường Phú Bài,16.409296,107.6779818,54,Moderate,1,25.5,68,0.0,16.2,82,1016.2,27,9.3,12.5,191.0,1.2,106.0,1.6
2026-02-12 13:00:00,2026,2,12,13,Huế,Phường Phú Bài,16.409296,107.6779818,53,Moderate,1,26.0,66,0.0,18.0,79,1015.1,19,9.3,12.6,194.0,1.4,108.0,1.6
2026-02-12 14:00:00,2026,2,12,14,Huế,Phường Phú Bài,16.409296,107.6779818,53,Moderate,1,25.5,65,0.0,18.7,76,1014.3,41,9.6,13.0,198.0,1.1,110.0,1.5
2026-02-12 15:00:00,2026,2,12,15,Huế,Phường Phú Bài,16.409296,107.6779818,53,Moderate,1,25.2,64,0.0,20.1,78,1013.6,61,10.1,13.4,206.0,1.0,111.0,1.5
2026-02-12 16:00:00,2026,2,12,16,Huế,Phường Phú Bài,16.409296,107.6779818,53,Moderate,1,24.3,68,0.0,21.0,78,1013.2,5,10.3,13.6,215.0,1.7,108.0,1.7
2026-02-12 17:00:00,2026,2,12,17,Huế,Phường Phú Bài,16.409296,107.6779818,53,Moderate,1,23.2,74,0.0,20.2,77,1013.2,2,10.5,13.8,221.0,4.2,99.0,2.4
2026-02-12 18:00:00,2026,2,12,18,Huế,Phường Phú Bài,16.409296,107.6779818,53,Moderate,1,22.2,79,0.0,17.9,77,1013.7,3,11.4,14.3,228.0,7.6,87.0,3.4
2026-02-12 19:00:00,2026,2,12,19,Huế,Phường Phú Bài,16.409296,107.6779818,53,Moderate,1,22.4,80,0.0,17.7,85,1013.9,3,12.7,15.1,243.0,9.4,83.0,4.0
2026-02-12 20:00:00,2026,2,12,20,Huế,Phường Phú Bài,16.409296,107.6779818,53,Moderate,1,22.0,82,0.0,12.4,107,1014.5,2,14.0,16.4,275.0,9.7,79.0,4.2
2026-02-12 21:00:00,2026,2,12,21,Huế,Phường Phú Bài,16.409296,107.6779818,53,Moderate,1,21.1,86,0.0,5.7,131,1014.9,4,14.2,16.6,316.0,10.2,73.0,4.6
2026-02-12 22:00:00,2026,2,12,22,Huế,Phường Phú Bài,16.409296,107.6779818,53,Moderate,1,20.0,92,0.0,4.9,152,1015.0,1,14.1,16.5,343.0,10.2,69.0,4.6
2026-02-12 23:00:00,2026,2,12,23,Huế,Phường Phú Bài,16.409296,107.6779818,52,Moderate,1,19.3,94,0.0,5.2,166,1015.0,0,14.1,16.3,347.0,9.5,68.0,4.1
2026-02-13 00:00:00,2026,2,13,0,Huế,Phường Phú Bài,16.409296,107.6779818,52,Moderate,1,18.7,96,0.0,5.2,180,1014.8,0,13.5,15.8,338.0,8.4,69.0,3.3
2026-02-13 01:00:00,2026,2,13,1,Huế,Phường Phú Bài,16.409296,107.6779818,52,Moderate,1,19.0,96,0.0,5.6,158,1014.2,17,12.9,14.8,326.0,7.4,69.0,2.7
2026-02-13 02:00:00,2026,2,13,2,Huế,Phường Phú Bài,16.409296,107.6779818,51,Moderate,1,18.6,97,0.0,4.6,167,1013.7,87,13.3,15.1,307.0,6.7,68.0,2.3
2026-02-13 03:00:00,2026,2,13,3,Huế,Phường Phú Bài,16.409296,107.6779818,51,Moderate,1,18.4,96,0.0,3.5,171,1013.0,70,13.0,14.7,285.0,6.1,66.0,2.0
2026-02-13 04:00:00,2026,2,13,4,Huế,Phường Phú Bài,16.409296,107.6779818,51,Moderate,1,18.0,96,0.0,4.3,180,1012.9,66,13.5,15.1,281.0,5.9,64.0,1.9
2026-02-13 05:00:00,2026,2,13,5,Huế,Phường Phú Bài,16.409296,107.6779818,51,Moderate,1,17.8,96,0.0,3.8,188,1013.0,30,14.4,16.0,320.0,6.5,59.0,2.2
2026-02-13 06:00:00,2026,2,13,6,Huế,Phường Phú Bài,16.409296,107.6779818,51,Moderate,1,17.4,97,0.0,4.0,210,1013.3,70,14.0,15.5,378.0,7.6,53.0,2.7
2026-02-13 07:00:00,2026,2,13,7,Huế,Phường Phú Bài,16.409296,107.6779818,51,Moderate,1,18.5,93,0.0,6.4,207,1014.1,1,17.0,18.7,405.0,7.5,56.0,2.6
2026-02-13 08:00:00,2026,2,13,8,Huế,Phường Phú Bài,16.409296,107.6779818,51,Moderate,1,21.5,83,0.0,4.1,203,1014.6,30,17.6,19.7,367.0,6.3,70.0,2.5
2026-02-13 09:00:00,2026,2,13,9,Huế,Phường Phú Bài,16.409296,107.6779818,51,Moderate,1,23.9,73,0.0,4.6,126,1015.0,48,16.7,19.0,297.0,4.5,89.0,2.4
2026-02-13 10:00:00,2026,2,13,10,Huế,Phường Phú Bài,16.409296,107.6779818,52,Moderate,1,25.6,65,0.0,8.4,83,1014.9,92,14.8,17.2,247.0,3.1,106.0,2.3
2026-02-13 11:00:00,2026,2,13,11,Huế,Phường Phú Bài,16.409296,107.6779818,52,Moderate,1,26.5,61,0.0,12.3,69,1014.2,94,13.7,16.0,242.0,2.3,117.0,2.2
2026-02-13 12:00:00,2026,2,13,12,Huế,Phường Phú Bài,16.409296,107.6779818,52,Moderate,1,26.6,62,0.0,16.7,70,1013.3,99,13.6,15.8,256.0,1.8,125.0,2.0
2026-02-13 13:00:00,2026,2,13,13,Huế,Phường Phú Bài,16.409296,107.6779818,53,Moderate,1,26.2,63,0.0,20.5,69,1012.7,100,13.4,15.8,263.0,1.5,130.0,1.9
2026-02-13 14:00:00,2026,2,13,14,Huế,Phường Phú Bài,16.409296,107.6779818,53,Moderate,1,25.6,64,0.0,20.9,70,1012.3,85,13.8,16.9,249.0,1.3,131.0,1.8
2026-02-13 15:00:00,2026,2,13,15,Huế,Phường Phú Bài,16.409296,107.6779818,53,Moderate,1,25.2,65,0.0,21.4,74,1012.0,10,13.7,17.2,229.0,1.3,128.0,1.8
2026-02-13 16:00:00,2026,2,13,16,Huế,Phường Phú Bài,16.409296,107.6779818,57,Moderate,1,24.5,68,0.0,20.7,77,1011.8,1,13.4,16.8,217.0,1.9,123.0,1.9
2026-02-13 17:00:00,2026,2,13,17,Huế,Phường Phú Bài,16.409296,107.6779818,68,Moderate,1,23.5,73,0.0,19.6,77,1012.1,1,13.2,16.5,219.0,3.4,113.0,2.3
2026-02-13 18:00:00,2026,2,13,18,Huế,Phường Phú Bài,16.409296,107.6779818,74,Moderate,1,22.4,78,0.0,17.8,84,1013.0,18,13.6,16.5,229.0,5.5,101.0,2.9
2026-02-13 19:00:00,2026,2,13,19,Huế,Phường Phú Bài,16.409296,107.6779818,72,Moderate,1,22.4,80,0.0,18.2,87,1013.5,13,13.3,15.9,247.0,8.3,92.0,3.8
2026-02-13 20:00:00,2026,2,13,20,Huế,Phường Phú Bài,16.409296,107.6779818,67,Moderate,1,22.2,80,0.0,12.7,102,1014.3,0,14.1,16.6,279.0,8.7,87.0,4.1
2026-02-13 21:00:00,2026,2,13,21,Huế,Phường Phú Bài,16.409296,107.6779818,59,Moderate,1,21.2,85,0.0,6.2,134,1014.8,0,14.4,16.8,319.0,9.2,80.0,4.4
2026-02-13 22:00:00,2026,2,13,22,Huế,Phường Phú Bài,16.409296,107.6779818,55,Moderate,1,19.9,93,0.0,4.6,162,1014.8,96,14.8,17.1,349.0,9.4,74.0,4.5
2026-02-13 23:00:00,2026,2,13,23,Huế,Phường Phú Bài,16.409296,107.6779818,55,Moderate,1,19.1,95,0.0,4.9,163,1014.4,100,14.8,16.9,361.0,8.9,72.0,4.1
2026-02-14 00:00:00,2026,2,14,0,Huế,Phường Phú Bài,16.409296,107.6779818,55,Moderate,1,18.4,97,0.0,4.9,180,1013.9,100,14.3,16.5,363.0,8.0,72.0,3.5
2026-02-14 01:00:00,2026,2,14,1,Huế,Phường Phú Bài,16.409296,107.6779818,55,Moderate,1,18.6,99,0.0,4.1,182,1013.3,89,13.6,15.7,357.0,7.4,71.0,3.0
2026-02-14 02:00:00,2026,2,14,2,Huế,Phường Phú Bài,16.409296,107.6779818,55,Moderate,1,18.5,99,0.0,4.2,192,1012.8,97,13.7,15.3,336.0,7.1,66.0,2.6
2026-02-14 03:00:00,2026,2,14,3,Huế,Phường Phú Bài,16.409296,107.6779818,55,Moderate,1,18.1,100,0.0,4.0,212,1012.4,100,14.3,15.8,307.0,7.0,60.0,2.3
2026-02-14 04:00:00,2026,2,14,4,Huế,Phường Phú Bài,16.409296,107.6779818,55,Moderate,1,17.8,100,0.0,4.3,222,1012.4,100,15.3,16.7,293.0,7.2,54.0,2.2
2026-02-14 05:00:00,2026,2,14,5,Huế,Phường Phú Bài,16.409296,107.6779818,55,Moderate,1,17.6,100,0.0,6.5,231,1012.7,100,16.1,17.5,313.0,8.0,48.0,2.5
2026-02-14 06:00:00,2026,2,14,6,Huế,Phường Phú Bài,16.409296,107.6779818,55,Moderate,1,17.5,100,0.0,7.0,226,1013.3,93,16.8,18.0,349.0,9.0,42.0,3.1
2026-02-14 07:00:00,2026,2,14,7,Huế,Phường Phú Bài,16.409296,107.6779818,55,Moderate,1,17.9,100,0.0,6.8,220,1014.2,97,17.5,18.4,363.0,10.1,40.0,3.4
2026-02-14 08:00:00,2026,2,14,8,Huế,Phường Phú Bài,16.409296,107.6779818,56,Moderate,1,21.1,88,0.0,3.4,223,1015.0,4,18.6,19.7,334.0,8.3,61.0,3.6
2026-02-14 09:00:00,2026,2,14,9,Huế,Phường Phú Bài,16.409296,107.6779818,56,Moderate,1,23.6,77,0.0,2.8,63,1015.6,49,16.9,19.0,283.0,5.7,91.0,4.0
2026-02-14 10:00:00,2026,2,14,10,Huế,Phường Phú Bài,16.409296,107.6779818,56,Moderate,1,25.6,68,0.0,11.2,74,1015.7,82,14.8,17.5,242.0,3.6,114.0,4.0
2026-02-14 11:00:00,2026,2,14,11,Huế,Phường Phú Bài,16.409296,107.6779818,56,Moderate,1,26.6,63,0.0,13.9,89,1015.1,95,14.1,17.5,223.0,2.4,124.0,3.5
2026-02-14 12:00:00,2026,2,14,12,Huế,Phường Phú Bài,16.409296,107.6779818,56,Moderate,1,26.9,63,0.0,14.0,78,1014.0,100,13.5,17.0,214.0,1.8,129.0,2.8
2026-02-14 13:00:00,2026,2,14,13,Huế,Phường Phú Bài,16.409296,107.6779818,56,Moderate,1,26.2,68,0.0,16.5,68,1013.0,100,13.0,16.2,207.0,1.4,130.0,2.2
2026-02-14 14:00:00,2026,2,14,14,Huế,Phường Phú Bài,16.409296,107.6779818,56,Moderate,1,25.5,69,0.0,18.4,70,1012.0,100,12.5,15.5,198.0,1.1,130.0,1.9
2026-02-14 15:00:00,2026,2,14,15,Huế,Phường Phú Bài,16.409296,107.6779818,56,Moderate,1,25.2,70,0.0,21.1,74,1011.3,98,12.0,14.9,190.0,1.1,128.0,1.8
2026-02-14 16:00:00,2026,2,14,16,Huế,Phường Phú Bài,16.409296,107.6779818,59,Moderate,1,24.6,73,0.0,21.0,78,1011.1,28,11.6,14.3,188.0,1.9,123.0,2.0
2026-02-14 17:00:00,2026,2,14,17,Huế,Phường Phú Bài,16.409296,107.6779818,73,Moderate,1,23.8,77,0.0,17.8,77,1011.2,0,11.2,13.8,192.0,4.0,113.0,2.5
2026-02-14 18:00:00,2026,2,14,18,Huế,Phường Phú Bài,16.409296,107.6779818,77,Moderate,1,22.5,82,0.0,17.4,79,1011.8,0,11.5,13.7,201.0,6.9,99.0,3.3
2026-02-14 19:00:00,2026,2,14,19,Huế,Phường Phú Bài,16.409296,107.6779818,74,Moderate,1,22.7,81,0.0,18.9,91,1012.4,0,12.9,14.7,218.0,10.1,89.0,4.3
2026-02-14 20:00:00,2026,2,14,20,Huế,Phường Phú Bài,16.409296,107.6779818,67,Moderate,1,22.5,81,0.0,12.6,95,1013.3,2,14.4,16.4,249.0,11.4,80.0,4.8
2026-02-14 21:00:00,2026,2,14,21,Huế,Phường Phú Bài,16.409296,107.6779818,56,Moderate,1,21.8,85,0.0,7.4,91,1013.6,99,15.2,17.2,287.0,13.1,68.0,5.5
2026-02-14 22:00:00,2026,2,14,22,Huế,Phường Phú Bài,16.409296,107.6779818,55,Moderate,1,20.8,90,0.0,5.9,113,1013.8,51,15.8,17.7,318.0,14.2,58.0,5.8
2026-02-14 23:00:00,2026,2,14,23,Huế,Phường Phú Bài,16.409296,107.6779818,55,Moderate,1,20.3,92,0.0,2.7,152,1013.7,94,16.0,17.9,336.0,14.2,53.0,5.4
2026-02-15 00:00:00,2026,2,15,0,Huế,Phường Phú Bài,16.409296,107.6779818,55,Moderate,1,19.4,96,0.0,4.7,180,1013.1,28,15.4,17.3,347.0,13.6,50.0,4.6
2026-02-15 01:00:00,2026,2,15,1,Huế,Phường Phú Bài,16.409296,107.6779818,55,Moderate,1,19.5,98,0.0,5.4,172,1012.5,34,14.6,16.4,351.0,12.9,47.0,3.9
2026-02-15 02:00:00,2026,2,15,2,Huế,Phường Phú Bài,16.409296,107.6779818,55,Moderate,1,19.0,100,0.0,3.7,223,1012.1,53,14.1,15.8,344.0,12.1,44.0,3.4
2026-02-15 03:00:00,2026,2,15,3,Huế,Phường Phú Bài,16.409296,107.6779818,55,Moderate,1,18.5,100,0.0,3.8,239,1011.7,100,13.9,15.2,330.0,11.1,42.0,3.0
2026-02-15 04:00:00,2026,2,15,4,Huế,Phường Phú Bài,16.409296,107.6779818,55,Moderate,1,18.1,100,0.0,4.0,234,1011.7,100,14.5,15.6,322.0,10.5,41.0,2.8
2026-02-15 05:00:00,2026,2,15,5,Huế,Phường Phú Bài,16.409296,107.6779818,55,Moderate,1,18.0,100,0.0,6.1,238,1012.0,99,14.9,15.9,332.0,10.8,39.0,3.0
2026-02-15 06:00:00,2026,2,15,6,Huế,Phường Phú Bài,16.409296,107.6779818,55,Moderate,1,17.7,100,0.0,8.0,234,1012.9,98,15.5,16.6,347.0,11.5,38.0,3.5
2026-02-15 07:00:00,2026,2,15,7,Huế,Phường Phú Bài,16.409296,107.6779818,55,Moderate,1,18.4,100,0.0,7.4,231,1013.5,97,22.2,23.7,346.0,14.5,39.0,4.3
2026-02-15 08:00:00,2026,2,15,8,Huế,Phường Phú Bài,16.409296,107.6779818,55,Moderate,1,20.4,92,0.0,4.5,233,1014.3,1,21.2,22.9,310.0,11.3,60.0,4.2
2026-02-15 09:00:00,2026,2,15,9,Huế,Phường Phú Bài,16.409296,107.6779818,56,Moderate,1,23.2,78,0.0,2.0,117,1014.8,0,17.6,21.7,257.0,6.8,89.0,4.1
2026-02-15 10:00:00,2026,2,15,10,Huế,Phường Phú Bài,16.409296,107.6779818,56,Moderate,1,25.6,68,0.0,8.2,80,1014.7,0,16.0,20.1,220.0,3.4,113.0,3.8
2026-02-15 11:00:00,2026,2,15,11,Huế,Phường Phú Bài,16.409296,107.6779818,56,Moderate,1,27.1,61,0.0,11.5,73,1014.0,0,15.5,19.3,218.0,2.0,126.0,3.4
2026-02-15 12:00:00,2026,2,15,12,Huế,Phường Phú Bài,16.409296,107.6779818,56,Moderate,1,27.9,60,0.0,14.8,66,1012.7,0,15.2,18.6,232.0,1.7,133.0,2.8
2026-02-15 13:00:00,2026,2,15,13,Huế,Phường Phú Bài,16.409296,107.6779818,56,Moderate,1,26.7,62,0.0,20.8,69,1012.0,0,15.1,18.2,239.0,1.6,137.0,2.4
2026-02-15 14:00:00,2026,2,15,14,Huế,Phường Phú Bài,16.409296,107.6779818,56,Moderate,1,26.5,62,0.0,22.0,72,1011.0,0,15.2,18.4,225.0,1.4,138.0,2.2
2026-02-15 15:00:00,2026,2,15,15,Huế,Phường Phú Bài,16.409296,107.6779818,57,Moderate,1,25.8,65,0.0,22.7,74,1010.3,0,14.9,18.2,203.0,1.4,135.0,2.1
2026-02-15 16:00:00,2026,2,15,16,Huế,Phường Phú Bài,16.409296,107.6779818,65,Moderate,1,24.8,71,0.0,20.4,72,1010.2,1,14.1,17.2,190.0,2.1,128.0,2.2
2026-02-15 17:00:00,2026,2,15,17,Huế,Phường Phú Bài,16.409296,107.6779818,79,Moderate,1,23.5,79,0.0,17.9,71,1010.2,0,13.2,16.2,185.0,4.1,115.0,2.7
2026-02-15 18:00:00,2026,2,15,18,Huế,Phường Phú Bài,16.409296,107.6779818,85,Moderate,1,22.4,82,0.0,16.1,74,1010.6,0,13.1,15.7,188.0,6.7,98.0,3.4
2026-02-15 19:00:00,2026,2,15,19,Huế,Phường Phú Bài,16.409296,107.6779818,81,Moderate,1,22.9,83,0.0,14.8,81,1010.9,0,12.7,15.0,217.0,9.8,81.0,4.2
2026-02-15 20:00:00,2026,2,15,20,Huế,Phường Phú Bài,16.409296,107.6779818,72,Moderate,1,22.6,84,0.0,8.1,119,1011.7,0,13.7,15.9,298.0,11.0,74.0,4.8
2026-02-15 21:00:00,2026,2,15,21,Huế,Phường Phú Bài,16.409296,107.6779818,59,Moderate,1,21.2,91,0.0,3.8,191,1012.0,0,14.6,16.8,405.0,12.6,64.0,5.6
2026-02-15 22:00:00,2026,2,15,22,Huế,Phường Phú Bài,16.409296,107.6779818,57,Moderate,1,20.5,95,0.0,3.2,223,1012.1,0,15.9,18.1,482.0,13.7,56.0,6.0
2026-02-15 23:00:00,2026,2,15,23,Huế,Phường Phú Bài,16.409296,107.6779818,57,Moderate,1,20.1,98,0.0,3.2,227,1011.9,0,17.3,19.6,507.0,14.1,50.0,5.7
2026-02-16 00:00:00,2026,2,16,0,Huế,Phường Phú Bài,16.409296,107.6779818,57,Moderate,1,19.8,98,0.0,3.8,229,1011.7,54,17.5,19.7,502.0,14.0,46.0,5.0
2026-02-16 01:00:00,2026,2,16,1,Huế,Phường Phú Bài,16.409296,107.6779818,57,Moderate,1,19.9,100,0.0,3.3,234,1011.2,100,16.4,18.6,479.0,13.6,43.0,4.3
2026-02-16 02:00:00,2026,2,16,2,Huế,Phường Phú Bài,16.409296,107.6779818,58,Moderate,1,19.8,100,0.0,3.1,234,1011.0,100,15.9,18.4,426.0,12.7,41.0,3.7
2026-02-16 03:00:00,2026,2,16,3,Huế,Phường Phú Bài,16.409296,107.6779818,58,Moderate,1,19.5,100,0.0,2.8,252,1010.5,100,15.8,18.0,355.0,11.6,39.0,3.2
2026-02-16 04:00:00,2026,2,16,4,Huế,Phường Phú Bài,16.409296,107.6779818,58,Moderate,1,19.1,100,0.0,3.6,261,1010.8,100,17.2,18.6,309.0,10.7,39.0,2.9
2026-02-16 05:00:00,2026,2,16,5,Huế,Phường Phú Bài,16.409296,107.6779818,58,Moderate,1,19.1,100,0.0,4.5,265,1011.1,100,17.9,19.2,319.0,10.7,38.0,3.1
2026-02-16 06:00:00,2026,2,16,6,Huế,Phường Phú Bài,16.409296,107.6779818,58,Moderate,1,19.1,100,0.0,5.7,252,1012.0,100,17.6,19.0,355.0,10.9,37.0,3.5
2026-02-16 07:00:00,2026,2,16,7,Huế,Phường Phú Bài,16.409296,107.6779818,59,Moderate,1,19.9,99,0.0,6.5,247,1012.8,100,17.9,18.8,366.0,10.6,38.0,3.8
2026-02-16 08:00:00,2026,2,16,8,Huế,Phường Phú Bài,16.409296,107.6779818,58,Moderate,1,23.0,86,0.0,3.5,249,1013.6,1,16.5,18.1,322.0,8.6,58.0,4.0
2026-02-16 09:00:00,2026,2,16,9,Huế,Phường Phú Bài,16.409296,107.6779818,58,Moderate,1,25.2,73,0.0,2.7,98,1014.1,26,16.3,20.5,254.0,5.8,86.0,4.3
2026-02-16 10:00:00,2026,2,16,10,Huế,Phường Phú Bài,16.409296,107.6779818,58,Moderate,1,27.0,65,0.0,7.2,87,1013.9,66,15.8,20.7,207.0,3.6,107.0,4.3
2026-02-16 11:00:00,2026,2,16,11,Huế,Phường Phú Bài,16.409296,107.6779818,58,Moderate,1,27.5,65,0.0,8.4,67,1013.2,51,14.3,18.7,206.0,2.4,113.0,3.7
2026-02-16 12:00:00,2026,2,16,12,Huế,Phường Phú Bài,16.409296,107.6779818,58,Moderate,1,26.9,69,0.0,13.0,46,1012.3,2,12.0,15.4,227.0,1.8,112.0,2.8
2026-02-16 13:00:00,2026,2,16,13,Huế,Phường Phú Bài,16.409296,107.6779818,57,Moderate,1,27.6,67,0.0,16.6,64,1011.4,2,10.4,12.7,238.0,1.5,111.0,2.1
2026-02-16 14:00:00,2026,2,16,14,Huế,Phường Phú Bài,16.409296,107.6779818,57,Moderate,1,27.5,67,0.0,19.1,64,1010.6,1,9.6,11.4,223.0,1.2,113.0,1.9
2026-02-16 15:00:00,2026,2,16,15,Huế,Phường Phú Bài,16.409296,107.6779818,56,Moderate,1,26.6,73,0.0,18.4,61,1009.9,4,9.5,11.2,199.0,1.2,115.0,2.0
2026-02-16 16:00:00,2026,2,16,16,Huế,Phường Phú Bài,16.409296,107.6779818,56,Moderate,1,25.7,76,0.0,15.8,58,1010.2,15,10.0,12.5,184.0,2.2,111.0,2.3
2026-02-16 17:00:00,2026,2,16,17,Huế,Phường Phú Bài,16.409296,107.6779818,56,Moderate,1,24.6,83,0.0,13.9,59,1010.4,17,10.0,12.4,186.0,5.0,98.0,3.0
2026-02-16 18:00:00,2026,2,16,18,Huế,Phường Phú Bài,16.409296,107.6779818,55,Moderate,1,23.5,89,0.0,11.7,56,1010.8,14,10.7,13.0,198.0,8.8,80.0,4.0
2026-02-16 19:00:00,2026,2,16,19,Huế,Phường Phú Bài,16.409296,107.6779818,55,Moderate,1,23.7,91,0.0,10.6,55,1010.9,17,13.8,15.9,215.0,12.0,69.0,4.8
2026-02-16 20:00:00,2026,2,16,20,Huế,Phường Phú Bài,16.409296,107.6779818,55,Moderate,1,23.6,92,0.0,11.2,80,1011.5,15,15.0,17.1,240.0,12.0,62.0,4.9
2026-02-16 21:00:00,2026,2,16,21,Huế,Phường Phú Bài,16.409296,107.6779818,55,Moderate,1,23.5,93,0.0,9.7,106,1011.6,94,15.0,16.9,269.0,12.1,53.0,4.9
2026-02-16 22:00:00,2026,2,16,22,Huế,Phường Phú Bài,16.409296,107.6779818,55,Moderate,1,23.2,94,0.0,7.4,119,1012.0,98,14.0,15.9,293.0,11.9,46.0,4.8
2026-02-16 23:00:00,2026,2,16,23,Huế,Phường Phú Bài,16.409296,107.6779818,55,Moderate,1,22.9,95,0.0,7.1,97,1011.9,98,13.7,15.5,304.0,11.4,42.0,4.4
2026-02-17 00:00:00,2026,2,17,0,Huế,Phường Phú Bài,16.409296,107.6779818,55,Moderate,1,22.8,96,0.0,9.0,89,1011.9,81,12.7,14.6,309.0,10.7,40.0,3.9
2026-02-17 01:00:00,2026,2,17,1,Huế,Phường Phú Bài,16.409296,107.6779818,54,Moderate,1,23.4,98,0.0,13.9,84,1011.5,93,11.6,13.4,315.0,10.0,39.0,3.4
2026-02-17 02:00:00,2026,2,17,2,Huế,Phường Phú Bài,16.409296,107.6779818,54,Moderate,1,23.2,98,0.1,12.8,88,1011.3,96,10.9,12.7,326.0,9.3,38.0,3.1
2026-02-17 03:00:00,2026,2,17,3,Huế,Phường Phú Bài,16.409296,107.6779818,54,Moderate,1,22.8,98,0.1,11.4,85,1011.0,65,10.6,12.3,337.0,8.6,37.0,2.8
2026-02-17 04:00:00,2026,2,17,4,Huế,Phường Phú Bài,16.409296,107.6779818,53,Moderate,1,22.5,98,0.0,10.6,79,1011.2,25,9.8,11.6,348.0,8.0,38.0,2.7
2026-02-17 05:00:00,2026,2,17,5,Huế,Phường Phú Bài,16.409296,107.6779818,52,Moderate,1,22.5,98,0.0,10.8,80,1011.5,30,10.0,11.6,365.0,7.9,39.0,2.9
2026-02-17 06:00:00,2026,2,17,6,Huế,Phường Phú Bài,16.409296,107.6779818,52,Moderate,1,22.5,98,0.0,10.1,86,1012.5,56,9.8,11.5,381.0,7.9,41.0,3.2
2026-02-17 07:00:00,2026,2,17,7,Huế,Phường Phú Bài,16.409296,107.6779818,51,Moderate,1,23.1,94,0.0,11.3,82,1013.7,29,10.6,12.2,372.0,7.1,46.0,2.6
2026-02-17 08:00:00,2026,2,17,8,Huế,Phường Phú Bài,16.409296,107.6779818,50,Good,0,24.1,88,0.2,14.3,85,1014.7,30,9.8,11.5,313.0,5.8,54.0,2.5
2026-02-17 09:00:00,2026,2,17,9,Huế,Phường Phú Bài,16.409296,107.6779818,50,Good,0,25.5,80,0.0,15.3,87,1015.5,93,8.9,10.7,229.0,4.0,64.0,2.3
2026-02-17 10:00:00,2026,2,17,10,Huế,Phường Phú Bài,16.409296,107.6779818,48,Good,0,26.4,74,0.0,17.5,85,1015.6,100,8.2,10.2,167.0,2.6,73.0,2.1
2026-02-17 11:00:00,2026,2,17,11,Huế,Phường Phú Bài,16.409296,107.6779818,47,Good,0,27.0,70,0.0,18.9,81,1014.9,95,7.9,10.4,151.0,1.8,78.0,1.9
2026-02-17 12:00:00,2026,2,17,12,Huế,Phường Phú Bài,16.409296,107.6779818,46,Good,0,27.5,68,0.0,20.7,79,1014.0,91,7.8,10.4,158.0,1.4,81.0,1.8
2026-02-17 13:00:00,2026,2,17,13,Huế,Phường Phú Bài,16.409296,107.6779818,45,Good,0,27.0,70,0.0,20.6,73,1013.5,98,8.1,10.9,165.0,1.2,82.0,1.6
2026-02-17 14:00:00,2026,2,17,14,Huế,Phường Phú Bài,16.409296,107.6779818,45,Good,0,26.6,71,0.1,20.2,73,1013.0,97,8.8,11.9,166.0,1.0,81.0,1.3
2026-02-17 15:00:00,2026,2,17,15,Huế,Phường Phú Bài,16.409296,107.6779818,45,Good,0,26.1,73,0.1,20.7,75,1012.6,87,9.6,13.1,167.0,1.0,78.0,1.1
2026-02-17 16:00:00,2026,2,17,16,Huế,Phường Phú Bài,16.409296,107.6779818,45,Good,0,25.6,75,0.1,20.4,81,1012.7,100,9.6,13.2,171.0,1.7,74.0,1.1
2026-02-17 17:00:00,2026,2,17,17,Huế,Phường Phú Bài,16.409296,107.6779818,45,Good,0,24.8,79,0.0,18.3,85,1013.2,48,9.8,13.2,179.0,3.7,68.0,1.7
2026-02-17 18:00:00,2026,2,17,18,Huế,Phường Phú Bài,16.409296,107.6779818,45,Good,0,23.7,85,0.0,14.1,84,1013.6,26,10.2,13.1,190.0,6.5,61.0,2.5
2026-02-17 19:00:00,2026,2,17,19,Huế,Phường Phú Bài,16.409296,107.6779818,44,Good,0,23.4,88,0.0,13.6,85,1014.1,56,14.6,18.4,200.0,10.1,54.0,3.9
2026-02-17 20:00:00,2026,2,17,20,Huế,Phường Phú Bài,16.409296,107.6779818,45,Good,0,23.2,89,0.0,11.5,92,1014.7,20,14.5,18.4,209.0,9.6,52.0,3.9
2026-02-17 21:00:00,2026,2,17,21,Huế,Phường Phú Bài,16.409296,107.6779818,45,Good,0,22.9,89,0.0,8.8,94,1015.1,18,14.1,17.8,218.0,8.9,50.0,4.0
2026-02-17 22:00:00,2026,2,17,22,Huế,Phường Phú Bài,16.409296,107.6779818,44,Good,0,22.5,91,0.0,6.6,99,1015.3,20,14.1,17.5,223.0,8.8,47.0,4.0
2026-02-17 23:00:00,2026,2,17,23,Huế,Phường Phú Bài,16.409296,107.6779818,44,Good,0,21.9,94,0.0,4.4,111,1015.3,24,15.3,18.7,222.0,10.0,42.0,4.0
2026-02-18 00:00:00,2026,2,18,0,Huế,Phường Phú Bài,16.409296,107.6779818,45,Good,0,21.4,96,0.0,3.8,155,1015.3,9,16.0,19.4,217.0,11.7,36.0,4.0
2026-02-18 01:00:00,2026,2,18,1,Huế,Phường Phú Bài,16.409296,107.6779818,45,Good,0,21.6,98,0.0,2.7,94,1014.9,16,16.4,19.7,211.0,12.4,34.0,3.9
2026-02-18 02:00:00,2026,2,18,2,Huế,Phường Phú Bài,16.409296,107.6779818,46,Good,0,21.4,99,0.1,4.0,95,1014.7,99,15.1,18.4,201.0,10.9,39.0,3.6
2026-02-18 03:00:00,2026,2,18,3,Huế,Phường Phú Bài,16.409296,107.6779818,47,Good,0,21.9,98,0.8,9.8,72,1014.3,99,13.5,16.6,190.0,8.3,47.0,3.2
2026-02-18 04:00:00,2026,2,18,4,Huế,Phường Phú Bài,16.409296,107.6779818,47,Good,0,22.0,98,0.7,12.3,79,1014.1,97,12.0,15.3,188.0,6.4,54.0,3.0
2026-02-18 05:00:00,2026,2,18,5,Huế,Phường Phú Bài,16.409296,107.6779818,48,Good,0,22.0,96,0.9,13.2,78,1014.5,87,11.5,14.9,203.0,6.0,57.0,3.0
2026-02-18 06:00:00,2026,2,18,6,Huế,Phường Phú Bài,16.409296,107.6779818,48,Good,0,22.0,93,0.1,13.9,85,1015.4,71,11.6,15.0,226.0,6.3,60.0,3.2
2026-02-18 07:00:00,2026,2,18,7,Huế,Phường Phú Bài,16.409296,107.6779818,48,Good,0,22.3,92,0.0,12.6,76,1016.5,91,14.9,18.6,242.0,8.8,51.0,3.8
2026-02-18 08:00:00,2026,2,18,8,Huế,Phường Phú Bài,16.409296,107.6779818,49,Good,0,23.5,85,0.4,15.7,89,1016.9,94,13.6,16.8,241.0,6.9,59.0,3.1
2026-02-18 09:00:00,2026,2,18,9,Huế,Phường Phú Bài,16.409296,107.6779818,50,Good,0,24.4,77,1.0,18.4,85,1017.5,91,10.6,13.6,232.0,4.3,70.0,2.2
2026-02-18 10:00:00,2026,2,18,10,Huế,Phường Phú Bài,16.409296,107.6779818,50,Good,0,25.0,80,0.5,17.9,84,1018.0,82,8.4,11.1,227.0,2.3,79.0,1.6
2026-02-18 11:00:00,2026,2,18,11,Huế,Phường Phú Bài,16.409296,107.6779818,50,Good,0,26.2,71,0.0,23.4,83,1017.4,54,8.3,11.2,231.0,1.7,83.0,1.5
2026-02-18 12:00:00,2026,2,18,12,Huế,Phường Phú Bài,16.409296,107.6779818,50,Good,0,26.1,73,0.1,22.7,89,1016.7,91,9.9,13.3,239.0,1.8,85.0,1.6
2026-02-18 13:00:00,2026,2,18,13,Huế,Phường Phú Bài,16.409296,107.6779818,50,Good,0,26.1,70,0.0,24.5,83,1015.8,92,11.4,15.3,244.0,1.9,87.0,1.7
2026-02-18 14:00:00,2026,2,18,14,Huế,Phường Phú Bài,16.409296,107.6779818,51,Moderate,1,26.0,74,0.2,24.5,80,1015.0,45,11.1,15.2,243.0,1.8,89.0,1.5
2026-02-18 15:00:00,2026,2,18,15,Huế,Phường Phú Bài,16.409296,107.6779818,51,Moderate,1,25.1,76,0.0,25.5,81,1014.9,28,10.1,13.7,239.0,1.7,91.0,1.3
2026-02-18 16:00:00,2026,2,18,16,Huế,Phường Phú Bài,16.409296,107.6779818,51,Moderate,1,24.2,79,0.1,24.8,84,1015.0,35,11.2,15.0,239.0,1.9,92.0,1.2
2026-02-18 17:00:00,2026,2,18,17,Huế,Phường Phú Bài,16.409296,107.6779818,51,Moderate,1,23.8,79,0.0,22.6,84,1015.3,52,12.3,16.1,248.0,2.8,92.0,1.4
2026-02-18 18:00:00,2026,2,18,18,Huế,Phường Phú Bài,16.409296,107.6779818,51,Moderate,1,23.0,82,0.1,18.5,82,1015.5,83,13.6,17.5,262.0,4.1,92.0,1.8
2026-02-18 19:00:00,2026,2,18,19,Huế,Phường Phú Bài,16.409296,107.6779818,51,Moderate,1,22.9,83,0.2,18.0,88,1016.0,38,11.9,15.2,272.0,5.1,85.0,2.5
2026-02-18 20:00:00,2026,2,18,20,Huế,Phường Phú Bài,16.409296,107.6779818,51,Moderate,1,23.2,79,0.0,15.9,94,1017.0,37,12.8,16.1,275.0,4.8,86.0,2.5
2026-02-18 21:00:00,2026,2,18,21,Huế,Phường Phú Bài,16.409296,107.6779818,51,Moderate,1,23.0,80,0.0,16.5,96,1017.4,87,13.3,16.7,275.0,4.3,87.0,2.5
2026-02-18 22:00:00,2026,2,18,22,Huế,Phường Phú Bài,16.409296,107.6779818,51,Moderate,1,22.7,82,0.0,16.1,96,1017.6,59,13.5,17.1,273.0,3.9,87.0,2.4
2026-02-18 23:00:00,2026,2,18,23,Huế,Phường Phú Bài,16.409296,107.6779818,51,Moderate,1,22.5,82,0.0,14.2,99,1017.4,52,13.8,17.3,270.0,3.7,86.0,2.2
2026-02-19 00:00:00,2026,2,19,0,Huế,Phường Phú Bài,16.409296,107.6779818,51,Moderate,1,21.9,85,0.0,11.7,107,1017.2,45,13.8,17.1,265.0,3.5,84.0,1.9
2026-02-19 01:00:00,2026,2,19,1,Huế,Phường Phú Bài,16.409296,107.6779818,51,Moderate,1,21.5,88,0.0,11.4,106,1017.0,89,13.7,16.9,261.0,3.5,82.0,1.7
2026-02-19 02:00:00,2026,2,19,2,Huế,Phường Phú Bài,16.409296,107.6779818,50,Good,0,21.5,88,0.0,9.4,116,1016.6,98,13.7,16.9,257.0,3.5,79.0,1.6
2026-02-19 03:00:00,2026,2,19,3,Huế,Phường Phú Bài,16.409296,107.6779818,50,Good,0,21.4,88,0.0,7.3,118,1016.2,88,13.4,16.4,254.0,3.6,74.0,1.7
2026-02-19 04:00:00,2026,2,19,4,Huế,Phường Phú Bài,16.409296,107.6779818,50,Good,0,21.1,89,0.0,6.9,107,1015.9,37,12.7,15.5,260.0,4.2,70.0,1.9
2026-02-19 05:00:00,2026,2,19,5,Huế,Phường Phú Bài,16.409296,107.6779818,50,Good,0,21.2,89,0.0,6.1,95,1016.1,89,12.2,14.9,287.0,5.9,63.0,2.4
2026-02-19 06:00:00,2026,2,19,6,Huế,Phường Phú Bài,16.409296,107.6779818,50,Good,0,21.0,91,0.0,4.9,107,1016.7,98,12.6,15.1,322.0,8.0,56.0,3.1
2026-02-19 07:00:00,2026,2,19,7,Huế,Phường Phú Bài,16.409296,107.6779818,50,Good,0,21.6,93,0.2,12.8,91,1017.5,26,12.2,14.1,339.0,9.6,53.0,3.5
2026-02-19 08:00:00,2026,2,19,8,Huế,Phường Phú Bài,16.409296,107.6779818,50,Good,0,23.2,87,0.2,14.8,89,1018.3,20,10.4,13.2,319.0,7.4,65.0,3.2
2026-02-19 09:00:00,2026,2,19,9,Huế,Phường Phú Bài,16.409296,107.6779818,50,Good,0,24.5,74,0.2,17.9,86,1019.0,53,11.5,14.6,280.0,4.5,82.0,2.7
2026-02-19 10:00:00,2026,2,19,10,Huế,Phường Phú Bài,16.409296,107.6779818,50,Good,0,25.6,68,0.1,18.9,83,1019.1,35,11.5,14.9,252.0,2.2,94.0,2.2
2026-02-19 11:00:00,2026,2,19,11,Huế,Phường Phú Bài,16.409296,107.6779818,50,Good,0,26.1,64,0.0,19.3,78,1018.7,61,10.0,13.1,246.0,1.3,97.0,1.8
2026-02-19 12:00:00,2026,2,19,12,Huế,Phường Phú Bài,16.409296,107.6779818,50,Good,0,26.0,65,0.0,19.4,77,1018.1,69,9.6,12.4,251.0,1.2,96.0,1.4
2026-02-19 13:00:00,2026,2,19,13,Huế,Phường Phú Bài,16.409296,107.6779818,50,Good,0,25.8,68,0.0,20.9,80,1017.7,45,10.4,13.4,258.0,1.2,95.0,1.2
2026-02-19 14:00:00,2026,2,19,14,Huế,Phường Phú Bài,16.409296,107.6779818,50,Good,0,25.3,71,0.3,22.4,81,1017.0,45,10.6,13.7,265.0,1.1,95.0,1.1
2026-02-19 15:00:00,2026,2,19,15,Huế,Phường Phú Bài,16.409296,107.6779818,50,Good,0,25.0,72,0.3,22.0,80,1016.9,24,10.8,13.9,274.0,1.2,95.0,1.2
2026-02-19 16:00:00,2026,2,19,16,Huế,Phường Phú Bài,16.409296,107.6779818,50,Good,0,24.6,72,0.0,19.6,80,1016.7,28,11.5,14.7,284.0,1.9,93.0,1.5
2026-02-19 17:00:00,2026,2,19,17,Huế,Phường Phú Bài,16.409296,107.6779818,50,Good,0,23.9,74,0.0,16.6,81,1016.8,35,11.9,15.1,298.0,3.7,88.0,2.0
2026-02-19 18:00:00,2026,2,19,18,Huế,Phường Phú Bài,16.409296,107.6779818,50,Good,0,22.9,78,0.0,12.4,87,1017.0,26,12.9,15.9,313.0,6.1,82.0,2.7
2026-02-19 19:00:00,2026,2,19,19,Huế,Phường Phú Bài,16.409296,107.6779818,50,Good,0,23.1,81,0.0,12.8,91,1017.2,87,16.5,20.1,324.0,8.6,75.0,3.5
2026-02-19 20:00:00,2026,2,19,20,Huế,Phường Phú Bài,16.409296,107.6779818,51,Moderate,1,23.0,82,0.0,11.2,96,1018.0,100,18.2,21.7,329.0,9.8,70.0,4.0
2026-02-19 21:00:00,2026,2,19,21,Huế,Phường Phú Bài,16.409296,107.6779818,51,Moderate,1,22.5,84,0.0,10.0,98,1018.5,98,19.0,22.5,329.0,11.4,63.0,4.7
2026-02-19 22:00:00,2026,2,19,22,Huế,Phường Phú Bài,16.409296,107.6779818,52,Moderate,1,22.1,86,0.0,8.6,105,1018.9,98,20.4,24.0,327.0,12.4,58.0,5.1
2026-02-19 23:00:00,2026,2,19,23,Huế,Phường Phú Bài,16.409296,107.6779818,52,Moderate,1,21.7,89,0.1,7.0,119,1018.7,100,20.5,24.1,321.0,12.4,56.0,4.8
2026-02-20 00:00:00,2026,2,20,0,Huế,Phường Phú Bài,16.409296,107.6779818,53,Moderate,1,21.3,91,0.1,5.1,122,1018.7,71,19.6,23.1,311.0,11.8,56.0,4.2
2026-02-20 01:00:00,2026,2,20,1,Huế,Phường Phú Bài,16.409296,107.6779818,53,Moderate,1,21.2,93,0.1,7.4,83,1018.2,75,19.0,22.6,303.0,11.1,56.0,3.7
2026-02-20 02:00:00,2026,2,20,2,Huế,Phường Phú Bài,16.409296,107.6779818,54,Moderate,1,21.1,93,0.1,7.4,108,1018.0,80,18.7,22.3,296.0,10.2,56.0,3.3
2026-02-20 03:00:00,2026,2,20,3,Huế,Phường Phú Bài,16.409296,107.6779818,54,Moderate,1,20.9,95,0.1,7.4,104,1018.0,80,17.0,20.4,290.0,9.2,55.0,3.0
2026-02-20 04:00:00,2026,2,20,4,Huế,Phường Phú Bài,16.409296,107.6779818,55,Moderate,1,20.9,94,0.0,8.4,106,1017.4,48,15.9,19.3,292.0,8.4,57.0,2.9
2026-02-20 05:00:00,2026,2,20,5,Huế,Phường Phú Bài,16.409296,107.6779818,55,Moderate,1,20.3,95,0.0,5.5,128,1017.6,45,16.3,19.8,310.0,8.3,61.0,3.3
2026-02-20 06:00:00,2026,2,20,6,Huế,Phường Phú Bài,16.409296,107.6779818,55,Moderate,1,20.0,94,0.0,4.7,148,1018.1,86,16.1,19.6,335.0,8.4,67.0,4.0
2026-02-20 07:00:00,2026,2,20,7,Huế,Phường Phú Bài,16.409296,107.6779818,56,Moderate,1,20.9,94,0.1,9.6,94,1018.7,84,19.7,23.2,348.0,10.9,58.0,4.5
2026-02-20 08:00:00,2026,2,20,8,Huế,Phường Phú Bài,16.409296,107.6779818,56,Moderate,1,22.2,88,0.1,9.8,113,1019.1,89,14.3,17.9,335.0,8.5,71.0,4.0
2026-02-20 09:00:00,2026,2,20,9,Huế,Phường Phú Bài,16.409296,107.6779818,57,Moderate,1,23.6,79,0.4,12.6,99,1019.5,51,14.1,17.9,309.0,5.2,90.0,3.2
2026-02-20 10:00:00,2026,2,20,10,Huế,Phường Phú Bài,16.409296,107.6779818,57,Moderate,1,24.8,71,0.2,14.8,85,1019.4,33,14.3,18.3,288.0,2.6,104.0,2.6
2026-02-20 11:00:00,2026,2,20,11,Huế,Phường Phú Bài,16.409296,107.6779818,57,Moderate,1,26.0,64,0.0,15.6,83,1018.6,34,14.3,18.4,278.0,1.6,109.0,2.1
2026-02-20 12:00:00,2026,2,20,12,Huế,Phường Phú Bài,16.409296,107.6779818,57,Moderate,1,26.7,60,0.0,15.9,74,1017.5,27,14.5,18.5,272.0,1.3,109.0,1.8
2026-02-20 13:00:00,2026,2,20,13,Huế,Phường Phú Bài,16.409296,107.6779818,58,Moderate,1,26.1,60,0.0,17.5,68,1016.7,27,15.3,19.3,270.0,1.3,108.0,1.5
2026-02-20 14:00:00,2026,2,20,14,Huế,Phường Phú Bài,16.409296,107.6779818,58,Moderate,1,25.5,65,0.0,15.9,74,1015.8,38,15.5,19.5,272.0,1.1,108.0,1.3
2026-02-20 15:00:00,2026,2,20,15,Huế,Phường Phú Bài,16.409296,107.6779818,59,Moderate,1,25.1,67,0.0,16.1,77,1015.3,41,15.3,19.3,278.0,1.1,107.0,1.2
2026-02-20 16:00:00,2026,2,20,16,Huế,Phường Phú Bài,16.409296,107.6779818,59,Moderate,1,24.3,71,0.0,14.5,79,1014.8,68,15.8,19.9,285.0,1.8,104.0,1.4
2026-02-20 17:00:00,2026,2,20,17,Huế,Phường Phú Bài,16.409296,107.6779818,59,Moderate,1,23.5,73,0.0,14.4,87,1014.7,34,15.7,19.7,291.0,3.9,97.0,2.1
2026-02-20 18:00:00,2026,2,20,18,Huế,Phường Phú Bài,16.409296,107.6779818,60,Moderate,1,22.5,78,0.0,12.4,89,1014.4,15,17.4,21.3,298.0,6.8,88.0,3.0
2026-02-20 19:00:00,2026,2,20,19,Huế,Phường Phú Bài,16.409296,107.6779818,60,Moderate,1,21.9,84,0.0,12.8,88,1014.4,0,17.2,20.4,311.0,8.3,79.0,3.6
2026-02-20 20:00:00,2026,2,20,20,Huế,Phường Phú Bài,16.409296,107.6779818,60,Moderate,1,21.6,86,0.0,10.1,95,1014.7,1,18.0,21.0,337.0,9.0,75.0,4.0
2026-02-20 21:00:00,2026,2,20,21,Huế,Phường Phú Bài,16.409296,107.6779818,60,Moderate,1,21.1,89,0.0,7.9,93,1014.7,4,18.2,21.0,368.0,9.8,69.0,4.5
2026-02-20 22:00:00,2026,2,20,22,Huế,Phường Phú Bài,16.409296,107.6779818,60,Moderate,1,20.6,92,0.0,6.1,113,1014.7,3,17.8,20.4,389.0,10.4,64.0,4.8
2026-02-20 23:00:00,2026,2,20,23,Huế,Phường Phú Bài,16.409296,107.6779818,60,Moderate,1,19.7,95,0.0,4.8,138,1014.4,0,17.3,19.8,390.0,10.4,61.0,4.5
2026-02-21 00:00:00,2026,2,21,0,Huế,Phường Phú Bài,16.409296,107.6779818,60,Moderate,1,19.0,96,0.0,4.3,165,1014.1,0,16.7,18.8,381.0,10.0,59.0,3.9
2026-02-21 01:00:00,2026,2,21,1,Huế,Phường Phú Bài,16.409296,107.6779818,59,Moderate,1,19.1,95,0.0,3.4,164,1013.4,2,17.5,19.4,367.0,9.6,57.0,3.4
2026-02-21 02:00:00,2026,2,21,2,Huế,Phường Phú Bài,16.409296,107.6779818,59,Moderate,1,18.8,96,0.0,3.5,192,1012.6,1,17.5,19.3,343.0,9.1,55.0,2.9
2026-02-21 03:00:00,2026,2,21,3,Huế,Phường Phú Bài,16.409296,107.6779818,59,Moderate,1,18.2,98,0.0,3.1,225,1012.2,0,17.7,19.4,315.0,8.7,52.0,2.4
2026-02-21 04:00:00,2026,2,21,4,Huế,Phường Phú Bài,16.409296,107.6779818,59,Moderate,1,18.0,100,0.0,5.2,224,1011.7,33,19.0,20.7,311.0,8.5,50.0,2.2
2026-02-21 05:00:00,2026,2,21,5,Huế,Phường Phú Bài,16.409296,107.6779818,60,Moderate,1,17.5,100,0.0,5.0,235,1011.6,99,20.4,22.0,360.0,9.2,45.0,2.4
2026-02-21 06:00:00,2026,2,21,6,Huế,Phường Phú Bài,16.409296,107.6779818,60,Moderate,1,17.1,100,0.0,5.8,216,1011.5,99,21.8,23.3,433.0,10.3,40.0,2.8
2026-02-21 07:00:00,2026,2,21,7,Huế,Phường Phú Bài,16.409296,107.6779818,60,Moderate,1,17.9,99,0.0,6.2,213,1011.9,99,19.3,20.6,470.0,9.7,46.0,3.3
2026-02-21 08:00:00,2026,2,21,8,Huế,Phường Phú Bài,16.409296,107.6779818,60,Moderate,1,21.1,86,0.0,1.9,229,1012.4,0,18.7,20.3,435.0,7.8,65.0,3.3
2026-02-21 09:00:00,2026,2,21,9,Huế,Phường Phú Bài,16.409296,107.6779818,61,Moderate,1,23.6,75,0.0,2.8,63,1012.3,0,17.2,19.1,365.0,5.1,91.0,3.3
2026-02-21 10:00:00,2026,2,21,10,Huế,Phường Phú Bài,16.409296,107.6779818,61,Moderate,1,25.3,68,0.0,4.7,47,1012.1,2,16.5,18.5,311.0,3.0,113.0,3.3
2026-02-21 11:00:00,2026,2,21,11,Huế,Phường Phú Bài,16.409296,107.6779818,61,Moderate,1,26.5,64,0.0,5.6,45,1011.1,0,16.4,18.4,297.0,2.2,128.0,3.3
2026-02-21 12:00:00,2026,2,21,12,Huế,Phường Phú Bài,16.409296,107.6779818,61,Moderate,1,27.4,62,0.0,7.6,56,1009.6,0,16.5,18.5,300.0,1.9,140.0,3.3
2026-02-21 13:00:00,2026,2,21,13,Huế,Phường Phú Bài,16.409296,107.6779818,62,Moderate,1,27.6,61,0.0,9.6,52,1008.4,0,16.5,18.5,303.0,1.9,148.0,3.3
2026-02-21 14:00:00,2026,2,21,14,Huế,Phường Phú Bài,16.409296,107.6779818,62,Moderate,1,28.0,60,0.0,11.3,61,1007.2,0,16.1,18.0,296.0,1.6,153.0,3.1
2026-02-21 15:00:00,2026,2,21,15,Huế,Phường Phú Bài,16.409296,107.6779818,62,Moderate,1,27.6,63,0.0,12.8,64,1006.5,0,15.5,17.3,288.0,1.5,154.0,2.9
2026-02-21 16:00:00,2026,2,21,16,Huế,Phường Phú Bài,16.409296,107.6779818,78,Moderate,1,26.6,69,0.0,13.2,70,1006.1,0,14.7,16.5,291.0,2.5,148.0,3.0
2026-02-21 17:00:00,2026,2,21,17,Huế,Phường Phú Bài,16.409296,107.6779818,95,Moderate,1,25.4,75,0.0,12.1,69,1006.0,0,14.1,15.7,315.0,5.5,132.0,3.7
2026-02-21 18:00:00,2026,2,21,18,Huế,Phường Phú Bài,16.409296,107.6779818,104,Unhealthy for Sensitive Groups,2,23.5,83,0.0,9.7,68,1006.2,0,15.0,16.3,351.0,9.5,109.0,4.6
2026-02-21 19:00:00,2026,2,21,19,Huế,Phường Phú Bài,16.409296,107.6779818,103,Unhealthy for Sensitive Groups,2,22.9,86,0.0,6.2,54,1006.5,0,13.4,14.0,381.0,11.8,97.0,5.2
2026-02-21 20:00:00,2026,2,21,20,Huế,Phường Phú Bài,16.409296,107.6779818,96,Moderate,1,22.2,90,0.0,1.7,167,1007.3,0,13.8,14.4,401.0,12.0,89.0,5.4
2026-02-21 21:00:00,2026,2,21,21,Huế,Phường Phú Bài,16.409296,107.6779818,86,Moderate,1,21.6,93,0.0,2.7,200,1007.9,0,13.4,14.0,415.0,12.4,78.0,5.6
2026-02-21 22:00:00,2026,2,21,22,Huế,Phường Phú Bài,16.409296,107.6779818,71,Moderate,1,21.4,94,0.0,5.4,132,1008.2,0,13.3,13.8,422.0,12.5,68.0,5.6
2026-02-21 23:00:00,2026,2,21,23,Huế,Phường Phú Bài,16.409296,107.6779818,60,Moderate,1,21.1,93,0.0,4.9,126,1008.1,0,13.9,14.3,422.0,12.3,61.0,5.1
2026-02-22 00:00:00,2026,2,22,0,Huế,Phường Phú Bài,16.409296,107.6779818,59,Moderate,1,20.9,93,0.0,1.7,162,1007.9,0,13.5,14.0,415.0,12.0,56.0,4.3
2026-02-22 01:00:00,2026,2,22,1,Huế,Phường Phú Bài,16.409296,107.6779818,59,Moderate,1,20.2,96,0.0,2.7,212,1007.6,0,13.1,13.5,403.0,11.5,51.0,3.6
2026-02-22 02:00:00,2026,2,22,2,Huế,Phường Phú Bài,16.409296,107.6779818,59,Moderate,1,19.7,99,0.0,2.5,225,1007.0,0,12.7,13.2,376.0,10.9,46.0,3.2
2026-02-22 03:00:00,2026,2,22,3,Huế,Phường Phú Bài,16.409296,107.6779818,58,Moderate,1,19.6,99,0.0,4.6,231,1006.7,1,12.7,13.1,345.0,10.2,42.0,2.9
2026-02-22 04:00:00,2026,2,22,4,Huế,Phường Phú Bài,16.409296,107.6779818,58,Moderate,1,19.5,99,0.0,5.8,231,1006.7,12,12.6,13.0,341.0,9.7,40.0,2.8
2026-02-22 05:00:00,2026,2,22,5,Huế,Phường Phú Bài,16.409296,107.6779818,57,Moderate,1,19.2,100,0.0,5.5,212,1007.0,14,12.1,12.5,401.0,9.8,36.0,3.0
2026-02-22 06:00:00,2026,2,22,6,Huế,Phường Phú Bài,16.409296,107.6779818,57,Moderate,1,18.8,100,0.0,5.2,209,1007.5,98,11.6,11.9,489.0,10.1,34.0,3.3
2026-02-22 07:00:00,2026,2,22,7,Huế,Phường Phú Bài,16.409296,107.6779818,56,Moderate,1,19.7,95,0.0,5.6,209,1007.8,0,17.8,18.2,531.0,11.7,38.0,4.3
2026-02-22 08:00:00,2026,2,22,8,Huế,Phường Phú Bài,16.409296,107.6779818,56,Moderate,1,22.6,83,0.0,1.9,49,1008.4,0,20.1,20.5,478.0,9.4,70.0,5.0
2026-02-22 09:00:00,2026,2,22,9,Huế,Phường Phú Bài,16.409296,107.6779818,56,Moderate,1,25.4,76,0.0,3.2,38,1008.9,0,18.5,19.2,380.0,6.3,113.0,5.9
2026-02-22 10:00:00,2026,2,22,10,Huế,Phường Phú Bài,16.409296,107.6779818,56,Moderate,1,27.9,69,0.0,5.2,46,1009.3,0,17.1,18.2,308.0,3.8,147.0,6.4
2026-02-22 11:00:00,2026,2,22,11,Huế,Phường Phú Bài,16.409296,107.6779818,56,Moderate,1,29.4,63,0.0,8.7,56,1008.7,0,16.7,18.0,297.0,2.7,162.0,6.0
2026-02-22 12:00:00,2026,2,22,12,Huế,Phường Phú Bài,16.409296,107.6779818,56,Moderate,1,29.9,62,0.0,12.7,65,1007.5,0,16.4,17.9,312.0,2.3,167.0,5.2
2026-02-22 13:00:00,2026,2,22,13,Huế,Phường Phú Bài,16.409296,107.6779818,56,Moderate,1,29.7,60,0.0,15.6,69,1006.7,13,16.2,17.8,324.0,2.2,167.0,4.5
2026-02-22 14:00:00,2026,2,22,14,Huế,Phường Phú Bài,16.409296,107.6779818,58,Moderate,1,29.5,62,0.0,16.2,75,1006.0,23,15.7,17.6,318.0,2.0,163.0,3.9
2026-02-22 15:00:00,2026,2,22,15,Huế,Phường Phú Bài,16.409296,107.6779818,85,Moderate,1,28.8,66,0.0,16.3,74,1005.7,17,15.3,17.5,308.0,2.0,153.0,3.5
2026-02-22 16:00:00,2026,2,22,16,Huế,Phường Phú Bài,16.409296,107.6779818,109,Unhealthy for Sensitive Groups,2,27.9,70,0.0,15.0,72,1005.4,98,15.0,17.5,304.0,2.9,141.0,3.3
2026-02-22 17:00:00,2026,2,22,17,Huế,Phường Phú Bài,16.409296,107.6779818,125,Unhealthy for Sensitive Groups,2,26.5,75,0.0,12.8,68,1005.7,85,14.4,16.8,312.0,5.5,124.0,3.7
2026-02-22 18:00:00,2026,2,22,18,Huế,Phường Phú Bài,16.409296,107.6779818,127,Unhealthy for Sensitive Groups,2,25.1,79,0.0,10.4,64,1005.9,62,14.7,16.7,325.0,9.0,105.0,4.5
2026-02-22 19:00:00,2026,2,22,19,Huế,Phường Phú Bài,16.409296,107.6779818,118,Unhealthy for Sensitive Groups,2,24.7,82,0.0,11.8,66,1006.6,79,16.8,18.6,333.0,12.6,90.0,5.5
2026-02-22 20:00:00,2026,2,22,20,Huế,Phường Phú Bài,16.409296,107.6779818,103,Unhealthy for Sensitive Groups,2,24.2,85,0.0,6.7,63,1007.7,20,17.3,19.2,332.0,13.2,81.0,5.6
2026-02-22 21:00:00,2026,2,22,21,Huế,Phường Phú Bài,16.409296,107.6779818,84,Moderate,1,23.5,89,0.0,4.3,62,1008.7,9,17.4,19.2,327.0,13.9,70.0,5.8
2026-02-22 22:00:00,2026,2,22,22,Huế,Phường Phú Bài,16.409296,107.6779818,64,Moderate,1,23.1,90,0.0,3.4,74,1009.0,9,17.2,19.0,320.0,14.0,61.0,5.7
2026-02-22 23:00:00,2026,2,22,23,Huế,Phường Phú Bài,16.409296,107.6779818,57,Moderate,1,22.8,91,0.0,5.1,100,1008.9,2,15.9,17.8,310.0,13.1,58.0,5.1
2026-02-23 00:00:00,2026,2,23,0,Huế,Phường Phú Bài,16.409296,107.6779818,57,Moderate,1,22.4,92,0.0,5.0,90,1008.8,2,14.4,16.2,299.0,11.5,58.0,4.3
2026-02-23 01:00:00,2026,2,23,1,Huế,Phường Phú Bài,16.409296,107.6779818,57,Moderate,1,22.2,94,0.0,5.2,121,1008.4,15,13.5,15.4,297.0,10.1,59.0,3.5
2026-02-23 02:00:00,2026,2,23,2,Huế,Phường Phú Bài,16.409296,107.6779818,57,Moderate,1,22.0,96,0.0,3.6,150,1008.1,32,13.0,15.0,310.0,8.8,60.0,2.9
2026-02-23 03:00:00,2026,2,23,3,Huế,Phường Phú Bài,16.409296,107.6779818,57,Moderate,1,21.5,97,0.0,1.5,187,1007.5,36,12.7,14.2,332.0,7.6,63.0,2.5
2026-02-23 04:00:00,2026,2,23,4,Huế,Phường Phú Bài,16.409296,107.6779818,57,Moderate,1,21.0,99,0.0,3.5,159,1007.5,58,13.1,14.4,360.0,6.9,64.0,2.2
2026-02-23 05:00:00,2026,2,23,5,Huế,Phường Phú Bài,16.409296,107.6779818,58,Moderate,1,20.8,100,0.0,2.8,169,1007.7,73,13.9,15.2,407.0,7.1,62.0,2.3
2026-02-23 06:00:00,2026,2,23,6,Huế,Phường Phú Bài,16.409296,107.6779818,58,Moderate,1,20.5,100,0.0,3.8,149,1008.5,100,14.9,16.1,460.0,7.8,59.0,2.7
2026-02-23 07:00:00,2026,2,23,7,Huế,Phường Phú Bài,16.409296,107.6779818,58,Moderate,1,22.5,92,0.0,7.1,111,1009.1,13,20.4,21.9,475.0,8.4,59.0,3.0
2026-02-23 08:00:00,2026,2,23,8,Huế,Phường Phú Bài,16.409296,107.6779818,58,Moderate,1,25.0,80,0.0,5.8,94,1009.7,0,21.9,23.5,417.0,6.8,76.0,3.0
2026-02-23 09:00:00,2026,2,23,9,Huế,Phường Phú Bài,16.409296,107.6779818,58,Moderate,1,26.8,72,0.0,5.0,71,1010.2,3,22.8,24.6,321.0,4.7,100.0,2.9
2026-02-23 10:00:00,2026,2,23,10,Huế,Phường Phú Bài,16.409296,107.6779818,59,Moderate,1,28.2,67,0.0,7.4,68,1010.2,2,23.1,25.0,252.0,3.0,121.0,2.9
2026-02-23 11:00:00,2026,2,23,11,Huế,Phường Phú Bài,16.409296,107.6779818,59,Moderate,1,29.4,64,0.0,9.0,64,1009.4,14,23.4,25.3,242.0,2.3,135.0,2.8
2026-02-23 12:00:00,2026,2,23,12,Huế,Phường Phú Bài,16.409296,107.6779818,60,Moderate,1,30.0,62,0.0,13.6,60,1008.2,59,23.7,25.7,259.0,2.2,145.0,2.8
2026-02-23 13:00:00,2026,2,23,13,Huế,Phường Phú Bài,16.409296,107.6779818,61,Moderate,1,29.0,63,0.0,15.7,60,1007.4,50,23.7,25.7,273.0,2.2,152.0,2.8
2026-02-23 14:00:00,2026,2,23,14,Huế,Phường Phú Bài,16.409296,107.6779818,61,Moderate,1,29.1,64,0.0,15.0,55,1006.6,32,23.2,25.1,271.0,2.0,156.0,2.8
2026-02-23 15:00:00,2026,2,23,15,Huế,Phường Phú Bài,16.409296,107.6779818,67,Moderate,1,28.2,68,0.0,14.8,54,1006.3,36,22.0,24.0,266.0,2.0,156.0,2.9
2026-02-23 16:00:00,2026,2,23,16,Huế,Phường Phú Bài,16.409296,107.6779818,88,Moderate,1,27.2,72,0.0,13.9,60,1006.2,24,20.7,22.7,268.0,3.1,149.0,3.2
2026-02-23 17:00:00,2026,2,23,17,Huế,Phường Phú Bài,16.409296,107.6779818,103,Unhealthy for Sensitive Groups,2,25.8,78,0.0,10.9,52,1006.4,27,18.7,20.7,272.0,6.3,130.0,3.9
2026-02-23 18:00:00,2026,2,23,18,Huế,Phường Phú Bài,16.409296,107.6779818,110,Unhealthy for Sensitive Groups,2,24.4,84,0.0,9.3,50,1006.4,5,18.6,20.3,283.0,10.6,103.0,4.8
2026-02-23 19:00:00,2026,2,23,19,Huế,Phường Phú Bài,16.409296,107.6779818,106,Unhealthy for Sensitive Groups,2,24.3,83,0.0,9.5,76,1007.4,2,17.4,19.0,330.0,13.1,91.0,5.5
2026-02-23 20:00:00,2026,2,23,20,Huế,Phường Phú Bài,16.409296,107.6779818,97,Moderate,1,23.8,87,0.0,2.9,112,1008.4,1,16.9,18.7,461.0,13.4,82.0,5.5
2026-02-23 21:00:00,2026,2,23,21,Huế,Phường Phú Bài,16.409296,107.6779818,83,Moderate,1,23.1,90,0.0,1.5,97,1009.0,1,16.7,18.7,629.0,13.7,70.0,5.5
2026-02-23 22:00:00,2026,2,23,22,Huế,Phường Phú Bài,16.409296,107.6779818,66,Moderate,1,22.8,91,0.0,2.2,132,1009.1,1,17.8,19.8,719.0,13.6,61.0,5.2
2026-02-23 23:00:00,2026,2,23,23,Huế,Phường Phú Bài,16.409296,107.6779818,64,Moderate,1,22.4,91,0.0,2.5,94,1009.0,2,17.9,19.8,656.0,12.7,57.0,4.6
2026-02-24 00:00:00,2026,2,24,0,Huế,Phường Phú Bài,16.409296,107.6779818,64,Moderate,1,21.9,93,0.0,4.6,103,1008.9,1,16.7,18.7,515.0,11.3,57.0,3.8
2026-02-24 01:00:00,2026,2,24,1,Huế,Phường Phú Bài,16.409296,107.6779818,64,Moderate,1,22.0,94,0.0,6.8,102,1008.3,3,16.2,18.1,411.0,10.0,57.0,3.0
2026-02-24 02:00:00,2026,2,24,2,Huế,Phường Phú Bài,16.409296,107.6779818,64,Moderate,1,21.9,94,0.0,4.2,102,1008.0,3,16.2,17.8,389.0,8.7,58.0,2.3
2026-02-24 03:00:00,2026,2,24,3,Huế,Phường Phú Bài,16.409296,107.6779818,65,Moderate,1,21.4,95,0.0,4.3,92,1007.9,73,17.1,18.6,404.0,7.5,60.0,1.8
2026-02-24 04:00:00,2026,2,24,4,Huế,Phường Phú Bài,16.409296,107.6779818,65,Moderate,1,21.2,95,0.0,3.1,118,1008.1,34,17.8,19.4,432.0,6.7,61.0,1.5
2026-02-24 05:00:00,2026,2,24,5,Huế,Phường Phú Bài,16.409296,107.6779818,65,Moderate,1,20.9,97,0.0,3.6,153,1008.6,17,18.0,19.7,487.0,6.8,59.0,1.7
2026-02-24 06:00:00,2026,2,24,6,Huế,Phường Phú Bài,16.409296,107.6779818,66,Moderate,1,20.8,97,0.0,3.4,183,1009.7,14,17.7,19.2,554.0,7.4,57.0,2.2
2026-02-24 07:00:00,2026,2,24,7,Huế,Phường Phú Bài,16.409296,107.6779818,66,Moderate,1,22.3,94,0.0,2.7,203,1010.0,81,18.6,19.8,572.0,9.5,50.0,3.0
2026-02-24 08:00:00,2026,2,24,8,Huế,Phường Phú Bài,16.409296,107.6779818,66,Moderate,1,24.4,82,0.0,1.9,124,1010.8,2,19.3,20.6,490.0,7.8,69.0,3.2
2026-02-24 09:00:00,2026,2,24,9,Huế,Phường Phú Bài,16.409296,107.6779818,66,Moderate,1,26.5,72,0.0,2.0,100,1011.2,48,18.2,19.9,358.0,5.5,96.0,3.5
2026-02-24 10:00:00,2026,2,24,10,Huế,Phường Phú Bài,16.409296,107.6779818,65,Moderate,1,28.1,68,0.0,4.6,36,1011.4,100,17.5,19.3,261.0,3.6,119.0,3.6
2026-02-24 11:00:00,2026,2,24,11,Huế,Phường Phú Bài,16.409296,107.6779818,65,Moderate,1,27.9,70,0.0,8.5,36,1010.9,97,17.2,19.2,242.0,2.7,133.0,3.4
2026-02-24 12:00:00,2026,2,24,12,Huế,Phường Phú Bài,16.409296,107.6779818,64,Moderate,1,28.6,67,0.0,9.9,44,1009.9,85,17.0,18.9,258.0,2.2,142.0,3.2
2026-02-24 13:00:00,2026,2,24,13,Huế,Phường Phú Bài,16.409296,107.6779818,64,Moderate,1,28.5,66,0.0,12.4,47,1009.2,19,16.9,18.7,268.0,2.0,148.0,2.9
2026-02-24 14:00:00,2026,2,24,14,Huế,Phường Phú Bài,16.409296,107.6779818,63,Moderate,1,28.4,65,0.0,11.7,56,1008.4,23,16.8,18.7,251.0,1.7,150.0,2.6
2026-02-24 15:00:00,2026,2,24,15,Huế,Phường Phú Bài,16.409296,107.6779818,62,Moderate,1,27.9,68,0.0,12.1,65,1008.1,20,16.6,18.6,228.0,1.6,149.0,2.4
2026-02-24 16:00:00,2026,2,24,16,Huế,Phường Phú Bài,16.409296,107.6779818,81,Moderate,1,27.0,71,0.0,12.2,59,1008.0,34,15.7,17.8,217.0,2.7,141.0,2.6
2026-02-24 17:00:00,2026,2,24,17,Huế,Phường Phú Bài,16.409296,107.6779818,96,Moderate,1,25.5,75,0.0,12.2,54,1008.4,18,14.8,16.9,217.0,6.0,124.0,3.4
2026-02-24 18:00:00,2026,2,24,18,Huế,Phường Phú Bài,16.409296,107.6779818,102,Unhealthy for Sensitive Groups,2,24.0,82,0.0,9.9,46,1009.0,0,15.7,17.9,229.0,10.6,101.0,4.7
2026-02-24 19:00:00,2026,2,24,19,Huế,Phường Phú Bài,16.409296,107.6779818,98,Moderate,1,24.0,84,0.0,7.6,38,1009.2,32,16.0,17.8,278.0,13.3,81.0,5.2
2026-02-24 20:00:00,2026,2,24,20,Huế,Phường Phú Bài,16.409296,107.6779818,87,Moderate,1,23.8,86,0.0,5.0,41,1010.3,7,18.6,20.5,395.0,15.1,74.0,6.3
2026-02-24 21:00:00,2026,2,24,21,Huế,Phường Phú Bài,16.409296,107.6779818,72,Moderate,1,23.3,90,0.0,1.5,14,1011.3,1,20.9,23.2,549.0,17.6,63.0,7.7
2026-02-24 22:00:00,2026,2,24,22,Huế,Phường Phú Bài,16.409296,107.6779818,61,Moderate,1,22.8,93,0.0,1.0,31,1011.4,2,23.3,25.8,668.0,19.2,55.0,8.4
2026-02-24 23:00:00,2026,2,24,23,Huế,Phường Phú Bài,16.409296,107.6779818,62,Moderate,1,22.2,95,0.0,0.4,243,1011.6,63,26.8,29.0,734.0,19.1,50.0,7.6
2026-02-25 00:00:00,2026,2,25,0,Huế,Phường Phú Bài,16.409296,107.6779818,63,Moderate,1,21.6,98,0.0,3.4,212,1010.9,95,26.6,28.6,766.0,18.1,46.0,5.9
2026-02-25 01:00:00,2026,2,25,1,Huế,Phường Phú Bài,16.409296,107.6779818,63,Moderate,1,21.9,100,0.0,1.2,243,1010.2,100,25.2,27.1,750.0,16.6,45.0,4.5
2026-02-25 02:00:00,2026,2,25,2,Huế,Phường Phú Bài,16.409296,107.6779818,64,Moderate,1,22.4,99,0.0,5.4,240,1010.1,100,24.0,25.9,653.0,14.5,46.0,3.5
2026-02-25 03:00:00,2026,2,25,3,Huế,Phường Phú Bài,16.409296,107.6779818,65,Moderate,1,22.2,100,0.0,6.1,246,1009.8,100,22.8,24.6,508.0,12.0,49.0,2.7
2026-02-25 04:00:00,2026,2,25,4,Huế,Phường Phú Bài,16.409296,107.6779818,65,Moderate,1,22.2,99,0.0,4.0,273,1010.1,100,22.6,24.4,396.0,10.2,52.0,2.2
2026-02-25 05:00:00,2026,2,25,5,Huế,Phường Phú Bài,16.409296,107.6779818,66,Moderate,1,22.5,98,0.0,2.2,318,1010.6,100,22.8,24.6,354.0,10.0,51.0,2.2
2026-02-25 06:00:00,2026,2,25,6,Huế,Phường Phú Bài,16.409296,107.6779818,66,Moderate,1,22.6,97,0.0,2.1,75,1011.1,100,23.2,25.0,345.0,10.6,49.0,2.5
2026-02-25 07:00:00,2026,2,25,7,Huế,Phường Phú Bài,16.409296,107.6779818,67,Moderate,1,22.8,94,0.0,2.1,340,1011.9,100,24.6,25.8,335.0,9.6,55.0,1.9
2026-02-25 08:00:00,2026,2,25,8,Huế,Phường Phú Bài,16.409296,107.6779818,67,Moderate,1,23.9,85,0.0,0.6,146,1012.4,100,23.5,24.7,312.0,7.8,75.0,2.2
2026-02-25 09:00:00,2026,2,25,9,Huế,Phường Phú Bài,16.409296,107.6779818,68,Moderate,1,25.4,77,0.0,1.3,135,1012.6,99,21.4,22.6,288.0,5.3,102.0,2.7
2026-02-25 10:00:00,2026,2,25,10,Huế,Phường Phú Bài,16.409296,107.6779818,68,Moderate,1,27.4,66,0.0,3.7,43,1012.5,60,20.2,21.6,266.0,3.3,124.0,3.0
2026-02-25 11:00:00,2026,2,25,11,Huế,Phường Phú Bài,16.409296,107.6779818,68,Moderate,1,28.2,62,0.0,9.3,46,1011.8,84,19.4,21.2,247.0,2.4,136.0,2.9
2026-02-25 12:00:00,2026,2,25,12,Huế,Phường Phú Bài,16.409296,107.6779818,68,Moderate,1,27.9,64,0.0,13.4,62,1010.9,22,18.8,20.5,230.0,2.0,144.0,2.7
2026-02-25 13:00:00,2026,2,25,13,Huế,Phường Phú Bài,16.409296,107.6779818,69,Moderate,1,27.1,64,0.0,13.9,66,1010.5,16,18.4,20.2,215.0,1.8,147.0,2.5
2026-02-25 14:00:00,2026,2,25,14,Huế,Phường Phú Bài,16.409296,107.6779818,69,Moderate,1,26.9,65,0.0,14.7,70,1009.5,2,17.6,19.4,200.0,1.5,146.0,2.3
2026-02-25 15:00:00,2026,2,25,15,Huế,Phường Phú Bài,16.409296,107.6779818,69,Moderate,1,26.5,69,0.0,15.1,65,1009.0,2,16.4,18.3,187.0,1.5,141.0,2.1
2026-02-25 16:00:00,2026,2,25,16,Huế,Phường Phú Bài,16.409296,107.6779818,82,Moderate,1,25.5,73,0.0,14.3,57,1009.2,59,15.0,17.1,181.0,2.1,132.0,2.2
2026-02-25 17:00:00,2026,2,25,17,Huế,Phường Phú Bài,16.409296,107.6779818,95,Moderate,1,24.7,75,0.0,12.4,69,1009.4,81,14.0,16.1,177.0,3.9,119.0,2.7
2026-02-25 18:00:00,2026,2,25,18,Huế,Phường Phú Bài,16.409296,107.6779818,98,Moderate,1,23.5,80,0.0,9.0,61,1009.8,84,13.7,15.7,179.0,6.4,102.0,3.4
2026-02-25 19:00:00,2026,2,25,19,Huế,Phường Phú Bài,16.409296,107.6779818,93,Moderate,1,23.5,85,0.0,8.9,71,1010.3,77,16.8,18.7,208.0,13.8,76.0,5.3
2026-02-25 20:00:00,2026,2,25,20,Huế,Phường Phú Bài,16.409296,107.6779818,81,Moderate,1,23.5,86,0.0,8.9,72,1011.1,100,20.6,22.7,289.0,15.3,70.0,6.2
2026-02-25 21:00:00,2026,2,25,21,Huế,Phường Phú Bài,16.409296,107.6779818,69,Moderate,1,23.7,84,0.0,8.7,77,1011.4,100,22.6,25.2,397.0,17.3,62.0,7.5
2026-02-25 22:00:00,2026,2,25,22,Huế,Phường Phú Bài,16.409296,107.6779818,69,Moderate,1,23.6,84,0.0,9.2,86,1011.4,100,25.2,28.2,471.0,18.4,55.0,8.1
2026-02-25 23:00:00,2026,2,25,23,Huế,Phường Phú Bài,16.409296,107.6779818,69,Moderate,1,23.5,85,0.0,8.3,92,1011.1,100,26.8,29.8,484.0,18.1,51.0,7.6
2026-02-26 00:00:00,2026,2,26,0,Huế,Phường Phú Bài,16.409296,107.6779818,69,Moderate,1,23.2,86,0.0,7.3,99,1010.6,100,25.6,28.5,464.0,17.0,48.0,6.4
2026-02-26 01:00:00,2026,2,26,1,Huế,Phường Phú Bài,16.409296,107.6779818,69,Moderate,1,22.7,91,0.0,8.9,97,1009.6,100,23.1,25.8,429.0,15.4,47.0,5.2
2026-02-26 02:00:00,2026,2,26,2,Huế,Phường Phú Bài,16.409296,107.6779818,69,Moderate,1,22.6,91,0.0,7.2,115,1009.3,88,20.5,22.5,369.0,13.2,49.0,4.1
2026-02-26 03:00:00,2026,2,26,3,Huế,Phường Phú Bài,16.409296,107.6779818,68,Moderate,1,22.2,93,0.0,5.3,123,1009.2,61,18.5,20.2,295.0,10.5,52.0,3.0
2026-02-26 04:00:00,2026,2,26,4,Huế,Phường Phú Bài,16.409296,107.6779818,68,Moderate,1,21.7,96,0.0,4.1,131,1009.1,75,17.6,19.2,257.0,8.7,54.0,2.3
2026-02-26 05:00:00,2026,2,26,5,Huế,Phường Phú Bài,16.409296,107.6779818,68,Moderate,1,21.5,97,0.0,2.6,74,1009.4,98,17.5,19.0,297.0,8.8,49.0,2.2
2026-02-26 06:00:00,2026,2,26,6,Huế,Phường Phú Bài,16.409296,107.6779818,67,Moderate,1,21.4,96,0.0,3.1,50,1009.6,98,18.8,20.1,374.0,9.7,43.0,2.4
2026-02-26 07:00:00,2026,2,26,7,Huế,Phường Phú Bài,16.409296,107.6779818,67,Moderate,1,22.0,94,0.0,2.7,42,1010.5,100,22.8,24.1,412.0,10.5,39.0,2.7
2026-02-26 08:00:00,2026,2,26,8,Huế,Phường Phú Bài,16.409296,107.6779818,67,Moderate,1,23.1,89,0.0,3.2,124,1010.8,100,23.3,24.9,366.0,8.4,61.0,2.8
2026-02-26 09:00:00,2026,2,26,9,Huế,Phường Phú Bài,16.409296,107.6779818,67,Moderate,1,24.3,82,0.0,4.0,144,1010.9,100,21.8,23.8,281.0,5.5,91.0,3.0
2026-02-26 10:00:00,2026,2,26,10,Huế,Phường Phú Bài,16.409296,107.6779818,67,Moderate,1,26.1,73,0.0,6.3,167,1010.8,51,21.8,23.6,219.0,3.2,116.0,3.1
2026-02-26 11:00:00,2026,2,26,11,Huế,Phường Phú Bài,16.409296,107.6779818,67,Moderate,1,29.4,60,0.0,5.6,138,1009.6,64,22.5,24.2,212.0,2.3,130.0,3.0
2026-02-26 12:00:00,2026,2,26,12,Huế,Phường Phú Bài,16.409296,107.6779818,67,Moderate,1,29.0,63,0.0,8.6,70,1008.6,65,22.9,24.5,228.0,2.0,138.0,2.9
2026-02-26 13:00:00,2026,2,26,13,Huế,Phường Phú Bài,16.409296,107.6779818,67,Moderate,1,27.0,71,0.0,13.1,53,1007.9,100,22.0,23.9,236.0,2.0,141.0,2.8
2026-02-26 14:00:00,2026,2,26,14,Huế,Phường Phú Bài,16.409296,107.6779818,68,Moderate,1,27.9,67,0.0,10.9,59,1006.4,53,20.5,22.3,218.0,1.9,139.0,2.7
2026-02-26 15:00:00,2026,2,26,15,Huế,Phường Phú Bài,16.409296,107.6779818,68,Moderate,1,28.0,69,0.1,11.6,58,1005.8,71,19.8,21.7,192.0,2.1,132.0,2.6
2026-02-26 16:00:00,2026,2,26,16,Huế,Phường Phú Bài,16.409296,107.6779818,68,Moderate,1,26.8,75,0.1,12.3,58,1005.3,50,17.5,19.3,185.0,3.4,121.0,2.8
2026-02-26 17:00:00,2026,2,26,17,Huế,Phường Phú Bài,16.409296,107.6779818,81,Moderate,1,26.0,81,0.0,9.5,54,1005.5,31,16.5,18.3,200.0,6.9,103.0,3.6
2026-02-26 18:00:00,2026,2,26,18,Huế,Phường Phú Bài,16.409296,107.6779818,84,Moderate,1,24.8,87,0.0,6.9,25,1006.0,42,18.0,19.4,234.0,11.5,82.0,4.8
2026-02-26 19:00:00,2026,2,26,19,Huế,Phường Phú Bài,16.409296,107.6779818,76,Moderate,1,24.1,92,0.0,6.9,33,1006.6,43,20.8,21.9,306.0,14.4,74.0,5.7
2026-02-26 20:00:00,2026,2,26,20,Huế,Phường Phú Bài,16.409296,107.6779818,69,Moderate,1,23.8,95,0.0,0.2,270,1007.5,48,21.3,22.3,446.0,13.9,68.0,5.7
2026-02-26 21:00:00,2026,2,26,21,Huế,Phường Phú Bài,16.409296,107.6779818,69,Moderate,1,23.4,97,0.0,3.9,248,1007.6,60,20.3,21.2,624.0,13.2,60.0,5.6
2026-02-26 22:00:00,2026,2,26,22,Huế,Phường Phú Bài,16.409296,107.6779818,69,Moderate,1,23.2,98,0.0,4.3,268,1007.8,100,19.3,20.1,766.0,12.7,53.0,5.4
2026-02-26 23:00:00,2026,2,26,23,Huế,Phường Phú Bài,16.409296,107.6779818,69,Moderate,1,23.2,97,0.0,4.0,321,1007.6,100,18.9,19.7,844.0,12.7,47.0,5.0
2026-02-27 00:00:00,2026,2,27,0,Huế,Phường Phú Bài,16.409296,107.6779818,68,Moderate,1,23.3,97,0.0,2.9,83,1007.3,100,18.1,18.9,887.0,12.8,42.0,4.5
2026-02-27 01:00:00,2026,2,27,1,Huế,Phường Phú Bài,16.409296,107.6779818,67,Moderate,1,23.2,98,0.0,0.6,304,1006.8,100,17.2,17.9,907.0,12.9,37.0,4.0
2026-02-27 02:00:00,2026,2,27,2,Huế,Phường Phú Bài,16.409296,107.6779818,67,Moderate,1,23.5,96,0.0,0.5,270,1006.2,100,16.8,17.5,902.0,12.7,32.0,3.6
2026-02-27 03:00:00,2026,2,27,3,Huế,Phường Phú Bài,16.409296,107.6779818,67,Moderate,1,23.5,98,0.2,1.3,270,1006.0,100,16.9,17.5,874.0,12.4,28.0,3.4
2026-02-27 04:00:00,2026,2,27,4,Huế,Phường Phú Bài,16.409296,107.6779818,66,Moderate,1,23.2,99,0.1,0.9,101,1005.9,100,17.5,18.1,841.0,12.4,25.0,3.3
2026-02-27 05:00:00,2026,2,27,5,Huế,Phường Phú Bài,16.409296,107.6779818,66,Moderate,1,23.1,99,0.0,1.8,180,1006.0,83,18.3,19.0,816.0,13.3,23.0,3.6
2026-02-27 06:00:00,2026,2,27,6,Huế,Phường Phú Bài,16.409296,107.6779818,66,Moderate,1,23.0,99,0.0,0.4,270,1006.6,100,19.0,19.6,786.0,14.5,23.0,4.1
2026-02-27 07:00:00,2026,2,27,7,Huế,Phường Phú Bài,16.409296,107.6779818,66,Moderate,1,23.2,98,0.0,5.3,278,1007.2,100,20.9,21.2,726.0,13.9,31.0,4.2
2026-02-27 08:00:00,2026,2,27,8,Huế,Phường Phú Bài,16.409296,107.6779818,66,Moderate,1,24.0,93,0.0,5.5,259,1007.9,100,24.2,24.6,605.0,11.5,53.0,4.6
2026-02-27 09:00:00,2026,2,27,9,Huế,Phường Phú Bài,16.409296,107.6779818,66,Moderate,1,25.0,89,0.1,3.6,143,1008.3,95,22.4,22.8,453.0,8.3,83.0,5.0
2026-02-27 10:00:00,2026,2,27,10,Huế,Phường Phú Bài,16.409296,107.6779818,66,Moderate,1,26.8,80,0.0,1.9,151,1008.7,100,20.4,20.8,338.0,5.8,106.0,5.3
2026-02-27 11:00:00,2026,2,27,11,Huế,Phường Phú Bài,16.409296,107.6779818,66,Moderate,1,28.0,74,0.0,0.6,236,1008.2,100,20.4,20.7,290.0,4.7,113.0,5.2
2026-02-27 12:00:00,2026,2,27,12,Huế,Phường Phú Bài,16.409296,107.6779818,66,Moderate,1,27.6,75,0.0,2.4,343,1007.4,100,21.7,22.0,278.0,4.4,112.0,4.8
2026-02-27 13:00:00,2026,2,27,13,Huế,Phường Phú Bài,16.409296,107.6779818,66,Moderate,1,28.0,70,0.0,6.0,335,1007.0,100,22.2,22.6,277.0,4.5,110.0,4.6
2026-02-27 14:00:00,2026,2,27,14,Huế,Phường Phú Bài,16.409296,107.6779818,66,Moderate,1,28.2,70,0.1,4.6,351,1005.9,100,22.9,23.4,265.0,4.6,112.0,4.6
2026-02-27 15:00:00,2026,2,27,15,Huế,Phường Phú Bài,16.409296,107.6779818,66,Moderate,1,26.9,78,0.1,6.2,33,1005.0,100,26.1,27.0,264.0,5.2,114.0,4.6
2026-02-27 16:00:00,2026,2,27,16,Huế,Phường Phú Bài,16.409296,107.6779818,67,Moderate,1,26.5,80,0.0,8.7,68,1004.7,100,24.6,25.4,311.0,7.1,110.0,5.0
2026-02-27 17:00:00,2026,2,27,17,Huế,Phường Phú Bài,16.409296,107.6779818,67,Moderate,1,25.6,82,0.1,7.0,72,1005.0,100,25.3,26.0,464.0,11.9,94.0,5.9
2026-02-27 18:00:00,2026,2,27,18,Huế,Phường Phú Bài,16.409296,107.6779818,68,Moderate,1,24.5,88,0.2,6.1,90,1005.5,100,29.7,30.3,664.0,18.0,71.0,7.1
2026-02-27 19:00:00,2026,2,27,19,Huế,Phường Phú Bài,16.409296,107.6779818,69,Moderate,1,25.2,90,0.1,1.3,106,1005.3,98,32.4,32.6,780.0,18.8,70.0,8.1
2026-02-27 20:00:00,2026,2,27,20,Huế,Phường Phú Bài,16.409296,107.6779818,70,Moderate,1,24.6,91,0.0,4.8,160,1006.0,77,33.3,33.9,704.0,19.3,60.0,8.0
2026-02-27 21:00:00,2026,2,27,21,Huế,Phường Phú Bài,16.409296,107.6779818,71,Moderate,1,24.5,86,0.0,6.6,154,1006.4,91,32.4,32.8,543.0,19.9,46.0,7.7
2026-02-27 22:00:00,2026,2,27,22,Huế,Phường Phú Bài,16.409296,107.6779818,72,Moderate,1,23.2,90,0.0,4.7,164,1006.4,99,31.1,31.5,482.0,20.2,34.0,7.3
2026-02-27 23:00:00,2026,2,27,23,Huế,Phường Phú Bài,16.409296,107.6779818,73,Moderate,1,22.4,93,0.0,3.8,185,1006.0,1,30.2,30.5,669.0,19.9,27.0,6.5
2026-02-28 00:00:00,2026,2,28,0,Huế,Phường Phú Bài,16.409296,107.6779818,74,Moderate,1,21.6,95,0.0,3.9,214,1005.6,0,28.3,28.6,956.0,19.4,22.0,5.5
2026-02-28 01:00:00,2026,2,28,1,Huế,Phường Phú Bài,16.409296,107.6779818,75,Moderate,1,21.6,96,0.0,4.0,243,1005.1,0,26.5,26.9,1087.0,18.6,18.0,4.6
2026-02-28 02:00:00,2026,2,28,2,Huế,Phường Phú Bài,16.409296,107.6779818,76,Moderate,1,21.1,98,0.0,5.7,257,1004.6,7,25.1,25.5,893.0,17.6,15.0,4.0
2026-02-28 03:00:00,2026,2,28,3,Huế,Phường Phú Bài,16.409296,107.6779818,77,Moderate,1,20.9,99,0.0,6.4,252,1004.2,1,23.7,24.2,543.0,16.5,13.0,3.5
2026-02-28 04:00:00,2026,2,28,4,Huế,Phường Phú Bài,16.409296,107.6779818,78,Moderate,1,20.9,98,0.0,4.6,231,1004.4,2,22.5,22.9,289.0,15.5,14.0,3.3
2026-02-28 05:00:00,2026,2,28,5,Huế,Phường Phú Bài,16.409296,107.6779818,78,Moderate,1,20.8,98,0.0,4.4,215,1005.0,1,20.5,20.9,251.0,15.0,16.0,3.3
2026-02-28 06:00:00,2026,2,28,6,Huế,Phường Phú Bài,16.409296,107.6779818,78,Moderate,1,20.9,96,0.0,4.7,212,1005.9,11,19.2,19.6,309.0,14.5,21.0,3.6
2026-02-28 07:00:00,2026,2,28,7,Huế,Phường Phú Bài,16.409296,107.6779818,78,Moderate,1,21.5,89,0.0,5.2,202,1006.7,0,19.8,20.2,350.0,13.5,35.0,4.3
2026-02-28 08:00:00,2026,2,28,8,Huế,Phường Phú Bài,16.409296,107.6779818,78,Moderate,1,24.8,75,0.0,2.2,180,1007.5,3,24.9,25.4,329.0,10.5,66.0,5.2
2026-02-28 09:00:00,2026,2,28,9,Huế,Phường Phú Bài,16.409296,107.6779818,78,Moderate,1,27.5,63,0.0,1.3,135,1008.0,5,19.4,19.7,291.0,6.4,108.0,6.4
2026-02-28 10:00:00,2026,2,28,10,Huế,Phường Phú Bài,16.409296,107.6779818,78,Moderate,1,29.7,57,0.0,2.2,66,1008.3,0,18.4,18.5,265.0,3.3,142.0,7.1
2026-02-28 11:00:00,2026,2,28,11,Huế,Phường Phú Bài,16.409296,107.6779818,78,Moderate,1,31.0,55,0.0,5.8,54,1007.3,1,16.9,17.2,261.0,2.2,158.0,6.6
2026-02-28 12:00:00,2026,2,28,12,Huế,Phường Phú Bài,16.409296,107.6779818,77,Moderate,1,31.6,55,0.0,8.5,52,1006.1,5,17.3,17.6,268.0,2.3,164.0,5.5
2026-02-28 13:00:00,2026,2,28,13,Huế,Phường Phú Bài,16.409296,107.6779818,77,Moderate,1,31.5,52,0.0,9.9,52,1005.7,12,19.8,20.3,278.0,2.6,169.0,4.7
2026-02-28 14:00:00,2026,2,28,14,Huế,Phường Phú Bài,16.409296,107.6779818,77,Moderate,1,31.2,52,0.0,11.5,60,1004.7,11,22.2,22.8,287.0,2.8,176.0,4.6
2026-02-28 15:00:00,2026,2,28,15,Huế,Phường Phú Bài,16.409296,107.6779818,83,Moderate,1,30.5,56,0.0,12.7,67,1003.9,32,28.3,29.0,299.0,3.4,181.0,4.8
2026-02-28 16:00:00,2026,2,28,16,Huế,Phường Phú Bài,16.409296,107.6779818,114,Unhealthy for Sensitive Groups,2,29.1,65,0.0,13.2,76,1003.8,8,26.8,27.6,316.0,5.0,176.0,5.3
2026-02-28 17:00:00,2026,2,28,17,Huế,Phường Phú Bài,16.409296,107.6779818,138,Unhealthy for Sensitive Groups,2,27.8,74,0.0,12.0,74,1004.1,10,26.3,27.1,310.0,8.4,155.0,6.2
2026-02-28 18:00:00,2026,2,28,18,Huế,Phường Phú Bài,16.409296,107.6779818,147,Unhealthy for Sensitive Groups,2,26.2,84,0.0,8.9,77,1004.4,5,28.2,28.8,310.0,12.8,125.0,7.3
2026-02-28 19:00:00,2026,2,28,19,Huế,Phường Phú Bài,16.409296,107.6779818,144,Unhealthy for Sensitive Groups,2,25.9,88,0.0,4.1,41,1005.0,6,21.4,21.7,404.0,13.3,99.0,7.0
2026-02-28 20:00:00,2026,2,28,20,Huế,Phường Phú Bài,16.409296,107.6779818,131,Unhealthy for Sensitive Groups,2,25.5,90,0.0,0.5,225,1005.6,2,21.5,21.7,719.0,13.9,85.0,7.0
2026-02-28 21:00:00,2026,2,28,21,Huế,Phường Phú Bài,16.409296,107.6779818,115,Unhealthy for Sensitive Groups,2,24.8,93,0.0,2.7,250,1006.0,0,21.5,21.7,1129.0,14.8,66.0,7.0
2026-02-28 22:00:00,2026,2,28,22,Huế,Phường Phú Bài,16.409296,107.6779818,93,Moderate,1,24.5,93,0.0,0.2,270,1005.9,0,21.4,21.8,1345.0,15.4,49.0,6.7
2026-02-28 23:00:00,2026,2,28,23,Huế,Phường Phú Bài,16.409296,107.6779818,73,Moderate,1,24.0,94,0.0,1.5,194,1005.8,0,21.1,21.4,1185.0,15.5,39.0,5.9
2026-03-01 00:00:00,2026,3,1,0,Huế,Phường Phú Bài,16.409296,107.6779818,72,Moderate,1,23.5,96,0.0,4.1,221,1005.3,0,20.1,20.5,833.0,15.3,31.0,4.8
2026-03-01 01:00:00,2026,3,1,1,Huế,Phường Phú Bài,16.409296,107.6779818,72,Moderate,1,23.1,97,0.0,4.8,205,1004.9,0,19.0,19.3,547.0,14.8,25.0,3.9
2026-03-01 02:00:00,2026,3,1,2,Huế,Phường Phú Bài,16.409296,107.6779818,71,Moderate,1,22.8,98,0.0,6.0,224,1004.6,0,17.9,18.3,426.0,13.9,19.0,3.2
2026-03-01 03:00:00,2026,3,1,3,Huế,Phường Phú Bài,16.409296,107.6779818,70,Moderate,1,22.6,97,0.0,5.9,211,1004.2,0,17.1,17.4,372.0,12.8,15.0,2.7
2026-03-01 04:00:00,2026,3,1,4,Huế,Phường Phú Bài,16.409296,107.6779818,70,Moderate,1,22.4,96,0.0,7.2,193,1004.4,0,16.3,16.6,353.0,11.9,14.0,2.4
2026-03-01 05:00:00,2026,3,1,5,Huế,Phường Phú Bài,16.409296,107.6779818,69,Moderate,1,22.1,96,0.0,5.7,215,1004.8,1,15.8,16.1,377.0,11.5,15.0,2.5
2026-03-01 06:00:00,2026,3,1,6,Huế,Phường Phú Bài,16.409296,107.6779818,69,Moderate,1,21.9,95,0.0,4.8,211,1005.4,0,15.7,16.0,437.0,11.3,19.0,3.0
2026-03-01 07:00:00,2026,3,1,7,Huế,Phường Phú Bài,16.409296,107.6779818,69,Moderate,1,22.7,88,0.0,7.7,204,1006.1,0,15.0,15.3,478.0,10.3,34.0,3.5
2026-03-01 08:00:00,2026,3,1,8,Huế,Phường Phú Bài,16.409296,107.6779818,68,Moderate,1,26.6,75,0.0,3.4,180,1007.2,0,18.9,19.4,474.0,8.3,66.0,4.5
2026-03-01 09:00:00,2026,3,1,9,Huế,Phường Phú Bài,16.409296,107.6779818,68,Moderate,1,29.7,65,0.0,2.6,102,1007.7,0,18.2,18.9,451.0,5.6,111.0,5.8
2026-03-01 10:00:00,2026,3,1,10,Huế,Phường Phú Bài,16.409296,107.6779818,67,Moderate,1,31.5,62,0.0,4.6,59,1007.6,0,17.3,18.2,430.0,3.5,147.0,6.6
2026-03-01 11:00:00,2026,3,1,11,Huế,Phường Phú Bài,16.409296,107.6779818,67,Moderate,1,32.5,61,0.0,7.1,54,1007.0,11,17.3,18.3,419.0,2.6,164.0,6.2
2026-03-01 12:00:00,2026,3,1,12,Huế,Phường Phú Bài,16.409296,107.6779818,67,Moderate,1,33.0,58,0.0,10.0,56,1005.8,100,17.5,18.6,411.0,2.2,171.0,5.2
2026-03-01 13:00:00,2026,3,1,13,Huế,Phường Phú Bài,16.409296,107.6779818,67,Moderate,1,32.2,58,0.0,8.9,63,1005.4,95,18.2,19.3,400.0,2.3,175.0,4.6
2026-03-01 14:00:00,2026,3,1,14,Huế,Phường Phú Bài,16.409296,107.6779818,67,Moderate,1,33.1,54,0.1,8.6,75,1004.5,95,18.9,20.0,366.0,2.6,181.0,4.6
2026-03-01 15:00:00,2026,3,1,15,Huế,Phường Phú Bài,16.409296,107.6779818,90,Moderate,1,31.9,60,0.0,10.3,85,1004.0,100,23.1,24.2,330.0,3.2,183.0,5.0
2026-03-01 16:00:00,2026,3,1,16,Huế,Phường Phú Bài,16.409296,107.6779818,121,Unhealthy for Sensitive Groups,2,31.5,59,0.0,9.9,93,1003.7,100,21.6,22.5,352.0,4.6,175.0,5.4
2026-03-01 17:00:00,2026,3,1,17,Huế,Phường Phú Bài,16.409296,107.6779818,145,Unhealthy for Sensitive Groups,2,30.6,68,0.0,8.1,90,1004.2,99,20.7,21.5,486.0,7.2,147.0,5.9
2026-03-01 18:00:00,2026,3,1,18,Huế,Phường Phú Bài,16.409296,107.6779818,152,Unhealthy,3,28.9,80,0.0,1.1,90,1004.8,98,21.1,21.4,677.0,10.4,108.0,6.5
2026-03-01 19:00:00,2026,3,1,19,Huế,Phường Phú Bài,16.409296,107.6779818,144,Unhealthy for Sensitive Groups,2,27.0,88,0.0,10.0,255,1005.5,100,22.4,22.5,821.0,16.0,70.0,7.4
2026-03-01 20:00:00,2026,3,1,20,Huế,Phường Phú Bài,16.409296,107.6779818,124,Unhealthy for Sensitive Groups,2,26.3,81,0.0,7.4,236,1006.1,99,22.3,22.4,884.0,16.3,59.0,7.2
2026-03-01 21:00:00,2026,3,1,21,Huế,Phường Phú Bài,16.409296,107.6779818,100,Moderate,1,25.8,83,0.0,5.9,243,1006.8,100,21.8,22.1,900.0,16.7,44.0,6.8
2026-03-01 22:00:00,2026,3,1,22,Huế,Phường Phú Bài,16.409296,107.6779818,72,Moderate,1,25.1,88,0.0,3.7,191,1006.7,98,21.5,21.8,861.0,17.0,31.0,6.3
2026-03-01 23:00:00,2026,3,1,23,Huế,Phường Phú Bài,16.409296,107.6779818,65,Moderate,1,24.7,92,0.0,4.1,193,1006.6,91,21.0,21.3,734.0,17.0,23.0,5.4
2026-03-02 00:00:00,2026,3,2,0,Huế,Phường Phú Bài,16.409296,107.6779818,65,Moderate,1,24.3,95,0.0,5.2,211,1006.3,88,19.7,20.1,551.0,16.9,19.0,4.4
2026-03-02 01:00:00,2026,3,2,1,Huế,Phường Phú Bài,16.409296,107.6779818,65,Moderate,1,24.3,96,0.0,3.8,221,1005.8,75,18.5,18.7,406.0,16.4,15.0,3.5
2026-03-02 02:00:00,2026,3,2,2,Huế,Phường Phú Bài,16.409296,107.6779818,65,Moderate,1,23.9,96,0.0,4.5,230,1005.7,91,17.2,17.5,333.0,15.3,12.0,2.9
2026-03-02 03:00:00,2026,3,2,3,Huế,Phường Phú Bài,16.409296,107.6779818,65,Moderate,1,23.4,95,0.0,4.1,232,1005.5,98,16.2,16.5,298.0,13.9,11.0,2.4
2026-03-02 04:00:00,2026,3,2,4,Huế,Phường Phú Bài,16.409296,107.6779818,65,Moderate,1,22.8,97,0.0,3.9,246,1005.5,11,15.6,15.9,288.0,12.6,12.0,2.2
2026-03-02 05:00:00,2026,3,2,5,Huế,Phường Phú Bài,16.409296,107.6779818,65,Moderate,1,22.4,98,0.0,5.6,228,1006.1,0,15.2,15.5,315.0,12.0,15.0,2.4
2026-03-02 06:00:00,2026,3,2,6,Huế,Phường Phú Bài,16.409296,107.6779818,65,Moderate,1,22.0,98,0.0,6.2,218,1006.6,34,15.2,15.4,369.0,11.5,21.0,3.0
2026-03-02 07:00:00,2026,3,2,7,Huế,Phường Phú Bài,16.409296,107.6779818,65,Moderate,1,23.5,89,0.0,6.3,215,1007.6,93,21.0,21.1,404.0,11.2,35.0,3.6
2026-03-02 08:00:00,2026,3,2,8,Huế,Phường Phú Bài,16.409296,107.6779818,65,Moderate,1,27.4,76,0.0,4.0,234,1008.5,93,24.9,24.9,398.0,8.9,63.0,4.6
2026-03-02 09:00:00,2026,3,2,9,Huế,Phường Phú Bài,16.409296,107.6779818,66,Moderate,1,31.2,60,0.0,2.5,180,1008.9,66,23.7,23.7,373.0,5.8,102.0,6.0
2026-03-02 10:00:00,2026,3,2,10,Huế,Phường Phú Bài,16.409296,107.6779818,66,Moderate,1,33.3,53,0.0,3.4,84,1008.9,74,22.0,22.1,355.0,3.5,135.0,6.7
2026-03-02 11:00:00,2026,3,2,11,Huế,Phường Phú Bài,16.409296,107.6779818,67,Moderate,1,34.0,56,0.0,7.0,55,1008.3,67,22.2,22.4,355.0,2.6,157.0,6.1
2026-03-02 12:00:00,2026,3,2,12,Huế,Phường Phú Bài,16.409296,107.6779818,67,Moderate,1,33.7,60,0.5,11.6,54,1007.5,35,23.2,23.5,361.0,2.4,172.0,4.9
2026-03-02 13:00:00,2026,3,2,13,Huế,Phường Phú Bài,16.409296,107.6779818,68,Moderate,1,32.4,60,0.7,7.0,44,1007.0,48,24.6,25.0,365.0,2.8,179.0,4.1
2026-03-02 14:00:00,2026,3,2,14,Huế,Phường Phú Bài,16.409296,107.6779818,68,Moderate,1,33.5,56,0.0,11.1,59,1005.7,59,26.4,26.8,352.0,3.4,174.0,4.0
2026-03-02 15:00:00,2026,3,2,15,Huế,Phường Phú Bài,16.409296,107.6779818,83,Moderate,1,32.4,59,0.0,9.1,73,1005.4,50,28.3,28.9,335.0,4.6,161.0,4.3
2026-03-02 16:00:00,2026,3,2,16,Huế,Phường Phú Bài,16.409296,107.6779818,110,Unhealthy for Sensitive Groups,2,32.3,62,0.0,9.0,75,1004.9,55,26.3,26.7,349.0,6.5,142.0,4.7
2026-03-02 17:00:00,2026,3,2,17,Huế,Phường Phú Bài,16.409296,107.6779818,126,Unhealthy for Sensitive Groups,2,31.2,70,0.0,7.6,82,1005.3,68,25.9,26.1,423.0,9.9,116.0,5.5
2026-03-02 18:00:00,2026,3,2,18,Huế,Phường Phú Bài,16.409296,107.6779818,129,Unhealthy for Sensitive Groups,2,29.5,78,0.0,4.7,90,1005.8,67,25.9,26.0,527.0,14.0,85.0,6.4
2026-03-02 19:00:00,2026,3,2,19,Huế,Phường Phú Bài,16.409296,107.6779818,119,Unhealthy for Sensitive Groups,2,28.0,73,0.0,8.0,242,1006.4,89,26.1,26.4,602.0,18.8,55.0,7.4
2026-03-02 20:00:00,2026,3,2,20,Huế,Phường Phú Bài,16.409296,107.6779818,97,Moderate,1,27.8,73,0.0,5.7,233,1007.0,63,24.7,24.9,629.0,19.8,45.0,7.3
2026-03-02 21:00:00,2026,3,2,21,Huế,Phường Phú Bài,16.409296,107.6779818,71,Moderate,1,27.4,79,0.0,0.9,217,1007.6,54,23.8,23.9,627.0,21.2,31.0,7.2
2026-03-02 22:00:00,2026,3,2,22,Huế,Phường Phú Bài,16.409296,107.6779818,71,Moderate,1,26.7,83,0.0,0.8,297,1008.0,26,24.8,24.9,597.0,21.4,21.0,6.7
2026-03-02 23:00:00,2026,3,2,23,Huế,Phường Phú Bài,16.409296,107.6779818,72,Moderate,1,26.3,85,0.0,0.3,45,1007.9,3,24.2,24.3,520.0,19.5,19.0,5.6
2026-03-03 00:00:00,2026,3,3,0,Huế,Phường Phú Bài,16.409296,107.6779818,72,Moderate,1,25.4,90,0.0,3.3,174,1007.6,6,21.4,21.5,415.0,16.5,21.0,4.1
2026-03-03 01:00:00,2026,3,3,1,Huế,Phường Phú Bài,16.409296,107.6779818,72,Moderate,1,25.0,96,0.0,6.4,164,1006.7,15,17.8,17.9,333.0,13.9,23.0,3.0
2026-03-03 02:00:00,2026,3,3,2,Huế,Phường Phú Bài,16.409296,107.6779818,72,Moderate,1,24.6,99,0.0,5.1,163,1006.6,11,18.0,18.2,293.0,12.3,24.0,2.4
2026-03-03 03:00:00,2026,3,3,3,Huế,Phường Phú Bài,16.409296,107.6779818,72,Moderate,1,24.6,98,0.0,3.7,223,1006.1,2,18.2,18.5,278.0,11.0,24.0,2.1
2026-03-03 04:00:00,2026,3,3,4,Huế,Phường Phú Bài,16.409296,107.6779818,72,Moderate,1,24.1,98,0.0,2.1,290,1006.2,67,17.0,17.5,283.0,10.1,26.0,2.1
2026-03-03 05:00:00,2026,3,3,5,Huế,Phường Phú Bài,16.409296,107.6779818,72,Moderate,1,23.7,99,0.0,2.3,302,1006.9,55,14.9,15.4,324.0,9.7,27.0,2.4
2026-03-03 06:00:00,2026,3,3,6,Huế,Phường Phú Bài,16.409296,107.6779818,72,Moderate,1,23.4,99,0.0,1.6,207,1007.6,72,13.7,14.1,385.0,9.7,28.0,3.0
2026-03-03 07:00:00,2026,3,3,7,Huế,Phường Phú Bài,16.409296,107.6779818,72,Moderate,1,25.4,85,0.0,4.2,162,1007.6,39,12.8,12.9,424.0,9.2,36.0,3.7
2026-03-03 08:00:00,2026,3,3,8,Huế,Phường Phú Bài,16.409296,107.6779818,72,Moderate,1,28.2,73,0.0,5.2,176,1008.7,18,15.5,15.5,416.0,7.5,63.0,4.1
2026-03-03 09:00:00,2026,3,3,9,Huế,Phường Phú Bài,16.409296,107.6779818,71,Moderate,1,31.9,57,0.0,4.5,194,1009.0,26,15.9,16.0,384.0,5.1,101.0,4.7
2026-03-03 10:00:00,2026,3,3,10,Huế,Phường Phú Bài,16.409296,107.6779818,70,Moderate,1,33.1,55,0.0,6.6,61,1009.1,5,15.3,15.5,358.0,3.3,132.0,4.9
2026-03-03 11:00:00,2026,3,3,11,Huế,Phường Phú Bài,16.409296,107.6779818,69,Moderate,1,33.0,62,0.0,9.3,72,1008.5,35,16.2,16.5,348.0,2.4,150.0,4.4
2026-03-03 12:00:00,2026,3,3,12,Huế,Phường Phú Bài,16.409296,107.6779818,69,Moderate,1,34.0,58,0.0,7.8,81,1007.6,20,17.5,17.9,344.0,2.0,162.0,3.6
2026-03-03 13:00:00,2026,3,3,13,Huế,Phường Phú Bài,16.409296,107.6779818,68,Moderate,1,29.8,67,4.5,16.9,303,1008.4,91,18.5,19.0,340.0,2.3,165.0,3.3
2026-03-03 14:00:00,2026,3,3,14,Huế,Phường Phú Bài,16.409296,107.6779818,68,Moderate,1,28.0,74,0.3,7.9,223,1008.2,93,22.5,23.3,329.0,3.5,158.0,3.8
2026-03-03 15:00:00,2026,3,3,15,Huế,Phường Phú Bài,16.409296,107.6779818,72,Moderate,1,29.5,66,0.0,8.5,198,1007.2,71,25.0,26.1,317.0,5.5,142.0,4.7
2026-03-03 16:00:00,2026,3,3,16,Huế,Phường Phú Bài,16.409296,107.6779818,95,Moderate,1,30.0,65,0.0,6.0,164,1006.9,81,25.1,26.2,321.0,7.8,126.0,5.6
2026-03-03 17:00:00,2026,3,3,17,Huế,Phường Phú Bài,16.409296,107.6779818,108,Unhealthy for Sensitive Groups,2,30.0,65,0.0,4.2,230,1007.8,95,25.7,26.7,358.0,11.0,109.0,6.5
2026-03-03 18:00:00,2026,3,3,18,Huế,Phường Phú Bài,16.409296,107.6779818,110,Unhealthy for Sensitive Groups,2,27.0,76,0.1,14.7,305,1008.7,83,26.6,27.6,410.0,14.7,92.0,7.3
2026-03-03 19:00:00,2026,3,3,19,Huế,Phường Phú Bài,16.409296,107.6779818,101,Unhealthy for Sensitive Groups,2,26.6,83,0.2,1.5,111,1008.5,98,40.5,41.9,440.0,21.9,98.0,10.1
2026-03-03 20:00:00,2026,3,3,20,Huế,Phường Phú Bài,16.409296,107.6779818,90,Moderate,1,26.2,84,0.0,6.5,336,1009.4,84,33.6,34.7,422.0,18.6,93.0,8.8
2026-03-03 21:00:00,2026,3,3,21,Huế,Phường Phú Bài,16.409296,107.6779818,76,Moderate,1,24.2,89,0.0,16.2,310,1010.6,14,27.6,28.2,381.0,14.0,87.0,7.0
2026-03-03 22:00:00,2026,3,3,22,Huế,Phường Phú Bài,16.409296,107.6779818,70,Moderate,1,23.3,93,0.0,7.3,303,1011.2,12,23.0,23.5,357.0,10.4,81.0,5.5
2026-03-03 23:00:00,2026,3,3,23,Huế,Phường Phú Bài,16.409296,107.6779818,69,Moderate,1,23.2,94,0.0,6.4,295,1011.4,10,17.9,18.3,370.0,8.9,76.0,4.6
2026-03-04 00:00:00,2026,3,4,0,Huế,Phường Phú Bài,16.409296,107.6779818,69,Moderate,1,23.1,95,0.0,7.2,298,1011.5,100,17.2,17.6,398.0,8.5,72.0,4.0
2026-03-04 01:00:00,2026,3,4,1,Huế,Phường Phú Bài,16.409296,107.6779818,68,Moderate,1,23.9,91,0.0,8.5,306,1011.3,100,17.0,17.7,418.0,7.9,70.0,3.5
2026-03-04 02:00:00,2026,3,4,2,Huế,Phường Phú Bài,16.409296,107.6779818,68,Moderate,1,24.0,89,0.0,9.7,295,1011.2,100,16.0,16.7,417.0,6.7,72.0,3.0
2026-03-04 03:00:00,2026,3,4,3,Huế,Phường Phú Bài,16.409296,107.6779818,68,Moderate,1,23.6,90,0.0,10.8,288,1010.8,100,13.0,13.7,408.0,5.3,77.0,2.6
2026-03-04 04:00:00,2026,3,4,4,Huế,Phường Phú Bài,16.409296,107.6779818,68,Moderate,1,23.8,90,0.0,9.0,270,1010.7,100,8.9,9.6,401.0,4.6,79.0,2.5
2026-03-04 05:00:00,2026,3,4,5,Huế,Phường Phú Bài,16.409296,107.6779818,67,Moderate,1,23.8,90,0.1,10.4,272,1011.1,100,6.4,7.3,401.0,4.9,76.0,2.8
2026-03-04 06:00:00,2026,3,4,6,Huế,Phường Phú Bài,16.409296,107.6779818,66,Moderate,1,23.4,94,0.2,13.9,314,1011.5,100,5.7,7.2,404.0,5.9,70.0,3.4
2026-03-04 07:00:00,2026,3,4,7,Huế,Phường Phú Bài,16.409296,107.6779818,66,Moderate,1,23.6,90,0.1,17.8,338,1012.4,100,2.7,2.9,406.0,4.8,88.0,3.3
2026-03-04 08:00:00,2026,3,4,8,Huế,Phường Phú Bài,16.409296,107.6779818,65,Moderate,1,23.8,91,0.5,15.8,328,1013.2,100,3.9,4.3,411.0,4.2,91.0,3.1
2026-03-04 09:00:00,2026,3,4,9,Huế,Phường Phú Bài,16.409296,107.6779818,64,Moderate,1,23.8,92,0.5,16.5,346,1013.9,100,3.4,4.1,415.0,3.4,96.0,2.7
2026-03-04 10:00:00,2026,3,4,10,Huế,Phường Phú Bài,16.409296,107.6779818,63,Moderate,1,24.2,89,0.4,15.5,351,1014.0,100,4.8,5.6,406.0,2.8,100.0,2.5
2026-03-04 11:00:00,2026,3,4,11,Huế,Phường Phú Bài,16.409296,107.6779818,62,Moderate,1,25.6,81,0.3,15.4,349,1013.7,100,6.4,7.5,372.0,2.6,103.0,2.4
2026-03-04 12:00:00,2026,3,4,12,Huế,Phường Phú Bài,16.409296,107.6779818,61,Moderate,1,24.9,83,2.2,16.1,338,1012.9,73,7.8,9.3,324.0,2.5,104.0,2.5
2026-03-04 13:00:00,2026,3,4,13,Huế,Phường Phú Bài,16.409296,107.6779818,60,Moderate,1,23.4,85,2.7,18.0,328,1012.9,100,9.7,12.3,283.0,2.7,105.0,2.6
2026-03-04 14:00:00,2026,3,4,14,Huế,Phường Phú Bài,16.409296,107.6779818,59,Moderate,1,24.1,80,0.2,18.9,339,1011.6,100,10.9,13.7,253.0,3.1,104.0,2.8
2026-03-04 15:00:00,2026,3,4,15,Huế,Phường Phú Bài,16.409296,107.6779818,58,Moderate,1,23.9,81,0.1,15.7,340,1010.8,100,10.2,12.8,230.0,3.6,101.0,3.0
2026-03-04 16:00:00,2026,3,4,16,Huế,Phường Phú Bài,16.409296,107.6779818,57,Moderate,1,23.5,82,0.3,15.0,337,1010.4,100,10.5,13.0,226.0,4.3,98.0,3.3
2026-03-04 17:00:00,2026,3,4,17,Huế,Phường Phú Bài,16.409296,107.6779818,55,Moderate,1,23.2,86,0.3,12.5,325,1010.6,100,10.9,13.5,253.0,5.3,95.0,3.7
2026-03-04 18:00:00,2026,3,4,18,Huế,Phường Phú Bài,16.409296,107.6779818,54,Moderate,1,22.8,89,0.3,10.3,316,1010.9,100,10.9,13.2,300.0,6.5,91.0,4.2
2026-03-04 19:00:00,2026,3,4,19,Huế,Phường Phú Bài,16.409296,107.6779818,53,Moderate,1,22.1,93,0.4,9.3,320,1011.4,100,11.9,14.2,339.0,7.5,77.0,4.6
2026-03-04 20:00:00,2026,3,4,20,Huế,Phường Phú Bài,16.409296,107.6779818,50,Good,0,22.1,94,0.1,8.4,301,1012.4,100,11.4,13.4,365.0,7.5,74.0,4.7
2026-03-04 21:00:00,2026,3,4,21,Huế,Phường Phú Bài,16.409296,107.6779818,47,Good,0,22.0,95,0.0,6.5,272,1012.7,100,10.8,12.7,384.0,7.6,69.0,4.9
2026-03-04 22:00:00,2026,3,4,22,Huế,Phường Phú Bài,16.409296,107.6779818,44,Good,0,21.9,96,0.0,7.1,251,1012.9,98,10.9,12.6,388.0,7.7,65.0,5.0
2026-03-04 23:00:00,2026,3,4,23,Huế,Phường Phú Bài,16.409296,107.6779818,42,Good,0,21.6,97,0.0,8.1,238,1012.8,91,11.3,12.9,368.0,7.8,62.0,4.8
2026-03-05 00:00:00,2026,3,5,0,Huế,Phường Phú Bài,16.409296,107.6779818,40,Good,0,21.5,96,0.0,8.1,239,1012.6,100,10.9,12.6,332.0,8.0,59.0,4.5
2026-03-05 01:00:00,2026,3,5,1,Huế,Phường Phú Bài,16.409296,107.6779818,39,Good,0,21.4,93,0.0,7.0,252,1012.8,100,10.9,12.5,300.0,8.0,56.0,4.2
2026-03-05 02:00:00,2026,3,5,2,Huế,Phường Phú Bài,16.409296,107.6779818,38,Good,0,21.4,94,0.0,6.2,253,1012.5,100,10.5,12.0,275.0,7.8,53.0,4.1
2026-03-05 03:00:00,2026,3,5,3,Huế,Phường Phú Bài,16.409296,107.6779818,37,Good,0,21.4,95,0.1,6.1,247,1011.8,100,10.2,11.7,255.0,7.5,51.0,4.1
2026-03-05 04:00:00,2026,3,5,4,Huế,Phường Phú Bài,16.409296,107.6779818,37,Good,0,21.4,95,0.1,6.9,237,1011.4,100,10.1,11.5,247.0,7.5,49.0,4.2
2026-03-05 05:00:00,2026,3,5,5,Huế,Phường Phú Bài,16.409296,107.6779818,37,Good,0,21.5,95,0.0,6.3,239,1011.4,100,9.8,11.0,257.0,8.1,48.0,4.7
2026-03-05 06:00:00,2026,3,5,6,Huế,Phường Phú Bài,16.409296,107.6779818,38,Good,0,21.5,95,0.0,5.7,238,1012.0,100,10.3,11.4,280.0,9.0,48.0,5.3
2026-03-05 07:00:00,2026,3,5,7,Huế,Phường Phú Bài,16.409296,107.6779818,38,Good,0,21.8,96,0.0,3.0,237,1012.4,100,14.2,16.9,310.0,8.8,57.0,5.6
2026-03-05 08:00:00,2026,3,5,8,Huế,Phường Phú Bài,16.409296,107.6779818,40,Good,0,22.5,93,0.1,4.4,263,1013.0,100,13.8,16.4,358.0,7.5,72.0,5.9
2026-03-05 09:00:00,2026,3,5,9,Huế,Phường Phú Bài,16.409296,107.6779818,42,Good,0,23.1,88,0.4,3.0,303,1013.8,100,13.2,15.9,412.0,5.6,92.0,6.2
2026-03-05 10:00:00,2026,3,5,10,Huế,Phường Phú Bài,16.409296,107.6779818,44,Good,0,24.1,82,0.2,5.0,339,1014.1,98,12.4,14.9,433.0,4.0,106.0,6.0
2026-03-05 11:00:00,2026,3,5,11,Huế,Phường Phú Bài,16.409296,107.6779818,45,Good,0,25.0,81,0.1,6.7,16,1014.0,100,10.8,13.2,390.0,2.8,110.0,4.7
2026-03-05 12:00:00,2026,3,5,12,Huế,Phường Phú Bài,16.409296,107.6779818,46,Good,0,25.8,77,0.1,9.5,33,1012.8,92,10.3,13.0,314.0,1.8,107.0,2.8
2026-03-05 13:00:00,2026,3,5,13,Huế,Phường Phú Bài,16.409296,107.6779818,46,Good,0,24.5,80,2.3,10.8,38,1012.2,100,8.6,10.8,258.0,1.6,103.0,1.6
2026-03-05 14:00:00,2026,3,5,14,Huế,Phường Phú Bài,16.409296,107.6779818,46,Good,0,24.4,82,0.5,9.9,32,1011.2,99,9.2,11.4,246.0,2.6,97.0,1.5
2026-03-05 15:00:00,2026,3,5,15,Huế,Phường Phú Bài,16.409296,107.6779818,46,Good,0,24.6,79,0.1,11.0,25,1010.7,100,9.5,11.8,254.0,4.4,90.0,2.1
2026-03-05 16:00:00,2026,3,5,16,Huế,Phường Phú Bài,16.409296,107.6779818,46,Good,0,24.0,81,0.0,9.9,22,1010.7,100,10.6,12.5,266.0,6.5,82.0,2.8
2026-03-05 17:00:00,2026,3,5,17,Huế,Phường Phú Bài,16.409296,107.6779818,46,Good,0,23.9,82,0.0,7.1,19,1011.1,100,10.9,13.3,277.0,9.2,75.0,3.6
2026-03-05 18:00:00,2026,3,5,18,Huế,Phường Phú Bài,16.409296,107.6779818,46,Good,0,23.2,85,0.0,5.5,23,1011.3,100,13.3,15.7,292.0,12.3,67.0,4.5
2026-03-05 19:00:00,2026,3,5,19,Huế,Phường Phú Bài,16.409296,107.6779818,46,Good,0,22.5,93,0.7,3.1,353,1011.8,100,19.7,21.7,309.0,23.4,43.0,6.9
2026-03-05 20:00:00,2026,3,5,20,Huế,Phường Phú Bài,16.409296,107.6779818,48,Good,0,22.3,94,0.0,1.1,360,1012.9,100,23.6,25.6,337.0,26.8,38.0,8.6
2026-03-05 21:00:00,2026,3,5,21,Huế,Phường Phú Bài,16.409296,107.6779818,50,Good,0,22.2,96,0.1,1.5,277,1013.4,100,25.8,27.9,368.0,31.2,32.0,10.9
2026-03-05 22:00:00,2026,3,5,22,Huế,Phường Phú Bài,16.409296,107.6779818,51,Moderate,1,22.1,98,0.3,1.8,259,1013.8,98,27.9,29.8,375.0,32.8,29.0,11.8
2026-03-05 23:00:00,2026,3,5,23,Huế,Phường Phú Bài,16.409296,107.6779818,53,Moderate,1,21.8,99,0.1,5.3,262,1013.8,68,27.6,29.5,339.0,29.0,32.0,10.2
2026-03-06 00:00:00,2026,3,6,0,Huế,Phường Phú Bài,16.409296,107.6779818,54,Moderate,1,21.6,98,0.0,3.8,262,1013.6,41,22.1,24.1,279.0,22.3,39.0,7.3
2026-03-06 01:00:00,2026,3,6,1,Huế,Phường Phú Bài,16.409296,107.6779818,55,Moderate,1,21.1,100,0.0,3.8,301,1013.2,98,17.9,20.0,232.0,16.5,46.0,4.9
2026-03-06 02:00:00,2026,3,6,2,Huế,Phường Phú Bài,16.409296,107.6779818,56,Moderate,1,21.3,99,0.1,1.0,248,1013.0,100,15.6,17.7,208.0,12.7,52.0,3.8
2026-03-06 03:00:00,2026,3,6,3,Huế,Phường Phú Bài,16.409296,107.6779818,56,Moderate,1,21.4,99,0.3,0.7,270,1012.5,100,14.2,16.3,197.0,9.8,58.0,3.2
2026-03-06 04:00:00,2026,3,6,4,Huế,Phường Phú Bài,16.409296,107.6779818,57,Moderate,1,21.4,100,0.6,2.4,253,1012.1,100,12.3,14.6,200.0,7.9,63.0,3.0
2026-03-06 05:00:00,2026,3,6,5,Huế,Phường Phú Bài,16.409296,107.6779818,57,Moderate,1,21.2,97,3.3,4.9,10,1012.5,100,11.6,14.3,229.0,7.7,65.0,3.3
2026-03-06 06:00:00,2026,3,6,6,Huế,Phường Phú Bài,16.409296,107.6779818,57,Moderate,1,21.1,97,1.3,8.4,99,1013.1,100,12.2,15.1,272.0,8.6,67.0,3.9
2026-03-06 07:00:00,2026,3,6,7,Huế,Phường Phú Bài,16.409296,107.6779818,57,Moderate,1,21.8,95,0.2,6.9,96,1014.0,100,11.7,14.4,299.0,7.7,76.0,3.8
2026-03-06 08:00:00,2026,3,6,8,Huế,Phường Phú Bài,16.409296,107.6779818,57,Moderate,1,21.8,94,0.9,10.0,72,1014.9,100,12.1,15.7,292.0,6.8,81.0,3.5
2026-03-06 09:00:00,2026,3,6,9,Huế,Phường Phú Bài,16.409296,107.6779818,57,Moderate,1,22.5,91,0.6,7.3,126,1015.5,100,13.4,17.3,268.0,5.5,89.0,3.2
2026-03-06 10:00:00,2026,3,6,10,Huế,Phường Phú Bài,16.409296,107.6779818,57,Moderate,1,23.7,86,0.2,13.1,97,1015.8,100,13.6,17.7,250.0,4.3,97.0,2.9
2026-03-06 11:00:00,2026,3,6,11,Huế,Phường Phú Bài,16.409296,107.6779818,57,Moderate,1,24.5,80,0.3,15.8,92,1015.1,92,13.7,17.6,244.0,3.5,105.0,2.9
2026-03-06 12:00:00,2026,3,6,12,Huế,Phường Phú Bài,16.409296,107.6779818,57,Moderate,1,25.1,75,0.4,17.4,82,1014.5,100,16.7,20.1,244.0,2.8,112.0,3.0
2026-03-06 13:00:00,2026,3,6,13,Huế,Phường Phú Bài,16.409296,107.6779818,58,Moderate,1,23.8,81,1.8,17.1,83,1014.1,98,17.9,22.7,246.0,2.3,118.0,3.0
2026-03-06 14:00:00,2026,3,6,14,Huế,Phường Phú Bài,16.409296,107.6779818,58,Moderate,1,24.5,82,0.2,15.2,85,1013.0,97,17.9,22.2,251.0,1.6,122.0,2.7
2026-03-06 15:00:00,2026,3,6,15,Huế,Phường Phú Bài,16.409296,107.6779818,59,Moderate,1,24.9,77,0.1,15.7,91,1012.4,93,18.5,22.6,260.0,1.1,124.0,2.4
2026-03-06 16:00:00,2026,3,6,16,Huế,Phường Phú Bài,16.409296,107.6779818,60,Moderate,1,24.8,75,0.1,16.2,87,1012.1,41,20.3,24.4,271.0,1.9,121.0,2.5
2026-03-06 17:00:00,2026,3,6,17,Huế,Phường Phú Bài,16.409296,107.6779818,61,Moderate,1,24.1,76,0.1,14.5,84,1012.1,45,22.7,26.9,286.0,5.3,110.0,3.4
2026-03-06 18:00:00,2026,3,6,18,Huế,Phường Phú Bài,16.409296,107.6779818,62,Moderate,1,23.2,79,0.0,10.3,92,1012.5,45,25.8,29.0,304.0,10.0,95.0,4.7
2026-03-06 19:00:00,2026,3,6,19,Huế,Phường Phú Bài,16.409296,107.6779818,63,Moderate,1,22.8,84,0.0,12.4,99,1013.0,20,29.1,33.1,321.0,15.5,72.0,5.8
2026-03-06 20:00:00,2026,3,6,20,Huế,Phường Phú Bài,16.409296,107.6779818,64,Moderate,1,22.7,84,0.0,10.4,113,1013.9,20,30.6,34.5,334.0,15.0,69.0,5.8
2026-03-06 21:00:00,2026,3,6,21,Huế,Phường Phú Bài,16.409296,107.6779818,64,Moderate,1,22.0,87,0.0,6.5,122,1014.3,9,28.3,32.0,345.0,14.3,65.0,5.8
2026-03-06 22:00:00,2026,3,6,22,Huế,Phường Phú Bài,16.409296,107.6779818,65,Moderate,1,21.7,89,0.0,6.2,128,1014.7,7,27.1,30.5,360.0,13.7,61.0,5.7
2026-03-06 23:00:00,2026,3,6,23,Huế,Phường Phú Bài,16.409296,107.6779818,65,Moderate,1,21.0,92,0.0,5.3,145,1014.5,2,26.3,29.6,387.0,13.2,58.0,5.3
2026-03-07 00:00:00,2026,3,7,0,Huế,Phường Phú Bài,16.409296,107.6779818,65,Moderate,1,20.9,92,0.0,2.9,112,1014.6,98,25.7,29.0,417.0,12.8,55.0,4.8
2026-03-07 01:00:00,2026,3,7,1,Huế,Phường Phú Bài,16.409296,107.6779818,65,Moderate,1,21.8,91,0.0,7.9,87,1014.2,98,25.4,28.7,430.0,12.6,52.0,4.4
2026-03-07 02:00:00,2026,3,7,2,Huế,Phường Phú Bài,16.409296,107.6779818,65,Moderate,1,21.9,90,0.0,7.2,103,1014.0,81,24.2,27.3,409.0,12.6,47.0,4.0
2026-03-07 03:00:00,2026,3,7,3,Huế,Phường Phú Bài,16.409296,107.6779818,66,Moderate,1,21.1,93,0.0,5.4,124,1013.8,51,24.1,27.1,371.0,12.8,42.0,3.7
2026-03-07 04:00:00,2026,3,7,4,Huế,Phường Phú Bài,16.409296,107.6779818,67,Moderate,1,20.9,94,0.6,5.1,113,1013.9,84,24.2,27.1,349.0,13.1,40.0,3.7
2026-03-07 05:00:00,2026,3,7,5,Huế,Phường Phú Bài,16.409296,107.6779818,68,Moderate,1,20.8,95,0.6,5.4,130,1014.5,100,25.0,27.9,362.0,14.1,44.0,4.3
2026-03-07 06:00:00,2026,3,7,6,Huế,Phường Phú Bài,16.409296,107.6779818,69,Moderate,1,20.8,95,0.1,5.7,131,1015.1,40,27.2,30.4,391.0,15.2,51.0,5.1
2026-03-07 07:00:00,2026,3,7,7,Huế,Phường Phú Bài,16.409296,107.6779818,71,Moderate,1,22.0,90,0.1,7.8,134,1016.1,55,23.3,27.0,405.0,8.1,84.0,4.2
2026-03-07 08:00:00,2026,3,7,8,Huế,Phường Phú Bài,16.409296,107.6779818,72,Moderate,1,23.0,82,0.3,13.3,93,1016.6,53,23.5,28.1,387.0,6.2,96.0,3.5
2026-03-07 09:00:00,2026,3,7,9,Huế,Phường Phú Bài,16.409296,107.6779818,73,Moderate,1,24.0,76,0.2,17.3,98,1017.1,40,24.0,29.0,355.0,3.6,112.0,2.5
2026-03-07 10:00:00,2026,3,7,10,Huế,Phường Phú Bài,16.409296,107.6779818,74,Moderate,1,25.4,69,0.1,18.4,93,1017.0,34,24.2,28.4,330.0,1.7,124.0,1.8
2026-03-07 11:00:00,2026,3,7,11,Huế,Phường Phú Bài,16.409296,107.6779818,75,Moderate,1,26.5,65,0.0,18.5,89,1016.3,8,23.8,28.0,322.0,1.0,128.0,1.6
2026-03-07 12:00:00,2026,3,7,12,Huế,Phường Phú Bài,16.409296,107.6779818,76,Moderate,1,26.9,63,0.0,18.4,84,1015.1,5,24.1,28.4,320.0,0.9,127.0,1.6
2026-03-07 13:00:00,2026,3,7,13,Huế,Phường Phú Bài,16.409296,107.6779818,76,Moderate,1,26.5,65,0.0,21.4,80,1014.2,9,23.9,28.4,320.0,1.0,126.0,1.6
2026-03-07 14:00:00,2026,3,7,14,Huế,Phường Phú Bài,16.409296,107.6779818,77,Moderate,1,26.0,67,0.0,22.7,79,1013.3,4,24.0,28.7,320.0,0.9,125.0,1.5
2026-03-07 15:00:00,2026,3,7,15,Huế,Phường Phú Bài,16.409296,107.6779818,77,Moderate,1,25.7,67,0.0,24.6,78,1012.6,0,23.6,28.5,321.0,1.0,123.0,1.5
2026-03-07 16:00:00,2026,3,7,16,Huế,Phường Phú Bài,16.409296,107.6779818,78,Moderate,1,25.1,69,0.0,23.7,80,1012.3,0,22.9,27.9,318.0,1.6,119.0,1.6
2026-03-07 17:00:00,2026,3,7,17,Huế,Phường Phú Bài,16.409296,107.6779818,78,Moderate,1,24.3,71,0.0,22.3,80,1012.4,0,22.8,28.3,305.0,3.3,111.0,2.1
2026-03-07 18:00:00,2026,3,7,18,Huế,Phường Phú Bài,16.409296,107.6779818,78,Moderate,1,23.4,74,0.0,19.3,85,1012.7,0,22.2,26.5,288.0,5.7,101.0,2.9
2026-03-07 19:00:00,2026,3,7,19,Huế,Phường Phú Bài,16.409296,107.6779818,78,Moderate,1,23.0,80,0.0,17.9,93,1013.5,2,23.7,27.9,278.0,6.8,97.0,3.3
2026-03-07 20:00:00,2026,3,7,20,Huế,Phường Phú Bài,16.409296,107.6779818,77,Moderate,1,22.9,81,0.0,15.1,98,1014.3,1,22.8,27.0,279.0,7.4,92.0,3.6
2026-03-07 21:00:00,2026,3,7,21,Huế,Phường Phú Bài,16.409296,107.6779818,76,Moderate,1,22.5,82,0.0,12.4,104,1015.0,0,22.4,26.5,287.0,8.2,85.0,4.1
2026-03-07 22:00:00,2026,3,7,22,Huế,Phường Phú Bài,16.409296,107.6779818,76,Moderate,1,22.0,85,0.0,9.0,116,1015.3,2,22.2,26.3,298.0,8.7,79.0,4.3
2026-03-07 23:00:00,2026,3,7,23,Huế,Phường Phú Bài,16.409296,107.6779818,75,Moderate,1,21.0,91,0.0,5.7,145,1015.5,11,22.2,26.4,314.0,8.8,75.0,4.0
2026-03-08 00:00:00,2026,3,8,0,Huế,Phường Phú Bài,16.409296,107.6779818,75,Moderate,1,20.0,94,0.0,4.7,171,1015.7,20,21.7,25.8,334.0,8.6,71.0,3.5
2026-03-08 01:00:00,2026,3,8,1,Huế,Phường Phú Bài,16.409296,107.6779818,75,Moderate,1,20.1,96,0.0,4.9,174,1015.5,18,21.2,25.5,348.0,8.5,68.0,3.1
2026-03-08 02:00:00,2026,3,8,2,Huế,Phường Phú Bài,16.409296,107.6779818,74,Moderate,1,19.8,98,0.0,6.2,210,1015.2,24,21.8,26.4,346.0,8.5,64.0,2.9
2026-03-08 03:00:00,2026,3,8,3,Huế,Phường Phú Bài,16.409296,107.6779818,74,Moderate,1,19.6,98,0.0,8.3,222,1014.9,45,23.2,27.9,338.0,8.4,61.0,2.7
2026-03-08 04:00:00,2026,3,8,4,Huế,Phường Phú Bài,16.409296,107.6779818,74,Moderate,1,19.5,98,0.1,1.5,194,1014.8,58,24.0,28.4,344.0,8.3,59.0,2.8
2026-03-08 05:00:00,2026,3,8,5,Huế,Phường Phú Bài,16.409296,107.6779818,74,Moderate,1,19.9,96,0.2,3.4,133,1015.0,38,24.7,28.0,386.0,8.2,60.0,3.2
2026-03-08 06:00:00,2026,3,8,6,Huế,Phường Phú Bài,16.409296,107.6779818,74,Moderate,1,19.8,96,0.0,3.6,162,1015.5,34,24.3,27.4,441.0,8.0,62.0,3.8
2026-03-08 07:00:00,2026,3,8,7,Huế,Phường Phú Bài,16.409296,107.6779818,74,Moderate,1,20.6,94,0.0,7.2,202,1015.9,21,24.4,28.1,461.0,9.4,63.0,4.5
2026-03-08 08:00:00,2026,3,8,8,Huế,Phường Phú Bài,16.409296,107.6779818,74,Moderate,1,22.8,85,0.0,6.8,182,1016.4,23,21.1,27.2,411.0,7.3,75.0,3.9
2026-03-08 09:00:00,2026,3,8,9,Huế,Phường Phú Bài,16.409296,107.6779818,74,Moderate,1,24.8,74,0.0,11.3,119,1016.6,55,17.1,22.9,325.0,4.4,92.0,3.0
2026-03-08 10:00:00,2026,3,8,10,Huế,Phường Phú Bài,16.409296,107.6779818,73,Moderate,1,25.9,68,0.1,13.0,95,1016.5,72,18.5,24.5,259.0,2.2,105.0,2.3
2026-03-08 11:00:00,2026,3,8,11,Huế,Phường Phú Bài,16.409296,107.6779818,73,Moderate,1,26.2,66,0.1,17.3,82,1015.8,48,13.6,17.6,237.0,1.3,109.0,1.9
2026-03-08 12:00:00,2026,3,8,12,Huế,Phường Phú Bài,16.409296,107.6779818,72,Moderate,1,26.5,66,0.0,18.7,79,1014.8,24,12.1,15.7,235.0,1.1,109.0,1.6
2026-03-08 13:00:00,2026,3,8,13,Huế,Phường Phú Bài,16.409296,107.6779818,71,Moderate,1,26.4,65,0.0,18.0,76,1014.1,36,11.6,15.2,237.0,1.1,108.0,1.4
2026-03-08 14:00:00,2026,3,8,14,Huế,Phường Phú Bài,16.409296,107.6779818,70,Moderate,1,26.0,68,0.0,18.2,73,1013.4,41,11.1,14.6,238.0,0.9,108.0,1.3
2026-03-08 15:00:00,2026,3,8,15,Huế,Phường Phú Bài,16.409296,107.6779818,68,Moderate,1,25.8,71,0.0,18.5,66,1012.6,27,10.3,13.5,243.0,1.0,107.0,1.2
2026-03-08 16:00:00,2026,3,8,16,Huế,Phường Phú Bài,16.409296,107.6779818,67,Moderate,1,25.4,73,0.0,18.3,70,1012.6,23,9.7,12.7,248.0,1.7,104.0,1.4
2026-03-08 17:00:00,2026,3,8,17,Huế,Phường Phú Bài,16.409296,107.6779818,66,Moderate,1,24.3,77,0.0,16.7,79,1012.6,27,9.1,11.8,253.0,3.6,98.0,2.0
2026-03-08 18:00:00,2026,3,8,18,Huế,Phường Phú Bài,16.409296,107.6779818,65,Moderate,1,23.4,80,0.0,13.5,90,1013.0,20,9.4,12.0,258.0,6.3,90.0,2.7
2026-03-08 19:00:00,2026,3,8,19,Huế,Phường Phú Bài,16.409296,107.6779818,64,Moderate,1,22.3,88,0.0,13.8,96,1013.5,5,14.2,17.8,263.0,7.1,88.0,3.3
2026-03-08 20:00:00,2026,3,8,20,Huế,Phường Phú Bài,16.409296,107.6779818,63,Moderate,1,22.1,91,0.0,11.5,94,1014.3,12,15.3,18.5,267.0,8.7,80.0,3.9
2026-03-08 21:00:00,2026,3,8,21,Huế,Phường Phú Bài,16.409296,107.6779818,62,Moderate,1,22.0,91,0.0,11.0,93,1015.0,27,15.8,18.6,271.0,10.8,69.0,4.6
2026-03-08 22:00:00,2026,3,8,22,Huế,Phường Phú Bài,16.409296,107.6779818,62,Moderate,1,21.9,91,0.2,10.8,95,1015.8,73,16.3,19.0,270.0,11.8,63.0,4.9
2026-03-08 23:00:00,2026,3,8,23,Huế,Phường Phú Bài,16.409296,107.6779818,61,Moderate,1,21.5,93,0.2,9.4,59,1016.0,82,15.5,17.9,263.0,10.7,65.0,4.4
2026-03-09 00:00:00,2026,3,9,0,Huế,Phường Phú Bài,16.409296,107.6779818,60,Moderate,1,21.1,97,0.5,6.2,78,1016.1,98,13.1,15.7,251.0,8.6,71.0,3.5
2026-03-09 01:00:00,2026,3,9,1,Huế,Phường Phú Bài,16.409296,107.6779818,60,Moderate,1,21.8,94,0.4,12.8,68,1015.1,96,10.9,13.4,241.0,6.7,76.0,2.8
2026-03-09 02:00:00,2026,3,9,2,Huế,Phường Phú Bài,16.409296,107.6779818,59,Moderate,1,21.8,93,0.5,12.1,93,1015.0,100,10.7,13.5,232.0,5.5,79.0,2.4
2026-03-09 03:00:00,2026,3,9,3,Huế,Phường Phú Bài,16.409296,107.6779818,58,Moderate,1,21.7,91,0.5,12.8,96,1014.6,80,10.2,13.4,225.0,4.6,82.0,2.2
2026-03-09 04:00:00,2026,3,9,4,Huế,Phường Phú Bài,16.409296,107.6779818,57,Moderate,1,21.4,95,0.0,8.6,100,1014.7,100,9.2,12.3,225.0,4.3,83.0,2.2
2026-03-09 05:00:00,2026,3,9,5,Huế,Phường Phú Bài,16.409296,107.6779818,55,Moderate,1,21.2,97,0.1,5.9,102,1015.2,100,9.5,12.8,242.0,5.1,82.0,2.5
2026-03-09 06:00:00,2026,3,9,6,Huế,Phường Phú Bài,16.409296,107.6779818,54,Moderate,1,21.2,97,0.2,9.6,76,1015.9,88,10.9,14.4,268.0,6.5,79.0,3.1
2026-03-09 07:00:00,2026,3,9,7,Huế,Phường Phú Bài,16.409296,107.6779818,53,Moderate,1,21.7,96,0.1,8.1,86,1016.7,85,12.0,15.3,280.0,7.6,72.0,3.4
2026-03-09 08:00:00,2026,3,9,8,Huế,Phường Phú Bài,16.409296,107.6779818,52,Moderate,1,23.4,89,0.1,3.8,107,1017.3,100,12.1,16.2,267.0,6.2,80.0,3.1
2026-03-09 09:00:00,2026,3,9,9,Huế,Phường Phú Bài,16.409296,107.6779818,51,Moderate,1,24.5,80,0.8,14.3,84,1017.6,79,12.5,16.1,241.0,4.2,92.0,2.8
2026-03-09 10:00:00,2026,3,9,10,Huế,Phường Phú Bài,16.409296,107.6779818,50,Good,0,25.0,83,1.0,16.7,83,1017.9,80,10.7,14.6,220.0,2.7,101.0,2.4
2026-03-09 11:00:00,2026,3,9,11,Huế,Phường Phú Bài,16.409296,107.6779818,50,Good,0,26.1,74,0.2,19.0,77,1017.4,77,8.8,12.3,212.0,1.9,105.0,2.1
2026-03-09 12:00:00,2026,3,9,12,Huế,Phường Phú Bài,16.409296,107.6779818,49,Good,0,25.5,79,0.7,19.5,76,1016.5,48,8.2,11.4,210.0,1.6,105.0,1.7
2026-03-09 13:00:00,2026,3,9,13,Huế,Phường Phú Bài,16.409296,107.6779818,48,Good,0,25.6,77,0.2,20.6,69,1015.8,53,9.1,12.3,209.0,1.4,105.0,1.5
2026-03-09 14:00:00,2026,3,9,14,Huế,Phường Phú Bài,16.409296,107.6779818,48,Good,0,26.0,75,0.4,20.6,68,1015.4,30,9.8,13.4,208.0,1.1,104.0,1.3
2026-03-09 15:00:00,2026,3,9,15,Huế,Phường Phú Bài,16.409296,107.6779818,47,Good,0,25.6,76,0.2,19.8,65,1015.0,43,9.0,12.4,209.0,1.0,102.0,1.2
2026-03-09 16:00:00,2026,3,9,16,Huế,Phường Phú Bài,16.409296,107.6779818,47,Good,0,24.1,81,0.8,18.2,69,1015.3,78,9.3,12.7,212.0,1.8,98.0,1.3
2026-03-09 17:00:00,2026,3,9,17,Huế,Phường Phú Bài,16.409296,107.6779818,47,Good,0,23.1,86,0.5,15.6,76,1015.5,100,10.0,13.6,221.0,4.5,90.0,1.9
2026-03-09 18:00:00,2026,3,9,18,Huế,Phường Phú Bài,16.409296,107.6779818,47,Good,0,21.5,96,0.6,9.6,60,1015.8,98,13.0,17.0,232.0,8.2,80.0,2.7
2026-03-09 19:00:00,2026,3,9,19,Huế,Phường Phú Bài,16.409296,107.6779818,48,Good,0,22.1,96,0.5,8.1,65,1016.4,95,14.5,18.6,239.0,9.6,78.0,3.3
2026-03-09 20:00:00,2026,3,9,20,Huế,Phường Phú Bài,16.409296,107.6779818,48,Good,0,22.0,96,1.0,9.8,58,1017.3,100,13.7,18.3,238.0,8.5,80.0,3.2
2026-03-09 21:00:00,2026,3,9,21,Huế,Phường Phú Bài,16.409296,107.6779818,48,Good,0,21.9,95,0.4,13.6,61,1017.9,93,13.6,18.5,233.0,6.8,82.0,3.0
2026-03-09 22:00:00,2026,3,9,22,Huế,Phường Phú Bài,16.409296,107.6779818,47,Good,0,21.4,96,0.7,10.7,61,1018.7,100,13.4,17.2,227.0,5.5,85.0,2.8
2026-03-09 23:00:00,2026,3,9,23,Huế,Phường Phú Bài,16.409296,107.6779818,47,Good,0,21.4,97,0.8,10.1,40,1018.7,100,13.3,17.2,220.0,4.7,87.0,2.5
2026-03-10 00:00:00,2026,3,10,0,Huế,Phường Phú Bài,16.409296,107.6779818,46,Good,0,21.3,95,1.0,11.7,44,1018.5,93,13.0,16.9,212.0,4.1,90.0,2.2
2026-03-10 01:00:00,2026,3,10,1,Huế,Phường Phú Bài,16.409296,107.6779818,46,Good,0,21.2,96,0.4,11.7,52,1017.8,98,12.7,16.7,208.0,3.7,91.0,1.9
2026-03-10 02:00:00,2026,3,10,2,Huế,Phường Phú Bài,16.409296,107.6779818,47,Good,0,21.2,96,1.2,7.2,18,1017.5,100,12.3,16.3,210.0,3.3,91.0,1.7
2026-03-10 03:00:00,2026,3,10,3,Huế,Phường Phú Bài,16.409296,107.6779818,47,Good,0,21.1,95,1.1,10.4,58,1017.1,100,12.5,16.5,215.0,3.0,90.0,1.5
2026-03-10 04:00:00,2026,3,10,4,Huế,Phường Phú Bài,16.409296,107.6779818,47,Good,0,20.9,96,0.5,6.8,61,1017.0,93,11.9,15.8,225.0,3.1,88.0,1.5
2026-03-10 05:00:00,2026,3,10,5,Huế,Phường Phú Bài,16.409296,107.6779818,48,Good,0,20.8,96,0.8,8.0,59,1017.3,100,13.2,17.0,241.0,4.0,85.0,1.8
2026-03-10 06:00:00,2026,3,10,6,Huế,Phường Phú Bài,16.409296,107.6779818,49,Good,0,21.1,96,0.5,7.6,71,1017.5,100,15.1,19.6,262.0,5.2,82.0,2.3
2026-03-10 07:00:00,2026,3,10,7,Huế,Phường Phú Bài,16.409296,107.6779818,49,Good,0,21.6,92,1.6,11.1,83,1018.3,100,16.8,21.1,281.0,5.9,81.0,2.4
2026-03-10 08:00:00,2026,3,10,8,Huế,Phường Phú Bài,16.409296,107.6779818,50,Good,0,21.6,96,3.4,13.0,66,1019.4,100,17.3,22.5,298.0,5.7,85.0,2.5
2026-03-10 09:00:00,2026,3,10,9,Huế,Phường Phú Bài,16.409296,107.6779818,51,Moderate,1,22.5,87,2.5,16.7,49,1019.6,100,18.0,22.2,315.0,5.4,91.0,2.6
2026-03-10 10:00:00,2026,3,10,10,Huế,Phường Phú Bài,16.409296,107.6779818,51,Moderate,1,23.1,79,0.0,18.6,46,1020.0,100,18.6,22.9,328.0,4.9,97.0,2.7
2026-03-10 11:00:00,2026,3,10,11,Huế,Phường Phú Bài,16.409296,107.6779818,52,Moderate,1,24.0,71,0.0,20.6,46,1019.6,100,18.1,23.2,338.0,4.0,104.0,2.8
2026-03-10 12:00:00,2026,3,10,12,Huế,Phường Phú Bài,16.409296,107.6779818,53,Moderate,1,23.8,71,0.0,19.1,42,1018.6,100,17.3,21.9,346.0,2.9,111.0,3.0
2026-03-10 13:00:00,2026,3,10,13,Huế,Phường Phú Bài,16.409296,107.6779818,53,Moderate,1,24.3,69,0.0,18.9,40,1017.8,99,20.4,25.1,348.0,2.3,116.0,3.4
2026-03-10 14:00:00,2026,3,10,14,Huế,Phường Phú Bài,16.409296,107.6779818,54,Moderate,1,24.5,67,0.0,17.3,46,1016.8,92,24.4,30.0,341.0,2.6,117.0,4.1
2026-03-10 15:00:00,2026,3,10,15,Huế,Phường Phú Bài,16.409296,107.6779818,56,Moderate,1,24.1,69,0.0,16.0,45,1016.4,93,26.7,31.1,329.0,3.5,117.0,4.9
2026-03-10 16:00:00,2026,3,10,16,Huế,Phường Phú Bài,16.409296,107.6779818,57,Moderate,1,23.8,69,0.0,14.4,43,1016.4,91,28.8,33.3,319.0,4.7,115.0,5.6
2026-03-10 17:00:00,2026,3,10,17,Huế,Phường Phú Bài,16.409296,107.6779818,59,Moderate,1,23.4,71,0.0,10.5,38,1016.3,100,32.0,38.0,316.0,6.4,112.0,6.0
2026-03-10 18:00:00,2026,3,10,18,Huế,Phường Phú Bài,16.409296,107.6779818,61,Moderate,1,22.7,75,0.0,7.1,47,1016.4,100,34.7,39.3,316.0,8.3,108.0,6.1
2026-03-10 19:00:00,2026,3,10,19,Huế,Phường Phú Bài,16.409296,107.6779818,63,Moderate,1,21.8,83,0.2,8.6,60,1017.3,100,32.0,35.9,314.0,11.1,87.0,7.9
2026-03-10 20:00:00,2026,3,10,20,Huế,Phường Phú Bài,16.409296,107.6779818,64,Moderate,1,21.4,87,0.3,8.3,56,1017.8,100,30.6,34.2,310.0,9.9,89.0,7.6
2026-03-10 21:00:00,2026,3,10,21,Huế,Phường Phú Bài,16.409296,107.6779818,66,Moderate,1,21.1,89,0.1,7.3,46,1018.1,100,28.8,32.5,304.0,8.1,91.0,7.1
2026-03-10 22:00:00,2026,3,10,22,Huế,Phường Phú Bài,16.409296,107.6779818,67,Moderate,1,21.0,89,0.1,6.9,28,1018.3,100,27.4,31.0,296.0,6.9,91.0,6.5
2026-03-10 23:00:00,2026,3,10,23,Huế,Phường Phú Bài,16.409296,107.6779818,68,Moderate,1,20.9,90,0.1,7.0,23,1018.1,100,26.7,29.8,284.0,6.6,88.0,5.7
2026-03-11 00:00:00,2026,3,11,0,Huế,Phường Phú Bài,16.409296,107.6779818,70,Moderate,1,20.6,92,0.1,3.3,36,1017.8,99,26.0,29.5,270.0,6.7,84.0,4.9
2026-03-11 01:00:00,2026,3,11,1,Huế,Phường Phú Bài,16.409296,107.6779818,71,Moderate,1,20.4,95,0.0,4.0,328,1017.5,93,27.3,31.8,260.0,6.9,81.0,4.3
2026-03-11 02:00:00,2026,3,11,2,Huế,Phường Phú Bài,16.409296,107.6779818,72,Moderate,1,20.2,96,0.2,3.2,322,1016.8,90,28.1,32.9,251.0,7.0,79.0,4.2
2026-03-11 03:00:00,2026,3,11,3,Huế,Phường Phú Bài,16.409296,107.6779818,73,Moderate,1,20.2,96,0.1,3.0,295,1016.3,87,27.5,32.6,247.0,7.2,78.0,4.3
2026-03-11 04:00:00,2026,3,11,4,Huế,Phường Phú Bài,16.409296,107.6779818,75,Moderate,1,20.1,98,0.1,2.3,299,1016.0,95,28.7,33.8,262.0,7.3,79.0,4.6
2026-03-11 05:00:00,2026,3,11,5,Huế,Phường Phú Bài,16.409296,107.6779818,76,Moderate,1,20.0,98,0.2,2.3,302,1016.3,96,28.2,33.9,322.0,7.6,82.0,5.4
2026-03-11 06:00:00,2026,3,11,6,Huế,Phường Phú Bài,16.409296,107.6779818,78,Moderate,1,20.0,97,0.2,1.1,261,1016.4,47,28.3,34.2,401.0,7.9,87.0,6.3
2026-03-11 07:00:00,2026,3,11,7,Huế,Phường Phú Bài,16.409296,107.6779818,79,Moderate,1,20.2,96,0.5,1.7,238,1016.9,98,27.0,31.4,442.0,8.5,84.0,6.9
2026-03-11 08:00:00,2026,3,11,8,Huế,Phường Phú Bài,16.409296,107.6779818,80,Moderate,1,21.0,89,0.1,2.4,279,1017.5,71,21.9,24.7,407.0,7.0,94.0,6.4
2026-03-11 09:00:00,2026,3,11,9,Huế,Phường Phú Bài,16.409296,107.6779818,80,Moderate,1,22.0,86,0.5,2.1,308,1017.8,58,19.0,21.4,334.0,4.8,108.0,5.7
2026-03-11 10:00:00,2026,3,11,10,Huế,Phường Phú Bài,16.409296,107.6779818,80,Moderate,1,23.6,81,0.8,5.8,16,1017.5,70,19.0,21.2,275.0,3.1,118.0,4.9
2026-03-11 11:00:00,2026,3,11,11,Huế,Phường Phú Bài,16.409296,107.6779818,80,Moderate,1,24.2,74,0.2,9.4,35,1016.9,77,18.2,20.4,252.0,2.1,120.0,3.9
2026-03-11 12:00:00,2026,3,11,12,Huế,Phường Phú Bài,16.409296,107.6779818,80,Moderate,1,24.2,77,0.5,10.6,40,1016.1,45,15.8,17.8,243.0,1.6,118.0,2.8
2026-03-11 13:00:00,2026,3,11,13,Huế,Phường Phú Bài,16.409296,107.6779818,80,Moderate,1,23.8,80,0.6,10.5,12,1015.4,100,14.3,16.2,238.0,1.4,116.0,2.1
2026-03-11 14:00:00,2026,3,11,14,Huế,Phường Phú Bài,16.409296,107.6779818,80,Moderate,1,23.7,79,0.1,12.6,22,1014.4,99,14.8,16.9,234.0,1.3,116.0,1.9
2026-03-11 15:00:00,2026,3,11,15,Huế,Phường Phú Bài,16.409296,107.6779818,79,Moderate,1,23.3,80,0.2,11.3,34,1013.8,96,14.2,16.6,234.0,1.6,115.0,2.2
2026-03-11 16:00:00,2026,3,11,16,Huế,Phường Phú Bài,16.409296,107.6779818,78,Moderate,1,22.8,81,0.1,11.2,48,1013.6,61,14.2,17.3,238.0,2.7,111.0,2.5
2026-03-11 17:00:00,2026,3,11,17,Huế,Phường Phú Bài,16.409296,107.6779818,76,Moderate,1,22.2,84,0.4,10.7,55,1013.6,96,13.6,16.9,248.0,5.3,101.0,3.0
2026-03-11 18:00:00,2026,3,11,18,Huế,Phường Phú Bài,16.409296,107.6779818,75,Moderate,1,21.6,89,0.2,9.5,65,1013.6,100,14.6,17.5,261.0,8.7,88.0,3.6
2026-03-11 19:00:00,2026,3,11,19,Huế,Phường Phú Bài,16.409296,107.6779818,73,Moderate,1,21.7,89,0.3,6.5,66,1014.5,100,17.2,19.8,271.0,12.2,75.0,4.7
2026-03-11 20:00:00,2026,3,11,20,Huế,Phường Phú Bài,16.409296,107.6779818,72,Moderate,1,21.5,90,0.0,7.3,73,1015.1,99,21.1,24.0,273.0,12.2,73.0,4.9
2026-03-11 21:00:00,2026,3,11,21,Huế,Phường Phú Bài,16.409296,107.6779818,71,Moderate,1,21.5,90,0.0,7.1,75,1015.6,97,18.2,21.5,272.0,12.1,70.0,5.1
2026-03-11 22:00:00,2026,3,11,22,Huế,Phường Phú Bài,16.409296,107.6779818,70,Moderate,1,21.3,93,0.3,7.2,91,1016.0,98,18.3,21.5,268.0,11.8,68.0,5.1
2026-03-11 23:00:00,2026,3,11,23,Huế,Phường Phú Bài,16.409296,107.6779818,69,Moderate,1,21.0,96,0.5,6.1,93,1015.6,100,16.5,19.4,261.0,11.1,69.0,4.8
2026-03-12 00:00:00,2026,3,12,0,Huế,Phường Phú Bài,16.409296,107.6779818,68,Moderate,1,20.9,98,0.3,5.9,90,1015.3,100,15.6,18.6,253.0,10.2,71.0,4.3
2026-03-12 01:00:00,2026,3,12,1,Huế,Phường Phú Bài,16.409296,107.6779818,67,Moderate,1,20.7,96,0.2,9.2,74,1015.1,100,15.6,18.7,247.0,9.3,72.0,3.9
2026-03-12 02:00:00,2026,3,12,2,Huế,Phường Phú Bài,16.409296,107.6779818,66,Moderate,1,20.6,97,0.3,6.3,95,1014.3,100,15.1,18.0,243.0,8.5,72.0,3.5
2026-03-12 03:00:00,2026,3,12,3,Huế,Phường Phú Bài,16.409296,107.6779818,65,Moderate,1,20.5,97,0.1,4.6,72,1014.2,100,13.9,16.9,242.0,7.7,71.0,3.2
2026-03-12 04:00:00,2026,3,12,4,Huế,Phường Phú Bài,16.409296,107.6779818,64,Moderate,1,20.4,97,0.6,5.0,64,1014.2,100,14.5,17.5,250.0,7.4,71.0,3.2
2026-03-12 05:00:00,2026,3,12,5,Huế,Phường Phú Bài,16.409296,107.6779818,63,Moderate,1,20.6,95,0.1,3.5,81,1014.6,100,14.2,17.2,278.0,8.1,71.0,3.7
2026-03-12 06:00:00,2026,3,12,6,Huế,Phường Phú Bài,16.409296,107.6779818,61,Moderate,1,20.7,94,0.6,3.8,87,1015.2,98,14.5,17.5,316.0,9.2,71.0,4.6
2026-03-12 07:00:00,2026,3,12,7,Huế,Phường Phú Bài,16.409296,107.6779818,60,Moderate,1,21.4,94,0.2,7.8,94,1015.8,91,17.6,21.2,341.0,10.5,69.0,4.8
2026-03-12 08:00:00,2026,3,12,8,Huế,Phường Phú Bài,16.409296,107.6779818,59,Moderate,1,22.0,89,0.5,9.9,81,1016.6,81,17.3,20.8,339.0,8.7,80.0,4.5
2026-03-12 09:00:00,2026,3,12,9,Huế,Phường Phú Bài,16.409296,107.6779818,59,Moderate,1,21.8,91,2.7,8.6,79,1017.0,98,15.2,19.0,323.0,6.1,96.0,4.0
2026-03-12 10:00:00,2026,3,12,10,Huế,Phường Phú Bài,16.409296,107.6779818,58,Moderate,1,23.0,91,1.8,10.9,68,1016.9,100,15.9,20.0,310.0,4.1,109.0,3.5
2026-03-12 11:00:00,2026,3,12,11,Huế,Phường Phú Bài,16.409296,107.6779818,58,Moderate,1,22.5,87,5.2,12.9,63,1016.3,88,16.0,20.3,307.0,2.9,116.0,3.1
2026-03-12 12:00:00,2026,3,12,12,Huế,Phường Phú Bài,16.409296,107.6779818,58,Moderate,1,23.0,87,1.8,14.8,66,1015.2,93,16.4,20.1,306.0,2.2,119.0,2.7
2026-03-12 13:00:00,2026,3,12,13,Huế,Phường Phú Bài,16.409296,107.6779818,58,Moderate,1,24.5,75,0.1,16.3,69,1014.2,100,16.4,20.1,307.0,2.1,119.0,2.4
2026-03-12 14:00:00,2026,3,12,14,Huế,Phường Phú Bài,16.409296,107.6779818,58,Moderate,1,23.6,77,0.8,17.6,72,1013.5,100,16.6,20.4,308.0,2.7,114.0,2.3
2026-03-12 15:00:00,2026,3,12,15,Huế,Phường Phú Bài,16.409296,107.6779818,58,Moderate,1,23.5,78,0.5,17.8,74,1013.0,98,16.1,20.0,311.0,3.9,106.0,2.3
2026-03-12 16:00:00,2026,3,12,16,Huế,Phường Phú Bài,16.409296,107.6779818,59,Moderate,1,22.5,82,0.1,14.9,77,1013.0,99,16.1,19.1,314.0,5.2,99.0,2.4
2026-03-12 17:00:00,2026,3,12,17,Huế,Phường Phú Bài,16.409296,107.6779818,59,Moderate,1,21.0,95,1.4,13.0,66,1013.3,100,15.9,19.0,319.0,6.9,95.0,2.7
2026-03-12 18:00:00,2026,3,12,18,Huế,Phường Phú Bài,16.409296,107.6779818,59,Moderate,1,20.9,96,0.8,10.4,70,1013.6,100,16.2,19.4,324.0,8.8,92.0,3.0
2026-03-12 19:00:00,2026,3,12,19,Huế,Phường Phú Bài,16.409296,107.6779818,59,Moderate,1,20.9,96,0.4,10.9,82,1014.3,100,18.0,21.4,329.0,11.3,85.0,3.6
2026-03-12 20:00:00,2026,3,12,20,Huế,Phường Phú Bài,16.409296,107.6779818,59,Moderate,1,20.8,97,2.7,10.2,81,1015.2,100,17.1,20.2,334.0,9.7,89.0,3.4
2026-03-12 21:00:00,2026,3,12,21,Huế,Phường Phú Bài,16.409296,107.6779818,59,Moderate,1,20.8,96,2.9,12.4,77,1016.1,100,16.5,19.4,338.0,7.5,93.0,3.1
2026-03-12 22:00:00,2026,3,12,22,Huế,Phường Phú Bài,16.409296,107.6779818,59,Moderate,1,20.8,96,2.1,11.3,76,1016.4,100,16.4,19.8,341.0,5.7,97.0,2.8
2026-03-12 23:00:00,2026,3,12,23,Huế,Phường Phú Bài,16.409296,107.6779818,58,Moderate,1,20.5,96,0.7,11.6,75,1016.6,100,17.1,20.5,343.0,4.9,98.0,2.6
2026-03-13 00:00:00,2026,3,13,0,Huế,Phường Phú Bài,16.409296,107.6779818,59,Moderate,1,20.6,95,0.2,9.5,79,1016.0,100,17.9,21.2,343.0,4.7,97.0,2.5
2026-03-13 01:00:00,2026,3,13,1,Huế,Phường Phú Bài,16.409296,107.6779818,59,Moderate,1,20.2,96,0.3,10.6,72,1016.0,100,18.7,21.8,338.0,4.4,98.0,2.4
2026-03-13 02:00:00,2026,3,13,2,Huế,Phường Phú Bài,16.409296,107.6779818,59,Moderate,1,20.2,95,0.3,7.9,79,1015.5,100,19.7,23.0,322.0,3.9,103.0,2.5
2026-03-13 03:00:00,2026,3,13,3,Huế,Phường Phú Bài,16.409296,107.6779818,59,Moderate,1,20.2,95,0.3,11.7,81,1015.2,100,20.3,23.9,301.0,3.4,110.0,2.6
2026-03-13 04:00:00,2026,3,13,4,Huế,Phường Phú Bài,16.409296,107.6779818,60,Moderate,1,20.6,91,0.2,14.9,91,1014.9,100,20.2,24.0,287.0,3.2,114.0,2.7
2026-03-13 05:00:00,2026,3,13,5,Huế,Phường Phú Bài,16.409296,107.6779818,60,Moderate,1,20.6,91,0.2,13.5,94,1015.2,100,19.1,22.9,285.0,3.8,114.0,2.8
2026-03-13 06:00:00,2026,3,13,6,Huế,Phường Phú Bài,16.409296,107.6779818,61,Moderate,1,20.6,89,0.2,14.6,89,1015.9,100,17.9,21.8,290.0,4.8,112.0,2.9
2026-03-13 07:00:00,2026,3,13,7,Huế,Phường Phú Bài,16.409296,107.6779818,61,Moderate,1,20.9,87,0.0,11.2,92,1016.9,97,15.1,18.7,295.0,4.4,117.0,2.6
2026-03-13 08:00:00,2026,3,13,8,Huế,Phường Phú Bài,16.409296,107.6779818,61,Moderate,1,22.2,79,0.0,11.6,98,1017.6,91,14.6,18.0,302.0,4.9,112.0,2.7
2026-03-13 09:00:00,2026,3,13,9,Huế,Phường Phú Bài,16.409296,107.6779818,61,Moderate,1,23.4,71,0.0,12.0,102,1018.2,100,13.2,16.7,309.0,5.6,106.0,2.7
2026-03-13 10:00:00,2026,3,13,10,Huế,Phường Phú Bài,16.409296,107.6779818,61,Moderate,1,24.1,66,0.0,11.7,90,1018.1,100,12.9,16.8,309.0,5.7,103.0,2.7
2026-03-13 11:00:00,2026,3,13,11,Huế,Phường Phú Bài,16.409296,107.6779818,60,Moderate,1,24.5,65,0.0,10.4,88,1017.6,98,13.3,17.3,295.0,4.8,107.0,2.5
2026-03-13 12:00:00,2026,3,13,12,Huế,Phường Phú Bài,16.409296,107.6779818,60,Moderate,1,24.8,66,0.2,15.5,70,1016.4,88,14.9,19.8,275.0,3.4,114.0,2.3
2026-03-13 13:00:00,2026,3,13,13,Huế,Phường Phú Bài,16.409296,107.6779818,60,Moderate,1,23.0,80,0.4,17.0,67,1016.0,59,17.6,23.5,257.0,2.4,118.0,2.1
2026-03-13 14:00:00,2026,3,13,14,Huế,Phường Phú Bài,16.409296,107.6779818,60,Moderate,1,22.9,81,0.1,13.6,61,1015.3,100,17.4,23.3,245.0,1.9,118.0,1.9
2026-03-13 15:00:00,2026,3,13,15,Huế,Phường Phú Bài,16.409296,107.6779818,60,Moderate,1,23.5,76,0.1,17.5,69,1014.5,100,14.1,18.8,237.0,1.8,116.0,1.8
2026-03-13 16:00:00,2026,3,13,16,Huế,Phường Phú Bài,16.409296,107.6779818,60,Moderate,1,22.8,78,0.2,17.6,90,1014.5,76,12.7,16.9,235.0,2.9,111.0,2.0
2026-03-13 17:00:00,2026,3,13,17,Huế,Phường Phú Bài,16.409296,107.6779818,60,Moderate,1,22.3,82,0.1,12.7,83,1014.6,84,11.9,15.5,245.0,6.6,100.0,2.8
2026-03-13 18:00:00,2026,3,13,18,Huế,Phường Phú Bài,16.409296,107.6779818,59,Moderate,1,21.6,84,0.1,13.9,89,1015.0,100,12.0,15.0,261.0,11.5,86.0,4.0
2026-03-13 19:00:00,2026,3,13,19,Huế,Phường Phú Bài,16.409296,107.6779818,59,Moderate,1,21.2,88,0.3,13.0,84,1015.6,99,18.0,21.4,274.0,16.2,73.0,4.9
2026-03-13 20:00:00,2026,3,13,20,Huế,Phường Phú Bài,16.409296,107.6779818,59,Moderate,1,21.1,91,0.2,13.7,79,1016.4,100,16.4,19.8,281.0,13.2,82.0,4.4
2026-03-13 21:00:00,2026,3,13,21,Huế,Phường Phú Bài,16.409296,107.6779818,59,Moderate,1,20.7,96,0.5,11.9,90,1016.9,100,14.9,19.0,284.0,9.2,94.0,3.8
2026-03-13 22:00:00,2026,3,13,22,Huế,Phường Phú Bài,16.409296,107.6779818,59,Moderate,1,20.5,97,0.8,7.6,95,1017.0,100,14.7,19.0,283.0,6.4,100.0,3.3
2026-03-13 23:00:00,2026,3,13,23,Huế,Phường Phú Bài,16.409296,107.6779818,59,Moderate,1,20.5,97,1.5,6.1,85,1016.8,100,15.3,19.7,276.0,6.1,96.0,3.0
2026-03-14 00:00:00,2026,3,14,0,Huế,Phường Phú Bài,16.409296,107.6779818,58,Moderate,1,20.5,97,1.7,6.6,103,1016.6,100,15.0,19.3,264.0,7.1,86.0,2.8
2026-03-14 01:00:00,2026,3,14,1,Huế,Phường Phú Bài,16.409296,107.6779818,58,Moderate,1,20.5,96,0.9,9.0,85,1015.8,100,15.7,20.3,252.0,7.8,78.0,2.7
2026-03-14 02:00:00,2026,3,14,2,Huế,Phường Phú Bài,16.409296,107.6779818,58,Moderate,1,20.6,96,0.6,14.1,95,1015.7,100,14.2,18.4,237.0,7.6,74.0,2.6
2026-03-14 03:00:00,2026,3,14,3,Huế,Phường Phú Bài,16.409296,107.6779818,57,Moderate,1,20.6,95,1.0,12.1,89,1015.4,100,14.7,18.9,223.0,7.2,72.0,2.5
2026-03-14 04:00:00,2026,3,14,4,Huế,Phường Phú Bài,16.409296,107.6779818,57,Moderate,1,20.2,96,0.7,14.8,103,1015.6,100,14.7,18.9,219.0,7.1,72.0,2.6
2026-03-14 05:00:00,2026,3,14,5,Huế,Phường Phú Bài,16.409296,107.6779818,56,Moderate,1,20.3,95,0.7,14.1,101,1016.0,100,14.9,19.6,238.0,7.7,75.0,3.0
2026-03-14 06:00:00,2026,3,14,6,Huế,Phường Phú Bài,16.409296,107.6779818,56,Moderate,1,20.0,97,0.9,10.0,113,1017.2,100,15.9,21.2,267.0,8.5,80.0,3.5
2026-03-14 07:00:00,2026,3,14,7,Huế,Phường Phú Bài,16.409296,107.6779818,56,Moderate,1,20.8,93,2.1,16.3,83,1017.7,100,12.7,16.4,285.0,7.4,80.0,3.4
2026-03-14 08:00:00,2026,3,14,8,Huế,Phường Phú Bài,16.409296,107.6779818,56,Moderate,1,20.6,95,0.6,14.1,79,1018.7,100,12.7,17.0,280.0,5.8,90.0,2.9
2026-03-14 09:00:00,2026,3,14,9,Huế,Phường Phú Bài,16.409296,107.6779818,55,Moderate,1,21.7,90,0.6,18.6,95,1018.9,100,12.2,16.4,264.0,3.6,104.0,2.3
2026-03-14 10:00:00,2026,3,14,10,Huế,Phường Phú Bài,16.409296,107.6779818,55,Moderate,1,22.7,81,0.2,20.7,97,1019.2,100,11.6,16.2,246.0,1.9,115.0,1.7
2026-03-14 11:00:00,2026,3,14,11,Huế,Phường Phú Bài,16.409296,107.6779818,55,Moderate,1,23.1,76,0.1,19.8,97,1019.0,83,11.1,15.5,228.0,1.2,119.0,1.4
2026-03-14 12:00:00,2026,3,14,12,Huế,Phường Phú Bài,16.409296,107.6779818,55,Moderate,1,24.2,69,0.0,20.8,95,1017.9,53,11.2,15.6,209.0,0.9,120.0,1.1
2026-03-14 13:00:00,2026,3,14,13,Huế,Phường Phú Bài,16.409296,107.6779818,55,Moderate,1,25.2,63,0.0,21.3,93,1017.2,32,11.5,15.9,196.0,0.9,120.0,1.0
2026-03-14 14:00:00,2026,3,14,14,Huế,Phường Phú Bài,16.409296,107.6779818,54,Moderate,1,25.6,61,0.0,21.6,89,1016.3,30,11.7,16.1,192.0,0.8,121.0,1.0
2026-03-14 15:00:00,2026,3,14,15,Huế,Phường Phú Bài,16.409296,107.6779818,54,Moderate,1,25.4,59,0.0,20.4,88,1015.8,34,12.5,17.0,194.0,0.9,122.0,1.1
2026-03-14 16:00:00,2026,3,14,16,Huế,Phường Phú Bài,16.409296,107.6779818,60,Moderate,1,25.0,60,0.0,19.3,89,1015.6,27,12.6,17.1,198.0,1.5,120.0,1.3
2026-03-14 17:00:00,2026,3,14,17,Huế,Phường Phú Bài,16.409296,107.6779818,67,Moderate,1,23.7,66,0.0,16.3,84,1015.7,58,12.5,16.9,199.0,2.9,115.0,1.7
2026-03-14 18:00:00,2026,3,14,18,Huế,Phường Phú Bài,16.409296,107.6779818,69,Moderate,1,22.9,68,0.0,14.0,98,1016.1,7,12.6,16.6,203.0,4.7,107.0,2.3
2026-03-14 19:00:00,2026,3,14,19,Huế,Phường Phú Bài,16.409296,107.6779818,67,Moderate,1,22.5,73,0.0,12.5,123,1016.6,41,14.2,18.2,217.0,7.3,96.0,3.2
2026-03-14 20:00:00,2026,3,14,20,Huế,Phường Phú Bài,16.409296,107.6779818,62,Moderate,1,22.0,75,0.0,8.1,149,1017.5,59,14.9,18.8,252.0,7.9,91.0,3.6
2026-03-14 21:00:00,2026,3,14,21,Huế,Phường Phú Bài,16.409296,107.6779818,56,Moderate,1,21.6,77,0.0,6.1,175,1017.8,98,15.4,19.3,298.0,8.7,83.0,4.1
2026-03-14 22:00:00,2026,3,14,22,Huế,Phường Phú Bài,16.409296,107.6779818,53,Moderate,1,21.4,79,0.0,6.8,180,1017.8,13,16.3,20.4,335.0,9.5,76.0,4.4
2026-03-14 23:00:00,2026,3,14,23,Huế,Phường Phú Bài,16.409296,107.6779818,53,Moderate,1,20.2,85,0.0,5.6,201,1017.4,7,17.2,21.4,357.0,10.1,71.0,4.2
2026-03-15 00:00:00,2026,3,15,0,Huế,Phường Phú Bài,16.409296,107.6779818,54,Moderate,1,19.6,88,0.0,5.3,225,1017.3,17,17.5,21.8,370.0,10.6,66.0,3.8
2026-03-15 01:00:00,2026,3,15,1,Huế,Phường Phú Bài,16.409296,107.6779818,54,Moderate,1,20.0,89,0.0,3.0,205,1017.1,77,17.8,22.4,371.0,10.9,62.0,3.5
2026-03-15 02:00:00,2026,3,15,2,Huế,Phường Phú Bài,16.409296,107.6779818,54,Moderate,1,19.9,90,0.0,4.8,222,1016.5,62,17.5,22.1,348.0,10.8,58.0,3.3
2026-03-15 03:00:00,2026,3,15,3,Huế,Phường Phú Bài,16.409296,107.6779818,54,Moderate,1,19.5,91,0.0,5.5,221,1015.9,24,17.3,21.9,313.0,10.5,55.0,3.2
2026-03-15 04:00:00,2026,3,15,4,Huế,Phường Phú Bài,16.409296,107.6779818,54,Moderate,1,18.5,96,0.0,6.3,235,1016.0,27,17.6,22.3,293.0,10.3,53.0,3.3
2026-03-15 05:00:00,2026,3,15,5,Huế,Phường Phú Bài,16.409296,107.6779818,55,Moderate,1,18.2,98,0.0,5.6,245,1016.5,44,18.1,23.1,313.0,10.5,53.0,3.9
2026-03-15 06:00:00,2026,3,15,6,Huế,Phường Phú Bài,16.409296,107.6779818,55,Moderate,1,18.2,98,0.0,5.5,238,1017.3,100,19.0,24.2,349.0,10.8,54.0,4.7
2026-03-15 07:00:00,2026,3,15,7,Huế,Phường Phú Bài,16.409296,107.6779818,55,Moderate,1,19.0,93,0.0,4.1,209,1018.1,25,18.8,23.5,359.0,9.5,67.0,4.7
2026-03-15 08:00:00,2026,3,15,8,Huế,Phường Phú Bài,16.409296,107.6779818,56,Moderate,1,22.4,81,0.0,2.4,216,1018.6,48,15.9,21.6,316.0,7.1,81.0,4.0
2026-03-15 09:00:00,2026,3,15,9,Huế,Phường Phú Bài,16.409296,107.6779818,56,Moderate,1,23.9,72,0.0,7.7,108,1019.1,24,14.6,21.2,248.0,3.9,101.0,2.9
2026-03-15 10:00:00,2026,3,15,10,Huế,Phường Phú Bài,16.409296,107.6779818,56,Moderate,1,25.0,67,0.1,12.5,95,1018.9,30,15.0,22.2,197.0,1.5,115.0,2.1
2026-03-15 11:00:00,2026,3,15,11,Huế,Phường Phú Bài,16.409296,107.6779818,57,Moderate,1,25.5,65,0.0,14.6,91,1018.2,16,14.0,20.6,181.0,0.8,119.0,1.7
2026-03-15 12:00:00,2026,3,15,12,Huế,Phường Phú Bài,16.409296,107.6779818,57,Moderate,1,26.5,61,0.0,15.3,78,1017.1,12,13.2,19.5,181.0,0.9,117.0,1.5
2026-03-15 13:00:00,2026,3,15,13,Huế,Phường Phú Bài,16.409296,107.6779818,57,Moderate,1,25.9,63,0.0,16.9,74,1016.3,17,12.5,18.4,184.0,1.1,115.0,1.4
2026-03-15 14:00:00,2026,3,15,14,Huế,Phường Phú Bài,16.409296,107.6779818,57,Moderate,1,26.0,62,0.0,16.9,81,1015.4,18,11.8,17.5,184.0,1.0,113.0,1.2
2026-03-15 15:00:00,2026,3,15,15,Huế,Phường Phú Bài,16.409296,107.6779818,57,Moderate,1,25.8,62,0.0,18.7,82,1014.8,56,12.2,18.0,186.0,1.0,110.0,1.1
2026-03-15 16:00:00,2026,3,15,16,Huế,Phường Phú Bài,16.409296,107.6779818,57,Moderate,1,24.9,65,0.0,19.1,81,1014.6,70,12.0,17.7,191.0,1.5,106.0,1.2
2026-03-15 17:00:00,2026,3,15,17,Huế,Phường Phú Bài,16.409296,107.6779818,57,Moderate,1,24.0,68,0.0,15.5,88,1014.7,51,11.8,17.1,200.0,2.7,102.0,1.6
2026-03-15 18:00:00,2026,3,15,18,Huế,Phường Phú Bài,16.409296,107.6779818,57,Moderate,1,23.0,72,0.0,10.8,91,1014.9,8,12.1,16.6,212.0,4.4,97.0,2.1
2026-03-15 19:00:00,2026,3,15,19,Huế,Phường Phú Bài,16.409296,107.6779818,57,Moderate,1,22.6,74,0.0,11.9,100,1015.6,8,12.5,16.9,224.0,6.5,90.0,2.9
2026-03-15 20:00:00,2026,3,15,20,Huế,Phường Phú Bài,16.409296,107.6779818,57,Moderate,1,22.5,74,0.0,11.8,99,1016.4,22,13.4,17.8,235.0,6.5,88.0,3.1
2026-03-15 21:00:00,2026,3,15,21,Huế,Phường Phú Bài,16.409296,107.6779818,57,Moderate,1,22.0,76,0.0,10.4,101,1016.9,15,13.0,17.2,246.0,6.5,85.0,3.3
2026-03-15 22:00:00,2026,3,15,22,Huế,Phường Phú Bài,16.409296,107.6779818,56,Moderate,1,21.5,79,0.0,8.9,118,1016.9,4,12.9,17.2,262.0,6.6,82.0,3.4
2026-03-15 23:00:00,2026,3,15,23,Huế,Phường Phú Bài,16.409296,107.6779818,56,Moderate,1,20.7,84,0.0,7.0,148,1016.8,1,13.1,17.4,290.0,6.9,79.0,3.3
2026-03-16 00:00:00,2026,3,16,0,Huế,Phường Phú Bài,16.409296,107.6779818,56,Moderate,1,19.8,89,0.0,6.1,182,1016.3,1,13.4,17.8,322.0,7.4,76.0,3.1
2026-03-16 01:00:00,2026,3,16,1,Huế,Phường Phú Bài,16.409296,107.6779818,55,Moderate,1,19.6,92,0.0,5.4,186,1015.7,18,13.4,17.9,346.0,7.6,73.0,2.9
2026-03-16 02:00:00,2026,3,16,2,Huế,Phường Phú Bài,16.409296,107.6779818,55,Moderate,1,19.4,93,0.0,4.8,205,1015.0,25,13.8,18.5,352.0,7.3,71.0,2.8
2026-03-16 03:00:00,2026,3,16,3,Huế,Phường Phú Bài,16.409296,107.6779818,55,Moderate,1,19.3,94,0.0,6.1,203,1014.3,27,14.3,19.1,349.0,6.8,70.0,2.6
2026-03-16 04:00:00,2026,3,16,4,Huế,Phường Phú Bài,16.409296,107.6779818,54,Moderate,1,18.5,97,0.0,5.6,205,1014.1,24,14.1,18.8,351.0,6.6,69.0,2.7
2026-03-16 05:00:00,2026,3,16,5,Huế,Phường Phú Bài,16.409296,107.6779818,54,Moderate,1,18.1,98,0.0,6.6,206,1013.9,28,14.0,18.3,373.0,7.2,66.0,3.2
2026-03-16 06:00:00,2026,3,16,6,Huế,Phường Phú Bài,16.409296,107.6779818,54,Moderate,1,17.8,99,0.0,5.6,222,1014.6,52,14.2,18.3,399.0,8.2,63.0,3.8
2026-03-16 07:00:00,2026,3,16,7,Huế,Phường Phú Bài,16.409296,107.6779818,53,Moderate,1,19.1,94,0.0,5.7,212,1015.4,30,14.9,18.7,397.0,7.8,70.0,3.8
2026-03-16 08:00:00,2026,3,16,8,Huế,Phường Phú Bài,16.409296,107.6779818,53,Moderate,1,22.4,81,0.0,3.8,191,1016.2,13,13.8,18.7,337.0,6.1,83.0,3.3
2026-03-16 09:00:00,2026,3,16,9,Huế,Phường Phú Bài,16.409296,107.6779818,53,Moderate,1,24.6,70,0.0,7.7,114,1016.7,26,12.8,18.2,249.0,3.9,100.0,2.6
2026-03-16 10:00:00,2026,3,16,10,Huế,Phường Phú Bài,16.409296,107.6779818,53,Moderate,1,25.5,65,0.1,12.4,92,1016.6,56,11.9,17.0,183.0,2.1,113.0,2.1
2026-03-16 11:00:00,2026,3,16,11,Huế,Phường Phú Bài,16.409296,107.6779818,52,Moderate,1,25.5,67,0.1,13.0,87,1016.1,42,12.2,17.5,164.0,1.4,118.0,1.8
2026-03-16 12:00:00,2026,3,16,12,Huế,Phường Phú Bài,16.409296,107.6779818,52,Moderate,1,26.5,63,0.0,13.3,87,1014.7,37,12.3,17.6,167.0,1.1,118.0,1.6
2026-03-16 13:00:00,2026,3,16,13,Huế,Phường Phú Bài,16.409296,107.6779818,52,Moderate,1,25.0,70,0.0,17.0,80,1014.1,41,11.6,16.8,172.0,1.1,117.0,1.5
2026-03-16 14:00:00,2026,3,16,14,Huế,Phường Phú Bài,16.409296,107.6779818,52,Moderate,1,25.5,67,0.0,16.2,77,1013.1,100,10.9,15.7,170.0,1.0,114.0,1.3
2026-03-16 15:00:00,2026,3,16,15,Huế,Phường Phú Bài,16.409296,107.6779818,52,Moderate,1,25.3,66,0.0,16.0,79,1012.4,100,10.0,14.3,169.0,1.2,110.0,1.2
2026-03-16 16:00:00,2026,3,16,16,Huế,Phường Phú Bài,16.409296,107.6779818,52,Moderate,1,24.6,66,0.0,16.2,87,1012.2,100,9.5,13.6,170.0,1.7,105.0,1.3
2026-03-16 17:00:00,2026,3,16,17,Huế,Phường Phú Bài,16.409296,107.6779818,57,Moderate,1,24.0,69,0.0,15.6,83,1012.1,97,9.1,13.0,174.0,2.9,100.0,1.7
2026-03-16 18:00:00,2026,3,16,18,Huế,Phường Phú Bài,16.409296,107.6779818,57,Moderate,1,23.4,71,0.0,13.8,84,1012.4,41,9.3,13.0,181.0,4.6,94.0,2.3
2026-03-16 19:00:00,2026,3,16,19,Huế,Phường Phú Bài,16.409296,107.6779818,53,Moderate,1,22.8,77,0.0,9.0,100,1012.8,23,11.6,15.3,192.0,7.6,83.0,3.3
2026-03-16 20:00:00,2026,3,16,20,Huế,Phường Phú Bài,16.409296,107.6779818,51,Moderate,1,22.9,77,0.0,10.4,100,1013.4,14,12.9,16.5,210.0,7.6,80.0,3.6
2026-03-16 21:00:00,2026,3,16,21,Huế,Phường Phú Bài,16.409296,107.6779818,51,Moderate,1,22.1,84,0.0,10.1,94,1013.9,5,13.2,16.9,231.0,7.7,77.0,3.9
2026-03-16 22:00:00,2026,3,16,22,Huế,Phường Phú Bài,16.409296,107.6779818,51,Moderate,1,21.7,85,0.0,9.5,105,1014.0,5,13.4,17.4,253.0,7.6,74.0,4.1
2026-03-16 23:00:00,2026,3,16,23,Huế,Phường Phú Bài,16.409296,107.6779818,51,Moderate,1,21.1,88,0.0,7.4,116,1013.8,3,13.0,17.0,277.0,7.2,73.0,3.9
2026-03-17 00:00:00,2026,3,17,0,Huế,Phường Phú Bài,16.409296,107.6779818,51,Moderate,1,20.2,92,0.0,5.5,148,1013.5,3,12.4,16.3,302.0,6.6,74.0,3.4
2026-03-17 01:00:00,2026,3,17,1,Huế,Phường Phú Bài,16.409296,107.6779818,51,Moderate,1,20.1,95,0.0,5.0,161,1012.8,17,12.1,15.9,312.0,6.3,73.0,3.1
2026-03-17 02:00:00,2026,3,17,2,Huế,Phường Phú Bài,16.409296,107.6779818,51,Moderate,1,19.7,96,0.0,4.6,189,1012.3,5,12.2,16.0,293.0,6.3,70.0,3.0
2026-03-17 03:00:00,2026,3,17,3,Huế,Phường Phú Bài,16.409296,107.6779818,51,Moderate,1,19.2,97,0.0,4.8,211,1011.9,2,12.4,16.1,261.0,6.5,66.0,2.9
2026-03-17 04:00:00,2026,3,17,4,Huế,Phường Phú Bài,16.409296,107.6779818,51,Moderate,1,18.7,98,0.0,4.3,202,1011.9,1,12.6,16.3,245.0,6.8,63.0,3.0
2026-03-17 05:00:00,2026,3,17,5,Huế,Phường Phú Bài,16.409296,107.6779818,50,Good,0,18.7,97,0.0,5.9,207,1012.3,2,13.2,17.0,272.0,7.5,60.0,3.4
2026-03-17 06:00:00,2026,3,17,6,Huế,Phường Phú Bài,16.409296,107.6779818,50,Good,0,18.8,97,0.0,5.9,191,1012.8,3,14.5,18.4,316.0,8.3,59.0,3.8
2026-03-17 07:00:00,2026,3,17,7,Huế,Phường Phú Bài,16.409296,107.6779818,50,Good,0,20.1,93,0.0,6.0,201,1013.6,0,17.5,22.2,332.0,8.1,64.0,3.0
2026-03-17 08:00:00,2026,3,17,8,Huế,Phường Phú Bài,16.409296,107.6779818,51,Moderate,1,23.2,82,0.0,4.3,158,1014.0,0,17.2,22.6,290.0,6.4,79.0,2.7
2026-03-17 09:00:00,2026,3,17,9,Huế,Phường Phú Bài,16.409296,107.6779818,51,Moderate,1,25.5,66,0.0,8.3,120,1014.3,0,14.3,19.7,219.0,4.0,99.0,2.4
2026-03-17 10:00:00,2026,3,17,10,Huế,Phường Phú Bài,16.409296,107.6779818,51,Moderate,1,27.1,59,0.0,10.9,119,1014.1,52,13.2,18.5,169.0,2.2,116.0,2.1
2026-03-17 11:00:00,2026,3,17,11,Huế,Phường Phú Bài,16.409296,107.6779818,51,Moderate,1,28.0,57,0.0,9.4,95,1013.4,57,12.9,18.0,162.0,1.5,125.0,2.0
2026-03-17 12:00:00,2026,3,17,12,Huế,Phường Phú Bài,16.409296,107.6779818,51,Moderate,1,28.1,60,0.0,15.8,66,1012.3,14,12.9,17.9,175.0,1.4,131.0,1.9
2026-03-17 13:00:00,2026,3,17,13,Huế,Phường Phú Bài,16.409296,107.6779818,51,Moderate,1,26.9,63,0.0,22.5,67,1011.7,5,13.1,17.8,183.0,1.5,135.0,1.9
2026-03-17 14:00:00,2026,3,17,14,Huế,Phường Phú Bài,16.409296,107.6779818,51,Moderate,1,27.0,62,0.0,22.8,69,1010.7,1,13.3,17.8,174.0,1.3,139.0,1.9
2026-03-17 15:00:00,2026,3,17,15,Huế,Phường Phú Bài,16.409296,107.6779818,55,Moderate,1,26.4,64,0.0,21.6,72,1010.3,1,13.2,17.4,160.0,1.2,140.0,1.9
2026-03-17 16:00:00,2026,3,17,16,Huế,Phường Phú Bài,16.409296,107.6779818,72,Moderate,1,25.6,67,0.0,20.1,70,1009.9,2,12.7,16.6,158.0,2.1,136.0,2.2
2026-03-17 17:00:00,2026,3,17,17,Huế,Phường Phú Bài,16.409296,107.6779818,84,Moderate,1,24.6,72,0.0,17.2,67,1010.1,4,12.3,15.8,173.0,5.0,122.0,2.9
2026-03-17 18:00:00,2026,3,17,18,Huế,Phường Phú Bài,16.409296,107.6779818,89,Moderate,1,23.5,76,0.0,15.5,75,1010.3,9,12.9,15.8,198.0,9.0,102.0,3.9
2026-03-17 19:00:00,2026,3,17,19,Huế,Phường Phú Bài,16.409296,107.6779818,86,Moderate,1,23.6,80,0.0,15.3,81,1011.1,5,18.1,22.1,232.0,14.0,81.0,5.3
2026-03-17 20:00:00,2026,3,17,20,Huế,Phường Phú Bài,16.409296,107.6779818,76,Moderate,1,23.1,82,0.0,9.4,108,1012.0,2,21.2,25.3,283.0,14.7,75.0,5.9
2026-03-17 21:00:00,2026,3,17,21,Huế,Phường Phú Bài,16.409296,107.6779818,64,Moderate,1,21.9,90,0.0,4.6,162,1012.5,1,21.8,25.7,342.0,15.6,68.0,6.7
2026-03-17 22:00:00,2026,3,17,22,Huế,Phường Phú Bài,16.409296,107.6779818,55,Moderate,1,21.0,93,0.0,3.7,191,1013.0,0,21.5,25.3,380.0,15.9,61.0,6.9
2026-03-17 23:00:00,2026,3,17,23,Huế,Phường Phú Bài,16.409296,107.6779818,56,Moderate,1,20.6,95,0.0,3.6,189,1012.8,0,20.9,24.4,386.0,15.1,57.0,6.1
2026-03-18 00:00:00,2026,3,18,0,Huế,Phường Phú Bài,16.409296,107.6779818,56,Moderate,1,20.0,97,0.0,3.8,197,1012.5,0,19.8,22.8,370.0,13.6,54.0,4.7
2026-03-18 01:00:00,2026,3,18,1,Huế,Phường Phú Bài,16.409296,107.6779818,57,Moderate,1,20.2,98,0.0,4.6,191,1011.6,0,19.2,21.9,343.0,12.2,52.0,3.6
2026-03-18 02:00:00,2026,3,18,2,Huế,Phường Phú Bài,16.409296,107.6779818,58,Moderate,1,19.8,98,0.0,4.2,205,1011.2,1,18.7,21.3,291.0,11.1,50.0,3.1
2026-03-18 03:00:00,2026,3,18,3,Huế,Phường Phú Bài,16.409296,107.6779818,58,Moderate,1,19.5,97,0.0,4.6,198,1011.0,1,18.6,21.2,226.0,10.1,49.0,2.8
2026-03-18 04:00:00,2026,3,18,4,Huế,Phường Phú Bài,16.409296,107.6779818,59,Moderate,1,19.5,97,0.0,6.2,187,1010.9,0,19.6,21.7,194.0,9.3,49.0,2.8
2026-03-18 05:00:00,2026,3,18,5,Huế,Phường Phú Bài,16.409296,107.6779818,59,Moderate,1,19.2,96,0.0,4.9,197,1011.2,1,20.8,22.8,230.0,9.1,48.0,3.0
2026-03-18 06:00:00,2026,3,18,6,Huế,Phường Phú Bài,16.409296,107.6779818,60,Moderate,1,18.9,97,0.0,3.9,227,1011.8,6,21.5,23.3,298.0,9.1,48.0,3.5
2026-03-18 07:00:00,2026,3,18,7,Huế,Phường Phú Bài,16.409296,107.6779818,61,Moderate,1,20.1,96,0.0,7.5,200,1012.9,1,23.8,25.4,335.0,8.6,58.0,3.5
2026-03-18 08:00:00,2026,3,18,8,Huế,Phường Phú Bài,16.409296,107.6779818,61,Moderate,1,23.2,85,0.0,4.7,173,1013.9,0,22.6,25.0,304.0,7.0,82.0,4.0
2026-03-18 09:00:00,2026,3,18,9,Huế,Phường Phú Bài,16.409296,107.6779818,62,Moderate,1,25.3,76,0.0,5.1,107,1014.3,0,21.5,26.9,242.0,4.8,114.0,4.6
2026-03-18 10:00:00,2026,3,18,10,Huế,Phường Phú Bài,16.409296,107.6779818,62,Moderate,1,26.6,73,0.0,6.3,59,1014.3,0,20.3,26.1,196.0,3.1,140.0,4.9
2026-03-18 11:00:00,2026,3,18,11,Huế,Phường Phú Bài,16.409296,107.6779818,63,Moderate,1,27.5,70,0.0,9.1,51,1013.7,0,18.7,24.1,191.0,2.3,152.0,4.5
2026-03-18 12:00:00,2026,3,18,12,Huế,Phường Phú Bài,16.409296,107.6779818,63,Moderate,1,28.0,67,0.0,12.0,68,1012.5,0,17.1,21.9,202.0,1.9,158.0,3.7
2026-03-18 13:00:00,2026,3,18,13,Huế,Phường Phú Bài,16.409296,107.6779818,64,Moderate,1,27.9,67,0.0,14.6,69,1011.7,0,16.0,20.2,208.0,1.8,159.0,3.1
2026-03-18 14:00:00,2026,3,18,14,Huế,Phường Phú Bài,16.409296,107.6779818,64,Moderate,1,27.8,67,0.0,15.4,73,1010.7,1,15.1,18.9,196.0,1.4,158.0,2.7
2026-03-18 15:00:00,2026,3,18,15,Huế,Phường Phú Bài,16.409296,107.6779818,84,Moderate,1,27.0,69,0.0,17.1,73,1010.0,3,14.2,17.6,179.0,1.3,153.0,2.5
2026-03-18 16:00:00,2026,3,18,16,Huế,Phường Phú Bài,16.409296,107.6779818,104,Unhealthy for Sensitive Groups,2,26.0,73,0.0,16.6,69,1009.8,10,13.3,16.5,172.0,2.3,143.0,2.6
2026-03-18 17:00:00,2026,3,18,17,Huế,Phường Phú Bài,16.409296,107.6779818,117,Unhealthy for Sensitive Groups,2,24.9,78,0.0,15.4,66,1010.2,5,12.8,15.8,172.0,5.5,125.0,3.4
2026-03-18 18:00:00,2026,3,18,18,Huế,Phường Phú Bài,16.409296,107.6779818,119,Unhealthy for Sensitive Groups,2,23.5,83,0.0,13.8,64,1010.8,7,13.5,16.2,183.0,9.9,102.0,4.5
2026-03-18 19:00:00,2026,3,18,19,Huế,Phường Phú Bài,16.409296,107.6779818,111,Unhealthy for Sensitive Groups,2,23.6,84,0.0,13.4,76,1011.1,4,20.3,23.9,229.0,14.1,83.0,5.6
2026-03-18 20:00:00,2026,3,18,20,Huế,Phường Phú Bài,16.409296,107.6779818,96,Moderate,1,23.4,84,0.0,8.4,100,1011.7,2,22.8,26.6,353.0,15.8,76.0,6.6
2026-03-18 21:00:00,2026,3,18,21,Huế,Phường Phú Bài,16.409296,107.6779818,79,Moderate,1,22.3,89,0.0,3.1,170,1012.4,0,24.4,28.3,513.0,18.1,65.0,8.0
2026-03-18 22:00:00,2026,3,18,22,Huế,Phường Phú Bài,16.409296,107.6779818,65,Moderate,1,21.4,94,0.0,3.1,204,1012.8,1,26.1,30.0,603.0,19.4,57.0,8.6
2026-03-18 23:00:00,2026,3,18,23,Huế,Phường Phú Bài,16.409296,107.6779818,65,Moderate,1,20.8,97,0.0,3.8,185,1012.6,0,28.2,31.8,561.0,19.0,51.0,7.7
2026-03-19 00:00:00,2026,3,19,0,Huế,Phường Phú Bài,16.409296,107.6779818,66,Moderate,1,20.5,98,0.0,4.3,195,1012.1,5,27.7,31.1,450.0,17.6,48.0,6.0
2026-03-19 01:00:00,2026,3,19,1,Huế,Phường Phú Bài,16.409296,107.6779818,67,Moderate,1,20.6,100,0.0,3.8,199,1011.2,1,27.0,29.9,351.0,15.7,47.0,4.5
2026-03-19 02:00:00,2026,3,19,2,Huế,Phường Phú Bài,16.409296,107.6779818,67,Moderate,1,20.5,100,0.0,3.4,212,1010.9,0,28.3,30.4,285.0,13.2,52.0,3.4
2026-03-19 03:00:00,2026,3,19,3,Huế,Phường Phú Bài,16.409296,107.6779818,68,Moderate,1,20.0,100,0.0,3.5,201,1010.4,2,29.6,31.8,231.0,10.3,59.0,2.6
2026-03-19 04:00:00,2026,3,19,4,Huế,Phường Phú Bài,16.409296,107.6779818,69,Moderate,1,19.9,100,0.0,4.0,249,1010.3,99,30.6,32.8,209.0,8.1,65.0,2.1
2026-03-19 05:00:00,2026,3,19,5,Huế,Phường Phú Bài,16.409296,107.6779818,70,Moderate,1,19.5,100,0.0,5.0,226,1010.6,96,30.3,32.4,245.0,7.4,63.0,2.2
2026-03-19 06:00:00,2026,3,19,6,Huế,Phường Phú Bài,16.409296,107.6779818,71,Moderate,1,19.5,100,0.0,4.8,217,1011.4,0,28.5,30.3,314.0,7.5,60.0,2.7
2026-03-19 07:00:00,2026,3,19,7,Huế,Phường Phú Bài,16.409296,107.6779818,72,Moderate,1,20.9,95,0.0,5.4,228,1012.9,0,23.7,25.1,358.0,7.9,63.0,3.3
2026-03-19 08:00:00,2026,3,19,8,Huế,Phường Phú Bài,16.409296,107.6779818,72,Moderate,1,23.9,83,0.0,2.3,212,1013.6,0,23.1,25.0,352.0,6.6,87.0,3.7
2026-03-19 09:00:00,2026,3,19,9,Huế,Phường Phú Bài,16.409296,107.6779818,72,Moderate,1,25.7,77,0.0,2.1,59,1014.0,0,21.8,24.0,322.0,4.7,121.0,4.2
2026-03-19 10:00:00,2026,3,19,10,Huế,Phường Phú Bài,16.409296,107.6779818,72,Moderate,1,27.1,70,0.0,6.0,39,1013.8,20,20.4,22.9,291.0,3.2,147.0,4.5
2026-03-19 11:00:00,2026,3,19,11,Huế,Phường Phú Bài,16.409296,107.6779818,72,Moderate,1,27.8,68,0.0,9.2,40,1013.2,61,19.2,21.8,264.0,2.5,160.0,4.2
2026-03-19 12:00:00,2026,3,19,12,Huế,Phường Phú Bài,16.409296,107.6779818,72,Moderate,1,27.6,70,0.0,12.0,50,1012.3,5,18.3,20.9,236.0,2.2,167.0,3.7
2026-03-19 13:00:00,2026,3,19,13,Huế,Phường Phú Bài,16.409296,107.6779818,72,Moderate,1,27.2,71,0.0,13.8,64,1011.8,8,16.6,19.0,213.0,2.0,168.0,3.2
2026-03-19 14:00:00,2026,3,19,14,Huế,Phường Phú Bài,16.409296,107.6779818,74,Moderate,1,27.2,69,0.0,15.1,75,1010.8,5,15.1,17.5,195.0,1.7,164.0,2.9
2026-03-19 15:00:00,2026,3,19,15,Huế,Phường Phú Bài,16.409296,107.6779818,96,Moderate,1,26.5,72,0.0,16.2,75,1009.9,7,14.0,16.6,183.0,1.7,156.0,2.7
2026-03-19 16:00:00,2026,3,19,16,Huế,Phường Phú Bài,16.409296,107.6779818,115,Unhealthy for Sensitive Groups,2,26.0,74,0.0,14.7,78,1009.4,10,13.4,16.5,185.0,2.4,144.0,2.8
2026-03-19 17:00:00,2026,3,19,17,Huế,Phường Phú Bài,16.409296,107.6779818,128,Unhealthy for Sensitive Groups,2,25.1,77,0.0,13.0,76,1009.2,6,12.5,15.3,211.0,4.6,128.0,3.3
2026-03-19 18:00:00,2026,3,19,18,Huế,Phường Phú Bài,16.409296,107.6779818,129,Unhealthy for Sensitive Groups,2,24.0,80,0.0,9.7,65,1009.1,5,13.1,15.4,251.0,7.7,109.0,4.1
2026-03-19 19:00:00,2026,3,19,19,Huế,Phường Phú Bài,16.409296,107.6779818,121,Unhealthy for Sensitive Groups,2,23.9,80,0.0,11.6,86,1009.4,13,16.4,18.5,287.0,11.4,92.0,5.1
2026-03-19 20:00:00,2026,3,19,20,Huế,Phường Phú Bài,16.409296,107.6779818,106,Unhealthy for Sensitive Groups,2,23.2,84,0.0,5.4,120,1009.9,10,17.5,19.4,313.0,12.0,84.0,5.4
2026-03-19 21:00:00,2026,3,19,21,Huế,Phường Phú Bài,16.409296,107.6779818,89,Moderate,1,22.6,88,0.0,3.9,133,1010.4,61,17.4,19.2,335.0,12.8,73.0,5.7
2026-03-19 22:00:00,2026,3,19,22,Huế,Phường Phú Bài,16.409296,107.6779818,70,Moderate,1,22.0,91,0.0,5.0,134,1010.9,6,17.7,19.2,350.0,13.3,63.0,5.8
2026-03-19 23:00:00,2026,3,19,23,Huế,Phường Phú Bài,16.409296,107.6779818,70,Moderate,1,21.5,92,0.0,5.2,134,1010.6,1,18.7,19.8,359.0,13.4,56.0,5.4
2026-03-20 00:00:00,2026,3,20,0,Huế,Phường Phú Bài,16.409296,107.6779818,69,Moderate,1,21.0,93,0.0,4.3,147,1010.1,18,18.9,20.0,362.0,13.3,51.0,4.7
2026-03-20 01:00:00,2026,3,20,1,Huế,Phường Phú Bài,16.409296,107.6779818,68,Moderate,1,20.5,96,0.0,3.4,183,1009.4,0,18.9,20.0,355.0,12.9,46.0,4.1
2026-03-20 02:00:00,2026,3,20,2,Huế,Phường Phú Bài,16.409296,107.6779818,67,Moderate,1,20.3,98,0.0,3.8,221,1009.3,1,19.2,20.2,327.0,12.3,41.0,3.6
2026-03-20 03:00:00,2026,3,20,3,Huế,Phường Phú Bài,16.409296,107.6779818,67,Moderate,1,19.9,99,0.0,4.6,231,1009.2,2,19.8,20.7,290.0,11.5,38.0,3.3
2026-03-20 04:00:00,2026,3,20,4,Huế,Phường Phú Bài,16.409296,107.6779818,66,Moderate,1,19.8,99,0.0,4.1,232,1009.2,2,20.6,21.5,271.0,10.7,37.0,3.1
2026-03-20 05:00:00,2026,3,20,5,Huế,Phường Phú Bài,16.409296,107.6779818,65,Moderate,1,19.6,99,0.0,4.0,238,1009.7,9,21.3,22.2,292.0,10.2,38.0,3.3
2026-03-20 06:00:00,2026,3,20,6,Huế,Phường Phú Bài,16.409296,107.6779818,64,Moderate,1,19.5,100,0.0,4.0,240,1010.5,10,22.3,23.2,332.0,9.8,43.0,3.7
2026-03-20 07:00:00,2026,3,20,7,Huế,Phường Phú Bài,16.409296,107.6779818,63,Moderate,1,20.8,94,0.0,5.6,207,1011.4,0,32.9,34.3,352.0,10.8,54.0,4.6
2026-03-20 08:00:00,2026,3,20,8,Huế,Phường Phú Bài,16.409296,107.6779818,64,Moderate,1,24.0,83,0.0,1.8,180,1012.0,0,34.2,36.2,327.0,8.7,84.0,5.2
2026-03-20 09:00:00,2026,3,20,9,Huế,Phường Phú Bài,16.409296,107.6779818,65,Moderate,1,26.3,74,0.0,3.8,71,1012.8,0,30.3,33.2,283.0,5.7,126.0,5.9
2026-03-20 10:00:00,2026,3,20,10,Huế,Phường Phú Bài,16.409296,107.6779818,66,Moderate,1,27.6,72,0.0,7.0,61,1012.6,0,28.1,31.2,253.0,3.5,158.0,6.3
2026-03-20 11:00:00,2026,3,20,11,Huế,Phường Phú Bài,16.409296,107.6779818,67,Moderate,1,28.5,70,0.0,8.3,56,1012.4,2,26.7,29.9,257.0,2.6,173.0,6.0
2026-03-20 12:00:00,2026,3,20,12,Huế,Phường Phú Bài,16.409296,107.6779818,67,Moderate,1,29.4,66,0.0,10.2,64,1011.3,3,25.3,28.3,275.0,2.5,178.0,5.4
2026-03-20 13:00:00,2026,3,20,13,Huế,Phường Phú Bài,16.409296,107.6779818,68,Moderate,1,29.3,64,0.0,13.9,66,1010.5,20,24.2,27.3,289.0,2.5,179.0,4.9
2026-03-20 14:00:00,2026,3,20,14,Huế,Phường Phú Bài,16.409296,107.6779818,78,Moderate,1,29.1,67,0.0,14.4,72,1009.5,23,23.8,27.1,288.0,2.3,178.0,4.5
2026-03-20 15:00:00,2026,3,20,15,Huế,Phường Phú Bài,16.409296,107.6779818,107,Unhealthy for Sensitive Groups,2,28.7,69,0.0,15.0,71,1009.0,25,21.4,24.4,282.0,2.3,172.0,4.2
2026-03-20 16:00:00,2026,3,20,16,Huế,Phường Phú Bài,16.409296,107.6779818,132,Unhealthy for Sensitive Groups,2,27.7,73,0.0,13.8,79,1008.6,30,19.2,22.2,283.0,3.4,161.0,4.2
2026-03-20 17:00:00,2026,3,20,17,Huế,Phường Phú Bài,16.409296,107.6779818,148,Unhealthy for Sensitive Groups,2,26.6,78,0.0,10.5,63,1008.7,52,17.8,20.9,297.0,6.6,140.0,4.7
2026-03-20 18:00:00,2026,3,20,18,Huế,Phường Phú Bài,16.409296,107.6779818,151,Unhealthy,3,24.9,82,0.0,8.9,66,1009.0,16,18.6,20.8,317.0,10.8,113.0,5.5
2026-03-20 19:00:00,2026,3,20,19,Huế,Phường Phú Bài,16.409296,107.6779818,142,Unhealthy for Sensitive Groups,2,24.9,81,0.0,7.9,79,1009.5,98,20.9,23.1,335.0,13.3,96.0,6.2
2026-03-20 20:00:00,2026,3,20,20,Huế,Phường Phú Bài,16.409296,107.6779818,125,Unhealthy for Sensitive Groups,2,24.1,86,0.0,4.7,92,1010.7,100,22.2,24.2,343.0,13.7,87.0,6.3
2026-03-20 21:00:00,2026,3,20,21,Huế,Phường Phú Bài,16.409296,107.6779818,106,Unhealthy for Sensitive Groups,2,23.9,88,0.0,3.3,119,1011.5,95,23.6,25.3,348.0,14.3,74.0,6.4
2026-03-20 22:00:00,2026,3,20,22,Huế,Phường Phú Bài,16.409296,107.6779818,84,Moderate,1,23.2,90,0.0,3.0,115,1011.8,86,26.8,28.3,362.0,15.0,62.0,6.3
2026-03-20 23:00:00,2026,3,20,23,Huế,Phường Phú Bài,16.409296,107.6779818,74,Moderate,1,22.7,92,0.0,1.9,131,1012.0,8,29.6,31.0,400.0,16.0,52.0,5.7
2026-03-21 00:00:00,2026,3,21,0,Huế,Phường Phú Bài,16.409296,107.6779818,75,Moderate,1,22.0,95,0.0,1.5,166,1011.8,0,32.2,33.6,447.0,17.1,44.0,4.8
2026-03-21 01:00:00,2026,3,21,1,Huế,Phường Phú Bài,16.409296,107.6779818,76,Moderate,1,21.6,98,0.0,3.2,232,1011.3,34,34.0,35.2,468.0,17.5,38.0,4.0
2026-03-21 02:00:00,2026,3,21,2,Huế,Phường Phú Bài,16.409296,107.6779818,77,Moderate,1,21.4,100,0.0,6.4,243,1010.8,41,34.5,35.6,436.0,16.7,36.0,3.3
2026-03-21 03:00:00,2026,3,21,3,Huế,Phường Phú Bài,16.409296,107.6779818,79,Moderate,1,21.2,100,0.0,5.8,244,1010.5,99,35.2,36.3,379.0,15.2,36.0,2.8
2026-03-21 04:00:00,2026,3,21,4,Huế,Phường Phú Bài,16.409296,107.6779818,80,Moderate,1,20.8,100,0.0,3.0,253,1010.7,98,36.2,37.6,342.0,13.8,38.0,2.5
2026-03-21 05:00:00,2026,3,21,5,Huế,Phường Phú Bài,16.409296,107.6779818,81,Moderate,1,20.5,100,0.0,2.3,270,1011.4,100,38.2,39.6,354.0,13.2,40.0,2.7
2026-03-21 06:00:00,2026,3,21,6,Huế,Phường Phú Bài,16.409296,107.6779818,83,Moderate,1,20.8,100,0.0,3.2,267,1012.3,100,39.5,41.0,387.0,12.7,44.0,3.2
2026-03-21 07:00:00,2026,3,21,7,Huế,Phường Phú Bài,16.409296,107.6779818,84,Moderate,1,21.9,100,0.0,5.6,266,1013.3,100,43.7,45.2,399.0,13.5,58.0,3.8
2026-03-21 08:00:00,2026,3,21,8,Huế,Phường Phú Bài,16.409296,107.6779818,85,Moderate,1,24.3,85,0.0,2.5,266,1013.9,100,36.4,38.6,369.0,10.6,80.0,4.0
2026-03-21 09:00:00,2026,3,21,9,Huế,Phường Phú Bài,16.409296,107.6779818,85,Moderate,1,26.5,72,0.0,1.9,146,1014.4,52,26.0,28.8,319.0,6.6,111.0,4.2
2026-03-21 10:00:00,2026,3,21,10,Huế,Phường Phú Bài,16.409296,107.6779818,85,Moderate,1,28.1,64,0.0,3.8,85,1014.5,55,22.2,25.1,276.0,3.5,135.0,4.2
2026-03-21 11:00:00,2026,3,21,11,Huế,Phường Phú Bài,16.409296,107.6779818,85,Moderate,1,28.9,63,0.0,8.3,63,1014.2,45,21.0,23.8,252.0,2.3,145.0,3.7
2026-03-21 12:00:00,2026,3,21,12,Huế,Phường Phú Bài,16.409296,107.6779818,84,Moderate,1,29.1,64,0.0,12.5,72,1013.1,56,20.1,22.9,236.0,2.0,149.0,2.9
2026-03-21 13:00:00,2026,3,21,13,Huế,Phường Phú Bài,16.409296,107.6779818,84,Moderate,1,29.0,65,0.0,15.6,79,1012.3,53,19.3,21.9,222.0,1.9,149.0,2.4
2026-03-21 14:00:00,2026,3,21,14,Huế,Phường Phú Bài,16.409296,107.6779818,83,Moderate,1,28.7,68,0.0,17.2,75,1011.4,8,18.0,20.5,208.0,1.7,148.0,2.2
2026-03-21 15:00:00,2026,3,21,15,Huế,Phường Phú Bài,16.409296,107.6779818,83,Moderate,1,27.7,72,0.0,18.5,74,1010.8,5,17.1,19.5,196.0,1.7,143.0,2.2
2026-03-21 16:00:00,2026,3,21,16,Huế,Phường Phú Bài,16.409296,107.6779818,92,Moderate,1,26.7,76,0.0,18.8,75,1010.1,5,16.4,19.2,192.0,2.6,134.0,2.5
2026-03-21 17:00:00,2026,3,21,17,Huế,Phường Phú Bài,16.409296,107.6779818,103,Unhealthy for Sensitive Groups,2,25.5,81,0.0,18.2,74,1010.0,2,15.5,18.3,198.0,5.2,118.0,3.2
2026-03-21 18:00:00,2026,3,21,18,Huế,Phường Phú Bài,16.409296,107.6779818,105,Unhealthy for Sensitive Groups,2,24.5,84,0.0,18.9,81,1010.1,0,15.9,18.3,211.0,8.8,98.0,4.1
2026-03-21 19:00:00,2026,3,21,19,Huế,Phường Phú Bài,16.409296,107.6779818,97,Moderate,1,24.9,84,0.0,17.7,93,1010.5,0,20.9,23.7,230.0,12.4,81.0,5.1
2026-03-21 20:00:00,2026,3,21,20,Huế,Phường Phú Bài,16.409296,107.6779818,84,Moderate,1,24.4,87,0.0,12.0,99,1011.5,16,20.3,22.8,258.0,12.5,75.0,5.3
2026-03-21 21:00:00,2026,3,21,21,Huế,Phường Phú Bài,16.409296,107.6779818,81,Moderate,1,23.7,89,0.0,7.8,105,1011.8,3,19.8,22.1,293.0,12.7,67.0,5.6
2026-03-21 22:00:00,2026,3,21,22,Huế,Phường Phú Bài,16.409296,107.6779818,81,Moderate,1,23.0,92,0.0,5.7,101,1011.8,0,20.0,22.1,320.0,12.5,61.0,5.6
2026-03-21 23:00:00,2026,3,21,23,Huế,Phường Phú Bài,16.409296,107.6779818,80,Moderate,1,22.2,94,0.0,5.2,102,1011.5,1,19.9,21.9,335.0,11.8,59.0,5.1
2026-03-22 00:00:00,2026,3,22,0,Huế,Phường Phú Bài,16.409296,107.6779818,80,Moderate,1,22.0,95,0.0,5.8,110,1011.2,1,18.9,20.7,344.0,10.7,59.0,4.4
2026-03-22 01:00:00,2026,3,22,1,Huế,Phường Phú Bài,16.409296,107.6779818,78,Moderate,1,22.0,97,0.0,5.8,126,1010.2,1,19.2,20.7,347.0,9.7,60.0,3.8
2026-03-22 02:00:00,2026,3,22,2,Huế,Phường Phú Bài,16.409296,107.6779818,77,Moderate,1,21.6,98,0.0,4.5,143,1009.6,0,20.0,21.6,336.0,8.9,60.0,3.4
2026-03-22 03:00:00,2026,3,22,3,Huế,Phường Phú Bài,16.409296,107.6779818,76,Moderate,1,21.2,98,0.0,2.3,184,1009.6,0,20.5,22.1,320.0,8.2,61.0,3.1
2026-03-22 04:00:00,2026,3,22,4,Huế,Phường Phú Bài,16.409296,107.6779818,75,Moderate,1,20.6,100,0.0,1.9,229,1009.9,99,20.7,22.1,330.0,7.6,61.0,2.9
2026-03-22 05:00:00,2026,3,22,5,Huế,Phường Phú Bài,16.409296,107.6779818,73,Moderate,1,20.7,99,0.0,3.1,246,1010.5,100,21.2,22.6,407.0,7.5,59.0,3.0
2026-03-22 06:00:00,2026,3,22,6,Huế,Phường Phú Bài,16.409296,107.6779818,72,Moderate,1,20.3,100,0.0,5.6,245,1011.2,100,22.0,23.2,511.0,7.5,57.0,3.2
2026-03-22 07:00:00,2026,3,22,7,Huế,Phường Phú Bài,16.409296,107.6779818,70,Moderate,1,21.5,97,0.0,5.1,262,1012.3,8,24.8,26.0,553.0,8.3,57.0,3.5
2026-03-22 08:00:00,2026,3,22,8,Huế,Phường Phú Bài,16.409296,107.6779818,68,Moderate,1,24.1,85,0.0,1.4,180,1012.8,14,24.2,25.9,471.0,6.7,78.0,3.4
2026-03-22 09:00:00,2026,3,22,9,Huế,Phường Phú Bài,16.409296,107.6779818,67,Moderate,1,26.2,74,0.0,6.0,127,1013.3,49,21.9,23.9,328.0,4.5,107.0,3.2
2026-03-22 10:00:00,2026,3,22,10,Huế,Phường Phú Bài,16.409296,107.6779818,67,Moderate,1,27.6,69,0.0,5.3,80,1013.2,2,20.5,22.5,221.0,2.8,130.0,3.1
2026-03-22 11:00:00,2026,3,22,11,Huế,Phường Phú Bài,16.409296,107.6779818,67,Moderate,1,28.5,68,0.0,6.3,53,1012.8,3,19.7,21.7,194.0,2.1,143.0,3.0
2026-03-22 12:00:00,2026,3,22,12,Huế,Phường Phú Bài,16.409296,107.6779818,67,Moderate,1,29.1,66,0.0,9.6,62,1012.1,0,18.6,20.4,202.0,2.0,151.0,2.9
2026-03-22 13:00:00,2026,3,22,13,Huế,Phường Phú Bài,16.409296,107.6779818,67,Moderate,1,28.4,68,0.0,14.5,70,1011.2,5,17.0,18.6,212.0,2.0,155.0,2.8
2026-03-22 14:00:00,2026,3,22,14,Huế,Phường Phú Bài,16.409296,107.6779818,66,Moderate,1,28.5,68,0.0,15.7,71,1010.4,5,15.4,16.9,211.0,1.8,154.0,2.7
2026-03-22 15:00:00,2026,3,22,15,Huế,Phường Phú Bài,16.409296,107.6779818,74,Moderate,1,28.0,71,0.0,16.1,70,1009.6,3,13.8,15.3,211.0,1.8,149.0,2.6
2026-03-22 16:00:00,2026,3,22,16,Huế,Phường Phú Bài,16.409296,107.6779818,93,Moderate,1,27.3,75,0.0,16.2,69,1008.9,2,12.8,14.6,215.0,2.6,139.0,2.7
2026-03-22 17:00:00,2026,3,22,17,Huế,Phường Phú Bài,16.409296,107.6779818,106,Unhealthy for Sensitive Groups,2,26.4,78,0.0,14.2,66,1008.9,2,12.1,14.1,226.0,4.9,123.0,3.2
2026-03-22 18:00:00,2026,3,22,18,Huế,Phường Phú Bài,16.409296,107.6779818,110,Unhealthy for Sensitive Groups,2,25.0,81,0.0,13.4,72,1009.4,4,12.4,14.1,242.0,8.0,102.0,4.0
2026-03-22 19:00:00,2026,3,22,19,Huế,Phường Phú Bài,16.409296,107.6779818,104,Unhealthy for Sensitive Groups,2,24.8,82,0.0,13.3,69,1010.1,4,15.7,17.6,256.0,12.7,83.0,5.3
2026-03-22 20:00:00,2026,3,22,20,Huế,Phường Phú Bài,16.409296,107.6779818,91,Moderate,1,24.2,84,0.0,9.0,75,1011.3,7,17.2,19.2,265.0,13.4,74.0,5.6
2026-03-22 21:00:00,2026,3,22,21,Huế,Phường Phú Bài,16.409296,107.6779818,75,Moderate,1,23.7,87,0.0,6.5,109,1012.1,5,17.4,19.3,272.0,14.4,61.0,6.0
2026-03-22 22:00:00,2026,3,22,22,Huế,Phường Phú Bài,16.409296,107.6779818,64,Moderate,1,23.2,89,0.0,5.8,124,1012.1,3,18.0,19.9,281.0,14.7,52.0,6.0
2026-03-22 23:00:00,2026,3,22,23,Huế,Phường Phú Bài,16.409296,107.6779818,64,Moderate,1,22.2,94,0.0,4.5,130,1012.0,2,19.4,21.3,296.0,13.8,49.0,5.4
2026-03-23 00:00:00,2026,3,23,0,Huế,Phường Phú Bài,16.409296,107.6779818,64,Moderate,1,21.4,96,0.0,4.5,151,1011.5,0,17.3,19.2,313.0,12.3,49.0,4.4
2026-03-23 01:00:00,2026,3,23,1,Huế,Phường Phú Bài,16.409296,107.6779818,64,Moderate,1,21.2,98,0.0,5.0,154,1010.9,27,15.8,17.9,321.0,10.9,49.0,3.6
2026-03-23 02:00:00,2026,3,23,2,Huế,Phường Phú Bài,16.409296,107.6779818,63,Moderate,1,21.1,99,0.0,5.1,172,1010.0,2,15.6,17.8,310.0,9.9,49.0,3.0
2026-03-23 03:00:00,2026,3,23,3,Huế,Phường Phú Bài,16.409296,107.6779818,63,Moderate,1,21.0,98,0.0,0.6,288,1010.1,1,16.6,18.1,291.0,9.0,50.0,2.6
2026-03-23 04:00:00,2026,3,23,4,Huế,Phường Phú Bài,16.409296,107.6779818,63,Moderate,1,20.5,99,0.0,2.3,72,1010.1,1,17.9,19.3,287.0,8.3,52.0,2.4
2026-03-23 05:00:00,2026,3,23,5,Huế,Phường Phú Bài,16.409296,107.6779818,62,Moderate,1,20.4,100,0.0,1.8,169,1010.6,95,18.5,19.7,320.0,7.9,54.0,2.5
2026-03-23 06:00:00,2026,3,23,6,Huế,Phường Phú Bài,16.409296,107.6779818,62,Moderate,1,20.2,100,0.0,2.0,175,1011.1,96,18.6,19.8,369.0,7.7,57.0,2.8
2026-03-23 07:00:00,2026,3,23,7,Huế,Phường Phú Bài,16.409296,107.6779818,62,Moderate,1,22.4,94,0.0,2.6,258,1011.9,0,18.7,19.8,387.0,8.6,55.0,3.5
2026-03-23 08:00:00,2026,3,23,8,Huế,Phường Phú Bài,16.409296,107.6779818,61,Moderate,1,24.9,82,0.0,1.3,74,1012.3,0,18.2,19.8,345.0,6.9,77.0,3.6
2026-03-23 09:00:00,2026,3,23,9,Huế,Phường Phú Bài,16.409296,107.6779818,61,Moderate,1,26.4,77,0.0,4.0,82,1012.7,0,18.1,20.0,272.0,4.7,109.0,3.8
2026-03-23 10:00:00,2026,3,23,10,Huế,Phường Phú Bài,16.409296,107.6779818,60,Moderate,1,27.5,73,0.0,7.9,73,1012.4,4,18.4,20.4,218.0,2.9,134.0,3.8
2026-03-23 11:00:00,2026,3,23,11,Huế,Phường Phú Bài,16.409296,107.6779818,60,Moderate,1,28.2,69,0.0,9.4,64,1011.9,1,18.7,21.0,204.0,2.2,148.0,3.6
2026-03-23 12:00:00,2026,3,23,12,Huế,Phường Phú Bài,16.409296,107.6779818,60,Moderate,1,28.8,66,0.0,11.9,68,1010.7,0,19.0,21.4,208.0,2.0,157.0,3.2
2026-03-23 13:00:00,2026,3,23,13,Huế,Phường Phú Bài,16.409296,107.6779818,60,Moderate,1,29.0,66,0.0,13.7,69,1009.8,5,18.6,21.1,212.0,2.0,161.0,3.0
2026-03-23 14:00:00,2026,3,23,14,Huế,Phường Phú Bài,16.409296,107.6779818,60,Moderate,1,29.1,67,0.0,14.3,73,1008.9,7,17.9,20.3,205.0,1.8,162.0,2.9
2026-03-23 15:00:00,2026,3,23,15,Huế,Phường Phú Bài,16.409296,107.6779818,80,Moderate,1,28.5,70,0.0,14.3,71,1008.3,10,16.8,19.2,199.0,1.8,159.0,2.9
2026-03-23 16:00:00,2026,3,23,16,Huế,Phường Phú Bài,16.409296,107.6779818,102,Unhealthy for Sensitive Groups,2,27.7,73,0.0,13.0,71,1008.0,28,15.4,17.7,207.0,2.9,150.0,3.2
2026-03-23 17:00:00,2026,3,23,17,Huế,Phường Phú Bài,16.409296,107.6779818,118,Unhealthy for Sensitive Groups,2,26.4,78,0.0,10.0,62,1007.8,14,14.4,16.5,237.0,6.1,131.0,4.0
2026-03-23 18:00:00,2026,3,23,18,Huế,Phường Phú Bài,16.409296,107.6779818,122,Unhealthy for Sensitive Groups,2,24.7,84,0.0,5.9,55,1008.0,17,15.4,17.1,282.0,10.3,106.0,5.0
2026-03-23 19:00:00,2026,3,23,19,Huế,Phường Phú Bài,16.409296,107.6779818,116,Unhealthy for Sensitive Groups,2,24.4,84,0.0,6.3,63,1008.6,8,23.5,25.2,335.0,14.0,94.0,6.3
2026-03-23 20:00:00,2026,3,23,20,Huế,Phường Phú Bài,16.409296,107.6779818,105,Unhealthy for Sensitive Groups,2,23.7,89,0.0,0.4,270,1009.5,1,24.9,26.9,404.0,14.6,84.0,6.6
2026-03-23 21:00:00,2026,3,23,21,Huế,Phường Phú Bài,16.409296,107.6779818,89,Moderate,1,22.9,93,0.0,1.3,278,1009.8,0,26.0,27.9,481.0,15.3,71.0,7.0
2026-03-23 22:00:00,2026,3,23,22,Huế,Phường Phú Bài,16.409296,107.6779818,70,Moderate,1,22.6,95,0.0,0.9,217,1009.8,0,26.6,28.4,539.0,15.8,59.0,7.0
2026-03-23 23:00:00,2026,3,23,23,Huế,Phường Phú Bài,16.409296,107.6779818,64,Moderate,1,22.1,97,0.0,2.9,176,1009.7,0,27.5,29.2,560.0,15.9,51.0,6.4
2026-03-24 00:00:00,2026,3,24,0,Huế,Phường Phú Bài,16.409296,107.6779818,65,Moderate,1,21.5,100,0.0,0.5,270,1009.5,5,28.0,29.3,562.0,15.8,45.0,5.5
2026-03-24 01:00:00,2026,3,24,1,Huế,Phường Phú Bài,16.409296,107.6779818,66,Moderate,1,21.5,100,0.0,2.7,184,1008.6,100,28.4,29.6,573.0,15.3,41.0,4.6
2026-03-24 02:00:00,2026,3,24,2,Huế,Phường Phú Bài,16.409296,107.6779818,67,Moderate,1,21.5,100,0.0,5.5,199,1008.1,100,28.8,29.8,613.0,14.4,38.0,3.9
2026-03-24 03:00:00,2026,3,24,3,Huế,Phường Phú Bài,16.409296,107.6779818,68,Moderate,1,21.1,100,0.0,5.1,264,1007.9,100,29.7,30.9,662.0,13.2,37.0,3.3
2026-03-24 04:00:00,2026,3,24,4,Huế,Phường Phú Bài,16.409296,107.6779818,70,Moderate,1,21.0,100,0.0,3.7,281,1008.3,100,31.3,32.8,685.0,12.1,39.0,3.0
2026-03-24 05:00:00,2026,3,24,5,Huế,Phường Phú Bài,16.409296,107.6779818,71,Moderate,1,20.6,100,0.0,4.1,193,1008.5,93,32.0,33.8,666.0,11.5,42.0,3.2
2026-03-24 06:00:00,2026,3,24,6,Huế,Phường Phú Bài,16.409296,107.6779818,72,Moderate,1,20.6,100,0.0,7.3,187,1009.2,88,32.4,34.3,621.0,10.9,47.0,3.8
2026-03-24 07:00:00,2026,3,24,7,Huế,Phường Phú Bài,16.409296,107.6779818,73,Moderate,1,21.9,94,0.0,4.8,202,1010.1,55,28.0,29.4,568.0,10.6,57.0,3.8
2026-03-24 08:00:00,2026,3,24,8,Huế,Phường Phú Bài,16.409296,107.6779818,74,Moderate,1,24.3,85,0.0,2.7,143,1010.5,0,26.0,28.9,505.0,8.5,85.0,3.9
2026-03-24 09:00:00,2026,3,24,9,Huế,Phường Phú Bài,16.409296,107.6779818,75,Moderate,1,26.4,77,0.0,5.1,73,1010.8,0,22.2,26.7,434.0,5.7,123.0,4.1
2026-03-24 10:00:00,2026,3,24,10,Huế,Phường Phú Bài,16.409296,107.6779818,75,Moderate,1,27.6,73,0.0,7.1,56,1010.7,0,21.2,25.9,370.0,3.5,154.0,4.2
2026-03-24 11:00:00,2026,3,24,11,Huế,Phường Phú Bài,16.409296,107.6779818,75,Moderate,1,28.6,71,0.0,8.0,50,1010.0,0,20.5,25.2,319.0,2.6,171.0,4.1
2026-03-24 12:00:00,2026,3,24,12,Huế,Phường Phú Bài,16.409296,107.6779818,75,Moderate,1,29.6,66,0.0,8.9,54,1008.9,0,20.3,24.6,275.0,2.4,180.0,4.0
2026-03-24 13:00:00,2026,3,24,13,Huế,Phường Phú Bài,16.409296,107.6779818,76,Moderate,1,29.6,64,0.0,11.2,55,1008.4,4,19.8,23.7,242.0,2.4,185.0,3.9
2026-03-24 14:00:00,2026,3,24,14,Huế,Phường Phú Bài,16.409296,107.6779818,80,Moderate,1,29.6,64,0.0,12.6,68,1007.7,3,19.9,23.1,213.0,2.2,189.0,3.9
2026-03-24 15:00:00,2026,3,24,15,Huế,Phường Phú Bài,16.409296,107.6779818,110,Unhealthy for Sensitive Groups,2,29.2,67,0.0,13.2,73,1007.1,2,19.8,22.4,196.0,2.1,188.0,4.1
2026-03-24 16:00:00,2026,3,24,16,Huế,Phường Phú Bài,16.409296,107.6779818,138,Unhealthy for Sensitive Groups,2,28.3,72,0.0,11.4,72,1006.8,5,19.4,21.6,212.0,3.4,179.0,4.4
2026-03-24 17:00:00,2026,3,24,17,Huế,Phường Phú Bài,16.409296,107.6779818,156,Unhealthy,3,27.0,78,0.0,8.4,53,1006.7,5,19.0,20.8,282.0,7.0,154.0,5.1
2026-03-24 18:00:00,2026,3,24,18,Huế,Phường Phú Bài,16.409296,107.6779818,161,Unhealthy,3,25.0,87,0.0,3.9,22,1006.8,4,20.5,22.2,385.0,12.0,121.0,6.0
2026-03-24 19:00:00,2026,3,24,19,Huế,Phường Phú Bài,16.409296,107.6779818,155,Unhealthy,3,23.8,90,0.0,4.4,38,1007.7,18,21.5,22.9,490.0,15.0,99.0,6.8
2026-03-24 20:00:00,2026,3,24,20,Huế,Phường Phú Bài,16.409296,107.6779818,142,Unhealthy for Sensitive Groups,2,23.5,91,0.0,0.4,270,1008.6,2,23.8,25.6,600.0,16.5,88.0,7.5
2026-03-24 21:00:00,2026,3,24,21,Huế,Phường Phú Bài,16.409296,107.6779818,122,Unhealthy for Sensitive Groups,2,22.9,96,0.0,2.5,240,1009.2,1,25.3,27.1,711.0,18.6,72.0,8.5
2026-03-24 22:00:00,2026,3,24,22,Huế,Phường Phú Bài,16.409296,107.6779818,98,Moderate,1,22.6,98,0.0,2.8,198,1009.4,0,26.6,28.5,775.0,19.9,58.0,8.8
2026-03-24 23:00:00,2026,3,24,23,Huế,Phường Phú Bài,16.409296,107.6779818,77,Moderate,1,22.4,99,0.0,1.2,207,1009.5,2,28.4,30.3,767.0,20.1,49.0,7.8
2026-03-25 00:00:00,2026,3,25,0,Huế,Phường Phú Bài,16.409296,107.6779818,77,Moderate,1,21.8,100,0.0,1.8,186,1009.3,100,28.3,30.2,712.0,19.6,42.0,6.2
2026-03-25 01:00:00,2026,3,25,1,Huế,Phường Phú Bài,16.409296,107.6779818,77,Moderate,1,21.5,100,0.0,3.1,201,1008.5,100,27.0,28.8,640.0,18.5,39.0,4.9
2026-03-25 02:00:00,2026,3,25,2,Huế,Phường Phú Bài,16.409296,107.6779818,77,Moderate,1,21.5,100,0.0,4.0,216,1008.1,100,27.4,29.2,538.0,16.5,41.0,4.3
2026-03-25 03:00:00,2026,3,25,3,Huế,Phường Phú Bài,16.409296,107.6779818,77,Moderate,1,21.0,100,0.0,5.5,279,1007.9,99,28.1,29.8,419.0,13.9,47.0,3.9
2026-03-25 04:00:00,2026,3,25,4,Huế,Phường Phú Bài,16.409296,107.6779818,77,Moderate,1,21.0,100,0.0,5.8,277,1008.1,100,27.4,29.4,345.0,11.8,52.0,3.8
2026-03-25 05:00:00,2026,3,25,5,Huế,Phường Phú Bài,16.409296,107.6779818,76,Moderate,1,21.2,100,0.0,7.0,258,1008.7,99,26.7,28.9,361.0,11.0,53.0,4.0
2026-03-25 06:00:00,2026,3,25,6,Huế,Phường Phú Bài,16.409296,107.6779818,76,Moderate,1,21.8,100,0.0,6.2,260,1009.5,100,26.4,28.6,422.0,10.7,54.0,4.4
2026-03-25 07:00:00,2026,3,25,7,Huế,Phường Phú Bài,16.409296,107.6779818,75,Moderate,1,22.0,98,0.0,3.8,225,1010.6,100,34.6,37.3,458.0,10.5,62.0,4.2
2026-03-25 08:00:00,2026,3,25,8,Huế,Phường Phú Bài,16.409296,107.6779818,76,Moderate,1,24.1,88,0.0,2.7,222,1011.1,100,32.9,36.4,439.0,8.4,87.0,4.3
2026-03-25 09:00:00,2026,3,25,9,Huế,Phường Phú Bài,16.409296,107.6779818,77,Moderate,1,26.4,74,0.0,1.6,27,1011.6,73,29.8,34.1,396.0,5.6,123.0,4.4
2026-03-25 10:00:00,2026,3,25,10,Huế,Phường Phú Bài,16.409296,107.6779818,77,Moderate,1,27.9,71,0.0,5.1,39,1011.6,9,28.6,32.9,351.0,3.4,150.0,4.4
2026-03-25 11:00:00,2026,3,25,11,Huế,Phường Phú Bài,16.409296,107.6779818,78,Moderate,1,28.5,70,0.0,8.0,54,1011.2,7,26.6,31.0,307.0,2.5,163.0,4.1
2026-03-25 12:00:00,2026,3,25,12,Huế,Phường Phú Bài,16.409296,107.6779818,78,Moderate,1,29.0,70,0.0,9.8,67,1010.3,3,25.1,29.6,261.0,2.2,168.0,3.6
2026-03-25 13:00:00,2026,3,25,13,Huế,Phường Phú Bài,16.409296,107.6779818,79,Moderate,1,28.8,68,0.0,14.1,60,1010.1,2,23.9,28.3,226.0,2.1,169.0,3.2
2026-03-25 14:00:00,2026,3,25,14,Huế,Phường Phú Bài,16.409296,107.6779818,79,Moderate,1,28.5,68,0.0,16.8,73,1009.5,2,22.9,27.5,207.0,1.8,166.0,2.9
2026-03-25 15:00:00,2026,3,25,15,Huế,Phường Phú Bài,16.409296,107.6779818,98,Moderate,1,28.1,71,0.0,16.8,77,1008.6,5,21.5,26.0,199.0,1.8,159.0,2.8
2026-03-25 16:00:00,2026,3,25,16,Huế,Phường Phú Bài,16.409296,107.6779818,119,Unhealthy for Sensitive Groups,2,27.4,74,0.0,15.1,72,1008.2,3,19.6,24.0,203.0,2.7,147.0,2.9
2026-03-25 17:00:00,2026,3,25,17,Huế,Phường Phú Bài,16.409296,107.6779818,131,Unhealthy for Sensitive Groups,2,26.0,80,0.0,14.0,68,1008.0,3,18.2,22.5,219.0,5.4,127.0,3.5
2026-03-25 18:00:00,2026,3,25,18,Huế,Phường Phú Bài,16.409296,107.6779818,132,Unhealthy for Sensitive Groups,2,24.5,84,0.0,11.9,70,1008.3,2,18.5,22.4,247.0,9.0,103.0,4.4
2026-03-25 19:00:00,2026,3,25,19,Huế,Phường Phú Bài,16.409296,107.6779818,122,Unhealthy for Sensitive Groups,2,24.6,86,0.0,7.2,72,1008.9,2,18.3,20.4,288.0,13.4,88.0,5.7
2026-03-25 20:00:00,2026,3,25,20,Huế,Phường Phú Bài,16.409296,107.6779818,106,Unhealthy for Sensitive Groups,2,24.0,90,0.0,1.6,174,1009.3,2,20.4,22.9,358.0,14.0,80.0,6.0
2026-03-25 21:00:00,2026,3,25,21,Huế,Phường Phú Bài,16.409296,107.6779818,88,Moderate,1,23.2,95,0.0,3.4,238,1010.2,2,22.4,25.1,441.0,14.7,69.0,6.3
2026-03-25 22:00:00,2026,3,25,22,Huế,Phường Phú Bài,16.409296,107.6779818,79,Moderate,1,23.0,96,0.0,5.3,147,1010.0,0,23.3,26.4,488.0,15.2,60.0,6.4
2026-03-25 23:00:00,2026,3,25,23,Huế,Phường Phú Bài,16.409296,107.6779818,78,Moderate,1,22.5,96,0.0,5.1,141,1009.8,0,24.0,27.2,469.0,15.2,53.0,6.0
2026-03-26 00:00:00,2026,3,26,0,Huế,Phường Phú Bài,16.409296,107.6779818,78,Moderate,1,21.5,98,0.0,1.3,124,1009.8,0,23.4,26.4,414.0,14.8,48.0,5.3
2026-03-26 01:00:00,2026,3,26,1,Huế,Phường Phú Bài,16.409296,107.6779818,77,Moderate,1,21.4,100,0.0,2.5,184,1009.1,100,23.2,25.9,366.0,14.2,44.0,4.6
2026-03-26 02:00:00,2026,3,26,2,Huế,Phường Phú Bài,16.409296,107.6779818,77,Moderate,1,21.6,100,0.0,5.4,210,1008.7,92,24.7,27.0,332.0,13.1,43.0,3.9
2026-03-26 03:00:00,2026,3,26,3,Huế,Phường Phú Bài,16.409296,107.6779818,77,Moderate,1,21.4,100,0.0,4.8,243,1008.3,93,25.6,27.8,304.0,11.6,43.0,3.2
2026-03-26 04:00:00,2026,3,26,4,Huế,Phường Phú Bài,16.409296,107.6779818,77,Moderate,1,20.8,100,0.0,2.8,230,1008.2,95,26.1,28.1,301.0,10.4,45.0,2.8
2026-03-26 05:00:00,2026,3,26,5,Huế,Phường Phú Bài,16.409296,107.6779818,76,Moderate,1,20.3,100,0.0,2.1,218,1008.4,98,25.8,27.6,340.0,9.9,45.0,2.9
2026-03-26 06:00:00,2026,3,26,6,Huế,Phường Phú Bài,16.409296,107.6779818,76,Moderate,1,20.5,99,0.0,4.0,265,1009.3,73,26.1,27.7,403.0,9.6,47.0,3.3
2026-03-26 07:00:00,2026,3,26,7,Huế,Phường Phú Bài,16.409296,107.6779818,76,Moderate,1,22.0,92,0.0,4.6,244,1009.9,7,27.8,29.4,455.0,9.0,62.0,3.9
2026-03-26 08:00:00,2026,3,26,8,Huế,Phường Phú Bài,16.409296,107.6779818,76,Moderate,1,24.5,83,0.0,2.2,246,1010.4,6,27.5,29.7,492.0,7.4,91.0,4.3
2026-03-26 09:00:00,2026,3,26,9,Huế,Phường Phú Bài,16.409296,107.6779818,75,Moderate,1,26.7,77,0.0,1.7,347,1010.6,0,26.3,29.2,518.0,5.1,132.0,4.8
2026-03-26 10:00:00,2026,3,26,10,Huế,Phường Phú Bài,16.409296,107.6779818,75,Moderate,1,28.6,72,0.0,5.1,6,1010.4,0,26.2,29.3,512.0,3.4,166.0,5.2
2026-03-26 11:00:00,2026,3,26,11,Huế,Phường Phú Bài,16.409296,107.6779818,75,Moderate,1,29.5,71,0.0,7.9,24,1009.7,0,26.8,30.0,449.0,2.8,185.0,5.3
2026-03-26 12:00:00,2026,3,26,12,Huế,Phường Phú Bài,16.409296,107.6779818,75,Moderate,1,29.5,72,0.0,10.4,44,1008.9,0,27.2,31.0,353.0,2.6,197.0,5.3
2026-03-26 13:00:00,2026,3,26,13,Huế,Phường Phú Bài,16.409296,107.6779818,75,Moderate,1,29.0,69,0.0,11.5,58,1008.2,2,27.0,30.9,276.0,2.7,203.0,5.2
2026-03-26 14:00:00,2026,3,26,14,Huế,Phường Phú Bài,16.409296,107.6779818,97,Moderate,1,29.3,69,0.0,11.1,74,1007.5,7,26.0,30.0,233.0,2.5,204.0,5.1
2026-03-26 15:00:00,2026,3,26,15,Huế,Phường Phú Bài,16.409296,107.6779818,130,Unhealthy for Sensitive Groups,2,29.0,70,0.0,11.8,65,1006.7,25,24.7,28.9,210.0,2.4,199.0,4.9
2026-03-26 16:00:00,2026,3,26,16,Huế,Phường Phú Bài,16.409296,107.6779818,157,Unhealthy,3,28.2,73,0.0,11.7,59,1006.4,24,23.3,27.6,215.0,3.4,187.0,5.0
2026-03-26 17:00:00,2026,3,26,17,Huế,Phường Phú Bài,16.409296,107.6779818,172,Unhealthy,3,27.1,78,0.0,10.1,61,1006.3,9,22.1,26.3,255.0,6.5,162.0,5.5
2026-03-26 18:00:00,2026,3,26,18,Huế,Phường Phú Bài,16.409296,107.6779818,177,Unhealthy,3,25.5,84,0.0,5.8,60,1006.5,6,22.1,25.8,324.0,10.8,129.0,6.2
2026-03-26 19:00:00,2026,3,26,19,Huế,Phường Phú Bài,16.409296,107.6779818,171,Unhealthy,3,24.5,90,0.0,2.2,5,1007.2,5,21.8,24.4,404.0,13.4,104.0,6.7
2026-03-26 20:00:00,2026,3,26,20,Huế,Phường Phú Bài,16.409296,107.6779818,158,Unhealthy,3,24.0,92,0.0,1.6,264,1008.0,1,23.7,26.3,514.0,13.8,94.0,6.9
2026-03-26 21:00:00,2026,3,26,21,Huế,Phường Phú Bài,16.409296,107.6779818,139,Unhealthy for Sensitive Groups,2,23.4,96,0.0,3.1,239,1008.5,0,24.9,27.2,636.0,14.2,80.0,7.2
2026-03-26 22:00:00,2026,3,26,22,Huế,Phường Phú Bài,16.409296,107.6779818,113,Unhealthy for Sensitive Groups,2,23.1,97,0.0,1.6,117,1008.7,0,25.9,28.0,701.0,14.3,69.0,7.2
2026-03-26 23:00:00,2026,3,26,23,Huế,Phường Phú Bài,16.409296,107.6779818,84,Moderate,1,23.0,97,0.0,2.2,125,1008.6,0,26.7,28.5,664.0,13.8,63.0,6.6
2026-03-27 00:00:00,2026,3,27,0,Huế,Phường Phú Bài,16.409296,107.6779818,78,Moderate,1,22.8,98,0.0,1.5,201,1008.1,0,26.9,28.5,570.0,12.9,60.0,5.8
2026-03-27 01:00:00,2026,3,27,1,Huế,Phường Phú Bài,16.409296,107.6779818,78,Moderate,1,22.4,100,0.0,3.6,210,1007.6,95,27.2,28.8,489.0,11.8,60.0,5.0
2026-03-27 02:00:00,2026,3,27,2,Huế,Phường Phú Bài,16.409296,107.6779818,79,Moderate,1,22.5,100,0.0,3.5,219,1007.0,96,27.8,29.2,441.0,10.4,63.0,4.4
2026-03-27 03:00:00,2026,3,27,3,Huế,Phường Phú Bài,16.409296,107.6779818,79,Moderate,1,21.8,100,0.0,2.8,195,1006.7,95,27.7,28.9,406.0,8.7,67.0,3.9
2026-03-27 04:00:00,2026,3,27,4,Huế,Phường Phú Bài,16.409296,107.6779818,79,Moderate,1,21.4,100,0.0,3.6,225,1006.8,92,24.5,25.3,393.0,7.5,72.0,3.6
2026-03-27 05:00:00,2026,3,27,5,Huế,Phường Phú Bài,16.409296,107.6779818,79,Moderate,1,21.4,100,0.0,5.7,233,1006.9,96,21.9,22.5,415.0,7.2,73.0,3.7
2026-03-27 06:00:00,2026,3,27,6,Huế,Phường Phú Bài,16.409296,107.6779818,79,Moderate,1,21.3,100,0.0,5.6,222,1007.2,92,19.7,20.1,459.0,7.3,73.0,4.0
2026-03-27 07:00:00,2026,3,27,7,Huế,Phường Phú Bài,16.409296,107.6779818,78,Moderate,1,23.0,92,0.0,2.3,203,1008.0,1,40.7,41.4,491.0,8.9,70.0,4.8
2026-03-27 08:00:00,2026,3,27,8,Huế,Phường Phú Bài,16.409296,107.6779818,79,Moderate,1,25.6,82,0.0,0.4,117,1008.8,1,42.1,43.3,499.0,7.4,100.0,5.4
2026-03-27 09:00:00,2026,3,27,9,Huế,Phường Phú Bài,16.409296,107.6779818,81,Moderate,1,28.1,74,0.0,2.5,45,1009.3,0,41.3,43.1,496.0,5.3,142.0,6.3
2026-03-27 10:00:00,2026,3,27,10,Huế,Phường Phú Bài,16.409296,107.6779818,82,Moderate,1,30.0,71,0.0,5.3,45,1009.2,0,39.5,41.4,479.0,3.7,176.0,6.8
2026-03-27 11:00:00,2026,3,27,11,Huế,Phường Phú Bài,16.409296,107.6779818,83,Moderate,1,31.1,68,0.0,7.3,50,1008.4,0,38.0,40.0,444.0,3.1,196.0,6.7
2026-03-27 12:00:00,2026,3,27,12,Huế,Phường Phú Bài,16.409296,107.6779818,84,Moderate,1,31.9,66,0.0,9.1,58,1007.6,0,35.6,37.7,397.0,2.9,208.0,6.4
2026-03-27 13:00:00,2026,3,27,13,Huế,Phường Phú Bài,16.409296,107.6779818,87,Moderate,1,32.3,62,0.0,10.7,67,1006.1,0,33.5,35.5,352.0,3.0,215.0,6.1
2026-03-27 14:00:00,2026,3,27,14,Huế,Phường Phú Bài,16.409296,107.6779818,118,Unhealthy for Sensitive Groups,2,32.8,60,0.0,10.3,74,1005.4,16,31.8,34.0,308.0,3.0,219.0,6.1
2026-03-27 15:00:00,2026,3,27,15,Huế,Phường Phú Bài,16.409296,107.6779818,149,Unhealthy for Sensitive Groups,2,32.2,63,0.0,11.3,72,1004.8,35,29.9,32.0,267.0,3.3,219.0,6.2
2026-03-27 16:00:00,2026,3,27,16,Huế,Phường Phú Bài,16.409296,107.6779818,173,Unhealthy,3,30.8,68,0.0,10.7,73,1004.4,22,28.4,30.2,248.0,4.5,209.0,6.4
2026-03-27 17:00:00,2026,3,27,17,Huế,Phường Phú Bài,16.409296,107.6779818,190,Unhealthy,3,29.3,76,0.0,8.6,67,1004.3,14,27.2,28.7,260.0,7.5,184.0,6.8
2026-03-27 18:00:00,2026,3,27,18,Huế,Phường Phú Bài,16.409296,107.6779818,197,Unhealthy,3,27.5,81,0.0,6.1,66,1004.4,6,27.2,28.5,294.0,11.4,150.0,7.3
2026-03-27 19:00:00,2026,3,27,19,Huế,Phường Phú Bài,16.409296,107.6779818,193,Unhealthy,3,26.4,84,0.0,4.5,43,1005.2,3,32.4,33.3,350.0,15.3,118.0,8.1
2026-03-27 20:00:00,2026,3,27,20,Huế,Phường Phú Bài,16.409296,107.6779818,180,Unhealthy,3,26.3,85,0.0,0.4,270,1005.8,3,32.7,33.6,422.0,15.7,104.0,8.3
2026-03-27 21:00:00,2026,3,27,21,Huế,Phường Phú Bài,16.409296,107.6779818,164,Unhealthy,3,25.9,87,0.0,0.4,297,1006.3,0,34.7,35.5,515.0,16.2,84.0,8.4
2026-03-27 22:00:00,2026,3,27,22,Huế,Phường Phú Bài,16.409296,107.6779818,140,Unhealthy for Sensitive Groups,2,25.2,90,0.0,0.9,191,1006.7,2,35.3,36.1,644.0,16.4,67.0,8.2
2026-03-27 23:00:00,2026,3,27,23,Huế,Phường Phú Bài,16.409296,107.6779818,108,Unhealthy for Sensitive Groups,2,24.4,94,0.0,1.4,230,1006.8,7,36.0,36.8,854.0,16.1,57.0,7.3
2026-03-28 00:00:00,2026,3,28,0,Huế,Phường Phú Bài,16.409296,107.6779818,92,Moderate,1,23.5,97,0.0,2.3,225,1006.5,8,35.9,36.6,1101.0,15.4,51.0,6.0
2026-03-28 01:00:00,2026,3,28,1,Huế,Phường Phú Bài,16.409296,107.6779818,93,Moderate,1,22.9,100,0.0,2.3,212,1006.2,97,34.2,34.9,1267.0,14.4,47.0,4.9
2026-03-28 02:00:00,2026,3,28,2,Huế,Phường Phú Bài,16.409296,107.6779818,93,Moderate,1,23.1,99,0.0,6.5,264,1005.8,59,31.8,32.6,1305.0,12.7,47.0,4.0
2026-03-28 03:00:00,2026,3,28,3,Huế,Phường Phú Bài,16.409296,107.6779818,94,Moderate,1,22.9,99,0.0,4.0,265,1005.7,12,29.7,30.4,1261.0,10.7,50.0,3.3
2026-03-28 04:00:00,2026,3,28,4,Huế,Phường Phú Bài,16.409296,107.6779818,94,Moderate,1,22.6,100,0.0,3.3,241,1005.8,35,27.4,28.1,1162.0,9.1,53.0,2.9
2026-03-28 05:00:00,2026,3,28,5,Huế,Phường Phú Bài,16.409296,107.6779818,94,Moderate,1,22.5,98,0.0,3.6,221,1006.4,30,25.1,26.0,972.0,8.6,52.0,2.9
2026-03-28 06:00:00,2026,3,28,6,Huế,Phường Phú Bài,16.409296,107.6779818,95,Moderate,1,22.5,95,0.0,3.5,219,1007.2,22,23.6,24.3,726.0,8.5,52.0,3.1
2026-03-28 07:00:00,2026,3,28,7,Huế,Phường Phú Bài,16.409296,107.6779818,95,Moderate,1,24.1,82,0.0,3.5,219,1008.0,5,34.1,35.0,554.0,10.2,51.0,3.8
2026-03-28 08:00:00,2026,3,28,8,Huế,Phường Phú Bài,16.409296,107.6779818,94,Moderate,1,27.0,72,0.0,0.5,270,1009.0,0,36.7,37.4,533.0,8.4,87.0,4.7
2026-03-28 09:00:00,2026,3,28,9,Huế,Phường Phú Bài,16.409296,107.6779818,94,Moderate,1,29.3,69,0.0,2.5,30,1009.5,0,36.7,38.0,586.0,5.8,137.0,5.9
2026-03-28 10:00:00,2026,3,28,10,Huế,Phường Phú Bài,16.409296,107.6779818,93,Moderate,1,31.0,68,0.0,4.9,36,1009.2,0,37.4,38.9,605.0,3.9,178.0,6.8
2026-03-28 11:00:00,2026,3,28,11,Huế,Phường Phú Bài,16.409296,107.6779818,93,Moderate,1,31.8,70,0.0,8.6,41,1008.6,0,37.5,39.6,540.0,3.1,201.0,7.2
2026-03-28 12:00:00,2026,3,28,12,Huế,Phường Phú Bài,16.409296,107.6779818,93,Moderate,1,31.9,69,0.0,10.5,53,1007.6,2,36.2,38.3,442.0,2.9,216.0,7.3
2026-03-28 13:00:00,2026,3,28,13,Huế,Phường Phú Bài,16.409296,107.6779818,93,Moderate,1,31.3,66,0.0,10.9,52,1006.9,25,34.5,36.4,360.0,2.9,223.0,7.3
2026-03-28 14:00:00,2026,3,28,14,Huế,Phường Phú Bài,16.409296,107.6779818,110,Unhealthy for Sensitive Groups,2,31.5,64,0.0,9.2,55,1006.4,23,32.0,34.0,307.0,3.0,224.0,7.1
2026-03-28 15:00:00,2026,3,28,15,Huế,Phường Phú Bài,16.409296,107.6779818,147,Unhealthy for Sensitive Groups,2,31.0,64,0.0,8.5,54,1005.7,34,29.8,31.7,271.0,3.3,218.0,6.8
2026-03-28 16:00:00,2026,3,28,16,Huế,Phường Phú Bài,16.409296,107.6779818,174,Unhealthy,3,30.5,67,0.0,7.2,71,1005.3,27,27.4,29.1,258.0,4.4,204.0,6.7
2026-03-28 17:00:00,2026,3,28,17,Huế,Phường Phú Bài,16.409296,107.6779818,193,Unhealthy,3,29.5,71,0.0,6.3,72,1005.4,17,25.8,27.5,279.0,6.9,179.0,6.9
2026-03-28 18:00:00,2026,3,28,18,Huế,Phường Phú Bài,16.409296,107.6779818,199,Unhealthy,3,27.6,82,0.0,4.0,51,1005.7,15,25.5,27.0,324.0,10.3,147.0,7.3
2026-03-28 19:00:00,2026,3,28,19,Huế,Phường Phú Bài,16.409296,107.6779818,195,Unhealthy,3,26.4,87,0.0,3.6,30,1005.8,10,30.9,32.1,374.0,14.7,116.0,7.9
2026-03-28 20:00:00,2026,3,28,20,Huế,Phường Phú Bài,16.409296,107.6779818,181,Unhealthy,3,25.9,89,0.0,0.6,326,1006.5,7,31.4,32.6,426.0,14.8,106.0,8.2
2026-03-28 21:00:00,2026,3,28,21,Huế,Phường Phú Bài,16.409296,107.6779818,163,Unhealthy,3,25.0,93,0.0,0.9,281,1006.9,3,33.9,34.9,483.0,14.9,91.0,8.6
2026-03-28 22:00:00,2026,3,28,22,Huế,Phường Phú Bài,16.409296,107.6779818,140,Unhealthy for Sensitive Groups,2,24.3,95,0.0,0.5,315,1007.1,2,38.0,38.9,535.0,14.9,78.0,8.6
2026-03-28 23:00:00,2026,3,28,23,Huế,Phường Phú Bài,16.409296,107.6779818,109,Unhealthy for Sensitive Groups,2,23.5,98,0.0,1.0,225,1007.0,2,41.6,42.4,585.0,14.9,68.0,7.8
2026-03-29 00:00:00,2026,3,29,0,Huế,Phường Phú Bài,16.409296,107.6779818,93,Moderate,1,22.9,100,0.0,1.2,219,1006.6,99,43.0,43.8,630.0,14.7,59.0,6.6
2026-03-29 01:00:00,2026,3,29,1,Huế,Phường Phú Bài,16.409296,107.6779818,94,Moderate,1,23.1,100,0.0,2.7,233,1005.9,97,43.3,44.1,645.0,14.1,54.0,5.5
2026-03-29 02:00:00,2026,3,29,2,Huế,Phường Phú Bài,16.409296,107.6779818,95,Moderate,1,23.1,99,0.0,4.4,240,1005.4,88,41.9,42.8,610.0,12.5,54.0,4.8
2026-03-29 03:00:00,2026,3,29,3,Huế,Phường Phú Bài,16.409296,107.6779818,96,Moderate,1,22.6,98,0.0,3.7,235,1005.2,69,39.6,40.5,547.0,10.5,58.0,4.3
2026-03-29 04:00:00,2026,3,29,4,Huế,Phường Phú Bài,16.409296,107.6779818,97,Moderate,1,22.3,97,0.0,4.5,220,1005.4,55,36.0,37.3,491.0,8.9,61.0,4.0
2026-03-29 05:00:00,2026,3,29,5,Huế,Phường Phú Bài,16.409296,107.6779818,97,Moderate,1,22.0,95,0.0,4.4,235,1006.1,31,32.9,34.2,454.0,8.3,58.0,3.9
2026-03-29 06:00:00,2026,3,29,6,Huế,Phường Phú Bài,16.409296,107.6779818,98,Moderate,1,22.1,96,0.0,4.4,261,1007.0,54,30.2,31.2,425.0,8.3,55.0,4.1
2026-03-29 07:00:00,2026,3,29,7,Huế,Phường Phú Bài,16.409296,107.6779818,99,Moderate,1,23.0,88,0.0,4.6,222,1008.0,5,35.2,36.2,412.0,8.2,69.0,4.5
2026-03-29 08:00:00,2026,3,29,8,Huế,Phường Phú Bài,16.409296,107.6779818,99,Moderate,1,26.4,73,0.0,2.1,250,1008.9,41,37.6,38.6,430.0,7.2,101.0,5.3
2026-03-29 09:00:00,2026,3,29,9,Huế,Phường Phú Bài,16.409296,107.6779818,99,Moderate,1,29.1,69,0.0,0.0,270,1009.4,84,36.7,38.3,464.0,5.7,146.0,6.4
2026-03-29 10:00:00,2026,3,29,10,Huế,Phường Phú Bài,16.409296,107.6779818,99,Moderate,1,31.1,65,0.0,4.0,60,1009.1,90,32.6,33.5,477.0,4.5,184.0,7.2
2026-03-29 11:00:00,2026,3,29,11,Huế,Phường Phú Bài,16.409296,107.6779818,98,Moderate,1,31.8,67,0.0,8.9,50,1008.6,88,32.7,33.6,448.0,3.8,208.0,7.3
2026-03-29 12:00:00,2026,3,29,12,Huế,Phường Phú Bài,16.409296,107.6779818,98,Moderate,1,31.6,65,0.0,10.9,54,1008.1,30,32.2,33.2,397.0,3.4,224.0,7.0
2026-03-29 13:00:00,2026,3,29,13,Huế,Phường Phú Bài,16.409296,107.6779818,98,Moderate,1,31.1,60,0.0,11.8,43,1007.4,24,31.9,32.8,350.0,3.2,233.0,6.8
2026-03-29 14:00:00,2026,3,29,14,Huế,Phường Phú Bài,16.409296,107.6779818,126,Unhealthy for Sensitive Groups,2,30.6,65,0.0,13.5,67,1006.5,26,31.5,32.6,302.0,2.9,236.0,6.6
2026-03-29 15:00:00,2026,3,29,15,Huế,Phường Phú Bài,16.409296,107.6779818,161,Unhealthy,3,30.4,63,0.0,12.6,63,1006.0,17,31.4,32.8,256.0,2.8,233.0,6.3
2026-03-29 16:00:00,2026,3,29,16,Huế,Phường Phú Bài,16.409296,107.6779818,187,Unhealthy,3,30.0,63,0.0,9.0,64,1005.8,11,30.9,32.4,250.0,4.1,219.0,6.4
2026-03-29 17:00:00,2026,3,29,17,Huế,Phường Phú Bài,16.409296,107.6779818,202,Very Unhealthy,4,28.7,71,0.0,8.6,60,1006.3,4,30.0,31.5,304.0,8.0,188.0,7.1
2026-03-29 18:00:00,2026,3,29,18,Huế,Phường Phú Bài,16.409296,107.6779818,205,Very Unhealthy,4,26.5,83,0.0,4.2,43,1006.8,3,31.3,32.7,398.0,13.2,148.0,8.0
2026-03-29 19:00:00,2026,3,29,19,Huế,Phường Phú Bài,16.409296,107.6779818,203,Very Unhealthy,4,25.9,90,0.0,2.1,38,1007.3,5,39.0,40.5,501.0,17.5,120.0,9.0
2026-03-29 20:00:00,2026,3,29,20,Huế,Phường Phú Bài,16.409296,107.6779818,193,Unhealthy,3,25.5,91,0.0,1.5,150,1007.8,2,39.1,40.5,634.0,17.1,108.0,9.2
2026-03-29 21:00:00,2026,3,29,21,Huế,Phường Phú Bài,16.409296,107.6779818,174,Unhealthy,3,24.7,93,0.0,2.7,242,1008.0,0,39.1,40.4,777.0,16.5,92.0,9.3
2026-03-29 22:00:00,2026,3,29,22,Huế,Phường Phú Bài,16.409296,107.6779818,152,Unhealthy,3,24.3,95,0.0,2.3,302,1008.3,0,40.3,41.3,841.0,15.9,77.0,9.1
2026-03-29 23:00:00,2026,3,29,23,Huế,Phường Phú Bài,16.409296,107.6779818,119,Unhealthy for Sensitive Groups,2,23.8,96,0.0,1.9,139,1008.2,1,40.3,41.3,755.0,15.2,67.0,8.1
2026-03-30 00:00:00,2026,3,30,0,Huế,Phường Phú Bài,16.409296,107.6779818,101,Unhealthy for Sensitive Groups,2,22.9,97,0.0,4.0,183,1007.9,1,38.6,39.6,590.0,14.4,59.0,6.8
2026-03-30 01:00:00,2026,3,30,1,Huế,Phường Phú Bài,16.409296,107.6779818,100,Moderate,1,23.0,96,0.0,3.4,205,1007.3,0,37.1,38.1,464.0,13.6,53.0,5.6
2026-03-30 02:00:00,2026,3,30,2,Huế,Phường Phú Bài,16.409296,107.6779818,100,Moderate,1,22.7,96,0.0,0.5,270,1006.9,0,35.5,36.1,423.0,12.5,49.0,4.7
2026-03-30 03:00:00,2026,3,30,3,Huế,Phường Phú Bài,16.409296,107.6779818,99,Moderate,1,22.1,97,0.0,3.0,194,1006.5,1,34.1,34.7,423.0,11.4,48.0,4.1
2026-03-30 04:00:00,2026,3,30,4,Huế,Phường Phú Bài,16.409296,107.6779818,99,Moderate,1,21.8,97,0.0,3.4,196,1006.4,2,32.8,33.3,446.0,10.6,49.0,3.7
2026-03-30 05:00:00,2026,3,30,5,Huế,Phường Phú Bài,16.409296,107.6779818,98,Moderate,1,21.5,97,0.0,2.3,225,1006.8,2,32.1,32.5,510.0,10.6,49.0,3.7
2026-03-30 06:00:00,2026,3,30,6,Huế,Phường Phú Bài,16.409296,107.6779818,98,Moderate,1,21.4,98,0.0,3.3,229,1007.4,2,32.4,32.7,598.0,10.9,51.0,4.0
2026-03-30 07:00:00,2026,3,30,7,Huế,Phường Phú Bài,16.409296,107.6779818,98,Moderate,1,23.4,90,0.0,4.1,236,1008.1,1,44.1,44.5,645.0,8.3,71.0,5.3
2026-03-30 08:00:00,2026,3,30,8,Huế,Phường Phú Bài,16.409296,107.6779818,99,Moderate,1,26.6,76,0.0,2.3,270,1008.8,0,43.2,43.8,613.0,7.0,101.0,5.7
2026-03-30 09:00:00,2026,3,30,9,Huế,Phường Phú Bài,16.409296,107.6779818,100,Moderate,1,29.8,67,0.0,1.1,351,1009.5,0,41.2,42.0,539.0,5.1,142.0,6.2
2026-03-30 10:00:00,2026,3,30,10,Huế,Phường Phú Bài,16.409296,107.6779818,100,Moderate,1,31.8,64,0.0,6.1,28,1009.3,0,38.0,38.8,471.0,3.7,175.0,6.4
2026-03-30 11:00:00,2026,3,30,11,Huế,Phường Phú Bài,16.409296,107.6779818,101,Unhealthy for Sensitive Groups,2,32.5,64,0.0,8.6,37,1008.7,1,35.9,36.7,427.0,3.1,193.0,5.9
2026-03-30 12:00:00,2026,3,30,12,Huế,Phường Phú Bài,16.409296,107.6779818,101,Unhealthy for Sensitive Groups,2,32.8,59,0.0,10.5,52,1007.8,6,34.3,35.4,389.0,2.9,202.0,5.0
2026-03-30 13:00:00,2026,3,30,13,Huế,Phường Phú Bài,16.409296,107.6779818,101,Unhealthy for Sensitive Groups,2,32.7,58,0.0,11.8,62,1006.7,13,35.3,36.3,353.0,2.9,209.0,4.4
2026-03-30 14:00:00,2026,3,30,14,Huế,Phường Phú Bài,16.409296,107.6779818,110,Unhealthy for Sensitive Groups,2,32.7,58,0.0,13.6,73,1005.8,13,36.3,37.4,312.0,3.0,216.0,4.4
2026-03-30 15:00:00,2026,3,30,15,Huế,Phường Phú Bài,16.409296,107.6779818,145,Unhealthy for Sensitive Groups,2,32.0,58,0.0,13.5,81,1005.3,8,36.1,37.1,274.0,3.3,219.0,4.7
2026-03-30 16:00:00,2026,3,30,16,Huế,Phường Phú Bài,16.409296,107.6779818,170,Unhealthy,3,31.1,63,0.0,12.1,75,1004.7,6,35.7,37.0,257.0,4.4,213.0,5.2
2026-03-30 17:00:00,2026,3,30,17,Huế,Phường Phú Bài,16.409296,107.6779818,188,Unhealthy,3,29.4,74,0.0,11.0,65,1004.7,8,34.3,35.6,268.0,7.1,191.0,6.0
2026-03-30 18:00:00,2026,3,30,18,Huế,Phường Phú Bài,16.409296,107.6779818,195,Unhealthy,3,27.8,77,0.0,8.3,84,1005.1,21,33.9,35.2,300.0,10.6,160.0,6.9
2026-03-30 19:00:00,2026,3,30,19,Huế,Phường Phú Bài,16.409296,107.6779818,193,Unhealthy,3,27.1,81,0.0,4.2,130,1006.0,5,29.6,30.3,351.0,13.0,128.0,7.2
2026-03-30 20:00:00,2026,3,30,20,Huế,Phường Phú Bài,16.409296,107.6779818,183,Unhealthy,3,26.5,86,0.0,2.4,222,1006.7,76,31.1,31.8,445.0,13.3,116.0,7.6
2026-03-30 21:00:00,2026,3,30,21,Huế,Phường Phú Bài,16.409296,107.6779818,169,Unhealthy,3,25.6,90,0.0,0.9,217,1007.4,72,32.5,33.2,558.0,13.6,98.0,8.2
2026-03-30 22:00:00,2026,3,30,22,Huế,Phường Phú Bài,16.409296,107.6779818,151,Unhealthy,3,24.6,94,0.0,3.4,177,1007.6,24,34.0,34.7,621.0,13.8,82.0,8.3
2026-03-30 23:00:00,2026,3,30,23,Huế,Phường Phú Bài,16.409296,107.6779818,123,Unhealthy for Sensitive Groups,2,23.9,95,0.0,4.6,201,1007.4,0,34.9,35.6,592.0,13.9,68.0,7.5
2026-03-31 00:00:00,2026,3,31,0,Huế,Phường Phú Bài,16.409296,107.6779818,100,Moderate,1,23.5,95,0.0,5.2,205,1007.1,24,34.9,35.5,512.0,13.8,55.0,6.3
2026-03-31 01:00:00,2026,3,31,1,Huế,Phường Phú Bài,16.409296,107.6779818,100,Moderate,1,23.5,96,0.0,6.3,211,1006.8,34,34.5,34.9,439.0,13.4,45.0,5.2
2026-03-31 02:00:00,2026,3,31,2,Huế,Phường Phú Bài,16.409296,107.6779818,100,Moderate,1,23.5,94,0.0,5.1,228,1006.2,63,33.1,33.6,383.0,12.3,38.0,4.4
2026-03-31 03:00:00,2026,3,31,3,Huế,Phường Phú Bài,16.409296,107.6779818,99,Moderate,1,23.2,93,0.0,6.8,233,1006.1,13,31.3,31.8,334.0,10.9,33.0,3.8
2026-03-31 04:00:00,2026,3,31,4,Huế,Phường Phú Bài,16.409296,107.6779818,99,Moderate,1,23.0,90,0.0,6.9,221,1006.1,2,29.6,30.2,314.0,9.7,32.0,3.4
2026-03-31 05:00:00,2026,3,31,5,Huế,Phường Phú Bài,16.409296,107.6779818,99,Moderate,1,22.6,87,0.0,7.1,214,1006.5,4,28.3,28.7,350.0,9.1,31.0,3.3
2026-03-31 06:00:00,2026,3,31,6,Huế,Phường Phú Bài,16.409296,107.6779818,98,Moderate,1,22.4,85,0.0,7.1,204,1007.3,1,27.4,27.8,417.0,8.8,34.0,3.5
2026-03-31 07:00:00,2026,3,31,7,Huế,Phường Phú Bài,16.409296,107.6779818,98,Moderate,1,24.2,79,0.0,6.5,214,1008.5,0,48.1,48.4,457.0,9.5,44.0,3.9
2026-03-31 08:00:00,2026,3,31,8,Huế,Phường Phú Bài,16.409296,107.6779818,98,Moderate,1,27.8,70,0.0,3.6,186,1009.3,0,51.3,51.7,441.0,7.9,86.0,5.3
2026-03-31 09:00:00,2026,3,31,9,Huế,Phường Phú Bài,16.409296,107.6779818,99,Moderate,1,31.8,59,0.0,2.8,140,1009.6,14,51.8,53.1,400.0,5.6,144.0,7.1
2026-03-31 10:00:00,2026,3,31,10,Huế,Phường Phú Bài,16.409296,107.6779818,100,Moderate,1,34.8,45,0.0,1.5,150,1009.3,60,48.2,49.9,368.0,3.8,187.0,8.1
2026-03-31 11:00:00,2026,3,31,11,Huế,Phường Phú Bài,16.409296,107.6779818,101,Unhealthy for Sensitive Groups,2,36.4,38,0.0,2.8,45,1008.6,30,43.2,44.9,361.0,2.9,199.0,7.3
2026-03-31 12:00:00,2026,3,31,12,Huế,Phường Phú Bài,16.409296,107.6779818,102,Unhealthy for Sensitive Groups,2,36.8,40,0.0,7.4,45,1007.5,54,39.6,41.3,364.0,2.5,196.0,5.7
2026-03-31 13:00:00,2026,3,31,13,Huế,Phường Phú Bài,16.409296,107.6779818,102,Unhealthy for Sensitive Groups,2,35.3,47,0.0,12.1,44,1006.3,80,36.0,37.6,365.0,2.5,197.0,4.7
2026-03-31 14:00:00,2026,3,31,14,Huế,Phường Phú Bài,16.409296,107.6779818,102,Unhealthy for Sensitive Groups,2,33.8,50,0.0,14.0,62,1005.8,96,39.2,41.2,355.0,2.9,214.0,5.0
2026-03-31 15:00:00,2026,3,31,15,Huế,Phường Phú Bài,16.409296,107.6779818,136,Unhealthy for Sensitive Groups,2,33.6,51,0.0,12.0,76,1005.1,96,43.3,45.3,344.0,3.7,234.0,5.8
2026-03-31 16:00:00,2026,3,31,16,Huế,Phường Phú Bài,16.409296,107.6779818,170,Unhealthy,3,33.1,57,0.0,14.3,79,1004.6,84,44.6,46.4,347.0,5.4,241.0,6.9
2026-03-31 17:00:00,2026,3,31,17,Huế,Phường Phú Bài,16.409296,107.6779818,195,Unhealthy,3,31.5,68,0.0,11.0,86,1004.5,64,45.8,47.4,364.0,8.5,224.0,8.1
2026-03-31 18:00:00,2026,3,31,18,Huế,Phường Phú Bài,16.409296,107.6779818,203,Very Unhealthy,4,29.5,68,0.0,5.9,70,1004.8,38,46.8,48.4,395.0,12.4,193.0,9.4
2026-03-31 19:00:00,2026,3,31,19,Huế,Phường Phú Bài,16.409296,107.6779818,203,Very Unhealthy,4,28.4,74,0.0,1.0,22,1005.7,44,51.5,52.7,456.0,18.5,147.0,10.7
2026-03-31 20:00:00,2026,3,31,20,Huế,Phường Phú Bài,16.409296,107.6779818,200,Unhealthy,3,27.4,77,0.0,0.6,252,1006.2,80,53.6,54.8,587.0,18.9,128.0,11.2
2026-03-31 21:00:00,2026,3,31,21,Huế,Phường Phú Bài,16.409296,107.6779818,189,Unhealthy,3,26.2,84,0.0,2.2,261,1006.9,98,54.5,55.5,748.0,19.3,101.0,11.8
2026-03-31 22:00:00,2026,3,31,22,Huế,Phường Phú Bài,16.409296,107.6779818,174,Unhealthy,3,25.2,90,0.0,3.4,205,1007.0,99,55.4,56.2,832.0,19.5,78.0,11.6
2026-03-31 23:00:00,2026,3,31,23,Huế,Phường Phú Bài,16.409296,107.6779818,152,Unhealthy,3,24.6,88,0.0,4.9,213,1006.9,91,54.0,54.6,769.0,19.2,61.0,10.1
2026-04-01 00:00:00,2026,4,1,0,Huế,Phường Phú Bài,16.409296,107.6779818,118,Unhealthy for Sensitive Groups,2,24.0,86,0.0,4.7,212,1006.5,94,51.3,51.9,631.0,18.5,48.0,7.8
2026-04-01 01:00:00,2026,4,1,1,Huế,Phường Phú Bài,16.409296,107.6779818,120,Unhealthy for Sensitive Groups,2,23.8,88,0.0,6.1,212,1006.1,77,48.1,48.7,521.0,17.8,37.0,5.8
2026-04-01 02:00:00,2026,4,1,2,Huế,Phường Phú Bài,16.409296,107.6779818,121,Unhealthy for Sensitive Groups,2,23.6,84,0.0,6.6,241,1005.9,35,44.7,45.4,482.0,17.0,27.0,4.4
2026-04-01 03:00:00,2026,4,1,3,Huế,Phường Phú Bài,16.409296,107.6779818,122,Unhealthy for Sensitive Groups,2,23.1,84,0.0,5.1,225,1005.7,13,41.8,42.3,473.0,16.2,19.0,3.3
2026-04-01 04:00:00,2026,4,1,4,Huế,Phường Phú Bài,16.409296,107.6779818,124,Unhealthy for Sensitive Groups,2,22.6,86,0.0,6.3,215,1006.0,0,38.8,39.2,474.0,15.4,18.0,2.7
2026-04-01 05:00:00,2026,4,1,5,Huế,Phường Phú Bài,16.409296,107.6779818,125,Unhealthy for Sensitive Groups,2,22.2,85,0.0,7.0,215,1006.8,0,36.2,36.7,484.0,14.9,23.0,2.7
2026-04-01 06:00:00,2026,4,1,6,Huế,Phường Phú Bài,16.409296,107.6779818,125,Unhealthy for Sensitive Groups,2,22.1,85,0.0,5.4,206,1007.6,7,34.9,35.4,505.0,14.4,34.0,3.3
2026-04-01 07:00:00,2026,4,1,7,Huế,Phường Phú Bài,16.409296,107.6779818,126,Unhealthy for Sensitive Groups,2,24.2,76,0.0,7.9,191,1008.4,2,52.9,53.3,523.0,13.6,55.0,4.5
2026-04-01 08:00:00,2026,4,1,8,Huế,Phường Phú Bài,16.409296,107.6779818,127,Unhealthy for Sensitive Groups,2,28.2,68,0.0,3.6,174,1009.5,4,58.8,59.6,543.0,10.5,90.0,5.0
2026-04-01 09:00:00,2026,4,1,9,Huế,Phường Phú Bài,16.409296,107.6779818,127,Unhealthy for Sensitive Groups,2,31.9,58,0.0,2.3,129,1009.9,16,57.6,59.4,560.0,6.3,138.0,5.6
2026-04-01 10:00:00,2026,4,1,10,Huế,Phường Phú Bài,16.409296,107.6779818,128,Unhealthy for Sensitive Groups,2,31.5,62,0.0,18.8,343,1010.6,9,47.3,50.1,548.0,3.2,178.0,6.1
2026-04-01 11:00:00,2026,4,1,11,Huế,Phường Phú Bài,16.409296,107.6779818,128,Unhealthy for Sensitive Groups,2,32.2,59,0.0,14.4,332,1010.5,9,42.4,45.6,479.0,2.3,202.0,6.4
2026-04-01 12:00:00,2026,4,1,12,Huế,Phường Phú Bài,16.409296,107.6779818,128,Unhealthy for Sensitive Groups,2,31.6,62,0.0,17.6,344,1010.0,26,42.6,46.2,381.0,2.5,218.0,6.5
2026-04-01 13:00:00,2026,4,1,13,Huế,Phường Phú Bài,16.409296,107.6779818,128,Unhealthy for Sensitive Groups,2,30.7,68,0.0,14.2,15,1009.1,44,44.4,48.0,313.0,2.8,224.0,6.5
2026-04-01 14:00:00,2026,4,1,14,Huế,Phường Phú Bài,16.409296,107.6779818,129,Unhealthy for Sensitive Groups,2,30.4,71,0.0,9.5,19,1008.5,27,41.1,44.8,298.0,2.5,219.0,6.2
2026-04-01 15:00:00,2026,4,1,15,Huế,Phường Phú Bài,16.409296,107.6779818,148,Unhealthy for Sensitive Groups,2,30.4,71,0.0,8.5,359,1007.8,17,36.8,41.3,313.0,2.3,204.0,5.7
2026-04-01 16:00:00,2026,4,1,16,Huế,Phường Phú Bài,16.409296,107.6779818,172,Unhealthy,3,30.0,72,0.0,7.2,354,1007.2,23,35.0,40.9,351.0,3.2,185.0,5.5
2026-04-01 17:00:00,2026,4,1,17,Huế,Phường Phú Bài,16.409296,107.6779818,188,Unhealthy,3,28.8,75,0.0,9.5,345,1007.1,16,32.9,39.5,409.0,6.1,158.0,5.8
2026-04-01 18:00:00,2026,4,1,18,Huế,Phường Phú Bài,16.409296,107.6779818,191,Unhealthy,3,27.4,81,0.0,6.7,340,1007.6,9,32.0,38.1,488.0,10.1,127.0,6.5
2026-04-01 19:00:00,2026,4,1,19,Huế,Phường Phú Bài,16.409296,107.6779818,183,Unhealthy,3,26.0,90,0.0,6.7,333,1008.7,5,43.9,49.4,588.0,20.3,141.0,11.1
2026-04-01 20:00:00,2026,4,1,20,Huế,Phường Phú Bài,16.409296,107.6779818,173,Unhealthy,3,25.6,91,0.0,4.0,306,1009.6,4,51.1,57.0,729.0,23.7,127.0,14.6
2026-04-01 21:00:00,2026,4,1,21,Huế,Phường Phú Bài,16.409296,107.6779818,158,Unhealthy,3,25.0,94,0.0,3.1,249,1010.3,3,56.7,62.9,889.0,28.5,107.0,19.3
2026-04-01 22:00:00,2026,4,1,22,Huế,Phường Phú Bài,16.409296,107.6779818,136,Unhealthy for Sensitive Groups,2,24.5,96,0.0,2.8,207,1010.8,2,62.4,68.2,1007.0,32.2,89.0,21.5
2026-04-01 23:00:00,2026,4,1,23,Huế,Phường Phú Bài,16.409296,107.6779818,125,Unhealthy for Sensitive Groups,2,24.1,97,0.0,2.2,204,1010.9,0,68.7,74.5,1049.0,34.2,73.0,19.1
2026-04-02 00:00:00,2026,4,2,0,Huế,Phường Phú Bài,16.409296,107.6779818,126,Unhealthy for Sensitive Groups,2,23.6,99,0.0,1.5,256,1010.2,0,85.4,89.4,1048.0,35.1,58.0,14.3
2026-04-02 01:00:00,2026,4,2,1,Huế,Phường Phú Bài,16.409296,107.6779818,130,Unhealthy for Sensitive Groups,2,24.0,99,0.0,0.5,45,1009.9,99,95.2,99.0,1039.0,34.8,48.0,10.2
2026-04-02 02:00:00,2026,4,2,2,Huế,Phường Phú Bài,16.409296,107.6779818,135,Unhealthy for Sensitive Groups,2,24.0,100,0.0,0.9,307,1009.5,100,99.7,103.1,1047.0,33.0,46.0,7.9
2026-04-02 03:00:00,2026,4,2,3,Huế,Phường Phú Bài,16.409296,107.6779818,140,Unhealthy for Sensitive Groups,2,24.1,99,0.0,1.1,288,1009.2,100,102.4,105.9,1047.0,30.0,48.0,6.3
2026-04-02 04:00:00,2026,4,2,4,Huế,Phường Phú Bài,16.409296,107.6779818,147,Unhealthy for Sensitive Groups,2,24.0,100,0.0,0.5,225,1009.4,100,100.4,103.6,1003.0,26.6,53.0,5.0
2026-04-02 05:00:00,2026,4,2,5,Huế,Phường Phú Bài,16.409296,107.6779818,151,Unhealthy,3,24.0,100,0.0,1.5,201,1009.7,100,97.3,100.4,875.0,23.1,56.0,3.6
2026-04-02 06:00:00,2026,4,2,6,Huế,Phường Phú Bài,16.409296,107.6779818,152,Unhealthy,3,24.0,100,0.0,2.9,176,1010.1,100,90.6,93.6,702.0,19.2,61.0,2.5
2026-04-02 07:00:00,2026,4,2,7,Huế,Phường Phú Bài,16.409296,107.6779818,153,Unhealthy,3,25.4,93,0.0,3.4,148,1010.8,41,73.3,74.7,564.0,11.9,85.0,2.8
2026-04-02 08:00:00,2026,4,2,8,Huế,Phường Phú Bài,16.409296,107.6779818,154,Unhealthy,3,26.9,83,0.0,5.7,145,1011.5,31,65.0,66.4,494.0,9.4,122.0,3.9
2026-04-02 09:00:00,2026,4,2,9,Huế,Phường Phú Bài,16.409296,107.6779818,154,Unhealthy,3,28.4,75,0.0,4.8,121,1011.6,11,59.8,61.2,458.0,6.0,173.0,5.4
2026-04-02 10:00:00,2026,4,2,10,Huế,Phường Phú Bài,16.409296,107.6779818,154,Unhealthy,3,30.0,69,0.0,6.5,67,1011.4,1,51.1,52.4,437.0,3.5,212.0,6.3
2026-04-02 11:00:00,2026,4,2,11,Huế,Phường Phú Bài,16.409296,107.6779818,154,Unhealthy,3,30.5,69,0.0,10.4,64,1010.6,1,45.2,46.4,433.0,2.6,226.0,5.9
2026-04-02 12:00:00,2026,4,2,12,Huế,Phường Phú Bài,16.409296,107.6779818,154,Unhealthy,3,30.5,69,0.0,10.8,60,1009.5,0,40.9,42.3,443.0,2.5,227.0,4.8
2026-04-02 13:00:00,2026,4,2,13,Huế,Phường Phú Bài,16.409296,107.6779818,154,Unhealthy,3,30.7,69,0.0,8.9,52,1008.2,2,36.9,38.6,441.0,2.7,224.0,4.0
2026-04-02 14:00:00,2026,4,2,14,Huế,Phường Phú Bài,16.409296,107.6779818,154,Unhealthy,3,31.8,64,0.0,6.4,63,1006.9,4,34.1,36.1,408.0,2.7,221.0,3.8
2026-04-02 15:00:00,2026,4,2,15,Huế,Phường Phú Bài,16.409296,107.6779818,175,Unhealthy,3,32.2,62,0.0,7.3,57,1005.8,9,32.2,34.9,363.0,2.9,214.0,4.0
2026-04-02 16:00:00,2026,4,2,16,Huế,Phường Phú Bài,16.409296,107.6779818,196,Unhealthy,3,31.5,65,0.0,6.8,53,1005.5,20,29.6,31.9,334.0,3.9,200.0,4.3
2026-04-02 17:00:00,2026,4,2,17,Huế,Phường Phú Bài,16.409296,107.6779818,203,Very Unhealthy,4,30.5,71,0.0,6.9,57,1005.3,16,27.8,29.7,334.0,6.4,175.0,4.9
2026-04-02 18:00:00,2026,4,2,18,Huế,Phường Phú Bài,16.409296,107.6779818,204,Very Unhealthy,4,29.0,79,0.0,2.6,65,1005.7,1,27.0,28.5,350.0,9.7,143.0,5.7
2026-04-02 19:00:00,2026,4,2,19,Huế,Phường Phú Bài,16.409296,107.6779818,197,Unhealthy,3,27.6,83,0.0,2.8,35,1006.4,9,45.3,47.6,370.0,13.2,131.0,7.2
2026-04-02 20:00:00,2026,4,2,20,Huế,Phường Phú Bài,16.409296,107.6779818,182,Unhealthy,3,27.4,83,0.0,1.6,63,1007.2,18,44.5,46.6,394.0,13.4,116.0,7.3
2026-04-02 21:00:00,2026,4,2,21,Huế,Phường Phú Bài,16.409296,107.6779818,165,Unhealthy,3,26.9,85,0.0,2.3,122,1007.8,9,44.7,46.8,422.0,13.7,95.0,7.5
2026-04-02 22:00:00,2026,4,2,22,Huế,Phường Phú Bài,16.409296,107.6779818,153,Unhealthy,3,26.1,87,0.0,2.6,124,1008.1,5,45.2,46.9,448.0,13.7,78.0,7.4
2026-04-02 23:00:00,2026,4,2,23,Huế,Phường Phú Bài,16.409296,107.6779818,152,Unhealthy,3,25.2,92,0.0,2.9,176,1007.9,5,45.5,46.9,474.0,13.3,68.0,6.8
2026-04-03 00:00:00,2026,4,3,0,Huế,Phường Phú Bài,16.409296,107.6779818,152,Unhealthy,3,24.4,95,0.0,3.8,221,1007.5,2,45.6,47.0,497.0,12.7,61.0,6.0
2026-04-03 01:00:00,2026,4,3,1,Huế,Phường Phú Bài,16.409296,107.6779818,151,Unhealthy,3,24.5,92,0.0,4.9,231,1006.9,1,46.4,47.8,500.0,12.0,55.0,5.2
2026-04-03 02:00:00,2026,4,3,2,Huế,Phường Phú Bài,16.409296,107.6779818,150,Unhealthy for Sensitive Groups,2,24.1,87,0.0,4.6,225,1006.3,0,49.2,50.5,459.0,11.1,47.0,4.5
2026-04-03 03:00:00,2026,4,3,3,Huế,Phường Phú Bài,16.409296,107.6779818,145,Unhealthy for Sensitive Groups,2,23.5,88,0.0,3.3,216,1005.9,0,51.6,53.0,398.0,10.1,39.0,4.0
2026-04-03 04:00:00,2026,4,3,4,Huế,Phường Phú Bài,16.409296,107.6779818,139,Unhealthy for Sensitive Groups,2,23.0,88,0.0,4.0,249,1006.1,13,53.3,54.7,367.0,9.5,35.0,3.7
2026-04-03 05:00:00,2026,4,3,5,Huế,Phường Phú Bài,16.409296,107.6779818,134,Unhealthy for Sensitive Groups,2,22.7,87,0.0,5.3,237,1006.6,23,54.6,56.2,400.0,9.9,33.0,3.9
2026-04-03 06:00:00,2026,4,3,6,Huế,Phường Phú Bài,16.409296,107.6779818,130,Unhealthy for Sensitive Groups,2,22.5,87,0.0,5.6,241,1007.2,58,56.0,57.7,462.0,10.7,35.0,4.3
2026-04-03 07:00:00,2026,4,3,7,Huế,Phường Phú Bài,16.409296,107.6779818,126,Unhealthy for Sensitive Groups,2,24.6,79,0.0,7.7,196,1007.9,62,52.2,53.1,502.0,9.2,53.0,4.7
2026-04-03 08:00:00,2026,4,3,8,Huế,Phường Phú Bài,16.409296,107.6779818,124,Unhealthy for Sensitive Groups,2,28.8,68,0.0,5.3,190,1008.3,0,56.0,57.5,494.0,7.7,93.0,6.0
2026-04-03 09:00:00,2026,4,3,9,Huế,Phường Phú Bài,16.409296,107.6779818,123,Unhealthy for Sensitive Groups,2,32.2,56,0.0,3.3,135,1008.2,0,56.1,59.0,463.0,5.5,149.0,7.8
2026-04-03 10:00:00,2026,4,3,10,Huế,Phường Phú Bài,16.409296,107.6779818,123,Unhealthy for Sensitive Groups,2,33.5,55,0.0,5.4,69,1007.7,0,51.2,54.5,435.0,3.9,192.0,8.8
2026-04-03 11:00:00,2026,4,3,11,Huế,Phường Phú Bài,16.409296,107.6779818,123,Unhealthy for Sensitive Groups,2,33.7,61,0.0,10.1,50,1007.2,1,47.4,51.2,419.0,3.2,211.0,8.4
2026-04-03 12:00:00,2026,4,3,12,Huế,Phường Phú Bài,16.409296,107.6779818,123,Unhealthy for Sensitive Groups,2,33.5,58,0.0,13.6,50,1006.1,16,43.0,46.4,405.0,3.1,218.0,7.2
2026-04-03 13:00:00,2026,4,3,13,Huế,Phường Phú Bài,16.409296,107.6779818,123,Unhealthy for Sensitive Groups,2,32.8,56,0.0,13.6,58,1005.0,27,40.2,43.1,391.0,3.2,222.0,6.4
2026-04-03 14:00:00,2026,4,3,14,Huế,Phường Phú Bài,16.409296,107.6779818,124,Unhealthy for Sensitive Groups,2,33.1,56,0.0,12.4,71,1004.0,13,38.0,40.4,369.0,3.2,227.0,6.3
2026-04-03 15:00:00,2026,4,3,15,Huế,Phường Phú Bài,16.409296,107.6779818,155,Unhealthy,3,32.9,56,0.0,14.2,74,1003.1,11,35.7,37.6,346.0,3.5,229.0,6.6
2026-04-03 16:00:00,2026,4,3,16,Huế,Phường Phú Bài,16.409296,107.6779818,183,Unhealthy,3,32.1,59,0.0,11.3,73,1003.0,2,33.9,35.6,340.0,4.7,221.0,7.0
2026-04-03 17:00:00,2026,4,3,17,Huế,Phường Phú Bài,16.409296,107.6779818,202,Very Unhealthy,4,30.6,69,0.0,9.4,60,1003.0,5,31.9,33.3,343.0,7.6,196.0,7.6
2026-04-03 18:00:00,2026,4,3,18,Huế,Phường Phú Bài,16.409296,107.6779818,205,Very Unhealthy,4,28.8,75,0.0,5.9,45,1003.6,1,31.4,32.4,364.0,11.5,162.0,8.3
2026-04-03 19:00:00,2026,4,3,19,Huế,Phường Phú Bài,16.409296,107.6779818,203,Very Unhealthy,4,27.6,81,0.0,1.7,13,1004.2,5,33.3,34.2,441.0,14.7,127.0,8.7
2026-04-03 20:00:00,2026,4,3,20,Huế,Phường Phú Bài,16.409296,107.6779818,193,Unhealthy,3,27.0,83,0.0,0.9,259,1004.6,1,34.0,34.8,640.0,14.5,116.0,9.1
2026-04-03 21:00:00,2026,4,3,21,Huế,Phường Phú Bài,16.409296,107.6779818,177,Unhealthy,3,26.5,86,0.0,2.8,243,1005.0,7,35.5,36.4,896.0,14.1,101.0,9.6
2026-04-03 22:00:00,2026,4,3,22,Huế,Phường Phú Bài,16.409296,107.6779818,157,Unhealthy,3,26.0,87,0.0,4.1,232,1005.4,2,38.0,38.9,1055.0,13.9,86.0,9.6
2026-04-03 23:00:00,2026,4,3,23,Huế,Phường Phú Bài,16.409296,107.6779818,130,Unhealthy for Sensitive Groups,2,25.7,85,0.0,4.7,208,1005.4,1,41.8,42.6,1037.0,14.0,70.0,8.7
2026-04-04 00:00:00,2026,4,4,0,Huế,Phường Phú Bài,16.409296,107.6779818,121,Unhealthy for Sensitive Groups,2,25.3,82,0.0,5.6,205,1004.8,0,44.7,45.6,921.0,14.1,54.0,7.3
2026-04-04 01:00:00,2026,4,4,1,Huế,Phường Phú Bài,16.409296,107.6779818,121,Unhealthy for Sensitive Groups,2,24.9,81,0.0,7.5,215,1004.0,0,47.3,48.2,794.0,13.9,42.0,6.0
2026-04-04 02:00:00,2026,4,4,2,Huế,Phường Phú Bài,16.409296,107.6779818,121,Unhealthy for Sensitive Groups,2,24.6,79,0.0,7.1,234,1003.6,0,49.4,50.3,661.0,12.9,34.0,5.1
2026-04-04 03:00:00,2026,4,4,3,Huế,Phường Phú Bài,16.409296,107.6779818,121,Unhealthy for Sensitive Groups,2,24.1,79,0.0,5.5,234,1003.4,0,50.3,51.2,517.0,11.5,30.0,4.3
2026-04-04 04:00:00,2026,4,4,4,Huế,Phường Phú Bài,16.409296,107.6779818,121,Unhealthy for Sensitive Groups,2,23.8,81,0.0,5.3,215,1003.6,0,50.3,51.1,427.0,10.3,30.0,3.8
2026-04-04 05:00:00,2026,4,4,5,Huế,Phường Phú Bài,16.409296,107.6779818,121,Unhealthy for Sensitive Groups,2,23.4,83,0.0,5.8,206,1004.0,0,49.6,50.5,445.0,9.8,31.0,3.7
2026-04-04 06:00:00,2026,4,4,6,Huế,Phường Phú Bài,16.409296,107.6779818,120,Unhealthy for Sensitive Groups,2,23.1,85,0.0,6.8,207,1004.9,66,49.1,49.9,518.0,9.6,36.0,4.0
2026-04-04 07:00:00,2026,4,4,7,Huế,Phường Phú Bài,16.409296,107.6779818,120,Unhealthy for Sensitive Groups,2,25.5,80,0.0,10.6,214,1004.8,0,79.4,80.6,553.0,9.3,48.0,4.2
2026-04-04 08:00:00,2026,4,4,8,Huế,Phường Phú Bài,16.409296,107.6779818,122,Unhealthy for Sensitive Groups,2,29.4,71,0.0,8.5,228,1005.7,0,78.9,80.1,497.0,7.6,83.0,4.8
2026-04-04 09:00:00,2026,4,4,9,Huế,Phường Phú Bài,16.409296,107.6779818,125,Unhealthy for Sensitive Groups,2,33.7,53,0.0,6.9,213,1006.0,15,72.4,75.0,403.0,5.3,131.0,5.7
2026-04-04 10:00:00,2026,4,4,10,Huế,Phường Phú Bài,16.409296,107.6779818,127,Unhealthy for Sensitive Groups,2,35.4,44,0.0,6.4,216,1005.5,0,56.2,59.6,343.0,3.5,168.0,6.1
2026-04-04 11:00:00,2026,4,4,11,Huế,Phường Phú Bài,16.409296,107.6779818,127,Unhealthy for Sensitive Groups,2,37.0,42,0.0,5.0,289,1005.1,87,50.4,54.9,355.0,2.7,182.0,5.4
2026-04-04 12:00:00,2026,4,4,12,Huế,Phường Phú Bài,16.409296,107.6779818,127,Unhealthy for Sensitive Groups,2,36.2,47,0.0,9.6,8,1004.3,30,49.7,56.3,400.0,2.3,185.0,4.3
2026-04-04 13:00:00,2026,4,4,13,Huế,Phường Phú Bài,16.409296,107.6779818,128,Unhealthy for Sensitive Groups,2,36.2,50,0.0,8.7,40,1003.1,48,50.1,57.9,440.0,2.5,192.0,3.8
2026-04-04 14:00:00,2026,4,4,14,Huế,Phường Phú Bài,16.409296,107.6779818,129,Unhealthy for Sensitive Groups,2,35.0,53,0.0,12.3,83,1002.4,53,55.5,61.9,464.0,2.9,216.0,4.4
2026-04-04 15:00:00,2026,4,4,15,Huế,Phường Phú Bài,16.409296,107.6779818,131,Unhealthy for Sensitive Groups,2,33.8,52,0.0,13.4,83,1002.1,16,60.1,64.7,483.0,3.8,244.0,5.7
2026-04-04 16:00:00,2026,4,4,16,Huế,Phường Phú Bài,16.409296,107.6779818,161,Unhealthy,3,32.3,58,0.0,11.7,65,1002.1,22,62.4,66.1,485.0,5.7,256.0,7.1
2026-04-04 17:00:00,2026,4,4,17,Huế,Phường Phú Bài,16.409296,107.6779818,188,Unhealthy,3,30.2,68,0.0,12.4,66,1002.1,16,64.0,67.1,430.0,9.5,238.0,8.7
2026-04-04 18:00:00,2026,4,4,18,Huế,Phường Phú Bài,16.409296,107.6779818,202,Very Unhealthy,4,28.2,74,0.0,9.8,70,1002.9,5,67.1,69.2,358.0,14.3,202.0,10.4
2026-04-04 19:00:00,2026,4,4,19,Huế,Phường Phú Bài,16.409296,107.6779818,205,Very Unhealthy,4,27.8,77,0.0,8.3,56,1003.2,2,75.2,78.2,379.0,22.7,160.0,13.5
2026-04-04 20:00:00,2026,4,4,20,Huế,Phường Phú Bài,16.409296,107.6779818,203,Very Unhealthy,4,27.3,82,0.0,1.1,252,1004.1,1,78.9,82.7,595.0,23.6,133.0,13.9
2026-04-04 21:00:00,2026,4,4,21,Huế,Phường Phú Bài,16.409296,107.6779818,199,Unhealthy,3,26.8,82,0.0,6.0,279,1004.8,0,79.4,83.4,904.0,24.9,96.0,14.4
2026-04-04 22:00:00,2026,4,4,22,Huế,Phường Phú Bài,16.409296,107.6779818,184,Unhealthy,3,26.3,85,0.0,4.2,260,1005.0,0,79.6,83.8,1109.0,25.9,67.0,14.0
2026-04-04 23:00:00,2026,4,4,23,Huế,Phường Phú Bài,16.409296,107.6779818,160,Unhealthy,3,26.0,86,0.0,4.5,223,1005.1,0,78.0,82.2,1116.0,26.4,53.0,11.8
2026-04-05 00:00:00,2026,4,5,0,Huế,Phường Phú Bài,16.409296,107.6779818,153,Unhealthy,3,25.6,89,0.0,4.8,233,1004.6,0,73.8,77.8,1019.0,26.6,47.0,8.7
2026-04-05 01:00:00,2026,4,5,1,Huế,Phường Phú Bài,16.409296,107.6779818,154,Unhealthy,3,25.6,91,0.0,6.2,255,1004.3,0,68.9,72.6,905.0,26.0,43.0,6.2
2026-04-05 02:00:00,2026,4,5,2,Huế,Phường Phú Bài,16.409296,107.6779818,154,Unhealthy,3,25.1,92,0.0,5.1,231,1003.9,0,63.6,67.1,779.0,24.3,39.0,4.8
2026-04-05 03:00:00,2026,4,5,3,Huế,Phường Phú Bài,16.409296,107.6779818,155,Unhealthy,3,24.5,89,0.0,5.8,216,1003.3,0,58.6,61.7,635.0,21.9,37.0,4.1
2026-04-05 04:00:00,2026,4,5,4,Huế,Phường Phú Bài,16.409296,107.6779818,155,Unhealthy,3,23.9,85,0.0,5.3,213,1003.3,0,54.7,57.9,542.0,19.6,40.0,3.8
2026-04-05 05:00:00,2026,4,5,5,Huế,Phường Phú Bài,16.409296,107.6779818,155,Unhealthy,3,23.5,83,0.0,5.5,232,1004.0,0,51.8,54.9,553.0,18.0,46.0,4.2
2026-04-05 06:00:00,2026,4,5,6,Huế,Phường Phú Bài,16.409296,107.6779818,155,Unhealthy,3,23.2,82,0.0,7.0,228,1004.6,33,50.6,53.7,616.0,16.6,57.0,5.1
2026-04-05 07:00:00,2026,4,5,7,Huế,Phường Phú Bài,16.409296,107.6779818,155,Unhealthy,3,25.5,77,0.0,8.3,219,1005.2,0,53.6,55.4,641.0,15.8,70.0,6.0
2026-04-05 08:00:00,2026,4,5,8,Huế,Phường Phú Bài,16.409296,107.6779818,154,Unhealthy,3,29.7,68,0.0,6.6,213,1005.8,0,55.6,57.7,575.0,12.3,106.0,7.1
2026-04-05 09:00:00,2026,4,5,9,Huế,Phường Phú Bài,16.409296,107.6779818,154,Unhealthy,3,33.8,52,0.0,5.5,199,1005.9,0,56.1,60.3,471.0,7.6,156.0,8.4
2026-04-05 10:00:00,2026,4,5,10,Huế,Phường Phú Bài,16.409296,107.6779818,154,Unhealthy,3,36.0,42,0.0,4.9,208,1005.5,0,53.7,58.3,399.0,4.0,194.0,9.1
2026-04-05 11:00:00,2026,4,5,11,Huế,Phường Phú Bài,16.409296,107.6779818,153,Unhealthy,3,37.7,35,0.0,2.4,287,1005.1,9,49.1,54.1,397.0,2.7,207.0,8.1
2026-04-05 12:00:00,2026,4,5,12,Huế,Phường Phú Bài,16.409296,107.6779818,153,Unhealthy,3,37.7,37,0.0,6.2,41,1004.0,16,45.1,50.6,428.0,2.7,209.0,6.4
2026-04-05 13:00:00,2026,4,5,13,Huế,Phường Phú Bài,16.409296,107.6779818,153,Unhealthy,3,36.0,51,0.0,11.4,52,1003.2,20,45.2,50.5,450.0,3.0,216.0,5.5
2026-04-05 14:00:00,2026,4,5,14,Huế,Phường Phú Bài,16.409296,107.6779818,153,Unhealthy,3,34.8,53,0.0,14.2,68,1002.2,13,51.9,57.0,442.0,3.4,243.0,6.4
2026-04-05 15:00:00,2026,4,5,15,Huế,Phường Phú Bài,16.409296,107.6779818,161,Unhealthy,3,33.0,55,0.0,14.6,81,1001.9,13,58.1,62.6,425.0,4.1,276.0,8.2
2026-04-05 16:00:00,2026,4,5,16,Huế,Phường Phú Bài,16.409296,107.6779818,194,Unhealthy,3,32.3,59,0.0,10.8,80,1001.6,10,59.5,63.3,426.0,5.4,289.0,9.6
2026-04-05 17:00:00,2026,4,5,17,Huế,Phường Phú Bài,16.409296,107.6779818,210,Very Unhealthy,4,31.3,68,0.0,7.4,64,1001.8,16,58.8,61.5,442.0,7.6,267.0,10.2
2026-04-05 18:00:00,2026,4,5,18,Huế,Phường Phú Bài,16.409296,107.6779818,217,Very Unhealthy,4,29.9,74,0.0,5.1,58,1002.1,8,57.2,59.1,476.0,10.3,226.0,10.4
2026-04-05 19:00:00,2026,4,5,19,Huế,Phường Phú Bài,16.409296,107.6779818,219,Very Unhealthy,4,29.0,76,0.0,5.0,64,1002.5,4,61.9,64.7,562.0,16.6,155.0,10.6
2026-04-05 20:00:00,2026,4,5,20,Huế,Phường Phú Bài,16.409296,107.6779818,216,Very Unhealthy,4,28.6,76,0.0,0.6,252,1003.3,7,58.4,60.8,774.0,16.7,136.0,10.4
2026-04-05 21:00:00,2026,4,5,21,Huế,Phường Phú Bài,16.409296,107.6779818,211,Very Unhealthy,4,27.9,80,0.0,2.4,243,1004.0,6,56.5,58.3,1037.0,16.8,108.0,10.1
2026-04-05 22:00:00,2026,4,5,22,Huế,Phường Phú Bài,16.409296,107.6779818,204,Very Unhealthy,4,26.9,84,0.0,3.6,221,1004.5,0,54.9,56.6,1162.0,16.7,84.0,9.4
2026-04-05 23:00:00,2026,4,5,23,Huế,Phường Phú Bài,16.409296,107.6779818,183,Unhealthy,3,26.0,85,0.0,4.6,211,1004.4,0,53.1,54.6,1019.0,16.5,66.0,8.0
2026-04-06 00:00:00,2026,4,6,0,Huế,Phường Phú Bài,16.409296,107.6779818,150,Unhealthy for Sensitive Groups,2,25.4,81,0.0,4.9,213,1004.0,0,50.3,51.7,738.0,16.1,50.0,6.2
2026-04-06 01:00:00,2026,4,6,1,Huế,Phường Phú Bài,16.409296,107.6779818,150,Unhealthy for Sensitive Groups,2,25.2,77,0.0,7.7,213,1003.8,0,47.4,48.7,517.0,15.4,38.0,4.8
2026-04-06 02:00:00,2026,4,6,2,Huế,Phường Phú Bài,16.409296,107.6779818,147,Unhealthy for Sensitive Groups,2,25.1,76,0.0,6.8,217,1003.6,0,44.7,46.0,436.0,14.0,30.0,3.9
2026-04-06 03:00:00,2026,4,6,3,Huế,Phường Phú Bài,16.409296,107.6779818,145,Unhealthy for Sensitive Groups,2,24.8,76,0.0,8.1,223,1003.5,0,42.3,43.3,415.0,12.2,26.0,3.3
2026-04-06 04:00:00,2026,4,6,4,Huế,Phường Phú Bài,16.409296,107.6779818,144,Unhealthy for Sensitive Groups,2,24.4,77,0.0,8.9,223,1003.7,0,40.0,40.9,415.0,10.9,26.0,3.1
2026-04-06 05:00:00,2026,4,6,5,Huế,Phường Phú Bài,16.409296,107.6779818,142,Unhealthy for Sensitive Groups,2,24.0,78,0.0,9.0,224,1004.5,0,38.2,38.8,437.0,10.6,29.0,3.4
2026-04-06 06:00:00,2026,4,6,6,Huế,Phường Phú Bài,16.409296,107.6779818,141,Unhealthy for Sensitive Groups,2,23.8,78,0.0,10.2,219,1005.2,0,37.6,38.1,480.0,10.7,35.0,4.0
2026-04-06 07:00:00,2026,4,6,7,Huế,Phường Phú Bài,16.409296,107.6779818,139,Unhealthy for Sensitive Groups,2,26.2,72,0.0,11.2,210,1005.5,0,58.1,58.8,501.0,9.7,52.0,5.0
2026-04-06 08:00:00,2026,4,6,8,Huế,Phường Phú Bài,16.409296,107.6779818,140,Unhealthy for Sensitive Groups,2,30.1,70,0.0,8.6,209,1006.2,0,59.4,60.1,472.0,7.9,88.0,5.6
2026-04-06 09:00:00,2026,4,6,9,Huế,Phường Phú Bài,16.409296,107.6779818,140,Unhealthy for Sensitive Groups,2,34.2,52,0.0,5.6,213,1006.6,0,55.9,57.5,421.0,5.4,137.0,6.4
2026-04-06 10:00:00,2026,4,6,10,Huế,Phường Phú Bài,16.409296,107.6779818,140,Unhealthy for Sensitive Groups,2,36.5,40,0.0,3.0,205,1006.2,0,44.4,46.3,386.0,3.5,174.0,6.7
2026-04-06 11:00:00,2026,4,6,11,Huế,Phường Phú Bài,16.409296,107.6779818,139,Unhealthy for Sensitive Groups,2,37.6,39,0.0,2.9,330,1005.8,4,40.5,43.5,388.0,2.6,185.0,5.8
2026-04-06 12:00:00,2026,4,6,12,Huế,Phường Phú Bài,16.409296,107.6779818,138,Unhealthy for Sensitive Groups,2,37.6,41,0.0,7.9,12,1005.0,30,39.9,44.8,407.0,2.3,183.0,4.4
2026-04-06 13:00:00,2026,4,6,13,Huế,Phường Phú Bài,16.409296,107.6779818,138,Unhealthy for Sensitive Groups,2,35.3,51,0.0,14.0,45,1004.4,31,40.2,45.9,420.0,2.5,190.0,3.7
2026-04-06 14:00:00,2026,4,6,14,Huế,Phường Phú Bài,16.409296,107.6779818,137,Unhealthy for Sensitive Groups,2,34.7,52,0.0,12.8,70,1003.8,36,45.8,50.3,417.0,3.2,219.0,4.4
2026-04-06 15:00:00,2026,4,6,15,Huế,Phường Phú Bài,16.409296,107.6779818,137,Unhealthy for Sensitive Groups,2,34.2,55,0.0,11.7,87,1003.2,31,51.8,54.8,408.0,4.3,256.0,5.9
2026-04-06 16:00:00,2026,4,6,16,Huế,Phường Phú Bài,16.409296,107.6779818,166,Unhealthy,3,34.0,53,0.0,9.9,87,1002.8,12,53.7,55.8,407.0,5.7,275.0,7.3
2026-04-06 17:00:00,2026,4,6,17,Huế,Phường Phú Bài,16.409296,107.6779818,196,Unhealthy,3,32.2,65,0.0,7.8,50,1002.9,9,54.5,56.0,398.0,7.3,264.0,8.4
2026-04-06 18:00:00,2026,4,6,18,Huế,Phường Phú Bài,16.409296,107.6779818,207,Very Unhealthy,4,30.0,67,0.0,5.8,56,1003.5,6,54.1,55.5,396.0,9.2,236.0,9.3
2026-04-06 19:00:00,2026,4,6,19,Huế,Phường Phú Bài,16.409296,107.6779818,211,Very Unhealthy,4,28.9,75,0.0,2.4,9,1003.7,4,51.9,53.1,461.0,15.6,164.0,10.9
2026-04-06 20:00:00,2026,4,6,20,Huế,Phường Phú Bài,16.409296,107.6779818,209,Very Unhealthy,4,28.0,79,0.0,0.2,270,1004.4,0,51.2,52.5,684.0,16.5,140.0,11.2
2026-04-06 21:00:00,2026,4,6,21,Huế,Phường Phú Bài,16.409296,107.6779818,207,Very Unhealthy,4,27.1,82,0.0,3.9,227,1005.1,1,51.8,53.2,973.0,17.8,107.0,11.5
2026-04-06 22:00:00,2026,4,6,22,Huế,Phường Phú Bài,16.409296,107.6779818,201,Very Unhealthy,4,26.4,87,0.0,4.1,214,1005.3,1,52.9,54.1,1115.0,18.7,78.0,11.1
2026-04-06 23:00:00,2026,4,6,23,Huế,Phường Phú Bài,16.409296,107.6779818,180,Unhealthy,3,25.6,87,0.0,5.0,218,1005.3,0,51.9,53.0,968.0,19.3,58.0,9.3
2026-04-07 00:00:00,2026,4,7,0,Huế,Phường Phú Bài,16.409296,107.6779818,148,Unhealthy for Sensitive Groups,2,25.0,80,0.0,6.3,219,1004.9,0,49.4,50.3,673.0,19.6,41.0,6.8
2026-04-07 01:00:00,2026,4,7,1,Huế,Phường Phú Bài,16.409296,107.6779818,132,Unhealthy for Sensitive Groups,2,24.7,75,0.0,7.1,218,1004.7,0,46.7,47.5,446.0,19.0,30.0,4.8
2026-04-07 02:00:00,2026,4,7,2,Huế,Phường Phú Bài,16.409296,107.6779818,132,Unhealthy for Sensitive Groups,2,25.0,71,0.0,6.5,224,1004.5,0,44.2,45.1,374.0,16.7,24.0,3.7
2026-04-07 03:00:00,2026,4,7,3,Huế,Phường Phú Bài,16.409296,107.6779818,132,Unhealthy for Sensitive Groups,2,25.0,71,0.0,7.9,215,1004.2,0,42.0,42.7,370.0,13.5,23.0,3.2
2026-04-07 04:00:00,2026,4,7,4,Huế,Phường Phú Bài,16.409296,107.6779818,132,Unhealthy for Sensitive Groups,2,24.8,72,0.0,9.7,215,1004.4,0,39.5,40.2,383.0,11.0,26.0,3.0
2026-04-07 05:00:00,2026,4,7,5,Huế,Phường Phú Bài,16.409296,107.6779818,132,Unhealthy for Sensitive Groups,2,24.5,72,0.0,11.1,219,1005.0,0,37.5,38.1,411.0,10.2,31.0,3.3
2026-04-07 06:00:00,2026,4,7,6,Huế,Phường Phú Bài,16.409296,107.6779818,132,Unhealthy for Sensitive Groups,2,24.4,73,0.0,10.9,218,1005.3,0,36.4,36.9,456.0,10.0,39.0,4.0
2026-04-07 07:00:00,2026,4,7,7,Huế,Phường Phú Bài,16.409296,107.6779818,131,Unhealthy for Sensitive Groups,2,26.4,72,0.0,11.0,215,1006.1,0,42.0,42.5,475.0,9.2,57.0,5.0
2026-04-07 08:00:00,2026,4,7,8,Huế,Phường Phú Bài,16.409296,107.6779818,130,Unhealthy for Sensitive Groups,2,30.6,69,0.0,7.4,227,1006.7,0,43.4,44.0,436.0,7.3,84.0,5.2
2026-04-07 09:00:00,2026,4,7,9,Huế,Phường Phú Bài,16.409296,107.6779818,128,Unhealthy for Sensitive Groups,2,34.8,51,0.0,5.1,219,1007.1,0,36.6,37.7,370.0,4.8,122.0,5.4
2026-04-07 10:00:00,2026,4,7,10,Huế,Phường Phú Bài,16.409296,107.6779818,126,Unhealthy for Sensitive Groups,2,36.7,40,0.0,6.7,234,1007.0,0,31.5,33.1,329.0,2.9,152.0,5.4
2026-04-07 11:00:00,2026,4,7,11,Huế,Phường Phú Bài,16.409296,107.6779818,125,Unhealthy for Sensitive Groups,2,38.2,36,0.0,8.5,277,1006.5,24,30.0,32.8,342.0,2.2,164.0,4.8
2026-04-07 12:00:00,2026,4,7,12,Huế,Phường Phú Bài,16.409296,107.6779818,124,Unhealthy for Sensitive Groups,2,38.5,34,0.0,7.9,348,1005.7,30,29.7,33.9,381.0,2.2,168.0,3.9
2026-04-07 13:00:00,2026,4,7,13,Huế,Phường Phú Bài,16.409296,107.6779818,123,Unhealthy for Sensitive Groups,2,37.2,46,0.0,12.4,39,1004.7,28,31.1,35.5,411.0,2.5,179.0,3.6
2026-04-07 14:00:00,2026,4,7,14,Huế,Phường Phú Bài,16.409296,107.6779818,122,Unhealthy for Sensitive Groups,2,35.5,51,0.0,15.6,68,1004.1,51,36.2,39.5,419.0,3.3,209.0,4.3
2026-04-07 15:00:00,2026,4,7,15,Huế,Phường Phú Bài,16.409296,107.6779818,121,Unhealthy for Sensitive Groups,2,34.3,53,0.0,13.3,92,1003.8,56,41.0,43.2,419.0,4.4,246.0,5.6
2026-04-07 16:00:00,2026,4,7,16,Huế,Phường Phú Bài,16.409296,107.6779818,148,Unhealthy for Sensitive Groups,2,34.5,52,0.0,9.9,81,1003.4,86,43.0,44.6,415.0,5.6,266.0,6.8
2026-04-07 17:00:00,2026,4,7,17,Huế,Phường Phú Bài,16.409296,107.6779818,178,Unhealthy,3,32.5,60,0.0,10.5,52,1003.7,13,43.4,44.7,390.0,6.8,257.0,7.8
2026-04-07 18:00:00,2026,4,7,18,Huế,Phường Phú Bài,16.409296,107.6779818,199,Unhealthy,3,30.3,62,0.0,10.1,74,1004.4,12,42.8,44.0,361.0,8.1,232.0,8.7
2026-04-07 19:00:00,2026,4,7,19,Huế,Phường Phú Bài,16.409296,107.6779818,205,Very Unhealthy,4,29.3,68,0.0,5.7,53,1004.9,7,39.8,40.7,389.0,10.8,188.0,9.3
2026-04-07 20:00:00,2026,4,7,20,Huế,Phường Phú Bài,16.409296,107.6779818,207,Very Unhealthy,4,29.0,70,0.0,1.3,214,1005.2,4,41.6,42.4,546.0,11.3,172.0,9.9
2026-04-07 21:00:00,2026,4,7,21,Huế,Phường Phú Bài,16.409296,107.6779818,207,Very Unhealthy,4,27.6,77,0.0,4.1,232,1005.7,0,43.4,44.2,760.0,12.1,149.0,10.7
2026-04-07 22:00:00,2026,4,7,22,Huế,Phường Phú Bài,16.409296,107.6779818,205,Very Unhealthy,4,26.6,83,0.0,4.4,199,1006.2,0,45.8,46.4,875.0,12.9,124.0,10.8
2026-04-07 23:00:00,2026,4,7,23,Huế,Phường Phú Bài,16.409296,107.6779818,198,Unhealthy,3,26.0,83,0.0,5.8,196,1006.3,0,48.0,48.8,797.0,13.7,98.0,9.6
2026-04-08 00:00:00,2026,4,8,0,Huế,Phường Phú Bài,16.409296,107.6779818,174,Unhealthy,3,25.5,77,0.0,6.6,209,1006.0,0,48.3,49.0,621.0,14.6,70.0,7.7
2026-04-08 01:00:00,2026,4,8,1,Huế,Phường Phú Bài,16.409296,107.6779818,141,Unhealthy for Sensitive Groups,2,25.2,75,0.0,8.5,204,1005.3,0,47.7,48.3,475.0,15.0,48.0,6.0
2026-04-08 02:00:00,2026,4,8,2,Huế,Phường Phú Bài,16.409296,107.6779818,112,Unhealthy for Sensitive Groups,2,25.2,72,0.0,8.3,219,1005.2,0,46.7,47.4,403.0,14.8,34.0,4.8
2026-04-08 03:00:00,2026,4,8,3,Huế,Phường Phú Bài,16.409296,107.6779818,112,Unhealthy for Sensitive Groups,2,24.9,72,0.0,7.8,214,1004.9,0,45.3,46.0,362.0,14.2,26.0,3.9
2026-04-08 04:00:00,2026,4,8,4,Huế,Phường Phú Bài,16.409296,107.6779818,112,Unhealthy for Sensitive Groups,2,24.5,72,0.0,7.8,212,1005.2,0,43.7,44.5,348.0,13.5,24.0,3.4
2026-04-08 05:00:00,2026,4,8,5,Huế,Phường Phú Bài,16.409296,107.6779818,113,Unhealthy for Sensitive Groups,2,24.2,71,0.0,8.4,214,1005.9,0,42.5,43.3,375.0,13.1,29.0,3.5
2026-04-08 06:00:00,2026,4,8,6,Huế,Phường Phú Bài,16.409296,107.6779818,113,Unhealthy for Sensitive Groups,2,24.1,71,0.0,9.1,218,1006.4,0,42.4,43.3,428.0,12.6,41.0,4.1
2026-04-08 07:00:00,2026,4,8,7,Huế,Phường Phú Bài,16.409296,107.6779818,114,Unhealthy for Sensitive Groups,2,26.1,70,0.0,9.8,204,1007.2,0,57.7,59.0,463.0,10.9,58.0,5.0
2026-04-08 08:00:00,2026,4,8,8,Huế,Phường Phú Bài,16.409296,107.6779818,116,Unhealthy for Sensitive Groups,2,30.1,67,0.0,6.7,182,1007.9,0,60.1,61.2,455.0,8.7,90.0,5.5
2026-04-08 09:00:00,2026,4,8,9,Huế,Phường Phú Bài,16.409296,107.6779818,117,Unhealthy for Sensitive Groups,2,34.4,50,0.0,4.6,167,1008.4,0,57.4,59.8,429.0,5.7,135.0,6.2
2026-04-08 10:00:00,2026,4,8,10,Huế,Phường Phú Bài,16.409296,107.6779818,119,Unhealthy for Sensitive Groups,2,37.0,37,0.0,2.3,157,1008.1,0,45.6,48.4,406.0,3.4,169.0,6.4
2026-04-08 11:00:00,2026,4,8,11,Huế,Phường Phú Bài,16.409296,107.6779818,121,Unhealthy for Sensitive Groups,2,38.1,33,0.0,4.9,62,1007.8,8,37.4,40.3,396.0,2.4,180.0,5.7
2026-04-08 12:00:00,2026,4,8,12,Huế,Phường Phú Bài,16.409296,107.6779818,122,Unhealthy for Sensitive Groups,2,38.0,35,0.0,10.2,59,1006.8,34,36.6,40.2,390.0,2.2,180.0,4.5
2026-04-08 13:00:00,2026,4,8,13,Huế,Phường Phú Bài,16.409296,107.6779818,122,Unhealthy for Sensitive Groups,2,37.9,34,0.0,13.7,55,1005.5,30,36.4,40.0,383.0,2.3,185.0,3.9
2026-04-08 14:00:00,2026,4,8,14,Huế,Phường Phú Bài,16.409296,107.6779818,123,Unhealthy for Sensitive Groups,2,36.0,40,0.0,17.4,64,1004.9,9,38.5,42.0,368.0,2.7,207.0,4.5
2026-04-08 15:00:00,2026,4,8,15,Huế,Phường Phú Bài,16.409296,107.6779818,123,Unhealthy for Sensitive Groups,2,34.0,50,0.0,14.8,89,1004.3,9,42.7,45.5,352.0,3.4,234.0,5.7
2026-04-08 16:00:00,2026,4,8,16,Huế,Phường Phú Bài,16.409296,107.6779818,158,Unhealthy,3,32.7,57,0.0,14.0,72,1004.1,13,44.1,46.3,351.0,4.8,246.0,6.9
2026-04-08 17:00:00,2026,4,8,17,Huế,Phường Phú Bài,16.409296,107.6779818,182,Unhealthy,3,31.0,66,0.0,9.7,42,1004.4,2,44.1,45.9,369.0,7.2,230.0,7.9
2026-04-08 18:00:00,2026,4,8,18,Huế,Phường Phú Bài,16.409296,107.6779818,198,Unhealthy,3,29.5,69,0.0,7.2,35,1004.8,2,44.4,45.9,401.0,10.3,199.0,9.0
2026-04-08 19:00:00,2026,4,8,19,Huế,Phường Phú Bài,16.409296,107.6779818,201,Very Unhealthy,4,28.2,81,0.0,3.3,54,1005.4,0,43.8,45.1,454.0,13.0,153.0,8.9
2026-04-08 20:00:00,2026,4,8,20,Huế,Phường Phú Bài,16.409296,107.6779818,198,Unhealthy,3,27.9,82,0.0,1.0,225,1006.1,1,44.5,45.6,543.0,14.0,135.0,9.5
2026-04-08 21:00:00,2026,4,8,21,Huế,Phường Phú Bài,16.409296,107.6779818,191,Unhealthy,3,27.4,83,0.0,0.9,217,1006.7,5,46.1,47.4,653.0,15.5,109.0,10.3
2026-04-08 22:00:00,2026,4,8,22,Huế,Phường Phú Bài,16.409296,107.6779818,179,Unhealthy,3,27.0,84,0.0,1.8,114,1007.1,2,48.3,49.5,739.0,17.0,85.0,10.4
2026-04-08 23:00:00,2026,4,8,23,Huế,Phường Phú Bài,16.409296,107.6779818,159,Unhealthy,3,26.5,86,0.0,1.5,126,1007.3,0,49.7,50.6,792.0,18.6,63.0,9.0
2026-04-09 00:00:00,2026,4,9,0,Huế,Phường Phú Bài,16.409296,107.6779818,126,Unhealthy for Sensitive Groups,2,25.6,89,0.0,1.4,203,1006.6,0,49.2,50.1,821.0,20.2,42.0,6.9
2026-04-09 01:00:00,2026,4,9,1,Huế,Phường Phú Bài,16.409296,107.6779818,125,Unhealthy for Sensitive Groups,2,24.9,91,0.0,2.7,233,1005.9,0,48.2,48.9,811.0,20.9,27.0,5.1
2026-04-09 02:00:00,2026,4,9,2,Huế,Phường Phú Bài,16.409296,107.6779818,125,Unhealthy for Sensitive Groups,2,25.0,86,0.0,5.3,242,1005.8,0,46.4,47.3,725.0,20.1,18.0,4.1
2026-04-09 03:00:00,2026,4,9,3,Huế,Phường Phú Bài,16.409296,107.6779818,125,Unhealthy for Sensitive Groups,2,24.5,82,0.0,6.2,221,1005.5,0,44.7,45.4,599.0,18.5,14.0,3.4
2026-04-09 04:00:00,2026,4,9,4,Huế,Phường Phú Bài,16.409296,107.6779818,125,Unhealthy for Sensitive Groups,2,24.0,82,0.0,5.4,210,1005.5,0,43.2,43.9,524.0,16.9,16.0,3.2
2026-04-09 05:00:00,2026,4,9,5,Huế,Phường Phú Bài,16.409296,107.6779818,125,Unhealthy for Sensitive Groups,2,23.5,83,0.0,4.2,211,1006.2,0,41.9,42.6,561.0,15.9,25.0,3.5
2026-04-09 06:00:00,2026,4,9,6,Huế,Phường Phú Bài,16.409296,107.6779818,125,Unhealthy for Sensitive Groups,2,23.5,83,0.0,6.2,206,1006.7,0,42.0,42.7,649.0,14.9,39.0,4.2
2026-04-09 07:00:00,2026,4,9,7,Huế,Phường Phú Bài,16.409296,107.6779818,125,Unhealthy for Sensitive Groups,2,25.7,74,0.0,5.5,197,1007.5,0,68.2,69.6,699.0,12.1,58.0,5.0
2026-04-09 08:00:00,2026,4,9,8,Huế,Phường Phú Bài,16.409296,107.6779818,126,Unhealthy for Sensitive Groups,2,29.5,65,0.0,1.9,163,1008.3,0,69.6,70.5,667.0,9.8,90.0,5.9
2026-04-09 09:00:00,2026,4,9,9,Huế,Phường Phú Bài,16.409296,107.6779818,127,Unhealthy for Sensitive Groups,2,32.8,56,0.0,2.4,42,1008.8,0,71.0,72.9,596.0,6.6,135.0,7.1
2026-04-09 10:00:00,2026,4,9,10,Huế,Phường Phú Bài,16.409296,107.6779818,129,Unhealthy for Sensitive Groups,2,35.0,54,0.0,4.7,47,1008.3,1,66.4,68.9,528.0,4.2,170.0,7.7
2026-04-09 11:00:00,2026,4,9,11,Huế,Phường Phú Bài,16.409296,107.6779818,131,Unhealthy for Sensitive Groups,2,35.7,56,0.0,9.8,18,1007.9,33,62.2,66.4,475.0,3.1,183.0,6.9
2026-04-09 12:00:00,2026,4,9,12,Huế,Phường Phú Bài,16.409296,107.6779818,133,Unhealthy for Sensitive Groups,2,35.0,53,0.0,13.5,31,1007.4,30,48.2,51.5,424.0,2.8,186.0,5.5
2026-04-09 13:00:00,2026,4,9,13,Huế,Phường Phú Bài,16.409296,107.6779818,135,Unhealthy for Sensitive Groups,2,34.3,51,0.0,13.4,72,1006.6,32,48.8,51.8,381.0,2.9,191.0,4.7
2026-04-09 14:00:00,2026,4,9,14,Huế,Phường Phú Bài,16.409296,107.6779818,136,Unhealthy for Sensitive Groups,2,34.7,52,0.0,12.7,83,1005.8,32,53.1,56.0,341.0,3.2,208.0,5.0
2026-04-09 15:00:00,2026,4,9,15,Huế,Phường Phú Bài,16.409296,107.6779818,137,Unhealthy for Sensitive Groups,2,34.3,58,0.0,14.2,83,1005.1,13,51.9,54.4,308.0,4.0,226.0,5.8
2026-04-09 16:00:00,2026,4,9,16,Huế,Phường Phú Bài,16.409296,107.6779818,159,Unhealthy,3,33.3,63,0.0,14.5,73,1004.6,2,49.4,51.3,306.0,5.3,230.0,6.7
2026-04-09 17:00:00,2026,4,9,17,Huế,Phường Phú Bài,16.409296,107.6779818,181,Unhealthy,3,31.4,69,0.0,14.3,62,1004.5,1,47.1,48.8,349.0,7.7,207.0,7.5
2026-04-09 18:00:00,2026,4,9,18,Huế,Phường Phú Bài,16.409296,107.6779818,193,Unhealthy,3,29.6,70,0.0,10.2,59,1004.9,7,46.1,47.5,421.0,10.7,170.0,8.2
2026-04-09 19:00:00,2026,4,9,19,Huế,Phường Phú Bài,16.409296,107.6779818,193,Unhealthy,3,28.5,72,0.0,6.7,81,1006.1,16,35.9,36.8,501.0,11.1,140.0,7.9
2026-04-09 20:00:00,2026,4,9,20,Huế,Phường Phú Bài,16.409296,107.6779818,186,Unhealthy,3,27.9,78,0.0,3.4,196,1006.8,11,35.4,36.2,595.0,11.8,122.0,8.2
2026-04-09 21:00:00,2026,4,9,21,Huế,Phường Phú Bài,16.409296,107.6779818,176,Unhealthy,3,27.5,83,0.0,3.2,214,1007.4,7,36.3,37.0,697.0,12.7,97.0,8.6
2026-04-09 22:00:00,2026,4,9,22,Huế,Phường Phú Bài,16.409296,107.6779818,161,Unhealthy,3,27.1,86,0.0,3.8,188,1007.7,12,39.0,39.7,763.0,13.5,75.0,8.5
2026-04-09 23:00:00,2026,4,9,23,Huế,Phường Phú Bài,16.409296,107.6779818,136,Unhealthy for Sensitive Groups,2,26.5,87,0.0,4.4,199,1007.4,0,41.8,42.4,774.0,14.1,58.0,7.6
2026-04-10 00:00:00,2026,4,10,0,Huế,Phường Phú Bài,16.409296,107.6779818,135,Unhealthy for Sensitive Groups,2,26.0,86,0.0,3.2,214,1006.9,0,43.1,43.5,750.0,14.7,43.0,6.3
2026-04-10 01:00:00,2026,4,10,1,Huế,Phường Phú Bài,16.409296,107.6779818,134,Unhealthy for Sensitive Groups,2,25.6,82,0.0,4.7,220,1006.2,0,43.5,44.1,702.0,14.6,33.0,5.1
2026-04-10 02:00:00,2026,4,10,2,Huế,Phường Phú Bài,16.409296,107.6779818,134,Unhealthy for Sensitive Groups,2,25.9,74,0.0,6.5,231,1005.9,0,43.7,44.1,613.0,13.6,27.0,4.3
2026-04-10 03:00:00,2026,4,10,3,Huế,Phường Phú Bài,16.409296,107.6779818,133,Unhealthy for Sensitive Groups,2,25.5,74,0.0,8.4,208,1005.6,0,43.7,44.0,500.0,12.0,25.0,3.7
2026-04-10 04:00:00,2026,4,10,4,Huế,Phường Phú Bài,16.409296,107.6779818,133,Unhealthy for Sensitive Groups,2,25.2,75,0.0,8.5,209,1005.8,0,43.8,44.2,432.0,10.7,28.0,3.4
2026-04-10 05:00:00,2026,4,10,5,Huế,Phường Phú Bài,16.409296,107.6779818,133,Unhealthy for Sensitive Groups,2,25.0,74,0.0,8.4,208,1006.1,0,43.9,44.4,455.0,10.2,33.0,3.7
2026-04-10 06:00:00,2026,4,10,6,Huế,Phường Phú Bài,16.409296,107.6779818,134,Unhealthy for Sensitive Groups,2,24.9,75,0.0,8.8,206,1006.9,0,44.1,44.5,523.0,9.9,43.0,4.2
2026-04-10 07:00:00,2026,4,10,7,Huế,Phường Phú Bài,16.409296,107.6779818,134,Unhealthy for Sensitive Groups,2,27.0,71,0.0,10.2,214,1007.6,0,60.3,60.8,562.0,9.7,55.0,4.8
2026-04-10 08:00:00,2026,4,10,8,Huế,Phường Phú Bài,16.409296,107.6779818,133,Unhealthy for Sensitive Groups,2,31.0,65,0.0,7.5,217,1008.3,0,62.6,63.1,535.0,7.6,85.0,4.8
2026-04-10 09:00:00,2026,4,10,9,Huế,Phường Phú Bài,16.409296,107.6779818,132,Unhealthy for Sensitive Groups,2,35.2,48,0.0,5.3,215,1008.5,0,60.1,61.5,479.0,4.8,126.0,4.9
2026-04-10 10:00:00,2026,4,10,10,Huế,Phường Phú Bài,16.409296,107.6779818,131,Unhealthy for Sensitive Groups,2,37.2,39,0.0,6.3,252,1008.2,3,43.2,44.8,435.0,2.7,159.0,4.8
2026-04-10 11:00:00,2026,4,10,11,Huế,Phường Phú Bài,16.409296,107.6779818,129,Unhealthy for Sensitive Groups,2,38.3,35,0.0,5.1,315,1007.6,2,37.3,39.0,422.0,2.0,172.0,4.3
2026-04-10 12:00:00,2026,4,10,12,Huế,Phường Phú Bài,16.409296,107.6779818,126,Unhealthy for Sensitive Groups,2,37.8,40,0.0,8.0,20,1006.9,7,36.2,38.5,421.0,1.9,176.0,3.6
2026-04-10 13:00:00,2026,4,10,13,Huế,Phường Phú Bài,16.409296,107.6779818,125,Unhealthy for Sensitive Groups,2,35.0,55,0.0,15.2,66,1005.8,19,36.0,38.4,413.0,2.3,186.0,3.5
2026-04-10 14:00:00,2026,4,10,14,Huế,Phường Phú Bài,16.409296,107.6779818,123,Unhealthy for Sensitive Groups,2,34.8,52,0.0,16.4,89,1004.9,19,40.5,42.8,385.0,2.9,215.0,4.3
2026-04-10 15:00:00,2026,4,10,15,Huế,Phường Phú Bài,16.409296,107.6779818,122,Unhealthy for Sensitive Groups,2,34.3,52,0.0,14.4,89,1004.3,9,45.2,47.0,351.0,3.8,249.0,5.5
2026-04-10 16:00:00,2026,4,10,16,Huế,Phường Phú Bài,16.409296,107.6779818,156,Unhealthy,3,33.2,60,0.0,12.7,63,1004.0,13,46.7,48.3,336.0,5.2,265.0,6.7
2026-04-10 17:00:00,2026,4,10,17,Huế,Phường Phú Bài,16.409296,107.6779818,184,Unhealthy,3,31.4,68,0.0,10.7,53,1004.3,20,47.8,49.4,336.0,7.1,248.0,7.6
2026-04-10 18:00:00,2026,4,10,18,Huế,Phường Phú Bài,16.409296,107.6779818,202,Very Unhealthy,4,30.2,67,0.0,9.8,55,1004.9,21,48.4,49.6,356.0,9.5,213.0,8.5
2026-04-10 19:00:00,2026,4,10,19,Huế,Phường Phú Bài,16.409296,107.6779818,205,Very Unhealthy,4,29.6,65,0.0,7.6,59,1005.2,8,43.8,44.6,430.0,13.4,155.0,9.3
2026-04-10 20:00:00,2026,4,10,20,Huế,Phường Phú Bài,16.409296,107.6779818,204,Very Unhealthy,4,28.6,72,0.0,1.9,163,1005.8,1,44.5,45.3,630.0,14.0,138.0,9.8
2026-04-10 21:00:00,2026,4,10,21,Huế,Phường Phú Bài,16.409296,107.6779818,202,Very Unhealthy,4,27.6,77,0.0,4.1,218,1006.2,1,45.3,46.1,885.0,14.8,113.0,10.3
2026-04-10 22:00:00,2026,4,10,22,Huế,Phường Phú Bài,16.409296,107.6779818,192,Unhealthy,3,27.3,81,0.0,4.2,227,1006.6,1,46.8,47.6,1018.0,15.8,89.0,10.2
2026-04-10 23:00:00,2026,4,10,23,Huế,Phường Phú Bài,16.409296,107.6779818,172,Unhealthy,3,26.9,83,0.0,4.6,201,1006.3,0,48.4,49.1,917.0,17.2,66.0,8.8
2026-04-11 00:00:00,2026,4,11,0,Huế,Phường Phú Bài,16.409296,107.6779818,140,Unhealthy for Sensitive Groups,2,26.5,80,0.0,5.2,205,1005.6,0,48.7,49.4,695.0,18.7,44.0,6.7
2026-04-11 01:00:00,2026,4,11,1,Huế,Phường Phú Bài,16.409296,107.6779818,126,Unhealthy for Sensitive Groups,2,26.0,80,0.0,8.5,209,1005.0,1,48.1,48.7,515.0,19.2,29.0,5.0
2026-04-11 02:00:00,2026,4,11,2,Huế,Phường Phú Bài,16.409296,107.6779818,127,Unhealthy for Sensitive Groups,2,25.9,77,0.0,7.8,218,1004.5,2,47.5,48.1,437.0,17.8,23.0,4.1
2026-04-11 03:00:00,2026,4,11,3,Huế,Phường Phú Bài,16.409296,107.6779818,127,Unhealthy for Sensitive Groups,2,25.6,77,0.0,8.8,223,1004.4,2,47.4,48.0,401.0,15.3,23.0,3.5
2026-04-11 04:00:00,2026,4,11,4,Huế,Phường Phú Bài,16.409296,107.6779818,128,Unhealthy for Sensitive Groups,2,25.4,76,0.0,8.8,221,1004.8,1,47.6,48.2,389.0,13.2,27.0,3.3
2026-04-11 05:00:00,2026,4,11,5,Huế,Phường Phú Bài,16.409296,107.6779818,128,Unhealthy for Sensitive Groups,2,25.3,75,0.0,9.4,218,1005.4,1,47.5,48.0,411.0,12.1,33.0,3.5
2026-04-11 06:00:00,2026,4,11,6,Huế,Phường Phú Bài,16.409296,107.6779818,128,Unhealthy for Sensitive Groups,2,25.4,75,0.0,10.2,214,1006.0,0,48.0,48.4,458.0,11.3,42.0,4.2
2026-04-11 07:00:00,2026,4,11,7,Huế,Phường Phú Bài,16.409296,107.6779818,129,Unhealthy for Sensitive Groups,2,27.4,71,0.0,10.8,213,1006.7,0,59.0,59.5,485.0,10.3,59.0,5.2
2026-04-11 08:00:00,2026,4,11,8,Huế,Phường Phú Bài,16.409296,107.6779818,129,Unhealthy for Sensitive Groups,2,31.8,64,0.0,6.9,195,1007.4,0,61.7,62.4,467.0,8.2,92.0,5.7
2026-04-11 09:00:00,2026,4,11,9,Huế,Phường Phú Bài,16.409296,107.6779818,129,Unhealthy for Sensitive Groups,2,35.5,48,0.0,5.3,172,1007.5,0,59.5,60.8,430.0,5.3,137.0,6.3
2026-04-11 10:00:00,2026,4,11,10,Huế,Phường Phú Bài,16.409296,107.6779818,128,Unhealthy for Sensitive Groups,2,37.2,38,0.0,0.9,281,1007.3,11,47.6,49.2,401.0,3.1,172.0,6.5
2026-04-11 11:00:00,2026,4,11,11,Huế,Phường Phú Bài,16.409296,107.6779818,129,Unhealthy for Sensitive Groups,2,38.3,33,0.0,2.6,326,1006.5,15,39.7,41.3,396.0,2.3,184.0,5.8
2026-04-11 12:00:00,2026,4,11,12,Huế,Phường Phú Bài,16.409296,107.6779818,129,Unhealthy for Sensitive Groups,2,38.6,34,0.0,5.1,8,1005.8,16,39.3,41.7,399.0,2.2,186.0,4.8
2026-04-11 13:00:00,2026,4,11,13,Huế,Phường Phú Bài,16.409296,107.6779818,129,Unhealthy for Sensitive Groups,2,37.7,37,0.0,10.2,23,1004.8,34,40.3,42.6,396.0,2.5,191.0,4.2
2026-04-11 14:00:00,2026,4,11,14,Huế,Phường Phú Bài,16.409296,107.6779818,130,Unhealthy for Sensitive Groups,2,36.7,43,0.0,13.2,55,1003.8,17,43.0,45.3,372.0,3.1,207.0,4.5
2026-04-11 15:00:00,2026,4,11,15,Huế,Phường Phú Bài,16.409296,107.6779818,130,Unhealthy for Sensitive Groups,2,35.0,44,0.0,17.6,97,1003.1,7,47.6,50.2,341.0,4.0,226.0,5.3
2026-04-11 16:00:00,2026,4,11,16,Huế,Phường Phú Bài,16.409296,107.6779818,160,Unhealthy,3,34.8,45,0.0,10.9,98,1002.3,6,49.8,51.9,328.0,5.3,233.0,6.1
2026-04-11 17:00:00,2026,4,11,17,Huế,Phường Phú Bài,16.409296,107.6779818,182,Unhealthy,3,32.7,62,0.0,11.6,72,1002.5,9,49.7,51.5,331.0,7.2,219.0,7.0
2026-04-11 18:00:00,2026,4,11,18,Huế,Phường Phú Bài,16.409296,107.6779818,195,Unhealthy,3,31.0,61,0.0,10.5,65,1003.0,10,48.1,49.5,351.0,9.4,193.0,7.9
2026-04-11 19:00:00,2026,4,11,19,Huế,Phường Phú Bài,16.409296,107.6779818,199,Unhealthy,3,30.5,63,0.0,5.8,74,1003.8,2,50.6,51.8,420.0,11.6,152.0,8.6
2026-04-11 20:00:00,2026,4,11,20,Huế,Phường Phú Bài,16.409296,107.6779818,194,Unhealthy,3,30.2,66,0.0,1.0,211,1004.5,2,48.7,49.7,601.0,11.9,136.0,8.8
2026-04-11 21:00:00,2026,4,11,21,Huế,Phường Phú Bài,16.409296,107.6779818,186,Unhealthy,3,29.1,70,0.0,2.4,197,1005.1,0,47.5,48.3,830.0,12.3,113.0,8.9
2026-04-11 22:00:00,2026,4,11,22,Huế,Phường Phú Bài,16.409296,107.6779818,173,Unhealthy,3,28.2,75,0.0,4.8,202,1005.3,0,47.5,48.2,947.0,12.5,91.0,8.7
2026-04-11 23:00:00,2026,4,11,23,Huế,Phường Phú Bài,16.409296,107.6779818,155,Unhealthy,3,27.4,76,0.0,5.1,203,1005.3,0,47.5,48.1,846.0,12.5,73.0,7.7
2026-04-12 00:00:00,2026,4,12,0,Huế,Phường Phú Bài,16.409296,107.6779818,132,Unhealthy for Sensitive Groups,2,26.6,74,0.0,5.8,196,1004.7,0,47.5,48.0,632.0,12.3,56.0,6.3
2026-04-12 01:00:00,2026,4,12,1,Huế,Phường Phú Bài,16.409296,107.6779818,132,Unhealthy for Sensitive Groups,2,26.0,77,0.0,9.2,200,1004.0,0,47.3,47.7,464.0,11.9,42.0,5.1
2026-04-12 02:00:00,2026,4,12,2,Huế,Phường Phú Bài,16.409296,107.6779818,132,Unhealthy for Sensitive Groups,2,25.9,76,0.0,9.4,200,1003.6,0,46.7,47.0,402.0,11.1,32.0,4.2
2026-04-12 03:00:00,2026,4,12,3,Huế,Phường Phú Bài,16.409296,107.6779818,132,Unhealthy for Sensitive Groups,2,25.7,76,0.0,9.6,206,1003.4,0,45.3,45.6,386.0,10.0,26.0,3.4
2026-04-12 04:00:00,2026,4,12,4,Huế,Phường Phú Bài,16.409296,107.6779818,132,Unhealthy for Sensitive Groups,2,25.5,75,0.0,9.7,211,1003.5,0,43.7,44.0,391.0,9.2,25.0,3.0
2026-04-12 05:00:00,2026,4,12,5,Huế,Phường Phú Bài,16.409296,107.6779818,131,Unhealthy for Sensitive Groups,2,25.2,74,0.0,10.0,210,1003.9,0,42.0,42.3,427.0,9.1,30.0,3.3
2026-04-12 06:00:00,2026,4,12,6,Huế,Phường Phú Bài,16.409296,107.6779818,131,Unhealthy for Sensitive Groups,2,25.1,73,0.0,11.2,208,1004.7,0,40.7,41.1,485.0,9.2,40.0,3.9
2026-04-12 07:00:00,2026,4,12,7,Huế,Phường Phú Bài,16.409296,107.6779818,130,Unhealthy for Sensitive Groups,2,27.0,68,0.0,11.4,204,1005.4,0,45.1,45.2,511.0,9.1,56.0,4.6
2026-04-12 08:00:00,2026,4,12,8,Huế,Phường Phú Bài,16.409296,107.6779818,129,Unhealthy for Sensitive Groups,2,30.9,64,0.0,7.8,212,1006.1,0,47.7,48.1,469.0,7.3,85.0,4.7
2026-04-12 09:00:00,2026,4,12,9,Huế,Phường Phú Bài,16.409296,107.6779818,127,Unhealthy for Sensitive Groups,2,34.8,50,0.0,6.2,201,1006.6,0,43.5,44.7,395.0,4.7,124.0,4.9
2026-04-12 10:00:00,2026,4,12,10,Huế,Phường Phú Bài,16.409296,107.6779818,125,Unhealthy for Sensitive Groups,2,36.9,39,0.0,5.5,234,1006.3,0,33.2,34.5,342.0,2.8,156.0,4.9
2026-04-12 11:00:00,2026,4,12,11,Huế,Phường Phú Bài,16.409296,107.6779818,124,Unhealthy for Sensitive Groups,2,38.2,35,0.0,4.2,265,1005.5,16,30.6,32.2,337.0,2.1,171.0,4.5
2026-04-12 12:00:00,2026,4,12,12,Huế,Phường Phú Bài,16.409296,107.6779818,123,Unhealthy for Sensitive Groups,2,38.5,34,0.0,5.9,31,1004.6,26,30.7,33.3,354.0,2.0,178.0,3.9
2026-04-12 13:00:00,2026,4,12,13,Huế,Phường Phú Bài,16.409296,107.6779818,122,Unhealthy for Sensitive Groups,2,37.3,41,0.0,12.1,53,1003.7,38,31.4,34.2,368.0,2.2,186.0,3.7
2026-04-12 14:00:00,2026,4,12,14,Huế,Phường Phú Bài,16.409296,107.6779818,121,Unhealthy for Sensitive Groups,2,35.7,45,0.1,16.1,74,1003.0,37,31.5,34.5,366.0,2.6,204.0,4.1
2026-04-12 15:00:00,2026,4,12,15,Huế,Phường Phú Bài,16.409296,107.6779818,120,Unhealthy for Sensitive Groups,2,34.8,46,0.0,16.7,89,1002.4,16,32.6,35.2,360.0,3.4,223.0,4.8
2026-04-12 16:00:00,2026,4,12,16,Huế,Phường Phú Bài,16.409296,107.6779818,149,Unhealthy for Sensitive Groups,2,33.2,56,0.0,16.4,94,1001.9,6,34.3,36.3,363.0,4.6,230.0,5.6
2026-04-12 17:00:00,2026,4,12,17,Huế,Phường Phú Bài,16.409296,107.6779818,172,Unhealthy,3,31.3,68,0.0,14.2,93,1002.0,5,35.2,36.7,382.0,6.4,218.0,6.4
2026-04-12 18:00:00,2026,4,12,18,Huế,Phường Phú Bài,16.409296,107.6779818,187,Unhealthy,3,30.5,65,0.0,11.5,93,1002.5,4,36.1,37.5,410.0,8.7,194.0,7.3
2026-04-12 19:00:00,2026,4,12,19,Huế,Phường Phú Bài,16.409296,107.6779818,193,Unhealthy,3,30.4,69,0.0,2.3,108,1003.6,10,46.0,47.3,437.0,12.9,142.0,8.3
2026-04-12 20:00:00,2026,4,12,20,Huế,Phường Phú Bài,16.409296,107.6779818,189,Unhealthy,3,30.1,68,0.0,5.7,148,1004.3,5,46.7,48.0,461.0,13.6,126.0,8.7
2026-04-12 21:00:00,2026,4,12,21,Huế,Phường Phú Bài,16.409296,107.6779818,180,Unhealthy,3,29.5,68,0.0,7.1,161,1004.7,2,47.5,48.9,485.0,14.6,103.0,9.1
2026-04-12 22:00:00,2026,4,12,22,Huế,Phường Phú Bài,16.409296,107.6779818,167,Unhealthy,3,28.8,69,0.0,5.6,184,1005.3,2,48.5,49.9,508.0,15.4,81.0,9.0
2026-04-12 23:00:00,2026,4,12,23,Huế,Phường Phú Bài,16.409296,107.6779818,147,Unhealthy for Sensitive Groups,2,28.4,69,0.0,3.6,217,1005.1,1,48.4,49.6,539.0,15.9,63.0,8.0
2026-04-13 00:00:00,2026,4,13,0,Huế,Phường Phú Bài,16.409296,107.6779818,114,Unhealthy for Sensitive Groups,2,27.9,71,0.0,3.8,221,1004.7,0,47.0,48.0,568.0,16.2,46.0,6.4
2026-04-13 01:00:00,2026,4,13,1,Huế,Phường Phú Bài,16.409296,107.6779818,114,Unhealthy for Sensitive Groups,2,26.5,78,0.0,5.6,201,1004.3,0,46.0,46.9,568.0,15.9,34.0,5.1
2026-04-13 02:00:00,2026,4,13,2,Huế,Phường Phú Bài,16.409296,107.6779818,113,Unhealthy for Sensitive Groups,2,26.1,79,0.0,6.2,206,1004.0,0,44.7,45.8,508.0,14.8,26.0,4.2
2026-04-13 03:00:00,2026,4,13,3,Huế,Phường Phú Bài,16.409296,107.6779818,113,Unhealthy for Sensitive Groups,2,25.8,80,0.0,7.3,211,1003.9,0,43.2,44.4,417.0,13.1,22.0,3.6
2026-04-13 04:00:00,2026,4,13,4,Huế,Phường Phú Bài,16.409296,107.6779818,113,Unhealthy for Sensitive Groups,2,25.5,79,0.0,7.5,204,1004.2,0,41.3,42.5,357.0,11.7,23.0,3.3
2026-04-13 05:00:00,2026,4,13,5,Huế,Phường Phú Bài,16.409296,107.6779818,113,Unhealthy for Sensitive Groups,2,25.3,78,0.0,7.1,207,1005.0,0,39.5,40.5,361.0,11.0,29.0,3.5
2026-04-13 06:00:00,2026,4,13,6,Huế,Phường Phú Bài,16.409296,107.6779818,112,Unhealthy for Sensitive Groups,2,25.4,77,0.0,8.5,212,1006.0,0,38.5,39.5,396.0,10.6,40.0,4.1
2026-04-13 07:00:00,2026,4,13,7,Huế,Phường Phú Bài,16.409296,107.6779818,112,Unhealthy for Sensitive Groups,2,27.2,73,0.0,10.6,206,1007.0,0,34.3,35.2,420.0,9.5,61.0,4.8
2026-04-13 08:00:00,2026,4,13,8,Huế,Phường Phú Bài,16.409296,107.6779818,111,Unhealthy for Sensitive Groups,2,31.2,66,0.0,6.8,182,1007.5,0,36.8,37.7,418.0,7.6,89.0,5.1
2026-04-13 09:00:00,2026,4,13,9,Huế,Phường Phú Bài,16.409296,107.6779818,110,Unhealthy for Sensitive Groups,2,35.0,52,0.0,5.2,166,1007.7,0,36.2,38.1,406.0,4.9,129.0,5.5
2026-04-13 10:00:00,2026,4,13,10,Huế,Phường Phú Bài,16.409296,107.6779818,109,Unhealthy for Sensitive Groups,2,37.2,39,0.0,1.4,230,1007.5,0,31.8,33.8,393.0,2.9,161.0,5.6
2026-04-13 11:00:00,2026,4,13,11,Huế,Phường Phú Bài,16.409296,107.6779818,109,Unhealthy for Sensitive Groups,2,38.3,35,0.0,4.1,347,1006.9,4,29.3,31.9,384.0,2.1,177.0,5.1
2026-04-13 12:00:00,2026,4,13,12,Huế,Phường Phú Bài,16.409296,107.6779818,109,Unhealthy for Sensitive Groups,2,36.9,46,0.1,11.8,28,1006.3,48,31.4,36.0,375.0,2.0,186.0,4.4
2026-04-13 13:00:00,2026,4,13,13,Huế,Phường Phú Bài,16.409296,107.6779818,109,Unhealthy for Sensitive Groups,2,35.3,49,0.0,16.0,40,1006.0,55,29.5,32.9,358.0,2.2,195.0,4.1
2026-04-13 14:00:00,2026,4,13,14,Huế,Phường Phú Bài,16.409296,107.6779818,109,Unhealthy for Sensitive Groups,2,35.0,49,0.0,13.5,74,1005.1,9,32.4,35.2,322.0,2.6,210.0,4.6
2026-04-13 15:00:00,2026,4,13,15,Huế,Phường Phú Bài,16.409296,107.6779818,123,Unhealthy for Sensitive Groups,2,34.5,53,0.0,15.9,84,1004.6,11,33.6,35.7,278.0,3.3,225.0,5.5
2026-04-13 16:00:00,2026,4,13,16,Huế,Phường Phú Bài,16.409296,107.6779818,156,Unhealthy,3,33.2,59,0.0,14.1,84,1004.4,9,34.1,36.2,260.0,4.5,228.0,6.4
2026-04-13 17:00:00,2026,4,13,17,Huế,Phường Phú Bài,16.409296,107.6779818,178,Unhealthy,3,31.5,68,0.0,11.1,83,1004.7,2,36.0,38.2,283.0,6.6,210.0,7.4
2026-04-13 18:00:00,2026,4,13,18,Huế,Phường Phú Bài,16.409296,107.6779818,191,Unhealthy,3,30.1,70,0.0,10.4,81,1005.1,3,36.7,38.3,332.0,9.2,181.0,8.3
2026-04-13 19:00:00,2026,4,13,19,Huế,Phường Phú Bài,16.409296,107.6779818,195,Unhealthy,3,29.7,69,0.0,10.1,90,1005.9,5,38.5,39.9,391.0,11.1,153.0,9.0
2026-04-13 20:00:00,2026,4,13,20,Huế,Phường Phú Bài,16.409296,107.6779818,191,Unhealthy,3,29.2,71,0.0,5.6,119,1006.7,2,39.6,40.7,471.0,11.7,132.0,9.2
2026-04-13 21:00:00,2026,4,13,21,Huế,Phường Phú Bài,16.409296,107.6779818,182,Unhealthy,3,28.8,74,0.0,2.7,172,1007.3,5,39.8,40.9,562.0,11.6,114.0,9.1
2026-04-13 22:00:00,2026,4,13,22,Huế,Phường Phú Bài,16.409296,107.6779818,169,Unhealthy,3,28.0,78,0.0,1.9,214,1007.7,16,39.8,40.9,611.0,11.4,98.0,8.7
2026-04-13 23:00:00,2026,4,13,23,Huế,Phường Phú Bài,16.409296,107.6779818,151,Unhealthy,3,27.0,82,0.0,4.3,195,1007.5,9,39.6,40.6,583.0,11.2,85.0,8.0
