timestamp,year,month,day,hour,province,location,lat,lon,aqi,pollution_level,pollution_class,temp,humidity,rain,wind_speed,wind_dir,pressure,cloud,pm2_5,pm10,co,no2,o3,so2
2026-01-14 20:00:00,2026,1,14,20,Lâm Đồng,Xã Đam Rông 1,11.9218728,108.1287087,43,Good,0,16.6,88,0.0,2.3,94,899.7,13,10.2,10.2,326.0,13.4,50.0,3.7
2026-01-14 21:00:00,2026,1,14,21,Lâm Đồng,Xã Đam Rông 1,11.9218728,108.1287087,41,Good,0,16.0,90,0.0,1.5,111,899.7,26,11.2,11.3,315.0,14.9,46.0,4.2
2026-01-14 22:00:00,2026,1,14,22,Lâm Đồng,Xã Đam Rông 1,11.9218728,108.1287087,40,Good,0,16.0,88,0.0,1.8,84,899.8,12,12.8,13.0,302.0,16.3,41.0,4.5
2026-01-14 23:00:00,2026,1,14,23,Lâm Đồng,Xã Đam Rông 1,11.9218728,108.1287087,40,Good,0,15.8,89,0.0,3.9,53,899.9,0,14.5,14.7,291.0,17.8,36.0,4.5
2026-01-15 00:00:00,2026,1,15,0,Lâm Đồng,Xã Đam Rông 1,11.9218728,108.1287087,40,Good,0,15.5,91,0.0,4.0,54,899.7,0,16.0,16.2,279.0,19.3,32.0,4.3
2026-01-15 01:00:00,2026,1,15,1,Lâm Đồng,Xã Đam Rông 1,11.9218728,108.1287087,40,Good,0,15.2,92,0.0,4.1,49,898.8,0,16.8,17.2,272.0,20.2,28.0,3.9
2026-01-15 02:00:00,2026,1,15,2,Lâm Đồng,Xã Đam Rông 1,11.9218728,108.1287087,41,Good,0,15.1,90,0.0,3.1,28,898.6,1,17.2,17.5,275.0,20.4,25.0,3.3
2026-01-15 03:00:00,2026,1,15,3,Lâm Đồng,Xã Đam Rông 1,11.9218728,108.1287087,42,Good,0,15.0,90,0.0,1.5,21,898.6,2,17.4,17.7,283.0,20.0,23.0,2.6
2026-01-15 04:00:00,2026,1,15,4,Lâm Đồng,Xã Đam Rông 1,11.9218728,108.1287087,43,Good,0,14.5,92,0.0,2.1,52,898.5,2,18.0,18.3,290.0,19.0,24.0,2.1
2026-01-15 05:00:00,2026,1,15,5,Lâm Đồng,Xã Đam Rông 1,11.9218728,108.1287087,44,Good,0,13.9,95,0.0,3.3,61,898.5,3,18.1,18.4,294.0,17.5,27.0,1.9
2026-01-15 06:00:00,2026,1,15,6,Lâm Đồng,Xã Đam Rông 1,11.9218728,108.1287087,45,Good,0,13.9,96,0.0,4.0,54,899.0,2,18.0,18.3,297.0,15.5,32.0,1.8
2026-01-15 07:00:00,2026,1,15,7,Lâm Đồng,Xã Đam Rông 1,11.9218728,108.1287087,46,Good,0,15.9,89,0.0,6.6,29,900.2,0,17.6,18.0,293.0,9.1,36.0,0.6
2026-01-15 08:00:00,2026,1,15,8,Lâm Đồng,Xã Đam Rông 1,11.9218728,108.1287087,48,Good,0,18.2,78,0.0,6.5,3,901.9,0,15.1,15.5,278.0,6.7,54.0,0.8
2026-01-15 09:00:00,2026,1,15,9,Lâm Đồng,Xã Đam Rông 1,11.9218728,108.1287087,49,Good,0,19.9,69,0.0,10.3,359,902.5,1,10.9,11.5,257.0,3.5,80.0,1.1
2026-01-15 10:00:00,2026,1,15,10,Lâm Đồng,Xã Đam Rông 1,11.9218728,108.1287087,50,Good,0,21.2,65,0.0,11.7,355,902.4,6,9.1,9.5,240.0,1.1,99.0,1.4
2026-01-15 11:00:00,2026,1,15,11,Lâm Đồng,Xã Đam Rông 1,11.9218728,108.1287087,50,Good,0,22.6,58,0.0,13.3,352,902.4,21,9.1,9.4,231.0,0.4,107.0,1.5
2026-01-15 12:00:00,2026,1,15,12,Lâm Đồng,Xã Đam Rông 1,11.9218728,108.1287087,50,Good,0,23.4,56,0.0,14.7,349,901.6,24,9.4,9.7,225.0,0.6,108.0,1.6
2026-01-15 13:00:00,2026,1,15,13,Lâm Đồng,Xã Đam Rông 1,11.9218728,108.1287087,51,Moderate,1,24.2,52,0.0,14.8,359,900.7,5,9.8,10.1,222.0,0.8,109.0,1.7
2026-01-15 14:00:00,2026,1,15,14,Lâm Đồng,Xã Đam Rông 1,11.9218728,108.1287087,51,Moderate,1,24.0,53,0.0,14.0,1,899.6,32,10.2,10.5,219.0,0.7,111.0,1.7
2026-01-15 15:00:00,2026,1,15,15,Lâm Đồng,Xã Đam Rông 1,11.9218728,108.1287087,51,Moderate,1,23.7,55,0.0,12.1,4,899.0,8,10.6,10.9,217.0,0.6,112.0,1.8
2026-01-15 16:00:00,2026,1,15,16,Lâm Đồng,Xã Đam Rông 1,11.9218728,108.1287087,52,Moderate,1,22.6,59,0.0,10.2,10,898.8,6,11.1,11.3,222.0,1.3,109.0,1.9
2026-01-15 17:00:00,2026,1,15,17,Lâm Đồng,Xã Đam Rông 1,11.9218728,108.1287087,52,Moderate,1,21.0,63,0.0,7.4,4,898.3,25,12.0,12.2,237.0,3.3,98.0,2.2
2026-01-15 18:00:00,2026,1,15,18,Lâm Đồng,Xã Đam Rông 1,11.9218728,108.1287087,52,Moderate,1,18.4,77,0.0,3.6,9,897.7,20,13.4,13.6,258.0,6.0,83.0,2.6
2026-01-15 19:00:00,2026,1,15,19,Lâm Đồng,Xã Đam Rông 1,11.9218728,108.1287087,53,Moderate,1,17.6,81,0.0,2.4,54,898.1,12,7.5,7.5,280.0,9.9,67.0,3.1
2026-01-15 20:00:00,2026,1,15,20,Lâm Đồng,Xã Đam Rông 1,11.9218728,108.1287087,52,Moderate,1,17.3,81,0.0,2.8,75,898.7,0,9.4,9.7,303.0,11.6,60.0,3.4
2026-01-15 21:00:00,2026,1,15,21,Lâm Đồng,Xã Đam Rông 1,11.9218728,108.1287087,52,Moderate,1,16.6,84,0.0,2.9,68,898.7,0,11.1,11.4,326.0,14.0,49.0,3.7
2026-01-15 22:00:00,2026,1,15,22,Lâm Đồng,Xã Đam Rông 1,11.9218728,108.1287087,52,Moderate,1,16.1,86,0.0,3.1,62,898.5,3,12.7,12.9,343.0,15.8,41.0,3.8
2026-01-15 23:00:00,2026,1,15,23,Lâm Đồng,Xã Đam Rông 1,11.9218728,108.1287087,52,Moderate,1,15.6,88,0.0,3.5,55,898.2,4,13.8,14.0,352.0,16.5,36.0,3.5
2026-01-16 00:00:00,2026,1,16,0,Lâm Đồng,Xã Đam Rông 1,11.9218728,108.1287087,52,Moderate,1,15.2,88,0.0,3.3,45,898.1,24,14.6,14.8,353.0,16.7,33.0,2.9
2026-01-16 01:00:00,2026,1,16,1,Lâm Đồng,Xã Đam Rông 1,11.9218728,108.1287087,52,Moderate,1,14.4,92,0.0,4.7,40,897.3,90,14.9,15.1,343.0,16.5,31.0,2.4
2026-01-16 02:00:00,2026,1,16,2,Lâm Đồng,Xã Đam Rông 1,11.9218728,108.1287087,52,Moderate,1,14.0,88,0.0,4.6,45,896.5,9,15.0,15.2,311.0,16.0,29.0,2.0
2026-01-16 03:00:00,2026,1,16,3,Lâm Đồng,Xã Đam Rông 1,11.9218728,108.1287087,52,Moderate,1,13.5,85,0.0,4.4,52,895.9,50,15.1,15.3,268.0,15.1,28.0,1.7
2026-01-16 04:00:00,2026,1,16,4,Lâm Đồng,Xã Đam Rông 1,11.9218728,108.1287087,52,Moderate,1,13.4,79,0.0,4.4,60,895.8,86,15.1,15.3,237.0,14.2,29.0,1.5
2026-01-16 05:00:00,2026,1,16,5,Lâm Đồng,Xã Đam Rông 1,11.9218728,108.1287087,51,Moderate,1,13.1,73,0.0,4.3,62,895.8,88,14.7,14.9,235.0,13.6,31.0,1.6
2026-01-16 06:00:00,2026,1,16,6,Lâm Đồng,Xã Đam Rông 1,11.9218728,108.1287087,51,Moderate,1,13.2,68,0.0,4.1,67,896.2,99,14.4,14.6,245.0,13.0,35.0,1.8
2026-01-16 07:00:00,2026,1,16,7,Lâm Đồng,Xã Đam Rông 1,11.9218728,108.1287087,51,Moderate,1,15.5,71,0.0,3.9,37,897.7,99,25.7,26.0,247.0,11.7,36.0,1.3
2026-01-16 08:00:00,2026,1,16,8,Lâm Đồng,Xã Đam Rông 1,11.9218728,108.1287087,51,Moderate,1,18.6,58,0.0,4.3,24,899.9,99,21.4,21.7,228.0,8.7,55.0,1.4
2026-01-16 09:00:00,2026,1,16,9,Lâm Đồng,Xã Đam Rông 1,11.9218728,108.1287087,52,Moderate,1,21.2,46,0.0,4.5,358,901.5,100,14.7,15.1,200.0,4.5,81.0,1.5
2026-01-16 10:00:00,2026,1,16,10,Lâm Đồng,Xã Đam Rông 1,11.9218728,108.1287087,52,Moderate,1,22.9,39,0.0,6.8,349,901.9,97,12.1,12.6,179.0,1.4,100.0,1.5
2026-01-16 11:00:00,2026,1,16,11,Lâm Đồng,Xã Đam Rông 1,11.9218728,108.1287087,53,Moderate,1,23.9,34,0.0,9.3,347,901.7,100,10.9,11.4,174.0,0.4,104.0,1.4
2026-01-16 12:00:00,2026,1,16,12,Lâm Đồng,Xã Đam Rông 1,11.9218728,108.1287087,53,Moderate,1,24.4,33,0.0,11.2,341,900.8,95,10.6,11.1,176.0,0.6,101.0,1.1
2026-01-16 13:00:00,2026,1,16,13,Lâm Đồng,Xã Đam Rông 1,11.9218728,108.1287087,53,Moderate,1,24.9,33,0.0,12.5,340,900.0,90,10.5,11.0,179.0,0.8,98.0,1.0
2026-01-16 14:00:00,2026,1,16,14,Lâm Đồng,Xã Đam Rông 1,11.9218728,108.1287087,53,Moderate,1,24.6,36,0.0,12.1,340,899.1,100,10.6,11.0,177.0,0.4,100.0,1.0
2026-01-16 15:00:00,2026,1,16,15,Lâm Đồng,Xã Đam Rông 1,11.9218728,108.1287087,53,Moderate,1,24.3,37,0.0,11.6,341,898.5,100,10.6,11.0,175.0,0.2,102.0,1.1
2026-01-16 16:00:00,2026,1,16,16,Lâm Đồng,Xã Đam Rông 1,11.9218728,108.1287087,53,Moderate,1,23.6,41,0.0,10.3,341,898.0,100,10.6,11.0,184.0,1.2,100.0,1.4
2026-01-16 17:00:00,2026,1,16,17,Lâm Đồng,Xã Đam Rông 1,11.9218728,108.1287087,53,Moderate,1,21.6,55,0.0,6.9,343,897.4,100,12.1,12.4,217.0,4.4,89.0,2.1
2026-01-16 18:00:00,2026,1,16,18,Lâm Đồng,Xã Đam Rông 1,11.9218728,108.1287087,53,Moderate,1,18.5,65,0.0,5.2,25,897.0,95,13.9,14.2,261.0,8.9,73.0,3.0
2026-01-16 19:00:00,2026,1,16,19,Lâm Đồng,Xã Đam Rông 1,11.9218728,108.1287087,53,Moderate,1,17.3,67,0.0,6.1,40,897.0,96,7.8,7.9,289.0,13.5,62.0,4.0
2026-01-16 20:00:00,2026,1,16,20,Lâm Đồng,Xã Đam Rông 1,11.9218728,108.1287087,53,Moderate,1,17.0,65,0.0,4.4,63,897.8,94,9.7,9.8,286.0,15.3,57.0,4.6
2026-01-16 21:00:00,2026,1,16,21,Lâm Đồng,Xã Đam Rông 1,11.9218728,108.1287087,53,Moderate,1,16.7,65,0.0,1.3,106,898.2,100,11.2,11.3,266.0,17.7,50.0,5.4
2026-01-16 22:00:00,2026,1,16,22,Lâm Đồng,Xã Đam Rông 1,11.9218728,108.1287087,53,Moderate,1,16.7,64,0.0,0.5,135,898.2,100,12.7,12.9,249.0,19.8,43.0,5.8
2026-01-16 23:00:00,2026,1,16,23,Lâm Đồng,Xã Đam Rông 1,11.9218728,108.1287087,53,Moderate,1,16.8,62,0.0,0.6,108,898.1,100,14.2,14.3,241.0,21.2,35.0,5.3
2026-01-17 00:00:00,2026,1,17,0,Lâm Đồng,Xã Đam Rông 1,11.9218728,108.1287087,53,Moderate,1,16.7,61,0.0,0.9,90,897.6,100,15.1,15.3,236.0,22.2,26.0,4.4
2026-01-17 01:00:00,2026,1,17,1,Lâm Đồng,Xã Đam Rông 1,11.9218728,108.1287087,53,Moderate,1,16.9,61,0.0,1.1,81,896.9,100,15.6,15.8,231.0,22.5,20.0,3.6
2026-01-17 02:00:00,2026,1,17,2,Lâm Đồng,Xã Đam Rông 1,11.9218728,108.1287087,53,Moderate,1,17.0,61,0.0,1.0,31,896.5,100,15.5,15.7,222.0,21.9,17.0,3.0
2026-01-17 03:00:00,2026,1,17,3,Lâm Đồng,Xã Đam Rông 1,11.9218728,108.1287087,53,Moderate,1,16.6,62,0.0,1.2,321,896.0,58,15.2,15.4,213.0,20.6,17.0,2.4
2026-01-17 04:00:00,2026,1,17,4,Lâm Đồng,Xã Đam Rông 1,11.9218728,108.1287087,53,Moderate,1,16.2,64,0.0,0.9,349,896.0,100,14.9,15.1,214.0,19.2,19.0,2.1
2026-01-17 05:00:00,2026,1,17,5,Lâm Đồng,Xã Đam Rông 1,11.9218728,108.1287087,53,Moderate,1,15.7,66,0.0,1.4,23,896.2,99,14.7,14.9,236.0,18.1,23.0,2.1
2026-01-17 06:00:00,2026,1,17,6,Lâm Đồng,Xã Đam Rông 1,11.9218728,108.1287087,53,Moderate,1,15.3,67,0.0,2.3,32,896.5,100,14.6,14.7,268.0,16.8,31.0,2.4
2026-01-17 07:00:00,2026,1,17,7,Lâm Đồng,Xã Đam Rông 1,11.9218728,108.1287087,53,Moderate,1,16.5,73,0.0,4.3,48,897.4,62,23.0,23.5,286.0,16.1,40.0,2.4
2026-01-17 08:00:00,2026,1,17,8,Lâm Đồng,Xã Đam Rông 1,11.9218728,108.1287087,53,Moderate,1,19.8,63,0.0,5.1,6,899.4,99,17.8,18.2,278.0,11.7,62.0,2.4
2026-01-17 09:00:00,2026,1,17,9,Lâm Đồng,Xã Đam Rông 1,11.9218728,108.1287087,53,Moderate,1,21.4,58,0.0,10.4,359,900.3,100,12.6,13.2,256.0,5.6,91.0,2.4
2026-01-17 10:00:00,2026,1,17,10,Lâm Đồng,Xã Đam Rông 1,11.9218728,108.1287087,53,Moderate,1,22.2,57,0.0,14.8,359,900.2,100,12.5,13.0,238.0,1.1,113.0,2.3
2026-01-17 11:00:00,2026,1,17,11,Lâm Đồng,Xã Đam Rông 1,11.9218728,108.1287087,53,Moderate,1,23.1,52,0.0,15.9,357,899.9,98,11.5,11.9,229.0,0.0,118.0,2.1
2026-01-17 12:00:00,2026,1,17,12,Lâm Đồng,Xã Đam Rông 1,11.9218728,108.1287087,53,Moderate,1,23.9,47,0.0,15.6,353,899.0,100,11.3,11.7,224.0,0.3,115.0,1.9
2026-01-17 13:00:00,2026,1,17,13,Lâm Đồng,Xã Đam Rông 1,11.9218728,108.1287087,53,Moderate,1,24.6,43,0.0,14.8,357,898.3,97,11.4,11.8,221.0,0.8,112.0,1.7
2026-01-17 14:00:00,2026,1,17,14,Lâm Đồng,Xã Đam Rông 1,11.9218728,108.1287087,53,Moderate,1,24.6,44,0.0,13.9,354,897.1,71,11.6,12.0,217.0,0.6,113.0,1.7
2026-01-17 15:00:00,2026,1,17,15,Lâm Đồng,Xã Đam Rông 1,11.9218728,108.1287087,53,Moderate,1,24.3,46,0.0,12.1,357,896.8,34,11.7,12.1,216.0,0.5,114.0,1.8
2026-01-17 16:00:00,2026,1,17,16,Lâm Đồng,Xã Đam Rông 1,11.9218728,108.1287087,53,Moderate,1,23.1,49,0.0,10.6,356,896.5,68,11.8,12.2,221.0,1.3,111.0,2.0
2026-01-17 17:00:00,2026,1,17,17,Lâm Đồng,Xã Đam Rông 1,11.9218728,108.1287087,55,Moderate,1,21.5,58,0.0,6.1,23,896.1,98,12.3,12.6,238.0,3.7,99.0,2.4
2026-01-17 18:00:00,2026,1,17,18,Lâm Đồng,Xã Đam Rông 1,11.9218728,108.1287087,57,Moderate,1,19.1,66,0.0,7.0,35,895.7,100,13.1,13.4,261.0,6.9,83.0,3.0
2026-01-17 19:00:00,2026,1,17,19,Lâm Đồng,Xã Đam Rông 1,11.9218728,108.1287087,53,Moderate,1,18.9,68,0.0,5.5,23,896.1,99,16.6,17.1,286.0,9.4,75.0,3.7
2026-01-17 20:00:00,2026,1,17,20,Lâm Đồng,Xã Đam Rông 1,11.9218728,108.1287087,54,Moderate,1,18.6,70,0.0,2.9,83,896.6,100,17.9,18.4,315.0,11.7,66.0,4.1
2026-01-17 21:00:00,2026,1,17,21,Lâm Đồng,Xã Đam Rông 1,11.9218728,108.1287087,55,Moderate,1,17.2,75,0.0,3.4,122,896.3,100,19.2,19.7,344.0,14.9,54.0,4.7
2026-01-17 22:00:00,2026,1,17,22,Lâm Đồng,Xã Đam Rông 1,11.9218728,108.1287087,55,Moderate,1,16.3,80,0.0,2.7,122,895.8,100,20.5,21.1,358.0,17.5,43.0,4.9
2026-01-17 23:00:00,2026,1,17,23,Lâm Đồng,Xã Đam Rông 1,11.9218728,108.1287087,56,Moderate,1,15.9,82,0.0,1.7,131,895.7,100,21.8,22.3,345.0,18.8,36.0,4.5
2026-01-18 00:00:00,2026,1,18,0,Lâm Đồng,Xã Đam Rông 1,11.9218728,108.1287087,57,Moderate,1,16.3,79,0.0,0.4,117,895.8,100,22.4,22.9,317.0,19.4,31.0,3.7
2026-01-18 01:00:00,2026,1,18,1,Lâm Đồng,Xã Đam Rông 1,11.9218728,108.1287087,57,Moderate,1,16.8,78,0.0,1.1,9,895.6,98,22.7,23.2,294.0,19.7,27.0,3.0
2026-01-18 02:00:00,2026,1,18,2,Lâm Đồng,Xã Đam Rông 1,11.9218728,108.1287087,58,Moderate,1,15.9,84,0.0,3.0,284,895.1,100,23.1,23.6,283.0,20.0,25.0,2.6
2026-01-18 03:00:00,2026,1,18,3,Lâm Đồng,Xã Đam Rông 1,11.9218728,108.1287087,59,Moderate,1,15.7,87,0.0,0.9,37,894.9,100,23.5,23.9,277.0,20.1,23.0,2.3
2026-01-18 04:00:00,2026,1,18,4,Lâm Đồng,Xã Đam Rông 1,11.9218728,108.1287087,59,Moderate,1,15.7,84,0.0,1.1,81,894.9,99,23.6,24.0,273.0,19.5,23.0,2.0
2026-01-18 05:00:00,2026,1,18,5,Lâm Đồng,Xã Đam Rông 1,11.9218728,108.1287087,60,Moderate,1,15.6,81,0.0,1.7,72,895.2,100,23.9,24.3,271.0,18.1,20.0,1.6
2026-01-18 06:00:00,2026,1,18,6,Lâm Đồng,Xã Đam Rông 1,11.9218728,108.1287087,61,Moderate,1,15.6,79,0.0,2.4,54,895.6,100,23.9,24.2,271.0,16.1,18.0,1.1
2026-01-18 07:00:00,2026,1,18,7,Lâm Đồng,Xã Đam Rông 1,11.9218728,108.1287087,62,Moderate,1,17.0,76,0.0,2.7,70,897.0,95,31.9,32.5,266.0,17.6,40.0,2.0
2026-01-18 08:00:00,2026,1,18,8,Lâm Đồng,Xã Đam Rông 1,11.9218728,108.1287087,62,Moderate,1,19.5,61,0.0,3.8,352,898.6,99,24.4,25.0,251.0,12.7,61.0,1.8
2026-01-18 09:00:00,2026,1,18,9,Lâm Đồng,Xã Đam Rông 1,11.9218728,108.1287087,63,Moderate,1,21.0,56,0.0,6.4,352,899.4,99,18.3,19.0,232.0,6.0,91.0,1.6
2026-01-18 10:00:00,2026,1,18,10,Lâm Đồng,Xã Đam Rông 1,11.9218728,108.1287087,64,Moderate,1,22.5,52,0.0,11.4,355,899.5,93,15.1,15.6,219.0,1.1,112.0,1.4
2026-01-18 11:00:00,2026,1,18,11,Lâm Đồng,Xã Đam Rông 1,11.9218728,108.1287087,64,Moderate,1,23.3,50,0.0,15.0,354,899.4,98,13.9,14.3,217.0,0.0,118.0,1.3
2026-01-18 12:00:00,2026,1,18,12,Lâm Đồng,Xã Đam Rông 1,11.9218728,108.1287087,64,Moderate,1,23.8,47,0.0,14.9,352,898.9,98,14.1,14.6,220.0,0.1,115.0,1.4
2026-01-18 13:00:00,2026,1,18,13,Lâm Đồng,Xã Đam Rông 1,11.9218728,108.1287087,64,Moderate,1,24.2,45,0.0,16.6,351,897.8,47,14.3,14.8,223.0,0.6,113.0,1.4
2026-01-18 14:00:00,2026,1,18,14,Lâm Đồng,Xã Đam Rông 1,11.9218728,108.1287087,65,Moderate,1,24.0,45,0.0,16.8,354,896.8,30,14.2,14.7,221.0,0.4,115.0,1.4
2026-01-18 15:00:00,2026,1,18,15,Lâm Đồng,Xã Đam Rông 1,11.9218728,108.1287087,65,Moderate,1,23.5,47,0.0,15.7,357,896.2,6,14.0,14.5,219.0,0.3,116.0,1.5
2026-01-18 16:00:00,2026,1,18,16,Lâm Đồng,Xã Đam Rông 1,11.9218728,108.1287087,65,Moderate,1,22.6,50,0.0,13.9,356,895.9,2,13.7,14.1,227.0,1.1,113.0,1.7
2026-01-18 17:00:00,2026,1,18,17,Lâm Đồng,Xã Đam Rông 1,11.9218728,108.1287087,65,Moderate,1,20.9,60,0.0,8.8,1,895.8,16,13.9,14.2,252.0,3.3,102.0,2.1
2026-01-18 18:00:00,2026,1,18,18,Lâm Đồng,Xã Đam Rông 1,11.9218728,108.1287087,65,Moderate,1,18.4,73,0.0,4.3,24,895.5,68,14.7,15.0,286.0,6.3,87.0,2.7
2026-01-18 19:00:00,2026,1,18,19,Lâm Đồng,Xã Đam Rông 1,11.9218728,108.1287087,65,Moderate,1,17.9,73,0.0,5.0,30,896.0,10,16.2,16.6,316.0,10.8,72.0,3.7
2026-01-18 20:00:00,2026,1,18,20,Lâm Đồng,Xã Đam Rông 1,11.9218728,108.1287087,65,Moderate,1,17.8,73,0.0,4.1,77,896.6,0,17.9,18.2,341.0,12.6,64.0,4.0
2026-01-18 21:00:00,2026,1,18,21,Lâm Đồng,Xã Đam Rông 1,11.9218728,108.1287087,65,Moderate,1,16.4,79,0.0,4.2,97,896.2,0,18.9,19.3,361.0,15.1,52.0,4.3
2026-01-18 22:00:00,2026,1,18,22,Lâm Đồng,Xã Đam Rông 1,11.9218728,108.1287087,65,Moderate,1,16.0,77,0.0,3.5,75,896.3,0,19.4,19.7,366.0,16.9,42.0,4.4
2026-01-18 23:00:00,2026,1,18,23,Lâm Đồng,Xã Đam Rông 1,11.9218728,108.1287087,65,Moderate,1,16.2,71,0.0,3.1,62,896.3,80,20.1,20.4,343.0,17.3,36.0,3.9
2026-01-19 00:00:00,2026,1,19,0,Lâm Đồng,Xã Đam Rông 1,11.9218728,108.1287087,65,Moderate,1,15.9,69,0.0,4.1,38,896.2,74,20.3,20.6,304.0,17.0,32.0,3.1
2026-01-19 01:00:00,2026,1,19,1,Lâm Đồng,Xã Đam Rông 1,11.9218728,108.1287087,65,Moderate,1,15.6,68,0.0,4.3,42,895.7,40,20.0,20.4,276.0,16.5,29.0,2.4
2026-01-19 02:00:00,2026,1,19,2,Lâm Đồng,Xã Đam Rông 1,11.9218728,108.1287087,65,Moderate,1,15.3,67,0.0,3.6,3,895.2,88,19.5,19.8,269.0,15.8,28.0,2.0
2026-01-19 03:00:00,2026,1,19,3,Lâm Đồng,Xã Đam Rông 1,11.9218728,108.1287087,64,Moderate,1,14.4,73,0.0,2.8,320,894.9,69,19.3,19.6,273.0,14.9,28.0,1.7
2026-01-19 04:00:00,2026,1,19,4,Lâm Đồng,Xã Đam Rông 1,11.9218728,108.1287087,64,Moderate,1,13.8,77,0.0,2.3,58,894.6,52,18.8,19.1,282.0,13.9,30.0,1.5
2026-01-19 05:00:00,2026,1,19,5,Lâm Đồng,Xã Đam Rông 1,11.9218728,108.1287087,64,Moderate,1,13.6,77,0.0,3.2,63,894.7,92,18.0,18.3,299.0,12.9,32.0,1.5
2026-01-19 06:00:00,2026,1,19,6,Lâm Đồng,Xã Đam Rông 1,11.9218728,108.1287087,63,Moderate,1,13.5,76,0.0,3.7,61,895.4,72,17.2,17.5,321.0,11.9,35.0,1.6
2026-01-19 07:00:00,2026,1,19,7,Lâm Đồng,Xã Đam Rông 1,11.9218728,108.1287087,62,Moderate,1,15.7,71,0.0,4.8,42,897.0,63,22.6,23.1,329.0,9.5,47.0,1.7
2026-01-19 08:00:00,2026,1,19,8,Lâm Đồng,Xã Đam Rông 1,11.9218728,108.1287087,62,Moderate,1,18.8,63,0.0,6.1,12,898.9,87,19.5,20.0,311.0,7.0,65.0,1.5
2026-01-19 09:00:00,2026,1,19,9,Lâm Đồng,Xã Đam Rông 1,11.9218728,108.1287087,61,Moderate,1,20.7,54,0.0,8.6,1,900.1,58,12.3,13.0,279.0,3.6,89.0,1.2
2026-01-19 10:00:00,2026,1,19,10,Lâm Đồng,Xã Đam Rông 1,11.9218728,108.1287087,61,Moderate,1,22.0,50,0.0,14.3,6,900.2,58,7.0,7.6,250.0,1.1,107.0,0.9
2026-01-19 11:00:00,2026,1,19,11,Lâm Đồng,Xã Đam Rông 1,11.9218728,108.1287087,60,Moderate,1,22.7,46,0.0,15.2,5,900.1,23,6.1,6.5,230.0,0.3,112.0,0.7
2026-01-19 12:00:00,2026,1,19,12,Lâm Đồng,Xã Đam Rông 1,11.9218728,108.1287087,59,Moderate,1,23.4,44,0.0,14.8,357,899.6,52,7.3,7.7,214.0,0.4,111.0,0.6
2026-01-19 13:00:00,2026,1,19,13,Lâm Đồng,Xã Đam Rông 1,11.9218728,108.1287087,59,Moderate,1,23.8,41,0.0,15.8,352,898.6,20,8.5,8.9,203.0,0.6,110.0,0.6
2026-01-19 14:00:00,2026,1,19,14,Lâm Đồng,Xã Đam Rông 1,11.9218728,108.1287087,58,Moderate,1,23.3,42,0.0,15.4,355,897.6,26,9.5,9.9,197.0,0.4,111.0,0.6
2026-01-19 15:00:00,2026,1,19,15,Lâm Đồng,Xã Đam Rông 1,11.9218728,108.1287087,58,Moderate,1,22.6,43,0.0,14.6,356,897.1,93,9.9,10.3,196.0,0.3,112.0,0.6
2026-01-19 16:00:00,2026,1,19,16,Lâm Đồng,Xã Đam Rông 1,11.9218728,108.1287087,57,Moderate,1,21.5,47,0.0,16.0,348,896.8,48,9.8,10.3,201.0,1.0,109.0,0.8
2026-01-19 17:00:00,2026,1,19,17,Lâm Đồng,Xã Đam Rông 1,11.9218728,108.1287087,57,Moderate,1,20.0,54,0.0,12.6,341,896.9,5,10.0,10.4,217.0,2.9,99.0,1.2
2026-01-19 18:00:00,2026,1,19,18,Lâm Đồng,Xã Đam Rông 1,11.9218728,108.1287087,57,Moderate,1,17.5,64,0.0,8.3,358,897.1,23,10.5,10.9,238.0,5.6,85.0,1.8
2026-01-19 19:00:00,2026,1,19,19,Lâm Đồng,Xã Đam Rông 1,11.9218728,108.1287087,56,Moderate,1,16.5,67,0.0,6.7,20,897.1,99,12.9,13.2,247.0,9.4,71.0,2.7
2026-01-19 20:00:00,2026,1,19,20,Lâm Đồng,Xã Đam Rông 1,11.9218728,108.1287087,56,Moderate,1,16.0,64,0.0,6.9,43,897.4,98,14.3,14.7,233.0,11.1,65.0,3.2
2026-01-19 21:00:00,2026,1,19,21,Lâm Đồng,Xã Đam Rông 1,11.9218728,108.1287087,56,Moderate,1,15.9,55,0.0,8.4,42,897.7,99,15.3,15.7,206.0,13.5,56.0,3.9
2026-01-19 22:00:00,2026,1,19,22,Lâm Đồng,Xã Đam Rông 1,11.9218728,108.1287087,55,Moderate,1,15.7,53,0.0,8.3,41,897.4,99,16.4,16.8,183.0,15.4,48.0,4.3
2026-01-19 23:00:00,2026,1,19,23,Lâm Đồng,Xã Đam Rông 1,11.9218728,108.1287087,55,Moderate,1,15.2,51,0.0,7.6,36,897.1,82,17.2,17.8,168.0,16.2,43.0,4.1
2026-01-20 00:00:00,2026,1,20,0,Lâm Đồng,Xã Đam Rông 1,11.9218728,108.1287087,55,Moderate,1,15.0,44,0.0,8.3,48,896.7,8,17.4,18.0,156.0,16.5,39.0,3.6
2026-01-20 01:00:00,2026,1,20,1,Lâm Đồng,Xã Đam Rông 1,11.9218728,108.1287087,55,Moderate,1,15.2,40,0.0,8.7,42,896.2,37,17.3,17.9,149.0,16.4,36.0,3.1
2026-01-20 02:00:00,2026,1,20,2,Lâm Đồng,Xã Đam Rông 1,11.9218728,108.1287087,54,Moderate,1,14.8,42,0.0,7.9,24,895.6,39,16.9,17.5,148.0,16.0,33.0,2.6
2026-01-20 03:00:00,2026,1,20,3,Lâm Đồng,Xã Đam Rông 1,11.9218728,108.1287087,54,Moderate,1,14.3,47,0.0,7.2,28,895.0,0,16.4,17.0,152.0,15.2,32.0,2.1
2026-01-20 04:00:00,2026,1,20,4,Lâm Đồng,Xã Đam Rông 1,11.9218728,108.1287087,54,Moderate,1,14.1,50,0.0,6.3,24,895.4,0,15.7,16.5,161.0,14.2,32.0,1.8
2026-01-20 05:00:00,2026,1,20,5,Lâm Đồng,Xã Đam Rông 1,11.9218728,108.1287087,54,Moderate,1,14.1,51,0.0,5.5,44,895.6,0,15.3,16.1,179.0,13.2,33.0,1.7
2026-01-20 06:00:00,2026,1,20,6,Lâm Đồng,Xã Đam Rông 1,11.9218728,108.1287087,53,Moderate,1,13.9,51,0.0,5.8,36,896.1,37,14.8,15.7,202.0,12.1,37.0,1.8
2026-01-20 07:00:00,2026,1,20,7,Lâm Đồng,Xã Đam Rông 1,11.9218728,108.1287087,53,Moderate,1,15.5,60,0.0,5.4,42,897.8,28,16.6,17.7,218.0,9.5,48.0,1.8
2026-01-20 08:00:00,2026,1,20,8,Lâm Đồng,Xã Đam Rông 1,11.9218728,108.1287087,53,Moderate,1,18.8,52,0.0,6.4,16,899.8,84,14.1,15.1,220.0,7.0,66.0,1.5
2026-01-20 09:00:00,2026,1,20,9,Lâm Đồng,Xã Đam Rông 1,11.9218728,108.1287087,52,Moderate,1,20.6,45,0.0,9.0,5,901.1,81,9.8,11.4,215.0,3.5,90.0,1.2
2026-01-20 10:00:00,2026,1,20,10,Lâm Đồng,Xã Đam Rông 1,11.9218728,108.1287087,52,Moderate,1,21.7,45,0.0,15.6,6,901.4,80,7.4,8.6,209.0,0.9,108.0,0.9
2026-01-20 11:00:00,2026,1,20,11,Lâm Đồng,Xã Đam Rông 1,11.9218728,108.1287087,52,Moderate,1,22.1,47,0.0,16.8,6,901.4,11,7.0,8.0,204.0,0.2,113.0,0.8
2026-01-20 12:00:00,2026,1,20,12,Lâm Đồng,Xã Đam Rông 1,11.9218728,108.1287087,52,Moderate,1,22.8,47,0.0,15.6,353,900.9,57,7.1,8.2,199.0,0.3,112.0,0.8
2026-01-20 13:00:00,2026,1,20,13,Lâm Đồng,Xã Đam Rông 1,11.9218728,108.1287087,52,Moderate,1,23.7,42,0.0,16.1,356,900.2,11,7.0,8.2,195.0,0.6,111.0,0.8
2026-01-20 14:00:00,2026,1,20,14,Lâm Đồng,Xã Đam Rông 1,11.9218728,108.1287087,52,Moderate,1,23.4,40,0.0,16.1,354,899.2,0,6.8,8.1,193.0,0.5,112.0,0.8
2026-01-20 15:00:00,2026,1,20,15,Lâm Đồng,Xã Đam Rông 1,11.9218728,108.1287087,52,Moderate,1,22.7,44,0.0,15.9,346,898.8,1,6.7,8.0,192.0,0.5,113.0,0.8
2026-01-20 16:00:00,2026,1,20,16,Lâm Đồng,Xã Đam Rông 1,11.9218728,108.1287087,51,Moderate,1,21.5,49,0.0,17.0,347,898.5,5,6.8,8.1,196.0,1.0,110.0,0.9
2026-01-20 17:00:00,2026,1,20,17,Lâm Đồng,Xã Đam Rông 1,11.9218728,108.1287087,51,Moderate,1,19.8,57,0.0,15.4,350,898.1,4,8.0,9.1,206.0,2.6,100.0,1.2
2026-01-20 18:00:00,2026,1,20,18,Lâm Đồng,Xã Đam Rông 1,11.9218728,108.1287087,54,Moderate,1,17.8,64,0.0,12.8,5,897.6,0,9.4,10.3,219.0,4.7,87.0,1.7
2026-01-20 19:00:00,2026,1,20,19,Lâm Đồng,Xã Đam Rông 1,11.9218728,108.1287087,51,Moderate,1,16.5,72,0.0,12.8,19,897.8,69,18.0,19.4,234.0,6.9,78.0,2.2
2026-01-20 20:00:00,2026,1,20,20,Lâm Đồng,Xã Đam Rông 1,11.9218728,108.1287087,51,Moderate,1,15.4,80,0.0,6.5,39,898.3,95,18.3,19.6,254.0,7.3,74.0,2.3
2026-01-20 21:00:00,2026,1,20,21,Lâm Đồng,Xã Đam Rông 1,11.9218728,108.1287087,52,Moderate,1,14.3,85,0.0,5.6,61,898.3,84,18.3,19.5,275.0,7.8,68.0,2.4
2026-01-20 22:00:00,2026,1,20,22,Lâm Đồng,Xã Đam Rông 1,11.9218728,108.1287087,52,Moderate,1,13.8,84,0.0,5.0,77,898.3,94,19.0,20.1,281.0,8.5,63.0,2.5
2026-01-20 23:00:00,2026,1,20,23,Lâm Đồng,Xã Đam Rông 1,11.9218728,108.1287087,52,Moderate,1,12.5,86,0.0,5.5,101,897.8,73,19.6,20.8,261.0,9.4,59.0,2.5
2026-01-21 00:00:00,2026,1,21,0,Lâm Đồng,Xã Đam Rông 1,11.9218728,108.1287087,52,Moderate,1,11.3,85,0.0,4.6,111,897.2,18,20.2,21.4,227.0,10.4,55.0,2.4
2026-01-21 01:00:00,2026,1,21,1,Lâm Đồng,Xã Đam Rông 1,11.9218728,108.1287087,53,Moderate,1,11.2,81,0.0,4.2,97,896.6,0,20.4,21.6,199.0,11.1,52.0,2.2
2026-01-21 02:00:00,2026,1,21,2,Lâm Đồng,Xã Đam Rông 1,11.9218728,108.1287087,53,Moderate,1,11.1,78,0.0,3.4,90,896.3,2,20.3,21.5,182.0,11.3,49.0,1.8
2026-01-21 03:00:00,2026,1,21,3,Lâm Đồng,Xã Đam Rông 1,11.9218728,108.1287087,53,Moderate,1,11.1,77,0.0,2.5,94,896.0,16,21.4,22.6,170.0,11.1,46.0,1.2
2026-01-21 04:00:00,2026,1,21,4,Lâm Đồng,Xã Đam Rông 1,11.9218728,108.1287087,54,Moderate,1,10.9,78,0.0,2.9,90,896.1,53,21.5,22.6,167.0,10.8,44.0,0.8
2026-01-21 05:00:00,2026,1,21,5,Lâm Đồng,Xã Đam Rông 1,11.9218728,108.1287087,54,Moderate,1,10.9,78,0.0,3.1,90,896.4,91,20.8,21.8,178.0,10.4,40.0,0.8
2026-01-21 06:00:00,2026,1,21,6,Lâm Đồng,Xã Đam Rông 1,11.9218728,108.1287087,55,Moderate,1,10.9,78,0.0,3.1,93,896.7,90,19.6,20.6,198.0,9.8,35.0,1.0
2026-01-21 07:00:00,2026,1,21,7,Lâm Đồng,Xã Đam Rông 1,11.9218728,108.1287087,55,Moderate,1,13.8,74,0.0,5.7,77,898.4,32,29.3,31.1,211.0,9.0,40.0,1.3
2026-01-21 08:00:00,2026,1,21,8,Lâm Đồng,Xã Đam Rông 1,11.9218728,108.1287087,56,Moderate,1,17.9,63,0.0,5.5,41,901.0,28,22.5,23.9,209.0,6.7,59.0,1.3
2026-01-21 09:00:00,2026,1,21,9,Lâm Đồng,Xã Đam Rông 1,11.9218728,108.1287087,57,Moderate,1,19.4,59,0.0,6.5,355,902.0,78,12.1,14.3,201.0,3.5,85.0,1.3
2026-01-21 10:00:00,2026,1,21,10,Lâm Đồng,Xã Đam Rông 1,11.9218728,108.1287087,57,Moderate,1,20.5,62,0.0,10.6,356,902.4,24,9.6,11.5,193.0,1.1,104.0,1.2
2026-01-21 11:00:00,2026,1,21,11,Lâm Đồng,Xã Đam Rông 1,11.9218728,108.1287087,57,Moderate,1,22.4,55,0.0,12.1,17,902.4,38,8.5,9.8,187.0,0.4,110.0,1.1
2026-01-21 12:00:00,2026,1,21,12,Lâm Đồng,Xã Đam Rông 1,11.9218728,108.1287087,57,Moderate,1,23.3,52,0.0,13.5,357,901.8,60,8.5,9.6,182.0,0.6,109.0,1.0
2026-01-21 13:00:00,2026,1,21,13,Lâm Đồng,Xã Đam Rông 1,11.9218728,108.1287087,58,Moderate,1,23.2,50,0.0,14.1,344,900.8,84,8.6,9.7,179.0,0.8,107.0,0.9
2026-01-21 14:00:00,2026,1,21,14,Lâm Đồng,Xã Đam Rông 1,11.9218728,108.1287087,58,Moderate,1,22.6,49,0.0,16.5,346,899.7,100,8.9,10.0,178.0,0.8,107.0,0.8
2026-01-21 15:00:00,2026,1,21,15,Lâm Đồng,Xã Đam Rông 1,11.9218728,108.1287087,58,Moderate,1,22.4,50,0.0,17.5,357,899.0,84,9.6,10.7,180.0,0.9,106.0,0.8
2026-01-21 16:00:00,2026,1,21,16,Lâm Đồng,Xã Đam Rông 1,11.9218728,108.1287087,58,Moderate,1,21.0,57,0.0,18.1,350,898.7,100,10.4,11.4,192.0,1.2,104.0,0.8
2026-01-21 17:00:00,2026,1,21,17,Lâm Đồng,Xã Đam Rông 1,11.9218728,108.1287087,58,Moderate,1,19.8,64,0.0,15.6,354,898.9,100,11.3,12.1,223.0,1.9,100.0,1.0
2026-01-21 18:00:00,2026,1,21,18,Lâm Đồng,Xã Đam Rông 1,11.9218728,108.1287087,59,Moderate,1,17.9,73,0.0,11.6,13,898.9,100,12.3,13.2,265.0,2.9,94.0,1.3
2026-01-21 19:00:00,2026,1,21,19,Lâm Đồng,Xã Đam Rông 1,11.9218728,108.1287087,59,Moderate,1,17.7,77,0.0,9.8,20,899.7,100,10.2,10.9,299.0,3.9,85.0,1.6
2026-01-21 20:00:00,2026,1,21,20,Lâm Đồng,Xã Đam Rông 1,11.9218728,108.1287087,58,Moderate,1,17.2,79,0.0,7.1,30,900.3,91,10.7,11.4,324.0,3.9,83.0,1.6
2026-01-21 21:00:00,2026,1,21,21,Lâm Đồng,Xã Đam Rông 1,11.9218728,108.1287087,58,Moderate,1,16.3,85,0.0,4.1,29,900.8,13,10.9,11.8,343.0,4.0,79.0,1.5
2026-01-21 22:00:00,2026,1,21,22,Lâm Đồng,Xã Đam Rông 1,11.9218728,108.1287087,57,Moderate,1,14.5,92,0.0,3.3,41,900.4,2,11.1,12.1,343.0,4.3,74.0,1.5
2026-01-21 23:00:00,2026,1,21,23,Lâm Đồng,Xã Đam Rông 1,11.9218728,108.1287087,56,Moderate,1,13.6,94,0.0,3.3,68,900.1,1,11.6,12.7,314.0,5.0,67.0,1.4
2026-01-22 00:00:00,2026,1,22,0,Lâm Đồng,Xã Đam Rông 1,11.9218728,108.1287087,56,Moderate,1,13.2,94,0.0,4.6,77,900.0,0,11.8,13.1,267.0,5.9,59.0,1.4
2026-01-22 01:00:00,2026,1,22,1,Lâm Đồng,Xã Đam Rông 1,11.9218728,108.1287087,55,Moderate,1,12.7,95,0.0,4.9,66,899.3,2,11.6,12.8,227.0,6.6,53.0,1.3
2026-01-22 02:00:00,2026,1,22,2,Lâm Đồng,Xã Đam Rông 1,11.9218728,108.1287087,54,Moderate,1,12.5,93,0.0,5.0,60,898.5,2,11.5,12.5,200.0,6.8,49.0,1.2
2026-01-22 03:00:00,2026,1,22,3,Lâm Đồng,Xã Đam Rông 1,11.9218728,108.1287087,53,Moderate,1,12.1,95,0.0,4.4,55,898.2,6,11.3,12.2,179.0,6.8,47.0,1.0
2026-01-22 04:00:00,2026,1,22,4,Lâm Đồng,Xã Đam Rông 1,11.9218728,108.1287087,52,Moderate,1,11.9,97,0.0,3.9,66,898.2,45,11.3,12.1,171.0,6.8,45.0,0.9
2026-01-22 05:00:00,2026,1,22,5,Lâm Đồng,Xã Đam Rông 1,11.9218728,108.1287087,51,Moderate,1,11.9,97,0.0,3.7,67,898.6,95,11.6,12.3,186.0,7.2,41.0,0.9
2026-01-22 06:00:00,2026,1,22,6,Lâm Đồng,Xã Đam Rông 1,11.9218728,108.1287087,51,Moderate,1,11.6,98,0.0,4.0,54,898.9,87,11.9,12.6,214.0,7.7,38.0,0.9
2026-01-22 07:00:00,2026,1,22,7,Lâm Đồng,Xã Đam Rông 1,11.9218728,108.1287087,50,Good,0,13.2,88,0.0,6.4,58,900.1,58,14.7,15.5,232.0,7.5,46.0,1.5
2026-01-22 08:00:00,2026,1,22,8,Lâm Đồng,Xã Đam Rông 1,11.9218728,108.1287087,47,Good,0,16.0,85,0.0,5.7,9,902.0,80,8.3,8.9,228.0,5.7,59.0,1.3
2026-01-22 09:00:00,2026,1,22,9,Lâm Đồng,Xã Đam Rông 1,11.9218728,108.1287087,45,Good,0,18.3,73,0.0,10.0,18,903.3,77,4.7,5.0,215.0,3.3,76.0,1.0
2026-01-22 10:00:00,2026,1,22,10,Lâm Đồng,Xã Đam Rông 1,11.9218728,108.1287087,44,Good,0,21.1,60,0.0,14.9,27,903.6,49,3.5,3.9,206.0,1.5,90.0,0.8
2026-01-22 11:00:00,2026,1,22,11,Lâm Đồng,Xã Đam Rông 1,11.9218728,108.1287087,43,Good,0,21.9,59,0.0,16.3,5,903.4,77,3.7,4.3,208.0,0.9,96.0,0.7
2026-01-22 12:00:00,2026,1,22,12,Lâm Đồng,Xã Đam Rông 1,11.9218728,108.1287087,42,Good,0,22.5,58,0.0,16.8,4,902.7,77,4.6,5.4,214.0,0.8,98.0,0.7
2026-01-22 13:00:00,2026,1,22,13,Lâm Đồng,Xã Đam Rông 1,11.9218728,108.1287087,41,Good,0,23.3,54,0.0,15.9,5,902.0,97,5.0,5.8,220.0,0.9,99.0,0.7
2026-01-22 14:00:00,2026,1,22,14,Lâm Đồng,Xã Đam Rông 1,11.9218728,108.1287087,40,Good,0,22.3,58,0.0,18.0,360,900.9,96,5.3,6.1,223.0,0.8,101.0,0.7
2026-01-22 15:00:00,2026,1,22,15,Lâm Đồng,Xã Đam Rông 1,11.9218728,108.1287087,40,Good,0,20.8,66,0.1,19.0,355,900.3,100,5.5,6.2,226.0,0.8,102.0,0.6
2026-01-22 16:00:00,2026,1,22,16,Lâm Đồng,Xã Đam Rông 1,11.9218728,108.1287087,42,Good,0,20.8,66,0.0,18.4,358,900.3,99,5.6,6.3,234.0,1.1,101.0,0.7
2026-01-22 17:00:00,2026,1,22,17,Lâm Đồng,Xã Đam Rông 1,11.9218728,108.1287087,44,Good,0,19.8,67,0.0,16.1,5,900.5,100,6.2,6.8,250.0,1.8,97.0,0.9
2026-01-22 18:00:00,2026,1,22,18,Lâm Đồng,Xã Đam Rông 1,11.9218728,108.1287087,45,Good,0,17.7,77,0.0,12.2,13,900.4,99,6.9,7.4,270.0,2.8,92.0,1.2
2026-01-22 19:00:00,2026,1,22,19,Lâm Đồng,Xã Đam Rông 1,11.9218728,108.1287087,46,Good,0,17.0,84,0.0,10.5,12,901.1,13,6.6,7.3,288.0,3.1,88.0,1.2
2026-01-22 20:00:00,2026,1,22,20,Lâm Đồng,Xã Đam Rông 1,11.9218728,108.1287087,45,Good,0,15.7,91,0.0,8.1,21,901.5,9,6.7,7.7,301.0,3.1,86.0,1.2
2026-01-22 21:00:00,2026,1,22,21,Lâm Đồng,Xã Đam Rông 1,11.9218728,108.1287087,44,Good,0,14.4,97,0.0,5.6,29,901.4,8,6.8,8.0,311.0,3.1,84.0,1.2
2026-01-22 22:00:00,2026,1,22,22,Lâm Đồng,Xã Đam Rông 1,11.9218728,108.1287087,44,Good,0,13.7,99,0.0,4.5,53,901.2,40,7.0,8.4,319.0,3.1,82.0,1.2
2026-01-22 23:00:00,2026,1,22,23,Lâm Đồng,Xã Đam Rông 1,11.9218728,108.1287087,42,Good,0,13.3,100,0.0,3.8,65,900.8,98,6.9,8.4,323.0,3.1,79.0,1.1
2026-01-23 00:00:00,2026,1,23,0,Lâm Đồng,Xã Đam Rông 1,11.9218728,108.1287087,41,Good,0,12.7,100,0.0,3.2,56,900.4,99,6.7,8.1,325.0,3.1,77.0,1.0
2026-01-23 01:00:00,2026,1,23,1,Lâm Đồng,Xã Đam Rông 1,11.9218728,108.1287087,40,Good,0,12.5,100,0.0,2.7,28,900.3,100,6.2,7.6,325.0,3.0,75.0,0.9
2026-01-23 02:00:00,2026,1,23,2,Lâm Đồng,Xã Đam Rông 1,11.9218728,108.1287087,38,Good,0,12.4,100,0.0,3.8,65,900.0,100,5.5,6.6,322.0,2.7,76.0,0.7
2026-01-23 03:00:00,2026,1,23,3,Lâm Đồng,Xã Đam Rông 1,11.9218728,108.1287087,38,Good,0,12.5,99,0.0,4.2,72,899.6,100,4.5,5.3,318.0,2.4,77.0,0.6
2026-01-23 04:00:00,2026,1,23,4,Lâm Đồng,Xã Đam Rông 1,11.9218728,108.1287087,37,Good,0,12.1,100,0.0,5.2,63,899.6,100,3.6,4.1,314.0,2.2,77.0,0.5
2026-01-23 05:00:00,2026,1,23,5,Lâm Đồng,Xã Đam Rông 1,11.9218728,108.1287087,36,Good,0,12.3,99,0.0,5.8,60,899.9,98,3.1,3.5,313.0,2.5,73.0,0.6
2026-01-23 06:00:00,2026,1,23,6,Lâm Đồng,Xã Đam Rông 1,11.9218728,108.1287087,36,Good,0,12.1,98,0.0,4.5,56,900.4,70,3.0,3.3,313.0,3.0,67.0,0.7
2026-01-23 07:00:00,2026,1,23,7,Lâm Đồng,Xã Đam Rông 1,11.9218728,108.1287087,35,Good,0,13.2,98,0.0,5.7,66,901.7,77,3.1,3.4,308.0,3.4,64.0,0.8
2026-01-23 08:00:00,2026,1,23,8,Lâm Đồng,Xã Đam Rông 1,11.9218728,108.1287087,34,Good,0,16.1,88,0.0,5.9,20,903.7,29,3.5,4.0,294.0,2.7,72.0,0.8
2026-01-23 09:00:00,2026,1,23,9,Lâm Đồng,Xã Đam Rông 1,11.9218728,108.1287087,34,Good,0,18.8,72,0.0,10.5,29,904.7,41,3.6,4.5,274.0,1.8,83.0,0.8
2026-01-23 10:00:00,2026,1,23,10,Lâm Đồng,Xã Đam Rông 1,11.9218728,108.1287087,34,Good,0,21.7,58,0.0,12.7,31,905.0,62,3.6,4.6,257.0,1.1,91.0,0.8
2026-01-23 11:00:00,2026,1,23,11,Lâm Đồng,Xã Đam Rông 1,11.9218728,108.1287087,35,Good,0,23.2,51,0.0,14.1,17,904.7,90,3.4,4.4,242.0,0.8,95.0,0.7
2026-01-23 12:00:00,2026,1,23,12,Lâm Đồng,Xã Đam Rông 1,11.9218728,108.1287087,36,Good,0,23.9,48,0.0,15.2,5,903.9,100,3.4,4.4,228.0,0.7,96.0,0.7
2026-01-23 13:00:00,2026,1,23,13,Lâm Đồng,Xã Đam Rông 1,11.9218728,108.1287087,37,Good,0,23.8,48,0.0,13.7,355,903.2,100,3.5,4.6,222.0,0.7,97.0,0.6
2026-01-23 14:00:00,2026,1,23,14,Lâm Đồng,Xã Đam Rông 1,11.9218728,108.1287087,39,Good,0,22.7,51,0.0,16.9,348,902.2,66,3.7,4.7,225.0,0.7,97.0,0.6
2026-01-23 15:00:00,2026,1,23,15,Lâm Đồng,Xã Đam Rông 1,11.9218728,108.1287087,40,Good,0,21.6,60,0.0,18.4,338,901.7,48,3.8,4.8,234.0,0.8,97.0,0.5
2026-01-23 16:00:00,2026,1,23,16,Lâm Đồng,Xã Đam Rông 1,11.9218728,108.1287087,42,Good,0,21.3,58,0.0,18.6,345,901.4,25,3.9,4.8,249.0,1.1,95.0,0.6
2026-01-23 17:00:00,2026,1,23,17,Lâm Đồng,Xã Đam Rông 1,11.9218728,108.1287087,44,Good,0,20.2,61,0.0,16.9,357,901.3,18,4.0,4.7,271.0,1.8,90.0,0.8
2026-01-23 18:00:00,2026,1,23,18,Lâm Đồng,Xã Đam Rông 1,11.9218728,108.1287087,44,Good,0,17.8,74,0.0,12.6,5,901.1,51,4.4,5.0,297.0,2.8,84.0,1.1
2026-01-23 19:00:00,2026,1,23,19,Lâm Đồng,Xã Đam Rông 1,11.9218728,108.1287087,44,Good,0,16.4,84,0.0,8.3,16,901.5,82,5.1,5.8,322.0,3.7,77.0,1.4
2026-01-23 20:00:00,2026,1,23,20,Lâm Đồng,Xã Đam Rông 1,11.9218728,108.1287087,42,Good,0,14.9,92,0.0,6.1,30,901.7,87,5.1,5.9,346.0,3.9,74.0,1.4
2026-01-23 21:00:00,2026,1,23,21,Lâm Đồng,Xã Đam Rông 1,11.9218728,108.1287087,41,Good,0,13.9,96,0.0,4.2,40,901.7,62,5.2,6.0,368.0,4.1,70.0,1.3
2026-01-23 22:00:00,2026,1,23,22,Lâm Đồng,Xã Đam Rông 1,11.9218728,108.1287087,40,Good,0,13.0,98,0.0,3.8,59,901.3,33,5.5,6.2,377.0,4.3,66.0,1.2
2026-01-23 23:00:00,2026,1,23,23,Lâm Đồng,Xã Đam Rông 1,11.9218728,108.1287087,38,Good,0,12.6,97,0.0,4.0,72,901.1,77,5.6,6.4,365.0,4.5,63.0,1.1
2026-01-24 00:00:00,2026,1,24,0,Lâm Đồng,Xã Đam Rông 1,11.9218728,108.1287087,36,Good,0,12.2,95,0.0,4.0,80,900.8,93,5.6,6.4,339.0,4.7,60.0,0.9
2026-01-24 01:00:00,2026,1,24,1,Lâm Đồng,Xã Đam Rông 1,11.9218728,108.1287087,34,Good,0,11.9,95,0.0,4.2,85,900.3,98,5.6,6.5,311.0,4.9,57.0,0.8
2026-01-24 02:00:00,2026,1,24,2,Lâm Đồng,Xã Đam Rông 1,11.9218728,108.1287087,32,Good,0,11.6,93,0.0,4.2,85,899.9,93,5.6,6.4,280.0,5.0,54.0,0.7
2026-01-24 03:00:00,2026,1,24,3,Lâm Đồng,Xã Đam Rông 1,11.9218728,108.1287087,30,Good,0,11.3,93,0.0,4.2,80,899.6,97,5.6,6.3,247.0,5.2,51.0,0.7
2026-01-24 04:00:00,2026,1,24,4,Lâm Đồng,Xã Đam Rông 1,11.9218728,108.1287087,29,Good,0,11.2,94,0.0,4.9,80,899.7,98,5.8,6.4,227.0,5.3,49.0,0.7
2026-01-24 05:00:00,2026,1,24,5,Lâm Đồng,Xã Đam Rông 1,11.9218728,108.1287087,27,Good,0,11.5,93,0.0,5.1,84,899.9,93,5.8,6.4,230.0,5.7,45.0,0.8
2026-01-24 06:00:00,2026,1,24,6,Lâm Đồng,Xã Đam Rông 1,11.9218728,108.1287087,26,Good,0,11.3,92,0.0,4.6,72,900.2,73,5.8,6.4,245.0,6.2,42.0,1.0
2026-01-24 07:00:00,2026,1,24,7,Lâm Đồng,Xã Đam Rông 1,11.9218728,108.1287087,24,Good,0,13.6,85,0.0,7.1,66,901.9,99,11.2,12.4,256.0,6.8,45.0,1.2
2026-01-24 08:00:00,2026,1,24,8,Lâm Đồng,Xã Đam Rông 1,11.9218728,108.1287087,23,Good,0,16.8,78,0.0,5.8,20,903.7,97,7.6,8.4,258.0,5.1,59.0,1.1
2026-01-24 09:00:00,2026,1,24,9,Lâm Đồng,Xã Đam Rông 1,11.9218728,108.1287087,23,Good,0,18.9,72,0.0,6.0,9,904.8,99,5.9,7.3,255.0,2.8,79.0,0.9
2026-01-24 10:00:00,2026,1,24,10,Lâm Đồng,Xã Đam Rông 1,11.9218728,108.1287087,25,Good,0,20.5,67,0.0,9.1,353,905.0,100,5.1,6.4,251.0,1.1,93.0,0.8
2026-01-24 11:00:00,2026,1,24,11,Lâm Đồng,Xã Đam Rông 1,11.9218728,108.1287087,27,Good,0,21.9,60,0.0,10.4,352,904.9,98,4.6,5.8,243.0,0.6,97.0,0.7
2026-01-24 12:00:00,2026,1,24,12,Lâm Đồng,Xã Đam Rông 1,11.9218728,108.1287087,30,Good,0,21.7,63,0.2,12.4,346,904.0,98,4.5,5.8,232.0,0.7,96.0,0.6
2026-01-24 13:00:00,2026,1,24,13,Lâm Đồng,Xã Đam Rông 1,11.9218728,108.1287087,32,Good,0,22.8,53,0.0,12.4,347,903.5,84,4.7,6.2,225.0,0.8,95.0,0.6
2026-01-24 14:00:00,2026,1,24,14,Lâm Đồng,Xã Đam Rông 1,11.9218728,108.1287087,35,Good,0,23.2,49,0.0,10.2,351,902.4,42,5.0,6.4,222.0,0.7,96.0,0.5
2026-01-24 15:00:00,2026,1,24,15,Lâm Đồng,Xã Đam Rông 1,11.9218728,108.1287087,38,Good,0,22.9,52,0.0,13.7,333,902.0,63,5.3,6.8,222.0,0.7,96.0,0.5
2026-01-24 16:00:00,2026,1,24,16,Lâm Đồng,Xã Đam Rông 1,11.9218728,108.1287087,41,Good,0,20.7,60,0.0,15.9,344,901.9,57,5.4,6.9,227.0,1.1,94.0,0.6
2026-01-24 17:00:00,2026,1,24,17,Lâm Đồng,Xã Đam Rông 1,11.9218728,108.1287087,43,Good,0,19.6,65,0.0,12.1,359,901.7,14,5.4,6.5,241.0,2.2,87.0,0.9
2026-01-24 18:00:00,2026,1,24,18,Lâm Đồng,Xã Đam Rông 1,11.9218728,108.1287087,44,Good,0,17.7,75,0.0,9.7,359,901.4,45,5.6,6.4,261.0,3.6,78.0,1.3
2026-01-24 19:00:00,2026,1,24,19,Lâm Đồng,Xã Đam Rông 1,11.9218728,108.1287087,43,Good,0,15.8,87,0.0,6.4,8,901.0,26,7.1,8.2,279.0,4.5,71.0,1.6
2026-01-24 20:00:00,2026,1,24,20,Lâm Đồng,Xã Đam Rông 1,11.9218728,108.1287087,41,Good,0,15.5,89,0.0,7.4,43,901.1,7,6.9,7.9,296.0,5.3,65.0,1.7
2026-01-24 21:00:00,2026,1,24,21,Lâm Đồng,Xã Đam Rông 1,11.9218728,108.1287087,40,Good,0,15.1,91,0.0,4.7,50,900.9,10,7.3,8.3,312.0,6.4,58.0,1.8
2026-01-24 22:00:00,2026,1,24,22,Lâm Đồng,Xã Đam Rông 1,11.9218728,108.1287087,37,Good,0,14.5,92,0.0,4.9,51,900.7,5,8.0,9.0,316.0,7.5,51.0,1.8
2026-01-24 23:00:00,2026,1,24,23,Lâm Đồng,Xã Đam Rông 1,11.9218728,108.1287087,35,Good,0,13.7,94,0.0,6.0,73,900.4,2,8.6,9.7,301.0,8.5,47.0,1.6
2026-01-25 00:00:00,2026,1,25,0,Lâm Đồng,Xã Đam Rông 1,11.9218728,108.1287087,32,Good,0,13.1,94,0.0,5.2,84,899.7,7,8.9,10.0,274.0,9.4,44.0,1.4
2026-01-25 01:00:00,2026,1,25,1,Lâm Đồng,Xã Đam Rông 1,11.9218728,108.1287087,29,Good,0,12.7,94,0.0,3.9,77,899.2,9,9.7,10.8,252.0,9.9,41.0,1.1
2026-01-25 02:00:00,2026,1,25,2,Lâm Đồng,Xã Đam Rông 1,11.9218728,108.1287087,27,Good,0,12.6,90,0.0,3.6,72,899.0,32,10.6,11.4,238.0,9.8,39.0,0.9
2026-01-25 03:00:00,2026,1,25,3,Lâm Đồng,Xã Đam Rông 1,11.9218728,108.1287087,28,Good,0,12.4,89,0.0,3.8,82,898.4,88,11.0,11.8,227.0,9.3,37.0,0.7
2026-01-25 04:00:00,2026,1,25,4,Lâm Đồng,Xã Đam Rông 1,11.9218728,108.1287087,29,Good,0,12.3,88,0.0,3.8,90,898.1,71,11.1,11.9,226.0,8.8,36.0,0.6
2026-01-25 05:00:00,2026,1,25,5,Lâm Đồng,Xã Đam Rông 1,11.9218728,108.1287087,30,Good,0,12.3,85,0.0,3.4,90,898.6,96,11.0,11.7,241.0,8.5,33.0,0.6
2026-01-25 06:00:00,2026,1,25,6,Lâm Đồng,Xã Đam Rông 1,11.9218728,108.1287087,31,Good,0,12.4,84,0.0,3.1,77,899.1,98,10.9,11.6,265.0,8.2,29.0,0.8
2026-01-25 07:00:00,2026,1,25,7,Lâm Đồng,Xã Đam Rông 1,11.9218728,108.1287087,31,Good,0,14.3,87,0.0,4.7,58,900.2,95,13.8,14.6,279.0,7.2,32.0,0.6
2026-01-25 08:00:00,2026,1,25,8,Lâm Đồng,Xã Đam Rông 1,11.9218728,108.1287087,32,Good,0,17.4,73,0.0,4.8,22,902.2,96,11.9,12.5,272.0,5.4,53.0,0.7
2026-01-25 09:00:00,2026,1,25,9,Lâm Đồng,Xã Đam Rông 1,11.9218728,108.1287087,33,Good,0,19.6,59,0.0,6.0,5,903.4,100,8.6,9.9,255.0,2.9,81.0,0.8
2026-01-25 10:00:00,2026,1,25,10,Lâm Đồng,Xã Đam Rông 1,11.9218728,108.1287087,33,Good,0,21.1,47,0.0,8.6,352,903.8,100,8.0,9.5,240.0,1.1,102.0,0.9
2026-01-25 11:00:00,2026,1,25,11,Lâm Đồng,Xã Đam Rông 1,11.9218728,108.1287087,34,Good,0,22.0,42,0.0,9.4,340,903.8,99,8.4,9.7,231.0,0.5,108.0,0.9
2026-01-25 12:00:00,2026,1,25,12,Lâm Đồng,Xã Đam Rông 1,11.9218728,108.1287087,34,Good,0,22.7,41,0.0,9.4,325,903.3,100,8.5,9.7,225.0,0.5,107.0,0.8
2026-01-25 13:00:00,2026,1,25,13,Lâm Đồng,Xã Đam Rông 1,11.9218728,108.1287087,35,Good,0,23.6,40,0.0,11.8,306,902.6,99,8.6,9.7,219.0,0.6,106.0,0.7
2026-01-25 14:00:00,2026,1,25,14,Lâm Đồng,Xã Đam Rông 1,11.9218728,108.1287087,36,Good,0,22.9,42,0.0,12.2,298,901.6,100,8.7,9.7,212.0,0.4,108.0,0.6
2026-01-25 15:00:00,2026,1,25,15,Lâm Đồng,Xã Đam Rông 1,11.9218728,108.1287087,40,Good,0,22.7,43,0.0,10.2,296,901.4,97,8.8,9.8,205.0,0.3,109.0,0.6
2026-01-25 16:00:00,2026,1,25,16,Lâm Đồng,Xã Đam Rông 1,11.9218728,108.1287087,45,Good,0,22.4,44,0.0,7.4,321,901.3,17,9.0,10.0,208.0,1.1,105.0,0.8
2026-01-25 17:00:00,2026,1,25,17,Lâm Đồng,Xã Đam Rông 1,11.9218728,108.1287087,48,Good,0,21.3,51,0.0,6.2,353,901.0,1,9.5,10.2,228.0,3.7,93.0,1.4
2026-01-25 18:00:00,2026,1,25,18,Lâm Đồng,Xã Đam Rông 1,11.9218728,108.1287087,49,Good,0,17.8,67,0.0,7.6,22,900.2,3,10.2,10.8,256.0,7.2,76.0,2.2
2026-01-25 19:00:00,2026,1,25,19,Lâm Đồng,Xã Đam Rông 1,11.9218728,108.1287087,47,Good,0,16.4,75,0.0,7.3,40,900.3,0,15.8,16.8,278.0,11.9,61.0,3.3
2026-01-25 20:00:00,2026,1,25,20,Lâm Đồng,Xã Đam Rông 1,11.9218728,108.1287087,44,Good,0,15.4,78,0.0,5.7,66,900.6,0,15.8,16.7,285.0,12.7,55.0,3.4
2026-01-25 21:00:00,2026,1,25,21,Lâm Đồng,Xã Đam Rông 1,11.9218728,108.1287087,42,Good,0,14.7,81,0.0,4.3,95,900.6,1,15.6,16.5,286.0,13.8,46.0,3.6
2026-01-25 22:00:00,2026,1,25,22,Lâm Đồng,Xã Đam Rông 1,11.9218728,108.1287087,44,Good,0,14.2,84,0.0,1.7,108,900.6,0,15.5,16.3,283.0,14.6,39.0,3.5
2026-01-25 23:00:00,2026,1,25,23,Lâm Đồng,Xã Đam Rông 1,11.9218728,108.1287087,45,Good,0,14.3,83,0.0,1.1,90,900.8,5,15.8,16.5,278.0,14.9,34.0,3.0
2026-01-26 00:00:00,2026,1,26,0,Lâm Đồng,Xã Đam Rông 1,11.9218728,108.1287087,46,Good,0,14.2,83,0.0,2.4,73,900.4,0,15.7,16.3,270.0,14.9,31.0,2.4
2026-01-26 01:00:00,2026,1,26,1,Lâm Đồng,Xã Đam Rông 1,11.9218728,108.1287087,47,Good,0,13.6,88,0.0,4.0,63,900.0,0,15.8,16.4,264.0,14.6,28.0,1.8
2026-01-26 02:00:00,2026,1,26,2,Lâm Đồng,Xã Đam Rông 1,11.9218728,108.1287087,48,Good,0,13.2,88,0.0,4.0,72,899.3,1,15.9,16.5,262.0,13.7,26.0,1.4
2026-01-26 03:00:00,2026,1,26,3,Lâm Đồng,Xã Đam Rông 1,11.9218728,108.1287087,49,Good,0,13.1,87,0.0,4.4,55,898.9,4,16.1,16.6,261.0,12.5,26.0,1.0
2026-01-26 04:00:00,2026,1,26,4,Lâm Đồng,Xã Đam Rông 1,11.9218728,108.1287087,50,Good,0,12.7,88,0.0,4.2,54,898.9,4,15.9,16.5,262.0,11.3,26.0,0.8
2026-01-26 05:00:00,2026,1,26,5,Lâm Đồng,Xã Đam Rông 1,11.9218728,108.1287087,51,Moderate,1,12.8,89,0.0,3.8,65,899.3,4,15.2,15.7,267.0,10.3,25.0,0.7
2026-01-26 06:00:00,2026,1,26,6,Lâm Đồng,Xã Đam Rông 1,11.9218728,108.1287087,51,Moderate,1,12.5,89,0.0,3.6,72,899.4,55,14.4,14.9,273.0,9.3,24.0,0.7
2026-01-26 07:00:00,2026,1,26,7,Lâm Đồng,Xã Đam Rông 1,11.9218728,108.1287087,51,Moderate,1,14.7,82,0.0,3.9,68,900.6,9,20.9,21.9,273.0,7.7,32.0,0.6
2026-01-26 08:00:00,2026,1,26,8,Lâm Đồng,Xã Đam Rông 1,11.9218728,108.1287087,52,Moderate,1,17.8,71,0.0,3.3,77,902.7,3,17.0,18.0,259.0,5.8,53.0,0.7
2026-01-26 09:00:00,2026,1,26,9,Lâm Đồng,Xã Đam Rông 1,11.9218728,108.1287087,52,Moderate,1,20.1,58,0.0,2.5,60,903.7,0,13.9,15.4,239.0,3.2,81.0,0.9
2026-01-26 10:00:00,2026,1,26,10,Lâm Đồng,Xã Đam Rông 1,11.9218728,108.1287087,53,Moderate,1,21.6,54,0.0,1.6,354,903.8,0,12.8,14.4,223.0,1.2,103.0,1.0
2026-01-26 11:00:00,2026,1,26,11,Lâm Đồng,Xã Đam Rông 1,11.9218728,108.1287087,53,Moderate,1,22.9,50,0.0,2.2,336,903.8,0,12.0,13.5,218.0,0.6,111.0,1.1
2026-01-26 12:00:00,2026,1,26,12,Lâm Đồng,Xã Đam Rông 1,11.9218728,108.1287087,53,Moderate,1,24.1,48,0.0,2.2,312,902.9,9,11.4,12.9,217.0,0.6,113.0,1.1
2026-01-26 13:00:00,2026,1,26,13,Lâm Đồng,Xã Đam Rông 1,11.9218728,108.1287087,54,Moderate,1,25.1,44,0.0,5.2,335,902.2,80,11.1,12.5,216.0,0.8,113.0,1.1
2026-01-26 14:00:00,2026,1,26,14,Lâm Đồng,Xã Đam Rông 1,11.9218728,108.1287087,54,Moderate,1,24.6,48,0.0,8.7,330,901.3,89,10.8,12.1,208.0,0.6,115.0,1.1
2026-01-26 15:00:00,2026,1,26,15,Lâm Đồng,Xã Đam Rông 1,11.9218728,108.1287087,54,Moderate,1,24.2,51,0.0,12.5,323,900.9,82,10.6,11.8,199.0,0.6,115.0,1.1
2026-01-26 16:00:00,2026,1,26,16,Lâm Đồng,Xã Đam Rông 1,11.9218728,108.1287087,54,Moderate,1,22.3,56,0.0,15.5,332,900.8,100,10.4,11.5,200.0,1.2,110.0,1.2
2026-01-26 17:00:00,2026,1,26,17,Lâm Đồng,Xã Đam Rông 1,11.9218728,108.1287087,54,Moderate,1,19.9,66,0.0,12.8,4,900.8,9,10.2,11.0,216.0,3.1,97.0,1.6
2026-01-26 18:00:00,2026,1,26,18,Lâm Đồng,Xã Đam Rông 1,11.9218728,108.1287087,55,Moderate,1,17.7,76,0.0,8.6,33,900.2,13,10.6,11.2,242.0,5.7,80.0,2.0
2026-01-26 19:00:00,2026,1,26,19,Lâm Đồng,Xã Đam Rông 1,11.9218728,108.1287087,55,Moderate,1,16.9,81,0.0,6.3,7,900.9,51,10.7,10.9,268.0,10.3,64.0,2.9
2026-01-26 20:00:00,2026,1,26,20,Lâm Đồng,Xã Đam Rông 1,11.9218728,108.1287087,54,Moderate,1,15.7,89,0.0,4.6,48,901.2,50,9.9,10.3,297.0,10.3,59.0,2.8
2026-01-26 21:00:00,2026,1,26,21,Lâm Đồng,Xã Đam Rông 1,11.9218728,108.1287087,54,Moderate,1,15.4,91,0.0,3.5,69,901.1,18,9.7,10.2,326.0,10.3,52.0,2.6
2026-01-26 22:00:00,2026,1,26,22,Lâm Đồng,Xã Đam Rông 1,11.9218728,108.1287087,53,Moderate,1,14.7,93,0.0,3.2,71,901.2,11,10.5,11.0,337.0,10.5,46.0,2.4
2026-01-26 23:00:00,2026,1,26,23,Lâm Đồng,Xã Đam Rông 1,11.9218728,108.1287087,53,Moderate,1,14.3,95,0.0,4.4,69,900.9,1,11.3,11.8,318.0,11.0,42.0,2.2
2026-01-27 00:00:00,2026,1,27,0,Lâm Đồng,Xã Đam Rông 1,11.9218728,108.1287087,52,Moderate,1,13.9,96,0.0,5.3,98,900.3,2,12.0,12.6,281.0,11.5,39.0,1.9
2026-01-27 01:00:00,2026,1,27,1,Lâm Đồng,Xã Đam Rông 1,11.9218728,108.1287087,52,Moderate,1,13.6,97,0.0,4.8,105,899.4,0,12.9,13.5,250.0,12.0,36.0,1.7
2026-01-27 02:00:00,2026,1,27,2,Lâm Đồng,Xã Đam Rông 1,11.9218728,108.1287087,52,Moderate,1,13.3,96,0.0,3.1,97,899.2,0,13.5,14.1,230.0,12.3,32.0,1.4
2026-01-27 03:00:00,2026,1,27,3,Lâm Đồng,Xã Đam Rông 1,11.9218728,108.1287087,51,Moderate,1,13.2,93,0.0,2.7,86,899.1,0,15.0,15.4,215.0,12.4,28.0,1.1
2026-01-27 04:00:00,2026,1,27,4,Lâm Đồng,Xã Đam Rông 1,11.9218728,108.1287087,51,Moderate,1,13.1,92,0.0,3.1,97,899.1,0,15.8,16.2,210.0,12.2,26.0,0.9
2026-01-27 05:00:00,2026,1,27,5,Lâm Đồng,Xã Đam Rông 1,11.9218728,108.1287087,51,Moderate,1,13.0,90,0.0,2.8,105,899.3,9,16.0,16.4,225.0,11.7,24.0,0.9
2026-01-27 06:00:00,2026,1,27,6,Lâm Đồng,Xã Đam Rông 1,11.9218728,108.1287087,51,Moderate,1,13.4,87,0.0,2.9,112,900.1,14,16.0,16.3,250.0,11.0,23.0,1.1
2026-01-27 07:00:00,2026,1,27,7,Lâm Đồng,Xã Đam Rông 1,11.9218728,108.1287087,52,Moderate,1,16.2,81,0.0,1.6,63,901.7,91,22.5,23.4,263.0,9.9,31.0,0.9
2026-01-27 08:00:00,2026,1,27,8,Lâm Đồng,Xã Đam Rông 1,11.9218728,108.1287087,52,Moderate,1,18.3,71,0.0,2.4,27,903.5,56,20.8,21.4,250.0,7.4,54.0,1.1
2026-01-27 09:00:00,2026,1,27,9,Lâm Đồng,Xã Đam Rông 1,11.9218728,108.1287087,52,Moderate,1,20.5,61,0.0,1.9,343,904.6,75,13.7,14.8,224.0,3.9,86.0,1.3
2026-01-27 10:00:00,2026,1,27,10,Lâm Đồng,Xã Đam Rông 1,11.9218728,108.1287087,52,Moderate,1,22.0,54,0.0,5.4,320,904.7,79,12.0,13.2,202.0,1.4,110.0,1.4
2026-01-27 11:00:00,2026,1,27,11,Lâm Đồng,Xã Đam Rông 1,11.9218728,108.1287087,52,Moderate,1,23.0,51,0.0,8.0,326,904.3,86,11.1,12.3,191.0,0.6,118.0,1.4
2026-01-27 12:00:00,2026,1,27,12,Lâm Đồng,Xã Đam Rông 1,11.9218728,108.1287087,52,Moderate,1,23.8,46,0.0,9.3,328,903.7,34,10.8,12.0,185.0,0.8,118.0,1.3
2026-01-27 13:00:00,2026,1,27,13,Lâm Đồng,Xã Đam Rông 1,11.9218728,108.1287087,52,Moderate,1,25.0,42,0.0,11.3,313,903.0,57,10.9,12.1,181.0,1.0,117.0,1.2
2026-01-27 14:00:00,2026,1,27,14,Lâm Đồng,Xã Đam Rông 1,11.9218728,108.1287087,52,Moderate,1,24.2,44,0.0,13.2,315,902.1,27,11.2,12.4,180.0,0.9,118.0,1.2
2026-01-27 15:00:00,2026,1,27,15,Lâm Đồng,Xã Đam Rông 1,11.9218728,108.1287087,52,Moderate,1,23.9,46,0.0,13.5,326,901.9,22,11.4,12.5,181.0,0.9,117.0,1.3
2026-01-27 16:00:00,2026,1,27,16,Lâm Đồng,Xã Đam Rông 1,11.9218728,108.1287087,52,Moderate,1,23.1,50,0.0,12.4,347,901.6,9,11.0,12.0,187.0,1.6,112.0,1.4
2026-01-27 17:00:00,2026,1,27,17,Lâm Đồng,Xã Đam Rông 1,11.9218728,108.1287087,57,Moderate,1,21.4,60,0.0,10.9,8,901.5,5,10.0,10.6,198.0,3.4,99.0,1.7
2026-01-27 18:00:00,2026,1,27,18,Lâm Đồng,Xã Đam Rông 1,11.9218728,108.1287087,60,Moderate,1,18.4,72,0.0,8.2,14,901.0,2,9.6,10.0,213.0,5.7,82.0,2.1
2026-01-27 19:00:00,2026,1,27,19,Lâm Đồng,Xã Đam Rông 1,11.9218728,108.1287087,54,Moderate,1,17.0,81,0.0,5.2,14,901.0,20,8.0,8.2,233.0,9.1,66.0,2.8
2026-01-27 20:00:00,2026,1,27,20,Lâm Đồng,Xã Đam Rông 1,11.9218728,108.1287087,52,Moderate,1,16.2,85,0.0,3.6,53,901.5,0,8.3,8.5,267.0,9.7,59.0,2.8
2026-01-27 21:00:00,2026,1,27,21,Lâm Đồng,Xã Đam Rông 1,11.9218728,108.1287087,51,Moderate,1,15.8,87,0.0,3.7,79,901.4,0,8.7,8.9,306.0,10.5,50.0,2.9
2026-01-27 22:00:00,2026,1,27,22,Lâm Đồng,Xã Đam Rông 1,11.9218728,108.1287087,51,Moderate,1,15.3,89,0.0,3.5,66,901.4,1,9.2,9.5,325.0,11.1,43.0,2.8
2026-01-27 23:00:00,2026,1,27,23,Lâm Đồng,Xã Đam Rông 1,11.9218728,108.1287087,51,Moderate,1,14.7,91,0.0,3.7,79,900.8,2,9.5,9.7,307.0,11.3,40.0,2.5
2026-01-28 00:00:00,2026,1,28,0,Lâm Đồng,Xã Đam Rông 1,11.9218728,108.1287087,51,Moderate,1,14.4,92,0.0,4.4,69,900.4,9,9.4,9.7,269.0,11.2,38.0,2.2
2026-01-28 01:00:00,2026,1,28,1,Lâm Đồng,Xã Đam Rông 1,11.9218728,108.1287087,51,Moderate,1,13.9,93,0.0,5.4,40,899.7,0,9.5,9.9,234.0,11.1,37.0,1.8
2026-01-28 02:00:00,2026,1,28,2,Lâm Đồng,Xã Đam Rông 1,11.9218728,108.1287087,51,Moderate,1,13.5,89,0.0,4.9,39,899.0,5,9.4,9.9,207.0,11.0,36.0,1.5
2026-01-28 03:00:00,2026,1,28,3,Lâm Đồng,Xã Đam Rông 1,11.9218728,108.1287087,50,Good,0,13.0,88,0.0,4.3,42,898.3,0,10.3,10.7,183.0,10.8,36.0,1.1
2026-01-28 04:00:00,2026,1,28,4,Lâm Đồng,Xã Đam Rông 1,11.9218728,108.1287087,49,Good,0,12.6,87,0.0,4.1,52,897.8,0,10.8,11.3,172.0,10.5,36.0,0.9
2026-01-28 05:00:00,2026,1,28,5,Lâm Đồng,Xã Đam Rông 1,11.9218728,108.1287087,49,Good,0,12.4,84,0.0,3.2,71,898.1,0,11.0,11.4,185.0,10.2,33.0,0.8
2026-01-28 06:00:00,2026,1,28,6,Lâm Đồng,Xã Đam Rông 1,11.9218728,108.1287087,48,Good,0,12.0,83,0.0,2.5,86,898.7,9,11.1,11.6,212.0,9.7,30.0,0.8
2026-01-28 07:00:00,2026,1,28,7,Lâm Đồng,Xã Đam Rông 1,11.9218728,108.1287087,47,Good,0,14.1,75,0.0,4.5,97,900.5,27,12.6,13.3,228.0,8.6,39.0,1.4
2026-01-28 08:00:00,2026,1,28,8,Lâm Đồng,Xã Đam Rông 1,11.9218728,108.1287087,45,Good,0,18.0,60,0.0,3.5,102,902.8,31,9.5,10.0,223.0,6.4,54.0,1.3
2026-01-28 09:00:00,2026,1,28,9,Lâm Đồng,Xã Đam Rông 1,11.9218728,108.1287087,43,Good,0,20.2,54,0.0,2.7,356,903.7,16,6.4,7.4,207.0,3.4,75.0,1.1
2026-01-28 10:00:00,2026,1,28,10,Lâm Đồng,Xã Đam Rông 1,11.9218728,108.1287087,42,Good,0,21.4,57,0.0,7.2,338,903.8,0,5.1,6.3,193.0,1.2,90.0,1.0
2026-01-28 11:00:00,2026,1,28,11,Lâm Đồng,Xã Đam Rông 1,11.9218728,108.1287087,41,Good,0,22.7,60,0.0,8.2,331,903.9,23,4.7,5.7,182.0,0.5,95.0,0.9
2026-01-28 12:00:00,2026,1,28,12,Lâm Đồng,Xã Đam Rông 1,11.9218728,108.1287087,40,Good,0,23.8,56,0.0,9.6,330,903.4,90,4.6,5.5,173.0,0.6,95.0,0.8
2026-01-28 13:00:00,2026,1,28,13,Lâm Đồng,Xã Đam Rông 1,11.9218728,108.1287087,39,Good,0,24.2,53,0.0,11.3,342,902.6,100,4.6,5.4,166.0,0.8,94.0,0.7
2026-01-28 14:00:00,2026,1,28,14,Lâm Đồng,Xã Đam Rông 1,11.9218728,108.1287087,37,Good,0,24.3,51,0.0,11.1,353,901.5,52,4.8,5.5,163.0,0.8,93.0,0.7
2026-01-28 15:00:00,2026,1,28,15,Lâm Đồng,Xã Đam Rông 1,11.9218728,108.1287087,37,Good,0,23.6,54,0.0,14.1,337,901.0,98,5.0,5.8,163.0,0.9,91.0,0.7
2026-01-28 16:00:00,2026,1,28,16,Lâm Đồng,Xã Đam Rông 1,11.9218728,108.1287087,40,Good,0,21.5,66,0.0,14.5,339,900.6,85,5.0,5.8,168.0,1.2,88.0,0.8
2026-01-28 17:00:00,2026,1,28,17,Lâm Đồng,Xã Đam Rông 1,11.9218728,108.1287087,42,Good,0,20.2,72,0.0,13.2,350,900.5,77,5.1,5.8,178.0,2.0,82.0,1.0
2026-01-28 18:00:00,2026,1,28,18,Lâm Đồng,Xã Đam Rông 1,11.9218728,108.1287087,42,Good,0,18.3,80,0.0,9.9,355,900.3,98,5.3,6.0,193.0,3.0,75.0,1.2
2026-01-28 19:00:00,2026,1,28,19,Lâm Đồng,Xã Đam Rông 1,11.9218728,108.1287087,41,Good,0,17.9,82,0.0,9.2,12,901.1,23,7.5,8.9,211.0,4.1,67.0,1.4
2026-01-28 20:00:00,2026,1,28,20,Lâm Đồng,Xã Đam Rông 1,11.9218728,108.1287087,40,Good,0,17.5,84,0.0,6.2,30,901.7,65,7.2,8.6,236.0,4.7,62.0,1.5
2026-01-28 21:00:00,2026,1,28,21,Lâm Đồng,Xã Đam Rông 1,11.9218728,108.1287087,38,Good,0,16.5,89,0.0,4.8,27,901.7,93,7.2,8.6,264.0,5.5,55.0,1.5
2026-01-28 22:00:00,2026,1,28,22,Lâm Đồng,Xã Đam Rông 1,11.9218728,108.1287087,36,Good,0,15.6,93,0.0,5.0,35,901.5,78,7.7,9.0,281.0,6.4,49.0,1.6
2026-01-28 23:00:00,2026,1,28,23,Lâm Đồng,Xã Đam Rông 1,11.9218728,108.1287087,33,Good,0,15.2,96,0.0,3.7,67,901.4,51,8.1,9.4,278.0,7.5,45.0,1.6
2026-01-29 00:00:00,2026,1,29,0,Lâm Đồng,Xã Đam Rông 1,11.9218728,108.1287087,32,Good,0,15.0,95,0.0,4.1,88,900.9,41,8.5,9.8,264.0,8.8,42.0,1.7
2026-01-29 01:00:00,2026,1,29,1,Lâm Đồng,Xã Đam Rông 1,11.9218728,108.1287087,31,Good,0,14.4,98,0.0,4.4,83,899.9,11,8.8,10.1,246.0,9.7,39.0,1.6
2026-01-29 02:00:00,2026,1,29,2,Lâm Đồng,Xã Đam Rông 1,11.9218728,108.1287087,31,Good,0,13.9,97,0.0,4.5,95,899.2,9,9.4,10.8,223.0,10.2,37.0,1.3
2026-01-29 03:00:00,2026,1,29,3,Lâm Đồng,Xã Đam Rông 1,11.9218728,108.1287087,31,Good,0,13.7,94,0.0,3.6,90,898.9,5,10.5,11.6,197.0,10.3,34.0,0.9
2026-01-29 04:00:00,2026,1,29,4,Lâm Đồng,Xã Đam Rông 1,11.9218728,108.1287087,31,Good,0,13.7,91,0.0,3.4,87,898.7,27,10.6,11.6,182.0,10.2,33.0,0.7
2026-01-29 05:00:00,2026,1,29,5,Lâm Đồng,Xã Đam Rông 1,11.9218728,108.1287087,31,Good,0,13.7,89,0.0,3.8,87,899.0,0,10.4,11.3,190.0,9.8,30.0,0.7
2026-01-29 06:00:00,2026,1,29,6,Lâm Đồng,Xã Đam Rông 1,11.9218728,108.1287087,31,Good,0,13.8,87,0.0,3.6,81,899.4,0,10.1,10.9,209.0,9.2,27.0,0.9
2026-01-29 07:00:00,2026,1,29,7,Lâm Đồng,Xã Đam Rông 1,11.9218728,108.1287087,31,Good,0,15.6,82,0.0,4.8,53,901.0,1,13.3,14.8,221.0,7.9,39.0,1.4
2026-01-29 08:00:00,2026,1,29,8,Lâm Đồng,Xã Đam Rông 1,11.9218728,108.1287087,31,Good,0,18.1,73,0.0,3.9,34,902.7,11,11.3,12.7,215.0,5.9,56.0,1.4
2026-01-29 09:00:00,2026,1,29,9,Lâm Đồng,Xã Đam Rông 1,11.9218728,108.1287087,31,Good,0,20.6,64,0.0,4.4,7,903.7,83,9.2,11.9,201.0,3.2,80.0,1.3
2026-01-29 10:00:00,2026,1,29,10,Lâm Đồng,Xã Đam Rông 1,11.9218728,108.1287087,32,Good,0,22.1,57,0.0,6.9,351,903.8,98,8.6,11.3,189.0,1.2,98.0,1.2
2026-01-29 11:00:00,2026,1,29,11,Lâm Đồng,Xã Đam Rông 1,11.9218728,108.1287087,33,Good,0,23.9,49,0.0,8.1,343,903.9,98,8.2,10.7,183.0,0.5,104.0,1.1
2026-01-29 12:00:00,2026,1,29,12,Lâm Đồng,Xã Đam Rông 1,11.9218728,108.1287087,33,Good,0,24.4,50,0.0,10.5,336,903.0,100,7.9,10.0,179.0,0.6,104.0,0.9
2026-01-29 13:00:00,2026,1,29,13,Lâm Đồng,Xã Đam Rông 1,11.9218728,108.1287087,34,Good,0,23.9,50,0.0,11.1,321,902.0,80,7.8,9.7,176.0,0.7,103.0,0.8
2026-01-29 14:00:00,2026,1,29,14,Lâm Đồng,Xã Đam Rông 1,11.9218728,108.1287087,35,Good,0,24.1,50,0.0,10.4,324,901.4,41,7.8,9.5,171.0,0.5,104.0,0.8
2026-01-29 15:00:00,2026,1,29,15,Lâm Đồng,Xã Đam Rông 1,11.9218728,108.1287087,40,Good,0,24.5,49,0.0,7.5,314,901.0,53,7.7,9.1,167.0,0.4,104.0,0.8
2026-01-29 16:00:00,2026,1,29,16,Lâm Đồng,Xã Đam Rông 1,11.9218728,108.1287087,44,Good,0,23.9,50,0.0,7.3,335,901.0,45,7.7,8.9,174.0,1.1,100.0,1.0
2026-01-29 17:00:00,2026,1,29,17,Lâm Đồng,Xã Đam Rông 1,11.9218728,108.1287087,46,Good,0,22.0,56,0.0,10.7,7,900.9,64,7.5,8.3,201.0,3.2,89.0,1.4
2026-01-29 18:00:00,2026,1,29,18,Lâm Đồng,Xã Đam Rông 1,11.9218728,108.1287087,47,Good,0,19.7,67,0.0,8.2,36,900.7,36,8.1,8.6,239.0,6.1,73.0,2.0
2026-01-29 19:00:00,2026,1,29,19,Lâm Đồng,Xã Đam Rông 1,11.9218728,108.1287087,45,Good,0,19.0,71,0.0,4.5,50,900.9,20,10.6,11.2,271.0,11.4,56.0,3.1
2026-01-29 20:00:00,2026,1,29,20,Lâm Đồng,Xã Đam Rông 1,11.9218728,108.1287087,42,Good,0,17.8,76,0.0,4.0,82,901.5,16,11.2,11.7,293.0,12.6,50.0,3.4
2026-01-29 21:00:00,2026,1,29,21,Lâm Đồng,Xã Đam Rông 1,11.9218728,108.1287087,39,Good,0,17.1,79,0.0,2.4,99,901.3,9,11.8,12.4,309.0,14.3,43.0,3.8
2026-01-29 22:00:00,2026,1,29,22,Lâm Đồng,Xã Đam Rông 1,11.9218728,108.1287087,39,Good,0,16.9,79,0.0,2.3,113,901.7,14,13.1,13.6,312.0,15.6,36.0,3.9
2026-01-29 23:00:00,2026,1,29,23,Lâm Đồng,Xã Đam Rông 1,11.9218728,108.1287087,40,Good,0,16.4,81,0.0,3.7,104,901.7,5,13.9,14.3,295.0,16.3,31.0,3.4
2026-01-30 00:00:00,2026,1,30,0,Lâm Đồng,Xã Đam Rông 1,11.9218728,108.1287087,41,Good,0,15.9,81,0.0,4.3,85,901.1,3,14.3,14.7,266.0,16.5,28.0,2.7
2026-01-30 01:00:00,2026,1,30,1,Lâm Đồng,Xã Đam Rông 1,11.9218728,108.1287087,42,Good,0,15.4,83,0.0,4.0,82,900.5,0,14.9,15.3,242.0,16.2,25.0,2.0
2026-01-30 02:00:00,2026,1,30,2,Lâm Đồng,Xã Đam Rông 1,11.9218728,108.1287087,43,Good,0,15.0,85,0.0,3.6,93,899.8,100,15.4,15.8,227.0,15.0,24.0,1.5
2026-01-30 03:00:00,2026,1,30,3,Lâm Đồng,Xã Đam Rông 1,11.9218728,108.1287087,44,Good,0,14.7,87,0.0,3.4,93,899.5,88,16.0,16.4,217.0,13.3,25.0,1.0
2026-01-30 04:00:00,2026,1,30,4,Lâm Đồng,Xã Đam Rông 1,11.9218728,108.1287087,45,Good,0,14.5,88,0.0,3.4,84,899.6,84,15.8,16.1,218.0,11.8,25.0,0.7
2026-01-30 05:00:00,2026,1,30,5,Lâm Đồng,Xã Đam Rông 1,11.9218728,108.1287087,46,Good,0,14.4,88,0.0,3.5,75,899.9,98,15.3,15.7,241.0,11.1,23.0,0.6
2026-01-30 06:00:00,2026,1,30,6,Lâm Đồng,Xã Đam Rông 1,11.9218728,108.1287087,46,Good,0,14.8,86,0.0,3.2,71,900.6,100,14.8,15.1,274.0,10.5,20.0,0.7
2026-01-30 07:00:00,2026,1,30,7,Lâm Đồng,Xã Đam Rông 1,11.9218728,108.1287087,47,Good,0,15.7,86,0.0,5.4,37,901.6,100,14.1,14.4,289.0,8.6,30.0,0.6
2026-01-30 08:00:00,2026,1,30,8,Lâm Đồng,Xã Đam Rông 1,11.9218728,108.1287087,47,Good,0,18.5,75,0.0,5.0,15,903.4,100,13.0,13.2,269.0,6.4,51.0,0.8
2026-01-30 09:00:00,2026,1,30,9,Lâm Đồng,Xã Đam Rông 1,11.9218728,108.1287087,48,Good,0,20.3,65,0.0,8.3,4,904.3,100,9.0,9.6,230.0,3.4,80.0,1.1
2026-01-30 10:00:00,2026,1,30,10,Lâm Đồng,Xã Đam Rông 1,11.9218728,108.1287087,48,Good,0,22.0,53,0.0,10.6,2,904.7,100,7.1,7.6,201.0,1.2,103.0,1.3
2026-01-30 11:00:00,2026,1,30,11,Lâm Đồng,Xã Đam Rông 1,11.9218728,108.1287087,47,Good,0,23.6,44,0.0,11.9,355,904.4,100,7.6,8.0,191.0,0.5,112.0,1.4
2026-01-30 12:00:00,2026,1,30,12,Lâm Đồng,Xã Đam Rông 1,11.9218728,108.1287087,47,Good,0,24.3,40,0.0,11.7,342,903.7,100,7.9,8.3,190.0,0.7,114.0,1.4
2026-01-30 13:00:00,2026,1,30,13,Lâm Đồng,Xã Đam Rông 1,11.9218728,108.1287087,47,Good,0,24.5,41,0.0,11.4,341,902.9,97,8.1,8.6,191.0,0.9,115.0,1.4
2026-01-30 14:00:00,2026,1,30,14,Lâm Đồng,Xã Đam Rông 1,11.9218728,108.1287087,47,Good,0,24.5,41,0.0,11.3,340,902.1,90,8.1,8.6,189.0,0.7,117.0,1.4
2026-01-30 15:00:00,2026,1,30,15,Lâm Đồng,Xã Đam Rông 1,11.9218728,108.1287087,47,Good,0,24.9,39,0.0,10.8,332,901.8,9,8.0,8.5,190.0,0.5,118.0,1.5
2026-01-30 16:00:00,2026,1,30,16,Lâm Đồng,Xã Đam Rông 1,11.9218728,108.1287087,47,Good,0,24.3,40,0.0,11.7,335,901.7,95,7.8,8.4,198.0,1.3,113.0,1.7
2026-01-30 17:00:00,2026,1,30,17,Lâm Đồng,Xã Đam Rông 1,11.9218728,108.1287087,52,Moderate,1,22.3,48,0.0,9.4,349,901.5,100,8.1,8.6,221.0,3.6,100.0,2.2
2026-01-30 18:00:00,2026,1,30,18,Lâm Đồng,Xã Đam Rông 1,11.9218728,108.1287087,56,Moderate,1,19.3,60,0.0,7.3,17,900.8,94,9.1,9.5,253.0,6.8,82.0,2.8
2026-01-30 19:00:00,2026,1,30,19,Lâm Đồng,Xã Đam Rông 1,11.9218728,108.1287087,52,Moderate,1,17.5,70,0.0,4.2,50,900.8,36,14.8,15.4,278.0,11.2,66.0,3.6
2026-01-30 20:00:00,2026,1,30,20,Lâm Đồng,Xã Đam Rông 1,11.9218728,108.1287087,48,Good,0,16.6,70,0.0,4.1,113,901.3,99,15.8,16.4,291.0,12.5,59.0,3.8
2026-01-30 21:00:00,2026,1,30,21,Lâm Đồng,Xã Đam Rông 1,11.9218728,108.1287087,49,Good,0,16.0,72,0.0,5.8,116,901.2,98,16.8,17.3,298.0,14.4,49.0,4.0
2026-01-30 22:00:00,2026,1,30,22,Lâm Đồng,Xã Đam Rông 1,11.9218728,108.1287087,50,Good,0,15.6,72,0.0,2.7,113,901.1,100,17.9,18.5,298.0,15.8,40.0,4.0
2026-01-30 23:00:00,2026,1,30,23,Lâm Đồng,Xã Đam Rông 1,11.9218728,108.1287087,50,Good,0,15.8,70,0.0,2.6,102,901.4,100,19.0,19.6,291.0,16.6,33.0,3.5
2026-01-31 00:00:00,2026,1,31,0,Lâm Đồng,Xã Đam Rông 1,11.9218728,108.1287087,51,Moderate,1,15.9,68,0.0,3.9,106,901.1,98,19.7,20.2,278.0,16.9,28.0,2.7
2026-01-31 01:00:00,2026,1,31,1,Lâm Đồng,Xã Đam Rông 1,11.9218728,108.1287087,51,Moderate,1,16.8,67,0.0,2.0,90,900.9,100,20.1,20.7,264.0,16.8,24.0,2.1
2026-01-31 02:00:00,2026,1,31,2,Lâm Đồng,Xã Đam Rông 1,11.9218728,108.1287087,52,Moderate,1,16.5,70,0.0,1.6,63,900.3,98,20.5,21.0,247.0,15.9,22.0,1.7
2026-01-31 03:00:00,2026,1,31,3,Lâm Đồng,Xã Đam Rông 1,11.9218728,108.1287087,52,Moderate,1,15.9,74,0.0,1.8,53,899.7,21,20.8,21.4,229.0,14.5,23.0,1.5
2026-01-31 04:00:00,2026,1,31,4,Lâm Đồng,Xã Đam Rông 1,11.9218728,108.1287087,53,Moderate,1,15.4,77,0.0,1.4,50,899.6,15,20.7,21.2,223.0,13.2,24.0,1.3
2026-01-31 05:00:00,2026,1,31,5,Lâm Đồng,Xã Đam Rông 1,11.9218728,108.1287087,53,Moderate,1,14.8,80,0.0,2.2,55,899.7,63,19.9,20.5,241.0,12.3,25.0,1.3
2026-01-31 06:00:00,2026,1,31,6,Lâm Đồng,Xã Đam Rông 1,11.9218728,108.1287087,54,Moderate,1,14.6,81,0.0,2.7,62,900.3,98,18.9,19.6,272.0,11.5,27.0,1.4
2026-01-31 07:00:00,2026,1,31,7,Lâm Đồng,Xã Đam Rông 1,11.9218728,108.1287087,54,Moderate,1,16.3,80,0.0,3.1,45,901.7,82,25.7,27.0,287.0,8.9,35.0,1.1
2026-01-31 08:00:00,2026,1,31,8,Lâm Đồng,Xã Đam Rông 1,11.9218728,108.1287087,55,Moderate,1,19.4,65,0.0,4.2,31,903.5,70,22.8,24.3,272.0,6.6,57.0,1.2
2026-01-31 09:00:00,2026,1,31,9,Lâm Đồng,Xã Đam Rông 1,11.9218728,108.1287087,56,Moderate,1,21.5,52,0.0,7.3,16,904.6,83,18.8,21.9,242.0,3.5,88.0,1.5
2026-01-31 10:00:00,2026,1,31,10,Lâm Đồng,Xã Đam Rông 1,11.9218728,108.1287087,57,Moderate,1,23.0,44,0.0,11.0,4,904.8,100,18.0,20.7,218.0,1.2,110.0,1.6
2026-01-31 11:00:00,2026,1,31,11,Lâm Đồng,Xã Đam Rông 1,11.9218728,108.1287087,58,Moderate,1,23.9,41,0.0,13.3,357,904.6,100,17.3,19.5,209.0,0.5,117.0,1.7
2026-01-31 12:00:00,2026,1,31,12,Lâm Đồng,Xã Đam Rông 1,11.9218728,108.1287087,59,Moderate,1,24.4,41,0.0,14.2,352,904.0,100,17.3,19.4,207.0,0.5,115.0,1.7
2026-01-31 13:00:00,2026,1,31,13,Lâm Đồng,Xã Đam Rông 1,11.9218728,108.1287087,59,Moderate,1,24.6,46,0.0,14.3,355,903.5,100,17.2,19.3,208.0,0.7,113.0,1.6
2026-01-31 14:00:00,2026,1,31,14,Lâm Đồng,Xã Đam Rông 1,11.9218728,108.1287087,60,Moderate,1,23.8,48,0.0,14.3,349,902.6,100,16.9,19.1,210.0,0.6,112.0,1.4
2026-01-31 15:00:00,2026,1,31,15,Lâm Đồng,Xã Đam Rông 1,11.9218728,108.1287087,61,Moderate,1,22.6,53,0.0,15.9,344,901.9,93,16.3,18.5,215.0,0.7,110.0,1.2
2026-01-31 16:00:00,2026,1,31,16,Lâm Đồng,Xã Đam Rông 1,11.9218728,108.1287087,62,Moderate,1,21.9,55,0.0,14.8,351,901.7,32,15.5,17.6,224.0,1.1,106.0,1.1
2026-01-31 17:00:00,2026,1,31,17,Lâm Đồng,Xã Đam Rông 1,11.9218728,108.1287087,62,Moderate,1,20.3,61,0.0,13.5,357,901.6,10,14.8,16.5,243.0,2.1,97.0,1.2
2026-01-31 18:00:00,2026,1,31,18,Lâm Đồng,Xã Đam Rông 1,11.9218728,108.1287087,63,Moderate,1,18.4,73,0.0,9.4,358,901.3,5,14.1,15.5,267.0,3.5,86.0,1.5
2026-01-31 19:00:00,2026,1,31,19,Lâm Đồng,Xã Đam Rông 1,11.9218728,108.1287087,63,Moderate,1,17.1,87,0.0,9.2,358,901.2,1,10.6,11.3,282.0,4.9,76.0,1.7
2026-01-31 20:00:00,2026,1,31,20,Lâm Đồng,Xã Đam Rông 1,11.9218728,108.1287087,63,Moderate,1,16.4,91,0.0,8.4,28,901.6,8,10.5,11.5,283.0,5.4,70.0,1.7
2026-01-31 21:00:00,2026,1,31,21,Lâm Đồng,Xã Đam Rông 1,11.9218728,108.1287087,63,Moderate,1,15.5,90,0.0,6.6,45,901.4,4,10.3,11.4,275.0,6.1,62.0,1.8
2026-01-31 22:00:00,2026,1,31,22,Lâm Đồng,Xã Đam Rông 1,11.9218728,108.1287087,62,Moderate,1,14.5,87,0.0,5.9,43,901.1,0,10.0,11.1,264.0,6.7,55.0,1.8
2026-01-31 23:00:00,2026,1,31,23,Lâm Đồng,Xã Đam Rông 1,11.9218728,108.1287087,61,Moderate,1,13.9,76,0.0,6.5,58,900.8,52,9.6,11.0,250.0,7.1,51.0,1.7
2026-02-01 00:00:00,2026,2,1,0,Lâm Đồng,Xã Đam Rông 1,11.9218728,108.1287087,60,Moderate,1,13.5,74,0.0,6.6,68,900.4,78,9.1,10.6,233.0,7.3,49.0,1.6
2026-02-01 01:00:00,2026,2,1,1,Lâm Đồng,Xã Đam Rông 1,11.9218728,108.1287087,60,Moderate,1,12.9,78,0.0,6.2,57,899.9,94,8.5,10.2,218.0,7.5,47.0,1.4
2026-02-01 02:00:00,2026,2,1,2,Lâm Đồng,Xã Đam Rông 1,11.9218728,108.1287087,59,Moderate,1,12.2,82,0.0,5.3,57,898.9,100,8.0,9.8,203.0,7.5,45.0,1.2
2026-02-01 03:00:00,2026,2,1,3,Lâm Đồng,Xã Đam Rông 1,11.9218728,108.1287087,57,Moderate,1,11.8,85,0.0,4.5,67,898.4,94,7.5,9.3,189.0,7.4,43.0,1.1
2026-02-01 04:00:00,2026,2,1,4,Lâm Đồng,Xã Đam Rông 1,11.9218728,108.1287087,56,Moderate,1,11.5,85,0.0,4.0,93,897.9,100,7.2,8.9,185.0,7.3,42.0,1.0
2026-02-01 05:00:00,2026,2,1,5,Lâm Đồng,Xã Đam Rông 1,11.9218728,108.1287087,55,Moderate,1,11.2,85,0.0,3.5,111,898.1,77,7.0,8.6,201.0,7.7,40.0,1.1
2026-02-01 06:00:00,2026,2,1,6,Lâm Đồng,Xã Đam Rông 1,11.9218728,108.1287087,54,Moderate,1,10.7,86,0.0,2.8,117,898.5,99,6.9,8.3,227.0,8.1,38.0,1.2
2026-02-01 07:00:00,2026,2,1,7,Lâm Đồng,Xã Đam Rông 1,11.9218728,108.1287087,53,Moderate,1,13.5,78,0.0,3.6,84,900.7,95,11.7,14.0,242.0,7.4,42.0,1.4
2026-02-01 08:00:00,2026,2,1,8,Lâm Đồng,Xã Đam Rông 1,11.9218728,108.1287087,52,Moderate,1,17.6,61,0.0,3.7,23,903.2,96,9.3,11.3,237.0,5.6,57.0,1.3
2026-02-01 09:00:00,2026,2,1,9,Lâm Đồng,Xã Đam Rông 1,11.9218728,108.1287087,50,Good,0,19.6,53,0.0,4.3,2,904.2,93,6.7,9.5,221.0,3.0,77.0,1.1
2026-02-01 10:00:00,2026,2,1,10,Lâm Đồng,Xã Đam Rông 1,11.9218728,108.1287087,49,Good,0,21.1,54,0.0,6.2,353,904.3,100,5.9,8.6,206.0,1.1,92.0,1.0
2026-02-01 11:00:00,2026,2,1,11,Lâm Đồng,Xã Đam Rông 1,11.9218728,108.1287087,47,Good,0,22.2,56,0.0,7.7,348,904.3,100,5.3,7.9,196.0,0.5,97.0,0.9
2026-02-01 12:00:00,2026,2,1,12,Lâm Đồng,Xã Đam Rông 1,11.9218728,108.1287087,44,Good,0,23.8,52,0.0,8.4,350,903.7,44,4.8,7.3,187.0,0.5,98.0,0.8
2026-02-01 13:00:00,2026,2,1,13,Lâm Đồng,Xã Đam Rông 1,11.9218728,108.1287087,42,Good,0,24.1,52,0.0,11.9,329,903.4,100,4.6,7.1,180.0,0.6,97.0,0.7
2026-02-01 14:00:00,2026,2,1,14,Lâm Đồng,Xã Đam Rông 1,11.9218728,108.1287087,40,Good,0,23.4,52,0.0,11.4,334,902.4,98,4.6,6.9,172.0,0.6,96.0,0.7
2026-02-01 15:00:00,2026,2,1,15,Lâm Đồng,Xã Đam Rông 1,11.9218728,108.1287087,38,Good,0,24.0,44,0.0,12.1,345,902.0,95,4.4,6.5,166.0,0.8,94.0,0.6
2026-02-01 16:00:00,2026,2,1,16,Lâm Đồng,Xã Đam Rông 1,11.9218728,108.1287087,41,Good,0,21.8,65,0.0,17.5,348,901.6,90,4.3,5.9,166.0,1.1,91.0,0.7
2026-02-01 17:00:00,2026,2,1,17,Lâm Đồng,Xã Đam Rông 1,11.9218728,108.1287087,43,Good,0,21.1,69,0.0,13.8,349,901.5,100,4.7,5.7,177.0,1.8,86.0,0.9
2026-02-01 18:00:00,2026,2,1,18,Lâm Đồng,Xã Đam Rông 1,11.9218728,108.1287087,44,Good,0,18.8,79,0.0,11.7,356,901.1,97,5.3,6.1,196.0,2.8,79.0,1.2
2026-02-01 19:00:00,2026,2,1,19,Lâm Đồng,Xã Đam Rông 1,11.9218728,108.1287087,43,Good,0,17.8,82,0.0,11.1,20,901.4,100,4.6,4.7,213.0,4.3,69.0,1.6
2026-02-01 20:00:00,2026,2,1,20,Lâm Đồng,Xã Đam Rông 1,11.9218728,108.1287087,41,Good,0,17.0,86,0.0,5.8,30,902.0,98,5.1,5.4,227.0,4.4,67.0,1.5
2026-02-01 21:00:00,2026,2,1,21,Lâm Đồng,Xã Đam Rông 1,11.9218728,108.1287087,39,Good,0,15.7,92,0.0,4.1,13,901.8,86,5.6,6.0,240.0,4.5,63.0,1.4
2026-02-01 22:00:00,2026,2,1,22,Lâm Đồng,Xã Đam Rông 1,11.9218728,108.1287087,37,Good,0,14.8,96,0.0,4.2,31,901.5,90,6.1,6.7,251.0,4.6,60.0,1.3
2026-02-01 23:00:00,2026,2,1,23,Lâm Đồng,Xã Đam Rông 1,11.9218728,108.1287087,35,Good,0,14.1,97,0.0,3.4,58,901.0,98,6.5,7.2,260.0,4.8,57.0,1.2
2026-02-02 00:00:00,2026,2,2,0,Lâm Đồng,Xã Đam Rông 1,11.9218728,108.1287087,33,Good,0,13.8,97,0.0,3.3,77,900.7,96,6.6,7.3,265.0,5.0,54.0,1.0
2026-02-02 01:00:00,2026,2,2,1,Lâm Đồng,Xã Đam Rông 1,11.9218728,108.1287087,31,Good,0,13.4,97,0.0,3.3,77,900.1,80,6.6,7.2,265.0,5.3,51.0,0.9
2026-02-02 02:00:00,2026,2,2,2,Lâm Đồng,Xã Đam Rông 1,11.9218728,108.1287087,29,Good,0,13.2,94,0.0,3.5,69,900.1,70,6.8,7.5,252.0,5.7,48.0,0.8
2026-02-02 03:00:00,2026,2,2,3,Lâm Đồng,Xã Đam Rông 1,11.9218728,108.1287087,27,Good,0,12.8,94,0.0,3.2,71,899.8,43,7.0,7.7,233.0,6.1,45.0,0.7
2026-02-02 04:00:00,2026,2,2,4,Lâm Đồng,Xã Đam Rông 1,11.9218728,108.1287087,26,Good,0,12.5,95,0.0,3.2,71,899.6,71,7.3,7.9,223.0,6.4,42.0,0.7
2026-02-02 05:00:00,2026,2,2,5,Lâm Đồng,Xã Đam Rông 1,11.9218728,108.1287087,26,Good,0,12.3,96,0.0,3.7,76,900.0,77,7.5,8.1,235.0,6.7,39.0,0.7
2026-02-02 06:00:00,2026,2,2,6,Lâm Đồng,Xã Đam Rông 1,11.9218728,108.1287087,26,Good,0,12.0,98,0.0,4.0,58,900.1,94,7.6,8.2,257.0,6.8,36.0,0.8
2026-02-02 07:00:00,2026,2,2,7,Lâm Đồng,Xã Đam Rông 1,11.9218728,108.1287087,26,Good,0,14.1,95,0.0,6.8,42,901.9,100,10.0,10.9,268.0,5.9,42.0,0.8
2026-02-02 08:00:00,2026,2,2,8,Lâm Đồng,Xã Đam Rông 1,11.9218728,108.1287087,26,Good,0,16.8,81,0.0,7.0,12,903.5,95,8.9,9.7,260.0,4.5,56.0,0.8
2026-02-02 09:00:00,2026,2,2,9,Lâm Đồng,Xã Đam Rông 1,11.9218728,108.1287087,25,Good,0,18.9,73,0.0,8.5,360,904.4,97,5.9,7.3,241.0,2.6,76.0,0.9
2026-02-02 10:00:00,2026,2,2,10,Lâm Đồng,Xã Đam Rông 1,11.9218728,108.1287087,25,Good,0,21.1,65,0.0,9.9,5,904.5,98,4.5,6.0,219.0,1.1,91.0,0.9
2026-02-02 11:00:00,2026,2,2,11,Lâm Đồng,Xã Đam Rông 1,11.9218728,108.1287087,25,Good,0,24.6,47,0.0,6.9,53,904.3,98,3.7,4.9,190.0,0.6,96.0,0.8
2026-02-02 12:00:00,2026,2,2,12,Lâm Đồng,Xã Đam Rông 1,11.9218728,108.1287087,28,Good,0,26.8,32,0.0,8.9,99,903.7,97,3.2,4.2,157.0,0.6,95.0,0.8
2026-02-02 13:00:00,2026,2,2,13,Lâm Đồng,Xã Đam Rông 1,11.9218728,108.1287087,31,Good,0,27.1,31,0.0,4.0,90,903.2,98,2.7,3.5,137.0,0.7,94.0,0.7
2026-02-02 14:00:00,2026,2,2,14,Lâm Đồng,Xã Đam Rông 1,11.9218728,108.1287087,34,Good,0,26.4,36,0.0,1.5,14,902.2,100,2.6,3.3,138.0,0.7,93.0,0.7
2026-02-02 15:00:00,2026,2,2,15,Lâm Đồng,Xã Đam Rông 1,11.9218728,108.1287087,37,Good,0,23.8,54,0.0,10.6,350,901.4,99,2.7,3.3,151.0,0.7,91.0,0.7
2026-02-02 16:00:00,2026,2,2,16,Lâm Đồng,Xã Đam Rông 1,11.9218728,108.1287087,40,Good,0,22.1,67,0.0,15.0,350,901.1,100,2.9,3.5,169.0,1.0,88.0,0.7
2026-02-02 17:00:00,2026,2,2,17,Lâm Đồng,Xã Đam Rông 1,11.9218728,108.1287087,42,Good,0,20.2,76,0.0,16.1,342,901.0,93,3.4,3.9,194.0,1.7,83.0,0.9
2026-02-02 18:00:00,2026,2,2,18,Lâm Đồng,Xã Đam Rông 1,11.9218728,108.1287087,42,Good,0,18.5,84,0.0,11.1,347,901.0,77,3.9,4.4,224.0,2.7,77.0,1.1
2026-02-02 19:00:00,2026,2,2,19,Lâm Đồng,Xã Đam Rông 1,11.9218728,108.1287087,42,Good,0,17.7,89,0.0,5.2,358,901.3,81,4.9,5.9,247.0,3.6,72.0,1.2
2026-02-02 20:00:00,2026,2,2,20,Lâm Đồng,Xã Đam Rông 1,11.9218728,108.1287087,40,Good,0,16.8,93,0.0,4.9,10,901.9,73,4.3,5.1,257.0,3.3,72.0,1.1
2026-02-02 21:00:00,2026,2,2,21,Lâm Đồng,Xã Đam Rông 1,11.9218728,108.1287087,39,Good,0,15.8,97,0.0,4.1,360,901.8,12,3.7,4.4,260.0,3.0,72.0,0.9
2026-02-02 22:00:00,2026,2,2,22,Lâm Đồng,Xã Đam Rông 1,11.9218728,108.1287087,38,Good,0,15.1,100,0.0,5.1,18,901.5,4,3.1,3.8,260.0,2.7,72.0,0.8
2026-02-02 23:00:00,2026,2,2,23,Lâm Đồng,Xã Đam Rông 1,11.9218728,108.1287087,36,Good,0,14.8,100,0.0,5.0,30,901.6,94,2.6,3.2,258.0,2.5,72.0,0.7
2026-02-03 00:00:00,2026,2,3,0,Lâm Đồng,Xã Đam Rông 1,11.9218728,108.1287087,35,Good,0,14.5,100,0.0,3.3,36,901.6,100,2.2,2.7,252.0,2.4,71.0,0.6
2026-02-03 01:00:00,2026,2,3,1,Lâm Đồng,Xã Đam Rông 1,11.9218728,108.1287087,34,Good,0,14.5,100,0.0,3.1,10,901.3,100,1.8,2.1,246.0,2.3,71.0,0.5
2026-02-03 02:00:00,2026,2,3,2,Lâm Đồng,Xã Đam Rông 1,11.9218728,108.1287087,34,Good,0,14.7,99,0.0,3.3,29,900.8,100,1.5,1.7,237.0,2.2,71.0,0.5
2026-02-03 03:00:00,2026,2,3,3,Lâm Đồng,Xã Đam Rông 1,11.9218728,108.1287087,33,Good,0,15.0,99,0.0,4.0,32,900.9,100,1.2,1.4,227.0,2.1,71.0,0.5
2026-02-03 04:00:00,2026,2,3,4,Lâm Đồng,Xã Đam Rông 1,11.9218728,108.1287087,33,Good,0,15.1,98,0.0,4.0,21,900.9,100,0.9,1.0,222.0,2.1,71.0,0.5
2026-02-03 05:00:00,2026,2,3,5,Lâm Đồng,Xã Đam Rông 1,11.9218728,108.1287087,33,Good,0,14.9,99,0.0,4.5,23,901.0,100,0.8,0.8,230.0,2.3,69.0,0.6
2026-02-03 06:00:00,2026,2,3,6,Lâm Đồng,Xã Đam Rông 1,11.9218728,108.1287087,33,Good,0,14.9,100,0.0,5.2,27,901.3,100,0.8,0.8,243.0,2.6,67.0,0.7
2026-02-03 07:00:00,2026,2,3,7,Lâm Đồng,Xã Đam Rông 1,11.9218728,108.1287087,33,Good,0,15.9,100,0.0,6.1,12,902.1,100,1.5,1.7,249.0,3.1,65.0,0.9
2026-02-03 08:00:00,2026,2,3,8,Lâm Đồng,Xã Đam Rông 1,11.9218728,108.1287087,32,Good,0,17.6,93,0.0,8.2,10,903.1,100,1.4,1.7,239.0,2.7,69.0,0.8
2026-02-03 09:00:00,2026,2,3,9,Lâm Đồng,Xã Đam Rông 1,11.9218728,108.1287087,32,Good,0,20.9,74,0.0,12.5,39,904.3,77,1.5,1.7,221.0,2.1,75.0,0.8
2026-02-03 10:00:00,2026,2,3,10,Lâm Đồng,Xã Đam Rông 1,11.9218728,108.1287087,32,Good,0,23.6,59,0.1,14.1,40,904.5,89,1.6,1.8,206.0,1.6,80.0,0.7
2026-02-03 11:00:00,2026,2,3,11,Lâm Đồng,Xã Đam Rông 1,11.9218728,108.1287087,33,Good,0,24.5,56,0.0,14.0,35,904.6,100,2.3,2.8,199.0,1.3,83.0,0.7
2026-02-03 12:00:00,2026,2,3,12,Lâm Đồng,Xã Đam Rông 1,11.9218728,108.1287087,34,Good,0,25.0,53,0.0,11.7,25,903.9,98,2.8,3.3,196.0,1.1,85.0,0.6
2026-02-03 13:00:00,2026,2,3,13,Lâm Đồng,Xã Đam Rông 1,11.9218728,108.1287087,34,Good,0,25.1,53,0.0,12.0,35,903.2,100,2.8,3.2,195.0,1.0,86.0,0.6
2026-02-03 14:00:00,2026,2,3,14,Lâm Đồng,Xã Đam Rông 1,11.9218728,108.1287087,35,Good,0,24.7,56,0.1,13.6,34,902.3,98,3.0,3.4,192.0,0.9,87.0,0.6
2026-02-03 15:00:00,2026,2,3,15,Lâm Đồng,Xã Đam Rông 1,11.9218728,108.1287087,37,Good,0,23.6,61,0.1,14.1,19,901.6,99,3.1,3.5,191.0,0.9,87.0,0.6
2026-02-03 16:00:00,2026,2,3,16,Lâm Đồng,Xã Đam Rông 1,11.9218728,108.1287087,38,Good,0,23.1,63,0.0,13.6,22,901.6,99,3.5,3.9,198.0,1.2,86.0,0.7
2026-02-03 17:00:00,2026,2,3,17,Lâm Đồng,Xã Đam Rông 1,11.9218728,108.1287087,39,Good,0,21.6,67,0.0,14.2,18,901.4,99,3.7,4.2,222.0,1.9,82.0,0.9
2026-02-03 18:00:00,2026,2,3,18,Lâm Đồng,Xã Đam Rông 1,11.9218728,108.1287087,39,Good,0,19.0,80,0.0,12.0,12,901.5,100,4.0,4.4,254.0,2.9,77.0,1.1
2026-02-03 19:00:00,2026,2,3,19,Lâm Đồng,Xã Đam Rông 1,11.9218728,108.1287087,39,Good,0,17.7,90,0.0,9.9,3,901.4,98,4.1,4.3,278.0,3.9,73.0,1.2
2026-02-03 20:00:00,2026,2,3,20,Lâm Đồng,Xã Đam Rông 1,11.9218728,108.1287087,38,Good,0,16.7,96,0.0,7.5,8,902.1,99,3.8,4.0,286.0,3.7,72.0,1.2
2026-02-03 21:00:00,2026,2,3,21,Lâm Đồng,Xã Đam Rông 1,11.9218728,108.1287087,38,Good,0,15.9,99,0.0,5.9,14,902.1,100,3.8,4.0,287.0,3.5,71.0,1.1
2026-02-03 22:00:00,2026,2,3,22,Lâm Đồng,Xã Đam Rông 1,11.9218728,108.1287087,37,Good,0,15.6,100,0.0,5.6,17,901.7,100,3.9,4.1,286.0,3.4,69.0,1.0
2026-02-03 23:00:00,2026,2,3,23,Lâm Đồng,Xã Đam Rông 1,11.9218728,108.1287087,36,Good,0,15.4,100,0.0,5.0,21,901.6,100,3.9,4.2,286.0,3.6,65.0,0.9
2026-02-04 00:00:00,2026,2,4,0,Lâm Đồng,Xã Đam Rông 1,11.9218728,108.1287087,34,Good,0,15.3,100,0.0,4.8,20,901.5,100,3.9,4.2,286.0,3.9,61.0,0.8
2026-02-04 01:00:00,2026,2,4,1,Lâm Đồng,Xã Đam Rông 1,11.9218728,108.1287087,33,Good,0,15.3,100,0.0,4.8,20,901.2,100,3.9,4.3,284.0,4.3,56.0,0.7
2026-02-04 02:00:00,2026,2,4,2,Lâm Đồng,Xã Đam Rông 1,11.9218728,108.1287087,32,Good,0,15.1,100,0.0,5.0,19,900.8,100,4.2,4.5,282.0,4.7,51.0,0.7
2026-02-04 03:00:00,2026,2,4,3,Lâm Đồng,Xã Đam Rông 1,11.9218728,108.1287087,30,Good,0,14.9,100,0.0,5.0,21,900.7,100,4.4,4.7,278.0,5.2,47.0,0.7
2026-02-04 04:00:00,2026,2,4,4,Lâm Đồng,Xã Đam Rông 1,11.9218728,108.1287087,29,Good,0,14.8,100,0.0,5.2,41,900.5,100,4.6,5.0,274.0,5.6,43.0,0.7
2026-02-04 05:00:00,2026,2,4,5,Lâm Đồng,Xã Đam Rông 1,11.9218728,108.1287087,27,Good,0,14.4,100,0.0,4.9,57,900.4,100,5.0,5.5,267.0,6.2,40.0,0.8
2026-02-04 06:00:00,2026,2,4,6,Lâm Đồng,Xã Đam Rông 1,11.9218728,108.1287087,25,Good,0,14.4,100,0.0,4.7,47,900.8,99,5.8,6.1,260.0,6.8,38.0,0.9
2026-02-04 07:00:00,2026,2,4,7,Lâm Đồng,Xã Đam Rông 1,11.9218728,108.1287087,23,Good,0,15.5,99,0.0,5.8,39,901.6,99,4.6,4.7,255.0,5.7,47.0,1.1
2026-02-04 08:00:00,2026,2,4,8,Lâm Đồng,Xã Đam Rông 1,11.9218728,108.1287087,22,Good,0,18.1,86,0.0,6.1,30,903.2,49,4.3,4.6,256.0,4.4,59.0,1.0
2026-02-04 09:00:00,2026,2,4,9,Lâm Đồng,Xã Đam Rông 1,11.9218728,108.1287087,22,Good,0,20.6,74,0.0,5.8,358,904.0,23,4.4,5.0,260.0,2.5,76.0,1.0
2026-02-04 10:00:00,2026,2,4,10,Lâm Đồng,Xã Đam Rông 1,11.9218728,108.1287087,23,Good,0,22.4,68,0.0,8.5,348,904.4,34,4.5,5.3,259.0,1.2,87.0,0.9
2026-02-04 11:00:00,2026,2,4,11,Lâm Đồng,Xã Đam Rông 1,11.9218728,108.1287087,25,Good,0,23.8,62,0.0,9.6,351,904.2,60,4.5,5.2,248.0,0.8,88.0,0.8
2026-02-04 12:00:00,2026,2,4,12,Lâm Đồng,Xã Đam Rông 1,11.9218728,108.1287087,28,Good,0,24.4,59,0.0,12.1,350,903.4,97,4.4,5.2,232.0,0.9,84.0,0.7
2026-02-04 13:00:00,2026,2,4,13,Lâm Đồng,Xã Đam Rông 1,11.9218728,108.1287087,30,Good,0,24.4,56,0.1,10.8,355,902.7,81,4.8,5.5,218.0,1.0,80.0,0.7
2026-02-04 14:00:00,2026,2,4,14,Lâm Đồng,Xã Đam Rông 1,11.9218728,108.1287087,32,Good,0,25.2,52,0.0,9.3,338,901.7,96,5.3,5.9,207.0,0.9,79.0,0.7
2026-02-04 15:00:00,2026,2,4,15,Lâm Đồng,Xã Đam Rông 1,11.9218728,108.1287087,35,Good,0,23.5,59,0.0,13.1,342,901.0,100,5.9,6.4,198.0,0.9,79.0,0.7
2026-02-04 16:00:00,2026,2,4,16,Lâm Đồng,Xã Đam Rông 1,11.9218728,108.1287087,37,Good,0,22.1,63,0.0,12.4,359,901.1,100,6.1,6.6,198.0,1.5,77.0,0.8
2026-02-04 17:00:00,2026,2,4,17,Lâm Đồng,Xã Đam Rông 1,11.9218728,108.1287087,38,Good,0,21.4,65,0.0,10.6,3,901.1,59,6.5,6.9,210.0,3.0,71.0,1.1
2026-02-04 18:00:00,2026,2,4,18,Lâm Đồng,Xã Đam Rông 1,11.9218728,108.1287087,37,Good,0,20.2,72,0.0,4.1,13,901.3,100,7.3,7.7,230.0,5.2,63.0,1.6
2026-02-04 19:00:00,2026,2,4,19,Lâm Đồng,Xã Đam Rông 1,11.9218728,108.1287087,36,Good,0,19.2,84,0.0,2.7,58,901.7,100,13.4,14.5,254.0,9.9,51.0,2.4
2026-02-04 20:00:00,2026,2,4,20,Lâm Đồng,Xã Đam Rông 1,11.9218728,108.1287087,34,Good,0,19.2,83,0.0,3.0,52,902.3,100,13.6,14.3,287.0,10.8,48.0,2.6
2026-02-04 21:00:00,2026,2,4,21,Lâm Đồng,Xã Đam Rông 1,11.9218728,108.1287087,32,Good,0,18.7,87,0.0,4.8,117,902.2,73,13.7,14.3,323.0,12.1,43.0,2.9
2026-02-04 22:00:00,2026,2,4,22,Lâm Đồng,Xã Đam Rông 1,11.9218728,108.1287087,30,Good,0,17.8,93,0.0,3.9,114,901.6,100,14.6,15.3,340.0,13.4,38.0,3.1
2026-02-04 23:00:00,2026,2,4,23,Lâm Đồng,Xã Đam Rông 1,11.9218728,108.1287087,27,Good,0,17.1,95,0.0,2.8,117,901.4,100,15.7,16.3,323.0,14.8,33.0,3.0
2026-02-05 00:00:00,2026,2,5,0,Lâm Đồng,Xã Đam Rông 1,11.9218728,108.1287087,29,Good,0,16.9,94,0.0,2.2,99,901.0,100,16.6,17.1,287.0,16.2,27.0,2.8
2026-02-05 01:00:00,2026,2,5,1,Lâm Đồng,Xã Đam Rông 1,11.9218728,108.1287087,31,Good,0,17.1,91,0.0,1.3,82,900.5,100,17.4,17.9,258.0,17.1,23.0,2.6
2026-02-05 02:00:00,2026,2,5,2,Lâm Đồng,Xã Đam Rông 1,11.9218728,108.1287087,33,Good,0,17.1,90,0.0,3.1,69,900.0,100,17.6,18.0,243.0,17.5,19.0,2.3
2026-02-05 03:00:00,2026,2,5,3,Lâm Đồng,Xã Đam Rông 1,11.9218728,108.1287087,36,Good,0,16.5,92,0.0,3.7,47,899.4,100,17.5,17.9,234.0,17.4,17.0,2.1
2026-02-05 04:00:00,2026,2,5,4,Lâm Đồng,Xã Đam Rông 1,11.9218728,108.1287087,38,Good,0,15.9,95,0.0,3.7,47,899.2,100,17.1,17.4,234.0,16.8,17.0,1.9
2026-02-05 05:00:00,2026,2,5,5,Lâm Đồng,Xã Đam Rông 1,11.9218728,108.1287087,40,Good,0,15.4,95,0.0,2.7,70,899.5,99,16.6,16.9,251.0,15.8,20.0,1.9
2026-02-05 06:00:00,2026,2,5,6,Lâm Đồng,Xã Đam Rông 1,11.9218728,108.1287087,42,Good,0,15.5,91,0.0,3.1,66,899.9,100,16.2,16.5,277.0,14.4,25.0,2.1
2026-02-05 07:00:00,2026,2,5,7,Lâm Đồng,Xã Đam Rông 1,11.9218728,108.1287087,44,Good,0,16.9,86,0.0,4.8,59,900.9,23,29.1,30.3,288.0,14.6,33.0,2.2
2026-02-05 08:00:00,2026,2,5,8,Lâm Đồng,Xã Đam Rông 1,11.9218728,108.1287087,48,Good,0,20.5,72,0.0,3.8,3,902.9,3,25.3,26.3,271.0,10.6,48.0,1.8
2026-02-05 09:00:00,2026,2,5,9,Lâm Đồng,Xã Đam Rông 1,11.9218728,108.1287087,51,Moderate,1,22.2,61,0.0,8.5,348,903.8,55,17.6,19.4,239.0,5.0,69.0,1.3
2026-02-05 10:00:00,2026,2,5,10,Lâm Đồng,Xã Đam Rông 1,11.9218728,108.1287087,52,Moderate,1,23.2,56,0.0,12.4,347,904.0,100,14.8,16.1,214.0,1.0,84.0,0.9
2026-02-05 11:00:00,2026,2,5,11,Lâm Đồng,Xã Đam Rông 1,11.9218728,108.1287087,53,Moderate,1,24.5,53,0.0,14.5,355,904.1,91,13.6,14.7,202.0,0.0,87.0,0.8
2026-02-05 12:00:00,2026,2,5,12,Lâm Đồng,Xã Đam Rông 1,11.9218728,108.1287087,54,Moderate,1,25.2,48,0.0,13.8,351,903.2,62,13.0,14.0,196.0,0.3,85.0,0.8
2026-02-05 13:00:00,2026,2,5,13,Lâm Đồng,Xã Đam Rông 1,11.9218728,108.1287087,55,Moderate,1,25.9,47,0.0,11.7,358,902.4,94,13.1,14.0,193.0,0.8,83.0,0.9
2026-02-05 14:00:00,2026,2,5,14,Lâm Đồng,Xã Đam Rông 1,11.9218728,108.1287087,55,Moderate,1,25.1,51,0.0,12.6,11,901.2,100,13.1,14.0,190.0,0.6,84.0,0.9
2026-02-05 15:00:00,2026,2,5,15,Lâm Đồng,Xã Đam Rông 1,11.9218728,108.1287087,56,Moderate,1,24.1,54,0.0,12.4,13,900.7,73,13.2,14.1,191.0,0.4,85.0,1.0
2026-02-05 16:00:00,2026,2,5,16,Lâm Đồng,Xã Đam Rông 1,11.9218728,108.1287087,57,Moderate,1,24.4,53,0.0,10.8,355,900.6,8,13.3,14.1,201.0,1.3,83.0,1.2
2026-02-05 17:00:00,2026,2,5,17,Lâm Đồng,Xã Đam Rông 1,11.9218728,108.1287087,57,Moderate,1,23.3,58,0.0,9.8,353,900.3,15,13.6,14.3,228.0,4.1,74.0,1.8
2026-02-05 18:00:00,2026,2,5,18,Lâm Đồng,Xã Đam Rông 1,11.9218728,108.1287087,58,Moderate,1,20.7,70,0.0,6.8,22,900.2,30,14.9,15.5,265.0,7.9,62.0,2.5
2026-02-05 19:00:00,2026,2,5,19,Lâm Đồng,Xã Đam Rông 1,11.9218728,108.1287087,59,Moderate,1,19.0,78,0.0,4.0,63,900.2,37,18.3,18.9,291.0,13.4,54.0,3.7
2026-02-05 20:00:00,2026,2,5,20,Lâm Đồng,Xã Đam Rông 1,11.9218728,108.1287087,59,Moderate,1,18.6,77,0.0,4.3,68,900.6,2,19.9,20.5,297.0,15.0,50.0,4.2
2026-02-05 21:00:00,2026,2,5,21,Lâm Đồng,Xã Đam Rông 1,11.9218728,108.1287087,60,Moderate,1,18.4,77,0.0,4.8,68,900.7,28,20.9,21.5,292.0,17.2,44.0,4.9
2026-02-05 22:00:00,2026,2,5,22,Lâm Đồng,Xã Đam Rông 1,11.9218728,108.1287087,60,Moderate,1,18.2,78,0.0,4.6,69,900.5,3,22.1,22.7,285.0,19.1,38.0,5.3
2026-02-05 23:00:00,2026,2,5,23,Lâm Đồng,Xã Đam Rông 1,11.9218728,108.1287087,61,Moderate,1,18.1,78,0.0,3.6,45,900.3,2,23.4,24.0,279.0,20.4,33.0,5.1
2026-02-06 00:00:00,2026,2,6,0,Lâm Đồng,Xã Đam Rông 1,11.9218728,108.1287087,62,Moderate,1,17.9,79,0.0,1.5,54,900.0,0,24.3,24.9,271.0,21.4,28.0,4.7
2026-02-06 01:00:00,2026,2,6,1,Lâm Đồng,Xã Đam Rông 1,11.9218728,108.1287087,62,Moderate,1,17.4,82,0.0,1.7,13,899.4,3,25.1,25.7,265.0,21.8,24.0,4.2
2026-02-06 02:00:00,2026,2,6,2,Lâm Đồng,Xã Đam Rông 1,11.9218728,108.1287087,63,Moderate,1,17.0,82,0.0,1.5,315,898.7,4,25.4,25.8,261.0,21.6,20.0,3.7
2026-02-06 03:00:00,2026,2,6,3,Lâm Đồng,Xã Đam Rông 1,11.9218728,108.1287087,64,Moderate,1,16.5,84,0.0,1.5,291,898.5,0,25.1,25.5,258.0,20.9,17.0,3.1
2026-02-06 04:00:00,2026,2,6,4,Lâm Đồng,Xã Đam Rông 1,11.9218728,108.1287087,64,Moderate,1,16.3,85,0.0,1.4,23,898.5,8,24.7,25.1,256.0,19.9,17.0,2.7
2026-02-06 05:00:00,2026,2,6,5,Lâm Đồng,Xã Đam Rông 1,11.9218728,108.1287087,65,Moderate,1,16.4,87,0.0,1.5,21,898.9,2,24.7,25.0,257.0,19.1,20.0,2.6
2026-02-06 06:00:00,2026,2,6,6,Lâm Đồng,Xã Đam Rông 1,11.9218728,108.1287087,66,Moderate,1,16.4,91,0.0,1.8,354,899.4,2,25.0,25.3,259.0,18.0,26.0,2.7
2026-02-06 07:00:00,2026,2,6,7,Lâm Đồng,Xã Đam Rông 1,11.9218728,108.1287087,66,Moderate,1,18.1,85,0.0,3.2,19,900.8,21,42.3,42.7,259.0,17.3,22.0,0.7
2026-02-06 08:00:00,2026,2,6,8,Lâm Đồng,Xã Đam Rông 1,11.9218728,108.1287087,68,Moderate,1,20.5,75,0.0,6.0,327,902.4,70,39.8,40.3,253.0,12.5,47.0,1.1
2026-02-06 09:00:00,2026,2,6,9,Lâm Đồng,Xã Đam Rông 1,11.9218728,108.1287087,69,Moderate,1,21.7,70,0.0,9.3,335,903.2,98,29.3,30.5,244.0,5.9,81.0,1.6
2026-02-06 10:00:00,2026,2,6,10,Lâm Đồng,Xã Đam Rông 1,11.9218728,108.1287087,70,Moderate,1,23.0,65,0.0,11.6,345,903.3,13,22.4,23.3,236.0,1.1,106.0,1.9
2026-02-06 11:00:00,2026,2,6,11,Lâm Đồng,Xã Đam Rông 1,11.9218728,108.1287087,71,Moderate,1,24.3,58,0.0,13.5,346,903.0,41,19.7,20.5,231.0,0.0,112.0,1.7
2026-02-06 12:00:00,2026,2,6,12,Lâm Đồng,Xã Đam Rông 1,11.9218728,108.1287087,71,Moderate,1,25.3,52,0.0,14.0,344,902.0,85,18.2,18.9,228.0,0.3,109.0,1.3
2026-02-06 13:00:00,2026,2,6,13,Lâm Đồng,Xã Đam Rông 1,11.9218728,108.1287087,72,Moderate,1,26.1,48,0.0,13.0,354,901.1,84,16.9,17.6,225.0,0.8,106.0,1.0
2026-02-06 14:00:00,2026,2,6,14,Lâm Đồng,Xã Đam Rông 1,11.9218728,108.1287087,72,Moderate,1,26.0,49,0.0,12.6,360,900.2,98,16.2,16.8,220.0,0.6,109.0,0.9
2026-02-06 15:00:00,2026,2,6,15,Lâm Đồng,Xã Đam Rông 1,11.9218728,108.1287087,72,Moderate,1,25.7,51,0.0,12.4,2,899.6,55,15.7,16.3,215.0,0.5,112.0,1.0
2026-02-06 16:00:00,2026,2,6,16,Lâm Đồng,Xã Đam Rông 1,11.9218728,108.1287087,72,Moderate,1,25.0,53,0.0,10.6,1,899.3,99,15.7,16.2,223.0,1.3,110.0,1.2
2026-02-06 17:00:00,2026,2,6,17,Lâm Đồng,Xã Đam Rông 1,11.9218728,108.1287087,73,Moderate,1,24.0,56,0.0,7.9,356,899.3,100,16.4,16.8,253.0,3.6,99.0,1.8
2026-02-06 18:00:00,2026,2,6,18,Lâm Đồng,Xã Đam Rông 1,11.9218728,108.1287087,73,Moderate,1,21.8,67,0.0,4.5,37,899.0,100,18.6,18.9,296.0,6.9,84.0,2.6
2026-02-06 19:00:00,2026,2,6,19,Lâm Đồng,Xã Đam Rông 1,11.9218728,108.1287087,73,Moderate,1,21.1,73,0.0,4.6,129,899.5,100,24.7,25.3,327.0,10.5,68.0,3.2
2026-02-06 20:00:00,2026,2,6,20,Lâm Đồng,Xã Đam Rông 1,11.9218728,108.1287087,74,Moderate,1,20.3,82,0.0,7.8,146,900.7,98,27.4,28.0,337.0,12.8,59.0,3.6
2026-02-06 21:00:00,2026,2,6,21,Lâm Đồng,Xã Đam Rông 1,11.9218728,108.1287087,74,Moderate,1,19.0,94,0.0,7.4,133,900.5,83,29.2,29.7,337.0,16.0,46.0,4.2
2026-02-06 22:00:00,2026,2,6,22,Lâm Đồng,Xã Đam Rông 1,11.9218728,108.1287087,75,Moderate,1,18.3,99,0.0,7.8,128,900.4,100,30.5,31.1,333.0,18.0,35.0,4.4
2026-02-06 23:00:00,2026,2,6,23,Lâm Đồng,Xã Đam Rông 1,11.9218728,108.1287087,76,Moderate,1,18.0,100,0.0,8.0,136,900.3,100,31.9,32.2,327.0,18.0,28.0,3.8
2026-02-07 00:00:00,2026,2,7,0,Lâm Đồng,Xã Đam Rông 1,11.9218728,108.1287087,77,Moderate,1,18.0,100,0.0,8.2,139,900.4,100,31.4,31.8,317.0,16.9,23.0,2.8
2026-02-07 01:00:00,2026,2,7,1,Lâm Đồng,Xã Đam Rông 1,11.9218728,108.1287087,77,Moderate,1,18.1,99,0.0,5.7,143,899.7,95,30.9,31.3,306.0,15.4,21.0,1.9
2026-02-07 02:00:00,2026,2,7,2,Lâm Đồng,Xã Đam Rông 1,11.9218728,108.1287087,78,Moderate,1,17.7,100,0.0,2.3,119,899.3,100,30.0,30.4,290.0,13.4,25.0,1.3
2026-02-07 03:00:00,2026,2,7,3,Lâm Đồng,Xã Đam Rông 1,11.9218728,108.1287087,78,Moderate,1,17.6,100,0.0,2.1,75,899.1,100,28.1,28.7,273.0,11.1,33.0,0.8
2026-02-07 04:00:00,2026,2,7,4,Lâm Đồng,Xã Đam Rông 1,11.9218728,108.1287087,79,Moderate,1,17.1,100,0.0,3.5,75,898.8,100,27.4,27.9,265.0,9.3,39.0,0.5
2026-02-07 05:00:00,2026,2,7,5,Lâm Đồng,Xã Đam Rông 1,11.9218728,108.1287087,79,Moderate,1,17.1,100,0.0,4.0,95,899.1,100,27.0,27.6,275.0,8.8,38.0,0.4
2026-02-07 06:00:00,2026,2,7,6,Lâm Đồng,Xã Đam Rông 1,11.9218728,108.1287087,79,Moderate,1,17.2,98,0.0,3.3,84,899.7,59,26.7,27.2,293.0,9.0,36.0,0.5
2026-02-07 07:00:00,2026,2,7,7,Lâm Đồng,Xã Đam Rông 1,11.9218728,108.1287087,79,Moderate,1,18.0,96,0.0,4.0,30,900.8,100,28.6,29.3,306.0,9.9,47.0,0.9
2026-02-07 08:00:00,2026,2,7,8,Lâm Đồng,Xã Đam Rông 1,11.9218728,108.1287087,78,Moderate,1,19.6,84,0.0,5.7,349,902.2,99,29.2,30.0,306.0,7.3,67.0,0.9
2026-02-07 09:00:00,2026,2,7,9,Lâm Đồng,Xã Đam Rông 1,11.9218728,108.1287087,77,Moderate,1,21.4,71,0.0,7.2,356,903.2,63,29.5,30.4,299.0,3.8,94.0,0.9
2026-02-07 10:00:00,2026,2,7,10,Lâm Đồng,Xã Đam Rông 1,11.9218728,108.1287087,77,Moderate,1,22.9,63,0.0,9.8,347,903.5,3,24.8,25.4,293.0,1.2,115.0,0.9
2026-02-07 11:00:00,2026,2,7,11,Lâm Đồng,Xã Đam Rông 1,11.9218728,108.1287087,77,Moderate,1,24.2,57,0.0,12.1,349,903.0,2,18.4,18.8,289.0,0.4,122.0,0.9
2026-02-07 12:00:00,2026,2,7,12,Lâm Đồng,Xã Đam Rông 1,11.9218728,108.1287087,77,Moderate,1,25.2,52,0.0,13.4,345,902.2,25,15.1,15.5,285.0,0.6,123.0,1.0
2026-02-07 13:00:00,2026,2,7,13,Lâm Đồng,Xã Đam Rông 1,11.9218728,108.1287087,77,Moderate,1,25.7,51,0.0,15.2,355,901.5,28,13.8,14.1,280.0,0.8,122.0,1.0
2026-02-07 14:00:00,2026,2,7,14,Lâm Đồng,Xã Đam Rông 1,11.9218728,108.1287087,77,Moderate,1,25.0,52,0.0,14.8,1,900.3,67,13.5,13.9,273.0,0.7,124.0,1.0
2026-02-07 15:00:00,2026,2,7,15,Lâm Đồng,Xã Đam Rông 1,11.9218728,108.1287087,76,Moderate,1,25.1,52,0.0,13.8,6,899.6,38,13.1,13.4,264.0,0.7,124.0,1.0
2026-02-07 16:00:00,2026,2,7,16,Lâm Đồng,Xã Đam Rông 1,11.9218728,108.1287087,76,Moderate,1,24.2,56,0.0,14.2,7,899.1,17,13.4,13.7,262.0,1.2,121.0,1.1
2026-02-07 17:00:00,2026,2,7,17,Lâm Đồng,Xã Đam Rông 1,11.9218728,108.1287087,76,Moderate,1,22.5,61,0.0,12.6,2,898.8,15,14.0,14.3,267.0,2.5,111.0,1.4
2026-02-07 18:00:00,2026,2,7,18,Lâm Đồng,Xã Đam Rông 1,11.9218728,108.1287087,76,Moderate,1,20.1,70,0.0,6.3,360,898.5,24,15.0,15.2,278.0,4.4,98.0,1.8
2026-02-07 19:00:00,2026,2,7,19,Lâm Đồng,Xã Đam Rông 1,11.9218728,108.1287087,75,Moderate,1,18.8,77,0.0,5.2,20,898.5,5,20.7,21.1,294.0,7.9,82.0,2.5
2026-02-07 20:00:00,2026,2,7,20,Lâm Đồng,Xã Đam Rông 1,11.9218728,108.1287087,75,Moderate,1,18.2,81,0.0,5.7,46,899.0,10,20.4,20.7,323.0,9.1,73.0,2.7
2026-02-07 21:00:00,2026,2,7,21,Lâm Đồng,Xã Đam Rông 1,11.9218728,108.1287087,74,Moderate,1,17.7,84,0.0,4.1,75,899.5,4,20.4,20.7,357.0,10.8,61.0,3.0
2026-02-07 22:00:00,2026,2,7,22,Lâm Đồng,Xã Đam Rông 1,11.9218728,108.1287087,74,Moderate,1,17.0,88,0.0,3.3,81,899.5,0,20.4,20.6,375.0,11.7,51.0,3.0
2026-02-07 23:00:00,2026,2,7,23,Lâm Đồng,Xã Đam Rông 1,11.9218728,108.1287087,73,Moderate,1,16.4,89,0.0,4.2,59,899.1,0,19.5,19.7,364.0,11.4,47.0,2.6
2026-02-08 00:00:00,2026,2,8,0,Lâm Đồng,Xã Đam Rông 1,11.9218728,108.1287087,72,Moderate,1,15.7,88,0.0,5.4,50,898.8,0,17.6,17.9,338.0,10.3,46.0,2.1
2026-02-08 01:00:00,2026,2,8,1,Lâm Đồng,Xã Đam Rông 1,11.9218728,108.1287087,70,Moderate,1,14.8,93,0.0,5.4,42,897.7,0,15.5,15.8,315.0,9.3,46.0,1.6
2026-02-08 02:00:00,2026,2,8,2,Lâm Đồng,Xã Đam Rông 1,11.9218728,108.1287087,69,Moderate,1,14.1,92,0.0,5.5,44,897.1,0,13.7,14.0,303.0,8.4,46.0,1.3
2026-02-08 03:00:00,2026,2,8,3,Lâm Đồng,Xã Đam Rông 1,11.9218728,108.1287087,68,Moderate,1,13.5,93,0.0,5.1,36,896.7,0,12.3,12.6,294.0,7.5,47.0,1.0
2026-02-08 04:00:00,2026,2,8,4,Lâm Đồng,Xã Đam Rông 1,11.9218728,108.1287087,66,Moderate,1,12.9,93,0.0,3.9,62,896.7,1,11.1,11.4,289.0,6.8,48.0,0.9
2026-02-08 05:00:00,2026,2,8,5,Lâm Đồng,Xã Đam Rông 1,11.9218728,108.1287087,65,Moderate,1,12.6,91,0.0,3.5,75,897.1,21,10.0,10.4,290.0,6.5,48.0,0.9
2026-02-08 06:00:00,2026,2,8,6,Lâm Đồng,Xã Đam Rông 1,11.9218728,108.1287087,63,Moderate,1,12.9,91,0.0,4.8,53,897.9,64,9.3,9.7,294.0,6.4,48.0,1.0
2026-02-08 07:00:00,2026,2,8,7,Lâm Đồng,Xã Đam Rông 1,11.9218728,108.1287087,62,Moderate,1,15.4,89,0.0,8.9,25,900.2,41,15.7,16.6,289.0,5.7,53.0,1.1
2026-02-08 08:00:00,2026,2,8,8,Lâm Đồng,Xã Đam Rông 1,11.9218728,108.1287087,60,Moderate,1,17.6,79,0.0,7.7,9,901.6,7,9.8,10.6,267.0,4.3,66.0,1.0
2026-02-08 09:00:00,2026,2,8,9,Lâm Đồng,Xã Đam Rông 1,11.9218728,108.1287087,59,Moderate,1,20.0,66,0.0,8.6,12,902.7,4,6.8,7.6,237.0,2.4,84.0,0.8
2026-02-08 10:00:00,2026,2,8,10,Lâm Đồng,Xã Đam Rông 1,11.9218728,108.1287087,57,Moderate,1,22.4,54,0.0,11.4,13,903.2,2,5.7,6.3,212.0,1.0,97.0,0.6
2026-02-08 11:00:00,2026,2,8,11,Lâm Đồng,Xã Đam Rông 1,11.9218728,108.1287087,55,Moderate,1,24.1,47,0.0,14.2,9,902.9,13,4.8,5.5,197.0,0.5,100.0,0.5
2026-02-08 12:00:00,2026,2,8,12,Lâm Đồng,Xã Đam Rông 1,11.9218728,108.1287087,54,Moderate,1,25.0,45,0.0,16.2,12,902.3,38,4.2,5.0,187.0,0.5,98.0,0.4
2026-02-08 13:00:00,2026,2,8,13,Lâm Đồng,Xã Đam Rông 1,11.9218728,108.1287087,53,Moderate,1,25.7,43,0.0,16.8,4,901.5,19,4.0,4.9,181.0,0.6,96.0,0.4
2026-02-08 14:00:00,2026,2,8,14,Lâm Đồng,Xã Đam Rông 1,11.9218728,108.1287087,52,Moderate,1,24.9,45,0.0,18.7,7,900.6,43,4.2,5.2,177.0,0.6,96.0,0.4
2026-02-08 15:00:00,2026,2,8,15,Lâm Đồng,Xã Đam Rông 1,11.9218728,108.1287087,51,Moderate,1,23.8,47,0.0,19.4,10,900.1,10,4.8,5.8,175.0,0.7,96.0,0.4
2026-02-08 16:00:00,2026,2,8,16,Lâm Đồng,Xã Đam Rông 1,11.9218728,108.1287087,50,Good,0,23.3,48,0.0,19.4,13,900.0,14,5.5,6.6,179.0,0.9,95.0,0.5
2026-02-08 17:00:00,2026,2,8,17,Lâm Đồng,Xã Đam Rông 1,11.9218728,108.1287087,50,Good,0,21.0,61,0.0,19.2,17,900.1,19,6.2,7.1,190.0,1.4,92.0,0.7
2026-02-08 18:00:00,2026,2,8,18,Lâm Đồng,Xã Đam Rông 1,11.9218728,108.1287087,48,Good,0,19.2,67,0.0,14.5,20,900.4,59,6.9,7.5,206.0,2.1,88.0,0.9
2026-02-08 19:00:00,2026,2,8,19,Lâm Đồng,Xã Đam Rông 1,11.9218728,108.1287087,47,Good,0,17.6,73,0.0,10.7,14,900.7,68,7.2,7.9,222.0,2.7,83.0,1.1
2026-02-08 20:00:00,2026,2,8,20,Lâm Đồng,Xã Đam Rông 1,11.9218728,108.1287087,44,Good,0,16.2,79,0.0,8.1,17,900.9,89,7.2,8.1,237.0,2.7,83.0,1.1
2026-02-08 21:00:00,2026,2,8,21,Lâm Đồng,Xã Đam Rông 1,11.9218728,108.1287087,42,Good,0,15.1,86,0.0,4.6,26,901.0,97,7.3,8.4,252.0,2.6,83.0,1.1
2026-02-08 22:00:00,2026,2,8,22,Lâm Đồng,Xã Đam Rông 1,11.9218728,108.1287087,42,Good,0,14.2,92,0.0,3.9,28,900.7,88,7.2,8.5,263.0,2.6,82.0,1.0
2026-02-08 23:00:00,2026,2,8,23,Lâm Đồng,Xã Đam Rông 1,11.9218728,108.1287087,41,Good,0,13.3,96,0.0,4.1,41,900.2,84,7.1,8.5,270.0,2.6,81.0,0.9
2026-02-09 00:00:00,2026,2,9,0,Lâm Đồng,Xã Đam Rông 1,11.9218728,108.1287087,40,Good,0,12.8,97,0.0,3.9,43,899.6,88,6.5,7.8,274.0,2.5,79.0,0.7
2026-02-09 01:00:00,2026,2,9,1,Lâm Đồng,Xã Đam Rông 1,11.9218728,108.1287087,39,Good,0,12.4,100,0.0,3.7,35,898.7,90,5.0,6.0,273.0,2.4,78.0,0.6
2026-02-09 02:00:00,2026,2,9,2,Lâm Đồng,Xã Đam Rông 1,11.9218728,108.1287087,38,Good,0,12.3,100,0.0,4.2,50,898.1,99,3.3,4.0,263.0,2.2,79.0,0.5
2026-02-09 03:00:00,2026,2,9,3,Lâm Đồng,Xã Đam Rông 1,11.9218728,108.1287087,38,Good,0,12.4,100,0.0,4.9,54,897.8,99,2.1,2.4,249.0,1.8,81.0,0.4
2026-02-09 04:00:00,2026,2,9,4,Lâm Đồng,Xã Đam Rông 1,11.9218728,108.1287087,37,Good,0,12.1,100,0.0,4.4,69,897.5,98,1.8,2.0,242.0,1.7,82.0,0.4
2026-02-09 05:00:00,2026,2,9,5,Lâm Đồng,Xã Đam Rông 1,11.9218728,108.1287087,37,Good,0,12.2,98,0.0,5.0,71,897.3,89,2.1,2.5,249.0,1.9,80.0,0.5
2026-02-09 06:00:00,2026,2,9,6,Lâm Đồng,Xã Đam Rông 1,11.9218728,108.1287087,37,Good,0,12.5,96,0.0,5.4,64,897.9,97,2.4,2.8,263.0,2.3,76.0,0.6
2026-02-09 07:00:00,2026,2,9,7,Lâm Đồng,Xã Đam Rông 1,11.9218728,108.1287087,37,Good,0,14.6,97,0.0,7.5,44,899.7,98,3.0,3.4,272.0,2.5,75.0,0.7
2026-02-09 08:00:00,2026,2,9,8,Lâm Đồng,Xã Đam Rông 1,11.9218728,108.1287087,37,Good,0,17.6,85,0.0,8.1,21,900.9,90,3.5,4.0,269.0,2.1,81.0,0.8
2026-02-09 09:00:00,2026,2,9,9,Lâm Đồng,Xã Đam Rông 1,11.9218728,108.1287087,37,Good,0,20.1,74,0.0,10.4,2,901.7,87,4.2,5.0,260.0,1.5,90.0,0.9
2026-02-09 10:00:00,2026,2,9,10,Lâm Đồng,Xã Đam Rông 1,11.9218728,108.1287087,37,Good,0,22.5,62,0.0,12.6,5,902.3,88,4.6,5.6,252.0,1.1,97.0,0.9
2026-02-09 11:00:00,2026,2,9,11,Lâm Đồng,Xã Đam Rông 1,11.9218728,108.1287087,38,Good,0,24.0,55,0.0,14.2,359,902.2,85,4.9,6.1,246.0,0.9,101.0,0.9
2026-02-09 12:00:00,2026,2,9,12,Lâm Đồng,Xã Đam Rông 1,11.9218728,108.1287087,40,Good,0,24.9,52,0.0,15.0,355,901.3,89,5.3,6.4,240.0,0.8,103.0,0.8
2026-02-09 13:00:00,2026,2,9,13,Lâm Đồng,Xã Đam Rông 1,11.9218728,108.1287087,41,Good,0,25.8,50,0.0,16.2,341,900.9,95,5.6,6.8,237.0,0.7,104.0,0.7
2026-02-09 14:00:00,2026,2,9,14,Lâm Đồng,Xã Đam Rông 1,11.9218728,108.1287087,42,Good,0,23.9,53,0.0,18.0,338,899.8,95,5.7,6.9,236.0,0.6,104.0,0.6
2026-02-09 15:00:00,2026,2,9,15,Lâm Đồng,Xã Đam Rông 1,11.9218728,108.1287087,44,Good,0,24.2,51,0.0,18.7,341,899.6,48,5.7,6.8,237.0,0.6,102.0,0.6
2026-02-09 16:00:00,2026,2,9,16,Lâm Đồng,Xã Đam Rông 1,11.9218728,108.1287087,45,Good,0,22.9,57,0.0,19.1,356,899.5,36,5.7,6.7,247.0,0.9,98.0,0.6
2026-02-09 17:00:00,2026,2,9,17,Lâm Đồng,Xã Đam Rông 1,11.9218728,108.1287087,46,Good,0,21.5,62,0.0,16.2,8,899.5,51,5.6,6.4,270.0,1.7,92.0,0.8
2026-02-09 18:00:00,2026,2,9,18,Lâm Đồng,Xã Đam Rông 1,11.9218728,108.1287087,46,Good,0,19.6,70,0.0,7.7,9,899.3,65,5.8,6.5,302.0,2.8,84.0,1.0
2026-02-09 19:00:00,2026,2,9,19,Lâm Đồng,Xã Đam Rông 1,11.9218728,108.1287087,46,Good,0,17.9,82,0.0,4.5,34,899.8,98,6.1,6.7,329.0,4.1,76.0,1.2
2026-02-09 20:00:00,2026,2,9,20,Lâm Đồng,Xã Đam Rông 1,11.9218728,108.1287087,44,Good,0,17.2,85,0.0,4.4,55,900.4,100,6.6,7.5,351.0,5.0,72.0,1.4
2026-02-09 21:00:00,2026,2,9,21,Lâm Đồng,Xã Đam Rông 1,11.9218728,108.1287087,42,Good,0,16.5,88,0.0,3.9,77,900.4,99,7.3,8.4,368.0,6.3,65.0,1.6
2026-02-09 22:00:00,2026,2,9,22,Lâm Đồng,Xã Đam Rông 1,11.9218728,108.1287087,40,Good,0,15.8,90,0.0,3.1,80,899.7,7,8.1,9.2,371.0,7.4,59.0,1.8
2026-02-09 23:00:00,2026,2,9,23,Lâm Đồng,Xã Đam Rông 1,11.9218728,108.1287087,38,Good,0,15.3,91,0.0,2.8,63,899.8,16,8.7,9.8,351.0,8.0,53.0,1.8
2026-02-10 00:00:00,2026,2,10,0,Lâm Đồng,Xã Đam Rông 1,11.9218728,108.1287087,35,Good,0,14.9,92,0.0,3.2,63,899.3,89,8.8,9.8,317.0,8.5,48.0,1.6
2026-02-10 01:00:00,2026,2,10,1,Lâm Đồng,Xã Đam Rông 1,11.9218728,108.1287087,32,Good,0,14.2,96,0.0,3.0,52,898.6,77,8.7,9.8,286.0,8.7,44.0,1.5
2026-02-10 02:00:00,2026,2,10,2,Lâm Đồng,Xã Đam Rông 1,11.9218728,108.1287087,29,Good,0,14.2,96,0.0,3.5,69,898.2,38,8.7,9.7,262.0,8.7,41.0,1.4
2026-02-10 03:00:00,2026,2,10,3,Lâm Đồng,Xã Đam Rông 1,11.9218728,108.1287087,27,Good,0,14.2,95,0.0,4.0,80,898.1,46,8.7,9.8,240.0,8.5,40.0,1.3
2026-02-10 04:00:00,2026,2,10,4,Lâm Đồng,Xã Đam Rông 1,11.9218728,108.1287087,24,Good,0,14.2,93,0.0,5.2,92,898.1,23,8.8,9.9,227.0,8.4,40.0,1.3
2026-02-10 05:00:00,2026,2,10,5,Lâm Đồng,Xã Đam Rông 1,11.9218728,108.1287087,25,Good,0,14.1,92,0.0,5.3,82,898.2,96,8.9,10.1,227.0,8.6,40.0,1.4
2026-02-10 06:00:00,2026,2,10,6,Lâm Đồng,Xã Đam Rông 1,11.9218728,108.1287087,26,Good,0,14.2,91,0.0,5.5,79,898.4,88,9.1,10.3,234.0,8.8,41.0,1.5
2026-02-10 07:00:00,2026,2,10,7,Lâm Đồng,Xã Đam Rông 1,11.9218728,108.1287087,27,Good,0,16.3,85,0.0,5.4,82,899.7,98,15.0,16.9,240.0,7.5,43.0,1.3
2026-02-10 08:00:00,2026,2,10,8,Lâm Đồng,Xã Đam Rông 1,11.9218728,108.1287087,30,Good,0,20.0,73,0.0,3.5,21,901.8,100,12.6,15.0,241.0,5.7,57.0,1.2
2026-02-10 09:00:00,2026,2,10,9,Lâm Đồng,Xã Đam Rông 1,11.9218728,108.1287087,31,Good,0,22.0,68,0.0,4.0,360,902.7,100,10.2,12.8,240.0,3.1,77.0,1.1
2026-02-10 10:00:00,2026,2,10,10,Lâm Đồng,Xã Đam Rông 1,11.9218728,108.1287087,32,Good,0,23.3,66,0.0,6.0,343,903.1,98,8.2,10.5,239.0,1.2,91.0,1.0
2026-02-10 11:00:00,2026,2,10,11,Lâm Đồng,Xã Đam Rông 1,11.9218728,108.1287087,33,Good,0,24.9,62,0.0,5.5,337,902.8,98,6.7,8.6,238.0,0.6,94.0,0.9
2026-02-10 12:00:00,2026,2,10,12,Lâm Đồng,Xã Đam Rông 1,11.9218728,108.1287087,33,Good,0,25.0,62,0.1,7.3,350,902.1,86,5.9,7.4,237.0,0.5,92.0,0.7
2026-02-10 13:00:00,2026,2,10,13,Lâm Đồng,Xã Đam Rông 1,11.9218728,108.1287087,33,Good,0,22.5,75,0.4,10.6,360,901.1,96,5.1,6.4,235.0,0.7,89.0,0.6
2026-02-10 14:00:00,2026,2,10,14,Lâm Đồng,Xã Đam Rông 1,11.9218728,108.1287087,34,Good,0,24.1,66,0.1,8.5,21,900.7,94,4.7,5.9,229.0,0.7,87.0,0.5
2026-02-10 15:00:00,2026,2,10,15,Lâm Đồng,Xã Đam Rông 1,11.9218728,108.1287087,37,Good,0,24.4,64,0.1,8.7,4,900.4,96,4.7,5.7,223.0,0.9,85.0,0.5
2026-02-10 16:00:00,2026,2,10,16,Lâm Đồng,Xã Đam Rông 1,11.9218728,108.1287087,39,Good,0,23.2,69,0.0,11.0,356,900.2,100,5.2,6.1,223.0,1.6,80.0,0.6
2026-02-10 17:00:00,2026,2,10,17,Lâm Đồng,Xã Đam Rông 1,11.9218728,108.1287087,40,Good,0,21.7,76,0.0,8.8,355,900.2,100,5.4,5.9,232.0,3.3,72.0,0.9
2026-02-10 18:00:00,2026,2,10,18,Lâm Đồng,Xã Đam Rông 1,11.9218728,108.1287087,40,Good,0,20.0,84,0.0,5.2,4,900.7,100,6.0,6.5,248.0,5.6,62.0,1.3
2026-02-10 19:00:00,2026,2,10,19,Lâm Đồng,Xã Đam Rông 1,11.9218728,108.1287087,38,Good,0,18.8,93,0.0,3.8,295,901.2,97,5.7,5.8,275.0,8.3,57.0,2.0
2026-02-10 20:00:00,2026,2,10,20,Lâm Đồng,Xã Đam Rông 1,11.9218728,108.1287087,36,Good,0,18.1,97,0.0,4.0,85,901.4,30,6.7,6.8,328.0,8.6,53.0,2.0
2026-02-10 21:00:00,2026,2,10,21,Lâm Đồng,Xã Đam Rông 1,11.9218728,108.1287087,34,Good,0,17.6,100,0.0,4.3,88,901.4,99,6.8,7.0,392.0,8.9,46.0,2.1
2026-02-10 22:00:00,2026,2,10,22,Lâm Đồng,Xã Đam Rông 1,11.9218728,108.1287087,33,Good,0,17.6,99,0.0,5.2,68,901.3,26,6.6,6.8,427.0,9.0,41.0,2.0
2026-02-10 23:00:00,2026,2,10,23,Lâm Đồng,Xã Đam Rông 1,11.9218728,108.1287087,32,Good,0,17.6,99,0.0,5.6,63,901.6,97,6.4,6.7,408.0,8.6,38.0,1.8
2026-02-11 00:00:00,2026,2,11,0,Lâm Đồng,Xã Đam Rông 1,11.9218728,108.1287087,32,Good,0,17.4,99,0.0,4.8,59,901.2,98,5.8,6.1,360.0,8.0,36.0,1.5
2026-02-11 01:00:00,2026,2,11,1,Lâm Đồng,Xã Đam Rông 1,11.9218728,108.1287087,31,Good,0,17.3,100,0.0,3.6,30,901.0,100,5.5,5.8,315.0,7.6,34.0,1.3
2026-02-11 02:00:00,2026,2,11,2,Lâm Đồng,Xã Đam Rông 1,11.9218728,108.1287087,31,Good,0,17.2,100,0.0,5.2,49,900.7,100,5.3,5.5,282.0,7.6,31.0,1.2
2026-02-11 03:00:00,2026,2,11,3,Lâm Đồng,Xã Đam Rông 1,11.9218728,108.1287087,30,Good,0,16.8,100,0.0,5.8,51,900.4,99,5.3,5.6,253.0,7.9,28.0,1.2
2026-02-11 04:00:00,2026,2,11,4,Lâm Đồng,Xã Đam Rông 1,11.9218728,108.1287087,30,Good,0,16.7,100,0.0,5.3,55,900.3,100,5.4,5.6,234.0,8.0,26.0,1.2
2026-02-11 05:00:00,2026,2,11,5,Lâm Đồng,Xã Đam Rông 1,11.9218728,108.1287087,29,Good,0,16.8,99,0.0,5.5,63,900.8,100,5.5,5.8,232.0,8.1,25.0,1.4
2026-02-11 06:00:00,2026,2,11,6,Lâm Đồng,Xã Đam Rông 1,11.9218728,108.1287087,28,Good,0,16.7,98,0.0,5.7,58,901.5,100,5.7,6.0,241.0,8.0,26.0,1.6
2026-02-11 07:00:00,2026,2,11,7,Lâm Đồng,Xã Đam Rông 1,11.9218728,108.1287087,28,Good,0,17.5,96,0.0,5.7,49,902.1,100,8.0,8.6,245.0,6.4,36.0,1.6
2026-02-11 08:00:00,2026,2,11,8,Lâm Đồng,Xã Đam Rông 1,11.9218728,108.1287087,27,Good,0,19.6,91,0.0,5.2,29,903.7,100,6.3,6.7,239.0,5.0,49.0,1.4
2026-02-11 09:00:00,2026,2,11,9,Lâm Đồng,Xã Đam Rông 1,11.9218728,108.1287087,26,Good,0,20.1,89,0.1,4.9,10,904.6,100,3.9,4.2,228.0,3.1,67.0,1.2
2026-02-11 10:00:00,2026,2,11,10,Lâm Đồng,Xã Đam Rông 1,11.9218728,108.1287087,24,Good,0,21.0,83,0.1,3.9,13,905.1,100,2.7,2.8,219.0,1.7,80.0,1.0
2026-02-11 11:00:00,2026,2,11,11,Lâm Đồng,Xã Đam Rông 1,11.9218728,108.1287087,23,Good,0,21.7,80,0.2,4.7,353,904.3,100,2.1,2.2,214.0,1.3,83.0,0.8
2026-02-11 12:00:00,2026,2,11,12,Lâm Đồng,Xã Đam Rông 1,11.9218728,108.1287087,23,Good,0,23.5,74,0.3,8.8,351,903.6,100,1.8,1.9,210.0,1.3,81.0,0.6
2026-02-11 13:00:00,2026,2,11,13,Lâm Đồng,Xã Đam Rông 1,11.9218728,108.1287087,26,Good,0,21.8,86,2.2,9.6,352,902.5,94,2.4,2.5,206.0,1.4,80.0,0.5
2026-02-11 14:00:00,2026,2,11,14,Lâm Đồng,Xã Đam Rông 1,11.9218728,108.1287087,29,Good,0,20.3,93,1.3,9.0,347,901.6,77,2.4,2.4,199.0,1.1,82.0,0.4
2026-02-11 15:00:00,2026,2,11,15,Lâm Đồng,Xã Đam Rông 1,11.9218728,108.1287087,32,Good,0,20.8,93,0.2,10.0,351,901.1,100,2.3,2.4,192.0,0.8,84.0,0.5
2026-02-11 16:00:00,2026,2,11,16,Lâm Đồng,Xã Đam Rông 1,11.9218728,108.1287087,35,Good,0,21.1,88,0.4,8.1,356,900.9,98,2.2,2.3,196.0,1.2,83.0,0.6
2026-02-11 17:00:00,2026,2,11,17,Lâm Đồng,Xã Đam Rông 1,11.9218728,108.1287087,37,Good,0,20.9,88,0.2,7.1,10,901.0,72,2.2,2.3,214.0,2.9,76.0,1.0
2026-02-11 18:00:00,2026,2,11,18,Lâm Đồng,Xã Đam Rông 1,11.9218728,108.1287087,38,Good,0,19.9,89,0.1,3.9,28,901.1,62,2.9,3.0,243.0,5.2,66.0,1.4
2026-02-11 19:00:00,2026,2,11,19,Lâm Đồng,Xã Đam Rông 1,11.9218728,108.1287087,37,Good,0,18.8,98,0.1,3.9,16,901.3,97,3.6,3.8,288.0,6.4,59.0,1.7
2026-02-11 20:00:00,2026,2,11,20,Lâm Đồng,Xã Đam Rông 1,11.9218728,108.1287087,35,Good,0,18.3,99,0.0,4.6,79,901.6,49,3.7,3.9,373.0,6.5,56.0,1.7
2026-02-11 21:00:00,2026,2,11,21,Lâm Đồng,Xã Đam Rông 1,11.9218728,108.1287087,34,Good,0,17.8,99,0.0,3.8,73,901.3,58,3.7,3.9,473.0,6.6,52.0,1.7
2026-02-11 22:00:00,2026,2,11,22,Lâm Đồng,Xã Đam Rông 1,11.9218728,108.1287087,32,Good,0,17.2,100,0.0,3.8,82,901.0,98,3.8,4.1,524.0,6.7,49.0,1.6
2026-02-11 23:00:00,2026,2,11,23,Lâm Đồng,Xã Đam Rông 1,11.9218728,108.1287087,30,Good,0,16.8,100,0.0,5.0,92,900.3,100,3.9,4.2,482.0,6.7,46.0,1.5
2026-02-12 00:00:00,2026,2,12,0,Lâm Đồng,Xã Đam Rông 1,11.9218728,108.1287087,28,Good,0,16.2,100,0.0,5.1,100,900.2,100,3.8,4.2,390.0,6.7,44.0,1.3
2026-02-12 01:00:00,2026,2,12,1,Lâm Đồng,Xã Đam Rông 1,11.9218728,108.1287087,26,Good,0,16.1,100,0.0,5.2,86,899.7,100,3.7,4.1,308.0,6.6,42.0,1.1
2026-02-12 02:00:00,2026,2,12,2,Lâm Đồng,Xã Đam Rông 1,11.9218728,108.1287087,24,Good,0,15.9,99,0.0,5.4,75,898.9,98,3.7,4.0,254.0,6.5,40.0,1.0
2026-02-12 03:00:00,2026,2,12,3,Lâm Đồng,Xã Đam Rông 1,11.9218728,108.1287087,22,Good,0,15.8,99,0.0,4.8,70,898.5,98,3.5,3.8,211.0,6.3,37.0,0.8
2026-02-12 04:00:00,2026,2,12,4,Lâm Đồng,Xã Đam Rông 1,11.9218728,108.1287087,21,Good,0,15.5,98,0.0,3.8,71,898.4,89,3.5,3.8,185.0,6.2,36.0,0.8
2026-02-12 05:00:00,2026,2,12,5,Lâm Đồng,Xã Đam Rông 1,11.9218728,108.1287087,20,Good,0,15.4,98,0.0,3.5,66,898.8,57,3.5,3.8,186.0,6.5,35.0,0.9
2026-02-12 06:00:00,2026,2,12,6,Lâm Đồng,Xã Đam Rông 1,11.9218728,108.1287087,19,Good,0,15.3,97,0.0,3.8,65,899.3,96,3.9,4.1,203.0,6.8,36.0,1.1
2026-02-12 07:00:00,2026,2,12,7,Lâm Đồng,Xã Đam Rông 1,11.9218728,108.1287087,18,Good,0,16.5,97,0.0,5.1,42,900.5,100,5.1,5.5,215.0,6.6,42.0,1.2
2026-02-12 08:00:00,2026,2,12,8,Lâm Đồng,Xã Đam Rông 1,11.9218728,108.1287087,18,Good,0,18.3,100,0.0,5.3,12,901.9,100,4.8,5.5,210.0,5.0,53.0,1.1
2026-02-12 09:00:00,2026,2,12,9,Lâm Đồng,Xã Đam Rông 1,11.9218728,108.1287087,19,Good,0,20.2,86,0.0,5.8,353,903.3,65,4.2,5.3,199.0,2.8,67.0,1.0
2026-02-12 10:00:00,2026,2,12,10,Lâm Đồng,Xã Đam Rông 1,11.9218728,108.1287087,20,Good,0,22.4,76,0.0,8.1,356,903.8,52,3.8,4.8,189.0,1.1,78.0,0.9
2026-02-12 11:00:00,2026,2,12,11,Lâm Đồng,Xã Đam Rông 1,11.9218728,108.1287087,22,Good,0,23.9,67,0.0,8.1,13,903.4,86,3.1,3.9,180.0,0.6,80.0,0.8
2026-02-12 12:00:00,2026,2,12,12,Lâm Đồng,Xã Đam Rông 1,11.9218728,108.1287087,25,Good,0,24.4,65,0.3,9.6,8,902.5,75,2.8,3.3,172.0,0.6,78.0,0.6
2026-02-12 13:00:00,2026,2,12,13,Lâm Đồng,Xã Đam Rông 1,11.9218728,108.1287087,27,Good,0,24.2,65,0.3,9.4,7,901.7,98,2.9,3.4,167.0,0.7,76.0,0.5
2026-02-12 14:00:00,2026,2,12,14,Lâm Đồng,Xã Đam Rông 1,11.9218728,108.1287087,30,Good,0,23.7,65,0.0,7.6,28,900.8,94,3.0,3.5,166.0,0.5,75.0,0.4
2026-02-12 15:00:00,2026,2,12,15,Lâm Đồng,Xã Đam Rông 1,11.9218728,108.1287087,32,Good,0,23.3,69,0.3,9.6,13,900.0,48,3.1,3.6,168.0,0.5,74.0,0.5
2026-02-12 16:00:00,2026,2,12,16,Lâm Đồng,Xã Đam Rông 1,11.9218728,108.1287087,34,Good,0,22.4,74,0.1,8.0,350,899.7,81,3.2,3.8,176.0,1.1,71.0,0.6
2026-02-12 17:00:00,2026,2,12,17,Lâm Đồng,Xã Đam Rông 1,11.9218728,108.1287087,35,Good,0,21.7,76,0.0,6.7,346,899.8,100,3.6,4.1,191.0,2.9,66.0,1.0
2026-02-12 18:00:00,2026,2,12,18,Lâm Đồng,Xã Đam Rông 1,11.9218728,108.1287087,35,Good,0,20.2,85,0.0,2.9,349,900.0,100,4.6,5.0,212.0,5.4,58.0,1.5
2026-02-12 19:00:00,2026,2,12,19,Lâm Đồng,Xã Đam Rông 1,11.9218728,108.1287087,34,Good,0,19.5,84,0.0,2.8,345,900.4,100,9.1,10.3,238.0,7.7,48.0,1.8
2026-02-12 20:00:00,2026,2,12,20,Lâm Đồng,Xã Đam Rông 1,11.9218728,108.1287087,32,Good,0,18.8,87,0.1,1.4,130,900.7,90,9.5,10.2,274.0,9.0,46.0,2.2
2026-02-12 21:00:00,2026,2,12,21,Lâm Đồng,Xã Đam Rông 1,11.9218728,108.1287087,30,Good,0,17.7,93,0.1,5.0,111,900.5,66,10.4,11.0,315.0,10.8,42.0,2.8
2026-02-12 22:00:00,2026,2,12,22,Lâm Đồng,Xã Đam Rông 1,11.9218728,108.1287087,28,Good,0,17.1,98,0.0,5.6,111,900.4,95,11.1,11.7,340.0,12.3,39.0,3.2
2026-02-12 23:00:00,2026,2,12,23,Lâm Đồng,Xã Đam Rông 1,11.9218728,108.1287087,26,Good,0,16.7,99,0.0,6.1,113,900.1,44,11.6,12.3,338.0,13.1,36.0,3.2
2026-02-13 00:00:00,2026,2,13,0,Lâm Đồng,Xã Đam Rông 1,11.9218728,108.1287087,24,Good,0,16.2,100,0.0,3.5,111,899.8,100,11.6,12.2,320.0,13.6,34.0,2.9
2026-02-13 01:00:00,2026,2,13,1,Lâm Đồng,Xã Đam Rông 1,11.9218728,108.1287087,22,Good,0,16.3,97,0.0,2.6,65,899.2,96,10.9,11.6,298.0,13.8,32.0,2.7
2026-02-13 02:00:00,2026,2,13,2,Lâm Đồng,Xã Đam Rông 1,11.9218728,108.1287087,24,Good,0,15.9,97,0.0,3.3,68,898.2,33,10.6,11.4,270.0,13.6,31.0,2.5
2026-02-13 03:00:00,2026,2,13,3,Lâm Đồng,Xã Đam Rông 1,11.9218728,108.1287087,25,Good,0,15.8,95,0.0,4.1,56,897.6,38,10.5,11.3,238.0,13.0,31.0,2.3
2026-02-13 04:00:00,2026,2,13,4,Lâm Đồng,Xã Đam Rông 1,11.9218728,108.1287087,26,Good,0,15.8,94,0.0,4.0,63,897.3,100,10.4,11.3,221.0,12.5,32.0,2.1
2026-02-13 05:00:00,2026,2,13,5,Lâm Đồng,Xã Đam Rông 1,11.9218728,108.1287087,27,Good,0,15.5,94,0.0,4.5,74,897.3,45,11.4,12.1,235.0,12.5,32.0,1.9
2026-02-13 06:00:00,2026,2,13,6,Lâm Đồng,Xã Đam Rông 1,11.9218728,108.1287087,29,Good,0,15.6,90,0.0,3.6,81,897.4,24,12.3,13.0,263.0,12.7,32.0,1.6
2026-02-13 07:00:00,2026,2,13,7,Lâm Đồng,Xã Đam Rông 1,11.9218728,108.1287087,30,Good,0,16.7,82,0.0,5.6,75,898.6,17,16.9,17.9,275.0,9.0,41.0,1.9
2026-02-13 08:00:00,2026,2,13,8,Lâm Đồng,Xã Đam Rông 1,11.9218728,108.1287087,32,Good,0,20.0,75,0.0,4.1,49,900.3,25,12.8,13.9,253.0,6.7,55.0,1.7
2026-02-13 09:00:00,2026,2,13,9,Lâm Đồng,Xã Đam Rông 1,11.9218728,108.1287087,34,Good,0,22.5,65,0.0,3.1,24,901.7,97,9.2,11.0,216.0,3.5,73.0,1.4
2026-02-13 10:00:00,2026,2,13,10,Lâm Đồng,Xã Đam Rông 1,11.9218728,108.1287087,34,Good,0,24.7,56,0.0,3.1,324,902.1,100,7.2,9.0,188.0,1.2,87.0,1.2
2026-02-13 11:00:00,2026,2,13,11,Lâm Đồng,Xã Đam Rông 1,11.9218728,108.1287087,35,Good,0,25.7,54,0.0,4.2,340,901.6,100,5.9,7.5,182.0,0.5,91.0,1.1
2026-02-13 12:00:00,2026,2,13,12,Lâm Đồng,Xã Đam Rông 1,11.9218728,108.1287087,36,Good,0,26.5,52,0.0,2.7,8,900.8,98,4.9,6.0,186.0,0.6,89.0,1.0
2026-02-13 13:00:00,2026,2,13,13,Lâm Đồng,Xã Đam Rông 1,11.9218728,108.1287087,36,Good,0,27.4,47,0.0,4.7,97,900.2,94,4.2,5.0,187.0,0.8,87.0,0.9
2026-02-13 14:00:00,2026,2,13,14,Lâm Đồng,Xã Đam Rông 1,11.9218728,108.1287087,36,Good,0,27.2,47,0.0,3.8,65,899.2,100,3.9,4.5,176.0,0.8,86.0,0.9
2026-02-13 15:00:00,2026,2,13,15,Lâm Đồng,Xã Đam Rông 1,11.9218728,108.1287087,36,Good,0,26.4,50,0.1,4.8,63,898.9,100,3.9,4.3,161.0,0.9,83.0,0.9
2026-02-13 16:00:00,2026,2,13,16,Lâm Đồng,Xã Đam Rông 1,11.9218728,108.1287087,38,Good,0,25.4,56,0.1,6.3,51,898.8,100,4.3,4.7,162.0,1.7,79.0,1.0
2026-02-13 17:00:00,2026,2,13,17,Lâm Đồng,Xã Đam Rông 1,11.9218728,108.1287087,39,Good,0,24.2,62,0.0,6.3,357,899.3,100,5.4,5.8,190.0,3.8,71.0,1.4
2026-02-13 18:00:00,2026,2,13,18,Lâm Đồng,Xã Đam Rông 1,11.9218728,108.1287087,39,Good,0,21.7,76,0.0,4.6,324,899.8,100,6.8,7.2,232.0,6.6,61.0,1.9
2026-02-13 19:00:00,2026,2,13,19,Lâm Đồng,Xã Đam Rông 1,11.9218728,108.1287087,38,Good,0,20.5,91,0.0,1.5,21,899.8,100,11.0,11.9,269.0,9.8,53.0,2.6
2026-02-13 20:00:00,2026,2,13,20,Lâm Đồng,Xã Đam Rông 1,11.9218728,108.1287087,38,Good,0,19.4,97,0.0,3.2,308,900.1,100,11.6,12.3,297.0,10.7,49.0,2.8
2026-02-13 21:00:00,2026,2,13,21,Lâm Đồng,Xã Đam Rông 1,11.9218728,108.1287087,38,Good,0,18.6,97,0.0,2.4,27,900.6,100,12.2,13.0,319.0,11.9,44.0,3.2
2026-02-13 22:00:00,2026,2,13,22,Lâm Đồng,Xã Đam Rông 1,11.9218728,108.1287087,38,Good,0,18.1,96,0.0,3.7,61,900.4,100,12.6,13.4,331.0,12.7,40.0,3.3
2026-02-13 23:00:00,2026,2,13,23,Lâm Đồng,Xã Đam Rông 1,11.9218728,108.1287087,39,Good,0,17.9,95,0.0,5.0,52,899.9,100,12.6,13.3,328.0,12.8,37.0,3.1
2026-02-14 00:00:00,2026,2,14,0,Lâm Đồng,Xã Đam Rông 1,11.9218728,108.1287087,39,Good,0,17.5,96,0.0,4.9,54,899.4,100,12.1,12.8,314.0,12.4,36.0,2.6
2026-02-14 01:00:00,2026,2,14,1,Lâm Đồng,Xã Đam Rông 1,11.9218728,108.1287087,39,Good,0,16.8,97,0.0,5.1,51,898.6,99,12.0,12.7,297.0,12.0,34.0,2.2
2026-02-14 02:00:00,2026,2,14,2,Lâm Đồng,Xã Đam Rông 1,11.9218728,108.1287087,39,Good,0,17.0,95,0.0,4.7,81,898.0,100,12.0,12.7,274.0,11.5,32.0,1.8
2026-02-14 03:00:00,2026,2,14,3,Lâm Đồng,Xã Đam Rông 1,11.9218728,108.1287087,39,Good,0,16.8,95,0.0,4.6,77,897.4,98,11.6,12.3,248.0,10.8,31.0,1.5
2026-02-14 04:00:00,2026,2,14,4,Lâm Đồng,Xã Đam Rông 1,11.9218728,108.1287087,39,Good,0,16.6,92,0.0,3.5,69,896.9,99,11.0,11.6,229.0,10.2,31.0,1.3
2026-02-14 05:00:00,2026,2,14,5,Lâm Đồng,Xã Đam Rông 1,11.9218728,108.1287087,40,Good,0,16.5,91,0.0,3.4,84,897.0,95,10.4,11.0,227.0,9.9,31.0,1.3
2026-02-14 06:00:00,2026,2,14,6,Lâm Đồng,Xã Đam Rông 1,11.9218728,108.1287087,39,Good,0,16.5,89,0.0,3.8,95,897.6,91,10.1,10.6,233.0,9.6,31.0,1.4
2026-02-14 07:00:00,2026,2,14,7,Lâm Đồng,Xã Đam Rông 1,11.9218728,108.1287087,39,Good,0,19.0,81,0.0,4.1,88,899.0,100,12.3,12.9,233.0,8.9,37.0,1.6
2026-02-14 08:00:00,2026,2,14,8,Lâm Đồng,Xã Đam Rông 1,11.9218728,108.1287087,38,Good,0,21.5,77,0.0,2.9,86,900.7,100,11.5,12.2,220.0,6.7,53.0,1.5
2026-02-14 09:00:00,2026,2,14,9,Lâm Đồng,Xã Đam Rông 1,11.9218728,108.1287087,38,Good,0,24.0,61,0.0,1.3,34,902.2,60,8.1,9.0,201.0,3.7,75.0,1.4
2026-02-14 10:00:00,2026,2,14,10,Lâm Đồng,Xã Đam Rông 1,11.9218728,108.1287087,38,Good,0,25.4,54,0.0,3.8,319,902.4,68,6.9,7.7,186.0,1.4,92.0,1.3
2026-02-14 11:00:00,2026,2,14,11,Lâm Đồng,Xã Đam Rông 1,11.9218728,108.1287087,38,Good,0,26.4,51,0.0,4.6,349,902.0,100,6.7,7.5,179.0,0.6,98.0,1.2
2026-02-14 12:00:00,2026,2,14,12,Lâm Đồng,Xã Đam Rông 1,11.9218728,108.1287087,38,Good,0,26.7,51,0.3,4.4,19,901.2,100,6.7,7.5,177.0,0.7,98.0,1.0
2026-02-14 13:00:00,2026,2,14,13,Lâm Đồng,Xã Đam Rông 1,11.9218728,108.1287087,38,Good,0,25.2,56,0.6,6.6,17,900.5,100,6.9,7.7,175.0,0.8,97.0,0.9
2026-02-14 14:00:00,2026,2,14,14,Lâm Đồng,Xã Đam Rông 1,11.9218728,108.1287087,39,Good,0,24.9,59,0.3,5.3,12,899.5,100,7.1,8.0,171.0,0.6,97.0,0.8
2026-02-14 15:00:00,2026,2,14,15,Lâm Đồng,Xã Đam Rông 1,11.9218728,108.1287087,39,Good,0,25.1,56,0.0,5.0,15,899.1,100,7.3,8.2,167.0,0.6,95.0,0.8
2026-02-14 16:00:00,2026,2,14,16,Lâm Đồng,Xã Đam Rông 1,11.9218728,108.1287087,41,Good,0,24.7,56,0.0,6.5,352,898.7,100,7.6,8.5,173.0,1.3,90.0,0.9
2026-02-14 17:00:00,2026,2,14,17,Lâm Đồng,Xã Đam Rông 1,11.9218728,108.1287087,43,Good,0,24.0,59,0.0,7.8,331,898.8,100,8.0,8.8,195.0,3.5,80.0,1.3
2026-02-14 18:00:00,2026,2,14,18,Lâm Đồng,Xã Đam Rông 1,11.9218728,108.1287087,43,Good,0,21.5,70,0.0,4.8,318,899.0,100,9.0,9.7,227.0,6.6,67.0,1.9
2026-02-14 19:00:00,2026,2,14,19,Lâm Đồng,Xã Đam Rông 1,11.9218728,108.1287087,42,Good,0,20.1,82,0.0,5.9,333,899.4,100,11.5,12.3,253.0,9.5,61.0,2.6
2026-02-14 20:00:00,2026,2,14,20,Lâm Đồng,Xã Đam Rông 1,11.9218728,108.1287087,41,Good,0,18.8,87,0.0,4.0,5,899.7,100,11.6,12.4,269.0,9.6,56.0,2.6
2026-02-14 21:00:00,2026,2,14,21,Lâm Đồng,Xã Đam Rông 1,11.9218728,108.1287087,41,Good,0,17.9,92,0.0,3.2,56,899.6,100,11.4,12.1,279.0,9.7,49.0,2.6
2026-02-14 22:00:00,2026,2,14,22,Lâm Đồng,Xã Đam Rông 1,11.9218728,108.1287087,41,Good,0,17.7,92,0.0,4.5,61,899.5,100,10.9,11.6,284.0,9.8,44.0,2.5
2026-02-14 23:00:00,2026,2,14,23,Lâm Đồng,Xã Đam Rông 1,11.9218728,108.1287087,41,Good,0,17.6,93,0.0,5.0,55,899.1,100,10.6,11.3,285.0,10.0,41.0,2.4
2026-02-15 00:00:00,2026,2,15,0,Lâm Đồng,Xã Đam Rông 1,11.9218728,108.1287087,41,Good,0,17.7,92,0.0,4.8,65,898.6,100,10.3,11.1,281.0,10.2,40.0,2.2
2026-02-15 01:00:00,2026,2,15,1,Lâm Đồng,Xã Đam Rông 1,11.9218728,108.1287087,40,Good,0,17.3,94,0.0,3.2,71,897.6,95,10.0,10.9,269.0,10.4,38.0,2.0
2026-02-15 02:00:00,2026,2,15,2,Lâm Đồng,Xã Đam Rông 1,11.9218728,108.1287087,40,Good,0,17.2,89,0.0,2.9,83,896.9,71,9.8,10.6,242.0,10.4,34.0,1.7
2026-02-15 03:00:00,2026,2,15,3,Lâm Đồng,Xã Đam Rông 1,11.9218728,108.1287087,39,Good,0,17.1,84,0.0,2.0,100,896.5,55,9.5,10.2,206.0,10.4,29.0,1.5
2026-02-15 04:00:00,2026,2,15,4,Lâm Đồng,Xã Đam Rông 1,11.9218728,108.1287087,39,Good,0,17.3,79,0.0,2.8,117,896.6,27,9.1,9.8,183.0,10.3,26.0,1.3
2026-02-15 05:00:00,2026,2,15,5,Lâm Đồng,Xã Đam Rông 1,11.9218728,108.1287087,39,Good,0,17.4,76,0.0,4.3,118,897.1,6,8.8,9.4,184.0,10.5,24.0,1.3
2026-02-15 06:00:00,2026,2,15,6,Lâm Đồng,Xã Đam Rông 1,11.9218728,108.1287087,38,Good,0,16.9,78,0.0,4.5,113,897.6,18,8.5,9.1,198.0,10.7,23.0,1.4
2026-02-15 07:00:00,2026,2,15,7,Lâm Đồng,Xã Đam Rông 1,11.9218728,108.1287087,38,Good,0,18.5,79,0.0,7.6,121,899.0,91,15.3,16.7,203.0,9.4,36.0,1.5
2026-02-15 08:00:00,2026,2,15,8,Lâm Đồng,Xã Đam Rông 1,11.9218728,108.1287087,39,Good,0,21.7,70,0.0,3.3,103,900.7,22,13.9,15.4,190.0,7.1,48.0,1.5
2026-02-15 09:00:00,2026,2,15,9,Lâm Đồng,Xã Đam Rông 1,11.9218728,108.1287087,39,Good,0,23.6,61,0.0,2.7,356,901.9,13,12.3,15.1,169.0,3.8,64.0,1.4
2026-02-15 10:00:00,2026,2,15,10,Lâm Đồng,Xã Đam Rông 1,11.9218728,108.1287087,40,Good,0,24.8,58,0.0,5.9,342,902.1,35,11.0,14.2,153.0,1.4,76.0,1.3
2026-02-15 11:00:00,2026,2,15,11,Lâm Đồng,Xã Đam Rông 1,11.9218728,108.1287087,41,Good,0,25.9,57,0.0,2.8,345,901.9,28,10.1,13.3,148.0,0.6,80.0,1.2
2026-02-15 12:00:00,2026,2,15,12,Lâm Đồng,Xã Đam Rông 1,11.9218728,108.1287087,41,Good,0,26.4,56,0.2,3.3,351,901.2,27,9.6,12.6,148.0,0.6,81.0,1.1
2026-02-15 13:00:00,2026,2,15,13,Lâm Đồng,Xã Đam Rông 1,11.9218728,108.1287087,42,Good,0,27.1,52,0.1,6.5,13,900.5,27,9.0,11.8,150.0,0.7,81.0,1.0
2026-02-15 14:00:00,2026,2,15,14,Lâm Đồng,Xã Đam Rông 1,11.9218728,108.1287087,42,Good,0,26.0,55,0.2,6.7,20,899.1,19,8.6,11.2,147.0,0.3,83.0,0.9
2026-02-15 15:00:00,2026,2,15,15,Lâm Đồng,Xã Đam Rông 1,11.9218728,108.1287087,42,Good,0,25.5,59,0.2,8.8,17,898.6,4,8.1,10.5,146.0,0.0,85.0,0.8
2026-02-15 16:00:00,2026,2,15,16,Lâm Đồng,Xã Đam Rông 1,11.9218728,108.1287087,42,Good,0,25.0,62,0.0,7.1,30,898.4,2,7.9,10.1,159.0,0.9,82.0,0.9
2026-02-15 17:00:00,2026,2,15,17,Lâm Đồng,Xã Đam Rông 1,11.9218728,108.1287087,43,Good,0,24.0,63,0.0,3.6,37,898.5,28,8.5,10.4,200.0,3.9,72.0,1.5
2026-02-15 18:00:00,2026,2,15,18,Lâm Đồng,Xã Đam Rông 1,11.9218728,108.1287087,43,Good,0,21.5,80,0.0,1.2,27,898.1,54,9.3,10.4,256.0,8.1,58.0,2.2
2026-02-15 19:00:00,2026,2,15,19,Lâm Đồng,Xã Đam Rông 1,11.9218728,108.1287087,43,Good,0,20.3,90,0.0,0.4,90,898.2,95,8.4,8.7,298.0,13.6,45.0,3.2
2026-02-15 20:00:00,2026,2,15,20,Lâm Đồng,Xã Đam Rông 1,11.9218728,108.1287087,42,Good,0,19.7,84,0.0,4.2,133,898.6,30,9.7,10.0,317.0,15.0,40.0,3.5
2026-02-15 21:00:00,2026,2,15,21,Lâm Đồng,Xã Đam Rông 1,11.9218728,108.1287087,42,Good,0,18.8,79,0.0,4.6,129,898.5,43,10.4,10.7,323.0,16.9,32.0,3.9
2026-02-15 22:00:00,2026,2,15,22,Lâm Đồng,Xã Đam Rông 1,11.9218728,108.1287087,42,Good,0,18.0,79,0.0,3.7,119,898.1,31,11.1,11.3,315.0,18.3,26.0,4.0
2026-02-15 23:00:00,2026,2,15,23,Lâm Đồng,Xã Đam Rông 1,11.9218728,108.1287087,42,Good,0,17.5,78,0.0,3.4,108,897.7,23,11.5,11.7,287.0,18.6,23.0,3.7
2026-02-16 00:00:00,2026,2,16,0,Lâm Đồng,Xã Đam Rông 1,11.9218728,108.1287087,42,Good,0,16.6,79,0.0,3.1,103,897.4,27,11.4,11.6,245.0,18.3,21.0,3.2
2026-02-16 01:00:00,2026,2,16,1,Lâm Đồng,Xã Đam Rông 1,11.9218728,108.1287087,42,Good,0,16.8,93,0.0,2.8,35,897.5,45,11.6,11.7,208.0,17.9,19.0,2.7
2026-02-16 02:00:00,2026,2,16,2,Lâm Đồng,Xã Đam Rông 1,11.9218728,108.1287087,42,Good,0,16.2,97,0.0,2.7,67,896.9,58,11.8,12.0,180.0,17.5,16.0,2.1
2026-02-16 03:00:00,2026,2,16,3,Lâm Đồng,Xã Đam Rông 1,11.9218728,108.1287087,43,Good,0,15.8,97,0.0,2.5,86,896.2,52,12.5,12.7,156.0,17.0,14.0,1.4
2026-02-16 04:00:00,2026,2,16,4,Lâm Đồng,Xã Đam Rông 1,11.9218728,108.1287087,43,Good,0,16.1,93,0.0,3.2,90,896.3,70,12.4,12.6,145.0,16.0,14.0,1.0
2026-02-16 05:00:00,2026,2,16,5,Lâm Đồng,Xã Đam Rông 1,11.9218728,108.1287087,44,Good,0,16.3,85,0.0,3.4,84,896.3,7,11.8,12.0,157.0,14.3,18.0,0.9
2026-02-16 06:00:00,2026,2,16,6,Lâm Đồng,Xã Đam Rông 1,11.9218728,108.1287087,44,Good,0,17.0,72,0.0,3.2,74,897.0,36,11.0,11.3,181.0,12.2,24.0,1.1
2026-02-16 07:00:00,2026,2,16,7,Lâm Đồng,Xã Đam Rông 1,11.9218728,108.1287087,45,Good,0,18.3,57,0.0,3.6,63,898.3,13,20.7,21.2,195.0,9.5,36.0,1.3
2026-02-16 08:00:00,2026,2,16,8,Lâm Đồng,Xã Đam Rông 1,11.9218728,108.1287087,46,Good,0,21.7,56,0.0,3.8,71,900.3,16,17.6,18.4,185.0,7.1,49.0,1.2
2026-02-16 09:00:00,2026,2,16,9,Lâm Đồng,Xã Đam Rông 1,11.9218728,108.1287087,46,Good,0,24.2,46,0.0,2.3,45,901.5,0,10.8,12.2,163.0,3.7,67.0,1.1
2026-02-16 10:00:00,2026,2,16,10,Lâm Đồng,Xã Đam Rông 1,11.9218728,108.1287087,46,Good,0,26.0,39,0.0,2.7,340,902.0,57,8.2,9.6,147.0,1.2,81.0,1.0
2026-02-16 11:00:00,2026,2,16,11,Lâm Đồng,Xã Đam Rông 1,11.9218728,108.1287087,45,Good,0,27.2,39,0.0,3.7,321,902.0,52,6.6,7.9,142.0,0.4,86.0,0.9
2026-02-16 12:00:00,2026,2,16,12,Lâm Đồng,Xã Đam Rông 1,11.9218728,108.1287087,45,Good,0,28.3,39,0.0,4.9,327,901.1,47,6.0,7.2,143.0,0.5,86.0,0.8
2026-02-16 13:00:00,2026,2,16,13,Lâm Đồng,Xã Đam Rông 1,11.9218728,108.1287087,44,Good,0,27.6,42,0.0,10.3,358,900.4,56,5.8,7.1,144.0,0.7,86.0,0.8
2026-02-16 14:00:00,2026,2,16,14,Lâm Đồng,Xã Đam Rông 1,11.9218728,108.1287087,44,Good,0,26.8,48,0.2,6.5,14,899.4,56,5.9,7.2,142.0,0.5,87.0,0.7
2026-02-16 15:00:00,2026,2,16,15,Lâm Đồng,Xã Đam Rông 1,11.9218728,108.1287087,43,Good,0,26.8,48,0.2,5.5,73,898.8,34,5.7,6.9,141.0,0.3,86.0,0.7
2026-02-16 16:00:00,2026,2,16,16,Lâm Đồng,Xã Đam Rông 1,11.9218728,108.1287087,43,Good,0,25.6,53,0.1,7.3,38,898.8,38,5.8,7.0,150.0,1.0,83.0,0.8
2026-02-16 17:00:00,2026,2,16,17,Lâm Đồng,Xã Đam Rông 1,11.9218728,108.1287087,42,Good,0,24.0,61,0.0,7.9,359,898.4,33,6.0,6.9,174.0,3.2,74.0,1.2
2026-02-16 18:00:00,2026,2,16,18,Lâm Đồng,Xã Đam Rông 1,11.9218728,108.1287087,42,Good,0,21.8,73,0.0,5.0,360,897.8,9,7.0,7.6,209.0,6.2,62.0,1.8
2026-02-16 19:00:00,2026,2,16,19,Lâm Đồng,Xã Đam Rông 1,11.9218728,108.1287087,42,Good,0,20.1,99,0.0,4.7,122,897.6,17,7.7,8.3,244.0,10.1,48.0,2.5
2026-02-16 20:00:00,2026,2,16,20,Lâm Đồng,Xã Đam Rông 1,11.9218728,108.1287087,41,Good,0,19.6,100,0.0,1.5,144,898.1,96,8.1,8.7,288.0,9.8,45.0,2.4
2026-02-16 21:00:00,2026,2,16,21,Lâm Đồng,Xã Đam Rông 1,11.9218728,108.1287087,41,Good,0,19.3,97,0.0,1.2,117,898.1,0,7.9,8.5,333.0,9.4,40.0,2.3
2026-02-16 22:00:00,2026,2,16,22,Lâm Đồng,Xã Đam Rông 1,11.9218728,108.1287087,41,Good,0,18.9,95,0.0,2.8,101,898.0,3,8.4,8.9,348.0,9.3,36.0,2.2
2026-02-16 23:00:00,2026,2,16,23,Lâm Đồng,Xã Đam Rông 1,11.9218728,108.1287087,40,Good,0,17.8,95,0.0,3.5,111,897.7,86,9.0,9.5,307.0,9.8,33.0,2.1
2026-02-17 00:00:00,2026,2,17,0,Lâm Đồng,Xã Đam Rông 1,11.9218728,108.1287087,40,Good,0,16.7,95,0.0,3.3,99,897.2,97,9.3,9.8,235.0,10.7,30.0,2.1
2026-02-17 01:00:00,2026,2,17,1,Lâm Đồng,Xã Đam Rông 1,11.9218728,108.1287087,40,Good,0,16.6,94,0.0,4.1,88,896.8,98,10.1,10.6,177.0,11.3,28.0,2.0
2026-02-17 02:00:00,2026,2,17,2,Lâm Đồng,Xã Đam Rông 1,11.9218728,108.1287087,39,Good,0,15.4,94,0.0,4.9,96,895.9,100,10.5,11.0,150.0,11.4,26.0,1.8
2026-02-17 03:00:00,2026,2,17,3,Lâm Đồng,Xã Đam Rông 1,11.9218728,108.1287087,39,Good,0,14.7,92,0.0,5.0,103,895.1,88,10.5,11.1,137.0,11.3,24.0,1.6
2026-02-17 04:00:00,2026,2,17,4,Lâm Đồng,Xã Đam Rông 1,11.9218728,108.1287087,39,Good,0,14.3,90,0.0,4.9,100,895.0,84,10.5,11.1,135.0,11.2,24.0,1.5
2026-02-17 05:00:00,2026,2,17,5,Lâm Đồng,Xã Đam Rông 1,11.9218728,108.1287087,38,Good,0,14.1,89,0.0,5.6,94,895.0,69,10.5,11.1,151.0,11.6,26.0,1.6
2026-02-17 06:00:00,2026,2,17,6,Lâm Đồng,Xã Đam Rông 1,11.9218728,108.1287087,38,Good,0,13.8,88,0.0,5.4,96,895.4,55,10.8,11.4,177.0,12.0,29.0,1.7
2026-02-17 07:00:00,2026,2,17,7,Lâm Đồng,Xã Đam Rông 1,11.9218728,108.1287087,38,Good,0,16.4,80,0.0,3.8,85,897.2,78,16.1,16.8,193.0,10.2,40.0,1.9
2026-02-17 08:00:00,2026,2,17,8,Lâm Đồng,Xã Đam Rông 1,11.9218728,108.1287087,37,Good,0,19.9,75,0.0,3.7,79,899.4,39,12.5,13.5,186.0,7.5,52.0,1.8
2026-02-17 09:00:00,2026,2,17,9,Lâm Đồng,Xã Đam Rông 1,11.9218728,108.1287087,36,Good,0,23.1,50,0.0,2.5,21,901.2,78,10.5,12.5,167.0,3.9,69.0,1.7
2026-02-17 10:00:00,2026,2,17,10,Lâm Đồng,Xã Đam Rông 1,11.9218728,108.1287087,36,Good,0,25.1,41,0.0,3.2,3,901.9,85,9.5,11.5,151.0,1.2,82.0,1.6
2026-02-17 11:00:00,2026,2,17,11,Lâm Đồng,Xã Đam Rông 1,11.9218728,108.1287087,37,Good,0,26.5,41,0.0,4.1,331,901.9,7,8.8,10.7,142.0,0.4,87.0,1.5
2026-02-17 12:00:00,2026,2,17,12,Lâm Đồng,Xã Đam Rông 1,11.9218728,108.1287087,37,Good,0,27.6,38,0.0,3.1,336,901.4,66,8.3,10.1,136.0,0.6,87.0,1.3
2026-02-17 13:00:00,2026,2,17,13,Lâm Đồng,Xã Đam Rông 1,11.9218728,108.1287087,37,Good,0,28.1,36,0.0,4.5,7,900.9,100,7.9,9.5,132.0,0.8,87.0,1.2
2026-02-17 14:00:00,2026,2,17,14,Lâm Đồng,Xã Đam Rông 1,11.9218728,108.1287087,38,Good,0,27.8,35,0.0,4.1,15,900.0,99,7.5,8.8,126.0,0.6,88.0,1.1
2026-02-17 15:00:00,2026,2,17,15,Lâm Đồng,Xã Đam Rông 1,11.9218728,108.1287087,38,Good,0,27.2,37,0.0,4.6,36,899.5,100,7.2,8.2,123.0,0.5,88.0,1.0
2026-02-17 16:00:00,2026,2,17,16,Lâm Đồng,Xã Đam Rông 1,11.9218728,108.1287087,38,Good,0,25.9,42,0.0,5.0,35,899.3,98,7.1,8.0,129.0,1.0,84.0,1.0
2026-02-17 17:00:00,2026,2,17,17,Lâm Đồng,Xã Đam Rông 1,11.9218728,108.1287087,39,Good,0,24.8,48,0.0,3.9,332,899.3,100,7.3,8.1,152.0,2.5,74.0,1.2
2026-02-17 18:00:00,2026,2,17,18,Lâm Đồng,Xã Đam Rông 1,11.9218728,108.1287087,39,Good,0,21.9,67,0.0,1.5,277,898.6,99,7.8,8.3,186.0,4.6,62.0,1.6
2026-02-17 19:00:00,2026,2,17,19,Lâm Đồng,Xã Đam Rông 1,11.9218728,108.1287087,39,Good,0,20.3,76,0.0,0.6,146,898.7,100,7.1,7.5,218.0,6.3,52.0,1.9
2026-02-17 20:00:00,2026,2,17,20,Lâm Đồng,Xã Đam Rông 1,11.9218728,108.1287087,39,Good,0,19.0,79,0.0,3.0,107,899.1,99,6.8,7.3,253.0,6.5,48.0,1.9
2026-02-17 21:00:00,2026,2,17,21,Lâm Đồng,Xã Đam Rông 1,11.9218728,108.1287087,39,Good,0,17.7,82,0.0,4.2,95,899.3,100,6.9,7.4,288.0,6.8,42.0,1.9
2026-02-17 22:00:00,2026,2,17,22,Lâm Đồng,Xã Đam Rông 1,11.9218728,108.1287087,38,Good,0,16.4,83,0.0,6.3,83,899.0,66,7.4,7.9,299.0,7.0,37.0,1.9
2026-02-17 23:00:00,2026,2,17,23,Lâm Đồng,Xã Đam Rông 1,11.9218728,108.1287087,38,Good,0,15.6,80,0.0,6.8,79,898.8,69,7.7,8.3,267.0,7.2,34.0,1.7
2026-02-18 00:00:00,2026,2,18,0,Lâm Đồng,Xã Đam Rông 1,11.9218728,108.1287087,38,Good,0,15.1,78,0.0,5.8,74,898.8,88,7.5,8.1,211.0,7.4,31.0,1.5
2026-02-18 01:00:00,2026,2,18,1,Lâm Đồng,Xã Đam Rông 1,11.9218728,108.1287087,38,Good,0,14.8,82,0.0,6.0,57,898.3,0,7.2,7.8,169.0,7.4,29.0,1.3
2026-02-18 02:00:00,2026,2,18,2,Lâm Đồng,Xã Đam Rông 1,11.9218728,108.1287087,37,Good,0,14.4,84,0.0,5.2,46,898.1,12,7.1,7.6,155.0,7.2,28.0,1.1
2026-02-18 03:00:00,2026,2,18,3,Lâm Đồng,Xã Đam Rông 1,11.9218728,108.1287087,37,Good,0,14.0,89,0.0,4.1,49,897.9,73,7.1,7.5,155.0,6.8,28.0,0.9
2026-02-18 04:00:00,2026,2,18,4,Lâm Đồng,Xã Đam Rông 1,11.9218728,108.1287087,36,Good,0,13.8,93,0.0,4.5,61,897.7,48,6.8,7.2,159.0,6.4,28.0,0.8
2026-02-18 05:00:00,2026,2,18,5,Lâm Đồng,Xã Đam Rông 1,11.9218728,108.1287087,35,Good,0,13.9,93,0.0,5.1,63,898.0,41,6.4,6.8,166.0,6.1,28.0,0.8
2026-02-18 06:00:00,2026,2,18,6,Lâm Đồng,Xã Đam Rông 1,11.9218728,108.1287087,35,Good,0,14.1,93,0.0,5.2,59,898.6,41,6.1,6.4,178.0,5.8,29.0,0.9
2026-02-18 07:00:00,2026,2,18,7,Lâm Đồng,Xã Đam Rông 1,11.9218728,108.1287087,34,Good,0,16.4,86,0.0,6.8,68,900.1,60,13.2,14.1,184.0,5.9,29.0,1.0
2026-02-18 08:00:00,2026,2,18,8,Lâm Đồng,Xã Đam Rông 1,11.9218728,108.1287087,33,Good,0,19.6,74,0.0,4.8,45,901.7,5,9.5,10.8,181.0,4.5,41.0,1.0
2026-02-18 09:00:00,2026,2,18,9,Lâm Đồng,Xã Đam Rông 1,11.9218728,108.1287087,33,Good,0,21.9,66,0.0,7.1,19,902.5,82,8.7,11.1,173.0,2.5,58.0,0.9
2026-02-18 10:00:00,2026,2,18,10,Lâm Đồng,Xã Đam Rông 1,11.9218728,108.1287087,32,Good,0,24.3,59,0.0,9.8,26,903.1,100,8.1,10.4,165.0,1.0,71.0,0.8
2026-02-18 11:00:00,2026,2,18,11,Lâm Đồng,Xã Đam Rông 1,11.9218728,108.1287087,32,Good,0,26.6,45,0.0,10.2,30,903.1,100,7.5,9.4,158.0,0.5,75.0,0.7
2026-02-18 12:00:00,2026,2,18,12,Lâm Đồng,Xã Đam Rông 1,11.9218728,108.1287087,32,Good,0,27.9,40,0.0,10.0,20,902.3,100,7.0,8.6,150.0,0.6,76.0,0.6
2026-02-18 13:00:00,2026,2,18,13,Lâm Đồng,Xã Đam Rông 1,11.9218728,108.1287087,32,Good,0,29.3,34,0.0,10.4,42,901.9,100,6.8,8.1,146.0,0.7,75.0,0.5
2026-02-18 14:00:00,2026,2,18,14,Lâm Đồng,Xã Đam Rông 1,11.9218728,108.1287087,32,Good,0,28.7,36,0.0,10.5,38,900.8,98,6.5,7.7,144.0,0.7,75.0,0.5
2026-02-18 15:00:00,2026,2,18,15,Lâm Đồng,Xã Đam Rông 1,11.9218728,108.1287087,31,Good,0,28.1,37,0.0,12.3,34,900.3,88,6.2,7.1,145.0,0.7,74.0,0.5
2026-02-18 16:00:00,2026,2,18,16,Lâm Đồng,Xã Đam Rông 1,11.9218728,108.1287087,32,Good,0,26.6,42,0.0,14.7,29,899.9,27,6.4,7.2,152.0,1.0,72.0,0.6
2026-02-18 17:00:00,2026,2,18,17,Lâm Đồng,Xã Đam Rông 1,11.9218728,108.1287087,33,Good,0,24.8,46,0.0,13.3,28,899.7,25,6.9,7.6,168.0,1.7,69.0,0.8
2026-02-18 18:00:00,2026,2,18,18,Lâm Đồng,Xã Đam Rông 1,11.9218728,108.1287087,34,Good,0,21.7,58,0.0,11.4,35,899.3,62,7.6,8.2,190.0,2.7,65.0,1.0
2026-02-18 19:00:00,2026,2,18,19,Lâm Đồng,Xã Đam Rông 1,11.9218728,108.1287087,34,Good,0,19.9,70,0.0,9.0,26,899.8,98,9.3,10.5,208.0,3.3,60.0,1.1
2026-02-18 20:00:00,2026,2,18,20,Lâm Đồng,Xã Đam Rông 1,11.9218728,108.1287087,33,Good,0,18.4,80,0.0,6.2,22,900.2,100,8.6,9.6,217.0,3.2,60.0,1.1
2026-02-18 21:00:00,2026,2,18,21,Lâm Đồng,Xã Đam Rông 1,11.9218728,108.1287087,32,Good,0,17.3,88,0.0,5.5,13,900.6,100,8.1,9.0,221.0,3.1,60.0,1.0
2026-02-18 22:00:00,2026,2,18,22,Lâm Đồng,Xã Đam Rông 1,11.9218728,108.1287087,32,Good,0,16.6,95,0.0,5.0,13,900.6,19,7.4,8.3,225.0,3.0,61.0,0.9
2026-02-18 23:00:00,2026,2,18,23,Lâm Đồng,Xã Đam Rông 1,11.9218728,108.1287087,32,Good,0,16.0,98,0.0,5.4,21,900.4,16,6.5,7.3,232.0,2.8,62.0,0.7
2026-02-19 00:00:00,2026,2,19,0,Lâm Đồng,Xã Đam Rông 1,11.9218728,108.1287087,32,Good,0,15.6,100,0.0,5.2,27,900.4,100,5.6,6.4,238.0,2.7,64.0,0.5
2026-02-19 01:00:00,2026,2,19,1,Lâm Đồng,Xã Đam Rông 1,11.9218728,108.1287087,31,Good,0,15.8,100,0.0,5.2,27,900.3,100,4.9,5.6,242.0,2.6,64.0,0.4
2026-02-19 02:00:00,2026,2,19,2,Lâm Đồng,Xã Đam Rông 1,11.9218728,108.1287087,31,Good,0,15.6,100,0.0,5.0,21,899.7,100,4.4,5.0,241.0,2.6,63.0,0.3
2026-02-19 03:00:00,2026,2,19,3,Lâm Đồng,Xã Đam Rông 1,11.9218728,108.1287087,30,Good,0,15.3,100,0.0,5.3,8,899.2,100,4.0,4.7,237.0,2.7,61.0,0.4
2026-02-19 04:00:00,2026,2,19,4,Lâm Đồng,Xã Đam Rông 1,11.9218728,108.1287087,30,Good,0,15.8,99,0.0,5.7,13,899.2,100,3.9,4.5,234.0,2.9,59.0,0.4
2026-02-19 05:00:00,2026,2,19,5,Lâm Đồng,Xã Đam Rông 1,11.9218728,108.1287087,29,Good,0,15.5,100,0.0,4.8,27,899.3,100,4.0,4.7,234.0,3.3,55.0,0.5
2026-02-19 06:00:00,2026,2,19,6,Lâm Đồng,Xã Đam Rông 1,11.9218728,108.1287087,29,Good,0,15.1,99,0.0,4.5,43,899.8,100,4.2,4.9,234.0,3.8,51.0,0.7
2026-02-19 07:00:00,2026,2,19,7,Lâm Đồng,Xã Đam Rông 1,11.9218728,108.1287087,29,Good,0,16.5,98,0.0,5.9,35,901.0,100,5.1,5.9,232.0,4.1,52.0,0.8
2026-02-19 08:00:00,2026,2,19,8,Lâm Đồng,Xã Đam Rông 1,11.9218728,108.1287087,27,Good,0,18.9,82,0.0,5.0,13,902.3,100,5.6,6.9,225.0,3.2,62.0,0.8
2026-02-19 09:00:00,2026,2,19,9,Lâm Đồng,Xã Đam Rông 1,11.9218728,108.1287087,27,Good,0,21.1,70,0.0,7.7,359,903.5,100,5.8,7.4,214.0,1.9,75.0,0.7
2026-02-19 10:00:00,2026,2,19,10,Lâm Đồng,Xã Đam Rông 1,11.9218728,108.1287087,28,Good,0,23.7,58,0.0,11.0,11,903.9,100,5.7,7.2,203.0,1.0,85.0,0.7
2026-02-19 11:00:00,2026,2,19,11,Lâm Đồng,Xã Đam Rông 1,11.9218728,108.1287087,29,Good,0,25.8,48,0.0,12.3,11,904.1,100,5.5,6.9,190.0,0.6,89.0,0.7
2026-02-19 12:00:00,2026,2,19,12,Lâm Đồng,Xã Đam Rông 1,11.9218728,108.1287087,31,Good,0,27.1,43,0.0,12.7,7,903.5,100,5.5,6.8,175.0,0.6,90.0,0.6
2026-02-19 13:00:00,2026,2,19,13,Lâm Đồng,Xã Đam Rông 1,11.9218728,108.1287087,32,Good,0,27.9,40,0.0,12.5,7,903.2,91,5.6,6.7,165.0,0.6,90.0,0.6
2026-02-19 14:00:00,2026,2,19,14,Lâm Đồng,Xã Đam Rông 1,11.9218728,108.1287087,34,Good,0,27.5,39,0.0,12.8,4,902.2,100,5.7,6.7,159.0,0.6,90.0,0.6
2026-02-19 15:00:00,2026,2,19,15,Lâm Đồng,Xã Đam Rông 1,11.9218728,108.1287087,37,Good,0,27.1,39,0.0,13.5,2,901.9,98,5.8,6.8,158.0,0.6,90.0,0.6
2026-02-19 16:00:00,2026,2,19,16,Lâm Đồng,Xã Đam Rông 1,11.9218728,108.1287087,39,Good,0,26.4,40,0.0,14.4,359,901.3,32,6.0,6.9,165.0,0.9,88.0,0.6
2026-02-19 17:00:00,2026,2,19,17,Lâm Đồng,Xã Đam Rông 1,11.9218728,108.1287087,40,Good,0,24.2,51,0.0,14.4,345,901.0,8,6.1,6.9,185.0,1.7,83.0,0.7
2026-02-19 18:00:00,2026,2,19,18,Lâm Đồng,Xã Đam Rông 1,11.9218728,108.1287087,41,Good,0,21.2,67,0.0,11.3,338,900.7,16,6.2,6.8,214.0,2.8,77.0,1.0
2026-02-19 19:00:00,2026,2,19,19,Lâm Đồng,Xã Đam Rông 1,11.9218728,108.1287087,40,Good,0,19.6,80,0.0,6.0,343,900.8,0,8.8,9.9,242.0,3.6,72.0,1.2
2026-02-19 20:00:00,2026,2,19,20,Lâm Đồng,Xã Đam Rông 1,11.9218728,108.1287087,39,Good,0,18.4,87,0.0,3.9,16,901.7,32,8.3,9.4,271.0,3.5,72.0,1.2
2026-02-19 21:00:00,2026,2,19,21,Lâm Đồng,Xã Đam Rông 1,11.9218728,108.1287087,38,Good,0,17.4,91,0.0,4.4,21,902.0,97,8.1,9.3,301.0,3.3,71.0,1.2
2026-02-19 22:00:00,2026,2,19,22,Lâm Đồng,Xã Đam Rông 1,11.9218728,108.1287087,37,Good,0,16.7,94,0.0,4.4,21,902.0,89,8.0,9.2,317.0,3.3,70.0,1.1
2026-02-19 23:00:00,2026,2,19,23,Lâm Đồng,Xã Đam Rông 1,11.9218728,108.1287087,36,Good,0,16.1,97,0.0,4.0,32,901.7,63,7.8,9.0,313.0,3.5,67.0,1.0
2026-02-20 00:00:00,2026,2,20,0,Lâm Đồng,Xã Đam Rông 1,11.9218728,108.1287087,35,Good,0,15.6,98,0.0,4.2,40,901.5,13,7.4,8.6,297.0,3.7,64.0,0.8
2026-02-20 01:00:00,2026,2,20,1,Lâm Đồng,Xã Đam Rông 1,11.9218728,108.1287087,33,Good,0,15.3,99,0.0,4.1,45,900.8,49,7.2,8.4,278.0,4.0,60.0,0.7
2026-02-20 02:00:00,2026,2,20,2,Lâm Đồng,Xã Đam Rông 1,11.9218728,108.1287087,32,Good,0,15.4,97,0.0,4.5,43,900.5,76,7.1,8.3,255.0,4.2,57.0,0.6
2026-02-20 03:00:00,2026,2,20,3,Lâm Đồng,Xã Đam Rông 1,11.9218728,108.1287087,31,Good,0,15.0,97,0.0,4.7,43,900.1,100,7.0,8.0,229.0,4.5,53.0,0.6
2026-02-20 04:00:00,2026,2,20,4,Lâm Đồng,Xã Đam Rông 1,11.9218728,108.1287087,30,Good,0,14.8,98,0.0,5.7,41,899.8,99,6.7,7.6,211.0,4.6,51.0,0.6
2026-02-20 05:00:00,2026,2,20,5,Lâm Đồng,Xã Đam Rông 1,11.9218728,108.1287087,29,Good,0,14.7,97,0.0,5.4,50,900.0,100,6.6,7.4,207.0,4.7,50.0,0.7
2026-02-20 06:00:00,2026,2,20,6,Lâm Đồng,Xã Đam Rông 1,11.9218728,108.1287087,27,Good,0,14.8,96,0.0,5.5,58,900.5,100,6.5,7.3,211.0,4.8,49.0,0.8
2026-02-20 07:00:00,2026,2,20,7,Lâm Đồng,Xã Đam Rông 1,11.9218728,108.1287087,27,Good,0,16.9,88,0.0,7.7,39,901.8,28,9.1,10.2,216.0,4.9,50.0,1.0
2026-02-20 08:00:00,2026,2,20,8,Lâm Đồng,Xã Đam Rông 1,11.9218728,108.1287087,28,Good,0,19.3,78,0.0,6.3,20,903.1,13,8.8,10.5,221.0,3.8,62.0,1.0
2026-02-20 09:00:00,2026,2,20,9,Lâm Đồng,Xã Đam Rông 1,11.9218728,108.1287087,29,Good,0,21.5,71,0.0,9.5,359,904.1,54,8.3,10.4,226.0,2.2,79.0,0.9
2026-02-20 10:00:00,2026,2,20,10,Lâm Đồng,Xã Đam Rông 1,11.9218728,108.1287087,29,Good,0,23.5,61,0.0,12.6,1,904.3,100,7.7,9.6,227.0,1.0,91.0,0.8
2026-02-20 11:00:00,2026,2,20,11,Lâm Đồng,Xã Đam Rông 1,11.9218728,108.1287087,29,Good,0,24.9,55,0.0,13.7,2,904.1,74,7.3,8.9,221.0,0.6,94.0,0.7
2026-02-20 12:00:00,2026,2,20,12,Lâm Đồng,Xã Đam Rông 1,11.9218728,108.1287087,30,Good,0,25.9,51,0.0,12.6,359,903.4,79,7.2,8.7,210.0,0.6,92.0,0.6
2026-02-20 13:00:00,2026,2,20,13,Lâm Đồng,Xã Đam Rông 1,11.9218728,108.1287087,33,Good,0,25.6,52,0.0,11.6,347,902.6,36,7.3,8.8,203.0,0.7,90.0,0.5
2026-02-20 14:00:00,2026,2,20,14,Lâm Đồng,Xã Đam Rông 1,11.9218728,108.1287087,35,Good,0,25.8,50,0.1,12.0,351,901.8,28,7.7,9.1,201.0,0.6,90.0,0.5
2026-02-20 15:00:00,2026,2,20,15,Lâm Đồng,Xã Đam Rông 1,11.9218728,108.1287087,38,Good,0,25.8,51,0.2,12.4,352,901.0,38,7.6,8.8,202.0,0.5,90.0,0.5
2026-02-20 16:00:00,2026,2,20,16,Lâm Đồng,Xã Đam Rông 1,11.9218728,108.1287087,40,Good,0,25.2,53,0.0,11.9,346,900.6,58,7.4,8.5,205.0,1.0,88.0,0.6
2026-02-20 17:00:00,2026,2,20,17,Lâm Đồng,Xã Đam Rông 1,11.9218728,108.1287087,41,Good,0,23.6,58,0.0,12.6,336,900.2,5,7.5,8.3,209.0,2.4,82.0,0.9
2026-02-20 18:00:00,2026,2,20,18,Lâm Đồng,Xã Đam Rông 1,11.9218728,108.1287087,42,Good,0,21.3,68,0.0,10.1,338,900.0,9,7.9,8.6,215.0,4.3,73.0,1.3
2026-02-20 19:00:00,2026,2,20,19,Lâm Đồng,Xã Đam Rông 1,11.9218728,108.1287087,41,Good,0,19.4,80,0.0,6.0,343,899.9,17,7.2,7.5,232.0,7.0,63.0,1.8
2026-02-20 20:00:00,2026,2,20,20,Lâm Đồng,Xã Đam Rông 1,11.9218728,108.1287087,39,Good,0,18.7,85,0.0,2.6,25,900.2,17,8.5,8.9,269.0,7.1,59.0,1.8
2026-02-20 21:00:00,2026,2,20,21,Lâm Đồng,Xã Đam Rông 1,11.9218728,108.1287087,37,Good,0,18.3,87,0.0,2.3,23,900.7,19,8.8,9.3,316.0,7.3,53.0,1.8
2026-02-20 22:00:00,2026,2,20,22,Lâm Đồng,Xã Đam Rông 1,11.9218728,108.1287087,35,Good,0,17.5,90,0.0,2.5,60,900.4,14,9.1,9.6,349.0,7.7,48.0,1.8
2026-02-20 23:00:00,2026,2,20,23,Lâm Đồng,Xã Đam Rông 1,11.9218728,108.1287087,32,Good,0,16.9,92,0.0,3.8,95,899.6,11,9.5,10.2,362.0,8.4,45.0,1.8
2026-02-21 00:00:00,2026,2,21,0,Lâm Đồng,Xã Đam Rông 1,11.9218728,108.1287087,32,Good,0,16.2,93,0.0,3.7,101,899.0,24,9.9,10.6,362.0,9.2,43.0,1.7
2026-02-21 01:00:00,2026,2,21,1,Lâm Đồng,Xã Đam Rông 1,11.9218728,108.1287087,33,Good,0,15.7,93,0.0,3.1,80,897.9,42,10.7,11.4,346.0,9.9,41.0,1.6
2026-02-21 02:00:00,2026,2,21,2,Lâm Đồng,Xã Đam Rông 1,11.9218728,108.1287087,33,Good,0,15.5,90,0.0,2.5,86,897.5,0,11.1,11.8,301.0,10.5,39.0,1.4
2026-02-21 03:00:00,2026,2,21,3,Lâm Đồng,Xã Đam Rông 1,11.9218728,108.1287087,34,Good,0,15.2,87,0.0,2.8,63,896.9,0,11.6,12.3,240.0,10.9,37.0,1.1
2026-02-21 04:00:00,2026,2,21,4,Lâm Đồng,Xã Đam Rông 1,11.9218728,108.1287087,35,Good,0,15.0,88,0.0,3.8,73,896.5,1,12.7,13.5,206.0,11.0,36.0,0.9
2026-02-21 05:00:00,2026,2,21,5,Lâm Đồng,Xã Đam Rông 1,11.9218728,108.1287087,36,Good,0,15.0,87,0.0,4.2,97,896.7,0,13.6,14.3,229.0,10.9,33.0,0.9
2026-02-21 06:00:00,2026,2,21,6,Lâm Đồng,Xã Đam Rông 1,11.9218728,108.1287087,37,Good,0,15.1,86,0.0,3.2,93,897.0,0,14.2,14.9,278.0,10.5,29.0,0.9
2026-02-21 07:00:00,2026,2,21,7,Lâm Đồng,Xã Đam Rông 1,11.9218728,108.1287087,38,Good,0,17.3,77,0.0,4.2,72,898.6,13,19.3,20.5,304.0,7.7,42.0,1.4
2026-02-21 08:00:00,2026,2,21,8,Lâm Đồng,Xã Đam Rông 1,11.9218728,108.1287087,40,Good,0,20.9,63,0.0,2.2,55,900.4,3,16.0,17.3,277.0,5.8,58.0,1.3
2026-02-21 09:00:00,2026,2,21,9,Lâm Đồng,Xã Đam Rông 1,11.9218728,108.1287087,41,Good,0,23.6,52,0.0,2.6,286,901.4,0,13.4,15.0,226.0,3.1,80.0,1.3
2026-02-21 10:00:00,2026,2,21,10,Lâm Đồng,Xã Đam Rông 1,11.9218728,108.1287087,42,Good,0,25.0,50,0.0,5.5,289,901.5,0,14.6,16.3,188.0,1.1,96.0,1.2
2026-02-21 11:00:00,2026,2,21,11,Lâm Đồng,Xã Đam Rông 1,11.9218728,108.1287087,43,Good,0,26.0,50,0.0,7.3,290,901.0,2,15.5,17.1,179.0,0.5,101.0,1.2
2026-02-21 12:00:00,2026,2,21,12,Lâm Đồng,Xã Đam Rông 1,11.9218728,108.1287087,45,Good,0,27.0,45,0.0,7.6,292,900.1,38,15.6,17.1,182.0,0.6,101.0,1.2
2026-02-21 13:00:00,2026,2,21,13,Lâm Đồng,Xã Đam Rông 1,11.9218728,108.1287087,46,Good,0,28.4,38,0.0,8.9,295,899.2,76,15.8,17.2,184.0,0.8,101.0,1.2
2026-02-21 14:00:00,2026,2,21,14,Lâm Đồng,Xã Đam Rông 1,11.9218728,108.1287087,48,Good,0,27.9,37,0.0,9.6,287,898.1,45,16.2,17.6,174.0,0.6,104.0,1.3
2026-02-21 15:00:00,2026,2,21,15,Lâm Đồng,Xã Đam Rông 1,11.9218728,108.1287087,49,Good,0,27.8,37,0.0,9.7,299,897.5,2,16.5,17.9,162.0,0.4,108.0,1.4
2026-02-21 16:00:00,2026,2,21,16,Lâm Đồng,Xã Đam Rông 1,11.9218728,108.1287087,50,Good,0,27.6,35,0.0,8.9,318,897.0,5,17.5,18.7,165.0,1.2,106.0,1.7
2026-02-21 17:00:00,2026,2,21,17,Lâm Đồng,Xã Đam Rông 1,11.9218728,108.1287087,51,Moderate,1,26.5,37,0.0,4.1,358,897.0,23,17.7,18.7,197.0,3.6,96.0,2.2
2026-02-21 18:00:00,2026,2,21,18,Lâm Đồng,Xã Đam Rông 1,11.9218728,108.1287087,52,Moderate,1,23.4,53,0.0,1.3,74,896.6,13,18.3,19.1,243.0,6.9,80.0,2.8
2026-02-21 19:00:00,2026,2,21,19,Lâm Đồng,Xã Đam Rông 1,11.9218728,108.1287087,53,Moderate,1,21.5,60,0.0,5.7,145,897.3,7,13.2,13.3,276.0,12.7,67.0,4.0
2026-02-21 20:00:00,2026,2,21,20,Lâm Đồng,Xã Đam Rông 1,11.9218728,108.1287087,54,Moderate,1,19.9,75,0.0,10.6,138,897.9,82,15.4,15.5,283.0,14.2,57.0,4.1
2026-02-21 21:00:00,2026,2,21,21,Lâm Đồng,Xã Đam Rông 1,11.9218728,108.1287087,54,Moderate,1,19.5,78,0.0,10.6,129,898.1,91,16.6,16.6,276.0,16.3,44.0,4.2
2026-02-21 22:00:00,2026,2,21,22,Lâm Đồng,Xã Đam Rông 1,11.9218728,108.1287087,55,Moderate,1,18.2,85,0.0,9.4,122,897.8,98,17.7,17.8,267.0,17.9,33.0,4.1
2026-02-21 23:00:00,2026,2,21,23,Lâm Đồng,Xã Đam Rông 1,11.9218728,108.1287087,56,Moderate,1,17.6,88,0.0,9.5,115,897.0,95,18.6,18.6,258.0,18.4,26.0,3.6
2026-02-22 00:00:00,2026,2,22,0,Lâm Đồng,Xã Đam Rông 1,11.9218728,108.1287087,57,Moderate,1,17.3,89,0.0,8.0,117,896.6,98,18.7,18.8,248.0,18.4,21.0,2.8
2026-02-22 01:00:00,2026,2,22,1,Lâm Đồng,Xã Đam Rông 1,11.9218728,108.1287087,57,Moderate,1,16.9,90,0.0,3.3,112,895.7,99,18.6,18.9,239.0,18.2,18.0,2.2
2026-02-22 02:00:00,2026,2,22,2,Lâm Đồng,Xã Đam Rông 1,11.9218728,108.1287087,58,Moderate,1,16.8,88,0.0,1.7,108,895.3,98,18.7,19.0,232.0,18.0,16.0,1.9
2026-02-22 03:00:00,2026,2,22,3,Lâm Đồng,Xã Đam Rông 1,11.9218728,108.1287087,59,Moderate,1,17.4,82,0.0,0.9,101,895.3,97,18.9,19.3,227.0,17.7,16.0,1.7
2026-02-22 04:00:00,2026,2,22,4,Lâm Đồng,Xã Đam Rông 1,11.9218728,108.1287087,59,Moderate,1,18.0,78,0.0,0.6,108,895.4,16,19.2,19.7,229.0,17.1,16.0,1.6
2026-02-22 05:00:00,2026,2,22,5,Lâm Đồng,Xã Đam Rông 1,11.9218728,108.1287087,60,Moderate,1,18.0,79,0.0,2.2,9,895.8,2,20.5,20.7,243.0,16.5,13.0,1.3
2026-02-22 06:00:00,2026,2,22,6,Lâm Đồng,Xã Đam Rông 1,11.9218728,108.1287087,61,Moderate,1,17.5,81,0.0,2.8,27,896.2,0,21.4,21.5,263.0,15.6,10.0,1.0
2026-02-22 07:00:00,2026,2,22,7,Lâm Đồng,Xã Đam Rông 1,11.9218728,108.1287087,61,Moderate,1,19.5,75,0.0,5.2,22,897.6,3,31.8,32.5,279.0,11.8,24.0,1.2
2026-02-22 08:00:00,2026,2,22,8,Lâm Đồng,Xã Đam Rông 1,11.9218728,108.1287087,62,Moderate,1,22.0,65,0.0,7.2,342,899.3,11,28.1,28.5,285.0,8.6,59.0,2.2
2026-02-22 09:00:00,2026,2,22,9,Lâm Đồng,Xã Đam Rông 1,11.9218728,108.1287087,63,Moderate,1,23.4,59,0.0,10.4,349,899.9,44,26.4,27.4,285.0,4.2,106.0,3.6
2026-02-22 10:00:00,2026,2,22,10,Lâm Đồng,Xã Đam Rông 1,11.9218728,108.1287087,64,Moderate,1,24.6,54,0.0,11.5,350,900.4,56,27.8,28.6,284.0,1.0,140.0,4.5
2026-02-22 11:00:00,2026,2,22,11,Lâm Đồng,Xã Đam Rông 1,11.9218728,108.1287087,66,Moderate,1,25.8,51,0.0,12.8,349,900.0,26,26.0,26.7,282.0,0.2,147.0,4.2
2026-02-22 12:00:00,2026,2,22,12,Lâm Đồng,Xã Đam Rông 1,11.9218728,108.1287087,67,Moderate,1,27.0,46,0.0,11.9,359,899.0,100,23.8,24.4,278.0,0.5,141.0,3.4
2026-02-22 13:00:00,2026,2,22,13,Lâm Đồng,Xã Đam Rông 1,11.9218728,108.1287087,67,Moderate,1,27.7,44,0.0,8.5,1,898.3,80,22.0,22.6,275.0,1.0,135.0,2.8
2026-02-22 14:00:00,2026,2,22,14,Lâm Đồng,Xã Đam Rông 1,11.9218728,108.1287087,68,Moderate,1,27.1,47,0.1,8.5,7,897.1,27,20.8,21.4,273.0,0.9,136.0,2.6
2026-02-22 15:00:00,2026,2,22,15,Lâm Đồng,Xã Đam Rông 1,11.9218728,108.1287087,68,Moderate,1,26.3,50,0.1,9.6,17,896.6,34,20.0,20.5,271.0,0.9,137.0,2.5
2026-02-22 16:00:00,2026,2,22,16,Lâm Đồng,Xã Đam Rông 1,11.9218728,108.1287087,79,Moderate,1,25.9,51,0.1,7.7,12,896.3,41,19.6,20.0,273.0,1.7,133.0,2.6
2026-02-22 17:00:00,2026,2,22,17,Lâm Đồng,Xã Đam Rông 1,11.9218728,108.1287087,95,Moderate,1,25.1,50,0.0,5.9,43,896.3,29,22.1,22.5,281.0,3.7,118.0,2.9
2026-02-22 18:00:00,2026,2,22,18,Lâm Đồng,Xã Đam Rông 1,11.9218728,108.1287087,98,Moderate,1,23.1,62,0.0,7.0,100,896.1,100,22.0,22.3,292.0,6.5,96.0,3.3
2026-02-22 19:00:00,2026,2,22,19,Lâm Đồng,Xã Đam Rông 1,11.9218728,108.1287087,88,Moderate,1,21.0,83,0.0,9.1,141,896.0,30,26.3,26.7,302.0,11.2,73.0,4.1
2026-02-22 20:00:00,2026,2,22,20,Lâm Đồng,Xã Đam Rông 1,11.9218728,108.1287087,73,Moderate,1,19.7,88,0.0,7.5,130,896.7,9,26.3,26.7,309.0,12.4,65.0,4.2
2026-02-22 21:00:00,2026,2,22,21,Lâm Đồng,Xã Đam Rông 1,11.9218728,108.1287087,72,Moderate,1,18.7,94,0.0,8.0,113,896.9,10,25.7,26.1,314.0,14.1,54.0,4.3
2026-02-22 22:00:00,2026,2,22,22,Lâm Đồng,Xã Đam Rông 1,11.9218728,108.1287087,72,Moderate,1,17.9,96,0.0,6.8,102,896.6,2,26.0,26.4,315.0,15.6,44.0,4.3
2026-02-22 23:00:00,2026,2,22,23,Lâm Đồng,Xã Đam Rông 1,11.9218728,108.1287087,73,Moderate,1,17.4,97,0.0,3.0,104,896.3,10,26.5,27.0,309.0,16.9,38.0,4.0
2026-02-23 00:00:00,2026,2,23,0,Lâm Đồng,Xã Đam Rông 1,11.9218728,108.1287087,74,Moderate,1,17.5,92,0.0,1.0,112,896.5,19,26.7,27.2,300.0,17.9,33.0,3.5
2026-02-23 01:00:00,2026,2,23,1,Lâm Đồng,Xã Đam Rông 1,11.9218728,108.1287087,75,Moderate,1,18.4,86,0.0,1.5,45,896.2,60,26.5,27.1,291.0,18.2,29.0,3.0
2026-02-23 02:00:00,2026,2,23,2,Lâm Đồng,Xã Đam Rông 1,11.9218728,108.1287087,75,Moderate,1,17.9,89,0.0,1.2,63,895.9,97,25.9,26.5,284.0,17.3,25.0,2.4
2026-02-23 03:00:00,2026,2,23,3,Lâm Đồng,Xã Đam Rông 1,11.9218728,108.1287087,76,Moderate,1,17.6,91,0.0,0.2,90,895.6,2,25.3,25.8,278.0,15.6,23.0,1.7
2026-02-23 04:00:00,2026,2,23,4,Lâm Đồng,Xã Đam Rông 1,11.9218728,108.1287087,76,Moderate,1,17.2,92,0.0,0.6,124,895.4,13,24.6,25.0,278.0,13.8,22.0,1.2
2026-02-23 05:00:00,2026,2,23,5,Lâm Đồng,Xã Đam Rông 1,11.9218728,108.1287087,77,Moderate,1,17.5,88,0.0,0.6,124,895.7,90,23.7,24.2,292.0,12.2,22.0,0.9
2026-02-23 06:00:00,2026,2,23,6,Lâm Đồng,Xã Đam Rông 1,11.9218728,108.1287087,77,Moderate,1,17.2,86,0.0,2.2,125,896.5,53,22.8,23.2,311.0,10.5,24.0,0.8
2026-02-23 07:00:00,2026,2,23,7,Lâm Đồng,Xã Đam Rông 1,11.9218728,108.1287087,77,Moderate,1,19.0,84,0.0,4.7,86,897.8,41,35.5,37.0,320.0,7.8,44.0,0.9
2026-02-23 08:00:00,2026,2,23,8,Lâm Đồng,Xã Đam Rông 1,11.9218728,108.1287087,78,Moderate,1,21.5,66,0.0,2.9,43,899.2,34,31.7,32.9,307.0,5.9,65.0,1.0
2026-02-23 09:00:00,2026,2,23,9,Lâm Đồng,Xã Đam Rông 1,11.9218728,108.1287087,78,Moderate,1,23.9,49,0.0,4.1,360,900.4,28,28.9,30.4,283.0,3.3,93.0,1.1
2026-02-23 10:00:00,2026,2,23,10,Lâm Đồng,Xã Đam Rông 1,11.9218728,108.1287087,78,Moderate,1,25.7,42,0.0,7.6,345,900.8,16,25.0,26.5,265.0,1.3,114.0,1.2
2026-02-23 11:00:00,2026,2,23,11,Lâm Đồng,Xã Đam Rông 1,11.9218728,108.1287087,78,Moderate,1,27.1,35,0.0,9.2,343,900.2,2,21.6,22.9,263.0,0.7,120.0,1.1
2026-02-23 12:00:00,2026,2,23,12,Lâm Đồng,Xã Đam Rông 1,11.9218728,108.1287087,78,Moderate,1,28.3,30,0.0,9.2,337,899.5,0,18.7,19.8,267.0,0.7,118.0,1.0
2026-02-23 13:00:00,2026,2,23,13,Lâm Đồng,Xã Đam Rông 1,11.9218728,108.1287087,77,Moderate,1,29.1,29,0.0,6.7,333,899.1,79,16.9,17.9,268.0,0.8,116.0,0.9
2026-02-23 14:00:00,2026,2,23,14,Lâm Đồng,Xã Đam Rông 1,11.9218728,108.1287087,77,Moderate,1,29.2,30,0.0,9.6,320,897.9,93,15.8,16.6,256.0,0.5,117.0,0.9
2026-02-23 15:00:00,2026,2,23,15,Lâm Đồng,Xã Đam Rông 1,11.9218728,108.1287087,76,Moderate,1,28.5,32,0.0,14.5,321,897.3,27,14.7,15.5,242.0,0.3,117.0,0.9
2026-02-23 16:00:00,2026,2,23,16,Lâm Đồng,Xã Đam Rông 1,11.9218728,108.1287087,76,Moderate,1,27.0,36,0.0,13.8,320,897.2,24,13.8,14.5,242.0,1.2,112.0,1.1
2026-02-23 17:00:00,2026,2,23,17,Lâm Đồng,Xã Đam Rông 1,11.9218728,108.1287087,75,Moderate,1,25.2,42,0.0,12.1,349,897.0,12,14.5,15.0,276.0,3.9,99.0,1.7
2026-02-23 18:00:00,2026,2,23,18,Lâm Đồng,Xã Đam Rông 1,11.9218728,108.1287087,75,Moderate,1,22.8,49,0.0,8.0,28,896.4,13,15.9,16.4,324.0,7.7,81.0,2.6
2026-02-23 19:00:00,2026,2,23,19,Lâm Đồng,Xã Đam Rông 1,11.9218728,108.1287087,74,Moderate,1,21.4,59,0.0,2.4,132,897.1,4,16.0,16.5,352.0,12.8,64.0,3.6
2026-02-23 20:00:00,2026,2,23,20,Lâm Đồng,Xã Đam Rông 1,11.9218728,108.1287087,73,Moderate,1,19.9,67,0.0,5.1,135,897.2,0,17.5,18.0,337.0,15.2,55.0,4.0
2026-02-23 21:00:00,2026,2,23,21,Lâm Đồng,Xã Đam Rông 1,11.9218728,108.1287087,72,Moderate,1,18.6,83,0.0,7.1,124,897.3,0,19.2,19.6,300.0,18.4,42.0,4.6
2026-02-23 22:00:00,2026,2,23,22,Lâm Đồng,Xã Đam Rông 1,11.9218728,108.1287087,72,Moderate,1,17.7,91,0.0,6.8,117,897.5,56,20.5,20.9,271.0,20.8,31.0,4.8
2026-02-23 23:00:00,2026,2,23,23,Lâm Đồng,Xã Đam Rông 1,11.9218728,108.1287087,71,Moderate,1,17.3,94,0.0,6.8,117,897.3,95,21.2,21.6,261.0,21.6,24.0,4.2
2026-02-24 00:00:00,2026,2,24,0,Lâm Đồng,Xã Đam Rông 1,11.9218728,108.1287087,71,Moderate,1,17.0,95,0.0,6.5,113,896.4,98,20.8,21.1,259.0,21.5,19.0,3.2
2026-02-24 01:00:00,2026,2,24,1,Lâm Đồng,Xã Đam Rông 1,11.9218728,108.1287087,70,Moderate,1,16.8,92,0.0,2.9,94,895.4,24,20.1,20.4,258.0,21.0,16.0,2.4
2026-02-24 02:00:00,2026,2,24,2,Lâm Đồng,Xã Đam Rông 1,11.9218728,108.1287087,70,Moderate,1,17.3,84,0.0,3.0,52,895.2,98,19.1,19.5,254.0,20.4,13.0,1.8
2026-02-24 03:00:00,2026,2,24,3,Lâm Đồng,Xã Đam Rông 1,11.9218728,108.1287087,69,Moderate,1,17.1,85,0.0,1.8,45,895.2,99,17.9,18.3,251.0,19.4,11.0,1.4
2026-02-24 04:00:00,2026,2,24,4,Lâm Đồng,Xã Đam Rông 1,11.9218728,108.1287087,68,Moderate,1,16.5,87,0.0,2.0,80,895.3,95,16.6,16.9,257.0,18.1,13.0,1.2
2026-02-24 05:00:00,2026,2,24,5,Lâm Đồng,Xã Đam Rông 1,11.9218728,108.1287087,68,Moderate,1,15.9,89,0.0,1.7,103,895.4,100,15.4,15.7,283.0,16.4,19.0,1.2
2026-02-24 06:00:00,2026,2,24,6,Lâm Đồng,Xã Đam Rông 1,11.9218728,108.1287087,67,Moderate,1,15.6,89,0.0,1.3,106,896.5,100,14.7,15.0,318.0,14.3,28.0,1.4
2026-02-24 07:00:00,2026,2,24,7,Lâm Đồng,Xã Đam Rông 1,11.9218728,108.1287087,66,Moderate,1,18.1,80,0.0,4.0,85,897.7,99,17.3,18.1,332.0,10.7,49.0,2.1
2026-02-24 08:00:00,2026,2,24,8,Lâm Đồng,Xã Đam Rông 1,11.9218728,108.1287087,65,Moderate,1,21.7,62,0.0,2.3,90,899.4,95,14.3,14.8,304.0,8.0,67.0,2.4
2026-02-24 09:00:00,2026,2,24,9,Lâm Đồng,Xã Đam Rông 1,11.9218728,108.1287087,63,Moderate,1,24.6,43,0.0,0.3,45,900.5,62,14.0,14.9,256.0,4.2,93.0,2.7
2026-02-24 10:00:00,2026,2,24,10,Lâm Đồng,Xã Đam Rông 1,11.9218728,108.1287087,62,Moderate,1,26.6,37,0.0,2.2,284,901.3,48,17.3,18.4,220.0,1.4,112.0,2.9
2026-02-24 11:00:00,2026,2,24,11,Lâm Đồng,Xã Đam Rông 1,11.9218728,108.1287087,61,Moderate,1,27.7,36,0.0,4.3,287,901.2,38,15.2,16.2,213.0,0.6,120.0,2.7
2026-02-24 12:00:00,2026,2,24,12,Lâm Đồng,Xã Đam Rông 1,11.9218728,108.1287087,61,Moderate,1,28.4,37,0.0,7.0,296,900.4,77,12.7,13.6,217.0,0.8,121.0,2.2
2026-02-24 13:00:00,2026,2,24,13,Lâm Đồng,Xã Đam Rông 1,11.9218728,108.1287087,60,Moderate,1,29.2,31,0.0,8.2,306,899.7,38,11.2,11.9,219.0,1.1,121.0,1.9
2026-02-24 14:00:00,2026,2,24,14,Lâm Đồng,Xã Đam Rông 1,11.9218728,108.1287087,60,Moderate,1,28.6,32,0.0,12.6,314,898.6,24,10.2,10.9,206.0,1.0,120.0,1.7
2026-02-24 15:00:00,2026,2,24,15,Lâm Đồng,Xã Đam Rông 1,11.9218728,108.1287087,59,Moderate,1,27.9,33,0.0,16.2,315,898.0,13,9.5,10.1,190.0,0.9,117.0,1.6
2026-02-24 16:00:00,2026,2,24,16,Lâm Đồng,Xã Đam Rông 1,11.9218728,108.1287087,59,Moderate,1,26.6,34,0.0,15.3,320,897.8,9,9.3,9.7,189.0,1.8,110.0,1.7
2026-02-24 17:00:00,2026,2,24,17,Lâm Đồng,Xã Đam Rông 1,11.9218728,108.1287087,61,Moderate,1,25.5,36,0.0,10.6,351,898.2,66,9.4,9.7,222.0,4.1,95.0,2.1
2026-02-24 18:00:00,2026,2,24,18,Lâm Đồng,Xã Đam Rông 1,11.9218728,108.1287087,61,Moderate,1,23.2,43,0.0,9.7,39,897.8,42,10.4,10.7,271.0,7.4,76.0,2.8
2026-02-24 19:00:00,2026,2,24,19,Lâm Đồng,Xã Đam Rông 1,11.9218728,108.1287087,57,Moderate,1,21.6,53,0.0,7.9,101,897.8,1,21.0,21.9,298.0,13.0,63.0,3.8
2026-02-24 20:00:00,2026,2,24,20,Lâm Đồng,Xã Đam Rông 1,11.9218728,108.1287087,58,Moderate,1,19.7,72,0.0,11.2,130,898.3,76,22.1,22.9,283.0,14.7,54.0,4.0
2026-02-24 21:00:00,2026,2,24,21,Lâm Đồng,Xã Đam Rông 1,11.9218728,108.1287087,58,Moderate,1,18.5,85,0.0,9.8,125,898.1,95,22.6,23.3,246.0,17.0,42.0,4.3
2026-02-24 22:00:00,2026,2,24,22,Lâm Đồng,Xã Đam Rông 1,11.9218728,108.1287087,58,Moderate,1,18.0,87,0.0,8.5,122,898.1,96,22.9,23.6,217.0,18.6,32.0,4.3
2026-02-24 23:00:00,2026,2,24,23,Lâm Đồng,Xã Đam Rông 1,11.9218728,108.1287087,59,Moderate,1,17.5,90,0.0,6.8,119,897.7,100,23.1,23.7,207.0,18.7,26.0,3.8
2026-02-25 00:00:00,2026,2,25,0,Lâm Đồng,Xã Đam Rông 1,11.9218728,108.1287087,59,Moderate,1,17.0,91,0.0,2.4,107,897.1,100,22.9,23.5,205.0,18.2,23.0,3.0
2026-02-25 01:00:00,2026,2,25,1,Lâm Đồng,Xã Đam Rông 1,11.9218728,108.1287087,59,Moderate,1,17.3,87,0.0,0.9,127,896.7,100,22.5,23.1,202.0,17.7,20.0,2.3
2026-02-25 02:00:00,2026,2,25,2,Lâm Đồng,Xã Đam Rông 1,11.9218728,108.1287087,59,Moderate,1,17.3,84,0.0,1.2,141,896.7,100,22.1,22.6,191.0,17.8,17.0,1.9
2026-02-25 03:00:00,2026,2,25,3,Lâm Đồng,Xã Đam Rông 1,11.9218728,108.1287087,59,Moderate,1,17.4,84,0.0,1.1,108,896.6,100,22.1,22.5,179.0,18.1,15.0,1.6
2026-02-25 04:00:00,2026,2,25,4,Lâm Đồng,Xã Đam Rông 1,11.9218728,108.1287087,60,Moderate,1,17.5,83,0.0,2.1,52,896.9,100,22.1,22.6,181.0,17.8,15.0,1.4
2026-02-25 05:00:00,2026,2,25,5,Lâm Đồng,Xã Đam Rông 1,11.9218728,108.1287087,60,Moderate,1,17.1,85,0.0,1.9,34,897.4,100,21.9,22.4,213.0,16.7,16.0,1.2
2026-02-25 06:00:00,2026,2,25,6,Lâm Đồng,Xã Đam Rông 1,11.9218728,108.1287087,61,Moderate,1,17.2,85,0.0,1.5,54,898.1,100,21.7,22.1,260.0,15.1,19.0,1.1
2026-02-25 07:00:00,2026,2,25,7,Lâm Đồng,Xã Đam Rông 1,11.9218728,108.1287087,62,Moderate,1,18.5,85,0.0,2.3,86,899.0,0,25.1,25.4,286.0,12.4,28.0,1.1
2026-02-25 08:00:00,2026,2,25,8,Lâm Đồng,Xã Đam Rông 1,11.9218728,108.1287087,62,Moderate,1,21.5,73,0.0,2.8,259,900.6,0,21.7,22.3,271.0,9.1,52.0,1.6
2026-02-25 09:00:00,2026,2,25,9,Lâm Đồng,Xã Đam Rông 1,11.9218728,108.1287087,63,Moderate,1,23.5,60,0.0,2.8,297,901.4,10,18.0,19.1,236.0,4.6,85.0,2.2
2026-02-25 10:00:00,2026,2,25,10,Lâm Đồng,Xã Đam Rông 1,11.9218728,108.1287087,63,Moderate,1,25.4,51,0.0,3.7,313,901.7,9,15.3,16.2,208.0,1.3,109.0,2.5
2026-02-25 11:00:00,2026,2,25,11,Lâm Đồng,Xã Đam Rông 1,11.9218728,108.1287087,63,Moderate,1,26.8,47,0.0,6.2,316,901.0,25,12.2,13.0,199.0,0.4,116.0,2.3
2026-02-25 12:00:00,2026,2,25,12,Lâm Đồng,Xã Đam Rông 1,11.9218728,108.1287087,63,Moderate,1,27.9,43,0.0,5.8,321,900.3,54,10.1,10.7,198.0,0.6,114.0,1.8
2026-02-25 13:00:00,2026,2,25,13,Lâm Đồng,Xã Đam Rông 1,11.9218728,108.1287087,63,Moderate,1,29.1,40,0.0,4.3,253,899.8,96,9.3,9.9,197.0,1.1,110.0,1.4
2026-02-25 14:00:00,2026,2,25,14,Lâm Đồng,Xã Đam Rông 1,11.9218728,108.1287087,62,Moderate,1,28.6,41,0.0,6.5,321,898.5,100,9.7,10.5,187.0,1.1,105.0,1.3
2026-02-25 15:00:00,2026,2,25,15,Lâm Đồng,Xã Đam Rông 1,11.9218728,108.1287087,62,Moderate,1,27.2,41,0.0,8.0,346,898.2,100,10.4,11.1,176.0,1.4,98.0,1.3
2026-02-25 16:00:00,2026,2,25,16,Lâm Đồng,Xã Đam Rông 1,11.9218728,108.1287087,62,Moderate,1,26.7,42,0.0,5.5,337,898.0,100,11.6,12.3,185.0,2.5,88.0,1.5
2026-02-25 17:00:00,2026,2,25,17,Lâm Đồng,Xã Đam Rông 1,11.9218728,108.1287087,63,Moderate,1,25.4,48,0.0,3.5,336,898.0,100,12.8,13.4,232.0,5.2,74.0,2.0
2026-02-25 18:00:00,2026,2,25,18,Lâm Đồng,Xã Đam Rông 1,11.9218728,108.1287087,63,Moderate,1,23.3,66,0.0,0.3,135,898.0,100,14.6,15.3,299.0,8.8,56.0,2.7
2026-02-25 19:00:00,2026,2,25,19,Lâm Đồng,Xã Đam Rông 1,11.9218728,108.1287087,63,Moderate,1,21.3,79,0.0,6.0,119,897.8,100,15.7,16.1,349.0,12.9,40.0,3.1
2026-02-25 20:00:00,2026,2,25,20,Lâm Đồng,Xã Đam Rông 1,11.9218728,108.1287087,63,Moderate,1,20.2,90,0.0,5.9,149,898.1,100,16.1,16.5,364.0,14.0,34.0,3.2
2026-02-25 21:00:00,2026,2,25,21,Lâm Đồng,Xã Đam Rông 1,11.9218728,108.1287087,62,Moderate,1,19.6,92,0.0,5.0,139,898.3,8,17.1,17.5,363.0,15.5,26.0,3.3
2026-02-25 22:00:00,2026,2,25,22,Lâm Đồng,Xã Đam Rông 1,11.9218728,108.1287087,62,Moderate,1,18.9,95,0.0,4.8,124,898.1,25,17.7,18.0,361.0,16.5,19.0,3.3
2026-02-25 23:00:00,2026,2,25,23,Lâm Đồng,Xã Đam Rông 1,11.9218728,108.1287087,61,Moderate,1,18.3,98,0.0,4.4,117,897.7,40,17.8,18.1,365.0,16.6,16.0,3.0
2026-02-26 00:00:00,2026,2,26,0,Lâm Đồng,Xã Đam Rông 1,11.9218728,108.1287087,61,Moderate,1,18.1,96,0.0,4.2,115,897.5,100,17.0,17.3,369.0,16.2,15.0,2.6
2026-02-26 01:00:00,2026,2,26,1,Lâm Đồng,Xã Đam Rông 1,11.9218728,108.1287087,60,Moderate,1,19.0,91,0.0,5.1,126,897.2,100,16.5,16.8,370.0,15.7,14.0,2.3
2026-02-26 02:00:00,2026,2,26,2,Lâm Đồng,Xã Đam Rông 1,11.9218728,108.1287087,60,Moderate,1,18.7,92,0.0,6.8,130,896.8,100,16.5,16.8,365.0,15.4,13.0,2.0
2026-02-26 03:00:00,2026,2,26,3,Lâm Đồng,Xã Đam Rông 1,11.9218728,108.1287087,59,Moderate,1,18.2,95,0.0,7.0,132,896.0,98,16.2,16.4,357.0,15.0,12.0,1.8
2026-02-26 04:00:00,2026,2,26,4,Lâm Đồng,Xã Đam Rông 1,11.9218728,108.1287087,59,Moderate,1,17.9,96,0.0,6.8,130,896.1,100,15.5,15.7,354.0,14.6,12.0,1.7
2026-02-26 05:00:00,2026,2,26,5,Lâm Đồng,Xã Đam Rông 1,11.9218728,108.1287087,58,Moderate,1,18.0,94,0.0,6.1,120,896.7,100,15.0,15.3,367.0,14.6,13.0,1.7
2026-02-26 06:00:00,2026,2,26,6,Lâm Đồng,Xã Đam Rông 1,11.9218728,108.1287087,58,Moderate,1,17.9,94,0.2,3.5,99,897.0,100,15.0,15.2,384.0,14.6,15.0,1.7
2026-02-26 07:00:00,2026,2,26,7,Lâm Đồng,Xã Đam Rông 1,11.9218728,108.1287087,57,Moderate,1,19.4,91,0.1,4.3,135,898.3,77,28.1,28.4,376.0,14.2,42.0,2.5
2026-02-26 08:00:00,2026,2,26,8,Lâm Đồng,Xã Đam Rông 1,11.9218728,108.1287087,57,Moderate,1,20.8,89,0.4,2.4,63,899.1,100,21.0,21.5,319.0,10.7,54.0,2.4
2026-02-26 09:00:00,2026,2,26,9,Lâm Đồng,Xã Đam Rông 1,11.9218728,108.1287087,57,Moderate,1,22.4,79,0.1,3.6,45,899.8,95,15.1,15.7,238.0,5.9,70.0,2.2
2026-02-26 10:00:00,2026,2,26,10,Lâm Đồng,Xã Đam Rông 1,11.9218728,108.1287087,57,Moderate,1,24.5,69,0.0,2.2,55,900.4,100,11.4,12.1,178.0,2.5,81.0,2.0
2026-02-26 11:00:00,2026,2,26,11,Lâm Đồng,Xã Đam Rông 1,11.9218728,108.1287087,57,Moderate,1,26.1,59,0.0,2.4,73,899.4,100,10.8,11.6,158.0,1.6,84.0,1.8
2026-02-26 12:00:00,2026,2,26,12,Lâm Đồng,Xã Đam Rông 1,11.9218728,108.1287087,56,Moderate,1,21.5,89,8.4,2.7,90,897.9,100,10.0,10.6,158.0,2.0,82.0,1.5
2026-02-26 13:00:00,2026,2,26,13,Lâm Đồng,Xã Đam Rông 1,11.9218728,108.1287087,56,Moderate,1,22.1,87,1.1,3.0,256,897.2,98,12.8,13.2,167.0,3.1,78.0,1.5
2026-02-26 14:00:00,2026,2,26,14,Lâm Đồng,Xã Đam Rông 1,11.9218728,108.1287087,57,Moderate,1,19.8,95,2.4,1.7,139,896.1,98,17.1,17.6,183.0,4.9,72.0,1.8
2026-02-26 15:00:00,2026,2,26,15,Lâm Đồng,Xã Đam Rông 1,11.9218728,108.1287087,57,Moderate,1,21.0,94,0.4,4.2,160,895.2,97,22.9,23.4,207.0,7.4,63.0,2.3
2026-02-26 16:00:00,2026,2,26,16,Lâm Đồng,Xã Đam Rông 1,11.9218728,108.1287087,59,Moderate,1,21.5,95,0.2,2.3,203,895.0,95,32.5,32.9,230.0,10.0,55.0,2.8
2026-02-26 17:00:00,2026,2,26,17,Lâm Đồng,Xã Đam Rông 1,11.9218728,108.1287087,60,Moderate,1,20.4,99,2.5,4.2,144,895.3,90,35.3,35.7,251.0,12.8,47.0,3.3
2026-02-26 18:00:00,2026,2,26,18,Lâm Đồng,Xã Đam Rông 1,11.9218728,108.1287087,62,Moderate,1,19.7,100,0.8,3.6,139,895.7,89,36.8,37.3,270.0,15.7,40.0,3.8
2026-02-26 19:00:00,2026,2,26,19,Lâm Đồng,Xã Đam Rông 1,11.9218728,108.1287087,64,Moderate,1,19.2,99,0.1,7.7,139,895.7,93,56.2,56.7,283.0,20.0,37.0,5.0
2026-02-26 20:00:00,2026,2,26,20,Lâm Đồng,Xã Đam Rông 1,11.9218728,108.1287087,68,Moderate,1,19.0,99,0.0,6.6,145,896.5,100,54.5,54.9,283.0,20.8,33.0,5.1
2026-02-26 21:00:00,2026,2,26,21,Lâm Đồng,Xã Đam Rông 1,11.9218728,108.1287087,71,Moderate,1,18.8,100,0.0,5.7,136,896.9,100,53.3,53.8,277.0,21.9,26.0,5.1
2026-02-26 22:00:00,2026,2,26,22,Lâm Đồng,Xã Đam Rông 1,11.9218728,108.1287087,75,Moderate,1,18.5,100,0.0,8.8,129,896.7,100,52.5,53.0,276.0,22.5,21.0,5.0
2026-02-26 23:00:00,2026,2,26,23,Lâm Đồng,Xã Đam Rông 1,11.9218728,108.1287087,78,Moderate,1,18.5,99,0.0,9.7,125,896.2,100,49.6,50.1,289.0,22.2,18.0,4.6
2026-02-27 00:00:00,2026,2,27,0,Lâm Đồng,Xã Đam Rông 1,11.9218728,108.1287087,80,Moderate,1,18.5,98,0.0,8.7,135,896.0,100,45.6,46.1,308.0,21.5,16.0,4.0
2026-02-27 01:00:00,2026,2,27,1,Lâm Đồng,Xã Đam Rông 1,11.9218728,108.1287087,83,Moderate,1,18.5,99,0.0,6.9,135,895.8,100,42.5,42.8,317.0,21.2,14.0,3.6
2026-02-27 02:00:00,2026,2,27,2,Lâm Đồng,Xã Đam Rông 1,11.9218728,108.1287087,85,Moderate,1,18.4,99,1.4,6.8,132,895.4,100,39.8,40.2,307.0,21.9,11.0,3.5
2026-02-27 03:00:00,2026,2,27,3,Lâm Đồng,Xã Đam Rông 1,11.9218728,108.1287087,87,Moderate,1,18.2,99,0.6,4.3,132,895.4,100,38.2,38.5,288.0,23.0,9.0,3.5
2026-02-27 04:00:00,2026,2,27,4,Lâm Đồng,Xã Đam Rông 1,11.9218728,108.1287087,89,Moderate,1,18.2,100,0.1,6.7,128,895.3,98,37.6,38.0,276.0,23.7,9.0,3.4
2026-02-27 05:00:00,2026,2,27,5,Lâm Đồng,Xã Đam Rông 1,11.9218728,108.1287087,91,Moderate,1,18.0,100,0.1,5.2,124,895.3,98,36.1,36.4,285.0,24.2,13.0,3.1
2026-02-27 06:00:00,2026,2,27,6,Lâm Đồng,Xã Đam Rông 1,11.9218728,108.1287087,93,Moderate,1,17.9,99,0.3,4.4,122,896.2,98,35.5,35.9,301.0,24.2,20.0,2.7
2026-02-27 07:00:00,2026,2,27,7,Lâm Đồng,Xã Đam Rông 1,11.9218728,108.1287087,95,Moderate,1,18.8,100,0.9,6.1,120,896.9,100,44.4,44.9,301.0,20.0,31.0,3.6
2026-02-27 08:00:00,2026,2,27,8,Lâm Đồng,Xã Đam Rông 1,11.9218728,108.1287087,96,Moderate,1,19.8,98,0.8,5.4,154,898.2,99,42.6,43.4,268.0,15.3,44.0,3.5
2026-02-27 09:00:00,2026,2,27,9,Lâm Đồng,Xã Đam Rông 1,11.9218728,108.1287087,98,Moderate,1,20.4,99,0.4,5.1,129,898.8,100,29.4,30.5,218.0,8.7,61.0,3.3
2026-02-27 10:00:00,2026,2,27,10,Lâm Đồng,Xã Đam Rông 1,11.9218728,108.1287087,100,Moderate,1,20.2,100,0.7,4.5,166,899.1,100,27.1,28.4,181.0,3.9,74.0,3.1
2026-02-27 11:00:00,2026,2,27,11,Lâm Đồng,Xã Đam Rông 1,11.9218728,108.1287087,101,Unhealthy for Sensitive Groups,2,20.4,100,2.9,5.9,149,898.7,100,20.7,21.9,171.0,2.5,79.0,2.7
2026-02-27 12:00:00,2026,2,27,12,Lâm Đồng,Xã Đam Rông 1,11.9218728,108.1287087,102,Unhealthy for Sensitive Groups,2,20.8,100,2.7,7.4,137,897.2,100,18.7,19.7,173.0,2.7,79.0,2.2
2026-02-27 13:00:00,2026,2,27,13,Lâm Đồng,Xã Đam Rông 1,11.9218728,108.1287087,103,Unhealthy for Sensitive Groups,2,23.4,81,0.3,4.8,167,897.0,52,22.9,23.9,173.0,3.1,78.0,1.8
2026-02-27 14:00:00,2026,2,27,14,Lâm Đồng,Xã Đam Rông 1,11.9218728,108.1287087,104,Unhealthy for Sensitive Groups,2,24.9,69,0.2,3.6,221,896.1,100,21.7,22.7,164.0,3.0,77.0,1.7
2026-02-27 15:00:00,2026,2,27,15,Lâm Đồng,Xã Đam Rông 1,11.9218728,108.1287087,105,Unhealthy for Sensitive Groups,2,21.1,90,7.3,7.8,116,894.8,100,21.1,21.9,152.0,2.9,74.0,1.7
2026-02-27 16:00:00,2026,2,27,16,Lâm Đồng,Xã Đam Rông 1,11.9218728,108.1287087,104,Unhealthy for Sensitive Groups,2,20.2,95,1.1,4.9,197,894.6,99,18.9,19.4,149.0,3.6,69.0,1.8
2026-02-27 17:00:00,2026,2,27,17,Lâm Đồng,Xã Đam Rông 1,11.9218728,108.1287087,103,Unhealthy for Sensitive Groups,2,20.0,97,0.1,3.5,145,895.6,100,22.1,22.5,160.0,5.4,60.0,1.9
2026-02-27 18:00:00,2026,2,27,18,Lâm Đồng,Xã Đam Rông 1,11.9218728,108.1287087,102,Unhealthy for Sensitive Groups,2,19.4,96,0.9,1.5,210,896.2,100,20.5,20.8,178.0,7.8,48.0,2.0
2026-02-27 19:00:00,2026,2,27,19,Lâm Đồng,Xã Đam Rông 1,11.9218728,108.1287087,100,Moderate,1,19.1,99,0.6,2.5,339,896.5,100,25.7,26.0,194.0,12.1,40.0,3.0
2026-02-27 20:00:00,2026,2,27,20,Lâm Đồng,Xã Đam Rông 1,11.9218728,108.1287087,97,Moderate,1,18.7,100,0.8,3.1,315,897.3,100,25.7,25.8,204.0,14.9,33.0,3.3
2026-02-27 21:00:00,2026,2,27,21,Lâm Đồng,Xã Đam Rông 1,11.9218728,108.1287087,95,Moderate,1,18.6,100,0.2,5.6,315,897.7,100,23.6,23.7,213.0,18.7,24.0,3.7
2026-02-27 22:00:00,2026,2,27,22,Lâm Đồng,Xã Đam Rông 1,11.9218728,108.1287087,92,Moderate,1,18.3,100,0.0,4.0,69,897.1,100,25.6,25.7,220.0,21.1,17.0,3.8
2026-02-27 23:00:00,2026,2,27,23,Lâm Đồng,Xã Đam Rông 1,11.9218728,108.1287087,90,Moderate,1,18.3,100,0.0,8.5,125,896.6,73,27.4,27.5,226.0,21.0,14.0,3.4
2026-02-28 00:00:00,2026,2,28,0,Lâm Đồng,Xã Đam Rông 1,11.9218728,108.1287087,88,Moderate,1,18.0,99,0.0,9.5,134,896.2,97,28.3,28.3,232.0,19.5,13.0,2.6
2026-02-28 01:00:00,2026,2,28,1,Lâm Đồng,Xã Đam Rông 1,11.9218728,108.1287087,86,Moderate,1,18.0,100,0.0,9.8,140,895.5,94,27.2,27.2,239.0,17.8,13.0,2.0
2026-02-28 02:00:00,2026,2,28,2,Lâm Đồng,Xã Đam Rông 1,11.9218728,108.1287087,85,Moderate,1,17.9,99,0.0,9.3,139,894.7,59,26.0,26.0,248.0,16.5,12.0,1.6
2026-02-28 03:00:00,2026,2,28,3,Lâm Đồng,Xã Đam Rông 1,11.9218728,108.1287087,84,Moderate,1,17.7,99,0.0,9.7,135,894.2,54,24.4,24.6,259.0,15.0,11.0,1.3
2026-02-28 04:00:00,2026,2,28,4,Lâm Đồng,Xã Đam Rông 1,11.9218728,108.1287087,82,Moderate,1,17.4,99,0.0,9.4,138,894.0,14,23.5,23.5,271.0,13.2,13.0,1.1
2026-02-28 05:00:00,2026,2,28,5,Lâm Đồng,Xã Đam Rông 1,11.9218728,108.1287087,81,Moderate,1,17.0,99,0.0,8.4,137,894.5,12,22.6,22.8,291.0,10.8,19.0,0.9
2026-02-28 06:00:00,2026,2,28,6,Lâm Đồng,Xã Đam Rông 1,11.9218728,108.1287087,80,Moderate,1,16.5,100,0.0,7.0,136,895.1,25,21.8,21.9,311.0,8.1,28.0,0.8
2026-02-28 07:00:00,2026,2,28,7,Lâm Đồng,Xã Đam Rông 1,11.9218728,108.1287087,79,Moderate,1,18.0,99,0.0,6.1,133,896.5,56,20.5,20.8,312.0,7.0,33.0,0.9
2026-02-28 08:00:00,2026,2,28,8,Lâm Đồng,Xã Đam Rông 1,11.9218728,108.1287087,77,Moderate,1,20.1,95,0.0,5.1,144,898.3,7,16.1,16.5,276.0,5.3,45.0,0.9
2026-02-28 09:00:00,2026,2,28,9,Lâm Đồng,Xã Đam Rông 1,11.9218728,108.1287087,74,Moderate,1,22.0,85,0.0,5.6,149,899.1,1,11.8,12.3,220.0,2.9,61.0,1.0
2026-02-28 10:00:00,2026,2,28,10,Lâm Đồng,Xã Đam Rông 1,11.9218728,108.1287087,73,Moderate,1,24.0,69,0.0,5.1,163,899.9,5,7.9,8.5,176.0,1.2,73.0,1.0
2026-02-28 11:00:00,2026,2,28,11,Lâm Đồng,Xã Đam Rông 1,11.9218728,108.1287087,71,Moderate,1,25.6,58,0.0,4.5,182,899.5,14,6.5,7.0,152.0,0.6,78.0,1.0
2026-02-28 12:00:00,2026,2,28,12,Lâm Đồng,Xã Đam Rông 1,11.9218728,108.1287087,70,Moderate,1,26.3,54,0.2,2.6,214,898.6,23,6.3,6.8,140.0,0.7,80.0,0.9
2026-02-28 13:00:00,2026,2,28,13,Lâm Đồng,Xã Đam Rông 1,11.9218728,108.1287087,69,Moderate,1,27.2,48,0.2,1.3,304,898.1,41,7.0,7.3,143.0,0.9,80.0,0.9
2026-02-28 14:00:00,2026,2,28,14,Lâm Đồng,Xã Đam Rông 1,11.9218728,108.1287087,67,Moderate,1,25.7,56,0.2,3.6,351,897.1,33,8.1,8.5,171.0,1.0,81.0,0.9
2026-02-28 15:00:00,2026,2,28,15,Lâm Đồng,Xã Đam Rông 1,11.9218728,108.1287087,66,Moderate,1,24.3,68,0.8,6.3,272,896.4,98,8.6,8.8,215.0,1.3,82.0,1.0
2026-02-28 16:00:00,2026,2,28,16,Lâm Đồng,Xã Đam Rông 1,11.9218728,108.1287087,65,Moderate,1,20.7,89,0.5,7.4,304,895.8,78,10.5,10.8,253.0,2.3,78.0,1.2
2026-02-28 17:00:00,2026,2,28,17,Lâm Đồng,Xã Đam Rông 1,11.9218728,108.1287087,64,Moderate,1,21.3,87,0.0,2.2,156,896.3,9,9.9,10.1,283.0,4.5,68.0,1.6
2026-02-28 18:00:00,2026,2,28,18,Lâm Đồng,Xã Đam Rông 1,11.9218728,108.1287087,63,Moderate,1,20.2,94,0.0,2.7,118,895.9,19,11.6,11.7,306.0,7.5,54.0,2.2
2026-02-28 19:00:00,2026,2,28,19,Lâm Đồng,Xã Đam Rông 1,11.9218728,108.1287087,62,Moderate,1,20.1,98,0.0,8.5,134,896.5,24,15.4,16.0,310.0,14.6,34.0,3.1
2026-02-28 20:00:00,2026,2,28,20,Lâm Đồng,Xã Đam Rông 1,11.9218728,108.1287087,61,Moderate,1,19.4,96,0.0,8.9,137,897.1,18,14.8,15.2,277.0,18.1,28.0,3.6
2026-02-28 21:00:00,2026,2,28,21,Lâm Đồng,Xã Đam Rông 1,11.9218728,108.1287087,60,Moderate,1,18.9,98,0.0,8.1,135,897.1,30,15.3,15.5,224.0,23.0,20.0,4.4
2026-02-28 22:00:00,2026,2,28,22,Lâm Đồng,Xã Đam Rông 1,11.9218728,108.1287087,60,Moderate,1,18.5,99,0.0,7.7,129,897.0,20,18.6,18.9,187.0,26.4,13.0,4.7
2026-02-28 23:00:00,2026,2,28,23,Lâm Đồng,Xã Đam Rông 1,11.9218728,108.1287087,59,Moderate,1,18.4,98,0.0,7.6,124,896.7,18,21.6,21.9,185.0,27.4,9.0,4.4
2026-03-01 00:00:00,2026,3,1,0,Lâm Đồng,Xã Đam Rông 1,11.9218728,108.1287087,59,Moderate,1,18.4,98,0.0,6.5,124,896.2,6,23.4,23.7,200.0,27.0,7.0,3.7
2026-03-01 01:00:00,2026,3,1,1,Lâm Đồng,Xã Đam Rông 1,11.9218728,108.1287087,58,Moderate,1,18.4,100,0.0,6.3,127,895.5,100,23.2,23.4,214.0,25.5,6.0,3.0
2026-03-01 02:00:00,2026,3,1,2,Lâm Đồng,Xã Đam Rông 1,11.9218728,108.1287087,58,Moderate,1,18.4,99,0.0,7.1,135,895.3,76,21.8,22.1,218.0,22.5,7.0,2.5
2026-03-01 03:00:00,2026,3,1,3,Lâm Đồng,Xã Đam Rông 1,11.9218728,108.1287087,57,Moderate,1,18.4,99,0.0,7.9,135,895.1,83,21.3,21.6,222.0,18.3,10.0,2.1
2026-03-01 04:00:00,2026,3,1,4,Lâm Đồng,Xã Đam Rông 1,11.9218728,108.1287087,57,Moderate,1,18.3,99,0.0,8.7,133,895.2,95,21.4,21.7,229.0,14.7,14.0,1.8
2026-03-01 05:00:00,2026,3,1,5,Lâm Đồng,Xã Đam Rông 1,11.9218728,108.1287087,57,Moderate,1,18.2,98,0.0,7.3,132,895.6,56,20.8,21.1,249.0,12.4,17.0,1.6
2026-03-01 06:00:00,2026,3,1,6,Lâm Đồng,Xã Đam Rông 1,11.9218728,108.1287087,57,Moderate,1,17.8,99,0.0,5.8,126,896.0,80,21.0,21.2,274.0,10.6,21.0,1.5
2026-03-01 07:00:00,2026,3,1,7,Lâm Đồng,Xã Đam Rông 1,11.9218728,108.1287087,57,Moderate,1,19.2,94,0.0,5.5,128,897.2,18,18.2,18.6,282.0,7.3,40.0,1.4
2026-03-01 08:00:00,2026,3,1,8,Lâm Đồng,Xã Đam Rông 1,11.9218728,108.1287087,56,Moderate,1,21.7,85,0.0,2.7,143,899.0,12,15.5,15.8,257.0,5.5,53.0,1.4
2026-03-01 09:00:00,2026,3,1,9,Lâm Đồng,Xã Đam Rông 1,11.9218728,108.1287087,56,Moderate,1,23.3,76,0.1,1.4,293,899.8,23,11.0,11.4,216.0,3.1,72.0,1.5
2026-03-01 10:00:00,2026,3,1,10,Lâm Đồng,Xã Đam Rông 1,11.9218728,108.1287087,56,Moderate,1,25.0,65,0.4,2.1,322,900.1,42,8.6,9.0,184.0,1.3,87.0,1.5
2026-03-01 11:00:00,2026,3,1,11,Lâm Đồng,Xã Đam Rông 1,11.9218728,108.1287087,56,Moderate,1,25.1,67,0.4,2.2,336,899.5,33,8.6,8.9,173.0,0.7,95.0,1.5
2026-03-01 12:00:00,2026,3,1,12,Lâm Đồng,Xã Đam Rông 1,11.9218728,108.1287087,57,Moderate,1,25.7,67,0.7,1.3,326,899.0,23,8.8,9.0,172.0,0.7,100.0,1.4
2026-03-01 13:00:00,2026,3,1,13,Lâm Đồng,Xã Đam Rông 1,11.9218728,108.1287087,57,Moderate,1,27.2,56,0.1,5.2,304,898.3,51,9.0,9.3,171.0,0.9,102.0,1.3
2026-03-01 14:00:00,2026,3,1,14,Lâm Đồng,Xã Đam Rông 1,11.9218728,108.1287087,57,Moderate,1,25.1,71,0.9,7.6,326,897.0,65,9.5,9.7,163.0,0.8,102.0,1.2
2026-03-01 15:00:00,2026,3,1,15,Lâm Đồng,Xã Đam Rông 1,11.9218728,108.1287087,57,Moderate,1,25.0,73,0.9,5.1,6,896.7,43,9.5,9.7,156.0,0.8,99.0,1.0
2026-03-01 16:00:00,2026,3,1,16,Lâm Đồng,Xã Đam Rông 1,11.9218728,108.1287087,57,Moderate,1,24.0,75,0.1,1.2,27,896.1,28,10.2,10.4,161.0,1.8,93.0,1.1
2026-03-01 17:00:00,2026,3,1,17,Lâm Đồng,Xã Đam Rông 1,11.9218728,108.1287087,57,Moderate,1,23.2,78,0.0,2.3,23,896.7,61,9.9,10.0,191.0,4.5,81.0,1.6
2026-03-01 18:00:00,2026,3,1,18,Lâm Đồng,Xã Đam Rông 1,11.9218728,108.1287087,57,Moderate,1,21.3,92,0.0,1.9,343,896.8,60,11.1,11.2,233.0,8.3,66.0,2.3
2026-03-01 19:00:00,2026,3,1,19,Lâm Đồng,Xã Đam Rông 1,11.9218728,108.1287087,57,Moderate,1,20.7,99,0.3,4.6,135,897.4,93,20.5,21.0,263.0,8.7,48.0,2.2
2026-03-01 20:00:00,2026,3,1,20,Lâm Đồng,Xã Đam Rông 1,11.9218728,108.1287087,58,Moderate,1,20.0,96,0.0,6.0,131,897.9,30,22.2,22.6,270.0,12.4,40.0,2.8
2026-03-01 21:00:00,2026,3,1,21,Lâm Đồng,Xã Đam Rông 1,11.9218728,108.1287087,58,Moderate,1,19.0,98,0.0,6.4,133,898.1,16,25.1,25.5,265.0,17.4,28.0,3.7
2026-03-01 22:00:00,2026,3,1,22,Lâm Đồng,Xã Đam Rông 1,11.9218728,108.1287087,59,Moderate,1,18.5,98,0.0,8.1,127,897.9,1,26.8,27.1,252.0,20.9,19.0,4.1
2026-03-01 23:00:00,2026,3,1,23,Lâm Đồng,Xã Đam Rông 1,11.9218728,108.1287087,60,Moderate,1,18.4,98,0.0,8.1,125,897.8,0,26.4,26.6,228.0,21.5,14.0,3.8
2026-03-02 00:00:00,2026,3,2,0,Lâm Đồng,Xã Đam Rông 1,11.9218728,108.1287087,60,Moderate,1,18.3,98,0.0,7.9,125,897.6,26,26.5,26.7,195.0,20.6,12.0,3.1
2026-03-02 01:00:00,2026,3,2,1,Lâm Đồng,Xã Đam Rông 1,11.9218728,108.1287087,61,Moderate,1,18.5,98,0.0,6.9,121,897.0,66,25.8,26.0,172.0,19.2,11.0,2.5
2026-03-02 02:00:00,2026,3,2,2,Lâm Đồng,Xã Đam Rông 1,11.9218728,108.1287087,61,Moderate,1,18.4,96,0.0,7.3,128,896.3,65,24.7,24.9,163.0,17.3,12.0,2.1
2026-03-02 03:00:00,2026,3,2,3,Lâm Đồng,Xã Đam Rông 1,11.9218728,108.1287087,61,Moderate,1,18.0,97,0.0,7.1,120,895.9,32,24.2,24.4,163.0,14.9,15.0,1.8
2026-03-02 04:00:00,2026,3,2,4,Lâm Đồng,Xã Đam Rông 1,11.9218728,108.1287087,61,Moderate,1,17.5,98,0.0,5.5,117,895.5,27,24.0,24.2,170.0,12.7,18.0,1.6
2026-03-02 05:00:00,2026,3,2,5,Lâm Đồng,Xã Đam Rông 1,11.9218728,108.1287087,62,Moderate,1,17.1,99,0.0,2.9,112,895.7,98,23.7,23.9,192.0,11.0,19.0,1.4
2026-03-02 06:00:00,2026,3,2,6,Lâm Đồng,Xã Đam Rông 1,11.9218728,108.1287087,62,Moderate,1,17.3,96,0.0,1.4,113,896.6,43,22.6,22.8,221.0,9.4,21.0,1.3
2026-03-02 07:00:00,2026,3,2,7,Lâm Đồng,Xã Đam Rông 1,11.9218728,108.1287087,62,Moderate,1,20.6,86,0.0,2.0,135,898.7,7,32.9,33.3,235.0,10.0,22.0,1.3
2026-03-02 08:00:00,2026,3,2,8,Lâm Đồng,Xã Đam Rông 1,11.9218728,108.1287087,63,Moderate,1,22.4,85,0.0,1.0,239,900.3,57,27.4,27.8,220.0,7.4,44.0,1.7
2026-03-02 09:00:00,2026,3,2,9,Lâm Đồng,Xã Đam Rông 1,11.9218728,108.1287087,64,Moderate,1,24.0,75,0.0,3.2,289,901.3,31,21.9,22.5,190.0,3.8,74.0,2.1
2026-03-02 10:00:00,2026,3,2,10,Lâm Đồng,Xã Đam Rông 1,11.9218728,108.1287087,65,Moderate,1,25.0,71,0.1,5.8,309,901.5,100,23.2,23.9,167.0,1.2,97.0,2.4
2026-03-02 11:00:00,2026,3,2,11,Lâm Đồng,Xã Đam Rông 1,11.9218728,108.1287087,67,Moderate,1,26.1,64,0.3,4.8,304,901.2,38,23.2,23.9,162.0,0.5,106.0,2.2
2026-03-02 12:00:00,2026,3,2,12,Lâm Đồng,Xã Đam Rông 1,11.9218728,108.1287087,68,Moderate,1,26.2,63,0.5,3.3,315,900.6,44,21.8,22.4,164.0,0.7,108.0,1.9
2026-03-02 13:00:00,2026,3,2,13,Lâm Đồng,Xã Đam Rông 1,11.9218728,108.1287087,69,Moderate,1,26.6,60,0.3,2.5,300,899.7,37,20.7,21.1,165.0,1.0,108.0,1.6
2026-03-02 14:00:00,2026,3,2,14,Lâm Đồng,Xã Đam Rông 1,11.9218728,108.1287087,70,Moderate,1,27.0,60,0.3,2.7,302,899.0,33,21.8,22.2,155.0,0.8,108.0,1.5
2026-03-02 15:00:00,2026,3,2,15,Lâm Đồng,Xã Đam Rông 1,11.9218728,108.1287087,71,Moderate,1,26.9,60,0.2,2.7,238,898.2,22,20.5,21.0,144.0,0.8,106.0,1.5
2026-03-02 16:00:00,2026,3,2,16,Lâm Đồng,Xã Đam Rông 1,11.9218728,108.1287087,72,Moderate,1,25.8,61,0.1,0.9,101,897.7,20,20.8,21.2,149.0,1.9,99.0,1.6
2026-03-02 17:00:00,2026,3,2,17,Lâm Đồng,Xã Đam Rông 1,11.9218728,108.1287087,73,Moderate,1,23.4,76,0.0,8.6,307,897.9,30,21.0,21.4,185.0,4.9,85.0,2.1
2026-03-02 18:00:00,2026,3,2,18,Lâm Đồng,Xã Đam Rông 1,11.9218728,108.1287087,74,Moderate,1,21.3,92,0.0,0.6,214,897.8,5,22.0,22.3,236.0,9.1,66.0,2.9
2026-03-02 19:00:00,2026,3,2,19,Lâm Đồng,Xã Đam Rông 1,11.9218728,108.1287087,75,Moderate,1,21.1,91,0.0,5.7,122,897.8,13,19.5,19.7,276.0,9.0,53.0,2.3
2026-03-02 20:00:00,2026,3,2,20,Lâm Đồng,Xã Đam Rông 1,11.9218728,108.1287087,75,Moderate,1,20.0,93,0.0,5.7,131,898.4,17,20.5,20.6,294.0,12.3,46.0,2.3
2026-03-02 21:00:00,2026,3,2,21,Lâm Đồng,Xã Đam Rông 1,11.9218728,108.1287087,75,Moderate,1,19.0,98,0.0,7.1,128,898.8,17,22.6,22.7,299.0,16.8,36.0,2.4
2026-03-02 22:00:00,2026,3,2,22,Lâm Đồng,Xã Đam Rông 1,11.9218728,108.1287087,75,Moderate,1,18.8,99,0.0,8.5,119,898.7,17,28.3,28.5,295.0,19.8,27.0,2.3
2026-03-02 23:00:00,2026,3,2,23,Lâm Đồng,Xã Đam Rông 1,11.9218728,108.1287087,75,Moderate,1,18.8,100,0.0,8.1,119,898.4,27,29.2,29.3,276.0,20.2,20.0,2.0
2026-03-03 00:00:00,2026,3,3,0,Lâm Đồng,Xã Đam Rông 1,11.9218728,108.1287087,75,Moderate,1,18.9,99,0.0,6.6,119,898.1,37,28.9,29.0,247.0,19.2,13.0,1.5
2026-03-03 01:00:00,2026,3,3,1,Lâm Đồng,Xã Đam Rông 1,11.9218728,108.1287087,75,Moderate,1,19.1,99,0.0,2.5,111,897.2,72,29.1,29.2,222.0,17.7,10.0,1.1
2026-03-03 02:00:00,2026,3,3,2,Lâm Đồng,Xã Đam Rông 1,11.9218728,108.1287087,75,Moderate,1,18.9,97,0.0,1.9,119,896.5,60,28.6,28.8,204.0,15.9,13.0,0.9
2026-03-03 03:00:00,2026,3,3,3,Lâm Đồng,Xã Đam Rông 1,11.9218728,108.1287087,76,Moderate,1,18.9,96,0.0,1.8,114,896.5,47,27.4,27.5,190.0,13.6,19.0,0.9
2026-03-03 04:00:00,2026,3,3,4,Lâm Đồng,Xã Đam Rông 1,11.9218728,108.1287087,76,Moderate,1,19.0,95,0.0,0.9,307,896.8,5,26.0,26.2,185.0,11.5,24.0,0.8
2026-03-03 05:00:00,2026,3,3,5,Lâm Đồng,Xã Đam Rông 1,11.9218728,108.1287087,76,Moderate,1,18.4,97,0.0,1.2,117,897.2,6,24.8,25.0,198.0,10.1,24.0,0.7
2026-03-03 06:00:00,2026,3,3,6,Lâm Đồng,Xã Đam Rông 1,11.9218728,108.1287087,76,Moderate,1,18.1,99,0.0,1.5,135,897.6,9,24.0,24.2,222.0,8.9,24.0,0.5
2026-03-03 07:00:00,2026,3,3,7,Lâm Đồng,Xã Đam Rông 1,11.9218728,108.1287087,76,Moderate,1,20.7,92,0.0,4.0,300,899.3,23,30.2,30.6,235.0,5.5,45.0,0.7
2026-03-03 08:00:00,2026,3,3,8,Lâm Đồng,Xã Đam Rông 1,11.9218728,108.1287087,76,Moderate,1,21.9,88,0.1,8.2,303,900.7,41,29.3,29.9,228.0,4.3,59.0,0.7
2026-03-03 09:00:00,2026,3,3,9,Lâm Đồng,Xã Đam Rông 1,11.9218728,108.1287087,76,Moderate,1,22.1,90,0.2,7.8,316,901.2,90,28.5,29.2,210.0,2.6,78.0,0.8
2026-03-03 10:00:00,2026,3,3,10,Lâm Đồng,Xã Đam Rông 1,11.9218728,108.1287087,77,Moderate,1,23.2,86,0.4,7.9,321,901.7,95,26.5,27.2,197.0,1.3,93.0,0.8
2026-03-03 11:00:00,2026,3,3,11,Lâm Đồng,Xã Đam Rông 1,11.9218728,108.1287087,77,Moderate,1,24.2,82,0.1,6.8,307,901.4,99,24.4,25.1,193.0,0.8,100.0,0.8
2026-03-03 12:00:00,2026,3,3,12,Lâm Đồng,Xã Đam Rông 1,11.9218728,108.1287087,77,Moderate,1,25.6,71,0.1,6.0,316,900.9,100,22.6,23.3,192.0,0.7,103.0,0.8
2026-03-03 13:00:00,2026,3,3,13,Lâm Đồng,Xã Đam Rông 1,11.9218728,108.1287087,77,Moderate,1,26.7,66,0.0,7.7,319,900.1,84,21.2,21.8,192.0,0.8,105.0,0.8
2026-03-03 14:00:00,2026,3,3,14,Lâm Đồng,Xã Đam Rông 1,11.9218728,108.1287087,77,Moderate,1,26.6,64,0.1,8.0,326,899.0,100,20.2,20.7,192.0,0.7,108.0,0.9
2026-03-03 15:00:00,2026,3,3,15,Lâm Đồng,Xã Đam Rông 1,11.9218728,108.1287087,77,Moderate,1,23.5,76,2.2,6.5,352,897.8,91,20.5,21.0,192.0,0.8,110.0,1.1
2026-03-03 16:00:00,2026,3,3,16,Lâm Đồng,Xã Đam Rông 1,11.9218728,108.1287087,77,Moderate,1,21.6,87,0.8,7.8,134,897.5,47,21.0,21.4,197.0,2.0,107.0,1.5
2026-03-03 17:00:00,2026,3,3,17,Lâm Đồng,Xã Đam Rông 1,11.9218728,108.1287087,77,Moderate,1,21.5,90,0.0,3.6,327,897.8,43,21.1,21.5,207.0,5.3,94.0,2.1
2026-03-03 18:00:00,2026,3,3,18,Lâm Đồng,Xã Đam Rông 1,11.9218728,108.1287087,77,Moderate,1,20.6,96,0.0,3.2,106,898.2,27,22.9,23.2,220.0,9.7,76.0,2.9
2026-03-03 19:00:00,2026,3,3,19,Lâm Đồng,Xã Đam Rông 1,11.9218728,108.1287087,77,Moderate,1,20.5,99,0.0,5.0,116,898.2,13,16.8,16.9,237.0,7.9,49.0,1.7
2026-03-03 20:00:00,2026,3,3,20,Lâm Đồng,Xã Đam Rông 1,11.9218728,108.1287087,77,Moderate,1,18.7,98,0.4,15.1,8,900.3,100,17.3,17.5,261.0,8.7,44.0,1.9
2026-03-03 21:00:00,2026,3,3,21,Lâm Đồng,Xã Đam Rông 1,11.9218728,108.1287087,77,Moderate,1,18.3,99,0.1,6.3,90,899.0,43,18.3,18.5,289.0,9.8,38.0,2.3
2026-03-03 22:00:00,2026,3,3,22,Lâm Đồng,Xã Đam Rông 1,11.9218728,108.1287087,77,Moderate,1,17.9,98,0.0,5.2,117,898.3,12,20.1,20.2,309.0,11.0,32.0,2.5
2026-03-03 23:00:00,2026,3,3,23,Lâm Đồng,Xã Đam Rông 1,11.9218728,108.1287087,76,Moderate,1,17.7,98,0.0,7.3,130,898.0,69,21.9,21.9,315.0,12.5,27.0,2.6
2026-03-04 00:00:00,2026,3,4,0,Lâm Đồng,Xã Đam Rông 1,11.9218728,108.1287087,75,Moderate,1,17.6,97,0.0,6.6,133,898.3,100,23.3,23.4,314.0,14.2,22.0,2.6
2026-03-04 01:00:00,2026,3,4,1,Lâm Đồng,Xã Đam Rông 1,11.9218728,108.1287087,75,Moderate,1,17.7,99,0.0,5.7,127,898.2,100,24.4,24.6,314.0,15.4,18.0,2.5
2026-03-04 02:00:00,2026,3,4,2,Lâm Đồng,Xã Đam Rông 1,11.9218728,108.1287087,74,Moderate,1,18.3,100,0.0,7.1,131,898.3,100,25.5,25.6,319.0,16.1,14.0,2.3
2026-03-04 03:00:00,2026,3,4,3,Lâm Đồng,Xã Đam Rông 1,11.9218728,108.1287087,74,Moderate,1,18.4,100,0.0,7.3,126,898.0,100,26.4,26.5,325.0,16.5,11.0,2.1
2026-03-04 04:00:00,2026,3,4,4,Lâm Đồng,Xã Đam Rông 1,11.9218728,108.1287087,74,Moderate,1,18.3,100,0.0,6.6,123,897.6,100,27.0,27.1,329.0,16.0,11.0,2.0
2026-03-04 05:00:00,2026,3,4,5,Lâm Đồng,Xã Đam Rông 1,11.9218728,108.1287087,74,Moderate,1,18.0,99,0.0,5.3,123,897.6,34,27.1,27.4,333.0,14.4,16.0,2.0
2026-03-04 06:00:00,2026,3,4,6,Lâm Đồng,Xã Đam Rông 1,11.9218728,108.1287087,74,Moderate,1,17.3,98,0.0,4.5,119,897.7,39,27.7,27.9,336.0,12.1,25.0,2.1
2026-03-04 07:00:00,2026,3,4,7,Lâm Đồng,Xã Đam Rông 1,11.9218728,108.1287087,74,Moderate,1,19.3,96,0.0,4.4,120,899.2,24,31.1,31.4,325.0,10.1,36.0,1.7
2026-03-04 08:00:00,2026,3,4,8,Lâm Đồng,Xã Đam Rông 1,11.9218728,108.1287087,75,Moderate,1,21.4,91,0.0,2.3,129,900.4,12,27.1,27.6,289.0,7.5,56.0,1.5
2026-03-04 09:00:00,2026,3,4,9,Lâm Đồng,Xã Đam Rông 1,11.9218728,108.1287087,74,Moderate,1,23.3,77,0.0,2.1,345,901.3,15,20.3,20.9,241.0,4.0,83.0,1.1
2026-03-04 10:00:00,2026,3,4,10,Lâm Đồng,Xã Đam Rông 1,11.9218728,108.1287087,74,Moderate,1,25.3,60,0.0,3.3,354,902.1,99,17.9,18.5,205.0,1.4,103.0,0.9
2026-03-04 11:00:00,2026,3,4,11,Lâm Đồng,Xã Đam Rông 1,11.9218728,108.1287087,73,Moderate,1,26.3,54,0.2,3.3,351,901.9,92,15.5,16.1,195.0,0.6,108.0,0.8
2026-03-04 12:00:00,2026,3,4,12,Lâm Đồng,Xã Đam Rông 1,11.9218728,108.1287087,72,Moderate,1,26.8,52,0.3,4.7,4,901.4,37,14.1,14.7,199.0,0.7,107.0,0.8
2026-03-04 13:00:00,2026,3,4,13,Lâm Đồng,Xã Đam Rông 1,11.9218728,108.1287087,71,Moderate,1,26.8,50,0.2,4.8,25,900.4,30,13.9,14.4,201.0,0.9,104.0,0.8
2026-03-04 14:00:00,2026,3,4,14,Lâm Đồng,Xã Đam Rông 1,11.9218728,108.1287087,71,Moderate,1,26.9,50,0.2,4.7,7,899.2,27,13.4,13.9,195.0,0.5,105.0,0.7
2026-03-04 15:00:00,2026,3,4,15,Lâm Đồng,Xã Đam Rông 1,11.9218728,108.1287087,70,Moderate,1,26.3,51,0.2,2.0,63,898.0,39,12.9,13.4,187.0,0.2,104.0,0.7
2026-03-04 16:00:00,2026,3,4,16,Lâm Đồng,Xã Đam Rông 1,11.9218728,108.1287087,69,Moderate,1,25.9,51,0.1,0.6,252,897.7,28,12.7,13.2,190.0,1.1,99.0,0.9
2026-03-04 17:00:00,2026,3,4,17,Lâm Đồng,Xã Đam Rông 1,11.9218728,108.1287087,69,Moderate,1,24.4,61,0.0,3.3,311,897.6,27,12.6,13.0,210.0,4.2,84.0,1.5
2026-03-04 18:00:00,2026,3,4,18,Lâm Đồng,Xã Đam Rông 1,11.9218728,108.1287087,68,Moderate,1,22.6,80,0.0,1.9,68,897.1,23,14.4,14.7,241.0,8.6,64.0,2.3
2026-03-04 19:00:00,2026,3,4,19,Lâm Đồng,Xã Đam Rông 1,11.9218728,108.1287087,67,Moderate,1,20.9,95,0.0,5.9,130,897.1,49,19.8,20.4,267.0,9.3,57.0,2.8
2026-03-04 20:00:00,2026,3,4,20,Lâm Đồng,Xã Đam Rông 1,11.9218728,108.1287087,67,Moderate,1,20.4,95,0.0,2.8,145,898.1,52,21.2,21.6,288.0,11.4,50.0,3.3
2026-03-04 21:00:00,2026,3,4,21,Lâm Đồng,Xã Đam Rông 1,11.9218728,108.1287087,68,Moderate,1,19.8,93,0.0,4.9,126,898.4,9,22.4,22.8,305.0,14.3,40.0,4.0
2026-03-04 22:00:00,2026,3,4,22,Lâm Đồng,Xã Đam Rông 1,11.9218728,108.1287087,68,Moderate,1,19.1,89,0.0,6.5,124,898.3,9,24.3,24.6,311.0,16.6,31.0,4.4
2026-03-04 23:00:00,2026,3,4,23,Lâm Đồng,Xã Đam Rông 1,11.9218728,108.1287087,69,Moderate,1,18.2,90,0.0,5.1,113,898.3,4,25.6,26.0,299.0,17.8,24.0,4.1
2026-03-05 00:00:00,2026,3,5,0,Lâm Đồng,Xã Đam Rông 1,11.9218728,108.1287087,69,Moderate,1,17.7,92,0.0,4.8,110,898.0,3,26.7,27.0,275.0,18.5,18.0,3.4
2026-03-05 01:00:00,2026,3,5,1,Lâm Đồng,Xã Đam Rông 1,11.9218728,108.1287087,69,Moderate,1,17.5,95,0.0,4.2,115,897.2,11,27.5,27.9,252.0,19.0,13.0,2.8
2026-03-05 02:00:00,2026,3,5,2,Lâm Đồng,Xã Đam Rông 1,11.9218728,108.1287087,69,Moderate,1,17.3,95,0.0,1.8,114,896.8,10,28.3,28.7,231.0,19.9,9.0,2.4
2026-03-05 03:00:00,2026,3,5,3,Lâm Đồng,Xã Đam Rông 1,11.9218728,108.1287087,70,Moderate,1,17.6,93,0.0,1.9,29,896.8,17,28.8,29.3,210.0,20.7,7.0,2.2
2026-03-05 04:00:00,2026,3,5,4,Lâm Đồng,Xã Đam Rông 1,11.9218728,108.1287087,70,Moderate,1,17.5,94,0.0,2.1,31,896.7,80,29.0,29.5,200.0,20.4,7.0,1.9
2026-03-05 05:00:00,2026,3,5,5,Lâm Đồng,Xã Đam Rông 1,11.9218728,108.1287087,70,Moderate,1,17.2,98,0.0,1.6,84,897.0,100,28.8,29.2,211.0,18.6,10.0,1.5
2026-03-05 06:00:00,2026,3,5,6,Lâm Đồng,Xã Đam Rông 1,11.9218728,108.1287087,70,Moderate,1,17.5,98,0.0,1.3,98,897.6,66,28.5,29.0,234.0,15.7,15.0,1.2
2026-03-05 07:00:00,2026,3,5,7,Lâm Đồng,Xã Đam Rông 1,11.9218728,108.1287087,70,Moderate,1,19.6,87,0.0,2.3,51,898.8,1,37.5,38.4,246.0,10.4,43.0,2.4
2026-03-05 08:00:00,2026,3,5,8,Lâm Đồng,Xã Đam Rông 1,11.9218728,108.1287087,71,Moderate,1,21.3,74,0.0,2.7,28,900.0,1,27.3,28.5,237.0,7.7,57.0,2.2
2026-03-05 09:00:00,2026,3,5,9,Lâm Đồng,Xã Đam Rông 1,11.9218728,108.1287087,71,Moderate,1,23.2,64,0.0,3.3,22,900.8,33,19.0,20.4,218.0,3.9,75.0,2.0
2026-03-05 10:00:00,2026,3,5,10,Lâm Đồng,Xã Đam Rông 1,11.9218728,108.1287087,71,Moderate,1,24.6,62,0.0,3.6,3,901.2,36,15.0,16.2,201.0,1.1,89.0,1.7
2026-03-05 11:00:00,2026,3,5,11,Lâm Đồng,Xã Đam Rông 1,11.9218728,108.1287087,70,Moderate,1,25.6,60,0.1,3.9,336,901.4,51,11.8,12.9,191.0,0.3,93.0,1.4
2026-03-05 12:00:00,2026,3,5,12,Lâm Đồng,Xã Đam Rông 1,11.9218728,108.1287087,70,Moderate,1,23.9,69,0.1,8.2,22,900.6,81,9.7,10.6,184.0,0.5,93.0,1.1
2026-03-05 13:00:00,2026,3,5,13,Lâm Đồng,Xã Đam Rông 1,11.9218728,108.1287087,70,Moderate,1,24.1,69,0.8,6.2,316,899.5,93,9.0,9.8,178.0,0.8,92.0,0.9
2026-03-05 14:00:00,2026,3,5,14,Lâm Đồng,Xã Đam Rông 1,11.9218728,108.1287087,69,Moderate,1,23.4,70,0.2,8.1,87,898.4,40,8.8,9.5,169.0,0.5,92.0,0.8
2026-03-05 15:00:00,2026,3,5,15,Lâm Đồng,Xã Đam Rông 1,11.9218728,108.1287087,69,Moderate,1,23.2,70,0.1,4.6,351,897.7,71,8.8,9.4,160.0,0.4,91.0,0.8
2026-03-05 16:00:00,2026,3,5,16,Lâm Đồng,Xã Đam Rông 1,11.9218728,108.1287087,69,Moderate,1,22.2,74,0.2,4.6,225,897.6,78,9.4,9.9,166.0,1.3,87.0,1.0
2026-03-05 17:00:00,2026,3,5,17,Lâm Đồng,Xã Đam Rông 1,11.9218728,108.1287087,68,Moderate,1,19.0,94,1.1,8.0,342,897.5,96,10.3,10.7,197.0,4.2,76.0,1.5
2026-03-05 18:00:00,2026,3,5,18,Lâm Đồng,Xã Đam Rông 1,11.9218728,108.1287087,68,Moderate,1,18.5,98,0.3,4.1,103,897.2,98,11.4,11.8,241.0,8.2,61.0,2.2
2026-03-05 19:00:00,2026,3,5,19,Lâm Đồng,Xã Đam Rông 1,11.9218728,108.1287087,68,Moderate,1,18.4,97,0.1,6.3,105,897.3,42,20.0,20.9,279.0,9.9,54.0,2.8
2026-03-05 20:00:00,2026,3,5,20,Lâm Đồng,Xã Đam Rông 1,11.9218728,108.1287087,68,Moderate,1,17.8,98,0.0,5.3,114,897.9,33,20.9,21.7,305.0,11.2,48.0,3.2
2026-03-05 21:00:00,2026,3,5,21,Lâm Đồng,Xã Đam Rông 1,11.9218728,108.1287087,68,Moderate,1,17.4,99,0.0,6.0,106,898.0,69,21.4,22.2,325.0,13.1,41.0,3.8
2026-03-05 22:00:00,2026,3,5,22,Lâm Đồng,Xã Đam Rông 1,11.9218728,108.1287087,68,Moderate,1,17.3,98,0.0,3.7,101,897.9,27,21.9,22.5,335.0,14.2,34.0,4.0
2026-03-05 23:00:00,2026,3,5,23,Lâm Đồng,Xã Đam Rông 1,11.9218728,108.1287087,67,Moderate,1,17.3,95,0.0,1.3,106,898.3,29,21.4,21.8,329.0,14.0,30.0,3.7
2026-03-06 00:00:00,2026,3,6,0,Lâm Đồng,Xã Đam Rông 1,11.9218728,108.1287087,67,Moderate,1,17.3,94,0.0,1.3,90,898.2,51,20.0,20.4,313.0,13.2,27.0,3.0
2026-03-06 01:00:00,2026,3,6,1,Lâm Đồng,Xã Đam Rông 1,11.9218728,108.1287087,67,Moderate,1,17.5,98,0.0,2.8,40,897.6,100,19.2,19.6,298.0,12.4,25.0,2.4
2026-03-06 02:00:00,2026,3,6,2,Lâm Đồng,Xã Đam Rông 1,11.9218728,108.1287087,66,Moderate,1,17.3,100,0.0,2.6,56,897.3,100,18.3,18.7,288.0,12.0,24.0,2.0
2026-03-06 03:00:00,2026,3,6,3,Lâm Đồng,Xã Đam Rông 1,11.9218728,108.1287087,65,Moderate,1,17.2,99,0.0,2.7,58,897.0,100,18.0,18.5,279.0,11.7,23.0,1.6
2026-03-06 04:00:00,2026,3,6,4,Lâm Đồng,Xã Đam Rông 1,11.9218728,108.1287087,64,Moderate,1,17.0,99,0.0,3.2,63,896.6,100,17.8,18.2,269.0,11.1,24.0,1.4
2026-03-06 05:00:00,2026,3,6,5,Lâm Đồng,Xã Đam Rông 1,11.9218728,108.1287087,63,Moderate,1,16.8,98,0.0,2.4,63,896.8,85,17.5,17.9,260.0,10.1,26.0,1.3
2026-03-06 06:00:00,2026,3,6,6,Lâm Đồng,Xã Đam Rông 1,11.9218728,108.1287087,62,Moderate,1,16.6,97,0.0,2.4,77,897.4,74,17.2,17.6,250.0,8.8,30.0,1.3
2026-03-06 07:00:00,2026,3,6,7,Lâm Đồng,Xã Đam Rông 1,11.9218728,108.1287087,61,Moderate,1,18.0,98,0.0,5.1,42,898.9,98,10.5,10.6,238.0,7.5,30.0,1.1
2026-03-06 08:00:00,2026,3,6,8,Lâm Đồng,Xã Đam Rông 1,11.9218728,108.1287087,59,Moderate,1,19.6,92,0.0,4.7,9,900.1,35,7.2,7.4,219.0,5.6,44.0,1.0
2026-03-06 09:00:00,2026,3,6,9,Lâm Đồng,Xã Đam Rông 1,11.9218728,108.1287087,57,Moderate,1,21.2,81,0.0,6.0,7,901.2,98,3.8,4.0,197.0,3.0,64.0,0.9
2026-03-06 10:00:00,2026,3,6,10,Lâm Đồng,Xã Đam Rông 1,11.9218728,108.1287087,55,Moderate,1,22.4,79,0.1,7.5,345,901.7,91,2.9,3.0,181.0,1.1,77.0,0.8
2026-03-06 11:00:00,2026,3,6,11,Lâm Đồng,Xã Đam Rông 1,11.9218728,108.1287087,54,Moderate,1,22.0,86,3.3,10.6,337,900.8,44,2.5,2.6,176.0,0.8,78.0,0.7
2026-03-06 12:00:00,2026,3,6,12,Lâm Đồng,Xã Đam Rông 1,11.9218728,108.1287087,54,Moderate,1,19.7,93,11.9,8.0,81,900.3,77,2.2,2.3,176.0,1.2,74.0,0.6
2026-03-06 13:00:00,2026,3,6,13,Lâm Đồng,Xã Đam Rông 1,11.9218728,108.1287087,53,Moderate,1,22.1,87,0.4,6.0,16,899.9,56,3.0,3.1,178.0,1.6,70.0,0.6
2026-03-06 14:00:00,2026,3,6,14,Lâm Đồng,Xã Đam Rông 1,11.9218728,108.1287087,52,Moderate,1,22.4,82,0.2,8.5,339,899.0,67,3.1,3.2,175.0,1.4,71.0,0.7
2026-03-06 15:00:00,2026,3,6,15,Lâm Đồng,Xã Đam Rông 1,11.9218728,108.1287087,52,Moderate,1,20.7,86,1.6,8.4,340,898.1,82,3.1,3.2,173.0,1.2,73.0,0.8
2026-03-06 16:00:00,2026,3,6,16,Lâm Đồng,Xã Đam Rông 1,11.9218728,108.1287087,51,Moderate,1,21.3,86,0.5,5.9,55,898.0,99,3.9,3.9,183.0,1.7,72.0,1.0
2026-03-06 17:00:00,2026,3,6,17,Lâm Đồng,Xã Đam Rông 1,11.9218728,108.1287087,51,Moderate,1,20.3,92,0.2,3.5,114,897.8,78,4.4,4.5,213.0,3.7,66.0,1.4
2026-03-06 18:00:00,2026,3,6,18,Lâm Đồng,Xã Đam Rông 1,11.9218728,108.1287087,50,Good,0,19.1,99,0.1,0.9,143,897.8,86,5.4,5.4,255.0,6.4,57.0,1.8
2026-03-06 19:00:00,2026,3,6,19,Lâm Đồng,Xã Đam Rông 1,11.9218728,108.1287087,50,Good,0,19.2,96,0.0,2.2,35,898.3,100,9.1,9.5,292.0,7.6,51.0,2.3
2026-03-06 20:00:00,2026,3,6,20,Lâm Đồng,Xã Đam Rông 1,11.9218728,108.1287087,48,Good,0,19.1,97,0.1,3.1,45,899.4,100,9.8,10.3,323.0,8.5,48.0,2.6
2026-03-06 21:00:00,2026,3,6,21,Lâm Đồng,Xã Đam Rông 1,11.9218728,108.1287087,46,Good,0,18.7,98,0.2,4.2,40,899.8,49,10.5,10.9,350.0,9.7,44.0,2.9
2026-03-06 22:00:00,2026,3,6,22,Lâm Đồng,Xã Đam Rông 1,11.9218728,108.1287087,44,Good,0,18.2,99,0.0,4.5,56,899.6,20,11.1,11.7,359.0,10.5,40.0,3.0
2026-03-06 23:00:00,2026,3,6,23,Lâm Đồng,Xã Đam Rông 1,11.9218728,108.1287087,42,Good,0,17.7,99,0.0,2.5,69,899.6,37,12.3,12.9,338.0,10.4,37.0,2.7
2026-03-07 00:00:00,2026,3,7,0,Lâm Đồng,Xã Đam Rông 1,11.9218728,108.1287087,40,Good,0,17.6,97,0.0,3.1,100,899.5,88,12.3,12.9,300.0,9.7,33.0,2.2
2026-03-07 01:00:00,2026,3,7,1,Lâm Đồng,Xã Đam Rông 1,11.9218728,108.1287087,39,Good,0,17.8,99,0.0,1.0,59,899.0,100,11.9,12.6,271.0,9.1,31.0,1.7
2026-03-07 02:00:00,2026,3,7,2,Lâm Đồng,Xã Đam Rông 1,11.9218728,108.1287087,38,Good,0,17.5,100,0.0,4.9,36,898.2,98,11.8,12.6,263.0,8.7,30.0,1.4
2026-03-07 03:00:00,2026,3,7,3,Lâm Đồng,Xã Đam Rông 1,11.9218728,108.1287087,37,Good,0,17.2,100,0.0,5.3,35,898.0,100,11.8,12.6,264.0,8.2,30.0,1.1
2026-03-07 04:00:00,2026,3,7,4,Lâm Đồng,Xã Đam Rông 1,11.9218728,108.1287087,36,Good,0,16.9,100,0.0,3.3,61,897.9,100,11.8,12.8,265.0,7.6,31.0,0.9
2026-03-07 05:00:00,2026,3,7,5,Lâm Đồng,Xã Đam Rông 1,11.9218728,108.1287087,35,Good,0,16.7,100,0.0,4.9,92,898.2,98,12.0,12.9,265.0,6.8,33.0,0.7
2026-03-07 06:00:00,2026,3,7,6,Lâm Đồng,Xã Đam Rông 1,11.9218728,108.1287087,34,Good,0,16.1,98,0.0,4.0,87,898.3,80,12.2,13.0,265.0,5.8,37.0,0.6
2026-03-07 07:00:00,2026,3,7,7,Lâm Đồng,Xã Đam Rông 1,11.9218728,108.1287087,33,Good,0,17.6,99,0.0,3.5,55,899.9,68,10.0,10.6,261.0,5.7,39.0,1.0
2026-03-07 08:00:00,2026,3,7,8,Lâm Đồng,Xã Đam Rông 1,11.9218728,108.1287087,33,Good,0,19.0,96,0.0,6.0,7,901.1,68,8.3,9.1,249.0,4.3,56.0,1.0
2026-03-07 09:00:00,2026,3,7,9,Lâm Đồng,Xã Đam Rông 1,11.9218728,108.1287087,33,Good,0,20.5,83,0.0,9.4,17,902.0,92,8.0,9.2,233.0,2.4,79.0,0.9
2026-03-07 10:00:00,2026,3,7,10,Lâm Đồng,Xã Đam Rông 1,11.9218728,108.1287087,34,Good,0,22.8,70,0.1,10.7,23,902.4,85,8.9,10.2,221.0,1.0,96.0,0.8
2026-03-07 11:00:00,2026,3,7,11,Lâm Đồng,Xã Đam Rông 1,11.9218728,108.1287087,35,Good,0,24.2,63,0.0,11.2,6,902.0,18,9.8,11.1,215.0,0.6,102.0,0.7
2026-03-07 12:00:00,2026,3,7,12,Lâm Đồng,Xã Đam Rông 1,11.9218728,108.1287087,36,Good,0,25.0,60,0.1,12.7,353,901.4,26,10.4,11.7,212.0,0.6,103.0,0.6
2026-03-07 13:00:00,2026,3,7,13,Lâm Đồng,Xã Đam Rông 1,11.9218728,108.1287087,37,Good,0,25.1,57,0.0,11.7,2,900.9,88,10.9,12.1,212.0,0.7,102.0,0.5
2026-03-07 14:00:00,2026,3,7,14,Lâm Đồng,Xã Đam Rông 1,11.9218728,108.1287087,39,Good,0,24.1,58,0.1,11.0,4,899.6,100,11.5,12.8,213.0,0.6,102.0,0.5
2026-03-07 15:00:00,2026,3,7,15,Lâm Đồng,Xã Đam Rông 1,11.9218728,108.1287087,40,Good,0,24.5,56,0.0,14.8,358,899.3,73,12.1,13.3,218.0,0.5,102.0,0.5
2026-03-07 16:00:00,2026,3,7,16,Lâm Đồng,Xã Đam Rông 1,11.9218728,108.1287087,43,Good,0,23.0,65,0.0,16.6,354,898.6,65,12.6,13.9,231.0,0.9,99.0,0.6
2026-03-07 17:00:00,2026,3,7,17,Lâm Đồng,Xã Đam Rông 1,11.9218728,108.1287087,46,Good,0,21.9,69,0.0,15.0,6,898.6,48,13.4,14.6,258.0,2.1,93.0,0.9
2026-03-07 18:00:00,2026,3,7,18,Lâm Đồng,Xã Đam Rông 1,11.9218728,108.1287087,46,Good,0,19.8,78,0.0,10.7,14,898.4,19,14.8,15.9,295.0,3.7,84.0,1.4
2026-03-07 19:00:00,2026,3,7,19,Lâm Đồng,Xã Đam Rông 1,11.9218728,108.1287087,46,Good,0,19.0,84,0.0,5.5,44,899.1,34,17.8,19.1,330.0,5.9,71.0,1.8
2026-03-07 20:00:00,2026,3,7,20,Lâm Đồng,Xã Đam Rông 1,11.9218728,108.1287087,48,Good,0,18.0,90,0.0,3.0,57,899.6,10,18.6,20.0,369.0,6.3,65.0,1.9
2026-03-07 21:00:00,2026,3,7,21,Lâm Đồng,Xã Đam Rông 1,11.9218728,108.1287087,49,Good,0,17.5,91,0.0,3.8,65,899.7,73,19.0,20.4,407.0,6.8,58.0,2.0
2026-03-07 22:00:00,2026,3,7,22,Lâm Đồng,Xã Đam Rông 1,11.9218728,108.1287087,50,Good,0,16.8,94,0.0,3.4,72,899.8,55,19.4,20.8,422.0,7.2,51.0,2.1
2026-03-07 23:00:00,2026,3,7,23,Lâm Đồng,Xã Đam Rông 1,11.9218728,108.1287087,51,Moderate,1,16.2,94,0.0,3.1,77,899.4,2,19.8,21.2,395.0,7.6,47.0,2.1
2026-03-08 00:00:00,2026,3,8,0,Lâm Đồng,Xã Đam Rông 1,11.9218728,108.1287087,52,Moderate,1,15.7,94,0.0,3.6,81,899.1,2,20.5,21.9,346.0,7.9,45.0,2.0
2026-03-08 01:00:00,2026,3,8,1,Lâm Đồng,Xã Đam Rông 1,11.9218728,108.1287087,53,Moderate,1,15.4,95,0.0,3.5,66,898.5,0,20.8,22.4,308.0,8.0,43.0,1.8
2026-03-08 02:00:00,2026,3,8,2,Lâm Đồng,Xã Đam Rông 1,11.9218728,108.1287087,53,Moderate,1,15.0,93,0.0,2.2,81,897.8,0,21.5,23.3,297.0,7.9,42.0,1.5
2026-03-08 03:00:00,2026,3,8,3,Lâm Đồng,Xã Đam Rông 1,11.9218728,108.1287087,54,Moderate,1,14.7,92,0.0,3.0,33,897.6,2,22.0,24.0,299.0,7.5,43.0,1.0
2026-03-08 04:00:00,2026,3,8,4,Lâm Đồng,Xã Đam Rông 1,11.9218728,108.1287087,55,Moderate,1,14.1,95,0.0,3.3,29,897.7,66,22.2,24.3,301.0,7.1,43.0,0.7
2026-03-08 05:00:00,2026,3,8,5,Lâm Đồng,Xã Đam Rông 1,11.9218728,108.1287087,56,Moderate,1,13.6,98,0.0,3.6,49,897.8,90,22.1,24.3,304.0,6.7,42.0,0.5
2026-03-08 06:00:00,2026,3,8,6,Lâm Đồng,Xã Đam Rông 1,11.9218728,108.1287087,57,Moderate,1,13.4,97,0.0,3.6,63,898.3,94,21.7,23.9,307.0,6.1,40.0,0.5
2026-03-08 07:00:00,2026,3,8,7,Lâm Đồng,Xã Đam Rông 1,11.9218728,108.1287087,58,Moderate,1,15.6,91,0.0,5.9,59,899.7,57,19.8,21.1,305.0,5.8,36.0,0.5
2026-03-08 08:00:00,2026,3,8,8,Lâm Đồng,Xã Đam Rông 1,11.9218728,108.1287087,59,Moderate,1,18.5,73,0.0,3.9,37,901.2,2,17.3,19.2,291.0,4.4,55.0,0.6
2026-03-08 09:00:00,2026,3,8,9,Lâm Đồng,Xã Đam Rông 1,11.9218728,108.1287087,59,Moderate,1,20.5,65,0.0,5.6,353,902.0,2,11.5,14.4,272.0,2.4,81.0,0.8
2026-03-08 10:00:00,2026,3,8,10,Lâm Đồng,Xã Đam Rông 1,11.9218728,108.1287087,60,Moderate,1,21.6,72,0.0,11.1,353,902.4,2,8.2,10.3,255.0,1.0,100.0,0.9
2026-03-08 11:00:00,2026,3,8,11,Lâm Đồng,Xã Đam Rông 1,11.9218728,108.1287087,60,Moderate,1,23.2,67,0.0,12.4,358,902.1,3,6.3,7.7,243.0,0.5,105.0,0.8
2026-03-08 12:00:00,2026,3,8,12,Lâm Đồng,Xã Đam Rông 1,11.9218728,108.1287087,59,Moderate,1,24.6,60,0.0,13.7,358,901.4,6,5.2,6.1,234.0,0.6,103.0,0.6
2026-03-08 13:00:00,2026,3,8,13,Lâm Đồng,Xã Đam Rông 1,11.9218728,108.1287087,59,Moderate,1,25.2,53,0.0,14.3,356,900.7,20,4.9,5.6,228.0,0.7,100.0,0.5
2026-03-08 14:00:00,2026,3,8,14,Lâm Đồng,Xã Đam Rông 1,11.9218728,108.1287087,58,Moderate,1,25.5,52,0.0,13.3,358,899.9,17,4.8,5.4,225.0,0.6,99.0,0.5
2026-03-08 15:00:00,2026,3,8,15,Lâm Đồng,Xã Đam Rông 1,11.9218728,108.1287087,58,Moderate,1,25.1,53,0.1,14.5,349,898.8,28,5.0,5.6,225.0,0.6,97.0,0.6
2026-03-08 16:00:00,2026,3,8,16,Lâm Đồng,Xã Đam Rông 1,11.9218728,108.1287087,57,Moderate,1,23.3,65,0.0,16.9,346,898.7,27,5.2,5.8,229.0,0.9,94.0,0.7
2026-03-08 17:00:00,2026,3,8,17,Lâm Đồng,Xã Đam Rông 1,11.9218728,108.1287087,57,Moderate,1,22.1,71,0.0,12.6,347,898.6,11,5.7,6.2,238.0,1.8,87.0,1.0
2026-03-08 18:00:00,2026,3,8,18,Lâm Đồng,Xã Đam Rông 1,11.9218728,108.1287087,56,Moderate,1,20.3,79,0.0,9.2,353,898.3,5,6.1,6.6,252.0,3.1,79.0,1.3
2026-03-08 19:00:00,2026,3,8,19,Lâm Đồng,Xã Đam Rông 1,11.9218728,108.1287087,55,Moderate,1,19.2,87,0.0,7.6,1,898.8,6,6.4,6.9,266.0,4.7,69.0,1.6
2026-03-08 20:00:00,2026,3,8,20,Lâm Đồng,Xã Đam Rông 1,11.9218728,108.1287087,54,Moderate,1,18.3,92,0.0,6.5,28,899.3,13,6.3,6.8,284.0,4.7,66.0,1.6
2026-03-08 21:00:00,2026,3,8,21,Lâm Đồng,Xã Đam Rông 1,11.9218728,108.1287087,53,Moderate,1,17.5,95,0.0,7.0,35,899.6,3,6.2,6.7,302.0,4.7,61.0,1.6
2026-03-08 22:00:00,2026,3,8,22,Lâm Đồng,Xã Đam Rông 1,11.9218728,108.1287087,52,Moderate,1,16.8,97,0.0,6.0,44,899.6,2,6.1,6.7,311.0,4.8,57.0,1.5
2026-03-08 23:00:00,2026,3,8,23,Lâm Đồng,Xã Đam Rông 1,11.9218728,108.1287087,51,Moderate,1,16.4,97,0.0,4.9,57,899.6,5,6.1,6.6,303.0,5.1,53.0,1.4
2026-03-09 00:00:00,2026,3,9,0,Lâm Đồng,Xã Đam Rông 1,11.9218728,108.1287087,49,Good,0,16.2,98,0.0,4.1,52,899.4,5,6.0,6.5,285.0,5.4,50.0,1.2
2026-03-09 01:00:00,2026,3,9,1,Lâm Đồng,Xã Đam Rông 1,11.9218728,108.1287087,46,Good,0,15.9,100,0.0,3.2,63,898.9,95,5.8,6.3,268.0,5.6,47.0,1.1
2026-03-09 02:00:00,2026,3,9,2,Lâm Đồng,Xã Đam Rông 1,11.9218728,108.1287087,44,Good,0,15.8,100,0.0,3.4,58,898.4,94,5.6,6.0,253.0,5.6,45.0,1.0
2026-03-09 03:00:00,2026,3,9,3,Lâm Đồng,Xã Đam Rông 1,11.9218728,108.1287087,41,Good,0,15.7,100,0.0,3.3,61,898.2,98,5.5,5.9,239.0,5.4,44.0,0.9
2026-03-09 04:00:00,2026,3,9,4,Lâm Đồng,Xã Đam Rông 1,11.9218728,108.1287087,38,Good,0,15.7,100,0.0,3.1,66,898.4,100,5.4,5.7,232.0,5.1,44.0,0.9
2026-03-09 05:00:00,2026,3,9,5,Lâm Đồng,Xã Đam Rông 1,11.9218728,108.1287087,35,Good,0,15.8,100,0.0,3.6,53,898.6,98,5.2,5.6,240.0,4.8,46.0,1.0
2026-03-09 06:00:00,2026,3,9,6,Lâm Đồng,Xã Đam Rông 1,11.9218728,108.1287087,32,Good,0,15.9,100,0.0,3.4,58,899.3,100,5.1,5.5,255.0,4.4,50.0,1.1
2026-03-09 07:00:00,2026,3,9,7,Lâm Đồng,Xã Đam Rông 1,11.9218728,108.1287087,29,Good,0,17.9,98,0.0,5.6,25,900.8,100,7.6,7.9,260.0,5.0,50.0,1.1
2026-03-09 08:00:00,2026,3,9,8,Lâm Đồng,Xã Đam Rông 1,11.9218728,108.1287087,27,Good,0,19.9,85,0.0,8.7,22,901.9,60,4.7,5.0,243.0,3.9,61.0,1.0
2026-03-09 09:00:00,2026,3,9,9,Lâm Đồng,Xã Đam Rông 1,11.9218728,108.1287087,25,Good,0,22.2,73,0.1,12.3,29,902.5,88,2.8,3.2,215.0,2.3,76.0,0.8
2026-03-09 10:00:00,2026,3,9,10,Lâm Đồng,Xã Đam Rông 1,11.9218728,108.1287087,24,Good,0,22.8,71,0.1,13.3,13,902.7,40,2.3,2.7,192.0,1.1,87.0,0.7
2026-03-09 11:00:00,2026,3,9,11,Lâm Đồng,Xã Đam Rông 1,11.9218728,108.1287087,27,Good,0,24.0,68,0.3,12.4,13,902.7,60,2.2,2.6,179.0,0.7,91.0,0.6
2026-03-09 12:00:00,2026,3,9,12,Lâm Đồng,Xã Đam Rông 1,11.9218728,108.1287087,29,Good,0,24.8,64,0.1,11.9,10,901.9,33,2.5,3.0,170.0,0.6,92.0,0.6
2026-03-09 13:00:00,2026,3,9,13,Lâm Đồng,Xã Đam Rông 1,11.9218728,108.1287087,32,Good,0,24.8,63,0.1,10.4,10,901.2,12,2.7,3.2,166.0,0.7,91.0,0.6
2026-03-09 14:00:00,2026,3,9,14,Lâm Đồng,Xã Đam Rông 1,11.9218728,108.1287087,35,Good,0,24.9,59,0.1,12.4,13,900.5,16,2.7,3.1,166.0,0.9,88.0,0.6
2026-03-09 15:00:00,2026,3,9,15,Lâm Đồng,Xã Đam Rông 1,11.9218728,108.1287087,37,Good,0,24.4,63,0.2,12.0,21,899.9,42,3.7,4.0,170.0,1.2,84.0,0.7
2026-03-09 16:00:00,2026,3,9,16,Lâm Đồng,Xã Đam Rông 1,11.9218728,108.1287087,39,Good,0,23.5,67,0.0,9.0,30,900.0,40,3.7,3.9,181.0,1.8,79.0,0.8
2026-03-09 17:00:00,2026,3,9,17,Lâm Đồng,Xã Đam Rông 1,11.9218728,108.1287087,40,Good,0,22.2,76,0.3,8.1,4,899.8,83,3.6,3.8,200.0,3.1,73.0,1.1
2026-03-09 18:00:00,2026,3,9,18,Lâm Đồng,Xã Đam Rông 1,11.9218728,108.1287087,40,Good,0,20.5,89,0.1,4.6,42,899.7,32,4.4,4.6,225.0,4.6,67.0,1.5
2026-03-09 19:00:00,2026,3,9,19,Lâm Đồng,Xã Đam Rông 1,11.9218728,108.1287087,39,Good,0,18.9,96,0.0,4.5,67,899.6,13,6.0,6.7,256.0,5.2,62.0,1.5
2026-03-09 20:00:00,2026,3,9,20,Lâm Đồng,Xã Đam Rông 1,11.9218728,108.1287087,37,Good,0,18.7,96,0.0,5.6,42,900.4,11,5.9,6.5,302.0,5.3,59.0,1.5
2026-03-09 21:00:00,2026,3,9,21,Lâm Đồng,Xã Đam Rông 1,11.9218728,108.1287087,35,Good,0,18.3,97,0.0,5.2,41,900.7,20,5.7,6.3,353.0,5.5,56.0,1.5
2026-03-09 22:00:00,2026,3,9,22,Lâm Đồng,Xã Đam Rông 1,11.9218728,108.1287087,33,Good,0,17.7,98,0.0,5.2,41,901.0,20,5.7,6.2,378.0,5.5,53.0,1.5
2026-03-09 23:00:00,2026,3,9,23,Lâm Đồng,Xã Đam Rông 1,11.9218728,108.1287087,31,Good,0,17.1,100,0.0,4.6,31,900.7,24,5.6,6.1,354.0,5.3,53.0,1.4
2026-03-10 00:00:00,2026,3,10,0,Lâm Đồng,Xã Đam Rông 1,11.9218728,108.1287087,29,Good,0,16.8,100,0.0,4.0,36,900.4,100,5.2,5.7,304.0,5.0,53.0,1.2
2026-03-10 01:00:00,2026,3,10,1,Lâm Đồng,Xã Đam Rông 1,11.9218728,108.1287087,28,Good,0,17.1,100,0.0,3.9,24,900.0,100,4.6,5.1,260.0,4.6,55.0,1.1
2026-03-10 02:00:00,2026,3,10,2,Lâm Đồng,Xã Đam Rông 1,11.9218728,108.1287087,27,Good,0,16.6,100,0.0,2.8,45,899.7,100,4.0,4.4,232.0,4.1,58.0,1.0
2026-03-10 03:00:00,2026,3,10,3,Lâm Đồng,Xã Đam Rông 1,11.9218728,108.1287087,26,Good,0,16.9,100,0.0,3.2,27,899.4,100,3.1,3.4,210.0,3.6,61.0,0.9
2026-03-10 04:00:00,2026,3,10,4,Lâm Đồng,Xã Đam Rông 1,11.9218728,108.1287087,26,Good,0,17.1,100,0.0,4.6,26,899.4,100,2.5,2.7,197.0,3.1,64.0,0.8
2026-03-10 05:00:00,2026,3,10,5,Lâm Đồng,Xã Đam Rông 1,11.9218728,108.1287087,26,Good,0,17.0,100,0.0,5.8,22,899.6,100,1.8,2.0,197.0,2.8,67.0,0.8
2026-03-10 06:00:00,2026,3,10,6,Lâm Đồng,Xã Đam Rông 1,11.9218728,108.1287087,27,Good,0,17.0,100,0.0,6.1,34,900.1,100,1.4,1.5,205.0,2.5,69.0,0.7
2026-03-10 07:00:00,2026,3,10,7,Lâm Đồng,Xã Đam Rông 1,11.9218728,108.1287087,28,Good,0,18.3,99,0.0,7.4,23,901.2,100,1.7,1.7,210.0,2.9,68.0,0.9
2026-03-10 08:00:00,2026,3,10,8,Lâm Đồng,Xã Đam Rông 1,11.9218728,108.1287087,29,Good,0,19.3,96,0.1,8.8,12,902.1,55,1.8,2.0,206.0,2.3,73.0,0.8
2026-03-10 09:00:00,2026,3,10,9,Lâm Đồng,Xã Đam Rông 1,11.9218728,108.1287087,30,Good,0,21.0,82,0.0,13.1,23,902.9,52,2.1,2.4,197.0,1.5,80.0,0.6
2026-03-10 10:00:00,2026,3,10,10,Lâm Đồng,Xã Đam Rông 1,11.9218728,108.1287087,31,Good,0,23.3,69,0.0,15.3,30,903.5,23,2.4,2.8,190.0,0.9,85.0,0.5
2026-03-10 11:00:00,2026,3,10,11,Lâm Đồng,Xã Đam Rông 1,11.9218728,108.1287087,33,Good,0,25.0,59,0.0,16.4,23,903.3,23,3.0,3.6,184.0,0.7,88.0,0.5
2026-03-10 12:00:00,2026,3,10,12,Lâm Đồng,Xã Đam Rông 1,11.9218728,108.1287087,34,Good,0,25.1,56,0.1,17.2,21,902.2,27,4.2,5.2,180.0,0.7,90.0,0.5
2026-03-10 13:00:00,2026,3,10,13,Lâm Đồng,Xã Đam Rông 1,11.9218728,108.1287087,36,Good,0,25.4,52,0.0,16.3,25,901.6,12,5.6,7.1,177.0,0.7,91.0,0.5
2026-03-10 14:00:00,2026,3,10,14,Lâm Đồng,Xã Đam Rông 1,11.9218728,108.1287087,37,Good,0,25.4,52,0.0,16.5,16,900.9,22,6.3,7.9,176.0,0.7,92.0,0.5
2026-03-10 15:00:00,2026,3,10,15,Lâm Đồng,Xã Đam Rông 1,11.9218728,108.1287087,39,Good,0,25.4,51,0.0,17.0,20,900.4,54,6.3,7.8,177.0,0.8,92.0,0.5
2026-03-10 16:00:00,2026,3,10,16,Lâm Đồng,Xã Đam Rông 1,11.9218728,108.1287087,40,Good,0,24.0,58,0.0,15.0,21,900.2,20,6.0,7.5,184.0,1.1,90.0,0.6
2026-03-10 17:00:00,2026,3,10,17,Lâm Đồng,Xã Đam Rông 1,11.9218728,108.1287087,41,Good,0,22.7,63,0.0,12.3,15,900.0,8,5.9,7.3,200.0,1.9,84.0,0.8
2026-03-10 18:00:00,2026,3,10,18,Lâm Đồng,Xã Đam Rông 1,11.9218728,108.1287087,41,Good,0,20.5,73,0.0,10.7,16,899.8,2,6.2,7.4,222.0,2.9,77.0,1.0
2026-03-10 19:00:00,2026,3,10,19,Lâm Đồng,Xã Đam Rông 1,11.9218728,108.1287087,41,Good,0,19.4,79,0.0,9.7,22,900.5,1,5.7,6.9,244.0,3.6,70.0,1.1
2026-03-10 20:00:00,2026,3,10,20,Lâm Đồng,Xã Đam Rông 1,11.9218728,108.1287087,40,Good,0,18.1,86,0.0,7.7,28,900.8,5,5.7,7.0,265.0,3.6,69.0,1.1
2026-03-10 21:00:00,2026,3,10,21,Lâm Đồng,Xã Đam Rông 1,11.9218728,108.1287087,39,Good,0,17.1,92,0.0,5.0,26,900.7,2,5.9,7.2,285.0,3.5,68.0,1.2
2026-03-10 22:00:00,2026,3,10,22,Lâm Đồng,Xã Đam Rông 1,11.9218728,108.1287087,37,Good,0,16.1,98,0.0,4.7,28,900.6,22,6.1,7.4,299.0,3.6,66.0,1.2
2026-03-10 23:00:00,2026,3,10,23,Lâm Đồng,Xã Đam Rông 1,11.9218728,108.1287087,36,Good,0,15.5,100,0.0,3.4,65,900.2,99,6.2,7.5,304.0,3.8,64.0,1.1
2026-03-11 00:00:00,2026,3,11,0,Lâm Đồng,Xã Đam Rông 1,11.9218728,108.1287087,34,Good,0,15.2,100,0.0,2.5,69,899.7,98,6.2,7.4,302.0,4.2,63.0,1.0
2026-03-11 01:00:00,2026,3,11,1,Lâm Đồng,Xã Đam Rông 1,11.9218728,108.1287087,33,Good,0,15.2,100,0.0,3.0,33,899.4,100,6.2,7.3,294.0,4.4,61.0,0.9
2026-03-11 02:00:00,2026,3,11,2,Lâm Đồng,Xã Đam Rông 1,11.9218728,108.1287087,31,Good,0,15.1,100,0.0,3.5,39,899.1,100,6.3,7.3,276.0,4.4,59.0,0.8
2026-03-11 03:00:00,2026,3,11,3,Lâm Đồng,Xã Đam Rông 1,11.9218728,108.1287087,30,Good,0,15.1,100,0.0,5.5,27,898.7,100,6.2,7.0,252.0,4.3,56.0,0.8
2026-03-11 04:00:00,2026,3,11,4,Lâm Đồng,Xã Đam Rông 1,11.9218728,108.1287087,29,Good,0,15.3,99,0.0,6.9,30,898.6,100,6.3,7.0,237.0,4.2,55.0,0.8
2026-03-11 05:00:00,2026,3,11,5,Lâm Đồng,Xã Đam Rông 1,11.9218728,108.1287087,29,Good,0,15.2,99,0.0,7.3,30,898.9,100,6.6,7.3,243.0,4.0,55.0,0.8
2026-03-11 06:00:00,2026,3,11,6,Lâm Đồng,Xã Đam Rông 1,11.9218728,108.1287087,28,Good,0,15.0,98,0.0,6.8,29,899.3,100,6.8,7.5,259.0,3.8,56.0,0.9
2026-03-11 07:00:00,2026,3,11,7,Lâm Đồng,Xã Đam Rông 1,11.9218728,108.1287087,27,Good,0,16.3,97,0.0,7.7,36,900.1,100,5.4,6.2,265.0,2.9,66.0,0.9
2026-03-11 08:00:00,2026,3,11,8,Lâm Đồng,Xã Đam Rông 1,11.9218728,108.1287087,27,Good,0,18.4,86,0.0,8.6,15,901.4,29,5.4,6.4,251.0,2.3,74.0,0.8
2026-03-11 09:00:00,2026,3,11,9,Lâm Đồng,Xã Đam Rông 1,11.9218728,108.1287087,28,Good,0,20.3,77,0.0,11.4,6,902.3,8,5.3,6.4,227.0,1.5,86.0,0.8
2026-03-11 10:00:00,2026,3,11,10,Lâm Đồng,Xã Đam Rông 1,11.9218728,108.1287087,29,Good,0,22.6,64,0.0,12.6,10,902.8,3,5.1,6.0,209.0,0.9,95.0,0.7
2026-03-11 11:00:00,2026,3,11,11,Lâm Đồng,Xã Đam Rông 1,11.9218728,108.1287087,31,Good,0,24.2,57,0.0,13.5,4,902.4,58,4.7,5.6,202.0,0.6,100.0,0.6
2026-03-11 12:00:00,2026,3,11,12,Lâm Đồng,Xã Đam Rông 1,11.9218728,108.1287087,34,Good,0,24.8,54,0.0,14.4,1,901.6,32,4.4,5.3,200.0,0.6,102.0,0.5
2026-03-11 13:00:00,2026,3,11,13,Lâm Đồng,Xã Đam Rông 1,11.9218728,108.1287087,37,Good,0,25.4,48,0.0,13.3,359,900.8,46,4.3,4.9,200.0,0.6,103.0,0.5
2026-03-11 14:00:00,2026,3,11,14,Lâm Đồng,Xã Đam Rông 1,11.9218728,108.1287087,40,Good,0,25.3,48,0.0,14.6,1,899.9,70,4.3,4.8,200.0,0.6,103.0,0.5
2026-03-11 15:00:00,2026,3,11,15,Lâm Đồng,Xã Đam Rông 1,11.9218728,108.1287087,42,Good,0,24.9,52,0.0,15.1,358,899.1,13,4.4,4.9,202.0,0.6,103.0,0.5
2026-03-11 16:00:00,2026,3,11,16,Lâm Đồng,Xã Đam Rông 1,11.9218728,108.1287087,44,Good,0,24.0,56,0.0,15.4,346,899.1,34,4.6,5.0,209.0,1.0,99.0,0.6
2026-03-11 17:00:00,2026,3,11,17,Lâm Đồng,Xã Đam Rông 1,11.9218728,108.1287087,46,Good,0,22.5,61,0.0,14.2,345,898.8,74,5.1,5.4,221.0,2.0,91.0,0.9
2026-03-11 18:00:00,2026,3,11,18,Lâm Đồng,Xã Đam Rông 1,11.9218728,108.1287087,46,Good,0,20.4,68,0.0,12.2,360,898.6,73,5.6,6.0,238.0,3.4,81.0,1.2
2026-03-11 19:00:00,2026,3,11,19,Lâm Đồng,Xã Đam Rông 1,11.9218728,108.1287087,45,Good,0,18.9,78,0.0,10.8,3,899.0,58,7.1,7.7,267.0,5.0,70.0,1.6
2026-03-11 20:00:00,2026,3,11,20,Lâm Đồng,Xã Đam Rông 1,11.9218728,108.1287087,44,Good,0,18.0,83,0.0,5.8,22,899.7,66,7.6,8.4,324.0,5.3,65.0,1.7
2026-03-11 21:00:00,2026,3,11,21,Lâm Đồng,Xã Đam Rông 1,11.9218728,108.1287087,41,Good,0,17.7,86,0.0,4.9,57,899.7,35,7.8,8.7,393.0,5.8,58.0,1.8
2026-03-11 22:00:00,2026,3,11,22,Lâm Đồng,Xã Đam Rông 1,11.9218728,108.1287087,39,Good,0,16.8,92,0.0,3.8,73,899.8,62,8.4,9.3,429.0,6.3,52.0,1.8
2026-03-11 23:00:00,2026,3,11,23,Lâm Đồng,Xã Đam Rông 1,11.9218728,108.1287087,36,Good,0,16.0,95,0.0,4.3,73,899.6,24,8.9,9.8,406.0,6.7,49.0,1.7
2026-03-12 00:00:00,2026,3,12,0,Lâm Đồng,Xã Đam Rông 1,11.9218728,108.1287087,33,Good,0,15.5,96,0.0,6.0,93,899.0,41,9.1,9.9,352.0,7.0,47.0,1.5
2026-03-12 01:00:00,2026,3,12,1,Lâm Đồng,Xã Đam Rông 1,11.9218728,108.1287087,30,Good,0,15.8,93,0.0,5.9,88,898.3,94,9.2,10.0,301.0,7.3,45.0,1.4
2026-03-12 02:00:00,2026,3,12,2,Lâm Đồng,Xã Đam Rông 1,11.9218728,108.1287087,27,Good,0,15.6,89,0.0,4.2,95,897.8,100,9.4,10.3,261.0,7.5,44.0,1.3
2026-03-12 03:00:00,2026,3,12,3,Lâm Đồng,Xã Đam Rông 1,11.9218728,108.1287087,26,Good,0,15.3,87,0.0,2.4,99,897.5,100,9.6,10.5,226.0,7.7,43.0,1.3
2026-03-12 04:00:00,2026,3,12,4,Lâm Đồng,Xã Đam Rông 1,11.9218728,108.1287087,27,Good,0,15.7,83,0.0,3.4,87,897.9,100,9.7,10.6,209.0,7.5,43.0,1.3
2026-03-12 05:00:00,2026,3,12,5,Lâm Đồng,Xã Đam Rông 1,11.9218728,108.1287087,28,Good,0,15.4,84,0.0,5.3,80,898.1,100,9.5,10.3,226.0,6.9,44.0,1.3
2026-03-12 06:00:00,2026,3,12,6,Lâm Đồng,Xã Đam Rông 1,11.9218728,108.1287087,28,Good,0,15.1,84,0.0,4.9,84,898.5,100,9.4,10.2,261.0,6.0,45.0,1.3
2026-03-12 07:00:00,2026,3,12,7,Lâm Đồng,Xã Đam Rông 1,11.9218728,108.1287087,29,Good,0,17.2,84,0.0,6.7,84,899.7,27,9.6,10.5,284.0,4.7,50.0,1.1
2026-03-12 08:00:00,2026,3,12,8,Lâm Đồng,Xã Đam Rông 1,11.9218728,108.1287087,29,Good,0,19.5,73,0.0,3.4,32,901.1,0,6.9,8.2,279.0,3.6,64.0,1.0
2026-03-12 09:00:00,2026,3,12,9,Lâm Đồng,Xã Đam Rông 1,11.9218728,108.1287087,30,Good,0,21.2,71,0.0,8.3,347,901.8,0,5.7,7.1,262.0,2.1,82.0,0.8
2026-03-12 10:00:00,2026,3,12,10,Lâm Đồng,Xã Đam Rông 1,11.9218728,108.1287087,30,Good,0,22.8,67,0.0,10.6,4,902.0,28,5.3,6.7,247.0,1.0,97.0,0.7
2026-03-12 11:00:00,2026,3,12,11,Lâm Đồng,Xã Đam Rông 1,11.9218728,108.1287087,30,Good,0,24.6,55,0.0,12.5,7,901.6,18,5.7,7.1,238.0,0.6,103.0,0.6
2026-03-12 12:00:00,2026,3,12,12,Lâm Đồng,Xã Đam Rông 1,11.9218728,108.1287087,31,Good,0,25.5,49,0.0,11.8,6,900.8,16,6.5,7.9,231.0,0.6,105.0,0.5
2026-03-12 13:00:00,2026,3,12,13,Lâm Đồng,Xã Đam Rông 1,11.9218728,108.1287087,34,Good,0,26.0,44,0.0,11.1,352,900.0,13,7.3,8.8,227.0,0.7,106.0,0.5
2026-03-12 14:00:00,2026,3,12,14,Lâm Đồng,Xã Đam Rông 1,11.9218728,108.1287087,38,Good,0,26.1,41,0.0,10.6,356,899.0,12,8.3,9.9,223.0,0.6,106.0,0.5
2026-03-12 15:00:00,2026,3,12,15,Lâm Đồng,Xã Đam Rông 1,11.9218728,108.1287087,41,Good,0,25.7,46,0.0,14.9,352,898.2,23,8.4,9.9,222.0,0.6,105.0,0.6
2026-03-12 16:00:00,2026,3,12,16,Lâm Đồng,Xã Đam Rông 1,11.9218728,108.1287087,45,Good,0,24.5,52,0.1,13.4,354,897.9,34,8.2,9.6,239.0,1.1,101.0,0.7
2026-03-12 17:00:00,2026,3,12,17,Lâm Đồng,Xã Đam Rông 1,11.9218728,108.1287087,47,Good,0,23.2,59,0.0,6.1,19,897.7,18,8.2,9.4,291.0,2.5,92.0,1.0
2026-03-12 18:00:00,2026,3,12,18,Lâm Đồng,Xã Đam Rông 1,11.9218728,108.1287087,47,Good,0,20.4,81,0.0,2.1,38,897.2,27,8.6,9.6,361.0,4.4,81.0,1.4
2026-03-12 19:00:00,2026,3,12,19,Lâm Đồng,Xã Đam Rông 1,11.9218728,108.1287087,46,Good,0,19.0,86,0.0,3.5,105,897.8,28,9.1,10.1,411.0,4.3,76.0,1.5
2026-03-12 20:00:00,2026,3,12,20,Lâm Đồng,Xã Đam Rông 1,11.9218728,108.1287087,45,Good,0,18.1,93,0.0,3.5,118,898.6,16,8.8,9.8,424.0,4.2,73.0,1.5
2026-03-12 21:00:00,2026,3,12,21,Lâm Đồng,Xã Đam Rông 1,11.9218728,108.1287087,43,Good,0,17.2,96,0.0,3.7,101,899.0,10,8.5,9.6,417.0,4.0,70.0,1.5
2026-03-12 22:00:00,2026,3,12,22,Lâm Đồng,Xã Đam Rông 1,11.9218728,108.1287087,41,Good,0,16.4,97,0.0,3.4,74,899.1,3,8.4,9.6,405.0,4.0,66.0,1.4
2026-03-12 23:00:00,2026,3,12,23,Lâm Đồng,Xã Đam Rông 1,11.9218728,108.1287087,38,Good,0,15.7,96,0.0,3.3,84,899.0,1,8.4,9.7,393.0,4.2,63.0,1.3
2026-03-13 00:00:00,2026,3,13,0,Lâm Đồng,Xã Đam Rông 1,11.9218728,108.1287087,36,Good,0,15.1,96,0.0,2.9,90,898.8,0,8.4,9.8,376.0,4.5,60.0,1.1
2026-03-13 01:00:00,2026,3,13,1,Lâm Đồng,Xã Đam Rông 1,11.9218728,108.1287087,34,Good,0,15.0,97,0.0,3.5,75,898.2,0,8.4,9.7,357.0,4.7,58.0,1.0
2026-03-13 02:00:00,2026,3,13,2,Lâm Đồng,Xã Đam Rông 1,11.9218728,108.1287087,34,Good,0,14.5,95,0.0,3.0,73,897.6,0,8.2,9.4,334.0,4.7,56.0,0.9
2026-03-13 03:00:00,2026,3,13,3,Lâm Đồng,Xã Đam Rông 1,11.9218728,108.1287087,34,Good,0,14.0,95,0.0,3.1,59,897.2,30,7.8,8.8,310.0,4.6,54.0,0.8
2026-03-13 04:00:00,2026,3,13,4,Lâm Đồng,Xã Đam Rông 1,11.9218728,108.1287087,34,Good,0,13.8,97,0.0,3.8,45,897.5,71,7.1,7.9,296.0,4.4,53.0,0.8
2026-03-13 05:00:00,2026,3,13,5,Lâm Đồng,Xã Đam Rông 1,11.9218728,108.1287087,33,Good,0,13.8,98,0.0,4.6,39,897.7,91,6.7,7.3,300.0,4.1,54.0,0.8
2026-03-13 06:00:00,2026,3,13,6,Lâm Đồng,Xã Đam Rông 1,11.9218728,108.1287087,33,Good,0,14.2,98,0.0,4.8,37,898.4,96,6.5,7.0,314.0,3.8,56.0,0.8
2026-03-13 07:00:00,2026,3,13,7,Lâm Đồng,Xã Đam Rông 1,11.9218728,108.1287087,32,Good,0,16.1,96,0.0,5.6,65,899.6,100,5.9,6.5,325.0,2.9,69.0,0.8
2026-03-13 08:00:00,2026,3,13,8,Lâm Đồng,Xã Đam Rông 1,11.9218728,108.1287087,31,Good,0,18.6,81,0.0,3.1,36,901.2,78,4.5,5.2,329.0,2.3,79.0,0.7
2026-03-13 09:00:00,2026,3,13,9,Lâm Đồng,Xã Đam Rông 1,11.9218728,108.1287087,31,Good,0,20.6,74,0.0,5.5,13,902.0,16,4.0,4.7,331.0,1.6,92.0,0.7
2026-03-13 10:00:00,2026,3,13,10,Lâm Đồng,Xã Đam Rông 1,11.9218728,108.1287087,31,Good,0,23.1,63,0.0,6.4,18,902.4,13,3.8,4.6,328.0,1.0,103.0,0.6
2026-03-13 11:00:00,2026,3,13,11,Lâm Đồng,Xã Đam Rông 1,11.9218728,108.1287087,32,Good,0,24.5,54,0.1,8.1,6,901.8,39,3.6,4.4,318.0,0.8,108.0,0.6
2026-03-13 12:00:00,2026,3,13,12,Lâm Đồng,Xã Đam Rông 1,11.9218728,108.1287087,36,Good,0,24.1,59,0.5,10.4,359,900.9,39,3.8,4.8,304.0,0.7,111.0,0.5
2026-03-13 13:00:00,2026,3,13,13,Lâm Đồng,Xã Đam Rông 1,11.9218728,108.1287087,39,Good,0,24.0,55,0.2,9.5,358,900.5,69,4.4,5.4,295.0,0.7,112.0,0.5
2026-03-13 14:00:00,2026,3,13,14,Lâm Đồng,Xã Đam Rông 1,11.9218728,108.1287087,42,Good,0,24.6,52,0.1,10.1,2,899.7,70,4.9,5.9,292.0,0.7,113.0,0.5
2026-03-13 15:00:00,2026,3,13,15,Lâm Đồng,Xã Đam Rông 1,11.9218728,108.1287087,46,Good,0,24.8,50,0.0,10.2,8,899.1,98,5.7,6.8,294.0,0.7,112.0,0.5
2026-03-13 16:00:00,2026,3,13,16,Lâm Đồng,Xã Đam Rông 1,11.9218728,108.1287087,48,Good,0,23.8,52,0.0,11.5,352,898.7,99,6.1,7.1,310.0,1.1,108.0,0.6
2026-03-13 17:00:00,2026,3,13,17,Lâm Đồng,Xã Đam Rông 1,11.9218728,108.1287087,50,Good,0,22.4,60,0.0,11.0,3,898.5,50,7.2,7.9,347.0,2.3,100.0,0.9
2026-03-13 18:00:00,2026,3,13,18,Lâm Đồng,Xã Đam Rông 1,11.9218728,108.1287087,51,Moderate,1,20.5,68,0.0,8.5,28,898.5,35,8.7,9.4,398.0,3.8,88.0,1.3
2026-03-13 19:00:00,2026,3,13,19,Lâm Đồng,Xã Đam Rông 1,11.9218728,108.1287087,49,Good,0,18.9,84,0.0,5.9,70,898.7,11,11.6,12.9,445.0,4.5,81.0,1.5
2026-03-13 20:00:00,2026,3,13,20,Lâm Đồng,Xã Đam Rông 1,11.9218728,108.1287087,48,Good,0,17.8,94,0.0,4.3,105,899.4,47,11.0,12.2,492.0,4.5,77.0,1.5
2026-03-13 21:00:00,2026,3,13,21,Lâm Đồng,Xã Đam Rông 1,11.9218728,108.1287087,46,Good,0,17.1,96,0.0,3.1,83,899.8,42,11.1,12.3,535.0,4.6,71.0,1.5
2026-03-13 22:00:00,2026,3,13,22,Lâm Đồng,Xã Đam Rông 1,11.9218728,108.1287087,43,Good,0,16.8,95,0.0,3.2,43,900.2,76,11.1,12.3,553.0,4.7,66.0,1.5
2026-03-13 23:00:00,2026,3,13,23,Lâm Đồng,Xã Đam Rông 1,11.9218728,108.1287087,41,Good,0,16.6,94,0.0,4.4,35,899.9,8,11.0,12.3,529.0,5.0,62.0,1.4
2026-03-14 00:00:00,2026,3,14,0,Lâm Đồng,Xã Đam Rông 1,11.9218728,108.1287087,38,Good,0,15.3,97,0.0,3.7,35,899.5,16,10.7,11.9,479.0,5.5,57.0,1.3
2026-03-14 01:00:00,2026,3,14,1,Lâm Đồng,Xã Đam Rông 1,11.9218728,108.1287087,35,Good,0,15.9,99,0.0,2.8,45,898.7,39,10.1,11.1,425.0,5.8,54.0,1.2
2026-03-14 02:00:00,2026,3,14,2,Lâm Đồng,Xã Đam Rông 1,11.9218728,108.1287087,32,Good,0,15.2,99,0.0,3.1,77,898.3,100,9.3,10.1,366.0,5.9,51.0,1.1
2026-03-14 03:00:00,2026,3,14,3,Lâm Đồng,Xã Đam Rông 1,11.9218728,108.1287087,31,Good,0,15.3,97,0.0,2.8,75,898.3,59,8.8,9.4,304.0,5.8,48.0,1.0
2026-03-14 04:00:00,2026,3,14,4,Lâm Đồng,Xã Đam Rông 1,11.9218728,108.1287087,31,Good,0,15.3,96,0.0,4.8,68,898.2,95,8.2,8.8,261.0,5.6,48.0,1.0
2026-03-14 05:00:00,2026,3,14,5,Lâm Đồng,Xã Đam Rông 1,11.9218728,108.1287087,31,Good,0,15.4,96,0.0,2.7,62,898.6,99,7.9,8.4,255.0,5.3,50.0,1.1
2026-03-14 06:00:00,2026,3,14,6,Lâm Đồng,Xã Đam Rông 1,11.9218728,108.1287087,31,Good,0,15.4,97,0.0,4.8,37,899.5,97,7.9,8.3,268.0,4.8,53.0,1.2
2026-03-14 07:00:00,2026,3,14,7,Lâm Đồng,Xã Đam Rông 1,11.9218728,108.1287087,31,Good,0,16.6,97,0.0,4.8,34,900.6,100,3.5,3.8,277.0,4.0,66.0,1.1
2026-03-14 08:00:00,2026,3,14,8,Lâm Đồng,Xã Đam Rông 1,11.9218728,108.1287087,31,Good,0,17.9,93,0.0,3.4,16,901.8,100,3.0,3.4,272.0,3.2,76.0,1.0
2026-03-14 09:00:00,2026,3,14,9,Lâm Đồng,Xã Đam Rông 1,11.9218728,108.1287087,31,Good,0,20.1,81,0.0,5.2,12,902.9,99,2.9,3.5,263.0,2.0,89.0,0.8
2026-03-14 10:00:00,2026,3,14,10,Lâm Đồng,Xã Đam Rông 1,11.9218728,108.1287087,31,Good,0,21.3,74,0.1,8.9,24,903.0,48,2.6,3.3,252.0,1.1,99.0,0.6
2026-03-14 11:00:00,2026,3,14,11,Lâm Đồng,Xã Đam Rông 1,11.9218728,108.1287087,31,Good,0,23.0,71,0.3,10.6,3,903.1,63,2.7,3.4,237.0,0.7,103.0,0.5
2026-03-14 12:00:00,2026,3,14,12,Lâm Đồng,Xã Đam Rông 1,11.9218728,108.1287087,34,Good,0,23.6,66,0.0,10.3,6,902.3,85,2.8,3.5,221.0,0.6,104.0,0.5
2026-03-14 13:00:00,2026,3,14,13,Lâm Đồng,Xã Đam Rông 1,11.9218728,108.1287087,37,Good,0,24.6,57,0.0,9.7,18,902.3,29,2.8,3.5,210.0,0.6,103.0,0.5
2026-03-14 14:00:00,2026,3,14,14,Lâm Đồng,Xã Đam Rông 1,11.9218728,108.1287087,40,Good,0,24.7,57,0.1,8.9,353,900.9,56,3.0,3.8,204.0,0.8,99.0,0.5
2026-03-14 15:00:00,2026,3,14,15,Lâm Đồng,Xã Đam Rông 1,11.9218728,108.1287087,43,Good,0,21.2,79,1.3,11.3,34,899.9,64,3.6,4.1,204.0,1.1,93.0,0.6
2026-03-14 16:00:00,2026,3,14,16,Lâm Đồng,Xã Đam Rông 1,11.9218728,108.1287087,44,Good,0,20.5,86,2.7,1.8,135,899.8,45,4.1,4.6,217.0,1.7,87.0,0.7
2026-03-14 17:00:00,2026,3,14,17,Lâm Đồng,Xã Đam Rông 1,11.9218728,108.1287087,45,Good,0,19.9,89,0.0,3.9,77,899.8,38,4.6,5.2,253.0,2.8,83.0,1.0
2026-03-14 18:00:00,2026,3,14,18,Lâm Đồng,Xã Đam Rông 1,11.9218728,108.1287087,45,Good,0,18.7,97,0.0,2.7,37,899.5,27,5.7,6.4,303.0,4.3,79.0,1.4
2026-03-14 19:00:00,2026,3,14,19,Lâm Đồng,Xã Đam Rông 1,11.9218728,108.1287087,44,Good,0,17.9,99,0.0,7.8,22,900.2,16,8.0,9.2,339.0,4.7,80.0,1.5
2026-03-14 20:00:00,2026,3,14,20,Lâm Đồng,Xã Đam Rông 1,11.9218728,108.1287087,42,Good,0,17.5,99,0.0,7.7,24,901.0,13,7.8,9.1,351.0,4.4,79.0,1.4
2026-03-14 21:00:00,2026,3,14,21,Lâm Đồng,Xã Đam Rông 1,11.9218728,108.1287087,41,Good,0,16.8,99,0.0,5.6,17,901.2,5,7.9,9.3,351.0,4.0,78.0,1.2
2026-03-14 22:00:00,2026,3,14,22,Lâm Đồng,Xã Đam Rông 1,11.9218728,108.1287087,39,Good,0,16.2,100,0.0,4.2,36,901.1,9,8.0,9.5,345.0,3.8,76.0,1.1
2026-03-14 23:00:00,2026,3,14,23,Lâm Đồng,Xã Đam Rông 1,11.9218728,108.1287087,38,Good,0,15.8,100,0.0,3.5,55,900.9,92,7.7,9.3,335.0,3.9,73.0,1.0
2026-03-15 00:00:00,2026,3,15,0,Lâm Đồng,Xã Đam Rông 1,11.9218728,108.1287087,37,Good,0,15.5,100,0.0,4.0,54,900.5,94,7.2,8.6,320.0,4.1,69.0,0.9
2026-03-15 01:00:00,2026,3,15,1,Lâm Đồng,Xã Đam Rông 1,11.9218728,108.1287087,36,Good,0,15.4,100,0.0,4.4,35,900.2,100,6.9,8.1,301.0,4.3,65.0,0.8
2026-03-15 02:00:00,2026,3,15,2,Lâm Đồng,Xã Đam Rông 1,11.9218728,108.1287087,35,Good,0,15.2,100,0.0,4.6,39,899.6,100,6.6,7.7,272.0,4.4,62.0,0.8
2026-03-15 03:00:00,2026,3,15,3,Lâm Đồng,Xã Đam Rông 1,11.9218728,108.1287087,34,Good,0,15.1,100,0.0,5.6,45,899.3,100,6.2,7.2,240.0,4.4,59.0,0.8
2026-03-15 04:00:00,2026,3,15,4,Lâm Đồng,Xã Đam Rông 1,11.9218728,108.1287087,33,Good,0,15.0,100,0.0,5.5,54,899.2,98,5.9,6.8,219.0,4.4,57.0,0.8
2026-03-15 05:00:00,2026,3,15,5,Lâm Đồng,Xã Đam Rông 1,11.9218728,108.1287087,31,Good,0,14.8,100,0.0,4.9,62,899.6,77,5.7,6.5,222.0,4.3,56.0,0.9
2026-03-15 06:00:00,2026,3,15,6,Lâm Đồng,Xã Đam Rông 1,11.9218728,108.1287087,30,Good,0,14.6,99,0.0,5.2,68,900.2,42,5.8,6.6,236.0,4.2,56.0,1.0
2026-03-15 07:00:00,2026,3,15,7,Lâm Đồng,Xã Đam Rông 1,11.9218728,108.1287087,29,Good,0,16.7,97,0.0,6.9,28,901.4,20,5.5,6.4,245.0,3.3,65.0,0.9
2026-03-15 08:00:00,2026,3,15,8,Lâm Đồng,Xã Đam Rông 1,11.9218728,108.1287087,28,Good,0,18.5,94,0.0,6.8,18,902.8,48,4.7,5.7,241.0,2.6,75.0,0.8
2026-03-15 09:00:00,2026,3,15,9,Lâm Đồng,Xã Đam Rông 1,11.9218728,108.1287087,29,Good,0,20.8,82,0.0,8.3,1,903.7,19,4.0,5.2,231.0,1.7,89.0,0.8
2026-03-15 10:00:00,2026,3,15,10,Lâm Đồng,Xã Đam Rông 1,11.9218728,108.1287087,30,Good,0,23.1,70,0.0,9.2,358,904.1,9,3.9,5.1,221.0,1.0,98.0,0.7
2026-03-15 11:00:00,2026,3,15,11,Lâm Đồng,Xã Đam Rông 1,11.9218728,108.1287087,32,Good,0,24.3,61,0.1,10.3,354,903.7,32,4.1,5.3,212.0,0.9,99.0,0.7
2026-03-15 12:00:00,2026,3,15,12,Lâm Đồng,Xã Đam Rông 1,11.9218728,108.1287087,34,Good,0,24.8,58,0.0,12.2,336,902.7,80,4.3,5.4,204.0,1.1,95.0,0.6
2026-03-15 13:00:00,2026,3,15,13,Lâm Đồng,Xã Đam Rông 1,11.9218728,108.1287087,37,Good,0,23.6,61,1.2,6.0,49,901.8,37,5.4,6.4,199.0,1.3,92.0,0.6
2026-03-15 14:00:00,2026,3,15,14,Lâm Đồng,Xã Đam Rông 1,11.9218728,108.1287087,39,Good,0,23.4,64,0.4,3.6,45,900.9,53,6.0,6.9,196.0,1.2,93.0,0.6
2026-03-15 15:00:00,2026,3,15,15,Lâm Đồng,Xã Đam Rông 1,11.9218728,108.1287087,41,Good,0,23.5,68,1.1,2.2,275,900.6,58,5.8,6.7,196.0,1.0,95.0,0.6
2026-03-15 16:00:00,2026,3,15,16,Lâm Đồng,Xã Đam Rông 1,11.9218728,108.1287087,43,Good,0,22.4,79,2.4,2.4,27,900.2,65,5.9,7.0,208.0,1.3,93.0,0.7
2026-03-15 17:00:00,2026,3,15,17,Lâm Đồng,Xã Đam Rông 1,11.9218728,108.1287087,44,Good,0,19.9,95,0.4,4.1,157,899.7,55,6.2,7.0,236.0,2.5,85.0,1.0
2026-03-15 18:00:00,2026,3,15,18,Lâm Đồng,Xã Đam Rông 1,11.9218728,108.1287087,43,Good,0,18.4,99,0.9,5.4,150,900.0,74,6.6,7.2,274.0,4.3,74.0,1.4
2026-03-15 19:00:00,2026,3,15,19,Lâm Đồng,Xã Đam Rông 1,11.9218728,108.1287087,42,Good,0,18.0,100,0.2,2.3,86,900.0,42,7.5,8.0,320.0,5.8,71.0,1.8
2026-03-15 20:00:00,2026,3,15,20,Lâm Đồng,Xã Đam Rông 1,11.9218728,108.1287087,40,Good,0,17.3,98,0.0,2.6,78,900.4,48,7.7,8.1,385.0,5.9,67.0,1.8
2026-03-15 21:00:00,2026,3,15,21,Lâm Đồng,Xã Đam Rông 1,11.9218728,108.1287087,39,Good,0,17.1,98,0.0,3.0,65,900.6,44,7.1,7.5,456.0,6.2,61.0,1.8
2026-03-15 22:00:00,2026,3,15,22,Lâm Đồng,Xã Đam Rông 1,11.9218728,108.1287087,37,Good,0,16.4,99,0.0,3.1,62,900.7,30,7.0,7.4,491.0,6.4,57.0,1.8
2026-03-15 23:00:00,2026,3,15,23,Lâm Đồng,Xã Đam Rông 1,11.9218728,108.1287087,35,Good,0,16.2,99,0.0,3.1,80,900.5,20,7.1,7.6,462.0,6.7,55.0,1.7
2026-03-16 00:00:00,2026,3,16,0,Lâm Đồng,Xã Đam Rông 1,11.9218728,108.1287087,33,Good,0,16.0,99,0.0,2.8,75,900.1,15,7.5,8.1,396.0,7.1,55.0,1.6
2026-03-16 01:00:00,2026,3,16,1,Lâm Đồng,Xã Đam Rông 1,11.9218728,108.1287087,30,Good,0,16.0,100,0.0,2.9,47,899.8,98,7.9,8.6,334.0,7.3,54.0,1.5
2026-03-16 02:00:00,2026,3,16,2,Lâm Đồng,Xã Đam Rông 1,11.9218728,108.1287087,29,Good,0,15.6,100,0.0,4.1,67,898.9,98,8.3,9.0,284.0,7.4,52.0,1.4
2026-03-16 03:00:00,2026,3,16,3,Lâm Đồng,Xã Đam Rông 1,11.9218728,108.1287087,27,Good,0,15.1,100,0.0,3.9,77,897.9,98,8.6,9.4,238.0,7.4,50.0,1.4
2026-03-16 04:00:00,2026,3,16,4,Lâm Đồng,Xã Đam Rông 1,11.9218728,108.1287087,26,Good,0,14.8,99,0.0,4.2,83,897.9,89,9.1,9.9,210.0,7.2,49.0,1.3
2026-03-16 05:00:00,2026,3,16,5,Lâm Đồng,Xã Đam Rông 1,11.9218728,108.1287087,26,Good,0,14.7,99,0.0,3.7,76,898.1,82,9.5,10.4,214.0,6.8,48.0,1.3
2026-03-16 06:00:00,2026,3,16,6,Lâm Đồng,Xã Đam Rông 1,11.9218728,108.1287087,27,Good,0,14.7,99,0.0,4.0,80,898.5,97,10.1,11.0,235.0,6.1,49.0,1.3
2026-03-16 07:00:00,2026,3,16,7,Lâm Đồng,Xã Đam Rông 1,11.9218728,108.1287087,28,Good,0,17.0,97,0.0,4.8,75,899.8,55,6.2,6.8,251.0,4.0,60.0,1.1
2026-03-16 08:00:00,2026,3,16,8,Lâm Đồng,Xã Đam Rông 1,11.9218728,108.1287087,28,Good,0,19.0,89,0.0,3.6,63,901.0,7,5.0,6.0,248.0,3.1,72.0,1.0
2026-03-16 09:00:00,2026,3,16,9,Lâm Đồng,Xã Đam Rông 1,11.9218728,108.1287087,28,Good,0,20.9,79,0.0,3.9,16,902.1,5,4.6,5.9,238.0,1.9,88.0,0.8
2026-03-16 10:00:00,2026,3,16,10,Lâm Đồng,Xã Đam Rông 1,11.9218728,108.1287087,28,Good,0,22.7,68,0.0,7.0,360,902.4,23,4.4,5.7,235.0,1.0,100.0,0.7
2026-03-16 11:00:00,2026,3,16,11,Lâm Đồng,Xã Đam Rông 1,11.9218728,108.1287087,30,Good,0,23.2,66,0.3,7.8,4,902.1,52,4.2,5.3,245.0,0.7,103.0,0.6
2026-03-16 12:00:00,2026,3,16,12,Lâm Đồng,Xã Đam Rông 1,11.9218728,108.1287087,33,Good,0,23.7,65,0.5,7.5,8,901.4,45,4.4,5.5,261.0,0.7,102.0,0.6
2026-03-16 13:00:00,2026,3,16,13,Lâm Đồng,Xã Đam Rông 1,11.9218728,108.1287087,36,Good,0,25.1,57,0.2,7.8,352,900.8,17,5.0,6.1,274.0,0.8,100.0,0.6
2026-03-16 14:00:00,2026,3,16,14,Lâm Đồng,Xã Đam Rông 1,11.9218728,108.1287087,39,Good,0,24.7,56,0.1,8.4,344,899.8,33,5.7,6.8,272.0,0.6,100.0,0.6
2026-03-16 15:00:00,2026,3,16,15,Lâm Đồng,Xã Đam Rông 1,11.9218728,108.1287087,42,Good,0,23.5,58,0.1,7.5,340,899.0,31,6.2,7.4,268.0,0.6,101.0,0.6
2026-03-16 16:00:00,2026,3,16,16,Lâm Đồng,Xã Đam Rông 1,11.9218728,108.1287087,44,Good,0,23.0,61,0.1,6.0,357,898.6,23,6.8,8.2,288.0,1.2,97.0,0.8
2026-03-16 17:00:00,2026,3,16,17,Lâm Đồng,Xã Đam Rông 1,11.9218728,108.1287087,46,Good,0,22.3,63,0.0,3.7,349,898.7,52,7.3,8.8,361.0,3.1,87.0,1.2
2026-03-16 18:00:00,2026,3,16,18,Lâm Đồng,Xã Đam Rông 1,11.9218728,108.1287087,46,Good,0,19.9,82,0.0,0.2,90,898.5,55,8.6,9.9,458.0,5.7,73.0,1.8
2026-03-16 19:00:00,2026,3,16,19,Lâm Đồng,Xã Đam Rông 1,11.9218728,108.1287087,44,Good,0,18.8,86,0.0,4.5,358,898.8,6,9.7,10.5,527.0,9.7,56.0,2.5
2026-03-16 20:00:00,2026,3,16,20,Lâm Đồng,Xã Đam Rông 1,11.9218728,108.1287087,42,Good,0,18.0,90,0.0,3.6,27,899.2,1,10.7,11.6,546.0,10.2,51.0,2.6
2026-03-16 21:00:00,2026,3,16,21,Lâm Đồng,Xã Đam Rông 1,11.9218728,108.1287087,39,Good,0,17.0,92,0.0,2.4,81,899.2,1,11.6,12.6,537.0,10.9,45.0,2.6
2026-03-16 22:00:00,2026,3,16,22,Lâm Đồng,Xã Đam Rông 1,11.9218728,108.1287087,35,Good,0,16.5,94,0.0,3.8,109,899.1,0,12.2,13.2,507.0,11.4,40.0,2.6
2026-03-16 23:00:00,2026,3,16,23,Lâm Đồng,Xã Đam Rông 1,11.9218728,108.1287087,32,Good,0,15.7,96,0.0,4.7,118,898.9,0,12.7,13.7,445.0,11.7,37.0,2.4
2026-03-17 00:00:00,2026,3,17,0,Lâm Đồng,Xã Đam Rông 1,11.9218728,108.1287087,32,Good,0,15.1,97,0.0,4.3,114,898.4,0,13.2,14.2,363.0,11.7,36.0,2.2
2026-03-17 01:00:00,2026,3,17,1,Lâm Đồng,Xã Đam Rông 1,11.9218728,108.1287087,33,Good,0,15.0,97,0.0,2.5,98,898.0,0,13.6,14.6,303.0,11.6,34.0,1.9
2026-03-17 02:00:00,2026,3,17,2,Lâm Đồng,Xã Đam Rông 1,11.9218728,108.1287087,34,Good,0,14.9,99,0.0,4.7,106,897.7,10,14.2,15.2,286.0,11.2,32.0,1.5
2026-03-17 03:00:00,2026,3,17,3,Lâm Đồng,Xã Đam Rông 1,11.9218728,108.1287087,35,Good,0,14.5,100,0.0,4.6,111,897.3,100,15.0,15.8,293.0,10.6,30.0,1.1
2026-03-17 04:00:00,2026,3,17,4,Lâm Đồng,Xã Đam Rông 1,11.9218728,108.1287087,36,Good,0,14.7,98,0.0,4.0,108,897.4,90,15.3,16.1,302.0,9.8,29.0,0.8
2026-03-17 05:00:00,2026,3,17,5,Lâm Đồng,Xã Đam Rông 1,11.9218728,108.1287087,38,Good,0,14.5,98,0.0,3.2,106,897.7,84,15.4,16.2,313.0,9.0,27.0,0.7
2026-03-17 06:00:00,2026,3,17,6,Lâm Đồng,Xã Đam Rông 1,11.9218728,108.1287087,39,Good,0,14.3,98,0.0,1.9,107,898.2,73,15.4,16.3,328.0,8.0,25.0,0.7
2026-03-17 07:00:00,2026,3,17,7,Lâm Đồng,Xã Đam Rông 1,11.9218728,108.1287087,39,Good,0,17.2,91,0.0,2.3,94,899.9,0,24.2,25.7,332.0,7.1,33.0,0.7
2026-03-17 08:00:00,2026,3,17,8,Lâm Đồng,Xã Đam Rông 1,11.9218728,108.1287087,43,Good,0,19.7,77,0.0,2.2,90,901.4,0,19.5,21.6,314.0,5.4,56.0,0.8
2026-03-17 09:00:00,2026,3,17,9,Lâm Đồng,Xã Đam Rông 1,11.9218728,108.1287087,45,Good,0,22.0,66,0.0,1.3,34,902.5,0,13.6,17.8,285.0,3.0,88.0,0.9
2026-03-17 10:00:00,2026,3,17,10,Lâm Đồng,Xã Đam Rông 1,11.9218728,108.1287087,47,Good,0,23.7,58,0.0,3.7,346,902.5,0,12.8,17.6,269.0,1.2,111.0,1.0
2026-03-17 11:00:00,2026,3,17,11,Lâm Đồng,Xã Đam Rông 1,11.9218728,108.1287087,48,Good,0,25.1,51,0.0,7.1,350,902.2,10,13.9,18.9,278.0,0.7,118.0,1.0
2026-03-17 12:00:00,2026,3,17,12,Lâm Đồng,Xã Đam Rông 1,11.9218728,108.1287087,50,Good,0,25.9,47,0.0,10.4,339,901.3,24,15.3,19.9,299.0,0.8,118.0,1.0
2026-03-17 13:00:00,2026,3,17,13,Lâm Đồng,Xã Đam Rông 1,11.9218728,108.1287087,51,Moderate,1,26.3,42,0.0,12.1,333,900.9,14,15.9,20.3,315.0,1.0,116.0,1.0
2026-03-17 14:00:00,2026,3,17,14,Lâm Đồng,Xã Đam Rông 1,11.9218728,108.1287087,52,Moderate,1,26.8,39,0.0,9.8,328,900.0,11,16.2,20.4,316.0,0.9,117.0,1.0
2026-03-17 15:00:00,2026,3,17,15,Lâm Đồng,Xã Đam Rông 1,11.9218728,108.1287087,53,Moderate,1,26.6,39,0.0,8.5,322,899.4,42,16.0,20.1,312.0,0.8,117.0,1.1
2026-03-17 16:00:00,2026,3,17,16,Lâm Đồng,Xã Đam Rông 1,11.9218728,108.1287087,54,Moderate,1,26.0,41,0.0,9.3,342,898.9,3,15.8,19.4,314.0,1.5,113.0,1.3
2026-03-17 17:00:00,2026,3,17,17,Lâm Đồng,Xã Đam Rông 1,11.9218728,108.1287087,58,Moderate,1,23.8,54,0.0,9.4,5,898.6,1,16.6,19.3,335.0,3.4,101.0,1.8
2026-03-17 18:00:00,2026,3,17,18,Lâm Đồng,Xã Đam Rông 1,11.9218728,108.1287087,60,Moderate,1,21.0,62,0.0,9.8,18,898.3,1,17.1,19.2,362.0,6.1,85.0,2.5
2026-03-17 19:00:00,2026,3,17,19,Lâm Đồng,Xã Đam Rông 1,11.9218728,108.1287087,56,Moderate,1,19.3,71,0.0,5.0,49,898.5,4,18.1,20.6,369.0,9.9,65.0,3.2
2026-03-17 20:00:00,2026,3,17,20,Lâm Đồng,Xã Đam Rông 1,11.9218728,108.1287087,57,Moderate,1,18.1,76,0.0,8.9,124,899.0,13,19.0,21.6,336.0,11.5,58.0,3.7
2026-03-17 21:00:00,2026,3,17,21,Lâm Đồng,Xã Đam Rông 1,11.9218728,108.1287087,58,Moderate,1,17.0,85,0.0,9.3,134,899.0,2,19.9,22.4,283.0,13.8,49.0,4.3
2026-03-17 22:00:00,2026,3,17,22,Lâm Đồng,Xã Đam Rông 1,11.9218728,108.1287087,58,Moderate,1,16.4,92,0.0,7.5,120,899.3,42,21.0,23.3,245.0,15.6,40.0,4.5
2026-03-17 23:00:00,2026,3,17,23,Lâm Đồng,Xã Đam Rông 1,11.9218728,108.1287087,59,Moderate,1,16.0,94,0.0,6.6,119,899.0,73,22.2,24.2,242.0,16.6,33.0,4.0
2026-03-18 00:00:00,2026,3,18,0,Lâm Đồng,Xã Đam Rông 1,11.9218728,108.1287087,60,Moderate,1,15.5,94,0.0,3.9,118,898.5,98,22.7,24.4,255.0,17.2,26.0,3.2
2026-03-18 01:00:00,2026,3,18,1,Lâm Đồng,Xã Đam Rông 1,11.9218728,108.1287087,61,Moderate,1,15.8,89,0.0,0.9,127,898.1,95,22.8,24.3,262.0,17.2,21.0,2.4
2026-03-18 02:00:00,2026,3,18,2,Lâm Đồng,Xã Đam Rông 1,11.9218728,108.1287087,62,Moderate,1,15.7,87,0.0,2.5,111,897.9,88,22.5,23.6,251.0,16.5,19.0,1.9
2026-03-18 03:00:00,2026,3,18,3,Lâm Đồng,Xã Đam Rông 1,11.9218728,108.1287087,62,Moderate,1,15.6,86,0.0,2.0,95,897.9,89,22.4,23.3,234.0,15.3,19.0,1.5
2026-03-18 04:00:00,2026,3,18,4,Lâm Đồng,Xã Đam Rông 1,11.9218728,108.1287087,63,Moderate,1,15.6,86,0.0,2.5,69,898.0,81,22.3,23.3,232.0,13.8,21.0,1.2
2026-03-18 05:00:00,2026,3,18,5,Lâm Đồng,Xã Đam Rông 1,11.9218728,108.1287087,64,Moderate,1,15.3,87,0.0,2.2,81,898.0,3,22.2,23.2,262.0,12.1,24.0,1.0
2026-03-18 06:00:00,2026,3,18,6,Lâm Đồng,Xã Đam Rông 1,11.9218728,108.1287087,64,Moderate,1,15.2,86,0.0,2.4,77,898.5,0,21.8,22.9,307.0,10.2,29.0,0.9
2026-03-18 07:00:00,2026,3,18,7,Lâm Đồng,Xã Đam Rông 1,11.9218728,108.1287087,65,Moderate,1,18.8,75,0.0,5.5,58,900.6,88,21.9,23.7,330.0,7.3,45.0,0.9
2026-03-18 08:00:00,2026,3,18,8,Lâm Đồng,Xã Đam Rông 1,11.9218728,108.1287087,64,Moderate,1,21.3,61,0.0,3.7,11,902.2,83,16.6,18.6,308.0,5.5,66.0,1.0
2026-03-18 09:00:00,2026,3,18,9,Lâm Đồng,Xã Đam Rông 1,11.9218728,108.1287087,64,Moderate,1,23.2,55,0.0,5.8,360,903.2,91,11.8,15.0,265.0,3.0,94.0,1.2
2026-03-18 10:00:00,2026,3,18,10,Lâm Đồng,Xã Đam Rông 1,11.9218728,108.1287087,64,Moderate,1,24.8,48,0.0,9.4,359,903.4,60,11.8,15.5,233.0,1.2,116.0,1.3
2026-03-18 11:00:00,2026,3,18,11,Lâm Đồng,Xã Đam Rông 1,11.9218728,108.1287087,64,Moderate,1,26.0,45,0.0,11.7,350,903.2,57,14.8,18.7,228.0,0.6,124.0,1.4
2026-03-18 12:00:00,2026,3,18,12,Lâm Đồng,Xã Đam Rông 1,11.9218728,108.1287087,64,Moderate,1,26.8,43,0.0,10.8,345,902.0,76,15.9,19.7,235.0,0.7,124.0,1.5
2026-03-18 13:00:00,2026,3,18,13,Lâm Đồng,Xã Đam Rông 1,11.9218728,108.1287087,64,Moderate,1,27.2,43,0.0,6.5,354,901.3,44,15.7,19.2,241.0,0.9,124.0,1.6
2026-03-18 14:00:00,2026,3,18,14,Lâm Đồng,Xã Đam Rông 1,11.9218728,108.1287087,64,Moderate,1,27.4,43,0.0,6.1,341,900.3,53,14.9,18.2,236.0,0.7,126.0,1.6
2026-03-18 15:00:00,2026,3,18,15,Lâm Đồng,Xã Đam Rông 1,11.9218728,108.1287087,64,Moderate,1,27.0,43,0.0,7.9,12,899.7,51,14.1,17.2,230.0,0.7,126.0,1.6
2026-03-18 16:00:00,2026,3,18,16,Lâm Đồng,Xã Đam Rông 1,11.9218728,108.1287087,64,Moderate,1,25.3,47,0.0,10.2,39,899.2,95,14.0,16.8,237.0,1.4,121.0,1.7
2026-03-18 17:00:00,2026,3,18,17,Lâm Đồng,Xã Đam Rông 1,11.9218728,108.1287087,70,Moderate,1,24.1,55,0.0,5.6,61,899.1,98,14.8,16.8,277.0,3.4,107.0,2.1
2026-03-18 18:00:00,2026,3,18,18,Lâm Đồng,Xã Đam Rông 1,11.9218728,108.1287087,72,Moderate,1,21.8,67,0.0,4.1,61,898.5,2,15.2,16.9,331.0,6.2,89.0,2.7
2026-03-18 19:00:00,2026,3,18,19,Lâm Đồng,Xã Đam Rông 1,11.9218728,108.1287087,67,Moderate,1,19.9,73,0.0,7.4,133,898.4,2,17.5,20.0,358.0,11.1,67.0,3.6
2026-03-18 20:00:00,2026,3,18,20,Lâm Đồng,Xã Đam Rông 1,11.9218728,108.1287087,63,Moderate,1,18.1,92,0.0,10.0,146,899.0,0,18.4,20.9,329.0,12.6,59.0,3.8
2026-03-18 21:00:00,2026,3,18,21,Lâm Đồng,Xã Đam Rông 1,11.9218728,108.1287087,63,Moderate,1,17.3,95,0.0,6.3,125,899.4,0,19.0,21.1,272.0,14.7,47.0,4.0
2026-03-18 22:00:00,2026,3,18,22,Lâm Đồng,Xã Đam Rông 1,11.9218728,108.1287087,63,Moderate,1,17.2,95,0.0,8.5,122,899.4,1,19.7,21.4,231.0,16.2,37.0,4.0
2026-03-18 23:00:00,2026,3,18,23,Lâm Đồng,Xã Đam Rông 1,11.9218728,108.1287087,63,Moderate,1,16.7,96,0.0,7.5,120,899.2,0,20.4,21.9,226.0,16.8,30.0,3.4
2026-03-19 00:00:00,2026,3,19,0,Lâm Đồng,Xã Đam Rông 1,11.9218728,108.1287087,63,Moderate,1,16.2,97,0.0,5.6,117,898.6,0,20.8,22.0,238.0,16.8,24.0,2.6
2026-03-19 01:00:00,2026,3,19,1,Lâm Đồng,Xã Đam Rông 1,11.9218728,108.1287087,63,Moderate,1,16.3,93,0.0,1.7,103,898.2,0,20.9,21.9,246.0,16.4,20.0,1.9
2026-03-19 02:00:00,2026,3,19,2,Lâm Đồng,Xã Đam Rông 1,11.9218728,108.1287087,63,Moderate,1,16.7,89,0.0,2.8,63,898.0,0,20.8,21.8,242.0,15.3,19.0,1.4
2026-03-19 03:00:00,2026,3,19,3,Lâm Đồng,Xã Đam Rông 1,11.9218728,108.1287087,62,Moderate,1,16.5,91,0.0,3.4,18,898.1,0,20.7,21.5,234.0,13.7,19.0,1.0
2026-03-19 04:00:00,2026,3,19,4,Lâm Đồng,Xã Đam Rông 1,11.9218728,108.1287087,62,Moderate,1,16.4,94,0.0,2.5,45,898.0,0,20.4,21.3,234.0,12.1,22.0,0.8
2026-03-19 05:00:00,2026,3,19,5,Lâm Đồng,Xã Đam Rông 1,11.9218728,108.1287087,62,Moderate,1,16.4,94,0.0,1.4,67,898.1,0,20.0,21.0,250.0,10.6,26.0,0.7
2026-03-19 06:00:00,2026,3,19,6,Lâm Đồng,Xã Đam Rông 1,11.9218728,108.1287087,62,Moderate,1,16.5,93,0.0,1.1,90,898.7,0,19.7,20.7,273.0,8.9,32.0,0.8
2026-03-19 07:00:00,2026,3,19,7,Lâm Đồng,Xã Đam Rông 1,11.9218728,108.1287087,62,Moderate,1,19.4,83,0.0,3.9,16,900.5,0,21.2,22.3,286.0,7.9,39.0,0.9
2026-03-19 08:00:00,2026,3,19,8,Lâm Đồng,Xã Đam Rông 1,11.9218728,108.1287087,62,Moderate,1,21.5,72,0.0,2.3,315,901.9,0,15.9,17.3,278.0,5.9,60.0,1.4
2026-03-19 09:00:00,2026,3,19,9,Lâm Đồng,Xã Đam Rông 1,11.9218728,108.1287087,62,Moderate,1,23.1,61,0.0,2.2,325,902.7,0,12.3,14.8,259.0,3.1,89.0,2.1
2026-03-19 10:00:00,2026,3,19,10,Lâm Đồng,Xã Đam Rông 1,11.9218728,108.1287087,62,Moderate,1,24.6,54,0.0,5.1,328,903.1,1,12.0,14.9,245.0,1.1,112.0,2.5
2026-03-19 11:00:00,2026,3,19,11,Lâm Đồng,Xã Đam Rông 1,11.9218728,108.1287087,62,Moderate,1,25.7,47,0.0,9.2,337,903.0,2,11.5,14.3,241.0,0.5,122.0,2.3
2026-03-19 12:00:00,2026,3,19,12,Lâm Đồng,Xã Đam Rông 1,11.9218728,108.1287087,61,Moderate,1,26.4,42,0.0,10.3,345,902.1,6,10.9,13.5,240.0,0.6,125.0,1.9
2026-03-19 13:00:00,2026,3,19,13,Lâm Đồng,Xã Đam Rông 1,11.9218728,108.1287087,61,Moderate,1,26.5,40,0.0,10.1,6,901.1,14,10.9,13.3,242.0,0.8,126.0,1.5
2026-03-19 14:00:00,2026,3,19,14,Lâm Đồng,Xã Đam Rông 1,11.9218728,108.1287087,60,Moderate,1,26.4,42,0.0,8.8,2,900.3,9,11.1,13.5,241.0,0.6,128.0,1.4
2026-03-19 15:00:00,2026,3,19,15,Lâm Đồng,Xã Đam Rông 1,11.9218728,108.1287087,60,Moderate,1,25.9,43,0.0,10.8,355,899.5,5,11.3,13.4,242.0,0.5,128.0,1.3
2026-03-19 16:00:00,2026,3,19,16,Lâm Đồng,Xã Đam Rông 1,11.9218728,108.1287087,60,Moderate,1,25.4,44,0.0,12.2,8,898.8,5,11.5,13.5,255.0,1.2,123.0,1.5
2026-03-19 17:00:00,2026,3,19,17,Lâm Đồng,Xã Đam Rông 1,11.9218728,108.1287087,69,Moderate,1,24.4,52,0.0,6.2,17,898.6,19,12.4,13.9,301.0,3.4,109.0,2.0
2026-03-19 18:00:00,2026,3,19,18,Lâm Đồng,Xã Đam Rông 1,11.9218728,108.1287087,74,Moderate,1,22.0,63,0.0,1.5,36,898.1,81,13.6,14.8,359.0,6.6,90.0,2.8
2026-03-19 19:00:00,2026,3,19,19,Lâm Đồng,Xã Đam Rông 1,11.9218728,108.1287087,69,Moderate,1,19.9,68,0.0,3.6,127,898.1,6,21.1,24.2,383.0,10.4,70.0,3.5
2026-03-19 20:00:00,2026,3,19,20,Lâm Đồng,Xã Đam Rông 1,11.9218728,108.1287087,60,Moderate,1,18.1,89,0.0,10.3,145,898.5,0,21.8,24.5,338.0,12.0,62.0,3.9
2026-03-19 21:00:00,2026,3,19,21,Lâm Đồng,Xã Đam Rông 1,11.9218728,108.1287087,60,Moderate,1,17.1,99,0.0,7.3,126,898.6,6,22.1,24.5,259.0,14.2,51.0,4.4
2026-03-19 22:00:00,2026,3,19,22,Lâm Đồng,Xã Đam Rông 1,11.9218728,108.1287087,60,Moderate,1,16.9,99,0.0,8.0,121,898.6,25,22.6,24.6,204.0,16.0,41.0,4.5
2026-03-19 23:00:00,2026,3,19,23,Lâm Đồng,Xã Đam Rông 1,11.9218728,108.1287087,60,Moderate,1,16.8,97,0.0,6.5,114,898.2,8,23.4,25.0,203.0,16.9,32.0,3.9
2026-03-20 00:00:00,2026,3,20,0,Lâm Đồng,Xã Đam Rông 1,11.9218728,108.1287087,61,Moderate,1,16.3,97,0.0,3.7,119,898.1,0,24.0,25.4,227.0,17.4,23.0,3.0
2026-03-20 01:00:00,2026,3,20,1,Lâm Đồng,Xã Đam Rông 1,11.9218728,108.1287087,61,Moderate,1,16.7,93,0.0,1.5,126,897.7,0,24.0,25.1,245.0,17.3,18.0,2.2
2026-03-20 02:00:00,2026,3,20,2,Lâm Đồng,Xã Đam Rông 1,11.9218728,108.1287087,61,Moderate,1,16.8,94,0.0,0.6,146,897.6,1,23.5,24.4,242.0,16.4,17.0,1.7
2026-03-20 03:00:00,2026,3,20,3,Lâm Đồng,Xã Đam Rông 1,11.9218728,108.1287087,62,Moderate,1,16.4,97,0.0,1.4,130,897.5,10,23.1,24.0,233.0,14.9,18.0,1.3
2026-03-20 04:00:00,2026,3,20,4,Lâm Đồng,Xã Đam Rông 1,11.9218728,108.1287087,62,Moderate,1,16.1,99,0.0,2.4,126,897.4,35,22.8,23.6,230.0,13.3,22.0,1.1
2026-03-20 05:00:00,2026,3,20,5,Lâm Đồng,Xã Đam Rông 1,11.9218728,108.1287087,62,Moderate,1,16.0,99,0.0,2.6,115,897.7,77,22.3,23.2,241.0,11.7,26.0,0.9
2026-03-20 06:00:00,2026,3,20,6,Lâm Đồng,Xã Đam Rông 1,11.9218728,108.1287087,62,Moderate,1,16.2,99,0.0,2.3,108,898.4,77,21.6,22.5,259.0,9.9,33.0,0.9
2026-03-20 07:00:00,2026,3,20,7,Lâm Đồng,Xã Đam Rông 1,11.9218728,108.1287087,62,Moderate,1,19.2,89,0.0,4.6,11,900.4,20,29.6,31.3,269.0,8.0,46.0,1.2
2026-03-20 08:00:00,2026,3,20,8,Lâm Đồng,Xã Đam Rông 1,11.9218728,108.1287087,63,Moderate,1,21.5,77,0.0,7.7,330,901.5,38,24.4,26.7,263.0,6.0,67.0,1.8
2026-03-20 09:00:00,2026,3,20,9,Lâm Đồng,Xã Đam Rông 1,11.9218728,108.1287087,64,Moderate,1,22.8,67,0.0,7.1,339,902.5,38,23.2,27.3,249.0,3.2,95.0,2.5
2026-03-20 10:00:00,2026,3,20,10,Lâm Đồng,Xã Đam Rông 1,11.9218728,108.1287087,65,Moderate,1,24.3,61,0.0,8.7,339,903.0,45,22.7,26.5,241.0,1.2,117.0,3.0
2026-03-20 11:00:00,2026,3,20,11,Lâm Đồng,Xã Đam Rông 1,11.9218728,108.1287087,66,Moderate,1,25.5,52,0.0,12.2,343,902.6,65,22.1,25.6,245.0,0.7,127.0,2.9
2026-03-20 12:00:00,2026,3,20,12,Lâm Đồng,Xã Đam Rông 1,11.9218728,108.1287087,67,Moderate,1,26.1,48,0.0,12.5,352,901.8,94,22.4,25.6,255.0,0.8,130.0,2.5
2026-03-20 13:00:00,2026,3,20,13,Lâm Đồng,Xã Đam Rông 1,11.9218728,108.1287087,68,Moderate,1,26.2,50,0.0,10.4,10,901.2,95,22.4,25.3,262.0,1.1,131.0,2.2
2026-03-20 14:00:00,2026,3,20,14,Lâm Đồng,Xã Đam Rông 1,11.9218728,108.1287087,69,Moderate,1,25.7,52,0.0,11.1,13,900.1,88,22.3,25.1,264.0,0.9,133.0,2.1
2026-03-20 15:00:00,2026,3,20,15,Lâm Đồng,Xã Đam Rông 1,11.9218728,108.1287087,70,Moderate,1,25.8,50,0.0,9.5,15,899.6,52,22.1,24.8,264.0,0.7,133.0,2.0
2026-03-20 16:00:00,2026,3,20,16,Lâm Đồng,Xã Đam Rông 1,11.9218728,108.1287087,71,Moderate,1,25.7,49,0.0,9.0,23,899.1,20,22.1,24.6,262.0,1.5,128.0,2.2
2026-03-20 17:00:00,2026,3,20,17,Lâm Đồng,Xã Đam Rông 1,11.9218728,108.1287087,78,Moderate,1,24.6,54,0.0,4.3,95,898.9,36,23.1,25.1,259.0,4.1,114.0,2.7
2026-03-20 18:00:00,2026,3,20,18,Lâm Đồng,Xã Đam Rông 1,11.9218728,108.1287087,82,Moderate,1,21.6,75,0.0,5.0,125,898.5,14,25.0,26.9,254.0,7.7,94.0,3.4
2026-03-20 19:00:00,2026,3,20,19,Lâm Đồng,Xã Đam Rông 1,11.9218728,108.1287087,77,Moderate,1,19.5,87,0.0,9.3,130,898.8,4,31.3,34.3,250.0,10.8,71.0,3.9
2026-03-20 20:00:00,2026,3,20,20,Lâm Đồng,Xã Đam Rông 1,11.9218728,108.1287087,74,Moderate,1,18.2,88,0.0,8.4,133,899.4,2,32.5,35.3,245.0,13.0,62.0,4.5
2026-03-20 21:00:00,2026,3,20,21,Lâm Đồng,Xã Đam Rông 1,11.9218728,108.1287087,75,Moderate,1,17.6,90,0.0,6.5,122,900.1,5,33.8,36.4,241.0,15.9,50.0,5.2
2026-03-20 22:00:00,2026,3,20,22,Lâm Đồng,Xã Đam Rông 1,11.9218728,108.1287087,76,Moderate,1,17.1,92,0.0,6.3,125,900.1,39,35.9,38.4,238.0,18.3,39.0,5.5
2026-03-20 23:00:00,2026,3,20,23,Lâm Đồng,Xã Đam Rông 1,11.9218728,108.1287087,78,Moderate,1,16.7,95,0.0,5.6,117,900.0,66,37.6,39.9,240.0,19.6,30.0,5.0
2026-03-21 00:00:00,2026,3,21,0,Lâm Đồng,Xã Đam Rông 1,11.9218728,108.1287087,79,Moderate,1,16.2,96,0.0,5.0,120,899.4,43,38.3,40.3,244.0,20.2,22.0,4.1
2026-03-21 01:00:00,2026,3,21,1,Lâm Đồng,Xã Đam Rông 1,11.9218728,108.1287087,80,Moderate,1,15.9,96,0.0,1.8,127,898.8,1,38.6,40.4,244.0,20.2,17.0,3.3
2026-03-21 02:00:00,2026,3,21,2,Lâm Đồng,Xã Đam Rông 1,11.9218728,108.1287087,81,Moderate,1,16.1,94,0.0,0.9,127,898.4,0,37.4,38.9,235.0,19.4,15.0,2.6
2026-03-21 03:00:00,2026,3,21,3,Lâm Đồng,Xã Đam Rông 1,11.9218728,108.1287087,83,Moderate,1,16.0,93,0.0,0.4,117,898.1,0,35.3,36.6,223.0,18.0,15.0,2.0
2026-03-21 04:00:00,2026,3,21,4,Lâm Đồng,Xã Đam Rông 1,11.9218728,108.1287087,84,Moderate,1,16.1,93,0.0,1.6,84,898.1,1,32.2,33.4,220.0,16.1,18.0,1.6
2026-03-21 05:00:00,2026,3,21,5,Lâm Đồng,Xã Đam Rông 1,11.9218728,108.1287087,85,Moderate,1,15.9,94,0.0,2.0,90,898.3,7,29.2,30.3,237.0,13.7,24.0,1.4
2026-03-21 06:00:00,2026,3,21,6,Lâm Đồng,Xã Đam Rông 1,11.9218728,108.1287087,85,Moderate,1,15.9,94,0.0,2.2,99,898.7,7,26.5,27.5,263.0,11.0,32.0,1.5
2026-03-21 07:00:00,2026,3,21,7,Lâm Đồng,Xã Đam Rông 1,11.9218728,108.1287087,86,Moderate,1,19.4,82,0.0,5.0,116,900.7,7,35.6,37.0,281.0,8.6,41.0,1.4
2026-03-21 08:00:00,2026,3,21,8,Lâm Đồng,Xã Đam Rông 1,11.9218728,108.1287087,86,Moderate,1,21.9,66,0.0,2.2,99,902.0,7,29.6,31.7,282.0,6.4,63.0,2.1
2026-03-21 09:00:00,2026,3,21,9,Lâm Đồng,Xã Đam Rông 1,11.9218728,108.1287087,87,Moderate,1,23.4,56,0.0,1.3,82,902.8,4,32.0,35.7,274.0,3.4,94.0,3.0
2026-03-21 10:00:00,2026,3,21,10,Lâm Đồng,Xã Đam Rông 1,11.9218728,108.1287087,87,Moderate,1,24.9,49,0.0,1.4,337,903.1,3,27.7,31.0,269.0,1.2,118.0,3.5
2026-03-21 11:00:00,2026,3,21,11,Lâm Đồng,Xã Đam Rông 1,11.9218728,108.1287087,88,Moderate,1,26.0,47,0.0,1.7,342,903.1,32,21.6,24.2,272.0,0.5,127.0,3.2
2026-03-21 12:00:00,2026,3,21,12,Lâm Đồng,Xã Đam Rông 1,11.9218728,108.1287087,88,Moderate,1,27.2,43,0.0,3.5,351,902.4,35,16.3,18.2,277.0,0.7,129.0,2.6
2026-03-21 13:00:00,2026,3,21,13,Lâm Đồng,Xã Đam Rông 1,11.9218728,108.1287087,87,Moderate,1,27.7,42,0.0,5.2,358,901.6,74,12.7,14.2,274.0,0.9,129.0,2.0
2026-03-21 14:00:00,2026,3,21,14,Lâm Đồng,Xã Đam Rông 1,11.9218728,108.1287087,86,Moderate,1,27.3,42,0.0,6.5,24,900.8,100,10.8,12.0,252.0,0.7,129.0,1.7
2026-03-21 15:00:00,2026,3,21,15,Lâm Đồng,Xã Đam Rông 1,11.9218728,108.1287087,85,Moderate,1,26.8,45,0.0,9.3,49,900.1,100,9.8,10.9,223.0,0.7,127.0,1.5
2026-03-21 16:00:00,2026,3,21,16,Lâm Đồng,Xã Đam Rông 1,11.9218728,108.1287087,84,Moderate,1,25.4,50,0.0,8.0,67,899.6,100,9.5,10.4,209.0,1.3,120.0,1.5
2026-03-21 17:00:00,2026,3,21,17,Lâm Đồng,Xã Đam Rông 1,11.9218728,108.1287087,83,Moderate,1,24.1,54,0.0,4.5,37,899.4,47,10.0,10.7,228.0,3.2,105.0,1.8
2026-03-21 18:00:00,2026,3,21,18,Lâm Đồng,Xã Đam Rông 1,11.9218728,108.1287087,82,Moderate,1,21.4,67,0.0,4.9,350,898.6,2,10.9,11.4,264.0,5.8,85.0,2.3
2026-03-21 19:00:00,2026,3,21,19,Lâm Đồng,Xã Đam Rông 1,11.9218728,108.1287087,81,Moderate,1,21.2,69,0.0,0.5,180,899.0,9,12.2,12.7,288.0,9.8,69.0,3.2
2026-03-21 20:00:00,2026,3,21,20,Lâm Đồng,Xã Đam Rông 1,11.9218728,108.1287087,79,Moderate,1,19.8,73,0.0,4.9,184,899.4,2,13.1,13.6,287.0,11.0,61.0,3.4
2026-03-21 21:00:00,2026,3,21,21,Lâm Đồng,Xã Đam Rông 1,11.9218728,108.1287087,77,Moderate,1,18.6,82,0.0,4.7,162,899.6,0,14.0,14.4,275.0,12.6,51.0,3.6
2026-03-21 22:00:00,2026,3,21,22,Lâm Đồng,Xã Đam Rông 1,11.9218728,108.1287087,76,Moderate,1,17.8,86,0.0,4.8,138,899.4,0,15.1,15.7,269.0,13.9,42.0,3.6
2026-03-21 23:00:00,2026,3,21,23,Lâm Đồng,Xã Đam Rông 1,11.9218728,108.1287087,74,Moderate,1,16.7,93,0.0,3.4,122,899.1,0,15.9,16.5,281.0,14.5,37.0,3.3
2026-03-22 00:00:00,2026,3,22,0,Lâm Đồng,Xã Đam Rông 1,11.9218728,108.1287087,72,Moderate,1,16.4,93,0.0,2.8,105,898.5,0,16.1,16.5,299.0,14.8,33.0,2.8
2026-03-22 01:00:00,2026,3,22,1,Lâm Đồng,Xã Đam Rông 1,11.9218728,108.1287087,70,Moderate,1,17.4,88,0.0,0.4,90,898.3,0,16.3,16.6,304.0,14.7,30.0,2.3
2026-03-22 02:00:00,2026,3,22,2,Lâm Đồng,Xã Đam Rông 1,11.9218728,108.1287087,68,Moderate,1,16.9,89,0.0,1.9,112,897.7,0,16.6,16.9,281.0,14.2,26.0,1.9
2026-03-22 03:00:00,2026,3,22,3,Lâm Đồng,Xã Đam Rông 1,11.9218728,108.1287087,66,Moderate,1,16.5,88,0.0,2.6,106,897.1,0,16.9,17.1,246.0,13.2,23.0,1.5
2026-03-22 04:00:00,2026,3,22,4,Lâm Đồng,Xã Đam Rông 1,11.9218728,108.1287087,64,Moderate,1,16.5,85,0.0,2.9,112,896.9,0,16.6,16.8,225.0,12.1,22.0,1.2
2026-03-22 05:00:00,2026,3,22,5,Lâm Đồng,Xã Đam Rông 1,11.9218728,108.1287087,63,Moderate,1,16.5,81,0.0,3.2,124,897.2,0,16.4,16.5,236.0,10.8,22.0,1.0
2026-03-22 06:00:00,2026,3,22,6,Lâm Đồng,Xã Đam Rông 1,11.9218728,108.1287087,62,Moderate,1,16.3,79,0.0,3.2,124,897.4,0,16.2,16.4,260.0,9.2,25.0,0.9
2026-03-22 07:00:00,2026,3,22,7,Lâm Đồng,Xã Đam Rông 1,11.9218728,108.1287087,61,Moderate,1,19.3,79,0.0,5.3,128,899.3,58,20.8,21.2,271.0,7.4,34.0,0.8
2026-03-22 08:00:00,2026,3,22,8,Lâm Đồng,Xã Đam Rông 1,11.9218728,108.1287087,60,Moderate,1,22.1,64,0.0,3.1,156,901.2,84,16.0,16.4,250.0,5.6,58.0,0.9
2026-03-22 09:00:00,2026,3,22,9,Lâm Đồng,Xã Đam Rông 1,11.9218728,108.1287087,58,Moderate,1,23.9,53,0.0,1.9,221,902.2,84,7.0,7.6,215.0,3.1,90.0,1.1
2026-03-22 10:00:00,2026,3,22,10,Lâm Đồng,Xã Đam Rông 1,11.9218728,108.1287087,56,Moderate,1,25.3,48,0.0,3.4,264,902.7,84,4.9,5.7,190.0,1.2,115.0,1.2
2026-03-22 11:00:00,2026,3,22,11,Lâm Đồng,Xã Đam Rông 1,11.9218728,108.1287087,54,Moderate,1,26.4,46,0.0,3.7,281,902.4,99,4.6,5.3,188.0,0.6,123.0,1.2
2026-03-22 12:00:00,2026,3,22,12,Lâm Đồng,Xã Đam Rông 1,11.9218728,108.1287087,53,Moderate,1,27.4,43,0.0,4.6,306,902.0,99,4.6,5.4,197.0,0.7,124.0,1.1
2026-03-22 13:00:00,2026,3,22,13,Lâm Đồng,Xã Đam Rông 1,11.9218728,108.1287087,52,Moderate,1,28.6,37,0.0,3.2,326,901.2,88,4.9,5.7,204.0,0.9,123.0,1.1
2026-03-22 14:00:00,2026,3,22,14,Lâm Đồng,Xã Đam Rông 1,11.9218728,108.1287087,51,Moderate,1,28.6,38,0.0,7.4,354,900.3,84,5.2,6.0,201.0,0.7,125.0,1.1
2026-03-22 15:00:00,2026,3,22,15,Lâm Đồng,Xã Đam Rông 1,11.9218728,108.1287087,50,Good,0,27.7,41,0.0,7.7,9,899.5,97,5.5,6.3,197.0,0.6,125.0,1.1
2026-03-22 16:00:00,2026,3,22,16,Lâm Đồng,Xã Đam Rông 1,11.9218728,108.1287087,54,Moderate,1,26.9,43,0.0,4.8,63,899.3,93,5.9,6.7,198.0,1.3,120.0,1.3
2026-03-22 17:00:00,2026,3,22,17,Lâm Đồng,Xã Đam Rông 1,11.9218728,108.1287087,68,Moderate,1,25.0,53,0.0,5.8,97,899.1,5,7.4,8.0,213.0,3.5,105.0,1.8
2026-03-22 18:00:00,2026,3,22,18,Lâm Đồng,Xã Đam Rông 1,11.9218728,108.1287087,71,Moderate,1,22.2,71,0.0,3.4,74,898.5,5,9.1,9.7,235.0,6.6,85.0,2.5
2026-03-22 19:00:00,2026,3,22,19,Lâm Đồng,Xã Đam Rông 1,11.9218728,108.1287087,64,Moderate,1,21.1,77,0.0,3.5,208,898.8,60,11.5,12.9,249.0,10.8,65.0,3.3
2026-03-22 20:00:00,2026,3,22,20,Lâm Đồng,Xã Đam Rông 1,11.9218728,108.1287087,52,Moderate,1,19.7,83,0.0,4.9,188,899.1,24,13.2,14.5,247.0,12.8,58.0,3.9
2026-03-22 21:00:00,2026,3,22,21,Lâm Đồng,Xã Đam Rông 1,11.9218728,108.1287087,49,Good,0,18.5,87,0.0,3.8,172,899.5,0,15.0,16.4,238.0,15.5,48.0,4.6
2026-03-22 22:00:00,2026,3,22,22,Lâm Đồng,Xã Đam Rông 1,11.9218728,108.1287087,49,Good,0,17.8,88,0.0,3.3,139,899.6,0,16.6,18.0,230.0,17.6,39.0,4.9
2026-03-22 23:00:00,2026,3,22,23,Lâm Đồng,Xã Đam Rông 1,11.9218728,108.1287087,49,Good,0,17.1,89,0.0,3.0,123,898.8,0,17.6,18.9,229.0,18.4,32.0,4.4
2026-03-23 00:00:00,2026,3,23,0,Lâm Đồng,Xã Đam Rông 1,11.9218728,108.1287087,49,Good,0,16.5,91,0.0,2.3,113,898.2,0,18.2,19.3,229.0,18.5,26.0,3.6
2026-03-23 01:00:00,2026,3,23,1,Lâm Đồng,Xã Đam Rông 1,11.9218728,108.1287087,50,Good,0,17.4,84,0.0,2.0,80,898.2,0,17.9,18.9,229.0,18.2,21.0,2.8
2026-03-23 02:00:00,2026,3,23,2,Lâm Đồng,Xã Đam Rông 1,11.9218728,108.1287087,50,Good,0,17.6,80,0.0,1.4,50,897.7,0,17.6,18.2,224.0,17.4,18.0,2.3
2026-03-23 03:00:00,2026,3,23,3,Lâm Đồng,Xã Đam Rông 1,11.9218728,108.1287087,50,Good,0,17.5,80,0.0,0.6,72,897.6,0,16.8,17.3,218.0,16.1,16.0,1.8
2026-03-23 04:00:00,2026,3,23,4,Lâm Đồng,Xã Đam Rông 1,11.9218728,108.1287087,50,Good,0,17.0,82,0.0,0.2,90,897.7,0,16.4,16.9,218.0,14.5,18.0,1.5
2026-03-23 05:00:00,2026,3,23,5,Lâm Đồng,Xã Đam Rông 1,11.9218728,108.1287087,50,Good,0,16.7,82,0.0,0.8,135,897.9,0,15.9,16.4,234.0,12.5,26.0,1.4
2026-03-23 06:00:00,2026,3,23,6,Lâm Đồng,Xã Đam Rông 1,11.9218728,108.1287087,50,Good,0,16.5,82,0.0,1.8,127,898.4,0,15.8,16.4,256.0,10.1,37.0,1.4
2026-03-23 07:00:00,2026,3,23,7,Lâm Đồng,Xã Đam Rông 1,11.9218728,108.1287087,50,Good,0,20.0,74,0.0,3.7,133,900.4,0,27.5,29.2,266.0,8.8,48.0,1.3
2026-03-23 08:00:00,2026,3,23,8,Lâm Đồng,Xã Đam Rông 1,11.9218728,108.1287087,51,Moderate,1,22.1,65,0.0,2.8,169,901.4,0,16.8,18.6,252.0,6.5,66.0,1.7
2026-03-23 09:00:00,2026,3,23,9,Lâm Đồng,Xã Đam Rông 1,11.9218728,108.1287087,51,Moderate,1,23.7,56,0.0,2.3,176,902.4,0,14.2,17.6,227.0,3.4,92.0,2.2
2026-03-23 10:00:00,2026,3,23,10,Lâm Đồng,Xã Đam Rông 1,11.9218728,108.1287087,51,Moderate,1,25.2,52,0.0,1.8,281,902.7,0,13.2,16.7,207.0,1.1,112.0,2.5
2026-03-23 11:00:00,2026,3,23,11,Lâm Đồng,Xã Đam Rông 1,11.9218728,108.1287087,52,Moderate,1,26.4,47,0.0,3.1,329,902.0,24,10.5,13.1,200.0,0.5,122.0,2.4
2026-03-23 12:00:00,2026,3,23,12,Lâm Đồng,Xã Đam Rông 1,11.9218728,108.1287087,53,Moderate,1,27.3,40,0.0,6.6,338,901.3,44,9.0,10.9,199.0,0.7,127.0,2.1
2026-03-23 13:00:00,2026,3,23,13,Lâm Đồng,Xã Đam Rông 1,11.9218728,108.1287087,53,Moderate,1,27.5,39,0.0,7.6,1,900.5,90,8.0,9.6,198.0,0.9,130.0,1.8
2026-03-23 14:00:00,2026,3,23,14,Lâm Đồng,Xã Đam Rông 1,11.9218728,108.1287087,53,Moderate,1,27.2,39,0.0,10.1,359,899.5,88,7.5,8.8,194.0,0.6,133.0,1.6
2026-03-23 15:00:00,2026,3,23,15,Lâm Đồng,Xã Đam Rông 1,11.9218728,108.1287087,53,Moderate,1,27.0,41,0.0,10.3,12,899.0,34,7.0,8.1,190.0,0.4,134.0,1.5
2026-03-23 16:00:00,2026,3,23,16,Lâm Đồng,Xã Đam Rông 1,11.9218728,108.1287087,61,Moderate,1,26.0,45,0.0,12.4,24,898.4,92,6.7,7.5,197.0,1.1,129.0,1.6
2026-03-23 17:00:00,2026,3,23,17,Lâm Đồng,Xã Đam Rông 1,11.9218728,108.1287087,75,Moderate,1,24.6,50,0.0,8.0,25,898.2,52,7.5,8.2,223.0,3.6,114.0,2.1
2026-03-23 18:00:00,2026,3,23,18,Lâm Đồng,Xã Đam Rông 1,11.9218728,108.1287087,79,Moderate,1,22.4,62,0.0,0.9,281,897.9,62,9.3,9.8,259.0,7.1,93.0,2.9
2026-03-23 19:00:00,2026,3,23,19,Lâm Đồng,Xã Đam Rông 1,11.9218728,108.1287087,75,Moderate,1,21.6,62,0.0,0.2,180,898.1,64,13.8,15.4,285.0,11.6,69.0,3.8
2026-03-23 20:00:00,2026,3,23,20,Lâm Đồng,Xã Đam Rông 1,11.9218728,108.1287087,64,Moderate,1,19.9,72,0.0,3.2,153,898.3,7,15.0,16.2,291.0,13.0,61.0,4.1
2026-03-23 21:00:00,2026,3,23,21,Lâm Đồng,Xã Đam Rông 1,11.9218728,108.1287087,54,Moderate,1,18.6,83,0.0,4.4,153,898.4,0,15.9,16.9,286.0,15.0,49.0,4.5
2026-03-23 22:00:00,2026,3,23,22,Lâm Đồng,Xã Đam Rông 1,11.9218728,108.1287087,54,Moderate,1,17.5,90,0.0,4.3,132,898.2,0,17.1,17.8,278.0,16.5,39.0,4.5
2026-03-23 23:00:00,2026,3,23,23,Lâm Đồng,Xã Đam Rông 1,11.9218728,108.1287087,54,Moderate,1,16.7,93,0.0,4.7,122,897.9,0,18.2,18.8,268.0,17.1,31.0,3.9
2026-03-24 00:00:00,2026,3,24,0,Lâm Đồng,Xã Đam Rông 1,11.9218728,108.1287087,54,Moderate,1,16.2,93,0.0,5.8,120,897.0,0,18.7,19.3,254.0,17.2,25.0,3.0
2026-03-24 01:00:00,2026,3,24,1,Lâm Đồng,Xã Đam Rông 1,11.9218728,108.1287087,54,Moderate,1,16.8,86,0.0,2.8,117,896.6,1,18.6,19.0,242.0,16.9,20.0,2.3
2026-03-24 02:00:00,2026,3,24,2,Lâm Đồng,Xã Đam Rông 1,11.9218728,108.1287087,54,Moderate,1,17.2,79,0.0,1.0,112,896.3,0,18.2,18.6,229.0,16.3,17.0,1.9
2026-03-24 03:00:00,2026,3,24,3,Lâm Đồng,Xã Đam Rông 1,11.9218728,108.1287087,54,Moderate,1,17.1,75,0.0,0.7,76,896.1,0,17.5,17.8,216.0,15.3,17.0,1.6
2026-03-24 04:00:00,2026,3,24,4,Lâm Đồng,Xã Đam Rông 1,11.9218728,108.1287087,54,Moderate,1,16.9,75,0.0,0.6,108,896.1,0,16.3,16.6,215.0,13.9,20.0,1.5
2026-03-24 05:00:00,2026,3,24,5,Lâm Đồng,Xã Đam Rông 1,11.9218728,108.1287087,54,Moderate,1,16.6,75,0.0,0.8,117,896.0,2,15.1,15.4,237.0,11.9,27.0,1.5
2026-03-24 06:00:00,2026,3,24,6,Lâm Đồng,Xã Đam Rông 1,11.9218728,108.1287087,54,Moderate,1,16.2,76,0.0,1.5,126,896.6,2,14.5,14.8,270.0,9.6,38.0,1.7
2026-03-24 07:00:00,2026,3,24,7,Lâm Đồng,Xã Đam Rông 1,11.9218728,108.1287087,54,Moderate,1,19.4,60,0.0,6.6,143,898.4,0,7.4,7.4,287.0,7.4,56.0,2.3
2026-03-24 08:00:00,2026,3,24,8,Lâm Đồng,Xã Đam Rông 1,11.9218728,108.1287087,52,Moderate,1,22.3,47,0.0,0.9,53,900.3,0,5.1,5.2,272.0,5.6,74.0,2.6
2026-03-24 09:00:00,2026,3,24,9,Lâm Đồng,Xã Đam Rông 1,11.9218728,108.1287087,51,Moderate,1,24.2,39,0.0,2.8,315,901.2,0,4.1,4.2,241.0,3.1,99.0,2.9
2026-03-24 10:00:00,2026,3,24,10,Lâm Đồng,Xã Đam Rông 1,11.9218728,108.1287087,51,Moderate,1,25.6,40,0.0,4.3,298,901.4,11,3.7,3.9,217.0,1.2,118.0,3.1
2026-03-24 11:00:00,2026,3,24,11,Lâm Đồng,Xã Đam Rông 1,11.9218728,108.1287087,49,Good,0,26.7,39,0.0,3.5,291,901.1,25,3.6,3.8,210.0,0.7,127.0,2.9
2026-03-24 12:00:00,2026,3,24,12,Lâm Đồng,Xã Đam Rông 1,11.9218728,108.1287087,48,Good,0,27.7,38,0.0,1.0,301,900.1,61,3.9,4.3,209.0,0.8,131.0,2.5
2026-03-24 13:00:00,2026,3,24,13,Lâm Đồng,Xã Đam Rông 1,11.9218728,108.1287087,47,Good,0,28.8,34,0.0,1.8,135,899.5,73,4.3,5.0,206.0,1.0,133.0,2.2
2026-03-24 14:00:00,2026,3,24,14,Lâm Đồng,Xã Đam Rông 1,11.9218728,108.1287087,47,Good,0,29.3,34,0.0,2.4,99,898.6,88,4.8,5.7,197.0,0.7,137.0,2.0
2026-03-24 15:00:00,2026,3,24,15,Lâm Đồng,Xã Đam Rông 1,11.9218728,108.1287087,53,Moderate,1,29.5,33,0.0,7.3,83,897.9,34,5.3,6.3,187.0,0.5,139.0,1.8
2026-03-24 16:00:00,2026,3,24,16,Lâm Đồng,Xã Đam Rông 1,11.9218728,108.1287087,70,Moderate,1,27.6,36,0.0,9.4,98,897.7,23,5.8,7.0,180.0,1.3,135.0,1.9
2026-03-24 17:00:00,2026,3,24,17,Lâm Đồng,Xã Đam Rông 1,11.9218728,108.1287087,83,Moderate,1,25.7,46,0.0,5.9,88,897.5,2,7.3,8.6,179.0,4.0,118.0,2.4
2026-03-24 18:00:00,2026,3,24,18,Lâm Đồng,Xã Đam Rông 1,11.9218728,108.1287087,87,Moderate,1,22.3,63,0.0,4.1,131,897.2,0,9.7,10.9,182.0,7.8,95.0,3.3
2026-03-24 19:00:00,2026,3,24,19,Lâm Đồng,Xã Đam Rông 1,11.9218728,108.1287087,82,Moderate,1,20.7,72,0.0,11.9,165,897.6,0,13.6,14.8,186.0,10.9,76.0,3.8
2026-03-24 20:00:00,2026,3,24,20,Lâm Đồng,Xã Đam Rông 1,11.9218728,108.1287087,72,Moderate,1,19.3,81,0.0,8.7,143,898.3,0,15.8,17.0,191.0,12.9,66.0,4.2
2026-03-24 21:00:00,2026,3,24,21,Lâm Đồng,Xã Đam Rông 1,11.9218728,108.1287087,58,Moderate,1,18.0,88,0.0,8.0,132,898.2,0,17.8,18.9,197.0,15.6,51.0,4.6
2026-03-24 22:00:00,2026,3,24,22,Lâm Đồng,Xã Đam Rông 1,11.9218728,108.1287087,47,Good,0,17.5,91,0.0,8.1,121,897.9,0,19.7,20.8,202.0,17.7,39.0,4.8
2026-03-24 23:00:00,2026,3,24,23,Lâm Đồng,Xã Đam Rông 1,11.9218728,108.1287087,47,Good,0,16.7,96,0.0,4.2,108,897.5,0,21.4,22.4,206.0,18.8,31.0,4.4
2026-03-25 00:00:00,2026,3,25,0,Lâm Đồng,Xã Đam Rông 1,11.9218728,108.1287087,47,Good,0,16.5,93,0.0,2.5,94,897.0,0,21.9,22.9,210.0,19.3,24.0,3.6
2026-03-25 01:00:00,2026,3,25,1,Lâm Đồng,Xã Đam Rông 1,11.9218728,108.1287087,48,Good,0,17.5,85,0.0,2.4,54,897.0,0,21.7,22.6,209.0,19.3,20.0,2.9
2026-03-25 02:00:00,2026,3,25,2,Lâm Đồng,Xã Đam Rông 1,11.9218728,108.1287087,48,Good,0,18.0,83,0.0,1.5,60,896.7,0,20.6,21.5,198.0,18.6,17.0,2.4
2026-03-25 03:00:00,2026,3,25,3,Lâm Đồng,Xã Đam Rông 1,11.9218728,108.1287087,49,Good,0,18.0,83,0.0,1.3,326,896.4,0,19.5,20.4,183.0,17.4,16.0,2.0
2026-03-25 04:00:00,2026,3,25,4,Lâm Đồng,Xã Đam Rông 1,11.9218728,108.1287087,49,Good,0,17.8,83,0.0,0.9,169,896.4,0,18.5,19.5,177.0,15.7,18.0,1.7
2026-03-25 05:00:00,2026,3,25,5,Lâm Đồng,Xã Đam Rông 1,11.9218728,108.1287087,49,Good,0,17.5,84,0.0,0.5,135,896.5,0,17.8,19.0,189.0,13.6,25.0,1.6
2026-03-25 06:00:00,2026,3,25,6,Lâm Đồng,Xã Đam Rông 1,11.9218728,108.1287087,50,Good,0,17.0,86,0.0,1.0,135,896.9,0,17.6,18.9,210.0,11.1,35.0,1.6
2026-03-25 07:00:00,2026,3,25,7,Lâm Đồng,Xã Đam Rông 1,11.9218728,108.1287087,50,Good,0,20.1,74,0.0,5.0,134,899.0,0,32.2,34.2,222.0,8.5,48.0,1.8
2026-03-25 08:00:00,2026,3,25,8,Lâm Đồng,Xã Đam Rông 1,11.9218728,108.1287087,52,Moderate,1,22.6,58,0.0,0.4,117,900.5,0,22.1,25.7,216.0,6.4,70.0,2.4
2026-03-25 09:00:00,2026,3,25,9,Lâm Đồng,Xã Đam Rông 1,11.9218728,108.1287087,54,Moderate,1,24.3,49,0.0,1.5,256,901.2,0,21.7,26.9,202.0,3.5,101.0,3.2
2026-03-25 10:00:00,2026,3,25,10,Lâm Đồng,Xã Đam Rông 1,11.9218728,108.1287087,56,Moderate,1,25.8,44,0.0,1.6,243,901.6,0,21.8,27.2,193.0,1.4,125.0,3.7
2026-03-25 11:00:00,2026,3,25,11,Lâm Đồng,Xã Đam Rông 1,11.9218728,108.1287087,57,Moderate,1,27.0,41,0.0,0.9,169,901.6,15,21.0,27.0,197.0,0.8,136.0,3.5
2026-03-25 12:00:00,2026,3,25,12,Lâm Đồng,Xã Đam Rông 1,11.9218728,108.1287087,59,Moderate,1,28.0,40,0.0,1.1,108,901.0,18,20.1,26.4,206.0,1.1,141.0,3.0
2026-03-25 13:00:00,2026,3,25,13,Lâm Đồng,Xã Đam Rông 1,11.9218728,108.1287087,60,Moderate,1,29.0,34,0.0,1.7,167,900.3,16,19.6,25.8,211.0,1.3,143.0,2.6
2026-03-25 14:00:00,2026,3,25,14,Lâm Đồng,Xã Đam Rông 1,11.9218728,108.1287087,61,Moderate,1,29.3,34,0.0,2.5,120,899.6,63,19.1,25.2,204.0,1.0,145.0,2.3
2026-03-25 15:00:00,2026,3,25,15,Lâm Đồng,Xã Đam Rông 1,11.9218728,108.1287087,63,Moderate,1,29.6,31,0.0,5.0,88,898.8,84,18.7,24.5,194.0,0.7,145.0,2.1
2026-03-25 16:00:00,2026,3,25,16,Lâm Đồng,Xã Đam Rông 1,11.9218728,108.1287087,81,Moderate,1,28.7,32,0.0,6.7,90,898.5,99,18.5,23.9,192.0,1.5,139.0,2.1
2026-03-25 17:00:00,2026,3,25,17,Lâm Đồng,Xã Đam Rông 1,11.9218728,108.1287087,95,Moderate,1,26.6,42,0.0,4.7,106,898.5,3,19.2,23.6,210.0,4.3,122.0,2.6
2026-03-25 18:00:00,2026,3,25,18,Lâm Đồng,Xã Đam Rông 1,11.9218728,108.1287087,100,Moderate,1,23.0,62,0.0,3.2,146,897.8,0,21.8,25.2,237.0,8.2,98.0,3.4
2026-03-25 19:00:00,2026,3,25,19,Lâm Đồng,Xã Đam Rông 1,11.9218728,108.1287087,94,Moderate,1,20.8,70,0.0,4.9,144,898.0,0,14.2,14.2,255.0,11.0,80.0,3.8
2026-03-25 20:00:00,2026,3,25,20,Lâm Đồng,Xã Đam Rông 1,11.9218728,108.1287087,82,Moderate,1,19.2,80,0.0,7.0,140,898.2,0,16.9,17.1,253.0,12.7,72.0,4.3
2026-03-25 21:00:00,2026,3,25,21,Lâm Đồng,Xã Đam Rông 1,11.9218728,108.1287087,67,Moderate,1,18.1,88,0.0,3.7,129,898.3,0,19.2,19.4,242.0,15.0,60.0,4.9
2026-03-25 22:00:00,2026,3,25,22,Lâm Đồng,Xã Đam Rông 1,11.9218728,108.1287087,67,Moderate,1,18.1,90,0.0,1.8,127,898.6,0,21.2,21.7,237.0,16.7,50.0,5.1
2026-03-25 23:00:00,2026,3,25,23,Lâm Đồng,Xã Đam Rông 1,11.9218728,108.1287087,68,Moderate,1,18.3,87,0.0,1.5,97,898.8,0,22.9,23.4,247.0,17.5,42.0,4.5
2026-03-26 00:00:00,2026,3,26,0,Lâm Đồng,Xã Đam Rông 1,11.9218728,108.1287087,68,Moderate,1,18.0,85,0.0,1.7,108,898.1,0,23.7,24.1,263.0,17.7,34.0,3.5
2026-03-26 01:00:00,2026,3,26,1,Lâm Đồng,Xã Đam Rông 1,11.9218728,108.1287087,68,Moderate,1,18.0,85,0.0,0.9,101,897.8,0,24.1,24.4,275.0,17.4,29.0,2.6
2026-03-26 02:00:00,2026,3,26,2,Lâm Đồng,Xã Đam Rông 1,11.9218728,108.1287087,68,Moderate,1,18.0,84,0.0,0.2,90,897.2,0,23.7,24.2,274.0,16.6,25.0,2.1
2026-03-26 03:00:00,2026,3,26,3,Lâm Đồng,Xã Đam Rông 1,11.9218728,108.1287087,68,Moderate,1,17.4,86,0.0,1.1,108,896.5,0,23.2,23.6,268.0,15.3,23.0,1.7
2026-03-26 04:00:00,2026,3,26,4,Lâm Đồng,Xã Đam Rông 1,11.9218728,108.1287087,69,Moderate,1,16.8,87,0.0,1.2,117,896.1,0,22.6,23.1,270.0,13.8,24.0,1.4
2026-03-26 05:00:00,2026,3,26,5,Lâm Đồng,Xã Đam Rông 1,11.9218728,108.1287087,69,Moderate,1,16.8,86,0.0,0.4,117,896.6,0,22.2,22.9,293.0,12.0,29.0,1.3
2026-03-26 06:00:00,2026,3,26,6,Lâm Đồng,Xã Đam Rông 1,11.9218728,108.1287087,69,Moderate,1,16.9,86,0.0,0.6,72,897.3,0,22.4,23.2,323.0,10.0,38.0,1.3
2026-03-26 07:00:00,2026,3,26,7,Lâm Đồng,Xã Đam Rông 1,11.9218728,108.1287087,70,Moderate,1,20.1,78,0.0,1.1,18,899.2,0,31.3,32.8,336.0,8.1,63.0,2.0
2026-03-26 08:00:00,2026,3,26,8,Lâm Đồng,Xã Đam Rông 1,11.9218728,108.1287087,70,Moderate,1,22.3,69,0.0,2.7,312,900.3,0,24.6,27.1,314.0,6.1,83.0,2.5
2026-03-26 09:00:00,2026,3,26,9,Lâm Đồng,Xã Đam Rông 1,11.9218728,108.1287087,70,Moderate,1,24.6,55,0.0,2.8,285,901.2,0,22.5,25.1,275.0,3.4,110.0,3.3
2026-03-26 10:00:00,2026,3,26,10,Lâm Đồng,Xã Đam Rông 1,11.9218728,108.1287087,70,Moderate,1,26.4,51,0.0,4.7,272,901.7,0,21.7,24.3,244.0,1.4,132.0,3.7
2026-03-26 11:00:00,2026,3,26,11,Lâm Đồng,Xã Đam Rông 1,11.9218728,108.1287087,70,Moderate,1,27.4,51,0.0,5.8,265,901.2,0,20.0,22.5,235.0,0.9,142.0,3.6
2026-03-26 12:00:00,2026,3,26,12,Lâm Đồng,Xã Đam Rông 1,11.9218728,108.1287087,70,Moderate,1,28.5,47,0.0,5.6,263,900.6,5,18.4,20.7,234.0,1.1,146.0,3.2
2026-03-26 13:00:00,2026,3,26,13,Lâm Đồng,Xã Đam Rông 1,11.9218728,108.1287087,70,Moderate,1,29.6,41,0.0,4.2,220,899.9,13,16.8,19.0,231.0,1.3,148.0,2.9
2026-03-26 14:00:00,2026,3,26,14,Lâm Đồng,Xã Đam Rông 1,11.9218728,108.1287087,70,Moderate,1,29.8,38,0.0,4.4,218,899.0,16,15.3,17.5,217.0,1.0,152.0,2.6
2026-03-26 15:00:00,2026,3,26,15,Lâm Đồng,Xã Đam Rông 1,11.9218728,108.1287087,74,Moderate,1,29.8,35,0.0,5.1,163,898.4,17,13.9,15.9,200.0,0.6,154.0,2.4
2026-03-26 16:00:00,2026,3,26,16,Lâm Đồng,Xã Đam Rông 1,11.9218728,108.1287087,93,Moderate,1,28.8,36,0.0,7.3,130,898.0,16,12.9,14.8,193.0,1.5,148.0,2.4
2026-03-26 17:00:00,2026,3,26,17,Lâm Đồng,Xã Đam Rông 1,11.9218728,108.1287087,107,Unhealthy for Sensitive Groups,2,26.8,44,0.0,5.2,102,897.8,43,12.8,14.3,205.0,4.6,130.0,2.9
2026-03-26 18:00:00,2026,3,26,18,Lâm Đồng,Xã Đam Rông 1,11.9218728,108.1287087,112,Unhealthy for Sensitive Groups,2,23.3,60,0.0,6.6,112,897.4,0,14.5,15.5,226.0,8.8,104.0,3.8
2026-03-26 19:00:00,2026,3,26,19,Lâm Đồng,Xã Đam Rông 1,11.9218728,108.1287087,106,Unhealthy for Sensitive Groups,2,20.9,75,0.0,9.8,142,897.6,0,12.9,13.1,240.0,11.7,80.0,4.1
2026-03-26 20:00:00,2026,3,26,20,Lâm Đồng,Xã Đam Rông 1,11.9218728,108.1287087,92,Moderate,1,19.9,83,0.0,9.0,142,898.0,0,14.8,15.1,236.0,12.8,68.0,4.2
2026-03-26 21:00:00,2026,3,26,21,Lâm Đồng,Xã Đam Rông 1,11.9218728,108.1287087,76,Moderate,1,19.1,87,0.0,9.7,133,898.3,0,15.4,15.7,224.0,14.4,52.0,4.2
2026-03-26 22:00:00,2026,3,26,22,Lâm Đồng,Xã Đam Rông 1,11.9218728,108.1287087,66,Moderate,1,18.1,94,0.0,9.3,127,898.1,0,15.5,15.7,219.0,15.4,38.0,4.1
2026-03-26 23:00:00,2026,3,26,23,Lâm Đồng,Xã Đam Rông 1,11.9218728,108.1287087,66,Moderate,1,17.2,99,0.0,7.3,120,897.4,0,15.6,15.8,232.0,15.5,30.0,3.5
2026-03-27 00:00:00,2026,3,27,0,Lâm Đồng,Xã Đam Rông 1,11.9218728,108.1287087,65,Moderate,1,16.8,98,0.0,4.7,108,896.9,0,15.1,15.4,253.0,15.2,26.0,2.7
2026-03-27 01:00:00,2026,3,27,1,Lâm Đồng,Xã Đam Rông 1,11.9218728,108.1287087,65,Moderate,1,16.9,94,0.0,1.9,119,896.6,29,14.4,14.7,263.0,14.6,23.0,2.1
2026-03-27 02:00:00,2026,3,27,2,Lâm Đồng,Xã Đam Rông 1,11.9218728,108.1287087,64,Moderate,1,17.5,89,0.0,2.7,82,896.3,0,13.8,14.1,249.0,13.8,21.0,1.8
2026-03-27 03:00:00,2026,3,27,3,Lâm Đồng,Xã Đam Rông 1,11.9218728,108.1287087,63,Moderate,1,17.3,90,0.0,3.3,49,896.0,0,13.4,13.7,225.0,12.8,22.0,1.6
2026-03-27 04:00:00,2026,3,27,4,Lâm Đồng,Xã Đam Rông 1,11.9218728,108.1287087,62,Moderate,1,17.4,89,0.0,1.6,84,896.1,0,12.7,13.0,212.0,11.6,25.0,1.5
2026-03-27 05:00:00,2026,3,27,5,Lâm Đồng,Xã Đam Rông 1,11.9218728,108.1287087,61,Moderate,1,17.8,87,0.0,1.1,81,896.5,0,12.1,12.4,226.0,10.3,30.0,1.6
2026-03-27 06:00:00,2026,3,27,6,Lâm Đồng,Xã Đam Rông 1,11.9218728,108.1287087,60,Moderate,1,18.3,85,0.0,1.1,81,897.2,0,11.7,12.0,252.0,8.9,39.0,1.8
2026-03-27 07:00:00,2026,3,27,7,Lâm Đồng,Xã Đam Rông 1,11.9218728,108.1287087,59,Moderate,1,21.7,74,0.0,1.4,67,899.1,0,18.5,18.9,266.0,8.0,50.0,2.1
2026-03-27 08:00:00,2026,3,27,8,Lâm Đồng,Xã Đam Rông 1,11.9218728,108.1287087,58,Moderate,1,23.7,65,0.0,2.9,313,900.3,0,11.4,12.4,255.0,6.0,72.0,2.5
2026-03-27 09:00:00,2026,3,27,9,Lâm Đồng,Xã Đam Rông 1,11.9218728,108.1287087,57,Moderate,1,25.3,60,0.0,3.9,304,901.0,0,12.8,14.3,232.0,3.3,103.0,3.1
2026-03-27 10:00:00,2026,3,27,10,Lâm Đồng,Xã Đam Rông 1,11.9218728,108.1287087,56,Moderate,1,26.7,55,0.0,4.6,281,901.1,0,16.0,17.6,214.0,1.3,126.0,3.5
2026-03-27 11:00:00,2026,3,27,11,Lâm Đồng,Xã Đam Rông 1,11.9218728,108.1287087,56,Moderate,1,27.9,51,0.0,3.1,260,901.0,18,16.4,17.8,207.0,0.8,135.0,3.4
2026-03-27 12:00:00,2026,3,27,12,Lâm Đồng,Xã Đam Rông 1,11.9218728,108.1287087,55,Moderate,1,28.7,46,0.1,0.6,214,900.7,57,15.3,16.6,205.0,1.0,136.0,3.1
2026-03-27 13:00:00,2026,3,27,13,Lâm Đồng,Xã Đam Rông 1,11.9218728,108.1287087,55,Moderate,1,28.8,43,0.0,5.1,186,899.7,10,14.3,15.6,201.0,1.2,136.0,2.8
2026-03-27 14:00:00,2026,3,27,14,Lâm Đồng,Xã Đam Rông 1,11.9218728,108.1287087,55,Moderate,1,29.3,39,0.0,5.3,192,899.2,38,13.8,15.1,189.0,0.9,139.0,2.6
2026-03-27 15:00:00,2026,3,27,15,Lâm Đồng,Xã Đam Rông 1,11.9218728,108.1287087,57,Moderate,1,28.3,41,0.0,6.4,188,898.5,29,13.8,15.1,176.0,0.7,141.0,2.5
2026-03-27 16:00:00,2026,3,27,16,Lâm Đồng,Xã Đam Rông 1,11.9218728,108.1287087,77,Moderate,1,27.1,46,0.0,7.0,170,897.9,7,14.0,15.4,171.0,1.4,136.0,2.6
2026-03-27 17:00:00,2026,3,27,17,Lâm Đồng,Xã Đam Rông 1,11.9218728,108.1287087,90,Moderate,1,26.1,50,0.0,7.6,137,897.6,0,14.4,15.5,183.0,3.9,119.0,3.0
2026-03-27 18:00:00,2026,3,27,18,Lâm Đồng,Xã Đam Rông 1,11.9218728,108.1287087,94,Moderate,1,23.2,65,0.0,5.2,131,897.1,21,16.4,17.4,204.0,7.5,95.0,3.5
2026-03-27 19:00:00,2026,3,27,19,Lâm Đồng,Xã Đam Rông 1,11.9218728,108.1287087,87,Moderate,1,21.6,77,0.0,9.9,147,897.9,2,30.2,32.4,218.0,13.2,76.0,4.6
2026-03-27 20:00:00,2026,3,27,20,Lâm Đồng,Xã Đam Rông 1,11.9218728,108.1287087,75,Moderate,1,20.3,84,0.0,11.5,135,898.1,0,32.0,34.0,218.0,14.3,63.0,4.5
2026-03-27 21:00:00,2026,3,27,21,Lâm Đồng,Xã Đam Rông 1,11.9218728,108.1287087,59,Moderate,1,19.2,91,0.0,10.2,135,898.3,1,32.4,34.0,211.0,15.9,44.0,4.3
2026-03-27 22:00:00,2026,3,27,22,Lâm Đồng,Xã Đam Rông 1,11.9218728,108.1287087,60,Moderate,1,18.2,97,0.0,10.5,129,898.1,34,32.0,33.4,206.0,16.7,30.0,3.9
2026-03-27 23:00:00,2026,3,27,23,Lâm Đồng,Xã Đam Rông 1,11.9218728,108.1287087,61,Moderate,1,17.8,99,0.0,10.9,128,898.0,60,30.7,31.8,206.0,16.3,24.0,3.3
2026-03-28 00:00:00,2026,3,28,0,Lâm Đồng,Xã Đam Rông 1,11.9218728,108.1287087,62,Moderate,1,17.4,100,0.0,11.0,124,897.2,100,29.1,30.0,208.0,15.3,22.0,2.5
2026-03-28 01:00:00,2026,3,28,1,Lâm Đồng,Xã Đam Rông 1,11.9218728,108.1287087,64,Moderate,1,17.2,100,0.0,9.0,123,896.4,100,27.8,28.6,209.0,14.0,22.0,1.9
2026-03-28 02:00:00,2026,3,28,2,Lâm Đồng,Xã Đam Rông 1,11.9218728,108.1287087,65,Moderate,1,17.2,100,0.0,9.0,121,895.5,41,26.5,27.4,207.0,12.5,25.0,1.4
2026-03-28 03:00:00,2026,3,28,3,Lâm Đồng,Xã Đam Rông 1,11.9218728,108.1287087,66,Moderate,1,17.1,98,0.0,7.4,116,895.2,26,26.3,27.2,204.0,10.7,31.0,1.1
2026-03-28 04:00:00,2026,3,28,4,Lâm Đồng,Xã Đam Rông 1,11.9218728,108.1287087,67,Moderate,1,16.9,97,0.0,5.6,112,895.0,36,26.0,26.9,210.0,9.2,36.0,0.9
2026-03-28 05:00:00,2026,3,28,5,Lâm Đồng,Xã Đam Rông 1,11.9218728,108.1287087,68,Moderate,1,16.6,97,0.0,4.0,108,895.6,30,25.1,25.8,236.0,8.3,39.0,0.9
2026-03-28 06:00:00,2026,3,28,6,Lâm Đồng,Xã Đam Rông 1,11.9218728,108.1287087,69,Moderate,1,16.1,98,0.0,3.3,103,896.1,28,23.9,24.3,270.0,7.6,41.0,1.1
2026-03-28 07:00:00,2026,3,28,7,Lâm Đồng,Xã Đam Rông 1,11.9218728,108.1287087,70,Moderate,1,20.2,79,0.0,3.3,54,898.3,58,27.6,28.6,284.0,7.3,44.0,1.1
2026-03-28 08:00:00,2026,3,28,8,Lâm Đồng,Xã Đam Rông 1,11.9218728,108.1287087,71,Moderate,1,24.4,61,0.0,3.4,342,900.5,14,23.9,24.9,260.0,5.6,67.0,1.8
2026-03-28 09:00:00,2026,3,28,9,Lâm Đồng,Xã Đam Rông 1,11.9218728,108.1287087,72,Moderate,1,26.1,52,0.0,1.1,342,901.5,0,20.1,21.5,216.0,3.3,98.0,2.7
2026-03-28 10:00:00,2026,3,28,10,Lâm Đồng,Xã Đam Rông 1,11.9218728,108.1287087,73,Moderate,1,28.0,38,0.0,2.8,169,901.5,0,16.3,17.5,181.0,1.6,121.0,3.2
2026-03-28 11:00:00,2026,3,28,11,Lâm Đồng,Xã Đam Rông 1,11.9218728,108.1287087,73,Moderate,1,29.7,30,0.0,8.8,149,901.3,0,12.5,13.4,168.0,1.0,127.0,2.9
2026-03-28 12:00:00,2026,3,28,12,Lâm Đồng,Xã Đam Rông 1,11.9218728,108.1287087,73,Moderate,1,30.3,30,0.0,14.8,147,900.3,0,9.5,10.2,165.0,1.0,125.0,2.1
2026-03-28 13:00:00,2026,3,28,13,Lâm Đồng,Xã Đam Rông 1,11.9218728,108.1287087,72,Moderate,1,30.7,28,0.0,18.4,147,899.3,0,7.8,8.6,164.0,1.1,122.0,1.5
2026-03-28 14:00:00,2026,3,28,14,Lâm Đồng,Xã Đam Rông 1,11.9218728,108.1287087,72,Moderate,1,30.0,31,0.0,17.9,146,898.7,0,7.4,8.1,164.0,0.8,121.0,1.3
2026-03-28 15:00:00,2026,3,28,15,Lâm Đồng,Xã Đam Rông 1,11.9218728,108.1287087,71,Moderate,1,29.2,36,0.0,17.0,150,898.1,2,7.4,8.2,166.0,0.6,120.0,1.3
2026-03-28 16:00:00,2026,3,28,16,Lâm Đồng,Xã Đam Rông 1,11.9218728,108.1287087,71,Moderate,1,27.9,42,0.0,16.3,152,897.8,2,7.7,8.5,172.0,1.3,113.0,1.4
2026-03-28 17:00:00,2026,3,28,17,Lâm Đồng,Xã Đam Rông 1,11.9218728,108.1287087,70,Moderate,1,26.1,49,0.0,15.4,146,897.9,3,8.7,9.3,181.0,3.7,97.0,1.8
2026-03-28 18:00:00,2026,3,28,18,Lâm Đồng,Xã Đam Rông 1,11.9218728,108.1287087,69,Moderate,1,23.7,62,0.0,15.3,143,897.7,2,10.8,11.3,193.0,7.0,76.0,2.3
2026-03-28 19:00:00,2026,3,28,19,Lâm Đồng,Xã Đam Rông 1,11.9218728,108.1287087,69,Moderate,1,21.9,73,0.0,16.4,132,897.7,0,10.2,10.6,207.0,8.3,59.0,2.5
2026-03-28 20:00:00,2026,3,28,20,Lâm Đồng,Xã Đam Rông 1,11.9218728,108.1287087,67,Moderate,1,20.5,79,0.0,15.3,126,897.7,0,11.6,12.0,224.0,9.3,51.0,2.6
2026-03-28 21:00:00,2026,3,28,21,Lâm Đồng,Xã Đam Rông 1,11.9218728,108.1287087,65,Moderate,1,19.2,86,0.0,7.1,139,897.6,0,12.6,13.0,245.0,10.7,40.0,2.8
2026-03-28 22:00:00,2026,3,28,22,Lâm Đồng,Xã Đam Rông 1,11.9218728,108.1287087,64,Moderate,1,18.0,93,0.0,9.8,130,897.5,0,13.7,14.1,266.0,11.7,31.0,2.8
2026-03-28 23:00:00,2026,3,28,23,Lâm Đồng,Xã Đam Rông 1,11.9218728,108.1287087,62,Moderate,1,17.6,96,0.0,12.3,128,896.7,0,14.5,14.9,294.0,12.1,26.0,2.5
2026-03-29 00:00:00,2026,3,29,0,Lâm Đồng,Xã Đam Rông 1,11.9218728,108.1287087,61,Moderate,1,17.3,96,0.0,11.6,126,896.1,1,15.5,15.9,323.0,12.1,24.0,2.0
2026-03-29 01:00:00,2026,3,29,1,Lâm Đồng,Xã Đam Rông 1,11.9218728,108.1287087,59,Moderate,1,16.7,97,0.0,9.4,126,895.5,0,16.5,16.9,336.0,11.7,24.0,1.6
2026-03-29 02:00:00,2026,3,29,2,Lâm Đồng,Xã Đam Rông 1,11.9218728,108.1287087,58,Moderate,1,16.4,95,0.0,9.5,126,895.1,0,17.7,18.2,320.0,10.5,27.0,1.2
2026-03-29 03:00:00,2026,3,29,3,Lâm Đồng,Xã Đam Rông 1,11.9218728,108.1287087,58,Moderate,1,16.0,92,0.0,9.0,123,895.1,16,18.9,19.4,288.0,8.9,33.0,0.7
2026-03-29 04:00:00,2026,3,29,4,Lâm Đồng,Xã Đam Rông 1,11.9218728,108.1287087,57,Moderate,1,15.7,89,0.0,8.7,122,895.1,88,19.0,19.6,265.0,7.5,38.0,0.5
2026-03-29 05:00:00,2026,3,29,5,Lâm Đồng,Xã Đam Rông 1,11.9218728,108.1287087,56,Moderate,1,15.5,86,0.0,9.2,125,895.6,99,19.3,19.8,267.0,6.8,40.0,0.6
2026-03-29 06:00:00,2026,3,29,6,Lâm Đồng,Xã Đam Rông 1,11.9218728,108.1287087,56,Moderate,1,15.5,83,0.0,8.1,121,896.7,98,18.6,19.2,278.0,6.4,41.0,1.0
2026-03-29 07:00:00,2026,3,29,7,Lâm Đồng,Xã Đam Rông 1,11.9218728,108.1287087,55,Moderate,1,19.9,70,0.0,8.7,128,899.0,98,18.8,19.4,275.0,6.1,45.0,1.2
2026-03-29 08:00:00,2026,3,29,8,Lâm Đồng,Xã Đam Rông 1,11.9218728,108.1287087,55,Moderate,1,23.5,54,0.0,4.2,126,901.0,100,12.5,13.4,241.0,4.7,61.0,1.4
2026-03-29 09:00:00,2026,3,29,9,Lâm Đồng,Xã Đam Rông 1,11.9218728,108.1287087,54,Moderate,1,25.5,44,0.0,2.4,144,901.9,100,8.9,9.9,194.0,2.7,84.0,1.6
2026-03-29 10:00:00,2026,3,29,10,Lâm Đồng,Xã Đam Rông 1,11.9218728,108.1287087,53,Moderate,1,27.2,38,0.0,2.8,162,902.2,100,8.0,8.9,157.0,1.2,102.0,1.7
2026-03-29 11:00:00,2026,3,29,11,Lâm Đồng,Xã Đam Rông 1,11.9218728,108.1287087,52,Moderate,1,28.6,34,0.0,5.1,153,902.1,99,7.5,8.4,143.0,0.8,111.0,1.6
2026-03-29 12:00:00,2026,3,29,12,Lâm Đồng,Xã Đam Rông 1,11.9218728,108.1287087,51,Moderate,1,29.7,33,0.0,10.3,153,901.3,100,7.1,7.9,139.0,0.9,116.0,1.5
2026-03-29 13:00:00,2026,3,29,13,Lâm Đồng,Xã Đam Rông 1,11.9218728,108.1287087,51,Moderate,1,30.5,29,0.0,15.4,159,900.4,100,6.6,7.5,139.0,1.0,118.0,1.3
2026-03-29 14:00:00,2026,3,29,14,Lâm Đồng,Xã Đam Rông 1,11.9218728,108.1287087,51,Moderate,1,29.6,32,0.0,17.6,154,899.3,80,6.2,7.1,139.0,0.7,119.0,1.1
2026-03-29 15:00:00,2026,3,29,15,Lâm Đồng,Xã Đam Rông 1,11.9218728,108.1287087,51,Moderate,1,28.8,35,0.0,16.2,157,898.9,10,5.9,6.9,142.0,0.5,117.0,1.0
2026-03-29 16:00:00,2026,3,29,16,Lâm Đồng,Xã Đam Rông 1,11.9218728,108.1287087,51,Moderate,1,27.9,38,0.0,13.6,160,898.7,65,5.8,6.8,146.0,1.2,111.0,1.1
2026-03-29 17:00:00,2026,3,29,17,Lâm Đồng,Xã Đam Rông 1,11.9218728,108.1287087,53,Moderate,1,26.2,48,0.0,11.5,153,898.4,13,6.0,7.0,151.0,3.7,97.0,1.6
2026-03-29 18:00:00,2026,3,29,18,Lâm Đồng,Xã Đam Rông 1,11.9218728,108.1287087,56,Moderate,1,23.6,60,0.0,11.1,138,897.8,1,8.4,9.3,157.0,7.1,79.0,2.3
2026-03-29 19:00:00,2026,3,29,19,Lâm Đồng,Xã Đam Rông 1,11.9218728,108.1287087,51,Moderate,1,21.7,73,0.0,12.1,133,897.9,2,10.4,11.2,168.0,10.1,61.0,2.8
2026-03-29 20:00:00,2026,3,29,20,Lâm Đồng,Xã Đam Rông 1,11.9218728,108.1287087,50,Good,0,20.5,80,0.0,10.8,138,898.4,12,11.8,12.5,186.0,11.8,51.0,3.1
2026-03-29 21:00:00,2026,3,29,21,Lâm Đồng,Xã Đam Rông 1,11.9218728,108.1287087,50,Good,0,19.5,88,0.0,5.9,149,898.6,26,12.4,12.9,208.0,14.1,36.0,3.5
2026-03-29 22:00:00,2026,3,29,22,Lâm Đồng,Xã Đam Rông 1,11.9218728,108.1287087,50,Good,0,18.6,94,0.0,8.4,133,898.7,1,13.1,13.6,231.0,16.0,24.0,3.7
2026-03-29 23:00:00,2026,3,29,23,Lâm Đồng,Xã Đam Rông 1,11.9218728,108.1287087,50,Good,0,18.3,98,0.0,9.9,127,898.1,0,13.8,14.1,259.0,17.0,17.0,3.3
2026-03-30 00:00:00,2026,3,30,0,Lâm Đồng,Xã Đam Rông 1,11.9218728,108.1287087,50,Good,0,17.8,98,0.0,7.4,124,897.5,0,14.0,14.4,289.0,17.6,13.0,2.7
2026-03-30 01:00:00,2026,3,30,1,Lâm Đồng,Xã Đam Rông 1,11.9218728,108.1287087,50,Good,0,18.1,97,0.0,1.5,126,897.8,0,14.5,14.9,306.0,17.6,11.0,2.2
2026-03-30 02:00:00,2026,3,30,2,Lâm Đồng,Xã Đam Rông 1,11.9218728,108.1287087,50,Good,0,18.4,94,0.0,3.4,133,897.7,0,14.8,15.3,299.0,16.9,10.0,1.9
2026-03-30 03:00:00,2026,3,30,3,Lâm Đồng,Xã Đam Rông 1,11.9218728,108.1287087,49,Good,0,18.3,91,0.0,2.7,113,897.3,0,15.3,15.7,278.0,15.7,11.0,1.6
2026-03-30 04:00:00,2026,3,30,4,Lâm Đồng,Xã Đam Rông 1,11.9218728,108.1287087,48,Good,0,18.4,86,0.0,2.6,106,897.0,0,15.7,16.2,264.0,14.2,15.0,1.5
2026-03-30 05:00:00,2026,3,30,5,Lâm Đồng,Xã Đam Rông 1,11.9218728,108.1287087,48,Good,0,18.2,85,0.0,2.3,94,897.3,0,15.5,16.1,267.0,12.3,20.0,1.5
2026-03-30 06:00:00,2026,3,30,6,Lâm Đồng,Xã Đam Rông 1,11.9218728,108.1287087,47,Good,0,18.6,84,0.0,0.9,101,898.0,0,14.4,15.0,276.0,10.1,28.0,1.7
2026-03-30 07:00:00,2026,3,30,7,Lâm Đồng,Xã Đam Rông 1,11.9218728,108.1287087,46,Good,0,21.8,73,0.0,3.0,107,899.6,0,21.8,22.6,274.0,8.3,40.0,1.8
2026-03-30 08:00:00,2026,3,30,8,Lâm Đồng,Xã Đam Rông 1,11.9218728,108.1287087,47,Good,0,24.7,59,0.0,4.0,350,901.3,0,19.6,20.8,249.0,6.2,61.0,1.9
2026-03-30 09:00:00,2026,3,30,9,Lâm Đồng,Xã Đam Rông 1,11.9218728,108.1287087,48,Good,0,26.1,53,0.0,5.5,351,902.1,9,13.6,15.7,212.0,3.2,91.0,2.1
2026-03-30 10:00:00,2026,3,30,10,Lâm Đồng,Xã Đam Rông 1,11.9218728,108.1287087,49,Good,0,27.4,47,0.0,5.3,352,902.4,13,14.9,17.0,184.0,1.1,114.0,2.3
2026-03-30 11:00:00,2026,3,30,11,Lâm Đồng,Xã Đam Rông 1,11.9218728,108.1287087,50,Good,0,28.5,40,0.0,3.7,14,902.1,33,16.6,18.8,174.0,0.6,125.0,2.4
2026-03-30 12:00:00,2026,3,30,12,Lâm Đồng,Xã Đam Rông 1,11.9218728,108.1287087,51,Moderate,1,29.8,34,0.0,1.7,32,901.3,40,16.4,18.6,172.0,0.9,131.0,2.4
2026-03-30 13:00:00,2026,3,30,13,Lâm Đồng,Xã Đam Rông 1,11.9218728,108.1287087,52,Moderate,1,30.5,29,0.0,0.2,270,900.6,26,15.7,18.0,169.0,1.2,134.0,2.4
2026-03-30 14:00:00,2026,3,30,14,Lâm Đồng,Xã Đam Rông 1,11.9218728,108.1287087,53,Moderate,1,30.3,28,0.0,3.5,291,899.8,32,15.3,17.6,160.0,0.9,138.0,2.3
2026-03-30 15:00:00,2026,3,30,15,Lâm Đồng,Xã Đam Rông 1,11.9218728,108.1287087,53,Moderate,1,29.3,33,0.0,6.5,312,899.1,56,15.1,17.5,150.0,0.7,141.0,2.2
2026-03-30 16:00:00,2026,3,30,16,Lâm Đồng,Xã Đam Rông 1,11.9218728,108.1287087,65,Moderate,1,28.0,43,0.0,7.9,325,898.7,20,15.0,17.3,145.0,1.5,136.0,2.2
2026-03-30 17:00:00,2026,3,30,17,Lâm Đồng,Xã Đam Rông 1,11.9218728,108.1287087,81,Moderate,1,26.7,46,0.0,2.7,70,898.7,30,15.3,17.3,148.0,4.2,119.0,2.6
2026-03-30 18:00:00,2026,3,30,18,Lâm Đồng,Xã Đam Rông 1,11.9218728,108.1287087,87,Moderate,1,24.1,57,0.0,9.5,148,898.7,16,16.8,18.7,155.0,7.9,94.0,3.3
2026-03-30 19:00:00,2026,3,30,19,Lâm Đồng,Xã Đam Rông 1,11.9218728,108.1287087,83,Moderate,1,22.3,72,0.0,14.2,148,899.0,3,28.0,31.2,163.0,11.7,76.0,4.1
2026-03-30 20:00:00,2026,3,30,20,Lâm Đồng,Xã Đam Rông 1,11.9218728,108.1287087,73,Moderate,1,20.8,81,0.0,11.7,133,898.9,3,27.5,30.2,167.0,12.3,62.0,3.8
2026-03-30 21:00:00,2026,3,30,21,Lâm Đồng,Xã Đam Rông 1,11.9218728,108.1287087,59,Moderate,1,19.7,88,0.0,12.0,129,899.4,6,25.6,27.7,171.0,13.2,44.0,3.5
2026-03-30 22:00:00,2026,3,30,22,Lâm Đồng,Xã Đam Rông 1,11.9218728,108.1287087,61,Moderate,1,19.1,90,0.0,10.4,132,899.2,2,24.0,25.7,181.0,13.7,29.0,3.1
2026-03-30 23:00:00,2026,3,30,23,Lâm Đồng,Xã Đam Rông 1,11.9218728,108.1287087,62,Moderate,1,18.5,92,0.0,9.3,130,898.9,1,22.6,24.2,200.0,13.7,23.0,2.7
2026-03-31 00:00:00,2026,3,31,0,Lâm Đồng,Xã Đam Rông 1,11.9218728,108.1287087,62,Moderate,1,18.0,95,0.0,10.0,131,898.5,0,21.2,22.6,225.0,13.3,21.0,2.3
2026-03-31 01:00:00,2026,3,31,1,Lâm Đồng,Xã Đam Rông 1,11.9218728,108.1287087,63,Moderate,1,17.6,98,0.0,8.1,137,898.2,6,20.4,21.8,248.0,12.7,20.0,1.9
2026-03-31 02:00:00,2026,3,31,2,Lâm Đồng,Xã Đam Rông 1,11.9218728,108.1287087,64,Moderate,1,17.8,96,0.0,9.2,130,897.3,3,20.1,21.5,268.0,11.9,19.0,1.6
2026-03-31 03:00:00,2026,3,31,3,Lâm Đồng,Xã Đam Rông 1,11.9218728,108.1287087,64,Moderate,1,17.6,97,0.0,10.3,131,897.1,0,19.6,21.0,287.0,11.0,20.0,1.3
2026-03-31 04:00:00,2026,3,31,4,Lâm Đồng,Xã Đam Rông 1,11.9218728,108.1287087,64,Moderate,1,17.4,97,0.0,8.8,123,897.0,0,18.8,20.1,302.0,10.0,23.0,1.2
2026-03-31 05:00:00,2026,3,31,5,Lâm Đồng,Xã Đam Rông 1,11.9218728,108.1287087,65,Moderate,1,17.3,95,0.0,6.9,118,897.3,2,18.3,19.7,317.0,9.0,28.0,1.2
2026-03-31 06:00:00,2026,3,31,6,Lâm Đồng,Xã Đam Rông 1,11.9218728,108.1287087,65,Moderate,1,17.5,91,0.0,5.7,108,898.1,0,17.4,19.0,328.0,8.0,34.0,1.3
2026-03-31 07:00:00,2026,3,31,7,Lâm Đồng,Xã Đam Rông 1,11.9218728,108.1287087,65,Moderate,1,21.6,75,0.0,3.3,77,900.2,2,25.2,27.6,324.0,7.4,45.0,1.7
2026-03-31 08:00:00,2026,3,31,8,Lâm Đồng,Xã Đam Rông 1,11.9218728,108.1287087,66,Moderate,1,24.3,61,0.0,4.2,355,902.1,0,20.9,24.6,293.0,5.6,69.0,2.0
2026-03-31 09:00:00,2026,3,31,9,Lâm Đồng,Xã Đam Rông 1,11.9218728,108.1287087,66,Moderate,1,25.8,56,0.0,6.3,358,903.0,37,19.5,24.6,247.0,3.1,101.0,2.4
2026-03-31 10:00:00,2026,3,31,10,Lâm Đồng,Xã Đam Rông 1,11.9218728,108.1287087,66,Moderate,1,27.1,50,0.0,5.6,360,902.9,34,24.2,29.3,213.0,1.3,127.0,2.7
2026-03-31 11:00:00,2026,3,31,11,Lâm Đồng,Xã Đam Rông 1,11.9218728,108.1287087,67,Moderate,1,28.1,45,0.1,3.2,344,902.6,45,26.3,31.2,202.0,0.8,139.0,2.8
2026-03-31 12:00:00,2026,3,31,12,Lâm Đồng,Xã Đam Rông 1,11.9218728,108.1287087,68,Moderate,1,29.0,41,0.1,3.9,313,902.0,39,26.8,31.5,203.0,1.0,143.0,2.7
2026-03-31 13:00:00,2026,3,31,13,Lâm Đồng,Xã Đam Rông 1,11.9218728,108.1287087,69,Moderate,1,29.6,41,0.1,5.0,291,901.2,34,25.7,30.2,204.0,1.2,146.0,2.7
2026-03-31 14:00:00,2026,3,31,14,Lâm Đồng,Xã Đam Rông 1,11.9218728,108.1287087,70,Moderate,1,29.1,43,0.2,7.9,273,900.2,29,26.5,30.9,202.0,1.0,149.0,2.7
2026-03-31 15:00:00,2026,3,31,15,Lâm Đồng,Xã Đam Rông 1,11.9218728,108.1287087,71,Moderate,1,28.7,42,0.1,8.3,276,899.4,34,27.6,32.1,201.0,0.9,150.0,2.7
2026-03-31 16:00:00,2026,3,31,16,Lâm Đồng,Xã Đam Rông 1,11.9218728,108.1287087,84,Moderate,1,28.1,41,0.1,7.1,313,898.8,70,28.6,33.1,198.0,1.5,145.0,2.8
2026-03-31 17:00:00,2026,3,31,17,Lâm Đồng,Xã Đam Rông 1,11.9218728,108.1287087,101,Unhealthy for Sensitive Groups,2,27.2,45,0.0,3.4,16,898.6,97,28.8,32.8,191.0,3.2,131.0,3.1
2026-03-31 18:00:00,2026,3,31,18,Lâm Đồng,Xã Đam Rông 1,11.9218728,108.1287087,107,Unhealthy for Sensitive Groups,2,24.8,54,0.0,9.8,139,898.7,96,29.4,32.4,183.0,5.7,110.0,3.5
2026-03-31 19:00:00,2026,3,31,19,Lâm Đồng,Xã Đam Rông 1,11.9218728,108.1287087,103,Unhealthy for Sensitive Groups,2,22.4,61,0.0,10.7,130,898.9,99,34.6,38.1,182.0,11.2,79.0,4.4
2026-03-31 20:00:00,2026,3,31,20,Lâm Đồng,Xã Đam Rông 1,11.9218728,108.1287087,91,Moderate,1,21.7,64,0.0,10.8,126,898.8,97,34.9,38.2,196.0,12.9,67.0,4.5
2026-03-31 21:00:00,2026,3,31,21,Lâm Đồng,Xã Đam Rông 1,11.9218728,108.1287087,77,Moderate,1,20.6,67,0.0,10.6,132,898.9,93,34.0,36.7,218.0,15.3,49.0,4.7
2026-03-31 22:00:00,2026,3,31,22,Lâm Đồng,Xã Đam Rông 1,11.9218728,108.1287087,77,Moderate,1,19.8,70,0.0,9.9,132,898.8,94,32.4,34.8,236.0,17.0,35.0,4.6
2026-03-31 23:00:00,2026,3,31,23,Lâm Đồng,Xã Đam Rông 1,11.9218728,108.1287087,78,Moderate,1,19.4,72,0.0,10.1,133,898.8,95,29.9,31.7,241.0,17.4,26.0,4.0
2026-04-01 00:00:00,2026,4,1,0,Lâm Đồng,Xã Đam Rông 1,11.9218728,108.1287087,79,Moderate,1,19.2,71,0.0,9.5,126,898.2,96,27.2,28.5,242.0,17.1,20.0,3.2
2026-04-01 01:00:00,2026,4,1,1,Lâm Đồng,Xã Đam Rông 1,11.9218728,108.1287087,79,Moderate,1,18.6,74,0.0,8.5,125,897.8,94,24.5,25.6,250.0,16.6,16.0,2.6
2026-04-01 02:00:00,2026,4,1,2,Lâm Đồng,Xã Đam Rông 1,11.9218728,108.1287087,80,Moderate,1,18.8,68,0.0,8.5,122,897.4,7,22.1,23.1,270.0,15.9,14.0,2.3
2026-04-01 03:00:00,2026,4,1,3,Lâm Đồng,Xã Đam Rông 1,11.9218728,108.1287087,80,Moderate,1,19.0,62,0.0,7.4,124,897.2,12,20.0,21.0,297.0,15.0,14.0,2.1
2026-04-01 04:00:00,2026,4,1,4,Lâm Đồng,Xã Đam Rông 1,11.9218728,108.1287087,80,Moderate,1,18.1,63,0.0,4.6,121,896.9,5,18.3,19.2,323.0,13.8,18.0,2.1
2026-04-01 05:00:00,2026,4,1,5,Lâm Đồng,Xã Đam Rông 1,11.9218728,108.1287087,80,Moderate,1,17.7,63,0.0,3.5,114,897.2,48,17.2,18.0,352.0,12.5,26.0,2.2
2026-04-01 06:00:00,2026,4,1,6,Lâm Đồng,Xã Đam Rông 1,11.9218728,108.1287087,80,Moderate,1,17.8,62,0.0,2.4,107,898.1,98,16.7,17.5,380.0,11.1,39.0,2.5
2026-04-01 07:00:00,2026,4,1,7,Lâm Đồng,Xã Đam Rông 1,11.9218728,108.1287087,80,Moderate,1,21.9,59,0.0,5.2,106,900.0,95,50.5,52.9,384.0,11.7,61.0,3.4
2026-04-01 08:00:00,2026,4,1,8,Lâm Đồng,Xã Đam Rông 1,11.9218728,108.1287087,82,Moderate,1,24.9,54,0.0,4.0,360,901.9,77,34.8,38.3,343.0,8.6,83.0,3.2
2026-04-01 09:00:00,2026,4,1,9,Lâm Đồng,Xã Đam Rông 1,11.9218728,108.1287087,83,Moderate,1,26.2,52,0.0,7.1,351,902.7,64,27.7,32.2,278.0,4.5,112.0,2.9
2026-04-01 10:00:00,2026,4,1,10,Lâm Đồng,Xã Đam Rông 1,11.9218728,108.1287087,84,Moderate,1,27.9,46,0.0,8.6,15,902.8,84,31.9,37.4,232.0,1.5,137.0,2.8
2026-04-01 11:00:00,2026,4,1,11,Lâm Đồng,Xã Đam Rông 1,11.9218728,108.1287087,84,Moderate,1,29.1,41,0.0,8.1,13,902.3,63,34.0,39.3,224.0,1.0,151.0,3.0
2026-04-01 12:00:00,2026,4,1,12,Lâm Đồng,Xã Đam Rông 1,11.9218728,108.1287087,85,Moderate,1,29.6,39,0.0,6.9,7,901.7,35,35.4,40.2,235.0,1.7,159.0,3.3
2026-04-01 13:00:00,2026,4,1,13,Lâm Đồng,Xã Đam Rông 1,11.9218728,108.1287087,86,Moderate,1,29.6,40,0.1,8.1,354,901.0,37,36.0,40.4,246.0,2.4,164.0,3.6
2026-04-01 14:00:00,2026,4,1,14,Lâm Đồng,Xã Đam Rông 1,11.9218728,108.1287087,87,Moderate,1,29.3,41,0.1,7.6,4,899.8,23,36.2,40.2,251.0,2.3,169.0,3.6
2026-04-01 15:00:00,2026,4,1,15,Lâm Đồng,Xã Đam Rông 1,11.9218728,108.1287087,88,Moderate,1,29.3,39,0.0,7.0,18,899.1,26,35.3,38.9,255.0,2.2,170.0,3.5
2026-04-01 16:00:00,2026,4,1,16,Lâm Đồng,Xã Đam Rông 1,11.9218728,108.1287087,110,Unhealthy for Sensitive Groups,2,29.0,37,0.0,7.1,24,898.6,3,33.8,37.1,259.0,3.2,163.0,3.6
2026-04-01 17:00:00,2026,4,1,17,Lâm Đồng,Xã Đam Rông 1,11.9218728,108.1287087,127,Unhealthy for Sensitive Groups,2,28.0,40,0.0,3.6,139,898.2,14,39.3,41.9,262.0,6.4,141.0,4.1
2026-04-01 18:00:00,2026,4,1,18,Lâm Đồng,Xã Đam Rông 1,11.9218728,108.1287087,133,Unhealthy for Sensitive Groups,2,24.4,61,0.0,12.8,161,898.2,2,41.8,44.0,265.0,10.7,110.0,4.8
2026-04-01 19:00:00,2026,4,1,19,Lâm Đồng,Xã Đam Rông 1,11.9218728,108.1287087,128,Unhealthy for Sensitive Groups,2,22.3,73,0.0,14.8,144,898.6,0,46.7,48.9,266.0,14.4,87.0,5.4
2026-04-01 20:00:00,2026,4,1,20,Lâm Đồng,Xã Đam Rông 1,11.9218728,108.1287087,114,Unhealthy for Sensitive Groups,2,21.1,78,0.0,11.2,143,899.0,0,49.9,51.9,262.0,15.9,73.0,5.4
2026-04-01 21:00:00,2026,4,1,21,Lâm Đồng,Xã Đam Rông 1,11.9218728,108.1287087,96,Moderate,1,20.2,83,0.0,12.2,131,899.3,0,51.2,53.1,256.0,18.1,53.0,5.3
2026-04-01 22:00:00,2026,4,1,22,Lâm Đồng,Xã Đam Rông 1,11.9218728,108.1287087,95,Moderate,1,19.2,89,0.0,9.5,129,899.3,0,52.2,53.8,254.0,19.5,37.0,5.1
2026-04-01 23:00:00,2026,4,1,23,Lâm Đồng,Xã Đam Rông 1,11.9218728,108.1287087,97,Moderate,1,18.0,96,0.0,9.6,124,899.0,0,51.6,53.0,259.0,19.7,29.0,4.5
2026-04-02 00:00:00,2026,4,2,0,Lâm Đồng,Xã Đam Rông 1,11.9218728,108.1287087,98,Moderate,1,17.2,99,0.0,9.8,125,898.0,7,49.6,50.9,267.0,19.3,24.0,3.7
2026-04-02 01:00:00,2026,4,2,1,Lâm Đồng,Xã Đam Rông 1,11.9218728,108.1287087,100,Moderate,1,16.9,100,0.0,6.7,128,897.7,100,47.8,49.0,277.0,18.6,22.0,3.0
2026-04-02 02:00:00,2026,4,2,2,Lâm Đồng,Xã Đam Rông 1,11.9218728,108.1287087,103,Unhealthy for Sensitive Groups,2,16.6,100,0.0,6.3,127,897.0,98,46.3,47.5,286.0,17.8,20.0,2.5
2026-04-02 03:00:00,2026,4,2,3,Lâm Đồng,Xã Đam Rông 1,11.9218728,108.1287087,105,Unhealthy for Sensitive Groups,2,16.8,98,0.0,7.3,123,897.1,30,45.4,46.6,295.0,16.8,21.0,2.0
2026-04-02 04:00:00,2026,4,2,4,Lâm Đồng,Xã Đam Rông 1,11.9218728,108.1287087,108,Unhealthy for Sensitive Groups,2,16.6,97,0.0,6.5,120,897.0,2,44.8,46.1,308.0,15.5,25.0,1.8
2026-04-02 05:00:00,2026,4,2,5,Lâm Đồng,Xã Đam Rông 1,11.9218728,108.1287087,111,Unhealthy for Sensitive Groups,2,16.0,93,0.0,4.4,117,897.1,0,44.4,45.5,330.0,13.7,34.0,1.8
2026-04-02 06:00:00,2026,4,2,6,Lâm Đồng,Xã Đam Rông 1,11.9218728,108.1287087,114,Unhealthy for Sensitive Groups,2,15.7,86,0.0,3.5,114,897.6,0,43.3,44.5,354.0,11.6,46.0,2.0
2026-04-02 07:00:00,2026,4,2,7,Lâm Đồng,Xã Đam Rông 1,11.9218728,108.1287087,116,Unhealthy for Sensitive Groups,2,20.4,73,0.0,4.0,120,900.0,0,34.3,35.3,366.0,8.0,57.0,1.9
2026-04-02 08:00:00,2026,4,2,8,Lâm Đồng,Xã Đam Rông 1,11.9218728,108.1287087,115,Unhealthy for Sensitive Groups,2,23.8,52,0.0,1.9,17,902.0,0,28.8,31.4,353.0,6.1,80.0,2.2
2026-04-02 09:00:00,2026,4,2,9,Lâm Đồng,Xã Đam Rông 1,11.9218728,108.1287087,114,Unhealthy for Sensitive Groups,2,25.4,46,0.0,2.8,342,903.0,0,24.0,27.5,328.0,3.5,111.0,2.7
2026-04-02 10:00:00,2026,4,2,10,Lâm Đồng,Xã Đam Rông 1,11.9218728,108.1287087,114,Unhealthy for Sensitive Groups,2,26.8,42,0.0,1.9,326,903.1,0,23.3,26.4,306.0,1.6,136.0,2.9
2026-04-02 11:00:00,2026,4,2,11,Lâm Đồng,Xã Đam Rông 1,11.9218728,108.1287087,113,Unhealthy for Sensitive Groups,2,28.0,39,0.0,0.8,297,903.0,0,21.4,24.0,295.0,1.1,148.0,2.8
2026-04-02 12:00:00,2026,4,2,12,Lâm Đồng,Xã Đam Rông 1,11.9218728,108.1287087,112,Unhealthy for Sensitive Groups,2,28.8,36,0.0,0.9,259,902.4,14,19.7,22.0,288.0,1.3,152.0,2.5
2026-04-02 13:00:00,2026,4,2,13,Lâm Đồng,Xã Đam Rông 1,11.9218728,108.1287087,110,Unhealthy for Sensitive Groups,2,29.6,34,0.0,1.3,304,901.5,87,18.6,20.6,280.0,1.5,155.0,2.2
2026-04-02 14:00:00,2026,4,2,14,Lâm Đồng,Xã Đam Rông 1,11.9218728,108.1287087,108,Unhealthy for Sensitive Groups,2,29.6,33,0.0,0.3,315,900.5,89,18.2,20.0,266.0,1.2,159.0,2.0
2026-04-02 15:00:00,2026,4,2,15,Lâm Đồng,Xã Đam Rông 1,11.9218728,108.1287087,106,Unhealthy for Sensitive Groups,2,30.1,30,0.0,1.8,79,899.6,20,17.9,19.6,250.0,1.0,160.0,1.9
2026-04-02 16:00:00,2026,4,2,16,Lâm Đồng,Xã Đam Rông 1,11.9218728,108.1287087,104,Unhealthy for Sensitive Groups,2,29.5,32,0.0,6.0,117,898.9,30,17.4,19.0,242.0,1.8,153.0,2.0
2026-04-02 17:00:00,2026,4,2,17,Lâm Đồng,Xã Đam Rông 1,11.9218728,108.1287087,116,Unhealthy for Sensitive Groups,2,27.2,42,0.0,11.9,132,898.7,42,16.5,17.8,248.0,4.4,133.0,2.5
2026-04-02 18:00:00,2026,4,2,18,Lâm Đồng,Xã Đam Rông 1,11.9218728,108.1287087,121,Unhealthy for Sensitive Groups,2,24.1,52,0.0,11.6,131,898.8,1,20.3,21.4,261.0,7.9,105.0,3.2
2026-04-02 19:00:00,2026,4,2,19,Lâm Đồng,Xã Đam Rông 1,11.9218728,108.1287087,114,Unhealthy for Sensitive Groups,2,21.5,58,0.0,9.5,143,898.6,0,25.1,27.2,272.0,10.1,80.0,3.4
2026-04-02 20:00:00,2026,4,2,20,Lâm Đồng,Xã Đam Rông 1,11.9218728,108.1287087,100,Moderate,1,20.0,67,0.0,9.4,133,899.0,0,27.8,29.8,278.0,11.9,68.0,3.6
2026-04-02 21:00:00,2026,4,2,21,Lâm Đồng,Xã Đam Rông 1,11.9218728,108.1287087,94,Moderate,1,18.7,74,0.0,8.1,135,899.1,0,29.5,31.2,282.0,14.3,51.0,4.0
2026-04-02 22:00:00,2026,4,2,22,Lâm Đồng,Xã Đam Rông 1,11.9218728,108.1287087,93,Moderate,1,17.9,79,0.0,9.5,134,898.8,0,29.9,31.4,283.0,15.9,38.0,4.0
2026-04-02 23:00:00,2026,4,2,23,Lâm Đồng,Xã Đam Rông 1,11.9218728,108.1287087,91,Moderate,1,17.1,84,0.0,10.0,131,898.2,0,29.4,30.5,278.0,15.9,30.0,3.5
2026-04-03 00:00:00,2026,4,3,0,Lâm Đồng,Xã Đam Rông 1,11.9218728,108.1287087,89,Moderate,1,16.4,87,0.0,10.2,129,897.5,0,27.8,28.8,270.0,15.0,26.0,2.7
2026-04-03 01:00:00,2026,4,3,1,Lâm Đồng,Xã Đam Rông 1,11.9218728,108.1287087,87,Moderate,1,15.5,94,0.0,9.0,133,896.5,0,26.3,27.1,267.0,13.9,24.0,2.1
2026-04-03 02:00:00,2026,4,3,2,Lâm Đồng,Xã Đam Rông 1,11.9218728,108.1287087,85,Moderate,1,15.2,94,0.0,7.5,125,896.0,0,24.9,25.7,273.0,12.8,25.0,1.7
2026-04-03 03:00:00,2026,4,3,3,Lâm Đồng,Xã Đam Rông 1,11.9218728,108.1287087,83,Moderate,1,14.6,96,0.0,3.8,121,895.8,0,23.5,24.3,283.0,11.5,29.0,1.5
2026-04-03 04:00:00,2026,4,3,4,Lâm Đồng,Xã Đam Rông 1,11.9218728,108.1287087,81,Moderate,1,14.7,93,0.0,2.0,117,895.9,0,22.1,22.9,293.0,10.2,34.0,1.4
2026-04-03 05:00:00,2026,4,3,5,Lâm Đồng,Xã Đam Rông 1,11.9218728,108.1287087,79,Moderate,1,15.1,87,0.0,0.6,124,896.2,0,21.0,21.8,306.0,9.0,39.0,1.5
2026-04-03 06:00:00,2026,4,3,6,Lâm Đồng,Xã Đam Rông 1,11.9218728,108.1287087,77,Moderate,1,16.0,83,0.0,0.5,135,897.1,0,20.2,21.0,319.0,7.9,46.0,1.8
2026-04-03 07:00:00,2026,4,3,7,Lâm Đồng,Xã Đam Rông 1,11.9218728,108.1287087,75,Moderate,1,20.4,69,0.0,2.3,148,899.5,0,15.4,15.9,320.0,7.5,58.0,2.3
2026-04-03 08:00:00,2026,4,3,8,Lâm Đồng,Xã Đam Rông 1,11.9218728,108.1287087,73,Moderate,1,23.0,54,0.0,1.9,304,901.1,0,11.4,12.1,301.0,5.7,77.0,2.6
2026-04-03 09:00:00,2026,4,3,9,Lâm Đồng,Xã Đam Rông 1,11.9218728,108.1287087,72,Moderate,1,24.8,41,0.0,4.2,313,901.9,0,14.6,15.9,270.0,3.1,103.0,2.9
2026-04-03 10:00:00,2026,4,3,10,Lâm Đồng,Xã Đam Rông 1,11.9218728,108.1287087,71,Moderate,1,26.6,32,0.0,6.0,321,901.8,0,15.2,16.6,245.0,1.3,124.0,3.1
2026-04-03 11:00:00,2026,4,3,11,Lâm Đồng,Xã Đam Rông 1,11.9218728,108.1287087,70,Moderate,1,27.8,29,0.0,6.5,316,901.7,0,12.8,13.9,233.0,0.8,135.0,3.0
2026-04-03 12:00:00,2026,4,3,12,Lâm Đồng,Xã Đam Rông 1,11.9218728,108.1287087,69,Moderate,1,28.8,27,0.0,6.9,315,900.8,0,12.0,12.9,228.0,1.0,141.0,2.8
2026-04-03 13:00:00,2026,4,3,13,Lâm Đồng,Xã Đam Rông 1,11.9218728,108.1287087,69,Moderate,1,29.6,27,0.0,6.6,327,900.1,0,12.1,13.0,225.0,1.3,146.0,2.6
2026-04-03 14:00:00,2026,4,3,14,Lâm Đồng,Xã Đam Rông 1,11.9218728,108.1287087,68,Moderate,1,29.6,28,0.0,6.2,314,899.1,1,12.3,13.2,225.0,1.1,152.0,2.5
2026-04-03 15:00:00,2026,4,3,15,Lâm Đồng,Xã Đam Rông 1,11.9218728,108.1287087,68,Moderate,1,29.6,27,0.0,6.9,290,898.6,6,12.4,13.2,228.0,1.0,157.0,2.4
2026-04-03 16:00:00,2026,4,3,16,Lâm Đồng,Xã Đam Rông 1,11.9218728,108.1287087,87,Moderate,1,29.0,27,0.0,7.5,278,898.2,2,12.3,13.1,230.0,1.6,153.0,2.5
2026-04-03 17:00:00,2026,4,3,17,Lâm Đồng,Xã Đam Rông 1,11.9218728,108.1287087,103,Unhealthy for Sensitive Groups,2,27.9,33,0.0,2.2,275,897.8,0,12.6,13.3,229.0,3.7,136.0,2.8
2026-04-03 18:00:00,2026,4,3,18,Lâm Đồng,Xã Đam Rông 1,11.9218728,108.1287087,110,Unhealthy for Sensitive Groups,2,23.7,49,0.0,6.4,128,897.0,0,13.8,14.4,228.0,6.5,110.0,3.2
2026-04-03 19:00:00,2026,4,3,19,Lâm Đồng,Xã Đam Rông 1,11.9218728,108.1287087,107,Unhealthy for Sensitive Groups,2,21.5,65,0.0,11.3,149,898.0,0,31.5,33.5,227.0,9.8,83.0,3.7
2026-04-03 20:00:00,2026,4,3,20,Lâm Đồng,Xã Đam Rông 1,11.9218728,108.1287087,96,Moderate,1,20.2,79,0.0,10.4,134,898.7,6,31.2,32.8,228.0,10.5,71.0,3.8
2026-04-03 21:00:00,2026,4,3,21,Lâm Đồng,Xã Đam Rông 1,11.9218728,108.1287087,81,Moderate,1,19.3,86,0.0,11.0,138,898.9,0,29.6,31.0,229.0,11.4,55.0,3.9
2026-04-03 22:00:00,2026,4,3,22,Lâm Đồng,Xã Đam Rông 1,11.9218728,108.1287087,67,Moderate,1,18.5,90,0.0,11.2,136,898.8,1,27.8,28.9,228.0,12.1,42.0,3.8
2026-04-03 23:00:00,2026,4,3,23,Lâm Đồng,Xã Đam Rông 1,11.9218728,108.1287087,66,Moderate,1,18.0,94,0.0,9.4,135,898.1,0,26.3,27.3,224.0,12.3,34.0,3.5
2026-04-04 00:00:00,2026,4,4,0,Lâm Đồng,Xã Đam Rông 1,11.9218728,108.1287087,66,Moderate,1,17.5,96,0.0,8.2,140,897.4,0,25.2,26.1,217.0,12.3,29.0,3.0
2026-04-04 01:00:00,2026,4,4,1,Lâm Đồng,Xã Đam Rông 1,11.9218728,108.1287087,66,Moderate,1,17.1,98,0.0,6.6,139,896.6,25,24.6,25.6,213.0,12.1,26.0,2.6
2026-04-04 02:00:00,2026,4,4,2,Lâm Đồng,Xã Đam Rông 1,11.9218728,108.1287087,66,Moderate,1,16.9,99,0.0,6.9,139,896.0,9,24.3,25.2,210.0,11.7,24.0,2.2
2026-04-04 03:00:00,2026,4,4,3,Lâm Đồng,Xã Đam Rông 1,11.9218728,108.1287087,66,Moderate,1,16.8,100,0.0,7.7,139,895.8,100,24.4,25.4,209.0,11.2,24.0,1.8
2026-04-04 04:00:00,2026,4,4,4,Lâm Đồng,Xã Đam Rông 1,11.9218728,108.1287087,66,Moderate,1,16.8,100,0.0,7.3,140,895.8,100,24.7,25.6,214.0,10.5,27.0,1.5
2026-04-04 05:00:00,2026,4,4,5,Lâm Đồng,Xã Đam Rông 1,11.9218728,108.1287087,66,Moderate,1,17.0,97,0.0,7.1,139,896.2,71,24.9,25.7,233.0,9.7,32.0,1.4
2026-04-04 06:00:00,2026,4,4,6,Lâm Đồng,Xã Đam Rông 1,11.9218728,108.1287087,66,Moderate,1,16.9,97,0.0,7.0,138,896.8,70,25.7,26.5,259.0,8.7,39.0,1.4
2026-04-04 07:00:00,2026,4,4,7,Lâm Đồng,Xã Đam Rông 1,11.9218728,108.1287087,67,Moderate,1,20.0,83,0.0,5.0,154,898.2,100,30.5,32.2,273.0,6.4,57.0,1.2
2026-04-04 08:00:00,2026,4,4,8,Lâm Đồng,Xã Đam Rông 1,11.9218728,108.1287087,68,Moderate,1,23.0,69,0.0,2.4,234,900.0,97,25.0,27.2,262.0,4.8,76.0,1.4
2026-04-04 09:00:00,2026,4,4,9,Lâm Đồng,Xã Đam Rông 1,11.9218728,108.1287087,69,Moderate,1,25.0,60,0.0,5.1,278,901.2,94,26.1,28.9,239.0,2.5,102.0,1.7
2026-04-04 10:00:00,2026,4,4,10,Lâm Đồng,Xã Đam Rông 1,11.9218728,108.1287087,70,Moderate,1,26.5,55,0.0,6.8,287,901.1,85,27.4,30.2,222.0,0.9,122.0,1.9
2026-04-04 11:00:00,2026,4,4,11,Lâm Đồng,Xã Đam Rông 1,11.9218728,108.1287087,71,Moderate,1,27.9,48,0.0,6.6,281,901.0,83,27.7,30.3,220.0,0.5,130.0,1.9
2026-04-04 12:00:00,2026,4,4,12,Lâm Đồng,Xã Đam Rông 1,11.9218728,108.1287087,73,Moderate,1,28.9,41,0.0,6.9,276,900.2,78,27.5,29.9,224.0,0.7,132.0,1.9
2026-04-04 13:00:00,2026,4,4,13,Lâm Đồng,Xã Đam Rông 1,11.9218728,108.1287087,74,Moderate,1,30.0,35,0.0,8.3,276,899.5,85,25.1,27.0,226.0,1.0,132.0,1.8
2026-04-04 14:00:00,2026,4,4,14,Lâm Đồng,Xã Đam Rông 1,11.9218728,108.1287087,75,Moderate,1,30.1,32,0.0,7.9,267,898.3,35,22.8,24.4,221.0,0.9,132.0,1.7
2026-04-04 15:00:00,2026,4,4,15,Lâm Đồng,Xã Đam Rông 1,11.9218728,108.1287087,76,Moderate,1,29.9,32,0.0,8.3,269,897.6,64,21.2,22.7,214.0,0.8,129.0,1.6
2026-04-04 16:00:00,2026,4,4,16,Lâm Đồng,Xã Đam Rông 1,11.9218728,108.1287087,77,Moderate,1,29.3,33,0.0,8.5,275,897.5,11,20.9,22.4,215.0,1.3,123.0,1.6
2026-04-04 17:00:00,2026,4,4,17,Lâm Đồng,Xã Đam Rông 1,11.9218728,108.1287087,80,Moderate,1,27.6,40,0.0,7.2,282,897.0,4,20.8,22.2,233.0,2.6,110.0,1.8
2026-04-04 18:00:00,2026,4,4,18,Lâm Đồng,Xã Đam Rông 1,11.9218728,108.1287087,81,Moderate,1,24.2,56,0.0,5.6,197,896.6,5,21.7,22.8,259.0,4.5,94.0,2.2
2026-04-04 19:00:00,2026,4,4,19,Lâm Đồng,Xã Đam Rông 1,11.9218728,108.1287087,79,Moderate,1,22.8,65,0.0,5.8,150,896.5,1,13.0,13.4,274.0,7.2,78.0,2.7
2026-04-04 20:00:00,2026,4,4,20,Lâm Đồng,Xã Đam Rông 1,11.9218728,108.1287087,78,Moderate,1,21.1,77,0.0,8.5,132,896.9,0,14.2,14.7,268.0,8.6,69.0,3.1
2026-04-04 21:00:00,2026,4,4,21,Lâm Đồng,Xã Đam Rông 1,11.9218728,108.1287087,76,Moderate,1,20.1,87,0.0,9.2,132,897.2,0,15.2,15.6,251.0,10.6,57.0,3.5
2026-04-04 22:00:00,2026,4,4,22,Lâm Đồng,Xã Đam Rông 1,11.9218728,108.1287087,75,Moderate,1,19.5,93,0.0,8.9,135,897.6,1,16.4,16.8,239.0,12.4,46.0,3.8
2026-04-04 23:00:00,2026,4,4,23,Lâm Đồng,Xã Đam Rông 1,11.9218728,108.1287087,74,Moderate,1,18.9,96,0.0,7.1,128,897.5,0,17.6,18.0,237.0,14.1,38.0,3.7
2026-04-05 00:00:00,2026,4,5,0,Lâm Đồng,Xã Đam Rông 1,11.9218728,108.1287087,73,Moderate,1,18.6,96,0.0,6.4,133,896.8,19,18.9,19.3,240.0,15.5,31.0,3.4
2026-04-05 01:00:00,2026,4,5,1,Lâm Đồng,Xã Đam Rông 1,11.9218728,108.1287087,72,Moderate,1,18.3,96,0.0,4.2,133,896.0,15,20.6,21.0,242.0,16.2,26.0,3.0
2026-04-05 02:00:00,2026,4,5,2,Lâm Đồng,Xã Đam Rông 1,11.9218728,108.1287087,72,Moderate,1,18.3,94,0.0,3.7,137,895.3,0,22.6,23.0,240.0,15.5,23.0,2.4
2026-04-05 03:00:00,2026,4,5,3,Lâm Đồng,Xã Đam Rông 1,11.9218728,108.1287087,72,Moderate,1,18.1,95,0.0,5.0,139,894.7,1,22.1,22.4,237.0,14.0,22.0,1.7
2026-04-05 04:00:00,2026,4,5,4,Lâm Đồng,Xã Đam Rông 1,11.9218728,108.1287087,72,Moderate,1,18.2,94,0.0,4.8,124,894.9,4,21.1,21.4,245.0,12.4,24.0,1.2
2026-04-05 05:00:00,2026,4,5,5,Lâm Đồng,Xã Đam Rông 1,11.9218728,108.1287087,71,Moderate,1,17.8,95,0.0,4.0,129,895.2,54,21.3,21.7,276.0,11.0,27.0,1.1
2026-04-05 06:00:00,2026,4,5,6,Lâm Đồng,Xã Đam Rông 1,11.9218728,108.1287087,71,Moderate,1,18.7,90,0.0,3.6,143,896.3,7,21.9,22.3,317.0,9.5,32.0,1.1
2026-04-05 07:00:00,2026,4,5,7,Lâm Đồng,Xã Đam Rông 1,11.9218728,108.1287087,71,Moderate,1,21.0,79,0.0,4.0,190,897.7,0,23.6,24.2,336.0,8.2,54.0,0.9
2026-04-05 08:00:00,2026,4,5,8,Lâm Đồng,Xã Đam Rông 1,11.9218728,108.1287087,70,Moderate,1,23.7,70,0.0,3.1,211,899.3,7,17.1,18.0,311.0,6.1,80.0,1.6
2026-04-05 09:00:00,2026,4,5,9,Lâm Đồng,Xã Đam Rông 1,11.9218728,108.1287087,69,Moderate,1,26.0,60,0.0,4.3,228,900.3,1,14.6,15.7,264.0,3.3,116.0,2.4
2026-04-05 10:00:00,2026,4,5,10,Lâm Đồng,Xã Đam Rông 1,11.9218728,108.1287087,68,Moderate,1,27.7,54,0.0,5.1,231,900.5,14,14.5,15.5,227.0,1.2,142.0,3.0
2026-04-05 11:00:00,2026,4,5,11,Lâm Đồng,Xã Đam Rông 1,11.9218728,108.1287087,67,Moderate,1,29.2,44,0.0,6.6,223,900.7,33,13.9,14.8,212.0,0.6,148.0,2.9
2026-04-05 12:00:00,2026,4,5,12,Lâm Đồng,Xã Đam Rông 1,11.9218728,108.1287087,66,Moderate,1,30.3,38,0.0,7.6,225,900.0,32,12.8,13.5,207.0,0.9,143.0,2.5
2026-04-05 13:00:00,2026,4,5,13,Lâm Đồng,Xã Đam Rông 1,11.9218728,108.1287087,65,Moderate,1,30.8,35,0.0,9.1,253,899.4,20,11.7,12.4,203.0,1.1,138.0,2.1
2026-04-05 14:00:00,2026,4,5,14,Lâm Đồng,Xã Đam Rông 1,11.9218728,108.1287087,64,Moderate,1,30.6,35,0.0,6.3,257,898.5,30,11.1,11.7,198.0,1.0,137.0,1.9
2026-04-05 15:00:00,2026,4,5,15,Lâm Đồng,Xã Đam Rông 1,11.9218728,108.1287087,70,Moderate,1,30.3,36,0.0,5.2,239,898.0,33,10.8,11.4,195.0,0.9,135.0,1.9
2026-04-05 16:00:00,2026,4,5,16,Lâm Đồng,Xã Đam Rông 1,11.9218728,108.1287087,88,Moderate,1,29.8,36,0.0,5.1,231,897.5,52,11.4,12.2,196.0,1.3,129.0,1.9
2026-04-05 17:00:00,2026,4,5,17,Lâm Đồng,Xã Đam Rông 1,11.9218728,108.1287087,98,Moderate,1,27.9,44,0.0,6.3,250,897.4,93,10.9,11.5,203.0,2.6,116.0,2.1
2026-04-05 18:00:00,2026,4,5,18,Lâm Đồng,Xã Đam Rông 1,11.9218728,108.1287087,98,Moderate,1,25.0,58,0.1,4.6,216,897.3,48,12.2,12.6,213.0,4.5,98.0,2.3
2026-04-05 19:00:00,2026,4,5,19,Lâm Đồng,Xã Đam Rông 1,11.9218728,108.1287087,89,Moderate,1,22.9,68,0.0,7.6,142,897.3,18,7.1,7.1,222.0,5.4,84.0,2.6
2026-04-05 20:00:00,2026,4,5,20,Lâm Đồng,Xã Đam Rông 1,11.9218728,108.1287087,75,Moderate,1,21.6,84,0.0,9.7,135,897.8,4,8.5,8.6,227.0,6.9,74.0,2.9
2026-04-05 21:00:00,2026,4,5,21,Lâm Đồng,Xã Đam Rông 1,11.9218728,108.1287087,60,Moderate,1,20.4,93,0.0,9.3,139,898.1,2,10.1,10.3,229.0,9.0,61.0,3.3
2026-04-05 22:00:00,2026,4,5,22,Lâm Đồng,Xã Đam Rông 1,11.9218728,108.1287087,58,Moderate,1,19.8,97,0.0,9.2,141,898.2,1,11.8,12.1,231.0,10.6,49.0,3.4
2026-04-05 23:00:00,2026,4,5,23,Lâm Đồng,Xã Đam Rông 1,11.9218728,108.1287087,57,Moderate,1,19.3,98,0.0,9.0,137,897.9,4,12.8,13.3,231.0,11.4,39.0,3.1
2026-04-06 00:00:00,2026,4,6,0,Lâm Đồng,Xã Đam Rông 1,11.9218728,108.1287087,57,Moderate,1,18.9,99,0.0,8.9,142,897.6,30,13.3,13.6,230.0,11.7,31.0,2.6
2026-04-06 01:00:00,2026,4,6,1,Lâm Đồng,Xã Đam Rông 1,11.9218728,108.1287087,56,Moderate,1,19.2,98,0.0,8.1,151,897.4,41,13.8,14.2,230.0,11.3,28.0,2.1
2026-04-06 02:00:00,2026,4,6,2,Lâm Đồng,Xã Đam Rông 1,11.9218728,108.1287087,56,Moderate,1,18.9,99,0.0,7.8,148,897.0,38,14.3,14.8,231.0,9.7,34.0,1.6
2026-04-06 03:00:00,2026,4,6,3,Lâm Đồng,Xã Đam Rông 1,11.9218728,108.1287087,55,Moderate,1,18.8,98,0.0,8.3,139,896.7,34,14.4,14.9,232.0,7.5,45.0,1.1
2026-04-06 04:00:00,2026,4,6,4,Lâm Đồng,Xã Đam Rông 1,11.9218728,108.1287087,54,Moderate,1,18.4,99,0.0,7.9,135,896.5,15,14.9,15.4,235.0,5.7,54.0,0.8
2026-04-06 05:00:00,2026,4,6,5,Lâm Đồng,Xã Đam Rông 1,11.9218728,108.1287087,54,Moderate,1,18.1,99,0.0,7.6,137,897.0,12,15.5,15.9,246.0,5.1,57.0,0.7
2026-04-06 06:00:00,2026,4,6,6,Lâm Đồng,Xã Đam Rông 1,11.9218728,108.1287087,53,Moderate,1,18.3,95,0.0,8.5,134,897.5,6,15.9,16.4,258.0,5.1,59.0,0.8
2026-04-06 07:00:00,2026,4,6,7,Lâm Đồng,Xã Đam Rông 1,11.9218728,108.1287087,53,Moderate,1,20.8,82,0.0,6.4,151,898.9,2,14.5,14.9,257.0,4.1,68.0,1.1
2026-04-06 08:00:00,2026,4,6,8,Lâm Đồng,Xã Đam Rông 1,11.9218728,108.1287087,52,Moderate,1,23.8,62,0.0,5.4,166,900.7,0,11.8,12.3,227.0,3.2,74.0,1.0
2026-04-06 09:00:00,2026,4,6,9,Lâm Đồng,Xã Đam Rông 1,11.9218728,108.1287087,51,Moderate,1,26.3,45,0.0,6.2,187,901.7,0,8.3,8.6,182.0,1.9,83.0,0.9
2026-04-06 10:00:00,2026,4,6,10,Lâm Đồng,Xã Đam Rông 1,11.9218728,108.1287087,51,Moderate,1,28.0,39,0.0,7.1,199,901.6,0,6.4,6.7,152.0,1.0,91.0,0.8
2026-04-06 11:00:00,2026,4,6,11,Lâm Đồng,Xã Đam Rông 1,11.9218728,108.1287087,50,Good,0,29.2,37,0.0,7.7,217,901.6,0,5.5,5.8,151.0,0.7,96.0,0.8
2026-04-06 12:00:00,2026,4,6,12,Lâm Đồng,Xã Đam Rông 1,11.9218728,108.1287087,49,Good,0,30.1,35,0.0,8.3,231,901.1,2,5.9,6.3,164.0,0.7,100.0,0.9
2026-04-06 13:00:00,2026,4,6,13,Lâm Đồng,Xã Đam Rông 1,11.9218728,108.1287087,47,Good,0,30.7,34,0.0,8.5,253,900.6,10,6.7,7.1,174.0,0.8,103.0,1.0
2026-04-06 14:00:00,2026,4,6,14,Lâm Đồng,Xã Đam Rông 1,11.9218728,108.1287087,47,Good,0,30.6,34,0.0,8.5,268,899.7,23,7.2,7.6,172.0,0.7,105.0,1.0
2026-04-06 15:00:00,2026,4,6,15,Lâm Đồng,Xã Đam Rông 1,11.9218728,108.1287087,46,Good,0,30.2,35,0.0,7.6,285,899.2,63,7.5,7.9,167.0,0.6,105.0,1.0
2026-04-06 16:00:00,2026,4,6,16,Lâm Đồng,Xã Đam Rông 1,11.9218728,108.1287087,45,Good,0,28.9,39,0.1,9.1,287,898.9,55,7.7,8.2,171.0,1.1,101.0,1.1
2026-04-06 17:00:00,2026,4,6,17,Lâm Đồng,Xã Đam Rông 1,11.9218728,108.1287087,45,Good,0,27.3,48,0.0,6.7,278,898.6,33,8.0,8.5,194.0,2.3,92.0,1.4
2026-04-06 18:00:00,2026,4,6,18,Lâm Đồng,Xã Đam Rông 1,11.9218728,108.1287087,46,Good,0,24.7,58,0.0,6.6,221,898.2,7,8.8,9.2,225.0,4.1,79.0,1.7
2026-04-06 19:00:00,2026,4,6,19,Lâm Đồng,Xã Đam Rông 1,11.9218728,108.1287087,45,Good,0,23.2,64,0.0,5.0,150,897.8,1,6.7,7.0,248.0,6.8,60.0,2.2
2026-04-06 20:00:00,2026,4,6,20,Lâm Đồng,Xã Đam Rông 1,11.9218728,108.1287087,43,Good,0,22.0,73,0.0,6.8,138,898.4,0,7.8,8.0,254.0,8.3,54.0,2.6
2026-04-06 21:00:00,2026,4,6,21,Lâm Đồng,Xã Đam Rông 1,11.9218728,108.1287087,43,Good,0,20.5,85,0.0,7.7,139,898.8,0,9.4,9.7,251.0,10.5,45.0,3.1
2026-04-06 22:00:00,2026,4,6,22,Lâm Đồng,Xã Đam Rông 1,11.9218728,108.1287087,43,Good,0,19.9,92,0.0,9.2,140,899.1,0,11.3,11.8,249.0,12.0,37.0,3.3
2026-04-06 23:00:00,2026,4,6,23,Lâm Đồng,Xã Đam Rông 1,11.9218728,108.1287087,43,Good,0,19.4,96,0.0,8.1,135,899.1,0,12.6,13.1,252.0,12.6,30.0,3.1
2026-04-07 00:00:00,2026,4,7,0,Lâm Đồng,Xã Đam Rông 1,11.9218728,108.1287087,43,Good,0,19.0,97,0.0,8.4,137,898.5,0,13.2,13.6,255.0,12.6,24.0,2.7
2026-04-07 01:00:00,2026,4,7,1,Lâm Đồng,Xã Đam Rông 1,11.9218728,108.1287087,43,Good,0,18.9,98,0.0,9.2,152,897.9,27,14.1,14.5,257.0,11.9,24.0,2.2
2026-04-07 02:00:00,2026,4,7,2,Lâm Đồng,Xã Đam Rông 1,11.9218728,108.1287087,43,Good,0,18.5,99,0.0,8.1,156,897.6,64,15.0,15.4,257.0,10.0,33.0,1.7
2026-04-07 03:00:00,2026,4,7,3,Lâm Đồng,Xã Đam Rông 1,11.9218728,108.1287087,43,Good,0,18.4,100,0.0,7.7,156,897.8,100,16.5,16.9,256.0,7.3,47.0,1.2
2026-04-07 04:00:00,2026,4,7,4,Lâm Đồng,Xã Đam Rông 1,11.9218728,108.1287087,44,Good,0,18.5,99,0.0,6.8,162,897.8,29,16.9,17.8,252.0,5.2,58.0,0.8
2026-04-07 05:00:00,2026,4,7,5,Lâm Đồng,Xã Đam Rông 1,11.9218728,108.1287087,44,Good,0,18.1,100,0.0,5.8,173,898.4,61,17.6,18.3,245.0,4.4,62.0,0.6
2026-04-07 06:00:00,2026,4,7,6,Lâm Đồng,Xã Đam Rông 1,11.9218728,108.1287087,44,Good,0,17.5,100,0.0,4.8,169,898.8,99,17.6,18.4,236.0,4.1,63.0,0.5
2026-04-07 07:00:00,2026,4,7,7,Lâm Đồng,Xã Đam Rông 1,11.9218728,108.1287087,45,Good,0,20.2,89,0.0,7.2,215,900.6,64,18.7,19.9,227.0,3.6,71.0,0.5
2026-04-07 08:00:00,2026,4,7,8,Lâm Đồng,Xã Đam Rông 1,11.9218728,108.1287087,45,Good,0,22.0,78,0.0,6.4,232,901.5,23,19.4,20.8,218.0,2.8,83.0,0.7
2026-04-07 09:00:00,2026,4,7,9,Lâm Đồng,Xã Đam Rông 1,11.9218728,108.1287087,47,Good,0,24.0,69,0.0,6.9,255,902.3,15,20.7,22.1,210.0,1.7,99.0,1.1
2026-04-07 10:00:00,2026,4,7,10,Lâm Đồng,Xã Đam Rông 1,11.9218728,108.1287087,49,Good,0,26.1,60,0.0,7.7,273,902.6,5,19.2,20.4,203.0,0.9,111.0,1.3
2026-04-07 11:00:00,2026,4,7,11,Lâm Đồng,Xã Đam Rông 1,11.9218728,108.1287087,51,Moderate,1,27.9,50,0.0,8.6,286,902.7,1,17.5,18.5,199.0,0.7,115.0,1.4
2026-04-07 12:00:00,2026,4,7,12,Lâm Đồng,Xã Đam Rông 1,11.9218728,108.1287087,52,Moderate,1,28.9,44,0.0,9.4,294,902.0,16,16.6,17.5,198.0,0.8,114.0,1.3
2026-04-07 13:00:00,2026,4,7,13,Lâm Đồng,Xã Đam Rông 1,11.9218728,108.1287087,53,Moderate,1,29.5,40,0.0,9.8,293,901.0,27,16.6,17.6,196.0,0.9,114.0,1.3
2026-04-07 14:00:00,2026,4,7,14,Lâm Đồng,Xã Đam Rông 1,11.9218728,108.1287087,53,Moderate,1,29.7,37,0.0,7.6,278,900.1,18,16.3,17.2,189.0,0.7,117.0,1.2
2026-04-07 15:00:00,2026,4,7,15,Lâm Đồng,Xã Đam Rông 1,11.9218728,108.1287087,54,Moderate,1,29.8,36,0.0,7.3,260,899.5,69,16.4,17.3,183.0,0.6,119.0,1.2
2026-04-07 16:00:00,2026,4,7,16,Lâm Đồng,Xã Đam Rông 1,11.9218728,108.1287087,55,Moderate,1,29.1,40,0.0,7.2,269,899.0,82,16.4,17.3,187.0,1.3,117.0,1.3
2026-04-07 17:00:00,2026,4,7,17,Lâm Đồng,Xã Đam Rông 1,11.9218728,108.1287087,59,Moderate,1,27.8,44,0.0,7.8,274,899.1,75,16.7,17.5,214.0,3.3,107.0,1.8
2026-04-07 18:00:00,2026,4,7,18,Lâm Đồng,Xã Đam Rông 1,11.9218728,108.1287087,61,Moderate,1,25.2,55,0.0,4.6,231,898.8,94,19.0,19.7,252.0,6.2,92.0,2.4
2026-04-07 19:00:00,2026,4,7,19,Lâm Đồng,Xã Đam Rông 1,11.9218728,108.1287087,57,Moderate,1,23.2,68,0.0,7.3,132,898.7,94,22.3,23.1,278.0,11.2,78.0,3.7
2026-04-07 20:00:00,2026,4,7,20,Lâm Đồng,Xã Đam Rông 1,11.9218728,108.1287087,59,Moderate,1,21.7,83,0.0,8.5,128,898.9,15,24.0,24.7,278.0,12.7,68.0,4.2
2026-04-07 21:00:00,2026,4,7,21,Lâm Đồng,Xã Đam Rông 1,11.9218728,108.1287087,60,Moderate,1,20.6,90,0.0,7.6,121,898.5,0,25.4,26.1,266.0,14.9,55.0,4.9
2026-04-07 22:00:00,2026,4,7,22,Lâm Đồng,Xã Đam Rông 1,11.9218728,108.1287087,62,Moderate,1,20.3,92,0.0,7.8,122,898.7,0,26.8,27.4,258.0,16.6,43.0,5.3
2026-04-07 23:00:00,2026,4,7,23,Lâm Đồng,Xã Đam Rông 1,11.9218728,108.1287087,63,Moderate,1,20.0,93,0.0,7.5,125,898.8,0,27.6,28.1,261.0,17.7,34.0,5.1
2026-04-08 00:00:00,2026,4,8,0,Lâm Đồng,Xã Đam Rông 1,11.9218728,108.1287087,64,Moderate,1,19.6,94,0.0,6.2,128,898.3,0,27.8,28.2,268.0,18.4,26.0,4.6
2026-04-08 01:00:00,2026,4,8,1,Lâm Đồng,Xã Đam Rông 1,11.9218728,108.1287087,66,Moderate,1,19.3,95,0.0,3.4,122,897.5,0,27.7,28.1,272.0,18.4,21.0,4.0
2026-04-08 02:00:00,2026,4,8,2,Lâm Đồng,Xã Đam Rông 1,11.9218728,108.1287087,67,Moderate,1,18.9,92,0.0,2.9,133,897.1,5,27.6,27.9,268.0,17.6,19.0,3.5
2026-04-08 03:00:00,2026,4,8,3,Lâm Đồng,Xã Đam Rông 1,11.9218728,108.1287087,68,Moderate,1,18.9,89,0.0,3.3,131,897.1,27,27.4,27.8,262.0,16.2,19.0,2.9
2026-04-08 04:00:00,2026,4,8,4,Lâm Đồng,Xã Đam Rông 1,11.9218728,108.1287087,69,Moderate,1,18.7,88,0.0,3.6,135,897.3,50,27.9,28.4,260.0,14.5,23.0,2.5
2026-04-08 05:00:00,2026,4,8,5,Lâm Đồng,Xã Đam Rông 1,11.9218728,108.1287087,70,Moderate,1,18.9,86,0.0,3.6,135,898.0,0,28.5,29.0,271.0,12.6,29.0,2.2
2026-04-08 06:00:00,2026,4,8,6,Lâm Đồng,Xã Đam Rông 1,11.9218728,108.1287087,71,Moderate,1,18.9,85,0.0,3.8,131,898.5,0,29.5,30.0,287.0,10.4,38.0,1.9
2026-04-08 07:00:00,2026,4,8,7,Lâm Đồng,Xã Đam Rông 1,11.9218728,108.1287087,72,Moderate,1,21.8,75,0.0,3.7,169,900.3,0,39.8,40.2,292.0,10.2,50.0,2.3
2026-04-08 08:00:00,2026,4,8,8,Lâm Đồng,Xã Đam Rông 1,11.9218728,108.1287087,74,Moderate,1,24.2,65,0.0,3.0,194,901.8,3,30.6,31.8,272.0,7.5,77.0,2.9
2026-04-08 09:00:00,2026,4,8,9,Lâm Đồng,Xã Đam Rông 1,11.9218728,108.1287087,75,Moderate,1,26.3,57,0.0,3.8,253,902.7,0,27.9,29.2,241.0,3.8,113.0,3.7
2026-04-08 10:00:00,2026,4,8,10,Lâm Đồng,Xã Đam Rông 1,11.9218728,108.1287087,75,Moderate,1,27.8,51,0.0,3.2,286,902.8,36,24.9,26.1,219.0,1.1,140.0,4.2
2026-04-08 11:00:00,2026,4,8,11,Lâm Đồng,Xã Đam Rông 1,11.9218728,108.1287087,76,Moderate,1,29.3,43,0.0,1.5,291,902.9,41,22.9,24.0,217.0,0.4,147.0,4.0
2026-04-08 12:00:00,2026,4,8,12,Lâm Đồng,Xã Đam Rông 1,11.9218728,108.1287087,76,Moderate,1,30.0,41,0.1,1.3,8,902.1,41,21.6,22.6,223.0,0.8,145.0,3.5
2026-04-08 13:00:00,2026,4,8,13,Lâm Đồng,Xã Đam Rông 1,11.9218728,108.1287087,77,Moderate,1,30.2,38,0.1,3.2,3,901.5,39,20.8,21.9,226.0,1.2,142.0,3.1
2026-04-08 14:00:00,2026,4,8,14,Lâm Đồng,Xã Đam Rông 1,11.9218728,108.1287087,77,Moderate,1,30.0,38,0.2,5.6,327,900.5,52,20.5,21.6,218.0,1.1,143.0,3.0
2026-04-08 15:00:00,2026,4,8,15,Lâm Đồng,Xã Đam Rông 1,11.9218728,108.1287087,78,Moderate,1,30.0,37,0.0,7.5,291,899.6,44,21.0,22.3,206.0,1.0,144.0,3.0
2026-04-08 16:00:00,2026,4,8,16,Lâm Đồng,Xã Đam Rông 1,11.9218728,108.1287087,90,Moderate,1,29.5,37,0.0,5.3,280,899.3,43,21.1,22.3,198.0,1.6,138.0,3.0
2026-04-08 17:00:00,2026,4,8,17,Lâm Đồng,Xã Đam Rông 1,11.9218728,108.1287087,103,Unhealthy for Sensitive Groups,2,27.2,49,0.0,9.7,121,899.4,77,21.3,22.2,199.0,3.3,121.0,3.1
2026-04-08 18:00:00,2026,4,8,18,Lâm Đồng,Xã Đam Rông 1,11.9218728,108.1287087,105,Unhealthy for Sensitive Groups,2,24.0,72,0.0,14.4,131,899.4,60,23.5,24.3,204.0,5.7,99.0,3.2
2026-04-08 19:00:00,2026,4,8,19,Lâm Đồng,Xã Đam Rông 1,11.9218728,108.1287087,96,Moderate,1,22.6,84,0.0,13.7,140,899.2,47,29.8,30.6,207.0,10.5,62.0,3.3
2026-04-08 20:00:00,2026,4,8,20,Lâm Đồng,Xã Đam Rông 1,11.9218728,108.1287087,80,Moderate,1,21.4,91,0.0,12.4,144,899.5,23,29.5,30.3,204.0,10.3,56.0,3.2
2026-04-08 21:00:00,2026,4,8,21,Lâm Đồng,Xã Đam Rông 1,11.9218728,108.1287087,80,Moderate,1,21.0,95,0.0,12.1,147,899.9,77,28.4,29.1,198.0,10.0,48.0,3.0
2026-04-08 22:00:00,2026,4,8,22,Lâm Đồng,Xã Đam Rông 1,11.9218728,108.1287087,81,Moderate,1,20.8,98,0.0,13.2,142,900.0,100,27.1,27.8,194.0,9.6,41.0,2.7
2026-04-08 23:00:00,2026,4,8,23,Lâm Đồng,Xã Đam Rông 1,11.9218728,108.1287087,81,Moderate,1,20.6,98,0.0,12.6,138,900.0,63,25.9,26.5,192.0,9.2,37.0,2.3
2026-04-09 00:00:00,2026,4,9,0,Lâm Đồng,Xã Đam Rông 1,11.9218728,108.1287087,81,Moderate,1,20.1,99,0.0,12.0,137,899.3,67,24.6,25.3,192.0,8.7,36.0,1.8
2026-04-09 01:00:00,2026,4,9,1,Lâm Đồng,Xã Đam Rông 1,11.9218728,108.1287087,80,Moderate,1,19.4,100,0.0,8.7,138,898.5,97,23.8,24.4,196.0,8.0,37.0,1.4
2026-04-09 02:00:00,2026,4,9,2,Lâm Đồng,Xã Đam Rông 1,11.9218728,108.1287087,80,Moderate,1,19.1,100,0.0,7.5,134,898.1,100,22.0,22.8,208.0,6.9,43.0,1.0
2026-04-09 03:00:00,2026,4,9,3,Lâm Đồng,Xã Đam Rông 1,11.9218728,108.1287087,79,Moderate,1,18.8,100,0.0,7.3,138,897.8,100,21.1,21.9,224.0,5.6,52.0,0.8
2026-04-09 04:00:00,2026,4,9,4,Lâm Đồng,Xã Đam Rông 1,11.9218728,108.1287087,79,Moderate,1,18.5,100,0.0,8.9,138,897.8,100,20.3,21.1,238.0,4.6,59.0,0.6
2026-04-09 05:00:00,2026,4,9,5,Lâm Đồng,Xã Đam Rông 1,11.9218728,108.1287087,78,Moderate,1,18.2,100,0.0,8.7,133,898.0,100,19.4,20.1,251.0,4.3,61.0,0.7
2026-04-09 06:00:00,2026,4,9,6,Lâm Đồng,Xã Đam Rông 1,11.9218728,108.1287087,77,Moderate,1,18.1,100,0.0,7.8,134,898.5,100,19.6,20.3,262.0,4.4,60.0,0.9
2026-04-09 07:00:00,2026,4,9,7,Lâm Đồng,Xã Đam Rông 1,11.9218728,108.1287087,77,Moderate,1,20.5,89,0.0,5.2,134,900.4,6,27.5,28.9,266.0,4.8,64.0,1.3
2026-04-09 08:00:00,2026,4,9,8,Lâm Đồng,Xã Đam Rông 1,11.9218728,108.1287087,75,Moderate,1,23.4,74,0.0,2.1,110,902.0,2,25.3,26.7,257.0,3.7,82.0,1.5
2026-04-09 09:00:00,2026,4,9,9,Lâm Đồng,Xã Đam Rông 1,11.9218728,108.1287087,75,Moderate,1,26.3,60,0.0,3.9,323,902.9,0,26.0,27.5,240.0,2.3,107.0,1.8
2026-04-09 10:00:00,2026,4,9,10,Lâm Đồng,Xã Đam Rông 1,11.9218728,108.1287087,75,Moderate,1,28.2,50,0.0,7.8,322,902.9,4,27.9,29.6,225.0,1.2,127.0,2.1
2026-04-09 11:00:00,2026,4,9,11,Lâm Đồng,Xã Đam Rông 1,11.9218728,108.1287087,75,Moderate,1,29.6,43,0.0,7.3,320,902.9,35,29.0,30.6,216.0,0.9,135.0,2.2
2026-04-09 12:00:00,2026,4,9,12,Lâm Đồng,Xã Đam Rông 1,11.9218728,108.1287087,76,Moderate,1,29.9,42,0.1,6.4,302,902.4,43,28.5,29.9,210.0,1.0,138.0,2.3
2026-04-09 13:00:00,2026,4,9,13,Lâm Đồng,Xã Đam Rông 1,11.9218728,108.1287087,76,Moderate,1,30.1,40,0.2,4.6,321,901.7,43,27.2,28.5,205.0,1.1,139.0,2.4
2026-04-09 14:00:00,2026,4,9,14,Lâm Đồng,Xã Đam Rông 1,11.9218728,108.1287087,77,Moderate,1,30.0,41,0.2,1.6,276,900.7,31,26.7,28.0,202.0,1.0,141.0,2.4
2026-04-09 15:00:00,2026,4,9,15,Lâm Đồng,Xã Đam Rông 1,11.9218728,108.1287087,77,Moderate,1,29.7,41,0.1,2.2,194,900.0,29,26.5,27.9,201.0,1.0,141.0,2.4
2026-04-09 16:00:00,2026,4,9,16,Lâm Đồng,Xã Đam Rông 1,11.9218728,108.1287087,81,Moderate,1,29.3,41,0.0,5.6,86,899.5,25,26.7,27.9,199.0,1.5,135.0,2.4
2026-04-09 17:00:00,2026,4,9,17,Lâm Đồng,Xã Đam Rông 1,11.9218728,108.1287087,93,Moderate,1,26.8,53,0.1,3.2,251,899.3,39,26.1,27.1,193.0,2.9,120.0,2.5
2026-04-09 18:00:00,2026,4,9,18,Lâm Đồng,Xã Đam Rông 1,11.9218728,108.1287087,95,Moderate,1,23.5,73,0.2,7.9,169,899.1,2,24.1,24.9,185.0,4.7,99.0,2.7
2026-04-09 19:00:00,2026,4,9,19,Lâm Đồng,Xã Đam Rông 1,11.9218728,108.1287087,89,Moderate,1,22.5,72,0.0,7.7,150,899.3,10,25.5,26.0,182.0,7.5,79.0,3.1
2026-04-09 20:00:00,2026,4,9,20,Lâm Đồng,Xã Đam Rông 1,11.9218728,108.1287087,78,Moderate,1,21.2,76,0.0,9.7,135,899.9,0,23.7,24.3,186.0,8.7,70.0,3.2
2026-04-09 21:00:00,2026,4,9,21,Lâm Đồng,Xã Đam Rông 1,11.9218728,108.1287087,78,Moderate,1,20.0,81,0.0,11.0,138,900.3,0,22.5,22.9,195.0,10.3,57.0,3.4
2026-04-09 22:00:00,2026,4,9,22,Lâm Đồng,Xã Đam Rông 1,11.9218728,108.1287087,77,Moderate,1,19.2,87,0.0,9.0,137,900.4,0,22.2,22.6,200.0,11.5,46.0,3.5
2026-04-09 23:00:00,2026,4,9,23,Lâm Đồng,Xã Đam Rông 1,11.9218728,108.1287087,77,Moderate,1,18.7,90,0.0,8.4,137,899.8,5,21.6,21.9,199.0,11.9,39.0,3.3
2026-04-10 00:00:00,2026,4,10,0,Lâm Đồng,Xã Đam Rông 1,11.9218728,108.1287087,77,Moderate,1,18.3,93,0.0,8.0,144,899.4,3,20.5,20.8,196.0,11.9,34.0,3.0
2026-04-10 01:00:00,2026,4,10,1,Lâm Đồng,Xã Đam Rông 1,11.9218728,108.1287087,76,Moderate,1,17.5,98,0.0,7.4,151,898.6,11,19.3,19.7,193.0,11.7,31.0,2.7
2026-04-10 02:00:00,2026,4,10,2,Lâm Đồng,Xã Đam Rông 1,11.9218728,108.1287087,76,Moderate,1,18.1,98,0.0,6.3,153,898.6,48,18.6,19.0,192.0,11.5,29.0,2.5
2026-04-10 03:00:00,2026,4,10,3,Lâm Đồng,Xã Đam Rông 1,11.9218728,108.1287087,76,Moderate,1,18.1,98,0.0,5.2,149,898.4,64,18.3,18.7,191.0,11.2,30.0,2.4
2026-04-10 04:00:00,2026,4,10,4,Lâm Đồng,Xã Đam Rông 1,11.9218728,108.1287087,75,Moderate,1,18.2,97,0.0,4.7,148,898.6,26,18.3,18.7,196.0,10.6,32.0,2.3
2026-04-10 05:00:00,2026,4,10,5,Lâm Đồng,Xã Đam Rông 1,11.9218728,108.1287087,75,Moderate,1,17.7,99,0.0,3.6,139,898.7,2,19.5,20.0,212.0,9.8,35.0,2.1
2026-04-10 06:00:00,2026,4,10,6,Lâm Đồng,Xã Đam Rông 1,11.9218728,108.1287087,75,Moderate,1,18.0,97,0.0,3.4,133,899.8,3,20.1,20.6,232.0,8.9,40.0,1.8
2026-04-10 07:00:00,2026,4,10,7,Lâm Đồng,Xã Đam Rông 1,11.9218728,108.1287087,75,Moderate,1,21.2,84,0.0,2.3,198,901.2,0,25.2,25.7,243.0,7.4,53.0,1.7
2026-04-10 08:00:00,2026,4,10,8,Lâm Đồng,Xã Đam Rông 1,11.9218728,108.1287087,75,Moderate,1,23.7,70,0.0,3.9,257,902.6,0,18.3,19.2,234.0,5.5,77.0,2.1
2026-04-10 09:00:00,2026,4,10,9,Lâm Đồng,Xã Đam Rông 1,11.9218728,108.1287087,74,Moderate,1,25.6,63,0.0,4.1,270,903.5,1,22.2,23.3,215.0,2.9,111.0,2.7
2026-04-10 10:00:00,2026,4,10,10,Lâm Đồng,Xã Đam Rông 1,11.9218728,108.1287087,74,Moderate,1,27.5,53,0.0,4.8,312,903.5,21,25.8,27.0,202.0,1.0,135.0,3.1
2026-04-10 11:00:00,2026,4,10,11,Lâm Đồng,Xã Đam Rông 1,11.9218728,108.1287087,74,Moderate,1,28.6,47,0.1,6.8,323,903.2,41,27.2,28.5,203.0,0.5,142.0,3.0
2026-04-10 12:00:00,2026,4,10,12,Lâm Đồng,Xã Đam Rông 1,11.9218728,108.1287087,74,Moderate,1,29.4,42,0.1,6.8,310,902.7,28,27.9,29.1,211.0,0.8,139.0,2.6
2026-04-10 13:00:00,2026,4,10,13,Lâm Đồng,Xã Đam Rông 1,11.9218728,108.1287087,74,Moderate,1,30.4,37,0.0,8.5,328,901.6,26,27.6,28.8,217.0,1.1,137.0,2.3
2026-04-10 14:00:00,2026,4,10,14,Lâm Đồng,Xã Đam Rông 1,11.9218728,108.1287087,74,Moderate,1,30.5,35,0.0,7.5,320,900.7,35,27.4,28.5,219.0,0.8,140.0,2.2
2026-04-10 15:00:00,2026,4,10,15,Lâm Đồng,Xã Đam Rông 1,11.9218728,108.1287087,74,Moderate,1,30.0,37,0.0,7.8,302,899.9,57,27.5,28.6,220.0,0.5,143.0,2.1
2026-04-10 16:00:00,2026,4,10,16,Lâm Đồng,Xã Đam Rông 1,11.9218728,108.1287087,84,Moderate,1,29.1,39,0.0,11.0,293,899.3,66,27.5,28.5,223.0,1.5,139.0,2.3
2026-04-10 17:00:00,2026,4,10,17,Lâm Đồng,Xã Đam Rông 1,11.9218728,108.1287087,98,Moderate,1,27.6,46,0.0,8.3,269,899.0,75,28.1,29.2,233.0,5.0,123.0,3.0
2026-04-10 18:00:00,2026,4,10,18,Lâm Đồng,Xã Đam Rông 1,11.9218728,108.1287087,100,Moderate,1,25.2,57,0.0,5.1,163,898.6,63,32.2,33.2,246.0,9.8,100.0,3.9
2026-04-10 19:00:00,2026,4,10,19,Lâm Đồng,Xã Đam Rông 1,11.9218728,108.1287087,93,Moderate,1,22.9,70,0.0,10.1,130,898.9,73,33.4,34.1,253.0,14.7,75.0,4.9
2026-04-10 20:00:00,2026,4,10,20,Lâm Đồng,Xã Đam Rông 1,11.9218728,108.1287087,78,Moderate,1,21.0,85,0.0,10.1,129,899.2,8,36.9,37.7,251.0,16.5,62.0,5.2
2026-04-10 21:00:00,2026,4,10,21,Lâm Đồng,Xã Đam Rông 1,11.9218728,108.1287087,77,Moderate,1,20.3,89,0.0,9.2,132,899.5,2,38.3,38.9,243.0,18.9,45.0,5.6
2026-04-10 22:00:00,2026,4,10,22,Lâm Đồng,Xã Đam Rông 1,11.9218728,108.1287087,78,Moderate,1,19.8,91,0.0,8.7,138,899.3,0,38.3,38.9,236.0,20.4,31.0,5.6
2026-04-10 23:00:00,2026,4,10,23,Lâm Đồng,Xã Đam Rông 1,11.9218728,108.1287087,79,Moderate,1,19.5,92,0.0,9.0,128,899.1,0,38.4,38.9,232.0,20.2,24.0,4.9
2026-04-11 00:00:00,2026,4,11,0,Lâm Đồng,Xã Đam Rông 1,11.9218728,108.1287087,81,Moderate,1,19.2,92,0.0,8.3,134,898.4,0,37.8,38.2,228.0,19.1,20.0,3.8
2026-04-11 01:00:00,2026,4,11,1,Lâm Đồng,Xã Đam Rông 1,11.9218728,108.1287087,82,Moderate,1,18.6,95,0.0,6.2,136,897.7,0,36.1,36.4,227.0,17.7,19.0,2.8
2026-04-11 02:00:00,2026,4,11,2,Lâm Đồng,Xã Đam Rông 1,11.9218728,108.1287087,84,Moderate,1,18.5,93,0.0,5.8,144,897.1,3,35.3,35.6,227.0,15.9,20.0,2.2
2026-04-11 03:00:00,2026,4,11,3,Lâm Đồng,Xã Đam Rông 1,11.9218728,108.1287087,85,Moderate,1,18.2,94,0.0,5.9,140,896.7,0,35.4,35.7,230.0,13.8,24.0,1.8
2026-04-11 04:00:00,2026,4,11,4,Lâm Đồng,Xã Đam Rông 1,11.9218728,108.1287087,87,Moderate,1,17.9,94,0.0,5.4,132,897.0,11,34.9,35.4,236.0,11.8,29.0,1.5
2026-04-11 05:00:00,2026,4,11,5,Lâm Đồng,Xã Đam Rông 1,11.9218728,108.1287087,88,Moderate,1,17.8,94,0.0,4.6,132,897.6,0,34.5,34.9,252.0,10.2,33.0,1.2
2026-04-11 06:00:00,2026,4,11,6,Lâm Đồng,Xã Đam Rông 1,11.9218728,108.1287087,90,Moderate,1,18.1,92,0.0,4.1,131,898.4,0,33.8,34.2,271.0,8.7,39.0,1.0
2026-04-11 07:00:00,2026,4,11,7,Lâm Đồng,Xã Đam Rông 1,11.9218728,108.1287087,91,Moderate,1,21.5,78,0.0,4.4,187,900.1,0,27.8,28.3,277.0,5.2,66.0,0.7
2026-04-11 08:00:00,2026,4,11,8,Lâm Đồng,Xã Đam Rông 1,11.9218728,108.1287087,91,Moderate,1,23.8,63,0.0,5.6,230,901.4,4,21.6,22.2,254.0,4.0,85.0,1.2
2026-04-11 09:00:00,2026,4,11,9,Lâm Đồng,Xã Đam Rông 1,11.9218728,108.1287087,91,Moderate,1,25.5,57,0.0,6.8,245,902.2,8,17.2,17.9,217.0,2.2,111.0,2.0
2026-04-11 10:00:00,2026,4,11,10,Lâm Đồng,Xã Đam Rông 1,11.9218728,108.1287087,91,Moderate,1,26.9,52,0.0,6.5,247,902.4,18,17.3,18.2,193.0,1.0,130.0,2.5
2026-04-11 11:00:00,2026,4,11,11,Lâm Đồng,Xã Đam Rông 1,11.9218728,108.1287087,90,Moderate,1,28.4,47,0.0,5.9,268,902.2,23,18.0,18.9,195.0,0.7,136.0,2.6
2026-04-11 12:00:00,2026,4,11,12,Lâm Đồng,Xã Đam Rông 1,11.9218728,108.1287087,89,Moderate,1,29.5,41,0.0,9.4,275,901.6,27,19.0,20.0,209.0,0.9,135.0,2.6
2026-04-11 13:00:00,2026,4,11,13,Lâm Đồng,Xã Đam Rông 1,11.9218728,108.1287087,89,Moderate,1,30.0,39,0.0,10.4,296,900.7,45,20.3,21.2,221.0,1.1,134.0,2.5
2026-04-11 14:00:00,2026,4,11,14,Lâm Đồng,Xã Đam Rông 1,11.9218728,108.1287087,88,Moderate,1,30.3,38,0.0,8.9,299,899.6,24,21.7,22.6,226.0,0.9,136.0,2.4
2026-04-11 15:00:00,2026,4,11,15,Lâm Đồng,Xã Đam Rông 1,11.9218728,108.1287087,88,Moderate,1,29.6,38,0.0,8.0,304,898.9,25,22.1,23.1,228.0,0.8,138.0,2.2
2026-04-11 16:00:00,2026,4,11,16,Lâm Đồng,Xã Đam Rông 1,11.9218728,108.1287087,87,Moderate,1,28.9,39,0.0,7.1,291,898.1,22,22.4,23.2,232.0,1.5,134.0,2.2
2026-04-11 17:00:00,2026,4,11,17,Lâm Đồng,Xã Đam Rông 1,11.9218728,108.1287087,91,Moderate,1,27.6,44,0.0,3.9,146,897.8,5,22.4,23.3,238.0,3.7,118.0,2.4
2026-04-11 18:00:00,2026,4,11,18,Lâm Đồng,Xã Đam Rông 1,11.9218728,108.1287087,92,Moderate,1,24.5,65,0.0,4.5,137,897.9,19,24.7,25.4,245.0,6.8,96.0,2.8
2026-04-11 19:00:00,2026,4,11,19,Lâm Đồng,Xã Đam Rông 1,11.9218728,108.1287087,85,Moderate,1,22.6,82,0.0,8.4,138,898.1,26,31.4,32.4,252.0,9.0,75.0,3.4
2026-04-11 20:00:00,2026,4,11,20,Lâm Đồng,Xã Đam Rông 1,11.9218728,108.1287087,85,Moderate,1,21.4,90,0.0,6.3,129,898.9,25,32.5,33.4,258.0,10.6,65.0,3.7
2026-04-11 21:00:00,2026,4,11,21,Lâm Đồng,Xã Đam Rông 1,11.9218728,108.1287087,85,Moderate,1,20.7,94,0.0,7.6,133,899.1,4,33.1,33.9,263.0,12.9,52.0,4.2
2026-04-11 22:00:00,2026,4,11,22,Lâm Đồng,Xã Đam Rông 1,11.9218728,108.1287087,84,Moderate,1,20.3,95,0.0,8.7,133,898.9,1,33.8,34.6,268.0,14.6,40.0,4.3
2026-04-11 23:00:00,2026,4,11,23,Lâm Đồng,Xã Đam Rông 1,11.9218728,108.1287087,84,Moderate,1,19.6,97,0.0,7.8,132,898.5,0,34.6,35.3,274.0,15.4,32.0,3.9
2026-04-12 00:00:00,2026,4,12,0,Lâm Đồng,Xã Đam Rông 1,11.9218728,108.1287087,84,Moderate,1,19.3,98,0.0,5.9,133,897.7,0,34.6,35.3,280.0,15.7,27.0,3.3
2026-04-12 01:00:00,2026,4,12,1,Lâm Đồng,Xã Đam Rông 1,11.9218728,108.1287087,83,Moderate,1,19.7,98,0.0,5.3,142,897.3,8,34.7,35.3,280.0,15.4,24.0,2.6
2026-04-12 02:00:00,2026,4,12,2,Lâm Đồng,Xã Đam Rông 1,11.9218728,108.1287087,83,Moderate,1,19.3,98,0.0,4.5,140,896.7,38,35.0,35.6,267.0,14.2,23.0,2.0
2026-04-12 03:00:00,2026,4,12,3,Lâm Đồng,Xã Đam Rông 1,11.9218728,108.1287087,83,Moderate,1,18.9,100,0.0,4.9,141,896.4,54,34.6,35.0,247.0,12.3,25.0,1.4
2026-04-12 04:00:00,2026,4,12,4,Lâm Đồng,Xã Đam Rông 1,11.9218728,108.1287087,83,Moderate,1,18.7,100,0.0,4.5,143,896.4,59,33.6,34.1,236.0,10.3,31.0,1.0
2026-04-12 05:00:00,2026,4,12,5,Lâm Đồng,Xã Đam Rông 1,11.9218728,108.1287087,83,Moderate,1,19.1,98,0.0,5.1,174,897.7,23,32.5,33.1,243.0,8.3,41.0,0.7
2026-04-12 06:00:00,2026,4,12,6,Lâm Đồng,Xã Đam Rông 1,11.9218728,108.1287087,83,Moderate,1,19.3,97,0.0,3.7,157,898.5,58,29.1,29.8,260.0,6.2,56.0,0.6
2026-04-12 07:00:00,2026,4,12,7,Lâm Đồng,Xã Đam Rông 1,11.9218728,108.1287087,82,Moderate,1,21.8,84,0.0,2.5,184,899.6,0,28.1,28.6,270.0,6.3,57.0,0.8
2026-04-12 08:00:00,2026,4,12,8,Lâm Đồng,Xã Đam Rông 1,11.9218728,108.1287087,82,Moderate,1,24.2,70,0.0,2.7,212,900.8,0,28.1,29.3,267.0,4.7,83.0,1.8
2026-04-12 09:00:00,2026,4,12,9,Lâm Đồng,Xã Đam Rông 1,11.9218728,108.1287087,83,Moderate,1,26.2,61,0.0,3.2,218,901.6,2,29.8,31.2,259.0,2.6,118.0,3.2
2026-04-12 10:00:00,2026,4,12,10,Lâm Đồng,Xã Đam Rông 1,11.9218728,108.1287087,84,Moderate,1,27.8,52,0.0,3.8,185,901.6,29,30.5,31.9,252.0,1.0,143.0,4.1
2026-04-12 11:00:00,2026,4,12,11,Lâm Đồng,Xã Đam Rông 1,11.9218728,108.1287087,85,Moderate,1,29.2,45,0.0,4.5,203,901.4,32,29.2,30.6,248.0,0.6,149.0,4.0
2026-04-12 12:00:00,2026,4,12,12,Lâm Đồng,Xã Đam Rông 1,11.9218728,108.1287087,86,Moderate,1,30.0,42,0.0,4.0,238,900.7,35,28.6,29.9,245.0,0.7,145.0,3.5
2026-04-12 13:00:00,2026,4,12,13,Lâm Đồng,Xã Đam Rông 1,11.9218728,108.1287087,87,Moderate,1,30.2,40,0.1,5.8,266,899.9,35,28.8,30.0,244.0,0.9,141.0,3.0
2026-04-12 14:00:00,2026,4,12,14,Lâm Đồng,Xã Đam Rông 1,11.9218728,108.1287087,88,Moderate,1,29.3,44,0.2,5.2,258,898.7,30,29.3,30.6,244.0,0.7,141.0,2.7
2026-04-12 15:00:00,2026,4,12,15,Lâm Đồng,Xã Đam Rông 1,11.9218728,108.1287087,89,Moderate,1,29.3,44,0.1,2.8,215,898.1,33,29.1,30.4,246.0,0.6,139.0,2.5
2026-04-12 16:00:00,2026,4,12,16,Lâm Đồng,Xã Đam Rông 1,11.9218728,108.1287087,92,Moderate,1,28.3,45,0.1,5.1,198,897.7,47,30.0,31.2,249.0,1.3,132.0,2.4
2026-04-12 17:00:00,2026,4,12,17,Lâm Đồng,Xã Đam Rông 1,11.9218728,108.1287087,102,Unhealthy for Sensitive Groups,2,27.1,50,0.0,6.5,231,897.7,45,29.9,31.1,253.0,3.4,114.0,2.6
2026-04-12 18:00:00,2026,4,12,18,Lâm Đồng,Xã Đam Rông 1,11.9218728,108.1287087,101,Unhealthy for Sensitive Groups,2,24.7,62,0.0,6.0,177,897.6,23,30.5,31.4,258.0,6.2,90.0,2.9
2026-04-12 19:00:00,2026,4,12,19,Lâm Đồng,Xã Đam Rông 1,11.9218728,108.1287087,91,Moderate,1,21.9,91,0.0,8.6,149,897.4,10,39.7,40.6,260.0,8.9,70.0,3.4
2026-04-12 20:00:00,2026,4,12,20,Lâm Đồng,Xã Đam Rông 1,11.9218728,108.1287087,92,Moderate,1,21.5,92,0.0,8.5,148,898.3,7,40.4,41.2,256.0,10.4,59.0,3.5
2026-04-12 21:00:00,2026,4,12,21,Lâm Đồng,Xã Đam Rông 1,11.9218728,108.1287087,93,Moderate,1,20.8,96,0.0,9.6,142,898.6,52,40.7,41.6,249.0,12.5,45.0,3.6
2026-04-12 22:00:00,2026,4,12,22,Lâm Đồng,Xã Đam Rông 1,11.9218728,108.1287087,93,Moderate,1,20.8,96,0.0,8.1,137,899.3,73,41.6,42.3,243.0,13.7,34.0,3.6
2026-04-12 23:00:00,2026,4,12,23,Lâm Đồng,Xã Đam Rông 1,11.9218728,108.1287087,94,Moderate,1,20.4,98,0.0,8.7,140,899.0,83,41.3,42.0,238.0,13.4,30.0,3.2
2026-04-13 00:00:00,2026,4,13,0,Lâm Đồng,Xã Đam Rông 1,11.9218728,108.1287087,94,Moderate,1,20.3,99,0.0,8.0,146,898.5,84,40.7,41.4,232.0,12.3,30.0,2.7
2026-04-13 01:00:00,2026,4,13,1,Lâm Đồng,Xã Đam Rông 1,11.9218728,108.1287087,95,Moderate,1,20.4,100,0.0,6.4,151,897.9,98,39.5,40.3,229.0,11.0,33.0,2.2
2026-04-13 02:00:00,2026,4,13,2,Lâm Đồng,Xã Đam Rông 1,11.9218728,108.1287087,95,Moderate,1,20.3,100,0.0,7.4,151,897.7,100,34.2,35.4,228.0,9.4,38.0,1.7
2026-04-13 03:00:00,2026,4,13,3,Lâm Đồng,Xã Đam Rông 1,11.9218728,108.1287087,95,Moderate,1,20.2,100,0.0,7.5,147,897.4,99,32.0,33.1,229.0,7.5,46.0,1.3
2026-04-13 04:00:00,2026,4,13,4,Lâm Đồng,Xã Đam Rông 1,11.9218728,108.1287087,95,Moderate,1,20.0,100,0.0,7.1,146,897.6,97,30.2,31.2,230.0,6.0,53.0,1.0
2026-04-13 05:00:00,2026,4,13,5,Lâm Đồng,Xã Đam Rông 1,11.9218728,108.1287087,95,Moderate,1,19.8,99,0.0,5.3,147,898.3,98,29.3,30.3,231.0,5.2,58.0,0.9
2026-04-13 06:00:00,2026,4,13,6,Lâm Đồng,Xã Đam Rông 1,11.9218728,108.1287087,95,Moderate,1,19.7,99,0.0,5.9,157,898.9,98,28.7,29.7,232.0,4.8,62.0,1.0
2026-04-13 07:00:00,2026,4,13,7,Lâm Đồng,Xã Đam Rông 1,11.9218728,108.1287087,95,Moderate,1,21.1,90,0.0,4.9,147,900.1,22,23.6,24.6,232.0,3.6,79.0,0.8
2026-04-13 08:00:00,2026,4,13,8,Lâm Đồng,Xã Đam Rông 1,11.9218728,108.1287087,94,Moderate,1,23.4,79,0.0,4.4,161,901.5,21,24.0,25.1,231.0,2.9,92.0,1.0
2026-04-13 09:00:00,2026,4,13,9,Lâm Đồng,Xã Đam Rông 1,11.9218728,108.1287087,94,Moderate,1,25.7,67,0.0,3.9,196,902.3,19,25.5,26.7,229.0,1.8,111.0,1.3
2026-04-13 10:00:00,2026,4,13,10,Lâm Đồng,Xã Đam Rông 1,11.9218728,108.1287087,93,Moderate,1,27.3,58,0.1,1.2,243,902.4,27,26.8,28.1,229.0,1.1,125.0,1.5
2026-04-13 11:00:00,2026,4,13,11,Lâm Đồng,Xã Đam Rông 1,11.9218728,108.1287087,93,Moderate,1,28.7,51,0.0,2.8,255,902.2,36,29.9,31.3,233.0,0.9,131.0,1.7
2026-04-13 12:00:00,2026,4,13,12,Lâm Đồng,Xã Đam Rông 1,11.9218728,108.1287087,93,Moderate,1,29.6,47,0.0,3.8,262,901.6,36,29.4,30.7,238.0,1.0,133.0,1.8
2026-04-13 13:00:00,2026,4,13,13,Lâm Đồng,Xã Đam Rông 1,11.9218728,108.1287087,93,Moderate,1,29.6,47,0.3,4.3,303,901.0,50,30.4,31.7,241.0,1.1,133.0,1.8
2026-04-13 14:00:00,2026,4,13,14,Lâm Đồng,Xã Đam Rông 1,11.9218728,108.1287087,93,Moderate,1,28.5,50,0.2,2.3,270,899.8,40,30.9,32.1,239.0,1.0,133.0,1.7
2026-04-13 15:00:00,2026,4,13,15,Lâm Đồng,Xã Đam Rông 1,11.9218728,108.1287087,93,Moderate,1,29.2,47,0.0,4.4,235,899.3,27,31.3,32.6,235.0,1.0,132.0,1.5
2026-04-13 16:00:00,2026,4,13,16,Lâm Đồng,Xã Đam Rông 1,11.9218728,108.1287087,94,Moderate,1,26.7,55,0.2,5.2,151,898.9,63,31.0,32.0,229.0,1.6,125.0,1.5
2026-04-13 17:00:00,2026,4,13,17,Lâm Đồng,Xã Đam Rông 1,11.9218728,108.1287087,94,Moderate,1,24.3,69,0.1,8.3,146,898.9,38,29.7,30.7,220.0,3.3,110.0,1.7
2026-04-13 18:00:00,2026,4,13,18,Lâm Đồng,Xã Đam Rông 1,11.9218728,108.1287087,94,Moderate,1,22.7,79,0.0,6.9,123,899.0,34,29.5,30.3,210.0,5.5,90.0,2.0
2026-04-13 19:00:00,2026,4,13,19,Lâm Đồng,Xã Đam Rông 1,11.9218728,108.1287087,94,Moderate,1,21.6,97,0.0,5.5,128,899.3,30,52.3,53.9,207.0,9.6,63.0,2.6
2026-04-13 20:00:00,2026,4,13,20,Lâm Đồng,Xã Đam Rông 1,11.9218728,108.1287087,95,Moderate,1,21.1,97,0.0,7.0,134,899.6,26,51.3,52.7,217.0,11.1,54.0,2.9
2026-04-13 21:00:00,2026,4,13,21,Lâm Đồng,Xã Đam Rông 1,11.9218728,108.1287087,96,Moderate,1,20.5,98,0.0,5.5,139,899.8,2,50.9,52.0,234.0,13.2,42.0,3.2
2026-04-13 22:00:00,2026,4,13,22,Lâm Đồng,Xã Đam Rông 1,11.9218728,108.1287087,97,Moderate,1,20.0,98,0.0,5.9,128,900.0,6,51.1,52.2,247.0,14.7,32.0,3.3
2026-04-13 23:00:00,2026,4,13,23,Lâm Đồng,Xã Đam Rông 1,11.9218728,108.1287087,97,Moderate,1,19.5,99,0.0,5.0,116,899.5,9,51.0,51.9,254.0,15.2,26.0,2.9
2026-04-14 00:00:00,2026,4,14,0,Lâm Đồng,Xã Đam Rông 1,11.9218728,108.1287087,98,Moderate,1,19.2,100,0.0,3.5,125,898.7,34,50.4,51.3,257.0,15.0,23.0,2.3
2026-04-14 01:00:00,2026,4,14,1,Lâm Đồng,Xã Đam Rông 1,11.9218728,108.1287087,99,Moderate,1,19.4,99,0.0,0.8,117,898.3,42,50.8,51.8,253.0,14.3,23.0,1.7
2026-04-14 02:00:00,2026,4,14,2,Lâm Đồng,Xã Đam Rông 1,11.9218728,108.1287087,100,Moderate,1,19.2,100,0.0,1.0,112,898.1,47,49.1,50.2,235.0,12.9,25.0,1.2
2026-04-14 03:00:00,2026,4,14,3,Lâm Đồng,Xã Đam Rông 1,11.9218728,108.1287087,102,Unhealthy for Sensitive Groups,2,19.1,100,0.0,0.7,104,897.4,98,48.2,49.2,210.0,10.9,30.0,0.8
2026-04-14 04:00:00,2026,4,14,4,Lâm Đồng,Xã Đam Rông 1,11.9218728,108.1287087,103,Unhealthy for Sensitive Groups,2,18.7,100,0.0,1.1,108,897.3,98,45.9,46.9,192.0,9.0,38.0,0.6
2026-04-14 05:00:00,2026,4,14,5,Lâm Đồng,Xã Đam Rông 1,11.9218728,108.1287087,105,Unhealthy for Sensitive Groups,2,18.5,100,0.0,1.3,124,898.0,98,44.5,45.6,189.0,7.4,49.0,0.7
2026-04-14 06:00:00,2026,4,14,6,Lâm Đồng,Xã Đam Rông 1,11.9218728,108.1287087,107,Unhealthy for Sensitive Groups,2,18.7,100,0.0,2.1,121,898.8,98,44.0,45.1,194.0,6.0,62.0,1.1
2026-04-14 07:00:00,2026,4,14,7,Lâm Đồng,Xã Đam Rông 1,11.9218728,108.1287087,108,Unhealthy for Sensitive Groups,2,22.3,86,0.0,0.3,135,900.1,0,47.5,48.8,201.0,5.6,67.0,1.1
2026-04-14 08:00:00,2026,4,14,8,Lâm Đồng,Xã Đam Rông 1,11.9218728,108.1287087,111,Unhealthy for Sensitive Groups,2,24.7,73,0.0,2.0,350,901.6,2,47.5,49.0,208.0,4.3,86.0,1.4
2026-04-14 09:00:00,2026,4,14,9,Lâm Đồng,Xã Đam Rông 1,11.9218728,108.1287087,113,Unhealthy for Sensitive Groups,2,26.5,62,0.0,5.9,23,902.4,31,47.7,49.6,217.0,2.5,112.0,1.9
2026-04-14 10:00:00,2026,4,14,10,Lâm Đồng,Xã Đam Rông 1,11.9218728,108.1287087,116,Unhealthy for Sensitive Groups,2,28.1,53,0.0,6.1,14,902.2,38,51.2,53.2,224.0,1.2,132.0,2.2
2026-04-14 11:00:00,2026,4,14,11,Lâm Đồng,Xã Đam Rông 1,11.9218728,108.1287087,118,Unhealthy for Sensitive Groups,2,28.9,49,0.2,4.9,2,901.9,44,51.3,53.2,230.0,0.8,142.0,2.4
2026-04-14 12:00:00,2026,4,14,12,Lâm Đồng,Xã Đam Rông 1,11.9218728,108.1287087,120,Unhealthy for Sensitive Groups,2,29.6,49,0.5,2.6,344,901.7,32,52.7,54.6,234.0,1.0,147.0,2.5
2026-04-14 13:00:00,2026,4,14,13,Lâm Đồng,Xã Đam Rông 1,11.9218728,108.1287087,123,Unhealthy for Sensitive Groups,2,28.3,51,0.0,0.4,180,900.2,39,51.0,52.6,236.0,1.3,148.0,2.5
2026-04-14 14:00:00,2026,4,14,14,Lâm Đồng,Xã Đam Rông 1,11.9218728,108.1287087,125,Unhealthy for Sensitive Groups,2,28.8,52,0.0,2.1,160,899.6,99,50.4,52.2,234.0,1.7,144.0,2.5
2026-04-14 15:00:00,2026,4,14,15,Lâm Đồng,Xã Đam Rông 1,11.9218728,108.1287087,127,Unhealthy for Sensitive Groups,2,29.4,48,0.0,3.8,221,899.0,100,53.1,54.6,230.0,2.3,136.0,2.4
2026-04-14 16:00:00,2026,4,14,16,Lâm Đồng,Xã Đam Rông 1,11.9218728,108.1287087,129,Unhealthy for Sensitive Groups,2,22.8,89,2.2,4.0,267,898.2,81,49.9,51.3,229.0,3.2,127.0,2.4
2026-04-14 17:00:00,2026,4,14,17,Lâm Đồng,Xã Đam Rông 1,11.9218728,108.1287087,131,Unhealthy for Sensitive Groups,2,23.3,91,0.1,4.4,150,897.8,16,48.8,49.9,235.0,4.7,116.0,2.6
2026-04-14 18:00:00,2026,4,14,18,Lâm Đồng,Xã Đam Rông 1,11.9218728,108.1287087,133,Unhealthy for Sensitive Groups,2,22.3,94,0.0,5.6,119,897.6,9,48.5,49.7,245.0,6.5,104.0,2.8
2026-04-14 19:00:00,2026,4,14,19,Lâm Đồng,Xã Đam Rông 1,11.9218728,108.1287087,135,Unhealthy for Sensitive Groups,2,21.5,94,0.0,5.8,146,897.7,8,49.9,50.9,253.0,8.4,91.0,3.1
2026-04-14 20:00:00,2026,4,14,20,Lâm Đồng,Xã Đam Rông 1,11.9218728,108.1287087,135,Unhealthy for Sensitive Groups,2,20.5,96,0.0,6.2,139,898.2,2,49.9,50.8,256.0,10.3,78.0,3.6
