timestamp,year,month,day,hour,province,location,lat,lon,aqi,pollution_level,pollution_class,temp,humidity,rain,wind_speed,wind_dir,pressure,cloud,pm2_5,pm10,co,no2,o3,so2
2026-04-14 00:00:00,2026,4,14,0,Thanh Hóa,Xã Cẩm Vân,20.1520516,105.4506092,165.0,Unhealthy,3,26.8,92,0.0,3.3,84,999.2,76,46.1,49.5,354.0,19.5,95.0,8.4
2026-04-14 01:00:00,2026,4,14,1,Thanh Hóa,Xã Cẩm Vân,20.1520516,105.4506092,165.0,Unhealthy,3,26.6,93,0.0,1.8,53,998.7,73,53.3,57.3,354.0,22.1,85.0,8.5
2026-04-14 02:00:00,2026,4,14,2,Thanh Hóa,Xã Cẩm Vân,20.1520516,105.4506092,164.0,Unhealthy,3,26.3,94,0.0,2.5,90,997.8,68,61.2,65.7,359.0,24.9,73.0,8.3
2026-04-14 03:00:00,2026,4,14,3,Thanh Hóa,Xã Cẩm Vân,20.1520516,105.4506092,164.0,Unhealthy,3,26.0,96,0.0,1.9,68,997.7,66,68.2,72.9,369.0,27.6,62.0,7.9
2026-04-14 04:00:00,2026,4,14,4,Thanh Hóa,Xã Cẩm Vân,20.1520516,105.4506092,163.0,Unhealthy,3,25.8,97,0.0,2.3,72,997.9,77,74.3,78.9,385.0,29.1,55.0,7.5
2026-04-14 05:00:00,2026,4,14,5,Thanh Hóa,Xã Cẩm Vân,20.1520516,105.4506092,163.0,Unhealthy,3,25.7,97,0.0,1.3,56,998.6,71,79.4,84.3,409.0,28.9,50.0,7.0
2026-04-14 06:00:00,2026,4,14,6,Thanh Hóa,Xã Cẩm Vân,20.1520516,105.4506092,162.0,Unhealthy,3,25.6,98,0.0,1.4,90,999.2,78,84.5,89.4,441.0,27.4,50.0,6.6
2026-04-14 07:00:00,2026,4,14,7,Thanh Hóa,Xã Cẩm Vân,20.1520516,105.4506092,162.0,Unhealthy,3,26.5,95,0.0,1.8,53,999.8,90,88.9,93.1,478.0,24.5,67.0,6.8
2026-04-14 08:00:00,2026,4,14,8,Thanh Hóa,Xã Cẩm Vân,20.1520516,105.4506092,161.0,Unhealthy,3,27.8,88,0.0,2.0,45,1000.6,79,88.7,92.4,530.0,19.1,115.0,8.2
2026-04-14 09:00:00,2026,4,14,9,Thanh Hóa,Xã Cẩm Vân,20.1520516,105.4506092,160.0,Unhealthy,3,29.4,80,0.0,3.2,90,1000.8,56,87.3,93.4,588.0,12.3,179.0,10.3
2026-04-14 09:00:00,2026,4,14,9,Thanh Hóa,Xã Cẩm Vân,20.1520516,105.4506092,163.0,Unhealthy,3,29.5,80,0.0,2.9,83,1001.2,60,93.6,100.1,588.0,13.3,171.0,10.9
2026-04-14 10:00:00,2026,4,14,10,Thanh Hóa,Xã Cẩm Vân,20.1520516,105.4506092,159.0,Unhealthy,3,30.9,75,0.0,3.9,68,1000.7,61,87.1,94.5,625.0,7.2,233.0,11.8
2026-04-14 10:00:00,2026,4,14,10,Thanh Hóa,Xã Cẩm Vân,20.1520516,105.4506092,162.0,Unhealthy,3,31.0,76,0.0,3.4,58,1000.9,62,88.9,96.9,625.0,7.7,223.0,12.4
2026-04-14 11:00:00,2026,4,14,11,Thanh Hóa,Xã Cẩm Vân,20.1520516,105.4506092,162.0,Unhealthy,3,32.6,70,0.0,6.4,47,1000.6,45,87.3,95.7,631.0,5.8,257.0,12.7
2026-04-14 11:00:00,2026,4,14,11,Thanh Hóa,Xã Cẩm Vân,20.1520516,105.4506092,159.0,Unhealthy,3,32.5,71,0.0,5.8,60,1000.5,44,85.7,93.6,631.0,5.4,267.0,12.3
2026-04-14 12:00:00,2026,4,14,12,Thanh Hóa,Xã Cẩm Vân,20.1520516,105.4506092,161.0,Unhealthy,3,34.0,66,0.0,10.2,80,999.5,51,84.1,92.0,616.0,5.7,283.0,12.5
2026-04-14 12:00:00,2026,4,14,12,Thanh Hóa,Xã Cẩm Vân,20.1520516,105.4506092,158.0,Unhealthy,3,33.8,67,0.0,10.1,84,999.5,43,81.5,89.2,616.0,5.3,290.0,12.2
2026-04-14 13:00:00,2026,4,14,13,Thanh Hóa,Xã Cẩm Vân,20.1520516,105.4506092,160.0,Unhealthy,3,34.9,63,0.0,10.4,92,998.4,59,78.9,85.9,587.0,6.0,295.0,12.4
2026-04-14 13:00:00,2026,4,14,13,Thanh Hóa,Xã Cẩm Vân,20.1520516,105.4506092,157.0,Unhealthy,3,34.9,64,0.0,10.8,86,998.1,48,75.9,82.9,587.0,5.6,300.0,12.1
2026-04-14 14:00:00,2026,4,14,14,Thanh Hóa,Xã Cẩm Vân,20.1520516,105.4506092,177.0,Unhealthy,3,35.7,58,0.0,14.8,104,996.7,24,69.6,75.7,538.0,5.8,294.0,12.1
2026-04-14 14:00:00,2026,4,14,14,Thanh Hóa,Xã Cẩm Vân,20.1520516,105.4506092,170.0,Unhealthy,3,35.4,59,0.0,14.3,118,997.3,100,73.1,79.2,538.0,6.2,291.0,12.7
2026-04-14 15:00:00,2026,4,14,15,Thanh Hóa,Xã Cẩm Vân,20.1520516,105.4506092,207.0,Very Unhealthy,4,35.6,60,0.0,13.1,99,995.9,100,62.6,68.2,474.0,6.5,275.0,12.1
2026-04-14 15:00:00,2026,4,14,15,Thanh Hóa,Xã Cẩm Vân,20.1520516,105.4506092,203.0,Very Unhealthy,4,35.4,61,0.0,15.6,98,996.1,36,65.7,70.8,474.0,6.9,274.0,13.0
2026-04-14 16:00:00,2026,4,14,16,Thanh Hóa,Xã Cẩm Vân,20.1520516,105.4506092,217.0,Very Unhealthy,4,34.2,62,0.0,17.9,109,996.1,28,56.3,59.5,421.0,7.9,252.0,12.9
2026-04-14 16:00:00,2026,4,14,16,Thanh Hóa,Xã Cẩm Vân,20.1520516,105.4506092,221.0,Very Unhealthy,4,30.7,76,8.9,7.3,70,996.9,100,54.2,57.9,421.0,7.6,251.0,11.8
2026-04-14 17:00:00,2026,4,14,17,Thanh Hóa,Xã Cẩm Vân,20.1520516,105.4506092,227.0,Very Unhealthy,4,32.5,61,0.0,14.2,111,996.5,42,47.0,48.5,390.0,9.6,224.0,11.8
2026-04-14 17:00:00,2026,4,14,17,Thanh Hóa,Xã Cẩm Vân,20.1520516,105.4506092,230.0,Very Unhealthy,4,31.4,75,0.0,5.0,69,996.3,46,45.4,47.3,390.0,9.5,221.0,11.0
2026-04-14 18:00:00,2026,4,14,18,Thanh Hóa,Xã Cẩm Vân,20.1520516,105.4506092,230.0,Very Unhealthy,4,30.8,68,0.0,13.5,115,996.6,100,39.9,41.6,369.0,11.7,191.0,10.2
2026-04-14 18:00:00,2026,4,14,18,Thanh Hóa,Xã Cẩm Vân,20.1520516,105.4506092,233.0,Very Unhealthy,4,30.4,77,0.0,8.7,107,996.3,82,38.1,39.6,369.0,12.0,187.0,9.9
2026-04-14 19:00:00,2026,4,14,19,Thanh Hóa,Xã Cẩm Vân,20.1520516,105.4506092,229.0,Very Unhealthy,4,28.8,82,0.0,8.7,120,997.1,59,33.8,35.7,351.0,13.7,159.0,9.0
2026-04-14 19:00:00,2026,4,14,19,Thanh Hóa,Xã Cẩm Vân,20.1520516,105.4506092,228.0,Very Unhealthy,4,29.2,78,0.0,8.9,122,997.6,57,36.0,38.1,351.0,13.4,163.0,8.9
2026-04-14 20:00:00,2026,4,14,20,Thanh Hóa,Xã Cẩm Vân,20.1520516,105.4506092,222.0,Very Unhealthy,4,28.3,83,0.0,5.9,128,998.3,74,35.5,38.3,333.0,14.0,144.0,8.2
2026-04-14 20:00:00,2026,4,14,20,Thanh Hóa,Xã Cẩm Vân,20.1520516,105.4506092,222.0,Very Unhealthy,4,28.0,86,0.0,6.7,106,997.9,89,32.4,35.2,333.0,14.0,142.0,8.3
2026-04-14 21:00:00,2026,4,14,21,Thanh Hóa,Xã Cẩm Vân,20.1520516,105.4506092,212.0,Very Unhealthy,4,27.5,89,0.0,4.4,99,998.5,69,32.2,35.5,319.0,13.6,131.0,7.7
2026-04-14 21:00:00,2026,4,14,21,Thanh Hóa,Xã Cẩm Vân,20.1520516,105.4506092,213.0,Very Unhealthy,4,27.7,87,0.0,5.7,108,998.7,85,35.9,39.0,319.0,14.2,131.0,7.8
2026-04-14 22:00:00,2026,4,14,22,Thanh Hóa,Xã Cẩm Vân,20.1520516,105.4506092,202.0,Very Unhealthy,4,27.3,89,0.0,4.0,80,998.8,85,37.5,40.9,308.0,15.0,120.0,7.7
2026-04-14 22:00:00,2026,4,14,22,Thanh Hóa,Xã Cẩm Vân,20.1520516,105.4506092,201.0,Very Unhealthy,4,27.1,91,0.0,4.7,113,998.5,84,32.4,35.7,308.0,13.9,122.0,7.3
2026-04-14 23:00:00,2026,4,14,23,Thanh Hóa,Xã Cẩm Vân,20.1520516,105.4506092,175.0,Unhealthy,3,26.8,93,0.0,4.7,99,998.3,78,32.4,35.9,300.0,15.2,115.0,7.3
2026-04-14 23:00:00,2026,4,14,23,Thanh Hóa,Xã Cẩm Vân,20.1520516,105.4506092,176.0,Unhealthy,3,27.1,90,0.0,4.3,85,998.6,91,39.3,43.0,300.0,16.7,113.0,8.0
2026-04-15 00:00:00,2026,4,15,0,Thanh Hóa,Xã Cẩm Vân,20.1520516,105.4506092,154.0,Unhealthy,3,26.5,94,0.0,4.4,81,997.7,95,33.6,37.1,296.0,17.2,110.0,7.6
2026-04-15 00:00:00,2026,4,15,0,Thanh Hóa,Xã Cẩm Vân,20.1520516,105.4506092,155.0,Unhealthy,3,26.8,91,0.0,3.7,101,998.1,86,41.2,45.1,296.0,19.0,108.0,8.5
2026-04-15 01:00:00,2026,4,15,1,Thanh Hóa,Xã Cẩm Vân,20.1520516,105.4506092,153.0,Unhealthy,3,26.5,94,0.0,2.3,18,997.5,89,38.1,41.8,297.0,19.6,103.0,7.9
2026-04-15 01:00:00,2026,4,15,1,Thanh Hóa,Xã Cẩm Vân,20.1520516,105.4506092,155.0,Unhealthy,3,26.5,93,0.0,2.6,56,997.8,82,45.6,49.7,297.0,21.6,100.0,8.8
2026-04-15 02:00:00,2026,4,15,2,Thanh Hóa,Xã Cẩm Vân,20.1520516,105.4506092,153.0,Unhealthy,3,26.4,94,0.0,2.3,51,997.0,86,44.7,48.7,305.0,23.1,90.0,8.2
2026-04-15 02:00:00,2026,4,15,2,Thanh Hóa,Xã Cẩm Vân,20.1520516,105.4506092,155.0,Unhealthy,3,26.3,93,0.0,2.4,63,997.3,70,53.0,57.3,305.0,25.1,84.0,8.4
2026-04-15 03:00:00,2026,4,15,3,Thanh Hóa,Xã Cẩm Vân,20.1520516,105.4506092,153.0,Unhealthy,3,26.2,96,0.0,2.1,59,996.6,84,51.5,55.5,319.0,27.0,75.0,8.5
2026-04-15 03:00:00,2026,4,15,3,Thanh Hóa,Xã Cẩm Vân,20.1520516,105.4506092,155.0,Unhealthy,3,26.1,95,0.0,2.1,59,996.9,84,59.8,64.3,319.0,29.0,65.0,7.7
2026-04-15 04:00:00,2026,4,15,4,Thanh Hóa,Xã Cẩm Vân,20.1520516,105.4506092,155.0,Unhealthy,3,26.0,95,0.0,2.3,72,997.0,89,65.7,70.1,336.0,30.9,53.0,7.2
2026-04-15 04:00:00,2026,4,15,4,Thanh Hóa,Xã Cẩm Vân,20.1520516,105.4506092,152.0,Unhealthy,3,26.1,96,0.0,1.8,79,996.8,91,57.6,61.9,336.0,29.4,64.0,8.4
2026-04-15 05:00:00,2026,4,15,5,Thanh Hóa,Xã Cẩm Vân,20.1520516,105.4506092,152.0,Unhealthy,3,26.0,97,0.0,1.8,90,997.1,92,67.3,71.5,358.0,29.4,56.0,7.4
2026-04-15 05:00:00,2026,4,15,5,Thanh Hóa,Xã Cẩm Vân,20.1520516,105.4506092,155.0,Unhealthy,3,25.9,95,0.0,2.5,90,997.4,88,71.5,75.9,358.0,29.8,49.0,6.8
2026-04-15 06:00:00,2026,4,15,6,Thanh Hóa,Xã Cẩm Vân,20.1520516,105.4506092,154.0,Unhealthy,3,26.0,96,0.0,1.8,101,998.1,82,76.6,81.0,382.0,26.8,52.0,6.5
2026-04-15 06:00:00,2026,4,15,6,Thanh Hóa,Xã Cẩm Vân,20.1520516,105.4506092,152.0,Unhealthy,3,26.0,97,0.0,1.8,79,997.8,88,78.9,81.5,382.0,27.8,52.0,6.1
2026-04-15 07:00:00,2026,4,15,7,Thanh Hóa,Xã Cẩm Vân,20.1520516,105.4506092,154.0,Unhealthy,3,26.7,92,0.0,2.4,63,998.9,90,75.0,79.6,405.0,22.9,71.0,6.8
2026-04-15 07:00:00,2026,4,15,7,Thanh Hóa,Xã Cẩm Vân,20.1520516,105.4506092,151.0,Unhealthy,3,26.6,94,0.0,2.9,60,998.6,92,78.7,81.3,405.0,24.8,66.0,5.8
2026-04-15 08:00:00,2026,4,15,8,Thanh Hóa,Xã Cẩm Vân,20.1520516,105.4506092,153.0,Unhealthy,3,27.5,88,0.0,2.6,74,999.6,93,75.2,80.1,423.0,17.7,117.0,8.4
2026-04-15 08:00:00,2026,4,15,8,Thanh Hóa,Xã Cẩm Vân,20.1520516,105.4506092,151.0,Unhealthy,3,27.6,90,0.0,3.3,96,999.4,89,73.1,76.4,423.0,19.3,111.0,7.5
2026-04-15 09:00:00,2026,4,15,9,Thanh Hóa,Xã Cẩm Vân,20.1520516,105.4506092,153.0,Unhealthy,3,28.8,82,0.0,3.2,90,1000.1,89,70.8,75.9,438.0,11.5,178.0,10.7
2026-04-15 09:00:00,2026,4,15,9,Thanh Hóa,Xã Cẩm Vân,20.1520516,105.4506092,151.0,Unhealthy,3,29.0,83,0.0,5.2,106,999.8,65,63.6,67.5,438.0,12.3,173.0,10.2
2026-04-15 10:00:00,2026,4,15,10,Thanh Hóa,Xã Cẩm Vân,20.1520516,105.4506092,152.0,Unhealthy,3,30.4,75,0.0,4.7,81,999.9,46,69.2,74.0,454.0,7.0,228.0,12.3
2026-04-15 10:00:00,2026,4,15,10,Thanh Hóa,Xã Cẩm Vân,20.1520516,105.4506092,150.0,Unhealthy for Sensitive Groups,2,30.5,77,0.0,6.5,93,999.6,69,60.5,64.7,454.0,7.1,224.0,12.1
2026-04-15 11:00:00,2026,4,15,11,Thanh Hóa,Xã Cẩm Vân,20.1520516,105.4506092,149.0,Unhealthy for Sensitive Groups,2,32.0,70,0.0,8.8,102,999.1,63,61.5,66.4,476.0,5.1,253.0,12.2
2026-04-15 11:00:00,2026,4,15,11,Thanh Hóa,Xã Cẩm Vân,20.1520516,105.4506092,152.0,Unhealthy,3,32.0,69,0.0,7.1,75,999.4,38,68.9,73.8,476.0,5.3,257.0,12.7
2026-04-15 12:00:00,2026,4,15,12,Thanh Hóa,Xã Cẩm Vân,20.1520516,105.4506092,147.0,Unhealthy for Sensitive Groups,2,33.2,65,0.0,10.7,102,998.0,48,59.8,64.5,499.0,4.8,269.0,11.5
2026-04-15 12:00:00,2026,4,15,12,Thanh Hóa,Xã Cẩm Vân,20.1520516,105.4506092,152.0,Unhealthy,3,33.2,65,0.0,11.5,90,998.4,50,66.8,71.5,499.0,5.1,275.0,12.4
2026-04-15 13:00:00,2026,4,15,13,Thanh Hóa,Xã Cẩm Vân,20.1520516,105.4506092,144.0,Unhealthy for Sensitive Groups,2,34.1,64,0.0,12.4,100,996.9,50,56.1,60.8,502.0,5.0,275.0,11.0
2026-04-15 13:00:00,2026,4,15,13,Thanh Hóa,Xã Cẩm Vân,20.1520516,105.4506092,151.0,Unhealthy,3,34.1,63,0.0,12.2,114,997.3,100,63.1,67.8,502.0,5.3,281.0,11.9
2026-04-15 14:00:00,2026,4,15,14,Thanh Hóa,Xã Cẩm Vân,20.1520516,105.4506092,164.0,Unhealthy,3,34.3,63,0.0,16.3,98,995.5,89,51.3,56.1,472.0,5.3,267.0,11.1
2026-04-15 14:00:00,2026,4,15,14,Thanh Hóa,Xã Cẩm Vân,20.1520516,105.4506092,170.0,Unhealthy,3,34.4,63,0.0,16.2,102,995.7,44,57.3,61.7,472.0,5.5,271.0,11.3
2026-04-15 15:00:00,2026,4,15,15,Thanh Hóa,Xã Cẩm Vân,20.1520516,105.4506092,199.0,Unhealthy,3,33.1,68,0.0,15.7,106,995.2,100,44.8,48.8,424.0,6.1,248.0,11.3
2026-04-15 15:00:00,2026,4,15,15,Thanh Hóa,Xã Cẩm Vân,20.1520516,105.4506092,202.0,Very Unhealthy,4,33.4,65,0.0,16.1,117,995.3,100,49.7,53.4,424.0,6.1,249.0,10.4
2026-04-15 16:00:00,2026,4,15,16,Thanh Hóa,Xã Cẩm Vân,20.1520516,105.4506092,212.0,Very Unhealthy,4,31.3,72,0.0,16.5,113,995.2,100,39.1,42.0,378.0,7.2,225.0,11.2
2026-04-15 16:00:00,2026,4,15,16,Thanh Hóa,Xã Cẩm Vân,20.1520516,105.4506092,214.0,Very Unhealthy,4,32.0,70,0.0,17.8,111,995.3,100,42.6,45.4,378.0,7.0,223.0,9.6
2026-04-15 17:00:00,2026,4,15,17,Thanh Hóa,Xã Cẩm Vân,20.1520516,105.4506092,219.0,Very Unhealthy,4,30.2,74,0.0,13.4,110,995.5,100,33.8,36.1,340.0,8.8,197.0,10.4
2026-04-15 17:00:00,2026,4,15,17,Thanh Hóa,Xã Cẩm Vân,20.1520516,105.4506092,221.0,Very Unhealthy,4,30.2,75,0.0,17.7,117,995.9,100,36.4,38.6,340.0,8.4,194.0,8.8
2026-04-15 18:00:00,2026,4,15,18,Thanh Hóa,Xã Cẩm Vân,20.1520516,105.4506092,222.0,Very Unhealthy,4,29.1,78,0.0,13.5,124,996.4,83,30.5,32.9,304.0,10.1,161.0,7.9
2026-04-15 18:00:00,2026,4,15,18,Thanh Hóa,Xã Cẩm Vân,20.1520516,105.4506092,221.0,Very Unhealthy,4,29.1,79,0.0,12.3,111,996.3,100,28.3,30.6,304.0,10.7,165.0,9.1
2026-04-15 19:00:00,2026,4,15,19,Thanh Hóa,Xã Cẩm Vân,20.1520516,105.4506092,218.0,Very Unhealthy,4,28.1,85,0.0,9.9,123,997.1,99,27.5,30.7,279.0,11.4,134.0,7.2
2026-04-15 19:00:00,2026,4,15,19,Thanh Hóa,Xã Cẩm Vân,20.1520516,105.4506092,217.0,Very Unhealthy,4,28.2,84,0.0,9.4,108,997.3,76,26.4,29.7,279.0,12.0,139.0,8.1
2026-04-15 20:00:00,2026,4,15,20,Thanh Hóa,Xã Cẩm Vân,20.1520516,105.4506092,210.0,Very Unhealthy,4,27.5,88,0.0,9.3,118,998.1,87,26.3,29.5,270.0,11.6,118.0,6.6
2026-04-15 20:00:00,2026,4,15,20,Thanh Hóa,Xã Cẩm Vân,20.1520516,105.4506092,209.0,Very Unhealthy,4,27.6,88,0.0,7.9,114,997.8,83,26.1,29.5,270.0,12.1,124.0,7.4
2026-04-15 21:00:00,2026,4,15,21,Thanh Hóa,Xã Cẩm Vân,20.1520516,105.4506092,199.0,Unhealthy,3,27.2,89,0.0,7.0,111,998.4,82,26.3,29.9,271.0,11.6,114.0,6.8
2026-04-15 21:00:00,2026,4,15,21,Thanh Hóa,Xã Cẩm Vân,20.1520516,105.4506092,198.0,Unhealthy,3,27.2,89,0.0,7.0,111,998.6,83,26.1,29.5,271.0,11.3,107.0,6.2
2026-04-15 22:00:00,2026,4,15,22,Thanh Hóa,Xã Cẩm Vân,20.1520516,105.4506092,170.0,Unhealthy,3,26.9,90,0.0,5.4,98,999.0,83,25.8,29.3,272.0,11.9,99.0,6.0
2026-04-15 22:00:00,2026,4,15,22,Thanh Hóa,Xã Cẩm Vân,20.1520516,105.4506092,173.0,Unhealthy,3,26.9,91,0.0,6.3,103,998.7,76,25.4,28.9,272.0,12.0,107.0,6.5
2026-04-15 23:00:00,2026,4,15,23,Thanh Hóa,Xã Cẩm Vân,20.1520516,105.4506092,143.0,Unhealthy for Sensitive Groups,2,26.7,91,0.0,5.1,86,998.7,85,26.8,30.3,268.0,14.0,94.0,6.6
2026-04-15 23:00:00,2026,4,15,23,Thanh Hóa,Xã Cẩm Vân,20.1520516,105.4506092,147.0,Unhealthy for Sensitive Groups,2,26.7,92,0.0,5.1,86,998.4,63,25.7,29.3,268.0,13.7,103.0,7.0
2026-04-16 00:00:00,2026,4,16,0,Thanh Hóa,Xã Cẩm Vân,20.1520516,105.4506092,142.0,Unhealthy for Sensitive Groups,2,26.6,92,0.0,4.0,80,998.4,85,29.9,33.4,265.0,16.9,91.0,7.5
2026-04-16 00:00:00,2026,4,16,0,Thanh Hóa,Xã Cẩm Vân,20.1520516,105.4506092,131.0,Unhealthy for Sensitive Groups,2,26.5,93,0.0,3.6,90,998.0,69,28.4,32.1,265.0,16.3,100.0,7.7
2026-04-16 01:00:00,2026,4,16,1,Thanh Hóa,Xã Cẩm Vân,20.1520516,105.4506092,140.0,Unhealthy for Sensitive Groups,2,26.4,93,0.0,3.3,77,998.2,79,35.9,39.5,265.0,20.2,85.0,7.5
2026-04-16 01:00:00,2026,4,16,1,Thanh Hóa,Xã Cẩm Vân,20.1520516,105.4506092,131.0,Unhealthy for Sensitive Groups,2,26.3,95,0.0,2.7,67,997.7,84,34.7,38.5,265.0,19.4,94.0,7.6
2026-04-16 02:00:00,2026,4,16,2,Thanh Hóa,Xã Cẩm Vân,20.1520516,105.4506092,139.0,Unhealthy for Sensitive Groups,2,26.3,93,0.0,2.9,83,997.8,87,43.2,46.9,270.0,24.2,72.0,5.6
2026-04-16 02:00:00,2026,4,16,2,Thanh Hóa,Xã Cẩm Vân,20.1520516,105.4506092,130.0,Unhealthy for Sensitive Groups,2,26.2,95,0.0,1.9,68,997.5,84,42.4,46.2,270.0,23.7,79.0,5.7
2026-04-16 03:00:00,2026,4,16,3,Thanh Hóa,Xã Cẩm Vân,20.1520516,105.4506092,130.0,Unhealthy for Sensitive Groups,2,26.1,96,0.0,2.2,90,997.4,77,58.2,62.4,279.0,28.5,60.0,2.9
2026-04-16 03:00:00,2026,4,16,3,Thanh Hóa,Xã Cẩm Vân,20.1520516,105.4506092,138.0,Unhealthy for Sensitive Groups,2,26.2,93,0.0,2.6,74,997.7,92,65.9,68.5,279.0,28.6,55.0,2.8
2026-04-16 04:00:00,2026,4,16,4,Thanh Hóa,Xã Cẩm Vân,20.1520516,105.4506092,131.0,Unhealthy for Sensitive Groups,2,26.0,96,0.0,2.9,90,997.7,78,74.0,76.8,296.0,31.9,46.0,1.0
2026-04-16 04:00:00,2026,4,16,4,Thanh Hóa,Xã Cẩm Vân,20.1520516,105.4506092,139.0,Unhealthy for Sensitive Groups,2,26.1,94,0.0,2.3,72,997.9,89,74.7,77.3,296.0,31.6,44.0,1.0
2026-04-16 05:00:00,2026,4,16,5,Thanh Hóa,Xã Cẩm Vân,20.1520516,105.4506092,133.0,Unhealthy for Sensitive Groups,2,25.9,96,0.0,2.9,60,998.1,77,80.1,82.9,330.0,33.5,37.0,0.8
2026-04-16 05:00:00,2026,4,16,5,Thanh Hóa,Xã Cẩm Vân,20.1520516,105.4506092,140.0,Unhealthy for Sensitive Groups,2,26.0,94,0.0,3.3,49,998.3,88,79.9,82.2,330.0,32.9,36.0,0.8
2026-04-16 06:00:00,2026,4,16,6,Thanh Hóa,Xã Cẩm Vân,20.1520516,105.4506092,141.0,Unhealthy for Sensitive Groups,2,25.9,95,0.0,2.8,40,998.9,78,84.8,87.1,371.0,32.8,33.0,1.6
2026-04-16 06:00:00,2026,4,16,6,Thanh Hóa,Xã Cẩm Vân,20.1520516,105.4506092,134.0,Unhealthy for Sensitive Groups,2,25.8,97,0.0,2.4,63,998.8,71,85.2,88.0,371.0,33.5,33.0,1.5
2026-04-16 07:00:00,2026,4,16,7,Thanh Hóa,Xã Cẩm Vân,20.1520516,105.4506092,135.0,Unhealthy for Sensitive Groups,2,26.5,94,0.0,2.9,60,999.7,67,93.1,95.2,401.0,31.0,46.0,2.9
2026-04-16 07:00:00,2026,4,16,7,Thanh Hóa,Xã Cẩm Vân,20.1520516,105.4506092,142.0,Unhealthy for Sensitive Groups,2,26.6,92,0.0,2.8,50,1000.0,75,92.2,94.3,401.0,30.2,47.0,3.0
2026-04-16 08:00:00,2026,4,16,8,Thanh Hóa,Xã Cẩm Vân,20.1520516,105.4506092,136.0,Unhealthy for Sensitive Groups,2,27.8,87,0.0,2.9,97,1000.8,60,65.4,68.2,407.0,23.8,88.0,5.3
2026-04-16 08:00:00,2026,4,16,8,Thanh Hóa,Xã Cẩm Vân,20.1520516,105.4506092,143.0,Unhealthy for Sensitive Groups,2,27.8,87,0.0,2.9,83,1001.2,56,67.3,69.8,407.0,23.2,89.0,5.2
2026-04-16 09:00:00,2026,4,16,9,Thanh Hóa,Xã Cẩm Vân,20.1520516,105.4506092,135.0,Unhealthy for Sensitive Groups,2,29.4,79,0.0,3.3,103,1001.1,59,52.4,55.8,401.0,14.0,148.0,8.5
2026-04-16 09:00:00,2026,4,16,9,Thanh Hóa,Xã Cẩm Vân,20.1520516,105.4506092,143.0,Unhealthy for Sensitive Groups,2,29.3,79,0.0,2.6,74,1001.6,65,54.4,57.6,401.0,13.7,148.0,8.0
2026-04-16 10:00:00,2026,4,16,10,Thanh Hóa,Xã Cẩm Vân,20.1520516,105.4506092,141.0,Unhealthy for Sensitive Groups,2,30.9,71,0.0,3.4,32,1001.2,33,51.0,54.7,396.0,6.6,198.0,10.7
2026-04-16 10:00:00,2026,4,16,10,Thanh Hóa,Xã Cẩm Vân,20.1520516,105.4506092,134.0,Unhealthy for Sensitive Groups,2,31.1,71,0.0,3.2,90,1000.8,45,49.9,53.6,396.0,6.7,198.0,11.5
2026-04-16 11:00:00,2026,4,16,11,Thanh Hóa,Xã Cẩm Vân,20.1520516,105.4506092,139.0,Unhealthy for Sensitive Groups,2,32.5,66,0.0,4.7,58,1000.6,34,49.6,53.7,400.0,4.3,232.0,12.9
2026-04-16 11:00:00,2026,4,16,11,Thanh Hóa,Xã Cẩm Vân,20.1520516,105.4506092,133.0,Unhealthy for Sensitive Groups,2,32.5,67,0.0,5.0,69,1000.1,38,48.8,52.6,400.0,4.4,232.0,14.0
2026-04-16 12:00:00,2026,4,16,12,Thanh Hóa,Xã Cẩm Vân,20.1520516,105.4506092,137.0,Unhealthy for Sensitive Groups,2,33.9,60,0.0,6.9,96,999.4,34,51.7,55.9,405.0,4.5,258.0,14.9
2026-04-16 12:00:00,2026,4,16,12,Thanh Hóa,Xã Cẩm Vân,20.1520516,105.4506092,132.0,Unhealthy for Sensitive Groups,2,33.7,63,0.0,7.2,84,999.0,42,51.9,55.9,405.0,4.6,257.0,16.2
2026-04-16 13:00:00,2026,4,16,13,Thanh Hóa,Xã Cẩm Vân,20.1520516,105.4506092,135.0,Unhealthy for Sensitive Groups,2,34.8,59,0.0,9.9,100,998.4,31,54.1,58.0,405.0,5.1,272.0,16.7
2026-04-16 13:00:00,2026,4,16,13,Thanh Hóa,Xã Cẩm Vân,20.1520516,105.4506092,131.0,Unhealthy for Sensitive Groups,2,34.6,60,0.0,9.3,103,998.0,37,55.1,59.1,405.0,5.2,271.0,18.1
2026-04-16 14:00:00,2026,4,16,14,Thanh Hóa,Xã Cẩm Vân,20.1520516,105.4506092,137.0,Unhealthy for Sensitive Groups,2,35.3,58,0.0,11.4,114,996.9,34,56.8,60.3,394.0,5.4,273.0,19.9
2026-04-16 14:00:00,2026,4,16,14,Thanh Hóa,Xã Cẩm Vân,20.1520516,105.4506092,138.0,Unhealthy for Sensitive Groups,2,35.5,55,0.0,12.5,108,997.2,31,55.2,58.4,394.0,5.3,273.0,18.5
2026-04-16 15:00:00,2026,4,16,15,Thanh Hóa,Xã Cẩm Vân,20.1520516,105.4506092,179.0,Unhealthy,3,35.3,57,0.0,14.2,111,996.6,43,54.4,57.0,376.0,6.0,264.0,20.2
2026-04-16 15:00:00,2026,4,16,15,Thanh Hóa,Xã Cẩm Vân,20.1520516,105.4506092,179.0,Unhealthy,3,35.1,59,0.0,16.6,108,996.2,44,55.6,58.6,376.0,6.0,264.0,21.2
2026-04-16 16:00:00,2026,4,16,16,Thanh Hóa,Xã Cẩm Vân,20.1520516,105.4506092,206.0,Very Unhealthy,4,33.3,65,0.0,18.6,108,996.5,47,51.5,54.0,360.0,7.2,245.0,20.7
2026-04-16 16:00:00,2026,4,16,16,Thanh Hóa,Xã Cẩm Vân,20.1520516,105.4506092,206.0,Very Unhealthy,4,33.0,67,0.0,16.7,115,996.1,100,51.1,53.8,360.0,7.1,245.0,21.4
2026-04-16 17:00:00,2026,4,16,17,Thanh Hóa,Xã Cẩm Vân,20.1520516,105.4506092,216.0,Very Unhealthy,4,31.0,70,0.0,18.0,119,996.8,100,46.7,49.1,348.0,9.4,213.0,19.5
2026-04-16 17:00:00,2026,4,16,17,Thanh Hóa,Xã Cẩm Vân,20.1520516,105.4506092,216.0,Very Unhealthy,4,31.3,71,0.0,14.5,117,996.3,100,44.5,47.1,348.0,9.1,211.0,19.5
2026-04-16 18:00:00,2026,4,16,18,Thanh Hóa,Xã Cẩm Vân,20.1520516,105.4506092,220.0,Very Unhealthy,4,29.8,77,0.0,14.2,120,997.0,89,38.2,40.6,338.0,11.6,168.0,16.4
2026-04-16 18:00:00,2026,4,16,18,Thanh Hóa,Xã Cẩm Vân,20.1520516,105.4506092,221.0,Very Unhealthy,4,29.5,76,0.0,15.5,121,997.4,73,42.0,44.4,338.0,12.2,172.0,17.1
2026-04-16 19:00:00,2026,4,16,19,Thanh Hóa,Xã Cẩm Vân,20.1520516,105.4506092,218.0,Very Unhealthy,4,28.2,85,0.0,11.8,121,997.9,75,34.5,37.3,325.0,13.7,132.0,13.7
2026-04-16 19:00:00,2026,4,16,19,Thanh Hóa,Xã Cẩm Vân,20.1520516,105.4506092,219.0,Very Unhealthy,4,28.2,85,0.0,12.2,118,998.5,83,39.9,42.7,325.0,14.6,137.0,15.0
2026-04-16 20:00:00,2026,4,16,20,Thanh Hóa,Xã Cẩm Vân,20.1520516,105.4506092,212.0,Very Unhealthy,4,27.6,87,0.0,8.9,117,999.0,80,32.7,36.1,303.0,14.9,111.0,11.9
2026-04-16 20:00:00,2026,4,16,20,Thanh Hóa,Xã Cẩm Vân,20.1520516,105.4506092,213.0,Very Unhealthy,4,27.6,88,0.0,9.7,132,999.5,82,38.1,41.3,303.0,16.0,116.0,13.5
2026-04-16 21:00:00,2026,4,16,21,Thanh Hóa,Xã Cẩm Vân,20.1520516,105.4506092,203.0,Very Unhealthy,4,27.2,89,0.0,7.2,117,1000.2,80,38.3,42.8,279.0,17.0,101.0,12.2
2026-04-16 21:00:00,2026,4,16,21,Thanh Hóa,Xã Cẩm Vân,20.1520516,105.4506092,202.0,Very Unhealthy,4,27.2,89,0.0,6.8,115,1000.0,79,32.4,36.9,279.0,15.6,97.0,10.4
2026-04-16 22:00:00,2026,4,16,22,Thanh Hóa,Xã Cẩm Vân,20.1520516,105.4506092,177.0,Unhealthy,3,27.0,91,0.0,5.1,94,1000.5,77,35.5,40.3,267.0,16.7,85.0,9.3
2026-04-16 22:00:00,2026,4,16,22,Thanh Hóa,Xã Cẩm Vân,20.1520516,105.4506092,180.0,Unhealthy,3,26.9,91,0.0,5.1,98,1000.5,80,41.7,46.7,267.0,18.1,89.0,11.0
2026-04-16 23:00:00,2026,4,16,23,Thanh Hóa,Xã Cẩm Vân,20.1520516,105.4506092,151.0,Unhealthy,3,26.7,91,0.0,5.0,90,1000.4,78,41.9,47.0,277.0,19.6,79.0,9.9
2026-04-16 23:00:00,2026,4,16,23,Thanh Hóa,Xã Cẩm Vân,20.1520516,105.4506092,146.0,Unhealthy for Sensitive Groups,2,26.8,92,0.0,4.0,85,1000.2,77,37.0,41.9,277.0,18.5,75.0,8.5
2026-04-17 00:00:00,2026,4,17,0,Thanh Hóa,Xã Cẩm Vân,20.1520516,105.4506092,145.0,Unhealthy for Sensitive Groups,2,26.6,92,0.0,4.0,80,1000.1,68,42.0,47.3,300.0,21.2,71.0,9.0
2026-04-17 00:00:00,2026,4,17,0,Thanh Hóa,Xã Cẩm Vân,20.1520516,105.4506092,140.0,Unhealthy for Sensitive Groups,2,26.6,93,0.0,3.3,77,999.7,72,38.0,43.1,300.0,20.7,67.0,7.9
2026-04-17 01:00:00,2026,4,17,1,Thanh Hóa,Xã Cẩm Vân,20.1520516,105.4506092,141.0,Unhealthy for Sensitive Groups,2,26.4,94,0.0,2.9,60,999.3,70,44.5,49.9,318.0,22.3,60.0,7.8
2026-04-17 01:00:00,2026,4,17,1,Thanh Hóa,Xã Cẩm Vân,20.1520516,105.4506092,146.0,Unhealthy for Sensitive Groups,2,26.4,93,0.0,3.1,69,999.6,64,49.6,54.9,318.0,22.8,63.0,8.3
2026-04-17 02:00:00,2026,4,17,2,Thanh Hóa,Xã Cẩm Vân,20.1520516,105.4506092,148.0,Unhealthy for Sensitive Groups,2,26.3,94,0.0,2.1,59,999.3,74,53.2,58.4,328.0,24.8,53.0,7.6
2026-04-17 02:00:00,2026,4,17,2,Thanh Hóa,Xã Cẩm Vân,20.1520516,105.4506092,142.0,Unhealthy for Sensitive Groups,2,26.3,95,0.0,2.3,51,999.1,75,47.8,53.0,328.0,23.2,53.0,8.1
2026-04-17 03:00:00,2026,4,17,3,Thanh Hóa,Xã Cẩm Vân,20.1520516,105.4506092,149.0,Unhealthy for Sensitive Groups,2,26.2,95,0.0,1.9,22,999.2,79,57.0,62.2,333.0,26.9,42.0,7.1
2026-04-17 03:00:00,2026,4,17,3,Thanh Hóa,Xã Cẩm Vân,20.1520516,105.4506092,143.0,Unhealthy for Sensitive Groups,2,26.1,96,0.0,1.8,53,999.0,79,48.0,53.1,333.0,23.5,47.0,8.9
2026-04-17 04:00:00,2026,4,17,4,Thanh Hóa,Xã Cẩm Vân,20.1520516,105.4506092,148.0,Unhealthy for Sensitive Groups,2,26.0,96,0.0,1.8,53,999.3,85,59.8,63.8,329.0,27.8,36.0,7.5
2026-04-17 04:00:00,2026,4,17,4,Thanh Hóa,Xã Cẩm Vân,20.1520516,105.4506092,142.0,Unhealthy for Sensitive Groups,2,26.1,96,0.0,1.8,53,999.1,84,45.6,50.5,329.0,23.3,44.0,9.8
2026-04-17 05:00:00,2026,4,17,5,Thanh Hóa,Xã Cẩm Vân,20.1520516,105.4506092,139.0,Unhealthy for Sensitive Groups,2,26.1,96,0.0,1.8,53,999.6,82,41.7,46.2,307.0,22.5,44.0,11.1
2026-04-17 05:00:00,2026,4,17,5,Thanh Hóa,Xã Cẩm Vân,20.1520516,105.4506092,146.0,Unhealthy for Sensitive Groups,2,25.9,96,0.0,2.1,59,999.9,86,55.3,58.9,307.0,26.9,36.0,9.4
2026-04-17 06:00:00,2026,4,17,6,Thanh Hóa,Xã Cẩm Vân,20.1520516,105.4506092,135.0,Unhealthy for Sensitive Groups,2,26.3,95,0.0,2.4,63,1000.3,80,38.1,42.1,276.0,21.1,47.0,12.6
2026-04-17 06:00:00,2026,4,17,6,Thanh Hóa,Xã Cẩm Vân,20.1520516,105.4506092,144.0,Unhealthy for Sensitive Groups,2,25.9,96,0.0,2.2,81,1000.6,87,52.3,56.1,276.0,24.7,41.0,12.3
2026-04-17 07:00:00,2026,4,17,7,Thanh Hóa,Xã Cẩm Vân,20.1520516,105.4506092,140.0,Unhealthy for Sensitive Groups,2,26.7,92,0.0,4.0,63,1001.4,75,43.3,47.7,256.0,21.9,48.0,14.5
2026-04-17 07:00:00,2026,4,17,7,Thanh Hóa,Xã Cẩm Vân,20.1520516,105.4506092,130.0,Unhealthy for Sensitive Groups,2,26.8,92,0.0,3.2,63,1001.0,78,32.0,36.1,256.0,18.9,52.0,13.5
2026-04-17 08:00:00,2026,4,17,8,Thanh Hóa,Xã Cẩm Vân,20.1520516,105.4506092,135.0,Unhealthy for Sensitive Groups,2,27.8,87,0.0,6.0,57,1002.1,69,34.6,38.3,260.0,18.2,57.0,15.8
2026-04-17 08:00:00,2026,4,17,8,Thanh Hóa,Xã Cẩm Vân,20.1520516,105.4506092,123.0,Unhealthy for Sensitive Groups,2,27.9,86,0.0,5.2,56,1001.6,71,25.0,29.5,260.0,15.2,61.0,13.6
2026-04-17 09:00:00,2026,4,17,9,Thanh Hóa,Xã Cẩm Vân,20.1520516,105.4506092,119.0,Unhealthy for Sensitive Groups,2,29.4,79,0.0,7.5,55,1002.1,63,22.9,27.2,275.0,10.6,72.0,13.1
2026-04-17 09:00:00,2026,4,17,9,Thanh Hóa,Xã Cẩm Vân,20.1520516,105.4506092,132.0,Unhealthy for Sensitive Groups,2,29.2,80,0.0,8.8,55,1002.7,63,28.2,32.1,275.0,13.8,69.0,16.5
2026-04-17 10:00:00,2026,4,17,10,Thanh Hóa,Xã Cẩm Vân,20.1520516,105.4506092,129.0,Unhealthy for Sensitive Groups,2,30.5,73,0.0,10.9,56,1002.8,57,24.6,28.6,287.0,10.2,79.0,16.3
2026-04-17 10:00:00,2026,4,17,10,Thanh Hóa,Xã Cẩm Vân,20.1520516,105.4506092,116.0,Unhealthy for Sensitive Groups,2,30.7,72,0.0,10.1,55,1002.2,56,24.9,30.5,287.0,7.1,83.0,12.3
2026-04-17 11:00:00,2026,4,17,11,Thanh Hóa,Xã Cẩm Vân,20.1520516,105.4506092,114.0,Unhealthy for Sensitive Groups,2,32.0,66,0.0,12.9,60,1001.7,71,22.1,27.5,291.0,5.0,92.0,10.8
2026-04-17 11:00:00,2026,4,17,11,Thanh Hóa,Xã Cẩm Vân,20.1520516,105.4506092,126.0,Unhealthy for Sensitive Groups,2,31.8,66,0.0,13.0,62,1002.3,71,24.1,28.1,291.0,7.8,87.0,14.5
2026-04-17 12:00:00,2026,4,17,12,Thanh Hóa,Xã Cẩm Vân,20.1520516,105.4506092,111.0,Unhealthy for Sensitive Groups,2,33.1,60,0.0,15.6,64,1000.8,85,20.4,25.0,293.0,4.0,101.0,8.9
2026-04-17 12:00:00,2026,4,17,12,Thanh Hóa,Xã Cẩm Vân,20.1520516,105.4506092,124.0,Unhealthy for Sensitive Groups,2,33.0,60,0.0,15.0,69,1001.2,86,22.6,26.6,293.0,6.3,94.0,11.7
2026-04-17 13:00:00,2026,4,17,13,Thanh Hóa,Xã Cẩm Vân,20.1520516,105.4506092,108.0,Unhealthy for Sensitive Groups,2,33.3,59,0.0,16.8,67,1000.2,100,20.8,25.7,289.0,4.2,107.0,8.3
2026-04-17 13:00:00,2026,4,17,13,Thanh Hóa,Xã Cẩm Vân,20.1520516,105.4506092,121.0,Unhealthy for Sensitive Groups,2,33.2,58,0.0,15.4,74,1000.5,100,23.1,26.8,289.0,5.7,100.0,10.1
2026-04-17 14:00:00,2026,4,17,14,Thanh Hóa,Xã Cẩm Vân,20.1520516,105.4506092,104.0,Unhealthy for Sensitive Groups,2,31.7,66,4.7,15.0,69,1000.3,100,24.0,27.6,274.0,6.1,111.0,10.0
2026-04-17 14:00:00,2026,4,17,14,Thanh Hóa,Xã Cẩm Vân,20.1520516,105.4506092,117.0,Unhealthy for Sensitive Groups,2,31.8,64,3.1,12.0,81,1000.5,100,24.6,28.0,274.0,6.0,109.0,10.3
2026-04-17 15:00:00,2026,4,17,15,Thanh Hóa,Xã Cẩm Vân,20.1520516,105.4506092,114.0,Unhealthy for Sensitive Groups,2,29.5,75,3.1,7.6,98,1000.7,100,23.3,26.0,255.0,7.3,117.0,11.7
2026-04-17 15:00:00,2026,4,17,15,Thanh Hóa,Xã Cẩm Vân,20.1520516,105.4506092,101.0,Unhealthy for Sensitive Groups,2,29.1,78,4.7,11.8,70,1000.5,100,25.5,28.1,255.0,9.2,112.0,12.9
2026-04-17 16:00:00,2026,4,17,16,Thanh Hóa,Xã Cẩm Vân,20.1520516,105.4506092,111.0,Unhealthy for Sensitive Groups,2,27.5,83,3.1,5.1,129,1001.2,100,20.6,21.7,248.0,9.9,119.0,13.6
2026-04-17 16:00:00,2026,4,17,16,Thanh Hóa,Xã Cẩm Vân,20.1520516,105.4506092,98.0,Moderate,1,27.1,87,4.7,8.9,76,1000.9,100,28.2,29.6,248.0,12.9,109.0,15.4
2026-04-17 17:00:00,2026,4,17,17,Thanh Hóa,Xã Cẩm Vân,20.1520516,105.4506092,96.0,Moderate,1,26.4,90,1.7,6.8,90,1001.3,100,30.5,31.3,266.0,17.1,101.0,17.0
2026-04-17 17:00:00,2026,4,17,17,Thanh Hóa,Xã Cẩm Vân,20.1520516,105.4506092,108.0,Unhealthy for Sensitive Groups,2,26.5,87,1.7,4.9,144,1001.7,100,22.2,22.9,266.0,14.5,111.0,16.3
2026-04-17 18:00:00,2026,4,17,18,Thanh Hóa,Xã Cẩm Vân,20.1520516,105.4506092,105.0,Unhealthy for Sensitive Groups,2,25.9,88,1.7,4.6,141,1002.4,100,27.0,27.5,297.0,20.3,97.0,19.5
2026-04-17 18:00:00,2026,4,17,18,Thanh Hóa,Xã Cẩm Vân,20.1520516,105.4506092,95.0,Moderate,1,26.3,89,1.7,6.0,115,1001.8,100,33.3,34.0,297.0,21.8,89.0,18.2
2026-04-17 19:00:00,2026,4,17,19,Thanh Hóa,Xã Cẩm Vân,20.1520516,105.4506092,104.0,Unhealthy for Sensitive Groups,2,25.5,89,1.7,4.8,138,1003.1,100,35.2,35.6,323.0,25.6,83.0,22.6
2026-04-17 19:00:00,2026,4,17,19,Thanh Hóa,Xã Cẩm Vân,20.1520516,105.4506092,94.0,Moderate,1,26.2,89,1.7,6.4,133,1002.4,100,40.9,41.6,323.0,26.0,78.0,19.2
2026-04-17 20:00:00,2026,4,17,20,Thanh Hóa,Xã Cẩm Vân,20.1520516,105.4506092,103.0,Unhealthy for Sensitive Groups,2,25.4,89,0.0,5.7,145,1003.8,100,44.6,44.9,341.0,30.0,72.0,25.4
2026-04-17 20:00:00,2026,4,17,20,Thanh Hóa,Xã Cẩm Vân,20.1520516,105.4506092,95.0,Moderate,1,25.9,90,0.2,7.7,139,1003.1,96,48.3,49.1,341.0,29.5,68.0,20.2
2026-04-17 21:00:00,2026,4,17,21,Thanh Hóa,Xã Cẩm Vân,20.1520516,105.4506092,104.0,Unhealthy for Sensitive Groups,2,25.5,89,0.0,7.1,150,1004.5,100,50.2,50.5,355.0,33.8,61.0,28.0
2026-04-17 21:00:00,2026,4,17,21,Thanh Hóa,Xã Cẩm Vân,20.1520516,105.4506092,96.0,Moderate,1,25.5,91,0.2,8.7,138,1003.9,93,52.5,53.3,355.0,32.5,58.0,20.9
2026-04-17 22:00:00,2026,4,17,22,Thanh Hóa,Xã Cẩm Vân,20.1520516,105.4506092,105.0,Unhealthy for Sensitive Groups,2,25.5,89,0.0,7.4,151,1004.8,100,54.6,55.2,358.0,36.5,53.0,29.8
2026-04-17 22:00:00,2026,4,17,22,Thanh Hóa,Xã Cẩm Vân,20.1520516,105.4506092,98.0,Moderate,1,25.3,92,0.2,9.2,138,1004.3,89,56.5,57.3,358.0,34.4,51.0,21.2
2026-04-17 23:00:00,2026,4,17,23,Thanh Hóa,Xã Cẩm Vân,20.1520516,105.4506092,106.0,Unhealthy for Sensitive Groups,2,25.4,90,0.0,6.2,144,1004.4,97,57.3,57.7,344.0,37.4,48.0,30.3
2026-04-17 23:00:00,2026,4,17,23,Thanh Hóa,Xã Cẩm Vân,20.1520516,105.4506092,100.0,Moderate,1,25.3,92,0.0,7.9,141,1004.0,91,58.7,59.5,344.0,34.7,47.0,20.5
2026-04-18 00:00:00,2026,4,18,0,Thanh Hóa,Xã Cẩm Vân,20.1520516,105.4506092,108.0,Unhealthy for Sensitive Groups,2,25.3,92,0.0,4.6,129,1003.7,95,59.3,59.8,320.0,37.1,45.0,29.9
2026-04-18 00:00:00,2026,4,18,0,Thanh Hóa,Xã Cẩm Vân,20.1520516,105.4506092,102.0,Unhealthy for Sensitive Groups,2,25.3,93,0.0,5.9,142,1003.4,92,58.4,59.4,320.0,33.9,46.0,19.3
2026-04-18 01:00:00,2026,4,18,1,Thanh Hóa,Xã Cẩm Vân,20.1520516,105.4506092,110.0,Unhealthy for Sensitive Groups,2,25.2,93,0.0,3.4,108,1003.0,92,59.8,60.5,301.0,36.8,43.0,29.6
2026-04-18 01:00:00,2026,4,18,1,Thanh Hóa,Xã Cẩm Vân,20.1520516,105.4506092,104.0,Unhealthy for Sensitive Groups,2,25.3,93,0.0,4.4,145,1002.8,94,56.9,58.1,301.0,33.5,44.0,18.6
2026-04-18 02:00:00,2026,4,18,2,Thanh Hóa,Xã Cẩm Vân,20.1520516,105.4506092,105.0,Unhealthy for Sensitive Groups,2,25.3,94,0.0,3.6,143,1002.4,94,56.8,58.3,295.0,34.0,41.0,18.9
2026-04-18 02:00:00,2026,4,18,2,Thanh Hóa,Xã Cẩm Vân,20.1520516,105.4506092,111.0,Unhealthy for Sensitive Groups,2,25.1,94,0.0,2.9,90,1002.5,91,60.3,61.2,295.0,36.8,40.0,29.6
2026-04-18 03:00:00,2026,4,18,3,Thanh Hóa,Xã Cẩm Vân,20.1520516,105.4506092,106.0,Unhealthy for Sensitive Groups,2,25.2,95,0.0,3.1,135,1002.1,95,58.3,60.1,295.0,34.9,39.0,19.7
2026-04-18 03:00:00,2026,4,18,3,Thanh Hóa,Xã Cẩm Vân,20.1520516,105.4506092,112.0,Unhealthy for Sensitive Groups,2,25.0,95,0.0,2.5,82,1002.1,91,61.5,62.4,295.0,36.7,38.0,29.5
2026-04-18 04:00:00,2026,4,18,4,Thanh Hóa,Xã Cẩm Vân,20.1520516,105.4506092,107.0,Unhealthy for Sensitive Groups,2,25.1,95,0.0,3.1,126,1002.1,95,59.3,61.2,294.0,35.4,37.0,20.8
2026-04-18 04:00:00,2026,4,18,4,Thanh Hóa,Xã Cẩm Vân,20.1520516,105.4506092,112.0,Unhealthy for Sensitive Groups,2,25.0,95,0.0,2.3,72,1002.0,90,63.6,65.0,294.0,36.5,36.0,29.5
2026-04-18 05:00:00,2026,4,18,5,Thanh Hóa,Xã Cẩm Vân,20.1520516,105.4506092,113.0,Unhealthy for Sensitive Groups,2,25.1,95,0.0,2.3,72,1002.4,90,65.0,66.8,289.0,37.0,34.0,29.6
2026-04-18 05:00:00,2026,4,18,5,Thanh Hóa,Xã Cẩm Vân,20.1520516,105.4506092,109.0,Unhealthy for Sensitive Groups,2,25.1,95,0.0,4.0,117,1002.5,94,59.8,61.9,289.0,35.3,37.0,22.5
2026-04-18 06:00:00,2026,4,18,6,Thanh Hóa,Xã Cẩm Vân,20.1520516,105.4506092,111.0,Unhealthy for Sensitive Groups,2,25.1,95,0.0,5.2,115,1003.1,92,62.2,64.5,284.0,35.0,39.0,24.6
2026-04-18 06:00:00,2026,4,18,6,Thanh Hóa,Xã Cẩm Vân,20.1520516,105.4506092,114.0,Unhealthy for Sensitive Groups,2,25.3,94,0.0,2.6,74,1003.0,89,67.3,69.4,284.0,37.4,32.0,29.7
2026-04-18 07:00:00,2026,4,18,7,Thanh Hóa,Xã Cẩm Vân,20.1520516,105.4506092,113.0,Unhealthy for Sensitive Groups,2,25.3,94,0.0,6.3,114,1003.7,91,61.2,63.8,281.0,34.7,40.0,26.1
2026-04-18 07:00:00,2026,4,18,7,Thanh Hóa,Xã Cẩm Vân,20.1520516,105.4506092,115.0,Unhealthy for Sensitive Groups,2,25.6,93,0.0,2.9,90,1003.6,89,67.5,69.4,421.2,35.6,37.0,29.6
2026-04-18 08:00:00,2026,4,18,8,Thanh Hóa,Xã Cẩm Vân,20.1520516,105.4506092,116.0,Unhealthy for Sensitive Groups,2,25.6,91,0.6,6.6,119,1004.2,94,63.9,66.15,280.0,32.65,44.0,29.700000000000003
2026-04-18 08:00:00,2026,4,18,8,Thanh Hóa,Xã Cẩm Vân,20.1520516,105.4506092,118.0,Unhealthy for Sensitive Groups,2,26.1,90,0.0,4.2,121,1004.2,92,60.3,62.9,496.0,29.7,51.0,29.8
2026-04-18 09:00:00,2026,4,18,9,Thanh Hóa,Xã Cẩm Vân,20.1520516,105.4506092,119.0,Unhealthy for Sensitive Groups,2,25.9,88,0.6,6.9,129,1004.7,97,52.8,55.65,281.0,25.65,61.5,29.75
2026-04-18 09:00:00,2026,4,18,9,Thanh Hóa,Xã Cẩm Vân,20.1520516,105.4506092,120.0,Unhealthy for Sensitive Groups,2,26.6,87,0.0,6.4,137,1004.7,96,45.3,48.4,464.0,21.6,72.0,29.7
2026-04-18 10:00:00,2026,4,18,10,Thanh Hóa,Xã Cẩm Vân,20.1520516,105.4506092,121.0,Unhealthy for Sensitive Groups,2,26.5,84,0.6,7.6,135,1004.8,100,40.5,43.8,421.5,18.15,81.5,28.799999999999997
2026-04-18 10:00:00,2026,4,18,10,Thanh Hóa,Xã Cẩm Vân,20.1520516,105.4506092,122.0,Unhealthy for Sensitive Groups,2,27.3,83,0.0,8.7,142,1004.8,99,35.7,39.2,379.0,14.7,91.0,27.9
2026-04-18 11:00:00,2026,4,18,11,Thanh Hóa,Xã Cẩm Vân,20.1520516,105.4506092,122.5,Unhealthy for Sensitive Groups,2,27.4,80,0.1,9.2,141,1004.2,96,33.7,37.1,348.5,12.35,100.0,25.299999999999997
2026-04-18 11:00:00,2026,4,18,11,Thanh Hóa,Xã Cẩm Vân,20.1520516,105.4506092,123.0,Unhealthy for Sensitive Groups,2,28.1,79,0.4,10.0,139,1004.2,94,31.7,35.0,318.0,10.0,109.0,22.7
2026-04-18 12:00:00,2026,4,18,12,Thanh Hóa,Xã Cẩm Vân,20.1520516,105.4506092,123.5,Unhealthy for Sensitive Groups,2,28.5,76,0.1,11.4,145,1003.2,91,31.85,35.55,308.0,8.2,117.5,19.2
2026-04-18 12:00:00,2026,4,18,12,Thanh Hóa,Xã Cẩm Vân,20.1520516,105.4506092,124.0,Unhealthy for Sensitive Groups,2,28.9,76,0.4,10.9,136,1003.2,90,32.0,36.1,298.0,6.4,126.0,15.7
2026-04-18 13:00:00,2026,4,18,13,Thanh Hóa,Xã Cẩm Vân,20.1520516,105.4506092,125.0,Unhealthy for Sensitive Groups,2,29.5,73,0.4,12.0,136,1002.2,85,26.6,29.7,284.0,4.1,136.0,10.1
2026-04-18 13:00:00,2026,4,18,13,Thanh Hóa,Xã Cẩm Vân,20.1520516,105.4506092,125.0,Unhealthy for Sensitive Groups,2,29.4,73,0.1,13.0,146,1002.2,87,27.15,30.35,273.5,3.65,135.0,8.65
2026-04-18 14:00:00,2026,4,18,14,Thanh Hóa,Xã Cẩm Vân,20.1520516,105.4506092,125.0,Unhealthy for Sensitive Groups,2,29.8,71,0.1,13.6,140,1001.4,90,27.7,31.0,263.0,3.2,134.0,7.2
2026-04-18 14:00:00,2026,4,18,14,Thanh Hóa,Xã Cẩm Vân,20.1520516,105.4506092,125.33333333333333,Unhealthy for Sensitive Groups,2,29.8,72,0.0,13.7,145,1001.3,91,26.433333333333334,29.7,257.6666666666667,3.3000000000000003,130.66666666666666,6.733333333333333
2026-04-18 15:00:00,2026,4,18,15,Thanh Hóa,Xã Cẩm Vân,20.1520516,105.4506092,125.66666666666667,Unhealthy for Sensitive Groups,2,30.0,72,0.0,13.9,143,1000.4,96,25.166666666666664,28.400000000000002,252.33333333333334,3.4,127.33333333333333,6.266666666666667
2026-04-18 15:00:00,2026,4,18,15,Thanh Hóa,Xã Cẩm Vân,20.1520516,105.4506092,126.0,Unhealthy for Sensitive Groups,2,29.9,70,0.1,15.5,144,1000.7,95,23.9,27.1,247.0,3.5,124.0,5.8
2026-04-18 16:00:00,2026,4,18,16,Thanh Hóa,Xã Cẩm Vân,20.1520516,105.4506092,126.0,Unhealthy for Sensitive Groups,2,29.8,73,0.0,14.1,140,999.9,100,22.15,25.35,242.5,4.1,118.5,5.5
2026-04-18 16:00:00,2026,4,18,16,Thanh Hóa,Xã Cẩm Vân,20.1520516,105.4506092,126.0,Unhealthy for Sensitive Groups,2,29.6,71,0.1,16.1,146,1000.3,100,20.4,23.6,238.0,4.7,113.0,5.2
2026-04-18 17:00:00,2026,4,18,17,Thanh Hóa,Xã Cẩm Vân,20.1520516,105.4506092,126.0,Unhealthy for Sensitive Groups,2,28.9,74,0.0,15.1,142,1000.5,100,18.7,21.8,240.0,7.1,99.0,5.5
2026-04-18 17:00:00,2026,4,18,17,Thanh Hóa,Xã Cẩm Vân,20.1520516,105.4506092,125.5,Unhealthy for Sensitive Groups,2,29.0,76,0.0,14.3,135,1000.1,100,18.7,21.950000000000003,244.5,8.7,91.5,6.05
2026-04-18 18:00:00,2026,4,18,18,Thanh Hóa,Xã Cẩm Vân,20.1520516,105.4506092,125.0,Unhealthy for Sensitive Groups,2,27.8,80,0.0,13.5,134,1001.1,100,18.7,22.1,249.0,10.3,84.0,6.6
2026-04-18 18:00:00,2026,4,18,18,Thanh Hóa,Xã Cẩm Vân,20.1520516,105.4506092,124.5,Unhealthy for Sensitive Groups,2,27.9,80,0.0,14.3,129,1000.7,100,19.75,23.15,252.5,11.45,78.5,7.05
2026-04-18 19:00:00,2026,4,18,19,Thanh Hóa,Xã Cẩm Vân,20.1520516,105.4506092,124.0,Unhealthy for Sensitive Groups,2,26.9,84,0.0,12.1,127,1001.6,100,20.8,24.2,256.0,12.6,73.0,7.5
2026-04-18 19:00:00,2026,4,18,19,Thanh Hóa,Xã Cẩm Vân,20.1520516,105.4506092,123.5,Unhealthy for Sensitive Groups,2,27.0,84,0.0,13.7,125,1001.2,100,20.8,24.2,256.0,12.6,73.0,7.5
2026-04-18 20:00:00,2026,4,18,20,Thanh Hóa,Xã Cẩm Vân,20.1520516,105.4506092,123.0,Unhealthy for Sensitive Groups,2,26.4,87,0.0,11.3,127,1002.3,96,20.8,24.2,256.0,12.6,73.0,7.5
2026-04-18 20:00:00,2026,4,18,20,Thanh Hóa,Xã Cẩm Vân,20.1520516,105.4506092,123.0,Unhealthy for Sensitive Groups,2,26.5,86,0.0,11.4,125,1001.9,97,20.8,24.2,256.0,12.6,73.0,7.5
2026-04-18 21:00:00,2026,4,18,21,Thanh Hóa,Xã Cẩm Vân,20.1520516,105.4506092,123.0,Unhealthy for Sensitive Groups,2,26.2,88,0.0,8.7,128,1002.6,94,20.8,24.2,256.0,12.6,73.0,7.5
2026-04-18 21:00:00,2026,4,18,21,Thanh Hóa,Xã Cẩm Vân,20.1520516,105.4506092,123.0,Unhealthy for Sensitive Groups,2,26.0,89,0.0,10.7,130,1003.1,91,20.8,24.2,256.0,12.6,73.0,7.5
2026-04-18 22:00:00,2026,4,18,22,Thanh Hóa,Xã Cẩm Vân,20.1520516,105.4506092,123.0,Unhealthy for Sensitive Groups,2,26.0,89,0.0,6.6,131,1003.0,91,20.8,24.2,256.0,12.6,73.0,7.5
2026-04-18 22:00:00,2026,4,18,22,Thanh Hóa,Xã Cẩm Vân,20.1520516,105.4506092,123.0,Unhealthy for Sensitive Groups,2,25.8,90,0.0,9.9,134,1003.5,87,20.8,24.2,256.0,12.6,73.0,7.5
2026-04-18 23:00:00,2026,4,18,23,Thanh Hóa,Xã Cẩm Vân,20.1520516,105.4506092,123.0,Unhealthy for Sensitive Groups,2,25.9,90,0.0,6.1,130,1002.8,92,20.8,24.2,256.0,12.6,73.0,7.5
2026-04-18 23:00:00,2026,4,18,23,Thanh Hóa,Xã Cẩm Vân,20.1520516,105.4506092,123.0,Unhealthy for Sensitive Groups,2,25.7,91,0.0,8.4,133,1003.1,89,20.8,24.2,256.0,12.6,73.0,7.5
2026-04-19 00:00:00,2026,4,19,0,Thanh Hóa,Xã Cẩm Vân,20.1520516,105.4506092,123.0,Unhealthy for Sensitive Groups,2,25.6,91,0.0,6.6,135,1002.4,92,20.8,24.2,256.0,12.6,73.0,7.5
2026-04-19 00:00:00,2026,4,19,0,Thanh Hóa,Xã Cẩm Vân,20.1520516,105.4506092,123.0,Unhealthy for Sensitive Groups,2,25.8,91,0.0,6.1,130,1002.2,92,20.8,24.2,256.0,12.6,73.0,7.5
2026-04-19 01:00:00,2026,4,19,1,Thanh Hóa,Xã Cẩm Vân,20.1520516,105.4506092,123.0,Unhealthy for Sensitive Groups,2,25.8,92,0.0,6.4,128,1001.6,93,20.8,24.2,256.0,12.6,73.0,7.5
2026-04-19 01:00:00,2026,4,19,1,Thanh Hóa,Xã Cẩm Vân,20.1520516,105.4506092,123.0,Unhealthy for Sensitive Groups,2,25.6,91,0.0,5.4,132,1001.8,94,20.8,24.2,256.0,12.6,73.0,7.5
2026-04-19 02:00:00,2026,4,19,2,Thanh Hóa,Xã Cẩm Vân,20.1520516,105.4506092,123.0,Unhealthy for Sensitive Groups,2,25.7,92,0.0,6.7,126,1001.0,94,20.8,24.2,256.0,12.6,73.0,7.5
2026-04-19 03:00:00,2026,4,19,3,Thanh Hóa,Xã Cẩm Vân,20.1520516,105.4506092,123.0,Unhealthy for Sensitive Groups,2,25.5,92,0.0,6.7,126,1000.3,95,20.8,24.2,256.0,12.6,73.0,7.5
2026-04-19 04:00:00,2026,4,19,4,Thanh Hóa,Xã Cẩm Vân,20.1520516,105.4506092,123.0,Unhealthy for Sensitive Groups,2,25.5,92,0.0,6.5,124,1000.1,96,20.8,24.2,256.0,12.6,73.0,7.5
2026-04-19 05:00:00,2026,4,19,5,Thanh Hóa,Xã Cẩm Vân,20.1520516,105.4506092,123.0,Unhealthy for Sensitive Groups,2,25.5,93,0.3,5.2,115,1000.6,97,20.8,24.2,256.0,12.6,73.0,7.5
2026-04-19 06:00:00,2026,4,19,6,Thanh Hóa,Xã Cẩm Vân,20.1520516,105.4506092,123.0,Unhealthy for Sensitive Groups,2,25.5,94,0.3,3.3,103,1001.5,99,20.8,24.2,256.0,12.6,73.0,7.5
2026-04-19 07:00:00,2026,4,19,7,Thanh Hóa,Xã Cẩm Vân,20.1520516,105.4506092,123.0,Unhealthy for Sensitive Groups,2,25.6,94,0.3,2.5,90,1002.3,100,20.8,24.2,256.0,12.6,73.0,7.5
2026-04-19 08:00:00,2026,4,19,8,Thanh Hóa,Xã Cẩm Vân,20.1520516,105.4506092,123.0,Unhealthy for Sensitive Groups,2,25.7,93,2.1,2.9,120,1002.8,100,20.8,24.2,256.0,12.6,73.0,7.5
2026-04-19 09:00:00,2026,4,19,9,Thanh Hóa,Xã Cẩm Vân,20.1520516,105.4506092,123.0,Unhealthy for Sensitive Groups,2,25.8,91,2.1,4.4,145,1003.1,100,20.8,24.2,256.0,12.6,73.0,7.5
2026-04-19 10:00:00,2026,4,19,10,Thanh Hóa,Xã Cẩm Vân,20.1520516,105.4506092,123.0,Unhealthy for Sensitive Groups,2,26.1,89,2.1,6.6,151,1003.1,100,20.8,24.2,256.0,12.6,73.0,7.5
2026-04-19 11:00:00,2026,4,19,11,Thanh Hóa,Xã Cẩm Vân,20.1520516,105.4506092,123.0,Unhealthy for Sensitive Groups,2,26.8,86,0.6,8.7,150,1002.5,100,20.8,24.2,256.0,12.6,73.0,7.5
2026-04-19 12:00:00,2026,4,19,12,Thanh Hóa,Xã Cẩm Vân,20.1520516,105.4506092,123.0,Unhealthy for Sensitive Groups,2,27.7,82,0.6,10.7,147,1001.6,100,20.8,24.2,256.0,12.6,73.0,7.5
2026-04-19 13:00:00,2026,4,19,13,Thanh Hóa,Xã Cẩm Vân,20.1520516,105.4506092,123.0,Unhealthy for Sensitive Groups,2,28.4,79,0.6,12.0,147,1000.7,100,20.8,24.2,256.0,12.6,73.0,7.5
2026-04-19 14:00:00,2026,4,19,14,Thanh Hóa,Xã Cẩm Vân,20.1520516,105.4506092,123.0,Unhealthy for Sensitive Groups,2,28.7,78,0.2,11.6,150,999.8,100,20.8,24.2,256.0,12.6,73.0,7.5
2026-04-19 15:00:00,2026,4,19,15,Thanh Hóa,Xã Cẩm Vân,20.1520516,105.4506092,123.0,Unhealthy for Sensitive Groups,2,28.9,78,0.2,10.5,158,999.0,100,20.8,24.2,256.0,12.6,73.0,7.5
2026-04-19 16:00:00,2026,4,19,16,Thanh Hóa,Xã Cẩm Vân,20.1520516,105.4506092,123.0,Unhealthy for Sensitive Groups,2,28.8,79,0.2,10.0,159,998.5,100,20.8,24.2,256.0,12.6,73.0,7.5
2026-04-19 17:00:00,2026,4,19,17,Thanh Hóa,Xã Cẩm Vân,20.1520516,105.4506092,123.0,Unhealthy for Sensitive Groups,2,28.2,82,0.0,10.7,147,998.7,100,20.8,24.2,256.0,12.6,73.0,7.5
2026-04-19 18:00:00,2026,4,19,18,Thanh Hóa,Xã Cẩm Vân,20.1520516,105.4506092,123.0,Unhealthy for Sensitive Groups,2,27.4,85,0.0,12.0,134,999.3,100,20.8,24.2,256.0,12.6,73.0,7.5
2026-04-19 19:00:00,2026,4,19,19,Thanh Hóa,Xã Cẩm Vân,20.1520516,105.4506092,123.0,Unhealthy for Sensitive Groups,2,26.8,88,0.0,12.9,126,999.8,100,20.8,24.2,256.0,12.6,73.0,7.5
2026-04-19 20:00:00,2026,4,19,20,Thanh Hóa,Xã Cẩm Vân,20.1520516,105.4506092,123.0,Unhealthy for Sensitive Groups,2,26.4,89,0.0,11.3,127,1000.4,100,20.8,24.2,256.0,12.6,73.0,7.5
2026-04-19 21:00:00,2026,4,19,21,Thanh Hóa,Xã Cẩm Vân,20.1520516,105.4506092,123.0,Unhealthy for Sensitive Groups,2,26.1,90,0.0,9.2,135,1001.1,100,20.8,24.2,256.0,12.6,73.0,7.5
2026-04-19 22:00:00,2026,4,19,22,Thanh Hóa,Xã Cẩm Vân,20.1520516,105.4506092,123.0,Unhealthy for Sensitive Groups,2,25.9,91,0.0,7.2,143,1001.4,100,20.8,24.2,256.0,12.6,73.0,7.5
2026-04-19 23:00:00,2026,4,19,23,Thanh Hóa,Xã Cẩm Vân,20.1520516,105.4506092,123.0,Unhealthy for Sensitive Groups,2,25.7,92,0.0,6.1,140,1001.1,95,20.8,24.2,256.0,12.6,73.0,7.5
2026-04-20 00:00:00,2026,4,20,0,Thanh Hóa,Xã Cẩm Vân,20.1520516,105.4506092,123.0,Unhealthy for Sensitive Groups,2,25.5,93,0.0,5.4,132,1000.5,91,20.8,24.2,256.0,12.6,73.0,7.5
2026-04-20 01:00:00,2026,4,20,1,Thanh Hóa,Xã Cẩm Vân,20.1520516,105.4506092,123.0,Unhealthy for Sensitive Groups,2,25.4,94,0.0,5.0,120,1000.0,86,20.8,24.2,256.0,12.6,73.0,7.5
2026-04-20 02:00:00,2026,4,20,2,Thanh Hóa,Xã Cẩm Vân,20.1520516,105.4506092,123.0,Unhealthy for Sensitive Groups,2,25.2,95,0.0,4.7,113,999.6,89,20.8,24.2,256.0,12.6,73.0,7.5
2026-04-20 03:00:00,2026,4,20,3,Thanh Hóa,Xã Cẩm Vân,20.1520516,105.4506092,123.0,Unhealthy for Sensitive Groups,2,25.2,96,0.0,4.6,108,999.3,93,20.8,24.2,256.0,12.6,73.0,7.5
2026-04-20 04:00:00,2026,4,20,4,Thanh Hóa,Xã Cẩm Vân,20.1520516,105.4506092,123.0,Unhealthy for Sensitive Groups,2,25.1,96,0.0,4.6,108,999.3,96,20.8,24.2,256.0,12.6,73.0,7.5
2026-04-20 05:00:00,2026,4,20,5,Thanh Hóa,Xã Cẩm Vân,20.1520516,105.4506092,123.0,Unhealthy for Sensitive Groups,2,25.1,96,0.1,4.9,107,999.9,97,20.8,24.2,256.0,12.6,73.0,7.5
2026-04-20 06:00:00,2026,4,20,6,Thanh Hóa,Xã Cẩm Vân,20.1520516,105.4506092,123.0,Unhealthy for Sensitive Groups,2,25.2,95,0.1,5.0,111,1000.8,99,20.8,24.2,256.0,12.6,73.0,7.5
2026-04-20 07:00:00,2026,4,20,7,Thanh Hóa,Xã Cẩm Vân,20.1520516,105.4506092,123.0,Unhealthy for Sensitive Groups,2,25.5,94,0.1,5.5,113,1001.5,100,20.8,24.2,256.0,12.6,73.0,7.5
2026-04-20 08:00:00,2026,4,20,8,Thanh Hóa,Xã Cẩm Vân,20.1520516,105.4506092,123.0,Unhealthy for Sensitive Groups,2,26.2,91,0.0,5.8,120,1001.9,99,20.8,24.2,256.0,12.6,73.0,7.5
2026-04-20 09:00:00,2026,4,20,9,Thanh Hóa,Xã Cẩm Vân,20.1520516,105.4506092,123.0,Unhealthy for Sensitive Groups,2,27.0,87,0.0,6.4,128,1002.1,98,20.8,24.2,256.0,12.6,73.0,7.5
2026-04-20 10:00:00,2026,4,20,10,Thanh Hóa,Xã Cẩm Vân,20.1520516,105.4506092,123.0,Unhealthy for Sensitive Groups,2,27.9,83,0.0,7.4,133,1002.1,97,20.8,24.2,256.0,12.6,73.0,7.5
2026-04-20 11:00:00,2026,4,20,11,Thanh Hóa,Xã Cẩm Vân,20.1520516,105.4506092,123.0,Unhealthy for Sensitive Groups,2,28.9,79,0.4,8.7,135,1001.5,98,20.8,24.2,256.0,12.6,73.0,7.5
2026-04-20 12:00:00,2026,4,20,12,Thanh Hóa,Xã Cẩm Vân,20.1520516,105.4506092,123.0,Unhealthy for Sensitive Groups,2,29.9,74,0.4,9.7,135,1000.5,99,20.8,24.2,256.0,12.6,73.0,7.5
2026-04-20 13:00:00,2026,4,20,13,Thanh Hóa,Xã Cẩm Vân,20.1520516,105.4506092,123.0,Unhealthy for Sensitive Groups,2,30.5,72,0.4,10.4,136,999.7,100,20.8,24.2,256.0,12.6,73.0,7.5
2026-04-20 14:00:00,2026,4,20,14,Thanh Hóa,Xã Cẩm Vân,20.1520516,105.4506092,123.0,Unhealthy for Sensitive Groups,2,30.2,73,1.1,10.0,142,999.1,100,20.8,24.2,256.0,12.6,73.0,7.5
2026-04-20 15:00:00,2026,4,20,15,Thanh Hóa,Xã Cẩm Vân,20.1520516,105.4506092,123.0,Unhealthy for Sensitive Groups,2,29.5,76,1.1,9.2,149,998.7,100,20.8,24.2,256.0,12.6,73.0,7.5
2026-04-20 16:00:00,2026,4,20,16,Thanh Hóa,Xã Cẩm Vân,20.1520516,105.4506092,123.0,Unhealthy for Sensitive Groups,2,28.8,79,1.1,8.9,153,998.5,100,20.8,24.2,256.0,12.6,73.0,7.5
2026-04-20 17:00:00,2026,4,20,17,Thanh Hóa,Xã Cẩm Vân,20.1520516,105.4506092,123.0,Unhealthy for Sensitive Groups,2,28.1,83,0.2,9.8,144,998.5,100,20.8,24.2,256.0,12.6,73.0,7.5
2026-04-20 18:00:00,2026,4,20,18,Thanh Hóa,Xã Cẩm Vân,20.1520516,105.4506092,123.0,Unhealthy for Sensitive Groups,2,27.3,87,0.2,11.5,134,998.7,100,20.8,24.2,256.0,12.6,73.0,7.5
2026-04-20 19:00:00,2026,4,20,19,Thanh Hóa,Xã Cẩm Vân,20.1520516,105.4506092,123.0,Unhealthy for Sensitive Groups,2,26.7,90,0.2,12.3,128,999.0,100,20.8,24.2,256.0,12.6,73.0,7.5
2026-04-20 20:00:00,2026,4,20,20,Thanh Hóa,Xã Cẩm Vân,20.1520516,105.4506092,123.0,Unhealthy for Sensitive Groups,2,26.3,91,0.0,11.0,128,999.5,93,20.8,24.2,256.0,12.6,73.0,7.5
2026-04-20 21:00:00,2026,4,20,21,Thanh Hóa,Xã Cẩm Vân,20.1520516,105.4506092,123.0,Unhealthy for Sensitive Groups,2,26.1,91,0.0,8.7,128,1000.3,87,20.8,24.2,256.0,12.6,73.0,7.5
2026-04-20 22:00:00,2026,4,20,22,Thanh Hóa,Xã Cẩm Vân,20.1520516,105.4506092,123.0,Unhealthy for Sensitive Groups,2,26.0,91,0.0,6.6,131,1000.7,80,20.8,24.2,256.0,12.6,73.0,7.5
2026-04-20 23:00:00,2026,4,20,23,Thanh Hóa,Xã Cẩm Vân,20.1520516,105.4506092,123.0,Unhealthy for Sensitive Groups,2,25.8,92,0.0,5.2,124,1000.5,79,20.8,24.2,256.0,12.6,73.0,7.5
