timestamp,year,month,day,hour,province,location,lat,lon,aqi,pollution_level,pollution_class,temp,humidity,rain,wind_speed,wind_dir,pressure,cloud,pm2_5,pm10,co,no2,o3,so2
2026-04-14 00:00:00,2026,4,14,0,Sơn La,Xã Mường Bám,21.3762412,103.3881955,159.0,Unhealthy,3,24.5,46,0.0,6.6,248,934.6,3,75.0,87.5,536.0,8.3,107.0,5.6
2026-04-14 01:00:00,2026,4,14,1,Sơn La,Xã Mường Bám,21.3762412,103.3881955,159.0,Unhealthy,3,24.2,46,0.0,6.0,245,934.2,14,75.4,88.0,561.0,9.1,99.0,5.4
2026-04-14 02:00:00,2026,4,14,2,Sơn La,Xã Mường Bám,21.3762412,103.3881955,159.0,Unhealthy,3,23.6,47,0.0,6.3,239,933.6,0,77.1,89.4,579.0,10.5,90.0,5.4
2026-04-14 03:00:00,2026,4,14,3,Sơn La,Xã Mường Bám,21.3762412,103.3881955,160.0,Unhealthy,3,23.5,47,0.0,6.0,245,933.5,38,78.9,91.5,594.0,12.3,81.0,5.5
2026-04-14 04:00:00,2026,4,14,4,Sơn La,Xã Mường Bám,21.3762412,103.3881955,160.0,Unhealthy,3,23.3,48,0.0,5.0,249,933.4,39,81.3,94.1,607.0,13.5,75.0,5.6
2026-04-14 05:00:00,2026,4,14,5,Sơn La,Xã Mường Bám,21.3762412,103.3881955,160.0,Unhealthy,3,22.9,50,0.0,5.5,238,934.0,69,83.6,96.6,625.0,14.2,71.0,5.8
2026-04-14 06:00:00,2026,4,14,6,Sơn La,Xã Mường Bám,21.3762412,103.3881955,161.0,Unhealthy,3,23.5,49,0.0,5.5,238,934.5,58,86.4,99.7,642.0,14.4,71.0,6.0
2026-04-14 07:00:00,2026,4,14,7,Sơn La,Xã Mường Bám,21.3762412,103.3881955,161.0,Unhealthy,3,24.7,54,0.0,4.3,222,935.1,50,89.2,102.2,637.0,13.3,80.0,6.2
2026-04-14 08:00:00,2026,4,14,8,Sơn La,Xã Mường Bám,21.3762412,103.3881955,161.0,Unhealthy,3,28.4,52,0.0,4.4,215,936.3,46,85.9,95.7,596.0,9.8,109.0,6.6
2026-04-14 09:00:00,2026,4,14,9,Sơn La,Xã Mường Bám,21.3762412,103.3881955,161.0,Unhealthy,3,30.3,40,0.0,6.4,227,936.9,62,68.2,82.0,534.0,5.1,148.0,7.0
2026-04-14 09:00:00,2026,4,14,9,Sơn La,Xã Mường Bám,21.3762412,103.3881955,174.0,Unhealthy,3,30.3,37,0.0,7.4,247,937.4,46,112.0,134.1,534.0,6.7,161.0,8.0
2026-04-14 10:00:00,2026,4,14,10,Sơn La,Xã Mường Bám,21.3762412,103.3881955,161.0,Unhealthy,3,31.0,39,0.0,12.9,240,937.1,66,58.1,71.9,475.0,1.6,176.0,7.2
2026-04-14 10:00:00,2026,4,14,10,Sơn La,Xã Mường Bám,21.3762412,103.3881955,175.0,Unhealthy,3,31.2,35,0.0,13.8,250,937.4,60,85.7,105.9,475.0,2.0,193.0,7.8
2026-04-14 11:00:00,2026,4,14,11,Sơn La,Xã Mường Bám,21.3762412,103.3881955,176.0,Unhealthy,3,32.2,33,0.0,17.9,261,937.3,47,67.8,83.8,423.0,0.9,198.0,7.7
2026-04-14 11:00:00,2026,4,14,11,Sơn La,Xã Mường Bám,21.3762412,103.3881955,161.0,Unhealthy,3,31.9,36,0.0,18.6,252,936.9,69,50.1,62.4,423.0,0.7,181.0,7.2
2026-04-14 12:00:00,2026,4,14,12,Sơn La,Xã Mường Bám,21.3762412,103.3881955,176.0,Unhealthy,3,33.0,31,0.0,19.2,265,936.6,44,62.2,76.4,374.0,1.6,191.0,7.5
2026-04-14 12:00:00,2026,4,14,12,Sơn La,Xã Mường Bám,21.3762412,103.3881955,160.0,Unhealthy,3,33.0,34,0.0,20.5,259,936.5,53,47.4,58.6,374.0,1.2,176.0,6.9
2026-04-14 13:00:00,2026,4,14,13,Sơn La,Xã Mường Bám,21.3762412,103.3881955,175.0,Unhealthy,3,33.6,29,0.0,17.9,260,935.5,20,61.0,73.8,343.0,2.4,186.0,7.2
2026-04-14 13:00:00,2026,4,14,13,Sơn La,Xã Mường Bám,21.3762412,103.3881955,160.0,Unhealthy,3,33.7,31,0.0,19.2,257,935.3,7,46.0,56.0,343.0,1.7,172.0,6.6
2026-04-14 14:00:00,2026,4,14,14,Sơn La,Xã Mường Bám,21.3762412,103.3881955,159.0,Unhealthy,3,33.7,28,0.0,20.3,257,933.7,87,44.5,53.3,340.0,1.8,177.0,6.1
2026-04-14 14:00:00,2026,4,14,14,Sơn La,Xã Mường Bám,21.3762412,103.3881955,175.0,Unhealthy,3,33.6,27,0.0,19.2,253,934.2,32,60.3,71.7,340.0,2.7,194.0,6.7
2026-04-14 15:00:00,2026,4,14,15,Sơn La,Xã Mường Bám,21.3762412,103.3881955,159.0,Unhealthy,3,33.9,29,0.0,19.7,249,933.0,34,43.8,51.8,353.0,2.0,184.0,5.5
2026-04-14 15:00:00,2026,4,14,15,Sơn La,Xã Mường Bám,21.3762412,103.3881955,175.0,Unhealthy,3,34.0,26,0.0,19.9,248,933.4,55,59.8,70.1,353.0,3.0,205.0,6.0
2026-04-14 16:00:00,2026,4,14,16,Sơn La,Xã Mường Bám,21.3762412,103.3881955,175.0,Unhealthy,3,33.6,27,0.0,18.7,245,932.8,30,60.1,69.4,366.0,3.6,208.0,5.6
2026-04-14 16:00:00,2026,4,14,16,Sơn La,Xã Mường Bám,21.3762412,103.3881955,158.0,Unhealthy,3,33.8,27,0.0,18.3,238,932.5,31,43.3,50.8,366.0,2.4,185.0,5.1
2026-04-14 17:00:00,2026,4,14,17,Sơn La,Xã Mường Bám,21.3762412,103.3881955,182.0,Unhealthy,3,33.1,25,0.0,15.9,252,932.6,11,59.8,68.0,368.0,4.6,197.0,5.6
2026-04-14 17:00:00,2026,4,14,17,Sơn La,Xã Mường Bám,21.3762412,103.3881955,161.0,Unhealthy,3,33.4,25,0.0,15.8,243,932.1,0,43.5,50.3,368.0,3.3,175.0,5.0
2026-04-14 18:00:00,2026,4,14,18,Sơn La,Xã Mường Bám,21.3762412,103.3881955,188.0,Unhealthy,3,31.8,26,0.0,11.6,265,932.7,48,60.3,67.5,368.0,5.8,178.0,5.8
2026-04-14 18:00:00,2026,4,14,18,Sơn La,Xã Mường Bám,21.3762412,103.3881955,165.0,Unhealthy,3,32.0,26,0.0,10.9,261,932.3,28,44.2,50.3,368.0,4.6,160.0,5.1
2026-04-14 19:00:00,2026,4,14,19,Sơn La,Xã Mường Bám,21.3762412,103.3881955,162.0,Unhealthy,3,29.5,32,0.0,8.0,262,932.6,31,48.4,54.5,377.0,5.6,145.0,5.2
2026-04-14 19:00:00,2026,4,14,19,Sơn La,Xã Mường Bám,21.3762412,103.3881955,186.0,Unhealthy,3,29.7,31,0.0,9.0,265,933.3,52,65.0,72.2,377.0,7.0,160.0,6.0
2026-04-14 20:00:00,2026,4,14,20,Sơn La,Xã Mường Bám,21.3762412,103.3881955,180.0,Unhealthy,3,28.4,36,0.0,5.4,262,933.7,61,68.5,75.9,402.0,8.0,144.0,6.1
2026-04-14 20:00:00,2026,4,14,20,Sơn La,Xã Mường Bám,21.3762412,103.3881955,157.0,Unhealthy,3,28.3,36,0.0,6.6,261,933.2,45,50.9,57.2,402.0,6.2,132.0,5.3
2026-04-14 21:00:00,2026,4,14,21,Sơn La,Xã Mường Bám,21.3762412,103.3881955,155.0,Unhealthy,3,27.3,40,0.0,5.8,248,933.7,43,52.2,58.4,435.0,6.7,120.0,5.3
2026-04-14 21:00:00,2026,4,14,21,Sơn La,Xã Mường Bám,21.3762412,103.3881955,172.0,Unhealthy,3,27.2,41,0.0,5.6,255,934.1,67,70.1,77.5,435.0,8.9,129.0,6.2
2026-04-14 22:00:00,2026,4,14,22,Sơn La,Xã Mường Bám,21.3762412,103.3881955,171.0,Unhealthy,3,26.7,42,0.0,5.6,255,934.3,62,71.0,78.5,466.0,9.8,116.0,6.3
2026-04-14 22:00:00,2026,4,14,22,Sơn La,Xã Mường Bám,21.3762412,103.3881955,154.0,Unhealthy,3,26.3,42,0.0,6.0,237,933.9,24,52.5,58.9,466.0,7.2,110.0,5.3
2026-04-14 23:00:00,2026,4,14,23,Sơn La,Xã Mường Bám,21.3762412,103.3881955,154.0,Unhealthy,3,25.7,43,0.0,6.1,242,933.6,37,52.4,59.1,491.0,7.8,102.0,5.2
2026-04-14 23:00:00,2026,4,14,23,Sơn La,Xã Mường Bám,21.3762412,103.3881955,170.0,Unhealthy,3,26.1,42,0.0,5.7,252,934.2,54,72.2,79.6,491.0,10.8,105.0,6.2
2026-04-15 00:00:00,2026,4,15,0,Sơn La,Xã Mường Bám,21.3762412,103.3881955,153.0,Unhealthy,3,25.4,44,0.0,6.0,245,933.3,39,52.6,59.6,512.0,8.4,95.0,5.0
2026-04-15 00:00:00,2026,4,15,0,Sơn La,Xã Mường Bám,21.3762412,103.3881955,169.0,Unhealthy,3,25.5,43,0.0,5.6,243,933.9,57,73.6,81.3,512.0,11.9,95.0,6.1
2026-04-15 01:00:00,2026,4,15,1,Sơn La,Xã Mường Bám,21.3762412,103.3881955,153.0,Unhealthy,3,25.0,45,0.0,6.2,234,933.0,15,53.7,61.0,530.0,9.2,89.0,4.9
2026-04-15 01:00:00,2026,4,15,1,Sơn La,Xã Mường Bám,21.3762412,103.3881955,168.0,Unhealthy,3,25.1,44,0.0,5.8,240,933.5,34,76.1,84.1,530.0,13.1,87.0,6.0
2026-04-15 02:00:00,2026,4,15,2,Sơn La,Xã Mường Bám,21.3762412,103.3881955,152.0,Unhealthy,3,24.2,47,0.0,5.9,232,932.4,0,55.4,62.9,542.0,10.5,82.0,5.0
2026-04-15 02:00:00,2026,4,15,2,Sơn La,Xã Mường Bám,21.3762412,103.3881955,167.0,Unhealthy,3,24.4,45,0.0,6.0,237,932.9,0,79.2,87.5,542.0,14.7,78.0,6.1
2026-04-15 03:00:00,2026,4,15,3,Sơn La,Xã Mường Bám,21.3762412,103.3881955,152.0,Unhealthy,3,23.6,48,0.0,5.5,238,931.8,6,57.4,65.2,550.0,11.9,76.0,5.1
2026-04-15 03:00:00,2026,4,15,3,Sơn La,Xã Mường Bám,21.3762412,103.3881955,166.0,Unhealthy,3,23.7,47,0.0,5.5,238,932.2,0,82.7,91.3,550.0,16.3,71.0,6.2
2026-04-15 04:00:00,2026,4,15,4,Sơn La,Xã Mường Bám,21.3762412,103.3881955,165.0,Unhealthy,3,23.0,49,0.0,5.7,235,932.1,0,86.1,95.0,556.0,17.3,67.0,6.4
2026-04-15 04:00:00,2026,4,15,4,Sơn La,Xã Mường Bám,21.3762412,103.3881955,151.0,Unhealthy,3,23.2,49,0.0,5.9,232,931.8,25,59.5,67.5,556.0,12.9,73.0,5.3
2026-04-15 05:00:00,2026,4,15,5,Sơn La,Xã Mường Bám,21.3762412,103.3881955,151.0,Unhealthy,3,22.9,50,0.0,5.9,232,932.1,10,61.7,70.1,568.0,13.5,71.0,5.4
2026-04-15 05:00:00,2026,4,15,5,Sơn La,Xã Mường Bám,21.3762412,103.3881955,164.0,Unhealthy,3,22.7,49,0.0,5.7,235,932.5,0,90.1,99.2,568.0,17.6,67.0,6.5
2026-04-15 06:00:00,2026,4,15,6,Sơn La,Xã Mường Bám,21.3762412,103.3881955,163.0,Unhealthy,3,22.5,51,0.0,5.5,238,933.1,0,94.8,104.5,580.0,17.3,71.0,6.7
2026-04-15 06:00:00,2026,4,15,6,Sơn La,Xã Mường Bám,21.3762412,103.3881955,150.0,Unhealthy for Sensitive Groups,2,22.7,51,0.0,5.7,235,932.8,20,64.7,73.3,580.0,13.7,71.0,5.6
2026-04-15 07:00:00,2026,4,15,7,Sơn La,Xã Mường Bám,21.3762412,103.3881955,162.0,Unhealthy,3,24.3,55,0.0,4.9,234,934.0,0,99.2,109.0,570.0,15.6,83.0,6.9
2026-04-15 07:00:00,2026,4,15,7,Sơn La,Xã Mường Bám,21.3762412,103.3881955,149.0,Unhealthy for Sensitive Groups,2,24.4,55,0.0,4.6,231,933.8,0,68.0,76.6,570.0,12.6,80.0,5.9
2026-04-15 08:00:00,2026,4,15,8,Sơn La,Xã Mường Bám,21.3762412,103.3881955,161.0,Unhealthy,3,28.7,48,0.0,4.2,211,935.1,0,94.1,101.5,525.0,11.3,111.0,7.3
2026-04-15 08:00:00,2026,4,15,8,Sơn La,Xã Mường Bám,21.3762412,103.3881955,147.0,Unhealthy for Sensitive Groups,2,28.7,49,0.0,4.2,211,934.9,0,64.5,71.0,525.0,9.2,105.0,6.5
2026-04-15 09:00:00,2026,4,15,9,Sơn La,Xã Mường Bám,21.3762412,103.3881955,161.0,Unhealthy,3,30.5,39,0.0,9.0,217,935.9,33,64.7,73.3,458.0,5.7,148.0,7.7
2026-04-15 09:00:00,2026,4,15,9,Sơn La,Xã Mường Bám,21.3762412,103.3881955,145.0,Unhealthy for Sensitive Groups,2,30.3,40,0.0,8.7,225,935.6,66,48.7,57.5,458.0,4.7,139.0,7.3
2026-04-15 10:00:00,2026,4,15,10,Sơn La,Xã Mường Bám,21.3762412,103.3881955,159.0,Unhealthy,3,31.2,37,0.0,15.9,231,935.8,70,45.8,53.3,398.0,1.7,175.0,7.8
2026-04-15 10:00:00,2026,4,15,10,Sơn La,Xã Mường Bám,21.3762412,103.3881955,143.0,Unhealthy for Sensitive Groups,2,30.8,39,0.0,14.7,234,935.6,58,38.0,46.3,398.0,1.4,164.0,7.7
2026-04-15 11:00:00,2026,4,15,11,Sơn La,Xã Mường Bám,21.3762412,103.3881955,141.0,Unhealthy for Sensitive Groups,2,31.6,37,0.0,18.8,241,935.3,51,32.7,40.6,347.0,0.6,170.0,7.3
2026-04-15 11:00:00,2026,4,15,11,Sơn La,Xã Mường Bám,21.3762412,103.3881955,159.0,Unhealthy,3,31.6,35,0.0,19.6,244,935.5,71,38.0,45.1,347.0,0.8,182.0,7.2
2026-04-15 12:00:00,2026,4,15,12,Sơn La,Xã Mường Bám,21.3762412,103.3881955,139.0,Unhealthy for Sensitive Groups,2,32.9,34,0.0,22.2,243,934.5,37,32.5,40.9,301.0,1.1,166.0,6.5
2026-04-15 12:00:00,2026,4,15,12,Sơn La,Xã Mường Bám,21.3762412,103.3881955,158.0,Unhealthy,3,32.8,33,0.0,22.4,242,934.8,61,37.4,44.8,301.0,1.5,178.0,6.2
2026-04-15 13:00:00,2026,4,15,13,Sơn La,Xã Mường Bám,21.3762412,103.3881955,137.0,Unhealthy for Sensitive Groups,2,33.9,31,0.0,22.4,244,933.6,46,34.6,43.3,277.0,1.7,164.0,5.8
2026-04-15 13:00:00,2026,4,15,13,Sơn La,Xã Mường Bám,21.3762412,103.3881955,157.0,Unhealthy,3,33.8,31,0.0,21.6,244,933.6,57,39.8,47.8,277.0,2.3,177.0,5.5
2026-04-15 14:00:00,2026,4,15,14,Sơn La,Xã Mường Bám,21.3762412,103.3881955,136.0,Unhealthy for Sensitive Groups,2,33.5,31,0.0,22.9,248,932.4,50,36.7,45.4,287.0,1.9,170.0,5.4
2026-04-15 14:00:00,2026,4,15,14,Sơn La,Xã Mường Bám,21.3762412,103.3881955,157.0,Unhealthy,3,33.5,30,0.0,23.0,243,932.5,39,43.0,51.1,287.0,2.6,186.0,5.2
2026-04-15 15:00:00,2026,4,15,15,Sơn La,Xã Mường Bám,21.3762412,103.3881955,135.0,Unhealthy for Sensitive Groups,2,33.7,31,0.0,22.7,237,931.2,24,38.3,46.7,319.0,2.1,179.0,5.1
2026-04-15 15:00:00,2026,4,15,15,Sơn La,Xã Mường Bám,21.3762412,103.3881955,157.0,Unhealthy,3,33.5,30,0.0,23.9,236,931.5,14,45.3,53.1,319.0,2.9,197.0,5.2
2026-04-15 16:00:00,2026,4,15,16,Sơn La,Xã Mường Bám,21.3762412,103.3881955,135.0,Unhealthy for Sensitive Groups,2,33.5,30,0.0,22.4,233,930.6,68,39.1,47.1,350.0,2.5,181.0,4.9
2026-04-15 16:00:00,2026,4,15,16,Sơn La,Xã Mường Bám,21.3762412,103.3881955,156.0,Unhealthy,3,33.5,30,0.0,21.0,231,930.8,41,46.3,53.9,350.0,3.4,200.0,5.2
2026-04-15 17:00:00,2026,4,15,17,Sơn La,Xã Mường Bám,21.3762412,103.3881955,150.0,Unhealthy for Sensitive Groups,2,33.1,30,0.0,21.1,240,930.6,58,39.8,47.1,375.0,3.2,172.0,4.8
2026-04-15 17:00:00,2026,4,15,17,Sơn La,Xã Mường Bám,21.3762412,103.3881955,168.0,Unhealthy,3,32.9,29,0.0,21.1,233,930.8,65,46.7,53.7,375.0,4.2,189.0,5.2
2026-04-15 18:00:00,2026,4,15,18,Sơn La,Xã Mường Bám,21.3762412,103.3881955,174.0,Unhealthy,3,31.8,31,0.0,13.7,243,931.2,21,46.7,53.0,400.0,5.3,171.0,5.3
2026-04-15 18:00:00,2026,4,15,18,Sơn La,Xã Mường Bám,21.3762412,103.3881955,155.0,Unhealthy,3,31.9,31,0.0,15.5,245,931.1,7,40.4,46.9,400.0,4.1,157.0,4.9
2026-04-15 19:00:00,2026,4,15,19,Sơn La,Xã Mường Bám,21.3762412,103.3881955,173.0,Unhealthy,3,29.6,36,0.0,7.6,239,931.7,47,50.4,56.7,421.0,6.5,153.0,5.4
2026-04-15 19:00:00,2026,4,15,19,Sơn La,Xã Mường Bám,21.3762412,103.3881955,154.0,Unhealthy,3,29.8,36,0.0,9.7,239,931.6,31,42.6,49.1,421.0,5.1,142.0,5.0
2026-04-15 20:00:00,2026,4,15,20,Sơn La,Xã Mường Bám,21.3762412,103.3881955,169.0,Unhealthy,3,29.1,35,0.0,9.3,242,932.7,49,55.6,62.4,434.0,7.9,138.0,5.6
2026-04-15 20:00:00,2026,4,15,20,Sơn La,Xã Mường Bám,21.3762412,103.3881955,150.0,Unhealthy for Sensitive Groups,2,29.1,36,0.0,10.0,240,932.4,19,45.2,51.9,434.0,6.1,129.0,5.1
2026-04-15 21:00:00,2026,4,15,21,Sơn La,Xã Mường Bám,21.3762412,103.3881955,142.0,Unhealthy for Sensitive Groups,2,28.1,39,0.0,6.6,248,932.9,61,46.8,53.8,444.0,7.1,116.0,5.3
2026-04-15 21:00:00,2026,4,15,21,Sơn La,Xã Mường Bám,21.3762412,103.3881955,162.0,Unhealthy,3,28.2,38,0.0,6.8,245,933.2,42,59.3,66.1,444.0,9.3,123.0,6.0
2026-04-15 22:00:00,2026,4,15,22,Sơn La,Xã Mường Bám,21.3762412,103.3881955,155.0,Unhealthy,3,27.3,41,0.0,6.6,241,933.4,45,61.7,68.7,455.0,10.8,110.0,6.2
2026-04-15 22:00:00,2026,4,15,22,Sơn La,Xã Mường Bám,21.3762412,103.3881955,132.0,Unhealthy for Sensitive Groups,2,27.0,43,0.0,6.0,245,933.2,40,48.4,55.5,455.0,8.1,105.0,5.4
2026-04-15 23:00:00,2026,4,15,23,Sơn La,Xã Mường Bám,21.3762412,103.3881955,154.0,Unhealthy,3,26.9,42,0.0,6.8,238,933.2,38,64.5,71.9,471.0,12.1,100.0,6.3
2026-04-15 23:00:00,2026,4,15,23,Sơn La,Xã Mường Bám,21.3762412,103.3881955,131.0,Unhealthy for Sensitive Groups,2,26.2,45,0.0,6.2,234,932.9,14,49.8,57.2,471.0,9.1,96.0,5.4
2026-04-16 00:00:00,2026,4,16,0,Sơn La,Xã Mường Bám,21.3762412,103.3881955,154.0,Unhealthy,3,26.3,43,0.0,6.2,234,933.1,39,68.0,75.7,489.0,13.4,92.0,6.3
2026-04-16 00:00:00,2026,4,16,0,Sơn La,Xã Mường Bám,21.3762412,103.3881955,131.0,Unhealthy for Sensitive Groups,2,25.9,45,0.0,6.6,229,932.7,21,51.5,59.0,489.0,10.2,89.0,5.3
2026-04-16 01:00:00,2026,4,16,1,Sơn La,Xã Mường Bám,21.3762412,103.3881955,154.0,Unhealthy,3,25.3,46,0.0,6.2,234,932.9,33,72.2,80.3,505.0,14.8,85.0,6.4
2026-04-16 01:00:00,2026,4,16,1,Sơn La,Xã Mường Bám,21.3762412,103.3881955,131.0,Unhealthy for Sensitive Groups,2,25.4,46,0.0,6.4,232,932.5,32,53.6,61.5,505.0,11.3,83.0,5.2
2026-04-16 02:00:00,2026,4,16,2,Sơn La,Xã Mường Bám,21.3762412,103.3881955,154.0,Unhealthy,3,25.0,46,0.0,6.4,232,932.7,60,77.1,85.0,517.0,16.6,76.0,6.5
2026-04-16 02:00:00,2026,4,16,2,Sơn La,Xã Mường Bám,21.3762412,103.3881955,131.0,Unhealthy for Sensitive Groups,2,24.9,47,0.0,5.5,238,932.3,13,56.0,64.0,517.0,12.7,76.0,5.2
2026-04-16 03:00:00,2026,4,16,3,Sơn La,Xã Mường Bám,21.3762412,103.3881955,131.0,Unhealthy for Sensitive Groups,2,24.2,49,0.0,5.4,228,932.2,46,58.7,66.8,526.0,14.1,68.0,5.3
2026-04-16 03:00:00,2026,4,16,3,Sơn La,Xã Mường Bám,21.3762412,103.3881955,154.0,Unhealthy,3,24.8,47,0.0,5.1,225,932.5,49,82.0,89.9,526.0,18.4,67.0,6.6
2026-04-16 04:00:00,2026,4,16,4,Sơn La,Xã Mường Bám,21.3762412,103.3881955,131.0,Unhealthy for Sensitive Groups,2,24.3,49,0.0,5.5,238,932.5,72,61.2,69.4,532.0,14.9,65.0,5.4
2026-04-16 04:00:00,2026,4,16,4,Sơn La,Xã Mường Bám,21.3762412,103.3881955,154.0,Unhealthy,3,24.3,50,0.0,5.4,228,932.6,70,86.4,94.1,532.0,19.4,63.0,6.7
2026-04-16 05:00:00,2026,4,16,5,Sơn La,Xã Mường Bám,21.3762412,103.3881955,131.0,Unhealthy for Sensitive Groups,2,24.2,50,0.0,5.0,249,933.1,47,64.0,71.9,543.0,15.0,65.0,5.5
2026-04-16 05:00:00,2026,4,16,5,Sơn La,Xã Mường Bám,21.3762412,103.3881955,154.0,Unhealthy,3,24.1,52,0.0,4.7,247,933.1,61,90.3,98.0,543.0,19.3,65.0,6.8
2026-04-16 06:00:00,2026,4,16,6,Sơn La,Xã Mường Bám,21.3762412,103.3881955,154.0,Unhealthy,3,23.6,55,0.0,4.0,265,933.8,62,94.5,102.0,552.0,18.4,71.0,6.9
2026-04-16 06:00:00,2026,4,16,6,Sơn La,Xã Mường Bám,21.3762412,103.3881955,132.0,Unhealthy for Sensitive Groups,2,23.7,53,0.0,4.5,256,933.8,65,67.3,75.4,552.0,14.6,69.0,5.6
2026-04-16 07:00:00,2026,4,16,7,Sơn La,Xã Mường Bám,21.3762412,103.3881955,132.0,Unhealthy for Sensitive Groups,2,24.4,60,0.0,3.0,256,934.8,55,70.8,78.7,536.0,13.0,79.0,5.8
2026-04-16 07:00:00,2026,4,16,7,Sơn La,Xã Mường Bám,21.3762412,103.3881955,154.0,Unhealthy,3,24.2,62,0.0,3.6,276,934.9,52,98.3,105.5,536.0,16.2,83.0,6.9
2026-04-16 08:00:00,2026,4,16,8,Sơn La,Xã Mường Bám,21.3762412,103.3881955,132.0,Unhealthy for Sensitive Groups,2,28.2,52,0.0,1.5,256,936.0,49,66.8,72.4,471.0,9.4,101.0,6.3
2026-04-16 08:00:00,2026,4,16,8,Sơn La,Xã Mường Bám,21.3762412,103.3881955,154.0,Unhealthy,3,28.3,50,0.0,2.3,288,936.3,48,92.2,97.8,471.0,11.6,106.0,6.9
2026-04-16 09:00:00,2026,4,16,9,Sơn La,Xã Mường Bám,21.3762412,103.3881955,132.0,Unhealthy for Sensitive Groups,2,30.2,40,0.0,3.4,212,936.7,45,47.3,53.3,381.0,4.8,130.0,6.9
2026-04-16 09:00:00,2026,4,16,9,Sơn La,Xã Mường Bám,21.3762412,103.3881955,154.0,Unhealthy,3,29.9,40,0.0,3.1,249,937.1,54,52.7,58.1,381.0,5.8,136.0,6.9
2026-04-16 10:00:00,2026,4,16,10,Sơn La,Xã Mường Bám,21.3762412,103.3881955,154.0,Unhealthy,3,30.9,35,0.0,9.3,242,937.3,70,33.3,38.3,312.0,1.7,158.0,6.6
2026-04-16 10:00:00,2026,4,16,10,Sơn La,Xã Mường Bám,21.3762412,103.3881955,132.0,Unhealthy for Sensitive Groups,2,31.4,34,0.0,10.0,232,936.8,54,30.6,36.6,312.0,1.4,152.0,7.0
2026-04-16 11:00:00,2026,4,16,11,Sơn La,Xã Mường Bám,21.3762412,103.3881955,153.0,Unhealthy,3,31.6,33,0.0,13.0,251,936.8,62,31.8,37.6,286.0,0.7,166.0,5.9
2026-04-16 11:00:00,2026,4,16,11,Sơn La,Xã Mường Bám,21.3762412,103.3881955,132.0,Unhealthy for Sensitive Groups,2,32.1,33,0.0,13.4,250,936.4,48,27.6,34.1,286.0,0.6,159.0,6.2
2026-04-16 12:00:00,2026,4,16,12,Sơn La,Xã Mường Bám,21.3762412,103.3881955,153.0,Unhealthy,3,32.3,33,0.0,14.2,254,936.0,69,33.3,39.9,282.0,1.4,168.0,4.9
2026-04-16 12:00:00,2026,4,16,12,Sơn La,Xã Mường Bám,21.3762412,103.3881955,131.0,Unhealthy for Sensitive Groups,2,32.6,33,0.0,15.4,259,935.6,34,28.6,36.4,282.0,1.1,158.0,5.0
2026-04-16 13:00:00,2026,4,16,13,Sơn La,Xã Mường Bám,21.3762412,103.3881955,153.0,Unhealthy,3,33.4,31,0.0,15.8,249,935.1,0,35.2,42.3,284.0,2.2,171.0,4.2
2026-04-16 13:00:00,2026,4,16,13,Sơn La,Xã Mường Bám,21.3762412,103.3881955,131.0,Unhealthy for Sensitive Groups,2,33.7,31,0.0,14.9,262,934.6,0,30.0,38.5,284.0,1.6,159.0,4.1
2026-04-16 14:00:00,2026,4,16,14,Sơn La,Xã Mường Bám,21.3762412,103.3881955,130.0,Unhealthy for Sensitive Groups,2,34.0,29,0.0,17.6,255,933.6,42,32.0,40.4,288.0,1.7,167.0,3.9
2026-04-16 14:00:00,2026,4,16,14,Sơn La,Xã Mường Bám,21.3762412,103.3881955,153.0,Unhealthy,3,34.0,29,0.0,17.7,246,934.0,49,38.0,44.9,288.0,2.4,182.0,4.0
2026-04-16 15:00:00,2026,4,16,15,Sơn La,Xã Mường Bám,21.3762412,103.3881955,153.0,Unhealthy,3,33.9,28,0.0,19.0,243,933.1,42,41.0,47.8,298.0,2.6,194.0,4.1
2026-04-16 15:00:00,2026,4,16,15,Sơn La,Xã Mường Bám,21.3762412,103.3881955,130.0,Unhealthy for Sensitive Groups,2,34.1,28,0.0,19.9,250,932.9,38,33.9,42.1,298.0,1.9,176.0,3.9
2026-04-16 16:00:00,2026,4,16,16,Sơn La,Xã Mường Bám,21.3762412,103.3881955,153.0,Unhealthy,3,33.5,27,0.0,17.7,246,932.6,82,43.2,50.1,311.0,3.3,199.0,4.4
2026-04-16 16:00:00,2026,4,16,16,Sơn La,Xã Mường Bám,21.3762412,103.3881955,129.0,Unhealthy for Sensitive Groups,2,33.3,29,0.0,19.9,248,932.2,83,35.5,43.8,311.0,2.4,179.0,4.1
2026-04-16 17:00:00,2026,4,16,17,Sơn La,Xã Mường Bám,21.3762412,103.3881955,157.0,Unhealthy,3,32.9,29,0.0,16.5,254,932.4,47,45.4,51.8,326.0,4.8,191.0,4.8
2026-04-16 17:00:00,2026,4,16,17,Sơn La,Xã Mường Bám,21.3762412,103.3881955,139.0,Unhealthy for Sensitive Groups,2,32.7,31,0.0,16.2,249,932.3,45,37.0,45.1,326.0,3.4,172.0,4.3
2026-04-16 18:00:00,2026,4,16,18,Sơn La,Xã Mường Bám,21.3762412,103.3881955,148.0,Unhealthy for Sensitive Groups,2,31.8,32,0.0,10.4,250,932.4,37,38.8,46.3,344.0,4.8,159.0,4.7
2026-04-16 18:00:00,2026,4,16,18,Sơn La,Xã Mường Bám,21.3762412,103.3881955,165.0,Unhealthy,3,31.8,30,0.0,11.6,265,932.7,51,47.3,53.2,344.0,6.7,176.0,5.3
2026-04-16 19:00:00,2026,4,16,19,Sơn La,Xã Mường Bám,21.3762412,103.3881955,149.0,Unhealthy for Sensitive Groups,2,29.5,38,0.0,5.7,252,932.9,40,44.0,51.6,361.0,6.1,146.0,5.0
2026-04-16 19:00:00,2026,4,16,19,Sơn La,Xã Mường Bám,21.3762412,103.3881955,168.0,Unhealthy,3,29.9,35,0.0,5.8,270,933.2,48,58.0,64.0,361.0,8.4,160.0,5.8
2026-04-16 20:00:00,2026,4,16,20,Sơn La,Xã Mường Bám,21.3762412,103.3881955,146.0,Unhealthy for Sensitive Groups,2,27.8,43,0.0,5.4,233,933.5,26,48.4,56.2,377.0,7.4,134.0,5.4
2026-04-16 20:00:00,2026,4,16,20,Sơn La,Xã Mường Bám,21.3762412,103.3881955,167.0,Unhealthy,3,28.5,40,0.0,4.2,250,933.6,66,64.5,70.5,377.0,9.8,144.0,6.2
2026-04-16 21:00:00,2026,4,16,21,Sơn La,Xã Mường Bám,21.3762412,103.3881955,163.0,Unhealthy,3,27.0,45,0.0,5.2,245,934.1,59,69.4,75.4,392.0,11.0,128.0,6.5
2026-04-16 21:00:00,2026,4,16,21,Sơn La,Xã Mường Bám,21.3762412,103.3881955,141.0,Unhealthy for Sensitive Groups,2,26.7,47,0.0,4.8,243,934.1,18,52.3,60.3,392.0,8.7,121.0,5.8
2026-04-16 22:00:00,2026,4,16,22,Sơn La,Xã Mường Bám,21.3762412,103.3881955,133.0,Unhealthy for Sensitive Groups,2,25.0,54,0.0,5.5,293,934.6,36,55.6,63.8,409.0,9.8,110.0,6.1
2026-04-16 22:00:00,2026,4,16,22,Sơn La,Xã Mường Bám,21.3762412,103.3881955,157.0,Unhealthy,3,26.3,47,0.0,5.2,258,934.6,47,72.9,78.9,409.0,12.1,114.0,6.8
2026-04-16 23:00:00,2026,4,16,23,Sơn La,Xã Mường Bám,21.3762412,103.3881955,153.0,Unhealthy,3,25.2,51,0.0,5.1,262,934.6,20,75.0,81.5,430.0,12.8,105.0,6.9
2026-04-16 23:00:00,2026,4,16,23,Sơn La,Xã Mường Bám,21.3762412,103.3881955,130.0,Unhealthy for Sensitive Groups,2,24.2,57,0.0,5.0,300,934.7,13,58.3,66.6,430.0,10.5,102.0,6.2
2026-04-17 00:00:00,2026,4,17,0,Sơn La,Xã Mường Bám,21.3762412,103.3881955,154.0,Unhealthy,3,24.3,52,0.0,5.8,263,934.6,22,75.9,82.7,453.0,13.4,100.0,6.8
2026-04-17 00:00:00,2026,4,17,0,Sơn La,Xã Mường Bám,21.3762412,103.3881955,131.0,Unhealthy for Sensitive Groups,2,23.7,58,0.0,4.3,294,934.4,3,59.8,68.2,453.0,11.0,97.0,6.2
2026-04-17 01:00:00,2026,4,17,1,Sơn La,Xã Mường Bám,21.3762412,103.3881955,132.0,Unhealthy for Sensitive Groups,2,23.4,59,0.0,4.7,279,934.1,39,60.8,69.4,474.0,11.7,92.0,6.2
2026-04-17 01:00:00,2026,4,17,1,Sơn La,Xã Mường Bám,21.3762412,103.3881955,154.0,Unhealthy,3,24.0,51,0.0,5.4,266,934.3,28,78.5,85.2,474.0,14.3,94.0,6.9
2026-04-17 02:00:00,2026,4,17,2,Sơn La,Xã Mường Bám,21.3762412,103.3881955,154.0,Unhealthy,3,23.6,51,0.0,4.8,257,934.1,13,82.2,89.4,491.0,16.0,86.0,7.2
2026-04-17 02:00:00,2026,4,17,2,Sơn La,Xã Mường Bám,21.3762412,103.3881955,133.0,Unhealthy for Sensitive Groups,2,23.2,60,0.0,4.3,275,934.0,45,62.2,71.0,491.0,12.8,87.0,6.3
2026-04-17 03:00:00,2026,4,17,3,Sơn La,Xã Mường Bám,21.3762412,103.3881955,154.0,Unhealthy,3,23.2,52,0.0,4.9,234,933.9,37,87.1,94.8,506.0,18.0,78.0,7.5
2026-04-17 03:00:00,2026,4,17,3,Sơn La,Xã Mường Bám,21.3762412,103.3881955,133.0,Unhealthy for Sensitive Groups,2,23.2,60,0.0,4.0,275,933.8,50,64.5,73.3,506.0,14.1,82.0,6.5
2026-04-17 04:00:00,2026,4,17,4,Sơn La,Xã Mường Bám,21.3762412,103.3881955,154.0,Unhealthy,3,22.9,52,0.0,4.6,219,933.8,9,92.4,100.4,524.0,19.5,74.0,7.9
2026-04-17 04:00:00,2026,4,17,4,Sơn La,Xã Mường Bám,21.3762412,103.3881955,134.0,Unhealthy for Sensitive Groups,2,23.3,60,0.0,3.2,270,933.9,56,67.5,76.8,524.0,15.0,79.0,6.7
2026-04-17 05:00:00,2026,4,17,5,Sơn La,Xã Mường Bám,21.3762412,103.3881955,135.0,Unhealthy for Sensitive Groups,2,23.3,62,0.0,1.8,259,934.3,52,71.0,80.8,556.0,15.7,77.0,6.8
2026-04-17 05:00:00,2026,4,17,5,Sơn La,Xã Mường Bám,21.3762412,103.3881955,154.0,Unhealthy,3,22.5,56,0.0,3.9,214,934.2,39,98.0,106.2,556.0,20.6,74.0,8.4
2026-04-17 06:00:00,2026,4,17,6,Sơn La,Xã Mường Bám,21.3762412,103.3881955,135.0,Unhealthy for Sensitive Groups,2,23.3,65,0.0,0.7,180,935.1,48,75.0,85.0,592.0,15.9,76.0,7.0
2026-04-17 06:00:00,2026,4,17,6,Sơn La,Xã Mường Bám,21.3762412,103.3881955,155.0,Unhealthy,3,22.8,57,0.0,3.1,216,935.1,50,104.1,112.5,592.0,21.1,79.0,9.0
2026-04-17 07:00:00,2026,4,17,7,Sơn La,Xã Mường Bám,21.3762412,103.3881955,155.0,Unhealthy,3,24.3,57,0.0,2.6,196,936.1,59,111.1,120.1,603.0,19.6,91.0,9.0
2026-04-17 07:00:00,2026,4,17,7,Sơn La,Xã Mường Bám,21.3762412,103.3881955,136.0,Unhealthy for Sensitive Groups,2,24.1,64,0.0,1.6,153,935.8,44,79.2,89.4,603.0,14.8,85.0,7.0
2026-04-17 08:00:00,2026,4,17,8,Sơn La,Xã Mường Bám,21.3762412,103.3881955,155.0,Unhealthy,3,26.3,52,0.0,2.4,207,936.8,55,104.1,112.0,570.0,14.4,117.0,8.2
2026-04-17 08:00:00,2026,4,17,8,Sơn La,Xã Mường Bám,21.3762412,103.3881955,137.0,Unhealthy for Sensitive Groups,2,26.2,57,0.0,2.2,180,936.4,53,74.5,82.4,570.0,11.0,111.0,6.9
2026-04-17 09:00:00,2026,4,17,9,Sơn La,Xã Mường Bám,21.3762412,103.3881955,138.0,Unhealthy for Sensitive Groups,2,29.1,47,0.0,3.7,209,937.2,61,55.8,65.0,513.0,5.7,147.0,6.8
2026-04-17 09:00:00,2026,4,17,9,Sơn La,Xã Mường Bám,21.3762412,103.3881955,155.0,Unhealthy,3,29.0,44,0.0,2.8,220,937.5,51,63.6,72.2,513.0,7.3,150.0,6.8
2026-04-17 10:00:00,2026,4,17,10,Sơn La,Xã Mường Bám,21.3762412,103.3881955,156.0,Unhealthy,3,31.2,38,0.0,4.4,235,937.8,47,46.2,57.6,465.0,2.1,174.0,5.7
2026-04-17 10:00:00,2026,4,17,10,Sơn La,Xã Mường Bám,21.3762412,103.3881955,139.0,Unhealthy for Sensitive Groups,2,31.4,39,0.0,5.6,230,937.5,70,44.2,54.8,465.0,1.9,173.0,6.5
2026-04-17 11:00:00,2026,4,17,11,Sơn La,Xã Mường Bám,21.3762412,103.3881955,140.0,Unhealthy for Sensitive Groups,2,32.6,35,0.0,8.4,250,937.1,49,42.0,55.2,437.0,0.9,182.0,5.9
2026-04-17 11:00:00,2026,4,17,11,Sơn La,Xã Mường Bám,21.3762412,103.3881955,156.0,Unhealthy,3,32.6,34,0.0,8.4,245,937.3,31,43.5,56.6,437.0,0.8,180.0,5.0
2026-04-17 12:00:00,2026,4,17,12,Sơn La,Xã Mường Bám,21.3762412,103.3881955,142.0,Unhealthy for Sensitive Groups,2,33.4,33,0.0,12.7,262,936.2,28,43.8,59.1,418.0,1.3,181.0,5.2
2026-04-17 12:00:00,2026,4,17,12,Sơn La,Xã Mường Bám,21.3762412,103.3881955,156.0,Unhealthy,3,33.6,32,0.0,13.7,247,936.4,16,45.3,59.4,418.0,1.5,176.0,4.4
2026-04-17 13:00:00,2026,4,17,13,Sơn La,Xã Mường Bám,21.3762412,103.3881955,143.0,Unhealthy for Sensitive Groups,2,33.9,31,0.0,15.5,267,935.4,7,45.2,60.3,414.0,1.8,181.0,4.7
2026-04-17 13:00:00,2026,4,17,13,Sơn La,Xã Mường Bám,21.3762412,103.3881955,156.0,Unhealthy,3,34.2,30,0.0,17.4,248,935.5,0,48.5,62.6,414.0,2.3,176.0,4.1
2026-04-17 14:00:00,2026,4,17,14,Sơn La,Xã Mường Bám,21.3762412,103.3881955,145.0,Unhealthy for Sensitive Groups,2,34.2,29,0.0,16.2,269,934.6,22,46.3,61.7,434.0,1.9,185.0,4.5
2026-04-17 14:00:00,2026,4,17,14,Sơn La,Xã Mường Bám,21.3762412,103.3881955,157.0,Unhealthy,3,34.4,28,0.0,17.8,249,934.6,6,53.2,67.8,434.0,2.5,187.0,4.1
2026-04-17 15:00:00,2026,4,17,15,Sơn La,Xã Mường Bám,21.3762412,103.3881955,157.0,Unhealthy,3,34.1,27,0.0,16.5,250,933.7,12,58.1,73.8,469.0,2.9,202.0,4.4
2026-04-17 15:00:00,2026,4,17,15,Sơn La,Xã Mường Bám,21.3762412,103.3881955,146.0,Unhealthy for Sensitive Groups,2,34.3,28,0.0,15.5,267,933.7,36,47.7,62.9,469.0,2.1,189.0,4.5
2026-04-17 16:00:00,2026,4,17,16,Sơn La,Xã Mường Bám,21.3762412,103.3881955,157.0,Unhealthy,3,33.6,27,0.0,14.9,250,933.2,18,61.9,77.1,495.0,3.6,207.0,4.7
2026-04-17 16:00:00,2026,4,17,16,Sơn La,Xã Mường Bám,21.3762412,103.3881955,153.0,Unhealthy,3,34.0,28,0.0,13.4,265,933.1,51,49.8,65.0,495.0,2.6,187.0,4.5
2026-04-17 17:00:00,2026,4,17,17,Sơn La,Xã Mường Bám,21.3762412,103.3881955,165.0,Unhealthy,3,33.1,29,0.0,9.5,259,933.0,58,54.0,68.5,498.0,3.6,175.0,4.6
2026-04-17 17:00:00,2026,4,17,17,Sơn La,Xã Mường Bám,21.3762412,103.3881955,169.0,Unhealthy,3,33.0,26,0.0,13.6,248,933.3,32,68.0,82.7,498.0,4.9,194.0,5.2
2026-04-17 18:00:00,2026,4,17,18,Sơn La,Xã Mường Bám,21.3762412,103.3881955,176.0,Unhealthy,3,32.1,26,0.0,12.1,243,933.6,46,72.4,83.8,493.0,6.5,171.0,5.7
2026-04-17 18:00:00,2026,4,17,18,Sơn La,Xã Mường Bám,21.3762412,103.3881955,169.0,Unhealthy,3,31.8,31,0.0,5.2,236,933.2,64,59.8,71.9,493.0,4.9,158.0,4.8
2026-04-17 19:00:00,2026,4,17,19,Sơn La,Xã Mường Bám,21.3762412,103.3881955,176.0,Unhealthy,3,30.9,30,0.0,9.3,234,934.1,60,73.6,81.7,494.0,7.8,149.0,6.0
2026-04-17 19:00:00,2026,4,17,19,Sơn La,Xã Mường Bám,21.3762412,103.3881955,167.0,Unhealthy,3,30.3,36,0.0,4.0,175,933.6,71,59.5,67.3,494.0,5.8,142.0,4.9
2026-04-17 20:00:00,2026,4,17,20,Sơn La,Xã Mường Bám,21.3762412,103.3881955,171.0,Unhealthy,3,29.2,42,0.0,5.0,201,934.8,62,71.9,77.8,513.0,8.4,130.0,6.0
2026-04-17 20:00:00,2026,4,17,20,Sơn La,Xã Mường Bám,21.3762412,103.3881955,160.0,Unhealthy,3,28.7,47,0.0,6.1,140,934.4,67,60.5,67.8,513.0,6.0,129.0,4.8
2026-04-17 21:00:00,2026,4,17,21,Sơn La,Xã Mường Bám,21.3762412,103.3881955,163.0,Unhealthy,3,27.2,59,0.0,6.5,124,935.7,63,69.2,73.1,538.0,8.8,112.0,5.7
2026-04-17 21:00:00,2026,4,17,21,Sơn La,Xã Mường Bám,21.3762412,103.3881955,152.0,Unhealthy,3,26.9,61,0.0,8.2,128,935.4,64,50.9,54.9,538.0,5.9,118.0,4.5
2026-04-17 22:00:00,2026,4,17,22,Sơn La,Xã Mường Bám,21.3762412,103.3881955,159.0,Unhealthy,3,25.6,72,0.0,10.5,106,936.3,65,65.4,68.2,556.0,9.2,97.0,5.4
2026-04-17 22:00:00,2026,4,17,22,Sơn La,Xã Mường Bám,21.3762412,103.3881955,151.0,Unhealthy,3,25.5,72,0.0,9.7,121,936.1,60,46.2,48.9,556.0,6.1,106.0,4.3
2026-04-17 23:00:00,2026,4,17,23,Sơn La,Xã Mường Bám,21.3762412,103.3881955,159.0,Unhealthy,3,24.6,77,0.0,10.4,104,936.2,62,62.2,63.8,560.0,9.9,85.0,5.1
2026-04-17 23:00:00,2026,4,17,23,Sơn La,Xã Mường Bám,21.3762412,103.3881955,151.0,Unhealthy,3,24.8,76,0.0,9.3,118,936.1,69,43.4,45.3,560.0,7.0,93.0,4.1
2026-04-18 00:00:00,2026,4,18,0,Sơn La,Xã Mường Bám,21.3762412,103.3881955,159.0,Unhealthy,3,24.0,78,0.0,7.6,109,935.8,60,59.1,60.3,556.0,10.8,77.0,4.6
2026-04-18 00:00:00,2026,4,18,0,Sơn La,Xã Mường Bám,21.3762412,103.3881955,151.0,Unhealthy,3,24.4,77,0.0,7.4,113,935.7,79,40.7,42.0,556.0,8.2,80.0,3.9
2026-04-18 01:00:00,2026,4,18,1,Sơn La,Xã Mường Bám,21.3762412,103.3881955,158.0,Unhealthy,3,23.5,79,0.0,5.6,117,935.5,57,56.9,57.6,550.0,11.6,69.0,4.3
2026-04-18 01:00:00,2026,4,18,1,Sơn La,Xã Mường Bám,21.3762412,103.3881955,150.0,Unhealthy for Sensitive Groups,2,24.1,77,0.0,6.0,107,935.4,88,38.5,39.3,550.0,8.9,72.0,3.7
2026-04-18 02:00:00,2026,4,18,2,Sơn La,Xã Mường Bám,21.3762412,103.3881955,149.0,Unhealthy for Sensitive Groups,2,23.7,78,0.0,5.6,105,935.1,87,37.1,37.6,540.0,8.8,71.0,3.5
2026-04-18 02:00:00,2026,4,18,2,Sơn La,Xã Mường Bám,21.3762412,103.3881955,158.0,Unhealthy,3,23.0,81,0.0,4.3,114,935.3,68,55.2,55.8,540.0,12.7,61.0,4.1
2026-04-18 03:00:00,2026,4,18,3,Sơn La,Xã Mường Bám,21.3762412,103.3881955,146.0,Unhealthy for Sensitive Groups,2,23.3,80,0.0,5.2,102,934.8,87,36.6,36.9,528.0,8.3,76.0,3.3
2026-04-18 03:00:00,2026,4,18,3,Sơn La,Xã Mường Bám,21.3762412,103.3881955,157.0,Unhealthy,3,22.6,83,0.0,3.9,112,935.1,79,54.1,54.6,528.0,13.8,54.0,3.9
2026-04-18 04:00:00,2026,4,18,4,Sơn La,Xã Mường Bám,21.3762412,103.3881955,143.0,Unhealthy for Sensitive Groups,2,23.1,81,0.0,4.7,99,934.9,86,30.4,30.7,520.0,7.7,80.0,3.0
2026-04-18 04:00:00,2026,4,18,4,Sơn La,Xã Mường Bám,21.3762412,103.3881955,157.0,Unhealthy,3,22.4,85,0.0,3.3,103,935.1,90,53.4,53.8,520.0,14.1,52.0,3.7
2026-04-18 05:00:00,2026,4,18,5,Sơn La,Xã Mường Bám,21.3762412,103.3881955,156.0,Unhealthy,3,22.3,86,0.0,3.3,96,935.5,89,53.1,53.4,520.0,13.3,54.0,3.6
2026-04-18 05:00:00,2026,4,18,5,Sơn La,Xã Mường Bám,21.3762412,103.3881955,140.0,Unhealthy for Sensitive Groups,2,23.0,83,0.0,4.3,90,935.3,90,29.7,30.2,520.0,7.0,84.0,2.7
2026-04-18 06:00:00,2026,4,18,6,Sơn La,Xã Mường Bám,21.3762412,103.3881955,135.0,Unhealthy for Sensitive Groups,2,23.0,84,0.0,3.7,79,935.9,95,30.4,30.9,524.0,6.1,87.0,2.3
2026-04-18 06:00:00,2026,4,18,6,Sơn La,Xã Mường Bám,21.3762412,103.3881955,155.0,Unhealthy,3,22.5,87,0.0,3.6,96,936.1,87,53.1,53.3,524.0,11.8,60.0,3.5
2026-04-18 07:00:00,2026,4,18,7,Sơn La,Xã Mường Bám,21.3762412,103.3881955,131.0,Unhealthy for Sensitive Groups,2,23.4,83,0.0,3.7,79,936.6,99,28.8,29.4,526.0,5.5,90.0,2.0
2026-04-18 07:00:00,2026,4,18,7,Sơn La,Xã Mường Bám,21.3762412,103.3881955,154.0,Unhealthy,3,23.1,85,0.0,4.0,95,936.7,86,44.1,44.4,577.8,9.9,73.0,3.3
2026-04-18 08:00:00,2026,4,18,8,Sơn La,Xã Mường Bám,21.3762412,103.3881955,125.0,Unhealthy for Sensitive Groups,2,24.5,78,0.0,4.3,90,937.3,93,36.1,36.8,526.0,8.5,84.5,3.05
2026-04-18 08:00:00,2026,4,18,8,Sơn La,Xã Mường Bám,21.3762412,103.3881955,152.0,Unhealthy,3,24.2,80,0.0,4.7,86,937.4,85,28.1,29.2,586.5,7.1,96.0,2.8
2026-04-18 09:00:00,2026,4,18,9,Sơn La,Xã Mường Bám,21.3762412,103.3881955,151.5,Unhealthy,3,26.0,71,0.0,5.2,102,938.0,87,27.5,28.85,526.0,5.5,110.5,2.5
2026-04-18 09:00:00,2026,4,18,9,Sơn La,Xã Mường Bám,21.3762412,103.3881955,151.0,Unhealthy,3,25.8,73,0.0,5.4,82,938.2,85,26.9,28.5,537.2,3.9,125.0,2.2
2026-04-18 10:00:00,2026,4,18,10,Sơn La,Xã Mường Bám,21.3762412,103.3881955,150.0,Unhealthy for Sensitive Groups,2,27.6,64,0.0,6.1,118,938.2,81,28.95,30.85,508.1,2.8,138.5,2.1
2026-04-18 10:00:00,2026,4,18,10,Sơn La,Xã Mường Bám,21.3762412,103.3881955,149.0,Unhealthy for Sensitive Groups,2,27.4,66,0.0,5.0,90,938.5,84,31.0,33.2,479.0,1.7,152.0,2.0
2026-04-18 11:00:00,2026,4,18,11,Sơn La,Xã Mường Bám,21.3762412,103.3881955,148.5,Unhealthy for Sensitive Groups,2,29.1,59,0.0,7.0,145,937.8,81,34.7,37.5,489.0,1.5,162.0,2.3
2026-04-18 11:00:00,2026,4,18,11,Sơn La,Xã Mường Bám,21.3762412,103.3881955,148.0,Unhealthy for Sensitive Groups,2,29.1,59,0.0,4.7,148,938.0,71,38.4,41.8,499.0,1.3,172.0,2.6
2026-04-18 12:00:00,2026,4,18,12,Sơn La,Xã Mường Bám,21.3762412,103.3881955,147.5,Unhealthy for Sensitive Groups,2,30.5,55,0.0,9.3,167,936.8,82,42.849999999999994,47.7,531.0,1.65,181.0,3.1
2026-04-18 12:00:00,2026,4,18,12,Sơn La,Xã Mường Bám,21.3762412,103.3881955,147.0,Unhealthy for Sensitive Groups,2,30.7,52,0.0,9.1,187,937.2,57,47.3,53.6,563.0,2.0,190.0,3.6
2026-04-18 13:00:00,2026,4,18,13,Sơn La,Xã Mường Bám,21.3762412,103.3881955,147.0,Unhealthy for Sensitive Groups,2,32.0,46,0.0,12.5,198,936.2,44,53.4,62.4,621.0,2.7,205.0,4.6
2026-04-18 13:00:00,2026,4,18,13,Sơn La,Xã Mường Bám,21.3762412,103.3881955,147.5,Unhealthy for Sensitive Groups,2,31.6,52,0.0,10.8,176,935.8,82,56.2,67.3,636.0,2.8,213.0,4.949999999999999
2026-04-18 14:00:00,2026,4,18,14,Sơn La,Xã Mường Bám,21.3762412,103.3881955,148.0,Unhealthy for Sensitive Groups,2,32.8,41,0.0,11.7,214,935.1,49,59.0,72.2,651.0,2.9,221.0,5.3
2026-04-18 14:00:00,2026,4,18,14,Sơn La,Xã Mường Bám,21.3762412,103.3881955,148.0,Unhealthy for Sensitive Groups,2,32.2,48,0.1,10.5,174,934.8,82,60.666666666666664,74.3,659.0,2.933333333333333,225.66666666666666,5.5
2026-04-18 15:00:00,2026,4,18,15,Sơn La,Xã Mường Bám,21.3762412,103.3881955,148.0,Unhealthy for Sensitive Groups,2,32.3,44,0.1,9.3,164,933.8,83,62.333333333333336,76.4,667.0,2.966666666666667,230.33333333333334,5.7
2026-04-18 15:00:00,2026,4,18,15,Sơn La,Xã Mường Bám,21.3762412,103.3881955,148.0,Unhealthy for Sensitive Groups,2,33.3,37,0.0,9.9,237,934.0,55,64.0,78.5,675.0,3.0,235.0,5.9
2026-04-18 16:00:00,2026,4,18,16,Sơn La,Xã Mường Bám,21.3762412,103.3881955,154.0,Unhealthy,3,31.9,44,0.1,8.2,157,933.1,83,65.65,80.8,693.0,3.4,236.0,6.15
2026-04-18 16:00:00,2026,4,18,16,Sơn La,Xã Mường Bám,21.3762412,103.3881955,160.0,Unhealthy,3,33.1,36,0.0,8.2,255,933.2,60,67.3,83.1,711.0,3.8,237.0,6.4
2026-04-18 17:00:00,2026,4,18,17,Sơn La,Xã Mường Bám,21.3762412,103.3881955,183.0,Unhealthy,3,32.1,37,0.0,4.5,241,933.1,42,69.6,85.7,778.0,5.8,217.0,6.8
2026-04-18 17:00:00,2026,4,18,17,Sơn La,Xã Mường Bám,21.3762412,103.3881955,190.0,Unhealthy,3,30.6,50,0.2,7.6,155,933.3,89,74.4,89.9,817.5,7.1,201.0,6.949999999999999
2026-04-18 18:00:00,2026,4,18,18,Sơn La,Xã Mường Bám,21.3762412,103.3881955,197.0,Unhealthy,3,30.6,41,0.0,3.7,151,933.3,25,79.2,94.1,857.0,8.4,185.0,7.1
2026-04-18 18:00:00,2026,4,18,18,Sơn La,Xã Mường Bám,21.3762412,103.3881955,199.0,Unhealthy,3,28.7,59,0.2,6.9,152,933.9,94,82.0,95.85,885.5,9.350000000000001,173.5,7.199999999999999
2026-04-18 19:00:00,2026,4,18,19,Sơn La,Xã Mường Bám,21.3762412,103.3881955,201.0,Very Unhealthy,4,29.1,46,0.0,7.3,123,933.7,7,84.8,97.6,914.0,10.3,162.0,7.3
2026-04-18 19:00:00,2026,4,18,19,Sơn La,Xã Mường Bám,21.3762412,103.3881955,200.5,Very Unhealthy,4,27.0,67,0.2,6.1,152,934.5,100,84.8,97.6,914.0,10.3,162.0,7.3
2026-04-18 20:00:00,2026,4,18,20,Sơn La,Xã Mường Bám,21.3762412,103.3881955,200.0,Unhealthy,3,27.7,54,0.0,7.9,120,934.4,11,84.8,97.6,914.0,10.3,162.0,7.3
2026-04-18 20:00:00,2026,4,18,20,Sơn La,Xã Mường Bám,21.3762412,103.3881955,200.0,Unhealthy,3,25.8,73,0.1,5.2,146,935.0,80,84.8,97.6,914.0,10.3,162.0,7.3
2026-04-18 21:00:00,2026,4,18,21,Sơn La,Xã Mường Bám,21.3762412,103.3881955,200.0,Unhealthy,3,24.7,78,0.1,4.3,138,935.6,59,84.8,97.6,914.0,10.3,162.0,7.3
2026-04-18 21:00:00,2026,4,18,21,Sơn La,Xã Mường Bám,21.3762412,103.3881955,200.0,Unhealthy,3,26.5,63,0.0,7.0,125,935.2,14,84.8,97.6,914.0,10.3,162.0,7.3
2026-04-18 22:00:00,2026,4,18,22,Sơn La,Xã Mường Bám,21.3762412,103.3881955,200.0,Unhealthy,3,23.8,82,0.1,3.6,127,935.9,39,84.8,97.6,914.0,10.3,162.0,7.3
2026-04-18 22:00:00,2026,4,18,22,Sơn La,Xã Mường Bám,21.3762412,103.3881955,200.0,Unhealthy,3,25.3,71,0.0,5.9,128,935.7,18,84.8,97.6,914.0,10.3,162.0,7.3
2026-04-18 23:00:00,2026,4,18,23,Sơn La,Xã Mường Bám,21.3762412,103.3881955,200.0,Unhealthy,3,23.1,86,0.0,3.2,117,935.6,59,84.8,97.6,914.0,10.3,162.0,7.3
2026-04-18 23:00:00,2026,4,18,23,Sơn La,Xã Mường Bám,21.3762412,103.3881955,200.0,Unhealthy,3,24.4,76,0.0,5.4,127,935.5,22,84.8,97.6,914.0,10.3,162.0,7.3
2026-04-19 00:00:00,2026,4,19,0,Sơn La,Xã Mường Bám,21.3762412,103.3881955,200.0,Unhealthy,3,23.6,80,0.0,4.8,132,935.0,26,84.8,97.6,914.0,10.3,162.0,7.3
2026-04-19 00:00:00,2026,4,19,0,Sơn La,Xã Mường Bám,21.3762412,103.3881955,200.0,Unhealthy,3,22.6,89,0.0,2.7,113,935.0,80,84.8,97.6,914.0,10.3,162.0,7.3
2026-04-19 01:00:00,2026,4,19,1,Sơn La,Xã Mường Bám,21.3762412,103.3881955,200.0,Unhealthy,3,22.2,92,0.0,2.1,121,934.6,100,84.8,97.6,914.0,10.3,162.0,7.3
2026-04-19 01:00:00,2026,4,19,1,Sơn La,Xã Mường Bám,21.3762412,103.3881955,200.0,Unhealthy,3,23.0,83,0.0,4.3,132,934.6,30,84.8,97.6,914.0,10.3,162.0,7.3
2026-04-19 02:00:00,2026,4,19,2,Sơn La,Xã Mường Bám,21.3762412,103.3881955,200.0,Unhealthy,3,21.9,93,2.6,1.4,180,934.5,100,84.8,97.6,914.0,10.3,162.0,7.3
2026-04-19 03:00:00,2026,4,19,3,Sơn La,Xã Mường Bám,21.3762412,103.3881955,200.0,Unhealthy,3,21.8,94,2.6,3.1,234,934.4,100,84.8,97.6,914.0,10.3,162.0,7.3
2026-04-19 04:00:00,2026,4,19,4,Sơn La,Xã Mường Bám,21.3762412,103.3881955,200.0,Unhealthy,3,21.7,94,2.6,4.2,239,934.6,100,84.8,97.6,914.0,10.3,162.0,7.3
2026-04-19 05:00:00,2026,4,19,5,Sơn La,Xã Mường Bám,21.3762412,103.3881955,200.0,Unhealthy,3,21.5,95,3.1,2.8,230,934.9,100,84.8,97.6,914.0,10.3,162.0,7.3
2026-04-19 06:00:00,2026,4,19,6,Sơn La,Xã Mường Bám,21.3762412,103.3881955,200.0,Unhealthy,3,21.3,96,3.1,0.8,153,935.4,100,84.8,97.6,914.0,10.3,162.0,7.3
2026-04-19 07:00:00,2026,4,19,7,Sơn La,Xã Mường Bám,21.3762412,103.3881955,200.0,Unhealthy,3,21.5,96,3.1,1.5,104,935.9,100,84.8,97.6,914.0,10.3,162.0,7.3
2026-04-19 08:00:00,2026,4,19,8,Sơn La,Xã Mường Bám,21.3762412,103.3881955,200.0,Unhealthy,3,22.2,93,2.0,0.7,180,936.5,95,84.8,97.6,914.0,10.3,162.0,7.3
2026-04-19 09:00:00,2026,4,19,9,Sơn La,Xã Mường Bám,21.3762412,103.3881955,200.0,Unhealthy,3,23.3,88,2.0,3.1,234,937.1,90,84.8,97.6,914.0,10.3,162.0,7.3
2026-04-19 10:00:00,2026,4,19,10,Sơn La,Xã Mường Bám,21.3762412,103.3881955,200.0,Unhealthy,3,24.3,84,2.0,5.3,242,937.3,85,84.8,97.6,914.0,10.3,162.0,7.3
2026-04-19 11:00:00,2026,4,19,11,Sơn La,Xã Mường Bám,21.3762412,103.3881955,200.0,Unhealthy,3,25.1,82,0.1,6.0,245,936.8,86,84.8,97.6,914.0,10.3,162.0,7.3
2026-04-19 12:00:00,2026,4,19,12,Sơn La,Xã Mường Bám,21.3762412,103.3881955,200.0,Unhealthy,3,25.8,80,0.1,6.2,249,935.9,87,84.8,97.6,914.0,10.3,162.0,7.3
2026-04-19 13:00:00,2026,4,19,13,Sơn La,Xã Mường Bám,21.3762412,103.3881955,200.0,Unhealthy,3,26.4,78,0.1,6.3,246,935.0,88,84.8,97.6,914.0,10.3,162.0,7.3
2026-04-19 14:00:00,2026,4,19,14,Sơn La,Xã Mường Bám,21.3762412,103.3881955,200.0,Unhealthy,3,27.0,75,0.0,6.7,234,934.2,84,84.8,97.6,914.0,10.3,162.0,7.3
2026-04-19 15:00:00,2026,4,19,15,Sơn La,Xã Mường Bám,21.3762412,103.3881955,200.0,Unhealthy,3,27.4,72,0.0,7.2,217,933.4,81,84.8,97.6,914.0,10.3,162.0,7.3
2026-04-19 16:00:00,2026,4,19,16,Sơn La,Xã Mường Bám,21.3762412,103.3881955,200.0,Unhealthy,3,27.4,71,0.0,7.6,205,933.0,77,84.8,97.6,914.0,10.3,162.0,7.3
2026-04-19 17:00:00,2026,4,19,17,Sơn La,Xã Mường Bám,21.3762412,103.3881955,200.0,Unhealthy,3,26.5,74,1.3,6.3,193,933.2,85,84.8,97.6,914.0,10.3,162.0,7.3
2026-04-19 18:00:00,2026,4,19,18,Sơn La,Xã Mường Bám,21.3762412,103.3881955,200.0,Unhealthy,3,25.1,80,1.3,4.4,171,933.7,92,84.8,97.6,914.0,10.3,162.0,7.3
2026-04-19 19:00:00,2026,4,19,19,Sơn La,Xã Mường Bám,21.3762412,103.3881955,200.0,Unhealthy,3,23.9,85,1.3,3.3,139,934.1,100,84.8,97.6,914.0,10.3,162.0,7.3
2026-04-19 20:00:00,2026,4,19,20,Sơn La,Xã Mường Bám,21.3762412,103.3881955,200.0,Unhealthy,3,23.2,88,0.0,2.6,124,934.5,77,84.8,97.6,914.0,10.3,162.0,7.3
2026-04-19 21:00:00,2026,4,19,21,Sơn La,Xã Mường Bám,21.3762412,103.3881955,200.0,Unhealthy,3,22.8,91,0.0,1.6,117,935.0,54,84.8,97.6,914.0,10.3,162.0,7.3
2026-04-19 22:00:00,2026,4,19,22,Sơn La,Xã Mường Bám,21.3762412,103.3881955,200.0,Unhealthy,3,22.4,93,0.0,1.1,90,935.2,31,84.8,97.6,914.0,10.3,162.0,7.3
2026-04-19 23:00:00,2026,4,19,23,Sơn La,Xã Mường Bám,21.3762412,103.3881955,200.0,Unhealthy,3,22.1,94,0.0,1.6,63,935.0,54,84.8,97.6,914.0,10.3,162.0,7.3
2026-04-20 00:00:00,2026,4,20,0,Sơn La,Xã Mường Bám,21.3762412,103.3881955,200.0,Unhealthy,3,21.9,95,0.0,2.1,59,934.6,77,84.8,97.6,914.0,10.3,162.0,7.3
2026-04-20 01:00:00,2026,4,20,1,Sơn La,Xã Mường Bám,21.3762412,103.3881955,200.0,Unhealthy,3,21.7,95,0.0,2.3,51,934.2,100,84.8,97.6,914.0,10.3,162.0,7.3
2026-04-20 02:00:00,2026,4,20,2,Sơn La,Xã Mường Bám,21.3762412,103.3881955,200.0,Unhealthy,3,21.5,95,1.5,1.8,360,934.0,100,84.8,97.6,914.0,10.3,162.0,7.3
2026-04-20 03:00:00,2026,4,20,3,Sơn La,Xã Mường Bám,21.3762412,103.3881955,200.0,Unhealthy,3,21.4,94,1.5,3.1,306,933.9,100,84.8,97.6,914.0,10.3,162.0,7.3
2026-04-20 04:00:00,2026,4,20,4,Sơn La,Xã Mường Bám,21.3762412,103.3881955,200.0,Unhealthy,3,21.4,94,1.5,4.1,285,934.0,100,84.8,97.6,914.0,10.3,162.0,7.3
2026-04-20 05:00:00,2026,4,20,5,Sơn La,Xã Mường Bám,21.3762412,103.3881955,200.0,Unhealthy,3,21.2,94,1.9,3.0,256,934.5,100,84.8,97.6,914.0,10.3,162.0,7.3
2026-04-20 06:00:00,2026,4,20,6,Sơn La,Xã Mường Bám,21.3762412,103.3881955,200.0,Unhealthy,3,21.1,95,1.9,3.1,201,935.2,100,84.8,97.6,914.0,10.3,162.0,7.3
2026-04-20 07:00:00,2026,4,20,7,Sơn La,Xã Mường Bám,21.3762412,103.3881955,200.0,Unhealthy,3,21.3,94,1.9,4.7,180,935.8,100,84.8,97.6,914.0,10.3,162.0,7.3
2026-04-20 08:00:00,2026,4,20,8,Sơn La,Xã Mường Bám,21.3762412,103.3881955,200.0,Unhealthy,3,22.3,90,1.0,5.2,196,936.2,99,84.8,97.6,914.0,10.3,162.0,7.3
2026-04-20 09:00:00,2026,4,20,9,Sơn La,Xã Mường Bám,21.3762412,103.3881955,200.0,Unhealthy,3,23.7,85,1.0,5.9,218,936.6,97,84.8,97.6,914.0,10.3,162.0,7.3
2026-04-20 10:00:00,2026,4,20,10,Sơn La,Xã Mường Bám,21.3762412,103.3881955,200.0,Unhealthy,3,24.9,80,1.0,6.9,231,936.7,96,84.8,97.6,914.0,10.3,162.0,7.3
2026-04-20 11:00:00,2026,4,20,11,Sơn La,Xã Mường Bám,21.3762412,103.3881955,200.0,Unhealthy,3,25.7,77,0.1,6.9,231,936.3,87,84.8,97.6,914.0,10.3,162.0,7.3
2026-04-20 12:00:00,2026,4,20,12,Sơn La,Xã Mường Bám,21.3762412,103.3881955,200.0,Unhealthy,3,26.4,75,0.1,6.4,227,935.7,77,84.8,97.6,914.0,10.3,162.0,7.3
2026-04-20 13:00:00,2026,4,20,13,Sơn La,Xã Mường Bám,21.3762412,103.3881955,200.0,Unhealthy,3,26.9,73,0.1,6.4,227,935.0,68,84.8,97.6,914.0,10.3,162.0,7.3
2026-04-20 14:00:00,2026,4,20,14,Sơn La,Xã Mường Bám,21.3762412,103.3881955,200.0,Unhealthy,3,27.5,69,0.1,7.4,231,934.2,64,84.8,97.6,914.0,10.3,162.0,7.3
2026-04-20 15:00:00,2026,4,20,15,Sơn La,Xã Mường Bám,21.3762412,103.3881955,200.0,Unhealthy,3,27.9,66,0.1,9.3,234,933.3,61,84.8,97.6,914.0,10.3,162.0,7.3
2026-04-20 16:00:00,2026,4,20,16,Sơn La,Xã Mường Bám,21.3762412,103.3881955,200.0,Unhealthy,3,28.0,64,0.1,9.8,234,932.8,57,84.8,97.6,914.0,10.3,162.0,7.3
2026-04-20 17:00:00,2026,4,20,17,Sơn La,Xã Mường Bám,21.3762412,103.3881955,200.0,Unhealthy,3,27.5,66,0.0,8.2,229,932.8,71,84.8,97.6,914.0,10.3,162.0,7.3
2026-04-20 18:00:00,2026,4,20,18,Sơn La,Xã Mường Bám,21.3762412,103.3881955,200.0,Unhealthy,3,26.7,69,0.0,5.9,218,933.0,86,84.8,97.6,914.0,10.3,162.0,7.3
2026-04-20 19:00:00,2026,4,20,19,Sơn La,Xã Mường Bám,21.3762412,103.3881955,200.0,Unhealthy,3,25.8,73,0.0,4.2,200,933.4,100,84.8,97.6,914.0,10.3,162.0,7.3
2026-04-20 20:00:00,2026,4,20,20,Sơn La,Xã Mường Bám,21.3762412,103.3881955,200.0,Unhealthy,3,25.1,77,0.0,4.1,195,933.9,79,84.8,97.6,914.0,10.3,162.0,7.3
2026-04-20 21:00:00,2026,4,20,21,Sơn La,Xã Mường Bám,21.3762412,103.3881955,200.0,Unhealthy,3,24.4,81,0.0,4.1,195,934.3,58,84.8,97.6,914.0,10.3,162.0,7.3
2026-04-20 22:00:00,2026,4,20,22,Sơn La,Xã Mường Bám,21.3762412,103.3881955,200.0,Unhealthy,3,23.9,85,0.0,4.2,200,934.6,37,84.8,97.6,914.0,10.3,162.0,7.3
2026-04-20 23:00:00,2026,4,20,23,Sơn La,Xã Mường Bám,21.3762412,103.3881955,200.0,Unhealthy,3,23.5,87,0.0,4.0,207,934.4,46,84.8,97.6,914.0,10.3,162.0,7.3
