timestamp,year,month,day,hour,province,location,lat,lon,aqi,pollution_level,pollution_class,temp,humidity,rain,wind_speed,wind_dir,pressure,cloud,pm2_5,pm10,co,no2,o3,so2
2025-01-01 00:00:00,2025,1,1,0,Hà Nội,Xã Tây Phương,21.0403672,105.6115528,165,Unhealthy,3,13.9,93,0.0,7.8,278,1018.0,2,113.6,113.9,928.0,34.7,38.0,43.8
2025-01-01 01:00:00,2025,1,1,1,Hà Nội,Xã Tây Phương,21.0403672,105.6115528,165,Unhealthy,3,13.8,92,0.0,6.4,281,1017.9,0,111.8,112.2,840.0,33.1,35.0,39.7
2025-01-01 02:00:00,2025,1,1,2,Hà Nội,Xã Tây Phương,21.0403672,105.6115528,166,Unhealthy,3,13.2,93,0.0,5.6,295,1017.4,0,110.4,110.8,801.0,31.4,32.0,36.3
2025-01-01 03:00:00,2025,1,1,3,Hà Nội,Xã Tây Phương,21.0403672,105.6115528,167,Unhealthy,3,12.9,94,0.0,5.2,299,1016.8,0,110.1,110.4,795.0,29.9,29.0,33.4
2025-01-01 04:00:00,2025,1,1,4,Hà Nội,Xã Tây Phương,21.0403672,105.6115528,167,Unhealthy,3,12.4,96,0.0,4.6,291,1016.7,0,111.1,111.5,839.0,29.7,26.0,33.0
2025-01-01 05:00:00,2025,1,1,5,Hà Nội,Xã Tây Phương,21.0403672,105.6115528,168,Unhealthy,3,12.2,97,0.0,3.3,279,1016.8,0,112.2,112.7,988.0,32.4,20.0,36.2
2025-01-01 06:00:00,2025,1,1,6,Hà Nội,Xã Tây Phương,21.0403672,105.6115528,168,Unhealthy,3,11.9,98,0.0,3.3,283,1017.1,0,117.3,117.8,1187.0,36.5,13.0,41.8
2025-01-01 07:00:00,2025,1,1,7,Hà Nội,Xã Tây Phương,21.0403672,105.6115528,169,Unhealthy,3,12.1,98,0.0,3.9,283,1017.5,27,130.9,131.3,1285.0,48.6,11.0,52.4
2025-01-01 08:00:00,2025,1,1,8,Hà Nội,Xã Tây Phương,21.0403672,105.6115528,170,Unhealthy,3,13.7,98,0.0,4.8,307,1018.6,100,126.2,126.7,1185.0,45.2,28.0,60.6
2025-01-01 09:00:00,2025,1,1,9,Hà Nội,Xã Tây Phương,21.0403672,105.6115528,171,Unhealthy,3,16.7,85,0.0,4.4,328,1019.1,0,114.8,115.0,984.0,40.3,52.0,71.4
2025-01-01 10:00:00,2025,1,1,10,Hà Nội,Xã Tây Phương,21.0403672,105.6115528,172,Unhealthy,3,19.1,71,0.0,4.7,337,1019.0,0,98.5,98.7,820.0,34.4,79.0,76.8
2025-01-01 11:00:00,2025,1,1,11,Hà Nội,Xã Tây Phương,21.0403672,105.6115528,173,Unhealthy,3,20.8,61,0.0,3.6,354,1018.4,0,79.9,80.1,750.0,26.7,109.0,71.2
2025-01-01 12:00:00,2025,1,1,12,Hà Nội,Xã Tây Phương,21.0403672,105.6115528,173,Unhealthy,3,22.0,56,0.0,1.6,354,1017.2,2,72.6,72.9,716.0,18.0,142.0,60.0
2025-01-01 13:00:00,2025,1,1,13,Hà Nội,Xã Tây Phương,21.0403672,105.6115528,173,Unhealthy,3,23.0,51,0.0,1.5,150,1015.7,66,73.6,73.6,685.0,12.1,167.0,51.7
2025-01-01 14:00:00,2025,1,1,14,Hà Nội,Xã Tây Phương,21.0403672,105.6115528,173,Unhealthy,3,23.9,49,0.0,4.5,164,1014.2,100,74.0,74.0,615.0,8.6,184.0,48.5
2025-01-01 15:00:00,2025,1,1,15,Hà Nội,Xã Tây Phương,21.0403672,105.6115528,174,Unhealthy,3,23.7,49,0.0,6.7,160,1013.3,28,74.5,74.7,547.0,7.7,195.0,48.1
2025-01-01 16:00:00,2025,1,1,16,Hà Nội,Xã Tây Phương,21.0403672,105.6115528,174,Unhealthy,3,23.0,50,0.0,8.6,151,1013.1,4,75.4,75.7,577.0,14.2,190.0,51.9
2025-01-01 17:00:00,2025,1,1,17,Hà Nội,Xã Tây Phương,21.0403672,105.6115528,174,Unhealthy,3,21.4,65,0.0,1.1,171,1013.1,3,99.0,99.2,810.0,34.2,161.0,62.5
2025-01-01 18:00:00,2025,1,1,18,Hà Nội,Xã Tây Phương,21.0403672,105.6115528,174,Unhealthy,3,19.2,67,0.0,3.4,108,1013.7,5,132.2,132.7,1140.0,61.5,117.0,77.3
2025-01-01 19:00:00,2025,1,1,19,Hà Nội,Xã Tây Phương,21.0403672,105.6115528,175,Unhealthy,3,18.2,68,0.0,6.8,119,1014.4,0,152.7,152.7,1343.0,85.4,75.0,86.1
2025-01-01 20:00:00,2025,1,1,20,Hà Nội,Xã Tây Phương,21.0403672,105.6115528,176,Unhealthy,3,18.7,63,0.0,8.8,134,1014.5,0,174.6,174.6,1286.0,80.9,71.0,88.9
2025-01-01 21:00:00,2025,1,1,21,Hà Nội,Xã Tây Phương,21.0403672,105.6115528,178,Unhealthy,3,18.0,69,0.0,14.3,149,1015.5,0,174.2,174.2,1102.0,74.5,64.0,92.5
2025-01-01 22:00:00,2025,1,1,22,Hà Nội,Xã Tây Phương,21.0403672,105.6115528,179,Unhealthy,3,16.7,79,0.0,12.7,157,1016.0,0,162.5,162.5,964.0,68.3,58.0,92.9
2025-01-01 23:00:00,2025,1,1,23,Hà Nội,Xã Tây Phương,21.0403672,105.6115528,180,Unhealthy,3,15.9,84,0.0,9.8,149,1016.3,2,150.4,150.4,947.0,62.5,53.0,87.3
2025-01-02 00:00:00,2025,1,2,0,Hà Nội,Xã Tây Phương,21.0403672,105.6115528,181,Unhealthy,3,15.4,88,0.0,7.8,140,1016.2,4,141.6,142.0,975.0,57.0,48.0,78.6
2025-01-02 01:00:00,2025,1,2,1,Hà Nội,Xã Tây Phương,21.0403672,105.6115528,182,Unhealthy,3,14.6,91,0.0,5.6,123,1016.6,4,142.0,142.5,1003.0,53.2,43.0,71.7
2025-01-02 02:00:00,2025,1,2,2,Hà Nội,Xã Tây Phương,21.0403672,105.6115528,182,Unhealthy,3,14.1,91,0.0,4.8,101,1016.4,4,145.3,145.8,999.0,52.0,37.0,68.2
2025-01-02 03:00:00,2025,1,2,3,Hà Nội,Xã Tây Phương,21.0403672,105.6115528,183,Unhealthy,3,13.9,90,0.0,3.9,68,1016.3,6,147.1,147.1,993.0,52.6,31.0,66.6
2025-01-02 04:00:00,2025,1,2,4,Hà Nội,Xã Tây Phương,21.0403672,105.6115528,184,Unhealthy,3,13.6,91,0.0,3.0,65,1016.4,11,148.5,149.0,1029.0,54.0,25.0,67.1
2025-01-02 05:00:00,2025,1,2,5,Hà Nội,Xã Tây Phương,21.0403672,105.6115528,185,Unhealthy,3,13.6,91,0.0,1.2,63,1016.7,15,152.3,152.7,1168.0,57.3,17.0,70.3
2025-01-02 06:00:00,2025,1,2,6,Hà Nội,Xã Tây Phương,21.0403672,105.6115528,186,Unhealthy,3,13.2,93,0.0,0.4,297,1017.1,14,159.7,160.2,1349.0,61.5,9.0,75.7
2025-01-02 07:00:00,2025,1,2,7,Hà Nội,Xã Tây Phương,21.0403672,105.6115528,187,Unhealthy,3,12.9,95,0.0,1.3,278,1017.9,17,185.3,185.3,1436.0,58.7,11.0,76.6
2025-01-02 08:00:00,2025,1,2,8,Hà Nội,Xã Tây Phương,21.0403672,105.6115528,188,Unhealthy,3,15.1,92,0.0,2.5,274,1018.9,5,181.6,181.6,1342.0,55.1,30.0,84.6
2025-01-02 09:00:00,2025,1,2,9,Hà Nội,Xã Tây Phương,21.0403672,105.6115528,189,Unhealthy,3,17.7,80,0.0,2.0,360,1020.0,0,154.6,154.6,1153.0,49.7,57.0,94.9
2025-01-02 10:00:00,2025,1,2,10,Hà Nội,Xã Tây Phương,21.0403672,105.6115528,190,Unhealthy,3,19.8,69,0.0,3.7,11,1019.8,2,121.5,122.0,993.0,43.1,87.0,98.1
2025-01-02 11:00:00,2025,1,2,11,Hà Nội,Xã Tây Phương,21.0403672,105.6115528,190,Unhealthy,3,21.4,60,0.0,4.0,21,1019.4,0,90.8,91.0,907.0,34.0,120.0,87.0
2025-01-02 12:00:00,2025,1,2,12,Hà Nội,Xã Tây Phương,21.0403672,105.6115528,191,Unhealthy,3,22.5,53,0.0,3.6,37,1018.2,0,74.5,74.7,850.0,23.6,155.0,68.8
2025-01-02 13:00:00,2025,1,2,13,Hà Nội,Xã Tây Phương,21.0403672,105.6115528,191,Unhealthy,3,23.2,50,0.0,3.1,45,1017.2,2,69.8,70.3,806.0,16.3,182.0,55.1
2025-01-02 14:00:00,2025,1,2,14,Hà Nội,Xã Tây Phương,21.0403672,105.6115528,191,Unhealthy,3,23.7,48,0.0,3.5,28,1016.3,5,70.8,71.0,743.0,13.6,199.0,50.9
2025-01-02 15:00:00,2025,1,2,15,Hà Nội,Xã Tây Phương,21.0403672,105.6115528,191,Unhealthy,3,24.2,46,0.0,4.0,36,1015.5,41,72.2,72.6,693.0,13.9,208.0,51.3
2025-01-02 16:00:00,2025,1,2,16,Hà Nội,Xã Tây Phương,21.0403672,105.6115528,190,Unhealthy,3,24.0,46,0.0,4.2,18,1015.5,49,73.8,74.3,744.0,16.8,204.0,53.4
2025-01-02 17:00:00,2025,1,2,17,Hà Nội,Xã Tây Phương,21.0403672,105.6115528,190,Unhealthy,3,22.4,58,0.0,4.2,348,1015.7,13,95.9,96.2,977.0,23.9,180.0,57.1
2025-01-02 18:00:00,2025,1,2,18,Hà Nội,Xã Tây Phương,21.0403672,105.6115528,190,Unhealthy,3,19.8,63,0.0,5.7,332,1016.2,2,105.7,105.9,1311.0,33.6,143.0,62.5
2025-01-02 19:00:00,2025,1,2,19,Hà Nội,Xã Tây Phương,21.0403672,105.6115528,190,Unhealthy,3,19.0,66,0.0,3.4,344,1016.9,6,105.2,105.5,1588.0,46.6,98.0,60.9
2025-01-02 20:00:00,2025,1,2,20,Hà Nội,Xã Tây Phương,21.0403672,105.6115528,189,Unhealthy,3,18.1,68,0.0,3.1,298,1017.6,12,108.0,108.3,1779.0,47.2,89.0,63.6
2025-01-02 21:00:00,2025,1,2,21,Hà Nội,Xã Tây Phương,21.0403672,105.6115528,187,Unhealthy,3,18.2,67,0.0,1.1,18,1018.4,9,113.9,114.1,1914.0,48.0,77.0,67.3
2025-01-02 22:00:00,2025,1,2,22,Hà Nội,Xã Tây Phương,21.0403672,105.6115528,186,Unhealthy,3,16.8,75,0.0,5.8,106,1019.2,12,127.6,127.6,1922.0,49.0,65.0,69.2
2025-01-02 23:00:00,2025,1,2,23,Hà Nội,Xã Tây Phương,21.0403672,105.6115528,185,Unhealthy,3,16.0,80,0.0,6.0,143,1019.7,18,140.6,140.6,1705.0,51.0,55.0,68.2
2025-01-03 00:00:00,2025,1,3,0,Hà Nội,Xã Tây Phương,21.0403672,105.6115528,185,Unhealthy,3,15.6,83,0.0,3.1,190,1019.7,68,143.9,143.9,1361.0,53.2,46.0,65.5
2025-01-03 01:00:00,2025,1,3,1,Hà Nội,Xã Tây Phương,21.0403672,105.6115528,185,Unhealthy,3,14.9,86,0.0,4.3,225,1019.8,88,141.1,141.6,1116.0,52.6,40.0,61.5
2025-01-03 02:00:00,2025,1,3,2,Hà Nội,Xã Tây Phương,21.0403672,105.6115528,185,Unhealthy,3,14.3,89,0.0,3.0,295,1019.5,72,133.2,133.2,1076.0,46.5,39.0,55.2
2025-01-03 03:00:00,2025,1,3,3,Hà Nội,Xã Tây Phương,21.0403672,105.6115528,185,Unhealthy,3,13.9,92,0.0,5.2,311,1019.2,74,122.5,122.5,1135.0,37.7,41.0,47.7
2025-01-03 04:00:00,2025,1,3,4,Hà Nội,Xã Tây Phương,21.0403672,105.6115528,184,Unhealthy,3,13.6,92,0.0,6.2,306,1019.0,84,115.3,115.5,1194.0,31.5,42.0,42.5
2025-01-03 05:00:00,2025,1,3,5,Hà Nội,Xã Tây Phương,21.0403672,105.6115528,184,Unhealthy,3,13.6,93,0.0,6.7,306,1019.3,69,111.1,111.5,1238.0,31.2,36.0,41.3
2025-01-03 06:00:00,2025,1,3,6,Hà Nội,Xã Tây Phương,21.0403672,105.6115528,183,Unhealthy,3,13.8,93,0.0,7.8,296,1020.0,2,109.9,110.1,1283.0,33.5,29.0,42.5
2025-01-03 07:00:00,2025,1,3,7,Hà Nội,Xã Tây Phương,21.0403672,105.6115528,182,Unhealthy,3,14.0,92,0.0,7.2,297,1020.7,0,122.5,122.9,1281.0,44.4,27.0,43.8
2025-01-03 08:00:00,2025,1,3,8,Hà Nội,Xã Tây Phương,21.0403672,105.6115528,180,Unhealthy,3,17.4,80,0.0,9.3,323,1021.7,0,117.1,117.6,1203.0,39.0,50.0,49.8
2025-01-03 09:00:00,2025,1,3,9,Hà Nội,Xã Tây Phương,21.0403672,105.6115528,179,Unhealthy,3,19.8,71,0.0,6.9,345,1022.2,0,105.5,105.9,1078.0,31.3,84.0,57.7
2025-01-03 10:00:00,2025,1,3,10,Hà Nội,Xã Tây Phương,21.0403672,105.6115528,178,Unhealthy,3,21.7,59,0.0,10.0,18,1022.4,4,79.2,79.9,946.0,24.0,113.0,60.8
2025-01-03 11:00:00,2025,1,3,11,Hà Nội,Xã Tây Phương,21.0403672,105.6115528,177,Unhealthy,3,23.0,49,0.0,12.7,33,1021.7,18,63.6,64.0,802.0,17.6,135.0,54.5
2025-01-03 12:00:00,2025,1,3,12,Hà Nội,Xã Tây Phương,21.0403672,105.6115528,176,Unhealthy,3,24.0,43,0.0,11.8,46,1020.3,59,59.0,59.5,651.0,11.7,154.0,43.3
2025-01-03 13:00:00,2025,1,3,13,Hà Nội,Xã Tây Phương,21.0403672,105.6115528,176,Unhealthy,3,24.5,42,0.0,10.2,45,1018.9,5,57.2,57.6,544.0,7.7,167.0,34.5
2025-01-03 14:00:00,2025,1,3,14,Hà Nội,Xã Tây Phương,21.0403672,105.6115528,176,Unhealthy,3,24.6,41,0.0,9.7,39,1017.5,8,55.4,56.0,482.0,4.5,176.0,29.8
2025-01-03 15:00:00,2025,1,3,15,Hà Nội,Xã Tây Phương,21.0403672,105.6115528,175,Unhealthy,3,24.5,40,0.0,11.0,38,1016.9,23,53.3,54.2,465.0,3.2,178.0,27.3
2025-01-03 16:00:00,2025,1,3,16,Hà Nội,Xã Tây Phương,21.0403672,105.6115528,175,Unhealthy,3,24.0,40,0.0,9.7,45,1016.5,72,52.9,53.9,539.0,9.3,169.0,29.0
2025-01-03 17:00:00,2025,1,3,17,Hà Nội,Xã Tây Phương,21.0403672,105.6115528,174,Unhealthy,3,22.1,56,0.0,2.8,35,1016.4,64,75.4,76.4,799.0,29.6,138.0,37.3
2025-01-03 18:00:00,2025,1,3,18,Hà Nội,Xã Tây Phương,21.0403672,105.6115528,174,Unhealthy,3,20.9,51,0.0,2.3,157,1016.4,6,102.9,104.1,1150.0,57.3,96.0,49.7
2025-01-03 19:00:00,2025,1,3,19,Hà Nội,Xã Tây Phương,21.0403672,105.6115528,174,Unhealthy,3,19.4,54,0.0,6.9,160,1016.8,0,125.3,126.2,1362.0,83.6,61.0,68.1
2025-01-03 20:00:00,2025,1,3,20,Hà Nội,Xã Tây Phương,21.0403672,105.6115528,174,Unhealthy,3,19.4,57,0.0,4.6,144,1017.3,0,142.5,143.4,1302.0,82.8,54.0,73.7
2025-01-03 21:00:00,2025,1,3,21,Hà Nội,Xã Tây Phương,21.0403672,105.6115528,175,Unhealthy,3,18.1,62,0.0,6.7,156,1017.9,0,154.6,155.5,1101.0,81.7,45.0,81.2
2025-01-03 22:00:00,2025,1,3,22,Hà Nội,Xã Tây Phương,21.0403672,105.6115528,176,Unhealthy,3,17.9,64,0.0,13.6,148,1018.5,0,160.2,160.7,925.0,81.8,36.0,84.9
2025-01-03 23:00:00,2025,1,3,23,Hà Nội,Xã Tây Phương,21.0403672,105.6115528,177,Unhealthy,3,16.8,67,0.0,13.9,156,1018.5,0,156.9,157.4,830.0,84.2,27.0,80.9
2025-01-04 00:00:00,2025,1,4,0,Hà Nội,Xã Tây Phương,21.0403672,105.6115528,177,Unhealthy,3,16.2,67,0.0,12.0,158,1018.0,0,143.4,143.9,759.0,87.7,18.0,73.1
2025-01-04 01:00:00,2025,1,4,1,Hà Nội,Xã Tây Phương,21.0403672,105.6115528,177,Unhealthy,3,15.7,68,0.0,10.0,163,1017.6,0,133.2,133.6,705.0,89.9,12.0,68.1
2025-01-04 02:00:00,2025,1,4,2,Hà Nội,Xã Tây Phương,21.0403672,105.6115528,177,Unhealthy,3,15.1,70,0.0,8.0,174,1017.3,0,129.9,129.9,653.0,90.0,10.0,68.8
2025-01-04 03:00:00,2025,1,4,3,Hà Nội,Xã Tây Phương,21.0403672,105.6115528,177,Unhealthy,3,14.2,74,0.0,5.0,178,1017.2,0,129.5,129.9,618.0,88.9,10.0,72.2
2025-01-04 04:00:00,2025,1,4,4,Hà Nội,Xã Tây Phương,21.0403672,105.6115528,177,Unhealthy,3,14.1,73,0.0,2.0,153,1017.1,0,128.5,129.0,637.0,86.7,10.0,75.9
2025-01-04 05:00:00,2025,1,4,5,Hà Nội,Xã Tây Phương,21.0403672,105.6115528,177,Unhealthy,3,13.6,75,0.0,2.0,135,1017.2,0,130.9,131.3,767.0,83.5,8.0,79.3
2025-01-04 06:00:00,2025,1,4,6,Hà Nội,Xã Tây Phương,21.0403672,105.6115528,178,Unhealthy,3,13.1,78,0.0,2.7,138,1017.5,0,135.0,135.5,952.0,79.2,5.0,83.1
2025-01-04 07:00:00,2025,1,4,7,Hà Nội,Xã Tây Phương,21.0403672,105.6115528,178,Unhealthy,3,12.8,82,0.0,4.0,141,1018.2,0,174.6,175.1,1052.0,78.7,10.0,80.0
2025-01-04 08:00:00,2025,1,4,8,Hà Nội,Xã Tây Phương,21.0403672,105.6115528,179,Unhealthy,3,15.8,76,0.0,4.9,126,1020.0,5,176.0,176.5,985.0,73.0,26.0,84.8
2025-01-04 09:00:00,2025,1,4,9,Hà Nội,Xã Tây Phương,21.0403672,105.6115528,181,Unhealthy,3,18.5,67,0.0,4.7,152,1020.4,0,142.5,143.4,835.0,64.6,48.0,90.8
2025-01-04 10:00:00,2025,1,4,10,Hà Nội,Xã Tây Phương,21.0403672,105.6115528,181,Unhealthy,3,20.6,53,0.0,9.1,139,1020.3,2,109.0,109.7,713.0,54.9,74.0,90.5
2025-01-04 11:00:00,2025,1,4,11,Hà Nội,Xã Tây Phương,21.0403672,105.6115528,182,Unhealthy,3,21.8,49,0.0,8.7,124,1019.8,2,81.0,81.7,667.0,42.6,105.0,77.9
2025-01-04 12:00:00,2025,1,4,12,Hà Nội,Xã Tây Phương,21.0403672,105.6115528,182,Unhealthy,3,22.8,46,0.0,7.9,120,1018.4,0,70.5,71.2,649.0,28.9,139.0,59.0
2025-01-04 13:00:00,2025,1,4,13,Hà Nội,Xã Tây Phương,21.0403672,105.6115528,183,Unhealthy,3,23.6,43,0.0,7.4,137,1016.9,27,67.8,68.5,628.0,18.8,165.0,44.5
2025-01-04 14:00:00,2025,1,4,14,Hà Nội,Xã Tây Phương,21.0403672,105.6115528,183,Unhealthy,3,24.3,41,0.0,9.8,160,1015.5,54,66.1,66.8,579.0,13.4,182.0,38.4
2025-01-04 15:00:00,2025,1,4,15,Hà Nội,Xã Tây Phương,21.0403672,105.6115528,183,Unhealthy,3,23.6,43,0.0,12.3,157,1014.6,100,65.4,66.1,527.0,11.7,191.0,36.7
2025-01-04 16:00:00,2025,1,4,16,Hà Nội,Xã Tây Phương,21.0403672,105.6115528,183,Unhealthy,3,22.9,46,0.0,11.6,152,1014.1,24,64.5,65.4,517.0,15.6,186.0,37.7
2025-01-04 17:00:00,2025,1,4,17,Hà Nội,Xã Tây Phương,21.0403672,105.6115528,184,Unhealthy,3,21.5,54,0.0,6.9,131,1014.0,0,81.3,82.0,591.0,30.3,156.0,42.5
2025-01-04 18:00:00,2025,1,4,18,Hà Nội,Xã Tây Phương,21.0403672,105.6115528,184,Unhealthy,3,19.8,60,0.0,11.8,124,1014.9,3,102.4,103.4,706.0,50.6,113.0,50.1
2025-01-04 19:00:00,2025,1,4,19,Hà Nội,Xã Tây Phương,21.0403672,105.6115528,184,Unhealthy,3,19.4,64,0.0,14.8,120,1016.2,56,92.9,93.4,780.0,54.8,87.0,53.0
2025-01-04 20:00:00,2025,1,4,20,Hà Nội,Xã Tây Phương,21.0403672,105.6115528,183,Unhealthy,3,18.6,65,0.0,16.0,125,1018.4,81,82.4,83.1,762.0,51.2,80.0,51.1
2025-01-04 21:00:00,2025,1,4,21,Hà Nội,Xã Tây Phương,21.0403672,105.6115528,182,Unhealthy,3,17.4,71,0.0,12.1,137,1019.5,6,71.7,72.2,701.0,46.4,70.0,48.5
2025-01-04 22:00:00,2025,1,4,22,Hà Nội,Xã Tây Phương,21.0403672,105.6115528,180,Unhealthy,3,16.3,79,0.0,7.6,155,1020.6,3,68.2,68.9,666.0,43.2,61.0,46.9
2025-01-04 23:00:00,2025,1,4,23,Hà Nội,Xã Tây Phương,21.0403672,105.6115528,178,Unhealthy,3,15.2,86,0.0,5.2,180,1021.4,7,71.7,72.4,690.0,43.3,54.0,46.8
2025-01-05 00:00:00,2025,1,5,0,Hà Nội,Xã Tây Phương,21.0403672,105.6115528,176,Unhealthy,3,14.9,87,0.0,2.3,129,1021.5,10,77.5,78.5,738.0,45.0,49.0,47.7
2025-01-05 01:00:00,2025,1,5,1,Hà Nội,Xã Tây Phương,21.0403672,105.6115528,175,Unhealthy,3,14.4,88,0.0,3.6,53,1021.6,100,85.2,86.1,776.0,47.0,43.0,49.9
2025-01-05 02:00:00,2025,1,5,2,Hà Nội,Xã Tây Phương,21.0403672,105.6115528,174,Unhealthy,3,15.7,85,0.0,2.8,225,1020.9,6,88.0,88.7,781.0,48.8,37.0,53.9
2025-01-05 03:00:00,2025,1,5,3,Hà Nội,Xã Tây Phương,21.0403672,105.6115528,173,Unhealthy,3,14.2,88,0.0,1.3,352,1021.0,28,95.0,95.9,774.0,50.9,32.0,59.2
2025-01-05 04:00:00,2025,1,5,4,Hà Nội,Xã Tây Phương,21.0403672,105.6115528,172,Unhealthy,3,13.9,92,0.0,4.4,341,1020.9,47,98.0,98.7,787.0,52.8,27.0,64.2
2025-01-05 05:00:00,2025,1,5,5,Hà Nội,Xã Tây Phương,21.0403672,105.6115528,171,Unhealthy,3,13.5,93,0.0,4.7,317,1021.0,59,99.7,100.4,851.0,55.5,19.0,68.6
2025-01-05 06:00:00,2025,1,5,6,Hà Nội,Xã Tây Phương,21.0403672,105.6115528,170,Unhealthy,3,14.1,92,0.0,5.4,310,1021.6,100,103.4,104.1,935.0,58.1,11.0,72.7
2025-01-05 07:00:00,2025,1,5,7,Hà Nội,Xã Tây Phương,21.0403672,105.6115528,170,Unhealthy,3,15.1,87,0.0,7.1,304,1022.2,53,113.4,114.1,971.0,57.5,12.0,70.1
2025-01-05 08:00:00,2025,1,5,8,Hà Nội,Xã Tây Phương,21.0403672,105.6115528,168,Unhealthy,3,16.7,84,0.0,6.9,303,1022.9,0,113.4,113.9,915.0,48.7,35.0,71.6
2025-01-05 09:00:00,2025,1,5,9,Hà Nội,Xã Tây Phương,21.0403672,105.6115528,167,Unhealthy,3,19.2,68,0.0,5.0,316,1023.1,0,99.4,100.1,811.0,36.4,68.0,73.2
2025-01-05 10:00:00,2025,1,5,10,Hà Nội,Xã Tây Phương,21.0403672,105.6115528,166,Unhealthy,3,21.0,54,0.0,5.8,358,1022.7,0,83.8,84.8,727.0,25.6,101.0,71.3
2025-01-05 11:00:00,2025,1,5,11,Hà Nội,Xã Tây Phương,21.0403672,105.6115528,166,Unhealthy,3,22.1,47,0.0,8.9,27,1021.7,0,79.2,80.1,688.0,17.7,133.0,62.4
2025-01-05 12:00:00,2025,1,5,12,Hà Nội,Xã Tây Phương,21.0403672,105.6115528,166,Unhealthy,3,22.9,44,0.0,8.2,19,1020.5,0,77.5,78.2,669.0,11.3,164.0,49.9
2025-01-05 13:00:00,2025,1,5,13,Hà Nội,Xã Tây Phương,21.0403672,105.6115528,166,Unhealthy,3,23.6,41,0.0,5.1,18,1018.7,0,75.2,76.1,655.0,7.2,185.0,40.2
2025-01-05 14:00:00,2025,1,5,14,Hà Nội,Xã Tây Phương,21.0403672,105.6115528,166,Unhealthy,3,24.3,39,0.0,5.7,58,1017.4,9,72.4,73.3,613.0,4.8,191.0,35.1
2025-01-05 15:00:00,2025,1,5,15,Hà Nội,Xã Tây Phương,21.0403672,105.6115528,166,Unhealthy,3,24.3,39,0.0,6.1,56,1016.3,49,70.8,71.7,577.0,4.6,187.0,32.9
2025-01-05 16:00:00,2025,1,5,16,Hà Nội,Xã Tây Phương,21.0403672,105.6115528,166,Unhealthy,3,23.8,40,0.0,5.0,21,1015.7,5,69.8,70.5,634.0,9.2,175.0,34.5
2025-01-05 17:00:00,2025,1,5,17,Hà Nội,Xã Tây Phương,21.0403672,105.6115528,166,Unhealthy,3,21.9,59,0.0,2.7,356,1015.6,0,83.4,84.1,885.0,22.2,150.0,42.1
2025-01-05 18:00:00,2025,1,5,18,Hà Nội,Xã Tây Phương,21.0403672,105.6115528,166,Unhealthy,3,19.8,59,0.0,0.9,270,1015.8,0,108.0,108.7,1231.0,39.9,117.0,53.5
2025-01-05 19:00:00,2025,1,5,19,Hà Nội,Xã Tây Phương,21.0403672,105.6115528,166,Unhealthy,3,18.3,63,0.0,2.3,209,1016.3,0,139.7,140.2,1457.0,72.7,76.0,73.7
2025-01-05 20:00:00,2025,1,5,20,Hà Nội,Xã Tây Phương,21.0403672,105.6115528,167,Unhealthy,3,17.6,59,0.0,4.9,219,1016.8,0,156.5,156.9,1458.0,77.1,66.0,83.2
2025-01-05 21:00:00,2025,1,5,21,Hà Nội,Xã Tây Phương,21.0403672,105.6115528,169,Unhealthy,3,17.0,65,0.0,3.2,232,1017.2,0,171.8,172.8,1341.0,82.9,51.0,95.8
2025-01-05 22:00:00,2025,1,5,22,Hà Nội,Xã Tây Phương,21.0403672,105.6115528,171,Unhealthy,3,15.9,69,0.0,5.5,163,1017.4,0,187.7,188.1,1211.0,85.2,40.0,102.2
2025-01-05 23:00:00,2025,1,5,23,Hà Nội,Xã Tây Phương,21.0403672,105.6115528,174,Unhealthy,3,15.8,69,0.0,7.0,151,1017.3,0,190.0,190.5,1091.0,81.0,35.0,96.7
2025-01-06 00:00:00,2025,1,6,0,Hà Nội,Xã Tây Phương,21.0403672,105.6115528,176,Unhealthy,3,15.3,71,0.0,10.7,143,1017.3,0,173.7,174.2,958.0,73.2,33.0,85.0
2025-01-06 01:00:00,2025,1,6,1,Hà Nội,Xã Tây Phương,21.0403672,105.6115528,179,Unhealthy,3,14.8,75,0.0,12.2,137,1017.2,1,161.1,161.6,854.0,65.8,32.0,75.0
2025-01-06 02:00:00,2025,1,6,2,Hà Nội,Xã Tây Phương,21.0403672,105.6115528,180,Unhealthy,3,14.4,80,0.0,11.3,146,1016.7,1,146.7,147.1,785.0,59.4,33.0,69.1
2025-01-06 03:00:00,2025,1,6,3,Hà Nội,Xã Tây Phương,21.0403672,105.6115528,182,Unhealthy,3,14.1,83,0.0,9.6,157,1016.5,2,137.8,138.3,746.0,53.5,34.0,64.9
2025-01-06 04:00:00,2025,1,6,4,Hà Nội,Xã Tây Phương,21.0403672,105.6115528,182,Unhealthy,3,13.6,86,0.0,7.2,155,1016.5,3,135.0,136.0,757.0,50.2,35.0,63.5
2025-01-06 05:00:00,2025,1,6,5,Hà Nội,Xã Tây Phương,21.0403672,105.6115528,183,Unhealthy,3,12.8,89,0.0,5.7,125,1016.8,0,134.6,135.5,867.0,52.3,30.0,66.4
2025-01-06 06:00:00,2025,1,6,6,Hà Nội,Xã Tây Phương,21.0403672,105.6115528,184,Unhealthy,3,12.6,91,0.0,5.9,108,1017.6,0,136.0,136.9,1028.0,57.0,24.0,72.2
2025-01-06 07:00:00,2025,1,6,7,Hà Nội,Xã Tây Phương,21.0403672,105.6115528,185,Unhealthy,3,12.9,92,0.0,5.8,110,1018.3,0,150.4,151.3,1119.0,57.8,25.0,70.0
2025-01-06 08:00:00,2025,1,6,8,Hà Nội,Xã Tây Phương,21.0403672,105.6115528,186,Unhealthy,3,15.5,86,0.0,6.8,107,1019.6,0,157.4,157.9,1069.0,53.3,43.0,74.0
2025-01-06 09:00:00,2025,1,6,9,Hà Nội,Xã Tây Phương,21.0403672,105.6115528,187,Unhealthy,3,18.2,74,0.0,6.5,114,1020.3,0,132.7,133.6,950.0,46.7,70.0,79.1
2025-01-06 10:00:00,2025,1,6,10,Hà Nội,Xã Tây Phương,21.0403672,105.6115528,187,Unhealthy,3,20.3,61,0.0,7.9,135,1020.1,0,113.9,115.3,848.0,39.6,99.0,80.0
2025-01-06 11:00:00,2025,1,6,11,Hà Nội,Xã Tây Phương,21.0403672,105.6115528,188,Unhealthy,3,21.7,50,0.0,7.8,122,1019.2,0,98.3,99.4,798.0,31.3,133.0,72.6
2025-01-06 12:00:00,2025,1,6,12,Hà Nội,Xã Tây Phương,21.0403672,105.6115528,188,Unhealthy,3,22.8,45,0.0,6.6,112,1017.9,0,91.0,92.0,765.0,22.4,169.0,61.0
2025-01-06 13:00:00,2025,1,6,13,Hà Nội,Xã Tây Phương,21.0403672,105.6115528,189,Unhealthy,3,23.4,42,0.0,5.8,120,1016.3,0,89.2,89.9,741.0,16.0,197.0,52.1
2025-01-06 14:00:00,2025,1,6,14,Hà Nội,Xã Tây Phương,21.0403672,105.6115528,189,Unhealthy,3,23.8,41,0.0,6.0,136,1015.1,0,88.5,89.2,702.0,11.4,214.0,47.7
2025-01-06 15:00:00,2025,1,6,15,Hà Nội,Xã Tây Phương,21.0403672,105.6115528,189,Unhealthy,3,23.8,41,0.0,6.9,147,1014.1,3,88.9,89.6,671.0,9.3,223.0,46.1
2025-01-06 16:00:00,2025,1,6,16,Hà Nội,Xã Tây Phương,21.0403672,105.6115528,190,Unhealthy,3,23.4,42,0.0,7.8,136,1014.0,7,89.6,90.3,704.0,14.8,216.0,48.6
2025-01-06 17:00:00,2025,1,6,17,Hà Nội,Xã Tây Phương,21.0403672,105.6115528,190,Unhealthy,3,21.8,49,0.0,6.1,114,1014.3,9,115.9,116.6,870.0,35.6,182.0,58.9
2025-01-06 18:00:00,2025,1,6,18,Hà Nội,Xã Tây Phương,21.0403672,105.6115528,191,Unhealthy,3,20.2,51,0.0,8.7,108,1014.8,5,143.4,143.9,1100.0,63.9,133.0,73.4
2025-01-06 19:00:00,2025,1,6,19,Hà Nội,Xã Tây Phương,21.0403672,105.6115528,192,Unhealthy,3,19.8,52,0.0,9.9,99,1015.3,0,163.9,164.4,1241.0,83.0,94.0,83.2
2025-01-06 20:00:00,2025,1,6,20,Hà Nội,Xã Tây Phương,21.0403672,105.6115528,192,Unhealthy,3,19.1,55,0.0,13.9,126,1015.7,0,174.2,175.1,1203.0,76.4,86.0,80.9
2025-01-06 21:00:00,2025,1,6,21,Hà Nội,Xã Tây Phương,21.0403672,105.6115528,193,Unhealthy,3,17.8,67,0.0,13.2,152,1016.3,0,159.7,160.2,1077.0,67.2,74.0,77.6
2025-01-06 22:00:00,2025,1,6,22,Hà Nội,Xã Tây Phương,21.0403672,105.6115528,192,Unhealthy,3,16.5,78,0.0,10.5,156,1016.4,0,139.7,140.2,984.0,59.5,64.0,73.8
2025-01-06 23:00:00,2025,1,6,23,Hà Nội,Xã Tây Phương,21.0403672,105.6115528,191,Unhealthy,3,15.8,85,0.0,9.4,154,1016.2,0,128.5,129.0,979.0,54.7,57.0,69.0
2025-01-07 00:00:00,2025,1,7,0,Hà Nội,Xã Tây Phương,21.0403672,105.6115528,190,Unhealthy,3,15.1,90,0.0,7.6,153,1016.2,0,122.5,123.4,1008.0,51.3,52.0,63.7
2025-01-07 01:00:00,2025,1,7,1,Hà Nội,Xã Tây Phương,21.0403672,105.6115528,189,Unhealthy,3,14.4,93,0.0,5.8,129,1016.0,0,122.0,122.5,1031.0,48.9,47.0,60.0
2025-01-07 02:00:00,2025,1,7,2,Hà Nội,Xã Tây Phương,21.0403672,105.6115528,188,Unhealthy,3,14.1,95,0.0,5.6,112,1015.6,1,122.5,122.9,1019.0,47.5,43.0,58.8
2025-01-07 03:00:00,2025,1,7,3,Hà Nội,Xã Tây Phương,21.0403672,105.6115528,187,Unhealthy,3,13.8,96,0.0,5.6,117,1015.6,2,124.3,124.8,1001.0,47.1,41.0,59.1
2025-01-07 04:00:00,2025,1,7,4,Hà Nội,Xã Tây Phương,21.0403672,105.6115528,187,Unhealthy,3,13.4,98,0.0,5.5,113,1015.5,3,127.6,128.1,1028.0,47.3,38.0,60.1
2025-01-07 05:00:00,2025,1,7,5,Hà Nội,Xã Tây Phương,21.0403672,105.6115528,187,Unhealthy,3,13.3,99,0.0,5.8,110,1015.8,10,136.4,136.9,1161.0,48.4,32.0,61.1
2025-01-07 06:00:00,2025,1,7,6,Hà Nội,Xã Tây Phương,21.0403672,105.6115528,187,Unhealthy,3,13.1,99,0.0,5.2,106,1016.3,32,142.0,142.5,1340.0,50.1,25.0,62.8
2025-01-07 07:00:00,2025,1,7,7,Hà Nội,Xã Tây Phương,21.0403672,105.6115528,187,Unhealthy,3,13.2,99,0.0,3.4,96,1017.2,34,133.2,133.6,1434.0,49.7,24.0,58.2
2025-01-07 08:00:00,2025,1,7,8,Hà Nội,Xã Tây Phương,21.0403672,105.6115528,187,Unhealthy,3,14.6,97,0.0,3.4,96,1018.4,97,132.2,132.7,1377.0,48.8,41.0,66.8
2025-01-07 09:00:00,2025,1,7,9,Hà Nội,Xã Tây Phương,21.0403672,105.6115528,186,Unhealthy,3,15.9,90,0.0,3.1,100,1019.4,78,125.7,126.2,1235.0,47.3,66.0,78.1
2025-01-07 10:00:00,2025,1,7,10,Hà Nội,Xã Tây Phương,21.0403672,105.6115528,186,Unhealthy,3,18.5,74,0.0,2.3,90,1019.4,29,116.2,116.9,1078.0,43.3,95.0,82.6
2025-01-07 11:00:00,2025,1,7,11,Hà Nội,Xã Tây Phương,21.0403672,105.6115528,186,Unhealthy,3,20.7,62,0.0,5.4,116,1018.3,47,98.5,99.4,905.0,34.6,132.0,74.2
2025-01-07 12:00:00,2025,1,7,12,Hà Nội,Xã Tây Phương,21.0403672,105.6115528,186,Unhealthy,3,22.4,55,0.0,9.5,147,1017.0,88,77.8,78.9,716.0,23.4,173.0,59.0
2025-01-07 13:00:00,2025,1,7,13,Hà Nội,Xã Tây Phương,21.0403672,105.6115528,186,Unhealthy,3,23.0,52,0.0,10.0,162,1015.6,100,67.5,68.7,580.0,15.2,201.0,46.3
2025-01-07 14:00:00,2025,1,7,14,Hà Nội,Xã Tây Phương,21.0403672,105.6115528,185,Unhealthy,3,22.9,53,0.0,8.7,167,1014.6,100,63.8,65.2,529.0,10.7,210.0,38.5
2025-01-07 15:00:00,2025,1,7,15,Hà Nội,Xã Tây Phương,21.0403672,105.6115528,185,Unhealthy,3,22.9,54,0.0,7.9,167,1013.8,8,61.9,63.3,531.0,9.2,207.0,33.2
2025-01-07 16:00:00,2025,1,7,16,Hà Nội,Xã Tây Phương,21.0403672,105.6115528,184,Unhealthy,3,23.1,53,0.0,6.7,153,1013.6,4,61.2,62.4,559.0,13.1,193.0,31.8
2025-01-07 17:00:00,2025,1,7,17,Hà Nội,Xã Tây Phương,21.0403672,105.6115528,184,Unhealthy,3,22.0,57,0.0,10.2,129,1013.8,29,75.7,76.6,623.0,27.3,162.0,37.2
2025-01-07 18:00:00,2025,1,7,18,Hà Nội,Xã Tây Phương,21.0403672,105.6115528,183,Unhealthy,3,20.0,73,0.0,14.7,123,1014.4,1,98.3,99.4,713.0,47.1,120.0,46.6
2025-01-07 19:00:00,2025,1,7,19,Hà Nội,Xã Tây Phương,21.0403672,105.6115528,182,Unhealthy,3,18.6,82,0.0,11.5,136,1015.2,4,112.9,113.9,767.0,59.9,91.0,56.1
2025-01-07 20:00:00,2025,1,7,20,Hà Nội,Xã Tây Phương,21.0403672,105.6115528,181,Unhealthy,3,18.2,85,0.0,10.3,144,1016.0,8,118.3,119.2,755.0,58.6,81.0,57.1
2025-01-07 21:00:00,2025,1,7,21,Hà Nội,Xã Tây Phương,21.0403672,105.6115528,179,Unhealthy,3,17.6,89,0.0,10.6,148,1016.6,4,111.5,112.5,707.0,56.7,67.0,58.2
2025-01-07 22:00:00,2025,1,7,22,Hà Nội,Xã Tây Phương,21.0403672,105.6115528,178,Unhealthy,3,16.9,94,0.0,8.5,156,1016.8,7,104.8,105.5,660.0,55.0,55.0,57.9
2025-01-07 23:00:00,2025,1,7,23,Hà Nội,Xã Tây Phương,21.0403672,105.6115528,177,Unhealthy,3,16.5,96,0.0,7.4,166,1016.8,23,100.4,101.0,624.0,54.0,46.0,54.7
2025-01-08 00:00:00,2025,1,8,0,Hà Nội,Xã Tây Phương,21.0403672,105.6115528,177,Unhealthy,3,16.1,97,0.0,5.9,166,1016.7,46,94.1,95.0,589.0,53.1,39.0,50.1
2025-01-08 01:00:00,2025,1,8,1,Hà Nội,Xã Tây Phương,21.0403672,105.6115528,176,Unhealthy,3,15.8,98,0.0,4.6,162,1016.4,100,88.5,89.2,556.0,51.5,35.0,46.4
2025-01-08 02:00:00,2025,1,8,2,Hà Nội,Xã Tây Phương,21.0403672,105.6115528,176,Unhealthy,3,16.0,98,0.0,3.5,145,1016.2,100,83.8,84.5,511.0,48.2,34.0,44.3
2025-01-08 03:00:00,2025,1,8,3,Hà Nội,Xã Tây Phương,21.0403672,105.6115528,175,Unhealthy,3,16.7,97,0.0,4.0,129,1016.0,100,78.9,79.6,468.0,44.2,36.0,43.2
2025-01-08 04:00:00,2025,1,8,4,Hà Nội,Xã Tây Phương,21.0403672,105.6115528,174,Unhealthy,3,16.8,97,0.0,5.0,136,1015.7,100,73.8,74.5,469.0,41.5,38.0,43.4
2025-01-08 05:00:00,2025,1,8,5,Hà Nội,Xã Tây Phương,21.0403672,105.6115528,172,Unhealthy,3,16.8,96,0.1,5.6,135,1016.1,100,68.0,68.7,564.0,41.9,37.0,46.3
2025-01-08 06:00:00,2025,1,8,6,Hà Nội,Xã Tây Phương,21.0403672,105.6115528,171,Unhealthy,3,16.8,96,0.0,4.5,124,1016.7,100,62.2,62.9,703.0,43.7,35.0,50.6
2025-01-08 07:00:00,2025,1,8,7,Hà Nội,Xã Tây Phương,21.0403672,105.6115528,169,Unhealthy,3,16.8,96,0.0,3.5,105,1017.3,100,72.4,73.3,782.0,43.1,37.0,46.5
2025-01-08 08:00:00,2025,1,8,8,Hà Nội,Xã Tây Phương,21.0403672,105.6115528,168,Unhealthy,3,17.9,90,0.0,2.4,138,1018.5,97,57.6,58.7,740.0,37.3,53.0,43.5
2025-01-08 09:00:00,2025,1,8,9,Hà Nội,Xã Tây Phương,21.0403672,105.6115528,166,Unhealthy,3,18.9,85,0.0,4.2,133,1019.4,70,51.3,52.6,638.0,29.1,76.0,39.3
2025-01-08 10:00:00,2025,1,8,10,Hà Nội,Xã Tây Phương,21.0403672,105.6115528,165,Unhealthy,3,20.5,75,0.2,8.5,118,1019.3,38,43.9,45.4,557.0,22.2,97.0,35.2
2025-01-08 11:00:00,2025,1,8,11,Hà Nội,Xã Tây Phương,21.0403672,105.6115528,163,Unhealthy,3,21.6,69,0.2,9.9,115,1018.6,60,37.6,39.1,532.0,17.6,114.0,31.3
2025-01-08 12:00:00,2025,1,8,12,Hà Nội,Xã Tây Phương,21.0403672,105.6115528,162,Unhealthy,3,22.1,64,0.1,9.9,122,1017.5,36,37.8,39.3,528.0,14.2,129.0,27.4
2025-01-08 13:00:00,2025,1,8,13,Hà Nội,Xã Tây Phương,21.0403672,105.6115528,161,Unhealthy,3,23.5,58,0.1,10.8,136,1015.9,82,37.7,39.1,514.0,12.4,140.0,24.8
2025-01-08 14:00:00,2025,1,8,14,Hà Nội,Xã Tây Phương,21.0403672,105.6115528,160,Unhealthy,3,23.5,58,0.1,11.0,131,1014.7,64,38.0,39.2,471.0,12.0,147.0,23.7
2025-01-08 15:00:00,2025,1,8,15,Hà Nội,Xã Tây Phương,21.0403672,105.6115528,160,Unhealthy,3,23.1,59,0.3,14.3,138,1014.4,75,38.1,39.3,418.0,13.1,149.0,23.8
2025-01-08 16:00:00,2025,1,8,16,Hà Nội,Xã Tây Phương,21.0403672,105.6115528,159,Unhealthy,3,22.2,64,0.1,16.7,140,1014.6,36,38.9,39.9,390.0,16.6,143.0,25.0
2025-01-08 17:00:00,2025,1,8,17,Hà Nội,Xã Tây Phương,21.0403672,105.6115528,159,Unhealthy,3,21.5,68,0.0,14.5,142,1015.0,33,43.0,44.0,404.0,24.4,125.0,27.7
2025-01-08 18:00:00,2025,1,8,18,Hà Nội,Xã Tây Phương,21.0403672,105.6115528,158,Unhealthy,3,20.4,74,0.0,11.1,149,1015.8,25,53.4,54.5,441.0,34.5,98.0,31.4
2025-01-08 19:00:00,2025,1,8,19,Hà Nội,Xã Tây Phương,21.0403672,105.6115528,157,Unhealthy,3,20.0,74,0.0,12.4,140,1017.1,65,61.7,62.6,482.0,45.8,71.0,36.1
2025-01-08 20:00:00,2025,1,8,20,Hà Nội,Xã Tây Phương,21.0403672,105.6115528,156,Unhealthy,3,18.6,86,0.0,10.6,148,1017.7,18,65.7,66.6,525.0,47.8,62.0,37.5
2025-01-08 21:00:00,2025,1,8,21,Hà Nội,Xã Tây Phương,21.0403672,105.6115528,155,Unhealthy,3,18.2,87,0.0,10.6,141,1018.4,8,69.8,71.0,570.0,50.6,49.0,39.5
2025-01-08 22:00:00,2025,1,8,22,Hà Nội,Xã Tây Phương,21.0403672,105.6115528,154,Unhealthy,3,17.3,89,0.0,7.4,148,1018.9,14,75.2,76.4,602.0,52.4,39.0,40.6
2025-01-08 23:00:00,2025,1,8,23,Hà Nội,Xã Tây Phương,21.0403672,105.6115528,153,Unhealthy,3,16.6,91,0.0,5.5,163,1019.1,32,81.7,82.9,611.0,52.8,33.0,40.1
2025-01-09 00:00:00,2025,1,9,0,Hà Nội,Xã Tây Phương,21.0403672,105.6115528,153,Unhealthy,3,16.1,92,0.0,4.3,182,1018.9,94,84.3,85.7,606.0,52.3,29.0,38.9
2025-01-09 01:00:00,2025,1,9,1,Hà Nội,Xã Tây Phương,21.0403672,105.6115528,152,Unhealthy,3,17.0,89,0.0,2.7,148,1018.8,100,83.4,84.5,596.0,50.3,27.0,37.9
2025-01-09 02:00:00,2025,1,9,2,Hà Nội,Xã Tây Phương,21.0403672,105.6115528,152,Unhealthy,3,17.1,86,0.0,2.3,113,1018.2,100,81.5,82.4,564.0,45.8,28.0,37.2
2025-01-09 03:00:00,2025,1,9,3,Hà Nội,Xã Tây Phương,21.0403672,105.6115528,152,Unhealthy,3,17.2,84,0.0,4.4,52,1017.8,100,78.7,79.9,528.0,39.8,31.0,36.8
2025-01-09 04:00:00,2025,1,9,4,Hà Nội,Xã Tây Phương,21.0403672,105.6115528,152,Unhealthy,3,17.0,71,0.0,8.0,52,1017.7,100,75.7,76.6,546.0,34.9,33.0,37.5
2025-01-09 05:00:00,2025,1,9,5,Hà Nội,Xã Tây Phương,21.0403672,105.6115528,152,Unhealthy,3,16.6,61,0.0,7.4,58,1018.4,100,71.7,72.4,680.0,32.2,33.0,40.0
2025-01-09 06:00:00,2025,1,9,6,Hà Nội,Xã Tây Phương,21.0403672,105.6115528,152,Unhealthy,3,16.4,59,0.0,8.2,57,1019.1,100,66.4,66.8,870.0,30.5,34.0,43.5
2025-01-09 07:00:00,2025,1,9,7,Hà Nội,Xã Tây Phương,21.0403672,105.6115528,152,Unhealthy,3,16.4,59,0.0,8.7,53,1019.7,100,60.3,60.5,992.0,27.8,34.0,45.3
2025-01-09 08:00:00,2025,1,9,8,Hà Nội,Xã Tây Phương,21.0403672,105.6115528,152,Unhealthy,3,16.8,62,0.0,12.0,47,1021.0,100,56.1,56.2,982.0,26.4,39.0,46.9
2025-01-09 09:00:00,2025,1,9,9,Hà Nội,Xã Tây Phương,21.0403672,105.6115528,152,Unhealthy,3,17.3,59,0.0,11.5,50,1022.2,100,53.4,53.7,905.0,24.4,46.0,49.0
2025-01-09 10:00:00,2025,1,9,10,Hà Nội,Xã Tây Phương,21.0403672,105.6115528,152,Unhealthy,3,18.2,56,0.0,10.4,46,1022.5,86,51.7,51.9,830.0,22.3,55.0,50.1
2025-01-09 11:00:00,2025,1,9,11,Hà Nội,Xã Tây Phương,21.0403672,105.6115528,152,Unhealthy,3,20.0,51,0.0,9.2,42,1021.9,94,50.8,51.1,777.0,20.3,67.0,49.3
2025-01-09 12:00:00,2025,1,9,12,Hà Nội,Xã Tây Phương,21.0403672,105.6115528,153,Unhealthy,3,21.0,50,0.0,9.4,38,1020.9,97,50.9,51.2,726.0,18.2,81.0,47.5
2025-01-09 13:00:00,2025,1,9,13,Hà Nội,Xã Tây Phương,21.0403672,105.6115528,153,Unhealthy,3,21.8,48,0.0,10.6,40,1019.5,85,50.6,51.1,693.0,16.6,91.0,45.1
2025-01-09 14:00:00,2025,1,9,14,Hà Nội,Xã Tây Phương,21.0403672,105.6115528,153,Unhealthy,3,22.0,48,0.0,11.9,41,1018.9,96,49.6,50.1,689.0,15.7,94.0,42.1
2025-01-09 15:00:00,2025,1,9,15,Hà Nội,Xã Tây Phương,21.0403672,105.6115528,154,Unhealthy,3,21.7,49,0.0,12.6,36,1018.5,97,47.3,47.6,702.0,15.2,92.0,38.6
2025-01-09 16:00:00,2025,1,9,16,Hà Nội,Xã Tây Phương,21.0403672,105.6115528,154,Unhealthy,3,21.4,48,0.0,14.5,25,1018.8,73,43.2,43.5,709.0,15.0,89.0,35.2
2025-01-09 17:00:00,2025,1,9,17,Hà Nội,Xã Tây Phương,21.0403672,105.6115528,154,Unhealthy,3,20.7,48,0.0,14.6,24,1019.5,96,38.4,38.6,703.0,15.3,83.0,32.0
2025-01-09 18:00:00,2025,1,9,18,Hà Nội,Xã Tây Phương,21.0403672,105.6115528,154,Unhealthy,3,19.2,50,0.0,20.1,40,1020.5,5,30.6,30.9,690.0,15.9,76.0,28.9
2025-01-09 19:00:00,2025,1,9,19,Hà Nội,Xã Tây Phương,21.0403672,105.6115528,153,Unhealthy,3,17.6,55,0.0,18.8,44,1022.0,16,34.5,34.7,669.0,16.5,77.0,30.5
2025-01-09 20:00:00,2025,1,9,20,Hà Nội,Xã Tây Phương,21.0403672,105.6115528,153,Unhealthy,3,18.3,53,0.0,20.3,50,1022.4,18,24.0,24.2,633.0,15.0,76.0,27.9
2025-01-09 21:00:00,2025,1,9,21,Hà Nội,Xã Tây Phương,21.0403672,105.6115528,152,Unhealthy,3,17.6,53,0.0,20.7,51,1023.7,90,19.3,19.3,588.0,13.0,74.0,24.2
2025-01-09 22:00:00,2025,1,9,22,Hà Nội,Xã Tây Phương,21.0403672,105.6115528,151,Unhealthy,3,17.0,54,0.0,22.2,50,1024.6,100,17.6,17.8,552.0,11.5,73.0,21.4
2025-01-09 23:00:00,2025,1,9,23,Hà Nội,Xã Tây Phương,21.0403672,105.6115528,147,Unhealthy for Sensitive Groups,2,16.2,56,0.0,20.6,47,1025.2,96,16.8,16.8,532.0,11.1,72.0,20.3
2025-01-10 00:00:00,2025,1,10,0,Hà Nội,Xã Tây Phương,21.0403672,105.6115528,140,Unhealthy for Sensitive Groups,2,15.6,55,0.0,19.2,42,1025.5,100,15.4,15.4,520.0,11.2,71.0,20.1
2025-01-10 01:00:00,2025,1,10,1,Hà Nội,Xã Tây Phương,21.0403672,105.6115528,133,Unhealthy for Sensitive Groups,2,15.2,53,0.0,18.3,34,1025.9,100,14.8,14.8,513.0,11.2,70.0,19.8
2025-01-10 02:00:00,2025,1,10,2,Hà Nội,Xã Tây Phương,21.0403672,105.6115528,126,Unhealthy for Sensitive Groups,2,15.0,52,0.0,16.8,29,1025.8,100,14.6,14.7,512.0,10.7,70.0,19.1
2025-01-10 03:00:00,2025,1,10,3,Hà Nội,Xã Tây Phương,21.0403672,105.6115528,119,Unhealthy for Sensitive Groups,2,14.8,53,0.0,15.9,33,1025.9,100,15.9,15.9,517.0,10.1,71.0,18.4
2025-01-10 04:00:00,2025,1,10,4,Hà Nội,Xã Tây Phương,21.0403672,105.6115528,112,Unhealthy for Sensitive Groups,2,14.5,53,0.0,14.7,33,1026.1,100,18.8,18.9,520.0,9.9,71.0,18.0
2025-01-10 05:00:00,2025,1,10,5,Hà Nội,Xã Tây Phương,21.0403672,105.6115528,106,Unhealthy for Sensitive Groups,2,14.2,53,0.0,15.6,35,1026.5,100,20.7,20.9,522.0,10.6,69.0,18.2
2025-01-10 06:00:00,2025,1,10,6,Hà Nội,Xã Tây Phương,21.0403672,105.6115528,101,Unhealthy for Sensitive Groups,2,14.1,52,0.0,14.6,35,1027.3,100,20.1,20.3,522.0,11.8,67.0,18.8
2025-01-10 07:00:00,2025,1,10,7,Hà Nội,Xã Tây Phương,21.0403672,105.6115528,97,Moderate,1,13.9,51,0.0,14.6,35,1028.4,100,20.2,20.4,518.0,13.8,62.0,20.7
2025-01-10 08:00:00,2025,1,10,8,Hà Nội,Xã Tây Phương,21.0403672,105.6115528,93,Moderate,1,14.9,48,0.0,16.9,46,1029.2,100,19.8,20.1,506.0,12.8,63.0,20.8
2025-01-10 09:00:00,2025,1,10,9,Hà Nội,Xã Tây Phương,21.0403672,105.6115528,90,Moderate,1,15.1,45,0.0,17.7,40,1030.1,100,19.4,19.8,489.0,11.4,66.0,20.9
2025-01-10 10:00:00,2025,1,10,10,Hà Nội,Xã Tây Phương,21.0403672,105.6115528,87,Moderate,1,15.7,43,0.0,16.1,42,1029.9,75,18.9,19.3,474.0,10.2,69.0,21.0
2025-01-10 11:00:00,2025,1,10,11,Hà Nội,Xã Tây Phương,21.0403672,105.6115528,84,Moderate,1,17.0,40,0.0,16.4,42,1029.0,47,18.8,19.2,461.0,9.2,75.0,21.0
2025-01-10 12:00:00,2025,1,10,12,Hà Nội,Xã Tây Phương,21.0403672,105.6115528,81,Moderate,1,17.8,39,0.0,16.5,36,1027.5,5,19.2,19.6,451.0,8.3,82.0,20.9
2025-01-10 13:00:00,2025,1,10,13,Hà Nội,Xã Tây Phương,21.0403672,105.6115528,78,Moderate,1,18.6,38,0.0,15.5,32,1025.9,16,20.0,20.4,445.0,7.8,88.0,20.8
2025-01-10 14:00:00,2025,1,10,14,Hà Nội,Xã Tây Phương,21.0403672,105.6115528,76,Moderate,1,19.0,38,0.0,12.9,33,1024.8,37,21.0,21.4,434.0,7.3,93.0,20.2
2025-01-10 15:00:00,2025,1,10,15,Hà Nội,Xã Tây Phương,21.0403672,105.6115528,73,Moderate,1,19.0,38,0.0,12.9,41,1024.2,35,21.7,22.1,428.0,7.2,97.0,19.5
2025-01-10 16:00:00,2025,1,10,16,Hà Nội,Xã Tây Phương,21.0403672,105.6115528,71,Moderate,1,18.5,38,0.0,13.9,48,1024.3,10,22.1,22.5,463.0,9.5,96.0,20.4
2025-01-10 17:00:00,2025,1,10,17,Hà Nội,Xã Tây Phương,21.0403672,105.6115528,69,Moderate,1,17.6,41,0.0,12.2,53,1024.7,23,22.8,23.1,588.0,16.3,85.0,24.1
2025-01-10 18:00:00,2025,1,10,18,Hà Nội,Xã Tây Phương,21.0403672,105.6115528,68,Moderate,1,16.4,45,0.0,7.9,51,1025.4,68,29.7,30.0,754.0,25.5,69.0,29.3
2025-01-10 19:00:00,2025,1,10,19,Hà Nội,Xã Tây Phương,21.0403672,105.6115528,68,Moderate,1,16.5,46,0.0,7.1,45,1026.2,82,31.9,32.1,852.0,27.6,57.0,31.8
2025-01-10 20:00:00,2025,1,10,20,Hà Nội,Xã Tây Phương,21.0403672,105.6115528,67,Moderate,1,15.6,50,0.0,7.6,43,1027.1,54,32.2,32.5,818.0,26.4,55.0,32.1
2025-01-10 21:00:00,2025,1,10,21,Hà Nội,Xã Tây Phương,21.0403672,105.6115528,68,Moderate,1,15.6,49,0.0,11.5,42,1028.0,85,27.1,27.2,715.0,24.7,53.0,32.3
2025-01-10 22:00:00,2025,1,10,22,Hà Nội,Xã Tây Phương,21.0403672,105.6115528,69,Moderate,1,15.4,48,0.0,13.1,49,1028.2,89,23.5,23.6,623.0,22.5,52.0,31.6
2025-01-10 23:00:00,2025,1,10,23,Hà Nội,Xã Tây Phương,21.0403672,105.6115528,69,Moderate,1,15.2,46,0.0,11.4,53,1028.4,100,21.4,21.5,571.0,19.4,55.0,29.1
2025-01-11 00:00:00,2025,1,11,0,Hà Nội,Xã Tây Phương,21.0403672,105.6115528,70,Moderate,1,15.2,46,0.0,10.7,55,1028.5,92,19.6,19.8,530.0,15.7,59.0,25.7
2025-01-11 01:00:00,2025,1,11,1,Hà Nội,Xã Tây Phương,21.0403672,105.6115528,70,Moderate,1,14.9,46,0.0,11.9,48,1028.6,100,19.8,20.2,490.0,12.8,63.0,23.0
2025-01-11 02:00:00,2025,1,11,2,Hà Nội,Xã Tây Phương,21.0403672,105.6115528,70,Moderate,1,14.4,46,0.0,13.9,38,1028.2,100,20.8,21.4,438.0,11.1,65.0,21.6
2025-01-11 03:00:00,2025,1,11,3,Hà Nội,Xã Tây Phương,21.0403672,105.6115528,71,Moderate,1,14.1,44,0.0,16.0,35,1028.4,100,22.1,22.9,387.0,10.1,65.0,20.8
2025-01-11 04:00:00,2025,1,11,4,Hà Nội,Xã Tây Phương,21.0403672,105.6115528,72,Moderate,1,13.8,44,0.0,16.8,32,1028.7,100,23.7,24.6,364.0,9.8,65.0,20.6
2025-01-11 05:00:00,2025,1,11,5,Hà Nội,Xã Tây Phương,21.0403672,105.6115528,72,Moderate,1,13.6,43,0.0,16.3,31,1029.1,100,25.4,26.3,396.0,10.8,63.0,21.3
2025-01-11 06:00:00,2025,1,11,6,Hà Nội,Xã Tây Phương,21.0403672,105.6115528,72,Moderate,1,13.6,42,0.0,16.0,27,1029.8,96,27.2,28.2,455.0,12.5,60.0,22.5
2025-01-11 07:00:00,2025,1,11,7,Hà Nội,Xã Tây Phương,21.0403672,105.6115528,73,Moderate,1,13.4,41,0.0,15.8,27,1030.5,100,27.9,28.8,489.0,13.9,58.0,24.2
2025-01-11 08:00:00,2025,1,11,8,Hà Nội,Xã Tây Phương,21.0403672,105.6115528,74,Moderate,1,14.6,39,0.0,17.5,28,1032.0,98,27.5,28.5,468.0,12.4,61.0,22.6
2025-01-11 09:00:00,2025,1,11,9,Hà Nội,Xã Tây Phương,21.0403672,105.6115528,74,Moderate,1,15.2,38,0.0,17.8,26,1033.2,98,27.2,28.2,421.0,10.4,65.0,20.5
2025-01-11 10:00:00,2025,1,11,10,Hà Nội,Xã Tây Phương,21.0403672,105.6115528,75,Moderate,1,15.8,38,0.0,17.9,19,1033.6,87,28.2,29.3,384.0,8.8,69.0,18.8
2025-01-11 11:00:00,2025,1,11,11,Hà Nội,Xã Tây Phương,21.0403672,105.6115528,76,Moderate,1,16.5,37,0.0,18.3,13,1032.7,100,29.5,30.6,369.0,8.0,73.0,18.1
2025-01-11 12:00:00,2025,1,11,12,Hà Nội,Xã Tây Phương,21.0403672,105.6115528,77,Moderate,1,17.0,36,0.0,16.5,14,1031.3,100,30.4,31.5,364.0,7.7,78.0,17.8
2025-01-11 13:00:00,2025,1,11,13,Hà Nội,Xã Tây Phương,21.0403672,105.6115528,78,Moderate,1,17.2,36,0.0,13.8,13,1029.8,100,31.2,32.4,364.0,7.5,82.0,17.6
2025-01-11 14:00:00,2025,1,11,14,Hà Nội,Xã Tây Phương,21.0403672,105.6115528,79,Moderate,1,17.2,36,0.0,12.1,7,1028.7,99,31.7,32.9,355.0,6.4,88.0,16.9
2025-01-11 15:00:00,2025,1,11,15,Hà Nội,Xã Tây Phương,21.0403672,105.6115528,80,Moderate,1,17.5,36,0.0,11.2,360,1027.8,100,32.2,33.4,352.0,5.5,94.0,16.2
2025-01-11 16:00:00,2025,1,11,16,Hà Nội,Xã Tây Phương,21.0403672,105.6115528,81,Moderate,1,17.6,36,0.0,10.8,360,1027.6,6,32.7,33.9,396.0,7.9,93.0,17.1
2025-01-11 17:00:00,2025,1,11,17,Hà Nội,Xã Tây Phương,21.0403672,105.6115528,82,Moderate,1,17.0,38,0.0,8.1,5,1027.5,0,33.8,34.9,539.0,16.5,80.0,20.7
2025-01-11 18:00:00,2025,1,11,18,Hà Nội,Xã Tây Phương,21.0403672,105.6115528,83,Moderate,1,14.4,47,0.0,6.2,343,1027.6,0,43.0,44.0,730.0,28.3,61.0,25.9
2025-01-11 19:00:00,2025,1,11,19,Hà Nội,Xã Tây Phương,21.0403672,105.6115528,84,Moderate,1,13.9,52,0.0,8.9,308,1028.1,0,54.7,55.8,853.0,40.7,40.0,31.7
2025-01-11 20:00:00,2025,1,11,20,Hà Nội,Xã Tây Phương,21.0403672,105.6115528,86,Moderate,1,13.6,57,0.0,11.6,307,1029.1,0,63.6,64.7,847.0,42.7,35.0,35.6
2025-01-11 21:00:00,2025,1,11,21,Hà Nội,Xã Tây Phương,21.0403672,105.6115528,89,Moderate,1,13.3,55,0.0,11.6,312,1029.4,0,70.3,71.5,774.0,45.4,27.0,40.9
2025-01-11 22:00:00,2025,1,11,22,Hà Nội,Xã Tây Phương,21.0403672,105.6115528,92,Moderate,1,12.7,59,0.0,10.0,319,1029.6,0,78.5,79.6,701.0,47.6,21.0,44.3
2025-01-11 23:00:00,2025,1,11,23,Hà Nội,Xã Tây Phương,21.0403672,105.6115528,97,Moderate,1,12.1,64,0.0,8.8,311,1029.6,0,85.0,86.1,652.0,48.8,17.0,44.2
2025-01-12 00:00:00,2025,1,12,0,Hà Nội,Xã Tây Phương,21.0403672,105.6115528,104,Unhealthy for Sensitive Groups,2,11.4,69,0.0,6.9,301,1029.2,0,87.1,88.2,603.0,49.6,13.0,42.2
2025-01-12 01:00:00,2025,1,12,1,Hà Nội,Xã Tây Phương,21.0403672,105.6115528,111,Unhealthy for Sensitive Groups,2,10.7,74,0.0,5.9,293,1028.7,0,88.9,90.1,557.0,49.8,11.0,40.1
2025-01-12 02:00:00,2025,1,12,2,Hà Nội,Xã Tây Phương,21.0403672,105.6115528,118,Unhealthy for Sensitive Groups,2,9.9,80,0.0,5.3,294,1027.9,8,90.1,91.3,496.0,49.3,10.0,38.0
2025-01-12 03:00:00,2025,1,12,3,Hà Nội,Xã Tây Phương,21.0403672,105.6115528,125,Unhealthy for Sensitive Groups,2,9.6,83,0.0,2.8,320,1027.2,0,89.9,91.0,437.0,48.4,9.0,35.8
2025-01-12 04:00:00,2025,1,12,4,Hà Nội,Xã Tây Phương,21.0403672,105.6115528,132,Unhealthy for Sensitive Groups,2,9.1,86,0.0,3.3,324,1026.9,0,89.9,90.8,435.0,47.5,9.0,35.4
2025-01-12 05:00:00,2025,1,12,5,Hà Nội,Xã Tây Phương,21.0403672,105.6115528,139,Unhealthy for Sensitive Groups,2,8.6,89,0.0,4.4,308,1026.8,12,91.0,92.0,550.0,47.4,7.0,37.7
2025-01-12 06:00:00,2025,1,12,6,Hà Nội,Xã Tây Phương,21.0403672,105.6115528,146,Unhealthy for Sensitive Groups,2,8.4,91,0.0,3.6,307,1027.2,0,94.8,95.7,722.0,47.4,5.0,41.9
2025-01-12 07:00:00,2025,1,12,7,Hà Nội,Xã Tây Phương,21.0403672,105.6115528,151,Unhealthy,3,8.5,92,0.0,3.4,302,1027.7,0,87.8,89.6,821.0,46.2,10.0,43.5
2025-01-12 08:00:00,2025,1,12,8,Hà Nội,Xã Tây Phương,21.0403672,105.6115528,152,Unhealthy,3,11.8,87,0.0,3.1,336,1029.0,0,80.6,82.7,780.0,40.7,28.0,48.9
2025-01-12 09:00:00,2025,1,12,9,Hà Nội,Xã Tây Phương,21.0403672,105.6115528,153,Unhealthy,3,14.2,70,0.0,1.9,34,1029.4,16,55.9,56.6,666.0,32.8,53.0,56.0
2025-01-12 10:00:00,2025,1,12,10,Hà Nội,Xã Tây Phương,21.0403672,105.6115528,154,Unhealthy,3,16.2,50,0.0,6.4,45,1029.3,8,34.7,35.2,556.0,25.4,76.0,57.9
2025-01-12 11:00:00,2025,1,12,11,Hà Nội,Xã Tây Phương,21.0403672,105.6115528,154,Unhealthy,3,17.8,36,0.0,11.1,40,1028.3,30,24.6,25.2,464.0,18.7,94.0,49.5
2025-01-12 12:00:00,2025,1,12,12,Hà Nội,Xã Tây Phương,21.0403672,105.6115528,154,Unhealthy,3,18.9,29,0.0,11.2,42,1026.7,79,22.5,23.1,375.0,12.3,109.0,36.0
2025-01-12 13:00:00,2025,1,12,13,Hà Nội,Xã Tây Phương,21.0403672,105.6115528,154,Unhealthy,3,19.5,27,0.0,9.8,52,1024.7,93,22.6,23.3,323.0,8.1,121.0,26.1
2025-01-12 14:00:00,2025,1,12,14,Hà Nội,Xã Tây Phương,21.0403672,105.6115528,153,Unhealthy,3,19.6,27,0.0,9.1,69,1023.1,91,23.3,24.0,320.0,4.9,130.0,22.7
2025-01-12 15:00:00,2025,1,12,15,Hà Nội,Xã Tây Phương,21.0403672,105.6115528,153,Unhealthy,3,19.5,28,0.0,8.7,85,1022.0,72,24.2,24.9,354.0,3.8,136.0,22.9
2025-01-12 16:00:00,2025,1,12,16,Hà Nội,Xã Tây Phương,21.0403672,105.6115528,153,Unhealthy,3,19.2,29,0.0,6.9,104,1021.6,78,25.3,26.0,421.0,10.0,130.0,26.7
2025-01-12 17:00:00,2025,1,12,17,Hà Nội,Xã Tây Phương,21.0403672,105.6115528,153,Unhealthy,3,17.5,43,0.0,4.3,138,1021.5,55,34.9,35.6,542.0,30.2,104.0,35.9
2025-01-12 18:00:00,2025,1,12,18,Hà Nội,Xã Tây Phương,21.0403672,105.6115528,153,Unhealthy,3,14.7,43,0.0,6.2,165,1021.8,1,64.3,65.0,696.0,57.8,67.0,48.8
2025-01-12 19:00:00,2025,1,12,19,Hà Nội,Xã Tây Phương,21.0403672,105.6115528,153,Unhealthy,3,13.9,43,0.0,6.1,185,1022.3,3,85.0,85.4,823.0,77.0,41.0,59.7
2025-01-12 20:00:00,2025,1,12,20,Hà Nội,Xã Tây Phương,21.0403672,105.6115528,154,Unhealthy,3,13.5,43,0.0,6.3,178,1022.8,10,105.5,106.2,906.0,78.5,36.0,65.6
2025-01-12 21:00:00,2025,1,12,21,Hà Nội,Xã Tây Phương,21.0403672,105.6115528,155,Unhealthy,3,12.8,45,0.0,6.8,180,1023.2,0,116.6,118.0,961.0,80.5,28.0,73.6
2025-01-12 22:00:00,2025,1,12,22,Hà Nội,Xã Tây Phương,21.0403672,105.6115528,156,Unhealthy,3,12.1,48,0.0,7.4,158,1023.6,0,123.4,125.3,973.0,82.4,21.0,78.4
2025-01-12 23:00:00,2025,1,12,23,Hà Nội,Xã Tây Phương,21.0403672,105.6115528,157,Unhealthy,3,11.7,53,0.0,12.2,147,1023.7,0,126.7,128.1,918.0,83.9,16.0,76.5
2025-01-13 00:00:00,2025,1,13,0,Hà Nội,Xã Tây Phương,21.0403672,105.6115528,158,Unhealthy,3,11.1,58,0.0,11.4,155,1023.2,0,128.1,129.5,821.0,85.2,11.0,71.4
2025-01-13 01:00:00,2025,1,13,1,Hà Nội,Xã Tây Phương,21.0403672,105.6115528,159,Unhealthy,3,10.6,60,0.0,8.1,159,1022.7,0,127.6,129.0,736.0,85.8,8.0,68.3
2025-01-13 02:00:00,2025,1,13,2,Hà Nội,Xã Tây Phương,21.0403672,105.6115528,160,Unhealthy,3,9.6,66,0.0,4.2,155,1021.9,0,127.1,129.0,675.0,85.5,6.0,69.4
2025-01-13 03:00:00,2025,1,13,3,Hà Nội,Xã Tây Phương,21.0403672,105.6115528,160,Unhealthy,3,9.6,66,0.0,1.1,72,1021.3,0,128.1,129.9,626.0,84.6,5.0,72.5
2025-01-13 04:00:00,2025,1,13,4,Hà Nội,Xã Tây Phương,21.0403672,105.6115528,161,Unhealthy,3,9.2,71,0.0,1.9,49,1020.8,0,132.2,134.1,617.0,83.0,5.0,76.4
2025-01-13 05:00:00,2025,1,13,5,Hà Nội,Xã Tây Phương,21.0403672,105.6115528,162,Unhealthy,3,8.7,78,0.0,1.8,84,1020.9,0,136.0,137.8,684.0,81.3,4.0,81.3
2025-01-13 06:00:00,2025,1,13,6,Hà Nội,Xã Tây Phương,21.0403672,105.6115528,163,Unhealthy,3,8.3,81,0.0,1.5,120,1021.7,0,138.8,141.1,791.0,79.0,3.0,86.9
2025-01-13 07:00:00,2025,1,13,7,Hà Nội,Xã Tây Phương,21.0403672,105.6115528,164,Unhealthy,3,8.3,81,0.0,0.9,180,1022.3,0,155.1,157.9,850.0,76.0,8.0,87.6
2025-01-13 08:00:00,2025,1,13,8,Hà Nội,Xã Tây Phương,21.0403672,105.6115528,166,Unhealthy,3,10.9,75,0.0,2.0,355,1023.5,0,160.7,163.4,815.0,69.4,25.0,91.7
2025-01-13 09:00:00,2025,1,13,9,Hà Nội,Xã Tây Phương,21.0403672,105.6115528,167,Unhealthy,3,13.9,63,0.0,2.1,38,1024.1,0,129.9,131.3,732.0,59.8,49.0,96.5
2025-01-13 10:00:00,2025,1,13,10,Hà Nội,Xã Tây Phương,21.0403672,105.6115528,169,Unhealthy,3,16.4,50,0.0,2.7,37,1024.4,0,101.0,101.7,660.0,49.5,72.0,93.9
2025-01-13 11:00:00,2025,1,13,11,Hà Nội,Xã Tây Phương,21.0403672,105.6115528,170,Unhealthy,3,18.0,46,0.0,3.8,73,1023.4,0,65.0,65.4,620.0,37.7,93.0,76.7
2025-01-13 12:00:00,2025,1,13,12,Hà Nội,Xã Tây Phương,21.0403672,105.6115528,171,Unhealthy,3,19.1,44,0.0,6.0,111,1022.0,0,44.6,45.5,590.0,25.3,114.0,52.2
2025-01-13 13:00:00,2025,1,13,13,Hà Nội,Xã Tây Phương,21.0403672,105.6115528,172,Unhealthy,3,19.9,41,0.0,7.6,124,1020.1,0,38.5,39.6,558.0,16.5,130.0,33.9
2025-01-13 14:00:00,2025,1,13,14,Hà Nội,Xã Tây Phương,21.0403672,105.6115528,172,Unhealthy,3,20.4,40,0.0,7.8,128,1018.7,0,37.4,38.4,491.0,12.1,142.0,27.4
2025-01-13 15:00:00,2025,1,13,15,Hà Nội,Xã Tây Phương,21.0403672,105.6115528,172,Unhealthy,3,20.4,41,0.0,8.5,136,1017.8,2,37.4,38.4,423.0,11.4,149.0,27.1
2025-01-13 16:00:00,2025,1,13,16,Hà Nội,Xã Tây Phương,21.0403672,105.6115528,173,Unhealthy,3,20.0,43,0.0,8.9,148,1017.5,3,37.8,38.9,438.0,17.0,145.0,30.4
2025-01-13 17:00:00,2025,1,13,17,Hà Nội,Xã Tây Phương,21.0403672,105.6115528,173,Unhealthy,3,18.6,51,0.0,5.9,168,1017.5,0,44.5,45.5,635.0,34.2,122.0,38.6
2025-01-13 18:00:00,2025,1,13,18,Hà Nội,Xã Tây Phương,21.0403672,105.6115528,173,Unhealthy,3,15.8,60,0.0,5.2,214,1017.9,0,67.3,68.5,915.0,57.7,88.0,50.4
2025-01-13 19:00:00,2025,1,13,19,Hà Nội,Xã Tây Phương,21.0403672,105.6115528,173,Unhealthy,3,15.1,62,0.0,5.2,194,1018.5,0,79.6,80.3,1076.0,63.5,70.0,52.6
2025-01-13 20:00:00,2025,1,13,20,Hà Nội,Xã Tây Phương,21.0403672,105.6115528,173,Unhealthy,3,16.0,60,0.0,11.2,154,1018.9,0,90.8,91.7,991.0,61.5,61.0,52.0
2025-01-13 21:00:00,2025,1,13,21,Hà Nội,Xã Tây Phương,21.0403672,105.6115528,173,Unhealthy,3,15.4,63,0.0,13.4,144,1019.2,0,84.1,85.0,785.0,58.7,48.0,51.0
2025-01-13 22:00:00,2025,1,13,22,Hà Nội,Xã Tây Phương,21.0403672,105.6115528,172,Unhealthy,3,14.5,67,0.0,11.1,155,1019.7,0,74.7,76.1,632.0,56.3,37.0,49.7
2025-01-13 23:00:00,2025,1,13,23,Hà Nội,Xã Tây Phương,21.0403672,105.6115528,171,Unhealthy,3,13.8,74,0.0,10.8,165,1019.7,0,66.4,69.2,604.0,54.7,31.0,47.5
2025-01-14 00:00:00,2025,1,14,0,Hà Nội,Xã Tây Phương,21.0403672,105.6115528,170,Unhealthy,3,13.1,79,0.0,8.7,167,1019.7,0,61.0,66.1,629.0,53.5,27.0,44.9
2025-01-14 01:00:00,2025,1,14,1,Hà Nội,Xã Tây Phương,21.0403672,105.6115528,168,Unhealthy,3,12.0,86,0.0,5.5,161,1019.6,0,64.3,69.6,659.0,53.0,24.0,43.6
2025-01-14 02:00:00,2025,1,14,2,Hà Nội,Xã Tây Phương,21.0403672,105.6115528,167,Unhealthy,3,11.8,85,0.0,2.8,145,1019.1,0,69.8,75.7,667.0,53.7,20.0,44.4
2025-01-14 03:00:00,2025,1,14,3,Hà Nội,Xã Tây Phương,21.0403672,105.6115528,166,Unhealthy,3,11.1,88,0.0,3.2,109,1018.6,0,74.7,80.8,681.0,55.2,16.0,46.5
2025-01-14 04:00:00,2025,1,14,4,Hà Nội,Xã Tây Phương,21.0403672,105.6115528,164,Unhealthy,3,10.5,94,0.0,5.1,84,1018.5,0,78.9,85.0,736.0,56.2,13.0,49.5
2025-01-14 05:00:00,2025,1,14,5,Hà Nội,Xã Tây Phương,21.0403672,105.6115528,163,Unhealthy,3,10.2,98,0.0,4.6,81,1018.8,0,81.5,87.3,893.0,56.9,9.0,53.4
2025-01-14 06:00:00,2025,1,14,6,Hà Nội,Xã Tây Phương,21.0403672,105.6115528,162,Unhealthy,3,10.1,98,0.0,3.1,77,1019.4,0,86.6,92.4,1091.0,57.2,6.0,58.2
2025-01-14 07:00:00,2025,1,14,7,Hà Nội,Xã Tây Phương,21.0403672,105.6115528,161,Unhealthy,3,10.4,98,0.0,1.0,338,1020.0,4,98.5,104.5,1182.0,53.9,9.0,62.4
2025-01-14 08:00:00,2025,1,14,8,Hà Nội,Xã Tây Phương,21.0403672,105.6115528,160,Unhealthy,3,12.4,96,0.0,5.9,293,1021.5,56,95.7,100.8,1073.0,49.3,23.0,68.2
2025-01-14 09:00:00,2025,1,14,9,Hà Nội,Xã Tây Phương,21.0403672,105.6115528,158,Unhealthy,3,15.2,83,0.0,5.5,314,1022.5,36,75.2,78.9,858.0,42.7,43.0,75.7
2025-01-14 10:00:00,2025,1,14,10,Hà Nội,Xã Tây Phương,21.0403672,105.6115528,157,Unhealthy,3,17.4,73,0.0,7.5,316,1022.6,21,62.2,64.7,671.0,35.7,64.0,77.2
2025-01-14 11:00:00,2025,1,14,11,Hà Nội,Xã Tây Phương,21.0403672,105.6115528,156,Unhealthy,3,19.3,65,0.0,6.1,317,1021.9,1,48.2,50.2,557.0,27.7,85.0,66.7
2025-01-14 12:00:00,2025,1,14,12,Hà Nội,Xã Tây Phương,21.0403672,105.6115528,156,Unhealthy,3,21.1,57,0.0,2.0,207,1020.9,68,36.9,38.6,471.0,19.3,106.0,50.2
2025-01-14 13:00:00,2025,1,14,13,Hà Nội,Xã Tây Phương,21.0403672,105.6115528,156,Unhealthy,3,22.0,55,0.0,8.0,200,1019.5,97,33.6,35.2,412.0,13.8,121.0,38.1
2025-01-14 14:00:00,2025,1,14,14,Hà Nội,Xã Tây Phương,21.0403672,105.6115528,156,Unhealthy,3,22.1,54,0.0,7.4,193,1018.6,73,34.0,35.4,374.0,10.8,130.0,34.5
2025-01-14 15:00:00,2025,1,14,15,Hà Nội,Xã Tây Phương,21.0403672,105.6115528,156,Unhealthy,3,22.9,51,0.0,7.3,191,1017.7,27,35.9,37.1,363.0,10.7,134.0,35.2
2025-01-14 16:00:00,2025,1,14,16,Hà Nội,Xã Tây Phương,21.0403672,105.6115528,155,Unhealthy,3,23.0,49,0.0,8.3,174,1017.5,65,37.7,39.0,393.0,17.6,127.0,38.7
2025-01-14 17:00:00,2025,1,14,17,Hà Nội,Xã Tây Phương,21.0403672,105.6115528,155,Unhealthy,3,22.1,53,0.0,7.9,145,1017.9,34,50.3,51.5,494.0,37.3,101.0,45.7
2025-01-14 18:00:00,2025,1,14,18,Hà Nội,Xã Tây Phương,21.0403672,105.6115528,156,Unhealthy,3,19.7,61,0.0,12.2,116,1018.8,0,78.7,79.9,636.0,64.0,64.0,55.4
2025-01-14 19:00:00,2025,1,14,19,Hà Nội,Xã Tây Phương,21.0403672,105.6115528,156,Unhealthy,3,18.2,66,0.0,8.1,107,1020.0,0,104.3,105.7,746.0,85.5,36.0,65.1
2025-01-14 20:00:00,2025,1,14,20,Hà Nội,Xã Tây Phương,21.0403672,105.6115528,156,Unhealthy,3,17.0,72,0.0,6.5,134,1020.5,0,119.0,120.1,790.0,88.9,27.0,67.8
2025-01-14 21:00:00,2025,1,14,21,Hà Nội,Xã Tây Phương,21.0403672,105.6115528,157,Unhealthy,3,16.2,77,0.0,6.4,170,1021.4,0,126.7,128.1,803.0,93.4,14.0,71.6
2025-01-14 22:00:00,2025,1,14,22,Hà Nội,Xã Tây Phương,21.0403672,105.6115528,158,Unhealthy,3,15.9,79,0.0,6.7,174,1021.9,0,135.0,136.4,813.0,96.1,5.0,74.3
2025-01-14 23:00:00,2025,1,14,23,Hà Nội,Xã Tây Phương,21.0403672,105.6115528,159,Unhealthy,3,15.1,83,0.0,6.2,192,1022.4,6,145.3,146.2,834.0,96.0,1.0,75.6
2025-01-15 00:00:00,2025,1,15,0,Hà Nội,Xã Tây Phương,21.0403672,105.6115528,161,Unhealthy,3,14.5,87,0.0,5.1,222,1022.4,9,149.0,150.4,852.0,94.1,1.0,75.7
2025-01-15 01:00:00,2025,1,15,1,Hà Nội,Xã Tây Phương,21.0403672,105.6115528,163,Unhealthy,3,13.9,90,0.0,3.6,273,1022.4,24,151.8,153.2,854.0,90.3,2.0,73.7
2025-01-15 02:00:00,2025,1,15,2,Hà Nội,Xã Tây Phương,21.0403672,105.6115528,165,Unhealthy,3,13.8,92,0.0,6.2,308,1022.3,67,146.7,147.6,819.0,83.6,4.0,67.9
2025-01-15 03:00:00,2025,1,15,3,Hà Nội,Xã Tây Phương,21.0403672,105.6115528,167,Unhealthy,3,14.6,87,0.0,9.3,320,1022.3,100,129.0,129.9,769.0,75.1,8.0,59.8
2025-01-15 04:00:00,2025,1,15,4,Hà Nội,Xã Tây Phương,21.0403672,105.6115528,168,Unhealthy,3,15.2,84,0.1,9.4,320,1022.3,100,113.6,114.6,752.0,67.5,11.0,53.5
2025-01-15 05:00:00,2025,1,15,5,Hà Nội,Xã Tây Phương,21.0403672,105.6115528,168,Unhealthy,3,15.1,88,0.3,10.6,318,1022.9,100,102.9,103.8,815.0,62.6,12.0,50.3
2025-01-15 06:00:00,2025,1,15,6,Hà Nội,Xã Tây Phương,21.0403672,105.6115528,169,Unhealthy,3,14.9,90,0.0,9.4,310,1023.7,100,97.1,98.0,913.0,58.6,14.0,48.9
2025-01-15 07:00:00,2025,1,15,7,Hà Nội,Xã Tây Phương,21.0403672,105.6115528,169,Unhealthy,3,15.1,89,0.0,8.7,307,1024.5,100,101.0,102.0,954.0,52.4,20.0,47.9
2025-01-15 08:00:00,2025,1,15,8,Hà Nội,Xã Tây Phương,21.0403672,105.6115528,169,Unhealthy,3,15.8,80,0.0,8.4,323,1025.6,100,101.0,102.0,887.0,46.7,32.0,51.1
2025-01-15 09:00:00,2025,1,15,9,Hà Nội,Xã Tây Phương,21.0403672,105.6115528,169,Unhealthy,3,17.4,74,0.0,7.9,315,1026.5,99,90.3,91.3,765.0,38.6,48.0,55.0
2025-01-15 10:00:00,2025,1,15,10,Hà Nội,Xã Tây Phương,21.0403672,105.6115528,170,Unhealthy,3,19.6,51,0.0,14.4,12,1026.9,87,71.5,72.2,652.0,30.3,66.0,54.9
2025-01-15 11:00:00,2025,1,15,11,Hà Nội,Xã Tây Phương,21.0403672,105.6115528,170,Unhealthy,3,20.6,41,0.0,17.3,29,1026.3,88,49.8,50.3,565.0,21.7,86.0,46.7
2025-01-15 12:00:00,2025,1,15,12,Hà Nội,Xã Tây Phương,21.0403672,105.6115528,170,Unhealthy,3,21.4,38,0.0,16.3,28,1025.1,100,48.8,49.0,488.0,12.9,106.0,34.4
2025-01-15 13:00:00,2025,1,15,13,Hà Nội,Xã Tây Phương,21.0403672,105.6115528,170,Unhealthy,3,21.8,37,0.0,13.5,29,1023.8,100,50.1,50.2,438.0,6.9,122.0,25.5
2025-01-15 14:00:00,2025,1,15,14,Hà Nội,Xã Tây Phương,21.0403672,105.6115528,171,Unhealthy,3,22.3,36,0.0,12.0,36,1022.4,97,51.8,51.9,413.0,3.8,133.0,22.7
2025-01-15 15:00:00,2025,1,15,15,Hà Nội,Xã Tây Phương,21.0403672,105.6115528,171,Unhealthy,3,22.6,36,0.0,11.7,47,1021.8,29,53.3,53.4,414.0,3.6,138.0,23.2
2025-01-15 16:00:00,2025,1,15,16,Hà Nội,Xã Tây Phương,21.0403672,105.6115528,171,Unhealthy,3,22.4,36,0.0,10.9,63,1021.5,30,54.4,54.5,467.0,8.4,134.0,26.2
2025-01-15 17:00:00,2025,1,15,17,Hà Nội,Xã Tây Phương,21.0403672,105.6115528,172,Unhealthy,3,21.0,42,0.0,7.0,90,1021.8,25,58.6,58.7,613.0,22.3,113.0,32.5
2025-01-15 18:00:00,2025,1,15,18,Hà Nội,Xã Tây Phương,21.0403672,105.6115528,172,Unhealthy,3,19.0,45,0.0,9.6,123,1022.5,20,77.5,77.8,810.0,41.2,81.0,41.3
2025-01-15 19:00:00,2025,1,15,19,Hà Nội,Xã Tây Phương,21.0403672,105.6115528,172,Unhealthy,3,18.0,48,0.0,10.2,136,1023.5,20,85.2,85.2,957.0,55.5,52.0,50.9
2025-01-15 20:00:00,2025,1,15,20,Hà Nội,Xã Tây Phương,21.0403672,105.6115528,171,Unhealthy,3,18.1,51,0.0,9.1,131,1023.9,22,96.6,96.6,992.0,57.4,46.0,55.1
2025-01-15 21:00:00,2025,1,15,21,Hà Nội,Xã Tây Phương,21.0403672,105.6115528,171,Unhealthy,3,17.1,54,0.0,7.4,124,1024.4,22,99.4,99.4,977.0,59.8,38.0,60.7
2025-01-15 22:00:00,2025,1,15,22,Hà Nội,Xã Tây Phương,21.0403672,105.6115528,170,Unhealthy,3,16.0,59,0.0,5.8,124,1024.6,12,98.0,98.0,996.0,60.2,32.0,63.9
2025-01-15 23:00:00,2025,1,15,23,Hà Nội,Xã Tây Phương,21.0403672,105.6115528,170,Unhealthy,3,15.7,59,0.0,4.0,98,1024.7,9,94.5,94.5,1130.0,57.0,31.0,62.4
2025-01-16 00:00:00,2025,1,16,0,Hà Nội,Xã Tây Phương,21.0403672,105.6115528,168,Unhealthy,3,14.8,63,0.0,3.6,53,1024.8,18,89.2,89.4,1298.0,51.8,33.0,58.4
2025-01-16 01:00:00,2025,1,16,1,Hà Nội,Xã Tây Phương,21.0403672,105.6115528,167,Unhealthy,3,13.8,68,0.0,3.9,34,1024.6,40,86.1,86.4,1341.0,46.6,36.0,54.7
2025-01-16 02:00:00,2025,1,16,2,Hà Nội,Xã Tây Phương,21.0403672,105.6115528,166,Unhealthy,3,13.4,69,0.0,2.4,42,1024.3,83,83.8,83.8,1130.0,41.6,40.0,52.0
2025-01-16 03:00:00,2025,1,16,3,Hà Nội,Xã Tây Phương,21.0403672,105.6115528,164,Unhealthy,3,13.0,69,0.0,4.8,45,1024.2,24,81.3,81.3,795.0,36.6,45.0,49.7
2025-01-16 04:00:00,2025,1,16,4,Hà Nội,Xã Tây Phương,21.0403672,105.6115528,163,Unhealthy,3,13.1,63,0.0,7.7,39,1024.2,14,78.9,79.2,563.0,33.3,48.0,48.4
2025-01-16 05:00:00,2025,1,16,5,Hà Nội,Xã Tây Phương,21.0403672,105.6115528,162,Unhealthy,3,13.6,58,0.0,8.3,30,1024.6,13,78.2,78.2,554.0,33.7,46.0,49.3
2025-01-16 06:00:00,2025,1,16,6,Hà Nội,Xã Tây Phương,21.0403672,105.6115528,162,Unhealthy,3,13.6,57,0.0,9.3,22,1025.4,21,78.9,79.2,648.0,35.7,42.0,51.1
2025-01-16 07:00:00,2025,1,16,7,Hà Nội,Xã Tây Phương,21.0403672,105.6115528,162,Unhealthy,3,13.7,56,0.0,10.3,22,1025.9,20,94.3,94.5,716.0,38.8,37.0,52.2
2025-01-16 08:00:00,2025,1,16,8,Hà Nội,Xã Tây Phương,21.0403672,105.6115528,161,Unhealthy,3,15.9,59,0.0,9.2,1,1026.6,11,100.1,100.4,703.0,31.2,54.0,49.0
2025-01-16 09:00:00,2025,1,16,9,Hà Nội,Xã Tây Phương,21.0403672,105.6115528,161,Unhealthy,3,18.1,46,0.0,14.2,26,1027.3,24,67.3,67.8,663.0,20.7,78.0,44.4
2025-01-16 10:00:00,2025,1,16,10,Hà Nội,Xã Tây Phương,21.0403672,105.6115528,161,Unhealthy,3,19.1,42,0.0,14.9,30,1027.5,30,62.4,63.1,631.0,12.4,99.0,40.1
2025-01-16 11:00:00,2025,1,16,11,Hà Nội,Xã Tây Phương,21.0403672,105.6115528,161,Unhealthy,3,20.4,39,0.0,12.5,37,1026.5,24,60.3,61.0,621.0,8.6,115.0,36.6
2025-01-16 12:00:00,2025,1,16,12,Hà Nội,Xã Tây Phương,21.0403672,105.6115528,161,Unhealthy,3,21.4,37,0.0,11.9,48,1025.0,21,58.7,59.5,619.0,7.1,129.0,33.4
2025-01-16 13:00:00,2025,1,16,13,Hà Nội,Xã Tây Phương,21.0403672,105.6115528,161,Unhealthy,3,22.1,37,0.0,10.6,51,1023.4,17,57.4,58.2,612.0,6.4,139.0,30.8
2025-01-16 14:00:00,2025,1,16,14,Hà Nội,Xã Tây Phương,21.0403672,105.6115528,161,Unhealthy,3,22.5,36,0.0,9.4,52,1021.9,11,56.7,57.5,548.0,4.0,147.0,28.0
2025-01-16 15:00:00,2025,1,16,15,Hà Nội,Xã Tây Phương,21.0403672,105.6115528,161,Unhealthy,3,22.6,35,0.0,8.8,55,1021.1,3,56.2,57.0,480.0,2.4,151.0,25.9
2025-01-16 16:00:00,2025,1,16,16,Hà Nội,Xã Tây Phương,21.0403672,105.6115528,161,Unhealthy,3,22.2,36,0.0,7.7,62,1020.7,0,56.6,57.3,552.0,8.1,143.0,27.2
2025-01-16 17:00:00,2025,1,16,17,Hà Nội,Xã Tây Phương,21.0403672,105.6115528,161,Unhealthy,3,20.5,53,0.0,3.9,68,1020.6,0,65.9,66.6,924.0,28.4,114.0,34.8
2025-01-16 18:00:00,2025,1,16,18,Hà Nội,Xã Tây Phương,21.0403672,105.6115528,162,Unhealthy,3,18.9,48,0.0,2.4,73,1020.9,1,94.5,95.2,1436.0,56.0,73.0,45.9
2025-01-16 19:00:00,2025,1,16,19,Hà Nội,Xã Tây Phương,21.0403672,105.6115528,162,Unhealthy,3,18.1,48,0.0,2.8,130,1021.3,0,107.6,108.3,1749.0,72.2,46.0,54.5
2025-01-16 20:00:00,2025,1,16,20,Hà Nội,Xã Tây Phương,21.0403672,105.6115528,163,Unhealthy,3,17.4,49,0.0,5.8,146,1021.8,0,117.3,118.0,1675.0,69.8,42.0,58.8
2025-01-16 21:00:00,2025,1,16,21,Hà Nội,Xã Tây Phương,21.0403672,105.6115528,163,Unhealthy,3,16.8,52,0.0,8.2,171,1022.1,0,124.8,125.3,1402.0,66.8,37.0,64.7
2025-01-16 22:00:00,2025,1,16,22,Hà Nội,Xã Tây Phương,21.0403672,105.6115528,164,Unhealthy,3,15.9,58,0.0,15.0,130,1022.9,0,134.6,135.5,1151.0,66.7,31.0,68.5
2025-01-16 23:00:00,2025,1,16,23,Hà Nội,Xã Tây Phương,21.0403672,105.6115528,164,Unhealthy,3,14.8,72,0.0,15.6,146,1023.2,0,136.9,137.4,992.0,72.2,23.0,67.9
2025-01-17 00:00:00,2025,1,17,0,Hà Nội,Xã Tây Phương,21.0403672,105.6115528,165,Unhealthy,3,14.1,77,0.0,13.6,156,1022.9,0,135.0,135.5,857.0,80.5,13.0,65.2
2025-01-17 01:00:00,2025,1,17,1,Hà Nội,Xã Tây Phương,21.0403672,105.6115528,166,Unhealthy,3,13.8,79,0.0,11.5,157,1022.7,0,130.9,131.3,759.0,86.7,6.0,64.1
2025-01-17 02:00:00,2025,1,17,2,Hà Nội,Xã Tây Phương,21.0403672,105.6115528,167,Unhealthy,3,13.2,82,0.0,8.2,161,1022.2,0,130.9,131.3,701.0,88.9,4.0,66.5
2025-01-17 03:00:00,2025,1,17,3,Hà Nội,Xã Tây Phương,21.0403672,105.6115528,168,Unhealthy,3,12.1,88,0.0,5.7,152,1021.5,0,131.3,131.8,682.0,89.0,4.0,70.6
2025-01-17 04:00:00,2025,1,17,4,Hà Nội,Xã Tây Phương,21.0403672,105.6115528,169,Unhealthy,3,11.8,87,0.0,3.2,137,1021.3,0,132.7,133.2,710.0,87.5,5.0,74.3
2025-01-17 05:00:00,2025,1,17,5,Hà Nội,Xã Tây Phương,21.0403672,105.6115528,171,Unhealthy,3,11.6,88,0.0,2.5,98,1021.5,0,136.0,136.4,827.0,84.6,4.0,76.7
2025-01-17 06:00:00,2025,1,17,6,Hà Nội,Xã Tây Phương,21.0403672,105.6115528,172,Unhealthy,3,11.1,92,0.0,3.0,76,1021.9,0,138.3,138.8,992.0,80.2,3.0,78.8
2025-01-17 07:00:00,2025,1,17,7,Hà Nội,Xã Tây Phương,21.0403672,105.6115528,173,Unhealthy,3,10.9,96,0.0,2.9,68,1022.1,0,162.5,163.0,1088.0,76.3,8.0,83.9
2025-01-17 08:00:00,2025,1,17,8,Hà Nội,Xã Tây Phương,21.0403672,105.6115528,175,Unhealthy,3,13.4,90,0.0,4.2,47,1023.3,0,159.7,160.2,1054.0,69.1,25.0,88.5
2025-01-17 09:00:00,2025,1,17,9,Hà Nội,Xã Tây Phương,21.0403672,105.6115528,176,Unhealthy,3,16.2,75,0.0,4.4,71,1023.6,0,125.7,126.2,951.0,58.7,50.0,94.2
2025-01-17 10:00:00,2025,1,17,10,Hà Nội,Xã Tây Phương,21.0403672,105.6115528,177,Unhealthy,3,18.5,60,0.0,3.9,112,1023.4,0,93.6,94.1,850.0,48.0,75.0,93.6
2025-01-17 11:00:00,2025,1,17,11,Hà Nội,Xã Tây Phương,21.0403672,105.6115528,178,Unhealthy,3,20.1,48,0.0,4.8,112,1022.5,0,65.7,66.6,772.0,36.8,100.0,80.7
2025-01-17 12:00:00,2025,1,17,12,Hà Nội,Xã Tây Phương,21.0403672,105.6115528,178,Unhealthy,3,21.2,42,0.0,5.1,117,1021.1,0,55.1,55.9,695.0,25.3,126.0,61.5
2025-01-17 13:00:00,2025,1,17,13,Hà Nội,Xã Tây Phương,21.0403672,105.6115528,178,Unhealthy,3,22.0,40,0.0,6.1,137,1019.3,0,51.8,52.6,632.0,17.1,146.0,46.6
2025-01-17 14:00:00,2025,1,17,14,Hà Nội,Xã Tây Phương,21.0403672,105.6115528,178,Unhealthy,3,22.2,39,0.0,8.2,148,1017.6,0,52.4,53.2,576.0,13.2,161.0,40.3
2025-01-17 15:00:00,2025,1,17,15,Hà Nội,Xã Tây Phương,21.0403672,105.6115528,178,Unhealthy,3,22.2,39,0.0,10.6,152,1016.4,1,53.2,53.9,532.0,12.7,170.0,38.4
2025-01-17 16:00:00,2025,1,17,16,Hà Nội,Xã Tây Phương,21.0403672,105.6115528,178,Unhealthy,3,21.9,38,0.0,12.3,146,1015.9,0,53.6,54.2,528.0,16.2,168.0,38.6
2025-01-17 17:00:00,2025,1,17,17,Hà Nội,Xã Tây Phương,21.0403672,105.6115528,178,Unhealthy,3,20.8,40,0.0,11.0,145,1015.7,0,60.8,61.5,597.0,27.3,145.0,41.8
2025-01-17 18:00:00,2025,1,17,18,Hà Nội,Xã Tây Phương,21.0403672,105.6115528,177,Unhealthy,3,18.8,45,0.0,11.2,143,1015.7,0,82.2,82.7,706.0,42.4,111.0,47.2
2025-01-17 19:00:00,2025,1,17,19,Hà Nội,Xã Tây Phương,21.0403672,105.6115528,177,Unhealthy,3,17.7,55,0.0,14.7,129,1016.5,0,85.7,86.1,775.0,43.9,95.0,47.7
2025-01-17 20:00:00,2025,1,17,20,Hà Nội,Xã Tây Phương,21.0403672,105.6115528,177,Unhealthy,3,17.1,66,0.0,18.5,139,1017.0,9,78.0,78.5,759.0,40.6,90.0,46.1
2025-01-17 21:00:00,2025,1,17,21,Hà Nội,Xã Tây Phương,21.0403672,105.6115528,176,Unhealthy,3,16.3,75,0.0,16.2,144,1017.3,0,67.5,68.2,703.0,36.0,83.0,43.8
2025-01-17 22:00:00,2025,1,17,22,Hà Nội,Xã Tây Phương,21.0403672,105.6115528,175,Unhealthy,3,15.4,81,0.0,13.8,149,1017.5,0,64.3,65.0,668.0,32.8,76.0,41.8
2025-01-17 23:00:00,2025,1,17,23,Hà Nội,Xã Tây Phương,21.0403672,105.6115528,173,Unhealthy,3,14.6,86,0.0,11.1,151,1017.5,0,66.6,67.5,682.0,32.2,71.0,40.5
2025-01-18 00:00:00,2025,1,18,0,Hà Nội,Xã Tây Phương,21.0403672,105.6115528,172,Unhealthy,3,13.9,89,0.0,9.4,138,1017.5,0,69.8,70.8,717.0,32.9,66.0,39.6
2025-01-18 01:00:00,2025,1,18,1,Hà Nội,Xã Tây Phương,21.0403672,105.6115528,170,Unhealthy,3,13.5,92,0.0,9.1,124,1017.3,0,71.9,72.9,743.0,33.5,62.0,38.9
2025-01-18 02:00:00,2025,1,18,2,Hà Nội,Xã Tây Phương,21.0403672,105.6115528,169,Unhealthy,3,13.1,93,0.0,8.1,121,1017.1,0,74.0,74.7,739.0,32.9,59.0,38.3
2025-01-18 03:00:00,2025,1,18,3,Hà Nội,Xã Tây Phương,21.0403672,105.6115528,168,Unhealthy,3,12.6,94,0.0,7.4,119,1016.6,6,76.1,77.1,727.0,32.1,56.0,37.9
2025-01-18 04:00:00,2025,1,18,4,Hà Nội,Xã Tây Phương,21.0403672,105.6115528,166,Unhealthy,3,12.2,95,0.0,5.9,117,1016.6,23,78.7,79.6,743.0,32.7,52.0,38.5
2025-01-18 05:00:00,2025,1,18,5,Hà Nội,Xã Tây Phương,21.0403672,105.6115528,165,Unhealthy,3,11.8,95,0.0,4.8,115,1016.9,53,82.7,83.6,822.0,36.6,44.0,40.6
2025-01-18 06:00:00,2025,1,18,6,Hà Nội,Xã Tây Phương,21.0403672,105.6115528,164,Unhealthy,3,12.4,95,0.0,2.5,94,1017.7,82,87.5,88.5,928.0,41.9,34.0,43.5
2025-01-18 07:00:00,2025,1,18,7,Hà Nội,Xã Tây Phương,21.0403672,105.6115528,163,Unhealthy,3,13.2,90,0.0,2.3,51,1018.5,100,102.9,104.1,990.0,46.6,33.0,48.5
2025-01-18 08:00:00,2025,1,18,8,Hà Nội,Xã Tây Phương,21.0403672,105.6115528,162,Unhealthy,3,14.0,87,0.0,2.8,40,1019.9,83,99.0,99.9,973.0,45.0,45.0,51.9
2025-01-18 09:00:00,2025,1,18,9,Hà Nội,Xã Tây Phương,21.0403672,105.6115528,160,Unhealthy,3,15.1,79,0.0,3.2,38,1020.6,99,85.9,86.8,912.0,42.6,63.0,56.1
2025-01-18 10:00:00,2025,1,18,10,Hà Nội,Xã Tây Phương,21.0403672,105.6115528,159,Unhealthy,3,16.0,72,0.0,3.2,19,1021.1,100,74.7,75.9,844.0,38.6,81.0,56.4
2025-01-18 11:00:00,2025,1,18,11,Hà Nội,Xã Tây Phương,21.0403672,105.6115528,159,Unhealthy,3,17.3,66,0.0,4.5,7,1020.7,100,63.6,65.2,773.0,31.6,100.0,48.9
2025-01-18 12:00:00,2025,1,18,12,Hà Nội,Xã Tây Phương,21.0403672,105.6115528,159,Unhealthy,3,18.8,62,0.0,4.7,4,1019.6,79,51.3,53.1,695.0,23.2,119.0,37.5
2025-01-18 13:00:00,2025,1,18,13,Hà Nội,Xã Tây Phương,21.0403672,105.6115528,159,Unhealthy,3,20.8,53,0.0,1.9,49,1018.0,80,47.7,49.4,640.0,17.0,133.0,28.6
2025-01-18 14:00:00,2025,1,18,14,Hà Nội,Xã Tây Phương,21.0403672,105.6115528,159,Unhealthy,3,21.5,50,0.0,1.9,112,1016.7,100,47.1,48.7,617.0,13.7,141.0,24.5
2025-01-18 15:00:00,2025,1,18,15,Hà Nội,Xã Tây Phương,21.0403672,105.6115528,159,Unhealthy,3,21.4,50,0.0,2.9,120,1016.1,100,48.1,49.5,616.0,12.6,143.0,22.9
2025-01-18 16:00:00,2025,1,18,16,Hà Nội,Xã Tây Phương,21.0403672,105.6115528,159,Unhealthy,3,21.4,49,0.0,4.0,111,1015.7,100,49.6,51.0,637.0,16.1,137.0,24.0
2025-01-18 17:00:00,2025,1,18,17,Hà Nội,Xã Tây Phương,21.0403672,105.6115528,158,Unhealthy,3,20.6,53,0.0,3.5,118,1015.9,100,55.2,56.5,696.0,27.4,117.0,28.7
2025-01-18 18:00:00,2025,1,18,18,Hà Nội,Xã Tây Phương,21.0403672,105.6115528,158,Unhealthy,3,19.4,62,0.0,2.9,133,1016.3,95,73.3,74.5,777.0,43.2,88.0,36.1
2025-01-18 19:00:00,2025,1,18,19,Hà Nội,Xã Tây Phương,21.0403672,105.6115528,158,Unhealthy,3,18.5,64,0.0,5.3,145,1016.9,100,104.8,106.2,832.0,62.9,62.0,47.1
2025-01-18 20:00:00,2025,1,18,20,Hà Nội,Xã Tây Phương,21.0403672,105.6115528,159,Unhealthy,3,17.6,69,0.0,3.8,275,1017.8,73,120.6,122.0,829.0,65.5,53.0,52.5
2025-01-18 21:00:00,2025,1,18,21,Hà Nội,Xã Tây Phương,21.0403672,105.6115528,159,Unhealthy,3,16.8,73,0.0,3.0,245,1018.0,95,129.9,130.9,800.0,68.9,41.0,59.8
2025-01-18 22:00:00,2025,1,18,22,Hà Nội,Xã Tây Phương,21.0403672,105.6115528,161,Unhealthy,3,16.2,76,0.0,2.7,250,1018.1,48,137.4,138.3,797.0,69.6,31.0,63.2
2025-01-18 23:00:00,2025,1,18,23,Hà Nội,Xã Tây Phương,21.0403672,105.6115528,162,Unhealthy,3,15.3,79,0.0,4.2,265,1017.8,38,139.2,140.2,848.0,65.7,27.0,59.6
2025-01-19 00:00:00,2025,1,19,0,Hà Nội,Xã Tây Phương,21.0403672,105.6115528,164,Unhealthy,3,14.4,84,0.0,4.8,299,1017.8,35,132.7,134.1,925.0,59.3,26.0,52.3
2025-01-19 01:00:00,2025,1,19,1,Hà Nội,Xã Tây Phương,21.0403672,105.6115528,165,Unhealthy,3,14.5,85,0.0,8.4,307,1017.3,37,125.3,126.2,995.0,52.8,26.0,45.3
2025-01-19 02:00:00,2025,1,19,2,Hà Nội,Xã Tây Phương,21.0403672,105.6115528,167,Unhealthy,3,14.4,84,0.0,8.2,319,1016.9,53,117.6,118.5,1053.0,46.7,26.0,39.6
2025-01-19 03:00:00,2025,1,19,3,Hà Nội,Xã Tây Phương,21.0403672,105.6115528,168,Unhealthy,3,14.1,85,0.0,8.1,332,1016.6,100,109.7,110.6,1104.0,40.7,27.0,34.2
2025-01-19 04:00:00,2025,1,19,4,Hà Nội,Xã Tây Phương,21.0403672,105.6115528,168,Unhealthy,3,14.4,84,0.0,7.6,322,1016.5,100,102.7,103.4,1135.0,36.2,28.0,30.9
2025-01-19 05:00:00,2025,1,19,5,Hà Nội,Xã Tây Phương,21.0403672,105.6115528,169,Unhealthy,3,14.7,82,0.0,7.8,302,1016.7,100,97.6,98.3,1150.0,34.6,25.0,30.5
2025-01-19 06:00:00,2025,1,19,6,Hà Nội,Xã Tây Phương,21.0403672,105.6115528,169,Unhealthy,3,15.0,79,0.0,8.7,292,1017.2,100,94.5,95.5,1145.0,34.5,23.0,32.2
2025-01-19 07:00:00,2025,1,19,7,Hà Nội,Xã Tây Phương,21.0403672,105.6115528,169,Unhealthy,3,15.2,79,0.0,8.5,297,1017.8,100,93.8,94.5,1095.0,33.3,25.0,33.7
2025-01-19 08:00:00,2025,1,19,8,Hà Nội,Xã Tây Phương,21.0403672,105.6115528,169,Unhealthy,3,16.7,74,0.0,9.0,301,1018.9,37,92.2,92.7,962.0,29.8,46.0,36.7
2025-01-19 09:00:00,2025,1,19,9,Hà Nội,Xã Tây Phương,21.0403672,105.6115528,169,Unhealthy,3,18.1,67,0.0,8.2,320,1019.6,47,80.3,81.0,784.0,24.7,75.0,40.6
2025-01-19 10:00:00,2025,1,19,10,Hà Nội,Xã Tây Phương,21.0403672,105.6115528,169,Unhealthy,3,19.6,62,0.0,7.0,328,1019.5,37,66.4,67.1,645.0,19.8,102.0,42.4
2025-01-19 11:00:00,2025,1,19,11,Hà Nội,Xã Tây Phương,21.0403672,105.6115528,169,Unhealthy,3,20.9,55,0.0,5.2,335,1018.6,41,59.1,60.1,585.0,15.0,123.0,39.8
2025-01-19 12:00:00,2025,1,19,12,Hà Nội,Xã Tây Phương,21.0403672,105.6115528,169,Unhealthy,3,22.0,50,0.0,2.5,339,1017.4,100,58.4,59.4,565.0,10.3,142.0,35.1
2025-01-19 13:00:00,2025,1,19,13,Hà Nội,Xã Tây Phương,21.0403672,105.6115528,169,Unhealthy,3,21.7,51,0.0,1.6,270,1015.9,100,59.3,60.3,553.0,7.3,155.0,31.7
2025-01-19 14:00:00,2025,1,19,14,Hà Nội,Xã Tây Phương,21.0403672,105.6115528,169,Unhealthy,3,22.1,49,0.0,2.9,223,1014.4,100,60.8,61.7,522.0,5.1,163.0,30.1
2025-01-19 15:00:00,2025,1,19,15,Hà Nội,Xã Tây Phương,21.0403672,105.6115528,169,Unhealthy,3,22.1,49,0.0,5.2,205,1013.5,97,62.2,63.1,500.0,4.5,166.0,29.8
2025-01-19 16:00:00,2025,1,19,16,Hà Nội,Xã Tây Phương,21.0403672,105.6115528,170,Unhealthy,3,21.9,50,0.0,6.5,188,1013.1,70,63.3,64.3,538.0,9.9,158.0,32.5
2025-01-19 17:00:00,2025,1,19,17,Hà Nội,Xã Tây Phương,21.0403672,105.6115528,170,Unhealthy,3,21.1,54,0.0,3.8,180,1013.0,22,69.8,70.5,709.0,26.1,133.0,40.2
2025-01-19 18:00:00,2025,1,19,18,Hà Nội,Xã Tây Phương,21.0403672,105.6115528,170,Unhealthy,3,19.0,62,0.0,4.0,159,1012.8,18,104.5,105.2,939.0,48.2,97.0,50.8
2025-01-19 19:00:00,2025,1,19,19,Hà Nội,Xã Tây Phương,21.0403672,105.6115528,171,Unhealthy,3,18.5,62,0.0,1.6,174,1012.8,1,130.4,130.9,1064.0,75.6,58.0,63.1
2025-01-19 20:00:00,2025,1,19,20,Hà Nội,Xã Tây Phương,21.0403672,105.6115528,171,Unhealthy,3,17.5,61,0.0,7.1,135,1013.1,0,149.9,150.9,972.0,83.1,46.0,72.0
2025-01-19 21:00:00,2025,1,19,21,Hà Nội,Xã Tây Phương,21.0403672,105.6115528,172,Unhealthy,3,17.5,61,0.0,13.5,151,1013.5,6,168.1,168.6,773.0,93.5,30.0,84.1
2025-01-19 22:00:00,2025,1,19,22,Hà Nội,Xã Tây Phương,21.0403672,105.6115528,173,Unhealthy,3,16.6,72,0.0,13.5,166,1014.0,0,183.0,183.5,634.0,100.5,17.0,92.1
2025-01-19 23:00:00,2025,1,19,23,Hà Nội,Xã Tây Phương,21.0403672,105.6115528,174,Unhealthy,3,15.8,77,0.0,10.7,166,1013.9,1,191.4,191.9,629.0,101.3,11.0,92.0
2025-01-20 00:00:00,2025,1,20,0,Hà Nội,Xã Tây Phương,21.0403672,105.6115528,175,Unhealthy,3,15.1,80,0.0,9.4,173,1013.6,1,189.5,190.5,683.0,98.8,9.0,87.8
2025-01-20 01:00:00,2025,1,20,1,Hà Nội,Xã Tây Phương,21.0403672,105.6115528,176,Unhealthy,3,14.4,85,0.0,7.2,179,1013.4,3,188.1,189.1,739.0,95.9,7.0,83.5
2025-01-20 02:00:00,2025,1,20,2,Hà Nội,Xã Tây Phương,21.0403672,105.6115528,178,Unhealthy,3,13.6,89,0.0,4.0,190,1013.0,8,185.8,186.3,768.0,93.4,5.0,80.2
2025-01-20 03:00:00,2025,1,20,3,Hà Nội,Xã Tây Phương,21.0403672,105.6115528,179,Unhealthy,3,13.1,92,0.0,4.7,47,1013.1,10,181.1,181.6,798.0,90.4,4.0,76.8
2025-01-20 04:00:00,2025,1,20,4,Hà Nội,Xã Tây Phương,21.0403672,105.6115528,181,Unhealthy,3,13.3,91,0.0,7.3,60,1013.3,6,171.8,172.3,856.0,87.0,4.0,74.6
2025-01-20 05:00:00,2025,1,20,5,Hà Nội,Xã Tây Phương,21.0403672,105.6115528,182,Unhealthy,3,12.5,92,0.0,5.1,67,1013.7,8,166.7,167.6,994.0,83.3,3.0,73.6
2025-01-20 06:00:00,2025,1,20,6,Hà Nội,Xã Tây Phương,21.0403672,105.6115528,184,Unhealthy,3,12.6,90,0.0,1.3,82,1014.7,10,165.3,165.8,1159.0,79.1,3.0,73.8
2025-01-20 07:00:00,2025,1,20,7,Hà Nội,Xã Tây Phương,21.0403672,105.6115528,185,Unhealthy,3,12.6,91,0.0,0.4,243,1015.9,17,198.4,198.8,1226.0,85.8,7.0,72.4
2025-01-20 08:00:00,2025,1,20,8,Hà Nội,Xã Tây Phương,21.0403672,105.6115528,188,Unhealthy,3,14.9,83,0.0,2.6,295,1017.6,5,189.1,189.5,1105.0,78.5,22.0,83.0
2025-01-20 09:00:00,2025,1,20,9,Hà Nội,Xã Tây Phương,21.0403672,105.6115528,190,Unhealthy,3,17.1,73,0.0,3.7,317,1018.5,4,149.9,150.9,885.0,68.0,44.0,97.2
2025-01-20 10:00:00,2025,1,20,10,Hà Nội,Xã Tây Phương,21.0403672,105.6115528,191,Unhealthy,3,19.2,64,0.0,4.8,340,1018.3,0,125.7,126.7,706.0,56.3,72.0,104.1
2025-01-20 11:00:00,2025,1,20,11,Hà Nội,Xã Tây Phương,21.0403672,105.6115528,193,Unhealthy,3,21.0,56,0.0,5.5,343,1017.6,0,105.9,107.1,623.0,42.5,109.0,96.9
2025-01-20 12:00:00,2025,1,20,12,Hà Nội,Xã Tây Phương,21.0403672,105.6115528,194,Unhealthy,3,22.1,51,0.0,4.4,353,1016.3,0,92.4,93.4,582.0,27.6,151.0,82.5
2025-01-20 13:00:00,2025,1,20,13,Hà Nội,Xã Tây Phương,21.0403672,105.6115528,194,Unhealthy,3,23.2,46,0.0,2.8,40,1014.8,55,89.4,90.3,557.0,16.8,184.0,70.9
2025-01-20 14:00:00,2025,1,20,14,Hà Nội,Xã Tây Phương,21.0403672,105.6115528,195,Unhealthy,3,23.6,44,0.0,1.5,14,1013.5,77,88.7,89.4,515.0,11.7,206.0,65.5
2025-01-20 15:00:00,2025,1,20,15,Hà Nội,Xã Tây Phương,21.0403672,105.6115528,196,Unhealthy,3,23.9,43,0.0,1.1,279,1012.6,50,89.2,89.9,490.0,10.6,219.0,62.9
2025-01-20 16:00:00,2025,1,20,16,Hà Nội,Xã Tây Phương,21.0403672,105.6115528,196,Unhealthy,3,24.0,42,0.0,2.7,238,1012.1,75,89.4,90.1,556.0,14.0,217.0,62.9
2025-01-20 17:00:00,2025,1,20,17,Hà Nội,Xã Tây Phương,21.0403672,105.6115528,197,Unhealthy,3,22.9,50,0.0,4.1,241,1012.3,96,108.0,108.7,829.0,24.1,192.0,66.3
2025-01-20 18:00:00,2025,1,20,18,Hà Nội,Xã Tây Phương,21.0403672,105.6115528,198,Unhealthy,3,20.9,59,0.0,3.5,246,1012.7,94,135.5,136.4,1194.0,38.6,153.0,72.3
2025-01-20 19:00:00,2025,1,20,19,Hà Nội,Xã Tây Phương,21.0403672,105.6115528,198,Unhealthy,3,20.4,60,0.0,0.4,27,1013.2,30,146.7,147.1,1382.0,58.6,105.0,79.6
2025-01-20 20:00:00,2025,1,20,20,Hà Nội,Xã Tây Phương,21.0403672,105.6115528,199,Unhealthy,3,18.5,63,0.0,4.9,123,1013.4,0,169.0,170.0,1210.0,65.5,87.0,84.2
2025-01-20 21:00:00,2025,1,20,21,Hà Nội,Xã Tây Phương,21.0403672,105.6115528,199,Unhealthy,3,18.1,61,0.0,13.9,151,1014.1,4,184.4,184.9,861.0,74.8,61.0,90.3
2025-01-20 22:00:00,2025,1,20,22,Hà Nội,Xã Tây Phương,21.0403672,105.6115528,199,Unhealthy,3,16.7,64,0.0,12.4,161,1014.6,0,182.1,182.5,619.0,80.5,41.0,92.4
2025-01-20 23:00:00,2025,1,20,23,Hà Nội,Xã Tây Phương,21.0403672,105.6115528,199,Unhealthy,3,15.9,68,0.0,9.3,162,1014.2,0,174.2,174.6,618.0,79.5,31.0,87.1
2025-01-21 00:00:00,2025,1,21,0,Hà Nội,Xã Tây Phương,21.0403672,105.6115528,199,Unhealthy,3,15.1,72,0.0,6.7,161,1014.2,0,163.4,163.9,722.0,75.0,27.0,77.9
2025-01-21 01:00:00,2025,1,21,1,Hà Nội,Xã Tây Phương,21.0403672,105.6115528,198,Unhealthy,3,14.4,77,0.0,3.1,121,1014.3,5,152.3,152.7,811.0,70.5,24.0,70.0
2025-01-21 02:00:00,2025,1,21,2,Hà Nội,Xã Tây Phương,21.0403672,105.6115528,198,Unhealthy,3,13.9,83,0.0,5.2,74,1014.0,4,141.1,141.6,829.0,67.0,21.0,64.9
2025-01-21 03:00:00,2025,1,21,3,Hà Nội,Xã Tây Phương,21.0403672,105.6115528,197,Unhealthy,3,13.5,88,0.0,5.4,64,1014.1,11,133.6,134.1,830.0,63.6,20.0,61.0
2025-01-21 04:00:00,2025,1,21,4,Hà Nội,Xã Tây Phương,21.0403672,105.6115528,196,Unhealthy,3,13.3,89,0.0,3.9,62,1014.1,19,128.5,129.5,858.0,61.2,18.0,59.1
2025-01-21 05:00:00,2025,1,21,5,Hà Nội,Xã Tây Phương,21.0403672,105.6115528,195,Unhealthy,3,13.2,88,0.0,2.1,121,1014.3,16,127.1,128.1,964.0,61.2,14.0,59.9
2025-01-21 06:00:00,2025,1,21,6,Hà Nội,Xã Tây Phương,21.0403672,105.6115528,194,Unhealthy,3,12.6,91,0.0,4.8,165,1014.9,13,129.5,129.9,1097.0,62.2,9.0,62.7
2025-01-21 07:00:00,2025,1,21,7,Hà Nội,Xã Tây Phương,21.0403672,105.6115528,193,Unhealthy,3,12.6,93,0.0,4.6,167,1015.3,4,163.9,164.8,1141.0,58.0,10.0,59.4
2025-01-21 08:00:00,2025,1,21,8,Hà Nội,Xã Tây Phương,21.0403672,105.6115528,192,Unhealthy,3,15.4,85,0.0,4.5,164,1016.5,3,164.4,164.8,1015.0,54.2,27.0,66.3
2025-01-21 09:00:00,2025,1,21,9,Hà Nội,Xã Tây Phương,21.0403672,105.6115528,192,Unhealthy,3,17.8,77,0.0,4.5,143,1016.9,0,132.7,133.2,800.0,48.6,52.0,75.5
2025-01-21 10:00:00,2025,1,21,10,Hà Nội,Xã Tây Phương,21.0403672,105.6115528,191,Unhealthy,3,20.2,64,0.0,6.7,142,1016.9,2,104.1,105.2,625.0,42.0,79.0,79.0
2025-01-21 11:00:00,2025,1,21,11,Hà Nội,Xã Tây Phương,21.0403672,105.6115528,191,Unhealthy,3,22.2,49,0.0,10.8,150,1016.2,3,83.8,85.0,542.0,33.3,110.0,71.6
2025-01-21 12:00:00,2025,1,21,12,Hà Nội,Xã Tây Phương,21.0403672,105.6115528,190,Unhealthy,3,23.5,43,0.0,11.9,149,1014.9,1,69.4,70.3,500.0,23.6,143.0,58.5
2025-01-21 13:00:00,2025,1,21,13,Hà Nội,Xã Tây Phương,21.0403672,105.6115528,190,Unhealthy,3,24.0,43,0.0,12.9,147,1013.2,0,64.3,65.2,472.0,16.5,168.0,48.2
2025-01-21 14:00:00,2025,1,21,14,Hà Nội,Xã Tây Phương,21.0403672,105.6115528,189,Unhealthy,3,24.8,40,0.0,13.1,153,1011.8,56,62.2,62.9,449.0,12.4,184.0,43.6
2025-01-21 15:00:00,2025,1,21,15,Hà Nội,Xã Tây Phương,21.0403672,105.6115528,189,Unhealthy,3,24.9,42,0.0,11.2,162,1010.8,85,61.7,62.4,439.0,11.0,193.0,41.8
2025-01-21 16:00:00,2025,1,21,16,Hà Nội,Xã Tây Phương,21.0403672,105.6115528,188,Unhealthy,3,25.0,41,0.0,11.7,157,1010.2,9,61.0,61.9,445.0,14.2,188.0,41.8
2025-01-21 17:00:00,2025,1,21,17,Hà Nội,Xã Tây Phương,21.0403672,105.6115528,188,Unhealthy,3,23.8,46,0.0,14.6,135,1010.2,3,65.7,66.4,476.0,26.4,161.0,44.9
2025-01-21 18:00:00,2025,1,21,18,Hà Nội,Xã Tây Phương,21.0403672,105.6115528,187,Unhealthy,3,21.9,51,0.0,16.0,126,1010.4,1,88.5,89.4,523.0,43.3,122.0,49.8
2025-01-21 19:00:00,2025,1,21,19,Hà Nội,Xã Tây Phương,21.0403672,105.6115528,186,Unhealthy,3,20.2,55,0.0,21.2,126,1011.7,41,93.8,94.3,556.0,54.3,89.0,53.4
2025-01-21 20:00:00,2025,1,21,20,Hà Nội,Xã Tây Phương,21.0403672,105.6115528,184,Unhealthy,3,19.1,66,0.0,18.1,137,1012.6,50,92.2,92.7,559.0,50.3,82.0,51.4
2025-01-21 21:00:00,2025,1,21,21,Hà Nội,Xã Tây Phương,21.0403672,105.6115528,183,Unhealthy,3,18.2,76,0.0,15.6,143,1013.2,36,75.2,75.7,548.0,44.7,73.0,48.4
2025-01-21 22:00:00,2025,1,21,22,Hà Nội,Xã Tây Phương,21.0403672,105.6115528,180,Unhealthy,3,17.5,83,0.0,12.6,142,1013.6,11,64.7,65.4,544.0,40.3,65.0,45.4
2025-01-21 23:00:00,2025,1,21,23,Hà Nội,Xã Tây Phương,21.0403672,105.6115528,178,Unhealthy,3,16.7,89,0.0,10.2,136,1014.0,42,62.9,63.6,560.0,38.4,60.0,42.3
2025-01-22 00:00:00,2025,1,22,0,Hà Nội,Xã Tây Phương,21.0403672,105.6115528,175,Unhealthy,3,16.0,93,0.0,8.3,132,1014.1,61,63.1,63.8,583.0,37.6,56.0,39.0
2025-01-22 01:00:00,2025,1,22,1,Hà Nội,Xã Tây Phương,21.0403672,105.6115528,173,Unhealthy,3,15.7,96,0.0,6.8,127,1014.3,96,64.5,65.2,600.0,36.9,53.0,36.4
2025-01-22 02:00:00,2025,1,22,2,Hà Nội,Xã Tây Phương,21.0403672,105.6115528,171,Unhealthy,3,15.7,97,0.0,4.3,105,1014.0,99,66.4,67.1,597.0,35.5,50.0,34.5
2025-01-22 03:00:00,2025,1,22,3,Hà Nội,Xã Tây Phương,21.0403672,105.6115528,170,Unhealthy,3,16.2,94,0.0,5.6,94,1013.9,100,68.9,69.8,588.0,34.2,48.0,33.2
2025-01-22 04:00:00,2025,1,22,4,Hà Nội,Xã Tây Phương,21.0403672,105.6115528,168,Unhealthy,3,16.1,94,0.0,5.4,98,1013.9,100,72.6,73.6,603.0,34.1,45.0,33.3
2025-01-22 05:00:00,2025,1,22,5,Hà Nội,Xã Tây Phương,21.0403672,105.6115528,167,Unhealthy,3,15.9,95,0.0,5.0,90,1014.2,100,77.5,78.7,673.0,36.7,38.0,35.5
2025-01-22 06:00:00,2025,1,22,6,Hà Nội,Xã Tây Phương,21.0403672,105.6115528,166,Unhealthy,3,16.0,92,0.0,5.8,86,1014.9,100,82.7,83.6,767.0,40.4,31.0,39.1
2025-01-22 07:00:00,2025,1,22,7,Hà Nội,Xã Tây Phương,21.0403672,105.6115528,165,Unhealthy,3,15.9,90,0.0,6.1,93,1015.7,100,90.6,91.7,816.0,41.4,35.0,44.1
2025-01-22 08:00:00,2025,1,22,8,Hà Nội,Xã Tây Phương,21.0403672,105.6115528,163,Unhealthy,3,16.8,89,0.2,5.3,135,1016.6,100,87.3,88.5,782.0,39.7,45.0,46.0
2025-01-22 09:00:00,2025,1,22,9,Hà Nội,Xã Tây Phương,21.0403672,105.6115528,161,Unhealthy,3,17.2,91,0.5,6.3,160,1017.3,100,80.6,82.0,704.0,37.2,60.0,48.4
2025-01-22 10:00:00,2025,1,22,10,Hà Nội,Xã Tây Phương,21.0403672,105.6115528,160,Unhealthy,3,18.5,85,0.4,6.8,145,1017.3,100,74.3,75.7,630.0,34.5,75.0,49.0
2025-01-22 11:00:00,2025,1,22,11,Hà Nội,Xã Tây Phương,21.0403672,105.6115528,160,Unhealthy,3,19.3,83,0.2,6.2,158,1016.7,100,64.0,65.4,572.0,31.1,89.0,45.8
2025-01-22 12:00:00,2025,1,22,12,Hà Nội,Xã Tây Phương,21.0403672,105.6115528,159,Unhealthy,3,19.9,82,0.2,6.8,217,1015.9,100,55.5,57.0,519.0,27.4,103.0,40.8
2025-01-22 13:00:00,2025,1,22,13,Hà Nội,Xã Tây Phương,21.0403672,105.6115528,159,Unhealthy,3,20.0,80,0.1,3.9,236,1014.3,100,55.3,56.7,486.0,25.1,112.0,37.2
2025-01-22 14:00:00,2025,1,22,14,Hà Nội,Xã Tây Phương,21.0403672,105.6115528,159,Unhealthy,3,21.9,71,0.0,5.9,194,1012.9,93,56.8,58.2,479.0,23.4,117.0,36.2
2025-01-22 15:00:00,2025,1,22,15,Hà Nội,Xã Tây Phương,21.0403672,105.6115528,159,Unhealthy,3,22.8,65,0.0,9.8,172,1011.9,100,57.5,58.8,492.0,23.1,119.0,36.6
2025-01-22 16:00:00,2025,1,22,16,Hà Nội,Xã Tây Phương,21.0403672,105.6115528,159,Unhealthy,3,21.9,71,0.0,11.6,156,1011.6,100,58.8,60.1,519.0,27.9,112.0,38.9
2025-01-22 17:00:00,2025,1,22,17,Hà Nội,Xã Tây Phương,21.0403672,105.6115528,158,Unhealthy,3,21.9,71,0.0,11.0,140,1011.5,96,65.2,66.4,571.0,42.5,90.0,44.2
2025-01-22 18:00:00,2025,1,22,18,Hà Nội,Xã Tây Phương,21.0403672,105.6115528,158,Unhealthy,3,21.1,74,0.0,10.9,134,1011.8,91,82.4,83.6,637.0,62.2,61.0,51.4
2025-01-22 19:00:00,2025,1,22,19,Hà Nội,Xã Tây Phương,21.0403672,105.6115528,158,Unhealthy,3,20.8,76,0.0,10.8,137,1012.4,97,89.4,90.6,677.0,61.7,51.0,53.7
2025-01-22 20:00:00,2025,1,22,20,Hà Nội,Xã Tây Phương,21.0403672,105.6115528,158,Unhealthy,3,18.9,85,0.0,9.6,123,1012.9,37,94.8,95.9,669.0,61.9,46.0,54.7
2025-01-22 21:00:00,2025,1,22,21,Hà Nội,Xã Tây Phương,21.0403672,105.6115528,158,Unhealthy,3,18.6,86,0.0,13.2,122,1013.5,27,95.5,96.6,635.0,62.0,40.0,55.9
2025-01-22 22:00:00,2025,1,22,22,Hà Nội,Xã Tây Phương,21.0403672,105.6115528,159,Unhealthy,3,18.0,90,0.0,12.3,129,1013.9,8,88.7,89.9,606.0,60.7,35.0,54.9
2025-01-22 23:00:00,2025,1,22,23,Hà Nội,Xã Tây Phương,21.0403672,105.6115528,159,Unhealthy,3,17.2,96,0.0,9.5,136,1014.4,24,78.5,79.6,594.0,57.3,34.0,49.8
2025-01-23 00:00:00,2025,1,23,0,Hà Nội,Xã Tây Phương,21.0403672,105.6115528,160,Unhealthy,3,16.8,97,0.0,8.6,139,1014.6,57,70.5,71.7,586.0,52.6,34.0,42.5
2025-01-23 01:00:00,2025,1,23,1,Hà Nội,Xã Tây Phương,21.0403672,105.6115528,160,Unhealthy,3,16.8,98,0.0,7.4,141,1014.7,90,66.4,67.3,574.0,47.8,35.0,36.9
2025-01-23 02:00:00,2025,1,23,2,Hà Nội,Xã Tây Phương,21.0403672,105.6115528,160,Unhealthy,3,16.5,99,0.0,5.9,135,1014.3,100,64.5,65.4,547.0,43.0,37.0,34.5
2025-01-23 03:00:00,2025,1,23,3,Hà Nội,Xã Tây Phương,21.0403672,105.6115528,160,Unhealthy,3,16.8,97,0.0,7.8,122,1014.0,100,65.2,66.1,517.0,38.1,41.0,33.6
2025-01-23 04:00:00,2025,1,23,4,Hà Nội,Xã Tây Phương,21.0403672,105.6115528,160,Unhealthy,3,16.7,97,0.0,8.0,115,1014.1,100,66.4,67.3,502.0,34.5,43.0,33.6
2025-01-23 05:00:00,2025,1,23,5,Hà Nội,Xã Tây Phương,21.0403672,105.6115528,160,Unhealthy,3,16.6,96,0.1,7.8,122,1014.2,100,67.1,68.2,519.0,33.2,42.0,34.8
2025-01-23 06:00:00,2025,1,23,6,Hà Nội,Xã Tây Phương,21.0403672,105.6115528,159,Unhealthy,3,16.6,96,0.3,7.2,141,1014.7,100,67.8,68.7,553.0,33.2,39.0,36.7
2025-01-23 07:00:00,2025,1,23,7,Hà Nội,Xã Tây Phương,21.0403672,105.6115528,159,Unhealthy,3,16.7,97,0.3,8.0,136,1015.5,100,71.7,73.1,578.0,33.6,38.0,37.2
2025-01-23 08:00:00,2025,1,23,8,Hà Nội,Xã Tây Phương,21.0403672,105.6115528,159,Unhealthy,3,17.6,93,0.1,9.7,132,1016.1,100,68.2,69.4,591.0,34.2,43.0,37.5
2025-01-23 09:00:00,2025,1,23,9,Hà Nội,Xã Tây Phương,21.0403672,105.6115528,158,Unhealthy,3,18.0,92,0.1,11.1,129,1016.6,100,59.4,60.3,596.0,34.9,50.0,37.8
2025-01-23 10:00:00,2025,1,23,10,Hà Nội,Xã Tây Phương,21.0403672,105.6115528,158,Unhealthy,3,19.1,86,0.1,13.1,132,1016.5,100,54.4,55.2,582.0,34.0,59.0,37.0
2025-01-23 11:00:00,2025,1,23,11,Hà Nội,Xã Tây Phương,21.0403672,105.6115528,157,Unhealthy,3,20.4,77,0.1,16.4,142,1015.8,100,50.8,51.7,535.0,29.9,73.0,33.7
2025-01-23 12:00:00,2025,1,23,12,Hà Nội,Xã Tây Phương,21.0403672,105.6115528,157,Unhealthy,3,20.5,77,0.1,16.4,153,1014.7,100,49.5,50.8,470.0,24.2,89.0,29.4
2025-01-23 13:00:00,2025,1,23,13,Hà Nội,Xã Tây Phương,21.0403672,105.6115528,157,Unhealthy,3,21.4,72,0.0,16.7,155,1013.2,100,40.9,41.8,418.0,20.6,100.0,27.2
2025-01-23 14:00:00,2025,1,23,14,Hà Nội,Xã Tây Phương,21.0403672,105.6115528,157,Unhealthy,3,22.5,67,0.0,18.0,159,1011.6,100,43.2,44.1,389.0,19.7,105.0,28.7
2025-01-23 15:00:00,2025,1,23,15,Hà Nội,Xã Tây Phương,21.0403672,105.6115528,156,Unhealthy,3,22.6,66,0.0,15.3,159,1010.7,51,44.1,45.2,373.0,20.8,104.0,32.3
2025-01-23 16:00:00,2025,1,23,16,Hà Nội,Xã Tây Phương,21.0403672,105.6115528,156,Unhealthy,3,23.6,62,0.0,16.9,159,1009.9,52,45.1,46.0,377.0,25.5,98.0,36.7
2025-01-23 17:00:00,2025,1,23,17,Hà Nội,Xã Tây Phương,21.0403672,105.6115528,156,Unhealthy,3,23.0,64,0.0,13.9,155,1009.7,6,49.1,50.2,413.0,37.0,81.0,42.4
2025-01-23 18:00:00,2025,1,23,18,Hà Nội,Xã Tây Phương,21.0403672,105.6115528,155,Unhealthy,3,21.4,70,0.0,12.6,154,1010.0,9,61.7,62.6,469.0,51.9,59.0,48.9
2025-01-23 19:00:00,2025,1,23,19,Hà Nội,Xã Tây Phương,21.0403672,105.6115528,155,Unhealthy,3,20.5,75,0.0,14.2,160,1010.5,4,58.7,59.4,514.0,58.3,44.0,50.7
2025-01-23 20:00:00,2025,1,23,20,Hà Nội,Xã Tây Phương,21.0403672,105.6115528,154,Unhealthy,3,19.8,79,0.0,12.6,151,1011.1,4,60.5,61.2,536.0,56.1,44.0,49.9
2025-01-23 21:00:00,2025,1,23,21,Hà Nội,Xã Tây Phương,21.0403672,105.6115528,153,Unhealthy,3,19.0,85,0.0,12.6,147,1011.4,3,58.9,59.6,548.0,53.0,44.0,48.7
2025-01-23 22:00:00,2025,1,23,22,Hà Nội,Xã Tây Phương,21.0403672,105.6115528,153,Unhealthy,3,18.2,90,0.0,13.5,144,1011.5,6,57.6,58.4,556.0,50.1,44.0,46.7
2025-01-23 23:00:00,2025,1,23,23,Hà Nội,Xã Tây Phương,21.0403672,105.6115528,152,Unhealthy,3,17.6,96,0.0,13.4,141,1011.4,38,57.6,58.6,564.0,48.0,42.0,43.5
2025-01-24 00:00:00,2025,1,24,0,Hà Nội,Xã Tây Phương,21.0403672,105.6115528,151,Unhealthy,3,17.4,98,0.0,13.2,136,1010.8,100,58.0,58.9,568.0,46.0,40.0,39.5
2025-01-24 01:00:00,2025,1,24,1,Hà Nội,Xã Tây Phương,21.0403672,105.6115528,151,Unhealthy,3,17.8,98,0.0,13.9,137,1010.6,100,57.5,58.4,562.0,43.6,38.0,35.8
2025-01-24 02:00:00,2025,1,24,2,Hà Nội,Xã Tây Phương,21.0403672,105.6115528,151,Unhealthy,3,18.0,98,0.0,13.4,140,1009.7,100,57.2,58.1,532.0,39.9,38.0,32.2
2025-01-24 03:00:00,2025,1,24,3,Hà Nội,Xã Tây Phương,21.0403672,105.6115528,151,Unhealthy,3,18.2,97,0.1,12.7,141,1009.3,100,58.3,59.3,492.0,35.6,38.0,28.9
2025-01-24 04:00:00,2025,1,24,4,Hà Nội,Xã Tây Phương,21.0403672,105.6115528,151,Unhealthy,3,18.3,96,0.1,12.2,143,1009.3,100,61.2,61.9,474.0,32.6,37.0,27.1
2025-01-24 05:00:00,2025,1,24,5,Hà Nội,Xã Tây Phương,21.0403672,105.6115528,151,Unhealthy,3,18.2,97,0.1,11.7,148,1009.4,100,62.2,62.9,510.0,31.9,34.0,27.5
2025-01-24 06:00:00,2025,1,24,6,Hà Nội,Xã Tây Phương,21.0403672,105.6115528,150,Unhealthy for Sensitive Groups,2,18.3,96,0.1,13.7,153,1009.8,100,60.3,61.2,568.0,32.4,31.0,29.4
2025-01-24 07:00:00,2025,1,24,7,Hà Nội,Xã Tây Phương,21.0403672,105.6115528,150,Unhealthy for Sensitive Groups,2,18.5,96,0.1,11.9,149,1010.4,100,58.0,58.7,581.0,32.1,31.0,32.9
2025-01-24 08:00:00,2025,1,24,8,Hà Nội,Xã Tây Phương,21.0403672,105.6115528,150,Unhealthy for Sensitive Groups,2,18.9,94,0.2,15.3,158,1011.9,100,56.1,57.2,503.0,30.8,37.0,33.7
2025-01-24 09:00:00,2025,1,24,9,Hà Nội,Xã Tây Phương,21.0403672,105.6115528,149,Unhealthy for Sensitive Groups,2,19.5,89,0.1,15.9,165,1012.6,100,49.4,50.9,381.0,29.0,45.0,34.8
2025-01-24 10:00:00,2025,1,24,10,Hà Nội,Xã Tây Phương,21.0403672,105.6115528,148,Unhealthy for Sensitive Groups,2,20.3,84,0.0,16.3,164,1012.8,100,46.4,48.2,290.0,26.6,55.0,34.8
2025-01-24 11:00:00,2025,1,24,11,Hà Nội,Xã Tây Phương,21.0403672,105.6115528,147,Unhealthy for Sensitive Groups,2,21.5,79,0.1,16.1,164,1012.0,100,42.8,44.6,265.0,23.4,67.0,32.8
2025-01-24 12:00:00,2025,1,24,12,Hà Nội,Xã Tây Phương,21.0403672,105.6115528,146,Unhealthy for Sensitive Groups,2,22.4,74,0.0,16.6,171,1010.7,100,42.4,44.1,271.0,19.8,80.0,29.7
2025-01-24 13:00:00,2025,1,24,13,Hà Nội,Xã Tây Phương,21.0403672,105.6115528,145,Unhealthy for Sensitive Groups,2,23.7,68,0.0,16.1,170,1009.2,99,43.2,44.6,284.0,16.8,94.0,27.1
2025-01-24 14:00:00,2025,1,24,14,Hà Nội,Xã Tây Phương,21.0403672,105.6115528,146,Unhealthy for Sensitive Groups,2,25.3,59,0.0,14.9,167,1007.8,75,42.4,43.7,297.0,14.1,111.0,25.0
2025-01-24 15:00:00,2025,1,24,15,Hà Nội,Xã Tây Phương,21.0403672,105.6115528,145,Unhealthy for Sensitive Groups,2,26.4,54,0.0,14.1,166,1006.8,40,42.0,43.1,316.0,12.0,128.0,23.3
2025-01-24 16:00:00,2025,1,24,16,Hà Nội,Xã Tây Phương,21.0403672,105.6115528,145,Unhealthy for Sensitive Groups,2,26.1,55,0.0,16.6,160,1006.4,7,42.1,43.1,332.0,13.1,134.0,23.5
2025-01-24 17:00:00,2025,1,24,17,Hà Nội,Xã Tây Phương,21.0403672,105.6115528,145,Unhealthy for Sensitive Groups,2,25.2,60,0.0,15.5,154,1006.4,1,42.6,43.4,341.0,20.3,118.0,27.0
2025-01-24 18:00:00,2025,1,24,18,Hà Nội,Xã Tây Phương,21.0403672,105.6115528,144,Unhealthy for Sensitive Groups,2,23.1,68,0.0,16.9,142,1007.1,0,46.8,47.5,346.0,30.7,91.0,32.3
2025-01-24 19:00:00,2025,1,24,19,Hà Nội,Xã Tây Phương,21.0403672,105.6115528,143,Unhealthy for Sensitive Groups,2,21.9,75,0.0,17.8,147,1007.9,0,47.3,48.0,349.0,39.5,65.0,35.1
2025-01-24 20:00:00,2025,1,24,20,Hà Nội,Xã Tây Phương,21.0403672,105.6115528,142,Unhealthy for Sensitive Groups,2,21.2,80,0.0,18.0,151,1008.5,1,39.3,40.2,348.0,38.8,60.0,35.8
2025-01-24 21:00:00,2025,1,24,21,Hà Nội,Xã Tây Phương,21.0403672,105.6115528,139,Unhealthy for Sensitive Groups,2,20.3,86,0.0,16.9,149,1009.3,3,33.2,34.6,344.0,37.9,54.0,36.7
2025-01-24 22:00:00,2025,1,24,22,Hà Nội,Xã Tây Phương,21.0403672,105.6115528,137,Unhealthy for Sensitive Groups,2,19.6,93,0.0,16.9,146,1009.6,71,30.6,32.2,342.0,37.2,48.0,36.9
2025-01-24 23:00:00,2025,1,24,23,Hà Nội,Xã Tây Phương,21.0403672,105.6115528,134,Unhealthy for Sensitive Groups,2,19.5,95,0.0,15.6,146,1009.5,100,29.5,32.1,345.0,37.0,43.0,35.8
2025-01-25 00:00:00,2025,1,25,0,Hà Nội,Xã Tây Phương,21.0403672,105.6115528,131,Unhealthy for Sensitive Groups,2,19.9,94,0.0,15.0,147,1009.4,100,29.3,32.2,350.0,37.1,40.0,34.1
2025-01-25 01:00:00,2025,1,25,1,Hà Nội,Xã Tây Phương,21.0403672,105.6115528,128,Unhealthy for Sensitive Groups,2,20.0,94,0.0,13.8,145,1009.3,100,30.0,33.3,356.0,36.9,36.0,32.5
2025-01-25 02:00:00,2025,1,25,2,Hà Nội,Xã Tây Phương,21.0403672,105.6115528,125,Unhealthy for Sensitive Groups,2,20.0,94,0.0,13.2,145,1009.1,100,31.7,35.0,355.0,36.0,33.0,30.8
2025-01-25 03:00:00,2025,1,25,3,Hà Nội,Xã Tây Phương,21.0403672,105.6115528,122,Unhealthy for Sensitive Groups,2,20.0,94,0.0,12.0,144,1008.8,100,33.9,37.5,355.0,34.9,31.0,29.3
2025-01-25 04:00:00,2025,1,25,4,Hà Nội,Xã Tây Phương,21.0403672,105.6115528,120,Unhealthy for Sensitive Groups,2,19.9,95,0.0,9.2,133,1008.8,100,35.9,39.5,380.0,34.7,28.0,29.5
2025-01-25 05:00:00,2025,1,25,5,Hà Nội,Xã Tây Phương,21.0403672,105.6115528,117,Unhealthy for Sensitive Groups,2,19.8,95,0.1,6.7,121,1009.2,100,38.2,41.3,468.0,36.5,24.0,32.7
2025-01-25 06:00:00,2025,1,25,6,Hà Nội,Xã Tây Phương,21.0403672,105.6115528,115,Unhealthy for Sensitive Groups,2,19.8,96,0.1,4.0,100,1010.2,100,41.9,44.7,581.0,39.3,19.0,37.6
2025-01-25 07:00:00,2025,1,25,7,Hà Nội,Xã Tây Phương,21.0403672,105.6115528,113,Unhealthy for Sensitive Groups,2,19.8,97,0.2,2.7,90,1011.1,100,47.8,49.8,630.0,37.3,20.0,36.6
2025-01-25 08:00:00,2025,1,25,8,Hà Nội,Xã Tây Phương,21.0403672,105.6115528,112,Unhealthy for Sensitive Groups,2,20.5,95,0.5,8.3,153,1012.4,100,44.9,47.3,555.0,36.6,22.0,39.4
2025-01-25 09:00:00,2025,1,25,9,Hà Nội,Xã Tây Phương,21.0403672,105.6115528,111,Unhealthy for Sensitive Groups,2,21.0,94,0.4,11.4,152,1013.3,96,38.5,40.4,417.0,35.6,25.0,43.2
2025-01-25 10:00:00,2025,1,25,10,Hà Nội,Xã Tây Phương,21.0403672,105.6115528,109,Unhealthy for Sensitive Groups,2,23.0,81,0.0,8.8,163,1013.4,70,36.1,37.6,309.0,34.3,30.0,45.3
2025-01-25 11:00:00,2025,1,25,11,Hà Nội,Xã Tây Phương,21.0403672,105.6115528,108,Unhealthy for Sensitive Groups,2,23.5,81,0.5,12.7,150,1012.6,98,32.6,34.0,271.0,32.6,38.0,44.2
2025-01-25 12:00:00,2025,1,25,12,Hà Nội,Xã Tây Phương,21.0403672,105.6115528,107,Unhealthy for Sensitive Groups,2,23.5,82,1.3,15.2,169,1011.8,46,29.8,31.2,264.0,30.5,49.0,41.5
2025-01-25 13:00:00,2025,1,25,13,Hà Nội,Xã Tây Phương,21.0403672,105.6115528,106,Unhealthy for Sensitive Groups,2,25.4,70,0.9,16.3,162,1010.3,48,30.6,32.2,261.0,28.7,58.0,38.8
2025-01-25 14:00:00,2025,1,25,14,Hà Nội,Xã Tây Phương,21.0403672,105.6115528,105,Unhealthy for Sensitive Groups,2,25.9,67,0.3,17.2,148,1009.4,41,31.9,33.9,250.0,26.5,67.0,36.7
2025-01-25 15:00:00,2025,1,25,15,Hà Nội,Xã Tây Phương,21.0403672,105.6115528,104,Unhealthy for Sensitive Groups,2,25.4,69,0.3,17.5,140,1009.1,44,32.4,34.2,244.0,24.4,76.0,34.6
2025-01-25 16:00:00,2025,1,25,16,Hà Nội,Xã Tây Phương,21.0403672,105.6115528,103,Unhealthy for Sensitive Groups,2,23.9,81,0.8,17.9,118,1009.4,100,31.5,33.3,255.0,24.8,78.0,33.2
2025-01-25 17:00:00,2025,1,25,17,Hà Nội,Xã Tây Phương,21.0403672,105.6115528,101,Unhealthy for Sensitive Groups,2,22.8,83,0.1,17.9,102,1010.0,97,29.7,31.3,300.0,29.7,69.0,32.8
2025-01-25 18:00:00,2025,1,25,18,Hà Nội,Xã Tây Phương,21.0403672,105.6115528,100,Moderate,1,21.9,83,0.0,16.0,105,1011.0,100,35.4,36.7,363.0,37.1,54.0,33.0
2025-01-25 19:00:00,2025,1,25,19,Hà Nội,Xã Tây Phương,21.0403672,105.6115528,99,Moderate,1,21.5,82,0.0,13.8,108,1012.2,100,34.5,35.7,408.0,40.6,47.0,32.1
2025-01-25 20:00:00,2025,1,25,20,Hà Nội,Xã Tây Phương,21.0403672,105.6115528,98,Moderate,1,21.4,85,0.0,15.1,118,1012.7,100,32.0,33.2,411.0,41.8,44.0,31.8
2025-01-25 21:00:00,2025,1,25,21,Hà Nội,Xã Tây Phương,21.0403672,105.6115528,97,Moderate,1,21.2,85,0.0,13.5,120,1013.7,100,33.1,34.2,396.0,43.2,39.0,31.4
2025-01-25 22:00:00,2025,1,25,22,Hà Nội,Xã Tây Phương,21.0403672,105.6115528,97,Moderate,1,21.0,86,0.0,12.2,118,1014.6,100,35.6,36.7,403.0,41.9,37.0,30.1
2025-01-25 23:00:00,2025,1,25,23,Hà Nội,Xã Tây Phương,21.0403672,105.6115528,98,Moderate,1,20.7,88,0.0,10.3,106,1015.4,100,38.8,39.8,453.0,35.5,41.0,27.3
2025-01-26 00:00:00,2025,1,26,0,Hà Nội,Xã Tây Phương,21.0403672,105.6115528,99,Moderate,1,20.4,90,0.1,10.9,81,1015.7,100,37.6,38.5,525.0,26.5,47.0,23.7
2025-01-26 01:00:00,2025,1,26,1,Hà Nội,Xã Tây Phương,21.0403672,105.6115528,99,Moderate,1,18.5,92,3.0,25.2,50,1016.5,100,25.4,25.7,588.0,19.1,51.0,21.0
2025-01-26 02:00:00,2025,1,26,2,Hà Nội,Xã Tây Phương,21.0403672,105.6115528,99,Moderate,1,17.0,88,0.6,22.2,53,1016.8,100,18.7,18.8,634.0,14.8,50.0,19.9
2025-01-26 03:00:00,2025,1,26,3,Hà Nội,Xã Tây Phương,21.0403672,105.6115528,98,Moderate,1,15.9,86,0.7,19.8,39,1017.9,100,17.1,17.1,672.0,12.1,46.0,19.8
2025-01-26 04:00:00,2025,1,26,4,Hà Nội,Xã Tây Phương,21.0403672,105.6115528,96,Moderate,1,14.9,85,1.7,17.5,12,1019.2,100,17.3,17.4,701.0,10.9,42.0,20.0
2025-01-26 05:00:00,2025,1,26,5,Hà Nội,Xã Tây Phương,21.0403672,105.6115528,95,Moderate,1,14.4,85,1.7,17.5,17,1020.7,100,18.0,18.0,725.0,11.9,39.0,20.7
2025-01-26 06:00:00,2025,1,26,6,Hà Nội,Xã Tây Phương,21.0403672,105.6115528,93,Moderate,1,13.9,83,0.8,20.9,28,1021.9,100,17.5,17.5,741.0,14.3,36.0,21.9
2025-01-26 07:00:00,2025,1,26,7,Hà Nội,Xã Tây Phương,21.0403672,105.6115528,91,Moderate,1,14.0,82,0.3,18.8,27,1023.2,100,17.8,17.8,737.0,15.3,36.0,22.7
2025-01-26 08:00:00,2025,1,26,8,Hà Nội,Xã Tây Phương,21.0403672,105.6115528,88,Moderate,1,14.9,80,0.5,21.3,29,1023.0,100,13.5,13.5,700.0,14.7,40.0,22.0
2025-01-26 09:00:00,2025,1,26,9,Hà Nội,Xã Tây Phương,21.0403672,105.6115528,85,Moderate,1,15.0,79,0.3,19.5,24,1024.9,100,11.5,11.5,643.0,13.9,46.0,20.9
2025-01-26 10:00:00,2025,1,26,10,Hà Nội,Xã Tây Phương,21.0403672,105.6115528,83,Moderate,1,14.1,83,1.0,22.5,18,1025.6,100,9.6,9.6,596.0,12.8,51.0,19.8
2025-01-26 11:00:00,2025,1,26,11,Hà Nội,Xã Tây Phương,21.0403672,105.6115528,80,Moderate,1,14.8,70,0.1,18.3,16,1025.7,100,8.8,8.8,571.0,11.2,56.0,18.5
2025-01-26 12:00:00,2025,1,26,12,Hà Nội,Xã Tây Phương,21.0403672,105.6115528,78,Moderate,1,15.6,60,0.2,20.2,8,1025.0,100,6.8,6.8,555.0,9.4,60.0,17.2
2025-01-26 13:00:00,2025,1,26,13,Hà Nội,Xã Tây Phương,21.0403672,105.6115528,76,Moderate,1,15.1,64,0.4,19.9,12,1024.3,100,6.9,6.9,539.0,8.1,64.0,16.2
2025-01-26 14:00:00,2025,1,26,14,Hà Nội,Xã Tây Phương,21.0403672,105.6115528,74,Moderate,1,15.6,53,0.0,23.1,13,1024.0,100,7.2,7.3,516.0,7.6,67.0,15.6
2025-01-26 15:00:00,2025,1,26,15,Hà Nội,Xã Tây Phương,21.0403672,105.6115528,72,Moderate,1,15.0,54,0.0,19.2,7,1023.8,100,7.0,7.0,492.0,7.6,69.0,15.4
2025-01-26 16:00:00,2025,1,26,16,Hà Nội,Xã Tây Phương,21.0403672,105.6115528,70,Moderate,1,15.1,53,0.0,17.6,6,1024.0,100,6.5,6.5,479.0,8.1,69.0,15.8
2025-01-26 17:00:00,2025,1,26,17,Hà Nội,Xã Tây Phương,21.0403672,105.6115528,68,Moderate,1,15.1,52,0.0,14.6,360,1024.3,100,6.7,6.7,486.0,9.5,67.0,17.2
2025-01-26 18:00:00,2025,1,26,18,Hà Nội,Xã Tây Phương,21.0403672,105.6115528,66,Moderate,1,14.9,51,0.0,14.8,9,1025.1,100,7.7,7.7,505.0,11.5,63.0,19.1
2025-01-26 19:00:00,2025,1,26,19,Hà Nội,Xã Tây Phương,21.0403672,105.6115528,63,Moderate,1,14.7,50,0.0,16.2,10,1025.8,100,9.1,9.1,517.0,11.4,62.0,19.0
2025-01-26 20:00:00,2025,1,26,20,Hà Nội,Xã Tây Phương,21.0403672,105.6115528,61,Moderate,1,14.9,51,0.0,14.7,23,1026.2,100,9.3,9.3,513.0,11.3,61.0,19.5
2025-01-26 21:00:00,2025,1,26,21,Hà Nội,Xã Tây Phương,21.0403672,105.6115528,59,Moderate,1,14.9,48,0.0,16.2,14,1026.3,100,10.1,10.2,502.0,11.2,61.0,20.1
2025-01-26 22:00:00,2025,1,26,22,Hà Nội,Xã Tây Phương,21.0403672,105.6115528,57,Moderate,1,14.6,49,0.0,14.9,11,1026.5,100,13.5,13.9,499.0,11.4,59.0,20.6
2025-01-26 23:00:00,2025,1,26,23,Hà Nội,Xã Tây Phương,21.0403672,105.6115528,55,Moderate,1,14.4,49,0.0,13.1,15,1026.0,100,13.0,13.5,517.0,12.2,56.0,20.6
2025-01-27 00:00:00,2025,1,27,0,Hà Nội,Xã Tây Phương,21.0403672,105.6115528,53,Moderate,1,14.1,49,0.0,11.3,18,1025.9,100,13.1,13.8,543.0,13.2,53.0,20.5
2025-01-27 01:00:00,2025,1,27,1,Hà Nội,Xã Tây Phương,21.0403672,105.6115528,50,Good,0,13.8,52,0.1,9.5,25,1025.7,100,14.3,15.1,552.0,14.4,49.0,20.7
2025-01-27 02:00:00,2025,1,27,2,Hà Nội,Xã Tây Phương,21.0403672,105.6115528,49,Good,0,13.4,56,0.0,5.9,18,1024.9,100,16.3,17.2,523.0,15.5,45.0,21.2
2025-01-27 03:00:00,2025,1,27,3,Hà Nội,Xã Tây Phương,21.0403672,105.6115528,48,Good,0,13.2,62,0.0,3.2,344,1024.2,100,17.8,18.7,477.0,16.6,40.0,22.1
2025-01-27 04:00:00,2025,1,27,4,Hà Nội,Xã Tây Phương,21.0403672,105.6115528,48,Good,0,13.2,64,0.0,4.8,335,1023.8,100,18.9,19.8,452.0,18.1,37.0,23.8
2025-01-27 05:00:00,2025,1,27,5,Hà Nội,Xã Tây Phương,21.0403672,105.6115528,49,Good,0,13.0,67,0.0,4.6,342,1023.9,100,19.7,20.8,474.0,20.7,34.0,27.5
2025-01-27 06:00:00,2025,1,27,6,Hà Nội,Xã Tây Phương,21.0403672,105.6115528,49,Good,0,13.1,65,0.0,7.0,359,1024.1,100,21.0,22.1,516.0,23.6,32.0,32.1
2025-01-27 07:00:00,2025,1,27,7,Hà Nội,Xã Tây Phương,21.0403672,105.6115528,50,Good,0,13.3,59,0.0,8.2,23,1024.2,54,22.1,23.4,535.0,23.9,36.0,33.5
2025-01-27 08:00:00,2025,1,27,8,Hà Nội,Xã Tây Phương,21.0403672,105.6115528,50,Good,0,13.8,60,0.0,8.9,32,1024.7,21,23.1,24.5,508.0,21.9,40.0,33.2
2025-01-27 09:00:00,2025,1,27,9,Hà Nội,Xã Tây Phương,21.0403672,105.6115528,51,Moderate,1,15.1,44,0.0,15.1,27,1025.6,100,19.8,21.5,459.0,19.0,45.0,32.6
2025-01-27 10:00:00,2025,1,27,10,Hà Nội,Xã Tây Phương,21.0403672,105.6115528,52,Moderate,1,15.1,42,0.0,13.2,26,1026.0,100,16.1,18.0,415.0,15.9,53.0,30.9
2025-01-27 11:00:00,2025,1,27,11,Hà Nội,Xã Tây Phương,21.0403672,105.6115528,52,Moderate,1,15.9,37,0.0,13.8,27,1025.0,10,14.2,17.0,383.0,12.3,65.0,27.0
2025-01-27 12:00:00,2025,1,27,12,Hà Nội,Xã Tây Phương,21.0403672,105.6115528,53,Moderate,1,17.0,34,0.0,13.1,23,1023.7,35,14.1,17.7,356.0,8.5,79.0,22.1
2025-01-27 13:00:00,2025,1,27,13,Hà Nội,Xã Tây Phương,21.0403672,105.6115528,54,Moderate,1,17.5,33,0.0,11.5,30,1021.7,48,14.4,18.7,339.0,6.0,91.0,18.5
2025-01-27 14:00:00,2025,1,27,14,Hà Nội,Xã Tây Phương,21.0403672,105.6115528,54,Moderate,1,18.0,33,0.0,8.2,32,1019.8,41,15.3,20.1,309.0,3.8,101.0,16.6
2025-01-27 15:00:00,2025,1,27,15,Hà Nội,Xã Tây Phương,21.0403672,105.6115528,55,Moderate,1,18.1,32,0.0,7.2,35,1018.8,8,16.2,21.2,289.0,2.7,109.0,16.1
2025-01-27 16:00:00,2025,1,27,16,Hà Nội,Xã Tây Phương,21.0403672,105.6115528,56,Moderate,1,18.0,32,0.0,7.1,52,1018.2,6,17.0,22.2,356.0,7.2,107.0,18.3
2025-01-27 17:00:00,2025,1,27,17,Hà Nội,Xã Tây Phương,21.0403672,105.6115528,57,Moderate,1,17.2,39,0.0,4.7,72,1018.5,40,18.7,23.9,597.0,22.4,88.0,24.8
2025-01-27 18:00:00,2025,1,27,18,Hà Nội,Xã Tây Phương,21.0403672,105.6115528,58,Moderate,1,15.6,48,0.0,1.5,120,1019.3,83,39.9,44.9,925.0,43.1,60.0,33.9
2025-01-27 19:00:00,2025,1,27,19,Hà Nội,Xã Tây Phương,21.0403672,105.6115528,61,Moderate,1,15.1,52,0.0,3.1,156,1019.9,29,68.5,75.7,1153.0,64.4,35.0,46.4
2025-01-27 20:00:00,2025,1,27,20,Hà Nội,Xã Tây Phương,21.0403672,105.6115528,66,Moderate,1,14.1,52,0.0,1.7,319,1021.1,73,82.2,89.9,1183.0,62.8,32.0,49.9
2025-01-27 21:00:00,2025,1,27,21,Hà Nội,Xã Tây Phương,21.0403672,105.6115528,72,Moderate,1,14.6,55,0.0,2.1,31,1021.7,86,83.6,91.3,1113.0,60.4,29.0,54.5
2025-01-27 22:00:00,2025,1,27,22,Hà Nội,Xã Tây Phương,21.0403672,105.6115528,79,Moderate,1,14.2,52,0.0,9.9,44,1022.6,58,83.1,90.6,1049.0,57.2,26.0,56.1
2025-01-27 23:00:00,2025,1,27,23,Hà Nội,Xã Tây Phương,21.0403672,105.6115528,85,Moderate,1,13.0,47,0.0,8.8,70,1022.7,100,69.8,76.1,1055.0,53.1,25.0,52.0
2025-01-28 00:00:00,2025,1,28,0,Hà Nội,Xã Tây Phương,21.0403672,105.6115528,90,Moderate,1,13.6,43,0.0,9.7,56,1022.6,100,59.8,65.0,1068.0,48.3,26.0,44.9
2025-01-28 01:00:00,2025,1,28,1,Hà Nội,Xã Tây Phương,21.0403672,105.6115528,94,Moderate,1,13.3,43,0.0,8.8,51,1022.7,99,53.2,57.5,1006.0,42.8,28.0,38.6
2025-01-28 02:00:00,2025,1,28,2,Hà Nội,Xã Tây Phương,21.0403672,105.6115528,98,Moderate,1,12.8,45,0.0,8.8,47,1022.6,12,44.2,47.5,781.0,35.7,33.0,33.9
2025-01-28 03:00:00,2025,1,28,3,Hà Nội,Xã Tây Phương,21.0403672,105.6115528,100,Moderate,1,11.3,47,0.0,8.7,42,1022.4,17,33.8,36.0,481.0,28.1,40.0,30.1
2025-01-28 04:00:00,2025,1,28,4,Hà Nội,Xã Tây Phương,21.0403672,105.6115528,102,Unhealthy for Sensitive Groups,2,11.0,46,0.0,8.0,40,1022.8,33,28.1,30.0,284.0,23.2,45.0,28.4
2025-01-28 05:00:00,2025,1,28,5,Hà Nội,Xã Tây Phương,21.0403672,105.6115528,103,Unhealthy for Sensitive Groups,2,10.6,46,0.0,7.3,42,1022.9,44,26.2,28.2,296.0,23.7,45.0,30.6
2025-01-28 06:00:00,2025,1,28,6,Hà Nội,Xã Tây Phương,21.0403672,105.6115528,103,Unhealthy for Sensitive Groups,2,10.4,45,0.0,7.2,32,1023.5,76,26.0,28.2,411.0,26.9,43.0,35.1
2025-01-28 07:00:00,2025,1,28,7,Hà Nội,Xã Tây Phương,21.0403672,105.6115528,104,Unhealthy for Sensitive Groups,2,11.4,43,0.0,5.8,2,1024.3,100,39.9,42.6,494.0,34.7,34.0,44.9
2025-01-28 08:00:00,2025,1,28,8,Hà Nội,Xã Tây Phương,21.0403672,105.6115528,106,Unhealthy for Sensitive Groups,2,12.8,48,0.0,8.7,355,1025.5,100,40.9,43.4,491.0,30.2,41.0,43.0
2025-01-28 09:00:00,2025,1,28,9,Hà Nội,Xã Tây Phương,21.0403672,105.6115528,108,Unhealthy for Sensitive Groups,2,13.1,50,0.0,10.0,345,1026.6,100,33.2,36.1,456.0,24.0,52.0,40.1
2025-01-28 10:00:00,2025,1,28,10,Hà Nội,Xã Tây Phương,21.0403672,105.6115528,109,Unhealthy for Sensitive Groups,2,12.6,61,0.4,9.7,336,1027.1,100,28.6,31.8,419.0,18.5,63.0,36.9
2025-01-28 11:00:00,2025,1,28,11,Hà Nội,Xã Tây Phương,21.0403672,105.6115528,110,Unhealthy for Sensitive Groups,2,14.1,50,0.0,6.6,9,1026.6,22,24.8,28.3,385.0,14.6,74.0,32.9
2025-01-28 12:00:00,2025,1,28,12,Hà Nội,Xã Tây Phương,21.0403672,105.6115528,111,Unhealthy for Sensitive Groups,2,16.6,40,0.0,7.2,25,1025.4,22,23.5,27.1,349.0,11.4,86.0,28.5
2025-01-28 13:00:00,2025,1,28,13,Hà Nội,Xã Tây Phương,21.0403672,105.6115528,112,Unhealthy for Sensitive Groups,2,17.6,37,0.0,7.1,43,1024.0,39,23.5,27.2,329.0,9.3,96.0,25.5
2025-01-28 14:00:00,2025,1,28,14,Hà Nội,Xã Tây Phương,21.0403672,105.6115528,113,Unhealthy for Sensitive Groups,2,18.0,37,0.0,6.6,61,1022.8,22,24.9,28.7,295.0,6.8,105.0,24.0
2025-01-28 15:00:00,2025,1,28,15,Hà Nội,Xã Tây Phương,21.0403672,105.6115528,114,Unhealthy for Sensitive Groups,2,18.0,37,0.0,6.0,63,1022.1,54,26.5,30.4,276.0,5.3,113.0,23.8
2025-01-28 16:00:00,2025,1,28,16,Hà Nội,Xã Tây Phương,21.0403672,105.6115528,115,Unhealthy for Sensitive Groups,2,17.8,38,0.0,6.3,75,1021.8,51,28.1,32.0,381.0,9.8,110.0,26.0
2025-01-28 17:00:00,2025,1,28,17,Hà Nội,Xã Tây Phương,21.0403672,105.6115528,117,Unhealthy for Sensitive Groups,2,17.0,42,0.0,5.8,86,1021.8,7,31.8,35.5,708.0,26.1,89.0,32.6
2025-01-28 18:00:00,2025,1,28,18,Hà Nội,Xã Tây Phương,21.0403672,105.6115528,118,Unhealthy for Sensitive Groups,2,14.4,53,0.0,4.0,90,1022.3,3,58.9,62.6,1159.0,48.4,59.0,41.7
2025-01-28 19:00:00,2025,1,28,19,Hà Nội,Xã Tây Phương,21.0403672,105.6115528,120,Unhealthy for Sensitive Groups,2,13.9,54,0.0,3.4,84,1022.7,1,84.1,88.5,1542.0,63.6,30.0,49.9
2025-01-28 20:00:00,2025,1,28,20,Hà Nội,Xã Tây Phương,21.0403672,105.6115528,122,Unhealthy for Sensitive Groups,2,12.3,61,0.0,6.0,41,1024.0,0,100.1,104.8,1806.0,61.3,29.0,51.9
2025-01-28 21:00:00,2025,1,28,21,Hà Nội,Xã Tây Phương,21.0403672,105.6115528,123,Unhealthy for Sensitive Groups,2,11.6,63,0.0,4.9,33,1024.5,0,100.4,105.2,2003.0,57.9,27.0,54.5
2025-01-28 22:00:00,2025,1,28,22,Hà Nội,Xã Tây Phương,21.0403672,105.6115528,125,Unhealthy for Sensitive Groups,2,11.4,63,0.0,3.8,19,1024.9,0,95.2,100.1,2100.0,54.7,25.0,55.0
2025-01-28 23:00:00,2025,1,28,23,Hà Nội,Xã Tây Phương,21.0403672,105.6115528,126,Unhealthy for Sensitive Groups,2,11.1,63,0.0,3.1,3,1025.0,0,92.2,97.1,2068.0,51.9,24.0,51.6
2025-01-29 00:00:00,2025,1,29,0,Hà Nội,Xã Tây Phương,21.0403672,105.6115528,129,Unhealthy for Sensitive Groups,2,10.8,64,0.0,2.5,352,1024.9,0,91.3,96.4,1936.0,49.3,23.0,46.1
2025-01-29 01:00:00,2025,1,29,1,Hà Nội,Xã Tây Phương,21.0403672,105.6115528,132,Unhealthy for Sensitive Groups,2,10.5,66,0.0,1.9,311,1024.9,15,89.9,95.0,1763.0,46.6,22.0,41.3
2025-01-29 02:00:00,2025,1,29,2,Hà Nội,Xã Tây Phương,21.0403672,105.6115528,136,Unhealthy for Sensitive Groups,2,10.1,71,0.0,3.3,311,1024.1,21,85.2,90.1,1532.0,43.6,22.0,38.0
2025-01-29 03:00:00,2025,1,29,3,Hà Nội,Xã Tây Phương,21.0403672,105.6115528,140,Unhealthy for Sensitive Groups,2,9.5,79,0.0,5.1,306,1023.8,12,81.7,86.8,1259.0,40.7,22.0,35.4
2025-01-29 04:00:00,2025,1,29,4,Hà Nội,Xã Tây Phương,21.0403672,105.6115528,145,Unhealthy for Sensitive Groups,2,9.1,81,0.0,7.5,300,1023.4,1,80.3,85.4,1051.0,38.6,22.0,34.3
2025-01-29 05:00:00,2025,1,29,5,Hà Nội,Xã Tây Phương,21.0403672,105.6115528,150,Unhealthy for Sensitive Groups,2,8.8,79,0.0,7.1,300,1023.4,6,79.9,85.0,979.0,38.7,19.0,35.8
2025-01-29 06:00:00,2025,1,29,6,Hà Nội,Xã Tây Phương,21.0403672,105.6115528,151,Unhealthy,3,8.9,75,0.0,7.6,301,1024.0,5,81.3,86.1,971.0,39.6,16.0,38.8
2025-01-29 07:00:00,2025,1,29,7,Hà Nội,Xã Tây Phương,21.0403672,105.6115528,153,Unhealthy,3,9.2,74,0.0,8.9,308,1024.6,12,100.4,105.5,924.0,44.4,14.0,43.2
2025-01-29 08:00:00,2025,1,29,8,Hà Nội,Xã Tây Phương,21.0403672,105.6115528,154,Unhealthy,3,12.1,67,0.0,10.7,316,1025.6,100,89.9,93.6,774.0,38.9,28.0,43.4
2025-01-29 09:00:00,2025,1,29,9,Hà Nội,Xã Tây Phương,21.0403672,105.6115528,155,Unhealthy,3,13.9,59,0.0,12.0,316,1026.3,85,59.6,63.3,584.0,31.2,49.0,43.5
2025-01-29 10:00:00,2025,1,29,10,Hà Nội,Xã Tây Phương,21.0403672,105.6115528,155,Unhealthy,3,15.4,51,0.0,12.5,320,1026.2,99,42.3,45.8,440.0,24.6,65.0,43.1
2025-01-29 11:00:00,2025,1,29,11,Hà Nội,Xã Tây Phương,21.0403672,105.6115528,156,Unhealthy,3,16.4,47,0.0,13.1,326,1025.3,99,36.3,39.6,382.0,20.3,74.0,41.4
2025-01-29 12:00:00,2025,1,29,12,Hà Nội,Xã Tây Phương,21.0403672,105.6115528,156,Unhealthy,3,17.4,44,0.0,11.5,331,1023.8,55,34.7,37.7,370.0,17.2,79.0,39.2
2025-01-29 13:00:00,2025,1,29,13,Hà Nội,Xã Tây Phương,21.0403672,105.6115528,156,Unhealthy,3,18.3,42,0.0,7.8,337,1022.2,7,33.5,36.4,372.0,15.2,83.0,37.8
2025-01-29 14:00:00,2025,1,29,14,Hà Nội,Xã Tây Phương,21.0403672,105.6115528,157,Unhealthy,3,18.9,42,0.0,4.6,347,1020.6,5,33.6,36.6,346.0,12.4,91.0,37.2
2025-01-29 15:00:00,2025,1,29,15,Hà Nội,Xã Tây Phương,21.0403672,105.6115528,157,Unhealthy,3,19.1,42,0.0,1.7,32,1019.2,50,35.4,38.3,333.0,10.7,97.0,37.4
2025-01-29 16:00:00,2025,1,29,16,Hà Nội,Xã Tây Phương,21.0403672,105.6115528,157,Unhealthy,3,19.0,43,0.0,2.6,102,1018.3,0,37.3,40.2,426.0,15.3,95.0,40.4
2025-01-29 17:00:00,2025,1,29,17,Hà Nội,Xã Tây Phương,21.0403672,105.6115528,157,Unhealthy,3,18.4,48,0.0,3.5,129,1017.9,1,40.0,43.0,744.0,31.6,75.0,47.2
2025-01-29 18:00:00,2025,1,29,18,Hà Nội,Xã Tây Phương,21.0403672,105.6115528,157,Unhealthy,3,15.9,59,0.0,3.7,125,1017.9,1,63.3,66.1,1167.0,54.3,46.0,56.7
2025-01-29 19:00:00,2025,1,29,19,Hà Nội,Xã Tây Phương,21.0403672,105.6115528,157,Unhealthy,3,14.8,62,0.0,5.9,101,1018.0,7,87.5,91.5,1429.0,71.8,22.0,66.4
2025-01-29 20:00:00,2025,1,29,20,Hà Nội,Xã Tây Phương,21.0403672,105.6115528,157,Unhealthy,3,14.0,65,0.0,6.3,108,1019.1,6,107.6,111.5,1373.0,77.7,16.0,77.1
2025-01-29 21:00:00,2025,1,29,21,Hà Nội,Xã Tây Phương,21.0403672,105.6115528,158,Unhealthy,3,13.1,70,0.0,5.5,126,1019.3,3,122.9,127.1,1155.0,85.8,9.0,92.0
2025-01-29 22:00:00,2025,1,29,22,Hà Nội,Xã Tây Phương,21.0403672,105.6115528,158,Unhealthy,3,12.6,73,0.0,5.3,156,1019.2,2,136.0,140.2,976.0,91.3,3.0,103.2
2025-01-29 23:00:00,2025,1,29,23,Hà Nội,Xã Tây Phương,21.0403672,105.6115528,159,Unhealthy,3,12.2,75,0.0,4.9,170,1018.8,1,144.4,148.5,911.0,91.9,1.0,108.2
2025-01-30 00:00:00,2025,1,30,0,Hà Nội,Xã Tây Phương,21.0403672,105.6115528,160,Unhealthy,3,11.9,77,0.0,4.1,165,1018.6,21,143.9,148.1,885.0,90.0,2.0,109.5
2025-01-30 01:00:00,2025,1,30,1,Hà Nội,Xã Tây Phương,21.0403672,105.6115528,161,Unhealthy,3,11.7,77,0.0,2.5,172,1018.5,15,142.5,146.2,872.0,87.0,2.0,107.8
2025-01-30 02:00:00,2025,1,30,2,Hà Nội,Xã Tây Phương,21.0403672,105.6115528,162,Unhealthy,3,11.4,79,0.0,2.6,168,1018.0,10,141.6,145.8,863.0,83.3,2.0,101.2
2025-01-30 03:00:00,2025,1,30,3,Hà Nội,Xã Tây Phương,21.0403672,105.6115528,164,Unhealthy,3,11.2,80,0.0,1.7,148,1017.3,24,140.6,144.8,868.0,78.7,2.0,91.4
2025-01-30 04:00:00,2025,1,30,4,Hà Nội,Xã Tây Phương,21.0403672,105.6115528,165,Unhealthy,3,11.0,81,0.0,0.9,127,1016.9,47,136.4,140.2,891.0,74.1,2.0,84.3
2025-01-30 05:00:00,2025,1,30,5,Hà Nội,Xã Tây Phương,21.0403672,105.6115528,166,Unhealthy,3,10.8,83,0.0,0.2,90,1016.7,32,126.7,130.4,968.0,70.2,2.0,82.2
2025-01-30 06:00:00,2025,1,30,6,Hà Nội,Xã Tây Phương,21.0403672,105.6115528,167,Unhealthy,3,10.4,85,0.0,0.9,191,1016.9,7,123.9,127.1,1063.0,66.4,3.0,82.8
2025-01-30 07:00:00,2025,1,30,7,Hà Nội,Xã Tây Phương,21.0403672,105.6115528,168,Unhealthy,3,10.2,87,0.0,0.8,207,1017.0,0,123.9,126.7,1078.0,52.2,6.0,85.8
2025-01-30 08:00:00,2025,1,30,8,Hà Nội,Xã Tây Phương,21.0403672,105.6115528,169,Unhealthy,3,12.9,76,0.0,1.9,197,1017.9,15,114.3,116.9,940.0,50.4,18.0,92.0
2025-01-30 09:00:00,2025,1,30,9,Hà Nội,Xã Tây Phương,21.0403672,105.6115528,169,Unhealthy,3,15.4,66,0.0,4.5,157,1018.4,29,100.1,102.0,721.0,47.6,35.0,99.7
2025-01-30 10:00:00,2025,1,30,10,Hà Nội,Xã Tây Phương,21.0403672,105.6115528,170,Unhealthy,3,17.6,62,0.0,6.0,141,1018.1,42,85.2,86.8,537.0,43.2,54.0,100.1
2025-01-30 11:00:00,2025,1,30,11,Hà Nội,Xã Tây Phương,21.0403672,105.6115528,171,Unhealthy,3,20.2,58,0.0,13.6,172,1017.2,97,68.7,70.1,428.0,35.9,77.0,86.5
2025-01-30 12:00:00,2025,1,30,12,Hà Nội,Xã Tây Phương,21.0403672,105.6115528,172,Unhealthy,3,21.3,57,0.0,19.3,165,1015.4,69,53.0,54.4,354.0,26.9,102.0,65.6
2025-01-30 13:00:00,2025,1,30,13,Hà Nội,Xã Tây Phương,21.0403672,105.6115528,172,Unhealthy,3,23.0,52,0.0,18.0,173,1013.3,86,43.7,44.9,309.0,20.0,120.0,48.2
2025-01-30 14:00:00,2025,1,30,14,Hà Nội,Xã Tây Phương,21.0403672,105.6115528,172,Unhealthy,3,23.2,52,0.0,18.9,169,1011.8,63,40.3,41.3,301.0,15.8,126.0,38.1
2025-01-30 15:00:00,2025,1,30,15,Hà Nội,Xã Tây Phương,21.0403672,105.6115528,173,Unhealthy,3,23.8,51,0.0,20.5,169,1010.8,31,38.6,39.6,323.0,13.7,125.0,31.4
2025-01-30 16:00:00,2025,1,30,16,Hà Nội,Xã Tây Phương,21.0403672,105.6115528,173,Unhealthy,3,23.0,53,0.0,18.7,164,1010.4,2,37.8,38.8,348.0,14.7,118.0,28.2
2025-01-30 17:00:00,2025,1,30,17,Hà Nội,Xã Tây Phương,21.0403672,105.6115528,173,Unhealthy,3,22.3,56,0.0,14.7,168,1010.0,2,39.3,40.0,367.0,21.3,104.0,29.8
2025-01-30 18:00:00,2025,1,30,18,Hà Nội,Xã Tây Phương,21.0403672,105.6115528,173,Unhealthy,3,20.6,62,0.0,16.5,140,1010.0,1,44.0,44.6,388.0,31.1,84.0,34.7
2025-01-30 19:00:00,2025,1,30,19,Hà Nội,Xã Tây Phương,21.0403672,105.6115528,172,Unhealthy,3,19.4,72,0.0,20.6,148,1010.5,1,44.8,45.6,410.0,37.3,68.0,38.3
2025-01-30 20:00:00,2025,1,30,20,Hà Nội,Xã Tây Phương,21.0403672,105.6115528,171,Unhealthy,3,18.5,77,0.0,18.0,152,1012.1,2,46.4,47.3,436.0,37.2,65.0,38.0
2025-01-30 21:00:00,2025,1,30,21,Hà Nội,Xã Tây Phương,21.0403672,105.6115528,170,Unhealthy,3,17.8,83,0.0,17.4,153,1012.3,2,48.1,49.1,463.0,36.9,60.0,37.6
2025-01-30 22:00:00,2025,1,30,22,Hà Nội,Xã Tây Phương,21.0403672,105.6115528,168,Unhealthy,3,17.0,88,0.0,15.9,153,1012.7,12,52.3,53.4,483.0,36.7,56.0,36.7
2025-01-30 23:00:00,2025,1,30,23,Hà Nội,Xã Tây Phương,21.0403672,105.6115528,166,Unhealthy,3,16.4,92,0.0,14.0,143,1012.9,63,56.9,58.2,493.0,36.5,52.0,35.1
2025-01-31 00:00:00,2025,1,31,0,Hà Nội,Xã Tây Phương,21.0403672,105.6115528,164,Unhealthy,3,16.1,94,0.0,13.0,134,1012.7,89,59.0,60.5,496.0,36.3,47.0,33.1
2025-01-31 01:00:00,2025,1,31,1,Hà Nội,Xã Tây Phương,21.0403672,105.6115528,163,Unhealthy,3,15.9,97,0.0,12.1,132,1012.7,83,60.5,62.2,492.0,35.9,44.0,31.5
2025-01-31 02:00:00,2025,1,31,2,Hà Nội,Xã Tây Phương,21.0403672,105.6115528,161,Unhealthy,3,15.9,98,0.0,10.8,133,1012.2,94,60.8,62.4,466.0,34.6,42.0,30.3
2025-01-31 03:00:00,2025,1,31,3,Hà Nội,Xã Tây Phương,21.0403672,105.6115528,159,Unhealthy,3,15.9,98,0.0,9.5,134,1011.5,100,60.1,61.7,433.0,33.2,42.0,29.4
2025-01-31 04:00:00,2025,1,31,4,Hà Nội,Xã Tây Phương,21.0403672,105.6115528,157,Unhealthy,3,16.4,97,0.0,8.3,136,1011.1,100,58.7,60.8,434.0,33.1,40.0,29.8
2025-01-31 05:00:00,2025,1,31,5,Hà Nội,Xã Tây Phương,21.0403672,105.6115528,156,Unhealthy,3,16.5,97,0.0,6.4,137,1011.2,100,57.4,60.3,514.0,36.2,34.0,32.4
2025-01-31 06:00:00,2025,1,31,6,Hà Nội,Xã Tây Phương,21.0403672,105.6115528,154,Unhealthy,3,16.8,96,0.0,6.2,139,1011.8,100,58.1,61.2,628.0,40.8,28.0,36.2
2025-01-31 07:00:00,2025,1,31,7,Hà Nội,Xã Tây Phương,21.0403672,105.6115528,153,Unhealthy,3,17.0,95,0.0,6.4,151,1012.4,100,70.5,74.0,682.0,42.3,24.0,37.8
2025-01-31 08:00:00,2025,1,31,8,Hà Nội,Xã Tây Phương,21.0403672,105.6115528,151,Unhealthy,3,17.8,91,0.0,4.9,172,1013.5,100,68.2,71.7,616.0,40.8,30.0,40.8
2025-01-31 09:00:00,2025,1,31,9,Hà Nội,Xã Tây Phương,21.0403672,105.6115528,150,Unhealthy for Sensitive Groups,2,19.0,87,0.0,5.3,152,1014.6,100,63.8,67.8,490.0,38.4,40.0,44.6
2025-01-31 10:00:00,2025,1,31,10,Hà Nội,Xã Tây Phương,21.0403672,105.6115528,148,Unhealthy for Sensitive Groups,2,20.5,79,0.0,15.9,168,1014.6,100,54.9,59.1,386.0,34.8,51.0,45.3
2025-01-31 11:00:00,2025,1,31,11,Hà Nội,Xã Tây Phương,21.0403672,105.6115528,145,Unhealthy for Sensitive Groups,2,22.0,70,0.0,19.5,168,1014.0,100,49.7,53.9,335.0,28.9,64.0,40.3
2025-01-31 12:00:00,2025,1,31,12,Hà Nội,Xã Tây Phương,21.0403672,105.6115528,143,Unhealthy for Sensitive Groups,2,23.7,63,0.0,18.0,173,1012.8,81,40.6,43.8,307.0,21.7,79.0,32.2
2025-01-31 13:00:00,2025,1,31,13,Hà Nội,Xã Tây Phương,21.0403672,105.6115528,142,Unhealthy for Sensitive Groups,2,25.3,56,0.0,17.9,170,1011.2,87,37.0,39.8,292.0,15.9,92.0,25.4
2025-01-31 14:00:00,2025,1,31,14,Hà Nội,Xã Tây Phương,21.0403672,105.6115528,141,Unhealthy for Sensitive Groups,2,26.1,54,0.0,16.8,165,1009.6,81,34.7,37.0,291.0,11.7,105.0,20.6
2025-01-31 15:00:00,2025,1,31,15,Hà Nội,Xã Tây Phương,21.0403672,105.6115528,141,Unhealthy for Sensitive Groups,2,26.2,53,0.0,16.8,159,1008.2,43,33.2,35.3,302.0,8.9,116.0,17.1
2025-01-31 16:00:00,2025,1,31,16,Hà Nội,Xã Tây Phương,21.0403672,105.6115528,140,Unhealthy for Sensitive Groups,2,25.4,56,0.0,15.8,150,1007.7,12,32.4,34.2,316.0,9.8,118.0,16.5
2025-01-31 17:00:00,2025,1,31,17,Hà Nội,Xã Tây Phương,21.0403672,105.6115528,140,Unhealthy for Sensitive Groups,2,24.9,58,0.0,14.1,159,1007.6,3,34.2,35.6,329.0,17.4,104.0,21.0
2025-01-31 18:00:00,2025,1,31,18,Hà Nội,Xã Tây Phương,21.0403672,105.6115528,139,Unhealthy for Sensitive Groups,2,23.0,65,0.0,16.3,136,1007.9,1,38.5,39.8,343.0,28.8,81.0,28.3
2025-01-31 19:00:00,2025,1,31,19,Hà Nội,Xã Tây Phương,21.0403672,105.6115528,138,Unhealthy for Sensitive Groups,2,21.4,74,0.0,17.7,141,1008.9,1,47.5,48.5,357.0,44.9,53.0,36.4
2025-01-31 20:00:00,2025,1,31,20,Hà Nội,Xã Tây Phương,21.0403672,105.6115528,139,Unhealthy for Sensitive Groups,2,20.8,78,0.0,16.7,150,1009.6,2,40.9,42.0,369.0,43.5,49.0,36.8
2025-01-31 21:00:00,2025,1,31,21,Hà Nội,Xã Tây Phương,21.0403672,105.6115528,138,Unhealthy for Sensitive Groups,2,19.9,86,0.0,14.8,148,1010.4,0,35.2,36.8,381.0,41.7,44.0,37.2
2025-01-31 22:00:00,2025,1,31,22,Hà Nội,Xã Tây Phương,21.0403672,105.6115528,137,Unhealthy for Sensitive Groups,2,19.1,93,0.0,14.5,142,1010.7,50,34.3,36.7,395.0,40.4,39.0,37.2
2025-01-31 23:00:00,2025,1,31,23,Hà Nội,Xã Tây Phương,21.0403672,105.6115528,135,Unhealthy for Sensitive Groups,2,18.6,97,0.0,14.0,142,1010.6,98,35.2,38.2,415.0,40.6,34.0,36.1
2025-02-01 00:00:00,2025,2,1,0,Hà Nội,Xã Tây Phương,21.0403672,105.6115528,133,Unhealthy for Sensitive Groups,2,18.6,98,0.0,12.7,142,1010.7,100,35.3,38.5,437.0,41.3,30.0,34.6
2025-02-01 01:00:00,2025,2,1,1,Hà Nội,Xã Tây Phương,21.0403672,105.6115528,130,Unhealthy for Sensitive Groups,2,19.0,97,0.0,10.8,142,1010.6,100,36.3,40.0,457.0,41.4,26.0,33.5
2025-02-01 02:00:00,2025,2,1,2,Hà Nội,Xã Tây Phương,21.0403672,105.6115528,128,Unhealthy for Sensitive Groups,2,19.1,96,0.0,8.9,137,1010.1,100,39.8,43.7,473.0,39.9,24.0,33.3
2025-02-01 03:00:00,2025,2,1,3,Hà Nội,Xã Tây Phương,21.0403672,105.6115528,125,Unhealthy for Sensitive Groups,2,19.1,97,0.0,8.2,139,1009.7,100,45.5,49.8,487.0,37.7,23.0,33.6
2025-02-01 04:00:00,2025,2,1,4,Hà Nội,Xã Tây Phương,21.0403672,105.6115528,124,Unhealthy for Sensitive Groups,2,19.2,97,0.1,7.6,146,1009.3,100,50.2,53.2,499.0,36.3,21.0,34.3
2025-02-01 05:00:00,2025,2,1,5,Hà Nội,Xã Tây Phương,21.0403672,105.6115528,123,Unhealthy for Sensitive Groups,2,19.2,97,0.0,6.2,165,1009.4,100,52.9,55.5,516.0,36.9,18.0,35.6
2025-02-01 06:00:00,2025,2,1,6,Hà Nội,Xã Tây Phương,21.0403672,105.6115528,123,Unhealthy for Sensitive Groups,2,19.4,96,0.0,6.3,177,1009.9,100,52.0,54.2,532.0,38.2,14.0,37.3
2025-02-01 07:00:00,2025,2,1,7,Hà Nội,Xã Tây Phương,21.0403672,105.6115528,122,Unhealthy for Sensitive Groups,2,19.5,95,0.1,4.9,184,1010.5,100,61.5,63.8,526.0,42.5,8.0,41.4
2025-02-01 08:00:00,2025,2,1,8,Hà Nội,Xã Tây Phương,21.0403672,105.6115528,121,Unhealthy for Sensitive Groups,2,19.1,91,0.0,12.5,198,1011.9,100,53.4,55.5,481.0,40.1,13.0,41.8
2025-02-01 09:00:00,2025,2,1,9,Hà Nội,Xã Tây Phương,21.0403672,105.6115528,119,Unhealthy for Sensitive Groups,2,20.2,87,0.1,11.6,188,1012.9,100,46.9,48.7,414.0,36.6,21.0,42.2
2025-02-01 10:00:00,2025,2,1,10,Hà Nội,Xã Tây Phương,21.0403672,105.6115528,118,Unhealthy for Sensitive Groups,2,20.9,86,0.2,11.7,163,1012.9,100,43.7,45.6,359.0,32.7,31.0,41.5
2025-02-01 11:00:00,2025,2,1,11,Hà Nội,Xã Tây Phương,21.0403672,105.6115528,117,Unhealthy for Sensitive Groups,2,22.3,76,0.1,14.5,163,1012.2,100,38.2,40.5,327.0,28.3,45.0,38.5
2025-02-01 12:00:00,2025,2,1,12,Hà Nội,Xã Tây Phương,21.0403672,105.6115528,115,Unhealthy for Sensitive Groups,2,23.6,71,0.1,13.2,158,1010.9,100,38.8,41.7,306.0,23.6,62.0,34.3
2025-02-01 13:00:00,2025,2,1,13,Hà Nội,Xã Tây Phương,21.0403672,105.6115528,115,Unhealthy for Sensitive Groups,2,24.2,68,0.0,15.0,157,1009.1,100,36.7,39.0,294.0,19.9,77.0,31.0
2025-02-01 14:00:00,2025,2,1,14,Hà Nội,Xã Tây Phương,21.0403672,105.6115528,115,Unhealthy for Sensitive Groups,2,25.5,61,0.0,14.8,156,1007.4,94,37.3,39.3,287.0,17.1,91.0,29.2
2025-02-01 15:00:00,2025,2,1,15,Hà Nội,Xã Tây Phương,21.0403672,105.6115528,115,Unhealthy for Sensitive Groups,2,26.0,61,0.0,15.9,141,1006.3,99,37.1,39.0,287.0,15.3,103.0,28.3
2025-02-01 16:00:00,2025,2,1,16,Hà Nội,Xã Tây Phương,21.0403672,105.6115528,116,Unhealthy for Sensitive Groups,2,25.5,63,0.0,17.9,135,1006.1,79,36.3,38.0,302.0,15.9,107.0,28.1
2025-02-01 17:00:00,2025,2,1,17,Hà Nội,Xã Tây Phương,21.0403672,105.6115528,116,Unhealthy for Sensitive Groups,2,24.9,65,0.0,17.4,129,1006.2,87,34.7,36.1,344.0,20.7,96.0,29.0
2025-02-01 18:00:00,2025,2,1,18,Hà Nội,Xã Tây Phương,21.0403672,105.6115528,116,Unhealthy for Sensitive Groups,2,22.6,77,0.0,17.1,112,1006.9,79,34.0,35.2,400.0,27.9,76.0,30.7
2025-02-01 19:00:00,2025,2,1,19,Hà Nội,Xã Tây Phương,21.0403672,105.6115528,116,Unhealthy for Sensitive Groups,2,21.6,83,0.0,15.6,114,1007.9,100,35.6,36.8,436.0,37.0,57.0,36.2
2025-02-01 20:00:00,2025,2,1,20,Hà Nội,Xã Tây Phương,21.0403672,105.6115528,115,Unhealthy for Sensitive Groups,2,21.0,82,0.0,13.8,141,1009.0,88,30.2,31.7,433.0,36.9,51.0,35.2
2025-02-01 21:00:00,2025,2,1,21,Hà Nội,Xã Tây Phương,21.0403672,105.6115528,113,Unhealthy for Sensitive Groups,2,20.2,87,0.0,13.2,146,1009.5,92,30.0,32.0,409.0,36.7,42.0,33.8
2025-02-01 22:00:00,2025,2,1,22,Hà Nội,Xã Tây Phương,21.0403672,105.6115528,113,Unhealthy for Sensitive Groups,2,19.2,92,0.0,12.2,144,1009.9,96,33.5,35.5,384.0,36.1,35.0,32.4
2025-02-01 23:00:00,2025,2,1,23,Hà Nội,Xã Tây Phương,21.0403672,105.6115528,113,Unhealthy for Sensitive Groups,2,19.0,94,0.0,13.2,149,1010.0,100,39.0,40.6,360.0,34.9,32.0,31.0
2025-02-02 00:00:00,2025,2,2,0,Hà Nội,Xã Tây Phương,21.0403672,105.6115528,113,Unhealthy for Sensitive Groups,2,19.2,93,0.0,13.6,149,1010.0,100,42.8,44.6,335.0,33.4,31.0,29.6
2025-02-02 01:00:00,2025,2,2,1,Hà Nội,Xã Tây Phương,21.0403672,105.6115528,114,Unhealthy for Sensitive Groups,2,19.5,92,0.0,12.8,141,1010.2,100,44.9,46.8,322.0,32.0,30.0,28.4
2025-02-02 02:00:00,2025,2,2,2,Hà Nội,Xã Tây Phương,21.0403672,105.6115528,115,Unhealthy for Sensitive Groups,2,19.5,93,0.0,8.6,120,1009.9,100,46.3,48.1,331.0,30.5,31.0,27.3
2025-02-02 03:00:00,2025,2,2,3,Hà Nội,Xã Tây Phương,21.0403672,105.6115528,116,Unhealthy for Sensitive Groups,2,19.5,95,0.1,5.5,99,1009.8,100,43.8,45.6,352.0,29.1,32.0,26.4
2025-02-02 04:00:00,2025,2,2,4,Hà Nội,Xã Tây Phương,21.0403672,105.6115528,115,Unhealthy for Sensitive Groups,2,19.5,96,0.2,6.6,107,1009.9,100,42.5,44.2,369.0,29.0,32.0,26.1
2025-02-02 05:00:00,2025,2,2,5,Hà Nội,Xã Tây Phương,21.0403672,105.6115528,115,Unhealthy for Sensitive Groups,2,19.4,97,0.2,7.6,95,1009.9,100,41.1,42.6,376.0,31.6,29.0,26.8
2025-02-02 06:00:00,2025,2,2,6,Hà Nội,Xã Tây Phương,21.0403672,105.6115528,113,Unhealthy for Sensitive Groups,2,19.2,97,0.3,9.0,89,1010.3,100,40.4,41.8,379.0,35.5,25.0,28.2
2025-02-02 07:00:00,2025,2,2,7,Hà Nội,Xã Tây Phương,21.0403672,105.6115528,112,Unhealthy for Sensitive Groups,2,19.0,97,0.7,9.4,107,1010.8,100,46.4,48.0,381.0,39.3,19.0,31.9
2025-02-02 08:00:00,2025,2,2,8,Hà Nội,Xã Tây Phương,21.0403672,105.6115528,111,Unhealthy for Sensitive Groups,2,20.0,89,0.0,13.0,104,1012.0,100,42.7,44.2,386.0,38.2,24.0,31.3
2025-02-02 09:00:00,2025,2,2,9,Hà Nội,Xã Tây Phương,21.0403672,105.6115528,109,Unhealthy for Sensitive Groups,2,20.6,85,0.0,15.0,110,1013.0,100,37.3,38.6,390.0,36.4,30.0,30.5
2025-02-02 10:00:00,2025,2,2,10,Hà Nội,Xã Tây Phương,21.0403672,105.6115528,108,Unhealthy for Sensitive Groups,2,21.4,80,0.0,16.7,122,1013.5,100,32.5,34.0,382.0,34.1,38.0,29.5
2025-02-02 11:00:00,2025,2,2,11,Hà Nội,Xã Tây Phương,21.0403672,105.6115528,107,Unhealthy for Sensitive Groups,2,21.6,79,0.0,14.3,133,1013.1,100,30.3,31.5,351.0,30.6,47.0,28.2
2025-02-02 12:00:00,2025,2,2,12,Hà Nội,Xã Tây Phương,21.0403672,105.6115528,106,Unhealthy for Sensitive Groups,2,22.6,74,0.1,13.1,147,1012.2,100,25.4,26.8,309.0,26.6,57.0,26.8
2025-02-02 13:00:00,2025,2,2,13,Hà Nội,Xã Tây Phương,21.0403672,105.6115528,105,Unhealthy for Sensitive Groups,2,23.4,71,0.0,13.5,136,1010.7,100,24.0,25.4,279.0,23.2,66.0,25.4
2025-02-02 14:00:00,2025,2,2,14,Hà Nội,Xã Tây Phương,21.0403672,105.6115528,104,Unhealthy for Sensitive Groups,2,23.5,71,0.0,14.2,125,1009.6,100,26.3,27.6,268.0,20.4,74.0,23.8
2025-02-02 15:00:00,2025,2,2,15,Hà Nội,Xã Tây Phương,21.0403672,105.6115528,103,Unhealthy for Sensitive Groups,2,23.5,71,0.0,13.5,123,1008.8,38,28.5,29.8,270.0,18.3,80.0,22.2
2025-02-02 16:00:00,2025,2,2,16,Hà Nội,Xã Tây Phương,21.0403672,105.6115528,102,Unhealthy for Sensitive Groups,2,23.8,71,0.0,17.0,126,1008.5,100,29.2,30.4,289.0,18.9,80.0,21.6
2025-02-02 17:00:00,2025,2,2,17,Hà Nội,Xã Tây Phương,21.0403672,105.6115528,101,Unhealthy for Sensitive Groups,2,22.9,75,0.0,15.8,126,1008.8,100,29.9,31.0,334.0,25.1,68.0,22.6
2025-02-02 18:00:00,2025,2,2,18,Hà Nội,Xã Tây Phương,21.0403672,105.6115528,100,Moderate,1,21.9,79,0.0,13.1,127,1009.6,100,35.0,35.9,397.0,33.9,51.0,24.6
2025-02-02 19:00:00,2025,2,2,19,Hà Nội,Xã Tây Phương,21.0403672,105.6115528,101,Unhealthy for Sensitive Groups,2,21.2,82,0.0,12.0,127,1010.4,100,39.9,41.2,449.0,33.9,54.0,24.9
2025-02-02 20:00:00,2025,2,2,20,Hà Nội,Xã Tây Phương,21.0403672,105.6115528,101,Unhealthy for Sensitive Groups,2,20.0,88,0.0,11.2,127,1011.6,52,45.4,46.4,478.0,31.0,47.0,27.4
2025-02-02 21:00:00,2025,2,2,21,Hà Nội,Xã Tây Phương,21.0403672,105.6115528,103,Unhealthy for Sensitive Groups,2,19.6,91,0.0,10.5,114,1012.4,65,47.5,48.3,497.0,26.9,38.0,30.6
2025-02-02 22:00:00,2025,2,2,22,Hà Nội,Xã Tây Phương,21.0403672,105.6115528,104,Unhealthy for Sensitive Groups,2,19.1,92,0.1,14.2,72,1013.5,100,42.7,43.2,522.0,22.8,32.0,32.2
2025-02-02 23:00:00,2025,2,2,23,Hà Nội,Xã Tây Phương,21.0403672,105.6115528,105,Unhealthy for Sensitive Groups,2,18.4,80,0.2,17.7,63,1014.1,100,38.1,38.5,561.0,18.7,32.0,30.5
2025-02-03 00:00:00,2025,2,3,0,Hà Nội,Xã Tây Phương,21.0403672,105.6115528,105,Unhealthy for Sensitive Groups,2,17.4,80,0.4,19.5,66,1014.4,100,34.9,35.4,606.0,14.7,35.0,27.0
2025-02-03 01:00:00,2025,2,3,1,Hà Nội,Xã Tây Phương,21.0403672,105.6115528,104,Unhealthy for Sensitive Groups,2,16.5,79,0.4,21.5,63,1014.8,100,28.5,28.8,641.0,11.8,38.0,24.1
2025-02-03 02:00:00,2025,2,3,2,Hà Nội,Xã Tây Phương,21.0403672,105.6115528,103,Unhealthy for Sensitive Groups,2,15.8,77,0.2,22.4,58,1015.0,100,24.4,24.6,659.0,10.6,39.0,22.4
2025-02-03 03:00:00,2025,2,3,3,Hà Nội,Xã Tây Phương,21.0403672,105.6115528,100,Moderate,1,15.6,73,0.0,19.6,47,1015.3,100,21.8,21.9,668.0,10.5,40.0,21.3
2025-02-03 04:00:00,2025,2,3,4,Hà Nội,Xã Tây Phương,21.0403672,105.6115528,98,Moderate,1,14.4,84,0.6,17.5,32,1016.3,100,19.3,19.5,676.0,11.1,41.0,21.1
2025-02-03 05:00:00,2025,2,3,5,Hà Nội,Xã Tây Phương,21.0403672,105.6115528,96,Moderate,1,14.1,90,0.6,16.7,32,1017.0,100,17.6,17.6,691.0,12.8,41.0,22.3
2025-02-03 06:00:00,2025,2,3,6,Hà Nội,Xã Tây Phương,21.0403672,105.6115528,94,Moderate,1,14.0,90,0.8,16.0,33,1018.2,100,17.3,17.4,705.0,15.2,40.0,24.5
2025-02-03 07:00:00,2025,2,3,7,Hà Nội,Xã Tây Phương,21.0403672,105.6115528,92,Moderate,1,13.9,89,0.5,15.3,31,1019.2,100,17.5,17.6,708.0,14.9,44.0,22.9
2025-02-03 08:00:00,2025,2,3,8,Hà Nội,Xã Tây Phương,21.0403672,105.6115528,90,Moderate,1,14.4,88,0.9,14.0,35,1020.5,100,18.3,18.4,692.0,15.2,46.0,23.7
2025-02-03 09:00:00,2025,2,3,9,Hà Nội,Xã Tây Phương,21.0403672,105.6115528,88,Moderate,1,14.1,88,1.2,15.9,33,1022.0,100,17.6,17.6,664.0,15.4,50.0,24.7
2025-02-03 10:00:00,2025,2,3,10,Hà Nội,Xã Tây Phương,21.0403672,105.6115528,86,Moderate,1,14.8,83,0.5,17.1,25,1022.9,100,16.7,16.8,641.0,15.0,55.0,24.6
2025-02-03 11:00:00,2025,2,3,11,Hà Nội,Xã Tây Phương,21.0403672,105.6115528,84,Moderate,1,15.0,79,0.3,12.7,29,1022.3,100,15.2,15.3,633.0,13.2,62.0,22.3
2025-02-03 12:00:00,2025,2,3,12,Hà Nội,Xã Tây Phương,21.0403672,105.6115528,83,Moderate,1,15.9,73,0.2,13.3,10,1021.8,100,13.6,13.7,630.0,10.7,69.0,19.0
2025-02-03 13:00:00,2025,2,3,13,Hà Nội,Xã Tây Phương,21.0403672,105.6115528,82,Moderate,1,17.3,61,0.0,14.0,1,1020.6,100,12.9,13.0,614.0,8.9,76.0,16.3
2025-02-03 14:00:00,2025,2,3,14,Hà Nội,Xã Tây Phương,21.0403672,105.6115528,81,Moderate,1,18.0,54,0.0,13.3,9,1019.6,99,11.9,12.0,564.0,7.6,82.0,14.6
2025-02-03 15:00:00,2025,2,3,15,Hà Nội,Xã Tây Phương,21.0403672,105.6115528,80,Moderate,1,18.2,50,0.0,12.3,12,1019.0,100,10.9,10.9,501.0,7.0,86.0,13.6
2025-02-03 16:00:00,2025,2,3,16,Hà Nội,Xã Tây Phương,21.0403672,105.6115528,78,Moderate,1,18.2,49,0.0,11.7,14,1018.8,100,10.3,10.3,468.0,8.6,86.0,14.1
2025-02-03 17:00:00,2025,2,3,17,Hà Nội,Xã Tây Phương,21.0403672,105.6115528,77,Moderate,1,17.9,50,0.0,12.3,31,1019.1,100,10.9,10.9,495.0,14.1,77.0,16.8
2025-02-03 18:00:00,2025,2,3,18,Hà Nội,Xã Tây Phương,21.0403672,105.6115528,75,Moderate,1,17.1,52,0.0,12.5,45,1019.8,100,15.9,15.9,551.0,21.9,64.0,20.9
2025-02-03 19:00:00,2025,2,3,19,Hà Nội,Xã Tây Phương,21.0403672,105.6115528,73,Moderate,1,16.5,53,0.0,13.7,46,1020.4,100,17.6,17.6,587.0,18.7,65.0,20.9
2025-02-03 20:00:00,2025,2,3,20,Hà Nội,Xã Tây Phương,21.0403672,105.6115528,71,Moderate,1,16.6,56,0.0,14.4,40,1021.5,100,19.0,19.0,578.0,17.8,66.0,21.0
2025-02-03 21:00:00,2025,2,3,21,Hà Nội,Xã Tây Phương,21.0403672,105.6115528,69,Moderate,1,16.4,54,0.0,14.3,41,1022.5,100,18.5,18.5,550.0,16.5,67.0,21.1
2025-02-03 22:00:00,2025,2,3,22,Hà Nội,Xã Tây Phương,21.0403672,105.6115528,66,Moderate,1,16.0,53,0.0,11.3,42,1023.1,100,18.0,18.0,526.0,15.4,68.0,21.2
2025-02-03 23:00:00,2025,2,3,23,Hà Nội,Xã Tây Phương,21.0403672,105.6115528,64,Moderate,1,15.7,52,0.0,10.8,44,1023.2,100,18.3,18.3,520.0,14.9,68.0,21.2
2025-02-04 00:00:00,2025,2,4,0,Hà Nội,Xã Tây Phương,21.0403672,105.6115528,62,Moderate,1,15.4,53,0.0,10.7,45,1022.9,100,17.9,17.9,518.0,14.6,67.0,21.3
2025-02-04 01:00:00,2025,2,4,1,Hà Nội,Xã Tây Phương,21.0403672,105.6115528,61,Moderate,1,15.2,53,0.0,10.1,47,1022.8,100,17.8,17.8,509.0,14.1,66.0,21.2
2025-02-04 02:00:00,2025,2,4,2,Hà Nội,Xã Tây Phương,21.0403672,105.6115528,60,Moderate,1,14.9,54,0.0,10.4,46,1022.7,100,17.6,17.6,478.0,13.1,67.0,20.9
2025-02-04 03:00:00,2025,2,4,3,Hà Nội,Xã Tây Phương,21.0403672,105.6115528,59,Moderate,1,14.6,54,0.0,11.5,44,1022.8,100,17.7,17.8,439.0,11.9,68.0,20.5
2025-02-04 04:00:00,2025,2,4,4,Hà Nội,Xã Tây Phương,21.0403672,105.6115528,59,Moderate,1,14.4,53,0.0,11.5,35,1022.7,100,17.8,18.0,421.0,11.4,68.0,20.6
2025-02-04 05:00:00,2025,2,4,5,Hà Nội,Xã Tây Phương,21.0403672,105.6115528,59,Moderate,1,14.2,52,0.0,13.3,32,1022.8,100,17.4,17.6,442.0,12.6,66.0,21.5
2025-02-04 06:00:00,2025,2,4,6,Hà Nội,Xã Tây Phương,21.0403672,105.6115528,59,Moderate,1,13.9,53,0.0,14.6,32,1023.5,100,17.2,17.3,484.0,14.5,64.0,22.9
2025-02-04 07:00:00,2025,2,4,7,Hà Nội,Xã Tây Phương,21.0403672,105.6115528,59,Moderate,1,13.4,53,0.0,14.1,34,1024.1,100,22.8,23.2,515.0,12.4,70.0,22.4
2025-02-04 08:00:00,2025,2,4,8,Hà Nội,Xã Tây Phương,21.0403672,105.6115528,59,Moderate,1,14.2,51,0.0,15.2,35,1024.7,100,21.1,21.7,521.0,11.2,73.0,22.1
2025-02-04 09:00:00,2025,2,4,9,Hà Nội,Xã Tây Phương,21.0403672,105.6115528,59,Moderate,1,14.3,50,0.0,15.4,35,1025.3,100,21.7,22.8,517.0,9.5,78.0,21.6
2025-02-04 10:00:00,2025,2,4,10,Hà Nội,Xã Tây Phương,21.0403672,105.6115528,60,Moderate,1,14.6,49,0.0,12.9,35,1025.6,100,24.4,26.3,515.0,8.1,85.0,21.5
2025-02-04 11:00:00,2025,2,4,11,Hà Nội,Xã Tây Phương,21.0403672,105.6115528,60,Moderate,1,15.4,48,0.0,9.2,35,1024.7,100,27.5,29.7,520.0,7.1,95.0,21.9
2025-02-04 12:00:00,2025,2,4,12,Hà Nội,Xã Tây Phương,21.0403672,105.6115528,62,Moderate,1,15.9,48,0.0,5.7,32,1023.1,89,30.3,32.8,528.0,6.4,106.0,22.5
2025-02-04 13:00:00,2025,2,4,13,Hà Nội,Xã Tây Phương,21.0403672,105.6115528,63,Moderate,1,17.4,45,0.0,3.2,47,1021.2,93,32.7,35.3,537.0,6.2,116.0,23.2
2025-02-04 14:00:00,2025,2,4,14,Hà Nội,Xã Tây Phương,21.0403672,105.6115528,65,Moderate,1,18.0,44,0.0,1.3,146,1019.5,89,34.6,37.3,535.0,5.2,126.0,23.1
2025-02-04 15:00:00,2025,2,4,15,Hà Nội,Xã Tây Phương,21.0403672,105.6115528,67,Moderate,1,18.6,43,0.0,2.3,162,1018.1,88,36.0,38.6,534.0,4.6,134.0,23.1
2025-02-04 16:00:00,2025,2,4,16,Hà Nội,Xã Tây Phương,21.0403672,105.6115528,69,Moderate,1,18.6,43,0.0,4.4,173,1017.5,90,37.0,39.6,569.0,8.4,133.0,25.2
2025-02-04 17:00:00,2025,2,4,17,Hà Nội,Xã Tây Phương,21.0403672,105.6115528,71,Moderate,1,18.0,45,0.0,5.9,182,1017.2,98,38.9,41.4,672.0,20.8,115.0,31.2
2025-02-04 18:00:00,2025,2,4,18,Hà Nội,Xã Tây Phương,21.0403672,105.6115528,74,Moderate,1,16.8,51,0.0,6.2,216,1017.4,75,61.0,63.6,810.0,37.6,89.0,39.3
2025-02-04 19:00:00,2025,2,4,19,Hà Nội,Xã Tây Phương,21.0403672,105.6115528,78,Moderate,1,15.4,57,0.0,6.2,221,1017.5,82,74.0,76.4,925.0,51.3,60.0,45.1
2025-02-04 20:00:00,2025,2,4,20,Hà Nội,Xã Tây Phương,21.0403672,105.6115528,83,Moderate,1,14.6,58,0.0,7.0,162,1017.8,70,78.7,80.8,1005.0,51.1,57.0,49.0
2025-02-04 21:00:00,2025,2,4,21,Hà Nội,Xã Tây Phương,21.0403672,105.6115528,88,Moderate,1,14.6,59,0.0,8.2,166,1017.7,71,82.4,84.3,1060.0,50.8,53.0,54.2
2025-02-04 22:00:00,2025,2,4,22,Hà Nội,Xã Tây Phương,21.0403672,105.6115528,94,Moderate,1,13.8,63,0.0,10.7,155,1018.2,3,87.8,89.6,1064.0,50.1,48.0,57.2
2025-02-04 23:00:00,2025,2,4,23,Hà Nội,Xã Tây Phương,21.0403672,105.6115528,100,Moderate,1,13.2,70,0.0,13.6,149,1018.2,4,91.0,92.7,982.0,48.8,44.0,55.9
2025-02-05 00:00:00,2025,2,5,0,Hà Nội,Xã Tây Phương,21.0403672,105.6115528,108,Unhealthy for Sensitive Groups,2,12.6,78,0.0,12.9,152,1017.7,69,86.6,88.0,848.0,47.0,39.0,52.4
2025-02-05 01:00:00,2025,2,5,1,Hà Nội,Xã Tây Phương,21.0403672,105.6115528,115,Unhealthy for Sensitive Groups,2,12.4,81,0.0,11.5,149,1017.4,55,80.1,81.0,739.0,45.2,35.0,48.9
2025-02-05 02:00:00,2025,2,5,2,Hà Nội,Xã Tây Phương,21.0403672,105.6115528,121,Unhealthy for Sensitive Groups,2,12.4,83,0.0,9.9,143,1016.7,87,75.0,75.7,679.0,43.0,32.0,45.7
2025-02-05 03:00:00,2025,2,5,3,Hà Nội,Xã Tây Phương,21.0403672,105.6115528,127,Unhealthy for Sensitive Groups,2,12.6,83,0.0,7.9,137,1016.2,86,73.3,74.0,645.0,40.8,30.0,42.5
2025-02-05 04:00:00,2025,2,5,4,Hà Nội,Xã Tây Phương,21.0403672,105.6115528,133,Unhealthy for Sensitive Groups,2,12.6,84,0.0,6.6,131,1016.0,98,74.7,75.2,640.0,39.9,27.0,40.8
2025-02-05 05:00:00,2025,2,5,5,Hà Nội,Xã Tây Phương,21.0403672,105.6115528,139,Unhealthy for Sensitive Groups,2,12.8,84,0.0,5.8,112,1016.3,99,75.9,76.4,684.0,41.7,23.0,41.1
2025-02-05 06:00:00,2025,2,5,6,Hà Nội,Xã Tây Phương,21.0403672,105.6115528,145,Unhealthy for Sensitive Groups,2,12.9,85,0.0,5.2,104,1016.8,100,76.6,77.3,758.0,44.9,18.0,42.7
2025-02-05 07:00:00,2025,2,5,7,Hà Nội,Xã Tây Phương,21.0403672,105.6115528,150,Unhealthy for Sensitive Groups,2,13.1,87,0.1,2.8,72,1017.5,100,75.2,75.9,807.0,44.0,22.0,45.1
2025-02-05 08:00:00,2025,2,5,8,Hà Nội,Xã Tây Phương,21.0403672,105.6115528,151,Unhealthy,3,13.8,92,0.3,3.5,105,1018.3,100,71.2,71.9,814.0,41.7,30.0,47.8
2025-02-05 09:00:00,2025,2,5,9,Hà Nội,Xã Tây Phương,21.0403672,105.6115528,153,Unhealthy,3,14.4,89,0.2,3.8,115,1018.8,100,67.8,68.7,797.0,38.5,42.0,51.2
2025-02-05 10:00:00,2025,2,5,10,Hà Nội,Xã Tây Phương,21.0403672,105.6115528,154,Unhealthy,3,15.4,82,0.0,5.4,111,1018.7,100,64.5,65.4,752.0,35.4,53.0,52.4
2025-02-05 11:00:00,2025,2,5,11,Hà Nội,Xã Tây Phương,21.0403672,105.6115528,154,Unhealthy,3,16.4,76,0.1,6.7,121,1017.8,97,60.3,61.5,657.0,32.4,61.0,48.9
2025-02-05 12:00:00,2025,2,5,12,Hà Nội,Xã Tây Phương,21.0403672,105.6115528,155,Unhealthy,3,18.5,66,0.2,10.9,142,1016.2,100,55.2,56.5,535.0,29.5,68.0,43.1
2025-02-05 13:00:00,2025,2,5,13,Hà Nội,Xã Tây Phương,21.0403672,105.6115528,156,Unhealthy,3,19.2,61,0.0,13.2,150,1014.5,100,62.4,63.6,454.0,28.1,73.0,39.0
2025-02-05 14:00:00,2025,2,5,14,Hà Nội,Xã Tây Phương,21.0403672,105.6115528,156,Unhealthy,3,19.6,60,0.0,14.8,154,1013.2,100,61.5,62.9,445.0,28.3,75.0,38.4
2025-02-05 15:00:00,2025,2,5,15,Hà Nội,Xã Tây Phương,21.0403672,105.6115528,157,Unhealthy,3,19.6,60,0.0,14.0,158,1012.4,100,67.3,68.7,478.0,29.8,75.0,39.4
2025-02-05 16:00:00,2025,2,5,16,Hà Nội,Xã Tây Phương,21.0403672,105.6115528,158,Unhealthy,3,19.6,61,0.0,12.9,140,1012.1,100,66.8,68.2,530.0,33.7,70.0,40.7
2025-02-05 17:00:00,2025,2,5,17,Hà Nội,Xã Tây Phương,21.0403672,105.6115528,158,Unhealthy,3,19.0,67,0.0,12.7,113,1012.6,99,68.9,70.1,613.0,41.6,58.0,41.8
2025-02-05 18:00:00,2025,2,5,18,Hà Nội,Xã Tây Phương,21.0403672,105.6115528,159,Unhealthy,3,18.2,73,0.0,10.2,97,1013.1,100,75.9,76.8,715.0,51.8,42.0,43.2
2025-02-05 19:00:00,2025,2,5,19,Hà Nội,Xã Tây Phương,21.0403672,105.6115528,159,Unhealthy,3,17.6,77,0.0,9.8,95,1013.6,100,73.3,74.0,775.0,61.3,24.0,46.8
2025-02-05 20:00:00,2025,2,5,20,Hà Nội,Xã Tây Phương,21.0403672,105.6115528,159,Unhealthy,3,16.9,80,0.0,9.7,106,1014.9,100,74.5,75.2,758.0,61.0,21.0,47.5
2025-02-05 21:00:00,2025,2,5,21,Hà Nội,Xã Tây Phương,21.0403672,105.6115528,159,Unhealthy,3,16.7,83,0.0,9.0,120,1015.6,100,78.5,78.9,699.0,60.5,18.0,48.4
2025-02-05 22:00:00,2025,2,5,22,Hà Nội,Xã Tây Phương,21.0403672,105.6115528,159,Unhealthy,3,16.5,84,0.0,7.7,131,1015.9,100,86.1,86.8,645.0,59.8,15.0,49.2
2025-02-05 23:00:00,2025,2,5,23,Hà Nội,Xã Tây Phương,21.0403672,105.6115528,159,Unhealthy,3,16.3,85,0.0,7.1,144,1015.7,100,90.6,91.3,610.0,58.9,14.0,49.6
2025-02-06 00:00:00,2025,2,6,0,Hà Nội,Xã Tây Phương,21.0403672,105.6115528,159,Unhealthy,3,16.1,87,0.0,5.8,146,1015.6,100,88.0,88.7,579.0,57.9,13.0,49.8
2025-02-06 01:00:00,2025,2,6,1,Hà Nội,Xã Tây Phương,21.0403672,105.6115528,159,Unhealthy,3,15.9,88,0.0,5.7,143,1014.9,100,87.1,87.8,556.0,56.8,12.0,49.9
2025-02-06 02:00:00,2025,2,6,2,Hà Nội,Xã Tây Phương,21.0403672,105.6115528,159,Unhealthy,3,15.9,89,0.0,4.7,140,1014.5,100,85.0,85.4,537.0,55.5,11.0,49.6
2025-02-06 03:00:00,2025,2,6,3,Hà Nội,Xã Tây Phương,21.0403672,105.6115528,159,Unhealthy,3,15.8,90,0.1,4.2,137,1014.0,100,83.6,84.3,525.0,54.2,10.0,49.2
2025-02-06 04:00:00,2025,2,6,4,Hà Nội,Xã Tây Phương,21.0403672,105.6115528,160,Unhealthy,3,15.8,91,0.1,4.6,116,1013.7,100,82.7,83.4,530.0,53.3,9.0,49.8
2025-02-06 05:00:00,2025,2,6,5,Hà Nội,Xã Tây Phương,21.0403672,105.6115528,160,Unhealthy,3,15.7,92,0.1,4.2,108,1013.9,100,81.7,82.4,567.0,53.3,7.0,52.0
2025-02-06 06:00:00,2025,2,6,6,Hà Nội,Xã Tây Phương,21.0403672,105.6115528,160,Unhealthy,3,15.7,93,0.1,4.3,114,1014.4,100,82.2,82.7,622.0,53.8,5.0,55.3
2025-02-06 07:00:00,2025,2,6,7,Hà Nội,Xã Tây Phương,21.0403672,105.6115528,160,Unhealthy,3,15.7,95,0.1,3.8,121,1014.6,100,83.1,83.6,656.0,51.7,4.0,54.4
2025-02-06 08:00:00,2025,2,6,8,Hà Nội,Xã Tây Phương,21.0403672,105.6115528,160,Unhealthy,3,15.4,96,0.2,3.6,110,1016.3,100,83.1,83.6,652.0,50.2,7.0,58.5
2025-02-06 09:00:00,2025,2,6,9,Hà Nội,Xã Tây Phương,21.0403672,105.6115528,160,Unhealthy,3,15.9,93,0.1,3.8,149,1016.8,100,74.5,75.0,627.0,48.1,11.0,64.1
2025-02-06 10:00:00,2025,2,6,10,Hà Nội,Xã Tây Phương,21.0403672,105.6115528,161,Unhealthy,3,16.3,89,0.1,5.5,142,1016.8,100,68.0,68.5,602.0,46.0,16.0,67.0
2025-02-06 11:00:00,2025,2,6,11,Hà Nội,Xã Tây Phương,21.0403672,105.6115528,161,Unhealthy,3,17.2,85,0.0,7.1,139,1016.1,100,60.5,61.0,582.0,43.8,22.0,64.9
2025-02-06 12:00:00,2025,2,6,12,Hà Nội,Xã Tây Phương,21.0403672,105.6115528,161,Unhealthy,3,17.9,82,0.0,8.2,140,1014.9,100,53.6,54.1,562.0,41.5,29.0,60.2
2025-02-06 13:00:00,2025,2,6,13,Hà Nội,Xã Tây Phương,21.0403672,105.6115528,161,Unhealthy,3,18.9,78,0.0,9.4,135,1013.4,100,47.8,48.3,543.0,40.4,34.0,56.1
2025-02-06 14:00:00,2025,2,6,14,Hà Nội,Xã Tây Phương,21.0403672,105.6115528,160,Unhealthy,3,21.0,70,0.0,10.2,139,1012.0,100,43.4,43.9,496.0,40.8,37.0,53.8
2025-02-06 15:00:00,2025,2,6,15,Hà Nội,Xã Tây Phương,21.0403672,105.6115528,160,Unhealthy,3,21.3,70,0.0,10.8,133,1011.1,100,42.8,43.2,449.0,42.2,39.0,52.0
2025-02-06 16:00:00,2025,2,6,16,Hà Nội,Xã Tây Phương,21.0403672,105.6115528,159,Unhealthy,3,21.2,70,0.0,10.6,113,1010.9,100,42.3,42.6,490.0,44.9,37.0,50.7
2025-02-06 17:00:00,2025,2,6,17,Hà Nội,Xã Tây Phương,21.0403672,105.6115528,159,Unhealthy,3,20.9,73,0.0,9.4,101,1011.3,93,43.4,43.7,728.0,50.4,29.0,49.9
2025-02-06 18:00:00,2025,2,6,18,Hà Nội,Xã Tây Phương,21.0403672,105.6115528,158,Unhealthy,3,19.9,80,0.0,7.5,57,1012.1,97,48.4,48.8,1053.0,57.2,18.0,49.5
2025-02-06 19:00:00,2025,2,6,19,Hà Nội,Xã Tây Phương,21.0403672,105.6115528,158,Unhealthy,3,18.6,85,0.1,13.6,46,1013.2,100,36.0,36.1,1227.0,56.1,14.0,46.6
2025-02-06 20:00:00,2025,2,6,20,Hà Nội,Xã Tây Phương,21.0403672,105.6115528,157,Unhealthy,3,17.3,87,0.1,14.5,42,1013.9,100,36.2,36.2,1098.0,50.5,16.0,45.3
2025-02-06 21:00:00,2025,2,6,21,Hà Nội,Xã Tây Phương,21.0403672,105.6115528,156,Unhealthy,3,16.5,82,0.0,16.9,47,1014.8,100,33.2,33.2,817.0,42.5,19.0,43.4
2025-02-06 22:00:00,2025,2,6,22,Hà Nội,Xã Tây Phương,21.0403672,105.6115528,155,Unhealthy,3,16.1,79,0.0,14.6,51,1015.6,100,31.2,31.2,600.0,35.1,22.0,40.9
2025-02-06 23:00:00,2025,2,6,23,Hà Nội,Xã Tây Phương,21.0403672,105.6115528,154,Unhealthy,3,15.6,78,0.0,11.9,58,1016.3,100,29.5,29.6,536.0,29.0,26.0,37.4
2025-02-07 00:00:00,2025,2,7,0,Hà Nội,Xã Tây Phương,21.0403672,105.6115528,153,Unhealthy,3,15.2,81,0.2,10.8,60,1017.1,100,27.9,27.9,536.0,23.5,30.0,33.2
2025-02-07 01:00:00,2025,2,7,1,Hà Nội,Xã Tây Phương,21.0403672,105.6115528,151,Unhealthy,3,14.6,86,0.4,15.1,50,1017.6,100,27.2,27.2,547.0,19.0,35.0,29.4
2025-02-07 02:00:00,2025,2,7,2,Hà Nội,Xã Tây Phương,21.0403672,105.6115528,150,Unhealthy for Sensitive Groups,2,13.9,88,0.3,17.7,47,1017.5,100,26.2,26.3,556.0,15.7,40.0,26.0
2025-02-07 03:00:00,2025,2,7,3,Hà Nội,Xã Tây Phương,21.0403672,105.6115528,143,Unhealthy for Sensitive Groups,2,13.4,91,0.3,15.7,43,1017.8,100,24.2,24.3,576.0,13.5,44.0,22.8
2025-02-07 04:00:00,2025,2,7,4,Hà Nội,Xã Tây Phương,21.0403672,105.6115528,137,Unhealthy for Sensitive Groups,2,13.1,91,0.5,14.6,45,1018.2,100,21.6,21.7,593.0,12.3,48.0,20.8
2025-02-07 05:00:00,2025,2,7,5,Hà Nội,Xã Tây Phương,21.0403672,105.6115528,131,Unhealthy for Sensitive Groups,2,12.9,92,0.9,14.8,42,1018.8,100,19.3,19.3,604.0,12.4,49.0,20.2
2025-02-07 06:00:00,2025,2,7,6,Hà Nội,Xã Tây Phương,21.0403672,105.6115528,124,Unhealthy for Sensitive Groups,2,12.8,91,1.1,14.5,31,1019.8,100,17.6,17.7,612.0,13.5,50.0,20.6
2025-02-07 07:00:00,2025,2,7,7,Hà Nội,Xã Tây Phương,21.0403672,105.6115528,118,Unhealthy for Sensitive Groups,2,12.6,90,0.7,13.3,35,1020.7,100,19.2,19.2,614.0,13.8,51.0,20.8
2025-02-07 08:00:00,2025,2,7,8,Hà Nội,Xã Tây Phương,21.0403672,105.6115528,111,Unhealthy for Sensitive Groups,2,12.9,91,0.7,12.9,30,1021.8,100,19.7,19.7,607.0,14.7,52.0,23.2
2025-02-07 09:00:00,2025,2,7,9,Hà Nội,Xã Tây Phương,21.0403672,105.6115528,104,Unhealthy for Sensitive Groups,2,13.6,85,0.2,13.8,27,1022.9,100,18.2,18.3,594.0,15.8,53.0,26.4
2025-02-07 10:00:00,2025,2,7,10,Hà Nội,Xã Tây Phương,21.0403672,105.6115528,99,Moderate,1,14.2,76,0.0,13.5,16,1023.5,100,18.1,18.3,582.0,16.0,56.0,28.2
2025-02-07 11:00:00,2025,2,7,11,Hà Nội,Xã Tây Phương,21.0403672,105.6115528,94,Moderate,1,15.1,66,0.0,13.4,20,1023.0,100,15.0,15.0,572.0,14.5,62.0,27.3
2025-02-07 12:00:00,2025,2,7,12,Hà Nội,Xã Tây Phương,21.0403672,105.6115528,90,Moderate,1,16.2,61,0.0,13.1,25,1022.1,100,14.2,14.3,563.0,12.0,69.0,25.0
2025-02-07 13:00:00,2025,2,7,13,Hà Nội,Xã Tây Phương,21.0403672,105.6115528,87,Moderate,1,17.0,59,0.0,13.1,27,1020.9,100,13.3,13.4,560.0,10.4,75.0,23.2
2025-02-07 14:00:00,2025,2,7,14,Hà Nội,Xã Tây Phương,21.0403672,105.6115528,84,Moderate,1,17.2,58,0.0,13.5,30,1019.9,100,13.0,13.0,555.0,10.0,78.0,22.3
2025-02-07 15:00:00,2025,2,7,15,Hà Nội,Xã Tây Phương,21.0403672,105.6115528,81,Moderate,1,17.5,56,0.0,13.0,37,1019.3,100,12.1,12.1,556.0,10.3,80.0,21.8
2025-02-07 16:00:00,2025,2,7,16,Hà Nội,Xã Tây Phương,21.0403672,105.6115528,78,Moderate,1,16.9,57,0.0,12.0,43,1019.4,100,12.1,12.2,586.0,11.7,78.0,22.1
2025-02-07 17:00:00,2025,2,7,17,Hà Nội,Xã Tây Phương,21.0403672,105.6115528,76,Moderate,1,16.5,58,0.0,10.4,54,1020.0,100,13.0,13.1,685.0,15.3,71.0,23.8
2025-02-07 18:00:00,2025,2,7,18,Hà Nội,Xã Tây Phương,21.0403672,105.6115528,73,Moderate,1,16.1,60,0.0,8.5,66,1020.8,100,16.2,16.2,814.0,19.9,61.0,26.2
2025-02-07 19:00:00,2025,2,7,19,Hà Nội,Xã Tây Phương,21.0403672,105.6115528,70,Moderate,1,15.9,60,0.0,9.2,62,1021.4,100,17.5,17.5,880.0,19.5,56.0,25.4
2025-02-07 20:00:00,2025,2,7,20,Hà Nội,Xã Tây Phương,21.0403672,105.6115528,68,Moderate,1,14.9,65,0.0,12.9,49,1022.3,100,17.3,17.3,819.0,18.4,57.0,25.1
2025-02-07 21:00:00,2025,2,7,21,Hà Nội,Xã Tây Phương,21.0403672,105.6115528,67,Moderate,1,14.6,64,0.0,14.9,47,1022.9,100,17.1,17.1,694.0,16.9,58.0,24.7
2025-02-07 22:00:00,2025,2,7,22,Hà Nội,Xã Tây Phương,21.0403672,105.6115528,65,Moderate,1,14.2,63,0.0,14.1,44,1023.8,100,16.1,16.1,605.0,15.2,60.0,23.8
2025-02-07 23:00:00,2025,2,7,23,Hà Nội,Xã Tây Phương,21.0403672,105.6115528,64,Moderate,1,13.8,64,0.0,13.5,45,1023.7,100,14.2,14.2,604.0,13.1,63.0,22.0
2025-02-08 00:00:00,2025,2,8,0,Hà Nội,Xã Tây Phương,21.0403672,105.6115528,63,Moderate,1,13.2,68,0.0,12.1,40,1023.6,100,13.7,13.8,638.0,10.8,66.0,19.8
2025-02-08 01:00:00,2025,2,8,1,Hà Nội,Xã Tây Phương,21.0403672,105.6115528,61,Moderate,1,12.8,71,0.0,10.1,33,1023.3,100,14.0,14.1,646.0,9.3,68.0,18.4
2025-02-08 02:00:00,2025,2,8,2,Hà Nội,Xã Tây Phương,21.0403672,105.6115528,60,Moderate,1,12.4,73,0.0,10.9,31,1022.8,100,17.5,17.6,588.0,8.9,67.0,18.3
2025-02-08 03:00:00,2025,2,8,3,Hà Nội,Xã Tây Phương,21.0403672,105.6115528,59,Moderate,1,12.0,73,0.0,11.9,25,1022.4,100,17.9,18.0,505.0,9.3,65.0,19.1
2025-02-08 04:00:00,2025,2,8,4,Hà Nội,Xã Tây Phương,21.0403672,105.6115528,59,Moderate,1,11.6,75,0.1,11.9,30,1022.6,100,19.1,19.2,452.0,10.2,63.0,20.3
2025-02-08 05:00:00,2025,2,8,5,Hà Nội,Xã Tây Phương,21.0403672,105.6115528,59,Moderate,1,11.4,79,0.3,12.7,32,1023.1,100,20.2,20.4,461.0,12.0,60.0,22.2
2025-02-08 06:00:00,2025,2,8,6,Hà Nội,Xã Tây Phương,21.0403672,105.6115528,59,Moderate,1,11.1,82,0.3,13.4,36,1024.0,100,22.5,22.8,502.0,14.3,57.0,24.6
2025-02-08 07:00:00,2025,2,8,7,Hà Nội,Xã Tây Phương,21.0403672,105.6115528,59,Moderate,1,10.9,83,0.1,12.4,34,1024.9,100,23.1,23.6,539.0,16.2,54.0,26.2
2025-02-08 08:00:00,2025,2,8,8,Hà Nội,Xã Tây Phương,21.0403672,105.6115528,59,Moderate,1,11.7,78,0.0,11.6,35,1026.2,100,24.4,25.4,563.0,15.2,56.0,26.1
2025-02-08 09:00:00,2025,2,8,9,Hà Nội,Xã Tây Phương,21.0403672,105.6115528,60,Moderate,1,12.2,69,0.0,12.2,44,1027.3,100,26.3,27.9,584.0,13.6,60.0,26.0
2025-02-08 10:00:00,2025,2,8,10,Hà Nội,Xã Tây Phương,21.0403672,105.6115528,61,Moderate,1,12.6,65,0.0,12.2,43,1027.6,100,27.6,30.0,592.0,12.0,65.0,25.6
2025-02-08 11:00:00,2025,2,8,11,Hà Nội,Xã Tây Phương,21.0403672,105.6115528,61,Moderate,1,13.6,60,0.0,13.2,34,1026.8,100,28.5,31.3,581.0,10.1,71.0,24.6
2025-02-08 12:00:00,2025,2,8,12,Hà Nội,Xã Tây Phương,21.0403672,105.6115528,63,Moderate,1,14.1,58,0.0,13.3,35,1025.6,100,28.9,32.1,558.0,8.1,79.0,23.4
2025-02-08 13:00:00,2025,2,8,13,Hà Nội,Xã Tây Phương,21.0403672,105.6115528,64,Moderate,1,14.4,57,0.0,11.7,31,1024.1,100,30.2,33.5,537.0,6.7,86.0,22.5
2025-02-08 14:00:00,2025,2,8,14,Hà Nội,Xã Tây Phương,21.0403672,105.6115528,65,Moderate,1,15.2,55,0.0,11.0,38,1022.5,100,31.7,35.2,507.0,4.9,95.0,21.6
2025-02-08 15:00:00,2025,2,8,15,Hà Nội,Xã Tây Phương,21.0403672,105.6115528,67,Moderate,1,15.8,53,0.0,10.6,47,1021.5,100,32.2,35.6,478.0,3.8,105.0,21.0
2025-02-08 16:00:00,2025,2,8,16,Hà Nội,Xã Tây Phương,21.0403672,105.6115528,69,Moderate,1,16.0,52,0.0,10.0,57,1021.2,100,33.1,36.3,502.0,7.4,105.0,22.8
2025-02-08 17:00:00,2025,2,8,17,Hà Nội,Xã Tây Phương,21.0403672,105.6115528,71,Moderate,1,15.8,51,0.0,10.5,61,1021.2,100,34.2,37.6,612.0,20.1,89.0,28.8
2025-02-08 18:00:00,2025,2,8,18,Hà Nội,Xã Tây Phương,21.0403672,105.6115528,73,Moderate,1,15.1,54,0.0,7.8,58,1021.7,100,48.8,51.9,773.0,37.5,65.0,37.1
2025-02-08 19:00:00,2025,2,8,19,Hà Nội,Xã Tây Phương,21.0403672,105.6115528,76,Moderate,1,14.7,55,0.0,5.9,67,1022.3,100,48.4,51.2,932.0,25.1,57.0,32.0
2025-02-08 20:00:00,2025,2,8,20,Hà Nội,Xã Tây Phương,21.0403672,105.6115528,78,Moderate,1,14.4,59,0.0,8.0,81,1023.8,100,53.6,56.3,1093.0,24.2,57.0,33.2
2025-02-08 21:00:00,2025,2,8,21,Hà Nội,Xã Tây Phương,21.0403672,105.6115528,81,Moderate,1,14.1,59,0.0,9.4,90,1024.5,100,52.7,55.4,1251.0,22.8,57.0,34.7
2025-02-08 22:00:00,2025,2,8,22,Hà Nội,Xã Tây Phương,21.0403672,105.6115528,85,Moderate,1,13.8,59,0.0,8.3,92,1024.9,100,50.3,53.2,1344.0,21.1,57.0,35.0
2025-02-08 23:00:00,2025,2,8,23,Hà Nội,Xã Tây Phương,21.0403672,105.6115528,88,Moderate,1,13.4,58,0.0,6.2,78,1025.1,100,47.6,50.6,1344.0,18.7,58.0,33.0
2025-02-09 00:00:00,2025,2,9,0,Hà Nội,Xã Tây Phương,21.0403672,105.6115528,91,Moderate,1,13.3,58,0.0,4.6,54,1025.2,100,43.5,46.7,1279.0,15.8,60.0,29.7
2025-02-09 01:00:00,2025,2,9,1,Hà Nội,Xã Tây Phương,21.0403672,105.6115528,93,Moderate,1,13.1,57,0.0,6.4,45,1024.9,100,39.7,43.1,1166.0,13.5,61.0,26.7
2025-02-09 02:00:00,2025,2,9,2,Hà Nội,Xã Tây Phương,21.0403672,105.6115528,96,Moderate,1,12.9,55,0.0,8.3,44,1024.0,100,36.2,40.0,978.0,11.8,62.0,24.3
2025-02-09 03:00:00,2025,2,9,3,Hà Nội,Xã Tây Phương,21.0403672,105.6115528,97,Moderate,1,13.0,52,0.0,9.3,46,1023.5,100,34.7,38.9,742.0,10.6,62.0,22.2
2025-02-09 04:00:00,2025,2,9,4,Hà Nội,Xã Tây Phương,21.0403672,105.6115528,99,Moderate,1,12.9,50,0.0,10.5,39,1023.2,100,34.7,39.3,564.0,10.4,62.0,21.1
2025-02-09 05:00:00,2025,2,9,5,Hà Nội,Xã Tây Phương,21.0403672,105.6115528,100,Moderate,1,12.7,47,0.0,12.0,35,1023.2,100,35.6,40.7,496.0,12.0,59.0,21.9
2025-02-09 06:00:00,2025,2,9,6,Hà Nội,Xã Tây Phương,21.0403672,105.6115528,102,Unhealthy for Sensitive Groups,2,12.5,45,0.0,11.9,31,1023.6,100,37.1,42.6,484.0,14.7,55.0,23.7
2025-02-09 07:00:00,2025,2,9,7,Hà Nội,Xã Tây Phương,21.0403672,105.6115528,103,Unhealthy for Sensitive Groups,2,12.4,45,0.0,10.9,29,1024.2,100,57.5,63.3,477.0,12.6,59.0,24.5
2025-02-09 08:00:00,2025,2,9,8,Hà Nội,Xã Tây Phương,21.0403672,105.6115528,107,Unhealthy for Sensitive Groups,2,12.6,50,0.0,10.6,40,1025.3,100,56.2,61.9,454.0,12.6,60.0,25.2
2025-02-09 09:00:00,2025,2,9,9,Hà Nội,Xã Tây Phương,21.0403672,105.6115528,110,Unhealthy for Sensitive Groups,2,13.1,48,0.0,9.8,40,1026.2,100,53.6,59.0,435.0,12.5,62.0,26.2
2025-02-09 10:00:00,2025,2,9,10,Hà Nội,Xã Tây Phương,21.0403672,105.6115528,113,Unhealthy for Sensitive Groups,2,13.3,48,0.0,9.0,47,1025.9,100,52.2,57.2,423.0,12.5,65.0,27.4
2025-02-09 11:00:00,2025,2,9,11,Hà Nội,Xã Tây Phương,21.0403672,105.6115528,116,Unhealthy for Sensitive Groups,2,13.8,49,0.0,7.3,50,1024.8,100,51.5,56.1,420.0,12.5,70.0,28.9
2025-02-09 12:00:00,2025,2,9,12,Hà Nội,Xã Tây Phương,21.0403672,105.6115528,118,Unhealthy for Sensitive Groups,2,14.6,49,0.0,5.7,55,1023.5,100,51.8,56.6,424.0,12.4,76.0,30.5
2025-02-09 13:00:00,2025,2,9,13,Hà Nội,Xã Tây Phương,21.0403672,105.6115528,120,Unhealthy for Sensitive Groups,2,15.0,49,0.0,4.3,45,1021.5,100,53.1,58.0,432.0,12.6,81.0,32.1
2025-02-09 14:00:00,2025,2,9,14,Hà Nội,Xã Tây Phương,21.0403672,105.6115528,123,Unhealthy for Sensitive Groups,2,15.8,49,0.0,4.2,54,1019.7,100,54.5,59.3,420.0,11.7,87.0,33.0
2025-02-09 15:00:00,2025,2,9,15,Hà Nội,Xã Tây Phương,21.0403672,105.6115528,125,Unhealthy for Sensitive Groups,2,16.3,50,0.0,4.6,69,1018.6,4,55.4,60.1,411.0,11.1,92.0,33.8
2025-02-09 16:00:00,2025,2,9,16,Hà Nội,Xã Tây Phương,21.0403672,105.6115528,128,Unhealthy for Sensitive Groups,2,16.6,50,0.0,5.2,78,1018.1,10,56.0,60.5,475.0,14.5,91.0,36.2
2025-02-09 17:00:00,2025,2,9,17,Hà Nội,Xã Tây Phương,21.0403672,105.6115528,130,Unhealthy for Sensitive Groups,2,16.1,52,0.0,6.5,88,1018.2,6,57.7,62.2,690.0,25.2,78.0,40.7
2025-02-09 18:00:00,2025,2,9,18,Hà Nội,Xã Tây Phương,21.0403672,105.6115528,132,Unhealthy for Sensitive Groups,2,14.3,61,0.0,7.4,90,1018.7,7,70.5,75.0,978.0,40.0,58.0,46.7
2025-02-09 19:00:00,2025,2,9,19,Hà Nội,Xã Tây Phương,21.0403672,105.6115528,135,Unhealthy for Sensitive Groups,2,13.4,64,0.0,6.3,108,1019.4,12,94.3,99.2,1173.0,55.0,35.0,53.6
2025-02-09 20:00:00,2025,2,9,20,Hà Nội,Xã Tây Phương,21.0403672,105.6115528,139,Unhealthy for Sensitive Groups,2,13.2,66,0.0,6.1,118,1020.4,9,110.6,115.5,1188.0,61.4,28.0,62.5
2025-02-09 21:00:00,2025,2,9,21,Hà Nội,Xã Tây Phương,21.0403672,105.6115528,145,Unhealthy for Sensitive Groups,2,12.3,70,0.0,5.6,135,1020.8,7,119.0,123.4,1109.0,70.2,17.0,74.7
2025-02-09 22:00:00,2025,2,9,22,Hà Nội,Xã Tây Phương,21.0403672,105.6115528,150,Unhealthy for Sensitive Groups,2,11.8,73,0.0,5.2,149,1021.1,4,135.0,139.7,1036.0,76.8,9.0,83.6
2025-02-09 23:00:00,2025,2,9,23,Hà Nội,Xã Tây Phương,21.0403672,105.6115528,152,Unhealthy,3,11.3,76,0.0,4.1,167,1020.6,3,148.5,153.2,998.0,79.2,5.0,86.4
2025-02-10 00:00:00,2025,2,10,0,Hà Nội,Xã Tây Phương,21.0403672,105.6115528,155,Unhealthy,3,11.1,75,0.0,2.3,225,1020.4,7,155.1,159.3,965.0,79.4,3.0,86.0
2025-02-10 01:00:00,2025,2,10,1,Hà Nội,Xã Tây Phương,21.0403672,105.6115528,157,Unhealthy,3,10.9,76,0.0,1.3,225,1020.0,0,153.7,158.3,941.0,78.1,2.0,84.1
2025-02-10 02:00:00,2025,2,10,2,Hà Nội,Xã Tây Phương,21.0403672,105.6115528,159,Unhealthy,3,10.8,77,0.0,0.4,270,1019.4,2,149.0,153.7,915.0,74.9,2.0,80.2
2025-02-10 03:00:00,2025,2,10,3,Hà Nội,Xã Tây Phương,21.0403672,105.6115528,162,Unhealthy,3,10.4,78,0.0,1.3,82,1018.8,6,146.7,151.3,898.0,70.2,2.0,75.0
2025-02-10 04:00:00,2025,2,10,4,Hà Nội,Xã Tây Phương,21.0403672,105.6115528,164,Unhealthy,3,10.0,81,0.0,3.1,90,1018.7,7,146.2,150.9,929.0,66.0,3.0,71.8
2025-02-10 05:00:00,2025,2,10,5,Hà Nội,Xã Tây Phương,21.0403672,105.6115528,167,Unhealthy,3,9.6,88,0.0,3.9,77,1018.8,5,146.2,150.9,1072.0,63.5,3.0,72.7
2025-02-10 06:00:00,2025,2,10,6,Hà Nội,Xã Tây Phương,21.0403672,105.6115528,169,Unhealthy,3,9.4,90,0.0,3.9,74,1019.7,14,147.1,151.8,1263.0,61.6,4.0,75.8
2025-02-10 07:00:00,2025,2,10,7,Hà Nội,Xã Tây Phương,21.0403672,105.6115528,172,Unhealthy,3,9.8,91,0.0,3.1,50,1020.5,32,142.5,146.2,1346.0,63.0,3.0,76.0
2025-02-10 08:00:00,2025,2,10,8,Hà Nội,Xã Tây Phương,21.0403672,105.6115528,174,Unhealthy,3,12.4,78,0.0,2.2,48,1022.2,100,133.6,136.9,1226.0,56.8,11.0,76.1
2025-02-10 09:00:00,2025,2,10,9,Hà Nội,Xã Tây Phương,21.0403672,105.6115528,175,Unhealthy,3,13.7,72,0.0,1.8,37,1022.9,100,109.0,112.2,998.0,48.1,23.0,76.0
2025-02-10 10:00:00,2025,2,10,10,Hà Nội,Xã Tây Phương,21.0403672,105.6115528,176,Unhealthy,3,14.8,67,0.0,1.5,36,1023.0,100,89.4,92.4,795.0,40.2,37.0,73.3
2025-02-10 11:00:00,2025,2,10,11,Hà Nội,Xã Tây Phương,21.0403672,105.6115528,177,Unhealthy,3,16.1,62,0.0,1.5,60,1021.9,100,76.1,78.9,657.0,34.1,53.0,65.7
2025-02-10 12:00:00,2025,2,10,12,Hà Nội,Xã Tây Phương,21.0403672,105.6115528,178,Unhealthy,3,17.1,61,0.0,1.0,112,1020.6,89,69.6,72.2,544.0,28.8,71.0,55.6
2025-02-10 13:00:00,2025,2,10,13,Hà Nội,Xã Tây Phương,21.0403672,105.6115528,178,Unhealthy,3,18.8,57,0.0,4.3,178,1018.9,100,65.2,67.5,463.0,25.4,86.0,47.7
2025-02-10 14:00:00,2025,2,10,14,Hà Nội,Xã Tây Phương,21.0403672,105.6115528,178,Unhealthy,3,19.3,57,0.0,9.8,154,1017.5,99,63.1,65.2,410.0,23.0,98.0,43.8
2025-02-10 15:00:00,2025,2,10,15,Hà Nội,Xã Tây Phương,21.0403672,105.6115528,179,Unhealthy,3,19.6,56,0.0,10.0,144,1016.7,100,62.9,65.0,389.0,22.4,107.0,42.1
2025-02-10 16:00:00,2025,2,10,16,Hà Nội,Xã Tây Phương,21.0403672,105.6115528,179,Unhealthy,3,19.6,57,0.0,10.6,146,1016.2,100,62.4,64.3,420.0,26.9,105.0,42.5
2025-02-10 17:00:00,2025,2,10,17,Hà Nội,Xã Tây Phương,21.0403672,105.6115528,179,Unhealthy,3,19.2,59,0.0,10.5,147,1016.1,100,63.3,65.2,552.0,40.8,86.0,45.8
2025-02-10 18:00:00,2025,2,10,18,Hà Nội,Xã Tây Phương,21.0403672,105.6115528,179,Unhealthy,3,18.5,62,0.0,7.4,131,1016.2,54,81.3,82.9,736.0,59.8,56.0,51.2
2025-02-10 19:00:00,2025,2,10,19,Hà Nội,Xã Tây Phương,21.0403672,105.6115528,179,Unhealthy,3,17.1,70,0.0,8.8,123,1016.7,5,89.4,90.6,845.0,60.6,31.0,42.8
2025-02-10 20:00:00,2025,2,10,20,Hà Nội,Xã Tây Phương,21.0403672,105.6115528,179,Unhealthy,3,14.9,80,0.0,8.3,95,1017.3,7,95.5,96.6,802.0,62.1,26.0,44.1
2025-02-10 21:00:00,2025,2,10,21,Hà Nội,Xã Tây Phương,21.0403672,105.6115528,179,Unhealthy,3,14.4,88,0.0,10.7,126,1017.7,13,99.9,101.0,683.0,64.2,19.0,45.9
2025-02-10 22:00:00,2025,2,10,22,Hà Nội,Xã Tây Phương,21.0403672,105.6115528,178,Unhealthy,3,13.8,92,0.0,9.8,150,1018.2,3,102.2,103.1,592.0,65.3,14.0,47.1
2025-02-10 23:00:00,2025,2,10,23,Hà Nội,Xã Tây Phương,21.0403672,105.6115528,178,Unhealthy,3,13.2,94,0.0,6.9,165,1018.2,12,99.7,100.8,569.0,64.6,13.0,46.8
2025-02-11 00:00:00,2025,2,11,0,Hà Nội,Xã Tây Phương,21.0403672,105.6115528,177,Unhealthy,3,12.8,95,0.0,5.1,163,1018.1,15,99.0,100.4,574.0,62.9,15.0,46.0
2025-02-11 01:00:00,2025,2,11,1,Hà Nội,Xã Tây Phương,21.0403672,105.6115528,175,Unhealthy,3,12.4,95,0.0,3.6,153,1017.6,19,101.0,102.7,583.0,61.4,16.0,45.8
2025-02-11 02:00:00,2025,2,11,2,Hà Nội,Xã Tây Phương,21.0403672,105.6115528,174,Unhealthy,3,12.2,96,0.0,3.1,149,1017.1,26,102.0,103.6,587.0,60.5,16.0,46.9
2025-02-11 03:00:00,2025,2,11,3,Hà Nội,Xã Tây Phương,21.0403672,105.6115528,173,Unhealthy,3,12.0,97,0.0,2.1,149,1016.1,60,105.0,106.6,596.0,59.9,15.0,48.7
2025-02-11 04:00:00,2025,2,11,4,Hà Nội,Xã Tây Phương,21.0403672,105.6115528,172,Unhealthy,3,11.7,99,0.0,0.6,198,1015.7,67,109.7,111.3,617.0,59.5,14.0,50.9
2025-02-11 05:00:00,2025,2,11,5,Hà Nội,Xã Tây Phương,21.0403672,105.6115528,172,Unhealthy,3,11.4,100,0.0,0.7,180,1015.9,100,114.6,116.2,673.0,60.0,10.0,53.8
2025-02-11 06:00:00,2025,2,11,6,Hà Nội,Xã Tây Phương,21.0403672,105.6115528,171,Unhealthy,3,12.4,98,0.0,1.7,238,1016.4,100,121.1,122.5,743.0,60.7,5.0,57.2
2025-02-11 07:00:00,2025,2,11,7,Hà Nội,Xã Tây Phương,21.0403672,105.6115528,170,Unhealthy,3,12.8,97,0.0,2.0,225,1017.1,100,98.3,99.9,765.0,56.4,13.0,51.9
2025-02-11 08:00:00,2025,2,11,8,Hà Nội,Xã Tây Phương,21.0403672,105.6115528,169,Unhealthy,3,14.5,90,0.0,1.7,193,1018.1,100,83.8,85.4,701.0,50.9,27.0,51.5
2025-02-11 09:00:00,2025,2,11,9,Hà Nội,Xã Tây Phương,21.0403672,105.6115528,168,Unhealthy,3,16.3,84,0.0,4.5,157,1018.8,100,71.5,73.1,591.0,43.2,47.0,50.7
2025-02-11 10:00:00,2025,2,11,10,Hà Nội,Xã Tây Phương,21.0403672,105.6115528,167,Unhealthy,3,17.5,79,0.0,8.1,155,1018.8,100,56.7,58.4,492.0,36.5,64.0,49.3
2025-02-11 11:00:00,2025,2,11,11,Hà Nội,Xã Tây Phương,21.0403672,105.6115528,167,Unhealthy,3,19.3,71,0.0,10.9,173,1018.1,100,54.4,55.9,423.0,32.3,73.0,47.1
2025-02-11 12:00:00,2025,2,11,12,Hà Nội,Xã Tây Phương,21.0403672,105.6115528,166,Unhealthy,3,20.6,66,0.0,11.9,174,1016.7,100,53.1,54.5,366.0,29.1,79.0,44.3
2025-02-11 13:00:00,2025,2,11,13,Hà Nội,Xã Tây Phương,21.0403672,105.6115528,166,Unhealthy,3,22.0,60,0.0,12.8,169,1014.8,91,49.0,50.3,327.0,25.9,84.0,40.6
2025-02-11 14:00:00,2025,2,11,14,Hà Nội,Xã Tây Phương,21.0403672,105.6115528,166,Unhealthy,3,23.6,55,0.0,12.1,163,1012.9,81,40.5,41.6,307.0,20.6,93.0,34.6
2025-02-11 15:00:00,2025,2,11,15,Hà Nội,Xã Tây Phương,21.0403672,105.6115528,165,Unhealthy,3,24.5,53,0.0,13.2,145,1011.6,6,38.0,38.9,305.0,15.2,101.0,27.9
2025-02-11 16:00:00,2025,2,11,16,Hà Nội,Xã Tây Phương,21.0403672,105.6115528,164,Unhealthy,3,24.1,55,0.0,14.5,138,1011.4,7,37.5,38.3,325.0,14.9,101.0,24.8
2025-02-11 17:00:00,2025,2,11,17,Hà Nội,Xã Tây Phương,21.0403672,105.6115528,164,Unhealthy,3,23.2,60,0.0,12.6,133,1011.5,1,38.3,39.0,382.0,24.9,85.0,29.0
2025-02-11 18:00:00,2025,2,11,18,Hà Nội,Xã Tây Phương,21.0403672,105.6115528,163,Unhealthy,3,21.0,69,0.0,12.0,131,1011.9,1,48.2,48.8,460.0,40.0,61.0,36.8
2025-02-11 19:00:00,2025,2,11,19,Hà Nội,Xã Tây Phương,21.0403672,105.6115528,163,Unhealthy,3,19.4,79,0.0,17.6,118,1013.0,3,80.3,81.7,515.0,55.8,36.0,45.5
2025-02-11 20:00:00,2025,2,11,20,Hà Nội,Xã Tây Phương,21.0403672,105.6115528,162,Unhealthy,3,18.9,84,0.0,15.5,130,1014.3,34,78.7,79.9,521.0,50.7,40.0,43.0
2025-02-11 21:00:00,2025,2,11,21,Hà Nội,Xã Tây Phương,21.0403672,105.6115528,162,Unhealthy,3,18.7,84,0.0,15.7,140,1014.5,8,65.7,66.6,504.0,43.5,45.0,39.4
2025-02-11 22:00:00,2025,2,11,22,Hà Nội,Xã Tây Phương,21.0403672,105.6115528,161,Unhealthy,3,17.8,88,0.0,15.6,145,1015.2,10,52.3,53.3,494.0,37.7,49.0,36.0
2025-02-11 23:00:00,2025,2,11,23,Hà Nội,Xã Tây Phương,21.0403672,105.6115528,160,Unhealthy,3,17.0,93,0.0,14.1,150,1015.4,23,46.8,47.8,505.0,34.4,50.0,33.0
2025-02-12 00:00:00,2025,2,12,0,Hà Nội,Xã Tây Phương,21.0403672,105.6115528,159,Unhealthy,3,16.5,96,0.0,10.8,144,1015.4,16,46.0,47.1,524.0,32.5,48.0,30.3
2025-02-12 01:00:00,2025,2,12,1,Hà Nội,Xã Tây Phương,21.0403672,105.6115528,158,Unhealthy,3,16.1,97,0.0,9.6,137,1015.2,31,47.6,48.8,537.0,31.4,46.0,28.3
2025-02-12 02:00:00,2025,2,12,2,Hà Nội,Xã Tây Phương,21.0403672,105.6115528,157,Unhealthy,3,15.9,98,0.0,8.7,130,1014.7,94,49.9,51.2,534.0,31.2,42.0,27.2
2025-02-12 03:00:00,2025,2,12,3,Hà Nội,Xã Tây Phương,21.0403672,105.6115528,156,Unhealthy,3,16.1,98,0.0,7.4,122,1014.2,100,51.8,53.3,526.0,31.9,38.0,27.0
2025-02-12 04:00:00,2025,2,12,4,Hà Nội,Xã Tây Phương,21.0403672,105.6115528,154,Unhealthy,3,16.5,97,0.0,6.4,115,1014.0,100,52.5,54.4,534.0,33.3,33.0,27.7
2025-02-12 05:00:00,2025,2,12,5,Hà Nội,Xã Tây Phương,21.0403672,105.6115528,153,Unhealthy,3,16.7,97,0.0,5.8,106,1014.2,100,53.4,55.4,577.0,35.9,28.0,29.6
2025-02-12 06:00:00,2025,2,12,6,Hà Nội,Xã Tây Phương,21.0403672,105.6115528,152,Unhealthy,3,16.5,98,0.0,4.1,103,1014.9,100,56.9,58.8,635.0,39.1,23.0,32.5
2025-02-12 07:00:00,2025,2,12,7,Hà Nội,Xã Tây Phương,21.0403672,105.6115528,150,Unhealthy for Sensitive Groups,2,16.9,96,0.0,3.8,115,1015.8,100,65.7,68.5,672.0,43.2,18.0,39.0
2025-02-12 08:00:00,2025,2,12,8,Hà Nội,Xã Tây Phương,21.0403672,105.6115528,149,Unhealthy for Sensitive Groups,2,17.7,92,0.1,3.1,118,1017.0,100,62.9,65.4,670.0,41.8,23.0,43.0
2025-02-12 09:00:00,2025,2,12,9,Hà Nội,Xã Tây Phương,21.0403672,105.6115528,146,Unhealthy for Sensitive Groups,2,18.1,90,0.1,1.5,104,1018.0,100,57.6,60.3,645.0,39.8,30.0,48.3
2025-02-12 10:00:00,2025,2,12,10,Hà Nội,Xã Tây Phương,21.0403672,105.6115528,145,Unhealthy for Sensitive Groups,2,19.2,85,0.1,1.6,6,1018.2,100,49.1,51.6,612.0,36.7,39.0,51.0
2025-02-12 11:00:00,2025,2,12,11,Hà Nội,Xã Tây Phương,21.0403672,105.6115528,144,Unhealthy for Sensitive Groups,2,20.2,81,0.1,3.1,339,1017.7,100,43.8,45.2,563.0,31.7,49.0,48.7
2025-02-12 12:00:00,2025,2,12,12,Hà Nội,Xã Tây Phương,21.0403672,105.6115528,143,Unhealthy for Sensitive Groups,2,21.1,77,0.1,3.8,315,1016.7,100,42.3,43.5,506.0,25.7,61.0,43.7
2025-02-12 13:00:00,2025,2,12,13,Hà Nội,Xã Tây Phương,21.0403672,105.6115528,142,Unhealthy for Sensitive Groups,2,21.6,74,0.1,4.2,320,1015.3,100,38.8,39.8,470.0,21.2,70.0,38.8
2025-02-12 14:00:00,2025,2,12,14,Hà Nội,Xã Tây Phương,21.0403672,105.6115528,141,Unhealthy for Sensitive Groups,2,22.2,72,0.1,3.0,25,1014.0,100,40.0,41.1,443.0,17.8,79.0,33.7
2025-02-12 15:00:00,2025,2,12,15,Hà Nội,Xã Tây Phương,21.0403672,105.6115528,141,Unhealthy for Sensitive Groups,2,22.5,70,0.0,4.1,38,1013.3,100,43.4,44.4,439.0,16.0,85.0,28.7
2025-02-12 16:00:00,2025,2,12,16,Hà Nội,Xã Tây Phương,21.0403672,105.6115528,141,Unhealthy for Sensitive Groups,2,22.6,70,0.0,4.4,60,1013.2,100,45.6,46.6,528.0,19.7,84.0,27.4
2025-02-12 17:00:00,2025,2,12,17,Hà Nội,Xã Tây Phương,21.0403672,105.6115528,142,Unhealthy for Sensitive Groups,2,22.4,71,0.0,5.8,74,1013.6,100,47.8,48.7,798.0,33.8,68.0,32.8
2025-02-12 18:00:00,2025,2,12,18,Hà Nội,Xã Tây Phương,21.0403672,105.6115528,143,Unhealthy for Sensitive Groups,2,21.4,79,0.0,2.7,48,1014.3,100,67.5,68.2,1161.0,53.3,43.0,42.0
2025-02-12 19:00:00,2025,2,12,19,Hà Nội,Xã Tây Phương,21.0403672,105.6115528,145,Unhealthy for Sensitive Groups,2,21.2,79,0.0,2.7,32,1015.1,100,98.5,99.7,1426.0,68.0,24.0,50.1
2025-02-12 20:00:00,2025,2,12,20,Hà Nội,Xã Tây Phương,21.0403672,105.6115528,147,Unhealthy for Sensitive Groups,2,20.9,79,0.0,4.8,29,1016.1,100,112.9,114.1,1533.0,69.5,19.0,54.1
2025-02-12 21:00:00,2025,2,12,21,Hà Nội,Xã Tây Phương,21.0403672,105.6115528,150,Unhealthy for Sensitive Groups,2,20.4,81,0.0,4.7,113,1016.5,100,122.5,123.4,1542.0,71.4,12.0,59.4
2025-02-12 22:00:00,2025,2,12,22,Hà Nội,Xã Tây Phương,21.0403672,105.6115528,151,Unhealthy,3,20.0,86,0.0,8.7,153,1017.0,100,132.7,133.6,1441.0,72.3,7.0,61.4
2025-02-12 23:00:00,2025,2,12,23,Hà Nội,Xã Tây Phương,21.0403672,105.6115528,153,Unhealthy,3,19.9,91,0.0,7.2,117,1017.6,100,143.9,145.3,1154.0,72.9,3.0,57.7
2025-02-13 00:00:00,2025,2,13,0,Hà Nội,Xã Tây Phương,21.0403672,105.6115528,155,Unhealthy,3,19.7,92,0.2,8.1,127,1017.5,100,139.2,140.6,758.0,72.4,0.0,50.7
2025-02-13 01:00:00,2025,2,13,1,Hà Nội,Xã Tây Phương,21.0403672,105.6115528,157,Unhealthy,3,19.3,95,0.3,6.7,142,1017.1,100,127.6,128.5,470.0,66.8,2.0,43.0
2025-02-13 02:00:00,2025,2,13,2,Hà Nội,Xã Tây Phương,21.0403672,105.6115528,159,Unhealthy,3,19.0,97,0.4,6.3,87,1016.5,100,99.4,100.1,393.0,51.3,14.0,34.1
2025-02-13 03:00:00,2025,2,13,3,Hà Nội,Xã Tây Phương,21.0403672,105.6115528,160,Unhealthy,3,18.0,92,1.1,16.1,49,1016.5,100,58.7,59.0,423.0,30.9,30.0,24.4
2025-02-13 04:00:00,2025,2,13,4,Hà Nội,Xã Tây Phương,21.0403672,105.6115528,160,Unhealthy,3,17.0,89,0.1,15.0,53,1016.5,100,32.0,32.1,471.0,16.0,43.0,18.0
2025-02-13 05:00:00,2025,2,13,5,Hà Nội,Xã Tây Phương,21.0403672,105.6115528,160,Unhealthy,3,16.6,83,0.0,14.1,59,1016.9,100,22.4,22.5,515.0,12.1,47.0,16.9
2025-02-13 06:00:00,2025,2,13,6,Hà Nội,Xã Tây Phương,21.0403672,105.6115528,159,Unhealthy,3,16.5,80,0.0,12.9,58,1017.4,100,21.9,21.9,577.0,13.7,46.0,19.1
2025-02-13 07:00:00,2025,2,13,7,Hà Nội,Xã Tây Phương,21.0403672,105.6115528,158,Unhealthy,3,16.5,76,0.0,10.5,57,1018.0,98,25.6,25.8,627.0,14.4,46.0,20.0
2025-02-13 08:00:00,2025,2,13,8,Hà Nội,Xã Tây Phương,21.0403672,105.6115528,158,Unhealthy,3,18.0,80,0.0,13.9,53,1018.6,100,31.4,31.7,656.0,15.9,47.0,22.8
2025-02-13 09:00:00,2025,2,13,9,Hà Nội,Xã Tây Phương,21.0403672,105.6115528,157,Unhealthy,3,18.7,72,0.0,13.3,54,1019.2,86,32.7,32.9,674.0,17.9,47.0,26.8
2025-02-13 10:00:00,2025,2,13,10,Hà Nội,Xã Tây Phương,21.0403672,105.6115528,156,Unhealthy,3,20.0,66,0.0,11.3,68,1019.3,100,34.0,34.2,683.0,19.1,50.0,30.1
2025-02-13 11:00:00,2025,2,13,11,Hà Nội,Xã Tây Phương,21.0403672,105.6115528,156,Unhealthy,3,19.8,68,0.1,8.6,78,1018.6,100,36.3,36.6,684.0,18.8,55.0,32.1
2025-02-13 12:00:00,2025,2,13,12,Hà Nội,Xã Tây Phương,21.0403672,105.6115528,156,Unhealthy,3,20.2,68,0.0,7.2,86,1017.6,99,39.0,39.3,676.0,17.7,61.0,33.4
2025-02-13 13:00:00,2025,2,13,13,Hà Nội,Xã Tây Phương,21.0403672,105.6115528,156,Unhealthy,3,20.8,66,0.0,6.1,104,1016.1,100,39.6,39.9,660.0,16.9,68.0,34.4
2025-02-13 14:00:00,2025,2,13,14,Hà Nội,Xã Tây Phương,21.0403672,105.6115528,156,Unhealthy,3,21.1,66,0.0,6.5,122,1014.8,100,40.3,40.6,629.0,15.1,78.0,34.3
2025-02-13 15:00:00,2025,2,13,15,Hà Nội,Xã Tây Phương,21.0403672,105.6115528,156,Unhealthy,3,21.2,68,0.0,5.5,136,1014.2,44,41.1,41.6,589.0,13.6,89.0,33.8
2025-02-13 16:00:00,2025,2,13,16,Hà Nội,Xã Tây Phương,21.0403672,105.6115528,156,Unhealthy,3,22.4,66,0.0,8.1,149,1013.7,96,43.4,43.9,561.0,17.7,90.0,35.6
2025-02-13 17:00:00,2025,2,13,17,Hà Nội,Xã Tây Phương,21.0403672,105.6115528,156,Unhealthy,3,22.0,70,0.0,12.2,136,1013.5,26,45.9,46.3,554.0,32.6,74.0,41.6
2025-02-13 18:00:00,2025,2,13,18,Hà Nội,Xã Tây Phương,21.0403672,105.6115528,156,Unhealthy,3,20.6,78,0.0,10.0,147,1014.0,49,63.3,63.6,560.0,53.2,49.0,49.8
2025-02-13 19:00:00,2025,2,13,19,Hà Nội,Xã Tây Phương,21.0403672,105.6115528,156,Unhealthy,3,19.9,72,0.0,14.0,143,1014.8,13,87.8,88.2,571.0,49.1,59.0,47.1
2025-02-13 20:00:00,2025,2,13,20,Hà Nội,Xã Tây Phương,21.0403672,105.6115528,155,Unhealthy,3,18.8,76,0.0,13.4,145,1015.8,13,93.4,93.8,590.0,46.7,58.0,46.0
2025-02-13 21:00:00,2025,2,13,21,Hà Nội,Xã Tây Phương,21.0403672,105.6115528,155,Unhealthy,3,17.6,81,0.0,11.5,157,1016.5,18,86.6,86.8,616.0,43.4,56.0,44.4
2025-02-13 22:00:00,2025,2,13,22,Hà Nội,Xã Tây Phương,21.0403672,105.6115528,154,Unhealthy,3,17.0,83,0.0,10.4,163,1017.2,57,74.7,75.0,636.0,40.5,53.0,42.6
2025-02-13 23:00:00,2025,2,13,23,Hà Nội,Xã Tây Phương,21.0403672,105.6115528,153,Unhealthy,3,17.1,83,0.0,10.1,164,1017.1,100,69.2,69.2,647.0,38.4,49.0,40.4
2025-02-14 00:00:00,2025,2,14,0,Hà Nội,Xã Tây Phương,21.0403672,105.6115528,151,Unhealthy,3,17.7,79,0.0,10.3,165,1016.9,100,67.8,68.0,651.0,36.8,45.0,38.0
2025-02-14 01:00:00,2025,2,14,1,Hà Nội,Xã Tây Phương,21.0403672,105.6115528,148,Unhealthy for Sensitive Groups,2,17.9,78,0.0,9.1,162,1016.6,100,66.4,66.6,650.0,35.5,42.0,36.6
2025-02-14 02:00:00,2025,2,14,2,Hà Nội,Xã Tây Phương,21.0403672,105.6115528,142,Unhealthy for Sensitive Groups,2,17.9,78,0.0,8.5,162,1015.7,100,65.9,66.1,633.0,34.3,40.0,36.5
2025-02-14 03:00:00,2025,2,14,3,Hà Nội,Xã Tây Phương,21.0403672,105.6115528,138,Unhealthy for Sensitive Groups,2,17.9,78,0.0,8.6,164,1015.0,100,67.3,67.5,610.0,33.4,39.0,37.3
2025-02-14 04:00:00,2025,2,14,4,Hà Nội,Xã Tây Phương,21.0403672,105.6115528,139,Unhealthy for Sensitive Groups,2,17.8,79,0.0,7.5,163,1014.5,100,69.6,69.8,608.0,33.8,38.0,39.1
2025-02-14 05:00:00,2025,2,14,5,Hà Nội,Xã Tây Phương,21.0403672,105.6115528,143,Unhealthy for Sensitive Groups,2,17.8,79,0.0,7.5,153,1014.1,100,72.9,73.3,650.0,36.7,34.0,42.7
2025-02-14 06:00:00,2025,2,14,6,Hà Nội,Xã Tây Phương,21.0403672,105.6115528,148,Unhealthy for Sensitive Groups,2,17.6,81,0.0,6.0,143,1014.6,100,77.5,77.8,714.0,40.9,30.0,47.3
2025-02-14 07:00:00,2025,2,14,7,Hà Nội,Xã Tây Phương,21.0403672,105.6115528,151,Unhealthy,3,17.4,84,0.0,5.9,130,1015.4,100,87.3,87.5,759.0,44.6,29.0,50.9
2025-02-14 08:00:00,2025,2,14,8,Hà Nội,Xã Tây Phương,21.0403672,105.6115528,152,Unhealthy,3,18.0,86,0.1,6.5,109,1016.3,100,82.2,82.7,771.0,41.6,39.0,49.8
2025-02-14 09:00:00,2025,2,14,9,Hà Nội,Xã Tây Phương,21.0403672,105.6115528,153,Unhealthy,3,18.5,83,0.0,7.1,117,1017.0,100,73.8,74.5,764.0,37.3,52.0,48.1
2025-02-14 10:00:00,2025,2,14,10,Hà Nội,Xã Tây Phương,21.0403672,105.6115528,154,Unhealthy,3,19.3,79,0.0,10.3,128,1017.2,100,62.6,63.8,742.0,33.0,64.0,45.7
2025-02-14 11:00:00,2025,2,14,11,Hà Nội,Xã Tây Phương,21.0403672,105.6115528,155,Unhealthy,3,19.8,79,0.0,10.6,134,1016.7,100,51.1,52.4,698.0,28.7,73.0,41.6
2025-02-14 12:00:00,2025,2,14,12,Hà Nội,Xã Tây Phương,21.0403672,105.6115528,155,Unhealthy,3,20.5,77,0.0,11.5,136,1015.3,100,47.5,48.5,639.0,24.4,81.0,36.8
2025-02-14 13:00:00,2025,2,14,13,Hà Nội,Xã Tây Phương,21.0403672,105.6115528,155,Unhealthy,3,21.2,75,0.0,11.3,143,1013.7,100,52.0,53.1,589.0,21.4,87.0,33.7
2025-02-14 14:00:00,2025,2,14,14,Hà Nội,Xã Tây Phương,21.0403672,105.6115528,156,Unhealthy,3,21.5,75,0.0,12.1,148,1012.0,100,52.7,53.7,553.0,19.7,93.0,33.4
2025-02-14 15:00:00,2025,2,14,15,Hà Nội,Xã Tây Phương,21.0403672,105.6115528,156,Unhealthy,3,22.5,72,0.1,13.4,149,1010.8,97,51.9,52.7,526.0,19.3,98.0,34.8
2025-02-14 16:00:00,2025,2,14,16,Hà Nội,Xã Tây Phương,21.0403672,105.6115528,156,Unhealthy,3,22.7,70,0.0,13.8,147,1010.1,100,52.5,53.2,513.0,21.8,97.0,36.8
2025-02-14 17:00:00,2025,2,14,17,Hà Nội,Xã Tây Phương,21.0403672,105.6115528,156,Unhealthy,3,22.6,70,0.0,13.1,137,1009.7,82,52.6,53.3,523.0,29.9,83.0,40.0
2025-02-14 18:00:00,2025,2,14,18,Hà Nội,Xã Tây Phương,21.0403672,105.6115528,157,Unhealthy,3,21.4,78,0.0,12.3,125,1010.0,41,57.5,58.1,548.0,40.9,64.0,43.8
2025-02-14 19:00:00,2025,2,14,19,Hà Nội,Xã Tây Phương,21.0403672,105.6115528,156,Unhealthy,3,20.1,85,0.0,13.0,128,1010.9,100,62.2,62.9,567.0,52.7,41.0,43.5
2025-02-14 20:00:00,2025,2,14,20,Hà Nội,Xã Tây Phương,21.0403672,105.6115528,156,Unhealthy,3,19.9,86,0.0,14.4,124,1012.3,100,63.1,63.6,571.0,50.1,41.0,40.9
2025-02-14 21:00:00,2025,2,14,21,Hà Nội,Xã Tây Phương,21.0403672,105.6115528,155,Unhealthy,3,19.5,88,0.0,13.9,133,1013.2,100,55.8,56.2,569.0,46.4,41.0,37.2
2025-02-14 22:00:00,2025,2,14,22,Hà Nội,Xã Tây Phương,21.0403672,105.6115528,154,Unhealthy,3,19.0,90,0.0,13.2,137,1013.4,84,50.6,51.1,569.0,42.7,41.0,33.9
2025-02-14 23:00:00,2025,2,14,23,Hà Nội,Xã Tây Phương,21.0403672,105.6115528,154,Unhealthy,3,18.6,92,0.0,11.8,141,1013.3,99,50.6,51.2,575.0,39.1,42.0,31.6
2025-02-15 00:00:00,2025,2,15,0,Hà Nội,Xã Tây Phương,21.0403672,105.6115528,154,Unhealthy,3,18.5,93,0.0,11.7,146,1012.7,100,48.1,48.7,582.0,35.4,44.0,29.7
2025-02-15 01:00:00,2025,2,15,1,Hà Nội,Xã Tây Phương,21.0403672,105.6115528,153,Unhealthy,3,18.6,93,0.0,11.2,140,1012.5,100,48.1,48.7,588.0,32.6,45.0,28.4
2025-02-15 02:00:00,2025,2,15,2,Hà Nội,Xã Tây Phương,21.0403672,105.6115528,153,Unhealthy,3,18.6,93,0.0,9.5,126,1012.0,100,48.5,49.1,587.0,30.8,44.0,27.8
2025-02-15 03:00:00,2025,2,15,3,Hà Nội,Xã Tây Phương,21.0403672,105.6115528,152,Unhealthy,3,18.6,94,0.1,9.1,115,1011.6,100,48.0,48.5,584.0,29.7,42.0,27.7
2025-02-15 04:00:00,2025,2,15,4,Hà Nội,Xã Tây Phương,21.0403672,105.6115528,152,Unhealthy,3,18.5,95,0.1,8.4,109,1011.4,100,47.0,47.6,593.0,29.9,39.0,28.3
2025-02-15 05:00:00,2025,2,15,5,Hà Nội,Xã Tây Phương,21.0403672,105.6115528,151,Unhealthy,3,18.5,96,0.2,9.6,118,1011.2,100,45.3,45.9,631.0,32.2,35.0,29.6
2025-02-15 06:00:00,2025,2,15,6,Hà Nội,Xã Tây Phương,21.0403672,105.6115528,151,Unhealthy,3,18.5,97,0.2,8.1,122,1011.7,100,44.8,45.4,681.0,35.6,31.0,31.6
2025-02-15 07:00:00,2025,2,15,7,Hà Nội,Xã Tây Phương,21.0403672,105.6115528,150,Unhealthy for Sensitive Groups,2,18.5,98,0.2,7.5,125,1012.4,100,54.4,54.9,706.0,40.2,25.0,36.1
2025-02-15 08:00:00,2025,2,15,8,Hà Nội,Xã Tây Phương,21.0403672,105.6115528,147,Unhealthy for Sensitive Groups,2,18.9,98,0.1,8.2,113,1013.8,100,53.2,53.8,682.0,40.2,28.0,38.5
2025-02-15 09:00:00,2025,2,15,9,Hà Nội,Xã Tây Phương,21.0403672,105.6115528,144,Unhealthy for Sensitive Groups,2,19.5,94,0.1,9.6,137,1014.4,100,48.1,48.8,633.0,40.1,34.0,41.8
2025-02-15 10:00:00,2025,2,15,10,Hà Nội,Xã Tây Phương,21.0403672,105.6115528,141,Unhealthy for Sensitive Groups,2,20.5,90,0.1,10.4,150,1014.2,100,39.0,39.6,588.0,39.1,40.0,43.7
2025-02-15 11:00:00,2025,2,15,11,Hà Nội,Xã Tây Phương,21.0403672,105.6115528,139,Unhealthy for Sensitive Groups,2,22.1,82,0.1,9.7,155,1013.6,100,33.3,33.9,559.0,36.4,48.0,42.9
2025-02-15 12:00:00,2025,2,15,12,Hà Nội,Xã Tây Phương,21.0403672,105.6115528,137,Unhealthy for Sensitive Groups,2,23.4,76,0.0,9.6,146,1012.6,100,30.2,30.7,534.0,32.9,58.0,40.6
2025-02-15 13:00:00,2025,2,15,13,Hà Nội,Xã Tây Phương,21.0403672,105.6115528,135,Unhealthy for Sensitive Groups,2,23.6,76,0.1,12.9,141,1011.0,100,30.0,30.5,513.0,29.9,66.0,38.8
2025-02-15 14:00:00,2025,2,15,14,Hà Nội,Xã Tây Phương,21.0403672,105.6115528,133,Unhealthy for Sensitive Groups,2,24.0,74,0.0,12.9,143,1009.5,42,33.2,33.6,489.0,27.3,74.0,38.0
2025-02-15 15:00:00,2025,2,15,15,Hà Nội,Xã Tây Phương,21.0403672,105.6115528,131,Unhealthy for Sensitive Groups,2,25.6,67,0.0,12.1,137,1008.5,100,32.9,33.3,467.0,25.4,81.0,37.6
2025-02-15 16:00:00,2025,2,15,16,Hà Nội,Xã Tây Phương,21.0403672,105.6115528,129,Unhealthy for Sensitive Groups,2,24.5,73,0.0,17.4,123,1008.4,82,32.5,32.8,466.0,26.2,82.0,37.4
2025-02-15 17:00:00,2025,2,15,17,Hà Nội,Xã Tây Phương,21.0403672,105.6115528,127,Unhealthy for Sensitive Groups,2,23.4,79,0.0,16.4,113,1008.5,41,33.1,33.4,506.0,32.3,71.0,37.8
2025-02-15 18:00:00,2025,2,15,18,Hà Nội,Xã Tây Phương,21.0403672,105.6115528,125,Unhealthy for Sensitive Groups,2,22.0,85,0.0,14.5,112,1009.0,53,35.9,36.2,566.0,41.1,53.0,38.5
2025-02-15 19:00:00,2025,2,15,19,Hà Nội,Xã Tây Phương,21.0403672,105.6115528,122,Unhealthy for Sensitive Groups,2,21.4,88,0.0,14.2,116,1010.2,16,45.3,45.8,598.0,52.2,33.0,38.4
2025-02-15 20:00:00,2025,2,15,20,Hà Nội,Xã Tây Phương,21.0403672,105.6115528,121,Unhealthy for Sensitive Groups,2,20.5,91,0.0,12.6,117,1011.6,87,45.6,46.2,571.0,51.1,32.0,36.7
2025-02-15 21:00:00,2025,2,15,21,Hà Nội,Xã Tây Phương,21.0403672,105.6115528,119,Unhealthy for Sensitive Groups,2,20.3,92,0.0,11.3,127,1012.2,100,44.5,45.1,517.0,49.5,32.0,34.4
2025-02-15 22:00:00,2025,2,15,22,Hà Nội,Xã Tây Phương,21.0403672,105.6115528,118,Unhealthy for Sensitive Groups,2,20.2,92,0.0,10.4,124,1012.6,22,43.7,44.2,477.0,47.3,31.0,32.1
2025-02-15 23:00:00,2025,2,15,23,Hà Nội,Xã Tây Phương,21.0403672,105.6115528,117,Unhealthy for Sensitive Groups,2,19.4,97,0.0,8.2,128,1013.0,70,45.4,46.0,473.0,44.5,31.0,30.1
2025-02-16 00:00:00,2025,2,16,0,Hà Nội,Xã Tây Phương,21.0403672,105.6115528,116,Unhealthy for Sensitive Groups,2,19.6,95,0.0,8.4,135,1013.2,100,45.8,46.2,484.0,41.1,31.0,28.3
2025-02-16 01:00:00,2025,2,16,1,Hà Nội,Xã Tây Phương,21.0403672,105.6115528,116,Unhealthy for Sensitive Groups,2,19.9,95,0.1,8.2,116,1013.2,100,42.4,42.8,492.0,37.0,30.0,26.7
2025-02-16 02:00:00,2025,2,16,2,Hà Nội,Xã Tây Phương,21.0403672,105.6115528,116,Unhealthy for Sensitive Groups,2,19.0,98,1.2,11.6,72,1013.2,100,35.3,35.6,481.0,31.2,29.0,25.4
2025-02-16 03:00:00,2025,2,16,3,Hà Nội,Xã Tây Phương,21.0403672,105.6115528,114,Unhealthy for Sensitive Groups,2,17.0,93,0.6,14.5,58,1013.0,100,26.1,26.3,467.0,24.7,27.0,24.5
2025-02-16 04:00:00,2025,2,16,4,Hà Nội,Xã Tây Phương,21.0403672,105.6115528,112,Unhealthy for Sensitive Groups,2,16.8,93,0.1,13.5,60,1013.1,100,20.4,20.5,476.0,20.2,26.0,24.2
2025-02-16 05:00:00,2025,2,16,5,Hà Nội,Xã Tây Phương,21.0403672,105.6115528,109,Unhealthy for Sensitive Groups,2,16.5,94,0.4,10.5,70,1013.6,100,18.0,18.0,530.0,19.1,25.0,24.7
2025-02-16 06:00:00,2025,2,16,6,Hà Nội,Xã Tây Phương,21.0403672,105.6115528,106,Unhealthy for Sensitive Groups,2,16.4,94,0.5,12.7,69,1014.4,100,17.8,17.9,607.0,19.9,24.0,25.8
2025-02-16 07:00:00,2025,2,16,7,Hà Nội,Xã Tây Phương,21.0403672,105.6115528,104,Unhealthy for Sensitive Groups,2,16.2,93,0.1,11.8,74,1015.7,100,21.7,21.7,668.0,21.2,24.0,27.5
2025-02-16 08:00:00,2025,2,16,8,Hà Nội,Xã Tây Phương,21.0403672,105.6115528,100,Moderate,1,16.0,93,0.2,11.6,57,1017.1,100,24.7,24.8,698.0,21.3,26.0,28.7
2025-02-16 09:00:00,2025,2,16,9,Hà Nội,Xã Tây Phương,21.0403672,105.6115528,98,Moderate,1,16.4,90,0.2,10.1,55,1018.1,100,26.5,26.6,712.0,21.5,29.0,30.4
2025-02-16 10:00:00,2025,2,16,10,Hà Nội,Xã Tây Phương,21.0403672,105.6115528,96,Moderate,1,16.5,89,0.2,10.0,56,1018.4,100,27.6,27.7,713.0,21.4,32.0,31.7
2025-02-16 11:00:00,2025,2,16,11,Hà Nội,Xã Tây Phương,21.0403672,105.6115528,95,Moderate,1,16.6,88,0.2,10.1,51,1017.9,100,28.3,28.5,692.0,20.9,36.0,32.2
2025-02-16 12:00:00,2025,2,16,12,Hà Nội,Xã Tây Phương,21.0403672,105.6115528,94,Moderate,1,17.7,83,0.1,12.9,48,1017.1,100,28.4,28.5,659.0,20.1,40.0,32.3
2025-02-16 13:00:00,2025,2,16,13,Hà Nội,Xã Tây Phương,21.0403672,105.6115528,94,Moderate,1,18.2,79,0.0,11.4,52,1016.2,100,29.4,29.5,643.0,19.8,44.0,32.3
2025-02-16 14:00:00,2025,2,16,14,Hà Nội,Xã Tây Phương,21.0403672,105.6115528,94,Moderate,1,18.5,79,0.3,10.4,53,1015.1,100,30.9,31.0,653.0,19.8,47.0,32.2
2025-02-16 15:00:00,2025,2,16,15,Hà Nội,Xã Tây Phương,21.0403672,105.6115528,94,Moderate,1,18.2,80,0.1,11.2,50,1014.2,100,31.8,31.9,680.0,20.2,49.0,32.0
2025-02-16 16:00:00,2025,2,16,16,Hà Nội,Xã Tây Phương,21.0403672,105.6115528,94,Moderate,1,18.5,78,0.0,10.0,51,1013.9,100,33.4,33.5,730.0,21.7,48.0,32.2
2025-02-16 17:00:00,2025,2,16,17,Hà Nội,Xã Tây Phương,21.0403672,105.6115528,94,Moderate,1,18.2,78,0.0,7.6,45,1014.4,100,37.4,37.6,831.0,25.4,43.0,33.2
2025-02-16 18:00:00,2025,2,16,18,Hà Nội,Xã Tây Phương,21.0403672,105.6115528,94,Moderate,1,17.9,81,0.1,6.8,37,1015.1,100,40.5,40.6,955.0,30.1,36.0,34.6
2025-02-16 19:00:00,2025,2,16,19,Hà Nội,Xã Tây Phương,21.0403672,105.6115528,95,Moderate,1,17.5,83,0.1,7.3,42,1015.8,100,55.9,56.0,1016.0,27.7,36.0,30.9
2025-02-16 20:00:00,2025,2,16,20,Hà Nội,Xã Tây Phương,21.0403672,105.6115528,96,Moderate,1,15.9,87,0.1,9.7,59,1017.3,100,56.0,56.1,960.0,27.8,35.0,31.2
2025-02-16 21:00:00,2025,2,16,21,Hà Nội,Xã Tây Phương,21.0403672,105.6115528,96,Moderate,1,15.6,85,0.1,8.1,51,1018.0,100,55.6,55.9,842.0,27.9,33.0,31.7
2025-02-16 22:00:00,2025,2,16,22,Hà Nội,Xã Tây Phương,21.0403672,105.6115528,97,Moderate,1,15.4,86,0.1,5.7,46,1018.7,100,56.3,56.7,745.0,28.0,31.0,32.5
2025-02-16 23:00:00,2025,2,16,23,Hà Nội,Xã Tây Phương,21.0403672,105.6115528,99,Moderate,1,15.3,87,0.1,3.2,52,1018.7,100,56.2,56.6,703.0,28.2,31.0,33.7
2025-02-17 00:00:00,2025,2,17,0,Hà Nội,Xã Tây Phương,21.0403672,105.6115528,100,Moderate,1,15.3,87,0.1,1.5,135,1018.3,100,56.3,56.7,682.0,28.4,30.0,35.1
2025-02-17 01:00:00,2025,2,17,1,Hà Nội,Xã Tây Phương,21.0403672,105.6115528,101,Unhealthy for Sensitive Groups,2,15.3,88,0.1,2.3,157,1018.2,100,54.7,55.1,666.0,28.7,30.0,36.3
2025-02-17 02:00:00,2025,2,17,2,Hà Nội,Xã Tây Phương,21.0403672,105.6115528,102,Unhealthy for Sensitive Groups,2,15.4,88,0.1,0.9,191,1017.6,100,56.3,56.9,643.0,28.8,29.0,36.9
2025-02-17 03:00:00,2025,2,17,3,Hà Nội,Xã Tây Phương,21.0403672,105.6115528,104,Unhealthy for Sensitive Groups,2,15.4,91,0.2,0.9,233,1017.4,100,55.8,56.2,625.0,28.9,27.0,37.3
2025-02-17 04:00:00,2025,2,17,4,Hà Nội,Xã Tây Phương,21.0403672,105.6115528,107,Unhealthy for Sensitive Groups,2,15.4,90,0.2,0.5,180,1017.3,100,54.8,55.2,625.0,29.7,25.0,38.3
2025-02-17 05:00:00,2025,2,17,5,Hà Nội,Xã Tây Phương,21.0403672,105.6115528,111,Unhealthy for Sensitive Groups,2,15.4,92,0.1,2.5,98,1017.4,100,54.1,54.6,659.0,32.1,21.0,40.3
2025-02-17 06:00:00,2025,2,17,6,Hà Nội,Xã Tây Phương,21.0403672,105.6115528,114,Unhealthy for Sensitive Groups,2,15.6,91,0.0,3.3,13,1017.7,100,54.0,54.4,712.0,35.3,17.0,42.9
2025-02-17 07:00:00,2025,2,17,7,Hà Nội,Xã Tây Phương,21.0403672,105.6115528,118,Unhealthy for Sensitive Groups,2,15.8,92,0.0,2.5,8,1018.6,100,62.4,62.9,752.0,38.2,13.0,40.5
2025-02-17 08:00:00,2025,2,17,8,Hà Nội,Xã Tây Phương,21.0403672,105.6115528,122,Unhealthy for Sensitive Groups,2,15.9,93,0.0,4.5,53,1019.5,100,61.9,62.4,771.0,37.1,16.0,44.1
2025-02-17 09:00:00,2025,2,17,9,Hà Nội,Xã Tây Phương,21.0403672,105.6115528,126,Unhealthy for Sensitive Groups,2,16.4,91,0.0,3.1,69,1020.1,100,58.3,58.8,776.0,35.4,19.0,49.0
2025-02-17 10:00:00,2025,2,17,10,Hà Nội,Xã Tây Phương,21.0403672,105.6115528,130,Unhealthy for Sensitive Groups,2,17.5,84,0.0,3.1,93,1019.9,100,55.2,55.6,759.0,33.7,24.0,52.0
2025-02-17 11:00:00,2025,2,17,11,Hà Nội,Xã Tây Phương,21.0403672,105.6115528,132,Unhealthy for Sensitive Groups,2,19.6,76,0.0,3.1,121,1019.1,93,53.6,54.0,703.0,31.7,30.0,51.6
2025-02-17 12:00:00,2025,2,17,12,Hà Nội,Xã Tây Phương,21.0403672,105.6115528,135,Unhealthy for Sensitive Groups,2,21.4,71,0.0,7.7,131,1017.9,100,51.0,51.5,624.0,29.5,36.0,49.2
2025-02-17 13:00:00,2025,2,17,13,Hà Nội,Xã Tây Phương,21.0403672,105.6115528,137,Unhealthy for Sensitive Groups,2,21.5,72,0.0,7.8,128,1016.7,100,53.2,53.9,560.0,28.1,42.0,46.6
2025-02-17 14:00:00,2025,2,17,14,Hà Nội,Xã Tây Phương,21.0403672,105.6115528,140,Unhealthy for Sensitive Groups,2,22.3,70,0.0,9.0,123,1015.5,100,50.8,51.5,526.0,26.6,49.0,42.8
2025-02-17 15:00:00,2025,2,17,15,Hà Nội,Xã Tây Phương,21.0403672,105.6115528,142,Unhealthy for Sensitive Groups,2,22.1,70,0.0,9.7,124,1014.9,100,51.8,52.5,508.0,25.8,55.0,38.7
2025-02-17 16:00:00,2025,2,17,16,Hà Nội,Xã Tây Phương,21.0403672,105.6115528,144,Unhealthy for Sensitive Groups,2,22.0,71,0.0,9.3,124,1014.8,100,56.1,56.9,502.0,29.6,54.0,38.2
2025-02-17 17:00:00,2025,2,17,17,Hà Nội,Xã Tây Phương,21.0403672,105.6115528,146,Unhealthy for Sensitive Groups,2,21.6,75,0.0,7.7,115,1015.1,100,61.7,62.6,513.0,42.0,41.0,43.9
2025-02-17 18:00:00,2025,2,17,18,Hà Nội,Xã Tây Phương,21.0403672,105.6115528,149,Unhealthy for Sensitive Groups,2,21.1,78,0.0,9.3,122,1015.6,100,80.6,81.5,536.0,58.8,21.0,53.3
2025-02-17 19:00:00,2025,2,17,19,Hà Nội,Xã Tây Phương,21.0403672,105.6115528,151,Unhealthy,3,20.6,81,0.0,12.0,137,1016.3,100,73.8,74.3,553.0,55.3,3.0,47.7
2025-02-17 20:00:00,2025,2,17,20,Hà Nội,Xã Tây Phương,21.0403672,105.6115528,151,Unhealthy,3,19.0,87,0.0,8.0,118,1017.7,100,85.9,86.4,556.0,55.6,2.0,53.3
2025-02-17 21:00:00,2025,2,17,21,Hà Nội,Xã Tây Phương,21.0403672,105.6115528,152,Unhealthy,3,18.9,88,0.0,6.8,117,1018.3,97,93.6,94.1,552.0,55.9,2.0,60.7
2025-02-17 22:00:00,2025,2,17,22,Hà Nội,Xã Tây Phương,21.0403672,105.6115528,153,Unhealthy,3,18.5,90,0.0,6.4,126,1018.9,100,97.1,97.6,550.0,54.5,2.0,63.8
2025-02-17 23:00:00,2025,2,17,23,Hà Nội,Xã Tây Phương,21.0403672,105.6115528,153,Unhealthy,3,18.4,90,0.0,4.8,110,1019.1,100,93.1,93.6,551.0,50.4,4.0,58.7
2025-02-18 00:00:00,2025,2,18,0,Hà Nội,Xã Tây Phương,21.0403672,105.6115528,154,Unhealthy,3,18.2,92,0.3,5.1,86,1019.0,100,78.9,79.4,553.0,44.6,7.0,49.3
2025-02-18 01:00:00,2025,2,18,1,Hà Nội,Xã Tây Phương,21.0403672,105.6115528,155,Unhealthy,3,17.6,96,0.8,8.1,65,1018.9,100,65.2,65.4,559.0,38.8,11.0,40.9
2025-02-18 02:00:00,2025,2,18,2,Hà Nội,Xã Tây Phương,21.0403672,105.6115528,155,Unhealthy,3,16.8,93,0.5,10.6,56,1018.5,100,51.9,52.2,568.0,33.0,17.0,35.0
2025-02-18 03:00:00,2025,2,18,3,Hà Nội,Xã Tây Phương,21.0403672,105.6115528,155,Unhealthy,3,16.1,95,0.3,10.4,53,1018.3,100,35.9,36.0,581.0,27.2,23.0,30.1
2025-02-18 04:00:00,2025,2,18,4,Hà Nội,Xã Tây Phương,21.0403672,105.6115528,154,Unhealthy,3,15.8,94,0.3,10.9,57,1018.2,100,24.9,24.9,609.0,23.1,28.0,26.8
2025-02-18 05:00:00,2025,2,18,5,Hà Nội,Xã Tây Phương,21.0403672,105.6115528,154,Unhealthy,3,15.5,95,0.2,10.3,57,1018.6,100,19.3,19.3,672.0,21.8,29.0,25.6
2025-02-18 06:00:00,2025,2,18,6,Hà Nội,Xã Tây Phương,21.0403672,105.6115528,153,Unhealthy,3,15.3,94,0.2,8.8,59,1019.1,100,16.4,16.4,749.0,22.3,29.0,26.0
2025-02-18 07:00:00,2025,2,18,7,Hà Nội,Xã Tây Phương,21.0403672,105.6115528,152,Unhealthy,3,15.1,95,0.1,7.6,65,1019.6,100,19.9,20.0,794.0,19.2,35.0,22.7
2025-02-18 08:00:00,2025,2,18,8,Hà Nội,Xã Tây Phương,21.0403672,105.6115528,151,Unhealthy,3,15.5,94,0.1,7.3,46,1020.8,100,18.8,18.9,777.0,19.7,37.0,24.2
2025-02-18 09:00:00,2025,2,18,9,Hà Nội,Xã Tây Phương,21.0403672,105.6115528,150,Unhealthy for Sensitive Groups,2,15.6,94,0.3,8.5,36,1021.6,100,18.3,18.4,727.0,20.3,39.0,26.3
2025-02-18 10:00:00,2025,2,18,10,Hà Nội,Xã Tây Phương,21.0403672,105.6115528,147,Unhealthy for Sensitive Groups,2,16.0,90,0.2,9.6,43,1021.8,100,18.0,18.2,683.0,21.0,42.0,28.6
2025-02-18 11:00:00,2025,2,18,11,Hà Nội,Xã Tây Phương,21.0403672,105.6115528,144,Unhealthy for Sensitive Groups,2,16.5,87,0.1,9.7,47,1021.1,100,18.8,19.0,656.0,21.5,44.0,31.2
2025-02-18 12:00:00,2025,2,18,12,Hà Nội,Xã Tây Phương,21.0403672,105.6115528,140,Unhealthy for Sensitive Groups,2,17.0,83,0.1,9.6,47,1020.0,100,20.1,20.3,635.0,22.1,46.0,34.1
2025-02-18 13:00:00,2025,2,18,13,Hà Nội,Xã Tây Phương,21.0403672,105.6115528,137,Unhealthy for Sensitive Groups,2,17.7,79,0.0,9.2,50,1018.7,100,21.9,22.1,625.0,22.8,48.0,36.6
2025-02-18 14:00:00,2025,2,18,14,Hà Nội,Xã Tây Phương,21.0403672,105.6115528,133,Unhealthy for Sensitive Groups,2,18.1,77,0.0,9.2,62,1017.5,100,25.7,26.0,615.0,22.6,51.0,37.9
2025-02-18 15:00:00,2025,2,18,15,Hà Nội,Xã Tây Phương,21.0403672,105.6115528,131,Unhealthy for Sensitive Groups,2,18.7,75,0.0,9.4,88,1016.6,100,27.7,28.0,616.0,22.7,54.0,38.7
2025-02-18 16:00:00,2025,2,18,16,Hà Nội,Xã Tây Phương,21.0403672,105.6115528,128,Unhealthy for Sensitive Groups,2,18.5,77,0.0,7.7,91,1016.2,100,30.7,31.1,668.0,26.5,52.0,40.9
2025-02-18 17:00:00,2025,2,18,17,Hà Nội,Xã Tây Phương,21.0403672,105.6115528,126,Unhealthy for Sensitive Groups,2,18.4,79,0.0,4.9,98,1016.5,100,33.2,33.5,803.0,37.6,40.0,45.2
2025-02-18 18:00:00,2025,2,18,18,Hà Nội,Xã Tây Phương,21.0403672,105.6115528,123,Unhealthy for Sensitive Groups,2,17.8,86,0.1,1.8,90,1016.9,100,42.6,43.0,990.0,52.5,22.0,50.9
2025-02-18 19:00:00,2025,2,18,19,Hà Nội,Xã Tây Phương,21.0403672,105.6115528,119,Unhealthy for Sensitive Groups,2,17.6,88,0.0,0.9,79,1017.2,100,46.6,46.8,1169.0,47.5,20.0,40.7
2025-02-18 20:00:00,2025,2,18,20,Hà Nội,Xã Tây Phương,21.0403672,105.6115528,116,Unhealthy for Sensitive Groups,2,16.5,87,0.0,4.7,67,1018.0,100,57.4,57.9,1347.0,49.4,17.0,43.8
2025-02-18 21:00:00,2025,2,18,21,Hà Nội,Xã Tây Phương,21.0403672,105.6115528,113,Unhealthy for Sensitive Groups,2,16.5,87,0.0,5.1,42,1018.9,100,65.2,65.7,1519.0,52.0,13.0,48.1
2025-02-18 22:00:00,2025,2,18,22,Hà Nội,Xã Tây Phương,21.0403672,105.6115528,110,Unhealthy for Sensitive Groups,2,16.2,86,0.0,4.9,39,1019.1,100,69.4,69.8,1606.0,53.7,9.0,51.0
2025-02-18 23:00:00,2025,2,18,23,Hà Nội,Xã Tây Phương,21.0403672,105.6115528,107,Unhealthy for Sensitive Groups,2,16.1,85,0.0,3.4,93,1019.2,100,78.0,78.7,1549.0,54.0,7.0,51.4
2025-02-19 00:00:00,2025,2,19,0,Hà Nội,Xã Tây Phương,21.0403672,105.6115528,106,Unhealthy for Sensitive Groups,2,16.0,86,0.0,2.7,110,1018.9,100,82.0,82.7,1408.0,53.4,5.0,50.6
2025-02-19 01:00:00,2025,2,19,1,Hà Nội,Xã Tây Phương,21.0403672,105.6115528,106,Unhealthy for Sensitive Groups,2,15.9,89,0.0,1.0,22,1018.6,100,81.3,82.0,1285.0,52.1,5.0,49.6
2025-02-19 02:00:00,2025,2,19,2,Hà Nội,Xã Tây Phương,21.0403672,105.6115528,108,Unhealthy for Sensitive Groups,2,15.9,87,0.0,3.0,25,1018.2,100,77.8,78.5,1204.0,49.7,6.0,48.7
2025-02-19 03:00:00,2025,2,19,3,Hà Nội,Xã Tây Phương,21.0403672,105.6115528,110,Unhealthy for Sensitive Groups,2,15.9,87,0.0,2.7,37,1017.6,100,72.4,73.1,1141.0,46.7,8.0,47.6
2025-02-19 04:00:00,2025,2,19,4,Hà Nội,Xã Tây Phương,21.0403672,105.6115528,114,Unhealthy for Sensitive Groups,2,15.9,87,0.0,3.5,78,1017.2,100,66.4,66.8,1128.0,44.5,9.0,47.2
2025-02-19 05:00:00,2025,2,19,5,Hà Nội,Xã Tây Phương,21.0403672,105.6115528,118,Unhealthy for Sensitive Groups,2,15.8,88,0.1,4.0,69,1017.2,100,63.8,64.3,1208.0,44.1,8.0,47.5
2025-02-19 06:00:00,2025,2,19,6,Hà Nội,Xã Tây Phương,21.0403672,105.6115528,123,Unhealthy for Sensitive Groups,2,15.9,90,0.0,3.1,50,1018.0,100,62.9,63.3,1339.0,44.6,6.0,48.3
2025-02-19 07:00:00,2025,2,19,7,Hà Nội,Xã Tây Phương,21.0403672,105.6115528,128,Unhealthy for Sensitive Groups,2,15.9,90,0.0,3.4,65,1018.5,100,61.9,62.2,1424.0,40.6,6.0,40.6
2025-02-19 08:00:00,2025,2,19,8,Hà Nội,Xã Tây Phương,21.0403672,105.6115528,132,Unhealthy for Sensitive Groups,2,15.9,92,0.0,3.2,71,1019.7,100,63.8,64.3,1426.0,39.6,9.0,44.4
2025-02-19 09:00:00,2025,2,19,9,Hà Nội,Xã Tây Phương,21.0403672,105.6115528,137,Unhealthy for Sensitive Groups,2,16.5,90,0.0,4.1,61,1020.4,100,61.7,62.2,1382.0,38.2,13.0,49.8
2025-02-19 10:00:00,2025,2,19,10,Hà Nội,Xã Tây Phương,21.0403672,105.6115528,141,Unhealthy for Sensitive Groups,2,17.2,88,0.1,4.6,69,1020.2,100,63.6,64.5,1306.0,37.4,18.0,54.5
2025-02-19 11:00:00,2025,2,19,11,Hà Nội,Xã Tây Phương,21.0403672,105.6115528,146,Unhealthy for Sensitive Groups,2,18.1,84,0.1,5.4,96,1019.3,100,65.0,66.1,1187.0,37.5,23.0,57.6
2025-02-19 12:00:00,2025,2,19,12,Hà Nội,Xã Tây Phương,21.0403672,105.6115528,150,Unhealthy for Sensitive Groups,2,18.5,83,0.1,7.3,115,1018.4,100,67.5,68.7,1036.0,38.1,28.0,59.9
2025-02-19 13:00:00,2025,2,19,13,Hà Nội,Xã Tây Phương,21.0403672,105.6115528,151,Unhealthy,3,19.1,80,0.0,7.8,124,1017.1,100,68.2,69.6,902.0,39.3,31.0,61.8
2025-02-19 14:00:00,2025,2,19,14,Hà Nội,Xã Tây Phương,21.0403672,105.6115528,152,Unhealthy,3,19.5,79,0.1,7.9,133,1015.8,100,68.7,70.1,798.0,40.7,33.0,62.8
2025-02-19 15:00:00,2025,2,19,15,Hà Nội,Xã Tây Phương,21.0403672,105.6115528,153,Unhealthy,3,19.9,78,0.1,6.6,139,1015.2,100,67.1,68.5,711.0,42.7,35.0,63.4
2025-02-19 16:00:00,2025,2,19,16,Hà Nội,Xã Tây Phương,21.0403672,105.6115528,154,Unhealthy,3,19.9,81,0.0,7.3,136,1014.7,100,68.5,69.8,656.0,46.6,32.0,65.0
2025-02-19 17:00:00,2025,2,19,17,Hà Nội,Xã Tây Phương,21.0403672,105.6115528,155,Unhealthy,3,19.6,86,0.0,9.4,133,1014.9,100,71.9,73.1,654.0,54.2,23.0,68.7
2025-02-19 18:00:00,2025,2,19,18,Hà Nội,Xã Tây Phương,21.0403672,105.6115528,156,Unhealthy,3,19.0,90,0.0,8.7,138,1015.4,100,88.7,89.9,684.0,63.6,10.0,73.4
2025-02-19 19:00:00,2025,2,19,19,Hà Nội,Xã Tây Phương,21.0403672,105.6115528,157,Unhealthy,3,18.9,91,0.0,8.0,144,1015.9,100,109.4,110.6,701.0,73.3,0.0,66.5
2025-02-19 20:00:00,2025,2,19,20,Hà Nội,Xã Tây Phương,21.0403672,105.6115528,158,Unhealthy,3,17.3,91,0.0,6.5,122,1017.4,100,122.0,123.4,683.0,73.0,0.0,69.1
2025-02-19 21:00:00,2025,2,19,21,Hà Nội,Xã Tây Phương,21.0403672,105.6115528,160,Unhealthy,3,17.4,92,0.0,4.2,133,1017.9,100,129.9,131.3,652.0,72.5,0.0,72.3
2025-02-19 22:00:00,2025,2,19,22,Hà Nội,Xã Tây Phương,21.0403672,105.6115528,161,Unhealthy,3,17.4,92,0.0,3.4,106,1018.1,100,129.0,130.4,625.0,71.6,0.0,72.8
2025-02-19 23:00:00,2025,2,19,23,Hà Nội,Xã Tây Phương,21.0403672,105.6115528,162,Unhealthy,3,17.3,93,0.0,3.2,90,1018.1,100,123.4,124.8,609.0,70.2,1.0,68.0
2025-02-20 00:00:00,2025,2,20,0,Hà Nội,Xã Tây Phương,21.0403672,105.6115528,163,Unhealthy,3,17.3,93,0.0,4.1,90,1017.9,100,118.5,119.7,597.0,68.5,3.0,60.5
2025-02-20 01:00:00,2025,2,20,1,Hà Nội,Xã Tây Phương,21.0403672,105.6115528,164,Unhealthy,3,17.3,94,0.0,3.4,93,1017.4,100,115.3,116.9,581.0,66.3,5.0,54.1
2025-02-20 02:00:00,2025,2,20,2,Hà Nội,Xã Tây Phương,21.0403672,105.6115528,165,Unhealthy,3,17.3,94,0.0,2.2,76,1016.9,100,113.2,114.8,552.0,63.1,7.0,50.2
2025-02-20 03:00:00,2025,2,20,3,Hà Nội,Xã Tây Phương,21.0403672,105.6115528,166,Unhealthy,3,17.3,95,0.0,2.4,77,1016.6,100,111.1,112.7,519.0,59.5,8.0,47.4
2025-02-20 04:00:00,2025,2,20,4,Hà Nội,Xã Tây Phương,21.0403672,105.6115528,166,Unhealthy,3,17.4,95,0.0,3.1,69,1016.3,100,106.9,108.7,505.0,57.0,10.0,45.5
2025-02-20 05:00:00,2025,2,20,5,Hà Nội,Xã Tây Phương,21.0403672,105.6115528,167,Unhealthy,3,17.3,95,0.0,3.2,52,1016.7,100,101.3,103.1,530.0,57.5,9.0,45.2
2025-02-20 06:00:00,2025,2,20,6,Hà Nội,Xã Tây Phương,21.0403672,105.6115528,168,Unhealthy,3,17.1,97,0.0,3.1,59,1017.3,100,95.7,97.8,573.0,59.0,8.0,45.8
2025-02-20 07:00:00,2025,2,20,7,Hà Nội,Xã Tây Phương,21.0403672,105.6115528,169,Unhealthy,3,17.4,95,0.0,2.9,79,1017.8,53,96.2,98.5,592.0,57.6,12.0,44.4
2025-02-20 08:00:00,2025,2,20,8,Hà Nội,Xã Tây Phương,21.0403672,105.6115528,170,Unhealthy,3,18.2,91,0.0,3.4,148,1019.1,100,84.3,86.6,562.0,51.7,23.0,42.4
2025-02-20 09:00:00,2025,2,20,9,Hà Nội,Xã Tây Phương,21.0403672,105.6115528,170,Unhealthy,3,19.4,87,0.0,4.7,140,1019.6,100,71.7,74.3,507.0,43.4,38.0,39.4
2025-02-20 10:00:00,2025,2,20,10,Hà Nội,Xã Tây Phương,21.0403672,105.6115528,170,Unhealthy,3,20.0,83,0.0,6.6,139,1019.6,100,65.4,68.5,461.0,35.6,53.0,36.4
2025-02-20 11:00:00,2025,2,20,11,Hà Nội,Xã Tây Phương,21.0403672,105.6115528,170,Unhealthy,3,20.2,83,0.2,6.8,145,1019.3,100,52.4,54.7,436.0,28.8,68.0,33.3
2025-02-20 12:00:00,2025,2,20,12,Hà Nội,Xã Tây Phương,21.0403672,105.6115528,170,Unhealthy,3,20.9,81,0.2,7.5,140,1018.6,100,46.7,49.1,419.0,22.4,83.0,30.1
2025-02-20 13:00:00,2025,2,20,13,Hà Nội,Xã Tây Phương,21.0403672,105.6115528,170,Unhealthy,3,22.2,75,0.0,7.5,136,1017.2,98,41.6,44.0,408.0,18.1,94.0,27.6
2025-02-20 14:00:00,2025,2,20,14,Hà Nội,Xã Tây Phương,21.0403672,105.6115528,169,Unhealthy,3,23.5,68,0.0,10.0,146,1015.8,100,40.5,43.0,396.0,15.9,99.0,25.6
2025-02-20 15:00:00,2025,2,20,15,Hà Nội,Xã Tây Phương,21.0403672,105.6115528,168,Unhealthy,3,23.8,67,0.0,11.9,149,1015.1,100,39.0,41.2,389.0,15.8,99.0,24.3
2025-02-20 16:00:00,2025,2,20,16,Hà Nội,Xã Tây Phương,21.0403672,105.6115528,168,Unhealthy,3,23.2,71,0.0,13.1,136,1014.9,100,40.2,42.3,401.0,18.7,93.0,24.6
2025-02-20 17:00:00,2025,2,20,17,Hà Nội,Xã Tây Phương,21.0403672,105.6115528,167,Unhealthy,3,22.6,76,0.0,13.4,123,1015.1,100,44.8,46.7,452.0,27.3,78.0,27.7
2025-02-20 18:00:00,2025,2,20,18,Hà Nội,Xã Tây Phương,21.0403672,105.6115528,167,Unhealthy,3,21.8,80,0.0,12.5,127,1015.7,16,50.6,52.4,522.0,39.0,58.0,32.5
2025-02-20 19:00:00,2025,2,20,19,Hà Nội,Xã Tây Phương,21.0403672,105.6115528,166,Unhealthy,3,20.4,87,0.0,12.0,134,1016.5,34,80.1,82.4,562.0,63.8,20.0,42.2
2025-02-20 20:00:00,2025,2,20,20,Hà Nội,Xã Tây Phương,21.0403672,105.6115528,165,Unhealthy,3,19.8,92,0.0,10.0,118,1017.1,100,77.8,79.9,542.0,62.0,21.0,41.9
2025-02-20 21:00:00,2025,2,20,21,Hà Nội,Xã Tây Phương,21.0403672,105.6115528,164,Unhealthy,3,19.7,91,0.0,11.1,122,1017.6,100,75.0,76.8,492.0,59.4,21.0,41.3
2025-02-20 22:00:00,2025,2,20,22,Hà Nội,Xã Tây Phương,21.0403672,105.6115528,163,Unhealthy,3,19.4,92,0.0,10.0,129,1018.1,97,70.5,72.2,454.0,56.7,22.0,40.3
2025-02-20 23:00:00,2025,2,20,23,Hà Nội,Xã Tây Phương,21.0403672,105.6115528,162,Unhealthy,3,18.9,94,0.0,9.3,136,1018.4,100,66.6,68.2,446.0,54.0,23.0,38.5
2025-02-21 00:00:00,2025,2,21,0,Hà Nội,Xã Tây Phương,21.0403672,105.6115528,160,Unhealthy,3,18.6,95,0.0,8.9,142,1018.4,96,61.5,62.9,449.0,51.3,23.0,36.3
2025-02-21 01:00:00,2025,2,21,1,Hà Nội,Xã Tây Phương,21.0403672,105.6115528,159,Unhealthy,3,18.1,97,0.0,7.7,144,1018.0,100,57.3,58.6,449.0,48.6,24.0,34.3
2025-02-21 02:00:00,2025,2,21,2,Hà Nội,Xã Tây Phương,21.0403672,105.6115528,158,Unhealthy,3,17.9,97,0.0,7.7,150,1017.9,96,54.1,55.3,436.0,45.8,25.0,32.5
2025-02-21 03:00:00,2025,2,21,3,Hà Nội,Xã Tây Phương,21.0403672,105.6115528,157,Unhealthy,3,17.8,98,0.0,4.5,140,1017.8,91,52.2,53.6,421.0,43.0,25.0,31.0
2025-02-21 04:00:00,2025,2,21,4,Hà Nội,Xã Tây Phương,21.0403672,105.6115528,155,Unhealthy,3,17.6,98,0.0,5.2,134,1017.8,100,51.3,53.2,421.0,41.2,25.0,30.3
2025-02-21 05:00:00,2025,2,21,5,Hà Nội,Xã Tây Phương,21.0403672,105.6115528,154,Unhealthy,3,17.6,98,0.0,6.0,136,1017.7,100,51.6,54.1,455.0,41.5,24.0,31.0
2025-02-21 06:00:00,2025,2,21,6,Hà Nội,Xã Tây Phương,21.0403672,105.6115528,153,Unhealthy,3,17.9,96,0.0,7.2,143,1018.1,100,51.2,54.0,506.0,42.7,21.0,32.6
2025-02-21 07:00:00,2025,2,21,7,Hà Nội,Xã Tây Phương,21.0403672,105.6115528,152,Unhealthy,3,18.2,95,0.0,7.0,140,1018.9,100,45.5,47.5,537.0,37.4,27.0,30.0
2025-02-21 08:00:00,2025,2,21,8,Hà Nội,Xã Tây Phương,21.0403672,105.6115528,151,Unhealthy,3,19.7,89,0.0,10.0,123,1019.8,99,37.6,39.2,530.0,34.4,25.0,30.3
2025-02-21 09:00:00,2025,2,21,9,Hà Nội,Xã Tây Phương,21.0403672,105.6115528,149,Unhealthy for Sensitive Groups,2,20.7,83,0.0,15.4,106,1020.5,85,29.7,30.9,505.0,30.1,24.0,30.6
2025-02-21 10:00:00,2025,2,21,10,Hà Nội,Xã Tây Phương,21.0403672,105.6115528,145,Unhealthy for Sensitive Groups,2,22.0,77,0.1,17.7,105,1020.4,97,23.1,23.9,481.0,26.1,25.0,30.7
2025-02-21 11:00:00,2025,2,21,11,Hà Nội,Xã Tây Phương,21.0403672,105.6115528,141,Unhealthy for Sensitive Groups,2,21.9,77,0.3,17.3,106,1020.0,100,19.4,20.0,469.0,22.4,32.0,30.4
2025-02-21 12:00:00,2025,2,21,12,Hà Nội,Xã Tây Phương,21.0403672,105.6115528,137,Unhealthy for Sensitive Groups,2,22.1,75,0.2,16.3,115,1019.2,100,17.2,17.5,458.0,18.9,42.0,29.9
2025-02-21 13:00:00,2025,2,21,13,Hà Nội,Xã Tây Phương,21.0403672,105.6115528,134,Unhealthy for Sensitive Groups,2,21.8,77,0.4,15.8,120,1018.2,100,19.7,20.1,444.0,17.0,50.0,29.5
2025-02-21 14:00:00,2025,2,21,14,Hà Nội,Xã Tây Phương,21.0403672,105.6115528,132,Unhealthy for Sensitive Groups,2,21.7,77,0.3,15.8,127,1017.0,99,25.9,26.7,415.0,17.2,55.0,28.9
2025-02-21 15:00:00,2025,2,21,15,Hà Nội,Xã Tây Phương,21.0403672,105.6115528,130,Unhealthy for Sensitive Groups,2,21.6,78,0.0,14.7,126,1016.3,54,28.5,29.2,382.0,19.0,59.0,28.3
2025-02-21 16:00:00,2025,2,21,16,Hà Nội,Xã Tây Phương,21.0403672,105.6115528,129,Unhealthy for Sensitive Groups,2,22.4,72,0.0,17.6,125,1015.8,100,29.1,29.8,372.0,22.4,58.0,28.8
2025-02-21 17:00:00,2025,2,21,17,Hà Nội,Xã Tây Phương,21.0403672,105.6115528,128,Unhealthy for Sensitive Groups,2,21.7,75,0.0,14.2,128,1016.2,100,31.4,32.0,406.0,28.7,50.0,31.3
2025-02-21 18:00:00,2025,2,21,18,Hà Nội,Xã Tây Phương,21.0403672,105.6115528,127,Unhealthy for Sensitive Groups,2,20.9,78,0.0,13.0,125,1017.0,100,37.6,38.3,462.0,36.7,37.0,34.9
2025-02-21 19:00:00,2025,2,21,19,Hà Nội,Xã Tây Phương,21.0403672,105.6115528,125,Unhealthy for Sensitive Groups,2,20.4,81,0.0,11.6,126,1017.7,100,42.7,43.4,503.0,42.7,23.0,36.0
2025-02-21 20:00:00,2025,2,21,20,Hà Nội,Xã Tây Phương,21.0403672,105.6115528,121,Unhealthy for Sensitive Groups,2,18.5,92,0.1,10.0,82,1018.8,100,43.0,43.4,512.0,42.6,21.0,37.0
2025-02-21 21:00:00,2025,2,21,21,Hà Nội,Xã Tây Phương,21.0403672,105.6115528,118,Unhealthy for Sensitive Groups,2,18.2,91,0.0,7.8,86,1019.9,100,42.7,43.3,507.0,42.3,18.0,38.3
2025-02-21 22:00:00,2025,2,21,22,Hà Nội,Xã Tây Phương,21.0403672,105.6115528,114,Unhealthy for Sensitive Groups,2,18.0,92,0.1,7.6,91,1020.2,100,42.7,43.3,501.0,41.7,16.0,38.7
2025-02-21 23:00:00,2025,2,21,23,Hà Nội,Xã Tây Phương,21.0403672,105.6115528,111,Unhealthy for Sensitive Groups,2,17.8,93,0.2,6.0,95,1019.9,100,43.4,44.1,499.0,40.6,16.0,37.5
2025-02-22 00:00:00,2025,2,22,0,Hà Nội,Xã Tây Phương,21.0403672,105.6115528,109,Unhealthy for Sensitive Groups,2,17.6,95,0.2,4.6,101,1019.7,100,44.9,46.1,497.0,39.1,16.0,35.4
2025-02-22 01:00:00,2025,2,22,1,Hà Nội,Xã Tây Phương,21.0403672,105.6115528,107,Unhealthy for Sensitive Groups,2,17.8,96,1.0,6.4,119,1019.6,100,46.0,47.3,496.0,37.7,16.0,33.4
2025-02-22 02:00:00,2025,2,22,2,Hà Nội,Xã Tây Phương,21.0403672,105.6115528,106,Unhealthy for Sensitive Groups,2,17.8,96,0.9,7.8,128,1018.8,100,45.8,46.9,494.0,36.1,16.0,31.7
2025-02-22 03:00:00,2025,2,22,3,Hà Nội,Xã Tây Phương,21.0403672,105.6115528,105,Unhealthy for Sensitive Groups,2,17.8,94,8.4,6.5,124,1018.2,100,45.5,46.7,493.0,34.6,16.0,30.1
2025-02-22 04:00:00,2025,2,22,4,Hà Nội,Xã Tây Phương,21.0403672,105.6115528,105,Unhealthy for Sensitive Groups,2,17.6,95,0.3,7.4,129,1017.8,100,44.7,45.8,506.0,33.7,15.0,29.5
2025-02-22 05:00:00,2025,2,22,5,Hà Nội,Xã Tây Phương,21.0403672,105.6115528,104,Unhealthy for Sensitive Groups,2,17.5,95,0.1,8.1,129,1018.0,100,44.0,44.9,544.0,34.2,13.0,30.1
2025-02-22 06:00:00,2025,2,22,6,Hà Nội,Xã Tây Phương,21.0403672,105.6115528,103,Unhealthy for Sensitive Groups,2,17.4,94,0.2,8.6,120,1018.7,100,44.1,44.9,596.0,35.3,9.0,31.7
2025-02-22 07:00:00,2025,2,22,7,Hà Nội,Xã Tây Phương,21.0403672,105.6115528,102,Unhealthy for Sensitive Groups,2,17.2,94,0.3,7.2,109,1019.6,100,49.5,50.1,643.0,36.9,10.0,33.8
2025-02-22 08:00:00,2025,2,22,8,Hà Nội,Xã Tây Phương,21.0403672,105.6115528,103,Unhealthy for Sensitive Groups,2,17.4,96,0.3,6.5,85,1020.3,100,51.2,51.9,692.0,36.4,12.0,36.4
2025-02-22 09:00:00,2025,2,22,9,Hà Nội,Xã Tây Phương,21.0403672,105.6115528,104,Unhealthy for Sensitive Groups,2,17.5,93,0.3,6.3,72,1021.2,100,50.5,51.2,737.0,35.7,16.0,40.0
2025-02-22 10:00:00,2025,2,22,10,Hà Nội,Xã Tây Phương,21.0403672,105.6115528,106,Unhealthy for Sensitive Groups,2,18.0,90,0.4,8.3,74,1021.6,100,49.1,49.7,741.0,34.3,21.0,41.8
2025-02-22 11:00:00,2025,2,22,11,Hà Nội,Xã Tây Phương,21.0403672,105.6115528,109,Unhealthy for Sensitive Groups,2,19.0,85,0.1,9.5,80,1020.9,100,49.5,50.3,672.0,31.4,30.0,40.3
2025-02-22 12:00:00,2025,2,22,12,Hà Nội,Xã Tây Phương,21.0403672,105.6115528,112,Unhealthy for Sensitive Groups,2,20.5,77,0.1,7.8,86,1019.9,100,46.1,46.8,563.0,27.9,42.0,37.1
2025-02-22 13:00:00,2025,2,22,13,Hà Nội,Xã Tây Phương,21.0403672,105.6115528,115,Unhealthy for Sensitive Groups,2,21.2,76,0.0,5.1,96,1018.9,100,42.0,42.7,474.0,25.8,51.0,34.5
2025-02-22 14:00:00,2025,2,22,14,Hà Nội,Xã Tây Phương,21.0403672,105.6115528,117,Unhealthy for Sensitive Groups,2,21.6,75,0.0,5.2,131,1017.3,100,43.2,43.9,422.0,24.9,58.0,32.5
2025-02-22 15:00:00,2025,2,22,15,Hà Nội,Xã Tây Phương,21.0403672,105.6115528,119,Unhealthy for Sensitive Groups,2,21.5,77,0.0,8.9,137,1016.6,100,46.9,47.8,391.0,25.4,62.0,31.1
2025-02-22 16:00:00,2025,2,22,16,Hà Nội,Xã Tây Phương,21.0403672,105.6115528,121,Unhealthy for Sensitive Groups,2,21.2,78,0.0,10.4,132,1016.6,100,46.6,47.5,391.0,30.3,60.0,32.4
2025-02-22 17:00:00,2025,2,22,17,Hà Nội,Xã Tây Phương,21.0403672,105.6115528,123,Unhealthy for Sensitive Groups,2,21.1,80,0.0,9.7,132,1016.9,100,57.5,58.6,449.0,43.6,45.0,38.7
2025-02-22 18:00:00,2025,2,22,18,Hà Nội,Xã Tây Phương,21.0403672,105.6115528,126,Unhealthy for Sensitive Groups,2,20.5,82,0.0,9.4,135,1017.4,100,91.3,92.7,538.0,61.2,24.0,47.6
2025-02-22 19:00:00,2025,2,22,19,Hà Nội,Xã Tây Phương,21.0403672,105.6115528,131,Unhealthy for Sensitive Groups,2,20.2,83,0.0,10.6,137,1018.3,100,83.1,84.3,596.0,69.1,9.0,44.9
2025-02-22 20:00:00,2025,2,22,20,Hà Nội,Xã Tây Phương,21.0403672,105.6115528,136,Unhealthy for Sensitive Groups,2,19.2,90,0.0,9.0,128,1019.5,100,84.1,85.2,588.0,67.2,11.0,44.5
2025-02-22 21:00:00,2025,2,22,21,Hà Nội,Xã Tây Phương,21.0403672,105.6115528,140,Unhealthy for Sensitive Groups,2,19.2,89,0.0,8.1,127,1020.3,100,80.1,81.0,548.0,64.5,13.0,43.7
2025-02-22 22:00:00,2025,2,22,22,Hà Nội,Xã Tây Phương,21.0403672,105.6115528,144,Unhealthy for Sensitive Groups,2,19.1,89,0.0,7.8,132,1021.1,100,75.9,76.6,516.0,61.4,16.0,42.5
2025-02-22 23:00:00,2025,2,22,23,Hà Nội,Xã Tây Phương,21.0403672,105.6115528,147,Unhealthy for Sensitive Groups,2,18.9,90,0.1,7.8,132,1021.0,100,73.1,74.0,504.0,58.3,18.0,40.3
2025-02-23 00:00:00,2025,2,23,0,Hà Nội,Xã Tây Phương,21.0403672,105.6115528,150,Unhealthy for Sensitive Groups,2,18.7,92,0.1,6.3,127,1021.0,100,71.5,72.4,501.0,54.9,21.0,37.7
2025-02-23 01:00:00,2025,2,23,1,Hà Nội,Xã Tây Phương,21.0403672,105.6115528,151,Unhealthy,3,18.5,92,0.1,5.8,112,1021.1,100,71.9,72.9,513.0,51.0,22.0,35.3
2025-02-23 02:00:00,2025,2,23,2,Hà Nội,Xã Tây Phương,21.0403672,105.6115528,151,Unhealthy,3,18.4,93,0.1,4.9,94,1020.6,100,71.2,72.2,549.0,46.5,22.0,33.6
2025-02-23 03:00:00,2025,2,23,3,Hà Nội,Xã Tây Phương,21.0403672,105.6115528,152,Unhealthy,3,18.0,97,0.3,7.3,65,1020.4,100,66.8,67.5,600.0,41.4,21.0,32.1
2025-02-23 04:00:00,2025,2,23,4,Hà Nội,Xã Tây Phương,21.0403672,105.6115528,152,Unhealthy,3,17.4,95,0.3,10.6,60,1020.6,100,57.0,57.5,645.0,36.3,20.0,31.0
2025-02-23 05:00:00,2025,2,23,5,Hà Nội,Xã Tây Phương,21.0403672,105.6115528,153,Unhealthy,3,16.5,95,0.3,12.4,57,1021.3,100,40.5,40.9,675.0,30.6,19.0,30.1
2025-02-23 06:00:00,2025,2,23,6,Hà Nội,Xã Tây Phương,21.0403672,105.6115528,152,Unhealthy,3,15.9,94,0.5,13.6,54,1022.5,100,26.2,26.3,700.0,24.9,19.0,29.5
2025-02-23 07:00:00,2025,2,23,7,Hà Nội,Xã Tây Phương,21.0403672,105.6115528,152,Unhealthy,3,15.4,93,1.0,14.8,54,1023.7,100,21.3,21.4,722.0,21.3,18.0,29.1
2025-02-23 08:00:00,2025,2,23,8,Hà Nội,Xã Tây Phương,21.0403672,105.6115528,151,Unhealthy,3,15.9,92,0.4,18.0,54,1024.4,100,15.0,15.0,748.0,20.1,21.0,29.0
2025-02-23 09:00:00,2025,2,23,9,Hà Nội,Xã Tây Phương,21.0403672,105.6115528,151,Unhealthy,3,15.8,88,0.5,18.4,49,1025.6,100,12.6,12.7,773.0,18.3,24.0,28.8
2025-02-23 10:00:00,2025,2,23,10,Hà Nội,Xã Tây Phương,21.0403672,105.6115528,149,Unhealthy for Sensitive Groups,2,15.6,84,0.3,17.2,44,1026.3,100,11.0,11.0,779.0,16.7,29.0,28.3
2025-02-23 11:00:00,2025,2,23,11,Hà Nội,Xã Tây Phương,21.0403672,105.6115528,145,Unhealthy for Sensitive Groups,2,16.1,81,0.3,14.8,38,1025.9,100,10.6,10.7,754.0,15.2,35.0,27.2
2025-02-23 12:00:00,2025,2,23,12,Hà Nội,Xã Tây Phương,21.0403672,105.6115528,141,Unhealthy for Sensitive Groups,2,16.6,76,0.2,14.7,33,1025.2,100,11.3,11.4,710.0,13.8,43.0,25.9
2025-02-23 13:00:00,2025,2,23,13,Hà Nội,Xã Tây Phương,21.0403672,105.6115528,137,Unhealthy for Sensitive Groups,2,17.1,71,0.0,13.7,34,1024.2,100,11.1,11.2,675.0,12.9,49.0,24.8
2025-02-23 14:00:00,2025,2,23,14,Hà Nội,Xã Tây Phương,21.0403672,105.6115528,134,Unhealthy for Sensitive Groups,2,17.1,69,0.0,12.6,33,1022.9,100,11.3,11.4,647.0,12.5,54.0,24.0
2025-02-23 15:00:00,2025,2,23,15,Hà Nội,Xã Tây Phương,21.0403672,105.6115528,131,Unhealthy for Sensitive Groups,2,17.5,67,0.0,11.1,31,1022.3,100,12.3,12.5,628.0,12.7,58.0,23.6
2025-02-23 16:00:00,2025,2,23,16,Hà Nội,Xã Tây Phương,21.0403672,105.6115528,127,Unhealthy for Sensitive Groups,2,18.0,65,0.0,10.6,34,1022.2,100,12.9,13.0,645.0,13.9,59.0,23.8
2025-02-23 17:00:00,2025,2,23,17,Hà Nội,Xã Tây Phương,21.0403672,105.6115528,124,Unhealthy for Sensitive Groups,2,18.0,64,0.0,11.2,40,1022.4,100,14.8,14.9,735.0,17.2,55.0,25.4
2025-02-23 18:00:00,2025,2,23,18,Hà Nội,Xã Tây Phương,21.0403672,105.6115528,119,Unhealthy for Sensitive Groups,2,17.5,65,0.0,9.3,46,1022.7,100,17.8,17.9,862.0,21.5,48.0,27.8
2025-02-23 19:00:00,2025,2,23,19,Hà Nội,Xã Tây Phương,21.0403672,105.6115528,112,Unhealthy for Sensitive Groups,2,17.2,67,0.0,7.8,42,1023.5,100,20.3,20.3,948.0,21.3,40.0,26.6
2025-02-23 20:00:00,2025,2,23,20,Hà Nội,Xã Tây Phương,21.0403672,105.6115528,105,Unhealthy for Sensitive Groups,2,15.4,73,0.0,10.7,57,1025.3,100,20.1,20.1,955.0,21.0,40.0,26.7
2025-02-23 21:00:00,2025,2,23,21,Hà Nội,Xã Tây Phương,21.0403672,105.6115528,99,Moderate,1,15.4,72,0.0,9.4,48,1026.3,100,19.7,19.8,922.0,20.5,39.0,26.7
2025-02-23 22:00:00,2025,2,23,22,Hà Nội,Xã Tây Phương,21.0403672,105.6115528,93,Moderate,1,15.1,73,0.1,10.1,31,1027.2,100,19.3,19.4,884.0,19.8,39.0,26.3
2025-02-23 23:00:00,2025,2,23,23,Hà Nội,Xã Tây Phương,21.0403672,105.6115528,88,Moderate,1,14.8,74,0.1,10.1,33,1027.6,100,17.8,17.9,851.0,18.6,40.0,25.0
2025-02-24 00:00:00,2025,2,24,0,Hà Nội,Xã Tây Phương,21.0403672,105.6115528,83,Moderate,1,14.5,76,0.1,11.4,28,1027.4,100,15.9,16.0,812.0,17.1,41.0,23.3
2025-02-24 01:00:00,2025,2,24,1,Hà Nội,Xã Tây Phương,21.0403672,105.6115528,78,Moderate,1,14.2,76,0.0,12.1,28,1027.0,100,14.4,14.5,776.0,16.1,41.0,22.2
2025-02-24 02:00:00,2025,2,24,2,Hà Nội,Xã Tây Phương,21.0403672,105.6115528,73,Moderate,1,13.9,76,0.0,11.4,35,1026.7,100,14.0,14.1,744.0,15.6,40.0,22.0
2025-02-24 03:00:00,2025,2,24,3,Hà Nội,Xã Tây Phương,21.0403672,105.6115528,68,Moderate,1,13.7,78,0.2,10.7,37,1025.9,100,14.5,14.6,714.0,15.5,39.0,22.4
2025-02-24 04:00:00,2025,2,24,4,Hà Nội,Xã Tây Phương,21.0403672,105.6115528,64,Moderate,1,13.3,82,0.3,11.7,41,1025.7,100,15.0,15.1,684.0,16.0,37.0,23.3
2025-02-24 05:00:00,2025,2,24,5,Hà Nội,Xã Tây Phương,21.0403672,105.6115528,60,Moderate,1,12.9,84,0.3,13.9,41,1026.1,100,15.6,15.8,645.0,17.7,34.0,25.1
2025-02-24 06:00:00,2025,2,24,6,Hà Nội,Xã Tây Phương,21.0403672,105.6115528,58,Moderate,1,12.4,84,0.2,15.0,37,1026.4,100,16.6,16.8,607.0,19.9,31.0,27.5
2025-02-24 07:00:00,2025,2,24,7,Hà Nội,Xã Tây Phương,21.0403672,105.6115528,57,Moderate,1,12.3,83,0.1,14.2,32,1027.6,100,17.3,17.5,595.0,19.7,30.0,26.9
2025-02-24 08:00:00,2025,2,24,8,Hà Nội,Xã Tây Phương,21.0403672,105.6115528,56,Moderate,1,12.7,84,0.1,14.3,44,1028.8,100,18.2,18.3,635.0,19.2,31.0,27.9
2025-02-24 09:00:00,2025,2,24,9,Hà Nội,Xã Tây Phương,21.0403672,105.6115528,57,Moderate,1,12.9,80,0.0,12.5,45,1029.9,100,19.0,19.3,702.0,18.4,33.0,29.1
2025-02-24 10:00:00,2025,2,24,10,Hà Nội,Xã Tây Phương,21.0403672,105.6115528,57,Moderate,1,13.2,78,0.1,12.4,41,1029.9,100,19.8,20.2,745.0,17.6,35.0,30.0
2025-02-24 11:00:00,2025,2,24,11,Hà Nội,Xã Tây Phương,21.0403672,105.6115528,58,Moderate,1,13.9,74,0.1,11.8,44,1029.1,100,20.3,20.6,738.0,16.7,39.0,29.8
2025-02-24 12:00:00,2025,2,24,12,Hà Nội,Xã Tây Phương,21.0403672,105.6115528,59,Moderate,1,14.3,72,0.0,9.9,38,1028.1,100,20.7,21.0,708.0,15.7,44.0,29.1
2025-02-24 13:00:00,2025,2,24,13,Hà Nội,Xã Tây Phương,21.0403672,105.6115528,60,Moderate,1,14.8,70,0.0,9.2,35,1026.6,100,20.5,20.9,683.0,15.6,48.0,29.1
2025-02-24 14:00:00,2025,2,24,14,Hà Nội,Xã Tây Phương,21.0403672,105.6115528,61,Moderate,1,15.0,68,0.0,7.7,33,1025.1,100,21.5,21.8,658.0,16.3,50.0,30.2
2025-02-24 15:00:00,2025,2,24,15,Hà Nội,Xã Tây Phương,21.0403672,105.6115528,62,Moderate,1,15.2,68,0.0,6.8,32,1024.2,100,27.0,27.5,640.0,17.7,50.0,31.9
2025-02-24 16:00:00,2025,2,24,16,Hà Nội,Xã Tây Phương,21.0403672,105.6115528,63,Moderate,1,15.2,68,0.0,5.8,39,1023.8,100,25.3,25.7,673.0,20.6,48.0,34.5
2025-02-24 17:00:00,2025,2,24,17,Hà Nội,Xã Tây Phương,21.0403672,105.6115528,64,Moderate,1,15.1,69,0.0,5.6,27,1024.0,100,27.1,27.5,790.0,25.9,42.0,38.1
2025-02-24 18:00:00,2025,2,24,18,Hà Nội,Xã Tây Phương,21.0403672,105.6115528,65,Moderate,1,14.8,72,0.0,4.8,42,1023.9,100,32.9,33.5,959.0,32.6,34.0,42.5
2025-02-24 19:00:00,2025,2,24,19,Hà Nội,Xã Tây Phương,21.0403672,105.6115528,66,Moderate,1,14.4,76,0.0,3.1,13,1024.7,100,35.9,36.2,1133.0,35.2,21.0,35.8
2025-02-24 20:00:00,2025,2,24,20,Hà Nội,Xã Tây Phương,21.0403672,105.6115528,68,Moderate,1,12.9,89,0.0,3.9,68,1026.0,92,34.2,34.6,1328.0,35.4,21.0,38.2
2025-02-24 21:00:00,2025,2,24,21,Hà Nội,Xã Tây Phương,21.0403672,105.6115528,69,Moderate,1,12.9,88,0.0,3.3,61,1026.3,86,35.0,35.3,1527.0,35.8,20.0,41.6
2025-02-24 22:00:00,2025,2,24,22,Hà Nội,Xã Tây Phương,21.0403672,105.6115528,70,Moderate,1,13.1,87,0.1,0.9,101,1026.8,100,36.6,36.9,1640.0,36.3,19.0,44.6
2025-02-24 23:00:00,2025,2,24,23,Hà Nội,Xã Tây Phương,21.0403672,105.6115528,72,Moderate,1,13.2,87,0.0,0.5,90,1026.4,100,38.8,39.1,1618.0,37.2,17.0,46.9
2025-02-25 00:00:00,2025,2,25,0,Hà Nội,Xã Tây Phương,21.0403672,105.6115528,74,Moderate,1,13.1,89,0.0,0.9,270,1026.1,100,38.5,38.9,1508.0,38.4,15.0,48.8
2025-02-25 01:00:00,2025,2,25,1,Hà Nội,Xã Tây Phương,21.0403672,105.6115528,76,Moderate,1,13.3,88,0.1,1.2,321,1025.1,100,38.2,38.4,1362.0,39.0,13.0,49.9
2025-02-25 02:00:00,2025,2,25,2,Hà Nội,Xã Tây Phương,21.0403672,105.6115528,78,Moderate,1,13.1,90,0.1,3.4,357,1023.9,100,37.8,38.2,1155.0,38.7,12.0,49.7
2025-02-25 03:00:00,2025,2,25,3,Hà Nội,Xã Tây Phương,21.0403672,105.6115528,80,Moderate,1,12.9,93,0.0,2.7,340,1023.3,100,37.5,37.7,911.0,38.0,11.0,48.7
2025-02-25 04:00:00,2025,2,25,4,Hà Nội,Xã Tây Phương,21.0403672,105.6115528,82,Moderate,1,13.0,92,0.0,2.0,333,1023.0,100,38.2,38.4,751.0,37.5,11.0,48.6
2025-02-25 05:00:00,2025,2,25,5,Hà Nội,Xã Tây Phương,21.0403672,105.6115528,84,Moderate,1,13.1,92,0.0,2.1,345,1023.4,100,39.1,39.3,741.0,37.9,10.0,50.6
2025-02-25 06:00:00,2025,2,25,6,Hà Nội,Xã Tây Phương,21.0403672,105.6115528,86,Moderate,1,13.2,92,0.0,2.8,349,1024.1,100,40.2,40.4,815.0,38.5,9.0,53.5
2025-02-25 07:00:00,2025,2,25,7,Hà Nội,Xã Tây Phương,21.0403672,105.6115528,88,Moderate,1,13.5,92,0.0,4.0,339,1024.9,100,32.7,32.8,898.0,40.8,8.0,59.2
2025-02-25 08:00:00,2025,2,25,8,Hà Nội,Xã Tây Phương,21.0403672,105.6115528,90,Moderate,1,13.6,95,0.6,3.2,27,1026.0,100,32.1,32.4,995.0,38.8,12.0,60.0
2025-02-25 09:00:00,2025,2,25,9,Hà Nội,Xã Tây Phương,21.0403672,105.6115528,91,Moderate,1,13.7,95,0.8,5.2,46,1026.6,100,32.4,32.6,1100.0,36.0,17.0,61.0
2025-02-25 10:00:00,2025,2,25,10,Hà Nội,Xã Tây Phương,21.0403672,105.6115528,92,Moderate,1,13.8,93,1.1,5.3,38,1026.8,100,33.9,34.2,1127.0,33.3,24.0,60.9
2025-02-25 11:00:00,2025,2,25,11,Hà Nội,Xã Tây Phương,21.0403672,105.6115528,93,Moderate,1,13.9,92,1.1,6.0,5,1026.4,100,35.2,35.4,999.0,30.6,33.0,58.6
2025-02-25 12:00:00,2025,2,25,12,Hà Nội,Xã Tây Phương,21.0403672,105.6115528,95,Moderate,1,14.2,91,0.9,5.4,358,1025.7,100,34.9,35.3,791.0,28.0,43.0,55.3
2025-02-25 13:00:00,2025,2,25,13,Hà Nội,Xã Tây Phương,21.0403672,105.6115528,96,Moderate,1,14.5,89,1.0,4.0,21,1024.5,100,36.6,36.9,646.0,26.5,51.0,52.6
2025-02-25 14:00:00,2025,2,25,14,Hà Nội,Xã Tây Phương,21.0403672,105.6115528,97,Moderate,1,14.9,88,0.8,4.2,25,1023.3,100,36.4,36.7,606.0,25.7,58.0,51.0
2025-02-25 15:00:00,2025,2,25,15,Hà Nội,Xã Tây Phương,21.0403672,105.6115528,99,Moderate,1,15.8,86,0.5,4.1,34,1022.4,100,34.8,35.2,627.0,26.1,62.0,50.1
2025-02-25 16:00:00,2025,2,25,16,Hà Nội,Xã Tây Phương,21.0403672,105.6115528,99,Moderate,1,15.7,88,0.5,4.0,80,1022.2,100,32.7,32.8,724.0,30.2,60.0,50.6
2025-02-25 17:00:00,2025,2,25,17,Hà Nội,Xã Tây Phương,21.0403672,105.6115528,100,Moderate,1,15.6,92,0.4,4.8,103,1022.2,100,34.3,34.6,945.0,41.6,46.0,53.0
2025-02-25 18:00:00,2025,2,25,18,Hà Nội,Xã Tây Phương,21.0403672,105.6115528,101,Unhealthy for Sensitive Groups,2,15.2,95,0.2,2.3,119,1022.8,100,43.8,44.0,1241.0,56.8,25.0,56.8
2025-02-25 19:00:00,2025,2,25,19,Hà Nội,Xã Tây Phương,21.0403672,105.6115528,102,Unhealthy for Sensitive Groups,2,15.1,96,0.1,1.4,130,1023.6,100,52.7,52.9,1475.0,69.7,9.0,63.2
2025-02-25 20:00:00,2025,2,25,20,Hà Nội,Xã Tây Phương,21.0403672,105.6115528,104,Unhealthy for Sensitive Groups,2,14.2,96,0.3,6.8,35,1024.9,100,57.5,57.5,1603.0,70.8,7.0,67.6
2025-02-25 21:00:00,2025,2,25,21,Hà Nội,Xã Tây Phương,21.0403672,105.6115528,106,Unhealthy for Sensitive Groups,2,13.9,96,0.2,7.1,41,1025.5,100,59.8,59.8,1669.0,72.0,5.0,73.3
2025-02-25 22:00:00,2025,2,25,22,Hà Nội,Xã Tây Phương,21.0403672,105.6115528,109,Unhealthy for Sensitive Groups,2,13.9,95,0.1,4.2,59,1025.7,100,62.9,63.1,1665.0,71.0,4.0,75.2
2025-02-25 23:00:00,2025,2,25,23,Hà Nội,Xã Tây Phương,21.0403672,105.6115528,111,Unhealthy for Sensitive Groups,2,13.9,96,0.2,4.5,16,1025.5,100,60.5,60.5,1573.0,66.2,6.0,69.7
2025-02-26 00:00:00,2025,2,26,0,Hà Nội,Xã Tây Phương,21.0403672,105.6115528,114,Unhealthy for Sensitive Groups,2,13.9,95,0.2,3.5,28,1024.9,100,54.5,54.6,1413.0,59.1,10.0,60.4
2025-02-26 01:00:00,2025,2,26,1,Hà Nội,Xã Tây Phương,21.0403672,105.6115528,115,Unhealthy for Sensitive Groups,2,13.9,95,0.1,3.1,69,1023.8,100,48.0,48.0,1230.0,52.2,14.0,52.6
2025-02-26 02:00:00,2025,2,26,2,Hà Nội,Xã Tây Phương,21.0403672,105.6115528,116,Unhealthy for Sensitive Groups,2,13.9,96,0.1,3.3,36,1023.3,100,41.8,41.8,1003.0,45.8,18.0,48.1
2025-02-26 03:00:00,2025,2,26,3,Hà Nội,Xã Tây Phương,21.0403672,105.6115528,117,Unhealthy for Sensitive Groups,2,13.8,97,0.1,5.5,13,1022.7,100,37.0,37.0,755.0,39.6,22.0,45.1
2025-02-26 04:00:00,2025,2,26,4,Hà Nội,Xã Tây Phương,21.0403672,105.6115528,117,Unhealthy for Sensitive Groups,2,13.8,96,0.0,3.9,13,1022.3,100,33.5,33.5,601.0,35.3,25.0,43.5
2025-02-26 05:00:00,2025,2,26,5,Hà Nội,Xã Tây Phương,21.0403672,105.6115528,116,Unhealthy for Sensitive Groups,2,13.8,96,0.0,4.2,31,1022.1,100,33.3,33.4,622.0,34.5,24.0,43.6
2025-02-26 06:00:00,2025,2,26,6,Hà Nội,Xã Tây Phương,21.0403672,105.6115528,116,Unhealthy for Sensitive Groups,2,13.8,96,0.0,2.8,15,1022.7,100,33.3,33.4,736.0,35.7,22.0,45.0
2025-02-26 07:00:00,2025,2,26,7,Hà Nội,Xã Tây Phương,21.0403672,105.6115528,115,Unhealthy for Sensitive Groups,2,13.8,95,0.1,4.4,19,1023.3,100,34.2,34.3,817.0,34.4,20.0,41.0
2025-02-26 08:00:00,2025,2,26,8,Hà Nội,Xã Tây Phương,21.0403672,105.6115528,115,Unhealthy for Sensitive Groups,2,14.2,92,0.0,5.1,10,1024.1,100,34.5,34.5,808.0,33.4,23.0,44.1
2025-02-26 09:00:00,2025,2,26,9,Hà Nội,Xã Tây Phương,21.0403672,105.6115528,115,Unhealthy for Sensitive Groups,2,14.8,86,0.0,5.0,2,1024.7,100,35.4,35.5,766.0,31.9,27.0,48.2
2025-02-26 10:00:00,2025,2,26,10,Hà Nội,Xã Tây Phương,21.0403672,105.6115528,116,Unhealthy for Sensitive Groups,2,15.2,84,0.1,6.8,357,1024.7,100,34.9,35.0,733.0,29.4,35.0,50.0
2025-02-26 11:00:00,2025,2,26,11,Hà Nội,Xã Tây Phương,21.0403672,105.6115528,116,Unhealthy for Sensitive Groups,2,16.2,82,0.3,6.1,2,1024.1,100,34.3,34.5,730.0,24.9,51.0,47.4
2025-02-26 12:00:00,2025,2,26,12,Hà Nội,Xã Tây Phương,21.0403672,105.6115528,116,Unhealthy for Sensitive Groups,2,16.8,80,0.2,6.3,15,1022.8,100,33.8,33.9,735.0,19.4,70.0,42.4
2025-02-26 13:00:00,2025,2,26,13,Hà Nội,Xã Tây Phương,21.0403672,105.6115528,115,Unhealthy for Sensitive Groups,2,17.5,76,0.1,4.9,54,1020.8,99,28.2,28.3,728.0,15.5,86.0,37.8
2025-02-26 14:00:00,2025,2,26,14,Hà Nội,Xã Tây Phương,21.0403672,105.6115528,115,Unhealthy for Sensitive Groups,2,18.4,73,0.0,6.4,98,1018.7,97,26.0,26.1,686.0,13.7,96.0,34.0
2025-02-26 15:00:00,2025,2,26,15,Hà Nội,Xã Tây Phương,21.0403672,105.6115528,114,Unhealthy for Sensitive Groups,2,19.0,70,0.0,8.1,129,1017.4,100,24.6,24.7,633.0,13.5,102.0,30.6
2025-02-26 16:00:00,2025,2,26,16,Hà Nội,Xã Tây Phương,21.0403672,105.6115528,112,Unhealthy for Sensitive Groups,2,19.0,70,0.0,10.2,146,1017.5,97,24.9,24.9,613.0,16.5,100.0,29.4
2025-02-26 17:00:00,2025,2,26,17,Hà Nội,Xã Tây Phương,21.0403672,105.6115528,112,Unhealthy for Sensitive Groups,2,18.7,72,0.0,11.5,149,1017.5,100,27.0,27.1,660.0,25.0,86.0,31.9
2025-02-26 18:00:00,2025,2,26,18,Hà Nội,Xã Tây Phương,21.0403672,105.6115528,111,Unhealthy for Sensitive Groups,2,18.0,76,0.0,8.7,142,1018.0,41,34.6,34.6,741.0,36.6,66.0,36.5
2025-02-26 19:00:00,2025,2,26,19,Hà Nội,Xã Tây Phương,21.0403672,105.6115528,110,Unhealthy for Sensitive Groups,2,17.1,81,0.0,11.5,131,1018.5,22,44.6,44.6,804.0,45.9,40.0,37.3
2025-02-26 20:00:00,2025,2,26,20,Hà Nội,Xã Tây Phương,21.0403672,105.6115528,109,Unhealthy for Sensitive Groups,2,15.8,87,0.0,9.4,119,1018.6,14,49.6,49.6,823.0,52.2,31.0,41.7
2025-02-26 21:00:00,2025,2,26,21,Hà Nội,Xã Tây Phương,21.0403672,105.6115528,108,Unhealthy for Sensitive Groups,2,15.2,90,0.0,8.4,130,1019.6,39,56.2,56.3,823.0,60.8,18.0,47.7
2025-02-26 22:00:00,2025,2,26,22,Hà Nội,Xã Tây Phương,21.0403672,105.6115528,108,Unhealthy for Sensitive Groups,2,15.1,92,0.0,7.6,137,1019.8,40,65.7,65.7,831.0,67.2,8.0,52.2
2025-02-26 23:00:00,2025,2,26,23,Hà Nội,Xã Tây Phương,21.0403672,105.6115528,108,Unhealthy for Sensitive Groups,2,14.7,94,0.0,5.4,132,1020.2,100,73.1,73.1,862.0,69.2,3.0,53.0
2025-02-27 00:00:00,2025,2,27,0,Hà Nội,Xã Tây Phương,21.0403672,105.6115528,109,Unhealthy for Sensitive Groups,2,15.4,91,0.0,8.7,138,1019.7,100,74.7,74.7,901.0,69.0,1.0,52.1
2025-02-27 01:00:00,2025,2,27,1,Hà Nội,Xã Tây Phương,21.0403672,105.6115528,112,Unhealthy for Sensitive Groups,2,15.2,92,0.0,7.5,147,1018.9,100,73.1,73.3,920.0,68.8,0.0,52.8
2025-02-27 02:00:00,2025,2,27,2,Hà Nội,Xã Tây Phương,21.0403672,105.6115528,114,Unhealthy for Sensitive Groups,2,15.1,93,0.0,6.8,151,1018.0,100,74.7,74.7,894.0,69.3,0.0,56.5
2025-02-27 03:00:00,2025,2,27,3,Hà Nội,Xã Tây Phương,21.0403672,105.6115528,118,Unhealthy for Sensitive Groups,2,15.1,93,0.0,4.1,151,1017.2,100,78.2,78.2,849.0,69.8,0.0,61.7
2025-02-27 04:00:00,2025,2,27,4,Hà Nội,Xã Tây Phương,21.0403672,105.6115528,122,Unhealthy for Sensitive Groups,2,14.9,94,0.0,2.8,135,1016.6,100,80.8,81.0,839.0,69.7,0.0,67.1
2025-02-27 05:00:00,2025,2,27,5,Hà Nội,Xã Tây Phương,21.0403672,105.6115528,127,Unhealthy for Sensitive Groups,2,14.9,94,0.0,1.5,120,1016.7,100,83.6,84.1,915.0,69.7,0.0,73.3
2025-02-27 06:00:00,2025,2,27,6,Hà Nội,Xã Tây Phương,21.0403672,105.6115528,132,Unhealthy for Sensitive Groups,2,15.1,93,0.0,0.6,18,1017.3,100,88.2,89.4,1026.0,69.2,0.0,79.8
2025-02-27 07:00:00,2025,2,27,7,Hà Nội,Xã Tây Phương,21.0403672,105.6115528,138,Unhealthy for Sensitive Groups,2,15.4,92,0.0,2.7,312,1018.1,100,78.7,81.7,1072.0,59.4,4.0,64.3
2025-02-27 08:00:00,2025,2,27,8,Hà Nội,Xã Tây Phương,21.0403672,105.6115528,142,Unhealthy for Sensitive Groups,2,16.2,89,0.0,4.8,326,1019.0,100,69.6,69.6,989.0,51.6,15.0,68.1
2025-02-27 09:00:00,2025,2,27,9,Hà Nội,Xã Tây Phương,21.0403672,105.6115528,146,Unhealthy for Sensitive Groups,2,17.2,85,0.0,4.2,313,1019.7,100,54.0,54.1,841.0,40.7,32.0,73.0
2025-02-27 10:00:00,2025,2,27,10,Hà Nội,Xã Tây Phương,21.0403672,105.6115528,148,Unhealthy for Sensitive Groups,2,18.2,81,0.0,1.9,311,1019.3,100,51.2,51.3,717.0,31.9,49.0,73.9
2025-02-27 11:00:00,2025,2,27,11,Hà Nội,Xã Tây Phương,21.0403672,105.6115528,150,Unhealthy for Sensitive Groups,2,19.5,77,0.0,0.5,270,1018.3,100,49.4,49.5,654.0,27.3,67.0,67.4
2025-02-27 12:00:00,2025,2,27,12,Hà Nội,Xã Tây Phương,21.0403672,105.6115528,150,Unhealthy for Sensitive Groups,2,20.5,74,0.0,1.3,188,1017.0,100,47.7,47.8,616.0,24.8,86.0,56.9
2025-02-27 13:00:00,2025,2,27,13,Hà Nội,Xã Tây Phương,21.0403672,105.6115528,151,Unhealthy,3,21.5,71,0.0,5.2,146,1015.2,100,49.4,49.5,585.0,22.8,101.0,47.6
2025-02-27 14:00:00,2025,2,27,14,Hà Nội,Xã Tây Phương,21.0403672,105.6115528,151,Unhealthy,3,22.2,69,0.0,9.5,144,1013.4,100,52.4,52.5,552.0,20.0,114.0,40.5
2025-02-27 15:00:00,2025,2,27,15,Hà Nội,Xã Tây Phương,21.0403672,105.6115528,152,Unhealthy,3,22.2,70,0.0,12.6,128,1012.2,11,52.5,52.7,527.0,17.8,124.0,34.6
2025-02-27 16:00:00,2025,2,27,16,Hà Nội,Xã Tây Phương,21.0403672,105.6115528,152,Unhealthy,3,23.5,67,0.0,13.6,110,1011.0,0,51.6,51.9,518.0,18.9,124.0,32.4
2025-02-27 17:00:00,2025,2,27,17,Hà Nội,Xã Tây Phương,21.0403672,105.6115528,153,Unhealthy,3,23.1,69,0.0,15.2,120,1010.9,3,52.3,52.6,535.0,26.7,107.0,36.8
2025-02-27 18:00:00,2025,2,27,18,Hà Nội,Xã Tây Phương,21.0403672,105.6115528,153,Unhealthy,3,21.1,78,0.0,15.2,121,1011.3,4,56.9,57.2,569.0,37.8,81.0,44.9
2025-02-27 19:00:00,2025,2,27,19,Hà Nội,Xã Tây Phương,21.0403672,105.6115528,154,Unhealthy,3,20.1,82,0.0,18.2,141,1012.3,1,58.2,58.6,598.0,47.1,52.0,48.6
2025-02-27 20:00:00,2025,2,27,20,Hà Nội,Xã Tây Phương,21.0403672,105.6115528,154,Unhealthy,3,18.8,87,0.0,14.6,142,1014.0,8,52.5,52.9,615.0,45.2,51.0,46.2
2025-02-27 21:00:00,2025,2,27,21,Hà Nội,Xã Tây Phương,21.0403672,105.6115528,154,Unhealthy,3,18.1,90,0.0,13.1,146,1015.2,0,46.4,46.7,626.0,42.6,50.0,42.7
2025-02-27 22:00:00,2025,2,27,22,Hà Nội,Xã Tây Phương,21.0403672,105.6115528,154,Unhealthy,3,17.4,95,0.0,13.0,141,1015.3,5,44.5,44.8,634.0,40.6,48.0,39.5
2025-02-27 23:00:00,2025,2,27,23,Hà Nội,Xã Tây Phương,21.0403672,105.6115528,154,Unhealthy,3,17.0,97,0.0,12.9,145,1015.4,29,45.4,45.9,638.0,39.8,45.0,36.8
2025-02-28 00:00:00,2025,2,28,0,Hà Nội,Xã Tây Phương,21.0403672,105.6115528,153,Unhealthy,3,16.7,98,0.0,11.2,142,1014.8,71,46.7,47.3,639.0,39.5,41.0,34.3
2025-02-28 01:00:00,2025,2,28,1,Hà Nội,Xã Tây Phương,21.0403672,105.6115528,152,Unhealthy,3,16.9,98,0.0,9.3,144,1013.8,100,48.5,49.5,636.0,39.2,38.0,32.7
2025-02-28 02:00:00,2025,2,28,2,Hà Nội,Xã Tây Phương,21.0403672,105.6115528,152,Unhealthy,3,17.3,97,0.0,7.4,139,1012.8,100,49.4,50.8,619.0,38.3,36.0,32.1
2025-02-28 03:00:00,2025,2,28,3,Hà Nội,Xã Tây Phương,21.0403672,105.6115528,151,Unhealthy,3,17.6,96,0.0,6.1,137,1012.3,100,49.6,51.0,598.0,37.4,35.0,32.3
2025-02-28 04:00:00,2025,2,28,4,Hà Nội,Xã Tây Phương,21.0403672,105.6115528,151,Unhealthy,3,17.6,96,0.0,5.1,132,1012.2,100,52.2,53.7,606.0,37.3,33.0,33.8
2025-02-28 05:00:00,2025,2,28,5,Hà Nội,Xã Tây Phương,21.0403672,105.6115528,150,Unhealthy for Sensitive Groups,2,17.9,96,0.0,4.7,130,1012.9,100,57.6,58.4,683.0,39.1,30.0,37.4
2025-02-28 06:00:00,2025,2,28,6,Hà Nội,Xã Tây Phương,21.0403672,105.6115528,147,Unhealthy for Sensitive Groups,2,17.9,97,0.0,1.8,174,1013.7,100,61.7,62.6,789.0,41.6,26.0,42.3
2025-02-28 07:00:00,2025,2,28,7,Hà Nội,Xã Tây Phương,21.0403672,105.6115528,144,Unhealthy for Sensitive Groups,2,18.1,95,0.0,2.5,266,1014.5,100,62.6,63.6,840.0,41.3,27.0,44.6
2025-02-28 08:00:00,2025,2,28,8,Hà Nội,Xã Tây Phương,21.0403672,105.6115528,143,Unhealthy for Sensitive Groups,2,18.4,93,0.0,2.9,227,1015.5,100,60.8,61.9,789.0,38.4,32.0,44.1
2025-02-28 09:00:00,2025,2,28,9,Hà Nội,Xã Tây Phương,21.0403672,105.6115528,142,Unhealthy for Sensitive Groups,2,19.2,89,0.0,4.0,207,1016.3,100,54.0,55.3,683.0,34.1,40.0,43.1
2025-02-28 10:00:00,2025,2,28,10,Hà Nội,Xã Tây Phương,21.0403672,105.6115528,142,Unhealthy for Sensitive Groups,2,20.1,85,0.0,5.0,199,1016.5,100,51.9,52.9,582.0,29.5,50.0,40.6
2025-02-28 11:00:00,2025,2,28,11,Hà Nội,Xã Tây Phương,21.0403672,105.6115528,142,Unhealthy for Sensitive Groups,2,21.6,79,0.1,8.6,181,1015.6,100,41.0,42.3,501.0,24.1,65.0,35.0
2025-02-28 12:00:00,2025,2,28,12,Hà Nội,Xã Tây Phương,21.0403672,105.6115528,141,Unhealthy for Sensitive Groups,2,23.1,74,0.1,9.5,170,1014.3,100,39.3,40.5,425.0,18.3,82.0,27.8
2025-02-28 13:00:00,2025,2,28,13,Hà Nội,Xã Tây Phương,21.0403672,105.6115528,140,Unhealthy for Sensitive Groups,2,24.1,71,0.0,10.4,152,1012.7,100,39.1,40.4,372.0,14.1,96.0,22.5
2025-02-28 14:00:00,2025,2,28,14,Hà Nội,Xã Tây Phương,21.0403672,105.6115528,139,Unhealthy for Sensitive Groups,2,25.3,66,0.0,13.9,155,1011.3,98,37.7,39.1,354.0,11.8,105.0,20.5
2025-02-28 15:00:00,2025,2,28,15,Hà Nội,Xã Tây Phương,21.0403672,105.6115528,138,Unhealthy for Sensitive Groups,2,26.0,63,0.0,16.7,150,1010.2,86,36.6,38.0,358.0,11.0,111.0,20.4
2025-02-28 16:00:00,2025,2,28,16,Hà Nội,Xã Tây Phương,21.0403672,105.6115528,136,Unhealthy for Sensitive Groups,2,25.4,67,0.0,19.4,144,1009.5,80,34.6,36.0,363.0,12.6,109.0,21.7
2025-02-28 17:00:00,2025,2,28,17,Hà Nội,Xã Tây Phương,21.0403672,105.6115528,134,Unhealthy for Sensitive Groups,2,24.1,73,0.0,19.7,140,1009.6,88,33.6,34.8,363.0,18.3,94.0,25.3
2025-02-28 18:00:00,2025,2,28,18,Hà Nội,Xã Tây Phương,21.0403672,105.6115528,132,Unhealthy for Sensitive Groups,2,22.5,78,0.0,20.0,142,1010.3,73,34.3,35.3,363.0,26.4,71.0,30.3
2025-02-28 19:00:00,2025,2,28,19,Hà Nội,Xã Tây Phương,21.0403672,105.6115528,130,Unhealthy for Sensitive Groups,2,21.6,82,0.0,19.8,145,1011.1,40,36.2,37.5,363.0,35.2,43.0,34.6
2025-02-28 20:00:00,2025,2,28,20,Hà Nội,Xã Tây Phương,21.0403672,105.6115528,128,Unhealthy for Sensitive Groups,2,21.3,83,0.0,18.8,148,1012.3,42,32.1,33.5,363.0,33.7,43.0,34.4
2025-02-28 21:00:00,2025,2,28,21,Hà Nội,Xã Tây Phương,21.0403672,105.6115528,125,Unhealthy for Sensitive Groups,2,20.6,88,0.0,17.6,152,1013.1,100,29.7,31.3,362.0,31.6,43.0,34.1
2025-02-28 22:00:00,2025,2,28,22,Hà Nội,Xã Tây Phương,21.0403672,105.6115528,124,Unhealthy for Sensitive Groups,2,20.1,92,0.0,17.4,153,1013.2,38,30.4,32.6,356.0,30.1,43.0,33.7
2025-02-28 23:00:00,2025,2,28,23,Hà Nội,Xã Tây Phương,21.0403672,105.6115528,122,Unhealthy for Sensitive Groups,2,19.8,95,0.0,15.9,155,1012.9,100,31.9,34.3,342.0,29.9,42.0,33.0
2025-03-01 00:00:00,2025,3,1,0,Hà Nội,Xã Tây Phương,21.0403672,105.6115528,121,Unhealthy for Sensitive Groups,2,20.1,94,0.0,13.5,150,1012.3,100,32.5,35.0,324.0,30.3,40.0,32.0
2025-03-01 01:00:00,2025,3,1,1,Hà Nội,Xã Tây Phương,21.0403672,105.6115528,119,Unhealthy for Sensitive Groups,2,20.2,94,0.0,11.8,141,1011.6,100,33.8,36.4,308.0,30.8,37.0,31.4
2025-03-01 02:00:00,2025,3,1,2,Hà Nội,Xã Tây Phương,21.0403672,105.6115528,118,Unhealthy for Sensitive Groups,2,20.2,95,0.0,11.7,135,1010.8,100,35.5,38.2,292.0,31.0,34.0,31.0
2025-03-01 03:00:00,2025,3,1,3,Hà Nội,Xã Tây Phương,21.0403672,105.6115528,116,Unhealthy for Sensitive Groups,2,20.2,95,0.0,12.8,138,1010.4,100,38.1,40.3,279.0,31.2,31.0,30.8
2025-03-01 04:00:00,2025,3,1,4,Hà Nội,Xã Tây Phương,21.0403672,105.6115528,115,Unhealthy for Sensitive Groups,2,20.3,95,0.0,12.2,142,1010.3,100,39.9,41.9,281.0,32.1,27.0,31.4
2025-03-01 05:00:00,2025,3,1,5,Hà Nội,Xã Tây Phương,21.0403672,105.6115528,114,Unhealthy for Sensitive Groups,2,20.3,95,0.0,11.9,139,1010.5,100,41.8,44.0,316.0,34.6,22.0,33.7
2025-03-01 06:00:00,2025,3,1,6,Hà Nội,Xã Tây Phương,21.0403672,105.6115528,112,Unhealthy for Sensitive Groups,2,20.3,95,0.0,11.6,141,1011.0,100,44.1,46.1,367.0,37.8,17.0,36.9
2025-03-01 07:00:00,2025,3,1,7,Hà Nội,Xã Tây Phương,21.0403672,105.6115528,110,Unhealthy for Sensitive Groups,2,20.4,94,0.0,12.9,143,1011.4,100,45.3,46.9,392.0,34.9,21.0,35.8
2025-03-01 08:00:00,2025,3,1,8,Hà Nội,Xã Tây Phương,21.0403672,105.6115528,109,Unhealthy for Sensitive Groups,2,20.9,93,0.0,15.3,148,1012.1,100,42.8,44.7,366.0,32.4,25.0,35.4
2025-03-01 09:00:00,2025,3,1,9,Hà Nội,Xã Tây Phương,21.0403672,105.6115528,107,Unhealthy for Sensitive Groups,2,21.8,88,0.1,16.4,161,1012.4,100,37.6,39.5,314.0,28.8,31.0,34.8
2025-03-01 10:00:00,2025,3,1,10,Hà Nội,Xã Tây Phương,21.0403672,105.6115528,105,Unhealthy for Sensitive Groups,2,23.0,83,0.0,15.5,162,1012.7,100,35.0,36.6,275.0,25.1,40.0,33.2
2025-03-01 11:00:00,2025,3,1,11,Hà Nội,Xã Tây Phương,21.0403672,105.6115528,103,Unhealthy for Sensitive Groups,2,24.0,78,0.0,13.8,163,1011.6,100,33.2,34.7,263.0,21.2,55.0,29.9
2025-03-01 12:00:00,2025,3,1,12,Hà Nội,Xã Tây Phương,21.0403672,105.6115528,102,Unhealthy for Sensitive Groups,2,25.5,73,0.0,12.6,160,1010.1,100,34.3,35.7,264.0,17.2,74.0,25.7
2025-03-01 13:00:00,2025,3,1,13,Hà Nội,Xã Tây Phương,21.0403672,105.6115528,102,Unhealthy for Sensitive Groups,2,27.0,67,0.0,13.2,152,1008.3,60,36.3,37.6,268.0,14.1,90.0,22.6
2025-03-01 14:00:00,2025,3,1,14,Hà Nội,Xã Tây Phương,21.0403672,105.6115528,102,Unhealthy for Sensitive Groups,2,28.1,64,0.0,16.4,140,1006.7,6,36.9,38.1,274.0,11.7,105.0,21.1
2025-03-01 15:00:00,2025,3,1,15,Hà Nội,Xã Tây Phương,21.0403672,105.6115528,102,Unhealthy for Sensitive Groups,2,28.3,64,0.0,17.4,139,1005.8,14,36.4,37.5,284.0,10.1,119.0,20.7
2025-03-01 16:00:00,2025,3,1,16,Hà Nội,Xã Tây Phương,21.0403672,105.6115528,101,Unhealthy for Sensitive Groups,2,27.6,67,0.0,20.3,140,1005.2,12,34.5,35.5,294.0,10.9,122.0,21.7
2025-03-01 17:00:00,2025,3,1,17,Hà Nội,Xã Tây Phương,21.0403672,105.6115528,101,Unhealthy for Sensitive Groups,2,26.2,73,0.0,21.4,138,1005.0,3,34.2,35.2,309.0,16.2,108.0,25.4
2025-03-01 18:00:00,2025,3,1,18,Hà Nội,Xã Tây Phương,21.0403672,105.6115528,102,Unhealthy for Sensitive Groups,2,24.5,78,0.0,21.6,141,1005.5,2,32.1,32.9,324.0,23.9,85.0,30.5
2025-03-01 19:00:00,2025,3,1,19,Hà Nội,Xã Tây Phương,21.0403672,105.6115528,101,Unhealthy for Sensitive Groups,2,23.1,84,0.0,24.2,144,1006.3,6,29.8,31.1,328.0,27.9,61.0,32.8
2025-03-01 20:00:00,2025,3,1,20,Hà Nội,Xã Tây Phương,21.0403672,105.6115528,101,Unhealthy for Sensitive Groups,2,22.5,86,0.0,22.3,146,1008.4,100,25.2,26.9,310.0,25.8,56.0,29.7
2025-03-01 21:00:00,2025,3,1,21,Hà Nội,Xã Tây Phương,21.0403672,105.6115528,100,Moderate,1,22.1,89,0.0,23.2,150,1009.0,100,27.4,29.0,279.0,23.0,50.0,25.5
2025-03-01 22:00:00,2025,3,1,22,Hà Nội,Xã Tây Phương,21.0403672,105.6115528,100,Moderate,1,22.0,91,0.0,22.2,149,1009.0,100,29.7,31.3,253.0,20.9,45.0,22.4
2025-03-01 23:00:00,2025,3,1,23,Hà Nội,Xã Tây Phương,21.0403672,105.6115528,100,Moderate,1,21.8,92,0.0,20.6,149,1008.9,100,30.3,31.9,235.0,20.3,43.0,21.6
2025-03-02 00:00:00,2025,3,2,0,Hà Nội,Xã Tây Phương,21.0403672,105.6115528,100,Moderate,1,21.6,93,0.0,18.5,151,1008.9,100,29.7,31.3,222.0,20.6,42.0,22.0
2025-03-02 01:00:00,2025,3,2,1,Hà Nội,Xã Tây Phương,21.0403672,105.6115528,99,Moderate,1,21.5,94,0.0,16.5,151,1008.3,100,29.9,31.5,214.0,21.1,41.0,22.7
2025-03-02 02:00:00,2025,3,2,2,Hà Nội,Xã Tây Phương,21.0403672,105.6115528,99,Moderate,1,21.3,95,0.0,14.6,147,1007.5,100,30.9,32.5,210.0,21.5,39.0,23.4
2025-03-02 03:00:00,2025,3,2,3,Hà Nội,Xã Tây Phương,21.0403672,105.6115528,99,Moderate,1,21.1,95,0.0,14.4,142,1007.1,100,31.9,33.4,213.0,22.2,36.0,24.4
2025-03-02 04:00:00,2025,3,2,4,Hà Nội,Xã Tây Phương,21.0403672,105.6115528,98,Moderate,1,21.1,95,0.0,13.4,143,1007.0,100,33.3,34.7,225.0,23.6,33.0,26.2
2025-03-02 05:00:00,2025,3,2,5,Hà Nội,Xã Tây Phương,21.0403672,105.6115528,97,Moderate,1,21.0,95,0.0,13.0,143,1007.2,100,34.8,36.2,258.0,26.6,28.0,29.5
2025-03-02 06:00:00,2025,3,2,6,Hà Nội,Xã Tây Phương,21.0403672,105.6115528,97,Moderate,1,21.1,95,0.0,13.1,146,1007.7,100,36.3,37.7,301.0,30.3,22.0,33.5
2025-03-02 07:00:00,2025,3,2,7,Hà Nội,Xã Tây Phương,21.0403672,105.6115528,96,Moderate,1,21.1,95,0.0,13.1,147,1008.3,100,41.7,43.2,330.0,29.6,22.0,33.9
2025-03-02 08:00:00,2025,3,2,8,Hà Nội,Xã Tây Phương,21.0403672,105.6115528,96,Moderate,1,21.9,93,0.0,14.9,155,1009.6,100,39.1,40.5,332.0,28.0,26.0,33.5
2025-03-02 09:00:00,2025,3,2,9,Hà Nội,Xã Tây Phương,21.0403672,105.6115528,95,Moderate,1,22.5,90,0.0,12.4,158,1010.3,100,34.7,36.1,320.0,25.6,33.0,32.9
2025-03-02 10:00:00,2025,3,2,10,Hà Nội,Xã Tây Phương,21.0403672,105.6115528,95,Moderate,1,23.8,85,0.0,8.8,161,1010.3,100,32.1,33.5,310.0,22.8,44.0,31.7
2025-03-02 11:00:00,2025,3,2,11,Hà Nội,Xã Tây Phương,21.0403672,105.6115528,95,Moderate,1,25.0,80,0.0,7.6,158,1009.7,100,34.2,35.6,305.0,19.2,64.0,29.1
2025-03-02 12:00:00,2025,3,2,12,Hà Nội,Xã Tây Phương,21.0403672,105.6115528,95,Moderate,1,26.5,74,0.0,7.6,152,1008.6,100,37.6,38.8,302.0,15.3,89.0,25.8
2025-03-02 13:00:00,2025,3,2,13,Hà Nội,Xã Tây Phương,21.0403672,105.6115528,95,Moderate,1,27.9,69,0.0,10.3,137,1006.9,8,41.1,42.3,301.0,12.4,111.0,24.0
2025-03-02 14:00:00,2025,3,2,14,Hà Nội,Xã Tây Phương,21.0403672,105.6115528,96,Moderate,1,28.8,67,0.0,15.7,138,1005.3,10,44.5,45.5,302.0,10.7,130.0,24.7
2025-03-02 15:00:00,2025,3,2,15,Hà Nội,Xã Tây Phương,21.0403672,105.6115528,96,Moderate,1,29.0,67,0.0,16.7,139,1004.3,9,46.8,47.7,305.0,10.1,147.0,26.8
2025-03-02 16:00:00,2025,3,2,16,Hà Nội,Xã Tây Phương,21.0403672,105.6115528,97,Moderate,1,28.4,70,0.0,19.0,138,1004.1,12,45.6,46.6,312.0,11.9,150.0,29.0
2025-03-02 17:00:00,2025,3,2,17,Hà Nội,Xã Tây Phương,21.0403672,105.6115528,98,Moderate,1,27.0,76,0.0,19.6,135,1003.9,11,42.0,42.8,324.0,17.8,131.0,31.3
2025-03-02 18:00:00,2025,3,2,18,Hà Nội,Xã Tây Phương,21.0403672,105.6115528,99,Moderate,1,25.0,81,0.0,20.3,138,1004.2,6,38.8,39.3,340.0,26.1,98.0,33.7
2025-03-02 19:00:00,2025,3,2,19,Hà Nội,Xã Tây Phương,21.0403672,105.6115528,100,Moderate,1,23.7,86,0.0,19.5,145,1004.9,21,38.2,38.8,352.0,32.2,73.0,36.0
2025-03-02 20:00:00,2025,3,2,20,Hà Nội,Xã Tây Phương,21.0403672,105.6115528,100,Moderate,1,23.5,90,0.0,15.2,138,1006.1,49,33.4,34.5,358.0,33.6,63.0,36.4
2025-03-02 21:00:00,2025,3,2,21,Hà Nội,Xã Tây Phương,21.0403672,105.6115528,101,Unhealthy for Sensitive Groups,2,23.0,94,0.0,13.2,143,1007.0,100,31.2,32.6,361.0,35.5,49.0,36.8
2025-03-02 22:00:00,2025,3,2,22,Hà Nội,Xã Tây Phương,21.0403672,105.6115528,102,Unhealthy for Sensitive Groups,2,22.8,95,0.0,14.8,136,1007.5,100,31.4,33.1,363.0,36.8,38.0,36.8
2025-03-02 23:00:00,2025,3,2,23,Hà Nội,Xã Tây Phương,21.0403672,105.6115528,102,Unhealthy for Sensitive Groups,2,22.5,96,0.0,14.4,130,1007.4,100,33.2,35.7,365.0,37.0,33.0,35.9
2025-03-03 00:00:00,2025,3,3,0,Hà Nội,Xã Tây Phương,21.0403672,105.6115528,102,Unhealthy for Sensitive Groups,2,22.2,96,0.0,14.3,130,1007.2,100,35.6,38.4,365.0,36.7,31.0,34.5
2025-03-03 01:00:00,2025,3,3,1,Hà Nội,Xã Tây Phương,21.0403672,105.6115528,103,Unhealthy for Sensitive Groups,2,21.9,96,0.0,13.6,127,1006.8,100,40.3,42.6,364.0,36.3,29.0,33.1
2025-03-03 02:00:00,2025,3,3,2,Hà Nội,Xã Tây Phương,21.0403672,105.6115528,104,Unhealthy for Sensitive Groups,2,21.7,96,0.0,10.8,122,1006.6,100,45.5,47.1,354.0,35.7,26.0,31.0
2025-03-03 03:00:00,2025,3,3,3,Hà Nội,Xã Tây Phương,21.0403672,105.6115528,105,Unhealthy for Sensitive Groups,2,21.4,97,0.0,11.5,120,1006.3,100,49.6,51.3,341.0,35.1,23.0,28.8
2025-03-03 04:00:00,2025,3,3,4,Hà Nội,Xã Tây Phương,21.0403672,105.6115528,107,Unhealthy for Sensitive Groups,2,21.1,97,0.0,11.9,131,1006.5,100,53.4,55.2,346.0,35.0,20.0,29.1
2025-03-03 05:00:00,2025,3,3,5,Hà Nội,Xã Tây Phương,21.0403672,105.6115528,109,Unhealthy for Sensitive Groups,2,21.0,96,0.0,11.6,137,1006.7,100,56.7,58.7,387.0,36.4,17.0,33.7
2025-03-03 06:00:00,2025,3,3,6,Hà Nội,Xã Tây Phương,21.0403672,105.6115528,112,Unhealthy for Sensitive Groups,2,20.8,97,0.0,11.1,144,1007.1,100,60.3,62.2,446.0,38.3,15.0,40.7
2025-03-03 07:00:00,2025,3,3,7,Hà Nội,Xã Tây Phương,21.0403672,105.6115528,114,Unhealthy for Sensitive Groups,2,20.8,97,0.0,9.5,147,1007.7,100,63.3,65.7,486.0,38.2,17.0,50.0
2025-03-03 08:00:00,2025,3,3,8,Hà Nội,Xã Tây Phương,21.0403672,105.6115528,116,Unhealthy for Sensitive Groups,2,21.8,97,0.1,5.4,146,1009.3,100,60.8,63.1,491.0,36.8,21.0,52.8
2025-03-03 09:00:00,2025,3,3,9,Hà Nội,Xã Tây Phương,21.0403672,105.6115528,119,Unhealthy for Sensitive Groups,2,22.5,95,0.1,6.1,156,1009.8,100,58.6,60.5,477.0,34.7,28.0,56.5
2025-03-03 10:00:00,2025,3,3,10,Hà Nội,Xã Tây Phương,21.0403672,105.6115528,121,Unhealthy for Sensitive Groups,2,23.6,90,0.0,4.1,165,1009.7,100,56.1,57.9,460.0,32.0,39.0,57.8
2025-03-03 11:00:00,2025,3,3,11,Hà Nội,Xã Tây Phương,21.0403672,105.6115528,124,Unhealthy for Sensitive Groups,2,25.0,86,0.0,1.7,103,1009.0,100,52.3,53.8,440.0,28.2,55.0,54.7
2025-03-03 12:00:00,2025,3,3,12,Hà Nội,Xã Tây Phương,21.0403672,105.6115528,125,Unhealthy for Sensitive Groups,2,26.0,82,0.1,2.9,112,1007.9,100,56.7,58.1,417.0,23.8,75.0,49.3
2025-03-03 13:00:00,2025,3,3,13,Hà Nội,Xã Tây Phương,21.0403672,105.6115528,127,Unhealthy for Sensitive Groups,2,27.2,76,0.1,6.9,115,1006.3,100,59.0,60.1,401.0,20.5,94.0,44.5
2025-03-03 14:00:00,2025,3,3,14,Hà Nội,Xã Tây Phương,21.0403672,105.6115528,129,Unhealthy for Sensitive Groups,2,27.6,74,0.0,9.6,113,1005.0,97,64.0,65.2,396.0,18.4,116.0,41.1
2025-03-03 15:00:00,2025,3,3,15,Hà Nội,Xã Tây Phương,21.0403672,105.6115528,131,Unhealthy for Sensitive Groups,2,28.1,72,0.0,9.6,123,1003.9,54,67.1,68.0,397.0,17.4,137.0,38.4
2025-03-03 16:00:00,2025,3,3,16,Hà Nội,Xã Tây Phương,21.0403672,105.6115528,133,Unhealthy for Sensitive Groups,2,28.0,72,0.0,11.6,122,1003.1,8,68.7,69.6,405.0,19.0,147.0,37.2
2025-03-03 17:00:00,2025,3,3,17,Hà Nội,Xã Tây Phương,21.0403672,105.6115528,136,Unhealthy for Sensitive Groups,2,27.6,76,0.0,11.0,124,1002.9,7,70.3,71.2,424.0,25.7,137.0,38.8
2025-03-03 18:00:00,2025,3,3,18,Hà Nội,Xã Tây Phương,21.0403672,105.6115528,139,Unhealthy for Sensitive Groups,2,26.1,81,0.0,14.8,136,1003.0,2,74.0,74.7,449.0,35.0,116.0,42.0
2025-03-03 19:00:00,2025,3,3,19,Hà Nội,Xã Tây Phương,21.0403672,105.6115528,142,Unhealthy for Sensitive Groups,2,24.5,88,0.0,14.3,143,1004.2,0,76.8,77.5,463.0,46.4,75.0,42.3
2025-03-03 20:00:00,2025,3,3,20,Hà Nội,Xã Tây Phương,21.0403672,105.6115528,146,Unhealthy for Sensitive Groups,2,23.9,94,0.0,12.0,137,1005.5,100,64.3,65.0,458.0,43.6,63.0,39.8
2025-03-03 21:00:00,2025,3,3,21,Hà Nội,Xã Tây Phương,21.0403672,105.6115528,150,Unhealthy for Sensitive Groups,2,23.2,97,0.0,11.5,134,1006.4,100,50.5,51.1,443.0,39.6,47.0,36.3
2025-03-03 22:00:00,2025,3,3,22,Hà Nội,Xã Tây Phương,21.0403672,105.6115528,150,Unhealthy for Sensitive Groups,2,23.4,96,0.0,14.0,136,1006.9,100,42.6,43.3,428.0,36.0,35.0,33.0
2025-03-03 23:00:00,2025,3,3,23,Hà Nội,Xã Tây Phương,21.0403672,105.6115528,151,Unhealthy,3,23.2,98,0.0,13.5,142,1006.9,100,41.2,41.9,418.0,33.1,32.0,30.0
2025-03-04 00:00:00,2025,3,4,0,Hà Nội,Xã Tây Phương,21.0403672,105.6115528,151,Unhealthy,3,23.0,98,0.0,13.8,145,1006.9,100,41.3,42.0,407.0,30.5,33.0,27.3
2025-03-04 01:00:00,2025,3,4,1,Hà Nội,Xã Tây Phương,21.0403672,105.6115528,151,Unhealthy,3,22.8,98,0.0,13.3,147,1006.6,100,41.8,42.7,395.0,28.5,34.0,25.6
2025-03-04 02:00:00,2025,3,4,2,Hà Nội,Xã Tây Phương,21.0403672,105.6115528,151,Unhealthy,3,22.6,98,0.0,11.2,139,1005.8,100,42.0,43.1,372.0,27.0,34.0,25.3
2025-03-04 03:00:00,2025,3,4,3,Hà Nội,Xã Tây Phương,21.0403672,105.6115528,151,Unhealthy,3,22.5,98,0.0,12.3,130,1005.2,100,42.5,43.7,347.0,26.2,35.0,26.1
2025-03-04 04:00:00,2025,3,4,4,Hà Nội,Xã Tây Phương,21.0403672,105.6115528,151,Unhealthy,3,22.4,98,0.0,12.2,131,1004.9,100,43.2,44.5,342.0,26.6,34.0,27.5
2025-03-04 05:00:00,2025,3,4,5,Hà Nội,Xã Tây Phương,21.0403672,105.6115528,150,Unhealthy for Sensitive Groups,2,22.3,98,0.0,11.5,132,1005.4,100,44.4,45.8,380.0,29.4,29.0,29.7
2025-03-04 06:00:00,2025,3,4,6,Hà Nội,Xã Tây Phương,21.0403672,105.6115528,150,Unhealthy for Sensitive Groups,2,22.2,97,0.1,10.1,133,1006.1,100,46.6,48.1,438.0,33.4,21.0,32.6
2025-03-04 07:00:00,2025,3,4,7,Hà Nội,Xã Tây Phương,21.0403672,105.6115528,150,Unhealthy for Sensitive Groups,2,22.3,97,0.0,9.8,133,1007.0,100,51.9,53.6,474.0,39.6,18.0,38.4
2025-03-04 08:00:00,2025,3,4,8,Hà Nội,Xã Tây Phương,21.0403672,105.6115528,148,Unhealthy for Sensitive Groups,2,23.0,97,0.1,11.5,122,1008.2,100,51.8,53.3,467.0,35.3,29.0,39.2
2025-03-04 09:00:00,2025,3,4,9,Hà Nội,Xã Tây Phương,21.0403672,105.6115528,147,Unhealthy for Sensitive Groups,2,23.8,93,0.2,12.7,130,1008.8,82,46.8,48.0,439.0,29.2,46.0,40.1
2025-03-04 10:00:00,2025,3,4,10,Hà Nội,Xã Tây Phương,21.0403672,105.6115528,146,Unhealthy for Sensitive Groups,2,25.6,84,0.1,10.9,130,1008.4,87,46.9,47.8,410.0,23.6,66.0,39.6
2025-03-04 11:00:00,2025,3,4,11,Hà Nội,Xã Tây Phương,21.0403672,105.6115528,145,Unhealthy for Sensitive Groups,2,27.1,76,0.0,8.5,144,1007.7,59,50.1,51.3,384.0,18.9,92.0,36.3
2025-03-04 12:00:00,2025,3,4,12,Hà Nội,Xã Tây Phương,21.0403672,105.6115528,145,Unhealthy for Sensitive Groups,2,28.6,69,0.0,8.6,157,1006.5,22,54.9,56.7,358.0,14.6,121.0,31.6
2025-03-04 13:00:00,2025,3,4,13,Hà Nội,Xã Tây Phương,21.0403672,105.6115528,145,Unhealthy for Sensitive Groups,2,29.4,65,0.0,10.6,136,1004.9,6,59.0,61.5,346.0,11.5,147.0,27.6
2025-03-04 14:00:00,2025,3,4,14,Hà Nội,Xã Tây Phương,21.0403672,105.6115528,145,Unhealthy for Sensitive Groups,2,29.8,65,0.0,12.6,136,1003.4,14,61.9,64.7,357.0,9.3,171.0,24.8
2025-03-04 15:00:00,2025,3,4,15,Hà Nội,Xã Tây Phương,21.0403672,105.6115528,145,Unhealthy for Sensitive Groups,2,29.4,67,0.0,14.8,121,1002.1,7,62.4,65.0,383.0,8.3,191.0,22.8
2025-03-04 16:00:00,2025,3,4,16,Hà Nội,Xã Tây Phương,21.0403672,105.6115528,144,Unhealthy for Sensitive Groups,2,29.2,68,0.0,15.7,123,1001.6,1,59.8,62.4,412.0,10.1,193.0,22.3
2025-03-04 17:00:00,2025,3,4,17,Hà Nội,Xã Tây Phương,21.0403672,105.6115528,143,Unhealthy for Sensitive Groups,2,28.2,73,0.0,16.3,122,1001.7,0,55.1,56.9,449.0,17.2,165.0,24.5
2025-03-04 18:00:00,2025,3,4,18,Hà Nội,Xã Tây Phương,21.0403672,105.6115528,142,Unhealthy for Sensitive Groups,2,26.5,80,0.0,14.5,121,1002.3,1,50.6,51.9,488.0,27.2,120.0,28.2
2025-03-04 19:00:00,2025,3,4,19,Hà Nội,Xã Tây Phương,21.0403672,105.6115528,139,Unhealthy for Sensitive Groups,2,24.7,89,0.0,12.9,118,1003.3,30,49.6,51.2,505.0,33.8,82.0,32.6
2025-03-04 20:00:00,2025,3,4,20,Hà Nội,Xã Tây Phương,21.0403672,105.6115528,136,Unhealthy for Sensitive Groups,2,24.2,95,0.0,13.0,131,1004.2,100,47.3,48.5,481.0,33.5,71.0,31.0
2025-03-04 21:00:00,2025,3,4,21,Hà Nội,Xã Tây Phương,21.0403672,105.6115528,135,Unhealthy for Sensitive Groups,2,23.8,96,0.0,13.2,129,1005.2,100,52.9,53.9,433.0,32.9,55.0,28.8
2025-03-04 22:00:00,2025,3,4,22,Hà Nội,Xã Tây Phương,21.0403672,105.6115528,135,Unhealthy for Sensitive Groups,2,23.8,96,0.0,14.6,136,1005.7,100,59.8,60.8,391.0,32.3,42.0,26.8
2025-03-04 23:00:00,2025,3,4,23,Hà Nội,Xã Tây Phương,21.0403672,105.6115528,137,Unhealthy for Sensitive Groups,2,23.5,97,0.0,15.3,137,1005.8,100,63.6,64.5,363.0,31.5,36.0,25.2
2025-03-05 00:00:00,2025,3,5,0,Hà Nội,Xã Tây Phương,21.0403672,105.6115528,139,Unhealthy for Sensitive Groups,2,23.4,97,0.0,15.0,136,1005.8,100,60.8,61.7,340.0,30.5,32.0,23.8
2025-03-05 01:00:00,2025,3,5,1,Hà Nội,Xã Tây Phương,21.0403672,105.6115528,141,Unhealthy for Sensitive Groups,2,23.1,98,0.1,15.0,134,1005.6,100,53.8,54.5,321.0,29.7,29.0,22.6
2025-03-05 02:00:00,2025,3,5,2,Hà Nội,Xã Tây Phương,21.0403672,105.6115528,142,Unhealthy for Sensitive Groups,2,23.0,98,0.1,12.7,130,1005.4,100,46.7,47.3,303.0,28.9,25.0,21.6
2025-03-05 03:00:00,2025,3,5,3,Hà Nội,Xã Tây Phương,21.0403672,105.6115528,143,Unhealthy for Sensitive Groups,2,22.8,98,0.2,12.9,120,1005.5,100,41.3,41.8,289.0,28.3,22.0,20.8
2025-03-05 04:00:00,2025,3,5,4,Hà Nội,Xã Tây Phương,21.0403672,105.6115528,143,Unhealthy for Sensitive Groups,2,22.5,98,0.3,14.7,121,1005.6,100,37.1,37.6,289.0,28.1,20.0,20.8
2025-03-05 05:00:00,2025,3,5,5,Hà Nội,Xã Tây Phương,21.0403672,105.6115528,142,Unhealthy for Sensitive Groups,2,22.2,98,0.4,14.8,127,1006.4,100,32.4,32.6,309.0,28.9,18.0,22.0
2025-03-05 06:00:00,2025,3,5,6,Hà Nội,Xã Tây Phương,21.0403672,105.6115528,141,Unhealthy for Sensitive Groups,2,22.1,97,0.5,14.2,129,1007.2,100,28.6,28.9,343.0,30.2,18.0,23.9
2025-03-05 07:00:00,2025,3,5,7,Hà Nội,Xã Tây Phương,21.0403672,105.6115528,139,Unhealthy for Sensitive Groups,2,22.0,97,0.5,12.7,128,1008.2,100,37.5,38.0,384.0,34.0,12.0,28.1
2025-03-05 08:00:00,2025,3,5,8,Hà Nội,Xã Tây Phương,21.0403672,105.6115528,137,Unhealthy for Sensitive Groups,2,22.6,98,0.4,12.8,128,1009.0,100,32.2,32.5,432.0,30.7,17.0,28.5
2025-03-05 09:00:00,2025,3,5,9,Hà Nội,Xã Tây Phương,21.0403672,105.6115528,135,Unhealthy for Sensitive Groups,2,23.3,93,0.2,13.1,132,1009.8,100,35.5,35.7,488.0,26.1,24.0,29.1
2025-03-05 10:00:00,2025,3,5,10,Hà Nội,Xã Tây Phương,21.0403672,105.6115528,134,Unhealthy for Sensitive Groups,2,23.8,88,0.1,12.5,108,1010.2,100,39.7,39.9,543.0,22.3,32.0,29.4
2025-03-05 11:00:00,2025,3,5,11,Hà Nội,Xã Tây Phương,21.0403672,105.6115528,133,Unhealthy for Sensitive Groups,2,23.5,88,0.3,13.0,84,1009.8,100,44.6,44.9,605.0,19.7,41.0,29.2
2025-03-05 12:00:00,2025,3,5,12,Hà Nội,Xã Tây Phương,21.0403672,105.6115528,133,Unhealthy for Sensitive Groups,2,23.4,86,0.2,12.2,82,1009.2,100,41.4,41.8,667.0,17.9,51.0,28.7
2025-03-05 13:00:00,2025,3,5,13,Hà Nội,Xã Tây Phương,21.0403672,105.6115528,131,Unhealthy for Sensitive Groups,2,23.6,80,0.1,12.7,75,1008.1,100,41.3,41.7,698.0,17.2,59.0,28.8
2025-03-05 14:00:00,2025,3,5,14,Hà Nội,Xã Tây Phương,21.0403672,105.6115528,130,Unhealthy for Sensitive Groups,2,24.1,79,0.0,13.0,88,1007.1,100,41.9,42.3,670.0,18.0,63.0,29.7
2025-03-05 15:00:00,2025,3,5,15,Hà Nội,Xã Tây Phương,21.0403672,105.6115528,127,Unhealthy for Sensitive Groups,2,24.4,78,0.1,13.8,103,1006.3,100,43.3,43.7,610.0,19.8,64.0,31.2
2025-03-05 16:00:00,2025,3,5,16,Hà Nội,Xã Tây Phương,21.0403672,105.6115528,126,Unhealthy for Sensitive Groups,2,24.4,82,0.2,13.6,119,1006.3,100,44.7,44.9,571.0,22.3,63.0,32.9
2025-03-05 17:00:00,2025,3,5,17,Hà Nội,Xã Tây Phương,21.0403672,105.6115528,124,Unhealthy for Sensitive Groups,2,23.7,87,0.2,12.2,119,1006.7,100,46.2,46.4,571.0,26.1,58.0,35.4
2025-03-05 18:00:00,2025,3,5,18,Hà Nội,Xã Tây Phương,21.0403672,105.6115528,123,Unhealthy for Sensitive Groups,2,23.1,90,0.1,10.8,120,1007.5,100,48.0,48.2,592.0,30.5,52.0,38.1
2025-03-05 19:00:00,2025,3,5,19,Hà Nội,Xã Tây Phương,21.0403672,105.6115528,123,Unhealthy for Sensitive Groups,2,22.6,92,0.3,10.7,120,1008.5,100,95.2,96.2,626.0,29.4,54.0,36.4
2025-03-05 20:00:00,2025,3,5,20,Hà Nội,Xã Tây Phương,21.0403672,105.6115528,127,Unhealthy for Sensitive Groups,2,22.6,93,0.3,11.8,129,1009.7,100,92.9,93.6,696.0,26.2,54.0,34.2
2025-03-05 21:00:00,2025,3,5,21,Hà Nội,Xã Tây Phương,21.0403672,105.6115528,132,Unhealthy for Sensitive Groups,2,22.2,93,0.7,8.8,88,1011.1,100,84.1,84.5,780.0,21.7,54.0,31.0
2025-03-05 22:00:00,2025,3,5,22,Hà Nội,Xã Tây Phương,21.0403672,105.6115528,135,Unhealthy for Sensitive Groups,2,20.0,85,0.7,17.5,60,1012.4,100,73.6,74.0,806.0,17.9,54.0,27.8
2025-03-05 23:00:00,2025,3,5,23,Hà Nội,Xã Tây Phương,21.0403672,105.6115528,137,Unhealthy for Sensitive Groups,2,18.8,82,0.1,18.4,59,1012.9,100,58.4,58.7,719.0,15.5,52.0,24.7
2025-03-06 00:00:00,2025,3,6,0,Hà Nội,Xã Tây Phương,21.0403672,105.6115528,136,Unhealthy for Sensitive Groups,2,17.4,80,0.1,20.6,58,1013.4,100,43.1,43.3,575.0,13.8,50.0,21.6
2025-03-06 01:00:00,2025,3,6,1,Hà Nội,Xã Tây Phương,21.0403672,105.6115528,135,Unhealthy for Sensitive Groups,2,16.4,75,0.1,19.2,54,1014.1,100,31.8,31.9,469.0,12.6,49.0,19.1
2025-03-06 02:00:00,2025,3,6,2,Hà Nội,Xã Tây Phương,21.0403672,105.6115528,132,Unhealthy for Sensitive Groups,2,15.4,75,0.1,16.1,61,1014.4,100,24.3,24.4,447.0,11.8,49.0,17.3
2025-03-06 03:00:00,2025,3,6,3,Hà Nội,Xã Tây Phương,21.0403672,105.6115528,130,Unhealthy for Sensitive Groups,2,14.8,75,0.1,16.4,44,1015.1,100,20.0,20.1,463.0,11.4,50.0,16.0
2025-03-06 04:00:00,2025,3,6,4,Hà Nội,Xã Tây Phương,21.0403672,105.6115528,128,Unhealthy for Sensitive Groups,2,14.6,77,0.2,15.5,47,1015.4,100,17.0,17.1,480.0,11.7,51.0,15.5
2025-03-06 05:00:00,2025,3,6,5,Hà Nội,Xã Tây Phương,21.0403672,105.6115528,126,Unhealthy for Sensitive Groups,2,14.4,81,0.3,16.1,48,1016.6,100,15.6,15.7,486.0,12.9,52.0,16.2
2025-03-06 06:00:00,2025,3,6,6,Hà Nội,Xã Tây Phương,21.0403672,105.6115528,124,Unhealthy for Sensitive Groups,2,13.9,83,0.5,19.4,37,1017.9,100,15.3,15.4,492.0,14.7,52.0,17.8
2025-03-06 07:00:00,2025,3,6,7,Hà Nội,Xã Tây Phương,21.0403672,105.6115528,122,Unhealthy for Sensitive Groups,2,13.6,82,0.3,20.3,33,1019.3,100,18.7,18.9,497.0,13.6,52.0,15.5
2025-03-06 08:00:00,2025,3,6,8,Hà Nội,Xã Tây Phương,21.0403672,105.6115528,120,Unhealthy for Sensitive Groups,2,14.8,80,0.4,17.6,38,1020.3,100,18.1,18.3,502.0,13.5,55.0,15.8
2025-03-06 09:00:00,2025,3,6,9,Hà Nội,Xã Tây Phương,21.0403672,105.6115528,119,Unhealthy for Sensitive Groups,2,14.8,80,0.2,15.7,42,1021.4,100,16.9,17.0,506.0,13.4,60.0,16.1
2025-03-06 10:00:00,2025,3,6,10,Hà Nội,Xã Tây Phương,21.0403672,105.6115528,117,Unhealthy for Sensitive Groups,2,15.4,76,0.1,16.1,36,1021.4,100,14.7,14.8,502.0,13.0,64.0,16.1
2025-03-06 11:00:00,2025,3,6,11,Hà Nội,Xã Tây Phương,21.0403672,105.6115528,114,Unhealthy for Sensitive Groups,2,16.1,68,0.0,16.8,38,1021.3,100,12.5,12.7,482.0,11.9,68.0,15.3
2025-03-06 12:00:00,2025,3,6,12,Hà Nội,Xã Tây Phương,21.0403672,105.6115528,111,Unhealthy for Sensitive Groups,2,16.2,65,0.0,12.6,48,1020.7,100,11.2,11.4,454.0,10.6,73.0,14.1
2025-03-06 13:00:00,2025,3,6,13,Hà Nội,Xã Tây Phương,21.0403672,105.6115528,108,Unhealthy for Sensitive Groups,2,17.1,60,0.0,10.9,39,1019.8,100,11.5,11.6,433.0,9.8,76.0,13.5
2025-03-06 14:00:00,2025,3,6,14,Hà Nội,Xã Tây Phương,21.0403672,105.6115528,105,Unhealthy for Sensitive Groups,2,18.4,53,0.0,11.1,27,1018.7,100,10.7,10.8,422.0,9.7,78.0,13.6
2025-03-06 15:00:00,2025,3,6,15,Hà Nội,Xã Tây Phương,21.0403672,105.6115528,102,Unhealthy for Sensitive Groups,2,18.1,53,0.0,11.5,23,1018.1,100,10.9,11.0,419.0,10.1,79.0,14.2
2025-03-06 16:00:00,2025,3,6,16,Hà Nội,Xã Tây Phương,21.0403672,105.6115528,99,Moderate,1,17.3,53,0.0,13.3,21,1017.6,100,11.2,11.3,428.0,11.6,78.0,15.6
2025-03-06 17:00:00,2025,3,6,17,Hà Nội,Xã Tây Phương,21.0403672,105.6115528,96,Moderate,1,16.6,55,0.0,10.1,22,1017.9,100,12.2,12.3,456.0,15.2,73.0,18.3
2025-03-06 18:00:00,2025,3,6,18,Hà Nội,Xã Tây Phương,21.0403672,105.6115528,93,Moderate,1,16.2,57,0.0,8.3,24,1018.7,100,14.2,14.3,497.0,19.8,65.0,21.7
2025-03-06 19:00:00,2025,3,6,19,Hà Nội,Xã Tây Phương,21.0403672,105.6115528,90,Moderate,1,16.0,59,0.0,7.9,43,1019.3,100,38.5,39.6,534.0,16.6,68.0,19.9
2025-03-06 20:00:00,2025,3,6,20,Hà Nội,Xã Tây Phương,21.0403672,105.6115528,85,Moderate,1,16.0,58,0.0,12.3,76,1020.4,100,42.7,43.9,565.0,16.8,67.0,21.2
2025-03-06 21:00:00,2025,3,6,21,Hà Nội,Xã Tây Phương,21.0403672,105.6115528,80,Moderate,1,15.6,59,0.0,12.4,88,1021.2,100,46.4,47.6,593.0,17.1,65.0,22.9
2025-03-06 22:00:00,2025,3,6,22,Hà Nội,Xã Tây Phương,21.0403672,105.6115528,77,Moderate,1,15.1,59,0.0,11.1,78,1021.6,100,45.1,46.1,607.0,17.0,64.0,24.3
2025-03-06 23:00:00,2025,3,6,23,Hà Nội,Xã Tây Phương,21.0403672,105.6115528,74,Moderate,1,14.9,59,0.0,10.2,73,1021.8,100,44.8,45.9,600.0,16.4,64.0,25.0
2025-03-07 00:00:00,2025,3,7,0,Hà Nội,Xã Tây Phương,21.0403672,105.6115528,73,Moderate,1,14.6,60,0.0,9.6,62,1021.5,100,44.0,45.1,580.0,15.5,65.0,25.2
2025-03-07 01:00:00,2025,3,7,1,Hà Nội,Xã Tây Phương,21.0403672,105.6115528,73,Moderate,1,14.4,61,0.0,8.5,46,1021.7,100,44.4,45.4,559.0,14.7,65.0,25.1
2025-03-07 02:00:00,2025,3,7,2,Hà Nội,Xã Tây Phương,21.0403672,105.6115528,74,Moderate,1,14.1,63,0.0,10.1,41,1021.3,100,43.0,44.1,542.0,13.9,64.0,24.4
2025-03-07 03:00:00,2025,3,7,3,Hà Nội,Xã Tây Phương,21.0403672,105.6115528,76,Moderate,1,14.0,61,0.0,12.8,39,1021.3,100,41.3,42.5,524.0,13.1,63.0,23.3
2025-03-07 04:00:00,2025,3,7,4,Hà Nội,Xã Tây Phương,21.0403672,105.6115528,78,Moderate,1,13.9,61,0.0,14.6,38,1020.9,100,38.8,39.8,507.0,12.8,62.0,22.7
2025-03-07 05:00:00,2025,3,7,5,Hà Nội,Xã Tây Phương,21.0403672,105.6115528,80,Moderate,1,13.6,61,0.0,14.5,37,1021.2,100,36.6,37.5,491.0,13.6,60.0,23.0
2025-03-07 06:00:00,2025,3,7,6,Hà Nội,Xã Tây Phương,21.0403672,105.6115528,82,Moderate,1,13.6,62,0.0,12.9,37,1021.6,100,34.2,35.2,475.0,14.9,59.0,23.8
2025-03-07 07:00:00,2025,3,7,7,Hà Nội,Xã Tây Phương,21.0403672,105.6115528,83,Moderate,1,13.6,62,0.0,12.2,36,1022.1,100,31.4,32.2,463.0,13.7,61.0,20.8
2025-03-07 08:00:00,2025,3,7,8,Hà Nội,Xã Tây Phương,21.0403672,105.6115528,84,Moderate,1,14.6,63,0.0,13.8,39,1022.7,100,30.7,31.8,458.0,13.7,62.0,20.8
2025-03-07 09:00:00,2025,3,7,9,Hà Nội,Xã Tây Phương,21.0403672,105.6115528,85,Moderate,1,15.1,61,0.0,11.6,32,1023.4,100,31.4,32.7,456.0,13.5,63.0,20.8
2025-03-07 10:00:00,2025,3,7,10,Hà Nội,Xã Tây Phương,21.0403672,105.6115528,87,Moderate,1,15.7,58,0.0,11.0,32,1023.1,100,34.6,36.1,449.0,13.2,66.0,21.2
2025-03-07 11:00:00,2025,3,7,11,Hà Nội,Xã Tây Phương,21.0403672,105.6115528,89,Moderate,1,16.4,56,0.0,11.8,27,1022.2,100,34.0,35.4,426.0,12.3,70.0,22.1
2025-03-07 12:00:00,2025,3,7,12,Hà Nội,Xã Tây Phương,21.0403672,105.6115528,90,Moderate,1,17.0,54,0.0,11.5,27,1021.1,100,33.2,34.6,399.0,11.2,76.0,23.3
2025-03-07 13:00:00,2025,3,7,13,Hà Nội,Xã Tây Phương,21.0403672,105.6115528,92,Moderate,1,17.9,52,0.0,9.9,37,1019.7,100,32.7,33.9,387.0,10.5,82.0,24.6
2025-03-07 14:00:00,2025,3,7,14,Hà Nội,Xã Tây Phương,21.0403672,105.6115528,94,Moderate,1,18.0,51,0.0,8.2,54,1018.0,99,33.3,34.5,389.0,9.3,91.0,25.1
2025-03-07 15:00:00,2025,3,7,15,Hà Nội,Xã Tây Phương,21.0403672,105.6115528,96,Moderate,1,17.9,52,0.0,8.0,70,1017.1,72,33.8,34.7,407.0,8.6,100.0,25.6
2025-03-07 16:00:00,2025,3,7,16,Hà Nội,Xã Tây Phương,21.0403672,105.6115528,98,Moderate,1,17.9,53,0.0,8.2,98,1016.4,11,34.1,34.9,472.0,11.9,102.0,28.1
2025-03-07 17:00:00,2025,3,7,17,Hà Nội,Xã Tây Phương,21.0403672,105.6115528,100,Moderate,1,17.2,56,0.0,7.5,123,1016.5,4,34.8,35.6,630.0,22.8,91.0,34.0
2025-03-07 18:00:00,2025,3,7,18,Hà Nội,Xã Tây Phương,21.0403672,105.6115528,103,Unhealthy for Sensitive Groups,2,15.6,66,0.0,5.3,168,1017.1,16,46.0,46.7,835.0,37.6,73.0,41.9
2025-03-07 19:00:00,2025,3,7,19,Hà Nội,Xã Tây Phương,21.0403672,105.6115528,106,Unhealthy for Sensitive Groups,2,14.9,67,0.0,5.6,187,1017.7,8,44.6,45.3,980.0,26.1,66.0,31.7
2025-03-07 20:00:00,2025,3,7,20,Hà Nội,Xã Tây Phương,21.0403672,105.6115528,107,Unhealthy for Sensitive Groups,2,16.1,64,0.0,2.9,191,1019.6,100,47.5,48.2,1012.0,27.8,61.0,35.0
2025-03-07 21:00:00,2025,3,7,21,Hà Nội,Xã Tây Phương,21.0403672,105.6115528,107,Unhealthy for Sensitive Groups,2,16.1,63,0.0,6.6,139,1019.9,100,50.9,51.6,982.0,30.0,54.0,39.5
2025-03-07 22:00:00,2025,3,7,22,Hà Nội,Xã Tây Phương,21.0403672,105.6115528,108,Unhealthy for Sensitive Groups,2,15.9,66,0.0,4.3,147,1020.3,100,54.4,55.1,942.0,31.3,48.0,42.6
2025-03-07 23:00:00,2025,3,7,23,Hà Nội,Xã Tây Phương,21.0403672,105.6115528,109,Unhealthy for Sensitive Groups,2,15.9,68,0.0,5.7,131,1020.1,100,56.7,57.4,898.0,30.9,45.0,42.9
2025-03-08 00:00:00,2025,3,8,0,Hà Nội,Xã Tây Phương,21.0403672,105.6115528,110,Unhealthy for Sensitive Groups,2,15.6,69,0.0,5.2,121,1019.6,100,56.1,56.8,843.0,29.5,43.0,41.7
2025-03-08 01:00:00,2025,3,8,1,Hà Nội,Xã Tây Phương,21.0403672,105.6115528,111,Unhealthy for Sensitive Groups,2,15.2,75,0.0,2.2,95,1019.6,100,54.2,55.1,802.0,27.8,42.0,40.2
2025-03-08 02:00:00,2025,3,8,2,Hà Nội,Xã Tây Phương,21.0403672,105.6115528,112,Unhealthy for Sensitive Groups,2,15.1,73,0.0,3.3,49,1019.2,100,52.9,53.8,778.0,25.6,43.0,38.6
2025-03-08 03:00:00,2025,3,8,3,Hà Nội,Xã Tây Phương,21.0403672,105.6115528,113,Unhealthy for Sensitive Groups,2,15.0,72,0.0,4.5,61,1018.8,100,52.2,53.2,767.0,23.0,45.0,36.7
2025-03-08 04:00:00,2025,3,8,4,Hà Nội,Xã Tây Phương,21.0403672,105.6115528,114,Unhealthy for Sensitive Groups,2,14.9,75,0.0,5.7,79,1018.2,100,51.1,52.2,783.0,21.2,47.0,35.2
2025-03-08 05:00:00,2025,3,8,5,Hà Nội,Xã Tây Phương,21.0403672,105.6115528,116,Unhealthy for Sensitive Groups,2,14.7,80,0.0,5.2,65,1018.6,100,49.7,50.6,860.0,20.9,46.0,34.3
2025-03-08 06:00:00,2025,3,8,6,Hà Nội,Xã Tây Phương,21.0403672,105.6115528,117,Unhealthy for Sensitive Groups,2,14.6,80,0.0,7.5,60,1018.9,100,47.7,48.5,964.0,21.4,45.0,33.8
2025-03-08 07:00:00,2025,3,8,7,Hà Nội,Xã Tây Phương,21.0403672,105.6115528,118,Unhealthy for Sensitive Groups,2,14.8,74,0.0,8.6,61,1019.6,100,61.7,64.7,1009.0,27.0,37.0,41.2
2025-03-08 08:00:00,2025,3,8,8,Hà Nội,Xã Tây Phương,21.0403672,105.6115528,121,Unhealthy for Sensitive Groups,2,14.7,72,0.0,8.9,61,1020.9,100,58.3,60.8,940.0,24.8,40.0,40.5
2025-03-08 09:00:00,2025,3,8,9,Hà Nội,Xã Tây Phương,21.0403672,105.6115528,124,Unhealthy for Sensitive Groups,2,15.1,72,0.0,8.0,63,1021.6,100,54.8,57.0,812.0,21.6,46.0,39.5
2025-03-08 10:00:00,2025,3,8,10,Hà Nội,Xã Tây Phương,21.0403672,105.6115528,127,Unhealthy for Sensitive Groups,2,15.7,71,0.0,6.7,70,1021.7,100,51.0,52.9,705.0,18.7,53.0,38.4
2025-03-08 11:00:00,2025,3,8,11,Hà Nội,Xã Tây Phương,21.0403672,105.6115528,129,Unhealthy for Sensitive Groups,2,16.2,69,0.0,5.8,64,1021.2,100,47.6,49.2,648.0,16.2,65.0,37.4
2025-03-08 12:00:00,2025,3,8,12,Hà Nội,Xã Tây Phương,21.0403672,105.6115528,130,Unhealthy for Sensitive Groups,2,16.8,68,0.0,6.5,66,1020.1,100,45.8,47.0,613.0,13.9,79.0,36.3
2025-03-08 13:00:00,2025,3,8,13,Hà Nội,Xã Tây Phương,21.0403672,105.6115528,131,Unhealthy for Sensitive Groups,2,17.7,66,0.0,5.9,78,1018.8,100,43.7,44.8,594.0,12.6,90.0,35.0
2025-03-08 14:00:00,2025,3,8,14,Hà Nội,Xã Tây Phương,21.0403672,105.6115528,132,Unhealthy for Sensitive Groups,2,17.8,66,0.0,5.5,103,1017.5,100,41.8,42.7,573.0,11.6,98.0,32.5
2025-03-08 15:00:00,2025,3,8,15,Hà Nội,Xã Tây Phương,21.0403672,105.6115528,133,Unhealthy for Sensitive Groups,2,18.4,65,0.0,6.4,133,1016.3,88,41.6,42.4,567.0,11.4,102.0,29.9
2025-03-08 16:00:00,2025,3,8,16,Hà Nội,Xã Tây Phương,21.0403672,105.6115528,134,Unhealthy for Sensitive Groups,2,18.7,65,0.0,7.8,151,1015.8,84,43.8,44.5,631.0,15.0,100.0,29.6
2025-03-08 17:00:00,2025,3,8,17,Hà Nội,Xã Tây Phương,21.0403672,105.6115528,135,Unhealthy for Sensitive Groups,2,18.2,66,0.0,9.2,145,1015.8,33,46.2,46.9,842.0,24.9,87.0,33.3
2025-03-08 18:00:00,2025,3,8,18,Hà Nội,Xã Tây Phương,21.0403672,105.6115528,136,Unhealthy for Sensitive Groups,2,17.1,73,0.0,4.6,126,1016.1,53,55.5,56.3,1121.0,38.4,68.0,39.4
2025-03-08 19:00:00,2025,3,8,19,Hà Nội,Xã Tây Phương,21.0403672,105.6115528,137,Unhealthy for Sensitive Groups,2,16.9,74,0.0,5.7,127,1016.7,21,68.2,68.9,1285.0,47.4,36.0,38.9
2025-03-08 20:00:00,2025,3,8,20,Hà Nội,Xã Tây Phương,21.0403672,105.6115528,140,Unhealthy for Sensitive Groups,2,15.1,81,0.0,5.1,117,1017.9,11,75.0,75.4,1226.0,52.6,28.0,42.5
2025-03-08 21:00:00,2025,3,8,21,Hà Nội,Xã Tây Phương,21.0403672,105.6115528,143,Unhealthy for Sensitive Groups,2,15.1,81,0.0,6.7,144,1019.1,100,76.8,77.3,1051.0,59.7,18.0,47.5
2025-03-08 22:00:00,2025,3,8,22,Hà Nội,Xã Tây Phương,21.0403672,105.6115528,145,Unhealthy for Sensitive Groups,2,16.1,78,0.0,9.6,147,1019.3,17,77.5,77.8,902.0,64.8,10.0,51.0
2025-03-08 23:00:00,2025,3,8,23,Hà Nội,Xã Tây Phương,21.0403672,105.6115528,148,Unhealthy for Sensitive Groups,2,14.9,86,0.0,5.2,164,1019.8,100,75.9,76.4,834.0,66.3,6.0,51.5
2025-03-09 00:00:00,2025,3,9,0,Hà Nội,Xã Tây Phương,21.0403672,105.6115528,150,Unhealthy for Sensitive Groups,2,15.9,82,0.0,7.1,156,1019.7,100,73.1,73.6,792.0,65.9,5.0,50.5
2025-03-09 01:00:00,2025,3,9,1,Hà Nội,Xã Tây Phương,21.0403672,105.6115528,150,Unhealthy for Sensitive Groups,2,15.9,83,0.0,8.3,150,1019.3,100,70.5,70.8,752.0,64.6,5.0,49.3
2025-03-09 02:00:00,2025,3,9,2,Hà Nội,Xã Tây Phương,21.0403672,105.6115528,151,Unhealthy,3,15.9,85,0.0,8.7,153,1018.8,100,68.5,68.7,692.0,62.4,6.0,47.7
2025-03-09 03:00:00,2025,3,9,3,Hà Nội,Xã Tây Phương,21.0403672,105.6115528,151,Unhealthy,3,15.7,86,0.0,7.4,154,1018.3,100,65.9,66.1,634.0,59.4,8.0,45.9
2025-03-09 04:00:00,2025,3,9,4,Hà Nội,Xã Tây Phương,21.0403672,105.6115528,151,Unhealthy,3,15.6,88,0.0,5.6,147,1017.6,100,64.5,64.7,614.0,56.9,9.0,45.3
2025-03-09 05:00:00,2025,3,9,5,Hà Nội,Xã Tây Phương,21.0403672,105.6115528,152,Unhealthy,3,15.6,88,0.0,4.6,129,1017.9,100,64.5,64.7,664.0,56.0,9.0,47.0
2025-03-09 06:00:00,2025,3,9,6,Hà Nội,Xã Tây Phương,21.0403672,105.6115528,152,Unhealthy,3,15.6,90,0.0,3.1,69,1018.5,100,66.1,66.4,754.0,55.5,8.0,50.0
2025-03-09 07:00:00,2025,3,9,7,Hà Nội,Xã Tây Phương,21.0403672,105.6115528,152,Unhealthy,3,15.7,90,0.0,5.5,44,1019.3,100,60.5,60.8,825.0,48.9,15.0,44.6
2025-03-09 08:00:00,2025,3,9,8,Hà Nội,Xã Tây Phương,21.0403672,105.6115528,152,Unhealthy,3,16.4,88,0.0,6.6,73,1020.4,100,59.0,59.4,860.0,46.3,20.0,47.4
2025-03-09 09:00:00,2025,3,9,9,Hà Nội,Xã Tây Phương,21.0403672,105.6115528,152,Unhealthy,3,17.0,85,0.0,5.6,83,1021.0,100,56.7,56.9,877.0,42.5,28.0,51.0
2025-03-09 10:00:00,2025,3,9,10,Hà Nội,Xã Tây Phương,21.0403672,105.6115528,152,Unhealthy,3,17.8,82,0.0,5.4,76,1021.0,100,52.5,52.9,874.0,38.6,36.0,52.5
2025-03-09 11:00:00,2025,3,9,11,Hà Nội,Xã Tây Phương,21.0403672,105.6115528,152,Unhealthy,3,18.3,80,0.0,4.8,68,1020.6,100,46.3,46.6,841.0,34.2,47.0,49.7
2025-03-09 12:00:00,2025,3,9,12,Hà Nội,Xã Tây Phương,21.0403672,105.6115528,152,Unhealthy,3,19.0,78,0.0,5.3,82,1019.8,100,43.0,43.2,787.0,29.6,58.0,44.7
2025-03-09 13:00:00,2025,3,9,13,Hà Nội,Xã Tây Phương,21.0403672,105.6115528,152,Unhealthy,3,20.0,74,0.0,5.5,101,1018.5,100,36.3,36.6,737.0,26.8,66.0,40.6
2025-03-09 14:00:00,2025,3,9,14,Hà Nội,Xã Tây Phương,21.0403672,105.6115528,152,Unhealthy,3,20.6,73,0.0,7.0,116,1017.3,100,33.4,33.5,692.0,25.9,69.0,38.0
2025-03-09 15:00:00,2025,3,9,15,Hà Nội,Xã Tây Phương,21.0403672,105.6115528,152,Unhealthy,3,21.0,71,0.0,8.9,124,1016.5,100,34.6,34.7,651.0,26.7,69.0,36.3
2025-03-09 16:00:00,2025,3,9,16,Hà Nội,Xã Tây Phương,21.0403672,105.6115528,152,Unhealthy,3,20.9,71,0.0,10.6,129,1016.2,100,35.7,35.9,633.0,30.7,64.0,36.2
2025-03-09 17:00:00,2025,3,9,17,Hà Nội,Xã Tây Phương,21.0403672,105.6115528,152,Unhealthy,3,20.5,74,0.0,9.6,127,1016.5,100,36.3,36.4,655.0,40.2,50.0,38.7
2025-03-09 18:00:00,2025,3,9,18,Hà Nội,Xã Tây Phương,21.0403672,105.6115528,151,Unhealthy,3,20.0,78,0.0,9.5,123,1017.2,100,43.4,43.5,701.0,52.8,31.0,42.8
2025-03-09 19:00:00,2025,3,9,19,Hà Nội,Xã Tây Phương,21.0403672,105.6115528,151,Unhealthy,3,19.5,80,0.0,10.9,128,1018.0,100,47.0,47.0,738.0,61.4,12.0,50.0
2025-03-09 20:00:00,2025,3,9,20,Hà Nội,Xã Tây Phương,21.0403672,105.6115528,151,Unhealthy,3,19.1,84,0.0,8.7,124,1019.4,100,57.3,57.3,758.0,63.4,8.0,52.1
2025-03-09 21:00:00,2025,3,9,21,Hà Nội,Xã Tây Phương,21.0403672,105.6115528,150,Unhealthy for Sensitive Groups,2,18.9,85,0.0,9.6,140,1020.1,100,63.1,63.1,770.0,66.3,4.0,55.1
2025-03-09 22:00:00,2025,3,9,22,Hà Nội,Xã Tây Phương,21.0403672,105.6115528,150,Unhealthy for Sensitive Groups,2,18.5,86,0.0,8.8,157,1020.3,4,70.3,70.3,768.0,68.6,0.0,58.2
2025-03-09 23:00:00,2025,3,9,23,Hà Nội,Xã Tây Phương,21.0403672,105.6115528,149,Unhealthy for Sensitive Groups,2,17.4,92,0.0,6.8,169,1020.4,48,74.7,75.0,744.0,70.0,0.0,61.5
2025-03-10 00:00:00,2025,3,10,0,Hà Nội,Xã Tây Phương,21.0403672,105.6115528,149,Unhealthy for Sensitive Groups,2,17.2,93,0.0,6.0,171,1020.0,100,76.6,76.8,705.0,70.9,0.0,65.0
2025-03-10 01:00:00,2025,3,10,1,Hà Nội,Xã Tây Phương,21.0403672,105.6115528,149,Unhealthy for Sensitive Groups,2,18.0,89,0.0,4.8,151,1019.4,100,78.7,78.7,669.0,71.0,0.0,67.8
2025-03-10 02:00:00,2025,3,10,2,Hà Nội,Xã Tây Phương,21.0403672,105.6115528,150,Unhealthy for Sensitive Groups,2,17.9,90,0.0,3.3,158,1018.6,100,79.2,79.2,633.0,69.7,0.0,68.8
2025-03-10 03:00:00,2025,3,10,3,Hà Nội,Xã Tây Phương,21.0403672,105.6115528,150,Unhealthy for Sensitive Groups,2,17.9,90,0.1,3.7,151,1018.0,100,80.3,80.6,599.0,67.7,0.0,69.1
2025-03-10 04:00:00,2025,3,10,4,Hà Nội,Xã Tây Phương,21.0403672,105.6115528,151,Unhealthy,3,17.8,91,0.1,3.3,151,1017.7,100,82.7,82.7,595.0,65.9,0.0,71.3
2025-03-10 05:00:00,2025,3,10,5,Hà Nội,Xã Tây Phương,21.0403672,105.6115528,151,Unhealthy,3,17.7,92,0.1,2.4,138,1018.3,100,78.7,78.7,644.0,65.3,0.0,78.2
2025-03-10 06:00:00,2025,3,10,6,Hà Nội,Xã Tây Phương,21.0403672,105.6115528,151,Unhealthy,3,17.8,93,0.1,2.0,95,1018.7,100,81.7,81.7,723.0,65.1,0.0,87.1
2025-03-10 07:00:00,2025,3,10,7,Hà Nội,Xã Tây Phương,21.0403672,105.6115528,152,Unhealthy,3,17.9,93,0.1,2.7,86,1019.3,100,93.1,93.4,782.0,63.5,2.0,72.2
2025-03-10 08:00:00,2025,3,10,8,Hà Nội,Xã Tây Phương,21.0403672,105.6115528,152,Unhealthy,3,18.3,93,0.0,2.7,58,1020.3,100,85.9,86.4,806.0,60.5,10.0,73.0
2025-03-10 09:00:00,2025,3,10,9,Hà Nội,Xã Tây Phương,21.0403672,105.6115528,153,Unhealthy,3,18.9,91,0.0,2.2,55,1021.0,100,76.8,77.3,810.0,56.2,22.0,73.7
2025-03-10 10:00:00,2025,3,10,10,Hà Nội,Xã Tây Phương,21.0403672,105.6115528,153,Unhealthy,3,20.2,83,0.0,5.5,101,1020.9,100,68.5,69.4,795.0,50.6,37.0,70.5
2025-03-10 11:00:00,2025,3,10,11,Hà Nội,Xã Tây Phương,21.0403672,105.6115528,154,Unhealthy,3,20.9,81,0.0,6.7,124,1020.2,100,60.3,61.5,753.0,42.9,57.0,59.9
2025-03-10 12:00:00,2025,3,10,12,Hà Nội,Xã Tây Phương,21.0403672,105.6115528,154,Unhealthy,3,21.8,78,0.0,5.7,136,1019.2,100,57.4,58.9,691.0,34.1,80.0,45.5
2025-03-10 13:00:00,2025,3,10,13,Hà Nội,Xã Tây Phương,21.0403672,105.6115528,154,Unhealthy,3,22.5,76,0.1,5.9,149,1017.6,100,60.3,61.9,628.0,27.1,99.0,34.5
2025-03-10 14:00:00,2025,3,10,14,Hà Nội,Xã Tây Phương,21.0403672,105.6115528,155,Unhealthy,3,22.8,74,0.1,6.3,160,1016.2,100,63.6,65.2,555.0,22.0,113.0,29.9
2025-03-10 15:00:00,2025,3,10,15,Hà Nội,Xã Tây Phương,21.0403672,105.6115528,156,Unhealthy,3,23.2,73,0.0,8.5,148,1014.9,56,61.2,62.9,482.0,18.8,122.0,28.7
2025-03-10 16:00:00,2025,3,10,16,Hà Nội,Xã Tây Phương,21.0403672,105.6115528,156,Unhealthy,3,23.5,71,0.0,12.8,148,1014.1,48,58.1,59.5,450.0,20.0,122.0,29.4
2025-03-10 17:00:00,2025,3,10,17,Hà Nội,Xã Tây Phương,21.0403672,105.6115528,157,Unhealthy,3,22.9,75,0.0,11.3,138,1013.9,4,56.7,58.1,499.0,29.9,105.0,32.7
2025-03-10 18:00:00,2025,3,10,18,Hà Nội,Xã Tây Phương,21.0403672,105.6115528,157,Unhealthy,3,21.6,81,0.0,9.0,134,1014.2,8,70.3,71.7,590.0,44.4,79.0,37.9
2025-03-10 19:00:00,2025,3,10,19,Hà Nội,Xã Tây Phương,21.0403672,105.6115528,158,Unhealthy,3,20.7,86,0.0,11.2,135,1014.5,2,80.8,81.7,653.0,55.1,51.0,39.5
2025-03-10 20:00:00,2025,3,10,20,Hà Nội,Xã Tây Phương,21.0403672,105.6115528,158,Unhealthy,3,20.2,87,0.0,12.2,136,1015.2,46,77.5,78.5,654.0,52.6,49.0,40.4
2025-03-10 21:00:00,2025,3,10,21,Hà Nội,Xã Tây Phương,21.0403672,105.6115528,159,Unhealthy,3,19.7,90,0.0,11.0,138,1016.5,100,69.8,70.8,628.0,48.9,47.0,41.5
2025-03-10 22:00:00,2025,3,10,22,Hà Nội,Xã Tây Phương,21.0403672,105.6115528,159,Unhealthy,3,19.3,92,0.0,11.2,142,1017.1,100,65.0,65.9,601.0,44.5,47.0,41.4
2025-03-10 23:00:00,2025,3,10,23,Hà Nội,Xã Tây Phương,21.0403672,105.6115528,159,Unhealthy,3,19.2,92,0.0,11.6,150,1016.6,100,62.2,62.9,583.0,39.0,50.0,39.0
2025-03-11 00:00:00,2025,3,11,0,Hà Nội,Xã Tây Phương,21.0403672,105.6115528,159,Unhealthy,3,19.0,93,0.0,11.3,144,1016.1,100,61.7,62.6,566.0,32.8,56.0,35.4
2025-03-11 01:00:00,2025,3,11,1,Hà Nội,Xã Tây Phương,21.0403672,105.6115528,158,Unhealthy,3,18.5,96,0.0,10.7,136,1015.3,100,63.3,64.5,552.0,27.9,59.0,33.0
2025-03-11 02:00:00,2025,3,11,2,Hà Nội,Xã Tây Phương,21.0403672,105.6115528,158,Unhealthy,3,17.9,98,0.0,9.6,130,1014.2,100,63.1,64.5,542.0,25.0,59.0,32.6
2025-03-11 03:00:00,2025,3,11,3,Hà Nội,Xã Tây Phương,21.0403672,105.6115528,158,Unhealthy,3,17.7,99,0.0,9.0,127,1013.6,100,63.1,64.5,536.0,23.3,57.0,33.5
2025-03-11 04:00:00,2025,3,11,4,Hà Nội,Xã Tây Phương,21.0403672,105.6115528,157,Unhealthy,3,17.7,99,0.0,9.5,129,1013.2,100,62.9,64.3,537.0,23.2,53.0,35.4
2025-03-11 05:00:00,2025,3,11,5,Hà Nội,Xã Tây Phương,21.0403672,105.6115528,157,Unhealthy,3,17.7,99,0.0,8.6,129,1013.6,100,66.1,67.5,553.0,25.6,46.0,39.4
2025-03-11 06:00:00,2025,3,11,6,Hà Nội,Xã Tây Phương,21.0403672,105.6115528,157,Unhealthy,3,17.9,99,0.0,7.5,123,1014.1,100,70.5,71.9,576.0,29.5,38.0,44.6
2025-03-11 07:00:00,2025,3,11,7,Hà Nội,Xã Tây Phương,21.0403672,105.6115528,156,Unhealthy,3,18.2,98,0.0,8.6,120,1014.8,100,65.4,66.8,589.0,30.2,38.0,38.4
2025-03-11 08:00:00,2025,3,11,8,Hà Nội,Xã Tây Phương,21.0403672,105.6115528,156,Unhealthy,3,19.3,95,0.0,8.1,111,1015.9,100,61.2,62.9,586.0,29.3,42.0,38.3
2025-03-11 09:00:00,2025,3,11,9,Hà Nội,Xã Tây Phương,21.0403672,105.6115528,155,Unhealthy,3,20.1,92,0.0,7.0,122,1016.4,100,56.8,58.4,572.0,28.0,49.0,38.1
2025-03-11 10:00:00,2025,3,11,10,Hà Nội,Xã Tây Phương,21.0403672,105.6115528,155,Unhealthy,3,21.4,87,0.0,5.9,137,1016.1,100,50.8,52.3,548.0,26.3,56.0,37.0
2025-03-11 11:00:00,2025,3,11,11,Hà Nội,Xã Tây Phương,21.0403672,105.6115528,154,Unhealthy,3,22.9,82,0.0,8.2,154,1015.2,100,51.5,53.0,505.0,23.5,65.0,33.8
2025-03-11 12:00:00,2025,3,11,12,Hà Nội,Xã Tây Phương,21.0403672,105.6115528,154,Unhealthy,3,24.0,78,0.0,10.8,170,1013.7,77,48.3,49.8,452.0,20.3,76.0,29.7
2025-03-11 13:00:00,2025,3,11,13,Hà Nội,Xã Tây Phương,21.0403672,105.6115528,154,Unhealthy,3,25.0,74,0.1,11.9,178,1012.0,100,45.2,46.4,417.0,18.7,83.0,27.8
2025-03-11 14:00:00,2025,3,11,14,Hà Nội,Xã Tây Phương,21.0403672,105.6115528,154,Unhealthy,3,25.4,73,0.1,11.6,161,1010.3,100,45.1,46.3,419.0,19.4,86.0,30.0
2025-03-11 15:00:00,2025,3,11,15,Hà Nội,Xã Tây Phương,21.0403672,105.6115528,153,Unhealthy,3,25.7,72,0.0,13.0,138,1009.2,53,44.6,45.8,440.0,21.7,86.0,34.3
2025-03-11 16:00:00,2025,3,11,16,Hà Nội,Xã Tây Phương,21.0403672,105.6115528,153,Unhealthy,3,26.3,70,0.0,16.7,135,1008.6,38,44.5,45.5,449.0,25.1,82.0,37.9
2025-03-11 17:00:00,2025,3,11,17,Hà Nội,Xã Tây Phương,21.0403672,105.6115528,153,Unhealthy,3,25.6,75,0.0,14.9,134,1008.9,64,44.7,45.5,430.0,30.9,71.0,39.8
2025-03-11 18:00:00,2025,3,11,18,Hà Nội,Xã Tây Phương,21.0403672,105.6115528,152,Unhealthy,3,24.6,77,0.0,18.1,138,1009.2,8,43.8,44.5,399.0,37.8,56.0,41.0
2025-03-11 19:00:00,2025,3,11,19,Hà Nội,Xã Tây Phương,21.0403672,105.6115528,152,Unhealthy,3,23.2,84,0.0,19.1,141,1010.0,51,36.6,37.7,381.0,40.0,47.0,38.9
2025-03-11 20:00:00,2025,3,11,20,Hà Nội,Xã Tây Phương,21.0403672,105.6115528,151,Unhealthy,3,21.9,89,0.0,17.3,142,1011.5,63,32.6,33.8,392.0,37.2,48.0,37.4
2025-03-11 21:00:00,2025,3,11,21,Hà Nội,Xã Tây Phương,21.0403672,105.6115528,149,Unhealthy for Sensitive Groups,2,21.3,92,0.0,16.0,150,1012.3,100,31.0,32.4,415.0,33.3,49.0,35.3
2025-03-11 22:00:00,2025,3,11,22,Hà Nội,Xã Tây Phương,21.0403672,105.6115528,145,Unhealthy for Sensitive Groups,2,21.5,91,0.0,15.3,153,1012.7,100,32.5,34.3,427.0,30.3,49.0,33.5
2025-03-11 23:00:00,2025,3,11,23,Hà Nội,Xã Tây Phương,21.0403672,105.6115528,141,Unhealthy for Sensitive Groups,2,21.5,91,0.0,14.2,153,1012.3,100,34.8,36.8,414.0,28.8,49.0,32.2
2025-03-12 00:00:00,2025,3,12,0,Hà Nội,Xã Tây Phương,21.0403672,105.6115528,138,Unhealthy for Sensitive Groups,2,21.5,91,0.0,14.1,153,1011.6,100,37.7,39.5,389.0,28.2,48.0,31.1
2025-03-12 01:00:00,2025,3,12,1,Hà Nội,Xã Tây Phương,21.0403672,105.6115528,136,Unhealthy for Sensitive Groups,2,21.5,93,0.0,13.9,150,1010.9,100,40.9,42.7,367.0,28.0,47.0,30.6
2025-03-12 02:00:00,2025,3,12,2,Hà Nội,Xã Tây Phương,21.0403672,105.6115528,134,Unhealthy for Sensitive Groups,2,21.4,94,0.0,12.2,146,1010.0,100,43.5,45.4,346.0,28.0,44.0,30.6
2025-03-12 03:00:00,2025,3,12,3,Hà Nội,Xã Tây Phương,21.0403672,105.6115528,131,Unhealthy for Sensitive Groups,2,21.3,95,0.1,10.2,138,1009.2,100,45.5,47.4,329.0,28.5,41.0,31.2
2025-03-12 04:00:00,2025,3,12,4,Hà Nội,Xã Tây Phương,21.0403672,105.6115528,130,Unhealthy for Sensitive Groups,2,21.2,96,0.1,8.9,128,1009.1,100,47.3,49.1,333.0,29.9,36.0,32.5
2025-03-12 05:00:00,2025,3,12,5,Hà Nội,Xã Tây Phương,21.0403672,105.6115528,128,Unhealthy for Sensitive Groups,2,21.1,97,0.1,8.4,118,1009.6,100,48.9,50.6,387.0,33.6,30.0,35.5
2025-03-12 06:00:00,2025,3,12,6,Hà Nội,Xã Tây Phương,21.0403672,105.6115528,126,Unhealthy for Sensitive Groups,2,21.0,98,0.1,8.4,118,1010.1,100,50.6,52.4,463.0,38.2,23.0,39.2
2025-03-12 07:00:00,2025,3,12,7,Hà Nội,Xã Tây Phương,21.0403672,105.6115528,124,Unhealthy for Sensitive Groups,2,21.2,98,0.1,8.8,125,1011.0,100,48.3,49.4,496.0,38.2,19.0,36.8
2025-03-12 08:00:00,2025,3,12,8,Hà Nội,Xã Tây Phương,21.0403672,105.6115528,122,Unhealthy for Sensitive Groups,2,21.5,97,0.1,11.1,136,1012.0,100,45.3,46.4,443.0,35.9,20.0,37.3
2025-03-12 09:00:00,2025,3,12,9,Hà Nội,Xã Tây Phương,21.0403672,105.6115528,121,Unhealthy for Sensitive Groups,2,22.2,94,0.1,14.9,153,1012.8,100,36.0,36.9,348.0,32.6,22.0,38.0
2025-03-12 10:00:00,2025,3,12,10,Hà Nội,Xã Tây Phương,21.0403672,105.6115528,119,Unhealthy for Sensitive Groups,2,23.2,89,0.0,14.9,158,1012.8,100,34.1,34.9,278.0,29.8,26.0,38.3
2025-03-12 11:00:00,2025,3,12,11,Hà Nội,Xã Tây Phương,21.0403672,105.6115528,117,Unhealthy for Sensitive Groups,2,24.8,81,0.0,13.7,158,1012.2,61,29.8,30.6,261.0,27.8,33.0,38.1
2025-03-12 12:00:00,2025,3,12,12,Hà Nội,Xã Tây Phương,21.0403672,105.6115528,115,Unhealthy for Sensitive Groups,2,26.5,74,0.1,9.9,165,1011.0,100,29.7,30.5,269.0,26.1,41.0,37.5
2025-03-12 13:00:00,2025,3,12,13,Hà Nội,Xã Tây Phương,21.0403672,105.6115528,113,Unhealthy for Sensitive Groups,2,26.8,74,0.0,12.8,145,1009.3,100,32.7,33.5,284.0,25.0,48.0,36.9
2025-03-12 14:00:00,2025,3,12,14,Hà Nội,Xã Tây Phương,21.0403672,105.6115528,111,Unhealthy for Sensitive Groups,2,26.6,72,0.0,12.9,143,1007.7,83,33.5,34.3,302.0,24.0,53.0,36.2
2025-03-12 15:00:00,2025,3,12,15,Hà Nội,Xã Tây Phương,21.0403672,105.6115528,110,Unhealthy for Sensitive Groups,2,27.2,70,0.0,14.1,153,1007.0,100,33.6,34.3,326.0,23.5,56.0,35.3
2025-03-12 16:00:00,2025,3,12,16,Hà Nội,Xã Tây Phương,21.0403672,105.6115528,109,Unhealthy for Sensitive Groups,2,26.1,78,0.0,14.2,144,1006.6,12,30.4,31.1,347.0,24.6,55.0,34.8
2025-03-12 17:00:00,2025,3,12,17,Hà Nội,Xã Tây Phương,21.0403672,105.6115528,107,Unhealthy for Sensitive Groups,2,25.8,81,0.1,17.4,140,1006.1,31,28.7,29.2,364.0,28.8,46.0,34.9
2025-03-12 18:00:00,2025,3,12,18,Hà Nội,Xã Tây Phương,21.0403672,105.6115528,106,Unhealthy for Sensitive Groups,2,24.2,89,0.0,13.8,147,1007.2,53,26.1,26.7,379.0,34.6,34.0,35.3
2025-03-12 19:00:00,2025,3,12,19,Hà Nội,Xã Tây Phương,21.0403672,105.6115528,104,Unhealthy for Sensitive Groups,2,23.5,91,0.0,16.9,149,1008.1,16,27.5,28.8,385.0,37.5,27.0,35.1
2025-03-12 20:00:00,2025,3,12,20,Hà Nội,Xã Tây Phương,21.0403672,105.6115528,103,Unhealthy for Sensitive Groups,2,22.8,94,0.0,17.0,141,1008.7,100,26.8,28.0,379.0,35.3,29.0,34.1
2025-03-12 21:00:00,2025,3,12,21,Hà Nội,Xã Tây Phương,21.0403672,105.6115528,102,Unhealthy for Sensitive Groups,2,22.8,94,0.0,17.5,148,1010.0,100,26.9,27.9,365.0,32.4,33.0,32.7
2025-03-12 22:00:00,2025,3,12,22,Hà Nội,Xã Tây Phương,21.0403672,105.6115528,102,Unhealthy for Sensitive Groups,2,22.6,94,0.1,17.4,148,1010.2,100,27.0,27.9,347.0,29.9,35.0,31.3
2025-03-12 23:00:00,2025,3,12,23,Hà Nội,Xã Tây Phương,21.0403672,105.6115528,101,Unhealthy for Sensitive Groups,2,22.5,94,0.2,16.6,148,1010.4,100,28.1,29.0,324.0,28.4,36.0,29.7
2025-03-13 00:00:00,2025,3,13,0,Hà Nội,Xã Tây Phương,21.0403672,105.6115528,101,Unhealthy for Sensitive Groups,2,22.4,95,0.2,16.9,149,1010.1,100,28.6,29.6,296.0,27.4,36.0,28.1
2025-03-13 01:00:00,2025,3,13,1,Hà Nội,Xã Tây Phương,21.0403672,105.6115528,100,Moderate,1,22.5,95,0.0,16.9,147,1009.6,100,30.7,31.8,277.0,27.2,35.0,27.2
2025-03-13 02:00:00,2025,3,13,2,Hà Nội,Xã Tây Phương,21.0403672,105.6115528,99,Moderate,1,22.4,96,0.0,14.4,142,1009.1,100,33.2,34.3,267.0,28.2,32.0,27.3
2025-03-13 03:00:00,2025,3,13,3,Hà Nội,Xã Tây Phương,21.0403672,105.6115528,98,Moderate,1,22.4,96,0.0,11.0,130,1008.6,100,35.2,36.3,265.0,30.0,28.0,28.0
2025-03-13 04:00:00,2025,3,13,4,Hà Nội,Xã Tây Phương,21.0403672,105.6115528,97,Moderate,1,22.2,96,0.1,12.3,121,1008.5,100,35.7,37.1,275.0,31.9,24.0,29.0
2025-03-13 05:00:00,2025,3,13,5,Hà Nội,Xã Tây Phương,21.0403672,105.6115528,96,Moderate,1,22.0,97,0.1,13.1,120,1008.8,100,35.4,36.6,308.0,34.2,20.0,30.3
2025-03-13 06:00:00,2025,3,13,6,Hà Nội,Xã Tây Phương,21.0403672,105.6115528,95,Moderate,1,21.9,97,0.1,12.5,123,1009.5,100,33.3,34.1,354.0,36.7,16.0,32.0
2025-03-13 07:00:00,2025,3,13,7,Hà Nội,Xã Tây Phương,21.0403672,105.6115528,93,Moderate,1,21.9,98,0.1,12.2,126,1010.2,100,29.2,29.7,387.0,34.1,19.0,28.9
2025-03-13 08:00:00,2025,3,13,8,Hà Nội,Xã Tây Phương,21.0403672,105.6115528,92,Moderate,1,22.5,96,0.1,13.4,125,1011.2,100,33.8,34.5,398.0,33.7,17.0,32.0
2025-03-13 09:00:00,2025,3,13,9,Hà Nội,Xã Tây Phương,21.0403672,105.6115528,91,Moderate,1,22.8,96,0.2,15.0,133,1011.9,100,32.6,33.5,398.0,32.9,15.0,36.3
2025-03-13 10:00:00,2025,3,13,10,Hà Nội,Xã Tây Phương,21.0403672,105.6115528,90,Moderate,1,23.5,93,0.2,15.0,138,1011.9,100,24.2,24.9,389.0,31.6,16.0,39.2
2025-03-13 11:00:00,2025,3,13,11,Hà Nội,Xã Tây Phương,21.0403672,105.6115528,89,Moderate,1,24.3,91,0.3,13.2,137,1011.8,100,23.7,24.4,371.0,29.2,21.0,39.5
2025-03-13 12:00:00,2025,3,13,12,Hà Nội,Xã Tây Phương,21.0403672,105.6115528,89,Moderate,1,24.5,89,0.3,15.6,145,1010.6,100,23.7,24.4,346.0,26.3,30.0,38.4
2025-03-13 13:00:00,2025,3,13,13,Hà Nội,Xã Tây Phương,21.0403672,105.6115528,88,Moderate,1,24.6,91,0.2,16.0,142,1009.0,100,25.0,25.7,320.0,23.7,38.0,36.6
2025-03-13 14:00:00,2025,3,13,14,Hà Nội,Xã Tây Phương,21.0403672,105.6115528,88,Moderate,1,25.8,85,0.1,20.6,154,1007.4,100,23.8,24.6,290.0,21.2,48.0,33.8
2025-03-13 15:00:00,2025,3,13,15,Hà Nội,Xã Tây Phương,21.0403672,105.6115528,87,Moderate,1,25.9,83,0.0,21.7,155,1006.6,100,23.7,24.5,260.0,19.0,57.0,30.3
2025-03-13 16:00:00,2025,3,13,16,Hà Nội,Xã Tây Phương,21.0403672,105.6115528,86,Moderate,1,25.7,85,0.0,21.9,150,1006.1,100,23.8,24.6,248.0,19.0,61.0,28.0
2025-03-13 17:00:00,2025,3,13,17,Hà Nội,Xã Tây Phương,21.0403672,105.6115528,85,Moderate,1,25.5,85,0.0,20.3,153,1006.0,55,25.1,25.8,270.0,23.2,54.0,27.9
2025-03-13 18:00:00,2025,3,13,18,Hà Nội,Xã Tây Phương,21.0403672,105.6115528,85,Moderate,1,24.6,89,0.0,17.9,148,1006.3,37,25.8,26.5,310.0,29.7,40.0,28.9
2025-03-13 19:00:00,2025,3,13,19,Hà Nội,Xã Tây Phương,21.0403672,105.6115528,85,Moderate,1,24.1,90,0.0,17.1,146,1007.0,68,29.9,31.4,339.0,30.4,38.0,27.5
2025-03-13 20:00:00,2025,3,13,20,Hà Nội,Xã Tây Phương,21.0403672,105.6115528,85,Moderate,1,23.6,91,0.0,17.4,141,1008.7,100,30.7,32.1,346.0,30.6,36.0,28.1
2025-03-13 21:00:00,2025,3,13,21,Hà Nội,Xã Tây Phương,21.0403672,105.6115528,86,Moderate,1,23.4,93,0.0,15.9,148,1009.6,100,32.7,34.0,343.0,30.8,34.0,28.9
2025-03-13 22:00:00,2025,3,13,22,Hà Nội,Xã Tây Phương,21.0403672,105.6115528,86,Moderate,1,23.2,95,0.0,13.5,144,1009.9,100,36.2,37.6,337.0,31.0,32.0,29.7
2025-03-13 23:00:00,2025,3,13,23,Hà Nội,Xã Tây Phương,21.0403672,105.6115528,87,Moderate,1,23.0,96,0.0,12.0,140,1009.7,100,40.0,41.4,330.0,31.0,30.0,30.2
2025-03-14 00:00:00,2025,3,14,0,Hà Nội,Xã Tây Phương,21.0403672,105.6115528,88,Moderate,1,23.0,97,0.1,11.2,135,1009.8,100,42.6,44.1,321.0,30.9,28.0,30.7
2025-03-14 01:00:00,2025,3,14,1,Hà Nội,Xã Tây Phương,21.0403672,105.6115528,89,Moderate,1,22.8,98,0.1,10.5,131,1009.6,100,43.9,45.5,312.0,31.2,25.0,31.2
2025-03-14 02:00:00,2025,3,14,2,Hà Nội,Xã Tây Phương,21.0403672,105.6115528,90,Moderate,1,22.7,98,0.0,12.2,136,1009.0,100,43.8,45.6,300.0,32.2,22.0,31.8
2025-03-14 03:00:00,2025,3,14,3,Hà Nội,Xã Tây Phương,21.0403672,105.6115528,91,Moderate,1,22.6,98,0.0,11.8,134,1008.7,100,43.1,44.9,288.0,33.5,18.0,32.4
2025-03-14 04:00:00,2025,3,14,4,Hà Nội,Xã Tây Phương,21.0403672,105.6115528,92,Moderate,1,22.5,98,0.0,12.4,130,1008.4,100,41.4,43.3,286.0,35.0,15.0,33.7
2025-03-14 05:00:00,2025,3,14,5,Hà Nội,Xã Tây Phương,21.0403672,105.6115528,92,Moderate,1,22.5,98,0.0,11.8,133,1009.1,100,38.5,40.2,306.0,37.0,11.0,36.0
2025-03-14 06:00:00,2025,3,14,6,Hà Nội,Xã Tây Phương,21.0403672,105.6115528,93,Moderate,1,22.4,98,0.0,11.6,139,1009.7,100,38.0,39.6,336.0,39.1,8.0,39.0
2025-03-14 07:00:00,2025,3,14,7,Hà Nội,Xã Tây Phương,21.0403672,105.6115528,93,Moderate,1,22.4,97,0.0,12.2,136,1010.6,100,44.5,46.9,353.0,36.5,12.0,38.1
2025-03-14 08:00:00,2025,3,14,8,Hà Nội,Xã Tây Phương,21.0403672,105.6115528,95,Moderate,1,23.1,93,0.0,14.6,150,1011.9,100,45.3,47.6,341.0,35.2,17.0,38.6
2025-03-14 09:00:00,2025,3,14,9,Hà Nội,Xã Tây Phương,21.0403672,105.6115528,96,Moderate,1,24.0,89,0.0,14.5,158,1012.3,100,43.0,44.9,314.0,33.3,24.0,39.3
2025-03-14 10:00:00,2025,3,14,10,Hà Nội,Xã Tây Phương,21.0403672,105.6115528,96,Moderate,1,25.5,83,0.0,13.0,155,1012.5,100,38.8,40.3,296.0,31.3,34.0,39.4
2025-03-14 11:00:00,2025,3,14,11,Hà Nội,Xã Tây Phương,21.0403672,105.6115528,98,Moderate,1,26.1,80,0.1,15.0,148,1011.9,100,39.8,41.1,295.0,29.1,48.0,38.4
2025-03-14 12:00:00,2025,3,14,12,Hà Nội,Xã Tây Phương,21.0403672,105.6115528,99,Moderate,1,26.3,80,0.1,15.1,148,1010.4,100,40.0,41.2,301.0,26.8,65.0,36.7
2025-03-14 13:00:00,2025,3,14,13,Hà Nội,Xã Tây Phương,21.0403672,105.6115528,101,Unhealthy for Sensitive Groups,2,27.5,75,0.1,14.5,149,1008.8,100,44.1,45.1,309.0,24.8,82.0,35.1
2025-03-14 14:00:00,2025,3,14,14,Hà Nội,Xã Tây Phương,21.0403672,105.6115528,103,Unhealthy for Sensitive Groups,2,27.4,76,0.0,15.9,134,1007.5,26,48.0,48.9,314.0,22.4,100.0,33.3
2025-03-14 15:00:00,2025,3,14,15,Hà Nội,Xã Tây Phương,21.0403672,105.6115528,105,Unhealthy for Sensitive Groups,2,28.8,70,0.0,16.5,139,1006.5,25,53.2,54.0,320.0,20.2,118.0,31.6
2025-03-14 16:00:00,2025,3,14,16,Hà Nội,Xã Tây Phương,21.0403672,105.6115528,108,Unhealthy for Sensitive Groups,2,28.0,75,0.0,18.8,134,1006.2,46,55.3,56.1,333.0,20.7,124.0,31.1
2025-03-14 17:00:00,2025,3,14,17,Hà Nội,Xã Tây Phương,21.0403672,105.6115528,112,Unhealthy for Sensitive Groups,2,27.3,79,0.0,15.7,131,1006.4,37,56.0,56.6,364.0,26.2,110.0,32.9
2025-03-14 18:00:00,2025,3,14,18,Hà Nội,Xã Tây Phương,21.0403672,105.6115528,115,Unhealthy for Sensitive Groups,2,25.8,85,0.0,16.2,129,1006.7,53,55.2,55.6,403.0,34.4,84.0,36.0
2025-03-14 19:00:00,2025,3,14,19,Hà Nội,Xã Tây Phương,21.0403672,105.6115528,118,Unhealthy for Sensitive Groups,2,24.5,91,0.0,15.2,134,1007.7,75,55.1,55.6,425.0,43.5,63.0,39.5
2025-03-14 20:00:00,2025,3,14,20,Hà Nội,Xã Tây Phương,21.0403672,105.6115528,121,Unhealthy for Sensitive Groups,2,24.4,94,0.0,13.4,132,1008.8,94,49.9,50.5,417.0,43.4,52.0,38.6
2025-03-14 21:00:00,2025,3,14,21,Hà Nội,Xã Tây Phương,21.0403672,105.6115528,123,Unhealthy for Sensitive Groups,2,23.8,97,0.0,12.9,138,1009.6,100,45.9,46.4,393.0,43.2,37.0,37.4
2025-03-14 22:00:00,2025,3,14,22,Hà Nội,Xã Tây Phương,21.0403672,105.6115528,124,Unhealthy for Sensitive Groups,2,23.8,97,0.0,14.4,146,1009.9,100,45.9,46.7,371.0,42.5,25.0,35.8
2025-03-14 23:00:00,2025,3,14,23,Hà Nội,Xã Tây Phương,21.0403672,105.6115528,125,Unhealthy for Sensitive Groups,2,23.5,99,0.0,14.6,150,1009.8,100,49.4,50.3,353.0,41.0,19.0,33.7
2025-03-15 00:00:00,2025,3,15,0,Hà Nội,Xã Tây Phương,21.0403672,105.6115528,126,Unhealthy for Sensitive Groups,2,23.5,99,0.0,13.2,143,1009.6,100,51.1,52.0,336.0,39.0,17.0,31.4
2025-03-15 01:00:00,2025,3,15,1,Hà Nội,Xã Tây Phương,21.0403672,105.6115528,127,Unhealthy for Sensitive Groups,2,23.2,99,0.0,12.7,140,1009.4,100,51.2,52.4,330.0,37.2,15.0,29.6
2025-03-15 02:00:00,2025,3,15,2,Hà Nội,Xã Tây Phương,21.0403672,105.6115528,128,Unhealthy for Sensitive Groups,2,23.1,99,0.1,12.1,133,1009.0,100,50.3,51.5,336.0,35.5,14.0,28.6
2025-03-15 03:00:00,2025,3,15,3,Hà Nội,Xã Tây Phương,21.0403672,105.6115528,128,Unhealthy for Sensitive Groups,2,23.0,98,0.1,12.1,122,1008.8,100,48.9,50.3,353.0,34.0,14.0,28.1
2025-03-15 04:00:00,2025,3,15,4,Hà Nội,Xã Tây Phương,21.0403672,105.6115528,129,Unhealthy for Sensitive Groups,2,22.9,98,0.0,11.3,119,1008.8,100,46.8,48.1,380.0,33.2,13.0,28.2
2025-03-15 05:00:00,2025,3,15,5,Hà Nội,Xã Tây Phương,21.0403672,105.6115528,129,Unhealthy for Sensitive Groups,2,22.9,97,0.0,10.6,111,1009.6,100,43.0,44.2,433.0,33.8,11.0,29.0
2025-03-15 06:00:00,2025,3,15,6,Hà Nội,Xã Tây Phương,21.0403672,105.6115528,130,Unhealthy for Sensitive Groups,2,22.9,97,0.1,9.4,101,1010.4,100,40.0,41.1,495.0,35.0,9.0,30.3
2025-03-15 07:00:00,2025,3,15,7,Hà Nội,Xã Tây Phương,21.0403672,105.6115528,130,Unhealthy for Sensitive Groups,2,22.9,97,0.2,9.1,98,1011.4,100,41.6,42.3,523.0,37.7,4.0,39.4
2025-03-15 08:00:00,2025,3,15,8,Hà Nội,Xã Tây Phương,21.0403672,105.6115528,130,Unhealthy for Sensitive Groups,2,24.0,90,0.0,14.0,132,1012.3,95,33.6,34.3,478.0,35.4,7.0,39.6
2025-03-15 09:00:00,2025,3,15,9,Hà Nội,Xã Tây Phương,21.0403672,105.6115528,129,Unhealthy for Sensitive Groups,2,25.0,86,0.0,12.1,122,1013.1,100,28.8,29.4,398.0,32.1,11.0,39.7
2025-03-15 10:00:00,2025,3,15,10,Hà Nội,Xã Tây Phương,21.0403672,105.6115528,127,Unhealthy for Sensitive Groups,2,25.9,83,0.1,11.2,106,1013.2,86,24.5,25.0,348.0,28.3,19.0,38.6
2025-03-15 11:00:00,2025,3,15,11,Hà Nội,Xã Tây Phương,21.0403672,105.6115528,126,Unhealthy for Sensitive Groups,2,27.0,76,0.1,9.6,102,1012.9,76,19.7,20.0,363.0,23.5,33.0,35.2
2025-03-15 12:00:00,2025,3,15,12,Hà Nội,Xã Tây Phương,21.0403672,105.6115528,123,Unhealthy for Sensitive Groups,2,27.6,75,0.1,10.6,87,1012.1,89,13.0,13.2,409.0,18.3,49.0,30.6
2025-03-15 13:00:00,2025,3,15,13,Hà Nội,Xã Tây Phương,21.0403672,105.6115528,121,Unhealthy for Sensitive Groups,2,26.6,79,0.1,17.3,48,1011.4,100,10.5,10.6,450.0,14.6,63.0,26.9
2025-03-15 14:00:00,2025,3,15,14,Hà Nội,Xã Tây Phương,21.0403672,105.6115528,117,Unhealthy for Sensitive Groups,2,25.6,80,0.0,19.3,51,1010.4,97,12.1,12.3,469.0,13.2,71.0,24.9
2025-03-15 15:00:00,2025,3,15,15,Hà Nội,Xã Tây Phương,21.0403672,105.6115528,113,Unhealthy for Sensitive Groups,2,26.0,73,0.0,17.7,63,1009.9,100,14.5,14.6,483.0,13.4,77.0,23.9
2025-03-15 16:00:00,2025,3,15,16,Hà Nội,Xã Tây Phương,21.0403672,105.6115528,109,Unhealthy for Sensitive Groups,2,24.8,75,0.0,17.9,77,1010.2,100,17.7,17.9,503.0,14.5,78.0,23.3
2025-03-15 17:00:00,2025,3,15,17,Hà Nội,Xã Tây Phương,21.0403672,105.6115528,105,Unhealthy for Sensitive Groups,2,23.9,75,0.0,17.9,77,1010.5,100,23.7,24.4,543.0,16.7,74.0,23.0
2025-03-15 18:00:00,2025,3,15,18,Hà Nội,Xã Tây Phương,21.0403672,105.6115528,102,Unhealthy for Sensitive Groups,2,23.4,69,0.0,19.2,75,1011.6,100,32.6,34.0,589.0,19.9,66.0,23.2
2025-03-15 19:00:00,2025,3,15,19,Hà Nội,Xã Tây Phương,21.0403672,105.6115528,100,Moderate,1,23.2,64,0.0,16.2,69,1012.8,100,67.1,68.7,617.0,17.7,63.0,24.3
2025-03-15 20:00:00,2025,3,15,20,Hà Nội,Xã Tây Phương,21.0403672,105.6115528,101,Unhealthy for Sensitive Groups,2,23.9,67,0.0,21.3,63,1013.3,100,71.2,73.1,614.0,18.0,61.0,24.9
2025-03-15 21:00:00,2025,3,15,21,Hà Nội,Xã Tây Phương,21.0403672,105.6115528,103,Unhealthy for Sensitive Groups,2,23.1,65,0.0,19.5,55,1014.9,100,72.2,73.8,592.0,18.4,57.0,25.7
2025-03-15 22:00:00,2025,3,15,22,Hà Nội,Xã Tây Phương,21.0403672,105.6115528,106,Unhealthy for Sensitive Groups,2,21.9,67,0.0,11.4,51,1016.0,100,74.0,75.9,566.0,18.7,55.0,25.9
2025-03-15 23:00:00,2025,3,15,23,Hà Nội,Xã Tây Phương,21.0403672,105.6115528,109,Unhealthy for Sensitive Groups,2,21.0,69,0.1,14.4,42,1016.7,100,77.8,79.9,533.0,18.9,54.0,25.2
2025-03-16 00:00:00,2025,3,16,0,Hà Nội,Xã Tây Phương,21.0403672,105.6115528,112,Unhealthy for Sensitive Groups,2,19.4,78,0.7,13.3,19,1017.8,100,72.9,75.0,494.0,18.8,53.0,23.9
2025-03-16 01:00:00,2025,3,16,1,Hà Nội,Xã Tây Phương,21.0403672,105.6115528,114,Unhealthy for Sensitive Groups,2,18.5,82,0.7,13.2,47,1018.1,100,61.0,63.1,470.0,18.2,54.0,22.3
2025-03-16 02:00:00,2025,3,16,2,Hà Nội,Xã Tây Phương,21.0403672,105.6115528,115,Unhealthy for Sensitive Groups,2,18.5,75,0.0,13.6,49,1018.3,100,46.2,48.2,477.0,16.3,58.0,20.1
2025-03-16 03:00:00,2025,3,16,3,Hà Nội,Xã Tây Phương,21.0403672,105.6115528,115,Unhealthy for Sensitive Groups,2,18.6,64,0.0,15.4,53,1018.4,100,38.4,40.3,498.0,13.7,64.0,17.5
2025-03-16 04:00:00,2025,3,16,4,Hà Nội,Xã Tây Phương,21.0403672,105.6115528,114,Unhealthy for Sensitive Groups,2,18.5,61,0.0,10.4,51,1018.6,100,34.8,36.9,504.0,12.1,68.0,15.8
2025-03-16 05:00:00,2025,3,16,5,Hà Nội,Xã Tây Phương,21.0403672,105.6115528,112,Unhealthy for Sensitive Groups,2,18.5,59,0.0,11.0,23,1019.6,100,32.2,34.5,479.0,12.5,69.0,15.7
2025-03-16 06:00:00,2025,3,16,6,Hà Nội,Xã Tây Phương,21.0403672,105.6115528,111,Unhealthy for Sensitive Groups,2,18.4,49,0.0,15.2,24,1020.2,100,28.5,30.3,438.0,13.9,68.0,16.3
2025-03-16 07:00:00,2025,3,16,7,Hà Nội,Xã Tây Phương,21.0403672,105.6115528,110,Unhealthy for Sensitive Groups,2,18.0,48,0.0,15.3,25,1021.5,100,54.5,59.3,403.0,12.8,70.0,15.9
2025-03-16 08:00:00,2025,3,16,8,Hà Nội,Xã Tây Phương,21.0403672,105.6115528,111,Unhealthy for Sensitive Groups,2,18.8,55,0.0,15.5,25,1021.6,100,47.5,51.7,380.0,12.1,72.0,15.2
2025-03-16 09:00:00,2025,3,16,9,Hà Nội,Xã Tây Phương,21.0403672,105.6115528,113,Unhealthy for Sensitive Groups,2,18.6,54,0.0,16.1,32,1022.0,100,51.3,56.9,361.0,11.0,76.0,14.3
2025-03-16 10:00:00,2025,3,16,10,Hà Nội,Xã Tây Phương,21.0403672,105.6115528,115,Unhealthy for Sensitive Groups,2,18.9,52,0.0,16.0,30,1022.3,100,43.3,48.1,346.0,9.7,81.0,13.6
2025-03-16 11:00:00,2025,3,16,11,Hà Nội,Xã Tây Phương,21.0403672,105.6115528,117,Unhealthy for Sensitive Groups,2,19.0,51,0.0,14.9,31,1021.6,100,40.7,45.5,330.0,8.0,89.0,13.3
2025-03-16 12:00:00,2025,3,16,12,Hà Nội,Xã Tây Phương,21.0403672,105.6115528,119,Unhealthy for Sensitive Groups,2,19.4,51,0.0,13.7,34,1020.5,97,41.0,45.8,318.0,6.1,100.0,13.2
2025-03-16 13:00:00,2025,3,16,13,Hà Nội,Xã Tây Phương,21.0403672,105.6115528,122,Unhealthy for Sensitive Groups,2,20.0,50,0.0,11.4,51,1019.1,71,41.2,45.8,318.0,4.9,108.0,13.4
2025-03-16 14:00:00,2025,3,16,14,Hà Nội,Xã Tây Phương,21.0403672,105.6115528,125,Unhealthy for Sensitive Groups,2,20.7,50,0.0,10.2,66,1017.6,31,40.3,44.6,319.0,3.4,116.0,13.4
2025-03-16 15:00:00,2025,3,16,15,Hà Nội,Xã Tây Phương,21.0403672,105.6115528,128,Unhealthy for Sensitive Groups,2,20.9,51,0.0,9.1,75,1016.2,13,38.8,42.6,334.0,2.6,123.0,13.8
2025-03-16 16:00:00,2025,3,16,16,Hà Nội,Xã Tây Phương,21.0403672,105.6115528,131,Unhealthy for Sensitive Groups,2,20.6,52,0.0,7.9,103,1015.6,21,36.9,40.4,408.0,6.6,120.0,16.4
2025-03-16 17:00:00,2025,3,16,17,Hà Nội,Xã Tây Phương,21.0403672,105.6115528,133,Unhealthy for Sensitive Groups,2,20.0,58,0.0,7.7,139,1015.7,15,35.7,38.8,591.0,19.2,101.0,22.5
2025-03-16 18:00:00,2025,3,16,18,Hà Nội,Xã Tây Phương,21.0403672,105.6115528,134,Unhealthy for Sensitive Groups,2,18.4,63,0.0,7.6,149,1016.2,17,48.4,51.1,833.0,36.6,74.0,30.7
2025-03-16 19:00:00,2025,3,16,19,Hà Nội,Xã Tây Phương,21.0403672,105.6115528,136,Unhealthy for Sensitive Groups,2,17.4,65,0.0,6.8,155,1017.1,12,59.1,61.7,1036.0,42.2,55.0,36.2
2025-03-16 20:00:00,2025,3,16,20,Hà Nội,Xã Tây Phương,21.0403672,105.6115528,135,Unhealthy for Sensitive Groups,2,17.0,68,0.0,9.8,116,1017.7,0,66.6,68.9,1173.0,48.0,46.0,42.3
2025-03-16 21:00:00,2025,3,16,21,Hà Nội,Xã Tây Phương,21.0403672,105.6115528,135,Unhealthy for Sensitive Groups,2,16.3,68,0.0,7.7,102,1018.8,3,76.1,78.7,1270.0,56.1,34.0,50.7
2025-03-16 22:00:00,2025,3,16,22,Hà Nội,Xã Tây Phương,21.0403672,105.6115528,135,Unhealthy for Sensitive Groups,2,15.5,73,0.0,6.4,79,1019.5,35,90.1,92.7,1312.0,62.9,23.0,57.9
2025-03-16 23:00:00,2025,3,16,23,Hà Nội,Xã Tây Phương,21.0403672,105.6115528,137,Unhealthy for Sensitive Groups,2,14.8,76,0.0,4.9,86,1019.7,73,100.1,102.9,1287.0,67.5,16.0,62.7
2025-03-17 00:00:00,2025,3,17,0,Hà Nội,Xã Tây Phương,21.0403672,105.6115528,139,Unhealthy for Sensitive Groups,2,15.8,68,0.0,5.0,88,1019.5,100,104.3,107.1,1207.0,70.9,10.0,66.3
2025-03-17 01:00:00,2025,3,17,1,Hà Nội,Xã Tây Phương,21.0403672,105.6115528,142,Unhealthy for Sensitive Groups,2,15.9,66,0.0,5.2,65,1019.5,100,107.1,109.7,1085.0,71.8,7.0,67.9
2025-03-17 02:00:00,2025,3,17,2,Hà Nội,Xã Tây Phương,21.0403672,105.6115528,147,Unhealthy for Sensitive Groups,2,15.9,64,0.0,6.4,52,1019.4,100,104.3,106.9,889.0,69.2,7.0,66.8
2025-03-17 03:00:00,2025,3,17,3,Hà Nội,Xã Tây Phương,21.0403672,105.6115528,151,Unhealthy,3,15.7,65,0.0,5.8,34,1019.1,100,93.6,95.7,651.0,64.1,11.0,63.9
2025-03-17 04:00:00,2025,3,17,4,Hà Nội,Xã Tây Phương,21.0403672,105.6115528,152,Unhealthy,3,15.7,64,0.0,6.7,27,1018.8,100,83.6,85.4,484.0,59.0,15.0,61.0
2025-03-17 05:00:00,2025,3,17,5,Hà Nội,Xã Tây Phương,21.0403672,105.6115528,153,Unhealthy,3,15.8,62,0.0,6.2,21,1019.5,100,76.4,78.0,453.0,55.1,20.0,59.6
2025-03-17 06:00:00,2025,3,17,6,Hà Nội,Xã Tây Phương,21.0403672,105.6115528,154,Unhealthy,3,15.9,58,0.0,9.0,22,1020.1,100,70.1,71.7,494.0,51.2,26.0,58.3
2025-03-17 07:00:00,2025,3,17,7,Hà Nội,Xã Tây Phương,21.0403672,105.6115528,155,Unhealthy,3,15.7,60,0.0,10.2,28,1020.8,100,61.2,63.8,525.0,32.2,50.0,39.3
2025-03-17 08:00:00,2025,3,17,8,Hà Nội,Xã Tây Phương,21.0403672,105.6115528,155,Unhealthy,3,16.8,62,0.0,6.1,62,1021.5,100,50.1,52.0,516.0,26.8,60.0,36.8
2025-03-17 09:00:00,2025,3,17,9,Hà Nội,Xã Tây Phương,21.0403672,105.6115528,155,Unhealthy,3,17.5,59,0.0,6.2,64,1022.0,100,42.6,44.7,497.0,19.3,73.0,33.4
2025-03-17 10:00:00,2025,3,17,10,Hà Nội,Xã Tây Phương,21.0403672,105.6115528,155,Unhealthy,3,18.2,54,0.0,9.5,51,1022.0,100,41.4,43.7,480.0,13.3,86.0,30.5
2025-03-17 11:00:00,2025,3,17,11,Hà Nội,Xã Tây Phương,21.0403672,105.6115528,155,Unhealthy,3,18.7,51,0.0,10.4,58,1021.5,100,41.8,44.2,467.0,10.2,97.0,28.6
2025-03-17 12:00:00,2025,3,17,12,Hà Nội,Xã Tây Phương,21.0403672,105.6115528,155,Unhealthy,3,18.9,52,0.0,9.1,72,1020.2,100,44.2,47.3,455.0,8.6,108.0,27.2
2025-03-17 13:00:00,2025,3,17,13,Hà Nội,Xã Tây Phương,21.0403672,105.6115528,155,Unhealthy,3,19.1,54,0.0,8.1,102,1018.8,79,47.6,51.1,450.0,7.8,117.0,26.3
2025-03-17 14:00:00,2025,3,17,14,Hà Nội,Xã Tây Phương,21.0403672,105.6115528,155,Unhealthy,3,19.3,55,0.0,8.5,122,1017.1,32,50.5,54.2,450.0,6.7,127.0,25.6
2025-03-17 15:00:00,2025,3,17,15,Hà Nội,Xã Tây Phương,21.0403672,105.6115528,155,Unhealthy,3,19.9,53,0.0,7.4,129,1016.3,29,52.7,56.6,457.0,6.4,137.0,25.4
2025-03-17 16:00:00,2025,3,17,16,Hà Nội,Xã Tây Phương,21.0403672,105.6115528,156,Unhealthy,3,20.1,52,0.0,7.4,135,1015.7,93,53.7,57.5,482.0,9.3,137.0,26.8
2025-03-17 17:00:00,2025,3,17,17,Hà Nội,Xã Tây Phương,21.0403672,105.6115528,156,Unhealthy,3,19.6,58,0.0,7.0,140,1016.0,100,54.9,58.6,546.0,17.8,122.0,30.7
2025-03-17 18:00:00,2025,3,17,18,Hà Nội,Xã Tây Phương,21.0403672,105.6115528,156,Unhealthy,3,19.0,60,0.0,8.4,133,1016.2,71,65.7,68.5,629.0,29.5,99.0,36.2
2025-03-17 19:00:00,2025,3,17,19,Hà Nội,Xã Tây Phương,21.0403672,105.6115528,157,Unhealthy,3,18.2,65,0.0,12.2,135,1017.3,41,93.4,98.7,678.0,36.4,68.0,42.0
2025-03-17 20:00:00,2025,3,17,20,Hà Nội,Xã Tây Phương,21.0403672,105.6115528,157,Unhealthy,3,17.0,68,0.0,6.5,77,1019.1,100,101.7,107.1,663.0,41.7,57.0,46.0
2025-03-17 21:00:00,2025,3,17,21,Hà Nội,Xã Tây Phương,21.0403672,105.6115528,158,Unhealthy,3,16.8,71,0.0,5.2,92,1020.5,98,107.1,112.0,615.0,48.9,42.0,51.7
2025-03-17 22:00:00,2025,3,17,22,Hà Nội,Xã Tây Phương,21.0403672,105.6115528,159,Unhealthy,3,16.9,74,0.0,4.7,113,1021.5,100,114.8,120.1,576.0,53.9,30.0,56.3
2025-03-17 23:00:00,2025,3,17,23,Hà Nội,Xã Tây Phương,21.0403672,105.6115528,159,Unhealthy,3,16.8,77,0.0,3.6,117,1021.8,100,121.5,126.7,562.0,55.8,24.0,60.0
2025-03-18 00:00:00,2025,3,18,0,Hà Nội,Xã Tây Phương,21.0403672,105.6115528,160,Unhealthy,3,16.6,79,0.0,3.7,67,1022.1,100,117.6,122.9,558.0,55.5,23.0,62.7
2025-03-18 01:00:00,2025,3,18,1,Hà Nội,Xã Tây Phương,21.0403672,105.6115528,160,Unhealthy,3,16.5,76,0.0,4.9,36,1022.0,100,105.5,111.1,558.0,51.8,26.0,61.5
2025-03-18 02:00:00,2025,3,18,2,Hà Nội,Xã Tây Phương,21.0403672,105.6115528,160,Unhealthy,3,16.5,62,0.0,8.7,32,1021.7,100,90.1,96.9,568.0,42.0,38.0,53.2
2025-03-18 03:00:00,2025,3,18,3,Hà Nội,Xã Tây Phương,21.0403672,105.6115528,160,Unhealthy,3,16.2,58,0.0,8.6,36,1021.8,100,72.4,79.6,583.0,28.7,56.0,41.0
2025-03-18 04:00:00,2025,3,18,4,Hà Nội,Xã Tây Phương,21.0403672,105.6115528,159,Unhealthy,3,15.9,59,0.0,7.3,31,1021.6,100,58.7,66.1,585.0,19.0,68.0,31.4
2025-03-18 05:00:00,2025,3,18,5,Hà Nội,Xã Tây Phương,21.0403672,105.6115528,159,Unhealthy,3,15.8,59,0.0,8.0,31,1022.2,100,50.5,57.6,565.0,16.5,70.0,27.4
2025-03-18 06:00:00,2025,3,18,6,Hà Nội,Xã Tây Phương,21.0403672,105.6115528,158,Unhealthy,3,15.6,59,0.0,6.8,37,1022.6,100,46.7,53.3,531.0,17.4,67.0,25.9
2025-03-18 07:00:00,2025,3,18,7,Hà Nội,Xã Tây Phương,21.0403672,105.6115528,158,Unhealthy,3,15.7,62,0.0,5.7,24,1023.5,100,52.4,58.4,490.0,15.1,69.0,20.9
2025-03-18 08:00:00,2025,3,18,8,Hà Nội,Xã Tây Phương,21.0403672,105.6115528,158,Unhealthy,3,16.3,62,0.0,4.7,32,1025.0,100,40.3,44.4,435.0,13.5,72.0,18.9
2025-03-18 09:00:00,2025,3,18,9,Hà Nội,Xã Tây Phương,21.0403672,105.6115528,157,Unhealthy,3,17.0,52,0.0,15.5,28,1025.6,100,34.1,36.8,372.0,11.1,75.0,16.1
2025-03-18 10:00:00,2025,3,18,10,Hà Nội,Xã Tây Phương,21.0403672,105.6115528,157,Unhealthy,3,17.1,52,0.0,16.0,29,1025.6,100,27.1,29.0,327.0,9.0,81.0,13.6
2025-03-18 11:00:00,2025,3,18,11,Hà Nội,Xã Tây Phương,21.0403672,105.6115528,157,Unhealthy,3,17.5,54,0.0,12.9,21,1025.1,100,20.4,21.8,313.0,7.1,90.0,11.8
2025-03-18 12:00:00,2025,3,18,12,Hà Nội,Xã Tây Phương,21.0403672,105.6115528,156,Unhealthy,3,18.0,53,0.0,11.1,8,1023.7,100,14.1,15.0,316.0,5.4,100.0,10.2
2025-03-18 13:00:00,2025,3,18,13,Hà Nội,Xã Tây Phương,21.0403672,105.6115528,156,Unhealthy,3,18.5,50,0.0,10.2,8,1022.2,93,10.0,10.9,320.0,4.4,108.0,9.2
2025-03-18 14:00:00,2025,3,18,14,Hà Nội,Xã Tây Phương,21.0403672,105.6115528,155,Unhealthy,3,19.6,47,0.0,9.6,14,1020.6,100,8.4,9.3,295.0,3.8,112.0,8.2
2025-03-18 15:00:00,2025,3,18,15,Hà Nội,Xã Tây Phương,21.0403672,105.6115528,154,Unhealthy,3,19.8,47,0.0,9.9,1,1019.6,78,8.3,9.2,272.0,3.9,113.0,7.7
2025-03-18 16:00:00,2025,3,18,16,Hà Nội,Xã Tây Phương,21.0403672,105.6115528,153,Unhealthy,3,19.7,48,0.0,4.6,351,1019.2,100,9.1,10.0,326.0,6.8,108.0,9.0
2025-03-18 17:00:00,2025,3,18,17,Hà Nội,Xã Tây Phương,21.0403672,105.6115528,152,Unhealthy,3,19.5,55,0.0,3.6,270,1019.4,89,11.6,12.5,520.0,15.3,92.0,13.6
2025-03-18 18:00:00,2025,3,18,18,Hà Nội,Xã Tây Phương,21.0403672,105.6115528,151,Unhealthy,3,18.1,61,0.0,4.9,237,1020.0,99,19.9,20.8,791.0,26.6,71.0,19.9
2025-03-18 19:00:00,2025,3,18,19,Hà Nội,Xã Tây Phương,21.0403672,105.6115528,150,Unhealthy for Sensitive Groups,2,17.8,60,0.0,4.6,198,1021.0,100,32.9,35.9,1028.0,20.9,74.0,18.0
2025-03-18 20:00:00,2025,3,18,20,Hà Nội,Xã Tây Phương,21.0403672,105.6115528,144,Unhealthy for Sensitive Groups,2,17.0,69,0.0,2.2,95,1023.4,100,30.5,32.8,1225.0,21.2,69.0,19.1
2025-03-18 21:00:00,2025,3,18,21,Hà Nội,Xã Tây Phương,21.0403672,105.6115528,137,Unhealthy for Sensitive Groups,2,17.0,71,0.0,3.7,47,1024.3,98,29.4,31.4,1388.0,21.8,63.0,20.7
2025-03-18 22:00:00,2025,3,18,22,Hà Nội,Xã Tây Phương,21.0403672,105.6115528,129,Unhealthy for Sensitive Groups,2,16.9,60,0.0,8.6,33,1025.5,100,32.7,34.7,1423.0,22.8,56.0,22.2
2025-03-18 23:00:00,2025,3,18,23,Hà Nội,Xã Tây Phương,21.0403672,105.6115528,120,Unhealthy for Sensitive Groups,2,16.3,58,0.0,8.6,29,1025.4,98,40.0,42.3,1228.0,25.0,49.0,23.6
2025-03-19 00:00:00,2025,3,19,0,Hà Nội,Xã Tây Phương,21.0403672,105.6115528,112,Unhealthy for Sensitive Groups,2,16.5,55,0.0,10.4,36,1025.3,98,43.5,45.9,907.0,27.7,41.0,24.9
2025-03-19 01:00:00,2025,3,19,1,Hà Nội,Xã Tây Phương,21.0403672,105.6115528,104,Unhealthy for Sensitive Groups,2,16.0,58,0.0,7.5,20,1025.0,95,39.6,41.6,673.0,28.8,37.0,25.3
2025-03-19 02:00:00,2025,3,19,2,Hà Nội,Xã Tây Phương,21.0403672,105.6115528,97,Moderate,1,15.6,66,0.0,4.9,327,1024.7,100,34.3,36.0,633.0,26.6,38.0,24.2
2025-03-19 03:00:00,2025,3,19,3,Hà Nội,Xã Tây Phương,21.0403672,105.6115528,92,Moderate,1,15.2,74,0.0,6.0,309,1024.3,99,30.7,32.2,680.0,22.8,42.0,22.2
2025-03-19 04:00:00,2025,3,19,4,Hà Nội,Xã Tây Phương,21.0403672,105.6115528,89,Moderate,1,15.1,76,0.0,8.2,303,1024.3,87,29.5,31.0,716.0,20.2,44.0,21.0
2025-03-19 05:00:00,2025,3,19,5,Hà Nội,Xã Tây Phương,21.0403672,105.6115528,86,Moderate,1,14.2,77,0.0,9.3,294,1024.7,63,29.2,30.9,711.0,20.7,41.0,21.7
2025-03-19 06:00:00,2025,3,19,6,Hà Nội,Xã Tây Phương,21.0403672,105.6115528,84,Moderate,1,13.6,77,0.0,9.3,295,1025.2,61,31.3,33.4,694.0,22.3,38.0,23.1
2025-03-19 07:00:00,2025,3,19,7,Hà Nội,Xã Tây Phương,21.0403672,105.6115528,83,Moderate,1,14.2,74,0.0,10.6,302,1025.7,89,42.7,48.2,652.0,17.9,53.0,20.3
2025-03-19 08:00:00,2025,3,19,8,Hà Nội,Xã Tây Phương,21.0403672,105.6115528,82,Moderate,1,16.7,71,0.0,12.2,317,1026.9,96,46.8,53.3,565.0,14.7,63.0,18.7
2025-03-19 09:00:00,2025,3,19,9,Hà Nội,Xã Tây Phương,21.0403672,105.6115528,83,Moderate,1,18.7,61,0.0,12.4,324,1027.1,94,43.5,52.7,452.0,10.3,78.0,16.5
2025-03-19 10:00:00,2025,3,19,10,Hà Nội,Xã Tây Phương,21.0403672,105.6115528,83,Moderate,1,20.0,48,0.0,11.8,8,1027.1,97,37.7,47.7,360.0,6.8,92.0,14.6
2025-03-19 11:00:00,2025,3,19,11,Hà Nội,Xã Tây Phương,21.0403672,105.6115528,84,Moderate,1,21.0,40,0.0,13.7,27,1026.6,91,34.9,45.4,305.0,4.9,106.0,13.3
2025-03-19 12:00:00,2025,3,19,12,Hà Nội,Xã Tây Phương,21.0403672,105.6115528,86,Moderate,1,21.7,41,0.0,11.4,26,1025.1,91,33.6,44.5,270.0,3.9,120.0,12.4
2025-03-19 13:00:00,2025,3,19,13,Hà Nội,Xã Tây Phương,21.0403672,105.6115528,87,Moderate,1,22.0,41,0.0,8.5,25,1023.8,79,32.5,43.7,252.0,3.5,130.0,11.9
2025-03-19 14:00:00,2025,3,19,14,Hà Nội,Xã Tây Phương,21.0403672,105.6115528,89,Moderate,1,22.5,40,0.0,6.9,14,1022.2,58,31.5,42.6,228.0,1.7,137.0,11.0
2025-03-19 15:00:00,2025,3,19,15,Hà Nội,Xã Tây Phương,21.0403672,105.6115528,91,Moderate,1,22.4,40,0.0,6.7,20,1021.3,84,30.5,41.7,221.0,0.6,140.0,10.5
2025-03-19 16:00:00,2025,3,19,16,Hà Nội,Xã Tây Phương,21.0403672,105.6115528,93,Moderate,1,22.0,41,0.0,6.9,104,1020.7,15,29.9,41.2,290.0,5.4,134.0,12.8
2025-03-19 17:00:00,2025,3,19,17,Hà Nội,Xã Tây Phương,21.0403672,105.6115528,95,Moderate,1,20.5,53,0.0,6.8,107,1020.5,33,30.7,42.0,493.0,22.8,110.0,20.6
2025-03-19 18:00:00,2025,3,19,18,Hà Nội,Xã Tây Phương,21.0403672,105.6115528,97,Moderate,1,19.1,59,0.0,2.9,101,1020.6,38,53.3,64.3,771.0,46.2,77.0,31.2
2025-03-19 19:00:00,2025,3,19,19,Hà Nội,Xã Tây Phương,21.0403672,105.6115528,100,Moderate,1,18.0,60,0.0,4.0,183,1021.1,30,61.2,75.4,1014.0,31.2,64.0,23.6
2025-03-19 20:00:00,2025,3,19,20,Hà Nội,Xã Tây Phương,21.0403672,105.6115528,103,Unhealthy for Sensitive Groups,2,17.1,67,0.0,6.7,265,1023.0,62,61.5,73.1,1206.0,29.0,63.0,24.1
2025-03-19 21:00:00,2025,3,19,21,Hà Nội,Xã Tây Phương,21.0403672,105.6115528,106,Unhealthy for Sensitive Groups,2,16.6,63,0.0,8.1,287,1023.6,68,62.6,73.1,1362.0,25.9,61.0,24.6
2025-03-19 22:00:00,2025,3,19,22,Hà Nội,Xã Tây Phương,21.0403672,105.6115528,110,Unhealthy for Sensitive Groups,2,16.2,61,0.0,9.2,317,1024.2,79,65.0,75.0,1412.0,23.3,59.0,24.6
2025-03-19 23:00:00,2025,3,19,23,Hà Nội,Xã Tây Phương,21.0403672,105.6115528,113,Unhealthy for Sensitive Groups,2,15.9,66,0.0,8.8,313,1024.3,81,67.1,76.8,1281.0,21.6,58.0,23.3
2025-03-20 00:00:00,2025,3,20,0,Hà Nội,Xã Tây Phương,21.0403672,105.6115528,116,Unhealthy for Sensitive Groups,2,14.6,75,0.0,4.6,324,1024.3,67,68.5,78.7,1045.0,20.4,57.0,21.3
2025-03-20 01:00:00,2025,3,20,1,Hà Nội,Xã Tây Phương,21.0403672,105.6115528,118,Unhealthy for Sensitive Groups,2,13.9,80,0.0,5.4,312,1024.4,59,70.8,81.5,863.0,19.7,55.0,20.0
2025-03-20 02:00:00,2025,3,20,2,Hà Nội,Xã Tây Phương,21.0403672,105.6115528,122,Unhealthy for Sensitive Groups,2,13.8,82,0.0,5.8,306,1024.5,29,73.8,85.4,795.0,19.4,52.0,19.7
2025-03-20 03:00:00,2025,3,20,3,Hà Nội,Xã Tây Phương,21.0403672,105.6115528,126,Unhealthy for Sensitive Groups,2,13.9,80,0.0,7.8,304,1024.0,1,77.1,89.6,782.0,19.6,48.0,19.9
2025-03-20 04:00:00,2025,3,20,4,Hà Nội,Xã Tây Phương,21.0403672,105.6115528,131,Unhealthy for Sensitive Groups,2,13.5,82,0.0,8.3,303,1024.1,7,79.9,93.1,805.0,20.3,45.0,20.9
2025-03-20 05:00:00,2025,3,20,5,Hà Nội,Xã Tây Phương,21.0403672,105.6115528,136,Unhealthy for Sensitive Groups,2,13.3,83,0.0,8.4,298,1024.4,14,82.7,96.9,900.0,22.4,39.0,23.2
2025-03-20 06:00:00,2025,3,20,6,Hà Nội,Xã Tây Phương,21.0403672,105.6115528,141,Unhealthy for Sensitive Groups,2,13.2,82,0.0,9.2,298,1024.8,2,86.4,101.5,1030.0,25.0,33.0,26.3
2025-03-20 07:00:00,2025,3,20,7,Hà Nội,Xã Tây Phương,21.0403672,105.6115528,147,Unhealthy for Sensitive Groups,2,14.4,78,0.0,11.1,306,1025.3,11,82.2,94.3,1067.0,24.8,39.0,27.7
2025-03-20 08:00:00,2025,3,20,8,Hà Nội,Xã Tây Phương,21.0403672,105.6115528,150,Unhealthy for Sensitive Groups,2,17.1,72,0.0,12.3,310,1026.1,49,82.0,94.1,919.0,20.9,58.0,26.7
2025-03-20 09:00:00,2025,3,20,9,Hà Nội,Xã Tây Phương,21.0403672,105.6115528,151,Unhealthy,3,19.1,65,0.0,12.2,315,1026.5,34,73.1,86.8,679.0,15.4,84.0,25.3
2025-03-20 10:00:00,2025,3,20,10,Hà Nội,Xã Tây Phương,21.0403672,105.6115528,152,Unhealthy,3,20.9,54,0.0,10.0,324,1026.0,49,59.4,74.3,492.0,10.7,109.0,23.6
2025-03-20 11:00:00,2025,3,20,11,Hà Nội,Xã Tây Phương,21.0403672,105.6115528,152,Unhealthy,3,22.0,46,0.0,6.6,347,1025.1,30,46.2,62.4,422.0,7.6,130.0,21.1
2025-03-20 12:00:00,2025,3,20,12,Hà Nội,Xã Tây Phương,21.0403672,105.6115528,152,Unhealthy,3,22.8,46,0.0,4.8,15,1023.9,23,40.9,56.2,406.0,5.4,149.0,18.4
2025-03-20 13:00:00,2025,3,20,13,Hà Nội,Xã Tây Phương,21.0403672,105.6115528,153,Unhealthy,3,23.3,45,0.0,3.2,38,1022.3,3,39.3,54.0,402.0,4.2,164.0,16.8
2025-03-20 14:00:00,2025,3,20,14,Hà Nội,Xã Tây Phương,21.0403672,105.6115528,153,Unhealthy,3,23.5,43,0.0,3.2,87,1020.8,39,39.5,53.8,391.0,2.9,176.0,16.6
2025-03-20 15:00:00,2025,3,20,15,Hà Nội,Xã Tây Phương,21.0403672,105.6115528,153,Unhealthy,3,23.5,42,0.0,5.3,118,1019.5,23,40.3,54.1,392.0,2.7,185.0,17.6
2025-03-20 16:00:00,2025,3,20,16,Hà Nội,Xã Tây Phương,21.0403672,105.6115528,153,Unhealthy,3,23.2,43,0.0,6.6,135,1018.9,0,41.1,54.2,426.0,6.6,183.0,20.7
2025-03-20 17:00:00,2025,3,20,17,Hà Nội,Xã Tây Phương,21.0403672,105.6115528,153,Unhealthy,3,22.0,56,0.0,6.2,154,1018.4,30,44.5,56.1,521.0,18.5,164.0,27.3
2025-03-20 18:00:00,2025,3,20,18,Hà Nội,Xã Tây Phương,21.0403672,105.6115528,154,Unhealthy,3,19.9,61,0.0,4.8,169,1018.8,28,65.4,75.9,648.0,34.6,135.0,35.9
2025-03-20 19:00:00,2025,3,20,19,Hà Nội,Xã Tây Phương,21.0403672,105.6115528,154,Unhealthy,3,18.8,61,0.0,7.9,177,1019.1,23,112.7,132.2,741.0,59.1,98.0,47.2
2025-03-20 20:00:00,2025,3,20,20,Hà Nội,Xã Tây Phương,21.0403672,105.6115528,155,Unhealthy,3,18.6,58,0.0,8.1,176,1020.6,19,121.5,139.2,765.0,58.4,89.0,51.3
2025-03-20 21:00:00,2025,3,20,21,Hà Nội,Xã Tây Phương,21.0403672,105.6115528,156,Unhealthy,3,17.7,63,0.0,8.2,157,1022.0,28,127.1,143.9,755.0,57.3,77.0,56.9
2025-03-20 22:00:00,2025,3,20,22,Hà Nội,Xã Tây Phương,21.0403672,105.6115528,158,Unhealthy,3,16.9,67,0.0,9.8,160,1022.8,6,133.2,148.5,745.0,56.0,66.0,60.0
2025-03-20 23:00:00,2025,3,20,23,Hà Nội,Xã Tây Phương,21.0403672,105.6115528,159,Unhealthy,3,16.3,67,0.0,9.2,147,1022.9,8,132.2,146.7,747.0,54.0,57.0,57.9
2025-03-21 00:00:00,2025,3,21,0,Hà Nội,Xã Tây Phương,21.0403672,105.6115528,161,Unhealthy,3,15.7,67,0.0,7.8,146,1022.8,4,126.2,138.8,749.0,51.8,49.0,53.3
2025-03-21 01:00:00,2025,3,21,1,Hà Nội,Xã Tây Phương,21.0403672,105.6115528,162,Unhealthy,3,14.7,73,0.0,6.1,161,1022.2,5,124.3,136.4,755.0,50.5,42.0,50.4
2025-03-21 02:00:00,2025,3,21,2,Hà Nội,Xã Tây Phương,21.0403672,105.6115528,163,Unhealthy,3,14.5,74,0.0,2.8,195,1021.8,13,128.5,140.6,755.0,51.0,36.0,51.1
2025-03-21 03:00:00,2025,3,21,3,Hà Nội,Xã Tây Phương,21.0403672,105.6115528,164,Unhealthy,3,14.4,74,0.0,0.3,315,1021.5,14,134.1,145.8,758.0,52.5,30.0,53.4
2025-03-21 04:00:00,2025,3,21,4,Hà Nội,Xã Tây Phương,21.0403672,105.6115528,166,Unhealthy,3,13.9,79,0.0,3.1,350,1021.4,3,138.8,150.4,794.0,53.9,26.0,56.5
2025-03-21 05:00:00,2025,3,21,5,Hà Nội,Xã Tây Phương,21.0403672,105.6115528,167,Unhealthy,3,13.9,79,0.0,2.0,355,1021.9,2,140.2,152.3,905.0,55.5,20.0,59.4
2025-03-21 06:00:00,2025,3,21,6,Hà Nội,Xã Tây Phương,21.0403672,105.6115528,168,Unhealthy,3,13.9,79,0.0,0.5,315,1022.4,2,144.4,156.5,1049.0,57.1,16.0,63.0
2025-03-21 07:00:00,2025,3,21,7,Hà Nội,Xã Tây Phương,21.0403672,105.6115528,169,Unhealthy,3,14.8,76,0.0,1.0,225,1022.8,70,156.5,168.1,1123.0,55.9,25.0,69.5
2025-03-21 08:00:00,2025,3,21,8,Hà Nội,Xã Tây Phương,21.0403672,105.6115528,171,Unhealthy,3,17.0,74,0.0,0.6,288,1024.0,39,142.0,152.7,1072.0,50.5,50.0,79.2
2025-03-21 09:00:00,2025,3,21,9,Hà Nội,Xã Tây Phương,21.0403672,105.6115528,172,Unhealthy,3,19.1,67,0.0,1.2,39,1024.5,21,123.4,136.4,952.0,42.8,85.0,91.8
2025-03-21 10:00:00,2025,3,21,10,Hà Nội,Xã Tây Phương,21.0403672,105.6115528,173,Unhealthy,3,21.1,57,0.0,2.2,85,1024.3,7,112.0,126.2,829.0,34.5,120.0,95.0
2025-03-21 11:00:00,2025,3,21,11,Hà Nội,Xã Tây Phương,21.0403672,105.6115528,175,Unhealthy,3,22.8,50,0.0,2.2,114,1023.4,14,83.4,96.2,716.0,25.3,153.0,79.8
2025-03-21 12:00:00,2025,3,21,12,Hà Nội,Xã Tây Phương,21.0403672,105.6115528,175,Unhealthy,3,23.8,44,0.0,3.4,133,1021.9,88,68.0,79.4,601.0,15.5,185.0,55.3
2025-03-21 13:00:00,2025,3,21,13,Hà Nội,Xã Tây Phương,21.0403672,105.6115528,176,Unhealthy,3,24.4,42,0.0,6.5,148,1020.0,86,62.9,72.9,514.0,8.7,209.0,36.5
2025-03-21 14:00:00,2025,3,21,14,Hà Nội,Xã Tây Phương,21.0403672,105.6115528,177,Unhealthy,3,24.8,43,0.0,9.8,152,1018.6,49,62.2,71.5,462.0,5.4,226.0,29.4
2025-03-21 15:00:00,2025,3,21,15,Hà Nội,Xã Tây Phương,21.0403672,105.6115528,177,Unhealthy,3,24.7,44,0.0,11.0,150,1017.4,60,63.6,72.4,440.0,5.0,235.0,28.0
2025-03-21 16:00:00,2025,3,21,16,Hà Nội,Xã Tây Phương,21.0403672,105.6115528,178,Unhealthy,3,24.1,47,0.0,12.4,147,1016.6,45,65.0,73.1,458.0,8.9,230.0,29.4
2025-03-21 17:00:00,2025,3,21,17,Hà Nội,Xã Tây Phương,21.0403672,105.6115528,178,Unhealthy,3,23.0,55,0.0,11.7,142,1016.4,54,71.0,77.8,550.0,20.6,201.0,33.9
2025-03-21 18:00:00,2025,3,21,18,Hà Nội,Xã Tây Phương,21.0403672,105.6115528,186,Unhealthy,3,21.3,60,0.0,11.2,132,1016.9,5,90.1,96.4,683.0,36.6,158.0,41.0
2025-03-21 19:00:00,2025,3,21,19,Hà Nội,Xã Tây Phương,21.0403672,105.6115528,192,Unhealthy,3,20.2,65,0.0,11.8,133,1017.6,1,100.1,105.2,771.0,42.2,130.0,47.2
2025-03-21 20:00:00,2025,3,21,20,Hà Nội,Xã Tây Phương,21.0403672,105.6115528,188,Unhealthy,3,20.0,60,0.0,13.9,144,1018.6,2,100.8,105.2,765.0,42.2,114.0,49.7
2025-03-21 21:00:00,2025,3,21,21,Hà Nội,Xã Tây Phương,21.0403672,105.6115528,178,Unhealthy,3,19.0,63,0.0,12.5,152,1019.5,55,99.4,103.4,714.0,42.2,91.0,53.1
2025-03-21 22:00:00,2025,3,21,22,Hà Nội,Xã Tây Phương,21.0403672,105.6115528,178,Unhealthy,3,18.0,63,0.0,11.3,155,1019.7,72,98.7,102.7,676.0,42.4,72.0,54.9
2025-03-21 23:00:00,2025,3,21,23,Hà Nội,Xã Tây Phương,21.0403672,105.6115528,177,Unhealthy,3,17.2,65,0.0,10.0,159,1019.8,85,100.1,103.8,676.0,42.9,60.0,53.7
2025-03-22 00:00:00,2025,3,22,0,Hà Nội,Xã Tây Phương,21.0403672,105.6115528,176,Unhealthy,3,16.5,67,0.0,9.1,158,1019.4,75,101.0,105.2,690.0,43.6,51.0,50.9
2025-03-22 01:00:00,2025,3,22,1,Hà Nội,Xã Tây Phương,21.0403672,105.6115528,176,Unhealthy,3,15.8,70,0.0,8.1,155,1018.7,98,102.2,106.4,705.0,44.3,43.0,48.3
2025-03-22 02:00:00,2025,3,22,2,Hà Nội,Xã Tây Phương,21.0403672,105.6115528,175,Unhealthy,3,15.2,73,0.0,7.1,142,1018.2,98,104.8,109.2,706.0,44.9,37.0,46.2
2025-03-22 03:00:00,2025,3,22,3,Hà Nội,Xã Tây Phương,21.0403672,105.6115528,175,Unhealthy,3,14.7,77,0.0,6.4,135,1018.0,98,109.0,113.4,709.0,45.4,32.0,44.2
2025-03-22 04:00:00,2025,3,22,4,Hà Nội,Xã Tây Phương,21.0403672,105.6115528,174,Unhealthy,3,14.5,78,0.0,6.4,126,1017.9,99,112.2,116.9,748.0,45.8,28.0,43.3
2025-03-22 05:00:00,2025,3,22,5,Hà Nội,Xã Tây Phương,21.0403672,105.6115528,174,Unhealthy,3,13.9,83,0.0,5.6,111,1018.4,100,115.3,119.7,872.0,46.6,22.0,43.5
2025-03-22 06:00:00,2025,3,22,6,Hà Nội,Xã Tây Phương,21.0403672,105.6115528,173,Unhealthy,3,13.7,87,0.0,5.6,97,1019.2,37,119.7,124.8,1032.0,47.2,17.0,44.7
2025-03-22 07:00:00,2025,3,22,7,Hà Nội,Xã Tây Phương,21.0403672,105.6115528,173,Unhealthy,3,15.3,84,0.0,6.9,96,1019.8,5,135.0,140.6,1111.0,48.5,25.0,49.5
2025-03-22 08:00:00,2025,3,22,8,Hà Nội,Xã Tây Phương,21.0403672,105.6115528,172,Unhealthy,3,17.4,79,0.0,2.6,74,1021.5,41,127.1,132.2,1043.0,44.8,48.0,55.9
2025-03-22 09:00:00,2025,3,22,9,Hà Nội,Xã Tây Phương,21.0403672,105.6115528,172,Unhealthy,3,19.6,70,0.0,3.1,93,1021.8,9,112.9,118.7,896.0,39.3,80.0,64.3
2025-03-22 10:00:00,2025,3,22,10,Hà Nội,Xã Tây Phương,21.0403672,105.6115528,172,Unhealthy,3,21.8,54,0.0,3.9,118,1021.5,0,100.6,106.9,752.0,33.0,115.0,67.7
2025-03-22 11:00:00,2025,3,22,11,Hà Nội,Xã Tây Phương,21.0403672,105.6115528,171,Unhealthy,3,23.1,48,0.0,4.8,135,1020.8,0,85.2,91.3,628.0,24.9,153.0,61.3
2025-03-22 12:00:00,2025,3,22,12,Hà Nội,Xã Tây Phương,21.0403672,105.6115528,171,Unhealthy,3,24.2,48,0.0,6.4,135,1019.5,0,79.4,85.4,509.0,16.0,194.0,50.0
2025-03-22 13:00:00,2025,3,22,13,Hà Nội,Xã Tây Phương,21.0403672,105.6115528,172,Unhealthy,3,25.0,47,0.0,8.0,140,1017.9,0,78.7,84.8,431.0,9.6,225.0,41.3
2025-03-22 14:00:00,2025,3,22,14,Hà Nội,Xã Tây Phương,21.0403672,105.6115528,172,Unhealthy,3,25.5,48,0.0,10.2,143,1016.4,0,80.6,86.4,412.0,6.5,244.0,37.8
2025-03-22 15:00:00,2025,3,22,15,Hà Nội,Xã Tây Phương,21.0403672,105.6115528,172,Unhealthy,3,25.5,49,0.0,11.8,141,1015.3,0,82.7,88.5,435.0,5.9,254.0,36.9
2025-03-22 16:00:00,2025,3,22,16,Hà Nội,Xã Tây Phương,21.0403672,105.6115528,173,Unhealthy,3,25.0,52,0.0,12.2,137,1014.6,0,84.5,89.9,486.0,9.4,248.0,38.0
2025-03-22 17:00:00,2025,3,22,17,Hà Nội,Xã Tây Phương,21.0403672,105.6115528,179,Unhealthy,3,24.1,59,0.0,11.1,138,1014.5,0,88.2,92.9,587.0,20.4,219.0,42.0
2025-03-22 18:00:00,2025,3,22,18,Hà Nội,Xã Tây Phương,21.0403672,105.6115528,200,Unhealthy,3,22.5,64,0.0,9.1,142,1014.9,0,106.9,111.1,715.0,35.4,174.0,47.9
2025-03-22 19:00:00,2025,3,22,19,Hà Nội,Xã Tây Phương,21.0403672,105.6115528,204,Very Unhealthy,4,21.5,67,0.0,8.9,140,1015.4,0,109.0,112.2,790.0,43.2,137.0,52.0
2025-03-22 20:00:00,2025,3,22,20,Hà Nội,Xã Tây Phương,21.0403672,105.6115528,203,Very Unhealthy,4,21.2,67,0.0,12.5,134,1016.3,2,114.6,117.3,760.0,42.6,122.0,53.3
2025-03-22 21:00:00,2025,3,22,21,Hà Nội,Xã Tây Phương,21.0403672,105.6115528,196,Unhealthy,3,20.1,76,0.0,13.6,143,1017.2,0,113.2,115.5,676.0,41.7,101.0,55.0
2025-03-22 22:00:00,2025,3,22,22,Hà Nội,Xã Tây Phương,21.0403672,105.6115528,176,Unhealthy,3,19.1,83,0.0,13.0,153,1017.6,0,110.6,112.7,614.0,40.9,83.0,55.2
2025-03-22 23:00:00,2025,3,22,23,Hà Nội,Xã Tây Phương,21.0403672,105.6115528,175,Unhealthy,3,18.4,87,0.0,10.0,146,1017.7,0,108.0,110.1,605.0,40.4,71.0,52.5
2025-03-23 00:00:00,2025,3,23,0,Hà Nội,Xã Tây Phương,21.0403672,105.6115528,175,Unhealthy,3,17.8,90,0.0,10.2,136,1017.4,0,104.8,106.6,617.0,39.9,62.0,48.3
2025-03-23 01:00:00,2025,3,23,1,Hà Nội,Xã Tây Phương,21.0403672,105.6115528,175,Unhealthy,3,17.2,93,0.0,10.2,135,1016.9,0,102.2,104.3,629.0,39.7,55.0,44.6
2025-03-23 02:00:00,2025,3,23,2,Hà Nội,Xã Tây Phương,21.0403672,105.6115528,175,Unhealthy,3,16.8,94,0.0,8.9,132,1016.2,0,101.3,103.4,633.0,39.6,48.0,41.8
2025-03-23 03:00:00,2025,3,23,3,Hà Nội,Xã Tây Phương,21.0403672,105.6115528,175,Unhealthy,3,16.4,95,0.0,7.2,118,1015.8,0,102.0,104.3,637.0,39.7,43.0,39.6
2025-03-23 04:00:00,2025,3,23,4,Hà Nội,Xã Tây Phương,21.0403672,105.6115528,175,Unhealthy,3,16.2,97,0.0,6.7,114,1015.6,0,104.3,106.6,646.0,40.2,39.0,38.9
2025-03-23 05:00:00,2025,3,23,5,Hà Nội,Xã Tây Phương,21.0403672,105.6115528,175,Unhealthy,3,15.8,98,0.0,4.8,110,1015.8,1,108.0,110.6,673.0,42.2,33.0,40.7
2025-03-23 06:00:00,2025,3,23,6,Hà Nội,Xã Tây Phương,21.0403672,105.6115528,175,Unhealthy,3,15.4,99,0.0,4.3,112,1016.5,100,113.9,116.6,706.0,44.6,28.0,44.1
2025-03-23 07:00:00,2025,3,23,7,Hà Nội,Xã Tây Phương,21.0403672,105.6115528,175,Unhealthy,3,16.5,99,0.0,5.7,127,1017.3,100,121.5,123.9,712.0,51.7,29.0,46.2
2025-03-23 08:00:00,2025,3,23,8,Hà Nội,Xã Tây Phương,21.0403672,105.6115528,174,Unhealthy,3,18.0,93,0.0,6.3,145,1018.7,100,107.8,110.4,668.0,46.2,52.0,48.4
2025-03-23 09:00:00,2025,3,23,9,Hà Nội,Xã Tây Phương,21.0403672,105.6115528,174,Unhealthy,3,20.0,83,0.0,6.4,153,1019.1,63,90.8,94.1,597.0,38.4,83.0,51.4
2025-03-23 10:00:00,2025,3,23,10,Hà Nội,Xã Tây Phương,21.0403672,105.6115528,173,Unhealthy,3,22.3,70,0.0,8.3,158,1018.6,62,71.9,75.7,533.0,30.9,114.0,52.3
2025-03-23 11:00:00,2025,3,23,11,Hà Nội,Xã Tây Phương,21.0403672,105.6115528,173,Unhealthy,3,24.2,62,0.0,9.6,164,1017.6,83,60.8,64.7,485.0,24.0,141.0,49.4
2025-03-23 12:00:00,2025,3,23,12,Hà Nội,Xã Tây Phương,21.0403672,105.6115528,172,Unhealthy,3,25.3,57,0.0,9.8,149,1016.1,100,57.4,61.5,444.0,17.3,167.0,44.5
2025-03-23 13:00:00,2025,3,23,13,Hà Nội,Xã Tây Phương,21.0403672,105.6115528,172,Unhealthy,3,25.8,58,0.0,11.7,136,1014.4,20,56.6,60.3,418.0,12.6,186.0,40.5
2025-03-23 14:00:00,2025,3,23,14,Hà Nội,Xã Tây Phương,21.0403672,105.6115528,171,Unhealthy,3,27.2,53,0.0,11.0,128,1012.7,9,58.0,61.7,413.0,9.8,199.0,38.3
2025-03-23 15:00:00,2025,3,23,15,Hà Nội,Xã Tây Phương,21.0403672,105.6115528,171,Unhealthy,3,27.1,55,0.0,13.4,121,1011.5,0,59.1,62.6,424.0,9.0,206.0,37.0
2025-03-23 16:00:00,2025,3,23,16,Hà Nội,Xã Tây Phương,21.0403672,105.6115528,170,Unhealthy,3,26.7,56,0.0,14.8,136,1011.2,0,58.9,61.9,442.0,11.3,201.0,36.7
2025-03-23 17:00:00,2025,3,23,17,Hà Nội,Xã Tây Phương,21.0403672,105.6115528,170,Unhealthy,3,26.0,59,0.0,14.0,138,1011.4,0,59.3,61.7,473.0,19.3,175.0,38.0
2025-03-23 18:00:00,2025,3,23,18,Hà Nội,Xã Tây Phương,21.0403672,105.6115528,169,Unhealthy,3,24.2,66,0.0,15.6,130,1012.1,1,65.4,67.5,511.0,30.6,136.0,40.3
2025-03-23 19:00:00,2025,3,23,19,Hà Nội,Xã Tây Phương,21.0403672,105.6115528,168,Unhealthy,3,23.1,70,0.0,15.1,142,1013.1,0,71.5,73.3,537.0,36.3,111.0,44.4
2025-03-23 20:00:00,2025,3,23,20,Hà Nội,Xã Tây Phương,21.0403672,105.6115528,167,Unhealthy,3,22.4,73,0.0,16.3,152,1014.1,0,64.5,66.1,536.0,36.8,98.0,44.8
2025-03-23 21:00:00,2025,3,23,21,Hà Nội,Xã Tây Phương,21.0403672,105.6115528,166,Unhealthy,3,21.4,77,0.0,14.1,149,1015.1,0,58.1,59.6,522.0,37.7,79.0,45.3
2025-03-23 22:00:00,2025,3,23,22,Hà Nội,Xã Tây Phương,21.0403672,105.6115528,165,Unhealthy,3,20.5,81,0.0,13.5,143,1015.3,0,56.5,58.2,521.0,39.1,63.0,45.2
2025-03-23 23:00:00,2025,3,23,23,Hà Nội,Xã Tây Phương,21.0403672,105.6115528,164,Unhealthy,3,19.9,86,0.0,11.6,139,1015.4,0,58.9,60.8,547.0,41.5,51.0,43.9
2025-03-24 00:00:00,2025,3,24,0,Hà Nội,Xã Tây Phương,21.0403672,105.6115528,163,Unhealthy,3,19.4,89,0.0,10.6,134,1015.3,0,62.9,65.0,586.0,44.5,41.0,42.1
2025-03-24 01:00:00,2025,3,24,1,Hà Nội,Xã Tây Phương,21.0403672,105.6115528,162,Unhealthy,3,18.9,92,0.0,7.5,132,1014.6,0,68.2,70.8,621.0,47.4,33.0,41.2
2025-03-24 02:00:00,2025,3,24,2,Hà Nội,Xã Tây Phương,21.0403672,105.6115528,161,Unhealthy,3,18.1,94,0.0,3.4,96,1014.4,2,74.7,77.3,637.0,50.1,27.0,41.6
2025-03-24 03:00:00,2025,3,24,3,Hà Nội,Xã Tây Phương,21.0403672,105.6115528,161,Unhealthy,3,17.9,96,0.0,4.4,122,1013.7,0,82.7,85.4,650.0,52.7,22.0,42.8
2025-03-24 04:00:00,2025,3,24,4,Hà Nội,Xã Tây Phương,21.0403672,105.6115528,160,Unhealthy,3,17.5,97,0.0,3.6,150,1013.3,1,91.3,94.1,688.0,54.2,19.0,44.9
2025-03-24 05:00:00,2025,3,24,5,Hà Nội,Xã Tây Phương,21.0403672,105.6115528,160,Unhealthy,3,17.1,97,0.0,1.1,288,1013.7,11,104.8,107.8,799.0,54.6,14.0,47.5
2025-03-24 06:00:00,2025,3,24,6,Hà Nội,Xã Tây Phương,21.0403672,105.6115528,160,Unhealthy,3,17.0,99,0.0,0.5,270,1013.7,22,115.9,119.0,935.0,53.9,9.0,51.0
2025-03-24 07:00:00,2025,3,24,7,Hà Nội,Xã Tây Phương,21.0403672,105.6115528,160,Unhealthy,3,18.0,96,0.0,0.4,207,1014.1,10,125.7,129.0,984.0,51.5,13.0,53.6
2025-03-24 08:00:00,2025,3,24,8,Hà Nội,Xã Tây Phương,21.0403672,105.6115528,160,Unhealthy,3,20.0,88,0.0,2.4,167,1015.2,23,98.7,101.5,863.0,46.8,30.0,64.4
2025-03-24 09:00:00,2025,3,24,9,Hà Nội,Xã Tây Phương,21.0403672,105.6115528,160,Unhealthy,3,22.4,77,0.0,3.8,289,1015.6,47,83.8,88.0,656.0,40.1,56.0,78.9
2025-03-24 10:00:00,2025,3,24,10,Hà Nội,Xã Tây Phương,21.0403672,105.6115528,160,Unhealthy,3,23.9,70,0.0,2.3,315,1015.3,97,76.1,80.6,499.0,33.3,84.0,86.8
2025-03-24 11:00:00,2025,3,24,11,Hà Nội,Xã Tây Phương,21.0403672,105.6115528,160,Unhealthy,3,24.9,65,0.0,1.0,112,1014.4,100,69.4,73.8,456.0,26.3,116.0,81.9
2025-03-24 12:00:00,2025,3,24,12,Hà Nội,Xã Tây Phương,21.0403672,105.6115528,160,Unhealthy,3,26.0,61,0.0,1.5,150,1013.1,100,68.9,73.3,463.0,19.2,152.0,70.4
2025-03-24 13:00:00,2025,3,24,13,Hà Nội,Xã Tây Phương,21.0403672,105.6115528,160,Unhealthy,3,27.5,57,0.0,3.3,158,1011.3,100,70.3,74.7,469.0,14.0,181.0,60.4
2025-03-24 14:00:00,2025,3,24,14,Hà Nội,Xã Tây Phương,21.0403672,105.6115528,160,Unhealthy,3,27.9,57,0.0,6.4,128,1009.7,32,71.0,75.2,446.0,11.0,204.0,54.2
2025-03-24 15:00:00,2025,3,24,15,Hà Nội,Xã Tây Phương,21.0403672,105.6115528,161,Unhealthy,3,28.0,57,0.0,10.7,131,1008.3,6,75.0,78.9,422.0,10.0,221.0,49.5
2025-03-24 16:00:00,2025,3,24,16,Hà Nội,Xã Tây Phương,21.0403672,105.6115528,161,Unhealthy,3,27.8,60,0.0,13.0,152,1007.6,3,78.5,82.2,428.0,12.3,223.0,47.4
2025-03-24 17:00:00,2025,3,24,17,Hà Nội,Xã Tây Phương,21.0403672,105.6115528,161,Unhealthy,3,27.2,62,0.0,14.5,141,1007.2,5,82.4,85.7,502.0,20.7,201.0,49.7
2025-03-24 18:00:00,2025,3,24,18,Hà Nội,Xã Tây Phương,21.0403672,105.6115528,162,Unhealthy,3,25.8,67,0.0,13.5,132,1007.6,5,95.0,97.8,606.0,32.5,164.0,54.6
2025-03-24 19:00:00,2025,3,24,19,Hà Nội,Xã Tây Phương,21.0403672,105.6115528,171,Unhealthy,3,24.8,71,0.0,15.0,136,1008.4,3,99.0,101.0,660.0,41.8,138.0,63.5
2025-03-24 20:00:00,2025,3,24,20,Hà Nội,Xã Tây Phương,21.0403672,105.6115528,174,Unhealthy,3,23.9,77,0.0,20.5,152,1009.0,1,95.5,97.3,615.0,42.4,115.0,62.6
2025-03-24 21:00:00,2025,3,24,21,Hà Nội,Xã Tây Phương,21.0403672,105.6115528,168,Unhealthy,3,22.5,83,0.0,18.7,156,1010.0,0,82.9,84.5,519.0,43.2,84.0,61.1
2025-03-24 22:00:00,2025,3,24,22,Hà Nội,Xã Tây Phương,21.0403672,105.6115528,164,Unhealthy,3,21.6,86,0.0,16.1,153,1010.5,0,70.1,71.7,442.0,43.9,59.0,58.5
2025-03-24 23:00:00,2025,3,24,23,Hà Nội,Xã Tây Phương,21.0403672,105.6115528,165,Unhealthy,3,21.0,89,0.0,13.9,149,1010.0,0,61.2,63.1,410.0,44.3,47.0,53.8
2025-03-25 00:00:00,2025,3,25,0,Hà Nội,Xã Tây Phương,21.0403672,105.6115528,165,Unhealthy,3,20.5,91,0.0,11.8,146,1009.3,0,56.2,58.1,395.0,44.6,41.0,47.9
2025-03-25 01:00:00,2025,3,25,1,Hà Nội,Xã Tây Phương,21.0403672,105.6115528,165,Unhealthy,3,20.0,93,0.0,10.6,145,1008.7,0,53.8,55.8,386.0,44.9,36.0,42.9
2025-03-25 02:00:00,2025,3,25,2,Hà Nội,Xã Tây Phương,21.0403672,105.6115528,164,Unhealthy,3,19.6,96,0.0,8.6,143,1008.1,0,53.2,55.2,372.0,45.1,31.0,39.2
2025-03-25 03:00:00,2025,3,25,3,Hà Nội,Xã Tây Phương,21.0403672,105.6115528,164,Unhealthy,3,19.3,97,0.0,6.0,139,1007.8,0,56.6,58.6,363.0,45.4,28.0,36.4
2025-03-25 04:00:00,2025,3,25,4,Hà Nội,Xã Tây Phương,21.0403672,105.6115528,163,Unhealthy,3,19.0,98,0.0,4.8,143,1007.6,0,59.4,61.5,378.0,45.5,25.0,35.3
2025-03-25 05:00:00,2025,3,25,5,Hà Nội,Xã Tây Phương,21.0403672,105.6115528,163,Unhealthy,3,18.5,98,0.0,3.5,159,1007.9,4,62.6,64.7,441.0,45.9,22.0,36.5
2025-03-25 06:00:00,2025,3,25,6,Hà Nội,Xã Tây Phương,21.0403672,105.6115528,162,Unhealthy,3,18.4,99,0.0,1.3,188,1007.9,16,71.7,73.8,528.0,46.2,19.0,39.4
2025-03-25 07:00:00,2025,3,25,7,Hà Nội,Xã Tây Phương,21.0403672,105.6115528,161,Unhealthy,3,19.5,97,0.0,2.2,265,1008.6,86,78.0,80.1,588.0,44.5,20.0,46.1
2025-03-25 08:00:00,2025,3,25,8,Hà Nội,Xã Tây Phương,21.0403672,105.6115528,160,Unhealthy,3,20.9,89,0.0,2.7,247,1009.4,46,79.9,82.2,593.0,42.4,28.0,48.1
2025-03-25 09:00:00,2025,3,25,9,Hà Nội,Xã Tây Phương,21.0403672,105.6115528,159,Unhealthy,3,22.5,82,0.0,2.7,274,1009.7,100,77.8,80.6,572.0,39.3,40.0,50.7
2025-03-25 10:00:00,2025,3,25,10,Hà Nội,Xã Tây Phương,21.0403672,105.6115528,159,Unhealthy,3,23.6,78,0.0,2.0,270,1009.5,100,78.2,81.0,560.0,35.7,58.0,51.3
2025-03-25 11:00:00,2025,3,25,11,Hà Nội,Xã Tây Phương,21.0403672,105.6115528,159,Unhealthy,3,25.1,72,0.0,2.4,283,1008.9,100,78.0,80.6,581.0,31.3,85.0,48.1
2025-03-25 12:00:00,2025,3,25,12,Hà Nội,Xã Tây Phương,21.0403672,105.6115528,159,Unhealthy,3,25.9,70,0.0,0.8,27,1007.4,71,78.2,81.0,612.0,26.4,117.0,43.0
2025-03-25 13:00:00,2025,3,25,13,Hà Nội,Xã Tây Phương,21.0403672,105.6115528,159,Unhealthy,3,27.9,63,0.0,3.5,125,1005.8,4,79.4,82.0,618.0,22.3,146.0,38.5
2025-03-25 14:00:00,2025,3,25,14,Hà Nội,Xã Tây Phương,21.0403672,105.6115528,160,Unhealthy,3,28.8,61,0.0,7.3,128,1004.1,11,84.3,86.6,573.0,18.5,174.0,34.9
2025-03-25 15:00:00,2025,3,25,15,Hà Nội,Xã Tây Phương,21.0403672,105.6115528,160,Unhealthy,3,29.4,60,0.0,11.3,146,1002.8,21,87.5,90.1,502.0,15.4,200.0,32.0
2025-03-25 16:00:00,2025,3,25,16,Hà Nội,Xã Tây Phương,21.0403672,105.6115528,160,Unhealthy,3,29.1,63,0.0,15.2,144,1002.3,15,86.8,89.2,449.0,15.8,208.0,31.7
2025-03-25 17:00:00,2025,3,25,17,Hà Nội,Xã Tây Phương,21.0403672,105.6115528,160,Unhealthy,3,28.1,67,0.0,15.7,140,1002.3,9,84.8,86.4,436.0,22.3,188.0,36.1
2025-03-25 18:00:00,2025,3,25,18,Hà Nội,Xã Tây Phương,21.0403672,105.6115528,160,Unhealthy,3,26.5,71,0.0,18.4,141,1003.0,8,83.8,85.2,440.0,32.2,152.0,43.1
2025-03-25 19:00:00,2025,3,25,19,Hà Nội,Xã Tây Phương,21.0403672,105.6115528,160,Unhealthy,3,24.7,73,0.0,19.2,146,1003.9,2,78.5,80.1,441.0,36.8,127.0,49.3
2025-03-25 20:00:00,2025,3,25,20,Hà Nội,Xã Tây Phương,21.0403672,105.6115528,160,Unhealthy,3,24.1,72,0.0,18.8,153,1004.9,3,62.4,64.3,429.0,38.2,104.0,49.2
2025-03-25 21:00:00,2025,3,25,21,Hà Nội,Xã Tây Phương,21.0403672,105.6115528,159,Unhealthy,3,23.0,76,0.0,19.0,150,1006.0,8,48.8,50.6,414.0,40.1,73.0,49.0
2025-03-25 22:00:00,2025,3,25,22,Hà Nội,Xã Tây Phương,21.0403672,105.6115528,158,Unhealthy,3,22.1,81,0.0,17.9,150,1006.5,2,42.0,44.6,400.0,41.7,49.0,47.8
2025-03-25 23:00:00,2025,3,25,23,Hà Nội,Xã Tây Phương,21.0403672,105.6115528,158,Unhealthy,3,21.6,84,0.0,17.5,146,1006.2,6,40.5,43.3,390.0,42.5,39.0,44.9
2025-03-26 00:00:00,2025,3,26,0,Hà Nội,Xã Tây Phương,21.0403672,105.6115528,157,Unhealthy,3,21.1,88,0.0,14.2,142,1005.8,14,41.6,44.6,381.0,42.9,37.0,41.0
2025-03-26 01:00:00,2025,3,26,1,Hà Nội,Xã Tây Phương,21.0403672,105.6115528,157,Unhealthy,3,20.7,91,0.0,10.2,136,1005.3,13,42.5,45.6,372.0,43.2,35.0,38.0
2025-03-26 02:00:00,2025,3,26,2,Hà Nội,Xã Tây Phương,21.0403672,105.6115528,157,Unhealthy,3,20.3,95,0.0,13.7,134,1004.2,0,40.7,44.1,354.0,43.5,31.0,36.3
2025-03-26 03:00:00,2025,3,26,3,Hà Nội,Xã Tây Phương,21.0403672,105.6115528,156,Unhealthy,3,20.0,96,0.0,12.6,144,1003.8,0,41.0,45.2,336.0,43.7,28.0,35.5
2025-03-26 04:00:00,2025,3,26,4,Hà Nội,Xã Tây Phương,21.0403672,105.6115528,156,Unhealthy,3,19.8,97,0.0,7.6,146,1004.0,0,44.1,49.0,338.0,44.0,25.0,36.1
2025-03-26 05:00:00,2025,3,26,5,Hà Nội,Xã Tây Phương,21.0403672,105.6115528,156,Unhealthy,3,19.6,98,0.0,6.9,131,1004.2,3,49.0,54.1,380.0,44.9,21.0,38.6
2025-03-26 06:00:00,2025,3,26,6,Hà Nội,Xã Tây Phương,21.0403672,105.6115528,155,Unhealthy,3,19.4,98,0.0,6.2,139,1004.7,20,56.3,61.7,442.0,46.0,18.0,42.5
2025-03-26 07:00:00,2025,3,26,7,Hà Nội,Xã Tây Phương,21.0403672,105.6115528,155,Unhealthy,3,20.2,96,0.0,5.8,164,1005.5,94,62.2,66.1,485.0,43.7,21.0,43.9
2025-03-26 08:00:00,2025,3,26,8,Hà Nội,Xã Tây Phương,21.0403672,105.6115528,155,Unhealthy,3,21.4,91,0.0,6.3,177,1006.8,100,64.0,67.3,487.0,41.2,34.0,46.1
2025-03-26 09:00:00,2025,3,26,9,Hà Nội,Xã Tây Phương,21.0403672,105.6115528,154,Unhealthy,3,22.2,87,0.0,4.6,171,1007.1,100,61.7,65.0,469.0,37.5,54.0,49.0
2025-03-26 10:00:00,2025,3,26,10,Hà Nội,Xã Tây Phương,21.0403672,105.6115528,154,Unhealthy,3,23.4,83,0.0,2.6,164,1007.1,100,62.6,65.9,455.0,33.0,79.0,49.7
2025-03-26 11:00:00,2025,3,26,11,Hà Nội,Xã Tây Phương,21.0403672,105.6115528,154,Unhealthy,3,24.3,80,0.0,4.3,147,1006.3,100,65.2,68.2,454.0,26.8,115.0,46.0
2025-03-26 12:00:00,2025,3,26,12,Hà Nội,Xã Tây Phương,21.0403672,105.6115528,153,Unhealthy,3,25.5,76,0.0,6.8,148,1004.9,100,63.3,66.1,457.0,19.7,158.0,40.1
2025-03-26 13:00:00,2025,3,26,13,Hà Nội,Xã Tây Phương,21.0403672,105.6115528,153,Unhealthy,3,27.4,69,0.0,10.7,150,1003.1,100,68.2,70.8,453.0,14.6,190.0,35.9
2025-03-26 14:00:00,2025,3,26,14,Hà Nội,Xã Tây Phương,21.0403672,105.6115528,153,Unhealthy,3,29.0,64,0.0,12.1,138,1001.4,19,71.0,73.1,432.0,12.1,209.0,35.1
2025-03-26 15:00:00,2025,3,26,15,Hà Nội,Xã Tây Phương,21.0403672,105.6115528,153,Unhealthy,3,30.0,60,0.0,16.7,139,1000.3,15,71.2,73.1,405.0,11.6,219.0,36.0
2025-03-26 16:00:00,2025,3,26,16,Hà Nội,Xã Tây Phương,21.0403672,105.6115528,152,Unhealthy,3,29.0,64,0.0,19.8,141,1000.0,15,69.2,70.8,393.0,13.7,213.0,37.4
2025-03-26 17:00:00,2025,3,26,17,Hà Nội,Xã Tây Phương,21.0403672,105.6115528,152,Unhealthy,3,27.6,70,0.0,20.8,142,999.9,16,65.7,67.1,416.0,20.4,183.0,39.4
2025-03-26 18:00:00,2025,3,26,18,Hà Nội,Xã Tây Phương,21.0403672,105.6115528,155,Unhealthy,3,26.2,76,0.0,19.8,146,1000.4,4,64.7,65.7,455.0,29.8,137.0,41.9
2025-03-26 19:00:00,2025,3,26,19,Hà Nội,Xã Tây Phương,21.0403672,105.6115528,165,Unhealthy,3,25.0,80,0.0,20.2,147,1001.2,10,67.8,69.2,475.0,35.4,110.0,47.4
2025-03-26 20:00:00,2025,3,26,20,Hà Nội,Xã Tây Phương,21.0403672,105.6115528,164,Unhealthy,3,24.1,83,0.0,22.8,155,1001.5,25,59.4,60.5,456.0,36.9,92.0,46.8
2025-03-26 21:00:00,2025,3,26,21,Hà Nội,Xã Tây Phương,21.0403672,105.6115528,153,Unhealthy,3,23.4,86,0.0,18.5,156,1002.6,11,51.5,53.0,419.0,39.1,67.0,45.8
2025-03-26 22:00:00,2025,3,26,22,Hà Nội,Xã Tây Phương,21.0403672,105.6115528,151,Unhealthy,3,22.7,90,0.0,17.0,147,1003.0,12,47.1,48.9,389.0,40.8,48.0,44.7
2025-03-26 23:00:00,2025,3,26,23,Hà Nội,Xã Tây Phương,21.0403672,105.6115528,151,Unhealthy,3,22.3,92,0.0,16.5,141,1002.6,11,45.9,47.7,376.0,41.7,40.0,43.3
2025-03-27 00:00:00,2025,3,27,0,Hà Nội,Xã Tây Phương,21.0403672,105.6115528,151,Unhealthy,3,21.9,94,0.0,17.1,139,1001.9,100,45.2,47.0,370.0,42.1,38.0,41.7
2025-03-27 01:00:00,2025,3,27,1,Hà Nội,Xã Tây Phương,21.0403672,105.6115528,151,Unhealthy,3,21.5,96,0.0,15.8,145,1001.2,94,45.3,47.3,365.0,42.5,37.0,40.2
2025-03-27 02:00:00,2025,3,27,2,Hà Nội,Xã Tây Phương,21.0403672,105.6115528,151,Unhealthy,3,21.1,97,0.0,10.6,141,1000.9,92,45.2,47.5,354.0,42.8,34.0,38.7
2025-03-27 03:00:00,2025,3,27,3,Hà Nội,Xã Tây Phương,21.0403672,105.6115528,151,Unhealthy,3,20.9,98,0.0,10.3,134,1000.7,76,44.5,47.5,344.0,43.0,32.0,37.4
2025-03-27 04:00:00,2025,3,27,4,Hà Nội,Xã Tây Phương,21.0403672,105.6115528,151,Unhealthy,3,20.8,98,0.0,11.7,133,1000.6,81,45.3,48.7,349.0,43.2,31.0,37.0
2025-03-27 05:00:00,2025,3,27,5,Hà Nội,Xã Tây Phương,21.0403672,105.6115528,151,Unhealthy,3,20.6,98,0.0,11.2,135,1001.2,94,48.3,51.7,378.0,43.8,28.0,38.0
2025-03-27 06:00:00,2025,3,27,6,Hà Nội,Xã Tây Phương,21.0403672,105.6115528,151,Unhealthy,3,20.5,99,0.0,9.8,142,1001.8,99,51.0,54.5,422.0,44.4,27.0,39.9
2025-03-27 07:00:00,2025,3,27,7,Hà Nội,Xã Tây Phương,21.0403672,105.6115528,151,Unhealthy,3,21.0,97,0.0,9.4,148,1002.6,100,65.4,67.3,468.0,42.6,25.0,42.7
2025-03-27 08:00:00,2025,3,27,8,Hà Nội,Xã Tây Phương,21.0403672,105.6115528,151,Unhealthy,3,22.4,94,0.0,11.5,151,1003.3,100,68.9,71.2,520.0,39.9,37.0,42.3
2025-03-27 09:00:00,2025,3,27,9,Hà Nội,Xã Tây Phương,21.0403672,105.6115528,151,Unhealthy,3,23.5,89,0.0,10.5,149,1003.6,100,70.1,72.2,574.0,35.8,54.0,41.7
2025-03-27 10:00:00,2025,3,27,10,Hà Nội,Xã Tây Phương,21.0403672,105.6115528,152,Unhealthy,3,25.1,82,0.0,11.3,155,1003.8,94,74.0,76.1,611.0,31.1,82.0,40.4
2025-03-27 11:00:00,2025,3,27,11,Hà Nội,Xã Tây Phương,21.0403672,105.6115528,152,Unhealthy,3,27.5,73,0.0,12.6,146,1002.7,3,78.0,79.9,614.0,24.9,128.0,37.5
2025-03-27 12:00:00,2025,3,27,12,Hà Nội,Xã Tây Phương,21.0403672,105.6115528,152,Unhealthy,3,30.0,67,0.0,13.2,141,1001.2,11,79.6,81.3,599.0,18.0,184.0,33.9
2025-03-27 13:00:00,2025,3,27,13,Hà Nội,Xã Tây Phương,21.0403672,105.6115528,152,Unhealthy,3,31.2,64,0.0,14.7,141,999.4,17,84.8,86.1,593.0,13.1,227.0,31.7
2025-03-27 14:00:00,2025,3,27,14,Hà Nội,Xã Tây Phương,21.0403672,105.6115528,153,Unhealthy,3,32.0,64,0.0,15.0,137,997.9,12,86.1,87.3,604.0,10.9,251.0,31.9
2025-03-27 15:00:00,2025,3,27,15,Hà Nội,Xã Tây Phương,21.0403672,105.6115528,153,Unhealthy,3,32.3,64,0.0,17.4,130,996.6,2,84.1,85.0,624.0,10.7,261.0,33.6
2025-03-27 16:00:00,2025,3,27,16,Hà Nội,Xã Tây Phương,21.0403672,105.6115528,153,Unhealthy,3,31.9,66,0.0,19.5,131,996.6,1,79.2,79.9,649.0,13.6,255.0,35.6
2025-03-27 17:00:00,2025,3,27,17,Hà Nội,Xã Tây Phương,21.0403672,105.6115528,167,Unhealthy,3,30.6,71,0.0,18.0,126,996.8,0,74.0,74.5,684.0,21.7,222.0,38.2
2025-03-27 18:00:00,2025,3,27,18,Hà Nội,Xã Tây Phương,21.0403672,105.6115528,194,Unhealthy,3,28.8,76,0.0,16.5,122,998.0,0,72.4,73.1,725.0,32.8,172.0,41.3
2025-03-27 19:00:00,2025,3,27,19,Hà Nội,Xã Tây Phương,21.0403672,105.6115528,204,Very Unhealthy,4,27.4,77,0.0,17.1,122,998.9,0,82.2,82.7,759.0,39.3,137.0,42.0
2025-03-27 20:00:00,2025,3,27,20,Hà Nội,Xã Tây Phương,21.0403672,105.6115528,204,Very Unhealthy,4,25.5,88,0.0,11.5,120,1000.1,0,80.6,81.3,782.0,41.4,115.0,41.9
2025-03-27 21:00:00,2025,3,27,21,Hà Nội,Xã Tây Phương,21.0403672,105.6115528,199,Unhealthy,3,24.4,93,0.0,9.6,106,1001.2,0,75.7,76.8,798.0,44.2,85.0,41.7
2025-03-27 22:00:00,2025,3,27,22,Hà Nội,Xã Tây Phương,21.0403672,105.6115528,176,Unhealthy,3,23.5,95,0.0,9.6,103,1001.8,0,71.2,73.1,811.0,46.2,61.0,40.4
2025-03-27 23:00:00,2025,3,27,23,Hà Nội,Xã Tây Phương,21.0403672,105.6115528,156,Unhealthy,3,22.8,96,0.0,8.5,103,1001.8,5,68.7,70.8,824.0,46.6,49.0,37.1
2025-03-28 00:00:00,2025,3,28,0,Hà Nội,Xã Tây Phương,21.0403672,105.6115528,156,Unhealthy,3,22.2,97,0.0,5.9,101,1002.2,10,63.6,67.1,833.0,46.2,42.0,32.9
2025-03-28 01:00:00,2025,3,28,1,Hà Nội,Xã Tây Phương,21.0403672,105.6115528,157,Unhealthy,3,22.0,97,0.0,7.6,97,1002.1,12,62.6,66.1,831.0,45.7,37.0,29.6
2025-03-28 02:00:00,2025,3,28,2,Hà Nội,Xã Tây Phương,21.0403672,105.6115528,157,Unhealthy,3,21.8,98,0.0,8.0,96,1002.0,40,62.9,66.6,808.0,45.1,33.0,28.0
2025-03-28 03:00:00,2025,3,28,3,Hà Nội,Xã Tây Phương,21.0403672,105.6115528,157,Unhealthy,3,21.1,99,0.0,3.7,76,1002.2,89,63.1,66.8,773.0,44.4,30.0,27.4
2025-03-28 04:00:00,2025,3,28,4,Hà Nội,Xã Tây Phương,21.0403672,105.6115528,158,Unhealthy,3,21.2,99,0.0,3.3,61,1002.9,99,63.3,67.5,744.0,44.1,28.0,27.8
2025-03-28 05:00:00,2025,3,28,5,Hà Nội,Xã Tây Phương,21.0403672,105.6115528,158,Unhealthy,3,21.7,98,0.0,2.8,45,1003.9,100,64.5,69.2,725.0,45.2,24.0,30.0
2025-03-28 06:00:00,2025,3,28,6,Hà Nội,Xã Tây Phương,21.0403672,105.6115528,159,Unhealthy,3,22.1,96,0.0,4.1,41,1004.8,100,65.2,69.8,711.0,46.7,21.0,33.4
2025-03-28 07:00:00,2025,3,28,7,Hà Nội,Xã Tây Phương,21.0403672,105.6115528,159,Unhealthy,3,22.3,95,0.0,4.8,37,1005.9,100,71.2,75.4,706.0,41.8,37.0,36.6
2025-03-28 08:00:00,2025,3,28,8,Hà Nội,Xã Tây Phương,21.0403672,105.6115528,159,Unhealthy,3,23.9,92,0.0,5.0,116,1007.1,100,68.2,72.4,716.0,38.7,46.0,35.2
2025-03-28 09:00:00,2025,3,28,9,Hà Nội,Xã Tây Phương,21.0403672,105.6115528,159,Unhealthy,3,25.2,85,0.1,3.1,114,1007.9,99,65.2,68.7,735.0,34.3,60.0,33.1
2025-03-28 10:00:00,2025,3,28,10,Hà Nội,Xã Tây Phương,21.0403672,105.6115528,159,Unhealthy,3,26.9,76,0.1,2.9,86,1008.0,100,68.7,71.9,750.0,30.0,77.0,30.6
2025-03-28 11:00:00,2025,3,28,11,Hà Nội,Xã Tây Phương,21.0403672,105.6115528,159,Unhealthy,3,27.7,74,0.0,3.7,79,1007.7,98,77.8,81.3,759.0,25.8,98.0,27.2
2025-03-28 12:00:00,2025,3,28,12,Hà Nội,Xã Tây Phương,21.0403672,105.6115528,159,Unhealthy,3,28.8,70,0.0,4.9,94,1006.6,100,74.5,77.3,764.0,21.6,122.0,23.4
2025-03-28 13:00:00,2025,3,28,13,Hà Nội,Xã Tây Phương,21.0403672,105.6115528,159,Unhealthy,3,29.7,67,0.0,6.2,107,1005.5,65,84.5,87.3,751.0,18.6,143.0,20.4
2025-03-28 14:00:00,2025,3,28,14,Hà Nội,Xã Tây Phương,21.0403672,105.6115528,159,Unhealthy,3,30.8,62,0.0,9.4,130,1003.9,8,88.5,91.3,708.0,16.8,161.0,18.5
2025-03-28 15:00:00,2025,3,28,15,Hà Nội,Xã Tây Phương,21.0403672,105.6115528,159,Unhealthy,3,31.1,60,0.0,11.5,140,1002.9,30,88.9,91.7,648.0,16.1,175.0,17.5
2025-03-28 16:00:00,2025,3,28,16,Hà Nội,Xã Tây Phương,21.0403672,105.6115528,159,Unhealthy,3,30.7,63,0.0,12.3,140,1002.9,12,87.8,90.6,600.0,17.5,178.0,18.3
2025-03-28 17:00:00,2025,3,28,17,Hà Nội,Xã Tây Phương,21.0403672,105.6115528,159,Unhealthy,3,29.6,72,0.0,13.7,125,1003.0,13,87.5,90.1,574.0,23.7,163.0,22.7
2025-03-28 18:00:00,2025,3,28,18,Hà Nội,Xã Tây Phương,21.0403672,105.6115528,159,Unhealthy,3,27.8,81,0.0,15.2,116,1003.9,11,100.4,102.7,560.0,32.0,137.0,28.8
2025-03-28 19:00:00,2025,3,28,19,Hà Nội,Xã Tây Phương,21.0403672,105.6115528,160,Unhealthy,3,26.5,85,0.0,14.5,112,1005.2,89,96.9,99.2,551.0,41.2,117.0,34.2
2025-03-28 20:00:00,2025,3,28,20,Hà Nội,Xã Tây Phương,21.0403672,105.6115528,160,Unhealthy,3,26.0,86,0.0,14.7,117,1005.6,88,80.1,82.4,553.0,42.3,91.0,34.0
2025-03-28 21:00:00,2025,3,28,21,Hà Nội,Xã Tây Phương,21.0403672,105.6115528,160,Unhealthy,3,25.3,89,0.0,11.1,119,1007.5,38,56.8,58.8,561.0,43.5,57.0,33.5
2025-03-28 22:00:00,2025,3,28,22,Hà Nội,Xã Tây Phương,21.0403672,105.6115528,160,Unhealthy,3,24.7,91,0.0,12.5,108,1008.4,100,42.0,44.7,550.0,41.3,35.0,32.0
2025-03-28 23:00:00,2025,3,28,23,Hà Nội,Xã Tây Phương,21.0403672,105.6115528,159,Unhealthy,3,25.0,87,0.0,11.4,108,1009.0,100,47.7,49.0,499.0,32.6,40.0,28.7
2025-03-29 00:00:00,2025,3,29,0,Hà Nội,Xã Tây Phương,21.0403672,105.6115528,159,Unhealthy,3,24.6,88,1.3,11.5,104,1009.1,100,62.4,63.6,428.0,20.5,58.0,24.5
2025-03-29 01:00:00,2025,3,29,1,Hà Nội,Xã Tây Phương,21.0403672,105.6115528,159,Unhealthy,3,21.8,90,5.6,19.5,59,1010.0,100,72.2,73.8,378.0,11.6,72.0,21.0
2025-03-29 02:00:00,2025,3,29,2,Hà Nội,Xã Tây Phương,21.0403672,105.6115528,159,Unhealthy,3,19.4,88,0.6,21.3,70,1009.6,92,84.3,86.8,368.0,8.9,74.0,18.9
2025-03-29 03:00:00,2025,3,29,3,Hà Nội,Xã Tây Phương,21.0403672,105.6115528,159,Unhealthy,3,18.5,84,0.1,18.4,56,1010.6,100,67.1,69.2,377.0,9.3,71.0,17.6
2025-03-29 04:00:00,2025,3,29,4,Hà Nội,Xã Tây Phương,21.0403672,105.6115528,160,Unhealthy,3,18.0,79,0.4,16.4,45,1011.3,100,55.5,57.4,386.0,10.3,69.0,16.9
2025-03-29 05:00:00,2025,3,29,5,Hà Nội,Xã Tây Phương,21.0403672,105.6115528,159,Unhealthy,3,17.3,77,0.2,18.3,35,1012.7,100,44.2,45.9,387.0,11.3,69.0,16.9
2025-03-29 06:00:00,2025,3,29,6,Hà Nội,Xã Tây Phương,21.0403672,105.6115528,159,Unhealthy,3,16.5,77,0.1,20.1,38,1013.8,100,35.0,36.3,387.0,12.8,69.0,17.5
2025-03-29 07:00:00,2025,3,29,7,Hà Nội,Xã Tây Phương,21.0403672,105.6115528,158,Unhealthy,3,16.1,84,1.9,15.3,39,1015.4,100,36.7,38.2,387.0,15.0,65.0,19.2
2025-03-29 08:00:00,2025,3,29,8,Hà Nội,Xã Tây Phương,21.0403672,105.6115528,157,Unhealthy,3,17.4,81,0.2,15.9,35,1015.4,100,28.8,29.8,387.0,15.5,65.0,19.9
2025-03-29 09:00:00,2025,3,29,9,Hà Nội,Xã Tây Phương,21.0403672,105.6115528,157,Unhealthy,3,17.1,78,0.1,13.9,49,1016.3,100,23.5,24.2,387.0,16.2,66.0,20.7
2025-03-29 10:00:00,2025,3,29,10,Hà Nội,Xã Tây Phương,21.0403672,105.6115528,156,Unhealthy,3,17.1,77,0.1,13.6,53,1017.0,100,21.5,22.1,387.0,16.3,67.0,20.9
2025-03-29 11:00:00,2025,3,29,11,Hà Nội,Xã Tây Phương,21.0403672,105.6115528,155,Unhealthy,3,17.2,74,0.0,13.9,53,1017.2,100,19.7,20.1,383.0,15.1,70.0,19.8
2025-03-29 12:00:00,2025,3,29,12,Hà Nội,Xã Tây Phương,21.0403672,105.6115528,153,Unhealthy,3,17.0,75,0.1,11.0,62,1016.6,100,18.6,18.9,379.0,13.3,75.0,18.0
2025-03-29 13:00:00,2025,3,29,13,Hà Nội,Xã Tây Phương,21.0403672,105.6115528,152,Unhealthy,3,17.0,76,0.3,9.9,69,1015.9,100,17.6,18.0,385.0,12.1,79.0,16.9
2025-03-29 14:00:00,2025,3,29,14,Hà Nội,Xã Tây Phương,21.0403672,105.6115528,151,Unhealthy,3,18.0,74,0.1,8.8,67,1014.8,100,17.9,18.2,400.0,11.9,83.0,17.0
2025-03-29 15:00:00,2025,3,29,15,Hà Nội,Xã Tây Phương,21.0403672,105.6115528,146,Unhealthy for Sensitive Groups,2,18.1,70,0.0,8.8,71,1013.9,100,20.3,20.5,426.0,12.3,86.0,17.7
2025-03-29 16:00:00,2025,3,29,16,Hà Nội,Xã Tây Phương,21.0403672,105.6115528,139,Unhealthy for Sensitive Groups,2,17.9,70,0.0,8.5,78,1013.6,100,19.9,20.1,477.0,13.4,87.0,18.8
2025-03-29 17:00:00,2025,3,29,17,Hà Nội,Xã Tây Phương,21.0403672,105.6115528,132,Unhealthy for Sensitive Groups,2,17.5,71,0.0,7.9,91,1013.9,100,20.6,20.8,589.0,15.8,83.0,20.7
2025-03-29 18:00:00,2025,3,29,18,Hà Nội,Xã Tây Phương,21.0403672,105.6115528,125,Unhealthy for Sensitive Groups,2,17.0,73,0.0,7.2,109,1014.7,100,21.5,21.7,726.0,18.9,77.0,23.0
2025-03-29 19:00:00,2025,3,29,19,Hà Nội,Xã Tây Phương,21.0403672,105.6115528,117,Unhealthy for Sensitive Groups,2,16.6,76,0.1,7.3,132,1015.9,100,29.4,29.8,793.0,19.4,71.0,21.0
2025-03-29 20:00:00,2025,3,29,20,Hà Nội,Xã Tây Phương,21.0403672,105.6115528,110,Unhealthy for Sensitive Groups,2,16.0,76,0.1,12.4,66,1016.9,100,26.8,27.1,729.0,18.6,70.0,21.0
2025-03-29 21:00:00,2025,3,29,21,Hà Nội,Xã Tây Phương,21.0403672,105.6115528,104,Unhealthy for Sensitive Groups,2,15.4,75,0.1,12.2,65,1018.6,100,25.1,25.4,596.0,17.4,68.0,21.1
2025-03-29 22:00:00,2025,3,29,22,Hà Nội,Xã Tây Phương,21.0403672,105.6115528,101,Unhealthy for Sensitive Groups,2,14.9,77,0.1,10.9,63,1019.5,100,23.7,23.9,483.0,16.4,67.0,21.0
2025-03-29 23:00:00,2025,3,29,23,Hà Nội,Xã Tây Phương,21.0403672,105.6115528,99,Moderate,1,14.7,77,0.1,10.5,66,1019.9,100,22.6,22.8,424.0,15.6,66.0,20.6
2025-03-30 00:00:00,2025,3,30,0,Hà Nội,Xã Tây Phương,21.0403672,105.6115528,97,Moderate,1,14.5,77,0.1,11.9,52,1019.9,100,21.8,22.0,386.0,15.0,64.0,20.0
2025-03-30 01:00:00,2025,3,30,1,Hà Nội,Xã Tây Phương,21.0403672,105.6115528,93,Moderate,1,14.1,77,0.1,12.3,50,1019.5,100,21.6,21.8,359.0,14.6,63.0,19.9
2025-03-30 02:00:00,2025,3,30,2,Hà Nội,Xã Tây Phương,21.0403672,105.6115528,89,Moderate,1,13.9,78,0.1,10.6,47,1019.4,100,21.9,22.1,337.0,14.6,61.0,20.4
2025-03-30 03:00:00,2025,3,30,3,Hà Nội,Xã Tây Phương,21.0403672,105.6115528,83,Moderate,1,13.6,79,0.1,12.4,43,1019.3,100,22.0,22.2,325.0,14.9,60.0,21.4
2025-03-30 04:00:00,2025,3,30,4,Hà Nội,Xã Tây Phương,21.0403672,105.6115528,79,Moderate,1,13.1,80,0.1,12.6,46,1019.3,100,22.2,22.4,330.0,15.5,58.0,22.3
2025-03-30 05:00:00,2025,3,30,5,Hà Nội,Xã Tây Phương,21.0403672,105.6115528,76,Moderate,1,13.0,80,0.1,11.6,48,1019.7,100,23.4,23.6,365.0,16.6,56.0,23.3
2025-03-30 06:00:00,2025,3,30,6,Hà Nội,Xã Tây Phương,21.0403672,105.6115528,74,Moderate,1,13.1,80,0.0,11.7,44,1020.4,100,23.1,23.3,416.0,17.9,55.0,24.3
2025-03-30 07:00:00,2025,3,30,7,Hà Nội,Xã Tây Phương,21.0403672,105.6115528,73,Moderate,1,13.2,79,0.0,11.7,49,1021.0,100,21.7,21.9,450.0,16.8,61.0,20.1
2025-03-30 08:00:00,2025,3,30,8,Hà Nội,Xã Tây Phương,21.0403672,105.6115528,72,Moderate,1,13.6,82,0.0,15.4,48,1022.6,100,21.8,22.0,453.0,16.8,62.0,20.7
2025-03-30 09:00:00,2025,3,30,9,Hà Nội,Xã Tây Phương,21.0403672,105.6115528,71,Moderate,1,13.9,76,0.0,14.0,36,1023.7,100,22.5,22.8,439.0,16.8,62.0,21.4
2025-03-30 10:00:00,2025,3,30,10,Hà Nội,Xã Tây Phương,21.0403672,105.6115528,71,Moderate,1,14.1,71,0.0,13.5,33,1023.5,100,22.9,23.3,420.0,16.4,65.0,21.9
2025-03-30 11:00:00,2025,3,30,11,Hà Nội,Xã Tây Phương,21.0403672,105.6115528,71,Moderate,1,15.0,66,0.0,11.9,35,1023.2,100,23.3,23.7,396.0,15.2,70.0,21.7
2025-03-30 12:00:00,2025,3,30,12,Hà Nội,Xã Tây Phương,21.0403672,105.6115528,72,Moderate,1,15.9,63,0.0,11.0,40,1022.0,100,24.2,24.6,367.0,13.6,77.0,21.2
2025-03-30 13:00:00,2025,3,30,13,Hà Nội,Xã Tây Phương,21.0403672,105.6115528,72,Moderate,1,16.4,61,0.0,10.4,48,1020.4,100,25.3,25.7,348.0,12.6,83.0,21.0
2025-03-30 14:00:00,2025,3,30,14,Hà Nội,Xã Tây Phương,21.0403672,105.6115528,73,Moderate,1,17.4,59,0.0,10.3,49,1018.9,100,26.4,26.8,328.0,12.0,88.0,21.1
2025-03-30 15:00:00,2025,3,30,15,Hà Nội,Xã Tây Phương,21.0403672,105.6115528,74,Moderate,1,17.5,58,0.0,10.3,54,1017.7,100,27.3,27.7,317.0,12.0,92.0,21.5
2025-03-30 16:00:00,2025,3,30,16,Hà Nội,Xã Tây Phương,21.0403672,105.6115528,74,Moderate,1,17.5,57,0.0,9.3,72,1016.9,90,27.9,28.4,361.0,14.0,91.0,22.9
2025-03-30 17:00:00,2025,3,30,17,Hà Nội,Xã Tây Phương,21.0403672,105.6115528,75,Moderate,1,17.4,59,0.0,7.6,94,1016.6,79,28.9,29.3,511.0,19.9,83.0,25.8
2025-03-30 18:00:00,2025,3,30,18,Hà Nội,Xã Tây Phương,21.0403672,105.6115528,76,Moderate,1,16.6,65,0.0,5.0,134,1016.6,95,31.9,32.2,716.0,27.7,70.0,29.7
2025-03-30 19:00:00,2025,3,30,19,Hà Nội,Xã Tây Phương,21.0403672,105.6115528,77,Moderate,1,16.2,65,0.0,6.0,153,1017.3,93,36.4,37.1,871.0,24.5,71.0,28.3
2025-03-30 20:00:00,2025,3,30,20,Hà Nội,Xã Tây Phương,21.0403672,105.6115528,77,Moderate,1,15.5,65,0.0,6.8,112,1019.0,100,36.9,37.5,937.0,25.3,67.0,30.8
2025-03-30 21:00:00,2025,3,30,21,Hà Nội,Xã Tây Phương,21.0403672,105.6115528,78,Moderate,1,15.3,65,0.0,7.3,107,1020.1,100,36.3,36.8,954.0,26.3,62.0,34.1
2025-03-30 22:00:00,2025,3,30,22,Hà Nội,Xã Tây Phương,21.0403672,105.6115528,79,Moderate,1,15.0,63,0.0,7.3,83,1020.9,100,35.5,36.0,936.0,26.3,58.0,35.7
2025-03-30 23:00:00,2025,3,30,23,Hà Nội,Xã Tây Phương,21.0403672,105.6115528,80,Moderate,1,14.9,60,0.0,8.1,69,1021.3,100,33.9,34.3,881.0,24.4,58.0,34.0
2025-03-31 00:00:00,2025,3,31,0,Hà Nội,Xã Tây Phương,21.0403672,105.6115528,81,Moderate,1,14.6,59,0.0,8.3,68,1020.8,100,29.6,30.0,791.0,21.4,59.0,30.5
2025-03-31 01:00:00,2025,3,31,1,Hà Nội,Xã Tây Phương,21.0403672,105.6115528,82,Moderate,1,14.4,59,0.0,9.0,68,1020.3,100,26.1,26.6,688.0,18.7,61.0,27.2
2025-03-31 02:00:00,2025,3,31,2,Hà Nội,Xã Tây Phương,21.0403672,105.6115528,82,Moderate,1,14.1,60,0.0,8.9,65,1019.9,100,24.5,24.9,559.0,16.5,63.0,24.4
2025-03-31 03:00:00,2025,3,31,3,Hà Nội,Xã Tây Phương,21.0403672,105.6115528,82,Moderate,1,14.0,60,0.0,9.0,55,1019.4,100,23.9,24.3,417.0,14.6,64.0,21.9
2025-03-31 04:00:00,2025,3,31,4,Hà Nội,Xã Tây Phương,21.0403672,105.6115528,83,Moderate,1,13.9,59,0.0,9.8,44,1019.4,100,24.7,25.2,327.0,13.8,65.0,20.5
2025-03-31 05:00:00,2025,3,31,5,Hà Nội,Xã Tây Phương,21.0403672,105.6115528,83,Moderate,1,13.8,57,0.0,11.2,40,1019.7,100,25.8,26.4,334.0,14.8,63.0,21.0
2025-03-31 06:00:00,2025,3,31,6,Hà Nội,Xã Tây Phương,21.0403672,105.6115528,83,Moderate,1,13.7,57,0.0,11.1,34,1020.3,100,28.0,28.6,394.0,16.9,60.0,22.6
2025-03-31 07:00:00,2025,3,31,7,Hà Nội,Xã Tây Phương,21.0403672,105.6115528,83,Moderate,1,13.7,59,0.0,11.0,35,1020.9,100,23.2,23.5,437.0,16.5,61.0,22.3
2025-03-31 08:00:00,2025,3,31,8,Hà Nội,Xã Tây Phương,21.0403672,105.6115528,84,Moderate,1,13.9,61,0.0,10.4,34,1022.3,100,24.9,25.3,433.0,16.9,61.0,23.5
2025-03-31 09:00:00,2025,3,31,9,Hà Nội,Xã Tây Phương,21.0403672,105.6115528,84,Moderate,1,14.4,60,0.0,10.9,36,1022.5,100,26.3,26.8,412.0,17.4,61.0,25.2
2025-03-31 10:00:00,2025,3,31,10,Hà Nội,Xã Tây Phương,21.0403672,105.6115528,84,Moderate,1,15.4,58,0.0,11.2,32,1022.0,96,27.5,28.0,395.0,17.3,64.0,26.5
2025-03-31 11:00:00,2025,3,31,11,Hà Nội,Xã Tây Phương,21.0403672,105.6115528,85,Moderate,1,16.2,57,0.0,9.8,26,1021.4,83,30.4,31.1,386.0,16.0,72.0,26.7
2025-03-31 12:00:00,2025,3,31,12,Hà Nội,Xã Tây Phương,21.0403672,105.6115528,85,Moderate,1,17.2,56,0.0,7.7,30,1020.0,62,35.0,35.9,381.0,14.1,82.0,26.5
2025-03-31 13:00:00,2025,3,31,13,Hà Nội,Xã Tây Phương,21.0403672,105.6115528,86,Moderate,1,18.0,56,0.0,5.6,40,1018.3,72,38.6,39.6,388.0,13.3,89.0,26.9
2025-03-31 14:00:00,2025,3,31,14,Hà Nội,Xã Tây Phương,21.0403672,105.6115528,87,Moderate,1,18.4,56,0.0,5.5,71,1017.0,37,42.3,43.2,395.0,14.0,92.0,28.3
2025-03-31 15:00:00,2025,3,31,15,Hà Nội,Xã Tây Phương,21.0403672,105.6115528,89,Moderate,1,18.6,56,0.0,6.7,98,1015.7,74,45.9,46.9,413.0,15.7,93.0,30.4
2025-03-31 16:00:00,2025,3,31,16,Hà Nội,Xã Tây Phương,21.0403672,105.6115528,90,Moderate,1,18.4,57,0.0,7.7,106,1015.1,34,51.8,53.1,487.0,18.9,91.0,33.3
2025-03-31 17:00:00,2025,3,31,17,Hà Nội,Xã Tây Phương,21.0403672,105.6115528,93,Moderate,1,17.9,59,0.0,6.8,107,1015.1,9,55.3,56.7,685.0,24.4,84.0,37.1
2025-03-31 18:00:00,2025,3,31,18,Hà Nội,Xã Tây Phương,21.0403672,105.6115528,95,Moderate,1,16.5,70,0.0,4.1,113,1015.4,46,60.3,61.7,939.0,31.3,75.0,41.6
2025-03-31 19:00:00,2025,3,31,19,Hà Nội,Xã Tây Phương,21.0403672,105.6115528,97,Moderate,1,15.8,69,0.0,6.0,136,1016.2,59,87.3,89.6,1086.0,36.0,62.0,35.1
2025-03-31 20:00:00,2025,3,31,20,Hà Nội,Xã Tây Phương,21.0403672,105.6115528,102,Unhealthy for Sensitive Groups,2,14.8,73,0.0,5.6,111,1017.9,36,92.9,95.2,1019.0,38.2,57.0,41.1
2025-03-31 21:00:00,2025,3,31,21,Hà Nội,Xã Tây Phương,21.0403672,105.6115528,108,Unhealthy for Sensitive Groups,2,14.4,76,0.0,5.3,102,1019.1,59,94.3,96.4,844.0,41.1,51.0,49.2
2025-03-31 22:00:00,2025,3,31,22,Hà Nội,Xã Tây Phương,21.0403672,105.6115528,114,Unhealthy for Sensitive Groups,2,14.1,78,0.0,4.8,110,1020.2,65,93.1,95.2,723.0,42.5,46.0,54.4
2025-03-31 23:00:00,2025,3,31,23,Hà Nội,Xã Tây Phương,21.0403672,105.6115528,120,Unhealthy for Sensitive Groups,2,14.2,79,0.0,3.5,105,1020.6,91,88.7,90.6,732.0,41.1,43.0,53.9
2025-04-01 00:00:00,2025,4,1,0,Hà Nội,Xã Tây Phương,21.0403672,105.6115528,126,Unhealthy for Sensitive Groups,2,14.4,78,0.0,3.7,43,1020.4,100,80.6,82.2,794.0,38.2,41.0,50.6
2025-04-01 01:00:00,2025,4,1,1,Hà Nội,Xã Tây Phương,21.0403672,105.6115528,131,Unhealthy for Sensitive Groups,2,15.0,70,0.0,5.4,21,1020.0,100,71.9,73.6,837.0,35.2,41.0,47.3
2025-04-01 02:00:00,2025,4,1,2,Hà Nội,Xã Tây Phương,21.0403672,105.6115528,136,Unhealthy for Sensitive Groups,2,15.0,66,0.0,6.4,25,1019.3,100,64.0,65.4,829.0,32.4,42.0,44.9
2025-04-01 03:00:00,2025,4,1,3,Hà Nội,Xã Tây Phương,21.0403672,105.6115528,140,Unhealthy for Sensitive Groups,2,15.0,64,0.0,5.9,27,1018.8,100,56.9,58.1,801.0,29.5,45.0,42.7
2025-04-01 04:00:00,2025,4,1,4,Hà Nội,Xã Tây Phương,21.0403672,105.6115528,144,Unhealthy for Sensitive Groups,2,15.1,64,0.0,5.7,28,1018.9,100,51.5,52.5,780.0,27.8,47.0,41.3
2025-04-01 05:00:00,2025,4,1,5,Hà Nội,Xã Tây Phương,21.0403672,105.6115528,146,Unhealthy for Sensitive Groups,2,15.1,66,0.0,4.2,12,1019.3,100,44.2,45.2,784.0,28.5,46.0,41.3
2025-04-01 06:00:00,2025,4,1,6,Hà Nội,Xã Tây Phương,21.0403672,105.6115528,148,Unhealthy for Sensitive Groups,2,15.0,72,0.0,3.3,354,1019.5,100,43.2,44.0,795.0,30.2,44.0,42.1
2025-04-01 07:00:00,2025,4,1,7,Hà Nội,Xã Tây Phương,21.0403672,105.6115528,150,Unhealthy for Sensitive Groups,2,15.5,72,0.0,4.9,327,1019.9,100,53.0,53.9,777.0,29.6,49.0,41.2
2025-04-01 08:00:00,2025,4,1,8,Hà Nội,Xã Tây Phương,21.0403672,105.6115528,151,Unhealthy,3,16.5,68,0.0,7.3,306,1021.4,66,48.2,49.2,701.0,26.3,56.0,40.2
2025-04-01 09:00:00,2025,4,1,9,Hà Nội,Xã Tây Phương,21.0403672,105.6115528,151,Unhealthy,3,17.8,62,0.0,7.2,323,1021.6,61,45.9,47.4,598.0,21.7,67.0,38.8
2025-04-01 10:00:00,2025,4,1,10,Hà Nội,Xã Tây Phương,21.0403672,105.6115528,152,Unhealthy,3,18.7,59,0.0,5.7,347,1021.3,9,46.4,48.9,522.0,17.5,80.0,37.0
2025-04-01 11:00:00,2025,4,1,11,Hà Nội,Xã Tây Phương,21.0403672,105.6115528,152,Unhealthy,3,20.0,56,0.0,6.5,336,1020.3,10,49.1,52.9,503.0,14.0,98.0,34.4
2025-04-01 12:00:00,2025,4,1,12,Hà Nội,Xã Tây Phương,21.0403672,105.6115528,152,Unhealthy,3,20.6,55,0.0,6.2,327,1019.4,44,51.9,56.8,512.0,10.9,119.0,31.5
2025-04-01 13:00:00,2025,4,1,13,Hà Nội,Xã Tây Phương,21.0403672,105.6115528,153,Unhealthy,3,21.4,52,0.0,3.6,300,1017.6,55,53.9,59.0,518.0,8.8,136.0,29.5
2025-04-01 14:00:00,2025,4,1,14,Hà Nội,Xã Tây Phương,21.0403672,105.6115528,153,Unhealthy,3,21.8,52,0.0,4.2,277,1015.7,1,54.8,60.1,486.0,6.7,148.0,28.3
2025-04-01 15:00:00,2025,4,1,15,Hà Nội,Xã Tây Phương,21.0403672,105.6115528,153,Unhealthy,3,21.9,53,0.0,4.7,223,1014.5,2,56.2,61.2,452.0,5.7,156.0,28.0
2025-04-01 16:00:00,2025,4,1,16,Hà Nội,Xã Tây Phương,21.0403672,105.6115528,154,Unhealthy,3,21.8,54,0.0,4.7,198,1013.8,1,58.0,63.1,493.0,9.5,153.0,30.0
2025-04-01 17:00:00,2025,4,1,17,Hà Nội,Xã Tây Phương,21.0403672,105.6115528,154,Unhealthy,3,21.3,59,0.0,3.1,170,1013.6,0,60.1,65.2,688.0,21.8,134.0,35.4
2025-04-01 18:00:00,2025,4,1,18,Hà Nội,Xã Tây Phương,21.0403672,105.6115528,154,Unhealthy,3,19.5,67,0.0,5.0,154,1013.8,33,77.5,82.4,958.0,39.0,105.0,43.1
2025-04-01 19:00:00,2025,4,1,19,Hà Nội,Xã Tây Phương,21.0403672,105.6115528,154,Unhealthy,3,18.5,65,0.0,6.7,171,1014.3,42,95.7,99.4,1138.0,47.0,72.0,40.1
2025-04-01 20:00:00,2025,4,1,20,Hà Nội,Xã Tây Phương,21.0403672,105.6115528,154,Unhealthy,3,17.7,69,0.0,2.7,247,1015.6,52,104.5,108.5,1143.0,48.0,66.0,44.2
2025-04-01 21:00:00,2025,4,1,21,Hà Nội,Xã Tây Phương,21.0403672,105.6115528,155,Unhealthy,3,17.1,71,0.0,1.7,193,1016.4,69,110.1,114.6,1059.0,49.6,57.0,49.9
2025-04-01 22:00:00,2025,4,1,22,Hà Nội,Xã Tây Phương,21.0403672,105.6115528,155,Unhealthy,3,16.2,75,0.0,3.4,198,1017.1,87,119.2,124.3,975.0,52.7,48.0,54.1
2025-04-01 23:00:00,2025,4,1,23,Hà Nội,Xã Tây Phương,21.0403672,105.6115528,156,Unhealthy,3,15.6,79,0.0,4.3,202,1017.3,88,131.8,136.9,915.0,58.8,37.0,55.4
2025-04-02 00:00:00,2025,4,2,0,Hà Nội,Xã Tây Phương,21.0403672,105.6115528,157,Unhealthy,3,15.0,83,0.0,5.3,145,1017.5,88,142.5,147.6,856.0,66.4,26.0,55.2
2025-04-02 01:00:00,2025,4,2,1,Hà Nội,Xã Tây Phương,21.0403672,105.6115528,158,Unhealthy,3,14.6,85,0.0,5.5,122,1017.7,74,148.5,153.7,821.0,72.1,17.0,55.4
2025-04-02 02:00:00,2025,4,2,2,Hà Nội,Xã Tây Phương,21.0403672,105.6115528,160,Unhealthy,3,14.1,89,0.0,4.9,114,1017.3,97,147.6,152.7,814.0,74.7,11.0,56.5
2025-04-02 03:00:00,2025,4,2,3,Hà Nội,Xã Tây Phương,21.0403672,105.6115528,161,Unhealthy,3,14.1,89,0.0,2.1,75,1017.2,97,147.1,152.3,831.0,75.3,7.0,57.9
2025-04-02 04:00:00,2025,4,2,4,Hà Nội,Xã Tây Phương,21.0403672,105.6115528,163,Unhealthy,3,14.4,91,0.0,3.2,47,1017.1,96,150.9,156.0,877.0,74.6,6.0,59.8
2025-04-02 05:00:00,2025,4,2,5,Hà Nội,Xã Tây Phương,21.0403672,105.6115528,166,Unhealthy,3,14.4,93,0.0,2.7,28,1017.8,94,154.6,159.7,992.0,72.3,6.0,61.6
2025-04-02 06:00:00,2025,4,2,6,Hà Nội,Xã Tây Phương,21.0403672,105.6115528,168,Unhealthy,3,14.4,94,0.0,1.8,323,1018.6,100,156.5,161.6,1136.0,68.6,7.0,63.9
2025-04-02 07:00:00,2025,4,2,7,Hà Nội,Xã Tây Phương,21.0403672,105.6115528,170,Unhealthy,3,15.4,89,0.0,2.6,321,1019.4,100,166.7,172.3,1194.0,71.3,14.0,76.9
2025-04-02 08:00:00,2025,4,2,8,Hà Nội,Xã Tây Phương,21.0403672,105.6115528,173,Unhealthy,3,17.3,82,0.0,3.3,338,1021.0,100,149.5,155.5,1088.0,67.3,23.0,86.1
2025-04-02 09:00:00,2025,4,2,9,Hà Nội,Xã Tây Phương,21.0403672,105.6115528,175,Unhealthy,3,18.6,76,0.0,3.8,329,1021.2,100,140.2,146.7,895.0,61.3,38.0,98.1
2025-04-02 10:00:00,2025,4,2,10,Hà Nội,Xã Tây Phương,21.0403672,105.6115528,177,Unhealthy,3,20.1,69,0.0,4.7,313,1021.1,100,130.4,137.4,732.0,52.7,60.0,102.2
2025-04-02 11:00:00,2025,4,2,11,Hà Nội,Xã Tây Phương,21.0403672,105.6115528,179,Unhealthy,3,21.8,62,0.0,4.7,313,1020.5,97,114.6,121.5,638.0,39.2,96.0,90.8
2025-04-02 12:00:00,2025,4,2,12,Hà Nội,Xã Tây Phương,21.0403672,105.6115528,180,Unhealthy,3,23.0,56,0.0,3.5,309,1019.2,97,98.3,105.2,574.0,23.2,140.0,71.6
2025-04-02 13:00:00,2025,4,2,13,Hà Nội,Xã Tây Phương,21.0403672,105.6115528,182,Unhealthy,3,23.6,55,0.0,2.2,265,1017.6,96,87.5,95.0,535.0,11.5,176.0,56.3
2025-04-02 14:00:00,2025,4,2,14,Hà Nội,Xã Tây Phương,21.0403672,105.6115528,182,Unhealthy,3,24.4,54,0.0,2.4,228,1016.1,92,84.8,92.4,522.0,5.5,200.0,49.1
2025-04-02 15:00:00,2025,4,2,15,Hà Nội,Xã Tây Phương,21.0403672,105.6115528,183,Unhealthy,3,24.5,54,0.0,4.2,205,1014.9,88,83.4,91.0,535.0,3.9,215.0,45.9
2025-04-02 16:00:00,2025,4,2,16,Hà Nội,Xã Tây Phương,21.0403672,105.6115528,184,Unhealthy,3,24.2,55,0.0,6.7,196,1014.1,91,82.2,90.1,572.0,9.1,215.0,46.5
2025-04-02 17:00:00,2025,4,2,17,Hà Nội,Xã Tây Phương,21.0403672,105.6115528,184,Unhealthy,3,23.1,63,0.0,8.4,187,1013.9,86,86.1,93.8,647.0,25.6,190.0,52.0
2025-04-02 18:00:00,2025,4,2,18,Hà Nội,Xã Tây Phương,21.0403672,105.6115528,185,Unhealthy,3,21.1,63,0.0,9.0,186,1014.2,87,121.5,129.0,746.0,48.9,149.0,61.3
2025-04-02 19:00:00,2025,4,2,19,Hà Nội,Xã Tây Phương,21.0403672,105.6115528,186,Unhealthy,3,20.0,64,0.0,8.0,175,1014.7,46,165.3,177.0,821.0,66.0,104.0,67.6
2025-04-02 20:00:00,2025,4,2,20,Hà Nội,Xã Tây Phương,21.0403672,105.6115528,187,Unhealthy,3,19.7,64,0.0,8.0,171,1015.7,0,185.3,197.0,852.0,71.5,89.0,74.6
2025-04-02 21:00:00,2025,4,2,21,Hà Nội,Xã Tây Phương,21.0403672,105.6115528,189,Unhealthy,3,18.8,69,0.0,6.6,171,1016.4,3,200.2,211.9,858.0,79.0,68.0,83.9
2025-04-02 22:00:00,2025,4,2,22,Hà Nội,Xã Tây Phương,21.0403672,105.6115528,191,Unhealthy,3,18.1,74,0.0,6.5,166,1017.2,3,215.6,227.2,851.0,83.4,51.0,88.9
2025-04-02 23:00:00,2025,4,2,23,Hà Nội,Xã Tây Phương,21.0403672,105.6115528,193,Unhealthy,3,17.7,76,0.0,9.9,151,1017.6,6,221.7,232.4,826.0,82.0,41.0,85.7
2025-04-03 00:00:00,2025,4,3,0,Hà Nội,Xã Tây Phương,21.0403672,105.6115528,195,Unhealthy,3,17.0,81,0.0,8.6,139,1017.6,3,211.4,220.7,787.0,77.5,34.0,78.1
2025-04-03 01:00:00,2025,4,3,1,Hà Nội,Xã Tây Phương,21.0403672,105.6115528,196,Unhealthy,3,16.2,84,0.0,6.9,127,1017.3,3,191.9,199.8,756.0,73.1,29.0,70.7
2025-04-03 02:00:00,2025,4,3,2,Hà Nội,Xã Tây Phương,21.0403672,105.6115528,197,Unhealthy,3,15.6,86,0.0,5.7,127,1017.0,0,170.9,177.0,723.0,69.6,24.0,64.2
2025-04-03 03:00:00,2025,4,3,3,Hà Nội,Xã Tây Phương,21.0403672,105.6115528,198,Unhealthy,3,15.2,85,0.0,4.5,127,1016.8,0,158.8,163.4,697.0,66.3,20.0,58.0
2025-04-03 04:00:00,2025,4,3,4,Hà Nội,Xã Tây Phương,21.0403672,105.6115528,198,Unhealthy,3,15.2,84,0.0,1.9,119,1016.9,0,154.6,158.8,730.0,63.6,18.0,54.9
2025-04-03 05:00:00,2025,4,3,5,Hà Nội,Xã Tây Phương,21.0403672,105.6115528,198,Unhealthy,3,15.1,86,0.0,1.5,69,1017.2,0,156.0,159.3,902.0,62.9,15.0,56.8
2025-04-03 06:00:00,2025,4,3,6,Hà Nội,Xã Tây Phương,21.0403672,105.6115528,198,Unhealthy,3,14.9,88,0.0,1.8,53,1017.7,0,162.5,165.8,1133.0,63.0,14.0,61.9
2025-04-03 07:00:00,2025,4,3,7,Hà Nội,Xã Tây Phương,21.0403672,105.6115528,198,Unhealthy,3,16.4,84,0.0,2.5,360,1018.5,0,186.3,190.9,1236.0,61.8,24.0,68.6
2025-04-03 08:00:00,2025,4,3,8,Hà Nội,Xã Tây Phương,21.0403672,105.6115528,199,Unhealthy,3,19.1,75,0.0,0.4,297,1019.8,0,158.3,162.5,1085.0,55.6,45.0,72.7
2025-04-03 09:00:00,2025,4,3,9,Hà Nội,Xã Tây Phương,21.0403672,105.6115528,199,Unhealthy,3,21.2,64,0.0,1.2,153,1020.2,0,140.2,145.8,806.0,46.6,76.0,77.6
2025-04-03 10:00:00,2025,4,3,10,Hà Nội,Xã Tây Phương,21.0403672,105.6115528,199,Unhealthy,3,22.8,57,0.0,4.3,147,1020.1,0,126.2,133.2,586.0,37.5,108.0,76.7
2025-04-03 11:00:00,2025,4,3,11,Hà Nội,Xã Tây Phương,21.0403672,105.6115528,199,Unhealthy,3,23.9,56,0.0,7.7,150,1019.2,0,109.0,116.4,502.0,28.0,143.0,64.2
2025-04-03 12:00:00,2025,4,3,12,Hà Nội,Xã Tây Phương,21.0403672,105.6115528,199,Unhealthy,3,24.8,56,0.0,11.5,151,1017.8,2,91.7,99.0,477.0,18.2,180.0,45.8
2025-04-03 13:00:00,2025,4,3,13,Hà Nội,Xã Tây Phương,21.0403672,105.6115528,199,Unhealthy,3,25.6,53,0.0,13.9,155,1016.0,55,82.7,89.4,466.0,11.2,206.0,31.7
2025-04-03 14:00:00,2025,4,3,14,Hà Nội,Xã Tây Phương,21.0403672,105.6115528,199,Unhealthy,3,25.7,53,0.0,15.6,156,1014.2,39,78.5,84.5,458.0,7.9,219.0,26.1
2025-04-03 15:00:00,2025,4,3,15,Hà Nội,Xã Tây Phương,21.0403672,105.6115528,198,Unhealthy,3,25.5,54,0.0,15.9,145,1012.9,4,74.3,79.9,464.0,7.3,222.0,24.8
2025-04-03 16:00:00,2025,4,3,16,Hà Nội,Xã Tây Phương,21.0403672,105.6115528,198,Unhealthy,3,25.2,55,0.0,16.9,141,1012.1,0,72.9,77.8,475.0,9.9,213.0,25.4
2025-04-03 17:00:00,2025,4,3,17,Hà Nội,Xã Tây Phương,21.0403672,105.6115528,198,Unhealthy,3,24.1,60,0.0,16.4,122,1011.6,0,75.9,79.6,489.0,17.4,184.0,28.0
2025-04-03 18:00:00,2025,4,3,18,Hà Nội,Xã Tây Phương,21.0403672,105.6115528,198,Unhealthy,3,23.4,61,0.0,19.2,135,1011.6,0,81.5,84.5,507.0,28.0,143.0,32.6
2025-04-03 19:00:00,2025,4,3,19,Hà Nội,Xã Tây Phương,21.0403672,105.6115528,197,Unhealthy,3,21.8,67,0.0,17.7,141,1012.2,0,75.9,78.0,529.0,34.6,117.0,40.2
2025-04-03 20:00:00,2025,4,3,20,Hà Nội,Xã Tây Phương,21.0403672,105.6115528,195,Unhealthy,3,20.8,70,0.0,15.1,135,1013.5,62,70.3,72.2,558.0,36.3,104.0,41.4
2025-04-03 21:00:00,2025,4,3,21,Hà Nội,Xã Tây Phương,21.0403672,105.6115528,192,Unhealthy,3,19.9,74,0.0,13.2,146,1014.3,55,66.6,68.7,591.0,38.6,85.0,43.1
2025-04-03 22:00:00,2025,4,3,22,Hà Nội,Xã Tây Phương,21.0403672,105.6115528,190,Unhealthy,3,18.9,79,0.0,11.2,152,1014.7,47,68.7,71.0,612.0,40.5,69.0,43.7
2025-04-03 23:00:00,2025,4,3,23,Hà Nội,Xã Tây Phương,21.0403672,105.6115528,186,Unhealthy,3,18.2,82,0.0,12.1,155,1014.8,51,72.6,75.2,613.0,41.6,60.0,42.4
2025-04-04 00:00:00,2025,4,4,0,Hà Nội,Xã Tây Phương,21.0403672,105.6115528,183,Unhealthy,3,17.8,85,0.0,11.6,150,1014.3,24,75.2,78.0,604.0,42.4,54.0,40.2
2025-04-04 01:00:00,2025,4,4,1,Hà Nội,Xã Tây Phương,21.0403672,105.6115528,180,Unhealthy,3,17.4,87,0.0,11.3,144,1013.6,20,78.2,81.5,597.0,43.0,49.0,38.2
2025-04-04 02:00:00,2025,4,4,2,Hà Nội,Xã Tây Phương,21.0403672,105.6115528,178,Unhealthy,3,17.1,90,0.0,9.8,139,1012.8,40,82.7,86.1,593.0,43.5,44.0,36.7
2025-04-04 03:00:00,2025,4,4,3,Hà Nội,Xã Tây Phương,21.0403672,105.6115528,176,Unhealthy,3,16.7,94,0.0,7.5,127,1012.4,47,87.5,91.5,591.0,43.8,40.0,35.5
2025-04-04 04:00:00,2025,4,4,4,Hà Nội,Xã Tây Phương,21.0403672,105.6115528,174,Unhealthy,3,16.5,96,0.0,7.6,121,1012.0,25,92.0,96.4,604.0,44.4,37.0,35.5
2025-04-04 05:00:00,2025,4,4,5,Hà Nội,Xã Tây Phương,21.0403672,105.6115528,173,Unhealthy,3,16.5,97,0.0,7.1,120,1012.3,16,97.1,102.0,657.0,46.4,32.0,38.0
2025-04-04 06:00:00,2025,4,4,6,Hà Nội,Xã Tây Phương,21.0403672,105.6115528,171,Unhealthy,3,16.5,97,0.0,6.0,123,1013.0,86,104.1,109.7,726.0,48.6,28.0,41.7
2025-04-04 07:00:00,2025,4,4,7,Hà Nội,Xã Tây Phương,21.0403672,105.6115528,170,Unhealthy,3,17.9,93,0.0,9.0,134,1013.3,99,103.4,108.0,749.0,46.2,36.0,42.1
2025-04-04 08:00:00,2025,4,4,8,Hà Nội,Xã Tây Phương,21.0403672,105.6115528,168,Unhealthy,3,19.4,85,0.0,10.6,148,1015.0,38,92.4,98.0,683.0,41.1,56.0,41.2
2025-04-04 09:00:00,2025,4,4,9,Hà Nội,Xã Tây Phương,21.0403672,105.6115528,167,Unhealthy,3,21.3,75,0.0,14.2,158,1015.0,100,81.7,87.3,571.0,34.0,84.0,39.8
2025-04-04 10:00:00,2025,4,4,10,Hà Nội,Xã Tây Phương,21.0403672,105.6115528,166,Unhealthy,3,22.1,73,0.0,13.0,161,1014.7,100,73.1,77.5,483.0,28.3,106.0,38.5
2025-04-04 11:00:00,2025,4,4,11,Hà Nội,Xã Tây Phương,21.0403672,105.6115528,164,Unhealthy,3,22.8,72,0.0,14.3,149,1014.0,94,73.3,76.8,449.0,25.2,116.0,37.2
2025-04-04 12:00:00,2025,4,4,12,Hà Nội,Xã Tây Phương,21.0403672,105.6115528,164,Unhealthy,3,24.1,67,0.0,15.8,154,1012.8,100,78.9,82.2,440.0,23.5,120.0,35.8
2025-04-04 13:00:00,2025,4,4,13,Hà Nội,Xã Tây Phương,21.0403672,105.6115528,163,Unhealthy,3,25.0,65,0.0,14.8,148,1011.4,97,75.9,78.7,435.0,22.4,124.0,34.7
2025-04-04 14:00:00,2025,4,4,14,Hà Nội,Xã Tây Phương,21.0403672,105.6115528,163,Unhealthy,3,24.9,67,0.0,18.3,140,1009.7,49,74.0,76.4,430.0,21.2,131.0,33.9
2025-04-04 15:00:00,2025,4,4,15,Hà Nội,Xã Tây Phương,21.0403672,105.6115528,163,Unhealthy,3,25.9,65,0.0,22.5,148,1008.2,25,72.6,74.5,430.0,20.6,137.0,33.4
2025-04-04 16:00:00,2025,4,4,16,Hà Nội,Xã Tây Phương,21.0403672,105.6115528,163,Unhealthy,3,25.5,67,0.0,23.7,142,1007.4,20,71.7,73.3,431.0,21.8,136.0,33.5
2025-04-04 17:00:00,2025,4,4,17,Hà Nội,Xã Tây Phương,21.0403672,105.6115528,163,Unhealthy,3,24.5,71,0.0,23.2,142,1007.4,12,71.9,72.9,434.0,26.5,122.0,34.8
2025-04-04 18:00:00,2025,4,4,18,Hà Nội,Xã Tây Phương,21.0403672,105.6115528,163,Unhealthy,3,23.2,75,0.0,20.3,144,1007.7,9,70.5,71.5,440.0,33.1,101.0,36.6
2025-04-04 19:00:00,2025,4,4,19,Hà Nội,Xã Tây Phương,21.0403672,105.6115528,163,Unhealthy,3,22.4,79,0.0,20.4,144,1008.4,27,61.2,62.2,443.0,34.9,82.0,36.0
2025-04-04 20:00:00,2025,4,4,20,Hà Nội,Xã Tây Phương,21.0403672,105.6115528,162,Unhealthy,3,21.9,81,0.0,18.4,145,1009.8,4,59.1,60.8,442.0,34.3,76.0,35.7
2025-04-04 21:00:00,2025,4,4,21,Hà Nội,Xã Tây Phương,21.0403672,105.6115528,162,Unhealthy,3,21.1,86,0.0,17.4,148,1010.6,22,59.5,61.7,439.0,33.5,68.0,35.2
2025-04-04 22:00:00,2025,4,4,22,Hà Nội,Xã Tây Phương,21.0403672,105.6115528,162,Unhealthy,3,20.7,89,0.0,14.5,146,1011.5,43,61.9,65.0,437.0,33.3,61.0,34.6
2025-04-04 23:00:00,2025,4,4,23,Hà Nội,Xã Tây Phương,21.0403672,105.6115528,162,Unhealthy,3,20.3,92,0.0,12.2,137,1012.1,69,64.0,67.3,440.0,34.2,55.0,33.9
2025-04-05 00:00:00,2025,4,5,0,Hà Nội,Xã Tây Phương,21.0403672,105.6115528,162,Unhealthy,3,20.2,93,0.0,11.6,125,1011.8,100,65.4,69.2,444.0,35.6,51.0,33.2
2025-04-05 01:00:00,2025,4,5,1,Hà Nội,Xã Tây Phương,21.0403672,105.6115528,161,Unhealthy,3,20.4,92,0.0,10.4,118,1011.7,100,66.8,70.8,443.0,36.7,47.0,32.6
2025-04-05 02:00:00,2025,4,5,2,Hà Nội,Xã Tây Phương,21.0403672,105.6115528,161,Unhealthy,3,20.4,92,0.0,9.4,110,1011.6,100,68.5,72.6,427.0,36.9,45.0,31.9
2025-04-05 03:00:00,2025,4,5,3,Hà Nội,Xã Tây Phương,21.0403672,105.6115528,161,Unhealthy,3,20.4,92,0.1,9.7,106,1011.3,100,68.5,72.9,407.0,36.9,44.0,31.4
2025-04-05 04:00:00,2025,4,5,4,Hà Nội,Xã Tây Phương,21.0403672,105.6115528,160,Unhealthy,3,20.2,93,0.1,8.1,94,1011.5,100,68.0,72.4,409.0,37.6,42.0,31.4
2025-04-05 05:00:00,2025,4,5,5,Hà Nội,Xã Tây Phương,21.0403672,105.6115528,160,Unhealthy,3,20.1,94,0.2,5.5,103,1012.4,100,68.0,72.4,452.0,40.1,38.0,32.3
2025-04-05 06:00:00,2025,4,5,6,Hà Nội,Xã Tây Phương,21.0403672,105.6115528,159,Unhealthy,3,20.1,94,0.3,7.8,127,1012.7,100,69.4,73.6,518.0,43.4,34.0,33.8
2025-04-05 07:00:00,2025,4,5,7,Hà Nội,Xã Tây Phương,21.0403672,105.6115528,159,Unhealthy,3,20.2,96,1.0,5.2,134,1013.4,100,85.2,91.0,577.0,47.3,28.0,40.5
2025-04-05 08:00:00,2025,4,5,8,Hà Nội,Xã Tây Phương,21.0403672,105.6115528,158,Unhealthy,3,20.6,91,0.2,4.8,117,1015.0,100,88.0,94.1,626.0,48.4,29.0,45.0
2025-04-05 09:00:00,2025,4,5,9,Hà Nội,Xã Tây Phương,21.0403672,105.6115528,158,Unhealthy,3,21.3,87,0.2,5.2,110,1015.7,100,85.7,92.0,669.0,49.9,30.0,51.2
2025-04-05 10:00:00,2025,4,5,10,Hà Nội,Xã Tây Phương,21.0403672,105.6115528,158,Unhealthy,3,22.1,82,0.1,8.4,113,1015.6,100,88.0,95.0,687.0,50.5,33.0,55.9
2025-04-05 11:00:00,2025,4,5,11,Hà Nội,Xã Tây Phương,21.0403672,105.6115528,158,Unhealthy,3,22.5,79,0.0,8.5,118,1015.0,100,89.6,96.6,664.0,49.7,40.0,58.3
2025-04-05 12:00:00,2025,4,5,12,Hà Nội,Xã Tây Phương,21.0403672,105.6115528,159,Unhealthy,3,22.5,79,0.1,7.4,124,1014.1,100,86.6,94.3,616.0,48.0,49.0,59.3
2025-04-05 13:00:00,2025,4,5,13,Hà Nội,Xã Tây Phương,21.0403672,105.6115528,159,Unhealthy,3,22.8,78,0.1,7.3,121,1013.0,100,84.8,92.2,569.0,46.3,58.0,58.3
2025-04-05 14:00:00,2025,4,5,14,Hà Nội,Xã Tây Phương,21.0403672,105.6115528,159,Unhealthy,3,23.1,76,0.0,7.9,129,1011.8,100,81.5,88.9,518.0,43.2,68.0,53.6
2025-04-05 15:00:00,2025,4,5,15,Hà Nội,Xã Tây Phương,21.0403672,105.6115528,159,Unhealthy,3,23.5,74,0.0,10.6,134,1010.5,96,84.1,91.3,468.0,40.0,77.0,47.0
2025-04-05 16:00:00,2025,4,5,16,Hà Nội,Xã Tây Phương,21.0403672,105.6115528,160,Unhealthy,3,24.2,71,0.0,10.9,130,1010.0,100,84.3,91.3,456.0,41.3,79.0,43.2
2025-04-05 17:00:00,2025,4,5,17,Hà Nội,Xã Tây Phương,21.0403672,105.6115528,160,Unhealthy,3,23.5,75,0.0,9.8,144,1010.1,100,92.9,99.4,510.0,50.8,67.0,44.2
2025-04-05 18:00:00,2025,4,5,18,Hà Nội,Xã Tây Phương,21.0403672,105.6115528,160,Unhealthy,3,22.8,82,0.0,6.7,183,1011.0,100,106.6,112.7,602.0,64.8,46.0,48.1
2025-04-05 19:00:00,2025,4,5,19,Hà Nội,Xã Tây Phương,21.0403672,105.6115528,161,Unhealthy,3,22.1,85,0.0,6.6,189,1011.6,100,114.3,120.1,685.0,71.6,31.0,57.6
2025-04-05 20:00:00,2025,4,5,20,Hà Nội,Xã Tây Phương,21.0403672,105.6115528,162,Unhealthy,3,22.0,88,0.0,0.9,233,1012.8,100,127.6,133.2,745.0,78.4,23.0,63.8
2025-04-05 21:00:00,2025,4,5,21,Hà Nội,Xã Tây Phương,21.0403672,105.6115528,164,Unhealthy,3,21.8,88,0.0,1.5,120,1013.6,100,146.7,152.7,796.0,87.7,11.0,72.1
2025-04-05 22:00:00,2025,4,5,22,Hà Nội,Xã Tây Phương,21.0403672,105.6115528,166,Unhealthy,3,21.5,89,0.1,3.1,173,1014.1,100,158.3,164.8,833.0,93.6,3.0,77.4
2025-04-05 23:00:00,2025,4,5,23,Hà Nội,Xã Tây Phương,21.0403672,105.6115528,168,Unhealthy,3,21.3,91,0.9,3.1,180,1014.0,100,160.2,166.7,852.0,92.9,1.0,76.3
2025-04-06 00:00:00,2025,4,6,0,Hà Nội,Xã Tây Phương,21.0403672,105.6115528,170,Unhealthy,3,21.1,93,1.0,2.2,185,1013.7,100,153.2,159.3,857.0,88.9,1.0,72.1
2025-04-06 01:00:00,2025,4,6,1,Hà Nội,Xã Tây Phương,21.0403672,105.6115528,172,Unhealthy,3,21.1,93,0.5,1.3,180,1013.0,100,153.2,159.3,857.0,85.6,2.0,69.7
2025-04-06 02:00:00,2025,4,6,2,Hà Nội,Xã Tây Phương,21.0403672,105.6115528,174,Unhealthy,3,21.0,93,0.0,2.0,175,1012.7,100,157.9,163.9,847.0,84.6,1.0,71.0
2025-04-06 03:00:00,2025,4,6,3,Hà Nội,Xã Tây Phương,21.0403672,105.6115528,176,Unhealthy,3,20.8,94,1.0,3.6,171,1012.3,100,156.9,163.0,831.0,84.3,1.0,74.0
2025-04-06 04:00:00,2025,4,6,4,Hà Nội,Xã Tây Phương,21.0403672,105.6115528,178,Unhealthy,3,20.5,96,0.0,3.5,165,1012.2,100,155.5,162.1,830.0,83.7,1.0,77.9
2025-04-06 05:00:00,2025,4,6,5,Hà Nội,Xã Tây Phương,21.0403672,105.6115528,180,Unhealthy,3,20.5,97,0.0,3.1,159,1012.4,100,160.2,166.7,876.0,83.4,1.0,83.7
2025-04-06 06:00:00,2025,4,6,6,Hà Nội,Xã Tây Phương,21.0403672,105.6115528,182,Unhealthy,3,20.5,98,0.0,1.5,126,1013.2,100,167.6,174.2,937.0,82.9,2.0,90.2
2025-04-06 07:00:00,2025,4,6,7,Hà Nội,Xã Tây Phương,21.0403672,105.6115528,184,Unhealthy,3,20.7,97,0.0,3.9,124,1014.1,100,197.9,204.4,931.0,83.0,4.0,87.9
2025-04-06 08:00:00,2025,4,6,8,Hà Nội,Xã Tây Phương,21.0403672,105.6115528,186,Unhealthy,3,22.0,91,0.0,4.2,168,1015.3,100,169.5,175.6,791.0,74.7,17.0,84.2
2025-04-06 09:00:00,2025,4,6,9,Hà Nội,Xã Tây Phương,21.0403672,105.6115528,188,Unhealthy,3,23.1,81,0.0,7.1,170,1015.6,100,131.3,138.8,585.0,63.0,37.0,78.7
2025-04-06 10:00:00,2025,4,6,10,Hà Nội,Xã Tây Phương,21.0403672,105.6115528,189,Unhealthy,3,24.5,71,0.0,13.3,153,1015.4,98,115.7,123.4,431.0,52.2,57.0,72.0
2025-04-06 11:00:00,2025,4,6,11,Hà Nội,Xã Tây Phương,21.0403672,105.6115528,190,Unhealthy,3,25.2,68,0.1,14.0,150,1015.0,100,107.3,114.3,386.0,43.4,79.0,63.1
2025-04-06 12:00:00,2025,4,6,12,Hà Nội,Xã Tây Phương,21.0403672,105.6115528,190,Unhealthy,3,25.5,68,0.0,13.6,154,1014.2,100,92.7,97.8,394.0,35.6,101.0,53.0
2025-04-06 13:00:00,2025,4,6,13,Hà Nội,Xã Tây Phương,21.0403672,105.6115528,190,Unhealthy,3,25.7,67,0.0,12.6,142,1012.7,100,93.8,98.0,407.0,29.6,121.0,44.7
2025-04-06 14:00:00,2025,4,6,14,Hà Nội,Xã Tây Phương,21.0403672,105.6115528,190,Unhealthy,3,26.2,65,0.0,11.8,144,1011.4,100,89.6,92.7,406.0,25.0,139.0,39.1
2025-04-06 15:00:00,2025,4,6,15,Hà Nội,Xã Tây Phương,21.0403672,105.6115528,190,Unhealthy,3,26.2,66,0.0,10.8,147,1010.6,100,81.5,83.8,410.0,22.4,154.0,35.3
2025-04-06 16:00:00,2025,4,6,16,Hà Nội,Xã Tây Phương,21.0403672,105.6115528,190,Unhealthy,3,25.8,69,0.0,12.0,141,1009.9,100,74.5,76.1,427.0,24.0,156.0,33.9
2025-04-06 17:00:00,2025,4,6,17,Hà Nội,Xã Tây Phương,21.0403672,105.6115528,190,Unhealthy,3,25.1,74,0.0,13.6,137,1010.2,100,74.3,75.4,471.0,33.6,136.0,36.3
2025-04-06 18:00:00,2025,4,6,18,Hà Nội,Xã Tây Phương,21.0403672,105.6115528,190,Unhealthy,3,24.0,81,0.0,11.7,136,1011.0,100,83.4,84.3,529.0,47.4,103.0,41.0
2025-04-06 19:00:00,2025,4,6,19,Hà Nội,Xã Tây Phương,21.0403672,105.6115528,189,Unhealthy,3,23.2,85,0.0,9.9,138,1012.2,100,93.1,94.1,564.0,59.6,65.0,44.9
2025-04-06 20:00:00,2025,4,6,20,Hà Nội,Xã Tây Phương,21.0403672,105.6115528,189,Unhealthy,3,22.1,90,0.0,10.3,136,1013.3,100,89.6,90.3,557.0,59.8,56.0,45.5
2025-04-06 21:00:00,2025,4,6,21,Hà Nội,Xã Tây Phương,21.0403672,105.6115528,188,Unhealthy,3,22.0,90,0.0,10.0,139,1014.3,100,86.4,86.8,528.0,59.9,43.0,46.4
2025-04-06 22:00:00,2025,4,6,22,Hà Nội,Xã Tây Phương,21.0403672,105.6115528,187,Unhealthy,3,21.5,91,0.0,9.0,142,1015.0,98,78.2,78.7,501.0,59.2,33.0,46.3
2025-04-06 23:00:00,2025,4,6,23,Hà Nội,Xã Tây Phương,21.0403672,105.6115528,185,Unhealthy,3,21.0,92,0.0,8.6,143,1014.9,51,70.3,70.8,483.0,57.1,29.0,44.6
2025-04-07 00:00:00,2025,4,7,0,Hà Nội,Xã Tây Phương,21.0403672,105.6115528,183,Unhealthy,3,20.4,94,0.0,9.6,154,1014.4,97,63.6,64.0,467.0,54.2,28.0,42.1
2025-04-07 01:00:00,2025,4,7,1,Hà Nội,Xã Tây Phương,21.0403672,105.6115528,181,Unhealthy,3,20.1,95,0.0,11.8,157,1014.1,88,60.1,60.5,453.0,51.2,29.0,40.0
2025-04-07 02:00:00,2025,4,7,2,Hà Nội,Xã Tây Phương,21.0403672,105.6115528,179,Unhealthy,3,20.0,95,0.0,11.0,152,1013.8,100,59.8,60.3,435.0,47.7,31.0,38.5
2025-04-07 03:00:00,2025,4,7,3,Hà Nội,Xã Tây Phương,21.0403672,105.6115528,177,Unhealthy,3,20.1,93,0.0,9.5,144,1013.5,100,61.2,61.7,418.0,44.0,35.0,37.4
2025-04-07 04:00:00,2025,4,7,4,Hà Nội,Xã Tây Phương,21.0403672,105.6115528,175,Unhealthy,3,20.1,93,0.0,9.3,140,1013.5,100,64.0,64.5,419.0,41.9,37.0,37.4
2025-04-07 05:00:00,2025,4,7,5,Hà Nội,Xã Tây Phương,21.0403672,105.6115528,173,Unhealthy,3,20.2,93,0.0,8.9,135,1014.1,100,68.2,68.7,454.0,43.2,35.0,39.3
2025-04-07 06:00:00,2025,4,7,6,Hà Nội,Xã Tây Phương,21.0403672,105.6115528,171,Unhealthy,3,20.2,93,0.0,8.3,132,1014.4,100,72.9,73.3,508.0,46.1,32.0,42.2
2025-04-07 07:00:00,2025,4,7,7,Hà Nội,Xã Tây Phương,21.0403672,105.6115528,169,Unhealthy,3,20.4,93,0.0,7.7,131,1015.3,100,78.0,78.7,548.0,47.3,37.0,45.8
2025-04-07 08:00:00,2025,4,7,8,Hà Nội,Xã Tây Phương,21.0403672,105.6115528,166,Unhealthy,3,20.5,95,1.5,8.0,142,1016.6,100,76.1,76.8,563.0,44.9,45.0,46.4
2025-04-07 09:00:00,2025,4,7,9,Hà Nội,Xã Tây Phương,21.0403672,105.6115528,164,Unhealthy,3,21.0,92,0.3,7.0,134,1017.3,100,70.8,71.7,566.0,41.3,56.0,47.0
2025-04-07 10:00:00,2025,4,7,10,Hà Nội,Xã Tây Phương,21.0403672,105.6115528,163,Unhealthy,3,21.6,88,0.1,8.9,128,1017.0,100,69.6,70.3,560.0,37.3,69.0,46.0
2025-04-07 11:00:00,2025,4,7,11,Hà Nội,Xã Tây Phương,21.0403672,105.6115528,162,Unhealthy,3,22.8,84,0.1,9.5,134,1016.4,100,71.5,72.2,541.0,32.4,86.0,41.9
2025-04-07 12:00:00,2025,4,7,12,Hà Nội,Xã Tây Phương,21.0403672,105.6115528,161,Unhealthy,3,24.4,77,0.1,9.4,148,1015.3,100,71.9,72.6,515.0,27.1,106.0,36.3
2025-04-07 13:00:00,2025,4,7,13,Hà Nội,Xã Tây Phương,21.0403672,105.6115528,160,Unhealthy,3,25.0,74,0.0,9.9,143,1013.6,100,78.5,79.2,501.0,23.3,122.0,32.1
2025-04-07 14:00:00,2025,4,7,14,Hà Nội,Xã Tây Phương,21.0403672,105.6115528,160,Unhealthy,3,25.1,74,0.0,11.6,148,1012.3,100,82.4,83.4,506.0,20.1,136.0,29.9
2025-04-07 15:00:00,2025,4,7,15,Hà Nội,Xã Tây Phương,21.0403672,105.6115528,160,Unhealthy,3,25.4,73,0.0,12.5,157,1011.8,100,90.8,91.7,524.0,18.5,146.0,29.0
2025-04-07 16:00:00,2025,4,7,16,Hà Nội,Xã Tây Phương,21.0403672,105.6115528,160,Unhealthy,3,24.9,77,0.0,12.6,144,1011.4,100,94.3,95.2,555.0,23.2,144.0,30.8
2025-04-07 17:00:00,2025,4,7,17,Hà Nội,Xã Tây Phương,21.0403672,105.6115528,160,Unhealthy,3,24.5,79,0.0,12.2,147,1011.6,96,101.5,102.2,615.0,40.6,120.0,37.1
2025-04-07 18:00:00,2025,4,7,18,Hà Nội,Xã Tây Phương,21.0403672,105.6115528,161,Unhealthy,3,23.9,84,0.0,10.5,147,1012.4,100,125.7,126.7,688.0,64.3,83.0,46.1
2025-04-07 19:00:00,2025,4,7,19,Hà Nội,Xã Tây Phương,21.0403672,105.6115528,162,Unhealthy,3,23.0,88,0.0,7.9,137,1013.5,100,122.0,122.5,731.0,64.5,65.0,46.2
2025-04-07 20:00:00,2025,4,7,20,Hà Nội,Xã Tây Phương,21.0403672,105.6115528,163,Unhealthy,3,22.4,90,0.0,9.8,139,1014.1,74,126.2,127.1,713.0,65.6,56.0,50.1
2025-04-07 21:00:00,2025,4,7,21,Hà Nội,Xã Tây Phương,21.0403672,105.6115528,163,Unhealthy,3,22.0,91,0.0,9.4,142,1014.9,97,125.3,125.7,663.0,67.0,44.0,55.4
2025-04-07 22:00:00,2025,4,7,22,Hà Nội,Xã Tây Phương,21.0403672,105.6115528,164,Unhealthy,3,21.4,94,0.0,9.5,151,1015.8,42,123.4,123.9,628.0,67.4,33.0,58.1
2025-04-07 23:00:00,2025,4,7,23,Hà Nội,Xã Tây Phương,21.0403672,105.6115528,165,Unhealthy,3,21.0,94,0.0,10.2,154,1015.7,10,118.0,118.7,627.0,66.0,27.0,55.9
2025-04-08 00:00:00,2025,4,8,0,Hà Nội,Xã Tây Phương,21.0403672,105.6115528,166,Unhealthy,3,20.5,96,0.0,10.0,154,1015.0,39,108.5,109.2,641.0,63.7,23.0,51.1
2025-04-08 01:00:00,2025,4,8,1,Hà Nội,Xã Tây Phương,21.0403672,105.6115528,167,Unhealthy,3,20.2,97,0.0,9.0,145,1014.3,27,103.4,104.1,652.0,61.7,19.0,47.0
2025-04-08 02:00:00,2025,4,8,2,Hà Nội,Xã Tây Phương,21.0403672,105.6115528,168,Unhealthy,3,19.8,98,0.0,9.5,136,1013.6,40,103.4,104.1,653.0,61.0,15.0,44.5
2025-04-08 03:00:00,2025,4,8,3,Hà Nội,Xã Tây Phương,21.0403672,105.6115528,169,Unhealthy,3,19.6,98,0.0,10.7,139,1013.0,88,105.5,106.2,651.0,60.6,12.0,42.7
2025-04-08 04:00:00,2025,4,8,4,Hà Nội,Xã Tây Phương,21.0403672,105.6115528,170,Unhealthy,3,19.4,99,0.0,8.7,143,1013.1,100,107.8,108.5,655.0,59.3,11.0,41.7
2025-04-08 05:00:00,2025,4,8,5,Hà Nội,Xã Tây Phương,21.0403672,105.6115528,171,Unhealthy,3,19.4,99,0.0,8.3,141,1013.6,100,112.0,112.7,678.0,56.5,11.0,42.0
2025-04-08 06:00:00,2025,4,8,6,Hà Nội,Xã Tây Phương,21.0403672,105.6115528,172,Unhealthy,3,19.5,99,0.0,6.5,138,1014.2,100,120.1,120.6,708.0,52.7,12.0,43.1
2025-04-08 07:00:00,2025,4,8,7,Hà Nội,Xã Tây Phương,21.0403672,105.6115528,173,Unhealthy,3,20.1,97,0.0,7.8,136,1015.1,100,120.1,121.1,711.0,45.9,24.0,44.7
2025-04-08 08:00:00,2025,4,8,8,Hà Nội,Xã Tây Phương,21.0403672,105.6115528,174,Unhealthy,3,21.5,91,0.0,7.6,137,1016.1,100,112.7,113.6,663.0,42.6,35.0,44.0
2025-04-08 09:00:00,2025,4,8,9,Hà Nội,Xã Tây Phương,21.0403672,105.6115528,175,Unhealthy,3,22.7,87,0.0,8.2,148,1016.1,100,104.8,105.9,590.0,37.9,51.0,42.8
2025-04-08 10:00:00,2025,4,8,10,Hà Nội,Xã Tây Phương,21.0403672,105.6115528,176,Unhealthy,3,24.1,81,0.0,7.2,167,1015.9,100,98.7,99.9,532.0,33.8,67.0,41.4
2025-04-08 11:00:00,2025,4,8,11,Hà Nội,Xã Tây Phương,21.0403672,105.6115528,176,Unhealthy,3,25.6,76,0.1,7.7,179,1015.3,100,94.3,95.5,508.0,30.8,81.0,39.4
2025-04-08 12:00:00,2025,4,8,12,Hà Nội,Xã Tây Phương,21.0403672,105.6115528,177,Unhealthy,3,27.0,71,0.0,6.5,183,1014.0,100,89.9,91.0,500.0,28.3,94.0,37.0
2025-04-08 13:00:00,2025,4,8,13,Hà Nội,Xã Tây Phương,21.0403672,105.6115528,177,Unhealthy,3,27.6,70,0.0,5.4,182,1012.5,100,98.3,99.4,497.0,26.2,105.0,35.2
2025-04-08 14:00:00,2025,4,8,14,Hà Nội,Xã Tây Phương,21.0403672,105.6115528,178,Unhealthy,3,27.8,71,0.0,6.3,145,1011.1,100,99.4,100.6,495.0,23.3,117.0,33.8
2025-04-08 15:00:00,2025,4,8,15,Hà Nội,Xã Tây Phương,21.0403672,105.6115528,178,Unhealthy,3,28.1,71,0.0,11.2,128,1009.9,76,86.4,87.3,499.0,20.8,128.0,32.9
2025-04-08 16:00:00,2025,4,8,16,Hà Nội,Xã Tây Phương,21.0403672,105.6115528,178,Unhealthy,3,27.4,75,0.0,16.2,127,1009.4,77,77.8,78.7,513.0,21.6,128.0,33.4
2025-04-08 17:00:00,2025,4,8,17,Hà Nội,Xã Tây Phương,21.0403672,105.6115528,177,Unhealthy,3,26.9,77,0.0,15.8,126,1009.6,61,71.0,71.9,548.0,28.9,109.0,36.7
2025-04-08 18:00:00,2025,4,8,18,Hà Nội,Xã Tây Phương,21.0403672,105.6115528,177,Unhealthy,3,25.4,84,0.0,15.7,112,1010.4,96,74.0,74.7,591.0,39.6,80.0,41.4
2025-04-08 19:00:00,2025,4,8,19,Hà Nội,Xã Tây Phương,21.0403672,105.6115528,176,Unhealthy,3,24.4,89,0.0,15.3,120,1011.4,70,64.7,65.4,614.0,46.2,53.0,44.5
2025-04-08 20:00:00,2025,4,8,20,Hà Nội,Xã Tây Phương,21.0403672,105.6115528,174,Unhealthy,3,24.0,91,0.0,14.8,131,1012.3,79,53.9,54.5,596.0,45.2,47.0,43.4
2025-04-08 21:00:00,2025,4,8,21,Hà Nội,Xã Tây Phương,21.0403672,105.6115528,173,Unhealthy,3,23.6,94,0.0,15.3,140,1013.0,91,48.0,48.7,557.0,43.8,38.0,41.7
2025-04-08 22:00:00,2025,4,8,22,Hà Nội,Xã Tây Phương,21.0403672,105.6115528,171,Unhealthy,3,23.0,97,0.0,13.9,144,1013.3,100,46.2,47.0,522.0,42.6,31.0,39.8
2025-04-08 23:00:00,2025,4,8,23,Hà Nội,Xã Tây Phương,21.0403672,105.6115528,169,Unhealthy,3,22.8,98,0.0,12.5,137,1013.3,95,46.6,47.5,499.0,42.0,28.0,37.7
2025-04-09 00:00:00,2025,4,9,0,Hà Nội,Xã Tây Phương,21.0403672,105.6115528,168,Unhealthy,3,22.6,98,0.0,12.1,134,1012.6,100,50.4,51.3,481.0,41.7,26.0,35.4
2025-04-09 01:00:00,2025,4,9,1,Hà Nội,Xã Tây Phương,21.0403672,105.6115528,167,Unhealthy,3,22.5,98,0.0,12.0,136,1011.7,100,59.8,60.8,467.0,41.0,25.0,32.9
2025-04-09 02:00:00,2025,4,9,2,Hà Nội,Xã Tây Phương,21.0403672,105.6115528,166,Unhealthy,3,22.5,98,0.0,12.4,137,1010.9,100,71.2,72.4,461.0,39.5,23.0,29.6
2025-04-09 03:00:00,2025,4,9,3,Hà Nội,Xã Tây Phương,21.0403672,105.6115528,165,Unhealthy,3,22.5,98,0.0,12.1,137,1010.1,100,80.3,81.5,461.0,37.6,20.0,26.2
2025-04-09 04:00:00,2025,4,9,4,Hà Nội,Xã Tây Phương,21.0403672,105.6115528,164,Unhealthy,3,22.5,97,0.0,12.7,140,1009.7,100,85.2,86.4,457.0,36.0,19.0,24.1
2025-04-09 05:00:00,2025,4,9,5,Hà Nội,Xã Tây Phương,21.0403672,105.6115528,164,Unhealthy,3,22.5,97,0.0,10.6,140,1010.1,100,87.3,88.5,446.0,35.2,18.0,24.6
2025-04-09 06:00:00,2025,4,9,6,Hà Nội,Xã Tây Phương,21.0403672,105.6115528,163,Unhealthy,3,22.5,97,0.0,10.1,134,1010.6,100,86.8,88.0,433.0,34.8,19.0,26.5
2025-04-09 07:00:00,2025,4,9,7,Hà Nội,Xã Tây Phương,21.0403672,105.6115528,163,Unhealthy,3,22.8,96,0.0,11.9,142,1011.3,100,85.9,87.5,420.0,33.8,22.0,24.0
2025-04-09 08:00:00,2025,4,9,8,Hà Nội,Xã Tây Phương,21.0403672,105.6115528,162,Unhealthy,3,23.8,88,0.0,13.8,154,1012.1,100,75.0,76.6,407.0,31.8,30.0,24.5
2025-04-09 09:00:00,2025,4,9,9,Hà Nội,Xã Tây Phương,21.0403672,105.6115528,161,Unhealthy,3,24.5,84,0.0,14.7,157,1012.6,100,66.4,67.8,394.0,29.0,42.0,25.2
2025-04-09 10:00:00,2025,4,9,10,Hà Nội,Xã Tây Phương,21.0403672,105.6115528,160,Unhealthy,3,26.0,77,0.1,16.2,159,1012.0,100,62.4,63.6,388.0,26.2,55.0,25.7
2025-04-09 11:00:00,2025,4,9,11,Hà Nội,Xã Tây Phương,21.0403672,105.6115528,159,Unhealthy,3,26.7,75,0.0,16.5,162,1011.3,100,57.2,58.3,396.0,23.5,69.0,25.6
2025-04-09 12:00:00,2025,4,9,12,Hà Nội,Xã Tây Phương,21.0403672,105.6115528,159,Unhealthy,3,27.7,71,0.0,16.8,159,1009.8,100,54.9,56.0,412.0,20.7,85.0,25.2
2025-04-09 13:00:00,2025,4,9,13,Hà Nội,Xã Tây Phương,21.0403672,105.6115528,158,Unhealthy,3,28.6,69,0.0,15.9,148,1008.1,100,55.1,56.0,422.0,18.3,100.0,25.0
2025-04-09 14:00:00,2025,4,9,14,Hà Nội,Xã Tây Phương,21.0403672,105.6115528,157,Unhealthy,3,28.8,69,0.0,14.9,139,1006.7,99,56.5,57.4,419.0,15.8,119.0,25.1
2025-04-09 15:00:00,2025,4,9,15,Hà Nội,Xã Tây Phương,21.0403672,105.6115528,156,Unhealthy,3,28.6,70,0.0,17.1,132,1005.5,99,55.9,56.8,410.0,13.7,137.0,25.5
2025-04-09 16:00:00,2025,4,9,16,Hà Nội,Xã Tây Phương,21.0403672,105.6115528,155,Unhealthy,3,28.1,72,0.0,18.8,137,1004.9,94,52.9,53.8,411.0,14.1,143.0,26.6
2025-04-09 17:00:00,2025,4,9,17,Hà Nội,Xã Tây Phương,21.0403672,105.6115528,155,Unhealthy,3,27.5,75,0.0,18.2,141,1004.7,60,51.3,51.9,433.0,19.2,128.0,29.1
2025-04-09 18:00:00,2025,4,9,18,Hà Nội,Xã Tây Phương,21.0403672,105.6115528,154,Unhealthy,3,26.0,80,0.0,18.9,143,1005.2,100,49.6,50.2,464.0,26.8,101.0,32.4
2025-04-09 19:00:00,2025,4,9,19,Hà Nội,Xã Tây Phương,21.0403672,105.6115528,154,Unhealthy,3,25.1,83,0.0,18.4,148,1006.1,99,50.9,52.0,483.0,32.5,77.0,35.2
2025-04-09 20:00:00,2025,4,9,20,Hà Nội,Xã Tây Phương,21.0403672,105.6115528,153,Unhealthy,3,24.5,86,0.0,17.7,147,1007.0,95,46.7,47.8,478.0,33.0,68.0,35.4
2025-04-09 21:00:00,2025,4,9,21,Hà Nội,Xã Tây Phương,21.0403672,105.6115528,153,Unhealthy,3,23.8,91,0.0,18.8,146,1007.6,98,45.1,46.3,460.0,33.7,54.0,35.4
2025-04-09 22:00:00,2025,4,9,22,Hà Nội,Xã Tây Phương,21.0403672,105.6115528,153,Unhealthy,3,23.5,93,0.0,18.1,147,1008.2,100,46.7,48.1,442.0,34.1,44.0,34.6
2025-04-09 23:00:00,2025,4,9,23,Hà Nội,Xã Tây Phương,21.0403672,105.6115528,153,Unhealthy,3,23.6,93,0.0,16.7,142,1008.0,100,53.0,54.5,427.0,33.7,39.0,31.9
2025-04-10 00:00:00,2025,4,10,0,Hà Nội,Xã Tây Phương,21.0403672,105.6115528,153,Unhealthy,3,23.5,93,0.0,13.4,130,1007.5,100,56.8,58.3,411.0,33.0,37.0,28.3
2025-04-10 01:00:00,2025,4,10,1,Hà Nội,Xã Tây Phương,21.0403672,105.6115528,154,Unhealthy,3,23.5,94,0.0,12.4,120,1007.4,100,61.7,63.3,402.0,32.7,35.0,25.6
2025-04-10 02:00:00,2025,4,10,2,Hà Nội,Xã Tây Phương,21.0403672,105.6115528,154,Unhealthy,3,23.2,94,0.0,13.0,125,1006.5,100,65.9,67.3,396.0,32.9,32.0,24.1
2025-04-10 03:00:00,2025,4,10,3,Hà Nội,Xã Tây Phương,21.0403672,105.6115528,153,Unhealthy,3,23.0,95,0.0,12.2,131,1005.9,100,69.2,70.8,396.0,33.4,28.0,23.5
2025-04-10 04:00:00,2025,4,10,4,Hà Nội,Xã Tây Phương,21.0403672,105.6115528,153,Unhealthy,3,22.9,96,0.0,10.8,132,1005.8,100,68.5,69.8,415.0,34.6,24.0,24.6
2025-04-10 05:00:00,2025,4,10,5,Hà Nội,Xã Tây Phương,21.0403672,105.6115528,153,Unhealthy,3,22.8,96,0.0,9.7,137,1005.9,100,68.9,70.3,473.0,37.3,19.0,28.6
2025-04-10 06:00:00,2025,4,10,6,Hà Nội,Xã Tây Phương,21.0403672,105.6115528,152,Unhealthy,3,22.8,96,0.0,8.4,143,1006.4,100,72.9,74.3,549.0,40.6,14.0,34.2
2025-04-10 07:00:00,2025,4,10,7,Hà Nội,Xã Tây Phương,21.0403672,105.6115528,152,Unhealthy,3,22.9,95,0.0,9.5,141,1007.2,100,53.8,54.6,596.0,40.9,19.0,42.0
2025-04-10 08:00:00,2025,4,10,8,Hà Nội,Xã Tây Phương,21.0403672,105.6115528,151,Unhealthy,3,23.2,91,0.0,6.4,140,1008.5,100,51.0,51.7,586.0,38.3,27.0,41.0
2025-04-10 09:00:00,2025,4,10,9,Hà Nội,Xã Tây Phương,21.0403672,105.6115528,151,Unhealthy,3,23.6,89,0.0,5.7,148,1008.5,100,48.0,48.5,547.0,34.6,39.0,39.6
2025-04-10 10:00:00,2025,4,10,10,Hà Nội,Xã Tây Phương,21.0403672,105.6115528,151,Unhealthy,3,24.6,85,0.0,5.7,143,1008.0,100,49.8,50.5,513.0,31.0,54.0,37.8
2025-04-10 11:00:00,2025,4,10,11,Hà Nội,Xã Tây Phương,21.0403672,105.6115528,150,Unhealthy for Sensitive Groups,2,25.5,82,0.0,6.6,133,1007.6,100,56.5,57.3,491.0,27.7,74.0,35.3
2025-04-10 12:00:00,2025,4,10,12,Hà Nội,Xã Tây Phương,21.0403672,105.6115528,150,Unhealthy for Sensitive Groups,2,26.6,77,0.1,8.1,125,1006.3,100,60.3,61.2,474.0,24.4,98.0,32.3
2025-04-10 13:00:00,2025,4,10,13,Hà Nội,Xã Tây Phương,21.0403672,105.6115528,150,Unhealthy for Sensitive Groups,2,27.9,71,0.0,10.1,125,1004.9,99,68.0,68.9,470.0,21.9,119.0,29.9
2025-04-10 14:00:00,2025,4,10,14,Hà Nội,Xã Tây Phương,21.0403672,105.6115528,151,Unhealthy,3,28.6,67,0.0,11.5,134,1003.7,72,71.9,73.1,489.0,19.8,140.0,28.0
2025-04-10 15:00:00,2025,4,10,15,Hà Nội,Xã Tây Phương,21.0403672,105.6115528,151,Unhealthy,3,29.1,65,0.0,14.1,141,1002.4,100,73.6,75.0,521.0,18.4,158.0,26.5
2025-04-10 16:00:00,2025,4,10,16,Hà Nội,Xã Tây Phương,21.0403672,105.6115528,151,Unhealthy,3,27.9,72,0.0,16.6,151,1001.7,30,73.8,75.0,544.0,19.7,162.0,26.7
2025-04-10 17:00:00,2025,4,10,17,Hà Nội,Xã Tây Phương,21.0403672,105.6115528,152,Unhealthy,3,27.1,79,0.0,17.0,156,1001.6,39,72.2,73.3,548.0,25.7,142.0,29.8
2025-04-10 18:00:00,2025,4,10,18,Hà Nội,Xã Tây Phương,21.0403672,105.6115528,152,Unhealthy,3,26.2,83,0.0,15.8,148,1002.1,58,73.1,74.3,542.0,34.2,108.0,34.5
2025-04-10 19:00:00,2025,4,10,19,Hà Nội,Xã Tây Phương,21.0403672,105.6115528,153,Unhealthy,3,25.2,88,0.0,16.1,139,1003.1,35,71.5,72.6,538.0,41.7,76.0,37.3
2025-04-10 20:00:00,2025,4,10,20,Hà Nội,Xã Tây Phương,21.0403672,105.6115528,153,Unhealthy,3,23.5,92,0.0,13.5,138,1004.8,100,62.2,63.6,539.0,40.9,67.0,37.3
2025-04-10 21:00:00,2025,4,10,21,Hà Nội,Xã Tây Phương,21.0403672,105.6115528,154,Unhealthy,3,23.5,92,0.0,13.3,142,1005.7,100,57.6,59.0,541.0,39.8,55.0,37.2
2025-04-10 22:00:00,2025,4,10,22,Hà Nội,Xã Tây Phương,21.0403672,105.6115528,154,Unhealthy,3,23.3,93,0.0,13.1,142,1005.6,100,59.4,61.0,543.0,38.9,45.0,36.1
2025-04-10 23:00:00,2025,4,10,23,Hà Nội,Xã Tây Phương,21.0403672,105.6115528,154,Unhealthy,3,23.2,94,0.0,10.6,125,1005.2,100,64.0,65.7,543.0,38.2,40.0,33.0
2025-04-11 00:00:00,2025,4,11,0,Hà Nội,Xã Tây Phương,21.0403672,105.6115528,154,Unhealthy,3,23.1,95,0.0,9.0,121,1004.8,100,69.2,70.8,544.0,37.6,36.0,29.0
2025-04-11 01:00:00,2025,4,11,1,Hà Nội,Xã Tây Phương,21.0403672,105.6115528,155,Unhealthy,3,23.0,96,0.0,8.4,130,1004.0,100,74.7,76.4,549.0,37.4,33.0,25.9
2025-04-11 02:00:00,2025,4,11,2,Hà Nội,Xã Tây Phương,21.0403672,105.6115528,155,Unhealthy,3,22.8,97,0.0,7.1,117,1003.3,100,79.2,80.8,559.0,37.9,28.0,24.4
2025-04-11 03:00:00,2025,4,11,3,Hà Nội,Xã Tây Phương,21.0403672,105.6115528,155,Unhealthy,3,22.7,97,0.0,5.8,95,1002.9,100,82.9,84.8,574.0,38.8,24.0,23.9
2025-04-11 04:00:00,2025,4,11,4,Hà Nội,Xã Tây Phương,21.0403672,105.6115528,156,Unhealthy,3,22.6,97,0.0,5.8,88,1003.0,100,85.7,87.5,597.0,39.1,22.0,24.6
2025-04-11 05:00:00,2025,4,11,5,Hà Nội,Xã Tây Phương,21.0403672,105.6115528,156,Unhealthy,3,22.5,97,0.0,5.5,77,1003.5,100,87.8,89.4,643.0,38.8,23.0,27.4
2025-04-11 06:00:00,2025,4,11,6,Hà Nội,Xã Tây Phương,21.0403672,105.6115528,156,Unhealthy,3,22.5,97,0.0,7.0,100,1004.0,100,90.6,92.2,696.0,38.0,27.0,31.3
2025-04-11 07:00:00,2025,4,11,7,Hà Nội,Xã Tây Phương,21.0403672,105.6115528,157,Unhealthy,3,22.8,96,0.0,8.5,118,1005.0,100,75.2,76.6,713.0,41.6,20.0,32.0
2025-04-11 08:00:00,2025,4,11,8,Hà Nội,Xã Tây Phương,21.0403672,105.6115528,157,Unhealthy,3,23.6,90,0.0,10.3,131,1006.2,100,65.9,67.3,660.0,37.6,35.0,29.6
2025-04-11 09:00:00,2025,4,11,9,Hà Nội,Xã Tây Phương,21.0403672,105.6115528,157,Unhealthy,3,25.0,83,0.0,9.4,145,1006.6,100,66.8,68.2,570.0,31.8,58.0,26.3
2025-04-11 10:00:00,2025,4,11,10,Hà Nội,Xã Tây Phương,21.0403672,105.6115528,158,Unhealthy,3,26.1,78,0.0,8.5,151,1006.4,100,75.7,77.1,505.0,26.0,88.0,23.5
2025-04-11 11:00:00,2025,4,11,11,Hà Nội,Xã Tây Phương,21.0403672,105.6115528,158,Unhealthy,3,27.8,73,0.0,9.7,146,1005.6,81,79.2,80.6,489.0,19.9,131.0,21.4
2025-04-11 12:00:00,2025,4,11,12,Hà Nội,Xã Tây Phương,21.0403672,105.6115528,159,Unhealthy,3,29.0,69,0.0,12.0,136,1004.3,61,86.4,87.8,498.0,13.6,181.0,19.7
2025-04-11 13:00:00,2025,4,11,13,Hà Nội,Xã Tây Phương,21.0403672,105.6115528,160,Unhealthy,3,30.0,67,0.0,13.8,140,1002.5,28,92.7,93.8,516.0,9.7,220.0,19.8
2025-04-11 14:00:00,2025,4,11,14,Hà Nội,Xã Tây Phương,21.0403672,105.6115528,160,Unhealthy,3,30.5,66,0.0,14.1,141,1001.2,25,95.9,96.9,541.0,9.0,243.0,22.4
2025-04-11 15:00:00,2025,4,11,15,Hà Nội,Xã Tây Phương,21.0403672,105.6115528,161,Unhealthy,3,30.5,69,0.0,15.4,135,1000.1,79,98.0,99.2,575.0,10.6,256.0,26.7
2025-04-11 16:00:00,2025,4,11,16,Hà Nội,Xã Tây Phương,21.0403672,105.6115528,161,Unhealthy,3,30.5,71,0.0,16.9,142,999.8,90,99.9,100.6,613.0,14.0,255.0,31.1
2025-04-11 17:00:00,2025,4,11,17,Hà Nội,Xã Tây Phương,21.0403672,105.6115528,166,Unhealthy,3,30.2,74,0.0,17.3,144,999.6,71,99.4,99.9,659.0,20.1,234.0,35.8
2025-04-11 18:00:00,2025,4,11,18,Hà Nội,Xã Tây Phương,21.0403672,105.6115528,194,Unhealthy,3,28.8,79,0.0,15.8,138,1000.1,66,96.9,97.3,709.0,28.0,199.0,40.7
2025-04-11 19:00:00,2025,4,11,19,Hà Nội,Xã Tây Phương,21.0403672,105.6115528,205,Very Unhealthy,4,27.6,82,0.0,18.6,141,1000.7,52,100.1,100.6,739.0,34.1,164.0,45.6
2025-04-11 20:00:00,2025,4,11,20,Hà Nội,Xã Tây Phương,21.0403672,105.6115528,207,Very Unhealthy,4,26.6,86,0.1,14.5,159,1003.4,81,100.1,100.6,736.0,35.6,147.0,47.8
2025-04-11 21:00:00,2025,4,11,21,Hà Nội,Xã Tây Phương,21.0403672,105.6115528,205,Very Unhealthy,4,26.2,89,0.1,13.1,143,1003.8,78,99.2,99.4,714.0,37.7,123.0,50.6
2025-04-11 22:00:00,2025,4,11,22,Hà Nội,Xã Tây Phương,21.0403672,105.6115528,196,Unhealthy,3,25.4,92,0.0,13.5,147,1004.1,9,97.1,97.3,694.0,39.4,102.0,51.9
2025-04-11 23:00:00,2025,4,11,23,Hà Nội,Xã Tây Phương,21.0403672,105.6115528,173,Unhealthy,3,24.6,94,0.0,13.3,150,1003.9,5,92.9,93.4,680.0,40.1,88.0,50.5
2025-04-12 00:00:00,2025,4,12,0,Hà Nội,Xã Tây Phương,21.0403672,105.6115528,167,Unhealthy,3,24.2,94,0.0,9.4,151,1003.4,0,89.6,90.1,667.0,40.4,78.0,47.5
2025-04-12 01:00:00,2025,4,12,1,Hà Nội,Xã Tây Phương,21.0403672,105.6115528,167,Unhealthy,3,23.6,96,0.0,6.1,148,1002.7,17,90.8,91.7,662.0,41.5,67.0,44.2
2025-04-12 02:00:00,2025,4,12,2,Hà Nội,Xã Tây Phương,21.0403672,105.6115528,167,Unhealthy,3,23.3,97,0.0,7.1,131,1002.0,16,97.3,98.5,663.0,44.4,54.0,39.9
2025-04-12 03:00:00,2025,4,12,3,Hà Nội,Xã Tây Phương,21.0403672,105.6115528,168,Unhealthy,3,23.0,97,0.0,5.4,140,1002.0,27,111.1,112.7,671.0,48.0,41.0,35.3
2025-04-12 04:00:00,2025,4,12,4,Hà Nội,Xã Tây Phương,21.0403672,105.6115528,168,Unhealthy,3,22.7,97,0.0,0.4,360,1002.2,59,134.1,136.0,698.0,50.1,33.0,33.4
2025-04-12 05:00:00,2025,4,12,5,Hà Nội,Xã Tây Phương,21.0403672,105.6115528,170,Unhealthy,3,22.2,98,0.0,2.9,330,1002.9,94,151.8,154.1,765.0,50.2,27.0,36.8
2025-04-12 06:00:00,2025,4,12,6,Hà Nội,Xã Tây Phương,21.0403672,105.6115528,171,Unhealthy,3,22.6,98,0.0,5.2,311,1003.7,95,148.1,149.9,851.0,48.8,26.0,42.9
2025-04-12 07:00:00,2025,4,12,7,Hà Nội,Xã Tây Phương,21.0403672,105.6115528,172,Unhealthy,3,23.8,94,0.0,8.3,326,1004.8,97,136.0,137.8,896.0,51.2,26.0,44.2
2025-04-12 08:00:00,2025,4,12,8,Hà Nội,Xã Tây Phương,21.0403672,105.6115528,174,Unhealthy,3,25.5,92,0.0,6.3,5,1005.6,100,120.1,121.5,864.0,48.1,49.0,50.4
2025-04-12 09:00:00,2025,4,12,9,Hà Nội,Xã Tây Phương,21.0403672,105.6115528,175,Unhealthy,3,27.0,85,0.0,7.2,14,1006.4,100,106.6,108.3,791.0,43.5,82.0,58.4
2025-04-12 10:00:00,2025,4,12,10,Hà Nội,Xã Tây Phương,21.0403672,105.6115528,176,Unhealthy,3,29.0,76,0.0,7.6,18,1006.8,65,106.9,107.3,730.0,37.3,116.0,61.4
2025-04-12 11:00:00,2025,4,12,11,Hà Nội,Xã Tây Phương,21.0403672,105.6115528,176,Unhealthy,3,30.3,73,0.0,7.9,24,1006.6,27,99.9,100.4,706.0,28.0,154.0,54.9
2025-04-12 12:00:00,2025,4,12,12,Hà Nội,Xã Tây Phương,21.0403672,105.6115528,177,Unhealthy,3,31.5,70,0.0,6.8,12,1005.6,95,94.5,94.8,694.0,17.1,193.0,43.3
2025-04-12 13:00:00,2025,4,12,13,Hà Nội,Xã Tây Phương,21.0403672,105.6115528,177,Unhealthy,3,32.5,64,0.0,9.4,7,1004.7,96,87.5,88.0,674.0,9.6,212.0,32.9
2025-04-12 14:00:00,2025,4,12,14,Hà Nội,Xã Tây Phương,21.0403672,105.6115528,177,Unhealthy,3,28.5,77,2.7,27.0,32,1005.1,100,76.4,76.6,640.0,8.4,194.0,25.5
2025-04-12 15:00:00,2025,4,12,15,Hà Nội,Xã Tây Phương,21.0403672,105.6115528,176,Unhealthy,3,25.8,87,8.5,22.1,37,1005.8,100,54.9,55.2,598.0,10.6,156.0,19.4
2025-04-12 16:00:00,2025,4,12,16,Hà Nội,Xã Tây Phương,21.0403672,105.6115528,175,Unhealthy,3,25.5,85,1.4,12.0,26,1005.8,100,31.3,31.4,545.0,12.6,124.0,15.0
2025-04-12 17:00:00,2025,4,12,17,Hà Nội,Xã Tây Phương,21.0403672,105.6115528,174,Unhealthy,3,25.9,86,0.3,11.0,360,1007.7,100,19.2,20.7,472.0,13.1,109.0,13.2
2025-04-12 18:00:00,2025,4,12,18,Hà Nội,Xã Tây Phương,21.0403672,105.6115528,172,Unhealthy,3,25.7,59,0.1,21.5,32,1010.5,100,17.8,22.3,390.0,13.5,101.0,13.3
2025-04-12 19:00:00,2025,4,12,19,Hà Nội,Xã Tây Phương,21.0403672,105.6115528,170,Unhealthy,3,26.0,44,0.0,24.0,31,1012.4,100,23.5,30.5,324.0,13.0,93.0,13.9
2025-04-12 20:00:00,2025,4,12,20,Hà Nội,Xã Tây Phương,21.0403672,105.6115528,169,Unhealthy,3,24.2,67,0.9,21.2,32,1012.7,100,26.0,41.4,288.0,12.7,91.0,13.8
2025-04-12 21:00:00,2025,4,12,21,Hà Nội,Xã Tây Phương,21.0403672,105.6115528,167,Unhealthy,3,23.5,53,0.1,20.4,20,1015.2,100,35.7,61.9,270.0,12.4,88.0,13.7
2025-04-12 22:00:00,2025,4,12,22,Hà Nội,Xã Tây Phương,21.0403672,105.6115528,166,Unhealthy,3,23.5,48,0.2,20.3,20,1016.6,100,35.7,64.3,258.0,13.0,84.0,14.3
2025-04-12 23:00:00,2025,4,12,23,Hà Nội,Xã Tây Phương,21.0403672,105.6115528,164,Unhealthy,3,19.6,75,1.2,18.9,357,1017.7,100,44.0,77.5,249.0,15.0,79.0,16.0
2025-04-13 00:00:00,2025,4,13,0,Hà Nội,Xã Tây Phương,21.0403672,105.6115528,163,Unhealthy,3,18.8,85,1.1,9.2,340,1017.5,100,48.0,83.8,247.0,17.8,73.0,18.4
2025-04-13 01:00:00,2025,4,13,1,Hà Nội,Xã Tây Phương,21.0403672,105.6115528,162,Unhealthy,3,19.0,84,0.4,5.6,312,1017.1,100,47.0,83.4,250.0,20.6,67.0,20.6
2025-04-13 02:00:00,2025,4,13,2,Hà Nội,Xã Tây Phương,21.0403672,105.6115528,161,Unhealthy,3,18.9,88,0.0,5.9,293,1016.7,100,46.7,80.1,259.0,23.3,61.0,22.3
2025-04-13 03:00:00,2025,4,13,3,Hà Nội,Xã Tây Phương,21.0403672,105.6115528,160,Unhealthy,3,19.0,86,0.0,9.2,313,1016.3,100,48.4,78.9,273.0,26.0,54.0,23.7
2025-04-13 04:00:00,2025,4,13,4,Hà Nội,Xã Tây Phương,21.0403672,105.6115528,159,Unhealthy,3,19.3,86,0.0,8.7,308,1016.5,100,53.2,80.3,293.0,28.0,48.0,25.0
2025-04-13 05:00:00,2025,4,13,5,Hà Nội,Xã Tây Phương,21.0403672,105.6115528,157,Unhealthy,3,19.5,86,0.0,9.6,304,1017.0,96,53.6,75.7,327.0,29.6,41.0,26.7
2025-04-13 06:00:00,2025,4,13,6,Hà Nội,Xã Tây Phương,21.0403672,105.6115528,155,Unhealthy,3,19.5,80,0.0,12.3,305,1017.2,61,48.1,63.1,367.0,30.5,34.0,28.3
2025-04-13 07:00:00,2025,4,13,7,Hà Nội,Xã Tây Phương,21.0403672,105.6115528,153,Unhealthy,3,19.7,75,0.0,14.3,318,1018.4,76,32.8,39.6,383.0,22.7,47.0,22.7
2025-04-13 08:00:00,2025,4,13,8,Hà Nội,Xã Tây Phương,21.0403672,105.6115528,151,Unhealthy,3,21.5,70,0.0,16.6,323,1019.1,100,27.3,38.1,354.0,17.5,64.0,19.3
2025-04-13 09:00:00,2025,4,13,9,Hà Nội,Xã Tây Phương,21.0403672,105.6115528,143,Unhealthy for Sensitive Groups,2,22.6,61,0.0,14.8,328,1019.5,83,25.1,51.1,301.0,10.4,87.0,14.5
2025-04-13 10:00:00,2025,4,13,10,Hà Nội,Xã Tây Phương,21.0403672,105.6115528,135,Unhealthy for Sensitive Groups,2,23.9,53,0.0,13.3,339,1019.4,18,26.8,59.6,260.0,5.0,107.0,11.0
2025-04-13 11:00:00,2025,4,13,11,Hà Nội,Xã Tây Phương,21.0403672,105.6115528,126,Unhealthy for Sensitive Groups,2,25.0,49,0.0,10.8,342,1018.3,7,28.3,64.0,247.0,3.0,120.0,9.8
2025-04-13 12:00:00,2025,4,13,12,Hà Nội,Xã Tây Phương,21.0403672,105.6115528,119,Unhealthy for Sensitive Groups,2,25.4,45,0.0,11.5,328,1017.1,6,29.3,66.4,247.0,2.8,129.0,9.8
2025-04-13 13:00:00,2025,4,13,13,Hà Nội,Xã Tây Phương,21.0403672,105.6115528,112,Unhealthy for Sensitive Groups,2,25.4,46,0.0,12.2,306,1015.6,11,29.7,67.1,250.0,3.1,135.0,10.2
2025-04-13 14:00:00,2025,4,13,14,Hà Nội,Xã Tây Phương,21.0403672,105.6115528,106,Unhealthy for Sensitive Groups,2,26.0,45,0.0,8.0,310,1014.1,70,30.0,67.3,245.0,2.2,141.0,10.1
2025-04-13 15:00:00,2025,4,13,15,Hà Nội,Xã Tây Phương,21.0403672,105.6115528,101,Unhealthy for Sensitive Groups,2,25.8,46,0.0,6.8,335,1012.9,20,30.5,67.3,243.0,1.8,144.0,10.4
2025-04-13 16:00:00,2025,4,13,16,Hà Nội,Xã Tây Phương,21.0403672,105.6115528,99,Moderate,1,25.5,47,0.0,4.7,332,1012.1,12,31.2,67.8,263.0,5.3,138.0,12.3
2025-04-13 17:00:00,2025,4,13,17,Hà Nội,Xã Tây Phương,21.0403672,105.6115528,99,Moderate,1,24.7,57,0.0,4.4,279,1011.9,9,32.6,68.9,306.0,16.5,118.0,17.2
2025-04-13 18:00:00,2025,4,13,18,Hà Nội,Xã Tây Phương,21.0403672,105.6115528,100,Moderate,1,22.7,68,0.0,4.9,253,1012.4,44,50.8,86.4,370.0,31.6,89.0,23.8
2025-04-13 19:00:00,2025,4,13,19,Hà Nội,Xã Tây Phương,21.0403672,105.6115528,103,Unhealthy for Sensitive Groups,2,21.4,65,0.0,5.8,254,1013.0,95,53.9,83.6,472.0,40.5,55.0,29.5
2025-04-13 20:00:00,2025,4,13,20,Hà Nội,Xã Tây Phương,21.0403672,105.6115528,107,Unhealthy for Sensitive Groups,2,20.5,63,0.0,5.4,266,1014.0,18,38.9,67.8,671.0,35.8,58.0,28.7
2025-04-13 21:00:00,2025,4,13,21,Hà Nội,Xã Tây Phương,21.0403672,105.6115528,108,Unhealthy for Sensitive Groups,2,20.0,62,0.0,5.6,253,1014.8,78,38.2,61.0,907.0,29.6,61.0,27.5
2025-04-13 22:00:00,2025,4,13,22,Hà Nội,Xã Tây Phương,21.0403672,105.6115528,108,Unhealthy for Sensitive Groups,2,19.7,68,0.0,3.8,239,1015.3,100,42.0,63.6,1019.0,26.0,61.0,27.0
2025-04-13 23:00:00,2025,4,13,23,Hà Nội,Xã Tây Phương,21.0403672,105.6115528,109,Unhealthy for Sensitive Groups,2,19.6,69,0.0,4.4,263,1015.1,100,46.9,69.8,890.0,27.8,54.0,27.4
2025-04-14 00:00:00,2025,4,14,0,Hà Nội,Xã Tây Phương,21.0403672,105.6115528,109,Unhealthy for Sensitive Groups,2,20.0,72,0.0,0.5,135,1014.9,82,51.3,76.8,636.0,32.3,44.0,28.4
2025-04-14 01:00:00,2025,4,14,1,Hà Nội,Xã Tây Phương,21.0403672,105.6115528,109,Unhealthy for Sensitive Groups,2,18.5,77,0.0,4.6,141,1014.4,100,54.5,81.5,447.0,36.0,37.0,29.9
2025-04-14 02:00:00,2025,4,14,2,Hà Nội,Xã Tây Phương,21.0403672,105.6115528,110,Unhealthy for Sensitive Groups,2,18.1,79,0.0,4.1,182,1013.5,100,58.4,86.4,396.0,37.7,34.0,32.2
2025-04-14 03:00:00,2025,4,14,3,Hà Nội,Xã Tây Phương,21.0403672,105.6115528,111,Unhealthy for Sensitive Groups,2,18.1,81,0.0,2.7,200,1013.0,100,59.1,88.2,411.0,38.6,33.0,35.0
2025-04-14 04:00:00,2025,4,14,4,Hà Nội,Xã Tây Phương,21.0403672,105.6115528,113,Unhealthy for Sensitive Groups,2,18.1,80,0.0,1.3,286,1012.9,100,59.6,88.9,460.0,38.9,35.0,37.8
2025-04-14 05:00:00,2025,4,14,5,Hà Nội,Xã Tây Phương,21.0403672,105.6115528,113,Unhealthy for Sensitive Groups,2,18.0,82,0.0,2.5,300,1013.3,100,54.4,81.5,565.0,38.7,39.0,40.5
2025-04-14 06:00:00,2025,4,14,6,Hà Nội,Xã Tây Phương,21.0403672,105.6115528,113,Unhealthy for Sensitive Groups,2,18.0,85,0.0,3.1,298,1013.7,100,49.2,72.9,705.0,38.0,45.0,43.0
2025-04-14 07:00:00,2025,4,14,7,Hà Nội,Xã Tây Phương,21.0403672,105.6115528,113,Unhealthy for Sensitive Groups,2,19.4,81,0.0,5.3,288,1014.7,100,78.7,107.1,784.0,50.8,20.0,52.1
2025-04-14 08:00:00,2025,4,14,8,Hà Nội,Xã Tây Phương,21.0403672,105.6115528,118,Unhealthy for Sensitive Groups,2,20.7,78,0.0,2.8,288,1015.7,100,67.3,92.2,747.0,42.9,39.0,51.3
2025-04-14 09:00:00,2025,4,14,9,Hà Nội,Xã Tây Phương,21.0403672,105.6115528,122,Unhealthy for Sensitive Groups,2,22.1,70,0.0,3.2,360,1016.6,100,54.8,77.1,648.0,31.9,66.0,49.9
2025-04-14 10:00:00,2025,4,14,10,Hà Nội,Xã Tây Phương,21.0403672,105.6115528,125,Unhealthy for Sensitive Groups,2,23.5,63,0.0,2.0,360,1016.6,100,47.1,68.2,555.0,22.8,88.0,46.8
2025-04-14 11:00:00,2025,4,14,11,Hà Nội,Xã Tây Phương,21.0403672,105.6115528,128,Unhealthy for Sensitive Groups,2,24.9,54,0.0,5.0,316,1016.2,100,44.4,64.3,488.0,17.3,101.0,40.6
2025-04-14 12:00:00,2025,4,14,12,Hà Nội,Xã Tây Phương,21.0403672,105.6115528,129,Unhealthy for Sensitive Groups,2,22.8,67,1.1,12.0,320,1015.9,99,43.1,61.5,426.0,13.7,110.0,32.8
2025-04-14 13:00:00,2025,4,14,13,Hà Nội,Xã Tây Phương,21.0403672,105.6115528,131,Unhealthy for Sensitive Groups,2,21.9,71,0.4,9.2,305,1014.8,100,40.0,56.8,379.0,11.5,115.0,26.7
2025-04-14 14:00:00,2025,4,14,14,Hà Nội,Xã Tây Phương,21.0403672,105.6115528,132,Unhealthy for Sensitive Groups,2,22.5,68,0.1,8.3,290,1013.5,100,36.7,52.2,310.0,10.0,116.0,23.6
2025-04-14 15:00:00,2025,4,14,15,Hà Nội,Xã Tây Phương,21.0403672,105.6115528,132,Unhealthy for Sensitive Groups,2,23.8,63,0.0,6.3,297,1012.5,100,34.5,48.5,256.0,9.9,113.0,22.2
2025-04-14 16:00:00,2025,4,14,16,Hà Nội,Xã Tây Phương,21.0403672,105.6115528,133,Unhealthy for Sensitive Groups,2,24.0,62,0.0,3.9,298,1011.8,99,31.8,44.9,331.0,12.9,105.0,22.7
2025-04-14 17:00:00,2025,4,14,17,Hà Nội,Xã Tây Phương,21.0403672,105.6115528,133,Unhealthy for Sensitive Groups,2,24.0,62,0.0,0.7,284,1011.1,100,31.9,43.9,658.0,20.6,91.0,25.3
2025-04-14 18:00:00,2025,4,14,18,Hà Nội,Xã Tây Phương,21.0403672,105.6115528,133,Unhealthy for Sensitive Groups,2,23.0,70,0.0,0.6,18,1011.1,100,38.3,48.0,1115.0,31.4,72.0,29.8
2025-04-14 19:00:00,2025,4,14,19,Hà Nội,Xã Tây Phương,21.0403672,105.6115528,132,Unhealthy for Sensitive Groups,2,21.8,74,0.0,1.0,301,1011.9,100,75.0,87.8,1452.0,59.2,53.0,41.2
2025-04-14 20:00:00,2025,4,14,20,Hà Nội,Xã Tây Phương,21.0403672,105.6115528,134,Unhealthy for Sensitive Groups,2,21.5,73,0.0,6.3,198,1011.5,100,99.0,113.2,1572.0,71.6,39.0,51.0
2025-04-14 21:00:00,2025,4,14,21,Hà Nội,Xã Tây Phương,21.0403672,105.6115528,140,Unhealthy for Sensitive Groups,2,20.7,77,0.0,5.7,212,1012.6,100,118.3,134.6,1571.0,88.6,20.0,64.4
2025-04-14 22:00:00,2025,4,14,22,Hà Nội,Xã Tây Phương,21.0403672,105.6115528,148,Unhealthy for Sensitive Groups,2,20.2,82,0.0,3.6,200,1013.4,100,138.8,155.1,1491.0,101.2,6.0,74.1
2025-04-14 23:00:00,2025,4,14,23,Hà Nội,Xã Tây Phương,21.0403672,105.6115528,152,Unhealthy,3,19.8,85,0.0,3.9,208,1013.2,75,152.3,167.6,1300.0,105.2,1.0,76.6
2025-04-15 00:00:00,2025,4,15,0,Hà Nội,Xã Tây Phương,21.0403672,105.6115528,154,Unhealthy,3,18.7,90,0.0,3.0,232,1013.0,75,160.7,175.6,1030.0,104.8,0.0,75.5
2025-04-15 01:00:00,2025,4,15,1,Hà Nội,Xã Tây Phương,21.0403672,105.6115528,156,Unhealthy,3,18.1,91,0.0,2.2,275,1012.5,99,168.1,183.5,812.0,103.1,0.0,73.8
2025-04-15 02:00:00,2025,4,15,2,Hà Nội,Xã Tây Phương,21.0403672,105.6115528,159,Unhealthy,3,18.0,93,0.0,4.2,290,1012.1,99,170.4,185.8,699.0,101.3,0.0,72.5
2025-04-15 03:00:00,2025,4,15,3,Hà Nội,Xã Tây Phương,21.0403672,105.6115528,161,Unhealthy,3,17.8,93,0.0,4.8,290,1011.5,100,169.0,184.4,638.0,98.3,0.0,70.6
2025-04-15 04:00:00,2025,4,15,4,Hà Nội,Xã Tây Phương,21.0403672,105.6115528,164,Unhealthy,3,17.9,93,0.0,6.1,298,1011.3,100,166.2,182.1,609.0,94.0,0.0,68.4
2025-04-15 05:00:00,2025,4,15,5,Hà Nội,Xã Tây Phương,21.0403672,105.6115528,166,Unhealthy,3,17.5,93,0.0,5.8,306,1011.4,98,163.0,178.3,625.0,89.1,12.0,65.7
2025-04-15 06:00:00,2025,4,15,6,Hà Nội,Xã Tây Phương,21.0403672,105.6115528,169,Unhealthy,3,17.5,94,0.0,5.9,313,1011.6,100,158.3,174.2,673.0,82.9,30.0,62.8
2025-04-15 07:00:00,2025,4,15,7,Hà Nội,Xã Tây Phương,21.0403672,105.6115528,171,Unhealthy,3,19.4,88,0.0,7.5,303,1012.4,99,146.7,161.1,684.0,79.9,52.0,63.5
2025-04-15 08:00:00,2025,4,15,8,Hà Nội,Xã Tây Phương,21.0403672,105.6115528,172,Unhealthy,3,21.7,81,0.0,6.6,296,1013.9,100,115.5,127.6,619.0,65.4,80.0,64.1
2025-04-15 09:00:00,2025,4,15,9,Hà Nội,Xã Tây Phương,21.0403672,105.6115528,174,Unhealthy,3,24.0,72,0.0,6.7,301,1013.9,100,85.0,95.5,519.0,45.2,118.0,64.4
2025-04-15 10:00:00,2025,4,15,10,Hà Nội,Xã Tây Phương,21.0403672,105.6115528,174,Unhealthy,3,25.8,66,0.0,6.4,302,1013.6,100,71.9,82.0,434.0,28.3,154.0,61.5
2025-04-15 11:00:00,2025,4,15,11,Hà Nội,Xã Tây Phương,21.0403672,105.6115528,175,Unhealthy,3,27.5,60,0.0,5.3,303,1012.9,99,61.0,72.9,381.0,18.0,183.0,52.1
2025-04-15 12:00:00,2025,4,15,12,Hà Nội,Xã Tây Phương,21.0403672,105.6115528,175,Unhealthy,3,28.9,53,0.0,3.3,306,1011.6,96,53.4,68.5,343.0,11.0,208.0,39.3
2025-04-15 13:00:00,2025,4,15,13,Hà Nội,Xã Tây Phương,21.0403672,105.6115528,175,Unhealthy,3,29.9,46,0.0,0.7,360,1010.5,53,47.8,66.4,328.0,6.7,226.0,29.7
2025-04-15 14:00:00,2025,4,15,14,Hà Nội,Xã Tây Phương,21.0403672,105.6115528,175,Unhealthy,3,30.5,40,0.0,1.8,114,1009.2,52,44.2,64.0,337.0,4.5,235.0,25.7
2025-04-15 15:00:00,2025,4,15,15,Hà Nội,Xã Tây Phương,21.0403672,105.6115528,176,Unhealthy,3,30.7,41,0.0,5.6,151,1008.2,68,44.4,63.3,369.0,5.0,236.0,24.9
2025-04-15 16:00:00,2025,4,15,16,Hà Nội,Xã Tây Phương,21.0403672,105.6115528,176,Unhealthy,3,29.6,50,0.0,11.9,162,1007.3,36,46.2,63.3,423.0,8.8,229.0,26.4
2025-04-15 17:00:00,2025,4,15,17,Hà Nội,Xã Tây Phương,21.0403672,105.6115528,191,Unhealthy,3,27.9,59,0.0,13.9,155,1007.0,37,56.7,69.8,519.0,18.3,210.0,31.2
2025-04-15 18:00:00,2025,4,15,18,Hà Nội,Xã Tây Phương,21.0403672,105.6115528,202,Very Unhealthy,4,25.8,64,0.0,11.9,153,1007.7,20,74.3,85.9,638.0,31.1,184.0,38.3
2025-04-15 19:00:00,2025,4,15,19,Hà Nội,Xã Tây Phương,21.0403672,105.6115528,204,Very Unhealthy,4,24.7,67,0.0,11.9,146,1008.7,100,82.4,90.6,724.0,40.4,160.0,44.8
2025-04-15 20:00:00,2025,4,15,20,Hà Nội,Xã Tây Phương,21.0403672,105.6115528,203,Very Unhealthy,4,24.5,65,0.0,16.0,144,1009.1,3,95.2,102.4,747.0,40.8,144.0,49.2
2025-04-15 21:00:00,2025,4,15,21,Hà Nội,Xã Tây Phương,21.0403672,105.6115528,196,Unhealthy,3,23.2,74,0.0,16.2,156,1010.2,35,105.5,111.8,737.0,41.3,122.0,55.2
2025-04-15 22:00:00,2025,4,15,22,Hà Nội,Xã Tây Phương,21.0403672,105.6115528,180,Unhealthy,3,22.2,73,0.0,13.7,157,1011.0,91,113.2,118.7,723.0,41.8,102.0,58.9
2025-04-15 23:00:00,2025,4,15,23,Hà Nội,Xã Tây Phương,21.0403672,105.6115528,177,Unhealthy,3,21.2,74,0.0,10.5,149,1011.0,74,117.6,122.9,713.0,42.2,88.0,58.3
2025-04-16 00:00:00,2025,4,16,0,Hà Nội,Xã Tây Phương,21.0403672,105.6115528,176,Unhealthy,3,20.2,78,0.0,8.4,140,1010.6,100,119.2,125.3,699.0,42.7,76.0,55.4
2025-04-16 01:00:00,2025,4,16,1,Hà Nội,Xã Tây Phương,21.0403672,105.6115528,175,Unhealthy,3,19.6,80,0.0,8.1,141,1009.7,99,120.1,126.2,683.0,43.2,66.0,52.6
2025-04-16 02:00:00,2025,4,16,2,Hà Nội,Xã Tây Phương,21.0403672,105.6115528,174,Unhealthy,3,19.0,83,0.0,6.9,143,1009.0,95,120.1,127.1,656.0,44.0,57.0,50.2
2025-04-16 03:00:00,2025,4,16,3,Hà Nội,Xã Tây Phương,21.0403672,105.6115528,173,Unhealthy,3,18.5,85,0.0,6.5,134,1008.3,62,121.1,129.0,628.0,45.0,49.0,47.9
2025-04-16 04:00:00,2025,4,16,4,Hà Nội,Xã Tây Phương,21.0403672,105.6115528,172,Unhealthy,3,18.0,86,0.0,5.7,125,1008.2,100,122.9,131.3,630.0,45.7,44.0,46.8
2025-04-16 05:00:00,2025,4,16,5,Hà Nội,Xã Tây Phương,21.0403672,105.6115528,171,Unhealthy,3,18.0,86,0.0,5.6,117,1008.3,100,124.3,134.1,700.0,46.4,39.0,47.5
2025-04-16 06:00:00,2025,4,16,6,Hà Nội,Xã Tây Phương,21.0403672,105.6115528,170,Unhealthy,3,18.3,87,0.0,3.6,110,1008.4,100,129.0,139.2,799.0,46.9,38.0,49.4
2025-04-16 07:00:00,2025,4,16,7,Hà Nội,Xã Tây Phương,21.0403672,105.6115528,169,Unhealthy,3,19.6,82,0.0,3.6,120,1008.9,100,137.8,148.1,845.0,52.2,35.0,52.6
2025-04-16 08:00:00,2025,4,16,8,Hà Nội,Xã Tây Phương,21.0403672,105.6115528,169,Unhealthy,3,21.4,80,0.0,4.1,146,1010.4,98,126.2,140.2,787.0,48.0,62.0,58.5
2025-04-16 09:00:00,2025,4,16,9,Hà Nội,Xã Tây Phương,21.0403672,105.6115528,169,Unhealthy,3,23.4,71,0.0,5.2,160,1010.2,77,115.7,135.0,675.0,41.9,101.0,66.2
2025-04-16 10:00:00,2025,4,16,10,Hà Nội,Xã Tây Phương,21.0403672,105.6115528,170,Unhealthy,3,25.6,60,0.0,7.3,149,1009.7,100,108.0,130.9,576.0,35.2,139.0,69.6
2025-04-16 11:00:00,2025,4,16,11,Hà Nội,Xã Tây Phương,21.0403672,105.6115528,171,Unhealthy,3,27.5,47,0.0,10.0,150,1009.0,100,95.2,118.7,513.0,27.4,174.0,64.6
2025-04-16 12:00:00,2025,4,16,12,Hà Nội,Xã Tây Phương,21.0403672,105.6115528,172,Unhealthy,3,28.4,50,0.0,13.5,150,1007.8,90,83.6,104.3,462.0,19.0,208.0,55.1
2025-04-16 13:00:00,2025,4,16,13,Hà Nội,Xã Tây Phương,21.0403672,105.6115528,172,Unhealthy,3,29.2,51,0.0,16.0,145,1006.4,83,75.0,91.7,420.0,12.8,230.0,47.0
2025-04-16 14:00:00,2025,4,16,14,Hà Nội,Xã Tây Phương,21.0403672,105.6115528,173,Unhealthy,3,29.5,53,0.0,16.9,142,1005.0,97,71.9,84.5,381.0,9.8,236.0,42.2
2025-04-16 15:00:00,2025,4,16,15,Hà Nội,Xã Tây Phương,21.0403672,105.6115528,174,Unhealthy,3,29.1,54,0.0,19.9,140,1003.8,100,66.6,75.0,349.0,9.0,229.0,38.6
2025-04-16 16:00:00,2025,4,16,16,Hà Nội,Xã Tây Phương,21.0403672,105.6115528,174,Unhealthy,3,28.1,56,0.0,21.6,141,1003.3,100,57.5,62.4,336.0,10.6,212.0,36.2
2025-04-16 17:00:00,2025,4,16,17,Hà Nội,Xã Tây Phương,21.0403672,105.6115528,181,Unhealthy,3,26.9,62,0.0,21.6,140,1002.8,100,48.1,50.5,355.0,16.1,177.0,35.2
2025-04-16 18:00:00,2025,4,16,18,Hà Nội,Xã Tây Phương,21.0403672,105.6115528,193,Unhealthy,3,25.5,67,0.0,21.3,143,1003.3,100,45.1,46.4,391.0,24.0,131.0,35.3
2025-04-16 19:00:00,2025,4,16,19,Hà Nội,Xã Tây Phương,21.0403672,105.6115528,192,Unhealthy,3,24.4,70,0.0,22.0,143,1004.0,97,44.5,47.6,415.0,28.8,93.0,34.9
2025-04-16 20:00:00,2025,4,16,20,Hà Nội,Xã Tây Phương,21.0403672,105.6115528,179,Unhealthy,3,23.6,72,0.0,20.9,149,1005.7,88,43.8,46.4,409.0,29.4,84.0,34.9
2025-04-16 21:00:00,2025,4,16,21,Hà Nội,Xã Tây Phương,21.0403672,105.6115528,171,Unhealthy,3,23.0,78,0.0,20.9,149,1006.5,34,44.7,47.5,390.0,30.3,72.0,34.9
2025-04-16 22:00:00,2025,4,16,22,Hà Nội,Xã Tây Phương,21.0403672,105.6115528,170,Unhealthy,3,22.5,82,0.0,18.5,149,1006.8,84,45.4,48.3,375.0,31.4,61.0,34.8
2025-04-16 23:00:00,2025,4,16,23,Hà Nội,Xã Tây Phương,21.0403672,105.6115528,169,Unhealthy,3,22.1,86,0.0,16.6,150,1006.4,95,45.9,48.8,371.0,32.8,54.0,34.5
2025-04-17 00:00:00,2025,4,17,0,Hà Nội,Xã Tây Phương,21.0403672,105.6115528,167,Unhealthy,3,21.9,88,0.0,13.2,145,1005.9,85,47.0,49.7,373.0,34.4,49.0,34.0
2025-04-17 01:00:00,2025,4,17,1,Hà Nội,Xã Tây Phương,21.0403672,105.6115528,166,Unhealthy,3,21.6,91,0.0,11.5,140,1005.5,99,49.2,51.8,377.0,36.5,44.0,33.8
2025-04-17 02:00:00,2025,4,17,2,Hà Nội,Xã Tây Phương,21.0403672,105.6115528,164,Unhealthy,3,21.4,93,0.0,8.9,140,1005.1,98,52.4,54.9,376.0,39.7,37.0,33.3
2025-04-17 03:00:00,2025,4,17,3,Hà Nội,Xã Tây Phương,21.0403672,105.6115528,162,Unhealthy,3,21.0,96,0.0,8.0,142,1004.8,100,56.1,58.6,379.0,43.5,30.0,33.0
2025-04-17 04:00:00,2025,4,17,4,Hà Nội,Xã Tây Phương,21.0403672,105.6115528,161,Unhealthy,3,20.9,97,0.0,4.2,155,1004.9,100,60.3,62.9,408.0,45.9,26.0,34.4
2025-04-17 05:00:00,2025,4,17,5,Hà Nội,Xã Tây Phương,21.0403672,105.6115528,160,Unhealthy,3,20.3,98,0.0,2.1,211,1005.1,100,65.0,67.8,499.0,46.6,25.0,39.3
2025-04-17 06:00:00,2025,4,17,6,Hà Nội,Xã Tây Phương,21.0403672,105.6115528,158,Unhealthy,3,20.3,98,0.0,4.1,255,1005.6,100,67.8,71.2,617.0,46.1,28.0,45.8
2025-04-17 07:00:00,2025,4,17,7,Hà Nội,Xã Tây Phương,21.0403672,105.6115528,157,Unhealthy,3,21.6,90,0.0,5.8,286,1006.1,100,73.8,76.4,683.0,41.2,32.0,39.3
2025-04-17 08:00:00,2025,4,17,8,Hà Nội,Xã Tây Phương,21.0403672,105.6115528,156,Unhealthy,3,23.5,85,0.0,2.5,240,1007.5,100,76.8,79.9,646.0,38.3,41.0,39.5
2025-04-17 09:00:00,2025,4,17,9,Hà Nội,Xã Tây Phương,21.0403672,105.6115528,155,Unhealthy,3,25.0,78,0.0,1.2,207,1007.8,100,77.5,80.3,556.0,34.2,54.0,39.5
2025-04-17 10:00:00,2025,4,17,10,Hà Nội,Xã Tây Phương,21.0403672,105.6115528,154,Unhealthy,3,27.5,67,0.0,2.8,135,1007.4,100,79.9,83.1,483.0,29.6,74.0,38.7
2025-04-17 11:00:00,2025,4,17,11,Hà Nội,Xã Tây Phương,21.0403672,105.6115528,153,Unhealthy,3,28.5,65,0.0,5.6,121,1006.5,96,75.9,78.9,452.0,24.3,107.0,36.0
2025-04-17 12:00:00,2025,4,17,12,Hà Nội,Xã Tây Phương,21.0403672,105.6115528,153,Unhealthy,3,29.7,63,0.0,8.5,136,1005.4,20,71.2,73.8,438.0,18.5,147.0,32.3
2025-04-17 13:00:00,2025,4,17,13,Hà Nội,Xã Tây Phương,21.0403672,105.6115528,152,Unhealthy,3,30.9,61,0.0,11.4,141,1003.7,61,67.5,69.8,434.0,14.2,180.0,29.7
2025-04-17 14:00:00,2025,4,17,14,Hà Nội,Xã Tây Phương,21.0403672,105.6115528,152,Unhealthy,3,31.5,60,0.0,14.6,145,1002.1,23,67.5,69.4,437.0,11.5,205.0,28.7
2025-04-17 15:00:00,2025,4,17,15,Hà Nội,Xã Tây Phương,21.0403672,105.6115528,152,Unhealthy,3,31.4,63,0.0,17.0,144,1001.1,92,66.6,68.2,449.0,10.3,223.0,28.7
2025-04-17 16:00:00,2025,4,17,16,Hà Nội,Xã Tây Phương,21.0403672,105.6115528,152,Unhealthy,3,30.9,68,0.0,18.2,141,1000.4,35,66.1,67.5,472.0,12.1,224.0,30.0
2025-04-17 17:00:00,2025,4,17,17,Hà Nội,Xã Tây Phương,21.0403672,105.6115528,152,Unhealthy,3,30.4,72,0.0,18.4,138,1000.3,17,64.0,65.4,511.0,18.9,199.0,33.7
2025-04-17 18:00:00,2025,4,17,18,Hà Nội,Xã Tây Phương,21.0403672,105.6115528,154,Unhealthy,3,28.9,78,0.0,17.9,131,1000.7,3,63.6,64.7,560.0,28.6,157.0,38.8
2025-04-17 19:00:00,2025,4,17,19,Hà Nội,Xã Tây Phương,21.0403672,105.6115528,167,Unhealthy,3,27.5,82,0.0,16.6,131,1001.6,7,58.6,58.9,602.0,32.2,124.0,43.9
2025-04-17 20:00:00,2025,4,17,20,Hà Nội,Xã Tây Phương,21.0403672,105.6115528,170,Unhealthy,3,26.1,86,0.0,16.0,135,1002.3,14,61.0,61.5,630.0,36.0,105.0,45.2
2025-04-17 21:00:00,2025,4,17,21,Hà Nội,Xã Tây Phương,21.0403672,105.6115528,163,Unhealthy,3,25.5,89,0.0,15.3,140,1003.1,17,60.3,61.0,651.0,41.2,79.0,46.8
2025-04-17 22:00:00,2025,4,17,22,Hà Nội,Xã Tây Phương,21.0403672,105.6115528,154,Unhealthy,3,25.0,90,0.0,13.8,133,1003.8,12,60.1,60.8,668.0,45.4,59.0,47.2
2025-04-17 23:00:00,2025,4,17,23,Hà Nội,Xã Tây Phương,21.0403672,105.6115528,154,Unhealthy,3,24.5,91,0.0,12.8,128,1003.8,14,59.6,60.8,680.0,47.4,50.0,45.2
2025-04-18 00:00:00,2025,4,18,0,Hà Nội,Xã Tây Phương,21.0403672,105.6115528,155,Unhealthy,3,24.2,92,0.0,11.4,125,1003.2,0,59.6,60.8,688.0,48.3,46.0,41.9
2025-04-18 01:00:00,2025,4,18,1,Hà Nội,Xã Tây Phương,21.0403672,105.6115528,155,Unhealthy,3,23.8,93,0.0,8.8,121,1002.9,0,62.2,63.1,703.0,49.0,43.0,39.0
2025-04-18 02:00:00,2025,4,18,2,Hà Nội,Xã Tây Phương,21.0403672,105.6115528,155,Unhealthy,3,23.5,95,0.0,6.5,124,1002.9,1,66.8,68.0,737.0,50.1,38.0,36.6
2025-04-18 03:00:00,2025,4,18,3,Hà Nội,Xã Tây Phương,21.0403672,105.6115528,156,Unhealthy,3,22.9,96,0.0,1.8,79,1002.9,1,69.2,71.2,777.0,50.9,33.0,34.6
2025-04-18 04:00:00,2025,4,18,4,Hà Nội,Xã Tây Phương,21.0403672,105.6115528,156,Unhealthy,3,22.6,97,0.0,1.7,41,1003.1,99,69.2,72.2,792.0,50.9,31.0,34.0
2025-04-18 05:00:00,2025,4,18,5,Hà Nội,Xã Tây Phương,21.0403672,105.6115528,156,Unhealthy,3,22.3,98,0.0,3.4,360,1003.5,95,69.4,72.4,762.0,49.8,29.0,35.9
2025-04-18 06:00:00,2025,4,18,6,Hà Nội,Xã Tây Phương,21.0403672,105.6115528,156,Unhealthy,3,22.5,99,0.0,4.8,20,1003.9,100,69.8,73.3,707.0,47.8,30.0,39.3
2025-04-18 07:00:00,2025,4,18,7,Hà Nội,Xã Tây Phương,21.0403672,105.6115528,156,Unhealthy,3,23.7,94,0.0,5.0,52,1004.6,100,75.9,77.8,662.0,51.8,31.0,43.9
2025-04-18 08:00:00,2025,4,18,8,Hà Nội,Xã Tây Phương,21.0403672,105.6115528,156,Unhealthy,3,25.8,87,0.0,5.8,51,1006.0,100,82.9,83.8,639.0,46.6,49.0,44.9
2025-04-18 09:00:00,2025,4,18,9,Hà Nội,Xã Tây Phương,21.0403672,105.6115528,156,Unhealthy,3,26.9,82,0.0,4.4,52,1006.4,100,84.8,85.4,626.0,39.2,75.0,46.1
2025-04-18 10:00:00,2025,4,18,10,Hà Nội,Xã Tây Phương,21.0403672,105.6115528,157,Unhealthy,3,28.9,73,0.0,3.1,118,1006.3,100,83.6,84.5,616.0,31.6,113.0,46.0
2025-04-18 11:00:00,2025,4,18,11,Hà Nội,Xã Tây Phương,21.0403672,105.6115528,157,Unhealthy,3,30.1,69,0.0,5.9,137,1005.7,100,83.4,84.1,608.0,23.5,174.0,43.2
2025-04-18 12:00:00,2025,4,18,12,Hà Nội,Xã Tây Phương,21.0403672,105.6115528,157,Unhealthy,3,29.2,73,0.0,9.8,140,1004.5,31,78.5,78.9,603.0,15.3,247.0,39.1
2025-04-18 13:00:00,2025,4,18,13,Hà Nội,Xã Tây Phương,21.0403672,105.6115528,157,Unhealthy,3,31.5,67,0.0,11.1,151,1003.0,29,76.1,76.6,605.0,10.0,296.0,36.0
2025-04-18 14:00:00,2025,4,18,14,Hà Nội,Xã Tây Phương,21.0403672,105.6115528,157,Unhealthy,3,31.8,66,0.0,13.4,154,1001.6,22,73.8,74.0,615.0,9.4,307.0,35.0
2025-04-18 15:00:00,2025,4,18,15,Hà Nội,Xã Tây Phương,21.0403672,105.6115528,157,Unhealthy,3,32.2,65,0.0,15.8,146,1000.5,44,69.6,69.8,631.0,11.7,294.0,34.9
2025-04-18 16:00:00,2025,4,18,16,Hà Nội,Xã Tây Phương,21.0403672,105.6115528,185,Unhealthy,3,31.7,72,0.0,17.3,142,999.9,80,67.1,67.1,650.0,15.3,266.0,34.7
2025-04-18 17:00:00,2025,4,18,17,Hà Nội,Xã Tây Phương,21.0403672,105.6115528,208,Very Unhealthy,4,31.4,77,0.0,16.4,134,999.8,39,59.8,59.8,677.0,19.9,216.0,33.7
2025-04-18 18:00:00,2025,4,18,18,Hà Nội,Xã Tây Phương,21.0403672,105.6115528,218,Very Unhealthy,4,30.8,81,0.0,14.7,138,1000.4,24,44.9,44.9,708.0,25.7,150.0,32.6
2025-04-18 19:00:00,2025,4,18,19,Hà Nội,Xã Tây Phương,21.0403672,105.6115528,220,Very Unhealthy,4,29.5,84,0.0,16.5,146,1001.3,69,60.5,60.8,726.0,37.9,131.0,44.0
2025-04-18 20:00:00,2025,4,18,20,Hà Nội,Xã Tây Phương,21.0403672,105.6115528,217,Very Unhealthy,4,28.5,86,0.0,16.6,149,1002.2,100,58.9,58.9,723.0,40.7,109.0,44.2
2025-04-18 21:00:00,2025,4,18,21,Hà Nội,Xã Tây Phương,21.0403672,105.6115528,208,Very Unhealthy,4,27.6,85,0.0,14.5,160,1002.9,98,60.1,60.3,708.0,44.6,79.0,44.4
2025-04-18 22:00:00,2025,4,18,22,Hà Nội,Xã Tây Phương,21.0403672,105.6115528,185,Unhealthy,3,27.2,86,0.0,12.9,162,1003.7,47,64.3,64.5,692.0,47.4,55.0,43.5
2025-04-18 23:00:00,2025,4,18,23,Hà Nội,Xã Tây Phương,21.0403672,105.6115528,157,Unhealthy,3,26.6,90,0.0,10.0,171,1003.6,1,63.1,63.1,684.0,47.7,46.0,40.7
2025-04-19 00:00:00,2025,4,19,0,Hà Nội,Xã Tây Phương,21.0403672,105.6115528,157,Unhealthy,3,26.0,92,0.0,10.1,160,1003.5,4,58.9,59.1,676.0,46.9,44.0,36.9
2025-04-19 01:00:00,2025,4,19,1,Hà Nội,Xã Tây Phương,21.0403672,105.6115528,157,Unhealthy,3,25.9,90,0.0,12.5,155,1003.1,2,55.9,56.2,655.0,46.8,41.0,33.6
2025-04-19 02:00:00,2025,4,19,2,Hà Nội,Xã Tây Phương,21.0403672,105.6115528,157,Unhealthy,3,25.5,90,0.0,11.8,159,1002.6,3,54.2,55.2,594.0,48.8,32.0,31.3
2025-04-19 03:00:00,2025,4,19,3,Hà Nội,Xã Tây Phương,21.0403672,105.6115528,157,Unhealthy,3,25.0,93,0.0,9.8,156,1002.1,16,55.6,57.5,520.0,51.5,23.0,29.5
2025-04-19 04:00:00,2025,4,19,4,Hà Nội,Xã Tây Phương,21.0403672,105.6115528,156,Unhealthy,3,24.5,95,0.0,9.7,152,1002.5,13,68.5,69.4,498.0,52.6,18.0,28.7
2025-04-19 05:00:00,2025,4,19,5,Hà Nội,Xã Tây Phương,21.0403672,105.6115528,156,Unhealthy,3,24.0,96,0.0,7.8,146,1002.9,29,78.9,79.4,586.0,51.3,16.0,28.9
2025-04-19 06:00:00,2025,4,19,6,Hà Nội,Xã Tây Phương,21.0403672,105.6115528,157,Unhealthy,3,23.8,97,0.0,5.0,125,1003.5,21,90.6,91.3,726.0,48.5,19.0,30.0
2025-04-19 07:00:00,2025,4,19,7,Hà Nội,Xã Tây Phương,21.0403672,105.6115528,157,Unhealthy,3,25.1,91,0.0,3.9,114,1004.4,5,84.5,85.4,806.0,46.8,42.0,37.0
2025-04-19 08:00:00,2025,4,19,8,Hà Nội,Xã Tây Phương,21.0403672,105.6115528,157,Unhealthy,3,27.2,87,0.0,3.6,110,1005.9,90,70.8,71.9,766.0,41.1,83.0,41.7
2025-04-19 09:00:00,2025,4,19,9,Hà Nội,Xã Tây Phương,21.0403672,105.6115528,157,Unhealthy,3,28.8,83,0.0,2.3,162,1006.2,70,65.9,66.8,666.0,33.0,140.0,47.8
2025-04-19 10:00:00,2025,4,19,10,Hà Nội,Xã Tây Phương,21.0403672,105.6115528,156,Unhealthy,3,30.9,75,0.0,1.5,150,1006.3,28,65.7,65.9,571.0,25.2,189.0,49.8
2025-04-19 11:00:00,2025,4,19,11,Hà Nội,Xã Tây Phương,21.0403672,105.6115528,156,Unhealthy,3,32.8,65,0.0,3.4,115,1005.6,44,56.2,56.5,497.0,17.9,222.0,43.9
2025-04-19 12:00:00,2025,4,19,12,Hà Nội,Xã Tây Phương,21.0403672,105.6115528,155,Unhealthy,3,33.8,58,0.0,5.4,146,1004.5,49,48.8,49.1,428.0,11.0,245.0,34.0
2025-04-19 13:00:00,2025,4,19,13,Hà Nội,Xã Tây Phương,21.0403672,105.6115528,155,Unhealthy,3,34.6,56,0.0,10.8,170,1003.3,60,43.7,44.0,377.0,6.4,256.0,26.1
2025-04-19 14:00:00,2025,4,19,14,Hà Nội,Xã Tây Phương,21.0403672,105.6115528,154,Unhealthy,3,34.7,55,0.0,11.6,175,1001.7,46,39.0,39.5,332.0,4.5,250.0,22.2
2025-04-19 15:00:00,2025,4,19,15,Hà Nội,Xã Tây Phương,21.0403672,105.6115528,165,Unhealthy,3,35.0,52,0.0,11.4,174,1000.9,85,35.3,35.7,306.0,5.0,231.0,20.3
2025-04-19 16:00:00,2025,4,19,16,Hà Nội,Xã Tây Phương,21.0403672,105.6115528,195,Unhealthy,3,33.7,60,0.0,10.3,165,1000.7,56,34.6,34.9,344.0,9.0,204.0,20.7
2025-04-19 17:00:00,2025,4,19,17,Hà Nội,Xã Tây Phương,21.0403672,105.6115528,206,Very Unhealthy,4,33.2,64,0.0,10.3,151,1000.4,66,35.2,35.3,512.0,19.3,163.0,24.7
2025-04-19 18:00:00,2025,4,19,18,Hà Nội,Xã Tây Phương,21.0403672,105.6115528,208,Very Unhealthy,4,31.8,64,0.0,13.4,163,1001.0,78,36.6,36.7,746.0,33.1,113.0,31.0
2025-04-19 19:00:00,2025,4,19,19,Hà Nội,Xã Tây Phương,21.0403672,105.6115528,203,Very Unhealthy,4,30.1,74,0.0,13.5,143,1001.9,37,39.9,40.0,898.0,29.4,114.0,34.8
2025-04-19 20:00:00,2025,4,19,20,Hà Nội,Xã Tây Phương,21.0403672,105.6115528,189,Unhealthy,3,28.9,82,0.0,19.7,144,1002.6,17,42.0,42.1,894.0,32.5,99.0,36.2
2025-04-19 21:00:00,2025,4,19,21,Hà Nội,Xã Tây Phương,21.0403672,105.6115528,165,Unhealthy,3,28.1,81,0.0,18.4,145,1003.6,26,45.5,45.6,808.0,36.7,77.0,38.1
2025-04-19 22:00:00,2025,4,19,22,Hà Nội,Xã Tây Phương,21.0403672,105.6115528,150,Unhealthy for Sensitive Groups,2,27.4,81,0.0,17.5,151,1004.3,14,49.1,49.2,723.0,39.8,61.0,39.1
2025-04-19 23:00:00,2025,4,19,23,Hà Nội,Xã Tây Phương,21.0403672,105.6115528,149,Unhealthy for Sensitive Groups,2,27.0,81,0.0,16.5,151,1004.3,100,51.3,51.5,661.0,40.7,54.0,38.2
2025-04-20 00:00:00,2025,4,20,0,Hà Nội,Xã Tây Phương,21.0403672,105.6115528,147,Unhealthy for Sensitive Groups,2,27.1,79,0.0,16.6,153,1003.9,96,50.3,50.6,599.0,40.5,53.0,36.4
2025-04-20 01:00:00,2025,4,20,1,Hà Nội,Xã Tây Phương,21.0403672,105.6115528,146,Unhealthy for Sensitive Groups,2,26.7,80,0.0,15.3,155,1003.3,32,48.2,48.8,549.0,40.4,51.0,34.8
2025-04-20 02:00:00,2025,4,20,2,Hà Nội,Xã Tây Phương,21.0403672,105.6115528,146,Unhealthy for Sensitive Groups,2,26.0,84,0.0,14.6,151,1003.0,9,47.4,48.1,512.0,40.9,48.0,33.6
2025-04-20 03:00:00,2025,4,20,3,Hà Nội,Xã Tây Phương,21.0403672,105.6115528,145,Unhealthy for Sensitive Groups,2,25.5,87,0.0,11.8,155,1003.1,7,48.5,49.6,487.0,41.4,44.0,32.6
2025-04-20 04:00:00,2025,4,20,4,Hà Nội,Xã Tây Phương,21.0403672,105.6115528,144,Unhealthy for Sensitive Groups,2,25.0,91,0.0,11.2,148,1003.4,1,51.0,52.3,479.0,41.9,43.0,32.7
2025-04-20 05:00:00,2025,4,20,5,Hà Nội,Xã Tây Phương,21.0403672,105.6115528,142,Unhealthy for Sensitive Groups,2,24.5,94,0.0,10.2,148,1004.2,11,54.0,55.6,500.0,43.0,41.0,34.8
2025-04-20 06:00:00,2025,4,20,6,Hà Nội,Xã Tây Phương,21.0403672,105.6115528,140,Unhealthy for Sensitive Groups,2,24.4,95,0.0,9.8,142,1005.1,0,64.3,65.2,539.0,44.1,42.0,37.9
2025-04-20 07:00:00,2025,4,20,7,Hà Nội,Xã Tây Phương,21.0403672,105.6115528,137,Unhealthy for Sensitive Groups,2,25.5,91,0.0,6.5,148,1006.0,0,67.8,68.9,566.0,43.7,55.0,42.4
2025-04-20 08:00:00,2025,4,20,8,Hà Nội,Xã Tây Phương,21.0403672,105.6115528,135,Unhealthy for Sensitive Groups,2,27.3,86,0.0,5.7,143,1007.0,11,63.8,64.5,569.0,38.1,88.0,43.8
2025-04-20 09:00:00,2025,4,20,9,Hà Nội,Xã Tây Phương,21.0403672,105.6115528,135,Unhealthy for Sensitive Groups,2,29.0,80,0.0,7.3,152,1007.3,12,58.3,58.8,559.0,30.3,133.0,45.5
2025-04-20 10:00:00,2025,4,20,10,Hà Nội,Xã Tây Phương,21.0403672,105.6115528,134,Unhealthy for Sensitive Groups,2,30.5,73,0.0,7.9,150,1007.4,24,55.9,56.1,542.0,22.8,172.0,44.5
2025-04-20 11:00:00,2025,4,20,11,Hà Nội,Xã Tây Phương,21.0403672,105.6115528,133,Unhealthy for Sensitive Groups,2,31.8,68,0.0,8.5,138,1006.8,26,46.0,46.2,518.0,16.1,198.0,38.2
2025-04-20 12:00:00,2025,4,20,12,Hà Nội,Xã Tây Phương,21.0403672,105.6115528,132,Unhealthy for Sensitive Groups,2,33.0,65,0.0,9.6,142,1005.7,14,40.2,40.4,486.0,9.8,217.0,29.3
2025-04-20 13:00:00,2025,4,20,13,Hà Nội,Xã Tây Phương,21.0403672,105.6115528,131,Unhealthy for Sensitive Groups,2,33.7,63,0.0,11.6,154,1004.4,65,34.0,34.1,448.0,5.6,227.0,22.5
2025-04-20 14:00:00,2025,4,20,14,Hà Nội,Xã Tây Phương,21.0403672,105.6115528,130,Unhealthy for Sensitive Groups,2,33.7,64,0.0,15.2,166,1003.1,65,30.0,30.2,391.0,4.2,225.0,19.6
2025-04-20 15:00:00,2025,4,20,15,Hà Nội,Xã Tây Phương,21.0403672,105.6115528,146,Unhealthy for Sensitive Groups,2,33.8,63,0.0,16.3,162,1002.4,29,27.9,27.9,328.0,5.0,214.0,18.8
2025-04-20 16:00:00,2025,4,20,16,Hà Nội,Xã Tây Phương,21.0403672,105.6115528,173,Unhealthy,3,33.6,62,0.0,19.0,155,1001.8,46,28.5,28.6,304.0,7.8,200.0,20.2
2025-04-20 17:00:00,2025,4,20,17,Hà Nội,Xã Tây Phương,21.0403672,105.6115528,190,Unhealthy,3,32.2,69,0.0,17.9,148,1002.0,71,34.2,34.3,356.0,13.9,184.0,24.9
2025-04-20 18:00:00,2025,4,20,18,Hà Nội,Xã Tây Phương,21.0403672,105.6115528,199,Unhealthy,3,30.8,75,0.0,18.2,144,1002.7,27,39.6,39.7,446.0,22.0,164.0,31.7
2025-04-20 19:00:00,2025,4,20,19,Hà Nội,Xã Tây Phương,21.0403672,105.6115528,197,Unhealthy,3,29.1,79,0.0,20.2,150,1003.4,10,45.5,46.1,505.0,29.1,151.0,39.8
2025-04-20 20:00:00,2025,4,20,20,Hà Nội,Xã Tây Phương,21.0403672,105.6115528,190,Unhealthy,3,28.3,80,0.1,16.5,152,1005.1,76,43.5,44.0,498.0,30.1,135.0,39.9
2025-04-20 21:00:00,2025,4,20,21,Hà Nội,Xã Tây Phương,21.0403672,105.6115528,177,Unhealthy,3,27.8,81,0.0,15.9,151,1006.2,76,42.6,43.2,459.0,31.5,113.0,39.9
2025-04-20 22:00:00,2025,4,20,22,Hà Nội,Xã Tây Phương,21.0403672,105.6115528,158,Unhealthy,3,27.2,82,0.0,17.2,153,1006.7,70,42.1,43.2,422.0,32.8,94.0,39.4
2025-04-20 23:00:00,2025,4,20,23,Hà Nội,Xã Tây Phương,21.0403672,105.6115528,133,Unhealthy for Sensitive Groups,2,27.0,82,0.0,17.9,156,1006.6,29,42.1,43.2,395.0,33.8,82.0,37.8
2025-04-21 00:00:00,2025,4,21,0,Hà Nội,Xã Tây Phương,21.0403672,105.6115528,126,Unhealthy for Sensitive Groups,2,26.5,84,0.0,16.1,156,1006.4,30,42.3,43.4,370.0,34.8,74.0,35.6
2025-04-21 01:00:00,2025,4,21,1,Hà Nội,Xã Tây Phương,21.0403672,105.6115528,126,Unhealthy for Sensitive Groups,2,26.1,84,0.0,14.8,154,1006.0,23,43.0,44.1,350.0,35.6,66.0,33.8
2025-04-21 02:00:00,2025,4,21,2,Hà Nội,Xã Tây Phương,21.0403672,105.6115528,125,Unhealthy for Sensitive Groups,2,25.8,86,0.0,13.1,153,1005.4,99,44.2,45.5,334.0,36.3,58.0,32.4
2025-04-21 03:00:00,2025,4,21,3,Hà Nội,Xã Tây Phương,21.0403672,105.6115528,125,Unhealthy for Sensitive Groups,2,25.4,87,0.0,13.0,147,1005.3,65,46.3,47.7,324.0,37.0,51.0,31.5
2025-04-21 04:00:00,2025,4,21,4,Hà Nội,Xã Tây Phương,21.0403672,105.6115528,124,Unhealthy for Sensitive Groups,2,25.0,89,0.0,12.7,144,1005.5,10,48.5,49.9,331.0,37.6,46.0,31.9
2025-04-21 05:00:00,2025,4,21,5,Hà Nội,Xã Tây Phương,21.0403672,105.6115528,124,Unhealthy for Sensitive Groups,2,24.6,90,0.0,14.3,144,1006.0,7,50.4,52.4,373.0,39.1,40.0,35.3
2025-04-21 06:00:00,2025,4,21,6,Hà Nội,Xã Tây Phương,21.0403672,105.6115528,124,Unhealthy for Sensitive Groups,2,24.4,91,0.0,14.4,147,1006.6,5,52.4,55.2,433.0,40.6,36.0,40.2
2025-04-21 07:00:00,2025,4,21,7,Hà Nội,Xã Tây Phương,21.0403672,105.6115528,123,Unhealthy for Sensitive Groups,2,25.4,88,0.0,13.6,145,1007.5,3,49.9,53.3,466.0,40.8,44.0,46.3
2025-04-21 08:00:00,2025,4,21,8,Hà Nội,Xã Tây Phương,21.0403672,105.6115528,121,Unhealthy for Sensitive Groups,2,26.7,90,0.0,18.4,153,1009.1,100,51.7,53.6,449.0,35.3,68.0,42.0
2025-04-21 09:00:00,2025,4,21,9,Hà Nội,Xã Tây Phương,21.0403672,105.6115528,119,Unhealthy for Sensitive Groups,2,28.4,83,0.0,17.8,159,1009.2,100,58.9,60.3,405.0,27.5,102.0,36.0
2025-04-21 10:00:00,2025,4,21,10,Hà Nội,Xã Tây Phương,21.0403672,105.6115528,120,Unhealthy for Sensitive Groups,2,29.6,78,0.0,17.2,156,1008.9,63,60.1,61.0,368.0,20.3,134.0,30.3
2025-04-21 11:00:00,2025,4,21,11,Hà Nội,Xã Tây Phương,21.0403672,105.6115528,120,Unhealthy for Sensitive Groups,2,31.6,70,0.0,18.7,150,1007.8,18,56.9,57.7,347.0,14.3,165.0,25.5
2025-04-21 12:00:00,2025,4,21,12,Hà Nội,Xã Tây Phương,21.0403672,105.6115528,121,Unhealthy for Sensitive Groups,2,33.0,64,0.0,18.6,155,1006.8,55,53.6,54.1,332.0,8.9,195.0,21.1
2025-04-21 13:00:00,2025,4,21,13,Hà Nội,Xã Tây Phương,21.0403672,105.6115528,123,Unhealthy for Sensitive Groups,2,33.5,63,0.0,18.0,154,1005.7,62,48.4,48.9,325.0,5.5,212.0,18.0
2025-04-21 14:00:00,2025,4,21,14,Hà Nội,Xã Tây Phương,21.0403672,105.6115528,124,Unhealthy for Sensitive Groups,2,34.2,60,0.0,17.2,159,1004.1,40,42.5,42.8,329.0,4.3,209.0,16.2
2025-04-21 15:00:00,2025,4,21,15,Hà Nội,Xã Tây Phương,21.0403672,105.6115528,125,Unhealthy for Sensitive Groups,2,34.7,58,0.0,15.5,172,1002.8,35,37.8,38.2,342.0,5.0,192.0,15.8
2025-04-21 16:00:00,2025,4,21,16,Hà Nội,Xã Tây Phương,21.0403672,105.6115528,138,Unhealthy for Sensitive Groups,2,34.2,60,0.0,17.7,157,1002.5,42,34.1,34.3,358.0,7.9,174.0,17.3
2025-04-21 17:00:00,2025,4,21,17,Hà Nội,Xã Tây Phương,21.0403672,105.6115528,158,Unhealthy,3,31.5,74,0.0,21.3,126,1002.7,10,34.5,34.7,378.0,14.5,156.0,22.2
2025-04-21 18:00:00,2025,4,21,18,Hà Nội,Xã Tây Phương,21.0403672,105.6115528,167,Unhealthy,3,29.7,81,0.0,19.8,142,1003.3,15,38.3,38.5,402.0,23.4,135.0,29.1
2025-04-21 19:00:00,2025,4,21,19,Hà Nội,Xã Tây Phương,21.0403672,105.6115528,167,Unhealthy,3,28.9,80,0.0,21.4,151,1004.1,2,47.4,47.8,420.0,29.2,123.0,39.6
2025-04-21 20:00:00,2025,4,21,20,Hà Nội,Xã Tây Phương,21.0403672,105.6115528,160,Unhealthy,3,27.5,80,0.0,18.3,147,1005.8,99,47.5,47.8,429.0,32.1,107.0,41.7
2025-04-21 21:00:00,2025,4,21,21,Hà Nội,Xã Tây Phương,21.0403672,105.6115528,145,Unhealthy for Sensitive Groups,2,27.0,81,0.0,15.9,149,1006.5,94,47.8,48.3,432.0,36.3,84.0,44.5
2025-04-21 22:00:00,2025,4,21,22,Hà Nội,Xã Tây Phương,21.0403672,105.6115528,128,Unhealthy for Sensitive Groups,2,26.5,83,0.0,13.7,146,1007.0,88,47.5,48.4,430.0,40.0,65.0,46.2
2025-04-21 23:00:00,2025,4,21,23,Hà Nội,Xã Tây Phương,21.0403672,105.6115528,129,Unhealthy for Sensitive Groups,2,26.0,86,0.0,13.3,150,1006.9,24,49.0,50.2,420.0,42.9,53.0,45.7
2025-04-22 00:00:00,2025,4,22,0,Hà Nội,Xã Tây Phương,21.0403672,105.6115528,129,Unhealthy for Sensitive Groups,2,25.6,87,0.0,12.8,148,1006.7,15,51.8,53.0,405.0,45.4,45.0,44.0
2025-04-22 01:00:00,2025,4,22,1,Hà Nội,Xã Tây Phương,21.0403672,105.6115528,130,Unhealthy for Sensitive Groups,2,25.3,90,0.0,12.2,149,1006.2,0,55.3,56.6,398.0,47.4,38.0,42.1
2025-04-22 02:00:00,2025,4,22,2,Hà Nội,Xã Tây Phương,21.0403672,105.6115528,132,Unhealthy for Sensitive Groups,2,25.0,91,0.0,12.9,152,1005.4,2,57.2,58.4,397.0,48.8,30.0,39.5
2025-04-22 03:00:00,2025,4,22,3,Hà Nội,Xã Tây Phương,21.0403672,105.6115528,133,Unhealthy for Sensitive Groups,2,24.8,93,0.0,9.9,153,1005.0,0,58.9,60.3,404.0,49.7,24.0,36.7
2025-04-22 04:00:00,2025,4,22,4,Hà Nội,Xã Tây Phương,21.0403672,105.6115528,134,Unhealthy for Sensitive Groups,2,24.5,95,0.0,7.8,143,1005.4,0,61.5,62.9,432.0,49.8,21.0,36.0
2025-04-22 05:00:00,2025,4,22,5,Hà Nội,Xã Tây Phương,21.0403672,105.6115528,136,Unhealthy for Sensitive Groups,2,24.1,96,0.0,7.6,137,1006.1,0,64.7,65.9,507.0,49.3,21.0,39.0
2025-04-22 06:00:00,2025,4,22,6,Hà Nội,Xã Tây Phương,21.0403672,105.6115528,137,Unhealthy for Sensitive Groups,2,24.1,97,0.0,5.5,134,1006.7,0,69.4,70.8,603.0,47.9,24.0,44.1
2025-04-22 07:00:00,2025,4,22,7,Hà Nội,Xã Tây Phương,21.0403672,105.6115528,139,Unhealthy for Sensitive Groups,2,25.4,92,0.0,3.3,139,1007.4,1,71.9,73.8,663.0,43.4,36.0,45.3
2025-04-22 08:00:00,2025,4,22,8,Hà Nội,Xã Tây Phương,21.0403672,105.6115528,141,Unhealthy for Sensitive Groups,2,27.6,86,0.0,1.8,156,1008.3,62,69.8,71.9,658.0,38.8,67.0,45.9
2025-04-22 09:00:00,2025,4,22,9,Hà Nội,Xã Tây Phương,21.0403672,105.6115528,143,Unhealthy for Sensitive Groups,2,29.0,80,0.0,1.4,50,1008.3,10,68.0,69.6,617.0,32.2,110.0,46.6
2025-04-22 10:00:00,2025,4,22,10,Hà Nội,Xã Tây Phương,21.0403672,105.6115528,144,Unhealthy for Sensitive Groups,2,30.5,76,0.0,2.2,90,1008.2,40,65.0,65.9,566.0,25.4,152.0,45.1
2025-04-22 11:00:00,2025,4,22,11,Hà Nội,Xã Tây Phương,21.0403672,105.6115528,144,Unhealthy for Sensitive Groups,2,31.8,71,0.0,2.7,122,1007.3,64,62.9,63.6,505.0,18.3,192.0,39.6
2025-04-22 12:00:00,2025,4,22,12,Hà Nội,Xã Tây Phương,21.0403672,105.6115528,145,Unhealthy for Sensitive Groups,2,32.8,68,0.0,5.1,153,1006.1,19,58.9,59.6,434.0,11.0,229.0,32.0
2025-04-22 13:00:00,2025,4,22,13,Hà Nội,Xã Tây Phương,21.0403672,105.6115528,146,Unhealthy for Sensitive Groups,2,33.7,65,0.0,6.8,162,1004.5,35,51.2,51.8,384.0,6.2,250.0,26.1
2025-04-22 14:00:00,2025,4,22,14,Hà Nội,Xã Tây Phương,21.0403672,105.6115528,146,Unhealthy for Sensitive Groups,2,33.9,65,0.0,9.7,153,1003.1,94,42.8,43.5,371.0,5.0,244.0,23.2
2025-04-22 15:00:00,2025,4,22,15,Hà Nội,Xã Tây Phương,21.0403672,105.6115528,146,Unhealthy for Sensitive Groups,2,33.7,69,0.0,15.2,141,1002.0,47,39.7,40.5,379.0,6.3,221.0,21.9
2025-04-22 16:00:00,2025,4,22,16,Hà Nội,Xã Tây Phương,21.0403672,105.6115528,171,Unhealthy,3,34.8,57,0.0,14.1,170,1001.6,28,38.1,38.9,393.0,9.4,193.0,22.0
2025-04-22 17:00:00,2025,4,22,17,Hà Nội,Xã Tây Phương,21.0403672,105.6115528,191,Unhealthy,3,33.1,62,0.0,12.2,160,1001.4,26,34.3,35.0,408.0,14.9,161.0,23.8
2025-04-22 18:00:00,2025,4,22,18,Hà Nội,Xã Tây Phương,21.0403672,105.6115528,199,Unhealthy,3,31.0,71,0.0,16.5,155,1001.8,31,34.6,35.3,429.0,22.1,125.0,26.9
2025-04-22 19:00:00,2025,4,22,19,Hà Nội,Xã Tây Phương,21.0403672,105.6115528,195,Unhealthy,3,29.9,79,0.0,15.1,155,1002.7,39,45.3,45.5,457.0,29.5,131.0,40.3
2025-04-22 20:00:00,2025,4,22,20,Hà Nội,Xã Tây Phương,21.0403672,105.6115528,185,Unhealthy,3,28.8,86,0.0,13.1,157,1003.4,96,48.9,49.1,501.0,34.0,110.0,42.7
2025-04-22 21:00:00,2025,4,22,21,Hà Nội,Xã Tây Phương,21.0403672,105.6115528,166,Unhealthy,3,28.3,89,0.0,11.8,149,1004.3,91,55.5,55.9,552.0,40.2,82.0,45.9
2025-04-22 22:00:00,2025,4,22,22,Hà Nội,Xã Tây Phương,21.0403672,105.6115528,147,Unhealthy for Sensitive Groups,2,27.9,90,0.0,13.1,157,1005.0,100,63.8,64.0,580.0,45.3,58.0,47.6
2025-04-22 23:00:00,2025,4,22,23,Hà Nội,Xã Tây Phương,21.0403672,105.6115528,149,Unhealthy for Sensitive Groups,2,27.5,90,0.0,13.7,163,1004.9,98,67.1,67.3,563.0,48.1,45.0,46.3
2025-04-23 00:00:00,2025,4,23,0,Hà Nội,Xã Tây Phương,21.0403672,105.6115528,150,Unhealthy for Sensitive Groups,2,27.1,90,0.0,13.5,161,1004.3,93,65.7,66.1,524.0,49.9,37.0,43.4
2025-04-23 01:00:00,2025,4,23,1,Hà Nội,Xã Tây Phương,21.0403672,105.6115528,150,Unhealthy for Sensitive Groups,2,26.6,91,0.0,12.3,155,1003.6,8,65.2,65.4,497.0,51.5,31.0,41.2
2025-04-23 02:00:00,2025,4,23,2,Hà Nội,Xã Tây Phương,21.0403672,105.6115528,151,Unhealthy,3,26.0,93,0.0,9.8,156,1003.0,0,65.2,65.7,496.0,53.8,25.0,40.5
2025-04-23 03:00:00,2025,4,23,3,Hà Nội,Xã Tây Phương,21.0403672,105.6115528,151,Unhealthy,3,25.1,96,0.0,4.9,141,1002.7,0,66.6,67.5,508.0,56.1,21.0,40.4
2025-04-23 04:00:00,2025,4,23,4,Hà Nội,Xã Tây Phương,21.0403672,105.6115528,151,Unhealthy,3,24.8,96,0.0,4.7,106,1002.8,46,69.4,70.5,527.0,56.7,21.0,40.8
2025-04-23 05:00:00,2025,4,23,5,Hà Nội,Xã Tây Phương,21.0403672,105.6115528,151,Unhealthy,3,24.5,97,0.0,4.2,85,1003.8,100,75.0,76.1,553.0,55.2,25.0,42.2
2025-04-23 06:00:00,2025,4,23,6,Hà Nội,Xã Tây Phương,21.0403672,105.6115528,151,Unhealthy,3,24.5,98,0.0,3.5,55,1004.7,100,81.0,82.2,586.0,52.1,33.0,44.0
2025-04-23 07:00:00,2025,4,23,7,Hà Nội,Xã Tây Phương,21.0403672,105.6115528,152,Unhealthy,3,26.0,92,0.0,5.6,50,1005.6,100,71.7,73.1,619.0,47.3,49.0,44.6
2025-04-23 08:00:00,2025,4,23,8,Hà Nội,Xã Tây Phương,21.0403672,105.6115528,152,Unhealthy,3,28.0,86,0.0,3.3,77,1006.0,99,60.5,61.9,657.0,40.0,76.0,43.3
2025-04-23 09:00:00,2025,4,23,9,Hà Nội,Xã Tây Phương,21.0403672,105.6115528,151,Unhealthy,3,29.4,81,0.0,3.2,56,1006.3,99,54.8,55.8,695.0,31.1,111.0,40.7
2025-04-23 10:00:00,2025,4,23,10,Hà Nội,Xã Tây Phương,21.0403672,105.6115528,151,Unhealthy,3,30.9,77,0.0,3.9,53,1006.1,98,53.6,54.6,717.0,23.0,148.0,37.7
2025-04-23 11:00:00,2025,4,23,11,Hà Nội,Xã Tây Phương,21.0403672,105.6115528,151,Unhealthy,3,32.3,72,0.0,5.1,58,1005.5,99,53.8,55.2,712.0,16.2,188.0,33.7
2025-04-23 12:00:00,2025,4,23,12,Hà Nội,Xã Tây Phương,21.0403672,105.6115528,151,Unhealthy,3,33.5,67,0.0,4.3,62,1004.4,89,54.6,56.2,691.0,10.3,229.0,29.2
2025-04-23 13:00:00,2025,4,23,13,Hà Nội,Xã Tây Phương,21.0403672,105.6115528,151,Unhealthy,3,34.2,62,0.0,3.9,62,1003.0,37,54.1,55.9,664.0,6.6,259.0,26.1
2025-04-23 14:00:00,2025,4,23,14,Hà Nội,Xã Tây Phương,21.0403672,105.6115528,151,Unhealthy,3,35.2,59,0.0,5.7,156,1001.5,61,54.2,56.1,617.0,5.5,276.0,25.4
2025-04-23 15:00:00,2025,4,23,15,Hà Nội,Xã Tây Phương,21.0403672,105.6115528,151,Unhealthy,3,33.3,68,0.0,10.1,96,1000.6,68,55.9,57.7,565.0,6.7,282.0,26.2
2025-04-23 16:00:00,2025,4,23,16,Hà Nội,Xã Tây Phương,21.0403672,105.6115528,188,Unhealthy,3,26.0,93,18.6,16.6,47,1001.9,100,57.4,59.4,561.0,10.0,274.0,27.7
2025-04-23 17:00:00,2025,4,23,17,Hà Nội,Xã Tây Phương,21.0403672,105.6115528,208,Very Unhealthy,4,27.2,89,3.1,9.8,83,1001.7,100,61.2,63.1,639.0,17.2,246.0,30.4
2025-04-23 18:00:00,2025,4,23,18,Hà Nội,Xã Tây Phương,21.0403672,105.6115528,217,Very Unhealthy,4,26.0,91,0.6,5.7,18,1003.1,100,67.8,69.6,766.0,26.6,204.0,33.8
2025-04-23 19:00:00,2025,4,23,19,Hà Nội,Xã Tây Phương,21.0403672,105.6115528,221,Very Unhealthy,4,26.0,92,0.1,7.3,211,1003.2,100,56.0,57.7,895.0,36.9,118.0,34.0
2025-04-23 20:00:00,2025,4,23,20,Hà Nội,Xã Tây Phương,21.0403672,105.6115528,216,Very Unhealthy,4,26.4,92,0.0,14.4,86,1004.2,99,65.4,67.3,1048.0,40.2,105.0,39.6
2025-04-23 21:00:00,2025,4,23,21,Hà Nội,Xã Tây Phương,21.0403672,105.6115528,208,Very Unhealthy,4,26.4,89,0.0,13.9,120,1004.6,100,70.5,73.1,1202.0,44.8,87.0,47.1
2025-04-23 22:00:00,2025,4,23,22,Hà Nội,Xã Tây Phương,21.0403672,105.6115528,191,Unhealthy,3,25.8,88,0.0,11.2,140,1004.9,100,77.1,79.9,1243.0,48.9,70.0,51.8
2025-04-23 23:00:00,2025,4,23,23,Hà Nội,Xã Tây Phương,21.0403672,105.6115528,158,Unhealthy,3,25.4,90,0.0,4.3,73,1005.4,100,84.1,86.8,1075.0,51.7,55.0,50.4
2025-04-24 00:00:00,2025,4,24,0,Hà Nội,Xã Tây Phương,21.0403672,105.6115528,155,Unhealthy,3,25.0,91,0.0,10.6,99,1005.0,100,84.1,86.6,794.0,54.0,40.0,46.1
2025-04-24 01:00:00,2025,4,24,1,Hà Nội,Xã Tây Phương,21.0403672,105.6115528,155,Unhealthy,3,24.6,92,0.0,3.5,75,1004.2,100,83.1,85.7,573.0,55.7,29.0,43.4
2025-04-24 02:00:00,2025,4,24,2,Hà Nội,Xã Tây Phương,21.0403672,105.6115528,155,Unhealthy,3,24.4,94,0.0,3.4,25,1004.0,88,80.1,83.6,482.0,57.0,23.0,44.4
2025-04-24 03:00:00,2025,4,24,3,Hà Nội,Xã Tây Phương,21.0403672,105.6115528,156,Unhealthy,3,24.2,95,0.0,5.3,18,1004.1,100,75.4,80.1,451.0,57.8,21.0,46.9
2025-04-24 04:00:00,2025,4,24,4,Hà Nội,Xã Tây Phương,21.0403672,105.6115528,156,Unhealthy,3,24.8,93,0.0,4.0,21,1004.2,100,72.9,77.8,447.0,57.3,21.0,48.8
2025-04-24 05:00:00,2025,4,24,5,Hà Nội,Xã Tây Phương,21.0403672,105.6115528,156,Unhealthy,3,25.0,93,0.1,2.6,65,1004.9,100,65.7,70.3,468.0,55.5,21.0,49.8
2025-04-24 06:00:00,2025,4,24,6,Hà Nội,Xã Tây Phương,21.0403672,105.6115528,156,Unhealthy,3,25.1,93,0.0,3.6,9,1006.0,100,63.3,68.5,515.0,52.4,24.0,50.2
2025-04-24 07:00:00,2025,4,24,7,Hà Nội,Xã Tây Phương,21.0403672,105.6115528,155,Unhealthy,3,25.8,91,0.0,7.9,51,1006.6,100,68.0,71.9,556.0,46.3,28.0,47.8
2025-04-24 08:00:00,2025,4,24,8,Hà Nội,Xã Tây Phương,21.0403672,105.6115528,155,Unhealthy,3,26.2,90,0.0,8.8,78,1007.5,100,56.6,61.7,585.0,39.5,51.0,42.4
2025-04-24 09:00:00,2025,4,24,9,Hà Nội,Xã Tây Phương,21.0403672,105.6115528,155,Unhealthy,3,27.3,86,0.0,7.7,74,1008.0,100,49.9,56.1,607.0,30.1,85.0,34.9
2025-04-24 10:00:00,2025,4,24,10,Hà Nội,Xã Tây Phương,21.0403672,105.6115528,155,Unhealthy,3,28.3,82,0.0,7.5,73,1007.6,100,48.0,53.4,611.0,22.2,116.0,28.9
2025-04-24 11:00:00,2025,4,24,11,Hà Nội,Xã Tây Phương,21.0403672,105.6115528,155,Unhealthy,3,30.1,74,0.1,5.8,95,1006.8,54,54.4,57.7,583.0,17.4,143.0,26.0
2025-04-24 12:00:00,2025,4,24,12,Hà Nội,Xã Tây Phương,21.0403672,105.6115528,155,Unhealthy,3,31.2,71,0.0,5.1,82,1005.8,73,60.8,64.3,536.0,14.3,167.0,24.5
2025-04-24 13:00:00,2025,4,24,13,Hà Nội,Xã Tây Phương,21.0403672,105.6115528,155,Unhealthy,3,31.8,69,0.0,6.6,73,1004.6,31,65.9,69.2,494.0,12.1,188.0,23.1
2025-04-24 14:00:00,2025,4,24,14,Hà Nội,Xã Tây Phương,21.0403672,105.6115528,155,Unhealthy,3,32.5,65,0.0,5.6,88,1003.1,44,76.6,80.1,455.0,10.0,207.0,20.3
2025-04-24 15:00:00,2025,4,24,15,Hà Nội,Xã Tây Phương,21.0403672,105.6115528,156,Unhealthy,3,32.8,62,0.0,6.9,121,1001.8,24,75.2,78.2,422.0,9.0,222.0,17.6
2025-04-24 16:00:00,2025,4,24,16,Hà Nội,Xã Tây Phương,21.0403672,105.6115528,156,Unhealthy,3,32.5,65,0.0,12.4,130,1001.1,50,77.5,80.3,429.0,11.4,224.0,17.5
2025-04-24 17:00:00,2025,4,24,17,Hà Nội,Xã Tây Phương,21.0403672,105.6115528,157,Unhealthy,3,31.5,73,0.0,10.2,138,1001.6,77,82.2,84.8,519.0,21.1,202.0,22.9
2025-04-24 18:00:00,2025,4,24,18,Hà Nội,Xã Tây Phương,21.0403672,105.6115528,172,Unhealthy,3,29.4,82,0.2,4.1,151,1002.0,28,93.4,95.5,650.0,34.2,167.0,31.0
2025-04-24 19:00:00,2025,4,24,19,Hà Nội,Xã Tây Phương,21.0403672,105.6115528,180,Unhealthy,3,26.2,90,6.7,4.2,265,1004.2,100,105.5,107.1,726.0,42.5,132.0,32.9
2025-04-24 20:00:00,2025,4,24,20,Hà Nội,Xã Tây Phương,21.0403672,105.6115528,178,Unhealthy,3,28.6,83,0.0,12.7,113,1004.6,27,95.7,97.1,695.0,37.3,120.0,32.0
2025-04-24 21:00:00,2025,4,24,21,Hà Nội,Xã Tây Phương,21.0403672,105.6115528,171,Unhealthy,3,27.5,88,0.3,9.5,112,1006.4,80,76.6,78.0,609.0,30.1,102.0,30.8
2025-04-24 22:00:00,2025,4,24,22,Hà Nội,Xã Tây Phương,21.0403672,105.6115528,160,Unhealthy,3,26.3,90,5.9,3.8,355,1007.2,99,63.3,64.5,537.0,25.1,87.0,29.8
2025-04-24 23:00:00,2025,4,24,23,Hà Nội,Xã Tây Phương,21.0403672,105.6115528,159,Unhealthy,3,26.4,93,0.4,10.9,149,1007.7,100,63.8,65.0,508.0,24.8,75.0,29.4
2025-04-25 00:00:00,2025,4,25,0,Hà Nội,Xã Tây Phương,21.0403672,105.6115528,159,Unhealthy,3,24.4,94,1.8,9.9,142,1007.7,100,66.4,67.5,493.0,26.8,65.0,29.1
2025-04-25 01:00:00,2025,4,25,1,Hà Nội,Xã Tây Phương,21.0403672,105.6115528,159,Unhealthy,3,23.9,95,3.5,4.0,111,1008.2,100,63.6,65.0,467.0,27.3,60.0,28.2
2025-04-25 02:00:00,2025,4,25,2,Hà Nội,Xã Tây Phương,21.0403672,105.6115528,158,Unhealthy,3,23.9,96,2.9,8.3,2,1007.9,100,57.6,58.8,407.0,24.2,62.0,25.8
2025-04-25 03:00:00,2025,4,25,3,Hà Nội,Xã Tây Phương,21.0403672,105.6115528,158,Unhealthy,3,23.5,94,1.5,7.5,46,1008.0,100,51.2,52.5,336.0,19.8,69.0,22.7
2025-04-25 04:00:00,2025,4,25,4,Hà Nội,Xã Tây Phương,21.0403672,105.6115528,157,Unhealthy,3,23.0,91,2.1,11.2,26,1008.5,100,43.4,44.9,300.0,17.2,73.0,20.9
2025-04-25 05:00:00,2025,4,25,5,Hà Nội,Xã Tây Phương,21.0403672,105.6115528,156,Unhealthy,3,22.9,92,0.7,12.5,20,1009.1,100,40.5,42.4,333.0,18.8,71.0,21.4
2025-04-25 06:00:00,2025,4,25,6,Hà Nội,Xã Tây Phương,21.0403672,105.6115528,156,Unhealthy,3,22.8,91,1.3,12.2,24,1010.3,100,41.1,43.4,400.0,22.2,68.0,23.2
2025-04-25 07:00:00,2025,4,25,7,Hà Nội,Xã Tây Phương,21.0403672,105.6115528,155,Unhealthy,3,23.2,88,0.2,12.0,7,1011.2,100,45.4,48.7,447.0,21.4,69.0,22.8
2025-04-25 08:00:00,2025,4,25,8,Hà Nội,Xã Tây Phương,21.0403672,105.6115528,155,Unhealthy,3,24.1,86,0.0,7.7,31,1012.1,100,45.4,49.0,446.0,17.7,84.0,22.2
2025-04-25 09:00:00,2025,4,25,9,Hà Nội,Xã Tây Phương,21.0403672,105.6115528,155,Unhealthy,3,25.2,78,0.0,10.2,39,1012.7,99,42.7,47.0,424.0,12.7,105.0,21.2
2025-04-25 10:00:00,2025,4,25,10,Hà Nội,Xã Tây Phương,21.0403672,105.6115528,154,Unhealthy,3,26.8,70,0.0,13.0,53,1012.5,70,41.2,46.1,406.0,8.7,125.0,20.2
2025-04-25 11:00:00,2025,4,25,11,Hà Nội,Xã Tây Phương,21.0403672,105.6115528,154,Unhealthy,3,27.9,63,0.0,10.1,59,1011.9,100,41.2,46.2,400.0,6.8,141.0,18.9
2025-04-25 12:00:00,2025,4,25,12,Hà Nội,Xã Tây Phương,21.0403672,105.6115528,154,Unhealthy,3,28.1,64,0.0,5.7,66,1010.7,99,41.6,46.4,399.0,6.0,155.0,17.4
2025-04-25 13:00:00,2025,4,25,13,Hà Nội,Xã Tây Phương,21.0403672,105.6115528,154,Unhealthy,3,28.4,64,0.0,6.7,92,1009.1,97,42.3,46.8,405.0,5.9,166.0,16.5
2025-04-25 14:00:00,2025,4,25,14,Hà Nội,Xã Tây Phương,21.0403672,105.6115528,153,Unhealthy,3,29.0,64,0.0,7.3,110,1008.1,100,44.8,49.0,421.0,5.4,176.0,15.9
2025-04-25 15:00:00,2025,4,25,15,Hà Nội,Xã Tây Phương,21.0403672,105.6115528,152,Unhealthy,3,28.6,64,0.0,8.4,133,1007.1,99,45.5,49.2,444.0,5.6,182.0,15.7
2025-04-25 16:00:00,2025,4,25,16,Hà Nội,Xã Tây Phương,21.0403672,105.6115528,152,Unhealthy,3,28.0,69,0.0,9.4,145,1006.7,97,47.8,51.3,468.0,8.9,181.0,17.4
2025-04-25 17:00:00,2025,4,25,17,Hà Nội,Xã Tây Phương,21.0403672,105.6115528,151,Unhealthy,3,27.5,74,0.0,8.1,135,1006.4,32,52.2,55.3,493.0,18.0,167.0,22.1
2025-04-25 18:00:00,2025,4,25,18,Hà Nội,Xã Tây Phương,21.0403672,105.6115528,150,Unhealthy for Sensitive Groups,2,26.8,77,0.0,10.9,136,1006.7,1,66.6,69.2,518.0,30.3,144.0,28.6
2025-04-25 19:00:00,2025,4,25,19,Hà Nội,Xã Tây Phương,21.0403672,105.6115528,149,Unhealthy for Sensitive Groups,2,25.0,86,0.0,15.1,152,1007.8,4,96.2,100.1,535.0,37.2,131.0,38.0
2025-04-25 20:00:00,2025,4,25,20,Hà Nội,Xã Tây Phương,21.0403672,105.6115528,148,Unhealthy for Sensitive Groups,2,25.1,88,0.0,15.7,146,1008.9,95,95.0,97.8,536.0,38.8,117.0,41.3
2025-04-25 21:00:00,2025,4,25,21,Hà Nội,Xã Tây Phương,21.0403672,105.6115528,148,Unhealthy for Sensitive Groups,2,25.0,87,0.0,15.8,148,1009.9,100,94.8,97.1,529.0,40.9,97.0,45.8
2025-04-25 22:00:00,2025,4,25,22,Hà Nội,Xã Tây Phương,21.0403672,105.6115528,150,Unhealthy for Sensitive Groups,2,25.0,84,0.0,15.8,148,1010.7,100,95.5,97.3,528.0,42.4,80.0,48.9
2025-04-25 23:00:00,2025,4,25,23,Hà Nội,Xã Tây Phương,21.0403672,105.6115528,151,Unhealthy,3,24.8,83,0.0,13.6,149,1010.5,100,93.4,95.0,540.0,42.3,71.0,49.3
2025-04-26 00:00:00,2025,4,26,0,Hà Nội,Xã Tây Phương,21.0403672,105.6115528,151,Unhealthy,3,24.5,85,0.0,11.1,149,1009.8,68,87.1,88.9,559.0,41.4,65.0,48.4
2025-04-26 01:00:00,2025,4,26,1,Hà Nội,Xã Tây Phương,21.0403672,105.6115528,152,Unhealthy,3,24.0,88,0.0,8.5,142,1009.2,100,82.9,84.5,573.0,41.2,60.0,47.5
2025-04-26 02:00:00,2025,4,26,2,Hà Nội,Xã Tây Phương,21.0403672,105.6115528,152,Unhealthy,3,24.0,88,0.0,7.3,126,1009.0,100,83.1,85.0,578.0,42.2,54.0,47.0
2025-04-26 03:00:00,2025,4,26,3,Hà Nội,Xã Tây Phương,21.0403672,105.6115528,153,Unhealthy,3,23.9,89,0.0,8.9,124,1008.8,100,85.9,87.8,579.0,43.8,49.0,46.6
2025-04-26 04:00:00,2025,4,26,4,Hà Nội,Xã Tây Phương,21.0403672,105.6115528,154,Unhealthy,3,23.7,91,0.0,9.6,118,1009.2,84,88.2,90.1,585.0,45.3,45.0,47.0
2025-04-26 05:00:00,2025,4,26,5,Hà Nội,Xã Tây Phương,21.0403672,105.6115528,155,Unhealthy,3,23.6,92,0.0,9.8,118,1009.6,96,90.1,92.0,609.0,47.4,42.0,49.7
2025-04-26 06:00:00,2025,4,26,6,Hà Nội,Xã Tây Phương,21.0403672,105.6115528,156,Unhealthy,3,23.8,92,0.0,10.2,126,1010.2,100,93.1,94.8,638.0,49.3,40.0,53.2
2025-04-26 07:00:00,2025,4,26,7,Hà Nội,Xã Tây Phương,21.0403672,105.6115528,157,Unhealthy,3,24.2,91,0.0,12.0,135,1010.8,95,67.3,68.5,639.0,43.2,60.0,45.6
2025-04-26 08:00:00,2025,4,26,8,Hà Nội,Xã Tây Phương,21.0403672,105.6115528,157,Unhealthy,3,24.8,89,0.1,14.8,139,1011.8,100,58.2,59.4,586.0,40.8,66.0,43.2
2025-04-26 09:00:00,2025,4,26,9,Hà Nội,Xã Tây Phương,21.0403672,105.6115528,158,Unhealthy,3,25.4,85,0.0,14.1,143,1012.2,100,49.5,50.5,506.0,37.3,75.0,39.8
2025-04-26 10:00:00,2025,4,26,10,Hà Nội,Xã Tây Phương,21.0403672,105.6115528,158,Unhealthy,3,26.0,82,0.0,15.9,147,1012.2,100,51.8,52.7,445.0,33.5,86.0,37.2
2025-04-26 11:00:00,2025,4,26,11,Hà Nội,Xã Tây Phương,21.0403672,105.6115528,158,Unhealthy,3,27.0,78,0.0,17.3,147,1011.3,100,54.9,56.0,424.0,29.5,100.0,36.3
2025-04-26 12:00:00,2025,4,26,12,Hà Nội,Xã Tây Phương,21.0403672,105.6115528,158,Unhealthy,3,27.2,79,0.0,13.3,153,1010.5,100,62.2,63.1,421.0,25.3,115.0,36.3
2025-04-26 13:00:00,2025,4,26,13,Hà Nội,Xã Tây Phương,21.0403672,105.6115528,159,Unhealthy,3,27.5,77,0.0,15.6,150,1009.1,93,63.6,64.5,423.0,21.4,132.0,35.8
2025-04-26 14:00:00,2025,4,26,14,Hà Nội,Xã Tây Phương,21.0403672,105.6115528,159,Unhealthy,3,28.1,78,0.0,13.9,151,1007.6,16,65.0,66.1,424.0,16.8,154.0,33.9
2025-04-26 15:00:00,2025,4,26,15,Hà Nội,Xã Tây Phương,21.0403672,105.6115528,160,Unhealthy,3,29.2,72,0.0,16.9,158,1006.2,96,68.5,69.6,429.0,12.4,177.0,31.6
2025-04-26 16:00:00,2025,4,26,16,Hà Nội,Xã Tây Phương,21.0403672,105.6115528,160,Unhealthy,3,29.0,75,0.0,12.9,144,1005.5,33,55.5,56.6,436.0,12.1,184.0,31.0
2025-04-26 17:00:00,2025,4,26,17,Hà Nội,Xã Tây Phương,21.0403672,105.6115528,160,Unhealthy,3,28.8,78,0.0,14.5,133,1005.6,26,59.8,60.8,447.0,19.5,164.0,33.8
2025-04-26 18:00:00,2025,4,26,18,Hà Nội,Xã Tây Phương,21.0403672,105.6115528,160,Unhealthy,3,27.9,82,0.0,15.5,142,1006.4,60,66.4,66.8,459.0,30.9,129.0,38.3
2025-04-26 19:00:00,2025,4,26,19,Hà Nội,Xã Tây Phương,21.0403672,105.6115528,160,Unhealthy,3,27.2,83,0.0,17.8,146,1007.5,27,74.5,75.4,464.0,39.6,91.0,40.3
2025-04-26 20:00:00,2025,4,26,20,Hà Nội,Xã Tây Phương,21.0403672,105.6115528,160,Unhealthy,3,26.3,89,0.0,14.8,129,1008.2,59,69.8,70.8,456.0,39.1,80.0,39.7
2025-04-26 21:00:00,2025,4,26,21,Hà Nội,Xã Tây Phương,21.0403672,105.6115528,159,Unhealthy,3,25.6,91,0.0,15.5,147,1009.3,94,62.6,63.6,439.0,38.5,66.0,38.9
2025-04-26 22:00:00,2025,4,26,22,Hà Nội,Xã Tây Phương,21.0403672,105.6115528,159,Unhealthy,3,25.1,93,0.0,15.9,149,1010.2,100,56.5,57.4,423.0,38.0,54.0,38.1
2025-04-26 23:00:00,2025,4,26,23,Hà Nội,Xã Tây Phương,21.0403672,105.6115528,158,Unhealthy,3,25.0,95,0.0,15.8,150,1009.9,100,53.3,54.4,408.0,37.9,49.0,37.3
2025-04-27 00:00:00,2025,4,27,0,Hà Nội,Xã Tây Phương,21.0403672,105.6115528,157,Unhealthy,3,25.0,96,0.0,14.3,153,1009.5,100,53.2,54.1,393.0,37.9,47.0,36.6
2025-04-27 01:00:00,2025,4,27,1,Hà Nội,Xã Tây Phương,21.0403672,105.6115528,156,Unhealthy,3,25.0,96,0.0,11.9,157,1009.1,100,54.1,55.2,379.0,37.7,45.0,35.8
2025-04-27 02:00:00,2025,4,27,2,Hà Nội,Xã Tây Phương,21.0403672,105.6115528,156,Unhealthy,3,25.0,96,0.0,11.6,148,1008.7,100,57.9,58.9,362.0,37.2,43.0,34.9
2025-04-27 03:00:00,2025,4,27,3,Hà Nội,Xã Tây Phương,21.0403672,105.6115528,155,Unhealthy,3,25.1,97,0.0,11.2,142,1008.3,100,63.6,64.7,345.0,36.4,41.0,34.0
2025-04-27 04:00:00,2025,4,27,4,Hà Nội,Xã Tây Phương,21.0403672,105.6115528,155,Unhealthy,3,25.3,96,0.0,12.4,141,1008.8,100,67.5,68.9,340.0,35.7,40.0,33.6
2025-04-27 05:00:00,2025,4,27,5,Hà Nội,Xã Tây Phương,21.0403672,105.6115528,154,Unhealthy,3,25.4,96,0.0,10.8,132,1008.8,100,69.4,70.8,358.0,35.1,40.0,33.9
2025-04-27 06:00:00,2025,4,27,6,Hà Nội,Xã Tây Phương,21.0403672,105.6115528,154,Unhealthy,3,25.4,95,0.0,11.9,128,1009.5,100,71.0,72.4,387.0,34.6,42.0,34.7
2025-04-27 07:00:00,2025,4,27,7,Hà Nội,Xã Tây Phương,21.0403672,105.6115528,153,Unhealthy,3,25.9,92,0.1,14.0,142,1010.1,100,54.7,56.1,410.0,30.6,43.0,31.4
2025-04-27 08:00:00,2025,4,27,8,Hà Nội,Xã Tây Phương,21.0403672,105.6115528,153,Unhealthy,3,25.5,91,0.2,13.5,135,1011.4,99,45.2,46.3,414.0,27.8,58.0,30.3
2025-04-27 09:00:00,2025,4,27,9,Hà Nội,Xã Tây Phương,21.0403672,105.6115528,153,Unhealthy,3,26.0,90,0.1,9.1,165,1011.3,100,36.6,37.4,412.0,23.8,80.0,28.7
2025-04-27 10:00:00,2025,4,27,10,Hà Nội,Xã Tây Phương,21.0403672,105.6115528,152,Unhealthy,3,27.4,84,0.1,10.6,166,1011.2,100,34.5,35.2,416.0,20.0,102.0,27.3
2025-04-27 11:00:00,2025,4,27,11,Hà Nội,Xã Tây Phương,21.0403672,105.6115528,152,Unhealthy,3,29.1,78,0.1,8.6,202,1010.9,100,37.7,38.4,437.0,16.6,123.0,26.3
2025-04-27 12:00:00,2025,4,27,12,Hà Nội,Xã Tây Phương,21.0403672,105.6115528,152,Unhealthy,3,29.7,73,0.0,9.1,198,1009.4,47,41.6,42.4,464.0,13.3,144.0,25.4
2025-04-27 13:00:00,2025,4,27,13,Hà Nội,Xã Tây Phương,21.0403672,105.6115528,151,Unhealthy,3,31.0,70,0.0,4.9,180,1007.5,35,42.5,43.1,484.0,11.0,161.0,24.9
2025-04-27 14:00:00,2025,4,27,14,Hà Nội,Xã Tây Phương,21.0403672,105.6115528,151,Unhealthy,3,32.2,64,0.0,9.6,152,1005.9,79,45.9,46.6,488.0,9.3,177.0,24.4
2025-04-27 15:00:00,2025,4,27,15,Hà Nội,Xã Tây Phương,21.0403672,105.6115528,150,Unhealthy for Sensitive Groups,2,31.7,67,0.0,13.7,152,1005.0,97,47.6,48.3,484.0,8.5,190.0,24.1
2025-04-27 16:00:00,2025,4,27,16,Hà Nội,Xã Tây Phương,21.0403672,105.6115528,149,Unhealthy for Sensitive Groups,2,31.0,72,0.0,14.8,143,1004.6,83,46.4,47.1,483.0,10.5,189.0,25.2
2025-04-27 17:00:00,2025,4,27,17,Hà Nội,Xã Tây Phương,21.0403672,105.6115528,148,Unhealthy for Sensitive Groups,2,30.4,76,0.0,13.1,120,1004.3,42,49.1,49.7,493.0,17.5,167.0,29.0
2025-04-27 18:00:00,2025,4,27,18,Hà Nội,Xã Tây Phương,21.0403672,105.6115528,147,Unhealthy for Sensitive Groups,2,29.1,82,0.0,16.2,116,1004.9,66,52.4,52.9,506.0,27.2,131.0,34.1
2025-04-27 19:00:00,2025,4,27,19,Hà Nội,Xã Tây Phương,21.0403672,105.6115528,145,Unhealthy for Sensitive Groups,2,27.7,89,0.0,18.0,126,1006.1,96,81.3,82.9,508.0,44.2,69.0,41.1
2025-04-27 20:00:00,2025,4,27,20,Hà Nội,Xã Tây Phương,21.0403672,105.6115528,146,Unhealthy for Sensitive Groups,2,27.0,90,0.0,16.1,132,1007.5,100,74.7,76.1,490.0,46.3,56.0,42.3
2025-04-27 21:00:00,2025,4,27,21,Hà Nội,Xã Tây Phương,21.0403672,105.6115528,147,Unhealthy for Sensitive Groups,2,26.5,92,0.0,15.0,136,1008.3,99,63.8,65.9,460.0,49.0,38.0,43.7
2025-04-27 22:00:00,2025,4,27,22,Hà Nội,Xã Tây Phương,21.0403672,105.6115528,147,Unhealthy for Sensitive Groups,2,26.0,94,0.0,14.9,138,1008.6,100,57.0,58.9,431.0,50.8,24.0,43.6
2025-04-27 23:00:00,2025,4,27,23,Hà Nội,Xã Tây Phương,21.0403672,105.6115528,147,Unhealthy for Sensitive Groups,2,25.5,95,0.0,12.7,136,1008.9,100,50.9,52.6,407.0,51.1,16.0,40.7
2025-04-28 00:00:00,2025,4,28,0,Hà Nội,Xã Tây Phương,21.0403672,105.6115528,147,Unhealthy for Sensitive Groups,2,25.3,96,0.0,12.7,120,1008.7,100,43.1,45.8,383.0,50.4,12.0,36.2
2025-04-28 01:00:00,2025,4,28,1,Hà Nội,Xã Tây Phương,21.0403672,105.6115528,145,Unhealthy for Sensitive Groups,2,25.3,95,0.0,11.1,110,1008.7,100,38.6,41.3,357.0,48.2,13.0,31.7
2025-04-28 02:00:00,2025,4,28,2,Hà Nội,Xã Tây Phương,21.0403672,105.6115528,144,Unhealthy for Sensitive Groups,2,25.2,95,0.2,10.5,96,1008.6,100,37.4,40.2,319.0,43.5,22.0,27.1
2025-04-28 03:00:00,2025,4,28,3,Hà Nội,Xã Tây Phương,21.0403672,105.6115528,142,Unhealthy for Sensitive Groups,2,24.8,97,0.7,12.6,88,1008.2,100,35.0,38.0,280.0,37.3,35.0,22.4
2025-04-28 04:00:00,2025,4,28,4,Hà Nội,Xã Tây Phương,21.0403672,105.6115528,139,Unhealthy for Sensitive Groups,2,22.6,98,9.1,19.7,54,1009.4,100,28.1,30.4,267.0,32.5,47.0,19.5
2025-04-28 05:00:00,2025,4,28,5,Hà Nội,Xã Tây Phương,21.0403672,105.6115528,135,Unhealthy for Sensitive Groups,2,23.5,97,4.0,9.4,64,1009.5,98,20.0,21.9,301.0,30.7,53.0,19.5
2025-04-28 06:00:00,2025,4,28,6,Hà Nội,Xã Tây Phương,21.0403672,105.6115528,129,Unhealthy for Sensitive Groups,2,23.5,98,0.6,8.9,96,1010.1,100,20.5,22.2,361.0,30.4,57.0,21.3
2025-04-28 07:00:00,2025,4,28,7,Hà Nội,Xã Tây Phương,21.0403672,105.6115528,124,Unhealthy for Sensitive Groups,2,23.0,99,9.9,13.8,27,1011.8,100,23.5,24.6,419.0,25.5,68.0,21.9
2025-04-28 08:00:00,2025,4,28,8,Hà Nội,Xã Tây Phương,21.0403672,105.6115528,121,Unhealthy for Sensitive Groups,2,23.1,97,0.7,16.3,65,1012.1,100,24.3,25.2,469.0,22.1,84.0,22.7
2025-04-28 09:00:00,2025,4,28,9,Hà Nội,Xã Tây Phương,21.0403672,105.6115528,119,Unhealthy for Sensitive Groups,2,24.1,94,2.7,17.1,36,1013.3,100,22.9,23.8,515.0,17.4,105.0,23.9
2025-04-28 10:00:00,2025,4,28,10,Hà Nội,Xã Tây Phương,21.0403672,105.6115528,117,Unhealthy for Sensitive Groups,2,24.4,92,2.4,6.7,24,1013.4,99,23.9,24.9,545.0,13.8,122.0,24.5
2025-04-28 11:00:00,2025,4,28,11,Hà Nội,Xã Tây Phương,21.0403672,105.6115528,116,Unhealthy for Sensitive Groups,2,25.1,89,0.2,8.8,19,1013.0,100,27.0,28.6,547.0,11.9,130.0,23.8
2025-04-28 12:00:00,2025,4,28,12,Hà Nội,Xã Tây Phương,21.0403672,105.6115528,115,Unhealthy for Sensitive Groups,2,25.2,90,1.0,13.7,11,1012.3,100,31.5,33.4,531.0,11.0,134.0,22.6
2025-04-28 13:00:00,2025,4,28,13,Hà Nội,Xã Tây Phương,21.0403672,105.6115528,114,Unhealthy for Sensitive Groups,2,25.5,88,0.9,10.7,346,1011.3,100,35.7,38.0,519.0,11.4,133.0,22.4
2025-04-28 14:00:00,2025,4,28,14,Hà Nội,Xã Tây Phương,21.0403672,105.6115528,113,Unhealthy for Sensitive Groups,2,26.5,80,0.1,10.2,24,1009.8,86,36.4,38.4,504.0,13.2,129.0,24.0
2025-04-28 15:00:00,2025,4,28,15,Hà Nội,Xã Tây Phương,21.0403672,105.6115528,112,Unhealthy for Sensitive Groups,2,27.9,72,0.0,10.1,49,1008.9,97,38.0,39.5,491.0,16.3,121.0,26.6
2025-04-28 16:00:00,2025,4,28,16,Hà Nội,Xã Tây Phương,21.0403672,105.6115528,111,Unhealthy for Sensitive Groups,2,28.0,71,0.0,7.7,87,1008.3,100,40.0,40.7,519.0,21.1,108.0,29.5
2025-04-28 17:00:00,2025,4,28,17,Hà Nội,Xã Tây Phương,21.0403672,105.6115528,111,Unhealthy for Sensitive Groups,2,27.6,75,0.0,4.9,152,1008.1,100,41.1,41.4,617.0,28.6,88.0,32.1
2025-04-28 18:00:00,2025,4,28,18,Hà Nội,Xã Tây Phương,21.0403672,105.6115528,110,Unhealthy for Sensitive Groups,2,26.3,82,0.0,6.9,189,1008.9,100,46.4,46.6,755.0,37.9,63.0,35.0
2025-04-28 19:00:00,2025,4,28,19,Hà Nội,Xã Tây Phương,21.0403672,105.6115528,109,Unhealthy for Sensitive Groups,2,25.5,85,0.0,6.5,199,1009.8,100,63.1,63.3,884.0,43.2,50.0,37.8
2025-04-28 20:00:00,2025,4,28,20,Hà Nội,Xã Tây Phương,21.0403672,105.6115528,107,Unhealthy for Sensitive Groups,2,24.4,90,0.0,4.1,195,1010.5,97,70.1,70.3,990.0,48.6,41.0,42.9
2025-04-28 21:00:00,2025,4,28,21,Hà Nội,Xã Tây Phương,21.0403672,105.6115528,107,Unhealthy for Sensitive Groups,2,24.0,93,0.0,4.7,187,1011.3,100,77.8,78.2,1087.0,56.2,29.0,50.0
2025-04-28 22:00:00,2025,4,28,22,Hà Nội,Xã Tây Phương,21.0403672,105.6115528,108,Unhealthy for Sensitive Groups,2,23.5,95,0.0,3.6,180,1012.1,96,88.7,89.2,1170.0,62.4,20.0,56.7
2025-04-28 23:00:00,2025,4,28,23,Hà Nội,Xã Tây Phương,21.0403672,105.6115528,112,Unhealthy for Sensitive Groups,2,23.5,94,0.0,0.6,162,1012.0,94,92.7,93.1,1257.0,65.9,16.0,62.0
2025-04-29 00:00:00,2025,4,29,0,Hà Nội,Xã Tây Phương,21.0403672,105.6115528,116,Unhealthy for Sensitive Groups,2,23.0,95,0.0,1.6,117,1011.8,98,95.7,96.2,1329.0,68.1,15.0,66.8
2025-04-29 01:00:00,2025,4,29,1,Hà Nội,Xã Tây Phương,21.0403672,105.6115528,122,Unhealthy for Sensitive Groups,2,22.8,97,0.0,2.7,98,1011.2,98,96.4,97.1,1326.0,69.4,15.0,70.9
2025-04-29 02:00:00,2025,4,29,2,Hà Nội,Xã Tây Phương,21.0403672,105.6115528,128,Unhealthy for Sensitive Groups,2,22.5,99,0.0,2.6,56,1010.8,100,98.5,99.4,1187.0,70.1,14.0,74.7
2025-04-29 03:00:00,2025,4,29,3,Hà Nội,Xã Tây Phương,21.0403672,105.6115528,134,Unhealthy for Sensitive Groups,2,22.5,100,0.0,2.2,9,1010.5,100,96.6,97.6,974.0,69.8,13.0,77.8
2025-04-29 04:00:00,2025,4,29,4,Hà Nội,Xã Tây Phương,21.0403672,105.6115528,140,Unhealthy for Sensitive Groups,2,22.5,100,0.0,1.5,330,1010.4,100,95.0,95.9,808.0,68.0,15.0,79.0
2025-04-29 05:00:00,2025,4,29,5,Hà Nội,Xã Tây Phương,21.0403672,105.6115528,147,Unhealthy for Sensitive Groups,2,22.6,100,0.0,2.9,4,1010.7,100,93.1,94.5,751.0,64.7,20.0,77.9
2025-04-29 06:00:00,2025,4,29,6,Hà Nội,Xã Tây Phương,21.0403672,105.6115528,151,Unhealthy,3,22.9,99,0.0,0.5,180,1011.2,100,95.0,96.4,742.0,59.9,29.0,75.0
2025-04-29 07:00:00,2025,4,29,7,Hà Nội,Xã Tây Phương,21.0403672,105.6115528,153,Unhealthy,3,23.4,97,0.0,2.8,101,1011.5,100,87.5,89.9,718.0,51.7,42.0,74.9
2025-04-29 08:00:00,2025,4,29,8,Hà Nội,Xã Tây Phương,21.0403672,105.6115528,154,Unhealthy,3,25.2,90,0.0,3.2,344,1012.6,100,82.0,84.1,648.0,44.3,58.0,67.4
2025-04-29 09:00:00,2025,4,29,9,Hà Nội,Xã Tây Phương,21.0403672,105.6115528,155,Unhealthy,3,26.4,86,0.0,2.7,340,1013.0,93,75.0,77.5,563.0,33.8,82.0,56.9
2025-04-29 10:00:00,2025,4,29,10,Hà Nội,Xã Tây Phương,21.0403672,105.6115528,156,Unhealthy,3,27.6,80,0.2,1.8,37,1013.1,100,64.5,67.1,495.0,24.8,106.0,48.3
2025-04-29 11:00:00,2025,4,29,11,Hà Nội,Xã Tây Phương,21.0403672,105.6115528,157,Unhealthy,3,28.4,75,0.1,3.6,96,1012.6,100,67.3,70.3,459.0,18.5,132.0,43.6
2025-04-29 12:00:00,2025,4,29,12,Hà Nội,Xã Tây Phương,21.0403672,105.6115528,158,Unhealthy,3,28.8,73,0.1,6.1,161,1011.6,94,60.1,62.9,440.0,13.5,159.0,40.8
2025-04-29 13:00:00,2025,4,29,13,Hà Nội,Xã Tây Phương,21.0403672,105.6115528,159,Unhealthy,3,27.5,78,1.1,7.9,196,1010.4,76,65.9,68.5,428.0,10.6,179.0,39.2
2025-04-29 14:00:00,2025,4,29,14,Hà Nội,Xã Tây Phương,21.0403672,105.6115528,160,Unhealthy,3,28.8,75,0.3,9.3,167,1008.7,25,65.9,68.7,416.0,9.7,192.0,38.9
2025-04-29 15:00:00,2025,4,29,15,Hà Nội,Xã Tây Phương,21.0403672,105.6115528,160,Unhealthy,3,29.0,73,0.1,12.3,150,1007.9,78,69.2,71.9,411.0,10.8,198.0,39.8
2025-04-29 16:00:00,2025,4,29,16,Hà Nội,Xã Tây Phương,21.0403672,105.6115528,161,Unhealthy,3,28.5,72,0.0,11.8,153,1007.4,86,69.8,72.4,428.0,14.4,195.0,41.3
2025-04-29 17:00:00,2025,4,29,17,Hà Nội,Xã Tây Phương,21.0403672,105.6115528,162,Unhealthy,3,27.6,77,0.0,14.4,148,1007.8,99,72.9,75.0,485.0,22.1,179.0,43.6
2025-04-29 18:00:00,2025,4,29,18,Hà Nội,Xã Tây Phương,21.0403672,105.6115528,162,Unhealthy,3,26.6,79,0.0,14.1,149,1008.9,100,84.5,86.4,563.0,32.2,153.0,46.6
2025-04-29 19:00:00,2025,4,29,19,Hà Nội,Xã Tây Phương,21.0403672,105.6115528,163,Unhealthy,3,25.5,86,0.1,12.7,147,1009.4,100,84.8,85.7,624.0,44.8,116.0,48.5
2025-04-29 20:00:00,2025,4,29,20,Hà Nội,Xã Tây Phương,21.0403672,105.6115528,164,Unhealthy,3,25.3,89,0.2,9.3,152,1010.1,46,91.7,92.4,652.0,48.8,99.0,52.5
2025-04-29 21:00:00,2025,4,29,21,Hà Nội,Xã Tây Phương,21.0403672,105.6115528,164,Unhealthy,3,24.7,92,0.0,9.2,149,1010.9,60,98.3,99.0,662.0,54.5,76.0,58.1
2025-04-29 22:00:00,2025,4,29,22,Hà Nội,Xã Tây Phương,21.0403672,105.6115528,164,Unhealthy,3,24.4,92,0.0,9.9,155,1011.2,58,106.6,107.3,664.0,59.5,56.0,61.7
2025-04-29 23:00:00,2025,4,29,23,Hà Nội,Xã Tây Phương,21.0403672,105.6115528,165,Unhealthy,3,24.2,92,0.0,10.2,150,1011.2,72,115.0,115.7,656.0,63.0,42.0,61.8
2025-04-30 00:00:00,2025,4,30,0,Hà Nội,Xã Tây Phương,21.0403672,105.6115528,165,Unhealthy,3,24.2,92,0.0,10.9,144,1010.9,100,114.8,115.5,640.0,65.8,31.0,60.0
2025-04-30 01:00:00,2025,4,30,1,Hà Nội,Xã Tây Phương,21.0403672,105.6115528,166,Unhealthy,3,24.2,93,0.0,9.2,149,1010.4,34,110.6,111.1,630.0,68.2,22.0,58.1
2025-04-30 02:00:00,2025,4,30,2,Hà Nội,Xã Tây Phương,21.0403672,105.6115528,166,Unhealthy,3,24.0,96,0.0,10.1,137,1009.8,25,109.9,110.6,633.0,71.1,14.0,56.5
2025-04-30 03:00:00,2025,4,30,3,Hà Nội,Xã Tây Phương,21.0403672,105.6115528,166,Unhealthy,3,23.9,97,0.0,9.3,133,1009.4,30,110.1,110.8,641.0,73.4,7.0,54.8
2025-04-30 04:00:00,2025,4,30,4,Hà Nội,Xã Tây Phương,21.0403672,105.6115528,167,Unhealthy,3,23.8,98,0.0,7.8,138,1009.2,100,106.9,107.6,645.0,72.6,6.0,53.5
2025-04-30 05:00:00,2025,4,30,5,Hà Nội,Xã Tây Phương,21.0403672,105.6115528,167,Unhealthy,3,23.8,98,0.0,9.2,135,1009.3,25,102.2,102.9,649.0,66.7,11.0,52.9
2025-04-30 06:00:00,2025,4,30,6,Hà Nội,Xã Tây Phương,21.0403672,105.6115528,167,Unhealthy,3,23.8,97,0.0,7.6,137,1009.7,81,98.7,99.4,649.0,57.5,22.0,52.7
2025-04-30 07:00:00,2025,4,30,7,Hà Nội,Xã Tây Phương,21.0403672,105.6115528,167,Unhealthy,3,24.6,95,0.0,8.2,147,1010.6,90,91.3,92.0,627.0,57.8,29.0,57.4
2025-04-30 08:00:00,2025,4,30,8,Hà Nội,Xã Tây Phương,21.0403672,105.6115528,167,Unhealthy,3,25.9,93,0.2,8.3,131,1011.5,64,81.5,82.2,564.0,50.2,50.0,57.4
2025-04-30 09:00:00,2025,4,30,9,Hà Nội,Xã Tây Phương,21.0403672,105.6115528,167,Unhealthy,3,27.1,86,0.1,9.1,139,1012.0,89,75.0,75.7,479.0,39.4,79.0,57.2
2025-04-30 10:00:00,2025,4,30,10,Hà Nội,Xã Tây Phương,21.0403672,105.6115528,167,Unhealthy,3,28.1,81,0.1,8.3,138,1011.9,89,68.9,69.6,411.0,29.4,112.0,55.2
2025-04-30 11:00:00,2025,4,30,11,Hà Nội,Xã Tây Phương,21.0403672,105.6115528,167,Unhealthy,3,29.2,76,0.1,10.3,139,1011.1,21,61.0,61.7,375.0,20.7,152.0,49.9
2025-04-30 12:00:00,2025,4,30,12,Hà Nội,Xã Tây Phương,21.0403672,105.6115528,167,Unhealthy,3,29.7,73,0.1,12.7,147,1010.0,29,55.2,56.0,355.0,12.7,196.0,42.9
2025-04-30 13:00:00,2025,4,30,13,Hà Nội,Xã Tây Phương,21.0403672,105.6115528,167,Unhealthy,3,29.9,73,0.1,13.5,144,1008.5,88,63.1,64.0,345.0,8.3,221.0,37.4
2025-04-30 14:00:00,2025,4,30,14,Hà Nội,Xã Tây Phương,21.0403672,105.6115528,167,Unhealthy,3,27.5,87,1.0,7.7,181,1007.8,98,64.7,65.7,325.0,8.4,216.0,34.2
2025-04-30 15:00:00,2025,4,30,15,Hà Nội,Xã Tây Phương,21.0403672,105.6115528,167,Unhealthy,3,26.8,84,3.7,8.9,130,1007.5,100,65.7,66.6,314.0,12.0,194.0,32.6
2025-04-30 16:00:00,2025,4,30,16,Hà Nội,Xã Tây Phương,21.0403672,105.6115528,167,Unhealthy,3,27.2,84,0.1,5.6,115,1007.1,97,68.7,69.4,361.0,18.6,168.0,33.8
2025-04-30 17:00:00,2025,4,30,17,Hà Nội,Xã Tây Phương,21.0403672,105.6115528,167,Unhealthy,3,26.2,88,0.1,9.0,78,1007.4,97,71.2,71.7,526.0,30.5,140.0,40.0
2025-04-30 18:00:00,2025,4,30,18,Hà Nội,Xã Tây Phương,21.0403672,105.6115528,167,Unhealthy,3,25.6,92,0.1,6.4,40,1008.4,100,77.5,78.2,749.0,45.5,109.0,49.0
2025-04-30 19:00:00,2025,4,30,19,Hà Nội,Xã Tây Phương,21.0403672,105.6115528,167,Unhealthy,3,24.4,95,5.8,11.5,60,1009.5,100,100.4,101.5,900.0,45.6,116.0,48.8
2025-04-30 20:00:00,2025,4,30,20,Hà Nội,Xã Tây Phương,21.0403672,105.6115528,167,Unhealthy,3,26.6,90,0.0,4.2,121,1009.7,100,105.5,106.4,921.0,50.0,99.0,53.1
2025-04-30 21:00:00,2025,4,30,21,Hà Nội,Xã Tây Phương,21.0403672,105.6115528,167,Unhealthy,3,26.5,90,0.1,4.5,130,1010.6,100,116.9,117.8,870.0,56.1,76.0,58.8
2025-04-30 22:00:00,2025,4,30,22,Hà Nội,Xã Tây Phương,21.0403672,105.6115528,168,Unhealthy,3,26.3,91,0.4,8.4,138,1011.0,100,118.7,119.7,790.0,60.1,57.0,61.8
2025-04-30 23:00:00,2025,4,30,23,Hà Nội,Xã Tây Phương,21.0403672,105.6115528,168,Unhealthy,3,25.7,93,0.1,10.4,143,1010.9,20,110.1,111.3,670.0,60.5,47.0,59.6
2025-05-01 00:00:00,2025,5,1,0,Hà Nội,Xã Tây Phương,21.0403672,105.6115528,168,Unhealthy,3,24.8,96,5.6,9.0,64,1011.5,98,108.7,109.7,520.0,58.8,41.0,54.7
2025-05-01 01:00:00,2025,5,1,1,Hà Nội,Xã Tây Phương,21.0403672,105.6115528,168,Unhealthy,3,24.0,97,9.0,12.4,93,1011.8,100,113.2,114.1,416.0,56.2,38.0,50.2
2025-05-01 02:00:00,2025,5,1,2,Hà Nội,Xã Tây Phương,21.0403672,105.6115528,168,Unhealthy,3,24.0,97,1.9,6.6,112,1011.6,100,107.6,108.5,395.0,52.2,37.0,46.9
2025-05-01 03:00:00,2025,5,1,3,Hà Nội,Xã Tây Phương,21.0403672,105.6115528,168,Unhealthy,3,23.9,99,1.4,8.1,86,1011.3,100,93.6,94.5,419.0,47.2,38.0,44.1
2025-05-01 04:00:00,2025,5,1,4,Hà Nội,Xã Tây Phương,21.0403672,105.6115528,167,Unhealthy,3,23.9,98,1.4,7.5,123,1011.6,100,87.3,88.2,450.0,43.3,39.0,42.8
2025-05-01 05:00:00,2025,5,1,5,Hà Nội,Xã Tây Phương,21.0403672,105.6115528,167,Unhealthy,3,23.5,98,4.8,5.7,143,1012.3,100,82.7,83.4,485.0,41.8,39.0,44.1
2025-05-01 06:00:00,2025,5,1,6,Hà Nội,Xã Tây Phương,21.0403672,105.6115528,167,Unhealthy,3,23.5,98,2.9,4.9,186,1013.0,100,73.8,74.5,527.0,41.5,40.0,46.9
2025-05-01 07:00:00,2025,5,1,7,Hà Nội,Xã Tây Phương,21.0403672,105.6115528,166,Unhealthy,3,23.6,95,4.5,3.3,241,1013.8,100,40.2,40.4,543.0,29.1,62.0,29.8
2025-05-01 08:00:00,2025,5,1,8,Hà Nội,Xã Tây Phương,21.0403672,105.6115528,165,Unhealthy,3,23.9,91,0.4,6.1,337,1014.9,100,36.6,36.8,510.0,28.6,71.0,32.0
2025-05-01 09:00:00,2025,5,1,9,Hà Nội,Xã Tây Phương,21.0403672,105.6115528,164,Unhealthy,3,24.1,90,0.1,7.3,316,1015.1,100,37.4,37.5,452.0,28.0,83.0,35.2
2025-05-01 10:00:00,2025,5,1,10,Hà Nội,Xã Tây Phương,21.0403672,105.6115528,163,Unhealthy,3,24.8,87,0.2,9.2,321,1015.5,100,40.5,40.6,405.0,26.9,96.0,38.0
2025-05-01 11:00:00,2025,5,1,11,Hà Nội,Xã Tây Phương,21.0403672,105.6115528,162,Unhealthy,3,25.0,86,0.1,9.0,327,1015.0,100,42.3,42.4,381.0,25.4,110.0,40.4
2025-05-01 12:00:00,2025,5,1,12,Hà Nội,Xã Tây Phương,21.0403672,105.6115528,162,Unhealthy,3,26.1,79,0.1,8.6,340,1014.2,100,45.5,45.6,368.0,23.5,124.0,42.5
2025-05-01 13:00:00,2025,5,1,13,Hà Nội,Xã Tây Phương,21.0403672,105.6115528,162,Unhealthy,3,26.4,77,0.3,7.8,331,1013.0,100,50.1,50.2,366.0,21.5,138.0,43.2
2025-05-01 14:00:00,2025,5,1,14,Hà Nội,Xã Tây Phương,21.0403672,105.6115528,162,Unhealthy,3,26.5,78,0.1,6.2,314,1011.5,78,52.5,52.6,344.0,17.9,155.0,41.3
2025-05-01 15:00:00,2025,5,1,15,Hà Nội,Xã Tây Phương,21.0403672,105.6115528,161,Unhealthy,3,27.4,74,0.0,5.5,308,1010.5,36,49.8,50.2,333.0,14.2,172.0,38.1
2025-05-01 16:00:00,2025,5,1,16,Hà Nội,Xã Tây Phương,21.0403672,105.6115528,161,Unhealthy,3,28.0,69,0.0,4.0,306,1009.7,17,47.6,48.4,423.0,14.5,175.0,36.2
2025-05-01 17:00:00,2025,5,1,17,Hà Nội,Xã Tây Phương,21.0403672,105.6115528,160,Unhealthy,3,27.7,69,0.0,4.0,350,1009.6,43,40.5,42.0,712.0,21.9,153.0,36.8
2025-05-01 18:00:00,2025,5,1,18,Hà Nội,Xã Tây Phương,21.0403672,105.6115528,160,Unhealthy,3,26.1,81,0.0,3.9,344,1009.9,93,44.9,46.7,1103.0,33.4,116.0,38.8
2025-05-01 19:00:00,2025,5,1,19,Hà Nội,Xã Tây Phương,21.0403672,105.6115528,159,Unhealthy,3,25.6,80,0.0,1.8,323,1010.8,97,47.8,49.5,1387.0,35.3,77.0,35.4
2025-05-01 20:00:00,2025,5,1,20,Hà Nội,Xã Tây Phương,21.0403672,105.6115528,158,Unhealthy,3,25.3,80,0.0,1.5,263,1011.9,100,46.2,48.3,1481.0,35.9,68.0,35.7
2025-05-01 21:00:00,2025,5,1,21,Hà Nội,Xã Tây Phương,21.0403672,105.6115528,157,Unhealthy,3,25.0,81,0.0,1.0,211,1012.7,98,47.6,50.5,1470.0,37.1,54.0,36.2
2025-05-01 22:00:00,2025,5,1,22,Hà Nội,Xã Tây Phương,21.0403672,105.6115528,155,Unhealthy,3,24.1,85,0.0,3.1,211,1013.0,95,53.8,57.4,1400.0,39.9,41.0,36.3
2025-05-01 23:00:00,2025,5,1,23,Hà Nội,Xã Tây Phương,21.0403672,105.6115528,154,Unhealthy,3,23.5,89,0.0,2.9,202,1012.7,61,62.9,67.1,1253.0,45.8,29.0,35.4
2025-05-02 00:00:00,2025,5,2,0,Hà Nội,Xã Tây Phương,21.0403672,105.6115528,153,Unhealthy,3,23.1,89,0.0,2.7,228,1011.9,6,70.3,75.0,1047.0,53.4,16.0,34.1
2025-05-02 01:00:00,2025,5,2,1,Hà Nội,Xã Tây Phương,21.0403672,105.6115528,152,Unhealthy,3,22.6,90,0.0,1.5,240,1011.2,0,78.9,84.1,884.0,59.3,8.0,34.2
2025-05-02 02:00:00,2025,5,2,2,Hà Nội,Xã Tây Phương,21.0403672,105.6115528,151,Unhealthy,3,22.6,88,0.0,0.2,270,1010.3,54,88.2,93.8,785.0,62.5,4.0,36.6
2025-05-02 03:00:00,2025,5,2,3,Hà Nội,Xã Tây Phương,21.0403672,105.6115528,151,Unhealthy,3,22.4,88,0.0,0.9,281,1010.0,69,90.8,97.1,729.0,64.0,4.0,40.4
2025-05-02 04:00:00,2025,5,2,4,Hà Nội,Xã Tây Phương,21.0403672,105.6115528,151,Unhealthy,3,21.8,92,0.0,1.5,300,1010.0,66,86.8,93.8,752.0,63.1,9.0,44.5
2025-05-02 05:00:00,2025,5,2,5,Hà Nội,Xã Tây Phương,21.0403672,105.6115528,151,Unhealthy,3,21.5,93,0.0,0.5,270,1010.2,40,87.5,95.0,928.0,58.8,21.0,48.5
2025-05-02 06:00:00,2025,5,2,6,Hà Nội,Xã Tây Phương,21.0403672,105.6115528,151,Unhealthy,3,21.8,94,0.0,0.4,243,1010.7,35,92.2,100.6,1183.0,52.1,38.0,52.9
2025-05-02 07:00:00,2025,5,2,7,Hà Nội,Xã Tây Phương,21.0403672,105.6115528,151,Unhealthy,3,23.6,91,0.0,2.3,321,1011.2,58,86.6,91.5,1333.0,50.4,61.0,55.4
2025-05-02 08:00:00,2025,5,2,8,Hà Nội,Xã Tây Phương,21.0403672,105.6115528,152,Unhealthy,3,25.6,86,0.0,1.4,90,1011.6,0,81.0,85.0,1279.0,44.2,91.0,61.3
2025-05-02 09:00:00,2025,5,2,9,Hà Nội,Xã Tây Phương,21.0403672,105.6115528,153,Unhealthy,3,27.1,80,0.0,1.9,73,1011.5,2,69.4,74.3,1120.0,35.4,134.0,68.8
2025-05-02 10:00:00,2025,5,2,10,Hà Nội,Xã Tây Phương,21.0403672,105.6115528,154,Unhealthy,3,28.5,72,0.0,1.8,96,1011.5,13,60.3,65.9,964.0,26.8,171.0,70.4
2025-05-02 11:00:00,2025,5,2,11,Hà Nội,Xã Tây Phương,21.0403672,105.6115528,154,Unhealthy,3,29.5,65,0.0,3.3,119,1010.8,59,49.9,55.9,842.0,18.7,197.0,60.3
2025-05-02 12:00:00,2025,5,2,12,Hà Nội,Xã Tây Phương,21.0403672,105.6115528,154,Unhealthy,3,30.3,61,0.0,4.9,129,1009.7,36,44.4,49.8,725.0,10.8,219.0,44.4
2025-05-02 13:00:00,2025,5,2,13,Hà Nội,Xã Tây Phương,21.0403672,105.6115528,154,Unhealthy,3,30.8,60,0.0,5.7,134,1008.6,5,40.4,45.1,630.0,5.5,234.0,32.2
2025-05-02 14:00:00,2025,5,2,14,Hà Nội,Xã Tây Phương,21.0403672,105.6115528,154,Unhealthy,3,30.9,59,0.0,6.4,126,1007.1,2,40.4,44.0,566.0,3.6,244.0,27.4
2025-05-02 15:00:00,2025,5,2,15,Hà Nội,Xã Tây Phương,21.0403672,105.6115528,154,Unhealthy,3,30.9,59,0.0,7.7,129,1006.1,2,41.7,44.5,524.0,4.3,247.0,26.4
2025-05-02 16:00:00,2025,5,2,16,Hà Nội,Xã Tây Phương,21.0403672,105.6115528,183,Unhealthy,3,30.6,62,0.0,11.4,121,1005.3,3,45.3,47.4,503.0,7.7,243.0,28.4
2025-05-02 17:00:00,2025,5,2,17,Hà Nội,Xã Tây Phương,21.0403672,105.6115528,203,Very Unhealthy,4,29.5,70,0.0,12.2,133,1005.2,23,53.8,55.1,511.0,15.4,227.0,34.7
2025-05-02 18:00:00,2025,5,2,18,Hà Nội,Xã Tây Phương,21.0403672,105.6115528,209,Very Unhealthy,4,28.0,75,0.0,10.9,142,1005.5,5,65.9,66.6,540.0,25.8,204.0,44.0
2025-05-02 19:00:00,2025,5,2,19,Hà Nội,Xã Tây Phương,21.0403672,105.6115528,211,Very Unhealthy,4,27.2,80,0.0,17.3,145,1006.2,20,77.1,78.2,557.0,35.6,175.0,51.3
2025-05-02 20:00:00,2025,5,2,20,Hà Nội,Xã Tây Phương,21.0403672,105.6115528,210,Very Unhealthy,4,26.7,80,0.0,14.6,160,1007.1,91,83.4,83.8,550.0,35.4,156.0,54.0
2025-05-02 21:00:00,2025,5,2,21,Hà Nội,Xã Tây Phương,21.0403672,105.6115528,206,Very Unhealthy,4,26.1,82,0.0,14.4,157,1007.6,99,83.4,83.6,533.0,35.1,129.0,57.6
2025-05-02 22:00:00,2025,5,2,22,Hà Nội,Xã Tây Phương,21.0403672,105.6115528,197,Unhealthy,3,25.5,83,0.0,13.0,160,1008.0,21,79.4,79.4,511.0,35.4,105.0,58.9
2025-05-02 23:00:00,2025,5,2,23,Hà Nội,Xã Tây Phương,21.0403672,105.6115528,174,Unhealthy,3,25.0,85,0.0,12.3,158,1007.9,36,74.3,74.5,485.0,36.4,87.0,55.8
2025-05-03 00:00:00,2025,5,3,0,Hà Nội,Xã Tây Phương,21.0403672,105.6115528,157,Unhealthy,3,24.5,88,0.0,10.7,157,1007.5,8,70.1,70.3,454.0,38.0,71.0,50.3
2025-05-03 01:00:00,2025,5,3,1,Hà Nội,Xã Tây Phương,21.0403672,105.6115528,157,Unhealthy,3,24.0,89,0.0,10.1,155,1007.0,40,67.3,67.8,427.0,39.7,57.0,45.7
2025-05-03 02:00:00,2025,5,3,2,Hà Nội,Xã Tây Phương,21.0403672,105.6115528,157,Unhealthy,3,23.9,90,0.0,10.3,147,1006.2,22,65.4,65.9,400.0,41.9,45.0,42.5
2025-05-03 03:00:00,2025,5,3,3,Hà Nội,Xã Tây Phương,21.0403672,105.6115528,157,Unhealthy,3,23.8,90,0.0,11.7,151,1005.9,23,65.4,65.9,377.0,44.3,36.0,40.2
2025-05-03 04:00:00,2025,5,3,4,Hà Nội,Xã Tây Phương,21.0403672,105.6115528,156,Unhealthy,3,23.7,92,0.0,11.8,153,1005.8,100,67.1,67.5,377.0,45.7,30.0,39.8
2025-05-03 05:00:00,2025,5,3,5,Hà Nội,Xã Tây Phương,21.0403672,105.6115528,156,Unhealthy,3,23.5,93,0.0,9.9,153,1005.9,79,68.7,69.4,423.0,45.8,26.0,43.1
2025-05-03 06:00:00,2025,5,3,6,Hà Nội,Xã Tây Phương,21.0403672,105.6115528,155,Unhealthy,3,23.5,94,0.0,6.8,153,1006.3,76,71.0,71.9,491.0,44.9,25.0,48.4
2025-05-03 07:00:00,2025,5,3,7,Hà Nội,Xã Tây Phương,21.0403672,105.6115528,155,Unhealthy,3,24.9,91,0.0,3.2,164,1007.2,16,64.5,65.0,533.0,44.4,33.0,54.2
2025-05-03 08:00:00,2025,5,3,8,Hà Nội,Xã Tây Phương,21.0403672,105.6115528,154,Unhealthy,3,25.8,89,0.0,2.7,148,1008.3,97,58.1,58.7,522.0,41.3,50.0,53.1
2025-05-03 09:00:00,2025,5,3,9,Hà Nội,Xã Tây Phương,21.0403672,105.6115528,154,Unhealthy,3,27.0,83,0.0,3.6,171,1008.6,100,54.8,55.4,484.0,36.8,74.0,51.4
2025-05-03 10:00:00,2025,5,3,10,Hà Nội,Xã Tây Phương,21.0403672,105.6115528,154,Unhealthy,3,28.0,79,0.0,3.6,183,1008.7,100,55.1,55.6,450.0,31.1,104.0,48.1
2025-05-03 11:00:00,2025,5,3,11,Hà Nội,Xã Tây Phương,21.0403672,105.6115528,153,Unhealthy,3,28.5,77,0.0,5.6,151,1008.4,100,49.7,50.2,429.0,22.8,146.0,41.5
2025-05-03 12:00:00,2025,5,3,12,Hà Nội,Xã Tây Phương,21.0403672,105.6115528,153,Unhealthy,3,29.9,73,0.0,6.9,163,1007.4,100,51.0,51.6,412.0,13.2,193.0,33.2
2025-05-03 13:00:00,2025,5,3,13,Hà Nội,Xã Tây Phương,21.0403672,105.6115528,154,Unhealthy,3,30.0,71,0.0,9.5,147,1005.9,97,49.7,50.2,396.0,7.1,224.0,27.7
2025-05-03 14:00:00,2025,5,3,14,Hà Nội,Xã Tây Phương,21.0403672,105.6115528,154,Unhealthy,3,30.0,70,0.0,11.4,118,1004.3,92,47.8,48.2,376.0,6.3,229.0,27.0
2025-05-03 15:00:00,2025,5,3,15,Hà Nội,Xã Tây Phương,21.0403672,105.6115528,154,Unhealthy,3,31.0,68,0.0,9.2,116,1003.1,76,46.4,46.8,359.0,9.0,218.0,28.9
2025-05-03 16:00:00,2025,5,3,16,Hà Nội,Xã Tây Phương,21.0403672,105.6115528,154,Unhealthy,3,31.0,68,0.0,15.9,149,1002.9,97,45.8,46.1,358.0,13.7,198.0,31.6
2025-05-03 17:00:00,2025,5,3,17,Hà Nội,Xã Tây Phương,21.0403672,105.6115528,158,Unhealthy,3,30.0,74,0.0,14.2,147,1002.8,100,44.2,44.6,390.0,21.1,168.0,34.8
2025-05-03 18:00:00,2025,5,3,18,Hà Nội,Xã Tây Phương,21.0403672,105.6115528,173,Unhealthy,3,28.6,79,0.0,15.9,138,1003.1,100,46.1,46.3,440.0,30.5,130.0,38.6
2025-05-03 19:00:00,2025,5,3,19,Hà Nội,Xã Tây Phương,21.0403672,105.6115528,178,Unhealthy,3,27.6,84,0.0,14.4,140,1003.9,92,51.0,51.6,475.0,35.8,107.0,45.2
2025-05-03 20:00:00,2025,5,3,20,Hà Nội,Xã Tây Phương,21.0403672,105.6115528,171,Unhealthy,3,27.1,86,0.0,15.5,147,1004.8,75,54.6,55.2,483.0,39.7,87.0,47.1
2025-05-03 21:00:00,2025,5,3,21,Hà Nội,Xã Tây Phương,21.0403672,105.6115528,154,Unhealthy,3,26.6,89,0.0,14.7,149,1005.5,12,54.9,55.6,478.0,45.1,60.0,49.6
2025-05-03 22:00:00,2025,5,3,22,Hà Nội,Xã Tây Phương,21.0403672,105.6115528,152,Unhealthy,3,26.1,92,0.0,14.0,149,1005.9,19,53.0,53.7,467.0,49.4,39.0,50.9
2025-05-03 23:00:00,2025,5,3,23,Hà Nội,Xã Tây Phương,21.0403672,105.6115528,151,Unhealthy,3,25.8,95,0.0,12.9,145,1005.9,67,50.2,51.6,450.0,51.5,29.0,49.9
2025-05-04 00:00:00,2025,5,4,0,Hà Nội,Xã Tây Phương,21.0403672,105.6115528,150,Unhealthy for Sensitive Groups,2,25.4,97,0.0,11.8,142,1005.2,65,48.4,49.8,427.0,52.5,25.0,47.6
2025-05-04 01:00:00,2025,5,4,1,Hà Nội,Xã Tây Phương,21.0403672,105.6115528,150,Unhealthy for Sensitive Groups,2,25.1,98,0.0,11.4,139,1004.7,97,48.1,49.5,409.0,52.9,22.0,45.4
2025-05-04 02:00:00,2025,5,4,2,Hà Nội,Xã Tây Phương,21.0403672,105.6115528,148,Unhealthy for Sensitive Groups,2,25.0,98,0.0,10.5,143,1003.9,78,49.0,50.5,395.0,53.1,20.0,43.5
2025-05-04 03:00:00,2025,5,4,3,Hà Nội,Xã Tây Phương,21.0403672,105.6115528,146,Unhealthy for Sensitive Groups,2,24.8,98,0.0,9.7,146,1003.6,87,49.2,51.0,386.0,52.9,19.0,41.7
2025-05-04 04:00:00,2025,5,4,4,Hà Nội,Xã Tây Phương,21.0403672,105.6115528,144,Unhealthy for Sensitive Groups,2,24.5,98,0.0,8.0,152,1003.5,90,51.3,53.0,396.0,51.7,20.0,41.0
2025-05-04 05:00:00,2025,5,4,5,Hà Nội,Xã Tây Phương,21.0403672,105.6115528,143,Unhealthy for Sensitive Groups,2,24.3,99,0.0,6.4,158,1003.9,76,57.7,59.0,447.0,49.9,20.0,42.7
2025-05-04 06:00:00,2025,5,4,6,Hà Nội,Xã Tây Phương,21.0403672,105.6115528,142,Unhealthy for Sensitive Groups,2,24.4,99,0.0,5.5,167,1004.2,59,64.7,66.1,518.0,47.2,22.0,45.5
2025-05-04 07:00:00,2025,5,4,7,Hà Nội,Xã Tây Phương,21.0403672,105.6115528,141,Unhealthy for Sensitive Groups,2,25.8,94,0.0,3.9,158,1005.2,37,66.4,68.2,554.0,45.5,27.0,44.0
2025-05-04 08:00:00,2025,5,4,8,Hà Nội,Xã Tây Phương,21.0403672,105.6115528,141,Unhealthy for Sensitive Groups,2,27.4,87,0.0,7.1,190,1006.2,100,68.5,70.5,524.0,39.0,55.0,41.2
2025-05-04 09:00:00,2025,5,4,9,Hà Nội,Xã Tây Phương,21.0403672,105.6115528,142,Unhealthy for Sensitive Groups,2,28.6,83,0.1,4.9,208,1006.5,91,66.8,68.7,460.0,29.8,94.0,37.2
2025-05-04 10:00:00,2025,5,4,10,Hà Nội,Xã Tây Phương,21.0403672,105.6115528,144,Unhealthy for Sensitive Groups,2,30.0,78,0.1,4.6,191,1006.2,33,55.5,56.9,405.0,21.5,132.0,32.9
2025-05-04 11:00:00,2025,5,4,11,Hà Nội,Xã Tây Phương,21.0403672,105.6115528,144,Unhealthy for Sensitive Groups,2,31.5,72,0.1,5.5,163,1005.2,15,48.1,49.0,373.0,14.8,167.0,28.0
2025-05-04 12:00:00,2025,5,4,12,Hà Nội,Xã Tây Phương,21.0403672,105.6115528,143,Unhealthy for Sensitive Groups,2,32.2,70,0.0,8.1,145,1004.1,30,43.0,43.7,350.0,8.9,200.0,23.0
2025-05-04 13:00:00,2025,5,4,13,Hà Nội,Xã Tây Phương,21.0403672,105.6115528,143,Unhealthy for Sensitive Groups,2,33.0,65,0.0,9.1,165,1002.9,54,39.5,39.9,339.0,5.3,221.0,19.6
2025-05-04 14:00:00,2025,5,4,14,Hà Nội,Xã Tây Phương,21.0403672,105.6115528,141,Unhealthy for Sensitive Groups,2,33.7,62,0.0,11.0,154,1001.2,69,36.0,36.4,339.0,4.3,224.0,18.7
2025-05-04 15:00:00,2025,5,4,15,Hà Nội,Xã Tây Phương,21.0403672,105.6115528,140,Unhealthy for Sensitive Groups,2,33.2,65,0.0,11.4,141,1000.2,18,33.4,33.8,350.0,5.5,215.0,19.5
2025-05-04 16:00:00,2025,5,4,16,Hà Nội,Xã Tây Phương,21.0403672,105.6115528,145,Unhealthy for Sensitive Groups,2,33.5,67,0.0,10.3,158,999.7,17,33.9,34.1,376.0,8.9,201.0,22.0
2025-05-04 17:00:00,2025,5,4,17,Hà Nội,Xã Tây Phương,21.0403672,105.6115528,169,Unhealthy,3,32.8,73,0.0,9.1,155,999.6,12,36.4,36.7,431.0,16.0,182.0,27.3
2025-05-04 18:00:00,2025,5,4,18,Hà Nội,Xã Tây Phương,21.0403672,105.6115528,183,Unhealthy,3,31.1,77,0.0,16.6,141,1000.0,9,41.6,41.8,500.0,25.2,157.0,34.2
2025-05-04 19:00:00,2025,5,4,19,Hà Nội,Xã Tây Phương,21.0403672,105.6115528,187,Unhealthy,3,29.4,85,0.0,21.4,147,1000.9,29,45.6,45.9,546.0,32.8,140.0,40.2
2025-05-04 20:00:00,2025,5,4,20,Hà Nội,Xã Tây Phương,21.0403672,105.6115528,183,Unhealthy,3,27.9,80,0.0,17.5,152,1002.3,17,47.5,47.6,548.0,31.6,133.0,40.3
2025-05-04 21:00:00,2025,5,4,21,Hà Nội,Xã Tây Phương,21.0403672,105.6115528,172,Unhealthy,3,27.0,82,0.0,17.4,156,1003.1,5,44.4,44.6,526.0,29.9,124.0,40.3
2025-05-04 22:00:00,2025,5,4,22,Hà Nội,Xã Tây Phương,21.0403672,105.6115528,157,Unhealthy,3,27.0,82,0.0,19.1,162,1003.6,5,40.3,40.5,502.0,29.0,114.0,39.6
2025-05-04 23:00:00,2025,5,4,23,Hà Nội,Xã Tây Phương,21.0403672,105.6115528,136,Unhealthy for Sensitive Groups,2,26.8,85,0.0,18.7,167,1004.2,0,39.2,39.5,480.0,29.4,104.0,37.4
2025-05-05 00:00:00,2025,5,5,0,Hà Nội,Xã Tây Phương,21.0403672,105.6115528,132,Unhealthy for Sensitive Groups,2,26.6,86,0.0,16.2,165,1003.8,0,41.0,41.1,457.0,30.5,94.0,34.5
2025-05-05 01:00:00,2025,5,5,1,Hà Nội,Xã Tây Phương,21.0403672,105.6115528,131,Unhealthy for Sensitive Groups,2,26.2,87,0.0,14.0,162,1003.3,0,44.1,44.2,443.0,32.3,84.0,32.6
2025-05-05 02:00:00,2025,5,5,2,Hà Nội,Xã Tây Phương,21.0403672,105.6115528,130,Unhealthy for Sensitive Groups,2,25.9,90,0.0,11.8,153,1002.9,0,47.5,47.6,437.0,35.2,72.0,32.1
2025-05-05 03:00:00,2025,5,5,3,Hà Nội,Xã Tây Phương,21.0403672,105.6115528,130,Unhealthy for Sensitive Groups,2,25.4,93,0.0,10.1,155,1002.6,0,51.6,51.8,442.0,38.8,59.0,32.6
2025-05-05 04:00:00,2025,5,5,4,Hà Nội,Xã Tây Phương,21.0403672,105.6115528,130,Unhealthy for Sensitive Groups,2,24.9,96,0.0,8.8,157,1002.6,0,57.2,57.5,471.0,41.6,52.0,35.0
2025-05-05 05:00:00,2025,5,5,5,Hà Nội,Xã Tây Phương,21.0403672,105.6115528,131,Unhealthy for Sensitive Groups,2,24.5,97,0.0,6.2,163,1003.1,18,63.1,64.0,555.0,43.9,48.0,40.8
2025-05-05 06:00:00,2025,5,5,6,Hà Nội,Xã Tây Phương,21.0403672,105.6115528,132,Unhealthy for Sensitive Groups,2,24.6,97,0.0,1.1,288,1004.0,31,68.2,69.8,665.0,45.5,50.0,48.4
2025-05-05 07:00:00,2025,5,5,7,Hà Nội,Xã Tây Phương,21.0403672,105.6115528,132,Unhealthy for Sensitive Groups,2,26.0,93,0.0,4.5,326,1004.5,24,57.6,59.6,727.0,44.6,61.0,51.4
2025-05-05 08:00:00,2025,5,5,8,Hà Nội,Xã Tây Phương,21.0403672,105.6115528,131,Unhealthy for Sensitive Groups,2,28.1,86,0.0,1.0,248,1005.2,97,53.2,54.0,697.0,39.2,100.0,54.1
2025-05-05 09:00:00,2025,5,5,9,Hà Nội,Xã Tây Phương,21.0403672,105.6115528,129,Unhealthy for Sensitive Groups,2,29.6,81,0.0,2.8,297,1005.4,90,57.4,57.5,621.0,31.4,156.0,57.5
2025-05-05 10:00:00,2025,5,5,10,Hà Nội,Xã Tây Phương,21.0403672,105.6115528,128,Unhealthy for Sensitive Groups,2,30.9,78,0.0,2.7,8,1005.2,92,59.1,59.3,559.0,24.0,201.0,57.1
2025-05-05 11:00:00,2025,5,5,11,Hà Nội,Xã Tây Phương,21.0403672,105.6115528,129,Unhealthy for Sensitive Groups,2,32.0,76,0.0,3.7,67,1004.4,23,48.9,49.0,541.0,17.1,228.0,49.3
2025-05-05 12:00:00,2025,5,5,12,Hà Nội,Xã Tây Phương,21.0403672,105.6115528,129,Unhealthy for Sensitive Groups,2,32.8,72,0.0,5.1,100,1003.4,25,39.5,40.0,538.0,10.6,246.0,37.7
2025-05-05 13:00:00,2025,5,5,13,Hà Nội,Xã Tây Phương,21.0403672,105.6115528,129,Unhealthy for Sensitive Groups,2,33.7,68,0.0,6.1,120,1002.1,26,35.2,36.1,528.0,6.3,255.0,28.6
2025-05-05 14:00:00,2025,5,5,14,Hà Nội,Xã Tây Phương,21.0403672,105.6115528,142,Unhealthy for Sensitive Groups,2,33.8,67,0.0,7.5,140,1000.9,31,32.1,33.4,489.0,4.8,254.0,24.0
2025-05-05 15:00:00,2025,5,5,15,Hà Nội,Xã Tây Phương,21.0403672,105.6115528,177,Unhealthy,3,33.8,67,0.0,9.7,153,1000.0,34,30.2,31.7,441.0,5.6,244.0,22.0
2025-05-05 16:00:00,2025,5,5,16,Hà Nội,Xã Tây Phương,21.0403672,105.6115528,203,Very Unhealthy,4,33.5,68,0.0,13.5,155,999.5,13,31.0,32.7,427.0,9.0,228.0,22.9
2025-05-05 17:00:00,2025,5,5,17,Hà Nội,Xã Tây Phương,21.0403672,105.6115528,211,Very Unhealthy,4,32.4,69,0.0,15.2,145,999.5,13,36.6,38.1,480.0,16.6,206.0,28.5
2025-05-05 18:00:00,2025,5,5,18,Hà Nội,Xã Tây Phương,21.0403672,105.6115528,214,Very Unhealthy,4,30.9,79,0.0,17.9,135,1000.3,3,42.8,43.9,566.0,26.8,179.0,37.1
2025-05-05 19:00:00,2025,5,5,19,Hà Nội,Xã Tây Phương,21.0403672,105.6115528,213,Very Unhealthy,4,30.0,81,0.0,18.8,146,1001.2,3,51.5,52.5,623.0,32.1,147.0,40.2
2025-05-05 20:00:00,2025,5,5,20,Hà Nội,Xã Tây Phương,21.0403672,105.6115528,208,Very Unhealthy,4,29.7,82,0.0,16.0,145,1002.3,55,52.4,53.4,622.0,34.1,125.0,41.1
2025-05-05 21:00:00,2025,5,5,21,Hà Nội,Xã Tây Phương,21.0403672,105.6115528,199,Unhealthy,3,29.0,83,0.0,17.1,151,1003.4,53,51.8,52.7,592.0,36.9,95.0,42.3
2025-05-05 22:00:00,2025,5,5,22,Hà Nội,Xã Tây Phương,21.0403672,105.6115528,173,Unhealthy,3,28.5,82,0.0,17.4,153,1003.6,1,51.9,52.7,559.0,39.0,71.0,42.5
2025-05-05 23:00:00,2025,5,5,23,Hà Nội,Xã Tây Phương,21.0403672,105.6115528,142,Unhealthy for Sensitive Groups,2,28.0,82,0.0,16.1,152,1003.8,0,51.2,52.0,527.0,39.8,61.0,40.9
2025-05-06 00:00:00,2025,5,6,0,Hà Nội,Xã Tây Phương,21.0403672,105.6115528,132,Unhealthy for Sensitive Groups,2,27.7,82,0.0,14.6,147,1003.4,5,47.5,48.7,493.0,40.0,58.0,38.3
2025-05-06 01:00:00,2025,5,6,1,Hà Nội,Xã Tây Phương,21.0403672,105.6115528,132,Unhealthy for Sensitive Groups,2,27.4,84,0.0,14.5,143,1002.9,69,44.8,45.9,470.0,39.7,57.0,35.8
2025-05-06 02:00:00,2025,5,6,2,Hà Nội,Xã Tây Phương,21.0403672,105.6115528,132,Unhealthy for Sensitive Groups,2,27.0,88,0.0,12.6,139,1002.2,14,42.4,43.9,465.0,39.1,56.0,33.7
2025-05-06 03:00:00,2025,5,6,3,Hà Nội,Xã Tây Phương,21.0403672,105.6115528,132,Unhealthy for Sensitive Groups,2,26.6,90,0.0,12.3,134,1002.2,97,39.9,42.1,471.0,38.0,55.0,31.6
2025-05-06 04:00:00,2025,5,6,4,Hà Nội,Xã Tây Phương,21.0403672,105.6115528,131,Unhealthy for Sensitive Groups,2,26.4,92,0.0,11.4,127,1002.8,90,36.9,39.1,482.0,36.7,56.0,30.2
2025-05-06 05:00:00,2025,5,6,5,Hà Nội,Xã Tây Phương,21.0403672,105.6115528,128,Unhealthy for Sensitive Groups,2,26.1,93,0.0,9.2,118,1003.6,95,34.3,36.7,498.0,35.3,56.0,29.8
2025-05-06 06:00:00,2025,5,6,6,Hà Nội,Xã Tây Phương,21.0403672,105.6115528,125,Unhealthy for Sensitive Groups,2,26.1,95,0.0,9.4,59,1004.7,100,33.5,35.6,520.0,33.7,57.0,30.1
2025-05-06 07:00:00,2025,5,6,7,Hà Nội,Xã Tây Phương,21.0403672,105.6115528,122,Unhealthy for Sensitive Groups,2,26.9,90,0.0,11.8,50,1005.6,100,34.9,37.5,542.0,36.1,61.0,32.8
2025-05-06 08:00:00,2025,5,6,8,Hà Nội,Xã Tây Phương,21.0403672,105.6115528,119,Unhealthy for Sensitive Groups,2,27.7,88,0.0,10.8,79,1006.7,100,34.6,37.4,571.0,33.3,71.0,31.6
2025-05-06 09:00:00,2025,5,6,9,Hà Nội,Xã Tây Phương,21.0403672,105.6115528,118,Unhealthy for Sensitive Groups,2,28.3,86,0.1,7.8,86,1006.8,100,36.4,38.8,601.0,29.3,87.0,30.0
2025-05-06 10:00:00,2025,5,6,10,Hà Nội,Xã Tây Phương,21.0403672,105.6115528,115,Unhealthy for Sensitive Groups,2,29.1,84,0.2,5.9,70,1006.6,100,38.9,41.0,610.0,24.7,111.0,28.3
2025-05-06 11:00:00,2025,5,6,11,Hà Nội,Xã Tây Phương,21.0403672,105.6115528,113,Unhealthy for Sensitive Groups,2,30.6,80,0.1,7.2,94,1005.7,99,44.7,46.4,581.0,18.7,151.0,26.4
2025-05-06 12:00:00,2025,5,6,12,Hà Nội,Xã Tây Phương,21.0403672,105.6115528,113,Unhealthy for Sensitive Groups,2,31.9,74,0.1,7.4,104,1004.4,100,50.1,51.9,530.0,12.1,200.0,24.4
2025-05-06 13:00:00,2025,5,6,13,Hà Nội,Xã Tây Phương,21.0403672,105.6115528,114,Unhealthy for Sensitive Groups,2,32.7,69,0.0,7.6,115,1003.3,89,53.2,54.9,488.0,8.1,235.0,23.7
2025-05-06 14:00:00,2025,5,6,14,Hà Nội,Xã Tây Phương,21.0403672,105.6115528,116,Unhealthy for Sensitive Groups,2,32.8,67,0.0,8.2,123,1001.9,48,57.9,60.1,460.0,7.5,249.0,24.7
2025-05-06 15:00:00,2025,5,6,15,Hà Nội,Xã Tây Phương,21.0403672,105.6115528,118,Unhealthy for Sensitive Groups,2,32.8,67,0.0,10.6,138,1001.2,54,59.6,61.9,440.0,9.6,248.0,27.0
2025-05-06 16:00:00,2025,5,6,16,Hà Nội,Xã Tây Phương,21.0403672,105.6115528,153,Unhealthy,3,32.1,71,0.0,14.1,148,1000.4,91,59.5,61.7,442.0,14.7,235.0,29.9
2025-05-06 17:00:00,2025,5,6,17,Hà Nội,Xã Tây Phương,21.0403672,105.6115528,179,Unhealthy,3,30.6,80,0.0,14.1,145,1000.5,83,62.6,65.0,485.0,25.6,202.0,34.0
2025-05-06 18:00:00,2025,5,6,18,Hà Nội,Xã Tây Phương,21.0403672,105.6115528,198,Unhealthy,3,29.9,82,0.0,13.0,145,1001.2,41,67.5,69.2,549.0,39.7,157.0,38.8
2025-05-06 19:00:00,2025,5,6,19,Hà Nội,Xã Tây Phương,21.0403672,105.6115528,202,Very Unhealthy,4,29.4,84,0.0,13.6,140,1002.1,87,77.5,78.9,594.0,41.8,133.0,44.7
2025-05-06 20:00:00,2025,5,6,20,Hà Nội,Xã Tây Phương,21.0403672,105.6115528,201,Very Unhealthy,4,28.9,85,0.0,15.0,137,1003.1,95,80.3,81.7,601.0,43.5,110.0,45.5
2025-05-06 21:00:00,2025,5,6,21,Hà Nội,Xã Tây Phương,21.0403672,105.6115528,188,Unhealthy,3,28.2,88,0.0,16.2,135,1003.8,100,72.4,73.8,588.0,45.6,79.0,46.4
2025-05-06 22:00:00,2025,5,6,22,Hà Nội,Xã Tây Phương,21.0403672,105.6115528,163,Unhealthy,3,27.6,91,0.0,13.0,131,1004.5,98,60.8,62.4,568.0,45.6,56.0,44.8
2025-05-06 23:00:00,2025,5,6,23,Hà Nội,Xã Tây Phương,21.0403672,105.6115528,138,Unhealthy for Sensitive Groups,2,27.2,92,0.0,11.7,126,1004.9,100,51.6,53.2,544.0,41.8,50.0,38.7
2025-05-07 00:00:00,2025,5,7,0,Hà Nội,Xã Tây Phương,21.0403672,105.6115528,139,Unhealthy for Sensitive Groups,2,26.8,94,0.0,11.1,122,1003.9,97,48.0,49.8,512.0,35.9,52.0,30.1
2025-05-07 01:00:00,2025,5,7,1,Hà Nội,Xã Tây Phương,21.0403672,105.6115528,139,Unhealthy for Sensitive Groups,2,26.5,96,0.0,11.1,103,1003.7,99,40.9,43.1,474.0,30.8,55.0,23.3
2025-05-07 02:00:00,2025,5,7,2,Hà Nội,Xã Tây Phương,21.0403672,105.6115528,138,Unhealthy for Sensitive Groups,2,26.2,97,0.0,10.8,127,1003.3,90,34.0,35.5,421.0,27.3,58.0,19.5
2025-05-07 03:00:00,2025,5,7,3,Hà Nội,Xã Tây Phương,21.0403672,105.6115528,137,Unhealthy for Sensitive Groups,2,25.9,98,0.1,10.2,97,1002.8,81,22.4,23.3,362.0,24.5,63.0,17.4
2025-05-07 04:00:00,2025,5,7,4,Hà Nội,Xã Tây Phương,21.0403672,105.6115528,135,Unhealthy for Sensitive Groups,2,25.9,97,0.0,8.3,112,1002.6,99,23.5,24.3,327.0,23.3,65.0,17.1
2025-05-07 05:00:00,2025,5,7,5,Hà Nội,Xã Tây Phương,21.0403672,105.6115528,134,Unhealthy for Sensitive Groups,2,25.7,97,0.0,5.4,105,1003.0,100,23.5,24.2,339.0,24.6,63.0,19.4
2025-05-07 06:00:00,2025,5,7,6,Hà Nội,Xã Tây Phương,21.0403672,105.6115528,133,Unhealthy for Sensitive Groups,2,26.1,96,0.0,6.6,103,1003.6,100,22.7,23.3,375.0,27.5,59.0,23.4
2025-05-07 07:00:00,2025,5,7,7,Hà Nội,Xã Tây Phương,21.0403672,105.6115528,132,Unhealthy for Sensitive Groups,2,26.8,93,0.0,7.0,130,1004.4,100,38.1,38.8,400.0,30.9,68.0,40.8
2025-05-07 08:00:00,2025,5,7,8,Hà Nội,Xã Tây Phương,21.0403672,105.6115528,132,Unhealthy for Sensitive Groups,2,28.5,88,0.1,10.2,149,1004.4,100,29.6,30.3,396.0,29.8,79.0,41.4
2025-05-07 09:00:00,2025,5,7,9,Hà Nội,Xã Tây Phương,21.0403672,105.6115528,132,Unhealthy for Sensitive Groups,2,29.9,81,0.2,8.6,160,1004.6,98,35.4,36.0,380.0,28.0,95.0,42.0
2025-05-07 10:00:00,2025,5,7,10,Hà Nội,Xã Tây Phương,21.0403672,105.6115528,132,Unhealthy for Sensitive Groups,2,31.1,78,0.1,8.5,156,1004.3,100,36.1,36.6,367.0,25.2,118.0,41.1
2025-05-07 11:00:00,2025,5,7,11,Hà Nội,Xã Tây Phương,21.0403672,105.6115528,131,Unhealthy for Sensitive Groups,2,32.2,72,0.0,8.5,151,1003.6,100,41.6,42.1,360.0,20.1,154.0,37.2
2025-05-07 12:00:00,2025,5,7,12,Hà Nội,Xã Tây Phương,21.0403672,105.6115528,131,Unhealthy for Sensitive Groups,2,32.8,69,0.0,7.9,160,1002.5,100,45.4,46.1,356.0,13.8,197.0,31.9
2025-05-07 13:00:00,2025,5,7,13,Hà Nội,Xã Tây Phương,21.0403672,105.6115528,130,Unhealthy for Sensitive Groups,2,33.2,67,0.0,8.3,162,1001.2,99,48.9,49.9,355.0,9.6,228.0,28.1
2025-05-07 14:00:00,2025,5,7,14,Hà Nội,Xã Tây Phương,21.0403672,105.6115528,130,Unhealthy for Sensitive Groups,2,34.0,65,0.0,9.6,157,999.8,98,49.2,50.6,355.0,8.3,240.0,26.9
2025-05-07 15:00:00,2025,5,7,15,Hà Nội,Xã Tây Phương,21.0403672,105.6115528,129,Unhealthy for Sensitive Groups,2,33.7,65,0.0,12.4,141,998.7,99,49.8,51.3,358.0,9.1,241.0,27.2
2025-05-07 16:00:00,2025,5,7,16,Hà Nội,Xã Tây Phương,21.0403672,105.6115528,153,Unhealthy,3,33.3,68,0.0,13.0,135,998.1,57,50.9,52.2,378.0,12.2,231.0,29.1
2025-05-07 17:00:00,2025,5,7,17,Hà Nội,Xã Tây Phương,21.0403672,105.6115528,177,Unhealthy,3,32.9,71,0.0,13.3,122,997.9,11,51.1,51.9,431.0,19.4,207.0,33.6
2025-05-07 18:00:00,2025,5,7,18,Hà Nội,Xã Tây Phương,21.0403672,105.6115528,195,Unhealthy,3,31.5,78,0.0,20.9,133,998.3,22,51.9,52.5,501.0,29.0,174.0,39.7
2025-05-07 19:00:00,2025,5,7,19,Hà Nội,Xã Tây Phương,21.0403672,105.6115528,202,Very Unhealthy,4,30.4,81,0.0,20.2,143,999.1,68,74.7,75.9,545.0,40.3,136.0,46.2
2025-05-07 20:00:00,2025,5,7,20,Hà Nội,Xã Tây Phương,21.0403672,105.6115528,201,Very Unhealthy,4,29.6,85,0.0,17.8,149,1001.0,76,68.2,68.9,540.0,40.8,120.0,46.8
2025-05-07 21:00:00,2025,5,7,21,Hà Nội,Xã Tây Phương,21.0403672,105.6115528,189,Unhealthy,3,28.9,85,0.0,18.4,151,1001.9,88,61.9,62.6,510.0,41.6,98.0,47.6
2025-05-07 22:00:00,2025,5,7,22,Hà Nội,Xã Tây Phương,21.0403672,105.6115528,168,Unhealthy,3,28.2,87,0.0,17.5,148,1002.2,86,56.2,57.4,483.0,42.1,80.0,47.1
2025-05-07 23:00:00,2025,5,7,23,Hà Nội,Xã Tây Phương,21.0403672,105.6115528,140,Unhealthy for Sensitive Groups,2,27.7,89,0.0,15.2,145,1002.3,67,52.2,53.1,470.0,42.1,71.0,44.4
2025-05-08 00:00:00,2025,5,8,0,Hà Nội,Xã Tây Phương,21.0403672,105.6115528,121,Unhealthy for Sensitive Groups,2,27.3,91,0.0,16.0,144,1001.7,3,48.2,49.1,460.0,41.8,67.0,40.5
2025-05-08 01:00:00,2025,5,8,1,Hà Nội,Xã Tây Phương,21.0403672,105.6115528,121,Unhealthy for Sensitive Groups,2,27.1,91,0.0,14.9,146,1001.3,5,45.9,47.6,454.0,42.0,62.0,37.2
2025-05-08 02:00:00,2025,5,8,2,Hà Nội,Xã Tây Phương,21.0403672,105.6115528,122,Unhealthy for Sensitive Groups,2,26.8,93,0.0,12.6,144,1000.7,12,45.1,47.6,445.0,43.1,54.0,34.9
2025-05-08 03:00:00,2025,5,8,3,Hà Nội,Xã Tây Phương,21.0403672,105.6115528,123,Unhealthy for Sensitive Groups,2,26.5,94,0.0,11.6,143,1000.5,87,46.3,48.7,439.0,44.6,45.0,33.2
2025-05-08 04:00:00,2025,5,8,4,Hà Nội,Xã Tây Phương,21.0403672,105.6115528,125,Unhealthy for Sensitive Groups,2,26.2,95,0.0,12.4,144,1000.4,83,48.7,51.0,453.0,45.4,40.0,33.3
2025-05-08 05:00:00,2025,5,8,5,Hà Nội,Xã Tây Phương,21.0403672,105.6115528,128,Unhealthy for Sensitive Groups,2,26.1,96,0.0,11.6,145,1000.8,91,52.2,54.6,515.0,45.8,35.0,36.4
2025-05-08 06:00:00,2025,5,8,6,Hà Nội,Xã Tây Phương,21.0403672,105.6115528,131,Unhealthy for Sensitive Groups,2,26.2,96,0.0,11.0,154,1001.5,79,56.9,59.4,597.0,45.6,34.0,41.2
2025-05-08 07:00:00,2025,5,8,7,Hà Nội,Xã Tây Phương,21.0403672,105.6115528,135,Unhealthy for Sensitive Groups,2,27.4,92,0.0,9.6,164,1002.1,34,54.9,57.6,638.0,40.2,53.0,40.0
2025-05-08 08:00:00,2025,5,8,8,Hà Nội,Xã Tây Phương,21.0403672,105.6115528,136,Unhealthy for Sensitive Groups,2,29.2,87,0.0,8.0,170,1003.1,100,56.6,58.2,600.0,33.7,100.0,40.4
2025-05-08 09:00:00,2025,5,8,9,Hà Nội,Xã Tây Phương,21.0403672,105.6115528,139,Unhealthy for Sensitive Groups,2,30.6,79,0.0,6.9,166,1003.3,100,56.3,57.7,522.0,24.7,165.0,40.8
2025-05-08 10:00:00,2025,5,8,10,Hà Nội,Xã Tây Phương,21.0403672,105.6115528,141,Unhealthy for Sensitive Groups,2,31.9,77,0.0,6.5,146,1003.0,100,56.9,57.6,454.0,17.1,218.0,39.6
2025-05-08 11:00:00,2025,5,8,11,Hà Nội,Xã Tây Phương,21.0403672,105.6115528,144,Unhealthy for Sensitive Groups,2,33.1,74,0.0,6.7,142,1002.2,100,56.1,56.8,412.0,12.2,248.0,35.4
2025-05-08 12:00:00,2025,5,8,12,Hà Nội,Xã Tây Phương,21.0403672,105.6115528,145,Unhealthy for Sensitive Groups,2,34.3,69,0.0,7.4,158,1001.2,100,54.8,55.5,380.0,8.6,267.0,29.6
2025-05-08 13:00:00,2025,5,8,13,Hà Nội,Xã Tây Phương,21.0403672,105.6115528,146,Unhealthy for Sensitive Groups,2,34.8,67,0.0,10.0,129,1000.0,100,51.3,52.0,365.0,6.6,275.0,25.2
2025-05-08 14:00:00,2025,5,8,14,Hà Nội,Xã Tây Phương,21.0403672,105.6115528,154,Unhealthy,3,35.0,64,0.0,12.2,114,998.9,98,49.6,50.4,373.0,6.0,272.0,22.9
2025-05-08 15:00:00,2025,5,8,15,Hà Nội,Xã Tây Phương,21.0403672,105.6115528,192,Unhealthy,3,35.2,62,0.0,14.9,113,998.0,99,48.1,48.9,396.0,6.9,258.0,21.9
2025-05-08 16:00:00,2025,5,8,16,Hà Nội,Xã Tây Phương,21.0403672,105.6115528,211,Very Unhealthy,4,34.7,67,0.0,17.0,113,997.2,98,46.9,47.6,424.0,9.9,239.0,23.1
2025-05-08 17:00:00,2025,5,8,17,Hà Nội,Xã Tây Phương,21.0403672,105.6115528,220,Very Unhealthy,4,33.5,74,0.0,21.4,121,997.2,26,50.5,50.9,459.0,16.6,215.0,28.2
2025-05-08 18:00:00,2025,5,8,18,Hà Nội,Xã Tây Phương,21.0403672,105.6115528,223,Very Unhealthy,4,31.6,81,0.0,20.5,133,997.9,7,52.2,52.4,497.0,25.4,187.0,35.5
2025-05-08 19:00:00,2025,5,8,19,Hà Nội,Xã Tây Phương,21.0403672,105.6115528,221,Very Unhealthy,4,30.7,80,0.0,20.8,146,998.9,2,63.8,64.7,515.0,33.1,161.0,38.9
2025-05-08 20:00:00,2025,5,8,20,Hà Nội,Xã Tây Phương,21.0403672,105.6115528,215,Very Unhealthy,4,30.2,81,0.0,17.9,149,1000.0,89,55.2,55.5,493.0,32.4,146.0,38.9
2025-05-08 21:00:00,2025,5,8,21,Hà Nội,Xã Tây Phương,21.0403672,105.6115528,207,Very Unhealthy,4,29.5,81,0.0,18.4,151,1000.4,100,47.4,47.6,450.0,31.7,124.0,38.9
2025-05-08 22:00:00,2025,5,8,22,Hà Nội,Xã Tây Phương,21.0403672,105.6115528,193,Unhealthy,3,28.8,83,0.0,15.8,157,1000.7,100,43.8,44.0,419.0,32.2,103.0,38.2
2025-05-08 23:00:00,2025,5,8,23,Hà Nội,Xã Tây Phương,21.0403672,105.6115528,166,Unhealthy,3,28.4,85,0.0,12.9,162,1000.6,100,43.7,44.5,412.0,35.1,84.0,36.2
2025-05-09 00:00:00,2025,5,9,0,Hà Nội,Xã Tây Phương,21.0403672,105.6115528,140,Unhealthy for Sensitive Groups,2,27.9,89,0.0,9.8,163,1000.0,100,46.6,47.4,417.0,39.3,66.0,33.5
2025-05-09 01:00:00,2025,5,9,1,Hà Nội,Xã Tây Phương,21.0403672,105.6115528,139,Unhealthy for Sensitive Groups,2,27.4,92,0.0,8.8,160,999.5,100,50.9,52.3,428.0,43.1,51.0,32.0
2025-05-09 02:00:00,2025,5,9,2,Hà Nội,Xã Tây Phương,21.0403672,105.6115528,140,Unhealthy for Sensitive Groups,2,26.6,95,0.0,4.9,141,999.4,100,54.1,56.3,443.0,46.2,41.0,32.7
2025-05-09 03:00:00,2025,5,9,3,Hà Nội,Xã Tây Phương,21.0403672,105.6115528,141,Unhealthy for Sensitive Groups,2,26.1,96,0.0,5.1,80,999.9,100,55.3,57.5,464.0,48.9,35.0,34.4
2025-05-09 04:00:00,2025,5,9,4,Hà Nội,Xã Tây Phương,21.0403672,105.6115528,142,Unhealthy for Sensitive Groups,2,25.9,95,0.0,5.5,54,1000.5,100,54.2,56.5,491.0,49.7,32.0,35.9
2025-05-09 05:00:00,2025,5,9,5,Hà Nội,Xã Tây Phương,21.0403672,105.6115528,142,Unhealthy for Sensitive Groups,2,25.5,96,0.0,4.6,45,1001.5,98,54.5,56.7,536.0,47.9,31.0,36.7
2025-05-09 06:00:00,2025,5,9,6,Hà Nội,Xã Tây Phương,21.0403672,105.6115528,143,Unhealthy for Sensitive Groups,2,26.2,94,0.0,12.8,35,1003.1,99,58.2,60.1,586.0,44.3,34.0,37.2
2025-05-09 07:00:00,2025,5,9,7,Hà Nội,Xã Tây Phương,21.0403672,105.6115528,143,Unhealthy for Sensitive Groups,2,27.7,89,0.0,9.8,36,1004.4,93,45.5,48.3,602.0,38.4,50.0,40.9
2025-05-09 08:00:00,2025,5,9,8,Hà Nội,Xã Tây Phương,21.0403672,105.6115528,142,Unhealthy for Sensitive Groups,2,29.2,84,0.0,11.2,57,1005.6,100,33.9,36.7,553.0,31.1,72.0,37.1
2025-05-09 09:00:00,2025,5,9,9,Hà Nội,Xã Tây Phương,21.0403672,105.6115528,139,Unhealthy for Sensitive Groups,2,30.2,77,0.1,15.2,54,1006.6,98,28.8,30.2,470.0,21.0,102.0,31.6
2025-05-09 10:00:00,2025,5,9,10,Hà Nội,Xã Tây Phương,21.0403672,105.6115528,136,Unhealthy for Sensitive Groups,2,30.9,74,0.1,10.3,44,1006.4,52,31.4,32.5,407.0,13.0,128.0,26.5
2025-05-09 11:00:00,2025,5,9,11,Hà Nội,Xã Tây Phương,21.0403672,105.6115528,134,Unhealthy for Sensitive Groups,2,31.8,70,0.2,10.8,30,1006.2,75,36.0,37.0,384.0,9.2,144.0,22.0
2025-05-09 12:00:00,2025,5,9,12,Hà Nội,Xã Tây Phương,21.0403672,105.6115528,132,Unhealthy for Sensitive Groups,2,32.2,67,0.1,10.3,29,1005.1,53,41.2,42.1,380.0,7.5,154.0,17.8
2025-05-09 13:00:00,2025,5,9,13,Hà Nội,Xã Tây Phương,21.0403672,105.6115528,130,Unhealthy for Sensitive Groups,2,31.9,68,0.9,14.8,4,1004.4,84,41.6,42.4,388.0,6.6,162.0,14.7
2025-05-09 14:00:00,2025,5,9,14,Hà Nội,Xã Tây Phương,21.0403672,105.6115528,129,Unhealthy for Sensitive Groups,2,28.4,81,4.6,9.5,99,1004.8,62,36.8,38.2,392.0,4.3,169.0,12.2
2025-05-09 15:00:00,2025,5,9,15,Hà Nội,Xã Tây Phương,21.0403672,105.6115528,128,Unhealthy for Sensitive Groups,2,29.8,76,0.1,7.9,271,1003.3,91,31.9,33.8,409.0,2.8,174.0,10.8
2025-05-09 16:00:00,2025,5,9,16,Hà Nội,Xã Tây Phương,21.0403672,105.6115528,126,Unhealthy for Sensitive Groups,2,29.7,76,0.0,1.6,174,1003.0,72,28.5,31.1,478.0,7.2,169.0,12.7
2025-05-09 17:00:00,2025,5,9,17,Hà Nội,Xã Tây Phương,21.0403672,105.6115528,124,Unhealthy for Sensitive Groups,2,29.8,76,0.0,2.6,164,1003.5,73,30.6,33.5,660.0,22.5,149.0,20.2
2025-05-09 18:00:00,2025,5,9,18,Hà Nội,Xã Tây Phương,21.0403672,105.6115528,132,Unhealthy for Sensitive Groups,2,29.0,82,0.0,4.0,210,1004.3,21,44.7,47.7,895.0,43.7,120.0,30.9
2025-05-09 19:00:00,2025,5,9,19,Hà Nội,Xã Tây Phương,21.0403672,105.6115528,130,Unhealthy for Sensitive Groups,2,27.8,88,0.0,4.3,185,1005.4,60,57.2,57.4,1041.0,46.2,89.0,40.3
2025-05-09 20:00:00,2025,5,9,20,Hà Nội,Xã Tây Phương,21.0403672,105.6115528,121,Unhealthy for Sensitive Groups,2,29.0,80,0.0,10.6,133,1005.3,60,67.3,67.5,1026.0,47.4,79.0,42.8
2025-05-09 21:00:00,2025,5,9,21,Hà Nội,Xã Tây Phương,21.0403672,105.6115528,122,Unhealthy for Sensitive Groups,2,27.9,85,0.1,13.7,152,1006.8,65,66.6,67.1,921.0,48.9,65.0,46.2
2025-05-09 22:00:00,2025,5,9,22,Hà Nội,Xã Tây Phương,21.0403672,105.6115528,124,Unhealthy for Sensitive Groups,2,27.4,83,0.1,12.2,151,1007.7,98,68.2,68.7,801.0,49.2,55.0,47.7
2025-05-09 23:00:00,2025,5,9,23,Hà Nội,Xã Tây Phương,21.0403672,105.6115528,127,Unhealthy for Sensitive Groups,2,25.1,94,5.4,10.7,193,1008.8,100,65.9,66.8,672.0,47.0,54.0,45.3
2025-05-10 00:00:00,2025,5,10,0,Hà Nội,Xã Tây Phương,21.0403672,105.6115528,129,Unhealthy for Sensitive Groups,2,24.9,94,0.2,10.4,182,1008.2,100,63.3,65.0,528.0,43.6,56.0,41.1
2025-05-10 01:00:00,2025,5,10,1,Hà Nội,Xã Tây Phương,21.0403672,105.6115528,131,Unhealthy for Sensitive Groups,2,24.8,95,0.0,3.0,232,1007.8,100,54.1,55.9,417.0,41.0,58.0,38.7
2025-05-10 02:00:00,2025,5,10,2,Hà Nội,Xã Tây Phương,21.0403672,105.6115528,131,Unhealthy for Sensitive Groups,2,24.6,96,0.0,2.0,135,1007.2,100,50.5,52.2,362.0,40.1,56.0,39.9
2025-05-10 03:00:00,2025,5,10,3,Hà Nội,Xã Tây Phương,21.0403672,105.6115528,131,Unhealthy for Sensitive Groups,2,25.1,93,0.0,1.1,279,1006.7,100,50.8,52.3,341.0,40.0,53.0,42.9
2025-05-10 04:00:00,2025,5,10,4,Hà Nội,Xã Tây Phương,21.0403672,105.6115528,130,Unhealthy for Sensitive Groups,2,25.1,94,0.0,1.3,164,1006.6,100,52.4,54.0,339.0,40.4,50.0,46.5
2025-05-10 05:00:00,2025,5,10,5,Hà Nội,Xã Tây Phương,21.0403672,105.6115528,130,Unhealthy for Sensitive Groups,2,25.2,93,0.0,1.9,343,1006.9,100,55.1,56.6,362.0,42.1,46.0,51.4
2025-05-10 06:00:00,2025,5,10,6,Hà Nội,Xã Tây Phương,21.0403672,105.6115528,130,Unhealthy for Sensitive Groups,2,25.2,96,0.3,4.9,356,1007.3,100,57.2,58.7,405.0,44.3,41.0,56.8
2025-05-10 07:00:00,2025,5,10,7,Hà Nội,Xã Tây Phương,21.0403672,105.6115528,130,Unhealthy for Sensitive Groups,2,25.6,93,0.1,3.4,354,1007.7,97,54.5,55.6,438.0,45.0,37.0,54.2
2025-05-10 08:00:00,2025,5,10,8,Hà Nội,Xã Tây Phương,21.0403672,105.6115528,131,Unhealthy for Sensitive Groups,2,27.1,83,0.0,4.8,340,1008.4,100,54.9,56.1,448.0,38.7,56.0,52.4
2025-05-10 09:00:00,2025,5,10,9,Hà Nội,Xã Tây Phương,21.0403672,105.6115528,133,Unhealthy for Sensitive Groups,2,28.4,78,0.0,5.2,344,1008.4,100,50.5,51.8,449.0,29.9,83.0,49.7
2025-05-10 10:00:00,2025,5,10,10,Hà Nội,Xã Tây Phương,21.0403672,105.6115528,135,Unhealthy for Sensitive Groups,2,29.0,73,0.0,4.8,15,1008.4,100,38.1,39.5,449.0,21.9,114.0,46.1
2025-05-10 11:00:00,2025,5,10,11,Hà Nội,Xã Tây Phương,21.0403672,105.6115528,136,Unhealthy for Sensitive Groups,2,29.8,72,0.1,4.6,18,1007.7,99,32.7,33.9,454.0,15.5,151.0,40.7
2025-05-10 12:00:00,2025,5,10,12,Hà Nội,Xã Tây Phương,21.0403672,105.6115528,136,Unhealthy for Sensitive Groups,2,30.5,67,0.2,1.8,24,1006.4,100,33.2,34.1,459.0,9.9,192.0,34.3
2025-05-10 13:00:00,2025,5,10,13,Hà Nội,Xã Tây Phương,21.0403672,105.6115528,135,Unhealthy for Sensitive Groups,2,31.1,67,0.1,7.3,97,1005.5,100,37.0,37.8,460.0,6.5,222.0,29.8
2025-05-10 14:00:00,2025,5,10,14,Hà Nội,Xã Tây Phương,21.0403672,105.6115528,134,Unhealthy for Sensitive Groups,2,27.0,85,3.9,18.2,169,1005.5,100,39.3,40.2,446.0,5.7,238.0,28.6
2025-05-10 15:00:00,2025,5,10,15,Hà Nội,Xã Tây Phương,21.0403672,105.6115528,135,Unhealthy for Sensitive Groups,2,27.1,85,0.3,11.6,161,1004.2,100,42.6,43.4,428.0,7.0,244.0,29.3
2025-05-10 16:00:00,2025,5,10,16,Hà Nội,Xã Tây Phương,21.0403672,105.6115528,143,Unhealthy for Sensitive Groups,2,27.8,83,0.1,11.8,167,1004.0,99,45.4,46.2,439.0,10.3,236.0,29.8
2025-05-10 17:00:00,2025,5,10,17,Hà Nội,Xã Tây Phương,21.0403672,105.6115528,173,Unhealthy,3,28.1,80,0.0,8.0,132,1004.3,99,51.7,52.4,523.0,17.5,204.0,29.9
2025-05-10 18:00:00,2025,5,10,18,Hà Nội,Xã Tây Phương,21.0403672,105.6115528,193,Unhealthy,3,27.3,85,0.8,6.5,82,1005.5,100,55.4,55.9,636.0,26.6,158.0,29.9
2025-05-10 19:00:00,2025,5,10,19,Hà Nội,Xã Tây Phương,21.0403672,105.6115528,200,Unhealthy,3,24.8,96,5.3,13.1,53,1007.8,100,59.6,60.8,683.0,28.5,144.0,31.4
2025-05-10 20:00:00,2025,5,10,20,Hà Nội,Xã Tây Phương,21.0403672,105.6115528,199,Unhealthy,3,25.0,92,1.1,14.3,45,1009.3,100,60.5,61.2,601.0,26.4,130.0,30.1
2025-05-10 21:00:00,2025,5,10,21,Hà Nội,Xã Tây Phương,21.0403672,105.6115528,189,Unhealthy,3,24.8,92,1.9,19.5,45,1009.8,100,51.0,51.6,453.0,23.3,111.0,28.0
2025-05-10 22:00:00,2025,5,10,22,Hà Nội,Xã Tây Phương,21.0403672,105.6115528,171,Unhealthy,3,24.5,88,0.2,21.9,48,1010.2,100,33.2,33.4,337.0,20.1,96.0,25.0
2025-05-10 23:00:00,2025,5,10,23,Hà Nội,Xã Tây Phương,21.0403672,105.6115528,148,Unhealthy for Sensitive Groups,2,23.3,87,0.4,22.8,19,1011.5,100,17.4,17.7,293.0,16.5,88.0,20.0
2025-05-11 00:00:00,2025,5,11,0,Hà Nội,Xã Tây Phương,21.0403672,105.6115528,130,Unhealthy for Sensitive Groups,2,22.5,91,2.2,14.8,347,1011.9,100,10.1,10.4,280.0,12.7,84.0,14.1
2025-05-11 01:00:00,2025,5,11,1,Hà Nội,Xã Tây Phương,21.0403672,105.6115528,124,Unhealthy for Sensitive Groups,2,22.5,94,2.0,15.7,322,1011.4,100,8.5,8.9,273.0,10.5,80.0,10.2
2025-05-11 02:00:00,2025,5,11,2,Hà Nội,Xã Tây Phương,21.0403672,105.6115528,120,Unhealthy for Sensitive Groups,2,22.2,93,2.1,16.2,325,1010.9,100,9.1,9.6,261.0,10.9,76.0,10.0
2025-05-11 03:00:00,2025,5,11,3,Hà Nội,Xã Tây Phương,21.0403672,105.6115528,115,Unhealthy for Sensitive Groups,2,21.8,92,1.1,14.2,328,1011.0,100,10.5,11.0,255.0,12.8,73.0,11.9
2025-05-11 04:00:00,2025,5,11,4,Hà Nội,Xã Tây Phương,21.0403672,105.6115528,111,Unhealthy for Sensitive Groups,2,21.6,92,0.2,10.1,333,1011.3,100,11.9,12.7,263.0,14.9,71.0,14.2
2025-05-11 05:00:00,2025,5,11,5,Hà Nội,Xã Tây Phương,21.0403672,105.6115528,107,Unhealthy for Sensitive Groups,2,21.6,93,0.1,5.1,352,1011.6,100,14.2,15.6,297.0,17.2,68.0,17.1
2025-05-11 06:00:00,2025,5,11,6,Hà Nội,Xã Tây Phương,21.0403672,105.6115528,103,Unhealthy for Sensitive Groups,2,21.5,95,0.0,5.0,13,1012.2,100,16.2,18.2,346.0,19.6,65.0,20.5
2025-05-11 07:00:00,2025,5,11,7,Hà Nội,Xã Tây Phương,21.0403672,105.6115528,99,Moderate,1,22.0,92,0.0,4.9,4,1012.9,100,14.8,15.1,378.0,18.5,69.0,19.2
2025-05-11 08:00:00,2025,5,11,8,Hà Nội,Xã Tây Phương,21.0403672,105.6115528,95,Moderate,1,21.7,91,0.6,9.4,48,1013.5,100,17.1,18.2,377.0,16.9,78.0,20.3
2025-05-11 09:00:00,2025,5,11,9,Hà Nội,Xã Tây Phương,21.0403672,105.6115528,92,Moderate,1,21.7,89,0.7,13.7,32,1013.7,100,18.6,20.6,361.0,14.6,91.0,21.6
2025-05-11 10:00:00,2025,5,11,10,Hà Nội,Xã Tây Phương,21.0403672,105.6115528,89,Moderate,1,22.3,75,0.4,13.9,30,1013.7,100,17.5,21.5,350.0,12.2,105.0,21.8
2025-05-11 11:00:00,2025,5,11,11,Hà Nội,Xã Tây Phương,21.0403672,105.6115528,87,Moderate,1,23.5,69,0.1,11.0,21,1013.1,100,15.8,22.8,358.0,9.5,121.0,19.6
2025-05-11 12:00:00,2025,5,11,12,Hà Nội,Xã Tây Phương,21.0403672,105.6115528,86,Moderate,1,24.6,64,0.0,13.7,3,1012.6,100,16.4,25.6,373.0,6.8,137.0,16.2
2025-05-11 13:00:00,2025,5,11,13,Hà Nội,Xã Tây Phương,21.0403672,105.6115528,84,Moderate,1,24.1,66,0.0,11.1,13,1011.8,100,17.2,27.6,377.0,5.2,150.0,14.2
2025-05-11 14:00:00,2025,5,11,14,Hà Nội,Xã Tây Phương,21.0403672,105.6115528,82,Moderate,1,26.1,57,0.0,14.0,31,1010.1,95,18.0,29.1,325.0,3.8,160.0,14.0
2025-05-11 15:00:00,2025,5,11,15,Hà Nội,Xã Tây Phương,21.0403672,105.6115528,81,Moderate,1,26.0,58,0.0,9.6,38,1009.2,98,19.8,31.3,263.0,3.6,166.0,15.2
2025-05-11 16:00:00,2025,5,11,16,Hà Nội,Xã Tây Phương,21.0403672,105.6115528,81,Moderate,1,26.1,58,0.0,4.3,48,1008.5,100,21.8,33.4,311.0,8.8,162.0,18.6
2025-05-11 17:00:00,2025,5,11,17,Hà Nội,Xã Tây Phương,21.0403672,105.6115528,99,Moderate,1,26.0,60,0.0,3.9,77,1008.4,98,26.2,37.8,568.0,24.3,140.0,25.5
2025-05-11 18:00:00,2025,5,11,18,Hà Nội,Xã Tây Phương,21.0403672,105.6115528,109,Unhealthy for Sensitive Groups,2,24.5,73,0.0,3.7,113,1008.6,100,52.0,64.0,935.0,45.2,106.0,34.6
2025-05-11 19:00:00,2025,5,11,19,Hà Nội,Xã Tây Phương,21.0403672,105.6115528,109,Unhealthy for Sensitive Groups,2,23.1,74,0.0,4.2,126,1009.2,100,52.7,59.6,1237.0,52.2,81.0,37.2
2025-05-11 20:00:00,2025,5,11,20,Hà Nội,Xã Tây Phương,21.0403672,105.6115528,101,Unhealthy for Sensitive Groups,2,22.2,75,0.0,5.0,92,1010.3,100,65.4,73.3,1412.0,59.6,67.0,43.6
2025-05-11 21:00:00,2025,5,11,21,Hà Nội,Xã Tây Phương,21.0403672,105.6115528,86,Moderate,1,22.2,76,0.0,4.7,97,1011.2,100,76.1,85.0,1521.0,69.8,48.0,52.4
2025-05-11 22:00:00,2025,5,11,22,Hà Nội,Xã Tây Phương,21.0403672,105.6115528,76,Moderate,1,22.0,81,0.0,3.6,99,1012.1,76,89.4,98.7,1573.0,77.8,32.0,59.2
2025-05-11 23:00:00,2025,5,11,23,Hà Nội,Xã Tây Phương,21.0403672,105.6115528,81,Moderate,1,21.7,81,0.0,1.8,90,1012.1,46,103.8,113.6,1571.0,82.0,23.0,62.1
2025-05-12 00:00:00,2025,5,12,0,Hà Nội,Xã Tây Phương,21.0403672,105.6115528,89,Moderate,1,21.1,81,0.0,1.9,331,1011.5,9,112.7,122.5,1512.0,84.1,18.0,62.9
2025-05-12 01:00:00,2025,5,12,1,Hà Nội,Xã Tây Phương,21.0403672,105.6115528,98,Moderate,1,20.4,82,0.0,1.9,311,1011.2,5,105.5,115.5,1388.0,83.9,15.0,62.6
2025-05-12 02:00:00,2025,5,12,2,Hà Nội,Xã Tây Phương,21.0403672,105.6115528,107,Unhealthy for Sensitive Groups,2,20.1,82,0.0,1.3,286,1010.7,5,94.1,103.8,1138.0,80.9,11.0,60.7
2025-05-12 03:00:00,2025,5,12,3,Hà Nội,Xã Tây Phương,21.0403672,105.6115528,116,Unhealthy for Sensitive Groups,2,19.8,83,0.0,2.7,298,1009.9,4,87.1,96.4,823.0,75.6,9.0,57.6
2025-05-12 04:00:00,2025,5,12,4,Hà Nội,Xã Tây Phương,21.0403672,105.6115528,124,Unhealthy for Sensitive Groups,2,19.5,83,0.0,3.6,323,1009.6,39,84.5,93.4,623.0,69.5,12.0,55.4
2025-05-12 05:00:00,2025,5,12,5,Hà Nội,Xã Tây Phương,21.0403672,105.6115528,132,Unhealthy for Sensitive Groups,2,19.2,85,0.0,4.8,318,1009.8,91,83.4,92.2,658.0,63.5,21.0,55.7
2025-05-12 06:00:00,2025,5,12,6,Hà Nội,Xã Tây Phương,21.0403672,105.6115528,139,Unhealthy for Sensitive Groups,2,19.5,87,0.0,4.9,309,1010.1,83,85.9,94.8,807.0,56.7,35.0,57.0
2025-05-12 07:00:00,2025,5,12,7,Hà Nội,Xã Tây Phương,21.0403672,105.6115528,146,Unhealthy for Sensitive Groups,2,21.2,82,0.0,4.3,315,1010.7,71,73.1,76.6,888.0,54.4,57.0,60.9
2025-05-12 08:00:00,2025,5,12,8,Hà Nội,Xã Tây Phương,21.0403672,105.6115528,150,Unhealthy for Sensitive Groups,2,23.0,77,0.0,5.0,330,1011.6,24,52.7,54.7,809.0,42.1,87.0,55.7
2025-05-12 09:00:00,2025,5,12,9,Hà Nội,Xã Tây Phương,21.0403672,105.6115528,151,Unhealthy,3,24.5,67,0.0,4.8,338,1011.7,5,30.5,30.9,662.0,25.0,128.0,48.3
2025-05-12 10:00:00,2025,5,12,10,Hà Nội,Xã Tây Phương,21.0403672,105.6115528,152,Unhealthy,3,25.6,62,0.0,2.5,360,1011.7,14,21.4,21.4,543.0,12.0,165.0,42.2
2025-05-12 11:00:00,2025,5,12,11,Hà Nội,Xã Tây Phương,21.0403672,105.6115528,152,Unhealthy,3,26.5,58,0.0,1.8,53,1011.2,40,21.4,21.5,489.0,6.8,191.0,38.5
2025-05-12 12:00:00,2025,5,12,12,Hà Nội,Xã Tây Phương,21.0403672,105.6115528,152,Unhealthy,3,27.4,55,0.0,3.4,87,1010.1,41,25.5,25.8,462.0,5.7,212.0,36.1
2025-05-12 13:00:00,2025,5,12,13,Hà Nội,Xã Tây Phương,21.0403672,105.6115528,152,Unhealthy,3,27.9,54,0.0,5.7,114,1008.9,75,29.7,30.3,450.0,5.5,229.0,34.2
2025-05-12 14:00:00,2025,5,12,14,Hà Nội,Xã Tây Phương,21.0403672,105.6115528,152,Unhealthy,3,28.0,53,0.0,7.3,123,1007.8,23,33.6,34.3,446.0,4.5,244.0,32.4
2025-05-12 15:00:00,2025,5,12,15,Hà Nội,Xã Tây Phương,21.0403672,105.6115528,153,Unhealthy,3,28.0,53,0.0,8.0,113,1006.9,2,36.7,37.7,456.0,4.5,254.0,31.1
2025-05-12 16:00:00,2025,5,12,16,Hà Nội,Xã Tây Phương,21.0403672,105.6115528,178,Unhealthy,3,27.9,56,0.0,9.7,114,1006.0,0,39.0,40.5,484.0,7.8,251.0,31.4
2025-05-12 17:00:00,2025,5,12,17,Hà Nội,Xã Tây Phương,21.0403672,105.6115528,202,Very Unhealthy,4,26.6,65,0.0,11.7,126,1005.6,6,42.8,44.5,554.0,17.4,228.0,34.3
2025-05-12 18:00:00,2025,5,12,18,Hà Nội,Xã Tây Phương,21.0403672,105.6115528,209,Very Unhealthy,4,25.1,73,0.0,5.5,117,1005.9,61,58.3,59.8,642.0,30.4,193.0,38.6
2025-05-12 19:00:00,2025,5,12,19,Hà Nội,Xã Tây Phương,21.0403672,105.6115528,210,Very Unhealthy,4,24.1,73,0.0,7.5,138,1006.7,94,66.1,66.4,681.0,37.2,168.0,43.2
2025-05-12 20:00:00,2025,5,12,20,Hà Nội,Xã Tây Phương,21.0403672,105.6115528,209,Very Unhealthy,4,24.0,68,0.0,13.5,149,1007.1,30,66.4,67.1,623.0,36.6,146.0,43.9
2025-05-12 21:00:00,2025,5,12,21,Hà Nội,Xã Tây Phương,21.0403672,105.6115528,204,Very Unhealthy,4,23.4,73,0.0,15.1,155,1008.3,52,58.1,59.1,515.0,35.9,115.0,44.9
2025-05-12 22:00:00,2025,5,12,22,Hà Nội,Xã Tây Phương,21.0403672,105.6115528,192,Unhealthy,3,23.0,75,0.0,13.2,158,1009.5,31,49.7,51.1,437.0,36.3,89.0,45.2
2025-05-12 23:00:00,2025,5,12,23,Hà Nội,Xã Tây Phương,21.0403672,105.6115528,168,Unhealthy,3,22.5,76,0.0,11.4,164,1009.5,44,45.5,47.7,419.0,38.6,72.0,44.3
2025-05-13 00:00:00,2025,5,13,0,Hà Nội,Xã Tây Phương,21.0403672,105.6115528,152,Unhealthy,3,22.1,78,0.0,9.5,165,1009.1,34,46.7,49.1,430.0,42.1,59.0,42.8
2025-05-13 01:00:00,2025,5,13,1,Hà Nội,Xã Tây Phương,21.0403672,105.6115528,150,Unhealthy for Sensitive Groups,2,21.6,82,0.0,6.8,155,1008.6,20,51.1,54.2,452.0,45.9,48.0,41.7
2025-05-13 02:00:00,2025,5,13,2,Hà Nội,Xã Tây Phương,21.0403672,105.6115528,145,Unhealthy for Sensitive Groups,2,21.1,85,0.0,5.3,145,1008.2,3,56.6,61.0,477.0,50.8,37.0,41.2
2025-05-13 03:00:00,2025,5,13,3,Hà Nội,Xã Tây Phương,21.0403672,105.6115528,141,Unhealthy for Sensitive Groups,2,20.7,88,0.0,4.3,132,1008.2,0,62.6,68.0,513.0,55.9,27.0,41.2
2025-05-13 04:00:00,2025,5,13,4,Hà Nội,Xã Tây Phương,21.0403672,105.6115528,138,Unhealthy for Sensitive Groups,2,20.5,89,0.0,4.8,103,1008.5,0,65.0,70.5,563.0,58.4,23.0,42.1
2025-05-13 05:00:00,2025,5,13,5,Hà Nội,Xã Tây Phương,21.0403672,105.6115528,136,Unhealthy for Sensitive Groups,2,20.5,91,0.0,5.1,94,1008.9,0,66.8,72.4,651.0,56.6,23.0,45.1
2025-05-13 06:00:00,2025,5,13,6,Hà Nội,Xã Tây Phương,21.0403672,105.6115528,135,Unhealthy for Sensitive Groups,2,21.0,91,0.0,6.1,88,1009.5,0,71.2,77.1,754.0,52.0,28.0,49.2
2025-05-13 07:00:00,2025,5,13,7,Hà Nội,Xã Tây Phương,21.0403672,105.6115528,133,Unhealthy for Sensitive Groups,2,22.4,88,0.0,4.7,94,1010.0,0,57.3,61.7,800.0,45.2,42.0,48.0
2025-05-13 08:00:00,2025,5,13,8,Hà Nội,Xã Tây Phương,21.0403672,105.6115528,132,Unhealthy for Sensitive Groups,2,23.9,81,0.0,4.2,80,1010.7,0,48.4,53.1,743.0,38.7,69.0,47.7
2025-05-13 09:00:00,2025,5,13,9,Hà Nội,Xã Tây Phương,21.0403672,105.6115528,131,Unhealthy for Sensitive Groups,2,25.5,76,0.0,4.5,106,1011.0,0,39.1,43.5,629.0,29.6,107.0,47.1
2025-05-13 10:00:00,2025,5,13,10,Hà Nội,Xã Tây Phương,21.0403672,105.6115528,132,Unhealthy for Sensitive Groups,2,26.9,70,0.0,6.1,140,1011.0,12,35.2,37.6,532.0,21.8,141.0,45.4
2025-05-13 11:00:00,2025,5,13,11,Hà Nội,Xã Tây Phương,21.0403672,105.6115528,133,Unhealthy for Sensitive Groups,2,27.9,65,0.0,10.5,163,1010.5,100,35.5,37.7,476.0,16.6,166.0,41.7
2025-05-13 12:00:00,2025,5,13,12,Hà Nội,Xã Tây Phương,21.0403672,105.6115528,135,Unhealthy for Sensitive Groups,2,28.0,66,0.0,10.7,143,1009.4,20,38.5,40.4,435.0,12.7,187.0,36.8
2025-05-13 13:00:00,2025,5,13,13,Hà Nội,Xã Tây Phương,21.0403672,105.6115528,136,Unhealthy for Sensitive Groups,2,29.5,62,0.0,9.8,131,1008.2,5,44.7,46.4,410.0,10.2,202.0,32.6
2025-05-13 14:00:00,2025,5,13,14,Hà Nội,Xã Tây Phương,21.0403672,105.6115528,138,Unhealthy for Sensitive Groups,2,29.7,61,0.0,14.4,149,1006.8,43,49.9,51.6,405.0,8.7,212.0,29.2
2025-05-13 15:00:00,2025,5,13,15,Hà Nội,Xã Tây Phương,21.0403672,105.6115528,140,Unhealthy for Sensitive Groups,2,29.8,61,0.0,15.2,146,1005.4,60,53.8,55.3,415.0,8.6,215.0,26.6
2025-05-13 16:00:00,2025,5,13,16,Hà Nội,Xã Tây Phương,21.0403672,105.6115528,143,Unhealthy for Sensitive Groups,2,28.8,68,0.0,17.6,135,1004.7,2,56.1,57.5,420.0,10.7,210.0,26.0
2025-05-13 17:00:00,2025,5,13,17,Hà Nội,Xã Tây Phương,21.0403672,105.6115528,167,Unhealthy,3,28.1,72,0.0,20.5,137,1004.7,17,58.8,60.1,410.0,16.8,191.0,29.2
2025-05-13 18:00:00,2025,5,13,18,Hà Nội,Xã Tây Phương,21.0403672,105.6115528,180,Unhealthy,3,27.0,75,0.0,17.3,141,1005.2,6,60.5,61.5,395.0,25.1,162.0,34.5
2025-05-13 19:00:00,2025,5,13,19,Hà Nội,Xã Tây Phương,21.0403672,105.6115528,184,Unhealthy,3,26.2,76,0.0,18.7,147,1006.7,6,52.6,53.1,393.0,31.0,143.0,39.6
2025-05-13 20:00:00,2025,5,13,20,Hà Nội,Xã Tây Phương,21.0403672,105.6115528,180,Unhealthy,3,26.1,78,0.0,17.2,152,1007.3,10,42.6,43.1,413.0,31.2,122.0,38.4
2025-05-13 21:00:00,2025,5,13,21,Hà Nội,Xã Tây Phương,21.0403672,105.6115528,170,Unhealthy,3,25.5,80,0.0,16.8,156,1008.0,5,35.9,36.4,444.0,31.6,94.0,36.8
2025-05-13 22:00:00,2025,5,13,22,Hà Nội,Xã Tây Phương,21.0403672,105.6115528,153,Unhealthy,3,25.0,83,0.0,13.6,154,1008.9,9,35.0,35.7,473.0,33.0,70.0,35.7
2025-05-13 23:00:00,2025,5,13,23,Hà Nội,Xã Tây Phương,21.0403672,105.6115528,137,Unhealthy for Sensitive Groups,2,24.5,85,0.0,12.0,152,1009.2,3,37.4,38.4,492.0,36.0,56.0,35.7
2025-05-14 00:00:00,2025,5,14,0,Hà Nội,Xã Tây Phương,21.0403672,105.6115528,136,Unhealthy for Sensitive Groups,2,24.1,88,0.0,10.1,149,1009.1,5,41.4,42.7,508.0,40.0,48.0,36.2
2025-05-14 01:00:00,2025,5,14,1,Hà Nội,Xã Tây Phương,21.0403672,105.6115528,136,Unhealthy for Sensitive Groups,2,23.7,90,0.0,8.8,133,1008.6,15,44.8,46.7,527.0,43.3,41.0,36.8
2025-05-14 02:00:00,2025,5,14,2,Hà Nội,Xã Tây Phương,21.0403672,105.6115528,135,Unhealthy for Sensitive Groups,2,23.5,91,0.0,9.5,129,1008.2,9,45.6,48.2,548.0,45.5,35.0,37.0
2025-05-14 03:00:00,2025,5,14,3,Hà Nội,Xã Tây Phương,21.0403672,105.6115528,134,Unhealthy for Sensitive Groups,2,23.4,93,0.0,9.4,125,1008.0,13,45.5,48.5,571.0,47.1,31.0,37.2
2025-05-14 04:00:00,2025,5,14,4,Hà Nội,Xã Tây Phương,21.0403672,105.6115528,132,Unhealthy for Sensitive Groups,2,23.4,94,0.0,9.5,127,1008.3,12,45.9,48.9,601.0,47.6,30.0,38.4
2025-05-14 05:00:00,2025,5,14,5,Hà Nội,Xã Tây Phương,21.0403672,105.6115528,130,Unhealthy for Sensitive Groups,2,23.3,95,0.0,8.6,127,1008.5,35,47.5,50.6,662.0,47.1,31.0,41.8
2025-05-14 06:00:00,2025,5,14,6,Hà Nội,Xã Tây Phương,21.0403672,105.6115528,128,Unhealthy for Sensitive Groups,2,23.7,94,0.0,9.0,136,1009.0,90,49.7,53.0,730.0,45.5,33.0,46.3
2025-05-14 07:00:00,2025,5,14,7,Hà Nội,Xã Tây Phương,21.0403672,105.6115528,126,Unhealthy for Sensitive Groups,2,25.0,90,0.0,9.6,140,1009.6,98,48.1,51.3,741.0,44.6,34.0,45.8
2025-05-14 08:00:00,2025,5,14,8,Hà Nội,Xã Tây Phương,21.0403672,105.6115528,125,Unhealthy for Sensitive Groups,2,26.7,85,0.0,12.7,148,1010.4,47,38.2,41.3,638.0,37.1,55.0,43.3
2025-05-14 09:00:00,2025,5,14,9,Hà Nội,Xã Tây Phương,21.0403672,105.6115528,124,Unhealthy for Sensitive Groups,2,28.0,80,0.1,13.5,147,1010.7,41,29.0,30.2,478.0,26.6,85.0,39.7
2025-05-14 10:00:00,2025,5,14,10,Hà Nội,Xã Tây Phương,21.0403672,105.6115528,123,Unhealthy for Sensitive Groups,2,28.9,78,0.1,13.0,152,1010.7,36,29.2,30.0,365.0,17.8,114.0,35.9
2025-05-14 11:00:00,2025,5,14,11,Hà Nội,Xã Tây Phương,21.0403672,105.6115528,122,Unhealthy for Sensitive Groups,2,29.8,74,0.2,14.1,153,1010.0,100,30.4,31.0,352.0,12.3,142.0,31.8
2025-05-14 12:00:00,2025,5,14,12,Hà Nội,Xã Tây Phương,21.0403672,105.6115528,122,Unhealthy for Sensitive Groups,2,27.2,82,5.4,15.1,168,1009.7,96,32.9,33.5,385.0,8.6,169.0,27.6
2025-05-14 13:00:00,2025,5,14,13,Hà Nội,Xã Tây Phương,21.0403672,105.6115528,121,Unhealthy for Sensitive Groups,2,28.1,82,0.2,10.9,153,1008.9,99,43.2,43.8,408.0,6.8,186.0,24.8
2025-05-14 14:00:00,2025,5,14,14,Hà Nội,Xã Tây Phương,21.0403672,105.6115528,121,Unhealthy for Sensitive Groups,2,28.9,79,0.0,11.0,142,1007.2,68,45.3,45.8,394.0,7.0,190.0,24.0
2025-05-14 15:00:00,2025,5,14,15,Hà Nội,Xã Tây Phương,21.0403672,105.6115528,121,Unhealthy for Sensitive Groups,2,29.0,79,0.2,19.6,142,1006.0,73,45.9,46.2,370.0,9.1,184.0,24.5
2025-05-14 16:00:00,2025,5,14,16,Hà Nội,Xã Tây Phương,21.0403672,105.6115528,120,Unhealthy for Sensitive Groups,2,28.6,79,0.0,15.8,156,1005.5,92,47.7,48.0,360.0,13.1,171.0,26.2
2025-05-14 17:00:00,2025,5,14,17,Hà Nội,Xã Tây Phương,21.0403672,105.6115528,130,Unhealthy for Sensitive Groups,2,28.5,80,0.0,14.2,153,1005.4,100,44.6,44.8,381.0,20.2,149.0,29.6
2025-05-14 18:00:00,2025,5,14,18,Hà Nội,Xã Tây Phương,21.0403672,105.6115528,144,Unhealthy for Sensitive Groups,2,28.0,81,0.0,15.4,145,1006.0,97,46.1,46.3,416.0,29.2,121.0,34.1
2025-05-14 19:00:00,2025,5,14,19,Hà Nội,Xã Tây Phương,21.0403672,105.6115528,146,Unhealthy for Sensitive Groups,2,27.4,83,0.0,17.5,144,1007.1,73,56.3,57.0,441.0,33.6,120.0,35.5
2025-05-14 20:00:00,2025,5,14,20,Hà Nội,Xã Tây Phương,21.0403672,105.6115528,141,Unhealthy for Sensitive Groups,2,27.5,81,0.0,16.5,145,1008.0,61,49.9,50.5,443.0,35.5,99.0,37.8
2025-05-14 21:00:00,2025,5,14,21,Hà Nội,Xã Tây Phương,21.0403672,105.6115528,126,Unhealthy for Sensitive Groups,2,26.8,84,0.0,16.0,150,1008.8,64,45.6,46.7,434.0,38.2,71.0,41.0
2025-05-14 22:00:00,2025,5,14,22,Hà Nội,Xã Tây Phương,21.0403672,105.6115528,118,Unhealthy for Sensitive Groups,2,26.2,87,0.0,14.4,150,1009.1,52,41.1,42.0,427.0,40.6,48.0,43.2
2025-05-14 23:00:00,2025,5,14,23,Hà Nội,Xã Tây Phương,21.0403672,105.6115528,119,Unhealthy for Sensitive Groups,2,25.7,91,0.0,12.2,144,1009.7,59,38.1,39.1,427.0,42.3,37.0,43.5
2025-05-15 00:00:00,2025,5,15,0,Hà Nội,Xã Tây Phương,21.0403672,105.6115528,119,Unhealthy for Sensitive Groups,2,25.3,93,0.0,12.0,140,1009.6,66,35.6,37.4,430.0,43.8,31.0,42.7
2025-05-15 01:00:00,2025,5,15,1,Hà Nội,Xã Tây Phương,21.0403672,105.6115528,118,Unhealthy for Sensitive Groups,2,25.0,95,0.0,11.2,139,1008.9,100,35.7,38.1,431.0,45.6,26.0,41.9
2025-05-15 02:00:00,2025,5,15,2,Hà Nội,Xã Tây Phương,21.0403672,105.6115528,117,Unhealthy for Sensitive Groups,2,24.8,96,0.0,10.3,139,1008.4,100,39.3,41.9,430.0,48.9,19.0,41.3
2025-05-15 03:00:00,2025,5,15,3,Hà Nội,Xã Tây Phương,21.0403672,105.6115528,117,Unhealthy for Sensitive Groups,2,24.5,98,0.0,10.2,135,1008.1,100,43.3,46.0,429.0,52.5,13.0,40.6
2025-05-15 04:00:00,2025,5,15,4,Hà Nội,Xã Tây Phương,21.0403672,105.6115528,116,Unhealthy for Sensitive Groups,2,24.5,98,0.0,7.8,132,1008.2,100,46.3,48.8,425.0,53.6,11.0,39.9
2025-05-15 05:00:00,2025,5,15,5,Hà Nội,Xã Tây Phương,21.0403672,105.6115528,116,Unhealthy for Sensitive Groups,2,24.5,99,0.0,8.6,129,1008.4,100,52.3,54.1,422.0,50.3,12.0,39.2
2025-05-15 06:00:00,2025,5,15,6,Hà Nội,Xã Tây Phương,21.0403672,105.6115528,117,Unhealthy for Sensitive Groups,2,25.0,96,0.0,9.4,149,1009.0,100,66.1,67.1,417.0,44.5,17.0,38.5
2025-05-15 07:00:00,2025,5,15,7,Hà Nội,Xã Tây Phương,21.0403672,105.6115528,119,Unhealthy for Sensitive Groups,2,25.4,94,0.1,11.7,136,1009.4,100,43.1,44.6,403.0,38.1,40.0,38.3
2025-05-15 08:00:00,2025,5,15,8,Hà Nội,Xã Tây Phương,21.0403672,105.6115528,118,Unhealthy for Sensitive Groups,2,27.0,87,0.1,13.0,143,1009.9,99,43.2,44.6,370.0,35.5,51.0,37.6
2025-05-15 09:00:00,2025,5,15,9,Hà Nội,Xã Tây Phương,21.0403672,105.6115528,119,Unhealthy for Sensitive Groups,2,28.2,81,0.2,14.1,146,1009.9,100,37.3,38.1,329.0,31.8,67.0,36.6
2025-05-15 10:00:00,2025,5,15,10,Hà Nội,Xã Tây Phương,21.0403672,105.6115528,119,Unhealthy for Sensitive Groups,2,29.1,78,0.1,14.2,151,1010.0,99,35.5,36.1,304.0,27.8,87.0,35.7
2025-05-15 11:00:00,2025,5,15,11,Hà Nội,Xã Tây Phương,21.0403672,105.6115528,120,Unhealthy for Sensitive Groups,2,29.9,77,0.1,12.2,143,1009.5,92,35.5,36.0,310.0,23.1,114.0,35.1
2025-05-15 12:00:00,2025,5,15,12,Hà Nội,Xã Tây Phương,21.0403672,105.6115528,121,Unhealthy for Sensitive Groups,2,30.4,73,0.1,13.2,142,1008.4,100,38.6,39.0,332.0,18.3,146.0,34.6
2025-05-15 13:00:00,2025,5,15,13,Hà Nội,Xã Tây Phương,21.0403672,105.6115528,121,Unhealthy for Sensitive Groups,2,25.8,92,8.8,14.2,151,1008.9,100,41.9,42.3,355.0,15.5,166.0,34.6
2025-05-15 14:00:00,2025,5,15,14,Hà Nội,Xã Tây Phương,21.0403672,105.6115528,121,Unhealthy for Sensitive Groups,2,25.2,93,1.8,9.4,181,1007.6,100,48.1,48.4,370.0,15.5,170.0,35.0
2025-05-15 15:00:00,2025,5,15,15,Hà Nội,Xã Tây Phương,21.0403672,105.6115528,121,Unhealthy for Sensitive Groups,2,25.0,95,1.7,7.0,145,1006.1,99,49.0,49.2,386.0,17.7,163.0,35.8
2025-05-15 16:00:00,2025,5,15,16,Hà Nội,Xã Tây Phương,21.0403672,105.6115528,122,Unhealthy for Sensitive Groups,2,26.5,91,1.1,7.1,164,1006.0,100,53.7,53.9,406.0,22.2,150.0,37.4
2025-05-15 17:00:00,2025,5,15,17,Hà Nội,Xã Tây Phương,21.0403672,105.6115528,122,Unhealthy for Sensitive Groups,2,26.4,90,0.3,12.0,156,1006.0,100,57.0,57.3,437.0,30.7,129.0,40.3
2025-05-15 18:00:00,2025,5,15,18,Hà Nội,Xã Tây Phương,21.0403672,105.6115528,124,Unhealthy for Sensitive Groups,2,26.1,94,0.0,8.9,138,1006.5,99,64.5,64.7,473.0,41.6,102.0,44.0
2025-05-15 19:00:00,2025,5,15,19,Hà Nội,Xã Tây Phương,21.0403672,105.6115528,126,Unhealthy for Sensitive Groups,2,25.9,95,0.0,10.8,142,1007.0,100,59.6,59.8,502.0,41.6,101.0,43.7
2025-05-15 20:00:00,2025,5,15,20,Hà Nội,Xã Tây Phương,21.0403672,105.6115528,126,Unhealthy for Sensitive Groups,2,25.4,96,0.7,8.3,136,1008.3,100,59.8,60.1,518.0,43.9,84.0,44.7
2025-05-15 21:00:00,2025,5,15,21,Hà Nội,Xã Tây Phương,21.0403672,105.6115528,127,Unhealthy for Sensitive Groups,2,25.2,96,0.3,7.7,139,1009.0,100,56.1,57.0,526.0,46.9,59.0,45.9
2025-05-15 22:00:00,2025,5,15,22,Hà Nội,Xã Tây Phương,21.0403672,105.6115528,128,Unhealthy for Sensitive Groups,2,25.0,97,0.1,7.9,125,1009.7,100,51.3,52.3,531.0,48.9,40.0,46.0
2025-05-15 23:00:00,2025,5,15,23,Hà Nội,Xã Tây Phương,21.0403672,105.6115528,129,Unhealthy for Sensitive Groups,2,25.2,97,0.5,9.0,125,1009.7,100,48.0,48.9,535.0,49.1,30.0,44.0
2025-05-16 00:00:00,2025,5,16,0,Hà Nội,Xã Tây Phương,21.0403672,105.6115528,130,Unhealthy for Sensitive Groups,2,25.1,98,0.6,6.8,122,1009.3,100,43.9,44.8,536.0,48.2,24.0,40.8
2025-05-16 01:00:00,2025,5,16,1,Hà Nội,Xã Tây Phương,21.0403672,105.6115528,131,Unhealthy for Sensitive Groups,2,25.2,99,0.1,9.2,140,1008.2,100,41.2,42.3,531.0,46.5,22.0,37.8
2025-05-16 02:00:00,2025,5,16,2,Hà Nội,Xã Tây Phương,21.0403672,105.6115528,132,Unhealthy for Sensitive Groups,2,25.3,99,0.1,8.7,133,1007.5,100,39.3,40.3,517.0,43.6,24.0,34.9
2025-05-16 03:00:00,2025,5,16,3,Hà Nội,Xã Tây Phương,21.0403672,105.6115528,132,Unhealthy for Sensitive Groups,2,25.4,99,0.1,8.5,142,1007.0,100,35.2,36.0,497.0,39.9,29.0,32.2
2025-05-16 04:00:00,2025,5,16,4,Hà Nội,Xã Tây Phương,21.0403672,105.6115528,131,Unhealthy for Sensitive Groups,2,25.4,100,0.3,8.8,125,1007.1,100,31.0,31.9,479.0,37.2,33.0,30.7
2025-05-16 05:00:00,2025,5,16,5,Hà Nội,Xã Tây Phương,21.0403672,105.6115528,129,Unhealthy for Sensitive Groups,2,25.4,100,0.0,9.7,141,1007.0,100,29.4,29.8,464.0,36.7,34.0,31.2
2025-05-16 06:00:00,2025,5,16,6,Hà Nội,Xã Tây Phương,21.0403672,105.6115528,127,Unhealthy for Sensitive Groups,2,25.5,99,0.1,11.3,133,1007.4,100,28.5,28.8,452.0,37.3,34.0,33.0
2025-05-16 07:00:00,2025,5,16,7,Hà Nội,Xã Tây Phương,21.0403672,105.6115528,123,Unhealthy for Sensitive Groups,2,26.2,97,0.3,10.5,155,1007.7,100,39.6,40.3,450.0,41.0,35.0,38.0
2025-05-16 08:00:00,2025,5,16,8,Hà Nội,Xã Tây Phương,21.0403672,105.6115528,122,Unhealthy for Sensitive Groups,2,26.2,95,0.7,10.3,157,1008.9,100,38.3,39.1,471.0,40.8,42.0,40.2
2025-05-16 09:00:00,2025,5,16,9,Hà Nội,Xã Tây Phương,21.0403672,105.6115528,122,Unhealthy for Sensitive Groups,2,26.4,94,1.0,11.0,157,1009.0,100,42.4,43.2,502.0,40.4,52.0,43.3
2025-05-16 10:00:00,2025,5,16,10,Hà Nội,Xã Tây Phương,21.0403672,105.6115528,122,Unhealthy for Sensitive Groups,2,27.0,91,0.3,9.9,158,1008.9,100,47.4,48.7,507.0,39.0,66.0,45.5
2025-05-16 11:00:00,2025,5,16,11,Hà Nội,Xã Tây Phương,21.0403672,105.6115528,124,Unhealthy for Sensitive Groups,2,28.5,82,0.0,10.2,167,1008.5,100,49.2,50.4,454.0,35.8,87.0,46.4
2025-05-16 12:00:00,2025,5,16,12,Hà Nội,Xã Tây Phương,21.0403672,105.6115528,125,Unhealthy for Sensitive Groups,2,29.3,78,0.0,9.6,159,1007.5,100,54.2,54.6,374.0,31.6,113.0,46.6
2025-05-16 13:00:00,2025,5,16,13,Hà Nội,Xã Tây Phương,21.0403672,105.6115528,127,Unhealthy for Sensitive Groups,2,30.7,74,0.1,9.4,140,1006.4,100,59.6,59.8,329.0,28.4,131.0,45.7
2025-05-16 14:00:00,2025,5,16,14,Hà Nội,Xã Tây Phương,21.0403672,105.6115528,129,Unhealthy for Sensitive Groups,2,30.4,76,2.7,10.3,125,1004.9,99,56.3,56.7,349.0,26.0,138.0,42.6
2025-05-16 15:00:00,2025,5,16,15,Hà Nội,Xã Tây Phương,21.0403672,105.6115528,129,Unhealthy for Sensitive Groups,2,27.6,89,16.2,2.4,138,1004.8,100,52.7,53.0,404.0,24.5,139.0,38.4
2025-05-16 16:00:00,2025,5,16,16,Hà Nội,Xã Tây Phương,21.0403672,105.6115528,130,Unhealthy for Sensitive Groups,2,26.1,95,0.4,9.9,119,1004.0,100,52.2,52.4,461.0,26.1,134.0,37.0
2025-05-16 17:00:00,2025,5,16,17,Hà Nội,Xã Tây Phương,21.0403672,105.6115528,130,Unhealthy for Sensitive Groups,2,26.6,92,0.0,8.0,132,1004.0,100,56.6,56.8,521.0,33.7,121.0,41.0
2025-05-16 18:00:00,2025,5,16,18,Hà Nội,Xã Tây Phương,21.0403672,105.6115528,130,Unhealthy for Sensitive Groups,2,26.5,93,0.0,9.6,130,1004.4,100,61.5,61.7,583.0,44.5,103.0,47.7
2025-05-16 19:00:00,2025,5,16,19,Hà Nội,Xã Tây Phương,21.0403672,105.6115528,129,Unhealthy for Sensitive Groups,2,26.4,94,0.0,10.4,134,1005.2,100,73.8,74.0,616.0,56.2,68.0,48.0
2025-05-16 20:00:00,2025,5,16,20,Hà Nội,Xã Tây Phương,21.0403672,105.6115528,131,Unhealthy for Sensitive Groups,2,27.6,90,0.0,13.2,141,1006.6,97,69.6,70.3,596.0,54.4,65.0,48.5
2025-05-16 21:00:00,2025,5,16,21,Hà Nội,Xã Tây Phương,21.0403672,105.6115528,132,Unhealthy for Sensitive Groups,2,27.2,91,0.3,14.6,150,1007.3,95,64.0,65.4,546.0,51.9,60.0,49.2
2025-05-16 22:00:00,2025,5,16,22,Hà Nội,Xã Tây Phương,21.0403672,105.6115528,133,Unhealthy for Sensitive Groups,2,26.8,93,0.0,14.0,149,1007.5,100,59.8,61.0,501.0,49.8,55.0,48.8
2025-05-16 23:00:00,2025,5,16,23,Hà Nội,Xã Tây Phương,21.0403672,105.6115528,134,Unhealthy for Sensitive Groups,2,26.5,95,0.0,12.5,148,1007.9,100,54.9,56.2,472.0,48.4,50.0,46.6
2025-05-17 00:00:00,2025,5,17,0,Hà Nội,Xã Tây Phương,21.0403672,105.6115528,134,Unhealthy for Sensitive Groups,2,26.3,95,0.0,11.7,139,1007.5,100,50.2,52.2,447.0,47.4,46.0,43.5
2025-05-17 01:00:00,2025,5,17,1,Hà Nội,Xã Tây Phương,21.0403672,105.6115528,135,Unhealthy for Sensitive Groups,2,26.0,96,0.0,13.1,142,1006.8,100,46.4,48.9,429.0,46.8,41.0,40.7
2025-05-17 02:00:00,2025,5,17,2,Hà Nội,Xã Tây Phương,21.0403672,105.6115528,135,Unhealthy for Sensitive Groups,2,25.8,96,0.0,12.3,146,1006.3,100,43.9,45.8,414.0,46.9,36.0,38.6
2025-05-17 03:00:00,2025,5,17,3,Hà Nội,Xã Tây Phương,21.0403672,105.6115528,136,Unhealthy for Sensitive Groups,2,25.6,96,0.0,11.9,149,1006.2,98,44.0,45.9,405.0,47.3,31.0,36.9
2025-05-17 04:00:00,2025,5,17,4,Hà Nội,Xã Tây Phương,21.0403672,105.6115528,137,Unhealthy for Sensitive Groups,2,25.5,97,0.0,12.2,154,1006.0,100,42.7,44.5,419.0,47.4,29.0,36.3
2025-05-17 05:00:00,2025,5,17,5,Hà Nội,Xã Tây Phương,21.0403672,105.6115528,138,Unhealthy for Sensitive Groups,2,25.2,97,0.0,9.8,156,1006.4,100,38.9,40.5,480.0,47.1,27.0,37.7
2025-05-17 06:00:00,2025,5,17,6,Hà Nội,Xã Tây Phương,21.0403672,105.6115528,139,Unhealthy for Sensitive Groups,2,25.4,96,0.0,8.5,156,1006.8,100,38.4,39.9,564.0,46.4,27.0,40.2
2025-05-17 07:00:00,2025,5,17,7,Hà Nội,Xã Tây Phương,21.0403672,105.6115528,140,Unhealthy for Sensitive Groups,2,26.0,95,0.0,4.8,160,1007.4,100,56.5,57.3,608.0,47.0,28.0,43.9
2025-05-17 08:00:00,2025,5,17,8,Hà Nội,Xã Tây Phương,21.0403672,105.6115528,142,Unhealthy for Sensitive Groups,2,27.7,91,0.1,7.8,154,1008.2,83,59.1,60.1,579.0,46.7,35.0,47.6
2025-05-17 09:00:00,2025,5,17,9,Hà Nội,Xã Tây Phương,21.0403672,105.6115528,144,Unhealthy for Sensitive Groups,2,28.9,86,0.0,8.5,151,1008.4,99,61.7,62.9,510.0,45.8,47.0,52.4
2025-05-17 10:00:00,2025,5,17,10,Hà Nội,Xã Tây Phương,21.0403672,105.6115528,146,Unhealthy for Sensitive Groups,2,29.0,84,0.0,11.9,158,1008.2,82,62.9,63.8,444.0,41.8,73.0,53.7
2025-05-17 11:00:00,2025,5,17,11,Hà Nội,Xã Tây Phương,21.0403672,105.6115528,148,Unhealthy for Sensitive Groups,2,30.9,77,0.2,11.4,167,1007.8,52,69.2,69.8,388.0,31.2,129.0,48.0
2025-05-17 12:00:00,2025,5,17,12,Hà Nội,Xã Tây Phương,21.0403672,105.6115528,150,Unhealthy for Sensitive Groups,2,31.8,73,0.3,12.6,156,1006.7,62,65.0,65.7,336.0,17.5,199.0,38.7
2025-05-17 13:00:00,2025,5,17,13,Hà Nội,Xã Tây Phương,21.0403672,105.6115528,150,Unhealthy for Sensitive Groups,2,32.4,70,0.1,14.1,150,1005.8,78,61.2,61.9,306.0,8.3,243.0,31.7
2025-05-17 14:00:00,2025,5,17,14,Hà Nội,Xã Tây Phương,21.0403672,105.6115528,150,Unhealthy for Sensitive Groups,2,29.1,81,12.4,10.7,143,1005.9,100,64.0,64.7,308.0,6.6,242.0,29.0
2025-05-17 15:00:00,2025,5,17,15,Hà Nội,Xã Tây Phương,21.0403672,105.6115528,150,Unhealthy for Sensitive Groups,2,27.1,93,0.3,10.1,191,1005.4,100,61.7,62.2,334.0,9.4,215.0,28.5
2025-05-17 16:00:00,2025,5,17,16,Hà Nội,Xã Tây Phương,21.0403672,105.6115528,151,Unhealthy,3,26.9,93,1.1,7.1,137,1004.5,100,60.8,61.0,375.0,15.2,183.0,30.0
2025-05-17 17:00:00,2025,5,17,17,Hà Nội,Xã Tây Phương,21.0403672,105.6115528,151,Unhealthy,3,26.8,93,0.6,10.1,160,1004.5,100,61.7,61.9,443.0,25.4,148.0,34.3
2025-05-17 18:00:00,2025,5,17,18,Hà Nội,Xã Tây Phương,21.0403672,105.6115528,166,Unhealthy,3,26.7,93,0.0,6.2,142,1005.5,100,68.9,69.2,526.0,38.6,108.0,40.6
2025-05-17 19:00:00,2025,5,17,19,Hà Nội,Xã Tây Phương,21.0403672,105.6115528,171,Unhealthy,3,26.3,93,0.2,7.6,149,1006.1,100,80.1,80.6,589.0,48.7,97.0,46.1
2025-05-17 20:00:00,2025,5,17,20,Hà Nội,Xã Tây Phương,21.0403672,105.6115528,166,Unhealthy,3,26.0,95,0.1,10.2,149,1007.5,100,82.4,82.9,615.0,47.6,88.0,47.5
2025-05-17 21:00:00,2025,5,17,21,Hà Nội,Xã Tây Phương,21.0403672,105.6115528,151,Unhealthy,3,26.0,95,0.2,10.7,151,1008.2,100,75.2,75.4,619.0,46.3,76.0,49.4
2025-05-17 22:00:00,2025,5,17,22,Hà Nội,Xã Tây Phương,21.0403672,105.6115528,152,Unhealthy,3,25.8,95,0.2,8.1,159,1008.6,100,73.6,74.0,612.0,46.0,63.0,49.9
2025-05-17 23:00:00,2025,5,17,23,Hà Nội,Xã Tây Phương,21.0403672,105.6115528,152,Unhealthy,3,25.6,95,0.3,9.4,154,1008.6,100,71.0,71.7,590.0,48.0,50.0,48.0
2025-05-18 00:00:00,2025,5,18,0,Hà Nội,Xã Tây Phương,21.0403672,105.6115528,152,Unhealthy,3,25.6,96,0.1,9.5,148,1008.2,100,67.1,68.0,555.0,51.2,36.0,44.7
2025-05-18 01:00:00,2025,5,18,1,Hà Nội,Xã Tây Phương,21.0403672,105.6115528,153,Unhealthy,3,25.6,97,0.2,10.2,148,1007.6,100,63.8,65.4,526.0,53.4,25.0,41.4
2025-05-18 02:00:00,2025,5,18,2,Hà Nội,Xã Tây Phương,21.0403672,105.6115528,153,Unhealthy,3,25.5,98,0.0,8.0,142,1007.2,99,58.6,59.8,507.0,53.9,19.0,38.1
2025-05-18 03:00:00,2025,5,18,3,Hà Nội,Xã Tây Phương,21.0403672,105.6115528,153,Unhealthy,3,25.3,99,0.0,6.6,133,1006.7,100,54.0,55.1,494.0,53.4,16.0,34.9
2025-05-18 04:00:00,2025,5,18,4,Hà Nội,Xã Tây Phương,21.0403672,105.6115528,154,Unhealthy,3,25.2,99,0.0,6.8,138,1006.8,100,51.8,53.0,490.0,52.0,15.0,33.4
2025-05-18 05:00:00,2025,5,18,5,Hà Nội,Xã Tây Phương,21.0403672,105.6115528,154,Unhealthy,3,25.1,99,0.0,5.4,138,1006.8,100,51.1,52.4,504.0,49.5,17.0,34.8
2025-05-18 06:00:00,2025,5,18,6,Hà Nội,Xã Tây Phương,21.0403672,105.6115528,154,Unhealthy,3,25.4,99,0.3,4.9,152,1007.2,100,48.4,49.6,527.0,46.1,21.0,37.8
2025-05-18 07:00:00,2025,5,18,7,Hà Nội,Xã Tây Phương,21.0403672,105.6115528,154,Unhealthy,3,26.0,98,1.1,4.3,180,1008.1,100,57.7,58.2,540.0,48.5,17.0,45.2
2025-05-18 08:00:00,2025,5,18,8,Hà Nội,Xã Tây Phương,21.0403672,105.6115528,154,Unhealthy,3,27.0,91,0.0,0.7,180,1008.8,94,48.3,48.5,537.0,43.4,27.0,45.0
2025-05-18 09:00:00,2025,5,18,9,Hà Nội,Xã Tây Phương,21.0403672,105.6115528,154,Unhealthy,3,28.5,84,0.0,2.3,151,1009.1,56,39.0,39.2,524.0,36.3,43.0,44.5
2025-05-18 10:00:00,2025,5,18,10,Hà Nội,Xã Tây Phương,21.0403672,105.6115528,154,Unhealthy,3,30.0,75,0.0,2.8,165,1008.8,31,32.8,33.1,497.0,29.8,63.0,42.6
2025-05-18 11:00:00,2025,5,18,11,Hà Nội,Xã Tây Phương,21.0403672,105.6115528,153,Unhealthy,3,30.9,72,0.0,4.8,158,1008.1,30,36.7,36.8,437.0,24.2,94.0,37.6
2025-05-18 12:00:00,2025,5,18,12,Hà Nội,Xã Tây Phương,21.0403672,105.6115528,152,Unhealthy,3,31.6,71,0.1,6.7,146,1006.9,50,42.7,43.0,362.0,19.2,130.0,31.2
2025-05-18 13:00:00,2025,5,18,13,Hà Nội,Xã Tây Phương,21.0403672,105.6115528,152,Unhealthy,3,30.1,76,7.2,15.7,115,1006.0,98,49.8,49.9,324.0,16.8,155.0,27.4
2025-05-18 14:00:00,2025,5,18,14,Hà Nội,Xã Tây Phương,21.0403672,105.6115528,152,Unhealthy,3,27.0,88,7.6,5.6,140,1005.4,100,58.2,58.3,341.0,17.4,160.0,27.9
2025-05-18 15:00:00,2025,5,18,15,Hà Nội,Xã Tây Phương,21.0403672,105.6115528,151,Unhealthy,3,25.9,93,0.3,8.5,108,1005.6,100,62.6,62.9,394.0,20.5,153.0,30.9
2025-05-18 16:00:00,2025,5,18,16,Hà Nội,Xã Tây Phương,21.0403672,105.6115528,151,Unhealthy,3,26.6,93,0.6,8.6,169,1004.5,100,69.2,69.2,485.0,26.6,141.0,35.5
2025-05-18 17:00:00,2025,5,18,17,Hà Nội,Xã Tây Phương,21.0403672,105.6115528,152,Unhealthy,3,27.0,92,0.4,4.8,169,1004.4,100,80.3,80.3,647.0,37.5,122.0,41.8
2025-05-18 18:00:00,2025,5,18,18,Hà Nội,Xã Tây Phương,21.0403672,105.6115528,152,Unhealthy,3,26.9,95,0.0,1.3,124,1004.9,100,94.3,94.3,845.0,51.3,98.0,49.7
2025-05-18 19:00:00,2025,5,18,19,Hà Nội,Xã Tây Phương,21.0403672,105.6115528,153,Unhealthy,3,26.3,95,0.0,1.2,243,1005.7,100,86.1,86.1,977.0,60.4,68.0,50.6
2025-05-18 20:00:00,2025,5,18,20,Hà Nội,Xã Tây Phương,21.0403672,105.6115528,153,Unhealthy,3,27.6,91,0.0,9.5,159,1006.2,100,98.7,98.7,1000.0,67.3,53.0,54.1
2025-05-18 21:00:00,2025,5,18,21,Hà Nội,Xã Tây Phương,21.0403672,105.6115528,153,Unhealthy,3,27.4,93,0.0,10.1,153,1006.6,100,106.9,106.9,956.0,76.6,32.0,58.6
2025-05-18 22:00:00,2025,5,18,22,Hà Nội,Xã Tây Phương,21.0403672,105.6115528,154,Unhealthy,3,26.6,96,0.7,4.9,57,1007.9,100,109.0,109.0,865.0,82.0,17.0,60.5
2025-05-18 23:00:00,2025,5,18,23,Hà Nội,Xã Tây Phương,21.0403672,105.6115528,155,Unhealthy,3,26.0,99,1.8,5.0,360,1007.9,100,108.5,108.7,698.0,80.3,14.0,57.4
2025-05-19 00:00:00,2025,5,19,0,Hà Nội,Xã Tây Phương,21.0403672,105.6115528,155,Unhealthy,3,25.0,99,7.2,7.4,41,1007.0,100,98.3,98.3,484.0,74.6,17.0,51.7
2025-05-19 01:00:00,2025,5,19,1,Hà Nội,Xã Tây Phương,21.0403672,105.6115528,156,Unhealthy,3,24.5,99,12.3,9.8,32,1007.3,100,87.1,87.3,329.0,68.0,20.0,46.5
2025-05-19 02:00:00,2025,5,19,2,Hà Nội,Xã Tây Phương,21.0403672,105.6115528,157,Unhealthy,3,24.3,97,2.5,4.1,257,1006.5,100,75.2,75.4,282.0,60.5,23.0,42.4
2025-05-19 03:00:00,2025,5,19,3,Hà Nội,Xã Tây Phương,21.0403672,105.6115528,157,Unhealthy,3,24.4,96,5.8,3.4,273,1006.5,100,64.5,64.5,294.0,52.0,26.0,38.9
2025-05-19 04:00:00,2025,5,19,4,Hà Nội,Xã Tây Phương,21.0403672,105.6115528,157,Unhealthy,3,24.5,95,0.3,2.1,211,1005.9,100,53.3,53.4,331.0,45.1,29.0,37.2
2025-05-19 05:00:00,2025,5,19,5,Hà Nội,Xã Tây Phương,21.0403672,105.6115528,157,Unhealthy,3,24.4,96,0.2,4.3,345,1006.9,100,48.2,48.3,395.0,41.1,31.0,38.7
2025-05-19 06:00:00,2025,5,19,6,Hà Nội,Xã Tây Phương,21.0403672,105.6115528,157,Unhealthy,3,24.5,96,0.2,6.2,15,1006.7,100,43.8,43.9,484.0,38.6,34.0,42.0
2025-05-19 07:00:00,2025,5,19,7,Hà Nội,Xã Tây Phương,21.0403672,105.6115528,157,Unhealthy,3,24.9,94,0.1,5.5,32,1007.3,100,32.8,32.9,548.0,32.7,41.0,31.6
2025-05-19 08:00:00,2025,5,19,8,Hà Nội,Xã Tây Phương,21.0403672,105.6115528,156,Unhealthy,3,25.1,91,0.0,3.3,354,1008.4,100,31.1,31.2,566.0,30.4,51.0,32.9
2025-05-19 09:00:00,2025,5,19,9,Hà Nội,Xã Tây Phương,21.0403672,105.6115528,156,Unhealthy,3,26.0,88,0.0,2.7,20,1008.7,100,29.0,29.0,560.0,27.0,66.0,34.7
2025-05-19 10:00:00,2025,5,19,10,Hà Nội,Xã Tây Phương,21.0403672,105.6115528,156,Unhealthy,3,27.0,85,0.1,5.3,100,1008.6,100,27.9,27.9,548.0,23.5,84.0,35.0
2025-05-19 11:00:00,2025,5,19,11,Hà Nội,Xã Tây Phương,21.0403672,105.6115528,156,Unhealthy,3,27.5,84,0.1,5.4,124,1007.8,100,22.6,22.6,539.0,19.6,108.0,32.7
2025-05-19 12:00:00,2025,5,19,12,Hà Nội,Xã Tây Phương,21.0403672,105.6115528,155,Unhealthy,3,28.8,79,0.1,9.4,138,1006.6,100,27.0,27.0,524.0,15.6,135.0,28.9
2025-05-19 13:00:00,2025,5,19,13,Hà Nội,Xã Tây Phương,21.0403672,105.6115528,155,Unhealthy,3,29.6,75,0.0,10.2,150,1005.4,100,36.7,36.7,501.0,12.6,159.0,25.9
2025-05-19 14:00:00,2025,5,19,14,Hà Nội,Xã Tây Phương,21.0403672,105.6115528,155,Unhealthy,3,31.0,69,0.0,11.2,150,1003.6,97,40.5,40.5,459.0,10.2,179.0,23.7
2025-05-19 15:00:00,2025,5,19,15,Hà Nội,Xã Tây Phương,21.0403672,105.6115528,154,Unhealthy,3,30.1,74,0.2,13.4,158,1002.6,100,39.8,39.9,409.0,8.9,196.0,22.1
2025-05-19 16:00:00,2025,5,19,16,Hà Nội,Xã Tây Phương,21.0403672,105.6115528,154,Unhealthy,3,29.8,78,0.1,16.6,156,1001.9,99,38.8,38.8,381.0,11.3,198.0,23.0
2025-05-19 17:00:00,2025,5,19,17,Hà Nội,Xã Tây Phương,21.0403672,105.6115528,153,Unhealthy,3,28.6,83,0.0,14.3,156,1001.7,100,40.3,40.3,397.0,20.4,178.0,27.8
2025-05-19 18:00:00,2025,5,19,18,Hà Nội,Xã Tây Phương,21.0403672,105.6115528,152,Unhealthy,3,27.9,87,0.0,14.0,158,1002.5,100,48.9,49.0,435.0,33.3,143.0,35.1
2025-05-19 19:00:00,2025,5,19,19,Hà Nội,Xã Tây Phương,21.0403672,105.6115528,151,Unhealthy,3,27.0,91,0.0,12.6,146,1003.1,100,62.9,63.1,462.0,42.6,116.0,44.8
2025-05-19 20:00:00,2025,5,19,20,Hà Nội,Xã Tây Phương,21.0403672,105.6115528,151,Unhealthy,3,27.3,92,0.0,13.8,144,1004.6,100,72.6,72.6,461.0,45.4,98.0,48.4
2025-05-19 21:00:00,2025,5,19,21,Hà Nội,Xã Tây Phương,21.0403672,105.6115528,150,Unhealthy for Sensitive Groups,2,27.1,93,0.1,14.4,142,1005.2,100,74.3,74.5,448.0,49.2,72.0,53.2
2025-05-19 22:00:00,2025,5,19,22,Hà Nội,Xã Tây Phương,21.0403672,105.6115528,148,Unhealthy for Sensitive Groups,2,26.9,95,0.2,14.3,149,1005.6,100,71.7,71.9,436.0,52.1,51.0,55.9
2025-05-19 23:00:00,2025,5,19,23,Hà Nội,Xã Tây Phương,21.0403672,105.6115528,144,Unhealthy for Sensitive Groups,2,26.5,97,0.0,13.6,146,1005.4,100,67.1,68.2,427.0,53.1,39.0,54.6
2025-05-20 00:00:00,2025,5,20,0,Hà Nội,Xã Tây Phương,21.0403672,105.6115528,140,Unhealthy for Sensitive Groups,2,26.5,98,0.0,13.0,149,1004.7,100,62.4,63.8,420.0,53.1,32.0,51.1
2025-05-20 01:00:00,2025,5,20,1,Hà Nội,Xã Tây Phương,21.0403672,105.6115528,136,Unhealthy for Sensitive Groups,2,26.4,99,0.0,13.0,152,1004.3,97,59.8,61.2,415.0,53.0,26.0,47.8
2025-05-20 02:00:00,2025,5,20,2,Hà Nội,Xã Tây Phương,21.0403672,105.6115528,133,Unhealthy for Sensitive Groups,2,26.2,99,0.0,12.2,149,1003.6,98,57.6,59.0,412.0,53.4,20.0,44.9
2025-05-20 03:00:00,2025,5,20,3,Hà Nội,Xã Tây Phương,21.0403672,105.6115528,131,Unhealthy for Sensitive Groups,2,26.1,99,0.0,10.8,150,1003.3,99,57.3,58.8,413.0,53.6,16.0,42.1
2025-05-20 04:00:00,2025,5,20,4,Hà Nội,Xã Tây Phương,21.0403672,105.6115528,131,Unhealthy for Sensitive Groups,2,26.0,99,0.0,10.9,141,1003.2,99,61.7,63.1,425.0,52.4,17.0,41.0
2025-05-20 05:00:00,2025,5,20,5,Hà Nội,Xã Tây Phương,21.0403672,105.6115528,132,Unhealthy for Sensitive Groups,2,25.9,99,0.0,9.4,142,1003.7,100,68.7,69.8,466.0,49.2,22.0,43.4
2025-05-20 06:00:00,2025,5,20,6,Hà Nội,Xã Tây Phương,21.0403672,105.6115528,134,Unhealthy for Sensitive Groups,2,26.0,99,0.0,8.1,148,1004.0,100,75.7,76.6,519.0,44.4,33.0,47.3
2025-05-20 07:00:00,2025,5,20,7,Hà Nội,Xã Tây Phương,21.0403672,105.6115528,137,Unhealthy for Sensitive Groups,2,26.9,95,0.0,11.4,155,1004.4,100,42.7,43.3,538.0,42.3,41.0,47.8
2025-05-20 08:00:00,2025,5,20,8,Hà Nội,Xã Tây Phương,21.0403672,105.6115528,138,Unhealthy for Sensitive Groups,2,28.7,87,0.0,7.0,177,1005.3,100,45.2,45.8,492.0,35.4,73.0,44.8
2025-05-20 09:00:00,2025,5,20,9,Hà Nội,Xã Tây Phương,21.0403672,105.6115528,139,Unhealthy for Sensitive Groups,2,30.0,81,0.0,4.9,180,1005.5,100,39.7,40.0,413.0,25.6,117.0,40.5
2025-05-20 10:00:00,2025,5,20,10,Hà Nội,Xã Tây Phương,21.0403672,105.6115528,141,Unhealthy for Sensitive Groups,2,31.0,76,0.0,5.0,167,1005.1,100,38.6,38.9,350.0,17.4,155.0,35.9
2025-05-20 11:00:00,2025,5,20,11,Hà Nội,Xã Tây Phương,21.0403672,105.6115528,142,Unhealthy for Sensitive Groups,2,31.9,73,0.1,7.5,153,1004.5,100,36.0,36.2,322.0,11.9,181.0,30.9
2025-05-20 12:00:00,2025,5,20,12,Hà Nội,Xã Tây Phương,21.0403672,105.6115528,143,Unhealthy for Sensitive Groups,2,32.5,71,0.2,9.2,154,1003.7,100,33.4,33.5,310.0,7.9,200.0,25.6
2025-05-20 13:00:00,2025,5,20,13,Hà Nội,Xã Tây Phương,21.0403672,105.6115528,144,Unhealthy for Sensitive Groups,2,32.7,70,0.1,10.8,159,1002.6,99,32.8,32.9,305.0,5.8,211.0,22.0
2025-05-20 14:00:00,2025,5,20,14,Hà Nội,Xã Tây Phương,21.0403672,105.6115528,143,Unhealthy for Sensitive Groups,2,32.7,70,0.1,16.0,151,1001.4,58,33.3,33.4,303.0,5.7,210.0,20.5
2025-05-20 15:00:00,2025,5,20,15,Hà Nội,Xã Tây Phương,21.0403672,105.6115528,143,Unhealthy for Sensitive Groups,2,31.0,75,0.0,17.4,149,1000.6,73,33.3,33.4,308.0,7.5,200.0,20.7
2025-05-20 16:00:00,2025,5,20,16,Hà Nội,Xã Tây Phương,21.0403672,105.6115528,152,Unhealthy,3,30.8,80,0.0,18.3,137,1000.2,55,36.2,36.3,322.0,11.2,188.0,23.0
2025-05-20 17:00:00,2025,5,20,17,Hà Nội,Xã Tây Phương,21.0403672,105.6115528,171,Unhealthy,3,30.7,79,0.0,20.5,151,1000.1,39,45.6,45.6,354.0,18.4,177.0,29.4
2025-05-20 18:00:00,2025,5,20,18,Hà Nội,Xã Tây Phương,21.0403672,105.6115528,180,Unhealthy,3,30.4,81,0.0,20.0,150,1000.7,31,50.2,50.2,395.0,27.4,165.0,37.9
2025-05-20 19:00:00,2025,5,20,19,Hà Nội,Xã Tây Phương,21.0403672,105.6115528,182,Unhealthy,3,29.3,83,0.0,20.8,147,1001.8,28,42.6,42.7,421.0,30.4,143.0,40.9
2025-05-20 20:00:00,2025,5,20,20,Hà Nội,Xã Tây Phương,21.0403672,105.6115528,176,Unhealthy,3,28.5,86,0.0,19.9,156,1003.2,100,41.4,41.6,418.0,30.6,133.0,40.4
2025-05-20 21:00:00,2025,5,20,21,Hà Nội,Xã Tây Phương,21.0403672,105.6115528,165,Unhealthy,3,28.1,86,0.0,18.9,156,1004.0,97,36.4,36.6,399.0,31.0,120.0,39.6
2025-05-20 22:00:00,2025,5,20,22,Hà Nội,Xã Tây Phương,21.0403672,105.6115528,151,Unhealthy,3,27.9,85,0.0,17.1,155,1004.7,91,30.7,31.3,380.0,31.3,107.0,38.3
2025-05-20 23:00:00,2025,5,20,23,Hà Nội,Xã Tây Phương,21.0403672,105.6115528,129,Unhealthy for Sensitive Groups,2,27.5,87,0.0,16.9,151,1005.0,99,29.3,30.6,362.0,31.3,98.0,35.9
2025-05-21 00:00:00,2025,5,21,0,Hà Nội,Xã Tây Phương,21.0403672,105.6115528,125,Unhealthy for Sensitive Groups,2,27.2,89,0.0,16.6,151,1004.3,100,28.7,30.0,345.0,31.2,90.0,33.1
2025-05-21 01:00:00,2025,5,21,1,Hà Nội,Xã Tây Phương,21.0403672,105.6115528,121,Unhealthy for Sensitive Groups,2,27.0,91,0.0,14.2,151,1003.5,100,29.3,30.7,340.0,32.0,81.0,31.3
2025-05-21 02:00:00,2025,5,21,2,Hà Nội,Xã Tây Phương,21.0403672,105.6115528,118,Unhealthy for Sensitive Groups,2,26.9,92,0.0,12.7,147,1003.2,99,31.4,32.9,354.0,34.5,69.0,31.1
2025-05-21 03:00:00,2025,5,21,3,Hà Nội,Xã Tây Phương,21.0403672,105.6115528,115,Unhealthy for Sensitive Groups,2,26.5,94,0.0,10.5,142,1002.9,98,34.7,36.3,380.0,37.8,56.0,32.1
2025-05-21 04:00:00,2025,5,21,4,Hà Nội,Xã Tây Phương,21.0403672,105.6115528,113,Unhealthy for Sensitive Groups,2,26.1,96,0.0,7.9,137,1003.1,78,39.2,41.1,413.0,40.3,48.0,34.2
2025-05-21 05:00:00,2025,5,21,5,Hà Nội,Xã Tây Phương,21.0403672,105.6115528,111,Unhealthy for Sensitive Groups,2,25.9,97,0.0,7.1,126,1003.6,42,44.8,46.9,463.0,41.8,44.0,38.4
2025-05-21 06:00:00,2025,5,21,6,Hà Nội,Xã Tây Phương,21.0403672,105.6115528,108,Unhealthy for Sensitive Groups,2,26.2,96,0.0,6.8,148,1004.1,96,51.8,54.0,519.0,42.5,44.0,43.8
2025-05-21 07:00:00,2025,5,21,7,Hà Nội,Xã Tây Phương,21.0403672,105.6115528,106,Unhealthy for Sensitive Groups,2,27.5,91,0.0,6.7,174,1004.9,97,43.9,46.6,544.0,40.6,62.0,46.2
2025-05-21 08:00:00,2025,5,21,8,Hà Nội,Xã Tây Phương,21.0403672,105.6115528,106,Unhealthy for Sensitive Groups,2,29.1,84,0.0,5.2,168,1005.5,97,44.0,45.2,511.0,33.7,97.0,44.1
2025-05-21 09:00:00,2025,5,21,9,Hà Nội,Xã Tây Phương,21.0403672,105.6115528,106,Unhealthy for Sensitive Groups,2,30.5,77,0.0,4.3,180,1006.1,96,37.5,38.0,447.0,24.0,146.0,41.2
2025-05-21 10:00:00,2025,5,21,10,Hà Nội,Xã Tây Phương,21.0403672,105.6115528,106,Unhealthy for Sensitive Groups,2,31.5,72,0.1,5.2,176,1005.9,16,38.0,38.2,392.0,16.1,189.0,38.2
2025-05-21 11:00:00,2025,5,21,11,Hà Nội,Xã Tây Phương,21.0403672,105.6115528,105,Unhealthy for Sensitive Groups,2,32.2,71,0.1,6.6,163,1005.3,57,41.7,41.9,354.0,11.2,219.0,34.8
2025-05-21 12:00:00,2025,5,21,12,Hà Nội,Xã Tây Phương,21.0403672,105.6115528,106,Unhealthy for Sensitive Groups,2,32.8,70,0.1,7.7,143,1004.2,63,41.3,41.7,324.0,8.0,243.0,31.3
2025-05-21 13:00:00,2025,5,21,13,Hà Nội,Xã Tây Phương,21.0403672,105.6115528,107,Unhealthy for Sensitive Groups,2,33.5,67,0.0,12.3,158,1003.2,90,39.7,40.2,317.0,6.9,255.0,29.7
2025-05-21 14:00:00,2025,5,21,14,Hà Nội,Xã Tây Phương,21.0403672,105.6115528,133,Unhealthy for Sensitive Groups,2,33.2,67,0.0,13.0,127,1001.9,98,39.2,39.7,347.0,8.2,251.0,31.3
2025-05-21 15:00:00,2025,5,21,15,Hà Nội,Xã Tây Phương,21.0403672,105.6115528,171,Unhealthy,3,31.6,76,0.2,11.4,117,1001.2,100,39.9,40.3,399.0,11.6,236.0,34.8
2025-05-21 16:00:00,2025,5,21,16,Hà Nội,Xã Tây Phương,21.0403672,105.6115528,198,Unhealthy,3,30.6,79,0.2,16.5,170,1001.2,100,40.9,41.2,440.0,16.0,217.0,37.9
2025-05-21 17:00:00,2025,5,21,17,Hà Nội,Xã Tây Phương,21.0403672,105.6115528,207,Very Unhealthy,4,30.0,82,0.1,13.9,163,1001.1,100,41.6,41.9,458.0,21.9,194.0,39.8
2025-05-21 18:00:00,2025,5,21,18,Hà Nội,Xã Tây Phương,21.0403672,105.6115528,211,Very Unhealthy,4,29.5,84,0.0,12.6,154,1001.3,100,44.5,44.7,465.0,28.8,168.0,41.3
2025-05-21 19:00:00,2025,5,21,19,Hà Nội,Xã Tây Phương,21.0403672,105.6115528,209,Very Unhealthy,4,29.1,87,0.0,14.8,150,1002.0,100,56.3,57.0,469.0,36.0,137.0,42.9
2025-05-21 20:00:00,2025,5,21,20,Hà Nội,Xã Tây Phương,21.0403672,105.6115528,204,Very Unhealthy,4,28.7,85,0.0,16.6,153,1003.3,100,53.6,54.0,474.0,37.5,119.0,44.0
2025-05-21 21:00:00,2025,5,21,21,Hà Nội,Xã Tây Phương,21.0403672,105.6115528,189,Unhealthy,3,28.0,87,0.0,15.6,159,1004.2,100,52.3,52.7,475.0,39.5,94.0,45.5
2025-05-21 22:00:00,2025,5,21,22,Hà Nội,Xã Tây Phương,21.0403672,105.6115528,163,Unhealthy,3,27.6,89,0.0,14.7,157,1004.5,100,52.0,52.7,464.0,40.6,75.0,45.6
2025-05-21 23:00:00,2025,5,21,23,Hà Nội,Xã Tây Phương,21.0403672,105.6115528,130,Unhealthy for Sensitive Groups,2,27.3,90,0.0,13.2,149,1004.4,100,49.4,50.4,431.0,39.7,69.0,43.2
2025-05-22 00:00:00,2025,5,22,0,Hà Nội,Xã Tây Phương,21.0403672,105.6115528,117,Unhealthy for Sensitive Groups,2,27.0,92,0.0,13.3,148,1003.7,100,44.5,45.5,386.0,38.0,70.0,39.6
2025-05-22 01:00:00,2025,5,22,1,Hà Nội,Xã Tây Phương,21.0403672,105.6115528,119,Unhealthy for Sensitive Groups,2,26.9,92,0.0,14.3,149,1003.3,100,40.3,42.1,355.0,36.8,69.0,36.6
2025-05-22 02:00:00,2025,5,22,2,Hà Nội,Xã Tây Phương,21.0403672,105.6115528,120,Unhealthy for Sensitive Groups,2,26.8,93,0.0,12.8,146,1002.8,100,39.5,41.9,349.0,37.1,63.0,34.7
2025-05-22 03:00:00,2025,5,22,3,Hà Nội,Xã Tây Phương,21.0403672,105.6115528,121,Unhealthy for Sensitive Groups,2,26.6,93,0.0,12.3,145,1002.2,100,41.3,43.8,357.0,38.0,56.0,33.5
2025-05-22 04:00:00,2025,5,22,4,Hà Nội,Xã Tây Phương,21.0403672,105.6115528,121,Unhealthy for Sensitive Groups,2,26.4,95,0.0,10.8,147,1002.3,100,43.0,45.3,369.0,38.7,51.0,33.7
2025-05-22 05:00:00,2025,5,22,5,Hà Nội,Xã Tây Phương,21.0403672,105.6115528,122,Unhealthy for Sensitive Groups,2,26.3,96,0.0,9.2,141,1002.7,100,45.5,47.7,391.0,39.7,48.0,36.7
2025-05-22 06:00:00,2025,5,22,6,Hà Nội,Xã Tây Phương,21.0403672,105.6115528,122,Unhealthy for Sensitive Groups,2,26.5,96,0.2,8.6,141,1003.3,100,49.6,52.0,417.0,40.6,48.0,41.1
2025-05-22 07:00:00,2025,5,22,7,Hà Nội,Xã Tây Phương,21.0403672,105.6115528,122,Unhealthy for Sensitive Groups,2,27.5,93,0.7,9.4,145,1003.8,100,54.2,57.3,427.0,47.0,51.0,51.2
2025-05-22 08:00:00,2025,5,22,8,Hà Nội,Xã Tây Phương,21.0403672,105.6115528,123,Unhealthy for Sensitive Groups,2,29.1,85,0.0,12.5,159,1004.7,100,55.3,56.9,407.0,42.3,75.0,50.3
2025-05-22 09:00:00,2025,5,22,9,Hà Nội,Xã Tây Phương,21.0403672,105.6115528,124,Unhealthy for Sensitive Groups,2,30.5,77,0.1,11.3,160,1005.0,100,58.1,59.0,370.0,35.6,108.0,49.0
2025-05-22 10:00:00,2025,5,22,10,Hà Nội,Xã Tây Phương,21.0403672,105.6115528,126,Unhealthy for Sensitive Groups,2,31.1,75,0.4,11.4,155,1004.9,100,60.8,61.5,336.0,29.7,139.0,47.2
2025-05-22 11:00:00,2025,5,22,11,Hà Nội,Xã Tây Phương,21.0403672,105.6115528,128,Unhealthy for Sensitive Groups,2,31.2,75,1.4,12.9,157,1003.8,99,61.9,62.9,306.0,25.0,166.0,44.3
2025-05-22 12:00:00,2025,5,22,12,Hà Nội,Xã Tây Phương,21.0403672,105.6115528,130,Unhealthy for Sensitive Groups,2,31.6,73,0.4,15.7,141,1003.2,100,61.7,62.4,278.0,21.1,190.0,41.0
2025-05-22 13:00:00,2025,5,22,13,Hà Nội,Xã Tây Phương,21.0403672,105.6115528,133,Unhealthy for Sensitive Groups,2,30.7,76,2.3,14.9,118,1002.8,100,59.3,59.8,265.0,18.9,205.0,38.8
2025-05-22 14:00:00,2025,5,22,14,Hà Nội,Xã Tây Phương,21.0403672,105.6115528,135,Unhealthy for Sensitive Groups,2,30.4,78,0.6,12.1,145,1002.3,100,59.8,60.3,273.0,19.0,207.0,38.7
2025-05-22 15:00:00,2025,5,22,15,Hà Nội,Xã Tây Phương,21.0403672,105.6115528,137,Unhealthy for Sensitive Groups,2,30.4,76,0.3,15.1,160,1001.2,100,59.6,60.1,296.0,20.8,200.0,39.7
2025-05-22 16:00:00,2025,5,22,16,Hà Nội,Xã Tây Phương,21.0403672,105.6115528,141,Unhealthy for Sensitive Groups,2,29.5,83,0.2,13.0,176,1000.3,100,56.0,56.3,323.0,23.9,187.0,41.0
2025-05-22 17:00:00,2025,5,22,17,Hà Nội,Xã Tây Phương,21.0403672,105.6115528,161,Unhealthy,3,29.1,84,0.2,10.5,168,1000.2,100,54.8,55.1,356.0,29.1,168.0,42.7
2025-05-22 18:00:00,2025,5,22,18,Hà Nội,Xã Tây Phương,21.0403672,105.6115528,171,Unhealthy,3,28.4,86,0.0,10.1,145,1000.4,100,55.2,55.5,394.0,35.5,144.0,44.8
2025-05-22 19:00:00,2025,5,22,19,Hà Nội,Xã Tây Phương,21.0403672,105.6115528,171,Unhealthy,3,27.5,90,0.0,12.9,147,1001.0,100,68.9,69.4,424.0,42.3,132.0,52.0
2025-05-22 20:00:00,2025,5,22,20,Hà Nội,Xã Tây Phương,21.0403672,105.6115528,166,Unhealthy,3,29.1,82,0.0,15.3,146,1001.6,95,68.7,68.9,444.0,43.4,112.0,51.7
2025-05-22 21:00:00,2025,5,22,21,Hà Nội,Xã Tây Phương,21.0403672,105.6115528,154,Unhealthy,3,28.4,86,0.0,14.8,148,1002.6,100,64.5,65.0,456.0,45.0,85.0,51.1
2025-05-22 22:00:00,2025,5,22,22,Hà Nội,Xã Tây Phương,21.0403672,105.6115528,147,Unhealthy for Sensitive Groups,2,27.9,90,0.0,14.0,145,1003.6,98,59.5,60.5,450.0,46.1,63.0,49.7
2025-05-22 23:00:00,2025,5,22,23,Hà Nội,Xã Tây Phương,21.0403672,105.6115528,148,Unhealthy for Sensitive Groups,2,27.5,92,0.0,12.1,140,1004.0,100,56.5,57.5,414.0,46.3,51.0,46.8
2025-05-23 00:00:00,2025,5,23,0,Hà Nội,Xã Tây Phương,21.0403672,105.6115528,149,Unhealthy for Sensitive Groups,2,27.2,94,0.0,14.5,138,1003.4,100,51.5,52.5,361.0,46.0,45.0,43.0
2025-05-23 01:00:00,2025,5,23,1,Hà Nội,Xã Tây Phương,21.0403672,105.6115528,149,Unhealthy for Sensitive Groups,2,27.0,94,0.0,13.9,142,1003.3,100,47.0,48.9,320.0,45.9,39.0,40.2
2025-05-23 02:00:00,2025,5,23,2,Hà Nội,Xã Tây Phương,21.0403672,105.6115528,150,Unhealthy for Sensitive Groups,2,26.9,94,0.0,14.0,148,1002.6,100,42.5,44.8,301.0,46.5,33.0,38.9
2025-05-23 03:00:00,2025,5,23,3,Hà Nội,Xã Tây Phương,21.0403672,105.6115528,150,Unhealthy for Sensitive Groups,2,26.6,95,0.0,11.3,151,1002.0,100,42.6,44.9,295.0,47.2,27.0,38.4
2025-05-23 04:00:00,2025,5,23,4,Hà Nội,Xã Tây Phương,21.0403672,105.6115528,150,Unhealthy for Sensitive Groups,2,26.4,97,0.0,9.4,148,1002.1,100,44.7,47.1,306.0,47.1,24.0,38.6
2025-05-23 05:00:00,2025,5,23,5,Hà Nội,Xã Tây Phương,21.0403672,105.6115528,150,Unhealthy for Sensitive Groups,2,26.2,97,0.0,5.5,167,1002.7,100,48.4,51.1,345.0,45.4,24.0,40.0
2025-05-23 06:00:00,2025,5,23,6,Hà Nội,Xã Tây Phương,21.0403672,105.6115528,150,Unhealthy for Sensitive Groups,2,26.2,97,0.0,6.2,249,1003.2,100,50.6,53.6,401.0,42.9,26.0,42.0
2025-05-23 07:00:00,2025,5,23,7,Hà Nội,Xã Tây Phương,21.0403672,105.6115528,150,Unhealthy for Sensitive Groups,2,26.0,92,0.1,13.7,302,1004.4,100,52.3,56.1,445.0,45.9,21.0,49.3
2025-05-23 08:00:00,2025,5,23,8,Hà Nội,Xã Tây Phương,21.0403672,105.6115528,150,Unhealthy for Sensitive Groups,2,25.5,93,0.2,13.1,303,1005.1,100,50.1,52.6,469.0,44.3,26.0,48.1
2025-05-23 09:00:00,2025,5,23,9,Hà Nội,Xã Tây Phương,21.0403672,105.6115528,150,Unhealthy for Sensitive Groups,2,26.4,91,0.2,13.6,307,1005.6,100,52.2,54.1,482.0,41.8,35.0,46.2
2025-05-23 10:00:00,2025,5,23,10,Hà Nội,Xã Tây Phương,21.0403672,105.6115528,150,Unhealthy for Sensitive Groups,2,27.0,86,0.2,16.5,311,1005.7,100,55.3,57.2,477.0,38.5,48.0,43.7
2025-05-23 11:00:00,2025,5,23,11,Hà Nội,Xã Tây Phương,21.0403672,105.6115528,149,Unhealthy for Sensitive Groups,2,27.9,82,0.2,14.8,320,1005.5,100,59.0,60.5,435.0,33.2,73.0,39.9
2025-05-23 12:00:00,2025,5,23,12,Hà Nội,Xã Tây Phương,21.0403672,105.6115528,149,Unhealthy for Sensitive Groups,2,28.5,80,0.1,11.8,324,1004.7,100,57.3,58.6,377.0,27.1,103.0,35.5
2025-05-23 13:00:00,2025,5,23,13,Hà Nội,Xã Tây Phương,21.0403672,105.6115528,148,Unhealthy for Sensitive Groups,2,29.5,77,0.1,9.8,328,1003.8,100,41.0,41.9,357.0,23.1,122.0,32.1
2025-05-23 14:00:00,2025,5,23,14,Hà Nội,Xã Tây Phương,21.0403672,105.6115528,146,Unhealthy for Sensitive Groups,2,29.9,76,0.0,6.6,21,1003.0,100,40.3,41.2,392.0,22.6,122.0,30.4
2025-05-23 15:00:00,2025,5,23,15,Hà Nội,Xã Tây Phương,21.0403672,105.6115528,144,Unhealthy for Sensitive Groups,2,28.4,82,3.4,8.6,57,1002.8,100,41.8,42.7,465.0,24.2,111.0,29.8
2025-05-23 16:00:00,2025,5,23,16,Hà Nội,Xã Tây Phương,21.0403672,105.6115528,143,Unhealthy for Sensitive Groups,2,27.6,87,0.9,6.4,54,1002.4,100,42.0,43.0,584.0,27.2,98.0,30.0
2025-05-23 17:00:00,2025,5,23,17,Hà Nội,Xã Tây Phương,21.0403672,105.6115528,141,Unhealthy for Sensitive Groups,2,27.3,88,0.5,8.5,66,1002.7,100,45.1,45.9,807.0,32.5,85.0,31.5
2025-05-23 18:00:00,2025,5,23,18,Hà Nội,Xã Tây Phương,21.0403672,105.6115528,140,Unhealthy for Sensitive Groups,2,27.1,91,0.0,5.0,90,1003.7,100,51.3,52.0,1075.0,39.1,70.0,33.9
2025-05-23 19:00:00,2025,5,23,19,Hà Nội,Xã Tây Phương,21.0403672,105.6115528,140,Unhealthy for Sensitive Groups,2,26.6,94,0.0,2.7,82,1004.9,100,50.5,51.2,1221.0,40.9,67.0,35.4
2025-05-23 20:00:00,2025,5,23,20,Hà Nội,Xã Tây Phương,21.0403672,105.6115528,138,Unhealthy for Sensitive Groups,2,26.4,88,0.0,5.3,298,1006.2,100,48.0,48.8,1148.0,42.5,60.0,38.5
2025-05-23 21:00:00,2025,5,23,21,Hà Nội,Xã Tây Phương,21.0403672,105.6115528,136,Unhealthy for Sensitive Groups,2,26.1,89,0.0,6.1,293,1007.1,100,51.5,52.2,954.0,44.7,49.0,42.7
2025-05-23 22:00:00,2025,5,23,22,Hà Nội,Xã Tây Phương,21.0403672,105.6115528,134,Unhealthy for Sensitive Groups,2,25.8,91,0.0,4.8,323,1007.6,99,53.6,54.2,758.0,45.6,42.0,44.7
2025-05-23 23:00:00,2025,5,23,23,Hà Nội,Xã Tây Phương,21.0403672,105.6115528,134,Unhealthy for Sensitive Groups,2,25.4,93,0.0,4.8,349,1007.7,90,57.0,57.7,585.0,44.2,41.0,42.7
2025-05-24 00:00:00,2025,5,24,0,Hà Nội,Xã Tây Phương,21.0403672,105.6115528,134,Unhealthy for Sensitive Groups,2,24.5,96,2.7,1.8,114,1007.3,100,52.7,53.4,411.0,41.5,42.0,38.7
2025-05-24 01:00:00,2025,5,24,1,Hà Nội,Xã Tây Phương,21.0403672,105.6115528,134,Unhealthy for Sensitive Groups,2,24.9,95,0.5,7.9,13,1007.5,100,45.4,46.1,289.0,38.7,44.0,35.0
2025-05-24 02:00:00,2025,5,24,2,Hà Nội,Xã Tây Phương,21.0403672,105.6115528,134,Unhealthy for Sensitive Groups,2,24.6,96,2.5,6.0,21,1007.2,100,40.0,40.7,244.0,36.3,45.0,32.7
2025-05-24 03:00:00,2025,5,24,3,Hà Nội,Xã Tây Phương,21.0403672,105.6115528,133,Unhealthy for Sensitive Groups,2,24.2,98,1.3,6.0,25,1007.3,100,39.9,40.9,251.0,33.7,47.0,30.7
2025-05-24 04:00:00,2025,5,24,4,Hà Nội,Xã Tây Phương,21.0403672,105.6115528,133,Unhealthy for Sensitive Groups,2,24.3,97,1.0,3.1,36,1007.6,100,42.0,43.2,283.0,31.1,49.0,28.9
2025-05-24 05:00:00,2025,5,24,5,Hà Nội,Xã Tây Phương,21.0403672,105.6115528,133,Unhealthy for Sensitive Groups,2,24.5,96,0.3,8.1,39,1008.0,100,40.7,42.0,351.0,28.4,52.0,27.1
2025-05-24 06:00:00,2025,5,24,6,Hà Nội,Xã Tây Phương,21.0403672,105.6115528,132,Unhealthy for Sensitive Groups,2,24.8,92,0.1,12.1,49,1008.8,100,34.1,35.2,445.0,25.6,56.0,25.4
2025-05-24 07:00:00,2025,5,24,7,Hà Nội,Xã Tây Phương,21.0403672,105.6115528,130,Unhealthy for Sensitive Groups,2,25.0,86,0.1,16.8,28,1009.7,100,17.6,17.9,508.0,19.3,69.0,20.0
2025-05-24 08:00:00,2025,5,24,8,Hà Nội,Xã Tây Phương,21.0403672,105.6115528,127,Unhealthy for Sensitive Groups,2,25.0,90,0.5,17.3,39,1009.7,100,16.5,16.8,511.0,18.2,75.0,19.7
2025-05-24 09:00:00,2025,5,24,9,Hà Nội,Xã Tây Phương,21.0403672,105.6115528,123,Unhealthy for Sensitive Groups,2,25.1,86,0.4,18.0,31,1010.8,100,18.9,19.6,483.0,16.7,82.0,19.3
2025-05-24 10:00:00,2025,5,24,10,Hà Nội,Xã Tây Phương,21.0403672,105.6115528,120,Unhealthy for Sensitive Groups,2,23.8,87,1.0,17.6,25,1011.3,100,23.7,24.9,451.0,15.4,90.0,19.3
2025-05-24 11:00:00,2025,5,24,11,Hà Nội,Xã Tây Phương,21.0403672,105.6115528,116,Unhealthy for Sensitive Groups,2,24.4,85,0.6,12.7,16,1011.5,100,28.6,30.6,421.0,14.5,97.0,20.0
2025-05-24 12:00:00,2025,5,24,12,Hà Nội,Xã Tây Phương,21.0403672,105.6115528,113,Unhealthy for Sensitive Groups,2,24.0,88,0.7,9.2,1,1011.3,100,30.5,33.4,387.0,14.0,104.0,21.1
2025-05-24 13:00:00,2025,5,24,13,Hà Nội,Xã Tây Phương,21.0403672,105.6115528,110,Unhealthy for Sensitive Groups,2,24.8,83,0.5,6.3,347,1010.9,100,33.9,37.3,365.0,14.0,108.0,22.0
2025-05-24 14:00:00,2025,5,24,14,Hà Nội,Xã Tây Phương,21.0403672,105.6115528,110,Unhealthy for Sensitive Groups,2,24.1,89,0.7,13.4,346,1010.0,100,37.0,41.2,349.0,14.6,109.0,22.4
2025-05-24 15:00:00,2025,5,24,15,Hà Nội,Xã Tây Phương,21.0403672,105.6115528,109,Unhealthy for Sensitive Groups,2,24.3,81,0.0,13.5,344,1009.6,100,37.1,42.6,344.0,15.9,108.0,22.5
2025-05-24 16:00:00,2025,5,24,16,Hà Nội,Xã Tây Phương,21.0403672,105.6115528,109,Unhealthy for Sensitive Groups,2,24.3,73,0.0,13.4,356,1009.1,100,38.8,45.2,377.0,18.0,103.0,22.9
2025-05-24 17:00:00,2025,5,24,17,Hà Nội,Xã Tây Phương,21.0403672,105.6115528,109,Unhealthy for Sensitive Groups,2,24.6,69,0.0,12.3,12,1009.1,99,39.8,46.9,485.0,21.7,92.0,23.8
2025-05-24 18:00:00,2025,5,24,18,Hà Nội,Xã Tây Phương,21.0403672,105.6115528,108,Unhealthy for Sensitive Groups,2,24.1,73,0.0,9.6,16,1009.7,100,41.0,48.3,632.0,26.3,77.0,24.9
2025-05-24 19:00:00,2025,5,24,19,Hà Nội,Xã Tây Phương,21.0403672,105.6115528,107,Unhealthy for Sensitive Groups,2,23.6,74,0.0,6.0,7,1010.7,100,49.9,57.6,729.0,34.4,62.0,29.0
2025-05-24 20:00:00,2025,5,24,20,Hà Nội,Xã Tây Phương,21.0403672,105.6115528,107,Unhealthy for Sensitive Groups,2,24.1,76,0.0,8.6,8,1011.8,100,52.0,60.1,735.0,33.3,59.0,29.1
2025-05-24 21:00:00,2025,5,24,21,Hà Nội,Xã Tây Phương,21.0403672,105.6115528,107,Unhealthy for Sensitive Groups,2,24.1,75,0.0,6.3,3,1012.9,100,51.3,59.8,692.0,31.7,56.0,29.1
2025-05-24 22:00:00,2025,5,24,22,Hà Nội,Xã Tây Phương,21.0403672,105.6115528,107,Unhealthy for Sensitive Groups,2,23.8,78,0.1,6.4,10,1013.9,100,50.6,60.1,643.0,30.0,53.0,28.6
2025-05-24 23:00:00,2025,5,24,23,Hà Nội,Xã Tây Phương,21.0403672,105.6115528,107,Unhealthy for Sensitive Groups,2,23.2,80,0.2,4.1,360,1014.0,100,50.6,60.8,602.0,28.1,52.0,27.0
2025-05-25 00:00:00,2025,5,25,0,Hà Nội,Xã Tây Phương,21.0403672,105.6115528,106,Unhealthy for Sensitive Groups,2,23.2,86,0.0,1.8,349,1013.6,100,47.6,57.3,555.0,26.2,53.0,25.0
2025-05-25 01:00:00,2025,5,25,1,Hà Nội,Xã Tây Phương,21.0403672,105.6115528,106,Unhealthy for Sensitive Groups,2,23.0,86,0.3,0.3,45,1013.0,100,45.3,54.5,506.0,24.6,53.0,23.3
2025-05-25 02:00:00,2025,5,25,2,Hà Nội,Xã Tây Phương,21.0403672,105.6115528,106,Unhealthy for Sensitive Groups,2,22.6,90,0.5,5.3,8,1012.3,100,44.1,53.4,442.0,23.4,53.0,22.3
2025-05-25 03:00:00,2025,5,25,3,Hà Nội,Xã Tây Phương,21.0403672,105.6115528,106,Unhealthy for Sensitive Groups,2,22.6,86,0.1,7.7,3,1011.9,100,44.1,53.8,375.0,22.6,52.0,21.8
2025-05-25 04:00:00,2025,5,25,4,Hà Nội,Xã Tây Phương,21.0403672,105.6115528,107,Unhealthy for Sensitive Groups,2,22.5,90,0.0,5.5,341,1012.0,100,45.2,55.9,344.0,22.7,51.0,22.0
2025-05-25 05:00:00,2025,5,25,5,Hà Nội,Xã Tây Phương,21.0403672,105.6115528,107,Unhealthy for Sensitive Groups,2,22.5,93,0.0,6.1,332,1012.2,100,46.8,58.6,379.0,24.7,48.0,23.7
2025-05-25 06:00:00,2025,5,25,6,Hà Nội,Xã Tây Phương,21.0403672,105.6115528,108,Unhealthy for Sensitive Groups,2,22.7,94,0.0,7.6,338,1012.7,100,49.0,61.2,449.0,27.5,45.0,26.2
2025-05-25 07:00:00,2025,5,25,7,Hà Nội,Xã Tây Phương,21.0403672,105.6115528,109,Unhealthy for Sensitive Groups,2,23.3,89,0.0,8.1,355,1013.3,100,38.6,45.5,499.0,21.4,57.0,22.0
2025-05-25 08:00:00,2025,5,25,8,Hà Nội,Xã Tây Phương,21.0403672,105.6115528,111,Unhealthy for Sensitive Groups,2,23.2,86,0.0,10.6,341,1014.4,100,38.4,46.7,505.0,18.9,68.0,21.0
2025-05-25 09:00:00,2025,5,25,9,Hà Nội,Xã Tây Phương,21.0403672,105.6115528,114,Unhealthy for Sensitive Groups,2,24.1,73,0.0,11.4,344,1014.9,100,34.0,42.5,492.0,15.4,84.0,19.7
2025-05-25 10:00:00,2025,5,25,10,Hà Nội,Xã Tây Phương,21.0403672,105.6115528,115,Unhealthy for Sensitive Groups,2,24.6,67,0.0,11.2,338,1014.9,100,31.4,38.9,477.0,12.5,97.0,18.3
2025-05-25 11:00:00,2025,5,25,11,Hà Nội,Xã Tây Phương,21.0403672,105.6115528,116,Unhealthy for Sensitive Groups,2,25.1,65,0.0,11.9,335,1014.8,100,31.1,37.7,465.0,10.5,106.0,16.9
2025-05-25 12:00:00,2025,5,25,12,Hà Nội,Xã Tây Phương,21.0403672,105.6115528,116,Unhealthy for Sensitive Groups,2,25.9,64,0.0,11.4,348,1014.2,100,29.9,36.2,451.0,8.9,113.0,15.5
2025-05-25 13:00:00,2025,5,25,13,Hà Nội,Xã Tây Phương,21.0403672,105.6115528,116,Unhealthy for Sensitive Groups,2,26.2,63,0.0,12.4,13,1013.2,100,29.0,34.9,436.0,8.4,116.0,14.6
2025-05-25 14:00:00,2025,5,25,14,Hà Nội,Xã Tây Phương,21.0403672,105.6115528,116,Unhealthy for Sensitive Groups,2,26.9,61,0.0,13.8,24,1012.1,100,29.4,34.9,408.0,9.0,114.0,14.4
2025-05-25 15:00:00,2025,5,25,15,Hà Nội,Xã Tây Phương,21.0403672,105.6115528,115,Unhealthy for Sensitive Groups,2,27.0,63,0.0,11.4,11,1011.0,100,29.5,34.6,379.0,10.6,107.0,14.7
2025-05-25 16:00:00,2025,5,25,16,Hà Nội,Xã Tây Phương,21.0403672,105.6115528,114,Unhealthy for Sensitive Groups,2,27.1,64,0.0,14.8,27,1010.5,82,31.9,36.2,381.0,13.1,100.0,15.7
2025-05-25 17:00:00,2025,5,25,17,Hà Nội,Xã Tây Phương,21.0403672,105.6115528,113,Unhealthy for Sensitive Groups,2,26.8,66,0.0,10.8,21,1010.6,98,36.6,40.6,445.0,17.1,91.0,17.9
2025-05-25 18:00:00,2025,5,25,18,Hà Nội,Xã Tây Phương,21.0403672,105.6115528,113,Unhealthy for Sensitive Groups,2,25.9,65,0.0,13.2,43,1011.4,36,41.6,45.8,542.0,22.0,82.0,20.9
2025-05-25 19:00:00,2025,5,25,19,Hà Nội,Xã Tây Phương,21.0403672,105.6115528,113,Unhealthy for Sensitive Groups,2,24.4,65,0.0,7.4,41,1012.4,100,40.6,44.0,614.0,24.0,74.0,22.8
2025-05-25 20:00:00,2025,5,25,20,Hà Nội,Xã Tây Phương,21.0403672,105.6115528,112,Unhealthy for Sensitive Groups,2,24.4,65,0.0,12.0,54,1013.8,100,43.5,47.0,638.0,24.7,71.0,25.4
2025-05-25 21:00:00,2025,5,25,21,Hà Nội,Xã Tây Phương,21.0403672,105.6115528,111,Unhealthy for Sensitive Groups,2,24.0,64,0.0,13.0,70,1014.6,100,44.2,47.8,638.0,25.7,67.0,29.0
2025-05-25 22:00:00,2025,5,25,22,Hà Nội,Xã Tây Phương,21.0403672,105.6115528,111,Unhealthy for Sensitive Groups,2,23.1,69,0.0,9.5,99,1015.3,100,44.6,48.3,628.0,26.4,64.0,31.7
2025-05-25 23:00:00,2025,5,25,23,Hà Nội,Xã Tây Phương,21.0403672,105.6115528,110,Unhealthy for Sensitive Groups,2,22.4,75,0.0,6.4,101,1015.2,100,44.5,48.2,614.0,26.3,62.0,32.4
2025-05-26 00:00:00,2025,5,26,0,Hà Nội,Xã Tây Phương,21.0403672,105.6115528,109,Unhealthy for Sensitive Groups,2,22.2,76,0.0,5.0,116,1014.5,95,42.6,46.4,591.0,26.0,60.0,32.2
2025-05-26 01:00:00,2025,5,26,1,Hà Nội,Xã Tây Phương,21.0403672,105.6115528,109,Unhealthy for Sensitive Groups,2,21.8,81,0.0,3.5,66,1014.1,97,43.2,47.0,559.0,26.7,57.0,32.5
2025-05-26 02:00:00,2025,5,26,2,Hà Nội,Xã Tây Phương,21.0403672,105.6115528,109,Unhealthy for Sensitive Groups,2,21.5,79,0.0,7.5,20,1013.8,98,47.4,51.2,506.0,29.7,51.0,34.1
2025-05-26 03:00:00,2025,5,26,3,Hà Nội,Xã Tây Phương,21.0403672,105.6115528,109,Unhealthy for Sensitive Groups,2,21.4,76,0.0,9.4,42,1013.3,100,52.0,55.9,444.0,33.7,43.0,36.2
2025-05-26 04:00:00,2025,5,26,4,Hà Nội,Xã Tây Phương,21.0403672,105.6115528,110,Unhealthy for Sensitive Groups,2,21.1,74,0.0,7.8,48,1013.1,100,55.9,59.8,405.0,36.1,39.0,38.4
2025-05-26 05:00:00,2025,5,26,5,Hà Nội,Xã Tây Phương,21.0403672,105.6115528,111,Unhealthy for Sensitive Groups,2,21.0,73,0.0,8.0,46,1013.5,100,54.5,58.3,412.0,35.9,40.0,41.3
2025-05-26 06:00:00,2025,5,26,6,Hà Nội,Xã Tây Phương,21.0403672,105.6115528,112,Unhealthy for Sensitive Groups,2,21.0,73,0.0,10.6,44,1013.7,100,51.2,54.7,443.0,34.0,45.0,44.2
2025-05-26 07:00:00,2025,5,26,7,Hà Nội,Xã Tây Phương,21.0403672,105.6115528,112,Unhealthy for Sensitive Groups,2,21.4,74,0.0,11.2,53,1014.4,92,29.7,32.0,465.0,22.3,71.0,33.9
2025-05-26 08:00:00,2025,5,26,8,Hà Nội,Xã Tây Phương,21.0403672,105.6115528,111,Unhealthy for Sensitive Groups,2,22.5,72,0.0,10.7,44,1015.0,100,26.5,28.8,467.0,19.3,83.0,31.2
2025-05-26 09:00:00,2025,5,26,9,Hà Nội,Xã Tây Phương,21.0403672,105.6115528,110,Unhealthy for Sensitive Groups,2,23.5,69,0.0,12.2,34,1015.3,100,25.3,27.5,460.0,15.2,101.0,27.5
2025-05-26 10:00:00,2025,5,26,10,Hà Nội,Xã Tây Phương,21.0403672,105.6115528,109,Unhealthy for Sensitive Groups,2,24.1,69,0.0,10.8,33,1015.3,100,24.9,26.9,449.0,11.6,120.0,24.9
2025-05-26 11:00:00,2025,5,26,11,Hà Nội,Xã Tây Phương,21.0403672,105.6115528,108,Unhealthy for Sensitive Groups,2,24.9,67,0.0,8.9,29,1014.7,100,25.6,27.4,428.0,9.0,140.0,24.4
2025-05-26 12:00:00,2025,5,26,12,Hà Nội,Xã Tây Phương,21.0403672,105.6115528,108,Unhealthy for Sensitive Groups,2,26.1,64,0.0,7.0,46,1014.4,100,26.3,27.9,402.0,6.9,161.0,25.0
2025-05-26 13:00:00,2025,5,26,13,Hà Nội,Xã Tây Phương,21.0403672,105.6115528,107,Unhealthy for Sensitive Groups,2,27.2,59,0.0,10.0,51,1012.9,100,27.9,29.3,388.0,5.9,177.0,25.7
2025-05-26 14:00:00,2025,5,26,14,Hà Nội,Xã Tây Phương,21.0403672,105.6115528,107,Unhealthy for Sensitive Groups,2,27.5,61,0.0,8.4,70,1011.5,100,30.5,31.7,384.0,5.0,188.0,25.5
2025-05-26 15:00:00,2025,5,26,15,Hà Nội,Xã Tây Phương,21.0403672,105.6115528,107,Unhealthy for Sensitive Groups,2,27.5,62,0.0,8.5,89,1010.3,95,32.7,33.8,392.0,5.1,193.0,25.4
2025-05-26 16:00:00,2025,5,26,16,Hà Nội,Xã Tây Phương,21.0403672,105.6115528,114,Unhealthy for Sensitive Groups,2,27.5,63,0.0,8.8,85,1009.6,99,34.7,35.6,439.0,9.3,188.0,27.7
2025-05-26 17:00:00,2025,5,26,17,Hà Nội,Xã Tây Phương,21.0403672,105.6115528,136,Unhealthy for Sensitive Groups,2,27.2,67,0.0,7.1,111,1009.6,100,40.0,40.9,568.0,21.8,165.0,34.7
2025-05-26 18:00:00,2025,5,26,18,Hà Nội,Xã Tây Phương,21.0403672,105.6115528,150,Unhealthy for Sensitive Groups,2,26.3,72,0.0,6.9,139,1010.0,100,55.8,56.6,736.0,38.5,132.0,43.9
2025-05-26 19:00:00,2025,5,26,19,Hà Nội,Xã Tây Phương,21.0403672,105.6115528,152,Unhealthy,3,25.8,72,0.0,7.9,156,1010.6,100,63.3,64.3,837.0,40.5,97.0,45.3
2025-05-26 20:00:00,2025,5,26,20,Hà Nội,Xã Tây Phương,21.0403672,105.6115528,143,Unhealthy for Sensitive Groups,2,25.2,75,0.0,6.1,152,1011.6,99,62.9,63.8,811.0,38.8,85.0,44.2
2025-05-26 21:00:00,2025,5,26,21,Hà Nội,Xã Tây Phương,21.0403672,105.6115528,127,Unhealthy for Sensitive Groups,2,24.7,78,0.0,5.1,163,1012.1,100,57.5,58.4,718.0,36.4,69.0,42.7
2025-05-26 22:00:00,2025,5,26,22,Hà Nội,Xã Tây Phương,21.0403672,105.6115528,115,Unhealthy for Sensitive Groups,2,24.6,79,0.0,4.6,171,1012.7,100,55.8,56.7,637.0,34.7,55.0,41.4
2025-05-26 23:00:00,2025,5,26,23,Hà Nội,Xã Tây Phương,21.0403672,105.6115528,117,Unhealthy for Sensitive Groups,2,24.4,81,0.0,7.8,132,1012.9,38,55.2,56.1,587.0,34.2,48.0,40.6
2025-05-27 00:00:00,2025,5,27,0,Hà Nội,Xã Tây Phương,21.0403672,105.6115528,118,Unhealthy for Sensitive Groups,2,23.2,87,0.0,6.4,140,1012.4,100,51.2,52.2,548.0,34.4,44.0,40.0
2025-05-27 01:00:00,2025,5,27,1,Hà Nội,Xã Tây Phương,21.0403672,105.6115528,119,Unhealthy for Sensitive Groups,2,23.5,87,0.0,4.8,151,1011.5,100,48.3,49.2,538.0,34.9,40.0,39.8
2025-05-27 02:00:00,2025,5,27,2,Hà Nội,Xã Tây Phương,21.0403672,105.6115528,119,Unhealthy for Sensitive Groups,2,23.2,90,0.0,2.6,102,1011.0,100,46.4,47.4,580.0,35.6,36.0,39.7
2025-05-27 03:00:00,2025,5,27,3,Hà Nội,Xã Tây Phương,21.0403672,105.6115528,119,Unhealthy for Sensitive Groups,2,23.3,88,0.0,4.0,60,1010.8,100,51.3,52.4,651.0,36.5,32.0,39.9
2025-05-27 04:00:00,2025,5,27,4,Hà Nội,Xã Tây Phương,21.0403672,105.6115528,119,Unhealthy for Sensitive Groups,2,23.1,90,0.0,3.6,20,1010.6,100,51.0,52.2,697.0,37.6,30.0,41.5
2025-05-27 05:00:00,2025,5,27,5,Hà Nội,Xã Tây Phương,21.0403672,105.6115528,118,Unhealthy for Sensitive Groups,2,23.0,88,0.0,4.0,5,1010.7,100,54.0,55.3,689.0,38.9,30.0,45.5
2025-05-27 06:00:00,2025,5,27,6,Hà Nội,Xã Tây Phương,21.0403672,105.6115528,118,Unhealthy for Sensitive Groups,2,23.1,85,0.0,4.0,18,1010.9,100,53.2,54.5,655.0,40.3,33.0,50.8
2025-05-27 07:00:00,2025,5,27,7,Hà Nội,Xã Tây Phương,21.0403672,105.6115528,119,Unhealthy for Sensitive Groups,2,23.4,80,0.1,3.2,43,1011.4,100,60.8,62.4,628.0,45.0,30.0,51.2
2025-05-27 08:00:00,2025,5,27,8,Hà Nội,Xã Tây Phương,21.0403672,105.6115528,122,Unhealthy for Sensitive Groups,2,23.8,80,0.0,3.3,61,1011.6,100,55.9,57.4,622.0,44.8,35.0,53.1
2025-05-27 09:00:00,2025,5,27,9,Hà Nội,Xã Tây Phương,21.0403672,105.6115528,125,Unhealthy for Sensitive Groups,2,24.0,80,0.1,2.6,65,1012.0,100,58.4,59.8,624.0,44.2,43.0,55.7
2025-05-27 10:00:00,2025,5,27,10,Hà Nội,Xã Tây Phương,21.0403672,105.6115528,128,Unhealthy for Sensitive Groups,2,24.5,80,0.2,4.1,61,1012.2,100,58.7,59.8,621.0,42.1,56.0,57.5
2025-05-27 11:00:00,2025,5,27,11,Hà Nội,Xã Tây Phương,21.0403672,105.6115528,132,Unhealthy for Sensitive Groups,2,24.8,81,0.6,5.7,18,1011.8,100,63.8,65.0,604.0,36.8,80.0,57.9
2025-05-27 12:00:00,2025,5,27,12,Hà Nội,Xã Tây Phương,21.0403672,105.6115528,136,Unhealthy for Sensitive Groups,2,24.5,84,0.8,5.1,18,1011.0,100,65.0,65.9,583.0,29.9,111.0,57.5
2025-05-27 13:00:00,2025,5,27,13,Hà Nội,Xã Tây Phương,21.0403672,105.6115528,140,Unhealthy for Sensitive Groups,2,25.0,83,0.0,6.1,341,1010.1,100,66.8,68.0,576.0,24.7,134.0,56.8
2025-05-27 14:00:00,2025,5,27,14,Hà Nội,Xã Tây Phương,21.0403672,105.6115528,144,Unhealthy for Sensitive Groups,2,25.2,81,0.0,7.1,351,1008.9,100,65.2,66.1,581.0,21.5,146.0,55.3
2025-05-27 15:00:00,2025,5,27,15,Hà Nội,Xã Tây Phương,21.0403672,105.6115528,147,Unhealthy for Sensitive Groups,2,25.9,78,0.0,7.3,38,1008.1,100,63.8,64.7,601.0,20.0,152.0,53.4
2025-05-27 16:00:00,2025,5,27,16,Hà Nội,Xã Tây Phương,21.0403672,105.6115528,150,Unhealthy for Sensitive Groups,2,25.8,81,0.2,4.8,53,1007.4,100,66.6,67.5,659.0,22.5,149.0,53.7
2025-05-27 17:00:00,2025,5,27,17,Hà Nội,Xã Tây Phương,21.0403672,105.6115528,151,Unhealthy,3,25.6,84,0.1,2.7,58,1007.2,100,71.0,71.7,813.0,31.8,134.0,57.7
2025-05-27 18:00:00,2025,5,27,18,Hà Nội,Xã Tây Phương,21.0403672,105.6115528,152,Unhealthy,3,25.5,86,0.0,1.0,202,1007.7,100,88.5,89.2,1006.0,45.2,111.0,63.9
2025-05-27 19:00:00,2025,5,27,19,Hà Nội,Xã Tây Phương,21.0403672,105.6115528,152,Unhealthy,3,24.9,91,0.0,1.3,180,1008.3,100,91.0,92.0,1093.0,46.1,96.0,66.2
2025-05-27 20:00:00,2025,5,27,20,Hà Nội,Xã Tây Phương,21.0403672,105.6115528,153,Unhealthy,3,24.7,91,0.0,0.9,169,1009.3,100,102.0,102.9,973.0,49.0,85.0,72.1
2025-05-27 21:00:00,2025,5,27,21,Hà Nội,Xã Tây Phương,21.0403672,105.6115528,154,Unhealthy,3,24.5,90,0.0,3.4,267,1009.7,100,108.7,109.7,747.0,53.1,70.0,80.2
2025-05-27 22:00:00,2025,5,27,22,Hà Nội,Xã Tây Phương,21.0403672,105.6115528,155,Unhealthy,3,24.2,92,0.2,2.5,274,1010.3,100,122.9,124.3,567.0,56.5,57.0,85.7
2025-05-27 23:00:00,2025,5,27,23,Hà Nội,Xã Tây Phương,21.0403672,105.6115528,156,Unhealthy,3,24.1,94,0.1,1.9,287,1010.1,100,128.5,129.9,497.0,58.6,46.0,85.7
2025-05-28 00:00:00,2025,5,28,0,Hà Nội,Xã Tây Phương,21.0403672,105.6115528,158,Unhealthy,3,24.0,96,0.1,1.8,294,1009.6,100,129.9,131.8,473.0,60.0,37.0,83.0
2025-05-28 01:00:00,2025,5,28,1,Hà Nội,Xã Tây Phương,21.0403672,105.6115528,160,Unhealthy,3,23.7,97,0.1,1.7,257,1008.8,100,128.5,130.4,454.0,60.5,31.0,81.4
2025-05-28 02:00:00,2025,5,28,2,Hà Nội,Xã Tây Phương,21.0403672,105.6115528,161,Unhealthy,3,23.8,96,0.1,2.0,260,1008.2,100,125.3,126.7,425.0,59.7,28.0,82.5
2025-05-28 03:00:00,2025,5,28,3,Hà Nội,Xã Tây Phương,21.0403672,105.6115528,163,Unhealthy,3,23.8,97,0.1,1.2,297,1007.6,100,117.6,119.2,401.0,58.1,28.0,84.7
2025-05-28 04:00:00,2025,5,28,4,Hà Nội,Xã Tây Phương,21.0403672,105.6115528,165,Unhealthy,3,23.6,98,0.1,1.1,288,1007.4,100,119.2,120.6,385.0,56.7,29.0,86.4
2025-05-28 05:00:00,2025,5,28,5,Hà Nội,Xã Tây Phương,21.0403672,105.6115528,166,Unhealthy,3,23.7,98,0.0,1.5,263,1007.4,100,116.6,118.3,383.0,57.1,29.0,88.1
2025-05-28 06:00:00,2025,5,28,6,Hà Nội,Xã Tây Phương,21.0403672,105.6115528,167,Unhealthy,3,23.9,97,0.0,1.7,302,1007.6,92,114.8,116.4,389.0,57.7,30.0,89.4
2025-05-28 07:00:00,2025,5,28,7,Hà Nội,Xã Tây Phương,21.0403672,105.6115528,169,Unhealthy,3,25.0,91,0.0,0.4,153,1008.0,100,50.6,52.4,386.0,40.1,46.0,39.1
2025-05-28 08:00:00,2025,5,28,8,Hà Nội,Xã Tây Phương,21.0403672,105.6115528,169,Unhealthy,3,26.4,86,0.0,6.4,135,1008.1,100,40.6,42.0,363.0,35.2,60.0,38.0
2025-05-28 09:00:00,2025,5,28,9,Hà Nội,Xã Tây Phương,21.0403672,105.6115528,168,Unhealthy,3,27.8,80,0.1,8.5,156,1008.1,53,36.7,38.0,331.0,28.2,80.0,36.5
2025-05-28 10:00:00,2025,5,28,10,Hà Nội,Xã Tây Phương,21.0403672,105.6115528,168,Unhealthy,3,29.1,74,0.2,9.3,164,1007.7,42,30.6,31.5,303.0,21.6,103.0,34.7
2025-05-28 11:00:00,2025,5,28,11,Hà Nội,Xã Tây Phương,21.0403672,105.6115528,167,Unhealthy,3,30.0,74,0.1,8.2,147,1007.0,45,29.5,29.9,282.0,15.7,131.0,32.4
2025-05-28 12:00:00,2025,5,28,12,Hà Nội,Xã Tây Phương,21.0403672,105.6115528,166,Unhealthy,3,30.4,73,0.2,10.6,136,1005.8,37,29.6,29.9,265.0,10.2,162.0,29.8
2025-05-28 13:00:00,2025,5,28,13,Hà Nội,Xã Tây Phương,21.0403672,105.6115528,166,Unhealthy,3,31.0,71,0.1,12.5,136,1004.6,96,31.5,31.9,259.0,6.6,185.0,28.0
2025-05-28 14:00:00,2025,5,28,14,Hà Nội,Xã Tây Phương,21.0403672,105.6115528,165,Unhealthy,3,30.5,73,0.1,13.1,133,1003.3,32,32.7,32.9,264.0,5.1,198.0,27.6
2025-05-28 15:00:00,2025,5,28,15,Hà Nội,Xã Tây Phương,21.0403672,105.6115528,164,Unhealthy,3,29.2,79,3.1,13.0,154,1002.8,74,34.1,34.3,280.0,5.6,203.0,28.0
2025-05-28 16:00:00,2025,5,28,16,Hà Nội,Xã Tây Phương,21.0403672,105.6115528,163,Unhealthy,3,29.4,79,0.1,11.3,134,1002.6,84,34.8,35.2,308.0,8.3,194.0,28.6
2025-05-28 17:00:00,2025,5,28,17,Hà Nội,Xã Tây Phương,21.0403672,105.6115528,163,Unhealthy,3,27.9,86,3.8,10.0,139,1003.5,96,34.6,34.8,364.0,14.5,163.0,29.0
2025-05-28 18:00:00,2025,5,28,18,Hà Nội,Xã Tây Phương,21.0403672,105.6115528,162,Unhealthy,3,27.7,89,0.1,7.5,132,1004.0,91,35.5,35.6,433.0,23.1,118.0,29.6
2025-05-28 19:00:00,2025,5,28,19,Hà Nội,Xã Tây Phương,21.0403672,105.6115528,161,Unhealthy,3,27.0,92,0.0,8.1,121,1005.1,100,59.6,60.1,470.0,36.9,117.0,41.8
2025-05-28 20:00:00,2025,5,28,20,Hà Nội,Xã Tây Phương,21.0403672,105.6115528,160,Unhealthy,3,27.7,86,0.0,12.4,131,1005.5,85,65.7,66.1,445.0,40.9,95.0,43.0
2025-05-28 21:00:00,2025,5,28,21,Hà Nội,Xã Tây Phương,21.0403672,105.6115528,159,Unhealthy,3,27.1,87,0.0,14.8,144,1006.1,53,63.8,64.3,388.0,46.4,64.0,44.6
2025-05-28 22:00:00,2025,5,28,22,Hà Nội,Xã Tây Phương,21.0403672,105.6115528,158,Unhealthy,3,26.6,89,0.0,12.9,152,1007.2,86,60.5,61.7,351.0,51.2,38.0,45.5
2025-05-28 23:00:00,2025,5,28,23,Hà Nội,Xã Tây Phương,21.0403672,105.6115528,157,Unhealthy,3,26.1,92,1.4,12.5,157,1007.6,100,57.4,58.4,360.0,54.7,23.0,45.1
2025-05-29 00:00:00,2025,5,29,0,Hà Nội,Xã Tây Phương,21.0403672,105.6115528,155,Unhealthy,3,26.0,93,0.1,11.2,159,1007.1,100,53.6,54.9,387.0,57.4,14.0,43.9
2025-05-29 01:00:00,2025,5,29,1,Hà Nội,Xã Tây Phương,21.0403672,105.6115528,154,Unhealthy,3,25.7,94,0.1,9.6,167,1006.5,100,52.4,55.1,402.0,58.6,8.0,42.6
2025-05-29 02:00:00,2025,5,29,2,Hà Nội,Xã Tây Phương,21.0403672,105.6115528,152,Unhealthy,3,25.4,96,0.2,8.5,155,1006.2,100,56.9,59.5,382.0,57.8,6.0,41.1
2025-05-29 03:00:00,2025,5,29,3,Hà Nội,Xã Tây Phương,21.0403672,105.6115528,151,Unhealthy,3,25.1,96,0.8,7.2,152,1005.5,100,54.4,56.7,350.0,55.5,9.0,39.5
2025-05-29 04:00:00,2025,5,29,4,Hà Nội,Xã Tây Phương,21.0403672,105.6115528,146,Unhealthy for Sensitive Groups,2,24.9,97,0.2,3.1,159,1005.5,100,44.9,47.4,342.0,52.7,12.0,38.9
2025-05-29 05:00:00,2025,5,29,5,Hà Nội,Xã Tây Phương,21.0403672,105.6115528,138,Unhealthy for Sensitive Groups,2,24.7,98,0.1,3.5,118,1005.7,100,45.2,47.6,392.0,49.6,16.0,40.7
2025-05-29 06:00:00,2025,5,29,6,Hà Nội,Xã Tây Phương,21.0403672,105.6115528,131,Unhealthy for Sensitive Groups,2,24.8,98,0.1,4.7,94,1006.1,100,46.6,48.9,466.0,45.9,21.0,43.6
2025-05-29 07:00:00,2025,5,29,7,Hà Nội,Xã Tây Phương,21.0403672,105.6115528,124,Unhealthy for Sensitive Groups,2,25.7,93,0.1,7.5,125,1006.8,100,39.3,42.1,504.0,44.2,25.0,41.3
2025-05-29 08:00:00,2025,5,29,8,Hà Nội,Xã Tây Phương,21.0403672,105.6115528,123,Unhealthy for Sensitive Groups,2,26.9,89,0.2,9.7,129,1007.4,100,37.7,40.3,465.0,38.8,38.0,39.2
2025-05-29 09:00:00,2025,5,29,9,Hà Nội,Xã Tây Phương,21.0403672,105.6115528,122,Unhealthy for Sensitive Groups,2,27.8,86,0.2,9.8,126,1007.4,90,35.4,36.9,390.0,31.2,57.0,36.1
2025-05-29 10:00:00,2025,5,29,10,Hà Nội,Xã Tây Phương,21.0403672,105.6115528,122,Unhealthy for Sensitive Groups,2,29.2,82,0.3,8.6,110,1007.4,99,26.1,27.5,338.0,24.3,79.0,33.3
2025-05-29 11:00:00,2025,5,29,11,Hà Nội,Xã Tây Phương,21.0403672,105.6115528,122,Unhealthy for Sensitive Groups,2,29.5,79,0.3,8.9,96,1006.8,100,29.4,30.0,334.0,18.8,108.0,31.1
2025-05-29 12:00:00,2025,5,29,12,Hà Nội,Xã Tây Phương,21.0403672,105.6115528,122,Unhealthy for Sensitive Groups,2,29.9,77,0.3,9.4,87,1006.0,100,34.1,34.5,354.0,13.9,141.0,29.1
2025-05-29 13:00:00,2025,5,29,13,Hà Nội,Xã Tây Phương,21.0403672,105.6115528,122,Unhealthy for Sensitive Groups,2,29.7,76,0.2,11.1,73,1005.1,100,33.8,34.2,382.0,10.8,161.0,27.3
2025-05-29 14:00:00,2025,5,29,14,Hà Nội,Xã Tây Phương,21.0403672,105.6115528,123,Unhealthy for Sensitive Groups,2,27.4,86,2.6,14.6,26,1004.7,100,29.1,29.4,407.0,9.8,161.0,25.4
2025-05-29 15:00:00,2025,5,29,15,Hà Nội,Xã Tây Phương,21.0403672,105.6115528,122,Unhealthy for Sensitive Groups,2,27.8,84,0.4,11.8,43,1004.0,99,25.9,26.0,441.0,10.5,149.0,23.6
2025-05-29 16:00:00,2025,5,29,16,Hà Nội,Xã Tây Phương,21.0403672,105.6115528,121,Unhealthy for Sensitive Groups,2,28.8,77,0.2,11.4,61,1003.6,98,20.7,20.7,500.0,12.5,134.0,22.9
2025-05-29 17:00:00,2025,5,29,17,Hà Nội,Xã Tây Phương,21.0403672,105.6115528,120,Unhealthy for Sensitive Groups,2,27.9,87,1.2,5.5,77,1003.7,100,19.4,19.4,618.0,16.4,118.0,24.0
2025-05-29 18:00:00,2025,5,29,18,Hà Nội,Xã Tây Phương,21.0403672,105.6115528,118,Unhealthy for Sensitive Groups,2,27.0,92,3.2,3.9,133,1004.5,100,20.2,20.2,762.0,21.5,100.0,26.1
2025-05-29 19:00:00,2025,5,29,19,Hà Nội,Xã Tây Phương,21.0403672,105.6115528,117,Unhealthy for Sensitive Groups,2,26.4,95,4.6,2.7,160,1005.4,100,26.4,26.7,847.0,23.7,87.0,28.5
2025-05-29 20:00:00,2025,5,29,20,Hà Nội,Xã Tây Phương,21.0403672,105.6115528,113,Unhealthy for Sensitive Groups,2,26.5,80,0.0,12.3,67,1006.9,100,28.6,28.8,832.0,25.2,75.0,29.8
2025-05-29 21:00:00,2025,5,29,21,Hà Nội,Xã Tây Phương,21.0403672,105.6115528,109,Unhealthy for Sensitive Groups,2,25.8,80,0.3,11.5,67,1007.3,100,28.2,28.3,758.0,27.3,59.0,31.6
2025-05-29 22:00:00,2025,5,29,22,Hà Nội,Xã Tây Phương,21.0403672,105.6115528,106,Unhealthy for Sensitive Groups,2,24.8,87,0.8,9.2,59,1007.9,100,28.5,28.6,672.0,28.6,47.0,32.7
2025-05-29 23:00:00,2025,5,29,23,Hà Nội,Xã Tây Phương,21.0403672,105.6115528,102,Unhealthy for Sensitive Groups,2,24.3,90,1.8,8.0,56,1008.1,100,28.0,28.1,574.0,28.3,43.0,32.3
2025-05-30 00:00:00,2025,5,30,0,Hà Nội,Xã Tây Phương,21.0403672,105.6115528,99,Moderate,1,24.0,91,1.4,8.3,42,1007.8,100,30.2,30.4,463.0,27.4,43.0,31.3
2025-05-30 01:00:00,2025,5,30,1,Hà Nội,Xã Tây Phương,21.0403672,105.6115528,97,Moderate,1,23.9,92,1.4,8.3,44,1007.4,100,33.4,33.5,379.0,27.2,43.0,31.2
2025-05-30 02:00:00,2025,5,30,2,Hà Nội,Xã Tây Phương,21.0403672,105.6115528,96,Moderate,1,23.7,92,0.7,8.0,38,1007.0,100,35.4,35.5,332.0,28.4,41.0,32.6
2025-05-30 03:00:00,2025,5,30,3,Hà Nội,Xã Tây Phương,21.0403672,105.6115528,94,Moderate,1,23.5,93,0.5,5.7,41,1006.9,100,36.0,36.2,312.0,30.4,38.0,34.9
2025-05-30 04:00:00,2025,5,30,4,Hà Nội,Xã Tây Phương,21.0403672,105.6115528,92,Moderate,1,23.5,93,2.2,4.5,53,1006.8,100,36.2,36.3,326.0,32.7,35.0,37.4
2025-05-30 05:00:00,2025,5,30,5,Hà Nội,Xã Tây Phương,21.0403672,105.6115528,91,Moderate,1,23.4,94,4.5,2.2,5,1006.9,100,37.3,37.4,402.0,35.7,31.0,39.7
2025-05-30 06:00:00,2025,5,30,6,Hà Nội,Xã Tây Phương,21.0403672,105.6115528,91,Moderate,1,23.5,93,5.7,1.8,66,1007.2,100,39.1,39.2,513.0,39.0,28.0,42.2
2025-05-30 07:00:00,2025,5,30,7,Hà Nội,Xã Tây Phương,21.0403672,105.6115528,90,Moderate,1,23.3,93,4.9,5.0,105,1007.4,100,26.7,26.8,579.0,32.7,47.0,36.9
2025-05-30 08:00:00,2025,5,30,8,Hà Nội,Xã Tây Phương,21.0403672,105.6115528,89,Moderate,1,25.2,84,0.1,5.2,74,1008.0,99,24.8,24.9,558.0,30.7,61.0,40.3
2025-05-30 09:00:00,2025,5,30,9,Hà Nội,Xã Tây Phương,21.0403672,105.6115528,88,Moderate,1,26.4,79,0.0,3.6,96,1007.8,96,27.2,27.4,493.0,27.8,82.0,44.8
2025-05-30 10:00:00,2025,5,30,10,Hà Nội,Xã Tây Phương,21.0403672,105.6115528,87,Moderate,1,27.6,75,0.0,5.9,130,1007.6,100,33.1,33.2,434.0,24.5,104.0,47.1
2025-05-30 11:00:00,2025,5,30,11,Hà Nội,Xã Tây Phương,21.0403672,105.6115528,88,Moderate,1,28.4,74,0.0,7.0,138,1007.1,100,36.2,36.3,392.0,20.3,129.0,45.5
2025-05-30 12:00:00,2025,5,30,12,Hà Nội,Xã Tây Phương,21.0403672,105.6115528,88,Moderate,1,28.6,74,0.0,9.0,157,1006.4,92,36.7,36.9,356.0,15.6,156.0,41.6
2025-05-30 13:00:00,2025,5,30,13,Hà Nội,Xã Tây Phương,21.0403672,105.6115528,88,Moderate,1,29.8,71,0.0,9.7,176,1005.4,100,41.2,41.4,338.0,12.4,176.0,37.9
2025-05-30 14:00:00,2025,5,30,14,Hà Nội,Xã Tây Phương,21.0403672,105.6115528,89,Moderate,1,29.2,73,0.0,10.9,158,1004.1,100,46.1,46.3,348.0,10.7,188.0,34.1
2025-05-30 15:00:00,2025,5,30,15,Hà Nội,Xã Tây Phương,21.0403672,105.6115528,91,Moderate,1,30.0,71,0.0,11.4,152,1002.9,100,42.4,42.6,376.0,10.4,193.0,30.4
2025-05-30 16:00:00,2025,5,30,16,Hà Nội,Xã Tây Phương,21.0403672,105.6115528,98,Moderate,1,29.2,77,0.0,11.8,140,1002.3,100,42.6,42.8,405.0,13.7,190.0,29.2
2025-05-30 17:00:00,2025,5,30,17,Hà Nội,Xã Tây Phương,21.0403672,105.6115528,126,Unhealthy for Sensitive Groups,2,29.1,78,0.0,13.5,134,1002.0,100,48.1,48.3,434.0,23.4,176.0,32.1
2025-05-30 18:00:00,2025,5,30,18,Hà Nội,Xã Tây Phương,21.0403672,105.6115528,146,Unhealthy for Sensitive Groups,2,28.1,83,0.0,17.1,137,1002.7,100,65.7,65.7,464.0,36.6,154.0,37.4
2025-05-30 19:00:00,2025,5,30,19,Hà Nội,Xã Tây Phương,21.0403672,105.6115528,155,Unhealthy,3,27.2,87,0.0,16.0,135,1003.9,80,81.5,81.5,483.0,38.0,161.0,46.4
2025-05-30 20:00:00,2025,5,30,20,Hà Nội,Xã Tây Phương,21.0403672,105.6115528,160,Unhealthy,3,26.6,89,0.0,13.1,146,1005.2,54,78.7,78.9,485.0,39.3,132.0,46.7
2025-05-30 21:00:00,2025,5,30,21,Hà Nội,Xã Tây Phương,21.0403672,105.6115528,156,Unhealthy,3,26.4,89,0.0,14.1,150,1006.0,70,69.6,69.8,476.0,41.2,93.0,47.0
2025-05-30 22:00:00,2025,5,30,22,Hà Nội,Xã Tây Phương,21.0403672,105.6115528,140,Unhealthy for Sensitive Groups,2,25.9,90,0.0,13.3,148,1006.5,82,56.6,56.9,465.0,42.3,62.0,46.3
2025-05-30 23:00:00,2025,5,30,23,Hà Nội,Xã Tây Phương,21.0403672,105.6115528,119,Unhealthy for Sensitive Groups,2,25.5,91,0.0,13.3,152,1006.6,68,45.3,45.9,454.0,42.2,50.0,43.8
2025-05-31 00:00:00,2025,5,31,0,Hà Nội,Xã Tây Phương,21.0403672,105.6115528,121,Unhealthy for Sensitive Groups,2,25.3,93,0.0,12.0,148,1006.6,99,39.6,40.5,441.0,41.4,48.0,40.3
2025-05-31 01:00:00,2025,5,31,1,Hà Nội,Xã Tây Phương,21.0403672,105.6115528,122,Unhealthy for Sensitive Groups,2,25.4,93,0.0,11.8,146,1005.8,100,38.4,39.5,428.0,40.6,46.0,37.5
2025-05-31 02:00:00,2025,5,31,2,Hà Nội,Xã Tây Phương,21.0403672,105.6115528,122,Unhealthy for Sensitive Groups,2,25.2,94,0.0,11.8,144,1004.5,95,40.0,41.1,416.0,39.9,43.0,35.7
2025-05-31 03:00:00,2025,5,31,3,Hà Nội,Xã Tây Phương,21.0403672,105.6115528,123,Unhealthy for Sensitive Groups,2,25.0,96,0.0,13.0,141,1003.9,96,41.8,43.0,403.0,39.2,41.0,34.6
2025-05-31 04:00:00,2025,5,31,4,Hà Nội,Xã Tây Phương,21.0403672,105.6115528,123,Unhealthy for Sensitive Groups,2,25.0,97,0.0,12.4,146,1004.0,100,43.0,44.1,394.0,38.4,39.0,34.2
2025-05-31 05:00:00,2025,5,31,5,Hà Nội,Xã Tây Phương,21.0403672,105.6115528,124,Unhealthy for Sensitive Groups,2,25.2,96,0.0,12.3,145,1004.1,100,44.6,45.6,394.0,38.1,35.0,35.4
2025-05-31 06:00:00,2025,5,31,6,Hà Nội,Xã Tây Phương,21.0403672,105.6115528,125,Unhealthy for Sensitive Groups,2,25.5,96,0.0,13.6,148,1004.0,100,46.6,47.6,396.0,37.6,32.0,37.4
2025-05-31 07:00:00,2025,5,31,7,Hà Nội,Xã Tây Phương,21.0403672,105.6115528,125,Unhealthy for Sensitive Groups,2,27.0,90,0.0,16.6,164,1004.2,100,41.7,42.6,385.0,38.0,34.0,35.5
2025-05-31 08:00:00,2025,5,31,8,Hà Nội,Xã Tây Phương,21.0403672,105.6115528,127,Unhealthy for Sensitive Groups,2,28.5,83,0.1,16.1,160,1005.1,100,36.4,37.5,345.0,33.2,48.0,33.8
2025-05-31 09:00:00,2025,5,31,9,Hà Nội,Xã Tây Phương,21.0403672,105.6115528,128,Unhealthy for Sensitive Groups,2,29.2,80,0.0,14.6,159,1004.7,97,34.3,34.9,292.0,26.4,69.0,31.4
2025-05-31 10:00:00,2025,5,31,10,Hà Nội,Xã Tây Phương,21.0403672,105.6115528,129,Unhealthy for Sensitive Groups,2,30.9,73,0.0,12.8,158,1004.3,100,36.7,37.4,249.0,20.0,92.0,28.4
2025-05-31 11:00:00,2025,5,31,11,Hà Nội,Xã Tây Phương,21.0403672,105.6115528,129,Unhealthy for Sensitive Groups,2,31.9,69,0.0,11.9,155,1003.5,87,39.2,40.2,228.0,14.2,121.0,24.3
2025-05-31 12:00:00,2025,5,31,12,Hà Nội,Xã Tây Phương,21.0403672,105.6115528,130,Unhealthy for Sensitive Groups,2,33.5,64,0.1,11.3,187,1002.2,98,35.7,36.6,218.0,8.8,152.0,19.7
2025-05-31 13:00:00,2025,5,31,13,Hà Nội,Xã Tây Phương,21.0403672,105.6115528,130,Unhealthy for Sensitive Groups,2,34.0,61,0.0,11.0,166,1000.8,94,30.9,31.7,214.0,5.3,172.0,16.4
2025-05-31 14:00:00,2025,5,31,14,Hà Nội,Xã Tây Phương,21.0403672,105.6115528,128,Unhealthy for Sensitive Groups,2,34.7,59,0.0,11.2,156,999.3,100,27.1,27.9,213.0,4.0,172.0,14.8
2025-05-31 15:00:00,2025,5,31,15,Hà Nội,Xã Tây Phương,21.0403672,105.6115528,127,Unhealthy for Sensitive Groups,2,34.7,59,0.0,12.2,156,998.1,97,23.6,24.4,218.0,4.6,159.0,14.4
2025-05-31 16:00:00,2025,5,31,16,Hà Nội,Xã Tây Phương,21.0403672,105.6115528,125,Unhealthy for Sensitive Groups,2,34.3,62,0.0,15.2,153,997.6,100,22.8,23.5,234.0,7.3,145.0,15.9
2025-05-31 17:00:00,2025,5,31,17,Hà Nội,Xã Tây Phương,21.0403672,105.6115528,122,Unhealthy for Sensitive Groups,2,32.9,70,0.0,18.8,144,997.6,97,26.4,27.0,264.0,13.2,132.0,20.2
2025-05-31 18:00:00,2025,5,31,18,Hà Nội,Xã Tây Phương,21.0403672,105.6115528,120,Unhealthy for Sensitive Groups,2,31.8,72,0.0,17.8,164,998.3,96,31.2,31.5,304.0,21.1,117.0,26.4
2025-05-31 19:00:00,2025,5,31,19,Hà Nội,Xã Tây Phương,21.0403672,105.6115528,117,Unhealthy for Sensitive Groups,2,31.0,76,0.0,13.1,155,999.1,84,40.4,40.5,351.0,31.1,127.0,38.3
2025-05-31 20:00:00,2025,5,31,20,Hà Nội,Xã Tây Phương,21.0403672,105.6115528,117,Unhealthy for Sensitive Groups,2,30.0,86,0.0,14.1,141,1000.3,91,43.0,43.1,415.0,32.4,121.0,41.0
2025-05-31 21:00:00,2025,5,31,21,Hà Nội,Xã Tây Phương,21.0403672,105.6115528,110,Unhealthy for Sensitive Groups,2,29.6,89,0.0,16.8,147,1001.0,64,42.7,42.7,485.0,34.3,111.0,44.5
2025-05-31 22:00:00,2025,5,31,22,Hà Nội,Xã Tây Phương,21.0403672,105.6115528,106,Unhealthy for Sensitive Groups,2,28.9,91,0.0,15.7,149,1001.2,72,44.4,44.5,523.0,36.5,99.0,46.3
2025-05-31 23:00:00,2025,5,31,23,Hà Nội,Xã Tây Phương,21.0403672,105.6115528,105,Unhealthy for Sensitive Groups,2,28.2,93,0.0,13.9,155,1000.8,98,45.9,46.6,510.0,39.3,83.0,44.9
2025-06-01 00:00:00,2025,6,1,0,Hà Nội,Xã Tây Phương,21.0403672,105.6115528,105,Unhealthy for Sensitive Groups,2,27.5,96,0.0,10.4,162,1000.3,100,48.3,49.4,464.0,42.4,65.0,41.7
2025-06-01 01:00:00,2025,6,1,1,Hà Nội,Xã Tây Phương,21.0403672,105.6115528,106,Unhealthy for Sensitive Groups,2,27.2,97,0.0,9.1,171,999.4,99,50.3,51.9,406.0,44.0,49.0,38.1
2025-06-01 02:00:00,2025,6,1,2,Hà Nội,Xã Tây Phương,21.0403672,105.6115528,107,Unhealthy for Sensitive Groups,2,27.1,96,0.0,8.7,186,998.7,100,50.6,52.7,321.0,43.5,34.0,34.1
2025-06-01 03:00:00,2025,6,1,3,Hà Nội,Xã Tây Phương,21.0403672,105.6115528,108,Unhealthy for Sensitive Groups,2,27.1,92,0.0,9.4,185,998.2,98,48.0,50.1,223.0,41.5,20.0,29.6
2025-06-01 04:00:00,2025,6,1,4,Hà Nội,Xã Tây Phương,21.0403672,105.6115528,109,Unhealthy for Sensitive Groups,2,27.2,87,0.0,9.7,196,998.0,100,40.6,42.5,172.0,37.9,16.0,25.8
2025-06-01 05:00:00,2025,6,1,5,Hà Nội,Xã Tây Phương,21.0403672,105.6115528,108,Unhealthy for Sensitive Groups,2,27.4,81,0.0,10.6,203,998.3,99,33.3,34.8,217.0,31.8,27.0,23.3
2025-06-01 06:00:00,2025,6,1,6,Hà Nội,Xã Tây Phương,21.0403672,105.6115528,107,Unhealthy for Sensitive Groups,2,27.9,78,0.0,11.1,207,998.6,99,29.0,30.5,310.0,24.1,47.0,21.5
2025-06-01 07:00:00,2025,6,1,7,Hà Nội,Xã Tây Phương,21.0403672,105.6115528,105,Unhealthy for Sensitive Groups,2,29.6,74,0.0,10.9,207,999.0,100,51.7,53.7,362.0,32.1,80.0,31.0
2025-06-01 08:00:00,2025,6,1,8,Hà Nội,Xã Tây Phương,21.0403672,105.6115528,106,Unhealthy for Sensitive Groups,2,31.9,69,0.0,8.7,214,1000.0,100,36.1,37.3,326.0,24.0,90.0,25.5
2025-06-01 09:00:00,2025,6,1,9,Hà Nội,Xã Tây Phương,21.0403672,105.6115528,106,Unhealthy for Sensitive Groups,2,33.1,61,0.0,13.0,219,999.8,100,15.7,16.4,250.0,12.9,102.0,17.8
2025-06-01 10:00:00,2025,6,1,10,Hà Nội,Xã Tây Phương,21.0403672,105.6115528,104,Unhealthy for Sensitive Groups,2,33.9,59,0.0,15.1,243,999.5,99,9.7,10.0,189.0,4.7,110.0,11.8
2025-06-01 11:00:00,2025,6,1,11,Hà Nội,Xã Tây Phương,21.0403672,105.6115528,102,Unhealthy for Sensitive Groups,2,35.1,55,0.0,15.7,248,998.8,100,7.5,7.7,165.0,2.0,107.0,9.0
2025-06-01 12:00:00,2025,6,1,12,Hà Nội,Xã Tây Phương,21.0403672,105.6115528,98,Moderate,1,36.4,50,0.0,14.8,249,998.1,98,6.2,6.3,156.0,2.3,98.0,7.8
2025-06-01 13:00:00,2025,6,1,13,Hà Nội,Xã Tây Phương,21.0403672,105.6115528,96,Moderate,1,36.9,49,0.0,16.3,242,997.0,65,5.7,5.8,158.0,3.2,92.0,7.6
2025-06-01 14:00:00,2025,6,1,14,Hà Nội,Xã Tây Phương,21.0403672,105.6115528,94,Moderate,1,37.5,47,0.0,12.6,237,996.1,2,5.5,5.7,168.0,3.8,94.0,8.3
2025-06-01 15:00:00,2025,6,1,15,Hà Nội,Xã Tây Phương,21.0403672,105.6115528,92,Moderate,1,37.6,50,0.0,12.5,242,994.9,4,8.3,8.5,188.0,5.1,99.0,9.9
2025-06-01 16:00:00,2025,6,1,16,Hà Nội,Xã Tây Phương,21.0403672,105.6115528,90,Moderate,1,37.0,56,0.0,12.1,228,994.5,4,11.0,11.2,220.0,8.2,98.0,12.1
2025-06-01 17:00:00,2025,6,1,17,Hà Nội,Xã Tây Phương,21.0403672,105.6115528,89,Moderate,1,35.5,59,0.0,13.0,213,994.6,1,15.5,15.6,278.0,15.1,86.0,15.6
2025-06-01 18:00:00,2025,6,1,18,Hà Nội,Xã Tây Phương,21.0403672,105.6115528,88,Moderate,1,33.8,61,0.0,11.4,203,995.1,1,20.4,20.4,348.0,23.9,68.0,19.7
2025-06-01 19:00:00,2025,6,1,19,Hà Nội,Xã Tây Phương,21.0403672,105.6115528,87,Moderate,1,33.3,58,0.0,11.9,215,995.8,3,33.9,34.1,386.0,33.3,51.0,24.3
2025-06-01 20:00:00,2025,6,1,20,Hà Nội,Xã Tây Phương,21.0403672,105.6115528,87,Moderate,1,32.1,64,0.0,8.4,215,996.9,100,32.5,32.7,367.0,31.0,44.0,23.5
2025-06-01 21:00:00,2025,6,1,21,Hà Nội,Xã Tây Phương,21.0403672,105.6115528,86,Moderate,1,31.6,64,0.0,13.1,217,997.4,100,31.2,31.4,317.0,27.6,35.0,22.3
2025-06-01 22:00:00,2025,6,1,22,Hà Nội,Xã Tây Phương,21.0403672,105.6115528,85,Moderate,1,32.1,58,0.0,16.3,227,998.0,98,31.3,31.7,268.0,24.3,29.0,20.8
2025-06-01 23:00:00,2025,6,1,23,Hà Nội,Xã Tây Phương,21.0403672,105.6115528,84,Moderate,1,32.0,57,0.0,18.5,228,997.9,34,30.2,30.6,228.0,21.0,29.0,18.4
2025-06-02 00:00:00,2025,6,2,0,Hà Nội,Xã Tây Phương,21.0403672,105.6115528,82,Moderate,1,31.9,56,0.0,20.2,231,997.5,8,27.3,27.8,189.0,17.8,33.0,15.7
2025-06-02 01:00:00,2025,6,2,1,Hà Nội,Xã Tây Phương,21.0403672,105.6115528,80,Moderate,1,31.6,56,0.0,20.6,238,997.0,17,25.3,25.8,161.0,15.7,35.0,13.9
2025-06-02 02:00:00,2025,6,2,2,Hà Nội,Xã Tây Phương,21.0403672,105.6115528,78,Moderate,1,31.3,57,0.0,18.8,238,996.6,3,24.8,25.3,143.0,15.5,33.0,13.6
2025-06-02 03:00:00,2025,6,2,3,Hà Nội,Xã Tây Phương,21.0403672,105.6115528,76,Moderate,1,30.8,59,0.0,14.8,236,996.7,70,25.3,25.9,135.0,16.5,30.0,14.2
2025-06-02 04:00:00,2025,6,2,4,Hà Nội,Xã Tây Phương,21.0403672,105.6115528,74,Moderate,1,30.1,61,0.0,10.9,237,997.1,96,25.4,26.1,149.0,17.4,30.0,15.4
2025-06-02 05:00:00,2025,6,2,5,Hà Nội,Xã Tây Phương,21.0403672,105.6115528,73,Moderate,1,29.8,62,0.0,11.6,235,997.2,96,26.1,26.9,208.0,18.3,35.0,17.8
2025-06-02 06:00:00,2025,6,2,6,Hà Nội,Xã Tây Phương,21.0403672,105.6115528,72,Moderate,1,29.3,68,0.0,9.2,242,998.1,97,29.2,29.9,288.0,19.1,44.0,20.8
2025-06-02 07:00:00,2025,6,2,7,Hà Nội,Xã Tây Phương,21.0403672,105.6115528,72,Moderate,1,30.8,67,0.0,12.6,260,998.9,100,29.9,30.4,330.0,20.3,51.0,21.6
2025-06-02 08:00:00,2025,6,2,8,Hà Nội,Xã Tây Phương,21.0403672,105.6115528,70,Moderate,1,32.9,63,0.0,11.0,251,999.1,100,22.4,22.8,297.0,16.2,70.0,20.3
2025-06-02 09:00:00,2025,6,2,9,Hà Nội,Xã Tây Phương,21.0403672,105.6115528,69,Moderate,1,33.8,59,0.0,14.3,264,999.2,100,18.6,19.1,226.0,10.5,97.0,18.4
2025-06-02 10:00:00,2025,6,2,10,Hà Nội,Xã Tây Phương,21.0403672,105.6115528,69,Moderate,1,34.7,58,0.0,14.8,269,999.4,100,17.8,18.3,173.0,6.1,118.0,16.6
2025-06-02 11:00:00,2025,6,2,11,Hà Nội,Xã Tây Phương,21.0403672,105.6115528,70,Moderate,1,35.5,55,0.0,10.5,275,999.2,100,17.4,17.9,159.0,4.3,128.0,14.7
2025-06-02 12:00:00,2025,6,2,12,Hà Nội,Xã Tây Phương,21.0403672,105.6115528,71,Moderate,1,36.2,53,0.0,7.6,263,998.7,100,17.0,17.5,162.0,3.8,132.0,12.8
2025-06-02 13:00:00,2025,6,2,13,Hà Nội,Xã Tây Phương,21.0403672,105.6115528,72,Moderate,1,36.7,52,0.0,5.5,253,997.5,100,15.7,16.2,173.0,4.0,133.0,11.7
2025-06-02 14:00:00,2025,6,2,14,Hà Nội,Xã Tây Phương,21.0403672,105.6115528,73,Moderate,1,37.0,50,0.0,6.0,254,996.6,100,14.7,15.4,166.0,3.7,132.0,11.3
2025-06-02 15:00:00,2025,6,2,15,Hà Nội,Xã Tây Phương,21.0403672,105.6115528,73,Moderate,1,37.3,48,0.0,4.2,245,995.7,51,14.3,15.1,167.0,4.1,129.0,11.7
2025-06-02 16:00:00,2025,6,2,16,Hà Nội,Xã Tây Phương,21.0403672,105.6115528,74,Moderate,1,36.9,50,0.0,5.5,253,995.4,94,15.0,15.8,243.0,7.4,121.0,13.4
2025-06-02 17:00:00,2025,6,2,17,Hà Nội,Xã Tây Phương,21.0403672,105.6115528,77,Moderate,1,34.5,64,0.0,11.0,229,995.7,100,21.2,22.2,487.0,16.8,106.0,17.5
2025-06-02 18:00:00,2025,6,2,18,Hà Nội,Xã Tây Phương,21.0403672,105.6115528,79,Moderate,1,32.8,70,0.0,5.9,215,996.1,100,30.3,31.1,807.0,29.2,86.0,23.0
2025-06-02 19:00:00,2025,6,2,19,Hà Nội,Xã Tây Phương,21.0403672,105.6115528,76,Moderate,1,32.1,75,0.0,1.5,104,997.6,100,64.0,65.2,988.0,58.1,75.0,35.9
2025-06-02 20:00:00,2025,6,2,20,Hà Nội,Xã Tây Phương,21.0403672,105.6115528,78,Moderate,1,30.8,75,0.0,13.4,66,999.3,100,55.6,56.3,903.0,46.0,78.0,32.7
2025-06-02 21:00:00,2025,6,2,21,Hà Nội,Xã Tây Phương,21.0403672,105.6115528,80,Moderate,1,29.6,80,0.0,11.9,63,999.9,100,36.0,36.4,680.0,29.6,81.0,28.2
2025-06-02 22:00:00,2025,6,2,22,Hà Nội,Xã Tây Phương,21.0403672,105.6115528,81,Moderate,1,29.2,84,0.0,11.1,56,1001.3,100,20.0,20.1,492.0,18.3,80.0,24.6
2025-06-02 23:00:00,2025,6,2,23,Hà Nội,Xã Tây Phương,21.0403672,105.6115528,80,Moderate,1,29.0,86,0.0,10.9,63,1002.2,100,20.4,20.5,400.0,17.5,71.0,22.5
2025-06-03 00:00:00,2025,6,3,0,Hà Nội,Xã Tây Phương,21.0403672,105.6115528,79,Moderate,1,28.9,87,0.0,5.6,73,1001.5,100,23.6,23.9,344.0,21.8,58.0,21.2
2025-06-03 01:00:00,2025,6,3,1,Hà Nội,Xã Tây Phương,21.0403672,105.6115528,79,Moderate,1,27.2,91,5.7,13.9,349,1002.6,100,26.4,26.7,311.0,25.5,48.0,21.3
2025-06-03 02:00:00,2025,6,3,2,Hà Nội,Xã Tây Phương,21.0403672,105.6115528,79,Moderate,1,26.5,92,3.0,13.1,344,1002.1,100,23.3,23.7,302.0,26.0,46.0,23.1
2025-06-03 03:00:00,2025,6,3,3,Hà Nội,Xã Tây Phương,21.0403672,105.6115528,79,Moderate,1,26.0,97,0.7,11.2,359,1002.5,100,22.1,22.4,317.0,25.9,47.0,26.3
2025-06-03 04:00:00,2025,6,3,4,Hà Nội,Xã Tây Phương,21.0403672,105.6115528,78,Moderate,1,25.8,96,0.7,10.8,328,1002.7,100,24.3,24.7,342.0,26.3,48.0,29.9
2025-06-03 05:00:00,2025,6,3,5,Hà Nội,Xã Tây Phương,21.0403672,105.6115528,78,Moderate,1,25.6,96,0.1,7.7,342,1003.1,100,28.2,28.6,385.0,28.8,44.0,34.6
2025-06-03 06:00:00,2025,6,3,6,Hà Nội,Xã Tây Phương,21.0403672,105.6115528,78,Moderate,1,25.8,96,0.1,7.3,308,1002.9,100,32.2,32.6,438.0,31.8,39.0,39.6
2025-06-03 07:00:00,2025,6,3,7,Hà Nội,Xã Tây Phương,21.0403672,105.6115528,79,Moderate,1,26.5,93,0.0,5.2,299,1003.8,100,25.2,25.6,470.0,33.4,42.0,39.6
2025-06-03 08:00:00,2025,6,3,8,Hà Nội,Xã Tây Phương,21.0403672,105.6115528,78,Moderate,1,27.9,85,0.1,9.5,27,1003.9,100,21.2,21.4,461.0,29.1,55.0,37.7
2025-06-03 09:00:00,2025,6,3,9,Hà Nội,Xã Tây Phương,21.0403672,105.6115528,78,Moderate,1,28.8,76,0.0,12.3,46,1004.3,100,18.9,19.1,429.0,23.1,75.0,34.9
2025-06-03 10:00:00,2025,6,3,10,Hà Nội,Xã Tây Phương,21.0403672,105.6115528,78,Moderate,1,29.8,70,0.0,11.9,51,1004.2,100,21.9,22.1,404.0,17.6,97.0,31.9
2025-06-03 11:00:00,2025,6,3,11,Hà Nội,Xã Tây Phương,21.0403672,105.6115528,78,Moderate,1,30.4,68,0.0,9.5,53,1003.8,100,23.3,23.5,391.0,13.1,125.0,28.4
2025-06-03 12:00:00,2025,6,3,12,Hà Nội,Xã Tây Phương,21.0403672,105.6115528,79,Moderate,1,31.3,65,0.0,9.3,54,1003.0,100,25.4,25.6,383.0,9.1,155.0,24.7
2025-06-03 13:00:00,2025,6,3,13,Hà Nội,Xã Tây Phương,21.0403672,105.6115528,80,Moderate,1,32.2,62,0.0,7.7,49,1001.8,100,26.6,26.8,388.0,6.6,180.0,22.3
2025-06-03 14:00:00,2025,6,3,14,Hà Nội,Xã Tây Phương,21.0403672,105.6115528,81,Moderate,1,31.0,68,0.0,10.3,61,1000.8,100,32.4,33.2,407.0,5.5,197.0,21.8
2025-06-03 15:00:00,2025,6,3,15,Hà Nội,Xã Tây Phương,21.0403672,105.6115528,82,Moderate,1,32.0,64,0.0,7.9,78,1000.3,100,32.2,32.6,439.0,5.9,208.0,22.7
2025-06-03 16:00:00,2025,6,3,16,Hà Nội,Xã Tây Phương,21.0403672,105.6115528,99,Moderate,1,31.9,65,0.0,5.1,132,1000.9,100,33.8,34.0,485.0,8.7,207.0,24.4
2025-06-03 17:00:00,2025,6,3,17,Hà Nội,Xã Tây Phương,21.0403672,105.6115528,131,Unhealthy for Sensitive Groups,2,30.5,73,0.4,9.5,165,1000.9,100,38.3,38.6,564.0,15.7,187.0,27.3
2025-06-03 18:00:00,2025,6,3,18,Hà Nội,Xã Tây Phương,21.0403672,105.6115528,154,Unhealthy,3,29.2,81,0.0,11.5,189,1001.6,100,52.4,52.6,657.0,25.0,155.0,31.0
2025-06-03 19:00:00,2025,6,3,19,Hà Nội,Xã Tây Phương,21.0403672,105.6115528,163,Unhealthy,3,28.1,85,0.1,10.9,164,1002.5,100,66.4,67.1,712.0,31.5,139.0,35.1
2025-06-03 20:00:00,2025,6,3,20,Hà Nội,Xã Tây Phương,21.0403672,105.6115528,165,Unhealthy,3,28.2,86,0.0,7.3,160,1003.1,100,68.5,69.2,701.0,32.6,125.0,38.4
2025-06-03 21:00:00,2025,6,3,21,Hà Nội,Xã Tây Phương,21.0403672,105.6115528,160,Unhealthy,3,27.6,90,0.0,6.8,191,1004.2,100,71.7,72.4,651.0,34.0,105.0,42.8
2025-06-03 22:00:00,2025,6,3,22,Hà Nội,Xã Tây Phương,21.0403672,105.6115528,148,Unhealthy for Sensitive Groups,2,27.2,93,0.0,5.0,201,1004.6,100,72.9,73.8,600.0,34.6,90.0,45.7
2025-06-03 23:00:00,2025,6,3,23,Hà Nội,Xã Tây Phương,21.0403672,105.6115528,125,Unhealthy for Sensitive Groups,2,26.2,96,3.9,5.1,207,1005.1,100,68.0,68.9,554.0,33.6,83.0,45.6
2025-06-04 00:00:00,2025,6,4,0,Hà Nội,Xã Tây Phương,21.0403672,105.6115528,103,Unhealthy for Sensitive Groups,2,26.1,96,1.2,2.1,149,1005.2,100,67.3,68.2,506.0,31.7,80.0,44.0
2025-06-04 01:00:00,2025,6,4,1,Hà Nội,Xã Tây Phương,21.0403672,105.6115528,107,Unhealthy for Sensitive Groups,2,25.8,98,0.2,5.8,154,1004.7,100,61.7,62.6,468.0,30.0,79.0,42.2
2025-06-04 02:00:00,2025,6,4,2,Hà Nội,Xã Tây Phương,21.0403672,105.6115528,111,Unhealthy for Sensitive Groups,2,25.5,98,0.1,4.2,185,1004.2,100,59.0,60.1,443.0,28.8,79.0,40.2
2025-06-04 03:00:00,2025,6,4,3,Hà Nội,Xã Tây Phương,21.0403672,105.6115528,115,Unhealthy for Sensitive Groups,2,25.4,97,0.1,1.5,225,1003.9,100,55.2,56.1,430.0,27.7,80.0,38.1
2025-06-04 04:00:00,2025,6,4,4,Hà Nội,Xã Tây Phương,21.0403672,105.6115528,118,Unhealthy for Sensitive Groups,2,25.3,97,0.8,0.8,135,1004.4,100,55.9,56.8,433.0,27.0,83.0,36.8
2025-06-04 05:00:00,2025,6,4,5,Hà Nội,Xã Tây Phương,21.0403672,105.6115528,122,Unhealthy for Sensitive Groups,2,24.6,98,7.2,7.6,146,1005.7,100,54.6,55.3,467.0,27.0,87.0,37.4
2025-06-04 06:00:00,2025,6,4,6,Hà Nội,Xã Tây Phương,21.0403672,105.6115528,124,Unhealthy for Sensitive Groups,2,24.8,95,0.5,6.3,198,1005.7,100,47.8,48.4,519.0,27.4,92.0,38.9
2025-06-04 07:00:00,2025,6,4,7,Hà Nội,Xã Tây Phương,21.0403672,105.6115528,126,Unhealthy for Sensitive Groups,2,25.5,93,0.0,3.4,180,1006.4,100,24.8,25.1,554.0,30.0,65.0,28.5
2025-06-04 08:00:00,2025,6,4,8,Hà Nội,Xã Tây Phương,21.0403672,105.6115528,126,Unhealthy for Sensitive Groups,2,26.8,89,1.2,5.8,54,1006.8,100,25.0,25.4,558.0,26.8,80.0,27.5
2025-06-04 09:00:00,2025,6,4,9,Hà Nội,Xã Tây Phương,21.0403672,105.6115528,126,Unhealthy for Sensitive Groups,2,27.4,86,0.0,7.2,62,1007.0,100,26.8,27.4,545.0,22.4,102.0,26.1
2025-06-04 10:00:00,2025,6,4,10,Hà Nội,Xã Tây Phương,21.0403672,105.6115528,127,Unhealthy for Sensitive Groups,2,28.5,80,0.1,5.0,92,1006.9,100,26.6,27.2,521.0,18.0,127.0,24.6
2025-06-04 11:00:00,2025,6,4,11,Hà Nội,Xã Tây Phương,21.0403672,105.6115528,128,Unhealthy for Sensitive Groups,2,29.6,78,0.0,6.9,97,1006.4,100,30.0,30.7,482.0,13.8,155.0,22.9
2025-06-04 12:00:00,2025,6,4,12,Hà Nội,Xã Tây Phương,21.0403672,105.6115528,128,Unhealthy for Sensitive Groups,2,30.6,74,0.1,7.6,108,1005.7,100,30.5,31.4,433.0,9.8,185.0,21.2
2025-06-04 13:00:00,2025,6,4,13,Hà Nội,Xã Tây Phương,21.0403672,105.6115528,129,Unhealthy for Sensitive Groups,2,30.9,72,0.1,8.5,118,1004.7,86,32.4,33.8,391.0,7.1,211.0,20.4
2025-06-04 14:00:00,2025,6,4,14,Hà Nội,Xã Tây Phương,21.0403672,105.6115528,129,Unhealthy for Sensitive Groups,2,31.4,71,0.1,6.3,108,1003.7,53,34.7,36.0,358.0,5.8,235.0,21.1
2025-06-04 15:00:00,2025,6,4,15,Hà Nội,Xã Tây Phương,21.0403672,105.6115528,130,Unhealthy for Sensitive Groups,2,31.5,71,0.1,7.4,124,1002.7,90,38.5,39.8,333.0,5.8,254.0,22.7
2025-06-04 16:00:00,2025,6,4,16,Hà Nội,Xã Tây Phương,21.0403672,105.6115528,153,Unhealthy,3,31.5,72,0.1,6.3,129,1002.5,100,42.3,43.7,325.0,8.7,256.0,24.8
2025-06-04 17:00:00,2025,6,4,17,Hà Nội,Xã Tây Phương,21.0403672,105.6115528,181,Unhealthy,3,28.4,86,4.1,10.6,145,1003.4,70,46.7,48.1,347.0,16.9,228.0,27.1
2025-06-04 18:00:00,2025,6,4,18,Hà Nội,Xã Tây Phương,21.0403672,105.6115528,200,Unhealthy,3,27.3,88,2.4,10.7,157,1004.5,100,56.7,58.1,387.0,27.9,183.0,29.7
2025-06-04 19:00:00,2025,6,4,19,Hà Nội,Xã Tây Phương,21.0403672,105.6115528,204,Very Unhealthy,4,26.6,92,1.3,2.3,266,1005.5,99,72.2,73.6,417.0,34.2,140.0,33.4
2025-06-04 20:00:00,2025,6,4,20,Hà Nội,Xã Tây Phương,21.0403672,105.6115528,203,Very Unhealthy,4,26.5,96,2.9,3.4,313,1006.2,85,75.9,77.5,426.0,34.9,127.0,35.1
2025-06-04 21:00:00,2025,6,4,21,Hà Nội,Xã Tây Phương,21.0403672,105.6115528,198,Unhealthy,3,25.9,99,1.5,2.8,320,1007.2,69,77.8,79.2,424.0,35.9,108.0,37.4
2025-06-04 22:00:00,2025,6,4,22,Hà Nội,Xã Tây Phương,21.0403672,105.6115528,182,Unhealthy,3,26.1,96,0.1,7.0,273,1007.8,74,80.6,82.2,416.0,36.8,92.0,39.3
2025-06-04 23:00:00,2025,6,4,23,Hà Nội,Xã Tây Phương,21.0403672,105.6115528,159,Unhealthy,3,25.7,98,0.0,4.7,288,1007.5,100,84.3,85.7,399.0,37.3,82.0,40.0
2025-06-05 00:00:00,2025,6,5,0,Hà Nội,Xã Tây Phương,21.0403672,105.6115528,137,Unhealthy for Sensitive Groups,2,25.4,98,0.0,6.5,330,1007.0,100,85.9,87.3,376.0,37.7,74.0,40.3
2025-06-05 01:00:00,2025,6,5,1,Hà Nội,Xã Tây Phương,21.0403672,105.6115528,139,Unhealthy for Sensitive Groups,2,25.0,98,0.0,7.3,329,1006.6,97,82.9,84.3,357.0,37.9,69.0,41.2
2025-06-05 02:00:00,2025,6,5,2,Hà Nội,Xã Tây Phương,21.0403672,105.6115528,141,Unhealthy for Sensitive Groups,2,24.9,98,0.0,7.5,323,1006.5,98,79.6,81.0,342.0,37.9,65.0,43.1
2025-06-05 03:00:00,2025,6,5,3,Hà Nội,Xã Tây Phương,21.0403672,105.6115528,143,Unhealthy for Sensitive Groups,2,24.8,98,0.0,5.5,314,1006.3,49,78.9,80.1,330.0,37.7,63.0,45.6
2025-06-05 04:00:00,2025,6,5,4,Hà Nội,Xã Tây Phương,21.0403672,105.6115528,146,Unhealthy for Sensitive Groups,2,24.4,98,0.1,1.3,135,1006.5,68,83.6,84.8,335.0,37.7,63.0,48.7
2025-06-05 05:00:00,2025,6,5,5,Hà Nội,Xã Tây Phương,21.0403672,105.6115528,149,Unhealthy for Sensitive Groups,2,24.6,98,0.0,2.1,322,1006.9,97,86.8,88.0,366.0,38.7,64.0,53.2
2025-06-05 06:00:00,2025,6,5,6,Hà Nội,Xã Tây Phương,21.0403672,105.6115528,150,Unhealthy for Sensitive Groups,2,24.9,96,0.0,4.2,313,1007.2,97,90.6,91.5,414.0,39.8,67.0,58.3
2025-06-05 07:00:00,2025,6,5,7,Hà Nội,Xã Tây Phương,21.0403672,105.6115528,151,Unhealthy,3,26.0,90,0.0,6.1,328,1007.9,99,73.1,74.0,458.0,34.5,78.0,51.1
2025-06-05 08:00:00,2025,6,5,8,Hà Nội,Xã Tây Phương,21.0403672,105.6115528,152,Unhealthy,3,28.0,86,0.1,4.3,42,1008.1,96,70.1,70.8,499.0,29.4,96.0,47.4
2025-06-05 09:00:00,2025,6,5,9,Hà Nội,Xã Tây Phương,21.0403672,105.6115528,153,Unhealthy,3,29.2,83,0.1,4.5,50,1008.2,99,57.5,58.2,537.0,22.2,122.0,42.1
2025-06-05 10:00:00,2025,6,5,10,Hà Nội,Xã Tây Phương,21.0403672,105.6115528,154,Unhealthy,3,30.2,78,0.1,2.9,68,1007.8,100,51.1,51.8,553.0,16.0,148.0,36.7
2025-06-05 11:00:00,2025,6,5,11,Hà Nội,Xã Tây Phương,21.0403672,105.6115528,155,Unhealthy,3,30.5,76,0.2,4.1,142,1006.9,99,52.2,53.0,533.0,11.6,175.0,30.8
2025-06-05 12:00:00,2025,6,5,12,Hà Nội,Xã Tây Phương,21.0403672,105.6115528,155,Unhealthy,3,31.3,72,0.2,7.9,153,1005.8,100,53.3,54.5,491.0,8.2,202.0,24.8
2025-06-05 13:00:00,2025,6,5,13,Hà Nội,Xã Tây Phương,21.0403672,105.6115528,156,Unhealthy,3,31.8,69,0.0,9.7,151,1004.6,100,56.8,58.1,456.0,6.4,224.0,21.3
2025-06-05 14:00:00,2025,6,5,14,Hà Nội,Xã Tây Phương,21.0403672,105.6115528,156,Unhealthy,3,32.0,68,0.0,9.2,168,1003.7,100,67.3,68.5,430.0,6.2,243.0,21.7
2025-06-05 15:00:00,2025,6,5,15,Hà Nội,Xã Tây Phương,21.0403672,105.6115528,157,Unhealthy,3,32.2,67,0.0,9.5,166,1002.9,94,65.0,66.1,410.0,7.6,257.0,24.7
2025-06-05 16:00:00,2025,6,5,16,Hà Nội,Xã Tây Phương,21.0403672,105.6115528,171,Unhealthy,3,32.0,68,0.0,11.8,147,1002.3,27,67.5,68.5,417.0,11.2,256.0,28.4
2025-06-05 17:00:00,2025,6,5,17,Hà Nội,Xã Tây Phương,21.0403672,105.6115528,197,Unhealthy,3,29.6,79,0.3,17.7,174,1002.9,80,68.7,69.4,477.0,18.4,231.0,32.8
2025-06-05 18:00:00,2025,6,5,18,Hà Nội,Xã Tây Phương,21.0403672,105.6115528,206,Very Unhealthy,4,28.8,87,0.2,11.4,177,1003.0,33,77.5,78.2,564.0,27.7,191.0,38.1
2025-06-05 19:00:00,2025,6,5,19,Hà Nội,Xã Tây Phương,21.0403672,105.6115528,209,Very Unhealthy,4,28.3,89,0.0,10.9,163,1003.5,8,91.5,92.0,617.0,38.9,149.0,48.9
2025-06-05 20:00:00,2025,6,5,20,Hà Nội,Xã Tây Phương,21.0403672,105.6115528,207,Very Unhealthy,4,28.2,83,0.0,10.4,166,1004.6,4,97.3,97.8,606.0,39.6,127.0,50.8
2025-06-05 21:00:00,2025,6,5,21,Hà Nội,Xã Tây Phương,21.0403672,105.6115528,202,Very Unhealthy,4,28.0,86,0.0,10.1,160,1005.3,99,85.0,85.2,561.0,40.8,96.0,53.3
2025-06-05 22:00:00,2025,6,5,22,Hà Nội,Xã Tây Phương,21.0403672,105.6115528,185,Unhealthy,3,27.8,88,0.0,12.3,149,1005.6,94,75.7,75.9,514.0,42.7,70.0,54.8
2025-06-05 23:00:00,2025,6,5,23,Hà Nội,Xã Tây Phương,21.0403672,105.6115528,160,Unhealthy,3,27.5,89,0.0,14.0,154,1006.0,14,71.2,71.5,472.0,45.9,53.0,54.5
2025-06-06 00:00:00,2025,6,6,0,Hà Nội,Xã Tây Phương,21.0403672,105.6115528,160,Unhealthy,3,27.1,91,0.0,14.7,151,1005.6,6,68.0,68.5,428.0,49.8,39.0,53.2
2025-06-06 01:00:00,2025,6,6,1,Hà Nội,Xã Tây Phương,21.0403672,105.6115528,159,Unhealthy,3,26.9,93,0.0,13.9,151,1005.1,9,65.9,66.6,394.0,53.1,29.0,52.0
2025-06-06 02:00:00,2025,6,6,2,Hà Nội,Xã Tây Phương,21.0403672,105.6115528,159,Unhealthy,3,26.5,95,0.0,12.4,152,1004.6,4,62.9,64.0,375.0,55.8,21.0,51.0
2025-06-06 03:00:00,2025,6,6,3,Hà Nội,Xã Tây Phương,21.0403672,105.6115528,158,Unhealthy,3,26.3,95,0.0,11.9,148,1004.3,2,61.5,63.1,367.0,57.9,15.0,50.1
2025-06-06 04:00:00,2025,6,6,4,Hà Nội,Xã Tây Phương,21.0403672,105.6115528,158,Unhealthy,3,26.1,96,0.0,12.7,145,1004.6,7,62.4,63.6,370.0,58.1,15.0,50.4
2025-06-06 05:00:00,2025,6,6,5,Hà Nội,Xã Tây Phương,21.0403672,105.6115528,158,Unhealthy,3,26.1,95,0.0,13.1,146,1005.0,6,64.5,65.9,396.0,55.7,19.0,53.6
2025-06-06 06:00:00,2025,6,6,6,Hà Nội,Xã Tây Phương,21.0403672,105.6115528,157,Unhealthy,3,26.5,94,0.0,12.8,146,1005.3,5,65.7,67.3,433.0,51.3,28.0,57.9
2025-06-06 07:00:00,2025,6,6,7,Hà Nội,Xã Tây Phương,21.0403672,105.6115528,157,Unhealthy,3,28.0,88,0.0,15.0,156,1005.7,28,46.1,48.1,447.0,44.2,41.0,53.5
2025-06-06 08:00:00,2025,6,6,8,Hà Nội,Xã Tây Phương,21.0403672,105.6115528,156,Unhealthy,3,29.1,84,0.0,13.4,149,1006.4,40,43.9,45.4,416.0,37.9,63.0,47.5
2025-06-06 09:00:00,2025,6,6,9,Hà Nội,Xã Tây Phương,21.0403672,105.6115528,155,Unhealthy,3,30.4,79,0.1,14.4,164,1006.3,42,38.0,38.8,363.0,29.1,94.0,39.0
2025-06-06 10:00:00,2025,6,6,10,Hà Nội,Xã Tây Phương,21.0403672,105.6115528,155,Unhealthy,3,31.1,76,0.2,12.6,156,1006.0,36,39.5,40.4,321.0,21.5,125.0,32.1
2025-06-06 11:00:00,2025,6,6,11,Hà Nội,Xã Tây Phương,21.0403672,105.6115528,155,Unhealthy,3,31.8,74,0.2,12.2,151,1005.3,38,43.8,44.7,305.0,16.4,154.0,28.2
2025-06-06 12:00:00,2025,6,6,12,Hà Nội,Xã Tây Phương,21.0403672,105.6115528,155,Unhealthy,3,32.6,71,0.1,12.1,152,1004.3,21,48.1,49.1,301.0,12.6,182.0,25.8
2025-06-06 13:00:00,2025,6,6,13,Hà Nội,Xã Tây Phương,21.0403672,105.6115528,154,Unhealthy,3,33.0,70,0.1,11.9,157,1003.1,50,54.6,55.6,302.0,10.2,203.0,24.2
2025-06-06 14:00:00,2025,6,6,14,Hà Nội,Xã Tây Phương,21.0403672,105.6115528,154,Unhealthy,3,31.0,78,5.3,8.4,137,1002.5,98,60.5,61.5,303.0,9.1,218.0,22.9
2025-06-06 15:00:00,2025,6,6,15,Hà Nội,Xã Tây Phương,21.0403672,105.6115528,154,Unhealthy,3,31.9,76,0.1,12.1,145,1001.8,81,64.3,65.2,308.0,9.4,227.0,22.3
2025-06-06 16:00:00,2025,6,6,16,Hà Nội,Xã Tây Phương,21.0403672,105.6115528,154,Unhealthy,3,31.6,76,0.0,19.4,150,1001.1,71,65.0,65.9,323.0,11.7,223.0,23.2
2025-06-06 17:00:00,2025,6,6,17,Hà Nội,Xã Tây Phương,21.0403672,105.6115528,165,Unhealthy,3,29.9,83,0.3,12.7,153,1001.7,40,62.2,63.1,356.0,17.3,200.0,26.5
2025-06-06 18:00:00,2025,6,6,18,Hà Nội,Xã Tây Phương,21.0403672,105.6115528,182,Unhealthy,3,29.5,83,0.0,13.2,148,1001.4,36,60.8,61.7,398.0,25.0,165.0,31.3
2025-06-06 19:00:00,2025,6,6,19,Hà Nội,Xã Tây Phương,21.0403672,105.6115528,188,Unhealthy,3,28.9,86,0.0,10.7,149,1001.8,5,65.4,65.7,429.0,36.0,131.0,41.3
2025-06-06 20:00:00,2025,6,6,20,Hà Nội,Xã Tây Phương,21.0403672,105.6115528,184,Unhealthy,3,29.2,81,0.0,13.6,151,1003.4,7,69.2,69.4,439.0,37.3,113.0,42.9
2025-06-06 21:00:00,2025,6,6,21,Hà Nội,Xã Tây Phương,21.0403672,105.6115528,173,Unhealthy,3,28.9,83,0.0,15.6,149,1003.9,1,59.4,59.6,437.0,39.1,87.0,45.1
2025-06-06 22:00:00,2025,6,6,22,Hà Nội,Xã Tây Phương,21.0403672,105.6115528,155,Unhealthy,3,28.5,85,0.0,15.5,155,1004.6,3,46.7,47.7,429.0,40.2,68.0,46.1
2025-06-06 23:00:00,2025,6,6,23,Hà Nội,Xã Tây Phương,21.0403672,105.6115528,151,Unhealthy,3,28.0,88,0.0,13.5,147,1004.6,11,38.8,40.0,415.0,39.9,61.0,44.8
2025-06-07 00:00:00,2025,6,7,0,Hà Nội,Xã Tây Phương,21.0403672,105.6115528,151,Unhealthy,3,27.6,92,0.0,14.6,146,1004.1,11,35.7,37.1,395.0,38.9,60.0,42.3
2025-06-07 01:00:00,2025,6,7,1,Hà Nội,Xã Tây Phương,21.0403672,105.6115528,149,Unhealthy for Sensitive Groups,2,27.3,94,0.0,12.2,147,1003.8,59,35.7,37.6,380.0,38.4,59.0,40.2
2025-06-07 02:00:00,2025,6,7,2,Hà Nội,Xã Tây Phương,21.0403672,105.6115528,146,Unhealthy for Sensitive Groups,2,27.2,94,0.0,12.6,146,1003.5,73,36.6,39.1,370.0,39.1,55.0,38.8
2025-06-07 03:00:00,2025,6,7,3,Hà Nội,Xã Tây Phương,21.0403672,105.6115528,143,Unhealthy for Sensitive Groups,2,27.0,94,0.0,13.0,141,1003.1,91,38.5,41.0,365.0,40.4,50.0,37.8
2025-06-07 04:00:00,2025,6,7,4,Hà Nội,Xã Tây Phương,21.0403672,105.6115528,141,Unhealthy for Sensitive Groups,2,27.0,93,0.0,13.8,140,1003.0,94,41.2,43.8,372.0,41.3,48.0,38.1
2025-06-07 05:00:00,2025,6,7,5,Hà Nội,Xã Tây Phương,21.0403672,105.6115528,139,Unhealthy for Sensitive Groups,2,26.8,95,0.0,13.0,139,1003.4,98,45.2,48.2,405.0,42.3,48.0,41.4
2025-06-07 06:00:00,2025,6,7,6,Hà Nội,Xã Tây Phương,21.0403672,105.6115528,137,Unhealthy for Sensitive Groups,2,27.0,95,0.0,10.6,140,1004.3,99,49.4,52.5,449.0,43.0,50.0,46.0
2025-06-07 07:00:00,2025,6,7,7,Hà Nội,Xã Tây Phương,21.0403672,105.6115528,135,Unhealthy for Sensitive Groups,2,28.2,89,0.0,11.1,143,1004.6,100,37.1,40.0,471.0,37.5,60.0,41.5
2025-06-07 08:00:00,2025,6,7,8,Hà Nội,Xã Tây Phương,21.0403672,105.6115528,134,Unhealthy for Sensitive Groups,2,29.6,85,0.0,11.1,143,1005.3,96,32.5,34.1,447.0,30.6,88.0,38.1
2025-06-07 09:00:00,2025,6,7,9,Hà Nội,Xã Tây Phương,21.0403672,105.6115528,133,Unhealthy for Sensitive Groups,2,30.9,80,0.1,14.7,153,1005.3,99,32.5,33.5,401.0,21.1,128.0,33.3
2025-06-07 10:00:00,2025,6,7,10,Hà Nội,Xã Tây Phương,21.0403672,105.6115528,132,Unhealthy for Sensitive Groups,2,31.9,76,0.4,13.4,151,1004.7,99,29.3,30.2,369.0,13.5,163.0,29.6
2025-06-07 11:00:00,2025,6,7,11,Hà Nội,Xã Tây Phương,21.0403672,105.6115528,131,Unhealthy for Sensitive Groups,2,32.2,74,0.1,15.6,128,1004.3,100,31.5,32.4,372.0,9.7,189.0,27.9
2025-06-07 12:00:00,2025,6,7,12,Hà Nội,Xã Tây Phương,21.0403672,105.6115528,130,Unhealthy for Sensitive Groups,2,29.6,84,2.4,11.0,79,1004.2,100,33.8,34.7,391.0,7.9,210.0,27.1
2025-06-07 13:00:00,2025,6,7,13,Hà Nội,Xã Tây Phương,21.0403672,105.6115528,129,Unhealthy for Sensitive Groups,2,30.9,81,4.0,6.0,147,1002.7,99,36.7,37.5,400.0,7.1,224.0,26.6
2025-06-07 14:00:00,2025,6,7,14,Hà Nội,Xã Tây Phương,21.0403672,105.6115528,127,Unhealthy for Sensitive Groups,2,31.9,78,0.1,10.2,167,1002.0,100,39.8,40.9,383.0,6.6,231.0,25.9
2025-06-07 15:00:00,2025,6,7,15,Hà Nội,Xã Tây Phương,21.0403672,105.6115528,142,Unhealthy for Sensitive Groups,2,31.9,77,0.1,11.6,162,1001.1,100,41.9,43.0,357.0,7.2,231.0,25.5
2025-06-07 16:00:00,2025,6,7,16,Hà Nội,Xã Tây Phương,21.0403672,105.6115528,171,Unhealthy,3,31.9,77,0.0,9.8,173,1000.3,92,44.2,45.3,350.0,9.6,220.0,25.9
2025-06-07 17:00:00,2025,6,7,17,Hà Nội,Xã Tây Phương,21.0403672,105.6115528,192,Unhealthy,3,31.7,77,0.0,10.5,168,1000.1,86,47.4,48.4,387.0,14.9,194.0,27.5
2025-06-07 18:00:00,2025,6,7,18,Hà Nội,Xã Tây Phương,21.0403672,105.6115528,201,Very Unhealthy,4,31.0,82,0.0,10.6,171,1000.5,81,49.4,50.4,442.0,22.1,158.0,30.1
2025-06-07 19:00:00,2025,6,7,19,Hà Nội,Xã Tây Phương,21.0403672,105.6115528,201,Very Unhealthy,4,30.0,84,0.0,12.1,178,1001.5,64,88.2,90.6,473.0,40.9,136.0,42.8
2025-06-07 20:00:00,2025,6,7,20,Hà Nội,Xã Tây Phương,21.0403672,105.6115528,193,Unhealthy,3,29.5,81,0.0,10.1,149,1002.1,100,83.1,85.2,452.0,38.0,119.0,41.2
2025-06-07 21:00:00,2025,6,7,21,Hà Nội,Xã Tây Phương,21.0403672,105.6115528,179,Unhealthy,3,29.0,83,0.0,12.8,148,1002.8,100,65.2,67.1,406.0,34.3,96.0,39.0
2025-06-07 22:00:00,2025,6,7,22,Hà Nội,Xã Tây Phương,21.0403672,105.6115528,158,Unhealthy,3,28.8,86,0.0,14.0,147,1003.4,100,54.0,55.9,369.0,32.7,75.0,37.5
2025-06-07 23:00:00,2025,6,7,23,Hà Nội,Xã Tây Phương,21.0403672,105.6115528,128,Unhealthy for Sensitive Groups,2,28.4,89,0.0,13.0,152,1004.0,87,52.7,54.9,354.0,35.3,61.0,37.3
2025-06-08 00:00:00,2025,6,8,0,Hà Nội,Xã Tây Phương,21.0403672,105.6115528,124,Unhealthy for Sensitive Groups,2,28.0,91,0.0,13.1,147,1003.5,5,55.5,57.7,347.0,40.0,50.0,37.9
2025-06-08 01:00:00,2025,6,8,1,Hà Nội,Xã Tây Phương,21.0403672,105.6115528,126,Unhealthy for Sensitive Groups,2,27.6,91,0.0,12.0,147,1002.4,47,58.2,60.5,344.0,44.4,41.0,38.6
2025-06-08 02:00:00,2025,6,8,2,Hà Nội,Xã Tây Phương,21.0403672,105.6115528,128,Unhealthy for Sensitive Groups,2,27.2,91,0.0,11.3,147,1002.0,85,60.3,62.9,341.0,48.0,33.0,39.2
2025-06-08 03:00:00,2025,6,8,3,Hà Nội,Xã Tây Phương,21.0403672,105.6115528,131,Unhealthy for Sensitive Groups,2,26.9,91,0.0,8.0,138,1001.8,94,62.9,65.2,342.0,51.2,28.0,40.0
2025-06-08 04:00:00,2025,6,8,4,Hà Nội,Xã Tây Phương,21.0403672,105.6115528,133,Unhealthy for Sensitive Groups,2,26.6,92,0.0,6.6,119,1002.4,99,65.2,68.2,352.0,52.5,26.0,41.5
2025-06-08 05:00:00,2025,6,8,5,Hà Nội,Xã Tây Phương,21.0403672,105.6115528,136,Unhealthy for Sensitive Groups,2,26.4,93,0.0,6.2,112,1002.6,93,64.7,68.7,380.0,51.3,28.0,44.3
2025-06-08 06:00:00,2025,6,8,6,Hà Nội,Xã Tây Phương,21.0403672,105.6115528,138,Unhealthy for Sensitive Groups,2,26.8,93,0.0,4.8,103,1002.9,99,69.8,73.1,416.0,48.2,33.0,47.8
2025-06-08 07:00:00,2025,6,8,7,Hà Nội,Xã Tây Phương,21.0403672,105.6115528,140,Unhealthy for Sensitive Groups,2,28.0,88,0.0,6.5,129,1003.5,98,58.2,61.7,439.0,43.9,44.0,47.7
2025-06-08 08:00:00,2025,6,8,8,Hà Nội,Xã Tây Phương,21.0403672,105.6115528,142,Unhealthy for Sensitive Groups,2,28.4,87,0.1,3.9,286,1004.1,98,56.1,58.7,436.0,42.0,58.0,48.3
2025-06-08 09:00:00,2025,6,8,9,Hà Nội,Xã Tây Phương,21.0403672,105.6115528,145,Unhealthy for Sensitive Groups,2,29.6,81,0.0,2.9,227,1004.3,99,55.1,57.3,419.0,39.1,77.0,49.0
2025-06-08 10:00:00,2025,6,8,10,Hà Nội,Xã Tây Phương,21.0403672,105.6115528,147,Unhealthy for Sensitive Groups,2,30.9,75,0.0,4.2,200,1003.9,98,55.4,57.2,400.0,35.6,97.0,48.5
2025-06-08 11:00:00,2025,6,8,11,Hà Nội,Xã Tây Phương,21.0403672,105.6115528,150,Unhealthy for Sensitive Groups,2,32.0,70,0.0,3.7,194,1003.4,98,59.8,61.5,378.0,30.7,117.0,45.8
2025-06-08 12:00:00,2025,6,8,12,Hà Nội,Xã Tây Phương,21.0403672,105.6115528,151,Unhealthy,3,32.8,68,0.1,1.5,339,1002.8,100,58.4,59.8,354.0,25.2,138.0,42.0
2025-06-08 13:00:00,2025,6,8,13,Hà Nội,Xã Tây Phương,21.0403672,105.6115528,151,Unhealthy,3,32.7,68,0.1,4.0,357,1001.3,100,53.6,54.9,346.0,21.4,154.0,39.2
2025-06-08 14:00:00,2025,6,8,14,Hà Nội,Xã Tây Phương,21.0403672,105.6115528,151,Unhealthy,3,32.2,70,0.0,4.3,336,1000.5,100,54.7,56.0,364.0,20.1,166.0,37.8
2025-06-08 15:00:00,2025,6,8,15,Hà Nội,Xã Tây Phương,21.0403672,105.6115528,152,Unhealthy,3,33.0,68,0.0,1.2,321,999.8,100,54.0,55.1,397.0,20.7,173.0,37.4
2025-06-08 16:00:00,2025,6,8,16,Hà Nội,Xã Tây Phương,21.0403672,105.6115528,152,Unhealthy,3,32.7,68,0.1,0.5,45,999.6,100,55.8,56.7,435.0,23.3,172.0,38.5
2025-06-08 17:00:00,2025,6,8,17,Hà Nội,Xã Tây Phương,21.0403672,105.6115528,152,Unhealthy,3,32.5,70,0.0,2.4,107,999.6,100,56.8,57.6,473.0,29.3,158.0,42.2
2025-06-08 18:00:00,2025,6,8,18,Hà Nội,Xã Tây Phương,21.0403672,105.6115528,153,Unhealthy,3,31.5,74,2.1,8.1,127,1000.7,100,69.4,70.1,515.0,37.3,137.0,47.5
2025-06-08 19:00:00,2025,6,8,19,Hà Nội,Xã Tây Phương,21.0403672,105.6115528,153,Unhealthy,3,27.0,96,6.6,7.9,125,1002.7,100,65.0,65.4,559.0,41.2,92.0,39.9
2025-06-08 20:00:00,2025,6,8,20,Hà Nội,Xã Tây Phương,21.0403672,105.6115528,152,Unhealthy,3,27.6,89,0.0,3.1,140,1003.7,100,67.5,68.2,603.0,41.0,90.0,43.5
2025-06-08 21:00:00,2025,6,8,21,Hà Nội,Xã Tây Phương,21.0403672,105.6115528,152,Unhealthy,3,27.5,90,0.0,5.9,153,1004.0,100,71.5,72.2,648.0,40.6,87.0,48.6
2025-06-08 22:00:00,2025,6,8,22,Hà Nội,Xã Tây Phương,21.0403672,105.6115528,152,Unhealthy,3,27.1,93,0.0,2.8,135,1004.4,100,69.4,70.1,695.0,39.9,84.0,52.4
2025-06-08 23:00:00,2025,6,8,23,Hà Nội,Xã Tây Phương,21.0403672,105.6115528,153,Unhealthy,3,27.0,94,0.0,0.9,180,1004.8,98,67.1,67.5,755.0,38.3,84.0,53.6
2025-06-09 00:00:00,2025,6,9,0,Hà Nội,Xã Tây Phương,21.0403672,105.6115528,153,Unhealthy,3,26.7,95,0.0,3.1,280,1004.3,100,63.1,63.6,816.0,36.3,84.0,53.6
2025-06-09 01:00:00,2025,6,9,1,Hà Nội,Xã Tây Phương,21.0403672,105.6115528,153,Unhealthy,3,26.6,95,2.6,7.0,328,1003.5,100,63.3,63.8,844.0,35.3,82.0,54.3
2025-06-09 02:00:00,2025,6,9,2,Hà Nội,Xã Tây Phương,21.0403672,105.6115528,153,Unhealthy,3,26.2,97,1.5,3.5,309,1002.8,100,65.9,66.4,820.0,36.3,75.0,56.7
2025-06-09 03:00:00,2025,6,9,3,Hà Nội,Xã Tây Phương,21.0403672,105.6115528,153,Unhealthy,3,25.9,98,1.1,6.3,345,1002.5,100,68.9,69.4,762.0,38.3,66.0,59.8
2025-06-09 04:00:00,2025,6,9,4,Hà Nội,Xã Tây Phương,21.0403672,105.6115528,153,Unhealthy,3,25.5,98,1.2,8.4,34,1002.8,100,69.4,69.8,691.0,40.0,59.0,62.3
2025-06-09 05:00:00,2025,6,9,5,Hà Nội,Xã Tây Phương,21.0403672,105.6115528,154,Unhealthy,3,25.1,99,1.1,9.1,32,1003.0,100,71.7,72.4,597.0,41.4,55.0,64.2
2025-06-09 06:00:00,2025,6,9,6,Hà Nội,Xã Tây Phương,21.0403672,105.6115528,154,Unhealthy,3,24.9,97,2.7,10.3,54,1003.7,100,68.0,68.7,491.0,42.3,53.0,65.5
2025-06-09 07:00:00,2025,6,9,7,Hà Nội,Xã Tây Phương,21.0403672,105.6115528,154,Unhealthy,3,25.2,96,0.1,7.3,57,1004.3,100,68.5,69.2,421.0,47.2,47.0,59.2
2025-06-09 08:00:00,2025,6,9,8,Hà Nội,Xã Tây Phương,21.0403672,105.6115528,154,Unhealthy,3,28.0,83,0.0,1.1,18,1004.6,100,54.1,54.6,420.0,39.5,68.0,54.2
2025-06-09 09:00:00,2025,6,9,9,Hà Nội,Xã Tây Phương,21.0403672,105.6115528,154,Unhealthy,3,29.5,76,0.1,2.8,349,1004.9,100,44.6,44.9,456.0,28.7,99.0,47.2
2025-06-09 10:00:00,2025,6,9,10,Hà Nội,Xã Tây Phương,21.0403672,105.6115528,154,Unhealthy,3,30.1,74,0.0,2.6,326,1004.9,100,34.1,34.3,482.0,19.6,132.0,41.2
2025-06-09 11:00:00,2025,6,9,11,Hà Nội,Xã Tây Phương,21.0403672,105.6115528,153,Unhealthy,3,31.0,71,0.1,1.6,354,1004.3,100,34.1,34.3,480.0,13.8,170.0,36.9
2025-06-09 12:00:00,2025,6,9,12,Hà Nội,Xã Tây Phương,21.0403672,105.6115528,153,Unhealthy,3,31.5,71,0.2,4.1,75,1003.4,95,37.8,38.1,467.0,9.8,209.0,33.6
2025-06-09 13:00:00,2025,6,9,13,Hà Nội,Xã Tây Phương,21.0403672,105.6115528,152,Unhealthy,3,31.8,71,0.1,4.1,90,1002.1,93,42.3,42.5,452.0,7.6,239.0,31.9
2025-06-09 14:00:00,2025,6,9,14,Hà Nội,Xã Tây Phương,21.0403672,105.6115528,152,Unhealthy,3,32.3,69,0.2,4.7,113,1000.8,83,45.9,46.2,408.0,7.0,254.0,32.1
2025-06-09 15:00:00,2025,6,9,15,Hà Nội,Xã Tây Phương,21.0403672,105.6115528,152,Unhealthy,3,28.5,86,7.7,15.9,258,1000.7,100,47.6,48.0,362.0,8.1,258.0,33.9
2025-06-09 16:00:00,2025,6,9,16,Hà Nội,Xã Tây Phương,21.0403672,105.6115528,165,Unhealthy,3,26.5,94,4.5,3.6,279,1000.6,100,50.8,51.0,400.0,11.9,252.0,36.7
2025-06-09 17:00:00,2025,6,9,17,Hà Nội,Xã Tây Phương,21.0403672,105.6115528,195,Unhealthy,3,26.2,95,2.5,0.8,333,1000.2,100,54.5,54.7,571.0,20.3,230.0,40.2
2025-06-09 18:00:00,2025,6,9,18,Hà Nội,Xã Tây Phương,21.0403672,105.6115528,207,Very Unhealthy,4,26.9,91,0.2,3.1,144,1001.0,100,62.6,62.9,827.0,31.3,197.0,44.7
2025-06-09 19:00:00,2025,6,9,19,Hà Nội,Xã Tây Phương,21.0403672,105.6115528,211,Very Unhealthy,4,26.5,95,0.0,1.3,34,1001.7,99,68.2,68.5,1109.0,45.2,136.0,50.0
2025-06-09 20:00:00,2025,6,9,20,Hà Nội,Xã Tây Phương,21.0403672,105.6115528,209,Very Unhealthy,4,28.1,90,0.0,0.5,270,1002.4,100,81.7,82.0,1444.0,49.9,116.0,54.0
2025-06-09 21:00:00,2025,6,9,21,Hà Nội,Xã Tây Phương,21.0403672,105.6115528,202,Very Unhealthy,4,27.9,91,0.0,0.2,270,1003.1,100,92.9,92.9,1806.0,56.3,88.0,59.5
2025-06-09 22:00:00,2025,6,9,22,Hà Nội,Xã Tây Phương,21.0403672,105.6115528,182,Unhealthy,3,27.8,92,0.0,1.6,27,1003.6,100,104.1,104.1,2054.0,61.0,65.0,63.5
2025-06-09 23:00:00,2025,6,9,23,Hà Nội,Xã Tây Phương,21.0403672,105.6115528,153,Unhealthy,3,27.5,94,0.0,3.6,33,1004.0,100,111.1,111.3,2159.0,62.8,53.0,64.9
2025-06-10 00:00:00,2025,6,10,0,Hà Nội,Xã Tây Phương,21.0403672,105.6115528,154,Unhealthy,3,27.3,96,0.0,2.7,53,1003.5,99,106.9,107.1,2152.0,62.8,46.0,64.8
2025-06-10 01:00:00,2025,6,10,1,Hà Nội,Xã Tây Phương,21.0403672,105.6115528,155,Unhealthy,3,27.0,97,0.0,2.2,14,1002.8,66,102.2,102.4,1982.0,60.7,42.0,63.0
2025-06-10 02:00:00,2025,6,10,2,Hà Nội,Xã Tây Phương,21.0403672,105.6115528,156,Unhealthy,3,26.8,98,0.0,4.3,338,1002.6,28,90.8,91.0,1526.0,55.5,42.0,58.7
2025-06-10 03:00:00,2025,6,10,3,Hà Nội,Xã Tây Phương,21.0403672,105.6115528,156,Unhealthy,3,26.0,95,5.3,4.0,324,1002.2,100,81.3,81.5,908.0,48.2,45.0,52.7
2025-06-10 04:00:00,2025,6,10,4,Hà Nội,Xã Tây Phương,21.0403672,105.6115528,156,Unhealthy,3,24.8,97,4.6,13.5,299,1002.8,100,72.4,72.4,454.0,41.6,50.0,46.9
2025-06-10 05:00:00,2025,6,10,5,Hà Nội,Xã Tây Phương,21.0403672,105.6115528,156,Unhealthy,3,24.9,96,5.0,9.1,297,1003.0,100,58.0,58.2,329.0,36.1,56.0,41.4
2025-06-10 06:00:00,2025,6,10,6,Hà Nội,Xã Tây Phương,21.0403672,105.6115528,156,Unhealthy,3,24.9,96,2.2,7.6,285,1004.2,100,50.2,50.4,367.0,31.3,64.0,36.2
2025-06-10 07:00:00,2025,6,10,7,Hà Nội,Xã Tây Phương,21.0403672,105.6115528,156,Unhealthy,3,24.8,96,1.0,13.0,309,1005.1,100,45.1,45.1,404.0,36.8,58.0,47.7
2025-06-10 08:00:00,2025,6,10,8,Hà Nội,Xã Tây Phương,21.0403672,105.6115528,155,Unhealthy,3,25.0,95,1.3,7.5,312,1005.3,100,46.6,46.6,383.0,35.5,71.0,48.3
2025-06-10 09:00:00,2025,6,10,9,Hà Nội,Xã Tây Phương,21.0403672,105.6115528,155,Unhealthy,3,26.9,85,0.4,7.5,318,1005.9,100,45.1,45.2,360.0,33.5,89.0,48.8
2025-06-10 10:00:00,2025,6,10,10,Hà Nội,Xã Tây Phương,21.0403672,105.6115528,155,Unhealthy,3,26.1,88,1.8,12.8,320,1006.5,100,48.7,48.8,336.0,30.2,109.0,47.9
2025-06-10 11:00:00,2025,6,10,11,Hà Nội,Xã Tây Phương,21.0403672,105.6115528,155,Unhealthy,3,26.6,89,1.6,10.0,303,1005.8,100,49.1,49.4,308.0,24.7,131.0,44.7
2025-06-10 12:00:00,2025,6,10,12,Hà Nội,Xã Tây Phương,21.0403672,105.6115528,156,Unhealthy,3,28.7,80,0.4,13.7,321,1005.2,100,49.5,49.9,280.0,17.9,155.0,39.9
2025-06-10 13:00:00,2025,6,10,13,Hà Nội,Xã Tây Phương,21.0403672,105.6115528,156,Unhealthy,3,28.4,79,0.3,16.7,322,1004.1,100,43.0,43.7,263.0,12.6,169.0,34.6
2025-06-10 14:00:00,2025,6,10,14,Hà Nội,Xã Tây Phương,21.0403672,105.6115528,156,Unhealthy,3,28.0,82,0.3,18.6,321,1003.3,100,32.0,33.4,259.0,9.2,169.0,27.6
2025-06-10 15:00:00,2025,6,10,15,Hà Nội,Xã Tây Phương,21.0403672,105.6115528,156,Unhealthy,3,28.6,77,0.2,17.9,324,1002.5,100,29.2,31.2,267.0,7.3,160.0,20.0
2025-06-10 16:00:00,2025,6,10,16,Hà Nội,Xã Tây Phương,21.0403672,105.6115528,155,Unhealthy,3,28.5,76,0.1,17.1,318,1002.0,100,28.8,31.5,288.0,8.4,147.0,15.7
2025-06-10 17:00:00,2025,6,10,17,Hà Nội,Xã Tây Phương,21.0403672,105.6115528,155,Unhealthy,3,28.2,78,0.1,14.1,308,1001.9,100,30.3,33.5,329.0,14.5,131.0,17.3
2025-06-10 18:00:00,2025,6,10,18,Hà Nội,Xã Tây Phương,21.0403672,105.6115528,154,Unhealthy,3,27.9,78,0.0,11.9,300,1002.1,100,34.9,38.0,383.0,23.6,112.0,22.2
2025-06-10 19:00:00,2025,6,10,19,Hà Nội,Xã Tây Phương,21.0403672,105.6115528,154,Unhealthy,3,27.5,77,0.0,13.2,299,1003.0,100,53.1,57.3,438.0,36.1,94.0,28.7
2025-06-10 20:00:00,2025,6,10,20,Hà Nội,Xã Tây Phương,21.0403672,105.6115528,153,Unhealthy,3,27.3,76,0.0,11.2,300,1004.0,99,78.5,82.9,500.0,46.3,76.0,36.5
2025-06-10 21:00:00,2025,6,10,21,Hà Nội,Xã Tây Phương,21.0403672,105.6115528,153,Unhealthy,3,27.5,75,0.0,10.3,289,1004.4,100,94.3,99.2,563.0,60.1,52.0,47.0
2025-06-10 22:00:00,2025,6,10,22,Hà Nội,Xã Tây Phương,21.0403672,105.6115528,153,Unhealthy,3,27.2,75,0.0,9.0,300,1005.2,100,100.8,105.7,592.0,68.9,34.0,53.5
2025-06-10 23:00:00,2025,6,10,23,Hà Nội,Xã Tây Phương,21.0403672,105.6115528,153,Unhealthy,3,26.9,77,0.0,9.3,304,1005.1,21,103.6,109.0,556.0,68.0,27.0,52.4
2025-06-11 00:00:00,2025,6,11,0,Hà Nội,Xã Tây Phương,21.0403672,105.6115528,153,Unhealthy,3,26.5,78,0.0,10.1,311,1004.7,26,98.3,103.8,486.0,62.0,27.0,47.2
2025-06-11 01:00:00,2025,6,11,1,Hà Nội,Xã Tây Phương,21.0403672,105.6115528,153,Unhealthy,3,26.2,78,0.0,10.9,309,1003.9,12,87.3,93.1,437.0,55.9,27.0,42.1
2025-06-11 02:00:00,2025,6,11,2,Hà Nội,Xã Tây Phương,21.0403672,105.6115528,153,Unhealthy,3,26.1,79,0.0,12.6,312,1003.3,26,78.2,84.1,429.0,51.2,25.0,38.0
2025-06-11 03:00:00,2025,6,11,3,Hà Nội,Xã Tây Phương,21.0403672,105.6115528,152,Unhealthy,3,25.9,80,0.0,12.5,313,1003.0,13,74.3,80.3,441.0,46.4,23.0,33.9
2025-06-11 04:00:00,2025,6,11,4,Hà Nội,Xã Tây Phương,21.0403672,105.6115528,152,Unhealthy,3,25.5,80,0.0,12.3,307,1003.1,51,70.5,76.4,466.0,41.8,27.0,31.1
2025-06-11 05:00:00,2025,6,11,5,Hà Nội,Xã Tây Phương,21.0403672,105.6115528,152,Unhealthy,3,25.3,78,0.0,11.7,311,1003.5,41,66.4,72.4,514.0,38.1,36.0,30.8
2025-06-11 06:00:00,2025,6,11,6,Hà Nội,Xã Tây Phương,21.0403672,105.6115528,152,Unhealthy,3,25.5,78,0.0,13.4,311,1004.3,74,66.4,72.6,574.0,34.8,51.0,31.8
2025-06-11 07:00:00,2025,6,11,7,Hà Nội,Xã Tây Phương,21.0403672,105.6115528,153,Unhealthy,3,26.7,78,0.0,13.0,312,1004.4,97,48.5,54.1,608.0,26.7,61.0,26.5
2025-06-11 08:00:00,2025,6,11,8,Hà Nội,Xã Tây Phương,21.0403672,105.6115528,153,Unhealthy,3,27.1,78,0.0,13.2,302,1004.9,100,39.5,47.0,598.0,23.9,72.0,25.8
2025-06-11 09:00:00,2025,6,11,9,Hà Nội,Xã Tây Phương,21.0403672,105.6115528,153,Unhealthy,3,27.2,80,0.0,12.6,298,1004.9,100,39.7,47.1,563.0,19.9,87.0,24.7
2025-06-11 10:00:00,2025,6,11,10,Hà Nội,Xã Tây Phương,21.0403672,105.6115528,152,Unhealthy,3,29.2,73,0.0,13.2,304,1004.8,100,36.8,43.0,515.0,16.4,101.0,23.5
2025-06-11 11:00:00,2025,6,11,11,Hà Nội,Xã Tây Phương,21.0403672,105.6115528,152,Unhealthy,3,31.0,63,0.0,12.7,330,1004.4,45,36.9,41.9,448.0,13.8,112.0,22.0
2025-06-11 12:00:00,2025,6,11,12,Hà Nội,Xã Tây Phương,21.0403672,105.6115528,152,Unhealthy,3,31.8,61,0.0,12.8,346,1003.7,15,38.3,43.0,369.0,11.5,122.0,20.3
2025-06-11 13:00:00,2025,6,11,13,Hà Nội,Xã Tây Phương,21.0403672,105.6115528,152,Unhealthy,3,32.5,60,0.0,11.9,342,1002.5,11,37.0,40.9,312.0,10.0,131.0,19.3
2025-06-11 14:00:00,2025,6,11,14,Hà Nội,Xã Tây Phương,21.0403672,105.6115528,152,Unhealthy,3,32.5,58,0.0,13.6,336,1001.7,26,37.0,40.4,268.0,8.3,142.0,19.1
2025-06-11 15:00:00,2025,6,11,15,Hà Nội,Xã Tây Phương,21.0403672,105.6115528,152,Unhealthy,3,32.5,58,0.0,11.3,346,1000.8,11,38.1,41.2,246.0,7.3,152.0,19.7
2025-06-11 16:00:00,2025,6,11,16,Hà Nội,Xã Tây Phương,21.0403672,105.6115528,152,Unhealthy,3,32.3,59,0.0,10.7,344,1000.2,6,39.0,41.6,314.0,9.7,152.0,21.4
2025-06-11 17:00:00,2025,6,11,17,Hà Nội,Xã Tây Phương,21.0403672,105.6115528,152,Unhealthy,3,31.9,63,0.0,8.3,13,1000.5,92,38.9,41.2,564.0,18.4,134.0,25.3
2025-06-11 18:00:00,2025,6,11,18,Hà Nội,Xã Tây Phương,21.0403672,105.6115528,152,Unhealthy,3,29.8,75,0.0,9.3,46,1000.7,100,45.5,47.5,904.0,30.6,107.0,30.4
2025-06-11 19:00:00,2025,6,11,19,Hà Nội,Xã Tây Phương,21.0403672,105.6115528,153,Unhealthy,3,28.1,85,0.0,4.1,61,1001.4,96,52.9,55.4,1119.0,35.5,79.0,31.3
2025-06-11 20:00:00,2025,6,11,20,Hà Nội,Xã Tây Phương,21.0403672,105.6115528,153,Unhealthy,3,28.5,85,0.0,3.1,7,1003.1,99,61.0,63.8,1101.0,37.1,69.0,32.6
2025-06-11 21:00:00,2025,6,11,21,Hà Nội,Xã Tây Phương,21.0403672,105.6115528,152,Unhealthy,3,27.9,87,0.0,5.2,12,1003.6,93,63.3,66.4,960.0,39.3,54.0,34.3
2025-06-11 22:00:00,2025,6,11,22,Hà Nội,Xã Tây Phương,21.0403672,105.6115528,151,Unhealthy,3,27.6,86,0.0,7.1,7,1004.0,99,66.6,70.3,807.0,40.6,43.0,34.8
2025-06-11 23:00:00,2025,6,11,23,Hà Nội,Xã Tây Phương,21.0403672,105.6115528,151,Unhealthy,3,27.5,83,0.0,6.8,358,1003.7,98,70.5,74.5,668.0,40.4,38.0,33.1
2025-06-12 00:00:00,2025,6,12,0,Hà Nội,Xã Tây Phương,21.0403672,105.6115528,150,Unhealthy for Sensitive Groups,2,26.9,85,0.0,4.9,324,1003.6,100,69.2,73.3,519.0,39.4,37.0,30.2
2025-06-12 01:00:00,2025,6,12,1,Hà Nội,Xã Tây Phương,21.0403672,105.6115528,147,Unhealthy for Sensitive Groups,2,26.4,88,0.0,7.6,297,1003.0,100,67.1,71.2,398.0,38.3,36.0,27.8
2025-06-12 02:00:00,2025,6,12,2,Hà Nội,Xã Tây Phương,21.0403672,105.6115528,145,Unhealthy for Sensitive Groups,2,26.0,88,0.0,11.8,286,1002.7,99,65.7,69.8,322.0,37.6,34.0,26.2
2025-06-12 03:00:00,2025,6,12,3,Hà Nội,Xã Tây Phương,21.0403672,105.6115528,143,Unhealthy for Sensitive Groups,2,25.9,86,0.0,12.1,298,1002.2,100,65.2,69.4,275.0,36.8,32.0,24.9
2025-06-12 04:00:00,2025,6,12,4,Hà Nội,Xã Tây Phương,21.0403672,105.6115528,142,Unhealthy for Sensitive Groups,2,25.8,86,0.0,10.8,306,1002.4,100,67.3,71.7,248.0,35.8,34.0,24.5
2025-06-12 05:00:00,2025,6,12,5,Hà Nội,Xã Tây Phương,21.0403672,105.6115528,142,Unhealthy for Sensitive Groups,2,25.7,86,0.0,11.6,316,1002.7,99,70.8,75.2,244.0,35.1,41.0,25.8
2025-06-12 06:00:00,2025,6,12,6,Hà Nội,Xã Tây Phương,21.0403672,105.6115528,143,Unhealthy for Sensitive Groups,2,25.9,86,0.0,12.7,321,1003.1,99,74.5,78.7,259.0,34.1,52.0,28.0
2025-06-12 07:00:00,2025,6,12,7,Hà Nội,Xã Tây Phương,21.0403672,105.6115528,143,Unhealthy for Sensitive Groups,2,27.1,84,0.0,9.5,327,1003.6,96,64.5,67.1,274.0,28.4,63.0,26.5
2025-06-12 08:00:00,2025,6,12,8,Hà Nội,Xã Tây Phương,21.0403672,105.6115528,145,Unhealthy for Sensitive Groups,2,29.3,77,0.0,8.8,343,1003.8,100,51.2,53.6,282.0,22.5,87.0,24.7
2025-06-12 09:00:00,2025,6,12,9,Hà Nội,Xã Tây Phương,21.0403672,105.6115528,146,Unhealthy for Sensitive Groups,2,30.2,66,0.0,15.3,3,1003.9,100,39.0,40.6,290.0,14.3,121.0,22.2
2025-06-12 10:00:00,2025,6,12,10,Hà Nội,Xã Tây Phương,21.0403672,105.6115528,146,Unhealthy for Sensitive Groups,2,31.2,61,0.0,17.1,2,1003.3,100,30.2,31.2,294.0,7.9,143.0,19.2
2025-06-12 11:00:00,2025,6,12,11,Hà Nội,Xã Tây Phương,21.0403672,105.6115528,146,Unhealthy for Sensitive Groups,2,31.9,58,0.0,17.9,12,1002.9,100,23.4,24.0,291.0,5.1,145.0,15.4
2025-06-12 12:00:00,2025,6,12,12,Hà Nội,Xã Tây Phương,21.0403672,105.6115528,144,Unhealthy for Sensitive Groups,2,31.6,60,0.0,18.0,16,1002.5,100,18.8,19.2,285.0,4.1,135.0,11.2
2025-06-12 13:00:00,2025,6,12,13,Hà Nội,Xã Tây Phương,21.0403672,105.6115528,142,Unhealthy for Sensitive Groups,2,32.5,58,0.0,16.2,12,1001.3,100,16.4,16.6,286.0,4.1,125.0,8.5
2025-06-12 14:00:00,2025,6,12,14,Hà Nội,Xã Tây Phương,21.0403672,105.6115528,140,Unhealthy for Sensitive Groups,2,32.5,58,0.0,14.5,15,1000.3,99,15.4,15.5,270.0,4.4,117.0,7.9
2025-06-12 15:00:00,2025,6,12,15,Hà Nội,Xã Tây Phương,21.0403672,105.6115528,138,Unhealthy for Sensitive Groups,2,32.8,59,0.0,13.0,17,999.3,100,14.0,14.1,260.0,5.7,109.0,8.8
2025-06-12 16:00:00,2025,6,12,16,Hà Nội,Xã Tây Phương,21.0403672,105.6115528,135,Unhealthy for Sensitive Groups,2,31.9,62,0.1,13.2,24,998.8,100,14.8,14.9,337.0,9.0,98.0,10.6
2025-06-12 17:00:00,2025,6,12,17,Hà Nội,Xã Tây Phương,21.0403672,105.6115528,133,Unhealthy for Sensitive Groups,2,31.3,68,0.0,9.2,7,999.1,100,18.6,18.6,593.0,16.0,83.0,13.8
2025-06-12 18:00:00,2025,6,12,18,Hà Nội,Xã Tây Phương,21.0403672,105.6115528,131,Unhealthy for Sensitive Groups,2,30.1,76,0.0,4.0,300,999.6,100,24.4,24.6,936.0,24.9,67.0,17.9
2025-06-12 19:00:00,2025,6,12,19,Hà Nội,Xã Tây Phương,21.0403672,105.6115528,128,Unhealthy for Sensitive Groups,2,28.5,82,0.0,4.3,272,1000.6,100,50.8,51.0,1164.0,43.9,44.0,32.4
2025-06-12 20:00:00,2025,6,12,20,Hà Nội,Xã Tây Phương,21.0403672,105.6115528,128,Unhealthy for Sensitive Groups,2,28.5,80,0.0,4.8,331,1001.7,100,61.5,61.5,1160.0,47.5,36.0,35.1
2025-06-12 21:00:00,2025,6,12,21,Hà Nội,Xã Tây Phương,21.0403672,105.6115528,128,Unhealthy for Sensitive Groups,2,28.0,82,0.3,4.7,7,1002.2,88,67.5,67.8,1042.0,52.2,24.0,38.7
2025-06-12 22:00:00,2025,6,12,22,Hà Nội,Xã Tây Phương,21.0403672,105.6115528,129,Unhealthy for Sensitive Groups,2,27.9,83,0.0,5.1,354,1002.8,88,71.7,71.7,966.0,54.6,16.0,40.3
2025-06-12 23:00:00,2025,6,12,23,Hà Nội,Xã Tây Phương,21.0403672,105.6115528,129,Unhealthy for Sensitive Groups,2,27.7,82,0.0,6.1,358,1003.0,99,73.1,73.3,1033.0,53.1,14.0,38.6
2025-06-13 00:00:00,2025,6,13,0,Hà Nội,Xã Tây Phương,21.0403672,105.6115528,129,Unhealthy for Sensitive Groups,2,27.4,83,0.0,8.1,342,1002.3,100,63.3,63.6,1142.0,49.1,15.0,34.9
2025-06-13 01:00:00,2025,6,13,1,Hà Nội,Xã Tây Phương,21.0403672,105.6115528,129,Unhealthy for Sensitive Groups,2,27.0,88,0.0,7.6,332,1002.4,100,56.2,56.3,1146.0,43.8,19.0,30.8
2025-06-13 02:00:00,2025,6,13,2,Hà Nội,Xã Tây Phương,21.0403672,105.6115528,128,Unhealthy for Sensitive Groups,2,26.9,91,0.0,8.2,334,1002.0,100,43.2,43.4,938.0,36.2,27.0,26.2
2025-06-13 03:00:00,2025,6,13,3,Hà Nội,Xã Tây Phương,21.0403672,105.6115528,125,Unhealthy for Sensitive Groups,2,26.6,90,0.9,7.6,352,1001.8,100,34.6,34.8,625.0,27.2,38.0,21.1
2025-06-13 04:00:00,2025,6,13,4,Hà Nội,Xã Tây Phương,21.0403672,105.6115528,122,Unhealthy for Sensitive Groups,2,26.5,88,0.0,9.1,328,1001.8,100,27.4,27.5,386.0,20.4,47.0,17.6
2025-06-13 05:00:00,2025,6,13,5,Hà Nội,Xã Tây Phương,21.0403672,105.6115528,118,Unhealthy for Sensitive Groups,2,25.5,93,0.0,15.5,312,1002.5,100,22.9,23.1,299.0,17.9,49.0,16.8
2025-06-13 06:00:00,2025,6,13,6,Hà Nội,Xã Tây Phương,21.0403672,105.6115528,113,Unhealthy for Sensitive Groups,2,25.2,92,2.2,13.0,307,1003.1,100,21.5,21.7,286.0,17.5,48.0,17.6
2025-06-13 07:00:00,2025,6,13,7,Hà Nội,Xã Tây Phương,21.0403672,105.6115528,108,Unhealthy for Sensitive Groups,2,25.4,93,1.1,14.4,317,1003.3,100,28.8,28.9,283.0,16.6,56.0,19.4
2025-06-13 08:00:00,2025,6,13,8,Hà Nội,Xã Tây Phương,21.0403672,105.6115528,104,Unhealthy for Sensitive Groups,2,28.0,84,0.0,19.1,318,1003.2,99,26.0,26.1,275.0,13.6,74.0,18.5
2025-06-13 09:00:00,2025,6,13,9,Hà Nội,Xã Tây Phương,21.0403672,105.6115528,101,Unhealthy for Sensitive Groups,2,29.0,77,0.0,20.6,321,1003.4,100,23.9,24.1,278.0,9.5,99.0,17.2
2025-06-13 10:00:00,2025,6,13,10,Hà Nội,Xã Tây Phương,21.0403672,105.6115528,100,Moderate,1,28.2,79,0.0,20.4,316,1003.6,100,20.5,20.7,280.0,6.3,117.0,15.7
2025-06-13 11:00:00,2025,6,13,11,Hà Nội,Xã Tây Phương,21.0403672,105.6115528,99,Moderate,1,28.9,78,0.1,20.4,318,1002.8,100,16.7,16.9,274.0,5.0,119.0,13.7
2025-06-13 12:00:00,2025,6,13,12,Hà Nội,Xã Tây Phương,21.0403672,105.6115528,98,Moderate,1,30.8,72,0.1,19.8,327,1001.5,100,17.5,17.7,265.0,4.7,114.0,11.5
2025-06-13 13:00:00,2025,6,13,13,Hà Nội,Xã Tây Phương,21.0403672,105.6115528,98,Moderate,1,31.6,69,0.0,19.3,332,1000.5,100,15.7,15.9,261.0,4.6,111.0,10.1
2025-06-13 14:00:00,2025,6,13,14,Hà Nội,Xã Tây Phương,21.0403672,105.6115528,98,Moderate,1,31.6,69,0.1,17.4,343,999.3,100,16.6,16.8,248.0,3.7,118.0,9.8
2025-06-13 15:00:00,2025,6,13,15,Hà Nội,Xã Tây Phương,21.0403672,105.6115528,98,Moderate,1,31.6,70,0.3,11.6,336,998.2,99,16.4,16.6,238.0,3.1,128.0,10.4
2025-06-13 16:00:00,2025,6,13,16,Hà Nội,Xã Tây Phương,21.0403672,105.6115528,98,Moderate,1,32.2,66,0.1,12.8,349,997.5,100,16.2,16.4,275.0,5.5,129.0,12.1
2025-06-13 17:00:00,2025,6,13,17,Hà Nội,Xã Tây Phương,21.0403672,105.6115528,98,Moderate,1,31.4,71,0.0,10.4,346,997.4,100,17.2,17.3,409.0,13.2,113.0,15.5
2025-06-13 18:00:00,2025,6,13,18,Hà Nội,Xã Tây Phương,21.0403672,105.6115528,98,Moderate,1,30.4,78,0.0,7.3,343,998.3,100,22.4,22.5,590.0,24.0,89.0,19.9
2025-06-13 19:00:00,2025,6,13,19,Hà Nội,Xã Tây Phương,21.0403672,105.6115528,98,Moderate,1,29.2,82,0.0,5.2,319,999.2,100,49.4,49.5,707.0,44.9,66.0,35.7
2025-06-13 20:00:00,2025,6,13,20,Hà Nội,Xã Tây Phương,21.0403672,105.6115528,98,Moderate,1,29.0,78,0.0,9.2,298,1000.1,100,69.2,69.2,699.0,50.3,56.0,40.4
2025-06-13 21:00:00,2025,6,13,21,Hà Nội,Xã Tây Phương,21.0403672,105.6115528,99,Moderate,1,28.7,81,0.0,8.7,313,1000.9,100,83.1,83.4,627.0,57.6,42.0,46.6
2025-06-13 22:00:00,2025,6,13,22,Hà Nội,Xã Tây Phương,21.0403672,105.6115528,100,Moderate,1,28.1,84,0.0,6.1,328,1001.6,100,77.3,77.8,560.0,61.7,31.0,49.8
2025-06-13 23:00:00,2025,6,13,23,Hà Nội,Xã Tây Phương,21.0403672,105.6115528,101,Unhealthy for Sensitive Groups,2,27.5,88,0.0,5.2,329,1001.6,100,78.9,79.6,524.0,60.1,26.0,47.5
2025-06-14 00:00:00,2025,6,14,0,Hà Nội,Xã Tây Phương,21.0403672,105.6115528,101,Unhealthy for Sensitive Groups,2,27.2,90,0.0,6.0,331,1001.0,100,80.1,80.6,493.0,55.4,25.0,42.1
2025-06-14 01:00:00,2025,6,14,1,Hà Nội,Xã Tây Phương,21.0403672,105.6115528,103,Unhealthy for Sensitive Groups,2,27.1,91,0.0,6.7,326,1000.6,100,65.2,65.4,453.0,49.9,25.0,37.0
2025-06-14 02:00:00,2025,6,14,2,Hà Nội,Xã Tây Phương,21.0403672,105.6115528,104,Unhealthy for Sensitive Groups,2,27.0,91,0.0,5.6,327,1000.4,100,48.0,48.1,386.0,43.6,27.0,32.6
2025-06-14 03:00:00,2025,6,14,3,Hà Nội,Xã Tây Phương,21.0403672,105.6115528,105,Unhealthy for Sensitive Groups,2,27.0,90,0.0,6.3,307,1000.3,100,41.2,41.3,310.0,36.6,30.0,28.5
2025-06-14 04:00:00,2025,6,14,4,Hà Nội,Xã Tây Phương,21.0403672,105.6115528,105,Unhealthy for Sensitive Groups,2,26.4,93,0.0,5.4,304,1000.4,99,40.6,40.7,263.0,31.0,36.0,26.2
2025-06-14 05:00:00,2025,6,14,5,Hà Nội,Xã Tây Phương,21.0403672,105.6115528,107,Unhealthy for Sensitive Groups,2,26.2,93,0.0,8.0,306,1001.1,100,40.0,40.2,270.0,28.4,42.0,27.3
2025-06-14 06:00:00,2025,6,14,6,Hà Nội,Xã Tây Phương,21.0403672,105.6115528,108,Unhealthy for Sensitive Groups,2,26.6,91,0.0,9.8,302,1001.3,73,42.8,43.1,306.0,27.3,50.0,30.3
2025-06-14 07:00:00,2025,6,14,7,Hà Nội,Xã Tây Phương,21.0403672,105.6115528,111,Unhealthy for Sensitive Groups,2,27.9,86,0.0,10.9,309,1001.4,12,26.1,26.2,331.0,22.1,54.0,24.5
2025-06-14 08:00:00,2025,6,14,8,Hà Nội,Xã Tây Phương,21.0403672,105.6115528,110,Unhealthy for Sensitive Groups,2,30.4,78,0.0,7.0,318,1001.6,55,22.2,22.2,329.0,17.6,74.0,22.6
2025-06-14 09:00:00,2025,6,14,9,Hà Nội,Xã Tây Phương,21.0403672,105.6115528,110,Unhealthy for Sensitive Groups,2,31.7,72,0.0,5.7,332,1001.7,37,18.3,18.5,316.0,11.4,103.0,20.0
2025-06-14 10:00:00,2025,6,14,10,Hà Nội,Xã Tây Phương,21.0403672,105.6115528,109,Unhealthy for Sensitive Groups,2,32.4,66,0.0,5.7,347,1001.9,89,16.9,17.0,302.0,6.7,127.0,18.0
2025-06-14 11:00:00,2025,6,14,11,Hà Nội,Xã Tây Phương,21.0403672,105.6115528,109,Unhealthy for Sensitive Groups,2,33.0,65,0.0,5.3,350,1001.6,100,16.5,16.6,287.0,4.7,142.0,16.9
2025-06-14 12:00:00,2025,6,14,12,Hà Nội,Xã Tây Phương,21.0403672,105.6115528,109,Unhealthy for Sensitive Groups,2,33.5,64,0.0,4.5,326,1000.6,97,17.2,17.3,269.0,4.2,153.0,16.3
2025-06-14 13:00:00,2025,6,14,13,Hà Nội,Xã Tây Phương,21.0403672,105.6115528,109,Unhealthy for Sensitive Groups,2,33.8,62,0.0,4.2,288,999.5,100,18.7,18.8,258.0,4.4,162.0,16.5
2025-06-14 14:00:00,2025,6,14,14,Hà Nội,Xã Tây Phương,21.0403672,105.6115528,109,Unhealthy for Sensitive Groups,2,34.3,60,0.0,4.3,228,998.7,99,20.4,20.5,249.0,4.4,172.0,17.3
2025-06-14 15:00:00,2025,6,14,15,Hà Nội,Xã Tây Phương,21.0403672,105.6115528,110,Unhealthy for Sensitive Groups,2,34.7,60,0.0,6.8,178,998.2,76,22.4,22.4,246.0,5.1,180.0,18.8
2025-06-14 16:00:00,2025,6,14,16,Hà Nội,Xã Tây Phương,21.0403672,105.6115528,110,Unhealthy for Sensitive Groups,2,32.7,69,0.1,12.5,173,998.0,67,25.4,25.4,265.0,8.1,179.0,21.6
2025-06-14 17:00:00,2025,6,14,17,Hà Nội,Xã Tây Phương,21.0403672,105.6115528,126,Unhealthy for Sensitive Groups,2,31.9,74,0.0,13.3,157,997.8,33,30.2,30.2,325.0,14.8,163.0,26.1
2025-06-14 18:00:00,2025,6,14,18,Hà Nội,Xã Tây Phương,21.0403672,105.6115528,138,Unhealthy for Sensitive Groups,2,31.3,77,0.0,11.1,164,997.8,94,35.3,35.4,407.0,23.8,138.0,31.8
2025-06-14 19:00:00,2025,6,14,19,Hà Nội,Xã Tây Phương,21.0403672,105.6115528,141,Unhealthy for Sensitive Groups,2,30.2,80,0.0,10.5,158,998.4,100,33.4,33.4,475.0,27.8,115.0,33.7
2025-06-14 20:00:00,2025,6,14,20,Hà Nội,Xã Tây Phương,21.0403672,105.6115528,135,Unhealthy for Sensitive Groups,2,30.5,77,0.0,14.8,159,999.3,100,44.2,44.2,515.0,34.7,95.0,39.5
2025-06-14 21:00:00,2025,6,14,21,Hà Nội,Xã Tây Phương,21.0403672,105.6115528,123,Unhealthy for Sensitive Groups,2,29.9,81,0.0,11.7,162,999.7,100,54.8,54.8,540.0,44.5,68.0,47.6
2025-06-14 22:00:00,2025,6,14,22,Hà Nội,Xã Tây Phương,21.0403672,105.6115528,107,Unhealthy for Sensitive Groups,2,29.0,86,0.0,10.4,154,1000.2,100,65.4,65.4,556.0,53.0,45.0,54.3
2025-06-14 23:00:00,2025,6,14,23,Hà Nội,Xã Tây Phương,21.0403672,105.6115528,105,Unhealthy for Sensitive Groups,2,28.4,89,0.0,10.8,143,1000.3,100,75.0,75.2,564.0,58.8,32.0,57.9
2025-06-15 00:00:00,2025,6,15,0,Hà Nội,Xã Tây Phương,21.0403672,105.6115528,105,Unhealthy for Sensitive Groups,2,28.0,90,0.0,10.2,143,1000.1,100,79.2,79.4,564.0,63.4,25.0,60.1
2025-06-15 01:00:00,2025,6,15,1,Hà Nội,Xã Tây Phương,21.0403672,105.6115528,105,Unhealthy for Sensitive Groups,2,27.8,91,0.0,8.9,152,999.9,100,83.1,83.4,556.0,67.4,19.0,62.6
2025-06-15 02:00:00,2025,6,15,2,Hà Nội,Xã Tây Phương,21.0403672,105.6115528,107,Unhealthy for Sensitive Groups,2,27.4,93,0.0,7.0,162,999.7,100,90.1,90.6,530.0,71.6,13.0,65.5
2025-06-15 03:00:00,2025,6,15,3,Hà Nội,Xã Tây Phương,21.0403672,105.6115528,111,Unhealthy for Sensitive Groups,2,26.8,97,0.0,3.6,171,999.5,79,94.5,95.5,497.0,75.2,8.0,68.7
2025-06-15 04:00:00,2025,6,15,4,Hà Nội,Xã Tây Phương,21.0403672,105.6115528,117,Unhealthy for Sensitive Groups,2,26.6,97,0.0,0.9,307,999.7,99,98.7,99.9,495.0,76.3,10.0,72.9
2025-06-15 05:00:00,2025,6,15,5,Hà Nội,Xã Tây Phương,21.0403672,105.6115528,123,Unhealthy for Sensitive Groups,2,26.7,97,0.0,7.6,324,1000.5,99,98.3,99.9,566.0,74.6,20.0,81.2
2025-06-15 06:00:00,2025,6,15,6,Hà Nội,Xã Tây Phương,21.0403672,105.6115528,129,Unhealthy for Sensitive Groups,2,27.3,96,0.0,9.3,307,1001.0,83,101.5,103.4,667.0,70.3,36.0,90.6
2025-06-15 07:00:00,2025,6,15,7,Hà Nội,Xã Tây Phương,21.0403672,105.6115528,135,Unhealthy for Sensitive Groups,2,28.9,88,0.0,11.1,306,1001.8,99,99.9,102.9,710.0,63.8,56.0,73.9
2025-06-15 08:00:00,2025,6,15,8,Hà Nội,Xã Tây Phương,21.0403672,105.6115528,143,Unhealthy for Sensitive Groups,2,30.5,82,0.0,6.4,313,1001.7,97,88.7,89.9,638.0,52.0,100.0,69.9
2025-06-15 09:00:00,2025,6,15,9,Hà Nội,Xã Tây Phương,21.0403672,105.6115528,150,Unhealthy for Sensitive Groups,2,31.7,79,0.0,4.8,331,1001.9,40,80.1,80.1,506.0,35.5,160.0,64.1
2025-06-15 10:00:00,2025,6,15,10,Hà Nội,Xã Tây Phương,21.0403672,105.6115528,151,Unhealthy,3,33.0,73,0.0,4.8,329,1002.1,100,57.0,57.3,395.0,22.6,201.0,57.4
2025-06-15 11:00:00,2025,6,15,11,Hà Nội,Xã Tây Phương,21.0403672,105.6115528,152,Unhealthy,3,33.9,68,0.0,5.3,322,1001.7,28,44.6,44.8,321.0,16.3,203.0,48.7
2025-06-15 12:00:00,2025,6,15,12,Hà Nội,Xã Tây Phương,21.0403672,105.6115528,153,Unhealthy,3,34.6,66,0.0,4.9,303,1000.4,22,40.0,40.4,268.0,13.4,185.0,39.2
2025-06-15 13:00:00,2025,6,15,13,Hà Nội,Xã Tây Phương,21.0403672,105.6115528,153,Unhealthy,3,34.9,64,0.0,4.8,297,999.5,98,37.1,37.4,262.0,12.6,170.0,33.1
2025-06-15 14:00:00,2025,6,15,14,Hà Nội,Xã Tây Phương,21.0403672,105.6115528,154,Unhealthy,3,31.4,76,5.4,3.3,9,999.6,100,38.5,38.8,328.0,13.5,168.0,32.5
2025-06-15 15:00:00,2025,6,15,15,Hà Nội,Xã Tây Phương,21.0403672,105.6115528,154,Unhealthy,3,28.4,88,19.0,5.3,125,1000.5,100,42.7,42.8,441.0,16.5,168.0,35.4
2025-06-15 16:00:00,2025,6,15,16,Hà Nội,Xã Tây Phương,21.0403672,105.6115528,155,Unhealthy,3,28.1,90,0.4,4.7,238,999.9,100,48.3,48.5,554.0,21.2,164.0,39.3
2025-06-15 17:00:00,2025,6,15,17,Hà Nội,Xã Tây Phương,21.0403672,105.6115528,164,Unhealthy,3,28.5,87,0.2,4.7,196,1000.2,100,56.1,56.3,646.0,27.9,152.0,44.0
2025-06-15 18:00:00,2025,6,15,18,Hà Nội,Xã Tây Phương,21.0403672,105.6115528,162,Unhealthy,3,28.4,90,0.1,4.3,272,1000.6,100,65.9,66.1,739.0,36.3,135.0,49.8
2025-06-15 19:00:00,2025,6,15,19,Hà Nội,Xã Tây Phương,21.0403672,105.6115528,156,Unhealthy,3,28.0,93,0.0,0.6,304,1001.3,100,63.6,63.8,850.0,37.8,133.0,45.7
2025-06-15 20:00:00,2025,6,15,20,Hà Nội,Xã Tây Phương,21.0403672,105.6115528,157,Unhealthy,3,26.1,94,0.9,5.0,334,1002.8,100,85.0,85.2,1024.0,47.1,109.0,51.8
2025-06-15 21:00:00,2025,6,15,21,Hà Nội,Xã Tây Phương,21.0403672,105.6115528,158,Unhealthy,3,26.1,94,2.0,3.6,311,1003.7,100,106.4,106.4,1216.0,60.0,77.0,60.3
2025-06-15 22:00:00,2025,6,15,22,Hà Nội,Xã Tây Phương,21.0403672,105.6115528,159,Unhealthy,3,26.1,92,1.5,2.3,331,1004.3,100,118.0,118.0,1311.0,69.8,50.0,66.2
2025-06-15 23:00:00,2025,6,15,23,Hà Nội,Xã Tây Phương,21.0403672,105.6115528,160,Unhealthy,3,26.0,94,0.7,3.3,351,1004.2,100,123.4,123.4,1239.0,73.9,35.0,67.2
2025-06-16 00:00:00,2025,6,16,0,Hà Nội,Xã Tây Phương,21.0403672,105.6115528,161,Unhealthy,3,26.0,95,0.3,1.6,354,1003.7,100,120.6,120.6,1071.0,74.9,27.0,65.7
2025-06-16 01:00:00,2025,6,16,1,Hà Nội,Xã Tây Phương,21.0403672,105.6115528,162,Unhealthy,3,26.0,95,0.1,0.4,297,1003.5,100,121.5,121.5,904.0,74.2,22.0,64.5
2025-06-16 02:00:00,2025,6,16,2,Hà Nội,Xã Tây Phương,21.0403672,105.6115528,163,Unhealthy,3,25.8,96,0.1,0.8,225,1002.9,100,117.1,117.1,751.0,71.7,21.0,64.6
2025-06-16 03:00:00,2025,6,16,3,Hà Nội,Xã Tây Phương,21.0403672,105.6115528,163,Unhealthy,3,25.7,97,0.1,1.5,234,1002.8,100,109.9,109.9,599.0,67.5,24.0,64.9
2025-06-16 04:00:00,2025,6,16,4,Hà Nội,Xã Tây Phương,21.0403672,105.6115528,164,Unhealthy,3,25.7,97,0.1,1.1,261,1002.8,100,99.4,99.4,511.0,62.5,29.0,64.9
2025-06-16 05:00:00,2025,6,16,5,Hà Nội,Xã Tây Phương,21.0403672,105.6115528,164,Unhealthy,3,25.5,98,0.0,1.1,288,1002.9,100,88.9,89.2,542.0,57.1,31.0,64.3
2025-06-16 06:00:00,2025,6,16,6,Hà Nội,Xã Tây Phương,21.0403672,105.6115528,164,Unhealthy,3,25.8,96,0.0,2.8,333,1003.4,93,82.0,82.2,636.0,50.9,35.0,63.3
2025-06-16 07:00:00,2025,6,16,7,Hà Nội,Xã Tây Phương,21.0403672,105.6115528,163,Unhealthy,3,26.6,92,0.0,2.3,331,1004.0,92,53.8,54.0,685.0,38.1,62.0,60.6
2025-06-16 08:00:00,2025,6,16,8,Hà Nội,Xã Tây Phương,21.0403672,105.6115528,162,Unhealthy,3,25.4,95,2.6,5.0,272,1005.3,100,42.8,43.0,636.0,32.4,92.0,57.8
2025-06-16 09:00:00,2025,6,16,9,Hà Nội,Xã Tây Phương,21.0403672,105.6115528,161,Unhealthy,3,25.6,94,1.5,3.1,280,1005.6,97,33.1,33.3,543.0,24.4,134.0,53.9
2025-06-16 10:00:00,2025,6,16,10,Hà Nội,Xã Tây Phương,21.0403672,105.6115528,160,Unhealthy,3,26.6,91,2.0,3.5,282,1005.2,94,35.4,35.5,458.0,17.7,173.0,49.7
2025-06-16 11:00:00,2025,6,16,11,Hà Nội,Xã Tây Phương,21.0403672,105.6115528,160,Unhealthy,3,28.1,85,1.9,2.5,201,1004.7,97,39.7,39.8,398.0,13.4,207.0,45.1
2025-06-16 12:00:00,2025,6,16,12,Hà Nội,Xã Tây Phương,21.0403672,105.6115528,160,Unhealthy,3,30.0,77,1.3,5.3,145,1003.5,94,42.6,42.7,346.0,10.5,237.0,40.4
2025-06-16 13:00:00,2025,6,16,13,Hà Nội,Xã Tây Phương,21.0403672,105.6115528,160,Unhealthy,3,30.9,74,0.5,7.6,146,1002.2,100,46.2,46.4,307.0,9.5,255.0,37.2
2025-06-16 14:00:00,2025,6,16,14,Hà Nội,Xã Tây Phương,21.0403672,105.6115528,160,Unhealthy,3,31.8,69,0.0,9.2,159,1001.4,100,48.1,48.3,276.0,10.7,255.0,36.5
2025-06-16 15:00:00,2025,6,16,15,Hà Nội,Xã Tây Phương,21.0403672,105.6115528,163,Unhealthy,3,31.5,70,0.0,10.3,151,1000.6,96,47.5,47.7,257.0,13.9,242.0,37.3
2025-06-16 16:00:00,2025,6,16,16,Hà Nội,Xã Tây Phương,21.0403672,105.6115528,192,Unhealthy,3,32.0,67,0.0,11.9,155,1000.6,100,50.1,50.2,273.0,18.2,220.0,38.7
2025-06-16 17:00:00,2025,6,16,17,Hà Nội,Xã Tây Phương,21.0403672,105.6115528,205,Very Unhealthy,4,30.6,73,0.0,14.3,168,1000.8,100,49.9,50.2,351.0,23.9,187.0,40.1
2025-06-16 18:00:00,2025,6,16,18,Hà Nội,Xã Tây Phương,21.0403672,105.6115528,209,Very Unhealthy,4,28.9,82,0.2,8.4,195,1001.2,100,50.8,51.0,463.0,30.9,146.0,42.0
2025-06-16 19:00:00,2025,6,16,19,Hà Nội,Xã Tây Phương,21.0403672,105.6115528,207,Very Unhealthy,4,28.1,86,0.1,4.9,180,1001.8,98,52.3,52.4,549.0,37.2,104.0,39.4
2025-06-16 20:00:00,2025,6,16,20,Hà Nội,Xã Tây Phương,21.0403672,105.6115528,200,Unhealthy,3,28.1,84,0.0,6.6,133,1003.1,100,62.2,62.2,587.0,40.1,93.0,43.2
2025-06-16 21:00:00,2025,6,16,21,Hà Nội,Xã Tây Phương,21.0403672,105.6115528,177,Unhealthy,3,27.9,87,0.2,8.8,137,1003.8,100,67.5,67.8,599.0,44.1,76.0,48.4
2025-06-16 22:00:00,2025,6,16,22,Hà Nội,Xã Tây Phương,21.0403672,105.6115528,158,Unhealthy,3,27.4,90,0.9,9.9,138,1004.4,100,72.4,72.6,595.0,47.7,62.0,52.3
2025-06-16 23:00:00,2025,6,16,23,Hà Nội,Xã Tây Phương,21.0403672,105.6115528,157,Unhealthy,3,27.2,91,0.0,10.2,141,1004.6,100,78.7,78.9,568.0,50.3,51.0,53.5
2025-06-17 00:00:00,2025,6,17,0,Hà Nội,Xã Tây Phương,21.0403672,105.6115528,156,Unhealthy,3,26.9,93,0.0,12.2,144,1004.2,100,81.7,82.0,525.0,52.5,42.0,53.3
2025-06-17 01:00:00,2025,6,17,1,Hà Nội,Xã Tây Phương,21.0403672,105.6115528,155,Unhealthy,3,26.9,95,0.0,10.5,147,1003.8,100,84.1,84.3,495.0,54.5,35.0,53.0
2025-06-17 02:00:00,2025,6,17,2,Hà Nội,Xã Tây Phương,21.0403672,105.6115528,154,Unhealthy,3,26.8,96,0.0,10.6,150,1003.3,100,86.6,87.1,491.0,57.0,28.0,52.7
2025-06-17 03:00:00,2025,6,17,3,Hà Nội,Xã Tây Phương,21.0403672,105.6115528,154,Unhealthy,3,26.8,96,0.0,7.9,147,1003.2,100,87.3,87.8,499.0,59.2,22.0,52.3
2025-06-17 04:00:00,2025,6,17,4,Hà Nội,Xã Tây Phương,21.0403672,105.6115528,153,Unhealthy,3,26.5,97,0.6,8.6,113,1003.5,100,88.0,88.7,509.0,59.6,21.0,52.9
2025-06-17 05:00:00,2025,6,17,5,Hà Nội,Xã Tây Phương,21.0403672,105.6115528,153,Unhealthy,3,26.5,97,0.0,6.5,134,1003.4,100,87.8,89.6,523.0,57.5,24.0,56.1
2025-06-17 06:00:00,2025,6,17,6,Hà Nội,Xã Tây Phương,21.0403672,105.6115528,153,Unhealthy,3,26.6,98,0.0,6.4,117,1003.5,100,88.2,90.3,539.0,53.5,32.0,60.4
2025-06-17 07:00:00,2025,6,17,7,Hà Nội,Xã Tây Phương,21.0403672,105.6115528,153,Unhealthy,3,27.5,94,0.0,6.5,129,1003.9,100,67.5,68.5,541.0,46.5,38.0,44.1
2025-06-17 08:00:00,2025,6,17,8,Hà Nội,Xã Tây Phương,21.0403672,105.6115528,153,Unhealthy,3,27.7,93,0.0,7.8,105,1004.4,100,67.1,67.5,526.0,41.0,67.0,44.7
2025-06-17 09:00:00,2025,6,17,9,Hà Nội,Xã Tây Phương,21.0403672,105.6115528,154,Unhealthy,3,29.5,87,0.0,6.2,128,1004.5,100,65.4,65.9,497.0,33.3,108.0,45.4
2025-06-17 10:00:00,2025,6,17,10,Hà Nội,Xã Tây Phương,21.0403672,105.6115528,155,Unhealthy,3,30.1,85,0.2,3.1,80,1004.0,100,56.8,57.3,452.0,26.0,146.0,44.5
2025-06-17 11:00:00,2025,6,17,11,Hà Nội,Xã Tây Phương,21.0403672,105.6115528,155,Unhealthy,3,30.7,81,2.3,3.9,118,1003.7,100,51.3,51.7,364.0,19.4,179.0,40.5
2025-06-17 12:00:00,2025,6,17,12,Hà Nội,Xã Tây Phương,21.0403672,105.6115528,155,Unhealthy,3,31.9,78,0.5,5.3,147,1002.7,100,47.1,47.6,259.0,13.2,209.0,34.8
2025-06-17 13:00:00,2025,6,17,13,Hà Nội,Xã Tây Phương,21.0403672,105.6115528,156,Unhealthy,3,32.1,77,0.0,11.8,160,1001.5,98,43.3,43.7,213.0,9.5,225.0,30.6
2025-06-17 14:00:00,2025,6,17,14,Hà Nội,Xã Tây Phương,21.0403672,105.6115528,155,Unhealthy,3,33.2,71,0.0,13.8,147,1001.0,99,39.1,39.5,237.0,8.9,219.0,28.6
2025-06-17 15:00:00,2025,6,17,15,Hà Nội,Xã Tây Phương,21.0403672,105.6115528,155,Unhealthy,3,30.8,79,5.5,12.4,121,1000.9,100,36.7,37.0,319.0,10.9,198.0,28.0
2025-06-17 16:00:00,2025,6,17,16,Hà Nội,Xã Tây Phương,21.0403672,105.6115528,155,Unhealthy,3,28.5,91,8.6,6.0,39,1000.7,100,36.1,36.4,498.0,15.9,173.0,29.3
2025-06-17 17:00:00,2025,6,17,17,Hà Nội,Xã Tây Phương,21.0403672,105.6115528,170,Unhealthy,3,29.1,92,0.0,4.2,47,1000.4,100,38.6,38.9,867.0,25.7,144.0,33.8
2025-06-17 18:00:00,2025,6,17,18,Hà Nội,Xã Tây Phương,21.0403672,105.6115528,176,Unhealthy,3,29.5,93,0.0,2.3,39,1000.7,100,47.3,47.5,1332.0,38.5,111.0,40.2
2025-06-17 19:00:00,2025,6,17,19,Hà Nội,Xã Tây Phương,21.0403672,105.6115528,170,Unhealthy,3,28.8,94,0.0,3.0,107,1001.0,100,54.4,54.5,1651.0,44.3,70.0,43.2
2025-06-17 20:00:00,2025,6,17,20,Hà Nội,Xã Tây Phương,21.0403672,105.6115528,154,Unhealthy,3,29.1,82,0.0,10.7,163,1002.0,100,63.1,63.3,1712.0,49.5,58.0,50.3
2025-06-17 21:00:00,2025,6,17,21,Hà Nội,Xã Tây Phương,21.0403672,105.6115528,154,Unhealthy,3,28.5,85,0.0,10.0,171,1002.6,100,64.5,64.7,1626.0,56.8,41.0,60.0
2025-06-17 22:00:00,2025,6,17,22,Hà Nội,Xã Tây Phương,21.0403672,105.6115528,154,Unhealthy,3,28.0,88,0.0,9.4,167,1003.2,100,74.5,75.0,1482.0,63.8,26.0,67.4
2025-06-17 23:00:00,2025,6,17,23,Hà Nội,Xã Tây Phương,21.0403672,105.6115528,154,Unhealthy,3,27.7,90,0.0,10.8,169,1003.4,100,86.8,88.0,1279.0,70.2,16.0,70.5
2025-06-18 00:00:00,2025,6,18,0,Hà Nội,Xã Tây Phương,21.0403672,105.6115528,155,Unhealthy,3,27.5,89,0.0,12.6,167,1003.5,100,89.9,91.5,1018.0,76.2,9.0,71.2
2025-06-18 01:00:00,2025,6,18,1,Hà Nội,Xã Tây Phương,21.0403672,105.6115528,155,Unhealthy,3,27.5,88,0.0,11.3,170,1002.8,100,89.6,92.0,795.0,79.8,4.0,70.5
2025-06-18 02:00:00,2025,6,18,2,Hà Nội,Xã Tây Phương,21.0403672,105.6115528,155,Unhealthy,3,27.3,89,0.0,10.6,170,1002.2,100,84.5,87.3,637.0,80.0,0.0,68.0
2025-06-18 03:00:00,2025,6,18,3,Hà Nội,Xã Tây Phương,21.0403672,105.6115528,155,Unhealthy,3,26.9,90,0.0,6.7,180,1002.2,100,82.0,84.3,516.0,77.8,0.0,64.0
2025-06-18 04:00:00,2025,6,18,4,Hà Nội,Xã Tây Phương,21.0403672,105.6115528,155,Unhealthy,3,26.4,93,0.0,4.3,185,1002.3,100,79.2,81.3,442.0,73.8,0.0,60.4
2025-06-18 05:00:00,2025,6,18,5,Hà Nội,Xã Tây Phương,21.0403672,105.6115528,155,Unhealthy,3,26.1,94,0.4,6.1,166,1002.6,100,77.3,79.4,449.0,68.3,16.0,58.5
2025-06-18 06:00:00,2025,6,18,6,Hà Nội,Xã Tây Phương,21.0403672,105.6115528,154,Unhealthy,3,26.1,96,2.6,6.5,146,1003.0,100,74.0,76.4,503.0,61.0,40.0,57.1
2025-06-18 07:00:00,2025,6,18,7,Hà Nội,Xã Tây Phương,21.0403672,105.6115528,154,Unhealthy,3,26.0,95,1.3,9.9,171,1003.1,100,68.2,70.5,515.0,51.3,52.0,47.9
2025-06-18 08:00:00,2025,6,18,8,Hà Nội,Xã Tây Phương,21.0403672,105.6115528,154,Unhealthy,3,30.0,83,0.0,11.9,177,1003.2,100,69.4,70.8,433.0,41.0,85.0,45.1
2025-06-18 09:00:00,2025,6,18,9,Hà Nội,Xã Tây Phương,21.0403672,105.6115528,154,Unhealthy,3,32.3,72,0.0,12.2,181,1003.5,100,52.0,52.4,310.0,26.7,130.0,41.0
2025-06-18 10:00:00,2025,6,18,10,Hà Nội,Xã Tây Phương,21.0403672,105.6115528,154,Unhealthy,3,33.2,64,0.0,13.0,186,1003.1,100,34.5,34.8,215.0,15.2,161.0,35.9
2025-06-18 11:00:00,2025,6,18,11,Hà Nội,Xã Tây Phương,21.0403672,105.6115528,153,Unhealthy,3,33.8,62,0.2,14.6,194,1002.4,99,25.7,26.0,175.0,9.3,163.0,28.8
2025-06-18 12:00:00,2025,6,18,12,Hà Nội,Xã Tây Phương,21.0403672,105.6115528,153,Unhealthy,3,34.6,55,0.0,13.7,203,1001.8,100,19.7,20.0,164.0,6.2,151.0,20.8
2025-06-18 13:00:00,2025,6,18,13,Hà Nội,Xã Tây Phương,21.0403672,105.6115528,152,Unhealthy,3,34.8,55,0.0,13.4,202,1000.9,100,15.9,16.1,163.0,5.0,139.0,15.5
2025-06-18 14:00:00,2025,6,18,14,Hà Nội,Xã Tây Phương,21.0403672,105.6115528,152,Unhealthy,3,34.3,58,0.0,13.1,203,1000.1,100,14.9,15.0,171.0,5.4,133.0,14.8
2025-06-18 15:00:00,2025,6,18,15,Hà Nội,Xã Tây Phương,21.0403672,105.6115528,151,Unhealthy,3,33.3,65,0.0,12.8,185,999.1,100,16.3,16.4,191.0,7.6,128.0,16.9
2025-06-18 16:00:00,2025,6,18,16,Hà Nội,Xã Tây Phương,21.0403672,105.6115528,151,Unhealthy,3,32.6,69,0.0,17.9,167,998.7,100,18.6,18.7,214.0,11.6,120.0,20.2
2025-06-18 17:00:00,2025,6,18,17,Hà Nội,Xã Tây Phương,21.0403672,105.6115528,150,Unhealthy for Sensitive Groups,2,31.7,73,0.0,15.1,168,998.6,100,22.3,22.4,243.0,18.8,107.0,25.3
2025-06-18 18:00:00,2025,6,18,18,Hà Nội,Xã Tây Phương,21.0403672,105.6115528,149,Unhealthy for Sensitive Groups,2,31.5,75,0.0,15.9,152,999.1,100,28.7,28.8,275.0,27.7,91.0,31.6
2025-06-18 19:00:00,2025,6,18,19,Hà Nội,Xã Tây Phương,21.0403672,105.6115528,147,Unhealthy for Sensitive Groups,2,31.2,72,0.0,18.9,159,999.9,100,42.1,42.3,296.0,29.6,118.0,40.2
2025-06-18 20:00:00,2025,6,18,20,Hà Nội,Xã Tây Phương,21.0403672,105.6115528,146,Unhealthy for Sensitive Groups,2,28.1,84,0.0,17.1,160,1001.7,100,43.3,43.4,296.0,30.9,106.0,41.0
2025-06-18 21:00:00,2025,6,18,21,Hà Nội,Xã Tây Phương,21.0403672,105.6115528,144,Unhealthy for Sensitive Groups,2,28.4,85,0.0,15.6,169,1002.4,100,40.3,40.4,285.0,32.7,89.0,41.8
2025-06-18 22:00:00,2025,6,18,22,Hà Nội,Xã Tây Phương,21.0403672,105.6115528,141,Unhealthy for Sensitive Groups,2,28.7,84,0.0,15.3,162,1002.7,100,35.9,36.1,276.0,33.6,76.0,41.3
2025-06-18 23:00:00,2025,6,18,23,Hà Nội,Xã Tây Phương,21.0403672,105.6115528,137,Unhealthy for Sensitive Groups,2,28.5,87,0.0,13.9,156,1002.7,100,32.0,32.7,272.0,32.3,71.0,37.9
2025-06-19 00:00:00,2025,6,19,0,Hà Nội,Xã Tây Phương,21.0403672,105.6115528,132,Unhealthy for Sensitive Groups,2,28.2,90,0.0,13.5,159,1001.9,79,29.8,31.0,269.0,30.2,70.0,33.0
2025-06-19 01:00:00,2025,6,19,1,Hà Nội,Xã Tây Phương,21.0403672,105.6115528,125,Unhealthy for Sensitive Groups,2,28.1,91,0.0,13.6,160,1001.6,96,29.7,31.1,273.0,29.3,66.0,29.6
2025-06-19 02:00:00,2025,6,19,2,Hà Nội,Xã Tây Phương,21.0403672,105.6115528,119,Unhealthy for Sensitive Groups,2,28.1,90,0.0,13.1,162,1001.1,100,31.0,32.4,279.0,31.2,55.0,28.8
2025-06-19 03:00:00,2025,6,19,3,Hà Nội,Xã Tây Phương,21.0403672,105.6115528,114,Unhealthy for Sensitive Groups,2,27.7,92,0.0,9.5,169,1000.8,100,34.0,35.4,291.0,34.5,41.0,29.3
2025-06-19 04:00:00,2025,6,19,4,Hà Nội,Xã Tây Phương,21.0403672,105.6115528,109,Unhealthy for Sensitive Groups,2,27.5,92,0.0,8.5,159,1000.7,100,37.8,39.1,323.0,37.0,32.0,30.5
2025-06-19 05:00:00,2025,6,19,5,Hà Nội,Xã Tây Phương,21.0403672,105.6115528,104,Unhealthy for Sensitive Groups,2,27.2,93,0.0,8.9,156,1001.1,100,41.3,42.5,400.0,38.7,28.0,32.9
2025-06-19 06:00:00,2025,6,19,6,Hà Nội,Xã Tây Phương,21.0403672,105.6115528,101,Unhealthy for Sensitive Groups,2,27.6,91,0.0,8.5,173,1001.6,100,45.2,46.4,498.0,39.7,29.0,35.9
2025-06-19 07:00:00,2025,6,19,7,Hà Nội,Xã Tây Phương,21.0403672,105.6115528,98,Moderate,1,29.0,87,0.0,9.3,164,1002.2,100,49.7,51.3,551.0,39.4,37.0,36.0
2025-06-19 08:00:00,2025,6,19,8,Hà Nội,Xã Tây Phương,21.0403672,105.6115528,96,Moderate,1,28.4,91,0.6,10.5,167,1003.4,100,48.1,50.2,526.0,33.8,75.0,38.0
2025-06-19 09:00:00,2025,6,19,9,Hà Nội,Xã Tây Phương,21.0403672,105.6115528,94,Moderate,1,28.9,89,0.0,9.1,162,1003.0,100,43.1,43.8,458.0,26.0,127.0,40.5
2025-06-19 10:00:00,2025,6,19,10,Hà Nội,Xã Tây Phương,21.0403672,105.6115528,94,Moderate,1,29.7,86,0.0,10.2,163,1003.1,100,37.4,37.6,386.0,18.9,164.0,39.9
2025-06-19 11:00:00,2025,6,19,11,Hà Nội,Xã Tây Phương,21.0403672,105.6115528,94,Moderate,1,32.0,79,0.0,10.5,153,1002.8,100,27.2,27.7,313.0,13.2,170.0,33.1
2025-06-19 12:00:00,2025,6,19,12,Hà Nội,Xã Tây Phương,21.0403672,105.6115528,94,Moderate,1,33.5,70,0.0,9.6,186,1002.0,100,22.1,22.7,235.0,8.3,160.0,23.1
2025-06-19 13:00:00,2025,6,19,13,Hà Nội,Xã Tây Phương,21.0403672,105.6115528,94,Moderate,1,34.2,57,0.1,10.8,195,1000.9,100,18.6,19.4,184.0,5.1,149.0,15.8
2025-06-19 14:00:00,2025,6,19,14,Hà Nội,Xã Tây Phương,21.0403672,105.6115528,94,Moderate,1,34.3,55,0.0,10.9,207,1000.1,100,16.2,17.1,173.0,3.7,141.0,13.0
2025-06-19 15:00:00,2025,6,19,15,Hà Nội,Xã Tây Phương,21.0403672,105.6115528,95,Moderate,1,34.2,57,0.0,10.8,201,999.2,100,15.1,16.1,189.0,4.0,132.0,12.7
2025-06-19 16:00:00,2025,6,19,16,Hà Nội,Xã Tây Phương,21.0403672,105.6115528,104,Unhealthy for Sensitive Groups,2,33.7,60,0.0,12.1,169,998.8,100,16.5,17.6,220.0,6.8,125.0,15.0
2025-06-19 17:00:00,2025,6,19,17,Hà Nội,Xã Tây Phương,21.0403672,105.6115528,115,Unhealthy for Sensitive Groups,2,32.3,73,0.0,14.7,143,998.8,100,23.1,24.0,276.0,14.2,124.0,21.6
2025-06-19 18:00:00,2025,6,19,18,Hà Nội,Xã Tây Phương,21.0403672,105.6115528,114,Unhealthy for Sensitive Groups,2,31.5,75,0.0,14.7,149,999.4,100,33.9,34.5,348.0,24.1,125.0,30.7
2025-06-19 19:00:00,2025,6,19,19,Hà Nội,Xã Tây Phương,21.0403672,105.6115528,106,Unhealthy for Sensitive Groups,2,30.7,77,0.0,17.7,145,1000.2,100,42.1,43.0,390.0,34.3,98.0,37.4
2025-06-19 20:00:00,2025,6,19,20,Hà Nội,Xã Tây Phương,21.0403672,105.6115528,95,Moderate,1,30.3,78,0.0,13.9,146,1001.5,100,43.9,44.5,378.0,35.3,92.0,39.7
2025-06-19 21:00:00,2025,6,19,21,Hà Nội,Xã Tây Phương,21.0403672,105.6115528,95,Moderate,1,29.6,81,0.0,15.1,145,1002.1,100,41.2,41.7,336.0,36.6,83.0,42.8
2025-06-19 22:00:00,2025,6,19,22,Hà Nội,Xã Tây Phương,21.0403672,105.6115528,95,Moderate,1,29.4,83,0.0,15.5,155,1002.7,100,40.6,41.6,301.0,37.7,74.0,44.2
2025-06-19 23:00:00,2025,6,19,23,Hà Nội,Xã Tây Phương,21.0403672,105.6115528,95,Moderate,1,29.4,83,0.0,17.1,160,1003.0,100,39.8,40.5,283.0,38.3,66.0,42.3
2025-06-20 00:00:00,2025,6,20,0,Hà Nội,Xã Tây Phương,21.0403672,105.6115528,96,Moderate,1,29.1,82,0.0,15.8,161,1002.3,100,38.2,39.5,271.0,38.7,58.0,38.6
2025-06-20 01:00:00,2025,6,20,1,Hà Nội,Xã Tây Phương,21.0403672,105.6115528,97,Moderate,1,28.8,84,0.0,14.1,155,1001.5,100,38.0,39.7,264.0,39.1,52.0,35.6
2025-06-20 02:00:00,2025,6,20,2,Hà Nội,Xã Tây Phương,21.0403672,105.6115528,98,Moderate,1,28.5,87,0.0,11.4,147,1001.5,100,37.8,39.7,259.0,39.5,47.0,33.8
2025-06-20 03:00:00,2025,6,20,3,Hà Nội,Xã Tây Phương,21.0403672,105.6115528,98,Moderate,1,27.6,92,0.0,13.0,104,1001.6,100,37.8,39.7,258.0,39.9,44.0,32.6
2025-06-20 04:00:00,2025,6,20,4,Hà Nội,Xã Tây Phương,21.0403672,105.6115528,98,Moderate,1,27.5,92,0.0,15.1,140,1001.3,100,39.9,41.9,274.0,40.6,41.0,32.9
2025-06-20 05:00:00,2025,6,20,5,Hà Nội,Xã Tây Phương,21.0403672,105.6115528,99,Moderate,1,27.2,93,0.0,13.2,148,1001.4,100,43.9,46.0,324.0,42.3,36.0,35.8
2025-06-20 06:00:00,2025,6,20,6,Hà Nội,Xã Tây Phương,21.0403672,105.6115528,99,Moderate,1,27.5,92,0.0,13.5,159,1001.7,100,47.6,49.6,389.0,44.2,31.0,40.1
2025-06-20 07:00:00,2025,6,20,7,Hà Nội,Xã Tây Phương,21.0403672,105.6115528,99,Moderate,1,28.5,88,0.0,12.5,157,1002.1,100,52.7,54.9,427.0,45.8,31.0,41.3
2025-06-20 08:00:00,2025,6,20,8,Hà Nội,Xã Tây Phương,21.0403672,105.6115528,99,Moderate,1,29.4,83,0.0,10.9,149,1002.7,100,51.1,53.8,412.0,46.9,41.0,46.4
2025-06-20 09:00:00,2025,6,20,9,Hà Nội,Xã Tây Phương,21.0403672,105.6115528,100,Moderate,1,30.9,80,0.0,8.6,147,1003.0,100,51.1,54.5,370.0,48.0,55.0,53.2
2025-06-20 10:00:00,2025,6,20,10,Hà Nội,Xã Tây Phương,21.0403672,105.6115528,100,Moderate,1,32.0,78,0.0,8.3,153,1002.9,100,48.8,52.0,331.0,45.9,72.0,55.9
2025-06-20 11:00:00,2025,6,20,11,Hà Nội,Xã Tây Phương,21.0403672,105.6115528,102,Unhealthy for Sensitive Groups,2,32.5,73,4.6,7.5,156,1002.7,100,48.0,50.4,304.0,37.5,94.0,50.7
2025-06-20 12:00:00,2025,6,20,12,Hà Nội,Xã Tây Phương,21.0403672,105.6115528,104,Unhealthy for Sensitive Groups,2,31.0,77,4.0,8.7,156,1002.5,100,38.9,43.1,280.0,26.0,120.0,41.5
2025-06-20 13:00:00,2025,6,20,13,Hà Nội,Xã Tây Phương,21.0403672,105.6115528,105,Unhealthy for Sensitive Groups,2,30.8,80,0.3,6.8,122,1001.7,100,34.0,38.8,262.0,17.2,139.0,34.1
2025-06-20 14:00:00,2025,6,20,14,Hà Nội,Xã Tây Phương,21.0403672,105.6115528,107,Unhealthy for Sensitive Groups,2,31.1,76,0.4,10.1,141,1000.9,100,31.2,35.9,234.0,13.1,149.0,30.3
2025-06-20 15:00:00,2025,6,20,15,Hà Nội,Xã Tây Phương,21.0403672,105.6115528,109,Unhealthy for Sensitive Groups,2,31.9,71,0.0,10.5,153,999.9,100,30.3,34.7,212.0,11.7,152.0,28.4
2025-06-20 16:00:00,2025,6,20,16,Hà Nội,Xã Tây Phương,21.0403672,105.6115528,110,Unhealthy for Sensitive Groups,2,32.1,70,0.0,10.2,154,999.6,100,31.0,35.0,246.0,13.9,150.0,29.3
2025-06-20 17:00:00,2025,6,20,17,Hà Nội,Xã Tây Phương,21.0403672,105.6115528,112,Unhealthy for Sensitive Groups,2,31.5,76,0.0,7.9,150,999.6,100,38.0,41.2,400.0,21.9,140.0,35.3
2025-06-20 18:00:00,2025,6,20,18,Hà Nội,Xã Tây Phương,21.0403672,105.6115528,113,Unhealthy for Sensitive Groups,2,30.9,79,0.0,5.5,134,1000.2,100,48.9,51.2,610.0,33.5,123.0,44.2
2025-06-20 19:00:00,2025,6,20,19,Hà Nội,Xã Tây Phương,21.0403672,105.6115528,115,Unhealthy for Sensitive Groups,2,30.1,80,0.0,9.0,121,1000.9,100,78.2,80.6,728.0,54.2,91.0,60.1
2025-06-20 20:00:00,2025,6,20,20,Hà Nội,Xã Tây Phương,21.0403672,105.6115528,119,Unhealthy for Sensitive Groups,2,28.1,85,0.0,10.6,138,1002.5,100,79.4,81.5,665.0,52.8,79.0,57.2
2025-06-20 21:00:00,2025,6,20,21,Hà Nội,Xã Tây Phương,21.0403672,105.6115528,122,Unhealthy for Sensitive Groups,2,28.0,86,0.0,9.3,134,1002.9,100,74.5,76.6,509.0,50.8,62.0,52.9
2025-06-20 22:00:00,2025,6,20,22,Hà Nội,Xã Tây Phương,21.0403672,105.6115528,126,Unhealthy for Sensitive Groups,2,27.5,89,1.2,7.3,106,1003.7,100,63.8,66.1,382.0,48.5,49.0,48.1
2025-06-20 23:00:00,2025,6,20,23,Hà Nội,Xã Tây Phương,21.0403672,105.6115528,128,Unhealthy for Sensitive Groups,2,26.5,94,6.3,4.6,45,1004.2,100,54.7,56.9,330.0,45.6,42.0,42.4
2025-06-21 00:00:00,2025,6,21,0,Hà Nội,Xã Tây Phương,21.0403672,105.6115528,130,Unhealthy for Sensitive Groups,2,25.6,97,12.3,8.3,57,1004.1,100,49.8,51.9,306.0,42.3,39.0,36.1
2025-06-21 01:00:00,2025,6,21,1,Hà Nội,Xã Tây Phương,21.0403672,105.6115528,131,Unhealthy for Sensitive Groups,2,25.5,98,0.3,7.3,67,1003.5,100,44.0,46.1,287.0,39.9,37.0,31.5
2025-06-21 02:00:00,2025,6,21,2,Hà Nội,Xã Tây Phương,21.0403672,105.6115528,132,Unhealthy for Sensitive Groups,2,25.4,99,0.3,8.7,66,1002.9,100,43.0,45.5,261.0,38.9,35.0,29.5
2025-06-21 03:00:00,2025,6,21,3,Hà Nội,Xã Tây Phương,21.0403672,105.6115528,132,Unhealthy for Sensitive Groups,2,25.4,99,0.3,7.2,103,1002.5,100,42.5,45.8,239.0,38.8,35.0,29.1
2025-06-21 04:00:00,2025,6,21,4,Hà Nội,Xã Tây Phương,21.0403672,105.6115528,133,Unhealthy for Sensitive Groups,2,25.5,98,0.3,6.8,88,1002.5,100,39.5,42.4,234.0,38.9,35.0,29.4
2025-06-21 05:00:00,2025,6,21,5,Hà Nội,Xã Tây Phương,21.0403672,105.6115528,133,Unhealthy for Sensitive Groups,2,25.2,99,0.5,12.0,111,1003.3,100,38.0,40.7,259.0,39.5,34.0,30.2
2025-06-21 06:00:00,2025,6,21,6,Hà Nội,Xã Tây Phương,21.0403672,105.6115528,132,Unhealthy for Sensitive Groups,2,25.4,98,0.4,7.9,133,1003.4,100,36.7,39.6,300.0,40.4,35.0,31.6
2025-06-21 07:00:00,2025,6,21,7,Hà Nội,Xã Tây Phương,21.0403672,105.6115528,131,Unhealthy for Sensitive Groups,2,26.0,93,0.2,9.2,130,1003.8,100,34.7,36.8,332.0,36.8,43.0,31.5
2025-06-21 08:00:00,2025,6,21,8,Hà Nội,Xã Tây Phương,21.0403672,105.6115528,129,Unhealthy for Sensitive Groups,2,27.0,95,0.3,8.5,132,1004.1,100,42.3,44.6,344.0,39.2,44.0,36.7
2025-06-21 09:00:00,2025,6,21,9,Hà Nội,Xã Tây Phương,21.0403672,105.6115528,128,Unhealthy for Sensitive Groups,2,27.5,95,0.8,6.3,127,1004.7,100,42.7,45.6,346.0,42.1,47.0,43.7
2025-06-21 10:00:00,2025,6,21,10,Hà Nội,Xã Tây Phương,21.0403672,105.6115528,127,Unhealthy for Sensitive Groups,2,28.0,91,0.4,9.8,148,1004.7,100,44.5,47.8,341.0,42.4,56.0,48.3
2025-06-21 11:00:00,2025,6,21,11,Hà Nội,Xã Tây Phương,21.0403672,105.6115528,127,Unhealthy for Sensitive Groups,2,29.4,82,0.1,8.2,154,1004.0,100,43.2,45.3,323.0,37.2,77.0,48.1
2025-06-21 12:00:00,2025,6,21,12,Hà Nội,Xã Tây Phương,21.0403672,105.6115528,126,Unhealthy for Sensitive Groups,2,30.6,77,0.0,7.7,141,1003.4,100,42.1,44.4,298.0,29.3,105.0,45.4
2025-06-21 13:00:00,2025,6,21,13,Hà Nội,Xã Tây Phương,21.0403672,105.6115528,127,Unhealthy for Sensitive Groups,2,31.2,77,0.2,6.8,125,1002.4,100,40.2,42.5,287.0,23.5,125.0,43.0
2025-06-21 14:00:00,2025,6,21,14,Hà Nội,Xã Tây Phương,21.0403672,105.6115528,127,Unhealthy for Sensitive Groups,2,31.3,79,0.3,8.4,165,1001.5,100,39.6,41.9,279.0,21.2,133.0,41.3
2025-06-21 15:00:00,2025,6,21,15,Hà Nội,Xã Tây Phương,21.0403672,105.6115528,128,Unhealthy for Sensitive Groups,2,28.5,86,9.3,7.6,158,1001.3,100,39.8,42.0,285.0,21.1,134.0,39.8
2025-06-21 16:00:00,2025,6,21,16,Hà Nội,Xã Tây Phương,21.0403672,105.6115528,129,Unhealthy for Sensitive Groups,2,28.0,88,0.0,1.7,108,1001.1,100,40.9,42.8,355.0,24.0,128.0,39.6
2025-06-21 17:00:00,2025,6,21,17,Hà Nội,Xã Tây Phương,21.0403672,105.6115528,130,Unhealthy for Sensitive Groups,2,27.9,90,0.0,3.0,57,1001.2,100,42.0,43.4,576.0,32.3,110.0,41.8
2025-06-21 18:00:00,2025,6,21,18,Hà Nội,Xã Tây Phương,21.0403672,105.6115528,131,Unhealthy for Sensitive Groups,2,27.8,92,0.0,3.0,25,1002.3,100,48.2,49.4,861.0,43.5,84.0,45.3
2025-06-21 19:00:00,2025,6,21,19,Hà Nội,Xã Tây Phương,21.0403672,105.6115528,130,Unhealthy for Sensitive Groups,2,27.2,95,0.0,4.3,95,1003.1,100,63.8,66.6,1001.0,45.7,79.0,49.9
2025-06-21 20:00:00,2025,6,21,20,Hà Nội,Xã Tây Phương,21.0403672,105.6115528,129,Unhealthy for Sensitive Groups,2,26.4,95,0.7,10.9,149,1004.3,100,67.3,69.8,855.0,46.3,69.0,49.5
2025-06-21 21:00:00,2025,6,21,21,Hà Nội,Xã Tây Phương,21.0403672,105.6115528,128,Unhealthy for Sensitive Groups,2,25.8,95,0.1,10.9,161,1005.2,100,67.8,70.3,564.0,47.2,55.0,48.8
2025-06-21 22:00:00,2025,6,21,22,Hà Nội,Xã Tây Phương,21.0403672,105.6115528,127,Unhealthy for Sensitive Groups,2,25.5,95,0.4,6.4,158,1005.9,100,66.8,69.6,341.0,47.7,44.0,47.9
2025-06-21 23:00:00,2025,6,21,23,Hà Nội,Xã Tây Phương,21.0403672,105.6115528,127,Unhealthy for Sensitive Groups,2,25.2,96,9.3,3.9,16,1005.6,100,64.7,67.5,279.0,47.5,39.0,46.6
2025-06-22 00:00:00,2025,6,22,0,Hà Nội,Xã Tây Phương,21.0403672,105.6115528,128,Unhealthy for Sensitive Groups,2,24.8,98,2.2,9.5,92,1005.6,100,58.8,61.0,285.0,46.9,36.0,45.0
2025-06-22 01:00:00,2025,6,22,1,Hà Nội,Xã Tây Phương,21.0403672,105.6115528,129,Unhealthy for Sensitive Groups,2,24.7,96,3.6,10.2,121,1005.0,100,56.5,58.8,287.0,46.3,34.0,43.9
2025-06-22 02:00:00,2025,6,22,2,Hà Nội,Xã Tây Phương,21.0403672,105.6115528,131,Unhealthy for Sensitive Groups,2,24.0,95,0.2,9.6,128,1004.2,100,55.9,58.0,254.0,46.1,31.0,43.6
2025-06-22 03:00:00,2025,6,22,3,Hà Nội,Xã Tây Phương,21.0403672,105.6115528,132,Unhealthy for Sensitive Groups,2,23.9,96,2.4,9.5,129,1004.3,100,51.8,53.4,219.0,46.0,29.0,43.7
2025-06-22 04:00:00,2025,6,22,4,Hà Nội,Xã Tây Phương,21.0403672,105.6115528,133,Unhealthy for Sensitive Groups,2,24.2,96,0.1,9.6,130,1004.6,100,48.1,49.1,205.0,45.0,29.0,43.7
2025-06-22 05:00:00,2025,6,22,5,Hà Nội,Xã Tây Phương,21.0403672,105.6115528,134,Unhealthy for Sensitive Groups,2,24.4,97,0.1,10.0,129,1004.9,100,44.7,45.3,233.0,42.8,30.0,43.4
2025-06-22 06:00:00,2025,6,22,6,Hà Nội,Xã Tây Phương,21.0403672,105.6115528,134,Unhealthy for Sensitive Groups,2,24.5,97,0.1,8.6,144,1005.2,100,40.7,41.2,283.0,39.7,34.0,42.9
2025-06-22 07:00:00,2025,6,22,7,Hà Nội,Xã Tây Phương,21.0403672,105.6115528,135,Unhealthy for Sensitive Groups,2,25.0,94,0.1,9.0,151,1005.5,100,15.0,15.2,321.0,25.2,53.0,25.6
2025-06-22 08:00:00,2025,6,22,8,Hà Nội,Xã Tây Phương,21.0403672,105.6115528,133,Unhealthy for Sensitive Groups,2,26.9,89,0.0,8.2,154,1005.5,100,15.3,15.4,331.0,26.2,57.0,29.0
2025-06-22 09:00:00,2025,6,22,9,Hà Nội,Xã Tây Phương,21.0403672,105.6115528,130,Unhealthy for Sensitive Groups,2,27.6,87,0.0,7.6,155,1005.8,96,19.0,19.2,328.0,27.3,65.0,33.5
2025-06-22 10:00:00,2025,6,22,10,Hà Nội,Xã Tây Phương,21.0403672,105.6115528,128,Unhealthy for Sensitive Groups,2,29.6,82,0.2,9.5,151,1005.7,100,22.6,22.9,325.0,26.2,82.0,35.3
2025-06-22 11:00:00,2025,6,22,11,Hà Nội,Xã Tây Phương,21.0403672,105.6115528,125,Unhealthy for Sensitive Groups,2,30.8,77,0.3,9.8,137,1004.9,100,23.3,23.7,324.0,20.5,116.0,31.6
2025-06-22 12:00:00,2025,6,22,12,Hà Nội,Xã Tây Phương,21.0403672,105.6115528,123,Unhealthy for Sensitive Groups,2,27.3,87,7.1,17.3,141,1005.3,100,28.9,29.6,322.0,12.6,158.0,25.3
2025-06-22 13:00:00,2025,6,22,13,Hà Nội,Xã Tây Phương,21.0403672,105.6115528,122,Unhealthy for Sensitive Groups,2,26.0,93,1.8,6.8,163,1003.7,100,33.1,33.9,320.0,7.0,193.0,21.2
2025-06-22 14:00:00,2025,6,22,14,Hà Nội,Xã Tây Phương,21.0403672,105.6115528,121,Unhealthy for Sensitive Groups,2,28.2,87,0.2,5.4,154,1002.7,100,36.7,37.6,310.0,5.2,218.0,21.5
2025-06-22 15:00:00,2025,6,22,15,Hà Nội,Xã Tây Phương,21.0403672,105.6115528,121,Unhealthy for Sensitive Groups,2,30.0,79,0.1,12.3,151,1002.3,100,41.6,42.5,299.0,5.9,235.0,23.9
2025-06-22 16:00:00,2025,6,22,16,Hà Nội,Xã Tây Phương,21.0403672,105.6115528,121,Unhealthy for Sensitive Groups,2,30.4,78,0.7,13.7,157,1001.6,75,43.7,44.6,314.0,9.1,233.0,26.9
2025-06-22 17:00:00,2025,6,22,17,Hà Nội,Xã Tây Phương,21.0403672,105.6115528,143,Unhealthy for Sensitive Groups,2,29.4,84,0.6,10.8,165,1001.7,99,42.4,43.0,383.0,16.9,199.0,30.4
2025-06-22 18:00:00,2025,6,22,18,Hà Nội,Xã Tây Phương,21.0403672,105.6115528,166,Unhealthy,3,29.0,86,0.0,8.6,147,1002.3,100,43.4,43.9,478.0,27.3,146.0,34.5
2025-06-22 19:00:00,2025,6,22,19,Hà Nội,Xã Tây Phương,21.0403672,105.6115528,176,Unhealthy,3,28.1,89,0.0,9.9,145,1003.3,100,52.7,53.2,538.0,30.1,115.0,32.8
2025-06-22 20:00:00,2025,6,22,20,Hà Nội,Xã Tây Phương,21.0403672,105.6115528,176,Unhealthy,3,27.7,90,0.0,11.4,145,1003.7,56,54.8,55.4,534.0,32.7,102.0,34.8
2025-06-22 21:00:00,2025,6,22,21,Hà Nội,Xã Tây Phương,21.0403672,105.6115528,167,Unhealthy,3,27.4,90,1.3,12.0,147,1004.8,100,57.0,57.5,494.0,36.3,84.0,37.6
2025-06-22 22:00:00,2025,6,22,22,Hà Nội,Xã Tây Phương,21.0403672,105.6115528,150,Unhealthy for Sensitive Groups,2,25.7,95,8.1,1.9,29,1006.2,100,61.7,62.4,447.0,39.1,69.0,39.2
2025-06-22 23:00:00,2025,6,22,23,Hà Nội,Xã Tây Phương,21.0403672,105.6115528,118,Unhealthy for Sensitive Groups,2,24.8,98,5.8,1.1,288,1006.4,100,55.9,56.3,393.0,39.9,60.0,38.4
2025-06-23 00:00:00,2025,6,23,0,Hà Nội,Xã Tây Phương,21.0403672,105.6115528,116,Unhealthy for Sensitive Groups,2,24.9,97,2.8,4.3,85,1006.1,100,56.0,56.6,330.0,39.8,53.0,36.5
2025-06-23 01:00:00,2025,6,23,1,Hà Nội,Xã Tây Phương,21.0403672,105.6115528,116,Unhealthy for Sensitive Groups,2,24.6,98,0.3,4.9,123,1005.2,100,55.3,55.9,283.0,40.4,46.0,35.4
2025-06-23 02:00:00,2025,6,23,2,Hà Nội,Xã Tây Phương,21.0403672,105.6115528,115,Unhealthy for Sensitive Groups,2,24.5,97,0.2,7.5,145,1004.8,100,54.0,54.7,261.0,42.8,38.0,35.7
2025-06-23 03:00:00,2025,6,23,3,Hà Nội,Xã Tây Phương,21.0403672,105.6115528,115,Unhealthy for Sensitive Groups,2,24.5,98,0.1,7.6,146,1003.9,100,52.5,53.9,255.0,46.0,30.0,36.8
2025-06-23 04:00:00,2025,6,23,4,Hà Nội,Xã Tây Phương,21.0403672,105.6115528,115,Unhealthy for Sensitive Groups,2,24.4,98,0.0,8.0,134,1003.8,100,53.7,55.2,260.0,48.1,26.0,39.3
2025-06-23 05:00:00,2025,6,23,5,Hà Nội,Xã Tây Phương,21.0403672,105.6115528,116,Unhealthy for Sensitive Groups,2,24.2,98,0.0,7.6,128,1003.8,100,56.1,57.5,283.0,48.9,25.0,44.5
2025-06-23 06:00:00,2025,6,23,6,Hà Nội,Xã Tây Phương,21.0403672,105.6115528,117,Unhealthy for Sensitive Groups,2,24.3,97,0.0,8.4,121,1004.2,100,57.4,59.0,318.0,48.6,26.0,51.1
2025-06-23 07:00:00,2025,6,23,7,Hà Nội,Xã Tây Phương,21.0403672,105.6115528,119,Unhealthy for Sensitive Groups,2,25.3,92,0.0,9.4,140,1004.5,100,55.8,58.4,340.0,48.4,36.0,56.0
2025-06-23 08:00:00,2025,6,23,8,Hà Nội,Xã Tây Phương,21.0403672,105.6115528,123,Unhealthy for Sensitive Groups,2,27.7,88,0.0,10.0,142,1004.7,100,52.2,53.4,337.0,42.5,53.0,51.9
2025-06-23 09:00:00,2025,6,23,9,Hà Nội,Xã Tây Phương,21.0403672,105.6115528,127,Unhealthy for Sensitive Groups,2,28.9,84,0.1,10.8,162,1004.8,100,51.9,52.6,320.0,34.1,78.0,46.1
2025-06-23 10:00:00,2025,6,23,10,Hà Nội,Xã Tây Phương,21.0403672,105.6115528,130,Unhealthy for Sensitive Groups,2,30.4,76,0.1,10.1,169,1004.9,99,45.8,46.4,303.0,26.2,107.0,40.6
2025-06-23 11:00:00,2025,6,23,11,Hà Nội,Xã Tây Phương,21.0403672,105.6115528,133,Unhealthy for Sensitive Groups,2,31.5,73,0.0,9.5,159,1004.3,98,43.1,43.7,286.0,19.1,143.0,35.6
2025-06-23 12:00:00,2025,6,23,12,Hà Nội,Xã Tây Phương,21.0403672,105.6115528,135,Unhealthy for Sensitive Groups,2,32.4,71,0.0,10.9,153,1003.4,100,46.9,47.6,267.0,12.4,184.0,31.0
2025-06-23 13:00:00,2025,6,23,13,Hà Nội,Xã Tây Phương,21.0403672,105.6115528,137,Unhealthy for Sensitive Groups,2,32.5,71,0.0,13.8,153,1001.8,99,50.4,51.0,256.0,8.0,214.0,27.6
2025-06-23 14:00:00,2025,6,23,14,Hà Nội,Xã Tây Phương,21.0403672,105.6115528,138,Unhealthy for Sensitive Groups,2,32.9,69,0.0,14.6,147,1000.3,31,55.4,56.0,250.0,6.0,230.0,25.8
2025-06-23 15:00:00,2025,6,23,15,Hà Nội,Xã Tây Phương,21.0403672,105.6115528,140,Unhealthy for Sensitive Groups,2,32.2,71,0.0,14.6,170,999.5,74,59.0,59.6,252.0,6.2,236.0,25.3
2025-06-23 16:00:00,2025,6,23,16,Hà Nội,Xã Tây Phương,21.0403672,105.6115528,142,Unhealthy for Sensitive Groups,2,30.6,78,1.6,10.8,143,999.6,77,59.8,60.5,274.0,9.7,228.0,26.6
2025-06-23 17:00:00,2025,6,23,17,Hà Nội,Xã Tây Phương,21.0403672,105.6115528,164,Unhealthy,3,30.1,80,0.7,8.1,137,999.8,83,54.0,54.4,339.0,18.7,197.0,30.5
2025-06-23 18:00:00,2025,6,23,18,Hà Nội,Xã Tây Phương,21.0403672,105.6115528,183,Unhealthy,3,29.8,84,0.2,7.9,150,1000.3,82,58.4,58.8,425.0,31.0,153.0,36.3
2025-06-23 19:00:00,2025,6,23,19,Hà Nội,Xã Tây Phương,21.0403672,105.6115528,190,Unhealthy,3,28.9,86,0.0,9.0,158,1001.3,100,63.6,63.8,482.0,35.2,111.0,32.7
2025-06-23 20:00:00,2025,6,23,20,Hà Nội,Xã Tây Phương,21.0403672,105.6115528,185,Unhealthy,3,29.2,80,0.0,9.9,148,1002.2,99,66.4,66.6,488.0,41.1,95.0,38.7
2025-06-23 21:00:00,2025,6,23,21,Hà Nội,Xã Tây Phương,21.0403672,105.6115528,171,Unhealthy,3,29.0,81,0.0,15.5,147,1002.6,100,78.9,79.2,465.0,49.3,73.0,46.9
2025-06-23 22:00:00,2025,6,23,22,Hà Nội,Xã Tây Phương,21.0403672,105.6115528,150,Unhealthy for Sensitive Groups,2,28.7,82,0.0,16.6,153,1003.6,100,87.3,87.5,434.0,55.1,54.0,51.9
2025-06-23 23:00:00,2025,6,23,23,Hà Nội,Xã Tây Phương,21.0403672,105.6115528,151,Unhealthy,3,28.4,85,0.0,19.2,158,1004.2,98,84.5,85.9,394.0,56.5,42.0,50.8
2025-06-24 00:00:00,2025,6,24,0,Hà Nội,Xã Tây Phương,21.0403672,105.6115528,151,Unhealthy,3,27.5,84,0.0,17.2,164,1004.0,100,78.2,79.4,346.0,55.5,32.0,46.4
2025-06-24 01:00:00,2025,6,24,1,Hà Nội,Xã Tây Phương,21.0403672,105.6115528,152,Unhealthy,3,26.4,90,0.3,17.2,146,1003.4,100,64.7,65.7,306.0,54.0,26.0,42.5
2025-06-24 02:00:00,2025,6,24,2,Hà Nội,Xã Tây Phương,21.0403672,105.6115528,152,Unhealthy,3,25.9,92,0.0,14.3,161,1002.9,100,52.3,53.3,277.0,52.4,22.0,39.8
2025-06-24 03:00:00,2025,6,24,3,Hà Nội,Xã Tây Phương,21.0403672,105.6115528,152,Unhealthy,3,25.7,93,0.0,10.6,148,1002.5,100,47.1,49.2,256.0,50.2,21.0,37.4
2025-06-24 04:00:00,2025,6,24,4,Hà Nội,Xã Tây Phương,21.0403672,105.6115528,152,Unhealthy,3,25.5,94,0.0,10.1,147,1002.8,98,46.9,49.5,260.0,47.8,22.0,36.7
2025-06-24 05:00:00,2025,6,24,5,Hà Nội,Xã Tây Phương,21.0403672,105.6115528,152,Unhealthy,3,25.3,96,0.0,7.9,153,1003.0,95,48.4,51.1,312.0,46.0,24.0,39.4
2025-06-24 06:00:00,2025,6,24,6,Hà Nội,Xã Tây Phương,21.0403672,105.6115528,152,Unhealthy,3,25.6,95,0.0,6.5,150,1003.4,100,49.0,51.5,387.0,44.0,29.0,43.7
2025-06-24 07:00:00,2025,6,24,7,Hà Nội,Xã Tây Phương,21.0403672,105.6115528,151,Unhealthy,3,26.8,92,0.0,5.2,151,1004.0,100,46.0,48.9,428.0,43.1,36.0,47.8
2025-06-24 08:00:00,2025,6,24,8,Hà Nội,Xã Tây Phương,21.0403672,105.6115528,151,Unhealthy,3,29.2,84,0.0,13.2,149,1004.0,100,42.0,44.7,399.0,37.3,54.0,43.4
2025-06-24 09:00:00,2025,6,24,9,Hà Nội,Xã Tây Phương,21.0403672,105.6115528,151,Unhealthy,3,30.0,82,0.1,11.5,157,1004.3,100,37.3,39.0,336.0,29.3,81.0,37.3
2025-06-24 10:00:00,2025,6,24,10,Hà Nội,Xã Tây Phương,21.0403672,105.6115528,151,Unhealthy,3,31.0,79,0.1,9.6,152,1004.6,100,37.0,38.0,287.0,22.3,107.0,32.2
2025-06-24 11:00:00,2025,6,24,11,Hà Nội,Xã Tây Phương,21.0403672,105.6115528,151,Unhealthy,3,32.2,74,0.1,9.7,141,1004.1,100,41.0,41.7,270.0,17.5,134.0,29.4
2025-06-24 12:00:00,2025,6,24,12,Hà Nội,Xã Tây Phương,21.0403672,105.6115528,150,Unhealthy for Sensitive Groups,2,32.8,72,0.4,12.0,143,1003.4,100,45.9,46.6,268.0,13.7,161.0,27.6
2025-06-24 13:00:00,2025,6,24,13,Hà Nội,Xã Tây Phương,21.0403672,105.6115528,150,Unhealthy for Sensitive Groups,2,32.8,72,0.1,13.2,143,1002.4,100,50.8,51.5,273.0,11.5,179.0,26.3
2025-06-24 14:00:00,2025,6,24,14,Hà Nội,Xã Tây Phương,21.0403672,105.6115528,150,Unhealthy for Sensitive Groups,2,30.2,81,2.8,11.6,134,1002.2,100,55.1,55.6,282.0,10.4,183.0,24.7
2025-06-24 15:00:00,2025,6,24,15,Hà Nội,Xã Tây Phương,21.0403672,105.6115528,150,Unhealthy for Sensitive Groups,2,30.2,79,0.1,9.0,170,1001.2,100,55.8,56.3,298.0,10.8,178.0,23.6
2025-06-24 16:00:00,2025,6,24,16,Hà Nội,Xã Tây Phương,21.0403672,105.6115528,150,Unhealthy for Sensitive Groups,2,31.2,76,0.0,8.2,172,1000.8,99,51.7,52.2,325.0,14.1,168.0,24.8
2025-06-24 17:00:00,2025,6,24,17,Hà Nội,Xã Tây Phương,21.0403672,105.6115528,150,Unhealthy for Sensitive Groups,2,30.8,77,1.4,12.7,148,1001.0,100,54.6,54.9,373.0,22.8,152.0,30.4
2025-06-24 18:00:00,2025,6,24,18,Hà Nội,Xã Tây Phương,21.0403672,105.6115528,150,Unhealthy for Sensitive Groups,2,28.5,89,1.8,10.9,146,1002.0,99,57.3,57.7,433.0,34.4,132.0,38.2
2025-06-24 19:00:00,2025,6,24,19,Hà Nội,Xã Tây Phương,21.0403672,105.6115528,150,Unhealthy for Sensitive Groups,2,28.0,89,0.0,10.0,142,1003.0,100,62.4,62.9,477.0,39.0,90.0,32.9
2025-06-24 20:00:00,2025,6,24,20,Hà Nội,Xã Tây Phương,21.0403672,105.6115528,150,Unhealthy for Sensitive Groups,2,27.7,89,0.3,6.9,99,1004.3,99,62.6,63.6,494.0,38.4,82.0,34.0
2025-06-24 21:00:00,2025,6,24,21,Hà Nội,Xã Tây Phương,21.0403672,105.6115528,150,Unhealthy for Sensitive Groups,2,27.0,89,1.4,4.6,149,1005.4,99,57.9,58.3,496.0,37.8,70.0,35.7
2025-06-24 22:00:00,2025,6,24,22,Hà Nội,Xã Tây Phương,21.0403672,105.6115528,148,Unhealthy for Sensitive Groups,2,26.9,90,0.0,5.7,131,1005.9,98,58.8,59.3,490.0,38.3,59.0,37.8
2025-06-24 23:00:00,2025,6,24,23,Hà Nội,Xã Tây Phương,21.0403672,105.6115528,145,Unhealthy for Sensitive Groups,2,26.9,91,0.0,7.9,145,1006.3,100,58.8,59.3,481.0,41.0,51.0,40.5
2025-06-25 00:00:00,2025,6,25,0,Hà Nội,Xã Tây Phương,21.0403672,105.6115528,143,Unhealthy for Sensitive Groups,2,26.8,93,0.0,7.8,148,1006.0,99,63.6,64.0,465.0,44.7,44.0,43.6
2025-06-25 01:00:00,2025,6,25,1,Hà Nội,Xã Tây Phương,21.0403672,105.6115528,141,Unhealthy for Sensitive Groups,2,26.6,95,0.0,7.3,120,1005.5,99,69.4,70.3,436.0,47.7,38.0,46.5
2025-06-25 02:00:00,2025,6,25,2,Hà Nội,Xã Tây Phương,21.0403672,105.6115528,142,Unhealthy for Sensitive Groups,2,26.5,97,0.0,10.0,124,1004.9,100,70.8,72.4,381.0,49.2,33.0,48.6
2025-06-25 03:00:00,2025,6,25,3,Hà Nội,Xã Tây Phương,21.0403672,105.6115528,144,Unhealthy for Sensitive Groups,2,26.1,97,0.0,13.7,123,1005.1,100,69.6,71.5,314.0,49.8,29.0,50.4
2025-06-25 04:00:00,2025,6,25,4,Hà Nội,Xã Tây Phương,21.0403672,105.6115528,146,Unhealthy for Sensitive Groups,2,25.8,96,0.0,13.0,135,1004.8,100,68.7,70.5,267.0,49.8,28.0,53.0
2025-06-25 05:00:00,2025,6,25,5,Hà Nội,Xã Tây Phương,21.0403672,105.6115528,148,Unhealthy for Sensitive Groups,2,25.5,96,0.0,11.2,136,1005.4,100,64.7,66.6,261.0,49.8,29.0,58.4
2025-06-25 06:00:00,2025,6,25,6,Hà Nội,Xã Tây Phương,21.0403672,105.6115528,150,Unhealthy for Sensitive Groups,2,25.5,94,0.0,11.2,136,1006.2,100,62.9,64.7,276.0,49.1,33.0,64.5
2025-06-25 07:00:00,2025,6,25,7,Hà Nội,Xã Tây Phương,21.0403672,105.6115528,150,Unhealthy for Sensitive Groups,2,26.1,91,0.0,12.3,128,1006.6,100,46.3,48.1,287.0,40.4,41.0,49.1
2025-06-25 08:00:00,2025,6,25,8,Hà Nội,Xã Tây Phương,21.0403672,105.6115528,150,Unhealthy for Sensitive Groups,2,28.1,87,0.1,10.5,149,1006.7,100,44.6,46.6,285.0,35.2,57.0,45.1
2025-06-25 09:00:00,2025,6,25,9,Hà Nội,Xã Tây Phương,21.0403672,105.6115528,150,Unhealthy for Sensitive Groups,2,29.0,82,0.1,8.4,161,1007.2,100,35.9,37.0,279.0,27.9,79.0,39.5
2025-06-25 10:00:00,2025,6,25,10,Hà Nội,Xã Tây Phương,21.0403672,105.6115528,150,Unhealthy for Sensitive Groups,2,29.9,80,0.1,8.1,137,1007.1,100,37.4,38.5,273.0,21.6,103.0,34.6
2025-06-25 11:00:00,2025,6,25,11,Hà Nội,Xã Tây Phương,21.0403672,105.6115528,150,Unhealthy for Sensitive Groups,2,30.2,78,0.1,9.5,141,1006.6,100,44.0,45.2,265.0,17.4,128.0,31.0
2025-06-25 12:00:00,2025,6,25,12,Hà Nội,Xã Tây Phương,21.0403672,105.6115528,150,Unhealthy for Sensitive Groups,2,31.1,74,0.0,8.3,146,1005.8,82,50.1,51.1,257.0,14.3,153.0,28.1
2025-06-25 13:00:00,2025,6,25,13,Hà Nội,Xã Tây Phương,21.0403672,105.6115528,150,Unhealthy for Sensitive Groups,2,32.2,70,0.0,6.4,133,1004.5,57,56.5,57.5,257.0,12.2,174.0,25.8
2025-06-25 14:00:00,2025,6,25,14,Hà Nội,Xã Tây Phương,21.0403672,105.6115528,151,Unhealthy,3,32.5,70,0.0,5.1,135,1003.3,40,63.1,64.0,266.0,10.6,191.0,23.9
2025-06-25 15:00:00,2025,6,25,15,Hà Nội,Xã Tây Phương,21.0403672,105.6115528,151,Unhealthy,3,30.9,74,0.9,13.2,143,1002.8,99,68.2,69.4,282.0,10.1,203.0,22.6
2025-06-25 16:00:00,2025,6,25,16,Hà Nội,Xã Tây Phương,21.0403672,105.6115528,151,Unhealthy,3,28.9,84,0.6,9.3,162,1002.4,37,68.0,68.9,312.0,12.2,202.0,22.8
2025-06-25 17:00:00,2025,6,25,17,Hà Nội,Xã Tây Phương,21.0403672,105.6115528,151,Unhealthy,3,29.6,82,0.0,10.5,149,1002.4,21,71.5,72.4,370.0,18.6,180.0,24.9
2025-06-25 18:00:00,2025,6,25,18,Hà Nội,Xã Tây Phương,21.0403672,105.6115528,152,Unhealthy,3,29.5,81,0.0,8.5,148,1002.8,16,71.5,72.4,441.0,27.7,144.0,28.4
2025-06-25 19:00:00,2025,6,25,19,Hà Nội,Xã Tây Phương,21.0403672,105.6115528,157,Unhealthy,3,28.9,82,0.0,11.3,146,1003.9,20,61.9,62.4,487.0,31.2,106.0,27.6
2025-06-25 20:00:00,2025,6,25,20,Hà Nội,Xã Tây Phương,21.0403672,105.6115528,153,Unhealthy,3,29.1,79,0.0,11.9,149,1005.1,7,68.2,68.7,483.0,36.0,93.0,34.5
2025-06-25 21:00:00,2025,6,25,21,Hà Nội,Xã Tây Phương,21.0403672,105.6115528,152,Unhealthy,3,28.6,81,0.0,12.9,150,1005.9,3,76.1,76.8,453.0,42.8,74.0,43.9
2025-06-25 22:00:00,2025,6,25,22,Hà Nội,Xã Tây Phương,21.0403672,105.6115528,153,Unhealthy,3,28.2,84,0.0,12.2,155,1006.6,7,82.4,82.9,435.0,48.6,57.0,50.4
2025-06-25 23:00:00,2025,6,25,23,Hà Nội,Xã Tây Phương,21.0403672,105.6115528,153,Unhealthy,3,27.8,87,0.0,10.9,151,1006.3,5,83.1,83.8,446.0,52.0,43.0,50.7
2025-06-26 00:00:00,2025,6,26,0,Hà Nội,Xã Tây Phương,21.0403672,105.6115528,154,Unhealthy,3,27.3,90,0.0,8.5,162,1006.5,6,77.1,78.7,469.0,54.5,30.0,48.2
2025-06-26 01:00:00,2025,6,26,1,Hà Nội,Xã Tây Phương,21.0403672,105.6115528,154,Unhealthy,3,26.6,93,0.0,5.1,170,1005.7,8,73.6,75.2,482.0,57.1,20.0,47.3
2025-06-26 02:00:00,2025,6,26,2,Hà Nội,Xã Tây Phương,21.0403672,105.6115528,154,Unhealthy,3,26.1,96,0.0,5.8,160,1004.8,2,73.8,75.4,477.0,61.4,12.0,50.5
2025-06-26 03:00:00,2025,6,26,3,Hà Nội,Xã Tây Phương,21.0403672,105.6115528,154,Unhealthy,3,25.8,96,0.0,7.3,150,1004.5,4,75.2,77.1,462.0,65.9,6.0,55.4
2025-06-26 04:00:00,2025,6,26,4,Hà Nội,Xã Tây Phương,21.0403672,105.6115528,154,Unhealthy,3,25.5,96,0.0,4.6,149,1004.5,1,78.9,80.6,448.0,66.8,5.0,59.1
2025-06-26 05:00:00,2025,6,26,5,Hà Nội,Xã Tây Phương,21.0403672,105.6115528,154,Unhealthy,3,25.0,97,0.0,3.4,137,1004.8,90,78.5,80.3,439.0,61.9,8.0,61.0
2025-06-26 06:00:00,2025,6,26,6,Hà Nội,Xã Tây Phương,21.0403672,105.6115528,155,Unhealthy,3,25.5,94,0.0,5.2,115,1004.9,90,77.1,80.3,431.0,53.6,16.0,61.7
2025-06-26 07:00:00,2025,6,26,7,Hà Nội,Xã Tây Phương,21.0403672,105.6115528,155,Unhealthy,3,26.9,89,0.0,2.3,141,1005.4,87,60.5,63.8,417.0,47.3,27.0,56.9
2025-06-26 08:00:00,2025,6,26,8,Hà Nội,Xã Tây Phương,21.0403672,105.6115528,155,Unhealthy,3,29.1,83,0.0,3.6,153,1005.4,96,48.3,51.7,389.0,41.0,44.0,55.1
2025-06-26 09:00:00,2025,6,26,9,Hà Nội,Xã Tây Phương,21.0403672,105.6115528,155,Unhealthy,3,30.2,79,0.2,3.4,164,1006.1,24,36.6,40.2,356.0,32.1,69.0,52.4
2025-06-26 10:00:00,2025,6,26,10,Hà Nội,Xã Tây Phương,21.0403672,105.6115528,155,Unhealthy,3,31.0,77,0.1,1.5,144,1005.9,10,29.9,31.0,332.0,23.9,99.0,49.4
2025-06-26 11:00:00,2025,6,26,11,Hà Nội,Xã Tây Phương,21.0403672,105.6115528,155,Unhealthy,3,31.8,76,0.2,0.7,194,1005.0,46,32.1,32.7,325.0,17.2,140.0,46.0
2025-06-26 12:00:00,2025,6,26,12,Hà Nội,Xã Tây Phương,21.0403672,105.6115528,155,Unhealthy,3,32.2,75,0.2,0.6,108,1004.1,100,38.0,38.5,329.0,11.3,187.0,42.3
2025-06-26 13:00:00,2025,6,26,13,Hà Nội,Xã Tây Phương,21.0403672,105.6115528,155,Unhealthy,3,32.0,75,2.5,1.7,41,1002.9,100,43.4,43.9,338.0,7.3,222.0,39.0
2025-06-26 14:00:00,2025,6,26,14,Hà Nội,Xã Tây Phương,21.0403672,105.6115528,154,Unhealthy,3,29.6,82,4.6,6.9,229,1002.2,97,47.6,48.1,341.0,5.4,242.0,35.8
2025-06-26 15:00:00,2025,6,26,15,Hà Nội,Xã Tây Phương,21.0403672,105.6115528,154,Unhealthy,3,29.3,86,0.3,3.4,357,1001.5,98,48.3,48.8,350.0,5.5,250.0,33.1
2025-06-26 16:00:00,2025,6,26,16,Hà Nội,Xã Tây Phương,21.0403672,105.6115528,154,Unhealthy,3,29.0,82,0.0,7.7,121,1001.1,94,48.8,49.1,393.0,7.8,244.0,32.2
2025-06-26 17:00:00,2025,6,26,17,Hà Nội,Xã Tây Phương,21.0403672,105.6115528,169,Unhealthy,3,28.5,82,0.1,9.6,177,1001.4,96,48.4,48.8,509.0,13.5,216.0,34.2
2025-06-26 18:00:00,2025,6,26,18,Hà Nội,Xã Tây Phương,21.0403672,105.6115528,193,Unhealthy,3,28.2,82,0.0,6.9,217,1002.1,100,54.1,54.2,659.0,21.6,174.0,38.2
2025-06-26 19:00:00,2025,6,26,19,Hà Nội,Xã Tây Phương,21.0403672,105.6115528,202,Very Unhealthy,4,27.6,86,0.0,3.4,183,1003.0,100,53.1,53.2,753.0,26.2,127.0,37.5
2025-06-26 20:00:00,2025,6,26,20,Hà Nội,Xã Tây Phương,21.0403672,105.6115528,201,Very Unhealthy,4,28.5,88,2.4,6.6,164,1003.4,80,56.8,56.9,746.0,28.8,115.0,42.7
2025-06-26 21:00:00,2025,6,26,21,Hà Nội,Xã Tây Phương,21.0403672,105.6115528,191,Unhealthy,3,28.1,90,0.0,6.8,163,1004.0,100,60.8,61.0,683.0,32.6,99.0,49.9
2025-06-26 22:00:00,2025,6,26,22,Hà Nội,Xã Tây Phương,21.0403672,105.6115528,171,Unhealthy,3,27.7,91,0.0,6.5,150,1004.4,99,64.5,64.5,612.0,36.8,82.0,54.9
2025-06-26 23:00:00,2025,6,26,23,Hà Nội,Xã Tây Phương,21.0403672,105.6115528,151,Unhealthy,3,27.4,90,0.0,8.4,169,1004.1,100,73.1,73.3,537.0,41.9,66.0,55.8
2025-06-27 00:00:00,2025,6,27,0,Hà Nội,Xã Tây Phương,21.0403672,105.6115528,151,Unhealthy,3,27.0,90,0.0,6.5,96,1003.8,100,74.7,75.0,455.0,47.4,50.0,54.5
2025-06-27 01:00:00,2025,6,27,1,Hà Nội,Xã Tây Phương,21.0403672,105.6115528,151,Unhealthy,3,25.9,93,0.1,11.4,87,1003.2,100,76.1,76.4,402.0,50.9,39.0,53.4
2025-06-27 02:00:00,2025,6,27,2,Hà Nội,Xã Tây Phương,21.0403672,105.6115528,151,Unhealthy,3,25.9,95,0.3,9.0,100,1002.6,100,69.2,69.6,399.0,51.1,34.0,52.9
2025-06-27 03:00:00,2025,6,27,3,Hà Nội,Xã Tây Phương,21.0403672,105.6115528,151,Unhealthy,3,25.9,96,0.3,6.4,101,1002.2,100,66.1,66.8,426.0,49.3,34.0,52.6
2025-06-27 04:00:00,2025,6,27,4,Hà Nội,Xã Tây Phương,21.0403672,105.6115528,151,Unhealthy,3,25.9,97,0.1,6.1,76,1002.2,100,61.5,62.4,455.0,47.3,35.0,53.0
2025-06-27 05:00:00,2025,6,27,5,Hà Nội,Xã Tây Phương,21.0403672,105.6115528,150,Unhealthy for Sensitive Groups,2,25.6,98,0.0,9.0,55,1002.6,100,58.8,59.8,486.0,46.1,34.0,55.2
2025-06-27 06:00:00,2025,6,27,6,Hà Nội,Xã Tây Phương,21.0403672,105.6115528,150,Unhealthy for Sensitive Groups,2,24.5,98,0.1,13.6,72,1003.2,100,56.2,57.6,520.0,44.8,33.0,58.2
2025-06-27 07:00:00,2025,6,27,7,Hà Nội,Xã Tây Phương,21.0403672,105.6115528,147,Unhealthy for Sensitive Groups,2,24.5,98,0.4,7.1,63,1003.5,100,38.4,38.8,532.0,36.2,44.0,45.0
2025-06-27 08:00:00,2025,6,27,8,Hà Nội,Xã Tây Phương,21.0403672,105.6115528,145,Unhealthy for Sensitive Groups,2,27.2,87,0.9,8.7,140,1003.9,100,31.3,31.5,504.0,36.3,48.0,46.6
2025-06-27 09:00:00,2025,6,27,9,Hà Nội,Xã Tây Phương,21.0403672,105.6115528,143,Unhealthy for Sensitive Groups,2,27.4,88,0.3,9.0,137,1004.2,100,31.9,32.1,452.0,36.2,54.0,48.6
2025-06-27 10:00:00,2025,6,27,10,Hà Nội,Xã Tây Phương,21.0403672,105.6115528,143,Unhealthy for Sensitive Groups,2,27.1,90,1.4,10.9,135,1004.1,100,35.0,35.3,406.0,34.1,70.0,48.9
2025-06-27 11:00:00,2025,6,27,11,Hà Nội,Xã Tây Phương,21.0403672,105.6115528,143,Unhealthy for Sensitive Groups,2,27.9,85,0.8,9.8,140,1003.7,100,42.0,42.3,370.0,28.1,103.0,45.9
2025-06-27 12:00:00,2025,6,27,12,Hà Nội,Xã Tây Phương,21.0403672,105.6115528,144,Unhealthy for Sensitive Groups,2,28.8,82,0.6,9.9,145,1003.1,100,35.5,35.6,338.0,20.1,146.0,41.1
2025-06-27 13:00:00,2025,6,27,13,Hà Nội,Xã Tây Phương,21.0403672,105.6115528,144,Unhealthy for Sensitive Groups,2,30.1,78,0.4,9.9,145,1002.2,100,34.0,34.0,321.0,14.3,183.0,37.3
2025-06-27 14:00:00,2025,6,27,14,Hà Nội,Xã Tây Phương,21.0403672,105.6115528,143,Unhealthy for Sensitive Groups,2,30.2,78,0.4,10.7,149,1001.3,100,36.8,36.8,315.0,11.9,213.0,35.5
2025-06-27 15:00:00,2025,6,27,15,Hà Nội,Xã Tây Phương,21.0403672,105.6115528,142,Unhealthy for Sensitive Groups,2,29.9,81,0.6,6.5,136,1000.5,100,39.8,39.9,324.0,11.6,237.0,34.8
2025-06-27 16:00:00,2025,6,27,16,Hà Nội,Xã Tây Phương,21.0403672,105.6115528,141,Unhealthy for Sensitive Groups,2,27.1,86,8.4,18.1,155,1001.2,100,42.8,42.8,364.0,13.8,241.0,34.4
2025-06-27 17:00:00,2025,6,27,17,Hà Nội,Xã Tây Phương,21.0403672,105.6115528,141,Unhealthy for Sensitive Groups,2,25.9,95,0.6,6.9,139,1000.9,100,46.8,46.9,467.0,19.8,209.0,34.2
2025-06-27 18:00:00,2025,6,27,18,Hà Nội,Xã Tây Phương,21.0403672,105.6115528,161,Unhealthy,3,25.9,95,0.6,6.4,128,1001.4,100,49.0,49.1,603.0,28.2,157.0,34.4
2025-06-27 19:00:00,2025,6,27,19,Hà Nội,Xã Tây Phương,21.0403672,105.6115528,175,Unhealthy,3,25.6,95,0.1,6.1,118,1002.1,100,70.1,70.1,694.0,35.8,153.0,43.4
2025-06-27 20:00:00,2025,6,27,20,Hà Nội,Xã Tây Phương,21.0403672,105.6115528,183,Unhealthy,3,26.4,94,0.1,4.5,124,1002.9,100,67.8,68.0,702.0,35.8,128.0,40.6
2025-06-27 21:00:00,2025,6,27,21,Hà Nội,Xã Tây Phương,21.0403672,105.6115528,180,Unhealthy,3,26.3,95,0.0,5.2,112,1003.5,100,61.0,61.2,667.0,35.6,92.0,36.6
2025-06-27 22:00:00,2025,6,27,22,Hà Nội,Xã Tây Phương,21.0403672,105.6115528,165,Unhealthy,3,26.4,95,0.0,4.8,121,1004.1,100,55.8,56.1,628.0,34.7,66.0,33.3
2025-06-27 23:00:00,2025,6,27,23,Hà Nội,Xã Tây Phương,21.0403672,105.6115528,142,Unhealthy for Sensitive Groups,2,26.0,97,0.0,9.7,66,1004.6,100,52.9,53.3,604.0,32.0,58.0,30.8
2025-06-28 00:00:00,2025,6,28,0,Hà Nội,Xã Tây Phương,21.0403672,105.6115528,140,Unhealthy for Sensitive Groups,2,25.2,98,0.0,8.5,77,1004.1,100,38.2,38.4,576.0,28.5,58.0,29.0
2025-06-28 01:00:00,2025,6,28,1,Hà Nội,Xã Tây Phương,21.0403672,105.6115528,136,Unhealthy for Sensitive Groups,2,24.8,99,1.4,9.4,113,1004.1,100,24.3,24.4,532.0,26.6,58.0,28.5
2025-06-28 02:00:00,2025,6,28,2,Hà Nội,Xã Tây Phương,21.0403672,105.6115528,131,Unhealthy for Sensitive Groups,2,24.5,98,0.4,11.5,94,1003.7,100,21.3,21.4,447.0,27.8,53.0,30.1
2025-06-28 03:00:00,2025,6,28,3,Hà Nội,Xã Tây Phương,21.0403672,105.6115528,126,Unhealthy for Sensitive Groups,2,24.3,98,0.6,7.6,87,1003.5,100,22.6,22.6,345.0,30.6,47.0,33.0
2025-06-28 04:00:00,2025,6,28,4,Hà Nội,Xã Tây Phương,21.0403672,105.6115528,121,Unhealthy for Sensitive Groups,2,24.2,98,0.1,6.0,65,1003.5,100,27.3,27.4,288.0,33.1,43.0,36.3
2025-06-28 05:00:00,2025,6,28,5,Hà Nội,Xã Tây Phương,21.0403672,105.6115528,117,Unhealthy for Sensitive Groups,2,24.2,98,0.1,5.7,58,1003.4,100,30.9,30.9,317.0,35.0,39.0,40.3
2025-06-28 06:00:00,2025,6,28,6,Hà Nội,Xã Tây Phương,21.0403672,105.6115528,115,Unhealthy for Sensitive Groups,2,24.5,96,0.1,7.6,83,1003.4,100,33.5,33.8,391.0,36.5,35.0,44.7
2025-06-28 07:00:00,2025,6,28,7,Hà Nội,Xã Tây Phương,21.0403672,105.6115528,112,Unhealthy for Sensitive Groups,2,25.1,93,0.1,6.8,112,1003.8,100,42.1,43.1,449.0,43.3,31.0,43.8
2025-06-28 08:00:00,2025,6,28,8,Hà Nội,Xã Tây Phương,21.0403672,105.6115528,113,Unhealthy for Sensitive Groups,2,26.5,92,0.2,7.4,93,1004.0,100,43.4,44.5,471.0,39.0,45.0,41.5
2025-06-28 09:00:00,2025,6,28,9,Hà Nội,Xã Tây Phương,21.0403672,105.6115528,114,Unhealthy for Sensitive Groups,2,27.1,92,0.3,6.2,100,1003.9,100,40.3,41.2,477.0,32.8,66.0,38.3
2025-06-28 10:00:00,2025,6,28,10,Hà Nội,Xã Tây Phương,21.0403672,105.6115528,115,Unhealthy for Sensitive Groups,2,27.8,88,0.2,7.5,117,1003.5,100,40.4,41.4,465.0,27.0,90.0,35.3
2025-06-28 11:00:00,2025,6,28,11,Hà Nội,Xã Tây Phương,21.0403672,105.6115528,115,Unhealthy for Sensitive Groups,2,28.5,84,0.1,7.6,135,1003.2,100,43.7,44.6,422.0,21.7,122.0,32.9
2025-06-28 12:00:00,2025,6,28,12,Hà Nội,Xã Tây Phương,21.0403672,105.6115528,115,Unhealthy for Sensitive Groups,2,29.2,81,0.1,7.4,131,1002.2,100,50.3,51.2,362.0,16.7,157.0,30.7
2025-06-28 13:00:00,2025,6,28,13,Hà Nội,Xã Tây Phương,21.0403672,105.6115528,117,Unhealthy for Sensitive Groups,2,30.0,78,0.0,7.0,119,1001.2,100,58.4,59.4,323.0,13.7,182.0,29.4
2025-06-28 14:00:00,2025,6,28,14,Hà Nội,Xã Tây Phương,21.0403672,105.6115528,120,Unhealthy for Sensitive Groups,2,30.6,76,0.1,7.1,131,1000.1,100,61.9,62.9,311.0,12.9,191.0,28.7
2025-06-28 15:00:00,2025,6,28,15,Hà Nội,Xã Tây Phương,21.0403672,105.6115528,122,Unhealthy for Sensitive Groups,2,30.2,77,1.9,10.6,114,999.7,100,65.7,66.6,319.0,14.0,190.0,28.9
2025-06-28 16:00:00,2025,6,28,16,Hà Nội,Xã Tây Phương,21.0403672,105.6115528,125,Unhealthy for Sensitive Groups,2,28.5,85,0.6,7.4,97,999.2,100,69.8,70.5,367.0,18.0,180.0,31.1
2025-06-28 17:00:00,2025,6,28,17,Hà Nội,Xã Tây Phương,21.0403672,105.6115528,128,Unhealthy for Sensitive Groups,2,27.5,87,2.9,6.2,126,999.8,100,73.8,74.3,483.0,27.2,157.0,37.1
2025-06-28 18:00:00,2025,6,28,18,Hà Nội,Xã Tây Phương,21.0403672,105.6115528,136,Unhealthy for Sensitive Groups,2,27.3,90,0.6,5.1,107,999.5,100,77.8,78.2,638.0,39.3,126.0,45.0
2025-06-28 19:00:00,2025,6,28,19,Hà Nội,Xã Tây Phương,21.0403672,105.6115528,144,Unhealthy for Sensitive Groups,2,27.0,94,0.2,3.8,115,1000.0,100,100.6,101.0,762.0,53.3,96.0,51.0
2025-06-28 20:00:00,2025,6,28,20,Hà Nội,Xã Tây Phương,21.0403672,105.6115528,139,Unhealthy for Sensitive Groups,2,27.1,91,0.0,8.3,147,1000.9,99,100.6,101.3,834.0,56.5,80.0,53.4
2025-06-28 21:00:00,2025,6,28,21,Hà Nội,Xã Tây Phương,21.0403672,105.6115528,140,Unhealthy for Sensitive Groups,2,26.6,94,0.1,6.6,145,1001.2,99,102.9,103.6,874.0,60.8,58.0,56.6
2025-06-28 22:00:00,2025,6,28,22,Hà Nội,Xã Tây Phương,21.0403672,105.6115528,144,Unhealthy for Sensitive Groups,2,26.4,95,0.2,5.1,135,1001.9,100,107.8,108.3,876.0,64.1,40.0,58.1
2025-06-28 23:00:00,2025,6,28,23,Hà Nội,Xã Tây Phương,21.0403672,105.6115528,150,Unhealthy for Sensitive Groups,2,26.1,95,0.6,7.7,99,1001.9,100,109.0,109.7,821.0,65.5,30.0,56.5
2025-06-29 00:00:00,2025,6,29,0,Hà Nội,Xã Tây Phương,21.0403672,105.6115528,151,Unhealthy,3,25.4,95,0.0,10.4,129,1001.2,100,105.9,106.4,727.0,65.8,25.0,53.2
2025-06-29 01:00:00,2025,6,29,1,Hà Nội,Xã Tây Phương,21.0403672,105.6115528,153,Unhealthy,3,25.2,96,0.0,6.4,119,1001.1,100,99.2,99.9,643.0,64.9,21.0,49.8
2025-06-29 02:00:00,2025,6,29,2,Hà Nội,Xã Tây Phương,21.0403672,105.6115528,154,Unhealthy,3,25.0,98,2.3,5.3,52,1000.6,100,91.5,92.2,585.0,62.3,18.0,45.9
2025-06-29 03:00:00,2025,6,29,3,Hà Nội,Xã Tây Phương,21.0403672,105.6115528,156,Unhealthy,3,24.2,99,6.0,9.4,64,1000.4,100,84.5,85.4,536.0,58.6,18.0,41.9
2025-06-29 04:00:00,2025,6,29,4,Hà Nội,Xã Tây Phương,21.0403672,105.6115528,157,Unhealthy,3,24.4,99,0.3,7.6,83,1000.5,100,77.3,78.2,493.0,55.0,19.0,40.0
2025-06-29 05:00:00,2025,6,29,5,Hà Nội,Xã Tây Phương,21.0403672,105.6115528,158,Unhealthy,3,24.4,99,0.3,5.4,40,1000.7,100,72.2,72.6,454.0,52.5,21.0,42.0
2025-06-29 06:00:00,2025,6,29,6,Hà Nội,Xã Tây Phương,21.0403672,105.6115528,159,Unhealthy,3,24.3,99,1.2,4.6,39,1001.1,100,67.3,67.8,421.0,50.2,24.0,46.1
2025-06-29 07:00:00,2025,6,29,7,Hà Nội,Xã Tây Phương,21.0403672,105.6115528,160,Unhealthy,3,24.5,97,0.2,5.4,75,1001.2,100,33.9,34.6,398.0,36.1,46.0,37.0
2025-06-29 08:00:00,2025,6,29,8,Hà Nội,Xã Tây Phương,21.0403672,105.6115528,160,Unhealthy,3,26.6,91,0.3,6.6,73,1001.8,100,34.9,35.0,391.0,32.5,62.0,38.7
2025-06-29 09:00:00,2025,6,29,9,Hà Nội,Xã Tây Phương,21.0403672,105.6115528,160,Unhealthy,3,26.8,90,1.1,7.4,131,1001.3,100,33.9,34.0,393.0,27.5,85.0,41.0
2025-06-29 10:00:00,2025,6,29,10,Hà Nội,Xã Tây Phương,21.0403672,105.6115528,159,Unhealthy,3,28.3,83,0.1,6.4,142,1001.5,100,29.0,29.1,389.0,22.9,109.0,41.7
2025-06-29 11:00:00,2025,6,29,11,Hà Nội,Xã Tây Phương,21.0403672,105.6115528,159,Unhealthy,3,29.2,81,0.2,6.9,139,1001.1,100,32.9,33.1,370.0,19.0,136.0,39.2
2025-06-29 12:00:00,2025,6,29,12,Hà Nội,Xã Tây Phương,21.0403672,105.6115528,159,Unhealthy,3,30.0,79,0.1,11.1,153,999.8,100,36.9,37.1,344.0,15.6,164.0,35.1
2025-06-29 13:00:00,2025,6,29,13,Hà Nội,Xã Tây Phương,21.0403672,105.6115528,159,Unhealthy,3,30.0,79,0.1,11.1,151,999.0,100,39.0,39.1,323.0,13.3,186.0,32.5
2025-06-29 14:00:00,2025,6,29,14,Hà Nội,Xã Tây Phương,21.0403672,105.6115528,158,Unhealthy,3,31.1,75,0.1,10.0,147,998.2,100,44.4,44.6,297.0,11.8,200.0,32.3
2025-06-29 15:00:00,2025,6,29,15,Hà Nội,Xã Tây Phương,21.0403672,105.6115528,158,Unhealthy,3,31.4,74,0.1,8.8,149,997.4,100,48.9,49.1,276.0,11.5,208.0,33.6
2025-06-29 16:00:00,2025,6,29,16,Hà Nội,Xã Tây Phương,21.0403672,105.6115528,158,Unhealthy,3,31.5,74,0.1,10.8,134,996.7,100,46.0,46.2,298.0,14.5,205.0,36.4
2025-06-29 17:00:00,2025,6,29,17,Hà Nội,Xã Tây Phương,21.0403672,105.6115528,157,Unhealthy,3,27.7,86,10.6,9.6,213,998.0,100,46.7,46.9,390.0,23.6,184.0,42.0
2025-06-29 18:00:00,2025,6,29,18,Hà Nội,Xã Tây Phương,21.0403672,105.6115528,159,Unhealthy,3,26.4,94,5.6,9.2,140,998.0,100,59.0,59.3,525.0,36.0,153.0,49.2
2025-06-29 19:00:00,2025,6,29,19,Hà Nội,Xã Tây Phương,21.0403672,105.6115528,166,Unhealthy,3,26.1,95,1.0,7.8,128,998.5,100,78.2,78.7,664.0,45.4,107.0,51.3
2025-06-29 20:00:00,2025,6,29,20,Hà Nội,Xã Tây Phương,21.0403672,105.6115528,162,Unhealthy,3,26.5,95,0.2,7.2,148,999.8,100,85.7,86.1,816.0,47.8,92.0,53.4
2025-06-29 21:00:00,2025,6,29,21,Hà Nội,Xã Tây Phương,21.0403672,105.6115528,155,Unhealthy,3,26.4,96,0.0,7.0,132,1000.1,100,84.5,85.0,972.0,50.9,71.0,56.0
2025-06-29 22:00:00,2025,6,29,22,Hà Nội,Xã Tây Phương,21.0403672,105.6115528,155,Unhealthy,3,26.1,97,0.0,4.9,129,1000.9,100,83.4,83.8,1059.0,52.9,53.0,56.7
2025-06-29 23:00:00,2025,6,29,23,Hà Nội,Xã Tây Phương,21.0403672,105.6115528,154,Unhealthy,3,26.0,97,0.0,8.2,128,1000.9,100,79.4,79.9,1032.0,52.5,43.0,53.8
2025-06-30 00:00:00,2025,6,30,0,Hà Nội,Xã Tây Phương,21.0403672,105.6115528,154,Unhealthy,3,25.9,97,0.0,9.2,135,1000.4,100,75.2,75.7,937.0,50.9,37.0,48.9
2025-06-30 01:00:00,2025,6,30,1,Hà Nội,Xã Tây Phương,21.0403672,105.6115528,153,Unhealthy,3,25.6,97,0.0,4.1,139,1000.0,99,68.0,68.7,841.0,49.4,32.0,44.4
2025-06-30 02:00:00,2025,6,30,2,Hà Nội,Xã Tây Phương,21.0403672,105.6115528,152,Unhealthy,3,25.6,97,0.0,5.6,115,999.7,100,58.7,59.6,761.0,48.7,27.0,40.8
2025-06-30 03:00:00,2025,6,30,3,Hà Nội,Xã Tây Phương,21.0403672,105.6115528,151,Unhealthy,3,25.4,99,0.0,8.0,80,999.8,100,53.4,54.4,680.0,48.1,24.0,37.7
2025-06-30 04:00:00,2025,6,30,4,Hà Nội,Xã Tây Phương,21.0403672,105.6115528,151,Unhealthy,3,25.1,98,0.0,8.4,67,999.8,100,49.6,50.5,611.0,47.0,22.0,35.8
2025-06-30 05:00:00,2025,6,30,5,Hà Nội,Xã Tây Phương,21.0403672,105.6115528,150,Unhealthy for Sensitive Groups,2,25.0,98,0.3,7.9,69,999.8,100,45.1,46.0,560.0,45.2,19.0,35.9
2025-06-30 06:00:00,2025,6,30,6,Hà Nội,Xã Tây Phương,21.0403672,105.6115528,148,Unhealthy for Sensitive Groups,2,25.0,98,0.3,8.7,68,1000.4,100,41.6,42.1,521.0,42.8,18.0,37.3
2025-06-30 07:00:00,2025,6,30,7,Hà Nội,Xã Tây Phương,21.0403672,105.6115528,145,Unhealthy for Sensitive Groups,2,25.2,97,0.1,7.4,58,1000.9,100,28.2,29.3,489.0,38.2,20.0,31.3
2025-06-30 08:00:00,2025,6,30,8,Hà Nội,Xã Tây Phương,21.0403672,105.6115528,145,Unhealthy for Sensitive Groups,2,27.8,89,0.2,12.3,105,1001.1,100,29.3,30.9,467.0,36.1,29.0,32.0
2025-06-30 09:00:00,2025,6,30,9,Hà Nội,Xã Tây Phương,21.0403672,105.6115528,144,Unhealthy for Sensitive Groups,2,29.0,84,0.1,9.0,119,1001.3,100,32.9,34.1,452.0,32.9,43.0,33.0
2025-06-30 10:00:00,2025,6,30,10,Hà Nội,Xã Tây Phương,21.0403672,105.6115528,144,Unhealthy for Sensitive Groups,2,30.0,81,0.3,6.8,132,1001.2,100,31.5,33.1,434.0,29.3,63.0,33.2
2025-06-30 11:00:00,2025,6,30,11,Hà Nội,Xã Tây Phương,21.0403672,105.6115528,144,Unhealthy for Sensitive Groups,2,31.5,77,0.3,3.7,119,1000.7,100,33.8,35.5,405.0,24.8,94.0,32.3
2025-06-30 12:00:00,2025,6,30,12,Hà Nội,Xã Tây Phương,21.0403672,105.6115528,145,Unhealthy for Sensitive Groups,2,31.9,74,0.3,4.3,114,999.8,100,36.6,38.3,372.0,19.7,131.0,30.7
2025-06-30 13:00:00,2025,6,30,13,Hà Nội,Xã Tây Phương,21.0403672,105.6115528,144,Unhealthy for Sensitive Groups,2,29.5,79,8.7,15.0,130,999.6,100,37.5,39.1,351.0,15.8,162.0,28.9
2025-06-30 14:00:00,2025,6,30,14,Hà Nội,Xã Tây Phương,21.0403672,105.6115528,144,Unhealthy for Sensitive Groups,2,27.3,90,3.4,4.4,189,999.5,100,37.3,38.9,334.0,12.9,184.0,26.6
2025-06-30 15:00:00,2025,6,30,15,Hà Nội,Xã Tây Phương,21.0403672,105.6115528,144,Unhealthy for Sensitive Groups,2,28.4,87,0.4,6.8,168,998.3,100,39.8,41.7,328.0,11.1,200.0,24.2
2025-06-30 16:00:00,2025,6,30,16,Hà Nội,Xã Tây Phương,21.0403672,105.6115528,143,Unhealthy for Sensitive Groups,2,28.2,84,3.6,8.7,130,999.2,100,42.3,44.0,369.0,12.1,200.0,23.3
2025-06-30 17:00:00,2025,6,30,17,Hà Nội,Xã Tây Phương,21.0403672,105.6115528,142,Unhealthy for Sensitive Groups,2,27.2,91,5.1,5.7,127,999.2,100,47.7,49.0,498.0,17.8,174.0,24.6
2025-06-30 18:00:00,2025,6,30,18,Hà Nội,Xã Tây Phương,21.0403672,105.6115528,142,Unhealthy for Sensitive Groups,2,27.0,93,2.4,4.5,104,999.5,100,48.7,49.8,674.0,26.4,133.0,27.4
2025-06-30 19:00:00,2025,6,30,19,Hà Nội,Xã Tây Phương,21.0403672,105.6115528,141,Unhealthy for Sensitive Groups,2,26.0,97,3.3,3.7,119,1000.5,100,63.1,64.5,810.0,38.5,105.0,37.9
2025-06-30 20:00:00,2025,6,30,20,Hà Nội,Xã Tây Phương,21.0403672,105.6115528,141,Unhealthy for Sensitive Groups,2,26.1,96,0.5,5.5,113,1001.0,100,55.8,56.9,883.0,39.9,91.0,39.0
2025-06-30 21:00:00,2025,6,30,21,Hà Nội,Xã Tây Phương,21.0403672,105.6115528,137,Unhealthy for Sensitive Groups,2,26.0,97,1.1,5.0,120,1001.6,100,60.3,61.7,915.0,41.9,71.0,40.5
2025-06-30 22:00:00,2025,6,30,22,Hà Nội,Xã Tây Phương,21.0403672,105.6115528,134,Unhealthy for Sensitive Groups,2,26.1,97,2.5,4.3,135,1002.5,100,65.2,66.8,886.0,43.9,55.0,41.5
2025-06-30 23:00:00,2025,6,30,23,Hà Nội,Xã Tây Phương,21.0403672,105.6115528,132,Unhealthy for Sensitive Groups,2,26.0,98,1.6,2.7,127,1002.7,100,70.8,72.6,753.0,46.2,45.0,41.8
2025-07-01 00:00:00,2025,7,1,0,Hà Nội,Xã Tây Phương,21.0403672,105.6115528,131,Unhealthy for Sensitive Groups,2,25.0,98,4.6,11.9,60,1002.6,100,69.4,71.2,558.0,48.4,38.0,41.5
2025-07-01 01:00:00,2025,7,1,1,Hà Nội,Xã Tây Phương,21.0403672,105.6115528,131,Unhealthy for Sensitive Groups,2,24.8,98,5.8,8.2,67,1002.4,100,63.6,65.7,411.0,48.8,34.0,40.7
2025-07-01 02:00:00,2025,7,1,2,Hà Nội,Xã Tây Phương,21.0403672,105.6115528,130,Unhealthy for Sensitive Groups,2,24.3,99,3.3,9.1,36,1002.2,100,53.8,56.2,358.0,45.7,34.0,38.7
2025-07-01 03:00:00,2025,7,1,3,Hà Nội,Xã Tây Phương,21.0403672,105.6115528,130,Unhealthy for Sensitive Groups,2,24.3,99,1.1,9.7,74,1002.0,100,51.9,54.6,352.0,40.8,37.0,36.1
2025-07-01 04:00:00,2025,7,1,4,Hà Nội,Xã Tây Phương,21.0403672,105.6115528,130,Unhealthy for Sensitive Groups,2,24.0,99,0.9,10.7,84,1002.5,100,44.4,46.7,360.0,36.8,39.0,34.5
2025-07-01 05:00:00,2025,7,1,5,Hà Nội,Xã Tây Phương,21.0403672,105.6115528,129,Unhealthy for Sensitive Groups,2,24.1,98,0.7,6.8,65,1002.5,100,37.5,39.5,379.0,35.3,38.0,34.8
2025-07-01 06:00:00,2025,7,1,6,Hà Nội,Xã Tây Phương,21.0403672,105.6115528,128,Unhealthy for Sensitive Groups,2,24.2,99,0.2,15.0,104,1003.1,100,33.9,35.3,412.0,34.9,36.0,36.2
2025-07-01 07:00:00,2025,7,1,7,Hà Nội,Xã Tây Phương,21.0403672,105.6115528,127,Unhealthy for Sensitive Groups,2,24.5,97,0.6,5.4,111,1003.2,100,25.8,26.3,438.0,35.1,27.0,32.3
2025-07-01 08:00:00,2025,7,1,8,Hà Nội,Xã Tây Phương,21.0403672,105.6115528,127,Unhealthy for Sensitive Groups,2,25.5,97,1.1,11.0,130,1003.3,100,27.8,28.4,451.0,33.2,36.0,33.1
2025-07-01 09:00:00,2025,7,1,9,Hà Nội,Xã Tây Phương,21.0403672,105.6115528,127,Unhealthy for Sensitive Groups,2,26.0,94,1.3,13.3,132,1003.9,100,27.9,28.8,457.0,30.6,50.0,34.1
2025-07-01 10:00:00,2025,7,1,10,Hà Nội,Xã Tây Phương,21.0403672,105.6115528,127,Unhealthy for Sensitive Groups,2,26.2,92,1.6,12.7,130,1004.0,100,31.1,32.1,448.0,27.6,67.0,34.1
2025-07-01 11:00:00,2025,7,1,11,Hà Nội,Xã Tây Phương,21.0403672,105.6115528,126,Unhealthy for Sensitive Groups,2,28.0,83,0.7,14.0,137,1003.6,100,34.1,35.4,414.0,24.1,91.0,32.0
2025-07-01 12:00:00,2025,7,1,12,Hà Nội,Xã Tây Phương,21.0403672,105.6115528,126,Unhealthy for Sensitive Groups,2,29.2,78,0.3,13.5,131,1003.2,100,34.6,35.9,366.0,20.4,119.0,28.9
2025-07-01 13:00:00,2025,7,1,13,Hà Nội,Xã Tây Phương,21.0403672,105.6115528,126,Unhealthy for Sensitive Groups,2,29.9,77,0.2,11.1,132,1002.2,99,38.9,40.2,331.0,17.7,143.0,26.8
2025-07-01 14:00:00,2025,7,1,14,Hà Nội,Xã Tây Phương,21.0403672,105.6115528,126,Unhealthy for Sensitive Groups,2,30.6,75,0.2,11.8,147,1001.4,99,40.6,42.0,305.0,16.2,162.0,26.4
2025-07-01 15:00:00,2025,7,1,15,Hà Nội,Xã Tây Phương,21.0403672,105.6115528,127,Unhealthy for Sensitive Groups,2,30.2,76,0.9,14.4,147,1000.8,100,41.9,43.3,292.0,15.9,175.0,27.0
2025-07-01 16:00:00,2025,7,1,16,Hà Nội,Xã Tây Phương,21.0403672,105.6115528,127,Unhealthy for Sensitive Groups,2,29.3,80,2.0,3.3,131,1000.3,99,47.8,49.1,335.0,17.7,177.0,27.9
2025-07-01 17:00:00,2025,7,1,17,Hà Nội,Xã Tây Phương,21.0403672,105.6115528,128,Unhealthy for Sensitive Groups,2,29.1,78,0.2,6.4,119,1000.8,100,48.7,49.9,487.0,23.1,159.0,29.0
2025-07-01 18:00:00,2025,7,1,18,Hà Nội,Xã Tây Phương,21.0403672,105.6115528,128,Unhealthy for Sensitive Groups,2,28.6,81,0.0,7.1,106,1001.2,100,49.4,50.4,696.0,30.7,128.0,30.4
2025-07-01 19:00:00,2025,7,1,19,Hà Nội,Xã Tây Phương,21.0403672,105.6115528,128,Unhealthy for Sensitive Groups,2,27.5,88,0.0,3.8,121,1002.2,100,64.3,65.4,844.0,37.1,125.0,42.0
2025-07-01 20:00:00,2025,7,1,20,Hà Nội,Xã Tây Phương,21.0403672,105.6115528,128,Unhealthy for Sensitive Groups,2,26.8,85,0.0,7.8,103,1003.3,100,65.4,66.4,891.0,41.0,106.0,44.9
2025-07-01 21:00:00,2025,7,1,21,Hà Nội,Xã Tây Phương,21.0403672,105.6115528,129,Unhealthy for Sensitive Groups,2,26.8,85,0.0,9.5,109,1004.1,100,72.2,73.1,877.0,46.3,80.0,48.7
2025-07-01 22:00:00,2025,7,1,22,Hà Nội,Xã Tây Phương,21.0403672,105.6115528,130,Unhealthy for Sensitive Groups,2,26.4,86,0.1,9.5,111,1005.0,100,75.9,77.3,811.0,49.5,59.0,50.5
2025-07-01 23:00:00,2025,7,1,23,Hà Nội,Xã Tây Phương,21.0403672,105.6115528,131,Unhealthy for Sensitive Groups,2,26.0,90,0.0,10.7,104,1005.2,100,69.6,71.7,659.0,48.5,49.0,48.5
2025-07-02 00:00:00,2025,7,2,0,Hà Nội,Xã Tây Phương,21.0403672,105.6115528,131,Unhealthy for Sensitive Groups,2,25.5,92,0.0,7.6,135,1004.8,100,61.7,63.6,454.0,45.4,44.0,44.4
2025-07-02 01:00:00,2025,7,2,1,Hà Nội,Xã Tây Phương,21.0403672,105.6115528,130,Unhealthy for Sensitive Groups,2,25.0,94,0.8,9.0,128,1004.9,99,57.6,59.5,308.0,43.5,39.0,41.2
2025-07-02 02:00:00,2025,7,2,2,Hà Nội,Xã Tây Phương,21.0403672,105.6115528,130,Unhealthy for Sensitive Groups,2,24.8,96,1.9,4.2,140,1004.6,100,55.1,56.9,275.0,44.7,31.0,40.0
2025-07-02 03:00:00,2025,7,2,3,Hà Nội,Xã Tây Phương,21.0403672,105.6115528,130,Unhealthy for Sensitive Groups,2,24.2,98,1.1,3.9,133,1004.5,100,53.0,55.2,300.0,47.1,24.0,39.5
2025-07-02 04:00:00,2025,7,2,4,Hà Nội,Xã Tây Phương,21.0403672,105.6115528,130,Unhealthy for Sensitive Groups,2,24.1,98,3.7,2.5,159,1004.8,100,48.3,51.7,326.0,47.6,19.0,39.0
2025-07-02 05:00:00,2025,7,2,5,Hà Nội,Xã Tây Phương,21.0403672,105.6115528,130,Unhealthy for Sensitive Groups,2,24.1,98,4.4,2.8,101,1004.9,100,44.7,47.3,335.0,44.9,18.0,38.2
2025-07-02 06:00:00,2025,7,2,6,Hà Nội,Xã Tây Phương,21.0403672,105.6115528,131,Unhealthy for Sensitive Groups,2,24.3,97,1.1,5.4,94,1005.6,100,42.1,44.2,344.0,40.5,20.0,37.3
2025-07-02 07:00:00,2025,7,2,7,Hà Nội,Xã Tây Phương,21.0403672,105.6115528,132,Unhealthy for Sensitive Groups,2,25.0,93,0.7,8.4,109,1006.0,100,31.2,33.4,349.0,32.0,32.0,30.3
2025-07-02 08:00:00,2025,7,2,8,Hà Nội,Xã Tây Phương,21.0403672,105.6115528,132,Unhealthy for Sensitive Groups,2,27.0,90,0.1,9.0,93,1006.3,100,27.0,28.9,347.0,28.4,42.0,28.8
2025-07-02 09:00:00,2025,7,2,9,Hà Nội,Xã Tây Phương,21.0403672,105.6115528,132,Unhealthy for Sensitive Groups,2,28.3,83,0.1,9.4,120,1006.2,100,24.2,26.2,340.0,23.4,57.0,26.6
2025-07-02 10:00:00,2025,7,2,10,Hà Nội,Xã Tây Phương,21.0403672,105.6115528,132,Unhealthy for Sensitive Groups,2,28.0,83,0.1,10.5,109,1006.2,100,22.3,23.6,332.0,18.9,74.0,24.1
2025-07-02 11:00:00,2025,7,2,11,Hà Nội,Xã Tây Phương,21.0403672,105.6115528,131,Unhealthy for Sensitive Groups,2,27.2,86,0.8,11.9,115,1006.2,100,23.0,24.1,325.0,15.1,94.0,21.0
2025-07-02 12:00:00,2025,7,2,12,Hà Nội,Xã Tây Phương,21.0403672,105.6115528,130,Unhealthy for Sensitive Groups,2,28.2,85,0.3,8.6,100,1005.4,100,24.1,25.0,317.0,11.8,116.0,17.6
2025-07-02 13:00:00,2025,7,2,13,Hà Nội,Xã Tây Phương,21.0403672,105.6115528,129,Unhealthy for Sensitive Groups,2,29.1,79,0.2,10.5,103,1004.8,100,24.2,24.9,307.0,10.1,131.0,15.8
2025-07-02 14:00:00,2025,7,2,14,Hà Nội,Xã Tây Phương,21.0403672,105.6115528,127,Unhealthy for Sensitive Groups,2,29.1,79,0.3,11.8,116,1004.3,100,25.2,25.8,273.0,10.2,138.0,16.5
2025-07-02 15:00:00,2025,7,2,15,Hà Nội,Xã Tây Phương,21.0403672,105.6115528,126,Unhealthy for Sensitive Groups,2,29.9,76,0.1,10.7,115,1003.5,100,26.3,26.8,237.0,11.9,139.0,18.8
2025-07-02 16:00:00,2025,7,2,16,Hà Nội,Xã Tây Phương,21.0403672,105.6115528,124,Unhealthy for Sensitive Groups,2,29.9,75,0.8,15.0,107,1003.0,100,27.8,28.1,261.0,15.6,133.0,21.6
2025-07-02 17:00:00,2025,7,2,17,Hà Nội,Xã Tây Phương,21.0403672,105.6115528,122,Unhealthy for Sensitive Groups,2,27.1,87,3.8,9.0,113,1003.6,100,30.3,30.6,414.0,22.5,119.0,24.7
2025-07-02 18:00:00,2025,7,2,18,Hà Nội,Xã Tây Phương,21.0403672,105.6115528,120,Unhealthy for Sensitive Groups,2,27.0,89,0.2,7.7,120,1004.0,100,36.0,36.6,626.0,31.5,98.0,28.3
2025-07-02 19:00:00,2025,7,2,19,Hà Nội,Xã Tây Phương,21.0403672,105.6115528,119,Unhealthy for Sensitive Groups,2,26.4,91,0.1,7.4,108,1005.0,100,48.9,49.6,751.0,38.7,77.0,32.2
2025-07-02 20:00:00,2025,7,2,20,Hà Nội,Xã Tây Phương,21.0403672,105.6115528,117,Unhealthy for Sensitive Groups,2,26.5,92,0.1,4.6,108,1005.8,98,47.7,48.9,707.0,40.6,66.0,32.5
2025-07-02 21:00:00,2025,7,2,21,Hà Nội,Xã Tây Phương,21.0403672,105.6115528,115,Unhealthy for Sensitive Groups,2,25.9,95,0.0,4.1,88,1006.4,87,48.7,50.5,576.0,43.3,50.0,33.0
2025-07-02 22:00:00,2025,7,2,22,Hà Nội,Xã Tây Phương,21.0403672,105.6115528,113,Unhealthy for Sensitive Groups,2,25.8,96,0.1,2.5,172,1007.2,74,49.6,52.3,452.0,45.8,37.0,33.7
2025-07-02 23:00:00,2025,7,2,23,Hà Nội,Xã Tây Phương,21.0403672,105.6115528,110,Unhealthy for Sensitive Groups,2,25.0,95,1.5,6.0,207,1007.3,88,53.1,56.5,360.0,48.2,29.0,34.7
2025-07-03 00:00:00,2025,7,3,0,Hà Nội,Xã Tây Phương,21.0403672,105.6115528,108,Unhealthy for Sensitive Groups,2,25.0,96,0.3,1.9,229,1006.9,94,54.8,58.6,274.0,50.6,24.0,35.8
2025-07-03 01:00:00,2025,7,3,1,Hà Nội,Xã Tây Phương,21.0403672,105.6115528,108,Unhealthy for Sensitive Groups,2,24.9,96,0.2,3.7,219,1006.6,100,53.6,57.4,215.0,51.8,20.0,36.7
2025-07-03 02:00:00,2025,7,3,2,Hà Nội,Xã Tây Phương,21.0403672,105.6115528,107,Unhealthy for Sensitive Groups,2,24.3,97,1.0,9.1,221,1006.3,100,52.5,56.1,192.0,51.6,17.0,37.0
2025-07-03 03:00:00,2025,7,3,3,Hà Nội,Xã Tây Phương,21.0403672,105.6115528,107,Unhealthy for Sensitive Groups,2,24.1,96,1.1,4.3,246,1005.8,100,49.6,52.7,196.0,50.3,16.0,37.1
2025-07-03 04:00:00,2025,7,3,4,Hà Nội,Xã Tây Phương,21.0403672,105.6115528,107,Unhealthy for Sensitive Groups,2,24.0,97,1.0,0.4,27,1006.0,100,49.4,52.0,217.0,48.2,16.0,37.5
2025-07-03 05:00:00,2025,7,3,5,Hà Nội,Xã Tây Phương,21.0403672,105.6115528,107,Unhealthy for Sensitive Groups,2,24.0,98,0.5,1.8,84,1006.2,100,50.3,52.9,260.0,45.0,19.0,38.7
2025-07-03 06:00:00,2025,7,3,6,Hà Nội,Xã Tây Phương,21.0403672,105.6115528,107,Unhealthy for Sensitive Groups,2,24.0,98,0.6,3.6,96,1006.6,100,43.5,45.4,320.0,40.8,24.0,40.3
2025-07-03 07:00:00,2025,7,3,7,Hà Nội,Xã Tây Phương,21.0403672,105.6115528,107,Unhealthy for Sensitive Groups,2,24.4,95,0.3,6.6,41,1007.2,100,29.0,30.5,370.0,37.2,26.0,36.6
2025-07-03 08:00:00,2025,7,3,8,Hà Nội,Xã Tây Phương,21.0403672,105.6115528,107,Unhealthy for Sensitive Groups,2,26.5,85,0.2,8.6,57,1007.0,100,27.8,28.7,406.0,30.9,39.0,31.0
2025-07-03 09:00:00,2025,7,3,9,Hà Nội,Xã Tây Phương,21.0403672,105.6115528,107,Unhealthy for Sensitive Groups,2,27.1,86,0.2,6.6,49,1007.3,100,19.3,19.4,432.0,22.2,57.0,23.2
2025-07-03 10:00:00,2025,7,3,10,Hà Nội,Xã Tây Phương,21.0403672,105.6115528,107,Unhealthy for Sensitive Groups,2,28.0,83,0.1,6.3,92,1006.8,100,15.1,15.3,440.0,15.5,74.0,17.3
2025-07-03 11:00:00,2025,7,3,11,Hà Nội,Xã Tây Phương,21.0403672,105.6115528,106,Unhealthy for Sensitive Groups,2,28.9,78,0.1,5.4,116,1006.6,100,24.2,24.4,414.0,13.0,86.0,14.9
2025-07-03 12:00:00,2025,7,3,12,Hà Nội,Xã Tây Phương,21.0403672,105.6115528,106,Unhealthy for Sensitive Groups,2,29.5,76,0.2,6.1,133,1005.6,100,25.7,26.0,370.0,12.5,96.0,14.4
2025-07-03 13:00:00,2025,7,3,13,Hà Nội,Xã Tây Phương,21.0403672,105.6115528,106,Unhealthy for Sensitive Groups,2,28.7,78,1.7,12.9,108,1005.1,100,27.7,27.9,344.0,12.2,107.0,14.4
2025-07-03 14:00:00,2025,7,3,14,Hà Nội,Xã Tây Phương,21.0403672,105.6115528,107,Unhealthy for Sensitive Groups,2,27.2,88,1.6,7.7,111,1004.9,100,30.7,30.9,332.0,10.5,125.0,14.4
2025-07-03 15:00:00,2025,7,3,15,Hà Nội,Xã Tây Phương,21.0403672,105.6115528,107,Unhealthy for Sensitive Groups,2,27.3,88,0.4,4.7,86,1003.8,100,31.5,31.8,339.0,9.0,144.0,15.0
2025-07-03 16:00:00,2025,7,3,16,Hà Nội,Xã Tây Phương,21.0403672,105.6115528,108,Unhealthy for Sensitive Groups,2,28.1,83,0.3,7.0,78,1003.1,100,35.7,36.0,407.0,10.7,152.0,16.7
2025-07-03 17:00:00,2025,7,3,17,Hà Nội,Xã Tây Phương,21.0403672,105.6115528,109,Unhealthy for Sensitive Groups,2,28.4,80,0.2,5.4,110,1003.2,100,36.9,37.1,602.0,18.3,140.0,19.9
2025-07-03 18:00:00,2025,7,3,18,Hà Nội,Xã Tây Phương,21.0403672,105.6115528,109,Unhealthy for Sensitive Groups,2,27.8,84,0.1,4.6,99,1003.9,100,44.2,44.4,859.0,29.2,116.0,24.2
2025-07-03 19:00:00,2025,7,3,19,Hà Nội,Xã Tây Phương,21.0403672,105.6115528,110,Unhealthy for Sensitive Groups,2,26.8,90,0.2,3.2,109,1005.0,90,72.2,72.6,1030.0,43.6,94.0,38.3
2025-07-03 20:00:00,2025,7,3,20,Hà Nội,Xã Tây Phương,21.0403672,105.6115528,113,Unhealthy for Sensitive Groups,2,25.3,94,4.1,4.8,79,1006.4,99,73.3,73.8,1023.0,44.3,84.0,40.0
2025-07-03 21:00:00,2025,7,3,21,Hà Nội,Xã Tây Phương,21.0403672,105.6115528,115,Unhealthy for Sensitive Groups,2,25.1,95,0.2,2.2,189,1006.4,98,68.0,68.5,929.0,45.3,69.0,42.4
2025-07-03 22:00:00,2025,7,3,22,Hà Nội,Xã Tây Phương,21.0403672,105.6115528,117,Unhealthy for Sensitive Groups,2,25.0,95,0.0,0.4,270,1006.9,100,68.5,68.9,874.0,46.6,56.0,44.6
2025-07-03 23:00:00,2025,7,3,23,Hà Nội,Xã Tây Phương,21.0403672,105.6115528,119,Unhealthy for Sensitive Groups,2,24.9,95,0.0,1.0,292,1006.5,100,75.9,76.4,930.0,48.8,46.0,46.5
2025-07-04 00:00:00,2025,7,4,0,Hà Nội,Xã Tây Phương,21.0403672,105.6115528,122,Unhealthy for Sensitive Groups,2,24.9,96,0.0,2.7,270,1006.1,100,78.7,79.2,1025.0,51.4,38.0,48.2
2025-07-04 01:00:00,2025,7,4,1,Hà Nội,Xã Tây Phương,21.0403672,105.6115528,124,Unhealthy for Sensitive Groups,2,24.9,96,0.0,3.7,337,1005.7,100,77.1,77.3,1073.0,52.2,32.0,49.3
2025-07-04 02:00:00,2025,7,4,2,Hà Nội,Xã Tây Phương,21.0403672,105.6115528,127,Unhealthy for Sensitive Groups,2,24.8,97,0.0,3.6,303,1005.1,100,74.0,74.5,1038.0,50.1,30.0,49.5
2025-07-04 03:00:00,2025,7,4,3,Hà Nội,Xã Tây Phương,21.0403672,105.6115528,129,Unhealthy for Sensitive Groups,2,24.6,97,0.0,5.1,309,1004.8,100,68.2,68.5,955.0,46.3,31.0,49.2
2025-07-04 04:00:00,2025,7,4,4,Hà Nội,Xã Tây Phương,21.0403672,105.6115528,131,Unhealthy for Sensitive Groups,2,24.6,97,0.0,5.7,323,1004.8,99,63.3,63.6,853.0,42.4,34.0,49.1
2025-07-04 05:00:00,2025,7,4,5,Hà Nội,Xã Tây Phương,21.0403672,105.6115528,132,Unhealthy for Sensitive Groups,2,24.6,99,0.0,6.8,323,1005.2,100,60.8,61.0,722.0,39.2,38.0,50.2
2025-07-04 06:00:00,2025,7,4,6,Hà Nội,Xã Tây Phương,21.0403672,105.6115528,133,Unhealthy for Sensitive Groups,2,24.9,97,0.0,7.6,306,1005.5,98,55.6,55.9,572.0,36.0,43.0,51.4
2025-07-04 07:00:00,2025,7,4,7,Hà Nội,Xã Tây Phương,21.0403672,105.6115528,135,Unhealthy for Sensitive Groups,2,25.9,92,0.0,10.1,311,1005.8,100,65.9,66.4,449.0,39.4,45.0,52.5
2025-07-04 08:00:00,2025,7,4,8,Hà Nội,Xã Tây Phương,21.0403672,105.6115528,138,Unhealthy for Sensitive Groups,2,27.7,85,0.1,4.1,304,1005.9,100,53.3,53.7,373.0,34.4,55.0,49.6
2025-07-04 09:00:00,2025,7,4,9,Hà Nội,Xã Tây Phương,21.0403672,105.6115528,141,Unhealthy for Sensitive Groups,2,28.9,77,0.2,4.1,322,1005.9,100,43.3,43.8,325.0,27.3,71.0,45.6
2025-07-04 10:00:00,2025,7,4,10,Hà Nội,Xã Tây Phương,21.0403672,105.6115528,144,Unhealthy for Sensitive Groups,2,29.6,74,0.2,4.2,12,1005.9,100,33.6,34.2,301.0,20.7,92.0,41.6
2025-07-04 11:00:00,2025,7,4,11,Hà Nội,Xã Tây Phương,21.0403672,105.6115528,145,Unhealthy for Sensitive Groups,2,30.2,75,0.1,5.1,17,1005.6,100,33.3,33.8,306.0,15.2,122.0,38.0
2025-07-04 12:00:00,2025,7,4,12,Hà Nội,Xã Tây Phương,21.0403672,105.6115528,146,Unhealthy for Sensitive Groups,2,30.8,73,0.1,2.6,34,1004.9,96,35.0,35.5,334.0,10.2,157.0,34.5
2025-07-04 13:00:00,2025,7,4,13,Hà Nội,Xã Tây Phương,21.0403672,105.6115528,147,Unhealthy for Sensitive Groups,2,31.1,73,0.1,3.3,81,1003.4,98,37.1,37.7,362.0,6.9,186.0,31.7
2025-07-04 14:00:00,2025,7,4,14,Hà Nội,Xã Tây Phương,21.0403672,105.6115528,148,Unhealthy for Sensitive Groups,2,31.7,70,0.1,4.7,90,1002.5,97,42.1,42.6,378.0,5.1,208.0,29.6
2025-07-04 15:00:00,2025,7,4,15,Hà Nội,Xã Tây Phương,21.0403672,105.6115528,150,Unhealthy for Sensitive Groups,2,30.5,73,0.2,13.5,121,1002.0,100,44.7,45.2,394.0,4.9,223.0,28.2
2025-07-04 16:00:00,2025,7,4,16,Hà Nội,Xã Tây Phương,21.0403672,105.6115528,150,Unhealthy for Sensitive Groups,2,28.9,81,0.1,11.2,145,1001.8,100,43.8,44.1,419.0,8.1,223.0,28.3
2025-07-04 17:00:00,2025,7,4,17,Hà Nội,Xã Tây Phương,21.0403672,105.6115528,150,Unhealthy for Sensitive Groups,2,28.9,82,0.0,9.0,145,1001.4,99,42.1,42.4,457.0,16.7,197.0,30.8
2025-07-04 18:00:00,2025,7,4,18,Hà Nội,Xã Tây Phương,21.0403672,105.6115528,162,Unhealthy,3,28.5,84,0.0,8.1,151,1001.8,97,54.0,54.2,503.0,28.5,154.0,34.8
2025-07-04 19:00:00,2025,7,4,19,Hà Nội,Xã Tây Phương,21.0403672,105.6115528,172,Unhealthy,3,27.4,88,0.0,8.2,166,1002.9,96,57.9,57.9,555.0,42.9,88.0,39.3
2025-07-04 20:00:00,2025,7,4,20,Hà Nội,Xã Tây Phương,21.0403672,105.6115528,166,Unhealthy,3,27.5,89,0.0,5.7,162,1003.7,100,65.7,65.7,613.0,45.2,81.0,46.3
2025-07-04 21:00:00,2025,7,4,21,Hà Nội,Xã Tây Phương,21.0403672,105.6115528,154,Unhealthy,3,26.9,92,0.0,6.1,150,1003.9,100,67.8,67.8,677.0,48.6,72.0,56.0
2025-07-04 22:00:00,2025,7,4,22,Hà Nội,Xã Tây Phương,21.0403672,105.6115528,150,Unhealthy for Sensitive Groups,2,26.2,95,0.0,4.6,162,1004.7,100,71.9,71.9,736.0,52.5,62.0,64.5
2025-07-04 23:00:00,2025,7,4,23,Hà Nội,Xã Tây Phương,21.0403672,105.6115528,150,Unhealthy for Sensitive Groups,2,25.8,96,0.0,4.3,147,1004.5,100,87.8,88.0,790.0,57.0,53.0,70.3
2025-07-05 00:00:00,2025,7,5,0,Hà Nội,Xã Tây Phương,21.0403672,105.6115528,151,Unhealthy,3,25.5,96,0.0,5.1,153,1004.2,100,90.1,90.3,840.0,61.9,43.0,74.7
2025-07-05 01:00:00,2025,7,5,1,Hà Nội,Xã Tây Phương,21.0403672,105.6115528,151,Unhealthy,3,25.1,96,0.0,3.7,166,1003.6,100,91.5,91.7,879.0,66.5,34.0,77.8
2025-07-05 02:00:00,2025,7,5,2,Hà Nội,Xã Tây Phương,21.0403672,105.6115528,151,Unhealthy,3,24.8,97,0.0,2.4,193,1003.0,84,95.5,95.5,908.0,71.2,24.0,79.0
2025-07-05 03:00:00,2025,7,5,3,Hà Nội,Xã Tây Phương,21.0403672,105.6115528,152,Unhealthy,3,24.8,98,0.0,0.4,333,1003.1,100,106.4,106.6,927.0,75.5,15.0,78.9
2025-07-05 04:00:00,2025,7,5,4,Hà Nội,Xã Tây Phương,21.0403672,105.6115528,152,Unhealthy,3,24.5,99,0.0,2.9,22,1003.0,90,117.1,117.1,928.0,76.8,11.0,79.1
2025-07-05 05:00:00,2025,7,5,5,Hà Nội,Xã Tây Phương,21.0403672,105.6115528,154,Unhealthy,3,24.5,100,0.0,2.9,60,1003.1,100,130.4,130.9,914.0,74.3,13.0,81.7
2025-07-05 06:00:00,2025,7,5,6,Hà Nội,Xã Tây Phương,21.0403672,105.6115528,155,Unhealthy,3,24.8,99,0.0,2.2,85,1003.4,100,183.0,183.0,882.0,68.8,20.0,84.7
2025-07-05 07:00:00,2025,7,5,7,Hà Nội,Xã Tây Phương,21.0403672,105.6115528,158,Unhealthy,3,26.0,93,0.0,1.8,264,1004.1,100,152.3,152.3,819.0,56.6,34.0,61.7
2025-07-05 08:00:00,2025,7,5,8,Hà Nội,Xã Tây Phương,21.0403672,105.6115528,160,Unhealthy,3,28.0,88,0.0,1.7,238,1004.3,99,101.0,101.3,695.0,45.6,74.0,61.9
2025-07-05 09:00:00,2025,7,5,9,Hà Nội,Xã Tây Phương,21.0403672,105.6115528,161,Unhealthy,3,29.5,79,0.0,1.9,202,1004.4,92,80.1,80.3,540.0,30.4,129.0,61.9
2025-07-05 10:00:00,2025,7,5,10,Hà Nội,Xã Tây Phương,21.0403672,105.6115528,162,Unhealthy,3,30.8,71,0.1,0.0,270,1004.4,24,63.8,63.8,425.0,18.1,173.0,59.2
2025-07-05 11:00:00,2025,7,5,11,Hà Nội,Xã Tây Phương,21.0403672,105.6115528,162,Unhealthy,3,31.6,67,0.0,1.8,45,1003.7,21,49.9,50.2,382.0,11.5,195.0,51.3
2025-07-05 12:00:00,2025,7,5,12,Hà Nội,Xã Tây Phương,21.0403672,105.6115528,163,Unhealthy,3,32.3,63,0.1,2.1,38,1002.6,25,47.0,47.4,379.0,7.8,206.0,40.9
2025-07-05 13:00:00,2025,7,5,13,Hà Nội,Xã Tây Phương,21.0403672,105.6115528,163,Unhealthy,3,32.6,62,0.0,3.5,75,1001.5,24,46.9,47.3,391.0,5.8,214.0,32.9
2025-07-05 14:00:00,2025,7,5,14,Hà Nội,Xã Tây Phương,21.0403672,105.6115528,163,Unhealthy,3,32.9,61,0.0,3.6,99,1000.3,32,48.2,48.5,417.0,4.6,223.0,29.5
2025-07-05 15:00:00,2025,7,5,15,Hà Nội,Xã Tây Phương,21.0403672,105.6115528,163,Unhealthy,3,33.1,60,0.0,4.4,109,999.4,36,49.4,49.7,457.0,4.9,228.0,28.7
2025-07-05 16:00:00,2025,7,5,16,Hà Nội,Xã Tây Phương,21.0403672,105.6115528,167,Unhealthy,3,32.8,61,0.0,7.0,134,999.2,44,52.3,52.6,486.0,8.1,225.0,29.5
2025-07-05 17:00:00,2025,7,5,17,Hà Nội,Xã Tây Phương,21.0403672,105.6115528,191,Unhealthy,3,31.9,66,0.3,10.0,154,999.8,62,53.1,53.4,492.0,16.1,208.0,32.2
2025-07-05 18:00:00,2025,7,5,18,Hà Nội,Xã Tây Phương,21.0403672,105.6115528,202,Very Unhealthy,4,30.8,73,0.0,8.0,142,1000.3,78,61.5,61.7,487.0,26.9,182.0,36.6
2025-07-05 19:00:00,2025,7,5,19,Hà Nội,Xã Tây Phương,21.0403672,105.6115528,202,Very Unhealthy,4,29.6,75,0.0,11.4,155,1001.6,99,62.6,62.9,484.0,35.2,153.0,40.0
2025-07-05 20:00:00,2025,7,5,20,Hà Nội,Xã Tây Phương,21.0403672,105.6115528,199,Unhealthy,3,29.0,77,0.0,12.2,163,1002.2,84,72.2,72.4,478.0,38.4,134.0,46.4
2025-07-05 21:00:00,2025,7,5,21,Hà Nội,Xã Tây Phương,21.0403672,105.6115528,187,Unhealthy,3,28.4,80,0.0,9.9,164,1003.3,92,82.4,82.7,473.0,42.9,106.0,55.4
2025-07-05 22:00:00,2025,7,5,22,Hà Nội,Xã Tây Phương,21.0403672,105.6115528,170,Unhealthy,3,28.0,83,0.0,8.0,175,1004.1,100,92.2,92.4,495.0,47.6,82.0,62.8
2025-07-05 23:00:00,2025,7,5,23,Hà Nội,Xã Tây Phương,21.0403672,105.6115528,165,Unhealthy,3,27.5,86,0.0,6.7,178,1003.9,100,102.2,102.2,568.0,52.1,64.0,66.6
2025-07-06 00:00:00,2025,7,6,0,Hà Nội,Xã Tây Phương,21.0403672,105.6115528,165,Unhealthy,3,27.0,89,0.0,6.5,177,1002.9,96,106.4,106.6,666.0,56.6,49.0,68.7
2025-07-06 01:00:00,2025,7,6,1,Hà Nội,Xã Tây Phương,21.0403672,105.6115528,166,Unhealthy,3,26.2,94,0.0,3.6,200,1002.3,100,111.1,111.3,743.0,61.0,37.0,71.1
2025-07-06 02:00:00,2025,7,6,2,Hà Nội,Xã Tây Phương,21.0403672,105.6115528,166,Unhealthy,3,25.8,96,0.0,1.5,210,1002.2,100,113.9,113.9,780.0,65.8,26.0,74.6
2025-07-06 03:00:00,2025,7,6,3,Hà Nội,Xã Tây Phương,21.0403672,105.6115528,167,Unhealthy,3,25.5,96,0.0,1.8,135,1002.2,100,116.4,116.6,795.0,70.4,18.0,78.3
2025-07-06 04:00:00,2025,7,6,4,Hà Nội,Xã Tây Phương,21.0403672,105.6115528,167,Unhealthy,3,25.4,96,0.0,3.0,107,1002.1,99,122.5,122.5,791.0,72.4,16.0,81.5
2025-07-06 05:00:00,2025,7,6,5,Hà Nội,Xã Tây Phương,21.0403672,105.6115528,167,Unhealthy,3,25.1,96,0.0,4.0,111,1002.6,99,123.4,123.4,765.0,71.2,19.0,84.4
2025-07-06 06:00:00,2025,7,6,6,Hà Nội,Xã Tây Phương,21.0403672,105.6115528,167,Unhealthy,3,25.8,95,0.0,4.5,83,1003.3,100,126.7,126.7,721.0,67.4,29.0,86.8
2025-07-06 07:00:00,2025,7,6,7,Hà Nội,Xã Tây Phương,21.0403672,105.6115528,165,Unhealthy,3,26.9,92,0.0,2.7,122,1003.6,99,122.5,122.9,675.0,61.4,52.0,84.3
2025-07-06 08:00:00,2025,7,6,8,Hà Nội,Xã Tây Phương,21.0403672,105.6115528,165,Unhealthy,3,28.6,87,0.0,3.2,71,1003.8,8,105.2,105.2,628.0,50.0,86.0,82.3
2025-07-06 09:00:00,2025,7,6,9,Hà Nội,Xã Tây Phương,21.0403672,105.6115528,165,Unhealthy,3,30.4,78,0.1,6.4,117,1004.0,27,85.2,85.4,578.0,34.2,134.0,79.2
2025-07-06 10:00:00,2025,7,6,10,Hà Nội,Xã Tây Phương,21.0403672,105.6115528,165,Unhealthy,3,31.3,72,0.1,6.0,131,1003.7,100,66.1,66.4,536.0,21.1,175.0,73.4
2025-07-06 11:00:00,2025,7,6,11,Hà Nội,Xã Tây Phương,21.0403672,105.6115528,165,Unhealthy,3,31.8,71,0.1,4.1,131,1003.0,100,58.6,58.8,506.0,13.4,203.0,62.7
2025-07-06 12:00:00,2025,7,6,12,Hà Nội,Xã Tây Phương,21.0403672,105.6115528,165,Unhealthy,3,31.9,71,0.1,3.5,99,1002.2,100,58.0,58.2,483.0,8.5,223.0,49.4
2025-07-06 13:00:00,2025,7,6,13,Hà Nội,Xã Tây Phương,21.0403672,105.6115528,166,Unhealthy,3,32.0,72,0.2,5.1,84,1001.2,100,58.0,58.3,462.0,5.6,238.0,39.2
2025-07-06 14:00:00,2025,7,6,14,Hà Nội,Xã Tây Phương,21.0403672,105.6115528,166,Unhealthy,3,31.4,74,2.3,5.6,86,1000.1,100,59.6,59.8,436.0,4.3,248.0,34.6
2025-07-06 15:00:00,2025,7,6,15,Hà Nội,Xã Tây Phương,21.0403672,105.6115528,166,Unhealthy,3,30.0,78,2.9,10.5,173,999.9,100,59.6,60.1,410.0,4.9,252.0,33.1
2025-07-06 16:00:00,2025,7,6,16,Hà Nội,Xã Tây Phương,21.0403672,105.6115528,186,Unhealthy,3,29.5,79,0.1,16.3,155,1000.1,100,60.1,60.3,399.0,7.8,244.0,33.4
2025-07-06 17:00:00,2025,7,6,17,Hà Nội,Xã Tây Phương,21.0403672,105.6115528,205,Very Unhealthy,4,28.1,83,0.1,12.7,149,1000.7,85,61.5,61.7,405.0,14.1,219.0,35.1
2025-07-06 18:00:00,2025,7,6,18,Hà Nội,Xã Tây Phương,21.0403672,105.6115528,210,Very Unhealthy,4,27.6,85,0.0,11.2,152,1001.3,94,62.9,63.1,426.0,22.7,183.0,38.4
2025-07-06 19:00:00,2025,7,6,19,Hà Nội,Xã Tây Phương,21.0403672,105.6115528,211,Very Unhealthy,4,27.1,89,0.0,11.5,155,1002.3,91,58.3,58.3,462.0,28.7,152.0,48.0
2025-07-06 20:00:00,2025,7,6,20,Hà Nội,Xã Tây Phương,21.0403672,105.6115528,208,Very Unhealthy,4,27.6,84,0.0,10.3,167,1002.4,100,62.2,62.2,525.0,33.9,128.0,51.5
2025-07-06 21:00:00,2025,7,6,21,Hà Nội,Xã Tây Phương,21.0403672,105.6115528,201,Very Unhealthy,4,27.1,87,0.0,8.1,163,1003.0,100,70.5,70.8,603.0,41.3,94.0,56.2
2025-07-06 22:00:00,2025,7,6,22,Hà Nội,Xã Tây Phương,21.0403672,105.6115528,180,Unhealthy,3,26.6,90,0.0,7.6,149,1003.7,100,82.0,82.0,669.0,48.0,65.0,59.6
2025-07-06 23:00:00,2025,7,6,23,Hà Nội,Xã Tây Phương,21.0403672,105.6115528,166,Unhealthy,3,26.3,93,0.0,6.5,150,1003.6,100,87.8,87.8,715.0,52.9,48.0,59.9
2025-07-07 00:00:00,2025,7,7,0,Hà Nội,Xã Tây Phương,21.0403672,105.6115528,165,Unhealthy,3,26.0,95,0.0,6.6,158,1003.1,100,88.7,88.7,749.0,57.1,37.0,58.7
2025-07-07 01:00:00,2025,7,7,1,Hà Nội,Xã Tây Phương,21.0403672,105.6115528,165,Unhealthy,3,25.6,97,0.0,5.3,152,1002.4,72,90.1,90.1,763.0,60.8,28.0,58.5
2025-07-07 02:00:00,2025,7,7,2,Hà Nội,Xã Tây Phương,21.0403672,105.6115528,165,Unhealthy,3,25.4,98,0.0,4.6,141,1001.7,88,92.9,92.9,752.0,64.7,19.0,60.3
2025-07-07 03:00:00,2025,7,7,3,Hà Nội,Xã Tây Phương,21.0403672,105.6115528,164,Unhealthy,3,25.1,99,0.0,3.2,133,1001.6,99,95.7,95.7,721.0,68.0,13.0,63.1
2025-07-07 04:00:00,2025,7,7,4,Hà Nội,Xã Tây Phương,21.0403672,105.6115528,164,Unhealthy,3,25.1,99,0.0,3.4,115,1002.0,99,98.3,98.3,680.0,68.6,13.0,65.9
2025-07-07 05:00:00,2025,7,7,5,Hà Nội,Xã Tây Phương,21.0403672,105.6115528,163,Unhealthy,3,25.1,99,0.0,2.8,135,1002.3,30,101.3,102.0,629.0,65.5,18.0,69.6
2025-07-07 06:00:00,2025,7,7,6,Hà Nội,Xã Tây Phương,21.0403672,105.6115528,163,Unhealthy,3,25.5,98,0.0,1.1,18,1002.4,99,100.4,101.5,568.0,59.7,29.0,73.5
2025-07-07 07:00:00,2025,7,7,7,Hà Nội,Xã Tây Phương,21.0403672,105.6115528,162,Unhealthy,3,26.4,94,0.1,1.2,231,1002.9,81,71.9,72.4,512.0,51.4,50.0,69.5
2025-07-07 08:00:00,2025,7,7,8,Hà Nội,Xã Tây Phương,21.0403672,105.6115528,161,Unhealthy,3,28.5,86,0.1,2.8,191,1003.3,82,60.5,60.5,461.0,42.4,85.0,65.8
2025-07-07 09:00:00,2025,7,7,9,Hà Nội,Xã Tây Phương,21.0403672,105.6115528,160,Unhealthy,3,29.6,81,0.0,0.7,256,1003.2,82,52.6,52.7,416.0,29.8,133.0,60.5
2025-07-07 10:00:00,2025,7,7,10,Hà Nội,Xã Tây Phương,21.0403672,105.6115528,159,Unhealthy,3,30.5,78,0.0,1.3,98,1003.1,87,46.9,46.9,386.0,19.3,176.0,54.7
2025-07-07 11:00:00,2025,7,7,11,Hà Nội,Xã Tây Phương,21.0403672,105.6115528,159,Unhealthy,3,31.2,75,0.1,1.5,69,1002.5,39,41.3,41.4,386.0,12.8,208.0,48.1
2025-07-07 12:00:00,2025,7,7,12,Hà Nội,Xã Tây Phương,21.0403672,105.6115528,159,Unhealthy,3,31.6,75,0.1,2.5,120,1001.6,31,41.7,41.7,403.0,8.4,234.0,41.1
2025-07-07 13:00:00,2025,7,7,13,Hà Nội,Xã Tây Phương,21.0403672,105.6115528,158,Unhealthy,3,32.1,73,0.1,4.4,122,1000.3,16,44.9,45.1,406.0,5.7,252.0,35.7
2025-07-07 14:00:00,2025,7,7,14,Hà Nội,Xã Tây Phương,21.0403672,105.6115528,158,Unhealthy,3,32.9,70,0.1,2.2,156,999.5,21,48.0,48.1,367.0,4.5,262.0,32.8
2025-07-07 15:00:00,2025,7,7,15,Hà Nội,Xã Tây Phương,21.0403672,105.6115528,161,Unhealthy,3,30.5,76,3.4,12.4,223,999.5,94,47.6,47.6,315.0,5.2,265.0,31.5
2025-07-07 16:00:00,2025,7,7,16,Hà Nội,Xã Tây Phương,21.0403672,105.6115528,195,Unhealthy,3,30.4,76,0.2,6.4,205,998.5,96,48.8,48.8,305.0,8.1,257.0,31.6
2025-07-07 17:00:00,2025,7,7,17,Hà Nội,Xã Tây Phương,21.0403672,105.6115528,209,Very Unhealthy,4,30.5,76,0.0,7.6,177,998.3,100,50.2,50.2,384.0,14.6,234.0,33.5
2025-07-07 18:00:00,2025,7,7,18,Hà Nội,Xã Tây Phương,21.0403672,105.6115528,216,Very Unhealthy,4,29.9,80,0.0,9.4,144,998.7,100,53.7,53.8,505.0,23.5,201.0,36.9
2025-07-07 19:00:00,2025,7,7,19,Hà Nội,Xã Tây Phương,21.0403672,105.6115528,218,Very Unhealthy,4,28.5,86,0.0,8.4,132,999.7,97,48.4,48.4,590.0,31.9,140.0,40.9
2025-07-07 20:00:00,2025,7,7,20,Hà Nội,Xã Tây Phương,21.0403672,105.6115528,213,Very Unhealthy,4,28.8,85,0.0,7.3,106,1000.7,96,53.9,53.9,593.0,36.4,116.0,43.9
2025-07-07 21:00:00,2025,7,7,21,Hà Nội,Xã Tây Phương,21.0403672,105.6115528,205,Very Unhealthy,4,28.5,88,0.0,8.0,110,1001.1,97,58.2,58.3,560.0,42.6,83.0,48.1
2025-07-07 22:00:00,2025,7,7,22,Hà Nội,Xã Tây Phương,21.0403672,105.6115528,186,Unhealthy,3,28.2,90,0.0,9.0,125,1002.1,100,67.5,67.5,542.0,48.4,55.0,51.4
2025-07-07 23:00:00,2025,7,7,23,Hà Nội,Xã Tây Phương,21.0403672,105.6115528,156,Unhealthy,3,27.9,93,0.0,9.6,140,1002.1,100,75.9,75.9,567.0,52.7,39.0,52.5
2025-07-08 00:00:00,2025,7,8,0,Hà Nội,Xã Tây Phương,21.0403672,105.6115528,155,Unhealthy,3,27.4,95,0.0,7.9,150,1001.4,100,78.9,78.9,608.0,56.5,30.0,52.6
2025-07-08 01:00:00,2025,7,8,1,Hà Nội,Xã Tây Phương,21.0403672,105.6115528,155,Unhealthy,3,26.9,98,0.0,5.1,153,1000.5,97,80.1,80.3,640.0,60.1,22.0,53.9
2025-07-08 02:00:00,2025,7,8,2,Hà Nội,Xã Tây Phương,21.0403672,105.6115528,155,Unhealthy,3,26.5,99,0.0,3.1,126,1000.5,100,83.1,83.4,652.0,64.4,14.0,57.1
2025-07-08 03:00:00,2025,7,8,3,Hà Nội,Xã Tây Phương,21.0403672,105.6115528,155,Unhealthy,3,26.4,98,0.0,3.3,99,1000.1,99,87.8,87.8,655.0,68.6,8.0,61.4
2025-07-08 04:00:00,2025,7,8,4,Hà Nội,Xã Tây Phương,21.0403672,105.6115528,155,Unhealthy,3,26.2,99,0.0,1.4,40,1000.0,97,91.7,91.7,652.0,70.1,8.0,66.4
2025-07-08 05:00:00,2025,7,8,5,Hà Nội,Xã Tây Phương,21.0403672,105.6115528,154,Unhealthy,3,26.1,99,0.0,3.8,355,999.8,100,93.1,93.4,656.0,68.0,15.0,74.2
2025-07-08 06:00:00,2025,7,8,6,Hà Nội,Xã Tây Phương,21.0403672,105.6115528,154,Unhealthy,3,26.3,99,0.0,5.1,343,1000.0,100,95.7,95.9,654.0,63.3,28.0,82.6
2025-07-08 07:00:00,2025,7,8,7,Hà Nội,Xã Tây Phương,21.0403672,105.6115528,154,Unhealthy,3,27.4,92,0.0,6.1,328,1000.5,100,80.6,80.8,619.0,55.2,56.0,78.0
2025-07-08 08:00:00,2025,7,8,8,Hà Nội,Xã Tây Phương,21.0403672,105.6115528,154,Unhealthy,3,29.6,84,0.0,0.6,342,1001.5,88,73.1,73.3,519.0,44.9,90.0,71.2
2025-07-08 09:00:00,2025,7,8,9,Hà Nội,Xã Tây Phương,21.0403672,105.6115528,155,Unhealthy,3,31.0,78,0.0,3.0,253,1001.5,65,63.6,63.8,385.0,30.6,138.0,61.5
2025-07-08 10:00:00,2025,7,8,10,Hà Nội,Xã Tây Phương,21.0403672,105.6115528,155,Unhealthy,3,32.3,69,0.0,5.8,268,1001.3,66,46.2,46.4,279.0,18.9,175.0,51.8
2025-07-08 11:00:00,2025,7,8,11,Hà Nội,Xã Tây Phương,21.0403672,105.6115528,155,Unhealthy,3,33.3,63,0.0,8.3,281,1000.8,31,39.0,39.3,225.0,12.4,192.0,42.2
2025-07-08 12:00:00,2025,7,8,12,Hà Nội,Xã Tây Phương,21.0403672,105.6115528,155,Unhealthy,3,33.8,61,0.1,5.1,276,999.9,45,35.2,35.5,199.0,8.4,198.0,32.7
2025-07-08 13:00:00,2025,7,8,13,Hà Nội,Xã Tây Phương,21.0403672,105.6115528,155,Unhealthy,3,34.3,59,0.1,4.0,270,999.2,74,31.7,32.2,186.0,6.0,197.0,25.3
2025-07-08 14:00:00,2025,7,8,14,Hà Nội,Xã Tây Phương,21.0403672,105.6115528,154,Unhealthy,3,34.7,57,0.0,1.7,212,997.8,97,27.6,28.2,179.0,3.8,188.0,20.7
2025-07-08 15:00:00,2025,7,8,15,Hà Nội,Xã Tây Phương,21.0403672,105.6115528,154,Unhealthy,3,34.8,57,0.0,4.4,168,996.3,100,24.4,25.0,186.0,3.2,173.0,18.3
2025-07-08 16:00:00,2025,7,8,16,Hà Nội,Xã Tây Phương,21.0403672,105.6115528,153,Unhealthy,3,34.8,57,0.0,7.6,158,995.4,96,21.9,22.7,211.0,7.0,156.0,18.8
2025-07-08 17:00:00,2025,7,8,17,Hà Nội,Xã Tây Phương,21.0403672,105.6115528,163,Unhealthy,3,33.8,66,0.0,11.4,143,995.6,96,21.2,22.1,264.0,19.1,139.0,23.9
2025-07-08 18:00:00,2025,7,8,18,Hà Nội,Xã Tây Phương,21.0403672,105.6115528,164,Unhealthy,3,32.1,72,0.0,12.4,130,996.5,98,32.8,33.6,336.0,35.7,121.0,31.8
2025-07-08 19:00:00,2025,7,8,19,Hà Nội,Xã Tây Phương,21.0403672,105.6115528,155,Unhealthy,3,31.2,72,0.0,13.1,142,997.5,35,53.0,54.2,404.0,47.6,90.0,37.5
2025-07-08 20:00:00,2025,7,8,20,Hà Nội,Xã Tây Phương,21.0403672,105.6115528,152,Unhealthy,3,29.8,85,0.0,7.7,123,998.5,100,74.5,75.7,465.0,51.3,77.0,41.6
2025-07-08 21:00:00,2025,7,8,21,Hà Nội,Xã Tây Phương,21.0403672,105.6115528,152,Unhealthy,3,29.2,87,0.0,9.9,142,999.4,100,72.2,73.3,522.0,56.4,59.0,47.1
2025-07-08 22:00:00,2025,7,8,22,Hà Nội,Xã Tây Phương,21.0403672,105.6115528,153,Unhealthy,3,28.8,88,0.0,10.7,150,999.9,100,68.7,69.6,565.0,60.5,43.0,50.7
2025-07-08 23:00:00,2025,7,8,23,Hà Nội,Xã Tây Phương,21.0403672,105.6115528,153,Unhealthy,3,28.4,91,0.0,8.1,151,999.9,90,71.5,72.2,599.0,62.4,33.0,50.3
2025-07-09 00:00:00,2025,7,9,0,Hà Nội,Xã Tây Phương,21.0403672,105.6115528,153,Unhealthy,3,28.0,93,0.0,5.7,148,999.5,100,74.3,75.0,620.0,63.2,26.0,47.9
2025-07-09 01:00:00,2025,7,9,1,Hà Nội,Xã Tây Phương,21.0403672,105.6115528,152,Unhealthy,3,27.6,96,0.0,4.1,135,999.0,93,77.5,78.7,601.0,64.1,20.0,46.4
2025-07-09 02:00:00,2025,7,9,2,Hà Nội,Xã Tây Phương,21.0403672,105.6115528,152,Unhealthy,3,27.2,97,0.0,0.9,79,998.6,100,81.3,82.9,504.0,66.2,15.0,46.9
2025-07-09 03:00:00,2025,7,9,3,Hà Nội,Xã Tây Phương,21.0403672,105.6115528,152,Unhealthy,3,26.9,98,0.0,2.5,30,998.3,95,86.6,89.2,367.0,68.2,11.0,48.1
2025-07-09 04:00:00,2025,7,9,4,Hà Nội,Xã Tây Phương,21.0403672,105.6115528,152,Unhealthy,3,26.6,98,0.0,2.4,27,998.5,97,86.4,89.6,282.0,67.7,13.0,49.4
2025-07-09 05:00:00,2025,7,9,5,Hà Nội,Xã Tây Phương,21.0403672,105.6115528,152,Unhealthy,3,26.5,99,0.0,2.4,351,998.7,100,88.2,91.5,309.0,63.5,22.0,51.3
2025-07-09 06:00:00,2025,7,9,6,Hà Nội,Xã Tây Phương,21.0403672,105.6115528,152,Unhealthy,3,26.8,99,0.0,4.6,342,999.0,100,91.3,94.3,388.0,56.8,38.0,53.1
2025-07-09 07:00:00,2025,7,9,7,Hà Nội,Xã Tây Phương,21.0403672,105.6115528,152,Unhealthy,3,28.3,94,0.0,3.2,357,999.4,98,84.1,87.5,427.0,52.6,56.0,55.3
2025-07-09 08:00:00,2025,7,9,8,Hà Nội,Xã Tây Phương,21.0403672,105.6115528,152,Unhealthy,3,30.4,87,0.0,1.7,311,1000.1,85,77.5,79.9,374.0,43.7,87.0,54.2
2025-07-09 09:00:00,2025,7,9,9,Hà Nội,Xã Tây Phương,21.0403672,105.6115528,152,Unhealthy,3,31.9,79,0.0,5.5,289,999.8,83,64.7,67.5,281.0,31.2,130.0,52.4
2025-07-09 10:00:00,2025,7,9,10,Hà Nội,Xã Tây Phương,21.0403672,105.6115528,152,Unhealthy,3,33.0,70,0.1,7.4,288,999.7,87,49.7,54.4,210.0,20.7,162.0,48.4
2025-07-09 11:00:00,2025,7,9,11,Hà Nội,Xã Tây Phương,21.0403672,105.6115528,152,Unhealthy,3,34.0,65,0.0,8.1,283,999.0,93,40.0,46.6,187.0,13.7,174.0,40.2
2025-07-09 12:00:00,2025,7,9,12,Hà Nội,Xã Tây Phương,21.0403672,105.6115528,152,Unhealthy,3,34.7,61,0.0,6.6,299,998.2,94,34.2,41.9,185.0,8.7,175.0,29.8
2025-07-09 13:00:00,2025,7,9,13,Hà Nội,Xã Tây Phương,21.0403672,105.6115528,152,Unhealthy,3,35.2,59,0.0,4.8,297,997.0,98,30.6,39.1,189.0,5.9,170.0,22.3
2025-07-09 14:00:00,2025,7,9,14,Hà Nội,Xã Tây Phương,21.0403672,105.6115528,152,Unhealthy,3,35.2,58,0.0,3.7,281,995.6,99,27.8,36.9,167.0,5.5,160.0,19.6
2025-07-09 15:00:00,2025,7,9,15,Hà Nội,Xã Tây Phương,21.0403672,105.6115528,152,Unhealthy,3,35.5,57,0.0,2.8,320,994.8,100,25.1,34.8,151.0,7.3,145.0,19.7
2025-07-09 16:00:00,2025,7,9,16,Hà Nội,Xã Tây Phương,21.0403672,105.6115528,152,Unhealthy,3,34.4,60,0.8,7.2,152,995.5,100,27.1,35.6,218.0,11.6,130.0,21.9
2025-07-09 17:00:00,2025,7,9,17,Hà Nội,Xã Tây Phương,21.0403672,105.6115528,152,Unhealthy,3,29.0,85,6.0,4.5,182,996.0,100,36.2,41.7,418.0,19.7,117.0,27.0
2025-07-09 18:00:00,2025,7,9,18,Hà Nội,Xã Tây Phương,21.0403672,105.6115528,153,Unhealthy,3,29.2,85,0.0,3.8,41,996.5,100,44.8,49.0,703.0,30.3,104.0,34.2
2025-07-09 19:00:00,2025,7,9,19,Hà Nội,Xã Tây Phương,21.0403672,105.6115528,153,Unhealthy,3,28.5,89,0.1,11.4,72,997.1,100,39.1,46.7,1001.0,41.9,49.0,30.4
2025-07-09 20:00:00,2025,7,9,20,Hà Nội,Xã Tây Phương,21.0403672,105.6115528,153,Unhealthy,3,28.1,91,0.3,7.1,34,997.5,100,52.0,58.7,1351.0,42.0,52.0,33.1
2025-07-09 21:00:00,2025,7,9,21,Hà Nội,Xã Tây Phương,21.0403672,105.6115528,152,Unhealthy,3,27.9,95,0.0,2.2,42,998.4,100,56.0,61.0,1716.0,42.0,55.0,36.7
2025-07-09 22:00:00,2025,7,9,22,Hà Nội,Xã Tây Phương,21.0403672,105.6115528,152,Unhealthy,3,27.9,95,0.0,4.2,340,999.3,100,49.7,52.2,1913.0,41.6,58.0,39.5
2025-07-09 23:00:00,2025,7,9,23,Hà Nội,Xã Tây Phương,21.0403672,105.6115528,151,Unhealthy,3,27.8,96,0.0,5.0,300,998.8,100,48.8,50.4,1834.0,40.7,58.0,40.7
2025-07-10 00:00:00,2025,7,10,0,Hà Nội,Xã Tây Phương,21.0403672,105.6115528,151,Unhealthy,3,27.7,97,0.4,5.9,322,998.4,100,50.1,51.2,1587.0,39.5,57.0,40.9
2025-07-10 01:00:00,2025,7,10,1,Hà Nội,Xã Tây Phương,21.0403672,105.6115528,150,Unhealthy for Sensitive Groups,2,27.5,97,0.3,5.6,333,998.3,100,50.4,51.3,1314.0,37.8,56.0,40.4
2025-07-10 02:00:00,2025,7,10,2,Hà Nội,Xã Tây Phương,21.0403672,105.6115528,149,Unhealthy for Sensitive Groups,2,27.2,98,0.0,9.1,297,997.8,100,46.0,46.7,1025.0,35.0,56.0,38.3
2025-07-10 03:00:00,2025,7,10,3,Hà Nội,Xã Tây Phương,21.0403672,105.6115528,145,Unhealthy for Sensitive Groups,2,26.8,96,0.0,9.9,295,997.3,100,41.3,42.1,709.0,31.7,57.0,35.5
2025-07-10 04:00:00,2025,7,10,4,Hà Nội,Xã Tây Phương,21.0403672,105.6115528,141,Unhealthy for Sensitive Groups,2,26.5,95,0.0,9.4,313,997.2,99,41.0,41.9,474.0,29.8,57.0,34.7
2025-07-10 05:00:00,2025,7,10,5,Hà Nội,Xã Tây Phương,21.0403672,105.6115528,136,Unhealthy for Sensitive Groups,2,26.3,95,0.0,9.9,312,997.1,100,41.0,42.1,382.0,31.2,54.0,38.7
2025-07-10 06:00:00,2025,7,10,6,Hà Nội,Xã Tây Phương,21.0403672,105.6115528,131,Unhealthy for Sensitive Groups,2,26.5,95,0.0,10.2,318,997.6,100,43.1,44.4,371.0,33.9,52.0,44.8
2025-07-10 07:00:00,2025,7,10,7,Hà Nội,Xã Tây Phương,21.0403672,105.6115528,126,Unhealthy for Sensitive Groups,2,27.4,92,0.0,8.6,329,998.4,100,46.0,48.2,363.0,38.8,41.0,51.2
2025-07-10 08:00:00,2025,7,10,8,Hà Nội,Xã Tây Phương,21.0403672,105.6115528,122,Unhealthy for Sensitive Groups,2,28.0,88,0.0,9.1,306,999.0,100,43.3,46.0,331.0,33.1,60.0,48.1
2025-07-10 09:00:00,2025,7,10,9,Hà Nội,Xã Tây Phương,21.0403672,105.6115528,118,Unhealthy for Sensitive Groups,2,29.6,81,0.0,9.0,303,999.2,100,36.0,39.2,303.0,25.2,87.0,43.7
2025-07-10 10:00:00,2025,7,10,10,Hà Nội,Xã Tây Phương,21.0403672,105.6115528,115,Unhealthy for Sensitive Groups,2,31.0,73,0.0,9.7,301,999.0,100,31.1,35.0,278.0,18.1,113.0,38.6
2025-07-10 11:00:00,2025,7,10,11,Hà Nội,Xã Tây Phương,21.0403672,105.6115528,113,Unhealthy for Sensitive Groups,2,31.9,69,0.0,10.4,306,998.4,100,27.6,31.7,257.0,12.8,135.0,32.3
2025-07-10 12:00:00,2025,7,10,12,Hà Nội,Xã Tây Phương,21.0403672,105.6115528,112,Unhealthy for Sensitive Groups,2,32.5,65,0.0,11.2,311,997.8,100,27.1,31.0,241.0,8.4,156.0,25.4
2025-07-10 13:00:00,2025,7,10,13,Hà Nội,Xã Tây Phương,21.0403672,105.6115528,111,Unhealthy for Sensitive Groups,2,32.8,64,0.0,10.5,322,996.8,100,27.0,30.4,231.0,5.5,172.0,20.5
2025-07-10 14:00:00,2025,7,10,14,Hà Nội,Xã Tây Phương,21.0403672,105.6115528,111,Unhealthy for Sensitive Groups,2,33.2,64,0.0,10.1,320,995.7,97,27.2,30.4,209.0,4.1,182.0,18.5
2025-07-10 15:00:00,2025,7,10,15,Hà Nội,Xã Tây Phương,21.0403672,105.6115528,111,Unhealthy for Sensitive Groups,2,33.5,62,0.0,9.2,317,994.7,77,27.6,30.5,194.0,4.2,188.0,18.6
2025-07-10 16:00:00,2025,7,10,16,Hà Nội,Xã Tây Phương,21.0403672,105.6115528,111,Unhealthy for Sensitive Groups,2,32.9,64,0.0,9.6,337,994.4,97,28.3,31.0,243.0,6.9,186.0,20.4
2025-07-10 17:00:00,2025,7,10,17,Hà Nội,Xã Tây Phương,21.0403672,105.6115528,126,Unhealthy for Sensitive Groups,2,32.3,67,0.0,9.5,321,994.5,99,29.3,31.9,425.0,14.3,174.0,25.4
2025-07-10 18:00:00,2025,7,10,18,Hà Nội,Xã Tây Phương,21.0403672,105.6115528,144,Unhealthy for Sensitive Groups,2,31.1,77,0.0,7.9,24,995.1,100,36.8,39.1,672.0,24.3,154.0,32.1
2025-07-10 19:00:00,2025,7,10,19,Hà Nội,Xã Tây Phương,21.0403672,105.6115528,152,Unhealthy,3,29.4,84,0.0,9.8,41,996.2,100,47.0,47.8,835.0,47.7,92.0,37.7
2025-07-10 20:00:00,2025,7,10,20,Hà Nội,Xã Tây Phương,21.0403672,105.6115528,144,Unhealthy for Sensitive Groups,2,29.0,85,0.1,4.6,21,996.6,100,66.8,67.8,842.0,47.7,79.0,39.0
2025-07-10 21:00:00,2025,7,10,21,Hà Nội,Xã Tây Phương,21.0403672,105.6115528,128,Unhealthy for Sensitive Groups,2,28.1,91,0.0,2.1,301,997.5,100,63.8,65.2,766.0,47.5,62.0,40.5
2025-07-10 22:00:00,2025,7,10,22,Hà Nội,Xã Tây Phương,21.0403672,105.6115528,113,Unhealthy for Sensitive Groups,2,27.8,93,0.0,2.8,285,998.0,100,54.2,55.3,675.0,45.8,49.0,40.4
2025-07-10 23:00:00,2025,7,10,23,Hà Nội,Xã Tây Phương,21.0403672,105.6115528,113,Unhealthy for Sensitive Groups,2,27.5,93,0.0,3.8,275,998.0,100,46.8,47.5,581.0,41.2,46.0,37.2
2025-07-11 00:00:00,2025,7,11,0,Hà Nội,Xã Tây Phương,21.0403672,105.6115528,113,Unhealthy for Sensitive Groups,2,27.5,93,0.0,6.2,277,997.9,100,41.6,42.3,471.0,35.0,47.0,32.3
2025-07-11 01:00:00,2025,7,11,1,Hà Nội,Xã Tây Phương,21.0403672,105.6115528,112,Unhealthy for Sensitive Groups,2,27.5,92,1.3,8.6,15,997.6,100,37.5,38.0,378.0,29.8,50.0,28.2
2025-07-11 02:00:00,2025,7,11,2,Hà Nội,Xã Tây Phương,21.0403672,105.6115528,111,Unhealthy for Sensitive Groups,2,26.1,96,4.3,6.5,321,996.8,95,35.5,36.0,308.0,26.2,54.0,25.5
2025-07-11 03:00:00,2025,7,11,3,Hà Nội,Xã Tây Phương,21.0403672,105.6115528,110,Unhealthy for Sensitive Groups,2,25.9,97,0.6,10.0,283,996.8,89,32.5,32.9,255.0,23.5,60.0,23.6
2025-07-11 04:00:00,2025,7,11,4,Hà Nội,Xã Tây Phương,21.0403672,105.6115528,109,Unhealthy for Sensitive Groups,2,25.9,95,1.1,8.6,306,997.1,100,28.2,28.5,230.0,22.1,64.0,22.9
2025-07-11 05:00:00,2025,7,11,5,Hà Nội,Xã Tây Phương,21.0403672,105.6115528,108,Unhealthy for Sensitive Groups,2,25.1,95,8.5,15.4,311,997.7,100,27.1,27.5,251.0,22.8,63.0,24.0
2025-07-11 06:00:00,2025,7,11,6,Hà Nội,Xã Tây Phương,21.0403672,105.6115528,106,Unhealthy for Sensitive Groups,2,24.9,96,3.7,10.0,308,998.7,100,27.9,28.3,300.0,24.8,61.0,26.3
2025-07-11 07:00:00,2025,7,11,7,Hà Nội,Xã Tây Phương,21.0403672,105.6115528,105,Unhealthy for Sensitive Groups,2,25.4,96,2.6,13.5,301,999.2,100,26.7,27.0,331.0,23.6,65.0,28.5
2025-07-11 08:00:00,2025,7,11,8,Hà Nội,Xã Tây Phương,21.0403672,105.6115528,103,Unhealthy for Sensitive Groups,2,26.8,90,0.3,12.9,328,999.6,100,23.7,23.9,322.0,20.0,79.0,26.6
2025-07-11 09:00:00,2025,7,11,9,Hà Nội,Xã Tây Phương,21.0403672,105.6115528,101,Unhealthy for Sensitive Groups,2,27.0,89,0.6,15.6,305,1000.0,100,22.2,22.3,295.0,15.0,100.0,24.1
2025-07-11 10:00:00,2025,7,11,10,Hà Nội,Xã Tây Phương,21.0403672,105.6115528,99,Moderate,1,28.3,81,0.2,16.6,312,1000.1,100,22.5,22.6,276.0,11.2,118.0,22.2
2025-07-11 11:00:00,2025,7,11,11,Hà Nội,Xã Tây Phương,21.0403672,105.6115528,98,Moderate,1,29.9,76,0.1,13.4,309,999.9,100,21.6,21.7,273.0,9.4,133.0,21.5
2025-07-11 12:00:00,2025,7,11,12,Hà Nội,Xã Tây Phương,21.0403672,105.6115528,98,Moderate,1,30.8,74,0.1,9.4,317,999.1,100,23.4,23.5,278.0,8.7,145.0,21.5
2025-07-11 13:00:00,2025,7,11,13,Hà Nội,Xã Tây Phương,21.0403672,105.6115528,98,Moderate,1,28.5,80,3.9,14.1,322,998.5,100,24.9,25.0,288.0,8.9,153.0,21.9
2025-07-11 14:00:00,2025,7,11,14,Hà Nội,Xã Tây Phương,21.0403672,105.6115528,97,Moderate,1,28.0,87,2.4,6.1,360,998.1,100,26.0,26.0,279.0,9.4,155.0,22.4
2025-07-11 15:00:00,2025,7,11,15,Hà Nội,Xã Tây Phương,21.0403672,105.6115528,97,Moderate,1,29.5,82,0.2,5.8,268,997.6,100,26.9,27.0,275.0,10.8,152.0,23.3
2025-07-11 16:00:00,2025,7,11,16,Hà Nội,Xã Tây Phương,21.0403672,105.6115528,97,Moderate,1,30.0,80,0.1,6.6,292,997.0,99,27.1,27.2,343.0,14.2,143.0,25.0
2025-07-11 17:00:00,2025,7,11,17,Hà Nội,Xã Tây Phương,21.0403672,105.6115528,100,Moderate,1,28.7,83,3.7,12.6,36,997.7,100,29.9,29.9,572.0,21.5,126.0,27.7
2025-07-11 18:00:00,2025,7,11,18,Hà Nội,Xã Tây Phương,21.0403672,105.6115528,106,Unhealthy for Sensitive Groups,2,26.9,90,0.2,8.1,55,998.4,100,37.3,37.3,873.0,30.8,103.0,31.1
2025-07-11 19:00:00,2025,7,11,19,Hà Nội,Xã Tây Phương,21.0403672,105.6115528,103,Unhealthy for Sensitive Groups,2,26.5,94,0.0,2.8,72,999.5,100,39.1,39.1,1046.0,39.8,74.0,34.9
2025-07-11 20:00:00,2025,7,11,20,Hà Nội,Xã Tây Phương,21.0403672,105.6115528,97,Moderate,1,27.5,89,0.0,0.3,225,1000.4,100,42.6,42.6,974.0,41.9,64.0,37.6
2025-07-11 21:00:00,2025,7,11,21,Hà Nội,Xã Tây Phương,21.0403672,105.6115528,94,Moderate,1,27.3,90,0.0,0.9,323,1001.1,100,46.6,46.6,774.0,44.6,52.0,41.1
2025-07-11 22:00:00,2025,7,11,22,Hà Nội,Xã Tây Phương,21.0403672,105.6115528,93,Moderate,1,26.5,93,0.4,10.4,21,1002.1,100,48.8,48.8,592.0,44.6,44.0,42.1
2025-07-11 23:00:00,2025,7,11,23,Hà Nội,Xã Tây Phương,21.0403672,105.6115528,92,Moderate,1,25.5,96,2.6,6.7,16,1002.5,100,44.1,44.2,472.0,39.5,47.0,38.3
2025-07-12 00:00:00,2025,7,12,0,Hà Nội,Xã Tây Phương,21.0403672,105.6115528,92,Moderate,1,24.8,98,5.6,9.9,323,1002.7,100,34.6,34.6,370.0,31.9,55.0,32.0
2025-07-12 01:00:00,2025,7,12,1,Hà Nội,Xã Tây Phương,21.0403672,105.6115528,92,Moderate,1,24.8,96,0.9,12.8,308,1001.8,100,31.2,31.2,297.0,26.0,61.0,27.1
2025-07-12 02:00:00,2025,7,12,2,Hà Nội,Xã Tây Phương,21.0403672,105.6115528,91,Moderate,1,24.5,97,0.6,12.1,316,1001.7,100,32.2,32.2,261.0,24.0,61.0,24.9
2025-07-12 03:00:00,2025,7,12,3,Hà Nội,Xã Tây Phương,21.0403672,105.6115528,91,Moderate,1,24.5,97,0.5,11.8,314,1001.9,100,29.9,29.9,254.0,23.7,58.0,24.0
2025-07-12 04:00:00,2025,7,12,4,Hà Nội,Xã Tây Phương,21.0403672,105.6115528,90,Moderate,1,24.2,98,1.1,11.1,329,1002.2,100,26.5,26.5,258.0,23.5,57.0,23.9
2025-07-12 05:00:00,2025,7,12,5,Hà Nội,Xã Tây Phương,21.0403672,105.6115528,90,Moderate,1,24.3,98,1.5,13.7,320,1002.2,100,24.3,24.4,273.0,23.1,58.0,24.9
2025-07-12 06:00:00,2025,7,12,6,Hà Nội,Xã Tây Phương,21.0403672,105.6115528,90,Moderate,1,24.4,97,1.9,10.6,305,1002.9,100,24.4,24.5,300.0,22.9,60.0,26.5
2025-07-12 07:00:00,2025,7,12,7,Hà Nội,Xã Tây Phương,21.0403672,105.6115528,90,Moderate,1,24.9,96,0.4,12.6,319,1003.4,100,27.5,27.5,319.0,22.7,64.0,29.0
2025-07-12 08:00:00,2025,7,12,8,Hà Nội,Xã Tây Phương,21.0403672,105.6115528,90,Moderate,1,27.0,90,0.1,13.3,324,1004.0,100,24.6,24.6,322.0,18.7,83.0,26.7
2025-07-12 09:00:00,2025,7,12,9,Hà Nội,Xã Tây Phương,21.0403672,105.6115528,90,Moderate,1,28.0,87,0.2,9.3,326,1004.5,100,21.8,21.8,317.0,13.2,110.0,23.5
2025-07-12 10:00:00,2025,7,12,10,Hà Nội,Xã Tây Phương,21.0403672,105.6115528,90,Moderate,1,29.0,80,0.3,13.0,5,1004.5,100,25.0,25.1,316.0,8.9,135.0,21.3
2025-07-12 11:00:00,2025,7,12,11,Hà Nội,Xã Tây Phương,21.0403672,105.6115528,90,Moderate,1,27.5,88,4.3,6.3,342,1004.3,100,25.7,25.8,323.0,6.7,157.0,21.0
2025-07-12 12:00:00,2025,7,12,12,Hà Nội,Xã Tây Phương,21.0403672,105.6115528,90,Moderate,1,28.0,86,0.1,6.2,308,1003.4,100,27.8,27.9,333.0,5.6,177.0,21.6
2025-07-12 13:00:00,2025,7,12,13,Hà Nội,Xã Tây Phương,21.0403672,105.6115528,91,Moderate,1,29.2,80,0.1,7.4,328,1002.6,100,29.1,29.2,343.0,6.0,183.0,22.0
2025-07-12 14:00:00,2025,7,12,14,Hà Nội,Xã Tây Phương,21.0403672,105.6115528,91,Moderate,1,29.3,79,0.3,10.0,326,1002.0,100,27.8,27.9,342.0,7.3,166.0,21.0
2025-07-12 15:00:00,2025,7,12,15,Hà Nội,Xã Tây Phương,21.0403672,105.6115528,95,Moderate,1,27.4,89,1.5,11.4,339,1001.7,98,25.4,25.5,340.0,9.9,136.0,19.7
2025-07-12 16:00:00,2025,7,12,16,Hà Nội,Xã Tây Phương,21.0403672,105.6115528,111,Unhealthy for Sensitive Groups,2,28.6,84,0.1,5.0,341,1001.2,98,23.9,23.9,373.0,15.5,108.0,20.9
2025-07-12 17:00:00,2025,7,12,17,Hà Nội,Xã Tây Phương,21.0403672,105.6115528,116,Unhealthy for Sensitive Groups,2,28.2,78,0.5,9.0,35,1001.9,100,27.8,27.8,466.0,26.6,87.0,26.5
2025-07-12 18:00:00,2025,7,12,18,Hà Nội,Xã Tây Phương,21.0403672,105.6115528,111,Unhealthy for Sensitive Groups,2,26.6,90,0.5,7.7,11,1002.5,100,34.1,34.2,593.0,40.7,68.0,34.4
2025-07-12 19:00:00,2025,7,12,19,Hà Nội,Xã Tây Phương,21.0403672,105.6115528,97,Moderate,1,26.1,92,0.0,3.3,276,1003.0,100,39.5,39.5,707.0,47.5,47.0,35.2
2025-07-12 20:00:00,2025,7,12,20,Hà Nội,Xã Tây Phương,21.0403672,105.6115528,91,Moderate,1,26.5,96,0.2,3.5,189,1003.8,100,51.0,51.5,803.0,50.3,39.0,38.5
2025-07-12 21:00:00,2025,7,12,21,Hà Nội,Xã Tây Phương,21.0403672,105.6115528,91,Moderate,1,26.4,97,0.5,1.8,294,1004.9,100,55.1,55.6,886.0,54.1,29.0,43.1
2025-07-12 22:00:00,2025,7,12,22,Hà Nội,Xã Tây Phương,21.0403672,105.6115528,92,Moderate,1,26.1,97,0.3,5.0,325,1005.4,100,55.2,55.9,921.0,56.3,21.0,46.2
2025-07-12 23:00:00,2025,7,12,23,Hà Nội,Xã Tây Phương,21.0403672,105.6115528,93,Moderate,1,25.9,97,0.3,8.7,291,1005.2,100,57.2,57.9,885.0,55.8,19.0,46.7
2025-07-13 00:00:00,2025,7,13,0,Hà Nội,Xã Tây Phương,21.0403672,105.6115528,94,Moderate,1,25.5,96,0.3,7.6,285,1005.2,100,55.2,55.9,800.0,53.7,19.0,45.8
2025-07-13 01:00:00,2025,7,13,1,Hà Nội,Xã Tây Phương,21.0403672,105.6115528,96,Moderate,1,24.9,97,2.6,10.9,289,1004.9,100,49.9,50.6,699.0,50.7,21.0,44.2
2025-07-13 02:00:00,2025,7,13,2,Hà Nội,Xã Tây Phương,21.0403672,105.6115528,97,Moderate,1,24.9,96,0.3,9.6,286,1004.4,100,47.1,47.6,573.0,46.7,23.0,41.7
2025-07-13 03:00:00,2025,7,13,3,Hà Nội,Xã Tây Phương,21.0403672,105.6115528,99,Moderate,1,24.9,96,1.3,10.7,299,1004.1,100,43.8,44.0,430.0,41.9,27.0,38.5
2025-07-13 04:00:00,2025,7,13,4,Hà Nội,Xã Tây Phương,21.0403672,105.6115528,100,Moderate,1,24.9,97,1.9,8.7,277,1004.3,100,40.2,40.3,332.0,37.4,32.0,36.6
2025-07-13 05:00:00,2025,7,13,5,Hà Nội,Xã Tây Phương,21.0403672,105.6115528,101,Unhealthy for Sensitive Groups,2,24.8,96,0.9,10.7,301,1004.4,100,37.6,37.6,315.0,34.0,38.0,37.3
2025-07-13 06:00:00,2025,7,13,6,Hà Nội,Xã Tây Phương,21.0403672,105.6115528,103,Unhealthy for Sensitive Groups,2,24.7,96,3.9,9.5,316,1005.1,100,36.7,36.8,343.0,31.0,47.0,39.3
2025-07-13 07:00:00,2025,7,13,7,Hà Nội,Xã Tây Phương,21.0403672,105.6115528,104,Unhealthy for Sensitive Groups,2,24.9,96,1.6,11.2,302,1005.4,100,35.2,35.2,362.0,33.7,51.0,46.1
2025-07-13 08:00:00,2025,7,13,8,Hà Nội,Xã Tây Phương,21.0403672,105.6115528,105,Unhealthy for Sensitive Groups,2,28.0,87,0.0,9.9,302,1005.9,39,30.5,30.5,350.0,26.9,78.0,41.7
2025-07-13 09:00:00,2025,7,13,9,Hà Nội,Xã Tây Phương,21.0403672,105.6115528,105,Unhealthy for Sensitive Groups,2,29.4,81,0.1,8.0,314,1005.7,73,29.4,29.5,331.0,17.4,115.0,35.6
2025-07-13 10:00:00,2025,7,13,10,Hà Nội,Xã Tây Phương,21.0403672,105.6115528,106,Unhealthy for Sensitive Groups,2,30.2,77,0.1,6.3,323,1005.7,99,25.8,25.8,316.0,10.0,147.0,30.2
2025-07-13 11:00:00,2025,7,13,11,Hà Nội,Xã Tây Phương,21.0403672,105.6115528,106,Unhealthy for Sensitive Groups,2,30.8,75,0.2,6.4,342,1005.4,94,26.6,26.7,311.0,6.7,168.0,26.1
2025-07-13 12:00:00,2025,7,13,12,Hà Nội,Xã Tây Phương,21.0403672,105.6115528,106,Unhealthy for Sensitive Groups,2,31.2,75,0.2,2.7,323,1004.3,100,29.2,29.2,311.0,5.5,183.0,22.8
2025-07-13 13:00:00,2025,7,13,13,Hà Nội,Xã Tây Phương,21.0403672,105.6115528,106,Unhealthy for Sensitive Groups,2,31.5,74,0.1,2.3,39,1003.1,100,36.4,36.4,319.0,5.2,198.0,21.2
2025-07-13 14:00:00,2025,7,13,14,Hà Nội,Xã Tây Phương,21.0403672,105.6115528,107,Unhealthy for Sensitive Groups,2,32.0,71,0.1,1.7,32,1002.5,100,41.7,41.8,317.0,4.8,218.0,22.1
2025-07-13 15:00:00,2025,7,13,15,Hà Nội,Xã Tây Phương,21.0403672,105.6115528,113,Unhealthy for Sensitive Groups,2,32.2,67,0.1,2.4,73,1001.6,100,45.8,45.8,323.0,5.4,237.0,24.7
2025-07-13 16:00:00,2025,7,13,16,Hà Nội,Xã Tây Phương,21.0403672,105.6115528,152,Unhealthy,3,32.0,69,0.0,3.8,139,1001.3,100,48.9,49.0,394.0,8.2,240.0,27.4
2025-07-13 17:00:00,2025,7,13,17,Hà Nội,Xã Tây Phương,21.0403672,105.6115528,178,Unhealthy,3,28.0,87,9.0,12.8,148,1002.0,100,51.1,51.2,590.0,15.3,214.0,29.4
2025-07-13 18:00:00,2025,7,13,18,Hà Nội,Xã Tây Phương,21.0403672,105.6115528,193,Unhealthy,3,27.2,92,0.1,2.1,128,1002.6,100,62.9,62.9,852.0,24.8,172.0,31.6
2025-07-13 19:00:00,2025,7,13,19,Hà Nội,Xã Tây Phương,21.0403672,105.6115528,197,Unhealthy,3,27.1,93,0.0,4.4,102,1002.9,100,68.0,68.0,1055.0,42.9,117.0,48.7
2025-07-13 20:00:00,2025,7,13,20,Hà Nội,Xã Tây Phương,21.0403672,105.6115528,189,Unhealthy,3,28.5,87,0.0,7.1,142,1003.5,100,82.0,82.0,1155.0,43.0,114.0,55.0
2025-07-13 21:00:00,2025,7,13,21,Hà Nội,Xã Tây Phương,21.0403672,105.6115528,178,Unhealthy,3,27.9,89,0.0,8.5,148,1004.4,100,80.8,80.8,1197.0,43.3,109.0,63.7
2025-07-13 22:00:00,2025,7,13,22,Hà Nội,Xã Tây Phương,21.0403672,105.6115528,164,Unhealthy,3,27.2,91,0.0,7.3,150,1005.2,100,84.3,84.5,1195.0,44.0,103.0,70.8
2025-07-13 23:00:00,2025,7,13,23,Hà Nội,Xã Tây Phương,21.0403672,105.6115528,144,Unhealthy for Sensitive Groups,2,26.9,93,0.0,6.4,153,1005.2,100,90.3,90.3,1132.0,45.5,94.0,74.7
2025-07-14 00:00:00,2025,7,14,0,Hà Nội,Xã Tây Phương,21.0403672,105.6115528,134,Unhealthy for Sensitive Groups,2,26.5,95,0.0,5.6,176,1004.3,100,94.5,94.5,1024.0,47.4,83.0,77.0
2025-07-14 01:00:00,2025,7,14,1,Hà Nội,Xã Tây Phương,21.0403672,105.6115528,138,Unhealthy for Sensitive Groups,2,26.0,98,0.0,2.3,184,1003.6,71,99.9,100.1,939.0,49.0,73.0,78.6
2025-07-14 02:00:00,2025,7,14,2,Hà Nội,Xã Tây Phương,21.0403672,105.6115528,143,Unhealthy for Sensitive Groups,2,25.9,99,0.0,2.7,180,1003.3,99,102.9,102.9,904.0,50.0,63.0,79.4
2025-07-14 03:00:00,2025,7,14,3,Hà Nội,Xã Tây Phương,21.0403672,105.6115528,149,Unhealthy for Sensitive Groups,2,25.8,99,0.0,1.1,108,1003.3,98,104.5,104.5,891.0,50.6,54.0,79.5
2025-07-14 04:00:00,2025,7,14,4,Hà Nội,Xã Tây Phương,21.0403672,105.6115528,151,Unhealthy,3,25.6,99,0.0,0.4,207,1003.0,100,108.0,108.0,880.0,51.1,48.0,79.4
2025-07-14 05:00:00,2025,7,14,5,Hà Nội,Xã Tây Phương,21.0403672,105.6115528,153,Unhealthy,3,25.5,99,0.0,2.2,336,1003.0,100,116.6,116.6,867.0,52.4,43.0,79.2
2025-07-14 06:00:00,2025,7,14,6,Hà Nội,Xã Tây Phương,21.0403672,105.6115528,154,Unhealthy,3,25.9,99,0.0,1.6,84,1003.4,100,124.3,124.3,856.0,53.6,41.0,78.8
2025-07-14 07:00:00,2025,7,14,7,Hà Nội,Xã Tây Phương,21.0403672,105.6115528,156,Unhealthy,3,27.0,94,0.0,3.7,43,1003.9,100,73.3,73.6,840.0,36.6,54.0,43.6
2025-07-14 08:00:00,2025,7,14,8,Hà Nội,Xã Tây Phương,21.0403672,105.6115528,157,Unhealthy,3,29.6,86,0.1,4.9,107,1004.0,93,62.4,62.4,814.0,34.3,70.0,46.6
2025-07-14 09:00:00,2025,7,14,9,Hà Nội,Xã Tây Phương,21.0403672,105.6115528,158,Unhealthy,3,30.2,84,0.4,2.4,163,1004.1,96,63.3,63.3,782.0,31.1,92.0,50.6
2025-07-14 10:00:00,2025,7,14,10,Hà Nội,Xã Tây Phương,21.0403672,105.6115528,159,Unhealthy,3,30.6,85,0.9,2.7,67,1004.5,95,56.8,56.8,748.0,28.1,112.0,53.1
2025-07-14 11:00:00,2025,7,14,11,Hà Nội,Xã Tây Phương,21.0403672,105.6115528,159,Unhealthy,3,30.5,86,1.8,2.1,290,1004.4,100,52.0,52.0,706.0,25.9,124.0,52.6
2025-07-14 12:00:00,2025,7,14,12,Hà Nội,Xã Tây Phương,21.0403672,105.6115528,160,Unhealthy,3,29.5,88,5.0,6.9,256,1003.8,100,49.9,50.1,662.0,24.0,133.0,50.5
2025-07-14 13:00:00,2025,7,14,13,Hà Nội,Xã Tây Phương,21.0403672,105.6115528,160,Unhealthy,3,29.1,86,2.0,1.5,45,1002.4,100,48.1,48.1,632.0,22.1,146.0,49.0
2025-07-14 14:00:00,2025,7,14,14,Hà Nội,Xã Tây Phương,21.0403672,105.6115528,161,Unhealthy,3,29.5,84,0.1,3.6,210,1002.3,100,50.4,50.4,627.0,19.2,170.0,48.7
2025-07-14 15:00:00,2025,7,14,15,Hà Nội,Xã Tây Phương,21.0403672,105.6115528,161,Unhealthy,3,30.2,82,0.0,1.0,112,1000.5,100,53.1,53.1,636.0,16.4,198.0,48.8
2025-07-14 16:00:00,2025,7,14,16,Hà Nội,Xã Tây Phương,21.0403672,105.6115528,161,Unhealthy,3,30.5,79,0.0,4.9,147,999.8,100,53.2,53.2,646.0,16.7,212.0,49.6
2025-07-14 17:00:00,2025,7,14,17,Hà Nội,Xã Tây Phương,21.0403672,105.6115528,161,Unhealthy,3,30.5,77,0.0,6.7,146,999.7,100,53.0,53.1,641.0,22.4,204.0,50.5
2025-07-14 18:00:00,2025,7,14,18,Hà Nội,Xã Tây Phương,21.0403672,105.6115528,161,Unhealthy,3,29.8,82,0.0,10.4,136,999.7,100,58.3,58.3,636.0,31.1,183.0,52.0
2025-07-14 19:00:00,2025,7,14,19,Hà Nội,Xã Tây Phương,21.0403672,105.6115528,161,Unhealthy,3,28.7,86,0.0,8.2,123,1000.8,100,99.7,99.7,670.0,48.4,135.0,67.4
2025-07-14 20:00:00,2025,7,14,20,Hà Nội,Xã Tây Phương,21.0403672,105.6115528,162,Unhealthy,3,28.4,89,0.0,4.7,130,1002.1,100,106.6,106.6,793.0,51.5,116.0,70.8
2025-07-14 21:00:00,2025,7,14,21,Hà Nội,Xã Tây Phương,21.0403672,105.6115528,162,Unhealthy,3,28.1,91,0.0,7.1,100,1002.9,100,109.9,110.1,953.0,55.9,89.0,75.6
2025-07-14 22:00:00,2025,7,14,22,Hà Nội,Xã Tây Phương,21.0403672,105.6115528,163,Unhealthy,3,27.9,93,0.0,7.7,126,1003.2,100,119.2,119.2,1034.0,60.4,66.0,80.0
2025-07-14 23:00:00,2025,7,14,23,Hà Nội,Xã Tây Phương,21.0403672,105.6115528,164,Unhealthy,3,27.5,93,0.0,7.9,133,1002.9,100,126.7,126.7,954.0,64.9,52.0,83.9
2025-07-15 00:00:00,2025,7,15,0,Hà Nội,Xã Tây Phương,21.0403672,105.6115528,164,Unhealthy,3,27.1,94,0.0,8.2,158,1002.6,100,134.1,134.1,794.0,69.5,43.0,87.3
2025-07-15 01:00:00,2025,7,15,1,Hà Nội,Xã Tây Phương,21.0403672,105.6115528,165,Unhealthy,3,26.8,95,0.0,6.7,149,1002.5,100,138.3,138.3,677.0,73.5,34.0,88.7
2025-07-15 02:00:00,2025,7,15,2,Hà Nội,Xã Tây Phương,21.0403672,105.6115528,166,Unhealthy,3,26.6,96,0.0,4.7,148,1002.1,98,136.0,136.0,661.0,77.4,22.0,86.4
2025-07-15 03:00:00,2025,7,15,3,Hà Nội,Xã Tây Phương,21.0403672,105.6115528,167,Unhealthy,3,26.5,96,0.0,5.2,124,1001.3,99,138.8,138.8,688.0,80.6,11.0,82.1
2025-07-15 04:00:00,2025,7,15,4,Hà Nội,Xã Tây Phương,21.0403672,105.6115528,168,Unhealthy,3,26.4,97,0.0,3.1,140,1000.2,20,142.5,142.5,703.0,80.8,6.0,79.5
2025-07-15 05:00:00,2025,7,15,5,Hà Nội,Xã Tây Phương,21.0403672,105.6115528,168,Unhealthy,3,26.1,97,0.0,2.2,145,1000.9,96,142.5,143.0,679.0,76.9,8.0,81.6
2025-07-15 06:00:00,2025,7,15,6,Hà Nội,Xã Tây Phương,21.0403672,105.6115528,169,Unhealthy,3,26.5,97,0.0,5.1,144,1000.9,100,145.8,145.8,643.0,70.0,17.0,85.4
2025-07-15 07:00:00,2025,7,15,7,Hà Nội,Xã Tây Phương,21.0403672,105.6115528,169,Unhealthy,3,27.5,93,0.0,6.6,64,1001.8,100,82.2,82.4,622.0,54.0,31.0,74.1
2025-07-15 08:00:00,2025,7,15,8,Hà Nội,Xã Tây Phương,21.0403672,105.6115528,170,Unhealthy,3,28.5,89,0.1,6.2,69,1002.2,100,80.8,81.0,642.0,49.0,50.0,74.5
2025-07-15 09:00:00,2025,7,15,9,Hà Nội,Xã Tây Phương,21.0403672,105.6115528,170,Unhealthy,3,28.7,86,0.2,4.5,97,1002.4,100,74.7,74.7,678.0,41.8,78.0,74.6
2025-07-15 10:00:00,2025,7,15,10,Hà Nội,Xã Tây Phương,21.0403672,105.6115528,170,Unhealthy,3,30.4,76,0.1,5.1,170,1002.2,100,72.4,72.4,682.0,34.0,114.0,71.8
2025-07-15 11:00:00,2025,7,15,11,Hà Nội,Xã Tây Phương,21.0403672,105.6115528,171,Unhealthy,3,30.2,77,0.0,6.6,193,1001.9,100,74.0,74.0,624.0,24.8,166.0,63.3
2025-07-15 12:00:00,2025,7,15,12,Hà Nội,Xã Tây Phương,21.0403672,105.6115528,171,Unhealthy,3,30.4,77,0.0,7.1,201,1001.2,100,65.0,65.2,535.0,15.0,225.0,51.8
2025-07-15 13:00:00,2025,7,15,13,Hà Nội,Xã Tây Phương,21.0403672,105.6115528,171,Unhealthy,3,30.9,75,0.0,5.1,190,1000.1,100,64.7,65.0,455.0,8.3,269.0,42.8
2025-07-15 14:00:00,2025,7,15,14,Hà Nội,Xã Tây Phương,21.0403672,105.6115528,172,Unhealthy,3,31.8,71,0.0,3.5,156,999.1,100,66.1,66.1,382.0,6.1,287.0,38.4
2025-07-15 15:00:00,2025,7,15,15,Hà Nội,Xã Tây Phương,21.0403672,105.6115528,172,Unhealthy,3,32.4,68,0.0,6.3,156,998.1,31,63.1,63.3,319.0,6.9,289.0,36.5
2025-07-15 16:00:00,2025,7,15,16,Hà Nội,Xã Tây Phương,21.0403672,105.6115528,173,Unhealthy,3,32.8,66,0.0,7.1,156,997.5,21,64.5,64.7,313.0,10.7,279.0,36.5
2025-07-15 17:00:00,2025,7,15,17,Hà Nội,Xã Tây Phương,21.0403672,105.6115528,204,Very Unhealthy,4,31.9,69,0.1,11.4,153,997.7,46,65.7,65.7,411.0,19.1,253.0,39.1
2025-07-15 18:00:00,2025,7,15,18,Hà Nội,Xã Tây Phương,21.0403672,105.6115528,216,Very Unhealthy,4,30.9,77,0.0,7.6,152,997.9,21,74.0,74.3,566.0,30.4,215.0,43.6
2025-07-15 19:00:00,2025,7,15,19,Hà Nội,Xã Tây Phương,21.0403672,105.6115528,223,Very Unhealthy,4,29.9,79,0.0,6.6,151,998.8,15,80.3,80.6,687.0,40.0,153.0,49.6
2025-07-15 20:00:00,2025,7,15,20,Hà Nội,Xã Tây Phương,21.0403672,105.6115528,222,Very Unhealthy,4,29.2,83,0.0,7.6,155,1000.2,73,81.5,81.7,744.0,42.3,128.0,49.7
2025-07-15 21:00:00,2025,7,15,21,Hà Nội,Xã Tây Phương,21.0403672,105.6115528,215,Very Unhealthy,4,28.9,84,0.0,8.9,153,1001.1,79,83.4,83.6,767.0,45.2,94.0,49.6
2025-07-15 22:00:00,2025,7,15,22,Hà Nội,Xã Tây Phương,21.0403672,105.6115528,203,Very Unhealthy,4,28.5,86,0.0,9.0,134,1001.4,91,82.0,82.4,757.0,46.5,67.0,48.1
2025-07-15 23:00:00,2025,7,15,23,Hà Nội,Xã Tây Phương,21.0403672,105.6115528,173,Unhealthy,3,28.1,89,0.0,10.7,135,1001.7,56,77.1,77.8,700.0,44.8,54.0,44.1
2025-07-16 00:00:00,2025,7,16,0,Hà Nội,Xã Tây Phương,21.0403672,105.6115528,170,Unhealthy,3,27.9,90,0.0,11.7,144,1001.6,100,61.2,62.6,609.0,41.3,47.0,38.7
2025-07-16 01:00:00,2025,7,16,1,Hà Nội,Xã Tây Phương,21.0403672,105.6115528,168,Unhealthy,3,27.5,91,0.0,11.1,148,1001.0,86,45.5,46.8,523.0,37.7,44.0,34.0
2025-07-16 02:00:00,2025,7,16,2,Hà Nội,Xã Tây Phương,21.0403672,105.6115528,166,Unhealthy,3,27.2,93,0.0,9.9,151,1000.6,100,30.7,31.9,446.0,33.7,45.0,30.3
2025-07-16 03:00:00,2025,7,16,3,Hà Nội,Xã Tây Phương,21.0403672,105.6115528,164,Unhealthy,3,27.0,95,0.0,7.8,138,1000.8,100,23.3,24.0,375.0,29.4,49.0,27.3
2025-07-16 04:00:00,2025,7,16,4,Hà Nội,Xã Tây Phương,21.0403672,105.6115528,161,Unhealthy,3,26.9,97,0.0,6.9,121,1000.5,100,21.2,21.4,338.0,26.9,52.0,26.3
2025-07-16 05:00:00,2025,7,16,5,Hà Nội,Xã Tây Phương,21.0403672,105.6115528,159,Unhealthy,3,26.6,98,0.0,1.2,129,1000.7,100,23.5,23.7,362.0,27.9,49.0,28.9
2025-07-16 06:00:00,2025,7,16,6,Hà Nội,Xã Tây Phương,21.0403672,105.6115528,156,Unhealthy,3,26.8,99,0.0,4.5,43,1000.9,100,26.1,26.3,421.0,30.7,43.0,33.6
2025-07-16 07:00:00,2025,7,16,7,Hà Nội,Xã Tây Phương,21.0403672,105.6115528,153,Unhealthy,3,27.5,93,0.3,6.9,355,1001.7,100,23.4,23.6,465.0,34.5,44.0,35.3
2025-07-16 08:00:00,2025,7,16,8,Hà Nội,Xã Tây Phương,21.0403672,105.6115528,152,Unhealthy,3,28.2,93,0.3,1.5,330,1002.2,100,22.7,22.9,476.0,32.2,49.0,36.7
2025-07-16 09:00:00,2025,7,16,9,Hà Nội,Xã Tây Phương,21.0403672,105.6115528,151,Unhealthy,3,27.8,95,0.9,6.9,303,1002.1,100,22.8,22.9,472.0,28.8,58.0,38.4
2025-07-16 10:00:00,2025,7,16,10,Hà Nội,Xã Tây Phương,21.0403672,105.6115528,148,Unhealthy for Sensitive Groups,2,28.1,93,0.0,9.0,314,1002.6,100,22.5,22.8,461.0,24.5,77.0,38.7
2025-07-16 11:00:00,2025,7,16,11,Hà Nội,Xã Tây Phương,21.0403672,105.6115528,143,Unhealthy for Sensitive Groups,2,29.5,86,0.1,5.9,317,1002.2,100,28.1,28.3,438.0,18.5,113.0,35.9
2025-07-16 12:00:00,2025,7,16,12,Hà Nội,Xã Tây Phương,21.0403672,105.6115528,138,Unhealthy for Sensitive Groups,2,30.5,82,0.2,6.1,315,1001.5,100,32.1,32.4,407.0,11.8,159.0,31.6
2025-07-16 13:00:00,2025,7,16,13,Hà Nội,Xã Tây Phương,21.0403672,105.6115528,135,Unhealthy for Sensitive Groups,2,31.3,79,0.2,5.1,337,1000.7,100,34.9,35.2,388.0,7.1,197.0,28.7
2025-07-16 14:00:00,2025,7,16,14,Hà Nội,Xã Tây Phương,21.0403672,105.6115528,132,Unhealthy for Sensitive Groups,2,31.8,78,0.2,4.3,355,1000.0,100,38.5,38.8,378.0,5.6,224.0,28.5
2025-07-16 15:00:00,2025,7,16,15,Hà Nội,Xã Tây Phương,21.0403672,105.6115528,129,Unhealthy for Sensitive Groups,2,31.5,79,0.2,3.1,31,999.5,100,40.6,40.9,379.0,6.3,242.0,29.8
2025-07-16 16:00:00,2025,7,16,16,Hà Nội,Xã Tây Phương,21.0403672,105.6115528,126,Unhealthy for Sensitive Groups,2,31.2,81,0.1,0.9,90,999.0,100,43.5,43.9,424.0,8.8,242.0,31.1
2025-07-16 17:00:00,2025,7,16,17,Hà Nội,Xã Tây Phương,21.0403672,105.6115528,146,Unhealthy for Sensitive Groups,2,31.5,78,0.1,2.1,38,998.9,100,46.0,46.3,556.0,13.9,213.0,31.7
2025-07-16 18:00:00,2025,7,16,18,Hà Nội,Xã Tây Phương,21.0403672,105.6115528,171,Unhealthy,3,30.9,80,0.2,1.4,113,999.4,100,52.0,52.3,731.0,21.0,165.0,32.5
2025-07-16 19:00:00,2025,7,16,19,Hà Nội,Xã Tây Phương,21.0403672,105.6115528,185,Unhealthy,3,29.8,86,0.1,1.7,198,1000.1,100,59.6,59.8,845.0,37.3,116.0,40.8
2025-07-16 20:00:00,2025,7,16,20,Hà Nội,Xã Tây Phương,21.0403672,105.6115528,186,Unhealthy,3,29.0,92,0.0,0.7,166,1000.8,96,71.2,71.2,831.0,44.2,98.0,48.0
2025-07-16 21:00:00,2025,7,16,21,Hà Nội,Xã Tây Phương,21.0403672,105.6115528,176,Unhealthy,3,27.6,95,0.0,8.3,303,1001.7,98,79.9,80.1,755.0,53.6,73.0,58.2
2025-07-16 22:00:00,2025,7,16,22,Hà Nội,Xã Tây Phương,21.0403672,105.6115528,156,Unhealthy,3,26.7,94,0.0,5.3,10,1002.5,94,88.0,88.0,713.0,60.3,54.0,67.3
2025-07-16 23:00:00,2025,7,16,23,Hà Nội,Xã Tây Phương,21.0403672,105.6115528,122,Unhealthy for Sensitive Groups,2,26.5,94,0.1,8.5,297,1003.0,100,91.0,91.3,752.0,61.2,47.0,73.9
2025-07-17 00:00:00,2025,7,17,0,Hà Nội,Xã Tây Phương,21.0403672,105.6115528,118,Unhealthy for Sensitive Groups,2,26.2,95,0.0,5.6,335,1002.4,97,86.1,86.4,825.0,59.4,47.0,79.5
2025-07-17 01:00:00,2025,7,17,1,Hà Nội,Xã Tây Phương,21.0403672,105.6115528,121,Unhealthy for Sensitive Groups,2,25.9,97,0.0,2.1,329,1002.5,98,89.4,89.4,878.0,58.5,45.0,83.7
2025-07-17 02:00:00,2025,7,17,2,Hà Nội,Xã Tây Phương,21.0403672,105.6115528,126,Unhealthy for Sensitive Groups,2,25.9,97,0.0,3.4,313,1002.1,50,91.0,91.3,893.0,60.9,38.0,86.6
2025-07-17 03:00:00,2025,7,17,3,Hà Nội,Xã Tây Phương,21.0403672,105.6115528,132,Unhealthy for Sensitive Groups,2,25.7,97,0.0,2.8,305,1001.5,5,97.8,98.0,889.0,64.2,29.0,88.1
2025-07-17 04:00:00,2025,7,17,4,Hà Nội,Xã Tây Phương,21.0403672,105.6115528,140,Unhealthy for Sensitive Groups,2,25.6,97,0.0,3.8,311,1001.3,35,102.7,102.9,869.0,64.6,28.0,88.4
2025-07-17 05:00:00,2025,7,17,5,Hà Nội,Xã Tây Phương,21.0403672,105.6115528,148,Unhealthy for Sensitive Groups,2,25.4,98,0.0,3.6,315,1001.8,97,101.7,102.0,828.0,60.2,36.0,87.7
2025-07-17 06:00:00,2025,7,17,6,Hà Nội,Xã Tây Phương,21.0403672,105.6115528,151,Unhealthy,3,26.0,97,0.0,6.2,316,1002.4,98,102.0,102.4,771.0,52.9,50.0,85.6
2025-07-17 07:00:00,2025,7,17,7,Hà Nội,Xã Tây Phương,21.0403672,105.6115528,153,Unhealthy,3,27.1,93,0.0,7.7,323,1002.7,100,102.4,103.1,716.0,54.9,57.0,72.1
2025-07-17 08:00:00,2025,7,17,8,Hà Nội,Xã Tây Phương,21.0403672,105.6115528,155,Unhealthy,3,29.5,87,0.1,5.4,15,1002.7,60,74.7,74.7,669.0,44.4,97.0,72.8
2025-07-17 09:00:00,2025,7,17,9,Hà Nội,Xã Tây Phương,21.0403672,105.6115528,156,Unhealthy,3,30.5,85,0.0,4.6,11,1003.1,78,66.4,66.6,624.0,29.7,152.0,73.4
2025-07-17 10:00:00,2025,7,17,10,Hà Nội,Xã Tây Phương,21.0403672,105.6115528,157,Unhealthy,3,31.5,79,0.0,2.9,11,1003.1,100,56.7,56.8,584.0,17.9,201.0,71.3
2025-07-17 11:00:00,2025,7,17,11,Hà Nội,Xã Tây Phương,21.0403672,105.6115528,158,Unhealthy,3,32.3,77,0.0,2.9,60,1002.6,12,53.6,53.7,552.0,11.6,237.0,64.2
2025-07-17 12:00:00,2025,7,17,12,Hà Nội,Xã Tây Phương,21.0403672,105.6115528,158,Unhealthy,3,32.8,75,0.1,1.5,126,1002.0,36,58.4,58.6,524.0,8.1,265.0,54.5
2025-07-17 13:00:00,2025,7,17,13,Hà Nội,Xã Tây Phương,21.0403672,105.6115528,159,Unhealthy,3,33.3,71,0.2,2.9,180,1001.2,17,59.6,59.6,489.0,6.2,283.0,46.5
2025-07-17 14:00:00,2025,7,17,14,Hà Nội,Xã Tây Phương,21.0403672,105.6115528,159,Unhealthy,3,34.0,66,0.0,4.3,152,1000.4,10,59.3,59.3,428.0,4.6,287.0,41.1
2025-07-17 15:00:00,2025,7,17,15,Hà Nội,Xã Tây Phương,21.0403672,105.6115528,189,Unhealthy,3,34.2,63,0.0,6.5,134,999.9,89,59.4,59.5,360.0,4.4,279.0,37.5
2025-07-17 16:00:00,2025,7,17,16,Hà Nội,Xã Tây Phương,21.0403672,105.6115528,210,Very Unhealthy,4,34.1,62,0.0,8.3,147,999.1,49,57.5,57.6,336.0,8.4,264.0,36.9
2025-07-17 17:00:00,2025,7,17,17,Hà Nội,Xã Tây Phương,21.0403672,105.6115528,222,Very Unhealthy,4,33.3,66,0.0,9.1,173,998.9,32,57.5,57.5,392.0,19.8,240.0,41.1
2025-07-17 18:00:00,2025,7,17,18,Hà Nội,Xã Tây Phương,21.0403672,105.6115528,227,Very Unhealthy,4,32.2,75,0.0,7.9,179,998.9,47,64.7,65.0,491.0,35.3,210.0,48.3
2025-07-17 19:00:00,2025,7,17,19,Hà Nội,Xã Tây Phương,21.0403672,105.6115528,228,Very Unhealthy,4,31.1,76,0.0,9.8,160,999.5,81,93.4,93.4,577.0,45.2,172.0,58.2
2025-07-17 20:00:00,2025,7,17,20,Hà Nội,Xã Tây Phương,21.0403672,105.6115528,224,Very Unhealthy,4,30.1,80,0.0,8.2,190,1000.4,90,113.9,113.9,632.0,48.0,150.0,63.2
2025-07-17 21:00:00,2025,7,17,21,Hà Nội,Xã Tây Phương,21.0403672,105.6115528,216,Very Unhealthy,4,29.6,81,0.0,8.8,192,1001.0,98,120.6,120.6,673.0,51.9,119.0,70.0
2025-07-17 22:00:00,2025,7,17,22,Hà Nội,Xã Tây Phương,21.0403672,105.6115528,205,Very Unhealthy,4,29.0,84,0.0,8.3,202,1001.8,100,122.0,122.0,700.0,55.6,92.0,75.2
2025-07-17 23:00:00,2025,7,17,23,Hà Nội,Xã Tây Phương,21.0403672,105.6115528,181,Unhealthy,3,28.4,86,0.0,7.6,208,1001.6,100,125.3,125.3,715.0,58.7,74.0,76.9
2025-07-18 00:00:00,2025,7,18,0,Hà Nội,Xã Tây Phương,21.0403672,105.6115528,165,Unhealthy,3,27.9,89,0.0,6.3,211,1001.3,99,128.5,128.5,716.0,61.5,59.0,76.9
2025-07-18 01:00:00,2025,7,18,1,Hà Nội,Xã Tây Phương,21.0403672,105.6115528,166,Unhealthy,3,27.4,91,0.0,5.6,195,1000.5,96,131.8,131.8,690.0,63.8,47.0,77.3
2025-07-18 02:00:00,2025,7,18,2,Hà Nội,Xã Tây Phương,21.0403672,105.6115528,167,Unhealthy,3,27.0,94,0.0,4.0,198,999.9,56,128.5,128.5,610.0,66.1,35.0,79.1
2025-07-18 03:00:00,2025,7,18,3,Hà Nội,Xã Tây Phương,21.0403672,105.6115528,168,Unhealthy,3,26.8,95,0.0,0.9,217,1000.0,100,127.6,128.1,503.0,67.9,25.0,81.1
2025-07-18 04:00:00,2025,7,18,4,Hà Nội,Xã Tây Phương,21.0403672,105.6115528,168,Unhealthy,3,26.6,95,0.0,2.0,190,1000.4,99,125.3,125.3,440.0,67.7,23.0,82.4
2025-07-18 05:00:00,2025,7,18,5,Hà Nội,Xã Tây Phương,21.0403672,105.6115528,169,Unhealthy,3,26.3,97,0.0,3.3,221,1000.4,98,122.9,122.9,476.0,65.2,30.0,83.3
2025-07-18 06:00:00,2025,7,18,6,Hà Nội,Xã Tây Phương,21.0403672,105.6115528,169,Unhealthy,3,26.6,96,0.0,7.0,271,1000.4,76,125.7,125.7,555.0,60.7,45.0,83.4
2025-07-18 07:00:00,2025,7,18,7,Hà Nội,Xã Tây Phương,21.0403672,105.6115528,170,Unhealthy,3,28.2,92,0.0,6.8,320,1000.8,1,118.7,119.2,582.0,56.6,60.0,73.4
2025-07-18 08:00:00,2025,7,18,8,Hà Nội,Xã Tây Phương,21.0403672,105.6115528,170,Unhealthy,3,30.4,82,0.0,6.9,300,1001.0,91,102.2,102.7,498.0,46.1,96.0,70.1
2025-07-18 09:00:00,2025,7,18,9,Hà Nội,Xã Tây Phương,21.0403672,105.6115528,171,Unhealthy,3,31.9,73,0.0,7.2,297,1001.2,100,82.0,82.7,362.0,31.5,145.0,65.1
2025-07-18 10:00:00,2025,7,18,10,Hà Nội,Xã Tây Phương,21.0403672,105.6115528,171,Unhealthy,3,33.0,67,0.0,6.6,307,1001.4,100,60.8,61.5,257.0,19.5,181.0,58.1
2025-07-18 11:00:00,2025,7,18,11,Hà Nội,Xã Tây Phương,21.0403672,105.6115528,171,Unhealthy,3,34.0,62,0.0,7.7,311,1000.8,100,47.3,48.0,220.0,12.5,193.0,47.2
2025-07-18 12:00:00,2025,7,18,12,Hà Nội,Xã Tây Phương,21.0403672,105.6115528,171,Unhealthy,3,34.8,58,0.0,7.9,303,999.7,100,39.3,40.2,214.0,8.1,193.0,34.3
2025-07-18 13:00:00,2025,7,18,13,Hà Nội,Xã Tây Phương,21.0403672,105.6115528,171,Unhealthy,3,35.2,58,0.0,6.0,297,998.5,100,34.0,34.7,214.0,5.4,188.0,24.5
2025-07-18 14:00:00,2025,7,18,14,Hà Nội,Xã Tây Phương,21.0403672,105.6115528,170,Unhealthy,3,35.6,56,0.0,3.0,284,997.4,100,30.0,30.9,185.0,2.8,182.0,19.5
2025-07-18 15:00:00,2025,7,18,15,Hà Nội,Xã Tây Phương,21.0403672,105.6115528,169,Unhealthy,3,35.8,54,0.0,1.2,231,996.3,100,26.3,27.0,162.0,1.9,173.0,17.6
2025-07-18 16:00:00,2025,7,18,16,Hà Nội,Xã Tây Phương,21.0403672,105.6115528,169,Unhealthy,3,35.7,54,0.0,2.7,212,995.3,100,23.5,24.2,227.0,6.6,159.0,18.8
2025-07-18 17:00:00,2025,7,18,17,Hà Nội,Xã Tây Phương,21.0403672,105.6115528,168,Unhealthy,3,35.7,53,0.0,0.6,34,994.6,100,22.1,22.8,479.0,21.4,140.0,24.6
2025-07-18 18:00:00,2025,7,18,18,Hà Nội,Xã Tây Phương,21.0403672,105.6115528,167,Unhealthy,3,33.8,68,0.0,4.1,75,994.8,100,36.9,37.5,820.0,41.8,117.0,33.6
2025-07-18 19:00:00,2025,7,18,19,Hà Nội,Xã Tây Phương,21.0403672,105.6115528,167,Unhealthy,3,31.9,70,0.0,6.8,108,995.7,100,69.2,69.6,1036.0,64.8,77.0,42.5
2025-07-18 20:00:00,2025,7,18,20,Hà Nội,Xã Tây Phương,21.0403672,105.6115528,166,Unhealthy,3,31.1,73,0.0,7.3,144,996.3,100,84.8,85.4,1000.0,65.8,69.0,45.7
2025-07-18 21:00:00,2025,7,18,21,Hà Nội,Xã Tây Phương,21.0403672,105.6115528,165,Unhealthy,3,30.6,74,0.0,7.5,156,996.9,100,84.8,85.4,838.0,67.2,57.0,50.3
2025-07-18 22:00:00,2025,7,18,22,Hà Nội,Xã Tây Phương,21.0403672,105.6115528,165,Unhealthy,3,30.2,75,0.0,8.1,162,997.6,100,88.5,89.2,718.0,68.9,46.0,53.9
2025-07-18 23:00:00,2025,7,18,23,Hà Nội,Xã Tây Phương,21.0403672,105.6115528,164,Unhealthy,3,29.8,76,0.0,8.5,144,998.0,99,92.7,93.4,712.0,70.8,37.0,55.7
2025-07-19 00:00:00,2025,7,19,0,Hà Nội,Xã Tây Phương,21.0403672,105.6115528,163,Unhealthy,3,29.1,80,0.0,7.3,147,997.9,100,94.5,95.2,747.0,73.0,28.0,56.7
2025-07-19 01:00:00,2025,7,19,1,Hà Nội,Xã Tây Phương,21.0403672,105.6115528,162,Unhealthy,3,28.3,85,0.0,5.5,167,996.9,97,98.5,99.2,773.0,75.1,21.0,57.5
2025-07-19 02:00:00,2025,7,19,2,Hà Nội,Xã Tây Phương,21.0403672,105.6115528,162,Unhealthy,3,27.5,90,0.0,3.5,192,996.1,93,104.3,104.8,764.0,78.3,12.0,58.6
2025-07-19 03:00:00,2025,7,19,3,Hà Nội,Xã Tây Phương,21.0403672,105.6115528,161,Unhealthy,3,27.1,93,0.0,2.8,252,995.1,98,104.8,105.2,747.0,81.5,5.0,59.6
2025-07-19 04:00:00,2025,7,19,4,Hà Nội,Xã Tây Phương,21.0403672,105.6115528,161,Unhealthy,3,26.9,96,0.0,3.1,280,995.1,100,107.8,108.3,750.0,80.8,5.0,59.6
2025-07-19 05:00:00,2025,7,19,5,Hà Nội,Xã Tây Phương,21.0403672,105.6115528,160,Unhealthy,3,27.0,96,0.0,5.1,324,995.4,100,102.9,103.4,810.0,73.8,15.0,58.1
2025-07-19 06:00:00,2025,7,19,6,Hà Nội,Xã Tây Phương,21.0403672,105.6115528,160,Unhealthy,3,27.5,94,0.0,9.0,313,996.1,100,100.8,101.0,890.0,62.9,33.0,55.8
2025-07-19 07:00:00,2025,7,19,7,Hà Nội,Xã Tây Phương,21.0403672,105.6115528,159,Unhealthy,3,29.0,89,0.0,10.0,304,996.4,100,88.7,91.0,906.0,61.1,46.0,51.7
2025-07-19 08:00:00,2025,7,19,8,Hà Nội,Xã Tây Phương,21.0403672,105.6115528,159,Unhealthy,3,30.5,82,0.0,10.5,297,996.8,100,74.3,74.5,800.0,49.0,93.0,53.8
2025-07-19 09:00:00,2025,7,19,9,Hà Nội,Xã Tây Phương,21.0403672,105.6115528,158,Unhealthy,3,32.3,75,0.0,10.9,309,997.1,100,56.7,56.8,631.0,32.2,158.0,56.2
2025-07-19 10:00:00,2025,7,19,10,Hà Nội,Xã Tây Phương,21.0403672,105.6115528,157,Unhealthy,3,33.4,70,0.0,11.1,316,997.1,100,46.1,46.2,492.0,18.8,203.0,54.9
2025-07-19 11:00:00,2025,7,19,11,Hà Nội,Xã Tây Phương,21.0403672,105.6115528,157,Unhealthy,3,34.5,64,0.0,10.6,309,996.8,100,38.4,38.5,409.0,12.2,209.0,46.3
2025-07-19 12:00:00,2025,7,19,12,Hà Nội,Xã Tây Phương,21.0403672,105.6115528,157,Unhealthy,3,34.9,61,0.0,11.3,304,996.0,100,32.1,32.4,357.0,9.1,195.0,34.1
2025-07-19 13:00:00,2025,7,19,13,Hà Nội,Xã Tây Phương,21.0403672,105.6115528,157,Unhealthy,3,34.8,61,0.0,12.5,302,995.0,100,27.2,27.5,350.0,7.4,183.0,24.9
2025-07-19 14:00:00,2025,7,19,14,Hà Nội,Xã Tây Phương,21.0403672,105.6115528,157,Unhealthy,3,34.8,61,0.1,11.8,313,993.7,99,26.0,26.4,414.0,5.7,184.0,21.2
2025-07-19 15:00:00,2025,7,19,15,Hà Nội,Xã Tây Phương,21.0403672,105.6115528,157,Unhealthy,3,29.1,86,7.5,12.2,114,995.0,100,27.5,28.0,524.0,5.4,187.0,20.6
2025-07-19 16:00:00,2025,7,19,16,Hà Nội,Xã Tây Phương,21.0403672,105.6115528,163,Unhealthy,3,28.0,91,0.1,7.5,55,995.2,100,28.9,29.3,623.0,9.3,182.0,22.5
2025-07-19 17:00:00,2025,7,19,17,Hà Nội,Xã Tây Phương,21.0403672,105.6115528,177,Unhealthy,3,28.4,90,0.7,3.4,252,995.7,100,33.9,34.3,709.0,21.7,161.0,28.4
2025-07-19 18:00:00,2025,7,19,18,Hà Nội,Xã Tây Phương,21.0403672,105.6115528,177,Unhealthy,3,28.4,91,0.0,7.2,256,995.7,100,49.0,49.4,785.0,38.2,132.0,36.9
2025-07-19 19:00:00,2025,7,19,19,Hà Nội,Xã Tây Phương,21.0403672,105.6115528,166,Unhealthy,3,27.8,93,0.0,4.3,270,996.6,100,65.9,66.1,803.0,46.4,100.0,58.3
2025-07-19 20:00:00,2025,7,19,20,Hà Nội,Xã Tây Phương,21.0403672,105.6115528,157,Unhealthy,3,25.2,91,0.0,4.3,272,997.1,100,69.2,69.4,722.0,48.7,86.0,61.5
2025-07-19 21:00:00,2025,7,19,21,Hà Nội,Xã Tây Phương,21.0403672,105.6115528,157,Unhealthy,3,25.1,92,0.0,4.5,320,996.8,100,72.4,72.6,583.0,51.6,66.0,65.6
2025-07-19 22:00:00,2025,7,19,22,Hà Nội,Xã Tây Phương,21.0403672,105.6115528,157,Unhealthy,3,25.1,93,0.0,6.2,350,997.9,100,75.2,75.2,465.0,51.2,53.0,66.0
2025-07-19 23:00:00,2025,7,19,23,Hà Nội,Xã Tây Phương,21.0403672,105.6115528,156,Unhealthy,3,25.2,93,0.0,7.4,337,998.2,100,66.1,66.4,396.0,44.6,53.0,59.8
2025-07-20 00:00:00,2025,7,20,0,Hà Nội,Xã Tây Phương,21.0403672,105.6115528,156,Unhealthy,3,25.5,91,0.0,8.2,280,997.7,100,52.4,52.5,347.0,34.8,59.0,49.9
2025-07-20 01:00:00,2025,7,20,1,Hà Nội,Xã Tây Phương,21.0403672,105.6115528,155,Unhealthy,3,25.7,91,0.0,9.7,269,996.5,88,39.1,39.2,315.0,27.0,63.0,40.9
2025-07-20 02:00:00,2025,7,20,2,Hà Nội,Xã Tây Phương,21.0403672,105.6115528,153,Unhealthy,3,25.6,92,0.0,10.7,287,996.1,100,31.1,31.2,299.0,23.2,62.0,33.9
2025-07-20 03:00:00,2025,7,20,3,Hà Nội,Xã Tây Phương,21.0403672,105.6115528,152,Unhealthy,3,25.8,92,0.0,10.1,295,995.9,100,25.6,25.7,299.0,21.4,59.0,27.8
2025-07-20 04:00:00,2025,7,20,4,Hà Nội,Xã Tây Phương,21.0403672,105.6115528,150,Unhealthy for Sensitive Groups,2,26.0,92,0.0,13.7,289,995.2,100,22.5,22.6,308.0,20.3,57.0,23.6
2025-07-20 05:00:00,2025,7,20,5,Hà Nội,Xã Tây Phương,21.0403672,105.6115528,142,Unhealthy for Sensitive Groups,2,26.5,91,0.0,13.8,298,995.6,100,20.9,21.1,334.0,20.1,54.0,22.3
2025-07-20 06:00:00,2025,7,20,6,Hà Nội,Xã Tây Phương,21.0403672,105.6115528,133,Unhealthy for Sensitive Groups,2,26.8,90,0.0,14.9,304,996.3,100,19.4,19.6,370.0,20.7,51.0,23.0
2025-07-20 07:00:00,2025,7,20,7,Hà Nội,Xã Tây Phương,21.0403672,105.6115528,125,Unhealthy for Sensitive Groups,2,27.9,88,0.1,15.4,314,996.8,100,30.7,31.0,386.0,24.6,54.0,28.0
2025-07-20 08:00:00,2025,7,20,8,Hà Nội,Xã Tây Phương,21.0403672,105.6115528,119,Unhealthy for Sensitive Groups,2,28.8,85,0.1,13.5,293,996.4,100,25.8,26.1,363.0,21.3,73.0,28.0
2025-07-20 09:00:00,2025,7,20,9,Hà Nội,Xã Tây Phương,21.0403672,105.6115528,114,Unhealthy for Sensitive Groups,2,30.4,79,0.0,15.7,302,996.7,99,23.3,23.7,321.0,16.7,100.0,27.8
2025-07-20 10:00:00,2025,7,20,10,Hà Nội,Xã Tây Phương,21.0403672,105.6115528,110,Unhealthy for Sensitive Groups,2,31.4,72,0.0,18.6,309,996.7,100,21.6,22.0,289.0,12.9,121.0,26.9
2025-07-20 11:00:00,2025,7,20,11,Hà Nội,Xã Tây Phương,21.0403672,105.6115528,108,Unhealthy for Sensitive Groups,2,30.5,74,0.0,15.1,308,996.5,100,18.0,18.3,270.0,9.9,132.0,24.0
2025-07-20 12:00:00,2025,7,20,12,Hà Nội,Xã Tây Phương,21.0403672,105.6115528,105,Unhealthy for Sensitive Groups,2,31.5,73,0.0,14.0,306,995.6,100,15.9,16.2,260.0,7.7,139.0,20.4
2025-07-20 13:00:00,2025,7,20,13,Hà Nội,Xã Tây Phương,21.0403672,105.6115528,104,Unhealthy for Sensitive Groups,2,33.2,64,0.0,13.4,303,994.3,100,16.3,16.6,281.0,8.1,139.0,19.2
2025-07-20 14:00:00,2025,7,20,14,Hà Nội,Xã Tây Phương,21.0403672,105.6115528,103,Unhealthy for Sensitive Groups,2,33.2,64,0.0,10.6,314,993.7,100,18.0,18.4,329.0,12.1,132.0,21.7
2025-07-20 15:00:00,2025,7,20,15,Hà Nội,Xã Tây Phương,21.0403672,105.6115528,102,Unhealthy for Sensitive Groups,2,32.3,72,0.0,7.5,345,993.7,100,24.0,24.4,408.0,18.6,119.0,26.5
2025-07-20 16:00:00,2025,7,20,16,Hà Nội,Xã Tây Phương,21.0403672,105.6115528,101,Unhealthy for Sensitive Groups,2,31.1,80,0.5,9.0,55,993.7,100,31.7,31.9,549.0,26.3,107.0,32.6
2025-07-20 17:00:00,2025,7,20,17,Hà Nội,Xã Tây Phương,21.0403672,105.6115528,102,Unhealthy for Sensitive Groups,2,29.7,89,0.4,6.2,82,993.9,100,40.4,40.6,792.0,36.1,97.0,40.8
2025-07-20 18:00:00,2025,7,20,18,Hà Nội,Xã Tây Phương,21.0403672,105.6115528,102,Unhealthy for Sensitive Groups,2,29.1,90,0.7,5.4,154,994.1,100,49.5,49.7,1097.0,47.0,88.0,50.2
2025-07-20 19:00:00,2025,7,20,19,Hà Nội,Xã Tây Phương,21.0403672,105.6115528,102,Unhealthy for Sensitive Groups,2,28.5,95,0.0,2.9,180,994.8,100,57.0,57.3,1380.0,38.9,101.0,48.7
2025-07-20 20:00:00,2025,7,20,20,Hà Nội,Xã Tây Phương,21.0403672,105.6115528,101,Unhealthy for Sensitive Groups,2,28.8,92,0.0,6.1,223,994.9,100,56.7,56.9,1688.0,40.4,85.0,49.0
2025-07-20 21:00:00,2025,7,20,21,Hà Nội,Xã Tây Phương,21.0403672,105.6115528,100,Moderate,1,28.4,92,0.0,7.6,225,995.4,100,58.3,58.7,1974.0,42.4,62.0,49.1
2025-07-20 22:00:00,2025,7,20,22,Hà Nội,Xã Tây Phương,21.0403672,105.6115528,99,Moderate,1,28.2,92,0.0,7.6,234,995.9,100,60.3,60.5,2008.0,42.6,45.0,47.5
2025-07-20 23:00:00,2025,7,20,23,Hà Nội,Xã Tây Phương,21.0403672,105.6115528,98,Moderate,1,28.2,93,0.0,5.6,287,995.8,100,52.4,52.7,1574.0,39.5,39.0,42.7
2025-07-21 00:00:00,2025,7,21,0,Hà Nội,Xã Tây Phương,21.0403672,105.6115528,96,Moderate,1,28.1,94,0.1,5.6,299,995.1,100,47.0,47.4,887.0,34.6,38.0,36.2
2025-07-21 01:00:00,2025,7,21,1,Hà Nội,Xã Tây Phương,21.0403672,105.6115528,96,Moderate,1,27.9,95,0.1,5.0,272,994.2,100,39.2,39.5,369.0,30.5,37.0,30.7
2025-07-21 02:00:00,2025,7,21,2,Hà Nội,Xã Tây Phương,21.0403672,105.6115528,96,Moderate,1,27.6,96,0.0,11.2,315,993.9,100,32.6,32.8,206.0,28.0,33.0,26.9
2025-07-21 03:00:00,2025,7,21,3,Hà Nội,Xã Tây Phương,21.0403672,105.6115528,96,Moderate,1,27.4,91,0.0,14.3,304,993.5,100,28.7,29.0,211.0,26.3,29.0,24.0
2025-07-21 04:00:00,2025,7,21,4,Hà Nội,Xã Tây Phương,21.0403672,105.6115528,96,Moderate,1,27.2,88,0.0,12.6,301,993.6,100,29.5,29.7,244.0,25.0,29.0,22.5
2025-07-21 05:00:00,2025,7,21,5,Hà Nội,Xã Tây Phương,21.0403672,105.6115528,97,Moderate,1,26.8,90,0.2,3.7,325,994.0,100,31.2,31.4,271.0,24.3,33.0,23.0
2025-07-21 06:00:00,2025,7,21,6,Hà Nội,Xã Tây Phương,21.0403672,105.6115528,98,Moderate,1,27.0,87,0.0,11.3,295,993.9,100,31.9,32.1,326.0,24.0,40.0,24.9
2025-07-21 07:00:00,2025,7,21,7,Hà Nội,Xã Tây Phương,21.0403672,105.6115528,99,Moderate,1,27.2,86,0.1,12.3,292,994.6,100,25.1,25.3,369.0,20.5,50.0,23.3
2025-07-21 08:00:00,2025,7,21,8,Hà Nội,Xã Tây Phương,21.0403672,105.6115528,98,Moderate,1,28.2,87,1.5,15.9,342,994.5,100,23.6,23.7,385.0,20.1,58.0,23.3
2025-07-21 09:00:00,2025,7,21,9,Hà Nội,Xã Tây Phương,21.0403672,105.6115528,98,Moderate,1,28.8,84,0.4,17.1,298,994.7,100,23.2,23.2,389.0,19.6,68.0,23.4
2025-07-21 10:00:00,2025,7,21,10,Hà Nội,Xã Tây Phương,21.0403672,105.6115528,98,Moderate,1,28.9,83,0.2,11.1,306,995.0,100,21.4,21.5,381.0,19.1,77.0,23.4
2025-07-21 11:00:00,2025,7,21,11,Hà Nội,Xã Tây Phương,21.0403672,105.6115528,98,Moderate,1,29.2,83,0.1,12.4,257,994.5,100,22.0,22.1,349.0,18.5,82.0,23.3
2025-07-21 12:00:00,2025,7,21,12,Hà Nội,Xã Tây Phương,21.0403672,105.6115528,99,Moderate,1,30.8,77,0.0,11.7,265,993.5,100,21.6,21.7,306.0,17.8,84.0,23.1
2025-07-21 13:00:00,2025,7,21,13,Hà Nội,Xã Tây Phương,21.0403672,105.6115528,99,Moderate,1,31.4,77,0.0,10.3,266,992.4,100,23.4,23.5,286.0,17.7,84.0,22.9
2025-07-21 14:00:00,2025,7,21,14,Hà Nội,Xã Tây Phương,21.0403672,105.6115528,100,Moderate,1,31.1,77,0.2,6.1,267,991.5,100,24.0,24.1,308.0,18.4,79.0,22.7
2025-07-21 15:00:00,2025,7,21,15,Hà Nội,Xã Tây Phương,21.0403672,105.6115528,100,Moderate,1,29.4,90,3.1,10.2,238,991.0,100,21.9,22.1,353.0,19.6,72.0,22.6
2025-07-21 16:00:00,2025,7,21,16,Hà Nội,Xã Tây Phương,21.0403672,105.6115528,100,Moderate,1,28.9,91,2.4,9.6,256,990.7,100,20.8,20.9,406.0,20.8,65.0,22.2
2025-07-21 17:00:00,2025,7,21,17,Hà Nội,Xã Tây Phương,21.0403672,105.6115528,99,Moderate,1,28.5,92,3.4,4.1,311,990.8,100,18.0,18.1,477.0,22.3,58.0,21.6
2025-07-21 18:00:00,2025,7,21,18,Hà Nội,Xã Tây Phương,21.0403672,105.6115528,97,Moderate,1,27.5,93,5.0,9.0,359,991.8,100,17.8,17.8,554.0,23.7,52.0,20.9
2025-07-21 19:00:00,2025,7,21,19,Hà Nội,Xã Tây Phương,21.0403672,105.6115528,94,Moderate,1,27.1,94,4.9,16.3,308,992.3,100,29.7,29.7,588.0,28.6,55.0,22.9
2025-07-21 20:00:00,2025,7,21,20,Hà Nội,Xã Tây Phương,21.0403672,105.6115528,92,Moderate,1,27.0,88,2.6,18.8,287,992.3,100,33.1,33.2,544.0,26.6,55.0,22.8
2025-07-21 21:00:00,2025,7,21,21,Hà Nội,Xã Tây Phương,21.0403672,105.6115528,90,Moderate,1,27.0,89,1.9,17.2,294,992.2,100,31.8,31.9,456.0,23.6,55.0,22.6
2025-07-21 22:00:00,2025,7,21,22,Hà Nội,Xã Tây Phương,21.0403672,105.6115528,87,Moderate,1,26.7,90,4.8,15.5,280,992.6,100,28.1,28.2,376.0,20.5,57.0,21.3
2025-07-21 23:00:00,2025,7,21,23,Hà Nội,Xã Tây Phương,21.0403672,105.6115528,85,Moderate,1,26.6,90,3.1,23.7,302,992.3,100,25.0,25.1,318.0,17.0,61.0,17.9
2025-07-22 00:00:00,2025,7,22,0,Hà Nội,Xã Tây Phương,21.0403672,105.6115528,82,Moderate,1,26.2,90,1.5,24.4,302,992.1,100,22.2,22.2,267.0,13.3,66.0,13.5
2025-07-22 01:00:00,2025,7,22,1,Hà Nội,Xã Tây Phương,21.0403672,105.6115528,80,Moderate,1,25.8,90,1.9,32.0,307,990.9,100,20.1,20.1,231.0,10.5,70.0,10.2
2025-07-22 02:00:00,2025,7,22,2,Hà Nội,Xã Tây Phương,21.0403672,105.6115528,78,Moderate,1,25.6,91,3.4,31.3,309,990.3,100,19.2,19.2,214.0,9.2,72.0,9.1
2025-07-22 03:00:00,2025,7,22,3,Hà Nội,Xã Tây Phương,21.0403672,105.6115528,77,Moderate,1,26.0,90,0.9,34.0,315,989.8,100,17.5,17.5,212.0,8.9,73.0,9.1
2025-07-22 04:00:00,2025,7,22,4,Hà Nội,Xã Tây Phương,21.0403672,105.6115528,76,Moderate,1,26.0,90,0.4,31.6,315,989.8,100,16.4,16.5,213.0,9.1,73.0,9.5
2025-07-22 05:00:00,2025,7,22,5,Hà Nội,Xã Tây Phương,21.0403672,105.6115528,75,Moderate,1,25.7,92,2.6,33.0,316,989.7,100,14.8,14.8,215.0,9.9,70.0,10.2
2025-07-22 06:00:00,2025,7,22,6,Hà Nội,Xã Tây Phương,21.0403672,105.6115528,73,Moderate,1,25.7,92,7.2,33.0,318,990.2,100,13.8,13.8,222.0,11.2,66.0,11.3
2025-07-22 07:00:00,2025,7,22,7,Hà Nội,Xã Tây Phương,21.0403672,105.6115528,72,Moderate,1,25.6,93,2.6,31.1,318,990.9,100,8.4,8.4,231.0,10.3,67.0,11.4
2025-07-22 08:00:00,2025,7,22,8,Hà Nội,Xã Tây Phương,21.0403672,105.6115528,70,Moderate,1,26.5,90,1.5,32.1,332,989.4,100,7.7,7.7,245.0,10.5,68.0,12.2
2025-07-22 09:00:00,2025,7,22,9,Hà Nội,Xã Tây Phương,21.0403672,105.6115528,69,Moderate,1,26.7,89,4.1,31.2,351,990.1,100,7.6,7.6,261.0,10.7,70.0,13.4
2025-07-22 10:00:00,2025,7,22,10,Hà Nội,Xã Tây Phương,21.0403672,105.6115528,68,Moderate,1,27.6,87,0.9,29.5,9,990.7,100,7.7,7.7,272.0,10.5,75.0,14.3
2025-07-22 11:00:00,2025,7,22,11,Hà Nội,Xã Tây Phương,21.0403672,105.6115528,66,Moderate,1,28.0,87,3.0,28.8,12,990.7,100,8.3,8.3,275.0,9.5,88.0,14.7
2025-07-22 12:00:00,2025,7,22,12,Hà Nội,Xã Tây Phương,21.0403672,105.6115528,65,Moderate,1,28.5,84,0.9,23.3,11,990.2,100,9.7,9.7,274.0,8.0,104.0,14.8
2025-07-22 13:00:00,2025,7,22,13,Hà Nội,Xã Tây Phương,21.0403672,105.6115528,64,Moderate,1,28.1,88,6.1,17.5,360,989.6,100,10.7,10.7,269.0,7.4,114.0,15.1
2025-07-22 14:00:00,2025,7,22,14,Hà Nội,Xã Tây Phương,21.0403672,105.6115528,63,Moderate,1,28.1,89,5.2,15.1,23,988.6,99,11.6,11.7,260.0,7.9,114.0,15.8
2025-07-22 15:00:00,2025,7,22,15,Hà Nội,Xã Tây Phương,21.0403672,105.6115528,62,Moderate,1,29.9,80,0.2,20.5,38,988.1,99,11.2,11.2,248.0,9.2,107.0,16.6
2025-07-22 16:00:00,2025,7,22,16,Hà Nội,Xã Tây Phương,21.0403672,105.6115528,61,Moderate,1,29.8,79,0.7,22.3,43,987.9,100,11.8,11.8,240.0,11.2,99.0,17.2
2025-07-22 17:00:00,2025,7,22,17,Hà Nội,Xã Tây Phương,21.0403672,105.6115528,60,Moderate,1,29.0,77,0.2,24.9,59,988.4,100,14.2,14.7,239.0,14.5,89.0,17.5
2025-07-22 18:00:00,2025,7,22,18,Hà Nội,Xã Tây Phương,21.0403672,105.6115528,60,Moderate,1,27.9,81,0.0,23.6,55,989.7,100,16.2,17.1,241.0,18.4,78.0,17.6
2025-07-22 19:00:00,2025,7,22,19,Hà Nội,Xã Tây Phương,21.0403672,105.6115528,60,Moderate,1,27.2,84,0.3,26.3,50,990.8,100,19.6,20.8,243.0,21.8,64.0,19.1
2025-07-22 20:00:00,2025,7,22,20,Hà Nội,Xã Tây Phương,21.0403672,105.6115528,59,Moderate,1,26.1,79,0.1,22.3,67,993.2,100,19.3,20.4,246.0,21.7,59.0,18.6
2025-07-22 21:00:00,2025,7,22,21,Hà Nội,Xã Tây Phương,21.0403672,105.6115528,58,Moderate,1,26.5,80,0.1,21.3,75,994.1,99,17.7,18.7,249.0,21.6,51.0,17.9
2025-07-22 22:00:00,2025,7,22,22,Hà Nội,Xã Tây Phương,21.0403672,105.6115528,56,Moderate,1,26.4,82,0.0,18.2,86,995.4,100,17.0,18.0,245.0,21.4,46.0,17.0
2025-07-22 23:00:00,2025,7,22,23,Hà Nội,Xã Tây Phương,21.0403672,105.6115528,55,Moderate,1,25.9,87,0.4,13.5,82,996.0,100,15.4,16.3,227.0,20.9,44.0,15.8
2025-07-23 00:00:00,2025,7,23,0,Hà Nội,Xã Tây Phương,21.0403672,105.6115528,54,Moderate,1,25.3,92,2.4,14.8,69,996.2,100,13.4,14.3,201.0,20.4,45.0,14.4
2025-07-23 01:00:00,2025,7,23,1,Hà Nội,Xã Tây Phương,21.0403672,105.6115528,54,Moderate,1,25.1,94,2.5,14.3,80,995.6,100,13.1,14.0,184.0,20.1,44.0,13.7
2025-07-23 02:00:00,2025,7,23,2,Hà Nội,Xã Tây Phương,21.0403672,105.6115528,53,Moderate,1,25.2,93,0.1,12.5,82,995.0,100,13.2,14.1,176.0,20.3,41.0,14.1
2025-07-23 03:00:00,2025,7,23,3,Hà Nội,Xã Tây Phương,21.0403672,105.6115528,53,Moderate,1,24.9,95,0.0,11.2,72,995.0,100,13.6,14.5,177.0,20.8,37.0,15.1
2025-07-23 04:00:00,2025,7,23,4,Hà Nội,Xã Tây Phương,21.0403672,105.6115528,52,Moderate,1,24.8,95,0.2,11.6,66,995.3,100,13.4,14.3,196.0,21.5,33.0,16.4
2025-07-23 05:00:00,2025,7,23,5,Hà Nội,Xã Tây Phương,21.0403672,105.6115528,52,Moderate,1,24.7,95,0.1,11.0,62,995.7,100,12.9,13.7,253.0,22.4,29.0,17.8
2025-07-23 06:00:00,2025,7,23,6,Hà Nội,Xã Tây Phương,21.0403672,105.6115528,52,Moderate,1,24.8,95,0.1,9.7,72,996.3,100,12.8,13.6,329.0,23.4,26.0,19.6
2025-07-23 07:00:00,2025,7,23,7,Hà Nội,Xã Tây Phương,21.0403672,105.6115528,52,Moderate,1,25.0,96,0.5,10.4,75,997.1,100,18.3,19.5,379.0,23.8,28.0,25.0
2025-07-23 08:00:00,2025,7,23,8,Hà Nội,Xã Tây Phương,21.0403672,105.6115528,53,Moderate,1,28.0,88,0.1,9.1,83,997.9,100,17.7,19.1,382.0,21.1,36.0,23.1
2025-07-23 09:00:00,2025,7,23,9,Hà Nội,Xã Tây Phương,21.0403672,105.6115528,53,Moderate,1,28.4,82,0.1,6.3,110,998.3,93,15.6,17.3,359.0,17.3,47.0,20.4
2025-07-23 10:00:00,2025,7,23,10,Hà Nội,Xã Tây Phương,21.0403672,105.6115528,54,Moderate,1,28.1,83,1.2,11.5,104,998.4,97,14.3,16.2,334.0,14.0,63.0,18.3
2025-07-23 11:00:00,2025,7,23,11,Hà Nội,Xã Tây Phương,21.0403672,105.6115528,55,Moderate,1,28.0,87,2.3,7.9,117,997.9,96,17.5,19.7,309.0,11.4,86.0,17.2
2025-07-23 12:00:00,2025,7,23,12,Hà Nội,Xã Tây Phương,21.0403672,105.6115528,56,Moderate,1,30.5,75,0.0,8.1,145,997.1,97,18.4,19.7,281.0,9.3,114.0,16.6
2025-07-23 13:00:00,2025,7,23,13,Hà Nội,Xã Tây Phương,21.0403672,105.6115528,56,Moderate,1,30.5,70,0.3,13.1,151,996.3,100,20.7,21.1,265.0,8.2,135.0,16.6
2025-07-23 14:00:00,2025,7,23,14,Hà Nội,Xã Tây Phương,21.0403672,105.6115528,57,Moderate,1,28.5,85,1.0,7.4,158,995.7,96,30.0,30.5,251.0,7.8,148.0,17.4
2025-07-23 15:00:00,2025,7,23,15,Hà Nội,Xã Tây Phương,21.0403672,105.6115528,59,Moderate,1,30.4,77,0.1,8.0,152,994.8,99,31.8,32.1,250.0,8.4,156.0,18.7
2025-07-23 16:00:00,2025,7,23,16,Hà Nội,Xã Tây Phương,21.0403672,105.6115528,61,Moderate,1,28.6,82,0.6,12.7,119,994.8,100,29.3,29.5,308.0,11.5,153.0,20.6
2025-07-23 17:00:00,2025,7,23,17,Hà Nội,Xã Tây Phương,21.0403672,105.6115528,62,Moderate,1,28.4,86,0.2,8.9,117,994.9,100,36.3,36.4,495.0,19.3,134.0,23.1
2025-07-23 18:00:00,2025,7,23,18,Hà Nội,Xã Tây Phương,21.0403672,105.6115528,77,Moderate,1,27.5,87,2.4,11.5,115,996.4,100,43.1,43.2,742.0,29.5,104.0,26.0
2025-07-23 19:00:00,2025,7,23,19,Hà Nội,Xã Tây Phương,21.0403672,105.6115528,86,Moderate,1,26.0,95,3.6,6.6,77,998.0,100,38.4,38.5,889.0,36.2,71.0,30.5
2025-07-23 20:00:00,2025,7,23,20,Hà Nội,Xã Tây Phương,21.0403672,105.6115528,82,Moderate,1,26.9,93,0.1,3.7,133,998.8,100,43.9,44.4,847.0,39.3,61.0,32.5
2025-07-23 21:00:00,2025,7,23,21,Hà Nội,Xã Tây Phương,21.0403672,105.6115528,71,Moderate,1,26.9,93,0.0,1.1,189,999.6,99,45.6,46.4,706.0,43.5,46.0,35.3
2025-07-23 22:00:00,2025,7,23,22,Hà Nội,Xã Tây Phương,21.0403672,105.6115528,73,Moderate,1,26.5,93,0.0,0.9,143,1000.3,100,48.3,49.1,576.0,45.6,36.0,36.7
2025-07-23 23:00:00,2025,7,23,23,Hà Nội,Xã Tây Phương,21.0403672,105.6115528,76,Moderate,1,26.3,95,0.0,2.3,299,1000.6,100,41.3,42.0,489.0,43.5,34.0,35.6
2025-07-24 00:00:00,2025,7,24,0,Hà Nội,Xã Tây Phương,21.0403672,105.6115528,78,Moderate,1,24.6,100,4.7,10.9,336,1001.0,100,35.6,36.6,413.0,39.4,36.0,33.1
2025-07-24 01:00:00,2025,7,24,1,Hà Nội,Xã Tây Phương,21.0403672,105.6115528,80,Moderate,1,24.9,98,2.2,7.2,348,1000.3,100,30.7,32.4,361.0,36.3,37.0,31.3
2025-07-24 02:00:00,2025,7,24,2,Hà Nội,Xã Tây Phương,21.0403672,105.6115528,81,Moderate,1,24.5,98,6.2,7.1,350,999.7,100,25.6,26.8,341.0,35.8,33.0,30.6
2025-07-24 03:00:00,2025,7,24,3,Hà Nội,Xã Tây Phương,21.0403672,105.6115528,83,Moderate,1,24.4,98,1.5,6.2,345,999.8,100,21.4,22.2,344.0,36.4,29.0,30.4
2025-07-24 04:00:00,2025,7,24,4,Hà Nội,Xã Tây Phương,21.0403672,105.6115528,83,Moderate,1,24.4,97,0.2,7.4,1,999.5,100,22.6,23.7,356.0,36.9,25.0,31.1
2025-07-24 05:00:00,2025,7,24,5,Hà Nội,Xã Tây Phương,21.0403672,105.6115528,84,Moderate,1,24.5,96,0.1,5.8,355,999.9,100,24.5,26.0,374.0,37.5,23.0,33.5
2025-07-24 06:00:00,2025,7,24,6,Hà Nội,Xã Tây Phương,21.0403672,105.6115528,85,Moderate,1,24.6,97,0.1,4.5,323,1000.7,100,26.9,28.6,401.0,38.0,22.0,36.8
2025-07-24 07:00:00,2025,7,24,7,Hà Nội,Xã Tây Phương,21.0403672,105.6115528,86,Moderate,1,25.2,94,0.2,5.2,348,1001.1,100,18.4,19.4,427.0,30.5,31.0,28.5
2025-07-24 08:00:00,2025,7,24,8,Hà Nội,Xã Tây Phương,21.0403672,105.6115528,86,Moderate,1,27.5,88,0.4,4.0,18,1001.2,100,18.0,19.2,456.0,28.4,38.0,30.1
2025-07-24 09:00:00,2025,7,24,9,Hà Nội,Xã Tây Phương,21.0403672,105.6115528,86,Moderate,1,28.3,87,0.3,4.4,83,1001.4,100,19.8,21.4,484.0,25.3,48.0,32.0
2025-07-24 10:00:00,2025,7,24,10,Hà Nội,Xã Tây Phương,21.0403672,105.6115528,87,Moderate,1,28.6,86,0.4,4.8,105,1001.6,100,19.9,21.2,493.0,21.8,62.0,31.9
2025-07-24 11:00:00,2025,7,24,11,Hà Nội,Xã Tây Phương,21.0403672,105.6115528,87,Moderate,1,29.4,83,0.4,5.2,92,1001.1,100,19.3,19.7,470.0,17.6,80.0,27.4
2025-07-24 12:00:00,2025,7,24,12,Hà Nội,Xã Tây Phương,21.0403672,105.6115528,87,Moderate,1,30.0,80,0.4,3.9,112,1000.0,100,21.0,21.3,427.0,13.1,102.0,20.8
2025-07-24 13:00:00,2025,7,24,13,Hà Nội,Xã Tây Phương,21.0403672,105.6115528,88,Moderate,1,30.9,77,0.4,5.8,90,999.4,99,26.3,26.7,391.0,10.0,121.0,16.3
2025-07-24 14:00:00,2025,7,24,14,Hà Nội,Xã Tây Phương,21.0403672,105.6115528,88,Moderate,1,27.2,88,6.7,16.2,137,999.3,100,29.4,29.7,348.0,8.3,139.0,15.6
2025-07-24 15:00:00,2025,7,24,15,Hà Nội,Xã Tây Phương,21.0403672,105.6115528,88,Moderate,1,26.8,90,0.4,4.5,137,998.5,100,31.9,32.2,310.0,8.1,154.0,17.0
2025-07-24 16:00:00,2025,7,24,16,Hà Nội,Xã Tây Phương,21.0403672,105.6115528,88,Moderate,1,28.0,86,0.2,4.5,130,998.4,100,33.6,33.9,340.0,11.2,157.0,19.7
2025-07-24 17:00:00,2025,7,24,17,Hà Nội,Xã Tây Phương,21.0403672,105.6115528,88,Moderate,1,28.2,85,0.1,2.8,153,998.6,100,38.3,38.5,473.0,20.4,137.0,23.6
2025-07-24 18:00:00,2025,7,24,18,Hà Nội,Xã Tây Phương,21.0403672,105.6115528,89,Moderate,1,28.0,86,0.1,4.6,111,999.0,100,46.6,46.8,673.0,32.9,105.0,28.8
2025-07-24 19:00:00,2025,7,24,19,Hà Nội,Xã Tây Phương,21.0403672,105.6115528,89,Moderate,1,27.0,92,0.0,2.9,120,999.8,100,61.5,61.9,896.0,42.3,78.0,35.0
2025-07-24 20:00:00,2025,7,24,20,Hà Nội,Xã Tây Phương,21.0403672,105.6115528,91,Moderate,1,26.5,95,0.1,2.5,188,1000.9,100,58.2,58.6,1199.0,40.5,76.0,37.6
2025-07-24 21:00:00,2025,7,24,21,Hà Nội,Xã Tây Phương,21.0403672,105.6115528,92,Moderate,1,26.5,95,0.0,3.5,105,1001.4,100,58.1,58.6,1524.0,37.8,73.0,41.2
2025-07-24 22:00:00,2025,7,24,22,Hà Nội,Xã Tây Phương,21.0403672,105.6115528,93,Moderate,1,26.6,93,0.0,0.6,124,1002.0,100,55.2,55.5,1663.0,35.3,70.0,42.7
2025-07-24 23:00:00,2025,7,24,23,Hà Nội,Xã Tây Phương,21.0403672,105.6115528,94,Moderate,1,26.6,93,0.2,0.8,27,1002.3,100,50.1,50.4,1460.0,33.0,67.0,40.4
2025-07-25 00:00:00,2025,7,25,0,Hà Nội,Xã Tây Phương,21.0403672,105.6115528,95,Moderate,1,26.2,95,0.6,2.9,338,1001.9,100,47.1,47.5,1070.0,30.7,65.0,36.1
2025-07-25 01:00:00,2025,7,25,1,Hà Nội,Xã Tây Phương,21.0403672,105.6115528,96,Moderate,1,25.5,96,6.7,4.0,330,1001.5,100,43.3,43.5,743.0,28.9,62.0,32.8
2025-07-25 02:00:00,2025,7,25,2,Hà Nội,Xã Tây Phương,21.0403672,105.6115528,97,Moderate,1,25.4,98,0.2,5.0,19,1000.9,100,39.3,39.5,571.0,27.6,59.0,31.5
2025-07-25 03:00:00,2025,7,25,3,Hà Nội,Xã Tây Phương,21.0403672,105.6115528,98,Moderate,1,25.1,98,0.2,4.8,11,1000.5,100,36.4,36.6,462.0,26.7,55.0,31.2
2025-07-25 04:00:00,2025,7,25,4,Hà Nội,Xã Tây Phương,21.0403672,105.6115528,99,Moderate,1,25.1,99,0.3,2.7,312,1000.2,100,34.1,34.2,390.0,26.1,53.0,31.5
2025-07-25 05:00:00,2025,7,25,5,Hà Nội,Xã Tây Phương,21.0403672,105.6115528,101,Unhealthy for Sensitive Groups,2,24.9,99,0.2,4.2,306,1000.6,100,32.1,32.2,357.0,26.5,51.0,33.0
2025-07-25 06:00:00,2025,7,25,6,Hà Nội,Xã Tây Phương,21.0403672,105.6115528,101,Unhealthy for Sensitive Groups,2,24.7,98,1.0,8.7,300,1001.2,100,33.1,33.2,362.0,27.2,50.0,35.2
2025-07-25 07:00:00,2025,7,25,7,Hà Nội,Xã Tây Phương,21.0403672,105.6115528,102,Unhealthy for Sensitive Groups,2,25.2,94,0.9,7.8,304,1001.5,100,17.0,17.0,372.0,23.2,53.0,27.1
2025-07-25 08:00:00,2025,7,25,8,Hà Nội,Xã Tây Phương,21.0403672,105.6115528,102,Unhealthy for Sensitive Groups,2,27.2,92,0.0,4.3,318,1001.4,100,16.8,16.8,381.0,20.8,64.0,29.3
2025-07-25 09:00:00,2025,7,25,9,Hà Nội,Xã Tây Phương,21.0403672,105.6115528,102,Unhealthy for Sensitive Groups,2,28.2,88,0.1,3.6,297,1001.6,100,17.2,17.2,396.0,17.3,79.0,32.3
2025-07-25 10:00:00,2025,7,25,10,Hà Nội,Xã Tây Phương,21.0403672,105.6115528,101,Unhealthy for Sensitive Groups,2,29.6,85,0.4,2.1,308,1001.8,99,15.4,15.4,400.0,14.1,96.0,33.5
2025-07-25 11:00:00,2025,7,25,11,Hà Nội,Xã Tây Phương,21.0403672,105.6115528,101,Unhealthy for Sensitive Groups,2,30.0,84,0.5,1.5,306,1001.7,100,15.1,15.1,383.0,11.0,115.0,31.1
2025-07-25 12:00:00,2025,7,25,12,Hà Nội,Xã Tây Phương,21.0403672,105.6115528,101,Unhealthy for Sensitive Groups,2,30.0,85,0.8,1.0,211,1000.5,100,18.6,18.6,355.0,8.1,135.0,27.0
2025-07-25 13:00:00,2025,7,25,13,Hà Nội,Xã Tây Phương,21.0403672,105.6115528,100,Moderate,1,29.8,85,2.0,3.4,238,1000.0,93,18.9,19.0,337.0,6.9,150.0,24.3
2025-07-25 14:00:00,2025,7,25,14,Hà Nội,Xã Tây Phương,21.0403672,105.6115528,100,Moderate,1,30.5,79,0.3,5.0,201,998.9,100,20.9,20.9,317.0,7.7,158.0,24.2
2025-07-25 15:00:00,2025,7,25,15,Hà Nội,Xã Tây Phương,21.0403672,105.6115528,99,Moderate,1,29.1,82,6.4,4.8,165,998.6,100,24.9,24.9,306.0,10.2,161.0,25.5
2025-07-25 16:00:00,2025,7,25,16,Hà Nội,Xã Tây Phương,21.0403672,105.6115528,98,Moderate,1,29.0,83,0.0,3.9,202,997.9,100,30.9,30.9,354.0,14.9,156.0,28.1
2025-07-25 17:00:00,2025,7,25,17,Hà Nội,Xã Tây Phương,21.0403672,105.6115528,98,Moderate,1,29.1,83,0.0,6.6,135,998.3,100,37.3,37.3,512.0,23.0,141.0,32.6
2025-07-25 18:00:00,2025,7,25,18,Hà Nội,Xã Tây Phương,21.0403672,105.6115528,103,Unhealthy for Sensitive Groups,2,28.7,86,0.0,5.0,120,998.7,100,46.6,46.6,730.0,33.2,118.0,38.5
2025-07-25 19:00:00,2025,7,25,19,Hà Nội,Xã Tây Phương,21.0403672,105.6115528,108,Unhealthy for Sensitive Groups,2,27.9,89,0.0,5.3,125,999.3,100,61.7,61.7,904.0,46.9,88.0,50.6
2025-07-25 20:00:00,2025,7,25,20,Hà Nội,Xã Tây Phương,21.0403672,105.6115528,102,Unhealthy for Sensitive Groups,2,27.1,94,0.7,3.8,131,1000.8,100,77.1,77.3,996.0,52.1,76.0,57.0
2025-07-25 21:00:00,2025,7,25,21,Hà Nội,Xã Tây Phương,21.0403672,105.6115528,100,Moderate,1,26.9,95,0.6,2.4,126,1001.4,100,84.1,84.1,1044.0,59.2,59.0,65.8
2025-07-25 22:00:00,2025,7,25,22,Hà Nội,Xã Tây Phương,21.0403672,105.6115528,102,Unhealthy for Sensitive Groups,2,27.0,96,0.5,3.7,125,1001.7,99,85.9,86.1,1062.0,64.5,45.0,72.6
2025-07-25 23:00:00,2025,7,25,23,Hà Nội,Xã Tây Phương,21.0403672,105.6115528,105,Unhealthy for Sensitive Groups,2,26.7,97,0.9,3.3,144,1001.8,100,85.2,85.2,1058.0,65.8,38.0,75.5
2025-07-26 00:00:00,2025,7,26,0,Hà Nội,Xã Tây Phương,21.0403672,105.6115528,109,Unhealthy for Sensitive Groups,2,26.6,98,1.0,2.8,135,1001.7,98,85.0,85.2,1023.0,65.3,33.0,76.4
2025-07-26 01:00:00,2025,7,26,1,Hà Nội,Xã Tây Phương,21.0403672,105.6115528,113,Unhealthy for Sensitive Groups,2,26.5,98,0.3,2.6,115,1000.7,96,86.1,86.1,945.0,65.6,29.0,76.7
2025-07-26 02:00:00,2025,7,26,2,Hà Nội,Xã Tây Phương,21.0403672,105.6115528,117,Unhealthy for Sensitive Groups,2,26.3,98,0.2,1.6,96,1000.2,11,88.7,88.7,789.0,68.2,22.0,76.6
2025-07-26 03:00:00,2025,7,26,3,Hà Nội,Xã Tây Phương,21.0403672,105.6115528,123,Unhealthy for Sensitive Groups,2,26.1,98,0.1,0.2,180,1000.2,73,94.1,94.5,589.0,71.6,15.0,75.9
2025-07-26 04:00:00,2025,7,26,4,Hà Nội,Xã Tây Phương,21.0403672,105.6115528,129,Unhealthy for Sensitive Groups,2,26.0,98,0.0,1.3,56,1000.0,7,99.2,99.7,434.0,73.4,13.0,75.7
2025-07-26 05:00:00,2025,7,26,5,Hà Nội,Xã Tây Phương,21.0403672,105.6115528,135,Unhealthy for Sensitive Groups,2,25.8,99,0.0,2.4,63,1000.3,99,106.6,107.3,364.0,73.8,14.0,77.6
2025-07-26 06:00:00,2025,7,26,6,Hà Nội,Xã Tây Phương,21.0403672,105.6115528,143,Unhealthy for Sensitive Groups,2,26.1,99,0.0,2.6,39,1000.8,100,119.2,119.2,339.0,72.7,18.0,80.1
2025-07-26 07:00:00,2025,7,26,7,Hà Nội,Xã Tây Phương,21.0403672,105.6115528,150,Unhealthy for Sensitive Groups,2,26.8,91,0.1,3.1,260,1001.1,54,112.5,112.5,325.0,61.1,47.0,75.2
2025-07-26 08:00:00,2025,7,26,8,Hà Nội,Xã Tây Phương,21.0403672,105.6115528,153,Unhealthy,3,28.2,85,0.0,6.5,273,1001.4,57,84.8,85.0,315.0,49.8,79.0,72.6
2025-07-26 09:00:00,2025,7,26,9,Hà Nội,Xã Tây Phương,21.0403672,105.6115528,154,Unhealthy,3,29.5,79,0.0,6.2,314,1001.1,77,78.9,79.2,317.0,34.0,123.0,68.7
2025-07-26 10:00:00,2025,7,26,10,Hà Nội,Xã Tây Phương,21.0403672,105.6115528,155,Unhealthy,3,30.5,73,0.0,5.5,316,1001.2,47,57.6,57.7,319.0,21.0,163.0,63.1
2025-07-26 11:00:00,2025,7,26,11,Hà Nội,Xã Tây Phương,21.0403672,105.6115528,156,Unhealthy,3,31.2,70,0.0,3.7,325,1000.8,55,41.9,42.0,319.0,13.4,192.0,54.5
2025-07-26 12:00:00,2025,7,26,12,Hà Nội,Xã Tây Phương,21.0403672,105.6115528,157,Unhealthy,3,31.5,69,0.1,3.7,317,1000.4,51,41.1,41.2,320.0,8.7,217.0,44.2
2025-07-26 13:00:00,2025,7,26,13,Hà Nội,Xã Tây Phương,21.0403672,105.6115528,157,Unhealthy,3,32.0,69,0.1,2.6,335,999.3,62,45.4,45.5,318.0,5.9,235.0,36.5
2025-07-26 14:00:00,2025,7,26,14,Hà Nội,Xã Tây Phương,21.0403672,105.6115528,158,Unhealthy,3,32.2,69,0.2,1.5,45,998.2,64,49.4,49.5,295.0,5.0,248.0,33.4
2025-07-26 15:00:00,2025,7,26,15,Hà Nội,Xã Tây Phương,21.0403672,105.6115528,159,Unhealthy,3,32.0,72,0.3,2.9,120,997.4,98,52.0,52.2,269.0,6.1,254.0,32.8
2025-07-26 16:00:00,2025,7,26,16,Hà Nội,Xã Tây Phương,21.0403672,105.6115528,178,Unhealthy,3,30.5,74,6.3,13.7,179,997.7,99,51.1,51.2,295.0,9.1,248.0,32.8
2025-07-26 17:00:00,2025,7,26,17,Hà Nội,Xã Tây Phương,21.0403672,105.6115528,202,Very Unhealthy,4,28.0,85,0.2,6.7,182,998.3,100,54.1,54.1,410.0,14.7,223.0,32.2
2025-07-26 18:00:00,2025,7,26,18,Hà Nội,Xã Tây Phương,21.0403672,105.6115528,209,Very Unhealthy,4,27.4,89,0.1,8.9,146,998.9,100,54.8,54.8,577.0,22.2,186.0,32.2
2025-07-26 19:00:00,2025,7,26,19,Hà Nội,Xã Tây Phương,21.0403672,105.6115528,211,Very Unhealthy,4,26.8,93,0.0,2.4,153,1000.0,96,67.1,67.3,735.0,45.9,107.0,45.2
2025-07-26 20:00:00,2025,7,26,20,Hà Nội,Xã Tây Phương,21.0403672,105.6115528,205,Very Unhealthy,4,27.0,91,0.0,4.9,180,1000.3,99,78.7,79.2,867.0,48.6,97.0,48.5
2025-07-26 21:00:00,2025,7,26,21,Hà Nội,Xã Tây Phương,21.0403672,105.6115528,192,Unhealthy,3,26.8,93,0.0,1.7,148,1001.0,100,84.3,84.8,990.0,52.3,83.0,53.3
2025-07-26 22:00:00,2025,7,26,22,Hà Nội,Xã Tây Phương,21.0403672,105.6115528,168,Unhealthy,3,26.5,95,0.0,3.2,87,1001.4,100,92.0,92.2,1095.0,54.4,73.0,57.8
2025-07-26 23:00:00,2025,7,26,23,Hà Nội,Xã Tây Phương,21.0403672,105.6115528,160,Unhealthy,3,26.4,95,0.0,3.1,83,1001.6,100,96.9,97.3,1205.0,53.7,73.0,62.1
2025-07-27 00:00:00,2025,7,27,0,Hà Nội,Xã Tây Phương,21.0403672,105.6115528,161,Unhealthy,3,26.4,95,0.0,1.7,72,1001.3,100,95.7,96.2,1297.0,51.4,78.0,66.1
2025-07-27 01:00:00,2025,7,27,1,Hà Nội,Xã Tây Phương,21.0403672,105.6115528,161,Unhealthy,3,26.0,97,0.0,3.7,39,1000.4,100,98.5,99.0,1287.0,49.1,80.0,68.6
2025-07-27 02:00:00,2025,7,27,2,Hà Nội,Xã Tây Phương,21.0403672,105.6115528,161,Unhealthy,3,25.8,99,0.0,3.0,38,999.7,100,97.6,97.8,1092.0,46.9,78.0,68.6
2025-07-27 03:00:00,2025,7,27,3,Hà Nội,Xã Tây Phương,21.0403672,105.6115528,161,Unhealthy,3,25.6,99,0.0,1.1,9,999.6,100,93.4,93.8,795.0,44.7,73.0,67.0
2025-07-27 04:00:00,2025,7,27,4,Hà Nội,Xã Tây Phương,21.0403672,105.6115528,161,Unhealthy,3,25.4,100,0.0,2.1,329,999.7,100,91.3,91.5,568.0,43.0,68.0,64.8
2025-07-27 05:00:00,2025,7,27,5,Hà Nội,Xã Tây Phương,21.0403672,105.6115528,161,Unhealthy,3,25.5,99,0.0,4.1,322,999.8,100,95.5,95.5,486.0,42.9,59.0,62.2
2025-07-27 06:00:00,2025,7,27,6,Hà Nội,Xã Tây Phương,21.0403672,105.6115528,161,Unhealthy,3,25.6,99,0.0,6.0,307,1000.0,100,103.8,103.8,474.0,43.3,49.0,59.1
2025-07-27 07:00:00,2025,7,27,7,Hà Nội,Xã Tây Phương,21.0403672,105.6115528,161,Unhealthy,3,27.1,91,0.0,9.2,309,1000.4,78,78.5,78.5,471.0,29.1,91.0,53.1
2025-07-27 08:00:00,2025,7,27,8,Hà Nội,Xã Tây Phương,21.0403672,105.6115528,160,Unhealthy,3,27.9,86,0.0,4.3,358,1000.8,100,68.7,68.9,459.0,23.9,121.0,49.2
2025-07-27 09:00:00,2025,7,27,9,Hà Nội,Xã Tây Phương,21.0403672,105.6115528,160,Unhealthy,3,29.1,80,0.0,5.1,4,1001.2,100,52.7,52.9,457.0,16.6,161.0,43.7
2025-07-27 10:00:00,2025,7,27,10,Hà Nội,Xã Tây Phương,21.0403672,105.6115528,159,Unhealthy,3,30.0,76,0.0,3.6,3,1001.5,48,45.1,45.1,460.0,10.8,194.0,38.4
2025-07-27 11:00:00,2025,7,27,11,Hà Nội,Xã Tây Phương,21.0403672,105.6115528,159,Unhealthy,3,31.0,74,0.0,1.5,346,1001.3,16,42.5,42.5,469.0,7.8,210.0,33.5
2025-07-27 12:00:00,2025,7,27,12,Hà Nội,Xã Tây Phương,21.0403672,105.6115528,159,Unhealthy,3,31.5,74,0.0,3.5,35,1000.3,14,41.2,41.3,483.0,6.2,217.0,28.8
2025-07-27 13:00:00,2025,7,27,13,Hà Nội,Xã Tây Phương,21.0403672,105.6115528,159,Unhealthy,3,32.0,73,0.0,4.7,43,999.0,16,38.8,38.8,497.0,5.4,221.0,25.6
2025-07-27 14:00:00,2025,7,27,14,Hà Nội,Xã Tây Phương,21.0403672,105.6115528,159,Unhealthy,3,32.2,73,0.0,3.5,81,998.2,19,38.3,38.3,511.0,4.8,225.0,24.3
2025-07-27 15:00:00,2025,7,27,15,Hà Nội,Xã Tây Phương,21.0403672,105.6115528,167,Unhealthy,3,32.4,71,0.0,3.9,114,997.4,48,39.1,39.1,524.0,5.1,227.0,24.5
2025-07-27 16:00:00,2025,7,27,16,Hà Nội,Xã Tây Phương,21.0403672,105.6115528,189,Unhealthy,3,31.9,66,0.8,7.7,123,996.9,74,41.2,41.2,538.0,7.6,223.0,26.3
2025-07-27 17:00:00,2025,7,27,17,Hà Nội,Xã Tây Phương,21.0403672,105.6115528,202,Very Unhealthy,4,30.8,76,0.1,12.0,145,997.1,67,45.2,45.2,529.0,14.0,211.0,30.1
2025-07-27 18:00:00,2025,7,27,18,Hà Nội,Xã Tây Phương,21.0403672,105.6115528,205,Very Unhealthy,4,28.1,88,0.4,15.2,161,997.9,68,55.4,55.4,520.0,22.6,194.0,35.4
2025-07-27 19:00:00,2025,7,27,19,Hà Nội,Xã Tây Phương,21.0403672,105.6115528,205,Very Unhealthy,4,27.2,89,0.0,10.6,178,999.0,98,68.5,68.5,575.0,33.5,172.0,43.7
2025-07-27 20:00:00,2025,7,27,20,Hà Nội,Xã Tây Phương,21.0403672,105.6115528,203,Very Unhealthy,4,28.0,81,0.0,7.6,183,999.4,100,76.8,76.8,752.0,36.2,148.0,46.7
2025-07-27 21:00:00,2025,7,27,21,Hà Nội,Xã Tây Phương,21.0403672,105.6115528,196,Unhealthy,3,27.4,86,0.0,5.2,180,1000.0,100,82.7,82.7,994.0,40.0,115.0,50.8
2025-07-27 22:00:00,2025,7,27,22,Hà Nội,Xã Tây Phương,21.0403672,105.6115528,179,Unhealthy,3,26.9,89,0.0,4.9,197,1000.4,100,92.7,92.7,1195.0,43.9,87.0,54.6
2025-07-27 23:00:00,2025,7,27,23,Hà Nội,Xã Tây Phương,21.0403672,105.6115528,158,Unhealthy,3,26.3,93,0.0,4.0,201,1000.2,99,100.4,100.4,1315.0,47.3,70.0,57.2
2025-07-28 00:00:00,2025,7,28,0,Hà Nội,Xã Tây Phương,21.0403672,105.6115528,158,Unhealthy,3,25.9,95,0.0,1.9,202,999.9,80,103.4,103.4,1394.0,50.6,58.0,59.4
2025-07-28 01:00:00,2025,7,28,1,Hà Nội,Xã Tây Phương,21.0403672,105.6115528,158,Unhealthy,3,25.8,95,0.0,0.2,270,999.4,84,107.1,107.1,1444.0,54.3,47.0,61.9
2025-07-28 02:00:00,2025,7,28,2,Hà Nội,Xã Tây Phương,21.0403672,105.6115528,158,Unhealthy,3,25.5,96,0.0,0.7,284,999.0,67,113.2,113.2,1480.0,59.4,35.0,65.0
2025-07-28 03:00:00,2025,7,28,3,Hà Nội,Xã Tây Phương,21.0403672,105.6115528,158,Unhealthy,3,25.5,96,0.0,0.9,11,998.6,10,124.3,124.3,1487.0,64.8,25.0,68.3
2025-07-28 04:00:00,2025,7,28,4,Hà Nội,Xã Tây Phương,21.0403672,105.6115528,159,Unhealthy,3,25.1,98,0.0,2.5,135,998.6,5,127.1,127.1,1435.0,67.8,22.0,71.6
2025-07-28 05:00:00,2025,7,28,5,Hà Nội,Xã Tây Phương,21.0403672,105.6115528,160,Unhealthy,3,24.8,99,0.0,2.9,191,998.6,28,133.6,133.6,1280.0,67.8,23.0,75.6
2025-07-28 06:00:00,2025,7,28,6,Hà Nội,Xã Tây Phương,21.0403672,105.6115528,161,Unhealthy,3,25.0,98,0.0,3.5,208,998.7,98,149.9,149.9,1066.0,65.4,30.0,79.6
2025-07-28 07:00:00,2025,7,28,7,Hà Nội,Xã Tây Phương,21.0403672,105.6115528,162,Unhealthy,3,26.6,94,0.0,2.6,192,999.2,99,157.4,157.9,893.0,51.5,51.0,76.3
2025-07-28 08:00:00,2025,7,28,8,Hà Nội,Xã Tây Phương,21.0403672,105.6115528,163,Unhealthy,3,28.7,85,0.0,1.8,169,999.7,98,133.6,133.6,810.0,42.0,108.0,75.3
2025-07-28 09:00:00,2025,7,28,9,Hà Nội,Xã Tây Phương,21.0403672,105.6115528,165,Unhealthy,3,30.0,78,0.0,0.9,143,1000.1,77,118.0,118.0,768.0,28.8,186.0,73.4
2025-07-28 10:00:00,2025,7,28,10,Hà Nội,Xã Tây Phương,21.0403672,105.6115528,166,Unhealthy,3,31.0,77,0.0,1.0,45,1000.1,4,97.1,97.1,723.0,17.9,245.0,68.8
2025-07-28 11:00:00,2025,7,28,11,Hà Nội,Xã Tây Phương,21.0403672,105.6115528,167,Unhealthy,3,32.1,73,0.0,1.0,248,999.5,7,80.8,81.0,654.0,11.7,267.0,58.9
2025-07-28 12:00:00,2025,7,28,12,Hà Nội,Xã Tây Phương,21.0403672,105.6115528,168,Unhealthy,3,32.8,70,0.0,1.7,302,998.9,9,74.3,74.3,581.0,7.8,271.0,46.3
2025-07-28 13:00:00,2025,7,28,13,Hà Nội,Xã Tây Phương,21.0403672,105.6115528,169,Unhealthy,3,33.5,66,0.0,3.3,319,997.4,8,69.2,69.2,522.0,5.6,270.0,36.7
2025-07-28 14:00:00,2025,7,28,14,Hà Nội,Xã Tây Phương,21.0403672,105.6115528,170,Unhealthy,3,34.0,62,0.0,3.4,344,996.1,14,65.2,65.2,474.0,4.0,270.0,32.4
2025-07-28 15:00:00,2025,7,28,15,Hà Nội,Xã Tây Phương,21.0403672,105.6115528,201,Very Unhealthy,4,34.0,61,0.0,2.1,20,995.3,14,63.8,63.8,440.0,4.1,264.0,31.1
2025-07-28 16:00:00,2025,7,28,16,Hà Nội,Xã Tây Phương,21.0403672,105.6115528,216,Very Unhealthy,4,34.2,59,0.0,3.1,130,994.6,9,64.0,64.0,443.0,7.7,251.0,31.9
2025-07-28 17:00:00,2025,7,28,17,Hà Nội,Xã Tây Phương,21.0403672,105.6115528,225,Very Unhealthy,4,33.6,63,0.0,5.7,136,994.8,30,66.1,66.1,507.0,18.1,225.0,35.1
2025-07-28 18:00:00,2025,7,28,18,Hà Nội,Xã Tây Phương,21.0403672,105.6115528,228,Very Unhealthy,4,32.0,73,0.0,8.1,145,995.6,50,78.0,78.0,610.0,32.1,190.0,40.2
2025-07-28 19:00:00,2025,7,28,19,Hà Nội,Xã Tây Phương,21.0403672,105.6115528,224,Very Unhealthy,4,30.6,75,0.0,10.2,156,996.4,55,73.6,73.6,704.0,38.3,138.0,41.5
2025-07-28 20:00:00,2025,7,28,20,Hà Nội,Xã Tây Phương,21.0403672,105.6115528,216,Very Unhealthy,4,30.2,74,0.0,12.1,168,997.1,20,77.1,77.1,779.0,40.3,118.0,45.4
2025-07-28 21:00:00,2025,7,28,21,Hà Nội,Xã Tây Phương,21.0403672,105.6115528,205,Very Unhealthy,4,29.6,77,0.0,10.3,169,997.4,8,79.4,79.4,846.0,43.1,90.0,50.8
2025-07-28 22:00:00,2025,7,28,22,Hà Nội,Xã Tây Phương,21.0403672,105.6115528,184,Unhealthy,3,28.7,82,0.0,8.0,172,998.0,1,87.8,87.8,895.0,46.2,66.0,54.5
2025-07-28 23:00:00,2025,7,28,23,Hà Nội,Xã Tây Phương,21.0403672,105.6115528,172,Unhealthy,3,28.0,87,0.0,6.4,188,997.9,6,92.4,92.4,922.0,49.4,49.0,54.5
2025-07-29 00:00:00,2025,7,29,0,Hà Nội,Xã Tây Phương,21.0403672,105.6115528,172,Unhealthy,3,27.4,91,0.0,5.8,187,997.3,1,92.7,92.7,931.0,52.8,35.0,52.8
2025-07-29 01:00:00,2025,7,29,1,Hà Nội,Xã Tây Phương,21.0403672,105.6115528,172,Unhealthy,3,27.0,94,0.0,4.3,185,996.8,0,92.4,92.7,919.0,56.3,24.0,52.3
2025-07-29 02:00:00,2025,7,29,2,Hà Nội,Xã Tây Phương,21.0403672,105.6115528,171,Unhealthy,3,26.6,96,0.0,3.1,190,996.5,0,94.8,94.8,868.0,60.7,15.0,53.9
2025-07-29 03:00:00,2025,7,29,3,Hà Nội,Xã Tây Phương,21.0403672,105.6115528,171,Unhealthy,3,26.4,96,0.0,2.7,228,995.9,0,100.1,100.1,795.0,65.1,8.0,56.7
2025-07-29 04:00:00,2025,7,29,4,Hà Nội,Xã Tây Phương,21.0403672,105.6115528,171,Unhealthy,3,26.5,95,0.0,0.2,360,995.9,38,103.4,103.6,751.0,67.5,7.0,60.5
2025-07-29 05:00:00,2025,7,29,5,Hà Nội,Xã Tây Phương,21.0403672,105.6115528,170,Unhealthy,3,26.2,97,0.0,3.9,56,996.4,42,107.1,107.1,781.0,67.2,11.0,66.5
2025-07-29 06:00:00,2025,7,29,6,Hà Nội,Xã Tây Phương,21.0403672,105.6115528,169,Unhealthy,3,26.8,97,0.0,1.6,354,996.8,16,111.5,111.8,839.0,64.7,21.0,73.6
2025-07-29 07:00:00,2025,7,29,7,Hà Nội,Xã Tây Phương,21.0403672,105.6115528,169,Unhealthy,3,28.0,92,0.0,0.9,270,997.7,88,114.8,114.8,844.0,65.9,55.0,69.1
2025-07-29 08:00:00,2025,7,29,8,Hà Nội,Xã Tây Phương,21.0403672,105.6115528,168,Unhealthy,3,30.0,86,0.0,1.3,344,998.0,82,94.1,94.1,742.0,56.1,96.0,71.8
2025-07-29 09:00:00,2025,7,29,9,Hà Nội,Xã Tây Phương,21.0403672,105.6115528,167,Unhealthy,3,31.4,80,0.0,2.4,324,998.2,100,83.4,83.4,586.0,42.2,153.0,75.0
2025-07-29 10:00:00,2025,7,29,10,Hà Nội,Xã Tây Phương,21.0403672,105.6115528,166,Unhealthy,3,32.7,73,0.0,4.2,301,997.9,100,65.7,65.9,454.0,29.8,199.0,73.2
2025-07-29 11:00:00,2025,7,29,11,Hà Nội,Xã Tây Phương,21.0403672,105.6115528,165,Unhealthy,3,33.7,68,0.0,4.0,291,997.5,99,52.7,52.7,371.0,20.1,224.0,61.9
2025-07-29 12:00:00,2025,7,29,12,Hà Nội,Xã Tây Phương,21.0403672,105.6115528,165,Unhealthy,3,34.5,64,0.0,4.1,285,996.7,99,44.4,44.4,311.0,11.9,238.0,45.6
2025-07-29 13:00:00,2025,7,29,13,Hà Nội,Xã Tây Phương,21.0403672,105.6115528,164,Unhealthy,3,35.2,60,0.0,3.1,280,995.6,100,41.7,41.8,272.0,6.3,243.0,32.7
2025-07-29 14:00:00,2025,7,29,14,Hà Nội,Xã Tây Phương,21.0403672,105.6115528,163,Unhealthy,3,35.5,58,0.0,1.8,270,994.8,100,38.5,38.5,246.0,3.5,238.0,26.2
2025-07-29 15:00:00,2025,7,29,15,Hà Nội,Xã Tây Phương,21.0403672,105.6115528,168,Unhealthy,3,35.8,56,0.0,1.5,126,993.5,100,35.0,35.0,241.0,3.5,225.0,23.2
2025-07-29 16:00:00,2025,7,29,16,Hà Nội,Xã Tây Phương,21.0403672,105.6115528,195,Unhealthy,3,35.5,57,0.0,4.7,137,993.4,100,33.1,33.2,277.0,7.3,207.0,23.0
2025-07-29 17:00:00,2025,7,29,17,Hà Nội,Xã Tây Phương,21.0403672,105.6115528,205,Very Unhealthy,4,34.2,67,0.0,8.8,136,993.4,100,37.7,37.8,387.0,17.8,184.0,26.5
2025-07-29 18:00:00,2025,7,29,18,Hà Nội,Xã Tây Phương,21.0403672,105.6115528,207,Very Unhealthy,4,32.7,73,0.0,8.5,156,993.8,100,48.3,48.3,538.0,32.1,158.0,32.9
2025-07-29 19:00:00,2025,7,29,19,Hà Nội,Xã Tây Phương,21.0403672,105.6115528,205,Very Unhealthy,4,31.7,76,0.0,8.0,149,994.7,98,61.2,61.2,646.0,48.7,115.0,39.3
2025-07-29 20:00:00,2025,7,29,20,Hà Nội,Xã Tây Phương,21.0403672,105.6115528,194,Unhealthy,3,31.5,72,0.0,9.7,145,995.7,100,63.1,63.1,670.0,47.4,104.0,42.2
2025-07-29 21:00:00,2025,7,29,21,Hà Nội,Xã Tây Phương,21.0403672,105.6115528,173,Unhealthy,3,30.5,76,0.0,9.7,152,996.6,97,61.5,61.5,652.0,45.8,88.0,46.0
2025-07-29 22:00:00,2025,7,29,22,Hà Nội,Xã Tây Phương,21.0403672,105.6115528,159,Unhealthy,3,29.8,79,0.0,9.5,141,997.1,100,59.5,59.5,636.0,45.4,72.0,48.4
2025-07-29 23:00:00,2025,7,29,23,Hà Nội,Xã Tây Phương,21.0403672,105.6115528,159,Unhealthy,3,29.2,83,0.0,8.2,154,997.1,100,56.2,56.3,640.0,47.1,56.0,47.6
2025-07-30 00:00:00,2025,7,30,0,Hà Nội,Xã Tây Phương,21.0403672,105.6115528,158,Unhealthy,3,28.7,86,0.0,7.2,161,997.0,100,54.8,54.9,646.0,50.0,40.0,45.2
2025-07-30 01:00:00,2025,7,30,1,Hà Nội,Xã Tây Phương,21.0403672,105.6115528,157,Unhealthy,3,28.2,88,0.0,7.3,157,996.3,86,56.8,56.9,644.0,53.1,27.0,43.8
2025-07-30 02:00:00,2025,7,30,2,Hà Nội,Xã Tây Phương,21.0403672,105.6115528,156,Unhealthy,3,27.7,91,0.0,6.5,150,996.2,100,62.4,62.9,628.0,57.2,17.0,44.6
2025-07-30 03:00:00,2025,7,30,3,Hà Nội,Xã Tây Phương,21.0403672,105.6115528,156,Unhealthy,3,27.1,94,0.0,3.1,149,995.8,92,68.7,69.6,604.0,61.5,10.0,46.3
2025-07-30 04:00:00,2025,7,30,4,Hà Nội,Xã Tây Phương,21.0403672,105.6115528,155,Unhealthy,3,27.2,93,0.0,0.4,360,995.9,99,72.9,74.0,580.0,63.1,8.0,47.7
2025-07-30 05:00:00,2025,7,30,5,Hà Nội,Xã Tây Phương,21.0403672,105.6115528,154,Unhealthy,3,27.0,94,0.0,2.4,54,996.0,100,78.7,79.9,563.0,60.6,10.0,48.5
2025-07-30 06:00:00,2025,7,30,6,Hà Nội,Xã Tây Phương,21.0403672,105.6115528,154,Unhealthy,3,27.4,93,0.0,3.1,350,996.4,100,80.8,81.7,546.0,55.2,18.0,49.0
2025-07-30 07:00:00,2025,7,30,7,Hà Nội,Xã Tây Phương,21.0403672,105.6115528,153,Unhealthy,3,28.3,92,0.0,5.6,339,997.0,100,80.8,81.0,521.0,48.1,39.0,49.2
2025-07-30 08:00:00,2025,7,30,8,Hà Nội,Xã Tây Phương,21.0403672,105.6115528,152,Unhealthy,3,30.4,85,0.0,5.7,332,997.8,100,76.1,76.4,482.0,38.2,86.0,49.9
2025-07-30 09:00:00,2025,7,30,9,Hà Nội,Xã Tây Phương,21.0403672,105.6115528,152,Unhealthy,3,31.7,80,0.0,7.3,324,998.0,100,65.9,65.9,434.0,26.4,147.0,50.3
2025-07-30 10:00:00,2025,7,30,10,Hà Nội,Xã Tây Phương,21.0403672,105.6115528,151,Unhealthy,3,32.8,75,0.0,7.7,319,997.6,100,52.4,52.5,385.0,16.9,191.0,47.9
2025-07-30 11:00:00,2025,7,30,11,Hà Nội,Xã Tây Phương,21.0403672,105.6115528,151,Unhealthy,3,33.8,71,0.0,7.8,304,997.1,100,43.2,43.2,331.0,11.1,203.0,40.2
2025-07-30 12:00:00,2025,7,30,12,Hà Nội,Xã Tây Phương,21.0403672,105.6115528,151,Unhealthy,3,34.8,66,0.0,8.6,307,996.3,100,36.3,36.3,276.0,7.5,198.0,29.7
2025-07-30 13:00:00,2025,7,30,13,Hà Nội,Xã Tây Phương,21.0403672,105.6115528,151,Unhealthy,3,35.4,62,0.0,7.4,317,995.1,98,30.4,30.5,236.0,5.5,189.0,21.8
2025-07-30 14:00:00,2025,7,30,14,Hà Nội,Xã Tây Phương,21.0403672,105.6115528,150,Unhealthy for Sensitive Groups,2,35.8,60,0.0,5.2,311,994.0,100,26.1,26.2,204.0,4.3,181.0,18.3
2025-07-30 15:00:00,2025,7,30,15,Hà Nội,Xã Tây Phương,21.0403672,105.6115528,150,Unhealthy for Sensitive Groups,2,36.2,58,0.0,3.4,270,993.2,100,23.3,23.3,186.0,4.7,169.0,17.4
2025-07-30 16:00:00,2025,7,30,16,Hà Nội,Xã Tây Phương,21.0403672,105.6115528,155,Unhealthy,3,36.2,57,0.0,3.3,216,992.8,100,22.2,22.4,225.0,8.1,155.0,18.6
2025-07-30 17:00:00,2025,7,30,17,Hà Nội,Xã Tây Phương,21.0403672,105.6115528,166,Unhealthy,3,35.8,62,0.0,5.3,188,993.3,96,26.0,26.1,351.0,17.1,136.0,22.6
2025-07-30 18:00:00,2025,7,30,18,Hà Nội,Xã Tây Phương,21.0403672,105.6115528,164,Unhealthy,3,33.8,71,0.0,8.6,182,993.7,92,42.8,42.8,533.0,29.2,114.0,28.7
2025-07-30 19:00:00,2025,7,30,19,Hà Nội,Xã Tây Phương,21.0403672,105.6115528,152,Unhealthy,3,32.1,76,0.0,3.1,114,995.0,100,65.0,65.0,716.0,45.2,88.0,44.2
2025-07-30 20:00:00,2025,7,30,20,Hà Nội,Xã Tây Phương,21.0403672,105.6115528,147,Unhealthy for Sensitive Groups,2,30.9,79,0.0,5.2,112,995.9,97,68.9,68.9,906.0,48.0,78.0,49.0
2025-07-30 21:00:00,2025,7,30,21,Hà Nội,Xã Tây Phương,21.0403672,105.6115528,148,Unhealthy for Sensitive Groups,2,30.8,79,0.0,6.7,126,996.8,100,76.4,76.4,1098.0,51.8,64.0,55.4
2025-07-30 22:00:00,2025,7,30,22,Hà Nội,Xã Tây Phương,21.0403672,105.6115528,149,Unhealthy for Sensitive Groups,2,30.5,79,0.0,8.1,141,997.2,100,84.3,84.3,1217.0,54.2,52.0,59.5
2025-07-30 23:00:00,2025,7,30,23,Hà Nội,Xã Tây Phương,21.0403672,105.6115528,150,Unhealthy for Sensitive Groups,2,30.1,82,0.0,7.3,169,997.3,100,88.5,88.5,1216.0,54.7,41.0,59.5
2025-07-31 00:00:00,2025,7,31,0,Hà Nội,Xã Tây Phương,21.0403672,105.6115528,151,Unhealthy,3,29.2,87,0.0,4.5,187,996.7,99,87.5,87.5,1143.0,53.9,32.0,57.1
2025-07-31 01:00:00,2025,7,31,1,Hà Nội,Xã Tây Phương,21.0403672,105.6115528,152,Unhealthy,3,28.8,90,0.0,4.8,200,996.2,87,80.3,80.3,1065.0,50.8,31.0,53.5
2025-07-31 02:00:00,2025,7,31,2,Hà Nội,Xã Tây Phương,21.0403672,105.6115528,152,Unhealthy,3,28.5,92,0.0,4.0,198,995.2,75,68.7,68.7,998.0,43.3,43.0,47.6
2025-07-31 03:00:00,2025,7,31,3,Hà Nội,Xã Tây Phương,21.0403672,105.6115528,153,Unhealthy,3,28.4,92,0.0,2.0,265,995.1,23,51.0,51.0,926.0,33.6,63.0,40.6
2025-07-31 04:00:00,2025,7,31,4,Hà Nội,Xã Tây Phương,21.0403672,105.6115528,152,Unhealthy,3,27.9,95,0.0,3.1,347,995.6,97,44.8,44.8,865.0,27.6,77.0,37.1
2025-07-31 05:00:00,2025,7,31,5,Hà Nội,Xã Tây Phương,21.0403672,105.6115528,152,Unhealthy,3,27.6,96,0.0,1.4,293,995.8,100,50.4,50.4,834.0,29.3,74.0,40.4
2025-07-31 06:00:00,2025,7,31,6,Hà Nội,Xã Tây Phương,21.0403672,105.6115528,151,Unhealthy,3,28.0,94,0.0,5.5,259,996.1,92,54.8,54.8,814.0,34.6,64.0,47.3
2025-07-31 07:00:00,2025,7,31,7,Hà Nội,Xã Tây Phương,21.0403672,105.6115528,150,Unhealthy for Sensitive Groups,2,30.1,82,0.0,8.3,266,996.3,91,56.0,56.0,769.0,35.6,66.0,49.8
2025-07-31 08:00:00,2025,7,31,8,Hà Nội,Xã Tây Phương,21.0403672,105.6115528,149,Unhealthy for Sensitive Groups,2,29.5,87,0.0,1.9,34,997.9,100,58.8,58.9,672.0,31.2,92.0,51.7
2025-07-31 09:00:00,2025,7,31,9,Hà Nội,Xã Tây Phương,21.0403672,105.6115528,147,Unhealthy for Sensitive Groups,2,30.8,81,0.0,3.6,330,998.0,100,59.3,59.4,550.0,25.0,129.0,53.9
2025-07-31 10:00:00,2025,7,31,10,Hà Nội,Xã Tây Phương,21.0403672,105.6115528,146,Unhealthy for Sensitive Groups,2,31.7,75,0.0,7.0,312,998.3,99,46.6,46.8,440.0,19.3,157.0,52.7
2025-07-31 11:00:00,2025,7,31,11,Hà Nội,Xã Tây Phương,21.0403672,105.6115528,146,Unhealthy for Sensitive Groups,2,32.7,70,0.2,6.0,314,997.8,100,38.3,38.8,352.0,14.2,171.0,44.3
2025-07-31 12:00:00,2025,7,31,12,Hà Nội,Xã Tây Phương,21.0403672,105.6115528,145,Unhealthy for Sensitive Groups,2,33.3,67,0.1,5.2,297,996.9,100,33.4,34.3,277.0,9.5,177.0,32.5
2025-07-31 13:00:00,2025,7,31,13,Hà Nội,Xã Tây Phương,21.0403672,105.6115528,145,Unhealthy for Sensitive Groups,2,34.0,63,0.0,2.2,246,995.6,100,30.7,32.1,224.0,7.1,177.0,24.3
2025-07-31 14:00:00,2025,7,31,14,Hà Nội,Xã Tây Phương,21.0403672,105.6115528,145,Unhealthy for Sensitive Groups,2,34.6,61,0.0,1.5,144,994.6,100,29.3,31.0,197.0,7.4,171.0,23.2
2025-07-31 15:00:00,2025,7,31,15,Hà Nội,Xã Tây Phương,21.0403672,105.6115528,145,Unhealthy for Sensitive Groups,2,34.4,62,0.0,0.2,90,993.9,100,29.7,31.8,193.0,9.9,160.0,25.7
2025-07-31 16:00:00,2025,7,31,16,Hà Nội,Xã Tây Phương,21.0403672,105.6115528,146,Unhealthy for Sensitive Groups,2,30.8,78,6.2,8.3,221,994.4,100,31.4,33.8,214.0,14.9,147.0,29.3
2025-07-31 17:00:00,2025,7,31,17,Hà Nội,Xã Tây Phương,21.0403672,105.6115528,147,Unhealthy for Sensitive Groups,2,29.0,85,4.5,11.9,191,994.5,100,35.6,38.1,271.0,24.5,132.0,33.9
2025-07-31 18:00:00,2025,7,31,18,Hà Nội,Xã Tây Phương,21.0403672,105.6115528,148,Unhealthy for Sensitive Groups,2,28.5,87,0.0,12.2,161,995.6,100,45.9,48.0,352.0,36.6,115.0,39.5
2025-07-31 19:00:00,2025,7,31,19,Hà Nội,Xã Tây Phương,21.0403672,105.6115528,148,Unhealthy for Sensitive Groups,2,27.7,90,0.9,5.8,120,996.8,100,48.1,49.2,430.0,43.5,63.0,38.8
2025-07-31 20:00:00,2025,7,31,20,Hà Nội,Xã Tây Phương,21.0403672,105.6115528,147,Unhealthy for Sensitive Groups,2,27.1,88,2.9,19.1,161,997.4,100,52.9,53.9,488.0,45.5,56.0,42.1
2025-07-31 21:00:00,2025,7,31,21,Hà Nội,Xã Tây Phương,21.0403672,105.6115528,145,Unhealthy for Sensitive Groups,2,26.6,90,1.7,10.0,160,997.1,100,57.0,57.9,543.0,48.2,45.0,46.5
2025-07-31 22:00:00,2025,7,31,22,Hà Nội,Xã Tây Phương,21.0403672,105.6115528,143,Unhealthy for Sensitive Groups,2,26.6,93,0.0,5.1,186,997.7,100,57.9,58.7,610.0,49.3,38.0,49.0
2025-07-31 23:00:00,2025,7,31,23,Hà Nội,Xã Tây Phương,21.0403672,105.6115528,140,Unhealthy for Sensitive Groups,2,26.8,94,0.0,2.7,332,998.1,100,55.4,56.1,722.0,47.6,36.0,47.6
2025-08-01 00:00:00,2025,8,1,0,Hà Nội,Xã Tây Phương,21.0403672,105.6115528,137,Unhealthy for Sensitive Groups,2,26.9,93,0.1,10.1,348,997.7,100,54.7,55.3,847.0,44.4,36.0,44.2
2025-08-01 01:00:00,2025,8,1,1,Hà Nội,Xã Tây Phương,21.0403672,105.6115528,133,Unhealthy for Sensitive Groups,2,26.7,94,0.5,3.7,349,997.3,100,48.3,48.8,906.0,41.4,37.0,41.5
2025-08-01 02:00:00,2025,8,1,2,Hà Nội,Xã Tây Phương,21.0403672,105.6115528,130,Unhealthy for Sensitive Groups,2,26.6,95,0.5,6.7,286,996.9,100,42.0,42.6,842.0,38.8,40.0,40.4
2025-08-01 03:00:00,2025,8,1,3,Hà Nội,Xã Tây Phương,21.0403672,105.6115528,127,Unhealthy for Sensitive Groups,2,26.6,97,0.4,7.7,309,996.9,100,39.7,40.3,712.0,36.4,43.0,40.1
2025-08-01 04:00:00,2025,8,1,4,Hà Nội,Xã Tây Phương,21.0403672,105.6115528,126,Unhealthy for Sensitive Groups,2,26.5,97,0.1,6.9,313,997.1,100,40.5,41.0,609.0,35.2,44.0,40.7
2025-08-01 05:00:00,2025,8,1,5,Hà Nội,Xã Tây Phương,21.0403672,105.6115528,125,Unhealthy for Sensitive Groups,2,26.4,95,0.3,9.7,288,997.5,100,41.0,41.3,580.0,36.8,38.0,42.9
2025-08-01 06:00:00,2025,8,1,6,Hà Nội,Xã Tây Phương,21.0403672,105.6115528,125,Unhealthy for Sensitive Groups,2,26.2,97,0.1,9.3,295,997.4,100,40.7,41.1,578.0,39.7,30.0,46.1
2025-08-01 07:00:00,2025,8,1,7,Hà Nội,Xã Tây Phương,21.0403672,105.6115528,123,Unhealthy for Sensitive Groups,2,26.7,93,1.0,8.1,307,998.1,100,29.7,30.0,552.0,38.5,37.0,48.8
2025-08-01 08:00:00,2025,8,1,8,Hà Nội,Xã Tây Phương,21.0403672,105.6115528,120,Unhealthy for Sensitive Groups,2,27.9,87,0.0,9.1,302,998.6,76,27.5,28.1,471.0,35.3,43.0,47.6
2025-08-01 09:00:00,2025,8,1,9,Hà Nội,Xã Tây Phương,21.0403672,105.6115528,117,Unhealthy for Sensitive Groups,2,29.4,81,0.0,11.7,311,998.8,94,22.0,22.5,366.0,30.8,52.0,45.8
2025-08-01 10:00:00,2025,8,1,10,Hà Nội,Xã Tây Phương,21.0403672,105.6115528,113,Unhealthy for Sensitive Groups,2,30.5,75,0.0,11.5,331,998.8,57,19.6,19.8,287.0,25.7,69.0,43.6
2025-08-01 11:00:00,2025,8,1,11,Hà Nội,Xã Tây Phương,21.0403672,105.6115528,110,Unhealthy for Sensitive Groups,2,31.6,72,0.0,9.7,338,998.6,79,22.1,22.3,250.0,19.7,102.0,40.7
2025-08-01 12:00:00,2025,8,1,12,Hà Nội,Xã Tây Phương,21.0403672,105.6115528,109,Unhealthy for Sensitive Groups,2,32.3,68,0.0,7.8,334,997.8,70,27.8,28.1,239.0,13.3,144.0,37.3
2025-08-01 13:00:00,2025,8,1,13,Hà Nội,Xã Tây Phương,21.0403672,105.6115528,108,Unhealthy for Sensitive Groups,2,32.8,68,0.0,6.1,336,996.8,100,27.9,28.1,249.0,8.7,176.0,34.3
2025-08-01 14:00:00,2025,8,1,14,Hà Nội,Xã Tây Phương,21.0403672,105.6115528,108,Unhealthy for Sensitive Groups,2,32.3,68,0.1,7.0,1,996.5,44,25.2,25.4,283.0,6.2,192.0,31.4
2025-08-01 15:00:00,2025,8,1,15,Hà Nội,Xã Tây Phương,21.0403672,105.6115528,107,Unhealthy for Sensitive Groups,2,28.8,84,0.9,5.5,54,996.4,84,25.1,25.2,338.0,5.6,199.0,28.7
2025-08-01 16:00:00,2025,8,1,16,Hà Nội,Xã Tây Phương,21.0403672,105.6115528,107,Unhealthy for Sensitive Groups,2,29.5,82,0.1,7.6,118,996.4,100,25.6,25.8,405.0,8.6,195.0,28.1
2025-08-01 17:00:00,2025,8,1,17,Hà Nội,Xã Tây Phương,21.0403672,105.6115528,107,Unhealthy for Sensitive Groups,2,28.9,83,0.0,8.8,141,996.5,100,25.4,25.6,487.0,17.3,177.0,30.4
2025-08-01 18:00:00,2025,8,1,18,Hà Nội,Xã Tây Phương,21.0403672,105.6115528,133,Unhealthy for Sensitive Groups,2,28.6,83,0.0,7.1,156,996.9,98,33.9,34.0,582.0,29.6,149.0,34.7
2025-08-01 19:00:00,2025,8,1,19,Hà Nội,Xã Tây Phương,21.0403672,105.6115528,150,Unhealthy for Sensitive Groups,2,27.8,87,0.0,7.3,160,997.7,98,39.6,40.9,666.0,33.3,106.0,33.4
2025-08-01 20:00:00,2025,8,1,20,Hà Nội,Xã Tây Phương,21.0403672,105.6115528,151,Unhealthy,3,29.0,87,0.0,8.6,131,998.9,99,43.4,44.4,724.0,37.1,90.0,35.5
2025-08-01 21:00:00,2025,8,1,21,Hà Nội,Xã Tây Phương,21.0403672,105.6115528,140,Unhealthy for Sensitive Groups,2,28.0,92,0.0,8.1,137,999.5,100,51.8,52.6,771.0,42.4,69.0,38.7
2025-08-01 22:00:00,2025,8,1,22,Hà Nội,Xã Tây Phương,21.0403672,105.6115528,117,Unhealthy for Sensitive Groups,2,27.4,93,0.0,5.7,125,1000.0,100,58.1,58.9,839.0,47.2,51.0,42.5
2025-08-01 23:00:00,2025,8,1,23,Hà Nội,Xã Tây Phương,21.0403672,105.6115528,102,Unhealthy for Sensitive Groups,2,27.0,94,0.0,5.1,108,1000.2,96,60.8,61.9,958.0,51.1,42.0,47.9
2025-08-02 00:00:00,2025,8,2,0,Hà Nội,Xã Tây Phương,21.0403672,105.6115528,102,Unhealthy for Sensitive Groups,2,26.6,96,0.0,3.1,90,1000.0,3,67.5,68.5,1097.0,54.4,38.0,54.0
2025-08-02 01:00:00,2025,8,2,1,Hà Nội,Xã Tây Phương,21.0403672,105.6115528,103,Unhealthy for Sensitive Groups,2,26.5,96,0.0,0.9,90,999.2,17,68.0,68.9,1189.0,56.0,34.0,57.3
2025-08-02 02:00:00,2025,8,2,2,Hà Nội,Xã Tây Phương,21.0403672,105.6115528,106,Unhealthy for Sensitive Groups,2,26.0,98,0.0,2.6,348,999.0,78,64.7,65.7,1187.0,55.0,28.0,54.7
2025-08-02 03:00:00,2025,8,2,3,Hà Nội,Xã Tây Phương,21.0403672,105.6115528,108,Unhealthy for Sensitive Groups,2,26.0,95,0.0,9.8,313,999.0,81,62.2,62.9,1138.0,52.3,22.0,49.3
2025-08-02 04:00:00,2025,8,2,4,Hà Nội,Xã Tây Phương,21.0403672,105.6115528,110,Unhealthy for Sensitive Groups,2,25.6,95,0.1,5.0,289,998.9,98,62.6,63.1,1112.0,49.9,22.0,46.8
2025-08-02 05:00:00,2025,8,2,5,Hà Nội,Xã Tây Phương,21.0403672,105.6115528,113,Unhealthy for Sensitive Groups,2,25.4,95,0.0,8.1,307,999.4,80,64.3,65.0,1176.0,49.6,27.0,51.3
2025-08-02 06:00:00,2025,8,2,6,Hà Nội,Xã Tây Phương,21.0403672,105.6115528,115,Unhealthy for Sensitive Groups,2,25.3,95,0.0,9.0,313,999.8,44,68.2,69.4,1263.0,49.6,37.0,58.8
2025-08-02 07:00:00,2025,8,2,7,Hà Nội,Xã Tây Phương,21.0403672,105.6115528,118,Unhealthy for Sensitive Groups,2,26.3,91,0.0,6.6,305,1000.5,97,46.7,47.4,1245.0,35.7,55.0,47.8
2025-08-02 08:00:00,2025,8,2,8,Hà Nội,Xã Tây Phương,21.0403672,105.6115528,120,Unhealthy for Sensitive Groups,2,29.2,85,0.0,4.4,297,1001.0,87,45.2,45.4,1019.0,29.8,94.0,48.6
2025-08-02 09:00:00,2025,8,2,9,Hà Nội,Xã Tây Phương,21.0403672,105.6115528,121,Unhealthy for Sensitive Groups,2,30.3,80,0.1,1.8,264,1001.3,93,41.7,41.8,689.0,21.6,148.0,49.4
2025-08-02 10:00:00,2025,8,2,10,Hà Nội,Xã Tây Phương,21.0403672,105.6115528,123,Unhealthy for Sensitive Groups,2,31.4,77,0.2,2.7,217,1001.2,74,32.5,32.7,433.0,14.7,191.0,47.9
2025-08-02 11:00:00,2025,8,2,11,Hà Nội,Xã Tây Phương,21.0403672,105.6115528,125,Unhealthy for Sensitive Groups,2,32.2,75,0.0,3.2,223,1000.7,71,30.0,30.5,334.0,10.3,211.0,42.0
2025-08-02 12:00:00,2025,8,2,12,Hà Nội,Xã Tây Phương,21.0403672,105.6115528,126,Unhealthy for Sensitive Groups,2,32.8,74,0.2,3.7,235,1000.1,100,30.2,31.1,311.0,7.2,219.0,33.9
2025-08-02 13:00:00,2025,8,2,13,Hà Nội,Xã Tây Phương,21.0403672,105.6115528,126,Unhealthy for Sensitive Groups,2,33.0,74,0.2,2.0,207,998.9,88,31.1,32.1,298.0,5.4,224.0,27.9
2025-08-02 14:00:00,2025,8,2,14,Hà Nội,Xã Tây Phương,21.0403672,105.6115528,126,Unhealthy for Sensitive Groups,2,33.7,71,0.0,3.2,199,998.0,93,32.4,33.6,271.0,4.6,230.0,25.4
2025-08-02 15:00:00,2025,8,2,15,Hà Nội,Xã Tây Phương,21.0403672,105.6115528,156,Unhealthy,3,33.9,69,0.0,8.3,194,997.3,80,33.9,35.3,255.0,5.1,234.0,25.1
2025-08-02 16:00:00,2025,8,2,16,Hà Nội,Xã Tây Phương,21.0403672,105.6115528,185,Unhealthy,3,33.4,72,0.0,11.5,178,996.7,81,36.9,38.4,258.0,8.2,231.0,27.2
2025-08-02 17:00:00,2025,8,2,17,Hà Nội,Xã Tây Phương,21.0403672,105.6115528,203,Very Unhealthy,4,32.6,75,0.0,12.8,165,997.2,90,43.0,44.4,289.0,15.7,220.0,33.2
2025-08-02 18:00:00,2025,8,2,18,Hà Nội,Xã Tây Phương,21.0403672,105.6115528,208,Very Unhealthy,4,31.4,80,0.0,10.5,142,997.8,87,54.5,55.9,339.0,25.8,202.0,41.7
2025-08-02 19:00:00,2025,8,2,19,Hà Nội,Xã Tây Phương,21.0403672,105.6115528,208,Very Unhealthy,4,30.1,82,0.0,13.6,145,998.4,98,43.1,44.4,394.0,30.3,127.0,33.5
2025-08-02 20:00:00,2025,8,2,20,Hà Nội,Xã Tây Phương,21.0403672,105.6115528,203,Very Unhealthy,4,31.0,78,0.0,13.9,153,999.3,100,47.0,48.5,452.0,33.8,106.0,37.1
2025-08-02 21:00:00,2025,8,2,21,Hà Nội,Xã Tây Phương,21.0403672,105.6115528,188,Unhealthy,3,30.0,78,0.0,11.1,160,999.9,99,49.9,51.6,515.0,38.8,76.0,41.9
2025-08-02 22:00:00,2025,8,2,22,Hà Nội,Xã Tây Phương,21.0403672,105.6115528,165,Unhealthy,3,29.2,83,0.0,7.2,166,1000.2,96,54.8,56.6,566.0,43.9,51.0,45.4
2025-08-02 23:00:00,2025,8,2,23,Hà Nội,Xã Tây Phương,21.0403672,105.6115528,133,Unhealthy for Sensitive Groups,2,28.6,88,0.0,7.2,166,1000.2,100,59.8,61.7,612.0,48.7,35.0,45.8
2025-08-03 00:00:00,2025,8,3,0,Hà Nội,Xã Tây Phương,21.0403672,105.6115528,133,Unhealthy for Sensitive Groups,2,28.2,91,0.0,7.2,166,999.7,100,62.6,64.7,646.0,53.5,23.0,44.8
2025-08-03 01:00:00,2025,8,3,1,Hà Nội,Xã Tây Phương,21.0403672,105.6115528,133,Unhealthy for Sensitive Groups,2,27.7,94,0.0,4.6,171,999.0,100,67.3,69.4,637.0,57.8,14.0,44.7
2025-08-03 02:00:00,2025,8,3,2,Hà Nội,Xã Tây Phương,21.0403672,105.6115528,133,Unhealthy for Sensitive Groups,2,27.2,96,0.0,3.5,165,998.4,100,72.4,74.5,544.0,62.1,6.0,46.5
2025-08-03 03:00:00,2025,8,3,3,Hà Nội,Xã Tây Phương,21.0403672,105.6115528,133,Unhealthy for Sensitive Groups,2,27.0,97,0.0,0.8,207,998.3,100,78.5,80.8,408.0,65.9,1.0,49.3
2025-08-03 04:00:00,2025,8,3,4,Hà Nội,Xã Tây Phương,21.0403672,105.6115528,135,Unhealthy for Sensitive Groups,2,26.6,98,0.0,2.2,336,998.5,100,83.4,85.9,318.0,67.7,2.0,52.6
2025-08-03 05:00:00,2025,8,3,5,Hà Nội,Xã Tây Phương,21.0403672,105.6115528,137,Unhealthy for Sensitive Groups,2,26.4,99,0.0,2.7,298,998.9,100,90.3,93.8,332.0,67.6,10.0,58.1
2025-08-03 06:00:00,2025,8,3,6,Hà Nội,Xã Tây Phương,21.0403672,105.6115528,140,Unhealthy for Sensitive Groups,2,26.7,99,0.0,5.0,283,999.1,100,95.9,100.6,393.0,65.5,25.0,64.2
2025-08-03 07:00:00,2025,8,3,7,Hà Nội,Xã Tây Phương,21.0403672,105.6115528,143,Unhealthy for Sensitive Groups,2,28.5,94,0.0,4.8,304,999.6,100,85.9,87.8,419.0,47.5,49.0,56.1
2025-08-03 08:00:00,2025,8,3,8,Hà Nội,Xã Tây Phương,21.0403672,105.6115528,147,Unhealthy for Sensitive Groups,2,30.8,86,0.0,2.7,278,1000.2,100,78.2,80.3,366.0,37.5,90.0,52.9
2025-08-03 09:00:00,2025,8,3,9,Hà Nội,Xã Tây Phương,21.0403672,105.6115528,150,Unhealthy for Sensitive Groups,2,32.7,70,0.0,7.9,249,1000.1,100,64.5,67.3,278.0,23.7,146.0,48.2
2025-08-03 10:00:00,2025,8,3,10,Hà Nội,Xã Tây Phương,21.0403672,105.6115528,151,Unhealthy,3,33.8,63,0.0,11.7,259,1000.1,100,45.6,49.1,211.0,12.8,183.0,42.1
2025-08-03 11:00:00,2025,8,3,11,Hà Nội,Xã Tây Phương,21.0403672,105.6115528,151,Unhealthy,3,34.7,59,0.0,12.8,259,999.6,100,34.5,38.2,185.0,7.6,185.0,33.6
2025-08-03 12:00:00,2025,8,3,12,Hà Nội,Xã Tây Phương,21.0403672,105.6115528,151,Unhealthy,3,35.6,57,0.0,14.0,255,999.1,99,27.3,30.9,179.0,5.4,169.0,23.8
2025-08-03 13:00:00,2025,8,3,13,Hà Nội,Xã Tây Phương,21.0403672,105.6115528,151,Unhealthy,3,36.3,53,0.0,13.2,253,998.0,92,21.8,25.0,184.0,4.3,151.0,16.3
2025-08-03 14:00:00,2025,8,3,14,Hà Nội,Xã Tây Phương,21.0403672,105.6115528,151,Unhealthy,3,36.5,52,0.0,12.3,245,997.1,99,16.7,19.3,196.0,3.2,137.0,12.5
2025-08-03 15:00:00,2025,8,3,15,Hà Nội,Xã Tây Phương,21.0403672,105.6115528,150,Unhealthy for Sensitive Groups,2,36.3,53,0.0,10.6,226,996.2,99,13.6,15.8,219.0,3.3,122.0,11.1
2025-08-03 16:00:00,2025,8,3,16,Hà Nội,Xã Tây Phương,21.0403672,105.6115528,150,Unhealthy for Sensitive Groups,2,36.3,57,0.0,7.4,194,995.6,100,13.6,15.3,257.0,6.6,105.0,11.8
2025-08-03 17:00:00,2025,8,3,17,Hà Nội,Xã Tây Phương,21.0403672,105.6115528,147,Unhealthy for Sensitive Groups,2,35.2,67,0.0,8.2,172,995.9,42,16.6,18.0,326.0,16.1,85.0,15.6
2025-08-03 18:00:00,2025,8,3,18,Hà Nội,Xã Tây Phương,21.0403672,105.6115528,144,Unhealthy for Sensitive Groups,2,32.8,75,0.0,11.9,146,996.3,76,24.0,25.2,409.0,28.8,63.0,21.4
2025-08-03 19:00:00,2025,8,3,19,Hà Nội,Xã Tây Phương,21.0403672,105.6115528,141,Unhealthy for Sensitive Groups,2,31.6,77,0.0,9.9,165,997.5,42,30.7,31.7,462.0,34.7,64.0,30.8
2025-08-03 20:00:00,2025,8,3,20,Hà Nội,Xã Tây Phương,21.0403672,105.6115528,140,Unhealthy for Sensitive Groups,2,31.6,76,0.0,9.4,188,998.4,92,36.9,38.2,465.0,33.7,54.0,30.1
2025-08-03 21:00:00,2025,8,3,21,Hà Nội,Xã Tây Phương,21.0403672,105.6115528,139,Unhealthy for Sensitive Groups,2,31.0,74,0.0,8.9,186,998.8,93,33.9,35.2,437.0,32.1,40.0,28.9
2025-08-03 22:00:00,2025,8,3,22,Hà Nội,Xã Tây Phương,21.0403672,105.6115528,137,Unhealthy for Sensitive Groups,2,30.0,79,0.0,7.3,200,999.2,93,29.5,31.4,394.0,29.1,31.0,26.6
2025-08-03 23:00:00,2025,8,3,23,Hà Nội,Xã Tây Phương,21.0403672,105.6115528,135,Unhealthy for Sensitive Groups,2,29.9,77,0.0,8.0,207,999.1,99,24.4,26.8,326.0,23.3,33.0,22.0
2025-08-04 00:00:00,2025,8,4,0,Hà Nội,Xã Tây Phương,21.0403672,105.6115528,131,Unhealthy for Sensitive Groups,2,29.5,78,0.0,5.7,189,998.7,99,18.7,21.7,243.0,16.2,40.0,16.2
2025-08-04 01:00:00,2025,8,4,1,Hà Nội,Xã Tây Phương,21.0403672,105.6115528,126,Unhealthy for Sensitive Groups,2,29.1,79,0.0,5.0,215,998.3,97,16.5,20.2,186.0,11.5,44.0,12.4
2025-08-04 02:00:00,2025,8,4,2,Hà Nội,Xã Tây Phương,21.0403672,105.6115528,121,Unhealthy for Sensitive Groups,2,29.0,77,0.0,5.2,211,997.5,97,17.1,21.5,173.0,11.2,41.0,12.1
2025-08-04 03:00:00,2025,8,4,3,Hà Nội,Xã Tây Phương,21.0403672,105.6115528,115,Unhealthy for Sensitive Groups,2,28.4,80,0.0,4.8,195,997.7,100,18.9,24.0,185.0,13.4,36.0,13.7
2025-08-04 04:00:00,2025,8,4,4,Hà Nội,Xã Tây Phương,21.0403672,105.6115528,109,Unhealthy for Sensitive Groups,2,28.0,81,0.0,6.1,212,997.7,100,20.9,26.7,210.0,15.9,33.0,15.8
2025-08-04 05:00:00,2025,8,4,5,Hà Nội,Xã Tây Phương,21.0403672,105.6115528,103,Unhealthy for Sensitive Groups,2,28.2,78,0.0,7.1,232,997.9,99,23.8,30.4,257.0,18.8,31.0,18.6
2025-08-04 06:00:00,2025,8,4,6,Hà Nội,Xã Tây Phương,21.0403672,105.6115528,96,Moderate,1,28.5,76,0.0,7.5,233,998.4,100,28.2,35.6,317.0,22.1,32.0,22.0
2025-08-04 07:00:00,2025,8,4,7,Hà Nội,Xã Tây Phương,21.0403672,105.6115528,90,Moderate,1,30.0,75,0.0,8.9,232,998.8,100,35.5,42.3,347.0,22.8,40.0,24.0
2025-08-04 08:00:00,2025,8,4,8,Hà Nội,Xã Tây Phương,21.0403672,105.6115528,86,Moderate,1,32.3,68,0.0,10.2,238,999.4,99,29.9,38.2,321.0,18.9,63.0,23.8
2025-08-04 09:00:00,2025,8,4,9,Hà Nội,Xã Tây Phương,21.0403672,105.6115528,81,Moderate,1,33.4,63,0.0,10.4,252,999.6,100,26.0,36.1,266.0,12.4,93.0,22.4
2025-08-04 10:00:00,2025,8,4,10,Hà Nội,Xã Tây Phương,21.0403672,105.6115528,78,Moderate,1,34.3,60,0.0,11.8,254,999.5,100,23.2,33.8,221.0,7.4,115.0,20.4
2025-08-04 11:00:00,2025,8,4,11,Hà Nội,Xã Tây Phương,21.0403672,105.6115528,76,Moderate,1,35.2,57,0.0,13.8,263,999.1,100,21.4,31.7,200.0,5.3,123.0,17.7
2025-08-04 12:00:00,2025,8,4,12,Hà Nội,Xã Tây Phương,21.0403672,105.6115528,75,Moderate,1,35.8,56,0.0,14.3,264,998.4,100,20.1,29.3,189.0,4.6,123.0,14.6
2025-08-04 13:00:00,2025,8,4,13,Hà Nội,Xã Tây Phương,21.0403672,105.6115528,74,Moderate,1,36.3,53,0.0,13.0,259,997.4,100,19.2,27.2,188.0,4.6,121.0,12.5
2025-08-04 14:00:00,2025,8,4,14,Hà Nội,Xã Tây Phương,21.0403672,105.6115528,74,Moderate,1,36.7,52,0.0,11.4,247,996.3,100,18.7,25.6,164.0,3.8,120.0,11.6
2025-08-04 15:00:00,2025,8,4,15,Hà Nội,Xã Tây Phương,21.0403672,105.6115528,74,Moderate,1,36.8,52,0.0,10.8,240,995.4,100,18.2,24.4,149.0,3.6,116.0,11.8
2025-08-04 16:00:00,2025,8,4,16,Hà Nội,Xã Tây Phương,21.0403672,105.6115528,75,Moderate,1,34.8,65,0.4,9.0,235,996.1,100,18.9,24.0,241.0,8.1,107.0,14.1
2025-08-04 17:00:00,2025,8,4,17,Hà Nội,Xã Tây Phương,21.0403672,105.6115528,75,Moderate,1,34.5,66,0.0,6.3,129,996.6,100,24.7,28.8,540.0,21.4,89.0,19.9
2025-08-04 18:00:00,2025,8,4,18,Hà Nội,Xã Tây Phương,21.0403672,105.6115528,76,Moderate,1,33.0,72,0.0,6.0,123,997.2,100,35.4,39.1,945.0,39.4,66.0,27.8
2025-08-04 19:00:00,2025,8,4,19,Hà Nội,Xã Tây Phương,21.0403672,105.6115528,77,Moderate,1,32.2,74,0.0,4.9,141,998.1,100,37.8,40.6,1256.0,37.8,46.0,26.5
2025-08-04 20:00:00,2025,8,4,20,Hà Nội,Xã Tây Phương,21.0403672,105.6115528,77,Moderate,1,30.8,81,0.0,4.2,173,999.3,100,37.6,40.4,1423.0,39.5,36.0,28.2
2025-08-04 21:00:00,2025,8,4,21,Hà Nội,Xã Tây Phương,21.0403672,105.6115528,78,Moderate,1,30.8,81,0.0,7.1,187,999.5,100,41.0,44.1,1495.0,41.9,23.0,30.6
2025-08-04 22:00:00,2025,8,4,22,Hà Nội,Xã Tây Phương,21.0403672,105.6115528,78,Moderate,1,30.1,84,0.0,7.2,181,1000.3,100,49.7,53.3,1421.0,43.5,15.0,32.7
2025-08-04 23:00:00,2025,8,4,23,Hà Nội,Xã Tây Phương,21.0403672,105.6115528,80,Moderate,1,29.5,88,0.0,4.2,173,1000.2,100,50.1,53.1,1091.0,43.3,17.0,34.1
2025-08-05 00:00:00,2025,8,5,0,Hà Nội,Xã Tây Phương,21.0403672,105.6115528,82,Moderate,1,29.1,91,0.0,1.2,207,999.7,100,48.4,51.3,616.0,42.3,25.0,35.2
2025-08-05 01:00:00,2025,8,5,1,Hà Nội,Xã Tây Phương,21.0403672,105.6115528,85,Moderate,1,28.8,92,0.0,2.0,265,999.0,100,45.1,47.6,270.0,41.9,30.0,36.7
2025-08-05 02:00:00,2025,8,5,2,Hà Nội,Xã Tây Phương,21.0403672,105.6115528,87,Moderate,1,28.5,94,0.0,2.2,312,998.5,100,47.4,50.1,178.0,43.0,30.0,38.6
2025-08-05 03:00:00,2025,8,5,3,Hà Nội,Xã Tây Phương,21.0403672,105.6115528,90,Moderate,1,28.1,95,0.0,3.4,357,998.1,100,49.4,52.0,215.0,44.7,28.0,40.9
2025-08-05 04:00:00,2025,8,5,4,Hà Nội,Xã Tây Phương,21.0403672,105.6115528,93,Moderate,1,27.8,96,0.0,4.2,20,998.4,100,48.7,51.0,289.0,46.3,27.0,43.5
2025-08-05 05:00:00,2025,8,5,5,Hà Nội,Xã Tây Phương,21.0403672,105.6115528,95,Moderate,1,27.5,94,0.0,3.8,25,999.0,100,49.4,51.6,407.0,48.1,27.0,46.5
2025-08-05 06:00:00,2025,8,5,6,Hà Nội,Xã Tây Phương,21.0403672,105.6115528,98,Moderate,1,27.8,92,0.0,2.8,75,999.3,100,53.0,55.2,561.0,49.9,28.0,50.0
2025-08-05 07:00:00,2025,8,5,7,Hà Nội,Xã Tây Phương,21.0403672,105.6115528,100,Moderate,1,28.6,89,0.0,3.1,69,1000.4,100,59.3,61.7,635.0,48.4,19.0,56.0
2025-08-05 08:00:00,2025,8,5,8,Hà Nội,Xã Tây Phương,21.0403672,105.6115528,102,Unhealthy for Sensitive Groups,2,31.1,84,0.0,3.3,225,1000.9,100,56.0,58.1,550.0,42.9,35.0,56.3
2025-08-05 09:00:00,2025,8,5,9,Hà Nội,Xã Tây Phương,21.0403672,105.6115528,105,Unhealthy for Sensitive Groups,2,32.2,76,0.0,4.7,277,1001.5,100,47.3,49.1,384.0,35.2,58.0,56.4
2025-08-05 10:00:00,2025,8,5,10,Hà Nội,Xã Tây Phương,21.0403672,105.6115528,107,Unhealthy for Sensitive Groups,2,32.9,70,0.0,5.1,280,1001.3,100,36.6,38.8,257.0,28.5,78.0,54.6
2025-08-05 11:00:00,2025,8,5,11,Hà Nội,Xã Tây Phương,21.0403672,105.6115528,108,Unhealthy for Sensitive Groups,2,34.0,63,0.0,8.4,277,1001.0,100,31.0,34.0,196.0,23.3,91.0,48.5
2025-08-05 12:00:00,2025,8,5,12,Hà Nội,Xã Tây Phương,21.0403672,105.6115528,109,Unhealthy for Sensitive Groups,2,34.8,58,0.0,8.7,292,1000.5,100,31.4,35.3,174.0,19.1,101.0,40.5
2025-08-05 13:00:00,2025,8,5,13,Hà Nội,Xã Tây Phương,21.0403672,105.6115528,111,Unhealthy for Sensitive Groups,2,32.8,68,1.4,10.2,350,1000.2,100,34.1,38.9,221.0,17.3,109.0,36.0
2025-08-05 14:00:00,2025,8,5,14,Hà Nội,Xã Tây Phương,21.0403672,105.6115528,112,Unhealthy for Sensitive Groups,2,29.9,81,0.0,12.0,74,1000.0,100,39.7,45.3,374.0,18.4,117.0,38.3
2025-08-05 15:00:00,2025,8,5,15,Hà Nội,Xã Tây Phương,21.0403672,105.6115528,114,Unhealthy for Sensitive Groups,2,29.0,86,0.0,7.2,53,998.9,100,53.2,57.6,597.0,21.9,123.0,44.1
2025-08-05 16:00:00,2025,8,5,16,Hà Nội,Xã Tây Phương,21.0403672,105.6115528,118,Unhealthy for Sensitive Groups,2,29.9,84,0.0,7.6,59,999.1,100,51.9,56.6,816.0,27.2,123.0,49.5
2025-08-05 17:00:00,2025,8,5,17,Hà Nội,Xã Tây Phương,21.0403672,105.6115528,121,Unhealthy for Sensitive Groups,2,30.0,85,0.0,4.4,99,999.5,100,53.1,57.9,1005.0,35.7,115.0,53.3
2025-08-05 18:00:00,2025,8,5,18,Hà Nội,Xã Tây Phương,21.0403672,105.6115528,124,Unhealthy for Sensitive Groups,2,29.8,86,0.0,5.2,102,1000.0,100,60.3,65.0,1190.0,46.1,101.0,56.6
2025-08-05 19:00:00,2025,8,5,19,Hà Nội,Xã Tây Phương,21.0403672,105.6115528,127,Unhealthy for Sensitive Groups,2,29.1,89,0.0,6.9,95,1000.3,100,71.5,77.5,1368.0,48.7,88.0,60.6
2025-08-05 20:00:00,2025,8,5,20,Hà Nội,Xã Tây Phương,21.0403672,105.6115528,131,Unhealthy for Sensitive Groups,2,28.0,95,1.4,5.9,92,1001.1,100,85.0,91.5,1562.0,56.6,71.0,63.5
2025-08-05 21:00:00,2025,8,5,21,Hà Nội,Xã Tây Phương,21.0403672,105.6115528,135,Unhealthy for Sensitive Groups,2,27.9,95,1.0,5.2,76,1002.3,100,103.4,109.7,1749.0,67.5,47.0,67.6
2025-08-05 22:00:00,2025,8,5,22,Hà Nội,Xã Tây Phương,21.0403672,105.6115528,142,Unhealthy for Sensitive Groups,2,27.5,95,0.4,5.8,86,1002.8,100,118.7,124.8,1859.0,76.1,29.0,71.4
2025-08-05 23:00:00,2025,8,5,23,Hà Nội,Xã Tây Phương,21.0403672,105.6115528,149,Unhealthy for Sensitive Groups,2,27.4,95,0.0,5.0,142,1002.5,100,129.5,136.4,1853.0,80.1,21.0,74.4
2025-08-06 00:00:00,2025,8,6,0,Hà Nội,Xã Tây Phương,21.0403672,105.6115528,152,Unhealthy,3,27.2,96,0.0,3.7,157,1002.2,100,126.2,134.1,1770.0,81.9,18.0,77.1
2025-08-06 01:00:00,2025,8,6,1,Hà Nội,Xã Tây Phương,21.0403672,105.6115528,153,Unhealthy,3,27.2,97,0.1,4.5,140,1001.3,100,127.1,135.0,1651.0,82.6,16.0,79.5
2025-08-06 02:00:00,2025,8,6,2,Hà Nội,Xã Tây Phương,21.0403672,105.6115528,155,Unhealthy,3,27.2,98,0.1,7.6,137,1001.0,100,127.1,135.5,1496.0,82.9,14.0,82.3
2025-08-06 03:00:00,2025,8,6,3,Hà Nội,Xã Tây Phương,21.0403672,105.6115528,157,Unhealthy,3,27.0,96,0.0,6.1,130,1000.7,100,128.5,136.4,1304.0,82.2,12.0,84.8
2025-08-06 04:00:00,2025,8,6,4,Hà Nội,Xã Tây Phương,21.0403672,105.6115528,159,Unhealthy,3,26.9,96,0.0,4.7,118,1000.5,100,128.5,136.0,1119.0,80.4,12.0,85.2
2025-08-06 05:00:00,2025,8,6,5,Hà Nội,Xã Tây Phương,21.0403672,105.6115528,160,Unhealthy,3,26.8,96,0.0,6.4,119,1000.8,100,125.7,133.2,925.0,77.4,11.0,81.5
2025-08-06 06:00:00,2025,8,6,6,Hà Nội,Xã Tây Phương,21.0403672,105.6115528,162,Unhealthy,3,26.8,96,0.0,5.0,139,1001.2,100,111.1,117.6,738.0,73.2,10.0,75.6
2025-08-06 07:00:00,2025,8,6,7,Hà Nội,Xã Tây Phương,21.0403672,105.6115528,163,Unhealthy,3,27.4,95,0.1,4.6,103,1001.8,100,98.7,104.5,645.0,62.0,25.0,67.0
2025-08-06 08:00:00,2025,8,6,8,Hà Nội,Xã Tây Phương,21.0403672,105.6115528,164,Unhealthy,3,27.5,96,0.8,6.5,146,1003.0,100,90.8,96.2,736.0,55.7,33.0,64.8
2025-08-06 09:00:00,2025,8,6,9,Hà Nội,Xã Tây Phương,21.0403672,105.6115528,165,Unhealthy,3,27.5,98,1.7,11.2,165,1003.9,100,75.9,80.8,922.0,46.9,45.0,61.7
2025-08-06 10:00:00,2025,8,6,10,Hà Nội,Xã Tây Phương,21.0403672,105.6115528,166,Unhealthy,3,27.3,93,1.3,5.6,174,1003.5,100,57.0,61.7,1015.0,39.6,60.0,58.9
2025-08-06 11:00:00,2025,8,6,11,Hà Nội,Xã Tây Phương,21.0403672,105.6115528,166,Unhealthy,3,28.0,89,0.5,6.2,159,1003.5,100,56.0,60.8,911.0,35.5,80.0,57.2
2025-08-06 12:00:00,2025,8,6,12,Hà Nội,Xã Tây Phương,21.0403672,105.6115528,166,Unhealthy,3,27.8,92,0.8,8.4,157,1003.0,100,59.5,64.0,715.0,32.8,103.0,55.8
2025-08-06 13:00:00,2025,8,6,13,Hà Nội,Xã Tây Phương,21.0403672,105.6115528,167,Unhealthy,3,29.1,86,0.3,8.6,149,1002.0,100,62.2,66.4,557.0,30.1,125.0,54.0
2025-08-06 14:00:00,2025,8,6,14,Hà Nội,Xã Tây Phương,21.0403672,105.6115528,168,Unhealthy,3,29.8,80,0.0,9.9,142,1001.0,100,62.2,66.1,459.0,25.3,148.0,50.5
2025-08-06 15:00:00,2025,8,6,15,Hà Nội,Xã Tây Phương,21.0403672,105.6115528,168,Unhealthy,3,29.6,80,0.0,8.8,139,1000.3,100,57.5,61.0,399.0,20.5,170.0,46.4
2025-08-06 16:00:00,2025,8,6,16,Hà Nội,Xã Tây Phương,21.0403672,105.6115528,168,Unhealthy,3,29.4,86,0.0,8.4,143,999.8,100,54.0,57.4,444.0,20.2,177.0,44.9
2025-08-06 17:00:00,2025,8,6,17,Hà Nội,Xã Tây Phương,21.0403672,105.6115528,168,Unhealthy,3,29.5,87,0.0,8.3,132,1000.0,100,53.1,56.2,684.0,28.0,161.0,47.7
2025-08-06 18:00:00,2025,8,6,18,Hà Nội,Xã Tây Phương,21.0403672,105.6115528,168,Unhealthy,3,29.0,91,0.0,6.0,117,1000.7,100,62.4,65.0,1028.0,40.2,131.0,53.0
2025-08-06 19:00:00,2025,8,6,19,Hà Nội,Xã Tây Phương,21.0403672,105.6115528,168,Unhealthy,3,28.6,93,0.0,4.0,82,1001.7,100,71.7,74.0,1271.0,46.1,113.0,49.7
2025-08-06 20:00:00,2025,8,6,20,Hà Nội,Xã Tây Phương,21.0403672,105.6115528,168,Unhealthy,3,26.7,93,0.1,11.9,155,1003.2,100,87.5,89.6,1327.0,50.5,93.0,52.9
2025-08-06 21:00:00,2025,8,6,21,Hà Nội,Xã Tây Phương,21.0403672,105.6115528,168,Unhealthy,3,26.5,95,1.5,11.2,161,1003.5,100,93.8,95.7,1282.0,56.6,65.0,57.2
2025-08-06 22:00:00,2025,8,6,22,Hà Nội,Xã Tây Phương,21.0403672,105.6115528,168,Unhealthy,3,26.4,96,1.8,5.5,142,1004.0,100,92.7,94.1,1187.0,60.9,43.0,59.1
2025-08-06 23:00:00,2025,8,6,23,Hà Nội,Xã Tây Phương,21.0403672,105.6115528,168,Unhealthy,3,26.5,96,0.8,6.8,155,1004.2,100,87.5,88.7,1018.0,61.4,32.0,56.2
2025-08-07 00:00:00,2025,8,7,0,Hà Nội,Xã Tây Phương,21.0403672,105.6115528,167,Unhealthy,3,26.5,96,0.7,5.6,151,1003.9,100,85.2,86.4,800.0,60.1,26.0,50.8
2025-08-07 01:00:00,2025,8,7,1,Hà Nội,Xã Tây Phương,21.0403672,105.6115528,166,Unhealthy,3,26.2,97,1.1,5.1,148,1003.2,100,85.0,86.1,655.0,59.6,20.0,46.9
2025-08-07 02:00:00,2025,8,7,2,Hà Nội,Xã Tây Phương,21.0403672,105.6115528,165,Unhealthy,3,26.1,97,0.2,4.8,119,1002.9,100,83.6,85.2,655.0,61.6,12.0,45.4
2025-08-07 03:00:00,2025,8,7,3,Hà Nội,Xã Tây Phương,21.0403672,105.6115528,164,Unhealthy,3,26.0,98,0.0,4.3,114,1002.6,100,82.9,84.3,729.0,64.5,4.0,45.2
2025-08-07 04:00:00,2025,8,7,4,Hà Nội,Xã Tây Phương,21.0403672,105.6115528,163,Unhealthy,3,26.0,98,0.0,4.6,121,1003.1,100,82.9,84.1,781.0,66.0,2.0,47.1
2025-08-07 05:00:00,2025,8,7,5,Hà Nội,Xã Tây Phương,21.0403672,105.6115528,162,Unhealthy,3,25.9,98,0.0,3.5,125,1003.5,100,83.1,84.3,774.0,65.5,5.0,52.6
2025-08-07 06:00:00,2025,8,7,6,Hà Nội,Xã Tây Phương,21.0403672,105.6115528,161,Unhealthy,3,26.0,98,0.0,1.5,135,1004.1,100,87.5,88.9,746.0,63.7,12.0,60.0
2025-08-07 07:00:00,2025,8,7,7,Hà Nội,Xã Tây Phương,21.0403672,105.6115528,161,Unhealthy,3,27.1,94,0.0,3.5,111,1004.8,100,90.1,91.7,719.0,59.6,31.0,65.2
2025-08-07 08:00:00,2025,8,7,8,Hà Nội,Xã Tây Phương,21.0403672,105.6115528,160,Unhealthy,3,27.0,92,0.2,9.9,127,1005.8,100,79.4,81.0,699.0,52.3,66.0,66.7
2025-08-07 09:00:00,2025,8,7,9,Hà Nội,Xã Tây Phương,21.0403672,105.6115528,160,Unhealthy,3,28.2,89,0.2,4.2,140,1006.1,100,71.9,73.1,680.0,42.9,112.0,65.8
2025-08-07 10:00:00,2025,8,7,10,Hà Nội,Xã Tây Phương,21.0403672,105.6115528,160,Unhealthy,3,28.5,89,0.0,1.5,104,1006.1,100,69.6,70.3,664.0,33.6,156.0,62.6
2025-08-07 11:00:00,2025,8,7,11,Hà Nội,Xã Tây Phương,21.0403672,105.6115528,160,Unhealthy,3,29.2,85,0.0,1.5,135,1006.1,100,62.4,63.3,662.0,24.0,201.0,55.3
2025-08-07 12:00:00,2025,8,7,12,Hà Nội,Xã Tây Phương,21.0403672,105.6115528,160,Unhealthy,3,29.7,84,0.0,1.9,73,1005.5,100,57.0,57.9,663.0,14.6,244.0,45.6
2025-08-07 13:00:00,2025,8,7,13,Hà Nội,Xã Tây Phương,21.0403672,105.6115528,160,Unhealthy,3,30.6,80,0.0,5.1,84,1004.5,100,56.8,57.6,640.0,8.8,268.0,38.6
2025-08-07 14:00:00,2025,8,7,14,Hà Nội,Xã Tây Phương,21.0403672,105.6115528,160,Unhealthy,3,31.5,75,0.0,5.5,107,1003.9,100,58.4,59.3,549.0,7.9,263.0,36.2
2025-08-07 15:00:00,2025,8,7,15,Hà Nội,Xã Tây Phương,21.0403672,105.6115528,160,Unhealthy,3,31.5,73,0.0,5.0,134,1003.2,100,54.9,55.8,434.0,10.5,239.0,36.5
2025-08-07 16:00:00,2025,8,7,16,Hà Nội,Xã Tây Phương,21.0403672,105.6115528,184,Unhealthy,3,31.3,73,0.0,5.9,145,1002.4,100,52.3,53.0,393.0,16.4,212.0,39.2
2025-08-07 17:00:00,2025,8,7,17,Hà Nội,Xã Tây Phương,21.0403672,105.6115528,203,Very Unhealthy,4,30.9,79,0.0,5.2,164,1002.5,100,52.7,53.4,500.0,27.2,184.0,45.4
2025-08-07 18:00:00,2025,8,7,18,Hà Nội,Xã Tây Phương,21.0403672,105.6115528,208,Very Unhealthy,4,29.9,84,0.0,4.6,167,1002.7,100,67.8,68.5,683.0,41.2,153.0,54.0
2025-08-07 19:00:00,2025,8,7,19,Hà Nội,Xã Tây Phương,21.0403672,105.6115528,208,Very Unhealthy,4,28.9,89,0.0,3.6,200,1003.5,100,55.8,56.2,819.0,40.0,93.0,42.1
2025-08-07 20:00:00,2025,8,7,20,Hà Nội,Xã Tây Phương,21.0403672,105.6115528,201,Very Unhealthy,4,29.8,85,0.0,8.7,133,1004.1,100,64.3,65.0,869.0,43.9,75.0,44.1
2025-08-07 21:00:00,2025,8,7,21,Hà Nội,Xã Tây Phương,21.0403672,105.6115528,175,Unhealthy,3,29.5,83,0.0,10.5,160,1005.0,100,65.7,66.1,872.0,49.2,51.0,46.7
2025-08-07 22:00:00,2025,8,7,22,Hà Nội,Xã Tây Phương,21.0403672,105.6115528,159,Unhealthy,3,28.9,85,0.0,9.5,170,1005.8,64,62.2,62.6,831.0,53.3,32.0,48.3
2025-08-07 23:00:00,2025,8,7,23,Hà Nội,Xã Tây Phương,21.0403672,105.6115528,158,Unhealthy,3,28.2,88,0.0,9.5,159,1005.9,5,57.7,58.3,716.0,54.4,24.0,47.4
2025-08-08 00:00:00,2025,8,8,0,Hà Nội,Xã Tây Phương,21.0403672,105.6115528,157,Unhealthy,3,27.9,89,0.0,11.6,164,1005.3,36,55.1,56.0,557.0,54.2,21.0,45.4
2025-08-08 01:00:00,2025,8,8,1,Hà Nội,Xã Tây Phương,21.0403672,105.6115528,157,Unhealthy,3,27.9,85,0.0,11.2,170,1004.7,3,56.3,58.3,442.0,54.8,18.0,44.9
2025-08-08 02:00:00,2025,8,8,2,Hà Nội,Xã Tây Phương,21.0403672,105.6115528,156,Unhealthy,3,27.4,86,0.0,8.9,173,1004.1,10,60.5,63.3,410.0,58.0,12.0,47.0
2025-08-08 03:00:00,2025,8,8,3,Hà Nội,Xã Tây Phương,21.0403672,105.6115528,156,Unhealthy,3,26.7,89,0.0,6.2,173,1003.9,5,61.2,64.3,422.0,61.9,7.0,50.5
2025-08-08 04:00:00,2025,8,8,4,Hà Nội,Xã Tây Phương,21.0403672,105.6115528,155,Unhealthy,3,26.0,93,0.0,4.1,209,1003.8,1,67.1,70.5,449.0,63.6,6.0,54.3
2025-08-08 05:00:00,2025,8,8,5,Hà Nội,Xã Tây Phương,21.0403672,105.6115528,155,Unhealthy,3,25.6,96,0.0,2.0,190,1004.1,22,71.7,75.2,503.0,61.9,9.0,59.4
2025-08-08 06:00:00,2025,8,8,6,Hà Nội,Xã Tây Phương,21.0403672,105.6115528,155,Unhealthy,3,25.8,96,0.0,2.2,185,1004.8,51,76.6,80.1,572.0,58.0,16.0,64.7
2025-08-08 07:00:00,2025,8,8,7,Hà Nội,Xã Tây Phương,21.0403672,105.6115528,154,Unhealthy,3,27.1,93,0.0,3.2,273,1005.7,45,62.6,65.9,593.0,47.4,33.0,58.8
2025-08-08 08:00:00,2025,8,8,8,Hà Nội,Xã Tây Phương,21.0403672,105.6115528,154,Unhealthy,3,29.5,86,0.0,4.0,207,1006.5,39,53.0,56.5,523.0,41.4,59.0,55.9
2025-08-08 09:00:00,2025,8,8,9,Hà Nội,Xã Tây Phương,21.0403672,105.6115528,153,Unhealthy,3,30.9,82,0.1,6.5,203,1006.9,30,44.7,46.9,404.0,32.9,95.0,51.7
2025-08-08 10:00:00,2025,8,8,10,Hà Nội,Xã Tây Phương,21.0403672,105.6115528,153,Unhealthy,3,32.2,71,0.1,9.1,214,1006.8,32,38.6,39.6,305.0,24.8,127.0,46.1
2025-08-08 11:00:00,2025,8,8,11,Hà Nội,Xã Tây Phương,21.0403672,105.6115528,152,Unhealthy,3,33.1,66,0.1,8.7,217,1006.4,30,35.2,35.7,250.0,17.4,153.0,38.1
2025-08-08 12:00:00,2025,8,8,12,Hà Nội,Xã Tây Phương,21.0403672,105.6115528,151,Unhealthy,3,34.0,62,0.0,7.6,194,1005.4,40,31.3,31.7,214.0,10.3,175.0,28.7
2025-08-08 13:00:00,2025,8,8,13,Hà Nội,Xã Tây Phương,21.0403672,105.6115528,151,Unhealthy,3,34.6,60,0.0,8.6,191,1004.3,53,27.2,27.6,192.0,5.4,187.0,21.5
2025-08-08 14:00:00,2025,8,8,14,Hà Nội,Xã Tây Phương,21.0403672,105.6115528,150,Unhealthy for Sensitive Groups,2,35.0,56,0.0,7.4,181,1003.3,49,23.0,23.3,182.0,3.1,185.0,17.4
2025-08-08 15:00:00,2025,8,8,15,Hà Nội,Xã Tây Phương,21.0403672,105.6115528,146,Unhealthy for Sensitive Groups,2,35.2,55,0.0,7.9,147,1002.5,45,20.9,21.2,185.0,3.0,174.0,15.5
2025-08-08 16:00:00,2025,8,8,16,Hà Nội,Xã Tây Phương,21.0403672,105.6115528,143,Unhealthy for Sensitive Groups,2,33.4,65,0.0,14.6,135,1002.1,81,19.2,19.4,208.0,6.1,160.0,16.5
2025-08-08 17:00:00,2025,8,8,17,Hà Nội,Xã Tây Phương,21.0403672,105.6115528,139,Unhealthy for Sensitive Groups,2,32.2,69,0.0,15.8,161,1002.2,74,23.6,23.9,264.0,14.8,145.0,22.0
2025-08-08 18:00:00,2025,8,8,18,Hà Nội,Xã Tây Phương,21.0403672,105.6115528,144,Unhealthy for Sensitive Groups,2,31.2,74,0.0,12.2,166,1002.5,87,35.4,35.6,338.0,26.8,128.0,30.4
2025-08-08 19:00:00,2025,8,8,19,Hà Nội,Xã Tây Phương,21.0403672,105.6115528,145,Unhealthy for Sensitive Groups,2,30.8,75,0.0,13.5,157,1002.8,26,40.5,40.5,393.0,36.7,100.0,35.2
2025-08-08 20:00:00,2025,8,8,20,Hà Nội,Xã Tây Phương,21.0403672,105.6115528,133,Unhealthy for Sensitive Groups,2,30.4,74,0.0,13.3,164,1003.5,99,42.8,42.8,409.0,38.4,89.0,39.7
2025-08-08 21:00:00,2025,8,8,21,Hà Nội,Xã Tây Phương,21.0403672,105.6115528,129,Unhealthy for Sensitive Groups,2,29.8,75,0.0,12.5,168,1004.1,98,44.1,44.1,406.0,40.8,74.0,45.7
2025-08-08 22:00:00,2025,8,8,22,Hà Nội,Xã Tây Phương,21.0403672,105.6115528,127,Unhealthy for Sensitive Groups,2,29.3,78,0.0,12.3,168,1004.9,93,45.9,45.9,398.0,42.8,61.0,49.2
2025-08-08 23:00:00,2025,8,8,23,Hà Nội,Xã Tây Phương,21.0403672,105.6115528,125,Unhealthy for Sensitive Groups,2,29.0,81,0.0,12.6,163,1005.2,90,46.1,46.1,387.0,43.9,52.0,47.9
2025-08-09 00:00:00,2025,8,9,0,Hà Nội,Xã Tây Phương,21.0403672,105.6115528,124,Unhealthy for Sensitive Groups,2,28.6,84,0.0,12.2,172,1005.0,100,44.4,44.7,373.0,44.6,44.0,44.1
2025-08-09 01:00:00,2025,8,9,1,Hà Nội,Xã Tây Phương,21.0403672,105.6115528,123,Unhealthy for Sensitive Groups,2,28.1,87,0.0,10.0,174,1004.4,93,43.9,44.5,367.0,45.6,36.0,40.7
2025-08-09 02:00:00,2025,8,9,2,Hà Nội,Xã Tây Phương,21.0403672,105.6115528,122,Unhealthy for Sensitive Groups,2,27.5,91,0.0,9.1,171,1004.3,93,45.5,46.3,373.0,47.5,27.0,38.3
2025-08-09 03:00:00,2025,8,9,3,Hà Nội,Xã Tây Phương,21.0403672,105.6115528,120,Unhealthy for Sensitive Groups,2,27.0,93,0.0,8.8,176,1003.9,97,48.0,49.5,387.0,49.7,18.0,36.2
2025-08-09 04:00:00,2025,8,9,4,Hà Nội,Xã Tây Phương,21.0403672,105.6115528,119,Unhealthy for Sensitive Groups,2,26.6,94,0.0,7.9,183,1003.7,91,52.7,54.5,413.0,50.9,14.0,35.9
2025-08-09 05:00:00,2025,8,9,5,Hà Nội,Xã Tây Phương,21.0403672,105.6115528,117,Unhealthy for Sensitive Groups,2,26.2,95,0.0,6.0,183,1003.9,56,59.6,61.5,472.0,51.3,16.0,39.0
2025-08-09 06:00:00,2025,8,9,6,Hà Nội,Xã Tây Phương,21.0403672,105.6115528,116,Unhealthy for Sensitive Groups,2,26.1,96,0.0,3.0,205,1004.4,99,69.4,71.5,543.0,50.8,24.0,43.8
2025-08-09 07:00:00,2025,8,9,7,Hà Nội,Xã Tây Phương,21.0403672,105.6115528,115,Unhealthy for Sensitive Groups,2,27.5,92,0.0,1.9,248,1004.8,86,55.5,58.1,560.0,41.5,34.0,47.6
2025-08-09 08:00:00,2025,8,9,8,Hà Nội,Xã Tây Phương,21.0403672,105.6115528,114,Unhealthy for Sensitive Groups,2,29.6,89,0.0,3.3,158,1005.5,11,50.9,54.1,474.0,36.8,64.0,48.8
2025-08-09 09:00:00,2025,8,9,9,Hà Nội,Xã Tây Phương,21.0403672,105.6115528,114,Unhealthy for Sensitive Groups,2,31.8,78,0.0,3.8,180,1005.5,7,49.4,51.5,335.0,30.1,105.0,50.1
2025-08-09 10:00:00,2025,8,9,10,Hà Nội,Xã Tây Phương,21.0403672,105.6115528,115,Unhealthy for Sensitive Groups,2,33.5,61,0.0,7.3,224,1005.3,11,41.8,43.2,228.0,23.4,138.0,48.0
2025-08-09 11:00:00,2025,8,9,11,Hà Nội,Xã Tây Phương,21.0403672,105.6115528,115,Unhealthy for Sensitive Groups,2,34.2,58,0.0,7.6,248,1004.8,43,34.3,35.3,189.0,16.5,155.0,39.2
2025-08-09 12:00:00,2025,8,9,12,Hà Nội,Xã Tây Phương,21.0403672,105.6115528,115,Unhealthy for Sensitive Groups,2,35.0,56,0.0,7.1,251,1003.9,91,30.2,31.1,182.0,9.5,163.0,27.0
2025-08-09 13:00:00,2025,8,9,13,Hà Nội,Xã Tây Phương,21.0403672,105.6115528,115,Unhealthy for Sensitive Groups,2,35.4,53,0.0,6.5,224,1002.7,100,26.4,27.4,187.0,4.8,165.0,17.8
2025-08-09 14:00:00,2025,8,9,14,Hà Nội,Xã Tây Phương,21.0403672,105.6115528,115,Unhealthy for Sensitive Groups,2,35.3,53,0.0,7.2,181,1001.7,93,23.6,24.6,195.0,2.8,159.0,13.9
2025-08-09 15:00:00,2025,8,9,15,Hà Nội,Xã Tây Phương,21.0403672,105.6115528,115,Unhealthy for Sensitive Groups,2,35.0,55,0.0,8.8,171,1000.8,98,21.5,22.5,214.0,3.1,146.0,13.0
2025-08-09 16:00:00,2025,8,9,16,Hà Nội,Xã Tây Phương,21.0403672,105.6115528,115,Unhealthy for Sensitive Groups,2,34.4,60,0.0,11.1,150,999.8,98,20.1,21.2,251.0,6.7,133.0,14.7
2025-08-09 17:00:00,2025,8,9,17,Hà Nội,Xã Tây Phương,21.0403672,105.6115528,115,Unhealthy for Sensitive Groups,2,33.7,64,0.0,11.6,138,999.9,98,26.1,27.1,323.0,15.9,120.0,19.8
2025-08-09 18:00:00,2025,8,9,18,Hà Nội,Xã Tây Phương,21.0403672,105.6115528,117,Unhealthy for Sensitive Groups,2,32.0,68,0.0,14.9,155,1000.2,11,35.6,36.6,411.0,28.4,106.0,27.5
2025-08-09 19:00:00,2025,8,9,19,Hà Nội,Xã Tây Phương,21.0403672,105.6115528,115,Unhealthy for Sensitive Groups,2,31.5,70,0.0,14.2,147,1001.2,60,42.0,42.0,469.0,39.4,97.0,32.9
2025-08-09 20:00:00,2025,8,9,20,Hà Nội,Xã Tây Phương,21.0403672,105.6115528,115,Unhealthy for Sensitive Groups,2,30.6,78,0.0,10.3,151,1002.0,83,43.9,44.0,471.0,39.6,92.0,36.6
2025-08-09 21:00:00,2025,8,9,21,Hà Nội,Xã Tây Phương,21.0403672,105.6115528,116,Unhealthy for Sensitive Groups,2,30.2,81,0.0,9.1,163,1002.4,32,45.1,45.2,442.0,39.7,85.0,41.5
2025-08-09 22:00:00,2025,8,9,22,Hà Nội,Xã Tây Phương,21.0403672,105.6115528,116,Unhealthy for Sensitive Groups,2,29.9,81,0.0,10.7,147,1003.1,55,43.8,43.8,407.0,39.2,78.0,44.1
2025-08-09 23:00:00,2025,8,9,23,Hà Nội,Xã Tây Phương,21.0403672,105.6115528,115,Unhealthy for Sensitive Groups,2,29.5,83,0.0,12.0,143,1003.7,100,38.5,38.8,370.0,37.2,71.0,42.1
2025-08-10 00:00:00,2025,8,10,0,Hà Nội,Xã Tây Phương,21.0403672,105.6115528,115,Unhealthy for Sensitive Groups,2,29.3,85,0.1,13.4,143,1003.6,99,29.9,30.4,329.0,34.5,64.0,37.8
2025-08-10 01:00:00,2025,8,10,1,Hà Nội,Xã Tây Phương,21.0403672,105.6115528,113,Unhealthy for Sensitive Groups,2,29.0,84,0.0,16.1,144,1003.2,100,24.6,25.1,297.0,32.7,57.0,34.4
2025-08-10 02:00:00,2025,8,10,2,Hà Nội,Xã Tây Phương,21.0403672,105.6115528,111,Unhealthy for Sensitive Groups,2,28.8,85,0.0,15.0,143,1002.6,89,23.0,23.9,278.0,32.7,50.0,32.8
2025-08-10 03:00:00,2025,8,10,3,Hà Nội,Xã Tây Phương,21.0403672,105.6115528,109,Unhealthy for Sensitive Groups,2,28.4,88,0.0,10.9,135,1002.7,96,23.5,24.7,268.0,33.7,42.0,32.2
2025-08-10 04:00:00,2025,8,10,4,Hà Nội,Xã Tây Phương,21.0403672,105.6115528,106,Unhealthy for Sensitive Groups,2,28.0,92,0.0,8.6,105,1002.7,93,26.1,27.5,279.0,34.6,37.0,33.0
2025-08-10 05:00:00,2025,8,10,5,Hà Nội,Xã Tây Phương,21.0403672,105.6115528,103,Unhealthy for Sensitive Groups,2,27.9,93,0.0,10.2,111,1002.8,100,31.8,33.4,330.0,35.7,32.0,36.4
2025-08-10 06:00:00,2025,8,10,6,Hà Nội,Xã Tây Phương,21.0403672,105.6115528,101,Unhealthy for Sensitive Groups,2,27.9,94,0.0,8.5,128,1003.5,99,40.6,42.4,401.0,36.7,28.0,41.3
2025-08-10 07:00:00,2025,8,10,7,Hà Nội,Xã Tây Phương,21.0403672,105.6115528,98,Moderate,1,28.8,91,0.0,6.2,136,1004.3,100,38.1,40.4,440.0,34.0,34.0,40.5
2025-08-10 08:00:00,2025,8,10,8,Hà Nội,Xã Tây Phương,21.0403672,105.6115528,96,Moderate,1,30.4,86,0.0,10.3,140,1004.5,100,35.0,38.2,413.0,30.2,53.0,41.0
2025-08-10 09:00:00,2025,8,10,9,Hà Nội,Xã Tây Phương,21.0403672,105.6115528,95,Moderate,1,31.4,81,0.0,6.9,163,1004.8,100,33.4,36.3,353.0,24.9,81.0,41.6
2025-08-10 10:00:00,2025,8,10,10,Hà Nội,Xã Tây Phương,21.0403672,105.6115528,94,Moderate,1,32.3,76,0.1,4.3,158,1004.8,99,33.2,34.9,308.0,19.8,111.0,41.3
2025-08-10 11:00:00,2025,8,10,11,Hà Nội,Xã Tây Phương,21.0403672,105.6115528,93,Moderate,1,32.9,73,0.7,4.7,108,1004.8,100,37.5,39.2,300.0,15.2,147.0,39.4
2025-08-10 12:00:00,2025,8,10,12,Hà Nội,Xã Tây Phương,21.0403672,105.6115528,93,Moderate,1,32.2,75,1.0,4.6,99,1003.9,99,40.9,42.6,306.0,10.9,186.0,36.5
2025-08-10 13:00:00,2025,8,10,13,Hà Nội,Xã Tây Phương,21.0403672,105.6115528,94,Moderate,1,32.6,75,0.1,7.9,111,1003.0,94,45.5,47.1,310.0,8.0,213.0,33.7
2025-08-10 14:00:00,2025,8,10,14,Hà Nội,Xã Tây Phương,21.0403672,105.6115528,96,Moderate,1,33.3,70,0.0,10.5,114,1001.9,90,47.4,48.8,296.0,6.6,224.0,30.6
2025-08-10 15:00:00,2025,8,10,15,Hà Nội,Xã Tây Phương,21.0403672,105.6115528,98,Moderate,1,33.3,69,0.0,8.4,133,1000.8,59,45.1,46.6,279.0,6.6,223.0,27.5
2025-08-10 16:00:00,2025,8,10,16,Hà Nội,Xã Tây Phương,21.0403672,105.6115528,130,Unhealthy for Sensitive Groups,2,33.4,67,0.0,9.3,131,999.8,70,45.4,46.8,285.0,8.9,213.0,26.3
2025-08-10 17:00:00,2025,8,10,17,Hà Nội,Xã Tây Phương,21.0403672,105.6115528,160,Unhealthy,3,31.2,77,0.0,15.1,149,1000.5,91,47.0,48.2,338.0,14.8,189.0,28.2
2025-08-10 18:00:00,2025,8,10,18,Hà Nội,Xã Tây Phương,21.0403672,105.6115528,178,Unhealthy,3,30.1,82,0.1,10.7,145,1001.0,89,52.2,53.1,414.0,23.0,156.0,31.9
2025-08-10 19:00:00,2025,8,10,19,Hà Nội,Xã Tây Phương,21.0403672,105.6115528,185,Unhealthy,3,29.7,83,0.0,10.7,139,1002.0,99,49.0,49.7,471.0,32.8,106.0,31.4
2025-08-10 20:00:00,2025,8,10,20,Hà Nội,Xã Tây Phương,21.0403672,105.6115528,178,Unhealthy,3,30.5,80,0.0,12.1,130,1002.1,96,56.7,57.9,491.0,37.3,91.0,35.6
2025-08-10 21:00:00,2025,8,10,21,Hà Nội,Xã Tây Phương,21.0403672,105.6115528,163,Unhealthy,3,30.0,81,0.0,14.2,139,1003.5,97,68.0,69.8,490.0,43.5,70.0,41.3
2025-08-10 22:00:00,2025,8,10,22,Hà Nội,Xã Tây Phương,21.0403672,105.6115528,137,Unhealthy for Sensitive Groups,2,29.6,82,0.0,14.0,148,1004.3,93,67.1,69.2,478.0,48.1,52.0,45.2
2025-08-10 23:00:00,2025,8,10,23,Hà Nội,Xã Tây Phương,21.0403672,105.6115528,113,Unhealthy for Sensitive Groups,2,28.9,87,0.0,12.1,150,1004.5,96,62.6,64.7,450.0,49.4,42.0,45.6
2025-08-11 00:00:00,2025,8,11,0,Hà Nội,Xã Tây Phương,21.0403672,105.6115528,116,Unhealthy for Sensitive Groups,2,28.5,90,0.0,8.8,152,1004.4,100,64.0,65.9,409.0,49.1,35.0,44.2
2025-08-11 01:00:00,2025,8,11,1,Hà Nội,Xã Tây Phương,21.0403672,105.6115528,119,Unhealthy for Sensitive Groups,2,28.1,92,0.1,6.4,191,1004.3,100,60.5,62.2,378.0,48.9,29.0,43.1
2025-08-11 02:00:00,2025,8,11,2,Hà Nội,Xã Tây Phương,21.0403672,105.6115528,123,Unhealthy for Sensitive Groups,2,27.2,93,0.1,3.5,15,1003.9,100,59.6,61.2,363.0,50.0,23.0,43.2
2025-08-11 03:00:00,2025,8,11,3,Hà Nội,Xã Tây Phương,21.0403672,105.6115528,127,Unhealthy for Sensitive Groups,2,26.9,95,0.0,1.2,297,1003.2,100,55.6,58.0,357.0,51.2,19.0,43.7
2025-08-11 04:00:00,2025,8,11,4,Hà Nội,Xã Tây Phương,21.0403672,105.6115528,130,Unhealthy for Sensitive Groups,2,26.2,99,0.0,3.5,291,1003.7,97,50.9,53.4,359.0,51.0,17.0,43.9
2025-08-11 05:00:00,2025,8,11,5,Hà Nội,Xã Tây Phương,21.0403672,105.6115528,133,Unhealthy for Sensitive Groups,2,26.5,97,0.0,3.7,313,1003.9,100,50.1,52.5,374.0,48.8,16.0,43.8
2025-08-11 06:00:00,2025,8,11,6,Hà Nội,Xã Tây Phương,21.0403672,105.6115528,135,Unhealthy for Sensitive Groups,2,26.4,97,0.0,4.6,301,1003.9,100,48.0,50.3,396.0,45.1,17.0,43.5
2025-08-11 07:00:00,2025,8,11,7,Hà Nội,Xã Tây Phương,21.0403672,105.6115528,135,Unhealthy for Sensitive Groups,2,27.2,93,0.0,4.4,302,1004.1,100,43.8,46.1,408.0,36.8,36.0,41.9
2025-08-11 08:00:00,2025,8,11,8,Hà Nội,Xã Tây Phương,21.0403672,105.6115528,136,Unhealthy for Sensitive Groups,2,29.9,89,0.0,4.2,97,1004.0,100,43.7,46.4,402.0,33.0,53.0,42.1
2025-08-11 09:00:00,2025,8,11,9,Hà Nội,Xã Tây Phương,21.0403672,105.6115528,137,Unhealthy for Sensitive Groups,2,31.2,83,0.0,4.1,124,1004.5,99,37.0,39.2,387.0,27.6,78.0,42.1
2025-08-11 10:00:00,2025,8,11,10,Hà Nội,Xã Tây Phương,21.0403672,105.6115528,137,Unhealthy for Sensitive Groups,2,32.0,79,0.0,5.2,110,1004.5,99,34.9,36.0,367.0,22.4,105.0,40.9
2025-08-11 11:00:00,2025,8,11,11,Hà Nội,Xã Tây Phương,21.0403672,105.6115528,138,Unhealthy for Sensitive Groups,2,32.5,76,0.4,4.8,112,1004.3,100,38.2,39.0,341.0,17.5,135.0,37.4
2025-08-11 12:00:00,2025,8,11,12,Hà Nội,Xã Tây Phương,21.0403672,105.6115528,138,Unhealthy for Sensitive Groups,2,32.8,73,0.0,4.7,113,1003.8,80,44.2,45.1,310.0,12.8,166.0,32.7
2025-08-11 13:00:00,2025,8,11,13,Hà Nội,Xã Tây Phương,21.0403672,105.6115528,138,Unhealthy for Sensitive Groups,2,33.5,69,0.0,5.0,131,1002.7,46,51.9,52.7,288.0,9.6,188.0,28.5
2025-08-11 14:00:00,2025,8,11,14,Hà Nội,Xã Tây Phương,21.0403672,105.6115528,139,Unhealthy for Sensitive Groups,2,32.0,73,1.0,11.6,145,1002.1,59,57.3,58.1,278.0,8.0,199.0,24.7
2025-08-11 15:00:00,2025,8,11,15,Hà Nội,Xã Tây Phương,21.0403672,105.6115528,140,Unhealthy for Sensitive Groups,2,32.3,71,0.0,10.9,129,1000.9,96,59.3,60.1,276.0,7.9,201.0,21.3
2025-08-11 16:00:00,2025,8,11,16,Hà Nội,Xã Tây Phương,21.0403672,105.6115528,141,Unhealthy for Sensitive Groups,2,32.1,73,0.0,10.5,139,1000.1,88,59.1,59.8,285.0,11.0,193.0,20.5
2025-08-11 17:00:00,2025,8,11,17,Hà Nội,Xã Tây Phương,21.0403672,105.6115528,143,Unhealthy for Sensitive Groups,2,32.2,72,0.0,11.4,139,1000.0,48,61.0,61.5,313.0,19.6,169.0,23.9
2025-08-11 18:00:00,2025,8,11,18,Hà Nội,Xã Tây Phương,21.0403672,105.6115528,154,Unhealthy,3,31.2,76,0.0,9.6,143,1000.8,95,63.8,64.3,351.0,31.4,134.0,29.8
2025-08-11 19:00:00,2025,8,11,19,Hà Nội,Xã Tây Phương,21.0403672,105.6115528,158,Unhealthy,3,30.0,80,0.0,10.6,157,1001.7,99,54.2,54.6,382.0,31.4,125.0,37.2
2025-08-11 20:00:00,2025,8,11,20,Hà Nội,Xã Tây Phương,21.0403672,105.6115528,157,Unhealthy,3,30.3,79,0.0,11.5,149,1002.3,99,53.6,53.8,396.0,35.1,104.0,38.3
2025-08-11 21:00:00,2025,8,11,21,Hà Nội,Xã Tây Phương,21.0403672,105.6115528,146,Unhealthy for Sensitive Groups,2,29.7,82,0.0,11.0,146,1003.3,99,56.1,56.7,403.0,40.3,76.0,39.7
2025-08-11 22:00:00,2025,8,11,22,Hà Nội,Xã Tây Phương,21.0403672,105.6115528,144,Unhealthy for Sensitive Groups,2,29.2,83,0.0,13.5,147,1003.9,96,61.0,62.2,408.0,44.7,52.0,40.6
2025-08-11 23:00:00,2025,8,11,23,Hà Nội,Xã Tây Phương,21.0403672,105.6115528,144,Unhealthy for Sensitive Groups,2,28.6,87,0.0,12.8,151,1004.3,99,60.1,61.2,414.0,47.4,38.0,40.4
2025-08-12 00:00:00,2025,8,12,0,Hà Nội,Xã Tây Phương,21.0403672,105.6115528,143,Unhealthy for Sensitive Groups,2,28.2,90,0.0,13.1,147,1004.3,100,59.0,60.3,418.0,49.3,30.0,39.6
2025-08-12 01:00:00,2025,8,12,1,Hà Nội,Xã Tây Phương,21.0403672,105.6115528,143,Unhealthy for Sensitive Groups,2,27.9,91,0.0,10.8,156,1004.0,100,60.1,61.5,420.0,51.0,23.0,39.1
2025-08-12 02:00:00,2025,8,12,2,Hà Nội,Xã Tây Phương,21.0403672,105.6115528,143,Unhealthy for Sensitive Groups,2,27.5,92,0.0,11.2,136,1003.5,100,60.3,62.4,420.0,53.4,16.0,39.3
2025-08-12 03:00:00,2025,8,12,3,Hà Nội,Xã Tây Phương,21.0403672,105.6115528,143,Unhealthy for Sensitive Groups,2,27.1,93,0.0,12.1,150,1003.2,100,61.2,64.0,419.0,55.6,12.0,39.7
2025-08-12 04:00:00,2025,8,12,4,Hà Nội,Xã Tây Phương,21.0403672,105.6115528,143,Unhealthy for Sensitive Groups,2,26.8,92,0.0,11.3,151,1003.3,100,58.2,60.5,418.0,55.4,11.0,40.1
2025-08-12 05:00:00,2025,8,12,5,Hà Nội,Xã Tây Phương,21.0403672,105.6115528,144,Unhealthy for Sensitive Groups,2,26.4,93,0.0,10.4,150,1003.3,100,51.7,53.4,424.0,51.5,14.0,40.4
2025-08-12 06:00:00,2025,8,12,6,Hà Nội,Xã Tây Phương,21.0403672,105.6115528,144,Unhealthy for Sensitive Groups,2,26.1,94,0.0,7.6,162,1003.9,100,50.4,52.3,431.0,45.2,21.0,40.6
2025-08-12 07:00:00,2025,8,12,7,Hà Nội,Xã Tây Phương,21.0403672,105.6115528,145,Unhealthy for Sensitive Groups,2,27.1,91,0.0,5.4,165,1004.6,100,37.0,39.3,420.0,37.0,32.0,40.8
2025-08-12 08:00:00,2025,8,12,8,Hà Nội,Xã Tây Phương,21.0403672,105.6115528,144,Unhealthy for Sensitive Groups,2,29.6,84,0.0,11.8,164,1004.5,99,31.8,34.0,376.0,31.9,48.0,38.2
2025-08-12 09:00:00,2025,8,12,9,Hà Nội,Xã Tây Phương,21.0403672,105.6115528,143,Unhealthy for Sensitive Groups,2,30.8,80,0.3,10.3,167,1005.0,100,30.6,32.6,315.0,24.7,70.0,34.6
2025-08-12 10:00:00,2025,8,12,10,Hà Nội,Xã Tây Phương,21.0403672,105.6115528,142,Unhealthy for Sensitive Groups,2,31.3,78,0.0,7.9,164,1004.8,98,32.4,33.5,268.0,18.5,95.0,31.1
2025-08-12 11:00:00,2025,8,12,11,Hà Nội,Xã Tây Phương,21.0403672,105.6115528,142,Unhealthy for Sensitive Groups,2,32.5,71,0.1,7.5,159,1004.4,92,37.6,38.4,248.0,14.3,122.0,28.1
2025-08-12 12:00:00,2025,8,12,12,Hà Nội,Xã Tây Phương,21.0403672,105.6115528,142,Unhealthy for Sensitive Groups,2,33.2,68,0.0,7.6,128,1003.7,89,43.8,44.7,242.0,11.0,151.0,25.3
2025-08-12 13:00:00,2025,8,12,13,Hà Nội,Xã Tây Phương,21.0403672,105.6115528,142,Unhealthy for Sensitive Groups,2,33.5,66,0.0,7.7,121,1003.1,67,50.5,51.3,245.0,9.0,174.0,23.2
2025-08-12 14:00:00,2025,8,12,14,Hà Nội,Xã Tây Phương,21.0403672,105.6115528,141,Unhealthy for Sensitive Groups,2,30.7,78,2.6,11.8,133,1003.0,99,55.4,56.2,255.0,7.6,190.0,21.2
2025-08-12 15:00:00,2025,8,12,15,Hà Nội,Xã Tây Phương,21.0403672,105.6115528,141,Unhealthy for Sensitive Groups,2,32.0,72,0.0,8.8,101,1001.7,97,58.3,59.1,274.0,7.3,199.0,19.9
2025-08-12 16:00:00,2025,8,12,16,Hà Nội,Xã Tây Phương,21.0403672,105.6115528,141,Unhealthy for Sensitive Groups,2,32.0,70,0.3,7.3,147,1001.7,75,59.8,60.5,304.0,10.5,196.0,21.1
2025-08-12 17:00:00,2025,8,12,17,Hà Nội,Xã Tây Phương,21.0403672,105.6115528,141,Unhealthy for Sensitive Groups,2,30.4,78,0.5,8.7,137,1002.0,91,59.3,59.8,345.0,19.8,174.0,26.7
2025-08-12 18:00:00,2025,8,12,18,Hà Nội,Xã Tây Phương,21.0403672,105.6115528,143,Unhealthy for Sensitive Groups,2,30.3,81,0.0,5.6,140,1002.2,84,63.1,63.6,397.0,32.5,140.0,34.8
2025-08-12 19:00:00,2025,8,12,19,Hà Nội,Xã Tây Phương,21.0403672,105.6115528,152,Unhealthy,3,29.5,84,0.0,6.8,130,1003.1,96,70.8,71.5,462.0,39.7,116.0,38.8
2025-08-12 20:00:00,2025,8,12,20,Hà Nội,Xã Tây Phương,21.0403672,105.6115528,151,Unhealthy,3,28.0,87,0.0,7.8,171,1004.3,100,85.2,85.9,566.0,44.0,104.0,45.5
2025-08-12 21:00:00,2025,8,12,21,Hà Nội,Xã Tây Phương,21.0403672,105.6115528,146,Unhealthy for Sensitive Groups,2,27.7,90,0.0,5.0,182,1005.6,96,91.3,91.7,683.0,49.9,86.0,54.7
2025-08-12 22:00:00,2025,8,12,22,Hà Nội,Xã Tây Phương,21.0403672,105.6115528,150,Unhealthy for Sensitive Groups,2,27.5,91,0.0,4.3,152,1006.1,100,102.2,102.9,742.0,55.0,70.0,60.9
2025-08-12 23:00:00,2025,8,12,23,Hà Nội,Xã Tây Phương,21.0403672,105.6115528,151,Unhealthy,3,27.4,92,0.0,5.3,152,1006.7,100,102.9,104.3,694.0,59.3,56.0,61.7
2025-08-13 00:00:00,2025,8,13,0,Hà Nội,Xã Tây Phương,21.0403672,105.6115528,152,Unhealthy,3,27.0,93,0.0,3.7,125,1005.9,93,107.1,108.7,587.0,62.7,43.0,59.5
2025-08-13 01:00:00,2025,8,13,1,Hà Nội,Xã Tây Phương,21.0403672,105.6115528,153,Unhealthy,3,26.8,93,0.0,4.0,129,1005.6,52,107.3,109.4,495.0,62.6,35.0,55.9
2025-08-13 02:00:00,2025,8,13,2,Hà Nội,Xã Tây Phương,21.0403672,105.6115528,154,Unhealthy,3,26.7,93,0.0,3.9,133,1005.2,98,95.7,97.3,445.0,56.4,33.0,50.1
2025-08-13 03:00:00,2025,8,13,3,Hà Nội,Xã Tây Phương,21.0403672,105.6115528,155,Unhealthy,3,26.7,93,0.0,7.3,147,1005.1,100,84.5,85.9,411.0,46.7,35.0,42.8
2025-08-13 04:00:00,2025,8,13,4,Hà Nội,Xã Tây Phương,21.0403672,105.6115528,155,Unhealthy,3,26.2,93,0.0,7.7,115,1005.0,100,74.0,75.2,385.0,38.7,38.0,38.1
2025-08-13 05:00:00,2025,8,13,5,Hà Nội,Xã Tây Phương,21.0403672,105.6115528,155,Unhealthy,3,25.7,95,0.0,0.8,207,1005.7,100,62.9,63.1,372.0,35.0,41.0,38.6
2025-08-13 06:00:00,2025,8,13,6,Hà Nội,Xã Tây Phương,21.0403672,105.6115528,156,Unhealthy,3,25.9,94,0.0,4.3,315,1005.7,100,54.7,55.1,367.0,33.0,46.0,41.7
2025-08-13 07:00:00,2025,8,13,7,Hà Nội,Xã Tây Phương,21.0403672,105.6115528,156,Unhealthy,3,26.0,93,1.8,8.1,291,1007.0,100,60.8,61.2,356.0,40.9,39.0,45.1
2025-08-13 08:00:00,2025,8,13,8,Hà Nội,Xã Tây Phương,21.0403672,105.6115528,156,Unhealthy,3,27.0,88,0.0,6.0,187,1007.6,100,48.3,48.5,327.0,34.9,56.0,45.1
2025-08-13 09:00:00,2025,8,13,9,Hà Nội,Xã Tây Phương,21.0403672,105.6115528,157,Unhealthy,3,28.3,81,0.0,3.1,270,1007.9,100,36.8,37.0,291.0,26.6,79.0,44.9
2025-08-13 10:00:00,2025,8,13,10,Hà Nội,Xã Tây Phương,21.0403672,105.6115528,157,Unhealthy,3,29.9,76,0.0,3.7,305,1007.6,100,34.6,34.8,264.0,19.1,104.0,43.0
2025-08-13 11:00:00,2025,8,13,11,Hà Nội,Xã Tây Phương,21.0403672,105.6115528,157,Unhealthy,3,30.5,74,0.1,4.7,293,1006.9,100,35.5,35.6,252.0,13.4,130.0,37.9
2025-08-13 12:00:00,2025,8,13,12,Hà Nội,Xã Tây Phương,21.0403672,105.6115528,157,Unhealthy,3,30.9,75,0.0,4.1,322,1006.0,73,41.1,41.3,250.0,8.7,157.0,31.1
2025-08-13 13:00:00,2025,8,13,13,Hà Nội,Xã Tây Phương,21.0403672,105.6115528,157,Unhealthy,3,31.8,73,0.0,3.8,343,1004.3,99,43.9,44.0,254.0,5.7,178.0,26.3
2025-08-13 14:00:00,2025,8,13,14,Hà Nội,Xã Tây Phương,21.0403672,105.6115528,157,Unhealthy,3,32.5,71,0.0,3.2,27,1003.0,98,48.2,48.3,258.0,3.6,195.0,24.6
2025-08-13 15:00:00,2025,8,13,15,Hà Nội,Xã Tây Phương,21.0403672,105.6115528,156,Unhealthy,3,32.8,70,0.0,3.5,55,1002.5,98,51.1,51.2,267.0,3.3,206.0,24.8
2025-08-13 16:00:00,2025,8,13,16,Hà Nội,Xã Tây Phương,21.0403672,105.6115528,156,Unhealthy,3,32.3,70,0.0,4.5,106,1002.3,99,51.7,51.8,302.0,8.4,202.0,27.0
2025-08-13 17:00:00,2025,8,13,17,Hà Nội,Xã Tây Phương,21.0403672,105.6115528,156,Unhealthy,3,31.4,73,1.4,6.0,350,1002.6,100,51.9,52.0,374.0,23.7,173.0,32.4
2025-08-13 18:00:00,2025,8,13,18,Hà Nội,Xã Tây Phương,21.0403672,105.6115528,156,Unhealthy,3,30.0,81,0.0,6.2,322,1002.5,100,70.1,70.3,470.0,44.6,130.0,39.8
2025-08-13 19:00:00,2025,8,13,19,Hà Nội,Xã Tây Phương,21.0403672,105.6115528,156,Unhealthy,3,29.0,85,0.0,7.1,276,1003.1,100,99.4,99.4,571.0,55.9,115.0,50.0
2025-08-13 20:00:00,2025,8,13,20,Hà Nội,Xã Tây Phương,21.0403672,105.6115528,157,Unhealthy,3,28.7,92,0.0,3.3,186,1003.7,100,118.5,118.5,687.0,66.6,92.0,58.6
2025-08-13 21:00:00,2025,8,13,21,Hà Nội,Xã Tây Phương,21.0403672,105.6115528,158,Unhealthy,3,28.5,93,0.0,6.1,180,1004.4,100,135.0,135.0,808.0,81.0,60.0,70.1
2025-08-13 22:00:00,2025,8,13,22,Hà Nội,Xã Tây Phương,21.0403672,105.6115528,158,Unhealthy,3,27.9,95,0.0,6.0,171,1005.0,100,146.2,146.7,876.0,89.0,36.0,76.0
2025-08-13 23:00:00,2025,8,13,23,Hà Nội,Xã Tây Phương,21.0403672,105.6115528,159,Unhealthy,3,27.3,97,0.0,4.3,175,1005.0,100,148.1,148.5,852.0,84.7,27.0,70.7
2025-08-14 00:00:00,2025,8,14,0,Hà Nội,Xã Tây Phương,21.0403672,105.6115528,160,Unhealthy,3,27.0,98,0.0,3.8,183,1004.6,99,136.9,136.9,776.0,74.1,26.0,59.8
2025-08-14 01:00:00,2025,8,14,1,Hà Nội,Xã Tây Phương,21.0403672,105.6115528,161,Unhealthy,3,26.6,98,0.0,3.5,189,1004.2,98,107.6,107.6,711.0,64.7,26.0,51.4
2025-08-14 02:00:00,2025,8,14,2,Hà Nội,Xã Tây Phương,21.0403672,105.6115528,161,Unhealthy,3,26.3,98,0.0,2.5,176,1003.6,100,102.9,102.9,676.0,59.3,26.0,48.6
2025-08-14 03:00:00,2025,8,14,3,Hà Nội,Xã Tây Phương,21.0403672,105.6115528,161,Unhealthy,3,26.2,98,0.0,0.7,194,1003.8,100,99.0,99.0,652.0,55.2,27.0,48.4
2025-08-14 04:00:00,2025,8,14,4,Hà Nội,Xã Tây Phương,21.0403672,105.6115528,162,Unhealthy,3,26.2,98,0.0,0.3,225,1003.9,100,90.3,90.3,642.0,51.8,29.0,49.2
2025-08-14 05:00:00,2025,8,14,5,Hà Nội,Xã Tây Phương,21.0403672,105.6115528,162,Unhealthy,3,26.0,98,0.0,2.3,241,1003.7,99,79.2,79.2,652.0,50.0,31.0,51.9
2025-08-14 06:00:00,2025,8,14,6,Hà Nội,Xã Tây Phương,21.0403672,105.6115528,162,Unhealthy,3,26.4,98,0.0,6.0,321,1004.0,98,77.8,77.8,675.0,48.9,33.0,55.6
2025-08-14 07:00:00,2025,8,14,7,Hà Nội,Xã Tây Phương,21.0403672,105.6115528,163,Unhealthy,3,27.9,92,0.0,8.6,345,1004.4,98,78.9,78.9,695.0,52.2,34.0,57.2
2025-08-14 08:00:00,2025,8,14,8,Hà Nội,Xã Tây Phương,21.0403672,105.6115528,163,Unhealthy,3,29.3,86,0.0,4.2,7,1004.6,100,68.5,68.5,711.0,44.8,59.0,59.4
2025-08-14 09:00:00,2025,8,14,9,Hà Nội,Xã Tây Phương,21.0403672,105.6115528,164,Unhealthy,3,30.1,83,0.4,3.7,349,1005.0,97,54.6,54.6,724.0,34.3,95.0,62.0
2025-08-14 10:00:00,2025,8,14,10,Hà Nội,Xã Tây Phương,21.0403672,105.6115528,164,Unhealthy,3,30.6,83,0.5,5.4,346,1005.2,100,46.4,46.6,713.0,24.9,131.0,61.1
2025-08-14 11:00:00,2025,8,14,11,Hà Nội,Xã Tây Phương,21.0403672,105.6115528,164,Unhealthy,3,31.1,81,0.7,4.0,355,1004.8,99,46.3,46.3,663.0,17.4,169.0,53.4
2025-08-14 12:00:00,2025,8,14,12,Hà Nội,Xã Tây Phương,21.0403672,105.6115528,165,Unhealthy,3,32.0,78,0.5,5.9,340,1003.7,98,48.3,48.3,591.0,10.9,206.0,42.1
2025-08-14 13:00:00,2025,8,14,13,Hà Nội,Xã Tây Phương,21.0403672,105.6115528,165,Unhealthy,3,29.9,81,4.3,5.4,323,1002.8,100,49.1,49.2,524.0,6.9,231.0,33.7
2025-08-14 14:00:00,2025,8,14,14,Hà Nội,Xã Tây Phương,21.0403672,105.6115528,165,Unhealthy,3,30.6,80,0.0,3.9,294,1001.9,95,48.8,48.9,445.0,5.9,237.0,30.7
2025-08-14 15:00:00,2025,8,14,15,Hà Nội,Xã Tây Phương,21.0403672,105.6115528,165,Unhealthy,3,32.0,73,0.0,3.1,353,1000.8,100,46.0,46.1,371.0,7.5,229.0,30.5
2025-08-14 16:00:00,2025,8,14,16,Hà Nội,Xã Tây Phương,21.0403672,105.6115528,165,Unhealthy,3,32.2,72,0.0,2.8,50,1000.0,100,45.4,45.5,390.0,11.5,211.0,31.3
2025-08-14 17:00:00,2025,8,14,17,Hà Nội,Xã Tây Phương,21.0403672,105.6115528,178,Unhealthy,3,31.7,73,0.0,2.5,82,1000.0,98,46.0,46.0,597.0,20.0,178.0,33.2
2025-08-14 18:00:00,2025,8,14,18,Hà Nội,Xã Tây Phương,21.0403672,105.6115528,191,Unhealthy,3,31.0,79,0.0,4.8,135,1000.7,100,52.4,52.5,895.0,31.0,135.0,36.2
2025-08-14 19:00:00,2025,8,14,19,Hà Nội,Xã Tây Phương,21.0403672,105.6115528,192,Unhealthy,3,29.8,84,0.0,4.2,133,1001.4,100,82.4,82.7,1084.0,39.3,150.0,45.4
2025-08-14 20:00:00,2025,8,14,20,Hà Nội,Xã Tây Phương,21.0403672,105.6115528,189,Unhealthy,3,29.6,82,0.0,9.7,155,1002.0,100,93.8,94.1,1060.0,38.6,130.0,44.0
2025-08-14 21:00:00,2025,8,14,21,Hà Nội,Xã Tây Phương,21.0403672,105.6115528,177,Unhealthy,3,29.2,84,0.0,8.8,168,1002.4,100,83.4,83.6,926.0,37.7,102.0,42.1
2025-08-14 22:00:00,2025,8,14,22,Hà Nội,Xã Tây Phương,21.0403672,105.6115528,162,Unhealthy,3,28.9,86,0.0,7.5,169,1002.7,100,80.1,80.1,791.0,36.4,81.0,40.3
2025-08-14 23:00:00,2025,8,14,23,Hà Nội,Xã Tây Phương,21.0403672,105.6115528,161,Unhealthy,3,28.5,89,0.0,7.0,184,1002.5,100,76.8,77.1,677.0,34.8,73.0,38.8
2025-08-15 00:00:00,2025,8,15,0,Hà Nội,Xã Tây Phương,21.0403672,105.6115528,159,Unhealthy,3,27.9,92,0.0,4.4,161,1002.9,100,77.1,77.1,562.0,33.0,72.0,37.4
2025-08-15 01:00:00,2025,8,15,1,Hà Nội,Xã Tây Phương,21.0403672,105.6115528,158,Unhealthy,3,27.4,93,0.0,5.6,158,1001.9,100,73.3,73.3,482.0,30.9,73.0,36.3
2025-08-15 02:00:00,2025,8,15,2,Hà Nội,Xã Tây Phương,21.0403672,105.6115528,157,Unhealthy,3,26.9,93,0.0,4.4,109,1001.7,100,67.5,67.5,461.0,28.1,74.0,35.2
2025-08-15 03:00:00,2025,8,15,3,Hà Nội,Xã Tây Phương,21.0403672,105.6115528,156,Unhealthy,3,24.2,97,4.5,10.5,55,1002.8,100,63.3,63.3,476.0,25.1,76.0,34.3
2025-08-15 04:00:00,2025,8,15,4,Hà Nội,Xã Tây Phương,21.0403672,105.6115528,155,Unhealthy,3,24.6,96,0.7,10.9,74,1002.1,100,58.6,58.7,491.0,23.6,79.0,34.7
2025-08-15 05:00:00,2025,8,15,5,Hà Nội,Xã Tây Phương,21.0403672,105.6115528,155,Unhealthy,3,24.4,98,0.3,10.8,64,1002.7,100,55.8,55.8,490.0,25.0,81.0,37.6
2025-08-15 06:00:00,2025,8,15,6,Hà Nội,Xã Tây Phương,21.0403672,105.6115528,154,Unhealthy,3,24.5,97,0.1,9.4,60,1003.1,100,56.7,56.8,490.0,27.9,83.0,41.7
2025-08-15 07:00:00,2025,8,15,7,Hà Nội,Xã Tây Phương,21.0403672,105.6115528,154,Unhealthy,3,24.4,98,0.5,10.3,46,1003.9,100,37.0,37.1,500.0,30.2,56.0,32.4
2025-08-15 08:00:00,2025,8,15,8,Hà Nội,Xã Tây Phương,21.0403672,105.6115528,153,Unhealthy,3,26.2,88,0.4,9.2,92,1004.1,100,28.8,29.0,543.0,31.1,52.0,32.6
2025-08-15 09:00:00,2025,8,15,9,Hà Nội,Xã Tây Phương,21.0403672,105.6115528,152,Unhealthy,3,26.0,90,0.2,11.6,112,1005.2,100,28.4,28.6,597.0,32.1,48.0,32.9
2025-08-15 10:00:00,2025,8,15,10,Hà Nội,Xã Tây Phương,21.0403672,105.6115528,151,Unhealthy,3,25.6,93,1.0,11.9,110,1005.4,100,27.2,27.5,609.0,31.7,52.0,33.1
2025-08-15 11:00:00,2025,8,15,11,Hà Nội,Xã Tây Phương,21.0403672,105.6115528,151,Unhealthy,3,27.8,83,0.4,7.1,96,1005.1,100,28.3,28.6,535.0,28.5,71.0,33.4
2025-08-15 12:00:00,2025,8,15,12,Hà Nội,Xã Tây Phương,21.0403672,105.6115528,150,Unhealthy for Sensitive Groups,2,29.0,78,0.1,7.1,97,1004.7,100,30.9,31.1,419.0,23.7,99.0,33.7
2025-08-15 13:00:00,2025,8,15,13,Hà Nội,Xã Tây Phương,21.0403672,105.6115528,150,Unhealthy for Sensitive Groups,2,28.5,80,0.2,6.7,128,1003.9,100,35.7,36.0,337.0,19.8,121.0,33.1
2025-08-15 14:00:00,2025,8,15,14,Hà Nội,Xã Tây Phương,21.0403672,105.6115528,149,Unhealthy for Sensitive Groups,2,27.8,84,0.9,6.5,161,1003.0,99,34.3,34.6,323.0,16.8,136.0,30.8
2025-08-15 15:00:00,2025,8,15,15,Hà Nội,Xã Tây Phương,21.0403672,105.6115528,148,Unhealthy for Sensitive Groups,2,28.3,84,0.4,8.4,149,1002.9,100,27.9,28.1,342.0,14.7,145.0,27.7
2025-08-15 16:00:00,2025,8,15,16,Hà Nội,Xã Tây Phương,21.0403672,105.6115528,146,Unhealthy for Sensitive Groups,2,27.6,86,0.1,6.9,139,1002.4,70,24.7,24.9,370.0,15.1,145.0,25.7
2025-08-15 17:00:00,2025,8,15,17,Hà Nội,Xã Tây Phương,21.0403672,105.6115528,144,Unhealthy for Sensitive Groups,2,28.4,82,0.2,7.4,108,1002.3,77,27.1,27.2,405.0,19.8,128.0,25.2
2025-08-15 18:00:00,2025,8,15,18,Hà Nội,Xã Tây Phương,21.0403672,105.6115528,142,Unhealthy for Sensitive Groups,2,25.6,91,2.2,6.1,130,1003.3,97,31.5,31.7,448.0,27.1,102.0,25.9
2025-08-15 19:00:00,2025,8,15,19,Hà Nội,Xã Tây Phương,21.0403672,105.6115528,139,Unhealthy for Sensitive Groups,2,24.9,92,5.3,4.0,302,1004.1,100,42.0,42.1,476.0,28.3,107.0,26.5
2025-08-15 20:00:00,2025,8,15,20,Hà Nội,Xã Tây Phương,21.0403672,105.6115528,135,Unhealthy for Sensitive Groups,2,26.2,88,0.0,8.5,126,1005.0,97,47.3,47.4,482.0,32.3,97.0,30.9
2025-08-15 21:00:00,2025,8,15,21,Hà Nội,Xã Tây Phương,21.0403672,105.6115528,130,Unhealthy for Sensitive Groups,2,26.0,90,0.0,5.9,128,1005.9,99,54.7,54.9,473.0,37.9,83.0,37.0
2025-08-15 22:00:00,2025,8,15,22,Hà Nội,Xã Tây Phương,21.0403672,105.6115528,127,Unhealthy for Sensitive Groups,2,25.7,92,0.0,4.3,118,1006.6,86,60.5,61.5,451.0,41.9,72.0,41.9
2025-08-15 23:00:00,2025,8,15,23,Hà Nội,Xã Tây Phương,21.0403672,105.6115528,125,Unhealthy for Sensitive Groups,2,25.4,93,0.0,4.1,103,1007.0,99,64.5,65.7,405.0,42.9,66.0,44.9
2025-08-16 00:00:00,2025,8,16,0,Hà Nội,Xã Tây Phương,21.0403672,105.6115528,124,Unhealthy for Sensitive Groups,2,25.1,94,0.2,3.2,106,1006.9,98,64.3,65.4,345.0,42.3,61.0,46.7
2025-08-16 01:00:00,2025,8,16,1,Hà Nội,Xã Tây Phương,21.0403672,105.6115528,123,Unhealthy for Sensitive Groups,2,24.9,94,0.6,8.3,123,1006.3,100,61.2,62.4,304.0,41.5,57.0,47.0
2025-08-16 02:00:00,2025,8,16,2,Hà Nội,Xã Tây Phương,21.0403672,105.6115528,121,Unhealthy for Sensitive Groups,2,24.0,97,2.1,11.4,85,1006.0,100,51.1,52.0,296.0,40.7,52.0,44.7
2025-08-16 03:00:00,2025,8,16,3,Hà Nội,Xã Tây Phương,21.0403672,105.6115528,120,Unhealthy for Sensitive Groups,2,23.5,96,4.2,4.0,148,1005.7,100,47.7,48.7,306.0,39.6,46.0,40.9
2025-08-16 04:00:00,2025,8,16,4,Hà Nội,Xã Tây Phương,21.0403672,105.6115528,118,Unhealthy for Sensitive Groups,2,23.6,97,1.7,5.6,31,1006.1,100,44.4,45.3,321.0,38.5,41.0,37.8
2025-08-16 05:00:00,2025,8,16,5,Hà Nội,Xã Tây Phương,21.0403672,105.6115528,117,Unhealthy for Sensitive Groups,2,23.4,97,4.6,5.6,42,1006.8,100,39.6,40.3,337.0,38.1,35.0,36.6
2025-08-16 06:00:00,2025,8,16,6,Hà Nội,Xã Tây Phương,21.0403672,105.6115528,115,Unhealthy for Sensitive Groups,2,23.5,96,2.2,4.7,72,1007.0,100,36.0,36.9,357.0,37.6,29.0,36.1
2025-08-16 07:00:00,2025,8,16,7,Hà Nội,Xã Tây Phương,21.0403672,105.6115528,113,Unhealthy for Sensitive Groups,2,23.8,95,1.1,4.7,7,1007.7,100,25.6,26.8,378.0,33.8,34.0,33.3
2025-08-16 08:00:00,2025,8,16,8,Hà Nội,Xã Tây Phương,21.0403672,105.6115528,112,Unhealthy for Sensitive Groups,2,24.8,96,1.2,5.0,111,1007.8,100,19.6,20.0,404.0,30.7,43.0,34.2
2025-08-16 09:00:00,2025,8,16,9,Hà Nội,Xã Tây Phương,21.0403672,105.6115528,111,Unhealthy for Sensitive Groups,2,25.1,93,1.2,7.6,97,1008.3,99,22.7,22.9,430.0,26.2,56.0,35.3
2025-08-16 10:00:00,2025,8,16,10,Hà Nội,Xã Tây Phương,21.0403672,105.6115528,110,Unhealthy for Sensitive Groups,2,25.1,94,1.2,7.0,72,1008.6,100,20.8,21.0,440.0,22.3,67.0,34.6
2025-08-16 11:00:00,2025,8,16,11,Hà Nội,Xã Tây Phương,21.0403672,105.6115528,109,Unhealthy for Sensitive Groups,2,26.3,87,0.3,5.8,81,1008.2,100,19.0,19.2,412.0,19.4,75.0,30.5
2025-08-16 12:00:00,2025,8,16,12,Hà Nội,Xã Tây Phương,21.0403672,105.6115528,108,Unhealthy for Sensitive Groups,2,27.7,80,0.3,5.1,86,1006.9,91,20.7,20.9,369.0,17.1,82.0,24.6
2025-08-16 13:00:00,2025,8,16,13,Hà Nội,Xã Tây Phương,21.0403672,105.6115528,107,Unhealthy for Sensitive Groups,2,29.0,77,0.2,2.2,76,1005.8,76,22.7,22.9,359.0,15.1,90.0,20.0
2025-08-16 14:00:00,2025,8,16,14,Hà Nội,Xã Tây Phương,21.0403672,105.6115528,106,Unhealthy for Sensitive Groups,2,29.8,73,0.1,3.9,74,1005.2,100,24.4,24.6,402.0,12.5,103.0,17.3
2025-08-16 15:00:00,2025,8,16,15,Hà Nội,Xã Tây Phương,21.0403672,105.6115528,105,Unhealthy for Sensitive Groups,2,25.6,93,2.7,10.6,76,1004.8,100,25.8,26.0,478.0,10.4,118.0,15.9
2025-08-16 16:00:00,2025,8,16,16,Hà Nội,Xã Tây Phương,21.0403672,105.6115528,105,Unhealthy for Sensitive Groups,2,26.0,90,1.5,5.4,82,1004.7,98,26.7,26.9,581.0,11.6,125.0,17.5
2025-08-16 17:00:00,2025,8,16,17,Hà Nội,Xã Tây Phương,21.0403672,105.6115528,105,Unhealthy for Sensitive Groups,2,26.7,87,0.0,3.9,53,1004.6,100,32.6,32.8,756.0,19.1,121.0,24.7
2025-08-16 18:00:00,2025,8,16,18,Hà Nội,Xã Tây Phương,21.0403672,105.6115528,106,Unhealthy for Sensitive Groups,2,26.6,88,0.0,0.8,297,1005.1,100,45.4,45.6,958.0,29.9,111.0,34.9
2025-08-16 19:00:00,2025,8,16,19,Hà Nội,Xã Tây Phương,21.0403672,105.6115528,107,Unhealthy for Sensitive Groups,2,25.7,93,0.2,2.7,332,1006.2,100,62.6,63.8,1042.0,52.0,65.0,50.9
2025-08-16 20:00:00,2025,8,16,20,Hà Nội,Xã Tây Phương,21.0403672,105.6115528,109,Unhealthy for Sensitive Groups,2,25.4,95,0.0,3.1,306,1007.2,100,69.4,70.5,902.0,51.9,56.0,51.9
2025-08-16 21:00:00,2025,8,16,21,Hà Nội,Xã Tây Phương,21.0403672,105.6115528,111,Unhealthy for Sensitive Groups,2,25.4,95,0.0,4.3,315,1008.1,100,71.2,72.2,644.0,51.4,45.0,53.1
2025-08-16 22:00:00,2025,8,16,22,Hà Nội,Xã Tây Phương,21.0403672,105.6115528,113,Unhealthy for Sensitive Groups,2,25.3,96,0.0,6.2,308,1008.5,100,67.3,67.5,439.0,49.1,37.0,52.4
2025-08-16 23:00:00,2025,8,16,23,Hà Nội,Xã Tây Phương,21.0403672,105.6115528,114,Unhealthy for Sensitive Groups,2,25.1,96,0.0,9.8,310,1008.4,100,59.6,59.8,360.0,43.4,38.0,48.3
2025-08-17 00:00:00,2025,8,17,0,Hà Nội,Xã Tây Phương,21.0403672,105.6115528,113,Unhealthy for Sensitive Groups,2,25.0,96,0.0,12.5,315,1008.2,63,52.7,52.9,334.0,35.9,43.0,42.2
2025-08-17 01:00:00,2025,8,17,1,Hà Nội,Xã Tây Phương,21.0403672,105.6115528,112,Unhealthy for Sensitive Groups,2,24.7,96,0.0,13.9,318,1007.5,66,48.2,48.3,312.0,29.7,47.0,36.4
2025-08-17 02:00:00,2025,8,17,2,Hà Nội,Xã Tây Phương,21.0403672,105.6115528,111,Unhealthy for Sensitive Groups,2,24.4,95,0.0,14.8,311,1006.8,51,45.6,45.8,272.0,26.1,46.0,30.8
2025-08-17 03:00:00,2025,8,17,3,Hà Nội,Xã Tây Phương,21.0403672,105.6115528,110,Unhealthy for Sensitive Groups,2,24.2,95,0.0,13.5,316,1006.9,100,42.1,42.3,236.0,23.9,44.0,25.5
2025-08-17 04:00:00,2025,8,17,4,Hà Nội,Xã Tây Phương,21.0403672,105.6115528,110,Unhealthy for Sensitive Groups,2,24.2,96,0.0,12.6,318,1006.9,100,38.6,38.8,218.0,22.6,42.0,22.3
2025-08-17 05:00:00,2025,8,17,5,Hà Nội,Xã Tây Phương,21.0403672,105.6115528,109,Unhealthy for Sensitive Groups,2,24.3,96,0.2,11.8,317,1007.1,100,38.9,39.1,233.0,23.2,39.0,23.3
2025-08-17 06:00:00,2025,8,17,6,Hà Nội,Xã Tây Phương,21.0403672,105.6115528,109,Unhealthy for Sensitive Groups,2,24.2,96,1.8,7.2,321,1007.8,100,39.0,39.1,267.0,24.7,36.0,26.5
2025-08-17 07:00:00,2025,8,17,7,Hà Nội,Xã Tây Phương,21.0403672,105.6115528,109,Unhealthy for Sensitive Groups,2,24.6,95,0.7,13.3,305,1008.2,81,28.5,28.5,287.0,25.8,39.0,30.9
2025-08-17 08:00:00,2025,8,17,8,Hà Nội,Xã Tây Phương,21.0403672,105.6115528,110,Unhealthy for Sensitive Groups,2,26.5,89,0.1,9.7,309,1008.5,100,21.4,21.4,279.0,21.8,52.0,28.7
2025-08-17 09:00:00,2025,8,17,9,Hà Nội,Xã Tây Phương,21.0403672,105.6115528,110,Unhealthy for Sensitive Groups,2,26.5,88,0.0,15.5,296,1009.0,100,15.8,15.9,257.0,16.2,70.0,25.6
2025-08-17 10:00:00,2025,8,17,10,Hà Nội,Xã Tây Phương,21.0403672,105.6115528,109,Unhealthy for Sensitive Groups,2,28.2,80,0.0,16.5,307,1008.8,100,14.4,14.5,239.0,11.5,86.0,22.4
2025-08-17 11:00:00,2025,8,17,11,Hà Nội,Xã Tây Phương,21.0403672,105.6115528,108,Unhealthy for Sensitive Groups,2,28.5,79,0.1,15.9,308,1008.6,100,14.1,14.1,221.0,8.3,97.0,18.8
2025-08-17 12:00:00,2025,8,17,12,Hà Nội,Xã Tây Phương,21.0403672,105.6115528,108,Unhealthy for Sensitive Groups,2,30.1,73,0.1,15.3,318,1007.6,100,13.9,13.9,206.0,6.1,106.0,15.2
2025-08-17 13:00:00,2025,8,17,13,Hà Nội,Xã Tây Phương,21.0403672,105.6115528,107,Unhealthy for Sensitive Groups,2,30.8,70,0.2,13.8,334,1006.0,100,13.1,13.2,216.0,5.1,111.0,13.1
2025-08-17 14:00:00,2025,8,17,14,Hà Nội,Xã Tây Phương,21.0403672,105.6115528,106,Unhealthy for Sensitive Groups,2,31.6,66,0.0,11.0,345,1004.7,100,17.2,17.2,266.0,4.8,114.0,13.3
2025-08-17 15:00:00,2025,8,17,15,Hà Nội,Xã Tây Phương,21.0403672,105.6115528,105,Unhealthy for Sensitive Groups,2,31.9,63,0.0,11.5,14,1004.2,100,21.2,21.3,340.0,5.9,113.0,15.0
2025-08-17 16:00:00,2025,8,17,16,Hà Nội,Xã Tây Phương,21.0403672,105.6115528,105,Unhealthy for Sensitive Groups,2,25.8,91,1.3,16.0,78,1005.7,100,20.5,20.5,417.0,10.4,106.0,18.1
2025-08-17 17:00:00,2025,8,17,17,Hà Nội,Xã Tây Phương,21.0403672,105.6115528,104,Unhealthy for Sensitive Groups,2,25.5,92,0.3,3.4,295,1005.2,100,21.5,21.6,502.0,21.6,86.0,23.1
2025-08-17 18:00:00,2025,8,17,18,Hà Nội,Xã Tây Phương,21.0403672,105.6115528,103,Unhealthy for Sensitive Groups,2,25.6,93,0.0,4.4,291,1005.4,100,33.3,33.4,590.0,36.2,60.0,29.5
2025-08-17 19:00:00,2025,8,17,19,Hà Nội,Xã Tây Phương,21.0403672,105.6115528,102,Unhealthy for Sensitive Groups,2,25.4,94,0.0,5.4,274,1005.9,100,49.0,49.1,640.0,44.6,48.0,44.3
2025-08-17 20:00:00,2025,8,17,20,Hà Nội,Xã Tây Phương,21.0403672,105.6115528,100,Moderate,1,25.1,96,0.1,12.3,18,1006.9,100,49.0,49.1,627.0,48.4,39.0,47.7
2025-08-17 21:00:00,2025,8,17,21,Hà Nội,Xã Tây Phương,21.0403672,105.6115528,99,Moderate,1,24.9,93,0.4,7.3,318,1007.0,100,53.4,53.6,576.0,53.6,26.0,52.3
2025-08-17 22:00:00,2025,8,17,22,Hà Nội,Xã Tây Phương,21.0403672,105.6115528,97,Moderate,1,24.9,94,0.0,10.7,286,1007.6,100,65.7,65.9,519.0,56.5,17.0,54.5
2025-08-17 23:00:00,2025,8,17,23,Hà Nội,Xã Tây Phương,21.0403672,105.6115528,97,Moderate,1,24.9,93,0.0,9.8,288,1007.3,100,68.2,68.9,465.0,55.6,15.0,52.8
2025-08-18 00:00:00,2025,8,18,0,Hà Nội,Xã Tây Phương,21.0403672,105.6115528,98,Moderate,1,24.7,93,0.0,9.6,290,1006.8,100,63.1,64.0,405.0,52.5,16.0,48.7
2025-08-18 01:00:00,2025,8,18,1,Hà Nội,Xã Tây Phương,21.0403672,105.6115528,99,Moderate,1,24.5,94,0.0,8.5,295,1005.7,100,51.7,52.2,348.0,48.0,19.0,43.8
2025-08-18 02:00:00,2025,8,18,2,Hà Nội,Xã Tây Phương,21.0403672,105.6115528,99,Moderate,1,23.8,97,3.3,21.6,45,1006.5,100,39.6,39.9,289.0,41.4,22.0,37.5
2025-08-18 03:00:00,2025,8,18,3,Hà Nội,Xã Tây Phương,21.0403672,105.6115528,98,Moderate,1,24.0,96,3.4,9.1,321,1005.7,99,31.9,32.1,232.0,33.4,26.0,30.3
2025-08-18 04:00:00,2025,8,18,4,Hà Nội,Xã Tây Phương,21.0403672,105.6115528,97,Moderate,1,24.0,95,0.0,10.2,301,1006.0,98,28.1,28.2,198.0,27.2,30.0,25.1
2025-08-18 05:00:00,2025,8,18,5,Hà Nội,Xã Tây Phương,21.0403672,105.6115528,96,Moderate,1,24.0,94,0.0,11.8,301,1006.3,99,26.1,26.3,201.0,24.8,31.0,23.5
2025-08-18 06:00:00,2025,8,18,6,Hà Nội,Xã Tây Phương,21.0403672,105.6115528,95,Moderate,1,24.1,93,0.0,16.3,302,1006.3,100,27.0,27.1,227.0,24.3,33.0,23.8
2025-08-18 07:00:00,2025,8,18,7,Hà Nội,Xã Tây Phương,21.0403672,105.6115528,94,Moderate,1,25.1,92,0.0,16.4,306,1006.5,100,32.2,32.4,249.0,23.2,42.0,23.3
2025-08-18 08:00:00,2025,8,18,8,Hà Nội,Xã Tây Phương,21.0403672,105.6115528,95,Moderate,1,26.9,85,0.0,17.9,311,1006.6,98,35.3,35.3,254.0,18.6,66.0,22.1
2025-08-18 09:00:00,2025,8,18,9,Hà Nội,Xã Tây Phương,21.0403672,105.6115528,96,Moderate,1,28.4,80,0.0,20.0,318,1006.9,100,29.8,29.9,256.0,12.3,100.0,20.5
2025-08-18 10:00:00,2025,8,18,10,Hà Nội,Xã Tây Phương,21.0403672,105.6115528,97,Moderate,1,29.6,74,0.0,20.3,319,1006.6,100,24.4,24.6,270.0,7.7,124.0,18.8
2025-08-18 11:00:00,2025,8,18,11,Hà Nội,Xã Tây Phương,21.0403672,105.6115528,98,Moderate,1,30.1,70,0.1,18.5,335,1006.3,100,22.2,22.4,312.0,6.0,131.0,16.7
2025-08-18 12:00:00,2025,8,18,12,Hà Nội,Xã Tây Phương,21.0403672,105.6115528,99,Moderate,1,29.4,79,1.4,9.6,30,1005.7,100,20.3,20.4,366.0,5.8,129.0,14.5
2025-08-18 13:00:00,2025,8,18,13,Hà Nội,Xã Tây Phương,21.0403672,105.6115528,99,Moderate,1,26.7,89,9.8,12.0,81,1004.8,100,22.7,22.9,401.0,7.0,125.0,14.4
2025-08-18 14:00:00,2025,8,18,14,Hà Nội,Xã Tây Phương,21.0403672,105.6115528,100,Moderate,1,26.0,94,2.3,9.2,64,1003.7,100,22.6,22.8,371.0,9.0,120.0,17.6
2025-08-18 15:00:00,2025,8,18,15,Hà Nội,Xã Tây Phương,21.0403672,105.6115528,101,Unhealthy for Sensitive Groups,2,26.2,92,14.1,4.2,220,1003.0,100,24.5,24.6,321.0,12.3,113.0,22.9
2025-08-18 16:00:00,2025,8,18,16,Hà Nội,Xã Tây Phương,21.0403672,105.6115528,101,Unhealthy for Sensitive Groups,2,26.9,90,0.0,2.4,318,1002.7,100,26.4,26.5,358.0,17.6,102.0,28.2
2025-08-18 17:00:00,2025,8,18,17,Hà Nội,Xã Tây Phương,21.0403672,105.6115528,102,Unhealthy for Sensitive Groups,2,27.1,88,0.4,6.5,24,1003.1,100,29.0,29.2,594.0,26.8,84.0,32.9
2025-08-18 18:00:00,2025,8,18,18,Hà Nội,Xã Tây Phương,21.0403672,105.6115528,102,Unhealthy for Sensitive Groups,2,27.0,88,0.1,1.5,346,1003.2,100,36.7,36.8,917.0,38.2,63.0,37.6
2025-08-18 19:00:00,2025,8,18,19,Hà Nội,Xã Tây Phương,21.0403672,105.6115528,103,Unhealthy for Sensitive Groups,2,26.3,91,0.0,1.5,256,1004.0,100,61.5,61.7,1098.0,49.6,61.0,48.4
2025-08-18 20:00:00,2025,8,18,20,Hà Nội,Xã Tây Phương,21.0403672,105.6115528,104,Unhealthy for Sensitive Groups,2,25.5,94,1.5,8.8,23,1004.4,100,68.7,68.9,1008.0,49.8,52.0,48.4
2025-08-18 21:00:00,2025,8,18,21,Hà Nội,Xã Tây Phương,21.0403672,105.6115528,106,Unhealthy for Sensitive Groups,2,25.0,94,0.7,6.5,316,1005.3,100,67.3,67.3,777.0,49.9,39.0,48.3
2025-08-18 22:00:00,2025,8,18,22,Hà Nội,Xã Tây Phương,21.0403672,105.6115528,108,Unhealthy for Sensitive Groups,2,25.0,94,0.0,3.7,313,1005.4,100,65.0,65.0,562.0,48.1,30.0,46.6
2025-08-18 23:00:00,2025,8,18,23,Hà Nội,Xã Tây Phương,21.0403672,105.6115528,108,Unhealthy for Sensitive Groups,2,24.9,95,0.0,3.2,267,1005.5,100,58.2,58.3,409.0,42.7,30.0,42.1
2025-08-19 00:00:00,2025,8,19,0,Hà Nội,Xã Tây Phương,21.0403672,105.6115528,106,Unhealthy for Sensitive Groups,2,24.6,95,0.2,10.6,291,1005.2,100,46.7,46.8,272.0,35.4,35.0,36.0
2025-08-19 01:00:00,2025,8,19,1,Hà Nội,Xã Tây Phương,21.0403672,105.6115528,105,Unhealthy for Sensitive Groups,2,24.4,96,1.2,9.4,288,1004.6,100,39.0,39.1,179.0,29.8,38.0,30.9
2025-08-19 02:00:00,2025,8,19,2,Hà Nội,Xã Tây Phương,21.0403672,105.6115528,103,Unhealthy for Sensitive Groups,2,24.5,96,0.4,8.9,294,1004.0,100,35.4,35.5,144.0,27.2,38.0,27.2
2025-08-19 03:00:00,2025,8,19,3,Hà Nội,Xã Tây Phương,21.0403672,105.6115528,103,Unhealthy for Sensitive Groups,2,24.8,96,0.9,9.6,286,1003.8,100,34.5,34.6,151.0,26.3,36.0,24.4
2025-08-19 04:00:00,2025,8,19,4,Hà Nội,Xã Tây Phương,21.0403672,105.6115528,103,Unhealthy for Sensitive Groups,2,24.8,95,0.6,9.1,291,1003.7,100,36.7,36.8,184.0,27.2,33.0,23.9
2025-08-19 05:00:00,2025,8,19,5,Hà Nội,Xã Tây Phương,21.0403672,105.6115528,104,Unhealthy for Sensitive Groups,2,24.8,96,0.3,10.2,284,1004.1,100,42.8,43.0,254.0,31.1,27.0,26.7
2025-08-19 06:00:00,2025,8,19,6,Hà Nội,Xã Tây Phương,21.0403672,105.6115528,106,Unhealthy for Sensitive Groups,2,24.9,96,0.3,9.3,279,1004.4,100,48.4,48.5,349.0,36.8,21.0,31.8
2025-08-19 07:00:00,2025,8,19,7,Hà Nội,Xã Tây Phương,21.0403672,105.6115528,108,Unhealthy for Sensitive Groups,2,25.0,96,0.6,7.5,281,1005.1,100,48.8,48.9,415.0,39.7,19.0,32.6
2025-08-19 08:00:00,2025,8,19,8,Hà Nội,Xã Tây Phương,21.0403672,105.6115528,110,Unhealthy for Sensitive Groups,2,25.8,95,1.6,5.6,264,1005.6,100,50.2,50.2,424.0,40.6,25.0,36.7
2025-08-19 09:00:00,2025,8,19,9,Hà Nội,Xã Tây Phương,21.0403672,105.6115528,111,Unhealthy for Sensitive Groups,2,26.2,94,1.3,6.2,255,1006.2,100,45.4,45.5,403.0,41.6,33.0,42.5
2025-08-19 10:00:00,2025,8,19,10,Hà Nội,Xã Tây Phương,21.0403672,105.6115528,113,Unhealthy for Sensitive Groups,2,27.0,89,1.1,5.9,235,1006.3,100,48.1,48.2,381.0,41.6,43.0,47.3
2025-08-19 11:00:00,2025,8,19,11,Hà Nội,Xã Tây Phương,21.0403672,105.6115528,116,Unhealthy for Sensitive Groups,2,27.4,88,1.5,5.4,200,1005.9,100,43.2,43.3,365.0,39.6,55.0,50.2
2025-08-19 12:00:00,2025,8,19,12,Hà Nội,Xã Tây Phương,21.0403672,105.6115528,118,Unhealthy for Sensitive Groups,2,27.0,91,1.3,5.7,162,1005.3,100,43.0,43.1,346.0,36.4,69.0,52.1
2025-08-19 13:00:00,2025,8,19,13,Hà Nội,Xã Tây Phương,21.0403672,105.6115528,120,Unhealthy for Sensitive Groups,2,27.7,87,0.3,8.7,167,1004.6,100,48.2,48.3,330.0,33.7,82.0,53.1
2025-08-19 14:00:00,2025,8,19,14,Hà Nội,Xã Tây Phương,21.0403672,105.6115528,123,Unhealthy for Sensitive Groups,2,27.2,90,0.1,11.0,155,1003.7,100,49.8,49.9,306.0,31.0,96.0,52.4
2025-08-19 15:00:00,2025,8,19,15,Hà Nội,Xã Tây Phương,21.0403672,105.6115528,126,Unhealthy for Sensitive Groups,2,27.7,87,0.1,10.3,158,1003.1,100,50.8,50.8,284.0,28.6,109.0,50.8
2025-08-19 16:00:00,2025,8,19,16,Hà Nội,Xã Tây Phương,21.0403672,105.6115528,128,Unhealthy for Sensitive Groups,2,27.8,87,0.0,9.5,153,1002.6,100,49.9,50.1,299.0,29.6,116.0,50.1
2025-08-19 17:00:00,2025,8,19,17,Hà Nội,Xã Tây Phương,21.0403672,105.6115528,131,Unhealthy for Sensitive Groups,2,27.6,89,0.0,8.3,136,1002.8,100,51.9,51.9,387.0,36.5,112.0,51.0
2025-08-19 18:00:00,2025,8,19,18,Hà Nội,Xã Tây Phương,21.0403672,105.6115528,133,Unhealthy for Sensitive Groups,2,27.5,89,0.0,8.3,131,1003.4,100,67.1,67.3,512.0,46.7,101.0,52.9
2025-08-19 19:00:00,2025,8,19,19,Hà Nội,Xã Tây Phương,21.0403672,105.6115528,136,Unhealthy for Sensitive Groups,2,27.0,91,0.0,7.7,120,1004.7,100,74.0,74.0,603.0,50.1,84.0,55.1
2025-08-19 20:00:00,2025,8,19,20,Hà Nội,Xã Tây Phương,21.0403672,105.6115528,138,Unhealthy for Sensitive Groups,2,26.6,91,0.0,14.1,149,1005.5,100,78.9,78.9,631.0,54.6,67.0,57.8
2025-08-19 21:00:00,2025,8,19,21,Hà Nội,Xã Tây Phương,21.0403672,105.6115528,139,Unhealthy for Sensitive Groups,2,26.5,93,0.0,14.4,152,1006.0,100,85.0,85.0,624.0,60.9,44.0,61.4
2025-08-19 22:00:00,2025,8,19,22,Hà Nội,Xã Tây Phương,21.0403672,105.6115528,141,Unhealthy for Sensitive Groups,2,26.4,96,0.0,11.9,150,1006.1,100,90.3,90.3,596.0,66.0,25.0,63.1
2025-08-19 23:00:00,2025,8,19,23,Hà Nội,Xã Tây Phương,21.0403672,105.6115528,143,Unhealthy for Sensitive Groups,2,26.4,97,0.4,12.1,148,1006.4,100,92.4,92.4,538.0,69.2,15.0,61.3
2025-08-20 00:00:00,2025,8,20,0,Hà Nội,Xã Tây Phương,21.0403672,105.6115528,147,Unhealthy for Sensitive Groups,2,26.4,96,0.0,13.0,146,1005.6,100,93.6,93.6,460.0,71.2,9.0,57.7
2025-08-20 01:00:00,2025,8,20,1,Hà Nội,Xã Tây Phương,21.0403672,105.6115528,150,Unhealthy for Sensitive Groups,2,26.2,96,0.0,11.2,150,1005.1,100,91.3,91.5,404.0,71.9,5.0,54.1
2025-08-20 02:00:00,2025,8,20,2,Hà Nội,Xã Tây Phương,21.0403672,105.6115528,151,Unhealthy,3,25.9,96,0.0,10.0,146,1004.4,100,88.9,89.2,384.0,70.8,3.0,50.7
2025-08-20 03:00:00,2025,8,20,3,Hà Nội,Xã Tây Phương,21.0403672,105.6115528,153,Unhealthy,3,25.6,97,0.0,9.4,144,1004.1,100,85.7,86.6,387.0,68.4,3.0,47.3
2025-08-20 04:00:00,2025,8,20,4,Hà Nội,Xã Tây Phương,21.0403672,105.6115528,154,Unhealthy,3,25.4,97,0.0,7.1,144,1004.4,100,82.2,83.1,416.0,65.6,5.0,45.7
2025-08-20 05:00:00,2025,8,20,5,Hà Nội,Xã Tây Phương,21.0403672,105.6115528,155,Unhealthy,3,25.4,98,0.0,7.8,151,1004.8,100,78.2,79.9,502.0,63.0,7.0,47.4
2025-08-20 06:00:00,2025,8,20,6,Hà Nội,Xã Tây Phương,21.0403672,105.6115528,156,Unhealthy,3,25.3,98,0.0,5.8,164,1005.3,100,78.5,80.8,614.0,60.0,10.0,50.7
2025-08-20 07:00:00,2025,8,20,7,Hà Nội,Xã Tây Phương,21.0403672,105.6115528,156,Unhealthy,3,26.4,95,0.0,5.5,148,1006.0,100,63.3,65.7,659.0,52.1,24.0,50.0
2025-08-20 08:00:00,2025,8,20,8,Hà Nội,Xã Tây Phương,21.0403672,105.6115528,157,Unhealthy,3,28.7,88,0.0,11.5,170,1006.4,100,60.8,62.2,573.0,44.8,50.0,47.4
2025-08-20 09:00:00,2025,8,20,9,Hà Nội,Xã Tây Phương,21.0403672,105.6115528,157,Unhealthy,3,29.9,82,0.0,12.9,172,1006.6,100,57.6,59.3,421.0,34.5,86.0,43.6
2025-08-20 10:00:00,2025,8,20,10,Hà Nội,Xã Tây Phương,21.0403672,105.6115528,157,Unhealthy,3,30.9,76,0.1,11.1,168,1006.7,100,45.4,46.3,302.0,25.4,122.0,40.0
2025-08-20 11:00:00,2025,8,20,11,Hà Nội,Xã Tây Phương,21.0403672,105.6115528,157,Unhealthy,3,31.5,74,0.3,10.3,155,1006.2,99,44.0,44.5,258.0,18.8,157.0,36.7
2025-08-20 12:00:00,2025,8,20,12,Hà Nội,Xã Tây Phương,21.0403672,105.6115528,157,Unhealthy,3,32.0,73,0.2,11.6,158,1005.0,100,44.1,44.5,248.0,13.4,192.0,33.5
2025-08-20 13:00:00,2025,8,20,13,Hà Nội,Xã Tây Phương,21.0403672,105.6115528,157,Unhealthy,3,32.5,71,0.2,14.5,159,1004.1,100,43.0,43.3,249.0,10.0,214.0,31.4
2025-08-20 14:00:00,2025,8,20,14,Hà Nội,Xã Tây Phương,21.0403672,105.6115528,157,Unhealthy,3,32.1,70,0.1,18.4,158,1002.9,100,41.0,41.1,253.0,8.5,220.0,30.6
2025-08-20 15:00:00,2025,8,20,15,Hà Nội,Xã Tây Phương,21.0403672,105.6115528,157,Unhealthy,3,31.8,70,0.0,18.3,152,1002.5,100,39.5,39.6,267.0,9.1,213.0,30.8
2025-08-20 16:00:00,2025,8,20,16,Hà Nội,Xã Tây Phương,21.0403672,105.6115528,156,Unhealthy,3,31.5,73,0.0,15.1,155,1002.4,100,38.2,38.3,294.0,12.6,197.0,32.0
2025-08-20 17:00:00,2025,8,20,17,Hà Nội,Xã Tây Phương,21.0403672,105.6115528,161,Unhealthy,3,30.5,76,0.0,15.1,149,1002.6,100,38.3,38.4,346.0,21.5,166.0,35.0
2025-08-20 18:00:00,2025,8,20,18,Hà Nội,Xã Tây Phương,21.0403672,105.6115528,174,Unhealthy,3,29.7,80,0.0,14.7,140,1002.8,100,42.5,42.6,409.0,33.4,126.0,39.0
2025-08-20 19:00:00,2025,8,20,19,Hà Nội,Xã Tây Phương,21.0403672,105.6115528,174,Unhealthy,3,29.0,82,0.0,13.3,145,1003.8,100,76.4,76.8,449.0,57.3,72.0,61.0
2025-08-20 20:00:00,2025,8,20,20,Hà Nội,Xã Tây Phương,21.0403672,105.6115528,161,Unhealthy,3,27.4,87,0.0,11.8,149,1005.9,100,88.2,89.6,446.0,58.2,60.0,60.2
2025-08-20 21:00:00,2025,8,20,21,Hà Nội,Xã Tây Phương,21.0403672,105.6115528,156,Unhealthy,3,27.1,89,0.0,10.7,149,1006.9,100,85.4,86.4,418.0,59.5,44.0,59.0
2025-08-20 22:00:00,2025,8,20,22,Hà Nội,Xã Tây Phương,21.0403672,105.6115528,156,Unhealthy,3,26.9,90,0.0,10.6,156,1007.2,100,76.6,77.3,386.0,60.9,30.0,57.4
2025-08-20 23:00:00,2025,8,20,23,Hà Nội,Xã Tây Phương,21.0403672,105.6115528,155,Unhealthy,3,26.9,90,0.0,11.5,163,1007.4,100,79.2,80.1,351.0,63.1,21.0,55.6
2025-08-21 00:00:00,2025,8,21,0,Hà Nội,Xã Tây Phương,21.0403672,105.6115528,155,Unhealthy,3,27.0,90,0.0,9.8,140,1007.4,100,82.9,84.1,311.0,65.4,15.0,53.4
2025-08-21 01:00:00,2025,8,21,1,Hà Nội,Xã Tây Phương,21.0403672,105.6115528,155,Unhealthy,3,26.8,93,0.0,9.0,119,1007.2,100,75.2,76.4,281.0,65.5,12.0,50.5
2025-08-21 02:00:00,2025,8,21,2,Hà Nội,Xã Tây Phương,21.0403672,105.6115528,154,Unhealthy,3,27.0,93,0.1,12.5,152,1006.2,100,65.4,67.8,260.0,61.5,15.0,46.2
2025-08-21 03:00:00,2025,8,21,3,Hà Nội,Xã Tây Phương,21.0403672,105.6115528,154,Unhealthy,3,26.4,97,0.1,11.7,89,1006.2,100,58.8,61.9,249.0,55.2,21.0,41.3
2025-08-21 04:00:00,2025,8,21,4,Hà Nội,Xã Tây Phương,21.0403672,105.6115528,153,Unhealthy,3,25.9,95,0.2,13.5,134,1006.0,100,51.3,54.4,269.0,50.0,26.0,37.6
2025-08-21 05:00:00,2025,8,21,5,Hà Nội,Xã Tây Phương,21.0403672,105.6115528,153,Unhealthy,3,26.5,95,0.1,12.9,144,1006.4,100,44.9,47.7,354.0,47.2,28.0,35.7
2025-08-21 06:00:00,2025,8,21,6,Hà Nội,Xã Tây Phương,21.0403672,105.6115528,152,Unhealthy,3,26.1,96,0.0,11.0,91,1007.2,100,40.9,43.7,469.0,45.5,30.0,34.9
2025-08-21 07:00:00,2025,8,21,7,Hà Nội,Xã Tây Phương,21.0403672,105.6115528,151,Unhealthy,3,26.5,94,0.0,13.9,155,1007.2,100,39.2,41.7,533.0,41.4,33.0,32.8
2025-08-21 08:00:00,2025,8,21,8,Hà Nội,Xã Tây Phương,21.0403672,105.6115528,151,Unhealthy,3,26.4,93,0.0,15.2,154,1007.8,100,35.9,37.0,494.0,40.3,37.0,33.6
2025-08-21 09:00:00,2025,8,21,9,Hà Nội,Xã Tây Phương,21.0403672,105.6115528,150,Unhealthy for Sensitive Groups,2,27.8,88,0.0,15.6,156,1008.1,100,32.6,33.6,405.0,38.5,44.0,34.6
2025-08-21 10:00:00,2025,8,21,10,Hà Nội,Xã Tây Phương,21.0403672,105.6115528,148,Unhealthy for Sensitive Groups,2,29.2,85,0.0,12.5,155,1008.4,100,37.4,38.6,336.0,35.3,61.0,35.3
2025-08-21 11:00:00,2025,8,21,11,Hà Nội,Xã Tây Phương,21.0403672,105.6115528,147,Unhealthy for Sensitive Groups,2,29.8,82,0.2,13.1,162,1008.1,100,46.2,47.5,320.0,29.0,101.0,35.4
2025-08-21 12:00:00,2025,8,21,12,Hà Nội,Xã Tây Phương,21.0403672,105.6115528,147,Unhealthy for Sensitive Groups,2,29.4,81,0.4,16.5,149,1007.6,100,54.2,55.6,325.0,21.2,151.0,35.1
2025-08-21 13:00:00,2025,8,21,13,Hà Nội,Xã Tây Phương,21.0403672,105.6115528,148,Unhealthy for Sensitive Groups,2,29.0,84,0.0,15.3,136,1006.6,100,49.4,50.5,329.0,16.0,183.0,34.2
2025-08-21 14:00:00,2025,8,21,14,Hà Nội,Xã Tây Phương,21.0403672,105.6115528,149,Unhealthy for Sensitive Groups,2,29.2,83,0.2,16.1,162,1005.6,100,46.7,47.6,317.0,15.0,181.0,31.7
2025-08-21 15:00:00,2025,8,21,15,Hà Nội,Xã Tây Phương,21.0403672,105.6115528,149,Unhealthy for Sensitive Groups,2,29.4,84,0.0,17.0,164,1004.7,100,46.8,47.5,304.0,16.7,160.0,28.7
2025-08-21 16:00:00,2025,8,21,16,Hà Nội,Xã Tây Phương,21.0403672,105.6115528,150,Unhealthy for Sensitive Groups,2,29.8,81,0.0,17.3,164,1003.9,100,49.2,49.8,308.0,20.6,137.0,27.5
2025-08-21 17:00:00,2025,8,21,17,Hà Nội,Xã Tây Phương,21.0403672,105.6115528,150,Unhealthy for Sensitive Groups,2,29.5,83,0.0,14.7,156,1003.7,100,49.7,50.3,347.0,28.2,114.0,30.1
2025-08-21 18:00:00,2025,8,21,18,Hà Nội,Xã Tây Phương,21.0403672,105.6115528,151,Unhealthy,3,28.8,86,0.0,13.0,155,1004.0,100,54.4,54.9,403.0,38.0,89.0,34.6
2025-08-21 19:00:00,2025,8,21,19,Hà Nội,Xã Tây Phương,21.0403672,105.6115528,151,Unhealthy,3,28.0,87,0.0,12.2,158,1004.8,100,48.9,49.6,442.0,36.8,89.0,39.9
2025-08-21 20:00:00,2025,8,21,20,Hà Nội,Xã Tây Phương,21.0403672,105.6115528,150,Unhealthy for Sensitive Groups,2,27.5,87,0.0,12.2,155,1006.2,100,52.6,53.7,451.0,40.9,71.0,41.9
2025-08-21 21:00:00,2025,8,21,21,Hà Nội,Xã Tây Phương,21.0403672,105.6115528,147,Unhealthy for Sensitive Groups,2,27.3,89,0.0,10.7,147,1007.2,100,53.9,55.6,443.0,46.5,45.0,44.6
2025-08-21 22:00:00,2025,8,21,22,Hà Nội,Xã Tây Phương,21.0403672,105.6115528,144,Unhealthy for Sensitive Groups,2,27.0,90,0.0,11.9,141,1007.9,100,52.9,54.6,423.0,49.7,27.0,45.8
2025-08-21 23:00:00,2025,8,21,23,Hà Nội,Xã Tây Phương,21.0403672,105.6115528,141,Unhealthy for Sensitive Groups,2,27.0,90,0.0,15.2,157,1007.8,99,47.1,49.5,385.0,48.3,23.0,44.1
2025-08-22 00:00:00,2025,8,22,0,Hà Nội,Xã Tây Phương,21.0403672,105.6115528,138,Unhealthy for Sensitive Groups,2,27.0,90,0.0,13.3,159,1007.6,100,41.2,43.9,334.0,44.5,26.0,40.8
2025-08-22 01:00:00,2025,8,22,1,Hà Nội,Xã Tây Phương,21.0403672,105.6115528,134,Unhealthy for Sensitive Groups,2,26.7,91,0.0,12.9,157,1006.8,100,40.5,43.4,296.0,41.8,28.0,38.4
2025-08-22 02:00:00,2025,8,22,2,Hà Nội,Xã Tây Phương,21.0403672,105.6115528,130,Unhealthy for Sensitive Groups,2,26.5,93,0.0,12.8,161,1006.6,100,41.4,44.5,276.0,41.7,27.0,37.5
2025-08-22 03:00:00,2025,8,22,3,Hà Nội,Xã Tây Phương,21.0403672,105.6115528,128,Unhealthy for Sensitive Groups,2,26.4,94,0.0,11.4,151,1006.1,100,41.2,44.0,268.0,42.7,26.0,37.5
2025-08-22 04:00:00,2025,8,22,4,Hà Nội,Xã Tây Phương,21.0403672,105.6115528,126,Unhealthy for Sensitive Groups,2,26.4,95,0.0,13.6,148,1005.6,100,41.3,43.9,276.0,43.0,26.0,38.2
2025-08-22 05:00:00,2025,8,22,5,Hà Nội,Xã Tây Phương,21.0403672,105.6115528,125,Unhealthy for Sensitive Groups,2,26.1,95,0.0,13.0,154,1005.8,100,43.5,46.1,318.0,42.6,27.0,40.6
2025-08-22 06:00:00,2025,8,22,6,Hà Nội,Xã Tây Phương,21.0403672,105.6115528,124,Unhealthy for Sensitive Groups,2,26.2,93,0.0,12.5,157,1006.4,100,49.9,52.0,377.0,41.6,29.0,43.8
2025-08-22 07:00:00,2025,8,22,7,Hà Nội,Xã Tây Phương,21.0403672,105.6115528,125,Unhealthy for Sensitive Groups,2,27.0,92,0.0,10.4,160,1007.3,100,44.1,46.4,403.0,42.8,31.0,44.3
2025-08-22 08:00:00,2025,8,22,8,Hà Nội,Xã Tây Phương,21.0403672,105.6115528,126,Unhealthy for Sensitive Groups,2,28.2,88,0.0,12.5,145,1007.5,100,42.5,44.1,362.0,38.4,47.0,42.4
2025-08-22 09:00:00,2025,8,22,9,Hà Nội,Xã Tây Phương,21.0403672,105.6115528,127,Unhealthy for Sensitive Groups,2,29.6,81,0.0,16.7,154,1007.8,100,41.2,42.3,288.0,32.1,71.0,39.7
2025-08-22 10:00:00,2025,8,22,10,Hà Nội,Xã Tây Phương,21.0403672,105.6115528,128,Unhealthy for Sensitive Groups,2,30.5,76,0.3,18.7,159,1008.0,100,38.9,39.7,236.0,26.1,95.0,37.3
2025-08-22 11:00:00,2025,8,22,11,Hà Nội,Xã Tây Phương,21.0403672,105.6115528,128,Unhealthy for Sensitive Groups,2,30.6,77,0.3,18.6,154,1007.8,100,36.0,36.8,232.0,20.5,122.0,35.4
2025-08-22 12:00:00,2025,8,22,12,Hà Nội,Xã Tây Phương,21.0403672,105.6115528,127,Unhealthy for Sensitive Groups,2,29.5,84,4.4,14.0,142,1007.5,100,36.8,37.6,249.0,15.3,149.0,33.7
2025-08-22 13:00:00,2025,8,22,13,Hà Nội,Xã Tây Phương,21.0403672,105.6115528,125,Unhealthy for Sensitive Groups,2,27.5,87,2.6,12.6,163,1007.0,100,37.5,38.2,263.0,12.4,162.0,32.3
2025-08-22 14:00:00,2025,8,22,14,Hà Nội,Xã Tây Phương,21.0403672,105.6115528,124,Unhealthy for Sensitive Groups,2,28.5,85,0.0,11.2,164,1006.2,100,35.9,36.4,260.0,12.4,152.0,30.5
2025-08-22 15:00:00,2025,8,22,15,Hà Nội,Xã Tây Phương,21.0403672,105.6115528,122,Unhealthy for Sensitive Groups,2,29.4,82,0.0,14.9,165,1005.2,100,32.7,33.2,254.0,14.7,129.0,29.0
2025-08-22 16:00:00,2025,8,22,16,Hà Nội,Xã Tây Phương,21.0403672,105.6115528,121,Unhealthy for Sensitive Groups,2,29.4,81,0.0,10.7,155,1004.3,100,35.0,35.5,263.0,19.5,106.0,30.0
2025-08-22 17:00:00,2025,8,22,17,Hà Nội,Xã Tây Phương,21.0403672,105.6115528,119,Unhealthy for Sensitive Groups,2,29.1,82,0.0,12.5,150,1003.8,100,37.5,38.2,303.0,28.3,88.0,35.7
2025-08-22 18:00:00,2025,8,22,18,Hà Nội,Xã Tây Phương,21.0403672,105.6115528,118,Unhealthy for Sensitive Groups,2,28.6,82,0.0,11.2,161,1004.1,100,46.0,47.0,357.0,39.5,71.0,43.9
2025-08-22 19:00:00,2025,8,22,19,Hà Nội,Xã Tây Phương,21.0403672,105.6115528,117,Unhealthy for Sensitive Groups,2,28.2,82,0.0,12.5,159,1004.9,100,52.4,54.0,392.0,46.6,50.0,41.7
2025-08-22 20:00:00,2025,8,22,20,Hà Nội,Xã Tây Phương,21.0403672,105.6115528,118,Unhealthy for Sensitive Groups,2,27.7,84,0.0,11.0,139,1006.0,100,51.0,53.6,389.0,50.6,37.0,45.4
2025-08-22 21:00:00,2025,8,22,21,Hà Nội,Xã Tây Phương,21.0403672,105.6115528,118,Unhealthy for Sensitive Groups,2,27.4,85,0.0,11.3,143,1006.8,100,53.6,56.9,367.0,56.0,19.0,50.4
2025-08-22 22:00:00,2025,8,22,22,Hà Nội,Xã Tây Phương,21.0403672,105.6115528,118,Unhealthy for Sensitive Groups,2,27.0,88,0.0,11.1,153,1008.1,100,61.5,64.7,343.0,59.0,6.0,53.3
2025-08-22 23:00:00,2025,8,22,23,Hà Nội,Xã Tây Phương,21.0403672,105.6115528,118,Unhealthy for Sensitive Groups,2,26.9,89,0.0,11.3,153,1008.2,100,61.9,65.0,320.0,57.3,1.0,52.3
2025-08-23 00:00:00,2025,8,23,0,Hà Nội,Xã Tây Phương,21.0403672,105.6115528,120,Unhealthy for Sensitive Groups,2,26.8,89,0.0,10.5,156,1007.9,100,58.8,61.5,296.0,53.1,0.0,49.2
2025-08-23 01:00:00,2025,8,23,1,Hà Nội,Xã Tây Phương,21.0403672,105.6115528,122,Unhealthy for Sensitive Groups,2,26.2,92,0.0,7.8,146,1007.4,100,58.0,60.5,279.0,49.3,0.0,46.5
2025-08-23 02:00:00,2025,8,23,2,Hà Nội,Xã Tây Phương,21.0403672,105.6115528,124,Unhealthy for Sensitive Groups,2,25.8,93,0.0,7.4,129,1006.9,100,57.5,60.1,274.0,47.2,0.0,44.9
2025-08-23 03:00:00,2025,8,23,3,Hà Nội,Xã Tây Phương,21.0403672,105.6115528,125,Unhealthy for Sensitive Groups,2,25.6,94,0.0,8.9,148,1006.3,100,55.1,57.4,276.0,45.5,0.0,43.6
2025-08-23 04:00:00,2025,8,23,4,Hà Nội,Xã Tây Phương,21.0403672,105.6115528,127,Unhealthy for Sensitive Groups,2,25.2,94,0.0,6.7,149,1006.2,100,47.6,49.7,284.0,43.1,0.0,42.8
2025-08-23 05:00:00,2025,8,23,5,Hà Nội,Xã Tây Phương,21.0403672,105.6115528,127,Unhealthy for Sensitive Groups,2,24.8,96,0.0,4.9,141,1006.7,100,45.5,47.5,304.0,39.6,1.0,43.3
2025-08-23 06:00:00,2025,8,23,6,Hà Nội,Xã Tây Phương,21.0403672,105.6115528,128,Unhealthy for Sensitive Groups,2,24.9,96,0.0,6.9,123,1006.9,93,46.2,48.1,330.0,35.3,4.0,44.2
2025-08-23 07:00:00,2025,8,23,7,Hà Nội,Xã Tây Phương,21.0403672,105.6115528,127,Unhealthy for Sensitive Groups,2,26.1,93,0.0,7.7,126,1007.8,89,53.7,56.5,342.0,33.6,11.0,49.9
2025-08-23 08:00:00,2025,8,23,8,Hà Nội,Xã Tây Phương,21.0403672,105.6115528,128,Unhealthy for Sensitive Groups,2,28.1,85,0.0,10.5,117,1008.2,69,44.7,48.0,327.0,29.6,21.0,46.4
2025-08-23 09:00:00,2025,8,23,9,Hà Nội,Xã Tây Phương,21.0403672,105.6115528,128,Unhealthy for Sensitive Groups,2,29.3,80,0.1,11.6,131,1008.6,94,34.9,38.8,298.0,24.0,37.0,41.5
2025-08-23 10:00:00,2025,8,23,10,Hà Nội,Xã Tây Phương,21.0403672,105.6115528,128,Unhealthy for Sensitive Groups,2,28.8,79,7.1,13.9,161,1009.5,92,29.7,34.2,276.0,19.0,54.0,36.7
2025-08-23 11:00:00,2025,8,23,11,Hà Nội,Xã Tây Phương,21.0403672,105.6115528,127,Unhealthy for Sensitive Groups,2,27.4,81,3.3,13.0,147,1009.6,100,29.2,33.8,269.0,15.4,74.0,32.2
2025-08-23 12:00:00,2025,8,23,12,Hà Nội,Xã Tây Phương,21.0403672,105.6115528,126,Unhealthy for Sensitive Groups,2,28.2,80,0.0,10.8,132,1008.3,100,28.3,30.0,269.0,12.4,95.0,27.9
2025-08-23 13:00:00,2025,8,23,13,Hà Nội,Xã Tây Phương,21.0403672,105.6115528,125,Unhealthy for Sensitive Groups,2,29.2,76,0.0,8.4,133,1007.0,100,32.6,34.0,268.0,10.3,117.0,25.2
2025-08-23 14:00:00,2025,8,23,14,Hà Nội,Xã Tây Phương,21.0403672,105.6115528,125,Unhealthy for Sensitive Groups,2,29.9,72,0.1,7.1,137,1006.0,100,36.8,38.1,222.0,7.7,142.0,24.5
2025-08-23 15:00:00,2025,8,23,15,Hà Nội,Xã Tây Phương,21.0403672,105.6115528,125,Unhealthy for Sensitive Groups,2,29.9,73,0.0,6.4,128,1004.7,100,40.4,41.6,176.0,6.0,167.0,25.3
2025-08-23 16:00:00,2025,8,23,16,Hà Nội,Xã Tây Phương,21.0403672,105.6115528,126,Unhealthy for Sensitive Groups,2,29.9,73,0.0,2.4,81,1003.7,100,43.1,44.1,258.0,8.8,177.0,27.8
2025-08-23 17:00:00,2025,8,23,17,Hà Nội,Xã Tây Phương,21.0403672,105.6115528,126,Unhealthy for Sensitive Groups,2,29.7,74,0.0,3.4,93,1003.8,100,44.9,46.0,625.0,19.9,161.0,32.4
2025-08-23 18:00:00,2025,8,23,18,Hà Nội,Xã Tây Phương,21.0403672,105.6115528,127,Unhealthy for Sensitive Groups,2,29.0,85,0.0,1.8,37,1003.9,100,55.3,56.3,1121.0,35.5,131.0,38.6
2025-08-23 19:00:00,2025,8,23,19,Hà Nội,Xã Tây Phương,21.0403672,105.6115528,128,Unhealthy for Sensitive Groups,2,27.9,86,0.0,3.5,66,1005.0,100,76.8,77.5,1407.0,58.5,58.0,56.9
2025-08-23 20:00:00,2025,8,23,20,Hà Nội,Xã Tây Phương,21.0403672,105.6115528,131,Unhealthy for Sensitive Groups,2,26.7,90,0.0,3.6,162,1006.0,87,87.5,88.7,1273.0,63.0,52.0,66.7
2025-08-23 21:00:00,2025,8,23,21,Hà Nội,Xã Tây Phương,21.0403672,105.6115528,135,Unhealthy for Sensitive Groups,2,26.6,91,0.0,2.1,165,1007.2,92,87.8,89.2,930.0,69.2,42.0,80.0
2025-08-23 22:00:00,2025,8,23,22,Hà Nội,Xã Tây Phương,21.0403672,105.6115528,138,Unhealthy for Sensitive Groups,2,26.4,92,0.0,2.6,219,1007.5,72,92.0,93.8,672.0,73.1,34.0,88.4
2025-08-23 23:00:00,2025,8,23,23,Hà Nội,Xã Tây Phương,21.0403672,105.6115528,141,Unhealthy for Sensitive Groups,2,26.0,94,0.0,3.8,267,1007.6,64,94.1,96.2,640.0,72.8,27.0,87.1
2025-08-24 00:00:00,2025,8,24,0,Hà Nội,Xã Tây Phương,21.0403672,105.6115528,145,Unhealthy for Sensitive Groups,2,25.8,95,0.0,6.6,305,1007.3,8,92.4,94.3,693.0,70.3,21.0,80.8
2025-08-24 01:00:00,2025,8,24,1,Hà Nội,Xã Tây Phương,21.0403672,105.6115528,148,Unhealthy for Sensitive Groups,2,25.7,96,0.0,8.6,330,1006.6,15,92.9,94.5,699.0,67.5,17.0,75.4
2025-08-24 02:00:00,2025,8,24,2,Hà Nội,Xã Tây Phương,21.0403672,105.6115528,150,Unhealthy for Sensitive Groups,2,25.6,97,0.0,9.2,315,1006.4,7,94.1,95.5,579.0,65.7,13.0,73.5
2025-08-24 03:00:00,2025,8,24,3,Hà Nội,Xã Tây Phương,21.0403672,105.6115528,151,Unhealthy,3,25.5,96,0.0,9.0,313,1006.3,52,95.0,96.2,411.0,63.8,10.0,72.3
2025-08-24 04:00:00,2025,8,24,4,Hà Nội,Xã Tây Phương,21.0403672,105.6115528,152,Unhealthy,3,25.3,94,0.0,10.9,308,1005.7,83,92.9,93.8,299.0,59.9,13.0,70.0
2025-08-24 05:00:00,2025,8,24,5,Hà Nội,Xã Tây Phương,21.0403672,105.6115528,153,Unhealthy,3,25.1,94,0.0,10.3,310,1005.9,46,94.1,95.2,304.0,53.0,22.0,65.5
2025-08-24 06:00:00,2025,8,24,6,Hà Nội,Xã Tây Phương,21.0403672,105.6115528,154,Unhealthy,3,25.1,94,0.0,12.0,302,1006.1,0,90.6,91.3,365.0,44.2,35.0,59.8
2025-08-24 07:00:00,2025,8,24,7,Hà Nội,Xã Tây Phương,21.0403672,105.6115528,155,Unhealthy,3,26.5,90,0.0,12.6,301,1006.9,0,93.6,93.8,404.0,39.3,54.0,58.8
2025-08-24 08:00:00,2025,8,24,8,Hà Nội,Xã Tây Phương,21.0403672,105.6115528,156,Unhealthy,3,28.5,83,0.0,13.0,315,1007.5,45,68.2,68.7,387.0,30.4,86.0,51.4
2025-08-24 09:00:00,2025,8,24,9,Hà Nội,Xã Tây Phương,21.0403672,105.6115528,156,Unhealthy,3,30.0,77,0.0,15.3,314,1008.2,5,45.9,46.3,349.0,18.0,131.0,40.9
2025-08-24 10:00:00,2025,8,24,10,Hà Nội,Xã Tây Phương,21.0403672,105.6115528,157,Unhealthy,3,31.1,71,0.1,17.3,322,1007.3,21,38.5,39.0,315.0,8.7,165.0,32.1
2025-08-24 11:00:00,2025,8,24,11,Hà Nội,Xã Tây Phương,21.0403672,105.6115528,157,Unhealthy,3,31.6,70,0.2,14.4,332,1006.9,30,34.8,35.3,288.0,4.8,181.0,26.2
2025-08-24 12:00:00,2025,8,24,12,Hà Nội,Xã Tây Phương,21.0403672,105.6115528,157,Unhealthy,3,31.8,72,0.3,11.5,358,1006.4,38,33.2,33.5,265.0,3.9,186.0,21.8
2025-08-24 13:00:00,2025,8,24,13,Hà Nội,Xã Tây Phương,21.0403672,105.6115528,157,Unhealthy,3,31.7,70,2.7,14.6,18,1005.2,86,31.7,32.0,269.0,4.9,181.0,19.5
2025-08-24 14:00:00,2025,8,24,14,Hà Nội,Xã Tây Phương,21.0403672,105.6115528,157,Unhealthy,3,28.5,81,7.0,10.1,73,1005.1,100,29.5,29.7,318.0,7.8,160.0,19.7
2025-08-24 15:00:00,2025,8,24,15,Hà Nội,Xã Tây Phương,21.0403672,105.6115528,157,Unhealthy,3,28.0,83,0.2,4.0,95,1004.1,100,28.1,28.2,394.0,12.7,129.0,21.8
2025-08-24 16:00:00,2025,8,24,16,Hà Nội,Xã Tây Phương,21.0403672,105.6115528,157,Unhealthy,3,28.6,82,0.0,6.0,65,1004.3,100,29.9,30.0,463.0,18.8,101.0,25.1
2025-08-24 17:00:00,2025,8,24,17,Hà Nội,Xã Tây Phương,21.0403672,105.6115528,156,Unhealthy,3,28.4,81,0.4,10.7,33,1003.9,100,34.3,34.5,522.0,27.6,82.0,30.2
2025-08-24 18:00:00,2025,8,24,18,Hà Nội,Xã Tây Phương,21.0403672,105.6115528,156,Unhealthy,3,27.4,85,0.1,12.4,26,1003.8,100,39.8,39.9,575.0,37.6,68.0,36.3
2025-08-24 19:00:00,2025,8,24,19,Hà Nội,Xã Tây Phương,21.0403672,105.6115528,156,Unhealthy,3,26.5,88,0.0,9.1,7,1004.7,100,70.3,70.8,596.0,43.8,70.0,45.0
2025-08-24 20:00:00,2025,8,24,20,Hà Nội,Xã Tây Phương,21.0403672,105.6115528,156,Unhealthy,3,25.7,91,0.0,7.1,313,1005.3,99,78.0,78.5,566.0,43.8,61.0,45.3
2025-08-24 21:00:00,2025,8,24,21,Hà Nội,Xã Tây Phương,21.0403672,105.6115528,155,Unhealthy,3,25.6,93,0.0,14.1,328,1006.5,100,75.7,76.1,504.0,43.6,48.0,45.5
2025-08-24 22:00:00,2025,8,24,22,Hà Nội,Xã Tây Phương,21.0403672,105.6115528,155,Unhealthy,3,25.5,91,0.0,14.2,308,1006.3,100,67.3,67.5,446.0,42.0,39.0,43.7
2025-08-24 23:00:00,2025,8,24,23,Hà Nội,Xã Tây Phương,21.0403672,105.6115528,155,Unhealthy,3,25.5,89,0.0,15.8,314,1006.5,100,59.3,59.5,401.0,37.6,37.0,38.3
2025-08-25 00:00:00,2025,8,25,0,Hà Nội,Xã Tây Phương,21.0403672,105.6115528,154,Unhealthy,3,25.4,90,0.0,15.2,321,1006.0,100,50.5,50.8,360.0,31.8,39.0,31.1
2025-08-25 01:00:00,2025,8,25,1,Hà Nội,Xã Tây Phương,21.0403672,105.6115528,153,Unhealthy,3,25.0,93,0.0,15.1,311,1005.4,99,42.5,42.7,323.0,27.0,41.0,25.1
2025-08-25 02:00:00,2025,8,25,2,Hà Nội,Xã Tây Phương,21.0403672,105.6115528,152,Unhealthy,3,24.6,93,1.0,11.3,313,1004.8,100,36.9,37.1,291.0,24.4,40.0,21.5
2025-08-25 03:00:00,2025,8,25,3,Hà Nội,Xã Tây Phương,21.0403672,105.6115528,151,Unhealthy,3,23.8,95,2.0,16.3,295,1004.2,69,34.6,34.7,263.0,22.9,39.0,19.3
2025-08-25 04:00:00,2025,8,25,4,Hà Nội,Xã Tây Phương,21.0403672,105.6115528,147,Unhealthy for Sensitive Groups,2,24.0,94,0.0,16.3,311,1004.2,100,32.5,32.6,244.0,21.8,38.0,18.2
2025-08-25 05:00:00,2025,8,25,5,Hà Nội,Xã Tây Phương,21.0403672,105.6115528,140,Unhealthy for Sensitive Groups,2,24.2,95,0.0,18.1,317,1003.8,100,31.1,31.2,233.0,21.5,38.0,18.8
2025-08-25 06:00:00,2025,8,25,6,Hà Nội,Xã Tây Phương,21.0403672,105.6115528,134,Unhealthy for Sensitive Groups,2,23.6,96,6.5,14.7,332,1004.4,100,28.5,28.7,230.0,21.6,38.0,20.7
2025-08-25 07:00:00,2025,8,25,7,Hà Nội,Xã Tây Phương,21.0403672,105.6115528,127,Unhealthy for Sensitive Groups,2,24.1,95,1.2,16.7,316,1004.8,100,27.9,28.1,240.0,20.1,46.0,22.9
2025-08-25 08:00:00,2025,8,25,8,Hà Nội,Xã Tây Phương,21.0403672,105.6115528,121,Unhealthy for Sensitive Groups,2,25.0,91,0.1,17.4,313,1005.4,100,24.1,24.3,274.0,18.2,56.0,23.0
2025-08-25 09:00:00,2025,8,25,9,Hà Nội,Xã Tây Phương,21.0403672,105.6115528,116,Unhealthy for Sensitive Groups,2,26.4,85,0.3,13.6,345,1006.0,100,22.6,22.8,320.0,15.6,69.0,23.1
2025-08-25 10:00:00,2025,8,25,10,Hà Nội,Xã Tây Phương,21.0403672,105.6115528,114,Unhealthy for Sensitive Groups,2,26.0,89,1.7,17.1,359,1006.2,100,20.3,20.4,347.0,13.4,79.0,22.7
2025-08-25 11:00:00,2025,8,25,11,Hà Nội,Xã Tây Phương,21.0403672,105.6115528,112,Unhealthy for Sensitive Groups,2,26.2,88,1.2,20.2,360,1005.5,100,19.3,19.5,336.0,12.1,81.0,21.2
2025-08-25 12:00:00,2025,8,25,12,Hà Nội,Xã Tây Phương,21.0403672,105.6115528,110,Unhealthy for Sensitive Groups,2,26.1,89,1.2,19.8,8,1004.7,100,19.0,19.1,305.0,11.2,80.0,19.1
2025-08-25 13:00:00,2025,8,25,13,Hà Nội,Xã Tây Phương,21.0403672,105.6115528,109,Unhealthy for Sensitive Groups,2,26.2,89,3.4,19.9,18,1004.1,100,17.1,17.2,282.0,11.0,78.0,17.8
2025-08-25 14:00:00,2025,8,25,14,Hà Nội,Xã Tây Phương,21.0403672,105.6115528,107,Unhealthy for Sensitive Groups,2,26.4,90,2.6,21.9,33,1003.6,100,18.9,19.0,277.0,11.8,77.0,18.0
2025-08-25 15:00:00,2025,8,25,15,Hà Nội,Xã Tây Phương,21.0403672,105.6115528,106,Unhealthy for Sensitive Groups,2,25.7,91,1.6,18.9,41,1002.8,100,18.7,18.8,279.0,13.3,75.0,18.9
2025-08-25 16:00:00,2025,8,25,16,Hà Nội,Xã Tây Phương,21.0403672,105.6115528,105,Unhealthy for Sensitive Groups,2,26.0,92,1.1,20.9,42,1002.3,100,16.9,17.0,285.0,14.7,72.0,19.6
2025-08-25 17:00:00,2025,8,25,17,Hà Nội,Xã Tây Phương,21.0403672,105.6115528,104,Unhealthy for Sensitive Groups,2,25.6,92,1.5,19.9,33,1002.1,100,14.8,15.0,298.0,16.0,65.0,19.8
2025-08-25 18:00:00,2025,8,25,18,Hà Nội,Xã Tây Phương,21.0403672,105.6115528,102,Unhealthy for Sensitive Groups,2,25.2,92,1.7,20.5,44,1002.7,100,13.7,13.9,315.0,17.3,57.0,19.8
2025-08-25 19:00:00,2025,8,25,19,Hà Nội,Xã Tây Phương,21.0403672,105.6115528,99,Moderate,1,24.4,94,2.1,18.8,44,1003.6,100,17.0,17.6,319.0,20.2,49.0,22.1
2025-08-25 20:00:00,2025,8,25,20,Hà Nội,Xã Tây Phương,21.0403672,105.6115528,94,Moderate,1,24.6,93,2.3,17.4,24,1004.8,100,15.3,15.8,300.0,19.1,48.0,21.0
2025-08-25 21:00:00,2025,8,25,21,Hà Nội,Xã Tây Phương,21.0403672,105.6115528,89,Moderate,1,24.3,94,2.2,18.2,30,1005.2,100,14.7,15.1,268.0,17.5,46.0,19.5
2025-08-25 22:00:00,2025,8,25,22,Hà Nội,Xã Tây Phương,21.0403672,105.6115528,83,Moderate,1,24.5,95,2.7,16.5,50,1005.5,100,14.5,14.8,238.0,16.1,45.0,18.1
2025-08-25 23:00:00,2025,8,25,23,Hà Nội,Xã Tây Phương,21.0403672,105.6115528,79,Moderate,1,24.4,95,2.6,17.4,51,1005.8,100,13.6,13.7,214.0,15.2,44.0,16.9
2025-08-26 00:00:00,2025,8,26,0,Hà Nội,Xã Tây Phương,21.0403672,105.6115528,75,Moderate,1,24.4,94,5.6,17.6,44,1005.7,100,10.9,11.1,193.0,14.6,43.0,15.7
2025-08-26 01:00:00,2025,8,26,1,Hà Nội,Xã Tây Phương,21.0403672,105.6115528,71,Moderate,1,23.9,94,5.5,20.9,57,1005.2,100,9.4,9.6,177.0,14.2,42.0,14.7
2025-08-26 02:00:00,2025,8,26,2,Hà Nội,Xã Tây Phương,21.0403672,105.6115528,68,Moderate,1,23.8,96,7.8,17.9,50,1004.7,100,8.6,9.0,164.0,13.9,41.0,13.7
2025-08-26 03:00:00,2025,8,26,3,Hà Nội,Xã Tây Phương,21.0403672,105.6115528,66,Moderate,1,23.6,96,3.8,19.2,56,1004.6,100,8.5,8.8,157.0,13.8,41.0,12.7
2025-08-26 04:00:00,2025,8,26,4,Hà Nội,Xã Tây Phương,21.0403672,105.6115528,63,Moderate,1,23.5,96,3.7,19.9,67,1004.6,100,8.3,8.4,166.0,14.0,40.0,12.2
2025-08-26 05:00:00,2025,8,26,5,Hà Nội,Xã Tây Phương,21.0403672,105.6115528,61,Moderate,1,23.5,97,4.7,19.1,67,1004.8,100,8.2,8.4,202.0,14.6,40.0,12.2
2025-08-26 06:00:00,2025,8,26,6,Hà Nội,Xã Tây Phương,21.0403672,105.6115528,59,Moderate,1,23.5,97,8.4,12.0,82,1005.3,100,8.6,8.8,254.0,15.4,39.0,12.7
2025-08-26 07:00:00,2025,8,26,7,Hà Nội,Xã Tây Phương,21.0403672,105.6115528,57,Moderate,1,23.5,97,7.6,14.9,73,1006.2,100,10.7,10.8,302.0,17.7,37.0,14.2
2025-08-26 08:00:00,2025,8,26,8,Hà Nội,Xã Tây Phương,21.0403672,105.6115528,56,Moderate,1,24.6,96,2.4,21.0,78,1006.4,100,11.7,11.8,341.0,19.3,34.0,15.6
2025-08-26 09:00:00,2025,8,26,9,Hà Nội,Xã Tây Phương,21.0403672,105.6115528,55,Moderate,1,24.5,97,4.3,18.2,87,1006.9,100,12.2,12.3,376.0,21.3,31.0,17.6
2025-08-26 10:00:00,2025,8,26,10,Hà Nội,Xã Tây Phương,21.0403672,105.6115528,54,Moderate,1,24.5,98,5.6,19.1,87,1007.4,100,14.1,14.5,395.0,22.2,33.0,19.2
2025-08-26 11:00:00,2025,8,26,11,Hà Nội,Xã Tây Phương,21.0403672,105.6115528,53,Moderate,1,24.8,97,4.5,18.4,91,1007.2,100,15.6,16.4,390.0,20.5,45.0,20.2
2025-08-26 12:00:00,2025,8,26,12,Hà Nội,Xã Tây Phương,21.0403672,105.6115528,53,Moderate,1,25.0,97,4.9,16.8,100,1006.6,100,19.3,20.4,370.0,17.6,62.0,20.9
2025-08-26 13:00:00,2025,8,26,13,Hà Nội,Xã Tây Phương,21.0403672,105.6115528,53,Moderate,1,25.1,95,2.9,17.3,104,1006.1,100,20.4,21.0,349.0,16.0,74.0,21.0
2025-08-26 14:00:00,2025,8,26,14,Hà Nội,Xã Tây Phương,21.0403672,105.6115528,53,Moderate,1,25.7,95,3.0,17.7,119,1005.6,100,19.0,19.7,324.0,16.6,76.0,20.0
2025-08-26 15:00:00,2025,8,26,15,Hà Nội,Xã Tây Phương,21.0403672,105.6115528,53,Moderate,1,26.2,94,1.6,14.4,91,1004.8,100,18.3,19.6,299.0,18.6,73.0,18.4
2025-08-26 16:00:00,2025,8,26,16,Hà Nội,Xã Tây Phương,21.0403672,105.6115528,53,Moderate,1,26.4,90,1.2,15.9,112,1004.4,100,20.1,21.4,293.0,21.3,68.0,17.9
2025-08-26 17:00:00,2025,8,26,17,Hà Nội,Xã Tây Phương,21.0403672,105.6115528,54,Moderate,1,25.5,94,0.3,12.1,105,1005.1,100,23.1,24.6,327.0,25.4,60.0,19.4
2025-08-26 18:00:00,2025,8,26,18,Hà Nội,Xã Tây Phương,21.0403672,105.6115528,54,Moderate,1,25.0,94,0.4,12.0,111,1005.6,100,23.7,25.3,382.0,30.2,50.0,21.9
2025-08-26 19:00:00,2025,8,26,19,Hà Nội,Xã Tây Phương,21.0403672,105.6115528,55,Moderate,1,24.6,96,0.8,8.8,133,1006.3,100,27.5,29.1,417.0,35.3,43.0,23.2
2025-08-26 20:00:00,2025,8,26,20,Hà Nội,Xã Tây Phương,21.0403672,105.6115528,56,Moderate,1,24.0,97,3.5,7.4,116,1007.6,100,26.8,28.3,418.0,35.0,39.0,22.9
2025-08-26 21:00:00,2025,8,26,21,Hà Nội,Xã Tây Phương,21.0403672,105.6115528,57,Moderate,1,24.2,96,4.2,8.7,107,1008.1,100,25.2,26.4,399.0,34.4,33.0,22.5
2025-08-26 22:00:00,2025,8,26,22,Hà Nội,Xã Tây Phương,21.0403672,105.6115528,58,Moderate,1,24.1,96,4.0,2.2,81,1008.0,100,24.2,25.3,366.0,33.5,29.0,21.7
2025-08-26 23:00:00,2025,8,26,23,Hà Nội,Xã Tây Phương,21.0403672,105.6115528,59,Moderate,1,23.8,97,3.9,3.1,159,1008.2,100,24.7,25.8,307.0,31.8,28.0,20.0
2025-08-27 00:00:00,2025,8,27,0,Hà Nội,Xã Tây Phương,21.0403672,105.6115528,60,Moderate,1,23.8,96,3.8,2.6,245,1007.8,100,25.7,26.8,233.0,29.8,29.0,18.0
2025-08-27 01:00:00,2025,8,27,1,Hà Nội,Xã Tây Phương,21.0403672,105.6115528,61,Moderate,1,23.4,97,5.1,4.1,268,1007.4,100,22.8,23.7,185.0,28.4,29.0,17.1
2025-08-27 02:00:00,2025,8,27,2,Hà Nội,Xã Tây Phương,21.0403672,105.6115528,62,Moderate,1,23.4,96,11.2,3.6,261,1007.2,100,21.7,22.4,181.0,28.3,27.0,18.1
2025-08-27 03:00:00,2025,8,27,3,Hà Nội,Xã Tây Phương,21.0403672,105.6115528,64,Moderate,1,23.5,96,0.6,0.8,45,1006.8,100,18.5,19.0,204.0,28.9,25.0,20.2
2025-08-27 04:00:00,2025,8,27,4,Hà Nội,Xã Tây Phương,21.0403672,105.6115528,64,Moderate,1,23.3,98,1.2,6.3,15,1006.8,100,17.2,17.6,240.0,29.3,24.0,22.1
2025-08-27 05:00:00,2025,8,27,5,Hà Nội,Xã Tây Phương,21.0403672,105.6115528,65,Moderate,1,23.3,99,3.6,6.4,352,1006.8,100,15.4,15.8,294.0,29.2,24.0,23.5
2025-08-27 06:00:00,2025,8,27,6,Hà Nội,Xã Tây Phương,21.0403672,105.6115528,66,Moderate,1,23.2,99,2.4,5.2,348,1007.2,100,14.3,14.6,361.0,28.9,25.0,24.7
2025-08-27 07:00:00,2025,8,27,7,Hà Nội,Xã Tây Phương,21.0403672,105.6115528,66,Moderate,1,23.5,97,0.7,4.8,11,1007.9,100,26.3,27.3,420.0,32.8,29.0,27.9
2025-08-27 08:00:00,2025,8,27,8,Hà Nội,Xã Tây Phương,21.0403672,105.6115528,68,Moderate,1,24.1,98,2.8,7.0,29,1008.3,100,23.8,24.7,468.0,31.1,35.0,29.7
2025-08-27 09:00:00,2025,8,27,9,Hà Nội,Xã Tây Phương,21.0403672,105.6115528,69,Moderate,1,24.2,98,1.5,9.4,29,1008.8,100,26.1,26.8,508.0,28.8,43.0,32.1
2025-08-27 10:00:00,2025,8,27,10,Hà Nội,Xã Tây Phương,21.0403672,105.6115528,70,Moderate,1,24.4,97,2.4,7.1,45,1009.0,100,26.7,27.3,524.0,26.4,54.0,33.7
2025-08-27 11:00:00,2025,8,27,11,Hà Nội,Xã Tây Phương,21.0403672,105.6115528,71,Moderate,1,24.9,96,2.4,5.7,41,1008.7,100,24.2,24.6,496.0,24.2,67.0,33.6
2025-08-27 12:00:00,2025,8,27,12,Hà Nội,Xã Tây Phương,21.0403672,105.6115528,72,Moderate,1,25.1,95,2.3,4.2,31,1007.8,100,26.7,27.0,443.0,21.9,83.0,32.7
2025-08-27 13:00:00,2025,8,27,13,Hà Nội,Xã Tây Phương,21.0403672,105.6115528,73,Moderate,1,25.7,92,1.9,3.6,20,1007.0,100,30.5,30.7,410.0,20.2,97.0,32.0
2025-08-27 14:00:00,2025,8,27,14,Hà Nội,Xã Tây Phương,21.0403672,105.6115528,73,Moderate,1,27.0,85,0.9,2.1,59,1005.8,100,29.7,30.0,396.0,18.0,112.0,31.6
2025-08-27 15:00:00,2025,8,27,15,Hà Nội,Xã Tây Phương,21.0403672,105.6115528,74,Moderate,1,27.8,81,0.2,2.8,105,1005.0,100,34.3,34.7,401.0,16.2,126.0,31.3
2025-08-27 16:00:00,2025,8,27,16,Hà Nội,Xã Tây Phương,21.0403672,105.6115528,76,Moderate,1,27.9,81,0.1,5.2,119,1004.6,100,34.2,34.5,470.0,18.3,129.0,32.1
2025-08-27 17:00:00,2025,8,27,17,Hà Nội,Xã Tây Phương,21.0403672,105.6115528,77,Moderate,1,28.0,80,0.0,6.4,112,1004.5,100,33.4,33.6,667.0,27.7,114.0,34.4
2025-08-27 18:00:00,2025,8,27,18,Hà Nội,Xã Tây Phương,21.0403672,105.6115528,78,Moderate,1,26.7,87,0.1,3.8,109,1005.1,100,46.1,46.3,929.0,40.9,88.0,37.7
2025-08-27 19:00:00,2025,8,27,19,Hà Nội,Xã Tây Phương,21.0403672,105.6115528,80,Moderate,1,26.0,90,0.0,1.7,167,1006.1,100,64.0,65.0,1110.0,45.6,87.0,37.7
2025-08-27 20:00:00,2025,8,27,20,Hà Nội,Xã Tây Phương,21.0403672,105.6115528,83,Moderate,1,24.6,96,0.0,3.4,205,1006.8,99,71.0,72.4,1142.0,50.8,73.0,41.7
2025-08-27 21:00:00,2025,8,27,21,Hà Nội,Xã Tây Phương,21.0403672,105.6115528,87,Moderate,1,24.4,96,0.0,3.0,218,1007.6,95,76.8,78.5,1093.0,58.0,53.0,47.4
2025-08-27 22:00:00,2025,8,27,22,Hà Nội,Xã Tây Phương,21.0403672,105.6115528,92,Moderate,1,24.2,96,0.0,1.9,202,1008.1,71,87.8,90.1,1024.0,63.5,37.0,53.3
2025-08-27 23:00:00,2025,8,27,23,Hà Nội,Xã Tây Phương,21.0403672,105.6115528,97,Moderate,1,24.0,97,0.0,2.2,235,1008.3,46,93.6,96.2,949.0,65.5,31.0,59.3
2025-08-28 00:00:00,2025,8,28,0,Hà Nội,Xã Tây Phương,21.0403672,105.6115528,104,Unhealthy for Sensitive Groups,2,23.9,97,0.0,2.9,266,1007.9,40,94.5,97.1,853.0,65.9,29.0,65.5
2025-08-28 01:00:00,2025,8,28,1,Hà Nội,Xã Tây Phương,21.0403672,105.6115528,111,Unhealthy for Sensitive Groups,2,23.7,98,0.0,2.8,288,1007.4,60,90.1,92.9,757.0,66.8,27.0,70.5
2025-08-28 02:00:00,2025,8,28,2,Hà Nội,Xã Tây Phương,21.0403672,105.6115528,118,Unhealthy for Sensitive Groups,2,23.8,98,0.0,4.4,330,1006.7,17,95.5,98.7,649.0,70.2,21.0,73.8
2025-08-28 03:00:00,2025,8,28,3,Hà Nội,Xã Tây Phương,21.0403672,105.6115528,126,Unhealthy for Sensitive Groups,2,23.6,99,0.0,3.3,319,1006.7,36,96.2,99.7,540.0,74.2,15.0,76.0
2025-08-28 04:00:00,2025,8,28,4,Hà Nội,Xã Tây Phương,21.0403672,105.6115528,134,Unhealthy for Sensitive Groups,2,23.6,99,0.0,3.7,309,1006.4,59,93.1,96.9,483.0,75.0,13.0,77.5
2025-08-28 05:00:00,2025,8,28,5,Hà Nội,Xã Tây Phương,21.0403672,105.6115528,142,Unhealthy for Sensitive Groups,2,23.9,99,0.0,5.0,300,1006.5,76,90.3,94.3,525.0,70.7,16.0,79.3
2025-08-28 06:00:00,2025,8,28,6,Hà Nội,Xã Tây Phương,21.0403672,105.6115528,150,Unhealthy for Sensitive Groups,2,23.9,99,0.0,4.3,275,1007.1,100,92.7,97.1,619.0,63.3,22.0,80.5
2025-08-28 07:00:00,2025,8,28,7,Hà Nội,Xã Tây Phương,21.0403672,105.6115528,152,Unhealthy,3,24.7,96,0.0,5.5,316,1007.6,51,81.3,85.2,675.0,59.7,31.0,86.2
2025-08-28 08:00:00,2025,8,28,8,Hà Nội,Xã Tây Phương,21.0403672,105.6115528,153,Unhealthy,3,26.1,91,0.0,1.9,56,1008.0,40,53.0,55.1,646.0,50.1,44.0,76.2
2025-08-28 09:00:00,2025,8,28,9,Hà Nội,Xã Tây Phương,21.0403672,105.6115528,154,Unhealthy,3,27.5,88,0.2,0.9,90,1008.3,25,48.3,49.6,579.0,36.6,64.0,62.2
2025-08-28 10:00:00,2025,8,28,10,Hà Nội,Xã Tây Phương,21.0403672,105.6115528,154,Unhealthy,3,28.5,81,0.2,2.0,100,1008.4,52,40.6,41.2,528.0,25.2,88.0,50.0
2025-08-28 11:00:00,2025,8,28,11,Hà Nội,Xã Tây Phương,21.0403672,105.6115528,154,Unhealthy,3,29.2,79,0.4,3.2,106,1008.0,100,32.6,33.1,517.0,17.9,118.0,41.5
2025-08-28 12:00:00,2025,8,28,12,Hà Nội,Xã Tây Phương,21.0403672,105.6115528,154,Unhealthy,3,29.7,77,0.3,3.5,99,1006.7,100,34.1,34.6,522.0,12.5,152.0,34.9
2025-08-28 13:00:00,2025,8,28,13,Hà Nội,Xã Tây Phương,21.0403672,105.6115528,155,Unhealthy,3,29.9,76,0.2,3.1,126,1006.0,91,40.6,41.1,527.0,9.1,181.0,30.6
2025-08-28 14:00:00,2025,8,28,14,Hà Nội,Xã Tây Phương,21.0403672,105.6115528,155,Unhealthy,3,30.1,75,0.1,4.0,58,1004.4,81,46.2,46.7,513.0,6.7,206.0,28.8
2025-08-28 15:00:00,2025,8,28,15,Hà Nội,Xã Tây Phương,21.0403672,105.6115528,155,Unhealthy,3,30.0,75,0.1,4.2,108,1004.0,91,48.2,48.7,498.0,6.1,226.0,29.3
2025-08-28 16:00:00,2025,8,28,16,Hà Nội,Xã Tây Phương,21.0403672,105.6115528,156,Unhealthy,3,28.1,82,2.1,11.3,158,1003.9,96,50.5,51.0,526.0,9.7,232.0,32.1
2025-08-28 17:00:00,2025,8,28,17,Hà Nội,Xã Tây Phương,21.0403672,105.6115528,156,Unhealthy,3,27.2,86,0.0,6.2,190,1003.6,99,52.7,53.2,631.0,21.3,215.0,39.0
2025-08-28 18:00:00,2025,8,28,18,Hà Nội,Xã Tây Phương,21.0403672,105.6115528,164,Unhealthy,3,26.6,89,0.0,3.6,174,1004.5,98,72.6,72.9,779.0,37.1,184.0,48.1
2025-08-28 19:00:00,2025,8,28,19,Hà Nội,Xã Tây Phương,21.0403672,105.6115528,179,Unhealthy,3,25.6,95,0.0,2.9,137,1006.0,12,60.1,60.3,905.0,34.6,106.0,32.7
2025-08-28 20:00:00,2025,8,28,20,Hà Nội,Xã Tây Phương,21.0403672,105.6115528,177,Unhealthy,3,27.2,82,0.0,6.2,168,1006.5,11,65.0,65.2,1005.0,38.7,93.0,36.8
2025-08-28 21:00:00,2025,8,28,21,Hà Nội,Xã Tây Phương,21.0403672,105.6115528,168,Unhealthy,3,26.9,85,0.0,1.9,107,1007.2,23,70.8,71.0,1083.0,44.2,74.0,42.4
2025-08-28 22:00:00,2025,8,28,22,Hà Nội,Xã Tây Phương,21.0403672,105.6115528,157,Unhealthy,3,26.5,88,0.0,2.4,77,1007.6,10,77.1,77.3,1091.0,48.1,59.0,46.7
2025-08-28 23:00:00,2025,8,28,23,Hà Nội,Xã Tây Phương,21.0403672,105.6115528,156,Unhealthy,3,25.9,93,0.0,3.6,45,1007.8,30,80.3,80.6,973.0,48.6,52.0,48.3
2025-08-29 00:00:00,2025,8,29,0,Hà Nội,Xã Tây Phương,21.0403672,105.6115528,156,Unhealthy,3,25.6,95,0.0,1.4,23,1007.0,13,82.4,82.7,785.0,47.4,48.0,48.6
2025-08-29 01:00:00,2025,8,29,1,Hà Nội,Xã Tây Phương,21.0403672,105.6115528,156,Unhealthy,3,25.3,98,0.0,4.7,28,1006.9,45,82.0,82.2,646.0,46.2,45.0,48.7
2025-08-29 02:00:00,2025,8,29,2,Hà Nội,Xã Tây Phương,21.0403672,105.6115528,156,Unhealthy,3,25.0,98,0.0,3.6,360,1006.2,19,82.0,82.2,618.0,46.1,40.0,48.9
2025-08-29 03:00:00,2025,8,29,3,Hà Nội,Xã Tây Phương,21.0403672,105.6115528,155,Unhealthy,3,24.5,99,0.0,3.2,326,1006.2,94,84.3,84.5,640.0,46.1,35.0,48.8
2025-08-29 04:00:00,2025,8,29,4,Hà Nội,Xã Tây Phương,21.0403672,105.6115528,155,Unhealthy,3,24.8,98,0.0,6.1,304,1006.5,50,88.5,88.7,643.0,44.8,34.0,48.4
2025-08-29 05:00:00,2025,8,29,5,Hà Nội,Xã Tây Phương,21.0403672,105.6115528,155,Unhealthy,3,24.6,97,0.0,8.2,310,1007.2,56,88.7,88.9,599.0,41.9,35.0,47.9
2025-08-29 06:00:00,2025,8,29,6,Hà Nội,Xã Tây Phương,21.0403672,105.6115528,155,Unhealthy,3,24.0,99,0.4,9.6,8,1008.1,85,81.0,81.0,538.0,37.8,39.0,47.0
2025-08-29 07:00:00,2025,8,29,7,Hà Nội,Xã Tây Phương,21.0403672,105.6115528,155,Unhealthy,3,25.1,92,0.2,12.0,311,1008.5,64,60.1,60.1,479.0,32.6,59.0,44.0
2025-08-29 08:00:00,2025,8,29,8,Hà Nội,Xã Tây Phương,21.0403672,105.6115528,154,Unhealthy,3,27.0,88,0.0,7.8,316,1009.1,22,43.4,43.7,428.0,25.4,84.0,39.9
2025-08-29 09:00:00,2025,8,29,9,Hà Nội,Xã Tây Phương,21.0403672,105.6115528,154,Unhealthy,3,28.0,84,0.2,11.3,2,1009.5,33,30.0,30.2,379.0,15.5,120.0,34.1
2025-08-29 10:00:00,2025,8,29,10,Hà Nội,Xã Tây Phương,21.0403672,105.6115528,154,Unhealthy,3,29.1,78,0.1,12.0,347,1009.4,29,28.8,28.9,338.0,7.9,146.0,28.6
2025-08-29 11:00:00,2025,8,29,11,Hà Nội,Xã Tây Phương,21.0403672,105.6115528,153,Unhealthy,3,30.0,74,0.0,10.9,354,1008.8,33,29.4,29.6,304.0,4.4,158.0,23.5
2025-08-29 12:00:00,2025,8,29,12,Hà Nội,Xã Tây Phương,21.0403672,105.6115528,153,Unhealthy,3,30.5,71,0.1,8.0,355,1008.0,100,28.5,28.6,277.0,3.3,161.0,18.6
2025-08-29 13:00:00,2025,8,29,13,Hà Nội,Xã Tây Phương,21.0403672,105.6115528,153,Unhealthy,3,31.0,70,0.3,9.6,357,1006.8,100,33.9,34.1,269.0,4.1,155.0,15.6
2025-08-29 14:00:00,2025,8,29,14,Hà Nội,Xã Tây Phương,21.0403672,105.6115528,153,Unhealthy,3,28.8,79,1.0,15.7,36,1006.0,100,30.7,30.9,279.0,6.5,135.0,15.1
2025-08-29 15:00:00,2025,8,29,15,Hà Nội,Xã Tây Phương,21.0403672,105.6115528,153,Unhealthy,3,29.6,76,0.1,10.9,27,1005.9,100,32.5,32.6,307.0,10.9,105.0,16.5
2025-08-29 16:00:00,2025,8,29,16,Hà Nội,Xã Tây Phương,21.0403672,105.6115528,152,Unhealthy,3,27.0,83,1.1,12.7,44,1005.8,100,28.3,28.5,363.0,17.7,79.0,19.8
2025-08-29 17:00:00,2025,8,29,17,Hà Nội,Xã Tây Phương,21.0403672,105.6115528,152,Unhealthy,3,26.9,86,0.1,5.8,30,1005.9,100,29.8,29.9,478.0,29.7,60.0,26.7
2025-08-29 18:00:00,2025,8,29,18,Hà Nội,Xã Tây Phương,21.0403672,105.6115528,151,Unhealthy,3,25.8,91,1.0,5.8,81,1006.7,100,43.3,43.3,622.0,44.0,45.0,35.5
2025-08-29 19:00:00,2025,8,29,19,Hà Nội,Xã Tây Phương,21.0403672,105.6115528,151,Unhealthy,3,25.4,93,3.2,1.8,294,1007.5,100,53.8,53.9,711.0,46.7,44.0,41.3
2025-08-29 20:00:00,2025,8,29,20,Hà Nội,Xã Tây Phương,21.0403672,105.6115528,150,Unhealthy for Sensitive Groups,2,26.4,90,0.1,1.9,61,1008.1,100,52.6,52.7,708.0,44.0,40.0,39.9
2025-08-29 21:00:00,2025,8,29,21,Hà Nội,Xã Tây Phương,21.0403672,105.6115528,150,Unhealthy for Sensitive Groups,2,26.0,90,0.0,4.4,300,1009.0,100,47.3,47.3,650.0,40.1,35.0,37.7
2025-08-29 22:00:00,2025,8,29,22,Hà Nội,Xã Tây Phương,21.0403672,105.6115528,149,Unhealthy for Sensitive Groups,2,25.9,93,0.0,9.4,320,1009.3,98,42.3,42.3,568.0,35.8,32.0,34.7
2025-08-29 23:00:00,2025,8,29,23,Hà Nội,Xã Tây Phương,21.0403672,105.6115528,145,Unhealthy for Sensitive Groups,2,25.5,94,0.1,11.6,317,1009.1,100,36.9,36.9,453.0,30.9,34.0,30.0
2025-08-30 00:00:00,2025,8,30,0,Hà Nội,Xã Tây Phương,21.0403672,105.6115528,140,Unhealthy for Sensitive Groups,2,25.4,94,0.2,13.6,317,1008.6,99,30.2,30.2,314.0,25.7,38.0,24.5
2025-08-30 01:00:00,2025,8,30,1,Hà Nội,Xã Tây Phương,21.0403672,105.6115528,135,Unhealthy for Sensitive Groups,2,25.1,95,0.0,15.3,304,1007.7,100,26.3,26.3,209.0,21.7,41.0,20.2
2025-08-30 02:00:00,2025,8,30,2,Hà Nội,Xã Tây Phương,21.0403672,105.6115528,129,Unhealthy for Sensitive Groups,2,25.1,94,0.1,19.4,327,1007.5,100,24.6,24.7,166.0,19.6,41.0,18.0
2025-08-30 03:00:00,2025,8,30,3,Hà Nội,Xã Tây Phương,21.0403672,105.6115528,123,Unhealthy for Sensitive Groups,2,24.4,95,1.4,16.1,302,1007.1,100,23.6,23.6,157.0,18.7,41.0,17.0
2025-08-30 04:00:00,2025,8,30,4,Hà Nội,Xã Tây Phương,21.0403672,105.6115528,117,Unhealthy for Sensitive Groups,2,24.6,92,0.5,18.7,309,1007.1,100,22.8,22.8,162.0,18.4,40.0,16.8
2025-08-30 05:00:00,2025,8,30,5,Hà Nội,Xã Tây Phương,21.0403672,105.6115528,110,Unhealthy for Sensitive Groups,2,24.5,92,1.4,19.4,317,1006.9,100,22.2,22.4,181.0,19.3,36.0,17.4
2025-08-30 06:00:00,2025,8,30,6,Hà Nội,Xã Tây Phương,21.0403672,105.6115528,103,Unhealthy for Sensitive Groups,2,24.4,93,0.8,19.0,314,1007.0,100,23.7,23.9,213.0,20.8,32.0,18.7
2025-08-30 07:00:00,2025,8,30,7,Hà Nội,Xã Tây Phương,21.0403672,105.6115528,98,Moderate,1,25.0,92,0.7,17.6,314,1008.0,100,24.0,24.1,240.0,21.8,32.0,19.8
2025-08-30 08:00:00,2025,8,30,8,Hà Nội,Xã Tây Phương,21.0403672,105.6115528,94,Moderate,1,26.8,91,0.0,16.3,317,1008.2,21,25.7,25.8,253.0,18.2,55.0,20.4
2025-08-30 09:00:00,2025,8,30,9,Hà Nội,Xã Tây Phương,21.0403672,105.6115528,93,Moderate,1,28.4,84,0.0,17.2,319,1008.4,40,25.3,25.5,261.0,13.3,86.0,21.1
2025-08-30 10:00:00,2025,8,30,10,Hà Nội,Xã Tây Phương,21.0403672,105.6115528,92,Moderate,1,29.9,76,0.1,19.0,340,1008.1,100,24.5,24.8,266.0,9.4,111.0,21.2
2025-08-30 11:00:00,2025,8,30,11,Hà Nội,Xã Tây Phương,21.0403672,105.6115528,92,Moderate,1,29.4,76,0.2,16.2,356,1007.5,100,24.2,24.6,261.0,7.3,124.0,19.6
2025-08-30 12:00:00,2025,8,30,12,Hà Nội,Xã Tây Phương,21.0403672,105.6115528,92,Moderate,1,27.6,80,0.2,15.1,351,1006.6,100,24.3,24.7,254.0,6.2,129.0,17.3
2025-08-30 13:00:00,2025,8,30,13,Hà Nội,Xã Tây Phương,21.0403672,105.6115528,91,Moderate,1,27.5,83,0.5,14.6,340,1005.7,100,24.6,25.0,271.0,6.4,129.0,16.3
2025-08-30 14:00:00,2025,8,30,14,Hà Nội,Xã Tây Phương,21.0403672,105.6115528,90,Moderate,1,29.0,82,2.2,8.4,15,1005.1,100,25.3,25.6,331.0,8.4,121.0,17.9
2025-08-30 15:00:00,2025,8,30,15,Hà Nội,Xã Tây Phương,21.0403672,105.6115528,90,Moderate,1,26.4,90,19.4,13.5,47,1005.3,100,29.5,29.7,414.0,11.8,106.0,20.9
2025-08-30 16:00:00,2025,8,30,16,Hà Nội,Xã Tây Phương,21.0403672,105.6115528,90,Moderate,1,27.0,89,4.2,4.4,27,1004.9,98,27.4,27.5,489.0,15.4,92.0,23.6
2025-08-30 17:00:00,2025,8,30,17,Hà Nội,Xã Tây Phương,21.0403672,105.6115528,90,Moderate,1,26.2,91,6.9,15.9,80,1005.3,100,25.5,25.6,549.0,19.5,79.0,25.8
2025-08-30 18:00:00,2025,8,30,18,Hà Nội,Xã Tây Phương,21.0403672,105.6115528,89,Moderate,1,25.5,94,2.0,8.1,93,1006.0,100,24.2,24.2,601.0,23.8,66.0,27.8
2025-08-30 19:00:00,2025,8,30,19,Hà Nội,Xã Tây Phương,21.0403672,105.6115528,87,Moderate,1,25.0,94,1.1,8.2,104,1006.5,100,18.0,18.6,633.0,24.6,47.0,22.9
2025-08-30 20:00:00,2025,8,30,20,Hà Nội,Xã Tây Phương,21.0403672,105.6115528,84,Moderate,1,25.4,95,0.3,4.3,88,1007.5,98,18.0,18.6,645.0,25.3,43.0,23.2
2025-08-30 21:00:00,2025,8,30,21,Hà Nội,Xã Tây Phương,21.0403672,105.6115528,81,Moderate,1,25.4,94,0.1,2.8,55,1008.1,96,18.9,19.5,637.0,26.4,37.0,23.6
2025-08-30 22:00:00,2025,8,30,22,Hà Nội,Xã Tây Phương,21.0403672,105.6115528,79,Moderate,1,24.8,95,0.0,2.7,328,1008.8,100,21.8,22.6,599.0,28.3,31.0,24.2
2025-08-30 23:00:00,2025,8,30,23,Hà Nội,Xã Tây Phương,21.0403672,105.6115528,77,Moderate,1,23.9,95,1.2,9.4,308,1008.6,99,27.8,28.8,509.0,31.8,25.0,24.9
2025-08-31 00:00:00,2025,8,31,0,Hà Nội,Xã Tây Phương,21.0403672,105.6115528,76,Moderate,1,23.9,94,0.0,9.3,328,1008.2,100,32.8,33.9,389.0,36.1,18.0,25.6
2025-08-31 01:00:00,2025,8,31,1,Hà Nội,Xã Tây Phương,21.0403672,105.6115528,76,Moderate,1,23.7,96,0.8,6.0,311,1008.0,100,36.2,37.4,296.0,39.0,14.0,26.6
2025-08-31 02:00:00,2025,8,31,2,Hà Nội,Xã Tây Phương,21.0403672,105.6115528,77,Moderate,1,23.8,97,1.7,8.1,315,1007.6,97,34.7,35.9,253.0,39.4,12.0,28.0
2025-08-31 03:00:00,2025,8,31,3,Hà Nội,Xã Tây Phương,21.0403672,105.6115528,78,Moderate,1,23.8,97,0.2,10.5,323,1007.1,100,33.5,34.8,236.0,38.3,12.0,29.7
2025-08-31 04:00:00,2025,8,31,4,Hà Nội,Xã Tây Phương,21.0403672,105.6115528,79,Moderate,1,23.6,98,0.7,10.4,300,1007.2,99,34.0,35.3,229.0,36.7,14.0,30.8
2025-08-31 05:00:00,2025,8,31,5,Hà Nội,Xã Tây Phương,21.0403672,105.6115528,80,Moderate,1,23.6,97,1.3,11.1,310,1007.3,100,34.6,35.9,228.0,34.3,17.0,30.5
2025-08-31 06:00:00,2025,8,31,6,Hà Nội,Xã Tây Phương,21.0403672,105.6115528,81,Moderate,1,23.8,97,2.3,8.9,333,1007.7,100,31.5,32.7,238.0,31.3,22.0,29.7
2025-08-31 07:00:00,2025,8,31,7,Hà Nội,Xã Tây Phương,21.0403672,105.6115528,82,Moderate,1,23.9,96,7.9,8.4,313,1008.2,100,25.0,25.7,255.0,31.2,22.0,30.9
2025-08-31 08:00:00,2025,8,31,8,Hà Nội,Xã Tây Phương,21.0403672,105.6115528,82,Moderate,1,24.6,95,1.6,8.1,359,1009.2,100,21.2,21.9,287.0,29.1,28.0,31.8
2025-08-31 09:00:00,2025,8,31,9,Hà Nội,Xã Tây Phương,21.0403672,105.6115528,81,Moderate,1,25.5,92,0.2,4.2,40,1009.5,96,22.3,22.9,328.0,26.0,36.0,32.9
2025-08-31 10:00:00,2025,8,31,10,Hà Nội,Xã Tây Phương,21.0403672,105.6115528,81,Moderate,1,27.1,83,0.6,6.1,58,1009.4,91,18.2,18.2,352.0,22.8,47.0,32.7
2025-08-31 11:00:00,2025,8,31,11,Hà Nội,Xã Tây Phương,21.0403672,105.6115528,81,Moderate,1,28.8,80,0.1,7.3,48,1008.7,100,15.0,15.1,336.0,19.0,63.0,29.8
2025-08-31 12:00:00,2025,8,31,12,Hà Nội,Xã Tây Phương,21.0403672,105.6115528,80,Moderate,1,28.8,79,0.3,3.7,55,1007.4,100,17.7,17.8,304.0,15.0,82.0,25.7
2025-08-31 13:00:00,2025,8,31,13,Hà Nội,Xã Tây Phương,21.0403672,105.6115528,79,Moderate,1,30.2,74,0.1,5.9,12,1006.2,100,19.7,19.9,307.0,12.7,96.0,22.6
2025-08-31 14:00:00,2025,8,31,14,Hà Nội,Xã Tây Phương,21.0403672,105.6115528,79,Moderate,1,26.7,90,13.0,11.7,110,1005.9,100,21.4,21.6,355.0,12.2,102.0,21.0
2025-08-31 15:00:00,2025,8,31,15,Hà Nội,Xã Tây Phương,21.0403672,105.6115528,78,Moderate,1,27.0,90,0.1,7.2,76,1005.7,100,25.1,25.3,438.0,13.3,103.0,20.4
2025-08-31 16:00:00,2025,8,31,16,Hà Nội,Xã Tây Phương,21.0403672,105.6115528,78,Moderate,1,26.8,90,0.2,8.7,76,1005.3,100,28.8,28.9,572.0,17.7,98.0,22.6
2025-08-31 17:00:00,2025,8,31,17,Hà Nội,Xã Tây Phương,21.0403672,105.6115528,78,Moderate,1,27.0,88,0.1,2.6,56,1004.9,100,35.4,35.6,814.0,27.8,86.0,29.1
2025-08-31 18:00:00,2025,8,31,18,Hà Nội,Xã Tây Phương,21.0403672,105.6115528,79,Moderate,1,26.8,90,0.0,0.3,315,1005.4,100,48.0,48.1,1107.0,41.2,68.0,38.4
2025-08-31 19:00:00,2025,8,31,19,Hà Nội,Xã Tây Phương,21.0403672,105.6115528,81,Moderate,1,26.2,88,0.2,0.6,18,1006.0,100,43.4,43.7,1297.0,36.5,57.0,31.8
2025-08-31 20:00:00,2025,8,31,20,Hà Nội,Xã Tây Phương,21.0403672,105.6115528,83,Moderate,1,26.0,96,0.0,4.1,209,1006.8,100,47.4,47.5,1315.0,40.8,49.0,38.0
2025-08-31 21:00:00,2025,8,31,21,Hà Nội,Xã Tây Phương,21.0403672,105.6115528,86,Moderate,1,25.5,96,0.0,3.3,257,1007.2,100,54.8,55.1,1230.0,46.5,38.0,46.4
2025-08-31 22:00:00,2025,8,31,22,Hà Nội,Xã Tây Phương,21.0403672,105.6115528,89,Moderate,1,25.2,97,0.0,3.8,287,1008.0,100,59.5,59.6,1088.0,50.1,30.0,52.1
2025-08-31 23:00:00,2025,8,31,23,Hà Nội,Xã Tây Phương,21.0403672,105.6115528,93,Moderate,1,25.3,96,0.0,5.9,305,1007.8,100,60.8,61.0,866.0,49.7,27.0,52.6
2025-09-01 00:00:00,2025,9,1,0,Hà Nội,Xã Tây Phương,21.0403672,105.6115528,95,Moderate,1,25.2,97,0.0,6.0,314,1007.2,100,58.7,58.9,588.0,47.1,28.0,50.3
2025-09-01 01:00:00,2025,9,1,1,Hà Nội,Xã Tây Phương,21.0403672,105.6115528,98,Moderate,1,25.1,98,0.0,8.5,308,1006.9,29,53.2,53.4,376.0,43.9,29.0,47.2
2025-09-01 02:00:00,2025,9,1,2,Hà Nội,Xã Tây Phương,21.0403672,105.6115528,99,Moderate,1,24.9,97,0.0,8.1,301,1006.2,44,47.5,47.6,284.0,40.0,30.0,42.9
2025-09-01 03:00:00,2025,9,1,3,Hà Nội,Xã Tây Phương,21.0403672,105.6115528,100,Moderate,1,24.3,97,1.7,1.9,343,1006.6,83,42.8,43.0,258.0,35.4,33.0,37.9
2025-09-01 04:00:00,2025,9,1,4,Hà Nội,Xã Tây Phương,21.0403672,105.6115528,101,Unhealthy for Sensitive Groups,2,24.2,97,2.6,3.3,338,1006.6,98,40.4,40.5,256.0,32.1,35.0,35.2
2025-09-01 05:00:00,2025,9,1,5,Hà Nội,Xã Tây Phương,21.0403672,105.6115528,102,Unhealthy for Sensitive Groups,2,24.1,97,0.1,6.7,306,1006.6,100,42.5,42.7,278.0,31.8,35.0,37.6
2025-09-01 06:00:00,2025,9,1,6,Hà Nội,Xã Tây Phương,21.0403672,105.6115528,103,Unhealthy for Sensitive Groups,2,23.9,97,0.0,5.0,272,1007.1,96,45.9,46.1,323.0,32.8,35.0,42.4
2025-09-01 07:00:00,2025,9,1,7,Hà Nội,Xã Tây Phương,21.0403672,105.6115528,104,Unhealthy for Sensitive Groups,2,24.8,94,0.1,6.6,305,1007.4,99,26.4,26.4,352.0,31.7,36.0,36.8
2025-09-01 08:00:00,2025,9,1,8,Hà Nội,Xã Tây Phương,21.0403672,105.6115528,105,Unhealthy for Sensitive Groups,2,25.8,93,0.2,7.9,180,1008.3,100,19.4,19.4,342.0,26.9,50.0,36.2
2025-09-01 09:00:00,2025,9,1,9,Hà Nội,Xã Tây Phương,21.0403672,105.6115528,104,Unhealthy for Sensitive Groups,2,25.7,92,0.2,4.2,185,1008.4,100,18.3,18.3,316.0,20.1,70.0,35.4
2025-09-01 10:00:00,2025,9,1,10,Hà Nội,Xã Tây Phương,21.0403672,105.6115528,104,Unhealthy for Sensitive Groups,2,27.1,88,0.1,1.5,256,1008.3,100,18.2,18.2,297.0,14.3,92.0,33.7
2025-09-01 11:00:00,2025,9,1,11,Hà Nội,Xã Tây Phương,21.0403672,105.6115528,104,Unhealthy for Sensitive Groups,2,28.5,82,0.0,1.4,360,1007.7,100,19.6,19.6,291.0,10.2,115.0,30.5
2025-09-01 12:00:00,2025,9,1,12,Hà Nội,Xã Tây Phương,21.0403672,105.6115528,104,Unhealthy for Sensitive Groups,2,29.5,77,0.0,3.3,54,1006.7,100,26.1,26.2,292.0,7.0,140.0,26.5
2025-09-01 13:00:00,2025,9,1,13,Hà Nội,Xã Tây Phương,21.0403672,105.6115528,105,Unhealthy for Sensitive Groups,2,29.8,76,0.1,4.3,85,1005.4,100,25.7,25.7,306.0,5.1,161.0,23.8
2025-09-01 14:00:00,2025,9,1,14,Hà Nội,Xã Tây Phương,21.0403672,105.6115528,106,Unhealthy for Sensitive Groups,2,29.9,76,0.0,5.0,105,1004.0,98,29.6,29.7,341.0,4.1,180.0,23.0
2025-09-01 15:00:00,2025,9,1,15,Hà Nội,Xã Tây Phương,21.0403672,105.6115528,107,Unhealthy for Sensitive Groups,2,30.3,75,0.0,5.2,124,1003.2,70,32.4,32.5,389.0,4.4,194.0,23.5
2025-09-01 16:00:00,2025,9,1,16,Hà Nội,Xã Tây Phương,21.0403672,105.6115528,108,Unhealthy for Sensitive Groups,2,30.2,75,0.0,7.7,141,1002.9,82,33.2,33.3,430.0,8.0,194.0,24.9
2025-09-01 17:00:00,2025,9,1,17,Hà Nội,Xã Tây Phương,21.0403672,105.6115528,110,Unhealthy for Sensitive Groups,2,29.1,79,0.3,5.4,154,1003.1,85,35.2,35.3,456.0,16.7,169.0,27.4
2025-09-01 18:00:00,2025,9,1,18,Hà Nội,Xã Tây Phương,21.0403672,105.6115528,131,Unhealthy for Sensitive Groups,2,28.1,84,0.1,7.0,138,1003.6,57,42.7,42.8,476.0,28.7,129.0,30.8
2025-09-01 19:00:00,2025,9,1,19,Hà Nội,Xã Tây Phương,21.0403672,105.6115528,139,Unhealthy for Sensitive Groups,2,27.4,88,0.0,10.1,141,1004.3,98,62.6,63.1,492.0,37.7,119.0,38.6
2025-09-01 20:00:00,2025,9,1,20,Hà Nội,Xã Tây Phương,21.0403672,105.6115528,140,Unhealthy for Sensitive Groups,2,26.2,91,0.0,7.4,177,1005.2,100,69.2,69.4,507.0,40.4,102.0,41.1
2025-09-01 21:00:00,2025,9,1,21,Hà Nội,Xã Tây Phương,21.0403672,105.6115528,132,Unhealthy for Sensitive Groups,2,25.8,93,0.0,5.6,178,1006.2,100,71.2,71.7,519.0,44.4,77.0,44.7
2025-09-01 22:00:00,2025,9,1,22,Hà Nội,Xã Tây Phương,21.0403672,105.6115528,114,Unhealthy for Sensitive Groups,2,25.5,94,0.0,4.5,173,1007.0,100,71.2,71.9,527.0,49.0,55.0,47.7
2025-09-01 23:00:00,2025,9,1,23,Hà Nội,Xã Tây Phương,21.0403672,105.6115528,115,Unhealthy for Sensitive Groups,2,25.4,94,0.0,4.3,180,1007.2,99,72.4,73.8,523.0,54.4,39.0,49.4
2025-09-02 00:00:00,2025,9,2,0,Hà Nội,Xã Tây Phương,21.0403672,105.6115528,116,Unhealthy for Sensitive Groups,2,25.1,94,0.0,4.3,185,1006.9,85,76.4,77.8,514.0,60.4,25.0,50.6
2025-09-02 01:00:00,2025,9,2,1,Hà Nội,Xã Tây Phương,21.0403672,105.6115528,118,Unhealthy for Sensitive Groups,2,24.9,94,0.0,3.8,161,1006.3,62,81.7,83.8,520.0,65.6,14.0,52.1
2025-09-02 02:00:00,2025,9,2,2,Hà Nội,Xã Tây Phương,21.0403672,105.6115528,121,Unhealthy for Sensitive Groups,2,24.8,94,0.0,1.5,135,1006.1,21,87.3,90.8,559.0,70.3,6.0,54.3
2025-09-02 03:00:00,2025,9,2,3,Hà Nội,Xã Tây Phương,21.0403672,105.6115528,125,Unhealthy for Sensitive Groups,2,24.7,94,0.0,1.2,153,1005.9,50,90.1,93.8,613.0,74.2,1.0,56.7
2025-09-02 04:00:00,2025,9,2,4,Hà Nội,Xã Tây Phương,21.0403672,105.6115528,130,Unhealthy for Sensitive Groups,2,24.5,95,0.0,0.8,333,1005.8,72,99.0,102.4,643.0,74.8,0.0,58.8
2025-09-02 05:00:00,2025,9,2,5,Hà Nội,Xã Tây Phương,21.0403672,105.6115528,136,Unhealthy for Sensitive Groups,2,24.3,97,0.0,2.5,82,1005.9,75,99.9,103.4,631.0,70.5,4.0,60.7
2025-09-02 06:00:00,2025,9,2,6,Hà Nội,Xã Tây Phương,21.0403672,105.6115528,142,Unhealthy for Sensitive Groups,2,24.4,99,0.0,3.1,87,1006.2,57,95.9,99.2,596.0,62.8,12.0,62.3
2025-09-02 07:00:00,2025,9,2,7,Hà Nội,Xã Tây Phương,21.0403672,105.6115528,147,Unhealthy for Sensitive Groups,2,25.8,96,0.0,4.2,78,1006.6,100,59.8,63.3,556.0,45.4,23.0,57.5
2025-09-02 08:00:00,2025,9,2,8,Hà Nội,Xã Tây Phương,21.0403672,105.6115528,150,Unhealthy for Sensitive Groups,2,27.9,90,0.0,4.0,90,1006.9,100,45.4,49.1,515.0,39.4,35.0,56.7
2025-09-02 09:00:00,2025,9,2,9,Hà Nội,Xã Tây Phương,21.0403672,105.6115528,151,Unhealthy,3,28.9,84,0.0,5.9,101,1007.7,100,36.4,39.8,468.0,30.8,53.0,55.4
2025-09-02 10:00:00,2025,9,2,10,Hà Nội,Xã Tây Phương,21.0403672,105.6115528,151,Unhealthy,3,29.8,78,0.1,4.9,118,1007.9,97,31.4,33.2,424.0,23.1,76.0,52.7
2025-09-02 11:00:00,2025,9,2,11,Hà Nội,Xã Tây Phương,21.0403672,105.6115528,151,Unhealthy,3,30.2,77,0.1,5.0,134,1007.3,99,31.8,32.8,382.0,16.9,109.0,47.7
2025-09-02 12:00:00,2025,9,2,12,Hà Nội,Xã Tây Phương,21.0403672,105.6115528,152,Unhealthy,3,31.0,73,0.1,6.5,136,1006.4,100,34.7,35.6,343.0,11.6,148.0,41.5
2025-09-02 13:00:00,2025,9,2,13,Hà Nội,Xã Tây Phương,21.0403672,105.6115528,152,Unhealthy,3,31.5,71,0.1,7.9,137,1004.9,41,40.0,40.9,313.0,8.0,179.0,36.1
2025-09-02 14:00:00,2025,9,2,14,Hà Nội,Xã Tây Phương,21.0403672,105.6115528,152,Unhealthy,3,31.6,71,0.1,10.8,137,1003.7,72,43.7,44.5,290.0,6.0,200.0,31.9
2025-09-02 15:00:00,2025,9,2,15,Hà Nội,Xã Tây Phương,21.0403672,105.6115528,152,Unhealthy,3,30.6,76,1.2,11.9,142,1002.7,91,44.5,45.2,276.0,5.8,214.0,28.6
2025-09-02 16:00:00,2025,9,2,16,Hà Nội,Xã Tây Phương,21.0403672,105.6115528,153,Unhealthy,3,30.4,75,0.0,13.6,145,1002.6,62,44.1,44.7,286.0,8.8,213.0,27.5
2025-09-02 17:00:00,2025,9,2,17,Hà Nội,Xã Tây Phương,21.0403672,105.6115528,153,Unhealthy,3,29.9,76,0.0,14.8,144,1003.1,72,43.2,43.8,338.0,17.3,190.0,29.8
2025-09-02 18:00:00,2025,9,2,18,Hà Nội,Xã Tây Phương,21.0403672,105.6115528,153,Unhealthy,3,28.1,84,0.0,11.9,145,1003.8,73,49.5,49.9,414.0,29.1,153.0,34.3
2025-09-02 19:00:00,2025,9,2,19,Hà Nội,Xã Tây Phương,21.0403672,105.6115528,162,Unhealthy,3,27.5,88,0.0,10.0,160,1004.7,82,51.9,52.2,472.0,37.4,108.0,40.3
2025-09-02 20:00:00,2025,9,2,20,Hà Nội,Xã Tây Phương,21.0403672,105.6115528,162,Unhealthy,3,27.0,89,0.0,5.6,135,1005.5,93,58.7,59.0,494.0,41.3,89.0,43.9
2025-09-02 21:00:00,2025,9,2,21,Hà Nội,Xã Tây Phương,21.0403672,105.6115528,153,Unhealthy,3,26.9,90,0.0,6.8,151,1006.3,58,64.3,65.0,499.0,46.7,63.0,48.8
2025-09-02 22:00:00,2025,9,2,22,Hà Nội,Xã Tây Phương,21.0403672,105.6115528,153,Unhealthy,3,26.8,90,0.0,8.3,153,1006.7,39,68.0,68.9,497.0,51.7,41.0,52.2
2025-09-02 23:00:00,2025,9,2,23,Hà Nội,Xã Tây Phương,21.0403672,105.6115528,153,Unhealthy,3,26.6,92,0.0,7.3,149,1007.0,33,69.6,70.8,488.0,55.7,28.0,52.8
2025-09-03 00:00:00,2025,9,3,0,Hà Nội,Xã Tây Phương,21.0403672,105.6115528,153,Unhealthy,3,26.4,94,0.0,6.7,153,1007.0,15,68.7,69.8,472.0,59.2,18.0,51.9
2025-09-03 01:00:00,2025,9,3,1,Hà Nội,Xã Tây Phương,21.0403672,105.6115528,152,Unhealthy,3,26.1,95,0.0,6.5,148,1006.5,2,69.6,70.5,463.0,61.7,11.0,50.9
2025-09-03 02:00:00,2025,9,3,2,Hà Nội,Xã Tây Phương,21.0403672,105.6115528,152,Unhealthy,3,25.8,96,0.0,5.0,134,1006.4,5,69.2,70.3,466.0,63.4,5.0,49.8
2025-09-03 03:00:00,2025,9,3,3,Hà Nội,Xã Tây Phương,21.0403672,105.6115528,152,Unhealthy,3,25.5,97,0.0,4.8,119,1006.2,6,69.4,71.0,476.0,64.2,1.0,48.5
2025-09-03 04:00:00,2025,9,3,4,Hà Nội,Xã Tây Phương,21.0403672,105.6115528,151,Unhealthy,3,25.4,98,0.0,4.6,135,1006.1,52,71.7,74.3,484.0,63.2,0.0,48.4
2025-09-03 05:00:00,2025,9,3,5,Hà Nội,Xã Tây Phương,21.0403672,105.6115528,151,Unhealthy,3,25.0,98,0.0,3.3,139,1006.2,16,74.7,77.3,497.0,60.0,3.0,51.2
2025-09-03 06:00:00,2025,9,3,6,Hà Nội,Xã Tây Phương,21.0403672,105.6115528,150,Unhealthy for Sensitive Groups,2,24.9,99,0.0,3.1,126,1006.3,16,76.8,79.4,510.0,55.0,8.0,55.2
2025-09-03 07:00:00,2025,9,3,7,Hà Nội,Xã Tây Phương,21.0403672,105.6115528,148,Unhealthy for Sensitive Groups,2,26.1,96,0.0,4.0,122,1006.9,51,63.1,64.7,496.0,49.9,21.0,63.8
2025-09-03 08:00:00,2025,9,3,8,Hà Nội,Xã Tây Phương,21.0403672,105.6115528,149,Unhealthy for Sensitive Groups,2,28.4,87,0.0,6.8,132,1007.8,37,46.9,49.2,433.0,42.1,35.0,59.4
2025-09-03 09:00:00,2025,9,3,9,Hà Nội,Xã Tây Phương,21.0403672,105.6115528,149,Unhealthy for Sensitive Groups,2,29.8,79,0.0,7.8,154,1008.3,93,36.8,38.0,343.0,31.2,56.0,53.2
2025-09-03 10:00:00,2025,9,3,10,Hà Nội,Xã Tây Phương,21.0403672,105.6115528,149,Unhealthy for Sensitive Groups,2,31.0,71,0.0,8.4,155,1008.0,92,29.9,30.6,272.0,21.8,78.0,46.6
2025-09-03 11:00:00,2025,9,3,11,Hà Nội,Xã Tây Phương,21.0403672,105.6115528,149,Unhealthy for Sensitive Groups,2,31.6,66,0.0,9.4,156,1007.5,68,27.0,27.5,237.0,15.4,101.0,39.4
2025-09-03 12:00:00,2025,9,3,12,Hà Nội,Xã Tây Phương,21.0403672,105.6115528,148,Unhealthy for Sensitive Groups,2,32.1,64,0.0,9.4,150,1006.5,18,26.3,26.7,220.0,10.6,126.0,31.9
2025-09-03 13:00:00,2025,9,3,13,Hà Nội,Xã Tây Phương,21.0403672,105.6115528,147,Unhealthy for Sensitive Groups,2,32.2,64,0.0,10.0,147,1005.6,14,28.5,28.8,216.0,7.6,146.0,26.8
2025-09-03 14:00:00,2025,9,3,14,Hà Nội,Xã Tây Phương,21.0403672,105.6115528,146,Unhealthy for Sensitive Groups,2,32.5,63,0.0,12.5,145,1004.3,11,31.5,31.9,222.0,6.2,163.0,25.5
2025-09-03 15:00:00,2025,9,3,15,Hà Nội,Xã Tây Phương,21.0403672,105.6115528,145,Unhealthy for Sensitive Groups,2,31.6,69,0.0,14.5,148,1003.3,3,34.3,34.7,240.0,6.6,176.0,26.6
2025-09-03 16:00:00,2025,9,3,16,Hà Nội,Xã Tây Phương,21.0403672,105.6115528,144,Unhealthy for Sensitive Groups,2,31.4,71,0.0,14.6,147,1002.8,5,37.3,37.6,271.0,9.7,176.0,29.1
2025-09-03 17:00:00,2025,9,3,17,Hà Nội,Xã Tây Phương,21.0403672,105.6115528,143,Unhealthy for Sensitive Groups,2,30.4,77,0.0,14.5,145,1002.6,13,40.3,40.5,326.0,17.4,157.0,33.3
2025-09-03 18:00:00,2025,9,3,18,Hà Nội,Xã Tây Phương,21.0403672,105.6115528,143,Unhealthy for Sensitive Groups,2,29.5,81,0.0,11.3,137,1002.8,19,46.0,46.1,394.0,27.8,125.0,39.0
2025-09-03 19:00:00,2025,9,3,19,Hà Nội,Xã Tây Phương,21.0403672,105.6115528,143,Unhealthy for Sensitive Groups,2,28.9,82,0.0,11.5,146,1003.8,14,51.1,51.3,441.0,40.8,88.0,42.5
2025-09-03 20:00:00,2025,9,3,20,Hà Nội,Xã Tây Phương,21.0403672,105.6115528,142,Unhealthy for Sensitive Groups,2,28.5,82,0.0,11.5,149,1005.1,17,51.2,51.5,447.0,43.5,70.0,45.0
2025-09-03 21:00:00,2025,9,3,21,Hà Nội,Xã Tây Phương,21.0403672,105.6115528,142,Unhealthy for Sensitive Groups,2,28.2,83,0.0,12.9,171,1006.0,15,48.0,48.8,431.0,47.4,45.0,48.5
2025-09-03 22:00:00,2025,9,3,22,Hà Nội,Xã Tây Phương,21.0403672,105.6115528,140,Unhealthy for Sensitive Groups,2,27.8,83,0.0,11.3,171,1006.5,39,44.9,45.6,420.0,50.5,24.0,50.7
2025-09-03 23:00:00,2025,9,3,23,Hà Nội,Xã Tây Phương,21.0403672,105.6115528,138,Unhealthy for Sensitive Groups,2,27.0,86,0.0,8.0,172,1006.8,91,45.5,46.1,428.0,52.5,12.0,50.7
2025-09-04 00:00:00,2025,9,4,0,Hà Nội,Xã Tây Phương,21.0403672,105.6115528,135,Unhealthy for Sensitive Groups,2,26.0,91,0.0,5.0,167,1006.9,96,46.2,47.7,440.0,53.7,6.0,49.5
2025-09-04 01:00:00,2025,9,4,1,Hà Nội,Xã Tây Phương,21.0403672,105.6115528,133,Unhealthy for Sensitive Groups,2,25.6,94,0.0,4.9,163,1006.5,59,46.9,48.4,438.0,54.0,1.0,48.2
2025-09-04 02:00:00,2025,9,4,2,Hà Nội,Xã Tây Phương,21.0403672,105.6115528,130,Unhealthy for Sensitive Groups,2,25.3,95,0.0,6.6,139,1006.0,22,47.5,48.9,403.0,53.0,0.0,46.7
2025-09-04 03:00:00,2025,9,4,3,Hà Nội,Xã Tây Phương,21.0403672,105.6115528,128,Unhealthy for Sensitive Groups,2,25.2,96,0.0,7.7,139,1005.6,14,47.6,48.9,354.0,51.0,0.0,45.2
2025-09-04 04:00:00,2025,9,4,4,Hà Nội,Xã Tây Phương,21.0403672,105.6115528,126,Unhealthy for Sensitive Groups,2,25.0,96,0.0,7.9,137,1005.6,0,47.8,49.1,328.0,48.5,0.0,44.9
2025-09-04 05:00:00,2025,9,4,5,Hà Nội,Xã Tây Phương,21.0403672,105.6115528,123,Unhealthy for Sensitive Groups,2,25.0,97,0.0,7.1,146,1005.6,0,48.9,50.3,355.0,45.9,2.0,47.5
2025-09-04 06:00:00,2025,9,4,6,Hà Nội,Xã Tây Phương,21.0403672,105.6115528,121,Unhealthy for Sensitive Groups,2,24.7,98,0.0,6.4,158,1005.8,0,51.7,53.0,406.0,42.9,5.0,51.4
2025-09-04 07:00:00,2025,9,4,7,Hà Nội,Xã Tây Phương,21.0403672,105.6115528,118,Unhealthy for Sensitive Groups,2,26.0,94,0.0,6.7,166,1006.5,47,43.8,45.2,429.0,39.7,14.0,54.7
2025-09-04 08:00:00,2025,9,4,8,Hà Nội,Xã Tây Phương,21.0403672,105.6115528,116,Unhealthy for Sensitive Groups,2,28.5,88,0.0,6.9,155,1007.9,0,32.7,34.1,395.0,33.8,28.0,49.9
2025-09-04 09:00:00,2025,9,4,9,Hà Nội,Xã Tây Phương,21.0403672,105.6115528,115,Unhealthy for Sensitive Groups,2,30.0,80,0.0,7.8,157,1008.3,0,27.0,27.6,333.0,25.6,48.0,43.1
2025-09-04 10:00:00,2025,9,4,10,Hà Nội,Xã Tây Phương,21.0403672,105.6115528,114,Unhealthy for Sensitive Groups,2,31.3,69,0.0,8.8,161,1008.1,16,23.7,24.2,280.0,18.5,70.0,36.9
2025-09-04 11:00:00,2025,9,4,11,Hà Nội,Xã Tây Phương,21.0403672,105.6115528,113,Unhealthy for Sensitive Groups,2,32.2,63,0.0,9.8,152,1007.7,56,22.3,22.7,248.0,13.5,94.0,31.9
2025-09-04 12:00:00,2025,9,4,12,Hà Nội,Xã Tây Phương,21.0403672,105.6115528,112,Unhealthy for Sensitive Groups,2,32.5,62,0.0,12.0,148,1006.4,16,23.5,23.7,224.0,9.6,120.0,27.5
2025-09-04 13:00:00,2025,9,4,13,Hà Nội,Xã Tây Phương,21.0403672,105.6115528,112,Unhealthy for Sensitive Groups,2,32.8,61,0.0,13.6,146,1005.2,18,26.3,26.6,213.0,7.1,141.0,24.7
2025-09-04 14:00:00,2025,9,4,14,Hà Nội,Xã Tây Phương,21.0403672,105.6115528,112,Unhealthy for Sensitive Groups,2,32.9,61,0.0,13.8,145,1003.8,2,29.3,29.6,211.0,5.3,157.0,23.8
2025-09-04 15:00:00,2025,9,4,15,Hà Nội,Xã Tây Phương,21.0403672,105.6115528,112,Unhealthy for Sensitive Groups,2,32.7,62,0.0,13.8,148,1003.2,2,31.4,31.8,221.0,4.9,169.0,24.5
2025-09-04 16:00:00,2025,9,4,16,Hà Nội,Xã Tây Phương,21.0403672,105.6115528,111,Unhealthy for Sensitive Groups,2,32.3,65,0.0,13.4,145,1002.4,4,34.5,34.8,253.0,8.5,169.0,27.0
2025-09-04 17:00:00,2025,9,4,17,Hà Nội,Xã Tây Phương,21.0403672,105.6115528,111,Unhealthy for Sensitive Groups,2,31.3,72,0.0,11.8,137,1002.1,8,38.2,38.5,332.0,19.6,150.0,32.2
2025-09-04 18:00:00,2025,9,4,18,Hà Nội,Xã Tây Phương,21.0403672,105.6115528,111,Unhealthy for Sensitive Groups,2,30.0,76,0.0,11.8,140,1002.2,3,50.8,51.1,434.0,34.8,119.0,39.2
2025-09-04 19:00:00,2025,9,4,19,Hà Nội,Xã Tây Phương,21.0403672,105.6115528,111,Unhealthy for Sensitive Groups,2,29.1,80,0.0,11.9,138,1002.9,2,67.3,67.8,497.0,50.0,86.0,45.4
2025-09-04 20:00:00,2025,9,4,20,Hà Nội,Xã Tây Phương,21.0403672,105.6115528,113,Unhealthy for Sensitive Groups,2,29.1,77,0.0,11.8,153,1003.5,1,65.2,65.7,486.0,50.7,71.0,47.9
2025-09-04 21:00:00,2025,9,4,21,Hà Nội,Xã Tây Phương,21.0403672,105.6115528,114,Unhealthy for Sensitive Groups,2,28.5,78,0.0,12.4,163,1004.5,1,61.7,61.9,437.0,51.8,50.0,51.2
2025-09-04 22:00:00,2025,9,4,22,Hà Nội,Xã Tây Phương,21.0403672,105.6115528,116,Unhealthy for Sensitive Groups,2,27.9,79,0.0,12.8,156,1005.3,1,58.0,58.9,394.0,52.7,32.0,53.2
2025-09-04 23:00:00,2025,9,4,23,Hà Nội,Xã Tây Phương,21.0403672,105.6115528,117,Unhealthy for Sensitive Groups,2,27.3,82,0.0,14.0,149,1006.2,5,51.7,52.6,373.0,53.5,20.0,52.7
2025-09-05 00:00:00,2025,9,5,0,Hà Nội,Xã Tây Phương,21.0403672,105.6115528,118,Unhealthy for Sensitive Groups,2,26.9,85,0.0,13.4,153,1006.1,1,46.6,47.4,358.0,54.2,11.0,50.8
2025-09-05 01:00:00,2025,9,5,1,Hà Nội,Xã Tây Phương,21.0403672,105.6115528,118,Unhealthy for Sensitive Groups,2,26.4,89,0.0,11.5,153,1005.8,3,43.8,44.9,348.0,54.1,5.0,48.7
2025-09-05 02:00:00,2025,9,5,2,Hà Nội,Xã Tây Phương,21.0403672,105.6115528,118,Unhealthy for Sensitive Groups,2,26.0,91,0.0,10.0,152,1005.7,95,44.6,46.3,338.0,53.0,1.0,46.0
2025-09-05 03:00:00,2025,9,5,3,Hà Nội,Xã Tây Phương,21.0403672,105.6115528,117,Unhealthy for Sensitive Groups,2,25.6,94,0.0,8.7,142,1005.6,97,46.7,48.2,333.0,51.0,0.0,43.0
2025-09-05 04:00:00,2025,9,5,4,Hà Nội,Xã Tây Phương,21.0403672,105.6115528,117,Unhealthy for Sensitive Groups,2,25.3,96,0.0,7.8,138,1005.6,82,48.7,50.1,344.0,48.5,0.0,41.9
2025-09-05 05:00:00,2025,9,5,5,Hà Nội,Xã Tây Phương,21.0403672,105.6115528,117,Unhealthy for Sensitive Groups,2,25.1,96,0.0,7.1,135,1005.7,93,52.0,53.3,396.0,45.3,1.0,44.5
2025-09-05 06:00:00,2025,9,5,6,Hà Nội,Xã Tây Phương,21.0403672,105.6115528,118,Unhealthy for Sensitive Groups,2,25.0,97,0.0,6.3,162,1006.2,99,58.8,60.1,465.0,41.6,5.0,48.9
2025-09-05 07:00:00,2025,9,5,7,Hà Nội,Xã Tây Phương,21.0403672,105.6115528,118,Unhealthy for Sensitive Groups,2,26.2,95,0.0,5.2,151,1007.2,98,46.4,47.6,492.0,35.5,12.0,50.9
2025-09-05 08:00:00,2025,9,5,8,Hà Nội,Xã Tây Phương,21.0403672,105.6115528,119,Unhealthy for Sensitive Groups,2,28.9,87,0.0,8.7,143,1007.6,4,36.9,38.4,440.0,31.4,22.0,48.9
2025-09-05 09:00:00,2025,9,5,9,Hà Nội,Xã Tây Phương,21.0403672,105.6115528,119,Unhealthy for Sensitive Groups,2,30.3,77,0.0,8.8,154,1008.0,9,29.0,30.0,346.0,25.7,36.0,45.9
2025-09-05 10:00:00,2025,9,5,10,Hà Nội,Xã Tây Phương,21.0403672,105.6115528,119,Unhealthy for Sensitive Groups,2,31.5,67,0.0,9.3,155,1008.3,32,24.5,24.9,269.0,20.2,55.0,42.0
2025-09-05 11:00:00,2025,9,5,11,Hà Nội,Xã Tây Phương,21.0403672,105.6115528,119,Unhealthy for Sensitive Groups,2,32.3,63,0.0,9.2,149,1007.8,24,22.5,22.8,229.0,15.2,80.0,36.5
2025-09-05 12:00:00,2025,9,5,12,Hà Nội,Xã Tây Phương,21.0403672,105.6115528,119,Unhealthy for Sensitive Groups,2,32.8,61,0.0,10.5,151,1007.0,41,22.9,23.1,205.0,10.6,109.0,30.1
2025-09-05 13:00:00,2025,9,5,13,Hà Nội,Xã Tây Phương,21.0403672,105.6115528,119,Unhealthy for Sensitive Groups,2,33.2,59,0.0,10.6,146,1005.2,93,24.7,24.9,194.0,7.4,133.0,25.5
2025-09-05 14:00:00,2025,9,5,14,Hà Nội,Xã Tây Phương,21.0403672,105.6115528,119,Unhealthy for Sensitive Groups,2,33.3,59,0.0,10.2,138,1003.6,76,26.8,27.0,188.0,5.3,152.0,23.4
2025-09-05 15:00:00,2025,9,5,15,Hà Nội,Xã Tây Phương,21.0403672,105.6115528,119,Unhealthy for Sensitive Groups,2,33.2,60,0.0,10.2,139,1002.8,88,29.4,29.5,194.0,4.8,166.0,23.0
2025-09-05 16:00:00,2025,9,5,16,Hà Nội,Xã Tây Phương,21.0403672,105.6115528,119,Unhealthy for Sensitive Groups,2,32.8,63,0.0,10.2,139,1002.4,9,32.4,32.6,230.0,8.3,168.0,24.7
2025-09-05 17:00:00,2025,9,5,17,Hà Nội,Xã Tây Phương,21.0403672,105.6115528,119,Unhealthy for Sensitive Groups,2,31.9,71,0.0,10.2,131,1002.0,6,38.1,38.2,328.0,19.3,152.0,29.8
2025-09-05 18:00:00,2025,9,5,18,Hà Nội,Xã Tây Phương,21.0403672,105.6115528,118,Unhealthy for Sensitive Groups,2,30.5,75,0.0,11.4,125,1002.6,0,51.6,51.8,455.0,34.3,125.0,37.0
2025-09-05 19:00:00,2025,9,5,19,Hà Nội,Xã Tây Phương,21.0403672,105.6115528,119,Unhealthy for Sensitive Groups,2,29.7,79,0.0,13.0,129,1003.9,1,64.7,65.0,532.0,47.6,99.0,42.2
2025-09-05 20:00:00,2025,9,5,20,Hà Nội,Xã Tây Phương,21.0403672,105.6115528,118,Unhealthy for Sensitive Groups,2,29.5,80,0.0,13.5,146,1004.6,86,66.4,66.6,511.0,47.3,87.0,44.8
2025-09-05 21:00:00,2025,9,5,21,Hà Nội,Xã Tây Phương,21.0403672,105.6115528,118,Unhealthy for Sensitive Groups,2,28.8,83,0.0,12.5,147,1006.0,17,64.3,64.7,440.0,47.0,69.0,48.4
2025-09-05 22:00:00,2025,9,5,22,Hà Nội,Xã Tây Phương,21.0403672,105.6115528,119,Unhealthy for Sensitive Groups,2,28.4,85,0.0,12.6,151,1006.8,62,58.9,59.3,381.0,47.4,52.0,50.4
2025-09-05 23:00:00,2025,9,5,23,Hà Nội,Xã Tây Phương,21.0403672,105.6115528,119,Unhealthy for Sensitive Groups,2,28.0,85,0.0,12.2,149,1007.7,90,55.1,56.0,356.0,49.4,35.0,49.3
2025-09-06 00:00:00,2025,9,6,0,Hà Nội,Xã Tây Phương,21.0403672,105.6115528,119,Unhealthy for Sensitive Groups,2,27.6,85,0.0,12.4,152,1007.3,57,51.6,52.5,343.0,52.0,19.0,46.6
2025-09-06 01:00:00,2025,9,6,1,Hà Nội,Xã Tây Phương,21.0403672,105.6115528,120,Unhealthy for Sensitive Groups,2,27.1,88,0.0,9.7,145,1006.8,91,50.5,51.6,339.0,53.6,7.0,44.6
2025-09-06 02:00:00,2025,9,6,2,Hà Nội,Xã Tây Phương,21.0403672,105.6115528,120,Unhealthy for Sensitive Groups,2,26.7,90,0.0,8.1,141,1006.2,92,52.2,54.1,336.0,53.2,1.0,44.0
2025-09-06 03:00:00,2025,9,6,3,Hà Nội,Xã Tây Phương,21.0403672,105.6115528,121,Unhealthy for Sensitive Groups,2,26.3,93,0.0,6.8,148,1005.9,97,58.0,60.1,341.0,51.7,0.0,44.2
2025-09-06 04:00:00,2025,9,6,4,Hà Nội,Xã Tây Phương,21.0403672,105.6115528,122,Unhealthy for Sensitive Groups,2,25.8,96,0.0,4.0,122,1006.3,100,64.7,66.8,372.0,49.8,0.0,45.2
2025-09-06 05:00:00,2025,9,6,5,Hà Nội,Xã Tây Phương,21.0403672,105.6115528,124,Unhealthy for Sensitive Groups,2,25.8,96,0.0,4.8,127,1006.5,100,67.5,69.6,468.0,47.8,1.0,48.0
2025-09-06 06:00:00,2025,9,6,6,Hà Nội,Xã Tây Phương,21.0403672,105.6115528,126,Unhealthy for Sensitive Groups,2,25.7,97,0.0,3.9,143,1006.8,95,73.6,75.4,591.0,45.3,5.0,51.7
2025-09-06 07:00:00,2025,9,6,7,Hà Nội,Xã Tây Phương,21.0403672,105.6115528,127,Unhealthy for Sensitive Groups,2,27.1,93,0.0,3.0,115,1007.8,97,71.0,73.1,637.0,41.1,11.0,50.4
2025-09-06 08:00:00,2025,9,6,8,Hà Nội,Xã Tây Phương,21.0403672,105.6115528,130,Unhealthy for Sensitive Groups,2,29.5,83,0.0,7.1,144,1008.3,98,48.1,50.9,531.0,36.3,23.0,49.2
2025-09-06 09:00:00,2025,9,6,9,Hà Nội,Xã Tây Phương,21.0403672,105.6115528,131,Unhealthy for Sensitive Groups,2,30.5,78,0.0,7.3,130,1009.1,99,33.8,37.1,350.0,29.4,40.0,47.5
2025-09-06 10:00:00,2025,9,6,10,Hà Nội,Xã Tây Phương,21.0403672,105.6115528,131,Unhealthy for Sensitive Groups,2,31.2,74,0.0,6.7,134,1009.2,95,28.1,30.7,218.0,23.3,62.0,45.3
2025-09-06 11:00:00,2025,9,6,11,Hà Nội,Xã Tây Phương,21.0403672,105.6115528,132,Unhealthy for Sensitive Groups,2,31.9,70,0.1,4.2,137,1008.6,100,26.3,27.2,190.0,18.6,93.0,42.5
2025-09-06 12:00:00,2025,9,6,12,Hà Nội,Xã Tây Phương,21.0403672,105.6115528,132,Unhealthy for Sensitive Groups,2,32.0,69,0.0,3.5,111,1007.7,99,29.8,30.6,212.0,14.5,129.0,39.3
2025-09-06 13:00:00,2025,9,6,13,Hà Nội,Xã Tây Phương,21.0403672,105.6115528,133,Unhealthy for Sensitive Groups,2,32.5,69,0.0,4.5,104,1006.3,100,34.3,35.0,250.0,11.6,156.0,36.2
2025-09-06 14:00:00,2025,9,6,14,Hà Nội,Xã Tây Phương,21.0403672,105.6115528,134,Unhealthy for Sensitive Groups,2,32.4,71,0.0,5.8,110,1004.7,96,38.2,38.9,284.0,9.1,171.0,32.8
2025-09-06 15:00:00,2025,9,6,15,Hà Nội,Xã Tây Phương,21.0403672,105.6115528,135,Unhealthy for Sensitive Groups,2,32.5,68,0.0,4.1,113,1004.0,99,38.8,39.5,334.0,7.8,177.0,29.7
2025-09-06 16:00:00,2025,9,6,16,Hà Nội,Xã Tây Phương,21.0403672,105.6115528,136,Unhealthy for Sensitive Groups,2,32.2,65,0.0,4.3,90,1003.4,100,36.6,37.1,419.0,10.5,173.0,28.6
2025-09-06 17:00:00,2025,9,6,17,Hà Nội,Xã Tây Phương,21.0403672,105.6115528,136,Unhealthy for Sensitive Groups,2,30.4,75,0.0,11.2,78,1003.7,100,36.7,37.1,591.0,20.6,152.0,31.3
2025-09-06 18:00:00,2025,9,6,18,Hà Nội,Xã Tây Phương,21.0403672,105.6115528,136,Unhealthy for Sensitive Groups,2,29.1,82,0.0,5.2,117,1004.3,100,48.4,48.9,800.0,34.6,120.0,36.1
2025-09-06 19:00:00,2025,9,6,19,Hà Nội,Xã Tây Phương,21.0403672,105.6115528,136,Unhealthy for Sensitive Groups,2,28.5,85,0.0,7.0,151,1005.4,99,46.3,46.3,911.0,38.4,102.0,37.2
2025-09-06 20:00:00,2025,9,6,20,Hà Nội,Xã Tây Phương,21.0403672,105.6115528,134,Unhealthy for Sensitive Groups,2,28.7,82,0.0,9.2,163,1005.9,100,46.3,46.6,830.0,41.8,84.0,38.4
2025-09-06 21:00:00,2025,9,6,21,Hà Nội,Xã Tây Phương,21.0403672,105.6115528,132,Unhealthy for Sensitive Groups,2,28.4,85,0.0,8.4,161,1006.8,83,49.8,50.6,652.0,46.7,59.0,40.3
2025-09-06 22:00:00,2025,9,6,22,Hà Nội,Xã Tây Phương,21.0403672,105.6115528,130,Unhealthy for Sensitive Groups,2,28.1,87,0.0,7.5,163,1007.4,59,57.3,58.4,529.0,52.0,38.0,43.1
2025-09-06 23:00:00,2025,9,6,23,Hà Nội,Xã Tây Phương,21.0403672,105.6115528,130,Unhealthy for Sensitive Groups,2,27.7,89,0.0,7.4,166,1007.7,57,65.7,68.0,528.0,57.9,27.0,47.8
2025-09-07 00:00:00,2025,9,7,0,Hà Nội,Xã Tây Phương,21.0403672,105.6115528,131,Unhealthy for Sensitive Groups,2,27.2,91,0.0,6.4,164,1007.2,0,70.5,73.3,582.0,64.1,20.0,53.4
2025-09-07 01:00:00,2025,9,7,1,Hà Nội,Xã Tây Phương,21.0403672,105.6115528,133,Unhealthy for Sensitive Groups,2,26.6,94,0.0,3.9,156,1006.1,0,74.0,76.8,639.0,69.3,14.0,57.8
2025-09-07 02:00:00,2025,9,7,2,Hà Nội,Xã Tây Phương,21.0403672,105.6115528,136,Unhealthy for Sensitive Groups,2,26.4,94,0.0,1.1,171,1005.6,2,79.9,83.1,699.0,73.7,7.0,60.0
2025-09-07 03:00:00,2025,9,7,3,Hà Nội,Xã Tây Phương,21.0403672,105.6115528,139,Unhealthy for Sensitive Groups,2,26.2,95,0.0,1.8,66,1005.4,7,89.2,92.4,764.0,77.1,1.0,60.9
2025-09-07 04:00:00,2025,9,7,4,Hà Nội,Xã Tây Phương,21.0403672,105.6115528,142,Unhealthy for Sensitive Groups,2,26.0,97,0.0,4.0,108,1005.2,5,93.1,96.2,781.0,76.9,0.0,61.1
2025-09-07 05:00:00,2025,9,7,5,Hà Nội,Xã Tây Phương,21.0403672,105.6115528,145,Unhealthy for Sensitive Groups,2,25.9,98,0.0,0.7,90,1005.7,22,92.4,95.5,705.0,71.6,4.0,60.9
2025-09-07 06:00:00,2025,9,7,6,Hà Nội,Xã Tây Phương,21.0403672,105.6115528,148,Unhealthy for Sensitive Groups,2,25.9,98,0.0,0.6,304,1006.0,65,85.7,88.7,582.0,62.8,12.0,60.0
2025-09-07 07:00:00,2025,9,7,7,Hà Nội,Xã Tây Phương,21.0403672,105.6115528,149,Unhealthy for Sensitive Groups,2,27.0,95,0.0,0.9,281,1007.2,54,83.1,83.4,504.0,56.4,26.0,61.7
2025-09-07 08:00:00,2025,9,7,8,Hà Nội,Xã Tây Phương,21.0403672,105.6115528,150,Unhealthy for Sensitive Groups,2,29.6,83,0.0,1.1,108,1007.5,97,63.1,63.3,526.0,46.0,46.0,57.5
2025-09-07 09:00:00,2025,9,7,9,Hà Nội,Xã Tây Phương,21.0403672,105.6115528,150,Unhealthy for Sensitive Groups,2,30.4,78,0.0,1.0,68,1007.7,85,43.7,44.0,592.0,31.4,74.0,51.4
2025-09-07 10:00:00,2025,9,7,10,Hà Nội,Xã Tây Phương,21.0403672,105.6115528,151,Unhealthy,3,30.9,77,0.0,3.6,37,1007.5,47,34.5,34.7,624.0,19.5,101.0,45.1
2025-09-07 11:00:00,2025,9,7,11,Hà Nội,Xã Tây Phương,21.0403672,105.6115528,151,Unhealthy,3,31.6,73,0.0,3.1,7,1007.2,38,34.0,34.2,576.0,12.6,127.0,38.4
2025-09-07 12:00:00,2025,9,7,12,Hà Nội,Xã Tây Phương,21.0403672,105.6115528,151,Unhealthy,3,32.2,71,0.0,2.3,39,1006.0,47,35.5,35.7,495.0,8.4,153.0,31.5
2025-09-07 13:00:00,2025,9,7,13,Hà Nội,Xã Tây Phương,21.0403672,105.6115528,151,Unhealthy,3,32.4,70,0.0,3.1,69,1004.4,18,35.0,35.3,436.0,5.8,172.0,26.4
2025-09-07 14:00:00,2025,9,7,14,Hà Nội,Xã Tây Phương,21.0403672,105.6115528,151,Unhealthy,3,32.3,69,0.1,3.2,71,1003.0,25,35.2,35.5,402.0,3.3,182.0,23.4
2025-09-07 15:00:00,2025,9,7,15,Hà Nội,Xã Tây Phương,21.0403672,105.6115528,151,Unhealthy,3,32.2,68,0.1,2.5,60,1002.0,87,35.2,35.4,391.0,2.6,186.0,22.1
2025-09-07 16:00:00,2025,9,7,16,Hà Nội,Xã Tây Phương,21.0403672,105.6115528,151,Unhealthy,3,32.5,64,0.0,1.9,41,1001.4,94,35.3,35.5,458.0,7.6,179.0,24.0
2025-09-07 17:00:00,2025,9,7,17,Hà Nội,Xã Tây Phương,21.0403672,105.6115528,151,Unhealthy,3,32.3,63,0.0,1.9,73,1001.5,91,37.4,37.6,695.0,22.9,156.0,30.6
2025-09-07 18:00:00,2025,9,7,18,Hà Nội,Xã Tây Phương,21.0403672,105.6115528,151,Unhealthy,3,31.0,71,0.0,2.3,119,1001.9,100,61.0,61.2,1010.0,43.9,123.0,40.4
2025-09-07 19:00:00,2025,9,7,19,Hà Nội,Xã Tây Phương,21.0403672,105.6115528,151,Unhealthy,3,29.9,73,0.0,2.4,193,1003.0,100,118.7,118.7,1180.0,79.0,95.0,57.0
2025-09-07 20:00:00,2025,9,7,20,Hà Nội,Xã Tây Phương,21.0403672,105.6115528,153,Unhealthy,3,29.7,68,0.0,7.0,170,1003.4,100,147.1,148.1,1058.0,85.9,79.0,63.7
2025-09-07 21:00:00,2025,9,7,21,Hà Nội,Xã Tây Phương,21.0403672,105.6115528,155,Unhealthy,3,28.6,71,0.0,6.2,173,1004.3,100,158.8,160.2,791.0,95.2,57.0,73.0
2025-09-07 22:00:00,2025,9,7,22,Hà Nội,Xã Tây Phương,21.0403672,105.6115528,157,Unhealthy,3,28.1,72,0.0,7.2,179,1004.9,100,161.1,163.0,593.0,101.5,40.0,80.2
2025-09-07 23:00:00,2025,9,7,23,Hà Nội,Xã Tây Phương,21.0403672,105.6115528,160,Unhealthy,3,27.5,75,0.0,6.5,180,1005.2,100,167.6,170.0,563.0,101.9,32.0,83.4
2025-09-08 00:00:00,2025,9,8,0,Hà Nội,Xã Tây Phương,21.0403672,105.6115528,162,Unhealthy,3,27.0,78,0.0,6.6,171,1005.0,100,169.5,171.8,602.0,99.1,29.0,84.5
2025-09-08 01:00:00,2025,9,8,1,Hà Nội,Xã Tây Phương,21.0403672,105.6115528,164,Unhealthy,3,26.5,81,0.0,6.9,186,1004.6,64,161.6,163.9,626.0,95.9,26.0,84.7
2025-09-08 02:00:00,2025,9,8,2,Hà Nội,Xã Tây Phương,21.0403672,105.6115528,166,Unhealthy,3,25.8,86,0.0,6.5,199,1004.2,6,154.1,156.0,582.0,93.3,21.0,84.5
2025-09-08 03:00:00,2025,9,8,3,Hà Nội,Xã Tây Phương,21.0403672,105.6115528,168,Unhealthy,3,25.5,88,0.0,6.5,210,1003.3,5,152.3,154.6,523.0,90.3,16.0,83.2
2025-09-08 04:00:00,2025,9,8,4,Hà Nội,Xã Tây Phương,21.0403672,105.6115528,169,Unhealthy,3,25.1,91,0.0,3.3,229,1003.3,7,151.8,153.7,530.0,86.4,16.0,80.5
2025-09-08 05:00:00,2025,9,8,5,Hà Nội,Xã Tây Phương,21.0403672,105.6115528,170,Unhealthy,3,25.4,90,0.0,0.9,307,1003.7,81,151.8,153.2,675.0,82.3,21.0,75.2
2025-09-08 06:00:00,2025,9,8,6,Hà Nội,Xã Tây Phương,21.0403672,105.6115528,172,Unhealthy,3,25.5,92,0.0,2.0,333,1004.1,100,145.8,147.1,886.0,77.2,32.0,68.3
2025-09-08 07:00:00,2025,9,8,7,Hà Nội,Xã Tây Phương,21.0403672,105.6115528,173,Unhealthy,3,27.0,87,0.0,2.9,313,1004.8,100,129.9,131.3,1020.0,55.3,58.0,60.0
2025-09-08 08:00:00,2025,9,8,8,Hà Nội,Xã Tây Phương,21.0403672,105.6115528,174,Unhealthy,3,29.5,81,0.0,5.4,82,1005.5,95,84.3,84.5,1012.0,42.3,97.0,53.9
2025-09-08 09:00:00,2025,9,8,9,Hà Nội,Xã Tây Phương,21.0403672,105.6115528,174,Unhealthy,3,30.6,76,0.0,4.4,69,1005.7,99,57.6,57.7,928.0,24.4,151.0,45.3
2025-09-08 10:00:00,2025,9,8,10,Hà Nội,Xã Tây Phương,21.0403672,105.6115528,175,Unhealthy,3,31.8,71,0.0,1.6,6,1005.7,84,50.6,50.8,827.0,10.9,194.0,38.2
2025-09-08 11:00:00,2025,9,8,11,Hà Nội,Xã Tây Phương,21.0403672,105.6115528,175,Unhealthy,3,32.8,67,0.1,2.2,9,1005.5,88,50.8,50.9,714.0,6.1,213.0,33.8
2025-09-08 12:00:00,2025,9,8,12,Hà Nội,Xã Tây Phương,21.0403672,105.6115528,175,Unhealthy,3,33.2,64,0.1,2.4,343,1004.4,58,50.8,50.9,585.0,5.7,221.0,30.7
2025-09-08 13:00:00,2025,9,8,13,Hà Nội,Xã Tây Phương,21.0403672,105.6115528,176,Unhealthy,3,33.8,62,0.0,1.5,315,1003.0,72,50.1,50.2,487.0,6.1,225.0,28.9
2025-09-08 14:00:00,2025,9,8,14,Hà Nội,Xã Tây Phương,21.0403672,105.6115528,176,Unhealthy,3,33.9,61,0.0,1.7,229,1001.7,100,50.8,50.9,436.0,5.0,231.0,28.0
2025-09-08 15:00:00,2025,9,8,15,Hà Nội,Xã Tây Phương,21.0403672,105.6115528,176,Unhealthy,3,33.9,60,0.0,1.5,159,1000.7,43,52.0,52.2,417.0,4.7,235.0,28.4
2025-09-08 16:00:00,2025,9,8,16,Hà Nội,Xã Tây Phương,21.0403672,105.6115528,187,Unhealthy,3,33.7,60,0.0,3.2,146,1000.0,18,54.4,54.5,425.0,8.8,227.0,30.6
2025-09-08 17:00:00,2025,9,8,17,Hà Nội,Xã Tây Phương,21.0403672,105.6115528,203,Very Unhealthy,4,33.0,66,0.0,4.1,135,1000.3,100,61.0,61.2,479.0,21.6,200.0,35.8
2025-09-08 18:00:00,2025,9,8,18,Hà Nội,Xã Tây Phương,21.0403672,105.6115528,207,Very Unhealthy,4,31.4,72,0.0,6.5,172,1001.3,100,83.6,83.6,562.0,38.6,162.0,43.0
2025-09-08 19:00:00,2025,9,8,19,Hà Nội,Xã Tây Phương,21.0403672,105.6115528,205,Very Unhealthy,4,30.6,71,0.0,8.7,173,1002.6,100,87.3,87.5,616.0,42.9,148.0,50.1
2025-09-08 20:00:00,2025,9,8,20,Hà Nội,Xã Tây Phương,21.0403672,105.6115528,200,Unhealthy,3,30.8,71,0.0,14.8,142,1003.2,100,89.6,89.6,615.0,41.4,134.0,52.7
2025-09-08 21:00:00,2025,9,8,21,Hà Nội,Xã Tây Phương,21.0403672,105.6115528,187,Unhealthy,3,29.9,76,0.0,18.0,158,1004.4,100,84.3,84.3,586.0,39.4,113.0,56.1
2025-09-08 22:00:00,2025,9,8,22,Hà Nội,Xã Tây Phương,21.0403672,105.6115528,175,Unhealthy,3,29.2,75,0.0,16.6,161,1005.0,100,74.5,74.7,552.0,38.6,94.0,57.5
2025-09-08 23:00:00,2025,9,8,23,Hà Nội,Xã Tây Phương,21.0403672,105.6115528,173,Unhealthy,3,28.7,75,0.0,13.7,159,1005.2,100,65.4,65.7,518.0,39.7,79.0,55.0
2025-09-09 00:00:00,2025,9,9,0,Hà Nội,Xã Tây Phương,21.0403672,105.6115528,170,Unhealthy,3,28.1,78,0.0,12.6,156,1004.7,100,58.0,58.2,480.0,42.0,65.0,50.4
2025-09-09 01:00:00,2025,9,9,1,Hà Nội,Xã Tây Phương,21.0403672,105.6115528,168,Unhealthy,3,27.8,82,0.0,11.5,150,1004.2,100,60.8,61.2,450.0,44.5,53.0,46.6
2025-09-09 02:00:00,2025,9,9,2,Hà Nội,Xã Tây Phương,21.0403672,105.6115528,166,Unhealthy,3,27.4,86,0.0,9.9,148,1003.8,54,67.3,67.8,425.0,47.7,41.0,44.4
2025-09-09 03:00:00,2025,9,9,3,Hà Nội,Xã Tây Phương,21.0403672,105.6115528,164,Unhealthy,3,27.0,89,0.0,8.3,150,1003.2,100,75.0,75.7,407.0,51.2,31.0,43.1
2025-09-09 04:00:00,2025,9,9,4,Hà Nội,Xã Tây Phương,21.0403672,105.6115528,162,Unhealthy,3,26.6,91,0.0,6.3,165,1003.3,100,81.5,82.7,424.0,53.1,24.0,42.9
2025-09-09 05:00:00,2025,9,9,5,Hà Nội,Xã Tây Phương,21.0403672,105.6115528,161,Unhealthy,3,26.4,93,0.0,4.1,151,1003.7,100,84.8,86.1,511.0,52.6,20.0,44.5
2025-09-09 06:00:00,2025,9,9,6,Hà Nội,Xã Tây Phương,21.0403672,105.6115528,159,Unhealthy,3,26.5,94,0.0,0.2,270,1004.0,100,86.8,88.2,631.0,50.5,21.0,47.3
2025-09-09 07:00:00,2025,9,9,7,Hà Nội,Xã Tây Phương,21.0403672,105.6115528,158,Unhealthy,3,27.4,91,0.0,7.7,319,1005.1,100,70.5,72.4,700.0,50.5,19.0,45.3
2025-09-09 08:00:00,2025,9,9,8,Hà Nội,Xã Tây Phương,21.0403672,105.6115528,157,Unhealthy,3,29.0,86,0.0,4.7,88,1006.3,100,60.3,61.7,667.0,45.9,33.0,48.7
2025-09-09 09:00:00,2025,9,9,9,Hà Nội,Xã Tây Phương,21.0403672,105.6115528,156,Unhealthy,3,29.2,86,0.3,2.6,12,1007.1,100,54.1,55.9,583.0,39.3,53.0,53.1
2025-09-09 10:00:00,2025,9,9,10,Hà Nội,Xã Tây Phương,21.0403672,105.6115528,156,Unhealthy,3,29.0,87,0.0,5.2,338,1007.0,100,50.2,52.2,513.0,32.2,80.0,54.8
2025-09-09 11:00:00,2025,9,9,11,Hà Nội,Xã Tây Phương,21.0403672,105.6115528,156,Unhealthy,3,30.0,83,0.1,6.7,326,1006.9,100,51.1,52.2,481.0,24.0,121.0,50.9
2025-09-09 12:00:00,2025,9,9,12,Hà Nội,Xã Tây Phương,21.0403672,105.6115528,156,Unhealthy,3,30.8,79,0.1,7.4,347,1005.6,100,53.6,54.1,463.0,15.4,168.0,44.2
2025-09-09 13:00:00,2025,9,9,13,Hà Nội,Xã Tây Phương,21.0403672,105.6115528,156,Unhealthy,3,30.1,79,0.4,7.0,331,1004.7,100,58.2,58.7,454.0,9.7,203.0,39.2
2025-09-09 14:00:00,2025,9,9,14,Hà Nội,Xã Tây Phương,21.0403672,105.6115528,156,Unhealthy,3,30.0,80,0.1,4.7,298,1003.8,100,61.9,62.4,443.0,8.0,217.0,37.6
2025-09-09 15:00:00,2025,9,9,15,Hà Nội,Xã Tây Phương,21.0403672,105.6115528,156,Unhealthy,3,30.1,80,0.0,4.5,265,1003.4,100,62.9,63.3,441.0,9.1,218.0,37.6
2025-09-09 16:00:00,2025,9,9,16,Hà Nội,Xã Tây Phương,21.0403672,105.6115528,157,Unhealthy,3,30.1,79,0.2,2.0,185,1003.0,98,62.9,63.1,474.0,13.4,208.0,38.6
2025-09-09 17:00:00,2025,9,9,17,Hà Nội,Xã Tây Phương,21.0403672,105.6115528,157,Unhealthy,3,27.9,84,0.5,3.8,93,1003.1,100,68.5,68.7,560.0,23.5,179.0,40.9
2025-09-09 18:00:00,2025,9,9,18,Hà Nội,Xã Tây Phương,21.0403672,105.6115528,160,Unhealthy,3,27.3,89,0.1,8.5,119,1004.1,100,88.2,88.5,681.0,36.8,139.0,44.2
2025-09-09 19:00:00,2025,9,9,19,Hà Nội,Xã Tây Phương,21.0403672,105.6115528,169,Unhealthy,3,27.0,92,0.0,6.6,123,1005.3,100,90.3,90.8,807.0,49.0,91.0,62.8
2025-09-09 20:00:00,2025,9,9,20,Hà Nội,Xã Tây Phương,21.0403672,105.6115528,164,Unhealthy,3,27.1,89,0.0,5.4,150,1006.6,100,102.4,102.7,952.0,54.8,76.0,66.2
2025-09-09 21:00:00,2025,9,9,21,Hà Nội,Xã Tây Phương,21.0403672,105.6115528,157,Unhealthy,3,26.9,91,0.0,3.6,131,1007.0,100,115.0,115.3,1101.0,62.8,55.0,71.0
2025-09-09 22:00:00,2025,9,9,22,Hà Nội,Xã Tây Phương,21.0403672,105.6115528,158,Unhealthy,3,26.6,93,0.0,4.6,101,1007.3,100,130.4,130.9,1180.0,68.7,39.0,75.7
2025-09-09 23:00:00,2025,9,9,23,Hà Nội,Xã Tây Phương,21.0403672,105.6115528,159,Unhealthy,3,26.4,95,0.0,5.5,103,1007.3,100,141.1,141.1,1140.0,70.2,33.0,79.9
2025-09-10 00:00:00,2025,9,10,0,Hà Nội,Xã Tây Phương,21.0403672,105.6115528,161,Unhealthy,3,26.1,97,0.0,5.1,117,1006.8,100,133.6,134.1,1030.0,69.7,33.0,84.0
2025-09-10 01:00:00,2025,9,10,1,Hà Nội,Xã Tây Phương,21.0403672,105.6115528,163,Unhealthy,3,26.1,96,0.0,6.6,133,1006.7,100,136.9,137.4,926.0,69.8,31.0,87.3
2025-09-10 02:00:00,2025,9,10,2,Hà Nội,Xã Tây Phương,21.0403672,105.6115528,164,Unhealthy,3,26.0,97,0.0,4.4,117,1006.5,100,140.6,140.6,847.0,72.4,24.0,89.6
2025-09-10 03:00:00,2025,9,10,3,Hà Nội,Xã Tây Phương,21.0403672,105.6115528,166,Unhealthy,3,25.9,97,0.0,4.0,95,1006.4,99,140.6,140.6,775.0,75.6,16.0,91.0
2025-09-10 04:00:00,2025,9,10,4,Hà Nội,Xã Tây Phương,21.0403672,105.6115528,167,Unhealthy,3,25.6,98,0.0,3.8,90,1005.9,67,141.1,141.1,729.0,76.7,13.0,91.7
2025-09-10 05:00:00,2025,9,10,5,Hà Nội,Xã Tây Phương,21.0403672,105.6115528,169,Unhealthy,3,25.5,99,0.0,2.0,80,1006.3,100,135.5,136.0,740.0,74.7,14.0,91.3
2025-09-10 06:00:00,2025,9,10,6,Hà Nội,Xã Tây Phương,21.0403672,105.6115528,170,Unhealthy,3,25.5,99,0.0,0.7,90,1006.9,95,136.4,136.9,777.0,70.6,20.0,90.2
2025-09-10 07:00:00,2025,9,10,7,Hà Nội,Xã Tây Phương,21.0403672,105.6115528,171,Unhealthy,3,26.5,93,0.0,2.9,120,1007.1,99,60.5,60.5,766.0,45.5,34.0,55.0
2025-09-10 08:00:00,2025,9,10,8,Hà Nội,Xã Tây Phương,21.0403672,105.6115528,171,Unhealthy,3,27.8,85,0.0,7.5,138,1008.4,100,51.5,51.6,654.0,42.5,43.0,55.3
2025-09-10 09:00:00,2025,9,10,9,Hà Nội,Xã Tây Phương,21.0403672,105.6115528,171,Unhealthy,3,28.8,80,0.0,8.6,164,1008.5,100,46.3,46.4,495.0,38.0,56.0,55.4
2025-09-10 10:00:00,2025,9,10,10,Hà Nội,Xã Tây Phương,21.0403672,105.6115528,170,Unhealthy,3,29.8,77,0.1,6.2,168,1008.5,100,46.0,46.1,374.0,32.6,78.0,53.8
2025-09-10 11:00:00,2025,9,10,11,Hà Nội,Xã Tây Phương,21.0403672,105.6115528,170,Unhealthy,3,30.8,75,0.2,4.9,129,1008.0,100,45.4,45.5,333.0,25.0,117.0,48.6
2025-09-10 12:00:00,2025,9,10,12,Hà Nội,Xã Tây Phương,21.0403672,105.6115528,170,Unhealthy,3,31.2,74,0.2,6.5,124,1006.8,100,46.3,46.4,331.0,16.4,163.0,41.6
2025-09-10 13:00:00,2025,9,10,13,Hà Nội,Xã Tây Phương,21.0403672,105.6115528,170,Unhealthy,3,31.4,74,0.2,6.5,120,1005.7,100,49.1,49.2,331.0,11.2,196.0,37.0
2025-09-10 14:00:00,2025,9,10,14,Hà Nội,Xã Tây Phương,21.0403672,105.6115528,170,Unhealthy,3,30.0,79,4.5,6.2,136,1005.2,100,51.9,52.0,285.0,11.1,206.0,36.6
2025-09-10 15:00:00,2025,9,10,15,Hà Nội,Xã Tây Phương,21.0403672,105.6115528,170,Unhealthy,3,30.4,77,0.2,2.0,185,1004.4,100,58.6,58.7,242.0,14.4,202.0,38.6
2025-09-10 16:00:00,2025,9,10,16,Hà Nội,Xã Tây Phương,21.0403672,105.6115528,169,Unhealthy,3,30.8,77,0.2,1.8,180,1004.0,100,67.5,67.8,311.0,20.1,187.0,41.2
2025-09-10 17:00:00,2025,9,10,17,Hà Nội,Xã Tây Phương,21.0403672,105.6115528,170,Unhealthy,3,28.4,83,6.4,5.3,208,1004.4,100,58.9,59.0,621.0,29.8,156.0,44.4
2025-09-10 18:00:00,2025,9,10,18,Hà Nội,Xã Tây Phương,21.0403672,105.6115528,169,Unhealthy,3,27.2,89,0.0,6.1,14,1004.7,100,71.0,71.2,1044.0,42.0,114.0,48.3
2025-09-10 19:00:00,2025,9,10,19,Hà Nội,Xã Tây Phương,21.0403672,105.6115528,169,Unhealthy,3,26.5,94,0.0,3.9,56,1005.0,100,56.3,56.6,1303.0,26.9,115.0,33.9
2025-09-10 20:00:00,2025,9,10,20,Hà Nội,Xã Tây Phương,21.0403672,105.6115528,168,Unhealthy,3,26.6,92,0.1,4.6,144,1006.2,100,56.9,57.2,1249.0,30.7,103.0,39.1
2025-09-10 21:00:00,2025,9,10,21,Hà Nội,Xã Tây Phương,21.0403672,105.6115528,167,Unhealthy,3,26.5,93,0.2,3.5,145,1007.3,100,62.6,62.9,1030.0,36.0,87.0,46.1
2025-09-10 22:00:00,2025,9,10,22,Hà Nội,Xã Tây Phương,21.0403672,105.6115528,166,Unhealthy,3,26.5,94,0.0,6.9,157,1007.7,100,68.0,68.2,817.0,39.5,73.0,50.4
2025-09-10 23:00:00,2025,9,10,23,Hà Nội,Xã Tây Phương,21.0403672,105.6115528,165,Unhealthy,3,26.4,94,0.0,7.0,145,1007.8,98,69.4,69.6,656.0,40.0,66.0,49.8
2025-09-11 00:00:00,2025,9,11,0,Hà Nội,Xã Tây Phương,21.0403672,105.6115528,163,Unhealthy,3,26.2,95,0.0,9.4,145,1007.5,100,66.6,66.8,501.0,38.7,61.0,46.4
2025-09-11 01:00:00,2025,9,11,1,Hà Nội,Xã Tây Phương,21.0403672,105.6115528,162,Unhealthy,3,26.0,96,0.3,10.3,119,1007.5,100,61.9,62.2,382.0,36.7,57.0,42.1
2025-09-11 02:00:00,2025,9,11,2,Hà Nội,Xã Tây Phương,21.0403672,105.6115528,160,Unhealthy,3,25.5,96,3.1,11.2,106,1007.0,100,49.9,50.3,314.0,33.5,52.0,36.6
2025-09-11 03:00:00,2025,9,11,3,Hà Nội,Xã Tây Phương,21.0403672,105.6115528,158,Unhealthy,3,25.2,97,0.0,12.0,112,1006.9,100,41.3,41.8,283.0,29.5,48.0,30.2
2025-09-11 04:00:00,2025,9,11,4,Hà Nội,Xã Tây Phương,21.0403672,105.6115528,156,Unhealthy,3,25.0,96,0.0,12.8,122,1006.8,100,35.4,36.0,272.0,26.6,44.0,25.9
2025-09-11 05:00:00,2025,9,11,5,Hà Nội,Xã Tây Phương,21.0403672,105.6115528,154,Unhealthy,3,24.9,95,0.0,8.7,130,1007.3,98,25.4,25.8,289.0,25.9,40.0,25.2
2025-09-11 06:00:00,2025,9,11,6,Hà Nội,Xã Tây Phương,21.0403672,105.6115528,151,Unhealthy,3,24.6,96,0.2,7.1,124,1007.9,100,23.5,23.8,327.0,26.4,37.0,26.6
2025-09-11 07:00:00,2025,9,11,7,Hà Nội,Xã Tây Phương,21.0403672,105.6115528,144,Unhealthy for Sensitive Groups,2,25.6,93,0.0,8.4,135,1008.6,100,18.2,18.3,352.0,28.2,32.0,31.4
2025-09-11 08:00:00,2025,9,11,8,Hà Nội,Xã Tây Phương,21.0403672,105.6115528,139,Unhealthy for Sensitive Groups,2,26.3,93,0.1,10.7,139,1009.2,99,17.6,17.8,349.0,27.0,39.0,32.2
2025-09-11 09:00:00,2025,9,11,9,Hà Nội,Xã Tây Phương,21.0403672,105.6115528,136,Unhealthy for Sensitive Groups,2,27.2,88,0.1,9.6,146,1009.7,100,21.0,21.1,333.0,25.2,50.0,33.3
2025-09-11 10:00:00,2025,9,11,10,Hà Nội,Xã Tây Phương,21.0403672,105.6115528,133,Unhealthy for Sensitive Groups,2,28.5,84,0.1,8.7,153,1009.4,98,22.2,22.6,316.0,22.5,71.0,33.4
2025-09-11 11:00:00,2025,9,11,11,Hà Nội,Xã Tây Phương,21.0403672,105.6115528,131,Unhealthy for Sensitive Groups,2,29.8,81,0.4,5.5,157,1009.0,98,30.0,30.5,299.0,17.8,109.0,31.8
2025-09-11 12:00:00,2025,9,11,12,Hà Nội,Xã Tây Phương,21.0403672,105.6115528,129,Unhealthy for Sensitive Groups,2,30.8,78,0.4,3.6,162,1007.7,99,34.6,35.2,281.0,12.3,156.0,29.3
2025-09-11 13:00:00,2025,9,11,13,Hà Nội,Xã Tây Phương,21.0403672,105.6115528,128,Unhealthy for Sensitive Groups,2,29.0,78,3.9,13.4,129,1007.3,100,39.8,40.5,271.0,8.6,192.0,27.1
2025-09-11 14:00:00,2025,9,11,14,Hà Nội,Xã Tây Phương,21.0403672,105.6115528,127,Unhealthy for Sensitive Groups,2,26.9,89,0.6,12.6,144,1006.0,98,45.3,46.1,268.0,7.5,210.0,25.3
2025-09-11 15:00:00,2025,9,11,15,Hà Nội,Xã Tây Phương,21.0403672,105.6115528,126,Unhealthy for Sensitive Groups,2,28.9,81,0.7,10.8,165,1005.3,100,50.9,51.8,274.0,8.2,216.0,23.9
2025-09-11 16:00:00,2025,9,11,16,Hà Nội,Xã Tây Phương,21.0403672,105.6115528,125,Unhealthy for Sensitive Groups,2,29.0,82,0.2,10.6,156,1004.3,100,55.2,56.1,296.0,12.0,207.0,24.0
2025-09-11 17:00:00,2025,9,11,17,Hà Nội,Xã Tây Phương,21.0403672,105.6115528,124,Unhealthy for Sensitive Groups,2,29.2,81,0.0,8.0,166,1004.4,100,54.9,55.6,358.0,21.1,174.0,26.4
2025-09-11 18:00:00,2025,9,11,18,Hà Nội,Xã Tây Phương,21.0403672,105.6115528,150,Unhealthy for Sensitive Groups,2,28.4,85,0.0,6.6,135,1004.5,96,60.1,60.8,438.0,33.2,125.0,30.2
2025-09-11 19:00:00,2025,9,11,19,Hà Nội,Xã Tây Phương,21.0403672,105.6115528,159,Unhealthy,3,27.9,86,0.0,11.5,135,1005.8,43,65.9,66.6,477.0,45.3,72.0,35.3
2025-09-11 20:00:00,2025,9,11,20,Hà Nội,Xã Tây Phương,21.0403672,105.6115528,153,Unhealthy,3,27.2,91,0.0,12.5,136,1007.4,93,59.1,60.3,435.0,47.9,62.0,39.1
2025-09-11 21:00:00,2025,9,11,21,Hà Nội,Xã Tây Phương,21.0403672,105.6115528,134,Unhealthy for Sensitive Groups,2,26.7,93,0.0,12.0,148,1008.3,98,59.8,61.2,352.0,51.5,47.0,44.3
2025-09-11 22:00:00,2025,9,11,22,Hà Nội,Xã Tây Phương,21.0403672,105.6115528,123,Unhealthy for Sensitive Groups,2,26.1,92,0.0,13.2,148,1009.0,100,65.9,67.3,292.0,53.9,35.0,47.5
2025-09-11 23:00:00,2025,9,11,23,Hà Nội,Xã Tây Phương,21.0403672,105.6115528,123,Unhealthy for Sensitive Groups,2,25.5,93,0.0,12.5,145,1009.6,100,61.9,63.1,285.0,53.7,29.0,46.5
2025-09-12 00:00:00,2025,9,12,0,Hà Nội,Xã Tây Phương,21.0403672,105.6115528,122,Unhealthy for Sensitive Groups,2,25.2,94,0.0,10.6,141,1009.1,100,58.0,59.3,302.0,52.3,25.0,43.6
2025-09-12 01:00:00,2025,9,12,1,Hà Nội,Xã Tây Phương,21.0403672,105.6115528,121,Unhealthy for Sensitive Groups,2,25.0,95,0.0,8.7,135,1008.4,100,55.8,57.7,314.0,51.4,22.0,41.5
2025-09-12 02:00:00,2025,9,12,2,Hà Nội,Xã Tây Phương,21.0403672,105.6115528,121,Unhealthy for Sensitive Groups,2,24.9,96,0.0,8.6,116,1008.5,100,53.7,57.0,306.0,52.3,18.0,41.5
2025-09-12 03:00:00,2025,9,12,3,Hà Nội,Xã Tây Phương,21.0403672,105.6115528,121,Unhealthy for Sensitive Groups,2,25.0,95,0.0,10.6,116,1008.1,100,55.6,58.9,294.0,53.8,15.0,42.4
2025-09-12 04:00:00,2025,9,12,4,Hà Nội,Xã Tây Phương,21.0403672,105.6115528,123,Unhealthy for Sensitive Groups,2,25.0,96,0.0,8.0,108,1007.8,98,53.8,56.8,296.0,53.8,14.0,43.6
2025-09-12 05:00:00,2025,9,12,5,Hà Nội,Xã Tây Phương,21.0403672,105.6115528,125,Unhealthy for Sensitive Groups,2,24.8,98,0.0,7.3,134,1008.0,89,52.7,55.9,334.0,51.5,14.0,45.5
2025-09-12 06:00:00,2025,9,12,6,Hà Nội,Xã Tây Phương,21.0403672,105.6115528,127,Unhealthy for Sensitive Groups,2,24.8,98,0.0,6.2,128,1008.1,100,55.4,58.6,386.0,47.7,17.0,47.8
2025-09-12 07:00:00,2025,9,12,7,Hà Nội,Xã Tây Phương,21.0403672,105.6115528,131,Unhealthy for Sensitive Groups,2,25.7,93,0.0,10.4,150,1008.9,95,39.6,41.9,408.0,38.2,27.0,42.9
2025-09-12 08:00:00,2025,9,12,8,Hà Nội,Xã Tây Phương,21.0403672,105.6115528,133,Unhealthy for Sensitive Groups,2,27.0,88,0.1,16.3,145,1009.8,99,33.9,36.6,370.0,33.2,46.0,41.6
2025-09-12 09:00:00,2025,9,12,9,Hà Nội,Xã Tây Phương,21.0403672,105.6115528,135,Unhealthy for Sensitive Groups,2,27.2,85,0.1,15.9,157,1010.3,93,30.9,33.5,301.0,26.2,74.0,39.7
2025-09-12 10:00:00,2025,9,12,10,Hà Nội,Xã Tây Phương,21.0403672,105.6115528,136,Unhealthy for Sensitive Groups,2,29.6,77,0.1,14.2,162,1010.1,93,28.8,30.4,246.0,19.8,101.0,37.2
2025-09-12 11:00:00,2025,9,12,11,Hà Nội,Xã Tây Phương,21.0403672,105.6115528,136,Unhealthy for Sensitive Groups,2,30.4,77,0.2,13.9,156,1009.4,89,27.2,27.9,219.0,14.5,130.0,33.6
2025-09-12 12:00:00,2025,9,12,12,Hà Nội,Xã Tây Phương,21.0403672,105.6115528,136,Unhealthy for Sensitive Groups,2,31.0,74,0.2,14.7,154,1008.5,95,28.6,29.2,205.0,9.9,158.0,29.5
2025-09-12 13:00:00,2025,9,12,13,Hà Nội,Xã Tây Phương,21.0403672,105.6115528,136,Unhealthy for Sensitive Groups,2,31.4,74,0.2,15.6,147,1007.3,84,33.8,34.2,206.0,7.3,174.0,26.2
2025-09-12 14:00:00,2025,9,12,14,Hà Nội,Xã Tây Phương,21.0403672,105.6115528,135,Unhealthy for Sensitive Groups,2,30.2,76,2.6,17.7,141,1006.3,96,37.5,38.0,225.0,6.6,170.0,23.7
2025-09-12 15:00:00,2025,9,12,15,Hà Nội,Xã Tây Phương,21.0403672,105.6115528,134,Unhealthy for Sensitive Groups,2,29.1,81,0.6,15.9,138,1006.2,88,37.4,37.8,258.0,7.8,153.0,22.1
2025-09-12 16:00:00,2025,9,12,16,Hà Nội,Xã Tây Phương,21.0403672,105.6115528,133,Unhealthy for Sensitive Groups,2,29.0,84,0.5,14.1,158,1005.8,99,34.2,34.6,295.0,12.5,132.0,22.7
2025-09-12 17:00:00,2025,9,12,17,Hà Nội,Xã Tây Phương,21.0403672,105.6115528,130,Unhealthy for Sensitive Groups,2,27.1,89,1.5,17.8,140,1006.5,91,34.9,35.2,329.0,23.0,107.0,26.8
2025-09-12 18:00:00,2025,9,12,18,Hà Nội,Xã Tây Phương,21.0403672,105.6115528,128,Unhealthy for Sensitive Groups,2,26.2,89,0.0,8.1,137,1006.9,47,41.8,42.0,367.0,37.0,77.0,33.2
2025-09-12 19:00:00,2025,9,12,19,Hà Nội,Xã Tây Phương,21.0403672,105.6115528,126,Unhealthy for Sensitive Groups,2,25.8,92,0.0,10.1,137,1007.4,78,51.8,52.9,416.0,46.8,52.0,38.7
2025-09-12 20:00:00,2025,9,12,20,Hà Nội,Xã Tây Phương,21.0403672,105.6115528,125,Unhealthy for Sensitive Groups,2,25.6,93,0.0,8.7,143,1008.7,66,58.2,59.5,493.0,51.4,44.0,45.5
2025-09-12 21:00:00,2025,9,12,21,Hà Nội,Xã Tây Phương,21.0403672,105.6115528,125,Unhealthy for Sensitive Groups,2,25.6,94,0.0,7.0,151,1009.6,89,68.2,69.6,581.0,57.7,33.0,54.9
2025-09-12 22:00:00,2025,9,12,22,Hà Nội,Xã Tây Phương,21.0403672,105.6115528,126,Unhealthy for Sensitive Groups,2,25.5,95,0.0,6.0,151,1009.6,70,71.0,72.4,634.0,62.5,24.0,62.7
2025-09-12 23:00:00,2025,9,12,23,Hà Nội,Xã Tây Phương,21.0403672,105.6115528,126,Unhealthy for Sensitive Groups,2,25.4,96,0.0,4.5,143,1009.7,87,73.3,75.0,628.0,64.5,18.0,67.4
2025-09-13 00:00:00,2025,9,13,0,Hà Nội,Xã Tây Phương,21.0403672,105.6115528,128,Unhealthy for Sensitive Groups,2,25.4,96,0.0,4.8,146,1009.6,67,75.7,77.3,588.0,65.0,15.0,70.3
2025-09-13 01:00:00,2025,9,13,1,Hà Nội,Xã Tây Phương,21.0403672,105.6115528,129,Unhealthy for Sensitive Groups,2,25.4,96,0.0,5.4,127,1009.4,10,76.8,78.5,537.0,65.0,11.0,71.5
2025-09-13 02:00:00,2025,9,13,2,Hà Nội,Xã Tây Phương,21.0403672,105.6115528,132,Unhealthy for Sensitive Groups,2,25.4,96,0.0,6.7,110,1009.2,80,75.2,77.5,468.0,65.3,7.0,69.9
2025-09-13 03:00:00,2025,9,13,3,Hà Nội,Xã Tây Phương,21.0403672,105.6115528,134,Unhealthy for Sensitive Groups,2,25.2,97,0.0,5.6,112,1008.9,93,75.7,79.2,388.0,65.0,2.0,66.5
2025-09-13 04:00:00,2025,9,13,4,Hà Nội,Xã Tây Phương,21.0403672,105.6115528,136,Unhealthy for Sensitive Groups,2,25.0,97,0.0,5.4,132,1008.8,100,80.6,84.5,347.0,63.0,1.0,64.2
2025-09-13 05:00:00,2025,9,13,5,Hà Nội,Xã Tây Phương,21.0403672,105.6115528,139,Unhealthy for Sensitive Groups,2,24.9,98,0.0,5.5,134,1008.8,100,83.6,87.1,389.0,58.3,3.0,65.2
2025-09-13 06:00:00,2025,9,13,6,Hà Nội,Xã Tây Phương,21.0403672,105.6115528,142,Unhealthy for Sensitive Groups,2,24.7,98,0.0,4.2,130,1009.2,100,83.1,86.6,469.0,51.8,8.0,67.2
2025-09-13 07:00:00,2025,9,13,7,Hà Nội,Xã Tây Phương,21.0403672,105.6115528,145,Unhealthy for Sensitive Groups,2,26.0,94,0.0,6.0,127,1009.6,100,58.6,61.5,500.0,37.1,16.0,43.8
2025-09-13 08:00:00,2025,9,13,8,Hà Nội,Xã Tây Phương,21.0403672,105.6115528,147,Unhealthy for Sensitive Groups,2,27.8,89,0.0,6.5,157,1010.7,100,44.0,47.1,425.0,32.7,24.0,42.1
2025-09-13 09:00:00,2025,9,13,9,Hà Nội,Xã Tây Phương,21.0403672,105.6115528,148,Unhealthy for Sensitive Groups,2,29.2,82,0.1,10.2,163,1011.1,99,33.5,37.1,300.0,26.4,37.0,39.7
2025-09-13 10:00:00,2025,9,13,10,Hà Nội,Xã Tây Phương,21.0403672,105.6115528,148,Unhealthy for Sensitive Groups,2,30.3,76,0.0,12.0,154,1011.1,100,27.4,30.6,206.0,20.6,54.0,36.9
2025-09-13 11:00:00,2025,9,13,11,Hà Nội,Xã Tây Phương,21.0403672,105.6115528,148,Unhealthy for Sensitive Groups,2,30.9,73,0.0,12.2,156,1010.6,100,25.0,26.1,176.0,15.9,79.0,33.2
2025-09-13 12:00:00,2025,9,13,12,Hà Nội,Xã Tây Phương,21.0403672,105.6115528,148,Unhealthy for Sensitive Groups,2,31.5,69,0.1,13.2,154,1009.3,100,28.3,29.4,177.0,11.6,108.0,29.2
2025-09-13 13:00:00,2025,9,13,13,Hà Nội,Xã Tây Phương,21.0403672,105.6115528,148,Unhealthy for Sensitive Groups,2,32.0,66,0.0,12.9,155,1008.0,99,32.1,33.1,186.0,8.7,133.0,26.4
2025-09-13 14:00:00,2025,9,13,14,Hà Nội,Xã Tây Phương,21.0403672,105.6115528,147,Unhealthy for Sensitive Groups,2,32.1,66,0.0,13.3,150,1006.8,99,35.3,36.1,190.0,6.5,156.0,25.6
2025-09-13 15:00:00,2025,9,13,15,Hà Nội,Xã Tây Phương,21.0403672,105.6115528,147,Unhealthy for Sensitive Groups,2,31.9,65,0.0,13.7,140,1006.2,100,38.4,39.2,203.0,5.6,175.0,26.2
2025-09-13 16:00:00,2025,9,13,16,Hà Nội,Xã Tây Phương,21.0403672,105.6115528,147,Unhealthy for Sensitive Groups,2,31.4,68,0.0,12.3,136,1006.0,100,39.3,40.0,245.0,8.6,178.0,27.8
2025-09-13 17:00:00,2025,9,13,17,Hà Nội,Xã Tây Phương,21.0403672,105.6115528,148,Unhealthy for Sensitive Groups,2,30.6,72,0.0,10.3,136,1006.0,87,38.1,38.5,346.0,17.8,155.0,30.1
2025-09-13 18:00:00,2025,9,13,18,Hà Nội,Xã Tây Phương,21.0403672,105.6115528,148,Unhealthy for Sensitive Groups,2,29.2,78,0.0,7.4,135,1006.5,98,43.9,44.2,476.0,30.9,115.0,33.5
2025-09-13 19:00:00,2025,9,13,19,Hà Nội,Xã Tây Phương,21.0403672,105.6115528,148,Unhealthy for Sensitive Groups,2,28.4,83,0.0,7.9,125,1007.6,100,60.8,61.2,572.0,40.7,97.0,41.7
2025-09-13 20:00:00,2025,9,13,20,Hà Nội,Xã Tây Phương,21.0403672,105.6115528,149,Unhealthy for Sensitive Groups,2,28.5,80,0.0,6.9,127,1008.8,100,73.1,73.6,593.0,46.6,82.0,46.8
2025-09-13 21:00:00,2025,9,13,21,Hà Nội,Xã Tây Phương,21.0403672,105.6115528,150,Unhealthy for Sensitive Groups,2,28.4,81,0.0,7.7,143,1009.5,100,83.4,83.8,578.0,54.8,61.0,53.7
2025-09-13 22:00:00,2025,9,13,22,Hà Nội,Xã Tây Phương,21.0403672,105.6115528,151,Unhealthy,3,28.1,81,0.0,8.7,148,1009.9,100,90.8,91.7,583.0,61.5,43.0,58.8
2025-09-13 23:00:00,2025,9,13,23,Hà Nội,Xã Tây Phương,21.0403672,105.6115528,151,Unhealthy,3,27.2,85,0.0,5.4,159,1009.9,100,95.5,97.1,638.0,65.0,31.0,59.7
2025-09-14 00:00:00,2025,9,14,0,Hà Nội,Xã Tây Phương,21.0403672,105.6115528,151,Unhealthy,3,26.6,89,0.0,4.8,158,1009.9,100,93.1,94.5,713.0,67.1,22.0,58.7
2025-09-14 01:00:00,2025,9,14,1,Hà Nội,Xã Tây Phương,21.0403672,105.6115528,152,Unhealthy,3,26.0,91,0.0,5.0,150,1009.5,100,90.8,92.0,767.0,69.2,15.0,58.8
2025-09-14 02:00:00,2025,9,14,2,Hà Nội,Xã Tây Phương,21.0403672,105.6115528,152,Unhealthy,3,25.5,94,0.0,4.0,144,1009.1,100,93.8,95.0,786.0,72.8,8.0,61.7
2025-09-14 03:00:00,2025,9,14,3,Hà Nội,Xã Tây Phương,21.0403672,105.6115528,153,Unhealthy,3,25.1,95,0.0,3.9,127,1008.7,100,98.0,99.4,785.0,76.5,3.0,65.6
2025-09-14 04:00:00,2025,9,14,4,Hà Nội,Xã Tây Phương,21.0403672,105.6115528,153,Unhealthy,3,25.0,95,0.0,1.4,130,1008.9,100,101.7,103.4,765.0,77.5,1.0,68.7
2025-09-14 05:00:00,2025,9,14,5,Hà Nội,Xã Tây Phương,21.0403672,105.6115528,154,Unhealthy,3,24.8,96,0.0,0.4,243,1009.0,100,105.5,108.5,718.0,74.6,4.0,70.7
2025-09-14 06:00:00,2025,9,14,6,Hà Nội,Xã Tây Phương,21.0403672,105.6115528,154,Unhealthy,3,24.6,97,0.0,1.1,108,1009.3,80,110.8,114.3,652.0,69.0,10.0,71.7
2025-09-14 07:00:00,2025,9,14,7,Hà Nội,Xã Tây Phương,21.0403672,105.6115528,155,Unhealthy,3,26.0,94,0.0,4.5,124,1010.5,99,97.1,98.0,591.0,55.7,23.0,57.4
2025-09-14 08:00:00,2025,9,14,8,Hà Nội,Xã Tây Phương,21.0403672,105.6115528,155,Unhealthy,3,27.9,88,0.0,4.2,78,1010.8,100,66.1,67.3,546.0,48.0,31.0,54.7
2025-09-14 09:00:00,2025,9,14,9,Hà Nội,Xã Tây Phương,21.0403672,105.6115528,156,Unhealthy,3,29.1,80,0.1,3.2,128,1011.1,100,42.3,43.3,507.0,37.2,43.0,50.8
2025-09-14 10:00:00,2025,9,14,10,Hà Nội,Xã Tây Phương,21.0403672,105.6115528,156,Unhealthy,3,30.1,72,0.2,5.0,150,1011.4,100,29.4,29.9,462.0,27.7,60.0,46.8
2025-09-14 11:00:00,2025,9,14,11,Hà Nội,Xã Tây Phương,21.0403672,105.6115528,156,Unhealthy,3,30.8,71,0.0,4.8,146,1010.7,100,27.6,28.0,399.0,20.9,86.0,42.8
2025-09-14 12:00:00,2025,9,14,12,Hà Nội,Xã Tây Phương,21.0403672,105.6115528,156,Unhealthy,3,31.6,68,0.0,5.3,162,1009.6,99,28.8,29.0,331.0,15.4,117.0,38.7
2025-09-14 13:00:00,2025,9,14,13,Hà Nội,Xã Tây Phương,21.0403672,105.6115528,156,Unhealthy,3,31.3,70,0.1,9.3,134,1007.6,100,31.2,31.4,289.0,11.6,143.0,35.2
2025-09-14 14:00:00,2025,9,14,14,Hà Nội,Xã Tây Phương,21.0403672,105.6115528,156,Unhealthy,3,30.5,73,0.9,9.3,127,1006.5,100,33.8,33.9,283.0,9.0,164.0,32.2
2025-09-14 15:00:00,2025,9,14,15,Hà Nội,Xã Tây Phương,21.0403672,105.6115528,156,Unhealthy,3,31.1,69,0.0,7.8,127,1005.9,100,35.5,35.7,303.0,8.1,181.0,29.8
2025-09-14 16:00:00,2025,9,14,16,Hà Nội,Xã Tây Phương,21.0403672,105.6115528,156,Unhealthy,3,30.8,69,0.0,9.8,126,1005.9,100,37.4,37.5,353.0,10.6,184.0,29.3
2025-09-14 17:00:00,2025,9,14,17,Hà Nội,Xã Tây Phương,21.0403672,105.6115528,156,Unhealthy,3,29.8,78,0.0,9.4,116,1006.3,98,39.2,39.3,456.0,18.9,167.0,31.9
2025-09-14 18:00:00,2025,9,14,18,Hà Nội,Xã Tây Phương,21.0403672,105.6115528,156,Unhealthy,3,28.9,80,0.0,7.6,117,1006.9,99,48.1,48.2,589.0,30.6,137.0,36.3
2025-09-14 19:00:00,2025,9,14,19,Hà Nội,Xã Tây Phương,21.0403672,105.6115528,156,Unhealthy,3,28.0,84,0.0,7.6,126,1007.6,83,63.8,64.0,683.0,45.7,99.0,41.7
2025-09-14 20:00:00,2025,9,14,20,Hà Nội,Xã Tây Phương,21.0403672,105.6115528,156,Unhealthy,3,27.9,85,0.0,10.7,143,1008.5,100,67.1,67.3,711.0,45.1,86.0,41.8
2025-09-14 21:00:00,2025,9,14,21,Hà Nội,Xã Tây Phương,21.0403672,105.6115528,156,Unhealthy,3,27.5,86,0.0,9.8,150,1009.4,100,64.3,64.3,699.0,44.4,67.0,41.9
2025-09-14 22:00:00,2025,9,14,22,Hà Nội,Xã Tây Phương,21.0403672,105.6115528,156,Unhealthy,3,27.0,88,0.0,8.7,158,1009.6,99,58.4,58.7,661.0,44.4,51.0,41.6
2025-09-14 23:00:00,2025,9,14,23,Hà Nội,Xã Tây Phương,21.0403672,105.6115528,155,Unhealthy,3,26.6,89,0.0,7.8,165,1009.6,100,52.7,53.4,587.0,45.4,39.0,40.3
2025-09-15 00:00:00,2025,9,15,0,Hà Nội,Xã Tây Phương,21.0403672,105.6115528,154,Unhealthy,3,26.4,90,0.0,7.6,149,1009.4,41,52.4,53.2,486.0,47.1,29.0,38.7
2025-09-15 01:00:00,2025,9,15,1,Hà Nội,Xã Tây Phương,21.0403672,105.6115528,153,Unhealthy,3,26.1,91,0.0,9.0,151,1008.9,82,52.5,53.4,400.0,49.0,21.0,38.2
2025-09-15 02:00:00,2025,9,15,2,Hà Nội,Xã Tây Phương,21.0403672,105.6115528,152,Unhealthy,3,25.8,92,0.0,12.7,148,1008.6,100,52.6,54.2,337.0,51.8,14.0,39.9
2025-09-15 03:00:00,2025,9,15,3,Hà Nội,Xã Tây Phương,21.0403672,105.6115528,151,Unhealthy,3,25.2,91,0.0,10.7,138,1008.6,100,51.1,53.3,290.0,54.9,9.0,42.8
2025-09-15 04:00:00,2025,9,15,4,Hà Nội,Xã Tây Phương,21.0403672,105.6115528,150,Unhealthy for Sensitive Groups,2,24.9,92,0.0,7.4,94,1008.6,100,55.5,57.6,272.0,55.6,7.0,45.3
2025-09-15 05:00:00,2025,9,15,5,Hà Nội,Xã Tây Phương,21.0403672,105.6115528,147,Unhealthy for Sensitive Groups,2,24.8,93,0.0,9.7,112,1009.2,100,52.9,54.7,308.0,52.5,8.0,47.3
2025-09-15 06:00:00,2025,9,15,6,Hà Nội,Xã Tây Phương,21.0403672,105.6115528,142,Unhealthy for Sensitive Groups,2,24.6,94,0.0,4.1,105,1009.8,100,53.2,55.1,373.0,47.1,12.0,48.9
2025-09-15 07:00:00,2025,9,15,7,Hà Nội,Xã Tây Phương,21.0403672,105.6115528,136,Unhealthy for Sensitive Groups,2,25.5,91,0.0,6.7,85,1010.2,82,36.8,38.3,415.0,42.4,17.0,44.7
2025-09-15 08:00:00,2025,9,15,8,Hà Nội,Xã Tây Phương,21.0403672,105.6115528,129,Unhealthy for Sensitive Groups,2,27.6,87,0.1,5.3,80,1010.9,98,31.3,32.6,404.0,36.2,28.0,43.9
2025-09-15 09:00:00,2025,9,15,9,Hà Nội,Xã Tây Phương,21.0403672,105.6115528,126,Unhealthy for Sensitive Groups,2,28.8,81,0.2,4.3,112,1011.2,100,24.2,24.7,369.0,27.6,44.0,42.7
2025-09-15 10:00:00,2025,9,15,10,Hà Nội,Xã Tây Phương,21.0403672,105.6115528,124,Unhealthy for Sensitive Groups,2,29.0,80,0.2,3.3,99,1010.9,100,23.5,23.6,340.0,20.5,62.0,40.7
2025-09-15 11:00:00,2025,9,15,11,Hà Nội,Xã Tây Phương,21.0403672,105.6115528,123,Unhealthy for Sensitive Groups,2,29.5,79,0.4,5.8,106,1010.7,100,25.9,26.1,328.0,16.3,82.0,36.8
2025-09-15 12:00:00,2025,9,15,12,Hà Nội,Xã Tây Phương,21.0403672,105.6115528,123,Unhealthy for Sensitive Groups,2,29.5,78,0.3,8.4,110,1009.8,93,29.6,29.8,321.0,13.7,103.0,32.1
2025-09-15 13:00:00,2025,9,15,13,Hà Nội,Xã Tây Phương,21.0403672,105.6115528,123,Unhealthy for Sensitive Groups,2,28.1,82,2.2,9.1,120,1008.6,95,34.5,34.7,314.0,12.8,119.0,29.1
2025-09-15 14:00:00,2025,9,15,14,Hà Nội,Xã Tây Phương,21.0403672,105.6115528,123,Unhealthy for Sensitive Groups,2,28.6,79,0.3,13.0,143,1008.2,100,37.8,38.0,299.0,13.3,127.0,29.0
2025-09-15 15:00:00,2025,9,15,15,Hà Nội,Xã Tây Phương,21.0403672,105.6115528,124,Unhealthy for Sensitive Groups,2,29.2,78,0.0,10.6,148,1007.6,23,40.6,40.7,283.0,15.5,128.0,30.6
2025-09-15 16:00:00,2025,9,15,16,Hà Nội,Xã Tây Phương,21.0403672,105.6115528,124,Unhealthy for Sensitive Groups,2,29.4,76,0.1,12.1,145,1007.1,74,39.8,40.0,284.0,20.3,123.0,33.3
2025-09-15 17:00:00,2025,9,15,17,Hà Nội,Xã Tây Phương,21.0403672,105.6115528,125,Unhealthy for Sensitive Groups,2,28.8,77,0.0,10.2,146,1007.0,98,41.8,41.9,316.0,29.4,107.0,37.1
2025-09-15 18:00:00,2025,9,15,18,Hà Nội,Xã Tây Phương,21.0403672,105.6115528,125,Unhealthy for Sensitive Groups,2,27.8,80,0.0,12.3,150,1007.7,95,52.3,52.4,366.0,41.2,83.0,42.0
2025-09-15 19:00:00,2025,9,15,19,Hà Nội,Xã Tây Phương,21.0403672,105.6115528,125,Unhealthy for Sensitive Groups,2,26.8,86,0.0,12.2,155,1008.7,88,48.1,48.9,409.0,52.9,35.0,43.4
2025-09-15 20:00:00,2025,9,15,20,Hà Nội,Xã Tây Phương,21.0403672,105.6115528,124,Unhealthy for Sensitive Groups,2,26.9,86,0.0,7.7,168,1009.7,100,56.6,57.9,439.0,57.8,27.0,46.9
2025-09-15 21:00:00,2025,9,15,21,Hà Nội,Xã Tây Phương,21.0403672,105.6115528,123,Unhealthy for Sensitive Groups,2,26.4,87,0.0,6.9,160,1010.7,100,63.3,65.4,462.0,64.6,15.0,51.6
2025-09-15 22:00:00,2025,9,15,22,Hà Nội,Xã Tây Phương,21.0403672,105.6115528,122,Unhealthy for Sensitive Groups,2,26.1,89,0.0,5.8,166,1011.0,99,67.8,70.1,472.0,69.4,6.0,54.7
2025-09-15 23:00:00,2025,9,15,23,Hà Nội,Xã Tây Phương,21.0403672,105.6115528,123,Unhealthy for Sensitive Groups,2,25.8,91,0.0,5.5,136,1011.0,94,68.2,70.5,465.0,70.7,2.0,54.6
2025-09-16 00:00:00,2025,9,16,0,Hà Nội,Xã Tây Phương,21.0403672,105.6115528,125,Unhealthy for Sensitive Groups,2,25.5,93,0.0,7.0,111,1010.9,96,70.3,72.6,444.0,70.1,1.0,53.0
2025-09-16 01:00:00,2025,9,16,1,Hà Nội,Xã Tây Phương,21.0403672,105.6115528,127,Unhealthy for Sensitive Groups,2,24.3,97,5.7,9.9,90,1010.7,100,78.7,81.0,411.0,68.7,0.0,51.7
2025-09-16 02:00:00,2025,9,16,2,Hà Nội,Xã Tây Phương,21.0403672,105.6115528,130,Unhealthy for Sensitive Groups,2,24.1,96,1.5,5.1,82,1010.2,100,78.9,81.3,354.0,66.8,0.0,51.4
2025-09-16 03:00:00,2025,9,16,3,Hà Nội,Xã Tây Phương,21.0403672,105.6115528,132,Unhealthy for Sensitive Groups,2,24.2,97,0.1,4.0,63,1010.3,100,69.8,72.2,285.0,64.0,0.0,51.5
2025-09-16 04:00:00,2025,9,16,4,Hà Nội,Xã Tây Phương,21.0403672,105.6115528,134,Unhealthy for Sensitive Groups,2,24.0,98,0.1,3.7,51,1009.8,100,62.9,65.2,247.0,60.2,1.0,51.9
2025-09-16 05:00:00,2025,9,16,5,Hà Nội,Xã Tây Phương,21.0403672,105.6115528,135,Unhealthy for Sensitive Groups,2,24.0,98,0.0,3.3,61,1010.1,100,53.6,55.6,268.0,55.3,3.0,53.5
2025-09-16 06:00:00,2025,9,16,6,Hà Nội,Xã Tây Phương,21.0403672,105.6115528,135,Unhealthy for Sensitive Groups,2,23.9,98,0.2,3.9,24,1010.4,97,47.1,49.1,320.0,49.4,6.0,55.4
2025-09-16 07:00:00,2025,9,16,7,Hà Nội,Xã Tây Phương,21.0403672,105.6115528,135,Unhealthy for Sensitive Groups,2,24.5,95,0.3,6.7,31,1011.4,100,42.0,43.4,359.0,43.5,14.0,52.7
2025-09-16 08:00:00,2025,9,16,8,Hà Nội,Xã Tây Phương,21.0403672,105.6115528,135,Unhealthy for Sensitive Groups,2,26.7,91,0.1,6.7,84,1012.0,96,26.8,28.2,368.0,37.3,23.0,48.4
2025-09-16 09:00:00,2025,9,16,9,Hà Nội,Xã Tây Phương,21.0403672,105.6115528,135,Unhealthy for Sensitive Groups,2,27.9,85,0.1,3.6,131,1012.4,94,23.8,25.5,364.0,28.6,37.0,42.4
2025-09-16 10:00:00,2025,9,16,10,Hà Nội,Xã Tây Phương,21.0403672,105.6115528,135,Unhealthy for Sensitive Groups,2,29.0,81,0.1,0.4,153,1011.8,91,19.4,19.8,350.0,21.2,53.0,37.3
2025-09-16 11:00:00,2025,9,16,11,Hà Nội,Xã Tây Phương,21.0403672,105.6115528,134,Unhealthy for Sensitive Groups,2,30.1,75,0.0,1.9,304,1011.0,97,22.7,23.1,316.0,16.5,72.0,34.0
2025-09-16 12:00:00,2025,9,16,12,Hà Nội,Xã Tây Phương,21.0403672,105.6115528,134,Unhealthy for Sensitive Groups,2,30.6,72,0.2,2.9,292,1009.6,95,25.3,25.6,273.0,13.2,94.0,31.7
2025-09-16 13:00:00,2025,9,16,13,Hà Nội,Xã Tây Phương,21.0403672,105.6115528,133,Unhealthy for Sensitive Groups,2,31.1,70,0.0,1.5,346,1007.7,93,29.2,29.5,251.0,10.9,114.0,30.5
2025-09-16 14:00:00,2025,9,16,14,Hà Nội,Xã Tây Phương,21.0403672,105.6115528,133,Unhealthy for Sensitive Groups,2,31.4,71,0.0,3.7,79,1006.6,83,34.7,35.0,265.0,8.8,136.0,30.4
2025-09-16 15:00:00,2025,9,16,15,Hà Nội,Xã Tây Phương,21.0403672,105.6115528,132,Unhealthy for Sensitive Groups,2,31.4,71,0.0,5.1,98,1005.8,36,39.2,39.6,301.0,7.7,157.0,31.3
2025-09-16 16:00:00,2025,9,16,16,Hà Nội,Xã Tây Phương,21.0403672,105.6115528,132,Unhealthy for Sensitive Groups,2,30.9,71,0.0,6.6,139,1005.4,9,41.9,42.1,351.0,10.2,164.0,33.2
2025-09-16 17:00:00,2025,9,16,17,Hà Nội,Xã Tây Phương,21.0403672,105.6115528,133,Unhealthy for Sensitive Groups,2,30.4,74,0.0,5.4,166,1005.4,6,43.7,43.9,425.0,19.1,148.0,36.6
2025-09-16 18:00:00,2025,9,16,18,Hà Nội,Xã Tây Phương,21.0403672,105.6115528,133,Unhealthy for Sensitive Groups,2,29.0,80,0.0,5.4,165,1006.0,13,62.9,63.1,513.0,31.5,119.0,41.0
2025-09-16 19:00:00,2025,9,16,19,Hà Nội,Xã Tây Phương,21.0403672,105.6115528,134,Unhealthy for Sensitive Groups,2,28.3,81,0.4,6.1,148,1007.4,53,50.3,50.4,572.0,32.8,118.0,40.0
2025-09-16 20:00:00,2025,9,16,20,Hà Nội,Xã Tây Phương,21.0403672,105.6115528,134,Unhealthy for Sensitive Groups,2,28.0,79,0.0,7.4,151,1008.3,28,44.8,44.9,577.0,35.0,101.0,39.3
2025-09-16 21:00:00,2025,9,16,21,Hà Nội,Xã Tây Phương,21.0403672,105.6115528,133,Unhealthy for Sensitive Groups,2,27.6,82,0.0,10.7,143,1009.3,11,41.7,41.7,555.0,38.2,78.0,38.7
2025-09-16 22:00:00,2025,9,16,22,Hà Nội,Xã Tây Phương,21.0403672,105.6115528,131,Unhealthy for Sensitive Groups,2,27.1,85,0.0,10.3,153,1009.6,4,48.9,48.9,540.0,41.2,60.0,39.7
2025-09-16 23:00:00,2025,9,16,23,Hà Nội,Xã Tây Phương,21.0403672,105.6115528,129,Unhealthy for Sensitive Groups,2,26.7,87,0.0,10.3,158,1010.0,7,55.1,55.1,546.0,44.3,53.0,44.5
2025-09-17 00:00:00,2025,9,17,0,Hà Nội,Xã Tây Phương,21.0403672,105.6115528,127,Unhealthy for Sensitive Groups,2,26.4,88,0.0,8.8,184,1009.1,1,61.0,61.2,560.0,47.2,50.0,51.0
2025-09-17 01:00:00,2025,9,17,1,Hà Nội,Xã Tây Phương,21.0403672,105.6115528,126,Unhealthy for Sensitive Groups,2,25.9,89,0.0,5.5,193,1008.3,1,65.2,65.4,581.0,48.7,48.0,55.0
2025-09-17 02:00:00,2025,9,17,2,Hà Nội,Xã Tây Phương,21.0403672,105.6115528,125,Unhealthy for Sensitive Groups,2,25.4,91,0.0,1.9,107,1007.7,9,61.2,61.5,625.0,47.6,43.0,53.5
2025-09-17 03:00:00,2025,9,17,3,Hà Nội,Xã Tây Phương,21.0403672,105.6115528,123,Unhealthy for Sensitive Groups,2,25.1,93,0.0,2.1,59,1007.2,16,56.9,56.9,677.0,45.1,38.0,49.4
2025-09-17 04:00:00,2025,9,17,4,Hà Nội,Xã Tây Phương,21.0403672,105.6115528,122,Unhealthy for Sensitive Groups,2,24.9,96,0.0,3.7,67,1007.4,33,53.9,54.0,690.0,42.8,35.0,47.7
2025-09-17 05:00:00,2025,9,17,5,Hà Nội,Xã Tây Phương,21.0403672,105.6115528,121,Unhealthy for Sensitive Groups,2,24.9,96,0.0,8.6,54,1007.7,57,58.1,58.2,631.0,42.2,33.0,52.2
2025-09-17 06:00:00,2025,9,17,6,Hà Nội,Xã Tây Phương,21.0403672,105.6115528,121,Unhealthy for Sensitive Groups,2,24.7,96,0.0,10.1,65,1008.3,49,61.5,61.5,534.0,41.9,34.0,59.0
2025-09-17 07:00:00,2025,9,17,7,Hà Nội,Xã Tây Phương,21.0403672,105.6115528,123,Unhealthy for Sensitive Groups,2,25.2,92,0.0,6.2,44,1009.0,33,49.1,49.6,451.0,39.9,28.0,54.4
2025-09-17 08:00:00,2025,9,17,8,Hà Nội,Xã Tây Phương,21.0403672,105.6115528,123,Unhealthy for Sensitive Groups,2,28.1,82,0.0,3.3,54,1009.7,38,35.7,35.9,406.0,32.8,41.0,49.5
2025-09-17 09:00:00,2025,9,17,9,Hà Nội,Xã Tây Phương,21.0403672,105.6115528,124,Unhealthy for Sensitive Groups,2,29.1,77,0.0,2.6,65,1010.2,36,24.2,24.4,375.0,22.9,59.0,42.6
2025-09-17 10:00:00,2025,9,17,10,Hà Nội,Xã Tây Phương,21.0403672,105.6115528,124,Unhealthy for Sensitive Groups,2,29.9,75,0.1,3.6,45,1010.3,17,19.6,19.8,347.0,14.8,79.0,37.0
2025-09-17 11:00:00,2025,9,17,11,Hà Nội,Xã Tây Phương,21.0403672,105.6115528,124,Unhealthy for Sensitive Groups,2,30.6,72,0.1,5.0,44,1009.6,83,22.4,22.6,312.0,10.0,104.0,33.7
2025-09-17 12:00:00,2025,9,17,12,Hà Nội,Xã Tây Phương,21.0403672,105.6115528,124,Unhealthy for Sensitive Groups,2,31.2,69,0.1,6.3,51,1008.4,84,25.0,25.3,280.0,7.0,130.0,31.6
2025-09-17 13:00:00,2025,9,17,13,Hà Nội,Xã Tây Phương,21.0403672,105.6115528,124,Unhealthy for Sensitive Groups,2,31.1,68,0.1,6.4,63,1007.1,96,28.9,29.2,264.0,6.2,145.0,30.6
2025-09-17 14:00:00,2025,9,17,14,Hà Nội,Xã Tây Phương,21.0403672,105.6115528,124,Unhealthy for Sensitive Groups,2,30.5,69,1.2,14.0,91,1006.2,100,33.6,34.0,260.0,7.8,143.0,30.7
2025-09-17 15:00:00,2025,9,17,15,Hà Nội,Xã Tây Phương,21.0403672,105.6115528,124,Unhealthy for Sensitive Groups,2,26.8,85,1.6,12.4,121,1006.2,100,34.6,34.8,272.0,11.6,130.0,31.9
2025-09-17 16:00:00,2025,9,17,16,Hà Nội,Xã Tây Phương,21.0403672,105.6115528,124,Unhealthy for Sensitive Groups,2,27.4,82,0.0,8.9,114,1005.7,100,34.5,34.6,334.0,17.6,113.0,34.2
2025-09-17 17:00:00,2025,9,17,17,Hà Nội,Xã Tây Phương,21.0403672,105.6115528,123,Unhealthy for Sensitive Groups,2,27.4,82,0.0,8.4,118,1005.4,100,35.5,35.6,488.0,27.2,92.0,37.7
2025-09-17 18:00:00,2025,9,17,18,Hà Nội,Xã Tây Phương,21.0403672,105.6115528,122,Unhealthy for Sensitive Groups,2,26.8,85,0.1,6.3,103,1006.2,100,40.6,40.6,690.0,39.0,67.0,42.3
2025-09-17 19:00:00,2025,9,17,19,Hà Nội,Xã Tây Phương,21.0403672,105.6115528,120,Unhealthy for Sensitive Groups,2,26.2,89,0.0,4.1,124,1007.3,100,67.3,67.8,845.0,56.2,38.0,49.5
2025-09-17 20:00:00,2025,9,17,20,Hà Nội,Xã Tây Phương,21.0403672,105.6115528,122,Unhealthy for Sensitive Groups,2,26.3,92,0.0,2.5,159,1007.8,100,72.6,73.1,906.0,58.9,32.0,56.0
2025-09-17 21:00:00,2025,9,17,21,Hà Nội,Xã Tây Phương,21.0403672,105.6115528,124,Unhealthy for Sensitive Groups,2,26.2,93,0.0,1.1,189,1008.8,100,75.4,75.7,919.0,62.5,24.0,64.9
2025-09-17 22:00:00,2025,9,17,22,Hà Nội,Xã Tây Phương,21.0403672,105.6115528,128,Unhealthy for Sensitive Groups,2,26.1,93,0.0,1.0,202,1009.4,100,76.1,76.6,927.0,64.6,17.0,70.6
2025-09-17 23:00:00,2025,9,17,23,Hà Nội,Xã Tây Phương,21.0403672,105.6115528,131,Unhealthy for Sensitive Groups,2,25.2,96,0.3,2.9,43,1009.5,100,72.4,72.9,966.0,64.1,13.0,70.4
2025-09-18 00:00:00,2025,9,18,0,Hà Nội,Xã Tây Phương,21.0403672,105.6115528,133,Unhealthy for Sensitive Groups,2,25.2,96,0.0,1.7,283,1009.1,95,72.2,72.6,1000.0,62.1,10.0,67.1
2025-09-18 01:00:00,2025,9,18,1,Hà Nội,Xã Tây Phương,21.0403672,105.6115528,134,Unhealthy for Sensitive Groups,2,24.9,96,0.3,4.2,170,1008.7,100,66.6,67.1,967.0,59.3,8.0,63.0
2025-09-18 02:00:00,2025,9,18,2,Hà Nội,Xã Tây Phương,21.0403672,105.6115528,134,Unhealthy for Sensitive Groups,2,24.6,97,0.9,3.1,225,1007.8,96,61.7,62.2,807.0,55.4,7.0,58.2
2025-09-18 03:00:00,2025,9,18,3,Hà Nội,Xã Tây Phương,21.0403672,105.6115528,134,Unhealthy for Sensitive Groups,2,23.8,98,7.6,3.6,221,1008.0,100,58.8,59.3,580.0,50.7,6.0,52.7
2025-09-18 04:00:00,2025,9,18,4,Hà Nội,Xã Tây Phương,21.0403672,105.6115528,134,Unhealthy for Sensitive Groups,2,23.9,96,1.9,1.3,172,1007.8,100,54.9,55.4,402.0,46.3,8.0,49.2
2025-09-18 05:00:00,2025,9,18,5,Hà Nội,Xã Tây Phương,21.0403672,105.6115528,134,Unhealthy for Sensitive Groups,2,23.8,96,3.1,2.3,342,1008.4,100,52.9,53.2,326.0,43.0,10.0,49.8
2025-09-18 06:00:00,2025,9,18,6,Hà Nội,Xã Tây Phương,21.0403672,105.6115528,134,Unhealthy for Sensitive Groups,2,24.0,95,1.0,3.9,304,1009.2,100,57.0,57.5,299.0,40.1,14.0,52.4
2025-09-18 07:00:00,2025,9,18,7,Hà Nội,Xã Tây Phương,21.0403672,105.6115528,133,Unhealthy for Sensitive Groups,2,24.0,96,5.0,3.5,321,1010.7,100,46.9,47.5,282.0,37.2,16.0,49.0
2025-09-18 08:00:00,2025,9,18,8,Hà Nội,Xã Tây Phương,21.0403672,105.6115528,133,Unhealthy for Sensitive Groups,2,26.1,91,0.6,4.7,320,1010.2,100,43.1,43.5,265.0,31.2,34.0,48.9
2025-09-18 09:00:00,2025,9,18,9,Hà Nội,Xã Tây Phương,21.0403672,105.6115528,134,Unhealthy for Sensitive Groups,2,27.4,85,0.1,6.7,304,1010.7,100,35.9,36.4,258.0,22.7,60.0,48.4
2025-09-18 10:00:00,2025,9,18,10,Hà Nội,Xã Tây Phương,21.0403672,105.6115528,135,Unhealthy for Sensitive Groups,2,28.5,80,0.1,6.2,322,1010.7,93,28.0,28.5,253.0,15.5,84.0,45.8
2025-09-18 11:00:00,2025,9,18,11,Hà Nội,Xã Tây Phương,21.0403672,105.6115528,136,Unhealthy for Sensitive Groups,2,30.1,70,0.1,7.5,352,1009.6,97,28.3,28.9,244.0,10.6,104.0,39.1
2025-09-18 12:00:00,2025,9,18,12,Hà Nội,Xã Tây Phương,21.0403672,105.6115528,137,Unhealthy for Sensitive Groups,2,30.0,71,0.1,6.3,18,1008.3,74,28.1,28.6,238.0,7.0,123.0,30.3
2025-09-18 13:00:00,2025,9,18,13,Hà Nội,Xã Tây Phương,21.0403672,105.6115528,137,Unhealthy for Sensitive Groups,2,30.5,71,0.1,9.3,36,1006.8,88,28.9,29.5,247.0,5.0,138.0,24.0
2025-09-18 14:00:00,2025,9,18,14,Hà Nội,Xã Tây Phương,21.0403672,105.6115528,137,Unhealthy for Sensitive Groups,2,30.2,71,0.0,10.3,59,1006.0,94,32.4,32.9,265.0,4.0,151.0,22.1
2025-09-18 15:00:00,2025,9,18,15,Hà Nội,Xã Tây Phương,21.0403672,105.6115528,137,Unhealthy for Sensitive Groups,2,28.5,80,1.0,11.6,82,1005.4,99,34.0,34.5,298.0,4.5,160.0,22.7
2025-09-18 16:00:00,2025,9,18,16,Hà Nội,Xã Tây Phương,21.0403672,105.6115528,137,Unhealthy for Sensitive Groups,2,28.9,75,0.1,7.2,94,1005.2,100,36.2,36.7,375.0,8.6,159.0,25.0
2025-09-18 17:00:00,2025,9,18,17,Hà Nội,Xã Tây Phương,21.0403672,105.6115528,137,Unhealthy for Sensitive Groups,2,28.5,78,0.0,5.8,106,1005.3,100,42.1,42.6,536.0,18.7,140.0,29.6
2025-09-18 18:00:00,2025,9,18,18,Hà Nội,Xã Tây Phương,21.0403672,105.6115528,138,Unhealthy for Sensitive Groups,2,27.6,86,0.0,2.1,149,1005.4,97,51.6,51.9,743.0,32.4,109.0,36.0
2025-09-18 19:00:00,2025,9,18,19,Hà Nội,Xã Tây Phương,21.0403672,105.6115528,139,Unhealthy for Sensitive Groups,2,26.6,90,0.0,2.4,144,1006.5,100,54.0,54.1,905.0,40.9,70.0,41.1
2025-09-18 20:00:00,2025,9,18,20,Hà Nội,Xã Tây Phương,21.0403672,105.6115528,137,Unhealthy for Sensitive Groups,2,26.2,90,0.0,3.2,183,1007.3,99,58.4,58.7,992.0,45.7,60.0,44.3
2025-09-18 21:00:00,2025,9,18,21,Hà Nội,Xã Tây Phương,21.0403672,105.6115528,136,Unhealthy for Sensitive Groups,2,25.9,91,0.0,3.6,213,1008.4,100,65.4,65.7,1036.0,52.3,45.0,48.9
2025-09-18 22:00:00,2025,9,18,22,Hà Nội,Xã Tây Phương,21.0403672,105.6115528,135,Unhealthy for Sensitive Groups,2,25.6,93,0.0,3.9,248,1008.9,100,74.3,74.3,1041.0,56.8,35.0,53.0
2025-09-18 23:00:00,2025,9,18,23,Hà Nội,Xã Tây Phương,21.0403672,105.6115528,135,Unhealthy for Sensitive Groups,2,25.5,94,0.0,3.8,273,1009.1,100,74.5,74.5,1007.0,57.0,33.0,56.4
2025-09-19 00:00:00,2025,9,19,0,Hà Nội,Xã Tây Phương,21.0403672,105.6115528,135,Unhealthy for Sensitive Groups,2,25.4,95,0.0,4.4,308,1008.8,96,74.0,74.0,934.0,55.2,34.0,59.3
2025-09-19 01:00:00,2025,9,19,1,Hà Nội,Xã Tây Phương,21.0403672,105.6115528,135,Unhealthy for Sensitive Groups,2,25.3,96,0.0,6.4,313,1008.3,22,73.6,73.8,830.0,54.0,34.0,61.2
2025-09-19 02:00:00,2025,9,19,2,Hà Nội,Xã Tây Phương,21.0403672,105.6115528,136,Unhealthy for Sensitive Groups,2,25.1,96,0.0,5.7,305,1007.7,24,77.3,77.5,667.0,55.3,29.0,61.2
2025-09-19 03:00:00,2025,9,19,3,Hà Nội,Xã Tây Phương,21.0403672,105.6115528,137,Unhealthy for Sensitive Groups,2,24.6,96,1.0,3.0,123,1008.0,82,77.3,77.3,473.0,57.3,23.0,60.2
2025-09-19 04:00:00,2025,9,19,4,Hà Nội,Xã Tây Phương,21.0403672,105.6115528,139,Unhealthy for Sensitive Groups,2,24.3,98,2.0,11.0,169,1008.2,99,70.1,70.1,344.0,57.5,19.0,60.1
2025-09-19 05:00:00,2025,9,19,5,Hà Nội,Xã Tây Phương,21.0403672,105.6115528,141,Unhealthy for Sensitive Groups,2,23.6,99,5.0,2.4,144,1008.5,98,58.4,58.6,345.0,54.9,19.0,62.8
2025-09-19 06:00:00,2025,9,19,6,Hà Nội,Xã Tây Phương,21.0403672,105.6115528,141,Unhealthy for Sensitive Groups,2,23.9,98,0.1,3.6,323,1008.9,82,57.9,58.0,412.0,50.4,22.0,66.4
2025-09-19 07:00:00,2025,9,19,7,Hà Nội,Xã Tây Phương,21.0403672,105.6115528,142,Unhealthy for Sensitive Groups,2,24.8,94,0.0,2.8,310,1009.7,91,63.1,63.6,447.0,49.9,26.0,67.3
2025-09-19 08:00:00,2025,9,19,8,Hà Nội,Xã Tây Phương,21.0403672,105.6115528,143,Unhealthy for Sensitive Groups,2,27.6,84,0.0,4.7,320,1009.9,97,44.9,45.1,398.0,40.4,46.0,62.8
2025-09-19 09:00:00,2025,9,19,9,Hà Nội,Xã Tây Phương,21.0403672,105.6115528,143,Unhealthy for Sensitive Groups,2,28.9,78,0.2,2.3,321,1010.4,90,26.5,26.6,316.0,27.3,75.0,56.3
2025-09-19 10:00:00,2025,9,19,10,Hà Nội,Xã Tây Phương,21.0403672,105.6115528,142,Unhealthy for Sensitive Groups,2,29.6,74,0.1,3.1,357,1010.0,87,24.4,24.6,261.0,16.7,103.0,49.8
2025-09-19 11:00:00,2025,9,19,11,Hà Nội,Xã Tây Phương,21.0403672,105.6115528,142,Unhealthy for Sensitive Groups,2,30.4,71,0.2,2.8,40,1009.6,89,25.6,25.7,263.0,11.2,127.0,43.5
2025-09-19 12:00:00,2025,9,19,12,Hà Nội,Xã Tây Phương,21.0403672,105.6115528,142,Unhealthy for Sensitive Groups,2,30.9,70,0.0,3.2,71,1008.3,37,28.8,29.0,291.0,8.2,150.0,37.2
2025-09-19 13:00:00,2025,9,19,13,Hà Nội,Xã Tây Phương,21.0403672,105.6115528,142,Unhealthy for Sensitive Groups,2,31.3,69,0.0,4.0,95,1006.7,27,31.5,31.8,312.0,6.6,167.0,32.2
2025-09-19 14:00:00,2025,9,19,14,Hà Nội,Xã Tây Phương,21.0403672,105.6115528,142,Unhealthy for Sensitive Groups,2,31.3,69,0.1,5.3,128,1005.2,18,33.3,33.5,299.0,5.5,179.0,28.6
2025-09-19 15:00:00,2025,9,19,15,Hà Nội,Xã Tây Phương,21.0403672,105.6115528,142,Unhealthy for Sensitive Groups,2,31.2,69,0.1,8.0,132,1004.5,36,34.1,34.3,280.0,5.8,185.0,26.4
2025-09-19 16:00:00,2025,9,19,16,Hà Nội,Xã Tây Phương,21.0403672,105.6115528,142,Unhealthy for Sensitive Groups,2,30.9,68,0.0,9.4,137,1004.2,16,34.5,34.7,301.0,9.2,181.0,26.1
2025-09-19 17:00:00,2025,9,19,17,Hà Nội,Xã Tây Phương,21.0403672,105.6115528,142,Unhealthy for Sensitive Groups,2,30.2,72,0.0,8.8,134,1004.5,24,36.9,37.1,413.0,17.6,160.0,28.5
2025-09-19 18:00:00,2025,9,19,18,Hà Nội,Xã Tây Phương,21.0403672,105.6115528,142,Unhealthy for Sensitive Groups,2,28.9,78,0.0,8.2,130,1005.3,49,47.4,47.6,567.0,29.1,129.0,33.0
2025-09-19 19:00:00,2025,9,19,19,Hà Nội,Xã Tây Phương,21.0403672,105.6115528,141,Unhealthy for Sensitive Groups,2,28.0,83,0.0,6.7,126,1006.3,100,68.5,68.7,659.0,50.4,89.0,44.0
2025-09-19 20:00:00,2025,9,19,20,Hà Nội,Xã Tây Phương,21.0403672,105.6115528,143,Unhealthy for Sensitive Groups,2,26.9,85,0.0,6.1,204,1006.7,100,88.2,88.5,623.0,58.1,74.0,51.9
2025-09-19 21:00:00,2025,9,19,21,Hà Nội,Xã Tây Phương,21.0403672,105.6115528,146,Unhealthy for Sensitive Groups,2,26.6,87,0.0,4.6,206,1007.3,95,103.1,103.4,526.0,68.9,54.0,62.9
2025-09-19 22:00:00,2025,9,19,22,Hà Nội,Xã Tây Phương,21.0403672,105.6115528,150,Unhealthy for Sensitive Groups,2,26.5,89,0.0,6.2,210,1007.5,46,119.2,119.7,465.0,78.7,36.0,71.5
2025-09-19 23:00:00,2025,9,19,23,Hà Nội,Xã Tây Phương,21.0403672,105.6115528,151,Unhealthy,3,25.9,93,0.0,4.0,216,1007.6,18,132.7,133.2,486.0,86.5,24.0,75.1
2025-09-20 00:00:00,2025,9,20,0,Hà Nội,Xã Tây Phương,21.0403672,105.6115528,152,Unhealthy,3,25.5,95,0.0,3.2,207,1007.1,1,138.8,140.2,542.0,93.3,14.0,76.2
2025-09-20 01:00:00,2025,9,20,1,Hà Nội,Xã Tây Phương,21.0403672,105.6115528,154,Unhealthy,3,25.2,96,0.0,2.1,200,1006.9,6,143.4,145.3,590.0,98.0,7.0,77.6
2025-09-20 02:00:00,2025,9,20,2,Hà Nội,Xã Tây Phương,21.0403672,105.6115528,155,Unhealthy,3,25.0,97,0.0,2.8,198,1006.6,14,135.0,136.9,609.0,100.2,2.0,80.7
2025-09-20 03:00:00,2025,9,20,3,Hà Nội,Xã Tây Phương,21.0403672,105.6115528,156,Unhealthy,3,24.8,97,0.0,2.4,228,1006.4,1,137.8,139.7,621.0,100.4,0.0,84.0
2025-09-20 04:00:00,2025,9,20,4,Hà Nội,Xã Tây Phương,21.0403672,105.6115528,158,Unhealthy,3,24.5,98,0.0,1.5,277,1006.1,0,140.6,143.0,644.0,98.5,0.0,85.5
2025-09-20 05:00:00,2025,9,20,5,Hà Nội,Xã Tây Phương,21.0403672,105.6115528,159,Unhealthy,3,24.6,99,0.0,4.1,319,1006.3,17,147.1,149.5,705.0,95.3,5.0,83.5
2025-09-20 06:00:00,2025,9,20,6,Hà Nội,Xã Tây Phương,21.0403672,105.6115528,161,Unhealthy,3,24.6,98,0.0,3.5,321,1006.8,6,154.6,157.4,778.0,90.0,14.0,79.6
2025-09-20 07:00:00,2025,9,20,7,Hà Nội,Xã Tây Phương,21.0403672,105.6115528,163,Unhealthy,3,26.2,93,0.0,2.4,297,1007.4,4,147.1,148.1,801.0,76.2,29.0,72.9
2025-09-20 08:00:00,2025,9,20,8,Hà Nội,Xã Tây Phương,21.0403672,105.6115528,165,Unhealthy,3,28.5,86,0.0,2.0,260,1008.1,1,114.1,115.7,728.0,62.6,53.0,76.1
2025-09-20 09:00:00,2025,9,20,9,Hà Nội,Xã Tây Phương,21.0403672,105.6115528,167,Unhealthy,3,30.1,77,0.0,1.7,32,1008.1,0,66.1,67.3,605.0,43.7,87.0,80.0
2025-09-20 10:00:00,2025,9,20,10,Hà Nội,Xã Tây Phương,21.0403672,105.6115528,168,Unhealthy,3,31.5,68,0.0,3.1,59,1008.1,8,39.9,40.0,507.0,27.8,120.0,78.7
2025-09-20 11:00:00,2025,9,20,11,Hà Nội,Xã Tây Phương,21.0403672,105.6115528,168,Unhealthy,3,32.3,62,0.0,3.5,78,1007.4,16,35.5,35.5,465.0,18.0,151.0,67.5
2025-09-20 12:00:00,2025,9,20,12,Hà Nội,Xã Tây Phương,21.0403672,105.6115528,168,Unhealthy,3,32.8,58,0.0,4.4,102,1006.3,17,36.2,36.3,447.0,11.3,182.0,51.1
2025-09-20 13:00:00,2025,9,20,13,Hà Nội,Xã Tây Phương,21.0403672,105.6115528,168,Unhealthy,3,33.1,58,0.0,4.4,111,1004.9,57,38.3,38.4,432.0,7.2,204.0,38.5
2025-09-20 14:00:00,2025,9,20,14,Hà Nội,Xã Tây Phương,21.0403672,105.6115528,168,Unhealthy,3,33.2,58,0.0,4.2,115,1003.5,63,40.9,40.9,406.0,4.8,217.0,32.9
2025-09-20 15:00:00,2025,9,20,15,Hà Nội,Xã Tây Phương,21.0403672,105.6115528,169,Unhealthy,3,33.2,58,0.0,3.6,123,1002.4,90,41.6,41.6,382.0,5.1,222.0,31.0
2025-09-20 16:00:00,2025,9,20,16,Hà Nội,Xã Tây Phương,21.0403672,105.6115528,169,Unhealthy,3,33.1,59,0.0,4.4,142,1001.8,90,42.3,42.4,377.0,9.6,214.0,31.8
2025-09-20 17:00:00,2025,9,20,17,Hà Nội,Xã Tây Phương,21.0403672,105.6115528,169,Unhealthy,3,32.0,69,0.0,4.2,149,1002.1,51,48.4,48.5,408.0,22.3,187.0,36.3
2025-09-20 18:00:00,2025,9,20,18,Hà Nội,Xã Tây Phương,21.0403672,105.6115528,176,Unhealthy,3,30.4,72,0.0,6.1,148,1002.6,92,66.4,66.4,458.0,39.4,147.0,43.5
2025-09-20 19:00:00,2025,9,20,19,Hà Nội,Xã Tây Phương,21.0403672,105.6115528,180,Unhealthy,3,29.6,73,0.0,8.1,156,1003.8,95,71.7,71.7,493.0,46.0,112.0,49.3
2025-09-20 20:00:00,2025,9,20,20,Hà Nội,Xã Tây Phương,21.0403672,105.6115528,174,Unhealthy,3,30.3,64,0.0,11.1,153,1004.4,100,69.4,69.4,491.0,46.8,95.0,50.9
2025-09-20 21:00:00,2025,9,20,21,Hà Nội,Xã Tây Phương,21.0403672,105.6115528,169,Unhealthy,3,29.6,69,0.0,14.6,164,1005.6,87,68.7,68.9,474.0,48.0,72.0,53.0
2025-09-20 22:00:00,2025,9,20,22,Hà Nội,Xã Tây Phương,21.0403672,105.6115528,169,Unhealthy,3,29.0,73,0.0,12.0,167,1006.0,11,68.2,68.2,472.0,49.8,52.0,53.9
2025-09-20 23:00:00,2025,9,20,23,Hà Nội,Xã Tây Phương,21.0403672,105.6115528,167,Unhealthy,3,28.2,77,0.0,9.2,173,1005.9,91,69.6,69.6,508.0,53.0,38.0,52.5
2025-09-21 00:00:00,2025,9,21,0,Hà Nội,Xã Tây Phương,21.0403672,105.6115528,166,Unhealthy,3,27.4,82,0.0,5.2,180,1005.2,52,75.0,75.2,560.0,56.8,26.0,49.9
2025-09-21 01:00:00,2025,9,21,1,Hà Nội,Xã Tây Phương,21.0403672,105.6115528,165,Unhealthy,3,26.8,87,0.0,3.1,187,1004.7,74,79.4,79.4,592.0,59.1,18.0,47.5
2025-09-21 02:00:00,2025,9,21,2,Hà Nội,Xã Tây Phương,21.0403672,105.6115528,163,Unhealthy,3,26.5,88,0.0,2.8,145,1004.0,73,79.6,79.6,583.0,58.8,14.0,45.3
2025-09-21 03:00:00,2025,9,21,3,Hà Nội,Xã Tây Phương,21.0403672,105.6115528,162,Unhealthy,3,26.1,90,0.0,3.0,128,1004.1,2,77.8,77.8,555.0,57.1,13.0,43.2
2025-09-21 04:00:00,2025,9,21,4,Hà Nội,Xã Tây Phương,21.0403672,105.6115528,161,Unhealthy,3,25.9,92,0.0,4.4,63,1004.6,4,76.4,76.4,533.0,54.6,14.0,42.8
2025-09-21 05:00:00,2025,9,21,5,Hà Nội,Xã Tây Phương,21.0403672,105.6115528,159,Unhealthy,3,26.1,94,0.0,8.4,55,1005.1,59,74.7,74.7,527.0,52.3,16.0,45.8
2025-09-21 06:00:00,2025,9,21,6,Hà Nội,Xã Tây Phương,21.0403672,105.6115528,158,Unhealthy,3,26.1,95,0.0,7.9,69,1005.3,70,75.4,75.4,529.0,49.3,20.0,50.4
2025-09-21 07:00:00,2025,9,21,7,Hà Nội,Xã Tây Phương,21.0403672,105.6115528,156,Unhealthy,3,27.1,91,0.0,7.9,66,1006.0,72,74.5,74.5,533.0,43.7,32.0,48.2
2025-09-21 08:00:00,2025,9,21,8,Hà Nội,Xã Tây Phương,21.0403672,105.6115528,154,Unhealthy,3,29.5,84,0.0,5.4,90,1006.2,2,53.1,53.2,549.0,36.8,58.0,52.4
2025-09-21 09:00:00,2025,9,21,9,Hà Nội,Xã Tây Phương,21.0403672,105.6115528,153,Unhealthy,3,30.8,77,0.1,8.0,72,1006.6,23,43.4,43.5,568.0,27.1,94.0,57.9
2025-09-21 10:00:00,2025,9,21,10,Hà Nội,Xã Tây Phương,21.0403672,105.6115528,153,Unhealthy,3,31.5,73,0.2,10.4,70,1006.6,35,43.2,43.3,564.0,18.8,128.0,60.2
2025-09-21 11:00:00,2025,9,21,11,Hà Nội,Xã Tây Phương,21.0403672,105.6115528,153,Unhealthy,3,32.1,72,0.2,9.3,74,1006.4,25,46.2,46.3,514.0,13.0,159.0,56.3
2025-09-21 12:00:00,2025,9,21,12,Hà Nội,Xã Tây Phương,21.0403672,105.6115528,153,Unhealthy,3,32.5,70,0.2,9.1,83,1004.9,29,51.3,51.6,440.0,8.5,187.0,49.1
2025-09-21 13:00:00,2025,9,21,13,Hà Nội,Xã Tây Phương,21.0403672,105.6115528,153,Unhealthy,3,33.1,68,0.4,10.5,86,1003.2,48,55.5,55.8,387.0,5.9,206.0,42.8
2025-09-21 14:00:00,2025,9,21,14,Hà Nội,Xã Tây Phương,21.0403672,105.6115528,154,Unhealthy,3,30.4,74,4.8,11.9,89,1003.0,91,57.3,57.5,366.0,5.1,212.0,38.6
2025-09-21 15:00:00,2025,9,21,15,Hà Nội,Xã Tây Phương,21.0403672,105.6115528,154,Unhealthy,3,30.2,75,2.2,6.1,113,1002.9,82,56.5,56.7,365.0,6.2,209.0,35.4
2025-09-21 16:00:00,2025,9,21,16,Hà Nội,Xã Tây Phương,21.0403672,105.6115528,154,Unhealthy,3,30.4,75,0.0,7.3,171,1002.8,100,54.6,54.7,395.0,9.5,197.0,33.8
2025-09-21 17:00:00,2025,9,21,17,Hà Nội,Xã Tây Phương,21.0403672,105.6115528,159,Unhealthy,3,28.6,79,0.0,5.4,195,1003.5,98,59.3,59.4,487.0,16.6,172.0,34.6
2025-09-21 18:00:00,2025,9,21,18,Hà Nội,Xã Tây Phương,21.0403672,105.6115528,172,Unhealthy,3,27.9,86,0.0,0.6,34,1003.9,100,57.7,57.9,609.0,26.0,139.0,37.1
2025-09-21 19:00:00,2025,9,21,19,Hà Nội,Xã Tây Phương,21.0403672,105.6115528,174,Unhealthy,3,27.2,89,0.0,3.6,143,1004.9,100,60.5,60.5,681.0,39.0,91.0,42.8
2025-09-21 20:00:00,2025,9,21,20,Hà Nội,Xã Tây Phương,21.0403672,105.6115528,163,Unhealthy,3,28.2,83,0.0,10.9,142,1005.0,100,66.8,66.8,655.0,44.3,76.0,45.7
2025-09-21 21:00:00,2025,9,21,21,Hà Nội,Xã Tây Phương,21.0403672,105.6115528,154,Unhealthy,3,27.8,85,0.0,11.4,152,1006.1,99,70.5,70.5,578.0,51.3,54.0,49.5
2025-09-21 22:00:00,2025,9,21,22,Hà Nội,Xã Tây Phương,21.0403672,105.6115528,154,Unhealthy,3,27.4,87,0.0,8.9,155,1007.4,99,75.4,75.4,508.0,55.5,39.0,51.1
2025-09-21 23:00:00,2025,9,21,23,Hà Nội,Xã Tây Phương,21.0403672,105.6115528,154,Unhealthy,3,27.1,89,0.0,9.8,156,1007.1,99,75.2,75.2,457.0,54.0,35.0,48.5
2025-09-22 00:00:00,2025,9,22,0,Hà Nội,Xã Tây Phương,21.0403672,105.6115528,155,Unhealthy,3,26.1,90,3.4,6.4,133,1007.7,100,68.2,68.5,413.0,49.5,38.0,43.8
2025-09-22 01:00:00,2025,9,22,1,Hà Nội,Xã Tây Phương,21.0403672,105.6115528,154,Unhealthy,3,25.1,96,2.1,8.4,101,1007.0,100,59.3,59.4,392.0,45.6,40.0,40.1
2025-09-22 02:00:00,2025,9,22,2,Hà Nội,Xã Tây Phương,21.0403672,105.6115528,154,Unhealthy,3,25.0,97,0.1,5.8,90,1007.1,100,54.2,54.4,414.0,43.2,40.0,38.6
2025-09-22 03:00:00,2025,9,22,3,Hà Nội,Xã Tây Phương,21.0403672,105.6115528,153,Unhealthy,3,25.0,97,0.1,6.1,92,1006.7,100,52.9,52.9,460.0,41.3,41.0,38.2
2025-09-22 04:00:00,2025,9,22,4,Hà Nội,Xã Tây Phương,21.0403672,105.6115528,153,Unhealthy,3,24.9,98,0.2,7.9,79,1006.4,100,49.2,49.2,490.0,40.2,42.0,38.7
2025-09-22 05:00:00,2025,9,22,5,Hà Nội,Xã Tây Phương,21.0403672,105.6115528,152,Unhealthy,3,24.5,98,0.3,8.2,57,1007.3,100,44.7,44.7,483.0,41.1,42.0,40.7
2025-09-22 06:00:00,2025,9,22,6,Hà Nội,Xã Tây Phương,21.0403672,105.6115528,152,Unhealthy,3,23.8,98,3.0,10.4,56,1007.8,100,46.8,46.8,461.0,42.8,42.0,43.6
2025-09-22 07:00:00,2025,9,22,7,Hà Nội,Xã Tây Phương,21.0403672,105.6115528,151,Unhealthy,3,24.0,96,0.4,6.5,48,1008.2,100,32.6,32.6,450.0,30.5,63.0,31.0
2025-09-22 08:00:00,2025,9,22,8,Hà Nội,Xã Tây Phương,21.0403672,105.6115528,150,Unhealthy for Sensitive Groups,2,26.4,89,0.2,9.8,67,1008.1,100,31.3,31.3,468.0,28.3,72.0,34.3
2025-09-22 09:00:00,2025,9,22,9,Hà Nội,Xã Tây Phương,21.0403672,105.6115528,148,Unhealthy for Sensitive Groups,2,27.0,85,0.1,11.1,73,1008.8,100,29.6,29.6,496.0,25.0,86.0,38.6
2025-09-22 10:00:00,2025,9,22,10,Hà Nội,Xã Tây Phương,21.0403672,105.6115528,147,Unhealthy for Sensitive Groups,2,27.6,83,0.1,9.2,69,1009.0,100,29.3,29.3,510.0,21.4,103.0,40.6
2025-09-22 11:00:00,2025,9,22,11,Hà Nội,Xã Tây Phương,21.0403672,105.6115528,145,Unhealthy for Sensitive Groups,2,28.9,78,0.0,10.4,80,1008.2,96,30.7,30.7,492.0,16.8,127.0,38.0
2025-09-22 12:00:00,2025,9,22,12,Hà Nội,Xã Tây Phương,21.0403672,105.6115528,143,Unhealthy for Sensitive Groups,2,29.7,74,0.1,10.5,82,1006.8,94,30.6,30.6,460.0,11.7,154.0,33.1
2025-09-22 13:00:00,2025,9,22,13,Hà Nội,Xã Tây Phương,21.0403672,105.6115528,141,Unhealthy for Sensitive Groups,2,29.1,76,0.7,8.4,74,1005.8,72,32.2,32.2,436.0,8.6,175.0,29.6
2025-09-22 14:00:00,2025,9,22,14,Hà Nội,Xã Tây Phương,21.0403672,105.6115528,139,Unhealthy for Sensitive Groups,2,29.6,74,0.1,4.4,55,1004.5,23,34.7,34.7,415.0,7.4,187.0,28.4
2025-09-22 15:00:00,2025,9,22,15,Hà Nội,Xã Tây Phương,21.0403672,105.6115528,137,Unhealthy for Sensitive Groups,2,30.4,71,0.0,3.9,37,1003.6,34,41.8,41.9,402.0,8.2,191.0,28.6
2025-09-22 16:00:00,2025,9,22,16,Hà Nội,Xã Tây Phương,21.0403672,105.6115528,135,Unhealthy for Sensitive Groups,2,28.6,79,0.3,11.7,52,1003.4,78,45.4,45.4,443.0,13.4,186.0,31.4
2025-09-22 17:00:00,2025,9,22,17,Hà Nội,Xã Tây Phương,21.0403672,105.6115528,134,Unhealthy for Sensitive Groups,2,27.6,84,0.1,5.6,92,1003.6,69,48.9,48.9,591.0,26.3,165.0,38.4
2025-09-22 18:00:00,2025,9,22,18,Hà Nội,Xã Tây Phương,21.0403672,105.6115528,140,Unhealthy for Sensitive Groups,2,27.1,89,0.0,0.6,198,1004.2,58,70.8,70.8,793.0,43.7,133.0,48.0
2025-09-22 19:00:00,2025,9,22,19,Hà Nội,Xã Tây Phương,21.0403672,105.6115528,147,Unhealthy for Sensitive Groups,2,26.5,91,0.1,3.1,193,1005.6,84,85.0,85.0,930.0,50.7,108.0,50.1
2025-09-22 20:00:00,2025,9,22,20,Hà Nội,Xã Tây Phương,21.0403672,105.6115528,143,Unhealthy for Sensitive Groups,2,26.9,90,0.0,2.9,187,1006.3,33,86.4,86.4,950.0,50.0,99.0,49.8
2025-09-22 21:00:00,2025,9,22,21,Hà Nội,Xã Tây Phương,21.0403672,105.6115528,139,Unhealthy for Sensitive Groups,2,25.9,93,2.0,6.8,90,1007.3,96,88.2,88.2,906.0,48.8,86.0,49.2
2025-09-22 22:00:00,2025,9,22,22,Hà Nội,Xã Tây Phương,21.0403672,105.6115528,141,Unhealthy for Sensitive Groups,2,25.6,93,0.7,2.4,216,1008.0,97,84.1,84.1,832.0,46.1,77.0,47.8
2025-09-22 23:00:00,2025,9,22,23,Hà Nội,Xã Tây Phương,21.0403672,105.6115528,142,Unhealthy for Sensitive Groups,2,25.5,94,0.7,1.9,343,1008.0,95,69.4,69.4,722.0,40.3,77.0,45.0
2025-09-23 00:00:00,2025,9,23,0,Hà Nội,Xã Tây Phương,21.0403672,105.6115528,141,Unhealthy for Sensitive Groups,2,25.3,95,0.2,4.4,251,1007.9,66,59.1,59.1,584.0,32.9,82.0,41.3
2025-09-23 01:00:00,2025,9,23,1,Hà Nội,Xã Tây Phương,21.0403672,105.6115528,140,Unhealthy for Sensitive Groups,2,25.1,95,0.0,5.4,256,1007.1,62,54.7,54.7,471.0,27.4,84.0,38.4
2025-09-23 02:00:00,2025,9,23,2,Hà Nội,Xã Tây Phương,21.0403672,105.6115528,140,Unhealthy for Sensitive Groups,2,24.8,97,0.0,6.8,305,1006.6,56,52.0,52.0,405.0,25.5,79.0,36.6
2025-09-23 03:00:00,2025,9,23,3,Hà Nội,Xã Tây Phương,21.0403672,105.6115528,139,Unhealthy for Sensitive Groups,2,24.5,97,0.0,9.6,317,1006.1,57,48.7,48.7,365.0,25.6,72.0,35.4
2025-09-23 04:00:00,2025,9,23,4,Hà Nội,Xã Tây Phương,21.0403672,105.6115528,139,Unhealthy for Sensitive Groups,2,24.3,97,0.0,10.4,316,1005.8,41,47.8,47.8,344.0,26.2,66.0,35.3
2025-09-23 05:00:00,2025,9,23,5,Hà Nội,Xã Tây Phương,21.0403672,105.6115528,139,Unhealthy for Sensitive Groups,2,24.2,96,0.0,10.5,319,1006.0,24,48.1,48.1,348.0,27.9,61.0,37.2
2025-09-23 06:00:00,2025,9,23,6,Hà Nội,Xã Tây Phương,21.0403672,105.6115528,139,Unhealthy for Sensitive Groups,2,24.1,96,0.0,11.4,322,1006.3,16,51.6,51.6,371.0,30.2,56.0,40.0
2025-09-23 07:00:00,2025,9,23,7,Hà Nội,Xã Tây Phương,21.0403672,105.6115528,140,Unhealthy for Sensitive Groups,2,25.0,92,0.0,11.9,319,1007.0,17,69.8,69.8,391.0,38.7,53.0,50.5
2025-09-23 08:00:00,2025,9,23,8,Hà Nội,Xã Tây Phương,21.0403672,105.6115528,144,Unhealthy for Sensitive Groups,2,27.1,85,0.0,8.8,325,1007.4,16,50.2,50.2,400.0,30.6,76.0,45.2
2025-09-23 09:00:00,2025,9,23,9,Hà Nội,Xã Tây Phương,21.0403672,105.6115528,146,Unhealthy for Sensitive Groups,2,28.4,76,0.1,7.9,348,1007.4,32,38.0,38.1,406.0,19.4,108.0,37.8
2025-09-23 10:00:00,2025,9,23,10,Hà Nội,Xã Tây Phương,21.0403672,105.6115528,146,Unhealthy for Sensitive Groups,2,29.0,72,0.1,8.6,350,1006.8,25,31.2,31.2,410.0,10.7,133.0,30.9
2025-09-23 11:00:00,2025,9,23,11,Hà Nội,Xã Tây Phương,21.0403672,105.6115528,147,Unhealthy for Sensitive Groups,2,30.0,69,0.1,6.8,343,1006.2,20,28.4,28.4,409.0,7.1,146.0,25.1
2025-09-23 12:00:00,2025,9,23,12,Hà Nội,Xã Tây Phương,21.0403672,105.6115528,146,Unhealthy for Sensitive Groups,2,30.5,68,0.0,6.4,335,1005.0,10,26.6,26.6,405.0,6.0,153.0,19.7
2025-09-23 13:00:00,2025,9,23,13,Hà Nội,Xã Tây Phương,21.0403672,105.6115528,146,Unhealthy for Sensitive Groups,2,31.2,67,0.0,7.3,343,1003.5,12,25.0,25.0,407.0,5.7,156.0,16.0
2025-09-23 14:00:00,2025,9,23,14,Hà Nội,Xã Tây Phương,21.0403672,105.6115528,145,Unhealthy for Sensitive Groups,2,31.4,66,0.0,8.5,347,1002.4,15,24.3,24.3,416.0,4.5,159.0,14.1
2025-09-23 15:00:00,2025,9,23,15,Hà Nội,Xã Tây Phương,21.0403672,105.6115528,144,Unhealthy for Sensitive Groups,2,31.4,65,0.0,8.1,355,1001.3,13,22.8,22.8,430.0,4.2,158.0,13.8
2025-09-23 16:00:00,2025,9,23,16,Hà Nội,Xã Tây Phương,21.0403672,105.6115528,142,Unhealthy for Sensitive Groups,2,31.1,65,0.0,5.9,358,1000.8,7,20.5,20.5,451.0,8.1,147.0,15.5
2025-09-23 17:00:00,2025,9,23,17,Hà Nội,Xã Tây Phương,21.0403672,105.6115528,140,Unhealthy for Sensitive Groups,2,30.6,71,0.0,4.0,3,1000.9,17,22.0,22.1,487.0,20.7,118.0,20.5
2025-09-23 18:00:00,2025,9,23,18,Hà Nội,Xã Tây Phương,21.0403672,105.6115528,137,Unhealthy for Sensitive Groups,2,28.6,77,0.1,5.6,358,1001.7,83,32.7,32.7,530.0,37.6,80.0,27.5
2025-09-23 19:00:00,2025,9,23,19,Hà Nội,Xã Tây Phương,21.0403672,105.6115528,133,Unhealthy for Sensitive Groups,2,28.0,82,0.0,4.0,297,1002.6,88,51.0,51.0,557.0,43.6,66.0,31.9
2025-09-23 20:00:00,2025,9,23,20,Hà Nội,Xã Tây Phương,21.0403672,105.6115528,129,Unhealthy for Sensitive Groups,2,28.0,87,0.0,3.9,292,1003.7,80,55.3,55.3,562.0,40.5,62.0,32.4
2025-09-23 21:00:00,2025,9,23,21,Hà Nội,Xã Tây Phương,21.0403672,105.6115528,126,Unhealthy for Sensitive Groups,2,27.5,90,0.0,6.8,288,1004.5,80,45.1,45.2,550.0,36.2,55.0,32.8
2025-09-23 22:00:00,2025,9,23,22,Hà Nội,Xã Tây Phương,21.0403672,105.6115528,122,Unhealthy for Sensitive Groups,2,27.1,90,0.0,10.1,286,1004.7,77,36.0,36.0,520.0,32.0,51.0,32.0
2025-09-23 23:00:00,2025,9,23,23,Hà Nội,Xã Tây Phương,21.0403672,105.6115528,116,Unhealthy for Sensitive Groups,2,26.5,90,0.0,10.6,296,1004.6,25,29.5,29.5,457.0,28.1,50.0,28.7
2025-09-24 00:00:00,2025,9,24,0,Hà Nội,Xã Tây Phương,21.0403672,105.6115528,112,Unhealthy for Sensitive Groups,2,26.2,89,0.0,13.6,312,1004.4,95,25.8,25.8,376.0,24.3,52.0,24.1
2025-09-24 01:00:00,2025,9,24,1,Hà Nội,Xã Tây Phương,21.0403672,105.6115528,109,Unhealthy for Sensitive Groups,2,25.8,88,0.1,15.7,311,1003.9,86,24.7,24.7,314.0,21.7,52.0,20.6
2025-09-24 02:00:00,2025,9,24,2,Hà Nội,Xã Tây Phương,21.0403672,105.6115528,106,Unhealthy for Sensitive Groups,2,25.4,89,0.0,18.0,311,1003.7,96,24.2,24.2,287.0,20.8,51.0,19.0
2025-09-24 03:00:00,2025,9,24,3,Hà Nội,Xã Tây Phương,21.0403672,105.6115528,103,Unhealthy for Sensitive Groups,2,25.1,89,0.0,18.9,309,1003.2,66,24.6,24.6,280.0,20.9,48.0,18.5
2025-09-24 04:00:00,2025,9,24,4,Hà Nội,Xã Tây Phương,21.0403672,105.6115528,100,Moderate,1,25.0,88,0.0,18.8,306,1003.0,5,25.1,25.1,287.0,21.5,46.0,18.8
2025-09-24 05:00:00,2025,9,24,5,Hà Nội,Xã Tây Phương,21.0403672,105.6115528,98,Moderate,1,24.9,88,0.0,17.8,308,1003.4,9,25.6,25.6,318.0,23.1,41.0,20.8
2025-09-24 06:00:00,2025,9,24,6,Hà Nội,Xã Tây Phương,21.0403672,105.6115528,96,Moderate,1,24.6,89,0.0,18.6,304,1003.8,38,27.9,27.9,363.0,25.0,36.0,23.6
2025-09-24 07:00:00,2025,9,24,7,Hà Nội,Xã Tây Phương,21.0403672,105.6115528,94,Moderate,1,25.6,87,0.0,16.5,302,1004.6,51,26.9,26.9,388.0,24.1,43.0,24.0
2025-09-24 08:00:00,2025,9,24,8,Hà Nội,Xã Tây Phương,21.0403672,105.6115528,90,Moderate,1,28.2,82,0.0,16.6,309,1004.7,22,25.7,25.7,370.0,18.9,65.0,21.4
2025-09-24 09:00:00,2025,9,24,9,Hà Nội,Xã Tây Phương,21.0403672,105.6115528,88,Moderate,1,29.6,74,0.0,19.5,318,1004.8,85,21.0,21.1,332.0,11.8,95.0,17.7
2025-09-24 10:00:00,2025,9,24,10,Hà Nội,Xã Tây Phương,21.0403672,105.6115528,87,Moderate,1,30.9,63,0.0,21.4,333,1004.4,99,13.8,13.8,302.0,6.3,117.0,14.4
2025-09-24 11:00:00,2025,9,24,11,Hà Nội,Xã Tây Phương,21.0403672,105.6115528,85,Moderate,1,31.5,57,0.1,19.4,333,1003.6,99,10.0,10.0,291.0,4.1,123.0,11.9
2025-09-24 12:00:00,2025,9,24,12,Hà Nội,Xã Tây Phương,21.0403672,105.6115528,84,Moderate,1,32.0,55,0.0,21.4,326,1002.3,100,8.7,8.7,289.0,3.5,120.0,9.8
2025-09-24 13:00:00,2025,9,24,13,Hà Nội,Xã Tây Phương,21.0403672,105.6115528,82,Moderate,1,32.5,55,0.1,21.5,344,1001.2,89,7.7,7.8,292.0,3.8,116.0,8.6
2025-09-24 14:00:00,2025,9,24,14,Hà Nội,Xã Tây Phương,21.0403672,105.6115528,80,Moderate,1,32.7,54,0.2,18.5,345,1000.0,89,7.7,7.7,296.0,3.7,113.0,8.3
2025-09-24 15:00:00,2025,9,24,15,Hà Nội,Xã Tây Phương,21.0403672,105.6115528,79,Moderate,1,32.8,55,0.0,15.2,337,999.1,83,8.4,8.4,306.0,4.4,108.0,8.9
2025-09-24 16:00:00,2025,9,24,16,Hà Nội,Xã Tây Phương,21.0403672,105.6115528,78,Moderate,1,32.7,58,0.0,11.0,336,998.4,100,10.0,10.1,331.0,8.4,98.0,11.1
2025-09-24 17:00:00,2025,9,24,17,Hà Nội,Xã Tây Phương,21.0403672,105.6115528,77,Moderate,1,31.4,67,0.0,6.0,314,998.1,100,15.0,15.0,381.0,19.0,79.0,16.2
2025-09-24 18:00:00,2025,9,24,18,Hà Nội,Xã Tây Phương,21.0403672,105.6115528,76,Moderate,1,29.5,71,0.0,6.0,291,998.4,100,27.0,27.1,447.0,32.9,54.0,22.9
2025-09-24 19:00:00,2025,9,24,19,Hà Nội,Xã Tây Phương,21.0403672,105.6115528,76,Moderate,1,28.7,72,0.0,6.2,280,999.5,99,43.9,44.0,513.0,45.3,36.0,29.7
2025-09-24 20:00:00,2025,9,24,20,Hà Nội,Xã Tây Phương,21.0403672,105.6115528,75,Moderate,1,28.6,71,0.0,5.6,295,1000.5,100,53.8,54.0,594.0,49.2,28.0,32.7
2025-09-24 21:00:00,2025,9,24,21,Hà Nội,Xã Tây Phương,21.0403672,105.6115528,75,Moderate,1,28.0,75,0.0,6.0,307,1001.3,100,62.4,63.3,674.0,54.1,17.0,36.6
2025-09-24 22:00:00,2025,9,24,22,Hà Nội,Xã Tây Phương,21.0403672,105.6115528,76,Moderate,1,27.9,74,0.0,8.2,311,1001.7,100,64.0,64.7,694.0,55.2,11.0,38.0
2025-09-24 23:00:00,2025,9,24,23,Hà Nội,Xã Tây Phương,21.0403672,105.6115528,79,Moderate,1,27.9,72,0.0,10.9,303,1001.3,100,53.4,54.0,600.0,48.8,14.0,34.6
2025-09-25 00:00:00,2025,9,25,0,Hà Nội,Xã Tây Phương,21.0403672,105.6115528,81,Moderate,1,27.5,72,0.0,12.5,302,1000.7,97,41.2,41.6,446.0,38.6,21.0,28.8
2025-09-25 01:00:00,2025,9,25,1,Hà Nội,Xã Tây Phương,21.0403672,105.6115528,82,Moderate,1,27.9,65,0.0,15.5,308,1000.2,95,32.2,32.4,328.0,30.3,27.0,23.8
2025-09-25 02:00:00,2025,9,25,2,Hà Nội,Xã Tây Phương,21.0403672,105.6115528,83,Moderate,1,28.2,60,0.0,17.8,310,999.5,69,27.2,27.4,287.0,26.1,29.0,20.8
2025-09-25 03:00:00,2025,9,25,3,Hà Nội,Xã Tây Phương,21.0403672,105.6115528,83,Moderate,1,27.8,65,0.0,17.0,306,999.3,95,25.3,25.4,282.0,23.8,30.0,18.8
2025-09-25 04:00:00,2025,9,25,4,Hà Nội,Xã Tây Phương,21.0403672,105.6115528,83,Moderate,1,27.8,67,0.0,17.5,309,999.4,100,25.0,25.2,295.0,22.5,31.0,17.9
2025-09-25 05:00:00,2025,9,25,5,Hà Nội,Xã Tây Phương,21.0403672,105.6115528,83,Moderate,1,28.0,65,0.0,15.8,322,999.6,100,25.0,25.2,327.0,22.4,33.0,18.9
2025-09-25 06:00:00,2025,9,25,6,Hà Nội,Xã Tây Phương,21.0403672,105.6115528,83,Moderate,1,26.6,74,0.4,11.2,348,1000.7,100,25.2,25.4,377.0,23.3,34.0,21.1
2025-09-25 07:00:00,2025,9,25,7,Hà Nội,Xã Tây Phương,21.0403672,105.6115528,83,Moderate,1,25.0,89,1.6,8.3,20,1001.4,100,24.3,24.9,413.0,29.6,28.0,26.2
2025-09-25 08:00:00,2025,9,25,8,Hà Nội,Xã Tây Phương,21.0403672,105.6115528,83,Moderate,1,25.8,86,2.2,13.4,340,1002.2,100,13.8,13.9,425.0,26.6,33.0,24.8
2025-09-25 09:00:00,2025,9,25,9,Hà Nội,Xã Tây Phương,21.0403672,105.6115528,82,Moderate,1,26.0,86,3.2,15.7,343,1003.2,100,14.5,14.5,425.0,22.4,41.0,22.8
2025-09-25 10:00:00,2025,9,25,10,Hà Nội,Xã Tây Phương,21.0403672,105.6115528,81,Moderate,1,25.8,86,5.5,15.7,341,1003.9,100,13.7,13.7,417.0,19.0,49.0,21.3
2025-09-25 11:00:00,2025,9,25,11,Hà Nội,Xã Tây Phương,21.0403672,105.6115528,81,Moderate,1,25.4,87,2.8,19.2,326,1003.9,100,12.9,12.9,396.0,17.0,56.0,20.6
2025-09-25 12:00:00,2025,9,25,12,Hà Nội,Xã Tây Phương,21.0403672,105.6115528,81,Moderate,1,25.5,89,1.5,18.1,326,1003.2,100,13.2,13.2,366.0,15.8,64.0,20.4
2025-09-25 13:00:00,2025,9,25,13,Hà Nội,Xã Tây Phương,21.0403672,105.6115528,82,Moderate,1,26.7,84,0.7,18.2,316,1002.3,100,13.9,13.9,348.0,15.2,70.0,20.6
2025-09-25 14:00:00,2025,9,25,14,Hà Nội,Xã Tây Phương,21.0403672,105.6115528,82,Moderate,1,26.8,80,0.3,19.3,314,1001.5,100,15.1,15.1,348.0,15.0,76.0,21.2
2025-09-25 15:00:00,2025,9,25,15,Hà Nội,Xã Tây Phương,21.0403672,105.6115528,83,Moderate,1,26.7,80,0.0,15.5,320,1001.4,100,15.2,15.2,359.0,15.4,81.0,22.2
2025-09-25 16:00:00,2025,9,25,16,Hà Nội,Xã Tây Phương,21.0403672,105.6115528,84,Moderate,1,27.0,77,0.0,13.4,324,1001.4,100,15.8,15.8,382.0,16.7,81.0,23.1
2025-09-25 17:00:00,2025,9,25,17,Hà Nội,Xã Tây Phương,21.0403672,105.6115528,84,Moderate,1,26.8,77,0.0,12.4,338,1002.1,100,16.9,16.9,421.0,19.5,73.0,23.7
2025-09-25 18:00:00,2025,9,25,18,Hà Nội,Xã Tây Phương,21.0403672,105.6115528,84,Moderate,1,26.4,79,0.0,7.7,329,1002.9,100,17.8,17.8,471.0,23.2,60.0,24.1
2025-09-25 19:00:00,2025,9,25,19,Hà Nội,Xã Tây Phương,21.0403672,105.6115528,83,Moderate,1,25.9,82,0.1,6.6,325,1003.9,100,28.5,28.5,523.0,31.5,43.0,28.1
2025-09-25 20:00:00,2025,9,25,20,Hà Nội,Xã Tây Phương,21.0403672,105.6115528,82,Moderate,1,25.4,87,0.0,7.7,342,1005.4,100,33.4,33.4,591.0,34.1,37.0,30.3
2025-09-25 21:00:00,2025,9,25,21,Hà Nội,Xã Tây Phương,21.0403672,105.6115528,80,Moderate,1,25.1,89,0.0,3.1,329,1006.5,100,36.8,36.9,661.0,37.5,29.0,33.3
2025-09-25 22:00:00,2025,9,25,22,Hà Nội,Xã Tây Phương,21.0403672,105.6115528,78,Moderate,1,24.9,89,0.1,3.8,301,1006.9,100,40.6,40.9,673.0,40.0,22.0,35.6
2025-09-25 23:00:00,2025,9,25,23,Hà Nội,Xã Tây Phương,21.0403672,105.6115528,76,Moderate,1,24.8,89,0.1,3.8,329,1007.4,100,38.1,38.3,576.0,40.3,19.0,36.4
2025-09-26 00:00:00,2025,9,26,0,Hà Nội,Xã Tây Phương,21.0403672,105.6115528,75,Moderate,1,24.5,91,0.1,2.8,285,1006.7,100,39.8,40.2,423.0,39.6,17.0,36.6
2025-09-26 01:00:00,2025,9,26,1,Hà Nội,Xã Tây Phương,21.0403672,105.6115528,74,Moderate,1,24.2,92,0.0,5.1,287,1006.0,100,40.4,40.7,308.0,39.1,16.0,36.8
2025-09-26 02:00:00,2025,9,26,2,Hà Nội,Xã Tây Phương,21.0403672,105.6115528,75,Moderate,1,24.1,92,0.0,6.3,323,1006.3,100,41.0,41.2,272.0,39.2,13.0,37.1
2025-09-26 03:00:00,2025,9,26,3,Hà Nội,Xã Tây Phương,21.0403672,105.6115528,76,Moderate,1,24.2,92,0.0,7.0,314,1006.7,100,42.1,42.4,275.0,39.4,10.0,37.4
2025-09-26 04:00:00,2025,9,26,4,Hà Nội,Xã Tây Phương,21.0403672,105.6115528,78,Moderate,1,24.0,93,0.0,6.1,298,1006.9,100,41.2,41.6,297.0,39.9,10.0,38.6
2025-09-26 05:00:00,2025,9,26,5,Hà Nội,Xã Tây Phương,21.0403672,105.6115528,79,Moderate,1,23.8,94,0.0,3.4,276,1007.2,100,42.8,43.1,338.0,41.5,12.0,42.0
2025-09-26 06:00:00,2025,9,26,6,Hà Nội,Xã Tây Phương,21.0403672,105.6115528,81,Moderate,1,23.9,92,0.0,5.7,294,1008.0,100,45.6,46.0,397.0,43.3,16.0,46.3
2025-09-26 07:00:00,2025,9,26,7,Hà Nội,Xã Tây Phương,21.0403672,105.6115528,83,Moderate,1,24.3,91,0.0,6.9,301,1008.7,100,40.0,40.9,449.0,36.6,26.0,40.6
2025-09-26 08:00:00,2025,9,26,8,Hà Nội,Xã Tây Phương,21.0403672,105.6115528,84,Moderate,1,25.2,88,0.1,6.4,344,1010.5,100,32.4,32.8,493.0,31.7,45.0,40.7
2025-09-26 09:00:00,2025,9,26,9,Hà Nội,Xã Tây Phương,21.0403672,105.6115528,86,Moderate,1,25.5,86,0.0,7.2,332,1011.1,100,22.9,23.0,530.0,24.9,72.0,40.6
2025-09-26 10:00:00,2025,9,26,10,Hà Nội,Xã Tây Phương,21.0403672,105.6115528,87,Moderate,1,26.0,84,0.0,8.3,333,1011.0,100,22.1,22.2,540.0,19.4,94.0,39.3
2025-09-26 11:00:00,2025,9,26,11,Hà Nội,Xã Tây Phương,21.0403672,105.6115528,87,Moderate,1,26.6,80,0.1,8.4,340,1011.0,100,23.5,23.6,499.0,16.0,109.0,35.9
2025-09-26 12:00:00,2025,9,26,12,Hà Nội,Xã Tây Phương,21.0403672,105.6115528,88,Moderate,1,26.9,79,0.4,10.1,313,1010.2,100,21.5,21.7,430.0,13.8,119.0,31.3
2025-09-26 13:00:00,2025,9,26,13,Hà Nội,Xã Tây Phương,21.0403672,105.6115528,89,Moderate,1,28.3,75,0.1,9.6,327,1009.1,100,20.9,21.1,381.0,13.3,122.0,27.5
2025-09-26 14:00:00,2025,9,26,14,Hà Nội,Xã Tây Phương,21.0403672,105.6115528,90,Moderate,1,28.9,72,0.2,7.1,21,1008.4,100,26.1,26.4,370.0,14.6,114.0,24.8
2025-09-26 15:00:00,2025,9,26,15,Hà Nội,Xã Tây Phương,21.0403672,105.6115528,91,Moderate,1,26.9,85,0.3,12.6,34,1008.5,100,20.9,21.0,379.0,17.6,100.0,23.0
2025-09-26 16:00:00,2025,9,26,16,Hà Nội,Xã Tây Phương,21.0403672,105.6115528,91,Moderate,1,25.4,93,0.5,8.9,65,1009.1,100,20.4,20.5,407.0,22.0,84.0,22.8
2025-09-26 17:00:00,2025,9,26,17,Hà Nội,Xã Tây Phương,21.0403672,105.6115528,91,Moderate,1,25.4,92,0.2,2.6,39,1009.1,100,24.9,25.2,477.0,29.3,68.0,25.7
2025-09-26 18:00:00,2025,9,26,18,Hà Nội,Xã Tây Phương,21.0403672,105.6115528,92,Moderate,1,25.0,93,0.4,1.8,349,1009.5,100,30.2,30.7,566.0,38.2,52.0,30.2
2025-09-26 19:00:00,2025,9,26,19,Hà Nội,Xã Tây Phương,21.0403672,105.6115528,93,Moderate,1,24.6,97,0.1,5.7,332,1010.5,100,35.6,36.1,603.0,44.4,35.0,36.6
2025-09-26 20:00:00,2025,9,26,20,Hà Nội,Xã Tây Phương,21.0403672,105.6115528,94,Moderate,1,24.6,94,0.7,2.4,347,1011.7,86,37.8,38.4,542.0,45.5,30.0,38.8
2025-09-26 21:00:00,2025,9,26,21,Hà Nội,Xã Tây Phương,21.0403672,105.6115528,94,Moderate,1,24.5,96,0.0,3.1,283,1012.5,99,40.3,41.2,430.0,46.8,22.0,41.6
2025-09-26 22:00:00,2025,9,26,22,Hà Nội,Xã Tây Phương,21.0403672,105.6115528,95,Moderate,1,24.4,95,5.3,3.2,34,1013.1,100,40.0,41.1,337.0,45.8,18.0,41.8
2025-09-26 23:00:00,2025,9,26,23,Hà Nội,Xã Tây Phương,21.0403672,105.6115528,95,Moderate,1,24.4,96,1.3,6.4,10,1013.1,100,34.6,35.5,288.0,40.4,19.0,36.8
2025-09-27 00:00:00,2025,9,27,0,Hà Nội,Xã Tây Phương,21.0403672,105.6115528,94,Moderate,1,24.1,97,1.7,11.5,350,1013.2,100,26.2,27.3,259.0,32.9,23.0,29.1
2025-09-27 01:00:00,2025,9,27,1,Hà Nội,Xã Tây Phương,21.0403672,105.6115528,93,Moderate,1,23.7,97,5.5,8.5,333,1012.7,100,20.7,21.6,241.0,27.1,26.0,23.4
2025-09-27 02:00:00,2025,9,27,2,Hà Nội,Xã Tây Phương,21.0403672,105.6115528,91,Moderate,1,23.5,97,6.0,7.5,318,1011.9,100,20.8,21.7,235.0,25.1,25.0,21.6
2025-09-27 03:00:00,2025,9,27,3,Hà Nội,Xã Tây Phương,21.0403672,105.6115528,89,Moderate,1,23.5,96,0.3,8.6,323,1011.6,100,20.3,21.0,241.0,24.9,23.0,21.8
2025-09-27 04:00:00,2025,9,27,4,Hà Nội,Xã Tây Phương,21.0403672,105.6115528,88,Moderate,1,23.4,99,0.0,9.6,313,1011.8,99,18.5,19.3,253.0,24.9,21.0,22.3
2025-09-27 05:00:00,2025,9,27,5,Hà Nội,Xã Tây Phương,21.0403672,105.6115528,86,Moderate,1,23.4,98,1.1,10.2,311,1012.0,99,18.4,19.2,274.0,24.8,19.0,22.9
2025-09-27 06:00:00,2025,9,27,6,Hà Nội,Xã Tây Phương,21.0403672,105.6115528,83,Moderate,1,23.5,98,0.0,11.9,321,1012.5,100,20.1,20.9,300.0,24.9,17.0,23.9
2025-09-27 07:00:00,2025,9,27,7,Hà Nội,Xã Tây Phương,21.0403672,105.6115528,81,Moderate,1,23.9,98,1.8,8.3,304,1013.4,100,20.7,21.5,314.0,25.9,16.0,26.6
2025-09-27 08:00:00,2025,9,27,8,Hà Nội,Xã Tây Phương,21.0403672,105.6115528,79,Moderate,1,25.9,93,0.2,11.5,315,1013.5,100,19.0,19.5,304.0,23.5,24.0,27.8
2025-09-27 09:00:00,2025,9,27,9,Hà Nội,Xã Tây Phương,21.0403672,105.6115528,78,Moderate,1,27.3,87,0.0,10.0,321,1013.8,96,18.6,18.8,282.0,20.1,37.0,29.5
2025-09-27 10:00:00,2025,9,27,10,Hà Nội,Xã Tây Phương,21.0403672,105.6115528,78,Moderate,1,29.0,81,0.1,9.3,336,1013.6,99,17.2,17.5,267.0,16.7,51.0,30.4
2025-09-27 11:00:00,2025,9,27,11,Hà Nội,Xã Tây Phương,21.0403672,105.6115528,77,Moderate,1,30.3,71,0.2,12.2,41,1012.9,100,17.9,18.2,268.0,13.3,70.0,29.9
2025-09-27 12:00:00,2025,9,27,12,Hà Nội,Xã Tây Phương,21.0403672,105.6115528,77,Moderate,1,30.5,69,0.1,11.0,75,1011.8,99,18.9,19.3,277.0,9.9,90.0,28.5
2025-09-27 13:00:00,2025,9,27,13,Hà Nội,Xã Tây Phương,21.0403672,105.6115528,77,Moderate,1,29.6,78,4.0,6.5,177,1010.4,98,20.5,21.0,289.0,7.6,106.0,27.1
2025-09-27 14:00:00,2025,9,27,14,Hà Nội,Xã Tây Phương,21.0403672,105.6115528,77,Moderate,1,30.6,75,0.3,5.5,253,1009.1,99,22.5,23.1,301.0,6.3,115.0,25.4
2025-09-27 15:00:00,2025,9,27,15,Hà Nội,Xã Tây Phương,21.0403672,105.6115528,76,Moderate,1,30.8,73,0.2,4.1,304,1008.2,100,23.2,23.6,317.0,6.2,119.0,23.5
2025-09-27 16:00:00,2025,9,27,16,Hà Nội,Xã Tây Phương,21.0403672,105.6115528,77,Moderate,1,26.6,88,7.0,6.5,132,1009.1,100,21.9,22.4,339.0,8.6,115.0,23.0
2025-09-27 17:00:00,2025,9,27,17,Hà Nội,Xã Tây Phương,21.0403672,105.6115528,77,Moderate,1,25.8,92,3.4,8.2,260,1008.5,98,22.6,23.1,378.0,15.9,97.0,25.0
2025-09-27 18:00:00,2025,9,27,18,Hà Nội,Xã Tây Phương,21.0403672,105.6115528,76,Moderate,1,25.8,92,0.0,7.1,279,1008.9,98,29.0,29.3,423.0,25.8,70.0,28.3
2025-09-27 19:00:00,2025,9,27,19,Hà Nội,Xã Tây Phương,21.0403672,105.6115528,76,Moderate,1,25.9,92,0.0,9.6,291,1009.4,97,44.8,45.3,447.0,40.3,40.0,34.7
2025-09-27 20:00:00,2025,9,27,20,Hà Nội,Xã Tây Phương,21.0403672,105.6115528,77,Moderate,1,25.8,90,0.0,11.5,300,1010.2,87,44.4,44.7,433.0,40.7,35.0,36.5
2025-09-27 21:00:00,2025,9,27,21,Hà Nội,Xã Tây Phương,21.0403672,105.6115528,78,Moderate,1,26.0,88,0.0,11.7,302,1010.6,99,42.7,43.1,398.0,41.2,28.0,38.7
2025-09-27 22:00:00,2025,9,27,22,Hà Nội,Xã Tây Phương,21.0403672,105.6115528,78,Moderate,1,26.0,88,0.0,13.0,309,1010.5,93,44.2,44.6,361.0,40.3,24.0,39.1
2025-09-27 23:00:00,2025,9,27,23,Hà Nội,Xã Tây Phương,21.0403672,105.6115528,78,Moderate,1,25.9,89,0.0,12.3,309,1010.8,98,41.8,42.1,325.0,37.1,24.0,35.9
2025-09-28 00:00:00,2025,9,28,0,Hà Nội,Xã Tây Phương,21.0403672,105.6115528,79,Moderate,1,26.0,89,0.0,15.3,309,1010.0,99,36.6,36.9,287.0,32.6,27.0,30.8
2025-09-28 01:00:00,2025,9,28,1,Hà Nội,Xã Tây Phương,21.0403672,105.6115528,80,Moderate,1,25.5,91,0.0,13.8,313,1009.2,89,31.9,32.2,257.0,28.5,30.0,26.4
2025-09-28 02:00:00,2025,9,28,2,Hà Nội,Xã Tây Phương,21.0403672,105.6115528,81,Moderate,1,24.9,92,0.9,10.0,277,1009.0,100,28.8,29.3,238.0,25.3,32.0,23.4
2025-09-28 03:00:00,2025,9,28,3,Hà Nội,Xã Tây Phương,21.0403672,105.6115528,82,Moderate,1,24.4,95,0.3,9.4,271,1008.9,76,26.1,26.6,228.0,22.6,35.0,21.0
2025-09-28 04:00:00,2025,9,28,4,Hà Nội,Xã Tây Phương,21.0403672,105.6115528,82,Moderate,1,24.5,93,0.2,14.5,298,1008.1,47,24.3,24.6,230.0,20.8,37.0,19.7
2025-09-28 05:00:00,2025,9,28,5,Hà Nội,Xã Tây Phương,21.0403672,105.6115528,83,Moderate,1,24.4,93,0.0,17.4,309,1008.2,70,23.8,24.2,253.0,20.9,36.0,20.2
2025-09-28 06:00:00,2025,9,28,6,Hà Nội,Xã Tây Phương,21.0403672,105.6115528,83,Moderate,1,24.3,92,0.0,19.5,322,1008.4,41,24.0,24.3,288.0,21.9,35.0,21.8
2025-09-28 07:00:00,2025,9,28,7,Hà Nội,Xã Tây Phương,21.0403672,105.6115528,83,Moderate,1,24.8,91,0.0,14.9,325,1009.3,100,35.7,36.1,309.0,25.9,31.0,23.9
2025-09-28 08:00:00,2025,9,28,8,Hà Nội,Xã Tây Phương,21.0403672,105.6115528,85,Moderate,1,24.5,95,6.7,5.7,226,1010.4,100,32.4,32.7,302.0,24.2,41.0,26.4
2025-09-28 09:00:00,2025,9,28,9,Hà Nội,Xã Tây Phương,21.0403672,105.6115528,86,Moderate,1,26.9,86,0.1,14.1,293,1010.0,11,26.5,26.9,282.0,21.6,55.0,29.7
2025-09-28 10:00:00,2025,9,28,10,Hà Nội,Xã Tây Phương,21.0403672,105.6115528,87,Moderate,1,29.2,78,0.1,13.9,307,1009.9,100,24.6,24.9,269.0,18.5,71.0,30.7
2025-09-28 11:00:00,2025,9,28,11,Hà Nội,Xã Tây Phương,21.0403672,105.6115528,87,Moderate,1,29.1,80,0.4,14.8,354,1009.2,91,24.4,24.7,273.0,13.9,92.0,26.8
2025-09-28 12:00:00,2025,9,28,12,Hà Nội,Xã Tây Phương,21.0403672,105.6115528,88,Moderate,1,27.5,83,11.5,7.9,35,1008.3,98,23.9,24.2,284.0,8.7,115.0,20.6
2025-09-28 13:00:00,2025,9,28,13,Hà Nội,Xã Tây Phương,21.0403672,105.6115528,88,Moderate,1,28.2,80,3.5,11.0,41,1007.1,100,21.1,21.2,297.0,6.2,126.0,16.6
2025-09-28 14:00:00,2025,9,28,14,Hà Nội,Xã Tây Phương,21.0403672,105.6115528,88,Moderate,1,26.5,90,8.5,8.0,28,1006.8,100,21.2,21.5,309.0,8.7,115.0,17.2
2025-09-28 15:00:00,2025,9,28,15,Hà Nội,Xã Tây Phương,21.0403672,105.6115528,88,Moderate,1,26.4,89,0.3,12.6,359,1006.1,100,22.5,22.6,323.0,14.0,91.0,20.0
2025-09-28 16:00:00,2025,9,28,16,Hà Nội,Xã Tây Phương,21.0403672,105.6115528,88,Moderate,1,27.5,82,0.2,14.8,356,1005.5,100,21.4,21.5,340.0,18.4,72.0,22.3
2025-09-28 17:00:00,2025,9,28,17,Hà Nội,Xã Tây Phương,21.0403672,105.6115528,88,Moderate,1,27.5,81,0.0,17.4,11,1005.7,100,21.8,21.9,370.0,20.9,63.0,23.3
2025-09-28 18:00:00,2025,9,28,18,Hà Nội,Xã Tây Phương,21.0403672,105.6115528,88,Moderate,1,27.3,77,0.0,17.6,7,1006.1,100,22.9,23.0,404.0,22.5,58.0,23.8
2025-09-28 19:00:00,2025,9,28,19,Hà Nội,Xã Tây Phương,21.0403672,105.6115528,88,Moderate,1,26.8,79,0.2,16.1,7,1006.0,100,20.4,20.7,411.0,22.0,49.0,24.2
2025-09-28 20:00:00,2025,9,28,20,Hà Nội,Xã Tây Phương,21.0403672,105.6115528,85,Moderate,1,24.7,90,2.5,20.7,21,1008.1,100,18.6,18.9,369.0,20.4,48.0,22.8
2025-09-28 21:00:00,2025,9,28,21,Hà Nội,Xã Tây Phương,21.0403672,105.6115528,83,Moderate,1,24.6,91,1.4,17.1,19,1008.0,100,16.5,16.8,300.0,18.1,47.0,20.7
2025-09-28 22:00:00,2025,9,28,22,Hà Nội,Xã Tây Phương,21.0403672,105.6115528,81,Moderate,1,24.5,92,1.4,15.9,12,1007.8,100,15.4,15.7,245.0,16.1,46.0,19.1
2025-09-28 23:00:00,2025,9,28,23,Hà Nội,Xã Tây Phương,21.0403672,105.6115528,78,Moderate,1,24.5,92,1.9,18.1,6,1007.3,100,14.5,14.8,221.0,14.8,45.0,18.2
2025-09-29 00:00:00,2025,9,29,0,Hà Nội,Xã Tây Phương,21.0403672,105.6115528,76,Moderate,1,24.5,92,2.2,14.9,13,1006.6,100,14.1,14.5,211.0,13.8,45.0,17.6
2025-09-29 01:00:00,2025,9,29,1,Hà Nội,Xã Tây Phương,21.0403672,105.6115528,74,Moderate,1,24.5,92,3.5,18.9,27,1005.9,100,13.8,14.2,203.0,13.1,45.0,17.3
2025-09-29 02:00:00,2025,9,29,2,Hà Nội,Xã Tây Phương,21.0403672,105.6115528,72,Moderate,1,24.4,93,3.1,17.3,28,1004.9,100,13.2,13.5,191.0,12.6,45.0,17.3
2025-09-29 03:00:00,2025,9,29,3,Hà Nội,Xã Tây Phương,21.0403672,105.6115528,71,Moderate,1,24.3,93,2.8,18.2,28,1004.5,100,12.7,12.9,181.0,12.2,46.0,17.6
2025-09-29 04:00:00,2025,9,29,4,Hà Nội,Xã Tây Phương,21.0403672,105.6115528,70,Moderate,1,24.1,93,4.3,19.7,29,1004.6,100,12.7,12.8,182.0,12.1,46.0,17.6
2025-09-29 05:00:00,2025,9,29,5,Hà Nội,Xã Tây Phương,21.0403672,105.6115528,69,Moderate,1,24.3,93,4.0,20.9,33,1004.5,100,12.3,12.4,202.0,12.1,46.0,17.1
2025-09-29 06:00:00,2025,9,29,6,Hà Nội,Xã Tây Phương,21.0403672,105.6115528,68,Moderate,1,24.3,93,5.9,24.3,32,1004.1,100,11.8,11.8,232.0,12.3,45.0,16.3
2025-09-29 07:00:00,2025,9,29,7,Hà Nội,Xã Tây Phương,21.0403672,105.6115528,67,Moderate,1,24.2,94,5.5,26.9,43,1004.7,100,10.0,10.1,254.0,14.0,43.0,15.5
2025-09-29 08:00:00,2025,9,29,8,Hà Nội,Xã Tây Phương,21.0403672,105.6115528,64,Moderate,1,24.8,94,3.1,26.3,62,1004.8,100,10.0,10.1,258.0,14.9,39.0,16.4
2025-09-29 09:00:00,2025,9,29,9,Hà Nội,Xã Tây Phương,21.0403672,105.6115528,62,Moderate,1,24.5,93,1.5,31.8,61,1005.0,100,9.3,9.4,253.0,16.1,35.0,17.5
2025-09-29 10:00:00,2025,9,29,10,Hà Nội,Xã Tây Phương,21.0403672,105.6115528,61,Moderate,1,24.5,92,1.8,34.4,69,1005.0,100,8.1,8.2,250.0,17.0,32.0,17.9
2025-09-29 11:00:00,2025,9,29,11,Hà Nội,Xã Tây Phương,21.0403672,105.6115528,59,Moderate,1,24.4,94,6.2,33.9,81,1004.4,100,7.5,7.7,255.0,16.8,34.0,16.6
2025-09-29 12:00:00,2025,9,29,12,Hà Nội,Xã Tây Phương,21.0403672,105.6115528,58,Moderate,1,25.4,94,4.8,32.4,97,1004.4,100,7.8,8.0,261.0,16.2,39.0,14.4
2025-09-29 13:00:00,2025,9,29,13,Hà Nội,Xã Tây Phương,21.0403672,105.6115528,56,Moderate,1,25.1,95,5.5,29.6,95,1003.5,100,9.1,9.4,264.0,16.6,42.0,13.4
2025-09-29 14:00:00,2025,9,29,14,Hà Nội,Xã Tây Phương,21.0403672,105.6115528,55,Moderate,1,24.6,96,3.3,29.9,109,1003.5,100,10.8,11.1,259.0,18.9,42.0,14.7
2025-09-29 15:00:00,2025,9,29,15,Hà Nội,Xã Tây Phương,21.0403672,105.6115528,54,Moderate,1,25.1,94,3.9,29.5,102,1003.4,100,13.6,13.9,250.0,22.2,41.0,17.0
2025-09-29 16:00:00,2025,9,29,16,Hà Nội,Xã Tây Phương,21.0403672,105.6115528,54,Moderate,1,24.9,94,3.1,26.1,102,1003.9,100,14.6,15.0,246.0,24.7,39.0,18.6
2025-09-29 17:00:00,2025,9,29,17,Hà Nội,Xã Tây Phương,21.0403672,105.6115528,53,Moderate,1,24.9,94,3.2,25.3,109,1004.4,100,14.3,14.8,255.0,25.7,36.0,18.5
2025-09-29 18:00:00,2025,9,29,18,Hà Nội,Xã Tây Phương,21.0403672,105.6115528,52,Moderate,1,24.3,96,3.6,20.3,103,1005.2,100,13.6,14.2,268.0,25.9,32.0,17.7
2025-09-29 19:00:00,2025,9,29,19,Hà Nội,Xã Tây Phương,21.0403672,105.6115528,51,Moderate,1,25.0,95,1.1,19.7,111,1006.1,100,13.1,13.9,272.0,23.6,40.0,16.3
2025-09-29 20:00:00,2025,9,29,20,Hà Nội,Xã Tây Phương,21.0403672,105.6115528,51,Moderate,1,24.6,96,0.7,18.6,105,1006.3,100,14.8,15.8,257.0,22.6,41.0,16.0
2025-09-29 21:00:00,2025,9,29,21,Hà Nội,Xã Tây Phương,21.0403672,105.6115528,50,Good,0,25.0,95,1.1,21.1,128,1007.5,100,14.4,15.3,232.0,21.3,42.0,15.6
2025-09-29 22:00:00,2025,9,29,22,Hà Nội,Xã Tây Phương,21.0403672,105.6115528,50,Good,0,24.4,96,2.0,20.6,147,1007.9,100,12.7,13.2,209.0,20.1,43.0,15.0
2025-09-29 23:00:00,2025,9,29,23,Hà Nội,Xã Tây Phương,21.0403672,105.6115528,50,Good,0,24.0,98,3.7,14.3,157,1008.3,100,10.8,11.1,190.0,19.1,42.0,14.2
2025-09-30 00:00:00,2025,9,30,0,Hà Nội,Xã Tây Phương,21.0403672,105.6115528,49,Good,0,24.2,96,3.0,16.1,140,1008.2,100,9.8,9.9,173.0,18.3,41.0,13.2
2025-09-30 01:00:00,2025,9,30,1,Hà Nội,Xã Tây Phương,21.0403672,105.6115528,49,Good,0,23.8,97,3.9,11.7,136,1007.7,100,8.0,8.1,165.0,17.8,39.0,12.6
2025-09-30 02:00:00,2025,9,30,2,Hà Nội,Xã Tây Phương,21.0403672,105.6115528,48,Good,0,23.6,97,5.2,13.8,132,1007.7,100,7.6,7.7,169.0,17.6,38.0,12.3
2025-09-30 03:00:00,2025,9,30,3,Hà Nội,Xã Tây Phương,21.0403672,105.6115528,47,Good,0,23.5,97,3.4,13.4,144,1007.6,100,7.8,7.9,182.0,17.7,36.0,12.2
2025-09-30 04:00:00,2025,9,30,4,Hà Nội,Xã Tây Phương,21.0403672,105.6115528,46,Good,0,23.5,97,3.0,12.0,145,1007.4,100,7.6,7.7,207.0,18.7,34.0,12.8
2025-09-30 05:00:00,2025,9,30,5,Hà Nội,Xã Tây Phương,21.0403672,105.6115528,45,Good,0,23.2,97,1.6,10.4,143,1007.4,100,7.3,7.3,256.0,21.3,30.0,14.3
2025-09-30 06:00:00,2025,9,30,6,Hà Nội,Xã Tây Phương,21.0403672,105.6115528,44,Good,0,23.2,98,1.0,7.2,109,1008.5,100,8.8,8.9,316.0,24.9,26.0,16.5
2025-09-30 07:00:00,2025,9,30,7,Hà Nội,Xã Tây Phương,21.0403672,105.6115528,44,Good,0,23.1,98,2.7,6.9,110,1009.8,100,9.5,9.7,353.0,22.2,36.0,17.0
2025-09-30 08:00:00,2025,9,30,8,Hà Nội,Xã Tây Phương,21.0403672,105.6115528,44,Good,0,24.6,97,1.6,16.5,145,1009.6,100,10.5,10.7,344.0,23.0,35.0,18.9
2025-09-30 09:00:00,2025,9,30,9,Hà Nội,Xã Tây Phương,21.0403672,105.6115528,44,Good,0,25.2,96,1.0,14.7,133,1010.5,100,13.0,13.4,312.0,23.9,35.0,21.4
2025-09-30 10:00:00,2025,9,30,10,Hà Nội,Xã Tây Phương,21.0403672,105.6115528,44,Good,0,25.3,94,0.7,13.3,142,1010.5,100,16.2,17.4,284.0,23.3,40.0,22.8
2025-09-30 11:00:00,2025,9,30,11,Hà Nội,Xã Tây Phương,21.0403672,105.6115528,46,Good,0,26.3,91,0.7,15.4,135,1010.2,100,21.7,23.8,270.0,19.4,56.0,21.9
2025-09-30 12:00:00,2025,9,30,12,Hà Nội,Xã Tây Phương,21.0403672,105.6115528,48,Good,0,25.7,94,1.0,14.4,139,1009.6,100,18.2,20.7,261.0,14.0,77.0,20.0
2025-09-30 13:00:00,2025,9,30,13,Hà Nội,Xã Tây Phương,21.0403672,105.6115528,50,Good,0,27.0,88,0.4,20.1,150,1008.6,100,16.2,17.2,260.0,10.8,92.0,19.0
2025-09-30 14:00:00,2025,9,30,14,Hà Nội,Xã Tây Phương,21.0403672,105.6115528,51,Moderate,1,27.8,86,0.3,19.1,149,1007.6,100,19.2,20.0,269.0,11.1,98.0,19.9
2025-09-30 15:00:00,2025,9,30,15,Hà Nội,Xã Tây Phương,21.0403672,105.6115528,51,Moderate,1,27.1,84,1.8,18.8,151,1007.4,100,22.0,23.3,285.0,13.5,99.0,21.8
2025-09-30 16:00:00,2025,9,30,16,Hà Nội,Xã Tây Phương,21.0403672,105.6115528,52,Moderate,1,26.2,91,2.4,16.9,149,1007.5,100,21.1,22.2,306.0,17.9,93.0,24.0
2025-09-30 17:00:00,2025,9,30,17,Hà Nội,Xã Tây Phương,21.0403672,105.6115528,53,Moderate,1,25.9,93,0.1,14.6,128,1008.1,100,24.2,25.0,335.0,25.7,76.0,27.0
2025-09-30 18:00:00,2025,9,30,18,Hà Nội,Xã Tây Phương,21.0403672,105.6115528,54,Moderate,1,25.5,94,0.2,12.9,127,1008.6,100,29.0,29.9,369.0,35.4,52.0,30.4
2025-09-30 19:00:00,2025,9,30,19,Hà Nội,Xã Tây Phương,21.0403672,105.6115528,55,Moderate,1,25.4,96,0.5,12.5,150,1009.6,100,33.9,36.3,387.0,44.4,32.0,34.3
2025-09-30 20:00:00,2025,9,30,20,Hà Nội,Xã Tây Phương,21.0403672,105.6115528,57,Moderate,1,25.2,94,0.9,8.0,138,1010.4,100,33.8,36.3,379.0,45.8,25.0,33.8
2025-09-30 21:00:00,2025,9,30,21,Hà Nội,Xã Tây Phương,21.0403672,105.6115528,58,Moderate,1,24.1,98,3.5,7.2,168,1011.6,100,34.9,37.3,357.0,47.7,16.0,33.1
2025-09-30 22:00:00,2025,9,30,22,Hà Nội,Xã Tây Phương,21.0403672,105.6115528,60,Moderate,1,24.2,97,2.2,12.2,161,1011.8,100,36.4,38.8,334.0,48.0,10.0,32.0
2025-09-30 23:00:00,2025,9,30,23,Hà Nội,Xã Tây Phương,21.0403672,105.6115528,62,Moderate,1,24.0,96,2.3,12.4,138,1011.8,100,34.5,37.3,311.0,45.3,10.0,30.2
2025-10-01 00:00:00,2025,10,1,0,Hà Nội,Xã Tây Phương,21.0403672,105.6115528,64,Moderate,1,23.8,96,0.1,11.9,132,1011.6,100,31.7,34.2,288.0,41.0,13.0,28.0
2025-10-01 01:00:00,2025,10,1,1,Hà Nội,Xã Tây Phương,21.0403672,105.6115528,66,Moderate,1,23.6,98,0.1,10.3,130,1011.2,100,28.1,30.6,277.0,38.0,15.0,26.6
2025-10-01 02:00:00,2025,10,1,2,Hà Nội,Xã Tây Phương,21.0403672,105.6115528,68,Moderate,1,23.5,98,0.1,8.8,118,1010.7,99,27.9,30.4,284.0,37.7,13.0,26.2
2025-10-01 03:00:00,2025,10,1,3,Hà Nội,Xã Tây Phương,21.0403672,105.6115528,70,Moderate,1,23.3,99,0.3,5.1,113,1010.4,100,28.7,31.1,302.0,38.7,11.0,26.5
2025-10-01 04:00:00,2025,10,1,4,Hà Nội,Xã Tây Phương,21.0403672,105.6115528,72,Moderate,1,23.5,99,0.1,4.0,100,1010.5,100,30.7,33.2,330.0,39.3,9.0,28.2
2025-10-01 05:00:00,2025,10,1,5,Hà Nội,Xã Tây Phương,21.0403672,105.6115528,74,Moderate,1,23.6,98,0.0,4.8,103,1010.5,100,32.4,34.8,380.0,39.4,9.0,32.6
2025-10-01 06:00:00,2025,10,1,6,Hà Nội,Xã Tây Phương,21.0403672,105.6115528,76,Moderate,1,23.8,98,0.0,4.7,113,1010.8,100,33.9,36.1,439.0,39.1,10.0,38.4
2025-10-01 07:00:00,2025,10,1,7,Hà Nội,Xã Tây Phương,21.0403672,105.6115528,78,Moderate,1,24.8,97,0.0,10.1,114,1010.8,100,27.2,29.6,462.0,33.1,17.0,35.4
2025-10-01 08:00:00,2025,10,1,8,Hà Nội,Xã Tây Phương,21.0403672,105.6115528,80,Moderate,1,26.2,89,0.0,11.0,145,1011.7,100,25.6,28.1,417.0,29.7,26.0,36.0
2025-10-01 09:00:00,2025,10,1,9,Hà Nội,Xã Tây Phương,21.0403672,105.6115528,81,Moderate,1,26.9,86,0.0,10.7,145,1012.2,100,26.8,29.5,336.0,24.8,39.0,36.6
2025-10-01 10:00:00,2025,10,1,10,Hà Nội,Xã Tây Phương,21.0403672,105.6115528,82,Moderate,1,27.6,85,0.1,10.0,144,1012.2,100,24.0,26.8,270.0,20.3,55.0,36.2
2025-10-01 11:00:00,2025,10,1,11,Hà Nội,Xã Tây Phương,21.0403672,105.6115528,83,Moderate,1,28.4,83,0.1,10.1,147,1011.4,100,24.5,26.6,236.0,16.3,76.0,33.5
2025-10-01 12:00:00,2025,10,1,12,Hà Nội,Xã Tây Phương,21.0403672,105.6115528,83,Moderate,1,29.5,76,0.1,13.0,154,1010.3,100,27.1,28.5,217.0,12.7,101.0,29.8
2025-10-01 13:00:00,2025,10,1,13,Hà Nội,Xã Tây Phương,21.0403672,105.6115528,84,Moderate,1,25.8,90,3.3,8.5,182,1010.5,100,31.7,33.2,214.0,10.5,120.0,27.3
2025-10-01 14:00:00,2025,10,1,14,Hà Nội,Xã Tây Phương,21.0403672,105.6115528,86,Moderate,1,25.9,92,0.4,6.2,168,1009.5,100,35.7,37.3,229.0,9.1,133.0,26.7
2025-10-01 15:00:00,2025,10,1,15,Hà Nội,Xã Tây Phương,21.0403672,105.6115528,87,Moderate,1,26.5,91,0.1,2.9,202,1009.0,100,38.6,40.0,260.0,9.2,140.0,27.4
2025-10-01 16:00:00,2025,10,1,16,Hà Nội,Xã Tây Phương,21.0403672,105.6115528,89,Moderate,1,27.1,87,0.0,7.4,177,1008.7,100,39.6,41.0,306.0,13.3,136.0,29.6
2025-10-01 17:00:00,2025,10,1,17,Hà Nội,Xã Tây Phương,21.0403672,105.6115528,90,Moderate,1,27.2,89,0.0,3.2,142,1008.5,100,42.1,43.3,382.0,25.0,114.0,34.5
2025-10-01 18:00:00,2025,10,1,18,Hà Nội,Xã Tây Phương,21.0403672,105.6115528,92,Moderate,1,26.3,91,0.0,1.8,96,1008.5,100,54.7,55.8,473.0,40.9,82.0,41.0
2025-10-01 19:00:00,2025,10,1,19,Hà Nội,Xã Tây Phương,21.0403672,105.6115528,94,Moderate,1,26.0,91,0.0,5.0,165,1009.4,100,78.5,79.4,534.0,70.5,24.0,58.7
2025-10-01 20:00:00,2025,10,1,20,Hà Nội,Xã Tây Phương,21.0403672,105.6115528,98,Moderate,1,26.0,93,0.0,4.6,162,1010.4,99,88.5,89.4,535.0,74.4,19.0,65.9
2025-10-01 21:00:00,2025,10,1,21,Hà Nội,Xã Tây Phương,21.0403672,105.6115528,103,Unhealthy for Sensitive Groups,2,26.0,94,0.0,5.5,167,1011.2,100,93.6,94.8,507.0,79.7,12.0,75.8
2025-10-01 22:00:00,2025,10,1,22,Hà Nội,Xã Tây Phương,21.0403672,105.6115528,109,Unhealthy for Sensitive Groups,2,26.0,94,0.0,7.7,162,1011.3,98,96.6,98.7,490.0,82.9,7.0,82.5
2025-10-01 23:00:00,2025,10,1,23,Hà Nội,Xã Tây Phương,21.0403672,105.6115528,116,Unhealthy for Sensitive Groups,2,25.5,96,0.0,6.0,164,1011.5,98,97.8,99.9,511.0,82.4,4.0,82.8
2025-10-02 00:00:00,2025,10,2,0,Hà Nội,Xã Tây Phương,21.0403672,105.6115528,122,Unhealthy for Sensitive Groups,2,25.3,96,0.0,7.0,167,1011.2,98,95.2,97.1,543.0,79.9,2.0,79.9
2025-10-02 01:00:00,2025,10,2,1,Hà Nội,Xã Tây Phương,21.0403672,105.6115528,129,Unhealthy for Sensitive Groups,2,25.4,97,0.0,6.0,163,1011.0,99,96.9,98.7,556.0,77.0,1.0,77.5
2025-10-02 02:00:00,2025,10,2,2,Hà Nội,Xã Tây Phương,21.0403672,105.6115528,136,Unhealthy for Sensitive Groups,2,25.1,97,0.0,5.0,154,1010.5,99,99.2,101.0,520.0,74.4,0.0,77.1
2025-10-02 03:00:00,2025,10,2,3,Hà Nội,Xã Tây Phương,21.0403672,105.6115528,144,Unhealthy for Sensitive Groups,2,24.7,98,0.0,4.5,143,1010.4,98,97.6,99.7,464.0,71.5,0.0,77.2
2025-10-02 04:00:00,2025,10,2,4,Hà Nội,Xã Tây Phương,21.0403672,105.6115528,150,Unhealthy for Sensitive Groups,2,24.4,99,0.0,4.0,159,1010.2,55,89.6,92.4,439.0,67.8,0.0,76.4
2025-10-02 05:00:00,2025,10,2,5,Hà Nội,Xã Tây Phương,21.0403672,105.6115528,151,Unhealthy,3,24.0,99,0.0,4.4,142,1010.2,80,81.7,85.7,493.0,63.4,1.0,74.2
2025-10-02 06:00:00,2025,10,2,6,Hà Nội,Xã Tây Phương,21.0403672,105.6115528,153,Unhealthy,3,24.1,99,0.0,5.3,142,1010.6,100,82.7,86.1,578.0,58.3,4.0,71.2
2025-10-02 07:00:00,2025,10,2,7,Hà Nội,Xã Tây Phương,21.0403672,105.6115528,154,Unhealthy,3,25.3,97,0.0,8.9,132,1011.7,88,53.9,56.2,601.0,40.7,12.0,61.3
2025-10-02 08:00:00,2025,10,2,8,Hà Nội,Xã Tây Phương,21.0403672,105.6115528,154,Unhealthy,3,27.1,91,0.0,9.0,134,1012.3,100,44.8,46.3,498.0,35.4,21.0,58.3
2025-10-02 09:00:00,2025,10,2,9,Hà Nội,Xã Tây Phương,21.0403672,105.6115528,155,Unhealthy,3,28.8,77,0.0,12.7,149,1012.9,99,33.9,36.1,333.0,27.9,34.0,53.9
2025-10-02 10:00:00,2025,10,2,10,Hà Nội,Xã Tây Phương,21.0403672,105.6115528,155,Unhealthy,3,29.9,69,0.0,13.7,152,1012.7,93,24.9,26.7,210.0,21.4,49.0,48.7
2025-10-02 11:00:00,2025,10,2,11,Hà Nội,Xã Tây Phương,21.0403672,105.6115528,155,Unhealthy,3,30.7,66,0.0,13.0,155,1012.0,80,21.1,22.2,173.0,16.6,68.0,41.9
2025-10-02 12:00:00,2025,10,2,12,Hà Nội,Xã Tây Phương,21.0403672,105.6115528,155,Unhealthy,3,31.3,64,0.0,12.0,152,1010.5,13,21.5,22.5,178.0,12.8,89.0,34.3
2025-10-02 13:00:00,2025,10,2,13,Hà Nội,Xã Tây Phương,21.0403672,105.6115528,155,Unhealthy,3,31.6,61,0.0,10.6,157,1009.9,100,23.7,24.6,194.0,10.4,107.0,29.1
2025-10-02 14:00:00,2025,10,2,14,Hà Nội,Xã Tây Phương,21.0403672,105.6115528,154,Unhealthy,3,31.8,61,0.1,9.0,154,1008.8,94,25.6,26.4,213.0,9.0,122.0,27.4
2025-10-02 15:00:00,2025,10,2,15,Hà Nội,Xã Tây Phương,21.0403672,105.6115528,154,Unhealthy,3,31.9,60,0.0,10.0,146,1008.0,88,27.7,28.4,244.0,9.0,133.0,28.1
2025-10-02 16:00:00,2025,10,2,16,Hà Nội,Xã Tây Phương,21.0403672,105.6115528,154,Unhealthy,3,30.9,66,0.0,12.6,152,1008.0,74,30.9,31.5,280.0,12.9,133.0,30.5
2025-10-02 17:00:00,2025,10,2,17,Hà Nội,Xã Tây Phương,21.0403672,105.6115528,154,Unhealthy,3,29.5,75,0.0,11.1,148,1008.0,65,38.0,38.5,327.0,23.9,116.0,35.5
2025-10-02 18:00:00,2025,10,2,18,Hà Nội,Xã Tây Phương,21.0403672,105.6115528,154,Unhealthy,3,28.5,78,0.0,11.0,161,1008.1,31,48.8,49.4,380.0,38.8,88.0,42.3
2025-10-02 19:00:00,2025,10,2,19,Hà Nội,Xã Tây Phương,21.0403672,105.6115528,154,Unhealthy,3,28.0,79,0.0,9.0,164,1009.0,27,63.3,63.6,414.0,51.9,65.0,49.0
2025-10-02 20:00:00,2025,10,2,20,Hà Nội,Xã Tây Phương,21.0403672,105.6115528,153,Unhealthy,3,27.9,79,0.0,12.0,162,1009.6,10,59.4,59.8,415.0,52.8,52.0,49.9
2025-10-02 21:00:00,2025,10,2,21,Hà Nội,Xã Tây Phương,21.0403672,105.6115528,153,Unhealthy,3,27.4,80,0.0,12.3,158,1010.2,30,51.2,52.0,398.0,53.9,33.0,51.1
2025-10-02 22:00:00,2025,10,2,22,Hà Nội,Xã Tây Phương,21.0403672,105.6115528,152,Unhealthy,3,26.7,83,0.0,11.4,154,1010.4,27,45.8,46.4,383.0,54.5,18.0,51.6
2025-10-02 23:00:00,2025,10,2,23,Hà Nội,Xã Tây Phương,21.0403672,105.6115528,151,Unhealthy,3,26.0,86,0.0,10.9,153,1010.4,2,41.9,42.7,377.0,54.0,10.0,50.7
2025-10-03 00:00:00,2025,10,3,0,Hà Nội,Xã Tây Phương,21.0403672,105.6115528,147,Unhealthy for Sensitive Groups,2,25.5,88,0.0,10.7,151,1010.0,13,41.1,42.5,373.0,52.9,4.0,49.1
2025-10-03 01:00:00,2025,10,3,1,Hà Nội,Xã Tây Phương,21.0403672,105.6115528,141,Unhealthy for Sensitive Groups,2,25.4,92,0.0,11.1,144,1009.7,1,43.0,44.8,365.0,51.6,1.0,47.5
2025-10-03 02:00:00,2025,10,3,2,Hà Nội,Xã Tây Phương,21.0403672,105.6115528,135,Unhealthy for Sensitive Groups,2,25.2,93,0.0,10.0,141,1009.4,2,45.8,47.6,343.0,50.3,0.0,46.0
2025-10-03 03:00:00,2025,10,3,3,Hà Nội,Xã Tây Phương,21.0403672,105.6115528,130,Unhealthy for Sensitive Groups,2,24.9,94,0.0,10.1,140,1009.3,1,47.3,49.1,317.0,48.9,0.0,44.6
2025-10-03 04:00:00,2025,10,3,4,Hà Nội,Xã Tây Phương,21.0403672,105.6115528,125,Unhealthy for Sensitive Groups,2,24.5,95,0.0,9.4,140,1009.6,0,48.1,49.8,319.0,47.0,0.0,44.1
2025-10-03 05:00:00,2025,10,3,5,Hà Nội,Xã Tây Phương,21.0403672,105.6115528,120,Unhealthy for Sensitive Groups,2,24.3,96,0.0,9.5,141,1009.9,0,49.1,50.9,385.0,44.7,1.0,45.3
2025-10-03 06:00:00,2025,10,3,6,Hà Nội,Xã Tây Phương,21.0403672,105.6115528,117,Unhealthy for Sensitive Groups,2,24.2,96,0.0,9.9,135,1010.8,0,52.9,54.1,478.0,42.1,4.0,47.3
2025-10-03 07:00:00,2025,10,3,7,Hà Nội,Xã Tây Phương,21.0403672,105.6115528,114,Unhealthy for Sensitive Groups,2,25.8,90,0.0,9.6,124,1011.4,0,62.6,64.3,521.0,38.3,12.0,47.1
2025-10-03 08:00:00,2025,10,3,8,Hà Nội,Xã Tây Phương,21.0403672,105.6115528,115,Unhealthy for Sensitive Groups,2,27.5,85,0.0,10.5,128,1011.6,0,51.0,52.0,461.0,34.1,22.0,47.0
2025-10-03 09:00:00,2025,10,3,9,Hà Nội,Xã Tây Phương,21.0403672,105.6115528,115,Unhealthy for Sensitive Groups,2,28.9,77,0.0,12.8,141,1012.0,2,34.1,35.2,350.0,28.1,36.0,46.8
2025-10-03 10:00:00,2025,10,3,10,Hà Nội,Xã Tây Phương,21.0403672,105.6115528,115,Unhealthy for Sensitive Groups,2,30.0,70,0.0,12.2,139,1011.5,0,30.7,31.7,266.0,22.7,55.0,45.5
2025-10-03 11:00:00,2025,10,3,11,Hà Nội,Xã Tây Phương,21.0403672,105.6115528,116,Unhealthy for Sensitive Groups,2,30.9,66,0.0,12.0,139,1010.7,2,31.2,32.0,242.0,18.2,82.0,42.3
2025-10-03 12:00:00,2025,10,3,12,Hà Nội,Xã Tây Phương,21.0403672,105.6115528,117,Unhealthy for Sensitive Groups,2,31.5,63,0.0,12.1,140,1009.8,5,31.9,32.5,245.0,14.1,114.0,38.1
2025-10-03 13:00:00,2025,10,3,13,Hà Nội,Xã Tây Phương,21.0403672,105.6115528,118,Unhealthy for Sensitive Groups,2,31.8,60,0.0,13.1,136,1009.2,17,33.5,34.0,256.0,11.6,137.0,34.9
2025-10-03 14:00:00,2025,10,3,14,Hà Nội,Xã Tây Phương,21.0403672,105.6115528,119,Unhealthy for Sensitive Groups,2,32.0,60,0.0,14.0,128,1008.4,7,34.8,35.3,274.0,10.2,149.0,33.4
2025-10-03 15:00:00,2025,10,3,15,Hà Nội,Xã Tây Phương,21.0403672,105.6115528,120,Unhealthy for Sensitive Groups,2,31.5,60,0.0,13.6,131,1007.8,5,35.9,36.3,299.0,10.2,152.0,32.9
2025-10-03 16:00:00,2025,10,3,16,Hà Nội,Xã Tây Phương,21.0403672,105.6115528,121,Unhealthy for Sensitive Groups,2,31.2,63,0.0,12.5,125,1007.4,5,37.5,38.0,320.0,14.0,144.0,33.9
2025-10-03 17:00:00,2025,10,3,17,Hà Nội,Xã Tây Phương,21.0403672,105.6115528,122,Unhealthy for Sensitive Groups,2,30.0,69,0.0,11.2,128,1007.6,4,42.1,42.5,325.0,24.5,119.0,37.5
2025-10-03 18:00:00,2025,10,3,18,Hà Nội,Xã Tây Phương,21.0403672,105.6115528,122,Unhealthy for Sensitive Groups,2,28.9,72,0.0,10.7,139,1008.2,5,47.0,47.3,325.0,38.6,83.0,42.6
2025-10-03 19:00:00,2025,10,3,19,Hà Nội,Xã Tây Phương,21.0403672,105.6115528,122,Unhealthy for Sensitive Groups,2,28.3,73,0.0,13.2,150,1009.1,11,42.8,42.8,337.0,44.0,70.0,44.7
2025-10-03 20:00:00,2025,10,3,20,Hà Nội,Xã Tây Phương,21.0403672,105.6115528,120,Unhealthy for Sensitive Groups,2,28.0,75,0.0,12.9,152,1010.3,9,38.8,39.2,374.0,45.6,56.0,44.6
2025-10-03 21:00:00,2025,10,3,21,Hà Nội,Xã Tây Phương,21.0403672,105.6115528,118,Unhealthy for Sensitive Groups,2,27.1,79,0.0,12.0,148,1011.2,1,34.9,35.3,423.0,47.7,36.0,44.5
2025-10-03 22:00:00,2025,10,3,22,Hà Nội,Xã Tây Phương,21.0403672,105.6115528,116,Unhealthy for Sensitive Groups,2,26.1,85,0.0,11.4,147,1011.2,1,33.9,34.5,462.0,49.7,20.0,43.8
2025-10-03 23:00:00,2025,10,3,23,Hà Nội,Xã Tây Phương,21.0403672,105.6115528,115,Unhealthy for Sensitive Groups,2,25.5,90,0.0,9.4,148,1011.5,2,34.6,35.7,483.0,51.2,11.0,42.0
2025-10-04 00:00:00,2025,10,4,0,Hà Nội,Xã Tây Phương,21.0403672,105.6115528,114,Unhealthy for Sensitive Groups,2,25.0,92,0.0,7.8,143,1011.3,0,36.6,37.6,494.0,52.6,6.0,39.7
2025-10-04 01:00:00,2025,10,4,1,Hà Nội,Xã Tây Phương,21.0403672,105.6115528,113,Unhealthy for Sensitive Groups,2,25.5,95,0.0,7.8,130,1010.7,41,39.8,41.1,502.0,53.3,3.0,38.5
2025-10-04 02:00:00,2025,10,4,2,Hà Nội,Xã Tây Phương,21.0403672,105.6115528,113,Unhealthy for Sensitive Groups,2,25.5,97,0.0,7.6,135,1010.6,35,44.8,46.1,499.0,53.5,0.0,38.9
2025-10-04 03:00:00,2025,10,4,3,Hà Nội,Xã Tây Phương,21.0403672,105.6115528,113,Unhealthy for Sensitive Groups,2,25.1,99,0.0,7.2,143,1010.1,23,50.2,51.6,494.0,53.1,0.0,40.4
2025-10-04 04:00:00,2025,10,4,4,Hà Nội,Xã Tây Phương,21.0403672,105.6115528,113,Unhealthy for Sensitive Groups,2,25.0,99,0.0,6.9,141,1009.9,21,54.5,56.0,517.0,51.8,0.0,42.6
2025-10-04 05:00:00,2025,10,4,5,Hà Nội,Xã Tây Phương,21.0403672,105.6115528,114,Unhealthy for Sensitive Groups,2,24.9,99,0.0,5.4,140,1010.3,17,58.6,60.1,616.0,49.4,1.0,46.4
2025-10-04 06:00:00,2025,10,4,6,Hà Nội,Xã Tây Phương,21.0403672,105.6115528,115,Unhealthy for Sensitive Groups,2,24.6,99,0.0,4.1,113,1010.8,20,62.9,64.0,744.0,46.0,4.0,50.8
2025-10-04 07:00:00,2025,10,4,7,Hà Nội,Xã Tây Phương,21.0403672,105.6115528,116,Unhealthy for Sensitive Groups,2,25.6,93,0.0,8.7,140,1011.2,10,46.4,48.0,787.0,41.9,12.0,53.0
2025-10-04 08:00:00,2025,10,4,8,Hà Nội,Xã Tây Phương,21.0403672,105.6115528,114,Unhealthy for Sensitive Groups,2,27.0,89,0.0,5.7,134,1011.9,4,34.1,36.2,660.0,36.4,24.0,51.2
2025-10-04 09:00:00,2025,10,4,9,Hà Nội,Xã Tây Phương,21.0403672,105.6115528,112,Unhealthy for Sensitive Groups,2,28.8,81,0.0,7.3,147,1012.5,28,24.7,26.5,449.0,28.8,40.0,48.4
2025-10-04 10:00:00,2025,10,4,10,Hà Nội,Xã Tây Phương,21.0403672,105.6115528,111,Unhealthy for Sensitive Groups,2,29.9,74,0.1,6.1,135,1012.1,16,21.8,22.4,296.0,22.0,59.0,44.9
2025-10-04 11:00:00,2025,10,4,11,Hà Nội,Xã Tây Phương,21.0403672,105.6115528,111,Unhealthy for Sensitive Groups,2,31.0,68,0.1,6.5,134,1011.5,27,22.1,22.6,270.0,17.0,80.0,39.7
2025-10-04 12:00:00,2025,10,4,12,Hà Nội,Xã Tây Phương,21.0403672,105.6115528,110,Unhealthy for Sensitive Groups,2,31.4,66,0.2,8.7,135,1010.2,51,23.6,24.0,303.0,12.8,103.0,33.6
2025-10-04 13:00:00,2025,10,4,13,Hà Nội,Xã Tây Phương,21.0403672,105.6115528,109,Unhealthy for Sensitive Groups,2,31.5,65,0.4,9.4,138,1009.4,32,26.2,26.7,335.0,10.2,124.0,29.4
2025-10-04 14:00:00,2025,10,4,14,Hà Nội,Xã Tây Phương,21.0403672,105.6115528,108,Unhealthy for Sensitive Groups,2,31.5,65,0.1,8.7,135,1008.2,76,29.9,30.4,330.0,8.5,144.0,27.9
2025-10-04 15:00:00,2025,10,4,15,Hà Nội,Xã Tây Phương,21.0403672,105.6115528,107,Unhealthy for Sensitive Groups,2,31.2,66,0.0,8.5,128,1007.3,62,33.2,33.8,324.0,8.3,162.0,28.1
2025-10-04 16:00:00,2025,10,4,16,Hà Nội,Xã Tây Phương,21.0403672,105.6115528,107,Unhealthy for Sensitive Groups,2,30.8,69,0.0,8.6,116,1006.9,12,36.1,36.6,360.0,12.3,165.0,30.1
2025-10-04 17:00:00,2025,10,4,17,Hà Nội,Xã Tây Phương,21.0403672,105.6115528,107,Unhealthy for Sensitive Groups,2,29.5,77,0.0,8.0,115,1006.3,2,41.1,41.4,487.0,23.7,145.0,34.3
2025-10-04 18:00:00,2025,10,4,18,Hà Nội,Xã Tây Phương,21.0403672,105.6115528,107,Unhealthy for Sensitive Groups,2,28.1,82,0.0,7.5,125,1006.5,2,54.2,54.6,657.0,39.2,110.0,40.2
2025-10-04 19:00:00,2025,10,4,19,Hà Nội,Xã Tây Phương,21.0403672,105.6115528,108,Unhealthy for Sensitive Groups,2,27.6,88,0.0,6.9,133,1007.5,2,65.7,66.1,768.0,52.7,77.0,46.1
2025-10-04 20:00:00,2025,10,4,20,Hà Nội,Xã Tây Phương,21.0403672,105.6115528,110,Unhealthy for Sensitive Groups,2,27.2,90,0.0,5.8,160,1008.3,98,72.4,72.6,756.0,56.3,63.0,49.2
2025-10-04 21:00:00,2025,10,4,21,Hà Nội,Xã Tây Phương,21.0403672,105.6115528,114,Unhealthy for Sensitive Groups,2,26.9,91,0.0,6.8,163,1009.1,100,73.8,74.0,686.0,61.4,44.0,53.8
2025-10-04 22:00:00,2025,10,4,22,Hà Nội,Xã Tây Phương,21.0403672,105.6115528,118,Unhealthy for Sensitive Groups,2,26.6,93,0.0,9.0,147,1009.4,98,80.3,80.8,647.0,66.4,29.0,59.0
2025-10-04 23:00:00,2025,10,4,23,Hà Nội,Xã Tây Phương,21.0403672,105.6115528,122,Unhealthy for Sensitive Groups,2,26.0,95,0.0,6.1,148,1009.4,100,89.6,90.6,684.0,71.3,21.0,65.5
2025-10-05 00:00:00,2025,10,5,0,Hà Nội,Xã Tây Phương,21.0403672,105.6115528,128,Unhealthy for Sensitive Groups,2,25.6,96,0.0,5.3,156,1009.2,100,96.4,97.8,754.0,76.2,16.0,72.7
2025-10-05 01:00:00,2025,10,5,1,Hà Nội,Xã Tây Phương,21.0403672,105.6115528,134,Unhealthy for Sensitive Groups,2,25.1,98,0.0,3.6,177,1009.0,99,101.5,103.1,813.0,79.6,12.0,77.8
2025-10-05 02:00:00,2025,10,5,2,Hà Nội,Xã Tây Phương,21.0403672,105.6115528,141,Unhealthy for Sensitive Groups,2,24.9,99,0.0,0.5,270,1008.6,100,107.1,108.7,849.0,81.4,8.0,79.2
2025-10-05 03:00:00,2025,10,5,3,Hà Nội,Xã Tây Phương,21.0403672,105.6115528,147,Unhealthy for Sensitive Groups,2,24.5,100,0.0,2.4,333,1008.2,100,106.4,108.0,875.0,81.9,5.0,78.5
2025-10-05 04:00:00,2025,10,5,4,Hà Nội,Xã Tây Phương,21.0403672,105.6115528,151,Unhealthy,3,24.6,100,0.0,4.1,326,1007.7,100,105.7,107.3,887.0,80.2,5.0,77.7
2025-10-05 05:00:00,2025,10,5,5,Hà Nội,Xã Tây Phương,21.0403672,105.6115528,152,Unhealthy,3,24.7,99,0.0,4.6,312,1007.6,100,102.7,104.1,893.0,76.6,6.0,78.4
2025-10-05 06:00:00,2025,10,5,6,Hà Nội,Xã Tây Phương,21.0403672,105.6115528,153,Unhealthy,3,24.8,100,0.0,3.6,307,1007.8,100,104.3,105.7,884.0,70.8,11.0,79.0
2025-10-05 07:00:00,2025,10,5,7,Hà Nội,Xã Tây Phương,21.0403672,105.6115528,154,Unhealthy,3,26.1,98,0.0,5.0,319,1008.2,100,113.6,113.6,833.0,61.5,19.0,61.1
2025-10-05 08:00:00,2025,10,5,8,Hà Nội,Xã Tây Phương,21.0403672,105.6115528,155,Unhealthy,3,27.8,89,0.0,7.6,306,1008.6,93,88.7,88.9,703.0,48.9,54.0,60.7
2025-10-05 09:00:00,2025,10,5,9,Hà Nội,Xã Tây Phương,21.0403672,105.6115528,156,Unhealthy,3,29.5,79,0.0,11.1,320,1008.8,94,54.1,54.2,531.0,31.3,102.0,59.7
2025-10-05 10:00:00,2025,10,5,10,Hà Nội,Xã Tây Phương,21.0403672,105.6115528,157,Unhealthy,3,30.5,75,0.0,11.3,327,1008.2,95,41.3,41.4,395.0,17.3,142.0,56.3
2025-10-05 11:00:00,2025,10,5,11,Hà Nội,Xã Tây Phương,21.0403672,105.6115528,157,Unhealthy,3,31.5,72,0.0,9.5,341,1007.7,100,40.7,40.9,328.0,10.2,168.0,48.1
2025-10-05 12:00:00,2025,10,5,12,Hà Nội,Xã Tây Phương,21.0403672,105.6115528,158,Unhealthy,3,32.2,67,0.0,11.3,326,1006.0,85,40.4,40.6,297.0,6.6,186.0,37.4
2025-10-05 13:00:00,2025,10,5,13,Hà Nội,Xã Tây Phương,21.0403672,105.6115528,158,Unhealthy,3,32.7,63,0.0,8.3,318,1005.0,53,39.6,39.7,282.0,4.8,194.0,29.1
2025-10-05 14:00:00,2025,10,5,14,Hà Nội,Xã Tây Phương,21.0403672,105.6115528,158,Unhealthy,3,32.3,63,0.0,10.1,321,1004.1,100,38.5,38.6,274.0,4.0,191.0,24.8
2025-10-05 15:00:00,2025,10,5,15,Hà Nội,Xã Tây Phương,21.0403672,105.6115528,159,Unhealthy,3,31.5,69,0.0,9.4,317,1003.2,91,35.4,35.5,282.0,5.0,179.0,22.8
2025-10-05 16:00:00,2025,10,5,16,Hà Nội,Xã Tây Phương,21.0403672,105.6115528,159,Unhealthy,3,31.1,72,0.0,8.9,295,1002.7,98,33.9,34.0,314.0,8.5,161.0,22.9
2025-10-05 17:00:00,2025,10,5,17,Hà Nội,Xã Tây Phương,21.0403672,105.6115528,159,Unhealthy,3,30.4,78,0.0,6.1,298,1002.3,99,38.3,38.4,396.0,16.7,134.0,26.0
2025-10-05 18:00:00,2025,10,5,18,Hà Nội,Xã Tây Phương,21.0403672,105.6115528,159,Unhealthy,3,28.9,84,0.0,7.0,282,1002.6,92,45.2,45.3,501.0,27.3,102.0,31.1
2025-10-05 19:00:00,2025,10,5,19,Hà Nội,Xã Tây Phương,21.0403672,105.6115528,158,Unhealthy,3,28.8,86,0.0,9.0,255,1002.5,99,53.0,53.1,558.0,33.1,73.0,38.1
2025-10-05 20:00:00,2025,10,5,20,Hà Nội,Xã Tây Phương,21.0403672,105.6115528,158,Unhealthy,3,28.9,86,0.0,10.7,258,1002.6,100,52.4,52.4,523.0,32.0,65.0,36.7
2025-10-05 21:00:00,2025,10,5,21,Hà Nội,Xã Tây Phương,21.0403672,105.6115528,158,Unhealthy,3,28.5,88,0.0,10.4,271,1002.9,99,49.5,49.6,440.0,30.6,54.0,34.6
2025-10-05 22:00:00,2025,10,5,22,Hà Nội,Xã Tây Phương,21.0403672,105.6115528,157,Unhealthy,3,28.0,90,0.0,9.1,297,1002.5,100,44.6,44.6,372.0,29.1,45.0,32.1
2025-10-05 23:00:00,2025,10,5,23,Hà Nội,Xã Tây Phương,21.0403672,105.6115528,156,Unhealthy,3,27.9,89,0.0,9.1,328,1002.6,99,40.7,40.9,347.0,27.8,41.0,29.0
2025-10-06 00:00:00,2025,10,6,0,Hà Nội,Xã Tây Phương,21.0403672,105.6115528,155,Unhealthy,3,27.5,88,0.0,12.1,322,1002.6,100,38.5,38.5,336.0,26.6,39.0,25.6
2025-10-06 01:00:00,2025,10,6,1,Hà Nội,Xã Tây Phương,21.0403672,105.6115528,154,Unhealthy,3,27.9,85,0.7,11.7,3,1001.6,100,37.1,37.1,319.0,25.5,37.0,22.9
2025-10-06 02:00:00,2025,10,6,2,Hà Nội,Xã Tây Phương,21.0403672,105.6115528,153,Unhealthy,3,28.1,81,0.0,13.8,294,1000.7,100,36.3,36.4,273.0,24.5,35.0,21.3
2025-10-06 03:00:00,2025,10,6,3,Hà Nội,Xã Tây Phương,21.0403672,105.6115528,151,Unhealthy,3,28.2,76,0.0,18.9,288,1000.3,100,32.2,32.2,220.0,23.5,34.0,20.4
2025-10-06 04:00:00,2025,10,6,4,Hà Nội,Xã Tây Phương,21.0403672,105.6115528,147,Unhealthy for Sensitive Groups,2,27.2,79,0.0,4.9,321,1000.7,100,28.3,28.3,203.0,22.9,33.0,20.0
2025-10-06 05:00:00,2025,10,6,5,Hà Nội,Xã Tây Phương,21.0403672,105.6115528,139,Unhealthy for Sensitive Groups,2,25.5,86,4.1,13.5,304,1002.0,100,25.7,25.7,261.0,22.9,33.0,20.4
2025-10-06 06:00:00,2025,10,6,6,Hà Nội,Xã Tây Phương,21.0403672,105.6115528,131,Unhealthy for Sensitive Groups,2,25.8,88,0.0,13.9,260,1001.8,100,24.2,24.2,355.0,23.3,33.0,21.3
2025-10-06 07:00:00,2025,10,6,7,Hà Nội,Xã Tây Phương,21.0403672,105.6115528,123,Unhealthy for Sensitive Groups,2,26.5,83,0.0,16.3,265,1002.6,100,30.7,30.9,417.0,33.4,21.0,32.9
2025-10-06 08:00:00,2025,10,6,8,Hà Nội,Xã Tây Phương,21.0403672,105.6115528,114,Unhealthy for Sensitive Groups,2,27.0,80,0.1,9.4,293,1003.9,100,24.9,24.9,410.0,30.5,28.0,31.3
2025-10-06 09:00:00,2025,10,6,9,Hà Nội,Xã Tây Phương,21.0403672,105.6115528,108,Unhealthy for Sensitive Groups,2,25.4,90,1.3,14.1,263,1004.9,100,19.4,19.4,371.0,26.6,38.0,29.0
2025-10-06 10:00:00,2025,10,6,10,Hà Nội,Xã Tây Phương,21.0403672,105.6115528,104,Unhealthy for Sensitive Groups,2,25.6,91,1.6,11.5,266,1004.8,100,17.2,17.2,340.0,23.3,47.0,27.1
2025-10-06 11:00:00,2025,10,6,11,Hà Nội,Xã Tây Phương,21.0403672,105.6115528,102,Unhealthy for Sensitive Groups,2,26.7,91,1.0,9.8,252,1004.3,100,17.3,17.3,328.0,21.0,55.0,25.5
2025-10-06 12:00:00,2025,10,6,12,Hà Nội,Xã Tây Phương,21.0403672,105.6115528,99,Moderate,1,26.9,88,1.4,9.8,287,1003.7,100,16.5,16.5,324.0,19.4,61.0,24.3
2025-10-06 13:00:00,2025,10,6,13,Hà Nội,Xã Tây Phương,21.0403672,105.6115528,97,Moderate,1,26.0,88,0.8,11.5,278,1004.1,100,16.8,16.8,331.0,19.6,66.0,24.5
2025-10-06 14:00:00,2025,10,6,14,Hà Nội,Xã Tây Phương,21.0403672,105.6115528,95,Moderate,1,26.2,88,2.0,12.5,258,1003.6,100,20.8,20.8,364.0,22.7,68.0,27.5
2025-10-06 15:00:00,2025,10,6,15,Hà Nội,Xã Tây Phương,21.0403672,105.6115528,94,Moderate,1,25.1,88,2.2,12.5,259,1003.4,100,26.3,26.3,409.0,27.6,69.0,32.0
2025-10-06 16:00:00,2025,10,6,16,Hà Nội,Xã Tây Phương,21.0403672,105.6115528,93,Moderate,1,24.5,91,1.5,11.4,215,1003.4,100,27.1,27.1,427.0,31.8,67.0,35.1
2025-10-06 17:00:00,2025,10,6,17,Hà Nội,Xã Tây Phương,21.0403672,105.6115528,92,Moderate,1,24.5,92,0.3,9.6,188,1003.9,100,25.7,25.8,391.0,35.1,62.0,35.7
2025-10-06 18:00:00,2025,10,6,18,Hà Nội,Xã Tây Phương,21.0403672,105.6115528,91,Moderate,1,24.5,95,0.4,12.4,164,1004.7,100,25.5,25.6,329.0,37.8,55.0,34.9
2025-10-06 19:00:00,2025,10,6,19,Hà Nội,Xã Tây Phương,21.0403672,105.6115528,89,Moderate,1,23.9,94,0.9,15.8,187,1006.0,100,30.3,30.3,280.0,38.5,53.0,38.4
2025-10-06 20:00:00,2025,10,6,20,Hà Nội,Xã Tây Phương,21.0403672,105.6115528,87,Moderate,1,23.6,95,0.6,18.6,165,1006.9,100,23.6,23.7,264.0,34.9,55.0,34.2
2025-10-06 21:00:00,2025,10,6,21,Hà Nội,Xã Tây Phương,21.0403672,105.6115528,85,Moderate,1,23.5,96,0.7,18.1,158,1007.5,100,20.5,20.7,262.0,30.0,57.0,28.4
2025-10-06 22:00:00,2025,10,6,22,Hà Nội,Xã Tây Phương,21.0403672,105.6115528,82,Moderate,1,23.5,97,1.7,12.7,173,1008.2,100,20.0,20.3,258.0,26.3,57.0,24.1
2025-10-06 23:00:00,2025,10,6,23,Hà Nội,Xã Tây Phương,21.0403672,105.6115528,80,Moderate,1,23.4,97,5.8,9.5,166,1008.2,100,21.1,21.4,244.0,25.4,53.0,22.8
2025-10-07 00:00:00,2025,10,7,0,Hà Nội,Xã Tây Phương,21.0403672,105.6115528,78,Moderate,1,23.5,97,3.3,5.2,131,1007.9,100,21.2,21.5,228.0,25.9,46.0,23.0
2025-10-07 01:00:00,2025,10,7,1,Hà Nội,Xã Tây Phương,21.0403672,105.6115528,77,Moderate,1,24.1,96,10.9,7.1,81,1007.0,100,19.1,19.4,216.0,25.8,42.0,22.9
2025-10-07 02:00:00,2025,10,7,2,Hà Nội,Xã Tây Phương,21.0403672,105.6115528,75,Moderate,1,23.8,97,2.0,16.6,116,1006.8,100,20.3,20.7,207.0,23.9,44.0,21.4
2025-10-07 03:00:00,2025,10,7,3,Hà Nội,Xã Tây Phương,21.0403672,105.6115528,74,Moderate,1,23.9,97,1.4,14.7,118,1006.8,100,19.6,20.2,201.0,21.5,48.0,19.6
2025-10-07 04:00:00,2025,10,7,4,Hà Nội,Xã Tây Phương,21.0403672,105.6115528,73,Moderate,1,23.6,97,4.3,15.0,127,1007.4,100,19.0,19.7,210.0,20.4,50.0,18.7
2025-10-07 05:00:00,2025,10,7,5,Hà Nội,Xã Tây Phương,21.0403672,105.6115528,72,Moderate,1,23.7,97,2.7,16.2,133,1008.1,100,20.4,21.4,244.0,22.1,47.0,19.6
2025-10-07 06:00:00,2025,10,7,6,Hà Nội,Xã Tây Phương,21.0403672,105.6115528,71,Moderate,1,23.5,95,2.3,13.7,147,1009.1,100,22.4,23.5,293.0,25.2,42.0,21.4
2025-10-07 07:00:00,2025,10,7,7,Hà Nội,Xã Tây Phương,21.0403672,105.6115528,71,Moderate,1,23.5,97,1.9,10.6,122,1009.8,100,20.4,21.8,333.0,24.1,43.0,20.7
2025-10-07 08:00:00,2025,10,7,8,Hà Nội,Xã Tây Phương,21.0403672,105.6115528,70,Moderate,1,23.5,97,5.9,10.6,116,1010.9,100,22.4,23.7,356.0,24.6,43.0,21.8
2025-10-07 09:00:00,2025,10,7,9,Hà Nội,Xã Tây Phương,21.0403672,105.6115528,70,Moderate,1,23.8,96,2.6,11.7,133,1011.7,100,22.6,24.0,370.0,25.3,43.0,23.3
2025-10-07 10:00:00,2025,10,7,10,Hà Nội,Xã Tây Phương,21.0403672,105.6115528,70,Moderate,1,24.2,95,9.3,5.1,117,1012.6,100,21.8,23.2,374.0,25.4,46.0,24.2
2025-10-07 11:00:00,2025,10,7,11,Hà Nội,Xã Tây Phương,21.0403672,105.6115528,71,Moderate,1,24.4,96,6.1,9.1,126,1012.4,100,22.3,23.9,364.0,24.1,55.0,23.7
2025-10-07 12:00:00,2025,10,7,12,Hà Nội,Xã Tây Phương,21.0403672,105.6115528,71,Moderate,1,23.6,98,2.2,5.4,110,1011.7,100,22.8,24.8,345.0,22.1,67.0,22.5
2025-10-07 13:00:00,2025,10,7,13,Hà Nội,Xã Tây Phương,21.0403672,105.6115528,72,Moderate,1,25.1,96,0.6,15.2,117,1010.8,100,21.5,22.1,328.0,21.0,75.0,22.0
2025-10-07 14:00:00,2025,10,7,14,Hà Nội,Xã Tây Phương,21.0403672,105.6115528,72,Moderate,1,25.6,92,1.1,15.6,144,1010.4,100,18.1,18.6,311.0,20.8,78.0,22.5
2025-10-07 15:00:00,2025,10,7,15,Hà Nội,Xã Tây Phương,21.0403672,105.6115528,72,Moderate,1,25.1,94,1.3,12.1,150,1010.4,100,20.0,20.6,297.0,21.4,78.0,23.6
2025-10-07 16:00:00,2025,10,7,16,Hà Nội,Xã Tây Phương,21.0403672,105.6115528,71,Moderate,1,24.4,95,3.6,10.9,192,1010.5,100,23.3,24.0,301.0,24.5,73.0,25.4
2025-10-07 17:00:00,2025,10,7,17,Hà Nội,Xã Tây Phương,21.0403672,105.6115528,71,Moderate,1,23.9,96,1.4,6.6,159,1010.7,100,26.3,27.1,348.0,32.1,62.0,28.2
2025-10-07 18:00:00,2025,10,7,18,Hà Nội,Xã Tây Phương,21.0403672,105.6115528,71,Moderate,1,23.9,95,1.5,2.7,266,1010.8,100,30.3,31.3,413.0,42.1,47.0,31.5
2025-10-07 19:00:00,2025,10,7,19,Hà Nội,Xã Tây Phương,21.0403672,105.6115528,71,Moderate,1,23.5,96,0.8,5.3,252,1011.6,100,33.9,34.5,439.0,45.4,35.0,32.9
2025-10-07 20:00:00,2025,10,7,20,Hà Nội,Xã Tây Phương,21.0403672,105.6115528,72,Moderate,1,23.6,96,0.5,4.6,252,1012.6,100,35.4,36.3,384.0,49.4,28.0,36.7
2025-10-07 21:00:00,2025,10,7,21,Hà Nội,Xã Tây Phương,21.0403672,105.6115528,73,Moderate,1,23.4,97,0.8,5.0,289,1013.4,100,42.4,43.7,290.0,55.0,18.0,41.9
2025-10-07 22:00:00,2025,10,7,22,Hà Nội,Xã Tây Phương,21.0403672,105.6115528,75,Moderate,1,23.2,97,4.7,5.4,200,1014.5,100,47.1,48.9,224.0,58.7,10.0,45.5
2025-10-07 23:00:00,2025,10,7,23,Hà Nội,Xã Tây Phương,21.0403672,105.6115528,77,Moderate,1,23.2,95,1.2,3.9,214,1014.5,100,48.5,50.6,220.0,59.1,7.0,46.0
2025-10-08 00:00:00,2025,10,8,0,Hà Nội,Xã Tây Phương,21.0403672,105.6115528,80,Moderate,1,23.2,96,2.8,3.1,31,1014.4,100,44.2,46.2,245.0,57.8,7.0,44.8
2025-10-08 01:00:00,2025,10,8,1,Hà Nội,Xã Tây Phương,21.0403672,105.6115528,82,Moderate,1,23.8,98,2.8,4.0,108,1013.3,100,46.6,48.8,265.0,55.9,7.0,43.9
2025-10-08 02:00:00,2025,10,8,2,Hà Nội,Xã Tây Phương,21.0403672,105.6115528,84,Moderate,1,23.9,98,0.9,4.4,111,1012.8,100,42.8,45.1,265.0,53.7,8.0,43.1
2025-10-08 03:00:00,2025,10,8,3,Hà Nội,Xã Tây Phương,21.0403672,105.6115528,86,Moderate,1,23.8,97,0.9,3.5,78,1012.6,100,38.1,40.3,261.0,51.0,11.0,42.4
2025-10-08 04:00:00,2025,10,8,4,Hà Nội,Xã Tây Phương,21.0403672,105.6115528,88,Moderate,1,23.5,96,1.6,3.5,55,1012.6,100,35.2,37.5,270.0,48.7,13.0,43.9
2025-10-08 05:00:00,2025,10,8,5,Hà Nội,Xã Tây Phương,21.0403672,105.6115528,89,Moderate,1,23.4,98,0.5,7.7,36,1013.2,100,35.9,37.8,309.0,47.9,13.0,50.5
2025-10-08 06:00:00,2025,10,8,6,Hà Nội,Xã Tây Phương,21.0403672,105.6115528,90,Moderate,1,23.2,98,0.6,7.3,28,1013.5,100,42.0,44.0,362.0,47.4,13.0,59.1
2025-10-08 07:00:00,2025,10,8,7,Hà Nội,Xã Tây Phương,21.0403672,105.6115528,92,Moderate,1,24.1,96,0.1,3.6,41,1014.1,100,20.5,21.6,396.0,29.1,33.0,26.8
2025-10-08 08:00:00,2025,10,8,8,Hà Nội,Xã Tây Phương,21.0403672,105.6115528,92,Moderate,1,25.4,88,0.1,7.5,27,1014.2,100,21.1,22.0,394.0,26.6,39.0,29.3
2025-10-08 09:00:00,2025,10,8,9,Hà Nội,Xã Tây Phương,21.0403672,105.6115528,92,Moderate,1,26.4,84,0.1,6.0,25,1014.9,100,18.9,19.4,373.0,23.0,47.0,32.5
2025-10-08 10:00:00,2025,10,8,10,Hà Nội,Xã Tây Phương,21.0403672,105.6115528,92,Moderate,1,27.6,81,0.1,4.4,27,1014.7,100,18.6,19.0,352.0,19.5,58.0,33.3
2025-10-08 11:00:00,2025,10,8,11,Hà Nội,Xã Tây Phương,21.0403672,105.6115528,91,Moderate,1,28.6,76,0.0,3.9,37,1014.2,100,18.2,18.6,330.0,15.9,72.0,29.0
2025-10-08 12:00:00,2025,10,8,12,Hà Nội,Xã Tây Phương,21.0403672,105.6115528,91,Moderate,1,28.7,74,0.0,4.0,58,1013.1,100,23.6,24.2,308.0,12.4,88.0,22.4
2025-10-08 13:00:00,2025,10,8,13,Hà Nội,Xã Tây Phương,21.0403672,105.6115528,91,Moderate,1,28.6,76,0.1,4.6,51,1011.6,95,24.9,25.4,303.0,10.2,103.0,18.5
2025-10-08 14:00:00,2025,10,8,14,Hà Nội,Xã Tây Phương,21.0403672,105.6115528,91,Moderate,1,29.3,74,0.2,3.8,73,1010.1,30,28.5,29.0,278.0,7.8,120.0,19.1
2025-10-08 15:00:00,2025,10,8,15,Hà Nội,Xã Tây Phương,21.0403672,105.6115528,92,Moderate,1,29.5,71,0.1,4.7,86,1009.3,28,30.6,31.1,270.0,6.8,136.0,22.5
2025-10-08 16:00:00,2025,10,8,16,Hà Nội,Xã Tây Phương,21.0403672,105.6115528,93,Moderate,1,29.4,71,0.0,3.6,87,1008.9,65,32.7,33.2,406.0,13.0,138.0,28.3
2025-10-08 17:00:00,2025,10,8,17,Hà Nội,Xã Tây Phương,21.0403672,105.6115528,94,Moderate,1,28.5,79,0.0,3.3,84,1008.6,97,36.8,37.3,850.0,33.3,115.0,37.7
2025-10-08 18:00:00,2025,10,8,18,Hà Nội,Xã Tây Phương,21.0403672,105.6115528,95,Moderate,1,27.0,83,0.0,3.3,99,1008.8,92,76.1,76.6,1438.0,60.9,78.0,49.6
2025-10-08 19:00:00,2025,10,8,19,Hà Nội,Xã Tây Phương,21.0403672,105.6115528,99,Moderate,1,26.0,83,0.0,5.5,134,1010.0,0,99.4,99.9,1805.0,81.9,55.0,58.8
2025-10-08 20:00:00,2025,10,8,20,Hà Nội,Xã Tây Phương,21.0403672,105.6115528,106,Unhealthy for Sensitive Groups,2,25.8,84,0.0,5.1,170,1010.9,9,119.7,120.1,1742.0,88.4,45.0,68.6
2025-10-08 21:00:00,2025,10,8,21,Hà Nội,Xã Tây Phương,21.0403672,105.6115528,115,Unhealthy for Sensitive Groups,2,25.1,88,0.0,4.8,209,1011.4,23,128.5,129.9,1458.0,97.2,32.0,81.9
2025-10-08 22:00:00,2025,10,8,22,Hà Nội,Xã Tây Phương,21.0403672,105.6115528,124,Unhealthy for Sensitive Groups,2,24.5,91,0.0,5.1,225,1012.1,1,137.8,140.6,1214.0,102.7,21.0,90.6
2025-10-08 23:00:00,2025,10,8,23,Hà Nội,Xã Tây Phương,21.0403672,105.6115528,133,Unhealthy for Sensitive Groups,2,23.7,94,0.0,3.8,245,1012.2,5,142.5,145.3,1115.0,102.1,15.0,90.7
2025-10-09 00:00:00,2025,10,9,0,Hà Nội,Xã Tây Phương,21.0403672,105.6115528,143,Unhealthy for Sensitive Groups,2,23.2,95,0.0,2.6,254,1012.1,0,138.8,141.1,1056.0,98.3,12.0,86.0
2025-10-09 01:00:00,2025,10,9,1,Hà Nội,Xã Tây Phương,21.0403672,105.6115528,151,Unhealthy,3,23.5,98,0.0,1.6,297,1011.7,21,132.7,134.6,988.0,93.5,10.0,80.2
2025-10-09 02:00:00,2025,10,9,2,Hà Nội,Xã Tây Phương,21.0403672,105.6115528,152,Unhealthy,3,23.5,99,0.0,2.2,284,1011.3,48,119.0,120.6,873.0,88.5,7.0,73.4
2025-10-09 03:00:00,2025,10,9,3,Hà Nội,Xã Tây Phương,21.0403672,105.6115528,154,Unhealthy,3,23.3,100,0.0,2.5,291,1011.1,65,111.5,113.2,748.0,82.6,5.0,65.4
2025-10-09 04:00:00,2025,10,9,4,Hà Nội,Xã Tây Phương,21.0403672,105.6115528,156,Unhealthy,3,23.6,99,0.0,3.6,279,1011.4,98,110.4,111.8,674.0,76.4,5.0,58.9
2025-10-09 05:00:00,2025,10,9,5,Hà Nội,Xã Tây Phương,21.0403672,105.6115528,157,Unhealthy,3,23.6,99,0.0,5.0,300,1011.5,100,111.3,112.5,701.0,70.6,5.0,54.9
2025-10-09 06:00:00,2025,10,9,6,Hà Nội,Xã Tây Phương,21.0403672,105.6115528,159,Unhealthy,3,23.7,100,0.0,5.0,314,1012.0,100,115.7,115.9,779.0,64.3,8.0,52.4
2025-10-09 07:00:00,2025,10,9,7,Hà Nội,Xã Tây Phương,21.0403672,105.6115528,161,Unhealthy,3,24.4,99,0.0,5.4,334,1012.6,100,105.5,105.5,818.0,63.4,21.0,57.8
2025-10-09 08:00:00,2025,10,9,8,Hà Nội,Xã Tây Phương,21.0403672,105.6115528,163,Unhealthy,3,25.9,90,0.0,4.5,344,1013.2,63,83.4,83.4,775.0,52.9,42.0,59.3
2025-10-09 09:00:00,2025,10,9,9,Hà Nội,Xã Tây Phương,21.0403672,105.6115528,164,Unhealthy,3,27.5,85,0.0,3.6,3,1013.6,21,48.0,48.2,693.0,38.2,72.0,60.9
2025-10-09 10:00:00,2025,10,9,10,Hà Nội,Xã Tây Phương,21.0403672,105.6115528,165,Unhealthy,3,29.0,74,0.2,4.1,29,1013.5,16,31.0,31.1,611.0,25.8,100.0,59.6
2025-10-09 11:00:00,2025,10,9,11,Hà Nội,Xã Tây Phương,21.0403672,105.6115528,165,Unhealthy,3,29.7,69,0.1,3.1,45,1012.8,13,29.4,29.6,532.0,18.0,125.0,52.4
2025-10-09 12:00:00,2025,10,9,12,Hà Nội,Xã Tây Phương,21.0403672,105.6115528,165,Unhealthy,3,30.3,65,0.0,2.8,79,1011.7,14,31.2,31.4,454.0,12.6,148.0,42.2
2025-10-09 13:00:00,2025,10,9,13,Hà Nội,Xã Tây Phương,21.0403672,105.6115528,165,Unhealthy,3,30.9,60,0.0,5.2,104,1011.2,11,34.6,34.8,406.0,9.3,167.0,34.5
2025-10-09 14:00:00,2025,10,9,14,Hà Nội,Xã Tây Phương,21.0403672,105.6115528,165,Unhealthy,3,31.0,60,0.0,6.7,106,1010.1,15,39.2,39.5,399.0,7.1,182.0,31.1
2025-10-09 15:00:00,2025,10,9,15,Hà Nội,Xã Tây Phương,21.0403672,105.6115528,166,Unhealthy,3,30.8,61,0.0,8.8,110,1009.4,13,41.6,41.8,421.0,7.0,193.0,30.2
2025-10-09 16:00:00,2025,10,9,16,Hà Nội,Xã Tây Phương,21.0403672,105.6115528,166,Unhealthy,3,30.0,64,0.0,10.1,123,1009.2,6,44.2,44.6,473.0,12.4,190.0,32.4
2025-10-09 17:00:00,2025,10,9,17,Hà Nội,Xã Tây Phương,21.0403672,105.6115528,166,Unhealthy,3,28.9,71,0.0,6.9,133,1009.0,8,52.5,52.7,577.0,27.8,164.0,39.3
2025-10-09 18:00:00,2025,10,9,18,Hà Nội,Xã Tây Phương,21.0403672,105.6115528,166,Unhealthy,3,27.6,74,0.0,8.1,148,1009.4,8,75.4,75.7,709.0,48.7,125.0,49.1
2025-10-09 19:00:00,2025,10,9,19,Hà Nội,Xã Tây Phương,21.0403672,105.6115528,166,Unhealthy,3,26.6,81,0.0,8.0,174,1009.9,5,85.9,86.4,799.0,62.1,86.0,51.9
2025-10-09 20:00:00,2025,10,9,20,Hà Nội,Xã Tây Phương,21.0403672,105.6115528,166,Unhealthy,3,26.7,82,0.0,7.9,176,1010.8,3,95.0,95.2,805.0,62.2,75.0,54.5
2025-10-09 21:00:00,2025,10,9,21,Hà Nội,Xã Tây Phương,21.0403672,105.6115528,166,Unhealthy,3,26.1,85,0.0,7.8,172,1011.3,2,92.9,93.4,768.0,62.3,59.0,57.9
2025-10-09 22:00:00,2025,10,9,22,Hà Nội,Xã Tây Phương,21.0403672,105.6115528,165,Unhealthy,3,25.6,86,0.0,6.9,171,1011.4,45,87.8,88.2,742.0,62.6,44.0,60.1
2025-10-09 23:00:00,2025,10,9,23,Hà Nội,Xã Tây Phương,21.0403672,105.6115528,164,Unhealthy,3,25.0,89,0.0,5.4,172,1011.3,95,81.0,81.5,753.0,62.8,33.0,59.4
2025-10-10 00:00:00,2025,10,10,0,Hà Nội,Xã Tây Phương,21.0403672,105.6115528,162,Unhealthy,3,24.5,92,0.0,5.2,176,1011.4,73,75.7,76.6,775.0,63.1,23.0,57.4
2025-10-10 01:00:00,2025,10,10,1,Hà Nội,Xã Tây Phương,21.0403672,105.6115528,161,Unhealthy,3,24.2,95,0.0,4.5,175,1011.4,2,75.4,76.8,786.0,64.1,15.0,56.6
2025-10-10 02:00:00,2025,10,10,2,Hà Nội,Xã Tây Phương,21.0403672,105.6115528,160,Unhealthy,3,24.1,96,0.0,2.3,209,1011.0,45,76.8,78.5,769.0,67.0,8.0,58.5
2025-10-10 03:00:00,2025,10,10,3,Hà Nội,Xã Tây Phương,21.0403672,105.6115528,159,Unhealthy,3,23.7,97,0.0,0.8,243,1010.8,92,77.8,79.4,740.0,70.5,3.0,61.6
2025-10-10 04:00:00,2025,10,10,4,Hà Nội,Xã Tây Phương,21.0403672,105.6115528,158,Unhealthy,3,23.5,98,0.0,0.6,18,1010.9,30,85.9,87.8,726.0,71.2,1.0,63.8
2025-10-10 05:00:00,2025,10,10,5,Hà Nội,Xã Tây Phương,21.0403672,105.6115528,158,Unhealthy,3,23.4,100,0.0,4.6,54,1011.0,27,103.6,104.3,750.0,67.5,1.0,64.3
2025-10-10 06:00:00,2025,10,10,6,Hà Nội,Xã Tây Phương,21.0403672,105.6115528,157,Unhealthy,3,23.6,99,0.0,3.8,73,1011.3,21,109.0,109.7,789.0,61.0,3.0,63.8
2025-10-10 07:00:00,2025,10,10,7,Hà Nội,Xã Tây Phương,21.0403672,105.6115528,157,Unhealthy,3,25.1,93,0.0,4.3,68,1011.9,17,117.3,118.0,793.0,48.8,9.0,51.5
2025-10-10 08:00:00,2025,10,10,8,Hà Nội,Xã Tây Phương,21.0403672,105.6115528,158,Unhealthy,3,26.8,88,0.0,2.3,67,1012.5,15,77.1,78.0,732.0,42.7,27.0,51.3
2025-10-10 09:00:00,2025,10,10,9,Hà Nội,Xã Tây Phương,21.0403672,105.6115528,157,Unhealthy,3,28.1,80,0.0,2.6,34,1012.8,12,44.0,45.1,635.0,34.1,54.0,50.7
2025-10-10 10:00:00,2025,10,10,10,Hà Nội,Xã Tây Phương,21.0403672,105.6115528,157,Unhealthy,3,29.1,73,0.1,3.8,45,1013.0,22,31.2,32.0,549.0,26.3,80.0,48.5
2025-10-10 11:00:00,2025,10,10,11,Hà Nội,Xã Tây Phương,21.0403672,105.6115528,157,Unhealthy,3,29.8,69,0.1,4.0,60,1012.3,23,28.1,28.8,481.0,19.9,106.0,43.0
2025-10-10 12:00:00,2025,10,10,12,Hà Nội,Xã Tây Phương,21.0403672,105.6115528,157,Unhealthy,3,30.2,66,0.1,3.6,90,1011.3,16,27.9,28.5,423.0,14.2,132.0,35.8
2025-10-10 13:00:00,2025,10,10,13,Hà Nội,Xã Tây Phương,21.0403672,105.6115528,157,Unhealthy,3,30.6,64,0.0,2.8,63,1010.5,6,29.8,30.4,391.0,10.4,153.0,30.4
2025-10-10 14:00:00,2025,10,10,14,Hà Nội,Xã Tây Phương,21.0403672,105.6115528,157,Unhealthy,3,31.1,61,0.0,4.5,92,1009.2,9,32.4,32.8,383.0,8.0,169.0,28.0
2025-10-10 15:00:00,2025,10,10,15,Hà Nội,Xã Tây Phương,21.0403672,105.6115528,157,Unhealthy,3,31.0,61,0.0,5.3,100,1008.4,5,33.5,34.0,402.0,7.4,179.0,27.5
2025-10-10 16:00:00,2025,10,10,16,Hà Nội,Xã Tây Phương,21.0403672,105.6115528,157,Unhealthy,3,30.5,63,0.0,6.7,109,1007.9,4,34.3,34.8,475.0,11.4,176.0,29.0
2025-10-10 17:00:00,2025,10,10,17,Hà Nội,Xã Tây Phương,21.0403672,105.6115528,157,Unhealthy,3,29.1,73,0.0,5.5,136,1007.9,3,41.0,41.3,672.0,23.7,152.0,33.9
2025-10-10 18:00:00,2025,10,10,18,Hà Nội,Xã Tây Phương,21.0403672,105.6115528,156,Unhealthy,3,27.5,75,0.0,6.1,150,1008.1,3,60.5,61.0,923.0,40.6,115.0,40.8
2025-10-10 19:00:00,2025,10,10,19,Hà Nội,Xã Tây Phương,21.0403672,105.6115528,156,Unhealthy,3,27.4,72,0.0,7.3,152,1009.1,0,69.2,69.6,1051.0,58.0,77.0,48.3
2025-10-10 20:00:00,2025,10,10,20,Hà Nội,Xã Tây Phương,21.0403672,105.6115528,156,Unhealthy,3,27.4,74,0.0,7.8,142,1009.5,2,70.5,71.0,932.0,57.5,69.0,49.6
2025-10-10 21:00:00,2025,10,10,21,Hà Nội,Xã Tây Phương,21.0403672,105.6115528,155,Unhealthy,3,26.9,78,0.0,8.7,150,1010.2,2,70.3,70.8,690.0,57.0,57.0,51.4
2025-10-10 22:00:00,2025,10,10,22,Hà Nội,Xã Tây Phương,21.0403672,105.6115528,155,Unhealthy,3,26.3,83,0.0,10.1,156,1010.7,3,70.8,71.2,516.0,56.9,46.0,52.7
2025-10-10 23:00:00,2025,10,10,23,Hà Nội,Xã Tây Phương,21.0403672,105.6115528,154,Unhealthy,3,25.9,87,0.0,8.7,158,1010.6,5,70.1,70.5,495.0,57.7,37.0,52.8
2025-10-11 00:00:00,2025,10,11,0,Hà Nội,Xã Tây Phương,21.0403672,105.6115528,154,Unhealthy,3,25.5,89,0.0,6.9,174,1010.7,1,69.8,70.5,542.0,59.0,29.0,52.4
2025-10-11 01:00:00,2025,10,11,1,Hà Nội,Xã Tây Phương,21.0403672,105.6115528,154,Unhealthy,3,25.2,93,0.0,4.9,172,1010.1,5,71.5,72.2,591.0,60.5,22.0,52.7
2025-10-11 02:00:00,2025,10,11,2,Hà Nội,Xã Tây Phương,21.0403672,105.6115528,154,Unhealthy,3,25.0,94,0.0,4.0,180,1009.5,22,74.3,75.4,619.0,62.8,17.0,54.5
2025-10-11 03:00:00,2025,10,11,3,Hà Nội,Xã Tây Phương,21.0403672,105.6115528,154,Unhealthy,3,25.0,94,0.0,4.6,135,1009.5,37,72.6,73.8,649.0,65.2,13.0,57.0
2025-10-11 04:00:00,2025,10,11,4,Hà Nội,Xã Tây Phương,21.0403672,105.6115528,154,Unhealthy,3,24.5,95,0.2,3.2,52,1009.8,65,74.7,76.1,690.0,65.7,11.0,58.3
2025-10-11 05:00:00,2025,10,11,5,Hà Nội,Xã Tây Phương,21.0403672,105.6115528,153,Unhealthy,3,24.0,96,0.4,6.1,93,1010.5,98,75.2,76.8,773.0,63.5,11.0,58.3
2025-10-11 06:00:00,2025,10,11,6,Hà Nội,Xã Tây Phương,21.0403672,105.6115528,153,Unhealthy,3,23.5,97,0.6,6.4,98,1011.1,83,77.3,79.4,868.0,59.4,13.0,57.1
2025-10-11 07:00:00,2025,10,11,7,Hà Nội,Xã Tây Phương,21.0403672,105.6115528,152,Unhealthy,3,25.1,90,0.0,10.2,108,1011.5,99,66.4,68.7,889.0,52.4,20.0,56.4
2025-10-11 08:00:00,2025,10,11,8,Hà Nội,Xã Tây Phương,21.0403672,105.6115528,151,Unhealthy,3,25.6,90,0.2,6.9,129,1011.8,80,44.0,46.0,771.0,42.8,37.0,48.0
2025-10-11 09:00:00,2025,10,11,9,Hà Nội,Xã Tây Phương,21.0403672,105.6115528,150,Unhealthy for Sensitive Groups,2,26.9,86,0.0,4.9,107,1012.5,58,25.9,26.8,579.0,29.4,60.0,36.4
2025-10-11 10:00:00,2025,10,11,10,Hà Nội,Xã Tây Phương,21.0403672,105.6115528,149,Unhealthy for Sensitive Groups,2,27.8,83,0.1,3.1,121,1012.5,85,20.8,21.4,427.0,18.6,83.0,27.0
2025-10-11 11:00:00,2025,10,11,11,Hà Nội,Xã Tây Phương,21.0403672,105.6115528,148,Unhealthy for Sensitive Groups,2,29.0,79,0.2,3.4,93,1011.5,95,18.9,19.4,360.0,12.7,102.0,21.8
2025-10-11 12:00:00,2025,10,11,12,Hà Nội,Xã Tây Phương,21.0403672,105.6115528,147,Unhealthy for Sensitive Groups,2,30.1,70,0.1,6.9,115,1010.1,93,20.0,20.5,332.0,9.4,120.0,18.8
2025-10-11 13:00:00,2025,10,11,13,Hà Nội,Xã Tây Phương,21.0403672,105.6115528,146,Unhealthy for Sensitive Groups,2,26.8,83,0.0,9.4,26,1010.1,98,21.9,22.4,320.0,7.8,135.0,17.6
2025-10-11 14:00:00,2025,10,11,14,Hà Nội,Xã Tây Phương,21.0403672,105.6115528,145,Unhealthy for Sensitive Groups,2,26.8,84,0.3,4.0,150,1009.5,100,24.7,25.1,316.0,7.0,150.0,18.4
2025-10-11 15:00:00,2025,10,11,15,Hà Nội,Xã Tây Phương,21.0403672,105.6115528,144,Unhealthy for Sensitive Groups,2,27.0,84,0.2,4.7,198,1008.3,99,27.4,27.8,327.0,7.9,163.0,21.0
2025-10-11 16:00:00,2025,10,11,16,Hà Nội,Xã Tây Phương,21.0403672,105.6115528,144,Unhealthy for Sensitive Groups,2,27.1,84,0.1,3.8,183,1008.1,100,29.3,29.7,356.0,12.0,164.0,24.7
2025-10-11 17:00:00,2025,10,11,17,Hà Nội,Xã Tây Phương,21.0403672,105.6115528,143,Unhealthy for Sensitive Groups,2,26.8,86,0.0,4.7,187,1007.9,100,32.4,32.8,410.0,21.8,144.0,29.8
2025-10-11 18:00:00,2025,10,11,18,Hà Nội,Xã Tây Phương,21.0403672,105.6115528,142,Unhealthy for Sensitive Groups,2,25.8,91,0.0,4.6,171,1008.1,100,50.4,50.8,481.0,34.9,111.0,35.9
2025-10-11 19:00:00,2025,10,11,19,Hà Nội,Xã Tây Phương,21.0403672,105.6115528,141,Unhealthy for Sensitive Groups,2,26.6,88,0.0,4.9,141,1008.7,100,58.2,58.3,550.0,49.6,82.0,44.6
2025-10-11 20:00:00,2025,10,11,20,Hà Nội,Xã Tây Phương,21.0403672,105.6115528,140,Unhealthy for Sensitive Groups,2,26.5,89,0.0,6.6,151,1009.3,100,57.3,57.4,610.0,50.1,72.0,45.3
2025-10-11 21:00:00,2025,10,11,21,Hà Nội,Xã Tây Phương,21.0403672,105.6115528,139,Unhealthy for Sensitive Groups,2,26.0,90,0.0,6.5,167,1010.1,100,57.6,57.7,669.0,51.1,58.0,46.4
2025-10-11 22:00:00,2025,10,11,22,Hà Nội,Xã Tây Phương,21.0403672,105.6115528,137,Unhealthy for Sensitive Groups,2,25.6,92,0.0,5.0,182,1010.2,100,62.2,62.4,726.0,53.7,45.0,48.2
2025-10-11 23:00:00,2025,10,11,23,Hà Nội,Xã Tây Phương,21.0403672,105.6115528,137,Unhealthy for Sensitive Groups,2,25.2,94,0.0,4.5,187,1010.4,99,69.6,69.8,797.0,59.4,34.0,51.8
2025-10-12 00:00:00,2025,10,12,0,Hà Nội,Xã Tây Phương,21.0403672,105.6115528,137,Unhealthy for Sensitive Groups,2,25.0,94,0.0,2.9,180,1010.2,88,76.1,76.6,867.0,66.8,23.0,56.1
2025-10-12 01:00:00,2025,10,12,1,Hà Nội,Xã Tây Phương,21.0403672,105.6115528,137,Unhealthy for Sensitive Groups,2,25.6,94,0.0,1.1,261,1009.4,25,82.2,82.9,890.0,72.3,14.0,58.6
2025-10-12 02:00:00,2025,10,12,2,Hà Nội,Xã Tây Phương,21.0403672,105.6115528,138,Unhealthy for Sensitive Groups,2,25.3,95,0.0,1.0,315,1009.4,10,86.4,87.5,814.0,74.9,7.0,57.0
2025-10-12 03:00:00,2025,10,12,3,Hà Nội,Xã Tây Phương,21.0403672,105.6115528,140,Unhealthy for Sensitive Groups,2,25.0,96,0.0,1.4,337,1009.2,23,92.0,93.4,691.0,75.8,2.0,53.5
2025-10-12 04:00:00,2025,10,12,4,Hà Nội,Xã Tây Phương,21.0403672,105.6115528,142,Unhealthy for Sensitive Groups,2,24.7,98,0.0,0.6,304,1009.2,18,98.3,99.7,629.0,74.7,0.0,52.7
2025-10-12 05:00:00,2025,10,12,5,Hà Nội,Xã Tây Phương,21.0403672,105.6115528,144,Unhealthy for Sensitive Groups,2,24.4,99,0.0,0.4,270,1009.5,29,102.2,102.4,716.0,71.5,1.0,57.5
2025-10-12 06:00:00,2025,10,12,6,Hà Nội,Xã Tây Phương,21.0403672,105.6115528,147,Unhealthy for Sensitive Groups,2,24.1,100,0.0,1.1,99,1009.9,100,102.9,103.1,864.0,66.4,6.0,65.0
2025-10-12 07:00:00,2025,10,12,7,Hà Nội,Xã Tây Phương,21.0403672,105.6115528,149,Unhealthy for Sensitive Groups,2,25.4,96,0.0,4.0,98,1010.6,6,96.9,97.1,921.0,56.3,13.0,63.9
2025-10-12 08:00:00,2025,10,12,8,Hà Nội,Xã Tây Phương,21.0403672,105.6115528,151,Unhealthy,3,27.0,89,0.1,4.3,112,1011.1,18,77.1,77.3,789.0,48.9,30.0,62.9
2025-10-12 09:00:00,2025,10,12,9,Hà Nội,Xã Tây Phương,21.0403672,105.6115528,151,Unhealthy,3,28.5,79,0.1,4.6,121,1011.5,17,50.9,51.5,567.0,38.4,54.0,61.3
2025-10-12 10:00:00,2025,10,12,10,Hà Nội,Xã Tây Phương,21.0403672,105.6115528,152,Unhealthy,3,29.5,71,0.1,3.9,118,1011.4,14,30.0,30.6,398.0,29.1,79.0,57.5
2025-10-12 11:00:00,2025,10,12,11,Hà Nội,Xã Tây Phương,21.0403672,105.6115528,152,Unhealthy,3,30.4,66,0.0,4.0,126,1010.7,12,26.3,26.9,346.0,21.9,104.0,49.6
2025-10-12 12:00:00,2025,10,12,12,Hà Nội,Xã Tây Phương,21.0403672,105.6115528,152,Unhealthy,3,31.0,63,0.0,4.0,129,1009.3,13,27.1,27.7,347.0,15.7,129.0,39.5
2025-10-12 13:00:00,2025,10,12,13,Hà Nội,Xã Tây Phương,21.0403672,105.6115528,152,Unhealthy,3,31.2,60,0.0,4.8,143,1008.7,14,30.2,30.7,354.0,11.7,149.0,32.0
2025-10-12 14:00:00,2025,10,12,14,Hà Nội,Xã Tây Phương,21.0403672,105.6115528,153,Unhealthy,3,31.4,60,0.0,6.0,129,1007.4,5,33.1,33.5,345.0,9.4,166.0,28.8
2025-10-12 15:00:00,2025,10,12,15,Hà Nội,Xã Tây Phương,21.0403672,105.6115528,153,Unhealthy,3,31.2,61,0.0,6.4,122,1006.7,2,35.5,36.0,342.0,9.3,179.0,28.2
2025-10-12 16:00:00,2025,10,12,16,Hà Nội,Xã Tây Phương,21.0403672,105.6115528,153,Unhealthy,3,30.8,64,0.0,7.9,117,1006.6,2,37.4,37.8,368.0,13.6,178.0,29.5
2025-10-12 17:00:00,2025,10,12,17,Hà Nội,Xã Tây Phương,21.0403672,105.6115528,153,Unhealthy,3,29.5,73,0.0,6.1,114,1006.8,3,41.8,42.1,449.0,26.0,152.0,33.6
2025-10-12 18:00:00,2025,10,12,18,Hà Nội,Xã Tây Phương,21.0403672,105.6115528,153,Unhealthy,3,28.1,78,0.0,7.4,124,1007.2,6,56.1,56.5,559.0,42.7,112.0,39.6
2025-10-12 19:00:00,2025,10,12,19,Hà Nội,Xã Tây Phương,21.0403672,105.6115528,153,Unhealthy,3,27.8,80,0.0,8.9,122,1008.3,50,54.9,54.9,635.0,45.8,94.0,41.7
2025-10-12 20:00:00,2025,10,12,20,Hà Nội,Xã Tây Phương,21.0403672,105.6115528,153,Unhealthy,3,28.0,82,0.0,9.0,133,1009.2,38,52.5,52.6,648.0,47.6,78.0,42.7
2025-10-12 21:00:00,2025,10,12,21,Hà Nội,Xã Tây Phương,21.0403672,105.6115528,153,Unhealthy,3,27.4,85,0.0,8.4,157,1009.6,9,50.6,50.8,629.0,50.2,57.0,44.2
2025-10-12 22:00:00,2025,10,12,22,Hà Nội,Xã Tây Phương,21.0403672,105.6115528,153,Unhealthy,3,26.8,85,0.0,7.6,162,1009.9,6,49.7,49.8,606.0,53.2,38.0,45.8
2025-10-12 23:00:00,2025,10,12,23,Hà Nội,Xã Tây Phương,21.0403672,105.6115528,153,Unhealthy,3,26.3,87,0.0,5.6,158,1010.2,52,50.9,51.2,579.0,57.1,25.0,47.7
2025-10-13 00:00:00,2025,10,13,0,Hà Nội,Xã Tây Phương,21.0403672,105.6115528,152,Unhealthy,3,25.9,90,0.0,5.1,170,1010.2,91,53.7,54.6,549.0,61.4,16.0,49.8
2025-10-13 01:00:00,2025,10,13,1,Hà Nội,Xã Tây Phương,21.0403672,105.6115528,152,Unhealthy,3,26.0,90,0.0,5.1,98,1009.5,80,56.8,57.7,547.0,64.6,9.0,51.4
2025-10-13 02:00:00,2025,10,13,2,Hà Nội,Xã Tây Phương,21.0403672,105.6115528,151,Unhealthy,3,25.9,90,0.0,5.4,110,1009.2,64,58.0,58.9,603.0,66.4,5.0,52.1
2025-10-13 03:00:00,2025,10,13,3,Hà Nội,Xã Tây Phương,21.0403672,105.6115528,151,Unhealthy,3,25.5,93,0.0,6.2,123,1009.0,12,61.2,62.6,687.0,67.0,3.0,52.2
2025-10-13 04:00:00,2025,10,13,4,Hà Nội,Xã Tây Phương,21.0403672,105.6115528,150,Unhealthy for Sensitive Groups,2,25.0,95,0.7,4.0,85,1009.2,52,62.9,65.0,739.0,65.5,3.0,52.1
2025-10-13 05:00:00,2025,10,13,5,Hà Nội,Xã Tây Phương,21.0403672,105.6115528,147,Unhealthy for Sensitive Groups,2,25.1,96,0.0,5.4,84,1009.6,47,59.1,61.9,731.0,61.0,5.0,52.8
2025-10-13 06:00:00,2025,10,13,6,Hà Nội,Xã Tây Phương,21.0403672,105.6115528,142,Unhealthy for Sensitive Groups,2,24.9,97,0.0,4.9,62,1010.1,29,53.9,56.3,691.0,54.4,9.0,53.3
2025-10-13 07:00:00,2025,10,13,7,Hà Nội,Xã Tây Phương,21.0403672,105.6115528,137,Unhealthy for Sensitive Groups,2,26.0,94,0.0,6.9,81,1010.9,41,40.3,42.5,642.0,49.0,12.0,46.3
2025-10-13 08:00:00,2025,10,13,8,Hà Nội,Xã Tây Phương,21.0403672,105.6115528,131,Unhealthy for Sensitive Groups,2,27.5,88,0.0,8.0,85,1011.5,85,29.3,31.4,583.0,40.8,23.0,38.9
2025-10-13 09:00:00,2025,10,13,9,Hà Nội,Xã Tây Phương,21.0403672,105.6115528,126,Unhealthy for Sensitive Groups,2,26.5,87,0.7,10.0,107,1012.5,91,19.2,20.0,515.0,29.4,39.0,28.8
2025-10-13 10:00:00,2025,10,13,10,Hà Nội,Xã Tây Phương,21.0403672,105.6115528,123,Unhealthy for Sensitive Groups,2,27.0,85,0.1,1.2,27,1012.4,78,16.2,16.6,465.0,20.6,53.0,21.3
2025-10-13 11:00:00,2025,10,13,11,Hà Nội,Xã Tây Phương,21.0403672,105.6115528,121,Unhealthy for Sensitive Groups,2,27.9,81,0.1,2.8,297,1011.7,100,16.6,17.0,452.0,16.5,63.0,18.8
2025-10-13 12:00:00,2025,10,13,12,Hà Nội,Xã Tây Phương,21.0403672,105.6115528,120,Unhealthy for Sensitive Groups,2,28.6,80,0.0,4.8,326,1010.2,100,17.6,17.9,457.0,14.9,70.0,19.1
2025-10-13 13:00:00,2025,10,13,13,Hà Nội,Xã Tây Phương,21.0403672,105.6115528,119,Unhealthy for Sensitive Groups,2,27.8,81,1.1,9.3,105,1009.8,98,18.5,18.7,455.0,15.1,74.0,20.2
2025-10-13 14:00:00,2025,10,13,14,Hà Nội,Xã Tây Phương,21.0403672,105.6115528,118,Unhealthy for Sensitive Groups,2,27.5,82,0.2,9.9,92,1009.0,99,21.0,21.2,414.0,16.1,75.0,21.4
2025-10-13 15:00:00,2025,10,13,15,Hà Nội,Xã Tây Phương,21.0403672,105.6115528,117,Unhealthy for Sensitive Groups,2,28.5,79,0.1,8.9,84,1008.5,100,22.2,22.4,366.0,18.8,73.0,23.6
2025-10-13 16:00:00,2025,10,13,16,Hà Nội,Xã Tây Phương,21.0403672,105.6115528,115,Unhealthy for Sensitive Groups,2,26.9,84,2.7,11.0,101,1008.5,98,24.0,24.2,374.0,25.0,67.0,27.6
2025-10-13 17:00:00,2025,10,13,17,Hà Nội,Xã Tây Phương,21.0403672,105.6115528,114,Unhealthy for Sensitive Groups,2,26.2,87,0.0,4.8,121,1008.6,92,28.3,28.5,508.0,38.0,52.0,35.1
2025-10-13 18:00:00,2025,10,13,18,Hà Nội,Xã Tây Phương,21.0403672,105.6115528,113,Unhealthy for Sensitive Groups,2,25.5,92,0.0,2.4,197,1009.1,100,41.6,41.7,700.0,54.6,33.0,44.4
2025-10-13 19:00:00,2025,10,13,19,Hà Nội,Xã Tây Phương,21.0403672,105.6115528,111,Unhealthy for Sensitive Groups,2,25.4,94,0.0,5.1,176,1009.5,100,50.4,51.2,807.0,71.1,11.0,55.0
2025-10-13 20:00:00,2025,10,13,20,Hà Nội,Xã Tây Phương,21.0403672,105.6115528,111,Unhealthy for Sensitive Groups,2,25.3,95,1.1,3.3,193,1010.3,100,51.5,53.6,754.0,71.9,9.0,57.8
2025-10-13 21:00:00,2025,10,13,21,Hà Nội,Xã Tây Phương,21.0403672,105.6115528,111,Unhealthy for Sensitive Groups,2,25.2,96,0.2,1.8,180,1011.1,100,54.8,57.5,617.0,73.0,7.0,61.7
2025-10-13 22:00:00,2025,10,13,22,Hà Nội,Xã Tây Phương,21.0403672,105.6115528,111,Unhealthy for Sensitive Groups,2,25.1,96,0.2,1.1,279,1011.1,100,52.5,55.3,484.0,73.1,5.0,64.0
2025-10-13 23:00:00,2025,10,13,23,Hà Nội,Xã Tây Phương,21.0403672,105.6115528,111,Unhealthy for Sensitive Groups,2,24.8,97,0.2,3.1,336,1011.0,100,49.2,52.2,375.0,71.8,4.0,63.2
2025-10-14 00:00:00,2025,10,14,0,Hà Nội,Xã Tây Phương,21.0403672,105.6115528,111,Unhealthy for Sensitive Groups,2,24.2,97,5.3,3.2,357,1011.2,100,47.8,50.8,269.0,69.5,4.0,60.9
2025-10-14 01:00:00,2025,10,14,1,Hà Nội,Xã Tây Phương,21.0403672,105.6115528,111,Unhealthy for Sensitive Groups,2,24.2,96,1.4,2.5,249,1010.6,100,47.1,50.1,197.0,67.1,4.0,59.5
2025-10-14 02:00:00,2025,10,14,2,Hà Nội,Xã Tây Phương,21.0403672,105.6115528,110,Unhealthy for Sensitive Groups,2,23.4,96,4.9,0.7,194,1010.3,100,43.2,45.9,172.0,64.7,3.0,59.9
2025-10-14 03:00:00,2025,10,14,3,Hà Nội,Xã Tây Phương,21.0403672,105.6115528,108,Unhealthy for Sensitive Groups,2,23.6,94,0.7,0.7,360,1010.2,100,43.0,45.5,180.0,62.2,2.0,61.1
2025-10-14 04:00:00,2025,10,14,4,Hà Nội,Xã Tây Phương,21.0403672,105.6115528,106,Unhealthy for Sensitive Groups,2,23.4,95,2.4,2.3,151,1010.1,100,42.5,44.9,211.0,59.3,2.0,62.5
2025-10-14 05:00:00,2025,10,14,5,Hà Nội,Xã Tây Phương,21.0403672,105.6115528,104,Unhealthy for Sensitive Groups,2,23.4,96,0.6,3.1,208,1010.0,100,44.1,46.7,280.0,56.0,3.0,64.6
2025-10-14 06:00:00,2025,10,14,6,Hà Nội,Xã Tây Phương,21.0403672,105.6115528,102,Unhealthy for Sensitive Groups,2,23.2,96,2.3,2.1,15,1010.7,100,45.8,48.2,372.0,52.5,5.0,67.0
2025-10-14 07:00:00,2025,10,14,7,Hà Nội,Xã Tây Phương,21.0403672,105.6115528,102,Unhealthy for Sensitive Groups,2,24.6,94,0.7,6.1,348,1010.9,100,35.5,36.6,431.0,43.9,9.0,53.1
2025-10-14 08:00:00,2025,10,14,8,Hà Nội,Xã Tây Phương,21.0403672,105.6115528,101,Unhealthy for Sensitive Groups,2,25.0,95,0.7,10.0,28,1011.7,100,31.7,32.1,427.0,40.1,15.0,53.7
2025-10-14 09:00:00,2025,10,14,9,Hà Nội,Xã Tây Phương,21.0403672,105.6115528,101,Unhealthy for Sensitive Groups,2,24.6,95,1.5,14.0,28,1012.3,100,28.1,28.6,389.0,34.7,23.0,54.1
2025-10-14 10:00:00,2025,10,14,10,Hà Nội,Xã Tây Phương,21.0403672,105.6115528,102,Unhealthy for Sensitive Groups,2,24.7,92,0.4,12.3,31,1012.1,100,26.4,26.8,352.0,29.7,32.0,52.2
2025-10-14 11:00:00,2025,10,14,11,Hà Nội,Xã Tây Phương,21.0403672,105.6115528,103,Unhealthy for Sensitive Groups,2,25.4,89,0.3,14.6,39,1011.6,100,24.3,24.7,318.0,25.2,43.0,45.5
2025-10-14 12:00:00,2025,10,14,12,Hà Nội,Xã Tây Phương,21.0403672,105.6115528,104,Unhealthy for Sensitive Groups,2,26.1,84,0.5,11.3,34,1010.3,100,19.2,19.6,286.0,21.0,55.0,36.3
2025-10-14 13:00:00,2025,10,14,13,Hà Nội,Xã Tây Phương,21.0403672,105.6115528,104,Unhealthy for Sensitive Groups,2,26.9,79,0.3,9.8,58,1010.0,100,19.6,20.0,280.0,18.6,64.0,29.5
2025-10-14 14:00:00,2025,10,14,14,Hà Nội,Xã Tây Phương,21.0403672,105.6115528,104,Unhealthy for Sensitive Groups,2,27.2,80,0.1,6.2,73,1009.0,100,21.7,22.1,319.0,18.3,68.0,26.8
2025-10-14 15:00:00,2025,10,14,15,Hà Nội,Xã Tây Phương,21.0403672,105.6115528,104,Unhealthy for Sensitive Groups,2,27.0,82,1.0,3.1,21,1008.4,100,23.6,24.0,386.0,19.7,68.0,26.4
2025-10-14 16:00:00,2025,10,14,16,Hà Nội,Xã Tây Phương,21.0403672,105.6115528,105,Unhealthy for Sensitive Groups,2,26.6,84,2.6,9.2,137,1008.7,100,25.1,25.4,451.0,24.0,63.0,27.8
2025-10-14 17:00:00,2025,10,14,17,Hà Nội,Xã Tây Phương,21.0403672,105.6115528,105,Unhealthy for Sensitive Groups,2,25.0,93,0.5,5.9,130,1009.1,98,28.2,28.5,523.0,33.3,48.0,31.5
2025-10-14 18:00:00,2025,10,14,18,Hà Nội,Xã Tây Phương,21.0403672,105.6115528,105,Unhealthy for Sensitive Groups,2,24.1,97,0.5,1.3,34,1010.1,99,34.5,35.0,593.0,45.4,28.0,37.0
2025-10-14 19:00:00,2025,10,14,19,Hà Nội,Xã Tây Phương,21.0403672,105.6115528,104,Unhealthy for Sensitive Groups,2,24.4,97,1.1,2.3,135,1010.3,100,45.4,46.9,612.0,56.9,14.0,41.4
2025-10-14 20:00:00,2025,10,14,20,Hà Nội,Xã Tây Phương,21.0403672,105.6115528,103,Unhealthy for Sensitive Groups,2,24.2,97,0.1,1.7,167,1011.1,98,42.4,43.7,530.0,56.7,12.0,41.3
2025-10-14 21:00:00,2025,10,14,21,Hà Nội,Xã Tây Phương,21.0403672,105.6115528,102,Unhealthy for Sensitive Groups,2,24.2,97,0.3,0.3,45,1011.5,97,40.7,42.3,397.0,56.2,9.0,41.1
2025-10-14 22:00:00,2025,10,14,22,Hà Nội,Xã Tây Phương,21.0403672,105.6115528,101,Unhealthy for Sensitive Groups,2,24.0,98,0.0,1.3,34,1011.7,100,37.7,39.6,308.0,54.6,7.0,39.7
2025-10-14 23:00:00,2025,10,14,23,Hà Nội,Xã Tây Phương,21.0403672,105.6115528,100,Moderate,1,23.6,98,1.5,2.8,79,1011.8,100,33.4,35.3,317.0,51.3,8.0,36.2
2025-10-15 00:00:00,2025,10,15,0,Hà Nội,Xã Tây Phương,21.0403672,105.6115528,98,Moderate,1,23.4,97,1.9,2.7,200,1011.9,100,27.9,29.6,369.0,46.8,11.0,31.5
2025-10-15 01:00:00,2025,10,15,1,Hà Nội,Xã Tây Phương,21.0403672,105.6115528,96,Moderate,1,23.9,96,5.4,6.8,117,1010.7,100,23.2,24.7,401.0,42.7,14.0,27.5
2025-10-15 02:00:00,2025,10,15,2,Hà Nội,Xã Tây Phương,21.0403672,105.6115528,94,Moderate,1,23.6,96,0.3,5.8,112,1010.7,99,19.5,20.6,376.0,39.2,16.0,24.6
2025-10-15 03:00:00,2025,10,15,3,Hà Nội,Xã Tây Phương,21.0403672,105.6115528,92,Moderate,1,23.1,98,0.0,3.8,82,1010.5,100,18.0,19.2,329.0,35.9,17.0,22.4
2025-10-15 04:00:00,2025,10,15,4,Hà Nội,Xã Tây Phương,21.0403672,105.6115528,90,Moderate,1,23.2,98,0.0,3.1,100,1010.4,100,18.7,19.8,306.0,33.3,19.0,21.4
2025-10-15 05:00:00,2025,10,15,5,Hà Nội,Xã Tây Phương,21.0403672,105.6115528,88,Moderate,1,23.6,97,0.0,3.2,56,1010.4,100,19.6,20.4,332.0,31.8,20.0,22.4
2025-10-15 06:00:00,2025,10,15,6,Hà Nội,Xã Tây Phương,21.0403672,105.6115528,86,Moderate,1,23.5,99,0.0,3.0,38,1011.0,100,19.7,20.4,381.0,30.9,22.0,24.7
2025-10-15 07:00:00,2025,10,15,7,Hà Nội,Xã Tây Phương,21.0403672,105.6115528,83,Moderate,1,24.0,96,0.1,6.2,83,1011.9,100,25.8,27.6,418.0,40.5,14.0,44.3
2025-10-15 08:00:00,2025,10,15,8,Hà Nội,Xã Tây Phương,21.0403672,105.6115528,82,Moderate,1,24.9,92,0.0,7.1,83,1012.5,100,25.4,27.2,432.0,34.5,22.0,42.3
2025-10-15 09:00:00,2025,10,15,9,Hà Nội,Xã Tây Phương,21.0403672,105.6115528,82,Moderate,1,25.5,89,0.0,6.7,82,1013.0,100,21.4,22.6,435.0,26.1,34.0,39.5
2025-10-15 10:00:00,2025,10,15,10,Hà Nội,Xã Tây Phương,21.0403672,105.6115528,81,Moderate,1,26.8,85,0.1,4.7,81,1012.9,100,16.8,17.4,423.0,19.3,47.0,36.2
2025-10-15 11:00:00,2025,10,15,11,Hà Nội,Xã Tây Phương,21.0403672,105.6115528,80,Moderate,1,28.2,76,0.0,4.2,100,1012.5,100,16.9,17.5,389.0,15.4,61.0,32.0
2025-10-15 12:00:00,2025,10,15,12,Hà Nội,Xã Tây Phương,21.0403672,105.6115528,80,Moderate,1,28.1,75,0.0,6.3,88,1011.3,100,16.5,16.8,342.0,13.1,77.0,27.4
2025-10-15 13:00:00,2025,10,15,13,Hà Nội,Xã Tây Phương,21.0403672,105.6115528,80,Moderate,1,28.5,76,0.2,3.5,102,1010.7,100,18.8,19.2,302.0,12.3,88.0,24.2
2025-10-15 14:00:00,2025,10,15,14,Hà Nội,Xã Tây Phương,21.0403672,105.6115528,80,Moderate,1,24.2,96,6.6,16.5,164,1010.6,99,22.9,23.3,271.0,12.9,96.0,23.5
2025-10-15 15:00:00,2025,10,15,15,Hà Nội,Xã Tây Phương,21.0403672,105.6115528,80,Moderate,1,25.8,86,1.2,6.2,158,1009.5,93,24.6,25.0,249.0,15.1,99.0,24.3
2025-10-15 16:00:00,2025,10,15,16,Hà Nội,Xã Tây Phương,21.0403672,105.6115528,80,Moderate,1,27.0,81,0.0,9.7,130,1009.2,100,27.5,27.9,254.0,19.1,95.0,25.5
2025-10-15 17:00:00,2025,10,15,17,Hà Nội,Xã Tây Phương,21.0403672,105.6115528,80,Moderate,1,26.8,83,0.0,5.9,133,1009.7,98,33.5,34.0,297.0,26.0,76.0,26.0
2025-10-15 18:00:00,2025,10,15,18,Hà Nội,Xã Tây Phương,21.0403672,105.6115528,80,Moderate,1,25.4,90,0.0,4.5,130,1010.3,75,36.8,37.1,368.0,34.8,49.0,26.9
2025-10-15 19:00:00,2025,10,15,19,Hà Nội,Xã Tây Phương,21.0403672,105.6115528,81,Moderate,1,24.6,93,0.1,4.8,153,1010.6,88,55.4,55.6,453.0,63.5,25.0,50.0
2025-10-15 20:00:00,2025,10,15,20,Hà Nội,Xã Tây Phương,21.0403672,105.6115528,81,Moderate,1,25.0,94,0.0,3.8,139,1011.6,100,57.2,57.4,576.0,64.2,22.0,54.5
2025-10-15 21:00:00,2025,10,15,21,Hà Nội,Xã Tây Phương,21.0403672,105.6115528,83,Moderate,1,24.8,95,0.0,2.9,169,1012.3,95,56.3,56.6,714.0,65.1,18.0,60.5
2025-10-15 22:00:00,2025,10,15,22,Hà Nội,Xã Tây Phương,21.0403672,105.6115528,84,Moderate,1,24.5,96,0.1,3.1,211,1012.5,95,55.9,56.1,777.0,64.6,15.0,63.2
2025-10-15 23:00:00,2025,10,15,23,Hà Nội,Xã Tây Phương,21.0403672,105.6115528,86,Moderate,1,24.0,98,1.6,8.0,228,1012.8,94,56.6,57.0,705.0,61.7,13.0,59.2
2025-10-16 00:00:00,2025,10,16,0,Hà Nội,Xã Tây Phương,21.0403672,105.6115528,88,Moderate,1,24.1,98,0.2,2.1,345,1012.9,94,52.4,52.9,559.0,57.4,11.0,51.9
2025-10-16 01:00:00,2025,10,16,1,Hà Nội,Xã Tây Phương,21.0403672,105.6115528,90,Moderate,1,24.4,97,0.2,1.8,24,1012.2,83,48.4,48.7,436.0,53.6,10.0,46.7
2025-10-16 02:00:00,2025,10,16,2,Hà Nội,Xã Tây Phương,21.0403672,105.6115528,92,Moderate,1,24.3,96,0.1,4.3,202,1012.4,99,46.0,46.2,365.0,50.8,10.0,45.6
2025-10-16 03:00:00,2025,10,16,3,Hà Nội,Xã Tây Phương,21.0403672,105.6115528,95,Moderate,1,24.1,96,0.0,0.7,284,1012.1,100,42.6,43.0,318.0,48.5,11.0,46.5
2025-10-16 04:00:00,2025,10,16,4,Hà Nội,Xã Tây Phương,21.0403672,105.6115528,97,Moderate,1,24.0,96,0.1,1.5,150,1012.4,100,42.0,42.3,304.0,46.5,12.0,48.5
2025-10-16 05:00:00,2025,10,16,5,Hà Nội,Xã Tây Phương,21.0403672,105.6115528,99,Moderate,1,23.9,98,0.1,4.7,178,1012.8,100,40.3,40.5,348.0,45.6,11.0,52.4
2025-10-16 06:00:00,2025,10,16,6,Hà Nội,Xã Tây Phương,21.0403672,105.6115528,101,Unhealthy for Sensitive Groups,2,23.0,98,0.9,10.6,56,1013.5,99,40.6,41.0,425.0,45.0,11.0,57.5
2025-10-16 07:00:00,2025,10,16,7,Hà Nội,Xã Tây Phương,21.0403672,105.6115528,103,Unhealthy for Sensitive Groups,2,23.5,96,0.1,4.4,21,1013.5,76,39.9,40.6,471.0,44.1,6.0,52.4
2025-10-16 08:00:00,2025,10,16,8,Hà Nội,Xã Tây Phương,21.0403672,105.6115528,104,Unhealthy for Sensitive Groups,2,24.9,88,0.0,5.1,27,1014.0,100,31.1,32.2,451.0,37.2,17.0,45.8
2025-10-16 09:00:00,2025,10,16,9,Hà Nội,Xã Tây Phương,21.0403672,105.6115528,105,Unhealthy for Sensitive Groups,2,26.1,84,0.0,2.4,27,1014.9,100,23.1,23.7,400.0,27.5,32.0,36.6
2025-10-16 10:00:00,2025,10,16,10,Hà Nội,Xã Tây Phương,21.0403672,105.6115528,105,Unhealthy for Sensitive Groups,2,27.2,80,0.2,4.4,78,1014.9,100,17.2,17.8,361.0,19.4,50.0,28.9
2025-10-16 11:00:00,2025,10,16,11,Hà Nội,Xã Tây Phương,21.0403672,105.6115528,105,Unhealthy for Sensitive Groups,2,28.9,73,0.1,4.0,90,1014.1,98,18.3,19.2,353.0,14.1,71.0,24.0
2025-10-16 12:00:00,2025,10,16,12,Hà Nội,Xã Tây Phương,21.0403672,105.6115528,105,Unhealthy for Sensitive Groups,2,29.8,69,0.1,4.0,122,1012.6,75,20.7,21.8,357.0,10.3,94.0,20.6
2025-10-16 13:00:00,2025,10,16,13,Hà Nội,Xã Tây Phương,21.0403672,105.6115528,106,Unhealthy for Sensitive Groups,2,29.8,69,0.1,3.1,152,1011.9,100,22.2,23.3,357.0,8.2,113.0,18.9
2025-10-16 14:00:00,2025,10,16,14,Hà Nội,Xã Tây Phương,21.0403672,105.6115528,106,Unhealthy for Sensitive Groups,2,27.8,76,0.8,15.4,135,1011.7,100,24.8,25.8,324.0,6.8,128.0,19.1
2025-10-16 15:00:00,2025,10,16,15,Hà Nội,Xã Tây Phương,21.0403672,105.6115528,106,Unhealthy for Sensitive Groups,2,27.6,77,0.1,6.1,146,1010.6,73,28.7,29.7,288.0,7.0,140.0,21.0
2025-10-16 16:00:00,2025,10,16,16,Hà Nội,Xã Tây Phương,21.0403672,105.6115528,107,Unhealthy for Sensitive Groups,2,28.4,74,0.0,3.0,123,1010.4,66,31.3,32.2,318.0,11.7,139.0,24.3
2025-10-16 17:00:00,2025,10,16,17,Hà Nội,Xã Tây Phương,21.0403672,105.6115528,107,Unhealthy for Sensitive Groups,2,27.7,81,0.0,3.2,109,1010.7,26,36.0,36.8,456.0,25.3,118.0,29.6
2025-10-16 18:00:00,2025,10,16,18,Hà Nội,Xã Tây Phương,21.0403672,105.6115528,107,Unhealthy for Sensitive Groups,2,26.6,84,0.0,1.4,90,1011.2,16,54.6,55.4,661.0,43.3,84.0,36.3
2025-10-16 19:00:00,2025,10,16,19,Hà Nội,Xã Tây Phương,21.0403672,105.6115528,109,Unhealthy for Sensitive Groups,2,25.1,91,0.0,2.2,261,1012.3,52,53.4,53.8,879.0,56.4,46.0,38.5
2025-10-16 20:00:00,2025,10,16,20,Hà Nội,Xã Tây Phương,21.0403672,105.6115528,109,Unhealthy for Sensitive Groups,2,25.1,93,0.0,2.0,315,1013.2,41,63.1,63.6,1149.0,56.9,41.0,41.6
2025-10-16 21:00:00,2025,10,16,21,Hà Nội,Xã Tây Phương,21.0403672,105.6115528,110,Unhealthy for Sensitive Groups,2,24.9,95,0.0,2.6,335,1014.0,41,63.8,64.3,1431.0,57.3,34.0,45.7
2025-10-16 22:00:00,2025,10,16,22,Hà Nội,Xã Tây Phương,21.0403672,105.6115528,111,Unhealthy for Sensitive Groups,2,24.5,96,0.0,3.9,332,1014.3,16,63.8,64.0,1555.0,56.3,29.0,48.1
2025-10-16 23:00:00,2025,10,16,23,Hà Nội,Xã Tây Phương,21.0403672,105.6115528,111,Unhealthy for Sensitive Groups,2,24.4,96,0.0,4.2,317,1014.4,9,60.8,61.2,1402.0,52.6,28.0,47.3
2025-10-17 00:00:00,2025,10,17,0,Hà Nội,Xã Tây Phương,21.0403672,105.6115528,112,Unhealthy for Sensitive Groups,2,24.1,96,0.0,5.0,308,1014.3,7,57.0,57.5,1090.0,47.4,30.0,44.7
2025-10-17 01:00:00,2025,10,17,1,Hà Nội,Xã Tây Phương,21.0403672,105.6115528,112,Unhealthy for Sensitive Groups,2,24.3,98,0.0,7.3,280,1013.6,23,54.8,55.3,806.0,42.7,31.0,42.2
2025-10-17 02:00:00,2025,10,17,2,Hà Nội,Xã Tây Phương,21.0403672,105.6115528,113,Unhealthy for Sensitive Groups,2,24.4,98,0.0,10.9,309,1013.1,16,54.4,54.8,596.0,39.2,30.0,40.1
2025-10-17 03:00:00,2025,10,17,3,Hà Nội,Xã Tây Phương,21.0403672,105.6115528,114,Unhealthy for Sensitive Groups,2,24.1,97,0.0,11.1,314,1012.4,11,53.4,53.8,413.0,36.4,28.0,37.9
2025-10-17 04:00:00,2025,10,17,4,Hà Nội,Xã Tây Phương,21.0403672,105.6115528,115,Unhealthy for Sensitive Groups,2,23.8,96,0.0,11.3,307,1012.5,21,51.5,51.8,304.0,34.2,27.0,36.7
2025-10-17 05:00:00,2025,10,17,5,Hà Nội,Xã Tây Phương,21.0403672,105.6115528,116,Unhealthy for Sensitive Groups,2,23.7,96,0.0,10.8,306,1012.8,26,49.7,50.1,320.0,33.5,24.0,36.6
2025-10-17 06:00:00,2025,10,17,6,Hà Nội,Xã Tây Phương,21.0403672,105.6115528,117,Unhealthy for Sensitive Groups,2,23.6,96,0.0,10.6,305,1013.8,25,50.1,50.3,409.0,33.5,21.0,37.4
2025-10-17 07:00:00,2025,10,17,7,Hà Nội,Xã Tây Phương,21.0403672,105.6115528,118,Unhealthy for Sensitive Groups,2,24.8,92,0.1,9.1,309,1014.3,9,44.8,44.9,461.0,35.2,27.0,40.9
2025-10-17 08:00:00,2025,10,17,8,Hà Nội,Xã Tây Phương,21.0403672,105.6115528,118,Unhealthy for Sensitive Groups,2,26.0,88,0.3,5.4,334,1014.9,38,39.1,39.2,418.0,29.8,49.0,42.7
2025-10-17 09:00:00,2025,10,17,9,Hà Nội,Xã Tây Phương,21.0403672,105.6115528,119,Unhealthy for Sensitive Groups,2,27.2,83,0.2,5.9,346,1015.4,20,27.0,27.1,338.0,22.3,80.0,45.0
2025-10-17 10:00:00,2025,10,17,10,Hà Nội,Xã Tây Phương,21.0403672,105.6115528,120,Unhealthy for Sensitive Groups,2,28.8,73,0.1,5.9,349,1014.9,20,19.9,20.1,285.0,16.0,108.0,45.5
2025-10-17 11:00:00,2025,10,17,11,Hà Nội,Xã Tây Phương,21.0403672,105.6115528,120,Unhealthy for Sensitive Groups,2,29.5,69,0.1,5.2,41,1014.4,20,21.9,22.1,290.0,11.8,130.0,42.5
2025-10-17 12:00:00,2025,10,17,12,Hà Nội,Xã Tây Phương,21.0403672,105.6115528,120,Unhealthy for Sensitive Groups,2,30.0,65,0.1,5.5,73,1013.4,26,25.6,26.0,323.0,8.8,149.0,37.8
2025-10-17 13:00:00,2025,10,17,13,Hà Nội,Xã Tây Phương,21.0403672,105.6115528,121,Unhealthy for Sensitive Groups,2,30.4,61,0.1,3.6,117,1012.5,16,29.6,29.9,358.0,7.2,164.0,34.3
2025-10-17 14:00:00,2025,10,17,14,Hà Nội,Xã Tây Phương,21.0403672,105.6115528,122,Unhealthy for Sensitive Groups,2,30.5,61,0.0,4.0,122,1011.6,19,32.4,32.8,365.0,5.5,176.0,32.2
2025-10-17 15:00:00,2025,10,17,15,Hà Nội,Xã Tây Phương,21.0403672,105.6115528,122,Unhealthy for Sensitive Groups,2,30.5,61,0.0,5.6,111,1010.9,14,35.0,35.4,375.0,5.2,183.0,31.3
2025-10-17 16:00:00,2025,10,17,16,Hà Nội,Xã Tây Phương,21.0403672,105.6115528,123,Unhealthy for Sensitive Groups,2,30.1,62,0.0,6.5,118,1010.5,7,37.1,37.5,455.0,11.5,178.0,34.1
2025-10-17 17:00:00,2025,10,17,17,Hà Nội,Xã Tây Phương,21.0403672,105.6115528,124,Unhealthy for Sensitive Groups,2,28.9,77,0.0,2.7,127,1010.1,4,43.2,43.7,689.0,30.2,152.0,43.2
2025-10-17 18:00:00,2025,10,17,18,Hà Nội,Xã Tây Phương,21.0403672,105.6115528,130,Unhealthy for Sensitive Groups,2,27.8,74,0.0,1.5,144,1010.4,41,65.2,65.7,993.0,55.4,114.0,56.1
2025-10-17 19:00:00,2025,10,17,19,Hà Nội,Xã Tây Phương,21.0403672,105.6115528,132,Unhealthy for Sensitive Groups,2,26.9,78,0.0,7.0,100,1011.7,65,83.4,83.6,1183.0,66.7,81.0,58.4
2025-10-17 20:00:00,2025,10,17,20,Hà Nội,Xã Tây Phương,21.0403672,105.6115528,129,Unhealthy for Sensitive Groups,2,26.6,82,0.0,3.3,135,1012.4,72,99.4,99.7,1150.0,73.9,67.0,66.3
2025-10-17 21:00:00,2025,10,17,21,Hà Nội,Xã Tây Phương,21.0403672,105.6115528,132,Unhealthy for Sensitive Groups,2,26.2,82,0.0,4.1,209,1012.8,46,115.0,115.0,1003.0,83.8,48.0,77.1
2025-10-17 22:00:00,2025,10,17,22,Hà Nội,Xã Tây Phương,21.0403672,105.6115528,138,Unhealthy for Sensitive Groups,2,25.6,85,0.0,4.0,219,1013.1,12,129.5,129.5,885.0,91.1,32.0,84.7
2025-10-17 23:00:00,2025,10,17,23,Hà Nội,Xã Tây Phương,21.0403672,105.6115528,145,Unhealthy for Sensitive Groups,2,25.2,88,0.0,3.9,196,1013.3,13,138.8,139.2,852.0,93.6,24.0,86.4
2025-10-18 00:00:00,2025,10,18,0,Hà Nội,Xã Tây Phương,21.0403672,105.6115528,151,Unhealthy,3,24.9,90,0.0,3.1,220,1013.0,5,136.9,137.4,848.0,93.5,20.0,84.9
2025-10-18 01:00:00,2025,10,18,1,Hà Nội,Xã Tây Phương,21.0403672,105.6115528,152,Unhealthy,3,24.6,92,0.0,2.1,250,1012.7,6,133.6,133.6,853.0,91.4,17.0,81.8
2025-10-18 02:00:00,2025,10,18,2,Hà Nội,Xã Tây Phương,21.0403672,105.6115528,154,Unhealthy,3,24.3,95,0.0,1.9,287,1012.2,13,129.9,130.4,867.0,87.2,14.0,77.0
2025-10-18 03:00:00,2025,10,18,3,Hà Nội,Xã Tây Phương,21.0403672,105.6115528,156,Unhealthy,3,23.9,97,0.0,3.2,326,1012.1,20,128.1,128.5,890.0,81.0,12.0,70.6
2025-10-18 04:00:00,2025,10,18,4,Hà Nội,Xã Tây Phương,21.0403672,105.6115528,157,Unhealthy,3,23.6,99,0.0,2.2,305,1012.0,35,126.7,127.1,905.0,73.8,12.0,64.7
2025-10-18 05:00:00,2025,10,18,5,Hà Nội,Xã Tây Phương,21.0403672,105.6115528,159,Unhealthy,3,23.5,100,0.0,3.5,309,1012.0,100,125.7,126.2,915.0,65.6,12.0,59.8
2025-10-18 06:00:00,2025,10,18,6,Hà Nội,Xã Tây Phương,21.0403672,105.6115528,161,Unhealthy,3,23.5,100,0.0,5.0,325,1012.4,100,115.3,115.5,917.0,56.4,15.0,55.4
2025-10-18 07:00:00,2025,10,18,7,Hà Nội,Xã Tây Phương,21.0403672,105.6115528,162,Unhealthy,3,24.4,99,0.0,4.5,317,1013.4,100,145.3,145.3,877.0,55.9,24.0,63.0
2025-10-18 08:00:00,2025,10,18,8,Hà Nội,Xã Tây Phương,21.0403672,105.6115528,164,Unhealthy,3,26.1,91,0.0,4.1,345,1014.1,18,117.8,118.0,760.0,46.3,54.0,67.5
2025-10-18 09:00:00,2025,10,18,9,Hà Nội,Xã Tây Phương,21.0403672,105.6115528,166,Unhealthy,3,28.0,80,0.0,6.2,348,1014.4,13,75.7,75.9,601.0,32.8,95.0,73.3
2025-10-18 10:00:00,2025,10,18,10,Hà Nội,Xã Tây Phương,21.0403672,105.6115528,167,Unhealthy,3,29.0,71,0.3,6.2,10,1014.3,23,48.3,48.5,480.0,21.6,131.0,74.6
2025-10-18 11:00:00,2025,10,18,11,Hà Nội,Xã Tây Phương,21.0403672,105.6115528,168,Unhealthy,3,29.5,67,0.2,7.1,34,1013.5,39,43.4,43.7,430.0,14.8,155.0,67.2
2025-10-18 12:00:00,2025,10,18,12,Hà Nội,Xã Tây Phương,21.0403672,105.6115528,168,Unhealthy,3,30.1,67,0.0,5.1,58,1012.8,6,44.7,45.1,416.0,10.3,173.0,55.4
2025-10-18 13:00:00,2025,10,18,13,Hà Nội,Xã Tây Phương,21.0403672,105.6115528,169,Unhealthy,3,30.6,64,0.0,4.5,74,1011.4,5,46.9,47.3,414.0,7.7,184.0,45.9
2025-10-18 14:00:00,2025,10,18,14,Hà Nội,Xã Tây Phương,21.0403672,105.6115528,169,Unhealthy,3,30.9,63,0.0,6.7,95,1010.6,6,47.3,47.6,407.0,5.7,190.0,40.7
2025-10-18 15:00:00,2025,10,18,15,Hà Nội,Xã Tây Phương,21.0403672,105.6115528,169,Unhealthy,3,30.8,61,0.0,7.9,90,1009.8,10,46.8,47.1,411.0,5.6,190.0,37.8
2025-10-18 16:00:00,2025,10,18,16,Hà Nội,Xã Tây Phương,21.0403672,105.6115528,170,Unhealthy,3,30.2,63,0.0,8.4,97,1009.5,5,46.7,47.0,452.0,11.0,178.0,38.1
2025-10-18 17:00:00,2025,10,18,17,Hà Nội,Xã Tây Phương,21.0403672,105.6115528,170,Unhealthy,3,28.9,74,0.0,4.3,90,1009.8,5,53.9,54.4,555.0,26.6,148.0,43.5
2025-10-18 18:00:00,2025,10,18,18,Hà Nội,Xã Tây Phương,21.0403672,105.6115528,170,Unhealthy,3,27.5,77,0.0,5.0,116,1010.4,7,72.6,73.1,694.0,47.7,107.0,52.0
2025-10-18 19:00:00,2025,10,18,19,Hà Nội,Xã Tây Phương,21.0403672,105.6115528,170,Unhealthy,3,27.5,76,0.0,6.2,111,1010.5,17,75.9,76.4,821.0,66.3,68.0,56.0
2025-10-18 20:00:00,2025,10,18,20,Hà Nội,Xã Tây Phương,21.0403672,105.6115528,170,Unhealthy,3,27.5,76,0.0,6.0,119,1011.6,16,84.8,85.2,929.0,72.4,55.0,62.8
2025-10-18 21:00:00,2025,10,18,21,Hà Nội,Xã Tây Phương,21.0403672,105.6115528,170,Unhealthy,3,26.6,82,0.0,5.2,153,1012.2,7,94.8,96.2,1024.0,80.8,38.0,72.3
2025-10-18 22:00:00,2025,10,18,22,Hà Nội,Xã Tây Phương,21.0403672,105.6115528,169,Unhealthy,3,26.0,85,0.0,4.1,167,1012.6,2,109.4,111.3,1075.0,87.1,24.0,79.4
2025-10-18 23:00:00,2025,10,18,23,Hà Nội,Xã Tây Phương,21.0403672,105.6115528,169,Unhealthy,3,25.6,86,0.0,3.3,186,1012.5,0,119.7,121.5,1051.0,89.9,18.0,82.3
2025-10-19 00:00:00,2025,10,19,0,Hà Nội,Xã Tây Phương,21.0403672,105.6115528,168,Unhealthy,3,25.0,88,0.0,3.5,219,1012.5,2,124.3,126.2,982.0,90.4,16.0,82.9
2025-10-19 01:00:00,2025,10,19,1,Hà Nội,Xã Tây Phương,21.0403672,105.6115528,168,Unhealthy,3,24.8,93,0.0,0.9,270,1011.8,26,122.5,124.3,931.0,88.3,15.0,81.8
2025-10-19 02:00:00,2025,10,19,2,Hà Nội,Xã Tây Phương,21.0403672,105.6115528,168,Unhealthy,3,25.0,93,0.0,0.9,37,1011.2,27,114.3,116.2,928.0,82.3,16.0,78.7
2025-10-19 03:00:00,2025,10,19,3,Hà Nội,Xã Tây Phương,21.0403672,105.6115528,168,Unhealthy,3,24.6,96,0.0,5.7,41,1010.9,41,109.4,110.8,942.0,73.6,18.0,74.0
2025-10-19 04:00:00,2025,10,19,4,Hà Nội,Xã Tây Phương,21.0403672,105.6115528,167,Unhealthy,3,22.6,98,8.3,11.1,126,1011.9,98,103.6,104.3,940.0,64.9,21.0,69.1
2025-10-19 05:00:00,2025,10,19,5,Hà Nội,Xã Tây Phương,21.0403672,105.6115528,167,Unhealthy,3,23.0,97,0.2,4.4,308,1012.0,37,93.1,93.6,915.0,57.3,23.0,65.3
2025-10-19 06:00:00,2025,10,19,6,Hà Nội,Xã Tây Phương,21.0403672,105.6115528,166,Unhealthy,3,22.8,96,0.0,5.7,298,1012.7,34,82.9,83.4,873.0,49.6,27.0,61.4
2025-10-19 07:00:00,2025,10,19,7,Hà Nội,Xã Tây Phương,21.0403672,105.6115528,165,Unhealthy,3,24.9,93,0.0,5.5,259,1012.7,36,71.5,71.9,804.0,42.2,30.0,56.0
2025-10-19 08:00:00,2025,10,19,8,Hà Nội,Xã Tây Phương,21.0403672,105.6115528,164,Unhealthy,3,26.4,86,0.0,7.3,353,1013.5,36,49.2,49.6,681.0,34.0,53.0,51.7
2025-10-19 09:00:00,2025,10,19,9,Hà Nội,Xã Tây Phương,21.0403672,105.6115528,162,Unhealthy,3,27.8,77,0.0,6.9,354,1014.0,17,34.0,34.3,531.0,22.6,85.0,45.4
2025-10-19 10:00:00,2025,10,19,10,Hà Nội,Xã Tây Phương,21.0403672,105.6115528,161,Unhealthy,3,29.1,72,0.0,9.8,17,1013.9,9,30.2,30.4,418.0,13.7,110.0,39.0
2025-10-19 11:00:00,2025,10,19,11,Hà Nội,Xã Tây Phương,21.0403672,105.6115528,161,Unhealthy,3,30.1,67,0.0,11.0,26,1013.1,31,28.1,28.3,370.0,9.4,121.0,32.2
2025-10-19 12:00:00,2025,10,19,12,Hà Nội,Xã Tây Phương,21.0403672,105.6115528,160,Unhealthy,3,30.5,64,0.0,10.4,32,1011.7,100,26.1,26.3,361.0,7.6,126.0,25.2
2025-10-19 13:00:00,2025,10,19,13,Hà Nội,Xã Tây Phương,21.0403672,105.6115528,160,Unhealthy,3,28.5,73,0.0,17.2,56,1011.1,80,26.9,27.0,375.0,6.9,129.0,20.4
2025-10-19 14:00:00,2025,10,19,14,Hà Nội,Xã Tây Phương,21.0403672,105.6115528,160,Unhealthy,3,27.7,78,0.6,1.8,127,1011.0,55,26.3,26.4,394.0,6.0,135.0,18.8
2025-10-19 15:00:00,2025,10,19,15,Hà Nội,Xã Tây Phương,21.0403672,105.6115528,159,Unhealthy,3,28.4,76,0.2,6.3,121,1010.5,27,27.2,27.2,438.0,6.3,139.0,19.3
2025-10-19 16:00:00,2025,10,19,16,Hà Nội,Xã Tây Phương,21.0403672,105.6115528,159,Unhealthy,3,28.3,75,0.0,2.3,18,1010.2,74,28.5,28.5,549.0,10.6,134.0,21.9
2025-10-19 17:00:00,2025,10,19,17,Hà Nội,Xã Tây Phương,21.0403672,105.6115528,158,Unhealthy,3,27.8,79,0.0,3.7,337,1010.4,15,33.4,33.5,822.0,22.8,111.0,27.8
2025-10-19 18:00:00,2025,10,19,18,Hà Nội,Xã Tây Phương,21.0403672,105.6115528,158,Unhealthy,3,26.4,85,0.0,4.2,350,1010.8,35,43.2,43.2,1163.0,39.0,78.0,35.6
2025-10-19 19:00:00,2025,10,19,19,Hà Nội,Xã Tây Phương,21.0403672,105.6115528,157,Unhealthy,3,25.1,92,1.8,7.5,345,1011.4,70,63.3,63.6,1330.0,50.7,59.0,41.9
2025-10-19 20:00:00,2025,10,19,20,Hà Nội,Xã Tây Phương,21.0403672,105.6115528,157,Unhealthy,3,24.4,94,2.1,12.4,318,1012.4,73,59.8,59.8,1167.0,45.5,58.0,39.0
2025-10-19 21:00:00,2025,10,19,21,Hà Nội,Xã Tây Phương,21.0403672,105.6115528,156,Unhealthy,3,23.9,96,0.3,9.2,325,1013.1,73,56.0,56.0,830.0,38.2,57.0,34.9
2025-10-19 22:00:00,2025,10,19,22,Hà Nội,Xã Tây Phương,21.0403672,105.6115528,156,Unhealthy,3,23.9,94,0.2,11.8,316,1013.1,30,38.8,38.8,554.0,31.9,56.0,31.1
2025-10-19 23:00:00,2025,10,19,23,Hà Nội,Xã Tây Phương,21.0403672,105.6115528,154,Unhealthy,3,23.4,94,0.0,12.2,313,1013.6,20,29.6,29.7,426.0,27.6,57.0,28.2
2025-10-20 00:00:00,2025,10,20,0,Hà Nội,Xã Tây Phương,21.0403672,105.6115528,152,Unhealthy,3,23.0,96,0.0,16.2,313,1013.8,39,28.3,28.4,359.0,24.2,58.0,25.6
2025-10-20 01:00:00,2025,10,20,1,Hà Nội,Xã Tây Phương,21.0403672,105.6115528,149,Unhealthy for Sensitive Groups,2,23.1,96,0.0,13.2,309,1012.6,96,28.6,28.7,317.0,21.7,57.0,23.5
2025-10-20 02:00:00,2025,10,20,2,Hà Nội,Xã Tây Phương,21.0403672,105.6115528,140,Unhealthy for Sensitive Groups,2,23.6,95,0.8,13.4,310,1012.2,45,28.9,29.0,290.0,20.1,53.0,21.7
2025-10-20 03:00:00,2025,10,20,3,Hà Nội,Xã Tây Phương,21.0403672,105.6115528,131,Unhealthy for Sensitive Groups,2,23.4,96,0.0,13.0,313,1012.1,27,29.8,29.9,289.0,19.5,47.0,20.3
2025-10-20 04:00:00,2025,10,20,4,Hà Nội,Xã Tây Phương,21.0403672,105.6115528,122,Unhealthy for Sensitive Groups,2,23.0,97,0.0,12.7,313,1012.4,33,30.9,30.9,312.0,19.9,42.0,20.6
2025-10-20 05:00:00,2025,10,20,5,Hà Nội,Xã Tây Phương,21.0403672,105.6115528,115,Unhealthy for Sensitive Groups,2,22.7,97,0.0,11.7,319,1013.1,32,32.7,32.7,378.0,22.7,35.0,24.2
2025-10-20 06:00:00,2025,10,20,6,Hà Nội,Xã Tây Phương,21.0403672,105.6115528,109,Unhealthy for Sensitive Groups,2,22.6,98,0.0,9.7,326,1013.9,24,36.4,36.6,470.0,26.6,29.0,29.3
2025-10-20 07:00:00,2025,10,20,7,Hà Nội,Xã Tây Phương,21.0403672,105.6115528,104,Unhealthy for Sensitive Groups,2,24.4,90,0.0,10.3,356,1014.1,14,36.3,36.3,528.0,26.7,31.0,32.7
2025-10-20 08:00:00,2025,10,20,8,Hà Nội,Xã Tây Phương,21.0403672,105.6115528,100,Moderate,1,26.0,70,0.0,14.7,24,1014.7,16,23.2,23.2,523.0,20.9,46.0,28.6
2025-10-20 09:00:00,2025,10,20,9,Hà Nội,Xã Tây Phương,21.0403672,105.6115528,98,Moderate,1,26.6,62,0.0,19.4,35,1015.1,11,17.8,17.8,485.0,13.0,66.0,22.9
2025-10-20 10:00:00,2025,10,20,10,Hà Nội,Xã Tây Phương,21.0403672,105.6115528,96,Moderate,1,27.4,60,0.0,17.9,34,1014.9,6,15.4,15.4,451.0,6.9,85.0,18.3
2025-10-20 11:00:00,2025,10,20,11,Hà Nội,Xã Tây Phương,21.0403672,105.6115528,95,Moderate,1,28.1,62,0.0,16.2,31,1014.2,5,14.8,14.8,430.0,4.5,101.0,15.9
2025-10-20 12:00:00,2025,10,20,12,Hà Nội,Xã Tây Phương,21.0403672,105.6115528,94,Moderate,1,28.6,60,0.0,15.8,32,1013.1,3,14.6,14.6,414.0,4.0,115.0,14.6
2025-10-20 13:00:00,2025,10,20,13,Hà Nội,Xã Tây Phương,21.0403672,105.6115528,93,Moderate,1,29.0,58,0.0,16.9,31,1012.1,1,12.7,12.7,413.0,4.4,122.0,14.0
2025-10-20 14:00:00,2025,10,20,14,Hà Nội,Xã Tây Phương,21.0403672,105.6115528,92,Moderate,1,29.3,56,0.0,16.8,38,1011.3,1,11.7,11.7,411.0,4.9,121.0,13.5
2025-10-20 15:00:00,2025,10,20,15,Hà Nội,Xã Tây Phương,21.0403672,105.6115528,90,Moderate,1,29.5,54,0.0,13.4,42,1010.5,5,11.8,11.8,424.0,6.4,113.0,13.7
2025-10-20 16:00:00,2025,10,20,16,Hà Nội,Xã Tây Phương,21.0403672,105.6115528,89,Moderate,1,29.2,57,0.0,12.5,36,1010.4,37,13.5,13.6,515.0,10.4,102.0,15.9
2025-10-20 17:00:00,2025,10,20,17,Hà Nội,Xã Tây Phương,21.0403672,105.6115528,88,Moderate,1,27.5,62,0.0,12.0,47,1010.6,14,18.0,18.0,780.0,19.1,86.0,21.6
2025-10-20 18:00:00,2025,10,20,18,Hà Nội,Xã Tây Phương,21.0403672,105.6115528,86,Moderate,1,26.2,65,0.0,11.3,63,1011.1,0,25.4,25.4,1122.0,30.4,67.0,29.3
2025-10-20 19:00:00,2025,10,20,19,Hà Nội,Xã Tây Phương,21.0403672,105.6115528,85,Moderate,1,25.2,70,0.0,8.2,52,1012.5,8,35.0,35.0,1313.0,34.7,51.0,34.1
2025-10-20 20:00:00,2025,10,20,20,Hà Nội,Xã Tây Phương,21.0403672,105.6115528,82,Moderate,1,25.1,69,0.0,10.1,46,1013.6,3,32.1,32.1,1220.0,31.0,49.0,31.7
2025-10-20 21:00:00,2025,10,20,21,Hà Nội,Xã Tây Phương,21.0403672,105.6115528,80,Moderate,1,24.5,69,0.0,9.5,44,1014.4,2,28.6,28.7,976.0,25.8,47.0,28.3
2025-10-20 22:00:00,2025,10,20,22,Hà Nội,Xã Tây Phương,21.0403672,105.6115528,77,Moderate,1,23.6,73,0.0,7.7,28,1015.2,13,28.1,28.2,750.0,22.2,45.0,25.8
2025-10-20 23:00:00,2025,10,20,23,Hà Nội,Xã Tây Phương,21.0403672,105.6115528,76,Moderate,1,23.1,74,0.0,8.3,18,1015.4,25,28.7,28.7,587.0,21.6,43.0,24.9
2025-10-21 00:00:00,2025,10,21,0,Hà Nội,Xã Tây Phương,21.0403672,105.6115528,76,Moderate,1,23.0,71,0.0,9.7,19,1015.5,14,29.3,29.3,443.0,22.6,41.0,24.9
2025-10-21 01:00:00,2025,10,21,1,Hà Nội,Xã Tây Phương,21.0403672,105.6115528,76,Moderate,1,23.1,72,0.0,11.0,21,1014.9,8,30.2,30.3,349.0,23.3,39.0,25.0
2025-10-21 02:00:00,2025,10,21,2,Hà Nội,Xã Tây Phương,21.0403672,105.6115528,76,Moderate,1,23.2,68,0.0,13.2,32,1014.6,4,30.6,30.6,337.0,23.3,37.0,25.1
2025-10-21 03:00:00,2025,10,21,3,Hà Nội,Xã Tây Phương,21.0403672,105.6115528,77,Moderate,1,22.8,67,0.0,15.1,28,1014.6,5,30.5,30.6,376.0,23.1,35.0,25.3
2025-10-21 04:00:00,2025,10,21,4,Hà Nội,Xã Tây Phương,21.0403672,105.6115528,77,Moderate,1,22.3,67,0.0,14.8,27,1014.5,3,29.8,29.8,408.0,22.7,33.0,25.6
2025-10-21 05:00:00,2025,10,21,5,Hà Nội,Xã Tây Phương,21.0403672,105.6115528,77,Moderate,1,22.0,68,0.0,14.8,24,1014.9,5,29.0,29.0,415.0,22.4,31.0,26.4
2025-10-21 06:00:00,2025,10,21,6,Hà Nội,Xã Tây Phương,21.0403672,105.6115528,76,Moderate,1,21.7,68,0.0,15.1,20,1015.6,7,28.6,28.6,416.0,22.0,30.0,27.2
2025-10-21 07:00:00,2025,10,21,7,Hà Nội,Xã Tây Phương,21.0403672,105.6115528,76,Moderate,1,23.1,66,0.0,15.7,24,1015.4,5,34.0,34.1,407.0,24.2,29.0,30.7
2025-10-21 08:00:00,2025,10,21,8,Hà Nội,Xã Tây Phương,21.0403672,105.6115528,75,Moderate,1,24.4,60,0.0,19.3,28,1016.3,7,24.3,24.3,383.0,19.1,42.0,26.4
2025-10-21 09:00:00,2025,10,21,9,Hà Nội,Xã Tây Phương,21.0403672,105.6115528,75,Moderate,1,24.9,56,0.0,22.5,27,1017.3,8,19.9,19.9,350.0,12.0,61.0,20.3
2025-10-21 10:00:00,2025,10,21,10,Hà Nội,Xã Tây Phương,21.0403672,105.6115528,76,Moderate,1,25.7,55,0.0,21.5,24,1017.4,5,18.0,18.0,324.0,6.5,77.0,15.3
2025-10-21 11:00:00,2025,10,21,11,Hà Nội,Xã Tây Phương,21.0403672,105.6115528,76,Moderate,1,26.3,54,0.0,21.7,26,1016.6,4,17.3,17.3,309.0,4.1,89.0,12.2
2025-10-21 12:00:00,2025,10,21,12,Hà Nội,Xã Tây Phương,21.0403672,105.6115528,76,Moderate,1,27.0,52,0.0,21.1,23,1015.8,0,16.5,16.5,302.0,3.3,98.0,10.1
2025-10-21 13:00:00,2025,10,21,13,Hà Nội,Xã Tây Phương,21.0403672,105.6115528,76,Moderate,1,27.4,51,0.0,21.9,20,1014.7,5,14.7,14.8,305.0,3.7,102.0,9.3
2025-10-21 14:00:00,2025,10,21,14,Hà Nội,Xã Tây Phương,21.0403672,105.6115528,76,Moderate,1,27.5,51,0.0,22.1,33,1013.8,9,13.7,13.8,320.0,5.1,99.0,9.8
2025-10-21 15:00:00,2025,10,21,15,Hà Nội,Xã Tây Phương,21.0403672,105.6115528,77,Moderate,1,28.3,48,0.0,24.5,22,1013.0,49,14.1,14.1,347.0,7.6,90.0,11.5
2025-10-21 16:00:00,2025,10,21,16,Hà Nội,Xã Tây Phương,21.0403672,105.6115528,77,Moderate,1,26.7,54,0.0,17.5,36,1013.4,97,16.0,16.1,383.0,11.5,81.0,14.3
2025-10-21 17:00:00,2025,10,21,17,Hà Nội,Xã Tây Phương,21.0403672,105.6115528,77,Moderate,1,25.9,57,0.0,15.1,41,1013.5,90,19.5,19.6,443.0,18.1,71.0,19.2
2025-10-21 18:00:00,2025,10,21,18,Hà Nội,Xã Tây Phương,21.0403672,105.6115528,77,Moderate,1,25.0,57,0.0,15.9,48,1014.4,63,23.7,23.8,514.0,26.1,59.0,25.2
2025-10-21 19:00:00,2025,10,21,19,Hà Nội,Xã Tây Phương,21.0403672,105.6115528,77,Moderate,1,24.6,59,0.0,13.8,47,1015.4,100,23.5,23.5,553.0,21.2,51.0,24.3
2025-10-21 20:00:00,2025,10,21,20,Hà Nội,Xã Tây Phương,21.0403672,105.6115528,76,Moderate,1,24.5,56,0.0,14.6,35,1016.1,69,25.7,25.7,535.0,22.4,48.0,25.6
2025-10-21 21:00:00,2025,10,21,21,Hà Nội,Xã Tây Phương,21.0403672,105.6115528,75,Moderate,1,23.6,58,0.0,12.7,29,1016.6,96,27.7,27.7,486.0,24.0,43.0,27.4
2025-10-21 22:00:00,2025,10,21,22,Hà Nội,Xã Tây Phương,21.0403672,105.6115528,75,Moderate,1,23.2,59,0.0,15.0,27,1016.5,70,30.9,30.9,441.0,25.0,40.0,28.4
2025-10-21 23:00:00,2025,10,21,23,Hà Nội,Xã Tây Phương,21.0403672,105.6115528,76,Moderate,1,23.3,57,0.0,18.1,30,1016.7,35,31.9,31.9,415.0,25.0,39.0,28.3
2025-10-22 00:00:00,2025,10,22,0,Hà Nội,Xã Tây Phương,21.0403672,105.6115528,76,Moderate,1,22.9,57,0.0,18.8,23,1016.6,73,30.7,30.9,394.0,24.3,38.0,27.4
2025-10-22 01:00:00,2025,10,22,1,Hà Nội,Xã Tây Phương,21.0403672,105.6115528,76,Moderate,1,22.3,60,0.0,16.2,38,1015.8,20,28.5,28.5,369.0,23.0,38.0,26.0
2025-10-22 02:00:00,2025,10,22,2,Hà Nội,Xã Tây Phương,21.0403672,105.6115528,76,Moderate,1,22.1,59,0.0,17.7,38,1015.6,96,22.6,22.6,327.0,20.5,38.0,23.5
2025-10-22 03:00:00,2025,10,22,3,Hà Nội,Xã Tây Phương,21.0403672,105.6115528,75,Moderate,1,21.9,59,0.0,16.9,33,1016.0,100,21.0,21.0,280.0,17.4,39.0,20.5
2025-10-22 04:00:00,2025,10,22,4,Hà Nội,Xã Tây Phương,21.0403672,105.6115528,74,Moderate,1,21.9,56,0.0,17.5,32,1016.5,100,20.8,20.8,260.0,15.4,40.0,18.7
2025-10-22 05:00:00,2025,10,22,5,Hà Nội,Xã Tây Phương,21.0403672,105.6115528,73,Moderate,1,21.6,55,0.0,19.1,25,1016.8,99,21.2,21.2,294.0,15.8,38.0,19.7
2025-10-22 06:00:00,2025,10,22,6,Hà Nội,Xã Tây Phương,21.0403672,105.6115528,73,Moderate,1,21.1,55,0.0,19.5,23,1017.3,99,21.9,21.9,353.0,17.3,37.0,22.1
2025-10-22 07:00:00,2025,10,22,7,Hà Nội,Xã Tây Phương,21.0403672,105.6115528,72,Moderate,1,21.4,57,0.0,17.7,20,1018.2,100,20.5,20.5,388.0,18.3,35.0,22.6
2025-10-22 08:00:00,2025,10,22,8,Hà Nội,Xã Tây Phương,21.0403672,105.6115528,71,Moderate,1,22.0,57,0.0,18.9,28,1018.8,100,16.8,16.8,369.0,15.1,44.0,19.9
2025-10-22 09:00:00,2025,10,22,9,Hà Nội,Xã Tây Phương,21.0403672,105.6115528,70,Moderate,1,22.8,54,0.0,18.0,34,1019.9,100,14.1,14.2,324.0,10.6,57.0,16.2
2025-10-22 10:00:00,2025,10,22,10,Hà Nội,Xã Tây Phương,21.0403672,105.6115528,70,Moderate,1,23.8,51,0.0,19.3,20,1019.8,100,13.4,13.4,288.0,7.0,70.0,13.3
2025-10-22 11:00:00,2025,10,22,11,Hà Nội,Xã Tây Phương,21.0403672,105.6115528,69,Moderate,1,24.5,50,0.0,21.1,23,1018.7,100,13.3,13.4,270.0,5.0,83.0,11.8
2025-10-22 12:00:00,2025,10,22,12,Hà Nội,Xã Tây Phương,21.0403672,105.6115528,69,Moderate,1,24.9,51,0.0,20.5,24,1017.5,100,13.8,13.9,260.0,4.0,96.0,11.0
2025-10-22 13:00:00,2025,10,22,13,Hà Nội,Xã Tây Phương,21.0403672,105.6115528,69,Moderate,1,25.4,50,0.0,20.6,25,1016.9,98,14.1,14.1,263.0,4.1,103.0,10.9
2025-10-22 14:00:00,2025,10,22,14,Hà Nội,Xã Tây Phương,21.0403672,105.6115528,69,Moderate,1,25.1,50,0.0,21.4,33,1015.9,99,12.7,12.7,280.0,5.3,101.0,11.2
2025-10-22 15:00:00,2025,10,22,15,Hà Nội,Xã Tây Phương,21.0403672,105.6115528,69,Moderate,1,25.0,51,0.0,21.1,50,1015.7,100,12.2,12.2,310.0,7.5,94.0,12.1
2025-10-22 16:00:00,2025,10,22,16,Hà Nội,Xã Tây Phương,21.0403672,105.6115528,68,Moderate,1,24.0,55,0.0,16.9,47,1015.7,100,15.3,15.4,356.0,11.2,85.0,14.2
2025-10-22 17:00:00,2025,10,22,17,Hà Nội,Xã Tây Phương,21.0403672,105.6115528,68,Moderate,1,23.5,59,0.0,10.3,57,1015.7,100,19.9,20.0,439.0,18.0,73.0,18.9
2025-10-22 18:00:00,2025,10,22,18,Hà Nội,Xã Tây Phương,21.0403672,105.6115528,68,Moderate,1,22.8,58,0.0,11.8,43,1015.9,100,24.6,24.7,538.0,26.2,59.0,24.8
2025-10-22 19:00:00,2025,10,22,19,Hà Nội,Xã Tây Phương,21.0403672,105.6115528,69,Moderate,1,23.1,57,0.0,15.1,45,1016.6,100,26.5,26.5,588.0,26.8,50.0,28.6
2025-10-22 20:00:00,2025,10,22,20,Hà Nội,Xã Tây Phương,21.0403672,105.6115528,69,Moderate,1,23.1,55,0.0,15.6,41,1017.4,100,25.6,25.6,548.0,24.6,50.0,27.0
2025-10-22 21:00:00,2025,10,22,21,Hà Nội,Xã Tây Phương,21.0403672,105.6115528,69,Moderate,1,22.8,55,0.0,15.4,44,1017.9,100,25.0,25.0,459.0,21.6,49.0,24.8
2025-10-22 22:00:00,2025,10,22,22,Hà Nội,Xã Tây Phương,21.0403672,105.6115528,69,Moderate,1,22.4,55,0.0,14.9,44,1018.4,100,24.6,24.6,383.0,18.7,49.0,22.6
2025-10-22 23:00:00,2025,10,22,23,Hà Nội,Xã Tây Phương,21.0403672,105.6115528,68,Moderate,1,22.2,54,0.0,17.1,37,1018.5,100,23.3,23.4,340.0,16.3,49.0,20.4
2025-10-23 00:00:00,2025,10,23,0,Hà Nội,Xã Tây Phương,21.0403672,105.6115528,67,Moderate,1,22.0,54,0.0,17.5,34,1018.3,100,21.6,21.7,310.0,14.1,50.0,18.3
2025-10-23 01:00:00,2025,10,23,1,Hà Nội,Xã Tây Phương,21.0403672,105.6115528,66,Moderate,1,21.7,56,0.0,14.4,34,1017.8,100,20.3,20.4,287.0,12.4,51.0,16.5
2025-10-23 02:00:00,2025,10,23,2,Hà Nội,Xã Tây Phương,21.0403672,105.6115528,66,Moderate,1,21.1,58,0.1,17.1,27,1017.5,100,19.4,19.6,269.0,11.2,52.0,15.1
2025-10-23 03:00:00,2025,10,23,3,Hà Nội,Xã Tây Phương,21.0403672,105.6115528,65,Moderate,1,20.2,61,0.2,18.1,27,1017.8,100,19.0,19.1,258.0,10.5,52.0,14.2
2025-10-23 04:00:00,2025,10,23,4,Hà Nội,Xã Tây Phương,21.0403672,105.6115528,65,Moderate,1,19.9,62,0.0,15.9,35,1018.0,100,19.0,19.2,261.0,10.7,52.0,14.0
2025-10-23 05:00:00,2025,10,23,5,Hà Nội,Xã Tây Phương,21.0403672,105.6115528,65,Moderate,1,20.0,57,0.0,17.8,34,1018.5,100,19.0,19.1,286.0,12.4,50.0,15.1
2025-10-23 06:00:00,2025,10,23,6,Hà Nội,Xã Tây Phương,21.0403672,105.6115528,65,Moderate,1,20.0,56,0.0,16.9,27,1018.9,100,19.7,19.8,324.0,15.0,47.0,17.0
2025-10-23 07:00:00,2025,10,23,7,Hà Nội,Xã Tây Phương,21.0403672,105.6115528,65,Moderate,1,19.8,62,0.0,16.8,25,1019.6,100,21.6,21.7,355.0,16.5,47.0,18.5
2025-10-23 08:00:00,2025,10,23,8,Hà Nội,Xã Tây Phương,21.0403672,105.6115528,65,Moderate,1,19.5,66,0.2,14.1,30,1020.4,100,21.2,21.4,371.0,15.9,49.0,18.8
2025-10-23 09:00:00,2025,10,23,9,Hà Nội,Xã Tây Phương,21.0403672,105.6115528,65,Moderate,1,19.1,71,0.3,12.5,39,1021.2,100,21.1,21.2,380.0,15.1,51.0,19.1
2025-10-23 10:00:00,2025,10,23,10,Hà Nội,Xã Tây Phương,21.0403672,105.6115528,66,Moderate,1,19.2,72,0.1,11.5,35,1021.1,100,19.3,19.4,380.0,14.0,54.0,18.9
2025-10-23 11:00:00,2025,10,23,11,Hà Nội,Xã Tây Phương,21.0403672,105.6115528,66,Moderate,1,20.0,67,0.0,9.2,16,1020.4,100,18.1,18.3,366.0,12.4,59.0,17.7
2025-10-23 12:00:00,2025,10,23,12,Hà Nội,Xã Tây Phương,21.0403672,105.6115528,67,Moderate,1,20.5,63,0.1,12.3,12,1019.5,100,17.2,17.4,344.0,10.5,65.0,16.0
2025-10-23 13:00:00,2025,10,23,13,Hà Nội,Xã Tây Phương,21.0403672,105.6115528,67,Moderate,1,20.4,67,0.0,15.0,10,1018.8,100,16.9,17.1,329.0,9.5,69.0,14.8
2025-10-23 14:00:00,2025,10,23,14,Hà Nội,Xã Tây Phương,21.0403672,105.6115528,67,Moderate,1,20.1,68,0.0,13.3,25,1018.4,100,17.2,17.4,324.0,9.1,72.0,14.1
2025-10-23 15:00:00,2025,10,23,15,Hà Nội,Xã Tây Phương,21.0403672,105.6115528,68,Moderate,1,20.2,66,0.0,13.7,34,1017.6,100,17.5,17.6,327.0,9.6,74.0,14.0
2025-10-23 16:00:00,2025,10,23,16,Hà Nội,Xã Tây Phương,21.0403672,105.6115528,68,Moderate,1,20.4,66,0.0,10.7,37,1017.8,100,18.4,18.6,347.0,12.3,71.0,15.8
2025-10-23 17:00:00,2025,10,23,17,Hà Nội,Xã Tây Phương,21.0403672,105.6115528,68,Moderate,1,20.4,65,0.0,11.5,31,1017.7,100,21.7,21.9,403.0,19.2,61.0,20.8
2025-10-23 18:00:00,2025,10,23,18,Hà Nội,Xã Tây Phương,21.0403672,105.6115528,69,Moderate,1,20.0,66,0.0,12.7,45,1018.0,100,27.2,27.4,476.0,28.4,47.0,27.7
2025-10-23 19:00:00,2025,10,23,19,Hà Nội,Xã Tây Phương,21.0403672,105.6115528,69,Moderate,1,20.8,68,0.0,11.1,48,1018.3,100,35.3,35.5,516.0,39.3,30.0,42.7
2025-10-23 20:00:00,2025,10,23,20,Hà Nội,Xã Tây Phương,21.0403672,105.6115528,70,Moderate,1,20.6,67,0.0,13.2,50,1019.0,96,34.3,34.6,488.0,39.2,29.0,45.0
2025-10-23 21:00:00,2025,10,23,21,Hà Nội,Xã Tây Phương,21.0403672,105.6115528,70,Moderate,1,20.4,67,0.0,12.9,48,1019.7,100,34.6,34.8,428.0,39.1,28.0,48.1
2025-10-23 22:00:00,2025,10,23,22,Hà Nội,Xã Tây Phương,21.0403672,105.6115528,71,Moderate,1,20.2,67,0.0,12.4,43,1019.9,100,35.3,35.5,389.0,39.0,27.0,49.8
2025-10-23 23:00:00,2025,10,23,23,Hà Nội,Xã Tây Phương,21.0403672,105.6115528,72,Moderate,1,20.1,69,0.0,10.6,42,1020.1,100,35.9,36.0,400.0,39.0,25.0,48.9
2025-10-24 00:00:00,2025,10,24,0,Hà Nội,Xã Tây Phương,21.0403672,105.6115528,73,Moderate,1,19.5,76,0.1,9.5,37,1019.8,100,35.5,35.7,433.0,38.9,23.0,46.7
2025-10-24 01:00:00,2025,10,24,1,Hà Nội,Xã Tây Phương,21.0403672,105.6115528,75,Moderate,1,19.0,84,0.0,8.3,30,1019.3,100,35.2,35.4,459.0,38.7,21.0,45.0
2025-10-24 02:00:00,2025,10,24,2,Hà Nội,Xã Tây Phương,21.0403672,105.6115528,76,Moderate,1,19.3,84,0.3,8.7,24,1018.7,100,34.2,34.5,460.0,37.9,21.0,44.5
2025-10-24 03:00:00,2025,10,24,3,Hà Nội,Xã Tây Phương,21.0403672,105.6115528,77,Moderate,1,19.2,84,0.0,10.0,26,1018.4,100,33.8,34.0,454.0,36.9,22.0,44.6
2025-10-24 04:00:00,2025,10,24,4,Hà Nội,Xã Tây Phương,21.0403672,105.6115528,78,Moderate,1,19.1,84,0.0,6.7,16,1018.5,100,33.6,33.9,465.0,36.4,22.0,45.4
2025-10-24 05:00:00,2025,10,24,5,Hà Nội,Xã Tây Phương,21.0403672,105.6115528,80,Moderate,1,19.1,84,0.0,6.6,11,1018.4,100,33.8,34.0,518.0,37.6,21.0,48.2
2025-10-24 06:00:00,2025,10,24,6,Hà Nội,Xã Tây Phương,21.0403672,105.6115528,81,Moderate,1,19.2,83,0.0,5.4,6,1019.0,100,35.0,35.3,588.0,39.4,19.0,51.7
2025-10-24 07:00:00,2025,10,24,7,Hà Nội,Xã Tây Phương,21.0403672,105.6115528,82,Moderate,1,20.1,86,0.0,4.8,11,1019.5,100,38.1,38.3,622.0,38.2,20.0,52.3
2025-10-24 08:00:00,2025,10,24,8,Hà Nội,Xã Tây Phương,21.0403672,105.6115528,84,Moderate,1,20.6,82,0.0,7.5,17,1019.9,100,37.3,37.6,586.0,34.5,25.0,48.1
2025-10-24 09:00:00,2025,10,24,9,Hà Nội,Xã Tây Phương,21.0403672,105.6115528,85,Moderate,1,20.9,81,0.0,7.4,1,1020.5,100,35.5,35.9,514.0,29.4,32.0,42.3
2025-10-24 10:00:00,2025,10,24,10,Hà Nội,Xã Tây Phương,21.0403672,105.6115528,87,Moderate,1,21.4,73,0.0,9.9,4,1020.5,100,33.3,33.6,453.0,25.2,38.0,37.6
2025-10-24 11:00:00,2025,10,24,11,Hà Nội,Xã Tây Phương,21.0403672,105.6115528,88,Moderate,1,21.6,69,0.1,9.9,1,1019.6,93,32.0,32.4,419.0,22.8,43.0,34.8
2025-10-24 12:00:00,2025,10,24,12,Hà Nội,Xã Tây Phương,21.0403672,105.6115528,89,Moderate,1,23.0,62,0.0,12.6,5,1018.4,100,31.0,31.2,397.0,21.4,48.0,32.9
2025-10-24 13:00:00,2025,10,24,13,Hà Nội,Xã Tây Phương,21.0403672,105.6115528,90,Moderate,1,21.3,72,0.0,9.1,346,1018.0,100,30.4,30.7,388.0,20.9,52.0,32.3
2025-10-24 14:00:00,2025,10,24,14,Hà Nội,Xã Tây Phương,21.0403672,105.6115528,91,Moderate,1,21.4,76,0.3,7.7,330,1017.2,100,31.2,31.5,392.0,21.1,56.0,33.2
2025-10-24 15:00:00,2025,10,24,15,Hà Nội,Xã Tây Phương,21.0403672,105.6115528,93,Moderate,1,21.5,75,0.3,9.1,339,1016.7,100,33.1,33.4,409.0,22.3,59.0,35.3
2025-10-24 16:00:00,2025,10,24,16,Hà Nội,Xã Tây Phương,21.0403672,105.6115528,94,Moderate,1,21.0,80,0.1,7.9,325,1016.4,100,34.8,35.2,440.0,25.1,58.0,37.4
2025-10-24 17:00:00,2025,10,24,17,Hà Nội,Xã Tây Phương,21.0403672,105.6115528,96,Moderate,1,20.7,85,0.3,8.9,328,1016.6,100,36.6,36.8,496.0,31.0,49.0,39.3
2025-10-24 18:00:00,2025,10,24,18,Hà Nội,Xã Tây Phương,21.0403672,105.6115528,97,Moderate,1,20.2,86,0.0,8.5,306,1016.7,100,41.1,41.3,565.0,38.5,36.0,41.3
2025-10-24 19:00:00,2025,10,24,19,Hà Nội,Xã Tây Phương,21.0403672,105.6115528,98,Moderate,1,20.2,88,0.0,7.4,321,1017.2,100,48.5,48.9,612.0,44.7,23.0,43.8
2025-10-24 20:00:00,2025,10,24,20,Hà Nội,Xã Tây Phương,21.0403672,105.6115528,99,Moderate,1,20.3,90,0.3,8.1,315,1017.5,98,47.1,47.4,624.0,43.7,22.0,44.0
2025-10-24 21:00:00,2025,10,24,21,Hà Nội,Xã Tây Phương,21.0403672,105.6115528,101,Unhealthy for Sensitive Groups,2,20.0,94,0.0,8.0,318,1017.6,98,47.1,47.5,614.0,42.3,21.0,44.1
2025-10-24 22:00:00,2025,10,24,22,Hà Nội,Xã Tây Phương,21.0403672,105.6115528,102,Unhealthy for Sensitive Groups,2,19.8,95,0.0,7.7,311,1017.7,100,48.3,48.5,590.0,40.9,20.0,43.6
2025-10-24 23:00:00,2025,10,24,23,Hà Nội,Xã Tây Phương,21.0403672,105.6115528,103,Unhealthy for Sensitive Groups,2,20.0,93,0.0,8.4,315,1017.7,100,48.3,48.7,547.0,39.7,19.0,41.8
2025-10-25 00:00:00,2025,10,25,0,Hà Nội,Xã Tây Phương,21.0403672,105.6115528,104,Unhealthy for Sensitive Groups,2,19.9,95,0.0,7.6,313,1017.4,100,46.9,47.3,491.0,38.5,18.0,39.4
2025-10-25 01:00:00,2025,10,25,1,Hà Nội,Xã Tây Phương,21.0403672,105.6115528,106,Unhealthy for Sensitive Groups,2,19.9,95,0.0,7.9,315,1016.9,100,46.1,46.4,444.0,37.4,18.0,37.6
2025-10-25 02:00:00,2025,10,25,2,Hà Nội,Xã Tây Phương,21.0403672,105.6115528,107,Unhealthy for Sensitive Groups,2,19.9,95,0.0,7.6,315,1016.6,100,45.3,45.6,406.0,36.3,18.0,36.9
2025-10-25 03:00:00,2025,10,25,3,Hà Nội,Xã Tây Phương,21.0403672,105.6115528,108,Unhealthy for Sensitive Groups,2,20.0,95,0.0,7.1,313,1016.4,100,44.5,44.8,377.0,35.3,18.0,36.9
2025-10-25 04:00:00,2025,10,25,4,Hà Nội,Xã Tây Phương,21.0403672,105.6115528,109,Unhealthy for Sensitive Groups,2,20.0,95,0.0,7.5,316,1016.0,100,43.5,43.9,380.0,34.7,18.0,37.5
2025-10-25 05:00:00,2025,10,25,5,Hà Nội,Xã Tây Phương,21.0403672,105.6115528,110,Unhealthy for Sensitive Groups,2,20.1,95,0.0,7.9,325,1015.8,100,43.8,44.0,445.0,35.2,17.0,39.4
2025-10-25 06:00:00,2025,10,25,6,Hà Nội,Xã Tây Phương,21.0403672,105.6115528,111,Unhealthy for Sensitive Groups,2,20.1,94,0.0,7.6,332,1016.4,100,45.6,46.0,542.0,36.1,16.0,42.0
2025-10-25 07:00:00,2025,10,25,7,Hà Nội,Xã Tây Phương,21.0403672,105.6115528,112,Unhealthy for Sensitive Groups,2,20.9,93,0.0,8.9,347,1017.2,100,35.0,35.2,604.0,36.3,18.0,40.2
2025-10-25 08:00:00,2025,10,25,8,Hà Nội,Xã Tây Phương,21.0403672,105.6115528,112,Unhealthy for Sensitive Groups,2,21.5,90,0.0,5.5,347,1017.9,100,32.6,32.8,598.0,32.2,27.0,39.3
2025-10-25 09:00:00,2025,10,25,9,Hà Nội,Xã Tây Phương,21.0403672,105.6115528,111,Unhealthy for Sensitive Groups,2,22.5,76,0.0,4.9,10,1018.7,100,30.3,30.4,558.0,26.5,40.0,38.1
2025-10-25 10:00:00,2025,10,25,10,Hà Nội,Xã Tây Phương,21.0403672,105.6115528,111,Unhealthy for Sensitive Groups,2,23.1,67,0.0,8.3,22,1018.6,100,28.6,28.9,515.0,21.3,55.0,36.4
2025-10-25 11:00:00,2025,10,25,11,Hà Nội,Xã Tây Phương,21.0403672,105.6115528,110,Unhealthy for Sensitive Groups,2,23.8,62,0.0,8.1,12,1018.0,100,28.4,28.6,473.0,17.1,72.0,34.2
2025-10-25 12:00:00,2025,10,25,12,Hà Nội,Xã Tây Phương,21.0403672,105.6115528,110,Unhealthy for Sensitive Groups,2,24.2,61,0.0,7.2,359,1017.0,100,29.2,29.4,429.0,13.4,91.0,31.6
2025-10-25 13:00:00,2025,10,25,13,Hà Nội,Xã Tây Phương,21.0403672,105.6115528,110,Unhealthy for Sensitive Groups,2,24.8,59,0.0,7.2,357,1016.0,100,30.7,31.0,408.0,10.9,105.0,29.3
2025-10-25 14:00:00,2025,10,25,14,Hà Nội,Xã Tây Phương,21.0403672,105.6115528,110,Unhealthy for Sensitive Groups,2,25.0,60,0.0,8.3,340,1015.1,64,32.5,32.7,410.0,9.5,113.0,27.2
2025-10-25 15:00:00,2025,10,25,15,Hà Nội,Xã Tây Phương,21.0403672,105.6115528,110,Unhealthy for Sensitive Groups,2,25.0,63,0.0,9.3,331,1014.5,100,34.1,34.3,436.0,9.4,117.0,25.4
2025-10-25 16:00:00,2025,10,25,16,Hà Nội,Xã Tây Phương,21.0403672,105.6115528,110,Unhealthy for Sensitive Groups,2,24.5,66,0.0,8.6,327,1014.3,12,34.9,35.3,505.0,11.8,113.0,25.2
2025-10-25 17:00:00,2025,10,25,17,Hà Nội,Xã Tây Phương,21.0403672,105.6115528,110,Unhealthy for Sensitive Groups,2,23.5,75,0.0,4.1,326,1014.4,11,40.3,40.5,674.0,18.9,97.0,28.1
2025-10-25 18:00:00,2025,10,25,18,Hà Nội,Xã Tây Phương,21.0403672,105.6115528,110,Unhealthy for Sensitive Groups,2,22.0,80,0.0,4.5,299,1014.7,5,45.6,45.8,887.0,28.6,73.0,32.7
2025-10-25 19:00:00,2025,10,25,19,Hà Nội,Xã Tây Phương,21.0403672,105.6115528,111,Unhealthy for Sensitive Groups,2,22.0,79,0.0,6.6,305,1015.7,23,49.2,49.4,1001.0,36.8,50.0,38.5
2025-10-25 20:00:00,2025,10,25,20,Hà Nội,Xã Tây Phương,21.0403672,105.6115528,111,Unhealthy for Sensitive Groups,2,22.0,79,0.0,7.0,310,1016.4,90,48.2,48.4,923.0,35.6,47.0,37.3
2025-10-25 21:00:00,2025,10,25,21,Hà Nội,Xã Tây Phương,21.0403672,105.6115528,111,Unhealthy for Sensitive Groups,2,22.2,77,0.0,7.6,304,1016.7,100,48.3,48.5,746.0,34.0,42.0,35.6
2025-10-25 22:00:00,2025,10,25,22,Hà Nội,Xã Tây Phương,21.0403672,105.6115528,111,Unhealthy for Sensitive Groups,2,22.4,77,0.0,7.5,305,1016.6,100,50.2,50.4,599.0,32.8,37.0,33.7
2025-10-25 23:00:00,2025,10,25,23,Hà Nội,Xã Tây Phương,21.0403672,105.6115528,111,Unhealthy for Sensitive Groups,2,22.5,77,0.0,7.0,316,1016.5,98,51.7,51.9,528.0,32.4,33.0,31.3
2025-10-26 00:00:00,2025,10,26,0,Hà Nội,Xã Tây Phương,21.0403672,105.6115528,112,Unhealthy for Sensitive Groups,2,22.1,81,0.0,6.9,327,1016.3,99,51.7,51.9,487.0,32.5,28.0,28.8
2025-10-26 01:00:00,2025,10,26,1,Hà Nội,Xã Tây Phương,21.0403672,105.6115528,112,Unhealthy for Sensitive Groups,2,22.0,85,0.0,6.2,319,1016.4,100,52.3,52.5,471.0,32.8,25.0,27.2
2025-10-26 02:00:00,2025,10,26,2,Hà Nội,Xã Tây Phương,21.0403672,105.6115528,113,Unhealthy for Sensitive Groups,2,21.9,86,0.0,5.3,332,1015.8,100,53.9,54.1,476.0,33.2,22.0,26.8
2025-10-26 03:00:00,2025,10,26,3,Hà Nội,Xã Tây Phương,21.0403672,105.6115528,114,Unhealthy for Sensitive Groups,2,21.7,87,0.0,5.1,350,1015.6,84,55.8,56.0,506.0,33.7,21.0,27.4
2025-10-26 04:00:00,2025,10,26,4,Hà Nội,Xã Tây Phương,21.0403672,105.6115528,115,Unhealthy for Sensitive Groups,2,21.2,90,0.0,4.9,350,1015.4,97,58.0,58.2,562.0,34.8,20.0,29.2
2025-10-26 05:00:00,2025,10,26,5,Hà Nội,Xã Tây Phương,21.0403672,105.6115528,117,Unhealthy for Sensitive Groups,2,21.4,89,0.0,5.9,346,1015.5,98,60.5,60.8,685.0,37.7,19.0,33.5
2025-10-26 06:00:00,2025,10,26,6,Hà Nội,Xã Tây Phương,21.0403672,105.6115528,118,Unhealthy for Sensitive Groups,2,21.5,85,0.0,6.0,5,1016.2,100,65.4,65.7,834.0,41.1,19.0,39.0
2025-10-26 07:00:00,2025,10,26,7,Hà Nội,Xã Tây Phương,21.0403672,105.6115528,120,Unhealthy for Sensitive Groups,2,22.4,76,0.0,8.5,17,1017.3,100,54.9,55.1,890.0,36.0,25.0,39.7
2025-10-26 08:00:00,2025,10,26,8,Hà Nội,Xã Tây Phương,21.0403672,105.6115528,122,Unhealthy for Sensitive Groups,2,23.1,70,0.0,8.5,27,1018.0,100,38.1,38.2,766.0,29.6,39.0,37.4
2025-10-26 09:00:00,2025,10,26,9,Hà Nội,Xã Tây Phương,21.0403672,105.6115528,123,Unhealthy for Sensitive Groups,2,23.8,65,0.0,12.9,33,1018.5,100,28.7,28.8,549.0,20.8,59.0,34.3
2025-10-26 10:00:00,2025,10,26,10,Hà Nội,Xã Tây Phương,21.0403672,105.6115528,123,Unhealthy for Sensitive Groups,2,24.2,63,0.0,12.2,26,1018.6,98,26.8,27.0,386.0,13.9,77.0,31.6
2025-10-26 11:00:00,2025,10,26,11,Hà Nội,Xã Tây Phương,21.0403672,105.6115528,123,Unhealthy for Sensitive Groups,2,25.1,60,0.0,11.2,18,1017.5,89,26.6,26.7,340.0,10.8,92.0,30.0
2025-10-26 12:00:00,2025,10,26,12,Hà Nội,Xã Tây Phương,21.0403672,105.6115528,122,Unhealthy for Sensitive Groups,2,25.9,59,0.0,10.4,21,1016.3,51,26.7,26.8,347.0,9.7,106.0,28.9
2025-10-26 13:00:00,2025,10,26,13,Hà Nội,Xã Tây Phương,21.0403672,105.6115528,122,Unhealthy for Sensitive Groups,2,26.5,58,0.0,9.1,17,1015.2,63,27.1,27.3,361.0,9.4,115.0,28.1
2025-10-26 14:00:00,2025,10,26,14,Hà Nội,Xã Tây Phương,21.0403672,105.6115528,122,Unhealthy for Sensitive Groups,2,26.9,58,0.0,8.6,16,1014.2,69,27.5,27.6,345.0,7.8,121.0,26.7
2025-10-26 15:00:00,2025,10,26,15,Hà Nội,Xã Tây Phương,21.0403672,105.6115528,121,Unhealthy for Sensitive Groups,2,27.0,59,0.0,6.9,20,1013.7,3,27.2,27.3,337.0,7.0,123.0,25.8
2025-10-26 16:00:00,2025,10,26,16,Hà Nội,Xã Tây Phương,21.0403672,105.6115528,121,Unhealthy for Sensitive Groups,2,26.7,61,0.0,5.2,16,1013.6,5,27.4,27.5,403.0,12.6,116.0,27.9
2025-10-26 17:00:00,2025,10,26,17,Hà Nội,Xã Tây Phương,21.0403672,105.6115528,120,Unhealthy for Sensitive Groups,2,25.9,74,0.0,0.8,333,1013.7,1,36.0,36.1,588.0,30.7,93.0,35.9
2025-10-26 18:00:00,2025,10,26,18,Hà Nội,Xã Tây Phương,21.0403672,105.6115528,119,Unhealthy for Sensitive Groups,2,24.0,76,0.0,2.3,238,1014.1,1,60.3,60.5,847.0,55.2,61.0,47.1
2025-10-26 19:00:00,2025,10,26,19,Hà Nội,Xã Tây Phương,21.0403672,105.6115528,121,Unhealthy for Sensitive Groups,2,24.9,73,0.0,2.0,85,1016.0,100,69.2,69.2,1118.0,65.7,42.0,57.5
2025-10-26 20:00:00,2025,10,26,20,Hà Nội,Xã Tây Phương,21.0403672,105.6115528,123,Unhealthy for Sensitive Groups,2,24.7,71,0.0,4.9,62,1016.7,95,75.4,75.7,1466.0,63.4,39.0,59.2
2025-10-26 21:00:00,2025,10,26,21,Hà Nội,Xã Tây Phương,21.0403672,105.6115528,126,Unhealthy for Sensitive Groups,2,24.0,73,0.0,7.1,54,1017.0,64,73.1,73.1,1825.0,59.9,34.0,61.2
2025-10-26 22:00:00,2025,10,26,22,Hà Nội,Xã Tây Phương,21.0403672,105.6115528,128,Unhealthy for Sensitive Groups,2,23.4,74,0.0,7.5,46,1017.1,100,65.0,65.0,1933.0,55.5,31.0,60.5
2025-10-26 23:00:00,2025,10,26,23,Hà Nội,Xã Tây Phương,21.0403672,105.6115528,130,Unhealthy for Sensitive Groups,2,23.4,72,0.0,9.8,36,1017.2,95,53.4,53.4,1566.0,49.4,30.0,54.4
2025-10-27 00:00:00,2025,10,27,0,Hà Nội,Xã Tây Phương,21.0403672,105.6115528,130,Unhealthy for Sensitive Groups,2,23.2,70,0.0,12.3,31,1017.1,98,44.5,44.6,949.0,42.5,29.0,45.6
2025-10-27 01:00:00,2025,10,27,1,Hà Nội,Xã Tây Phương,21.0403672,105.6115528,129,Unhealthy for Sensitive Groups,2,22.9,70,0.0,12.2,28,1016.9,97,39.5,39.6,493.0,37.1,29.0,38.7
2025-10-27 02:00:00,2025,10,27,2,Hà Nội,Xã Tây Phương,21.0403672,105.6115528,128,Unhealthy for Sensitive Groups,2,22.5,71,0.0,11.1,27,1016.7,63,37.6,37.6,382.0,34.6,28.0,35.8
2025-10-27 03:00:00,2025,10,27,3,Hà Nội,Xã Tây Phương,21.0403672,105.6115528,126,Unhealthy for Sensitive Groups,2,22.1,70,0.0,11.6,21,1016.4,12,36.9,37.0,432.0,33.7,27.0,35.0
2025-10-27 04:00:00,2025,10,27,4,Hà Nội,Xã Tây Phương,21.0403672,105.6115528,124,Unhealthy for Sensitive Groups,2,21.8,69,0.0,11.3,20,1016.1,23,36.0,36.1,499.0,33.2,26.0,34.9
2025-10-27 05:00:00,2025,10,27,5,Hà Nội,Xã Tây Phương,21.0403672,105.6115528,122,Unhealthy for Sensitive Groups,2,21.2,69,0.0,9.7,25,1016.4,23,35.0,35.2,554.0,33.6,24.0,36.1
2025-10-27 06:00:00,2025,10,27,6,Hà Nội,Xã Tây Phương,21.0403672,105.6115528,119,Unhealthy for Sensitive Groups,2,20.7,72,0.0,6.9,30,1017.3,48,35.0,35.0,625.0,34.4,23.0,38.1
2025-10-27 07:00:00,2025,10,27,7,Hà Nội,Xã Tây Phương,21.0403672,105.6115528,116,Unhealthy for Sensitive Groups,2,21.5,71,0.0,9.3,34,1018.2,100,31.4,31.4,654.0,34.4,24.0,37.9
2025-10-27 08:00:00,2025,10,27,8,Hà Nội,Xã Tây Phương,21.0403672,105.6115528,114,Unhealthy for Sensitive Groups,2,22.5,66,0.0,11.3,31,1018.8,99,20.5,20.6,599.0,28.0,35.0,33.4
2025-10-27 09:00:00,2025,10,27,9,Hà Nội,Xã Tây Phương,21.0403672,105.6115528,112,Unhealthy for Sensitive Groups,2,22.9,61,0.0,14.7,23,1019.0,100,12.7,12.7,501.0,19.2,52.0,27.1
2025-10-27 10:00:00,2025,10,27,10,Hà Nội,Xã Tây Phương,21.0403672,105.6115528,110,Unhealthy for Sensitive Groups,2,23.5,59,0.0,14.6,19,1019.1,100,12.0,12.0,422.0,12.2,68.0,22.3
2025-10-27 11:00:00,2025,10,27,11,Hà Nội,Xã Tây Phương,21.0403672,105.6115528,109,Unhealthy for Sensitive Groups,2,24.1,58,0.0,13.3,10,1018.1,96,12.2,12.3,387.0,8.9,84.0,20.2
2025-10-27 12:00:00,2025,10,27,12,Hà Nội,Xã Tây Phương,21.0403672,105.6115528,107,Unhealthy for Sensitive Groups,2,24.8,58,0.0,10.1,6,1017.1,99,13.7,13.7,372.0,7.4,101.0,19.6
2025-10-27 13:00:00,2025,10,27,13,Hà Nội,Xã Tây Phương,21.0403672,105.6115528,106,Unhealthy for Sensitive Groups,2,27.0,55,0.0,11.2,19,1016.0,1,15.0,15.0,365.0,6.9,114.0,19.4
2025-10-27 14:00:00,2025,10,27,14,Hà Nội,Xã Tây Phương,21.0403672,105.6115528,105,Unhealthy for Sensitive Groups,2,27.5,54,0.0,9.5,19,1015.0,1,16.2,16.2,330.0,5.0,124.0,18.5
2025-10-27 15:00:00,2025,10,27,15,Hà Nội,Xã Tây Phương,21.0403672,105.6115528,103,Unhealthy for Sensitive Groups,2,27.4,54,0.0,9.6,17,1014.4,5,16.8,16.9,303.0,4.0,130.0,18.1
2025-10-27 16:00:00,2025,10,27,16,Hà Nội,Xã Tây Phương,21.0403672,105.6115528,102,Unhealthy for Sensitive Groups,2,26.8,57,0.0,7.7,25,1014.0,1,17.7,17.7,388.0,9.7,126.0,21.0
2025-10-27 17:00:00,2025,10,27,17,Hà Nội,Xã Tây Phương,21.0403672,105.6115528,101,Unhealthy for Sensitive Groups,2,25.4,73,0.0,3.5,55,1014.2,2,24.3,24.3,676.0,28.3,103.0,29.7
2025-10-27 18:00:00,2025,10,27,18,Hà Nội,Xã Tây Phương,21.0403672,105.6115528,100,Moderate,1,24.5,70,0.0,0.8,117,1014.8,9,47.8,47.8,1075.0,53.5,69.0,41.7
2025-10-27 19:00:00,2025,10,27,19,Hà Nội,Xã Tây Phương,21.0403672,105.6115528,99,Moderate,1,22.9,79,0.0,3.8,295,1015.2,100,79.6,79.6,1411.0,78.8,33.0,55.8
2025-10-27 20:00:00,2025,10,27,20,Hà Nội,Xã Tây Phương,21.0403672,105.6115528,100,Moderate,1,23.9,79,0.0,1.3,262,1016.0,100,94.3,94.8,1665.0,81.6,27.0,61.6
2025-10-27 21:00:00,2025,10,27,21,Hà Nội,Xã Tây Phương,21.0403672,105.6115528,102,Unhealthy for Sensitive Groups,2,23.9,77,0.0,2.3,86,1016.5,100,101.3,102.2,1856.0,85.1,19.0,69.2
2025-10-27 22:00:00,2025,10,27,22,Hà Nội,Xã Tây Phương,21.0403672,105.6115528,105,Unhealthy for Sensitive Groups,2,23.3,79,0.0,3.7,79,1016.6,92,104.1,104.8,1860.0,86.0,13.0,72.7
2025-10-27 23:00:00,2025,10,27,23,Hà Nội,Xã Tây Phương,21.0403672,105.6115528,109,Unhealthy for Sensitive Groups,2,22.5,83,0.0,3.7,35,1016.9,69,102.4,103.1,1537.0,82.2,11.0,68.1
2025-10-28 00:00:00,2025,10,28,0,Hà Nội,Xã Tây Phương,21.0403672,105.6115528,114,Unhealthy for Sensitive Groups,2,21.8,82,0.0,7.3,11,1016.9,98,92.0,92.2,1027.0,75.6,11.0,59.3
2025-10-28 01:00:00,2025,10,28,1,Hà Nội,Xã Tây Phương,21.0403672,105.6115528,119,Unhealthy for Sensitive Groups,2,22.7,77,0.0,7.4,18,1016.6,100,78.5,78.5,630.0,68.7,12.0,51.9
2025-10-28 02:00:00,2025,10,28,2,Hà Nội,Xã Tây Phương,21.0403672,105.6115528,123,Unhealthy for Sensitive Groups,2,22.9,72,0.0,8.5,35,1016.4,100,68.7,68.7,453.0,61.5,14.0,47.7
2025-10-28 03:00:00,2025,10,28,3,Hà Nội,Xã Tây Phương,21.0403672,105.6115528,126,Unhealthy for Sensitive Groups,2,22.8,71,0.0,9.5,29,1016.4,100,62.9,62.9,388.0,53.9,17.0,45.0
2025-10-28 04:00:00,2025,10,28,4,Hà Nội,Xã Tây Phương,21.0403672,105.6115528,129,Unhealthy for Sensitive Groups,2,22.8,68,0.0,12.2,24,1016.5,100,58.3,58.3,415.0,48.4,20.0,44.1
2025-10-28 05:00:00,2025,10,28,5,Hà Nội,Xã Tây Phương,21.0403672,105.6115528,131,Unhealthy for Sensitive Groups,2,22.9,65,0.0,12.1,21,1016.4,100,56.0,56.0,601.0,47.5,21.0,47.2
2025-10-28 06:00:00,2025,10,28,6,Hà Nội,Xã Tây Phương,21.0403672,105.6115528,133,Unhealthy for Sensitive Groups,2,22.7,65,0.0,11.2,28,1017.3,100,57.7,57.7,878.0,48.6,22.0,52.1
2025-10-28 07:00:00,2025,10,28,7,Hà Nội,Xã Tây Phương,21.0403672,105.6115528,136,Unhealthy for Sensitive Groups,2,22.9,68,0.0,10.0,20,1017.7,100,52.7,53.9,1025.0,49.4,20.0,48.4
2025-10-28 08:00:00,2025,10,28,8,Hà Nội,Xã Tây Phương,21.0403672,105.6115528,138,Unhealthy for Sensitive Groups,2,23.9,66,0.0,10.5,17,1018.3,100,45.5,46.1,903.0,39.2,33.0,42.7
2025-10-28 09:00:00,2025,10,28,9,Hà Nội,Xã Tây Phương,21.0403672,105.6115528,141,Unhealthy for Sensitive Groups,2,24.5,57,0.0,14.8,21,1018.6,100,17.4,17.5,652.0,25.2,51.0,34.7
2025-10-28 10:00:00,2025,10,28,10,Hà Nội,Xã Tây Phương,21.0403672,105.6115528,141,Unhealthy for Sensitive Groups,2,25.0,55,0.0,15.0,23,1018.8,100,13.7,13.8,464.0,14.1,69.0,28.0
2025-10-28 11:00:00,2025,10,28,11,Hà Nội,Xã Tây Phương,21.0403672,105.6115528,141,Unhealthy for Sensitive Groups,2,25.7,53,0.0,12.8,28,1017.7,100,13.3,13.4,425.0,9.0,87.0,23.7
2025-10-28 12:00:00,2025,10,28,12,Hà Nội,Xã Tây Phương,21.0403672,105.6115528,141,Unhealthy for Sensitive Groups,2,26.0,55,0.0,12.2,38,1016.6,100,14.1,14.2,449.0,6.8,106.0,20.7
2025-10-28 13:00:00,2025,10,28,13,Hà Nội,Xã Tây Phương,21.0403672,105.6115528,141,Unhealthy for Sensitive Groups,2,26.9,54,0.0,11.6,44,1015.6,99,14.6,14.8,480.0,6.0,119.0,18.8
2025-10-28 14:00:00,2025,10,28,14,Hà Nội,Xã Tây Phương,21.0403672,105.6115528,141,Unhealthy for Sensitive Groups,2,26.9,54,0.0,11.3,46,1014.6,97,15.0,15.0,478.0,4.1,127.0,17.4
2025-10-28 15:00:00,2025,10,28,15,Hà Nội,Xã Tây Phương,21.0403672,105.6115528,141,Unhealthy for Sensitive Groups,2,26.7,54,0.0,11.0,50,1014.2,100,15.1,15.2,482.0,3.5,130.0,17.2
2025-10-28 16:00:00,2025,10,28,16,Hà Nội,Xã Tây Phương,21.0403672,105.6115528,141,Unhealthy for Sensitive Groups,2,26.1,60,0.0,7.5,66,1014.2,95,15.7,15.7,550.0,9.3,124.0,20.2
2025-10-28 17:00:00,2025,10,28,17,Hà Nội,Xã Tây Phương,21.0403672,105.6115528,141,Unhealthy for Sensitive Groups,2,24.8,72,0.0,3.6,117,1014.3,88,23.2,23.3,742.0,27.1,101.0,28.5
2025-10-28 18:00:00,2025,10,28,18,Hà Nội,Xã Tây Phương,21.0403672,105.6115528,141,Unhealthy for Sensitive Groups,2,23.2,72,0.0,3.9,164,1014.4,82,45.1,45.2,999.0,51.2,68.0,40.1
2025-10-28 19:00:00,2025,10,28,19,Hà Nội,Xã Tây Phương,21.0403672,105.6115528,141,Unhealthy for Sensitive Groups,2,23.6,70,0.0,4.7,196,1015.3,100,62.6,62.9,1197.0,64.1,37.0,46.9
2025-10-28 20:00:00,2025,10,28,20,Hà Nội,Xã Tây Phương,21.0403672,105.6115528,139,Unhealthy for Sensitive Groups,2,23.8,70,0.0,3.3,193,1015.8,100,73.6,73.8,1292.0,68.4,30.0,52.4
2025-10-28 21:00:00,2025,10,28,21,Hà Nội,Xã Tây Phương,21.0403672,105.6115528,137,Unhealthy for Sensitive Groups,2,23.6,73,0.0,3.3,144,1015.9,99,81.0,81.3,1329.0,74.2,21.0,59.9
2025-10-28 22:00:00,2025,10,28,22,Hà Nội,Xã Tây Phương,21.0403672,105.6115528,134,Unhealthy for Sensitive Groups,2,23.1,73,0.0,4.0,85,1015.9,99,86.4,86.6,1321.0,77.5,14.0,65.3
2025-10-28 23:00:00,2025,10,28,23,Hà Nội,Xã Tây Phương,21.0403672,105.6115528,133,Unhealthy for Sensitive Groups,2,22.4,74,0.0,4.9,51,1015.8,96,87.8,88.0,1266.0,76.2,12.0,66.6
2025-10-29 00:00:00,2025,10,29,0,Hà Nội,Xã Tây Phương,21.0403672,105.6115528,131,Unhealthy for Sensitive Groups,2,21.5,74,0.0,5.5,36,1015.6,98,82.4,82.7,1165.0,72.4,12.0,65.7
2025-10-29 01:00:00,2025,10,29,1,Hà Nội,Xã Tây Phương,21.0403672,105.6115528,130,Unhealthy for Sensitive Groups,2,21.2,75,0.0,6.3,24,1015.1,98,76.1,76.4,1038.0,68.2,12.0,64.0
2025-10-29 02:00:00,2025,10,29,2,Hà Nội,Xã Tây Phương,21.0403672,105.6115528,130,Unhealthy for Sensitive Groups,2,22.0,71,0.0,6.1,34,1014.7,98,73.1,73.3,852.0,63.6,12.0,60.8
2025-10-29 03:00:00,2025,10,29,3,Hà Nội,Xã Tây Phương,21.0403672,105.6115528,130,Unhealthy for Sensitive Groups,2,21.6,74,0.0,6.0,53,1014.8,100,71.2,71.5,639.0,58.5,13.0,56.7
2025-10-29 04:00:00,2025,10,29,4,Hà Nội,Xã Tây Phương,21.0403672,105.6115528,131,Unhealthy for Sensitive Groups,2,21.2,76,0.0,7.3,67,1015.1,100,69.6,69.8,518.0,55.1,14.0,54.8
2025-10-29 05:00:00,2025,10,29,5,Hà Nội,Xã Tây Phương,21.0403672,105.6115528,132,Unhealthy for Sensitive Groups,2,20.7,77,0.0,8.1,53,1015.2,100,69.2,69.4,582.0,56.2,12.0,58.2
2025-10-29 06:00:00,2025,10,29,6,Hà Nội,Xã Tây Phương,21.0403672,105.6115528,134,Unhealthy for Sensitive Groups,2,20.5,75,0.0,9.8,38,1015.7,95,74.0,74.3,737.0,58.9,11.0,63.8
2025-10-29 07:00:00,2025,10,29,7,Hà Nội,Xã Tây Phương,21.0403672,105.6115528,135,Unhealthy for Sensitive Groups,2,21.3,77,0.0,7.4,29,1016.6,100,89.2,89.4,826.0,51.2,19.0,59.4
2025-10-29 08:00:00,2025,10,29,8,Hà Nội,Xã Tây Phương,21.0403672,105.6115528,139,Unhealthy for Sensitive Groups,2,22.5,73,0.0,6.5,24,1016.9,97,68.7,68.9,763.0,41.0,44.0,54.1
2025-10-29 09:00:00,2025,10,29,9,Hà Nội,Xã Tây Phương,21.0403672,105.6115528,142,Unhealthy for Sensitive Groups,2,24.1,66,0.0,10.5,27,1017.4,91,42.8,43.1,632.0,26.8,80.0,46.7
2025-10-29 10:00:00,2025,10,29,10,Hà Nội,Xã Tây Phương,21.0403672,105.6115528,144,Unhealthy for Sensitive Groups,2,25.4,59,0.0,11.1,29,1017.3,99,38.4,38.5,531.0,15.6,112.0,40.7
2025-10-29 11:00:00,2025,10,29,11,Hà Nội,Xã Tây Phương,21.0403672,105.6115528,147,Unhealthy for Sensitive Groups,2,26.1,56,0.0,9.3,41,1016.2,100,39.1,39.2,495.0,10.2,137.0,37.2
2025-10-29 12:00:00,2025,10,29,12,Hà Nội,Xã Tây Phương,21.0403672,105.6115528,150,Unhealthy for Sensitive Groups,2,26.5,56,0.0,7.1,45,1015.0,90,41.1,41.2,488.0,7.8,159.0,35.2
2025-10-29 13:00:00,2025,10,29,13,Hà Nội,Xã Tây Phương,21.0403672,105.6115528,151,Unhealthy,3,26.8,55,0.0,4.7,58,1014.6,100,42.7,42.8,497.0,7.2,173.0,34.4
2025-10-29 14:00:00,2025,10,29,14,Hà Nội,Xã Tây Phương,21.0403672,105.6115528,151,Unhealthy,3,27.0,55,0.0,2.8,40,1013.5,100,43.8,43.9,506.0,6.5,180.0,34.4
2025-10-29 15:00:00,2025,10,29,15,Hà Nội,Xã Tây Phương,21.0403672,105.6115528,152,Unhealthy,3,26.9,56,0.0,3.6,27,1013.0,51,45.4,45.5,532.0,7.6,180.0,35.8
2025-10-29 16:00:00,2025,10,29,16,Hà Nội,Xã Tây Phương,21.0403672,105.6115528,152,Unhealthy,3,26.7,58,0.0,3.6,90,1012.6,9,47.1,47.3,612.0,14.8,169.0,39.9
2025-10-29 17:00:00,2025,10,29,17,Hà Nội,Xã Tây Phương,21.0403672,105.6115528,153,Unhealthy,3,25.1,70,0.0,4.7,140,1013.1,17,64.3,64.3,796.0,34.2,138.0,48.8
2025-10-29 18:00:00,2025,10,29,18,Hà Nội,Xã Tây Phương,21.0403672,105.6115528,154,Unhealthy,3,23.7,72,0.0,5.2,164,1013.7,100,94.3,94.5,1034.0,59.7,96.0,60.5
2025-10-29 19:00:00,2025,10,29,19,Hà Nội,Xã Tây Phương,21.0403672,105.6115528,155,Unhealthy,3,24.5,71,0.0,4.0,150,1014.0,100,81.7,81.7,1216.0,72.1,48.0,67.1
2025-10-29 20:00:00,2025,10,29,20,Hà Nội,Xã Tây Phương,21.0403672,105.6115528,156,Unhealthy,3,24.8,72,0.0,1.8,90,1014.6,100,94.1,94.1,1291.0,74.2,41.0,70.0
2025-10-29 21:00:00,2025,10,29,21,Hà Nội,Xã Tây Phương,21.0403672,105.6115528,156,Unhealthy,3,24.6,73,0.0,2.1,128,1014.9,100,95.7,95.7,1310.0,77.0,32.0,74.3
2025-10-29 22:00:00,2025,10,29,22,Hà Nội,Xã Tây Phương,21.0403672,105.6115528,156,Unhealthy,3,24.4,71,0.0,2.9,169,1015.1,100,99.4,99.4,1315.0,79.3,25.0,78.9
2025-10-29 23:00:00,2025,10,29,23,Hà Nội,Xã Tây Phương,21.0403672,105.6115528,157,Unhealthy,3,24.4,70,0.0,1.7,212,1014.9,100,103.1,103.1,1321.0,80.7,21.0,84.2
2025-10-30 00:00:00,2025,10,30,0,Hà Nội,Xã Tây Phương,21.0403672,105.6115528,157,Unhealthy,3,24.4,72,0.0,0.4,297,1014.7,100,104.1,104.1,1313.0,81.6,20.0,90.0
2025-10-30 01:00:00,2025,10,30,1,Hà Nội,Xã Tây Phương,21.0403672,105.6115528,157,Unhealthy,3,24.0,73,0.0,2.2,318,1014.7,100,103.4,103.4,1293.0,81.5,18.0,94.4
2025-10-30 02:00:00,2025,10,30,2,Hà Nội,Xã Tây Phương,21.0403672,105.6115528,158,Unhealthy,3,23.5,78,0.1,4.1,331,1014.2,100,99.2,99.2,1258.0,80.1,15.0,96.5
2025-10-30 03:00:00,2025,10,30,3,Hà Nội,Xã Tây Phương,21.0403672,105.6115528,159,Unhealthy,3,23.1,83,0.3,6.8,335,1014.1,100,97.3,97.3,1210.0,77.7,13.0,97.3
2025-10-30 04:00:00,2025,10,30,4,Hà Nội,Xã Tây Phương,21.0403672,105.6115528,159,Unhealthy,3,22.9,86,0.0,7.2,335,1014.0,100,95.0,95.2,1164.0,75.1,11.0,97.6
2025-10-30 05:00:00,2025,10,30,5,Hà Nội,Xã Tây Phương,21.0403672,105.6115528,160,Unhealthy,3,22.8,87,0.0,6.8,320,1014.2,100,91.7,91.7,1134.0,73.2,9.0,98.5
2025-10-30 06:00:00,2025,10,30,6,Hà Nội,Xã Tây Phương,21.0403672,105.6115528,160,Unhealthy,3,22.7,86,0.0,7.5,325,1014.7,100,93.1,93.1,1104.0,71.0,8.0,98.9
2025-10-30 07:00:00,2025,10,30,7,Hà Nội,Xã Tây Phương,21.0403672,105.6115528,161,Unhealthy,3,22.7,91,0.0,7.6,333,1015.6,100,75.4,75.4,1045.0,52.0,17.0,71.1
2025-10-30 08:00:00,2025,10,30,8,Hà Nội,Xã Tây Phương,21.0403672,105.6115528,160,Unhealthy,3,23.1,88,0.0,7.7,336,1016.1,100,59.6,59.6,924.0,45.9,30.0,68.4
2025-10-30 09:00:00,2025,10,30,9,Hà Nội,Xã Tây Phương,21.0403672,105.6115528,160,Unhealthy,3,23.9,83,0.0,7.5,325,1016.6,100,49.0,49.1,773.0,37.4,48.0,64.5
2025-10-30 10:00:00,2025,10,30,10,Hà Nội,Xã Tây Phương,21.0403672,105.6115528,160,Unhealthy,3,24.5,78,0.0,8.1,321,1016.8,100,44.8,44.9,657.0,30.4,64.0,60.8
2025-10-30 11:00:00,2025,10,30,11,Hà Nội,Xã Tây Phương,21.0403672,105.6115528,160,Unhealthy,3,24.3,80,0.0,7.8,322,1016.2,100,42.8,42.8,606.0,26.2,77.0,57.3
2025-10-30 12:00:00,2025,10,30,12,Hà Nội,Xã Tây Phương,21.0403672,105.6115528,160,Unhealthy,3,24.8,80,0.0,7.5,340,1015.1,100,41.1,41.1,590.0,23.5,89.0,53.9
2025-10-30 13:00:00,2025,10,30,13,Hà Nội,Xã Tây Phương,21.0403672,105.6115528,160,Unhealthy,3,25.8,74,0.0,9.1,38,1014.4,100,41.9,42.0,582.0,22.6,96.0,51.6
2025-10-30 14:00:00,2025,10,30,14,Hà Nội,Xã Tây Phương,21.0403672,105.6115528,160,Unhealthy,3,26.2,72,0.0,9.9,44,1013.7,100,41.9,42.0,545.0,23.8,96.0,50.7
2025-10-30 15:00:00,2025,10,30,15,Hà Nội,Xã Tây Phương,21.0403672,105.6115528,160,Unhealthy,3,25.8,74,0.0,9.0,38,1013.3,100,41.8,42.0,518.0,26.8,92.0,51.0
2025-10-30 16:00:00,2025,10,30,16,Hà Nội,Xã Tây Phương,21.0403672,105.6115528,160,Unhealthy,3,25.9,74,0.0,9.2,48,1013.4,100,43.9,44.0,586.0,30.8,84.0,52.2
2025-10-30 17:00:00,2025,10,30,17,Hà Nội,Xã Tây Phương,21.0403672,105.6115528,160,Unhealthy,3,25.2,79,0.0,6.7,81,1013.8,100,48.2,48.3,867.0,36.5,71.0,54.9
2025-10-30 18:00:00,2025,10,30,18,Hà Nội,Xã Tây Phương,21.0403672,105.6115528,160,Unhealthy,3,24.5,83,0.0,6.8,108,1014.4,100,49.1,49.2,1244.0,43.3,55.0,58.6
2025-10-30 19:00:00,2025,10,30,19,Hà Nội,Xã Tây Phương,21.0403672,105.6115528,159,Unhealthy,3,24.0,88,0.0,5.8,88,1015.0,100,53.1,53.2,1457.0,47.7,30.0,46.1
2025-10-30 20:00:00,2025,10,30,20,Hà Nội,Xã Tây Phương,21.0403672,105.6115528,158,Unhealthy,3,24.0,87,0.0,6.6,73,1016.0,100,48.9,49.0,1355.0,46.1,30.0,47.3
2025-10-30 21:00:00,2025,10,30,21,Hà Nội,Xã Tây Phương,21.0403672,105.6115528,157,Unhealthy,3,23.9,87,0.0,8.4,53,1016.3,100,44.0,44.1,1090.0,43.9,30.0,48.9
2025-10-30 22:00:00,2025,10,30,22,Hà Nội,Xã Tây Phương,21.0403672,105.6115528,156,Unhealthy,3,23.8,86,0.0,9.1,51,1016.2,100,41.0,41.1,855.0,41.6,30.0,49.0
2025-10-30 23:00:00,2025,10,30,23,Hà Nội,Xã Tây Phương,21.0403672,105.6115528,155,Unhealthy,3,23.4,86,0.0,8.2,52,1016.0,100,38.5,38.6,714.0,39.4,30.0,46.2
2025-10-31 00:00:00,2025,10,31,0,Hà Nội,Xã Tây Phương,21.0403672,105.6115528,153,Unhealthy,3,23.1,87,0.5,6.5,46,1015.7,100,39.1,39.1,604.0,37.1,29.0,41.9
2025-10-31 01:00:00,2025,10,31,1,Hà Nội,Xã Tây Phương,21.0403672,105.6115528,152,Unhealthy,3,23.1,89,0.8,5.6,50,1015.2,100,41.2,41.3,525.0,35.1,29.0,38.5
2025-10-31 02:00:00,2025,10,31,2,Hà Nội,Xã Tây Phương,21.0403672,105.6115528,151,Unhealthy,3,22.9,93,0.5,5.9,59,1014.7,100,43.3,43.3,472.0,33.1,29.0,36.4
2025-10-31 03:00:00,2025,10,31,3,Hà Nội,Xã Tây Phương,21.0403672,105.6115528,147,Unhealthy for Sensitive Groups,2,22.9,94,0.2,6.4,47,1014.6,100,44.9,45.1,451.0,31.4,30.0,35.2
2025-10-31 04:00:00,2025,10,31,4,Hà Nội,Xã Tây Phương,21.0403672,105.6115528,142,Unhealthy for Sensitive Groups,2,22.8,93,0.2,7.9,35,1014.8,100,46.4,46.6,484.0,31.2,29.0,35.7
2025-10-31 05:00:00,2025,10,31,5,Hà Nội,Xã Tây Phương,21.0403672,105.6115528,137,Unhealthy for Sensitive Groups,2,22.6,93,0.6,10.3,27,1015.4,100,48.1,48.2,622.0,34.5,25.0,39.6
2025-10-31 06:00:00,2025,10,31,6,Hà Nội,Xã Tây Phương,21.0403672,105.6115528,132,Unhealthy for Sensitive Groups,2,22.4,92,0.7,11.1,20,1015.9,100,52.9,53.0,814.0,39.2,21.0,45.3
2025-10-31 07:00:00,2025,10,31,7,Hà Nội,Xã Tây Phương,21.0403672,105.6115528,128,Unhealthy for Sensitive Groups,2,22.5,89,0.2,10.1,27,1016.7,100,51.5,51.6,928.0,40.6,17.0,45.6
2025-10-31 08:00:00,2025,10,31,8,Hà Nội,Xã Tây Phương,21.0403672,105.6115528,126,Unhealthy for Sensitive Groups,2,23.1,85,0.0,10.5,29,1017.0,100,51.7,51.8,887.0,37.2,25.0,45.6
2025-10-31 09:00:00,2025,10,31,9,Hà Nội,Xã Tây Phương,21.0403672,105.6115528,125,Unhealthy for Sensitive Groups,2,24.0,82,0.0,11.4,25,1017.7,100,48.9,49.0,768.0,32.4,37.0,45.5
2025-10-31 10:00:00,2025,10,31,10,Hà Nội,Xã Tây Phương,21.0403672,105.6115528,125,Unhealthy for Sensitive Groups,2,24.5,78,0.0,12.6,24,1017.8,100,44.7,44.8,667.0,28.2,48.0,44.3
2025-10-31 11:00:00,2025,10,31,11,Hà Nội,Xã Tây Phương,21.0403672,105.6115528,125,Unhealthy for Sensitive Groups,2,25.0,76,0.0,11.1,20,1016.9,100,40.6,40.7,618.0,24.9,57.0,40.9
2025-10-31 12:00:00,2025,10,31,12,Hà Nội,Xã Tây Phương,21.0403672,105.6115528,124,Unhealthy for Sensitive Groups,2,25.6,71,0.0,14.7,24,1015.6,100,38.0,38.1,587.0,22.2,65.0,36.3
2025-10-31 13:00:00,2025,10,31,13,Hà Nội,Xã Tây Phương,21.0403672,105.6115528,124,Unhealthy for Sensitive Groups,2,24.9,75,0.0,9.8,8,1015.3,100,36.7,36.7,573.0,20.6,70.0,33.0
2025-10-31 14:00:00,2025,10,31,14,Hà Nội,Xã Tây Phương,21.0403672,105.6115528,124,Unhealthy for Sensitive Groups,2,24.4,81,0.5,6.9,15,1014.7,100,35.3,35.4,544.0,20.2,73.0,31.4
2025-10-31 15:00:00,2025,10,31,15,Hà Nội,Xã Tây Phương,21.0403672,105.6115528,123,Unhealthy for Sensitive Groups,2,23.5,90,1.0,5.6,22,1014.0,100,33.8,33.9,532.0,20.9,73.0,31.0
2025-10-31 16:00:00,2025,10,31,16,Hà Nội,Xã Tây Phương,21.0403672,105.6115528,122,Unhealthy for Sensitive Groups,2,23.5,90,0.8,3.1,13,1014.2,100,32.7,32.7,628.0,23.2,70.0,32.4
2025-10-31 17:00:00,2025,10,31,17,Hà Nội,Xã Tây Phương,21.0403672,105.6115528,121,Unhealthy for Sensitive Groups,2,23.4,84,0.1,6.6,11,1014.5,100,34.0,34.0,937.0,28.7,62.0,37.0
2025-10-31 18:00:00,2025,10,31,18,Hà Nội,Xã Tây Phương,21.0403672,105.6115528,119,Unhealthy for Sensitive Groups,2,23.1,82,0.0,6.1,358,1015.2,100,38.1,38.1,1355.0,35.7,51.0,43.3
2025-10-31 19:00:00,2025,10,31,19,Hà Nội,Xã Tây Phương,21.0403672,105.6115528,118,Unhealthy for Sensitive Groups,2,22.8,90,0.1,7.6,34,1015.6,100,35.7,35.9,1662.0,33.0,41.0,30.6
2025-10-31 20:00:00,2025,10,31,20,Hà Nội,Xã Tây Phương,21.0403672,105.6115528,116,Unhealthy for Sensitive Groups,2,22.9,91,0.0,7.7,41,1016.3,100,32.2,32.4,1794.0,31.1,42.0,30.3
2025-10-31 21:00:00,2025,10,31,21,Hà Nội,Xã Tây Phương,21.0403672,105.6115528,115,Unhealthy for Sensitive Groups,2,22.8,90,0.1,8.8,28,1016.6,100,31.4,31.5,1816.0,28.4,43.0,29.7
2025-10-31 22:00:00,2025,10,31,22,Hà Nội,Xã Tây Phương,21.0403672,105.6115528,113,Unhealthy for Sensitive Groups,2,22.2,92,0.6,10.5,16,1017.0,100,29.2,29.2,1699.0,25.6,44.0,28.5
2025-10-31 23:00:00,2025,10,31,23,Hà Nội,Xã Tây Phương,21.0403672,105.6115528,112,Unhealthy for Sensitive Groups,2,21.9,91,0.3,11.5,17,1016.9,100,26.5,26.5,1348.0,22.8,46.0,26.1
2025-11-01 00:00:00,2025,11,1,0,Hà Nội,Xã Tây Phương,21.0403672,105.6115528,111,Unhealthy for Sensitive Groups,2,21.5,92,0.3,9.7,22,1016.8,100,23.9,23.9,860.0,19.9,48.0,23.1
2025-11-01 01:00:00,2025,11,1,1,Hà Nội,Xã Tây Phương,21.0403672,105.6115528,109,Unhealthy for Sensitive Groups,2,22.0,89,0.3,8.9,19,1016.1,100,21.9,22.0,494.0,17.8,50.0,20.6
2025-11-01 02:00:00,2025,11,1,2,Hà Nội,Xã Tây Phương,21.0403672,105.6115528,107,Unhealthy for Sensitive Groups,2,21.6,90,0.6,11.4,12,1015.8,100,20.7,20.7,362.0,16.5,50.0,18.6
2025-11-01 03:00:00,2025,11,1,3,Hà Nội,Xã Tây Phương,21.0403672,105.6115528,105,Unhealthy for Sensitive Groups,2,21.4,90,0.4,12.6,14,1015.5,100,20.3,20.3,352.0,16.0,50.0,17.1
2025-11-01 04:00:00,2025,11,1,4,Hà Nội,Xã Tây Phương,21.0403672,105.6115528,102,Unhealthy for Sensitive Groups,2,21.3,91,0.5,12.6,10,1015.9,100,21.5,21.5,397.0,16.8,48.0,17.5
2025-11-01 05:00:00,2025,11,1,5,Hà Nội,Xã Tây Phương,21.0403672,105.6115528,100,Moderate,1,21.2,90,0.6,12.8,14,1016.3,100,22.7,22.8,509.0,20.1,45.0,21.2
2025-11-01 06:00:00,2025,11,1,6,Hà Nội,Xã Tây Phương,21.0403672,105.6115528,98,Moderate,1,20.7,89,0.5,14.4,24,1017.1,100,26.2,26.2,674.0,24.8,41.0,26.7
2025-11-01 07:00:00,2025,11,1,7,Hà Nội,Xã Tây Phương,21.0403672,105.6115528,95,Moderate,1,20.4,91,0.4,13.0,28,1018.2,100,26.8,26.8,784.0,26.3,37.0,27.8
2025-11-01 08:00:00,2025,11,1,8,Hà Nội,Xã Tây Phương,21.0403672,105.6115528,93,Moderate,1,20.6,89,0.2,12.9,28,1018.6,100,27.5,27.5,788.0,25.3,38.0,28.2
2025-11-01 09:00:00,2025,11,1,9,Hà Nội,Xã Tây Phương,21.0403672,105.6115528,91,Moderate,1,21.3,88,0.2,10.3,27,1018.9,100,27.1,27.2,736.0,24.0,41.0,28.9
2025-11-01 10:00:00,2025,11,1,10,Hà Nội,Xã Tây Phương,21.0403672,105.6115528,89,Moderate,1,21.5,86,0.2,12.7,31,1019.0,100,26.7,26.7,670.0,23.0,43.0,29.8
2025-11-01 11:00:00,2025,11,1,11,Hà Nội,Xã Tây Phương,21.0403672,105.6115528,87,Moderate,1,21.8,79,0.0,13.4,26,1018.4,100,26.3,26.4,585.0,22.4,46.0,31.0
2025-11-01 12:00:00,2025,11,1,12,Hà Nội,Xã Tây Phương,21.0403672,105.6115528,86,Moderate,1,22.3,71,0.0,12.7,25,1017.4,100,27.0,27.0,485.0,22.2,50.0,32.4
2025-11-01 13:00:00,2025,11,1,13,Hà Nội,Xã Tây Phương,21.0403672,105.6115528,85,Moderate,1,20.7,79,0.0,10.5,27,1016.9,100,27.0,27.1,424.0,23.0,52.0,33.9
2025-11-01 14:00:00,2025,11,1,14,Hà Nội,Xã Tây Phương,21.0403672,105.6115528,84,Moderate,1,21.0,78,0.1,11.7,32,1015.9,100,27.6,27.7,430.0,25.0,51.0,34.8
2025-11-01 15:00:00,2025,11,1,15,Hà Nội,Xã Tây Phương,21.0403672,105.6115528,84,Moderate,1,21.1,78,0.1,10.5,35,1015.5,100,28.6,28.7,474.0,28.0,49.0,35.8
2025-11-01 16:00:00,2025,11,1,16,Hà Nội,Xã Tây Phương,21.0403672,105.6115528,83,Moderate,1,21.0,78,0.0,9.5,44,1015.3,100,30.4,30.4,524.0,31.7,45.0,38.2
2025-11-01 17:00:00,2025,11,1,17,Hà Nội,Xã Tây Phương,21.0403672,105.6115528,83,Moderate,1,20.5,81,0.0,11.3,47,1015.4,100,34.9,34.9,577.0,36.9,39.0,43.6
2025-11-01 18:00:00,2025,11,1,18,Hà Nội,Xã Tây Phương,21.0403672,105.6115528,83,Moderate,1,20.5,78,0.0,10.2,28,1016.1,100,37.4,37.4,636.0,42.8,32.0,50.4
2025-11-01 19:00:00,2025,11,1,19,Hà Nội,Xã Tây Phương,21.0403672,105.6115528,83,Moderate,1,21.1,79,0.0,7.3,38,1016.4,100,32.0,32.1,671.0,33.6,40.0,35.8
2025-11-01 20:00:00,2025,11,1,20,Hà Nội,Xã Tây Phương,21.0403672,105.6115528,83,Moderate,1,21.4,78,0.0,9.0,30,1017.3,100,31.9,31.9,665.0,33.1,39.0,36.6
2025-11-01 21:00:00,2025,11,1,21,Hà Nội,Xã Tây Phương,21.0403672,105.6115528,83,Moderate,1,21.4,77,0.0,10.9,40,1017.5,100,31.8,31.9,635.0,32.3,38.0,37.6
2025-11-01 22:00:00,2025,11,1,22,Hà Nội,Xã Tây Phương,21.0403672,105.6115528,83,Moderate,1,21.0,76,0.0,10.8,32,1017.7,100,31.9,32.0,608.0,31.6,37.0,38.6
2025-11-01 23:00:00,2025,11,1,23,Hà Nội,Xã Tây Phương,21.0403672,105.6115528,83,Moderate,1,20.9,74,0.1,9.9,33,1017.5,100,31.4,31.4,587.0,31.1,36.0,39.6
2025-11-02 00:00:00,2025,11,2,0,Hà Nội,Xã Tây Phương,21.0403672,105.6115528,83,Moderate,1,20.5,76,0.2,9.7,35,1017.4,100,30.7,30.7,569.0,30.7,36.0,40.5
2025-11-02 01:00:00,2025,11,2,1,Hà Nội,Xã Tây Phương,21.0403672,105.6115528,84,Moderate,1,20.1,85,0.1,7.9,33,1017.1,100,30.0,30.2,570.0,30.3,35.0,40.7
2025-11-02 02:00:00,2025,11,2,2,Hà Nội,Xã Tây Phương,21.0403672,105.6115528,85,Moderate,1,19.9,90,0.4,8.1,28,1016.2,100,30.9,30.9,591.0,29.7,34.0,39.6
2025-11-02 03:00:00,2025,11,2,3,Hà Nội,Xã Tây Phương,21.0403672,105.6115528,86,Moderate,1,19.6,90,0.3,7.9,35,1016.2,100,30.9,31.0,631.0,29.1,32.0,37.8
2025-11-02 04:00:00,2025,11,2,4,Hà Nội,Xã Tây Phương,21.0403672,105.6115528,86,Moderate,1,19.5,90,0.2,7.2,35,1016.1,100,30.3,30.3,702.0,29.2,30.0,36.6
2025-11-02 05:00:00,2025,11,2,5,Hà Nội,Xã Tây Phương,21.0403672,105.6115528,87,Moderate,1,19.5,87,0.1,7.4,32,1016.2,100,29.9,29.9,845.0,30.9,27.0,36.8
2025-11-02 06:00:00,2025,11,2,6,Hà Nội,Xã Tây Phương,21.0403672,105.6115528,88,Moderate,1,19.5,87,0.1,6.6,33,1017.1,100,31.1,31.1,1021.0,33.2,24.0,37.6
2025-11-02 07:00:00,2025,11,2,7,Hà Nội,Xã Tây Phương,21.0403672,105.6115528,88,Moderate,1,19.5,90,0.1,8.1,13,1017.8,100,29.0,29.0,1120.0,34.4,24.0,37.5
2025-11-02 08:00:00,2025,11,2,8,Hà Nội,Xã Tây Phương,21.0403672,105.6115528,89,Moderate,1,19.7,89,0.2,10.4,9,1018.5,100,27.2,27.3,1084.0,32.3,29.0,38.3
2025-11-02 09:00:00,2025,11,2,9,Hà Nội,Xã Tây Phương,21.0403672,105.6115528,88,Moderate,1,19.9,90,0.2,8.7,4,1019.3,100,25.1,25.2,972.0,29.2,36.0,39.1
2025-11-02 10:00:00,2025,11,2,10,Hà Nội,Xã Tây Phương,21.0403672,105.6115528,88,Moderate,1,20.7,84,0.0,8.1,356,1019.4,100,23.2,23.2,854.0,26.1,43.0,38.7
2025-11-02 11:00:00,2025,11,2,11,Hà Nội,Xã Tây Phương,21.0403672,105.6115528,88,Moderate,1,21.6,75,0.0,9.7,1,1018.6,100,21.5,21.6,737.0,22.6,51.0,35.6
2025-11-02 12:00:00,2025,11,2,12,Hà Nội,Xã Tây Phương,21.0403672,105.6115528,88,Moderate,1,22.0,72,0.0,10.4,8,1017.5,100,20.8,20.9,612.0,19.0,59.0,31.2
2025-11-02 13:00:00,2025,11,2,13,Hà Nội,Xã Tây Phương,21.0403672,105.6115528,87,Moderate,1,21.5,76,0.0,10.8,359,1016.9,100,21.4,21.5,528.0,16.8,64.0,27.9
2025-11-02 14:00:00,2025,11,2,14,Hà Nội,Xã Tây Phương,21.0403672,105.6115528,87,Moderate,1,21.4,77,0.0,11.2,358,1016.3,100,23.2,23.3,507.0,16.6,65.0,26.7
2025-11-02 15:00:00,2025,11,2,15,Hà Nội,Xã Tây Phương,21.0403672,105.6115528,86,Moderate,1,21.5,77,0.0,12.1,356,1016.0,100,25.1,25.3,525.0,17.8,64.0,26.6
2025-11-02 16:00:00,2025,11,2,16,Hà Nội,Xã Tây Phương,21.0403672,105.6115528,86,Moderate,1,21.4,78,0.0,11.1,347,1015.9,100,27.6,27.8,559.0,20.0,60.0,27.4
2025-11-02 17:00:00,2025,11,2,17,Hà Nội,Xã Tây Phương,21.0403672,105.6115528,86,Moderate,1,21.2,80,0.0,9.1,353,1016.2,100,31.4,31.7,619.0,24.0,53.0,29.6
2025-11-02 18:00:00,2025,11,2,18,Hà Nội,Xã Tây Phương,21.0403672,105.6115528,85,Moderate,1,21.0,77,0.0,10.0,6,1016.8,100,34.8,34.9,694.0,29.1,43.0,32.7
2025-11-02 19:00:00,2025,11,2,19,Hà Nội,Xã Tây Phương,21.0403672,105.6115528,85,Moderate,1,21.4,78,0.0,10.4,20,1017.6,100,41.8,42.1,728.0,32.0,34.0,34.3
2025-11-02 20:00:00,2025,11,2,20,Hà Nội,Xã Tây Phương,21.0403672,105.6115528,86,Moderate,1,21.0,75,0.0,13.8,24,1018.4,100,44.5,44.8,676.0,32.6,32.0,34.8
2025-11-02 21:00:00,2025,11,2,21,Hà Nội,Xã Tây Phương,21.0403672,105.6115528,87,Moderate,1,20.6,76,0.1,11.5,27,1018.8,100,45.6,46.0,583.0,33.4,28.0,35.4
2025-11-02 22:00:00,2025,11,2,22,Hà Nội,Xã Tây Phương,21.0403672,105.6115528,88,Moderate,1,20.3,77,0.2,12.2,20,1019.0,100,45.8,46.1,526.0,33.1,27.0,35.3
2025-11-02 23:00:00,2025,11,2,23,Hà Nội,Xã Tây Phương,21.0403672,105.6115528,89,Moderate,1,20.1,77,0.0,11.2,24,1018.7,100,45.1,45.5,548.0,31.0,29.0,33.7
2025-11-03 00:00:00,2025,11,3,0,Hà Nội,Xã Tây Phương,21.0403672,105.6115528,91,Moderate,1,20.0,78,0.1,11.8,11,1018.1,100,43.0,43.3,607.0,27.9,32.0,31.4
2025-11-03 01:00:00,2025,11,3,1,Hà Nội,Xã Tây Phương,21.0403672,105.6115528,92,Moderate,1,20.1,82,0.1,11.0,6,1017.2,100,38.5,39.0,645.0,25.2,35.0,29.4
2025-11-03 02:00:00,2025,11,3,2,Hà Nội,Xã Tây Phương,21.0403672,105.6115528,93,Moderate,1,19.9,84,0.0,9.4,7,1016.4,100,37.8,38.4,638.0,23.1,38.0,28.2
2025-11-03 03:00:00,2025,11,3,3,Hà Nội,Xã Tây Phương,21.0403672,105.6115528,93,Moderate,1,19.7,85,0.0,6.9,14,1016.4,100,34.9,35.4,610.0,21.4,40.0,27.3
2025-11-03 04:00:00,2025,11,3,4,Hà Nội,Xã Tây Phương,21.0403672,105.6115528,93,Moderate,1,19.6,82,0.0,8.3,13,1016.4,100,32.9,33.5,586.0,20.5,42.0,26.7
2025-11-03 05:00:00,2025,11,3,5,Hà Nội,Xã Tây Phương,21.0403672,105.6115528,94,Moderate,1,19.6,77,0.0,10.4,21,1016.7,100,28.9,29.5,579.0,21.2,43.0,26.5
2025-11-03 06:00:00,2025,11,3,6,Hà Nội,Xã Tây Phương,21.0403672,105.6115528,94,Moderate,1,19.5,74,0.0,12.7,18,1017.4,100,25.4,25.8,575.0,22.7,43.0,26.5
2025-11-03 07:00:00,2025,11,3,7,Hà Nội,Xã Tây Phương,21.0403672,105.6115528,93,Moderate,1,19.1,76,0.0,12.1,15,1018.1,100,20.5,20.9,554.0,21.0,46.0,23.2
2025-11-03 08:00:00,2025,11,3,8,Hà Nội,Xã Tây Phương,21.0403672,105.6115528,92,Moderate,1,19.5,75,0.1,12.3,23,1019.2,100,18.9,19.3,491.0,21.6,47.0,24.6
2025-11-03 09:00:00,2025,11,3,9,Hà Nội,Xã Tây Phương,21.0403672,105.6115528,92,Moderate,1,19.2,77,0.4,11.8,29,1020.1,100,21.3,21.7,409.0,22.5,47.0,26.5
2025-11-03 10:00:00,2025,11,3,10,Hà Nội,Xã Tây Phương,21.0403672,105.6115528,91,Moderate,1,19.1,80,0.3,12.0,13,1020.2,100,20.8,21.3,363.0,23.2,48.0,28.5
2025-11-03 11:00:00,2025,11,3,11,Hà Nội,Xã Tây Phương,21.0403672,105.6115528,91,Moderate,1,19.7,76,0.1,12.6,358,1019.5,100,21.0,21.4,387.0,23.8,48.0,30.7
2025-11-03 12:00:00,2025,11,3,12,Hà Nội,Xã Tây Phương,21.0403672,105.6115528,91,Moderate,1,20.2,74,0.1,12.1,349,1018.7,100,21.4,21.8,446.0,24.2,49.0,32.8
2025-11-03 13:00:00,2025,11,3,13,Hà Nội,Xã Tây Phương,21.0403672,105.6115528,91,Moderate,1,20.1,77,0.1,12.5,348,1017.8,100,21.2,21.7,484.0,24.2,50.0,33.8
2025-11-03 14:00:00,2025,11,3,14,Hà Nội,Xã Tây Phương,21.0403672,105.6115528,91,Moderate,1,20.4,76,0.1,12.5,353,1017.0,100,20.2,20.5,454.0,23.0,54.0,32.5
2025-11-03 15:00:00,2025,11,3,15,Hà Nội,Xã Tây Phương,21.0403672,105.6115528,91,Moderate,1,20.2,79,0.0,11.1,343,1016.2,100,22.1,22.4,404.0,21.4,59.0,29.9
2025-11-03 16:00:00,2025,11,3,16,Hà Nội,Xã Tây Phương,21.0403672,105.6115528,91,Moderate,1,20.8,74,0.0,11.5,331,1015.9,100,21.8,22.1,423.0,21.2,60.0,28.1
2025-11-03 17:00:00,2025,11,3,17,Hà Nội,Xã Tây Phương,21.0403672,105.6115528,90,Moderate,1,20.4,76,0.0,7.3,335,1015.8,100,21.5,21.8,594.0,23.9,54.0,27.8
2025-11-03 18:00:00,2025,11,3,18,Hà Nội,Xã Tây Phương,21.0403672,105.6115528,89,Moderate,1,20.0,79,0.0,5.1,352,1016.1,100,25.2,25.4,835.0,27.9,45.0,28.2
2025-11-03 19:00:00,2025,11,3,19,Hà Nội,Xã Tây Phương,21.0403672,105.6115528,88,Moderate,1,19.0,88,0.0,8.1,339,1016.9,100,27.6,27.9,983.0,31.1,35.0,29.3
2025-11-03 20:00:00,2025,11,3,20,Hà Nội,Xã Tây Phương,21.0403672,105.6115528,87,Moderate,1,19.1,89,0.2,7.2,347,1017.5,100,28.4,28.6,953.0,31.2,33.0,29.8
2025-11-03 21:00:00,2025,11,3,21,Hà Nội,Xã Tây Phương,21.0403672,105.6115528,86,Moderate,1,19.0,91,0.2,5.5,347,1018.0,100,29.7,29.9,830.0,31.3,30.0,30.5
2025-11-03 22:00:00,2025,11,3,22,Hà Nội,Xã Tây Phương,21.0403672,105.6115528,84,Moderate,1,18.8,95,0.2,4.2,335,1018.2,100,30.6,30.9,716.0,31.1,28.0,30.8
2025-11-03 23:00:00,2025,11,3,23,Hà Nội,Xã Tây Phương,21.0403672,105.6115528,83,Moderate,1,18.8,94,0.1,4.4,322,1018.1,100,29.6,29.8,642.0,30.3,28.0,30.3
2025-11-04 00:00:00,2025,11,4,0,Hà Nội,Xã Tây Phương,21.0403672,105.6115528,81,Moderate,1,18.8,91,0.0,7.0,318,1017.3,100,28.0,28.3,576.0,29.1,29.0,29.5
2025-11-04 01:00:00,2025,11,4,1,Hà Nội,Xã Tây Phương,21.0403672,105.6115528,80,Moderate,1,18.8,93,0.0,8.3,333,1017.2,100,27.8,28.0,523.0,28.1,29.0,28.8
2025-11-04 02:00:00,2025,11,4,2,Hà Nội,Xã Tây Phương,21.0403672,105.6115528,79,Moderate,1,18.6,94,0.2,7.1,345,1017.0,100,27.0,27.2,477.0,27.3,29.0,27.9
2025-11-04 03:00:00,2025,11,4,3,Hà Nội,Xã Tây Phương,21.0403672,105.6115528,78,Moderate,1,18.5,94,0.2,6.4,342,1016.7,100,26.0,26.3,445.0,26.6,29.0,27.2
2025-11-04 04:00:00,2025,11,4,4,Hà Nội,Xã Tây Phương,21.0403672,105.6115528,77,Moderate,1,18.3,96,0.1,6.7,333,1016.4,100,25.6,25.8,451.0,26.9,28.0,28.1
2025-11-04 05:00:00,2025,11,4,5,Hà Nội,Xã Tây Phương,21.0403672,105.6115528,77,Moderate,1,18.2,96,0.2,6.9,329,1016.5,100,25.4,25.6,537.0,29.5,25.0,32.6
2025-11-04 06:00:00,2025,11,4,6,Hà Nội,Xã Tây Phương,21.0403672,105.6115528,77,Moderate,1,18.2,96,0.1,7.1,322,1017.0,100,27.2,27.4,662.0,33.1,22.0,38.7
2025-11-04 07:00:00,2025,11,4,7,Hà Nội,Xã Tây Phương,21.0403672,105.6115528,77,Moderate,1,18.5,95,0.1,6.7,351,1017.9,100,20.9,21.0,727.0,26.3,30.0,29.0
2025-11-04 08:00:00,2025,11,4,8,Hà Nội,Xã Tây Phương,21.0403672,105.6115528,77,Moderate,1,18.8,94,0.1,8.0,5,1018.9,100,20.1,20.1,674.0,24.8,34.0,29.7
2025-11-04 09:00:00,2025,11,4,9,Hà Nội,Xã Tây Phương,21.0403672,105.6115528,77,Moderate,1,19.2,87,0.1,9.5,1,1019.4,100,18.6,18.7,561.0,22.6,39.0,30.6
2025-11-04 10:00:00,2025,11,4,10,Hà Nội,Xã Tây Phương,21.0403672,105.6115528,77,Moderate,1,19.8,81,0.0,9.2,349,1019.4,100,18.3,18.3,467.0,20.5,44.0,30.4
2025-11-04 11:00:00,2025,11,4,11,Hà Nội,Xã Tây Phương,21.0403672,105.6115528,76,Moderate,1,20.8,71,0.0,11.2,354,1018.7,100,17.3,17.3,420.0,18.4,50.0,27.7
2025-11-04 12:00:00,2025,11,4,12,Hà Nội,Xã Tây Phương,21.0403672,105.6115528,76,Moderate,1,21.2,67,0.0,11.4,344,1017.5,100,13.4,13.5,392.0,16.4,56.0,23.9
2025-11-04 13:00:00,2025,11,4,13,Hà Nội,Xã Tây Phương,21.0403672,105.6115528,75,Moderate,1,21.4,67,0.0,12.8,351,1016.7,100,13.6,13.6,374.0,15.9,60.0,22.2
2025-11-04 14:00:00,2025,11,4,14,Hà Nội,Xã Tây Phương,21.0403672,105.6115528,75,Moderate,1,21.4,68,0.0,10.3,354,1016.0,100,15.0,15.0,337.0,16.9,62.0,24.1
2025-11-04 15:00:00,2025,11,4,15,Hà Nội,Xã Tây Phương,21.0403672,105.6115528,74,Moderate,1,21.4,68,0.0,7.2,342,1015.2,100,17.3,17.3,310.0,19.3,62.0,28.2
2025-11-04 16:00:00,2025,11,4,16,Hà Nội,Xã Tây Phương,21.0403672,105.6115528,74,Moderate,1,21.2,72,0.0,5.5,27,1015.0,98,20.5,20.5,371.0,24.4,57.0,33.4
2025-11-04 17:00:00,2025,11,4,17,Hà Nội,Xã Tây Phương,21.0403672,105.6115528,74,Moderate,1,20.4,76,0.0,5.3,78,1015.1,100,25.0,25.1,622.0,34.5,45.0,40.2
2025-11-04 18:00:00,2025,11,4,18,Hà Nội,Xã Tây Phương,21.0403672,105.6115528,74,Moderate,1,19.9,78,0.0,5.7,101,1015.3,100,32.9,33.1,962.0,47.4,29.0,48.1
2025-11-04 19:00:00,2025,11,4,19,Hà Nội,Xã Tây Phương,21.0403672,105.6115528,75,Moderate,1,20.0,88,0.0,4.0,339,1015.5,99,35.9,35.9,1162.0,44.5,33.0,38.7
2025-11-04 20:00:00,2025,11,4,20,Hà Nội,Xã Tây Phương,21.0403672,105.6115528,75,Moderate,1,20.1,91,0.1,1.8,294,1015.8,98,35.9,36.0,1078.0,46.3,30.0,43.8
2025-11-04 21:00:00,2025,11,4,21,Hà Nội,Xã Tây Phương,21.0403672,105.6115528,76,Moderate,1,19.8,90,0.0,3.4,317,1016.1,100,38.6,38.6,853.0,48.7,25.0,50.7
2025-11-04 22:00:00,2025,11,4,22,Hà Nội,Xã Tây Phương,21.0403672,105.6115528,77,Moderate,1,19.9,91,0.0,4.2,320,1016.1,100,40.9,41.0,694.0,50.9,21.0,56.0
2025-11-04 23:00:00,2025,11,4,23,Hà Nội,Xã Tây Phương,21.0403672,105.6115528,78,Moderate,1,19.7,94,0.0,2.9,349,1016.2,100,41.9,42.0,703.0,52.5,17.0,57.6
2025-11-05 00:00:00,2025,11,5,0,Hà Nội,Xã Tây Phương,21.0403672,105.6115528,79,Moderate,1,19.9,87,0.0,5.6,31,1015.7,100,42.0,42.3,777.0,53.8,14.0,57.5
2025-11-05 01:00:00,2025,11,5,1,Hà Nội,Xã Tây Phương,21.0403672,105.6115528,80,Moderate,1,19.8,84,0.0,6.4,47,1015.4,100,42.4,42.7,810.0,54.4,12.0,57.8
2025-11-05 02:00:00,2025,11,5,2,Hà Nội,Xã Tây Phương,21.0403672,105.6115528,81,Moderate,1,19.7,81,0.0,5.2,78,1015.1,100,40.2,40.5,735.0,53.7,11.0,58.9
2025-11-05 03:00:00,2025,11,5,3,Hà Nội,Xã Tây Phương,21.0403672,105.6115528,83,Moderate,1,19.4,82,0.0,7.8,42,1014.5,100,38.1,38.4,619.0,52.3,12.0,60.3
2025-11-05 04:00:00,2025,11,5,4,Hà Nội,Xã Tây Phương,21.0403672,105.6115528,84,Moderate,1,19.4,81,0.0,8.8,26,1014.0,100,38.3,38.9,563.0,51.5,12.0,63.0
2025-11-05 05:00:00,2025,11,5,5,Hà Nội,Xã Tây Phương,21.0403672,105.6115528,85,Moderate,1,19.3,81,0.0,5.9,50,1014.3,100,40.3,41.0,639.0,53.0,10.0,69.5
2025-11-05 06:00:00,2025,11,5,6,Hà Nội,Xã Tây Phương,21.0403672,105.6115528,86,Moderate,1,19.3,81,0.0,5.1,58,1014.8,100,47.8,48.9,775.0,55.2,7.0,77.2
2025-11-05 07:00:00,2025,11,5,7,Hà Nội,Xã Tây Phương,21.0403672,105.6115528,88,Moderate,1,19.6,84,0.0,3.0,335,1015.2,100,40.9,40.9,851.0,44.9,16.0,79.4
2025-11-05 08:00:00,2025,11,5,8,Hà Nội,Xã Tây Phương,21.0403672,105.6115528,90,Moderate,1,20.2,82,0.0,4.1,2,1015.5,100,32.0,32.0,802.0,38.9,26.0,68.8
2025-11-05 09:00:00,2025,11,5,9,Hà Nội,Xã Tây Phương,21.0403672,105.6115528,91,Moderate,1,20.6,80,0.0,4.9,6,1016.0,100,25.7,25.7,693.0,30.6,41.0,54.1
2025-11-05 10:00:00,2025,11,5,10,Hà Nội,Xã Tây Phương,21.0403672,105.6115528,91,Moderate,1,21.1,77,0.0,4.8,335,1015.8,100,24.0,24.0,600.0,23.9,55.0,42.7
2025-11-05 11:00:00,2025,11,5,11,Hà Nội,Xã Tây Phương,21.0403672,105.6115528,92,Moderate,1,22.0,73,0.0,4.6,318,1015.1,100,22.5,22.5,548.0,20.2,67.0,37.8
2025-11-05 12:00:00,2025,11,5,12,Hà Nội,Xã Tây Phương,21.0403672,105.6115528,92,Moderate,1,22.2,71,0.0,5.1,321,1013.8,100,22.0,22.0,512.0,18.0,78.0,36.2
2025-11-05 13:00:00,2025,11,5,13,Hà Nội,Xã Tây Phương,21.0403672,105.6115528,93,Moderate,1,23.1,68,0.0,4.4,353,1012.8,100,22.5,22.6,496.0,17.1,87.0,35.9
2025-11-05 14:00:00,2025,11,5,14,Hà Nội,Xã Tây Phương,21.0403672,105.6115528,94,Moderate,1,23.7,66,0.0,2.4,27,1011.8,100,24.0,24.0,465.0,15.8,95.0,35.5
2025-11-05 15:00:00,2025,11,5,15,Hà Nội,Xã Tây Phương,21.0403672,105.6115528,95,Moderate,1,23.8,66,0.0,3.6,63,1011.1,100,24.6,24.7,455.0,15.7,101.0,36.4
2025-11-05 16:00:00,2025,11,5,16,Hà Nội,Xã Tây Phương,21.0403672,105.6115528,95,Moderate,1,23.6,67,0.0,4.4,78,1010.9,57,28.6,28.6,574.0,21.4,98.0,40.9
2025-11-05 17:00:00,2025,11,5,17,Hà Nội,Xã Tây Phương,21.0403672,105.6115528,96,Moderate,1,22.5,75,0.0,4.5,88,1011.0,41,53.7,53.7,983.0,37.8,80.0,52.3
2025-11-05 18:00:00,2025,11,5,18,Hà Nội,Xã Tây Phương,21.0403672,105.6115528,99,Moderate,1,21.3,80,0.0,5.9,110,1011.2,93,63.8,63.8,1523.0,60.0,53.0,67.4
2025-11-05 19:00:00,2025,11,5,19,Hà Nội,Xã Tây Phương,21.0403672,105.6115528,102,Unhealthy for Sensitive Groups,2,21.5,83,0.0,3.0,104,1011.8,13,82.9,83.1,1822.0,80.2,12.0,72.0
2025-11-05 20:00:00,2025,11,5,20,Hà Nội,Xã Tây Phương,21.0403672,105.6115528,106,Unhealthy for Sensitive Groups,2,20.9,84,0.0,6.2,120,1012.2,16,88.0,88.2,1650.0,80.9,8.0,72.4
2025-11-05 21:00:00,2025,11,5,21,Hà Nội,Xã Tây Phương,21.0403672,105.6115528,112,Unhealthy for Sensitive Groups,2,20.6,84,0.0,6.7,134,1012.6,93,89.2,89.4,1237.0,81.9,4.0,73.1
2025-11-05 22:00:00,2025,11,5,22,Hà Nội,Xã Tây Phương,21.0403672,105.6115528,117,Unhealthy for Sensitive Groups,2,20.8,84,0.0,5.5,142,1013.1,96,91.0,91.0,906.0,82.6,0.0,74.6
2025-11-05 23:00:00,2025,11,5,23,Hà Nội,Xã Tây Phương,21.0403672,105.6115528,122,Unhealthy for Sensitive Groups,2,20.8,85,0.0,5.5,153,1013.1,57,94.5,94.5,788.0,83.2,0.0,77.8
2025-11-06 00:00:00,2025,11,6,0,Hà Nội,Xã Tây Phương,21.0403672,105.6115528,128,Unhealthy for Sensitive Groups,2,19.8,91,0.0,4.1,165,1012.6,64,97.3,97.6,751.0,83.6,0.0,81.9
2025-11-06 01:00:00,2025,11,6,1,Hà Nội,Xã Tây Phương,21.0403672,105.6115528,134,Unhealthy for Sensitive Groups,2,20.0,91,0.0,3.2,161,1012.3,82,93.4,93.6,725.0,83.0,0.0,84.5
2025-11-06 02:00:00,2025,11,6,2,Hà Nội,Xã Tây Phương,21.0403672,105.6115528,139,Unhealthy for Sensitive Groups,2,20.4,91,0.0,2.4,126,1011.8,97,94.8,95.0,676.0,81.1,0.0,84.1
2025-11-06 03:00:00,2025,11,6,3,Hà Nội,Xã Tây Phương,21.0403672,105.6115528,145,Unhealthy for Sensitive Groups,2,20.1,92,0.0,1.3,8,1011.3,5,94.1,94.1,636.0,78.2,0.0,82.2
2025-11-06 04:00:00,2025,11,6,4,Hà Nội,Xã Tây Phương,21.0403672,105.6115528,150,Unhealthy for Sensitive Groups,2,19.2,96,0.0,2.9,360,1011.5,5,92.9,93.1,636.0,75.0,0.0,81.4
2025-11-06 05:00:00,2025,11,6,5,Hà Nội,Xã Tây Phương,21.0403672,105.6115528,151,Unhealthy,3,19.1,97,0.0,1.8,323,1011.7,12,93.8,94.1,708.0,71.7,1.0,82.3
2025-11-06 06:00:00,2025,11,6,6,Hà Nội,Xã Tây Phương,21.0403672,105.6115528,152,Unhealthy,3,19.0,97,0.0,1.5,300,1012.1,26,97.1,97.3,819.0,68.1,4.0,84.3
2025-11-06 07:00:00,2025,11,6,7,Hà Nội,Xã Tây Phương,21.0403672,105.6115528,154,Unhealthy,3,19.5,95,0.0,0.6,198,1013.1,31,96.4,96.4,896.0,71.7,10.0,94.9
2025-11-06 08:00:00,2025,11,6,8,Hà Nội,Xã Tây Phương,21.0403672,105.6115528,155,Unhealthy,3,21.5,87,0.0,0.7,180,1013.6,72,86.6,86.6,914.0,61.8,27.0,93.6
2025-11-06 09:00:00,2025,11,6,9,Hà Nội,Xã Tây Phương,21.0403672,105.6115528,156,Unhealthy,3,23.1,79,0.0,3.6,108,1014.1,98,71.5,71.7,898.0,48.1,51.0,91.3
2025-11-06 10:00:00,2025,11,6,10,Hà Nội,Xã Tây Phương,21.0403672,105.6115528,157,Unhealthy,3,24.4,73,0.0,7.6,117,1014.4,100,51.1,51.2,854.0,37.6,70.0,85.7
2025-11-06 11:00:00,2025,11,6,11,Hà Nội,Xã Tây Phương,21.0403672,105.6115528,158,Unhealthy,3,25.0,72,0.0,10.9,130,1013.6,100,38.2,38.3,762.0,33.5,78.0,74.1
2025-11-06 12:00:00,2025,11,6,12,Hà Nội,Xã Tây Phương,21.0403672,105.6115528,158,Unhealthy,3,25.1,72,0.0,10.6,140,1012.5,100,39.6,39.8,641.0,32.4,82.0,59.2
2025-11-06 13:00:00,2025,11,6,13,Hà Nội,Xã Tây Phương,21.0403672,105.6115528,158,Unhealthy,3,24.7,72,0.0,9.8,131,1011.9,100,40.0,40.4,557.0,31.8,84.0,46.9
2025-11-06 14:00:00,2025,11,6,14,Hà Nội,Xã Tây Phương,21.0403672,105.6115528,159,Unhealthy,3,24.6,74,0.0,10.1,114,1010.8,100,39.6,39.9,520.0,28.4,90.0,38.2
2025-11-06 15:00:00,2025,11,6,15,Hà Nội,Xã Tây Phương,21.0403672,105.6115528,159,Unhealthy,3,24.4,75,0.0,9.9,122,1010.5,100,41.6,41.9,519.0,25.4,94.0,32.1
2025-11-06 16:00:00,2025,11,6,16,Hà Nội,Xã Tây Phương,21.0403672,105.6115528,159,Unhealthy,3,24.2,76,0.0,7.4,119,1010.0,15,43.2,43.7,586.0,29.2,90.0,31.1
2025-11-06 17:00:00,2025,11,6,17,Hà Nội,Xã Tây Phương,21.0403672,105.6115528,160,Unhealthy,3,23.2,82,0.0,4.2,121,1009.8,11,51.3,51.7,781.0,46.0,69.0,38.0
2025-11-06 18:00:00,2025,11,6,18,Hà Nội,Xã Tây Phương,21.0403672,105.6115528,160,Unhealthy,3,21.9,87,0.0,5.6,135,1010.4,87,75.0,75.4,1045.0,69.6,39.0,49.9
2025-11-06 19:00:00,2025,11,6,19,Hà Nội,Xã Tây Phương,21.0403672,105.6115528,160,Unhealthy,3,22.1,89,0.0,6.2,131,1011.3,1,93.6,94.1,1226.0,85.8,16.0,56.3
2025-11-06 20:00:00,2025,11,6,20,Hà Nội,Xã Tây Phương,21.0403672,105.6115528,160,Unhealthy,3,21.8,90,0.0,3.6,160,1011.6,0,109.4,109.9,1252.0,90.1,11.0,64.9
2025-11-06 21:00:00,2025,11,6,21,Hà Nội,Xã Tây Phương,21.0403672,105.6115528,161,Unhealthy,3,21.4,92,0.0,1.7,238,1011.8,0,121.5,122.0,1196.0,95.8,5.0,76.3
2025-11-06 22:00:00,2025,11,6,22,Hà Nội,Xã Tây Phương,21.0403672,105.6115528,161,Unhealthy,3,20.9,93,0.0,2.1,255,1012.3,71,129.0,129.5,1128.0,97.4,1.0,81.8
2025-11-06 23:00:00,2025,11,6,23,Hà Nội,Xã Tây Phương,21.0403672,105.6115528,162,Unhealthy,3,20.5,95,0.0,3.1,291,1012.1,97,121.5,121.5,1071.0,91.8,1.0,75.8
2025-11-07 00:00:00,2025,11,7,0,Hà Nội,Xã Tây Phương,21.0403672,105.6115528,163,Unhealthy,3,20.1,97,0.0,4.4,300,1011.9,100,105.5,105.9,1002.0,82.2,3.0,64.0
2025-11-07 01:00:00,2025,11,7,1,Hà Nội,Xã Tây Phương,21.0403672,105.6115528,163,Unhealthy,3,20.5,96,0.0,5.1,312,1011.2,100,94.3,94.8,927.0,72.9,5.0,54.6
2025-11-07 02:00:00,2025,11,7,2,Hà Nội,Xã Tây Phương,21.0403672,105.6115528,163,Unhealthy,3,20.5,97,0.0,5.4,323,1010.6,100,87.5,88.0,830.0,65.2,7.0,51.0
2025-11-07 03:00:00,2025,11,7,3,Hà Nội,Xã Tây Phương,21.0403672,105.6115528,163,Unhealthy,3,21.2,96,0.0,8.0,312,1010.4,100,82.9,83.1,727.0,57.9,8.0,49.9
2025-11-07 04:00:00,2025,11,7,4,Hà Nội,Xã Tây Phương,21.0403672,105.6115528,163,Unhealthy,3,21.6,94,0.0,7.9,315,1010.6,100,76.8,77.1,664.0,51.8,10.0,49.3
2025-11-07 05:00:00,2025,11,7,5,Hà Nội,Xã Tây Phương,21.0403672,105.6115528,162,Unhealthy,3,21.7,94,0.1,9.1,322,1010.9,100,71.5,71.7,678.0,47.4,11.0,48.7
2025-11-07 06:00:00,2025,11,7,6,Hà Nội,Xã Tây Phương,21.0403672,105.6115528,162,Unhealthy,3,21.6,95,0.1,9.6,326,1011.5,100,69.2,69.4,733.0,44.2,12.0,48.6
2025-11-07 07:00:00,2025,11,7,7,Hà Nội,Xã Tây Phương,21.0403672,105.6115528,161,Unhealthy,3,21.6,93,0.1,14.4,319,1011.6,100,71.7,71.9,766.0,46.1,11.0,51.5
2025-11-07 08:00:00,2025,11,7,8,Hà Nội,Xã Tây Phương,21.0403672,105.6115528,161,Unhealthy,3,22.3,92,0.0,11.5,312,1012.3,100,68.2,68.5,752.0,42.4,17.0,50.3
2025-11-07 09:00:00,2025,11,7,9,Hà Nội,Xã Tây Phương,21.0403672,105.6115528,160,Unhealthy,3,23.5,87,0.0,11.7,315,1013.0,100,65.7,65.7,715.0,37.2,27.0,48.5
2025-11-07 10:00:00,2025,11,7,10,Hà Nội,Xã Tây Phương,21.0403672,105.6115528,160,Unhealthy,3,23.6,86,0.0,13.0,311,1013.1,100,58.3,58.7,673.0,32.3,37.0,46.4
2025-11-07 11:00:00,2025,11,7,11,Hà Nội,Xã Tây Phương,21.0403672,105.6115528,160,Unhealthy,3,24.4,83,0.0,13.5,315,1012.4,100,52.2,52.4,619.0,27.7,49.0,43.9
2025-11-07 12:00:00,2025,11,7,12,Hà Nội,Xã Tây Phương,21.0403672,105.6115528,160,Unhealthy,3,24.8,81,0.1,14.6,315,1011.1,100,47.8,48.1,558.0,23.4,63.0,41.1
2025-11-07 13:00:00,2025,11,7,13,Hà Nội,Xã Tây Phương,21.0403672,105.6115528,161,Unhealthy,3,25.0,80,0.2,14.8,318,1010.2,100,43.7,43.9,524.0,21.7,70.0,39.0
2025-11-07 14:00:00,2025,11,7,14,Hà Nội,Xã Tây Phương,21.0403672,105.6115528,161,Unhealthy,3,25.3,81,1.2,13.1,323,1009.3,99,47.1,47.3,526.0,23.8,68.0,38.0
2025-11-07 15:00:00,2025,11,7,15,Hà Nội,Xã Tây Phương,21.0403672,105.6115528,161,Unhealthy,3,25.0,84,2.7,11.6,314,1008.9,99,50.6,50.9,554.0,28.5,61.0,37.8
2025-11-07 16:00:00,2025,11,7,16,Hà Nội,Xã Tây Phương,21.0403672,105.6115528,161,Unhealthy,3,24.8,86,0.0,10.9,320,1008.8,100,53.3,53.6,611.0,34.1,52.0,38.1
2025-11-07 17:00:00,2025,11,7,17,Hà Nội,Xã Tây Phương,21.0403672,105.6115528,161,Unhealthy,3,24.3,88,0.0,8.8,316,1009.1,100,58.8,59.0,727.0,41.7,41.0,39.6
2025-11-07 18:00:00,2025,11,7,18,Hà Nội,Xã Tây Phương,21.0403672,105.6115528,161,Unhealthy,3,24.0,90,0.0,5.5,319,1009.9,100,63.1,63.1,871.0,50.1,28.0,41.6
2025-11-07 19:00:00,2025,11,7,19,Hà Nội,Xã Tây Phương,21.0403672,105.6115528,161,Unhealthy,3,23.7,93,0.2,4.0,324,1011.1,100,68.7,68.9,954.0,51.6,30.0,47.5
2025-11-07 20:00:00,2025,11,7,20,Hà Nội,Xã Tây Phương,21.0403672,105.6115528,161,Unhealthy,3,23.5,94,0.1,3.6,354,1011.8,100,65.7,65.9,918.0,48.1,30.0,45.5
2025-11-07 21:00:00,2025,11,7,21,Hà Nội,Xã Tây Phương,21.0403672,105.6115528,160,Unhealthy,3,23.8,92,0.1,7.9,27,1012.5,100,61.9,62.2,821.0,43.2,30.0,42.6
2025-11-07 22:00:00,2025,11,7,22,Hà Nội,Xã Tây Phương,21.0403672,105.6115528,158,Unhealthy,3,23.5,91,0.3,10.9,31,1012.4,100,59.4,59.6,740.0,38.9,30.0,39.5
2025-11-07 23:00:00,2025,11,7,23,Hà Nội,Xã Tây Phương,21.0403672,105.6115528,157,Unhealthy,3,23.0,93,0.4,9.4,35,1012.6,100,55.8,56.0,712.0,35.9,30.0,36.2
2025-11-08 00:00:00,2025,11,8,0,Hà Nội,Xã Tây Phương,21.0403672,105.6115528,155,Unhealthy,3,22.9,94,1.4,10.7,31,1012.1,100,51.7,52.0,702.0,33.5,29.0,32.8
2025-11-08 01:00:00,2025,11,8,1,Hà Nội,Xã Tây Phương,21.0403672,105.6115528,154,Unhealthy,3,22.9,94,0.2,10.0,36,1011.7,100,50.2,50.4,678.0,31.6,28.0,30.3
2025-11-08 02:00:00,2025,11,8,2,Hà Nội,Xã Tây Phương,21.0403672,105.6115528,153,Unhealthy,3,22.6,95,0.5,9.4,36,1011.3,100,48.9,49.1,614.0,30.0,27.0,28.9
2025-11-08 03:00:00,2025,11,8,3,Hà Nội,Xã Tây Phương,21.0403672,105.6115528,152,Unhealthy,3,22.5,96,1.6,7.9,30,1011.1,100,46.6,46.9,536.0,28.8,26.0,28.5
2025-11-08 04:00:00,2025,11,8,4,Hà Nội,Xã Tây Phương,21.0403672,105.6115528,152,Unhealthy,3,22.4,96,0.7,5.1,18,1011.3,100,44.4,44.7,498.0,29.0,24.0,29.3
2025-11-08 05:00:00,2025,11,8,5,Hà Nội,Xã Tây Phương,21.0403672,105.6115528,151,Unhealthy,3,22.5,96,1.2,8.0,31,1011.2,100,43.5,43.9,542.0,32.0,20.0,32.6
2025-11-08 06:00:00,2025,11,8,6,Hà Nội,Xã Tây Phương,21.0403672,105.6115528,150,Unhealthy for Sensitive Groups,2,22.3,96,1.6,8.9,24,1011.7,98,44.7,45.1,625.0,36.3,16.0,37.1
2025-11-08 07:00:00,2025,11,8,7,Hà Nội,Xã Tây Phương,21.0403672,105.6115528,149,Unhealthy for Sensitive Groups,2,23.0,96,1.4,8.3,33,1012.5,98,34.8,35.3,671.0,32.5,19.0,35.3
2025-11-08 08:00:00,2025,11,8,8,Hà Nội,Xã Tây Phương,21.0403672,105.6115528,145,Unhealthy for Sensitive Groups,2,23.9,93,0.9,9.8,52,1013.3,100,22.6,23.0,647.0,30.0,22.0,34.2
2025-11-08 09:00:00,2025,11,8,9,Hà Nội,Xã Tây Phương,21.0403672,105.6115528,140,Unhealthy for Sensitive Groups,2,24.3,96,0.9,7.5,53,1014.1,100,17.1,17.4,585.0,26.4,26.0,32.7
2025-11-08 10:00:00,2025,11,8,10,Hà Nội,Xã Tây Phương,21.0403672,105.6115528,135,Unhealthy for Sensitive Groups,2,24.9,92,1.2,8.8,73,1014.1,100,15.5,15.7,514.0,23.1,32.0,31.1
2025-11-08 11:00:00,2025,11,8,11,Hà Nội,Xã Tây Phương,21.0403672,105.6115528,131,Unhealthy for Sensitive Groups,2,24.9,94,1.8,5.5,101,1013.4,100,13.8,14.1,426.0,20.1,44.0,29.4
2025-11-08 12:00:00,2025,11,8,12,Hà Nội,Xã Tây Phương,21.0403672,105.6115528,127,Unhealthy for Sensitive Groups,2,25.0,91,1.3,8.2,190,1012.3,99,14.4,14.7,328.0,17.4,58.0,27.6
2025-11-08 13:00:00,2025,11,8,13,Hà Nội,Xã Tây Phương,21.0403672,105.6115528,123,Unhealthy for Sensitive Groups,2,26.8,86,0.7,7.8,136,1011.6,55,16.3,16.6,264.0,16.2,67.0,25.9
2025-11-08 14:00:00,2025,11,8,14,Hà Nội,Xã Tây Phương,21.0403672,105.6115528,121,Unhealthy for Sensitive Groups,2,27.8,79,0.1,13.2,129,1010.7,43,14.1,14.4,258.0,16.8,68.0,23.8
2025-11-08 15:00:00,2025,11,8,15,Hà Nội,Xã Tây Phương,21.0403672,105.6115528,117,Unhealthy for Sensitive Groups,2,27.8,77,0.1,15.6,127,1010.1,65,14.8,15.0,287.0,19.0,64.0,21.7
2025-11-08 16:00:00,2025,11,8,16,Hà Nội,Xã Tây Phương,21.0403672,105.6115528,113,Unhealthy for Sensitive Groups,2,27.2,80,0.1,11.3,124,1009.9,31,16.6,17.0,320.0,23.5,57.0,21.6
2025-11-08 17:00:00,2025,11,8,17,Hà Nội,Xã Tây Phương,21.0403672,105.6115528,110,Unhealthy for Sensitive Groups,2,26.4,83,0.2,11.2,120,1010.3,34,22.1,22.7,352.0,32.2,46.0,24.7
2025-11-08 18:00:00,2025,11,8,18,Hà Nội,Xã Tây Phương,21.0403672,105.6115528,106,Unhealthy for Sensitive Groups,2,25.2,89,0.0,10.2,141,1011.0,59,27.8,29.0,390.0,43.2,33.0,29.6
2025-11-08 19:00:00,2025,11,8,19,Hà Nội,Xã Tây Phương,21.0403672,105.6115528,102,Unhealthy for Sensitive Groups,2,24.8,92,0.1,9.2,129,1011.8,27,28.5,30.3,423.0,46.5,28.0,30.8
2025-11-08 20:00:00,2025,11,8,20,Hà Nội,Xã Tây Phương,21.0403672,105.6115528,98,Moderate,1,24.5,92,0.2,6.9,147,1012.6,63,29.1,31.1,452.0,48.5,24.0,33.1
2025-11-08 21:00:00,2025,11,8,21,Hà Nội,Xã Tây Phương,21.0403672,105.6115528,95,Moderate,1,24.2,96,0.3,6.1,152,1012.9,100,32.7,34.9,477.0,51.2,18.0,36.3
2025-11-08 22:00:00,2025,11,8,22,Hà Nội,Xã Tây Phương,21.0403672,105.6115528,92,Moderate,1,23.9,97,0.5,7.1,153,1013.4,70,37.3,39.7,487.0,53.2,13.0,38.7
2025-11-08 23:00:00,2025,11,8,23,Hà Nội,Xã Tây Phương,21.0403672,105.6115528,90,Moderate,1,23.5,98,0.1,6.3,165,1013.1,100,37.8,40.4,473.0,53.9,11.0,39.7
2025-11-09 00:00:00,2025,11,9,0,Hà Nội,Xã Tây Phương,21.0403672,105.6115528,89,Moderate,1,23.5,97,0.3,5.3,162,1013.2,100,38.6,41.2,444.0,53.8,11.0,39.9
2025-11-09 01:00:00,2025,11,9,1,Hà Nội,Xã Tây Phương,21.0403672,105.6115528,88,Moderate,1,23.3,98,0.6,5.3,135,1012.4,57,38.1,40.6,422.0,53.3,11.0,40.0
2025-11-09 02:00:00,2025,11,9,2,Hà Nội,Xã Tây Phương,21.0403672,105.6115528,87,Moderate,1,23.2,97,0.3,2.5,150,1011.8,42,39.1,41.8,411.0,52.1,13.0,39.9
2025-11-09 03:00:00,2025,11,9,3,Hà Nội,Xã Tây Phương,21.0403672,105.6115528,86,Moderate,1,23.0,98,0.0,4.7,88,1011.4,98,37.0,39.6,405.0,50.5,15.0,39.7
2025-11-09 04:00:00,2025,11,9,4,Hà Nội,Xã Tây Phương,21.0403672,105.6115528,85,Moderate,1,23.2,97,0.0,4.4,99,1011.3,99,34.6,36.9,412.0,49.4,17.0,40.1
2025-11-09 05:00:00,2025,11,9,5,Hà Nội,Xã Tây Phương,21.0403672,105.6115528,84,Moderate,1,23.0,98,0.3,7.3,60,1011.5,99,31.9,34.0,447.0,50.2,16.0,42.1
2025-11-09 06:00:00,2025,11,9,6,Hà Nội,Xã Tây Phương,21.0403672,105.6115528,83,Moderate,1,22.5,99,5.4,6.6,73,1012.3,100,30.4,32.4,495.0,51.5,13.0,44.8
2025-11-09 07:00:00,2025,11,9,7,Hà Nội,Xã Tây Phương,21.0403672,105.6115528,82,Moderate,1,23.0,99,4.8,5.0,49,1012.0,99,27.3,28.5,510.0,45.4,12.0,33.9
2025-11-09 08:00:00,2025,11,9,8,Hà Nội,Xã Tây Phương,21.0403672,105.6115528,81,Moderate,1,23.6,98,8.0,4.3,90,1012.9,100,20.4,21.2,462.0,39.3,19.0,32.6
2025-11-09 09:00:00,2025,11,9,9,Hà Nội,Xã Tây Phương,21.0403672,105.6115528,81,Moderate,1,23.8,96,11.8,4.9,28,1013.9,96,17.1,17.6,381.0,30.9,30.0,30.9
2025-11-09 10:00:00,2025,11,9,10,Hà Nội,Xã Tây Phương,21.0403672,105.6115528,81,Moderate,1,24.5,95,0.8,4.3,15,1013.7,100,13.4,13.9,322.0,25.2,37.0,29.9
2025-11-09 11:00:00,2025,11,9,11,Hà Nội,Xã Tây Phương,21.0403672,105.6115528,81,Moderate,1,25.3,88,1.3,2.2,14,1012.7,100,13.4,13.8,307.0,24.7,39.0,30.0
2025-11-09 12:00:00,2025,11,9,12,Hà Nội,Xã Tây Phương,21.0403672,105.6115528,81,Moderate,1,24.4,93,2.6,3.5,246,1011.8,100,14.7,15.1,313.0,26.9,37.0,30.8
2025-11-09 13:00:00,2025,11,9,13,Hà Nội,Xã Tây Phương,21.0403672,105.6115528,81,Moderate,1,27.6,80,1.4,6.0,136,1010.6,82,14.0,14.1,321.0,29.5,36.0,32.1
2025-11-09 14:00:00,2025,11,9,14,Hà Nội,Xã Tây Phương,21.0403672,105.6115528,80,Moderate,1,27.8,80,0.1,9.2,113,1009.7,68,14.2,14.3,306.0,31.4,36.0,34.3
2025-11-09 15:00:00,2025,11,9,15,Hà Nội,Xã Tây Phương,21.0403672,105.6115528,80,Moderate,1,26.7,82,1.2,9.1,141,1009.1,56,16.2,16.2,293.0,33.7,36.0,37.1
2025-11-09 16:00:00,2025,11,9,16,Hà Nội,Xã Tây Phương,21.0403672,105.6115528,81,Moderate,1,26.0,86,0.4,9.2,123,1009.1,89,19.9,20.0,334.0,37.5,34.0,39.1
2025-11-09 17:00:00,2025,11,9,17,Hà Nội,Xã Tây Phương,21.0403672,105.6115528,81,Moderate,1,25.5,90,0.0,5.9,110,1009.4,92,25.6,25.7,475.0,44.9,27.0,39.6
2025-11-09 18:00:00,2025,11,9,18,Hà Nội,Xã Tây Phương,21.0403672,105.6115528,81,Moderate,1,24.5,94,0.1,5.2,117,1010.0,89,31.2,31.4,670.0,53.8,18.0,39.3
2025-11-09 19:00:00,2025,11,9,19,Hà Nội,Xã Tây Phương,21.0403672,105.6115528,81,Moderate,1,24.1,95,0.1,5.2,92,1010.4,64,43.1,44.2,837.0,63.3,12.0,42.8
2025-11-09 20:00:00,2025,11,9,20,Hà Nội,Xã Tây Phương,21.0403672,105.6115528,83,Moderate,1,24.1,96,0.0,5.7,103,1011.3,42,45.5,47.4,942.0,64.4,10.0,44.0
2025-11-09 21:00:00,2025,11,9,21,Hà Nội,Xã Tây Phương,21.0403672,105.6115528,84,Moderate,1,24.0,96,0.2,5.8,104,1011.7,80,48.2,51.3,1019.0,65.7,6.0,45.5
2025-11-09 22:00:00,2025,11,9,22,Hà Nội,Xã Tây Phương,21.0403672,105.6115528,86,Moderate,1,23.8,97,0.2,3.9,106,1011.9,51,50.6,54.0,1085.0,65.5,4.0,45.6
2025-11-09 23:00:00,2025,11,9,23,Hà Nội,Xã Tây Phương,21.0403672,105.6115528,87,Moderate,1,23.5,96,0.4,5.0,105,1011.6,63,51.0,54.5,1180.0,63.3,3.0,43.2
2025-11-10 00:00:00,2025,11,10,0,Hà Nội,Xã Tây Phương,21.0403672,105.6115528,88,Moderate,1,23.3,99,0.5,4.2,97,1011.5,99,48.8,52.4,1265.0,59.5,4.0,39.4
2025-11-10 01:00:00,2025,11,10,1,Hà Nội,Xã Tây Phương,21.0403672,105.6115528,89,Moderate,1,23.4,98,0.2,3.1,121,1010.5,35,43.3,46.1,1241.0,54.3,5.0,36.0
2025-11-10 02:00:00,2025,11,10,2,Hà Nội,Xã Tây Phương,21.0403672,105.6115528,89,Moderate,1,23.5,95,0.4,4.0,111,1010.0,95,36.1,38.2,1001.0,46.3,8.0,33.5
2025-11-10 03:00:00,2025,11,10,3,Hà Nội,Xã Tây Phương,21.0403672,105.6115528,89,Moderate,1,23.5,96,0.6,5.6,75,1009.9,99,28.9,29.9,652.0,36.9,11.0,31.3
2025-11-10 04:00:00,2025,11,10,4,Hà Nội,Xã Tây Phương,21.0403672,105.6115528,88,Moderate,1,23.4,96,0.3,7.6,82,1010.0,100,22.2,22.6,419.0,29.6,14.0,29.9
2025-11-10 05:00:00,2025,11,10,5,Hà Nội,Xã Tây Phương,21.0403672,105.6115528,87,Moderate,1,23.1,98,0.3,8.7,76,1010.4,100,16.8,16.8,412.0,26.4,14.0,29.4
2025-11-10 06:00:00,2025,11,10,6,Hà Nội,Xã Tây Phương,21.0403672,105.6115528,86,Moderate,1,22.7,96,0.3,11.5,67,1011.0,100,15.4,15.4,521.0,25.5,12.0,29.6
2025-11-10 07:00:00,2025,11,10,7,Hà Nội,Xã Tây Phương,21.0403672,105.6115528,85,Moderate,1,22.5,94,0.2,9.9,69,1011.4,100,19.1,19.3,637.0,26.7,9.0,32.1
2025-11-10 08:00:00,2025,11,10,8,Hà Nội,Xã Tây Phương,21.0403672,105.6115528,84,Moderate,1,23.1,90,0.1,8.9,66,1012.2,100,19.4,19.4,749.0,25.4,13.0,33.7
2025-11-10 09:00:00,2025,11,10,9,Hà Nội,Xã Tây Phương,21.0403672,105.6115528,84,Moderate,1,23.6,87,0.1,7.7,66,1013.1,100,18.7,18.9,869.0,23.6,19.0,36.1
2025-11-10 10:00:00,2025,11,10,10,Hà Nội,Xã Tây Phương,21.0403672,105.6115528,84,Moderate,1,24.0,85,0.0,9.5,69,1012.7,96,19.2,19.2,923.0,22.2,26.0,38.3
2025-11-10 11:00:00,2025,11,10,11,Hà Nội,Xã Tây Phương,21.0403672,105.6115528,84,Moderate,1,25.4,78,0.0,8.7,68,1011.6,66,19.3,19.4,854.0,21.6,36.0,40.4
2025-11-10 12:00:00,2025,11,10,12,Hà Nội,Xã Tây Phương,21.0403672,105.6115528,85,Moderate,1,26.8,73,0.0,8.6,88,1010.3,80,20.2,20.3,719.0,21.5,49.0,42.4
2025-11-10 13:00:00,2025,11,10,13,Hà Nội,Xã Tây Phương,21.0403672,105.6115528,85,Moderate,1,27.0,71,0.0,9.7,94,1008.9,100,22.1,22.2,617.0,21.9,59.0,43.8
2025-11-10 14:00:00,2025,11,10,14,Hà Nội,Xã Tây Phương,21.0403672,105.6115528,86,Moderate,1,27.3,71,0.0,10.3,93,1008.0,100,23.8,24.0,581.0,21.6,68.0,43.6
2025-11-10 15:00:00,2025,11,10,15,Hà Nội,Xã Tây Phương,21.0403672,105.6115528,87,Moderate,1,27.2,70,0.0,9.9,88,1007.5,100,24.7,24.9,577.0,21.8,75.0,42.8
2025-11-10 16:00:00,2025,11,10,16,Hà Nội,Xã Tây Phương,21.0403672,105.6115528,88,Moderate,1,26.7,73,0.0,8.5,88,1007.4,100,25.6,25.7,607.0,26.0,75.0,44.3
2025-11-10 17:00:00,2025,11,10,17,Hà Nội,Xã Tây Phương,21.0403672,105.6115528,88,Moderate,1,26.0,75,0.0,6.3,97,1008.0,100,33.6,33.8,681.0,39.0,60.0,50.7
2025-11-10 18:00:00,2025,11,10,18,Hà Nội,Xã Tây Phương,21.0403672,105.6115528,89,Moderate,1,25.5,77,0.0,6.2,102,1008.6,100,46.4,46.6,790.0,56.0,38.0,59.4
2025-11-10 19:00:00,2025,11,10,19,Hà Nội,Xã Tây Phương,21.0403672,105.6115528,90,Moderate,1,23.7,80,0.0,9.5,68,1009.3,100,61.0,61.0,900.0,64.4,30.0,59.3
2025-11-10 20:00:00,2025,11,10,20,Hà Nội,Xã Tây Phương,21.0403672,105.6115528,92,Moderate,1,23.8,79,0.0,10.1,74,1010.3,100,66.4,66.4,1036.0,62.6,28.0,61.7
2025-11-10 21:00:00,2025,11,10,21,Hà Nội,Xã Tây Phương,21.0403672,105.6115528,94,Moderate,1,23.5,79,0.0,10.2,76,1010.8,100,65.0,65.0,1175.0,59.7,26.0,64.6
2025-11-10 22:00:00,2025,11,10,22,Hà Nội,Xã Tây Phương,21.0403672,105.6115528,95,Moderate,1,23.1,78,0.0,8.1,84,1011.0,100,75.7,75.9,1214.0,55.1,25.0,63.5
2025-11-10 23:00:00,2025,11,10,23,Hà Nội,Xã Tây Phương,21.0403672,105.6115528,97,Moderate,1,22.9,77,0.0,6.0,63,1011.0,100,68.9,69.2,1066.0,47.3,27.0,54.7
2025-11-11 00:00:00,2025,11,11,0,Hà Nội,Xã Tây Phương,21.0403672,105.6115528,99,Moderate,1,22.5,79,0.1,8.1,51,1010.4,100,50.4,50.6,818.0,37.7,30.0,42.0
2025-11-11 01:00:00,2025,11,11,1,Hà Nội,Xã Tây Phương,21.0403672,105.6115528,99,Moderate,1,22.3,82,0.0,7.4,47,1009.8,100,37.5,37.6,634.0,29.8,32.0,31.7
2025-11-11 02:00:00,2025,11,11,2,Hà Nội,Xã Tây Phương,21.0403672,105.6115528,99,Moderate,1,22.2,82,0.0,8.4,50,1009.3,100,32.2,32.4,585.0,24.8,34.0,26.2
2025-11-11 03:00:00,2025,11,11,3,Hà Nội,Xã Tây Phương,21.0403672,105.6115528,98,Moderate,1,22.1,81,0.0,8.6,54,1009.6,100,27.2,27.3,599.0,21.6,35.0,23.1
2025-11-11 04:00:00,2025,11,11,4,Hà Nội,Xã Tây Phương,21.0403672,105.6115528,98,Moderate,1,21.9,81,0.1,10.8,53,1009.8,100,27.2,27.3,625.0,20.2,35.0,22.1
2025-11-11 05:00:00,2025,11,11,5,Hà Nội,Xã Tây Phương,21.0403672,105.6115528,99,Moderate,1,21.6,81,0.0,11.0,49,1010.4,100,28.3,28.4,660.0,21.7,32.0,23.8
2025-11-11 06:00:00,2025,11,11,6,Hà Nội,Xã Tây Phương,21.0403672,105.6115528,100,Moderate,1,21.5,80,0.1,10.6,48,1011.4,100,29.0,29.2,707.0,25.0,28.0,27.6
2025-11-11 07:00:00,2025,11,11,7,Hà Nội,Xã Tây Phương,21.0403672,105.6115528,101,Unhealthy for Sensitive Groups,2,21.5,80,0.2,10.6,46,1011.7,100,30.0,30.2,728.0,28.6,21.0,32.8
2025-11-11 08:00:00,2025,11,11,8,Hà Nội,Xã Tây Phương,21.0403672,105.6115528,102,Unhealthy for Sensitive Groups,2,21.5,81,0.0,10.7,50,1012.7,100,28.8,28.8,701.0,26.9,24.0,32.9
2025-11-11 09:00:00,2025,11,11,9,Hà Nội,Xã Tây Phương,21.0403672,105.6115528,103,Unhealthy for Sensitive Groups,2,21.7,80,0.1,11.8,52,1013.8,100,26.1,26.1,647.0,24.6,29.0,33.1
2025-11-11 10:00:00,2025,11,11,10,Hà Nội,Xã Tây Phương,21.0403672,105.6115528,104,Unhealthy for Sensitive Groups,2,21.8,79,0.0,9.4,40,1013.7,100,24.4,24.4,597.0,23.0,34.0,33.7
2025-11-11 11:00:00,2025,11,11,11,Hà Nội,Xã Tây Phương,21.0403672,105.6115528,104,Unhealthy for Sensitive Groups,2,22.6,75,0.0,8.0,44,1013.1,100,24.7,24.8,557.0,22.6,38.0,35.0
2025-11-11 12:00:00,2025,11,11,12,Hà Nội,Xã Tây Phương,21.0403672,105.6115528,105,Unhealthy for Sensitive Groups,2,23.3,72,0.0,7.5,42,1012.1,100,26.4,26.4,520.0,22.9,41.0,36.6
2025-11-11 13:00:00,2025,11,11,13,Hà Nội,Xã Tây Phương,21.0403672,105.6115528,106,Unhealthy for Sensitive Groups,2,24.0,68,0.0,8.6,41,1011.6,100,28.1,28.2,493.0,23.4,44.0,38.4
2025-11-11 14:00:00,2025,11,11,14,Hà Nội,Xã Tây Phương,21.0403672,105.6115528,106,Unhealthy for Sensitive Groups,2,24.4,66,0.0,9.6,41,1010.7,100,31.3,31.3,443.0,22.8,49.0,39.8
2025-11-11 15:00:00,2025,11,11,15,Hà Nội,Xã Tây Phương,21.0403672,105.6115528,107,Unhealthy for Sensitive Groups,2,24.0,66,0.0,8.6,36,1010.3,100,33.2,33.2,402.0,22.4,55.0,41.3
2025-11-11 16:00:00,2025,11,11,16,Hà Nội,Xã Tây Phương,21.0403672,105.6115528,108,Unhealthy for Sensitive Groups,2,24.1,67,0.0,5.9,31,1010.4,100,33.2,33.2,474.0,25.6,54.0,43.9
2025-11-11 17:00:00,2025,11,11,17,Hà Nội,Xã Tây Phương,21.0403672,105.6115528,109,Unhealthy for Sensitive Groups,2,23.4,78,0.0,2.6,25,1010.6,100,36.9,37.0,790.0,36.4,42.0,48.8
2025-11-11 18:00:00,2025,11,11,18,Hà Nội,Xã Tây Phương,21.0403672,105.6115528,109,Unhealthy for Sensitive Groups,2,23.2,78,0.0,1.4,320,1011.3,100,53.7,53.7,1220.0,50.7,23.0,54.7
2025-11-11 19:00:00,2025,11,11,19,Hà Nội,Xã Tây Phương,21.0403672,105.6115528,110,Unhealthy for Sensitive Groups,2,22.5,80,0.0,3.1,21,1012.2,100,64.7,64.7,1473.0,67.1,9.0,65.6
2025-11-11 20:00:00,2025,11,11,20,Hà Nội,Xã Tây Phương,21.0403672,105.6115528,110,Unhealthy for Sensitive Groups,2,22.5,78,0.0,2.5,315,1012.5,100,76.1,76.1,1378.0,67.3,7.0,70.2
2025-11-11 21:00:00,2025,11,11,21,Hà Nội,Xã Tây Phương,21.0403672,105.6115528,111,Unhealthy for Sensitive Groups,2,22.6,77,0.0,2.9,317,1013.1,100,85.7,85.7,1107.0,67.4,4.0,76.2
2025-11-11 22:00:00,2025,11,11,22,Hà Nội,Xã Tây Phương,21.0403672,105.6115528,113,Unhealthy for Sensitive Groups,2,22.5,74,0.0,4.4,9,1013.4,100,89.9,89.9,886.0,66.4,2.0,78.7
2025-11-11 23:00:00,2025,11,11,23,Hà Nội,Xã Tây Phương,21.0403672,105.6115528,115,Unhealthy for Sensitive Groups,2,22.6,70,0.0,11.6,47,1013.4,100,85.9,85.9,802.0,63.7,2.0,74.0
2025-11-12 00:00:00,2025,11,12,0,Hà Nội,Xã Tây Phương,21.0403672,105.6115528,117,Unhealthy for Sensitive Groups,2,22.3,69,0.0,14.6,46,1013.3,100,79.2,79.2,769.0,59.9,2.0,65.7
2025-11-12 01:00:00,2025,11,12,1,Hà Nội,Xã Tây Phương,21.0403672,105.6115528,120,Unhealthy for Sensitive Groups,2,22.0,71,0.0,11.9,51,1013.1,100,72.2,72.2,747.0,55.6,4.0,59.4
2025-11-12 02:00:00,2025,11,12,2,Hà Nội,Xã Tây Phương,21.0403672,105.6115528,123,Unhealthy for Sensitive Groups,2,21.7,72,0.0,8.5,42,1013.2,100,65.0,65.2,729.0,50.2,8.0,56.9
2025-11-12 03:00:00,2025,11,12,3,Hà Nội,Xã Tây Phương,21.0403672,105.6115528,127,Unhealthy for Sensitive Groups,2,21.6,69,0.0,11.4,41,1013.4,100,58.1,58.1,724.0,44.3,14.0,56.4
2025-11-12 04:00:00,2025,11,12,4,Hà Nội,Xã Tây Phương,21.0403672,105.6115528,130,Unhealthy for Sensitive Groups,2,21.3,64,0.0,13.8,43,1013.8,100,53.3,53.4,716.0,40.5,18.0,57.9
2025-11-12 05:00:00,2025,11,12,5,Hà Nội,Xã Tây Phương,21.0403672,105.6115528,133,Unhealthy for Sensitive Groups,2,20.6,66,0.1,12.6,49,1014.4,100,51.7,51.8,703.0,41.2,17.0,63.8
2025-11-12 06:00:00,2025,11,12,6,Hà Nội,Xã Tây Phương,21.0403672,105.6115528,135,Unhealthy for Sensitive Groups,2,20.5,65,0.0,11.8,52,1015.3,100,52.0,52.2,688.0,44.1,15.0,71.7
2025-11-12 07:00:00,2025,11,12,7,Hà Nội,Xã Tây Phương,21.0403672,105.6115528,137,Unhealthy for Sensitive Groups,2,20.1,70,0.0,10.4,48,1016.1,100,29.7,29.7,664.0,36.1,18.0,45.5
2025-11-12 08:00:00,2025,11,12,8,Hà Nội,Xã Tây Phương,21.0403672,105.6115528,137,Unhealthy for Sensitive Groups,2,21.0,64,0.0,14.2,38,1016.6,100,24.7,24.8,622.0,30.5,26.0,41.1
2025-11-12 09:00:00,2025,11,12,9,Hà Nội,Xã Tây Phương,21.0403672,105.6115528,137,Unhealthy for Sensitive Groups,2,21.4,60,0.0,14.4,37,1017.5,100,22.3,22.5,570.0,22.8,38.0,35.1
2025-11-12 10:00:00,2025,11,12,10,Hà Nội,Xã Tây Phương,21.0403672,105.6115528,136,Unhealthy for Sensitive Groups,2,21.7,60,0.0,12.9,33,1017.2,100,20.6,20.9,530.0,16.5,51.0,30.4
2025-11-12 11:00:00,2025,11,12,11,Hà Nội,Xã Tây Phương,21.0403672,105.6115528,136,Unhealthy for Sensitive Groups,2,22.9,55,0.0,11.1,9,1016.4,98,20.0,20.4,506.0,13.0,67.0,28.4
2025-11-12 12:00:00,2025,11,12,12,Hà Nội,Xã Tây Phương,21.0403672,105.6115528,136,Unhealthy for Sensitive Groups,2,23.4,54,0.0,10.3,359,1015.3,100,20.7,21.1,494.0,11.0,85.0,27.7
2025-11-12 13:00:00,2025,11,12,13,Hà Nội,Xã Tây Phương,21.0403672,105.6115528,135,Unhealthy for Sensitive Groups,2,24.7,57,0.0,9.1,338,1014.0,24,21.5,21.8,494.0,10.1,99.0,27.5
2025-11-12 14:00:00,2025,11,12,14,Hà Nội,Xã Tây Phương,21.0403672,105.6115528,134,Unhealthy for Sensitive Groups,2,24.8,61,0.0,7.8,318,1013.1,23,21.5,21.8,495.0,8.5,107.0,26.6
2025-11-12 15:00:00,2025,11,12,15,Hà Nội,Xã Tây Phương,21.0403672,105.6115528,133,Unhealthy for Sensitive Groups,2,24.9,62,0.0,7.4,311,1012.9,23,21.8,22.0,510.0,7.9,111.0,26.2
2025-11-12 16:00:00,2025,11,12,16,Hà Nội,Xã Tây Phương,21.0403672,105.6115528,132,Unhealthy for Sensitive Groups,2,24.4,64,0.0,7.9,305,1012.9,30,22.6,22.9,573.0,13.4,106.0,29.0
2025-11-12 17:00:00,2025,11,12,17,Hà Nội,Xã Tây Phương,21.0403672,105.6115528,131,Unhealthy for Sensitive Groups,2,23.0,73,0.0,7.3,298,1013.3,68,35.0,35.3,743.0,30.8,84.0,37.8
2025-11-12 18:00:00,2025,11,12,18,Hà Nội,Xã Tây Phương,21.0403672,105.6115528,131,Unhealthy for Sensitive Groups,2,22.1,74,0.0,6.4,297,1013.8,93,60.3,60.5,961.0,54.3,53.0,49.7
2025-11-12 19:00:00,2025,11,12,19,Hà Nội,Xã Tây Phương,21.0403672,105.6115528,132,Unhealthy for Sensitive Groups,2,22.7,79,0.0,2.5,266,1014.6,100,81.3,81.5,1095.0,76.3,34.0,61.4
2025-11-12 20:00:00,2025,11,12,20,Hà Nội,Xã Tây Phương,21.0403672,105.6115528,133,Unhealthy for Sensitive Groups,2,22.5,79,0.0,2.4,257,1015.1,81,96.2,97.3,1071.0,78.1,28.0,67.4
2025-11-12 21:00:00,2025,11,12,21,Hà Nội,Xã Tây Phương,21.0403672,105.6115528,135,Unhealthy for Sensitive Groups,2,22.1,81,0.0,1.8,307,1015.5,70,106.2,107.1,962.0,80.3,20.0,75.6
2025-11-12 22:00:00,2025,11,12,22,Hà Nội,Xã Tây Phương,21.0403672,105.6115528,137,Unhealthy for Sensitive Groups,2,21.1,83,0.0,1.9,304,1016.1,87,111.5,112.5,851.0,80.3,15.0,80.1
2025-11-12 23:00:00,2025,11,12,23,Hà Nội,Xã Tây Phương,21.0403672,105.6115528,140,Unhealthy for Sensitive Groups,2,20.5,86,0.0,4.1,315,1016.4,99,112.9,113.9,760.0,76.1,15.0,77.6
2025-11-13 00:00:00,2025,11,13,0,Hà Nội,Xã Tây Phương,21.0403672,105.6115528,143,Unhealthy for Sensitive Groups,2,20.4,88,0.0,4.7,360,1016.6,100,105.5,106.4,668.0,69.7,18.0,71.6
2025-11-13 01:00:00,2025,11,13,1,Hà Nội,Xã Tây Phương,21.0403672,105.6115528,145,Unhealthy for Sensitive Groups,2,21.0,85,0.0,5.9,23,1016.6,100,81.3,81.7,596.0,64.0,20.0,66.7
2025-11-13 02:00:00,2025,11,13,2,Hà Nội,Xã Tây Phương,21.0403672,105.6115528,146,Unhealthy for Sensitive Groups,2,21.0,76,0.0,7.9,51,1016.4,100,73.1,73.6,550.0,60.4,21.0,64.9
2025-11-13 03:00:00,2025,11,13,3,Hà Nội,Xã Tây Phương,21.0403672,105.6115528,147,Unhealthy for Sensitive Groups,2,21.2,68,0.0,9.8,50,1016.5,100,68.0,68.5,525.0,57.5,21.0,64.2
2025-11-13 04:00:00,2025,11,13,4,Hà Nội,Xã Tây Phương,21.0403672,105.6115528,148,Unhealthy for Sensitive Groups,2,21.2,66,0.0,10.6,43,1017.3,100,64.5,65.0,521.0,54.4,22.0,63.4
2025-11-13 05:00:00,2025,11,13,5,Hà Nội,Xã Tây Phương,21.0403672,105.6115528,149,Unhealthy for Sensitive Groups,2,21.3,62,0.0,11.6,43,1017.9,99,59.8,60.1,564.0,51.4,22.0,62.9
2025-11-13 06:00:00,2025,11,13,6,Hà Nội,Xã Tây Phương,21.0403672,105.6115528,150,Unhealthy for Sensitive Groups,2,21.0,62,0.0,10.1,44,1019.1,100,54.2,54.8,628.0,48.1,23.0,62.2
2025-11-13 07:00:00,2025,11,13,7,Hà Nội,Xã Tây Phương,21.0403672,105.6115528,150,Unhealthy for Sensitive Groups,2,21.4,61,0.0,11.5,44,1019.8,37,36.6,36.8,644.0,46.0,24.0,63.0
2025-11-13 08:00:00,2025,11,13,8,Hà Nội,Xã Tây Phương,21.0403672,105.6115528,150,Unhealthy for Sensitive Groups,2,22.1,60,0.0,10.9,51,1020.5,1,18.7,19.3,560.0,35.9,41.0,52.0
2025-11-13 09:00:00,2025,11,13,9,Hà Nội,Xã Tây Phương,21.0403672,105.6115528,150,Unhealthy for Sensitive Groups,2,23.1,53,0.0,14.5,46,1020.9,13,16.7,17.9,426.0,21.8,65.0,36.9
2025-11-13 10:00:00,2025,11,13,10,Hà Nội,Xã Tây Phương,21.0403672,105.6115528,150,Unhealthy for Sensitive Groups,2,23.8,51,0.0,14.2,39,1020.6,0,17.2,18.7,326.0,11.1,87.0,25.2
2025-11-13 11:00:00,2025,11,13,11,Hà Nội,Xã Tây Phương,21.0403672,105.6115528,149,Unhealthy for Sensitive Groups,2,24.8,47,0.0,11.8,27,1019.3,0,17.3,19.2,292.0,6.8,103.0,20.3
2025-11-13 12:00:00,2025,11,13,12,Hà Nội,Xã Tây Phương,21.0403672,105.6115528,149,Unhealthy for Sensitive Groups,2,25.6,45,0.0,9.7,25,1018.0,6,17.4,19.2,290.0,5.7,117.0,18.9
2025-11-13 13:00:00,2025,11,13,13,Hà Nội,Xã Tây Phương,21.0403672,105.6115528,149,Unhealthy for Sensitive Groups,2,26.1,45,0.0,8.6,26,1016.5,0,17.7,19.4,304.0,5.7,126.0,18.5
2025-11-13 14:00:00,2025,11,13,14,Hà Nội,Xã Tây Phương,21.0403672,105.6115528,148,Unhealthy for Sensitive Groups,2,26.4,45,0.0,6.2,15,1015.6,0,18.4,19.9,303.0,4.0,133.0,17.5
2025-11-13 15:00:00,2025,11,13,15,Hà Nội,Xã Tây Phương,21.0403672,105.6115528,148,Unhealthy for Sensitive Groups,2,26.2,46,0.0,4.1,358,1014.9,0,18.9,20.3,318.0,3.3,136.0,17.6
2025-11-13 16:00:00,2025,11,13,16,Hà Nội,Xã Tây Phương,21.0403672,105.6115528,148,Unhealthy for Sensitive Groups,2,25.7,51,0.0,2.9,313,1014.9,1,19.7,21.0,421.0,9.6,129.0,21.5
2025-11-13 17:00:00,2025,11,13,17,Hà Nội,Xã Tây Phương,21.0403672,105.6115528,148,Unhealthy for Sensitive Groups,2,23.8,66,0.0,1.8,186,1014.8,0,36.3,37.6,701.0,29.7,104.0,32.2
2025-11-13 18:00:00,2025,11,13,18,Hà Nội,Xã Tây Phương,21.0403672,105.6115528,148,Unhealthy for Sensitive Groups,2,22.0,67,0.0,2.9,187,1015.0,0,63.8,65.2,1068.0,56.8,68.0,46.8
2025-11-13 19:00:00,2025,11,13,19,Hà Nội,Xã Tây Phương,21.0403672,105.6115528,148,Unhealthy for Sensitive Groups,2,21.5,67,0.0,3.1,201,1015.4,0,74.0,75.2,1331.0,77.8,34.0,57.2
2025-11-13 20:00:00,2025,11,13,20,Hà Nội,Xã Tây Phương,21.0403672,105.6115528,147,Unhealthy for Sensitive Groups,2,20.9,70,0.0,3.4,227,1015.6,0,87.1,88.5,1402.0,79.1,28.0,63.2
2025-11-13 21:00:00,2025,11,13,21,Hà Nội,Xã Tây Phương,21.0403672,105.6115528,146,Unhealthy for Sensitive Groups,2,20.1,73,0.0,3.8,251,1015.6,0,96.4,97.8,1367.0,80.7,21.0,71.4
2025-11-13 22:00:00,2025,11,13,22,Hà Nội,Xã Tây Phương,21.0403672,105.6115528,145,Unhealthy for Sensitive Groups,2,19.5,80,0.0,2.1,255,1016.1,0,105.5,106.6,1297.0,81.0,15.0,77.4
2025-11-13 23:00:00,2025,11,13,23,Hà Nội,Xã Tây Phương,21.0403672,105.6115528,145,Unhealthy for Sensitive Groups,2,19.1,81,0.0,3.2,93,1016.3,2,110.1,111.3,1150.0,78.5,14.0,79.1
2025-11-14 00:00:00,2025,11,14,0,Hà Nội,Xã Tây Phương,21.0403672,105.6115528,144,Unhealthy for Sensitive Groups,2,19.1,80,0.0,2.2,66,1016.2,16,106.9,108.0,967.0,74.6,15.0,78.6
2025-11-14 01:00:00,2025,11,14,1,Hà Nội,Xã Tây Phương,21.0403672,105.6115528,145,Unhealthy for Sensitive Groups,2,19.0,83,0.0,2.3,18,1016.4,0,94.1,95.5,938.0,71.6,15.0,77.3
2025-11-14 02:00:00,2025,11,14,2,Hà Nội,Xã Tây Phương,21.0403672,105.6115528,146,Unhealthy for Sensitive Groups,2,18.2,85,0.0,4.7,47,1016.3,2,90.8,92.0,1247.0,71.2,12.0,75.4
2025-11-14 03:00:00,2025,11,14,3,Hà Nội,Xã Tây Phương,21.0403672,105.6115528,148,Unhealthy for Sensitive Groups,2,17.6,85,0.0,4.8,68,1016.2,15,85.7,86.6,1709.0,71.7,8.0,72.9
2025-11-14 04:00:00,2025,11,14,4,Hà Nội,Xã Tây Phương,21.0403672,105.6115528,150,Unhealthy for Sensitive Groups,2,17.3,84,0.0,3.1,80,1016.7,28,76.4,77.3,1962.0,70.9,6.0,70.7
2025-11-14 05:00:00,2025,11,14,5,Hà Nội,Xã Tây Phương,21.0403672,105.6115528,150,Unhealthy for Sensitive Groups,2,17.0,84,0.0,2.5,82,1017.1,18,68.2,69.2,1807.0,68.4,6.0,70.1
2025-11-14 06:00:00,2025,11,14,6,Hà Nội,Xã Tây Phương,21.0403672,105.6115528,150,Unhealthy for Sensitive Groups,2,16.6,85,0.0,3.8,93,1018.0,15,64.7,65.9,1442.0,64.4,9.0,70.0
2025-11-14 07:00:00,2025,11,14,7,Hà Nội,Xã Tây Phương,21.0403672,105.6115528,151,Unhealthy,3,18.1,82,0.0,5.9,55,1019.1,0,70.3,72.4,1100.0,62.6,16.0,64.4
2025-11-14 08:00:00,2025,11,14,8,Hà Nội,Xã Tây Phương,21.0403672,105.6115528,151,Unhealthy,3,19.9,77,0.0,5.8,51,1019.6,0,53.6,55.6,845.0,49.8,39.0,58.1
2025-11-14 09:00:00,2025,11,14,9,Hà Nội,Xã Tây Phương,21.0403672,105.6115528,152,Unhealthy,3,21.9,67,0.0,8.0,42,1020.2,0,26.0,27.0,612.0,32.0,72.0,49.2
2025-11-14 10:00:00,2025,11,14,10,Hà Nội,Xã Tây Phương,21.0403672,105.6115528,152,Unhealthy,3,23.4,53,0.0,11.0,41,1020.2,0,14.3,14.5,441.0,17.9,100.0,41.2
2025-11-14 11:00:00,2025,11,14,11,Hà Nội,Xã Tây Phương,21.0403672,105.6115528,152,Unhealthy,3,24.2,46,0.0,11.1,44,1019.0,0,12.8,12.9,358.0,11.1,118.0,35.1
2025-11-14 12:00:00,2025,11,14,12,Hà Nội,Xã Tây Phương,21.0403672,105.6115528,152,Unhealthy,3,24.8,44,0.0,8.0,44,1017.6,0,13.2,13.3,336.0,8.1,131.0,30.0
2025-11-14 13:00:00,2025,11,14,13,Hà Nội,Xã Tây Phương,21.0403672,105.6115528,152,Unhealthy,3,25.5,41,0.0,6.4,32,1016.5,0,14.1,14.2,331.0,6.8,139.0,26.6
2025-11-14 14:00:00,2025,11,14,14,Hà Nội,Xã Tây Phương,21.0403672,105.6115528,152,Unhealthy,3,25.8,41,0.0,4.7,16,1015.4,0,15.0,15.0,301.0,4.6,146.0,24.4
2025-11-14 15:00:00,2025,11,14,15,Hà Nội,Xã Tây Phương,21.0403672,105.6115528,152,Unhealthy,3,25.6,42,0.0,4.0,357,1015.0,0,15.7,15.7,288.0,4.0,148.0,23.9
2025-11-14 16:00:00,2025,11,14,16,Hà Nội,Xã Tây Phương,21.0403672,105.6115528,152,Unhealthy,3,25.1,50,0.0,3.6,327,1015.0,0,17.1,17.2,377.0,11.0,139.0,27.4
2025-11-14 17:00:00,2025,11,14,17,Hà Nội,Xã Tây Phương,21.0403672,105.6115528,152,Unhealthy,3,23.1,63,0.0,1.8,276,1014.8,0,40.2,40.2,677.0,32.7,111.0,38.1
2025-11-14 18:00:00,2025,11,14,18,Hà Nội,Xã Tây Phương,21.0403672,105.6115528,152,Unhealthy,3,21.2,68,0.0,1.8,259,1015.1,0,67.3,67.3,1079.0,61.9,71.0,52.8
2025-11-14 19:00:00,2025,11,14,19,Hà Nội,Xã Tây Phương,21.0403672,105.6115528,152,Unhealthy,3,21.0,68,0.0,1.3,278,1015.8,0,73.8,74.7,1343.0,82.0,39.0,64.6
2025-11-14 20:00:00,2025,11,14,20,Hà Nội,Xã Tây Phương,21.0403672,105.6115528,152,Unhealthy,3,20.6,68,0.0,1.0,202,1016.7,0,85.2,86.4,1304.0,81.6,34.0,68.2
2025-11-14 21:00:00,2025,11,14,21,Hà Nội,Xã Tây Phương,21.0403672,105.6115528,152,Unhealthy,3,19.5,72,0.0,2.8,195,1017.2,0,89.2,90.3,1127.0,81.0,27.0,72.8
2025-11-14 22:00:00,2025,11,14,22,Hà Nội,Xã Tây Phương,21.0403672,105.6115528,152,Unhealthy,3,18.8,73,0.0,3.1,220,1017.5,0,89.2,90.3,1071.0,79.6,21.0,74.2
2025-11-14 23:00:00,2025,11,14,23,Hà Nội,Xã Tây Phương,21.0403672,105.6115528,151,Unhealthy,3,18.8,73,0.0,0.4,243,1017.8,0,89.2,90.3,1312.0,77.0,17.0,69.1
2025-11-15 00:00:00,2025,11,15,0,Hà Nội,Xã Tây Phương,21.0403672,105.6115528,151,Unhealthy,3,18.0,77,0.0,3.4,84,1017.7,0,87.8,88.9,1675.0,73.7,14.0,60.8
2025-11-15 01:00:00,2025,11,15,1,Hà Nội,Xã Tây Phương,21.0403672,105.6115528,150,Unhealthy for Sensitive Groups,2,17.3,84,0.0,4.7,67,1017.8,0,84.1,85.4,1887.0,70.0,12.0,54.3
2025-11-15 02:00:00,2025,11,15,2,Hà Nội,Xã Tây Phương,21.0403672,105.6115528,150,Unhealthy for Sensitive Groups,2,16.8,89,0.0,4.4,52,1017.6,0,77.5,78.9,1794.0,65.9,12.0,51.4
2025-11-15 03:00:00,2025,11,15,3,Hà Nội,Xã Tây Phương,21.0403672,105.6115528,150,Unhealthy for Sensitive Groups,2,16.0,93,0.0,4.4,35,1017.5,0,71.5,72.4,1551.0,61.5,13.0,50.4
2025-11-15 04:00:00,2025,11,15,4,Hà Nội,Xã Tây Phương,21.0403672,105.6115528,148,Unhealthy for Sensitive Groups,2,15.6,93,0.0,4.0,21,1017.7,0,67.5,68.7,1353.0,57.8,15.0,50.9
2025-11-15 05:00:00,2025,11,15,5,Hà Nội,Xã Tây Phương,21.0403672,105.6115528,147,Unhealthy for Sensitive Groups,2,15.9,88,0.0,2.0,360,1018.0,0,64.3,65.2,1298.0,56.1,16.0,53.7
2025-11-15 06:00:00,2025,11,15,6,Hà Nội,Xã Tây Phương,21.0403672,105.6115528,147,Unhealthy for Sensitive Groups,2,16.4,82,0.0,1.2,333,1018.8,0,62.4,63.6,1288.0,55.0,18.0,58.1
2025-11-15 07:00:00,2025,11,15,7,Hà Nội,Xã Tây Phương,21.0403672,105.6115528,147,Unhealthy for Sensitive Groups,2,17.3,83,0.0,4.1,315,1020.2,0,76.1,78.5,1224.0,49.0,23.0,50.8
2025-11-15 08:00:00,2025,11,15,8,Hà Nội,Xã Tây Phương,21.0403672,105.6115528,147,Unhealthy for Sensitive Groups,2,19.5,75,0.0,5.6,327,1020.6,0,65.4,66.8,1041.0,41.3,46.0,53.0
2025-11-15 09:00:00,2025,11,15,9,Hà Nội,Xã Tây Phương,21.0403672,105.6115528,149,Unhealthy for Sensitive Groups,2,21.5,70,0.0,6.5,326,1021.3,0,48.7,48.7,804.0,30.6,78.0,55.6
2025-11-15 10:00:00,2025,11,15,10,Hà Nội,Xã Tây Phương,21.0403672,105.6115528,150,Unhealthy for Sensitive Groups,2,23.2,63,0.0,8.0,346,1021.3,0,28.9,28.9,610.0,21.3,105.0,54.6
2025-11-15 11:00:00,2025,11,15,11,Hà Nội,Xã Tây Phương,21.0403672,105.6115528,151,Unhealthy,3,24.4,62,0.0,10.1,3,1020.3,0,22.8,22.8,496.0,14.7,121.0,46.7
2025-11-15 12:00:00,2025,11,15,12,Hà Nội,Xã Tây Phương,21.0403672,105.6115528,151,Unhealthy,3,25.4,57,0.0,10.4,9,1019.1,6,21.3,21.4,425.0,9.4,132.0,35.3
2025-11-15 13:00:00,2025,11,15,13,Hà Nội,Xã Tây Phương,21.0403672,105.6115528,151,Unhealthy,3,26.1,54,0.0,9.5,19,1018.0,3,20.7,20.7,385.0,6.3,137.0,26.5
2025-11-15 14:00:00,2025,11,15,14,Hà Nội,Xã Tây Phương,21.0403672,105.6115528,151,Unhealthy,3,26.5,53,0.0,8.7,32,1017.1,9,18.2,18.2,363.0,4.2,136.0,21.9
2025-11-15 15:00:00,2025,11,15,15,Hà Nội,Xã Tây Phương,21.0403672,105.6115528,151,Unhealthy,3,26.4,53,0.0,8.3,22,1016.5,2,17.1,17.1,372.0,4.2,128.0,19.9
2025-11-15 16:00:00,2025,11,15,16,Hà Nội,Xã Tây Phương,21.0403672,105.6115528,151,Unhealthy,3,25.8,60,0.0,6.5,355,1016.6,0,18.0,18.0,438.0,10.4,114.0,21.5
2025-11-15 17:00:00,2025,11,15,17,Hà Nội,Xã Tây Phương,21.0403672,105.6115528,151,Unhealthy,3,23.1,73,0.0,5.6,299,1016.8,0,30.9,31.0,607.0,28.9,88.0,29.5
2025-11-15 18:00:00,2025,11,15,18,Hà Nội,Xã Tây Phương,21.0403672,105.6115528,151,Unhealthy,3,21.9,71,0.0,9.0,267,1017.4,3,51.6,51.7,833.0,53.6,56.0,41.1
2025-11-15 19:00:00,2025,11,15,19,Hà Nội,Xã Tây Phương,21.0403672,105.6115528,151,Unhealthy,3,20.5,77,0.0,4.7,242,1018.1,57,65.9,66.1,1005.0,67.8,34.0,52.2
2025-11-15 20:00:00,2025,11,15,20,Hà Nội,Xã Tây Phương,21.0403672,105.6115528,150,Unhealthy for Sensitive Groups,2,21.4,77,0.0,1.7,198,1019.0,53,70.1,70.8,1088.0,63.9,32.0,52.0
2025-11-15 21:00:00,2025,11,15,21,Hà Nội,Xã Tây Phương,21.0403672,105.6115528,150,Unhealthy for Sensitive Groups,2,21.0,79,0.0,2.3,288,1019.5,4,66.1,66.8,1116.0,58.4,28.0,51.5
2025-11-15 22:00:00,2025,11,15,22,Hà Nội,Xã Tây Phương,21.0403672,105.6115528,148,Unhealthy for Sensitive Groups,2,20.0,81,0.0,6.1,313,1019.7,7,67.1,67.8,1088.0,54.0,25.0,49.9
2025-11-15 23:00:00,2025,11,15,23,Hà Nội,Xã Tây Phương,21.0403672,105.6115528,146,Unhealthy for Sensitive Groups,2,19.7,81,0.0,7.0,312,1019.5,9,69.4,70.1,975.0,52.1,22.0,46.3
2025-11-16 00:00:00,2025,11,16,0,Hà Nội,Xã Tây Phương,21.0403672,105.6115528,144,Unhealthy for Sensitive Groups,2,19.5,83,0.0,8.0,308,1019.2,84,68.5,69.2,805.0,51.2,19.0,41.6
2025-11-16 01:00:00,2025,11,16,1,Hà Nội,Xã Tây Phương,21.0403672,105.6115528,142,Unhealthy for Sensitive Groups,2,19.9,82,0.0,8.5,308,1018.9,60,61.9,62.4,655.0,49.5,17.0,37.5
2025-11-16 02:00:00,2025,11,16,2,Hà Nội,Xã Tây Phương,21.0403672,105.6115528,140,Unhealthy for Sensitive Groups,2,20.4,81,0.0,7.5,318,1018.6,100,53.9,54.4,540.0,45.5,18.0,34.2
2025-11-16 03:00:00,2025,11,16,3,Hà Nội,Xã Tây Phương,21.0403672,105.6115528,137,Unhealthy for Sensitive Groups,2,20.6,81,0.0,7.6,322,1018.1,100,47.5,47.8,446.0,40.7,21.0,31.6
2025-11-16 04:00:00,2025,11,16,4,Hà Nội,Xã Tây Phương,21.0403672,105.6115528,135,Unhealthy for Sensitive Groups,2,20.5,80,0.0,8.5,312,1018.4,100,41.4,41.7,403.0,37.2,23.0,30.2
2025-11-16 05:00:00,2025,11,16,5,Hà Nội,Xã Tây Phương,21.0403672,105.6115528,132,Unhealthy for Sensitive Groups,2,20.5,79,0.0,9.7,312,1018.5,100,36.8,36.8,453.0,36.5,23.0,30.8
2025-11-16 06:00:00,2025,11,16,6,Hà Nội,Xã Tây Phương,21.0403672,105.6115528,129,Unhealthy for Sensitive Groups,2,20.5,78,0.0,9.8,316,1019.2,99,35.0,35.0,555.0,37.2,22.0,32.7
2025-11-16 07:00:00,2025,11,16,7,Hà Nội,Xã Tây Phương,21.0403672,105.6115528,126,Unhealthy for Sensitive Groups,2,20.1,82,0.0,12.4,318,1020.1,100,30.9,31.4,617.0,38.5,24.0,36.3
2025-11-16 08:00:00,2025,11,16,8,Hà Nội,Xã Tây Phương,21.0403672,105.6115528,121,Unhealthy for Sensitive Groups,2,21.0,80,0.0,9.8,316,1021.0,100,34.7,35.0,589.0,38.0,28.0,39.3
2025-11-16 09:00:00,2025,11,16,9,Hà Nội,Xã Tây Phương,21.0403672,105.6115528,118,Unhealthy for Sensitive Groups,2,21.9,77,0.0,10.8,313,1021.6,100,34.3,34.7,521.0,37.1,33.0,43.2
2025-11-16 10:00:00,2025,11,16,10,Hà Nội,Xã Tây Phương,21.0403672,105.6115528,117,Unhealthy for Sensitive Groups,2,22.6,76,0.0,8.7,317,1022.0,100,29.0,29.6,467.0,34.2,44.0,44.4
2025-11-16 11:00:00,2025,11,16,11,Hà Nội,Xã Tây Phương,21.0403672,105.6115528,117,Unhealthy for Sensitive Groups,2,23.5,73,0.0,8.0,322,1020.9,100,20.6,20.7,445.0,27.2,64.0,39.9
2025-11-16 12:00:00,2025,11,16,12,Hà Nội,Xã Tây Phương,21.0403672,105.6115528,117,Unhealthy for Sensitive Groups,2,23.9,71,0.0,6.4,320,1020.0,100,16.0,16.2,437.0,18.1,89.0,32.6
2025-11-16 13:00:00,2025,11,16,13,Hà Nội,Xã Tây Phương,21.0403672,105.6115528,116,Unhealthy for Sensitive Groups,2,24.4,68,0.0,7.7,330,1019.1,94,16.1,16.4,441.0,12.0,108.0,27.7
2025-11-16 14:00:00,2025,11,16,14,Hà Nội,Xã Tây Phương,21.0403672,105.6115528,116,Unhealthy for Sensitive Groups,2,24.9,68,0.0,6.9,335,1018.3,91,17.8,18.0,430.0,9.5,120.0,27.0
2025-11-16 15:00:00,2025,11,16,15,Hà Nội,Xã Tây Phương,21.0403672,105.6115528,115,Unhealthy for Sensitive Groups,2,25.0,67,0.0,5.4,334,1017.7,100,19.7,19.9,431.0,9.9,127.0,28.6
2025-11-16 16:00:00,2025,11,16,16,Hà Nội,Xã Tây Phương,21.0403672,105.6115528,116,Unhealthy for Sensitive Groups,2,25.0,68,0.0,4.8,338,1017.4,16,21.9,22.1,518.0,15.7,122.0,32.0
2025-11-16 17:00:00,2025,11,16,17,Hà Nội,Xã Tây Phương,21.0403672,105.6115528,116,Unhealthy for Sensitive Groups,2,23.4,80,0.0,4.0,328,1017.4,8,36.9,37.1,797.0,32.0,97.0,38.2
2025-11-16 18:00:00,2025,11,16,18,Hà Nội,Xã Tây Phương,21.0403672,105.6115528,117,Unhealthy for Sensitive Groups,2,22.1,83,0.0,6.4,313,1018.1,5,55.8,55.9,1163.0,53.7,60.0,46.2
2025-11-16 19:00:00,2025,11,16,19,Hà Nội,Xã Tây Phương,21.0403672,105.6115528,117,Unhealthy for Sensitive Groups,2,22.0,83,0.0,5.6,315,1019.0,35,71.5,71.9,1377.0,73.4,19.0,61.4
2025-11-16 20:00:00,2025,11,16,20,Hà Nội,Xã Tây Phương,21.0403672,105.6115528,118,Unhealthy for Sensitive Groups,2,22.5,79,0.0,6.0,307,1019.1,42,81.3,82.4,1289.0,71.6,17.0,61.5
2025-11-16 21:00:00,2025,11,16,21,Hà Nội,Xã Tây Phương,21.0403672,105.6115528,119,Unhealthy for Sensitive Groups,2,22.1,81,0.0,5.9,305,1019.1,34,84.5,85.9,1048.0,69.0,13.0,61.5
2025-11-16 22:00:00,2025,11,16,22,Hà Nội,Xã Tây Phương,21.0403672,105.6115528,121,Unhealthy for Sensitive Groups,2,21.6,84,0.0,4.9,287,1019.1,60,79.9,81.0,862.0,66.2,11.0,60.4
2025-11-16 23:00:00,2025,11,16,23,Hà Nội,Xã Tây Phương,21.0403672,105.6115528,122,Unhealthy for Sensitive Groups,2,21.4,84,0.0,4.9,272,1019.0,99,75.0,75.9,831.0,63.5,11.0,57.2
2025-11-17 00:00:00,2025,11,17,0,Hà Nội,Xã Tây Phương,21.0403672,105.6115528,123,Unhealthy for Sensitive Groups,2,21.3,85,0.0,3.7,284,1018.8,86,69.4,70.1,855.0,60.6,12.0,52.8
2025-11-17 01:00:00,2025,11,17,1,Hà Nội,Xã Tây Phương,21.0403672,105.6115528,123,Unhealthy for Sensitive Groups,2,21.2,86,0.3,5.9,317,1018.4,80,65.7,66.1,844.0,57.5,13.0,49.1
2025-11-17 02:00:00,2025,11,17,2,Hà Nội,Xã Tây Phương,21.0403672,105.6115528,123,Unhealthy for Sensitive Groups,2,21.4,86,0.0,6.1,304,1017.8,99,63.6,64.0,736.0,53.8,14.0,46.6
2025-11-17 03:00:00,2025,11,17,3,Hà Nội,Xã Tây Phương,21.0403672,105.6115528,124,Unhealthy for Sensitive Groups,2,21.6,84,0.0,7.4,296,1017.5,98,60.1,60.3,593.0,49.8,15.0,44.7
2025-11-17 04:00:00,2025,11,17,4,Hà Nội,Xã Tây Phương,21.0403672,105.6115528,126,Unhealthy for Sensitive Groups,2,21.6,83,0.0,8.0,293,1017.5,100,56.0,56.2,516.0,46.7,17.0,43.8
2025-11-17 05:00:00,2025,11,17,5,Hà Nội,Xã Tây Phương,21.0403672,105.6115528,127,Unhealthy for Sensitive Groups,2,21.5,83,0.0,7.7,298,1017.7,87,54.0,54.2,577.0,45.7,17.0,44.5
2025-11-17 06:00:00,2025,11,17,6,Hà Nội,Xã Tây Phương,21.0403672,105.6115528,129,Unhealthy for Sensitive Groups,2,20.9,86,0.0,7.8,308,1018.3,29,55.3,55.5,705.0,45.7,17.0,46.1
2025-11-17 07:00:00,2025,11,17,7,Hà Nội,Xã Tây Phương,21.0403672,105.6115528,131,Unhealthy for Sensitive Groups,2,20.6,88,0.0,9.0,322,1019.2,76,59.1,59.5,784.0,50.0,15.0,48.3
2025-11-17 08:00:00,2025,11,17,8,Hà Nội,Xã Tây Phương,21.0403672,105.6115528,134,Unhealthy for Sensitive Groups,2,22.5,82,0.0,7.8,322,1020.0,100,58.2,58.6,758.0,43.7,33.0,49.2
2025-11-17 09:00:00,2025,11,17,9,Hà Nội,Xã Tây Phương,21.0403672,105.6115528,136,Unhealthy for Sensitive Groups,2,23.0,81,0.0,7.0,331,1020.9,100,46.8,46.9,684.0,34.7,57.0,50.2
2025-11-17 10:00:00,2025,11,17,10,Hà Nội,Xã Tây Phương,21.0403672,105.6115528,138,Unhealthy for Sensitive Groups,2,23.2,81,0.0,5.9,333,1021.0,100,34.6,34.8,615.0,26.8,80.0,49.3
2025-11-17 11:00:00,2025,11,17,11,Hà Nội,Xã Tây Phương,21.0403672,105.6115528,138,Unhealthy for Sensitive Groups,2,24.1,75,0.0,5.8,330,1020.4,100,28.8,29.1,557.0,20.3,100.0,44.5
2025-11-17 12:00:00,2025,11,17,12,Hà Nội,Xã Tây Phương,21.0403672,105.6115528,139,Unhealthy for Sensitive Groups,2,25.4,69,0.0,6.9,346,1019.2,100,28.3,28.8,504.0,14.8,118.0,37.7
2025-11-17 13:00:00,2025,11,17,13,Hà Nội,Xã Tây Phương,21.0403672,105.6115528,140,Unhealthy for Sensitive Groups,2,25.1,71,0.0,8.3,349,1018.5,100,29.0,29.5,495.0,12.4,126.0,32.9
2025-11-17 14:00:00,2025,11,17,14,Hà Nội,Xã Tây Phương,21.0403672,105.6115528,142,Unhealthy for Sensitive Groups,2,25.0,73,0.0,7.8,353,1017.5,100,31.7,32.1,551.0,14.5,118.0,31.9
2025-11-17 15:00:00,2025,11,17,15,Hà Nội,Xã Tây Phương,21.0403672,105.6115528,143,Unhealthy for Sensitive Groups,2,24.5,75,0.0,6.6,323,1017.5,100,33.4,33.9,651.0,19.7,101.0,32.9
2025-11-17 16:00:00,2025,11,17,16,Hà Nội,Xã Tây Phương,21.0403672,105.6115528,145,Unhealthy for Sensitive Groups,2,23.8,80,0.0,8.1,309,1017.5,100,40.4,40.7,769.0,26.1,82.0,34.6
2025-11-17 17:00:00,2025,11,17,17,Hà Nội,Xã Tây Phương,21.0403672,105.6115528,147,Unhealthy for Sensitive Groups,2,23.0,83,0.1,8.0,312,1017.9,100,46.3,46.7,936.0,34.5,63.0,37.1
2025-11-17 18:00:00,2025,11,17,18,Hà Nội,Xã Tây Phương,21.0403672,105.6115528,148,Unhealthy for Sensitive Groups,2,22.5,86,0.1,8.7,313,1018.5,100,49.6,49.9,1121.0,44.0,44.0,40.3
2025-11-17 19:00:00,2025,11,17,19,Hà Nội,Xã Tây Phương,21.0403672,105.6115528,147,Unhealthy for Sensitive Groups,2,21.6,93,0.2,9.8,298,1019.4,100,46.3,46.7,1202.0,41.4,35.0,37.0
2025-11-17 20:00:00,2025,11,17,20,Hà Nội,Xã Tây Phương,21.0403672,105.6115528,144,Unhealthy for Sensitive Groups,2,21.9,92,0.0,9.3,317,1019.9,100,45.1,45.5,1088.0,40.0,33.0,36.4
2025-11-17 21:00:00,2025,11,17,21,Hà Nội,Xã Tây Phương,21.0403672,105.6115528,141,Unhealthy for Sensitive Groups,2,21.6,93,0.0,7.3,322,1020.6,100,45.1,45.5,870.0,38.0,30.0,35.6
2025-11-17 22:00:00,2025,11,17,22,Hà Nội,Xã Tây Phương,21.0403672,105.6115528,136,Unhealthy for Sensitive Groups,2,21.6,93,0.1,6.9,321,1021.0,100,46.0,46.4,697.0,35.4,29.0,34.3
2025-11-17 23:00:00,2025,11,17,23,Hà Nội,Xã Tây Phương,21.0403672,105.6115528,133,Unhealthy for Sensitive Groups,2,21.6,94,0.3,6.2,339,1021.2,100,43.9,44.2,631.0,32.2,32.0,32.4
2025-11-18 00:00:00,2025,11,18,0,Hà Nội,Xã Tây Phương,21.0403672,105.6115528,130,Unhealthy for Sensitive Groups,2,21.6,94,0.6,5.2,358,1020.9,100,39.0,39.5,609.0,28.5,38.0,30.0
2025-11-18 01:00:00,2025,11,18,1,Hà Nội,Xã Tây Phương,21.0403672,105.6115528,126,Unhealthy for Sensitive Groups,2,21.3,94,0.9,8.0,320,1020.2,100,34.9,35.3,594.0,24.9,44.0,28.0
2025-11-18 02:00:00,2025,11,18,2,Hà Nội,Xã Tây Phương,21.0403672,105.6115528,123,Unhealthy for Sensitive Groups,2,21.4,96,0.2,6.9,323,1019.7,100,30.9,31.1,574.0,21.1,52.0,26.3
2025-11-18 03:00:00,2025,11,18,3,Hà Nội,Xã Tây Phương,21.0403672,105.6115528,120,Unhealthy for Sensitive Groups,2,21.2,98,0.2,8.0,335,1019.8,100,27.2,27.4,562.0,17.4,61.0,25.0
2025-11-18 04:00:00,2025,11,18,4,Hà Nội,Xã Tây Phương,21.0403672,105.6115528,116,Unhealthy for Sensitive Groups,2,21.0,97,0.3,8.0,352,1019.9,100,24.8,24.9,550.0,14.8,65.0,24.5
2025-11-18 05:00:00,2025,11,18,5,Hà Nội,Xã Tây Phương,21.0403672,105.6115528,113,Unhealthy for Sensitive Groups,2,21.0,95,0.2,8.5,12,1020.1,100,24.9,24.9,538.0,14.2,61.0,25.8
2025-11-18 06:00:00,2025,11,18,6,Hà Nội,Xã Tây Phương,21.0403672,105.6115528,110,Unhealthy for Sensitive Groups,2,20.9,90,0.1,14.7,33,1020.8,100,25.4,25.5,527.0,14.9,52.0,27.9
2025-11-18 07:00:00,2025,11,18,7,Hà Nội,Xã Tây Phương,21.0403672,105.6115528,107,Unhealthy for Sensitive Groups,2,20.5,93,0.2,10.5,31,1021.4,100,33.2,33.3,519.0,21.6,44.0,34.2
2025-11-18 08:00:00,2025,11,18,8,Hà Nội,Xã Tây Phương,21.0403672,105.6115528,104,Unhealthy for Sensitive Groups,2,20.5,92,1.1,19.3,37,1022.4,100,29.5,29.5,512.0,19.2,43.0,30.1
2025-11-18 09:00:00,2025,11,18,9,Hà Nội,Xã Tây Phương,21.0403672,105.6115528,101,Unhealthy for Sensitive Groups,2,19.5,92,1.2,20.3,37,1023.4,100,24.6,24.7,508.0,16.0,43.0,24.4
2025-11-18 10:00:00,2025,11,18,10,Hà Nội,Xã Tây Phương,21.0403672,105.6115528,99,Moderate,1,18.3,91,0.8,21.0,41,1023.8,100,18.7,18.7,507.0,13.8,42.0,20.6
2025-11-18 11:00:00,2025,11,18,11,Hà Nội,Xã Tây Phương,21.0403672,105.6115528,98,Moderate,1,17.2,90,0.8,22.7,49,1023.6,100,13.6,13.7,519.0,13.5,42.0,20.2
2025-11-18 12:00:00,2025,11,18,12,Hà Nội,Xã Tây Phương,21.0403672,105.6115528,96,Moderate,1,16.7,91,0.9,20.1,52,1023.4,100,11.0,11.0,535.0,14.2,42.0,21.7
2025-11-18 13:00:00,2025,11,18,13,Hà Nội,Xã Tây Phương,21.0403672,105.6115528,95,Moderate,1,17.9,91,1.7,18.5,49,1022.3,100,10.6,10.7,531.0,15.5,42.0,23.5
2025-11-18 14:00:00,2025,11,18,14,Hà Nội,Xã Tây Phương,21.0403672,105.6115528,93,Moderate,1,17.9,92,1.0,16.4,44,1022.1,100,10.6,10.7,486.0,17.9,41.0,25.5
2025-11-18 15:00:00,2025,11,18,15,Hà Nội,Xã Tây Phương,21.0403672,105.6115528,91,Moderate,1,17.0,91,1.1,17.0,31,1022.7,100,11.8,11.8,421.0,20.9,39.0,27.8
2025-11-18 16:00:00,2025,11,18,16,Hà Nội,Xã Tây Phương,21.0403672,105.6115528,89,Moderate,1,16.3,90,1.4,18.3,25,1023.3,100,12.7,12.7,376.0,22.9,38.0,29.0
2025-11-18 17:00:00,2025,11,18,17,Hà Nội,Xã Tây Phương,21.0403672,105.6115528,87,Moderate,1,15.2,89,1.3,20.4,26,1024.3,100,13.2,13.2,375.0,23.1,38.0,28.3
2025-11-18 18:00:00,2025,11,18,18,Hà Nội,Xã Tây Phương,21.0403672,105.6115528,84,Moderate,1,14.6,89,1.3,19.3,28,1025.4,100,12.7,12.7,396.0,22.3,39.0,26.6
2025-11-18 19:00:00,2025,11,18,19,Hà Nội,Xã Tây Phương,21.0403672,105.6115528,81,Moderate,1,15.1,87,1.3,18.0,33,1026.5,100,9.5,9.6,406.0,17.5,41.0,21.5
2025-11-18 20:00:00,2025,11,18,20,Hà Nội,Xã Tây Phương,21.0403672,105.6115528,78,Moderate,1,14.8,89,0.6,18.4,32,1027.5,100,9.2,9.2,393.0,16.7,41.0,20.5
2025-11-18 21:00:00,2025,11,18,21,Hà Nội,Xã Tây Phương,21.0403672,105.6115528,74,Moderate,1,14.5,90,1.0,18.1,30,1027.9,100,9.5,9.5,371.0,15.5,42.0,19.1
2025-11-18 22:00:00,2025,11,18,22,Hà Nội,Xã Tây Phương,21.0403672,105.6115528,71,Moderate,1,14.3,88,1.0,16.9,31,1028.3,100,9.9,9.9,350.0,14.5,43.0,17.9
2025-11-18 23:00:00,2025,11,18,23,Hà Nội,Xã Tây Phương,21.0403672,105.6115528,68,Moderate,1,14.1,84,0.3,18.7,26,1028.2,100,9.7,9.8,332.0,13.8,44.0,17.2
2025-11-19 00:00:00,2025,11,19,0,Hà Nội,Xã Tây Phương,21.0403672,105.6115528,65,Moderate,1,13.9,82,0.2,18.6,23,1028.3,100,9.3,9.4,316.0,13.2,45.0,16.7
2025-11-19 01:00:00,2025,11,19,1,Hà Nội,Xã Tây Phương,21.0403672,105.6115528,62,Moderate,1,13.6,83,0.1,16.1,18,1028.4,100,9.3,9.4,304.0,12.8,46.0,16.4
2025-11-19 02:00:00,2025,11,19,2,Hà Nội,Xã Tây Phương,21.0403672,105.6115528,60,Moderate,1,13.8,83,0.2,14.5,22,1028.0,100,9.0,9.1,296.0,12.3,47.0,16.0
2025-11-19 03:00:00,2025,11,19,3,Hà Nội,Xã Tây Phương,21.0403672,105.6115528,58,Moderate,1,13.8,82,0.1,12.8,16,1027.8,100,8.7,8.8,292.0,11.8,49.0,15.7
2025-11-19 04:00:00,2025,11,19,4,Hà Nội,Xã Tây Phương,21.0403672,105.6115528,57,Moderate,1,13.6,81,0.1,13.9,13,1027.7,100,8.6,8.7,298.0,12.2,49.0,16.2
2025-11-19 05:00:00,2025,11,19,5,Hà Nội,Xã Tây Phương,21.0403672,105.6115528,55,Moderate,1,13.4,78,0.0,14.5,17,1027.9,100,9.0,9.1,322.0,14.3,46.0,18.2
2025-11-19 06:00:00,2025,11,19,6,Hà Nội,Xã Tây Phương,21.0403672,105.6115528,54,Moderate,1,13.4,76,0.0,12.4,16,1028.6,100,10.5,10.6,356.0,17.3,42.0,21.0
2025-11-19 07:00:00,2025,11,19,7,Hà Nội,Xã Tây Phương,21.0403672,105.6115528,52,Moderate,1,13.4,76,0.2,11.1,14,1029.3,100,10.2,10.3,384.0,16.3,45.0,20.1
2025-11-19 08:00:00,2025,11,19,8,Hà Nội,Xã Tây Phương,21.0403672,105.6115528,50,Good,0,13.8,77,0.1,9.2,12,1029.5,100,11.6,11.6,402.0,15.6,45.0,22.1
2025-11-19 09:00:00,2025,11,19,9,Hà Nội,Xã Tây Phương,21.0403672,105.6115528,47,Good,0,14.7,73,0.0,7.9,344,1029.8,99,12.2,12.2,414.0,14.6,46.0,24.8
2025-11-19 10:00:00,2025,11,19,10,Hà Nội,Xã Tây Phương,21.0403672,105.6115528,45,Good,0,16.4,58,0.0,17.7,5,1029.6,99,12.9,13.0,413.0,13.4,48.0,26.1
2025-11-19 11:00:00,2025,11,19,11,Hà Nội,Xã Tây Phương,21.0403672,105.6115528,44,Good,0,16.5,56,0.0,17.2,7,1028.2,88,12.2,12.3,391.0,11.6,54.0,24.5
2025-11-19 12:00:00,2025,11,19,12,Hà Nội,Xã Tây Phương,21.0403672,105.6115528,44,Good,0,17.6,53,0.0,15.9,5,1026.9,100,12.1,12.3,357.0,9.5,61.0,21.5
2025-11-19 13:00:00,2025,11,19,13,Hà Nội,Xã Tây Phương,21.0403672,105.6115528,44,Good,0,15.9,64,0.0,13.3,10,1026.4,100,10.7,10.9,333.0,8.2,67.0,19.0
2025-11-19 14:00:00,2025,11,19,14,Hà Nội,Xã Tây Phương,21.0403672,105.6115528,44,Good,0,16.6,61,0.0,15.2,21,1025.2,97,9.6,9.8,291.0,7.1,71.0,17.1
2025-11-19 15:00:00,2025,11,19,15,Hà Nội,Xã Tây Phương,21.0403672,105.6115528,44,Good,0,17.1,60,0.0,11.6,16,1024.3,71,9.4,9.6,259.0,6.8,74.0,15.7
2025-11-19 16:00:00,2025,11,19,16,Hà Nội,Xã Tây Phương,21.0403672,105.6115528,44,Good,0,17.1,62,0.0,8.6,15,1023.7,67,10.2,10.4,346.0,9.8,71.0,16.8
2025-11-19 17:00:00,2025,11,19,17,Hà Nội,Xã Tây Phương,21.0403672,105.6115528,43,Good,0,16.0,72,0.0,3.9,43,1023.5,66,13.7,13.9,700.0,19.1,59.0,22.3
2025-11-19 18:00:00,2025,11,19,18,Hà Nội,Xã Tây Phương,21.0403672,105.6115528,43,Good,0,14.6,80,0.0,4.2,95,1023.7,61,22.8,23.0,1173.0,31.6,41.0,30.3
2025-11-19 19:00:00,2025,11,19,19,Hà Nội,Xã Tây Phương,21.0403672,105.6115528,45,Good,0,15.9,76,0.0,1.9,22,1024.5,99,35.6,35.9,1426.0,42.0,28.0,38.1
2025-11-19 20:00:00,2025,11,19,20,Hà Nội,Xã Tây Phương,21.0403672,105.6115528,50,Good,0,15.5,81,0.9,2.4,77,1025.4,97,42.6,42.8,1242.0,45.1,23.0,42.5
2025-11-19 21:00:00,2025,11,19,21,Hà Nội,Xã Tây Phương,21.0403672,105.6115528,53,Moderate,1,15.1,84,0.6,0.9,90,1025.9,100,47.0,47.3,839.0,49.4,16.0,48.5
2025-11-19 22:00:00,2025,11,19,22,Hà Nội,Xã Tây Phương,21.0403672,105.6115528,56,Moderate,1,15.1,81,0.0,0.8,117,1025.8,20,54.7,54.8,530.0,52.4,11.0,53.4
2025-11-19 23:00:00,2025,11,19,23,Hà Nội,Xã Tây Phương,21.0403672,105.6115528,60,Moderate,1,14.6,80,0.0,0.9,37,1025.5,12,59.1,59.5,452.0,52.9,9.0,56.2
2025-11-20 00:00:00,2025,11,20,0,Hà Nội,Xã Tây Phương,21.0403672,105.6115528,64,Moderate,1,14.2,79,0.0,1.3,8,1025.2,1,60.3,60.8,468.0,52.2,8.0,57.8
2025-11-20 01:00:00,2025,11,20,1,Hà Nội,Xã Tây Phương,21.0403672,105.6115528,69,Moderate,1,14.2,87,0.0,4.1,360,1025.2,3,60.5,61.2,483.0,51.3,8.0,58.3
2025-11-20 02:00:00,2025,11,20,2,Hà Nội,Xã Tây Phương,21.0403672,105.6115528,74,Moderate,1,13.6,91,0.0,4.3,5,1024.5,9,58.8,59.4,453.0,50.6,7.0,56.9
2025-11-20 03:00:00,2025,11,20,3,Hà Nội,Xã Tây Phương,21.0403672,105.6115528,78,Moderate,1,13.1,93,0.0,5.3,8,1024.5,9,54.4,54.6,423.0,49.8,6.0,54.4
2025-11-20 04:00:00,2025,11,20,4,Hà Nội,Xã Tây Phương,21.0403672,105.6115528,82,Moderate,1,12.9,90,0.0,4.3,358,1024.6,2,50.9,51.0,426.0,48.6,6.0,53.0
2025-11-20 05:00:00,2025,11,20,5,Hà Nội,Xã Tây Phương,21.0403672,105.6115528,86,Moderate,1,12.7,88,0.0,3.9,347,1024.8,2,49.9,50.1,503.0,47.6,6.0,55.1
2025-11-20 06:00:00,2025,11,20,6,Hà Nội,Xã Tây Phương,21.0403672,105.6115528,89,Moderate,1,12.1,94,0.0,4.9,327,1025.2,14,53.6,53.7,614.0,46.2,6.0,58.3
2025-11-20 07:00:00,2025,11,20,7,Hà Nội,Xã Tây Phương,21.0403672,105.6115528,93,Moderate,1,13.6,99,0.0,8.2,324,1026.2,100,52.6,54.0,673.0,44.5,11.0,57.3
2025-11-20 08:00:00,2025,11,20,8,Hà Nội,Xã Tây Phương,21.0403672,105.6115528,97,Moderate,1,15.4,92,0.0,6.9,329,1027.0,13,34.8,35.6,627.0,34.9,27.0,49.1
2025-11-20 09:00:00,2025,11,20,9,Hà Nội,Xã Tây Phương,21.0403672,105.6115528,99,Moderate,1,17.5,67,0.0,10.3,356,1027.2,0,16.8,16.9,529.0,21.6,49.0,37.7
2025-11-20 10:00:00,2025,11,20,10,Hà Nội,Xã Tây Phương,21.0403672,105.6115528,99,Moderate,1,18.9,55,0.0,13.3,8,1026.9,0,10.8,10.9,450.0,11.3,70.0,28.3
2025-11-20 11:00:00,2025,11,20,11,Hà Nội,Xã Tây Phương,21.0403672,105.6115528,99,Moderate,1,19.9,49,0.0,11.9,2,1025.8,2,10.2,10.3,418.0,7.0,87.0,23.0
2025-11-20 12:00:00,2025,11,20,12,Hà Nội,Xã Tây Phương,21.0403672,105.6115528,99,Moderate,1,20.5,48,0.0,10.5,357,1024.2,0,10.4,10.6,406.0,5.7,102.0,19.7
2025-11-20 13:00:00,2025,11,20,13,Hà Nội,Xã Tây Phương,21.0403672,105.6115528,99,Moderate,1,21.0,48,0.0,10.8,349,1023.0,0,10.9,11.0,399.0,5.4,112.0,17.6
2025-11-20 14:00:00,2025,11,20,14,Hà Nội,Xã Tây Phương,21.0403672,105.6115528,99,Moderate,1,21.2,49,0.0,9.7,348,1022.0,0,11.5,11.6,369.0,4.0,118.0,15.8
2025-11-20 15:00:00,2025,11,20,15,Hà Nội,Xã Tây Phương,21.0403672,105.6115528,99,Moderate,1,21.2,49,0.0,7.6,346,1021.4,1,11.6,11.7,345.0,3.5,119.0,15.1
2025-11-20 16:00:00,2025,11,20,16,Hà Nội,Xã Tây Phương,21.0403672,105.6115528,99,Moderate,1,20.9,53,0.0,5.4,339,1021.2,9,12.0,12.1,398.0,8.5,111.0,17.4
2025-11-20 17:00:00,2025,11,20,17,Hà Nội,Xã Tây Phương,21.0403672,105.6115528,99,Moderate,1,19.4,66,0.0,1.2,309,1021.3,5,19.1,19.2,603.0,23.9,89.0,24.8
2025-11-20 18:00:00,2025,11,20,18,Hà Nội,Xã Tây Phương,21.0403672,105.6115528,100,Moderate,1,18.1,67,0.0,1.4,270,1021.8,2,38.0,38.1,885.0,44.7,58.0,35.1
2025-11-20 19:00:00,2025,11,20,19,Hà Nội,Xã Tây Phương,21.0403672,105.6115528,101,Unhealthy for Sensitive Groups,2,16.8,70,0.0,5.3,278,1022.5,1,49.5,50.1,1093.0,56.6,29.0,43.2
2025-11-20 20:00:00,2025,11,20,20,Hà Nội,Xã Tây Phương,21.0403672,105.6115528,103,Unhealthy for Sensitive Groups,2,17.0,67,0.0,7.9,290,1023.0,2,60.3,61.2,1158.0,57.0,25.0,46.1
2025-11-20 21:00:00,2025,11,20,21,Hà Nội,Xã Tây Phương,21.0403672,105.6115528,105,Unhealthy for Sensitive Groups,2,16.5,72,0.0,8.1,313,1023.5,2,65.9,67.1,1148.0,57.5,19.0,49.8
2025-11-20 22:00:00,2025,11,20,22,Hà Nội,Xã Tây Phương,21.0403672,105.6115528,107,Unhealthy for Sensitive Groups,2,15.9,80,0.0,7.4,342,1024.2,6,68.7,70.3,1115.0,57.6,15.0,51.4
2025-11-20 23:00:00,2025,11,20,23,Hà Nội,Xã Tây Phương,21.0403672,105.6115528,108,Unhealthy for Sensitive Groups,2,14.9,86,0.0,5.5,351,1024.8,10,66.8,68.5,1070.0,57.2,13.0,48.8
2025-11-21 00:00:00,2025,11,21,0,Hà Nội,Xã Tây Phương,21.0403672,105.6115528,109,Unhealthy for Sensitive Groups,2,14.7,84,0.0,3.8,352,1024.4,7,64.3,65.7,1003.0,56.4,11.0,44.0
2025-11-21 01:00:00,2025,11,21,1,Hà Nội,Xã Tây Phương,21.0403672,105.6115528,109,Unhealthy for Sensitive Groups,2,14.6,87,0.0,3.9,332,1024.3,15,61.9,63.1,934.0,54.6,11.0,40.0
2025-11-21 02:00:00,2025,11,21,2,Hà Nội,Xã Tây Phương,21.0403672,105.6115528,110,Unhealthy for Sensitive Groups,2,14.8,82,0.0,4.2,340,1023.9,16,58.2,59.3,861.0,50.9,12.0,37.3
2025-11-21 03:00:00,2025,11,21,3,Hà Nội,Xã Tây Phương,21.0403672,105.6115528,109,Unhealthy for Sensitive Groups,2,14.4,81,0.0,3.2,326,1023.7,11,54.1,54.9,786.0,46.2,13.0,35.3
2025-11-21 04:00:00,2025,11,21,4,Hà Nội,Xã Tây Phương,21.0403672,105.6115528,109,Unhealthy for Sensitive Groups,2,13.6,89,0.0,4.5,310,1023.6,5,50.6,51.6,740.0,43.1,14.0,35.1
2025-11-21 05:00:00,2025,11,21,5,Hà Nội,Xã Tây Phương,21.0403672,105.6115528,109,Unhealthy for Sensitive Groups,2,13.4,94,0.0,6.2,308,1023.6,6,49.9,50.8,760.0,44.3,12.0,38.6
2025-11-21 06:00:00,2025,11,21,6,Hà Nội,Xã Tây Phương,21.0403672,105.6115528,109,Unhealthy for Sensitive Groups,2,13.5,94,0.0,7.8,304,1024.4,2,53.8,54.7,810.0,47.1,10.0,43.9
2025-11-21 07:00:00,2025,11,21,7,Hà Nội,Xã Tây Phương,21.0403672,105.6115528,109,Unhealthy for Sensitive Groups,2,14.8,93,0.0,11.1,321,1025.1,2,44.7,46.3,807.0,42.3,21.0,44.2
2025-11-21 08:00:00,2025,11,21,8,Hà Nội,Xã Tây Phương,21.0403672,105.6115528,109,Unhealthy for Sensitive Groups,2,17.3,85,0.0,8.3,314,1025.7,5,35.2,36.8,697.0,33.6,36.0,39.5
2025-11-21 09:00:00,2025,11,21,9,Hà Nội,Xã Tây Phương,21.0403672,105.6115528,109,Unhealthy for Sensitive Groups,2,19.7,67,0.0,8.1,328,1026.5,9,20.4,21.3,536.0,21.6,58.0,32.8
2025-11-21 10:00:00,2025,11,21,10,Hà Nội,Xã Tây Phương,21.0403672,105.6115528,109,Unhealthy for Sensitive Groups,2,21.2,50,0.0,11.5,359,1026.2,5,9.1,9.2,407.0,12.3,76.0,27.1
2025-11-21 11:00:00,2025,11,21,11,Hà Nội,Xã Tây Phương,21.0403672,105.6115528,109,Unhealthy for Sensitive Groups,2,22.1,44,0.0,14.3,7,1025.2,2,7.9,8.0,343.0,8.2,87.0,23.0
2025-11-21 12:00:00,2025,11,21,12,Hà Nội,Xã Tây Phương,21.0403672,105.6115528,109,Unhealthy for Sensitive Groups,2,22.8,40,0.0,13.6,11,1023.9,0,8.0,8.1,312.0,6.7,95.0,19.9
2025-11-21 13:00:00,2025,11,21,13,Hà Nội,Xã Tây Phương,21.0403672,105.6115528,108,Unhealthy for Sensitive Groups,2,23.0,42,0.0,12.3,18,1022.6,0,8.5,8.6,301.0,6.4,99.0,17.9
2025-11-21 14:00:00,2025,11,21,14,Hà Nội,Xã Tây Phương,21.0403672,105.6115528,108,Unhealthy for Sensitive Groups,2,23.1,43,0.0,10.9,20,1021.5,0,9.0,9.0,291.0,5.0,102.0,16.5
2025-11-21 15:00:00,2025,11,21,15,Hà Nội,Xã Tây Phương,21.0403672,105.6115528,108,Unhealthy for Sensitive Groups,2,22.9,44,0.0,10.6,24,1021.1,0,9.6,9.6,301.0,4.7,102.0,16.2
2025-11-21 16:00:00,2025,11,21,16,Hà Nội,Xã Tây Phương,21.0403672,105.6115528,108,Unhealthy for Sensitive Groups,2,22.1,51,0.0,7.7,31,1020.7,0,11.0,11.0,373.0,10.5,95.0,19.7
2025-11-21 17:00:00,2025,11,21,17,Hà Nội,Xã Tây Phương,21.0403672,105.6115528,108,Unhealthy for Sensitive Groups,2,19.8,64,0.0,5.3,33,1020.4,2,22.1,22.1,541.0,27.6,75.0,29.4
2025-11-21 18:00:00,2025,11,21,18,Hà Nội,Xã Tây Phương,21.0403672,105.6115528,108,Unhealthy for Sensitive Groups,2,18.5,63,0.0,5.7,9,1020.7,3,42.6,43.0,770.0,50.7,47.0,42.7
2025-11-21 19:00:00,2025,11,21,19,Hà Nội,Xã Tây Phương,21.0403672,105.6115528,108,Unhealthy for Sensitive Groups,2,18.5,60,0.0,6.5,28,1021.2,5,59.5,59.8,999.0,63.3,26.0,50.0
2025-11-21 20:00:00,2025,11,21,20,Hà Nội,Xã Tây Phương,21.0403672,105.6115528,109,Unhealthy for Sensitive Groups,2,18.1,62,0.0,7.2,37,1021.7,3,71.7,72.6,1253.0,65.8,21.0,54.7
2025-11-21 21:00:00,2025,11,21,21,Hà Nội,Xã Tây Phương,21.0403672,105.6115528,111,Unhealthy for Sensitive Groups,2,17.4,65,0.0,7.3,54,1022.2,4,78.7,80.3,1507.0,69.3,15.0,61.1
2025-11-21 22:00:00,2025,11,21,22,Hà Nội,Xã Tây Phương,21.0403672,105.6115528,112,Unhealthy for Sensitive Groups,2,16.3,71,0.0,6.5,56,1022.6,3,85.7,87.8,1622.0,71.7,10.0,65.1
2025-11-21 23:00:00,2025,11,21,23,Hà Nội,Xã Tây Phương,21.0403672,105.6115528,114,Unhealthy for Sensitive Groups,2,15.9,70,0.0,3.7,43,1022.5,5,90.6,92.7,1496.0,72.5,7.0,64.8
2025-11-22 00:00:00,2025,11,22,0,Hà Nội,Xã Tây Phương,21.0403672,105.6115528,116,Unhealthy for Sensitive Groups,2,15.7,68,0.0,2.9,30,1022.1,5,91.5,93.4,1230.0,72.3,6.0,62.3
2025-11-22 01:00:00,2025,11,22,1,Hà Nội,Xã Tây Phương,21.0403672,105.6115528,119,Unhealthy for Sensitive Groups,2,15.4,72,0.0,2.2,360,1022.0,3,89.4,91.0,993.0,71.0,5.0,59.1
2025-11-22 02:00:00,2025,11,22,2,Hà Nội,Xã Tây Phương,21.0403672,105.6115528,122,Unhealthy for Sensitive Groups,2,15.6,70,0.0,3.1,54,1021.4,4,81.5,83.1,815.0,68.3,5.0,55.1
2025-11-22 03:00:00,2025,11,22,3,Hà Nội,Xã Tây Phương,21.0403672,105.6115528,124,Unhealthy for Sensitive Groups,2,15.4,70,0.0,2.8,63,1021.1,23,75.2,76.8,665.0,64.5,5.0,50.5
2025-11-22 04:00:00,2025,11,22,4,Hà Nội,Xã Tây Phương,21.0403672,105.6115528,126,Unhealthy for Sensitive Groups,2,15.1,71,0.0,1.5,7,1021.1,26,71.9,73.6,616.0,60.8,7.0,48.1
2025-11-22 05:00:00,2025,11,22,5,Hà Nội,Xã Tây Phương,21.0403672,105.6115528,129,Unhealthy for Sensitive Groups,2,14.4,74,0.0,1.5,300,1021.1,3,69.6,71.2,768.0,58.4,9.0,49.7
2025-11-22 06:00:00,2025,11,22,6,Hà Nội,Xã Tây Phương,21.0403672,105.6115528,131,Unhealthy for Sensitive Groups,2,13.6,79,0.0,2.7,298,1021.6,2,69.2,70.8,1021.0,56.2,11.0,53.4
2025-11-22 07:00:00,2025,11,22,7,Hà Nội,Xã Tây Phương,21.0403672,105.6115528,132,Unhealthy for Sensitive Groups,2,14.7,86,0.0,5.6,312,1022.6,2,80.6,82.7,1150.0,51.6,18.0,49.7
2025-11-22 08:00:00,2025,11,22,8,Hà Nội,Xã Tây Phương,21.0403672,105.6115528,136,Unhealthy for Sensitive Groups,2,17.9,75,0.0,5.2,329,1023.1,0,69.2,69.6,1021.0,43.2,35.0,51.4
2025-11-22 09:00:00,2025,11,22,9,Hà Nội,Xã Tây Phương,21.0403672,105.6115528,140,Unhealthy for Sensitive Groups,2,20.0,64,0.0,5.2,340,1023.5,0,48.8,48.9,766.0,31.6,59.0,53.5
2025-11-22 10:00:00,2025,11,22,10,Hà Nội,Xã Tây Phương,21.0403672,105.6115528,143,Unhealthy for Sensitive Groups,2,21.4,53,0.0,7.2,3,1023.0,0,31.5,31.7,562.0,21.9,80.0,53.3
2025-11-22 11:00:00,2025,11,22,11,Hà Nội,Xã Tây Phương,21.0403672,105.6115528,145,Unhealthy for Sensitive Groups,2,22.4,49,0.0,7.9,16,1022.1,0,24.3,24.4,475.0,16.1,97.0,48.2
2025-11-22 12:00:00,2025,11,22,12,Hà Nội,Xã Tây Phương,21.0403672,105.6115528,147,Unhealthy for Sensitive Groups,2,23.1,45,0.0,7.6,18,1020.7,0,22.7,22.8,438.0,12.2,111.0,40.7
2025-11-22 13:00:00,2025,11,22,13,Hà Nội,Xã Tây Phương,21.0403672,105.6115528,148,Unhealthy for Sensitive Groups,2,23.4,43,0.0,7.1,15,1019.5,0,23.1,23.2,421.0,10.2,121.0,35.6
2025-11-22 14:00:00,2025,11,22,14,Hà Nội,Xã Tây Phương,21.0403672,105.6115528,150,Unhealthy for Sensitive Groups,2,23.6,41,0.0,7.2,28,1018.4,0,24.0,24.1,396.0,8.3,129.0,34.0
2025-11-22 15:00:00,2025,11,22,15,Hà Nội,Xã Tây Phương,21.0403672,105.6115528,150,Unhealthy for Sensitive Groups,2,23.4,41,0.0,7.0,46,1017.9,0,25.1,25.1,392.0,8.2,133.0,34.6
2025-11-22 16:00:00,2025,11,22,16,Hà Nội,Xã Tây Phương,21.0403672,105.6115528,151,Unhealthy,3,22.5,50,0.0,5.1,67,1017.7,0,26.7,26.8,463.0,15.1,126.0,38.7
2025-11-22 17:00:00,2025,11,22,17,Hà Nội,Xã Tây Phương,21.0403672,105.6115528,151,Unhealthy,3,20.5,59,0.0,2.8,101,1017.7,0,53.9,53.9,682.0,35.4,100.0,48.3
2025-11-22 18:00:00,2025,11,22,18,Hà Nội,Xã Tây Phương,21.0403672,105.6115528,152,Unhealthy,3,19.1,56,0.0,1.8,174,1017.8,0,77.5,77.5,976.0,62.8,63.0,61.3
2025-11-22 19:00:00,2025,11,22,19,Hà Nội,Xã Tây Phương,21.0403672,105.6115528,152,Unhealthy,3,20.4,58,0.0,3.5,189,1018.9,100,97.8,97.8,1179.0,81.6,35.0,71.1
2025-11-22 20:00:00,2025,11,22,20,Hà Nội,Xã Tây Phương,21.0403672,105.6115528,153,Unhealthy,3,20.2,58,0.0,4.3,202,1019.5,100,112.9,113.2,1199.0,82.8,30.0,76.3
2025-11-22 21:00:00,2025,11,22,21,Hà Nội,Xã Tây Phương,21.0403672,105.6115528,154,Unhealthy,3,19.7,63,0.0,4.0,219,1019.6,100,121.1,121.1,1128.0,84.2,23.0,83.2
2025-11-22 22:00:00,2025,11,22,22,Hà Nội,Xã Tây Phương,21.0403672,105.6115528,155,Unhealthy,3,19.0,72,0.0,2.3,247,1019.8,95,126.2,126.2,1070.0,84.1,17.0,86.3
2025-11-22 23:00:00,2025,11,22,23,Hà Nội,Xã Tây Phương,21.0403672,105.6115528,156,Unhealthy,3,18.5,74,0.0,0.4,270,1019.7,67,126.7,126.7,1060.0,81.5,14.0,82.2
2025-11-23 00:00:00,2025,11,23,0,Hà Nội,Xã Tây Phương,21.0403672,105.6115528,157,Unhealthy,3,18.0,76,0.0,0.9,11,1019.6,91,122.5,122.5,1064.0,77.4,12.0,74.4
2025-11-23 01:00:00,2025,11,23,1,Hà Nội,Xã Tây Phương,21.0403672,105.6115528,157,Unhealthy,3,18.0,78,0.0,3.3,41,1019.5,99,117.1,117.3,1079.0,72.8,11.0,67.9
2025-11-23 02:00:00,2025,11,23,2,Hà Nội,Xã Tây Phương,21.0403672,105.6115528,158,Unhealthy,3,18.1,79,0.0,1.9,61,1019.0,77,104.5,105.0,1110.0,67.5,11.0,64.6
2025-11-23 03:00:00,2025,11,23,3,Hà Nội,Xã Tây Phương,21.0403672,105.6115528,159,Unhealthy,3,17.5,80,0.0,0.8,333,1018.8,65,98.7,99.2,1153.0,61.6,13.0,62.5
2025-11-23 04:00:00,2025,11,23,4,Hà Nội,Xã Tây Phương,21.0403672,105.6115528,159,Unhealthy,3,17.1,84,0.0,2.8,320,1018.9,99,92.4,92.9,1192.0,56.7,14.0,61.0
2025-11-23 05:00:00,2025,11,23,5,Hà Nội,Xã Tây Phương,21.0403672,105.6115528,160,Unhealthy,3,17.4,84,0.0,3.1,324,1019.0,95,87.5,87.8,1243.0,53.9,12.0,59.2
2025-11-23 06:00:00,2025,11,23,6,Hà Nội,Xã Tây Phương,21.0403672,105.6115528,160,Unhealthy,3,17.2,86,0.0,3.1,324,1019.7,100,86.1,86.4,1290.0,52.1,11.0,57.9
2025-11-23 07:00:00,2025,11,23,7,Hà Nội,Xã Tây Phương,21.0403672,105.6115528,160,Unhealthy,3,18.0,84,0.0,6.0,307,1020.7,93,95.9,97.1,1265.0,53.1,18.0,60.3
2025-11-23 08:00:00,2025,11,23,8,Hà Nội,Xã Tây Phương,21.0403672,105.6115528,161,Unhealthy,3,19.2,74,0.0,6.4,322,1021.0,24,71.7,72.2,1108.0,45.8,39.0,66.6
2025-11-23 09:00:00,2025,11,23,9,Hà Nội,Xã Tây Phương,21.0403672,105.6115528,161,Unhealthy,3,20.5,67,0.0,8.3,327,1021.6,0,53.1,53.1,881.0,35.6,68.0,74.9
2025-11-23 10:00:00,2025,11,23,10,Hà Nội,Xã Tây Phương,21.0403672,105.6115528,161,Unhealthy,3,21.8,62,0.0,9.3,331,1021.8,0,41.6,41.6,696.0,26.4,95.0,78.2
2025-11-23 11:00:00,2025,11,23,11,Hà Nội,Xã Tây Phương,21.0403672,105.6115528,161,Unhealthy,3,22.9,57,0.0,8.8,340,1020.8,0,33.5,33.5,599.0,19.2,118.0,71.5
2025-11-23 12:00:00,2025,11,23,12,Hà Nội,Xã Tây Phương,21.0403672,105.6115528,161,Unhealthy,3,23.5,55,0.0,7.7,344,1019.4,0,32.9,33.1,546.0,13.2,138.0,59.8
2025-11-23 13:00:00,2025,11,23,13,Hà Nội,Xã Tây Phương,21.0403672,105.6115528,161,Unhealthy,3,24.0,52,0.0,4.6,349,1018.4,0,34.6,34.6,517.0,9.4,154.0,50.8
2025-11-23 14:00:00,2025,11,23,14,Hà Nội,Xã Tây Phương,21.0403672,105.6115528,162,Unhealthy,3,24.3,52,0.0,3.1,357,1017.4,0,36.0,36.0,488.0,6.5,166.0,46.7
2025-11-23 15:00:00,2025,11,23,15,Hà Nội,Xã Tây Phương,21.0403672,105.6115528,162,Unhealthy,3,24.2,52,0.0,2.4,9,1016.9,0,37.1,37.1,483.0,5.9,174.0,45.2
2025-11-23 16:00:00,2025,11,23,16,Hà Nội,Xã Tây Phương,21.0403672,105.6115528,162,Unhealthy,3,23.9,53,0.0,1.0,68,1016.6,0,39.0,39.0,557.0,13.2,167.0,48.0
2025-11-23 17:00:00,2025,11,23,17,Hà Nội,Xã Tây Phương,21.0403672,105.6115528,162,Unhealthy,3,22.0,65,0.0,1.8,186,1016.5,0,71.0,71.0,785.0,36.1,136.0,58.1
2025-11-23 18:00:00,2025,11,23,18,Hà Nội,Xã Tây Phương,21.0403672,105.6115528,163,Unhealthy,3,20.1,68,0.0,3.6,210,1016.7,0,99.4,99.4,1093.0,67.0,91.0,72.4
2025-11-23 19:00:00,2025,11,23,19,Hà Nội,Xã Tây Phương,21.0403672,105.6115528,163,Unhealthy,3,19.5,69,0.0,3.3,216,1017.4,0,104.8,104.8,1312.0,87.3,47.0,78.1
2025-11-23 20:00:00,2025,11,23,20,Hà Nội,Xã Tây Phương,21.0403672,105.6115528,163,Unhealthy,3,19.0,72,0.0,3.4,238,1017.6,0,115.3,115.3,1354.0,83.3,43.0,79.0
2025-11-23 21:00:00,2025,11,23,21,Hà Nội,Xã Tây Phương,21.0403672,105.6115528,164,Unhealthy,3,18.0,77,0.0,3.2,251,1017.8,0,115.0,115.0,1307.0,77.6,37.0,79.8
2025-11-23 22:00:00,2025,11,23,22,Hà Nội,Xã Tây Phương,21.0403672,105.6115528,163,Unhealthy,3,17.1,81,0.0,2.4,257,1018.0,0,113.2,113.2,1270.0,71.7,32.0,78.2
2025-11-23 23:00:00,2025,11,23,23,Hà Nội,Xã Tây Phương,21.0403672,105.6115528,163,Unhealthy,3,16.6,82,0.0,2.9,270,1018.1,0,109.4,109.4,1289.0,65.8,29.0,72.0
2025-11-24 00:00:00,2025,11,24,0,Hà Nội,Xã Tây Phương,21.0403672,105.6115528,163,Unhealthy,3,16.5,83,0.0,1.7,319,1018.1,0,102.9,102.9,1317.0,59.8,26.0,63.3
2025-11-24 01:00:00,2025,11,24,1,Hà Nội,Xã Tây Phương,21.0403672,105.6115528,162,Unhealthy,3,15.8,90,0.0,4.3,336,1018.3,0,95.5,95.5,1313.0,54.5,24.0,55.8
2025-11-24 02:00:00,2025,11,24,2,Hà Nội,Xã Tây Phương,21.0403672,105.6115528,162,Unhealthy,3,15.6,91,0.0,4.4,328,1017.8,1,89.6,89.6,1250.0,50.2,22.0,50.5
2025-11-24 03:00:00,2025,11,24,3,Hà Nội,Xã Tây Phương,21.0403672,105.6115528,161,Unhealthy,3,15.4,92,0.0,2.9,317,1017.9,3,86.1,86.1,1154.0,46.6,20.0,46.3
2025-11-24 04:00:00,2025,11,24,4,Hà Nội,Xã Tây Phương,21.0403672,105.6115528,161,Unhealthy,3,15.1,93,0.0,3.9,307,1018.4,8,82.2,82.2,1066.0,43.9,19.0,44.0
2025-11-24 05:00:00,2025,11,24,5,Hà Nội,Xã Tây Phương,21.0403672,105.6115528,161,Unhealthy,3,14.9,94,0.0,5.1,297,1018.9,13,77.5,77.5,1006.0,43.1,16.0,44.1
2025-11-24 06:00:00,2025,11,24,6,Hà Nội,Xã Tây Phương,21.0403672,105.6115528,161,Unhealthy,3,14.9,94,0.0,5.4,304,1019.9,18,75.2,75.2,954.0,43.3,15.0,46.0
2025-11-24 07:00:00,2025,11,24,7,Hà Nội,Xã Tây Phương,21.0403672,105.6115528,161,Unhealthy,3,15.8,94,0.0,9.4,318,1020.8,5,72.9,73.6,884.0,42.6,24.0,48.2
2025-11-24 08:00:00,2025,11,24,8,Hà Nội,Xã Tây Phương,21.0403672,105.6115528,160,Unhealthy,3,18.4,84,0.0,8.3,316,1021.4,0,68.9,68.9,771.0,36.8,48.0,50.7
2025-11-24 09:00:00,2025,11,24,9,Hà Nội,Xã Tây Phương,21.0403672,105.6115528,160,Unhealthy,3,20.5,77,0.0,9.5,323,1022.0,0,56.0,56.0,640.0,28.7,81.0,53.8
2025-11-24 10:00:00,2025,11,24,10,Hà Nội,Xã Tây Phương,21.0403672,105.6115528,160,Unhealthy,3,22.0,68,0.0,9.3,328,1022.0,0,36.7,36.8,542.0,21.2,109.0,53.3
2025-11-24 11:00:00,2025,11,24,11,Hà Nội,Xã Tây Phương,21.0403672,105.6115528,160,Unhealthy,3,23.3,60,0.0,9.6,340,1020.9,0,29.2,29.3,504.0,14.9,128.0,45.7
2025-11-24 12:00:00,2025,11,24,12,Hà Nội,Xã Tây Phương,21.0403672,105.6115528,160,Unhealthy,3,24.2,56,0.0,9.4,349,1019.6,0,28.0,28.1,499.0,9.2,142.0,34.5
2025-11-24 13:00:00,2025,11,24,13,Hà Nội,Xã Tây Phương,21.0403672,105.6115528,160,Unhealthy,3,24.9,49,0.0,9.4,356,1018.4,15,26.9,27.0,500.0,5.8,148.0,25.8
2025-11-24 14:00:00,2025,11,24,14,Hà Nội,Xã Tây Phương,21.0403672,105.6115528,160,Unhealthy,3,25.4,46,0.0,9.5,359,1017.7,6,25.2,25.3,471.0,4.5,145.0,21.3
2025-11-24 15:00:00,2025,11,24,15,Hà Nội,Xã Tây Phương,21.0403672,105.6115528,159,Unhealthy,3,25.1,47,0.0,10.8,359,1017.5,1,23.5,23.7,446.0,5.6,134.0,19.4
2025-11-24 16:00:00,2025,11,24,16,Hà Nội,Xã Tây Phương,21.0403672,105.6115528,159,Unhealthy,3,24.4,57,0.0,6.1,5,1017.3,0,24.0,24.2,504.0,11.0,119.0,20.8
2025-11-24 17:00:00,2025,11,24,17,Hà Nội,Xã Tây Phương,21.0403672,105.6115528,159,Unhealthy,3,22.4,67,0.0,2.8,15,1017.8,0,32.8,33.1,741.0,24.3,97.0,27.4
2025-11-24 18:00:00,2025,11,24,18,Hà Nội,Xã Tây Phương,21.0403672,105.6115528,158,Unhealthy,3,21.2,66,0.0,3.1,347,1018.6,0,51.5,51.7,1060.0,42.1,70.0,37.3
2025-11-24 19:00:00,2025,11,24,19,Hà Nội,Xã Tây Phương,21.0403672,105.6115528,157,Unhealthy,3,20.7,69,0.0,4.0,330,1019.3,0,56.1,56.1,1245.0,54.7,42.0,44.0
2025-11-24 20:00:00,2025,11,24,20,Hà Nội,Xã Tây Phương,21.0403672,105.6115528,156,Unhealthy,3,19.8,72,0.0,5.6,6,1020.1,0,63.6,63.6,1161.0,55.7,37.0,46.6
2025-11-24 21:00:00,2025,11,24,21,Hà Nội,Xã Tây Phương,21.0403672,105.6115528,155,Unhealthy,3,18.8,71,0.0,6.8,32,1020.8,0,69.8,69.8,943.0,56.9,30.0,50.1
2025-11-24 22:00:00,2025,11,24,22,Hà Nội,Xã Tây Phương,21.0403672,105.6115528,154,Unhealthy,3,18.2,70,0.0,7.4,45,1021.2,0,75.4,75.7,778.0,57.3,25.0,52.0
2025-11-24 23:00:00,2025,11,24,23,Hà Nội,Xã Tây Phương,21.0403672,105.6115528,153,Unhealthy,3,18.0,70,0.0,7.3,59,1021.3,8,77.5,78.5,755.0,56.5,22.0,51.2
2025-11-25 00:00:00,2025,11,25,0,Hà Nội,Xã Tây Phương,21.0403672,105.6115528,152,Unhealthy,3,17.5,73,0.0,7.1,30,1021.6,0,77.1,78.2,784.0,54.9,19.0,48.8
2025-11-25 01:00:00,2025,11,25,1,Hà Nội,Xã Tây Phương,21.0403672,105.6115528,152,Unhealthy,3,16.7,80,0.0,6.7,340,1021.7,8,72.6,73.6,784.0,52.2,19.0,45.8
2025-11-25 02:00:00,2025,11,25,2,Hà Nội,Xã Tây Phương,21.0403672,105.6115528,151,Unhealthy,3,16.5,85,0.0,8.1,321,1021.2,8,65.2,65.4,697.0,47.6,21.0,41.8
2025-11-25 03:00:00,2025,11,25,3,Hà Nội,Xã Tây Phương,21.0403672,105.6115528,150,Unhealthy for Sensitive Groups,2,16.5,88,0.0,9.4,328,1021.2,4,58.1,58.2,581.0,41.9,25.0,37.1
2025-11-25 04:00:00,2025,11,25,4,Hà Nội,Xã Tây Phương,21.0403672,105.6115528,149,Unhealthy for Sensitive Groups,2,16.6,81,0.0,9.4,337,1021.4,20,50.6,50.9,521.0,37.0,28.0,33.6
2025-11-25 05:00:00,2025,11,25,5,Hà Nội,Xã Tây Phương,21.0403672,105.6115528,146,Unhealthy for Sensitive Groups,2,16.4,76,0.0,8.8,340,1021.8,11,44.1,44.4,590.0,34.5,29.0,32.8
2025-11-25 06:00:00,2025,11,25,6,Hà Nội,Xã Tây Phương,21.0403672,105.6115528,143,Unhealthy for Sensitive Groups,2,15.2,80,0.0,7.7,324,1022.4,79,40.7,41.0,716.0,32.9,29.0,33.3
2025-11-25 07:00:00,2025,11,25,7,Hà Nội,Xã Tây Phương,21.0403672,105.6115528,139,Unhealthy for Sensitive Groups,2,16.6,76,0.0,9.8,334,1022.9,34,37.1,37.5,766.0,30.3,33.0,31.7
2025-11-25 08:00:00,2025,11,25,8,Hà Nội,Xã Tây Phương,21.0403672,105.6115528,135,Unhealthy for Sensitive Groups,2,19.4,69,0.0,11.0,341,1023.2,48,33.2,33.3,656.0,23.7,50.0,28.3
2025-11-25 09:00:00,2025,11,25,9,Hà Nội,Xã Tây Phương,21.0403672,105.6115528,132,Unhealthy for Sensitive Groups,2,21.3,46,0.0,16.2,1,1023.9,25,19.8,20.1,471.0,14.5,73.0,23.5
2025-11-25 10:00:00,2025,11,25,10,Hà Nội,Xã Tây Phương,21.0403672,105.6115528,128,Unhealthy for Sensitive Groups,2,21.8,41,0.0,19.2,11,1023.8,5,14.7,15.0,331.0,7.5,93.0,19.7
2025-11-25 11:00:00,2025,11,25,11,Hà Nội,Xã Tây Phương,21.0403672,105.6115528,125,Unhealthy for Sensitive Groups,2,22.4,39,0.0,16.8,6,1022.6,4,14.4,14.8,289.0,4.7,106.0,17.6
2025-11-25 12:00:00,2025,11,25,12,Hà Nội,Xã Tây Phương,21.0403672,105.6115528,124,Unhealthy for Sensitive Groups,2,22.8,42,0.0,16.0,7,1021.3,34,15.1,15.5,293.0,4.0,115.0,16.5
2025-11-25 13:00:00,2025,11,25,13,Hà Nội,Xã Tây Phương,21.0403672,105.6115528,123,Unhealthy for Sensitive Groups,2,23.4,41,0.0,14.4,1,1019.9,42,16.1,16.5,309.0,4.3,121.0,16.1
2025-11-25 14:00:00,2025,11,25,14,Hà Nội,Xã Tây Phương,21.0403672,105.6115528,121,Unhealthy for Sensitive Groups,2,23.5,41,0.0,12.6,359,1018.7,3,16.9,17.3,309.0,3.4,124.0,15.5
2025-11-25 15:00:00,2025,11,25,15,Hà Nội,Xã Tây Phương,21.0403672,105.6115528,121,Unhealthy for Sensitive Groups,2,23.2,42,0.0,10.4,8,1018.0,27,17.3,17.8,322.0,3.5,124.0,15.7
2025-11-25 16:00:00,2025,11,25,16,Hà Nội,Xã Tây Phương,21.0403672,105.6115528,120,Unhealthy for Sensitive Groups,2,22.5,50,0.0,6.4,18,1017.6,8,18.7,19.1,402.0,9.5,115.0,19.0
2025-11-25 17:00:00,2025,11,25,17,Hà Nội,Xã Tây Phương,21.0403672,105.6115528,119,Unhealthy for Sensitive Groups,2,20.1,62,0.0,4.5,14,1017.6,5,31.3,31.8,608.0,27.1,91.0,27.9
2025-11-25 18:00:00,2025,11,25,18,Hà Nội,Xã Tây Phương,21.0403672,105.6115528,119,Unhealthy for Sensitive Groups,2,19.1,60,0.0,2.5,339,1017.8,2,53.8,54.1,880.0,50.7,59.0,40.0
2025-11-25 19:00:00,2025,11,25,19,Hà Nội,Xã Tây Phương,21.0403672,105.6115528,119,Unhealthy for Sensitive Groups,2,17.7,67,0.0,4.0,267,1018.6,0,67.1,67.3,1093.0,68.8,32.0,53.1
2025-11-25 20:00:00,2025,11,25,20,Hà Nội,Xã Tây Phương,21.0403672,105.6115528,121,Unhealthy for Sensitive Groups,2,17.4,70,0.0,4.1,299,1019.0,0,77.5,78.0,1212.0,69.9,28.0,57.1
2025-11-25 21:00:00,2025,11,25,21,Hà Nội,Xã Tây Phương,21.0403672,105.6115528,122,Unhealthy for Sensitive Groups,2,16.6,75,0.0,4.4,12,1019.4,0,83.1,83.6,1272.0,71.4,23.0,62.7
2025-11-25 22:00:00,2025,11,25,22,Hà Nội,Xã Tây Phương,21.0403672,105.6115528,123,Unhealthy for Sensitive Groups,2,16.4,77,0.0,3.3,13,1019.8,0,86.1,87.5,1249.0,72.1,19.0,66.6
2025-11-25 23:00:00,2025,11,25,23,Hà Nội,Xã Tây Phương,21.0403672,105.6115528,125,Unhealthy for Sensitive Groups,2,15.9,74,0.0,2.9,7,1019.7,0,86.8,88.9,1092.0,71.6,18.0,67.7
2025-11-26 00:00:00,2025,11,26,0,Hà Nội,Xã Tây Phương,21.0403672,105.6115528,126,Unhealthy for Sensitive Groups,2,14.9,73,0.0,4.6,9,1019.4,0,83.8,86.1,851.0,70.4,17.0,67.2
2025-11-26 01:00:00,2025,11,26,1,Hà Nội,Xã Tây Phương,21.0403672,105.6115528,126,Unhealthy for Sensitive Groups,2,14.3,80,0.0,4.4,7,1019.4,0,79.9,82.0,655.0,68.6,17.0,65.9
2025-11-26 02:00:00,2025,11,26,2,Hà Nội,Xã Tây Phương,21.0403672,105.6115528,127,Unhealthy for Sensitive Groups,2,14.2,77,0.0,3.5,39,1018.7,0,76.6,78.2,533.0,66.0,16.0,63.7
2025-11-26 03:00:00,2025,11,26,3,Hà Nội,Xã Tây Phương,21.0403672,105.6115528,128,Unhealthy for Sensitive Groups,2,14.4,72,0.0,3.1,54,1018.5,0,74.3,75.9,456.0,62.9,14.0,60.7
2025-11-26 04:00:00,2025,11,26,4,Hà Nội,Xã Tây Phương,21.0403672,105.6115528,130,Unhealthy for Sensitive Groups,2,14.4,68,0.0,2.6,34,1018.8,2,72.4,73.8,462.0,60.1,13.0,58.5
2025-11-26 05:00:00,2025,11,26,5,Hà Nội,Xã Tây Phương,21.0403672,105.6115528,132,Unhealthy for Sensitive Groups,2,14.0,69,0.0,2.3,4,1018.9,22,71.7,73.1,629.0,58.9,11.0,57.8
2025-11-26 06:00:00,2025,11,26,6,Hà Nội,Xã Tây Phương,21.0403672,105.6115528,135,Unhealthy for Sensitive Groups,2,12.9,77,0.0,3.4,342,1019.5,52,73.6,75.0,879.0,58.0,10.0,57.9
2025-11-26 07:00:00,2025,11,26,7,Hà Nội,Xã Tây Phương,21.0403672,105.6115528,138,Unhealthy for Sensitive Groups,2,13.1,89,0.0,4.8,323,1020.5,87,70.3,72.2,1021.0,50.1,16.0,52.6
2025-11-26 08:00:00,2025,11,26,8,Hà Nội,Xã Tây Phương,21.0403672,105.6115528,142,Unhealthy for Sensitive Groups,2,16.0,78,0.0,4.7,320,1020.8,82,61.2,62.2,944.0,42.0,36.0,53.7
2025-11-26 09:00:00,2025,11,26,9,Hà Nội,Xã Tây Phương,21.0403672,105.6115528,145,Unhealthy for Sensitive Groups,2,18.3,69,0.0,5.9,329,1021.4,42,44.6,44.9,758.0,30.8,64.0,54.8
2025-11-26 10:00:00,2025,11,26,10,Hà Nội,Xã Tây Phương,21.0403672,105.6115528,147,Unhealthy for Sensitive Groups,2,20.0,59,0.0,8.2,350,1021.4,45,28.6,29.6,600.0,21.1,88.0,52.8
2025-11-26 11:00:00,2025,11,26,11,Hà Nội,Xã Tây Phương,21.0403672,105.6115528,149,Unhealthy for Sensitive Groups,2,21.1,54,0.0,9.4,358,1020.7,41,21.7,23.3,519.0,14.5,105.0,44.8
2025-11-26 12:00:00,2025,11,26,12,Hà Nội,Xã Tây Phương,21.0403672,105.6115528,150,Unhealthy for Sensitive Groups,2,22.0,50,0.0,8.1,359,1019.6,21,20.5,22.2,467.0,9.6,119.0,33.7
2025-11-26 13:00:00,2025,11,26,13,Hà Nội,Xã Tây Phương,21.0403672,105.6115528,150,Unhealthy for Sensitive Groups,2,22.6,46,0.0,7.0,359,1018.2,77,20.4,21.9,434.0,6.7,128.0,25.5
2025-11-26 14:00:00,2025,11,26,14,Hà Nội,Xã Tây Phương,21.0403672,105.6115528,150,Unhealthy for Sensitive Groups,2,23.0,44,0.0,6.3,357,1017.6,70,20.3,21.8,398.0,4.5,132.0,21.9
2025-11-26 15:00:00,2025,11,26,15,Hà Nội,Xã Tây Phương,21.0403672,105.6115528,150,Unhealthy for Sensitive Groups,2,22.9,44,0.0,5.7,351,1017.3,17,20.3,21.7,383.0,4.3,132.0,21.1
2025-11-26 16:00:00,2025,11,26,16,Hà Nội,Xã Tây Phương,21.0403672,105.6115528,150,Unhealthy for Sensitive Groups,2,22.3,53,0.0,3.6,340,1017.3,6,21.2,22.5,445.0,10.5,123.0,24.3
2025-11-26 17:00:00,2025,11,26,17,Hà Nội,Xã Tây Phương,21.0403672,105.6115528,150,Unhealthy for Sensitive Groups,2,19.9,66,0.0,2.4,318,1018.0,0,38.3,39.6,660.0,29.4,99.0,34.2
2025-11-26 18:00:00,2025,11,26,18,Hà Nội,Xã Tây Phương,21.0403672,105.6115528,150,Unhealthy for Sensitive Groups,2,17.4,73,0.0,5.5,283,1019.0,0,61.2,62.6,953.0,54.8,67.0,48.1
2025-11-26 19:00:00,2025,11,26,19,Hà Nội,Xã Tây Phương,21.0403672,105.6115528,151,Unhealthy,3,16.8,73,0.0,6.4,278,1019.8,0,82.4,84.1,1160.0,77.7,40.0,62.5
2025-11-26 20:00:00,2025,11,26,20,Hà Nội,Xã Tây Phương,21.0403672,105.6115528,151,Unhealthy,3,16.6,72,0.0,5.9,320,1020.8,0,93.8,96.2,1211.0,75.7,35.0,62.3
2025-11-26 21:00:00,2025,11,26,21,Hà Nội,Xã Tây Phương,21.0403672,105.6115528,151,Unhealthy,3,16.1,78,0.0,7.3,353,1021.8,0,97.8,99.9,1175.0,72.7,28.0,61.8
2025-11-26 22:00:00,2025,11,26,22,Hà Nội,Xã Tây Phương,21.0403672,105.6115528,152,Unhealthy,3,15.4,82,0.0,6.9,6,1022.7,0,92.7,94.3,1096.0,69.4,22.0,60.0
2025-11-26 23:00:00,2025,11,26,23,Hà Nội,Xã Tây Phương,21.0403672,105.6115528,152,Unhealthy,3,14.7,77,0.0,6.7,8,1023.2,48,88.0,89.4,964.0,65.9,19.0,55.8
2025-11-27 00:00:00,2025,11,27,0,Hà Nội,Xã Tây Phương,21.0403672,105.6115528,152,Unhealthy,3,14.4,73,0.0,6.6,11,1023.5,38,85.2,86.6,789.0,62.0,18.0,50.2
2025-11-27 01:00:00,2025,11,27,1,Hà Nội,Xã Tây Phương,21.0403672,105.6115528,152,Unhealthy,3,14.1,73,0.0,6.9,346,1023.3,0,82.0,83.4,646.0,57.7,18.0,45.4
2025-11-27 02:00:00,2025,11,27,2,Hà Nội,Xã Tây Phương,21.0403672,105.6115528,152,Unhealthy,3,13.9,77,0.0,6.4,320,1022.7,0,76.8,78.0,560.0,52.5,19.0,41.7
2025-11-27 03:00:00,2025,11,27,3,Hà Nội,Xã Tây Phương,21.0403672,105.6115528,152,Unhealthy,3,13.6,88,0.0,9.4,322,1022.7,0,70.1,71.0,506.0,46.9,22.0,38.8
2025-11-27 04:00:00,2025,11,27,4,Hà Nội,Xã Tây Phương,21.0403672,105.6115528,152,Unhealthy,3,13.6,93,0.0,9.8,316,1023.1,0,64.0,64.7,482.0,42.7,24.0,37.2
2025-11-27 05:00:00,2025,11,27,5,Hà Nội,Xã Tây Phương,21.0403672,105.6115528,152,Unhealthy,3,13.4,92,0.0,9.3,311,1023.4,0,60.8,61.5,506.0,41.9,22.0,38.1
2025-11-27 06:00:00,2025,11,27,6,Hà Nội,Xã Tây Phương,21.0403672,105.6115528,151,Unhealthy,3,12.9,92,0.0,9.7,317,1023.9,28,61.9,62.9,560.0,42.6,20.0,40.5
2025-11-27 07:00:00,2025,11,27,7,Hà Nội,Xã Tây Phương,21.0403672,105.6115528,151,Unhealthy,3,13.9,91,0.0,10.6,320,1024.8,36,67.8,68.5,585.0,39.9,26.0,38.9
2025-11-27 08:00:00,2025,11,27,8,Hà Nội,Xã Tây Phương,21.0403672,105.6115528,151,Unhealthy,3,16.3,84,0.0,10.2,315,1025.5,27,58.2,58.8,550.0,32.8,46.0,38.0
2025-11-27 09:00:00,2025,11,27,9,Hà Nội,Xã Tây Phương,21.0403672,105.6115528,151,Unhealthy,3,19.1,73,0.0,8.6,331,1026.2,18,49.5,50.1,485.0,22.9,74.0,36.6
2025-11-27 10:00:00,2025,11,27,10,Hà Nội,Xã Tây Phương,21.0403672,105.6115528,151,Unhealthy,3,21.9,48,0.0,15.5,1,1025.9,11,32.5,33.3,424.0,14.6,97.0,33.6
2025-11-27 11:00:00,2025,11,27,11,Hà Nội,Xã Tây Phương,21.0403672,105.6115528,151,Unhealthy,3,22.5,31,0.0,22.1,12,1024.9,9,25.7,26.3,370.0,9.4,109.0,27.4
2025-11-27 12:00:00,2025,11,27,12,Hà Nội,Xã Tây Phương,21.0403672,105.6115528,151,Unhealthy,3,22.9,33,0.0,19.5,9,1023.5,12,23.4,23.8,319.0,5.7,116.0,19.7
2025-11-27 13:00:00,2025,11,27,13,Hà Nội,Xã Tây Phương,21.0403672,105.6115528,151,Unhealthy,3,23.3,38,0.0,17.2,7,1022.2,18,22.0,22.4,293.0,4.1,119.0,14.4
2025-11-27 14:00:00,2025,11,27,14,Hà Nội,Xã Tây Phương,21.0403672,105.6115528,151,Unhealthy,3,23.8,33,0.0,16.1,13,1021.2,36,20.5,20.9,301.0,3.6,118.0,12.9
2025-11-27 15:00:00,2025,11,27,15,Hà Nội,Xã Tây Phương,21.0403672,105.6115528,151,Unhealthy,3,23.4,37,0.0,15.3,17,1020.7,11,19.4,19.8,333.0,5.1,112.0,13.8
2025-11-27 16:00:00,2025,11,27,16,Hà Nội,Xã Tây Phương,21.0403672,105.6115528,151,Unhealthy,3,22.4,45,0.0,9.7,12,1020.4,100,21.1,21.5,391.0,11.2,101.0,17.4
2025-11-27 17:00:00,2025,11,27,17,Hà Nội,Xã Tây Phương,21.0403672,105.6115528,151,Unhealthy,3,19.4,53,0.0,7.7,12,1020.2,94,30.7,31.2,494.0,25.8,80.0,25.2
2025-11-27 18:00:00,2025,11,27,18,Hà Nội,Xã Tây Phương,21.0403672,105.6115528,151,Unhealthy,3,17.6,50,0.0,8.7,22,1020.7,67,48.1,48.7,621.0,45.1,54.0,35.7
2025-11-27 19:00:00,2025,11,27,19,Hà Nội,Xã Tây Phương,21.0403672,105.6115528,151,Unhealthy,3,17.4,49,0.0,9.6,33,1021.4,98,60.3,60.8,710.0,55.7,35.0,41.6
2025-11-27 20:00:00,2025,11,27,20,Hà Nội,Xã Tây Phương,21.0403672,105.6115528,150,Unhealthy for Sensitive Groups,2,17.0,54,0.0,8.4,34,1021.7,100,73.1,73.6,716.0,60.3,28.0,47.2
2025-11-27 21:00:00,2025,11,27,21,Hà Nội,Xã Tây Phương,21.0403672,105.6115528,150,Unhealthy for Sensitive Groups,2,15.9,60,0.0,7.0,23,1022.2,100,82.4,83.6,683.0,66.5,20.0,54.6
2025-11-27 22:00:00,2025,11,27,22,Hà Nội,Xã Tây Phương,21.0403672,105.6115528,148,Unhealthy for Sensitive Groups,2,15.7,59,0.0,5.0,21,1022.2,100,88.9,90.8,687.0,69.8,13.0,58.7
2025-11-27 23:00:00,2025,11,27,23,Hà Nội,Xã Tây Phương,21.0403672,105.6115528,148,Unhealthy for Sensitive Groups,2,15.1,60,0.0,4.1,23,1021.6,100,89.2,91.3,792.0,68.1,11.0,56.4
2025-11-28 00:00:00,2025,11,28,0,Hà Nội,Xã Tây Phương,21.0403672,105.6115528,148,Unhealthy for Sensitive Groups,2,14.6,62,0.0,2.5,30,1021.1,100,82.2,84.1,932.0,63.7,12.0,50.8
2025-11-28 01:00:00,2025,11,28,1,Hà Nội,Xã Tây Phương,21.0403672,105.6115528,148,Unhealthy for Sensitive Groups,2,13.9,70,0.0,1.4,40,1021.0,100,75.9,77.1,989.0,58.6,13.0,45.5
2025-11-28 02:00:00,2025,11,28,2,Hà Nội,Xã Tây Phương,21.0403672,105.6115528,147,Unhealthy for Sensitive Groups,2,13.6,71,0.0,1.3,352,1020.3,100,70.5,71.2,869.0,53.0,15.0,41.4
2025-11-28 03:00:00,2025,11,28,3,Hà Nội,Xã Tây Phương,21.0403672,105.6115528,146,Unhealthy for Sensitive Groups,2,12.6,75,0.0,3.5,325,1020.0,100,64.7,65.2,666.0,46.8,18.0,37.8
2025-11-28 04:00:00,2025,11,28,4,Hà Nội,Xã Tây Phương,21.0403672,105.6115528,146,Unhealthy for Sensitive Groups,2,11.4,80,0.0,6.2,311,1019.9,100,60.3,60.8,535.0,42.1,20.0,35.8
2025-11-28 05:00:00,2025,11,28,5,Hà Nội,Xã Tây Phương,21.0403672,105.6115528,146,Unhealthy for Sensitive Groups,2,11.8,84,0.0,8.9,306,1019.8,100,58.4,58.8,575.0,40.7,19.0,36.5
2025-11-28 06:00:00,2025,11,28,6,Hà Nội,Xã Tây Phương,21.0403672,105.6115528,145,Unhealthy for Sensitive Groups,2,11.8,84,0.0,9.0,300,1020.3,100,60.1,60.5,688.0,40.9,17.0,39.0
2025-11-28 07:00:00,2025,11,28,7,Hà Nội,Xã Tây Phương,21.0403672,105.6115528,145,Unhealthy for Sensitive Groups,2,12.4,84,0.0,11.6,319,1020.7,100,50.4,52.0,738.0,37.6,24.0,36.4
2025-11-28 08:00:00,2025,11,28,8,Hà Nội,Xã Tây Phương,21.0403672,105.6115528,143,Unhealthy for Sensitive Groups,2,15.3,76,0.0,12.4,324,1021.0,99,47.7,48.0,649.0,33.7,41.0,39.1
2025-11-28 09:00:00,2025,11,28,9,Hà Nội,Xã Tây Phương,21.0403672,105.6115528,142,Unhealthy for Sensitive Groups,2,17.9,67,0.0,11.8,320,1021.2,92,41.9,42.0,497.0,28.2,66.0,42.5
2025-11-28 10:00:00,2025,11,28,10,Hà Nội,Xã Tây Phương,21.0403672,105.6115528,141,Unhealthy for Sensitive Groups,2,20.0,57,0.0,10.8,318,1021.1,48,31.7,31.9,372.0,22.5,88.0,42.8
2025-11-28 11:00:00,2025,11,28,11,Hà Nội,Xã Tây Phương,21.0403672,105.6115528,141,Unhealthy for Sensitive Groups,2,21.4,49,0.0,9.6,317,1019.9,65,21.6,21.9,305.0,16.5,106.0,36.8
2025-11-28 12:00:00,2025,11,28,12,Hà Nội,Xã Tây Phương,21.0403672,105.6115528,141,Unhealthy for Sensitive Groups,2,22.5,42,0.0,9.2,318,1018.6,77,17.6,18.1,266.0,10.3,122.0,27.6
2025-11-28 13:00:00,2025,11,28,13,Hà Nội,Xã Tây Phương,21.0403672,105.6115528,140,Unhealthy for Sensitive Groups,2,23.1,38,0.0,8.3,321,1017.2,61,17.2,17.8,254.0,6.6,132.0,21.1
2025-11-28 14:00:00,2025,11,28,14,Hà Nội,Xã Tây Phương,21.0403672,105.6115528,140,Unhealthy for Sensitive Groups,2,23.0,40,0.0,9.3,331,1015.9,0,17.5,18.0,252.0,4.8,136.0,18.9
2025-11-28 15:00:00,2025,11,28,15,Hà Nội,Xã Tây Phương,21.0403672,105.6115528,139,Unhealthy for Sensitive Groups,2,22.8,42,0.0,9.3,332,1015.1,0,18.0,18.5,277.0,5.5,134.0,19.3
2025-11-28 16:00:00,2025,11,28,16,Hà Nội,Xã Tây Phương,21.0403672,105.6115528,139,Unhealthy for Sensitive Groups,2,21.8,51,0.0,7.3,330,1014.6,0,20.3,20.8,377.0,12.5,123.0,23.5
2025-11-28 17:00:00,2025,11,28,17,Hà Nội,Xã Tây Phương,21.0403672,105.6115528,139,Unhealthy for Sensitive Groups,2,19.1,59,0.0,4.6,306,1014.7,0,45.1,45.6,630.0,31.8,97.0,34.0
2025-11-28 18:00:00,2025,11,28,18,Hà Nội,Xã Tây Phương,21.0403672,105.6115528,141,Unhealthy for Sensitive Groups,2,18.0,56,0.0,3.2,270,1014.8,0,69.6,70.1,957.0,57.5,63.0,48.1
2025-11-28 19:00:00,2025,11,28,19,Hà Nội,Xã Tây Phương,21.0403672,105.6115528,143,Unhealthy for Sensitive Groups,2,17.6,55,0.0,1.6,276,1015.6,0,73.8,74.5,1170.0,72.7,39.0,57.5
2025-11-28 20:00:00,2025,11,28,20,Hà Nội,Xã Tây Phương,21.0403672,105.6115528,144,Unhealthy for Sensitive Groups,2,16.5,58,0.0,1.5,225,1016.1,0,85.9,87.8,1161.0,71.9,34.0,61.6
2025-11-28 21:00:00,2025,11,28,21,Hà Nội,Xã Tây Phương,21.0403672,105.6115528,146,Unhealthy for Sensitive Groups,2,15.0,63,0.0,3.6,221,1016.4,0,92.7,95.2,1037.0,70.8,27.0,67.1
2025-11-28 22:00:00,2025,11,28,22,Hà Nội,Xã Tây Phương,21.0403672,105.6115528,147,Unhealthy for Sensitive Groups,2,13.9,68,0.0,3.7,219,1016.5,0,95.2,98.0,931.0,69.6,21.0,69.9
2025-11-28 23:00:00,2025,11,28,23,Hà Nội,Xã Tây Phương,21.0403672,105.6115528,147,Unhealthy for Sensitive Groups,2,13.3,71,0.0,3.3,234,1016.5,0,95.2,98.0,900.0,68.1,17.0,67.1
2025-11-29 00:00:00,2025,11,29,0,Hà Nội,Xã Tây Phương,21.0403672,105.6115528,148,Unhealthy for Sensitive Groups,2,12.8,73,0.0,1.7,122,1016.5,0,94.3,96.9,888.0,66.4,14.0,61.7
2025-11-29 01:00:00,2025,11,29,1,Hà Nội,Xã Tây Phương,21.0403672,105.6115528,149,Unhealthy for Sensitive Groups,2,12.7,77,0.0,1.3,135,1016.5,0,93.4,95.9,855.0,65.2,11.0,57.8
2025-11-29 02:00:00,2025,11,29,2,Hà Nội,Xã Tây Phương,21.0403672,105.6115528,150,Unhealthy for Sensitive Groups,2,12.2,78,0.0,0.6,252,1015.7,0,89.2,92.0,754.0,65.3,9.0,57.4
2025-11-29 03:00:00,2025,11,29,3,Hà Nội,Xã Tây Phương,21.0403672,105.6115528,151,Unhealthy,3,11.8,80,0.0,0.8,297,1015.5,0,82.9,85.7,632.0,65.8,8.0,58.7
2025-11-29 04:00:00,2025,11,29,4,Hà Nội,Xã Tây Phương,21.0403672,105.6115528,151,Unhealthy,3,11.1,86,0.0,2.4,324,1015.5,0,80.8,83.8,598.0,65.2,8.0,60.2
2025-11-29 05:00:00,2025,11,29,5,Hà Nội,Xã Tây Phương,21.0403672,105.6115528,152,Unhealthy,3,10.5,91,0.0,3.0,322,1015.6,0,77.8,80.6,744.0,62.5,7.0,60.5
2025-11-29 06:00:00,2025,11,29,6,Hà Nội,Xã Tây Phương,21.0403672,105.6115528,152,Unhealthy,3,9.9,95,0.0,3.8,301,1015.9,2,76.4,79.2,978.0,58.6,8.0,61.1
2025-11-29 07:00:00,2025,11,29,7,Hà Nội,Xã Tây Phương,21.0403672,105.6115528,152,Unhealthy,3,10.4,96,0.0,8.6,307,1017.0,53,68.0,70.1,1129.0,52.1,16.0,60.7
2025-11-29 08:00:00,2025,11,29,8,Hà Nội,Xã Tây Phương,21.0403672,105.6115528,153,Unhealthy,3,13.6,85,0.0,6.0,314,1017.3,2,59.1,61.2,1117.0,49.6,33.0,71.0
2025-11-29 09:00:00,2025,11,29,9,Hà Nội,Xã Tây Phương,21.0403672,105.6115528,153,Unhealthy,3,16.2,77,0.0,5.7,323,1017.9,0,44.6,46.4,1021.0,45.8,57.0,84.8
2025-11-29 10:00:00,2025,11,29,10,Hà Nội,Xã Tây Phương,21.0403672,105.6115528,153,Unhealthy,3,18.4,70,0.0,4.4,333,1017.5,0,41.8,42.6,912.0,40.9,80.0,91.9
2025-11-29 11:00:00,2025,11,29,11,Hà Nội,Xã Tây Phương,21.0403672,105.6115528,153,Unhealthy,3,20.0,63,0.0,3.6,342,1016.5,0,36.2,36.2,793.0,33.5,100.0,85.7
2025-11-29 12:00:00,2025,11,29,12,Hà Nội,Xã Tây Phương,21.0403672,105.6115528,154,Unhealthy,3,21.4,57,0.0,3.3,347,1015.1,0,29.0,29.0,660.0,24.9,119.0,72.8
2025-11-29 13:00:00,2025,11,29,13,Hà Nội,Xã Tây Phương,21.0403672,105.6115528,154,Unhealthy,3,22.4,50,0.0,2.8,15,1013.7,0,26.7,26.7,571.0,19.1,133.0,62.9
2025-11-29 14:00:00,2025,11,29,14,Hà Nội,Xã Tây Phương,21.0403672,105.6115528,154,Unhealthy,3,22.9,48,0.0,2.8,55,1012.9,0,27.3,27.4,533.0,16.0,142.0,58.9
2025-11-29 15:00:00,2025,11,29,15,Hà Nội,Xã Tây Phương,21.0403672,105.6115528,154,Unhealthy,3,22.8,49,0.0,4.3,92,1012.2,0,29.6,29.7,538.0,15.7,145.0,57.8
2025-11-29 16:00:00,2025,11,29,16,Hà Nội,Xã Tây Phương,21.0403672,105.6115528,154,Unhealthy,3,22.0,56,0.0,5.4,116,1012.1,0,33.6,33.8,620.0,23.0,137.0,60.7
2025-11-29 17:00:00,2025,11,29,17,Hà Nội,Xã Tây Phương,21.0403672,105.6115528,155,Unhealthy,3,19.0,67,0.0,5.5,131,1012.2,0,65.9,65.9,853.0,44.3,110.0,69.3
2025-11-29 18:00:00,2025,11,29,18,Hà Nội,Xã Tây Phương,21.0403672,105.6115528,155,Unhealthy,3,17.1,69,0.0,6.8,138,1012.4,0,91.0,91.0,1163.0,73.2,72.0,81.9
2025-11-29 19:00:00,2025,11,29,19,Hà Nội,Xã Tây Phương,21.0403672,105.6115528,156,Unhealthy,3,16.6,70,0.0,6.8,148,1012.9,0,112.7,112.7,1357.0,100.0,38.0,96.1
2025-11-29 20:00:00,2025,11,29,20,Hà Nội,Xã Tây Phương,21.0403672,105.6115528,157,Unhealthy,3,16.1,74,0.0,6.7,153,1013.3,0,129.0,129.0,1324.0,101.0,33.0,100.3
2025-11-29 21:00:00,2025,11,29,21,Hà Nội,Xã Tây Phương,21.0403672,105.6115528,157,Unhealthy,3,15.6,78,0.0,6.5,174,1013.8,0,135.0,135.0,1175.0,102.1,26.0,105.7
2025-11-29 22:00:00,2025,11,29,22,Hà Nội,Xã Tây Phương,21.0403672,105.6115528,158,Unhealthy,3,15.6,76,0.0,8.9,161,1013.9,0,130.9,130.9,1054.0,101.3,20.0,107.2
2025-11-29 23:00:00,2025,11,29,23,Hà Nội,Xã Tây Phương,21.0403672,105.6115528,159,Unhealthy,3,14.8,79,0.0,8.1,148,1013.6,0,120.6,120.6,1015.0,97.1,16.0,100.7
2025-11-30 00:00:00,2025,11,30,0,Hà Nội,Xã Tây Phương,21.0403672,105.6115528,160,Unhealthy,3,13.6,85,0.0,6.5,150,1013.4,0,111.3,111.5,1004.0,91.0,13.0,90.3
2025-11-30 01:00:00,2025,11,30,1,Hà Nội,Xã Tây Phương,21.0403672,105.6115528,160,Unhealthy,3,13.1,87,0.0,3.7,157,1013.5,0,106.4,106.6,998.0,85.9,11.0,82.4
2025-11-30 02:00:00,2025,11,30,2,Hà Nội,Xã Tây Phương,21.0403672,105.6115528,160,Unhealthy,3,12.9,88,0.0,1.8,180,1012.8,2,104.3,105.0,994.0,83.4,9.0,80.1
2025-11-30 03:00:00,2025,11,30,3,Hà Nội,Xã Tây Phương,21.0403672,105.6115528,161,Unhealthy,3,12.9,88,0.0,0.5,315,1012.7,32,102.4,103.4,997.0,82.0,7.0,80.4
2025-11-30 04:00:00,2025,11,30,4,Hà Nội,Xã Tây Phương,21.0403672,105.6115528,161,Unhealthy,3,12.8,92,0.0,4.6,315,1013.0,31,101.5,102.2,996.0,79.3,6.0,81.0
2025-11-30 05:00:00,2025,11,30,5,Hà Nội,Xã Tây Phương,21.0403672,105.6115528,162,Unhealthy,3,12.6,95,0.0,7.4,299,1013.4,32,99.2,99.9,987.0,74.2,5.0,80.4
2025-11-30 06:00:00,2025,11,30,6,Hà Nội,Xã Tây Phương,21.0403672,105.6115528,162,Unhealthy,3,12.4,95,0.0,7.3,298,1014.0,38,99.2,99.7,975.0,68.0,5.0,80.1
2025-11-30 07:00:00,2025,11,30,7,Hà Nội,Xã Tây Phương,21.0403672,105.6115528,163,Unhealthy,3,13.3,93,0.0,10.2,302,1014.5,16,95.5,95.9,967.0,59.7,8.0,77.5
2025-11-30 08:00:00,2025,11,30,8,Hà Nội,Xã Tây Phương,21.0403672,105.6115528,163,Unhealthy,3,15.4,85,0.0,7.5,307,1015.2,4,87.1,87.3,977.0,56.4,22.0,88.5
2025-11-30 09:00:00,2025,11,30,9,Hà Nội,Xã Tây Phương,21.0403672,105.6115528,164,Unhealthy,3,17.6,77,0.0,8.5,312,1015.7,2,79.2,79.4,990.0,51.5,43.0,103.3
2025-11-30 10:00:00,2025,11,30,10,Hà Nội,Xã Tây Phương,21.0403672,105.6115528,165,Unhealthy,3,19.5,70,0.0,8.4,317,1015.5,2,72.4,72.9,968.0,45.7,66.0,112.1
2025-11-30 11:00:00,2025,11,30,11,Hà Nội,Xã Tây Phương,21.0403672,105.6115528,165,Unhealthy,3,21.0,65,0.0,7.0,328,1014.3,1,63.1,63.6,869.0,37.9,93.0,109.2
2025-11-30 12:00:00,2025,11,30,12,Hà Nội,Xã Tây Phương,21.0403672,105.6115528,166,Unhealthy,3,22.2,63,0.0,4.8,347,1013.2,0,56.8,57.2,734.0,29.2,122.0,100.2
2025-11-30 13:00:00,2025,11,30,13,Hà Nội,Xã Tây Phương,21.0403672,105.6115528,166,Unhealthy,3,23.0,61,0.0,3.4,16,1011.7,0,53.4,53.7,650.0,23.4,144.0,92.2
2025-11-30 14:00:00,2025,11,30,14,Hà Nội,Xã Tây Phương,21.0403672,105.6115528,167,Unhealthy,3,23.6,60,0.0,2.7,53,1010.9,0,53.6,53.8,614.0,20.4,157.0,86.6
2025-11-30 15:00:00,2025,11,30,15,Hà Nội,Xã Tây Phương,21.0403672,105.6115528,168,Unhealthy,3,23.9,60,0.0,5.3,78,1010.5,0,54.9,55.2,628.0,20.3,162.0,82.0
2025-11-30 16:00:00,2025,11,30,16,Hà Nội,Xã Tây Phương,21.0403672,105.6115528,168,Unhealthy,3,23.2,63,0.0,7.4,90,1010.6,0,56.9,57.2,787.0,26.7,155.0,80.8
2025-11-30 17:00:00,2025,11,30,17,Hà Nội,Xã Tây Phương,21.0403672,105.6115528,169,Unhealthy,3,20.6,76,0.0,4.9,82,1011.0,0,85.4,85.7,1214.0,44.9,126.0,85.0
2025-11-30 18:00:00,2025,11,30,18,Hà Nội,Xã Tây Phương,21.0403672,105.6115528,169,Unhealthy,3,19.7,74,0.0,2.3,108,1011.7,0,109.7,110.1,1785.0,69.7,85.0,92.8
2025-11-30 19:00:00,2025,11,30,19,Hà Nội,Xã Tây Phương,21.0403672,105.6115528,169,Unhealthy,3,19.2,76,0.0,2.1,165,1012.6,0,110.1,110.4,2228.0,87.5,50.0,99.8
2025-11-30 20:00:00,2025,11,30,20,Hà Nội,Xã Tây Phương,21.0403672,105.6115528,169,Unhealthy,3,19.0,77,0.0,1.7,162,1013.2,0,122.0,122.5,2417.0,88.1,43.0,100.7
2025-11-30 21:00:00,2025,11,30,21,Hà Nội,Xã Tây Phương,21.0403672,105.6115528,169,Unhealthy,3,18.0,81,0.0,2.4,117,1013.9,0,124.8,124.8,2478.0,88.9,33.0,101.8
2025-11-30 22:00:00,2025,11,30,22,Hà Nội,Xã Tây Phương,21.0403672,105.6115528,169,Unhealthy,3,17.0,86,0.0,5.2,115,1014.5,0,122.0,122.5,2511.0,89.6,25.0,102.1
2025-11-30 23:00:00,2025,11,30,23,Hà Nội,Xã Tây Phương,21.0403672,105.6115528,169,Unhealthy,3,16.8,88,0.0,4.1,124,1014.6,2,122.0,122.0,2599.0,90.6,19.0,101.3
2025-12-01 00:00:00,2025,12,1,0,Hà Nội,Xã Tây Phương,21.0403672,105.6115528,169,Unhealthy,3,16.6,91,0.0,2.4,117,1014.8,14,122.9,122.9,2660.0,91.5,15.0,99.6
2025-12-01 01:00:00,2025,12,1,1,Hà Nội,Xã Tây Phương,21.0403672,105.6115528,169,Unhealthy,3,16.7,94,0.0,0.7,360,1015.2,100,122.9,123.4,2551.0,90.7,11.0,97.0
2025-12-01 02:00:00,2025,12,1,2,Hà Nội,Xã Tây Phương,21.0403672,105.6115528,170,Unhealthy,3,17.3,94,0.0,3.7,325,1014.5,100,123.4,124.3,2121.0,87.3,9.0,93.0
2025-12-01 03:00:00,2025,12,1,3,Hà Nội,Xã Tây Phương,21.0403672,105.6115528,170,Unhealthy,3,17.5,94,0.1,6.1,315,1014.3,100,125.7,126.7,1521.0,82.3,7.0,88.1
2025-12-01 04:00:00,2025,12,1,4,Hà Nội,Xã Tây Phương,21.0403672,105.6115528,170,Unhealthy,3,17.5,94,0.3,8.9,294,1014.6,100,116.6,117.1,1063.0,76.9,7.0,83.7
2025-12-01 05:00:00,2025,12,1,5,Hà Nội,Xã Tây Phương,21.0403672,105.6115528,171,Unhealthy,3,17.4,92,0.1,11.9,302,1014.9,100,105.7,106.2,900.0,71.4,6.0,79.9
2025-12-01 06:00:00,2025,12,1,6,Hà Nội,Xã Tây Phương,21.0403672,105.6115528,171,Unhealthy,3,17.3,90,0.1,13.0,308,1015.5,100,96.4,96.6,878.0,65.6,7.0,76.7
2025-12-01 07:00:00,2025,12,1,7,Hà Nội,Xã Tây Phương,21.0403672,105.6115528,171,Unhealthy,3,17.2,88,0.3,11.3,301,1016.2,100,85.9,86.1,852.0,55.2,14.0,71.1
2025-12-01 08:00:00,2025,12,1,8,Hà Nội,Xã Tây Phương,21.0403672,105.6115528,171,Unhealthy,3,17.8,86,0.1,11.6,300,1016.6,100,83.6,83.8,765.0,49.2,29.0,76.9
2025-12-01 09:00:00,2025,12,1,9,Hà Nội,Xã Tây Phương,21.0403672,105.6115528,171,Unhealthy,3,18.9,80,0.0,9.5,295,1017.1,100,77.8,78.0,673.0,40.6,50.0,84.3
2025-12-01 10:00:00,2025,12,1,10,Hà Nội,Xã Tây Phương,21.0403672,105.6115528,171,Unhealthy,3,19.4,77,0.0,10.1,303,1017.0,100,67.5,68.0,602.0,32.3,72.0,86.4
2025-12-01 11:00:00,2025,12,1,11,Hà Nội,Xã Tây Phương,21.0403672,105.6115528,170,Unhealthy,3,19.7,75,0.0,10.8,314,1016.0,100,57.4,58.0,569.0,24.5,94.0,78.0
2025-12-01 12:00:00,2025,12,1,12,Hà Nội,Xã Tây Phương,21.0403672,105.6115528,170,Unhealthy,3,21.4,70,0.0,9.2,317,1014.7,100,51.3,51.8,557.0,17.0,117.0,64.2
2025-12-01 13:00:00,2025,12,1,13,Hà Nội,Xã Tây Phương,21.0403672,105.6115528,170,Unhealthy,3,22.8,67,0.0,7.8,312,1012.7,27,48.9,49.4,540.0,12.2,132.0,53.3
2025-12-01 14:00:00,2025,12,1,14,Hà Nội,Xã Tây Phương,21.0403672,105.6115528,170,Unhealthy,3,23.8,66,0.0,5.2,295,1011.6,3,47.3,47.6,482.0,9.9,139.0,47.8
2025-12-01 15:00:00,2025,12,1,15,Hà Nội,Xã Tây Phương,21.0403672,105.6115528,170,Unhealthy,3,24.0,66,0.0,1.4,220,1010.9,21,48.0,48.2,420.0,10.3,139.0,45.2
2025-12-01 16:00:00,2025,12,1,16,Hà Nội,Xã Tây Phương,21.0403672,105.6115528,170,Unhealthy,3,23.5,69,0.0,7.2,129,1010.3,13,49.4,49.7,438.0,16.4,129.0,45.8
2025-12-01 17:00:00,2025,12,1,17,Hà Nội,Xã Tây Phương,21.0403672,105.6115528,170,Unhealthy,3,21.4,79,0.0,6.2,123,1010.1,0,61.7,61.9,622.0,32.7,103.0,50.7
2025-12-01 18:00:00,2025,12,1,18,Hà Nội,Xã Tây Phương,21.0403672,105.6115528,169,Unhealthy,3,19.6,87,0.0,6.1,130,1010.5,0,80.3,80.8,887.0,54.7,66.0,58.7
2025-12-01 19:00:00,2025,12,1,19,Hà Nội,Xã Tây Phương,21.0403672,105.6115528,168,Unhealthy,3,19.4,88,0.0,6.4,142,1011.0,0,89.4,89.6,1056.0,61.3,46.0,60.6
2025-12-01 20:00:00,2025,12,1,20,Hà Nội,Xã Tây Phương,21.0403672,105.6115528,168,Unhealthy,3,19.6,88,0.0,6.8,168,1011.5,4,91.3,91.5,1032.0,63.0,39.0,62.2
2025-12-01 21:00:00,2025,12,1,21,Hà Nội,Xã Tây Phương,21.0403672,105.6115528,167,Unhealthy,3,19.6,88,0.0,8.6,160,1011.9,5,92.0,92.2,913.0,65.3,28.0,64.5
2025-12-01 22:00:00,2025,12,1,22,Hà Nội,Xã Tây Phương,21.0403672,105.6115528,167,Unhealthy,3,19.6,90,0.0,11.1,153,1012.1,1,92.9,93.1,816.0,67.5,19.0,66.2
2025-12-01 23:00:00,2025,12,1,23,Hà Nội,Xã Tây Phương,21.0403672,105.6115528,166,Unhealthy,3,19.3,93,0.0,11.1,153,1012.0,5,92.0,92.2,789.0,69.5,12.0,67.0
2025-12-02 00:00:00,2025,12,2,0,Hà Nội,Xã Tây Phương,21.0403672,105.6115528,165,Unhealthy,3,18.9,96,0.0,9.5,147,1011.9,5,88.7,88.9,783.0,71.2,7.0,67.4
2025-12-02 01:00:00,2025,12,2,1,Hà Nội,Xã Tây Phương,21.0403672,105.6115528,165,Unhealthy,3,19.2,97,0.0,9.0,142,1011.7,100,85.9,86.1,772.0,71.9,3.0,67.3
2025-12-02 02:00:00,2025,12,2,2,Hà Nội,Xã Tây Phương,21.0403672,105.6115528,164,Unhealthy,3,19.5,98,0.0,7.9,141,1011.2,100,84.8,85.0,721.0,70.7,2.0,65.9
2025-12-02 03:00:00,2025,12,2,3,Hà Nội,Xã Tây Phương,21.0403672,105.6115528,163,Unhealthy,3,19.8,98,0.0,7.4,135,1011.1,100,84.3,84.5,665.0,68.3,2.0,64.1
2025-12-02 04:00:00,2025,12,2,4,Hà Nội,Xã Tây Phương,21.0403672,105.6115528,162,Unhealthy,3,19.9,98,0.0,6.7,136,1011.4,100,83.6,83.8,680.0,66.5,3.0,64.5
2025-12-02 05:00:00,2025,12,2,5,Hà Nội,Xã Tây Phương,21.0403672,105.6115528,161,Unhealthy,3,19.9,98,0.0,6.4,140,1012.0,100,83.8,84.1,859.0,66.3,2.0,69.3
2025-12-02 06:00:00,2025,12,2,6,Hà Nội,Xã Tây Phương,21.0403672,105.6115528,161,Unhealthy,3,20.0,98,0.0,6.7,144,1012.9,100,86.1,86.6,1110.0,66.6,1.0,76.3
2025-12-02 07:00:00,2025,12,2,7,Hà Nội,Xã Tây Phương,21.0403672,105.6115528,161,Unhealthy,3,20.1,98,0.0,4.2,155,1013.6,100,92.2,92.4,1229.0,65.2,5.0,91.8
2025-12-02 08:00:00,2025,12,2,8,Hà Nội,Xã Tây Phương,21.0403672,105.6115528,161,Unhealthy,3,20.9,95,0.0,2.6,205,1014.4,98,82.0,82.4,1090.0,61.1,13.0,92.5
2025-12-02 09:00:00,2025,12,2,9,Hà Nội,Xã Tây Phương,21.0403672,105.6115528,161,Unhealthy,3,21.8,90,0.1,3.6,261,1015.1,99,70.5,71.0,821.0,55.2,24.0,93.0
2025-12-02 10:00:00,2025,12,2,10,Hà Nội,Xã Tây Phương,21.0403672,105.6115528,161,Unhealthy,3,23.0,82,0.2,4.1,272,1015.1,66,61.7,62.2,596.0,48.6,38.0,90.3
2025-12-02 11:00:00,2025,12,2,11,Hà Nội,Xã Tây Phương,21.0403672,105.6115528,160,Unhealthy,3,24.4,74,0.1,4.9,264,1014.2,87,53.3,53.7,481.0,40.7,56.0,81.6
2025-12-02 12:00:00,2025,12,2,12,Hà Nội,Xã Tây Phương,21.0403672,105.6115528,160,Unhealthy,3,25.4,69,0.0,4.2,258,1013.0,99,51.8,52.2,411.0,32.0,77.0,69.7
2025-12-02 13:00:00,2025,12,2,13,Hà Nội,Xã Tây Phương,21.0403672,105.6115528,160,Unhealthy,3,25.8,66,0.0,2.9,281,1011.5,41,51.0,51.3,371.0,25.6,95.0,60.0
2025-12-02 14:00:00,2025,12,2,14,Hà Nội,Xã Tây Phương,21.0403672,105.6115528,160,Unhealthy,3,26.5,62,0.0,3.3,315,1010.6,41,50.1,50.3,340.0,20.6,111.0,53.4
2025-12-02 15:00:00,2025,12,2,15,Hà Nội,Xã Tây Phương,21.0403672,105.6115528,160,Unhealthy,3,26.6,59,0.0,4.0,360,1010.4,37,49.9,50.1,338.0,17.8,124.0,48.9
2025-12-02 16:00:00,2025,12,2,16,Hà Nội,Xã Tây Phương,21.0403672,105.6115528,160,Unhealthy,3,26.0,64,0.0,5.9,40,1010.3,0,53.0,53.1,415.0,22.5,124.0,49.3
2025-12-02 17:00:00,2025,12,2,17,Hà Nội,Xã Tây Phương,21.0403672,105.6115528,161,Unhealthy,3,23.4,78,0.0,5.3,35,1011.0,0,80.6,80.6,633.0,41.5,100.0,58.4
2025-12-02 18:00:00,2025,12,2,18,Hà Nội,Xã Tây Phương,21.0403672,105.6115528,161,Unhealthy,3,21.5,84,0.0,4.8,20,1011.8,0,107.3,107.3,930.0,67.9,62.0,72.3
2025-12-02 19:00:00,2025,12,2,19,Hà Nội,Xã Tây Phương,21.0403672,105.6115528,162,Unhealthy,3,21.9,84,0.0,1.3,106,1012.7,3,133.6,133.6,1167.0,79.1,49.0,82.2
2025-12-02 20:00:00,2025,12,2,20,Hà Nội,Xã Tây Phương,21.0403672,105.6115528,163,Unhealthy,3,21.8,84,0.0,1.0,211,1013.4,9,150.9,151.3,1285.0,82.1,40.0,86.6
2025-12-02 21:00:00,2025,12,2,21,Hà Nội,Xã Tây Phương,21.0403672,105.6115528,164,Unhealthy,3,20.9,88,0.0,2.4,132,1014.1,27,163.0,163.0,1343.0,86.1,27.0,92.5
2025-12-02 22:00:00,2025,12,2,22,Hà Nội,Xã Tây Phương,21.0403672,105.6115528,165,Unhealthy,3,20.6,92,0.1,7.0,148,1014.9,63,170.0,170.0,1375.0,88.5,17.0,95.4
2025-12-02 23:00:00,2025,12,2,23,Hà Nội,Xã Tây Phương,21.0403672,105.6115528,167,Unhealthy,3,20.6,95,0.2,6.2,159,1015.2,88,170.0,170.0,1394.0,88.9,12.0,93.6
2025-12-03 00:00:00,2025,12,3,0,Hà Nội,Xã Tây Phương,21.0403672,105.6115528,169,Unhealthy,3,19.9,97,0.1,3.8,175,1015.2,58,166.7,166.7,1389.0,87.7,9.0,88.7
2025-12-03 01:00:00,2025,12,3,1,Hà Nội,Xã Tây Phương,21.0403672,105.6115528,170,Unhealthy,3,20.1,96,0.1,1.3,56,1015.3,66,164.4,164.4,1356.0,83.6,8.0,81.9
2025-12-03 02:00:00,2025,12,3,2,Hà Nội,Xã Tây Phương,21.0403672,105.6115528,172,Unhealthy,3,20.3,96,0.1,5.8,51,1015.0,89,155.5,155.5,1283.0,74.7,10.0,71.5
2025-12-03 03:00:00,2025,12,3,3,Hà Nội,Xã Tây Phương,21.0403672,105.6115528,174,Unhealthy,3,20.0,97,0.4,6.3,7,1015.2,100,138.8,139.2,1183.0,63.0,14.0,59.1
2025-12-03 04:00:00,2025,12,3,4,Hà Nội,Xã Tây Phương,21.0403672,105.6115528,175,Unhealthy,3,19.9,98,0.4,6.1,12,1015.7,88,118.3,118.5,1097.0,53.2,18.0,50.2
2025-12-03 05:00:00,2025,12,3,5,Hà Nội,Xã Tây Phương,21.0403672,105.6115528,176,Unhealthy,3,19.6,98,0.1,4.7,360,1016.4,100,107.8,107.8,1053.0,47.7,20.0,48.2
2025-12-03 06:00:00,2025,12,3,6,Hà Nội,Xã Tây Phương,21.0403672,105.6115528,176,Unhealthy,3,19.2,98,0.4,2.8,315,1017.4,100,99.7,99.9,1023.0,44.1,23.0,49.7
2025-12-03 07:00:00,2025,12,3,7,Hà Nội,Xã Tây Phương,21.0403672,105.6115528,177,Unhealthy,3,19.9,98,0.5,7.3,314,1018.4,100,87.3,87.3,969.0,38.3,31.0,52.6
2025-12-03 08:00:00,2025,12,3,8,Hà Nội,Xã Tây Phương,21.0403672,105.6115528,176,Unhealthy,3,20.4,95,0.0,8.2,310,1019.4,71,71.7,71.7,853.0,32.6,41.0,50.1
2025-12-03 09:00:00,2025,12,3,9,Hà Nội,Xã Tây Phương,21.0403672,105.6115528,176,Unhealthy,3,21.6,89,0.1,10.4,339,1020.7,100,49.6,49.7,713.0,24.6,55.0,46.5
2025-12-03 10:00:00,2025,12,3,10,Hà Nội,Xã Tây Phương,21.0403672,105.6115528,176,Unhealthy,3,22.1,84,0.1,15.0,20,1021.0,100,42.8,43.0,618.0,17.8,70.0,43.6
2025-12-03 11:00:00,2025,12,3,11,Hà Nội,Xã Tây Phương,21.0403672,105.6115528,175,Unhealthy,3,23.0,67,0.1,18.6,35,1020.4,98,50.3,50.5,608.0,13.2,88.0,41.7
2025-12-03 12:00:00,2025,12,3,12,Hà Nội,Xã Tây Phương,21.0403672,105.6115528,175,Unhealthy,3,23.8,63,0.0,19.7,43,1019.4,100,61.5,61.9,644.0,9.9,108.0,40.5
2025-12-03 13:00:00,2025,12,3,13,Hà Nội,Xã Tây Phương,21.0403672,105.6115528,175,Unhealthy,3,23.6,64,0.0,18.5,41,1018.2,78,68.7,69.2,677.0,8.4,120.0,39.9
2025-12-03 14:00:00,2025,12,3,14,Hà Nội,Xã Tây Phương,21.0403672,105.6115528,176,Unhealthy,3,23.8,62,0.0,17.4,45,1017.5,55,72.2,72.6,680.0,9.1,120.0,39.9
2025-12-03 15:00:00,2025,12,3,15,Hà Nội,Xã Tây Phương,21.0403672,105.6115528,176,Unhealthy,3,23.5,60,0.0,17.3,52,1017.2,58,74.0,74.7,679.0,11.7,112.0,40.6
2025-12-03 16:00:00,2025,12,3,16,Hà Nội,Xã Tây Phương,21.0403672,105.6115528,177,Unhealthy,3,22.9,61,0.0,16.0,64,1017.2,32,76.8,77.5,705.0,15.7,102.0,42.6
2025-12-03 17:00:00,2025,12,3,17,Hà Nội,Xã Tây Phương,21.0403672,105.6115528,177,Unhealthy,3,21.3,66,0.0,11.3,81,1017.7,100,81.5,82.0,790.0,22.6,88.0,47.3
2025-12-03 18:00:00,2025,12,3,18,Hà Nội,Xã Tây Phương,21.0403672,105.6115528,177,Unhealthy,3,20.8,65,0.0,10.5,84,1018.4,100,86.6,87.3,903.0,31.0,70.0,53.3
2025-12-03 19:00:00,2025,12,3,19,Hà Nội,Xã Tây Phương,21.0403672,105.6115528,177,Unhealthy,3,20.0,71,0.0,9.5,68,1018.6,100,88.0,88.5,976.0,33.6,54.0,57.9
2025-12-03 20:00:00,2025,12,3,20,Hà Nội,Xã Tây Phương,21.0403672,105.6115528,176,Unhealthy,3,20.5,68,0.0,11.9,58,1019.2,98,82.2,82.7,977.0,30.2,54.0,55.2
2025-12-03 21:00:00,2025,12,3,21,Hà Nội,Xã Tây Phương,21.0403672,105.6115528,174,Unhealthy,3,19.6,70,0.0,8.9,61,1019.7,100,75.4,75.9,939.0,25.5,54.0,51.5
2025-12-03 22:00:00,2025,12,3,22,Hà Nội,Xã Tây Phương,21.0403672,105.6115528,173,Unhealthy,3,18.6,75,0.0,4.6,69,1019.9,17,71.2,71.7,892.0,22.2,53.0,48.4
2025-12-03 23:00:00,2025,12,3,23,Hà Nội,Xã Tây Phương,21.0403672,105.6115528,170,Unhealthy,3,18.4,74,0.0,2.9,90,1019.8,100,68.7,69.4,840.0,21.6,50.0,46.3
2025-12-04 00:00:00,2025,12,4,0,Hà Nội,Xã Tây Phương,21.0403672,105.6115528,168,Unhealthy,3,18.9,69,0.0,4.5,83,1019.8,100,66.6,67.3,780.0,22.4,46.0,44.9
2025-12-04 01:00:00,2025,12,4,1,Hà Nội,Xã Tây Phương,21.0403672,105.6115528,166,Unhealthy,3,19.4,73,0.0,7.3,79,1018.7,100,66.1,66.8,734.0,23.6,42.0,45.1
2025-12-04 02:00:00,2025,12,4,2,Hà Nội,Xã Tây Phương,21.0403672,105.6115528,164,Unhealthy,3,19.4,72,0.0,7.8,75,1018.2,100,67.1,67.5,699.0,24.9,40.0,47.7
2025-12-04 03:00:00,2025,12,4,3,Hà Nội,Xã Tây Phương,21.0403672,105.6115528,162,Unhealthy,3,19.1,72,0.0,6.8,73,1018.1,100,68.0,68.7,679.0,26.5,38.0,51.9
2025-12-04 04:00:00,2025,12,4,4,Hà Nội,Xã Tây Phương,21.0403672,105.6115528,160,Unhealthy,3,18.9,73,0.0,6.1,78,1018.1,100,68.2,68.9,702.0,28.9,35.0,55.8
2025-12-04 05:00:00,2025,12,4,5,Hà Nội,Xã Tây Phương,21.0403672,105.6115528,159,Unhealthy,3,18.5,74,0.0,7.0,80,1018.3,100,69.6,70.3,816.0,33.2,28.0,59.0
2025-12-04 06:00:00,2025,12,4,6,Hà Nội,Xã Tây Phương,21.0403672,105.6115528,158,Unhealthy,3,18.2,74,0.0,7.5,79,1018.8,93,72.9,73.6,974.0,38.1,21.0,61.8
2025-12-04 07:00:00,2025,12,4,7,Hà Nội,Xã Tây Phương,21.0403672,105.6115528,158,Unhealthy,3,18.3,74,0.0,7.5,80,1019.9,99,79.6,80.3,1068.0,35.9,27.0,60.4
2025-12-04 08:00:00,2025,12,4,8,Hà Nội,Xã Tây Phương,21.0403672,105.6115528,158,Unhealthy,3,18.8,71,0.0,8.5,66,1020.6,100,80.1,81.0,1036.0,35.2,30.0,64.2
2025-12-04 09:00:00,2025,12,4,9,Hà Nội,Xã Tây Phương,21.0403672,105.6115528,158,Unhealthy,3,19.5,70,0.0,8.1,59,1021.2,98,81.7,82.4,941.0,34.0,34.0,69.4
2025-12-04 10:00:00,2025,12,4,10,Hà Nội,Xã Tây Phương,21.0403672,105.6115528,159,Unhealthy,3,20.3,68,0.0,7.6,59,1021.3,35,80.8,81.5,859.0,32.1,43.0,72.4
2025-12-04 11:00:00,2025,12,4,11,Hà Nội,Xã Tây Phương,21.0403672,105.6115528,159,Unhealthy,3,21.4,66,0.0,6.4,68,1020.5,6,79.2,79.9,824.0,28.7,60.0,71.4
2025-12-04 12:00:00,2025,12,4,12,Hà Nội,Xã Tây Phương,21.0403672,105.6115528,160,Unhealthy,3,22.2,63,0.0,5.0,77,1019.3,3,78.5,79.2,802.0,24.6,81.0,68.2
2025-12-04 13:00:00,2025,12,4,13,Hà Nội,Xã Tây Phương,21.0403672,105.6115528,160,Unhealthy,3,23.2,62,0.0,5.4,110,1018.0,65,78.9,79.4,772.0,21.8,100.0,65.4
2025-12-04 14:00:00,2025,12,4,14,Hà Nội,Xã Tây Phương,21.0403672,105.6115528,161,Unhealthy,3,23.6,60,0.0,6.9,113,1017.0,68,80.1,80.6,675.0,20.5,118.0,63.4
2025-12-04 15:00:00,2025,12,4,15,Hà Nội,Xã Tây Phương,21.0403672,105.6115528,161,Unhealthy,3,23.4,60,0.0,7.2,112,1016.7,86,80.8,81.3,568.0,20.5,133.0,61.6
2025-12-04 16:00:00,2025,12,4,16,Hà Nội,Xã Tây Phương,21.0403672,105.6115528,161,Unhealthy,3,23.0,61,0.0,7.5,107,1016.6,91,82.0,82.7,604.0,23.3,137.0,61.0
2025-12-04 17:00:00,2025,12,4,17,Hà Nội,Xã Tây Phương,21.0403672,105.6115528,161,Unhealthy,3,22.0,67,0.0,6.1,78,1016.4,29,98.0,98.5,949.0,31.0,120.0,62.0
2025-12-04 18:00:00,2025,12,4,18,Hà Nội,Xã Tây Phương,21.0403672,105.6115528,161,Unhealthy,3,20.4,73,0.0,6.0,74,1017.0,0,106.6,107.1,1437.0,41.5,92.0,64.2
2025-12-04 19:00:00,2025,12,4,19,Hà Nội,Xã Tây Phương,21.0403672,105.6115528,162,Unhealthy,3,20.9,73,0.0,7.0,61,1017.7,36,101.0,101.3,1718.0,44.9,72.0,65.5
2025-12-04 20:00:00,2025,12,4,20,Hà Nội,Xã Tây Phương,21.0403672,105.6115528,162,Unhealthy,3,20.0,77,0.0,7.2,68,1018.6,100,109.0,109.2,1583.0,47.5,62.0,68.9
2025-12-04 21:00:00,2025,12,4,21,Hà Nội,Xã Tây Phương,21.0403672,105.6115528,163,Unhealthy,3,20.4,77,0.0,5.9,101,1019.3,80,117.3,117.6,1241.0,51.2,49.0,73.6
2025-12-04 22:00:00,2025,12,4,22,Hà Nội,Xã Tây Phương,21.0403672,105.6115528,164,Unhealthy,3,19.0,86,0.0,4.8,124,1019.7,13,125.7,126.2,969.0,54.5,37.0,76.9
2025-12-04 23:00:00,2025,12,4,23,Hà Nội,Xã Tây Phương,21.0403672,105.6115528,165,Unhealthy,3,18.1,89,0.0,4.4,142,1019.9,88,131.8,131.8,874.0,57.0,29.0,77.1
2025-12-05 00:00:00,2025,12,5,0,Hà Nội,Xã Tây Phương,21.0403672,105.6115528,166,Unhealthy,3,18.0,89,0.0,3.3,139,1020.0,100,134.1,134.6,849.0,59.2,24.0,75.9
2025-12-05 01:00:00,2025,12,5,1,Hà Nội,Xã Tây Phương,21.0403672,105.6115528,168,Unhealthy,3,17.9,88,0.0,2.8,162,1019.9,100,136.9,137.4,853.0,60.5,19.0,75.6
2025-12-05 02:00:00,2025,12,5,2,Hà Nội,Xã Tây Phương,21.0403672,105.6115528,169,Unhealthy,3,19.1,85,0.0,1.9,131,1019.4,100,139.2,139.2,883.0,60.8,15.0,77.6
2025-12-05 03:00:00,2025,12,5,3,Hà Nội,Xã Tây Phương,21.0403672,105.6115528,171,Unhealthy,3,19.1,85,0.1,0.6,34,1019.4,100,132.7,133.2,942.0,60.2,13.0,80.6
2025-12-05 04:00:00,2025,12,5,4,Hà Nội,Xã Tây Phương,21.0403672,105.6115528,172,Unhealthy,3,19.0,86,0.0,2.1,15,1019.6,100,132.2,132.7,991.0,59.3,11.0,82.7
2025-12-05 05:00:00,2025,12,5,5,Hà Nội,Xã Tây Phương,21.0403672,105.6115528,174,Unhealthy,3,19.0,86,0.0,3.1,24,1019.8,100,127.6,128.1,1024.0,58.3,9.0,83.1
2025-12-05 06:00:00,2025,12,5,6,Hà Nội,Xã Tây Phương,21.0403672,105.6115528,175,Unhealthy,3,18.8,86,0.2,4.3,33,1020.5,100,124.3,124.8,1047.0,57.0,8.0,82.5
2025-12-05 07:00:00,2025,12,5,7,Hà Nội,Xã Tây Phương,21.0403672,105.6115528,176,Unhealthy,3,18.6,82,0.5,7.0,35,1021.2,100,117.1,117.3,1047.0,57.5,5.0,73.9
2025-12-05 08:00:00,2025,12,5,8,Hà Nội,Xã Tây Phương,21.0403672,105.6115528,177,Unhealthy,3,18.8,81,0.0,7.4,34,1021.9,100,105.9,106.2,1011.0,53.2,10.0,75.8
2025-12-05 09:00:00,2025,12,5,9,Hà Nội,Xã Tây Phương,21.0403672,105.6115528,177,Unhealthy,3,18.9,81,0.1,9.2,35,1022.6,100,95.9,96.4,951.0,47.2,17.0,78.3
2025-12-05 10:00:00,2025,12,5,10,Hà Nội,Xã Tây Phương,21.0403672,105.6115528,178,Unhealthy,3,18.9,82,0.2,10.5,38,1022.7,100,88.0,88.5,891.0,41.9,24.0,78.7
2025-12-05 11:00:00,2025,12,5,11,Hà Nội,Xã Tây Phương,21.0403672,105.6115528,178,Unhealthy,3,19.0,81,0.1,11.4,35,1022.0,100,82.9,83.4,829.0,37.5,32.0,75.0
2025-12-05 12:00:00,2025,12,5,12,Hà Nội,Xã Tây Phương,21.0403672,105.6115528,178,Unhealthy,3,19.2,80,0.0,9.0,29,1021.1,100,77.1,77.5,766.0,33.8,40.0,69.2
2025-12-05 13:00:00,2025,12,5,13,Hà Nội,Xã Tây Phương,21.0403672,105.6115528,178,Unhealthy,3,19.4,80,0.0,8.8,31,1019.8,100,74.3,74.7,727.0,32.5,45.0,65.4
2025-12-05 14:00:00,2025,12,5,14,Hà Nội,Xã Tây Phương,21.0403672,105.6115528,178,Unhealthy,3,20.1,76,0.0,7.7,30,1019.1,100,73.8,74.5,716.0,34.5,44.0,65.2
2025-12-05 15:00:00,2025,12,5,15,Hà Nội,Xã Tây Phương,21.0403672,105.6115528,178,Unhealthy,3,20.2,74,0.0,7.4,34,1018.6,100,76.1,76.6,730.0,39.0,40.0,66.9
2025-12-05 16:00:00,2025,12,5,16,Hà Nội,Xã Tây Phương,21.0403672,105.6115528,178,Unhealthy,3,20.4,72,0.0,7.5,44,1018.4,100,85.0,85.4,781.0,44.6,34.0,69.4
2025-12-05 17:00:00,2025,12,5,17,Hà Nội,Xã Tây Phương,21.0403672,105.6115528,178,Unhealthy,3,20.1,74,0.0,6.5,42,1018.4,100,92.0,92.4,902.0,52.6,24.0,72.3
2025-12-05 18:00:00,2025,12,5,18,Hà Nội,Xã Tây Phương,21.0403672,105.6115528,178,Unhealthy,3,19.9,74,0.0,6.3,37,1018.7,100,102.9,103.4,1060.0,61.9,12.0,76.0
2025-12-05 19:00:00,2025,12,5,19,Hà Nội,Xã Tây Phương,21.0403672,105.6115528,177,Unhealthy,3,19.2,78,0.0,6.6,45,1019.5,100,99.7,100.1,1177.0,66.5,10.0,83.2
2025-12-05 20:00:00,2025,12,5,20,Hà Nội,Xã Tây Phương,21.0403672,105.6115528,177,Unhealthy,3,19.4,77,0.0,7.3,54,1019.9,100,99.4,99.9,1208.0,62.9,13.0,82.8
2025-12-05 21:00:00,2025,12,5,21,Hà Nội,Xã Tây Phương,21.0403672,105.6115528,177,Unhealthy,3,19.4,75,0.0,9.5,61,1020.0,100,96.4,96.9,1196.0,57.7,17.0,81.7
2025-12-05 22:00:00,2025,12,5,22,Hà Nội,Xã Tây Phương,21.0403672,105.6115528,177,Unhealthy,3,19.1,75,0.0,6.5,62,1020.0,100,91.7,92.2,1193.0,51.7,21.0,77.7
2025-12-05 23:00:00,2025,12,5,23,Hà Nội,Xã Tây Phương,21.0403672,105.6115528,176,Unhealthy,3,18.7,77,0.0,4.3,42,1019.9,100,82.0,82.2,1225.0,44.2,25.0,67.8
2025-12-06 00:00:00,2025,12,6,0,Hà Nội,Xã Tây Phương,21.0403672,105.6115528,175,Unhealthy,3,18.5,77,0.0,5.4,15,1019.7,100,72.4,72.6,1265.0,36.0,30.0,54.8
2025-12-06 01:00:00,2025,12,6,1,Hà Nội,Xã Tây Phương,21.0403672,105.6115528,174,Unhealthy,3,18.2,81,0.0,4.8,15,1019.8,100,65.7,65.9,1284.0,30.2,32.0,45.4
2025-12-06 02:00:00,2025,12,6,2,Hà Nội,Xã Tây Phương,21.0403672,105.6115528,172,Unhealthy,3,18.2,81,0.0,5.9,31,1019.2,100,61.0,61.2,1258.0,28.1,31.0,41.8
2025-12-06 03:00:00,2025,12,6,3,Hà Nội,Xã Tây Phương,21.0403672,105.6115528,170,Unhealthy,3,18.1,82,0.0,6.2,44,1019.2,100,59.0,59.3,1211.0,28.5,27.0,41.6
2025-12-06 04:00:00,2025,12,6,4,Hà Nội,Xã Tây Phương,21.0403672,105.6115528,169,Unhealthy,3,18.0,82,0.0,7.4,56,1019.2,100,58.9,59.0,1178.0,30.5,23.0,44.4
2025-12-06 05:00:00,2025,12,6,5,Hà Nội,Xã Tây Phương,21.0403672,105.6115528,167,Unhealthy,3,17.6,82,0.0,7.2,68,1019.3,100,60.8,60.8,1196.0,35.6,17.0,51.9
2025-12-06 06:00:00,2025,12,6,6,Hà Nội,Xã Tây Phương,21.0403672,105.6115528,166,Unhealthy,3,17.5,82,0.0,5.4,60,1019.7,100,61.5,61.7,1230.0,42.3,10.0,62.2
2025-12-06 07:00:00,2025,12,6,7,Hà Nội,Xã Tây Phương,21.0403672,105.6115528,164,Unhealthy,3,17.1,86,0.0,4.4,71,1020.5,96,61.0,61.2,1208.0,39.3,10.0,55.8
2025-12-06 08:00:00,2025,12,6,8,Hà Nội,Xã Tây Phương,21.0403672,105.6115528,163,Unhealthy,3,17.8,82,0.0,4.3,73,1020.8,53,56.8,57.0,1078.0,37.6,13.0,58.8
2025-12-06 09:00:00,2025,12,6,9,Hà Nội,Xã Tây Phương,21.0403672,105.6115528,162,Unhealthy,3,19.0,77,0.0,4.3,62,1021.2,11,57.4,57.6,893.0,35.3,19.0,62.8
2025-12-06 10:00:00,2025,12,6,10,Hà Nội,Xã Tây Phương,21.0403672,105.6115528,161,Unhealthy,3,20.4,73,0.0,4.1,67,1020.8,9,58.6,58.8,738.0,32.7,28.0,65.3
2025-12-06 11:00:00,2025,12,6,11,Hà Nội,Xã Tây Phương,21.0403672,105.6115528,160,Unhealthy,3,21.8,70,0.0,4.0,117,1019.7,9,58.3,58.6,644.0,29.6,44.0,65.2
2025-12-06 12:00:00,2025,12,6,12,Hà Nội,Xã Tây Phương,21.0403672,105.6115528,160,Unhealthy,3,23.0,64,0.0,9.4,160,1018.1,99,58.8,59.1,580.0,26.4,64.0,63.5
2025-12-06 13:00:00,2025,12,6,13,Hà Nội,Xã Tây Phương,21.0403672,105.6115528,159,Unhealthy,3,22.6,64,0.0,9.4,157,1017.3,98,61.0,61.2,537.0,24.5,81.0,61.5
2025-12-06 14:00:00,2025,12,6,14,Hà Nội,Xã Tây Phương,21.0403672,105.6115528,159,Unhealthy,3,23.2,62,0.0,10.6,159,1016.2,100,62.9,63.1,507.0,23.3,96.0,58.2
2025-12-06 15:00:00,2025,12,6,15,Hà Nội,Xã Tây Phương,21.0403672,105.6115528,159,Unhealthy,3,23.0,62,0.0,12.1,155,1015.7,100,64.0,64.3,497.0,23.4,109.0,54.5
2025-12-06 16:00:00,2025,12,6,16,Hà Nội,Xã Tây Phương,21.0403672,105.6115528,159,Unhealthy,3,23.0,63,0.0,10.9,147,1015.3,100,65.7,65.9,520.0,29.0,110.0,54.0
2025-12-06 17:00:00,2025,12,6,17,Hà Nội,Xã Tây Phương,21.0403672,105.6115528,158,Unhealthy,3,22.2,66,0.0,8.5,142,1014.8,78,84.1,84.3,605.0,46.0,89.0,60.5
2025-12-06 18:00:00,2025,12,6,18,Hà Nội,Xã Tây Phương,21.0403672,105.6115528,158,Unhealthy,3,20.8,73,0.0,9.4,138,1015.1,2,106.4,106.6,722.0,68.5,56.0,70.2
2025-12-06 19:00:00,2025,12,6,19,Hà Nội,Xã Tây Phương,21.0403672,105.6115528,158,Unhealthy,3,20.8,75,0.0,11.1,148,1015.8,45,114.8,115.0,796.0,72.4,47.0,78.9
2025-12-06 20:00:00,2025,12,6,20,Hà Nội,Xã Tây Phương,21.0403672,105.6115528,158,Unhealthy,3,20.3,78,0.0,14.0,142,1016.4,88,116.2,116.4,783.0,68.2,43.0,75.3
2025-12-06 21:00:00,2025,12,6,21,Hà Nội,Xã Tây Phương,21.0403672,105.6115528,159,Unhealthy,3,19.8,81,0.0,13.4,143,1016.7,66,103.4,103.8,727.0,62.3,37.0,70.1
2025-12-06 22:00:00,2025,12,6,22,Hà Nội,Xã Tây Phương,21.0403672,105.6115528,159,Unhealthy,3,18.9,86,0.0,11.6,143,1016.5,79,85.9,86.1,688.0,57.2,32.0,64.7
2025-12-06 23:00:00,2025,12,6,23,Hà Nội,Xã Tây Phương,21.0403672,105.6115528,159,Unhealthy,3,18.9,87,0.0,11.0,146,1016.4,77,73.8,74.3,692.0,53.6,28.0,58.9
2025-12-07 00:00:00,2025,12,7,0,Hà Nội,Xã Tây Phương,21.0403672,105.6115528,159,Unhealthy,3,18.6,90,0.0,10.7,144,1016.1,80,68.7,69.2,713.0,50.7,25.0,52.7
2025-12-07 01:00:00,2025,12,7,1,Hà Nội,Xã Tây Phương,21.0403672,105.6115528,159,Unhealthy,3,18.2,94,0.0,9.5,134,1016.0,54,68.0,68.7,727.0,48.7,23.0,48.1
2025-12-07 02:00:00,2025,12,7,2,Hà Nội,Xã Tây Phương,21.0403672,105.6115528,159,Unhealthy,3,18.0,96,0.0,8.9,144,1015.7,88,68.7,69.4,716.0,47.6,21.0,45.5
2025-12-07 03:00:00,2025,12,7,3,Hà Nội,Xã Tây Phương,21.0403672,105.6115528,159,Unhealthy,3,18.0,97,0.0,7.6,146,1015.7,100,68.9,69.6,698.0,47.2,19.0,44.4
2025-12-07 04:00:00,2025,12,7,4,Hà Nội,Xã Tây Phương,21.0403672,105.6115528,159,Unhealthy,3,18.5,95,0.0,6.9,141,1016.0,100,68.9,69.6,707.0,47.6,18.0,44.7
2025-12-07 05:00:00,2025,12,7,5,Hà Nội,Xã Tây Phương,21.0403672,105.6115528,159,Unhealthy,3,18.8,95,0.0,6.5,136,1016.5,100,69.8,70.5,775.0,49.5,15.0,47.3
2025-12-07 06:00:00,2025,12,7,6,Hà Nội,Xã Tây Phương,21.0403672,105.6115528,159,Unhealthy,3,19.0,95,0.0,5.1,126,1017.4,100,72.9,73.6,869.0,52.0,13.0,51.3
2025-12-07 07:00:00,2025,12,7,7,Hà Nội,Xã Tây Phương,21.0403672,105.6115528,160,Unhealthy,3,19.3,95,0.0,6.2,100,1018.2,100,78.0,78.9,927.0,53.6,15.0,56.5
2025-12-07 08:00:00,2025,12,7,8,Hà Nội,Xã Tây Phương,21.0403672,105.6115528,160,Unhealthy,3,20.0,92,0.0,6.1,104,1019.0,100,75.2,76.1,920.0,51.6,22.0,58.2
2025-12-07 09:00:00,2025,12,7,9,Hà Nội,Xã Tây Phương,21.0403672,105.6115528,160,Unhealthy,3,21.2,86,0.0,7.0,94,1019.9,100,75.7,76.6,876.0,48.6,32.0,60.4
2025-12-07 10:00:00,2025,12,7,10,Hà Nội,Xã Tây Phương,21.0403672,105.6115528,161,Unhealthy,3,21.8,83,0.0,7.0,93,1020.0,100,71.5,72.6,820.0,44.3,45.0,60.4
2025-12-07 11:00:00,2025,12,7,11,Hà Nội,Xã Tây Phương,21.0403672,105.6115528,161,Unhealthy,3,22.6,79,0.0,5.9,110,1019.2,69,65.7,66.6,746.0,37.7,61.0,56.1
2025-12-07 12:00:00,2025,12,7,12,Hà Nội,Xã Tây Phương,21.0403672,105.6115528,161,Unhealthy,3,23.8,74,0.0,2.9,133,1018.1,27,60.3,61.2,660.0,29.9,80.0,49.7
2025-12-07 13:00:00,2025,12,7,13,Hà Nội,Xã Tây Phương,21.0403672,105.6115528,161,Unhealthy,3,24.3,69,0.0,4.1,92,1017.4,27,57.7,58.8,601.0,24.1,96.0,44.7
2025-12-07 14:00:00,2025,12,7,14,Hà Nội,Xã Tây Phương,21.0403672,105.6115528,161,Unhealthy,3,24.8,69,0.0,3.6,60,1016.9,26,56.9,58.0,570.0,20.5,109.0,41.8
2025-12-07 15:00:00,2025,12,7,15,Hà Nội,Xã Tây Phương,21.0403672,105.6115528,161,Unhealthy,3,24.6,69,0.0,5.9,45,1016.5,21,57.6,58.6,567.0,18.9,119.0,40.4
2025-12-07 16:00:00,2025,12,7,16,Hà Nội,Xã Tây Phương,21.0403672,105.6115528,161,Unhealthy,3,24.2,69,0.1,6.1,45,1016.5,13,56.8,57.6,628.0,22.2,119.0,41.7
2025-12-07 17:00:00,2025,12,7,17,Hà Nội,Xã Tây Phương,21.0403672,105.6115528,161,Unhealthy,3,22.7,80,0.0,3.5,15,1016.8,13,66.8,67.8,831.0,34.6,101.0,47.6
2025-12-07 18:00:00,2025,12,7,18,Hà Nội,Xã Tây Phương,21.0403672,105.6115528,160,Unhealthy,3,21.5,83,0.0,1.9,338,1017.1,9,92.0,92.7,1099.0,51.8,72.0,56.3
2025-12-07 19:00:00,2025,12,7,19,Hà Nội,Xã Tây Phương,21.0403672,105.6115528,160,Unhealthy,3,20.1,92,0.0,2.7,228,1018.1,33,122.0,122.9,1240.0,75.3,49.0,74.3
2025-12-07 20:00:00,2025,12,7,20,Hà Nội,Xã Tây Phương,21.0403672,105.6115528,160,Unhealthy,3,19.8,95,0.1,4.4,150,1019.1,73,121.5,122.5,1127.0,70.3,49.0,75.1
2025-12-07 21:00:00,2025,12,7,21,Hà Nội,Xã Tây Phương,21.0403672,105.6115528,160,Unhealthy,3,19.8,91,0.2,4.5,29,1019.5,98,118.7,119.7,888.0,63.3,49.0,75.9
2025-12-07 22:00:00,2025,12,7,22,Hà Nội,Xã Tây Phương,21.0403672,105.6115528,161,Unhealthy,3,19.6,95,0.3,2.3,18,1019.4,70,108.7,109.4,707.0,56.8,48.0,74.5
2025-12-07 23:00:00,2025,12,7,23,Hà Nội,Xã Tây Phương,21.0403672,105.6115528,161,Unhealthy,3,19.0,96,0.2,8.4,23,1019.5,98,107.6,108.0,679.0,51.6,46.0,68.7
2025-12-08 00:00:00,2025,12,8,0,Hà Nội,Xã Tây Phương,21.0403672,105.6115528,162,Unhealthy,3,19.0,96,0.2,7.4,7,1019.5,67,94.5,95.2,710.0,47.0,43.0,60.7
2025-12-08 01:00:00,2025,12,8,1,Hà Nội,Xã Tây Phương,21.0403672,105.6115528,163,Unhealthy,3,19.0,96,0.3,5.5,46,1019.4,89,83.6,84.3,707.0,42.8,40.0,54.2
2025-12-08 02:00:00,2025,12,8,2,Hà Nội,Xã Tây Phương,21.0403672,105.6115528,163,Unhealthy,3,18.9,96,0.2,8.6,11,1019.3,100,75.9,76.6,601.0,38.7,39.0,50.5
2025-12-08 03:00:00,2025,12,8,3,Hà Nội,Xã Tây Phương,21.0403672,105.6115528,163,Unhealthy,3,18.9,96,0.4,10.7,27,1019.2,100,71.0,71.5,460.0,35.0,38.0,48.3
2025-12-08 04:00:00,2025,12,8,4,Hà Nội,Xã Tây Phương,21.0403672,105.6115528,163,Unhealthy,3,18.5,95,0.7,11.3,54,1019.4,100,67.5,68.0,395.0,33.2,37.0,47.9
2025-12-08 05:00:00,2025,12,8,5,Hà Nội,Xã Tây Phương,21.0403672,105.6115528,163,Unhealthy,3,18.5,94,0.2,4.4,58,1019.8,100,64.0,64.5,483.0,35.5,32.0,50.7
2025-12-08 06:00:00,2025,12,8,6,Hà Nội,Xã Tây Phương,21.0403672,105.6115528,163,Unhealthy,3,18.7,92,0.0,8.2,38,1020.3,98,64.7,65.0,648.0,39.6,27.0,55.3
2025-12-08 07:00:00,2025,12,8,7,Hà Nội,Xã Tây Phương,21.0403672,105.6115528,163,Unhealthy,3,18.5,88,0.0,9.7,22,1020.9,38,59.8,60.1,765.0,34.9,31.0,43.6
2025-12-08 08:00:00,2025,12,8,8,Hà Nội,Xã Tây Phương,21.0403672,105.6115528,162,Unhealthy,3,19.9,79,0.0,10.5,27,1021.7,21,50.6,50.8,783.0,29.1,42.0,41.5
2025-12-08 09:00:00,2025,12,8,9,Hà Nội,Xã Tây Phương,21.0403672,105.6115528,162,Unhealthy,3,21.0,69,0.0,13.9,27,1022.5,28,36.4,36.6,754.0,21.0,58.0,38.5
2025-12-08 10:00:00,2025,12,8,10,Hà Nội,Xã Tây Phương,21.0403672,105.6115528,161,Unhealthy,3,21.8,64,0.0,12.3,23,1022.4,26,32.4,32.5,715.0,14.5,75.0,35.8
2025-12-08 11:00:00,2025,12,8,11,Hà Nội,Xã Tây Phương,21.0403672,105.6115528,160,Unhealthy,3,22.8,60,0.0,9.7,28,1021.8,26,31.5,31.7,668.0,11.2,94.0,33.8
2025-12-08 12:00:00,2025,12,8,12,Hà Nội,Xã Tây Phương,21.0403672,105.6115528,159,Unhealthy,3,23.6,58,0.0,8.7,37,1020.6,21,32.5,32.5,611.0,9.5,114.0,32.1
2025-12-08 13:00:00,2025,12,8,13,Hà Nội,Xã Tây Phương,21.0403672,105.6115528,159,Unhealthy,3,24.4,57,0.0,7.4,41,1019.1,55,34.0,34.1,574.0,8.9,130.0,31.2
2025-12-08 14:00:00,2025,12,8,14,Hà Nội,Xã Tây Phương,21.0403672,105.6115528,158,Unhealthy,3,24.6,55,0.0,6.9,57,1018.1,88,35.7,35.7,537.0,8.2,141.0,30.7
2025-12-08 15:00:00,2025,12,8,15,Hà Nội,Xã Tây Phương,21.0403672,105.6115528,158,Unhealthy,3,24.4,56,0.0,5.5,71,1017.4,34,37.4,37.5,520.0,8.5,147.0,30.9
2025-12-08 16:00:00,2025,12,8,16,Hà Nội,Xã Tây Phương,21.0403672,105.6115528,157,Unhealthy,3,24.3,57,0.0,4.2,59,1017.2,27,39.2,39.2,608.0,12.8,142.0,33.2
2025-12-08 17:00:00,2025,12,8,17,Hà Nội,Xã Tây Phương,21.0403672,105.6115528,157,Unhealthy,3,22.8,69,0.0,1.5,21,1017.0,5,56.0,56.1,905.0,25.2,119.0,39.6
2025-12-08 18:00:00,2025,12,8,18,Hà Nội,Xã Tây Phương,21.0403672,105.6115528,157,Unhealthy,3,21.1,72,0.0,1.5,324,1017.4,9,75.0,75.0,1308.0,41.5,85.0,48.1
2025-12-08 19:00:00,2025,12,8,19,Hà Nội,Xã Tây Phương,21.0403672,105.6115528,156,Unhealthy,3,19.6,81,0.0,7.5,294,1018.0,1,93.4,93.4,1591.0,65.8,45.0,61.3
2025-12-08 20:00:00,2025,12,8,20,Hà Nội,Xã Tây Phương,21.0403672,105.6115528,156,Unhealthy,3,18.9,86,0.0,7.1,291,1018.4,1,102.0,102.0,1650.0,63.7,41.0,62.7
2025-12-08 21:00:00,2025,12,8,21,Hà Nội,Xã Tây Phương,21.0403672,105.6115528,155,Unhealthy,3,18.1,90,0.0,4.9,274,1018.8,3,103.6,103.6,1591.0,60.6,36.0,64.5
2025-12-08 22:00:00,2025,12,8,22,Hà Nội,Xã Tây Phương,21.0403672,105.6115528,155,Unhealthy,3,17.8,90,0.0,3.3,279,1019.2,8,105.0,105.0,1502.0,57.5,31.0,64.0
2025-12-08 23:00:00,2025,12,8,23,Hà Nội,Xã Tây Phương,21.0403672,105.6115528,155,Unhealthy,3,17.5,90,0.0,2.6,282,1019.1,38,105.0,105.0,1398.0,54.5,27.0,59.6
2025-12-09 00:00:00,2025,12,9,0,Hà Nội,Xã Tây Phương,21.0403672,105.6115528,155,Unhealthy,3,17.5,90,0.0,0.7,270,1018.8,13,101.7,102.0,1265.0,51.5,24.0,53.1
2025-12-09 01:00:00,2025,12,9,1,Hà Nội,Xã Tây Phương,21.0403672,105.6115528,155,Unhealthy,3,16.8,94,0.0,2.7,262,1018.5,3,96.9,96.9,1150.0,48.4,22.0,47.1
2025-12-09 02:00:00,2025,12,9,2,Hà Nội,Xã Tây Phương,21.0403672,105.6115528,155,Unhealthy,3,16.6,95,0.0,3.8,270,1017.9,5,90.3,90.3,1056.0,44.9,20.0,42.1
2025-12-09 03:00:00,2025,12,9,3,Hà Nội,Xã Tây Phương,21.0403672,105.6115528,156,Unhealthy,3,16.1,96,0.0,4.1,308,1017.6,8,85.2,85.2,980.0,41.4,19.0,37.7
2025-12-09 04:00:00,2025,12,9,4,Hà Nội,Xã Tây Phương,21.0403672,105.6115528,156,Unhealthy,3,15.9,97,0.0,4.8,329,1017.6,10,82.0,82.2,963.0,38.8,18.0,34.8
2025-12-09 05:00:00,2025,12,9,5,Hà Nội,Xã Tây Phương,21.0403672,105.6115528,156,Unhealthy,3,15.8,97,0.0,4.2,329,1017.8,13,84.1,84.1,1070.0,37.9,12.0,33.5
2025-12-09 06:00:00,2025,12,9,6,Hà Nội,Xã Tây Phương,21.0403672,105.6115528,157,Unhealthy,3,15.6,98,0.0,1.9,304,1018.4,20,86.4,86.4,1236.0,37.9,6.0,33.9
2025-12-09 07:00:00,2025,12,9,7,Hà Nội,Xã Tây Phương,21.0403672,105.6115528,157,Unhealthy,3,16.0,100,0.0,2.8,288,1019.4,100,87.1,87.3,1307.0,42.2,16.0,38.4
2025-12-09 08:00:00,2025,12,9,8,Hà Nội,Xã Tây Phương,21.0403672,105.6115528,158,Unhealthy,3,18.0,95,0.0,3.5,325,1020.1,59,86.1,86.4,1186.0,38.9,35.0,45.3
2025-12-09 09:00:00,2025,12,9,9,Hà Nội,Xã Tây Phương,21.0403672,105.6115528,158,Unhealthy,3,20.1,84,0.0,3.4,16,1020.9,17,79.2,79.2,970.0,34.1,62.0,54.6
2025-12-09 10:00:00,2025,12,9,10,Hà Nội,Xã Tây Phương,21.0403672,105.6115528,159,Unhealthy,3,21.7,74,0.0,5.8,34,1020.7,14,67.3,67.5,792.0,29.0,90.0,60.0
2025-12-09 11:00:00,2025,12,9,11,Hà Nội,Xã Tây Phương,21.0403672,105.6115528,160,Unhealthy,3,23.0,68,0.1,8.2,58,1019.6,25,60.3,60.5,707.0,23.1,119.0,58.0
2025-12-09 12:00:00,2025,12,9,12,Hà Nội,Xã Tây Phương,21.0403672,105.6115528,161,Unhealthy,3,23.9,63,0.0,4.7,88,1018.4,30,62.6,62.6,660.0,16.7,149.0,52.2
2025-12-09 13:00:00,2025,12,9,13,Hà Nội,Xã Tây Phương,21.0403672,105.6115528,161,Unhealthy,3,24.3,57,0.0,6.0,134,1017.7,93,63.1,63.1,624.0,12.6,170.0,47.0
2025-12-09 14:00:00,2025,12,9,14,Hà Nội,Xã Tây Phương,21.0403672,105.6115528,162,Unhealthy,3,24.3,56,0.0,7.9,133,1016.7,88,62.2,62.4,572.0,10.1,182.0,42.6
2025-12-09 15:00:00,2025,12,9,15,Hà Nội,Xã Tây Phương,21.0403672,105.6115528,163,Unhealthy,3,24.2,54,0.0,8.8,137,1016.1,98,63.1,63.3,531.0,9.8,185.0,38.9
2025-12-09 16:00:00,2025,12,9,16,Hà Nội,Xã Tây Phương,21.0403672,105.6115528,163,Unhealthy,3,23.5,59,0.0,7.4,135,1016.1,41,65.9,66.1,555.0,15.6,177.0,40.2
2025-12-09 17:00:00,2025,12,9,17,Hà Nội,Xã Tây Phương,21.0403672,105.6115528,164,Unhealthy,3,21.8,70,0.0,4.7,137,1016.0,2,88.5,88.7,711.0,33.6,149.0,51.2
2025-12-09 18:00:00,2025,12,9,18,Hà Nội,Xã Tây Phương,21.0403672,105.6115528,165,Unhealthy,3,20.4,71,0.0,3.2,146,1016.3,2,119.7,120.1,931.0,57.7,109.0,67.1
2025-12-09 19:00:00,2025,12,9,19,Hà Nội,Xã Tây Phương,21.0403672,105.6115528,166,Unhealthy,3,19.7,79,0.0,5.1,198,1016.9,18,111.3,111.3,1067.0,59.8,85.0,68.0
2025-12-09 20:00:00,2025,12,9,20,Hà Nội,Xã Tây Phương,21.0403672,105.6115528,166,Unhealthy,3,20.4,76,0.0,13.0,149,1017.6,48,113.9,113.9,1027.0,58.1,76.0,68.4
2025-12-09 21:00:00,2025,12,9,21,Hà Nội,Xã Tây Phương,21.0403672,105.6115528,166,Unhealthy,3,20.1,77,0.0,11.5,160,1018.0,100,107.8,107.8,902.0,55.9,64.0,69.0
2025-12-09 22:00:00,2025,12,9,22,Hà Nội,Xã Tây Phương,21.0403672,105.6115528,166,Unhealthy,3,20.5,77,0.0,9.7,162,1018.1,100,102.9,103.1,817.0,54.8,52.0,69.3
2025-12-09 23:00:00,2025,12,9,23,Hà Nội,Xã Tây Phương,21.0403672,105.6115528,166,Unhealthy,3,20.5,78,0.0,7.4,154,1017.8,35,103.4,103.6,825.0,56.0,43.0,68.9
2025-12-10 00:00:00,2025,12,10,0,Hà Nội,Xã Tây Phương,21.0403672,105.6115528,166,Unhealthy,3,18.9,87,0.0,5.0,159,1017.3,6,107.3,107.6,873.0,58.3,34.0,68.2
2025-12-10 01:00:00,2025,12,10,1,Hà Nội,Xã Tây Phương,21.0403672,105.6115528,166,Unhealthy,3,18.3,92,0.0,4.5,164,1016.8,29,113.4,113.6,919.0,60.6,27.0,68.1
2025-12-10 02:00:00,2025,12,10,2,Hà Nội,Xã Tây Phương,21.0403672,105.6115528,167,Unhealthy,3,17.6,94,0.0,1.7,193,1016.3,93,119.0,119.2,947.0,62.6,21.0,68.7
2025-12-10 03:00:00,2025,12,10,3,Hà Nội,Xã Tây Phương,21.0403672,105.6115528,167,Unhealthy,3,17.0,97,0.0,0.4,270,1016.0,47,121.5,122.0,973.0,64.5,17.0,70.0
2025-12-10 04:00:00,2025,12,10,4,Hà Nội,Xã Tây Phương,21.0403672,105.6115528,168,Unhealthy,3,16.6,98,0.0,0.6,288,1016.2,19,122.9,123.4,1007.0,65.6,13.0,72.1
2025-12-10 05:00:00,2025,12,10,5,Hà Nội,Xã Tây Phương,21.0403672,105.6115528,169,Unhealthy,3,16.3,99,0.0,0.7,194,1016.4,16,126.2,126.7,1075.0,65.7,8.0,75.1
2025-12-10 06:00:00,2025,12,10,6,Hà Nội,Xã Tây Phương,21.0403672,105.6115528,170,Unhealthy,3,15.8,100,0.0,2.2,166,1017.1,99,138.3,138.3,1150.0,65.0,3.0,79.1
2025-12-10 07:00:00,2025,12,10,7,Hà Nội,Xã Tây Phương,21.0403672,105.6115528,171,Unhealthy,3,15.9,100,0.0,3.5,171,1018.1,100,124.8,125.3,1165.0,64.6,14.0,89.0
2025-12-10 08:00:00,2025,12,10,8,Hà Nội,Xã Tây Phương,21.0403672,105.6115528,172,Unhealthy,3,18.1,94,0.0,3.4,148,1018.8,30,119.7,120.1,1075.0,61.7,31.0,97.9
2025-12-10 09:00:00,2025,12,10,9,Hà Nội,Xã Tây Phương,21.0403672,105.6115528,173,Unhealthy,3,20.4,86,0.0,2.4,144,1019.5,2,109.2,109.7,925.0,57.2,57.0,109.4
2025-12-10 10:00:00,2025,12,10,10,Hà Nội,Xã Tây Phương,21.0403672,105.6115528,173,Unhealthy,3,22.3,75,0.0,2.6,129,1019.4,0,94.3,94.8,782.0,50.7,83.0,112.2
2025-12-10 11:00:00,2025,12,10,11,Hà Nội,Xã Tây Phương,21.0403672,105.6115528,174,Unhealthy,3,23.6,68,0.0,3.1,126,1018.5,0,67.3,67.8,661.0,40.1,112.0,98.1
2025-12-10 12:00:00,2025,12,10,12,Hà Nội,Xã Tây Phương,21.0403672,105.6115528,174,Unhealthy,3,24.6,60,0.0,3.0,128,1017.3,0,50.4,50.8,549.0,27.4,142.0,75.3
2025-12-10 13:00:00,2025,12,10,13,Hà Nội,Xã Tây Phương,21.0403672,105.6115528,174,Unhealthy,3,25.1,56,0.0,4.3,135,1016.1,6,42.7,43.1,469.0,18.3,164.0,57.4
2025-12-10 14:00:00,2025,12,10,14,Hà Nội,Xã Tây Phương,21.0403672,105.6115528,173,Unhealthy,3,25.8,52,0.0,5.9,149,1015.2,100,41.7,42.1,407.0,14.1,175.0,49.2
2025-12-10 15:00:00,2025,12,10,15,Hà Nội,Xã Tây Phương,21.0403672,105.6115528,173,Unhealthy,3,25.5,52,0.0,6.2,142,1014.8,2,41.7,42.0,379.0,13.6,177.0,45.9
2025-12-10 16:00:00,2025,12,10,16,Hà Nội,Xã Tây Phương,21.0403672,105.6115528,172,Unhealthy,3,25.5,55,0.0,4.6,149,1014.8,9,43.8,44.2,454.0,18.5,169.0,46.5
2025-12-10 17:00:00,2025,12,10,17,Hà Nội,Xã Tây Phương,21.0403672,105.6115528,172,Unhealthy,3,23.5,68,0.0,3.1,100,1015.0,9,66.1,66.6,749.0,32.8,144.0,52.4
2025-12-10 18:00:00,2025,12,10,18,Hà Nội,Xã Tây Phương,21.0403672,105.6115528,171,Unhealthy,3,21.5,73,0.0,3.1,77,1015.6,3,89.2,89.6,1147.0,52.7,107.0,62.3
2025-12-10 19:00:00,2025,12,10,19,Hà Nội,Xã Tây Phương,21.0403672,105.6115528,171,Unhealthy,3,21.0,75,0.0,3.0,147,1016.4,15,100.8,101.0,1370.0,60.7,80.0,66.0
2025-12-10 20:00:00,2025,12,10,20,Hà Nội,Xã Tây Phương,21.0403672,105.6115528,171,Unhealthy,3,20.9,75,0.0,7.5,143,1017.1,2,109.9,110.4,1241.0,60.7,71.0,68.3
2025-12-10 21:00:00,2025,12,10,21,Hà Nội,Xã Tây Phương,21.0403672,105.6115528,170,Unhealthy,3,20.0,78,0.0,7.9,156,1017.6,39,109.7,109.9,937.0,60.6,58.0,71.4
2025-12-10 22:00:00,2025,12,10,22,Hà Nội,Xã Tây Phương,21.0403672,105.6115528,170,Unhealthy,3,19.4,83,0.0,7.3,160,1017.6,48,106.9,107.3,710.0,60.3,47.0,73.1
2025-12-10 23:00:00,2025,12,10,23,Hà Nội,Xã Tây Phương,21.0403672,105.6115528,171,Unhealthy,3,18.9,88,0.0,6.4,164,1017.2,30,102.2,102.4,669.0,59.4,40.0,71.6
2025-12-11 00:00:00,2025,12,11,0,Hà Nội,Xã Tây Phương,21.0403672,105.6115528,171,Unhealthy,3,18.2,91,0.0,5.2,174,1017.1,16,97.8,98.3,706.0,58.3,34.0,68.8
2025-12-11 01:00:00,2025,12,11,1,Hà Nội,Xã Tây Phương,21.0403672,105.6115528,170,Unhealthy,3,18.0,92,0.0,4.4,192,1017.0,99,98.0,98.3,746.0,58.3,29.0,68.1
2025-12-11 02:00:00,2025,12,11,2,Hà Nội,Xã Tây Phương,21.0403672,105.6115528,170,Unhealthy,3,18.0,92,0.0,2.0,190,1016.6,36,101.7,102.2,759.0,60.5,24.0,71.3
2025-12-11 03:00:00,2025,12,11,3,Hà Nội,Xã Tây Phương,21.0403672,105.6115528,170,Unhealthy,3,18.0,92,0.0,0.6,198,1016.7,100,105.7,106.2,774.0,63.8,20.0,76.6
2025-12-11 04:00:00,2025,12,11,4,Hà Nội,Xã Tây Phương,21.0403672,105.6115528,169,Unhealthy,3,18.6,91,0.0,0.6,342,1016.9,100,108.7,109.2,810.0,66.7,16.0,81.9
2025-12-11 05:00:00,2025,12,11,5,Hà Nội,Xã Tây Phương,21.0403672,105.6115528,169,Unhealthy,3,18.7,91,0.0,0.3,315,1017.1,100,111.5,112.0,893.0,68.9,11.0,86.4
2025-12-11 06:00:00,2025,12,11,6,Hà Nội,Xã Tây Phương,21.0403672,105.6115528,169,Unhealthy,3,18.5,93,0.0,1.5,330,1017.4,97,115.0,115.5,996.0,70.6,6.0,90.9
2025-12-11 07:00:00,2025,12,11,7,Hà Nội,Xã Tây Phương,21.0403672,105.6115528,168,Unhealthy,3,18.6,94,0.0,6.0,316,1018.0,100,122.9,123.4,1052.0,70.5,8.0,89.4
2025-12-11 08:00:00,2025,12,11,8,Hà Nội,Xã Tây Phương,21.0403672,105.6115528,168,Unhealthy,3,19.4,91,0.0,7.1,330,1018.9,100,111.1,111.5,1026.0,69.2,14.0,96.3
2025-12-11 09:00:00,2025,12,11,9,Hà Nội,Xã Tây Phương,21.0403672,105.6115528,168,Unhealthy,3,19.9,88,0.0,8.2,328,1019.5,100,97.1,97.3,954.0,67.0,23.0,105.2
2025-12-11 10:00:00,2025,12,11,10,Hà Nội,Xã Tây Phương,21.0403672,105.6115528,168,Unhealthy,3,20.8,83,0.0,8.1,328,1019.8,100,82.9,83.4,873.0,62.7,35.0,108.2
2025-12-11 11:00:00,2025,12,11,11,Hà Nội,Xã Tây Phương,21.0403672,105.6115528,167,Unhealthy,3,21.4,80,0.0,7.6,329,1019.1,100,69.4,69.8,784.0,54.2,51.0,99.1
2025-12-11 12:00:00,2025,12,11,12,Hà Nội,Xã Tây Phương,21.0403672,105.6115528,167,Unhealthy,3,22.2,74,0.0,5.7,332,1017.9,100,60.3,60.8,686.0,43.6,70.0,84.1
2025-12-11 13:00:00,2025,12,11,13,Hà Nội,Xã Tây Phương,21.0403672,105.6115528,168,Unhealthy,3,22.2,71,0.0,5.0,347,1017.0,100,57.0,57.5,616.0,36.2,84.0,73.1
2025-12-11 14:00:00,2025,12,11,14,Hà Nội,Xã Tây Phương,21.0403672,105.6115528,168,Unhealthy,3,22.6,69,0.0,4.1,345,1016.1,100,59.1,59.6,562.0,33.7,90.0,70.0
2025-12-11 15:00:00,2025,12,11,15,Hà Nội,Xã Tây Phương,21.0403672,105.6115528,168,Unhealthy,3,22.5,70,0.0,4.7,328,1015.4,100,62.2,62.6,536.0,34.5,91.0,71.0
2025-12-11 16:00:00,2025,12,11,16,Hà Nội,Xã Tây Phương,21.0403672,105.6115528,169,Unhealthy,3,22.4,71,0.0,5.0,325,1015.3,58,64.0,64.5,612.0,38.8,86.0,74.6
2025-12-11 17:00:00,2025,12,11,17,Hà Nội,Xã Tây Phương,21.0403672,105.6115528,169,Unhealthy,3,21.4,78,0.0,3.1,306,1015.2,12,76.1,76.6,882.0,49.3,71.0,81.6
2025-12-11 18:00:00,2025,12,11,18,Hà Nội,Xã Tây Phương,21.0403672,105.6115528,169,Unhealthy,3,20.3,81,0.0,1.3,262,1015.6,11,93.1,93.6,1254.0,63.4,51.0,91.2
2025-12-11 19:00:00,2025,12,11,19,Hà Nội,Xã Tây Phương,21.0403672,105.6115528,170,Unhealthy,3,20.8,82,0.0,1.9,163,1016.6,100,131.3,131.8,1527.0,77.4,46.0,94.7
2025-12-11 20:00:00,2025,12,11,20,Hà Nội,Xã Tây Phương,21.0403672,105.6115528,170,Unhealthy,3,20.8,83,0.0,2.3,180,1016.9,100,150.4,150.9,1605.0,78.6,39.0,97.0
2025-12-11 21:00:00,2025,12,11,21,Hà Nội,Xã Tây Phương,21.0403672,105.6115528,171,Unhealthy,3,20.6,85,0.0,2.7,184,1017.0,100,151.3,151.8,1584.0,79.9,28.0,100.0
2025-12-11 22:00:00,2025,12,11,22,Hà Nội,Xã Tây Phương,21.0403672,105.6115528,172,Unhealthy,3,20.6,86,0.0,2.2,180,1016.7,100,151.8,152.3,1549.0,79.0,21.0,100.7
2025-12-11 23:00:00,2025,12,11,23,Hà Nội,Xã Tây Phương,21.0403672,105.6115528,173,Unhealthy,3,20.4,86,0.0,2.7,172,1016.0,64,144.4,144.8,1534.0,73.9,20.0,96.7
2025-12-12 00:00:00,2025,12,12,0,Hà Nội,Xã Tây Phương,21.0403672,105.6115528,174,Unhealthy,3,19.6,88,0.0,2.9,191,1015.7,94,135.5,136.0,1507.0,66.6,21.0,90.5
2025-12-12 01:00:00,2025,12,12,1,Hà Nội,Xã Tây Phương,21.0403672,105.6115528,175,Unhealthy,3,19.7,89,0.0,2.5,249,1015.7,100,131.8,132.2,1451.0,60.5,22.0,85.7
2025-12-12 02:00:00,2025,12,12,2,Hà Nội,Xã Tây Phương,21.0403672,105.6115528,175,Unhealthy,3,19.8,90,0.0,1.1,198,1015.0,100,127.6,128.5,1341.0,56.6,21.0,83.6
2025-12-12 03:00:00,2025,12,12,3,Hà Nội,Xã Tây Phương,21.0403672,105.6115528,176,Unhealthy,3,19.8,89,0.0,2.8,117,1014.5,100,124.8,125.7,1203.0,53.9,20.0,83.1
2025-12-12 04:00:00,2025,12,12,4,Hà Nội,Xã Tây Phương,21.0403672,105.6115528,176,Unhealthy,3,19.6,89,0.0,2.4,132,1014.3,100,124.8,125.3,1104.0,52.9,19.0,84.5
2025-12-12 05:00:00,2025,12,12,5,Hà Nội,Xã Tây Phương,21.0403672,105.6115528,177,Unhealthy,3,19.8,89,0.0,0.9,180,1014.2,98,126.7,127.1,1091.0,55.1,15.0,88.5
2025-12-12 06:00:00,2025,12,12,6,Hà Nội,Xã Tây Phương,21.0403672,105.6115528,177,Unhealthy,3,19.4,89,0.0,2.2,156,1014.4,26,128.5,129.5,1117.0,59.0,11.0,94.4
2025-12-12 07:00:00,2025,12,12,7,Hà Nội,Xã Tây Phương,21.0403672,105.6115528,177,Unhealthy,3,18.9,90,0.0,2.3,119,1015.4,84,135.5,136.0,1107.0,64.0,12.0,105.5
2025-12-12 08:00:00,2025,12,12,8,Hà Nội,Xã Tây Phương,21.0403672,105.6115528,178,Unhealthy,3,20.5,83,0.0,2.5,120,1015.9,42,127.6,128.1,1021.0,57.9,25.0,107.2
2025-12-12 09:00:00,2025,12,12,9,Hà Nội,Xã Tây Phương,21.0403672,105.6115528,178,Unhealthy,3,21.8,78,0.0,0.2,90,1016.4,73,119.2,120.1,900.0,49.2,44.0,109.1
2025-12-12 10:00:00,2025,12,12,10,Hà Nội,Xã Tây Phương,21.0403672,105.6115528,179,Unhealthy,3,23.0,74,0.0,2.7,138,1016.5,100,95.2,96.2,786.0,41.5,63.0,106.2
2025-12-12 11:00:00,2025,12,12,11,Hà Nội,Xã Tây Phương,21.0403672,105.6115528,179,Unhealthy,3,23.5,73,0.0,4.9,184,1015.8,100,71.9,73.1,691.0,35.2,80.0,94.1
2025-12-12 12:00:00,2025,12,12,12,Hà Nội,Xã Tây Phương,21.0403672,105.6115528,179,Unhealthy,3,24.0,71,0.0,5.1,190,1014.3,100,65.4,66.8,605.0,29.8,97.0,77.3
2025-12-12 13:00:00,2025,12,12,13,Hà Nội,Xã Tây Phương,21.0403672,105.6115528,179,Unhealthy,3,24.0,70,0.0,3.9,208,1013.5,100,69.2,70.3,539.0,26.9,110.0,64.9
2025-12-12 14:00:00,2025,12,12,14,Hà Nội,Xã Tây Phương,21.0403672,105.6115528,179,Unhealthy,3,24.4,68,0.0,2.5,159,1012.8,100,69.8,71.2,494.0,26.8,118.0,61.0
2025-12-12 15:00:00,2025,12,12,15,Hà Nội,Xã Tây Phương,21.0403672,105.6115528,180,Unhealthy,3,24.5,69,0.0,3.6,139,1012.5,91,72.4,73.6,469.0,29.2,122.0,61.6
2025-12-12 16:00:00,2025,12,12,16,Hà Nội,Xã Tây Phương,21.0403672,105.6115528,180,Unhealthy,3,24.5,69,0.0,7.3,140,1012.4,88,75.0,76.1,480.0,35.3,117.0,63.6
2025-12-12 17:00:00,2025,12,12,17,Hà Nội,Xã Tây Phương,21.0403672,105.6115528,180,Unhealthy,3,23.0,81,0.5,6.5,134,1012.8,100,94.3,95.2,556.0,48.5,95.0,66.9
2025-12-12 18:00:00,2025,12,12,18,Hà Nội,Xã Tây Phương,21.0403672,105.6115528,180,Unhealthy,3,22.0,89,1.7,6.2,123,1013.3,75,116.6,117.8,668.0,65.3,65.0,71.7
2025-12-12 19:00:00,2025,12,12,19,Hà Nội,Xã Tây Phương,21.0403672,105.6115528,181,Unhealthy,3,22.0,86,0.3,5.2,139,1013.8,100,98.3,99.0,742.0,69.2,36.0,68.7
2025-12-12 20:00:00,2025,12,12,20,Hà Nội,Xã Tây Phương,21.0403672,105.6115528,180,Unhealthy,3,22.4,84,0.0,6.9,149,1014.5,99,108.0,108.7,739.0,73.1,29.0,72.9
2025-12-12 21:00:00,2025,12,12,21,Hà Nội,Xã Tây Phương,21.0403672,105.6115528,179,Unhealthy,3,22.2,85,0.0,10.3,136,1014.9,100,116.4,117.1,698.0,78.2,19.0,78.4
2025-12-12 22:00:00,2025,12,12,22,Hà Nội,Xã Tây Phương,21.0403672,105.6115528,178,Unhealthy,3,21.6,90,0.0,11.7,137,1014.9,29,122.9,123.4,661.0,81.2,11.0,80.5
2025-12-12 23:00:00,2025,12,12,23,Hà Nội,Xã Tây Phương,21.0403672,105.6115528,178,Unhealthy,3,21.0,94,0.0,11.1,137,1015.1,30,123.4,124.3,639.0,80.2,7.0,76.4
2025-12-13 00:00:00,2025,12,13,0,Hà Nội,Xã Tây Phương,21.0403672,105.6115528,177,Unhealthy,3,20.5,96,0.0,10.7,135,1015.1,20,116.4,117.1,620.0,77.0,5.0,68.9
2025-12-13 01:00:00,2025,12,13,1,Hà Nội,Xã Tây Phương,21.0403672,105.6115528,177,Unhealthy,3,21.0,97,0.0,10.3,134,1014.9,53,107.8,108.5,611.0,73.1,5.0,62.2
2025-12-13 02:00:00,2025,12,13,2,Hà Nội,Xã Tây Phương,21.0403672,105.6115528,176,Unhealthy,3,20.9,98,0.0,6.1,130,1014.5,76,100.6,101.3,609.0,68.5,7.0,57.5
2025-12-13 03:00:00,2025,12,13,3,Hà Nội,Xã Tây Phương,21.0403672,105.6115528,176,Unhealthy,3,20.5,99,0.0,2.9,187,1014.7,99,91.5,92.2,617.0,63.2,10.0,53.5
2025-12-13 04:00:00,2025,12,13,4,Hà Nội,Xã Tây Phương,21.0403672,105.6115528,175,Unhealthy,3,20.4,99,0.0,2.8,281,1014.5,100,82.7,83.6,648.0,59.2,12.0,51.4
2025-12-13 05:00:00,2025,12,13,5,Hà Nội,Xã Tây Phương,21.0403672,105.6115528,174,Unhealthy,3,20.2,99,0.0,6.1,298,1014.9,100,75.7,76.6,737.0,58.1,11.0,52.3
2025-12-13 06:00:00,2025,12,13,6,Hà Nội,Xã Tây Phương,21.0403672,105.6115528,173,Unhealthy,3,20.5,98,0.0,10.8,312,1015.7,100,69.8,71.0,849.0,58.3,8.0,54.9
2025-12-13 07:00:00,2025,12,13,7,Hà Nội,Xã Tây Phương,21.0403672,105.6115528,172,Unhealthy,3,19.9,98,0.2,12.1,314,1016.9,100,81.3,82.0,898.0,58.8,5.0,50.9
2025-12-13 08:00:00,2025,12,13,8,Hà Nội,Xã Tây Phương,21.0403672,105.6115528,171,Unhealthy,3,20.1,97,0.5,13.6,311,1017.5,74,69.8,70.3,821.0,54.0,11.0,51.0
2025-12-13 09:00:00,2025,12,13,9,Hà Nội,Xã Tây Phương,21.0403672,105.6115528,169,Unhealthy,3,21.7,89,0.2,15.0,322,1018.7,100,58.1,58.3,679.0,47.1,19.0,50.8
2025-12-13 10:00:00,2025,12,13,10,Hà Nội,Xã Tây Phương,21.0403672,105.6115528,168,Unhealthy,3,21.5,90,4.9,12.0,313,1019.2,100,45.2,45.3,574.0,39.4,30.0,48.4
2025-12-13 11:00:00,2025,12,13,11,Hà Nội,Xã Tây Phương,21.0403672,105.6115528,167,Unhealthy,3,21.2,94,3.0,13.5,323,1018.6,100,36.0,36.1,535.0,30.0,45.0,41.4
2025-12-13 12:00:00,2025,12,13,12,Hà Nội,Xã Tây Phương,21.0403672,105.6115528,166,Unhealthy,3,21.9,93,1.9,13.4,336,1018.1,100,29.7,29.8,532.0,19.9,61.0,32.3
2025-12-13 13:00:00,2025,12,13,13,Hà Nội,Xã Tây Phương,21.0403672,105.6115528,165,Unhealthy,3,21.5,91,0.5,12.8,354,1017.6,100,20.7,20.8,572.0,12.9,72.0,26.3
2025-12-13 14:00:00,2025,12,13,14,Hà Nội,Xã Tây Phương,21.0403672,105.6115528,164,Unhealthy,3,21.9,82,0.4,19.8,20,1017.3,97,14.3,14.3,684.0,11.5,73.0,26.4
2025-12-13 15:00:00,2025,12,13,15,Hà Nội,Xã Tây Phương,21.0403672,105.6115528,163,Unhealthy,3,22.0,73,0.0,18.0,23,1017.4,100,12.7,12.7,839.0,13.2,69.0,29.7
2025-12-13 16:00:00,2025,12,13,16,Hà Nội,Xã Tây Phương,21.0403672,105.6115528,162,Unhealthy,3,21.9,69,0.0,18.9,43,1017.9,100,12.5,12.6,960.0,15.0,65.0,32.6
2025-12-13 17:00:00,2025,12,13,17,Hà Nội,Xã Tây Phương,21.0403672,105.6115528,160,Unhealthy,3,21.2,67,0.0,16.4,45,1018.8,100,13.6,13.6,1020.0,16.0,61.0,33.8
2025-12-13 18:00:00,2025,12,13,18,Hà Nội,Xã Tây Phương,21.0403672,105.6115528,159,Unhealthy,3,20.5,68,0.0,15.8,58,1020.2,100,15.4,15.4,1045.0,17.1,58.0,34.7
2025-12-13 19:00:00,2025,12,13,19,Hà Nội,Xã Tây Phương,21.0403672,105.6115528,156,Unhealthy,3,18.8,80,0.0,12.2,73,1021.0,100,28.0,28.1,1038.0,19.6,43.0,36.3
2025-12-13 20:00:00,2025,12,13,20,Hà Nội,Xã Tây Phương,21.0403672,105.6115528,155,Unhealthy,3,18.7,78,0.2,14.2,64,1022.0,100,28.8,28.9,982.0,18.7,43.0,35.7
2025-12-13 21:00:00,2025,12,13,21,Hà Nội,Xã Tây Phương,21.0403672,105.6115528,153,Unhealthy,3,18.5,75,0.0,13.3,69,1023.0,100,30.7,30.7,894.0,17.4,44.0,34.9
2025-12-13 22:00:00,2025,12,13,22,Hà Nội,Xã Tây Phương,21.0403672,105.6115528,151,Unhealthy,3,18.4,71,0.0,14.4,61,1023.0,100,31.8,31.8,825.0,16.3,45.0,34.1
2025-12-13 23:00:00,2025,12,13,23,Hà Nội,Xã Tây Phương,21.0403672,105.6115528,146,Unhealthy for Sensitive Groups,2,18.3,67,0.0,13.6,58,1022.7,99,32.7,32.8,809.0,15.4,47.0,33.5
2025-12-14 00:00:00,2025,12,14,0,Hà Nội,Xã Tây Phương,21.0403672,105.6115528,137,Unhealthy for Sensitive Groups,2,17.9,66,0.0,10.8,53,1022.5,98,32.6,32.7,812.0,14.7,49.0,33.0
2025-12-14 01:00:00,2025,12,14,1,Hà Nội,Xã Tây Phương,21.0403672,105.6115528,128,Unhealthy for Sensitive Groups,2,18.5,67,0.0,11.1,51,1021.8,100,32.1,32.2,791.0,14.2,51.0,32.4
2025-12-14 02:00:00,2025,12,14,2,Hà Nội,Xã Tây Phương,21.0403672,105.6115528,120,Unhealthy for Sensitive Groups,2,18.3,65,0.0,12.4,50,1021.3,100,31.5,31.7,710.0,13.9,51.0,31.6
2025-12-14 03:00:00,2025,12,14,3,Hà Nội,Xã Tây Phương,21.0403672,105.6115528,113,Unhealthy for Sensitive Groups,2,18.0,63,0.0,12.9,42,1021.3,100,31.0,31.2,603.0,13.8,51.0,30.8
2025-12-14 04:00:00,2025,12,14,4,Hà Nội,Xã Tây Phương,21.0403672,105.6115528,107,Unhealthy for Sensitive Groups,2,17.6,61,0.0,13.0,37,1021.4,100,30.0,30.3,535.0,14.2,50.0,30.6
2025-12-14 05:00:00,2025,12,14,5,Hà Nội,Xã Tây Phương,21.0403672,105.6115528,101,Unhealthy for Sensitive Groups,2,17.2,60,0.0,13.2,40,1021.7,100,29.4,29.8,545.0,15.8,48.0,31.5
2025-12-14 06:00:00,2025,12,14,6,Hà Nội,Xã Tây Phương,21.0403672,105.6115528,97,Moderate,1,16.9,58,0.0,14.3,42,1022.3,100,30.0,30.5,593.0,17.8,47.0,33.0
2025-12-14 07:00:00,2025,12,14,7,Hà Nội,Xã Tây Phương,21.0403672,105.6115528,93,Moderate,1,16.7,61,0.0,14.4,38,1022.8,100,16.7,17.1,618.0,17.6,48.0,31.7
2025-12-14 08:00:00,2025,12,14,8,Hà Nội,Xã Tây Phương,21.0403672,105.6115528,88,Moderate,1,17.0,57,0.0,16.8,42,1023.9,100,16.2,16.9,587.0,16.3,50.0,31.0
2025-12-14 09:00:00,2025,12,14,9,Hà Nội,Xã Tây Phương,21.0403672,105.6115528,83,Moderate,1,17.1,54,0.0,16.7,42,1024.8,93,16.4,17.3,533.0,14.4,54.0,30.0
2025-12-14 10:00:00,2025,12,14,10,Hà Nội,Xã Tây Phương,21.0403672,105.6115528,79,Moderate,1,18.0,51,0.0,14.2,39,1025.0,98,17.2,18.2,489.0,12.8,59.0,29.5
2025-12-14 11:00:00,2025,12,14,11,Hà Nội,Xã Tây Phương,21.0403672,105.6115528,77,Moderate,1,18.8,51,0.0,12.5,45,1024.1,99,18.0,19.3,468.0,11.6,67.0,29.6
2025-12-14 12:00:00,2025,12,14,12,Hà Nội,Xã Tây Phương,21.0403672,105.6115528,75,Moderate,1,19.5,50,0.0,10.7,48,1022.7,98,19.3,20.6,459.0,10.6,76.0,30.2
2025-12-14 13:00:00,2025,12,14,13,Hà Nội,Xã Tây Phương,21.0403672,105.6115528,74,Moderate,1,20.2,50,0.0,10.1,46,1021.2,24,20.5,21.9,457.0,10.4,84.0,31.1
2025-12-14 14:00:00,2025,12,14,14,Hà Nội,Xã Tây Phương,21.0403672,105.6115528,74,Moderate,1,20.8,49,0.0,8.5,48,1020.2,46,22.2,23.6,443.0,9.5,92.0,31.3
2025-12-14 15:00:00,2025,12,14,15,Hà Nội,Xã Tây Phương,21.0403672,105.6115528,75,Moderate,1,20.6,50,0.0,8.5,52,1019.4,8,23.6,25.0,438.0,9.3,98.0,31.8
2025-12-14 16:00:00,2025,12,14,16,Hà Nội,Xã Tây Phương,21.0403672,105.6115528,76,Moderate,1,20.1,52,0.0,6.8,58,1019.0,1,25.0,26.4,500.0,15.1,95.0,36.0
2025-12-14 17:00:00,2025,12,14,17,Hà Nội,Xã Tây Phương,21.0403672,105.6115528,77,Moderate,1,18.9,66,0.0,1.4,113,1019.0,8,35.7,37.0,702.0,32.7,75.0,46.8
2025-12-14 18:00:00,2025,12,14,18,Hà Nội,Xã Tây Phương,21.0403672,105.6115528,79,Moderate,1,17.4,66,0.0,1.8,186,1019.3,1,62.2,63.6,970.0,56.2,46.0,61.3
2025-12-14 19:00:00,2025,12,14,19,Hà Nội,Xã Tây Phương,21.0403672,105.6115528,83,Moderate,1,16.8,68,0.0,2.9,150,1019.7,16,75.7,76.8,1149.0,65.7,31.0,64.5
2025-12-14 20:00:00,2025,12,14,20,Hà Nội,Xã Tây Phương,21.0403672,105.6115528,87,Moderate,1,16.5,68,0.0,5.3,145,1020.2,10,91.7,92.9,1150.0,68.1,27.0,70.8
2025-12-14 21:00:00,2025,12,14,21,Hà Nội,Xã Tây Phương,21.0403672,105.6115528,93,Moderate,1,16.5,69,0.0,8.9,138,1020.7,41,96.2,97.3,1061.0,71.5,23.0,79.6
2025-12-14 22:00:00,2025,12,14,22,Hà Nội,Xã Tây Phương,21.0403672,105.6115528,99,Moderate,1,15.8,74,0.0,8.9,151,1020.7,91,99.0,100.1,986.0,73.8,19.0,87.0
2025-12-14 23:00:00,2025,12,14,23,Hà Nội,Xã Tây Phương,21.0403672,105.6115528,106,Unhealthy for Sensitive Groups,2,15.3,77,0.0,8.8,154,1020.7,59,101.0,102.2,957.0,74.2,18.0,91.9
2025-12-15 00:00:00,2025,12,15,0,Hà Nội,Xã Tây Phương,21.0403672,105.6115528,113,Unhealthy for Sensitive Groups,2,14.4,82,0.0,5.1,153,1020.4,11,100.8,101.7,942.0,73.7,19.0,95.4
2025-12-15 01:00:00,2025,12,15,1,Hà Nội,Xã Tây Phương,21.0403672,105.6115528,120,Unhealthy for Sensitive Groups,2,14.7,84,0.0,4.2,137,1020.0,16,99.7,100.6,950.0,72.8,18.0,97.1
2025-12-15 02:00:00,2025,12,15,2,Hà Nội,Xã Tây Phương,21.0403672,105.6115528,127,Unhealthy for Sensitive Groups,2,14.6,86,0.0,1.5,97,1019.6,10,101.0,102.2,980.0,72.0,15.0,95.8
2025-12-15 03:00:00,2025,12,15,3,Hà Nội,Xã Tây Phương,21.0403672,105.6115528,134,Unhealthy for Sensitive Groups,2,14.2,88,0.0,1.4,50,1019.3,15,102.7,103.6,1032.0,70.9,11.0,92.6
2025-12-15 04:00:00,2025,12,15,4,Hà Nội,Xã Tây Phương,21.0403672,105.6115528,141,Unhealthy for Sensitive Groups,2,14.0,90,0.0,2.4,63,1019.3,0,103.6,104.5,1116.0,69.3,8.0,90.8
2025-12-15 05:00:00,2025,12,15,5,Hà Nội,Xã Tây Phương,21.0403672,105.6115528,149,Unhealthy for Sensitive Groups,2,13.4,92,0.0,3.9,77,1019.3,1,102.4,103.6,1288.0,67.4,6.0,92.1
2025-12-15 06:00:00,2025,12,15,6,Hà Nội,Xã Tây Phương,21.0403672,105.6115528,151,Unhealthy,3,13.1,95,0.0,4.3,75,1019.7,9,103.1,104.8,1492.0,65.1,4.0,94.8
2025-12-15 07:00:00,2025,12,15,7,Hà Nội,Xã Tây Phương,21.0403672,105.6115528,153,Unhealthy,3,13.7,94,0.0,5.8,60,1020.3,15,106.6,109.2,1566.0,64.7,8.0,89.3
2025-12-15 08:00:00,2025,12,15,8,Hà Nội,Xã Tây Phương,21.0403672,105.6115528,155,Unhealthy,3,15.8,82,0.0,4.9,54,1021.1,13,92.2,93.6,1395.0,56.3,24.0,85.4
2025-12-15 09:00:00,2025,12,15,9,Hà Nội,Xã Tây Phương,21.0403672,105.6115528,157,Unhealthy,3,17.6,70,0.0,5.0,52,1021.5,2,68.2,68.7,1095.0,44.6,46.0,79.6
2025-12-15 10:00:00,2025,12,15,10,Hà Nội,Xã Tây Phương,21.0403672,105.6115528,158,Unhealthy,3,19.2,62,0.0,4.6,64,1021.4,0,45.3,45.8,846.0,34.4,68.0,72.5
2025-12-15 11:00:00,2025,12,15,11,Hà Nội,Xã Tây Phương,21.0403672,105.6115528,158,Unhealthy,3,20.3,57,0.0,4.5,85,1020.2,0,34.5,34.9,722.0,27.3,87.0,63.2
2025-12-15 12:00:00,2025,12,15,12,Hà Nội,Xã Tây Phương,21.0403672,105.6115528,159,Unhealthy,3,21.0,55,0.0,4.8,112,1018.8,0,31.1,31.5,649.0,21.7,106.0,52.5
2025-12-15 13:00:00,2025,12,15,13,Hà Nội,Xã Tây Phương,21.0403672,105.6115528,159,Unhealthy,3,21.5,53,0.0,6.1,146,1017.6,99,30.4,30.9,595.0,17.9,119.0,43.9
2025-12-15 14:00:00,2025,12,15,14,Hà Nội,Xã Tây Phương,21.0403672,105.6115528,159,Unhealthy,3,22.1,54,0.0,8.7,150,1016.5,95,31.3,31.8,542.0,15.0,127.0,37.8
2025-12-15 15:00:00,2025,12,15,15,Hà Nội,Xã Tây Phương,21.0403672,105.6115528,159,Unhealthy,3,21.8,56,0.0,10.7,144,1016.0,29,32.4,32.8,507.0,14.0,130.0,33.8
2025-12-15 16:00:00,2025,12,15,16,Hà Nội,Xã Tây Phương,21.0403672,105.6115528,160,Unhealthy,3,21.4,58,0.0,11.6,144,1015.6,0,32.5,32.8,506.0,18.0,123.0,33.4
2025-12-15 17:00:00,2025,12,15,17,Hà Nội,Xã Tây Phương,21.0403672,105.6115528,160,Unhealthy,3,20.1,65,0.0,7.9,141,1015.5,0,39.8,40.2,561.0,31.4,99.0,39.2
2025-12-15 18:00:00,2025,12,15,18,Hà Nội,Xã Tây Phương,21.0403672,105.6115528,160,Unhealthy,3,18.9,70,0.0,11.6,132,1015.8,0,58.7,59.0,650.0,50.0,65.0,48.8
2025-12-15 19:00:00,2025,12,15,19,Hà Nội,Xã Tây Phương,21.0403672,105.6115528,160,Unhealthy,3,18.2,76,0.0,11.9,128,1016.5,0,64.5,64.7,722.0,49.4,55.0,49.7
2025-12-15 20:00:00,2025,12,15,20,Hà Nội,Xã Tây Phương,21.0403672,105.6115528,160,Unhealthy,3,17.8,79,0.0,10.5,129,1017.1,0,68.7,68.9,756.0,52.3,45.0,52.2
2025-12-15 21:00:00,2025,12,15,21,Hà Nội,Xã Tây Phương,21.0403672,105.6115528,159,Unhealthy,3,17.2,82,0.0,9.9,145,1017.7,2,70.1,70.3,773.0,56.3,31.0,55.5
2025-12-15 22:00:00,2025,12,15,22,Hà Nội,Xã Tây Phương,21.0403672,105.6115528,158,Unhealthy,3,16.9,84,0.0,11.1,144,1017.8,5,70.3,70.5,779.0,59.1,20.0,57.4
2025-12-15 23:00:00,2025,12,15,23,Hà Nội,Xã Tây Phương,21.0403672,105.6115528,158,Unhealthy,3,16.5,87,0.0,10.0,139,1017.8,4,67.3,67.5,771.0,59.6,15.0,56.2
2025-12-16 00:00:00,2025,12,16,0,Hà Nội,Xã Tây Phương,21.0403672,105.6115528,157,Unhealthy,3,16.0,90,0.0,8.0,134,1017.9,10,63.3,63.6,752.0,59.0,12.0,53.5
2025-12-16 01:00:00,2025,12,16,1,Hà Nội,Xã Tây Phương,21.0403672,105.6115528,156,Unhealthy,3,15.6,93,0.0,6.0,129,1018.0,32,62.4,62.6,743.0,58.3,10.0,51.7
2025-12-16 02:00:00,2025,12,16,2,Hà Nội,Xã Tây Phương,21.0403672,105.6115528,155,Unhealthy,3,16.0,92,0.0,5.4,132,1017.5,100,62.9,63.1,745.0,57.9,9.0,51.9
2025-12-16 03:00:00,2025,12,16,3,Hà Nội,Xã Tây Phương,21.0403672,105.6115528,155,Unhealthy,3,16.4,91,0.0,4.8,143,1017.0,100,64.7,65.2,757.0,57.5,8.0,53.1
2025-12-16 04:00:00,2025,12,16,4,Hà Nội,Xã Tây Phương,21.0403672,105.6115528,154,Unhealthy,3,16.5,90,0.0,2.1,128,1016.9,100,66.4,66.8,793.0,57.0,8.0,54.4
2025-12-16 05:00:00,2025,12,16,5,Hà Nội,Xã Tây Phương,21.0403672,105.6115528,153,Unhealthy,3,16.8,89,0.0,2.4,36,1017.1,100,68.2,68.7,884.0,56.4,6.0,55.0
2025-12-16 06:00:00,2025,12,16,6,Hà Nội,Xã Tây Phương,21.0403672,105.6115528,152,Unhealthy,3,17.0,89,0.0,3.0,17,1017.4,100,69.4,69.8,1000.0,55.6,4.0,55.8
2025-12-16 07:00:00,2025,12,16,7,Hà Nội,Xã Tây Phương,21.0403672,105.6115528,152,Unhealthy,3,17.0,90,0.0,3.2,341,1018.2,100,58.2,59.1,1062.0,55.2,5.0,60.9
2025-12-16 08:00:00,2025,12,16,8,Hà Nội,Xã Tây Phương,21.0403672,105.6115528,150,Unhealthy for Sensitive Groups,2,17.5,86,0.0,1.3,344,1018.6,100,58.2,58.8,1026.0,54.1,11.0,68.5
2025-12-16 09:00:00,2025,12,16,9,Hà Nội,Xã Tây Phương,21.0403672,105.6115528,149,Unhealthy for Sensitive Groups,2,18.1,82,0.0,1.1,351,1019.4,100,57.5,58.0,936.0,52.3,19.0,78.6
2025-12-16 10:00:00,2025,12,16,10,Hà Nội,Xã Tây Phương,21.0403672,105.6115528,148,Unhealthy for Sensitive Groups,2,18.8,79,0.0,2.3,337,1019.2,100,56.0,56.6,848.0,49.1,29.0,82.8
2025-12-16 11:00:00,2025,12,16,11,Hà Nội,Xã Tây Phương,21.0403672,105.6115528,149,Unhealthy for Sensitive Groups,2,19.6,76,0.0,2.9,338,1018.6,100,51.3,52.0,774.0,43.1,42.0,75.4
2025-12-16 12:00:00,2025,12,16,12,Hà Nội,Xã Tây Phương,21.0403672,105.6115528,150,Unhealthy for Sensitive Groups,2,20.7,73,0.0,3.3,6,1017.4,70,44.5,45.4,701.0,35.7,57.0,62.2
2025-12-16 13:00:00,2025,12,16,13,Hà Nội,Xã Tây Phương,21.0403672,105.6115528,150,Unhealthy for Sensitive Groups,2,20.9,72,0.0,2.7,352,1016.6,69,39.9,40.7,647.0,30.5,67.0,51.9
2025-12-16 14:00:00,2025,12,16,14,Hà Nội,Xã Tây Phương,21.0403672,105.6115528,151,Unhealthy,3,21.9,68,0.0,0.4,63,1015.9,85,37.0,37.7,580.0,28.4,71.0,47.8
2025-12-16 15:00:00,2025,12,16,15,Hà Nội,Xã Tây Phương,21.0403672,105.6115528,151,Unhealthy,3,22.2,67,0.0,1.9,158,1015.3,62,36.9,37.5,531.0,28.5,72.0,46.6
2025-12-16 16:00:00,2025,12,16,16,Hà Nội,Xã Tây Phương,21.0403672,105.6115528,151,Unhealthy,3,22.0,67,0.0,4.6,149,1015.3,81,39.0,39.6,610.0,32.1,66.0,47.5
2025-12-16 17:00:00,2025,12,16,17,Hà Nội,Xã Tây Phương,21.0403672,105.6115528,151,Unhealthy,3,21.2,73,0.0,4.3,105,1016.0,100,50.4,51.0,929.0,42.2,51.0,51.5
2025-12-16 18:00:00,2025,12,16,18,Hà Nội,Xã Tây Phương,21.0403672,105.6115528,151,Unhealthy,3,20.5,77,0.0,7.6,86,1016.5,97,66.8,67.3,1376.0,55.9,30.0,57.5
2025-12-16 19:00:00,2025,12,16,19,Hà Nội,Xã Tây Phương,21.0403672,105.6115528,151,Unhealthy,3,19.8,84,0.0,3.2,71,1017.5,100,95.9,96.6,1721.0,79.6,6.0,74.8
2025-12-16 20:00:00,2025,12,16,20,Hà Nội,Xã Tây Phương,21.0403672,105.6115528,152,Unhealthy,3,20.0,86,0.0,1.0,59,1018.1,100,105.7,106.4,1897.0,79.2,5.0,76.5
2025-12-16 21:00:00,2025,12,16,21,Hà Nội,Xã Tây Phương,21.0403672,105.6115528,153,Unhealthy,3,19.7,86,0.0,0.8,315,1018.5,100,106.6,107.1,1971.0,78.5,3.0,78.4
2025-12-16 22:00:00,2025,12,16,22,Hà Nội,Xã Tây Phương,21.0403672,105.6115528,154,Unhealthy,3,19.5,86,0.0,2.8,325,1019.1,100,111.5,112.2,1918.0,76.3,2.0,77.2
2025-12-16 23:00:00,2025,12,16,23,Hà Nội,Xã Tây Phương,21.0403672,105.6115528,155,Unhealthy,3,19.4,87,0.0,4.8,318,1019.0,98,115.3,115.7,1665.0,71.6,2.0,70.0
2025-12-17 00:00:00,2025,12,17,0,Hà Nội,Xã Tây Phương,21.0403672,105.6115528,156,Unhealthy,3,18.9,90,0.0,4.8,318,1019.1,100,110.1,110.8,1286.0,65.5,4.0,59.7
2025-12-17 01:00:00,2025,12,17,1,Hà Nội,Xã Tây Phương,21.0403672,105.6115528,157,Unhealthy,3,18.5,90,0.0,9.2,313,1019.2,97,102.7,103.1,975.0,59.7,5.0,51.3
2025-12-17 02:00:00,2025,12,17,2,Hà Nội,Xã Tây Phương,21.0403672,105.6115528,158,Unhealthy,3,18.5,90,0.0,10.9,314,1018.9,100,92.7,93.1,805.0,54.7,7.0,46.6
2025-12-17 03:00:00,2025,12,17,3,Hà Nội,Xã Tây Phương,21.0403672,105.6115528,158,Unhealthy,3,18.6,89,0.0,11.7,316,1018.8,100,84.5,85.0,704.0,50.1,8.0,43.8
2025-12-17 04:00:00,2025,12,17,4,Hà Nội,Xã Tây Phương,21.0403672,105.6115528,159,Unhealthy,3,18.6,89,0.0,12.5,319,1018.7,100,80.3,80.8,652.0,46.7,9.0,42.6
2025-12-17 05:00:00,2025,12,17,5,Hà Nội,Xã Tây Phương,21.0403672,105.6115528,159,Unhealthy,3,18.5,90,0.0,11.5,319,1019.0,100,80.3,80.8,671.0,45.7,7.0,43.5
2025-12-17 06:00:00,2025,12,17,6,Hà Nội,Xã Tây Phương,21.0403672,105.6115528,159,Unhealthy,3,18.4,90,0.0,10.7,316,1019.6,100,81.0,81.5,739.0,46.0,4.0,46.0
2025-12-17 07:00:00,2025,12,17,7,Hà Nội,Xã Tây Phương,21.0403672,105.6115528,159,Unhealthy,3,18.4,92,0.0,8.9,310,1020.3,100,91.7,92.2,768.0,47.6,4.0,52.5
2025-12-17 08:00:00,2025,12,17,8,Hà Nội,Xã Tây Phương,21.0403672,105.6115528,160,Unhealthy,3,19.4,88,0.0,6.8,318,1021.0,100,77.3,77.5,713.0,43.2,15.0,55.2
2025-12-17 09:00:00,2025,12,17,9,Hà Nội,Xã Tây Phương,21.0403672,105.6115528,161,Unhealthy,3,20.2,83,0.0,7.2,6,1021.8,98,62.6,62.9,620.0,37.0,30.0,58.6
2025-12-17 10:00:00,2025,12,17,10,Hà Nội,Xã Tây Phương,21.0403672,105.6115528,161,Unhealthy,3,21.0,78,0.1,9.8,31,1022.0,100,40.0,40.3,536.0,31.2,44.0,58.8
2025-12-17 11:00:00,2025,12,17,11,Hà Nội,Xã Tây Phương,21.0403672,105.6115528,160,Unhealthy,3,21.5,77,0.2,9.8,40,1021.1,99,25.5,25.6,473.0,26.4,54.0,52.8
2025-12-17 12:00:00,2025,12,17,12,Hà Nội,Xã Tây Phương,21.0403672,105.6115528,160,Unhealthy,3,22.4,74,0.3,8.8,49,1019.8,85,19.0,19.1,419.0,22.1,62.0,43.7
2025-12-17 13:00:00,2025,12,17,13,Hà Nội,Xã Tây Phương,21.0403672,105.6115528,159,Unhealthy,3,23.1,68,0.0,7.9,43,1018.7,42,16.9,16.9,387.0,19.1,68.0,36.9
2025-12-17 14:00:00,2025,12,17,14,Hà Nội,Xã Tây Phương,21.0403672,105.6115528,159,Unhealthy,3,23.6,67,0.3,8.0,46,1017.9,33,16.1,16.1,353.0,16.7,74.0,34.1
2025-12-17 15:00:00,2025,12,17,15,Hà Nội,Xã Tây Phương,21.0403672,105.6115528,158,Unhealthy,3,23.4,67,0.0,8.9,50,1017.8,23,16.9,16.9,341.0,15.8,78.0,33.5
2025-12-17 16:00:00,2025,12,17,16,Hà Nội,Xã Tây Phương,21.0403672,105.6115528,158,Unhealthy,3,23.0,68,0.0,7.8,58,1017.7,23,19.6,19.7,433.0,19.3,75.0,36.0
2025-12-17 17:00:00,2025,12,17,17,Hà Nội,Xã Tây Phương,21.0403672,105.6115528,157,Unhealthy,3,21.5,78,0.0,4.4,69,1018.1,18,25.6,25.6,734.0,31.5,61.0,43.5
2025-12-17 18:00:00,2025,12,17,18,Hà Nội,Xã Tây Phương,21.0403672,105.6115528,157,Unhealthy,3,20.4,81,0.0,2.6,65,1018.6,30,43.3,43.3,1140.0,48.3,41.0,54.1
2025-12-17 19:00:00,2025,12,17,19,Hà Nội,Xã Tây Phương,21.0403672,105.6115528,156,Unhealthy,3,19.6,89,0.0,1.3,326,1019.7,48,54.0,54.1,1423.0,57.1,20.0,56.7
2025-12-17 20:00:00,2025,12,17,20,Hà Nội,Xã Tây Phương,21.0403672,105.6115528,155,Unhealthy,3,19.2,90,0.0,0.6,288,1020.2,41,64.3,64.3,1476.0,58.0,18.0,60.8
2025-12-17 21:00:00,2025,12,17,21,Hà Nội,Xã Tây Phương,21.0403672,105.6115528,155,Unhealthy,3,18.6,92,0.1,2.2,279,1020.8,71,66.1,66.1,1405.0,59.0,15.0,66.2
2025-12-17 22:00:00,2025,12,17,22,Hà Nội,Xã Tây Phương,21.0403672,105.6115528,154,Unhealthy,3,18.5,93,0.0,2.3,309,1020.9,58,71.2,71.2,1304.0,58.6,13.0,68.8
2025-12-17 23:00:00,2025,12,17,23,Hà Nội,Xã Tây Phương,21.0403672,105.6115528,153,Unhealthy,3,18.4,91,0.0,1.7,13,1020.7,34,69.8,69.8,1193.0,55.6,14.0,66.3
2025-12-18 00:00:00,2025,12,18,0,Hà Nội,Xã Tây Phương,21.0403672,105.6115528,152,Unhealthy,3,17.8,91,0.0,3.9,338,1020.5,92,65.7,65.7,1051.0,51.1,17.0,61.1
2025-12-18 01:00:00,2025,12,18,1,Hà Nội,Xã Tây Phương,21.0403672,105.6115528,151,Unhealthy,3,18.0,94,0.0,5.5,289,1020.0,92,62.6,62.6,907.0,47.1,19.0,56.1
2025-12-18 02:00:00,2025,12,18,2,Hà Nội,Xã Tây Phương,21.0403672,105.6115528,149,Unhealthy for Sensitive Groups,2,18.1,96,0.0,6.8,318,1019.6,95,61.0,61.0,751.0,44.0,20.0,51.8
2025-12-18 03:00:00,2025,12,18,3,Hà Nội,Xã Tây Phương,21.0403672,105.6115528,146,Unhealthy for Sensitive Groups,2,17.8,98,0.0,8.5,316,1019.3,63,59.6,59.6,594.0,41.4,20.0,47.9
2025-12-18 04:00:00,2025,12,18,4,Hà Nội,Xã Tây Phương,21.0403672,105.6115528,144,Unhealthy for Sensitive Groups,2,17.1,99,0.0,8.9,306,1019.2,99,58.8,58.9,497.0,39.7,19.0,45.9
2025-12-18 05:00:00,2025,12,18,5,Hà Nội,Xã Tây Phương,21.0403672,105.6115528,141,Unhealthy for Sensitive Groups,2,17.1,98,0.0,8.3,311,1019.4,97,59.8,60.1,510.0,40.3,15.0,47.9
2025-12-18 06:00:00,2025,12,18,6,Hà Nội,Xã Tây Phương,21.0403672,105.6115528,139,Unhealthy for Sensitive Groups,2,17.2,97,0.0,7.2,309,1019.8,69,62.9,62.9,584.0,41.7,9.0,52.0
2025-12-18 07:00:00,2025,12,18,7,Hà Nội,Xã Tây Phương,21.0403672,105.6115528,137,Unhealthy for Sensitive Groups,2,17.4,97,0.0,7.5,323,1020.0,24,87.5,87.5,634.0,46.6,12.0,60.7
2025-12-18 08:00:00,2025,12,18,8,Hà Nội,Xã Tây Phương,21.0403672,105.6115528,137,Unhealthy for Sensitive Groups,2,19.0,90,0.0,7.1,326,1020.4,14,80.1,80.3,624.0,39.4,29.0,58.5
2025-12-18 09:00:00,2025,12,18,9,Hà Nội,Xã Tây Phương,21.0403672,105.6115528,137,Unhealthy for Sensitive Groups,2,20.5,81,0.0,5.4,340,1020.9,5,56.5,56.7,589.0,29.3,52.0,55.3
2025-12-18 10:00:00,2025,12,18,10,Hà Nội,Xã Tây Phương,21.0403672,105.6115528,137,Unhealthy for Sensitive Groups,2,21.8,71,0.0,5.6,17,1020.7,1,45.5,45.6,554.0,21.0,75.0,51.3
2025-12-18 11:00:00,2025,12,18,11,Hà Nội,Xã Tây Phương,21.0403672,105.6115528,137,Unhealthy for Sensitive Groups,2,22.9,66,0.0,5.1,27,1019.9,2,42.4,42.5,521.0,16.1,96.0,45.9
2025-12-18 12:00:00,2025,12,18,12,Hà Nội,Xã Tây Phương,21.0403672,105.6115528,139,Unhealthy for Sensitive Groups,2,23.8,61,0.0,3.7,35,1018.2,2,39.6,39.7,487.0,12.8,117.0,39.7
2025-12-18 13:00:00,2025,12,18,13,Hà Nội,Xã Tây Phương,21.0403672,105.6115528,141,Unhealthy for Sensitive Groups,2,23.7,60,0.0,2.9,79,1017.2,9,36.9,37.1,471.0,11.0,132.0,35.0
2025-12-18 14:00:00,2025,12,18,14,Hà Nội,Xã Tây Phương,21.0403672,105.6115528,143,Unhealthy for Sensitive Groups,2,24.1,58,0.0,5.4,90,1016.1,10,37.3,37.4,474.0,8.6,140.0,31.3
2025-12-18 15:00:00,2025,12,18,15,Hà Nội,Xã Tây Phương,21.0403672,105.6115528,145,Unhealthy for Sensitive Groups,2,24.3,56,0.0,5.9,117,1015.3,7,36.6,36.7,494.0,7.5,142.0,29.0
2025-12-18 16:00:00,2025,12,18,16,Hà Nội,Xã Tây Phương,21.0403672,105.6115528,147,Unhealthy for Sensitive Groups,2,23.9,57,0.0,8.0,132,1014.9,7,39.2,39.3,548.0,13.4,134.0,31.4
2025-12-18 17:00:00,2025,12,18,17,Hà Nội,Xã Tây Phương,21.0403672,105.6115528,149,Unhealthy for Sensitive Groups,2,22.0,70,0.0,4.7,140,1014.8,9,53.8,53.9,672.0,32.2,110.0,41.9
2025-12-18 18:00:00,2025,12,18,18,Hà Nội,Xã Tây Phương,21.0403672,105.6115528,150,Unhealthy for Sensitive Groups,2,20.4,73,0.0,5.0,159,1014.9,9,80.6,80.8,829.0,57.9,76.0,57.0
2025-12-18 19:00:00,2025,12,18,19,Hà Nội,Xã Tây Phương,21.0403672,105.6115528,151,Unhealthy,3,19.6,76,0.0,6.3,160,1015.4,5,108.0,108.3,927.0,70.4,58.0,66.4
2025-12-18 20:00:00,2025,12,18,20,Hà Nội,Xã Tây Phương,21.0403672,105.6115528,152,Unhealthy,3,19.6,75,0.0,6.4,153,1015.7,1,115.7,115.9,911.0,67.7,55.0,67.6
2025-12-18 21:00:00,2025,12,18,21,Hà Nội,Xã Tây Phương,21.0403672,105.6115528,154,Unhealthy,3,19.5,75,0.0,10.7,153,1016.3,1,111.8,112.0,837.0,63.9,50.0,69.2
2025-12-18 22:00:00,2025,12,18,22,Hà Nội,Xã Tây Phương,21.0403672,105.6115528,155,Unhealthy,3,19.0,77,0.0,11.8,153,1016.3,9,105.2,105.2,776.0,60.5,45.0,69.1
2025-12-18 23:00:00,2025,12,18,23,Hà Nội,Xã Tây Phương,21.0403672,105.6115528,155,Unhealthy,3,18.2,81,0.0,10.8,152,1016.3,1,98.5,98.7,758.0,57.7,40.0,65.6
2025-12-19 00:00:00,2025,12,19,0,Hà Nội,Xã Tây Phương,21.0403672,105.6115528,156,Unhealthy,3,17.5,85,0.0,8.6,149,1016.0,0,91.7,91.7,754.0,55.3,35.0,60.6
2025-12-19 01:00:00,2025,12,19,1,Hà Nội,Xã Tây Phương,21.0403672,105.6115528,157,Unhealthy,3,17.0,90,0.0,7.2,153,1015.8,4,88.0,88.0,747.0,53.8,31.0,57.4
2025-12-19 02:00:00,2025,12,19,2,Hà Nội,Xã Tây Phương,21.0403672,105.6115528,157,Unhealthy,3,16.5,93,0.0,5.5,157,1015.3,5,87.3,87.3,712.0,53.8,28.0,57.7
2025-12-19 03:00:00,2025,12,19,3,Hà Nội,Xã Tây Phương,21.0403672,105.6115528,158,Unhealthy,3,15.8,95,0.0,4.7,164,1014.9,2,89.6,89.9,674.0,54.8,25.0,59.9
2025-12-19 04:00:00,2025,12,19,4,Hà Nội,Xã Tây Phương,21.0403672,105.6115528,158,Unhealthy,3,15.4,95,0.0,2.8,169,1014.5,0,94.1,94.3,691.0,55.7,22.0,62.5
2025-12-19 05:00:00,2025,12,19,5,Hà Nội,Xã Tây Phương,21.0403672,105.6115528,159,Unhealthy,3,15.4,94,0.0,1.1,99,1014.6,0,99.2,99.4,829.0,56.7,16.0,64.2
2025-12-19 06:00:00,2025,12,19,6,Hà Nội,Xã Tây Phương,21.0403672,105.6115528,160,Unhealthy,3,15.1,96,0.0,1.4,67,1014.8,0,104.8,105.0,1022.0,57.7,10.0,66.3
2025-12-19 07:00:00,2025,12,19,7,Hà Nội,Xã Tây Phương,21.0403672,105.6115528,161,Unhealthy,3,15.6,98,0.0,0.6,288,1015.8,0,131.8,133.2,1124.0,56.1,11.0,65.0
2025-12-19 08:00:00,2025,12,19,8,Hà Nội,Xã Tây Phương,21.0403672,105.6115528,162,Unhealthy,3,17.4,93,0.0,1.3,188,1016.4,1,131.3,131.8,1053.0,54.5,29.0,77.2
2025-12-19 09:00:00,2025,12,19,9,Hà Nội,Xã Tây Phương,21.0403672,105.6115528,163,Unhealthy,3,19.4,85,0.0,1.8,143,1016.6,0,105.5,105.7,891.0,52.0,54.0,93.5
2025-12-19 10:00:00,2025,12,19,10,Hà Nội,Xã Tây Phương,21.0403672,105.6115528,164,Unhealthy,3,21.1,78,0.0,3.0,123,1016.6,0,85.2,85.9,740.0,47.4,81.0,101.3
2025-12-19 11:00:00,2025,12,19,11,Hà Nội,Xã Tây Phương,21.0403672,105.6115528,165,Unhealthy,3,22.6,70,0.0,6.0,134,1015.7,2,63.6,64.3,628.0,38.8,111.0,92.3
2025-12-19 12:00:00,2025,12,19,12,Hà Nội,Xã Tây Phương,21.0403672,105.6115528,165,Unhealthy,3,23.8,63,0.0,7.7,139,1014.1,2,55.4,56.2,529.0,28.2,142.0,74.8
2025-12-19 13:00:00,2025,12,19,13,Hà Nội,Xã Tây Phương,21.0403672,105.6115528,166,Unhealthy,3,24.5,57,0.0,7.7,150,1012.8,53,54.7,55.5,460.0,20.6,165.0,61.0
2025-12-19 14:00:00,2025,12,19,14,Hà Nội,Xã Tây Phương,21.0403672,105.6115528,166,Unhealthy,3,25.0,55,0.0,8.3,139,1011.7,42,55.1,55.9,426.0,17.2,177.0,55.3
2025-12-19 15:00:00,2025,12,19,15,Hà Nội,Xã Tây Phương,21.0403672,105.6115528,167,Unhealthy,3,24.8,56,0.0,10.3,137,1010.9,5,54.9,55.8,424.0,16.9,180.0,53.3
2025-12-19 16:00:00,2025,12,19,16,Hà Nội,Xã Tây Phương,21.0403672,105.6115528,167,Unhealthy,3,24.4,58,0.0,11.6,145,1010.6,1,54.5,55.3,463.0,21.4,171.0,53.7
2025-12-19 17:00:00,2025,12,19,17,Hà Nội,Xã Tây Phương,21.0403672,105.6115528,167,Unhealthy,3,22.9,65,0.0,7.1,153,1010.6,2,64.7,65.2,584.0,34.6,143.0,57.6
2025-12-19 18:00:00,2025,12,19,18,Hà Nội,Xã Tây Phương,21.0403672,105.6115528,168,Unhealthy,3,21.5,71,0.0,8.6,131,1010.9,2,83.1,83.8,745.0,52.6,104.0,64.0
2025-12-19 19:00:00,2025,12,19,19,Hà Nội,Xã Tây Phương,21.0403672,105.6115528,168,Unhealthy,3,20.4,79,0.0,7.4,137,1011.6,5,86.4,87.1,833.0,57.1,71.0,62.0
2025-12-19 20:00:00,2025,12,19,20,Hà Nội,Xã Tây Phương,21.0403672,105.6115528,167,Unhealthy,3,20.6,84,0.0,16.2,138,1012.6,2,82.0,82.7,772.0,56.5,59.0,59.8
2025-12-19 21:00:00,2025,12,19,21,Hà Nội,Xã Tây Phương,21.0403672,105.6115528,166,Unhealthy,3,19.9,93,0.0,14.5,150,1013.2,13,72.4,73.1,637.0,55.6,43.0,56.7
2025-12-19 22:00:00,2025,12,19,22,Hà Nội,Xã Tây Phương,21.0403672,105.6115528,166,Unhealthy,3,19.5,96,0.0,12.9,155,1013.3,40,64.3,65.0,540.0,54.3,30.0,53.3
2025-12-19 23:00:00,2025,12,19,23,Hà Nội,Xã Tây Phương,21.0403672,105.6115528,165,Unhealthy,3,19.2,97,0.0,12.1,155,1013.6,98,59.4,60.3,531.0,52.4,25.0,49.6
2025-12-20 00:00:00,2025,12,20,0,Hà Nội,Xã Tây Phương,21.0403672,105.6115528,164,Unhealthy,3,19.5,98,0.0,11.1,150,1013.4,98,56.6,57.5,559.0,50.0,25.0,45.7
2025-12-20 01:00:00,2025,12,20,1,Hà Nội,Xã Tây Phương,21.0403672,105.6115528,163,Unhealthy,3,19.4,99,0.0,10.2,138,1013.6,97,56.9,58.0,585.0,47.5,24.0,42.4
2025-12-20 02:00:00,2025,12,20,2,Hà Nội,Xã Tây Phương,21.0403672,105.6115528,162,Unhealthy,3,19.6,97,0.1,11.1,133,1013.2,98,58.2,59.1,591.0,44.7,22.0,39.7
2025-12-20 03:00:00,2025,12,20,3,Hà Nội,Xã Tây Phương,21.0403672,105.6115528,162,Unhealthy,3,19.7,97,0.1,8.5,125,1013.2,100,58.8,59.8,594.0,41.9,19.0,37.5
2025-12-20 04:00:00,2025,12,20,4,Hà Nội,Xã Tây Phương,21.0403672,105.6115528,161,Unhealthy,3,19.8,97,0.1,7.7,123,1013.2,100,57.2,58.1,608.0,39.8,17.0,36.6
2025-12-20 05:00:00,2025,12,20,5,Hà Nội,Xã Tây Phương,21.0403672,105.6115528,160,Unhealthy,3,19.8,96,0.1,7.4,137,1013.4,100,53.8,54.5,656.0,39.4,14.0,37.8
2025-12-20 06:00:00,2025,12,20,6,Hà Nội,Xã Tây Phương,21.0403672,105.6115528,159,Unhealthy,3,19.6,96,0.1,5.8,164,1013.8,100,50.5,51.2,715.0,39.7,12.0,40.2
2025-12-20 07:00:00,2025,12,20,7,Hà Nội,Xã Tây Phương,21.0403672,105.6115528,158,Unhealthy,3,19.2,94,0.1,4.3,208,1014.8,98,61.9,63.1,726.0,41.0,8.0,44.6
2025-12-20 08:00:00,2025,12,20,8,Hà Nội,Xã Tây Phương,21.0403672,105.6115528,156,Unhealthy,3,19.8,87,0.0,4.8,211,1015.7,95,54.7,56.0,644.0,36.5,22.0,44.5
2025-12-20 09:00:00,2025,12,20,9,Hà Nội,Xã Tây Phương,21.0403672,105.6115528,155,Unhealthy,3,20.7,83,0.0,4.5,233,1016.5,100,41.2,42.5,514.0,30.3,41.0,44.3
2025-12-20 10:00:00,2025,12,20,10,Hà Nội,Xã Tây Phương,21.0403672,105.6115528,153,Unhealthy,3,21.5,81,0.0,4.0,216,1016.7,100,39.6,41.0,410.0,25.4,57.0,43.9
2025-12-20 11:00:00,2025,12,20,11,Hà Nội,Xã Tây Phương,21.0403672,105.6115528,152,Unhealthy,3,22.5,78,0.0,3.8,197,1015.9,99,32.1,33.3,363.0,22.9,67.0,43.1
2025-12-20 12:00:00,2025,12,20,12,Hà Nội,Xã Tây Phương,21.0403672,105.6115528,152,Unhealthy,3,23.6,72,0.0,3.3,186,1014.8,61,32.2,33.4,342.0,21.8,74.0,42.0
2025-12-20 13:00:00,2025,12,20,13,Hà Nội,Xã Tây Phương,21.0403672,105.6115528,151,Unhealthy,3,24.1,67,0.2,5.0,161,1013.8,36,34.5,35.6,331.0,21.2,79.0,41.0
2025-12-20 14:00:00,2025,12,20,14,Hà Nội,Xã Tây Phương,21.0403672,105.6115528,151,Unhealthy,3,25.0,62,0.1,3.9,164,1012.9,24,34.0,35.0,290.0,19.2,86.0,39.1
2025-12-20 15:00:00,2025,12,20,15,Hà Nội,Xã Tây Phương,21.0403672,105.6115528,150,Unhealthy for Sensitive Groups,2,25.2,61,0.1,5.0,128,1012.7,22,34.6,35.6,259.0,17.9,92.0,37.3
2025-12-20 16:00:00,2025,12,20,16,Hà Nội,Xã Tây Phương,21.0403672,105.6115528,149,Unhealthy for Sensitive Groups,2,24.9,63,0.0,7.8,109,1013.0,7,35.0,36.0,343.0,22.7,89.0,38.9
2025-12-20 17:00:00,2025,12,20,17,Hà Nội,Xã Tây Phương,21.0403672,105.6115528,147,Unhealthy for Sensitive Groups,2,23.2,73,0.0,7.4,97,1013.6,11,50.9,51.8,667.0,39.2,68.0,46.3
2025-12-20 18:00:00,2025,12,20,18,Hà Nội,Xã Tây Phương,21.0403672,105.6115528,146,Unhealthy for Sensitive Groups,2,21.4,80,0.0,5.8,90,1014.6,16,74.5,75.2,1107.0,61.8,38.0,57.0
2025-12-20 19:00:00,2025,12,20,19,Hà Nội,Xã Tây Phương,21.0403672,105.6115528,145,Unhealthy for Sensitive Groups,2,21.0,89,0.0,8.5,108,1015.3,37,92.4,93.4,1393.0,80.3,19.0,65.6
2025-12-20 20:00:00,2025,12,20,20,Hà Nội,Xã Tây Phương,21.0403672,105.6115528,145,Unhealthy for Sensitive Groups,2,20.6,91,0.0,9.7,71,1016.2,34,103.6,104.5,1385.0,82.9,15.0,71.2
2025-12-20 21:00:00,2025,12,20,21,Hà Nội,Xã Tây Phương,21.0403672,105.6115528,148,Unhealthy for Sensitive Groups,2,19.9,93,0.1,4.8,79,1016.8,39,111.1,112.0,1224.0,86.4,10.0,78.6
2025-12-20 22:00:00,2025,12,20,22,Hà Nội,Xã Tây Phương,21.0403672,105.6115528,150,Unhealthy for Sensitive Groups,2,19.6,92,0.0,2.0,175,1016.9,30,115.3,116.2,1065.0,87.5,6.0,82.4
2025-12-20 23:00:00,2025,12,20,23,Hà Nội,Xã Tây Phương,21.0403672,105.6115528,151,Unhealthy,3,19.1,94,0.0,1.8,217,1017.1,45,120.1,121.1,956.0,85.3,5.0,79.7
2025-12-21 00:00:00,2025,12,21,0,Hà Nội,Xã Tây Phương,21.0403672,105.6115528,153,Unhealthy,3,19.0,95,0.1,0.3,315,1017.3,56,115.9,116.9,848.0,80.9,6.0,73.3
2025-12-21 01:00:00,2025,12,21,1,Hà Nội,Xã Tây Phương,21.0403672,105.6115528,154,Unhealthy,3,18.6,98,0.3,7.6,18,1017.1,100,99.7,100.6,749.0,73.9,9.0,66.8
2025-12-21 02:00:00,2025,12,21,2,Hà Nội,Xã Tây Phương,21.0403672,105.6115528,155,Unhealthy,3,19.0,98,0.4,5.9,320,1016.8,100,82.0,82.7,658.0,62.4,17.0,60.7
2025-12-21 03:00:00,2025,12,21,3,Hà Nội,Xã Tây Phương,21.0403672,105.6115528,156,Unhealthy,3,18.8,96,0.2,9.8,316,1016.8,100,65.9,66.6,577.0,48.5,27.0,54.4
2025-12-21 04:00:00,2025,12,21,4,Hà Nội,Xã Tây Phương,21.0403672,105.6115528,156,Unhealthy,3,18.6,96,0.1,8.6,345,1017.2,98,55.6,56.2,517.0,37.6,35.0,49.3
2025-12-21 05:00:00,2025,12,21,5,Hà Nội,Xã Tây Phương,21.0403672,105.6115528,156,Unhealthy,3,18.5,97,0.0,11.2,307,1017.5,77,50.9,51.5,492.0,32.9,37.0,46.3
2025-12-21 06:00:00,2025,12,21,6,Hà Nội,Xã Tây Phương,21.0403672,105.6115528,156,Unhealthy,3,18.0,96,0.1,7.9,305,1018.2,81,45.8,46.3,488.0,31.4,37.0,44.5
2025-12-21 07:00:00,2025,12,21,7,Hà Nội,Xã Tây Phương,21.0403672,105.6115528,156,Unhealthy,3,18.1,95,0.0,11.2,323,1018.4,93,52.6,53.2,477.0,35.4,30.0,49.7
2025-12-21 08:00:00,2025,12,21,8,Hà Nội,Xã Tây Phương,21.0403672,105.6115528,155,Unhealthy,3,19.4,91,0.0,14.3,321,1019.0,80,52.2,52.5,443.0,30.9,40.0,47.7
2025-12-21 09:00:00,2025,12,21,9,Hà Nội,Xã Tây Phương,21.0403672,105.6115528,155,Unhealthy,3,20.8,83,0.0,10.6,326,1019.6,84,45.1,45.5,401.0,24.6,54.0,44.7
2025-12-21 10:00:00,2025,12,21,10,Hà Nội,Xã Tây Phương,21.0403672,105.6115528,155,Unhealthy,3,22.2,75,0.0,12.2,336,1019.6,52,31.8,32.5,373.0,19.0,68.0,41.1
2025-12-21 11:00:00,2025,12,21,11,Hà Nội,Xã Tây Phương,21.0403672,105.6115528,155,Unhealthy,3,23.1,71,0.1,10.2,350,1018.7,77,25.5,26.2,368.0,14.6,80.0,36.3
2025-12-21 12:00:00,2025,12,21,12,Hà Nội,Xã Tây Phương,21.0403672,105.6115528,155,Unhealthy,3,23.5,72,0.2,9.5,341,1017.6,56,25.0,25.7,377.0,10.9,91.0,31.0
2025-12-21 13:00:00,2025,12,21,13,Hà Nội,Xã Tây Phương,21.0403672,105.6115528,155,Unhealthy,3,23.5,71,0.0,8.1,354,1016.7,27,26.0,26.6,389.0,8.8,99.0,27.5
2025-12-21 14:00:00,2025,12,21,14,Hà Nội,Xã Tây Phương,21.0403672,105.6115528,155,Unhealthy,3,24.5,67,0.1,6.3,360,1015.7,16,27.9,28.6,356.0,7.2,107.0,26.2
2025-12-21 15:00:00,2025,12,21,15,Hà Nội,Xã Tây Phương,21.0403672,105.6115528,155,Unhealthy,3,24.6,66,0.0,5.2,22,1015.1,20,29.6,30.3,326.0,7.2,112.0,26.7
2025-12-21 16:00:00,2025,12,21,16,Hà Nội,Xã Tây Phương,21.0403672,105.6115528,154,Unhealthy,3,24.4,66,0.0,3.2,43,1014.9,13,33.3,34.0,432.0,13.6,107.0,31.0
2025-12-21 17:00:00,2025,12,21,17,Hà Nội,Xã Tây Phương,21.0403672,105.6115528,154,Unhealthy,3,23.3,76,0.0,0.4,90,1014.9,5,45.4,46.2,808.0,32.2,85.0,41.5
2025-12-21 18:00:00,2025,12,21,18,Hà Nội,Xã Tây Phương,21.0403672,105.6115528,154,Unhealthy,3,21.9,78,0.0,0.4,243,1015.4,6,72.2,72.9,1319.0,57.1,53.0,55.7
2025-12-21 19:00:00,2025,12,21,19,Hà Nội,Xã Tây Phương,21.0403672,105.6115528,154,Unhealthy,3,20.9,86,0.0,3.5,168,1015.4,45,84.1,84.8,1695.0,71.3,33.0,63.9
2025-12-21 20:00:00,2025,12,21,20,Hà Nội,Xã Tây Phương,21.0403672,105.6115528,154,Unhealthy,3,20.5,91,0.1,3.7,79,1015.9,13,99.9,100.6,1809.0,74.2,27.0,69.9
2025-12-21 21:00:00,2025,12,21,21,Hà Nội,Xã Tây Phương,21.0403672,105.6115528,154,Unhealthy,3,20.2,90,0.0,1.4,113,1016.3,7,105.9,106.6,1788.0,78.0,19.0,77.9
2025-12-21 22:00:00,2025,12,21,22,Hà Nội,Xã Tây Phương,21.0403672,105.6115528,154,Unhealthy,3,19.6,91,0.0,1.1,189,1016.5,10,108.7,109.2,1746.0,78.9,13.0,81.6
2025-12-21 23:00:00,2025,12,21,23,Hà Nội,Xã Tây Phương,21.0403672,105.6115528,154,Unhealthy,3,19.1,92,0.0,1.8,180,1016.3,6,100.4,100.8,1707.0,74.7,11.0,77.1
2025-12-22 00:00:00,2025,12,22,0,Hà Nội,Xã Tây Phương,21.0403672,105.6115528,153,Unhealthy,3,18.6,93,0.0,1.3,196,1016.3,8,90.8,91.5,1648.0,67.5,12.0,68.3
2025-12-22 01:00:00,2025,12,22,1,Hà Nội,Xã Tây Phương,21.0403672,105.6115528,153,Unhealthy,3,18.9,93,0.0,1.2,117,1016.2,20,84.1,84.5,1610.0,60.4,13.0,60.4
2025-12-22 02:00:00,2025,12,22,2,Hà Nội,Xã Tây Phương,21.0403672,105.6115528,152,Unhealthy,3,18.7,95,0.0,4.7,94,1016.0,41,76.4,76.8,1615.0,53.4,16.0,54.4
2025-12-22 03:00:00,2025,12,22,3,Hà Nội,Xã Tây Phương,21.0403672,105.6115528,152,Unhealthy,3,18.4,95,0.2,5.2,182,1016.3,76,69.2,69.8,1642.0,46.4,20.0,49.3
2025-12-22 04:00:00,2025,12,22,4,Hà Nội,Xã Tây Phương,21.0403672,105.6115528,152,Unhealthy,3,18.2,94,0.4,3.6,139,1016.1,33,65.9,66.6,1670.0,41.9,22.0,47.4
2025-12-22 05:00:00,2025,12,22,5,Hà Nội,Xã Tây Phương,21.0403672,105.6115528,153,Unhealthy,3,17.6,95,0.0,4.3,135,1016.2,35,62.2,62.9,1731.0,42.3,19.0,50.7
2025-12-22 06:00:00,2025,12,22,6,Hà Nội,Xã Tây Phương,21.0403672,105.6115528,153,Unhealthy,3,17.8,95,0.0,1.9,139,1016.4,42,64.0,64.7,1792.0,45.2,13.0,57.3
2025-12-22 07:00:00,2025,12,22,7,Hà Nội,Xã Tây Phương,21.0403672,105.6115528,153,Unhealthy,3,18.6,97,0.0,0.9,360,1017.0,42,66.1,66.6,1735.0,41.8,16.0,52.0
2025-12-22 08:00:00,2025,12,22,8,Hà Nội,Xã Tây Phương,21.0403672,105.6115528,154,Unhealthy,3,19.9,93,0.0,1.3,106,1017.6,23,61.5,61.9,1454.0,39.6,26.0,59.0
2025-12-22 09:00:00,2025,12,22,9,Hà Nội,Xã Tây Phương,21.0403672,105.6115528,154,Unhealthy,3,21.5,83,0.0,5.5,136,1018.2,30,53.4,54.1,1056.0,36.4,40.0,68.2
2025-12-22 10:00:00,2025,12,22,10,Hà Nội,Xã Tây Phương,21.0403672,105.6115528,154,Unhealthy,3,22.6,76,0.1,12.7,135,1017.7,50,50.6,51.3,737.0,32.7,56.0,71.4
2025-12-22 11:00:00,2025,12,22,11,Hà Nội,Xã Tây Phương,21.0403672,105.6115528,154,Unhealthy,3,23.8,69,0.2,14.6,147,1016.5,32,41.0,41.8,582.0,27.9,77.0,62.7
2025-12-22 12:00:00,2025,12,22,12,Hà Nội,Xã Tây Phương,21.0403672,105.6115528,155,Unhealthy,3,25.0,64,0.0,15.7,158,1014.8,22,42.1,42.8,506.0,22.6,101.0,47.9
2025-12-22 13:00:00,2025,12,22,13,Hà Nội,Xã Tây Phương,21.0403672,105.6115528,155,Unhealthy,3,24.8,64,0.1,15.9,154,1013.5,49,39.8,40.5,459.0,18.6,118.0,36.4
2025-12-22 14:00:00,2025,12,22,14,Hà Nội,Xã Tây Phương,21.0403672,105.6115528,155,Unhealthy,3,25.2,64,0.4,15.8,157,1012.2,38,36.3,37.0,424.0,16.3,126.0,31.8
2025-12-22 15:00:00,2025,12,22,15,Hà Nội,Xã Tây Phương,21.0403672,105.6115528,156,Unhealthy,3,25.1,63,0.2,16.9,152,1011.3,25,35.4,36.1,417.0,15.4,127.0,30.6
2025-12-22 16:00:00,2025,12,22,16,Hà Nội,Xã Tây Phương,21.0403672,105.6115528,156,Unhealthy,3,24.4,67,0.0,16.3,142,1011.2,5,35.0,35.7,436.0,17.0,122.0,31.0
2025-12-22 17:00:00,2025,12,22,17,Hà Nội,Xã Tây Phương,21.0403672,105.6115528,156,Unhealthy,3,23.3,73,0.0,13.7,142,1011.1,1,36.7,37.3,496.0,23.3,106.0,33.6
2025-12-22 18:00:00,2025,12,22,18,Hà Nội,Xã Tây Phương,21.0403672,105.6115528,155,Unhealthy,3,22.1,78,0.0,14.5,139,1011.2,0,37.0,37.7,582.0,32.1,84.0,37.9
2025-12-22 19:00:00,2025,12,22,19,Hà Nội,Xã Tây Phương,21.0403672,105.6115528,155,Unhealthy,3,21.2,86,0.0,14.5,136,1011.6,5,36.4,37.6,645.0,40.0,60.0,44.2
2025-12-22 20:00:00,2025,12,22,20,Hà Nội,Xã Tây Phương,21.0403672,105.6115528,154,Unhealthy,3,20.8,90,0.0,17.2,134,1011.8,12,33.3,34.5,661.0,39.6,57.0,44.0
2025-12-22 21:00:00,2025,12,22,21,Hà Nội,Xã Tây Phương,21.0403672,105.6115528,152,Unhealthy,3,20.4,94,0.0,17.2,142,1012.1,24,33.2,34.3,653.0,39.1,52.0,43.6
2025-12-22 22:00:00,2025,12,22,22,Hà Nội,Xã Tây Phương,21.0403672,105.6115528,151,Unhealthy,3,20.0,97,0.0,16.1,147,1012.3,91,34.5,35.9,643.0,38.3,48.0,42.5
2025-12-22 23:00:00,2025,12,22,23,Hà Nội,Xã Tây Phương,21.0403672,105.6115528,145,Unhealthy for Sensitive Groups,2,20.0,98,0.0,15.4,150,1012.5,100,36.0,37.4,642.0,37.2,46.0,40.2
2025-12-23 00:00:00,2025,12,23,0,Hà Nội,Xã Tây Phương,21.0403672,105.6115528,138,Unhealthy for Sensitive Groups,2,20.0,98,0.0,14.5,152,1012.6,100,36.6,37.7,639.0,35.8,45.0,37.2
2025-12-23 01:00:00,2025,12,23,1,Hà Nội,Xã Tây Phương,21.0403672,105.6115528,133,Unhealthy for Sensitive Groups,2,20.3,99,0.0,13.9,143,1012.7,100,37.8,38.9,624.0,34.5,44.0,34.6
2025-12-23 02:00:00,2025,12,23,2,Hà Nội,Xã Tây Phương,21.0403672,105.6115528,128,Unhealthy for Sensitive Groups,2,20.6,96,0.1,15.3,148,1012.5,100,39.7,40.7,583.0,33.0,43.0,32.3
2025-12-23 03:00:00,2025,12,23,3,Hà Nội,Xã Tây Phương,21.0403672,105.6115528,124,Unhealthy for Sensitive Groups,2,20.5,97,0.1,14.1,141,1012.1,100,42.3,43.3,531.0,31.6,42.0,30.4
2025-12-23 04:00:00,2025,12,23,4,Hà Nội,Xã Tây Phương,21.0403672,105.6115528,121,Unhealthy for Sensitive Groups,2,20.5,96,0.1,14.3,136,1012.0,100,44.4,45.3,501.0,31.0,40.0,29.7
2025-12-23 05:00:00,2025,12,23,5,Hà Nội,Xã Tây Phương,21.0403672,105.6115528,119,Unhealthy for Sensitive Groups,2,20.6,95,0.0,12.9,134,1012.4,100,44.2,45.4,523.0,32.2,37.0,30.9
2025-12-23 06:00:00,2025,12,23,6,Hà Nội,Xã Tây Phương,21.0403672,105.6115528,117,Unhealthy for Sensitive Groups,2,20.6,94,0.0,12.6,131,1013.1,100,43.5,44.6,567.0,34.4,34.0,33.4
2025-12-23 07:00:00,2025,12,23,7,Hà Nội,Xã Tây Phương,21.0403672,105.6115528,115,Unhealthy for Sensitive Groups,2,20.7,95,0.0,12.0,131,1013.9,100,37.8,38.5,580.0,40.0,27.0,38.3
2025-12-23 08:00:00,2025,12,23,8,Hà Nội,Xã Tây Phương,21.0403672,105.6115528,112,Unhealthy for Sensitive Groups,2,21.0,92,0.0,13.9,142,1014.8,100,37.0,38.0,528.0,39.8,31.0,43.6
2025-12-23 09:00:00,2025,12,23,9,Hà Nội,Xã Tây Phương,21.0403672,105.6115528,110,Unhealthy for Sensitive Groups,2,21.9,87,0.0,15.5,152,1015.4,92,37.5,38.4,445.0,39.3,36.0,50.6
2025-12-23 10:00:00,2025,12,23,10,Hà Nội,Xã Tây Phương,21.0403672,105.6115528,108,Unhealthy for Sensitive Groups,2,24.1,76,0.1,16.2,165,1015.0,14,37.3,38.2,376.0,37.2,44.0,53.8
2025-12-23 11:00:00,2025,12,23,11,Hà Nội,Xã Tây Phương,21.0403672,105.6115528,107,Unhealthy for Sensitive Groups,2,25.5,68,0.0,16.9,166,1014.3,43,32.1,33.2,337.0,31.8,56.0,49.3
2025-12-23 12:00:00,2025,12,23,12,Hà Nội,Xã Tây Phương,21.0403672,105.6115528,106,Unhealthy for Sensitive Groups,2,26.5,64,0.0,16.6,165,1012.8,45,26.0,27.2,313.0,24.8,70.0,41.0
2025-12-23 13:00:00,2025,12,23,13,Hà Nội,Xã Tây Phương,21.0403672,105.6115528,104,Unhealthy for Sensitive Groups,2,26.5,65,0.0,17.3,167,1011.6,46,23.7,25.0,300.0,19.6,81.0,34.4
2025-12-23 14:00:00,2025,12,23,14,Hà Nội,Xã Tây Phương,21.0403672,105.6115528,102,Unhealthy for Sensitive Groups,2,26.7,65,0.0,14.3,161,1010.9,27,23.9,25.1,298.0,16.9,88.0,31.4
2025-12-23 15:00:00,2025,12,23,15,Hà Nội,Xã Tây Phương,21.0403672,105.6115528,101,Unhealthy for Sensitive Groups,2,26.0,64,0.2,16.7,155,1010.4,34,22.9,24.0,308.0,16.1,92.0,30.1
2025-12-23 16:00:00,2025,12,23,16,Hà Nội,Xã Tây Phương,21.0403672,105.6115528,100,Moderate,1,25.2,68,0.0,17.0,156,1010.7,27,22.6,23.6,327.0,18.2,89.0,30.5
2025-12-23 17:00:00,2025,12,23,17,Hà Nội,Xã Tây Phương,21.0403672,105.6115528,99,Moderate,1,24.3,73,0.0,16.0,155,1011.0,20,27.0,27.7,356.0,25.3,75.0,33.3
2025-12-23 18:00:00,2025,12,23,18,Hà Nội,Xã Tây Phương,21.0403672,105.6115528,98,Moderate,1,23.1,78,0.0,13.9,155,1011.4,11,29.9,30.4,395.0,35.4,55.0,37.8
2025-12-23 19:00:00,2025,12,23,19,Hà Nội,Xã Tây Phương,21.0403672,105.6115528,97,Moderate,1,22.0,87,0.0,16.2,153,1012.2,7,38.3,39.0,436.0,47.8,33.0,43.4
2025-12-23 20:00:00,2025,12,23,20,Hà Nội,Xã Tây Phương,21.0403672,105.6115528,97,Moderate,1,21.8,86,0.0,13.1,146,1012.6,9,36.6,37.3,482.0,49.6,29.0,44.7
2025-12-23 21:00:00,2025,12,23,21,Hà Nội,Xã Tây Phương,21.0403672,105.6115528,98,Moderate,1,21.3,88,0.0,11.6,145,1013.2,17,36.9,38.1,531.0,52.0,23.0,46.4
2025-12-23 22:00:00,2025,12,23,22,Hà Nội,Xã Tây Phương,21.0403672,105.6115528,98,Moderate,1,20.9,91,0.0,10.6,141,1013.2,30,39.0,40.4,567.0,53.4,19.0,46.9
2025-12-23 23:00:00,2025,12,23,23,Hà Nội,Xã Tây Phương,21.0403672,105.6115528,98,Moderate,1,20.5,94,0.0,10.7,132,1013.4,89,39.6,41.8,587.0,53.3,17.0,45.5
2025-12-24 00:00:00,2025,12,24,0,Hà Nội,Xã Tây Phương,21.0403672,105.6115528,99,Moderate,1,20.5,96,0.0,10.1,139,1013.2,100,38.0,40.4,594.0,52.2,16.0,42.9
2025-12-24 01:00:00,2025,12,24,1,Hà Nội,Xã Tây Phương,21.0403672,105.6115528,99,Moderate,1,20.5,98,0.0,11.4,145,1013.0,100,37.3,39.8,587.0,50.1,16.0,40.3
2025-12-24 02:00:00,2025,12,24,2,Hà Nội,Xã Tây Phương,21.0403672,105.6115528,99,Moderate,1,20.9,97,0.0,11.3,143,1012.4,100,37.0,39.7,555.0,46.2,18.0,37.5
2025-12-24 03:00:00,2025,12,24,3,Hà Nội,Xã Tây Phương,21.0403672,105.6115528,98,Moderate,1,20.8,96,0.0,11.2,135,1011.9,100,38.0,40.0,509.0,41.3,21.0,34.7
2025-12-24 04:00:00,2025,12,24,4,Hà Nội,Xã Tây Phương,21.0403672,105.6115528,98,Moderate,1,20.5,98,0.0,10.8,134,1011.7,100,36.9,38.3,480.0,37.5,23.0,33.1
2025-12-24 05:00:00,2025,12,24,5,Hà Nội,Xã Tây Phương,21.0403672,105.6115528,97,Moderate,1,20.5,98,0.0,11.6,137,1011.7,100,35.7,36.9,491.0,36.2,23.0,33.6
2025-12-24 06:00:00,2025,12,24,6,Hà Nội,Xã Tây Phương,21.0403672,105.6115528,97,Moderate,1,20.5,98,0.0,12.8,138,1011.9,100,35.2,36.6,520.0,36.2,23.0,35.3
2025-12-24 07:00:00,2025,12,24,7,Hà Nội,Xã Tây Phương,21.0403672,105.6115528,96,Moderate,1,20.8,97,0.0,10.2,138,1012.7,100,43.0,43.9,526.0,38.4,17.0,40.1
2025-12-24 08:00:00,2025,12,24,8,Hà Nội,Xã Tây Phương,21.0403672,105.6115528,96,Moderate,1,21.5,93,0.0,12.7,144,1013.5,100,40.4,41.4,487.0,34.7,26.0,41.1
2025-12-24 09:00:00,2025,12,24,9,Hà Nội,Xã Tây Phương,21.0403672,105.6115528,97,Moderate,1,22.0,91,0.1,14.2,153,1014.0,87,35.3,36.4,427.0,29.4,39.0,42.3
2025-12-24 10:00:00,2025,12,24,10,Hà Nội,Xã Tây Phương,21.0403672,105.6115528,97,Moderate,1,24.2,78,0.1,14.5,166,1013.8,48,28.5,29.8,372.0,24.8,51.0,41.7
2025-12-24 11:00:00,2025,12,24,11,Hà Nội,Xã Tây Phương,21.0403672,105.6115528,96,Moderate,1,25.7,69,0.1,14.7,169,1012.7,46,24.2,25.6,329.0,21.2,63.0,37.5
2025-12-24 12:00:00,2025,12,24,12,Hà Nội,Xã Tây Phương,21.0403672,105.6115528,95,Moderate,1,26.4,66,0.0,12.6,154,1011.5,37,23.4,24.9,292.0,18.2,74.0,31.5
2025-12-24 13:00:00,2025,12,24,13,Hà Nội,Xã Tây Phương,21.0403672,105.6115528,95,Moderate,1,26.4,65,0.0,13.2,151,1010.3,27,23.1,24.4,273.0,16.7,81.0,27.6
2025-12-24 14:00:00,2025,12,24,14,Hà Nội,Xã Tây Phương,21.0403672,105.6115528,95,Moderate,1,27.0,61,0.0,14.3,152,1009.5,16,23.9,25.2,267.0,17.2,80.0,27.9
2025-12-24 15:00:00,2025,12,24,15,Hà Nội,Xã Tây Phương,21.0403672,105.6115528,95,Moderate,1,27.0,61,0.0,14.2,141,1009.2,25,23.9,24.9,279.0,19.1,75.0,30.2
2025-12-24 16:00:00,2025,12,24,16,Hà Nội,Xã Tây Phương,21.0403672,105.6115528,95,Moderate,1,26.4,63,0.0,15.7,124,1009.5,20,20.7,21.2,331.0,21.4,67.0,32.7
2025-12-24 17:00:00,2025,12,24,17,Hà Nội,Xã Tây Phương,21.0403672,105.6115528,95,Moderate,1,24.4,74,0.4,14.6,89,1010.5,77,18.9,19.2,458.0,24.6,57.0,35.2
2025-12-24 18:00:00,2025,12,24,18,Hà Nội,Xã Tây Phương,21.0403672,105.6115528,94,Moderate,1,21.9,88,0.8,16.8,73,1011.7,51,19.3,19.4,625.0,28.1,45.0,37.7
2025-12-24 19:00:00,2025,12,24,19,Hà Nội,Xã Tây Phương,21.0403672,105.6115528,93,Moderate,1,22.0,89,0.1,16.6,89,1012.1,95,40.6,41.6,748.0,37.3,37.0,39.9
2025-12-24 20:00:00,2025,12,24,20,Hà Nội,Xã Tây Phương,21.0403672,105.6115528,93,Moderate,1,21.4,90,0.4,11.7,53,1013.3,100,35.4,36.0,783.0,33.1,34.0,39.4
2025-12-24 21:00:00,2025,12,24,21,Hà Nội,Xã Tây Phương,21.0403672,105.6115528,93,Moderate,1,20.2,92,0.6,17.2,52,1013.7,100,31.1,31.7,773.0,27.3,30.0,38.5
2025-12-24 22:00:00,2025,12,24,22,Hà Nội,Xã Tây Phương,21.0403672,105.6115528,93,Moderate,1,19.1,88,0.3,19.5,54,1014.2,100,25.0,25.3,763.0,22.1,27.0,36.5
2025-12-24 23:00:00,2025,12,24,23,Hà Nội,Xã Tây Phương,21.0403672,105.6115528,91,Moderate,1,18.5,82,0.0,21.6,52,1014.8,95,19.3,19.4,772.0,18.3,27.0,32.2
2025-12-25 00:00:00,2025,12,25,0,Hà Nội,Xã Tây Phương,21.0403672,105.6115528,90,Moderate,1,17.8,78,0.0,22.3,51,1015.4,100,15.0,15.1,780.0,15.2,30.0,26.8
2025-12-25 01:00:00,2025,12,25,1,Hà Nội,Xã Tây Phương,21.0403672,105.6115528,88,Moderate,1,18.1,77,0.4,20.9,44,1015.5,100,11.7,11.8,773.0,13.1,32.0,22.8
2025-12-25 02:00:00,2025,12,25,2,Hà Nội,Xã Tây Phương,21.0403672,105.6115528,85,Moderate,1,17.5,82,0.5,18.3,37,1016.0,100,10.9,10.9,738.0,12.2,34.0,21.2
2025-12-25 03:00:00,2025,12,25,3,Hà Nội,Xã Tây Phương,21.0403672,105.6115528,83,Moderate,1,16.6,91,0.9,18.3,36,1016.5,100,11.8,11.9,688.0,12.2,37.0,21.1
2025-12-25 04:00:00,2025,12,25,4,Hà Nội,Xã Tây Phương,21.0403672,105.6115528,81,Moderate,1,16.4,86,0.4,21.7,32,1017.3,100,13.0,13.1,641.0,12.8,39.0,21.5
2025-12-25 05:00:00,2025,12,25,5,Hà Nội,Xã Tây Phương,21.0403672,105.6115528,78,Moderate,1,15.7,80,0.1,18.4,36,1018.3,100,13.5,13.5,607.0,14.1,41.0,22.6
2025-12-25 06:00:00,2025,12,25,6,Hà Nội,Xã Tây Phương,21.0403672,105.6115528,77,Moderate,1,15.6,76,0.1,17.5,37,1019.6,100,13.4,13.4,577.0,15.9,42.0,24.2
2025-12-25 07:00:00,2025,12,25,7,Hà Nội,Xã Tây Phương,21.0403672,105.6115528,75,Moderate,1,16.0,74,0.1,16.1,36,1020.2,100,17.8,17.8,544.0,16.7,42.0,24.9
2025-12-25 08:00:00,2025,12,25,8,Hà Nội,Xã Tây Phương,21.0403672,105.6115528,72,Moderate,1,16.5,68,0.0,15.5,35,1021.6,100,17.1,17.1,497.0,16.4,44.0,25.6
2025-12-25 09:00:00,2025,12,25,9,Hà Nội,Xã Tây Phương,21.0403672,105.6115528,70,Moderate,1,16.7,59,0.0,19.4,33,1022.7,100,15.5,15.6,446.0,15.8,47.0,26.5
2025-12-25 10:00:00,2025,12,25,10,Hà Nội,Xã Tây Phương,21.0403672,105.6115528,69,Moderate,1,17.1,52,0.0,18.5,19,1022.9,100,13.4,13.5,416.0,14.5,52.0,26.1
2025-12-25 11:00:00,2025,12,25,11,Hà Nội,Xã Tây Phương,21.0403672,105.6115528,67,Moderate,1,17.7,51,0.0,15.8,12,1022.0,100,11.2,11.3,424.0,11.9,59.0,23.2
2025-12-25 12:00:00,2025,12,25,12,Hà Nội,Xã Tây Phương,21.0403672,105.6115528,66,Moderate,1,18.4,50,0.0,14.6,3,1021.1,100,10.2,10.3,452.0,8.6,68.0,18.9
2025-12-25 13:00:00,2025,12,25,13,Hà Nội,Xã Tây Phương,21.0403672,105.6115528,65,Moderate,1,19.7,47,0.0,14.6,5,1019.7,98,10.1,10.3,476.0,6.3,76.0,15.9
2025-12-25 14:00:00,2025,12,25,14,Hà Nội,Xã Tây Phương,21.0403672,105.6115528,64,Moderate,1,20.0,47,0.0,13.3,359,1019.1,100,11.4,11.5,468.0,4.7,84.0,14.4
2025-12-25 15:00:00,2025,12,25,15,Hà Nội,Xã Tây Phương,21.0403672,105.6115528,63,Moderate,1,19.9,47,0.0,13.3,2,1018.5,100,12.5,12.7,457.0,4.1,92.0,14.0
2025-12-25 16:00:00,2025,12,25,16,Hà Nội,Xã Tây Phương,21.0403672,105.6115528,62,Moderate,1,19.6,48,0.0,12.0,8,1018.7,98,13.5,13.7,497.0,7.5,92.0,16.2
2025-12-25 17:00:00,2025,12,25,17,Hà Nội,Xã Tây Phương,21.0403672,105.6115528,61,Moderate,1,19.1,50,0.0,8.1,25,1018.9,50,17.3,17.5,651.0,17.9,78.0,22.1
2025-12-25 18:00:00,2025,12,25,18,Hà Nội,Xã Tây Phương,21.0403672,105.6115528,61,Moderate,1,17.7,53,0.0,9.4,23,1019.3,52,29.9,30.2,857.0,32.3,57.0,30.6
2025-12-25 19:00:00,2025,12,25,19,Hà Nội,Xã Tây Phương,21.0403672,105.6115528,62,Moderate,1,17.2,62,0.0,7.2,25,1020.3,93,40.3,40.9,989.0,34.8,37.0,33.3
2025-12-25 20:00:00,2025,12,25,20,Hà Nội,Xã Tây Phương,21.0403672,105.6115528,62,Moderate,1,17.8,53,0.0,13.1,46,1021.0,96,49.5,50.1,984.0,38.6,33.0,40.4
2025-12-25 21:00:00,2025,12,25,21,Hà Nội,Xã Tây Phương,21.0403672,105.6115528,63,Moderate,1,17.4,53,0.0,12.3,61,1021.5,98,52.2,52.7,904.0,43.9,27.0,50.2
2025-12-25 22:00:00,2025,12,25,22,Hà Nội,Xã Tây Phương,21.0403672,105.6115528,65,Moderate,1,16.9,51,0.0,11.6,54,1021.7,97,57.6,58.3,813.0,47.9,23.0,58.0
2025-12-25 23:00:00,2025,12,25,23,Hà Nội,Xã Tây Phương,21.0403672,105.6115528,68,Moderate,1,16.5,50,0.0,10.1,51,1022.0,100,59.8,60.5,722.0,49.9,21.0,62.3
2025-12-26 00:00:00,2025,12,26,0,Hà Nội,Xã Tây Phương,21.0403672,105.6115528,71,Moderate,1,16.1,50,0.0,8.7,48,1022.1,100,58.4,59.1,620.0,50.7,20.0,64.4
2025-12-26 01:00:00,2025,12,26,1,Hà Nội,Xã Tây Phương,21.0403672,105.6115528,75,Moderate,1,16.1,52,0.0,8.0,72,1021.7,97,56.2,56.8,535.0,49.8,20.0,63.9
2025-12-26 02:00:00,2025,12,26,2,Hà Nội,Xã Tây Phương,21.0403672,105.6115528,79,Moderate,1,15.9,53,0.0,8.0,85,1021.6,96,52.3,52.9,473.0,46.2,22.0,59.0
2025-12-26 03:00:00,2025,12,26,3,Hà Nội,Xã Tây Phương,21.0403672,105.6115528,83,Moderate,1,15.1,56,0.0,6.7,85,1021.2,67,47.5,48.0,430.0,40.9,25.0,51.4
2025-12-26 04:00:00,2025,12,26,4,Hà Nội,Xã Tây Phương,21.0403672,105.6115528,86,Moderate,1,14.1,62,0.0,4.5,88,1021.1,34,40.2,40.5,417.0,36.7,28.0,45.6
2025-12-26 05:00:00,2025,12,26,5,Hà Nội,Xã Tây Phương,21.0403672,105.6115528,88,Moderate,1,13.1,68,0.0,4.3,88,1021.2,20,35.3,35.5,459.0,35.4,28.0,44.0
2025-12-26 06:00:00,2025,12,26,6,Hà Nội,Xã Tây Phương,21.0403672,105.6115528,90,Moderate,1,12.6,69,0.0,4.5,61,1021.3,2,33.6,33.9,533.0,35.2,27.0,44.2
2025-12-26 07:00:00,2025,12,26,7,Hà Nội,Xã Tây Phương,21.0403672,105.6115528,92,Moderate,1,13.1,60,0.0,7.3,38,1022.1,3,18.6,19.2,578.0,28.2,38.0,38.3
2025-12-26 08:00:00,2025,12,26,8,Hà Nội,Xã Tây Phương,21.0403672,105.6115528,92,Moderate,1,15.0,53,0.0,8.5,46,1022.8,0,13.6,14.3,564.0,23.4,48.0,36.6
2025-12-26 09:00:00,2025,12,26,9,Hà Nội,Xã Tây Phương,21.0403672,105.6115528,92,Moderate,1,16.2,44,0.0,12.9,51,1023.2,0,10.2,10.6,523.0,16.8,62.0,34.3
2025-12-26 10:00:00,2025,12,26,10,Hà Nội,Xã Tây Phương,21.0403672,105.6115528,91,Moderate,1,17.1,41,0.0,11.3,57,1022.8,0,10.8,10.9,485.0,11.7,75.0,32.7
2025-12-26 11:00:00,2025,12,26,11,Hà Nội,Xã Tây Phương,21.0403672,105.6115528,91,Moderate,1,17.9,40,0.0,8.8,64,1021.5,1,12.5,12.5,459.0,9.6,87.0,32.3
2025-12-26 12:00:00,2025,12,26,12,Hà Nội,Xã Tây Phương,21.0403672,105.6115528,91,Moderate,1,18.6,39,0.0,7.5,70,1019.9,0,14.5,14.5,438.0,9.1,97.0,32.7
2025-12-26 13:00:00,2025,12,26,13,Hà Nội,Xã Tây Phương,21.0403672,105.6115528,92,Moderate,1,19.1,39,0.0,6.9,70,1018.5,0,16.2,16.2,429.0,9.3,106.0,33.3
2025-12-26 14:00:00,2025,12,26,14,Hà Nội,Xã Tây Phương,21.0403672,105.6115528,92,Moderate,1,19.5,39,0.0,7.0,86,1017.1,0,18.3,18.4,424.0,8.1,114.0,33.1
2025-12-26 15:00:00,2025,12,26,15,Hà Nội,Xã Tây Phương,21.0403672,105.6115528,93,Moderate,1,19.5,40,0.0,7.4,104,1016.4,0,20.4,20.5,433.0,7.7,120.0,33.2
2025-12-26 16:00:00,2025,12,26,16,Hà Nội,Xã Tây Phương,21.0403672,105.6115528,94,Moderate,1,19.1,41,0.0,6.9,118,1015.9,0,22.4,22.5,490.0,13.4,116.0,36.6
2025-12-26 17:00:00,2025,12,26,17,Hà Nội,Xã Tây Phương,21.0403672,105.6115528,94,Moderate,1,17.5,56,0.0,4.4,122,1016.1,1,33.6,33.6,656.0,30.8,95.0,45.8
2025-12-26 18:00:00,2025,12,26,18,Hà Nội,Xã Tây Phương,21.0403672,105.6115528,96,Moderate,1,15.8,56,0.0,6.2,128,1016.6,0,56.3,56.3,871.0,54.4,63.0,58.3
2025-12-26 19:00:00,2025,12,26,19,Hà Nội,Xã Tây Phương,21.0403672,105.6115528,98,Moderate,1,15.2,58,0.0,5.3,114,1017.1,9,72.6,72.9,993.0,68.2,46.0,66.0
2025-12-26 20:00:00,2025,12,26,20,Hà Nội,Xã Tây Phương,21.0403672,105.6115528,101,Unhealthy for Sensitive Groups,2,15.3,60,0.0,6.6,116,1017.9,15,85.9,85.9,932.0,71.1,41.0,72.2
2025-12-26 21:00:00,2025,12,26,21,Hà Nội,Xã Tây Phương,21.0403672,105.6115528,105,Unhealthy for Sensitive Groups,2,15.1,62,0.0,14.8,144,1018.7,1,91.7,91.7,776.0,74.9,34.0,80.5
2025-12-26 22:00:00,2025,12,26,22,Hà Nội,Xã Tây Phương,21.0403672,105.6115528,109,Unhealthy for Sensitive Groups,2,14.1,66,0.0,10.9,153,1019.0,2,95.7,95.7,652.0,76.9,27.0,84.8
2025-12-26 23:00:00,2025,12,26,23,Hà Nội,Xã Tây Phương,21.0403672,105.6115528,113,Unhealthy for Sensitive Groups,2,13.6,70,0.0,8.1,156,1019.2,9,93.8,93.8,599.0,75.3,22.0,81.4
2025-12-27 00:00:00,2025,12,27,0,Hà Nội,Xã Tây Phương,21.0403672,105.6115528,117,Unhealthy for Sensitive Groups,2,13.1,73,0.0,6.8,163,1019.1,11,88.0,88.0,578.0,71.9,19.0,74.1
2025-12-27 01:00:00,2025,12,27,1,Hà Nội,Xã Tây Phương,21.0403672,105.6115528,120,Unhealthy for Sensitive Groups,2,12.9,77,0.0,5.4,159,1019.4,18,84.8,85.0,590.0,69.1,15.0,68.1
2025-12-27 02:00:00,2025,12,27,2,Hà Nội,Xã Tây Phương,21.0403672,105.6115528,123,Unhealthy for Sensitive Groups,2,12.8,80,0.0,3.1,97,1019.2,48,85.0,85.2,645.0,68.4,11.0,65.3
2025-12-27 03:00:00,2025,12,27,3,Hà Nội,Xã Tây Phương,21.0403672,105.6115528,126,Unhealthy for Sensitive Groups,2,12.8,83,0.0,3.4,47,1018.9,73,86.6,86.8,733.0,68.4,7.0,63.7
2025-12-27 04:00:00,2025,12,27,4,Hà Nội,Xã Tây Phương,21.0403672,105.6115528,130,Unhealthy for Sensitive Groups,2,13.2,81,0.0,3.6,41,1019.1,100,88.0,88.5,832.0,67.0,5.0,62.7
2025-12-27 05:00:00,2025,12,27,5,Hà Nội,Xã Tây Phương,21.0403672,105.6115528,135,Unhealthy for Sensitive Groups,2,13.5,77,0.0,4.0,32,1019.3,67,84.3,84.5,970.0,63.7,4.0,62.4
2025-12-27 06:00:00,2025,12,27,6,Hà Nội,Xã Tây Phương,21.0403672,105.6115528,140,Unhealthy for Sensitive Groups,2,13.2,75,0.0,3.4,32,1019.9,20,82.0,82.2,1118.0,59.1,5.0,62.6
2025-12-27 07:00:00,2025,12,27,7,Hà Nội,Xã Tây Phương,21.0403672,105.6115528,145,Unhealthy for Sensitive Groups,2,13.6,73,0.0,3.9,43,1020.7,77,82.7,82.9,1165.0,55.4,12.0,67.8
2025-12-27 08:00:00,2025,12,27,8,Hà Nội,Xã Tây Phương,21.0403672,105.6115528,150,Unhealthy for Sensitive Groups,2,14.6,66,0.0,5.1,54,1021.3,53,75.2,75.4,1026.0,46.2,29.0,64.9
2025-12-27 09:00:00,2025,12,27,9,Hà Nội,Xã Tây Phương,21.0403672,105.6115528,152,Unhealthy,3,15.9,59,0.0,7.9,47,1021.8,36,57.4,57.7,787.0,33.4,53.0,60.8
2025-12-27 10:00:00,2025,12,27,10,Hà Nội,Xã Tây Phương,21.0403672,105.6115528,153,Unhealthy,3,17.4,51,0.0,10.1,43,1021.7,41,48.0,48.3,594.0,23.0,75.0,56.8
2025-12-27 11:00:00,2025,12,27,11,Hà Nội,Xã Tây Phương,21.0403672,105.6115528,154,Unhealthy,3,18.5,47,0.0,9.2,40,1020.7,65,40.9,41.2,507.0,17.2,91.0,52.8
2025-12-27 12:00:00,2025,12,27,12,Hà Nội,Xã Tây Phương,21.0403672,105.6115528,154,Unhealthy,3,19.1,46,0.0,6.8,48,1019.4,59,37.7,38.2,466.0,13.8,105.0,49.0
2025-12-27 13:00:00,2025,12,27,13,Hà Nội,Xã Tây Phương,21.0403672,105.6115528,155,Unhealthy,3,19.0,48,0.0,6.4,63,1018.9,5,38.4,38.8,445.0,12.0,116.0,46.6
2025-12-27 14:00:00,2025,12,27,14,Hà Nội,Xã Tây Phương,21.0403672,105.6115528,155,Unhealthy,3,19.7,47,0.0,5.4,69,1017.9,20,40.5,40.9,399.0,9.9,126.0,45.6
2025-12-27 15:00:00,2025,12,27,15,Hà Nội,Xã Tây Phương,21.0403672,105.6115528,156,Unhealthy,3,19.7,48,0.0,4.7,86,1017.3,60,42.7,43.1,372.0,9.5,134.0,46.1
2025-12-27 16:00:00,2025,12,27,16,Hà Nội,Xã Tây Phương,21.0403672,105.6115528,156,Unhealthy,3,19.2,49,0.0,6.4,100,1017.0,22,46.1,46.6,472.0,15.7,130.0,49.9
2025-12-27 17:00:00,2025,12,27,17,Hà Nội,Xã Tây Phương,21.0403672,105.6115528,157,Unhealthy,3,18.0,56,0.0,6.0,99,1017.1,53,67.3,67.5,805.0,34.5,106.0,58.9
2025-12-27 18:00:00,2025,12,27,18,Hà Nội,Xã Tây Phương,21.0403672,105.6115528,157,Unhealthy,3,15.8,64,0.0,5.4,96,1017.4,63,94.1,94.3,1264.0,59.9,72.0,71.2
2025-12-27 19:00:00,2025,12,27,19,Hà Nội,Xã Tây Phương,21.0403672,105.6115528,158,Unhealthy,3,16.3,67,0.0,4.0,63,1018.2,98,108.0,108.5,1635.0,76.7,37.0,76.8
2025-12-27 20:00:00,2025,12,27,20,Hà Nội,Xã Tây Phương,21.0403672,105.6115528,159,Unhealthy,3,16.7,67,0.0,2.9,30,1018.5,35,121.5,122.0,1864.0,77.8,31.0,81.3
2025-12-27 21:00:00,2025,12,27,21,Hà Nội,Xã Tây Phương,21.0403672,105.6115528,160,Unhealthy,3,15.6,69,0.0,1.3,16,1018.5,23,126.2,126.2,2005.0,79.2,24.0,87.4
2025-12-27 22:00:00,2025,12,27,22,Hà Nội,Xã Tây Phương,21.0403672,105.6115528,161,Unhealthy,3,15.2,71,0.0,0.7,346,1018.7,13,130.9,130.9,2011.0,79.5,17.0,90.4
2025-12-27 23:00:00,2025,12,27,23,Hà Nội,Xã Tây Phương,21.0403672,105.6115528,161,Unhealthy,3,14.7,72,0.0,1.3,188,1018.7,15,134.6,135.0,1771.0,78.1,13.0,87.9
2025-12-28 00:00:00,2025,12,28,0,Hà Nội,Xã Tây Phương,21.0403672,105.6115528,162,Unhealthy,3,14.1,74,0.0,2.1,211,1018.6,18,133.6,133.6,1397.0,75.5,11.0,82.5
2025-12-28 01:00:00,2025,12,28,1,Hà Nội,Xã Tây Phương,21.0403672,105.6115528,163,Unhealthy,3,13.5,79,0.0,2.3,293,1018.6,20,131.3,131.3,1172.0,72.5,9.0,77.0
2025-12-28 02:00:00,2025,12,28,2,Hà Nội,Xã Tây Phương,21.0403672,105.6115528,164,Unhealthy,3,14.0,80,0.0,1.1,342,1018.6,46,129.0,129.5,1259.0,68.7,8.0,71.3
2025-12-28 03:00:00,2025,12,28,3,Hà Nội,Xã Tây Phương,21.0403672,105.6115528,165,Unhealthy,3,13.6,84,0.0,2.5,21,1018.4,55,127.1,127.6,1496.0,64.4,8.0,65.7
2025-12-28 04:00:00,2025,12,28,4,Hà Nội,Xã Tây Phương,21.0403672,105.6115528,166,Unhealthy,3,13.6,85,0.0,1.6,360,1018.3,73,124.3,124.8,1685.0,60.9,8.0,63.7
2025-12-28 05:00:00,2025,12,28,5,Hà Nội,Xã Tây Phương,21.0403672,105.6115528,167,Unhealthy,3,13.8,86,0.0,1.2,297,1018.6,99,114.6,115.0,1783.0,59.5,7.0,67.9
2025-12-28 06:00:00,2025,12,28,6,Hà Nội,Xã Tây Phương,21.0403672,105.6115528,168,Unhealthy,3,14.3,85,0.0,1.8,259,1019.1,100,109.7,109.9,1833.0,58.9,8.0,75.7
2025-12-28 07:00:00,2025,12,28,7,Hà Nội,Xã Tây Phương,21.0403672,105.6115528,168,Unhealthy,3,14.9,81,0.0,1.3,262,1019.5,100,113.2,113.4,1767.0,53.9,14.0,78.8
2025-12-28 08:00:00,2025,12,28,8,Hà Nội,Xã Tây Phương,21.0403672,105.6115528,169,Unhealthy,3,16.1,70,0.0,1.5,324,1020.4,100,103.8,104.1,1497.0,47.1,30.0,83.7
2025-12-28 09:00:00,2025,12,28,9,Hà Nội,Xã Tây Phương,21.0403672,105.6115528,169,Unhealthy,3,17.2,66,0.0,1.8,6,1021.1,100,80.3,80.6,1110.0,37.6,53.0,90.3
2025-12-28 10:00:00,2025,12,28,10,Hà Nội,Xã Tây Phương,21.0403672,105.6115528,170,Unhealthy,3,18.0,64,0.0,2.4,13,1020.9,100,61.9,62.4,798.0,29.4,75.0,93.8
2025-12-28 11:00:00,2025,12,28,11,Hà Nội,Xã Tây Phương,21.0403672,105.6115528,170,Unhealthy,3,18.9,61,0.0,1.8,11,1019.8,100,55.5,55.9,640.0,23.7,94.0,91.1
2025-12-28 12:00:00,2025,12,28,12,Hà Nội,Xã Tây Phương,21.0403672,105.6115528,171,Unhealthy,3,20.1,58,0.0,0.9,101,1018.2,24,55.5,55.9,558.0,19.2,112.0,85.3
2025-12-28 13:00:00,2025,12,28,13,Hà Nội,Xã Tây Phương,21.0403672,105.6115528,171,Unhealthy,3,20.5,56,0.0,2.7,172,1017.2,99,57.0,57.5,507.0,16.6,125.0,80.5
2025-12-28 14:00:00,2025,12,28,14,Hà Nội,Xã Tây Phương,21.0403672,105.6115528,171,Unhealthy,3,20.7,56,0.0,3.7,169,1016.1,100,58.9,59.3,469.0,14.7,136.0,77.8
2025-12-28 15:00:00,2025,12,28,15,Hà Nội,Xã Tây Phương,21.0403672,105.6115528,172,Unhealthy,3,20.7,56,0.0,3.9,152,1015.5,100,61.9,62.4,461.0,14.7,142.0,76.1
2025-12-28 16:00:00,2025,12,28,16,Hà Nội,Xã Tây Phương,21.0403672,105.6115528,172,Unhealthy,3,20.6,56,0.0,4.9,147,1015.6,95,64.3,64.7,499.0,20.0,137.0,76.4
2025-12-28 17:00:00,2025,12,28,17,Hà Nội,Xã Tây Phương,21.0403672,105.6115528,173,Unhealthy,3,19.9,60,0.0,6.9,127,1015.4,2,85.7,86.1,613.0,35.3,112.0,79.5
2025-12-28 18:00:00,2025,12,28,18,Hà Nội,Xã Tây Phương,21.0403672,105.6115528,173,Unhealthy,3,17.7,66,0.0,7.9,133,1015.7,1,111.5,112.0,771.0,56.0,76.0,84.6
2025-12-28 19:00:00,2025,12,28,19,Hà Nội,Xã Tây Phương,21.0403672,105.6115528,173,Unhealthy,3,18.0,69,0.0,5.5,131,1016.2,4,104.8,105.0,892.0,64.6,47.0,79.9
2025-12-28 20:00:00,2025,12,28,20,Hà Nội,Xã Tây Phương,21.0403672,105.6115528,173,Unhealthy,3,17.0,76,0.0,5.3,142,1016.8,1,110.6,110.8,943.0,66.0,42.0,83.4
2025-12-28 21:00:00,2025,12,28,21,Hà Nội,Xã Tây Phương,21.0403672,105.6115528,173,Unhealthy,3,16.6,78,0.0,3.4,148,1016.8,16,115.9,116.2,956.0,68.1,36.0,88.2
2025-12-28 22:00:00,2025,12,28,22,Hà Nội,Xã Tây Phương,21.0403672,105.6115528,173,Unhealthy,3,16.0,81,0.0,4.8,167,1016.6,22,129.0,129.0,947.0,70.3,29.0,92.1
2025-12-28 23:00:00,2025,12,28,23,Hà Nội,Xã Tây Phương,21.0403672,105.6115528,173,Unhealthy,3,15.7,83,0.0,6.7,171,1016.5,30,140.2,140.6,909.0,72.8,23.0,93.7
2025-12-29 00:00:00,2025,12,29,0,Hà Nội,Xã Tây Phương,21.0403672,105.6115528,173,Unhealthy,3,15.6,82,0.0,8.9,161,1016.1,94,145.3,145.3,849.0,75.4,17.0,94.4
2025-12-29 01:00:00,2025,12,29,1,Hà Nội,Xã Tây Phương,21.0403672,105.6115528,173,Unhealthy,3,16.4,79,0.0,7.9,156,1015.9,100,149.0,149.5,801.0,77.4,12.0,95.6
2025-12-29 02:00:00,2025,12,29,2,Hà Nội,Xã Tây Phương,21.0403672,105.6115528,174,Unhealthy,3,16.8,79,0.0,7.2,143,1015.3,100,152.7,153.2,770.0,78.5,9.0,98.3
2025-12-29 03:00:00,2025,12,29,3,Hà Nội,Xã Tây Phương,21.0403672,105.6115528,174,Unhealthy,3,16.8,81,0.0,6.4,128,1014.7,100,154.6,154.6,752.0,78.8,8.0,101.6
2025-12-29 04:00:00,2025,12,29,4,Hà Nội,Xã Tây Phương,21.0403672,105.6115528,175,Unhealthy,3,16.8,82,0.0,6.5,134,1014.7,100,153.7,153.7,770.0,78.3,7.0,104.0
2025-12-29 05:00:00,2025,12,29,5,Hà Nội,Xã Tây Phương,21.0403672,105.6115528,175,Unhealthy,3,16.8,83,0.0,6.0,143,1014.8,100,150.9,151.3,874.0,76.7,6.0,104.9
2025-12-29 06:00:00,2025,12,29,6,Hà Nội,Xã Tây Phương,21.0403672,105.6115528,176,Unhealthy,3,16.6,85,0.0,6.0,143,1015.2,43,149.5,149.9,1013.0,74.1,5.0,105.1
2025-12-29 07:00:00,2025,12,29,7,Hà Nội,Xã Tây Phương,21.0403672,105.6115528,177,Unhealthy,3,15.9,90,0.0,5.7,143,1015.9,20,164.4,164.8,1063.0,74.0,8.0,108.0
2025-12-29 08:00:00,2025,12,29,8,Hà Nội,Xã Tây Phương,21.0403672,105.6115528,178,Unhealthy,3,17.6,84,0.0,7.0,151,1016.5,20,154.1,154.1,937.0,69.1,22.0,105.8
2025-12-29 09:00:00,2025,12,29,9,Hà Nội,Xã Tây Phương,21.0403672,105.6115528,179,Unhealthy,3,19.5,76,0.0,8.4,149,1016.9,41,129.0,129.5,721.0,62.1,42.0,102.3
2025-12-29 10:00:00,2025,12,29,10,Hà Nội,Xã Tây Phương,21.0403672,105.6115528,180,Unhealthy,3,21.2,68,0.0,12.1,159,1016.7,100,97.8,98.5,550.0,54.5,61.0,95.2
2025-12-29 11:00:00,2025,12,29,11,Hà Nội,Xã Tây Phương,21.0403672,105.6115528,181,Unhealthy,3,21.4,68,0.0,11.2,159,1015.8,100,69.6,70.5,481.0,45.9,76.0,81.3
2025-12-29 12:00:00,2025,12,29,12,Hà Nội,Xã Tây Phương,21.0403672,105.6115528,181,Unhealthy,3,22.1,65,0.0,9.3,155,1014.2,100,67.3,68.2,456.0,36.9,90.0,63.9
2025-12-29 13:00:00,2025,12,29,13,Hà Nội,Xã Tây Phương,21.0403672,105.6115528,182,Unhealthy,3,22.5,63,0.0,7.9,156,1013.3,100,62.6,63.3,444.0,30.4,100.0,51.2
2025-12-29 14:00:00,2025,12,29,14,Hà Nội,Xã Tây Phương,21.0403672,105.6115528,182,Unhealthy,3,22.7,61,0.0,6.4,135,1012.6,100,61.9,62.9,430.0,27.0,107.0,46.8
2025-12-29 15:00:00,2025,12,29,15,Hà Nội,Xã Tây Phương,21.0403672,105.6115528,182,Unhealthy,3,23.1,61,0.0,7.0,113,1012.2,38,61.0,61.7,429.0,26.3,109.0,47.0
2025-12-29 16:00:00,2025,12,29,16,Hà Nội,Xã Tây Phương,21.0403672,105.6115528,182,Unhealthy,3,23.5,58,0.0,7.7,118,1012.0,96,60.5,61.2,444.0,29.8,104.0,48.8
2025-12-29 17:00:00,2025,12,29,17,Hà Nội,Xã Tây Phương,21.0403672,105.6115528,182,Unhealthy,3,22.6,63,0.0,6.7,114,1012.3,97,69.2,69.6,491.0,41.3,84.0,52.4
2025-12-29 18:00:00,2025,12,29,18,Hà Nội,Xã Tây Phương,21.0403672,105.6115528,181,Unhealthy,3,21.5,68,0.0,14.4,113,1012.8,100,87.8,88.2,556.0,57.0,57.0,57.6
2025-12-29 19:00:00,2025,12,29,19,Hà Nội,Xã Tây Phương,21.0403672,105.6115528,181,Unhealthy,3,20.0,77,0.0,13.7,118,1013.7,100,103.8,104.8,597.0,65.8,39.0,59.7
2025-12-29 20:00:00,2025,12,29,20,Hà Nội,Xã Tây Phương,21.0403672,105.6115528,181,Unhealthy,3,19.9,77,0.0,12.3,122,1014.5,100,106.6,107.3,590.0,64.3,35.0,58.4
2025-12-29 21:00:00,2025,12,29,21,Hà Nội,Xã Tây Phương,21.0403672,105.6115528,181,Unhealthy,3,19.6,78,0.0,11.3,129,1014.9,100,101.0,101.7,560.0,62.2,30.0,56.5
2025-12-29 22:00:00,2025,12,29,22,Hà Nội,Xã Tây Phương,21.0403672,105.6115528,180,Unhealthy,3,19.5,79,0.0,11.1,127,1015.2,100,93.4,94.1,540.0,59.9,26.0,53.9
2025-12-29 23:00:00,2025,12,29,23,Hà Nội,Xã Tây Phương,21.0403672,105.6115528,180,Unhealthy,3,19.2,81,0.0,9.1,126,1015.2,100,92.9,93.8,545.0,57.3,24.0,50.1
2025-12-30 00:00:00,2025,12,30,0,Hà Nội,Xã Tây Phương,21.0403672,105.6115528,179,Unhealthy,3,19.0,84,0.0,7.9,129,1015.0,100,86.4,87.3,560.0,54.5,23.0,45.5
2025-12-30 01:00:00,2025,12,30,1,Hà Nội,Xã Tây Phương,21.0403672,105.6115528,177,Unhealthy,3,19.0,84,0.0,6.7,128,1014.9,100,80.8,81.5,578.0,52.0,23.0,42.0
2025-12-30 02:00:00,2025,12,30,2,Hà Nội,Xã Tây Phương,21.0403672,105.6115528,176,Unhealthy,3,19.0,86,0.0,5.9,108,1014.4,100,75.4,76.1,586.0,49.9,23.0,40.0
2025-12-30 03:00:00,2025,12,30,3,Hà Nội,Xã Tây Phương,21.0403672,105.6115528,174,Unhealthy,3,18.8,88,0.0,6.5,92,1013.9,100,72.2,72.9,595.0,48.1,23.0,39.0
2025-12-30 04:00:00,2025,12,30,4,Hà Nội,Xã Tây Phương,21.0403672,105.6115528,172,Unhealthy,3,18.6,90,0.0,4.9,80,1013.8,100,69.8,70.5,637.0,47.3,22.0,39.1
2025-12-30 05:00:00,2025,12,30,5,Hà Nội,Xã Tây Phương,21.0403672,105.6115528,171,Unhealthy,3,18.2,92,0.0,4.7,72,1013.8,100,67.8,68.5,760.0,48.3,20.0,40.7
2025-12-30 06:00:00,2025,12,30,6,Hà Nội,Xã Tây Phương,21.0403672,105.6115528,169,Unhealthy,3,18.2,91,0.0,6.4,80,1014.3,100,68.0,68.7,914.0,50.2,17.0,43.4
2025-12-30 07:00:00,2025,12,30,7,Hà Nội,Xã Tây Phương,21.0403672,105.6115528,167,Unhealthy,3,17.9,92,0.3,5.6,92,1015.4,100,85.2,85.9,981.0,56.4,8.0,52.5
2025-12-30 08:00:00,2025,12,30,8,Hà Nội,Xã Tây Phương,21.0403672,105.6115528,165,Unhealthy,3,18.7,87,0.0,6.8,115,1016.1,100,78.0,78.9,880.0,55.5,14.0,56.3
2025-12-30 09:00:00,2025,12,30,9,Hà Nội,Xã Tây Phương,21.0403672,105.6115528,164,Unhealthy,3,19.1,87,0.2,8.7,122,1016.6,100,73.3,74.3,691.0,53.8,22.0,61.2
2025-12-30 10:00:00,2025,12,30,10,Hà Nội,Xã Tây Phương,21.0403672,105.6115528,162,Unhealthy,3,20.5,81,0.1,14.1,130,1016.6,63,63.3,64.0,536.0,50.4,34.0,62.3
2025-12-30 11:00:00,2025,12,30,11,Hà Nội,Xã Tây Phương,21.0403672,105.6115528,162,Unhealthy,3,22.4,72,0.3,14.3,138,1015.6,39,54.5,55.2,460.0,43.4,51.0,55.8
2025-12-30 12:00:00,2025,12,30,12,Hà Nội,Xã Tây Phương,21.0403672,105.6115528,161,Unhealthy,3,23.3,67,0.3,13.8,147,1014.1,42,45.4,46.0,418.0,34.6,72.0,45.5
2025-12-30 13:00:00,2025,12,30,13,Hà Nội,Xã Tây Phương,21.0403672,105.6115528,161,Unhealthy,3,23.9,63,0.1,14.2,156,1012.7,50,38.4,38.9,393.0,28.0,88.0,37.7
2025-12-30 14:00:00,2025,12,30,14,Hà Nội,Xã Tây Phương,21.0403672,105.6115528,160,Unhealthy,3,24.2,61,0.0,14.5,150,1011.7,63,41.7,42.3,383.0,24.7,98.0,35.0
2025-12-30 15:00:00,2025,12,30,15,Hà Nội,Xã Tây Phương,21.0403672,105.6115528,160,Unhealthy,3,24.0,61,0.0,15.7,150,1011.1,42,38.1,38.6,390.0,23.5,103.0,34.8
2025-12-30 16:00:00,2025,12,30,16,Hà Nội,Xã Tây Phương,21.0403672,105.6115528,159,Unhealthy,3,23.8,61,0.0,16.3,153,1010.9,59,40.2,40.7,404.0,25.4,102.0,36.0
2025-12-30 17:00:00,2025,12,30,17,Hà Nội,Xã Tây Phương,21.0403672,105.6115528,159,Unhealthy,3,23.0,65,0.0,13.9,142,1011.0,23,45.2,45.6,429.0,32.9,88.0,39.2
2025-12-30 18:00:00,2025,12,30,18,Hà Nội,Xã Tây Phương,21.0403672,105.6115528,158,Unhealthy,3,21.5,70,0.0,12.0,131,1011.1,55,57.4,57.9,461.0,43.4,68.0,43.9
2025-12-30 19:00:00,2025,12,30,19,Hà Nội,Xã Tây Phương,21.0403672,105.6115528,158,Unhealthy,3,20.7,78,0.0,14.9,136,1011.8,82,51.0,51.3,483.0,51.6,52.0,50.4
2025-12-30 20:00:00,2025,12,30,20,Hà Nội,Xã Tây Phương,21.0403672,105.6115528,156,Unhealthy,3,20.2,81,0.0,15.0,146,1012.3,45,50.6,51.2,484.0,49.8,50.0,50.1
2025-12-30 21:00:00,2025,12,30,21,Hà Nội,Xã Tây Phương,21.0403672,105.6115528,155,Unhealthy,3,19.6,85,0.0,14.4,149,1012.6,90,47.8,48.5,474.0,47.2,47.0,49.5
2025-12-30 22:00:00,2025,12,30,22,Hà Nội,Xã Tây Phương,21.0403672,105.6115528,154,Unhealthy,3,19.1,89,0.0,13.2,150,1012.7,100,47.3,48.0,466.0,44.9,44.0,48.3
2025-12-30 23:00:00,2025,12,30,23,Hà Nội,Xã Tây Phương,21.0403672,105.6115528,153,Unhealthy,3,18.7,92,0.0,12.7,150,1012.8,98,47.3,48.1,462.0,43.2,43.0,46.0
2025-12-31 00:00:00,2025,12,31,0,Hà Nội,Xã Tây Phương,21.0403672,105.6115528,152,Unhealthy,3,18.7,93,0.0,13.2,146,1012.2,92,47.0,47.8,460.0,41.7,41.0,43.2
2025-12-31 01:00:00,2025,12,31,1,Hà Nội,Xã Tây Phương,21.0403672,105.6115528,151,Unhealthy,3,18.5,97,0.0,11.5,146,1011.9,98,48.0,49.0,461.0,40.7,40.0,40.9
2025-12-31 02:00:00,2025,12,31,2,Hà Nội,Xã Tây Phương,21.0403672,105.6115528,150,Unhealthy for Sensitive Groups,2,18.5,97,0.0,10.8,144,1011.2,92,49.2,50.3,462.0,40.1,38.0,39.5
2025-12-31 03:00:00,2025,12,31,3,Hà Nội,Xã Tây Phương,21.0403672,105.6115528,149,Unhealthy for Sensitive Groups,2,18.3,98,0.0,9.5,141,1010.8,91,50.3,51.3,467.0,39.9,35.0,38.7
2025-12-31 04:00:00,2025,12,31,4,Hà Nội,Xã Tây Phương,21.0403672,105.6115528,147,Unhealthy for Sensitive Groups,2,18.0,98,0.0,8.4,137,1010.8,39,51.3,52.4,491.0,40.3,32.0,38.6
2025-12-31 05:00:00,2025,12,31,5,Hà Nội,Xã Tây Phương,21.0403672,105.6115528,145,Unhealthy for Sensitive Groups,2,17.8,98,0.0,8.4,135,1010.7,48,53.3,54.4,561.0,42.1,27.0,39.3
2025-12-31 06:00:00,2025,12,31,6,Hà Nội,Xã Tây Phương,21.0403672,105.6115528,144,Unhealthy for Sensitive Groups,2,17.7,98,0.0,8.8,133,1010.9,77,55.3,56.2,649.0,44.6,22.0,40.7
2025-12-31 07:00:00,2025,12,31,7,Hà Nội,Xã Tây Phương,21.0403672,105.6115528,142,Unhealthy for Sensitive Groups,2,17.8,98,0.0,8.9,118,1011.8,76,64.5,65.4,687.0,47.2,18.0,42.9
2025-12-31 08:00:00,2025,12,31,8,Hà Nội,Xã Tây Phương,21.0403672,105.6115528,140,Unhealthy for Sensitive Groups,2,19.1,92,0.0,12.0,133,1012.8,89,63.1,64.0,632.0,46.0,26.0,45.3
2025-12-31 09:00:00,2025,12,31,9,Hà Nội,Xã Tây Phương,21.0403672,105.6115528,139,Unhealthy for Sensitive Groups,2,21.0,84,0.0,14.5,143,1013.0,99,57.7,58.8,526.0,44.2,38.0,48.3
2025-12-31 10:00:00,2025,12,31,10,Hà Nội,Xã Tây Phương,21.0403672,105.6115528,137,Unhealthy for Sensitive Groups,2,22.8,73,0.1,15.8,153,1012.8,97,50.6,51.8,434.0,40.8,51.0,49.2
2025-12-31 11:00:00,2025,12,31,11,Hà Nội,Xã Tây Phương,21.0403672,105.6115528,136,Unhealthy for Sensitive Groups,2,23.5,69,0.0,16.6,159,1011.6,53,45.6,46.8,375.0,34.5,67.0,45.8
2025-12-31 12:00:00,2025,12,31,12,Hà Nội,Xã Tây Phương,21.0403672,105.6115528,135,Unhealthy for Sensitive Groups,2,25.1,61,0.0,15.8,163,1010.1,74,41.3,42.4,328.0,26.8,85.0,40.2
2025-12-31 13:00:00,2025,12,31,13,Hà Nội,Xã Tây Phương,21.0403672,105.6115528,134,Unhealthy for Sensitive Groups,2,25.0,60,0.0,13.7,158,1009.2,52,38.2,39.2,299.0,21.1,98.0,35.8
2025-12-31 14:00:00,2025,12,31,14,Hà Nội,Xã Tây Phương,21.0403672,105.6115528,134,Unhealthy for Sensitive Groups,2,26.0,56,0.0,14.0,154,1008.0,49,34.9,35.7,290.0,18.6,106.0,33.9
2025-12-31 15:00:00,2025,12,31,15,Hà Nội,Xã Tây Phương,21.0403672,105.6115528,134,Unhealthy for Sensitive Groups,2,26.0,55,0.0,16.4,148,1007.7,44,35.6,36.4,297.0,18.3,109.0,33.3
2025-12-31 16:00:00,2025,12,31,16,Hà Nội,Xã Tây Phương,21.0403672,105.6115528,133,Unhealthy for Sensitive Groups,2,25.3,57,0.0,17.7,142,1007.6,90,35.2,36.0,315.0,20.0,107.0,33.3
2025-12-31 17:00:00,2025,12,31,17,Hà Nội,Xã Tây Phương,21.0403672,105.6115528,133,Unhealthy for Sensitive Groups,2,23.8,66,0.0,17.6,124,1007.7,35,36.3,37.0,349.0,25.3,96.0,34.2
2025-12-31 18:00:00,2025,12,31,18,Hà Nội,Xã Tây Phương,21.0403672,105.6115528,132,Unhealthy for Sensitive Groups,2,22.0,76,0.0,15.8,122,1008.5,72,36.7,37.3,393.0,32.6,79.0,35.8
2025-12-31 19:00:00,2025,12,31,19,Hà Nội,Xã Tây Phương,21.0403672,105.6115528,130,Unhealthy for Sensitive Groups,2,21.0,81,0.0,16.3,118,1009.2,78,34.6,35.3,429.0,36.9,65.0,36.1
2025-12-31 20:00:00,2025,12,31,20,Hà Nội,Xã Tây Phương,21.0403672,105.6115528,128,Unhealthy for Sensitive Groups,2,20.9,82,0.0,16.0,129,1010.4,82,33.4,34.1,447.0,36.9,61.0,36.0
2025-12-31 21:00:00,2025,12,31,21,Hà Nội,Xã Tây Phương,21.0403672,105.6115528,126,Unhealthy for Sensitive Groups,2,20.3,86,0.0,14.9,136,1011.2,81,33.9,34.7,457.0,36.7,55.0,35.8
2025-12-31 22:00:00,2025,12,31,22,Hà Nội,Xã Tây Phương,21.0403672,105.6115528,125,Unhealthy for Sensitive Groups,2,19.6,90,0.0,13.1,144,1011.6,83,36.3,37.1,462.0,36.2,51.0,35.2
2025-12-31 23:00:00,2025,12,31,23,Hà Nội,Xã Tây Phương,21.0403672,105.6115528,124,Unhealthy for Sensitive Groups,2,19.4,94,0.0,11.3,144,1011.6,100,37.7,38.6,463.0,35.0,50.0,33.8
2026-01-01 00:00:00,2026,1,1,0,Hà Nội,Xã Tây Phương,21.0403672,105.6115528,123,Unhealthy for Sensitive Groups,2,19.8,93,0.0,11.3,134,1011.8,100,38.4,39.5,460.0,33.4,50.0,32.0
2026-01-01 01:00:00,2026,1,1,1,Hà Nội,Xã Tây Phương,21.0403672,105.6115528,122,Unhealthy for Sensitive Groups,2,19.5,97,0.0,12.2,133,1011.8,100,39.3,40.4,455.0,31.7,51.0,30.4
2026-01-01 02:00:00,2026,1,1,2,Hà Nội,Xã Tây Phương,21.0403672,105.6115528,121,Unhealthy for Sensitive Groups,2,19.5,97,0.0,11.5,132,1011.4,99,38.4,39.5,448.0,29.4,52.0,28.8
2026-01-01 03:00:00,2026,1,1,3,Hà Nội,Xã Tây Phương,21.0403672,105.6115528,120,Unhealthy for Sensitive Groups,2,19.5,96,0.1,12.3,128,1011.3,55,36.8,37.7,440.0,27.0,55.0,27.4
2026-01-01 04:00:00,2026,1,1,4,Hà Nội,Xã Tây Phương,21.0403672,105.6115528,118,Unhealthy for Sensitive Groups,2,18.8,98,0.0,12.4,129,1011.3,73,35.5,36.4,435.0,26.3,56.0,27.3
2026-01-01 05:00:00,2026,1,1,5,Hà Nội,Xã Tây Phương,21.0403672,105.6115528,117,Unhealthy for Sensitive Groups,2,18.9,96,0.0,13.3,125,1011.8,92,34.0,34.7,437.0,28.9,56.0,29.4
2026-01-01 06:00:00,2026,1,1,6,Hà Nội,Xã Tây Phương,21.0403672,105.6115528,115,Unhealthy for Sensitive Groups,2,18.7,97,0.1,12.7,123,1012.7,95,34.3,35.0,441.0,33.1,55.0,32.8
2026-01-01 07:00:00,2026,1,1,7,Hà Nội,Xã Tây Phương,21.0403672,105.6115528,113,Unhealthy for Sensitive Groups,2,18.7,98,0.1,9.7,108,1013.6,100,36.4,37.3,440.0,38.5,44.0,37.1
2026-01-01 08:00:00,2026,1,1,8,Hà Nội,Xã Tây Phương,21.0403672,105.6115528,110,Unhealthy for Sensitive Groups,2,19.1,97,0.1,10.1,109,1015.1,100,36.1,36.9,427.0,36.0,53.0,37.4
2026-01-01 09:00:00,2026,1,1,9,Hà Nội,Xã Tây Phương,21.0403672,105.6115528,107,Unhealthy for Sensitive Groups,2,20.0,91,0.0,10.1,115,1016.0,100,33.2,34.1,408.0,32.6,65.0,37.6
2026-01-01 10:00:00,2026,1,1,10,Hà Nội,Xã Tây Phương,21.0403672,105.6115528,104,Unhealthy for Sensitive Groups,2,20.7,87,0.0,7.6,93,1016.3,100,30.7,31.7,395.0,29.8,74.0,37.2
2026-01-01 11:00:00,2026,1,1,11,Hà Nội,Xã Tây Phương,21.0403672,105.6115528,102,Unhealthy for Sensitive Groups,2,19.6,90,0.8,12.0,33,1016.0,100,26.5,27.5,391.0,28.5,77.0,35.5
2026-01-01 12:00:00,2026,1,1,12,Hà Nội,Xã Tây Phương,21.0403672,105.6115528,100,Moderate,1,18.9,92,3.5,17.0,16,1015.4,96,26.3,27.1,393.0,27.7,77.0,33.0
2026-01-01 13:00:00,2026,1,1,13,Hà Nội,Xã Tây Phương,21.0403672,105.6115528,99,Moderate,1,22.0,76,1.5,13.8,48,1014.4,98,30.0,30.7,404.0,26.7,76.0,31.0
2026-01-01 14:00:00,2026,1,1,14,Hà Nội,Xã Tây Phương,21.0403672,105.6115528,98,Moderate,1,23.5,70,0.0,12.2,49,1014.0,98,31.7,32.1,421.0,24.8,75.0,29.8
2026-01-01 15:00:00,2026,1,1,15,Hà Nội,Xã Tây Phương,21.0403672,105.6115528,98,Moderate,1,22.6,72,0.1,15.0,58,1014.3,78,22.2,22.5,446.0,22.5,74.0,28.9
2026-01-01 16:00:00,2026,1,1,16,Hà Nội,Xã Tây Phương,21.0403672,105.6115528,97,Moderate,1,21.0,78,0.5,17.6,48,1015.0,98,14.2,14.3,488.0,20.7,72.0,28.2
2026-01-01 17:00:00,2026,1,1,17,Hà Nội,Xã Tây Phương,21.0403672,105.6115528,95,Moderate,1,20.2,81,0.2,18.5,60,1015.6,95,9.1,9.1,567.0,19.7,70.0,27.4
2026-01-01 18:00:00,2026,1,1,18,Hà Nội,Xã Tây Phương,21.0403672,105.6115528,92,Moderate,1,19.1,81,0.2,20.1,57,1016.7,100,9.3,9.3,663.0,19.3,67.0,26.8
2026-01-01 19:00:00,2026,1,1,19,Hà Nội,Xã Tây Phương,21.0403672,105.6115528,90,Moderate,1,19.1,86,0.4,16.4,67,1016.4,100,14.3,14.6,729.0,19.6,59.0,27.1
2026-01-01 20:00:00,2026,1,1,20,Hà Nội,Xã Tây Phương,21.0403672,105.6115528,88,Moderate,1,19.0,85,0.2,16.2,66,1017.2,100,12.9,13.0,737.0,18.3,60.0,26.6
2026-01-01 21:00:00,2026,1,1,21,Hà Nội,Xã Tây Phương,21.0403672,105.6115528,86,Moderate,1,18.3,82,0.3,18.7,57,1018.2,100,12.9,13.1,716.0,16.5,60.0,25.8
2026-01-01 22:00:00,2026,1,1,22,Hà Nội,Xã Tây Phương,21.0403672,105.6115528,84,Moderate,1,17.6,76,0.0,18.7,57,1018.8,100,13.4,13.6,702.0,15.3,60.0,25.5
2026-01-01 23:00:00,2026,1,1,23,Hà Nội,Xã Tây Phương,21.0403672,105.6115528,82,Moderate,1,16.9,73,0.0,17.1,54,1019.4,100,14.7,14.9,716.0,15.1,58.0,25.8
2026-01-02 00:00:00,2026,1,2,0,Hà Nội,Xã Tây Phương,21.0403672,105.6115528,80,Moderate,1,16.5,73,0.0,14.2,60,1019.7,100,14.3,14.6,739.0,15.4,56.0,26.6
2026-01-02 01:00:00,2026,1,2,1,Hà Nội,Xã Tây Phương,21.0403672,105.6115528,78,Moderate,1,16.9,77,0.0,11.8,61,1019.2,100,15.9,16.2,747.0,15.9,53.0,27.5
2026-01-02 02:00:00,2026,1,2,2,Hà Nội,Xã Tây Phương,21.0403672,105.6115528,76,Moderate,1,16.7,80,0.2,10.5,63,1019.0,100,18.0,18.3,724.0,16.3,50.0,28.6
2026-01-02 03:00:00,2026,1,2,3,Hà Nội,Xã Tây Phương,21.0403672,105.6115528,74,Moderate,1,16.5,81,0.2,10.7,50,1019.2,100,18.3,18.5,686.0,16.8,47.0,30.0
2026-01-02 04:00:00,2026,1,2,4,Hà Nội,Xã Tây Phương,21.0403672,105.6115528,73,Moderate,1,15.6,88,0.9,11.5,42,1019.4,100,19.2,19.4,668.0,17.6,43.0,31.3
2026-01-02 05:00:00,2026,1,2,5,Hà Nội,Xã Tây Phương,21.0403672,105.6115528,71,Moderate,1,15.0,90,1.4,13.1,44,1019.6,100,20.4,20.6,688.0,19.0,39.0,32.6
2026-01-02 06:00:00,2026,1,2,6,Hà Nội,Xã Tây Phương,21.0403672,105.6115528,70,Moderate,1,14.6,91,0.7,13.8,47,1020.6,100,20.8,21.0,727.0,20.7,34.0,33.8
2026-01-02 07:00:00,2026,1,2,7,Hà Nội,Xã Tây Phương,21.0403672,105.6115528,69,Moderate,1,15.0,84,0.3,14.7,41,1021.3,100,25.3,25.4,759.0,22.6,32.0,33.7
2026-01-02 08:00:00,2026,1,2,8,Hà Nội,Xã Tây Phương,21.0403672,105.6115528,68,Moderate,1,15.2,80,0.0,15.5,45,1022.4,100,24.0,24.1,779.0,21.9,32.0,33.4
2026-01-02 09:00:00,2026,1,2,9,Hà Nội,Xã Tây Phương,21.0403672,105.6115528,67,Moderate,1,15.6,75,0.0,16.2,43,1023.5,100,22.5,22.5,792.0,21.0,32.0,33.1
2026-01-02 10:00:00,2026,1,2,10,Hà Nội,Xã Tây Phương,21.0403672,105.6115528,66,Moderate,1,16.0,72,0.0,14.5,44,1023.8,100,21.1,21.1,792.0,20.5,32.0,33.3
2026-01-02 11:00:00,2026,1,2,11,Hà Nội,Xã Tây Phương,21.0403672,105.6115528,65,Moderate,1,16.2,70,0.0,13.2,40,1023.6,100,20.4,20.5,769.0,20.5,33.0,34.3
2026-01-02 12:00:00,2026,1,2,12,Hà Nội,Xã Tây Phương,21.0403672,105.6115528,64,Moderate,1,16.1,68,0.0,14.7,37,1022.5,100,20.4,20.5,732.0,20.8,35.0,35.9
2026-01-02 13:00:00,2026,1,2,13,Hà Nội,Xã Tây Phương,21.0403672,105.6115528,64,Moderate,1,15.7,71,0.0,14.8,41,1021.6,100,21.0,21.2,706.0,21.5,36.0,37.4
2026-01-02 14:00:00,2026,1,2,14,Hà Nội,Xã Tây Phương,21.0403672,105.6115528,63,Moderate,1,15.8,69,0.0,13.6,41,1021.0,100,21.8,22.1,693.0,22.6,37.0,38.8
2026-01-02 15:00:00,2026,1,2,15,Hà Nội,Xã Tây Phương,21.0403672,105.6115528,62,Moderate,1,16.1,65,0.0,12.4,41,1020.7,100,25.0,25.3,690.0,24.0,37.0,40.3
2026-01-02 16:00:00,2026,1,2,16,Hà Nội,Xã Tây Phương,21.0403672,105.6115528,63,Moderate,1,16.3,63,0.0,12.2,44,1020.6,100,27.2,27.5,712.0,25.9,36.0,41.7
2026-01-02 17:00:00,2026,1,2,17,Hà Nội,Xã Tây Phương,21.0403672,105.6115528,64,Moderate,1,16.0,63,0.0,11.5,46,1020.9,100,29.0,29.3,785.0,28.8,33.0,43.1
2026-01-02 18:00:00,2026,1,2,18,Hà Nội,Xã Tây Phương,21.0403672,105.6115528,65,Moderate,1,15.8,64,0.0,9.7,42,1021.2,100,32.5,32.7,882.0,32.2,28.0,44.4
2026-01-02 19:00:00,2026,1,2,19,Hà Nội,Xã Tây Phương,21.0403672,105.6115528,67,Moderate,1,14.6,74,0.0,9.3,34,1022.1,100,35.2,35.6,936.0,29.0,28.0,42.6
2026-01-02 20:00:00,2026,1,2,20,Hà Nội,Xã Tây Phương,21.0403672,105.6115528,69,Moderate,1,14.5,73,0.0,11.5,63,1022.5,100,37.1,37.6,907.0,29.0,26.0,42.4
2026-01-02 21:00:00,2026,1,2,21,Hà Nội,Xã Tây Phương,21.0403672,105.6115528,71,Moderate,1,14.4,72,0.0,7.3,54,1023.5,100,38.8,39.1,834.0,29.1,23.0,42.1
2026-01-02 22:00:00,2026,1,2,22,Hà Nội,Xã Tây Phương,21.0403672,105.6115528,74,Moderate,1,14.4,70,0.0,7.1,38,1023.9,100,40.2,40.5,769.0,28.8,21.0,41.5
2026-01-02 23:00:00,2026,1,2,23,Hà Nội,Xã Tây Phương,21.0403672,105.6115528,76,Moderate,1,14.3,68,0.0,9.2,42,1023.8,100,38.4,38.8,730.0,28.1,21.0,40.4
2026-01-03 00:00:00,2026,1,3,0,Hà Nội,Xã Tây Phương,21.0403672,105.6115528,78,Moderate,1,14.2,68,0.0,7.6,63,1023.8,100,36.1,36.3,698.0,27.0,21.0,39.1
2026-01-03 01:00:00,2026,1,3,1,Hà Nội,Xã Tây Phương,21.0403672,105.6115528,80,Moderate,1,14.1,73,0.0,5.6,68,1023.4,100,34.8,35.0,670.0,26.1,22.0,38.1
2026-01-03 02:00:00,2026,1,3,2,Hà Nội,Xã Tây Phương,21.0403672,105.6115528,82,Moderate,1,14.1,73,0.0,6.1,47,1023.1,100,34.9,35.2,637.0,25.0,23.0,37.3
2026-01-03 03:00:00,2026,1,3,3,Hà Nội,Xã Tây Phương,21.0403672,105.6115528,83,Moderate,1,14.0,74,0.0,6.4,50,1022.6,100,35.7,36.1,608.0,24.0,24.0,36.9
2026-01-03 04:00:00,2026,1,3,4,Hà Nội,Xã Tây Phương,21.0403672,105.6115528,85,Moderate,1,13.9,74,0.0,5.8,56,1022.4,100,36.4,36.8,598.0,24.0,24.0,37.6
2026-01-03 05:00:00,2026,1,3,5,Hà Nội,Xã Tây Phương,21.0403672,105.6115528,86,Moderate,1,13.7,75,0.0,5.8,64,1022.3,100,37.1,37.5,622.0,26.1,22.0,40.1
2026-01-03 06:00:00,2026,1,3,6,Hà Nội,Xã Tây Phương,21.0403672,105.6115528,88,Moderate,1,13.8,73,0.0,5.6,57,1022.8,100,38.2,38.5,667.0,29.3,18.0,43.7
2026-01-03 07:00:00,2026,1,3,7,Hà Nội,Xã Tây Phương,21.0403672,105.6115528,89,Moderate,1,13.9,74,0.0,7.4,49,1023.2,100,27.4,27.5,706.0,32.0,16.0,48.4
2026-01-03 08:00:00,2026,1,3,8,Hà Nội,Xã Tây Phương,21.0403672,105.6115528,90,Moderate,1,14.3,71,0.0,7.7,53,1024.0,100,28.9,29.0,734.0,31.1,19.0,50.3
2026-01-03 09:00:00,2026,1,3,9,Hà Nội,Xã Tây Phương,21.0403672,105.6115528,90,Moderate,1,14.9,69,0.0,7.5,53,1024.3,100,30.9,31.0,757.0,29.7,23.0,52.9
2026-01-03 10:00:00,2026,1,3,10,Hà Nội,Xã Tây Phương,21.0403672,105.6115528,91,Moderate,1,16.0,66,0.0,6.9,73,1024.2,83,34.6,34.8,766.0,28.6,27.0,54.6
2026-01-03 11:00:00,2026,1,3,11,Hà Nội,Xã Tây Phương,21.0403672,105.6115528,92,Moderate,1,17.6,61,0.0,7.0,87,1023.4,100,38.5,38.8,753.0,27.5,32.0,54.6
2026-01-03 12:00:00,2026,1,3,12,Hà Nội,Xã Tây Phương,21.0403672,105.6115528,94,Moderate,1,18.1,61,0.0,5.9,101,1022.0,100,41.3,41.7,726.0,26.6,38.0,53.7
2026-01-03 13:00:00,2026,1,3,13,Hà Nội,Xã Tây Phương,21.0403672,105.6115528,95,Moderate,1,17.6,63,0.0,7.8,130,1021.1,100,43.1,43.4,696.0,26.7,43.0,53.2
2026-01-03 14:00:00,2026,1,3,14,Hà Nội,Xã Tây Phương,21.0403672,105.6115528,97,Moderate,1,18.0,63,0.0,8.1,133,1019.5,100,44.0,44.5,660.0,27.4,47.0,52.9
2026-01-03 15:00:00,2026,1,3,15,Hà Nội,Xã Tây Phương,21.0403672,105.6115528,99,Moderate,1,18.4,62,0.0,8.9,130,1018.9,100,45.8,46.1,621.0,29.1,49.0,52.9
2026-01-03 16:00:00,2026,1,3,16,Hà Nội,Xã Tây Phương,21.0403672,105.6115528,101,Unhealthy for Sensitive Groups,2,18.5,62,0.0,9.6,120,1018.5,100,47.6,48.0,596.0,33.8,46.0,54.5
2026-01-03 17:00:00,2026,1,3,17,Hà Nội,Xã Tây Phương,21.0403672,105.6115528,104,Unhealthy for Sensitive Groups,2,18.0,66,0.0,8.7,114,1018.4,100,49.8,50.2,600.0,44.2,35.0,58.5
2026-01-03 18:00:00,2026,1,3,18,Hà Nội,Xã Tây Phương,21.0403672,105.6115528,106,Unhealthy for Sensitive Groups,2,17.5,68,0.0,8.8,123,1018.4,100,57.6,58.0,618.0,57.7,18.0,64.0
2026-01-03 19:00:00,2026,1,3,19,Hà Nội,Xã Tây Phương,21.0403672,105.6115528,108,Unhealthy for Sensitive Groups,2,16.9,72,0.0,6.2,139,1019.4,100,66.8,67.1,629.0,64.1,11.0,58.4
2026-01-03 20:00:00,2026,1,3,20,Hà Nội,Xã Tây Phương,21.0403672,105.6115528,112,Unhealthy for Sensitive Groups,2,16.9,75,0.0,8.1,133,1020.1,100,73.6,73.8,617.0,64.2,12.0,57.9
2026-01-03 21:00:00,2026,1,3,21,Hà Nội,Xã Tây Phương,21.0403672,105.6115528,115,Unhealthy for Sensitive Groups,2,16.8,78,0.0,9.6,143,1020.3,100,71.0,71.2,598.0,64.2,14.0,57.3
2026-01-03 22:00:00,2026,1,3,22,Hà Nội,Xã Tây Phương,21.0403672,105.6115528,119,Unhealthy for Sensitive Groups,2,16.6,78,0.0,9.3,134,1020.7,100,68.5,68.5,591.0,63.2,16.0,56.5
2026-01-03 23:00:00,2026,1,3,23,Hà Nội,Xã Tây Phương,21.0403672,105.6115528,122,Unhealthy for Sensitive Groups,2,16.4,78,0.0,7.6,128,1020.8,100,67.3,67.5,606.0,59.9,21.0,55.2
2026-01-04 00:00:00,2026,1,4,0,Hà Nội,Xã Tây Phương,21.0403672,105.6115528,125,Unhealthy for Sensitive Groups,2,16.0,80,0.0,5.3,118,1020.7,100,67.1,67.3,635.0,55.6,27.0,53.8
2026-01-04 01:00:00,2026,1,4,1,Hà Nội,Xã Tây Phương,21.0403672,105.6115528,128,Unhealthy for Sensitive Groups,2,15.8,82,0.0,3.1,100,1020.4,100,72.6,73.1,668.0,53.1,29.0,53.6
2026-01-04 02:00:00,2026,1,4,2,Hà Nội,Xã Tây Phương,21.0403672,105.6115528,132,Unhealthy for Sensitive Groups,2,15.7,83,0.0,2.2,66,1019.9,100,75.7,76.1,702.0,54.2,25.0,55.2
2026-01-04 03:00:00,2026,1,4,3,Hà Nội,Xã Tây Phương,21.0403672,105.6115528,136,Unhealthy for Sensitive Groups,2,15.2,88,0.0,2.2,24,1019.3,100,82.4,82.9,741.0,57.2,17.0,57.9
2026-01-04 04:00:00,2026,1,4,4,Hà Nội,Xã Tây Phương,21.0403672,105.6115528,141,Unhealthy for Sensitive Groups,2,15.3,87,0.0,2.4,81,1019.1,100,82.2,82.7,790.0,59.7,11.0,61.2
2026-01-04 05:00:00,2026,1,4,5,Hà Nội,Xã Tây Phương,21.0403672,105.6115528,146,Unhealthy for Sensitive Groups,2,15.2,86,0.0,3.6,70,1019.2,100,82.4,82.9,868.0,61.3,6.0,65.3
2026-01-04 06:00:00,2026,1,4,6,Hà Nội,Xã Tây Phương,21.0403672,105.6115528,150,Unhealthy for Sensitive Groups,2,15.4,83,0.0,5.3,62,1019.7,100,83.4,83.8,957.0,62.4,3.0,69.9
2026-01-04 07:00:00,2026,1,4,7,Hà Nội,Xã Tây Phương,21.0403672,105.6115528,151,Unhealthy,3,15.6,82,0.0,5.6,65,1019.9,100,64.7,65.9,1005.0,62.3,5.0,64.1
2026-01-04 08:00:00,2026,1,4,8,Hà Nội,Xã Tây Phương,21.0403672,105.6115528,152,Unhealthy,3,16.2,78,0.0,5.9,76,1020.8,100,62.4,63.3,987.0,60.3,10.0,68.4
2026-01-04 09:00:00,2026,1,4,9,Hà Nội,Xã Tây Phương,21.0403672,105.6115528,153,Unhealthy,3,17.1,74,0.0,5.0,69,1021.7,100,56.1,56.5,929.0,57.2,17.0,73.9
2026-01-04 10:00:00,2026,1,4,10,Hà Nội,Xã Tây Phương,21.0403672,105.6115528,153,Unhealthy,3,17.9,73,0.0,5.4,90,1021.8,100,53.6,53.9,857.0,53.3,26.0,75.3
2026-01-04 11:00:00,2026,1,4,11,Hà Nội,Xã Tây Phương,21.0403672,105.6115528,154,Unhealthy,3,18.8,72,0.0,5.1,100,1020.8,100,49.9,50.5,767.0,47.7,37.0,68.8
2026-01-04 12:00:00,2026,1,4,12,Hà Nội,Xã Tây Phương,21.0403672,105.6115528,154,Unhealthy,3,18.9,74,0.0,3.5,114,1019.2,100,42.7,43.4,664.0,41.2,49.0,58.1
2026-01-04 13:00:00,2026,1,4,13,Hà Nội,Xã Tây Phương,21.0403672,105.6115528,154,Unhealthy,3,19.9,72,0.0,4.6,135,1018.0,100,38.3,39.0,580.0,36.5,59.0,49.7
2026-01-04 14:00:00,2026,1,4,14,Hà Nội,Xã Tây Phương,21.0403672,105.6115528,154,Unhealthy,3,20.7,69,0.0,6.3,143,1017.1,100,39.0,39.7,524.0,33.6,68.0,45.7
2026-01-04 15:00:00,2026,1,4,15,Hà Nội,Xã Tây Phương,21.0403672,105.6115528,154,Unhealthy,3,21.4,66,0.0,5.3,114,1016.4,30,41.8,42.6,488.0,32.5,74.0,43.8
2026-01-04 16:00:00,2026,1,4,16,Hà Nội,Xã Tây Phương,21.0403672,105.6115528,154,Unhealthy,3,21.7,65,0.0,6.2,98,1016.2,76,44.6,45.4,485.0,36.2,73.0,43.9
2026-01-04 17:00:00,2026,1,4,17,Hà Nội,Xã Tây Phương,21.0403672,105.6115528,154,Unhealthy,3,20.8,71,0.0,8.8,86,1016.0,91,52.9,53.7,535.0,49.6,57.0,47.1
2026-01-04 18:00:00,2026,1,4,18,Hà Nội,Xã Tây Phương,21.0403672,105.6115528,154,Unhealthy,3,19.1,80,0.0,13.0,94,1016.2,93,76.8,77.8,619.0,67.9,33.0,52.2
2026-01-04 19:00:00,2026,1,4,19,Hà Nội,Xã Tây Phương,21.0403672,105.6115528,154,Unhealthy,3,17.9,92,0.0,10.0,96,1017.0,89,65.0,65.7,692.0,66.9,21.0,45.3
2026-01-04 20:00:00,2026,1,4,20,Hà Nội,Xã Tây Phương,21.0403672,105.6115528,154,Unhealthy,3,17.4,95,0.0,7.7,101,1018.0,95,72.6,73.6,746.0,68.9,18.0,49.5
2026-01-04 21:00:00,2026,1,4,21,Hà Nội,Xã Tây Phương,21.0403672,105.6115528,154,Unhealthy,3,17.6,94,0.1,8.3,101,1018.8,95,78.5,79.4,788.0,71.4,13.0,55.0
2026-01-04 22:00:00,2026,1,4,22,Hà Nội,Xã Tây Phương,21.0403672,105.6115528,154,Unhealthy,3,17.3,95,0.0,10.1,106,1019.0,100,82.9,84.5,800.0,72.0,10.0,57.5
2026-01-04 23:00:00,2026,1,4,23,Hà Nội,Xã Tây Phương,21.0403672,105.6115528,154,Unhealthy,3,17.4,93,0.0,10.2,108,1019.4,100,79.2,80.8,759.0,69.2,11.0,54.0
2026-01-05 00:00:00,2026,1,5,0,Hà Nội,Xã Tây Phương,21.0403672,105.6115528,155,Unhealthy,3,17.2,92,0.0,9.0,106,1019.5,100,70.8,72.6,688.0,64.5,13.0,47.5
2026-01-05 01:00:00,2026,1,5,1,Hà Nội,Xã Tây Phương,21.0403672,105.6115528,155,Unhealthy,3,17.0,96,0.0,7.4,87,1019.4,100,65.2,66.8,633.0,59.6,16.0,42.0
2026-01-05 02:00:00,2026,1,5,2,Hà Nội,Xã Tây Phương,21.0403672,105.6115528,155,Unhealthy,3,17.0,95,0.2,7.1,81,1018.8,98,61.2,62.4,608.0,55.0,18.0,39.2
2026-01-05 03:00:00,2026,1,5,3,Hà Nội,Xã Tây Phương,21.0403672,105.6115528,154,Unhealthy,3,16.8,97,0.3,6.6,73,1018.7,100,58.0,59.3,600.0,50.3,20.0,37.4
2026-01-05 04:00:00,2026,1,5,4,Hà Nội,Xã Tây Phương,21.0403672,105.6115528,154,Unhealthy,3,16.7,97,0.0,8.1,65,1018.5,100,54.2,55.4,609.0,45.3,21.0,36.4
2026-01-05 05:00:00,2026,1,5,5,Hà Nội,Xã Tây Phương,21.0403672,105.6115528,153,Unhealthy,3,16.6,96,0.0,10.4,70,1018.9,100,49.9,50.8,649.0,39.8,21.0,36.3
2026-01-05 06:00:00,2026,1,5,6,Hà Nội,Xã Tây Phương,21.0403672,105.6115528,152,Unhealthy,3,16.5,94,0.1,15.0,66,1019.6,100,43.8,44.2,707.0,34.1,20.0,36.9
2026-01-05 07:00:00,2026,1,5,7,Hà Nội,Xã Tây Phương,21.0403672,105.6115528,152,Unhealthy,3,16.3,88,0.1,15.5,64,1020.5,99,34.1,34.5,748.0,30.1,29.0,36.8
2026-01-05 08:00:00,2026,1,5,8,Hà Nội,Xã Tây Phương,21.0403672,105.6115528,151,Unhealthy,3,16.2,84,0.0,17.7,55,1021.4,100,24.5,24.6,761.0,26.6,29.0,35.3
2026-01-05 09:00:00,2026,1,5,9,Hà Nội,Xã Tây Phương,21.0403672,105.6115528,150,Unhealthy for Sensitive Groups,2,16.4,75,0.0,21.1,52,1022.5,100,18.5,18.5,757.0,21.9,29.0,33.3
2026-01-05 10:00:00,2026,1,5,10,Hà Nội,Xã Tây Phương,21.0403672,105.6115528,146,Unhealthy for Sensitive Groups,2,16.4,70,0.0,20.2,49,1023.0,100,13.4,13.5,734.0,18.2,30.0,31.5
2026-01-05 11:00:00,2026,1,5,11,Hà Nội,Xã Tây Phương,21.0403672,105.6115528,142,Unhealthy for Sensitive Groups,2,16.4,67,0.0,18.6,47,1022.8,100,11.6,11.7,679.0,16.6,33.0,30.1
2026-01-05 12:00:00,2026,1,5,12,Hà Nội,Xã Tây Phương,21.0403672,105.6115528,138,Unhealthy for Sensitive Groups,2,16.5,65,0.0,17.9,40,1021.9,100,11.1,11.2,605.0,16.1,37.0,29.0
2026-01-05 13:00:00,2026,1,5,13,Hà Nội,Xã Tây Phương,21.0403672,105.6115528,135,Unhealthy for Sensitive Groups,2,15.4,69,0.0,16.9,34,1021.4,100,14.3,14.5,555.0,16.4,40.0,28.8
2026-01-05 14:00:00,2026,1,5,14,Hà Nội,Xã Tây Phương,21.0403672,105.6115528,132,Unhealthy for Sensitive Groups,2,15.6,67,0.0,15.1,36,1020.5,100,14.2,14.3,547.0,17.2,42.0,29.6
2026-01-05 15:00:00,2026,1,5,15,Hà Nội,Xã Tây Phương,21.0403672,105.6115528,130,Unhealthy for Sensitive Groups,2,15.6,67,0.0,15.1,39,1020.5,100,18.0,18.2,561.0,18.8,42.0,31.3
2026-01-05 16:00:00,2026,1,5,16,Hà Nội,Xã Tây Phương,21.0403672,105.6115528,127,Unhealthy for Sensitive Groups,2,15.1,68,0.0,14.1,42,1020.4,100,19.7,19.7,584.0,21.5,41.0,33.8
2026-01-05 17:00:00,2026,1,5,17,Hà Nội,Xã Tây Phương,21.0403672,105.6115528,125,Unhealthy for Sensitive Groups,2,14.9,68,0.0,12.9,43,1020.6,100,21.2,21.4,618.0,26.2,37.0,37.5
2026-01-05 18:00:00,2026,1,5,18,Hà Nội,Xã Tây Phương,21.0403672,105.6115528,122,Unhealthy for Sensitive Groups,2,14.9,68,0.0,11.2,42,1020.9,100,25.5,25.6,659.0,32.1,31.0,42.0
2026-01-05 19:00:00,2026,1,5,19,Hà Nội,Xã Tây Phương,21.0403672,105.6115528,116,Unhealthy for Sensitive Groups,2,14.4,74,0.0,10.1,51,1021.7,100,17.7,17.7,683.0,23.8,33.0,33.8
2026-01-05 20:00:00,2026,1,5,20,Hà Nội,Xã Tây Phương,21.0403672,105.6115528,111,Unhealthy for Sensitive Groups,2,14.4,72,0.0,9.0,52,1022.4,100,22.6,22.7,672.0,22.6,35.0,33.1
2026-01-05 21:00:00,2026,1,5,21,Hà Nội,Xã Tây Phương,21.0403672,105.6115528,106,Unhealthy for Sensitive Groups,2,14.6,70,0.0,9.8,28,1023.2,100,22.5,22.6,643.0,21.0,37.0,32.0
2026-01-05 22:00:00,2026,1,5,22,Hà Nội,Xã Tây Phương,21.0403672,105.6115528,100,Moderate,1,14.6,67,0.0,12.2,26,1023.4,100,24.2,24.3,621.0,19.6,39.0,31.1
2026-01-05 23:00:00,2026,1,5,23,Hà Nội,Xã Tây Phương,21.0403672,105.6115528,95,Moderate,1,14.5,68,0.0,10.0,33,1023.2,100,25.0,25.0,613.0,18.7,40.0,30.2
2026-01-06 00:00:00,2026,1,6,0,Hà Nội,Xã Tây Phương,21.0403672,105.6115528,90,Moderate,1,14.4,69,0.0,9.5,33,1023.5,100,32.1,32.2,612.0,18.0,41.0,29.5
2026-01-06 01:00:00,2026,1,6,1,Hà Nội,Xã Tây Phương,21.0403672,105.6115528,87,Moderate,1,14.2,71,0.0,10.8,26,1023.4,100,40.5,40.6,615.0,18.0,41.0,29.7
2026-01-06 02:00:00,2026,1,6,2,Hà Nội,Xã Tây Phương,21.0403672,105.6115528,85,Moderate,1,13.9,73,0.0,10.7,25,1022.9,100,40.6,40.9,621.0,18.9,39.0,31.4
2026-01-06 03:00:00,2026,1,6,3,Hà Nội,Xã Tây Phương,21.0403672,105.6115528,83,Moderate,1,13.9,74,0.0,11.4,21,1023.0,100,43.3,43.4,631.0,20.3,36.0,34.0
2026-01-06 04:00:00,2026,1,6,4,Hà Nội,Xã Tây Phương,21.0403672,105.6115528,81,Moderate,1,13.8,73,0.0,11.3,20,1023.3,100,42.7,42.8,650.0,21.9,33.0,36.3
2026-01-06 05:00:00,2026,1,6,5,Hà Nội,Xã Tây Phương,21.0403672,105.6115528,80,Moderate,1,13.6,74,0.0,10.0,21,1024.0,100,41.1,41.2,688.0,23.9,30.0,38.3
2026-01-06 06:00:00,2026,1,6,6,Hà Nội,Xã Tây Phương,21.0403672,105.6115528,80,Moderate,1,13.4,74,0.1,9.5,25,1024.5,100,41.9,42.0,734.0,26.0,28.0,39.9
2026-01-06 07:00:00,2026,1,6,7,Hà Nội,Xã Tây Phương,21.0403672,105.6115528,79,Moderate,1,13.6,72,0.0,11.2,28,1025.5,100,21.6,21.7,760.0,24.5,30.0,35.0
2026-01-06 08:00:00,2026,1,6,8,Hà Nội,Xã Tây Phương,21.0403672,105.6115528,78,Moderate,1,13.5,74,0.1,12.5,25,1026.6,100,19.5,19.5,756.0,22.7,33.0,33.5
2026-01-06 09:00:00,2026,1,6,9,Hà Nội,Xã Tây Phương,21.0403672,105.6115528,78,Moderate,1,13.5,74,0.2,12.4,26,1027.8,100,18.0,18.0,732.0,20.1,38.0,31.2
2026-01-06 10:00:00,2026,1,6,10,Hà Nội,Xã Tây Phương,21.0403672,105.6115528,78,Moderate,1,14.0,67,0.1,12.9,27,1028.1,100,18.4,18.4,695.0,17.6,43.0,28.8
2026-01-06 11:00:00,2026,1,6,11,Hà Nội,Xã Tây Phương,21.0403672,105.6115528,78,Moderate,1,14.5,63,0.0,14.0,29,1028.0,100,19.7,19.8,633.0,15.3,49.0,25.9
2026-01-06 12:00:00,2026,1,6,12,Hà Nội,Xã Tây Phương,21.0403672,105.6115528,79,Moderate,1,14.4,62,0.0,15.9,28,1026.9,100,21.0,21.1,556.0,13.1,54.0,22.8
2026-01-06 13:00:00,2026,1,6,13,Hà Nội,Xã Tây Phương,21.0403672,105.6115528,80,Moderate,1,14.2,63,0.0,15.1,22,1026.2,100,20.6,20.7,504.0,11.8,59.0,20.8
2026-01-06 14:00:00,2026,1,6,14,Hà Nội,Xã Tây Phương,21.0403672,105.6115528,80,Moderate,1,14.4,58,0.0,14.9,28,1025.2,100,20.6,20.7,483.0,11.2,62.0,20.1
2026-01-06 15:00:00,2026,1,6,15,Hà Nội,Xã Tây Phương,21.0403672,105.6115528,81,Moderate,1,14.6,58,0.0,12.6,22,1024.8,100,19.8,20.0,487.0,11.5,64.0,20.4
2026-01-06 16:00:00,2026,1,6,16,Hà Nội,Xã Tây Phương,21.0403672,105.6115528,81,Moderate,1,14.9,59,0.0,9.7,4,1024.7,100,19.2,19.3,532.0,13.9,63.0,22.2
2026-01-06 17:00:00,2026,1,6,17,Hà Nội,Xã Tây Phương,21.0403672,105.6115528,81,Moderate,1,14.9,61,0.0,6.8,348,1024.8,100,19.7,19.8,662.0,19.8,56.0,26.3
2026-01-06 18:00:00,2026,1,6,18,Hà Nội,Xã Tây Phương,21.0403672,105.6115528,81,Moderate,1,14.4,67,0.0,5.5,351,1025.1,100,24.7,24.8,834.0,27.8,45.0,31.8
2026-01-06 19:00:00,2026,1,6,19,Hà Nội,Xã Tây Phương,21.0403672,105.6115528,81,Moderate,1,14.1,74,0.0,6.1,328,1026.2,100,23.2,23.3,938.0,30.7,39.0,35.3
2026-01-06 20:00:00,2026,1,6,20,Hà Nội,Xã Tây Phương,21.0403672,105.6115528,81,Moderate,1,14.1,74,0.0,4.3,332,1026.5,100,32.8,33.2,911.0,36.2,32.0,42.3
2026-01-06 21:00:00,2026,1,6,21,Hà Nội,Xã Tây Phương,21.0403672,105.6115528,82,Moderate,1,14.0,74,0.0,4.2,329,1026.8,100,46.7,47.0,815.0,43.6,21.0,51.9
2026-01-06 22:00:00,2026,1,6,22,Hà Nội,Xã Tây Phương,21.0403672,105.6115528,84,Moderate,1,13.8,79,0.0,2.3,337,1026.5,84,57.2,57.5,734.0,48.4,14.0,57.8
2026-01-06 23:00:00,2026,1,6,23,Hà Nội,Xã Tây Phương,21.0403672,105.6115528,87,Moderate,1,12.6,81,0.0,5.4,284,1026.4,60,52.3,52.6,698.0,48.1,12.0,56.8
2026-01-07 00:00:00,2026,1,7,0,Hà Nội,Xã Tây Phương,21.0403672,105.6115528,90,Moderate,1,11.8,85,0.0,7.1,289,1026.2,51,46.4,46.9,675.0,45.1,13.0,52.2
2026-01-07 01:00:00,2026,1,7,1,Hà Nội,Xã Tây Phương,21.0403672,105.6115528,91,Moderate,1,11.2,92,0.0,7.8,304,1026.7,20,45.2,45.2,656.0,42.2,14.0,48.1
2026-01-07 02:00:00,2026,1,7,2,Hà Nội,Xã Tây Phương,21.0403672,105.6115528,92,Moderate,1,10.9,94,0.0,7.6,306,1026.2,8,45.3,45.3,621.0,40.0,14.0,45.3
2026-01-07 03:00:00,2026,1,7,3,Hà Nội,Xã Tây Phương,21.0403672,105.6115528,92,Moderate,1,10.6,95,0.0,8.0,314,1026.3,6,44.9,44.9,590.0,37.9,14.0,42.9
2026-01-07 04:00:00,2026,1,7,4,Hà Nội,Xã Tây Phương,21.0403672,105.6115528,92,Moderate,1,10.4,96,0.0,8.0,314,1026.2,11,44.6,44.7,606.0,36.8,14.0,42.3
2026-01-07 05:00:00,2026,1,7,5,Hà Nội,Xã Tây Phương,21.0403672,105.6115528,92,Moderate,1,10.2,97,0.0,7.3,306,1026.2,9,46.4,46.6,730.0,38.3,11.0,45.5
2026-01-07 06:00:00,2026,1,7,6,Hà Nội,Xã Tây Phương,21.0403672,105.6115528,93,Moderate,1,9.7,97,0.0,5.6,303,1026.3,29,49.1,49.2,902.0,40.7,8.0,50.5
2026-01-07 07:00:00,2026,1,7,7,Hà Nội,Xã Tây Phương,21.0403672,105.6115528,93,Moderate,1,10.6,98,0.0,6.2,322,1026.7,10,63.6,64.7,986.0,39.5,8.0,53.4
2026-01-07 08:00:00,2026,1,7,8,Hà Nội,Xã Tây Phương,21.0403672,105.6115528,97,Moderate,1,12.9,92,0.0,4.4,339,1027.6,20,52.0,52.7,894.0,31.6,26.0,47.2
2026-01-07 09:00:00,2026,1,7,9,Hà Nội,Xã Tây Phương,21.0403672,105.6115528,100,Moderate,1,15.2,73,0.0,5.7,18,1028.5,2,21.9,22.1,713.0,20.6,52.0,38.6
2026-01-07 10:00:00,2026,1,7,10,Hà Nội,Xã Tây Phương,21.0403672,105.6115528,100,Moderate,1,16.7,45,0.0,12.6,48,1028.3,2,16.9,17.3,570.0,12.1,75.0,31.7
2026-01-07 11:00:00,2026,1,7,11,Hà Nội,Xã Tây Phương,21.0403672,105.6115528,100,Moderate,1,17.5,39,0.0,12.3,51,1027.1,2,17.5,18.0,514.0,8.4,91.0,28.1
2026-01-07 12:00:00,2026,1,7,12,Hà Nội,Xã Tây Phương,21.0403672,105.6115528,100,Moderate,1,18.2,39,0.0,9.9,57,1025.7,5,19.0,19.6,496.0,7.2,103.0,26.1
2026-01-07 13:00:00,2026,1,7,13,Hà Nội,Xã Tây Phương,21.0403672,105.6115528,100,Moderate,1,18.7,40,0.0,8.5,55,1024.5,0,20.7,21.2,494.0,6.8,112.0,24.8
2026-01-07 14:00:00,2026,1,7,14,Hà Nội,Xã Tây Phương,21.0403672,105.6115528,100,Moderate,1,19.0,41,0.0,7.3,59,1023.1,0,22.1,22.8,482.0,4.5,120.0,22.7
2026-01-07 15:00:00,2026,1,7,15,Hà Nội,Xã Tây Phương,21.0403672,105.6115528,100,Moderate,1,19.0,42,0.0,6.9,62,1022.3,0,23.2,23.7,485.0,2.9,126.0,21.3
2026-01-07 16:00:00,2026,1,7,16,Hà Nội,Xã Tây Phương,21.0403672,105.6115528,100,Moderate,1,18.9,43,0.0,6.4,61,1022.3,0,23.8,24.4,560.0,8.3,121.0,23.5
2026-01-07 17:00:00,2026,1,7,17,Hà Nội,Xã Tây Phương,21.0403672,105.6115528,101,Unhealthy for Sensitive Groups,2,17.3,61,0.0,3.4,87,1022.6,0,31.3,31.9,772.0,27.4,98.0,32.3
2026-01-07 18:00:00,2026,1,7,18,Hà Nội,Xã Tây Phương,21.0403672,105.6115528,102,Unhealthy for Sensitive Groups,2,15.5,60,0.0,2.4,132,1023.1,0,57.6,58.2,1056.0,53.4,64.0,44.6
2026-01-07 19:00:00,2026,1,7,19,Hà Nội,Xã Tây Phương,21.0403672,105.6115528,105,Unhealthy for Sensitive Groups,2,14.4,63,0.0,1.9,253,1023.7,0,80.6,81.3,1272.0,69.9,35.0,54.9
2026-01-07 20:00:00,2026,1,7,20,Hà Nội,Xã Tây Phương,21.0403672,105.6115528,111,Unhealthy for Sensitive Groups,2,13.7,67,0.0,2.6,258,1024.6,0,99.2,99.9,1325.0,68.6,32.0,60.3
2026-01-07 21:00:00,2026,1,7,21,Hà Nội,Xã Tây Phương,21.0403672,105.6115528,118,Unhealthy for Sensitive Groups,2,13.2,69,0.0,2.3,274,1025.1,0,106.4,107.1,1310.0,66.8,29.0,67.3
2026-01-07 22:00:00,2026,1,7,22,Hà Nội,Xã Tây Phương,21.0403672,105.6115528,124,Unhealthy for Sensitive Groups,2,13.1,70,0.0,1.4,293,1025.4,0,109.7,111.1,1373.0,64.8,25.0,70.3
2026-01-07 23:00:00,2026,1,7,23,Hà Nội,Xã Tây Phương,21.0403672,105.6115528,130,Unhealthy for Sensitive Groups,2,12.9,71,0.0,2.3,328,1025.6,0,109.9,111.3,1650.0,62.6,21.0,65.3
2026-01-08 00:00:00,2026,1,8,0,Hà Nội,Xã Tây Phương,21.0403672,105.6115528,136,Unhealthy for Sensitive Groups,2,11.6,82,0.0,5.7,55,1025.7,0,104.1,105.5,2006.0,60.3,18.0,56.1
2026-01-08 01:00:00,2026,1,8,1,Hà Nội,Xã Tây Phương,21.0403672,105.6115528,142,Unhealthy for Sensitive Groups,2,11.1,85,0.0,3.1,28,1026.0,0,99.9,101.0,2173.0,57.8,15.0,48.7
2026-01-08 02:00:00,2026,1,8,2,Hà Nội,Xã Tây Phương,21.0403672,105.6115528,148,Unhealthy for Sensitive Groups,2,10.6,85,0.0,3.3,13,1025.9,5,95.9,96.6,1975.0,55.0,14.0,44.7
2026-01-08 03:00:00,2026,1,8,3,Hà Nội,Xã Tây Phương,21.0403672,105.6115528,151,Unhealthy,3,10.3,83,0.0,3.5,9,1026.2,5,91.5,92.0,1589.0,52.0,15.0,42.5
2026-01-08 04:00:00,2026,1,8,4,Hà Nội,Xã Tây Phương,21.0403672,105.6115528,152,Unhealthy,3,10.4,77,0.0,2.2,351,1026.3,0,87.1,87.5,1283.0,49.8,15.0,42.4
2026-01-08 05:00:00,2026,1,8,5,Hà Nội,Xã Tây Phương,21.0403672,105.6115528,153,Unhealthy,3,10.2,76,0.0,1.7,283,1026.4,2,85.0,85.4,1178.0,49.7,13.0,45.8
2026-01-08 06:00:00,2026,1,8,6,Hà Nội,Xã Tây Phương,21.0403672,105.6115528,153,Unhealthy,3,9.6,81,0.0,1.8,281,1026.6,0,86.6,87.1,1153.0,50.2,11.0,51.3
2026-01-08 07:00:00,2026,1,8,7,Hà Nội,Xã Tây Phương,21.0403672,105.6115528,154,Unhealthy,3,9.2,91,0.0,4.6,296,1027.6,11,101.7,104.1,1106.0,59.1,11.0,53.5
2026-01-08 08:00:00,2026,1,8,8,Hà Nội,Xã Tây Phương,21.0403672,105.6115528,155,Unhealthy,3,12.2,79,0.0,6.9,321,1028.4,8,94.8,95.2,991.0,49.7,30.0,55.8
2026-01-08 09:00:00,2026,1,8,9,Hà Nội,Xã Tây Phương,21.0403672,105.6115528,156,Unhealthy,3,14.8,74,0.0,6.5,337,1029.2,7,64.0,64.5,855.0,36.5,57.0,58.4
2026-01-08 10:00:00,2026,1,8,10,Hà Nội,Xã Tây Phương,21.0403672,105.6115528,157,Unhealthy,3,17.0,62,0.0,5.7,349,1029.0,1,37.1,37.6,736.0,25.2,80.0,57.3
2026-01-08 11:00:00,2026,1,8,11,Hà Nội,Xã Tây Phương,21.0403672,105.6115528,157,Unhealthy,3,18.2,49,0.0,6.1,34,1027.6,1,26.3,26.7,646.0,17.6,97.0,48.6
2026-01-08 12:00:00,2026,1,8,12,Hà Nội,Xã Tây Phương,21.0403672,105.6115528,158,Unhealthy,3,19.1,44,0.0,6.8,55,1026.0,1,23.2,23.6,573.0,11.8,111.0,36.1
2026-01-08 13:00:00,2026,1,8,13,Hà Nội,Xã Tây Phương,21.0403672,105.6115528,158,Unhealthy,3,19.8,38,0.0,7.2,58,1024.7,0,23.5,23.9,522.0,8.0,121.0,26.7
2026-01-08 14:00:00,2026,1,8,14,Hà Nội,Xã Tây Phương,21.0403672,105.6115528,158,Unhealthy,3,20.1,36,0.0,6.9,67,1023.3,0,24.4,24.9,477.0,4.5,129.0,22.4
2026-01-08 15:00:00,2026,1,8,15,Hà Nội,Xã Tây Phương,21.0403672,105.6115528,158,Unhealthy,3,20.1,38,0.0,6.3,72,1022.6,0,25.3,25.7,454.0,3.0,134.0,21.1
2026-01-08 16:00:00,2026,1,8,16,Hà Nội,Xã Tây Phương,21.0403672,105.6115528,158,Unhealthy,3,19.6,40,0.0,5.8,85,1022.3,3,26.3,26.7,511.0,8.8,128.0,23.8
2026-01-08 17:00:00,2026,1,8,17,Hà Nội,Xã Tây Phương,21.0403672,105.6115528,158,Unhealthy,3,17.8,58,0.0,4.3,118,1022.4,2,38.0,38.4,719.0,28.5,103.0,32.7
2026-01-08 18:00:00,2026,1,8,18,Hà Nội,Xã Tây Phương,21.0403672,105.6115528,158,Unhealthy,3,15.6,59,0.0,4.6,169,1022.5,0,64.0,64.5,1005.0,55.6,68.0,45.5
2026-01-08 19:00:00,2026,1,8,19,Hà Nội,Xã Tây Phương,21.0403672,105.6115528,158,Unhealthy,3,14.6,62,0.0,4.1,232,1022.9,47,94.5,95.0,1211.0,73.8,39.0,58.6
2026-01-08 20:00:00,2026,1,8,20,Hà Nội,Xã Tây Phương,21.0403672,105.6115528,158,Unhealthy,3,13.8,65,0.0,5.2,224,1023.3,63,110.1,110.6,1251.0,73.0,35.0,62.6
2026-01-08 21:00:00,2026,1,8,21,Hà Nội,Xã Tây Phương,21.0403672,105.6115528,159,Unhealthy,3,12.8,70,0.0,5.1,228,1023.5,76,114.8,115.3,1211.0,71.7,30.0,67.8
2026-01-08 22:00:00,2026,1,8,22,Hà Nội,Xã Tây Phương,21.0403672,105.6115528,159,Unhealthy,3,12.4,72,0.0,3.5,242,1023.3,100,117.1,117.8,1185.0,69.9,26.0,70.4
2026-01-08 23:00:00,2026,1,8,23,Hà Nội,Xã Tây Phương,21.0403672,105.6115528,159,Unhealthy,3,11.9,73,0.0,1.7,283,1023.1,91,118.3,118.7,1229.0,67.1,23.0,67.4
2026-01-09 00:00:00,2026,1,9,0,Hà Nội,Xã Tây Phương,21.0403672,105.6115528,159,Unhealthy,3,11.9,73,0.0,0.9,270,1022.8,99,118.3,119.0,1288.0,63.7,21.0,61.7
2026-01-09 01:00:00,2026,1,9,1,Hà Nội,Xã Tây Phương,21.0403672,105.6115528,160,Unhealthy,3,11.2,78,0.0,2.3,151,1023.1,98,120.1,120.6,1287.0,60.8,19.0,57.7
2026-01-09 02:00:00,2026,1,9,2,Hà Nội,Xã Tây Phương,21.0403672,105.6115528,160,Unhealthy,3,10.7,79,0.0,2.2,194,1022.8,96,120.6,121.5,1146.0,58.8,18.0,57.0
2026-01-09 03:00:00,2026,1,9,3,Hà Nội,Xã Tây Phương,21.0403672,105.6115528,161,Unhealthy,3,10.4,79,0.0,1.2,219,1022.5,91,116.6,117.3,946.0,57.4,17.0,57.9
2026-01-09 04:00:00,2026,1,9,4,Hà Nội,Xã Tây Phương,21.0403672,105.6115528,161,Unhealthy,3,10.4,79,0.0,0.7,360,1022.3,87,119.2,120.1,851.0,56.5,16.0,60.2
2026-01-09 05:00:00,2026,1,9,5,Hà Nội,Xã Tây Phương,21.0403672,105.6115528,162,Unhealthy,3,9.9,84,0.0,1.5,30,1022.3,70,120.6,122.0,987.0,56.8,13.0,63.4
2026-01-09 06:00:00,2026,1,9,6,Hà Nội,Xã Tây Phương,21.0403672,105.6115528,163,Unhealthy,3,9.6,89,0.0,1.3,16,1022.6,10,123.4,124.8,1228.0,57.6,10.0,68.0
2026-01-09 07:00:00,2026,1,9,7,Hà Nội,Xã Tây Phương,21.0403672,105.6115528,163,Unhealthy,3,9.2,93,0.0,2.4,318,1024.0,69,147.6,149.0,1368.0,61.4,10.0,79.8
2026-01-09 08:00:00,2026,1,9,8,Hà Nội,Xã Tây Phương,21.0403672,105.6115528,164,Unhealthy,3,11.9,87,0.0,3.1,347,1024.6,65,151.3,152.7,1308.0,60.4,23.0,91.7
2026-01-09 09:00:00,2026,1,9,9,Hà Nội,Xã Tây Phương,21.0403672,105.6115528,166,Unhealthy,3,14.4,75,0.0,2.5,30,1025.3,8,121.1,121.5,1146.0,58.5,43.0,107.5
2026-01-09 10:00:00,2026,1,9,10,Hà Nội,Xã Tây Phương,21.0403672,105.6115528,167,Unhealthy,3,16.7,64,0.0,2.0,45,1024.9,56,107.6,108.0,973.0,53.9,64.0,113.7
2026-01-09 11:00:00,2026,1,9,11,Hà Nội,Xã Tây Phương,21.0403672,105.6115528,168,Unhealthy,3,18.5,55,0.0,2.7,127,1023.9,84,90.6,91.0,794.0,43.6,88.0,101.3
2026-01-09 12:00:00,2026,1,9,12,Hà Nội,Xã Tây Phương,21.0403672,105.6115528,170,Unhealthy,3,19.7,47,0.0,4.7,130,1022.5,73,72.2,72.6,604.0,30.6,113.0,79.5
2026-01-09 13:00:00,2026,1,9,13,Hà Nội,Xã Tây Phương,21.0403672,105.6115528,171,Unhealthy,3,20.2,45,0.0,4.4,111,1021.2,88,64.3,65.0,472.0,21.3,133.0,62.4
2026-01-09 14:00:00,2026,1,9,14,Hà Nội,Xã Tây Phương,21.0403672,105.6115528,172,Unhealthy,3,20.9,43,0.0,4.8,105,1020.0,98,62.2,62.9,407.0,16.4,147.0,55.0
2026-01-09 15:00:00,2026,1,9,15,Hà Nội,Xã Tây Phương,21.0403672,105.6115528,173,Unhealthy,3,20.9,43,0.0,5.8,104,1019.2,81,61.7,62.2,401.0,15.2,154.0,52.3
2026-01-09 16:00:00,2026,1,9,16,Hà Nội,Xã Tây Phương,21.0403672,105.6115528,173,Unhealthy,3,20.5,44,0.0,6.7,104,1018.9,77,62.9,63.3,502.0,22.4,148.0,53.9
2026-01-09 17:00:00,2026,1,9,17,Hà Nội,Xã Tây Phương,21.0403672,105.6115528,174,Unhealthy,3,18.7,53,0.0,7.1,97,1018.9,89,85.0,85.4,824.0,45.2,118.0,62.3
2026-01-09 18:00:00,2026,1,9,18,Hà Nội,Xã Tây Phương,21.0403672,105.6115528,175,Unhealthy,3,16.2,57,0.0,7.4,93,1019.3,70,112.2,112.7,1253.0,76.3,75.0,75.0
2026-01-09 19:00:00,2026,1,9,19,Hà Nội,Xã Tây Phương,21.0403672,105.6115528,176,Unhealthy,3,15.4,60,0.0,7.2,102,1019.7,0,138.8,139.2,1499.0,83.8,66.0,77.9
2026-01-09 20:00:00,2026,1,9,20,Hà Nội,Xã Tây Phương,21.0403672,105.6115528,177,Unhealthy,3,15.1,62,0.0,6.8,127,1019.9,2,156.0,156.5,1381.0,81.8,58.0,77.9
2026-01-09 21:00:00,2026,1,9,21,Hà Nội,Xã Tây Phương,21.0403672,105.6115528,178,Unhealthy,3,14.9,64,0.0,10.1,137,1020.3,25,148.5,149.0,1080.0,78.9,46.0,77.5
2026-01-09 22:00:00,2026,1,9,22,Hà Nội,Xã Tây Phương,21.0403672,105.6115528,179,Unhealthy,3,14.1,68,0.0,12.0,154,1020.6,44,132.7,133.2,843.0,75.2,36.0,75.3
2026-01-09 23:00:00,2026,1,9,23,Hà Nội,Xã Tây Phương,21.0403672,105.6115528,179,Unhealthy,3,13.1,75,0.0,9.8,156,1020.4,45,117.6,118.0,773.0,70.2,31.0,69.4
2026-01-10 00:00:00,2026,1,10,0,Hà Nội,Xã Tây Phương,21.0403672,105.6115528,179,Unhealthy,3,12.2,82,0.0,7.3,163,1020.1,41,105.9,106.4,768.0,64.5,27.0,61.6
2026-01-10 01:00:00,2026,1,10,1,Hà Nội,Xã Tây Phương,21.0403672,105.6115528,179,Unhealthy,3,11.3,89,0.0,5.8,160,1019.6,0,100.8,101.5,763.0,60.2,24.0,55.7
2026-01-10 02:00:00,2026,1,10,2,Hà Nội,Xã Tây Phương,21.0403672,105.6115528,179,Unhealthy,3,11.1,89,0.0,3.3,158,1019.1,9,99.0,100.4,721.0,58.6,20.0,53.2
2026-01-10 03:00:00,2026,1,10,3,Hà Nội,Xã Tây Phương,21.0403672,105.6115528,178,Unhealthy,3,10.8,90,0.0,2.7,98,1018.5,63,98.3,100.1,679.0,58.5,17.0,52.5
2026-01-10 04:00:00,2026,1,10,4,Hà Nội,Xã Tây Phương,21.0403672,105.6115528,178,Unhealthy,3,10.4,94,0.0,4.2,78,1018.6,67,98.5,100.6,692.0,58.5,14.0,53.4
2026-01-10 05:00:00,2026,1,10,5,Hà Nội,Xã Tây Phương,21.0403672,105.6115528,177,Unhealthy,3,10.2,96,0.0,4.1,88,1018.6,65,97.3,100.1,819.0,58.8,10.0,56.1
2026-01-10 06:00:00,2026,1,10,6,Hà Nội,Xã Tây Phương,21.0403672,105.6115528,177,Unhealthy,3,9.9,98,0.0,2.8,125,1019.0,39,98.3,101.7,1001.0,59.3,7.0,60.3
2026-01-10 07:00:00,2026,1,10,7,Hà Nội,Xã Tây Phương,21.0403672,105.6115528,176,Unhealthy,3,10.1,100,0.0,1.5,150,1020.0,100,116.6,122.0,1105.0,58.3,9.0,66.0
2026-01-10 08:00:00,2026,1,10,8,Hà Nội,Xã Tây Phương,21.0403672,105.6115528,176,Unhealthy,3,11.8,95,0.0,2.4,153,1020.7,53,115.5,119.7,1068.0,54.3,24.0,71.0
2026-01-10 09:00:00,2026,1,10,9,Hà Nội,Xã Tây Phương,21.0403672,105.6115528,175,Unhealthy,3,14.5,85,0.0,1.9,112,1021.5,13,90.1,92.2,954.0,48.4,45.0,77.5
2026-01-10 10:00:00,2026,1,10,10,Hà Nội,Xã Tây Phương,21.0403672,105.6115528,174,Unhealthy,3,16.9,76,0.0,3.6,108,1021.5,2,77.1,78.5,825.0,42.0,67.0,79.2
2026-01-10 11:00:00,2026,1,10,11,Hà Nội,Xã Tây Phương,21.0403672,105.6115528,173,Unhealthy,3,19.0,65,0.0,6.4,122,1020.7,0,66.4,67.5,680.0,34.5,91.0,71.6
2026-01-10 12:00:00,2026,1,10,12,Hà Nội,Xã Tây Phương,21.0403672,105.6115528,173,Unhealthy,3,20.3,52,0.0,9.1,128,1019.6,2,58.0,59.0,521.0,26.4,115.0,59.3
2026-01-10 13:00:00,2026,1,10,13,Hà Nội,Xã Tây Phương,21.0403672,105.6115528,173,Unhealthy,3,21.1,45,0.0,9.6,128,1018.9,0,51.9,52.9,408.0,20.7,133.0,49.3
2026-01-10 14:00:00,2026,1,10,14,Hà Nội,Xã Tây Phương,21.0403672,105.6115528,172,Unhealthy,3,21.6,43,0.0,8.5,132,1018.2,2,49.8,50.6,333.0,16.7,144.0,43.6
2026-01-10 15:00:00,2026,1,10,15,Hà Nội,Xã Tây Phương,21.0403672,105.6115528,172,Unhealthy,3,21.6,42,0.0,7.6,126,1017.9,5,49.1,49.9,305.0,15.0,148.0,40.4
2026-01-10 16:00:00,2026,1,10,16,Hà Nội,Xã Tây Phương,21.0403672,105.6115528,172,Unhealthy,3,21.4,43,0.0,7.5,100,1018.1,6,50.3,51.0,416.0,20.7,141.0,40.9
2026-01-10 17:00:00,2026,1,10,17,Hà Nội,Xã Tây Phương,21.0403672,105.6115528,172,Unhealthy,3,19.8,51,0.0,7.8,68,1018.4,4,66.6,67.3,775.0,39.6,114.0,46.8
2026-01-10 18:00:00,2026,1,10,18,Hà Nội,Xã Tây Phương,21.0403672,105.6115528,171,Unhealthy,3,17.0,61,0.0,5.7,46,1018.9,2,90.3,91.0,1274.0,65.9,74.0,56.5
2026-01-10 19:00:00,2026,1,10,19,Hà Nội,Xã Tây Phương,21.0403672,105.6115528,171,Unhealthy,3,16.4,65,0.0,5.2,31,1019.9,2,111.3,112.0,1678.0,79.8,55.0,65.0
2026-01-10 20:00:00,2026,1,10,20,Hà Nội,Xã Tây Phương,21.0403672,105.6115528,170,Unhealthy,3,16.0,65,0.0,7.1,34,1020.7,7,130.9,131.3,1906.0,85.9,44.0,71.8
2026-01-10 21:00:00,2026,1,10,21,Hà Nội,Xã Tây Phương,21.0403672,105.6115528,169,Unhealthy,3,15.4,69,0.0,7.0,93,1021.7,4,145.8,146.2,2040.0,94.2,30.0,81.1
2026-01-10 22:00:00,2026,1,10,22,Hà Nội,Xã Tây Phương,21.0403672,105.6115528,169,Unhealthy,3,14.2,78,0.0,5.3,170,1022.2,27,156.0,156.5,2085.0,99.2,18.0,86.8
2026-01-10 23:00:00,2026,1,10,23,Hà Nội,Xã Tây Phương,21.0403672,105.6115528,170,Unhealthy,3,14.0,79,0.0,3.1,144,1022.6,64,162.5,163.0,2015.0,98.3,13.0,86.1
2026-01-11 00:00:00,2026,1,11,0,Hà Nội,Xã Tây Phương,21.0403672,105.6115528,171,Unhealthy,3,13.6,81,0.0,2.6,168,1022.9,77,164.4,165.3,1857.0,94.1,11.0,81.9
2026-01-11 01:00:00,2026,1,11,1,Hà Nội,Xã Tây Phương,21.0403672,105.6115528,172,Unhealthy,3,13.5,81,0.0,0.4,270,1023.3,73,164.4,165.3,1699.0,88.6,10.0,76.9
2026-01-11 02:00:00,2026,1,11,2,Hà Nội,Xã Tây Phương,21.0403672,105.6115528,174,Unhealthy,3,13.0,84,0.0,0.4,297,1022.9,70,163.4,163.9,1562.0,81.8,9.0,71.2
2026-01-11 03:00:00,2026,1,11,3,Hà Nội,Xã Tây Phương,21.0403672,105.6115528,175,Unhealthy,3,12.1,89,0.0,2.9,300,1023.0,80,158.3,158.8,1424.0,73.9,10.0,64.7
2026-01-11 04:00:00,2026,1,11,4,Hà Nội,Xã Tây Phương,21.0403672,105.6115528,176,Unhealthy,3,11.7,94,0.0,3.9,304,1023.0,95,151.8,152.3,1309.0,67.1,11.0,60.5
2026-01-11 05:00:00,2026,1,11,5,Hà Nội,Xã Tây Phương,21.0403672,105.6115528,178,Unhealthy,3,12.4,91,0.0,3.6,288,1023.3,84,145.3,145.8,1245.0,63.5,10.0,60.5
2026-01-11 06:00:00,2026,1,11,6,Hà Nội,Xã Tây Phương,21.0403672,105.6115528,179,Unhealthy,3,12.4,92,0.0,3.9,294,1023.7,48,139.2,140.2,1204.0,61.1,10.0,62.7
2026-01-11 07:00:00,2026,1,11,7,Hà Nội,Xã Tây Phương,21.0403672,105.6115528,179,Unhealthy,3,11.6,95,0.0,7.0,316,1024.4,45,173.7,174.6,1129.0,61.9,11.0,66.8
2026-01-11 08:00:00,2026,1,11,8,Hà Nội,Xã Tây Phương,21.0403672,105.6115528,181,Unhealthy,3,14.1,87,0.0,6.4,302,1024.8,2,170.9,171.4,976.0,53.3,32.0,71.5
2026-01-11 09:00:00,2026,1,11,9,Hà Nội,Xã Tây Phương,21.0403672,105.6115528,182,Unhealthy,3,17.1,72,0.0,3.1,324,1025.4,7,134.1,134.6,788.0,41.2,61.0,77.4
2026-01-11 10:00:00,2026,1,11,10,Hà Nội,Xã Tây Phương,21.0403672,105.6115528,183,Unhealthy,3,19.0,56,0.0,4.7,18,1025.2,0,94.1,94.5,644.0,30.3,88.0,77.8
2026-01-11 11:00:00,2026,1,11,11,Hà Nội,Xã Tây Phương,21.0403672,105.6115528,183,Unhealthy,3,20.3,50,0.0,6.8,22,1024.5,40,65.9,66.4,579.0,22.0,111.0,67.3
2026-01-11 12:00:00,2026,1,11,12,Hà Nội,Xã Tây Phương,21.0403672,105.6115528,183,Unhealthy,3,21.4,45,0.0,6.6,33,1023.0,0,57.2,57.5,556.0,14.9,132.0,51.3
2026-01-11 13:00:00,2026,1,11,13,Hà Nội,Xã Tây Phương,21.0403672,105.6115528,183,Unhealthy,3,22.0,40,0.0,4.5,56,1021.7,0,54.9,55.2,545.0,10.2,149.0,39.3
2026-01-11 14:00:00,2026,1,11,14,Hà Nội,Xã Tây Phương,21.0403672,105.6115528,183,Unhealthy,3,22.5,38,0.0,3.8,107,1020.6,0,54.5,54.7,522.0,6.2,165.0,34.1
2026-01-11 15:00:00,2026,1,11,15,Hà Nội,Xã Tây Phương,21.0403672,105.6115528,183,Unhealthy,3,22.5,37,0.0,5.5,134,1019.9,0,54.6,54.8,510.0,4.7,177.0,32.8
2026-01-11 16:00:00,2026,1,11,16,Hà Nội,Xã Tây Phương,21.0403672,105.6115528,184,Unhealthy,3,22.0,38,0.0,7.5,130,1019.5,2,55.3,55.5,548.0,11.6,174.0,36.3
2026-01-11 17:00:00,2026,1,11,17,Hà Nội,Xã Tây Phương,21.0403672,105.6115528,184,Unhealthy,3,20.0,55,0.0,4.6,108,1019.1,1,79.4,79.6,694.0,34.5,146.0,47.4
2026-01-11 18:00:00,2026,1,11,18,Hà Nội,Xã Tây Phương,21.0403672,105.6115528,184,Unhealthy,3,17.6,56,0.0,6.6,112,1019.1,0,108.7,109.0,890.0,65.8,103.0,63.3
2026-01-11 19:00:00,2026,1,11,19,Hà Nội,Xã Tây Phương,21.0403672,105.6115528,184,Unhealthy,3,16.8,59,0.0,6.6,137,1019.5,1,136.4,136.4,1003.0,89.3,67.0,75.9
2026-01-11 20:00:00,2026,1,11,20,Hà Nội,Xã Tây Phương,21.0403672,105.6115528,185,Unhealthy,3,16.4,60,0.0,6.7,161,1019.7,4,161.1,161.1,950.0,98.1,47.0,83.0
2026-01-11 21:00:00,2026,1,11,21,Hà Nội,Xã Tây Phương,21.0403672,105.6115528,186,Unhealthy,3,16.4,60,0.0,15.6,150,1020.4,2,168.6,169.0,814.0,99.0,35.0,86.9
2026-01-11 22:00:00,2026,1,11,22,Hà Nội,Xã Tây Phương,21.0403672,105.6115528,186,Unhealthy,3,15.1,67,0.0,12.2,152,1020.4,0,154.6,155.1,712.0,95.8,27.0,86.3
2026-01-11 23:00:00,2026,1,11,23,Hà Nội,Xã Tây Phương,21.0403672,105.6115528,186,Unhealthy,3,14.4,73,0.0,11.1,157,1020.0,0,135.0,135.0,697.0,87.6,23.0,78.2
2026-01-12 00:00:00,2026,1,12,0,Hà Nội,Xã Tây Phương,21.0403672,105.6115528,185,Unhealthy,3,13.8,78,0.0,10.8,159,1019.7,0,121.1,121.1,715.0,75.4,23.0,65.6
2026-01-12 01:00:00,2026,1,12,1,Hà Nội,Xã Tây Phương,21.0403672,105.6115528,184,Unhealthy,3,12.9,85,0.0,8.3,162,1019.7,0,115.3,115.5,724.0,65.9,23.0,56.2
2026-01-12 02:00:00,2026,1,12,2,Hà Nội,Xã Tây Phương,21.0403672,105.6115528,183,Unhealthy,3,12.4,89,0.0,6.2,159,1019.4,0,113.6,113.9,695.0,62.2,21.0,53.3
2026-01-12 03:00:00,2026,1,12,3,Hà Nội,Xã Tây Phương,21.0403672,105.6115528,182,Unhealthy,3,11.7,92,0.0,5.4,143,1018.8,0,113.4,113.4,657.0,61.2,19.0,53.6
2026-01-12 04:00:00,2026,1,12,4,Hà Nội,Xã Tây Phương,21.0403672,105.6115528,181,Unhealthy,3,11.6,93,0.0,5.7,136,1018.8,0,113.9,114.1,652.0,60.8,17.0,55.1
2026-01-12 05:00:00,2026,1,12,5,Hà Nội,Xã Tây Phương,21.0403672,105.6115528,180,Unhealthy,3,11.6,95,0.0,6.0,143,1018.7,0,114.1,114.3,723.0,61.0,13.0,57.5
2026-01-12 06:00:00,2026,1,12,6,Hà Nội,Xã Tây Phương,21.0403672,105.6115528,180,Unhealthy,3,11.3,96,0.0,5.7,143,1019.2,0,114.8,115.3,826.0,61.7,10.0,61.1
2026-01-12 07:00:00,2026,1,12,7,Hà Nội,Xã Tây Phương,21.0403672,105.6115528,179,Unhealthy,3,11.7,99,0.0,4.8,115,1020.5,34,109.0,109.4,877.0,59.2,15.0,57.2
2026-01-12 08:00:00,2026,1,12,8,Hà Nội,Xã Tây Phương,21.0403672,105.6115528,178,Unhealthy,3,14.1,93,0.0,6.2,112,1021.3,94,108.0,108.5,828.0,54.9,31.0,62.2
2026-01-12 09:00:00,2026,1,12,9,Hà Nội,Xã Tây Phương,21.0403672,105.6115528,176,Unhealthy,3,16.2,86,0.0,5.8,120,1022.2,72,89.9,90.6,726.0,48.6,55.0,68.8
2026-01-12 10:00:00,2026,1,12,10,Hà Nội,Xã Tây Phương,21.0403672,105.6115528,175,Unhealthy,3,18.5,76,0.1,8.9,138,1022.0,60,75.2,76.1,628.0,41.6,79.0,70.7
2026-01-12 11:00:00,2026,1,12,11,Hà Nội,Xã Tây Phương,21.0403672,105.6115528,175,Unhealthy,3,20.2,62,0.0,9.2,147,1020.9,93,60.1,61.5,545.0,33.3,104.0,63.6
2026-01-12 12:00:00,2026,1,12,12,Hà Nội,Xã Tây Phương,21.0403672,105.6115528,175,Unhealthy,3,21.1,57,0.0,8.7,143,1019.7,73,51.5,52.6,466.0,24.4,129.0,51.8
2026-01-12 13:00:00,2026,1,12,13,Hà Nội,Xã Tây Phương,21.0403672,105.6115528,175,Unhealthy,3,21.8,55,0.0,8.3,136,1018.6,88,50.9,51.8,415.0,18.1,147.0,42.5
2026-01-12 14:00:00,2026,1,12,14,Hà Nội,Xã Tây Phương,21.0403672,105.6115528,175,Unhealthy,3,22.1,53,0.0,7.5,127,1017.7,98,51.8,52.7,376.0,14.2,156.0,37.6
2026-01-12 15:00:00,2026,1,12,15,Hà Nội,Xã Tây Phương,21.0403672,105.6115528,175,Unhealthy,3,22.1,53,0.0,5.8,97,1016.9,97,52.9,53.8,364.0,12.9,156.0,35.2
2026-01-12 16:00:00,2026,1,12,16,Hà Nội,Xã Tây Phương,21.0403672,105.6115528,175,Unhealthy,3,22.1,52,0.0,7.8,52,1017.0,59,53.8,54.6,453.0,18.6,146.0,36.1
2026-01-12 17:00:00,2026,1,12,17,Hà Nội,Xã Tây Phương,21.0403672,105.6115528,175,Unhealthy,3,21.0,57,0.0,9.1,21,1017.4,16,70.3,71.0,718.0,37.2,117.0,42.1
2026-01-12 18:00:00,2026,1,12,18,Hà Nội,Xã Tây Phương,21.0403672,105.6115528,174,Unhealthy,3,18.4,68,0.0,5.2,4,1017.8,19,89.4,90.3,1083.0,62.7,76.0,51.6
2026-01-12 19:00:00,2026,1,12,19,Hà Nội,Xã Tây Phương,21.0403672,105.6115528,174,Unhealthy,3,17.5,73,0.0,4.9,354,1018.5,9,99.9,100.4,1396.0,63.6,67.0,59.1
2026-01-12 20:00:00,2026,1,12,20,Hà Nội,Xã Tây Phương,21.0403672,105.6115528,173,Unhealthy,3,17.2,75,0.0,6.1,3,1019.5,9,123.4,123.9,1630.0,69.7,56.0,66.3
2026-01-12 21:00:00,2026,1,12,21,Hà Nội,Xã Tây Phương,21.0403672,105.6115528,172,Unhealthy,3,16.9,77,0.0,2.2,99,1020.3,29,141.1,141.6,1811.0,77.9,41.0,75.9
2026-01-12 22:00:00,2026,1,12,22,Hà Nội,Xã Tây Phương,21.0403672,105.6115528,172,Unhealthy,3,16.6,79,0.0,1.9,214,1020.6,16,153.7,154.6,1868.0,81.9,29.0,81.0
2026-01-12 23:00:00,2026,1,12,23,Hà Nội,Xã Tây Phương,21.0403672,105.6115528,172,Unhealthy,3,15.9,81,0.0,4.7,274,1020.4,2,158.8,159.3,1728.0,78.2,24.0,77.5
2026-01-13 00:00:00,2026,1,13,0,Hà Nội,Xã Tây Phương,21.0403672,105.6115528,172,Unhealthy,3,14.9,87,0.0,6.7,290,1020.4,1,154.1,154.6,1464.0,70.4,23.0,69.5
2026-01-13 01:00:00,2026,1,13,1,Hà Nội,Xã Tây Phương,21.0403672,105.6115528,173,Unhealthy,3,15.4,86,0.0,9.5,303,1020.0,0,147.6,148.1,1216.0,62.8,23.0,62.1
2026-01-13 02:00:00,2026,1,13,2,Hà Nội,Xã Tây Phương,21.0403672,105.6115528,174,Unhealthy,3,15.2,87,0.0,9.6,311,1019.6,0,143.0,143.4,1007.0,56.5,22.0,56.4
2026-01-13 03:00:00,2026,1,13,3,Hà Nội,Xã Tây Phương,21.0403672,105.6115528,174,Unhealthy,3,14.8,88,0.0,10.2,311,1019.5,0,139.2,139.7,815.0,50.4,22.0,51.3
2026-01-13 04:00:00,2026,1,13,4,Hà Nội,Xã Tây Phương,21.0403672,105.6115528,175,Unhealthy,3,14.2,91,0.0,10.0,308,1019.6,5,136.4,136.9,715.0,46.0,22.0,48.5
2026-01-13 05:00:00,2026,1,13,5,Hà Nội,Xã Tây Phương,21.0403672,105.6115528,175,Unhealthy,3,13.9,92,0.0,9.6,300,1019.7,0,135.0,135.5,789.0,44.9,17.0,48.6
2026-01-13 06:00:00,2026,1,13,6,Hà Nội,Xã Tây Phương,21.0403672,105.6115528,176,Unhealthy,3,13.6,93,0.0,8.1,305,1020.2,0,136.9,137.4,956.0,45.5,12.0,51.1
2026-01-13 07:00:00,2026,1,13,7,Hà Nội,Xã Tây Phương,21.0403672,105.6115528,176,Unhealthy,3,13.5,94,0.0,9.3,313,1020.8,0,148.5,149.0,1044.0,40.6,20.0,55.0
2026-01-13 08:00:00,2026,1,13,8,Hà Nội,Xã Tây Phương,21.0403672,105.6115528,177,Unhealthy,3,15.7,85,0.0,8.9,324,1021.3,0,141.1,141.6,966.0,37.6,43.0,62.6
2026-01-13 09:00:00,2026,1,13,9,Hà Nội,Xã Tây Phương,21.0403672,105.6115528,178,Unhealthy,3,17.9,76,0.0,9.4,331,1022.1,0,122.9,123.4,809.0,33.2,77.0,72.7
2026-01-13 10:00:00,2026,1,13,10,Hà Nội,Xã Tây Phương,21.0403672,105.6115528,179,Unhealthy,3,19.9,67,0.0,8.3,330,1021.8,0,97.1,97.6,670.0,28.2,108.0,77.0
2026-01-13 11:00:00,2026,1,13,11,Hà Nội,Xã Tây Phương,21.0403672,105.6115528,179,Unhealthy,3,21.5,57,0.0,6.3,345,1021.1,0,69.8,70.3,575.0,21.9,135.0,69.8
2026-01-13 12:00:00,2026,1,13,12,Hà Nội,Xã Tây Phương,21.0403672,105.6115528,179,Unhealthy,3,22.5,51,0.0,5.2,2,1019.4,0,61.9,62.4,497.0,15.1,160.0,56.9
2026-01-13 13:00:00,2026,1,13,13,Hà Nội,Xã Tây Phương,21.0403672,105.6115528,180,Unhealthy,3,23.1,48,0.0,5.4,20,1017.7,0,61.5,61.9,450.0,10.4,179.0,47.3
2026-01-13 14:00:00,2026,1,13,14,Hà Nội,Xã Tây Phương,21.0403672,105.6115528,180,Unhealthy,3,23.6,46,0.0,5.9,31,1016.4,4,62.4,62.9,424.0,7.4,193.0,44.1
2026-01-13 15:00:00,2026,1,13,15,Hà Nội,Xã Tây Phương,21.0403672,105.6115528,180,Unhealthy,3,23.7,46,0.0,6.8,35,1015.6,8,64.0,64.5,429.0,6.7,201.0,44.2
2026-01-13 16:00:00,2026,1,13,16,Hà Nội,Xã Tây Phương,21.0403672,105.6115528,180,Unhealthy,3,23.4,47,0.0,6.2,60,1015.0,2,66.4,66.8,510.0,12.5,195.0,47.1
2026-01-13 17:00:00,2026,1,13,17,Hà Nội,Xã Tây Phương,21.0403672,105.6115528,181,Unhealthy,3,21.8,56,0.0,4.9,94,1014.9,0,86.6,86.8,757.0,30.6,166.0,54.2
2026-01-13 18:00:00,2026,1,13,18,Hà Nội,Xã Tây Phương,21.0403672,105.6115528,181,Unhealthy,3,19.4,61,0.0,6.7,98,1015.0,0,112.2,112.7,1080.0,55.2,124.0,64.1
2026-01-13 19:00:00,2026,1,13,19,Hà Nội,Xã Tây Phương,21.0403672,105.6115528,181,Unhealthy,3,18.5,64,0.0,6.7,121,1015.1,0,134.6,134.6,1257.0,83.3,78.0,76.0
2026-01-13 20:00:00,2026,1,13,20,Hà Nội,Xã Tây Phương,21.0403672,105.6115528,182,Unhealthy,3,18.0,64,0.0,6.6,137,1015.6,0,154.6,155.1,1148.0,82.0,71.0,79.0
2026-01-13 21:00:00,2026,1,13,21,Hà Nội,Xã Tây Phương,21.0403672,105.6115528,183,Unhealthy,3,18.0,63,0.0,14.4,156,1015.8,0,157.4,157.9,893.0,79.9,62.0,82.8
2026-01-13 22:00:00,2026,1,13,22,Hà Nội,Xã Tây Phương,21.0403672,105.6115528,183,Unhealthy,3,16.9,76,0.0,13.1,157,1016.0,0,150.9,151.3,691.0,75.8,54.0,83.1
2026-01-13 23:00:00,2026,1,13,23,Hà Nội,Xã Tây Phương,21.0403672,105.6115528,183,Unhealthy,3,15.9,84,0.0,11.9,150,1016.1,0,141.1,141.6,624.0,68.0,48.0,77.1
2026-01-14 00:00:00,2026,1,14,0,Hà Nội,Xã Tây Phương,21.0403672,105.6115528,183,Unhealthy,3,15.5,87,0.0,11.1,151,1015.7,0,125.7,126.2,610.0,58.3,44.0,67.6
2026-01-14 01:00:00,2026,1,14,1,Hà Nội,Xã Tây Phương,21.0403672,105.6115528,182,Unhealthy,3,14.9,93,0.0,9.0,151,1015.4,0,112.5,112.7,607.0,50.6,40.0,59.4
2026-01-14 02:00:00,2026,1,14,2,Hà Nội,Xã Tây Phương,21.0403672,105.6115528,181,Unhealthy,3,14.5,95,0.0,6.9,147,1015.0,0,102.7,103.1,591.0,46.6,36.0,53.8
2026-01-14 03:00:00,2026,1,14,3,Hà Nội,Xã Tây Phương,21.0403672,105.6115528,180,Unhealthy,3,14.2,96,0.0,6.1,130,1014.5,0,95.5,96.2,585.0,44.6,32.0,49.4
2026-01-14 04:00:00,2026,1,14,4,Hà Nội,Xã Tây Phương,21.0403672,105.6115528,180,Unhealthy,3,14.1,97,0.0,6.3,127,1014.5,0,90.3,91.0,614.0,44.1,29.0,47.1
2026-01-14 05:00:00,2026,1,14,5,Hà Nội,Xã Tây Phương,21.0403672,105.6115528,178,Unhealthy,3,13.6,98,0.0,5.2,121,1014.4,0,86.8,87.5,725.0,46.0,23.0,47.3
2026-01-14 06:00:00,2026,1,14,6,Hà Nội,Xã Tây Phương,21.0403672,105.6115528,177,Unhealthy,3,13.2,99,0.0,5.1,108,1015.0,83,86.1,86.8,871.0,49.4,18.0,49.4
2026-01-14 07:00:00,2026,1,14,7,Hà Nội,Xã Tây Phương,21.0403672,105.6115528,176,Unhealthy,3,14.4,100,0.0,5.6,86,1016.0,100,109.0,109.9,941.0,50.3,15.0,50.9
2026-01-14 08:00:00,2026,1,14,8,Hà Nội,Xã Tây Phương,21.0403672,105.6115528,175,Unhealthy,3,15.2,97,0.0,5.6,112,1016.7,100,105.0,105.9,867.0,47.5,29.0,56.1
2026-01-14 09:00:00,2026,1,14,9,Hà Nội,Xã Tây Phương,21.0403672,105.6115528,175,Unhealthy,3,16.6,91,0.0,5.7,131,1017.3,100,92.7,93.6,717.0,43.3,49.0,63.1
2026-01-14 10:00:00,2026,1,14,10,Hà Nội,Xã Tây Phương,21.0403672,105.6115528,174,Unhealthy,3,19.1,78,0.0,7.5,147,1017.3,80,78.5,79.9,585.0,38.4,71.0,66.5
2026-01-14 11:00:00,2026,1,14,11,Hà Nội,Xã Tây Phương,21.0403672,105.6115528,174,Unhealthy,3,21.8,63,0.0,8.1,151,1016.6,4,69.4,70.8,503.0,31.9,97.0,62.9
2026-01-14 12:00:00,2026,1,14,12,Hà Nội,Xã Tây Phương,21.0403672,105.6115528,174,Unhealthy,3,23.5,54,0.0,10.8,169,1015.0,1,62.4,63.8,439.0,24.6,126.0,55.7
2026-01-14 13:00:00,2026,1,14,13,Hà Nội,Xã Tây Phương,21.0403672,105.6115528,174,Unhealthy,3,24.6,50,0.0,11.3,178,1013.7,82,61.9,63.1,393.0,19.3,147.0,49.7
2026-01-14 14:00:00,2026,1,14,14,Hà Nội,Xã Tây Phương,21.0403672,105.6115528,174,Unhealthy,3,25.0,50,0.0,11.2,178,1012.5,9,61.9,63.1,358.0,15.7,158.0,46.1
2026-01-14 15:00:00,2026,1,14,15,Hà Nội,Xã Tây Phương,21.0403672,105.6115528,174,Unhealthy,3,25.6,48,0.0,7.9,156,1011.6,2,61.0,61.9,341.0,14.2,161.0,43.8
2026-01-14 16:00:00,2026,1,14,16,Hà Nội,Xã Tây Phương,21.0403672,105.6115528,174,Unhealthy,3,25.7,48,0.0,8.4,127,1011.4,9,60.8,61.5,357.0,18.6,153.0,43.8
2026-01-14 17:00:00,2026,1,14,17,Hà Nội,Xã Tây Phương,21.0403672,105.6115528,173,Unhealthy,3,24.0,55,0.0,10.0,99,1011.9,16,69.6,70.3,434.0,34.4,125.0,48.4
2026-01-14 18:00:00,2026,1,14,18,Hà Nội,Xã Tây Phương,21.0403672,105.6115528,173,Unhealthy,3,21.9,63,0.0,13.3,99,1012.8,29,93.6,94.5,543.0,56.1,86.0,55.4
2026-01-14 19:00:00,2026,1,14,19,Hà Nội,Xã Tây Phương,21.0403672,105.6115528,173,Unhealthy,3,21.6,67,0.0,15.4,113,1014.2,100,95.0,95.7,620.0,65.2,57.0,56.4
2026-01-14 20:00:00,2026,1,14,20,Hà Nội,Xã Tây Phương,21.0403672,105.6115528,172,Unhealthy,3,20.8,71,0.0,13.4,125,1015.0,47,97.6,98.3,625.0,62.3,52.0,54.4
2026-01-14 21:00:00,2026,1,14,21,Hà Nội,Xã Tây Phương,21.0403672,105.6115528,171,Unhealthy,3,19.3,78,0.0,10.9,135,1015.7,9,88.2,89.2,597.0,58.1,45.0,51.5
2026-01-14 22:00:00,2026,1,14,22,Hà Nội,Xã Tây Phương,21.0403672,105.6115528,169,Unhealthy,3,18.4,83,0.0,8.9,152,1016.4,9,75.2,75.9,586.0,54.6,39.0,48.5
2026-01-14 23:00:00,2026,1,14,23,Hà Nội,Xã Tây Phương,21.0403672,105.6115528,167,Unhealthy,3,17.6,88,0.0,6.6,158,1016.6,9,67.8,68.5,614.0,52.3,35.0,45.3
2026-01-15 00:00:00,2026,1,15,0,Hà Nội,Xã Tây Phương,21.0403672,105.6115528,166,Unhealthy,3,16.8,93,0.0,5.1,138,1016.7,16,65.9,66.8,659.0,50.5,33.0,42.0
2026-01-15 01:00:00,2026,1,15,1,Hà Nội,Xã Tây Phương,21.0403672,105.6115528,164,Unhealthy,3,17.0,94,0.0,5.2,110,1016.6,10,67.8,68.7,707.0,49.2,30.0,39.4
2026-01-15 02:00:00,2026,1,15,2,Hà Nội,Xã Tây Phương,21.0403672,105.6115528,163,Unhealthy,3,16.6,95,0.0,4.4,99,1016.2,100,69.8,71.0,746.0,48.0,27.0,37.5
2026-01-15 03:00:00,2026,1,15,3,Hà Nội,Xã Tây Phương,21.0403672,105.6115528,163,Unhealthy,3,17.2,92,0.0,4.2,97,1015.9,100,72.4,73.3,787.0,47.2,25.0,36.2
2026-01-15 04:00:00,2026,1,15,4,Hà Nội,Xã Tây Phương,21.0403672,105.6115528,162,Unhealthy,3,17.3,91,0.0,4.3,112,1015.8,100,75.4,76.6,853.0,47.3,22.0,36.4
2026-01-15 05:00:00,2026,1,15,5,Hà Nội,Xã Tây Phương,21.0403672,105.6115528,162,Unhealthy,3,17.5,91,0.0,4.8,124,1015.8,100,79.4,80.3,995.0,48.9,17.0,37.8
2026-01-15 06:00:00,2026,1,15,6,Hà Nội,Xã Tây Phương,21.0403672,105.6115528,162,Unhealthy,3,17.5,91,0.0,4.5,113,1016.5,100,83.1,84.1,1161.0,51.3,11.0,40.7
2026-01-15 07:00:00,2026,1,15,7,Hà Nội,Xã Tây Phương,21.0403672,105.6115528,162,Unhealthy,3,17.2,94,0.0,4.2,110,1016.9,73,75.7,76.6,1215.0,52.1,22.0,49.1
2026-01-15 08:00:00,2026,1,15,8,Hà Nội,Xã Tây Phương,21.0403672,105.6115528,161,Unhealthy,3,18.1,90,0.1,3.6,120,1017.5,40,77.3,78.2,1056.0,51.9,29.0,55.3
2026-01-15 09:00:00,2026,1,15,9,Hà Nội,Xã Tây Phương,21.0403672,105.6115528,160,Unhealthy,3,19.7,83,0.0,4.7,118,1017.8,78,75.7,76.8,785.0,51.5,39.0,63.8
2026-01-15 10:00:00,2026,1,15,10,Hà Nội,Xã Tây Phương,21.0403672,105.6115528,160,Unhealthy,3,21.5,75,0.0,6.4,112,1017.8,96,72.6,74.0,566.0,50.7,49.0,69.1
2026-01-15 11:00:00,2026,1,15,11,Hà Nội,Xã Tây Phương,21.0403672,105.6115528,160,Unhealthy,3,22.4,70,0.1,7.6,118,1016.9,95,68.9,70.3,465.0,49.1,58.0,68.1
2026-01-15 12:00:00,2026,1,15,12,Hà Nội,Xã Tây Phương,21.0403672,105.6115528,160,Unhealthy,3,23.2,66,0.1,8.4,137,1015.5,94,68.9,70.5,416.0,47.2,68.0,64.0
2026-01-15 13:00:00,2026,1,15,13,Hà Nội,Xã Tây Phương,21.0403672,105.6115528,160,Unhealthy,3,23.5,63,0.0,10.2,150,1014.5,100,66.6,68.0,392.0,45.9,75.0,60.5
2026-01-15 14:00:00,2026,1,15,14,Hà Nội,Xã Tây Phương,21.0403672,105.6115528,160,Unhealthy,3,23.4,63,0.0,10.9,153,1013.4,100,65.4,67.1,387.0,44.6,80.0,58.6
2026-01-15 15:00:00,2026,1,15,15,Hà Nội,Xã Tây Phương,21.0403672,105.6115528,160,Unhealthy,3,23.4,63,0.0,11.1,144,1012.5,100,65.2,66.8,406.0,44.0,84.0,57.4
2026-01-15 16:00:00,2026,1,15,16,Hà Nội,Xã Tây Phương,21.0403672,105.6115528,160,Unhealthy,3,22.6,67,0.0,12.1,130,1012.4,100,68.2,69.6,437.0,46.7,81.0,57.9
2026-01-15 17:00:00,2026,1,15,17,Hà Nội,Xã Tây Phương,21.0403672,105.6115528,160,Unhealthy,3,21.8,72,0.0,10.8,133,1012.4,100,73.8,75.2,485.0,55.6,69.0,61.2
2026-01-15 18:00:00,2026,1,15,18,Hà Nội,Xã Tây Phương,21.0403672,105.6115528,160,Unhealthy,3,21.2,76,0.0,8.2,139,1012.4,100,90.6,92.2,544.0,67.9,51.0,66.3
2026-01-15 19:00:00,2026,1,15,19,Hà Nội,Xã Tây Phương,21.0403672,105.6115528,160,Unhealthy,3,19.1,90,0.0,4.7,130,1013.0,14,105.2,106.9,592.0,81.1,31.0,66.6
2026-01-15 20:00:00,2026,1,15,20,Hà Nội,Xã Tây Phương,21.0403672,105.6115528,161,Unhealthy,3,18.7,92,0.0,4.4,148,1013.3,27,117.3,119.0,622.0,81.6,28.0,69.6
2026-01-15 21:00:00,2026,1,15,21,Hà Nội,Xã Tây Phương,21.0403672,105.6115528,161,Unhealthy,3,18.4,93,0.0,4.7,157,1013.3,79,122.0,123.9,640.0,82.3,23.0,73.7
2026-01-15 22:00:00,2026,1,15,22,Hà Nội,Xã Tây Phương,21.0403672,105.6115528,162,Unhealthy,3,19.0,92,0.0,6.4,153,1013.4,100,129.5,131.3,638.0,82.3,18.0,75.8
2026-01-15 23:00:00,2026,1,15,23,Hà Nội,Xã Tây Phương,21.0403672,105.6115528,163,Unhealthy,3,19.0,92,0.0,8.7,150,1013.3,11,134.1,136.0,606.0,81.6,14.0,74.5
2026-01-16 00:00:00,2026,1,16,0,Hà Nội,Xã Tây Phương,21.0403672,105.6115528,164,Unhealthy,3,18.1,96,0.0,9.0,154,1013.0,13,131.8,133.6,554.0,80.2,10.0,71.3
2026-01-16 01:00:00,2026,1,16,1,Hà Nội,Xã Tây Phương,21.0403672,105.6115528,166,Unhealthy,3,17.7,98,0.0,9.0,149,1012.9,16,123.4,125.3,508.0,77.3,8.0,67.3
2026-01-16 02:00:00,2026,1,16,2,Hà Nội,Xã Tây Phương,21.0403672,105.6115528,167,Unhealthy,3,17.6,98,0.0,9.2,147,1012.0,27,113.2,114.8,473.0,71.7,7.0,61.9
2026-01-16 03:00:00,2026,1,16,3,Hà Nội,Xã Tây Phương,21.0403672,105.6115528,168,Unhealthy,3,17.5,99,0.0,9.6,150,1011.7,100,105.5,107.1,444.0,64.6,7.0,55.7
2026-01-16 04:00:00,2026,1,16,4,Hà Nội,Xã Tây Phương,21.0403672,105.6115528,169,Unhealthy,3,17.6,100,0.0,9.8,150,1011.6,100,100.1,101.7,427.0,58.4,8.0,51.5
2026-01-16 05:00:00,2026,1,16,5,Hà Nội,Xã Tây Phương,21.0403672,105.6115528,169,Unhealthy,3,18.0,100,0.0,11.2,148,1011.8,100,94.3,95.7,432.0,54.7,7.0,51.6
2026-01-16 06:00:00,2026,1,16,6,Hà Nội,Xã Tây Phương,21.0403672,105.6115528,170,Unhealthy,3,18.5,96,0.0,11.2,154,1012.2,86,89.2,90.3,448.0,51.9,7.0,53.5
2026-01-16 07:00:00,2026,1,16,7,Hà Nội,Xã Tây Phương,21.0403672,105.6115528,170,Unhealthy,3,18.6,95,0.0,12.2,154,1012.8,98,84.5,85.9,451.0,51.5,9.0,57.8
2026-01-16 08:00:00,2026,1,16,8,Hà Nội,Xã Tây Phương,21.0403672,105.6115528,170,Unhealthy,3,19.6,88,0.0,14.3,162,1013.2,84,60.8,61.9,425.0,45.2,22.0,55.4
2026-01-16 09:00:00,2026,1,16,9,Hà Nội,Xã Tây Phương,21.0403672,105.6115528,170,Unhealthy,3,21.0,80,0.0,11.4,165,1014.0,89,53.3,54.4,386.0,36.4,40.0,51.8
2026-01-16 10:00:00,2026,1,16,10,Hà Nội,Xã Tây Phương,21.0403672,105.6115528,169,Unhealthy,3,22.5,73,0.0,9.1,166,1013.7,85,53.6,54.4,356.0,28.8,58.0,47.1
2026-01-16 11:00:00,2026,1,16,11,Hà Nội,Xã Tây Phương,21.0403672,105.6115528,169,Unhealthy,3,23.6,68,0.1,8.5,173,1013.0,100,48.4,49.2,347.0,23.5,74.0,40.5
2026-01-16 12:00:00,2026,1,16,12,Hà Nội,Xã Tây Phương,21.0403672,105.6115528,168,Unhealthy,3,24.2,65,0.0,8.3,167,1011.7,100,43.8,44.6,349.0,19.4,89.0,32.8
2026-01-16 13:00:00,2026,1,16,13,Hà Nội,Xã Tây Phương,21.0403672,105.6115528,168,Unhealthy,3,24.5,63,0.0,9.0,149,1010.6,85,43.8,44.5,349.0,16.6,101.0,27.1
2026-01-16 14:00:00,2026,1,16,14,Hà Nội,Xã Tây Phương,21.0403672,105.6115528,167,Unhealthy,3,25.8,58,0.0,9.5,159,1009.3,98,44.7,45.3,342.0,13.4,112.0,24.1
2026-01-16 15:00:00,2026,1,16,15,Hà Nội,Xã Tây Phương,21.0403672,105.6115528,167,Unhealthy,3,26.4,55,0.0,9.6,139,1008.6,7,44.6,45.1,334.0,11.6,120.0,23.1
2026-01-16 16:00:00,2026,1,16,16,Hà Nội,Xã Tây Phương,21.0403672,105.6115528,166,Unhealthy,3,26.4,55,0.0,10.4,122,1008.2,5,44.2,44.7,335.0,16.3,117.0,24.8
2026-01-16 17:00:00,2026,1,16,17,Hà Nội,Xã Tây Phương,21.0403672,105.6115528,166,Unhealthy,3,25.2,61,0.0,6.7,110,1008.4,35,50.6,51.0,352.0,33.9,92.0,31.1
2026-01-16 18:00:00,2026,1,16,18,Hà Nội,Xã Tây Phương,21.0403672,105.6115528,165,Unhealthy,3,22.6,72,0.0,5.9,92,1009.0,17,75.7,76.1,377.0,58.2,56.0,40.3
2026-01-16 19:00:00,2026,1,16,19,Hà Nội,Xã Tây Phương,21.0403672,105.6115528,165,Unhealthy,3,22.4,76,0.0,12.7,134,1009.9,83,90.3,91.0,401.0,67.2,34.0,46.4
2026-01-16 20:00:00,2026,1,16,20,Hà Nội,Xã Tây Phương,21.0403672,105.6115528,165,Unhealthy,3,22.0,77,0.0,14.7,152,1010.8,10,99.2,99.7,421.0,69.7,28.0,50.0
2026-01-16 21:00:00,2026,1,16,21,Hà Nội,Xã Tây Phương,21.0403672,105.6115528,164,Unhealthy,3,20.7,83,0.0,15.2,154,1011.3,9,101.3,101.7,439.0,73.0,21.0,54.7
2026-01-16 22:00:00,2026,1,16,22,Hà Nội,Xã Tây Phương,21.0403672,105.6115528,164,Unhealthy,3,19.8,89,0.0,14.8,154,1011.5,18,102.9,103.6,455.0,74.5,15.0,57.0
2026-01-16 23:00:00,2026,1,16,23,Hà Nội,Xã Tây Phương,21.0403672,105.6115528,163,Unhealthy,3,19.2,94,0.0,11.6,148,1011.6,15,99.7,100.4,465.0,72.6,13.0,54.9
2026-01-17 00:00:00,2026,1,17,0,Hà Nội,Xã Tây Phương,21.0403672,105.6115528,162,Unhealthy,3,18.9,97,0.0,9.4,135,1011.5,18,89.6,90.3,472.0,68.9,13.0,50.3
2026-01-17 01:00:00,2026,1,17,1,Hà Nội,Xã Tây Phương,21.0403672,105.6115528,162,Unhealthy,3,19.3,98,0.0,13.4,140,1011.5,54,80.3,81.7,484.0,64.9,13.0,45.6
2026-01-17 02:00:00,2026,1,17,2,Hà Nội,Xã Tây Phương,21.0403672,105.6115528,161,Unhealthy,3,19.3,98,0.0,11.2,138,1011.0,100,75.0,76.4,504.0,60.8,12.0,40.5
2026-01-17 03:00:00,2026,1,17,3,Hà Nội,Xã Tây Phương,21.0403672,105.6115528,160,Unhealthy,3,19.3,98,0.0,9.5,127,1010.9,100,75.2,76.6,528.0,56.5,12.0,35.3
2026-01-17 04:00:00,2026,1,17,4,Hà Nội,Xã Tây Phương,21.0403672,105.6115528,159,Unhealthy,3,19.3,98,0.0,10.3,136,1010.8,100,75.0,76.1,559.0,53.2,11.0,32.6
2026-01-17 05:00:00,2026,1,17,5,Hà Nội,Xã Tây Phương,21.0403672,105.6115528,159,Unhealthy,3,19.4,98,0.0,9.0,142,1011.0,100,73.8,75.0,613.0,52.0,9.0,34.1
2026-01-17 06:00:00,2026,1,17,6,Hà Nội,Xã Tây Phương,21.0403672,105.6115528,158,Unhealthy,3,19.4,98,0.3,6.8,138,1011.2,100,71.2,72.4,672.0,51.7,8.0,38.2
2026-01-17 07:00:00,2026,1,17,7,Hà Nội,Xã Tây Phương,21.0403672,105.6115528,158,Unhealthy,3,19.0,98,1.0,3.7,137,1012.0,100,73.1,74.5,689.0,54.4,6.0,47.4
2026-01-17 08:00:00,2026,1,17,8,Hà Nội,Xã Tây Phương,21.0403672,105.6115528,157,Unhealthy,3,19.6,97,0.1,3.9,118,1012.9,48,61.0,62.4,624.0,50.1,14.0,51.0
2026-01-17 09:00:00,2026,1,17,9,Hà Nội,Xã Tây Phương,21.0403672,105.6115528,157,Unhealthy,3,21.1,87,0.0,5.1,138,1013.6,54,46.0,47.3,515.0,44.0,26.0,55.6
2026-01-17 10:00:00,2026,1,17,10,Hà Nội,Xã Tây Phương,21.0403672,105.6115528,157,Unhealthy,3,23.0,75,0.1,4.9,180,1013.5,32,44.4,45.4,432.0,38.1,39.0,57.0
2026-01-17 11:00:00,2026,1,17,11,Hà Nội,Xã Tây Phương,21.0403672,105.6115528,157,Unhealthy,3,24.0,71,0.1,2.2,171,1013.0,40,41.2,42.5,401.0,32.7,53.0,52.2
2026-01-17 12:00:00,2026,1,17,12,Hà Nội,Xã Tây Phương,21.0403672,105.6115528,157,Unhealthy,3,24.7,69,0.0,5.1,100,1011.6,100,36.1,37.3,396.0,27.6,69.0,44.2
2026-01-17 13:00:00,2026,1,17,13,Hà Nội,Xã Tây Phương,21.0403672,105.6115528,157,Unhealthy,3,22.0,79,0.8,9.7,90,1011.1,59,36.0,37.3,402.0,23.9,82.0,37.7
2026-01-17 14:00:00,2026,1,17,14,Hà Nội,Xã Tây Phương,21.0403672,105.6115528,157,Unhealthy,3,23.8,72,0.0,8.7,97,1009.9,53,42.1,43.3,423.0,21.0,94.0,34.2
2026-01-17 15:00:00,2026,1,17,15,Hà Nội,Xã Tây Phương,21.0403672,105.6115528,157,Unhealthy,3,24.1,70,0.0,9.6,99,1008.9,28,43.0,43.9,455.0,19.5,103.0,32.3
2026-01-17 16:00:00,2026,1,17,16,Hà Nội,Xã Tây Phương,21.0403672,105.6115528,156,Unhealthy,3,23.4,73,0.0,13.9,115,1008.8,48,44.0,44.8,477.0,22.4,102.0,32.3
2026-01-17 17:00:00,2026,1,17,17,Hà Nội,Xã Tây Phương,21.0403672,105.6115528,156,Unhealthy,3,22.4,77,0.0,14.0,118,1009.2,100,49.1,49.7,476.0,33.6,84.0,35.5
2026-01-17 18:00:00,2026,1,17,18,Hà Nội,Xã Tây Phương,21.0403672,105.6115528,156,Unhealthy,3,21.4,82,0.0,12.3,119,1010.0,56,61.5,61.9,465.0,49.3,57.0,40.8
2026-01-17 19:00:00,2026,1,17,19,Hà Nội,Xã Tây Phương,21.0403672,105.6115528,156,Unhealthy,3,20.4,91,0.0,10.3,130,1010.4,65,51.9,52.2,455.0,59.8,34.0,45.7
2026-01-17 20:00:00,2026,1,17,20,Hà Nội,Xã Tây Phương,21.0403672,105.6115528,155,Unhealthy,3,20.5,89,0.0,11.7,136,1010.5,100,48.8,49.0,452.0,59.3,32.0,46.5
2026-01-17 21:00:00,2026,1,17,21,Hà Nội,Xã Tây Phương,21.0403672,105.6115528,154,Unhealthy,3,20.5,87,0.0,10.5,143,1010.9,100,43.2,43.3,451.0,58.6,29.0,47.6
2026-01-17 22:00:00,2026,1,17,22,Hà Nội,Xã Tây Phương,21.0403672,105.6115528,153,Unhealthy,3,20.4,85,0.0,10.4,152,1011.1,100,43.7,43.9,452.0,57.1,28.0,48.2
2026-01-17 23:00:00,2026,1,17,23,Hà Nội,Xã Tây Phương,21.0403672,105.6115528,152,Unhealthy,3,20.2,84,0.0,10.0,144,1010.9,100,46.6,46.8,455.0,54.6,28.0,47.8
2026-01-18 00:00:00,2026,1,18,0,Hà Nội,Xã Tây Phương,21.0403672,105.6115528,150,Unhealthy for Sensitive Groups,2,19.9,85,0.0,10.2,138,1010.9,91,48.1,48.4,460.0,51.5,30.0,46.8
2026-01-18 01:00:00,2026,1,18,1,Hà Nội,Xã Tây Phương,21.0403672,105.6115528,148,Unhealthy for Sensitive Groups,2,19.0,91,0.0,8.3,124,1011.0,100,49.1,49.7,465.0,48.2,32.0,45.8
2026-01-18 02:00:00,2026,1,18,2,Hà Nội,Xã Tây Phương,21.0403672,105.6115528,144,Unhealthy for Sensitive Groups,2,19.2,90,0.0,8.4,125,1010.4,100,51.0,51.7,469.0,44.4,35.0,44.7
2026-01-18 03:00:00,2026,1,18,3,Hà Nội,Xã Tây Phương,21.0403672,105.6115528,142,Unhealthy for Sensitive Groups,2,19.0,92,0.2,6.8,107,1010.2,99,53.1,53.8,474.0,40.4,38.0,43.6
2026-01-18 04:00:00,2026,1,18,4,Hà Nội,Xã Tây Phương,21.0403672,105.6115528,140,Unhealthy for Sensitive Groups,2,18.8,94,0.3,6.8,93,1010.0,100,53.7,54.5,484.0,38.1,39.0,42.8
2026-01-18 05:00:00,2026,1,18,5,Hà Nội,Xã Tây Phương,21.0403672,105.6115528,137,Unhealthy for Sensitive Groups,2,18.5,96,0.1,6.3,93,1010.0,99,54.4,55.3,512.0,39.3,36.0,42.7
2026-01-18 06:00:00,2026,1,18,6,Hà Nội,Xã Tây Phương,21.0403672,105.6115528,135,Unhealthy for Sensitive Groups,2,18.5,97,0.1,5.8,95,1010.6,98,55.8,56.7,544.0,42.0,31.0,43.0
2026-01-18 07:00:00,2026,1,18,7,Hà Nội,Xã Tây Phương,21.0403672,105.6115528,134,Unhealthy for Sensitive Groups,2,18.2,96,0.1,8.1,94,1011.6,100,60.1,61.0,548.0,44.0,28.0,44.0
2026-01-18 08:00:00,2026,1,18,8,Hà Nội,Xã Tây Phương,21.0403672,105.6115528,132,Unhealthy for Sensitive Groups,2,18.9,94,0.0,9.8,114,1012.0,100,59.8,61.0,495.0,42.3,32.0,47.1
2026-01-18 09:00:00,2026,1,18,9,Hà Nội,Xã Tây Phương,21.0403672,105.6115528,132,Unhealthy for Sensitive Groups,2,19.8,90,0.0,9.2,125,1012.5,100,54.9,55.9,413.0,39.8,39.0,51.0
2026-01-18 10:00:00,2026,1,18,10,Hà Nội,Xã Tây Phương,21.0403672,105.6115528,133,Unhealthy for Sensitive Groups,2,21.2,84,0.0,7.5,143,1012.9,100,45.9,46.8,350.0,35.9,50.0,51.9
2026-01-18 11:00:00,2026,1,18,11,Hà Nội,Xã Tây Phương,21.0403672,105.6115528,133,Unhealthy for Sensitive Groups,2,22.8,77,0.1,7.1,153,1012.1,100,34.5,35.2,328.0,29.4,68.0,46.6
2026-01-18 12:00:00,2026,1,18,12,Hà Nội,Xã Tây Phương,21.0403672,105.6115528,133,Unhealthy for Sensitive Groups,2,23.6,73,0.1,4.7,137,1010.9,100,32.6,33.3,325.0,21.5,90.0,38.1
2026-01-18 13:00:00,2026,1,18,13,Hà Nội,Xã Tây Phương,21.0403672,105.6115528,132,Unhealthy for Sensitive Groups,2,24.6,67,0.0,1.6,63,1009.8,30,29.7,30.3,322.0,15.9,108.0,31.8
2026-01-18 14:00:00,2026,1,18,14,Hà Nội,Xã Tây Phương,21.0403672,105.6115528,132,Unhealthy for Sensitive Groups,2,26.2,60,0.0,4.0,120,1008.6,63,29.4,29.9,307.0,13.5,120.0,29.6
2026-01-18 15:00:00,2026,1,18,15,Hà Nội,Xã Tây Phương,21.0403672,105.6115528,130,Unhealthy for Sensitive Groups,2,26.8,57,0.0,8.5,108,1007.7,27,29.7,30.3,292.0,13.3,127.0,29.5
2026-01-18 16:00:00,2026,1,18,16,Hà Nội,Xã Tây Phương,21.0403672,105.6115528,129,Unhealthy for Sensitive Groups,2,26.9,55,0.0,11.4,114,1007.4,4,30.2,30.7,298.0,15.6,126.0,30.6
2026-01-18 17:00:00,2026,1,18,17,Hà Nội,Xã Tây Phương,21.0403672,105.6115528,128,Unhealthy for Sensitive Groups,2,24.6,67,0.0,19.1,119,1007.9,13,33.5,34.0,343.0,22.2,112.0,33.5
2026-01-18 18:00:00,2026,1,18,18,Hà Nội,Xã Tây Phương,21.0403672,105.6115528,126,Unhealthy for Sensitive Groups,2,22.5,77,0.0,16.4,128,1008.4,23,39.1,39.5,408.0,31.2,91.0,37.5
2026-01-18 19:00:00,2026,1,18,19,Hà Nội,Xã Tây Phương,21.0403672,105.6115528,124,Unhealthy for Sensitive Groups,2,21.9,82,0.0,15.5,135,1009.1,28,57.7,58.8,456.0,36.8,75.0,39.1
2026-01-18 20:00:00,2026,1,18,20,Hà Nội,Xã Tây Phương,21.0403672,105.6115528,124,Unhealthy for Sensitive Groups,2,21.6,82,0.0,17.2,142,1009.8,10,57.9,58.8,469.0,36.1,71.0,38.5
2026-01-18 21:00:00,2026,1,18,21,Hà Nội,Xã Tây Phương,21.0403672,105.6115528,125,Unhealthy for Sensitive Groups,2,20.7,86,0.0,16.6,150,1010.3,21,58.4,59.4,465.0,35.1,66.0,37.7
2026-01-18 22:00:00,2026,1,18,22,Hà Nội,Xã Tây Phương,21.0403672,105.6115528,127,Unhealthy for Sensitive Groups,2,19.9,91,0.0,15.4,148,1010.8,27,61.0,62.2,462.0,34.0,61.0,37.0
2026-01-18 23:00:00,2026,1,18,23,Hà Nội,Xã Tây Phương,21.0403672,105.6115528,129,Unhealthy for Sensitive Groups,2,19.5,95,0.0,14.7,144,1010.8,63,63.8,65.0,465.0,33.0,58.0,36.5
2026-01-19 00:00:00,2026,1,19,0,Hà Nội,Xã Tây Phương,21.0403672,105.6115528,130,Unhealthy for Sensitive Groups,2,19.1,98,0.0,13.8,143,1010.6,63,64.0,65.2,470.0,32.0,55.0,36.2
2026-01-19 01:00:00,2026,1,19,1,Hà Nội,Xã Tây Phương,21.0403672,105.6115528,132,Unhealthy for Sensitive Groups,2,19.8,98,0.0,14.4,148,1010.2,23,64.3,65.4,477.0,31.0,53.0,35.9
2026-01-19 02:00:00,2026,1,19,2,Hà Nội,Xã Tây Phương,21.0403672,105.6115528,134,Unhealthy for Sensitive Groups,2,19.4,98,0.0,12.9,143,1009.5,24,65.7,66.8,489.0,29.7,51.0,35.4
2026-01-19 03:00:00,2026,1,19,3,Hà Nội,Xã Tây Phương,21.0403672,105.6115528,135,Unhealthy for Sensitive Groups,2,19.0,98,0.0,12.1,137,1009.4,29,67.1,68.5,504.0,28.5,49.0,35.0
2026-01-19 04:00:00,2026,1,19,4,Hà Nội,Xã Tây Phương,21.0403672,105.6115528,137,Unhealthy for Sensitive Groups,2,18.9,98,0.0,11.9,132,1009.2,34,67.5,68.9,519.0,28.2,48.0,35.1
2026-01-19 05:00:00,2026,1,19,5,Hà Nội,Xã Tây Phương,21.0403672,105.6115528,138,Unhealthy for Sensitive Groups,2,18.8,98,0.0,11.5,129,1009.5,84,66.4,67.8,542.0,29.5,46.0,36.0
2026-01-19 06:00:00,2026,1,19,6,Hà Nội,Xã Tây Phương,21.0403672,105.6115528,139,Unhealthy for Sensitive Groups,2,18.7,98,0.0,11.2,125,1010.4,86,66.4,67.8,566.0,31.8,45.0,37.4
2026-01-19 07:00:00,2026,1,19,7,Hà Nội,Xã Tây Phương,21.0403672,105.6115528,140,Unhealthy for Sensitive Groups,2,18.9,98,0.0,11.8,124,1011.7,100,81.5,83.4,564.0,37.3,37.0,42.2
2026-01-19 08:00:00,2026,1,19,8,Hà Nội,Xã Tây Phương,21.0403672,105.6115528,143,Unhealthy for Sensitive Groups,2,19.1,96,0.0,14.3,138,1012.7,100,72.2,74.3,516.0,36.3,41.0,41.7
2026-01-19 09:00:00,2026,1,19,9,Hà Nội,Xã Tây Phương,21.0403672,105.6115528,144,Unhealthy for Sensitive Groups,2,19.9,91,0.1,15.7,150,1013.3,95,61.5,63.1,442.0,34.8,47.0,40.9
2026-01-19 10:00:00,2026,1,19,10,Hà Nội,Xã Tây Phương,21.0403672,105.6115528,145,Unhealthy for Sensitive Groups,2,22.4,75,0.1,19.1,162,1013.6,87,57.7,59.4,380.0,32.8,54.0,40.0
2026-01-19 11:00:00,2026,1,19,11,Hà Nội,Xã Tây Phương,21.0403672,105.6115528,146,Unhealthy for Sensitive Groups,2,24.0,65,0.0,19.3,165,1012.7,100,53.1,54.6,343.0,29.9,63.0,39.0
2026-01-19 12:00:00,2026,1,19,12,Hà Nội,Xã Tây Phương,21.0403672,105.6115528,148,Unhealthy for Sensitive Groups,2,24.7,62,0.0,16.9,173,1011.6,100,51.3,52.9,317.0,26.5,73.0,37.7
2026-01-19 13:00:00,2026,1,19,13,Hà Nội,Xã Tây Phương,21.0403672,105.6115528,150,Unhealthy for Sensitive Groups,2,25.1,60,0.0,14.8,170,1010.6,76,49.8,51.3,301.0,23.5,83.0,36.1
2026-01-19 14:00:00,2026,1,19,14,Hà Nội,Xã Tây Phương,21.0403672,105.6115528,150,Unhealthy for Sensitive Groups,2,26.1,56,0.0,17.2,169,1009.6,60,47.0,48.3,293.0,20.2,93.0,33.3
2026-01-19 15:00:00,2026,1,19,15,Hà Nội,Xã Tây Phương,21.0403672,105.6115528,151,Unhealthy,3,26.7,53,0.0,16.9,163,1008.7,31,43.4,44.6,295.0,17.4,103.0,30.2
2026-01-19 16:00:00,2026,1,19,16,Hà Nội,Xã Tây Phương,21.0403672,105.6115528,151,Unhealthy,3,26.2,54,0.0,17.1,159,1008.5,14,41.7,42.7,305.0,17.5,106.0,28.8
2026-01-19 17:00:00,2026,1,19,17,Hà Nội,Xã Tây Phương,21.0403672,105.6115528,151,Unhealthy,3,25.2,59,0.0,15.2,154,1008.7,23,42.1,42.8,329.0,23.3,97.0,30.9
2026-01-19 18:00:00,2026,1,19,18,Hà Nội,Xã Tây Phương,21.0403672,105.6115528,152,Unhealthy,3,23.6,64,0.0,17.1,148,1009.3,58,44.5,45.2,362.0,32.2,81.0,34.7
2026-01-19 19:00:00,2026,1,19,19,Hà Nội,Xã Tây Phương,21.0403672,105.6115528,152,Unhealthy,3,22.8,73,0.0,17.2,149,1010.1,64,45.3,46.3,391.0,36.1,73.0,35.4
2026-01-19 20:00:00,2026,1,19,20,Hà Nội,Xã Tây Phương,21.0403672,105.6115528,151,Unhealthy,3,21.9,77,0.0,18.0,153,1010.6,63,42.8,43.8,413.0,36.7,67.0,35.8
2026-01-19 21:00:00,2026,1,19,21,Hà Nội,Xã Tây Phương,21.0403672,105.6115528,151,Unhealthy,3,21.0,82,0.0,16.7,155,1011.0,78,43.1,44.2,431.0,37.6,58.0,36.4
2026-01-19 22:00:00,2026,1,19,22,Hà Nội,Xã Tây Phương,21.0403672,105.6115528,151,Unhealthy,3,20.3,88,0.0,15.5,154,1011.6,67,46.6,47.8,444.0,38.4,51.0,36.6
2026-01-19 23:00:00,2026,1,19,23,Hà Nội,Xã Tây Phương,21.0403672,105.6115528,150,Unhealthy for Sensitive Groups,2,19.8,94,0.0,14.3,152,1011.7,80,49.5,50.8,450.0,39.0,46.0,36.1
2026-01-20 00:00:00,2026,1,20,0,Hà Nội,Xã Tây Phương,21.0403672,105.6115528,150,Unhealthy for Sensitive Groups,2,19.4,97,0.0,13.7,150,1011.6,52,49.7,51.1,450.0,39.4,41.0,35.2
2026-01-20 01:00:00,2026,1,20,1,Hà Nội,Xã Tây Phương,21.0403672,105.6115528,149,Unhealthy for Sensitive Groups,2,20.0,97,0.0,14.6,156,1011.5,22,49.4,50.8,448.0,39.5,38.0,34.4
2026-01-20 02:00:00,2026,1,20,2,Hà Nội,Xã Tây Phương,21.0403672,105.6115528,147,Unhealthy for Sensitive Groups,2,20.0,97,0.0,13.7,155,1010.8,55,49.5,51.0,439.0,38.7,36.0,33.8
2026-01-20 03:00:00,2026,1,20,3,Hà Nội,Xã Tây Phương,21.0403672,105.6115528,146,Unhealthy for Sensitive Groups,2,19.9,97,0.0,11.6,154,1010.6,97,50.1,51.6,429.0,37.5,35.0,33.2
2026-01-20 04:00:00,2026,1,20,4,Hà Nội,Xã Tây Phương,21.0403672,105.6115528,144,Unhealthy for Sensitive Groups,2,19.9,97,0.0,11.0,150,1010.7,100,50.8,52.2,437.0,37.0,33.0,33.1
2026-01-20 05:00:00,2026,1,20,5,Hà Nội,Xã Tây Phương,21.0403672,105.6115528,142,Unhealthy for Sensitive Groups,2,19.8,98,0.0,11.5,145,1011.2,100,50.8,52.0,493.0,38.4,29.0,33.8
2026-01-20 06:00:00,2026,1,20,6,Hà Nội,Xã Tây Phương,21.0403672,105.6115528,140,Unhealthy for Sensitive Groups,2,20.0,97,0.0,12.2,143,1012.0,100,50.6,51.8,568.0,40.5,25.0,34.8
2026-01-20 07:00:00,2026,1,20,7,Hà Nội,Xã Tây Phương,21.0403672,105.6115528,139,Unhealthy for Sensitive Groups,2,20.1,95,0.0,12.0,140,1013.4,100,40.0,40.7,593.0,36.1,32.0,35.3
2026-01-20 08:00:00,2026,1,20,8,Hà Nội,Xã Tây Phương,21.0403672,105.6115528,134,Unhealthy for Sensitive Groups,2,20.9,90,0.1,15.4,151,1014.3,84,35.5,36.3,518.0,33.1,40.0,33.8
2026-01-20 09:00:00,2026,1,20,9,Hà Nội,Xã Tây Phương,21.0403672,105.6115528,131,Unhealthy for Sensitive Groups,2,22.2,80,0.1,15.8,161,1015.1,49,33.6,34.5,392.0,28.8,51.0,31.7
2026-01-20 10:00:00,2026,1,20,10,Hà Nội,Xã Tây Phương,21.0403672,105.6115528,128,Unhealthy for Sensitive Groups,2,23.8,70,0.2,15.0,160,1015.5,37,26.3,27.2,298.0,25.0,61.0,29.9
2026-01-20 11:00:00,2026,1,20,11,Hà Nội,Xã Tây Phương,21.0403672,105.6115528,124,Unhealthy for Sensitive Groups,2,24.5,67,0.3,16.2,153,1015.1,57,25.3,26.3,272.0,22.1,69.0,28.9
2026-01-20 12:00:00,2026,1,20,12,Hà Nội,Xã Tây Phương,21.0403672,105.6115528,122,Unhealthy for Sensitive Groups,2,25.5,63,0.4,15.5,154,1014.1,55,24.0,24.9,276.0,19.7,76.0,28.3
2026-01-20 13:00:00,2026,1,20,13,Hà Nội,Xã Tây Phương,21.0403672,105.6115528,119,Unhealthy for Sensitive Groups,2,25.9,60,0.1,15.5,155,1013.5,44,24.4,25.3,282.0,18.2,82.0,27.8
2026-01-20 14:00:00,2026,1,20,14,Hà Nội,Xã Tây Phương,21.0403672,105.6115528,116,Unhealthy for Sensitive Groups,2,25.1,64,0.3,16.0,151,1012.5,34,24.6,25.4,276.0,17.6,88.0,27.2
2026-01-20 15:00:00,2026,1,20,15,Hà Nội,Xã Tây Phương,21.0403672,105.6115528,114,Unhealthy for Sensitive Groups,2,25.3,63,0.2,16.9,149,1011.7,35,24.8,25.4,271.0,18.0,92.0,26.8
2026-01-20 16:00:00,2026,1,20,16,Hà Nội,Xã Tây Phương,21.0403672,105.6115528,112,Unhealthy for Sensitive Groups,2,24.9,65,0.1,18.7,142,1011.9,13,25.2,25.8,276.0,20.1,91.0,26.9
2026-01-20 17:00:00,2026,1,20,17,Hà Nội,Xã Tây Phương,21.0403672,105.6115528,110,Unhealthy for Sensitive Groups,2,24.1,68,0.0,18.3,139,1012.2,20,25.6,26.1,300.0,25.4,82.0,28.0
2026-01-20 18:00:00,2026,1,20,18,Hà Nội,Xã Tây Phương,21.0403672,105.6115528,108,Unhealthy for Sensitive Groups,2,22.4,76,0.0,18.7,138,1012.8,14,26.7,27.1,334.0,32.2,67.0,29.6
2026-01-20 19:00:00,2026,1,20,19,Hà Nội,Xã Tây Phương,21.0403672,105.6115528,106,Unhealthy for Sensitive Groups,2,21.6,84,0.0,19.7,137,1013.3,22,29.2,30.5,361.0,32.1,57.0,29.9
2026-01-20 20:00:00,2026,1,20,20,Hà Nội,Xã Tây Phương,21.0403672,105.6115528,105,Unhealthy for Sensitive Groups,2,20.9,88,0.0,17.9,135,1014.3,24,30.0,31.3,368.0,33.7,54.0,31.4
2026-01-20 21:00:00,2026,1,20,21,Hà Nội,Xã Tây Phương,21.0403672,105.6115528,103,Unhealthy for Sensitive Groups,2,20.5,91,0.0,14.4,137,1014.8,46,32.5,34.0,369.0,35.7,49.0,33.5
2026-01-20 22:00:00,2026,1,20,22,Hà Nội,Xã Tây Phương,21.0403672,105.6115528,102,Unhealthy for Sensitive Groups,2,20.1,93,0.0,11.2,139,1015.3,72,37.0,38.6,387.0,36.6,45.0,34.3
2026-01-20 23:00:00,2026,1,20,23,Hà Nội,Xã Tây Phương,21.0403672,105.6115528,101,Unhealthy for Sensitive Groups,2,20.0,95,0.0,9.9,128,1015.6,100,41.8,43.4,444.0,35.7,42.0,32.9
2026-01-21 00:00:00,2026,1,21,0,Hà Nội,Xã Tây Phương,21.0403672,105.6115528,101,Unhealthy for Sensitive Groups,2,20.1,94,0.1,10.9,124,1015.8,100,41.0,42.5,519.0,33.5,39.0,30.2
2026-01-21 01:00:00,2026,1,21,1,Hà Nội,Xã Tây Phương,21.0403672,105.6115528,100,Moderate,1,19.5,98,0.1,11.3,123,1015.5,100,37.0,38.0,573.0,30.2,36.0,27.7
2026-01-21 02:00:00,2026,1,21,2,Hà Nội,Xã Tây Phương,21.0403672,105.6115528,99,Moderate,1,20.2,93,0.1,14.0,131,1014.9,100,29.8,30.4,580.0,24.6,31.0,25.5
2026-01-21 03:00:00,2026,1,21,3,Hà Nội,Xã Tây Phương,21.0403672,105.6115528,97,Moderate,1,20.1,93,0.0,15.2,117,1015.0,100,25.6,25.9,565.0,17.9,25.0,23.5
2026-01-21 04:00:00,2026,1,21,4,Hà Nội,Xã Tây Phương,21.0403672,105.6115528,95,Moderate,1,19.2,94,1.0,15.1,115,1015.5,100,23.5,23.7,566.0,13.6,20.0,22.5
2026-01-21 05:00:00,2026,1,21,5,Hà Nội,Xã Tây Phương,21.0403672,105.6115528,92,Moderate,1,18.9,95,0.8,15.0,96,1015.7,100,22.9,23.2,603.0,13.8,18.0,23.1
2026-01-21 06:00:00,2026,1,21,6,Hà Nội,Xã Tây Phương,21.0403672,105.6115528,90,Moderate,1,16.7,93,1.0,19.1,59,1016.7,100,19.3,19.5,655.0,16.3,18.0,24.7
2026-01-21 07:00:00,2026,1,21,7,Hà Nội,Xã Tây Phương,21.0403672,105.6115528,87,Moderate,1,16.5,81,0.2,15.0,58,1017.3,100,22.9,23.2,698.0,17.7,17.0,25.8
2026-01-21 08:00:00,2026,1,21,8,Hà Nội,Xã Tây Phương,21.0403672,105.6115528,86,Moderate,1,16.6,77,0.2,11.2,49,1018.5,100,18.7,19.0,727.0,18.0,18.0,26.7
2026-01-21 09:00:00,2026,1,21,9,Hà Nội,Xã Tây Phương,21.0403672,105.6115528,84,Moderate,1,16.2,76,0.3,13.0,46,1020.2,100,15.5,15.8,746.0,18.4,20.0,27.9
2026-01-21 10:00:00,2026,1,21,10,Hà Nội,Xã Tây Phương,21.0403672,105.6115528,82,Moderate,1,16.1,72,0.1,14.7,47,1020.7,100,17.2,17.7,744.0,18.7,22.0,29.1
2026-01-21 11:00:00,2026,1,21,11,Hà Nội,Xã Tây Phương,21.0403672,105.6115528,82,Moderate,1,16.6,67,0.1,16.1,54,1020.8,100,16.9,17.3,704.0,18.7,25.0,30.2
2026-01-21 12:00:00,2026,1,21,12,Hà Nội,Xã Tây Phương,21.0403672,105.6115528,81,Moderate,1,17.1,63,0.0,16.1,50,1020.1,100,17.5,17.9,643.0,18.7,28.0,31.2
2026-01-21 13:00:00,2026,1,21,13,Hà Nội,Xã Tây Phương,21.0403672,105.6115528,80,Moderate,1,16.3,65,0.0,16.0,46,1019.2,100,19.5,20.0,596.0,19.0,30.0,32.1
2026-01-21 14:00:00,2026,1,21,14,Hà Nội,Xã Tây Phương,21.0403672,105.6115528,80,Moderate,1,16.7,62,0.0,17.4,46,1018.4,100,19.0,19.3,577.0,19.8,31.0,32.6
2026-01-21 15:00:00,2026,1,21,15,Hà Nội,Xã Tây Phương,21.0403672,105.6115528,79,Moderate,1,16.9,61,0.0,18.9,54,1017.9,100,18.7,19.0,572.0,21.0,31.0,32.9
2026-01-21 16:00:00,2026,1,21,16,Hà Nội,Xã Tây Phương,21.0403672,105.6115528,79,Moderate,1,16.1,61,0.0,16.9,56,1018.3,100,19.1,19.3,580.0,22.5,30.0,33.3
2026-01-21 17:00:00,2026,1,21,17,Hà Nội,Xã Tây Phương,21.0403672,105.6115528,78,Moderate,1,15.2,62,0.0,14.8,52,1018.7,100,19.9,20.1,606.0,24.8,28.0,33.9
2026-01-21 18:00:00,2026,1,21,18,Hà Nội,Xã Tây Phương,21.0403672,105.6115528,78,Moderate,1,14.5,64,0.0,13.2,47,1019.1,100,20.6,20.8,645.0,27.5,25.0,34.6
2026-01-21 19:00:00,2026,1,21,19,Hà Nội,Xã Tây Phương,21.0403672,105.6115528,77,Moderate,1,14.2,70,0.0,11.5,45,1019.3,100,14.7,15.0,674.0,28.0,20.0,30.4
2026-01-21 20:00:00,2026,1,21,20,Hà Nội,Xã Tây Phương,21.0403672,105.6115528,76,Moderate,1,13.8,71,0.0,11.6,51,1019.9,100,14.9,15.3,683.0,27.4,21.0,30.7
2026-01-21 21:00:00,2026,1,21,21,Hà Nội,Xã Tây Phương,21.0403672,105.6115528,75,Moderate,1,13.6,71,0.0,9.8,50,1020.5,100,14.9,15.3,683.0,26.6,22.0,31.0
2026-01-21 22:00:00,2026,1,21,22,Hà Nội,Xã Tây Phương,21.0403672,105.6115528,73,Moderate,1,13.1,72,0.0,9.8,47,1020.8,100,15.0,15.4,680.0,25.6,23.0,30.8
2026-01-21 23:00:00,2026,1,21,23,Hà Nội,Xã Tây Phương,21.0403672,105.6115528,71,Moderate,1,12.7,74,0.1,10.8,48,1021.0,100,15.2,15.6,677.0,24.4,24.0,29.8
2026-01-22 00:00:00,2026,1,22,0,Hà Nội,Xã Tây Phương,21.0403672,105.6115528,69,Moderate,1,12.2,76,0.1,12.2,52,1021.4,100,14.6,15.0,671.0,23.0,25.0,28.4
2026-01-22 01:00:00,2026,1,22,1,Hà Nội,Xã Tây Phương,21.0403672,105.6115528,66,Moderate,1,12.1,81,0.1,11.4,49,1021.3,100,13.6,14.1,663.0,21.7,26.0,27.0
2026-01-22 02:00:00,2026,1,22,2,Hà Nội,Xã Tây Phương,21.0403672,105.6115528,64,Moderate,1,11.9,82,0.1,12.0,50,1021.1,100,12.7,13.2,646.0,20.2,27.0,25.7
2026-01-22 03:00:00,2026,1,22,3,Hà Nội,Xã Tây Phương,21.0403672,105.6115528,63,Moderate,1,11.5,82,0.1,13.2,52,1021.3,100,11.4,11.9,627.0,18.7,28.0,24.4
2026-01-22 04:00:00,2026,1,22,4,Hà Nội,Xã Tây Phương,21.0403672,105.6115528,62,Moderate,1,10.9,83,0.1,14.3,49,1021.5,100,10.9,11.5,620.0,17.9,29.0,23.9
2026-01-22 05:00:00,2026,1,22,5,Hà Nội,Xã Tây Phương,21.0403672,105.6115528,60,Moderate,1,10.4,85,0.2,14.2,52,1022.2,100,10.5,11.0,638.0,18.4,28.0,24.6
2026-01-22 06:00:00,2026,1,22,6,Hà Nội,Xã Tây Phương,21.0403672,105.6115528,59,Moderate,1,9.9,87,0.2,15.3,50,1023.1,100,10.7,11.3,670.0,19.6,27.0,26.1
2026-01-22 07:00:00,2026,1,22,7,Hà Nội,Xã Tây Phương,21.0403672,105.6115528,59,Moderate,1,9.9,81,0.1,16.2,45,1024.0,100,9.9,10.3,693.0,18.5,29.0,24.7
2026-01-22 08:00:00,2026,1,22,8,Hà Nội,Xã Tây Phương,21.0403672,105.6115528,57,Moderate,1,9.9,77,0.0,16.7,45,1025.2,100,10.7,11.1,704.0,18.3,30.0,25.0
2026-01-22 09:00:00,2026,1,22,9,Hà Nội,Xã Tây Phương,21.0403672,105.6115528,57,Moderate,1,9.6,77,0.1,16.3,46,1026.3,100,11.0,11.4,707.0,18.0,32.0,25.5
2026-01-22 10:00:00,2026,1,22,10,Hà Nội,Xã Tây Phương,21.0403672,105.6115528,56,Moderate,1,9.8,80,0.2,15.0,46,1027.0,100,10.8,11.2,696.0,17.5,35.0,25.7
2026-01-22 11:00:00,2026,1,22,11,Hà Nội,Xã Tây Phương,21.0403672,105.6115528,56,Moderate,1,10.3,80,0.3,13.2,38,1026.7,100,10.4,10.8,659.0,16.7,39.0,25.5
2026-01-22 12:00:00,2026,1,22,12,Hà Nội,Xã Tây Phương,21.0403672,105.6115528,55,Moderate,1,10.6,78,0.2,12.5,39,1025.7,100,10.9,11.2,608.0,15.7,43.0,25.1
2026-01-22 13:00:00,2026,1,22,13,Hà Nội,Xã Tây Phương,21.0403672,105.6115528,55,Moderate,1,11.2,72,0.1,11.7,38,1024.5,100,12.5,12.5,568.0,15.2,46.0,25.0
2026-01-22 14:00:00,2026,1,22,14,Hà Nội,Xã Tây Phương,21.0403672,105.6115528,54,Moderate,1,11.9,66,0.0,11.0,42,1023.5,100,13.3,13.3,549.0,15.2,49.0,25.2
2026-01-22 15:00:00,2026,1,22,15,Hà Nội,Xã Tây Phương,21.0403672,105.6115528,53,Moderate,1,12.4,63,0.0,10.5,49,1022.7,100,14.2,14.2,542.0,15.7,50.0,25.7
2026-01-22 16:00:00,2026,1,22,16,Hà Nội,Xã Tây Phương,21.0403672,105.6115528,53,Moderate,1,12.6,62,0.0,10.4,53,1022.4,100,15.4,15.4,547.0,17.3,50.0,26.8
2026-01-22 17:00:00,2026,1,22,17,Hà Nội,Xã Tây Phương,21.0403672,105.6115528,53,Moderate,1,12.6,62,0.0,10.0,56,1022.6,100,16.7,16.7,574.0,20.9,46.0,28.9
2026-01-22 18:00:00,2026,1,22,18,Hà Nội,Xã Tây Phương,21.0403672,105.6115528,52,Moderate,1,12.6,62,0.0,9.0,64,1023.0,100,18.8,18.8,614.0,25.5,40.0,31.7
2026-01-22 19:00:00,2026,1,22,19,Hà Nội,Xã Tây Phương,21.0403672,105.6115528,52,Moderate,1,11.9,67,0.0,10.5,59,1023.6,100,19.4,19.4,634.0,21.5,43.0,27.0
2026-01-22 20:00:00,2026,1,22,20,Hà Nội,Xã Tây Phương,21.0403672,105.6115528,53,Moderate,1,11.8,67,0.0,10.7,60,1024.2,100,21.0,21.0,616.0,21.5,42.0,27.6
2026-01-22 21:00:00,2026,1,22,21,Hà Nội,Xã Tây Phương,21.0403672,105.6115528,53,Moderate,1,11.6,67,0.0,9.7,55,1024.5,100,21.5,21.5,579.0,21.5,41.0,28.4
2026-01-22 22:00:00,2026,1,22,22,Hà Nội,Xã Tây Phương,21.0403672,105.6115528,54,Moderate,1,11.4,66,0.0,9.6,49,1024.9,100,22.7,22.7,552.0,21.4,40.0,29.0
2026-01-22 23:00:00,2026,1,22,23,Hà Nội,Xã Tây Phương,21.0403672,105.6115528,55,Moderate,1,11.1,67,0.0,9.6,49,1024.7,100,24.0,24.0,548.0,21.1,40.0,29.2
2026-01-23 00:00:00,2026,1,23,0,Hà Nội,Xã Tây Phương,21.0403672,105.6115528,55,Moderate,1,10.8,67,0.0,8.8,51,1024.6,100,24.5,24.5,553.0,20.7,39.0,29.2
2026-01-23 01:00:00,2026,1,23,1,Hà Nội,Xã Tây Phương,21.0403672,105.6115528,56,Moderate,1,10.4,72,0.0,8.1,55,1024.8,100,24.9,24.9,557.0,20.5,39.0,29.4
2026-01-23 02:00:00,2026,1,23,2,Hà Nội,Xã Tây Phương,21.0403672,105.6115528,57,Moderate,1,10.3,71,0.0,8.4,56,1024.3,100,25.1,25.2,549.0,20.3,39.0,29.7
2026-01-23 03:00:00,2026,1,23,3,Hà Nội,Xã Tây Phương,21.0403672,105.6115528,58,Moderate,1,10.3,70,0.0,8.4,43,1024.1,100,25.4,25.5,540.0,20.3,38.0,30.1
2026-01-23 04:00:00,2026,1,23,4,Hà Nội,Xã Tây Phương,21.0403672,105.6115528,60,Moderate,1,10.4,68,0.0,8.1,37,1024.0,100,26.0,26.1,547.0,20.9,37.0,31.1
2026-01-23 05:00:00,2026,1,23,5,Hà Nội,Xã Tây Phương,21.0403672,105.6115528,61,Moderate,1,10.6,67,0.0,7.5,44,1023.9,100,26.7,26.7,585.0,22.8,35.0,32.9
2026-01-23 06:00:00,2026,1,23,6,Hà Nội,Xã Tây Phương,21.0403672,105.6115528,62,Moderate,1,10.5,67,0.0,7.5,46,1024.4,100,27.4,27.4,639.0,25.3,32.0,35.3
2026-01-23 07:00:00,2026,1,23,7,Hà Nội,Xã Tây Phương,21.0403672,105.6115528,64,Moderate,1,10.4,69,0.0,6.8,55,1025.1,100,27.1,27.2,680.0,25.7,31.0,35.3
2026-01-23 08:00:00,2026,1,23,8,Hà Nội,Xã Tây Phương,21.0403672,105.6115528,65,Moderate,1,10.9,68,0.0,6.3,55,1025.6,100,28.6,28.6,700.0,25.9,31.0,37.6
2026-01-23 09:00:00,2026,1,23,9,Hà Nội,Xã Tây Phương,21.0403672,105.6115528,67,Moderate,1,11.4,67,0.0,6.4,52,1026.1,100,28.9,28.9,707.0,26.2,32.0,40.8
2026-01-23 10:00:00,2026,1,23,10,Hà Nội,Xã Tây Phương,21.0403672,105.6115528,68,Moderate,1,12.1,65,0.0,6.1,56,1026.3,100,29.8,29.8,698.0,25.8,34.0,43.4
2026-01-23 11:00:00,2026,1,23,11,Hà Nội,Xã Tây Phương,21.0403672,105.6115528,70,Moderate,1,12.7,64,0.0,6.0,51,1025.6,100,29.9,29.9,663.0,24.0,40.0,44.7
2026-01-23 12:00:00,2026,1,23,12,Hà Nội,Xã Tây Phương,21.0403672,105.6115528,72,Moderate,1,13.9,61,0.0,6.7,38,1024.4,99,30.0,30.0,612.0,21.6,48.0,45.4
2026-01-23 13:00:00,2026,1,23,13,Hà Nội,Xã Tây Phương,21.0403672,105.6115528,74,Moderate,1,14.4,62,0.0,6.6,41,1023.5,55,31.1,31.1,576.0,20.5,54.0,46.0
2026-01-23 14:00:00,2026,1,23,14,Hà Nội,Xã Tây Phương,21.0403672,105.6115528,75,Moderate,1,15.6,60,0.0,3.6,84,1022.3,55,32.6,32.6,539.0,20.9,59.0,46.4
2026-01-23 15:00:00,2026,1,23,15,Hà Nội,Xã Tây Phương,21.0403672,105.6115528,77,Moderate,1,16.2,60,0.0,4.5,151,1021.4,100,33.6,33.6,517.0,22.6,63.0,46.7
2026-01-23 16:00:00,2026,1,23,16,Hà Nội,Xã Tây Phương,21.0403672,105.6115528,79,Moderate,1,16.1,61,0.0,6.8,130,1021.1,98,35.2,35.2,584.0,27.5,61.0,47.6
2026-01-23 17:00:00,2026,1,23,17,Hà Nội,Xã Tây Phương,21.0403672,105.6115528,80,Moderate,1,15.6,63,0.0,9.0,119,1020.6,98,36.8,36.8,821.0,38.4,48.0,49.9
2026-01-23 18:00:00,2026,1,23,18,Hà Nội,Xã Tây Phương,21.0403672,105.6115528,82,Moderate,1,15.2,67,0.0,3.8,85,1020.6,98,48.4,48.4,1148.0,52.5,29.0,52.8
2026-01-23 19:00:00,2026,1,23,19,Hà Nội,Xã Tây Phương,21.0403672,105.6115528,85,Moderate,1,13.2,76,0.0,8.0,59,1021.6,10,53.8,53.9,1397.0,58.5,13.0,54.2
2026-01-23 20:00:00,2026,1,23,20,Hà Nội,Xã Tây Phương,21.0403672,105.6115528,88,Moderate,1,12.2,81,0.0,6.4,47,1022.1,80,59.0,59.1,1514.0,59.5,10.0,53.8
2026-01-23 21:00:00,2026,1,23,21,Hà Nội,Xã Tây Phương,21.0403672,105.6115528,91,Moderate,1,12.4,78,0.0,6.3,51,1022.4,100,60.5,60.5,1553.0,60.7,6.0,53.2
2026-01-23 22:00:00,2026,1,23,22,Hà Nội,Xã Tây Phương,21.0403672,105.6115528,95,Moderate,1,12.8,76,0.0,5.3,66,1022.9,100,62.6,62.9,1508.0,60.5,3.0,52.7
2026-01-23 23:00:00,2026,1,23,23,Hà Nội,Xã Tây Phương,21.0403672,105.6115528,98,Moderate,1,12.9,75,0.0,4.3,66,1023.0,100,62.9,62.9,1325.0,57.8,3.0,52.2
2026-01-24 00:00:00,2026,1,24,0,Hà Nội,Xã Tây Phương,21.0403672,105.6115528,102,Unhealthy for Sensitive Groups,2,13.1,76,0.0,2.4,42,1022.8,100,60.8,60.8,1058.0,53.7,5.0,51.9
2026-01-24 01:00:00,2026,1,24,1,Hà Nội,Xã Tây Phương,21.0403672,105.6115528,106,Unhealthy for Sensitive Groups,2,12.2,81,0.0,5.1,342,1023.1,100,60.5,60.5,858.0,50.1,7.0,52.3
2026-01-24 02:00:00,2026,1,24,2,Hà Nội,Xã Tây Phương,21.0403672,105.6115528,109,Unhealthy for Sensitive Groups,2,12.1,82,0.0,5.1,343,1022.4,100,61.9,61.9,795.0,47.4,8.0,54.0
2026-01-24 03:00:00,2026,1,24,3,Hà Nội,Xã Tây Phương,21.0403672,105.6115528,113,Unhealthy for Sensitive Groups,2,12.1,83,0.0,4.5,344,1022.1,100,68.7,68.9,798.0,45.1,9.0,56.6
2026-01-24 04:00:00,2026,1,24,4,Hà Nội,Xã Tây Phương,21.0403672,105.6115528,118,Unhealthy for Sensitive Groups,2,12.1,84,0.0,4.8,333,1021.9,100,68.2,68.5,809.0,43.5,9.0,59.2
2026-01-24 05:00:00,2026,1,24,5,Hà Nội,Xã Tây Phương,21.0403672,105.6115528,122,Unhealthy for Sensitive Groups,2,12.2,84,0.0,4.0,324,1022.1,100,66.8,67.1,813.0,43.1,8.0,61.7
2026-01-24 06:00:00,2026,1,24,6,Hà Nội,Xã Tây Phương,21.0403672,105.6115528,126,Unhealthy for Sensitive Groups,2,12.2,86,0.1,4.2,335,1022.5,100,67.3,67.5,824.0,43.5,6.0,64.2
2026-01-24 07:00:00,2026,1,24,7,Hà Nội,Xã Tây Phương,21.0403672,105.6115528,131,Unhealthy for Sensitive Groups,2,12.4,86,0.1,4.1,15,1023.1,100,56.3,56.5,824.0,40.9,7.0,60.2
2026-01-24 08:00:00,2026,1,24,8,Hà Nội,Xã Tây Phương,21.0403672,105.6115528,134,Unhealthy for Sensitive Groups,2,12.7,85,0.0,5.1,23,1023.5,100,55.1,55.2,805.0,38.9,9.0,62.8
2026-01-24 09:00:00,2026,1,24,9,Hà Nội,Xã Tây Phương,21.0403672,105.6115528,136,Unhealthy for Sensitive Groups,2,13.0,83,0.0,5.1,32,1024.1,100,53.7,53.8,776.0,36.1,11.0,66.4
2026-01-24 10:00:00,2026,1,24,10,Hà Nội,Xã Tây Phương,21.0403672,105.6115528,139,Unhealthy for Sensitive Groups,2,13.7,79,0.0,5.7,35,1024.5,100,52.6,52.7,744.0,33.7,14.0,69.2
2026-01-24 11:00:00,2026,1,24,11,Hà Nội,Xã Tây Phương,21.0403672,105.6115528,141,Unhealthy for Sensitive Groups,2,14.1,75,0.0,5.0,35,1023.8,100,51.6,51.7,702.0,31.7,18.0,70.7
2026-01-24 12:00:00,2026,1,24,12,Hà Nội,Xã Tây Phương,21.0403672,105.6115528,144,Unhealthy for Sensitive Groups,2,14.6,73,0.0,4.0,36,1022.5,100,50.3,50.4,658.0,30.0,23.0,71.4
2026-01-24 13:00:00,2026,1,24,13,Hà Nội,Xã Tây Phương,21.0403672,105.6115528,146,Unhealthy for Sensitive Groups,2,14.2,74,0.0,4.5,43,1021.5,100,48.4,48.5,639.0,29.5,27.0,70.6
2026-01-24 14:00:00,2026,1,24,14,Hà Nội,Xã Tây Phương,21.0403672,105.6115528,147,Unhealthy for Sensitive Groups,2,15.4,70,0.0,4.0,93,1019.9,100,46.0,46.1,632.0,29.8,32.0,67.2
2026-01-24 15:00:00,2026,1,24,15,Hà Nội,Xã Tây Phương,21.0403672,105.6115528,149,Unhealthy for Sensitive Groups,2,16.5,68,0.0,4.3,123,1019.1,100,45.2,45.4,651.0,31.2,37.0,62.4
2026-01-24 16:00:00,2026,1,24,16,Hà Nội,Xã Tây Phương,21.0403672,105.6115528,150,Unhealthy for Sensitive Groups,2,16.1,70,0.0,8.0,130,1018.7,100,45.8,45.9,766.0,35.4,37.0,59.2
2026-01-24 17:00:00,2026,1,24,17,Hà Nội,Xã Tây Phương,21.0403672,105.6115528,150,Unhealthy for Sensitive Groups,2,15.8,71,0.0,9.0,119,1018.5,100,48.0,48.2,1090.0,44.8,28.0,59.4
2026-01-24 18:00:00,2026,1,24,18,Hà Nội,Xã Tây Phương,21.0403672,105.6115528,150,Unhealthy for Sensitive Groups,2,15.3,75,0.0,6.0,81,1018.2,1,56.9,57.0,1510.0,56.9,14.0,61.2
2026-01-24 19:00:00,2026,1,24,19,Hà Nội,Xã Tây Phương,21.0403672,105.6115528,151,Unhealthy,3,13.6,86,0.0,4.1,41,1018.6,41,65.4,65.7,1756.0,50.3,0.0,63.9
2026-01-24 20:00:00,2026,1,24,20,Hà Nội,Xã Tây Phương,21.0403672,105.6115528,151,Unhealthy,3,12.6,90,0.0,4.3,22,1019.0,100,70.5,70.5,1677.0,49.3,0.0,63.5
2026-01-24 21:00:00,2026,1,24,21,Hà Nội,Xã Tây Phương,21.0403672,105.6115528,151,Unhealthy,3,13.8,84,0.0,2.6,39,1018.8,100,74.5,74.5,1425.0,47.9,0.0,62.9
2026-01-24 22:00:00,2026,1,24,22,Hà Nội,Xã Tây Phương,21.0403672,105.6115528,151,Unhealthy,3,14.0,83,0.0,2.8,75,1018.5,100,79.4,79.4,1185.0,47.0,0.0,62.7
2026-01-24 23:00:00,2026,1,24,23,Hà Nội,Xã Tây Phương,21.0403672,105.6115528,152,Unhealthy,3,14.1,84,0.0,2.5,94,1018.3,100,80.3,80.6,1010.0,46.9,0.0,63.3
2026-01-25 00:00:00,2026,1,25,0,Hà Nội,Xã Tây Phương,21.0403672,105.6115528,152,Unhealthy,3,14.1,84,0.0,3.5,102,1017.9,100,80.1,80.3,848.0,47.2,0.0,64.2
2026-01-25 01:00:00,2026,1,25,1,Hà Nội,Xã Tây Phương,21.0403672,105.6115528,153,Unhealthy,3,13.6,87,0.0,4.5,95,1017.5,100,80.1,80.3,730.0,47.5,0.0,65.1
2026-01-25 02:00:00,2026,1,25,2,Hà Nội,Xã Tây Phương,21.0403672,105.6115528,153,Unhealthy,3,13.6,89,0.0,4.5,97,1016.5,100,81.3,81.3,669.0,47.7,0.0,65.4
2026-01-25 03:00:00,2026,1,25,3,Hà Nội,Xã Tây Phương,21.0403672,105.6115528,154,Unhealthy,3,13.8,89,0.0,4.7,97,1015.8,100,81.3,81.5,651.0,47.8,0.0,65.6
2026-01-25 04:00:00,2026,1,25,4,Hà Nội,Xã Tây Phương,21.0403672,105.6115528,154,Unhealthy,3,13.9,90,0.0,3.8,87,1015.5,100,81.7,82.0,673.0,47.7,0.0,66.4
2026-01-25 05:00:00,2026,1,25,5,Hà Nội,Xã Tây Phương,21.0403672,105.6115528,154,Unhealthy,3,13.9,91,0.0,3.4,93,1015.5,100,84.3,84.5,765.0,47.1,0.0,67.7
2026-01-25 06:00:00,2026,1,25,6,Hà Nội,Xã Tây Phương,21.0403672,105.6115528,154,Unhealthy,3,14.0,92,0.0,1.6,90,1016.2,100,85.4,85.7,896.0,46.3,0.0,69.6
2026-01-25 07:00:00,2026,1,25,7,Hà Nội,Xã Tây Phương,21.0403672,105.6115528,155,Unhealthy,3,14.2,89,0.0,1.0,329,1017.2,100,80.6,80.6,966.0,48.5,1.0,69.9
2026-01-25 08:00:00,2026,1,25,8,Hà Nội,Xã Tây Phương,21.0403672,105.6115528,155,Unhealthy,3,14.6,88,0.0,0.9,323,1017.9,100,77.8,78.0,921.0,49.2,3.0,74.7
2026-01-25 09:00:00,2026,1,25,9,Hà Nội,Xã Tây Phương,21.0403672,105.6115528,156,Unhealthy,3,15.6,86,0.0,1.4,157,1018.5,100,69.2,69.2,815.0,50.0,7.0,81.1
2026-01-25 10:00:00,2026,1,25,10,Hà Nội,Xã Tây Phương,21.0403672,105.6115528,156,Unhealthy,3,16.6,84,0.0,2.8,140,1018.5,100,62.9,63.1,715.0,50.0,14.0,83.5
2026-01-25 11:00:00,2026,1,25,11,Hà Nội,Xã Tây Phương,21.0403672,105.6115528,156,Unhealthy,3,18.2,79,0.0,4.1,182,1018.0,100,58.3,58.6,641.0,48.7,28.0,78.7
2026-01-25 12:00:00,2026,1,25,12,Hà Nội,Xã Tây Phương,21.0403672,105.6115528,157,Unhealthy,3,19.5,74,0.1,7.7,177,1016.9,100,56.9,57.2,573.0,46.5,45.0,69.9
2026-01-25 13:00:00,2026,1,25,13,Hà Nội,Xã Tây Phương,21.0403672,105.6115528,157,Unhealthy,3,20.4,73,0.1,6.7,144,1016.1,100,56.1,56.3,514.0,43.4,61.0,61.6
2026-01-25 14:00:00,2026,1,25,14,Hà Nội,Xã Tây Phương,21.0403672,105.6115528,157,Unhealthy,3,21.0,72,0.0,6.5,84,1015.2,100,52.4,52.5,457.0,37.3,77.0,54.5
2026-01-25 15:00:00,2026,1,25,15,Hà Nội,Xã Tây Phương,21.0403672,105.6115528,157,Unhealthy,3,21.6,71,0.0,10.1,117,1014.7,81,50.2,50.3,409.0,30.4,93.0,47.8
2026-01-25 16:00:00,2026,1,25,16,Hà Nội,Xã Tây Phương,21.0403672,105.6115528,157,Unhealthy,3,22.5,66,0.0,10.5,129,1014.5,60,48.3,48.5,394.0,29.2,97.0,44.1
2026-01-25 17:00:00,2026,1,25,17,Hà Nội,Xã Tây Phương,21.0403672,105.6115528,157,Unhealthy,3,22.1,68,0.0,6.3,121,1014.5,13,46.2,46.4,437.0,39.1,82.0,45.1
2026-01-25 18:00:00,2026,1,25,18,Hà Nội,Xã Tây Phương,21.0403672,105.6115528,157,Unhealthy,3,19.2,81,0.0,3.3,81,1015.1,17,61.9,62.2,513.0,54.8,55.0,49.1
2026-01-25 19:00:00,2026,1,25,19,Hà Nội,Xã Tây Phương,21.0403672,105.6115528,157,Unhealthy,3,17.9,85,0.0,6.3,108,1015.7,27,68.5,68.9,571.0,61.0,34.0,48.7
2026-01-25 20:00:00,2026,1,25,20,Hà Nội,Xã Tây Phương,21.0403672,105.6115528,157,Unhealthy,3,18.2,87,0.0,10.1,139,1016.6,14,82.4,83.1,578.0,63.7,28.0,51.6
2026-01-25 21:00:00,2026,1,25,21,Hà Nội,Xã Tây Phương,21.0403672,105.6115528,158,Unhealthy,3,17.6,92,0.0,9.8,148,1017.2,28,90.8,91.7,568.0,67.3,20.0,55.6
2026-01-25 22:00:00,2026,1,25,22,Hà Nội,Xã Tây Phương,21.0403672,105.6115528,158,Unhealthy,3,17.1,95,0.0,7.8,143,1017.3,29,96.2,97.3,589.0,69.3,13.0,57.8
2026-01-25 23:00:00,2026,1,25,23,Hà Nội,Xã Tây Phương,21.0403672,105.6115528,158,Unhealthy,3,16.5,97,0.0,5.8,146,1017.4,20,99.7,101.3,687.0,68.6,10.0,56.9
2026-01-26 00:00:00,2026,1,26,0,Hà Nội,Xã Tây Phương,21.0403672,105.6115528,159,Unhealthy,3,15.8,98,0.0,2.9,184,1017.4,13,99.4,101.3,816.0,66.3,9.0,54.2
2026-01-26 01:00:00,2026,1,26,1,Hà Nội,Xã Tây Phương,21.0403672,105.6115528,159,Unhealthy,3,15.1,99,0.0,3.1,298,1017.5,100,99.7,101.7,889.0,63.7,9.0,51.1
2026-01-26 02:00:00,2026,1,26,2,Hà Nội,Xã Tây Phương,21.0403672,105.6115528,160,Unhealthy,3,16.0,98,0.0,5.9,310,1017.2,100,97.1,99.2,841.0,61.0,8.0,47.5
2026-01-26 03:00:00,2026,1,26,3,Hà Nội,Xã Tây Phương,21.0403672,105.6115528,160,Unhealthy,3,16.0,97,0.0,6.4,317,1017.1,100,92.4,94.8,736.0,58.1,8.0,43.4
2026-01-26 04:00:00,2026,1,26,4,Hà Nội,Xã Tây Phương,21.0403672,105.6115528,160,Unhealthy,3,15.8,97,0.0,5.4,323,1017.1,100,88.9,91.5,678.0,55.7,8.0,41.0
2026-01-26 05:00:00,2026,1,26,5,Hà Nội,Xã Tây Phương,21.0403672,105.6115528,160,Unhealthy,3,16.2,94,0.0,5.2,329,1017.4,100,87.8,90.3,735.0,54.3,7.0,40.5
2026-01-26 06:00:00,2026,1,26,6,Hà Nội,Xã Tây Phương,21.0403672,105.6115528,160,Unhealthy,3,16.4,93,0.0,4.8,315,1018.0,100,87.8,90.6,838.0,53.5,7.0,41.5
2026-01-26 07:00:00,2026,1,26,7,Hà Nội,Xã Tây Phương,21.0403672,105.6115528,161,Unhealthy,3,16.5,88,0.0,6.7,286,1018.9,88,93.4,95.2,894.0,52.8,4.0,43.5
2026-01-26 08:00:00,2026,1,26,8,Hà Nội,Xã Tây Phương,21.0403672,105.6115528,161,Unhealthy,3,17.4,86,0.0,5.2,295,1020.0,100,88.9,90.8,847.0,51.0,9.0,50.1
2026-01-26 09:00:00,2026,1,26,9,Hà Nội,Xã Tây Phương,21.0403672,105.6115528,161,Unhealthy,3,18.5,82,0.0,5.0,316,1020.9,100,77.3,78.9,752.0,48.4,17.0,59.2
2026-01-26 10:00:00,2026,1,26,10,Hà Nội,Xã Tây Phương,21.0403672,105.6115528,161,Unhealthy,3,19.0,81,0.0,5.1,354,1021.1,100,66.8,68.5,674.0,46.1,25.0,65.7
2026-01-26 11:00:00,2026,1,26,11,Hà Nội,Xã Tây Phương,21.0403672,105.6115528,161,Unhealthy,3,19.6,80,0.0,5.4,8,1020.7,100,57.7,59.4,642.0,44.5,31.0,67.6
2026-01-26 12:00:00,2026,1,26,12,Hà Nội,Xã Tây Phương,21.0403672,105.6115528,161,Unhealthy,3,20.5,77,0.0,5.8,355,1019.6,100,48.3,49.7,627.0,43.1,38.0,66.8
2026-01-26 13:00:00,2026,1,26,13,Hà Nội,Xã Tây Phương,21.0403672,105.6115528,161,Unhealthy,3,19.8,80,0.0,7.0,350,1018.6,53,46.1,46.9,608.0,41.2,45.0,64.7
2026-01-26 14:00:00,2026,1,26,14,Hà Nội,Xã Tây Phương,21.0403672,105.6115528,161,Unhealthy,3,22.1,72,0.0,2.8,18,1017.4,100,44.5,45.2,568.0,36.1,57.0,59.9
2026-01-26 15:00:00,2026,1,26,15,Hà Nội,Xã Tây Phương,21.0403672,105.6115528,161,Unhealthy,3,22.1,71,0.0,1.9,107,1016.6,95,40.6,41.2,524.0,30.5,69.0,53.6
2026-01-26 16:00:00,2026,1,26,16,Hà Nội,Xã Tây Phương,21.0403672,105.6115528,160,Unhealthy,3,22.5,69,0.0,2.9,120,1016.6,83,36.7,37.3,506.0,31.7,72.0,51.0
2026-01-26 17:00:00,2026,1,26,17,Hà Nội,Xã Tây Phương,21.0403672,105.6115528,160,Unhealthy,3,22.0,71,0.0,3.7,104,1016.7,39,37.6,38.1,528.0,46.6,57.0,55.7
2026-01-26 18:00:00,2026,1,26,18,Hà Nội,Xã Tây Phương,21.0403672,105.6115528,160,Unhealthy,3,20.0,84,0.0,8.4,105,1017.2,48,58.6,59.1,575.0,68.4,33.0,64.0
2026-01-26 19:00:00,2026,1,26,19,Hà Nội,Xã Tây Phương,21.0403672,105.6115528,160,Unhealthy,3,19.4,88,0.0,8.9,126,1017.6,29,80.3,80.8,638.0,71.7,24.0,56.7
2026-01-26 20:00:00,2026,1,26,20,Hà Nội,Xã Tây Phương,21.0403672,105.6115528,160,Unhealthy,3,19.2,90,0.0,10.7,127,1018.0,23,104.1,104.5,731.0,78.3,17.0,62.8
2026-01-26 21:00:00,2026,1,26,21,Hà Nội,Xã Tây Phương,21.0403672,105.6115528,161,Unhealthy,3,18.6,95,0.0,8.1,145,1018.5,20,116.6,117.1,839.0,87.2,8.0,71.1
2026-01-26 22:00:00,2026,1,26,22,Hà Nội,Xã Tây Phương,21.0403672,105.6115528,161,Unhealthy,3,18.1,96,0.0,6.4,151,1018.7,28,121.5,122.5,904.0,92.8,1.0,77.0
2026-01-26 23:00:00,2026,1,26,23,Hà Nội,Xã Tây Phương,21.0403672,105.6115528,162,Unhealthy,3,17.8,97,0.0,6.4,148,1018.6,24,129.0,130.4,889.0,92.6,0.0,78.9
2026-01-27 00:00:00,2026,1,27,0,Hà Nội,Xã Tây Phương,21.0403672,105.6115528,162,Unhealthy,3,17.5,98,0.0,6.6,145,1018.3,43,132.2,134.6,832.0,89.1,0.0,78.5
2026-01-27 01:00:00,2026,1,27,1,Hà Nội,Xã Tây Phương,21.0403672,105.6115528,163,Unhealthy,3,17.6,98,0.0,6.8,158,1017.8,14,132.7,135.0,788.0,84.6,0.0,75.4
2026-01-27 02:00:00,2026,1,27,2,Hà Nội,Xã Tây Phương,21.0403672,105.6115528,164,Unhealthy,3,17.0,99,0.0,5.5,136,1017.6,16,129.5,131.8,781.0,79.4,0.0,68.0
2026-01-27 03:00:00,2026,1,27,3,Hà Nội,Xã Tây Phương,21.0403672,105.6115528,165,Unhealthy,3,16.6,100,0.0,4.9,114,1017.6,100,119.7,122.0,787.0,73.2,1.0,57.9
2026-01-27 04:00:00,2026,1,27,4,Hà Nội,Xã Tây Phương,21.0403672,105.6115528,165,Unhealthy,3,17.5,100,0.0,8.2,116,1017.8,100,107.8,109.7,786.0,67.6,2.0,50.6
2026-01-27 05:00:00,2026,1,27,5,Hà Nội,Xã Tây Phương,21.0403672,105.6115528,166,Unhealthy,3,17.9,100,0.0,8.8,118,1018.0,100,92.4,92.9,778.0,63.4,2.0,48.1
2026-01-27 06:00:00,2026,1,27,6,Hà Nội,Xã Tây Phương,21.0403672,105.6115528,166,Unhealthy,3,17.8,100,0.0,10.4,124,1018.7,100,78.2,78.7,764.0,59.6,3.0,48.4
2026-01-27 07:00:00,2026,1,27,7,Hà Nội,Xã Tây Phương,21.0403672,105.6115528,166,Unhealthy,3,17.6,99,0.0,9.6,118,1019.4,100,125.3,126.2,723.0,63.6,3.0,53.3
2026-01-27 08:00:00,2026,1,27,8,Hà Nội,Xã Tây Phương,21.0403672,105.6115528,166,Unhealthy,3,17.9,98,0.2,10.6,130,1020.1,100,113.2,114.1,633.0,58.5,10.0,56.6
2026-01-27 09:00:00,2026,1,27,9,Hà Nội,Xã Tây Phương,21.0403672,105.6115528,167,Unhealthy,3,18.5,93,0.2,11.1,137,1020.9,100,87.3,88.5,515.0,51.2,19.0,60.8
2026-01-27 10:00:00,2026,1,27,10,Hà Nội,Xã Tây Phương,21.0403672,105.6115528,167,Unhealthy,3,19.6,86,0.1,11.2,132,1021.2,98,61.7,63.1,419.0,43.7,31.0,61.9
2026-01-27 11:00:00,2026,1,27,11,Hà Nội,Xã Tây Phương,21.0403672,105.6115528,167,Unhealthy,3,20.9,77,0.1,10.3,137,1020.7,48,53.6,54.9,362.0,36.0,46.0,57.0
2026-01-27 12:00:00,2026,1,27,12,Hà Nội,Xã Tây Phương,21.0403672,105.6115528,167,Unhealthy,3,23.0,66,0.1,9.8,140,1019.3,65,50.5,52.0,325.0,28.3,62.0,48.9
2026-01-27 13:00:00,2026,1,27,13,Hà Nội,Xã Tây Phương,21.0403672,105.6115528,167,Unhealthy,3,23.4,62,0.0,9.6,137,1018.1,91,46.4,48.1,303.0,22.6,76.0,42.4
2026-01-27 14:00:00,2026,1,27,14,Hà Nội,Xã Tây Phương,21.0403672,105.6115528,167,Unhealthy,3,23.6,61,0.0,8.8,129,1017.3,100,46.3,48.0,262.0,18.8,87.0,38.7
2026-01-27 15:00:00,2026,1,27,15,Hà Nội,Xã Tây Phương,21.0403672,105.6115528,167,Unhealthy,3,23.8,60,0.0,9.5,117,1017.0,99,45.4,46.9,235.0,17.1,96.0,36.6
2026-01-27 16:00:00,2026,1,27,16,Hà Nội,Xã Tây Phương,21.0403672,105.6115528,167,Unhealthy,3,23.8,60,0.0,10.7,112,1017.0,34,44.7,46.1,318.0,20.7,94.0,36.4
2026-01-27 17:00:00,2026,1,27,17,Hà Nội,Xã Tây Phương,21.0403672,105.6115528,167,Unhealthy,3,23.0,64,0.0,7.9,101,1017.4,21,48.5,49.9,638.0,34.0,75.0,38.8
2026-01-27 18:00:00,2026,1,27,18,Hà Nội,Xã Tây Phương,21.0403672,105.6115528,167,Unhealthy,3,20.8,73,0.0,5.9,88,1017.8,36,68.5,69.8,1069.0,52.5,46.0,43.2
2026-01-27 19:00:00,2026,1,27,19,Hà Nội,Xã Tây Phương,21.0403672,105.6115528,168,Unhealthy,3,21.0,76,0.0,7.7,66,1018.4,96,83.4,84.3,1320.0,68.2,21.0,49.8
2026-01-27 20:00:00,2026,1,27,20,Hà Nội,Xã Tây Phương,21.0403672,105.6115528,168,Unhealthy,3,20.2,79,0.0,7.2,87,1019.1,23,100.6,101.5,1209.0,71.9,15.0,56.2
2026-01-27 21:00:00,2026,1,27,21,Hà Nội,Xã Tây Phương,21.0403672,105.6115528,168,Unhealthy,3,19.2,84,0.0,8.7,132,1019.8,14,113.9,115.0,918.0,76.9,8.0,64.9
2026-01-27 22:00:00,2026,1,27,22,Hà Nội,Xã Tây Phương,21.0403672,105.6115528,168,Unhealthy,3,18.1,86,0.0,7.4,148,1020.1,1,124.8,125.7,713.0,80.0,2.0,71.0
2026-01-27 23:00:00,2026,1,27,23,Hà Nội,Xã Tây Phương,21.0403672,105.6115528,168,Unhealthy,3,16.8,92,0.0,5.5,153,1020.1,21,132.7,133.6,706.0,79.6,0.0,72.4
2026-01-28 00:00:00,2026,1,28,0,Hà Nội,Xã Tây Phương,21.0403672,105.6115528,168,Unhealthy,3,16.2,93,0.0,4.1,90,1020.1,54,136.4,137.4,784.0,77.4,1.0,71.2
2026-01-28 01:00:00,2026,1,28,1,Hà Nội,Xã Tây Phương,21.0403672,105.6115528,168,Unhealthy,3,16.5,94,0.0,5.5,71,1019.5,34,140.6,141.6,869.0,74.9,1.0,68.8
2026-01-28 02:00:00,2026,1,28,2,Hà Nội,Xã Tây Phương,21.0403672,105.6115528,168,Unhealthy,3,16.5,95,0.0,5.2,74,1019.1,41,145.8,146.7,938.0,73.0,1.0,65.2
2026-01-28 03:00:00,2026,1,28,3,Hà Nội,Xã Tây Phương,21.0403672,105.6115528,168,Unhealthy,3,16.0,96,0.0,4.2,70,1019.0,63,147.6,148.1,1014.0,71.0,0.0,60.4
2026-01-28 04:00:00,2026,1,28,4,Hà Nội,Xã Tây Phương,21.0403672,105.6115528,169,Unhealthy,3,15.9,97,0.0,4.6,54,1019.2,40,135.0,136.0,1086.0,67.9,1.0,55.8
2026-01-28 05:00:00,2026,1,28,5,Hà Nội,Xã Tây Phương,21.0403672,105.6115528,170,Unhealthy,3,15.6,96,0.0,4.8,79,1019.5,72,114.8,115.5,1169.0,63.7,1.0,51.4
2026-01-28 06:00:00,2026,1,28,6,Hà Nội,Xã Tây Phương,21.0403672,105.6115528,170,Unhealthy,3,15.8,93,0.0,5.1,86,1020.1,66,97.3,97.8,1248.0,58.4,3.0,47.1
2026-01-28 07:00:00,2026,1,28,7,Hà Nội,Xã Tây Phương,21.0403672,105.6115528,170,Unhealthy,3,15.1,92,0.0,4.9,84,1020.7,31,96.4,96.6,1266.0,53.4,4.0,48.3
2026-01-28 08:00:00,2026,1,28,8,Hà Nội,Xã Tây Phương,21.0403672,105.6115528,170,Unhealthy,3,17.0,79,0.0,7.9,78,1021.4,9,76.6,76.6,1188.0,44.9,13.0,47.2
2026-01-28 09:00:00,2026,1,28,9,Hà Nội,Xã Tây Phương,21.0403672,105.6115528,169,Unhealthy,3,18.4,74,0.0,6.7,81,1021.9,7,45.9,46.0,1049.0,33.0,27.0,45.5
2026-01-28 10:00:00,2026,1,28,10,Hà Nội,Xã Tây Phương,21.0403672,105.6115528,168,Unhealthy,3,20.0,70,0.0,6.0,97,1021.5,5,37.6,37.7,901.0,23.4,45.0,43.2
2026-01-28 11:00:00,2026,1,28,11,Hà Nội,Xã Tây Phương,21.0403672,105.6115528,168,Unhealthy,3,21.5,67,0.0,5.6,138,1020.6,12,36.4,36.6,744.0,18.4,71.0,39.7
2026-01-28 12:00:00,2026,1,28,12,Hà Nội,Xã Tây Phương,21.0403672,105.6115528,167,Unhealthy,3,23.5,58,0.0,12.3,157,1019.1,100,37.8,38.1,578.0,15.7,102.0,35.6
2026-01-28 13:00:00,2026,1,28,13,Hà Nội,Xã Tây Phương,21.0403672,105.6115528,167,Unhealthy,3,23.4,56,0.0,14.6,162,1018.1,100,38.6,38.8,458.0,14.0,125.0,32.0
2026-01-28 14:00:00,2026,1,28,14,Hà Nội,Xã Tây Phương,21.0403672,105.6115528,167,Unhealthy,3,23.5,55,0.0,15.0,164,1017.1,45,38.6,38.9,406.0,12.3,137.0,28.6
2026-01-28 15:00:00,2026,1,28,15,Hà Nội,Xã Tây Phương,21.0403672,105.6115528,167,Unhealthy,3,24.3,52,0.0,15.1,165,1016.2,38,40.4,40.6,399.0,11.5,142.0,25.8
2026-01-28 16:00:00,2026,1,28,16,Hà Nội,Xã Tây Phương,21.0403672,105.6115528,166,Unhealthy,3,24.3,51,0.0,15.4,161,1015.7,36,42.1,42.3,425.0,13.5,140.0,25.4
2026-01-28 17:00:00,2026,1,28,17,Hà Nội,Xã Tây Phương,21.0403672,105.6115528,166,Unhealthy,3,23.4,54,0.0,13.8,154,1015.6,8,46.6,46.7,495.0,20.7,127.0,29.3
2026-01-28 18:00:00,2026,1,28,18,Hà Nội,Xã Tây Phương,21.0403672,105.6115528,166,Unhealthy,3,21.5,61,0.0,16.5,141,1015.5,3,55.3,55.4,598.0,30.7,107.0,35.7
2026-01-28 19:00:00,2026,1,28,19,Hà Nội,Xã Tây Phương,21.0403672,105.6115528,166,Unhealthy,3,19.9,71,0.0,20.5,133,1016.4,2,66.4,66.6,685.0,36.6,84.0,39.5
2026-01-28 20:00:00,2026,1,28,20,Hà Nội,Xã Tây Phương,21.0403672,105.6115528,166,Unhealthy,3,19.0,74,0.0,18.5,142,1016.9,0,63.8,63.8,737.0,36.9,77.0,40.8
2026-01-28 21:00:00,2026,1,28,21,Hà Nội,Xã Tây Phương,21.0403672,105.6115528,165,Unhealthy,3,18.1,78,0.0,15.4,153,1017.4,0,62.2,62.4,772.0,37.3,66.0,42.6
2026-01-28 22:00:00,2026,1,28,22,Hà Nội,Xã Tây Phương,21.0403672,105.6115528,164,Unhealthy,3,17.1,84,0.0,13.0,153,1017.5,0,64.3,64.7,797.0,38.0,57.0,43.6
2026-01-28 23:00:00,2026,1,28,23,Hà Nội,Xã Tây Phương,21.0403672,105.6115528,162,Unhealthy,3,16.4,89,0.0,11.3,144,1017.1,0,68.0,68.5,812.0,39.4,49.0,43.0
2026-01-29 00:00:00,2026,1,29,0,Hà Nội,Xã Tây Phương,21.0403672,105.6115528,161,Unhealthy,3,15.8,94,0.0,11.2,135,1016.8,1,70.1,70.5,816.0,41.0,42.0,41.7
2026-01-29 01:00:00,2026,1,29,1,Hà Nội,Xã Tây Phương,21.0403672,105.6115528,160,Unhealthy,3,15.6,98,0.0,11.6,134,1016.4,10,70.8,71.2,813.0,41.8,37.0,40.3
2026-01-29 02:00:00,2026,1,29,2,Hà Nội,Xã Tây Phương,21.0403672,105.6115528,158,Unhealthy,3,15.8,99,0.0,12.4,138,1015.8,100,70.3,70.8,796.0,41.1,34.0,39.0
2026-01-29 03:00:00,2026,1,29,3,Hà Nội,Xã Tây Phương,21.0403672,105.6115528,156,Unhealthy,3,16.1,99,0.0,13.3,140,1015.3,100,69.6,70.3,772.0,39.6,34.0,37.7
2026-01-29 04:00:00,2026,1,29,4,Hà Nội,Xã Tây Phương,21.0403672,105.6115528,155,Unhealthy,3,16.5,99,0.0,13.1,144,1015.0,100,68.7,69.4,767.0,38.5,33.0,37.3
2026-01-29 05:00:00,2026,1,29,5,Hà Nội,Xã Tây Phương,21.0403672,105.6115528,153,Unhealthy,3,16.6,99,0.0,12.2,146,1015.1,100,69.8,70.5,812.0,38.4,31.0,38.4
2026-01-29 06:00:00,2026,1,29,6,Hà Nội,Xã Tây Phương,21.0403672,105.6115528,152,Unhealthy,3,16.8,99,0.0,12.7,153,1015.8,100,71.9,72.6,875.0,38.7,29.0,40.5
2026-01-29 07:00:00,2026,1,29,7,Hà Nội,Xã Tây Phương,21.0403672,105.6115528,152,Unhealthy,3,16.5,99,0.0,10.2,154,1016.8,100,80.1,81.0,886.0,37.7,31.0,43.3
2026-01-29 08:00:00,2026,1,29,8,Hà Nội,Xã Tây Phương,21.0403672,105.6115528,151,Unhealthy,3,17.5,93,0.0,13.4,163,1017.6,100,78.2,79.4,799.0,35.2,41.0,43.7
2026-01-29 09:00:00,2026,1,29,9,Hà Nội,Xã Tây Phương,21.0403672,105.6115528,151,Unhealthy,3,18.7,86,0.0,13.0,166,1018.1,100,68.7,69.8,661.0,31.7,55.0,44.0
2026-01-29 10:00:00,2026,1,29,10,Hà Nội,Xã Tây Phương,21.0403672,105.6115528,152,Unhealthy,3,20.8,75,0.1,14.4,167,1018.0,100,62.9,64.3,538.0,27.5,70.0,42.3
2026-01-29 11:00:00,2026,1,29,11,Hà Nội,Xã Tây Phương,21.0403672,105.6115528,152,Unhealthy,3,22.3,69,0.0,13.7,158,1017.3,79,47.4,48.5,450.0,22.2,85.0,36.7
2026-01-29 12:00:00,2026,1,29,12,Hà Nội,Xã Tây Phương,21.0403672,105.6115528,153,Unhealthy,3,24.3,60,0.0,17.2,167,1015.8,96,39.9,41.1,378.0,16.4,101.0,29.0
2026-01-29 13:00:00,2026,1,29,13,Hà Nội,Xã Tây Phương,21.0403672,105.6115528,153,Unhealthy,3,25.1,55,0.0,19.2,174,1014.4,100,36.4,37.6,333.0,12.2,112.0,23.1
2026-01-29 14:00:00,2026,1,29,14,Hà Nội,Xã Tây Phương,21.0403672,105.6115528,153,Unhealthy,3,24.6,57,0.0,20.3,163,1013.4,35,32.7,34.0,327.0,9.9,119.0,20.1
2026-01-29 15:00:00,2026,1,29,15,Hà Nội,Xã Tây Phương,21.0403672,105.6115528,153,Unhealthy,3,25.8,52,0.0,17.6,158,1012.8,88,30.4,31.8,348.0,9.1,121.0,18.9
2026-01-29 16:00:00,2026,1,29,16,Hà Nội,Xã Tây Phương,21.0403672,105.6115528,152,Unhealthy,3,25.6,53,0.0,17.3,156,1012.6,14,28.5,29.9,369.0,11.2,117.0,19.6
2026-01-29 17:00:00,2026,1,29,17,Hà Nội,Xã Tây Phương,21.0403672,105.6115528,152,Unhealthy,3,24.5,58,0.0,16.9,151,1012.6,22,30.0,31.2,382.0,18.5,101.0,23.5
2026-01-29 18:00:00,2026,1,29,18,Hà Nội,Xã Tây Phương,21.0403672,105.6115528,152,Unhealthy,3,22.8,66,0.0,17.3,150,1012.8,21,34.8,35.7,394.0,28.6,79.0,29.4
2026-01-29 19:00:00,2026,1,29,19,Hà Nội,Xã Tây Phương,21.0403672,105.6115528,151,Unhealthy,3,21.4,78,0.0,20.4,158,1013.8,31,45.9,47.0,405.0,42.6,56.0,36.4
2026-01-29 20:00:00,2026,1,29,20,Hà Nội,Xã Tây Phương,21.0403672,105.6115528,151,Unhealthy,3,20.5,85,0.0,19.0,160,1014.6,11,43.0,43.9,414.0,40.2,56.0,36.3
2026-01-29 21:00:00,2026,1,29,21,Hà Nội,Xã Tây Phương,21.0403672,105.6115528,150,Unhealthy for Sensitive Groups,2,19.7,90,0.0,18.0,161,1015.3,9,38.3,39.2,422.0,36.7,55.0,36.1
2026-01-29 22:00:00,2026,1,29,22,Hà Nội,Xã Tây Phương,21.0403672,105.6115528,149,Unhealthy for Sensitive Groups,2,19.1,94,0.0,14.9,162,1015.7,16,37.4,38.4,425.0,33.1,55.0,35.1
2026-01-29 23:00:00,2026,1,29,23,Hà Nội,Xã Tây Phương,21.0403672,105.6115528,146,Unhealthy for Sensitive Groups,2,18.8,96,0.0,12.6,163,1015.6,41,37.8,39.1,419.0,29.3,56.0,32.4
2026-01-30 00:00:00,2026,1,30,0,Hà Nội,Xã Tây Phương,21.0403672,105.6115528,143,Unhealthy for Sensitive Groups,2,18.8,96,0.0,11.0,161,1015.4,100,38.1,39.6,408.0,25.5,58.0,28.9
2026-01-30 01:00:00,2026,1,30,1,Hà Nội,Xã Tây Phương,21.0403672,105.6115528,140,Unhealthy for Sensitive Groups,2,18.8,96,0.0,9.8,156,1014.9,100,38.8,40.5,401.0,22.9,58.0,26.6
2026-01-30 02:00:00,2026,1,30,2,Hà Nội,Xã Tây Phương,21.0403672,105.6115528,136,Unhealthy for Sensitive Groups,2,19.0,96,0.0,8.1,143,1014.5,76,39.9,41.8,392.0,22.2,55.0,26.4
2026-01-30 03:00:00,2026,1,30,3,Hà Nội,Xã Tây Phương,21.0403672,105.6115528,133,Unhealthy for Sensitive Groups,2,18.3,97,0.0,7.5,125,1014.3,3,41.2,43.1,388.0,22.7,51.0,27.4
2026-01-30 04:00:00,2026,1,30,4,Hà Nội,Xã Tây Phương,21.0403672,105.6115528,130,Unhealthy for Sensitive Groups,2,18.0,98,0.0,8.2,119,1014.7,6,42.3,44.2,419.0,24.5,46.0,29.2
2026-01-30 05:00:00,2026,1,30,5,Hà Nội,Xã Tây Phương,21.0403672,105.6115528,127,Unhealthy for Sensitive Groups,2,17.9,98,0.0,7.6,126,1015.1,36,43.1,45.1,537.0,28.8,39.0,32.4
2026-01-30 06:00:00,2026,1,30,6,Hà Nội,Xã Tây Phương,21.0403672,105.6115528,125,Unhealthy for Sensitive Groups,2,17.7,99,0.0,7.3,138,1015.9,100,45.1,47.1,691.0,34.3,31.0,36.3
2026-01-30 07:00:00,2026,1,30,7,Hà Nội,Xã Tây Phương,21.0403672,105.6115528,122,Unhealthy for Sensitive Groups,2,19.2,97,0.0,8.6,144,1016.8,99,47.3,49.1,756.0,36.8,27.0,37.3
2026-01-30 08:00:00,2026,1,30,8,Hà Nội,Xã Tây Phương,21.0403672,105.6115528,118,Unhealthy for Sensitive Groups,2,20.4,91,0.0,10.8,165,1017.9,93,39.3,41.3,643.0,32.4,37.0,35.4
2026-01-30 09:00:00,2026,1,30,9,Hà Nội,Xã Tây Phương,21.0403672,105.6115528,114,Unhealthy for Sensitive Groups,2,22.1,79,0.0,15.0,169,1018.7,81,31.1,33.1,441.0,26.3,52.0,32.9
2026-01-30 10:00:00,2026,1,30,10,Hà Nội,Xã Tây Phương,21.0403672,105.6115528,110,Unhealthy for Sensitive Groups,2,23.5,70,0.1,15.4,174,1018.8,98,28.5,30.4,290.0,21.5,64.0,31.0
2026-01-30 11:00:00,2026,1,30,11,Hà Nội,Xã Tây Phương,21.0403672,105.6115528,107,Unhealthy for Sensitive Groups,2,24.1,67,0.1,13.0,183,1018.2,99,31.2,33.3,252.0,19.7,71.0,30.9
2026-01-30 12:00:00,2026,1,30,12,Hà Nội,Xã Tây Phương,21.0403672,105.6115528,105,Unhealthy for Sensitive Groups,2,24.9,64,0.0,11.5,182,1016.8,84,30.0,31.9,265.0,19.2,76.0,31.5
2026-01-30 13:00:00,2026,1,30,13,Hà Nội,Xã Tây Phương,21.0403672,105.6115528,104,Unhealthy for Sensitive Groups,2,26.1,58,0.0,11.9,181,1015.5,100,32.4,34.3,286.0,18.4,82.0,31.2
2026-01-30 14:00:00,2026,1,30,14,Hà Nội,Xã Tây Phương,21.0403672,105.6115528,104,Unhealthy for Sensitive Groups,2,26.1,57,0.0,11.0,174,1014.5,63,32.7,34.7,302.0,15.5,94.0,28.5
2026-01-30 15:00:00,2026,1,30,15,Hà Nội,Xã Tây Phương,21.0403672,105.6115528,104,Unhealthy for Sensitive Groups,2,26.9,54,0.0,12.7,157,1013.7,73,32.1,34.0,326.0,12.4,107.0,24.9
2026-01-30 16:00:00,2026,1,30,16,Hà Nội,Xã Tây Phương,21.0403672,105.6115528,104,Unhealthy for Sensitive Groups,2,25.9,60,0.0,17.2,146,1013.7,70,30.4,32.1,348.0,12.9,111.0,23.4
2026-01-30 17:00:00,2026,1,30,17,Hà Nội,Xã Tây Phương,21.0403672,105.6115528,104,Unhealthy for Sensitive Groups,2,24.5,67,0.0,18.1,137,1014.0,8,31.4,32.9,364.0,20.6,97.0,26.0
2026-01-30 18:00:00,2026,1,30,18,Hà Nội,Xã Tây Phương,21.0403672,105.6115528,104,Unhealthy for Sensitive Groups,2,23.0,73,0.0,13.4,133,1014.6,18,36.7,38.1,377.0,31.9,74.0,30.7
2026-01-30 19:00:00,2026,1,30,19,Hà Nội,Xã Tây Phương,21.0403672,105.6115528,104,Unhealthy for Sensitive Groups,2,21.5,84,0.0,9.4,133,1015.4,46,52.2,54.2,395.0,44.7,57.0,36.4
2026-01-30 20:00:00,2026,1,30,20,Hà Nội,Xã Tây Phương,21.0403672,105.6115528,105,Unhealthy for Sensitive Groups,2,21.2,85,0.0,11.0,128,1016.4,11,46.4,48.4,418.0,44.6,51.0,36.2
2026-01-30 21:00:00,2026,1,30,21,Hà Nội,Xã Tây Phương,21.0403672,105.6115528,105,Unhealthy for Sensitive Groups,2,20.5,87,0.0,11.4,139,1017.0,2,41.0,42.8,444.0,44.5,42.0,35.9
2026-01-30 22:00:00,2026,1,30,22,Hà Nội,Xã Tây Phương,21.0403672,105.6115528,106,Unhealthy for Sensitive Groups,2,19.7,91,0.0,10.2,138,1017.5,17,40.0,43.1,476.0,45.3,34.0,35.8
2026-01-30 23:00:00,2026,1,30,23,Hà Nội,Xã Tây Phương,21.0403672,105.6115528,106,Unhealthy for Sensitive Groups,2,19.0,95,0.0,8.1,141,1017.8,20,43.5,46.9,523.0,47.9,27.0,36.0
2026-01-31 00:00:00,2026,1,31,0,Hà Nội,Xã Tây Phương,21.0403672,105.6115528,107,Unhealthy for Sensitive Groups,2,18.7,97,0.0,6.6,135,1018.0,27,47.5,51.1,577.0,51.3,20.0,36.3
2026-01-31 01:00:00,2026,1,31,1,Hà Nội,Xã Tây Phương,21.0403672,105.6115528,108,Unhealthy for Sensitive Groups,2,19.2,98,0.0,8.9,137,1017.2,26,52.0,55.9,610.0,53.6,15.0,36.5
2026-01-31 02:00:00,2026,1,31,2,Hà Nội,Xã Tây Phương,21.0403672,105.6115528,109,Unhealthy for Sensitive Groups,2,18.9,100,0.0,6.1,113,1017.2,100,53.9,57.9,600.0,54.6,12.0,36.4
2026-01-31 03:00:00,2026,1,31,3,Hà Nội,Xã Tây Phương,21.0403672,105.6115528,110,Unhealthy for Sensitive Groups,2,19.3,100,0.0,8.2,99,1017.3,100,52.9,56.9,570.0,54.6,10.0,36.2
2026-01-31 04:00:00,2026,1,31,4,Hà Nội,Xã Tây Phương,21.0403672,105.6115528,112,Unhealthy for Sensitive Groups,2,19.4,99,0.0,9.6,103,1017.8,100,51.6,55.6,566.0,51.9,11.0,35.7
2026-01-31 05:00:00,2026,1,31,5,Hà Nội,Xã Tây Phương,21.0403672,105.6115528,113,Unhealthy for Sensitive Groups,2,19.2,98,0.0,11.5,99,1018.4,100,49.1,52.5,613.0,44.8,14.0,34.9
2026-01-31 06:00:00,2026,1,31,6,Hà Nội,Xã Tây Phương,21.0403672,105.6115528,113,Unhealthy for Sensitive Groups,2,19.0,98,0.1,10.2,83,1019.6,100,42.7,43.9,685.0,35.2,20.0,33.9
2026-01-31 07:00:00,2026,1,31,7,Hà Nội,Xã Tây Phương,21.0403672,105.6115528,113,Unhealthy for Sensitive Groups,2,18.8,98,0.3,7.3,65,1020.2,100,34.1,35.2,750.0,32.8,25.0,34.9
2026-01-31 08:00:00,2026,1,31,8,Hà Nội,Xã Tây Phương,21.0403672,105.6115528,112,Unhealthy for Sensitive Groups,2,19.2,90,0.2,17.1,60,1021.1,100,21.1,21.5,802.0,26.6,29.0,32.0
2026-01-31 09:00:00,2026,1,31,9,Hà Nội,Xã Tây Phương,21.0403672,105.6115528,110,Unhealthy for Sensitive Groups,2,18.5,81,0.1,19.7,56,1022.0,100,13.9,14.0,846.0,18.1,34.0,28.2
2026-01-31 10:00:00,2026,1,31,10,Hà Nội,Xã Tây Phương,21.0403672,105.6115528,108,Unhealthy for Sensitive Groups,2,19.6,68,0.0,17.8,58,1022.7,100,12.4,12.5,867.0,11.9,41.0,25.6
2026-01-31 11:00:00,2026,1,31,11,Hà Nội,Xã Tây Phương,21.0403672,105.6115528,106,Unhealthy for Sensitive Groups,2,18.8,67,0.3,15.5,63,1022.7,100,11.9,12.0,850.0,10.2,50.0,25.6
2026-01-31 12:00:00,2026,1,31,12,Hà Nội,Xã Tây Phương,21.0403672,105.6115528,104,Unhealthy for Sensitive Groups,2,18.8,63,0.1,14.0,57,1021.6,100,12.5,12.6,808.0,10.9,61.0,26.9
2026-01-31 13:00:00,2026,1,31,13,Hà Nội,Xã Tây Phương,21.0403672,105.6115528,102,Unhealthy for Sensitive Groups,2,19.3,62,0.0,13.2,47,1020.4,100,13.2,13.3,770.0,11.9,69.0,28.3
2026-01-31 14:00:00,2026,1,31,14,Hà Nội,Xã Tây Phương,21.0403672,105.6115528,100,Moderate,1,20.4,58,0.0,11.6,48,1019.6,100,14.3,14.4,729.0,11.6,76.0,29.1
2026-01-31 15:00:00,2026,1,31,15,Hà Nội,Xã Tây Phương,21.0403672,105.6115528,99,Moderate,1,20.3,58,0.0,11.3,46,1019.1,100,15.5,15.7,691.0,11.7,81.0,30.1
2026-01-31 16:00:00,2026,1,31,16,Hà Nội,Xã Tây Phương,21.0403672,105.6115528,97,Moderate,1,20.5,57,0.0,10.1,39,1019.1,100,16.8,17.0,698.0,15.6,79.0,32.4
2026-01-31 17:00:00,2026,1,31,17,Hà Nội,Xã Tây Phương,21.0403672,105.6115528,96,Moderate,1,20.2,57,0.0,9.0,26,1019.4,92,18.6,18.7,783.0,26.8,65.0,37.1
2026-01-31 18:00:00,2026,1,31,18,Hà Nội,Xã Tây Phương,21.0403672,105.6115528,95,Moderate,1,18.9,63,0.0,8.3,5,1019.4,7,31.1,31.3,913.0,41.8,44.0,43.2
2026-01-31 19:00:00,2026,1,31,19,Hà Nội,Xã Tây Phương,21.0403672,105.6115528,94,Moderate,1,18.0,70,0.0,9.1,30,1019.4,2,36.4,36.4,1026.0,40.0,28.0,40.4
2026-01-31 20:00:00,2026,1,31,20,Hà Nội,Xã Tây Phương,21.0403672,105.6115528,93,Moderate,1,17.6,71,0.0,6.2,36,1020.2,20,41.1,41.1,1108.0,41.3,25.0,43.6
2026-01-31 21:00:00,2026,1,31,21,Hà Nội,Xã Tây Phương,21.0403672,105.6115528,92,Moderate,1,17.0,73,0.0,6.2,44,1020.5,100,42.1,42.1,1172.0,42.9,21.0,47.7
2026-01-31 22:00:00,2026,1,31,22,Hà Nội,Xã Tây Phương,21.0403672,105.6115528,93,Moderate,1,17.6,68,0.0,9.1,54,1021.1,100,46.2,46.2,1199.0,42.7,19.0,49.5
2026-01-31 23:00:00,2026,1,31,23,Hà Nội,Xã Tây Phương,21.0403672,105.6115528,93,Moderate,1,17.5,68,0.0,9.8,58,1021.1,100,44.8,44.8,1162.0,39.2,20.0,46.6
2026-02-01 00:00:00,2026,2,1,0,Hà Nội,Xã Tây Phương,21.0403672,105.6115528,93,Moderate,1,17.1,70,0.0,9.0,60,1020.7,100,36.7,36.8,1088.0,33.9,24.0,41.3
2026-02-01 01:00:00,2026,2,1,1,Hà Nội,Xã Tây Phương,21.0403672,105.6115528,92,Moderate,1,17.2,73,0.0,7.2,68,1020.5,100,30.6,30.7,1029.0,29.1,27.0,36.8
2026-02-01 02:00:00,2026,2,1,2,Hà Nội,Xã Tây Phương,21.0403672,105.6115528,90,Moderate,1,17.2,72,0.0,8.0,67,1020.1,100,26.8,27.0,1013.0,25.3,30.0,34.1
2026-02-01 03:00:00,2026,2,1,3,Hà Nội,Xã Tây Phương,21.0403672,105.6115528,88,Moderate,1,16.9,71,0.0,9.6,64,1020.0,100,24.3,24.4,1014.0,21.9,34.0,32.2
2026-02-01 04:00:00,2026,2,1,4,Hà Nội,Xã Tây Phương,21.0403672,105.6115528,85,Moderate,1,16.8,68,0.0,9.3,72,1020.2,100,22.3,22.5,1004.0,19.9,36.0,31.2
2026-02-01 05:00:00,2026,2,1,5,Hà Nội,Xã Tây Phương,21.0403672,105.6115528,83,Moderate,1,16.6,66,0.0,8.8,73,1020.5,100,20.5,20.6,970.0,20.1,36.0,31.6
2026-02-01 06:00:00,2026,2,1,6,Hà Nội,Xã Tây Phương,21.0403672,105.6115528,80,Moderate,1,16.6,64,0.0,9.1,73,1021.6,100,19.2,19.3,926.0,21.7,34.0,33.0
2026-02-01 07:00:00,2026,2,1,7,Hà Nội,Xã Tây Phương,21.0403672,105.6115528,78,Moderate,1,16.3,67,0.0,7.6,71,1022.4,100,21.2,21.5,887.0,26.6,27.0,36.4
2026-02-01 08:00:00,2026,2,1,8,Hà Nội,Xã Tây Phương,21.0403672,105.6115528,77,Moderate,1,16.4,64,0.0,10.9,66,1023.1,100,18.5,18.6,860.0,25.5,30.0,37.1
2026-02-01 09:00:00,2026,2,1,9,Hà Nội,Xã Tây Phương,21.0403672,105.6115528,77,Moderate,1,16.6,62,0.0,10.7,61,1024.1,100,19.8,20.0,837.0,24.0,34.0,38.1
2026-02-01 10:00:00,2026,2,1,10,Hà Nội,Xã Tây Phương,21.0403672,105.6115528,77,Moderate,1,17.6,59,0.0,9.7,59,1024.4,100,23.2,23.6,815.0,22.4,39.0,38.8
2026-02-01 11:00:00,2026,2,1,11,Hà Nội,Xã Tây Phương,21.0403672,105.6115528,78,Moderate,1,17.8,59,0.0,8.7,52,1023.9,100,25.4,26.0,788.0,20.5,46.0,38.9
2026-02-01 12:00:00,2026,2,1,12,Hà Nội,Xã Tây Phương,21.0403672,105.6115528,80,Moderate,1,18.3,60,0.0,8.0,50,1022.8,100,27.2,27.8,762.0,18.6,55.0,38.7
2026-02-01 13:00:00,2026,2,1,13,Hà Nội,Xã Tây Phương,21.0403672,105.6115528,81,Moderate,1,20.1,59,0.0,6.1,67,1021.3,77,28.6,29.3,742.0,17.3,63.0,38.4
2026-02-01 14:00:00,2026,2,1,14,Hà Nội,Xã Tây Phương,21.0403672,105.6115528,82,Moderate,1,20.5,59,0.0,6.3,63,1020.2,77,29.5,30.3,700.0,16.1,71.0,37.6
2026-02-01 15:00:00,2026,2,1,15,Hà Nội,Xã Tây Phương,21.0403672,105.6115528,84,Moderate,1,20.7,57,0.0,7.5,69,1019.9,70,30.9,31.8,665.0,15.6,79.0,36.6
2026-02-01 16:00:00,2026,2,1,16,Hà Nội,Xã Tây Phương,21.0403672,105.6115528,85,Moderate,1,20.4,58,0.0,8.6,74,1019.8,35,32.5,33.4,734.0,18.4,79.0,36.9
2026-02-01 17:00:00,2026,2,1,17,Hà Nội,Xã Tây Phương,21.0403672,105.6115528,86,Moderate,1,19.9,59,0.0,8.3,88,1019.8,56,34.9,35.9,998.0,27.7,66.0,39.6
2026-02-01 18:00:00,2026,2,1,18,Hà Nội,Xã Tây Phương,21.0403672,105.6115528,88,Moderate,1,18.5,67,0.0,4.8,103,1020.1,66,45.4,46.2,1366.0,40.4,46.0,43.5
2026-02-01 19:00:00,2026,2,1,19,Hà Nội,Xã Tây Phương,21.0403672,105.6115528,89,Moderate,1,18.5,67,0.0,4.9,80,1020.3,33,59.6,60.5,1661.0,45.5,44.0,46.0
2026-02-01 20:00:00,2026,2,1,20,Hà Nội,Xã Tây Phương,21.0403672,105.6115528,91,Moderate,1,17.4,74,0.0,4.8,70,1020.8,6,65.7,66.4,1831.0,47.4,38.0,49.5
2026-02-01 21:00:00,2026,2,1,21,Hà Nội,Xã Tây Phương,21.0403672,105.6115528,93,Moderate,1,16.2,81,0.0,4.7,86,1021.2,4,70.3,71.2,1928.0,50.0,31.0,54.3
2026-02-01 22:00:00,2026,2,1,22,Hà Nội,Xã Tây Phương,21.0403672,105.6115528,96,Moderate,1,15.9,83,0.0,6.4,122,1021.5,15,78.5,79.4,1937.0,52.6,23.0,57.5
2026-02-01 23:00:00,2026,2,1,23,Hà Nội,Xã Tây Phương,21.0403672,105.6115528,99,Moderate,1,15.4,87,0.0,5.8,120,1021.7,23,88.5,89.4,1830.0,55.9,16.0,58.0
2026-02-02 00:00:00,2026,2,2,0,Hà Nội,Xã Tây Phương,21.0403672,105.6115528,103,Unhealthy for Sensitive Groups,2,14.6,92,0.0,4.5,104,1021.7,36,94.3,95.2,1635.0,59.1,9.0,57.0
2026-02-02 01:00:00,2026,2,2,1,Hà Nội,Xã Tây Phương,21.0403672,105.6115528,109,Unhealthy for Sensitive Groups,2,14.9,91,0.0,5.2,110,1021.6,63,94.8,95.7,1415.0,59.4,5.0,54.8
2026-02-02 02:00:00,2026,2,2,2,Hà Nội,Xã Tây Phương,21.0403672,105.6115528,116,Unhealthy for Sensitive Groups,2,15.4,89,0.0,6.4,74,1021.6,100,86.6,87.3,1153.0,54.7,7.0,51.1
2026-02-02 03:00:00,2026,2,2,3,Hà Nội,Xã Tây Phương,21.0403672,105.6115528,122,Unhealthy for Sensitive Groups,2,15.9,86,0.0,8.1,59,1021.9,100,75.0,75.7,867.0,47.0,13.0,46.2
2026-02-02 04:00:00,2026,2,2,4,Hà Nội,Xã Tây Phương,21.0403672,105.6115528,127,Unhealthy for Sensitive Groups,2,15.8,72,0.0,8.5,62,1022.1,100,63.6,64.3,672.0,39.8,19.0,42.0
2026-02-02 05:00:00,2026,2,2,5,Hà Nội,Xã Tây Phương,21.0403672,105.6115528,131,Unhealthy for Sensitive Groups,2,15.8,68,0.0,8.1,66,1022.6,100,51.9,52.6,639.0,34.0,24.0,38.9
2026-02-02 06:00:00,2026,2,2,6,Hà Nội,Xã Tây Phương,21.0403672,105.6115528,135,Unhealthy for Sensitive Groups,2,15.4,67,0.1,10.4,62,1023.5,100,44.5,45.2,697.0,28.7,29.0,36.4
2026-02-02 07:00:00,2026,2,2,7,Hà Nội,Xã Tây Phương,21.0403672,105.6115528,137,Unhealthy for Sensitive Groups,2,14.9,75,0.3,6.8,53,1024.3,100,45.3,46.0,748.0,26.8,30.0,35.9
2026-02-02 08:00:00,2026,2,2,8,Hà Nội,Xã Tây Phương,21.0403672,105.6115528,140,Unhealthy for Sensitive Groups,2,15.1,75,0.1,5.8,60,1025.4,100,43.9,44.6,761.0,25.5,33.0,36.0
2026-02-02 09:00:00,2026,2,2,9,Hà Nội,Xã Tây Phương,21.0403672,105.6115528,142,Unhealthy for Sensitive Groups,2,15.6,70,0.0,8.0,54,1026.2,100,49.1,50.1,767.0,23.7,37.0,36.2
2026-02-02 10:00:00,2026,2,2,10,Hà Nội,Xã Tây Phương,21.0403672,105.6115528,146,Unhealthy for Sensitive Groups,2,16.5,61,0.0,10.4,51,1026.4,100,57.7,59.1,757.0,22.2,41.0,36.3
2026-02-02 11:00:00,2026,2,2,11,Hà Nội,Xã Tây Phương,21.0403672,105.6115528,149,Unhealthy for Sensitive Groups,2,16.7,60,0.0,10.2,45,1025.9,100,61.5,63.3,722.0,21.1,46.0,36.2
2026-02-02 12:00:00,2026,2,2,12,Hà Nội,Xã Tây Phương,21.0403672,105.6115528,151,Unhealthy,3,17.1,60,0.0,8.9,43,1024.8,100,64.5,66.4,671.0,20.2,50.0,36.1
2026-02-02 13:00:00,2026,2,2,13,Hà Nội,Xã Tây Phương,21.0403672,105.6115528,151,Unhealthy,3,16.9,62,0.0,8.5,27,1023.9,100,66.6,68.7,630.0,20.0,54.0,36.4
2026-02-02 14:00:00,2026,2,2,14,Hà Nội,Xã Tây Phương,21.0403672,105.6115528,152,Unhealthy,3,17.4,61,0.0,7.5,24,1022.8,100,67.5,69.6,582.0,19.9,57.0,37.0
2026-02-02 15:00:00,2026,2,2,15,Hà Nội,Xã Tây Phương,21.0403672,105.6115528,153,Unhealthy,3,18.2,59,0.0,7.0,26,1022.1,100,68.0,70.1,543.0,20.5,59.0,37.9
2026-02-02 16:00:00,2026,2,2,16,Hà Nội,Xã Tây Phương,21.0403672,105.6115528,154,Unhealthy,3,18.4,59,0.0,6.9,28,1021.8,56,68.5,70.5,586.0,23.9,56.0,39.6
2026-02-02 17:00:00,2026,2,2,17,Hà Nội,Xã Tây Phương,21.0403672,105.6115528,155,Unhealthy,3,18.2,59,0.0,6.2,30,1021.9,20,69.4,71.5,800.0,32.9,44.0,42.6
2026-02-02 18:00:00,2026,2,2,18,Hà Nội,Xã Tây Phương,21.0403672,105.6115528,155,Unhealthy,3,16.2,71,0.0,2.1,20,1022.0,15,84.3,86.1,1096.0,44.8,28.0,46.5
2026-02-02 19:00:00,2026,2,2,19,Hà Nội,Xã Tây Phương,21.0403672,105.6115528,156,Unhealthy,3,15.4,79,0.0,3.2,304,1022.9,5,87.5,88.9,1277.0,51.1,20.0,49.4
2026-02-02 20:00:00,2026,2,2,20,Hà Nội,Xã Tây Phương,21.0403672,105.6115528,157,Unhealthy,3,14.6,83,0.0,4.9,298,1023.5,2,96.9,98.5,1231.0,53.1,17.0,53.5
2026-02-02 21:00:00,2026,2,2,21,Hà Nội,Xã Tây Phương,21.0403672,105.6115528,158,Unhealthy,3,14.1,87,0.0,5.3,315,1023.7,2,101.7,103.1,1071.0,55.9,13.0,59.1
2026-02-02 22:00:00,2026,2,2,22,Hà Nội,Xã Tây Phương,21.0403672,105.6115528,158,Unhealthy,3,13.8,90,0.0,5.1,318,1023.6,15,110.4,111.8,937.0,58.3,9.0,63.6
2026-02-02 23:00:00,2026,2,2,23,Hà Nội,Xã Tây Phương,21.0403672,105.6115528,159,Unhealthy,3,13.6,91,0.0,3.6,303,1023.4,25,121.5,123.4,888.0,60.0,6.0,66.1
2026-02-03 00:00:00,2026,2,3,0,Hà Nội,Xã Tây Phương,21.0403672,105.6115528,160,Unhealthy,3,13.3,91,0.0,2.6,282,1023.0,2,130.4,131.8,866.0,61.3,4.0,67.5
2026-02-03 01:00:00,2026,2,3,1,Hà Nội,Xã Tây Phương,21.0403672,105.6115528,161,Unhealthy,3,13.4,92,0.0,5.6,291,1022.9,3,134.6,136.0,839.0,61.3,2.0,67.5
2026-02-03 02:00:00,2026,2,3,2,Hà Nội,Xã Tây Phương,21.0403672,105.6115528,161,Unhealthy,3,13.1,94,0.0,6.3,301,1022.6,15,134.1,135.5,779.0,59.2,2.0,64.9
2026-02-03 03:00:00,2026,2,3,3,Hà Nội,Xã Tây Phương,21.0403672,105.6115528,162,Unhealthy,3,12.8,95,0.0,5.2,316,1022.4,76,129.9,131.3,715.0,55.9,3.0,60.9
2026-02-03 04:00:00,2026,2,3,4,Hà Nội,Xã Tây Phương,21.0403672,105.6115528,164,Unhealthy,3,12.6,96,0.0,5.0,325,1022.3,84,125.7,127.6,701.0,53.0,4.0,58.5
2026-02-03 05:00:00,2026,2,3,5,Hà Nội,Xã Tây Phương,21.0403672,105.6115528,165,Unhealthy,3,12.2,97,0.0,4.7,317,1022.3,55,123.9,125.7,791.0,52.0,3.0,59.3
2026-02-03 06:00:00,2026,2,3,6,Hà Nội,Xã Tây Phương,21.0403672,105.6115528,167,Unhealthy,3,11.9,98,0.0,3.2,308,1023.1,50,120.6,122.0,932.0,51.5,2.0,61.7
2026-02-03 07:00:00,2026,2,3,7,Hà Nội,Xã Tây Phương,21.0403672,105.6115528,168,Unhealthy,3,13.6,95,0.0,4.2,320,1023.8,98,144.8,146.2,1014.0,53.9,5.0,69.1
2026-02-03 08:00:00,2026,2,3,8,Hà Nội,Xã Tây Phương,21.0403672,105.6115528,170,Unhealthy,3,14.9,88,0.0,3.5,345,1024.2,73,135.0,136.4,981.0,47.1,18.0,70.9
2026-02-03 09:00:00,2026,2,3,9,Hà Nội,Xã Tây Phương,21.0403672,105.6115528,172,Unhealthy,3,16.4,82,0.0,2.2,14,1024.9,68,92.0,93.4,891.0,37.6,36.0,72.8
2026-02-03 10:00:00,2026,2,3,10,Hà Nội,Xã Tây Phương,21.0403672,105.6115528,173,Unhealthy,3,18.0,71,0.0,3.4,74,1025.1,77,73.3,74.5,804.0,29.4,55.0,70.7
2026-02-03 11:00:00,2026,2,3,11,Hà Nội,Xã Tây Phương,21.0403672,105.6115528,174,Unhealthy,3,19.3,63,0.0,4.5,97,1024.2,73,63.6,64.7,739.0,23.6,76.0,60.7
2026-02-03 12:00:00,2026,2,3,12,Hà Nội,Xã Tây Phương,21.0403672,105.6115528,174,Unhealthy,3,20.8,57,0.0,6.2,120,1022.9,4,57.5,58.6,677.0,19.1,97.0,46.6
2026-02-03 13:00:00,2026,2,3,13,Hà Nội,Xã Tây Phương,21.0403672,105.6115528,174,Unhealthy,3,20.8,57,0.0,8.4,146,1021.9,100,52.6,53.6,629.0,16.1,114.0,35.5
2026-02-03 14:00:00,2026,2,3,14,Hà Nội,Xã Tây Phương,21.0403672,105.6115528,173,Unhealthy,3,20.9,56,0.0,9.1,148,1020.7,100,53.4,54.2,592.0,13.8,126.0,29.8
2026-02-03 15:00:00,2026,2,3,15,Hà Nội,Xã Tây Phương,21.0403672,105.6115528,173,Unhealthy,3,21.5,54,0.0,9.0,154,1019.9,98,55.3,56.1,568.0,13.1,133.0,27.2
2026-02-03 16:00:00,2026,2,3,16,Hà Nội,Xã Tây Phương,21.0403672,105.6115528,173,Unhealthy,3,21.5,53,0.0,9.1,163,1019.4,81,56.8,57.5,575.0,16.9,130.0,27.4
2026-02-03 17:00:00,2026,2,3,17,Hà Nội,Xã Tây Phương,21.0403672,105.6115528,172,Unhealthy,3,21.2,55,0.0,8.4,165,1019.2,16,61.9,62.4,640.0,29.4,110.0,32.0
2026-02-03 18:00:00,2026,2,3,18,Hà Nội,Xã Tây Phương,21.0403672,105.6115528,172,Unhealthy,3,18.6,66,0.0,6.0,163,1019.0,4,79.9,80.6,735.0,46.4,81.0,39.6
2026-02-03 19:00:00,2026,2,3,19,Hà Nội,Xã Tây Phương,21.0403672,105.6115528,172,Unhealthy,3,17.9,70,0.0,5.0,125,1019.1,0,102.0,102.7,801.0,62.6,44.0,43.8
2026-02-03 20:00:00,2026,2,3,20,Hà Nội,Xã Tây Phương,21.0403672,105.6115528,172,Unhealthy,3,17.1,75,0.0,5.8,124,1019.6,6,113.4,114.1,801.0,65.5,37.0,47.2
2026-02-03 21:00:00,2026,2,3,21,Hà Nội,Xã Tây Phương,21.0403672,105.6115528,173,Unhealthy,3,17.0,78,0.0,8.9,135,1020.1,30,119.0,119.7,771.0,69.3,28.0,51.8
2026-02-03 22:00:00,2026,2,3,22,Hà Nội,Xã Tây Phương,21.0403672,105.6115528,173,Unhealthy,3,16.8,82,0.0,12.2,155,1020.3,43,122.9,123.4,756.0,71.8,20.0,55.0
2026-02-03 23:00:00,2026,2,3,23,Hà Nội,Xã Tây Phương,21.0403672,105.6115528,174,Unhealthy,3,15.9,88,0.0,11.0,159,1019.8,59,122.9,123.9,781.0,71.5,15.0,55.0
2026-02-04 00:00:00,2026,2,4,0,Hà Nội,Xã Tây Phương,21.0403672,105.6115528,174,Unhealthy,3,15.4,92,0.0,9.5,158,1019.3,13,119.0,119.7,822.0,69.8,12.0,53.5
2026-02-04 01:00:00,2026,2,4,1,Hà Nội,Xã Tây Phương,21.0403672,105.6115528,173,Unhealthy,3,15.3,94,0.0,9.3,146,1018.3,0,116.4,117.1,850.0,68.3,10.0,52.8
2026-02-04 02:00:00,2026,2,4,2,Hà Nội,Xã Tây Phương,21.0403672,105.6115528,173,Unhealthy,3,15.2,95,0.0,7.5,150,1017.7,1,117.1,118.0,849.0,68.0,8.0,53.7
2026-02-04 03:00:00,2026,2,4,3,Hà Nội,Xã Tây Phương,21.0403672,105.6115528,173,Unhealthy,3,14.8,97,0.0,6.2,150,1017.4,2,120.1,121.1,836.0,68.0,6.0,55.4
2026-02-04 04:00:00,2026,2,4,4,Hà Nội,Xã Tây Phương,21.0403672,105.6115528,172,Unhealthy,3,14.4,98,0.0,6.3,153,1017.3,2,124.3,125.3,835.0,67.3,5.0,57.3
2026-02-04 05:00:00,2026,2,4,5,Hà Nội,Xã Tây Phương,21.0403672,105.6115528,172,Unhealthy,3,14.1,99,0.0,6.0,151,1017.6,25,129.9,130.9,875.0,65.5,3.0,58.9
2026-02-04 06:00:00,2026,2,4,6,Hà Nội,Xã Tây Phương,21.0403672,105.6115528,172,Unhealthy,3,13.7,99,0.0,4.8,149,1018.1,61,134.1,135.0,926.0,62.9,1.0,60.7
2026-02-04 07:00:00,2026,2,4,7,Hà Nội,Xã Tây Phương,21.0403672,105.6115528,173,Unhealthy,3,14.8,100,0.0,4.0,177,1018.6,100,124.3,125.3,930.0,53.2,9.0,51.5
2026-02-04 08:00:00,2026,2,4,8,Hà Nội,Xã Tây Phương,21.0403672,105.6115528,172,Unhealthy,3,16.0,96,0.0,6.0,187,1019.2,100,118.5,119.2,839.0,51.3,22.0,59.3
2026-02-04 09:00:00,2026,2,4,9,Hà Nội,Xã Tây Phương,21.0403672,105.6115528,172,Unhealthy,3,17.9,85,0.0,9.8,185,1019.8,100,108.3,109.2,700.0,48.4,40.0,69.7
2026-02-04 10:00:00,2026,2,4,10,Hà Nội,Xã Tây Phương,21.0403672,105.6115528,172,Unhealthy,3,19.6,76,0.1,8.5,186,1019.7,100,96.4,97.8,590.0,44.0,59.0,73.8
2026-02-04 11:00:00,2026,2,4,11,Hà Nội,Xã Tây Phương,21.0403672,105.6115528,173,Unhealthy,3,20.4,73,0.0,6.8,182,1018.9,100,82.4,83.8,544.0,36.9,77.0,66.0
2026-02-04 12:00:00,2026,2,4,12,Hà Nội,Xã Tây Phương,21.0403672,105.6115528,173,Unhealthy,3,21.8,68,0.0,6.2,172,1017.2,100,68.9,70.3,527.0,28.3,95.0,52.0
2026-02-04 13:00:00,2026,2,4,13,Hà Nội,Xã Tây Phương,21.0403672,105.6115528,173,Unhealthy,3,22.5,64,0.0,6.8,177,1016.1,100,67.8,68.9,511.0,21.6,109.0,40.4
2026-02-04 14:00:00,2026,2,4,14,Hà Nội,Xã Tây Phương,21.0403672,105.6115528,174,Unhealthy,3,23.0,62,0.0,7.3,163,1014.7,100,66.6,67.5,476.0,16.9,119.0,33.8
2026-02-04 15:00:00,2026,2,4,15,Hà Nội,Xã Tây Phương,21.0403672,105.6115528,174,Unhealthy,3,23.9,59,0.0,9.1,155,1013.6,91,62.6,63.6,441.0,14.0,125.0,29.6
2026-02-04 16:00:00,2026,2,4,16,Hà Nội,Xã Tây Phương,21.0403672,105.6115528,174,Unhealthy,3,24.1,58,0.0,12.1,150,1013.0,40,58.4,59.3,437.0,16.2,122.0,28.5
2026-02-04 17:00:00,2026,2,4,17,Hà Nội,Xã Tây Phương,21.0403672,105.6115528,174,Unhealthy,3,23.5,61,0.0,10.4,136,1012.8,1,57.9,58.7,493.0,28.0,102.0,32.4
2026-02-04 18:00:00,2026,2,4,18,Hà Nội,Xã Tây Phương,21.0403672,105.6115528,174,Unhealthy,3,20.7,73,0.0,6.9,118,1013.3,5,75.2,75.9,580.0,44.8,72.0,39.3
2026-02-04 19:00:00,2026,2,4,19,Hà Nội,Xã Tây Phương,21.0403672,105.6115528,174,Unhealthy,3,19.6,80,0.0,8.0,128,1014.5,26,84.3,84.5,636.0,61.6,45.0,48.5
2026-02-04 20:00:00,2026,2,4,20,Hà Nội,Xã Tây Phương,21.0403672,105.6115528,174,Unhealthy,3,19.8,80,0.0,12.7,149,1014.9,11,88.0,88.5,628.0,59.4,43.0,48.3
2026-02-04 21:00:00,2026,2,4,21,Hà Nội,Xã Tây Phương,21.0403672,105.6115528,173,Unhealthy,3,19.0,84,0.0,13.5,157,1015.4,7,79.4,79.6,590.0,56.2,41.0,47.9
2026-02-04 22:00:00,2026,2,4,22,Hà Nội,Xã Tây Phương,21.0403672,105.6115528,172,Unhealthy,3,18.2,90,0.0,12.4,154,1015.5,5,67.5,67.8,563.0,52.8,39.0,46.6
2026-02-04 23:00:00,2026,2,4,23,Hà Nội,Xã Tây Phương,21.0403672,105.6115528,171,Unhealthy,3,17.5,95,0.0,11.5,150,1015.3,2,59.0,59.4,561.0,49.1,39.0,43.8
2026-02-05 00:00:00,2026,2,5,0,Hà Nội,Xã Tây Phương,21.0403672,105.6115528,170,Unhealthy,3,17.1,97,0.0,9.5,151,1015.0,8,53.9,54.4,570.0,45.1,40.0,40.1
2026-02-05 01:00:00,2026,2,5,1,Hà Nội,Xã Tây Phương,21.0403672,105.6115528,168,Unhealthy,3,17.3,98,0.0,7.6,153,1014.7,16,51.2,51.8,584.0,41.8,40.0,37.0
2026-02-05 02:00:00,2026,2,5,2,Hà Nội,Xã Tây Phương,21.0403672,105.6115528,167,Unhealthy,3,17.2,98,0.0,5.6,158,1014.1,30,50.6,51.2,605.0,39.3,38.0,34.7
2026-02-05 03:00:00,2026,2,5,3,Hà Nội,Xã Tây Phương,21.0403672,105.6115528,165,Unhealthy,3,16.8,99,0.0,3.9,158,1013.6,100,51.9,52.6,631.0,37.6,36.0,33.0
2026-02-05 04:00:00,2026,2,5,4,Hà Nội,Xã Tây Phương,21.0403672,105.6115528,164,Unhealthy,3,18.0,96,0.0,3.3,158,1013.3,100,59.5,60.3,659.0,37.0,33.0,32.9
2026-02-05 05:00:00,2026,2,5,5,Hà Nội,Xã Tây Phương,21.0403672,105.6115528,162,Unhealthy,3,18.2,96,0.0,2.6,129,1013.4,100,62.9,63.6,696.0,38.5,28.0,35.1
2026-02-05 06:00:00,2026,2,5,6,Hà Nội,Xã Tây Phương,21.0403672,105.6115528,161,Unhealthy,3,18.2,96,0.0,2.9,133,1013.9,100,64.5,65.4,733.0,41.3,23.0,38.9
2026-02-05 07:00:00,2026,2,5,7,Hà Nội,Xã Tây Phương,21.0403672,105.6115528,159,Unhealthy,3,17.9,95,0.0,5.5,308,1014.7,100,70.8,72.2,741.0,41.2,27.0,47.7
2026-02-05 08:00:00,2026,2,5,8,Hà Nội,Xã Tây Phương,21.0403672,105.6115528,158,Unhealthy,3,18.5,90,0.0,5.1,312,1015.3,100,67.5,68.9,699.0,39.7,32.0,50.2
2026-02-05 09:00:00,2026,2,5,9,Hà Nội,Xã Tây Phương,21.0403672,105.6115528,157,Unhealthy,3,19.0,88,0.0,3.6,319,1015.7,100,64.7,66.1,629.0,37.5,39.0,53.3
2026-02-05 10:00:00,2026,2,5,10,Hà Nội,Xã Tây Phương,21.0403672,105.6115528,156,Unhealthy,3,20.2,83,0.0,1.7,311,1016.1,100,59.8,61.2,561.0,34.5,48.0,53.2
2026-02-05 11:00:00,2026,2,5,11,Hà Nội,Xã Tây Phương,21.0403672,105.6115528,155,Unhealthy,3,21.0,80,0.0,3.0,194,1015.1,100,58.2,59.6,503.0,30.0,61.0,47.1
2026-02-05 12:00:00,2026,2,5,12,Hà Nội,Xã Tây Phương,21.0403672,105.6115528,155,Unhealthy,3,22.2,76,0.1,6.8,192,1014.0,100,54.7,56.1,448.0,24.7,78.0,37.8
2026-02-05 13:00:00,2026,2,5,13,Hà Nội,Xã Tây Phương,21.0403672,105.6115528,154,Unhealthy,3,22.8,73,0.1,6.5,175,1012.7,100,50.8,52.0,406.0,20.3,92.0,30.4
2026-02-05 14:00:00,2026,2,5,14,Hà Nội,Xã Tây Phương,21.0403672,105.6115528,154,Unhealthy,3,24.1,67,0.0,6.1,161,1011.5,100,50.9,52.0,377.0,16.4,107.0,26.2
2026-02-05 15:00:00,2026,2,5,15,Hà Nội,Xã Tây Phương,21.0403672,105.6115528,154,Unhealthy,3,25.1,62,0.0,6.4,115,1010.8,92,50.3,51.2,362.0,13.5,120.0,23.9
2026-02-05 16:00:00,2026,2,5,16,Hà Nội,Xã Tây Phương,21.0403672,105.6115528,154,Unhealthy,3,25.5,60,0.0,10.3,102,1010.4,3,48.3,49.1,370.0,15.0,122.0,24.0
2026-02-05 17:00:00,2026,2,5,17,Hà Nội,Xã Tây Phương,21.0403672,105.6115528,153,Unhealthy,3,25.1,66,0.0,3.6,117,1010.4,4,49.8,50.5,423.0,25.1,106.0,28.2
2026-02-05 18:00:00,2026,2,5,18,Hà Nội,Xã Tây Phương,21.0403672,105.6115528,153,Unhealthy,3,22.2,75,0.0,6.3,114,1010.8,11,62.2,62.6,500.0,39.5,79.0,34.9
2026-02-05 19:00:00,2026,2,5,19,Hà Nội,Xã Tây Phương,21.0403672,105.6115528,153,Unhealthy,3,20.9,85,0.0,7.0,111,1011.7,23,80.6,81.5,545.0,54.8,51.0,41.2
2026-02-05 20:00:00,2026,2,5,20,Hà Nội,Xã Tây Phương,21.0403672,105.6115528,153,Unhealthy,3,21.5,83,0.0,14.1,152,1012.7,7,78.5,79.4,529.0,53.2,46.0,41.3
2026-02-05 21:00:00,2026,2,5,21,Hà Nội,Xã Tây Phương,21.0403672,105.6115528,153,Unhealthy,3,20.8,89,0.0,14.7,157,1013.2,5,67.3,68.2,481.0,50.8,39.0,41.3
2026-02-05 22:00:00,2026,2,5,22,Hà Nội,Xã Tây Phương,21.0403672,105.6115528,152,Unhealthy,3,20.0,95,0.0,15.0,154,1013.4,34,52.9,54.2,438.0,47.3,35.0,40.5
2026-02-05 23:00:00,2026,2,5,23,Hà Nội,Xã Tây Phương,21.0403672,105.6115528,152,Unhealthy,3,19.9,97,0.0,14.6,160,1013.3,100,41.6,43.3,410.0,41.6,36.0,38.0
2026-02-06 00:00:00,2026,2,6,0,Hà Nội,Xã Tây Phương,21.0403672,105.6115528,152,Unhealthy,3,20.5,96,0.0,12.2,156,1012.9,100,39.2,40.6,386.0,34.9,40.0,34.6
2026-02-06 01:00:00,2026,2,6,1,Hà Nội,Xã Tây Phương,21.0403672,105.6115528,151,Unhealthy,3,20.9,94,0.0,12.5,150,1012.7,100,40.3,41.9,368.0,30.0,42.0,32.1
2026-02-06 02:00:00,2026,2,6,2,Hà Nội,Xã Tây Phương,21.0403672,105.6115528,151,Unhealthy,3,20.9,94,0.0,12.6,149,1012.2,100,43.0,44.7,354.0,28.1,40.0,30.8
2026-02-06 03:00:00,2026,2,6,3,Hà Nội,Xã Tây Phương,21.0403672,105.6115528,151,Unhealthy,3,20.7,94,0.0,11.2,150,1011.7,100,46.1,48.0,345.0,28.0,36.0,30.3
2026-02-06 04:00:00,2026,2,6,4,Hà Nội,Xã Tây Phương,21.0403672,105.6115528,151,Unhealthy,3,20.3,95,0.0,10.3,149,1011.7,100,49.7,51.6,345.0,29.5,31.0,31.4
2026-02-06 05:00:00,2026,2,6,5,Hà Nội,Xã Tây Phương,21.0403672,105.6115528,150,Unhealthy for Sensitive Groups,2,20.4,94,0.0,9.6,142,1011.8,100,53.8,55.8,354.0,33.9,24.0,35.6
2026-02-06 06:00:00,2026,2,6,6,Hà Nội,Xã Tây Phương,21.0403672,105.6115528,150,Unhealthy for Sensitive Groups,2,20.5,93,0.0,9.2,135,1012.2,100,58.8,61.0,372.0,39.8,16.0,41.5
2026-02-06 07:00:00,2026,2,6,7,Hà Nội,Xã Tây Phương,21.0403672,105.6115528,150,Unhealthy for Sensitive Groups,2,20.5,95,0.0,8.3,139,1013.0,100,67.5,69.6,408.0,39.0,12.0,39.1
2026-02-06 08:00:00,2026,2,6,8,Hà Nội,Xã Tây Phương,21.0403672,105.6115528,150,Unhealthy for Sensitive Groups,2,21.4,90,0.0,5.6,153,1013.8,100,51.1,53.0,483.0,35.8,20.0,39.0
2026-02-06 09:00:00,2026,2,6,9,Hà Nội,Xã Tây Phương,21.0403672,105.6115528,149,Unhealthy for Sensitive Groups,2,22.0,86,0.1,3.6,290,1014.5,100,43.4,45.1,576.0,31.2,31.0,38.7
2026-02-06 10:00:00,2026,2,6,10,Hà Nội,Xã Tây Phương,21.0403672,105.6115528,147,Unhealthy for Sensitive Groups,2,22.1,84,0.1,11.2,315,1014.8,100,46.0,47.1,628.0,27.1,43.0,37.9
2026-02-06 11:00:00,2026,2,6,11,Hà Nội,Xã Tây Phương,21.0403672,105.6115528,145,Unhealthy for Sensitive Groups,2,22.6,81,0.0,9.8,313,1014.4,100,38.8,40.0,600.0,23.6,57.0,36.0
2026-02-06 12:00:00,2026,2,6,12,Hà Nội,Xã Tây Phương,21.0403672,105.6115528,143,Unhealthy for Sensitive Groups,2,23.8,75,0.0,4.1,319,1013.6,41,41.3,42.4,532.0,20.6,73.0,33.6
2026-02-06 13:00:00,2026,2,6,13,Hà Nội,Xã Tây Phương,21.0403672,105.6115528,142,Unhealthy for Sensitive Groups,2,25.4,65,0.0,1.5,315,1012.2,42,43.9,44.9,486.0,18.8,86.0,31.7
2026-02-06 14:00:00,2026,2,6,14,Hà Nội,Xã Tây Phương,21.0403672,105.6115528,141,Unhealthy for Sensitive Groups,2,26.5,60,0.0,2.4,103,1011.1,70,47.8,48.8,495.0,17.7,96.0,30.4
2026-02-06 15:00:00,2026,2,6,15,Hà Nội,Xã Tây Phương,21.0403672,105.6115528,141,Unhealthy for Sensitive Groups,2,26.6,59,0.0,5.0,111,1010.5,16,52.0,53.0,526.0,17.9,104.0,29.7
2026-02-06 16:00:00,2026,2,6,16,Hà Nội,Xã Tây Phương,21.0403672,105.6115528,141,Unhealthy for Sensitive Groups,2,26.9,58,0.0,8.2,98,1010.2,4,55.1,56.0,539.0,21.8,103.0,30.5
2026-02-06 17:00:00,2026,2,6,17,Hà Nội,Xã Tây Phương,21.0403672,105.6115528,142,Unhealthy for Sensitive Groups,2,26.0,63,0.0,13.0,109,1010.4,32,56.9,57.9,510.0,33.0,89.0,34.0
2026-02-06 18:00:00,2026,2,6,18,Hà Nội,Xã Tây Phương,21.0403672,105.6115528,142,Unhealthy for Sensitive Groups,2,24.1,75,0.0,17.4,124,1011.4,8,72.9,73.8,464.0,47.9,67.0,39.0
2026-02-06 19:00:00,2026,2,6,19,Hà Nội,Xã Tây Phương,21.0403672,105.6115528,143,Unhealthy for Sensitive Groups,2,22.6,86,0.0,15.3,127,1012.3,25,80.1,81.5,434.0,48.2,58.0,36.5
2026-02-06 20:00:00,2026,2,6,20,Hà Nội,Xã Tây Phương,21.0403672,105.6115528,143,Unhealthy for Sensitive Groups,2,22.2,88,0.0,14.3,134,1013.1,63,76.4,77.8,441.0,48.8,48.0,37.8
2026-02-06 21:00:00,2026,2,6,21,Hà Nội,Xã Tây Phương,21.0403672,105.6115528,143,Unhealthy for Sensitive Groups,2,21.5,92,0.0,12.8,146,1013.8,98,67.8,69.2,463.0,49.6,34.0,39.4
2026-02-06 22:00:00,2026,2,6,22,Hà Nội,Xã Tây Phương,21.0403672,105.6115528,143,Unhealthy for Sensitive Groups,2,21.3,93,0.0,11.9,146,1014.1,100,62.2,64.0,471.0,50.0,23.0,40.2
2026-02-06 23:00:00,2026,2,6,23,Hà Nội,Xã Tây Phương,21.0403672,105.6115528,144,Unhealthy for Sensitive Groups,2,21.4,94,0.0,11.8,146,1014.2,100,59.0,61.0,448.0,50.0,18.0,39.3
2026-02-07 00:00:00,2026,2,7,0,Hà Nội,Xã Tây Phương,21.0403672,105.6115528,146,Unhealthy for Sensitive Groups,2,21.2,95,0.0,11.4,145,1014.4,100,52.5,54.6,411.0,49.7,15.0,37.5
2026-02-07 01:00:00,2026,2,7,1,Hà Nội,Xã Tây Phương,21.0403672,105.6115528,147,Unhealthy for Sensitive Groups,2,21.1,98,0.1,13.6,145,1013.6,28,47.6,50.6,381.0,48.6,14.0,35.8
2026-02-07 02:00:00,2026,2,7,2,Hà Nội,Xã Tây Phương,21.0403672,105.6115528,148,Unhealthy for Sensitive Groups,2,21.0,98,0.0,12.2,147,1013.3,84,49.1,51.3,359.0,46.1,13.0,34.2
2026-02-07 03:00:00,2026,2,7,3,Hà Nội,Xã Tây Phương,21.0403672,105.6115528,149,Unhealthy for Sensitive Groups,2,20.7,98,0.0,10.1,145,1013.3,72,52.6,54.2,344.0,42.9,14.0,32.6
2026-02-07 04:00:00,2026,2,7,4,Hà Nội,Xã Tây Phương,21.0403672,105.6115528,149,Unhealthy for Sensitive Groups,2,20.5,98,0.0,9.4,140,1013.4,91,53.3,54.9,351.0,40.8,14.0,32.1
2026-02-07 05:00:00,2026,2,7,5,Hà Nội,Xã Tây Phương,21.0403672,105.6115528,150,Unhealthy for Sensitive Groups,2,20.4,98,0.0,9.4,122,1013.6,100,53.3,54.9,404.0,40.8,13.0,33.3
2026-02-07 06:00:00,2026,2,7,6,Hà Nội,Xã Tây Phương,21.0403672,105.6115528,150,Unhealthy for Sensitive Groups,2,20.4,98,0.0,11.8,123,1014.5,98,53.6,55.3,479.0,41.9,13.0,35.6
2026-02-07 07:00:00,2026,2,7,7,Hà Nội,Xã Tây Phương,21.0403672,105.6115528,149,Unhealthy for Sensitive Groups,2,20.2,99,0.0,10.1,121,1015.1,100,60.8,62.2,516.0,39.8,11.0,35.9
2026-02-07 08:00:00,2026,2,7,8,Hà Nội,Xã Tây Phương,21.0403672,105.6115528,148,Unhealthy for Sensitive Groups,2,21.0,93,0.1,13.2,142,1016.1,84,55.3,56.8,477.0,36.9,21.0,37.3
2026-02-07 09:00:00,2026,2,7,9,Hà Nội,Xã Tây Phương,21.0403672,105.6115528,149,Unhealthy for Sensitive Groups,2,22.5,83,0.1,15.2,149,1016.8,51,46.6,47.8,401.0,32.7,35.0,39.1
2026-02-07 10:00:00,2026,2,7,10,Hà Nội,Xã Tây Phương,21.0403672,105.6115528,149,Unhealthy for Sensitive Groups,2,24.1,73,0.2,15.8,146,1016.8,64,37.7,38.8,342.0,28.7,48.0,39.3
2026-02-07 11:00:00,2026,2,7,11,Hà Nội,Xã Tây Phương,21.0403672,105.6115528,148,Unhealthy for Sensitive Groups,2,25.0,69,0.2,17.1,137,1016.2,94,27.7,28.6,322.0,25.1,60.0,36.5
2026-02-07 12:00:00,2026,2,7,12,Hà Nội,Xã Tây Phương,21.0403672,105.6115528,147,Unhealthy for Sensitive Groups,2,24.5,70,0.2,19.0,143,1015.4,100,25.6,26.3,319.0,21.7,71.0,32.2
2026-02-07 13:00:00,2026,2,7,13,Hà Nội,Xã Tây Phương,21.0403672,105.6115528,146,Unhealthy for Sensitive Groups,2,25.0,66,0.0,18.7,150,1014.3,30,25.1,25.8,323.0,19.2,80.0,28.7
2026-02-07 14:00:00,2026,2,7,14,Hà Nội,Xã Tây Phương,21.0403672,105.6115528,144,Unhealthy for Sensitive Groups,2,25.5,64,0.1,19.8,142,1013.2,49,26.8,27.4,330.0,17.5,89.0,26.7
2026-02-07 15:00:00,2026,2,7,15,Hà Nội,Xã Tây Phương,21.0403672,105.6115528,141,Unhealthy for Sensitive Groups,2,25.5,63,0.1,19.0,138,1012.6,41,24.6,25.1,345.0,16.7,96.0,25.5
2026-02-07 16:00:00,2026,2,7,16,Hà Nội,Xã Tây Phương,21.0403672,105.6115528,139,Unhealthy for Sensitive Groups,2,25.4,62,0.0,17.6,130,1012.2,52,25.7,26.2,369.0,18.2,97.0,25.5
2026-02-07 17:00:00,2026,2,7,17,Hà Nội,Xã Tây Phương,21.0403672,105.6115528,136,Unhealthy for Sensitive Groups,2,24.9,63,0.0,16.1,121,1012.9,100,28.6,29.1,409.0,24.0,89.0,27.5
2026-02-07 18:00:00,2026,2,7,18,Hà Nội,Xã Tây Phương,21.0403672,105.6115528,133,Unhealthy for Sensitive Groups,2,23.9,67,0.0,15.7,117,1013.8,100,34.3,34.7,459.0,32.2,76.0,30.6
2026-02-07 19:00:00,2026,2,7,19,Hà Nội,Xã Tây Phương,21.0403672,105.6115528,129,Unhealthy for Sensitive Groups,2,22.1,77,0.0,15.5,125,1014.7,26,38.6,39.5,497.0,36.5,65.0,32.7
2026-02-07 20:00:00,2026,2,7,20,Hà Nội,Xã Tây Phương,21.0403672,105.6115528,124,Unhealthy for Sensitive Groups,2,21.1,81,0.0,13.8,126,1015.8,34,41.6,42.3,511.0,36.3,64.0,32.9
2026-02-07 21:00:00,2026,2,7,21,Hà Nội,Xã Tây Phương,21.0403672,105.6115528,121,Unhealthy for Sensitive Groups,2,20.5,85,0.0,12.9,127,1016.4,48,44.5,45.2,515.0,36.0,64.0,33.1
2026-02-07 22:00:00,2026,2,7,22,Hà Nội,Xã Tây Phương,21.0403672,105.6115528,118,Unhealthy for Sensitive Groups,2,20.0,87,0.0,11.6,129,1016.8,100,49.4,50.1,527.0,35.1,63.0,32.5
2026-02-07 23:00:00,2026,2,7,23,Hà Nội,Xã Tây Phương,21.0403672,105.6115528,117,Unhealthy for Sensitive Groups,2,20.1,87,0.0,9.3,131,1017.0,100,55.2,55.9,559.0,33.5,62.0,30.5
2026-02-08 00:00:00,2026,2,8,0,Hà Nội,Xã Tây Phương,21.0403672,105.6115528,116,Unhealthy for Sensitive Groups,2,20.0,88,0.2,8.5,126,1017.4,100,55.1,55.8,599.0,31.4,61.0,27.6
2026-02-08 01:00:00,2026,2,8,1,Hà Nội,Xã Tây Phương,21.0403672,105.6115528,117,Unhealthy for Sensitive Groups,2,19.9,95,0.9,6.2,128,1017.4,100,53.8,54.5,637.0,28.1,61.0,25.3
2026-02-08 02:00:00,2026,2,8,2,Hà Nội,Xã Tây Phương,21.0403672,105.6115528,117,Unhealthy for Sensitive Groups,2,20.0,93,0.7,8.3,103,1017.2,100,52.3,52.9,666.0,22.6,62.0,23.8
2026-02-08 03:00:00,2026,2,8,3,Hà Nội,Xã Tây Phương,21.0403672,105.6115528,118,Unhealthy for Sensitive Groups,2,19.4,95,0.8,12.9,78,1017.2,100,48.7,49.0,693.0,15.9,63.0,22.7
2026-02-08 04:00:00,2026,2,8,4,Hà Nội,Xã Tây Phương,21.0403672,105.6115528,117,Unhealthy for Sensitive Groups,2,18.0,92,0.6,17.3,59,1017.4,100,41.0,41.2,720.0,11.3,62.0,22.3
2026-02-08 05:00:00,2026,2,8,5,Hà Nội,Xã Tây Phương,21.0403672,105.6115528,116,Unhealthy for Sensitive Groups,2,17.1,87,0.2,20.6,57,1018.3,100,32.4,32.6,754.0,10.3,57.0,23.0
2026-02-08 06:00:00,2026,2,8,6,Hà Nội,Xã Tây Phương,21.0403672,105.6115528,114,Unhealthy for Sensitive Groups,2,16.7,85,0.3,20.8,60,1019.6,100,24.4,24.6,789.0,11.3,49.0,24.4
2026-02-08 07:00:00,2026,2,8,7,Hà Nội,Xã Tây Phương,21.0403672,105.6115528,111,Unhealthy for Sensitive Groups,2,16.1,90,0.7,21.6,46,1020.5,100,17.4,17.4,813.0,11.3,46.0,22.6
2026-02-08 08:00:00,2026,2,8,8,Hà Nội,Xã Tây Phương,21.0403672,105.6115528,106,Unhealthy for Sensitive Groups,2,15.4,91,1.2,20.2,39,1021.9,100,12.6,12.6,824.0,12.4,43.0,23.9
2026-02-08 09:00:00,2026,2,8,9,Hà Nội,Xã Tây Phương,21.0403672,105.6115528,102,Unhealthy for Sensitive Groups,2,15.0,90,1.6,15.4,26,1023.7,100,10.2,10.2,825.0,13.9,39.0,25.7
2026-02-08 10:00:00,2026,2,8,10,Hà Nội,Xã Tây Phương,21.0403672,105.6115528,98,Moderate,1,14.7,89,1.6,15.1,28,1025.0,100,9.6,9.7,813.0,14.8,37.0,26.6
2026-02-08 11:00:00,2026,2,8,11,Hà Nội,Xã Tây Phương,21.0403672,105.6115528,96,Moderate,1,14.7,90,1.1,15.4,34,1024.8,100,9.2,9.3,778.0,14.5,39.0,25.8
2026-02-08 12:00:00,2026,2,8,12,Hà Nội,Xã Tây Phương,21.0403672,105.6115528,94,Moderate,1,14.8,87,0.7,16.8,28,1024.1,100,10.0,10.1,730.0,13.7,43.0,24.3
2026-02-08 13:00:00,2026,2,8,13,Hà Nội,Xã Tây Phương,21.0403672,105.6115528,93,Moderate,1,14.5,84,0.4,18.6,31,1023.1,100,10.3,10.6,704.0,13.5,46.0,23.0
2026-02-08 14:00:00,2026,2,8,14,Hà Nội,Xã Tây Phương,21.0403672,105.6115528,92,Moderate,1,14.6,81,0.3,17.6,33,1022.5,100,12.0,12.4,717.0,14.2,48.0,22.4
2026-02-08 15:00:00,2026,2,8,15,Hà Nội,Xã Tây Phương,21.0403672,105.6115528,90,Moderate,1,13.9,83,0.3,16.4,43,1022.0,100,14.2,14.7,751.0,15.4,49.0,22.1
2026-02-08 16:00:00,2026,2,8,16,Hà Nội,Xã Tây Phương,21.0403672,105.6115528,89,Moderate,1,13.1,90,0.6,16.7,53,1022.1,100,16.4,16.9,785.0,17.1,49.0,22.5
2026-02-08 17:00:00,2026,2,8,17,Hà Nội,Xã Tây Phương,21.0403672,105.6115528,88,Moderate,1,12.8,91,0.7,15.4,49,1022.4,100,18.3,18.8,818.0,19.7,46.0,23.9
2026-02-08 18:00:00,2026,2,8,18,Hà Nội,Xã Tây Phương,21.0403672,105.6115528,88,Moderate,1,12.4,91,0.3,13.0,43,1022.7,100,18.7,19.2,850.0,22.7,42.0,25.9
2026-02-08 19:00:00,2026,2,8,19,Hà Nội,Xã Tây Phương,21.0403672,105.6115528,86,Moderate,1,12.9,89,0.2,14.0,38,1022.9,100,22.2,22.2,864.0,21.6,41.0,23.9
2026-02-08 20:00:00,2026,2,8,20,Hà Nội,Xã Tây Phương,21.0403672,105.6115528,85,Moderate,1,12.6,89,0.2,13.9,54,1023.1,100,21.4,21.4,846.0,20.8,42.0,24.3
2026-02-08 21:00:00,2026,2,8,21,Hà Nội,Xã Tây Phương,21.0403672,105.6115528,83,Moderate,1,12.4,91,0.2,8.2,38,1023.9,100,21.1,21.2,809.0,19.8,43.0,25.0
2026-02-08 22:00:00,2026,2,8,22,Hà Nội,Xã Tây Phương,21.0403672,105.6115528,81,Moderate,1,12.4,91,0.8,8.7,50,1023.9,100,20.5,20.5,774.0,19.0,43.0,25.5
2026-02-08 23:00:00,2026,2,8,23,Hà Nội,Xã Tây Phương,21.0403672,105.6115528,78,Moderate,1,12.4,89,0.2,10.0,51,1023.5,100,20.4,20.5,747.0,18.6,43.0,25.7
2026-02-09 00:00:00,2026,2,9,0,Hà Nội,Xã Tây Phương,21.0403672,105.6115528,75,Moderate,1,12.2,92,0.2,8.9,42,1023.2,100,19.7,19.8,721.0,18.4,42.0,25.9
2026-02-09 01:00:00,2026,2,9,1,Hà Nội,Xã Tây Phương,21.0403672,105.6115528,72,Moderate,1,12.4,92,0.6,8.9,45,1022.5,100,19.7,19.8,700.0,18.5,41.0,26.5
2026-02-09 02:00:00,2026,2,9,2,Hà Nội,Xã Tây Phương,21.0403672,105.6115528,69,Moderate,1,12.2,93,0.7,8.6,36,1021.7,100,20.6,20.8,674.0,18.9,40.0,27.8
2026-02-09 03:00:00,2026,2,9,3,Hà Nội,Xã Tây Phương,21.0403672,105.6115528,66,Moderate,1,12.1,93,0.2,7.8,53,1021.3,100,21.3,21.6,653.0,19.6,39.0,29.5
2026-02-09 04:00:00,2026,2,9,4,Hà Nội,Xã Tây Phương,21.0403672,105.6115528,64,Moderate,1,12.2,91,0.1,6.9,43,1021.1,100,21.8,22.2,663.0,20.7,37.0,31.4
2026-02-09 05:00:00,2026,2,9,5,Hà Nội,Xã Tây Phương,21.0403672,105.6115528,62,Moderate,1,12.1,93,0.2,7.0,40,1020.9,100,22.6,23.0,735.0,22.8,35.0,33.5
2026-02-09 06:00:00,2026,2,9,6,Hà Nội,Xã Tây Phương,21.0403672,105.6115528,61,Moderate,1,12.1,94,0.1,6.7,38,1021.3,100,23.9,24.3,839.0,25.3,32.0,35.8
2026-02-09 07:00:00,2026,2,9,7,Hà Nội,Xã Tây Phương,21.0403672,105.6115528,61,Moderate,1,12.2,94,0.2,6.5,14,1021.7,100,19.6,19.9,912.0,23.0,35.0,29.6
2026-02-09 08:00:00,2026,2,9,8,Hà Nội,Xã Tây Phương,21.0403672,105.6115528,61,Moderate,1,12.4,94,1.4,5.0,15,1022.4,100,21.5,22.0,929.0,24.1,36.0,33.7
2026-02-09 09:00:00,2026,2,9,9,Hà Nội,Xã Tây Phương,21.0403672,105.6115528,62,Moderate,1,12.6,91,0.4,4.6,39,1023.1,100,24.0,24.6,916.0,25.5,37.0,39.4
2026-02-09 10:00:00,2026,2,9,10,Hà Nội,Xã Tây Phương,21.0403672,105.6115528,63,Moderate,1,12.8,88,0.3,1.3,90,1023.0,100,26.5,27.2,885.0,26.2,39.0,43.7
2026-02-09 11:00:00,2026,2,9,11,Hà Nội,Xã Tây Phương,21.0403672,105.6115528,65,Moderate,1,13.3,87,0.1,1.5,76,1022.0,100,29.4,30.3,826.0,25.2,44.0,45.1
2026-02-09 12:00:00,2026,2,9,12,Hà Nội,Xã Tây Phương,21.0403672,105.6115528,67,Moderate,1,14.9,79,0.0,2.3,342,1020.4,100,32.5,33.4,751.0,23.6,49.0,45.2
2026-02-09 13:00:00,2026,2,9,13,Hà Nội,Xã Tây Phương,21.0403672,105.6115528,69,Moderate,1,13.9,83,0.0,2.6,16,1019.4,100,35.9,36.9,704.0,22.7,54.0,45.3
2026-02-09 14:00:00,2026,2,9,14,Hà Nội,Xã Tây Phương,21.0403672,105.6115528,71,Moderate,1,14.9,79,0.1,2.7,98,1018.3,98,38.3,39.2,694.0,22.5,58.0,45.7
2026-02-09 15:00:00,2026,2,9,15,Hà Nội,Xã Tây Phương,21.0403672,105.6115528,73,Moderate,1,16.9,70,0.0,4.3,123,1017.4,96,39.6,40.6,713.0,23.1,60.0,46.1
2026-02-09 16:00:00,2026,2,9,16,Hà Nội,Xã Tây Phương,21.0403672,105.6115528,76,Moderate,1,17.8,69,0.0,6.7,144,1016.7,59,41.3,42.4,786.0,26.8,57.0,47.4
2026-02-09 17:00:00,2026,2,9,17,Hà Nội,Xã Tây Phương,21.0403672,105.6115528,78,Moderate,1,17.1,71,0.0,8.8,141,1016.6,35,43.9,44.9,961.0,35.9,46.0,49.8
2026-02-09 18:00:00,2026,2,9,18,Hà Nội,Xã Tây Phương,21.0403672,105.6115528,80,Moderate,1,15.2,81,0.0,6.0,134,1016.9,30,50.6,51.7,1191.0,48.1,29.0,53.1
2026-02-09 19:00:00,2026,2,9,19,Hà Nội,Xã Tây Phương,21.0403672,105.6115528,83,Moderate,1,13.6,87,0.0,10.2,114,1017.4,4,53.3,54.4,1353.0,47.1,23.0,51.0
2026-02-09 20:00:00,2026,2,9,20,Hà Nội,Xã Tây Phương,21.0403672,105.6115528,86,Moderate,1,12.5,92,0.0,7.0,111,1018.3,3,63.8,65.0,1391.0,52.3,16.0,57.4
2026-02-09 21:00:00,2026,2,9,21,Hà Nội,Xã Tây Phương,21.0403672,105.6115528,89,Moderate,1,11.9,95,0.0,4.3,123,1018.5,67,75.0,75.9,1361.0,59.5,7.0,66.3
2026-02-09 22:00:00,2026,2,9,22,Hà Nội,Xã Tây Phương,21.0403672,105.6115528,94,Moderate,1,11.9,94,0.0,1.7,167,1018.6,71,87.8,88.9,1315.0,64.7,0.0,73.3
2026-02-09 23:00:00,2026,2,9,23,Hà Nội,Xã Tây Phương,21.0403672,105.6115528,100,Moderate,1,11.8,94,0.0,1.2,207,1018.3,75,96.9,98.0,1266.0,66.1,0.0,77.2
2026-02-10 00:00:00,2026,2,10,0,Hà Nội,Xã Tây Phương,21.0403672,105.6115528,108,Unhealthy for Sensitive Groups,2,11.7,94,0.0,0.7,256,1018.1,98,99.9,101.0,1201.0,65.6,0.0,79.2
2026-02-10 01:00:00,2026,2,10,1,Hà Nội,Xã Tây Phương,21.0403672,105.6115528,116,Unhealthy for Sensitive Groups,2,12.9,94,0.0,0.8,297,1017.8,100,90.8,91.7,1130.0,64.4,0.0,79.2
2026-02-10 02:00:00,2026,2,10,2,Hà Nội,Xã Tây Phương,21.0403672,105.6115528,124,Unhealthy for Sensitive Groups,2,13.4,91,0.0,2.1,301,1017.5,100,83.4,84.5,1045.0,62.9,0.0,76.1
2026-02-10 03:00:00,2026,2,10,3,Hà Nội,Xã Tây Phương,21.0403672,105.6115528,130,Unhealthy for Sensitive Groups,2,13.5,91,0.0,2.6,304,1017.1,100,79.4,80.3,954.0,60.7,0.0,71.0
2026-02-10 04:00:00,2026,2,10,4,Hà Nội,Xã Tây Phương,21.0403672,105.6115528,136,Unhealthy for Sensitive Groups,2,13.4,92,0.0,2.6,321,1017.0,100,76.4,77.1,896.0,58.1,0.0,66.9
2026-02-10 05:00:00,2026,2,10,5,Hà Nội,Xã Tây Phương,21.0403672,105.6115528,142,Unhealthy for Sensitive Groups,2,13.7,91,0.0,3.4,317,1017.2,100,75.9,76.6,903.0,55.5,0.0,64.4
2026-02-10 06:00:00,2026,2,10,6,Hà Nội,Xã Tây Phương,21.0403672,105.6115528,148,Unhealthy for Sensitive Groups,2,13.8,90,0.0,3.7,305,1017.7,100,75.2,75.9,943.0,52.5,0.0,62.9
2026-02-10 07:00:00,2026,2,10,7,Hà Nội,Xã Tây Phương,21.0403672,105.6115528,151,Unhealthy,3,13.9,87,0.0,4.7,298,1018.6,100,67.5,68.5,962.0,50.6,5.0,71.3
2026-02-10 08:00:00,2026,2,10,8,Hà Nội,Xã Tây Phương,21.0403672,105.6115528,152,Unhealthy,3,14.7,84,0.0,4.6,281,1019.2,100,66.8,67.5,935.0,46.3,11.0,75.0
2026-02-10 09:00:00,2026,2,10,9,Hà Nội,Xã Tây Phương,21.0403672,105.6115528,153,Unhealthy,3,15.5,82,0.0,3.6,297,1019.6,100,65.0,65.7,886.0,40.3,19.0,79.6
2026-02-10 10:00:00,2026,2,10,10,Hà Nội,Xã Tây Phương,21.0403672,105.6115528,154,Unhealthy,3,17.0,78,0.0,1.9,319,1019.6,100,64.0,65.0,833.0,34.6,31.0,80.1
2026-02-10 11:00:00,2026,2,10,11,Hà Nội,Xã Tây Phương,21.0403672,105.6115528,154,Unhealthy,3,18.5,74,0.0,2.5,360,1018.9,76,62.6,63.6,781.0,29.6,50.0,72.4
2026-02-10 12:00:00,2026,2,10,12,Hà Nội,Xã Tây Phương,21.0403672,105.6115528,155,Unhealthy,3,20.4,70,0.0,1.0,149,1017.8,100,59.3,60.1,724.0,24.9,72.0,60.6
2026-02-10 13:00:00,2026,2,10,13,Hà Nội,Xã Tây Phương,21.0403672,105.6115528,156,Unhealthy,3,20.9,69,0.0,2.7,152,1016.6,100,49.0,49.8,665.0,22.3,88.0,51.5
2026-02-10 14:00:00,2026,2,10,14,Hà Nội,Xã Tây Phương,21.0403672,105.6115528,156,Unhealthy,3,21.9,66,0.0,6.3,167,1015.6,100,47.4,48.1,569.0,21.8,95.0,47.8
2026-02-10 15:00:00,2026,2,10,15,Hà Nội,Xã Tây Phương,21.0403672,105.6115528,156,Unhealthy,3,22.9,63,0.0,8.0,157,1014.8,100,49.4,50.2,470.0,23.3,96.0,46.9
2026-02-10 16:00:00,2026,2,10,16,Hà Nội,Xã Tây Phương,21.0403672,105.6115528,156,Unhealthy,3,22.9,64,0.0,10.6,138,1014.8,77,52.0,52.7,478.0,28.0,90.0,47.4
2026-02-10 17:00:00,2026,2,10,17,Hà Nội,Xã Tây Phương,21.0403672,105.6115528,157,Unhealthy,3,22.4,67,0.0,10.4,122,1014.9,14,58.1,58.8,696.0,38.2,74.0,49.4
2026-02-10 18:00:00,2026,2,10,18,Hà Nội,Xã Tây Phương,21.0403672,105.6115528,157,Unhealthy,3,20.4,77,0.0,8.4,99,1015.4,37,72.2,72.9,1021.0,51.7,52.0,52.8
2026-02-10 19:00:00,2026,2,10,19,Hà Nội,Xã Tây Phương,21.0403672,105.6115528,157,Unhealthy,3,19.0,84,0.0,8.4,59,1016.3,23,98.5,99.7,1245.0,61.3,28.0,58.5
2026-02-10 20:00:00,2026,2,10,20,Hà Nội,Xã Tây Phương,21.0403672,105.6115528,158,Unhealthy,3,18.5,87,0.0,6.6,73,1017.4,100,106.9,108.0,1261.0,63.2,23.0,60.3
2026-02-10 21:00:00,2026,2,10,21,Hà Nội,Xã Tây Phương,21.0403672,105.6115528,159,Unhealthy,3,19.0,85,0.0,5.2,74,1018.3,100,114.6,115.7,1178.0,65.9,16.0,62.8
2026-02-10 22:00:00,2026,2,10,22,Hà Nội,Xã Tây Phương,21.0403672,105.6115528,160,Unhealthy,3,19.0,86,0.0,4.3,68,1018.6,100,122.9,123.9,1111.0,68.0,10.0,64.2
2026-02-10 23:00:00,2026,2,10,23,Hà Nội,Xã Tây Phương,21.0403672,105.6115528,161,Unhealthy,3,18.6,88,0.0,3.4,65,1018.5,100,130.9,131.8,1119.0,69.3,6.0,64.1
2026-02-11 00:00:00,2026,2,11,0,Hà Nội,Xã Tây Phương,21.0403672,105.6115528,162,Unhealthy,3,18.5,90,0.0,2.7,82,1018.8,100,136.9,137.8,1143.0,70.1,3.0,63.0
2026-02-11 01:00:00,2026,2,11,1,Hà Nội,Xã Tây Phương,21.0403672,105.6115528,163,Unhealthy,3,18.1,89,0.1,0.7,360,1019.0,100,140.6,141.6,1128.0,69.1,1.0,60.6
2026-02-11 02:00:00,2026,2,11,2,Hà Nội,Xã Tây Phương,21.0403672,105.6115528,164,Unhealthy,3,18.3,90,0.1,2.3,45,1018.6,100,140.6,141.6,1023.0,65.2,1.0,56.0
2026-02-11 03:00:00,2026,2,11,3,Hà Nội,Xã Tây Phương,21.0403672,105.6115528,165,Unhealthy,3,18.3,90,0.0,3.6,33,1018.4,100,137.4,138.3,878.0,59.6,3.0,50.1
2026-02-11 04:00:00,2026,2,11,4,Hà Nội,Xã Tây Phương,21.0403672,105.6115528,166,Unhealthy,3,17.8,94,0.0,2.8,35,1018.6,100,132.2,133.2,784.0,54.9,4.0,45.8
2026-02-11 05:00:00,2026,2,11,5,Hà Nội,Xã Tây Phương,21.0403672,105.6115528,167,Unhealthy,3,17.9,96,0.1,3.5,12,1018.9,100,126.7,127.6,804.0,52.6,3.0,44.3
2026-02-11 06:00:00,2026,2,11,6,Hà Nội,Xã Tây Phương,21.0403672,105.6115528,169,Unhealthy,3,18.0,95,0.3,4.0,360,1019.6,100,121.1,122.0,875.0,51.3,2.0,44.5
2026-02-11 07:00:00,2026,2,11,7,Hà Nội,Xã Tây Phương,21.0403672,105.6115528,170,Unhealthy,3,17.8,96,0.0,5.8,22,1020.6,100,105.9,106.9,904.0,44.8,6.0,41.0
2026-02-11 08:00:00,2026,2,11,8,Hà Nội,Xã Tây Phương,21.0403672,105.6115528,170,Unhealthy,3,17.8,96,0.3,9.8,47,1021.3,100,92.2,92.9,840.0,40.6,10.0,43.8
2026-02-11 09:00:00,2026,2,11,9,Hà Nội,Xã Tây Phương,21.0403672,105.6115528,171,Unhealthy,3,17.5,91,0.1,10.5,53,1022.3,100,76.1,76.8,733.0,34.7,16.0,47.4
2026-02-11 10:00:00,2026,2,11,10,Hà Nội,Xã Tây Phương,21.0403672,105.6115528,171,Unhealthy,3,17.5,87,0.1,10.4,51,1022.7,100,55.3,55.9,640.0,29.4,22.0,49.1
2026-02-11 11:00:00,2026,2,11,11,Hà Nội,Xã Tây Phương,21.0403672,105.6115528,171,Unhealthy,3,18.5,80,0.0,10.4,51,1021.8,100,36.4,36.8,576.0,25.3,29.0,47.0
2026-02-11 12:00:00,2026,2,11,12,Hà Nội,Xã Tây Phương,21.0403672,105.6115528,170,Unhealthy,3,20.0,73,0.0,10.8,62,1020.3,100,27.4,27.6,525.0,21.7,36.0,42.9
2026-02-11 13:00:00,2026,2,11,13,Hà Nội,Xã Tây Phương,21.0403672,105.6115528,170,Unhealthy,3,20.0,74,0.0,11.1,63,1019.4,100,22.9,23.1,498.0,19.4,43.0,39.6
2026-02-11 14:00:00,2026,2,11,14,Hà Nội,Xã Tây Phương,21.0403672,105.6115528,169,Unhealthy,3,20.2,73,0.0,11.9,61,1018.4,100,21.3,21.5,489.0,17.5,51.0,37.4
2026-02-11 15:00:00,2026,2,11,15,Hà Nội,Xã Tây Phương,21.0403672,105.6115528,169,Unhealthy,3,20.1,73,0.0,11.7,69,1017.7,100,21.1,21.3,503.0,16.8,58.0,35.9
2026-02-11 16:00:00,2026,2,11,16,Hà Nội,Xã Tây Phương,21.0403672,105.6115528,168,Unhealthy,3,19.6,75,0.0,10.1,70,1017.4,100,21.5,21.7,568.0,20.2,58.0,36.5
2026-02-11 17:00:00,2026,2,11,17,Hà Nội,Xã Tây Phương,21.0403672,105.6115528,167,Unhealthy,3,19.2,76,0.0,9.1,73,1017.2,100,24.2,24.4,714.0,31.1,46.0,40.7
2026-02-11 18:00:00,2026,2,11,18,Hà Nội,Xã Tây Phương,21.0403672,105.6115528,167,Unhealthy,3,18.8,78,0.0,7.2,78,1017.3,100,34.1,34.5,910.0,46.1,27.0,47.0
2026-02-11 19:00:00,2026,2,11,19,Hà Nội,Xã Tây Phương,21.0403672,105.6115528,166,Unhealthy,3,18.5,83,0.0,6.4,98,1017.4,100,35.0,35.0,1093.0,42.7,14.0,41.6
2026-02-11 20:00:00,2026,2,11,20,Hà Nội,Xã Tây Phương,21.0403672,105.6115528,164,Unhealthy,3,18.4,84,0.0,5.6,107,1017.7,100,39.3,39.3,1281.0,43.1,12.0,42.6
2026-02-11 21:00:00,2026,2,11,21,Hà Nội,Xã Tây Phương,21.0403672,105.6115528,163,Unhealthy,3,18.2,84,0.0,5.4,94,1018.0,100,38.6,38.8,1456.0,43.7,10.0,43.9
2026-02-11 22:00:00,2026,2,11,22,Hà Nội,Xã Tây Phương,21.0403672,105.6115528,161,Unhealthy,3,18.2,84,0.0,2.7,67,1018.2,100,39.0,39.1,1498.0,44.0,8.0,44.4
2026-02-11 23:00:00,2026,2,11,23,Hà Nội,Xã Tây Phương,21.0403672,105.6115528,159,Unhealthy,3,18.1,83,0.0,4.1,90,1018.2,100,39.5,39.7,1304.0,43.7,7.0,43.4
2026-02-12 00:00:00,2026,2,12,0,Hà Nội,Xã Tây Phương,21.0403672,105.6115528,157,Unhealthy,3,17.9,84,0.0,4.5,106,1018.1,100,42.7,42.8,977.0,43.2,6.0,41.7
2026-02-12 01:00:00,2026,2,12,1,Hà Nội,Xã Tây Phương,21.0403672,105.6115528,155,Unhealthy,3,17.1,88,0.0,3.6,93,1017.9,100,42.4,42.5,710.0,42.6,5.0,40.6
2026-02-12 02:00:00,2026,2,12,2,Hà Nội,Xã Tây Phương,21.0403672,105.6115528,153,Unhealthy,3,17.1,88,0.0,3.6,90,1017.3,100,42.5,42.7,573.0,42.1,5.0,40.9
2026-02-12 03:00:00,2026,2,12,3,Hà Nội,Xã Tây Phương,21.0403672,105.6115528,151,Unhealthy,3,17.1,88,0.0,3.6,96,1016.7,100,43.3,43.5,496.0,41.5,5.0,41.9
2026-02-12 04:00:00,2026,2,12,4,Hà Nội,Xã Tây Phương,21.0403672,105.6115528,145,Unhealthy for Sensitive Groups,2,17.1,89,0.0,4.3,123,1016.5,100,45.8,46.1,458.0,41.0,5.0,42.7
2026-02-12 05:00:00,2026,2,12,5,Hà Nội,Xã Tây Phương,21.0403672,105.6115528,136,Unhealthy for Sensitive Groups,2,17.2,90,0.1,4.1,142,1016.6,100,46.9,47.3,472.0,40.6,3.0,42.7
2026-02-12 06:00:00,2026,2,12,6,Hà Nội,Xã Tây Phương,21.0403672,105.6115528,127,Unhealthy for Sensitive Groups,2,17.3,91,0.1,3.6,123,1017.0,100,48.0,48.3,526.0,40.2,2.0,42.5
2026-02-12 07:00:00,2026,2,12,7,Hà Nội,Xã Tây Phương,21.0403672,105.6115528,120,Unhealthy for Sensitive Groups,2,17.5,93,0.1,6.4,117,1018.0,100,48.0,48.2,558.0,40.4,2.0,42.9
2026-02-12 08:00:00,2026,2,12,8,Hà Nội,Xã Tây Phương,21.0403672,105.6115528,114,Unhealthy for Sensitive Groups,2,18.0,90,0.0,7.8,127,1018.5,100,47.6,47.8,541.0,40.7,6.0,46.3
2026-02-12 09:00:00,2026,2,12,9,Hà Nội,Xã Tây Phương,21.0403672,105.6115528,109,Unhealthy for Sensitive Groups,2,19.0,85,0.0,10.2,129,1019.0,100,49.0,49.2,504.0,41.0,11.0,50.9
2026-02-12 10:00:00,2026,2,12,10,Hà Nội,Xã Tây Phương,21.0403672,105.6115528,106,Unhealthy for Sensitive Groups,2,20.0,82,0.0,12.1,131,1019.2,100,50.3,50.6,469.0,40.5,19.0,53.1
2026-02-12 11:00:00,2026,2,12,11,Hà Nội,Xã Tây Phương,21.0403672,105.6115528,106,Unhealthy for Sensitive Groups,2,20.6,81,0.0,11.3,138,1018.5,100,50.6,51.2,446.0,38.4,32.0,50.6
2026-02-12 12:00:00,2026,2,12,12,Hà Nội,Xã Tây Phương,21.0403672,105.6115528,107,Unhealthy for Sensitive Groups,2,20.9,81,0.0,11.8,151,1017.3,100,51.7,52.5,425.0,35.6,48.0,45.7
2026-02-12 13:00:00,2026,2,12,13,Hà Nội,Xã Tây Phương,21.0403672,105.6115528,110,Unhealthy for Sensitive Groups,2,22.0,75,0.0,13.9,161,1016.1,98,51.5,52.5,407.0,33.2,60.0,41.9
2026-02-12 14:00:00,2026,2,12,14,Hà Nội,Xã Tây Phương,21.0403672,105.6115528,113,Unhealthy for Sensitive Groups,2,23.1,71,0.1,15.3,167,1015.1,84,49.5,50.5,386.0,30.9,67.0,40.5
2026-02-12 15:00:00,2026,2,12,15,Hà Nội,Xã Tây Phương,21.0403672,105.6115528,116,Unhealthy for Sensitive Groups,2,24.0,67,0.0,16.1,169,1014.0,51,41.9,43.0,367.0,29.1,69.0,40.3
2026-02-12 16:00:00,2026,2,12,16,Hà Nội,Xã Tây Phương,21.0403672,105.6115528,118,Unhealthy for Sensitive Groups,2,24.1,67,0.0,16.2,159,1013.5,90,50.3,51.6,365.0,30.4,67.0,40.9
2026-02-12 17:00:00,2026,2,12,17,Hà Nội,Xã Tây Phương,21.0403672,105.6115528,121,Unhealthy for Sensitive Groups,2,23.2,72,0.0,14.5,146,1013.5,47,61.7,63.1,393.0,38.1,56.0,43.2
2026-02-12 18:00:00,2026,2,12,18,Hà Nội,Xã Tây Phương,21.0403672,105.6115528,125,Unhealthy for Sensitive Groups,2,22.0,79,0.0,10.7,135,1013.9,100,69.8,71.2,437.0,48.9,39.0,46.4
2026-02-12 19:00:00,2026,2,12,19,Hà Nội,Xã Tây Phương,21.0403672,105.6115528,128,Unhealthy for Sensitive Groups,2,21.4,84,0.0,13.5,123,1014.2,100,67.3,68.7,471.0,56.7,23.0,44.4
2026-02-12 20:00:00,2026,2,12,20,Hà Nội,Xã Tây Phương,21.0403672,105.6115528,132,Unhealthy for Sensitive Groups,2,20.8,86,0.0,14.5,132,1014.9,50,70.3,71.7,484.0,55.8,23.0,44.2
2026-02-12 21:00:00,2026,2,12,21,Hà Nội,Xã Tây Phương,21.0403672,105.6115528,135,Unhealthy for Sensitive Groups,2,19.6,92,0.0,13.2,140,1015.3,32,68.5,69.8,486.0,54.4,23.0,43.7
2026-02-12 22:00:00,2026,2,12,22,Hà Nội,Xã Tây Phương,21.0403672,105.6115528,138,Unhealthy for Sensitive Groups,2,18.9,97,0.0,12.1,147,1015.3,54,65.0,66.4,485.0,51.9,24.0,42.4
2026-02-12 23:00:00,2026,2,12,23,Hà Nội,Xã Tây Phương,21.0403672,105.6115528,141,Unhealthy for Sensitive Groups,2,18.6,98,0.0,11.9,150,1015.1,100,59.8,61.2,487.0,47.9,27.0,39.6
2026-02-13 00:00:00,2026,2,13,0,Hà Nội,Xã Tây Phương,21.0403672,105.6115528,143,Unhealthy for Sensitive Groups,2,18.9,98,0.0,10.1,145,1014.6,100,53.9,55.2,485.0,42.8,30.0,36.1
2026-02-13 01:00:00,2026,2,13,1,Hà Nội,Xã Tây Phương,21.0403672,105.6115528,144,Unhealthy for Sensitive Groups,2,19.3,99,0.0,8.4,118,1014.1,100,50.3,51.3,468.0,38.0,33.0,32.8
2026-02-13 02:00:00,2026,2,13,2,Hà Nội,Xã Tây Phương,21.0403672,105.6115528,145,Unhealthy for Sensitive Groups,2,19.3,99,0.1,7.7,111,1013.8,100,50.2,51.3,415.0,33.3,35.0,30.1
2026-02-13 03:00:00,2026,2,13,3,Hà Nội,Xã Tây Phương,21.0403672,105.6115528,146,Unhealthy for Sensitive Groups,2,19.5,98,0.1,13.1,127,1013.3,100,51.1,52.3,346.0,28.9,37.0,27.7
2026-02-13 04:00:00,2026,2,13,4,Hà Nội,Xã Tây Phương,21.0403672,105.6115528,147,Unhealthy for Sensitive Groups,2,20.1,95,0.0,15.5,142,1013.5,100,51.2,52.4,315.0,26.3,37.0,26.3
2026-02-13 05:00:00,2026,2,13,5,Hà Nội,Xã Tây Phương,21.0403672,105.6115528,147,Unhealthy for Sensitive Groups,2,20.2,95,0.0,12.5,137,1013.7,100,51.1,52.4,364.0,27.0,35.0,26.3
2026-02-13 06:00:00,2026,2,13,6,Hà Nội,Xã Tây Phương,21.0403672,105.6115528,148,Unhealthy for Sensitive Groups,2,20.0,97,0.0,11.2,125,1014.2,100,51.3,52.6,451.0,29.5,31.0,27.2
2026-02-13 07:00:00,2026,2,13,7,Hà Nội,Xã Tây Phương,21.0403672,105.6115528,148,Unhealthy for Sensitive Groups,2,20.0,97,0.0,11.8,129,1014.9,100,57.3,59.1,497.0,31.2,28.0,29.8
2026-02-13 08:00:00,2026,2,13,8,Hà Nội,Xã Tây Phương,21.0403672,105.6115528,149,Unhealthy for Sensitive Groups,2,20.6,94,0.0,14.9,136,1015.5,100,52.0,54.5,460.0,27.8,39.0,28.7
2026-02-13 09:00:00,2026,2,13,9,Hà Nội,Xã Tây Phương,21.0403672,105.6115528,149,Unhealthy for Sensitive Groups,2,21.2,91,0.0,17.9,148,1016.2,100,37.0,39.8,382.0,23.0,54.0,27.1
2026-02-13 10:00:00,2026,2,13,10,Hà Nội,Xã Tây Phương,21.0403672,105.6115528,148,Unhealthy for Sensitive Groups,2,22.9,80,0.0,16.5,160,1016.8,100,33.6,36.3,319.0,18.9,67.0,25.4
2026-02-13 11:00:00,2026,2,13,11,Hà Nội,Xã Tây Phương,21.0403672,105.6115528,146,Unhealthy for Sensitive Groups,2,23.7,74,0.0,14.0,162,1015.9,100,31.1,33.6,289.0,16.0,77.0,23.5
2026-02-13 12:00:00,2026,2,13,12,Hà Nội,Xã Tây Phương,21.0403672,105.6115528,144,Unhealthy for Sensitive Groups,2,25.0,66,0.0,13.5,171,1014.3,100,29.7,32.1,273.0,13.8,86.0,21.6
2026-02-13 13:00:00,2026,2,13,13,Hà Nội,Xã Tây Phương,21.0403672,105.6115528,142,Unhealthy for Sensitive Groups,2,25.3,64,0.0,11.6,165,1013.6,100,29.7,31.9,265.0,12.5,93.0,20.5
2026-02-13 14:00:00,2026,2,13,14,Hà Nội,Xã Tây Phương,21.0403672,105.6115528,140,Unhealthy for Sensitive Groups,2,25.3,65,0.0,13.8,154,1012.7,100,30.5,32.6,264.0,11.9,98.0,20.5
2026-02-13 15:00:00,2026,2,13,15,Hà Nội,Xã Tây Phương,21.0403672,105.6115528,138,Unhealthy for Sensitive Groups,2,25.0,67,0.0,14.6,146,1011.9,99,31.0,32.9,272.0,12.3,100.0,21.4
2026-02-13 16:00:00,2026,2,13,16,Hà Nội,Xã Tây Phương,21.0403672,105.6115528,137,Unhealthy for Sensitive Groups,2,24.9,68,0.0,15.8,142,1011.6,63,31.0,32.7,283.0,14.5,98.0,23.0
2026-02-13 17:00:00,2026,2,13,17,Hà Nội,Xã Tây Phương,21.0403672,105.6115528,135,Unhealthy for Sensitive Groups,2,24.5,70,0.0,14.2,145,1011.6,41,32.7,34.2,299.0,20.3,87.0,26.1
2026-02-13 18:00:00,2026,2,13,18,Hà Nội,Xã Tây Phương,21.0403672,105.6115528,132,Unhealthy for Sensitive Groups,2,23.2,73,0.0,15.8,154,1012.2,7,35.5,36.8,319.0,27.9,72.0,29.9
2026-02-13 19:00:00,2026,2,13,19,Hà Nội,Xã Tây Phương,21.0403672,105.6115528,128,Unhealthy for Sensitive Groups,2,22.6,76,0.0,17.7,152,1012.4,4,38.4,39.7,336.0,35.7,60.0,33.6
2026-02-13 20:00:00,2026,2,13,20,Hà Nội,Xã Tây Phương,21.0403672,105.6115528,125,Unhealthy for Sensitive Groups,2,22.0,78,0.0,16.6,153,1013.7,12,32.5,33.6,347.0,34.2,58.0,33.9
2026-02-13 21:00:00,2026,2,13,21,Hà Nội,Xã Tây Phương,21.0403672,105.6115528,121,Unhealthy for Sensitive Groups,2,21.4,82,0.0,16.9,155,1014.5,11,27.0,28.6,355.0,32.1,56.0,34.2
2026-02-13 22:00:00,2026,2,13,22,Hà Nội,Xã Tây Phương,21.0403672,105.6115528,117,Unhealthy for Sensitive Groups,2,20.8,89,0.0,16.9,155,1014.9,20,25.9,28.3,359.0,30.5,53.0,33.9
2026-02-13 23:00:00,2026,2,13,23,Hà Nội,Xã Tây Phương,21.0403672,105.6115528,113,Unhealthy for Sensitive Groups,2,20.3,95,0.0,15.5,154,1015.1,24,27.9,30.7,354.0,30.0,49.0,32.6
2026-02-14 00:00:00,2026,2,14,0,Hà Nội,Xã Tây Phương,21.0403672,105.6115528,109,Unhealthy for Sensitive Groups,2,20.0,97,0.0,13.5,149,1015.0,80,32.9,35.6,345.0,29.9,44.0,30.7
2026-02-14 01:00:00,2026,2,14,1,Hà Nội,Xã Tây Phương,21.0403672,105.6115528,107,Unhealthy for Sensitive Groups,2,20.8,98,0.0,13.5,144,1014.8,81,37.7,40.5,343.0,29.7,40.0,29.0
2026-02-14 02:00:00,2026,2,14,2,Hà Nội,Xã Tây Phương,21.0403672,105.6115528,106,Unhealthy for Sensitive Groups,2,20.6,98,0.0,12.5,143,1014.2,43,44.4,46.3,351.0,28.8,36.0,27.7
2026-02-14 03:00:00,2026,2,14,3,Hà Nội,Xã Tây Phương,21.0403672,105.6115528,105,Unhealthy for Sensitive Groups,2,20.2,98,0.0,10.9,136,1013.7,78,48.4,50.5,366.0,27.7,32.0,26.7
2026-02-14 04:00:00,2026,2,14,4,Hà Nội,Xã Tây Phương,21.0403672,105.6115528,105,Unhealthy for Sensitive Groups,2,20.2,98,0.0,11.4,129,1013.6,100,52.4,54.4,390.0,27.3,29.0,26.4
2026-02-14 05:00:00,2026,2,14,5,Hà Nội,Xã Tây Phương,21.0403672,105.6115528,105,Unhealthy for Sensitive Groups,2,20.2,99,0.0,11.3,129,1013.6,100,55.8,57.5,441.0,28.5,24.0,27.5
2026-02-14 06:00:00,2026,2,14,6,Hà Nội,Xã Tây Phương,21.0403672,105.6115528,106,Unhealthy for Sensitive Groups,2,20.3,98,0.1,12.0,130,1014.2,100,56.7,58.2,502.0,30.3,20.0,29.4
2026-02-14 07:00:00,2026,2,14,7,Hà Nội,Xã Tây Phương,21.0403672,105.6115528,106,Unhealthy for Sensitive Groups,2,20.0,97,0.1,12.6,133,1015.3,100,60.3,61.7,521.0,31.8,18.0,32.2
2026-02-14 08:00:00,2026,2,14,8,Hà Nội,Xã Tây Phương,21.0403672,105.6115528,106,Unhealthy for Sensitive Groups,2,20.6,91,0.1,12.6,147,1015.8,86,46.1,48.3,460.0,27.2,33.0,31.1
2026-02-14 09:00:00,2026,2,14,9,Hà Nội,Xã Tây Phương,21.0403672,105.6115528,106,Unhealthy for Sensitive Groups,2,22.2,81,0.1,13.7,153,1016.2,56,36.6,38.6,357.0,20.7,54.0,29.5
2026-02-14 10:00:00,2026,2,14,10,Hà Nội,Xã Tây Phương,21.0403672,105.6115528,106,Unhealthy for Sensitive Groups,2,24.1,69,0.0,12.9,160,1015.9,97,30.2,32.1,279.0,15.5,72.0,27.8
2026-02-14 11:00:00,2026,2,14,11,Hà Nội,Xã Tây Phương,21.0403672,105.6115528,105,Unhealthy for Sensitive Groups,2,25.1,63,0.0,12.1,162,1015.3,100,28.6,30.6,254.0,12.7,85.0,25.7
2026-02-14 12:00:00,2026,2,14,12,Hà Nội,Xã Tây Phương,21.0403672,105.6115528,105,Unhealthy for Sensitive Groups,2,25.7,62,0.0,10.8,162,1014.0,99,28.2,30.2,253.0,11.2,96.0,23.5
2026-02-14 13:00:00,2026,2,14,13,Hà Nội,Xã Tây Phương,21.0403672,105.6115528,105,Unhealthy for Sensitive Groups,2,25.6,62,0.0,10.9,153,1013.1,100,28.3,30.2,257.0,10.4,104.0,21.9
2026-02-14 14:00:00,2026,2,14,14,Hà Nội,Xã Tây Phương,21.0403672,105.6115528,105,Unhealthy for Sensitive Groups,2,26.5,59,0.0,12.2,156,1012.1,99,27.5,29.2,261.0,9.6,110.0,20.9
2026-02-14 15:00:00,2026,2,14,15,Hà Nội,Xã Tây Phương,21.0403672,105.6115528,105,Unhealthy for Sensitive Groups,2,26.0,60,0.0,14.3,151,1011.0,84,27.6,29.2,270.0,9.5,112.0,20.6
2026-02-14 16:00:00,2026,2,14,16,Hà Nội,Xã Tây Phương,21.0403672,105.6115528,104,Unhealthy for Sensitive Groups,2,26.4,59,0.0,15.7,153,1010.7,36,28.2,29.6,284.0,11.9,109.0,21.8
2026-02-14 17:00:00,2026,2,14,17,Hà Nội,Xã Tây Phương,21.0403672,105.6115528,104,Unhealthy for Sensitive Groups,2,25.6,63,0.0,14.8,151,1011.0,18,30.4,31.7,307.0,19.4,96.0,25.9
2026-02-14 18:00:00,2026,2,14,18,Hà Nội,Xã Tây Phương,21.0403672,105.6115528,104,Unhealthy for Sensitive Groups,2,24.2,66,0.0,16.0,156,1011.4,5,37.6,38.6,334.0,29.4,76.0,31.5
2026-02-14 19:00:00,2026,2,14,19,Hà Nội,Xã Tây Phương,21.0403672,105.6115528,104,Unhealthy for Sensitive Groups,2,22.9,71,0.0,18.2,144,1012.3,8,45.1,46.1,359.0,37.4,60.0,35.8
2026-02-14 20:00:00,2026,2,14,20,Hà Nội,Xã Tây Phương,21.0403672,105.6115528,105,Unhealthy for Sensitive Groups,2,22.0,76,0.0,16.9,146,1013.1,4,38.5,39.3,380.0,35.9,56.0,35.5
2026-02-14 21:00:00,2026,2,14,21,Hà Nội,Xã Tây Phương,21.0403672,105.6115528,105,Unhealthy for Sensitive Groups,2,21.1,82,0.0,15.7,146,1013.4,6,32.2,33.2,397.0,33.7,52.0,35.0
2026-02-14 22:00:00,2026,2,14,22,Hà Nội,Xã Tây Phương,21.0403672,105.6115528,106,Unhealthy for Sensitive Groups,2,20.5,89,0.0,16.0,150,1013.7,9,30.6,31.7,404.0,31.3,48.0,33.9
2026-02-14 23:00:00,2026,2,14,23,Hà Nội,Xã Tây Phương,21.0403672,105.6115528,106,Unhealthy for Sensitive Groups,2,19.9,95,0.0,15.8,156,1013.8,5,31.2,32.4,394.0,28.7,47.0,31.6
2026-02-15 00:00:00,2026,2,15,0,Hà Nội,Xã Tây Phương,21.0403672,105.6115528,107,Unhealthy for Sensitive Groups,2,19.5,98,0.0,14.6,156,1013.6,35,33.9,35.2,374.0,25.8,47.0,28.7
2026-02-15 01:00:00,2026,2,15,1,Hà Nội,Xã Tây Phương,21.0403672,105.6115528,107,Unhealthy for Sensitive Groups,2,20.3,98,0.0,13.8,151,1013.4,100,38.4,39.9,354.0,23.4,47.0,26.2
2026-02-15 02:00:00,2026,2,15,2,Hà Nội,Xã Tây Phương,21.0403672,105.6115528,107,Unhealthy for Sensitive Groups,2,20.9,94,0.1,13.9,149,1012.8,100,40.5,42.3,328.0,21.2,47.0,24.3
2026-02-15 03:00:00,2026,2,15,3,Hà Nội,Xã Tây Phương,21.0403672,105.6115528,106,Unhealthy for Sensitive Groups,2,20.7,95,0.0,13.4,145,1012.3,100,42.7,44.5,302.0,19.3,47.0,22.8
2026-02-15 04:00:00,2026,2,15,4,Hà Nội,Xã Tây Phương,21.0403672,105.6115528,106,Unhealthy for Sensitive Groups,2,20.2,96,0.0,13.7,142,1012.1,100,43.4,45.3,304.0,19.1,46.0,22.8
2026-02-15 05:00:00,2026,2,15,5,Hà Nội,Xã Tây Phương,21.0403672,105.6115528,105,Unhealthy for Sensitive Groups,2,20.2,96,0.0,13.6,146,1012.3,100,46.4,48.2,370.0,22.2,40.0,25.5
2026-02-15 06:00:00,2026,2,15,6,Hà Nội,Xã Tây Phương,21.0403672,105.6115528,104,Unhealthy for Sensitive Groups,2,20.1,96,0.0,13.3,150,1012.7,100,49.1,50.9,464.0,26.8,33.0,29.6
2026-02-15 07:00:00,2026,2,15,7,Hà Nội,Xã Tây Phương,21.0403672,105.6115528,103,Unhealthy for Sensitive Groups,2,20.4,94,0.0,11.0,148,1013.5,100,55.1,56.9,510.0,31.0,30.0,32.3
2026-02-15 08:00:00,2026,2,15,8,Hà Nội,Xã Tây Phương,21.0403672,105.6115528,103,Unhealthy for Sensitive Groups,2,20.9,89,0.0,11.2,162,1014.3,100,44.8,47.1,459.0,27.1,40.0,30.1
2026-02-15 09:00:00,2026,2,15,9,Hà Nội,Xã Tây Phương,21.0403672,105.6115528,102,Unhealthy for Sensitive Groups,2,22.2,81,0.0,9.4,168,1014.9,100,39.9,42.1,359.0,21.5,55.0,27.0
2026-02-15 10:00:00,2026,2,15,10,Hà Nội,Xã Tây Phương,21.0403672,105.6115528,103,Unhealthy for Sensitive Groups,2,23.6,73,0.0,9.0,168,1015.1,100,35.2,37.0,281.0,16.6,70.0,24.3
2026-02-15 11:00:00,2026,2,15,11,Hà Nội,Xã Tây Phương,21.0403672,105.6115528,103,Unhealthy for Sensitive Groups,2,25.2,66,0.0,9.5,169,1014.6,90,34.6,36.2,253.0,12.9,86.0,22.0
2026-02-15 12:00:00,2026,2,15,12,Hà Nội,Xã Tây Phương,21.0403672,105.6115528,104,Unhealthy for Sensitive Groups,2,27.1,58,0.0,9.8,166,1012.9,38,33.6,35.0,248.0,9.8,103.0,20.0
2026-02-15 13:00:00,2026,2,15,13,Hà Nội,Xã Tây Phương,21.0403672,105.6115528,104,Unhealthy for Sensitive Groups,2,28.0,53,0.0,10.2,152,1011.7,9,33.2,34.5,250.0,7.9,117.0,19.3
2026-02-15 14:00:00,2026,2,15,14,Hà Nội,Xã Tây Phương,21.0403672,105.6115528,105,Unhealthy for Sensitive Groups,2,28.4,53,0.0,15.2,147,1010.5,21,33.6,34.8,258.0,7.0,128.0,20.5
2026-02-15 15:00:00,2026,2,15,15,Hà Nội,Xã Tây Phương,21.0403672,105.6115528,106,Unhealthy for Sensitive Groups,2,28.4,53,0.0,16.9,153,1009.6,16,33.8,34.8,274.0,7.1,135.0,22.9
2026-02-15 16:00:00,2026,2,15,16,Hà Nội,Xã Tây Phương,21.0403672,105.6115528,106,Unhealthy for Sensitive Groups,2,27.9,55,0.0,18.3,149,1009.4,10,32.0,33.1,288.0,9.2,133.0,25.5
2026-02-15 17:00:00,2026,2,15,17,Hà Nội,Xã Tây Phương,21.0403672,105.6115528,107,Unhealthy for Sensitive Groups,2,26.4,61,0.0,18.5,143,1009.6,9,30.0,30.9,296.0,14.7,116.0,28.2
2026-02-15 18:00:00,2026,2,15,18,Hà Nội,Xã Tây Phương,21.0403672,105.6115528,107,Unhealthy for Sensitive Groups,2,24.2,67,0.0,20.4,148,1010.3,5,29.6,30.4,301.0,22.1,90.0,31.2
2026-02-15 19:00:00,2026,2,15,19,Hà Nội,Xã Tây Phương,21.0403672,105.6115528,106,Unhealthy for Sensitive Groups,2,23.2,73,0.0,19.4,146,1011.1,5,29.0,30.2,308.0,28.2,73.0,33.9
2026-02-15 20:00:00,2026,2,15,20,Hà Nội,Xã Tây Phương,21.0403672,105.6115528,104,Unhealthy for Sensitive Groups,2,22.3,80,0.0,17.9,150,1012.0,2,24.6,26.1,317.0,28.8,65.0,33.8
2026-02-15 21:00:00,2026,2,15,21,Hà Nội,Xã Tây Phương,21.0403672,105.6115528,103,Unhealthy for Sensitive Groups,2,21.4,86,0.0,16.3,149,1012.5,3,24.8,27.0,327.0,29.5,54.0,33.5
2026-02-15 22:00:00,2026,2,15,22,Hà Nội,Xã Tây Phương,21.0403672,105.6115528,102,Unhealthy for Sensitive Groups,2,20.7,91,0.0,14.7,147,1012.8,9,27.4,30.0,339.0,30.3,44.0,33.1
2026-02-15 23:00:00,2026,2,15,23,Hà Nội,Xã Tây Phương,21.0403672,105.6115528,102,Unhealthy for Sensitive Groups,2,20.1,96,0.0,13.0,143,1012.8,42,31.9,34.5,357.0,31.4,37.0,32.3
2026-02-16 00:00:00,2026,2,16,0,Hà Nội,Xã Tây Phương,21.0403672,105.6115528,102,Unhealthy for Sensitive Groups,2,20.0,98,0.0,12.9,139,1012.4,74,36.7,39.2,376.0,32.4,32.0,31.4
2026-02-16 01:00:00,2026,2,16,1,Hà Nội,Xã Tây Phương,21.0403672,105.6115528,102,Unhealthy for Sensitive Groups,2,20.1,98,0.0,13.4,140,1012.4,100,43.4,45.3,390.0,32.1,30.0,30.3
2026-02-16 02:00:00,2026,2,16,2,Hà Nội,Xã Tây Phương,21.0403672,105.6115528,102,Unhealthy for Sensitive Groups,2,20.3,98,0.0,12.5,143,1012.2,100,47.4,49.8,390.0,28.9,33.0,28.7
2026-02-16 03:00:00,2026,2,16,3,Hà Nội,Xã Tây Phương,21.0403672,105.6115528,103,Unhealthy for Sensitive Groups,2,20.5,96,0.0,10.4,148,1012.0,100,48.8,51.1,384.0,24.4,39.0,27.0
2026-02-16 04:00:00,2026,2,16,4,Hà Nội,Xã Tây Phương,21.0403672,105.6115528,104,Unhealthy for Sensitive Groups,2,20.6,95,0.0,9.4,156,1012.2,100,48.4,50.8,387.0,21.6,42.0,26.6
2026-02-16 05:00:00,2026,2,16,5,Hà Nội,Xã Tây Phương,21.0403672,105.6115528,104,Unhealthy for Sensitive Groups,2,20.7,94,0.1,8.8,157,1012.5,100,47.8,50.3,416.0,22.5,40.0,28.5
2026-02-16 06:00:00,2026,2,16,6,Hà Nội,Xã Tây Phương,21.0403672,105.6115528,104,Unhealthy for Sensitive Groups,2,20.8,94,0.0,7.2,155,1013.0,100,48.9,51.2,453.0,25.2,36.0,31.5
2026-02-16 07:00:00,2026,2,16,7,Hà Nội,Xã Tây Phương,21.0403672,105.6115528,104,Unhealthy for Sensitive Groups,2,20.9,94,0.0,4.1,139,1014.0,100,56.6,59.1,465.0,30.0,27.0,39.1
2026-02-16 08:00:00,2026,2,16,8,Hà Nội,Xã Tây Phương,21.0403672,105.6115528,105,Unhealthy for Sensitive Groups,2,21.5,90,0.1,6.7,153,1014.7,100,52.2,54.7,427.0,27.6,33.0,38.1
2026-02-16 09:00:00,2026,2,16,9,Hà Nội,Xã Tây Phương,21.0403672,105.6115528,105,Unhealthy for Sensitive Groups,2,22.0,86,0.2,6.3,178,1015.4,52,48.0,50.4,363.0,24.2,42.0,36.6
2026-02-16 10:00:00,2026,2,16,10,Hà Nội,Xã Tây Phương,21.0403672,105.6115528,106,Unhealthy for Sensitive Groups,2,24.0,74,0.1,6.3,195,1015.3,98,39.2,41.3,310.0,21.0,52.0,34.8
2026-02-16 11:00:00,2026,2,16,11,Hà Nội,Xã Tây Phương,21.0403672,105.6115528,107,Unhealthy for Sensitive Groups,2,24.7,70,0.1,6.3,185,1014.9,100,37.6,39.5,282.0,18.3,63.0,32.4
2026-02-16 12:00:00,2026,2,16,12,Hà Nội,Xã Tây Phương,21.0403672,105.6115528,107,Unhealthy for Sensitive Groups,2,25.7,65,0.0,7.0,170,1013.9,100,39.5,41.2,265.0,15.8,76.0,29.6
2026-02-16 13:00:00,2026,2,16,13,Hà Nội,Xã Tây Phương,21.0403672,105.6115528,108,Unhealthy for Sensitive Groups,2,26.1,62,0.0,6.8,158,1012.6,100,40.5,42.1,255.0,14.0,87.0,27.5
2026-02-16 14:00:00,2026,2,16,14,Hà Nội,Xã Tây Phương,21.0403672,105.6115528,108,Unhealthy for Sensitive Groups,2,27.1,58,0.0,5.9,142,1011.4,94,42.5,44.0,251.0,11.8,100.0,25.7
2026-02-16 15:00:00,2026,2,16,15,Hà Nội,Xã Tây Phương,21.0403672,105.6115528,109,Unhealthy for Sensitive Groups,2,28.1,53,0.0,6.9,115,1010.5,74,43.8,45.2,254.0,10.2,111.0,24.6
2026-02-16 16:00:00,2026,2,16,16,Hà Nội,Xã Tây Phương,21.0403672,105.6115528,110,Unhealthy for Sensitive Groups,2,28.4,52,0.0,9.3,112,1010.3,57,44.7,46.1,263.0,12.7,114.0,25.8
2026-02-16 17:00:00,2026,2,16,17,Hà Nội,Xã Tây Phương,21.0403672,105.6115528,112,Unhealthy for Sensitive Groups,2,27.3,58,0.0,11.8,116,1010.4,29,45.5,46.7,281.0,23.4,102.0,31.5
2026-02-16 18:00:00,2026,2,16,18,Hà Nội,Xã Tây Phương,21.0403672,105.6115528,113,Unhealthy for Sensitive Groups,2,25.4,65,0.0,10.3,126,1010.9,16,53.4,54.6,306.0,38.1,80.0,39.6
2026-02-16 19:00:00,2026,2,16,19,Hà Nội,Xã Tây Phương,21.0403672,105.6115528,116,Unhealthy for Sensitive Groups,2,24.2,68,0.0,16.3,146,1011.2,41,71.7,72.9,328.0,51.2,56.0,43.2
2026-02-16 20:00:00,2026,2,16,20,Hà Nội,Xã Tây Phương,21.0403672,105.6115528,120,Unhealthy for Sensitive Groups,2,23.4,70,0.0,17.3,157,1012.3,5,65.4,66.4,345.0,48.6,52.0,43.4
2026-02-16 21:00:00,2026,2,16,21,Hà Nội,Xã Tây Phương,21.0403672,105.6115528,124,Unhealthy for Sensitive Groups,2,22.1,78,0.0,15.7,152,1012.9,2,52.3,53.2,360.0,45.1,45.0,43.5
2026-02-16 22:00:00,2026,2,16,22,Hà Nội,Xã Tây Phương,21.0403672,105.6115528,127,Unhealthy for Sensitive Groups,2,21.2,86,0.0,14.4,150,1013.3,1,42.5,43.8,372.0,42.8,39.0,42.9
2026-02-16 23:00:00,2026,2,16,23,Hà Nội,Xã Tây Phương,21.0403672,105.6115528,129,Unhealthy for Sensitive Groups,2,20.6,92,0.0,13.6,152,1013.5,0,39.1,40.7,378.0,43.2,32.0,41.1
2026-02-17 00:00:00,2026,2,17,0,Hà Nội,Xã Tây Phương,21.0403672,105.6115528,130,Unhealthy for Sensitive Groups,2,20.0,96,0.0,12.0,150,1013.8,9,38.1,40.7,382.0,44.9,25.0,38.6
2026-02-17 01:00:00,2026,2,17,1,Hà Nội,Xã Tây Phương,21.0403672,105.6115528,130,Unhealthy for Sensitive Groups,2,20.7,99,0.0,10.6,148,1013.6,100,38.5,41.2,397.0,45.6,20.0,36.0
2026-02-17 02:00:00,2026,2,17,2,Hà Nội,Xã Tây Phương,21.0403672,105.6115528,129,Unhealthy for Sensitive Groups,2,21.0,99,0.0,10.2,139,1013.2,100,39.7,42.4,433.0,44.4,18.0,33.1
2026-02-17 03:00:00,2026,2,17,3,Hà Nội,Xã Tây Phương,21.0403672,105.6115528,128,Unhealthy for Sensitive Groups,2,21.4,97,0.2,10.6,132,1013.2,100,42.1,44.7,479.0,42.3,17.0,30.1
2026-02-17 04:00:00,2026,2,17,4,Hà Nội,Xã Tây Phương,21.0403672,105.6115528,128,Unhealthy for Sensitive Groups,2,21.5,97,0.2,10.2,111,1013.4,100,48.9,50.6,516.0,39.9,18.0,28.4
2026-02-17 05:00:00,2026,2,17,5,Hà Nội,Xã Tây Phương,21.0403672,105.6115528,128,Unhealthy for Sensitive Groups,2,21.4,95,0.1,11.0,105,1013.7,100,55.3,56.6,537.0,37.4,21.0,29.4
2026-02-17 06:00:00,2026,2,17,6,Hà Nội,Xã Tây Phương,21.0403672,105.6115528,129,Unhealthy for Sensitive Groups,2,21.2,94,0.0,9.4,94,1014.8,73,55.3,56.7,550.0,34.5,25.0,31.8
2026-02-17 07:00:00,2026,2,17,7,Hà Nội,Xã Tây Phương,21.0403672,105.6115528,129,Unhealthy for Sensitive Groups,2,20.7,96,0.0,7.6,93,1015.9,49,58.7,59.8,555.0,33.7,22.0,32.1
2026-02-17 08:00:00,2026,2,17,8,Hà Nội,Xã Tây Phương,21.0403672,105.6115528,129,Unhealthy for Sensitive Groups,2,22.2,90,0.0,5.4,88,1016.8,100,45.2,46.4,555.0,30.9,25.0,32.2
2026-02-17 09:00:00,2026,2,17,9,Hà Nội,Xã Tây Phương,21.0403672,105.6115528,129,Unhealthy for Sensitive Groups,2,23.1,83,0.1,6.9,97,1017.8,100,38.2,39.0,547.0,26.9,30.0,32.2
2026-02-17 10:00:00,2026,2,17,10,Hà Nội,Xã Tây Phương,21.0403672,105.6115528,128,Unhealthy for Sensitive Groups,2,23.5,80,0.4,13.5,111,1018.3,55,35.7,36.2,530.0,23.2,36.0,32.1
2026-02-17 11:00:00,2026,2,17,11,Hà Nội,Xã Tây Phương,21.0403672,105.6115528,127,Unhealthy for Sensitive Groups,2,24.6,75,0.5,15.0,100,1017.9,50,30.7,31.0,494.0,19.9,44.0,31.5
2026-02-17 12:00:00,2026,2,17,12,Hà Nội,Xã Tây Phương,21.0403672,105.6115528,127,Unhealthy for Sensitive Groups,2,25.2,73,0.2,15.0,93,1016.9,97,28.6,28.9,448.0,17.0,53.0,30.7
2026-02-17 13:00:00,2026,2,17,13,Hà Nội,Xã Tây Phương,21.0403672,105.6115528,125,Unhealthy for Sensitive Groups,2,24.8,73,0.3,12.6,94,1015.9,89,29.6,29.8,421.0,15.2,60.0,30.1
2026-02-17 14:00:00,2026,2,17,14,Hà Nội,Xã Tây Phương,21.0403672,105.6115528,124,Unhealthy for Sensitive Groups,2,25.2,70,0.3,13.9,89,1015.0,84,30.5,30.7,421.0,15.1,63.0,30.0
2026-02-17 15:00:00,2026,2,17,15,Hà Nội,Xã Tây Phương,21.0403672,105.6115528,123,Unhealthy for Sensitive Groups,2,25.0,70,0.4,14.4,86,1014.4,42,31.1,31.3,439.0,16.2,63.0,30.1
2026-02-17 16:00:00,2026,2,17,16,Hà Nội,Xã Tây Phương,21.0403672,105.6115528,122,Unhealthy for Sensitive Groups,2,24.7,67,0.2,15.5,81,1014.6,41,31.8,32.0,478.0,18.1,61.0,30.6
2026-02-17 17:00:00,2026,2,17,17,Hà Nội,Xã Tây Phương,21.0403672,105.6115528,120,Unhealthy for Sensitive Groups,2,24.2,67,0.0,13.0,86,1014.8,100,32.6,32.8,553.0,21.7,55.0,31.8
2026-02-17 18:00:00,2026,2,17,18,Hà Nội,Xã Tây Phương,21.0403672,105.6115528,119,Unhealthy for Sensitive Groups,2,23.5,74,0.0,11.9,87,1015.4,52,33.5,33.6,649.0,26.2,48.0,33.5
2026-02-17 19:00:00,2026,2,17,19,Hà Nội,Xã Tây Phương,21.0403672,105.6115528,117,Unhealthy for Sensitive Groups,2,22.0,84,0.1,9.7,115,1016.0,92,60.8,61.2,720.0,36.1,46.0,34.7
2026-02-17 20:00:00,2026,2,17,20,Hà Nội,Xã Tây Phương,21.0403672,105.6115528,116,Unhealthy for Sensitive Groups,2,21.5,85,0.0,9.5,119,1016.7,100,61.7,62.2,750.0,33.4,43.0,34.9
2026-02-17 21:00:00,2026,2,17,21,Hà Nội,Xã Tây Phương,21.0403672,105.6115528,115,Unhealthy for Sensitive Groups,2,21.3,86,0.0,7.4,124,1017.5,100,63.1,63.6,755.0,29.6,39.0,35.1
2026-02-17 22:00:00,2026,2,17,22,Hà Nội,Xã Tây Phương,21.0403672,105.6115528,117,Unhealthy for Sensitive Groups,2,21.0,88,0.0,6.6,103,1018.1,100,63.8,64.3,736.0,25.9,37.0,34.4
2026-02-17 23:00:00,2026,2,17,23,Hà Nội,Xã Tây Phương,21.0403672,105.6115528,119,Unhealthy for Sensitive Groups,2,20.4,81,0.1,9.4,73,1018.3,100,61.5,62.2,682.0,22.2,37.0,32.1
2026-02-18 00:00:00,2026,2,18,0,Hà Nội,Xã Tây Phương,21.0403672,105.6115528,121,Unhealthy for Sensitive Groups,2,19.4,70,0.1,11.2,62,1018.4,100,58.0,58.4,604.0,18.5,39.0,29.0
2026-02-18 01:00:00,2026,2,18,1,Hà Nội,Xã Tây Phương,21.0403672,105.6115528,123,Unhealthy for Sensitive Groups,2,19.1,83,0.1,9.1,63,1017.9,100,54.5,55.1,541.0,16.1,40.0,26.8
2026-02-18 02:00:00,2026,2,18,2,Hà Nội,Xã Tây Phương,21.0403672,105.6115528,125,Unhealthy for Sensitive Groups,2,19.0,84,0.2,11.6,68,1017.9,100,55.6,56.7,504.0,15.4,39.0,26.1
2026-02-18 03:00:00,2026,2,18,3,Hà Nội,Xã Tây Phương,21.0403672,105.6115528,127,Unhealthy for Sensitive Groups,2,18.3,85,0.2,12.9,67,1018.1,100,54.2,55.2,481.0,16.0,37.0,26.3
2026-02-18 04:00:00,2026,2,18,4,Hà Nội,Xã Tây Phương,21.0403672,105.6115528,128,Unhealthy for Sensitive Groups,2,17.5,87,0.2,14.0,67,1018.3,97,57.3,58.4,473.0,17.4,35.0,27.3
2026-02-18 05:00:00,2026,2,18,5,Hà Nội,Xã Tây Phương,21.0403672,105.6115528,129,Unhealthy for Sensitive Groups,2,17.0,89,0.2,12.9,69,1018.4,96,56.7,57.7,483.0,20.1,31.0,29.5
2026-02-18 06:00:00,2026,2,18,6,Hà Nội,Xã Tây Phương,21.0403672,105.6115528,129,Unhealthy for Sensitive Groups,2,16.9,89,0.1,10.1,68,1019.2,100,57.4,58.3,508.0,23.6,26.0,32.5
2026-02-18 07:00:00,2026,2,18,7,Hà Nội,Xã Tây Phương,21.0403672,105.6115528,129,Unhealthy for Sensitive Groups,2,17.2,86,0.0,6.1,47,1020.4,100,51.6,52.2,538.0,27.1,22.0,36.0
2026-02-18 08:00:00,2026,2,18,8,Hà Nội,Xã Tây Phương,21.0403672,105.6115528,128,Unhealthy for Sensitive Groups,2,17.4,82,0.0,8.1,37,1020.9,100,53.6,54.2,575.0,26.4,23.0,37.1
2026-02-18 09:00:00,2026,2,18,9,Hà Nội,Xã Tây Phương,21.0403672,105.6115528,129,Unhealthy for Sensitive Groups,2,17.6,80,0.0,6.8,29,1021.8,100,49.5,50.1,615.0,25.5,26.0,38.7
2026-02-18 10:00:00,2026,2,18,10,Hà Nội,Xã Tây Phương,21.0403672,105.6115528,130,Unhealthy for Sensitive Groups,2,18.2,76,0.0,4.8,45,1022.3,100,46.7,47.1,643.0,24.4,30.0,39.8
2026-02-18 11:00:00,2026,2,18,11,Hà Nội,Xã Tây Phương,21.0403672,105.6115528,131,Unhealthy for Sensitive Groups,2,19.0,73,0.0,4.4,38,1021.7,100,46.9,47.4,647.0,23.1,38.0,40.3
2026-02-18 12:00:00,2026,2,18,12,Hà Nội,Xã Tây Phương,21.0403672,105.6115528,133,Unhealthy for Sensitive Groups,2,19.7,71,0.0,3.2,27,1020.7,100,45.6,46.2,637.0,21.7,48.0,40.2
2026-02-18 13:00:00,2026,2,18,13,Hà Nội,Xã Tây Phương,21.0403672,105.6115528,135,Unhealthy for Sensitive Groups,2,19.5,75,0.0,4.7,67,1020.4,100,48.0,48.5,627.0,20.9,57.0,39.3
2026-02-18 14:00:00,2026,2,18,14,Hà Nội,Xã Tây Phương,21.0403672,105.6115528,137,Unhealthy for Sensitive Groups,2,20.1,73,0.0,6.1,104,1019.4,100,48.4,49.0,617.0,20.2,67.0,36.4
2026-02-18 15:00:00,2026,2,18,15,Hà Nội,Xã Tây Phương,21.0403672,105.6115528,139,Unhealthy for Sensitive Groups,2,20.6,71,0.0,6.2,116,1018.5,100,48.3,48.8,607.0,20.0,76.0,32.5
2026-02-18 16:00:00,2026,2,18,16,Hà Nội,Xã Tây Phương,21.0403672,105.6115528,141,Unhealthy for Sensitive Groups,2,20.8,72,0.0,9.0,120,1018.2,100,49.7,50.2,605.0,22.9,78.0,30.7
2026-02-18 17:00:00,2026,2,18,17,Hà Nội,Xã Tây Phương,21.0403672,105.6115528,142,Unhealthy for Sensitive Groups,2,20.6,74,0.0,9.6,130,1018.0,100,51.8,52.2,620.0,31.6,67.0,32.5
2026-02-18 18:00:00,2026,2,18,18,Hà Nội,Xã Tây Phương,21.0403672,105.6115528,144,Unhealthy for Sensitive Groups,2,20.2,78,0.0,4.4,150,1018.3,100,63.3,63.6,643.0,43.3,50.0,36.4
2026-02-18 19:00:00,2026,2,18,19,Hà Nội,Xã Tây Phương,21.0403672,105.6115528,148,Unhealthy for Sensitive Groups,2,18.4,80,0.0,4.9,262,1019.1,100,74.3,74.7,655.0,56.4,21.0,42.4
2026-02-18 20:00:00,2026,2,18,20,Hà Nội,Xã Tây Phương,21.0403672,105.6115528,149,Unhealthy for Sensitive Groups,2,18.2,81,0.0,3.6,270,1019.4,100,80.8,81.3,648.0,60.6,17.0,46.8
2026-02-18 21:00:00,2026,2,18,21,Hà Nội,Xã Tây Phương,21.0403672,105.6115528,150,Unhealthy for Sensitive Groups,2,18.0,82,0.0,3.5,242,1019.6,100,87.1,87.5,631.0,66.4,11.0,52.8
2026-02-18 22:00:00,2026,2,18,22,Hà Nội,Xã Tây Phương,21.0403672,105.6115528,151,Unhealthy,3,18.0,85,0.0,1.8,246,1019.7,100,90.1,90.6,612.0,70.0,7.0,57.1
2026-02-18 23:00:00,2026,2,18,23,Hà Nội,Xã Tây Phương,21.0403672,105.6115528,151,Unhealthy,3,18.0,84,0.0,3.1,320,1019.9,97,89.6,89.9,594.0,69.8,6.0,58.1
2026-02-19 00:00:00,2026,2,19,0,Hà Nội,Xã Tây Phương,21.0403672,105.6115528,152,Unhealthy,3,18.0,86,0.0,2.5,300,1020.2,100,89.6,90.1,574.0,67.4,6.0,57.3
2026-02-19 01:00:00,2026,2,19,1,Hà Nội,Xã Tây Phương,21.0403672,105.6115528,153,Unhealthy,3,17.8,87,0.0,3.3,331,1020.1,100,89.6,89.9,556.0,64.3,6.0,56.3
2026-02-19 02:00:00,2026,2,19,2,Hà Nội,Xã Tây Phương,21.0403672,105.6115528,153,Unhealthy,3,17.8,88,0.0,4.2,353,1019.9,100,88.0,88.5,531.0,60.6,7.0,55.3
2026-02-19 03:00:00,2026,2,19,3,Hà Nội,Xã Tây Phương,21.0403672,105.6115528,154,Unhealthy,3,17.6,89,0.0,3.6,3,1019.7,100,83.4,83.8,509.0,56.3,8.0,54.0
2026-02-19 04:00:00,2026,2,19,4,Hà Nội,Xã Tây Phương,21.0403672,105.6115528,155,Unhealthy,3,17.6,90,0.2,3.6,27,1019.5,100,79.6,80.1,520.0,52.6,9.0,53.0
2026-02-19 05:00:00,2026,2,19,5,Hà Nội,Xã Tây Phương,21.0403672,105.6115528,155,Unhealthy,3,17.6,92,0.1,4.2,40,1019.8,100,76.6,76.8,592.0,50.5,9.0,52.6
2026-02-19 06:00:00,2026,2,19,6,Hà Nội,Xã Tây Phương,21.0403672,105.6115528,156,Unhealthy,3,17.6,93,0.1,4.4,38,1020.5,100,74.5,74.7,697.0,49.0,8.0,52.6
2026-02-19 07:00:00,2026,2,19,7,Hà Nội,Xã Tây Phương,21.0403672,105.6115528,156,Unhealthy,3,17.6,88,0.2,6.8,42,1021.4,100,72.2,72.6,786.0,45.6,12.0,44.1
2026-02-19 08:00:00,2026,2,19,8,Hà Nội,Xã Tây Phương,21.0403672,105.6115528,156,Unhealthy,3,17.9,85,0.0,5.5,36,1021.9,100,66.1,66.6,851.0,40.2,20.0,44.9
2026-02-19 09:00:00,2026,2,19,9,Hà Nội,Xã Tây Phương,21.0403672,105.6115528,157,Unhealthy,3,18.1,83,0.0,5.7,37,1022.7,100,61.0,61.5,898.0,32.6,32.0,45.7
2026-02-19 10:00:00,2026,2,19,10,Hà Nội,Xã Tây Phương,21.0403672,105.6115528,157,Unhealthy,3,18.8,80,0.0,6.8,37,1023.1,100,56.7,57.2,901.0,26.0,46.0,44.9
2026-02-19 11:00:00,2026,2,19,11,Hà Nội,Xã Tây Phương,21.0403672,105.6115528,157,Unhealthy,3,19.5,76,0.0,6.1,32,1022.5,100,52.7,53.3,820.0,21.3,62.0,40.9
2026-02-19 12:00:00,2026,2,19,12,Hà Nội,Xã Tây Phương,21.0403672,105.6115528,157,Unhealthy,3,20.5,72,0.0,5.1,39,1021.5,100,48.7,49.2,694.0,17.5,79.0,35.3
2026-02-19 13:00:00,2026,2,19,13,Hà Nội,Xã Tây Phương,21.0403672,105.6115528,157,Unhealthy,3,20.8,72,0.0,5.6,73,1020.9,100,46.9,47.6,608.0,15.1,93.0,30.8
2026-02-19 14:00:00,2026,2,19,14,Hà Nội,Xã Tây Phương,21.0403672,105.6115528,157,Unhealthy,3,20.9,72,0.0,4.4,78,1020.2,100,48.9,49.6,583.0,13.2,104.0,27.8
2026-02-19 15:00:00,2026,2,19,15,Hà Nội,Xã Tây Phương,21.0403672,105.6115528,157,Unhealthy,3,21.1,71,0.0,3.8,82,1019.7,100,50.9,51.6,598.0,12.6,111.0,25.9
2026-02-19 16:00:00,2026,2,19,16,Hà Nội,Xã Tây Phương,21.0403672,105.6115528,157,Unhealthy,3,21.1,71,0.0,3.8,73,1019.2,100,51.9,52.6,681.0,16.2,109.0,26.5
2026-02-19 17:00:00,2026,2,19,17,Hà Nội,Xã Tây Phương,21.0403672,105.6115528,158,Unhealthy,3,21.1,70,0.0,2.3,90,1019.1,50,53.7,54.2,868.0,27.9,91.0,31.4
2026-02-19 18:00:00,2026,2,19,18,Hà Nội,Xã Tây Phương,21.0403672,105.6115528,158,Unhealthy,3,19.8,78,0.0,1.8,191,1019.2,93,76.8,77.5,1122.0,43.8,65.0,38.9
2026-02-19 19:00:00,2026,2,19,19,Hà Nội,Xã Tây Phương,21.0403672,105.6115528,158,Unhealthy,3,19.8,82,0.0,1.2,141,1019.9,100,90.3,90.8,1358.0,66.9,27.0,46.4
2026-02-19 20:00:00,2026,2,19,20,Hà Nội,Xã Tây Phương,21.0403672,105.6115528,158,Unhealthy,3,19.6,82,0.0,3.3,68,1020.6,100,102.9,103.4,1603.0,68.9,24.0,53.0
2026-02-19 21:00:00,2026,2,19,21,Hà Nội,Xã Tây Phương,21.0403672,105.6115528,159,Unhealthy,3,19.6,75,0.0,11.2,52,1020.9,100,114.3,115.0,1830.0,71.1,19.0,61.6
2026-02-19 22:00:00,2026,2,19,22,Hà Nội,Xã Tây Phương,21.0403672,105.6115528,159,Unhealthy,3,19.2,73,0.0,10.7,40,1021.6,100,121.1,122.0,1872.0,69.5,16.0,64.9
2026-02-19 23:00:00,2026,2,19,23,Hà Nội,Xã Tây Phương,21.0403672,105.6115528,160,Unhealthy,3,18.6,77,0.2,10.2,34,1021.5,100,108.5,109.0,1573.0,60.8,16.0,58.1
2026-02-20 00:00:00,2026,2,20,0,Hà Nội,Xã Tây Phương,21.0403672,105.6115528,160,Unhealthy,3,18.0,79,0.1,10.5,25,1021.9,100,90.6,91.0,1090.0,48.3,19.0,46.0
2026-02-20 01:00:00,2026,2,20,1,Hà Nội,Xã Tây Phương,21.0403672,105.6115528,160,Unhealthy,3,17.2,88,0.2,9.0,10,1022.4,100,68.5,68.7,725.0,37.4,21.0,35.8
2026-02-20 02:00:00,2026,2,20,2,Hà Nội,Xã Tây Phương,21.0403672,105.6115528,160,Unhealthy,3,17.3,89,0.2,9.4,23,1022.0,100,46.6,46.7,611.0,29.5,24.0,29.6
2026-02-20 03:00:00,2026,2,20,3,Hà Nội,Xã Tây Phương,21.0403672,105.6115528,159,Unhealthy,3,17.1,89,0.0,9.3,34,1021.6,100,33.1,33.2,616.0,23.2,27.0,25.3
2026-02-20 04:00:00,2026,2,20,4,Hà Nội,Xã Tây Phương,21.0403672,105.6115528,158,Unhealthy,3,16.9,89,0.0,8.3,44,1021.2,100,25.7,25.7,646.0,20.0,29.0,24.1
2026-02-20 05:00:00,2026,2,20,5,Hà Nội,Xã Tây Phương,21.0403672,105.6115528,157,Unhealthy,3,17.0,86,0.0,8.3,44,1021.0,100,23.5,23.5,688.0,22.1,26.0,27.8
2026-02-20 06:00:00,2026,2,20,6,Hà Nội,Xã Tây Phương,21.0403672,105.6115528,156,Unhealthy,3,17.0,84,0.0,6.6,22,1021.2,100,23.7,23.7,756.0,27.2,20.0,34.5
2026-02-20 07:00:00,2026,2,20,7,Hà Nội,Xã Tây Phương,21.0403672,105.6115528,154,Unhealthy,3,16.6,85,0.0,2.3,32,1021.6,100,13.5,13.6,790.0,25.4,25.0,31.6
2026-02-20 08:00:00,2026,2,20,8,Hà Nội,Xã Tây Phương,21.0403672,105.6115528,153,Unhealthy,3,17.4,80,0.0,3.6,57,1021.8,99,13.0,13.3,760.0,23.3,31.0,33.7
2026-02-20 09:00:00,2026,2,20,9,Hà Nội,Xã Tây Phương,21.0403672,105.6115528,152,Unhealthy,3,18.8,74,0.0,5.6,42,1022.1,95,13.4,13.9,697.0,20.3,41.0,36.6
2026-02-20 10:00:00,2026,2,20,10,Hà Nội,Xã Tây Phương,21.0403672,105.6115528,151,Unhealthy,3,20.4,68,0.0,6.5,24,1022.1,24,13.8,14.0,638.0,17.4,54.0,37.9
2026-02-20 11:00:00,2026,2,20,11,Hà Nội,Xã Tây Phương,21.0403672,105.6115528,150,Unhealthy for Sensitive Groups,2,22.1,64,0.0,5.1,27,1021.1,61,16.1,16.2,594.0,14.5,75.0,36.6
2026-02-20 12:00:00,2026,2,20,12,Hà Nội,Xã Tây Phương,21.0403672,105.6115528,146,Unhealthy for Sensitive Groups,2,23.4,61,0.0,3.4,137,1019.2,100,20.3,20.5,554.0,11.6,100.0,33.8
2026-02-20 13:00:00,2026,2,20,13,Hà Nội,Xã Tây Phương,21.0403672,105.6115528,143,Unhealthy for Sensitive Groups,2,23.0,61,0.0,4.7,180,1018.3,100,23.9,24.2,523.0,9.7,119.0,30.9
2026-02-20 14:00:00,2026,2,20,14,Hà Nội,Xã Tây Phương,21.0403672,105.6115528,141,Unhealthy for Sensitive Groups,2,23.6,60,0.0,6.3,187,1016.7,100,27.0,27.3,500.0,8.0,129.0,27.5
2026-02-20 15:00:00,2026,2,20,15,Hà Nội,Xã Tây Phương,21.0403672,105.6115528,139,Unhealthy for Sensitive Groups,2,24.0,59,0.0,7.5,172,1015.3,100,30.0,30.3,484.0,7.3,132.0,24.0
2026-02-20 16:00:00,2026,2,20,16,Hà Nội,Xã Tây Phương,21.0403672,105.6115528,136,Unhealthy for Sensitive Groups,2,23.6,60,0.0,9.3,136,1014.2,100,33.2,33.4,483.0,11.1,127.0,23.4
2026-02-20 17:00:00,2026,2,20,17,Hà Nội,Xã Tây Phương,21.0403672,105.6115528,135,Unhealthy for Sensitive Groups,2,23.5,62,0.0,9.8,139,1013.7,85,37.5,37.7,504.0,23.6,108.0,28.1
2026-02-20 18:00:00,2026,2,20,18,Hà Nội,Xã Tây Phương,21.0403672,105.6115528,133,Unhealthy for Sensitive Groups,2,22.8,64,0.0,10.8,137,1013.4,0,49.8,50.1,538.0,40.5,80.0,35.6
2026-02-20 19:00:00,2026,2,20,19,Hà Nội,Xã Tây Phương,21.0403672,105.6115528,130,Unhealthy for Sensitive Groups,2,22.2,69,0.0,16.1,140,1013.3,0,65.0,65.2,567.0,49.3,60.0,42.4
2026-02-20 20:00:00,2026,2,20,20,Hà Nội,Xã Tây Phương,21.0403672,105.6115528,127,Unhealthy for Sensitive Groups,2,21.1,74,0.0,15.6,149,1013.6,3,72.6,72.9,586.0,49.2,54.0,45.1
2026-02-20 21:00:00,2026,2,20,21,Hà Nội,Xã Tây Phương,21.0403672,105.6115528,124,Unhealthy for Sensitive Groups,2,19.8,81,0.0,17.3,151,1014.0,0,71.0,71.2,599.0,49.0,46.0,48.7
2026-02-20 22:00:00,2026,2,20,22,Hà Nội,Xã Tây Phương,21.0403672,105.6115528,120,Unhealthy for Sensitive Groups,2,18.6,86,0.0,15.9,148,1013.9,1,66.8,67.1,603.0,48.2,39.0,50.4
2026-02-20 23:00:00,2026,2,20,23,Hà Nội,Xã Tây Phương,21.0403672,105.6115528,114,Unhealthy for Sensitive Groups,2,17.8,92,0.0,14.7,151,1013.6,1,61.7,62.2,592.0,46.3,36.0,48.7
2026-02-21 00:00:00,2026,2,21,0,Hà Nội,Xã Tây Phương,21.0403672,105.6115528,109,Unhealthy for Sensitive Groups,2,17.4,95,0.0,13.1,151,1013.3,1,58.2,58.7,573.0,43.7,34.0,45.2
2026-02-21 01:00:00,2026,2,21,1,Hà Nội,Xã Tây Phương,21.0403672,105.6115528,106,Unhealthy for Sensitive Groups,2,17.3,98,0.0,10.8,150,1013.0,5,56.2,56.8,557.0,41.5,32.0,41.9
2026-02-21 02:00:00,2026,2,21,2,Hà Nội,Xã Tây Phương,21.0403672,105.6115528,105,Unhealthy for Sensitive Groups,2,17.2,98,0.0,10.1,153,1012.4,5,54.6,55.2,541.0,39.8,31.0,39.1
2026-02-21 03:00:00,2026,2,21,3,Hà Nội,Xã Tây Phương,21.0403672,105.6115528,105,Unhealthy for Sensitive Groups,2,17.0,98,0.0,8.4,155,1011.7,10,54.2,54.9,529.0,38.5,30.0,36.5
2026-02-21 04:00:00,2026,2,21,4,Hà Nội,Xã Tây Phương,21.0403672,105.6115528,108,Unhealthy for Sensitive Groups,2,16.8,99,0.0,6.9,150,1011.0,5,54.8,55.5,545.0,37.7,28.0,34.9
2026-02-21 05:00:00,2026,2,21,5,Hà Nội,Xã Tây Phương,21.0403672,105.6115528,111,Unhealthy for Sensitive Groups,2,16.6,99,0.0,6.7,149,1010.8,84,56.1,56.9,623.0,38.6,23.0,35.4
2026-02-21 06:00:00,2026,2,21,6,Hà Nội,Xã Tây Phương,21.0403672,105.6115528,114,Unhealthy for Sensitive Groups,2,16.9,99,0.0,7.3,152,1010.7,100,61.7,62.6,729.0,40.1,18.0,37.1
2026-02-21 07:00:00,2026,2,21,7,Hà Nội,Xã Tây Phương,21.0403672,105.6115528,118,Unhealthy for Sensitive Groups,2,17.4,97,0.0,7.2,161,1011.5,100,79.9,81.0,781.0,39.8,18.0,35.8
2026-02-21 08:00:00,2026,2,21,8,Hà Nội,Xã Tây Phương,21.0403672,105.6115528,125,Unhealthy for Sensitive Groups,2,18.3,92,0.0,6.8,162,1012.1,100,74.5,75.9,730.0,35.5,31.0,35.2
2026-02-21 09:00:00,2026,2,21,9,Hà Nội,Xã Tây Phương,21.0403672,105.6115528,131,Unhealthy for Sensitive Groups,2,19.8,84,0.0,6.0,171,1012.0,100,67.8,69.4,626.0,29.3,49.0,34.3
2026-02-21 10:00:00,2026,2,21,10,Hà Nội,Xã Tây Phương,21.0403672,105.6115528,137,Unhealthy for Sensitive Groups,2,21.2,78,0.0,5.8,176,1012.0,100,56.1,57.5,536.0,23.6,68.0,32.6
2026-02-21 11:00:00,2026,2,21,11,Hà Nội,Xã Tây Phương,21.0403672,105.6115528,141,Unhealthy for Sensitive Groups,2,22.3,75,0.0,6.2,163,1010.8,100,52.7,54.0,482.0,18.7,88.0,29.6
2026-02-21 12:00:00,2026,2,21,12,Hà Nội,Xã Tây Phương,21.0403672,105.6115528,145,Unhealthy for Sensitive Groups,2,24.5,67,0.0,6.7,160,1008.9,100,53.1,54.1,441.0,14.2,110.0,25.9
2026-02-21 13:00:00,2026,2,21,13,Hà Nội,Xã Tây Phương,21.0403672,105.6115528,149,Unhealthy for Sensitive Groups,2,24.4,68,0.0,3.3,151,1008.3,100,53.0,53.8,414.0,10.9,128.0,22.8
2026-02-21 14:00:00,2026,2,21,14,Hà Nội,Xã Tây Phương,21.0403672,105.6115528,150,Unhealthy for Sensitive Groups,2,25.4,65,0.0,7.6,98,1006.5,63,52.2,52.9,405.0,8.5,143.0,20.4
2026-02-21 15:00:00,2026,2,21,15,Hà Nội,Xã Tây Phương,21.0403672,105.6115528,151,Unhealthy,3,27.6,58,0.0,10.6,118,1005.0,83,49.9,50.6,410.0,7.3,154.0,18.8
2026-02-21 16:00:00,2026,2,21,16,Hà Nội,Xã Tây Phương,21.0403672,105.6115528,151,Unhealthy,3,28.4,56,0.0,11.4,147,1004.2,16,48.2,48.7,415.0,8.5,155.0,19.1
2026-02-21 17:00:00,2026,2,21,17,Hà Nội,Xã Tây Phương,21.0403672,105.6115528,152,Unhealthy,3,27.5,60,0.0,15.0,128,1004.1,7,47.1,47.6,415.0,14.1,138.0,23.2
2026-02-21 18:00:00,2026,2,21,18,Hà Nội,Xã Tây Phương,21.0403672,105.6115528,152,Unhealthy,3,23.7,75,0.0,20.3,138,1005.0,7,43.8,44.2,414.0,22.2,110.0,29.3
2026-02-21 19:00:00,2026,2,21,19,Hà Nội,Xã Tây Phương,21.0403672,105.6115528,152,Unhealthy,3,22.8,78,0.0,20.1,156,1005.4,4,39.2,39.7,414.0,31.7,81.0,35.9
2026-02-21 20:00:00,2026,2,21,20,Hà Nội,Xã Tây Phương,21.0403672,105.6115528,151,Unhealthy,3,21.9,82,0.0,19.3,155,1006.0,5,29.9,30.5,415.0,31.9,70.0,35.3
2026-02-21 21:00:00,2026,2,21,21,Hà Nội,Xã Tây Phương,21.0403672,105.6115528,150,Unhealthy for Sensitive Groups,2,21.0,88,0.0,19.4,158,1006.6,6,25.4,26.5,416.0,32.2,56.0,34.5
2026-02-21 22:00:00,2026,2,21,22,Hà Nội,Xã Tây Phương,21.0403672,105.6115528,146,Unhealthy for Sensitive Groups,2,20.5,92,0.0,16.8,153,1007.1,1,26.0,27.6,416.0,32.5,44.0,33.3
2026-02-21 23:00:00,2026,2,21,23,Hà Nội,Xã Tây Phương,21.0403672,105.6115528,142,Unhealthy for Sensitive Groups,2,20.0,94,0.0,14.7,147,1007.2,0,28.2,29.9,414.0,33.1,38.0,31.4
2026-02-22 00:00:00,2026,2,22,0,Hà Nội,Xã Tây Phương,21.0403672,105.6115528,139,Unhealthy for Sensitive Groups,2,19.7,96,0.0,11.7,134,1007.3,5,28.8,30.7,411.0,33.7,35.0,29.2
2026-02-22 01:00:00,2026,2,22,1,Hà Nội,Xã Tây Phương,21.0403672,105.6115528,136,Unhealthy for Sensitive Groups,2,20.6,98,0.0,12.9,134,1007.3,100,29.1,31.3,409.0,33.9,33.0,27.4
2026-02-22 02:00:00,2026,2,22,2,Hà Nội,Xã Tây Phương,21.0403672,105.6115528,133,Unhealthy for Sensitive Groups,2,20.7,98,0.0,12.3,129,1006.9,100,30.2,32.6,402.0,33.0,32.0,26.0
2026-02-22 03:00:00,2026,2,22,3,Hà Nội,Xã Tây Phương,21.0403672,105.6115528,130,Unhealthy for Sensitive Groups,2,20.7,98,0.0,11.4,131,1007.2,100,31.7,34.3,396.0,31.7,32.0,25.1
2026-02-22 04:00:00,2026,2,22,4,Hà Nội,Xã Tây Phương,21.0403672,105.6115528,128,Unhealthy for Sensitive Groups,2,20.8,98,0.0,10.7,134,1007.5,100,33.1,36.1,407.0,31.5,31.0,25.1
2026-02-22 05:00:00,2026,2,22,5,Hà Nội,Xã Tây Phương,21.0403672,105.6115528,126,Unhealthy for Sensitive Groups,2,20.9,98,0.0,8.2,130,1007.7,100,34.9,38.1,451.0,33.7,27.0,26.4
2026-02-22 06:00:00,2026,2,22,6,Hà Nội,Xã Tây Phương,21.0403672,105.6115528,123,Unhealthy for Sensitive Groups,2,20.9,98,0.1,6.5,134,1008.2,100,36.8,40.2,513.0,37.0,22.0,28.7
2026-02-22 07:00:00,2026,2,22,7,Hà Nội,Xã Tây Phương,21.0403672,105.6115528,121,Unhealthy for Sensitive Groups,2,20.9,98,0.2,4.2,115,1009.3,100,44.5,47.0,556.0,37.2,21.0,34.0
2026-02-22 08:00:00,2026,2,22,8,Hà Nội,Xã Tây Phương,21.0403672,105.6115528,117,Unhealthy for Sensitive Groups,2,21.0,98,0.2,5.5,122,1009.9,100,40.7,43.3,569.0,37.4,22.0,36.7
2026-02-22 09:00:00,2026,2,22,9,Hà Nội,Xã Tây Phương,21.0403672,105.6115528,114,Unhealthy for Sensitive Groups,2,21.4,97,0.3,6.9,129,1010.5,100,37.5,40.4,564.0,37.7,25.0,40.5
2026-02-22 10:00:00,2026,2,22,10,Hà Nội,Xã Tây Phương,21.0403672,105.6115528,110,Unhealthy for Sensitive Groups,2,21.6,97,0.4,8.7,143,1010.9,100,35.5,38.9,544.0,37.4,28.0,42.9
2026-02-22 11:00:00,2026,2,22,11,Hà Nội,Xã Tây Phương,21.0403672,105.6115528,108,Unhealthy for Sensitive Groups,2,22.5,92,0.3,7.6,158,1010.5,100,33.9,37.0,502.0,36.0,33.0,42.8
2026-02-22 12:00:00,2026,2,22,12,Hà Nội,Xã Tây Phương,21.0403672,105.6115528,106,Unhealthy for Sensitive Groups,2,23.2,88,0.1,6.9,160,1009.5,100,32.2,35.5,446.0,34.1,39.0,41.4
2026-02-22 13:00:00,2026,2,22,13,Hà Nội,Xã Tây Phương,21.0403672,105.6115528,104,Unhealthy for Sensitive Groups,2,23.5,86,0.0,10.3,155,1008.5,100,27.5,30.0,402.0,33.1,44.0,40.3
2026-02-22 14:00:00,2026,2,22,14,Hà Nội,Xã Tây Phương,21.0403672,105.6115528,101,Unhealthy for Sensitive Groups,2,23.7,85,0.2,13.4,144,1007.5,100,29.0,30.9,377.0,33.5,48.0,40.4
2026-02-22 15:00:00,2026,2,22,15,Hà Nội,Xã Tây Phương,21.0403672,105.6115528,99,Moderate,1,23.6,85,0.3,14.9,125,1007.3,100,29.9,31.8,364.0,34.8,51.0,40.7
2026-02-22 16:00:00,2026,2,22,16,Hà Nội,Xã Tây Phương,21.0403672,105.6115528,97,Moderate,1,22.8,86,0.1,16.0,123,1007.3,100,30.3,32.2,367.0,36.4,52.0,40.3
2026-02-22 17:00:00,2026,2,22,17,Hà Nội,Xã Tây Phương,21.0403672,105.6115528,96,Moderate,1,22.4,86,0.0,13.5,131,1007.5,100,27.6,29.3,397.0,38.8,51.0,38.4
2026-02-22 18:00:00,2026,2,22,18,Hà Nội,Xã Tây Phương,21.0403672,105.6115528,94,Moderate,1,22.0,86,0.0,12.3,140,1008.0,100,28.6,29.9,444.0,41.5,47.0,35.6
2026-02-22 19:00:00,2026,2,22,19,Hà Nội,Xã Tây Phương,21.0403672,105.6115528,93,Moderate,1,22.4,83,0.0,16.2,130,1008.2,100,31.2,32.8,476.0,42.2,45.0,28.8
2026-02-22 20:00:00,2026,2,22,20,Hà Nội,Xã Tây Phương,21.0403672,105.6115528,92,Moderate,1,21.8,86,0.2,16.0,137,1008.7,100,32.7,34.0,480.0,41.1,46.0,29.2
2026-02-22 21:00:00,2026,2,22,21,Hà Nội,Xã Tây Phương,21.0403672,105.6115528,92,Moderate,1,21.1,91,0.3,13.5,147,1009.5,100,34.3,35.5,469.0,39.5,46.0,29.7
2026-02-22 22:00:00,2026,2,22,22,Hà Nội,Xã Tây Phương,21.0403672,105.6115528,93,Moderate,1,21.1,91,0.0,11.5,149,1010.0,100,37.8,38.9,455.0,37.9,47.0,30.0
2026-02-22 23:00:00,2026,2,22,23,Hà Nội,Xã Tây Phương,21.0403672,105.6115528,94,Moderate,1,21.2,90,0.0,11.9,150,1010.2,100,40.6,41.7,439.0,36.6,47.0,30.0
2026-02-23 00:00:00,2026,2,23,0,Hà Nội,Xã Tây Phương,21.0403672,105.6115528,95,Moderate,1,21.2,89,0.0,11.8,142,1009.9,100,42.7,43.8,420.0,35.3,47.0,29.8
2026-02-23 01:00:00,2026,2,23,1,Hà Nội,Xã Tây Phương,21.0403672,105.6115528,96,Moderate,1,21.7,90,0.0,11.1,137,1009.4,100,43.2,44.4,402.0,34.0,47.0,29.7
2026-02-23 02:00:00,2026,2,23,2,Hà Nội,Xã Tây Phương,21.0403672,105.6115528,98,Moderate,1,21.7,90,0.0,13.2,141,1008.7,100,44.8,46.0,383.0,32.4,47.0,29.5
2026-02-23 03:00:00,2026,2,23,3,Hà Nội,Xã Tây Phương,21.0403672,105.6115528,99,Moderate,1,21.5,91,0.0,14.1,146,1008.1,86,43.8,44.9,364.0,30.9,47.0,29.4
2026-02-23 04:00:00,2026,2,23,4,Hà Nội,Xã Tây Phương,21.0403672,105.6115528,100,Moderate,1,21.1,94,0.0,14.2,145,1007.8,99,41.1,42.5,357.0,30.2,46.0,29.6
2026-02-23 05:00:00,2026,2,23,5,Hà Nội,Xã Tây Phương,21.0403672,105.6115528,101,Unhealthy for Sensitive Groups,2,21.4,93,0.0,12.5,136,1008.0,100,39.2,41.0,375.0,31.6,44.0,30.8
2026-02-23 06:00:00,2026,2,23,6,Hà Nội,Xã Tây Phương,21.0403672,105.6115528,101,Unhealthy for Sensitive Groups,2,21.5,93,0.0,12.0,133,1008.5,100,36.6,38.3,405.0,33.8,41.0,32.5
2026-02-23 07:00:00,2026,2,23,7,Hà Nội,Xã Tây Phương,21.0403672,105.6115528,101,Unhealthy for Sensitive Groups,2,21.5,93,0.0,11.2,136,1009.8,100,41.7,43.8,413.0,34.6,41.0,31.1
2026-02-23 08:00:00,2026,2,23,8,Hà Nội,Xã Tây Phương,21.0403672,105.6115528,101,Unhealthy for Sensitive Groups,2,22.4,91,0.0,13.4,141,1010.5,100,39.6,42.0,377.0,35.9,41.0,33.2
2026-02-23 09:00:00,2026,2,23,9,Hà Nội,Xã Tây Phương,21.0403672,105.6115528,101,Unhealthy for Sensitive Groups,2,23.0,89,0.0,15.2,150,1011.0,100,38.9,41.4,319.0,37.4,40.0,36.0
2026-02-23 10:00:00,2026,2,23,10,Hà Nội,Xã Tây Phương,21.0403672,105.6115528,101,Unhealthy for Sensitive Groups,2,24.0,84,0.0,17.3,161,1011.2,100,35.7,39.0,277.0,36.9,43.0,37.3
2026-02-23 11:00:00,2026,2,23,11,Hà Nội,Xã Tây Phương,21.0403672,105.6115528,101,Unhealthy for Sensitive Groups,2,24.8,79,0.0,16.9,164,1010.6,100,29.4,32.0,268.0,32.6,51.0,36.1
2026-02-23 12:00:00,2026,2,23,12,Hà Nội,Xã Tây Phương,21.0403672,105.6115528,101,Unhealthy for Sensitive Groups,2,25.2,76,0.0,18.2,160,1009.6,100,31.8,34.1,274.0,26.3,61.0,33.5
2026-02-23 13:00:00,2026,2,23,13,Hà Nội,Xã Tây Phương,21.0403672,105.6115528,101,Unhealthy for Sensitive Groups,2,25.2,76,0.0,18.6,160,1009.0,54,27.1,28.9,277.0,20.8,72.0,30.7
2026-02-23 14:00:00,2026,2,23,14,Hà Nội,Xã Tây Phương,21.0403672,105.6115528,101,Unhealthy for Sensitive Groups,2,26.2,71,0.1,20.3,159,1007.8,59,27.2,28.8,267.0,16.4,84.0,27.6
2026-02-23 15:00:00,2026,2,23,15,Hà Nội,Xã Tây Phương,21.0403672,105.6115528,100,Moderate,1,26.3,70,0.0,19.9,157,1007.1,66,27.0,28.3,255.0,12.9,96.0,24.4
2026-02-23 16:00:00,2026,2,23,16,Hà Nội,Xã Tây Phương,21.0403672,105.6115528,100,Moderate,1,25.7,72,0.0,20.5,157,1006.8,95,28.3,29.6,255.0,12.4,101.0,23.0
2026-02-23 17:00:00,2026,2,23,17,Hà Nội,Xã Tây Phương,21.0403672,105.6115528,100,Moderate,1,24.8,76,0.1,17.5,163,1006.8,98,30.2,31.2,278.0,17.2,92.0,24.7
2026-02-23 18:00:00,2026,2,23,18,Hà Nội,Xã Tây Phương,21.0403672,105.6115528,100,Moderate,1,23.5,83,0.1,15.5,162,1007.1,100,33.4,34.3,313.0,24.9,76.0,28.2
2026-02-23 19:00:00,2026,2,23,19,Hà Nội,Xã Tây Phương,21.0403672,105.6115528,101,Unhealthy for Sensitive Groups,2,23.9,81,0.0,16.4,150,1007.5,100,37.3,38.4,342.0,37.3,51.0,35.9
2026-02-23 20:00:00,2026,2,23,20,Hà Nội,Xã Tây Phương,21.0403672,105.6115528,101,Unhealthy for Sensitive Groups,2,23.6,79,0.0,18.9,152,1008.2,95,35.5,36.6,361.0,36.4,49.0,36.2
2026-02-23 21:00:00,2026,2,23,21,Hà Nội,Xã Tây Phương,21.0403672,105.6115528,102,Unhealthy for Sensitive Groups,2,23.0,83,0.0,16.7,156,1009.1,59,32.8,34.5,373.0,35.2,47.0,36.7
2026-02-23 22:00:00,2026,2,23,22,Hà Nội,Xã Tây Phương,21.0403672,105.6115528,101,Unhealthy for Sensitive Groups,2,22.5,87,0.0,16.0,155,1009.5,94,30.6,32.4,376.0,33.9,45.0,36.6
2026-02-23 23:00:00,2026,2,23,23,Hà Nội,Xã Tây Phương,21.0403672,105.6115528,101,Unhealthy for Sensitive Groups,2,22.5,89,0.0,16.0,155,1009.1,100,30.2,32.0,363.0,32.6,43.0,35.6
2026-02-24 00:00:00,2026,2,24,0,Hà Nội,Xã Tây Phương,21.0403672,105.6115528,100,Moderate,1,22.3,90,0.0,15.4,157,1008.8,100,30.3,32.1,341.0,31.4,42.0,34.1
2026-02-24 01:00:00,2026,2,24,1,Hà Nội,Xã Tây Phương,21.0403672,105.6115528,99,Moderate,1,22.6,92,0.0,15.1,152,1008.4,97,31.7,33.6,322.0,30.5,40.0,32.8
2026-02-24 02:00:00,2026,2,24,2,Hà Nội,Xã Tây Phương,21.0403672,105.6115528,98,Moderate,1,22.4,94,0.0,14.6,150,1008.2,100,33.1,35.2,304.0,29.9,38.0,31.8
2026-02-24 03:00:00,2026,2,24,3,Hà Nội,Xã Tây Phương,21.0403672,105.6115528,96,Moderate,1,22.2,94,0.0,13.6,144,1007.9,100,34.2,36.4,290.0,29.7,35.0,31.0
2026-02-24 04:00:00,2026,2,24,4,Hà Nội,Xã Tây Phương,21.0403672,105.6115528,96,Moderate,1,22.1,95,0.0,13.1,143,1008.0,96,37.0,38.8,300.0,30.3,32.0,31.0
2026-02-24 05:00:00,2026,2,24,5,Hà Nội,Xã Tây Phương,21.0403672,105.6115528,95,Moderate,1,22.0,96,0.0,10.8,143,1008.8,99,39.5,41.2,364.0,32.7,27.0,32.2
2026-02-24 06:00:00,2026,2,24,6,Hà Nội,Xã Tây Phương,21.0403672,105.6115528,95,Moderate,1,21.9,96,0.0,9.2,140,1009.8,100,41.7,43.4,452.0,35.8,22.0,34.2
2026-02-24 07:00:00,2026,2,24,7,Hà Nội,Xã Tây Phương,21.0403672,105.6115528,96,Moderate,1,21.6,95,0.0,10.5,128,1010.9,100,40.7,43.1,498.0,38.5,22.0,37.3
2026-02-24 08:00:00,2026,2,24,8,Hà Nội,Xã Tây Phương,21.0403672,105.6115528,96,Moderate,1,22.4,91,0.0,12.6,146,1011.5,100,43.8,45.9,461.0,35.8,28.0,37.2
2026-02-24 09:00:00,2026,2,24,9,Hà Nội,Xã Tây Phương,21.0403672,105.6115528,96,Moderate,1,22.9,88,0.0,13.5,157,1012.3,100,41.2,43.3,382.0,31.9,37.0,37.0
2026-02-24 10:00:00,2026,2,24,10,Hà Nội,Xã Tây Phương,21.0403672,105.6115528,96,Moderate,1,23.4,86,0.0,13.5,166,1012.9,99,37.5,39.7,321.0,28.3,47.0,36.0
2026-02-24 11:00:00,2026,2,24,11,Hà Nội,Xã Tây Phương,21.0403672,105.6115528,96,Moderate,1,25.3,76,0.1,11.7,171,1012.4,100,36.4,38.4,302.0,25.0,58.0,33.4
2026-02-24 12:00:00,2026,2,24,12,Hà Nội,Xã Tây Phương,21.0403672,105.6115528,97,Moderate,1,25.3,76,0.0,10.5,163,1011.3,100,38.5,40.2,302.0,21.9,70.0,30.0
2026-02-24 13:00:00,2026,2,24,13,Hà Nội,Xã Tây Phương,21.0403672,105.6115528,98,Moderate,1,24.6,77,0.0,10.2,159,1011.2,100,43.0,44.4,306.0,20.0,79.0,27.8
2026-02-24 14:00:00,2026,2,24,14,Hà Nội,Xã Tây Phương,21.0403672,105.6115528,99,Moderate,1,24.7,77,0.0,9.8,145,1010.1,100,46.7,48.1,303.0,19.3,85.0,27.7
2026-02-24 15:00:00,2026,2,24,15,Hà Nội,Xã Tây Phương,21.0403672,105.6115528,101,Unhealthy for Sensitive Groups,2,24.8,78,0.0,10.2,150,1009.8,100,44.6,45.9,305.0,19.9,89.0,28.9
2026-02-24 16:00:00,2026,2,24,16,Hà Nội,Xã Tây Phương,21.0403672,105.6115528,103,Unhealthy for Sensitive Groups,2,24.5,80,0.0,10.4,144,1009.6,100,41.9,43.1,332.0,22.6,87.0,30.8
2026-02-24 17:00:00,2026,2,24,17,Hà Nội,Xã Tây Phương,21.0403672,105.6115528,104,Unhealthy for Sensitive Groups,2,24.3,81,0.0,9.3,139,1009.4,99,43.3,44.4,414.0,29.6,75.0,34.1
2026-02-24 18:00:00,2026,2,24,18,Hà Nội,Xã Tây Phương,21.0403672,105.6115528,106,Unhealthy for Sensitive Groups,2,23.5,85,0.0,6.3,129,1009.7,100,43.7,44.7,522.0,38.9,57.0,38.1
2026-02-24 19:00:00,2026,2,24,19,Hà Nội,Xã Tây Phương,21.0403672,105.6115528,107,Unhealthy for Sensitive Groups,2,23.8,86,0.0,11.6,133,1009.6,91,39.6,41.0,581.0,43.0,41.0,40.2
2026-02-24 20:00:00,2026,2,24,20,Hà Nội,Xã Tây Phương,21.0403672,105.6115528,107,Unhealthy for Sensitive Groups,2,23.1,90,0.1,14.1,128,1010.5,80,38.9,40.3,547.0,42.2,40.0,40.3
2026-02-24 21:00:00,2026,2,24,21,Hà Nội,Xã Tây Phương,21.0403672,105.6115528,107,Unhealthy for Sensitive Groups,2,22.6,92,0.0,13.3,140,1011.5,100,38.2,39.8,465.0,41.1,38.0,40.3
2026-02-24 22:00:00,2026,2,24,22,Hà Nội,Xã Tây Phương,21.0403672,105.6115528,108,Unhealthy for Sensitive Groups,2,22.9,90,0.0,13.8,151,1012.2,100,37.1,39.0,401.0,39.8,37.0,39.9
2026-02-24 23:00:00,2026,2,24,23,Hà Nội,Xã Tây Phương,21.0403672,105.6115528,108,Unhealthy for Sensitive Groups,2,22.7,91,0.0,15.3,146,1011.9,100,35.7,37.7,382.0,38.3,37.0,38.8
2026-02-25 00:00:00,2026,2,25,0,Hà Nội,Xã Tây Phương,21.0403672,105.6115528,109,Unhealthy for Sensitive Groups,2,22.3,94,0.0,11.9,142,1011.8,98,35.0,37.3,381.0,36.6,39.0,37.3
2026-02-25 01:00:00,2026,2,25,1,Hà Nội,Xã Tây Phương,21.0403672,105.6115528,109,Unhealthy for Sensitive Groups,2,22.5,96,0.0,12.5,131,1010.9,100,35.6,38.0,383.0,35.1,39.0,35.9
2026-02-25 02:00:00,2026,2,25,2,Hà Nội,Xã Tây Phương,21.0403672,105.6115528,110,Unhealthy for Sensitive Groups,2,22.4,96,0.0,11.0,125,1010.6,100,37.3,39.8,380.0,33.7,38.0,34.7
2026-02-25 03:00:00,2026,2,25,3,Hà Nội,Xã Tây Phương,21.0403672,105.6115528,110,Unhealthy for Sensitive Groups,2,22.0,97,0.0,11.3,132,1010.7,100,39.6,42.0,380.0,32.6,37.0,33.7
2026-02-25 04:00:00,2026,2,25,4,Hà Nội,Xã Tây Phương,21.0403672,105.6115528,111,Unhealthy for Sensitive Groups,2,21.8,99,0.5,12.3,141,1010.9,100,42.5,44.6,388.0,32.4,35.0,33.4
2026-02-25 05:00:00,2026,2,25,5,Hà Nội,Xã Tây Phương,21.0403672,105.6115528,111,Unhealthy for Sensitive Groups,2,21.6,99,1.8,6.4,155,1011.4,100,44.6,46.4,418.0,34.0,31.0,34.1
2026-02-25 06:00:00,2026,2,25,6,Hà Nội,Xã Tây Phương,21.0403672,105.6115528,112,Unhealthy for Sensitive Groups,2,21.4,99,1.8,8.1,125,1011.6,100,46.9,48.7,456.0,36.6,26.0,35.5
2026-02-25 07:00:00,2026,2,25,7,Hà Nội,Xã Tây Phương,21.0403672,105.6115528,113,Unhealthy for Sensitive Groups,2,21.1,98,1.3,10.3,145,1012.4,100,48.9,50.3,473.0,39.8,21.0,36.7
2026-02-25 08:00:00,2026,2,25,8,Hà Nội,Xã Tây Phương,21.0403672,105.6115528,113,Unhealthy for Sensitive Groups,2,21.5,97,0.1,11.6,150,1012.5,100,48.4,49.6,450.0,39.0,24.0,38.7
2026-02-25 09:00:00,2026,2,25,9,Hà Nội,Xã Tây Phương,21.0403672,105.6115528,114,Unhealthy for Sensitive Groups,2,22.5,91,0.0,13.4,154,1012.8,100,43.2,44.1,405.0,37.6,28.0,41.5
2026-02-25 10:00:00,2026,2,25,10,Hà Nội,Xã Tây Phương,21.0403672,105.6115528,114,Unhealthy for Sensitive Groups,2,23.1,89,1.4,11.1,157,1013.0,100,38.0,38.9,365.0,35.1,36.0,42.9
2026-02-25 11:00:00,2026,2,25,11,Hà Nội,Xã Tây Phương,21.0403672,105.6115528,114,Unhealthy for Sensitive Groups,2,23.1,92,0.6,10.1,153,1012.5,100,38.6,39.7,337.0,30.5,50.0,42.0
2026-02-25 12:00:00,2026,2,25,12,Hà Nội,Xã Tây Phương,21.0403672,105.6115528,114,Unhealthy for Sensitive Groups,2,24.5,81,0.2,11.3,160,1011.6,100,37.0,38.0,315.0,24.9,66.0,39.8
2026-02-25 13:00:00,2026,2,25,13,Hà Nội,Xã Tây Phương,21.0403672,105.6115528,114,Unhealthy for Sensitive Groups,2,24.2,79,0.1,6.0,175,1011.5,97,31.7,32.5,302.0,20.4,80.0,37.3
2026-02-25 14:00:00,2026,2,25,14,Hà Nội,Xã Tây Phương,21.0403672,105.6115528,113,Unhealthy for Sensitive Groups,2,25.5,76,0.1,4.2,137,1009.9,30,32.7,33.5,303.0,17.3,90.0,34.4
2026-02-25 15:00:00,2026,2,25,15,Hà Nội,Xã Tây Phương,21.0403672,105.6115528,112,Unhealthy for Sensitive Groups,2,26.5,72,0.0,5.5,134,1009.1,30,33.4,34.2,313.0,15.4,97.0,31.3
2026-02-25 16:00:00,2026,2,25,16,Hà Nội,Xã Tây Phương,21.0403672,105.6115528,110,Unhealthy for Sensitive Groups,2,26.6,68,0.0,9.6,137,1008.6,26,35.3,36.1,330.0,16.6,97.0,29.2
2026-02-25 17:00:00,2026,2,25,17,Hà Nội,Xã Tây Phương,21.0403672,105.6115528,110,Unhealthy for Sensitive Groups,2,25.9,70,0.0,10.8,133,1008.8,55,34.5,35.0,359.0,23.1,84.0,28.9
2026-02-25 18:00:00,2026,2,25,18,Hà Nội,Xã Tây Phương,21.0403672,105.6115528,109,Unhealthy for Sensitive Groups,2,24.4,76,0.0,12.5,129,1009.3,86,36.9,37.5,394.0,32.6,63.0,29.7
2026-02-25 19:00:00,2026,2,25,19,Hà Nội,Xã Tây Phương,21.0403672,105.6115528,108,Unhealthy for Sensitive Groups,2,23.3,87,0.0,10.2,144,1010.0,61,39.9,40.3,414.0,40.7,50.0,38.2
2026-02-25 20:00:00,2026,2,25,20,Hà Nội,Xã Tây Phương,21.0403672,105.6115528,108,Unhealthy for Sensitive Groups,2,23.0,88,0.0,11.1,148,1011.0,100,43.4,43.8,407.0,42.6,44.0,39.8
2026-02-25 21:00:00,2026,2,25,21,Hà Nội,Xã Tây Phương,21.0403672,105.6115528,109,Unhealthy for Sensitive Groups,2,22.8,87,0.6,14.8,146,1011.1,66,44.5,44.8,385.0,45.2,37.0,41.9
2026-02-25 22:00:00,2026,2,25,22,Hà Nội,Xã Tây Phương,21.0403672,105.6115528,109,Unhealthy for Sensitive Groups,2,21.8,90,0.0,12.5,134,1011.7,41,45.2,45.5,364.0,47.1,30.0,43.1
2026-02-25 23:00:00,2026,2,25,23,Hà Nội,Xã Tây Phương,21.0403672,105.6115528,110,Unhealthy for Sensitive Groups,2,21.4,93,0.0,12.5,135,1011.2,27,45.2,45.6,346.0,47.6,26.0,42.4
2026-02-26 00:00:00,2026,2,26,0,Hà Nội,Xã Tây Phương,21.0403672,105.6115528,111,Unhealthy for Sensitive Groups,2,21.1,94,0.0,12.8,141,1010.7,34,45.9,46.4,328.0,47.3,23.0,40.6
2026-02-26 01:00:00,2026,2,26,1,Hà Nội,Xã Tây Phương,21.0403672,105.6115528,112,Unhealthy for Sensitive Groups,2,21.5,98,0.0,11.7,133,1010.4,68,47.6,48.2,318.0,47.0,21.0,39.4
2026-02-26 02:00:00,2026,2,26,2,Hà Nội,Xã Tây Phương,21.0403672,105.6115528,113,Unhealthy for Sensitive Groups,2,21.4,98,0.0,11.1,136,1010.0,100,49.7,50.4,317.0,47.0,19.0,39.1
2026-02-26 03:00:00,2026,2,26,3,Hà Nội,Xã Tây Phương,21.0403672,105.6115528,115,Unhealthy for Sensitive Groups,2,21.2,99,0.0,11.3,134,1009.6,100,51.9,52.6,323.0,46.8,16.0,39.3
2026-02-26 04:00:00,2026,2,26,4,Hà Nội,Xã Tây Phương,21.0403672,105.6115528,116,Unhealthy for Sensitive Groups,2,21.1,98,0.0,12.1,142,1009.3,100,55.3,56.2,343.0,46.2,15.0,39.8
2026-02-26 05:00:00,2026,2,26,5,Hà Nội,Xã Tây Phương,21.0403672,105.6115528,117,Unhealthy for Sensitive Groups,2,21.1,98,0.0,10.5,145,1009.7,100,61.2,62.4,390.0,45.1,14.0,40.9
2026-02-26 06:00:00,2026,2,26,6,Hà Nội,Xã Tây Phương,21.0403672,105.6115528,119,Unhealthy for Sensitive Groups,2,20.9,98,0.0,9.6,142,1010.2,100,63.6,64.7,450.0,43.5,14.0,42.3
2026-02-26 07:00:00,2026,2,26,7,Hà Nội,Xã Tây Phương,21.0403672,105.6115528,121,Unhealthy for Sensitive Groups,2,20.9,97,0.0,8.4,125,1010.9,100,70.1,71.5,488.0,39.6,17.0,42.3
2026-02-26 08:00:00,2026,2,26,8,Hà Nội,Xã Tây Phương,21.0403672,105.6115528,123,Unhealthy for Sensitive Groups,2,21.1,97,0.6,9.9,135,1011.4,100,60.1,61.7,485.0,37.8,20.0,40.3
2026-02-26 09:00:00,2026,2,26,9,Hà Nội,Xã Tây Phương,21.0403672,105.6115528,124,Unhealthy for Sensitive Groups,2,21.8,92,0.1,11.1,144,1011.5,98,48.5,49.8,459.0,35.4,25.0,37.6
2026-02-26 10:00:00,2026,2,26,10,Hà Nội,Xã Tây Phương,21.0403672,105.6115528,125,Unhealthy for Sensitive Groups,2,22.4,88,0.4,12.9,157,1011.5,100,46.8,47.8,430.0,33.5,30.0,36.1
2026-02-26 11:00:00,2026,2,26,11,Hà Nội,Xã Tây Phương,21.0403672,105.6115528,126,Unhealthy for Sensitive Groups,2,22.2,90,0.2,12.1,163,1010.8,100,48.1,49.2,401.0,33.3,34.0,37.5
2026-02-26 12:00:00,2026,2,26,12,Hà Nội,Xã Tây Phương,21.0403672,105.6115528,127,Unhealthy for Sensitive Groups,2,22.2,93,0.6,9.5,166,1009.7,100,48.9,50.2,369.0,33.7,39.0,40.2
2026-02-26 13:00:00,2026,2,26,13,Hà Nội,Xã Tây Phương,21.0403672,105.6115528,128,Unhealthy for Sensitive Groups,2,22.5,88,0.2,9.8,156,1008.9,100,48.2,49.5,342.0,32.7,46.0,41.1
2026-02-26 14:00:00,2026,2,26,14,Hà Nội,Xã Tây Phương,21.0403672,105.6115528,130,Unhealthy for Sensitive Groups,2,23.9,80,0.0,10.2,150,1007.2,100,38.3,39.3,321.0,27.5,60.0,37.8
2026-02-26 15:00:00,2026,2,26,15,Hà Nội,Xã Tây Phương,21.0403672,105.6115528,130,Unhealthy for Sensitive Groups,2,24.5,76,0.0,11.9,153,1006.2,69,32.2,33.2,306.0,20.9,76.0,32.8
2026-02-26 16:00:00,2026,2,26,16,Hà Nội,Xã Tây Phương,21.0403672,105.6115528,130,Unhealthy for Sensitive Groups,2,24.9,72,0.0,12.3,150,1005.5,83,30.3,31.1,304.0,19.2,83.0,30.6
2026-02-26 17:00:00,2026,2,26,17,Hà Nội,Xã Tây Phương,21.0403672,105.6115528,130,Unhealthy for Sensitive Groups,2,24.0,77,0.0,14.8,143,1005.0,31,31.7,32.4,325.0,27.3,73.0,34.3
2026-02-26 18:00:00,2026,2,26,18,Hà Nội,Xã Tây Phương,21.0403672,105.6115528,129,Unhealthy for Sensitive Groups,2,22.8,83,0.0,14.3,144,1005.2,30,38.6,39.2,359.0,40.3,55.0,40.8
2026-02-26 19:00:00,2026,2,26,19,Hà Nội,Xã Tây Phương,21.0403672,105.6115528,129,Unhealthy for Sensitive Groups,2,22.7,88,0.0,12.4,138,1005.1,90,37.8,38.2,382.0,42.7,47.0,40.0
2026-02-26 20:00:00,2026,2,26,20,Hà Nội,Xã Tây Phương,21.0403672,105.6115528,129,Unhealthy for Sensitive Groups,2,22.5,89,0.0,14.0,137,1005.6,59,42.3,42.6,382.0,44.9,42.0,43.0
2026-02-26 21:00:00,2026,2,26,21,Hà Nội,Xã Tây Phương,21.0403672,105.6115528,129,Unhealthy for Sensitive Groups,2,22.0,88,0.0,15.5,142,1006.1,60,44.0,44.5,371.0,48.0,34.0,46.9
2026-02-26 22:00:00,2026,2,26,22,Hà Nội,Xã Tây Phương,21.0403672,105.6115528,129,Unhealthy for Sensitive Groups,2,21.5,88,0.0,14.9,149,1006.6,77,45.9,46.4,361.0,50.2,28.0,49.0
2026-02-26 23:00:00,2026,2,26,23,Hà Nội,Xã Tây Phương,21.0403672,105.6115528,129,Unhealthy for Sensitive Groups,2,21.0,90,0.0,13.6,148,1006.8,52,47.4,48.1,355.0,50.7,24.0,47.5
2026-02-27 00:00:00,2026,2,27,0,Hà Nội,Xã Tây Phương,21.0403672,105.6115528,129,Unhealthy for Sensitive Groups,2,20.5,92,0.0,10.7,145,1006.7,30,46.8,47.8,351.0,50.4,21.0,44.2
2026-02-27 01:00:00,2026,2,27,1,Hà Nội,Xã Tây Phương,21.0403672,105.6115528,130,Unhealthy for Sensitive Groups,2,20.9,93,0.0,8.1,145,1006.3,20,46.6,48.1,355.0,49.9,19.0,41.3
2026-02-27 02:00:00,2026,2,27,2,Hà Nội,Xã Tây Phương,21.0403672,105.6115528,129,Unhealthy for Sensitive Groups,2,20.5,94,0.0,7.3,149,1005.9,1,48.0,49.6,365.0,49.5,16.0,39.3
2026-02-27 03:00:00,2026,2,27,3,Hà Nội,Xã Tây Phương,21.0403672,105.6115528,129,Unhealthy for Sensitive Groups,2,19.9,95,0.0,5.2,160,1005.7,42,50.2,52.0,383.0,49.0,14.0,37.8
2026-02-27 04:00:00,2026,2,27,4,Hà Nội,Xã Tây Phương,21.0403672,105.6115528,129,Unhealthy for Sensitive Groups,2,19.5,96,0.0,2.9,187,1005.8,2,52.2,54.8,419.0,48.5,12.0,38.0
2026-02-27 05:00:00,2026,2,27,5,Hà Nội,Xã Tây Phương,21.0403672,105.6115528,129,Unhealthy for Sensitive Groups,2,19.0,97,0.0,1.4,270,1006.2,14,52.3,55.9,499.0,48.4,10.0,41.2
2026-02-27 06:00:00,2026,2,27,6,Hà Nội,Xã Tây Phương,21.0403672,105.6115528,128,Unhealthy for Sensitive Groups,2,18.6,98,0.0,4.4,302,1007.0,48,55.4,59.0,598.0,48.2,9.0,46.1
2026-02-27 07:00:00,2026,2,27,7,Hà Nội,Xã Tây Phương,21.0403672,105.6115528,127,Unhealthy for Sensitive Groups,2,19.2,99,0.0,8.8,316,1007.5,76,69.6,71.5,649.0,45.2,10.0,47.5
2026-02-27 08:00:00,2026,2,27,8,Hà Nội,Xã Tây Phương,21.0403672,105.6115528,127,Unhealthy for Sensitive Groups,2,20.5,95,0.0,8.9,315,1008.4,99,68.0,69.6,610.0,42.1,21.0,50.6
2026-02-27 09:00:00,2026,2,27,9,Hà Nội,Xã Tây Phương,21.0403672,105.6115528,128,Unhealthy for Sensitive Groups,2,22.0,88,0.0,6.5,321,1008.5,100,62.9,64.7,524.0,37.6,38.0,54.6
2026-02-27 10:00:00,2026,2,27,10,Hà Nội,Xã Tây Phương,21.0403672,105.6115528,129,Unhealthy for Sensitive Groups,2,23.5,82,0.0,5.5,314,1009.1,100,53.1,54.8,452.0,33.0,56.0,56.0
2026-02-27 11:00:00,2026,2,27,11,Hà Nội,Xã Tây Phương,21.0403672,105.6115528,130,Unhealthy for Sensitive Groups,2,24.7,77,0.0,2.6,282,1008.0,100,48.9,50.3,418.0,28.6,77.0,52.4
2026-02-27 12:00:00,2026,2,27,12,Hà Nội,Xã Tây Phương,21.0403672,105.6115528,130,Unhealthy for Sensitive Groups,2,25.9,73,0.0,4.9,176,1007.1,100,47.7,48.9,398.0,24.1,99.0,46.2
2026-02-27 13:00:00,2026,2,27,13,Hà Nội,Xã Tây Phương,21.0403672,105.6115528,130,Unhealthy for Sensitive Groups,2,26.2,70,0.0,7.5,143,1006.1,100,48.7,49.6,380.0,20.2,118.0,40.4
2026-02-27 14:00:00,2026,2,27,14,Hà Nội,Xã Tây Phương,21.0403672,105.6115528,130,Unhealthy for Sensitive Groups,2,27.5,64,0.0,5.2,119,1004.3,35,47.1,48.0,357.0,16.3,133.0,35.5
2026-02-27 15:00:00,2026,2,27,15,Hà Nội,Xã Tây Phương,21.0403672,105.6115528,131,Unhealthy for Sensitive Groups,2,28.5,61,0.0,7.2,122,1003.0,43,44.2,44.9,336.0,12.9,145.0,31.1
2026-02-27 16:00:00,2026,2,27,16,Hà Nội,Xã Tây Phương,21.0403672,105.6115528,132,Unhealthy for Sensitive Groups,2,27.6,66,0.1,17.7,150,1002.6,22,44.1,44.7,327.0,13.1,145.0,28.8
2026-02-27 17:00:00,2026,2,27,17,Hà Nội,Xã Tây Phương,21.0403672,105.6115528,133,Unhealthy for Sensitive Groups,2,26.9,71,0.0,15.8,145,1002.8,20,46.0,46.4,343.0,19.8,127.0,30.4
2026-02-27 18:00:00,2026,2,27,18,Hà Nội,Xã Tây Phương,21.0403672,105.6115528,135,Unhealthy for Sensitive Groups,2,25.4,78,0.0,15.9,143,1003.2,5,49.4,49.7,371.0,30.0,97.0,34.2
2026-02-27 19:00:00,2026,2,27,19,Hà Nội,Xã Tây Phương,21.0403672,105.6115528,136,Unhealthy for Sensitive Groups,2,24.8,83,0.0,17.0,150,1003.5,15,63.1,63.3,386.0,45.9,63.0,46.1
2026-02-27 20:00:00,2026,2,27,20,Hà Nội,Xã Tây Phương,21.0403672,105.6115528,139,Unhealthy for Sensitive Groups,2,24.2,88,0.0,19.5,152,1004.4,18,58.4,58.8,372.0,46.4,54.0,46.8
2026-02-27 21:00:00,2026,2,27,21,Hà Nội,Xã Tây Phương,21.0403672,105.6115528,140,Unhealthy for Sensitive Groups,2,23.6,94,0.0,20.0,154,1004.8,100,48.8,49.0,345.0,46.9,41.0,47.5
2026-02-27 22:00:00,2026,2,27,22,Hà Nội,Xã Tây Phương,21.0403672,105.6115528,141,Unhealthy for Sensitive Groups,2,23.2,97,0.0,18.1,156,1005.2,100,41.8,42.0,321.0,46.8,31.0,47.1
2026-02-27 23:00:00,2026,2,27,23,Hà Nội,Xã Tây Phương,21.0403672,105.6115528,140,Unhealthy for Sensitive Groups,2,23.2,97,0.0,17.1,155,1005.3,100,39.3,39.7,306.0,45.5,27.0,44.5
2026-02-28 00:00:00,2026,2,28,0,Hà Nội,Xã Tây Phương,21.0403672,105.6115528,140,Unhealthy for Sensitive Groups,2,23.2,97,0.0,15.9,151,1004.9,100,38.5,38.9,293.0,43.5,26.0,40.8
2026-02-28 01:00:00,2026,2,28,1,Hà Nội,Xã Tây Phương,21.0403672,105.6115528,139,Unhealthy for Sensitive Groups,2,23.5,98,0.0,14.6,148,1004.6,100,39.1,39.3,286.0,41.3,25.0,37.3
2026-02-28 02:00:00,2026,2,28,2,Hà Nội,Xã Tây Phương,21.0403672,105.6115528,138,Unhealthy for Sensitive Groups,2,23.2,98,0.0,11.6,147,1004.2,100,42.3,42.6,281.0,38.6,25.0,34.2
2026-02-28 03:00:00,2026,2,28,3,Hà Nội,Xã Tây Phương,21.0403672,105.6115528,137,Unhealthy for Sensitive Groups,2,23.0,98,0.0,11.2,136,1003.7,100,46.0,46.4,281.0,35.6,25.0,31.4
2026-02-28 04:00:00,2026,2,28,4,Hà Nội,Xã Tây Phương,21.0403672,105.6115528,137,Unhealthy for Sensitive Groups,2,22.9,98,0.0,12.2,143,1003.5,100,48.9,49.5,293.0,33.7,24.0,30.0
2026-02-28 05:00:00,2026,2,28,5,Hà Nội,Xã Tây Phương,21.0403672,105.6115528,137,Unhealthy for Sensitive Groups,2,22.8,98,0.0,11.5,148,1004.2,100,50.4,51.0,330.0,33.8,21.0,31.1
2026-02-28 06:00:00,2026,2,28,6,Hà Nội,Xã Tây Phương,21.0403672,105.6115528,136,Unhealthy for Sensitive Groups,2,22.6,98,0.0,10.9,153,1004.7,100,52.3,52.9,381.0,35.0,17.0,33.6
2026-02-28 07:00:00,2026,2,28,7,Hà Nội,Xã Tây Phương,21.0403672,105.6115528,136,Unhealthy for Sensitive Groups,2,23.2,98,0.1,11.9,149,1005.2,100,43.1,43.8,416.0,38.3,17.0,39.4
2026-02-28 08:00:00,2026,2,28,8,Hà Nội,Xã Tây Phương,21.0403672,105.6115528,133,Unhealthy for Sensitive Groups,2,23.4,97,0.1,11.7,165,1005.9,100,41.0,41.4,424.0,36.1,26.0,41.2
2026-02-28 09:00:00,2026,2,28,9,Hà Nội,Xã Tây Phương,21.0403672,105.6115528,131,Unhealthy for Sensitive Groups,2,23.8,94,0.0,11.4,174,1006.6,100,41.0,41.6,418.0,32.8,39.0,43.6
2026-02-28 10:00:00,2026,2,28,10,Hà Nội,Xã Tây Phương,21.0403672,105.6115528,128,Unhealthy for Sensitive Groups,2,25.8,85,0.1,10.2,172,1006.9,100,41.2,41.7,404.0,28.9,56.0,43.7
2026-02-28 11:00:00,2026,2,28,11,Hà Nội,Xã Tây Phương,21.0403672,105.6115528,127,Unhealthy for Sensitive Groups,2,27.7,74,0.1,12.4,167,1005.9,100,40.3,40.7,379.0,23.9,79.0,39.6
2026-02-28 12:00:00,2026,2,28,12,Hà Nội,Xã Tây Phương,21.0403672,105.6115528,126,Unhealthy for Sensitive Groups,2,30.0,62,0.0,15.2,159,1004.4,25,45.3,45.6,347.0,18.3,106.0,33.3
2026-02-28 13:00:00,2026,2,28,13,Hà Nội,Xã Tây Phương,21.0403672,105.6115528,126,Unhealthy for Sensitive Groups,2,29.7,63,0.2,16.2,157,1003.4,46,47.8,48.3,327.0,13.9,128.0,28.2
2026-02-28 14:00:00,2026,2,28,14,Hà Nội,Xã Tây Phương,21.0403672,105.6115528,126,Unhealthy for Sensitive Groups,2,29.5,61,0.3,20.1,168,1002.5,55,41.3,41.6,331.0,10.6,146.0,25.2
2026-02-28 15:00:00,2026,2,28,15,Hà Nội,Xã Tây Phương,21.0403672,105.6115528,125,Unhealthy for Sensitive Groups,2,30.0,65,0.1,15.6,157,1001.4,41,41.2,41.4,348.0,8.5,159.0,23.5
2026-02-28 16:00:00,2026,2,28,16,Hà Nội,Xã Tây Phương,21.0403672,105.6115528,125,Unhealthy for Sensitive Groups,2,27.8,74,1.2,14.6,148,1001.4,67,41.0,41.2,363.0,10.2,161.0,23.8
2026-02-28 17:00:00,2026,2,28,17,Hà Nội,Xã Tây Phương,21.0403672,105.6115528,125,Unhealthy for Sensitive Groups,2,27.5,79,0.5,14.3,141,1001.5,14,41.2,41.3,372.0,18.7,142.0,27.5
2026-02-28 18:00:00,2026,2,28,18,Hà Nội,Xã Tây Phương,21.0403672,105.6115528,124,Unhealthy for Sensitive Groups,2,26.2,83,0.0,17.5,148,1001.9,4,41.8,41.9,380.0,31.0,112.0,33.2
2026-02-28 19:00:00,2026,2,28,19,Hà Nội,Xã Tây Phương,21.0403672,105.6115528,123,Unhealthy for Sensitive Groups,2,25.7,82,0.0,19.6,148,1002.5,29,38.8,39.0,388.0,33.9,98.0,38.1
2026-02-28 20:00:00,2026,2,28,20,Hà Nội,Xã Tây Phương,21.0403672,105.6115528,121,Unhealthy for Sensitive Groups,2,24.9,87,0.0,17.4,147,1003.3,65,37.0,37.3,398.0,33.8,86.0,37.5
2026-02-28 21:00:00,2026,2,28,21,Hà Nội,Xã Tây Phương,21.0403672,105.6115528,118,Unhealthy for Sensitive Groups,2,24.1,91,0.0,16.6,149,1003.7,57,37.3,38.1,408.0,33.7,70.0,36.6
2026-02-28 22:00:00,2026,2,28,22,Hà Nội,Xã Tây Phương,21.0403672,105.6115528,117,Unhealthy for Sensitive Groups,2,23.6,95,0.0,15.5,152,1004.0,78,39.8,40.6,413.0,33.5,57.0,35.5
2026-02-28 23:00:00,2026,2,28,23,Hà Nội,Xã Tây Phương,21.0403672,105.6115528,117,Unhealthy for Sensitive Groups,2,23.3,96,0.0,14.6,151,1004.1,74,42.4,43.3,408.0,33.1,50.0,34.3
2026-03-01 00:00:00,2026,3,1,0,Hà Nội,Xã Tây Phương,21.0403672,105.6115528,117,Unhealthy for Sensitive Groups,2,23.0,96,0.0,12.9,145,1003.8,90,43.0,43.9,397.0,32.5,46.0,33.0
2026-03-01 01:00:00,2026,3,1,1,Hà Nội,Xã Tây Phương,21.0403672,105.6115528,118,Unhealthy for Sensitive Groups,2,23.6,97,0.0,14.1,141,1003.5,85,42.6,43.7,388.0,32.0,43.0,31.7
2026-03-01 02:00:00,2026,3,1,2,Hà Nội,Xã Tây Phương,21.0403672,105.6115528,118,Unhealthy for Sensitive Groups,2,23.4,98,0.0,11.4,139,1003.0,88,43.0,44.0,375.0,31.2,40.0,30.2
2026-03-01 03:00:00,2026,3,1,3,Hà Nội,Xã Tây Phương,21.0403672,105.6115528,118,Unhealthy for Sensitive Groups,2,23.0,98,0.0,11.5,134,1002.8,90,43.9,45.2,364.0,30.4,37.0,28.7
2026-03-01 04:00:00,2026,3,1,4,Hà Nội,Xã Tây Phương,21.0403672,105.6115528,118,Unhealthy for Sensitive Groups,2,22.6,99,0.0,11.2,139,1003.2,100,44.7,46.1,373.0,30.6,34.0,28.4
2026-03-01 05:00:00,2026,3,1,5,Hà Nội,Xã Tây Phương,21.0403672,105.6115528,118,Unhealthy for Sensitive Groups,2,22.7,99,0.0,10.7,138,1003.5,100,46.2,47.6,425.0,33.0,29.0,30.2
2026-03-01 06:00:00,2026,3,1,6,Hà Nội,Xã Tây Phương,21.0403672,105.6115528,117,Unhealthy for Sensitive Groups,2,22.5,99,0.0,10.2,134,1004.1,100,48.1,49.6,497.0,36.3,24.0,33.1
2026-03-01 07:00:00,2026,3,1,7,Hà Nội,Xã Tây Phương,21.0403672,105.6115528,117,Unhealthy for Sensitive Groups,2,22.0,99,0.0,8.5,126,1005.3,100,49.6,51.2,542.0,42.9,16.0,39.2
2026-03-01 08:00:00,2026,3,1,8,Hà Nội,Xã Tây Phương,21.0403672,105.6115528,117,Unhealthy for Sensitive Groups,2,22.6,96,0.0,8.3,138,1006.1,100,46.1,47.3,535.0,38.4,28.0,39.7
2026-03-01 09:00:00,2026,3,1,9,Hà Nội,Xã Tây Phương,21.0403672,105.6115528,118,Unhealthy for Sensitive Groups,2,23.5,93,0.0,7.2,143,1006.9,100,46.4,47.4,501.0,31.9,46.0,40.2
2026-03-01 10:00:00,2026,3,1,10,Hà Nội,Xã Tây Phương,21.0403672,105.6115528,119,Unhealthy for Sensitive Groups,2,24.9,87,0.0,6.8,155,1007.0,100,43.7,44.6,468.0,25.6,71.0,39.7
2026-03-01 11:00:00,2026,3,1,11,Hà Nội,Xã Tây Phương,21.0403672,105.6115528,119,Unhealthy for Sensitive Groups,2,26.6,78,0.0,6.7,146,1006.4,97,44.2,45.1,443.0,19.6,107.0,37.1
2026-03-01 12:00:00,2026,3,1,12,Hà Nội,Xã Tây Phương,21.0403672,105.6115528,119,Unhealthy for Sensitive Groups,2,28.0,73,0.0,4.8,115,1005.1,14,47.5,48.2,419.0,13.7,149.0,33.5
2026-03-01 13:00:00,2026,3,1,13,Hà Nội,Xã Tây Phương,21.0403672,105.6115528,119,Unhealthy for Sensitive Groups,2,28.8,69,0.0,8.0,113,1004.2,14,50.4,51.0,397.0,9.5,182.0,30.8
2026-03-01 14:00:00,2026,3,1,14,Hà Nội,Xã Tây Phương,21.0403672,105.6115528,120,Unhealthy for Sensitive Groups,2,30.0,64,0.0,9.1,131,1002.7,56,52.4,53.0,372.0,7.3,201.0,29.5
2026-03-01 15:00:00,2026,3,1,15,Hà Nội,Xã Tây Phương,21.0403672,105.6115528,121,Unhealthy for Sensitive Groups,2,30.7,65,0.0,12.2,135,1001.9,35,52.0,52.5,349.0,6.9,212.0,29.0
2026-03-01 16:00:00,2026,3,1,16,Hà Nội,Xã Tây Phương,21.0403672,105.6115528,122,Unhealthy for Sensitive Groups,2,30.4,63,0.0,16.7,131,1001.4,21,50.9,51.2,344.0,8.9,211.0,30.2
2026-03-01 17:00:00,2026,3,1,17,Hà Nội,Xã Tây Phương,21.0403672,105.6115528,123,Unhealthy for Sensitive Groups,2,29.6,65,0.0,16.7,123,1001.5,5,51.5,51.7,372.0,15.2,195.0,34.3
2026-03-01 18:00:00,2026,3,1,18,Hà Nội,Xã Tây Phương,21.0403672,105.6115528,149,Unhealthy for Sensitive Groups,2,28.0,74,0.0,20.6,136,1002.0,29,50.9,51.1,417.0,23.9,167.0,40.0
2026-03-01 19:00:00,2026,3,1,19,Hà Nội,Xã Tây Phương,21.0403672,105.6115528,165,Unhealthy,3,27.3,83,0.0,14.2,141,1002.6,19,52.6,53.0,453.0,33.7,133.0,45.9
2026-03-01 20:00:00,2026,3,1,20,Hà Nội,Xã Tây Phương,21.0403672,105.6115528,169,Unhealthy,3,26.6,85,0.0,20.4,149,1003.3,82,49.6,49.9,470.0,34.2,120.0,44.8
2026-03-01 21:00:00,2026,3,1,21,Hà Nội,Xã Tây Phương,21.0403672,105.6115528,164,Unhealthy,3,26.0,87,0.0,13.0,151,1004.3,73,48.2,48.5,477.0,34.8,102.0,43.3
2026-03-01 22:00:00,2026,3,1,22,Hà Nội,Xã Tây Phương,21.0403672,105.6115528,151,Unhealthy,3,24.8,94,0.0,7.5,82,1005.6,70,48.4,49.1,475.0,35.4,85.0,41.2
2026-03-01 23:00:00,2026,3,1,23,Hà Nội,Xã Tây Phương,21.0403672,105.6115528,130,Unhealthy for Sensitive Groups,2,24.3,95,0.0,14.7,105,1005.5,82,48.2,49.5,457.0,35.9,71.0,38.4
2026-03-02 00:00:00,2026,3,2,0,Hà Nội,Xã Tây Phương,21.0403672,105.6115528,130,Unhealthy for Sensitive Groups,2,24.1,94,0.0,14.4,130,1005.1,68,47.4,48.5,429.0,36.3,59.0,35.2
2026-03-02 01:00:00,2026,3,2,1,Hà Nội,Xã Tây Phương,21.0403672,105.6115528,131,Unhealthy for Sensitive Groups,2,24.2,97,0.0,9.8,126,1004.8,5,45.4,47.3,409.0,36.5,49.0,32.3
2026-03-02 02:00:00,2026,3,2,2,Hà Nội,Xã Tây Phương,21.0403672,105.6115528,131,Unhealthy for Sensitive Groups,2,23.8,98,0.0,5.7,108,1004.8,31,42.8,45.4,398.0,35.9,42.0,29.7
2026-03-02 03:00:00,2026,3,2,3,Hà Nội,Xã Tây Phương,21.0403672,105.6115528,131,Unhealthy for Sensitive Groups,2,23.6,98,0.0,6.8,107,1004.7,100,41.9,44.5,395.0,35.1,37.0,27.5
2026-03-02 04:00:00,2026,3,2,4,Hà Nội,Xã Tây Phương,21.0403672,105.6115528,131,Unhealthy for Sensitive Groups,2,23.8,98,0.0,7.7,111,1004.8,100,42.8,45.2,412.0,35.2,33.0,26.7
2026-03-02 05:00:00,2026,3,2,5,Hà Nội,Xã Tây Phương,21.0403672,105.6115528,131,Unhealthy for Sensitive Groups,2,23.9,97,0.0,7.9,120,1005.4,100,43.5,45.9,470.0,37.7,27.0,28.2
2026-03-02 06:00:00,2026,3,2,6,Hà Nội,Xã Tây Phương,21.0403672,105.6115528,130,Unhealthy for Sensitive Groups,2,23.5,98,0.0,5.5,122,1006.1,100,44.5,46.8,548.0,41.1,21.0,31.1
2026-03-02 07:00:00,2026,3,2,7,Hà Nội,Xã Tây Phương,21.0403672,105.6115528,130,Unhealthy for Sensitive Groups,2,23.9,97,0.0,6.3,92,1007.1,100,48.3,51.7,598.0,45.2,21.0,42.5
2026-03-02 08:00:00,2026,3,2,8,Hà Nội,Xã Tây Phương,21.0403672,105.6115528,130,Unhealthy for Sensitive Groups,2,24.3,95,0.1,7.0,113,1008.0,100,52.0,53.7,597.0,39.0,35.0,40.9
2026-03-02 09:00:00,2026,3,2,9,Hà Nội,Xã Tây Phương,21.0403672,105.6115528,131,Unhealthy for Sensitive Groups,2,25.0,93,0.2,6.9,120,1008.5,100,49.5,50.9,568.0,30.3,54.0,38.5
2026-03-02 10:00:00,2026,3,2,10,Hà Nội,Xã Tây Phương,21.0403672,105.6115528,131,Unhealthy for Sensitive Groups,2,25.5,90,0.1,4.8,119,1008.8,100,43.1,44.2,535.0,22.7,77.0,35.8
2026-03-02 11:00:00,2026,3,2,11,Hà Nội,Xã Tây Phương,21.0403672,105.6115528,131,Unhealthy for Sensitive Groups,2,26.6,86,0.1,5.2,94,1008.4,68,46.0,47.0,501.0,17.3,104.0,32.5
2026-03-02 12:00:00,2026,3,2,12,Hà Nội,Xã Tây Phương,21.0403672,105.6115528,131,Unhealthy for Sensitive Groups,2,28.8,74,0.1,6.4,101,1007.4,41,48.4,49.4,463.0,12.9,134.0,28.9
2026-03-02 13:00:00,2026,3,2,13,Hà Nội,Xã Tây Phương,21.0403672,105.6115528,131,Unhealthy for Sensitive Groups,2,29.5,69,0.0,8.0,128,1006.3,21,49.9,50.9,435.0,9.9,160.0,25.8
2026-03-02 14:00:00,2026,3,2,14,Hà Nội,Xã Tây Phương,21.0403672,105.6115528,131,Unhealthy for Sensitive Groups,2,30.1,64,0.0,9.8,130,1005.1,16,51.3,52.2,418.0,7.8,182.0,23.0
2026-03-02 15:00:00,2026,3,2,15,Hà Nội,Xã Tây Phương,21.0403672,105.6115528,131,Unhealthy for Sensitive Groups,2,30.2,63,0.0,11.0,125,1004.1,79,51.5,52.3,411.0,7.0,199.0,20.6
2026-03-02 16:00:00,2026,3,2,16,Hà Nội,Xã Tây Phương,21.0403672,105.6115528,131,Unhealthy for Sensitive Groups,2,30.0,65,0.0,11.9,122,1003.8,52,51.8,52.6,432.0,9.0,204.0,20.7
2026-03-02 17:00:00,2026,3,2,17,Hà Nội,Xã Tây Phương,21.0403672,105.6115528,131,Unhealthy for Sensitive Groups,2,29.5,69,0.0,10.6,120,1004.0,8,55.3,56.0,514.0,15.8,189.0,25.4
2026-03-02 18:00:00,2026,3,2,18,Hà Nội,Xã Tây Phương,21.0403672,105.6115528,132,Unhealthy for Sensitive Groups,2,28.0,73,0.0,14.8,121,1004.4,83,60.8,61.2,625.0,25.4,161.0,32.5
2026-03-02 19:00:00,2026,3,2,19,Hà Nội,Xã Tây Phương,21.0403672,105.6115528,150,Unhealthy for Sensitive Groups,2,26.1,79,0.0,9.9,112,1004.9,61,77.8,78.9,680.0,31.6,135.0,41.3
2026-03-02 20:00:00,2026,3,2,20,Hà Nội,Xã Tây Phương,21.0403672,105.6115528,155,Unhealthy,3,25.8,86,0.0,11.1,133,1005.7,49,74.0,75.2,629.0,34.5,112.0,41.6
2026-03-02 21:00:00,2026,3,2,21,Hà Nội,Xã Tây Phương,21.0403672,105.6115528,151,Unhealthy,3,25.7,91,0.0,11.5,129,1006.6,13,74.0,75.2,523.0,38.5,81.0,41.7
2026-03-02 22:00:00,2026,3,2,22,Hà Nội,Xã Tây Phương,21.0403672,105.6115528,140,Unhealthy for Sensitive Groups,2,25.0,96,0.0,12.6,66,1007.8,78,71.7,72.9,435.0,40.4,56.0,40.0
2026-03-02 23:00:00,2026,3,2,23,Hà Nội,Xã Tây Phương,21.0403672,105.6115528,143,Unhealthy for Sensitive Groups,2,23.8,90,0.0,15.7,68,1008.4,100,66.4,67.5,387.0,39.0,42.0,34.6
2026-03-03 00:00:00,2026,3,3,0,Hà Nội,Xã Tây Phương,21.0403672,105.6115528,145,Unhealthy for Sensitive Groups,2,23.2,86,0.1,12.9,62,1008.9,100,58.8,59.8,357.0,35.7,35.0,27.3
2026-03-03 01:00:00,2026,3,3,1,Hà Nội,Xã Tây Phương,21.0403672,105.6115528,146,Unhealthy for Sensitive Groups,2,21.6,96,0.1,7.4,67,1008.3,73,46.0,46.8,349.0,31.4,34.0,21.8
2026-03-03 02:00:00,2026,3,3,2,Hà Nội,Xã Tây Phương,21.0403672,105.6115528,146,Unhealthy for Sensitive Groups,2,21.7,95,1.8,9.9,27,1008.5,100,31.5,31.9,367.0,25.6,43.0,19.8
2026-03-03 03:00:00,2026,3,3,3,Hà Nội,Xã Tây Phương,21.0403672,105.6115528,145,Unhealthy for Sensitive Groups,2,21.8,94,1.5,16.8,48,1009.2,100,32.1,32.4,407.0,18.8,57.0,19.5
2026-03-03 04:00:00,2026,3,3,4,Hà Nội,Xã Tây Phương,21.0403672,105.6115528,144,Unhealthy for Sensitive Groups,2,21.5,88,0.2,17.2,40,1009.6,88,38.5,38.8,457.0,13.9,67.0,19.6
2026-03-03 05:00:00,2026,3,3,5,Hà Nội,Xã Tây Phương,21.0403672,105.6115528,143,Unhealthy for Sensitive Groups,2,20.2,88,0.2,12.2,33,1010.7,100,42.4,42.6,525.0,12.5,66.0,19.6
2026-03-03 06:00:00,2026,3,3,6,Hà Nội,Xã Tây Phương,21.0403672,105.6115528,143,Unhealthy for Sensitive Groups,2,20.0,82,0.5,12.6,31,1011.7,98,42.4,42.5,605.0,13.0,61.0,19.8
2026-03-03 07:00:00,2026,3,3,7,Hà Nội,Xã Tây Phương,21.0403672,105.6115528,143,Unhealthy for Sensitive Groups,2,19.7,79,1.3,12.6,66,1011.9,100,41.3,41.6,662.0,14.9,56.0,23.7
2026-03-03 08:00:00,2026,3,3,8,Hà Nội,Xã Tây Phương,21.0403672,105.6115528,142,Unhealthy for Sensitive Groups,2,19.5,79,0.1,14.8,57,1012.5,98,38.8,39.0,682.0,15.0,54.0,23.8
2026-03-03 09:00:00,2026,3,3,9,Hà Nội,Xã Tây Phương,21.0403672,105.6115528,141,Unhealthy for Sensitive Groups,2,20.6,74,0.0,16.5,59,1013.7,54,36.9,37.1,680.0,15.0,52.0,24.0
2026-03-03 10:00:00,2026,3,3,10,Hà Nội,Xã Tây Phương,21.0403672,105.6115528,139,Unhealthy for Sensitive Groups,2,22.0,67,0.0,15.1,62,1014.3,100,35.2,35.3,670.0,14.6,53.0,23.6
2026-03-03 11:00:00,2026,3,3,11,Hà Nội,Xã Tây Phương,21.0403672,105.6115528,139,Unhealthy for Sensitive Groups,2,22.1,67,0.0,12.4,56,1014.2,100,33.3,33.5,651.0,13.3,59.0,22.2
2026-03-03 12:00:00,2026,3,3,12,Hà Nội,Xã Tây Phương,21.0403672,105.6115528,137,Unhealthy for Sensitive Groups,2,22.9,65,0.0,11.6,53,1013.2,100,32.4,32.6,625.0,11.7,69.0,20.3
2026-03-03 13:00:00,2026,3,3,13,Hà Nội,Xã Tây Phương,21.0403672,105.6115528,136,Unhealthy for Sensitive Groups,2,23.6,65,0.0,9.1,56,1012.2,100,32.0,32.2,609.0,10.7,77.0,19.1
2026-03-03 14:00:00,2026,3,3,14,Hà Nội,Xã Tây Phương,21.0403672,105.6115528,134,Unhealthy for Sensitive Groups,2,24.8,61,0.0,11.4,64,1011.2,100,33.5,33.6,604.0,10.2,84.0,18.8
2026-03-03 15:00:00,2026,3,3,15,Hà Nội,Xã Tây Phương,21.0403672,105.6115528,132,Unhealthy for Sensitive Groups,2,24.9,59,0.0,12.0,74,1010.6,100,34.9,35.2,611.0,10.4,90.0,19.3
2026-03-03 16:00:00,2026,3,3,16,Hà Nội,Xã Tây Phương,21.0403672,105.6115528,130,Unhealthy for Sensitive Groups,2,24.5,60,0.0,12.6,94,1010.7,100,36.3,36.6,645.0,13.1,90.0,21.2
2026-03-03 17:00:00,2026,3,3,17,Hà Nội,Xã Tây Phương,21.0403672,105.6115528,129,Unhealthy for Sensitive Groups,2,23.5,60,0.0,12.8,84,1011.4,100,37.7,38.0,738.0,20.9,80.0,25.9
2026-03-03 18:00:00,2026,3,3,18,Hà Nội,Xã Tây Phương,21.0403672,105.6115528,127,Unhealthy for Sensitive Groups,2,23.0,60,0.0,10.6,67,1012.4,100,43.1,43.3,860.0,31.1,64.0,32.0
2026-03-03 19:00:00,2026,3,3,19,Hà Nội,Xã Tây Phương,21.0403672,105.6115528,125,Unhealthy for Sensitive Groups,2,21.4,62,0.0,15.4,66,1013.2,100,54.4,54.6,934.0,15.3,72.0,22.9
2026-03-03 20:00:00,2026,3,3,20,Hà Nội,Xã Tây Phương,21.0403672,105.6115528,122,Unhealthy for Sensitive Groups,2,21.2,60,0.0,16.0,59,1014.3,100,50.1,50.2,914.0,14.7,69.0,21.5
2026-03-03 21:00:00,2026,3,3,21,Hà Nội,Xã Tây Phương,21.0403672,105.6115528,120,Unhealthy for Sensitive Groups,2,21.0,60,0.0,15.8,60,1015.3,100,48.9,49.2,848.0,14.0,66.0,19.6
2026-03-03 22:00:00,2026,3,3,22,Hà Nội,Xã Tây Phương,21.0403672,105.6115528,117,Unhealthy for Sensitive Groups,2,20.7,60,0.0,15.3,56,1016.1,100,42.8,43.1,798.0,13.7,62.0,18.6
2026-03-03 23:00:00,2026,3,3,23,Hà Nội,Xã Tây Phương,21.0403672,105.6115528,114,Unhealthy for Sensitive Groups,2,20.5,61,0.0,13.0,49,1016.4,100,44.6,45.3,800.0,14.3,59.0,19.3
2026-03-04 00:00:00,2026,3,4,0,Hà Nội,Xã Tây Phương,21.0403672,105.6115528,112,Unhealthy for Sensitive Groups,2,20.0,64,0.1,13.2,47,1016.9,100,55.3,56.9,818.0,15.5,57.0,21.0
2026-03-04 01:00:00,2026,3,4,1,Hà Nội,Xã Tây Phương,21.0403672,105.6115528,112,Unhealthy for Sensitive Groups,2,18.9,74,0.3,10.2,42,1016.6,100,51.2,52.4,815.0,16.7,54.0,22.9
2026-03-04 02:00:00,2026,3,4,2,Hà Nội,Xã Tây Phương,21.0403672,105.6115528,112,Unhealthy for Sensitive Groups,2,18.8,71,0.0,9.6,41,1016.3,100,53.1,54.6,766.0,17.8,52.0,24.8
2026-03-04 03:00:00,2026,3,4,3,Hà Nội,Xã Tây Phương,21.0403672,105.6115528,114,Unhealthy for Sensitive Groups,2,18.9,65,0.0,9.9,57,1016.2,100,49.0,50.4,696.0,19.1,49.0,26.9
2026-03-04 04:00:00,2026,3,4,4,Hà Nội,Xã Tây Phương,21.0403672,105.6115528,116,Unhealthy for Sensitive Groups,2,18.7,65,0.0,10.6,62,1016.4,100,45.5,46.7,638.0,20.6,47.0,29.3
2026-03-04 05:00:00,2026,3,4,5,Hà Nội,Xã Tây Phương,21.0403672,105.6115528,117,Unhealthy for Sensitive Groups,2,18.6,63,0.0,12.8,55,1016.8,100,43.1,44.2,606.0,23.4,43.0,32.9
2026-03-04 06:00:00,2026,3,4,6,Hà Nội,Xã Tây Phương,21.0403672,105.6115528,117,Unhealthy for Sensitive Groups,2,18.4,62,0.0,13.0,48,1017.2,100,41.9,43.0,585.0,26.5,39.0,36.8
2026-03-04 07:00:00,2026,3,4,7,Hà Nội,Xã Tây Phương,21.0403672,105.6115528,117,Unhealthy for Sensitive Groups,2,18.3,65,0.0,14.1,59,1017.3,100,30.5,31.2,567.0,20.5,50.0,25.7
2026-03-04 08:00:00,2026,3,4,8,Hà Nội,Xã Tây Phương,21.0403672,105.6115528,116,Unhealthy for Sensitive Groups,2,18.5,65,0.0,14.1,53,1018.0,100,26.1,26.8,546.0,19.5,52.0,26.4
2026-03-04 09:00:00,2026,3,4,9,Hà Nội,Xã Tây Phương,21.0403672,105.6115528,115,Unhealthy for Sensitive Groups,2,18.6,61,0.0,14.8,41,1018.3,96,23.0,23.5,528.0,18.0,56.0,27.4
2026-03-04 10:00:00,2026,3,4,10,Hà Nội,Xã Tây Phương,21.0403672,105.6115528,113,Unhealthy for Sensitive Groups,2,19.5,58,0.0,12.6,36,1018.4,100,20.9,21.3,515.0,16.3,63.0,28.1
2026-03-04 11:00:00,2026,3,4,11,Hà Nội,Xã Tây Phương,21.0403672,105.6115528,112,Unhealthy for Sensitive Groups,2,20.5,56,0.0,10.1,43,1018.1,98,19.4,19.7,509.0,14.2,77.0,28.1
2026-03-04 12:00:00,2026,3,4,12,Hà Nội,Xã Tây Phương,21.0403672,105.6115528,110,Unhealthy for Sensitive Groups,2,21.8,53,0.0,8.1,53,1016.7,94,18.9,19.2,508.0,11.9,95.0,27.9
2026-03-04 13:00:00,2026,3,4,13,Hà Nội,Xã Tây Phương,21.0403672,105.6115528,109,Unhealthy for Sensitive Groups,2,21.6,56,0.0,7.5,70,1015.6,48,20.1,20.4,515.0,10.4,111.0,27.9
2026-03-04 14:00:00,2026,3,4,14,Hà Nội,Xã Tây Phương,21.0403672,105.6115528,108,Unhealthy for Sensitive Groups,2,21.9,56,0.0,7.6,94,1014.1,47,21.4,21.7,530.0,8.7,125.0,27.6
2026-03-04 15:00:00,2026,3,4,15,Hà Nội,Xã Tây Phương,21.0403672,105.6115528,106,Unhealthy for Sensitive Groups,2,22.1,56,0.0,5.9,101,1013.0,16,23.6,23.9,552.0,7.8,137.0,27.6
2026-03-04 16:00:00,2026,3,4,16,Hà Nội,Xã Tây Phương,21.0403672,105.6115528,105,Unhealthy for Sensitive Groups,2,22.1,57,0.0,7.1,114,1012.4,9,25.4,25.7,584.0,11.7,139.0,30.0
2026-03-04 17:00:00,2026,3,4,17,Hà Nội,Xã Tây Phương,21.0403672,105.6115528,104,Unhealthy for Sensitive Groups,2,21.4,60,0.0,8.0,132,1012.6,0,27.2,27.5,632.0,24.3,125.0,36.3
2026-03-04 18:00:00,2026,3,4,18,Hà Nội,Xã Tây Phương,21.0403672,105.6115528,103,Unhealthy for Sensitive Groups,2,19.5,69,0.0,5.3,156,1012.8,0,45.3,45.6,689.0,41.7,101.0,45.1
2026-03-04 19:00:00,2026,3,4,19,Hà Nội,Xã Tây Phương,21.0403672,105.6115528,103,Unhealthy for Sensitive Groups,2,19.0,71,0.0,6.9,152,1012.8,1,64.3,64.5,737.0,45.7,70.0,42.3
2026-03-04 20:00:00,2026,3,4,20,Hà Nội,Xã Tây Phương,21.0403672,105.6115528,104,Unhealthy for Sensitive Groups,2,18.6,74,0.0,6.9,166,1013.5,16,79.9,80.3,778.0,51.8,62.0,49.8
2026-03-04 21:00:00,2026,3,4,21,Hà Nội,Xã Tây Phương,21.0403672,105.6115528,107,Unhealthy for Sensitive Groups,2,18.1,77,0.0,7.6,162,1014.0,0,92.2,92.7,810.0,60.1,50.0,60.2
2026-03-04 22:00:00,2026,3,4,22,Hà Nội,Xã Tây Phương,21.0403672,105.6115528,112,Unhealthy for Sensitive Groups,2,17.9,79,0.0,13.1,147,1014.9,1,101.3,101.7,812.0,66.1,40.0,67.8
2026-03-04 23:00:00,2026,3,4,23,Hà Nội,Xã Tây Phương,21.0403672,105.6115528,118,Unhealthy for Sensitive Groups,2,17.2,85,0.0,12.4,154,1015.1,5,106.9,107.3,760.0,67.4,33.0,70.1
2026-03-05 00:00:00,2026,3,5,0,Hà Nội,Xã Tây Phương,21.0403672,105.6115528,124,Unhealthy for Sensitive Groups,2,16.8,88,0.0,10.7,151,1014.9,0,109.0,109.4,678.0,66.3,28.0,69.7
2026-03-05 01:00:00,2026,3,5,1,Hà Nội,Xã Tây Phương,21.0403672,105.6115528,130,Unhealthy for Sensitive Groups,2,16.5,90,0.0,8.4,146,1014.8,3,107.8,108.3,614.0,65.2,23.0,68.0
2026-03-05 02:00:00,2026,3,5,2,Hà Nội,Xã Tây Phương,21.0403672,105.6115528,136,Unhealthy for Sensitive Groups,2,16.5,91,0.0,6.6,158,1014.6,17,104.5,105.0,576.0,65.0,17.0,65.0
2026-03-05 03:00:00,2026,3,5,3,Hà Nội,Xã Tây Phương,21.0403672,105.6115528,141,Unhealthy for Sensitive Groups,2,16.2,92,0.0,5.0,159,1014.2,8,102.4,102.9,556.0,64.8,11.0,60.8
2026-03-05 04:00:00,2026,3,5,4,Hà Nội,Xã Tây Phương,21.0403672,105.6115528,147,Unhealthy for Sensitive Groups,2,15.8,94,0.0,4.3,152,1014.0,12,98.3,99.0,578.0,63.9,8.0,57.6
2026-03-05 05:00:00,2026,3,5,5,Hà Nội,Xã Tây Phương,21.0403672,105.6115528,150,Unhealthy for Sensitive Groups,2,15.6,94,0.0,3.2,109,1014.3,34,94.3,95.0,686.0,62.3,7.0,56.9
2026-03-05 06:00:00,2026,3,5,6,Hà Nội,Xã Tây Phương,21.0403672,105.6115528,152,Unhealthy,3,15.6,95,0.0,4.1,92,1015.0,47,92.4,93.1,836.0,60.0,8.0,57.3
2026-03-05 07:00:00,2026,3,5,7,Hà Nội,Xã Tây Phương,21.0403672,105.6115528,153,Unhealthy,3,17.2,92,0.0,6.5,96,1015.4,97,92.9,93.6,917.0,51.6,13.0,47.8
2026-03-05 08:00:00,2026,3,5,8,Hà Nội,Xã Tây Phương,21.0403672,105.6115528,154,Unhealthy,3,18.5,86,0.0,7.6,108,1015.9,87,81.7,82.4,864.0,45.1,27.0,45.1
2026-03-05 09:00:00,2026,3,5,9,Hà Nội,Xã Tây Phương,21.0403672,105.6115528,155,Unhealthy,3,19.8,80,0.0,9.1,105,1016.6,93,70.3,71.2,742.0,36.0,46.0,41.3
2026-03-05 10:00:00,2026,3,5,10,Hà Nội,Xã Tây Phương,21.0403672,105.6115528,156,Unhealthy,3,20.9,74,0.1,9.3,103,1016.6,100,60.1,61.2,638.0,28.3,64.0,38.1
2026-03-05 11:00:00,2026,3,5,11,Hà Nội,Xã Tây Phương,21.0403672,105.6115528,157,Unhealthy,3,21.5,70,0.1,7.6,117,1016.4,100,53.1,54.1,584.0,23.3,77.0,36.3
2026-03-05 12:00:00,2026,3,5,12,Hà Nội,Xã Tây Phương,21.0403672,105.6115528,158,Unhealthy,3,22.2,68,0.0,8.0,128,1015.3,100,51.9,53.0,549.0,19.7,89.0,35.2
2026-03-05 13:00:00,2026,3,5,13,Hà Nội,Xã Tây Phương,21.0403672,105.6115528,159,Unhealthy,3,21.8,68,0.0,7.4,129,1014.9,100,53.1,54.2,521.0,17.5,99.0,34.3
2026-03-05 14:00:00,2026,3,5,14,Hà Nội,Xã Tây Phương,21.0403672,105.6115528,159,Unhealthy,3,22.5,65,0.0,6.2,120,1013.9,100,54.4,55.5,476.0,15.4,109.0,32.7
2026-03-05 15:00:00,2026,3,5,15,Hà Nội,Xã Tây Phương,21.0403672,105.6115528,160,Unhealthy,3,23.0,63,0.0,7.8,109,1013.1,100,54.8,56.0,439.0,14.7,118.0,31.4
2026-03-05 16:00:00,2026,3,5,16,Hà Nội,Xã Tây Phương,21.0403672,105.6115528,161,Unhealthy,3,22.4,65,0.0,8.6,101,1012.8,100,55.1,56.2,475.0,18.8,117.0,32.8
2026-03-05 17:00:00,2026,3,5,17,Hà Nội,Xã Tây Phương,21.0403672,105.6115528,161,Unhealthy,3,22.2,66,0.0,7.2,94,1013.0,100,60.3,61.5,654.0,31.6,100.0,38.9
2026-03-05 18:00:00,2026,3,5,18,Hà Nội,Xã Tây Phương,21.0403672,105.6115528,162,Unhealthy,3,21.4,74,0.0,3.5,78,1013.6,100,78.9,79.9,906.0,49.2,74.0,47.7
2026-03-05 19:00:00,2026,3,5,19,Hà Nội,Xã Tây Phương,21.0403672,105.6115528,163,Unhealthy,3,20.8,75,0.0,3.8,45,1014.2,100,88.7,89.9,1081.0,60.9,46.0,52.9
2026-03-05 20:00:00,2026,3,5,20,Hà Nội,Xã Tây Phương,21.0403672,105.6115528,163,Unhealthy,3,20.9,77,0.0,2.3,45,1015.3,100,96.4,97.3,1111.0,62.0,42.0,56.9
2026-03-05 21:00:00,2026,3,5,21,Hà Nội,Xã Tây Phương,21.0403672,105.6115528,164,Unhealthy,3,20.7,77,0.0,3.1,28,1015.9,100,98.0,98.7,1064.0,63.4,37.0,62.3
2026-03-05 22:00:00,2026,3,5,22,Hà Nội,Xã Tây Phương,21.0403672,105.6115528,164,Unhealthy,3,20.6,80,0.0,2.7,8,1016.4,100,96.4,97.3,995.0,63.2,33.0,65.4
2026-03-05 23:00:00,2026,3,5,23,Hà Nội,Xã Tây Phương,21.0403672,105.6115528,164,Unhealthy,3,20.3,81,0.0,2.7,48,1016.6,100,102.4,103.6,905.0,60.2,31.0,64.1
2026-03-06 00:00:00,2026,3,6,0,Hà Nội,Xã Tây Phương,21.0403672,105.6115528,164,Unhealthy,3,20.0,83,0.1,2.7,4,1016.8,100,102.9,103.8,793.0,55.6,30.0,60.6
2026-03-06 01:00:00,2026,3,6,1,Hà Nội,Xã Tây Phương,21.0403672,105.6115528,164,Unhealthy,3,19.6,90,0.1,1.2,333,1017.0,100,97.8,99.0,710.0,50.9,29.0,57.7
2026-03-06 02:00:00,2026,3,6,2,Hà Nội,Xã Tây Phương,21.0403672,105.6115528,163,Unhealthy,3,19.4,89,0.0,1.7,311,1016.4,100,96.9,98.0,675.0,46.1,29.0,56.8
2026-03-06 03:00:00,2026,3,6,3,Hà Nội,Xã Tây Phương,21.0403672,105.6115528,163,Unhealthy,3,19.2,91,0.0,2.6,282,1016.0,100,99.9,101.3,669.0,41.1,31.0,56.6
2026-03-06 04:00:00,2026,3,6,4,Hà Nội,Xã Tây Phương,21.0403672,105.6115528,163,Unhealthy,3,19.3,90,0.0,3.3,276,1015.7,100,101.7,103.1,689.0,37.4,31.0,56.0
2026-03-06 05:00:00,2026,3,6,5,Hà Nội,Xã Tây Phương,21.0403672,105.6115528,163,Unhealthy,3,19.2,92,0.0,4.9,309,1015.7,100,99.9,101.3,758.0,36.2,28.0,54.6
2026-03-06 06:00:00,2026,3,6,6,Hà Nội,Xã Tây Phương,21.0403672,105.6115528,163,Unhealthy,3,19.2,92,0.0,6.5,314,1016.3,100,97.3,98.5,853.0,36.2,24.0,52.8
2026-03-06 07:00:00,2026,3,6,7,Hà Nội,Xã Tây Phương,21.0403672,105.6115528,163,Unhealthy,3,19.2,92,0.1,8.9,335,1017.5,100,113.6,115.0,896.0,50.0,18.0,69.3
2026-03-06 08:00:00,2026,3,6,8,Hà Nội,Xã Tây Phương,21.0403672,105.6115528,164,Unhealthy,3,19.7,90,0.1,7.9,321,1018.4,100,114.1,115.7,843.0,41.3,40.0,65.6
2026-03-06 09:00:00,2026,3,6,9,Hà Nội,Xã Tây Phương,21.0403672,105.6115528,165,Unhealthy,3,20.2,87,0.0,6.4,288,1018.8,100,107.1,109.2,739.0,29.4,70.0,60.2
2026-03-06 10:00:00,2026,3,6,10,Hà Nội,Xã Tây Phương,21.0403672,105.6115528,165,Unhealthy,3,21.8,74,0.0,1.6,243,1018.6,0,81.0,83.6,644.0,20.0,96.0,53.8
2026-03-06 11:00:00,2026,3,6,11,Hà Nội,Xã Tây Phương,21.0403672,105.6115528,166,Unhealthy,3,23.8,65,0.0,3.4,96,1017.8,37,72.4,74.5,574.0,15.8,111.0,45.6
2026-03-06 12:00:00,2026,3,6,12,Hà Nội,Xã Tây Phương,21.0403672,105.6115528,166,Unhealthy,3,24.6,61,0.0,6.0,119,1016.7,100,71.0,72.9,514.0,14.2,122.0,36.5
2026-03-06 13:00:00,2026,3,6,13,Hà Nội,Xã Tây Phương,21.0403672,105.6115528,167,Unhealthy,3,24.4,60,0.0,7.0,148,1015.4,100,71.5,73.1,478.0,13.7,129.0,30.0
2026-03-06 14:00:00,2026,3,6,14,Hà Nội,Xã Tây Phương,21.0403672,105.6115528,167,Unhealthy,3,24.1,62,0.0,9.5,147,1013.8,100,73.3,75.0,474.0,13.4,136.0,28.0
2026-03-06 15:00:00,2026,3,6,15,Hà Nội,Xã Tây Phương,21.0403672,105.6115528,168,Unhealthy,3,24.3,63,0.0,11.1,136,1013.3,100,74.7,76.1,495.0,14.1,139.0,28.6
2026-03-06 16:00:00,2026,3,6,16,Hà Nội,Xã Tây Phương,21.0403672,105.6115528,168,Unhealthy,3,23.9,65,0.0,11.2,125,1013.4,100,75.2,76.4,526.0,17.5,136.0,30.3
2026-03-06 17:00:00,2026,3,6,17,Hà Nội,Xã Tây Phương,21.0403672,105.6115528,168,Unhealthy,3,23.3,69,0.0,9.7,121,1013.1,100,76.6,77.8,572.0,26.0,121.0,33.0
2026-03-06 18:00:00,2026,3,6,18,Hà Nội,Xã Tây Phương,21.0403672,105.6115528,169,Unhealthy,3,22.8,70,0.0,8.9,133,1013.2,100,83.4,84.3,630.0,37.1,98.0,36.7
2026-03-06 19:00:00,2026,3,6,19,Hà Nội,Xã Tây Phương,21.0403672,105.6115528,169,Unhealthy,3,22.4,73,0.0,8.2,119,1014.1,97,82.4,83.1,676.0,45.0,69.0,39.6
2026-03-06 20:00:00,2026,3,6,20,Hà Nội,Xã Tây Phương,21.0403672,105.6115528,169,Unhealthy,3,22.0,75,0.0,14.3,130,1014.3,2,75.2,75.7,699.0,43.1,68.0,39.0
2026-03-06 21:00:00,2026,3,6,21,Hà Nội,Xã Tây Phương,21.0403672,105.6115528,168,Unhealthy,3,20.5,82,0.0,10.9,149,1015.3,4,67.8,68.2,711.0,40.5,66.0,38.3
2026-03-06 22:00:00,2026,3,6,22,Hà Nội,Xã Tây Phương,21.0403672,105.6115528,168,Unhealthy,3,19.9,85,0.0,10.2,156,1015.9,3,66.1,66.8,724.0,38.6,63.0,38.0
2026-03-06 23:00:00,2026,3,6,23,Hà Nội,Xã Tây Phương,21.0403672,105.6115528,167,Unhealthy,3,19.3,88,0.0,8.5,145,1015.9,11,69.6,70.3,744.0,38.1,60.0,38.5
2026-03-07 00:00:00,2026,3,7,0,Hà Nội,Xã Tây Phương,21.0403672,105.6115528,166,Unhealthy,3,18.9,91,0.0,8.4,145,1016.1,12,72.2,72.9,764.0,38.4,57.0,39.5
2026-03-07 01:00:00,2026,3,7,1,Hà Nội,Xã Tây Phương,21.0403672,105.6115528,166,Unhealthy,3,18.5,95,0.0,5.7,134,1016.3,100,74.0,74.7,776.0,38.7,53.0,40.4
2026-03-07 02:00:00,2026,3,7,2,Hà Nội,Xã Tây Phương,21.0403672,105.6115528,165,Unhealthy,3,19.0,93,0.0,6.9,131,1016.0,100,77.3,78.2,768.0,38.7,49.0,40.8
2026-03-07 03:00:00,2026,3,7,3,Hà Nội,Xã Tây Phương,21.0403672,105.6115528,165,Unhealthy,3,19.1,94,0.0,6.6,131,1015.7,100,82.0,82.9,751.0,38.8,44.0,41.2
2026-03-07 04:00:00,2026,3,7,4,Hà Nội,Xã Tây Phương,21.0403672,105.6115528,164,Unhealthy,3,19.1,93,0.0,8.1,137,1015.6,100,83.8,84.5,748.0,39.8,40.0,42.3
2026-03-07 05:00:00,2026,3,7,5,Hà Nội,Xã Tây Phương,21.0403672,105.6115528,164,Unhealthy,3,19.1,93,0.0,8.1,135,1015.7,98,84.3,85.0,787.0,43.5,34.0,45.3
2026-03-07 06:00:00,2026,3,7,6,Hà Nội,Xã Tây Phương,21.0403672,105.6115528,163,Unhealthy,3,19.1,93,0.0,5.3,128,1016.5,100,84.3,85.0,840.0,48.2,27.0,48.9
2026-03-07 07:00:00,2026,3,7,7,Hà Nội,Xã Tây Phương,21.0403672,105.6115528,163,Unhealthy,3,19.6,91,0.0,6.4,126,1017.3,100,75.0,75.7,849.0,42.6,41.0,44.1
2026-03-07 08:00:00,2026,3,7,8,Hà Nội,Xã Tây Phương,21.0403672,105.6115528,162,Unhealthy,3,20.5,87,0.0,8.1,127,1017.8,100,71.0,71.7,775.0,37.9,56.0,41.0
2026-03-07 09:00:00,2026,3,7,9,Hà Nội,Xã Tây Phương,21.0403672,105.6115528,161,Unhealthy,3,21.9,78,0.0,11.7,134,1018.3,57,58.2,59.0,657.0,31.1,77.0,36.7
2026-03-07 10:00:00,2026,3,7,10,Hà Nội,Xã Tây Phương,21.0403672,105.6115528,160,Unhealthy,3,23.1,72,0.1,19.6,136,1018.0,73,46.0,47.3,559.0,25.0,96.0,32.4
2026-03-07 11:00:00,2026,3,7,11,Hà Nội,Xã Tây Phương,21.0403672,105.6115528,160,Unhealthy,3,24.1,66,0.1,18.2,145,1017.3,97,42.8,44.2,502.0,20.0,111.0,28.5
2026-03-07 12:00:00,2026,3,7,12,Hà Nội,Xã Tây Phương,21.0403672,105.6115528,159,Unhealthy,3,24.1,69,0.0,17.6,144,1016.1,91,44.0,45.4,465.0,15.6,124.0,24.7
2026-03-07 13:00:00,2026,3,7,13,Hà Nội,Xã Tây Phương,21.0403672,105.6115528,158,Unhealthy,3,23.9,67,0.0,16.2,146,1015.6,98,45.2,46.7,443.0,12.4,134.0,21.8
2026-03-07 14:00:00,2026,3,7,14,Hà Nội,Xã Tây Phương,21.0403672,105.6115528,158,Unhealthy,3,24.1,67,0.0,18.2,141,1014.4,100,43.1,44.5,437.0,10.5,140.0,19.9
2026-03-07 15:00:00,2026,3,7,15,Hà Nội,Xã Tây Phương,21.0403672,105.6115528,157,Unhealthy,3,24.0,66,0.0,17.2,138,1013.6,100,41.4,42.8,447.0,9.8,142.0,18.9
2026-03-07 16:00:00,2026,3,7,16,Hà Nội,Xã Tây Phương,21.0403672,105.6115528,156,Unhealthy,3,23.6,66,0.0,18.2,133,1013.3,100,40.6,41.9,468.0,11.1,139.0,19.0
2026-03-07 17:00:00,2026,3,7,17,Hà Nội,Xã Tây Phương,21.0403672,105.6115528,156,Unhealthy,3,23.3,68,0.0,17.6,133,1013.2,9,39.9,41.1,511.0,15.7,128.0,20.7
2026-03-07 18:00:00,2026,3,7,18,Hà Nội,Xã Tây Phương,21.0403672,105.6115528,155,Unhealthy,3,22.1,72,0.0,15.2,124,1013.6,4,39.8,40.9,565.0,22.2,113.0,23.5
2026-03-07 19:00:00,2026,3,7,19,Hà Nội,Xã Tây Phương,21.0403672,105.6115528,154,Unhealthy,3,21.5,77,0.0,15.6,117,1014.4,6,51.6,53.3,598.0,28.4,95.0,26.4
2026-03-07 20:00:00,2026,3,7,20,Hà Nội,Xã Tây Phương,21.0403672,105.6115528,153,Unhealthy,3,21.0,79,0.0,16.3,126,1015.4,8,50.6,52.5,590.0,29.4,89.0,27.7
2026-03-07 21:00:00,2026,3,7,21,Hà Nội,Xã Tây Phương,21.0403672,105.6115528,153,Unhealthy,3,20.4,82,0.0,14.0,133,1016.5,15,51.2,53.1,560.0,30.8,81.0,29.5
2026-03-07 22:00:00,2026,3,7,22,Hà Nội,Xã Tây Phương,21.0403672,105.6115528,152,Unhealthy,3,19.9,84,0.0,12.7,144,1016.8,3,53.6,55.6,539.0,32.2,73.0,30.8
2026-03-07 23:00:00,2026,3,7,23,Hà Nội,Xã Tây Phương,21.0403672,105.6115528,152,Unhealthy,3,19.1,88,0.0,8.8,157,1017.2,19,56.9,59.1,539.0,33.4,66.0,31.3
2026-03-08 00:00:00,2026,3,8,0,Hà Nội,Xã Tây Phương,21.0403672,105.6115528,152,Unhealthy,3,18.8,92,0.0,7.0,159,1017.4,43,59.5,61.7,547.0,34.6,59.0,31.3
2026-03-08 01:00:00,2026,3,8,1,Hà Nội,Xã Tây Phương,21.0403672,105.6115528,151,Unhealthy,3,19.0,94,0.0,6.0,141,1017.0,100,61.2,63.8,550.0,35.3,54.0,31.4
2026-03-08 02:00:00,2026,3,8,2,Hà Nội,Xã Tây Phương,21.0403672,105.6115528,151,Unhealthy,3,19.8,91,0.0,6.5,134,1016.4,100,62.9,65.4,534.0,35.1,51.0,31.6
2026-03-08 03:00:00,2026,3,8,3,Hà Nội,Xã Tây Phương,21.0403672,105.6115528,151,Unhealthy,3,20.0,91,0.0,4.9,123,1016.0,100,67.3,70.3,512.0,34.5,48.0,31.9
2026-03-08 04:00:00,2026,3,8,4,Hà Nội,Xã Tây Phương,21.0403672,105.6115528,150,Unhealthy for Sensitive Groups,2,20.0,91,0.1,5.1,113,1015.7,100,66.6,69.4,512.0,34.7,46.0,32.7
2026-03-08 05:00:00,2026,3,8,5,Hà Nội,Xã Tây Phương,21.0403672,105.6115528,150,Unhealthy for Sensitive Groups,2,20.0,92,0.1,5.9,92,1015.9,100,64.5,67.3,562.0,37.2,41.0,34.5
2026-03-08 06:00:00,2026,3,8,6,Hà Nội,Xã Tây Phương,21.0403672,105.6115528,148,Unhealthy for Sensitive Groups,2,20.0,93,0.2,6.3,83,1016.2,100,63.3,65.9,634.0,40.5,36.0,36.8
2026-03-08 07:00:00,2026,3,8,7,Hà Nội,Xã Tây Phương,21.0403672,105.6115528,146,Unhealthy for Sensitive Groups,2,20.0,94,1.0,7.1,83,1016.7,100,58.4,61.0,668.0,35.2,45.0,32.8
2026-03-08 08:00:00,2026,3,8,8,Hà Nội,Xã Tây Phương,21.0403672,105.6115528,145,Unhealthy for Sensitive Groups,2,20.2,95,0.8,8.0,95,1017.3,100,56.5,58.8,626.0,33.6,51.0,32.8
2026-03-08 09:00:00,2026,3,8,9,Hà Nội,Xã Tây Phương,21.0403672,105.6115528,143,Unhealthy for Sensitive Groups,2,20.8,94,0.2,13.2,112,1017.6,100,51.0,53.1,546.0,31.2,61.0,32.8
2026-03-08 10:00:00,2026,3,8,10,Hà Nội,Xã Tây Phương,21.0403672,105.6115528,142,Unhealthy for Sensitive Groups,2,21.6,89,0.1,18.9,124,1017.5,100,46.2,48.5,478.0,28.2,72.0,32.4
2026-03-08 11:00:00,2026,3,8,11,Hà Nội,Xã Tây Phương,21.0403672,105.6115528,142,Unhealthy for Sensitive Groups,2,22.7,83,0.1,19.6,141,1016.9,79,43.5,46.0,443.0,23.8,86.0,31.0
2026-03-08 12:00:00,2026,3,8,12,Hà Nội,Xã Tây Phương,21.0403672,105.6115528,142,Unhealthy for Sensitive Groups,2,24.0,75,0.1,19.6,154,1015.7,100,41.1,43.7,420.0,18.8,103.0,29.2
2026-03-08 13:00:00,2026,3,8,13,Hà Nội,Xã Tây Phương,21.0403672,105.6115528,142,Unhealthy for Sensitive Groups,2,24.1,72,0.0,17.3,152,1014.8,81,41.0,43.5,399.0,15.5,113.0,28.2
2026-03-08 14:00:00,2026,3,8,14,Hà Nội,Xã Tây Phương,21.0403672,105.6115528,142,Unhealthy for Sensitive Groups,2,25.5,66,0.0,16.9,142,1013.5,100,39.9,42.4,372.0,14.7,115.0,28.9
2026-03-08 15:00:00,2026,3,8,15,Hà Nội,Xã Tây Phương,21.0403672,105.6115528,141,Unhealthy for Sensitive Groups,2,24.8,69,0.0,18.3,139,1012.8,98,37.8,40.0,347.0,15.5,111.0,30.4
2026-03-08 16:00:00,2026,3,8,16,Hà Nội,Xã Tây Phương,21.0403672,105.6115528,141,Unhealthy for Sensitive Groups,2,24.3,72,0.0,20.6,130,1012.6,96,35.2,37.1,343.0,17.6,104.0,31.5
2026-03-08 17:00:00,2026,3,8,17,Hà Nội,Xã Tây Phương,21.0403672,105.6115528,140,Unhealthy for Sensitive Groups,2,23.5,77,0.0,17.6,118,1013.0,80,34.9,36.7,378.0,21.9,93.0,31.9
2026-03-08 18:00:00,2026,3,8,18,Hà Nội,Xã Tây Phương,21.0403672,105.6115528,140,Unhealthy for Sensitive Groups,2,22.2,83,0.0,17.1,117,1013.3,20,35.7,37.3,433.0,27.6,80.0,31.8
2026-03-08 19:00:00,2026,3,8,19,Hà Nội,Xã Tây Phương,21.0403672,105.6115528,139,Unhealthy for Sensitive Groups,2,21.7,84,0.0,16.1,112,1014.5,98,39.5,41.1,467.0,32.4,66.0,30.7
2026-03-08 20:00:00,2026,3,8,20,Hà Nội,Xã Tây Phương,21.0403672,105.6115528,138,Unhealthy for Sensitive Groups,2,21.5,84,0.0,16.7,119,1015.4,100,39.3,41.0,458.0,32.1,65.0,30.1
2026-03-08 21:00:00,2026,3,8,21,Hà Nội,Xã Tây Phương,21.0403672,105.6115528,137,Unhealthy for Sensitive Groups,2,21.2,85,0.0,16.3,123,1016.4,100,39.2,40.9,429.0,31.8,64.0,29.2
2026-03-08 22:00:00,2026,3,8,22,Hà Nội,Xã Tây Phương,21.0403672,105.6115528,136,Unhealthy for Sensitive Groups,2,20.9,86,0.0,13.1,131,1017.2,100,39.7,41.3,404.0,31.9,61.0,28.6
2026-03-08 23:00:00,2026,3,8,23,Hà Nội,Xã Tây Phương,21.0403672,105.6115528,134,Unhealthy for Sensitive Groups,2,20.8,86,0.0,11.8,133,1017.5,100,41.0,42.6,396.0,32.8,57.0,28.4
2026-03-09 00:00:00,2026,3,9,0,Hà Nội,Xã Tây Phương,21.0403672,105.6115528,133,Unhealthy for Sensitive Groups,2,20.6,86,0.0,10.1,145,1018.0,100,41.9,43.8,392.0,34.1,51.0,28.5
2026-03-09 01:00:00,2026,3,9,1,Hà Nội,Xã Tây Phương,21.0403672,105.6115528,131,Unhealthy for Sensitive Groups,2,20.8,90,0.0,9.2,141,1017.5,100,43.4,45.3,387.0,35.0,47.0,28.7
2026-03-09 02:00:00,2026,3,9,2,Hà Nội,Xã Tây Phương,21.0403672,105.6115528,129,Unhealthy for Sensitive Groups,2,20.8,90,0.1,9.7,133,1017.1,100,45.2,47.1,371.0,34.7,45.0,28.8
2026-03-09 03:00:00,2026,3,9,3,Hà Nội,Xã Tây Phương,21.0403672,105.6115528,127,Unhealthy for Sensitive Groups,2,20.6,91,0.1,8.2,131,1016.8,100,47.3,49.8,353.0,33.9,44.0,29.1
2026-03-09 04:00:00,2026,3,9,4,Hà Nội,Xã Tây Phương,21.0403672,105.6115528,125,Unhealthy for Sensitive Groups,2,20.5,93,0.1,8.1,114,1016.7,100,48.8,52.3,351.0,34.2,43.0,30.2
2026-03-09 05:00:00,2026,3,9,5,Hà Nội,Xã Tây Phương,21.0403672,105.6115528,123,Unhealthy for Sensitive Groups,2,20.5,93,0.0,8.3,117,1017.2,100,49.6,53.3,377.0,37.3,38.0,33.2
2026-03-09 06:00:00,2026,3,9,6,Hà Nội,Xã Tây Phương,21.0403672,105.6115528,122,Unhealthy for Sensitive Groups,2,20.5,93,0.0,7.0,125,1017.7,100,51.2,55.2,420.0,41.5,33.0,37.0
2026-03-09 07:00:00,2026,3,9,7,Hà Nội,Xã Tây Phương,21.0403672,105.6115528,120,Unhealthy for Sensitive Groups,2,20.6,93,0.0,8.3,96,1018.4,100,41.0,43.9,465.0,32.1,49.0,28.9
2026-03-09 08:00:00,2026,3,9,8,Hà Nội,Xã Tây Phương,21.0403672,105.6115528,119,Unhealthy for Sensitive Groups,2,20.9,93,0.3,10.4,88,1019.5,100,35.6,38.5,512.0,29.4,56.0,28.4
2026-03-09 09:00:00,2026,3,9,9,Hà Nội,Xã Tây Phương,21.0403672,105.6115528,116,Unhealthy for Sensitive Groups,2,21.1,92,0.3,12.6,80,1020.3,100,31.9,34.7,562.0,25.7,65.0,27.6
2026-03-09 10:00:00,2026,3,9,10,Hà Nội,Xã Tây Phương,21.0403672,105.6115528,114,Unhealthy for Sensitive Groups,2,21.4,89,0.4,11.9,72,1021.0,100,28.2,30.6,604.0,22.3,70.0,26.6
2026-03-09 11:00:00,2026,3,9,11,Hà Nội,Xã Tây Phương,21.0403672,105.6115528,112,Unhealthy for Sensitive Groups,2,22.4,84,0.1,12.2,66,1020.8,100,22.2,24.2,637.0,19.7,68.0,25.2
2026-03-09 12:00:00,2026,3,9,12,Hà Nội,Xã Tây Phương,21.0403672,105.6115528,110,Unhealthy for Sensitive Groups,2,22.9,79,0.1,14.1,53,1020.2,100,23.1,24.4,662.0,17.5,62.0,23.5
2026-03-09 13:00:00,2026,3,9,13,Hà Nội,Xã Tây Phương,21.0403672,105.6115528,108,Unhealthy for Sensitive Groups,2,18.4,91,1.4,24.1,40,1020.3,100,19.4,19.8,672.0,15.7,60.0,21.7
2026-03-09 14:00:00,2026,3,9,14,Hà Nội,Xã Tây Phương,21.0403672,105.6115528,106,Unhealthy for Sensitive Groups,2,18.4,89,0.9,21.9,47,1019.9,100,11.5,11.6,658.0,13.6,66.0,19.3
2026-03-09 15:00:00,2026,3,9,15,Hà Nội,Xã Tây Phương,21.0403672,105.6115528,103,Unhealthy for Sensitive Groups,2,17.9,89,0.8,21.7,42,1020.0,100,8.9,9.0,629.0,11.8,76.0,16.9
2026-03-09 16:00:00,2026,3,9,16,Hà Nội,Xã Tây Phương,21.0403672,105.6115528,100,Moderate,1,17.6,88,0.7,18.5,24,1020.9,100,10.0,10.0,608.0,12.3,80.0,16.3
2026-03-09 17:00:00,2026,3,9,17,Hà Nội,Xã Tây Phương,21.0403672,105.6115528,98,Moderate,1,16.9,84,0.7,16.2,17,1021.5,100,13.2,13.3,599.0,17.3,73.0,19.5
2026-03-09 18:00:00,2026,3,9,18,Hà Nội,Xã Tây Phương,21.0403672,105.6115528,96,Moderate,1,17.0,80,0.2,15.9,20,1021.9,100,18.0,18.0,597.0,24.5,60.0,24.5
2026-03-09 19:00:00,2026,3,9,19,Hà Nội,Xã Tây Phương,21.0403672,105.6115528,94,Moderate,1,18.3,72,0.0,13.2,31,1021.9,100,19.9,20.0,614.0,21.5,64.0,22.8
2026-03-09 20:00:00,2026,3,9,20,Hà Nội,Xã Tây Phương,21.0403672,105.6115528,93,Moderate,1,18.7,67,0.0,14.3,29,1022.6,100,18.4,18.5,670.0,19.3,66.0,21.0
2026-03-09 21:00:00,2026,3,9,21,Hà Nội,Xã Tây Phương,21.0403672,105.6115528,91,Moderate,1,18.6,64,0.0,13.5,19,1023.5,100,17.8,18.0,744.0,16.3,69.0,18.6
2026-03-09 22:00:00,2026,3,9,22,Hà Nội,Xã Tây Phương,21.0403672,105.6115528,89,Moderate,1,18.5,63,0.0,13.8,26,1024.2,100,18.4,18.6,782.0,14.3,71.0,16.9
2026-03-09 23:00:00,2026,3,9,23,Hà Nội,Xã Tây Phương,21.0403672,105.6115528,87,Moderate,1,18.5,62,0.0,15.4,30,1024.5,100,18.6,18.9,751.0,14.1,70.0,16.4
2026-03-10 00:00:00,2026,3,10,0,Hà Nội,Xã Tây Phương,21.0403672,105.6115528,85,Moderate,1,18.5,59,0.0,16.5,29,1024.6,100,18.3,18.6,683.0,14.8,68.0,16.6
2026-03-10 01:00:00,2026,3,10,1,Hà Nội,Xã Tây Phương,21.0403672,105.6115528,83,Moderate,1,18.5,59,0.0,17.6,27,1024.0,100,18.4,18.6,621.0,15.7,65.0,17.1
2026-03-10 02:00:00,2026,3,10,2,Hà Nội,Xã Tây Phương,21.0403672,105.6115528,81,Moderate,1,18.2,58,0.0,16.7,29,1023.7,100,19.0,19.2,574.0,16.4,62.0,17.8
2026-03-10 03:00:00,2026,3,10,3,Hà Nội,Xã Tây Phương,21.0403672,105.6115528,78,Moderate,1,17.9,59,0.0,12.6,27,1023.4,100,20.0,20.1,533.0,17.3,59.0,18.7
2026-03-10 04:00:00,2026,3,10,4,Hà Nội,Xã Tây Phương,21.0403672,105.6115528,76,Moderate,1,17.5,60,0.0,14.0,28,1023.2,100,19.8,20.0,510.0,18.5,57.0,20.2
2026-03-10 05:00:00,2026,3,10,5,Hà Nội,Xã Tây Phương,21.0403672,105.6115528,73,Moderate,1,17.3,60,0.0,16.1,30,1023.4,98,19.7,19.8,518.0,20.9,54.0,23.1
2026-03-10 06:00:00,2026,3,10,6,Hà Nội,Xã Tây Phương,21.0403672,105.6115528,71,Moderate,1,16.9,60,0.0,17.3,30,1023.6,98,20.4,20.5,545.0,23.7,51.0,26.5
2026-03-10 07:00:00,2026,3,10,7,Hà Nội,Xã Tây Phương,21.0403672,105.6115528,68,Moderate,1,16.8,60,0.0,14.3,34,1024.6,52,5.6,5.8,564.0,15.6,67.0,17.6
2026-03-10 08:00:00,2026,3,10,8,Hà Nội,Xã Tây Phương,21.0403672,105.6115528,65,Moderate,1,17.2,59,0.0,15.3,42,1025.0,45,5.0,5.3,564.0,13.3,73.0,16.6
2026-03-10 09:00:00,2026,3,10,9,Hà Nội,Xã Tây Phương,21.0403672,105.6115528,62,Moderate,1,17.9,58,0.0,14.0,42,1025.3,5,4.9,5.2,556.0,10.2,82.0,15.3
2026-03-10 10:00:00,2026,3,10,10,Hà Nội,Xã Tây Phương,21.0403672,105.6115528,60,Moderate,1,19.1,55,0.0,14.2,40,1024.9,2,5.4,5.4,546.0,7.6,93.0,14.4
2026-03-10 11:00:00,2026,3,10,11,Hà Nội,Xã Tây Phương,21.0403672,105.6115528,58,Moderate,1,20.6,53,0.0,12.4,31,1023.6,1,6.7,6.8,532.0,6.0,107.0,14.1
2026-03-10 12:00:00,2026,3,10,12,Hà Nội,Xã Tây Phương,21.0403672,105.6115528,56,Moderate,1,21.6,51,0.0,9.3,25,1021.9,0,8.3,8.3,517.0,5.0,124.0,14.1
2026-03-10 13:00:00,2026,3,10,13,Hà Nội,Xã Tây Phương,21.0403672,105.6115528,55,Moderate,1,21.8,53,0.0,8.0,6,1021.1,3,9.9,10.0,511.0,4.5,138.0,14.5
2026-03-10 14:00:00,2026,3,10,14,Hà Nội,Xã Tây Phương,21.0403672,105.6115528,54,Moderate,1,23.4,47,0.0,4.0,5,1019.7,97,11.6,11.7,510.0,3.2,150.0,14.5
2026-03-10 15:00:00,2026,3,10,15,Hà Nội,Xã Tây Phương,21.0403672,105.6115528,54,Moderate,1,25.8,43,0.0,4.8,211,1017.9,100,12.9,13.0,519.0,2.4,160.0,14.9
2026-03-10 16:00:00,2026,3,10,16,Hà Nội,Xã Tây Phương,21.0403672,105.6115528,64,Moderate,1,24.1,49,0.0,6.1,168,1017.5,80,14.3,14.4,566.0,6.4,159.0,17.7
2026-03-10 17:00:00,2026,3,10,17,Hà Nội,Xã Tây Phương,21.0403672,105.6115528,82,Moderate,1,22.0,60,0.0,8.8,91,1017.8,61,16.1,16.2,694.0,19.9,141.0,24.8
2026-03-10 18:00:00,2026,3,10,18,Hà Nội,Xã Tây Phương,21.0403672,105.6115528,95,Moderate,1,19.7,62,0.0,12.7,133,1017.5,2,32.6,32.7,860.0,38.1,113.0,34.3
2026-03-10 19:00:00,2026,3,10,19,Hà Nội,Xã Tây Phương,21.0403672,105.6115528,99,Moderate,1,18.9,65,0.0,10.1,130,1018.8,82,45.2,45.4,969.0,50.7,61.0,34.6
2026-03-10 20:00:00,2026,3,10,20,Hà Nội,Xã Tây Phương,21.0403672,105.6115528,89,Moderate,1,18.5,66,0.0,10.1,136,1019.0,20,53.2,53.4,973.0,51.0,57.0,37.8
2026-03-10 21:00:00,2026,3,10,21,Hà Nội,Xã Tây Phương,21.0403672,105.6115528,75,Moderate,1,17.9,71,0.0,9.9,161,1019.5,52,55.2,55.3,921.0,51.3,50.0,42.1
2026-03-10 22:00:00,2026,3,10,22,Hà Nội,Xã Tây Phương,21.0403672,105.6115528,65,Moderate,1,17.5,73,0.0,14.0,150,1020.3,33,54.5,54.7,859.0,50.9,45.0,44.6
2026-03-10 23:00:00,2026,3,10,23,Hà Nội,Xã Tây Phương,21.0403672,105.6115528,68,Moderate,1,16.6,81,0.0,13.6,154,1020.2,6,52.0,52.0,793.0,49.0,41.0,43.5
2026-03-11 00:00:00,2026,3,11,0,Hà Nội,Xã Tây Phương,21.0403672,105.6115528,71,Moderate,1,16.0,85,0.0,11.0,154,1020.0,8,46.9,47.0,718.0,46.2,38.0,40.6
2026-03-11 01:00:00,2026,3,11,1,Hà Nội,Xã Tây Phương,21.0403672,105.6115528,74,Moderate,1,15.6,88,0.0,7.5,147,1020.0,27,44.5,44.7,664.0,44.1,35.0,38.7
2026-03-11 02:00:00,2026,3,11,2,Hà Nội,Xã Tây Phương,21.0403672,105.6115528,76,Moderate,1,15.7,88,0.0,5.5,144,1019.5,32,44.1,44.7,632.0,42.8,33.0,38.5
2026-03-11 03:00:00,2026,3,11,3,Hà Nội,Xã Tây Phương,21.0403672,105.6115528,78,Moderate,1,15.3,91,0.0,4.6,135,1019.2,52,44.0,45.1,621.0,42.1,31.0,39.2
2026-03-11 04:00:00,2026,3,11,4,Hà Nội,Xã Tây Phương,21.0403672,105.6115528,81,Moderate,1,15.4,91,0.0,3.6,123,1018.9,77,44.8,46.3,660.0,42.4,30.0,41.7
2026-03-11 05:00:00,2026,3,11,5,Hà Nội,Xã Tây Phương,21.0403672,105.6115528,83,Moderate,1,15.2,93,0.0,3.2,93,1018.9,88,46.7,48.7,807.0,45.5,26.0,48.3
2026-03-11 06:00:00,2026,3,11,6,Hà Nội,Xã Tây Phương,21.0403672,105.6115528,85,Moderate,1,15.1,95,0.0,3.3,81,1019.1,80,49.0,51.5,1004.0,49.7,22.0,56.6
2026-03-11 07:00:00,2026,3,11,7,Hà Nội,Xã Tây Phương,21.0403672,105.6115528,88,Moderate,1,16.5,89,0.0,3.7,76,1019.7,100,57.3,59.8,1109.0,47.0,23.0,52.1
2026-03-11 08:00:00,2026,3,11,8,Hà Nội,Xã Tây Phương,21.0403672,105.6115528,92,Moderate,1,17.6,85,0.0,3.7,79,1020.3,99,48.2,48.9,1034.0,39.4,39.0,46.4
2026-03-11 09:00:00,2026,3,11,9,Hà Nội,Xã Tây Phương,21.0403672,105.6115528,96,Moderate,1,18.8,78,0.0,5.7,108,1020.4,90,39.5,40.2,868.0,28.9,61.0,38.5
2026-03-11 10:00:00,2026,3,11,10,Hà Nội,Xã Tây Phương,21.0403672,105.6115528,99,Moderate,1,19.6,75,0.0,6.7,124,1020.2,95,33.3,33.9,732.0,20.7,80.0,32.3
2026-03-11 11:00:00,2026,3,11,11,Hà Nội,Xã Tây Phương,21.0403672,105.6115528,102,Unhealthy for Sensitive Groups,2,20.2,72,0.0,8.2,130,1019.5,88,31.0,31.3,671.0,17.1,94.0,29.9
2026-03-11 12:00:00,2026,3,11,12,Hà Nội,Xã Tây Phương,21.0403672,105.6115528,104,Unhealthy for Sensitive Groups,2,21.1,67,0.0,7.0,130,1018.1,100,31.9,32.4,641.0,15.7,105.0,29.3
2026-03-11 13:00:00,2026,3,11,13,Hà Nội,Xã Tây Phương,21.0403672,105.6115528,107,Unhealthy for Sensitive Groups,2,20.7,67,0.0,5.2,115,1017.5,100,34.9,35.4,629.0,14.8,115.0,28.4
2026-03-11 14:00:00,2026,3,11,14,Hà Nội,Xã Tây Phương,21.0403672,105.6115528,110,Unhealthy for Sensitive Groups,2,20.9,67,0.0,4.2,95,1016.2,100,38.2,38.8,616.0,12.2,126.0,25.1
2026-03-11 15:00:00,2026,3,11,15,Hà Nội,Xã Tây Phương,21.0403672,105.6115528,112,Unhealthy for Sensitive Groups,2,21.5,66,0.0,4.2,95,1015.5,100,41.4,42.1,621.0,10.0,135.0,21.5
2026-03-11 16:00:00,2026,3,11,16,Hà Nội,Xã Tây Phương,21.0403672,105.6115528,115,Unhealthy for Sensitive Groups,2,21.2,66,0.0,6.5,95,1015.0,38,44.0,44.8,686.0,12.7,136.0,21.3
2026-03-11 17:00:00,2026,3,11,17,Hà Nội,Xã Tây Phương,21.0403672,105.6115528,118,Unhealthy for Sensitive Groups,2,21.0,66,0.0,7.1,97,1014.9,75,48.4,49.2,864.0,24.5,123.0,27.4
2026-03-11 18:00:00,2026,3,11,18,Hà Nội,Xã Tây Phương,21.0403672,105.6115528,122,Unhealthy for Sensitive Groups,2,19.5,77,0.0,3.8,115,1015.1,74,63.1,64.0,1103.0,41.2,102.0,36.9
2026-03-11 19:00:00,2026,3,11,19,Hà Nội,Xã Tây Phương,21.0403672,105.6115528,125,Unhealthy for Sensitive Groups,2,19.3,78,0.0,3.6,160,1015.9,30,83.6,84.1,1286.0,54.8,74.0,45.8
2026-03-11 20:00:00,2026,3,11,20,Hà Nội,Xã Tây Phương,21.0403672,105.6115528,129,Unhealthy for Sensitive Groups,2,18.6,80,0.0,4.0,198,1016.6,34,108.7,109.2,1358.0,57.2,63.0,49.7
2026-03-11 21:00:00,2026,3,11,21,Hà Nội,Xã Tây Phương,21.0403672,105.6115528,135,Unhealthy for Sensitive Groups,2,18.4,80,0.0,6.1,212,1017.0,77,106.6,107.1,1374.0,60.3,49.0,55.0
2026-03-11 22:00:00,2026,3,11,22,Hà Nội,Xã Tây Phương,21.0403672,105.6115528,140,Unhealthy for Sensitive Groups,2,18.1,83,0.0,3.8,188,1017.6,66,101.7,102.2,1389.0,61.7,37.0,58.1
2026-03-11 23:00:00,2026,3,11,23,Hà Nội,Xã Tây Phương,21.0403672,105.6115528,145,Unhealthy for Sensitive Groups,2,17.6,84,0.0,1.7,193,1017.5,73,101.0,101.5,1436.0,59.8,31.0,56.8
2026-03-12 00:00:00,2026,3,12,0,Hà Nội,Xã Tây Phương,21.0403672,105.6115528,150,Unhealthy for Sensitive Groups,2,17.5,85,0.0,1.0,158,1017.3,95,98.3,98.7,1482.0,56.0,28.0,53.4
2026-03-12 01:00:00,2026,3,12,1,Hà Nội,Xã Tây Phương,21.0403672,105.6115528,151,Unhealthy,3,18.1,84,0.0,4.5,130,1017.5,100,95.2,95.7,1479.0,52.4,26.0,50.3
2026-03-12 02:00:00,2026,3,12,2,Hà Nội,Xã Tây Phương,21.0403672,105.6115528,152,Unhealthy,3,18.2,86,0.0,6.2,123,1016.9,100,93.4,93.8,1373.0,49.3,25.0,48.4
2026-03-12 03:00:00,2026,3,12,3,Hà Nội,Xã Tây Phương,21.0403672,105.6115528,153,Unhealthy,3,18.0,89,0.0,3.7,113,1016.9,100,93.6,94.1,1220.0,46.3,24.0,47.0
2026-03-12 04:00:00,2026,3,12,4,Hà Nội,Xã Tây Phương,21.0403672,105.6115528,154,Unhealthy,3,17.9,90,0.0,3.3,131,1017.0,100,89.6,90.1,1135.0,43.9,24.0,46.3
2026-03-12 05:00:00,2026,3,12,5,Hà Nội,Xã Tây Phương,21.0403672,105.6115528,155,Unhealthy,3,17.9,92,0.0,2.4,163,1017.4,100,86.4,86.8,1208.0,43.0,21.0,46.9
2026-03-12 06:00:00,2026,3,12,6,Hà Nội,Xã Tây Phương,21.0403672,105.6115528,156,Unhealthy,3,18.0,91,0.0,0.2,360,1018.1,100,85.0,85.4,1350.0,42.8,19.0,48.3
2026-03-12 07:00:00,2026,3,12,7,Hà Nội,Xã Tây Phương,21.0403672,105.6115528,157,Unhealthy,3,18.2,90,0.0,1.2,321,1018.9,100,108.3,108.7,1412.0,57.3,17.0,74.9
2026-03-12 08:00:00,2026,3,12,8,Hà Nội,Xã Tây Phương,21.0403672,105.6115528,158,Unhealthy,3,18.9,88,0.0,1.8,11,1019.6,100,104.3,104.8,1314.0,53.0,26.0,75.9
2026-03-12 09:00:00,2026,3,12,9,Hà Nội,Xã Tây Phương,21.0403672,105.6115528,159,Unhealthy,3,19.9,84,0.0,1.2,27,1020.2,100,90.8,91.3,1136.0,46.7,40.0,76.8
2026-03-12 10:00:00,2026,3,12,10,Hà Nội,Xã Tây Phương,21.0403672,105.6115528,161,Unhealthy,3,21.4,75,0.0,4.2,47,1020.3,100,77.3,77.8,972.0,39.5,58.0,74.3
2026-03-12 11:00:00,2026,3,12,11,Hà Nội,Xã Tây Phương,21.0403672,105.6115528,162,Unhealthy,3,22.6,68,0.0,8.9,54,1019.5,100,60.1,60.5,849.0,30.5,83.0,65.4
2026-03-12 12:00:00,2026,3,12,12,Hà Nội,Xã Tây Phương,21.0403672,105.6115528,162,Unhealthy,3,23.4,63,0.0,7.9,63,1018.1,98,48.3,48.9,739.0,20.6,112.0,53.1
2026-03-12 13:00:00,2026,3,12,13,Hà Nội,Xã Tây Phương,21.0403672,105.6115528,163,Unhealthy,3,23.1,62,0.0,7.9,73,1017.4,83,45.1,45.6,653.0,13.6,134.0,43.2
2026-03-12 14:00:00,2026,3,12,14,Hà Nội,Xã Tây Phương,21.0403672,105.6115528,163,Unhealthy,3,23.9,57,0.0,8.5,97,1016.3,56,43.9,44.5,592.0,10.4,147.0,37.5
2026-03-12 15:00:00,2026,3,12,15,Hà Nội,Xã Tây Phương,21.0403672,105.6115528,163,Unhealthy,3,23.9,54,0.0,7.8,97,1015.6,45,43.8,44.4,555.0,10.1,152.0,34.3
2026-03-12 16:00:00,2026,3,12,16,Hà Nội,Xã Tây Phương,21.0403672,105.6115528,163,Unhealthy,3,23.9,53,0.0,7.0,100,1015.1,55,45.5,46.1,552.0,14.3,148.0,34.2
2026-03-12 17:00:00,2026,3,12,17,Hà Nội,Xã Tây Phương,21.0403672,105.6115528,163,Unhealthy,3,23.4,59,0.0,4.6,144,1014.7,98,50.5,51.1,606.0,26.5,128.0,38.9
2026-03-12 18:00:00,2026,3,12,18,Hà Nội,Xã Tây Phương,21.0403672,105.6115528,163,Unhealthy,3,21.2,65,0.0,6.0,187,1014.8,37,74.7,75.2,692.0,43.3,98.0,46.6
2026-03-12 19:00:00,2026,3,12,19,Hà Nội,Xã Tây Phương,21.0403672,105.6115528,163,Unhealthy,3,20.3,68,0.0,9.9,185,1016.3,20,110.8,112.0,750.0,72.2,47.0,51.9
2026-03-12 20:00:00,2026,3,12,20,Hà Nội,Xã Tây Phương,21.0403672,105.6115528,164,Unhealthy,3,19.7,71,0.0,9.3,172,1016.8,30,110.4,111.3,744.0,70.3,45.0,54.1
2026-03-12 21:00:00,2026,3,12,21,Hà Nội,Xã Tây Phương,21.0403672,105.6115528,164,Unhealthy,3,19.1,77,0.0,12.2,144,1017.4,9,116.6,117.6,709.0,67.8,41.0,57.1
2026-03-12 22:00:00,2026,3,12,22,Hà Nội,Xã Tây Phương,21.0403672,105.6115528,164,Unhealthy,3,18.6,79,0.0,10.3,157,1018.2,9,119.7,120.1,684.0,66.1,37.0,59.0
2026-03-12 23:00:00,2026,3,12,23,Hà Nội,Xã Tây Phương,21.0403672,105.6115528,164,Unhealthy,3,18.0,80,0.0,7.0,177,1018.8,37,122.9,123.4,688.0,66.0,32.0,58.4
2026-03-13 00:00:00,2026,3,13,0,Hà Nội,Xã Tây Phương,21.0403672,105.6115528,165,Unhealthy,3,17.6,80,0.0,5.6,187,1018.9,45,118.3,119.0,703.0,66.7,26.0,56.9
2026-03-13 01:00:00,2026,3,13,1,Hà Nội,Xã Tây Phương,21.0403672,105.6115528,165,Unhealthy,3,18.0,80,0.1,5.5,171,1018.8,65,115.7,116.6,715.0,67.5,21.0,56.9
2026-03-13 02:00:00,2026,3,13,2,Hà Nội,Xã Tây Phương,21.0403672,105.6115528,166,Unhealthy,3,18.3,78,0.2,0.9,101,1018.5,99,117.8,118.7,702.0,68.5,18.0,59.8
2026-03-13 03:00:00,2026,3,13,3,Hà Nội,Xã Tây Phương,21.0403672,105.6115528,166,Unhealthy,3,18.4,79,0.2,1.2,219,1018.2,100,117.6,118.5,687.0,69.5,17.0,64.3
2026-03-13 04:00:00,2026,3,13,4,Hà Nội,Xã Tây Phương,21.0403672,105.6115528,167,Unhealthy,3,18.2,81,0.1,3.6,233,1018.0,73,121.5,122.5,723.0,69.9,16.0,69.4
2026-03-13 05:00:00,2026,3,13,5,Hà Nội,Xã Tây Phương,21.0403672,105.6115528,168,Unhealthy,3,17.8,80,0.0,1.2,231,1018.6,45,123.4,124.8,881.0,70.4,14.0,76.7
2026-03-13 06:00:00,2026,3,13,6,Hà Nội,Xã Tây Phương,21.0403672,105.6115528,168,Unhealthy,3,17.8,78,0.0,0.5,360,1019.3,70,128.5,129.5,1090.0,70.1,12.0,84.5
2026-03-13 07:00:00,2026,3,13,7,Hà Nội,Xã Tây Phương,21.0403672,105.6115528,169,Unhealthy,3,17.9,90,0.0,2.6,326,1019.9,88,109.9,111.8,1188.0,55.9,28.0,69.5
2026-03-13 08:00:00,2026,3,13,8,Hà Nội,Xã Tây Phương,21.0403672,105.6115528,169,Unhealthy,3,19.5,83,0.0,3.1,3,1020.7,70,96.2,98.3,1069.0,47.3,47.0,65.4
2026-03-13 09:00:00,2026,3,13,9,Hà Nội,Xã Tây Phương,21.0403672,105.6115528,169,Unhealthy,3,21.0,72,0.0,3.8,3,1021.5,22,74.0,76.4,838.0,35.3,73.0,59.5
2026-03-13 10:00:00,2026,3,13,10,Hà Nội,Xã Tây Phương,21.0403672,105.6115528,169,Unhealthy,3,22.3,65,0.0,4.3,5,1021.4,5,54.0,56.5,654.0,25.0,99.0,52.7
2026-03-13 11:00:00,2026,3,13,11,Hà Nội,Xã Tây Phương,21.0403672,105.6115528,168,Unhealthy,3,23.5,56,0.0,4.4,60,1020.7,7,40.5,42.7,584.0,18.3,124.0,44.3
2026-03-13 12:00:00,2026,3,13,12,Hà Nội,Xã Tây Phương,21.0403672,105.6115528,168,Unhealthy,3,24.4,51,0.0,7.1,99,1019.1,16,35.4,37.0,559.0,13.3,149.0,35.1
2026-03-13 13:00:00,2026,3,13,13,Hà Nội,Xã Tây Phương,21.0403672,105.6115528,168,Unhealthy,3,24.5,46,0.0,14.7,123,1018.6,84,32.8,34.0,532.0,10.2,166.0,27.9
2026-03-13 14:00:00,2026,3,13,14,Hà Nội,Xã Tây Phương,21.0403672,105.6115528,167,Unhealthy,3,23.9,48,0.0,13.0,129,1017.3,42,33.2,34.2,477.0,8.8,171.0,23.8
2026-03-13 15:00:00,2026,3,13,15,Hà Nội,Xã Tây Phương,21.0403672,105.6115528,167,Unhealthy,3,24.2,45,0.0,13.9,128,1016.4,73,32.8,33.8,419.0,9.3,169.0,21.8
2026-03-13 16:00:00,2026,3,13,16,Hà Nội,Xã Tây Phương,21.0403672,105.6115528,167,Unhealthy,3,23.5,52,0.0,12.5,129,1016.5,41,31.5,32.5,391.0,12.1,160.0,21.5
2026-03-13 17:00:00,2026,3,13,17,Hà Nội,Xã Tây Phương,21.0403672,105.6115528,167,Unhealthy,3,22.7,55,0.0,10.8,150,1016.2,23,31.9,32.7,414.0,18.8,143.0,23.7
2026-03-13 18:00:00,2026,3,13,18,Hà Nội,Xã Tây Phương,21.0403672,105.6115528,166,Unhealthy,3,21.2,62,0.0,13.7,147,1016.7,13,34.5,35.3,467.0,27.9,120.0,27.6
2026-03-13 19:00:00,2026,3,13,19,Hà Nội,Xã Tây Phương,21.0403672,105.6115528,165,Unhealthy,3,20.7,68,0.0,10.8,132,1017.9,53,55.9,57.4,516.0,41.6,89.0,35.3
2026-03-13 20:00:00,2026,3,13,20,Hà Nội,Xã Tây Phương,21.0403672,105.6115528,164,Unhealthy,3,19.8,75,0.0,7.4,129,1018.7,43,57.4,58.9,554.0,42.4,80.0,36.3
2026-03-13 21:00:00,2026,3,13,21,Hà Nội,Xã Tây Phương,21.0403672,105.6115528,163,Unhealthy,3,19.1,79,0.0,6.4,153,1019.5,100,58.6,60.1,589.0,43.5,68.0,37.7
2026-03-13 22:00:00,2026,3,13,22,Hà Nội,Xã Tây Phương,21.0403672,105.6115528,162,Unhealthy,3,19.5,78,0.0,8.8,157,1019.4,100,61.0,62.4,609.0,44.7,58.0,39.2
2026-03-13 23:00:00,2026,3,13,23,Hà Nội,Xã Tây Phương,21.0403672,105.6115528,160,Unhealthy,3,19.6,78,0.0,7.7,162,1019.4,100,64.3,65.9,606.0,45.8,52.0,40.4
2026-03-14 00:00:00,2026,3,14,0,Hà Nội,Xã Tây Phương,21.0403672,105.6115528,159,Unhealthy,3,19.5,79,0.0,4.9,176,1019.5,100,68.0,70.1,590.0,46.9,48.0,41.6
2026-03-14 01:00:00,2026,3,14,1,Hà Nội,Xã Tây Phương,21.0403672,105.6115528,158,Unhealthy,3,19.4,83,0.0,3.9,158,1019.1,100,71.2,75.7,575.0,48.1,44.0,43.4
2026-03-14 02:00:00,2026,3,14,2,Hà Nội,Xã Tây Phương,21.0403672,105.6115528,157,Unhealthy,3,19.5,81,0.0,4.1,139,1018.4,100,73.8,81.0,558.0,49.5,40.0,46.4
2026-03-14 03:00:00,2026,3,14,3,Hà Nội,Xã Tây Phương,21.0403672,105.6115528,156,Unhealthy,3,19.1,83,0.0,4.2,126,1018.2,100,77.8,86.8,544.0,50.9,37.0,50.0
2026-03-14 04:00:00,2026,3,14,4,Hà Nội,Xã Tây Phương,21.0403672,105.6115528,155,Unhealthy,3,19.0,85,0.0,4.9,144,1018.1,100,83.8,93.6,558.0,52.4,34.0,53.3
2026-03-14 05:00:00,2026,3,14,5,Hà Nội,Xã Tây Phương,21.0403672,105.6115528,154,Unhealthy,3,18.9,86,0.0,4.3,156,1018.3,100,89.9,99.9,640.0,54.8,28.0,57.1
2026-03-14 06:00:00,2026,3,14,6,Hà Nội,Xã Tây Phương,21.0403672,105.6115528,154,Unhealthy,3,18.8,87,0.1,4.7,152,1019.4,100,91.0,101.0,752.0,57.1,21.0,60.6
2026-03-14 07:00:00,2026,3,14,7,Hà Nội,Xã Tây Phương,21.0403672,105.6115528,153,Unhealthy,3,18.9,87,0.2,2.8,117,1020.0,100,81.7,91.7,804.0,59.9,32.0,65.2
2026-03-14 08:00:00,2026,3,14,8,Hà Nội,Xã Tây Phương,21.0403672,105.6115528,152,Unhealthy,3,19.4,85,0.2,3.0,115,1020.7,100,57.3,66.1,744.0,52.5,46.0,56.3
2026-03-14 09:00:00,2026,3,14,9,Hà Nội,Xã Tây Phương,21.0403672,105.6115528,151,Unhealthy,3,19.9,85,0.0,2.9,97,1021.3,94,40.6,46.8,624.0,42.2,66.0,44.0
2026-03-14 10:00:00,2026,3,14,10,Hà Nội,Xã Tây Phương,21.0403672,105.6115528,151,Unhealthy,3,21.2,76,0.2,12.2,107,1021.3,89,34.6,39.7,513.0,33.7,82.0,34.0
2026-03-14 11:00:00,2026,3,14,11,Hà Nội,Xã Tây Phương,21.0403672,105.6115528,150,Unhealthy for Sensitive Groups,2,22.2,72,0.1,13.7,123,1020.6,95,30.9,35.4,426.0,29.3,90.0,28.8
2026-03-14 12:00:00,2026,3,14,12,Hà Nội,Xã Tây Phương,21.0403672,105.6115528,150,Unhealthy for Sensitive Groups,2,23.2,69,0.2,14.3,132,1019.2,84,29.7,34.0,347.0,26.7,94.0,25.9
2026-03-14 13:00:00,2026,3,14,13,Hà Nội,Xã Tây Phương,21.0403672,105.6115528,149,Unhealthy for Sensitive Groups,2,23.4,63,0.4,13.0,135,1019.1,100,25.9,28.6,301.0,24.3,98.0,23.4
2026-03-14 14:00:00,2026,3,14,14,Hà Nội,Xã Tây Phương,21.0403672,105.6115528,148,Unhealthy for Sensitive Groups,2,22.6,67,0.0,14.4,138,1018.2,100,24.9,27.0,302.0,20.7,104.0,20.3
2026-03-14 15:00:00,2026,3,14,15,Hà Nội,Xã Tây Phương,21.0403672,105.6115528,148,Unhealthy for Sensitive Groups,2,22.1,70,0.0,12.5,141,1017.4,100,22.7,24.6,334.0,17.2,110.0,17.7
2026-03-14 16:00:00,2026,3,14,16,Hà Nội,Xã Tây Phương,21.0403672,105.6115528,147,Unhealthy for Sensitive Groups,2,22.2,70,0.0,12.5,141,1016.8,100,23.1,25.2,376.0,16.5,111.0,16.8
2026-03-14 17:00:00,2026,3,14,17,Hà Nội,Xã Tây Phương,21.0403672,105.6115528,146,Unhealthy for Sensitive Groups,2,22.2,69,0.0,11.1,138,1016.3,98,23.7,26.1,429.0,20.7,103.0,18.5
2026-03-14 18:00:00,2026,3,14,18,Hà Nội,Xã Tây Phương,21.0403672,105.6115528,145,Unhealthy for Sensitive Groups,2,21.9,69,0.0,10.7,136,1017.0,94,26.7,29.2,492.0,27.7,91.0,21.9
2026-03-14 19:00:00,2026,3,14,19,Hà Nội,Xã Tây Phương,21.0403672,105.6115528,144,Unhealthy for Sensitive Groups,2,20.6,77,0.0,9.5,117,1018.1,43,49.5,53.3,534.0,47.0,54.0,34.1
2026-03-14 20:00:00,2026,3,14,20,Hà Nội,Xã Tây Phương,21.0403672,105.6115528,143,Unhealthy for Sensitive Groups,2,20.1,79,0.0,12.6,128,1018.8,20,51.5,55.3,540.0,48.9,49.0,36.2
2026-03-14 21:00:00,2026,3,14,21,Hà Nội,Xã Tây Phương,21.0403672,105.6115528,143,Unhealthy for Sensitive Groups,2,19.6,81,0.0,10.3,144,1019.3,26,52.2,57.4,524.0,51.6,42.0,39.1
2026-03-14 22:00:00,2026,3,14,22,Hà Nội,Xã Tây Phương,21.0403672,105.6115528,142,Unhealthy for Sensitive Groups,2,19.1,84,0.0,8.4,171,1019.8,99,55.3,61.7,505.0,54.5,35.0,42.1
2026-03-14 23:00:00,2026,3,14,23,Hà Nội,Xã Tây Phương,21.0403672,105.6115528,141,Unhealthy for Sensitive Groups,2,19.2,84,0.0,9.7,165,1019.2,1,59.8,67.1,484.0,57.7,30.0,45.0
2026-03-15 00:00:00,2026,3,15,0,Hà Nội,Xã Tây Phương,21.0403672,105.6115528,141,Unhealthy for Sensitive Groups,2,18.3,89,0.0,7.1,170,1018.8,34,64.3,71.9,459.0,61.0,25.0,47.9
2026-03-15 01:00:00,2026,3,15,1,Hà Nội,Xã Tây Phương,21.0403672,105.6115528,141,Unhealthy for Sensitive Groups,2,18.6,90,0.0,3.6,180,1018.7,100,69.4,77.5,439.0,63.5,21.0,50.5
2026-03-15 02:00:00,2026,3,15,2,Hà Nội,Xã Tây Phương,21.0403672,105.6115528,140,Unhealthy for Sensitive Groups,2,19.4,87,0.0,4.1,165,1018.0,100,74.3,82.9,426.0,64.6,19.0,52.9
2026-03-15 03:00:00,2026,3,15,3,Hà Nội,Xã Tây Phương,21.0403672,105.6115528,140,Unhealthy for Sensitive Groups,2,19.5,87,0.0,4.2,185,1017.9,100,76.6,85.9,418.0,64.8,17.0,55.0
2026-03-15 04:00:00,2026,3,15,4,Hà Nội,Xã Tây Phương,21.0403672,105.6115528,140,Unhealthy for Sensitive Groups,2,19.4,88,0.0,3.3,151,1017.8,99,77.8,87.3,416.0,64.4,17.0,56.4
2026-03-15 05:00:00,2026,3,15,5,Hà Nội,Xã Tây Phương,21.0403672,105.6115528,140,Unhealthy for Sensitive Groups,2,18.1,93,0.0,4.6,121,1018.3,36,78.5,88.0,425.0,64.1,16.0,57.3
2026-03-15 06:00:00,2026,3,15,6,Hà Nội,Xã Tây Phương,21.0403672,105.6115528,139,Unhealthy for Sensitive Groups,2,18.0,94,0.0,5.3,123,1018.7,53,76.4,86.4,440.0,63.2,15.0,57.5
2026-03-15 07:00:00,2026,3,15,7,Hà Nội,Xã Tây Phương,21.0403672,105.6115528,137,Unhealthy for Sensitive Groups,2,19.0,92,0.0,5.8,88,1019.0,96,91.7,102.2,448.0,56.8,19.0,55.1
2026-03-15 08:00:00,2026,3,15,8,Hà Nội,Xã Tây Phương,21.0403672,105.6115528,138,Unhealthy for Sensitive Groups,2,20.6,84,0.0,5.1,84,1020.0,91,69.6,79.6,444.0,48.3,37.0,49.6
2026-03-15 09:00:00,2026,3,15,9,Hà Nội,Xã Tây Phương,21.0403672,105.6115528,139,Unhealthy for Sensitive Groups,2,21.8,80,0.0,8.2,113,1020.8,71,49.4,56.8,432.0,36.5,62.0,42.1
2026-03-15 10:00:00,2026,3,15,10,Hà Nội,Xã Tây Phương,21.0403672,105.6115528,140,Unhealthy for Sensitive Groups,2,23.2,73,0.1,10.2,129,1020.5,60,38.6,44.6,414.0,26.7,84.0,35.9
2026-03-15 11:00:00,2026,3,15,11,Hà Nội,Xã Tây Phương,21.0403672,105.6115528,141,Unhealthy for Sensitive Groups,2,24.4,69,0.1,12.0,133,1019.3,100,35.2,39.5,383.0,20.9,100.0,32.7
2026-03-15 12:00:00,2026,3,15,12,Hà Nội,Xã Tây Phương,21.0403672,105.6115528,141,Unhealthy for Sensitive Groups,2,24.4,68,0.0,12.1,137,1018.0,100,31.7,34.5,346.0,17.1,114.0,30.9
2026-03-15 13:00:00,2026,3,15,13,Hà Nội,Xã Tây Phương,21.0403672,105.6115528,141,Unhealthy for Sensitive Groups,2,24.3,67,0.0,12.4,141,1017.7,83,29.8,32.1,321.0,14.5,125.0,29.5
2026-03-15 14:00:00,2026,3,15,14,Hà Nội,Xã Tây Phương,21.0403672,105.6115528,142,Unhealthy for Sensitive Groups,2,24.7,65,0.1,14.0,132,1016.4,66,30.0,31.9,313.0,12.2,136.0,28.0
2026-03-15 15:00:00,2026,3,15,15,Hà Nội,Xã Tây Phương,21.0403672,105.6115528,142,Unhealthy for Sensitive Groups,2,23.9,70,0.1,16.2,126,1015.4,55,30.4,32.0,317.0,11.1,143.0,27.0
2026-03-15 16:00:00,2026,3,15,16,Hà Nội,Xã Tây Phương,21.0403672,105.6115528,143,Unhealthy for Sensitive Groups,2,23.6,71,0.0,16.3,131,1015.0,42,30.4,31.8,335.0,12.7,142.0,27.0
2026-03-15 17:00:00,2026,3,15,17,Hà Nội,Xã Tây Phương,21.0403672,105.6115528,144,Unhealthy for Sensitive Groups,2,23.2,73,0.0,14.7,138,1014.8,46,32.2,33.5,376.0,18.9,124.0,28.7
2026-03-15 18:00:00,2026,3,15,18,Hà Nội,Xã Tây Phương,21.0403672,105.6115528,145,Unhealthy for Sensitive Groups,2,22.1,77,0.0,10.3,140,1015.3,70,37.4,38.9,430.0,27.7,98.0,31.4
2026-03-15 19:00:00,2026,3,15,19,Hà Nội,Xã Tây Phương,21.0403672,105.6115528,146,Unhealthy for Sensitive Groups,2,21.6,84,0.0,13.3,138,1015.9,66,43.9,45.3,469.0,44.5,55.0,39.4
2026-03-15 20:00:00,2026,3,15,20,Hà Nội,Xã Tây Phương,21.0403672,105.6115528,145,Unhealthy for Sensitive Groups,2,21.0,87,0.0,13.6,139,1016.4,7,46.4,48.2,482.0,47.7,47.0,41.0
2026-03-15 21:00:00,2026,3,15,21,Hà Nội,Xã Tây Phương,21.0403672,105.6115528,145,Unhealthy for Sensitive Groups,2,20.2,92,0.0,10.7,151,1017.5,23,49.6,51.8,479.0,52.1,35.0,43.3
2026-03-15 22:00:00,2026,3,15,22,Hà Nội,Xã Tây Phương,21.0403672,105.6115528,144,Unhealthy for Sensitive Groups,2,19.9,94,0.0,11.0,145,1017.4,20,54.5,56.8,471.0,55.3,26.0,44.8
2026-03-15 23:00:00,2026,3,15,23,Hà Nội,Xã Tây Phương,21.0403672,105.6115528,144,Unhealthy for Sensitive Groups,2,19.5,96,0.0,10.4,150,1017.2,28,57.6,60.3,455.0,56.4,22.0,45.0
2026-03-16 00:00:00,2026,3,16,0,Hà Nội,Xã Tây Phương,21.0403672,105.6115528,144,Unhealthy for Sensitive Groups,2,19.5,97,0.0,10.9,147,1016.9,35,55.9,58.9,432.0,56.4,21.0,44.5
2026-03-16 01:00:00,2026,3,16,1,Hà Nội,Xã Tây Phương,21.0403672,105.6115528,143,Unhealthy for Sensitive Groups,2,19.8,97,0.0,10.6,130,1015.9,16,53.6,57.3,416.0,55.7,20.0,43.8
2026-03-16 02:00:00,2026,3,16,2,Hà Nội,Xã Tây Phương,21.0403672,105.6115528,142,Unhealthy for Sensitive Groups,2,19.6,98,0.0,10.6,132,1015.3,32,52.4,56.8,409.0,54.2,20.0,43.0
2026-03-16 03:00:00,2026,3,16,3,Hà Nội,Xã Tây Phương,21.0403672,105.6115528,139,Unhealthy for Sensitive Groups,2,19.5,98,0.0,9.9,134,1014.6,58,52.7,57.0,410.0,51.9,20.0,42.0
2026-03-16 04:00:00,2026,3,16,4,Hà Nội,Xã Tây Phương,21.0403672,105.6115528,137,Unhealthy for Sensitive Groups,2,19.4,99,0.0,11.6,137,1014.1,88,56.5,60.3,423.0,49.6,20.0,41.5
2026-03-16 05:00:00,2026,3,16,5,Hà Nội,Xã Tây Phương,21.0403672,105.6115528,135,Unhealthy for Sensitive Groups,2,19.2,98,0.0,11.0,138,1014.2,91,66.1,67.8,470.0,48.0,17.0,42.4
2026-03-16 06:00:00,2026,3,16,6,Hà Nội,Xã Tây Phương,21.0403672,105.6115528,133,Unhealthy for Sensitive Groups,2,19.1,98,0.0,10.1,134,1014.9,100,75.2,77.1,530.0,46.4,14.0,43.8
2026-03-16 07:00:00,2026,3,16,7,Hà Nội,Xã Tây Phương,21.0403672,105.6115528,133,Unhealthy for Sensitive Groups,2,19.4,98,0.0,11.6,133,1015.9,99,53.7,56.6,548.0,42.0,35.0,44.2
2026-03-16 08:00:00,2026,3,16,8,Hà Nội,Xã Tây Phương,21.0403672,105.6115528,129,Unhealthy for Sensitive Groups,2,20.8,91,0.0,13.6,144,1016.8,88,45.1,48.2,484.0,35.6,49.0,40.2
2026-03-16 09:00:00,2026,3,16,9,Hà Nội,Xã Tây Phương,21.0403672,105.6115528,127,Unhealthy for Sensitive Groups,2,22.5,80,0.0,14.3,159,1017.1,44,38.9,41.7,378.0,26.7,69.0,34.7
2026-03-16 10:00:00,2026,3,16,10,Hà Nội,Xã Tây Phương,21.0403672,105.6115528,126,Unhealthy for Sensitive Groups,2,24.1,71,0.0,16.2,163,1016.9,87,29.1,31.2,294.0,19.2,86.0,29.8
2026-03-16 11:00:00,2026,3,16,11,Hà Nội,Xã Tây Phương,21.0403672,105.6115528,125,Unhealthy for Sensitive Groups,2,25.3,65,0.0,17.8,167,1016.1,69,26.7,28.6,259.0,14.6,99.0,26.3
2026-03-16 12:00:00,2026,3,16,12,Hà Nội,Xã Tây Phương,21.0403672,105.6115528,124,Unhealthy for Sensitive Groups,2,26.1,61,0.0,17.0,167,1014.7,100,25.0,26.7,246.0,11.4,110.0,23.4
2026-03-16 13:00:00,2026,3,16,13,Hà Nội,Xã Tây Phương,21.0403672,105.6115528,123,Unhealthy for Sensitive Groups,2,26.4,58,0.0,16.5,169,1014.2,37,21.4,22.7,239.0,9.3,118.0,21.6
2026-03-16 14:00:00,2026,3,16,14,Hà Nội,Xã Tây Phương,21.0403672,105.6115528,122,Unhealthy for Sensitive Groups,2,26.5,58,0.1,17.1,158,1012.9,25,19.9,21.2,233.0,8.0,125.0,20.9
2026-03-16 15:00:00,2026,3,16,15,Hà Nội,Xã Tây Phương,21.0403672,105.6115528,121,Unhealthy for Sensitive Groups,2,26.2,60,0.0,19.0,155,1011.6,38,20.3,21.7,234.0,7.8,130.0,21.2
2026-03-16 16:00:00,2026,3,16,16,Hà Nội,Xã Tây Phương,21.0403672,105.6115528,120,Unhealthy for Sensitive Groups,2,25.5,63,0.0,22.1,152,1011.0,16,21.4,22.8,241.0,9.5,128.0,22.3
2026-03-16 17:00:00,2026,3,16,17,Hà Nội,Xã Tây Phương,21.0403672,105.6115528,119,Unhealthy for Sensitive Groups,2,24.7,67,0.0,21.2,151,1010.6,3,21.1,22.4,258.0,14.5,114.0,24.6
2026-03-16 18:00:00,2026,3,16,18,Hà Nội,Xã Tây Phương,21.0403672,105.6115528,118,Unhealthy for Sensitive Groups,2,23.5,71,0.0,20.9,148,1010.9,2,22.4,23.5,281.0,21.3,94.0,27.6
2026-03-16 19:00:00,2026,3,16,19,Hà Nội,Xã Tây Phương,21.0403672,105.6115528,116,Unhealthy for Sensitive Groups,2,23.0,75,0.0,20.9,148,1011.2,8,25.2,27.4,298.0,29.4,77.0,32.8
2026-03-16 20:00:00,2026,3,16,20,Hà Nội,Xã Tây Phương,21.0403672,105.6115528,114,Unhealthy for Sensitive Groups,2,22.3,77,0.0,19.9,150,1012.5,3,23.3,26.0,303.0,29.6,73.0,33.4
2026-03-16 21:00:00,2026,3,16,21,Hà Nội,Xã Tây Phương,21.0403672,105.6115528,112,Unhealthy for Sensitive Groups,2,21.6,80,0.0,19.7,152,1013.2,1,22.5,25.3,301.0,29.8,66.0,34.2
2026-03-16 22:00:00,2026,3,16,22,Hà Nội,Xã Tây Phương,21.0403672,105.6115528,109,Unhealthy for Sensitive Groups,2,21.1,84,0.0,18.4,155,1013.8,2,22.9,25.9,297.0,30.0,61.0,34.4
2026-03-16 23:00:00,2026,3,16,23,Hà Nội,Xã Tây Phương,21.0403672,105.6115528,106,Unhealthy for Sensitive Groups,2,20.7,86,0.0,18.2,157,1013.8,5,23.7,26.9,290.0,30.1,58.0,33.4
2026-03-17 00:00:00,2026,3,17,0,Hà Nội,Xã Tây Phương,21.0403672,105.6115528,102,Unhealthy for Sensitive Groups,2,20.4,88,0.0,15.8,154,1013.4,2,23.9,27.2,279.0,30.2,56.0,31.9
2026-03-17 01:00:00,2026,3,17,1,Hà Nội,Xã Tây Phương,21.0403672,105.6115528,99,Moderate,1,20.4,90,0.0,14.4,150,1012.7,5,24.9,28.4,269.0,30.4,54.0,30.8
2026-03-17 02:00:00,2026,3,17,2,Hà Nội,Xã Tây Phương,21.0403672,105.6115528,97,Moderate,1,20.1,92,0.0,14.7,151,1012.2,5,26.1,29.8,256.0,30.6,52.0,30.5
2026-03-17 03:00:00,2026,3,17,3,Hà Nội,Xã Tây Phương,21.0403672,105.6115528,94,Moderate,1,19.8,94,0.0,13.8,152,1011.5,13,27.2,31.1,244.0,30.8,50.0,30.6
2026-03-17 04:00:00,2026,3,17,4,Hà Nội,Xã Tây Phương,21.0403672,105.6115528,92,Moderate,1,19.7,95,0.0,14.1,152,1011.5,9,27.6,31.5,245.0,31.3,48.0,31.1
2026-03-17 05:00:00,2026,3,17,5,Hà Nội,Xã Tây Phương,21.0403672,105.6115528,90,Moderate,1,19.6,96,0.0,15.3,152,1011.8,8,28.2,31.9,276.0,33.3,45.0,32.8
2026-03-17 06:00:00,2026,3,17,6,Hà Nội,Xã Tây Phương,21.0403672,105.6115528,86,Moderate,1,19.6,96,0.0,14.7,155,1012.5,13,29.3,33.1,320.0,35.6,42.0,35.0
2026-03-17 07:00:00,2026,3,17,7,Hà Nội,Xã Tây Phương,21.0403672,105.6115528,82,Moderate,1,20.6,93,0.0,16.3,151,1013.0,9,30.2,34.3,339.0,33.1,49.0,33.8
2026-03-17 08:00:00,2026,3,17,8,Hà Nội,Xã Tây Phương,21.0403672,105.6115528,80,Moderate,1,22.5,84,0.0,19.9,162,1013.5,10,25.6,30.2,307.0,27.7,59.0,30.4
2026-03-17 09:00:00,2026,3,17,9,Hà Nội,Xã Tây Phương,21.0403672,105.6115528,78,Moderate,1,24.0,75,0.0,22.9,170,1014.1,27,24.0,29.0,250.0,20.2,73.0,25.6
2026-03-17 10:00:00,2026,3,17,10,Hà Nội,Xã Tây Phương,21.0403672,105.6115528,77,Moderate,1,25.4,68,0.0,22.1,171,1014.0,30,19.3,23.6,211.0,14.2,86.0,21.8
2026-03-17 11:00:00,2026,3,17,11,Hà Nội,Xã Tây Phương,21.0403672,105.6115528,76,Moderate,1,26.6,61,0.0,20.6,170,1013.3,32,19.2,23.4,210.0,11.2,96.0,19.5
2026-03-17 12:00:00,2026,3,17,12,Hà Nội,Xã Tây Phương,21.0403672,105.6115528,75,Moderate,1,27.6,57,0.0,19.8,170,1012.1,98,18.9,21.9,226.0,9.7,105.0,18.1
2026-03-17 13:00:00,2026,3,17,13,Hà Nội,Xã Tây Phương,21.0403672,105.6115528,75,Moderate,1,27.2,58,0.0,18.0,166,1011.5,96,20.0,22.4,238.0,9.1,111.0,17.9
2026-03-17 14:00:00,2026,3,17,14,Hà Nội,Xã Tây Phương,21.0403672,105.6115528,75,Moderate,1,27.4,58,0.0,20.0,152,1010.2,47,21.8,24.0,237.0,8.9,116.0,19.3
2026-03-17 15:00:00,2026,3,17,15,Hà Nội,Xã Tây Phương,21.0403672,105.6115528,75,Moderate,1,27.3,59,0.0,20.9,151,1009.3,27,23.7,25.7,232.0,9.6,118.0,21.9
2026-03-17 16:00:00,2026,3,17,16,Hà Nội,Xã Tây Phương,21.0403672,105.6115528,75,Moderate,1,26.1,67,0.0,26.3,143,1008.6,16,25.3,27.1,231.0,11.8,115.0,24.5
2026-03-17 17:00:00,2026,3,17,17,Hà Nội,Xã Tây Phương,21.0403672,105.6115528,76,Moderate,1,25.0,70,0.0,22.5,147,1009.1,22,25.6,27.0,239.0,16.9,101.0,27.1
2026-03-17 18:00:00,2026,3,17,18,Hà Nội,Xã Tây Phương,21.0403672,105.6115528,76,Moderate,1,23.8,72,0.0,21.9,149,1009.8,21,24.7,26.0,252.0,23.6,81.0,29.8
2026-03-17 19:00:00,2026,3,17,19,Hà Nội,Xã Tây Phương,21.0403672,105.6115528,76,Moderate,1,23.6,74,0.0,21.8,151,1010.3,20,25.1,27.6,263.0,31.0,60.0,33.3
2026-03-17 20:00:00,2026,3,17,20,Hà Nội,Xã Tây Phương,21.0403672,105.6115528,76,Moderate,1,22.9,78,0.0,19.2,153,1011.1,13,23.0,25.7,271.0,30.7,57.0,33.8
2026-03-17 21:00:00,2026,3,17,21,Hà Nội,Xã Tây Phương,21.0403672,105.6115528,76,Moderate,1,22.4,82,0.0,18.1,153,1012.0,0,21.8,24.5,277.0,30.3,53.0,34.6
2026-03-17 22:00:00,2026,3,17,22,Hà Nội,Xã Tây Phương,21.0403672,105.6115528,76,Moderate,1,21.9,86,0.0,14.6,156,1012.9,2,21.9,24.7,278.0,30.4,49.0,34.9
2026-03-17 23:00:00,2026,3,17,23,Hà Nội,Xã Tây Phương,21.0403672,105.6115528,76,Moderate,1,21.4,89,0.0,11.8,152,1013.1,6,22.8,25.7,270.0,31.2,45.0,34.4
2026-03-18 00:00:00,2026,3,18,0,Hà Nội,Xã Tây Phương,21.0403672,105.6115528,76,Moderate,1,21.0,91,0.0,12.3,150,1012.5,14,23.6,26.7,257.0,32.5,40.0,33.5
2026-03-18 01:00:00,2026,3,18,1,Hà Nội,Xã Tây Phương,21.0403672,105.6115528,76,Moderate,1,21.0,93,0.0,13.6,145,1011.5,14,25.5,28.7,248.0,33.9,36.0,32.9
2026-03-18 02:00:00,2026,3,18,2,Hà Nội,Xã Tây Phương,21.0403672,105.6115528,76,Moderate,1,21.0,93,0.0,11.3,147,1010.7,9,27.3,30.5,231.0,35.4,31.0,32.5
2026-03-18 03:00:00,2026,3,18,3,Hà Nội,Xã Tây Phương,21.0403672,105.6115528,76,Moderate,1,20.8,94,0.0,10.8,147,1010.6,4,29.5,32.8,218.0,37.0,27.0,32.4
2026-03-18 04:00:00,2026,3,18,4,Hà Nội,Xã Tây Phương,21.0403672,105.6115528,76,Moderate,1,20.4,95,0.0,8.8,137,1011.0,7,32.9,36.6,254.0,38.6,23.0,33.6
2026-03-18 05:00:00,2026,3,18,5,Hà Nội,Xã Tây Phương,21.0403672,105.6115528,77,Moderate,1,20.0,96,0.0,8.4,137,1011.3,4,37.7,41.3,401.0,40.7,20.0,37.5
2026-03-18 06:00:00,2026,3,18,6,Hà Nội,Xã Tây Phương,21.0403672,105.6115528,78,Moderate,1,19.8,97,0.0,6.8,138,1011.9,5,42.7,47.0,597.0,42.7,18.0,42.7
2026-03-18 07:00:00,2026,3,18,7,Hà Nội,Xã Tây Phương,21.0403672,105.6115528,79,Moderate,1,20.5,95,0.0,7.5,134,1013.2,4,52.6,57.7,699.0,46.0,13.0,48.3
2026-03-18 08:00:00,2026,3,18,8,Hà Nội,Xã Tây Phương,21.0403672,105.6115528,81,Moderate,1,22.3,89,0.0,6.4,153,1014.2,4,47.6,53.9,615.0,41.8,23.0,47.1
2026-03-18 09:00:00,2026,3,18,9,Hà Nội,Xã Tây Phương,21.0403672,105.6115528,83,Moderate,1,24.0,79,0.0,6.2,173,1014.8,42,44.9,51.5,437.0,35.9,38.0,45.2
2026-03-18 10:00:00,2026,3,18,10,Hà Nội,Xã Tây Phương,21.0403672,105.6115528,85,Moderate,1,25.4,74,0.1,5.9,178,1015.0,100,42.3,46.8,297.0,30.7,51.0,43.0
2026-03-18 11:00:00,2026,3,18,11,Hà Nội,Xã Tây Phương,21.0403672,105.6115528,87,Moderate,1,26.2,71,0.1,7.9,169,1013.9,100,41.4,45.4,251.0,27.1,62.0,40.0
2026-03-18 12:00:00,2026,3,18,12,Hà Nội,Xã Tây Phương,21.0403672,105.6115528,89,Moderate,1,26.6,69,0.0,8.9,159,1012.8,100,44.0,47.8,245.0,24.3,72.0,36.6
2026-03-18 13:00:00,2026,3,18,13,Hà Nội,Xã Tây Phương,21.0403672,105.6115528,91,Moderate,1,27.1,66,0.0,11.7,142,1011.8,100,44.1,47.6,244.0,22.3,80.0,34.1
2026-03-18 14:00:00,2026,3,18,14,Hà Nội,Xã Tây Phương,21.0403672,105.6115528,93,Moderate,1,27.1,66,0.0,14.3,137,1010.7,59,44.8,48.2,239.0,20.8,88.0,33.1
2026-03-18 15:00:00,2026,3,18,15,Hà Nội,Xã Tây Phương,21.0403672,105.6115528,95,Moderate,1,27.6,64,0.0,14.7,141,1009.8,79,44.0,47.0,240.0,20.1,94.0,33.0
2026-03-18 16:00:00,2026,3,18,16,Hà Nội,Xã Tây Phương,21.0403672,105.6115528,97,Moderate,1,27.0,68,0.0,18.9,143,1009.8,44,42.3,45.1,248.0,21.3,94.0,33.4
2026-03-18 17:00:00,2026,3,18,17,Hà Nội,Xã Tây Phương,21.0403672,105.6115528,98,Moderate,1,26.0,72,0.0,20.8,146,1009.9,52,39.1,41.2,266.0,25.9,83.0,34.4
2026-03-18 18:00:00,2026,3,18,18,Hà Nội,Xã Tây Phương,21.0403672,105.6115528,99,Moderate,1,24.8,76,0.0,18.4,143,1010.3,23,40.9,43.3,290.0,32.4,65.0,35.8
2026-03-18 19:00:00,2026,3,18,19,Hà Nội,Xã Tây Phương,21.0403672,105.6115528,101,Unhealthy for Sensitive Groups,2,24.4,81,0.0,15.9,148,1010.9,45,40.2,43.1,308.0,38.0,50.0,37.8
2026-03-18 20:00:00,2026,3,18,20,Hà Nội,Xã Tây Phương,21.0403672,105.6115528,103,Unhealthy for Sensitive Groups,2,23.8,85,0.0,17.1,155,1011.8,95,33.8,36.3,313.0,36.9,48.0,37.2
2026-03-18 21:00:00,2026,3,18,21,Hà Nội,Xã Tây Phương,21.0403672,105.6115528,104,Unhealthy for Sensitive Groups,2,23.4,89,0.0,17.1,160,1012.5,30,29.2,31.8,310.0,35.4,46.0,36.4
2026-03-18 22:00:00,2026,3,18,22,Hà Nội,Xã Tây Phương,21.0403672,105.6115528,104,Unhealthy for Sensitive Groups,2,22.6,93,0.0,15.2,153,1013.2,98,28.0,31.3,308.0,34.4,43.0,35.6
2026-03-18 23:00:00,2026,3,18,23,Hà Nội,Xã Tây Phương,21.0403672,105.6115528,105,Unhealthy for Sensitive Groups,2,22.2,96,0.0,15.2,149,1012.9,21,27.8,31.3,307.0,34.2,41.0,34.9
2026-03-19 00:00:00,2026,3,19,0,Hà Nội,Xã Tây Phương,21.0403672,105.6115528,106,Unhealthy for Sensitive Groups,2,22.0,96,0.0,16.0,150,1012.3,27,27.8,31.7,306.0,34.4,40.0,34.3
2026-03-19 01:00:00,2026,3,19,1,Hà Nội,Xã Tây Phương,21.0403672,105.6115528,106,Unhealthy for Sensitive Groups,2,22.6,96,0.0,15.0,147,1011.4,13,29.5,33.6,306.0,35.2,37.0,33.8
2026-03-19 02:00:00,2026,3,19,2,Hà Nội,Xã Tây Phương,21.0403672,105.6115528,106,Unhealthy for Sensitive Groups,2,22.4,97,0.0,13.7,146,1011.0,52,32.4,36.9,303.0,36.8,32.0,33.3
2026-03-19 03:00:00,2026,3,19,3,Hà Nội,Xã Tây Phương,21.0403672,105.6115528,107,Unhealthy for Sensitive Groups,2,22.0,97,0.0,14.0,144,1010.5,68,36.7,41.2,302.0,38.9,26.0,32.9
2026-03-19 04:00:00,2026,3,19,4,Hà Nội,Xã Tây Phương,21.0403672,105.6115528,108,Unhealthy for Sensitive Groups,2,21.7,98,0.0,13.0,142,1010.4,100,40.7,45.1,310.0,40.5,22.0,33.4
2026-03-19 05:00:00,2026,3,19,5,Hà Nội,Xã Tây Phương,21.0403672,105.6115528,109,Unhealthy for Sensitive Groups,2,21.6,98,0.0,12.4,141,1011.0,100,45.4,50.4,345.0,41.8,19.0,35.8
2026-03-19 06:00:00,2026,3,19,6,Hà Nội,Xã Tây Phương,21.0403672,105.6115528,109,Unhealthy for Sensitive Groups,2,21.7,98,0.0,12.3,143,1011.6,100,53.9,57.0,391.0,42.7,18.0,39.1
2026-03-19 07:00:00,2026,3,19,7,Hà Nội,Xã Tây Phương,21.0403672,105.6115528,111,Unhealthy for Sensitive Groups,2,22.2,95,0.0,13.0,141,1012.5,100,64.0,67.8,407.0,42.7,19.0,43.9
2026-03-19 08:00:00,2026,3,19,8,Hà Nội,Xã Tây Phương,21.0403672,105.6115528,112,Unhealthy for Sensitive Groups,2,22.8,92,0.0,16.3,151,1013.3,100,60.5,64.5,365.0,39.1,27.0,42.8
2026-03-19 09:00:00,2026,3,19,9,Hà Nội,Xã Tây Phương,21.0403672,105.6115528,113,Unhealthy for Sensitive Groups,2,23.8,86,0.0,16.5,158,1013.8,57,53.0,56.6,294.0,34.0,38.0,41.2
2026-03-19 10:00:00,2026,3,19,10,Hà Nội,Xã Tây Phương,21.0403672,105.6115528,114,Unhealthy for Sensitive Groups,2,25.8,75,0.0,17.5,163,1013.4,72,45.8,49.5,241.0,29.2,49.0,39.2
2026-03-19 11:00:00,2026,3,19,11,Hà Nội,Xã Tây Phương,21.0403672,105.6115528,114,Unhealthy for Sensitive Groups,2,27.0,70,0.1,18.3,166,1012.8,91,42.0,45.4,227.0,25.3,60.0,36.6
2026-03-19 12:00:00,2026,3,19,12,Hà Nội,Xã Tây Phương,21.0403672,105.6115528,114,Unhealthy for Sensitive Groups,2,27.8,67,0.0,19.0,161,1011.3,60,42.1,45.1,232.0,21.8,72.0,33.7
2026-03-19 13:00:00,2026,3,19,13,Hà Nội,Xã Tây Phương,21.0403672,105.6115528,114,Unhealthy for Sensitive Groups,2,28.2,64,0.0,19.3,156,1009.9,34,41.2,43.9,239.0,19.0,83.0,31.4
2026-03-19 14:00:00,2026,3,19,14,Hà Nội,Xã Tây Phương,21.0403672,105.6115528,114,Unhealthy for Sensitive Groups,2,28.4,64,0.0,21.1,149,1008.7,17,39.7,42.0,244.0,16.5,94.0,30.0
2026-03-19 15:00:00,2026,3,19,15,Hà Nội,Xã Tây Phương,21.0403672,105.6115528,113,Unhealthy for Sensitive Groups,2,28.6,62,0.0,21.4,149,1007.6,33,38.3,40.4,251.0,14.7,105.0,29.1
2026-03-19 16:00:00,2026,3,19,16,Hà Nội,Xã Tây Phương,21.0403672,105.6115528,113,Unhealthy for Sensitive Groups,2,28.5,62,0.0,23.0,148,1006.8,28,37.3,39.0,260.0,14.9,107.0,28.8
2026-03-19 17:00:00,2026,3,19,17,Hà Nội,Xã Tây Phương,21.0403672,105.6115528,112,Unhealthy for Sensitive Groups,2,26.0,71,0.0,24.1,140,1007.1,15,34.0,35.5,271.0,18.5,96.0,29.1
2026-03-19 18:00:00,2026,3,19,18,Hà Nội,Xã Tây Phương,21.0403672,105.6115528,112,Unhealthy for Sensitive Groups,2,24.9,73,0.0,23.8,145,1007.0,25,30.5,31.5,284.0,24.2,77.0,29.9
2026-03-19 19:00:00,2026,3,19,19,Hà Nội,Xã Tây Phương,21.0403672,105.6115528,111,Unhealthy for Sensitive Groups,2,24.0,78,0.0,20.9,144,1007.9,13,29.8,31.4,290.0,29.5,63.0,32.9
2026-03-19 20:00:00,2026,3,19,20,Hà Nội,Xã Tây Phương,21.0403672,105.6115528,110,Unhealthy for Sensitive Groups,2,23.1,83,0.0,20.0,149,1009.0,5,24.4,26.1,287.0,29.4,59.0,32.9
2026-03-19 21:00:00,2026,3,19,21,Hà Nội,Xã Tây Phương,21.0403672,105.6115528,109,Unhealthy for Sensitive Groups,2,22.5,88,0.0,19.0,149,1009.7,9,21.7,23.6,277.0,29.2,52.0,32.9
2026-03-19 22:00:00,2026,3,19,22,Hà Nội,Xã Tây Phương,21.0403672,105.6115528,108,Unhealthy for Sensitive Groups,2,22.0,92,0.0,18.8,152,1010.0,9,22.1,24.7,267.0,29.2,47.0,32.6
2026-03-19 23:00:00,2026,3,19,23,Hà Nội,Xã Tây Phương,21.0403672,105.6115528,107,Unhealthy for Sensitive Groups,2,21.8,95,0.0,17.2,153,1010.0,9,22.9,25.8,255.0,29.4,44.0,31.7
2026-03-20 00:00:00,2026,3,20,0,Hà Nội,Xã Tây Phương,21.0403672,105.6115528,107,Unhealthy for Sensitive Groups,2,21.5,96,0.0,14.6,147,1010.0,12,23.3,26.4,243.0,29.8,42.0,30.6
2026-03-20 01:00:00,2026,3,20,1,Hà Nội,Xã Tây Phương,21.0403672,105.6115528,106,Unhealthy for Sensitive Groups,2,22.0,97,0.0,15.3,142,1009.2,23,25.3,28.7,234.0,30.0,40.0,29.8
2026-03-20 02:00:00,2026,3,20,2,Hà Nội,Xã Tây Phương,21.0403672,105.6115528,106,Unhealthy for Sensitive Groups,2,22.0,96,0.0,16.2,144,1008.7,23,28.6,31.7,228.0,29.7,38.0,29.4
2026-03-20 03:00:00,2026,3,20,3,Hà Nội,Xã Tây Phương,21.0403672,105.6115528,105,Unhealthy for Sensitive Groups,2,21.8,96,0.0,16.1,150,1008.4,39,32.6,34.8,225.0,29.3,37.0,29.2
2026-03-20 04:00:00,2026,3,20,4,Hà Nội,Xã Tây Phương,21.0403672,105.6115528,105,Unhealthy for Sensitive Groups,2,21.5,97,0.0,14.6,150,1008.9,50,34.0,36.1,238.0,29.6,35.0,29.9
2026-03-20 05:00:00,2026,3,20,5,Hà Nội,Xã Tây Phương,21.0403672,105.6115528,104,Unhealthy for Sensitive Groups,2,21.5,97,0.0,12.7,142,1009.4,100,34.1,36.3,284.0,31.8,32.0,32.1
2026-03-20 06:00:00,2026,3,20,6,Hà Nội,Xã Tây Phương,21.0403672,105.6115528,103,Unhealthy for Sensitive Groups,2,21.8,95,0.0,12.6,139,1010.3,100,34.8,37.1,344.0,34.8,29.0,35.2
2026-03-20 07:00:00,2026,3,20,7,Hà Nội,Xã Tây Phương,21.0403672,105.6115528,101,Unhealthy for Sensitive Groups,2,22.0,96,0.0,14.4,134,1011.6,100,44.0,47.6,375.0,39.1,23.0,40.5
2026-03-20 08:00:00,2026,3,20,8,Hà Nội,Xã Tây Phương,21.0403672,105.6115528,99,Moderate,1,22.9,90,0.0,16.7,153,1012.4,100,39.7,43.5,346.0,35.8,29.0,38.8
2026-03-20 09:00:00,2026,3,20,9,Hà Nội,Xã Tây Phương,21.0403672,105.6115528,97,Moderate,1,23.5,87,0.0,15.4,156,1013.2,100,37.4,40.4,287.0,31.1,38.0,36.4
2026-03-20 10:00:00,2026,3,20,10,Hà Nội,Xã Tây Phương,21.0403672,105.6115528,96,Moderate,1,24.5,81,0.0,15.2,163,1013.2,100,35.5,38.9,243.0,27.4,47.0,34.7
2026-03-20 11:00:00,2026,3,20,11,Hà Nội,Xã Tây Phương,21.0403672,105.6115528,95,Moderate,1,26.0,75,0.0,16.5,164,1012.6,100,37.7,41.3,235.0,25.6,56.0,34.3
2026-03-20 12:00:00,2026,3,20,12,Hà Nội,Xã Tây Phương,21.0403672,105.6115528,95,Moderate,1,27.2,72,0.0,15.6,166,1011.3,100,45.6,49.4,242.0,24.8,65.0,34.6
2026-03-20 13:00:00,2026,3,20,13,Hà Nội,Xã Tây Phương,21.0403672,105.6115528,95,Moderate,1,26.9,72,0.0,14.8,156,1010.8,100,44.8,48.1,249.0,24.1,72.0,34.9
2026-03-20 14:00:00,2026,3,20,14,Hà Nội,Xã Tây Phương,21.0403672,105.6115528,95,Moderate,1,27.1,73,0.1,15.9,152,1009.8,100,46.1,49.1,251.0,22.9,78.0,35.1
2026-03-20 15:00:00,2026,3,20,15,Hà Nội,Xã Tây Phương,21.0403672,105.6115528,96,Moderate,1,27.2,72,0.0,20.0,150,1008.9,97,46.7,49.6,253.0,21.8,83.0,35.3
2026-03-20 16:00:00,2026,3,20,16,Hà Nội,Xã Tây Phương,21.0403672,105.6115528,97,Moderate,1,26.8,73,0.0,20.7,147,1008.8,92,45.6,48.4,260.0,22.4,83.0,35.2
2026-03-20 17:00:00,2026,3,20,17,Hà Nội,Xã Tây Phương,21.0403672,105.6115528,97,Moderate,1,25.9,76,0.0,19.7,140,1008.9,20,41.2,43.7,278.0,26.1,73.0,34.7
2026-03-20 18:00:00,2026,3,20,18,Hà Nội,Xã Tây Phương,21.0403672,105.6115528,98,Moderate,1,25.0,80,0.0,19.0,142,1009.5,63,38.2,40.5,301.0,31.5,58.0,33.9
2026-03-20 19:00:00,2026,3,20,19,Hà Nội,Xã Tây Phương,21.0403672,105.6115528,99,Moderate,1,24.8,81,0.0,15.8,137,1010.3,100,42.1,46.1,316.0,32.8,55.0,31.7
2026-03-20 20:00:00,2026,3,20,20,Hà Nội,Xã Tây Phương,21.0403672,105.6115528,100,Moderate,1,24.8,82,0.0,17.3,141,1011.5,100,33.8,36.8,317.0,31.7,55.0,31.3
2026-03-20 21:00:00,2026,3,20,21,Hà Nội,Xã Tây Phương,21.0403672,105.6115528,101,Unhealthy for Sensitive Groups,2,24.3,86,0.0,17.5,138,1012.6,100,29.0,31.8,309.0,30.1,54.0,30.8
2026-03-20 22:00:00,2026,3,20,22,Hà Nội,Xã Tây Phương,21.0403672,105.6115528,101,Unhealthy for Sensitive Groups,2,23.9,89,0.0,16.8,135,1013.4,100,26.5,30.0,301.0,29.0,54.0,30.1
2026-03-20 23:00:00,2026,3,20,23,Hà Nội,Xã Tây Phương,21.0403672,105.6115528,102,Unhealthy for Sensitive Groups,2,23.5,90,0.1,15.4,128,1013.7,100,26.8,30.6,294.0,28.7,54.0,29.1
2026-03-21 00:00:00,2026,3,21,0,Hà Nội,Xã Tây Phương,21.0403672,105.6115528,102,Unhealthy for Sensitive Groups,2,23.1,91,0.1,15.5,125,1013.5,100,28.3,32.4,286.0,28.8,54.0,27.9
2026-03-21 01:00:00,2026,3,21,1,Hà Nội,Xã Tây Phương,21.0403672,105.6115528,103,Unhealthy for Sensitive Groups,2,23.1,92,0.1,15.3,121,1012.8,100,29.6,33.5,276.0,29.2,53.0,27.0
2026-03-21 02:00:00,2026,3,21,2,Hà Nội,Xã Tây Phương,21.0403672,105.6115528,103,Unhealthy for Sensitive Groups,2,23.1,90,0.1,15.0,123,1011.9,100,31.1,34.0,258.0,29.6,52.0,26.4
2026-03-21 03:00:00,2026,3,21,3,Hà Nội,Xã Tây Phương,21.0403672,105.6115528,103,Unhealthy for Sensitive Groups,2,23.0,89,0.0,14.2,126,1011.5,100,33.6,35.7,238.0,30.3,50.0,26.1
2026-03-21 04:00:00,2026,3,21,4,Hà Nội,Xã Tây Phương,21.0403672,105.6115528,104,Unhealthy for Sensitive Groups,2,22.9,89,0.0,15.4,131,1011.6,100,36.2,38.0,239.0,31.7,47.0,26.5
2026-03-21 05:00:00,2026,3,21,5,Hà Nội,Xã Tây Phương,21.0403672,105.6115528,104,Unhealthy for Sensitive Groups,2,22.8,89,0.0,15.3,132,1012.2,100,38.6,40.3,283.0,34.8,41.0,28.1
2026-03-21 06:00:00,2026,3,21,6,Hà Nội,Xã Tây Phương,21.0403672,105.6115528,104,Unhealthy for Sensitive Groups,2,22.8,88,0.0,15.2,131,1012.6,100,40.7,42.3,347.0,38.7,35.0,30.5
2026-03-21 07:00:00,2026,3,21,7,Hà Nội,Xã Tây Phương,21.0403672,105.6115528,105,Unhealthy for Sensitive Groups,2,22.9,88,0.0,17.3,126,1013.6,100,41.9,44.0,388.0,39.6,37.0,31.3
2026-03-21 08:00:00,2026,3,21,8,Hà Nội,Xã Tây Phương,21.0403672,105.6115528,105,Unhealthy for Sensitive Groups,2,23.3,86,0.0,14.9,125,1014.4,100,39.3,41.2,382.0,38.1,38.0,31.7
2026-03-21 09:00:00,2026,3,21,9,Hà Nội,Xã Tây Phương,21.0403672,105.6115528,105,Unhealthy for Sensitive Groups,2,23.6,84,0.0,13.6,122,1015.1,100,35.4,37.3,351.0,36.0,41.0,32.2
2026-03-21 10:00:00,2026,3,21,10,Hà Nội,Xã Tây Phương,21.0403672,105.6115528,104,Unhealthy for Sensitive Groups,2,24.4,80,0.2,21.9,134,1015.2,100,33.2,34.9,321.0,33.6,46.0,32.3
2026-03-21 11:00:00,2026,3,21,11,Hà Nội,Xã Tây Phương,21.0403672,105.6115528,104,Unhealthy for Sensitive Groups,2,25.3,76,0.2,21.5,147,1014.9,100,32.4,34.2,296.0,31.0,55.0,31.8
2026-03-21 12:00:00,2026,3,21,12,Hà Nội,Xã Tây Phương,21.0403672,105.6115528,104,Unhealthy for Sensitive Groups,2,25.8,75,0.1,22.9,146,1013.8,100,35.9,38.0,271.0,28.1,67.0,30.9
2026-03-21 13:00:00,2026,3,21,13,Hà Nội,Xã Tây Phương,21.0403672,105.6115528,103,Unhealthy for Sensitive Groups,2,26.0,74,0.0,22.6,149,1013.0,98,39.0,41.3,255.0,25.5,78.0,29.9
2026-03-21 14:00:00,2026,3,21,14,Hà Nội,Xã Tây Phương,21.0403672,105.6115528,102,Unhealthy for Sensitive Groups,2,25.6,75,0.2,22.2,147,1012.2,100,41.2,43.8,249.0,22.6,88.0,28.4
2026-03-21 15:00:00,2026,3,21,15,Hà Nội,Xã Tây Phương,21.0403672,105.6115528,101,Unhealthy for Sensitive Groups,2,25.3,77,0.2,21.5,142,1011.2,100,42.4,45.2,251.0,20.0,96.0,26.7
2026-03-21 16:00:00,2026,3,21,16,Hà Nội,Xã Tây Phương,21.0403672,105.6115528,101,Unhealthy for Sensitive Groups,2,25.4,75,0.0,19.9,140,1010.6,100,38.2,40.7,263.0,19.6,98.0,26.2
2026-03-21 17:00:00,2026,3,21,17,Hà Nội,Xã Tây Phương,21.0403672,105.6115528,100,Moderate,1,25.5,75,0.0,18.1,134,1010.5,100,39.3,41.3,291.0,23.1,90.0,27.8
2026-03-21 18:00:00,2026,3,21,18,Hà Nội,Xã Tây Phương,21.0403672,105.6115528,100,Moderate,1,24.8,77,0.0,14.1,129,1010.7,100,38.5,40.4,329.0,28.8,76.0,30.6
2026-03-21 19:00:00,2026,3,21,19,Hà Nội,Xã Tây Phương,21.0403672,105.6115528,100,Moderate,1,24.5,78,0.0,15.3,138,1010.8,100,42.7,45.3,355.0,31.5,66.0,31.0
2026-03-21 20:00:00,2026,3,21,20,Hà Nội,Xã Tây Phương,21.0403672,105.6115528,100,Moderate,1,24.1,79,0.0,17.2,140,1011.8,94,40.3,42.4,359.0,32.3,63.0,32.5
2026-03-21 21:00:00,2026,3,21,21,Hà Nội,Xã Tây Phương,21.0403672,105.6115528,101,Unhealthy for Sensitive Groups,2,23.2,84,0.0,15.3,141,1012.8,95,39.2,41.1,352.0,33.2,59.0,34.5
2026-03-21 22:00:00,2026,3,21,22,Hà Nội,Xã Tây Phương,21.0403672,105.6115528,102,Unhealthy for Sensitive Groups,2,22.3,90,0.0,13.9,140,1013.2,99,40.5,42.6,344.0,33.6,56.0,35.6
2026-03-21 23:00:00,2026,3,21,23,Hà Nội,Xã Tây Phương,21.0403672,105.6115528,103,Unhealthy for Sensitive Groups,2,21.8,94,0.0,12.2,143,1013.0,97,42.0,44.2,339.0,32.7,54.0,34.9
2026-03-22 00:00:00,2026,3,22,0,Hà Nội,Xã Tây Phương,21.0403672,105.6115528,105,Unhealthy for Sensitive Groups,2,22.0,94,0.0,13.5,143,1012.3,97,43.8,45.9,334.0,31.1,53.0,33.3
2026-03-22 01:00:00,2026,3,22,1,Hà Nội,Xã Tây Phương,21.0403672,105.6115528,107,Unhealthy for Sensitive Groups,2,22.1,96,0.0,12.9,127,1011.7,95,46.2,48.4,332.0,30.1,51.0,32.1
2026-03-22 02:00:00,2026,3,22,2,Hà Nội,Xã Tây Phương,21.0403672,105.6115528,108,Unhealthy for Sensitive Groups,2,22.2,95,0.0,10.8,123,1011.0,100,46.6,48.8,335.0,30.1,47.0,31.6
2026-03-22 03:00:00,2026,3,22,3,Hà Nội,Xã Tây Phương,21.0403672,105.6115528,110,Unhealthy for Sensitive Groups,2,22.3,94,0.0,11.5,125,1010.4,100,48.5,50.8,341.0,30.7,43.0,31.5
2026-03-22 04:00:00,2026,3,22,4,Hà Nội,Xã Tây Phương,21.0403672,105.6115528,111,Unhealthy for Sensitive Groups,2,22.1,95,0.0,10.7,123,1010.2,100,50.6,52.7,344.0,31.7,38.0,31.9
2026-03-22 05:00:00,2026,3,22,5,Hà Nội,Xã Tây Phương,21.0403672,105.6115528,113,Unhealthy for Sensitive Groups,2,22.1,95,0.0,11.4,123,1010.5,100,52.5,54.6,343.0,34.1,33.0,33.2
2026-03-22 06:00:00,2026,3,22,6,Hà Nội,Xã Tây Phương,21.0403672,105.6115528,114,Unhealthy for Sensitive Groups,2,22.2,94,0.0,13.8,130,1011.1,100,55.2,57.2,340.0,37.0,27.0,34.9
2026-03-22 07:00:00,2026,3,22,7,Hà Nội,Xã Tây Phương,21.0403672,105.6115528,116,Unhealthy for Sensitive Groups,2,22.3,97,0.0,13.7,135,1012.1,100,53.6,55.6,329.0,39.7,30.0,36.0
2026-03-22 08:00:00,2026,3,22,8,Hà Nội,Xã Tây Phương,21.0403672,105.6115528,117,Unhealthy for Sensitive Groups,2,23.0,95,0.1,17.2,147,1012.9,99,48.0,50.1,304.0,34.7,35.0,33.7
2026-03-22 09:00:00,2026,3,22,9,Hà Nội,Xã Tây Phương,21.0403672,105.6115528,118,Unhealthy for Sensitive Groups,2,24.1,89,0.0,19.4,158,1013.5,56,40.7,42.6,272.0,27.7,43.0,30.6
2026-03-22 10:00:00,2026,3,22,10,Hà Nội,Xã Tây Phương,21.0403672,105.6115528,119,Unhealthy for Sensitive Groups,2,26.6,73,0.0,20.4,160,1013.1,34,31.0,33.4,248.0,22.0,51.0,28.4
2026-03-22 11:00:00,2026,3,22,11,Hà Nội,Xã Tây Phương,21.0403672,105.6115528,118,Unhealthy for Sensitive Groups,2,28.2,64,0.0,20.4,166,1012.5,87,29.7,32.0,241.0,18.7,61.0,28.1
2026-03-22 12:00:00,2026,3,22,12,Hà Nội,Xã Tây Phương,21.0403672,105.6115528,118,Unhealthy for Sensitive Groups,2,28.4,63,0.0,20.3,161,1011.6,98,29.6,32.0,243.0,16.7,72.0,28.7
2026-03-22 13:00:00,2026,3,22,13,Hà Nội,Xã Tây Phương,21.0403672,105.6115528,117,Unhealthy for Sensitive Groups,2,27.7,66,0.0,18.8,160,1011.2,100,31.1,33.4,246.0,15.4,80.0,28.9
2026-03-22 14:00:00,2026,3,22,14,Hà Nội,Xã Tây Phương,21.0403672,105.6115528,117,Unhealthy for Sensitive Groups,2,28.4,63,0.0,17.9,151,1010.2,70,29.0,31.2,246.0,14.4,85.0,28.0
2026-03-22 15:00:00,2026,3,22,15,Hà Nội,Xã Tây Phương,21.0403672,105.6115528,115,Unhealthy for Sensitive Groups,2,28.4,63,0.0,21.9,149,1009.4,80,26.8,28.8,246.0,14.3,87.0,26.7
2026-03-22 16:00:00,2026,3,22,16,Hà Nội,Xã Tây Phương,21.0403672,105.6115528,114,Unhealthy for Sensitive Groups,2,27.2,66,0.0,22.9,147,1008.9,49,26.4,28.2,249.0,15.9,85.0,26.3
2026-03-22 17:00:00,2026,3,22,17,Hà Nội,Xã Tây Phương,21.0403672,105.6115528,112,Unhealthy for Sensitive Groups,2,26.5,69,0.0,22.4,150,1009.0,60,24.9,26.5,258.0,20.7,75.0,27.4
2026-03-22 18:00:00,2026,3,22,18,Hà Nội,Xã Tây Phương,21.0403672,105.6115528,111,Unhealthy for Sensitive Groups,2,25.1,73,0.0,22.3,153,1009.3,31,24.4,26.2,270.0,27.3,60.0,29.4
2026-03-22 19:00:00,2026,3,22,19,Hà Nội,Xã Tây Phương,21.0403672,105.6115528,110,Unhealthy for Sensitive Groups,2,23.5,86,0.0,20.6,163,1011.2,94,27.5,29.9,279.0,37.8,36.0,32.8
2026-03-22 20:00:00,2026,3,22,20,Hà Nội,Xã Tây Phương,21.0403672,105.6115528,108,Unhealthy for Sensitive Groups,2,22.7,89,5.3,18.1,170,1012.1,100,25.4,27.8,282.0,37.2,35.0,33.6
2026-03-22 21:00:00,2026,3,22,21,Hà Nội,Xã Tây Phương,21.0403672,105.6115528,106,Unhealthy for Sensitive Groups,2,22.5,90,1.9,13.2,136,1012.1,23,25.2,27.5,282.0,36.4,34.0,34.7
2026-03-22 22:00:00,2026,3,22,22,Hà Nội,Xã Tây Phương,21.0403672,105.6115528,105,Unhealthy for Sensitive Groups,2,22.2,94,0.0,13.1,159,1012.4,11,26.3,28.6,280.0,35.9,32.0,35.2
2026-03-22 23:00:00,2026,3,22,23,Hà Nội,Xã Tây Phương,21.0403672,105.6115528,103,Unhealthy for Sensitive Groups,2,22.0,96,0.0,12.6,147,1012.3,59,27.1,29.6,276.0,36.0,30.0,34.7
2026-03-23 00:00:00,2026,3,23,0,Hà Nội,Xã Tây Phương,21.0403672,105.6115528,102,Unhealthy for Sensitive Groups,2,22.1,96,0.0,14.0,147,1011.7,77,27.5,30.2,269.0,36.3,29.0,33.8
2026-03-23 01:00:00,2026,3,23,1,Hà Nội,Xã Tây Phương,21.0403672,105.6115528,100,Moderate,1,21.7,98,0.0,15.1,122,1011.5,100,28.7,31.7,260.0,36.5,27.0,33.0
2026-03-23 02:00:00,2026,3,23,2,Hà Nội,Xã Tây Phương,21.0403672,105.6115528,99,Moderate,1,22.4,96,0.1,17.4,136,1010.7,100,30.4,33.6,245.0,36.2,26.0,32.5
2026-03-23 03:00:00,2026,3,23,3,Hà Nội,Xã Tây Phương,21.0403672,105.6115528,97,Moderate,1,22.6,96,0.0,15.6,147,1010.1,98,32.4,35.6,228.0,35.6,25.0,32.3
2026-03-23 04:00:00,2026,3,23,4,Hà Nội,Xã Tây Phương,21.0403672,105.6115528,96,Moderate,1,22.5,96,0.0,16.0,149,1009.8,41,34.1,37.4,221.0,35.3,24.0,32.5
2026-03-23 05:00:00,2026,3,23,5,Hà Nội,Xã Tây Phương,21.0403672,105.6115528,94,Moderate,1,22.3,97,0.0,16.4,150,1009.6,30,36.6,38.9,237.0,35.8,22.0,33.7
2026-03-23 06:00:00,2026,3,23,6,Hà Nội,Xã Tây Phương,21.0403672,105.6115528,93,Moderate,1,22.1,97,0.0,11.9,145,1010.6,55,38.0,40.2,264.0,36.5,20.0,35.4
2026-03-23 07:00:00,2026,3,23,7,Hà Nội,Xã Tây Phương,21.0403672,105.6115528,91,Moderate,1,22.9,95,0.1,14.7,149,1011.7,100,38.5,39.8,279.0,38.5,17.0,35.5
2026-03-23 08:00:00,2026,3,23,8,Hà Nội,Xã Tây Phương,21.0403672,105.6115528,90,Moderate,1,23.7,90,0.1,19.1,158,1012.0,100,35.4,36.8,269.0,36.4,20.0,36.2
2026-03-23 09:00:00,2026,3,23,9,Hà Nội,Xã Tây Phương,21.0403672,105.6115528,89,Moderate,1,25.0,82,0.0,20.7,161,1012.0,100,32.1,33.8,248.0,33.3,26.0,37.1
2026-03-23 10:00:00,2026,3,23,10,Hà Nội,Xã Tây Phương,21.0403672,105.6115528,88,Moderate,1,25.9,78,0.0,19.9,160,1012.0,100,26.8,28.8,236.0,29.8,34.0,37.3
2026-03-23 11:00:00,2026,3,23,11,Hà Nội,Xã Tây Phương,21.0403672,105.6115528,88,Moderate,1,26.5,75,0.0,19.7,162,1011.4,100,30.4,32.9,245.0,25.6,47.0,36.5
2026-03-23 12:00:00,2026,3,23,12,Hà Nội,Xã Tây Phương,21.0403672,105.6115528,88,Moderate,1,27.7,69,0.0,18.9,165,1010.3,97,25.4,27.2,264.0,21.0,63.0,35.1
2026-03-23 13:00:00,2026,3,23,13,Hà Nội,Xã Tây Phương,21.0403672,105.6115528,87,Moderate,1,29.4,61,0.0,18.4,165,1009.4,41,28.4,29.9,276.0,17.4,77.0,33.2
2026-03-23 14:00:00,2026,3,23,14,Hà Nội,Xã Tây Phương,21.0403672,105.6115528,87,Moderate,1,28.9,64,0.0,20.2,150,1008.4,38,30.3,31.5,272.0,14.7,90.0,30.2
2026-03-23 15:00:00,2026,3,23,15,Hà Nội,Xã Tây Phương,21.0403672,105.6115528,87,Moderate,1,28.5,66,0.0,21.5,144,1007.5,27,30.3,31.5,261.0,13.0,101.0,26.7
2026-03-23 16:00:00,2026,3,23,16,Hà Nội,Xã Tây Phương,21.0403672,105.6115528,88,Moderate,1,28.1,67,0.0,23.2,142,1006.9,12,28.8,29.9,259.0,13.6,103.0,24.7
2026-03-23 17:00:00,2026,3,23,17,Hà Nội,Xã Tây Phương,21.0403672,105.6115528,88,Moderate,1,26.9,73,0.0,21.3,147,1007.1,14,29.0,30.0,274.0,18.3,90.0,25.6
2026-03-23 18:00:00,2026,3,23,18,Hà Nội,Xã Tây Phương,21.0403672,105.6115528,88,Moderate,1,25.8,76,0.0,21.0,146,1007.3,5,30.6,32.1,298.0,25.2,68.0,27.9
2026-03-23 19:00:00,2026,3,23,19,Hà Nội,Xã Tây Phương,21.0403672,105.6115528,89,Moderate,1,25.2,80,0.0,18.3,143,1008.9,100,36.2,38.5,314.0,32.8,51.0,32.2
2026-03-23 20:00:00,2026,3,23,20,Hà Nội,Xã Tây Phương,21.0403672,105.6115528,90,Moderate,1,24.8,81,0.0,19.5,141,1009.4,100,32.9,35.3,318.0,32.4,47.0,32.1
2026-03-23 21:00:00,2026,3,23,21,Hà Nội,Xã Tây Phương,21.0403672,105.6115528,90,Moderate,1,24.2,84,0.0,17.7,145,1010.1,100,29.7,32.0,314.0,32.0,42.0,31.9
2026-03-23 22:00:00,2026,3,23,22,Hà Nội,Xã Tây Phương,21.0403672,105.6115528,91,Moderate,1,23.8,88,0.0,15.2,139,1010.4,100,27.9,30.5,306.0,31.9,37.0,31.9
2026-03-23 23:00:00,2026,3,23,23,Hà Nội,Xã Tây Phương,21.0403672,105.6115528,91,Moderate,1,23.5,90,0.0,15.6,141,1010.1,100,28.2,31.3,291.0,32.6,34.0,32.0
2026-03-24 00:00:00,2026,3,24,0,Hà Nội,Xã Tây Phương,21.0403672,105.6115528,91,Moderate,1,23.3,91,0.0,15.6,143,1009.9,100,28.3,31.7,270.0,33.7,31.0,32.2
2026-03-24 01:00:00,2026,3,24,1,Hà Nội,Xã Tây Phương,21.0403672,105.6115528,91,Moderate,1,23.0,95,0.0,12.4,132,1009.6,100,30.0,33.5,255.0,34.6,29.0,32.5
2026-03-24 02:00:00,2026,3,24,2,Hà Nội,Xã Tây Phương,21.0403672,105.6115528,91,Moderate,1,23.0,95,0.0,12.6,136,1009.0,100,32.6,36.2,247.0,34.8,28.0,32.8
2026-03-24 03:00:00,2026,3,24,3,Hà Nội,Xã Tây Phương,21.0403672,105.6115528,91,Moderate,1,23.1,94,0.0,12.3,136,1008.6,100,34.8,39.1,243.0,34.7,27.0,33.1
2026-03-24 04:00:00,2026,3,24,4,Hà Nội,Xã Tây Phương,21.0403672,105.6115528,91,Moderate,1,23.0,95,0.0,12.2,135,1008.7,100,37.6,41.3,249.0,35.1,26.0,33.7
2026-03-24 05:00:00,2026,3,24,5,Hà Nội,Xã Tây Phương,21.0403672,105.6115528,92,Moderate,1,23.1,95,0.0,11.2,134,1009.0,100,41.1,44.5,272.0,36.9,22.0,34.9
2026-03-24 06:00:00,2026,3,24,6,Hà Nội,Xã Tây Phương,21.0403672,105.6115528,92,Moderate,1,23.1,95,0.0,12.4,132,1009.7,100,44.0,47.1,304.0,39.3,18.0,36.3
2026-03-24 07:00:00,2026,3,24,7,Hà Nội,Xã Tây Phương,21.0403672,105.6115528,93,Moderate,1,23.7,94,0.0,14.5,128,1010.1,100,49.7,54.1,322.0,41.5,15.0,39.8
2026-03-24 08:00:00,2026,3,24,8,Hà Nội,Xã Tây Phương,21.0403672,105.6115528,94,Moderate,1,24.3,90,0.0,18.6,145,1010.6,100,46.0,49.8,311.0,39.5,18.0,39.9
2026-03-24 09:00:00,2026,3,24,9,Hà Nội,Xã Tây Phương,21.0403672,105.6115528,95,Moderate,1,25.1,85,0.0,18.4,151,1011.2,96,38.9,42.3,285.0,36.7,23.0,40.1
2026-03-24 10:00:00,2026,3,24,10,Hà Nội,Xã Tây Phương,21.0403672,105.6115528,95,Moderate,1,26.5,78,0.0,17.1,155,1011.2,77,37.7,41.3,265.0,34.2,30.0,40.3
2026-03-24 11:00:00,2026,3,24,11,Hà Nội,Xã Tây Phương,21.0403672,105.6115528,96,Moderate,1,27.4,73,0.1,18.2,160,1010.7,100,36.3,39.9,259.0,32.5,39.0,41.0
2026-03-24 12:00:00,2026,3,24,12,Hà Nội,Xã Tây Phương,21.0403672,105.6115528,97,Moderate,1,27.6,72,0.0,17.1,161,1009.6,99,40.0,43.2,259.0,31.0,49.0,41.7
2026-03-24 13:00:00,2026,3,24,13,Hà Nội,Xã Tây Phương,21.0403672,105.6115528,98,Moderate,1,29.4,64,0.0,16.3,152,1008.4,33,51.0,54.4,261.0,29.5,59.0,41.4
2026-03-24 14:00:00,2026,3,24,14,Hà Nội,Xã Tây Phương,21.0403672,105.6115528,100,Moderate,1,29.8,61,0.0,16.1,155,1007.4,37,51.0,54.1,262.0,26.9,70.0,39.0
2026-03-24 15:00:00,2026,3,24,15,Hà Nội,Xã Tây Phương,21.0403672,105.6115528,102,Unhealthy for Sensitive Groups,2,29.4,63,0.0,18.4,153,1006.6,77,47.8,50.5,265.0,24.2,81.0,35.6
2026-03-24 16:00:00,2026,3,24,16,Hà Nội,Xã Tây Phương,21.0403672,105.6115528,104,Unhealthy for Sensitive Groups,2,28.9,64,0.0,18.9,149,1006.4,22,47.1,49.6,275.0,23.9,85.0,33.6
2026-03-24 17:00:00,2026,3,24,17,Hà Nội,Xã Tây Phương,21.0403672,105.6115528,106,Unhealthy for Sensitive Groups,2,27.9,69,0.0,18.9,144,1006.2,9,48.7,51.0,299.0,28.4,75.0,34.5
2026-03-24 18:00:00,2026,3,24,18,Hà Nội,Xã Tây Phương,21.0403672,105.6115528,108,Unhealthy for Sensitive Groups,2,26.6,73,0.0,18.8,146,1006.5,1,48.0,49.9,330.0,35.4,58.0,36.7
2026-03-24 19:00:00,2026,3,24,19,Hà Nội,Xã Tây Phương,21.0403672,105.6115528,110,Unhealthy for Sensitive Groups,2,25.7,80,0.0,16.9,144,1007.5,9,43.7,45.2,352.0,42.0,45.0,39.5
2026-03-24 20:00:00,2026,3,24,20,Hà Nội,Xã Tây Phương,21.0403672,105.6115528,111,Unhealthy for Sensitive Groups,2,24.9,82,0.0,16.8,145,1008.5,38,37.7,39.1,356.0,40.7,43.0,38.9
2026-03-24 21:00:00,2026,3,24,21,Hà Nội,Xã Tây Phương,21.0403672,105.6115528,111,Unhealthy for Sensitive Groups,2,24.4,85,0.0,16.6,148,1009.4,23,33.9,35.4,352.0,38.9,41.0,37.9
2026-03-24 22:00:00,2026,3,24,22,Hà Nội,Xã Tây Phương,21.0403672,105.6115528,111,Unhealthy for Sensitive Groups,2,23.7,90,0.0,15.8,148,1010.0,5,32.7,34.2,347.0,37.1,39.0,36.7
2026-03-24 23:00:00,2026,3,24,23,Hà Nội,Xã Tây Phương,21.0403672,105.6115528,112,Unhealthy for Sensitive Groups,2,23.1,95,0.0,13.1,146,1010.1,100,29.9,31.5,346.0,35.4,38.0,35.0
2026-03-25 00:00:00,2026,3,25,0,Hà Nội,Xã Tây Phương,21.0403672,105.6115528,112,Unhealthy for Sensitive Groups,2,23.5,94,0.0,13.6,138,1009.9,100,27.6,29.5,345.0,33.7,38.0,33.0
2026-03-25 01:00:00,2026,3,25,1,Hà Nội,Xã Tây Phương,21.0403672,105.6115528,112,Unhealthy for Sensitive Groups,2,24.2,95,0.0,13.9,121,1009.5,100,26.4,28.9,340.0,32.7,37.0,31.5
2026-03-25 02:00:00,2026,3,25,2,Hà Nội,Xã Tây Phương,21.0403672,105.6115528,112,Unhealthy for Sensitive Groups,2,24.3,94,0.2,15.4,133,1009.0,100,26.7,29.6,323.0,32.7,35.0,30.8
2026-03-25 03:00:00,2026,3,25,3,Hà Nội,Xã Tây Phương,21.0403672,105.6115528,111,Unhealthy for Sensitive Groups,2,24.0,95,0.1,15.3,135,1008.5,100,27.2,30.3,301.0,33.5,33.0,30.7
2026-03-25 04:00:00,2026,3,25,4,Hà Nội,Xã Tây Phương,21.0403672,105.6115528,110,Unhealthy for Sensitive Groups,2,23.9,95,0.1,15.8,140,1008.6,100,27.9,31.2,292.0,34.8,30.0,31.2
2026-03-25 05:00:00,2026,3,25,5,Hà Nội,Xã Tây Phương,21.0403672,105.6115528,109,Unhealthy for Sensitive Groups,2,23.8,94,0.0,16.2,140,1009.0,100,29.1,32.4,312.0,37.6,26.0,32.8
2026-03-25 06:00:00,2026,3,25,6,Hà Nội,Xã Tây Phương,21.0403672,105.6115528,108,Unhealthy for Sensitive Groups,2,23.5,95,0.0,16.1,138,1009.7,100,30.6,33.8,345.0,41.1,22.0,35.0
2026-03-25 07:00:00,2026,3,25,7,Hà Nội,Xã Tây Phương,21.0403672,105.6115528,107,Unhealthy for Sensitive Groups,2,23.6,95,0.0,15.8,134,1010.9,100,38.2,41.9,358.0,41.3,22.0,34.6
2026-03-25 08:00:00,2026,3,25,8,Hà Nội,Xã Tây Phương,21.0403672,105.6115528,105,Unhealthy for Sensitive Groups,2,24.3,90,0.1,18.5,140,1011.3,100,36.6,40.4,330.0,38.0,31.0,34.6
2026-03-25 09:00:00,2026,3,25,9,Hà Nội,Xã Tây Phương,21.0403672,105.6115528,104,Unhealthy for Sensitive Groups,2,25.0,84,0.0,19.0,147,1011.6,73,31.9,35.7,283.0,33.4,43.0,34.6
2026-03-25 10:00:00,2026,3,25,10,Hà Nội,Xã Tây Phương,21.0403672,105.6115528,104,Unhealthy for Sensitive Groups,2,26.6,73,0.0,20.5,155,1011.5,100,27.7,31.1,249.0,29.2,54.0,34.1
2026-03-25 11:00:00,2026,3,25,11,Hà Nội,Xã Tây Phương,21.0403672,105.6115528,103,Unhealthy for Sensitive Groups,2,27.5,69,0.0,21.0,159,1011.3,100,27.6,30.0,244.0,25.8,63.0,32.6
2026-03-25 12:00:00,2026,3,25,12,Hà Nội,Xã Tây Phương,21.0403672,105.6115528,102,Unhealthy for Sensitive Groups,2,28.2,65,0.0,19.1,160,1010.3,95,31.4,33.6,252.0,22.8,71.0,30.6
2026-03-25 13:00:00,2026,3,25,13,Hà Nội,Xã Tây Phương,21.0403672,105.6115528,101,Unhealthy for Sensitive Groups,2,27.1,69,0.0,18.6,158,1010.0,100,33.9,35.9,260.0,20.8,77.0,29.3
2026-03-25 14:00:00,2026,3,25,14,Hà Nội,Xã Tây Phương,21.0403672,105.6115528,99,Moderate,1,27.8,67,0.0,20.1,155,1008.9,86,38.0,40.2,260.0,19.6,80.0,29.2
2026-03-25 15:00:00,2026,3,25,15,Hà Nội,Xã Tây Phương,21.0403672,105.6115528,98,Moderate,1,28.1,65,0.0,21.8,158,1008.2,99,36.8,39.0,259.0,19.3,82.0,29.7
2026-03-25 16:00:00,2026,3,25,16,Hà Nội,Xã Tây Phương,21.0403672,105.6115528,97,Moderate,1,27.8,66,0.0,20.6,157,1007.6,47,33.5,35.3,264.0,20.8,79.0,30.8
2026-03-25 17:00:00,2026,3,25,17,Hà Nội,Xã Tây Phương,21.0403672,105.6115528,96,Moderate,1,27.4,67,0.0,17.5,148,1007.5,12,36.9,39.6,284.0,25.3,70.0,32.5
2026-03-25 18:00:00,2026,3,25,18,Hà Nội,Xã Tây Phương,21.0403672,105.6115528,95,Moderate,1,26.0,71,0.0,18.8,139,1007.9,30,32.8,34.8,311.0,31.6,58.0,34.8
2026-03-25 19:00:00,2026,3,25,19,Hà Nội,Xã Tây Phương,21.0403672,105.6115528,94,Moderate,1,25.6,74,0.0,19.4,144,1008.0,5,41.2,44.1,327.0,40.5,41.0,38.8
2026-03-25 20:00:00,2026,3,25,20,Hà Nội,Xã Tây Phương,21.0403672,105.6115528,93,Moderate,1,24.9,78,0.0,18.3,146,1008.8,4,37.1,39.5,322.0,40.0,38.0,39.8
2026-03-25 21:00:00,2026,3,25,21,Hà Nội,Xã Tây Phương,21.0403672,105.6115528,93,Moderate,1,24.1,84,0.0,16.5,150,1009.5,2,33.6,36.2,305.0,39.3,35.0,41.0
2026-03-25 22:00:00,2026,3,25,22,Hà Nội,Xã Tây Phương,21.0403672,105.6115528,93,Moderate,1,23.6,89,0.0,14.9,149,1009.5,11,32.8,35.7,288.0,39.2,31.0,41.8
2026-03-25 23:00:00,2026,3,25,23,Hà Nội,Xã Tây Phương,21.0403672,105.6115528,93,Moderate,1,23.3,93,0.0,14.4,150,1009.5,7,33.8,37.4,272.0,40.4,27.0,41.6
2026-03-26 00:00:00,2026,3,26,0,Hà Nội,Xã Tây Phương,21.0403672,105.6115528,94,Moderate,1,23.0,96,0.0,13.3,144,1008.8,35,34.7,39.2,254.0,42.1,23.0,40.8
2026-03-26 01:00:00,2026,3,26,1,Hà Nội,Xã Tây Phương,21.0403672,105.6115528,94,Moderate,1,23.9,96,0.0,12.9,144,1008.8,100,36.2,41.1,241.0,43.3,19.0,40.0
2026-03-26 02:00:00,2026,3,26,2,Hà Nội,Xã Tây Phương,21.0403672,105.6115528,95,Moderate,1,24.1,95,0.0,14.0,150,1008.4,100,39.0,43.3,231.0,43.3,17.0,39.0
2026-03-26 03:00:00,2026,3,26,3,Hà Nội,Xã Tây Phương,21.0403672,105.6115528,96,Moderate,1,24.1,95,0.0,14.0,154,1007.7,100,44.4,48.2,224.0,42.7,15.0,38.0
2026-03-26 04:00:00,2026,3,26,4,Hà Nội,Xã Tây Phương,21.0403672,105.6115528,98,Moderate,1,24.2,94,0.0,13.6,156,1007.7,100,50.1,53.6,230.0,41.8,14.0,37.6
2026-03-26 05:00:00,2026,3,26,5,Hà Nội,Xã Tây Phương,21.0403672,105.6115528,100,Moderate,1,24.1,93,0.0,12.8,156,1007.8,100,54.9,58.6,259.0,40.8,13.0,38.6
2026-03-26 06:00:00,2026,3,26,6,Hà Nội,Xã Tây Phương,21.0403672,105.6115528,102,Unhealthy for Sensitive Groups,2,24.0,93,0.0,12.3,153,1008.5,100,58.7,62.4,299.0,39.5,12.0,40.2
2026-03-26 07:00:00,2026,3,26,7,Hà Nội,Xã Tây Phương,21.0403672,105.6115528,105,Unhealthy for Sensitive Groups,2,24.1,93,0.0,12.7,144,1009.8,100,71.2,77.1,326.0,40.0,12.0,44.8
2026-03-26 08:00:00,2026,3,26,8,Hà Nội,Xã Tây Phương,21.0403672,105.6115528,109,Unhealthy for Sensitive Groups,2,24.9,89,0.1,12.5,153,1010.4,100,62.4,68.7,325.0,36.6,20.0,43.3
2026-03-26 09:00:00,2026,3,26,9,Hà Nội,Xã Tây Phương,21.0403672,105.6115528,111,Unhealthy for Sensitive Groups,2,25.6,84,0.0,10.5,153,1010.7,100,59.8,66.1,311.0,31.8,32.0,41.3
2026-03-26 10:00:00,2026,3,26,10,Hà Nội,Xã Tây Phương,21.0403672,105.6115528,114,Unhealthy for Sensitive Groups,2,27.2,76,0.0,9.7,149,1010.5,98,59.6,65.2,299.0,27.9,46.0,39.6
2026-03-26 11:00:00,2026,3,26,11,Hà Nội,Xã Tây Phương,21.0403672,105.6115528,118,Unhealthy for Sensitive Groups,2,28.2,72,0.0,10.6,154,1009.8,100,63.6,68.7,295.0,25.8,61.0,38.9
2026-03-26 12:00:00,2026,3,26,12,Hà Nội,Xã Tây Phương,21.0403672,105.6115528,121,Unhealthy for Sensitive Groups,2,29.0,68,0.0,11.2,162,1008.6,32,61.7,65.9,293.0,24.5,77.0,38.6
2026-03-26 13:00:00,2026,3,26,13,Hà Nội,Xã Tây Phương,21.0403672,105.6115528,124,Unhealthy for Sensitive Groups,2,29.5,65,0.0,9.7,164,1007.6,98,66.4,70.3,294.0,23.2,93.0,37.7
2026-03-26 14:00:00,2026,3,26,14,Hà Nội,Xã Tây Phương,21.0403672,105.6115528,128,Unhealthy for Sensitive Groups,2,30.7,61,0.0,10.1,149,1006.2,40,69.2,72.9,297.0,20.6,110.0,34.8
2026-03-26 15:00:00,2026,3,26,15,Hà Nội,Xã Tây Phương,21.0403672,105.6115528,131,Unhealthy for Sensitive Groups,2,30.9,60,0.0,13.1,146,1005.2,52,69.8,73.1,302.0,18.1,127.0,31.3
2026-03-26 16:00:00,2026,3,26,16,Hà Nội,Xã Tây Phương,21.0403672,105.6115528,135,Unhealthy for Sensitive Groups,2,30.4,63,0.0,16.2,144,1004.7,20,69.2,71.9,313.0,19.0,132.0,30.6
2026-03-26 17:00:00,2026,3,26,17,Hà Nội,Xã Tây Phương,21.0403672,105.6115528,138,Unhealthy for Sensitive Groups,2,29.1,69,0.0,20.2,135,1004.3,5,70.3,72.4,335.0,26.4,117.0,35.4
2026-03-26 18:00:00,2026,3,26,18,Hà Nội,Xã Tây Phương,21.0403672,105.6115528,142,Unhealthy for Sensitive Groups,2,27.4,75,0.0,18.6,141,1004.8,1,71.7,73.6,361.0,37.3,91.0,43.0
2026-03-26 19:00:00,2026,3,26,19,Hà Nội,Xã Tây Phương,21.0403672,105.6115528,146,Unhealthy for Sensitive Groups,2,26.2,83,0.0,17.7,143,1005.8,14,57.5,58.6,379.0,43.2,64.0,45.4
2026-03-26 20:00:00,2026,3,26,20,Hà Nội,Xã Tây Phương,21.0403672,105.6115528,147,Unhealthy for Sensitive Groups,2,25.4,85,0.0,16.4,148,1006.9,8,50.4,51.9,380.0,43.4,56.0,44.5
2026-03-26 21:00:00,2026,3,26,21,Hà Nội,Xã Tây Phương,21.0403672,105.6115528,149,Unhealthy for Sensitive Groups,2,24.5,87,0.0,16.8,142,1007.5,5,45.5,47.4,372.0,43.8,45.0,43.1
2026-03-26 22:00:00,2026,3,26,22,Hà Nội,Xã Tây Phương,21.0403672,105.6115528,150,Unhealthy for Sensitive Groups,2,23.8,90,0.0,15.9,146,1007.8,5,42.8,45.8,363.0,43.7,36.0,41.9
2026-03-26 23:00:00,2026,3,26,23,Hà Nội,Xã Tây Phương,21.0403672,105.6115528,150,Unhealthy for Sensitive Groups,2,23.2,93,0.0,15.2,147,1007.7,6,42.1,45.5,355.0,43.1,32.0,40.9
2026-03-27 00:00:00,2026,3,27,0,Hà Nội,Xã Tây Phương,21.0403672,105.6115528,150,Unhealthy for Sensitive Groups,2,22.9,96,0.0,14.5,145,1007.5,15,42.3,46.1,346.0,42.1,31.0,40.1
2026-03-27 01:00:00,2026,3,27,1,Hà Nội,Xã Tây Phương,21.0403672,105.6115528,151,Unhealthy,3,24.0,96,0.0,14.8,142,1007.2,100,43.0,47.1,339.0,41.0,30.0,39.2
2026-03-27 02:00:00,2026,3,27,2,Hà Nội,Xã Tây Phương,21.0403672,105.6115528,151,Unhealthy,3,24.1,94,0.0,15.9,142,1006.7,100,44.0,48.9,331.0,39.6,29.0,38.1
2026-03-27 03:00:00,2026,3,27,3,Hà Nội,Xã Tây Phương,21.0403672,105.6115528,151,Unhealthy,3,24.0,94,0.0,14.7,140,1006.4,100,48.4,52.6,325.0,38.1,27.0,37.0
2026-03-27 04:00:00,2026,3,27,4,Hà Nội,Xã Tây Phương,21.0403672,105.6115528,151,Unhealthy,3,24.0,93,0.0,14.2,140,1006.4,100,53.8,57.7,333.0,37.0,26.0,36.6
2026-03-27 05:00:00,2026,3,27,5,Hà Nội,Xã Tây Phương,21.0403672,105.6115528,151,Unhealthy,3,24.0,92,0.0,13.8,139,1006.6,100,57.7,61.7,371.0,36.9,23.0,37.6
2026-03-27 06:00:00,2026,3,27,6,Hà Nội,Xã Tây Phương,21.0403672,105.6115528,151,Unhealthy,3,24.0,92,0.0,13.7,140,1007.1,100,60.5,64.3,423.0,37.3,20.0,39.4
2026-03-27 07:00:00,2026,3,27,7,Hà Nội,Xã Tây Phương,21.0403672,105.6115528,151,Unhealthy,3,23.9,91,0.0,14.2,141,1008.5,100,67.1,72.4,452.0,40.9,15.0,43.6
2026-03-27 08:00:00,2026,3,27,8,Hà Nội,Xã Tây Phương,21.0403672,105.6115528,151,Unhealthy,3,24.4,89,0.0,13.9,149,1009.2,100,59.3,64.3,435.0,37.9,23.0,42.1
2026-03-27 09:00:00,2026,3,27,9,Hà Nội,Xã Tây Phương,21.0403672,105.6115528,151,Unhealthy,3,25.6,84,0.1,10.8,152,1009.7,100,53.3,57.9,395.0,33.6,34.0,40.0
2026-03-27 10:00:00,2026,3,27,10,Hà Nội,Xã Tây Phương,21.0403672,105.6115528,151,Unhealthy,3,26.8,79,0.1,10.1,153,1009.7,100,51.3,55.2,364.0,29.6,48.0,37.9
2026-03-27 11:00:00,2026,3,27,11,Hà Nội,Xã Tây Phương,21.0403672,105.6115528,151,Unhealthy,3,27.1,78,0.1,9.7,152,1009.3,100,52.4,56.5,353.0,26.4,66.0,35.9
2026-03-27 12:00:00,2026,3,27,12,Hà Nội,Xã Tây Phương,21.0403672,105.6115528,150,Unhealthy for Sensitive Groups,2,28.0,75,0.1,10.1,141,1008.1,99,57.7,61.9,352.0,23.6,87.0,33.9
2026-03-27 13:00:00,2026,3,27,13,Hà Nội,Xã Tây Phương,21.0403672,105.6115528,150,Unhealthy for Sensitive Groups,2,29.0,70,0.0,11.2,134,1006.9,100,61.9,66.1,353.0,20.9,108.0,31.8
2026-03-27 14:00:00,2026,3,27,14,Hà Nội,Xã Tây Phương,21.0403672,105.6115528,150,Unhealthy for Sensitive Groups,2,28.6,70,0.0,13.4,129,1005.9,23,66.4,70.8,357.0,17.3,133.0,29.1
2026-03-27 15:00:00,2026,3,27,15,Hà Nội,Xã Tây Phương,21.0403672,105.6115528,150,Unhealthy for Sensitive Groups,2,29.6,66,0.0,14.1,136,1004.8,41,71.7,76.1,365.0,13.9,158.0,26.4
2026-03-27 16:00:00,2026,3,27,16,Hà Nội,Xã Tây Phương,21.0403672,105.6115528,150,Unhealthy for Sensitive Groups,2,29.5,66,0.0,15.8,139,1004.1,10,72.2,76.4,373.0,13.9,166.0,25.6
2026-03-27 17:00:00,2026,3,27,17,Hà Nội,Xã Tây Phương,21.0403672,105.6115528,150,Unhealthy for Sensitive Groups,2,28.5,73,0.0,20.1,134,1003.9,8,68.0,71.2,384.0,20.5,143.0,28.6
2026-03-27 18:00:00,2026,3,27,18,Hà Nội,Xã Tây Phương,21.0403672,105.6115528,150,Unhealthy for Sensitive Groups,2,26.9,80,0.0,16.8,138,1004.4,8,61.0,63.6,395.0,30.5,102.0,33.6
2026-03-27 19:00:00,2026,3,27,19,Hà Nội,Xã Tây Phương,21.0403672,105.6115528,150,Unhealthy for Sensitive Groups,2,26.8,81,0.0,17.2,147,1005.6,53,61.2,63.6,398.0,41.4,68.0,39.2
2026-03-27 20:00:00,2026,3,27,20,Hà Nội,Xã Tây Phương,21.0403672,105.6115528,150,Unhealthy for Sensitive Groups,2,26.0,84,0.0,16.8,139,1006.3,57,47.8,50.1,387.0,41.4,58.0,38.6
2026-03-27 21:00:00,2026,3,27,21,Hà Nội,Xã Tây Phương,21.0403672,105.6115528,150,Unhealthy for Sensitive Groups,2,25.5,86,0.0,13.5,139,1007.5,100,38.8,40.7,368.0,41.4,45.0,37.7
2026-03-27 22:00:00,2026,3,27,22,Hà Nội,Xã Tây Phương,21.0403672,105.6115528,149,Unhealthy for Sensitive Groups,2,25.2,87,0.0,16.2,144,1008.0,100,34.5,36.9,351.0,40.9,35.0,36.7
2026-03-27 23:00:00,2026,3,27,23,Hà Nội,Xã Tây Phương,21.0403672,105.6115528,148,Unhealthy for Sensitive Groups,2,24.7,89,0.0,16.2,148,1007.8,99,32.9,35.7,340.0,39.4,33.0,35.3
2026-03-28 00:00:00,2026,3,28,0,Hà Nội,Xã Tây Phương,21.0403672,105.6115528,147,Unhealthy for Sensitive Groups,2,24.2,91,0.0,13.7,146,1007.5,91,33.3,36.0,332.0,37.5,35.0,33.7
2026-03-28 01:00:00,2026,3,28,1,Hà Nội,Xã Tây Phương,21.0403672,105.6115528,146,Unhealthy for Sensitive Groups,2,24.7,93,0.0,13.8,139,1007.1,100,34.0,36.8,326.0,36.3,36.0,32.7
2026-03-28 02:00:00,2026,3,28,2,Hà Nội,Xã Tây Phương,21.0403672,105.6115528,146,Unhealthy for Sensitive Groups,2,24.7,92,0.0,14.7,140,1006.5,100,34.1,37.3,321.0,36.2,35.0,32.7
2026-03-28 03:00:00,2026,3,28,3,Hà Nội,Xã Tây Phương,21.0403672,105.6115528,145,Unhealthy for Sensitive Groups,2,24.6,92,0.0,14.1,140,1006.3,100,33.8,37.5,319.0,36.9,33.0,33.3
2026-03-28 04:00:00,2026,3,28,4,Hà Nội,Xã Tây Phương,21.0403672,105.6115528,143,Unhealthy for Sensitive Groups,2,24.4,92,0.0,13.0,135,1006.4,100,34.3,37.8,326.0,38.0,31.0,34.4
2026-03-28 05:00:00,2026,3,28,5,Hà Nội,Xã Tây Phương,21.0403672,105.6115528,141,Unhealthy for Sensitive Groups,2,24.3,93,0.0,14.3,136,1006.8,100,35.3,38.8,352.0,40.3,27.0,36.3
2026-03-28 06:00:00,2026,3,28,6,Hà Nội,Xã Tây Phương,21.0403672,105.6115528,139,Unhealthy for Sensitive Groups,2,24.1,93,0.0,14.0,138,1007.6,100,37.0,40.5,386.0,43.1,23.0,38.6
2026-03-28 07:00:00,2026,3,28,7,Hà Nội,Xã Tây Phương,21.0403672,105.6115528,136,Unhealthy for Sensitive Groups,2,24.0,93,0.0,13.0,132,1009.0,100,58.0,62.6,402.0,44.6,17.0,42.0
2026-03-28 08:00:00,2026,3,28,8,Hà Nội,Xã Tây Phương,21.0403672,105.6115528,135,Unhealthy for Sensitive Groups,2,24.4,90,0.1,13.2,140,1009.7,100,50.9,55.8,382.0,41.6,22.0,42.0
2026-03-28 09:00:00,2026,3,28,9,Hà Nội,Xã Tây Phương,21.0403672,105.6115528,134,Unhealthy for Sensitive Groups,2,25.2,85,0.1,14.0,144,1010.0,100,45.8,50.1,344.0,37.3,30.0,41.9
2026-03-28 10:00:00,2026,3,28,10,Hà Nội,Xã Tây Phương,21.0403672,105.6115528,134,Unhealthy for Sensitive Groups,2,26.5,79,0.0,14.2,147,1009.8,100,41.9,46.0,316.0,33.0,42.0,40.6
2026-03-28 11:00:00,2026,3,28,11,Hà Nội,Xã Tây Phương,21.0403672,105.6115528,133,Unhealthy for Sensitive Groups,2,27.9,74,0.0,11.7,153,1009.3,96,41.6,45.5,312.0,28.6,61.0,36.7
2026-03-28 12:00:00,2026,3,28,12,Hà Nội,Xã Tây Phương,21.0403672,105.6115528,131,Unhealthy for Sensitive Groups,2,29.2,68,0.1,10.4,157,1008.1,100,48.5,51.6,318.0,24.1,83.0,31.6
2026-03-28 13:00:00,2026,3,28,13,Hà Nội,Xã Tây Phương,21.0403672,105.6115528,131,Unhealthy for Sensitive Groups,2,29.2,68,0.0,10.9,153,1007.3,100,62.4,65.7,324.0,21.2,100.0,28.4
2026-03-28 14:00:00,2026,3,28,14,Hà Nội,Xã Tây Phương,21.0403672,105.6115528,131,Unhealthy for Sensitive Groups,2,29.0,69,0.0,13.2,141,1006.1,70,65.2,68.0,325.0,20.2,111.0,28.6
2026-03-28 15:00:00,2026,3,28,15,Hà Nội,Xã Tây Phương,21.0403672,105.6115528,130,Unhealthy for Sensitive Groups,2,30.0,64,0.0,12.8,141,1005.0,100,67.1,69.8,326.0,20.8,116.0,30.7
2026-03-28 16:00:00,2026,3,28,16,Hà Nội,Xã Tây Phương,21.0403672,105.6115528,130,Unhealthy for Sensitive Groups,2,29.4,67,0.0,15.3,136,1004.6,100,65.7,68.2,333.0,23.3,113.0,32.8
2026-03-28 17:00:00,2026,3,28,17,Hà Nội,Xã Tây Phương,21.0403672,105.6115528,129,Unhealthy for Sensitive Groups,2,28.4,72,0.0,17.7,131,1004.6,9,60.8,62.9,356.0,29.2,96.0,34.9
2026-03-28 18:00:00,2026,3,28,18,Hà Nội,Xã Tây Phương,21.0403672,105.6115528,129,Unhealthy for Sensitive Groups,2,27.1,76,0.0,16.7,127,1005.1,6,57.0,58.7,386.0,37.1,70.0,37.1
2026-03-28 19:00:00,2026,3,28,19,Hà Nội,Xã Tây Phương,21.0403672,105.6115528,128,Unhealthy for Sensitive Groups,2,26.4,82,0.0,14.5,136,1005.9,18,56.8,58.7,400.0,41.4,61.0,40.1
2026-03-28 20:00:00,2026,3,28,20,Hà Nội,Xã Tây Phương,21.0403672,105.6115528,128,Unhealthy for Sensitive Groups,2,25.9,83,0.0,16.3,138,1006.8,28,45.6,47.7,384.0,39.7,53.0,37.7
2026-03-28 21:00:00,2026,3,28,21,Hà Nội,Xã Tây Phương,21.0403672,105.6115528,127,Unhealthy for Sensitive Groups,2,25.3,86,0.0,15.4,139,1007.4,13,38.8,41.0,352.0,37.4,43.0,34.3
2026-03-28 22:00:00,2026,3,28,22,Hà Nội,Xã Tây Phương,21.0403672,105.6115528,127,Unhealthy for Sensitive Groups,2,24.7,91,0.0,13.7,142,1007.6,41,38.4,40.7,323.0,35.5,35.0,31.2
2026-03-28 23:00:00,2026,3,28,23,Hà Nội,Xã Tây Phương,21.0403672,105.6115528,128,Unhealthy for Sensitive Groups,2,24.5,93,0.0,12.7,141,1007.5,100,38.9,41.3,301.0,34.4,32.0,28.9
2026-03-29 00:00:00,2026,3,29,0,Hà Nội,Xã Tây Phương,21.0403672,105.6115528,128,Unhealthy for Sensitive Groups,2,24.8,92,0.0,14.2,141,1007.1,100,38.4,40.6,281.0,33.6,32.0,26.9
2026-03-29 01:00:00,2026,3,29,1,Hà Nội,Xã Tây Phương,21.0403672,105.6115528,129,Unhealthy for Sensitive Groups,2,25.0,94,0.0,14.5,134,1006.3,100,38.3,40.4,268.0,33.0,32.0,25.6
2026-03-29 02:00:00,2026,3,29,2,Hà Nội,Xã Tây Phương,21.0403672,105.6115528,129,Unhealthy for Sensitive Groups,2,25.0,93,0.0,15.0,138,1005.9,100,38.3,40.2,261.0,32.4,31.0,24.9
2026-03-29 03:00:00,2026,3,29,3,Hà Nội,Xã Tây Phương,21.0403672,105.6115528,130,Unhealthy for Sensitive Groups,2,24.8,94,0.0,14.4,140,1005.5,100,38.0,39.8,260.0,32.0,30.0,24.9
2026-03-29 04:00:00,2026,3,29,4,Hà Nội,Xã Tây Phương,21.0403672,105.6115528,130,Unhealthy for Sensitive Groups,2,24.8,94,0.1,13.8,139,1005.7,100,37.6,39.6,270.0,32.1,29.0,25.6
2026-03-29 05:00:00,2026,3,29,5,Hà Nội,Xã Tây Phương,21.0403672,105.6115528,131,Unhealthy for Sensitive Groups,2,24.6,94,0.1,14.8,139,1005.9,100,38.2,40.4,299.0,33.7,26.0,27.8
2026-03-29 06:00:00,2026,3,29,6,Hà Nội,Xã Tây Phương,21.0403672,105.6115528,131,Unhealthy for Sensitive Groups,2,24.6,94,0.0,14.8,143,1006.6,100,39.0,41.2,339.0,35.9,22.0,30.8
2026-03-29 07:00:00,2026,3,29,7,Hà Nội,Xã Tây Phương,21.0403672,105.6115528,131,Unhealthy for Sensitive Groups,2,23.6,97,0.1,14.6,140,1008.5,100,42.3,44.5,367.0,38.0,20.0,34.1
2026-03-29 08:00:00,2026,3,29,8,Hà Nội,Xã Tây Phương,21.0403672,105.6115528,130,Unhealthy for Sensitive Groups,2,24.1,94,0.2,8.9,118,1009.1,100,39.6,42.4,373.0,35.2,26.0,34.2
2026-03-29 09:00:00,2026,3,29,9,Hà Nội,Xã Tây Phương,21.0403672,105.6115528,128,Unhealthy for Sensitive Groups,2,24.3,94,0.3,17.0,156,1009.8,100,40.2,42.7,368.0,31.0,36.0,34.2
2026-03-29 10:00:00,2026,3,29,10,Hà Nội,Xã Tây Phương,21.0403672,105.6115528,128,Unhealthy for Sensitive Groups,2,24.5,92,0.1,17.1,163,1009.3,27,35.7,38.1,358.0,26.4,53.0,33.0
2026-03-29 11:00:00,2026,3,29,11,Hà Nội,Xã Tây Phương,21.0403672,105.6115528,127,Unhealthy for Sensitive Groups,2,28.1,74,0.0,23.7,158,1008.8,53,37.4,39.0,344.0,20.6,84.0,29.4
2026-03-29 12:00:00,2026,3,29,12,Hà Nội,Xã Tây Phương,21.0403672,105.6115528,127,Unhealthy for Sensitive Groups,2,29.1,70,0.0,20.3,157,1007.7,38,40.4,41.7,325.0,14.3,122.0,24.5
2026-03-29 13:00:00,2026,3,29,13,Hà Nội,Xã Tây Phương,21.0403672,105.6115528,126,Unhealthy for Sensitive Groups,2,29.4,67,0.0,20.9,144,1006.0,7,39.9,41.0,312.0,10.1,149.0,21.5
2026-03-29 14:00:00,2026,3,29,14,Hà Nội,Xã Tây Phương,21.0403672,105.6115528,123,Unhealthy for Sensitive Groups,2,29.9,67,0.0,23.4,147,1004.8,24,39.1,40.2,307.0,8.9,157.0,21.6
2026-03-29 15:00:00,2026,3,29,15,Hà Nội,Xã Tây Phương,21.0403672,105.6115528,121,Unhealthy for Sensitive Groups,2,30.9,61,0.0,22.2,146,1003.7,12,37.5,38.5,308.0,9.7,154.0,23.4
2026-03-29 16:00:00,2026,3,29,16,Hà Nội,Xã Tây Phương,21.0403672,105.6115528,118,Unhealthy for Sensitive Groups,2,30.2,64,0.0,24.8,147,1003.0,17,35.9,36.8,315.0,12.4,143.0,25.8
2026-03-29 17:00:00,2026,3,29,17,Hà Nội,Xã Tây Phương,21.0403672,105.6115528,115,Unhealthy for Sensitive Groups,2,29.0,71,0.0,23.7,141,1002.9,9,37.4,38.3,333.0,18.2,121.0,28.9
2026-03-29 18:00:00,2026,3,29,18,Hà Nội,Xã Tây Phương,21.0403672,105.6115528,112,Unhealthy for Sensitive Groups,2,27.6,76,0.0,21.2,142,1003.4,10,35.6,36.6,356.0,26.0,92.0,32.6
2026-03-29 19:00:00,2026,3,29,19,Hà Nội,Xã Tây Phương,21.0403672,105.6115528,110,Unhealthy for Sensitive Groups,2,27.6,81,0.0,16.0,150,1003.8,27,35.4,36.2,373.0,31.6,69.0,34.9
2026-03-29 20:00:00,2026,3,29,20,Hà Nội,Xã Tây Phương,21.0403672,105.6115528,108,Unhealthy for Sensitive Groups,2,27.1,84,0.0,15.2,153,1004.5,30,34.9,35.7,376.0,31.9,64.0,34.7
2026-03-29 21:00:00,2026,3,29,21,Hà Nội,Xã Tây Phương,21.0403672,105.6115528,107,Unhealthy for Sensitive Groups,2,26.4,86,0.0,21.0,170,1005.4,35,38.1,39.0,372.0,32.2,56.0,34.3
2026-03-29 22:00:00,2026,3,29,22,Hà Nội,Xã Tây Phương,21.0403672,105.6115528,107,Unhealthy for Sensitive Groups,2,26.1,87,0.0,15.0,164,1005.1,2,43.5,44.6,370.0,32.3,50.0,33.8
2026-03-29 23:00:00,2026,3,29,23,Hà Nội,Xã Tây Phương,21.0403672,105.6115528,107,Unhealthy for Sensitive Groups,2,25.5,91,0.0,15.5,162,1004.5,2,48.9,49.9,371.0,31.8,47.0,32.7
2026-03-30 00:00:00,2026,3,30,0,Hà Nội,Xã Tây Phương,21.0403672,105.6115528,108,Unhealthy for Sensitive Groups,2,25.0,94,0.0,15.3,163,1004.5,3,53.1,54.1,375.0,31.2,46.0,31.4
2026-03-30 01:00:00,2026,3,30,1,Hà Nội,Xã Tây Phương,21.0403672,105.6115528,110,Unhealthy for Sensitive Groups,2,24.4,96,0.0,3.5,159,1005.0,12,57.4,58.6,387.0,31.1,44.0,30.9
2026-03-30 02:00:00,2026,3,30,2,Hà Nội,Xã Tây Phương,21.0403672,105.6115528,112,Unhealthy for Sensitive Groups,2,24.0,98,0.0,5.7,152,1004.5,38,61.7,62.9,411.0,32.1,40.0,31.7
2026-03-30 03:00:00,2026,3,30,3,Hà Nội,Xã Tây Phương,21.0403672,105.6115528,114,Unhealthy for Sensitive Groups,2,24.1,100,0.0,6.8,18,1004.5,100,65.7,66.8,444.0,33.7,36.0,33.3
2026-03-30 04:00:00,2026,3,30,4,Hà Nội,Xã Tây Phương,21.0403672,105.6115528,117,Unhealthy for Sensitive Groups,2,24.2,100,0.0,8.7,56,1004.5,100,69.6,70.8,481.0,35.2,33.0,35.2
2026-03-30 05:00:00,2026,3,30,5,Hà Nội,Xã Tây Phương,21.0403672,105.6115528,120,Unhealthy for Sensitive Groups,2,23.9,98,0.0,7.1,52,1005.3,100,72.9,74.0,534.0,37.0,28.0,38.1
2026-03-30 06:00:00,2026,3,30,6,Hà Nội,Xã Tây Phương,21.0403672,105.6115528,124,Unhealthy for Sensitive Groups,2,23.7,97,0.0,7.3,36,1005.7,100,75.7,76.8,591.0,38.7,23.0,41.3
2026-03-30 07:00:00,2026,3,30,7,Hà Nội,Xã Tây Phương,21.0403672,105.6115528,128,Unhealthy for Sensitive Groups,2,22.8,94,0.0,6.4,232,1006.5,42,81.0,82.9,615.0,38.8,29.0,42.3
2026-03-30 08:00:00,2026,3,30,8,Hà Nội,Xã Tây Phương,21.0403672,105.6115528,132,Unhealthy for Sensitive Groups,2,24.4,88,0.0,4.9,190,1007.4,45,72.2,73.8,578.0,34.1,53.0,41.5
2026-03-30 09:00:00,2026,3,30,9,Hà Nội,Xã Tây Phương,21.0403672,105.6115528,135,Unhealthy for Sensitive Groups,2,25.8,85,0.0,4.5,140,1007.9,100,67.1,68.9,509.0,27.4,87.0,40.3
2026-03-30 10:00:00,2026,3,30,10,Hà Nội,Xã Tây Phương,21.0403672,105.6115528,138,Unhealthy for Sensitive Groups,2,27.5,78,0.0,10.3,149,1007.5,63,65.2,67.3,455.0,21.2,121.0,38.5
2026-03-30 11:00:00,2026,3,30,11,Hà Nội,Xã Tây Phương,21.0403672,105.6115528,141,Unhealthy for Sensitive Groups,2,30.0,70,0.0,10.9,136,1006.7,13,62.9,65.0,438.0,16.0,155.0,35.9
2026-03-30 12:00:00,2026,3,30,12,Hà Nội,Xã Tây Phương,21.0403672,105.6115528,144,Unhealthy for Sensitive Groups,2,31.6,65,0.0,13.4,147,1005.2,16,61.5,63.3,437.0,11.3,189.0,32.7
2026-03-30 13:00:00,2026,3,30,13,Hà Nội,Xã Tây Phương,21.0403672,105.6115528,146,Unhealthy for Sensitive Groups,2,31.6,63,0.0,11.9,145,1004.4,17,60.8,63.3,431.0,8.1,209.0,29.4
2026-03-30 14:00:00,2026,3,30,14,Hà Nội,Xã Tây Phương,21.0403672,105.6115528,148,Unhealthy for Sensitive Groups,2,31.9,63,0.0,17.0,132,1003.1,23,57.6,61.5,404.0,6.3,209.0,25.0
2026-03-30 15:00:00,2026,3,30,15,Hà Nội,Xã Tây Phương,21.0403672,105.6115528,150,Unhealthy for Sensitive Groups,2,32.5,61,0.0,19.1,122,1001.9,16,54.2,59.6,372.0,6.0,196.0,20.5
2026-03-30 16:00:00,2026,3,30,16,Hà Nội,Xã Tây Phương,21.0403672,105.6115528,150,Unhealthy for Sensitive Groups,2,32.3,60,0.1,20.4,118,1001.2,32,53.4,58.8,367.0,9.0,179.0,19.4
2026-03-30 17:00:00,2026,3,30,17,Hà Nội,Xã Tây Phương,21.0403672,105.6115528,152,Unhealthy,3,30.5,70,0.0,20.4,118,1001.2,6,60.1,64.3,416.0,18.0,160.0,24.8
2026-03-30 18:00:00,2026,3,30,18,Hà Nội,Xã Tây Phương,21.0403672,105.6115528,164,Unhealthy,3,29.3,73,0.0,13.0,134,1002.3,2,66.6,69.6,492.0,30.2,137.0,33.6
2026-03-30 19:00:00,2026,3,30,19,Hà Nội,Xã Tây Phương,21.0403672,105.6115528,166,Unhealthy,3,28.7,79,0.0,12.4,131,1002.7,2,78.5,78.9,545.0,34.9,147.0,46.1
2026-03-30 20:00:00,2026,3,30,20,Hà Nội,Xã Tây Phương,21.0403672,105.6115528,165,Unhealthy,3,28.0,77,0.0,15.0,147,1003.3,1,72.2,72.6,551.0,35.3,130.0,44.6
2026-03-30 21:00:00,2026,3,30,21,Hà Nội,Xã Tây Phương,21.0403672,105.6115528,155,Unhealthy,3,27.4,78,0.0,17.6,147,1004.3,0,64.3,64.7,534.0,35.9,107.0,42.4
2026-03-30 22:00:00,2026,3,30,22,Hà Nội,Xã Tây Phương,21.0403672,105.6115528,154,Unhealthy,3,26.6,81,0.0,17.3,149,1004.6,1,57.3,57.9,519.0,36.3,87.0,40.1
2026-03-30 23:00:00,2026,3,30,23,Hà Nội,Xã Tây Phương,21.0403672,105.6115528,155,Unhealthy,3,25.9,83,0.0,15.9,155,1004.6,0,50.3,51.3,514.0,36.4,76.0,37.5
2026-03-31 00:00:00,2026,3,31,0,Hà Nội,Xã Tây Phương,21.0403672,105.6115528,155,Unhealthy,3,25.2,86,0.0,14.8,157,1004.4,0,44.8,45.6,512.0,36.4,69.0,34.7
2026-03-31 01:00:00,2026,3,31,1,Hà Nội,Xã Tây Phương,21.0403672,105.6115528,154,Unhealthy,3,25.6,89,0.0,10.5,147,1003.9,0,42.0,43.0,511.0,36.7,63.0,32.4
2026-03-31 02:00:00,2026,3,31,2,Hà Nội,Xã Tây Phương,21.0403672,105.6115528,154,Unhealthy,3,24.6,94,0.0,4.6,154,1003.7,0,38.9,40.9,501.0,37.3,56.0,30.7
2026-03-31 03:00:00,2026,3,31,3,Hà Nội,Xã Tây Phương,21.0403672,105.6115528,154,Unhealthy,3,24.4,94,0.0,6.8,138,1003.3,0,38.5,40.9,493.0,38.2,49.0,29.6
2026-03-31 04:00:00,2026,3,31,4,Hà Nội,Xã Tây Phương,21.0403672,105.6115528,153,Unhealthy,3,24.0,94,0.0,7.7,141,1003.2,0,44.0,46.2,518.0,39.4,43.0,29.8
2026-03-31 05:00:00,2026,3,31,5,Hà Nội,Xã Tây Phương,21.0403672,105.6115528,152,Unhealthy,3,23.5,96,0.0,5.2,149,1003.8,0,48.9,51.2,619.0,41.9,34.0,31.7
2026-03-31 06:00:00,2026,3,31,6,Hà Nội,Xã Tây Phương,21.0403672,105.6115528,152,Unhealthy,3,23.0,96,0.0,0.8,225,1004.7,6,54.5,57.0,754.0,44.7,26.0,34.9
2026-03-31 07:00:00,2026,3,31,7,Hà Nội,Xã Tây Phương,21.0403672,105.6115528,151,Unhealthy,3,24.3,96,0.0,3.3,283,1005.7,17,69.4,72.6,828.0,46.1,22.0,37.9
2026-03-31 08:00:00,2026,3,31,8,Hà Nội,Xã Tây Phương,21.0403672,105.6115528,151,Unhealthy,3,26.4,88,0.0,6.2,296,1006.4,82,54.8,58.9,782.0,42.6,40.0,42.5
2026-03-31 09:00:00,2026,3,31,9,Hà Nội,Xã Tây Phương,21.0403672,105.6115528,151,Unhealthy,3,28.0,83,0.0,5.7,307,1007.0,6,63.1,65.7,675.0,37.4,65.0,48.6
2026-03-31 10:00:00,2026,3,31,10,Hà Nội,Xã Tây Phương,21.0403672,105.6115528,151,Unhealthy,3,29.9,77,0.0,1.9,338,1006.7,3,72.4,75.4,587.0,31.8,98.0,52.3
2026-03-31 11:00:00,2026,3,31,11,Hà Nội,Xã Tây Phương,21.0403672,105.6115528,151,Unhealthy,3,31.6,70,0.0,3.4,93,1005.7,0,79.4,82.9,551.0,25.2,143.0,51.5
2026-03-31 12:00:00,2026,3,31,12,Hà Nội,Xã Tây Phương,21.0403672,105.6115528,151,Unhealthy,3,33.2,63,0.0,5.4,127,1004.7,3,84.1,88.0,535.0,18.1,195.0,48.3
2026-03-31 13:00:00,2026,3,31,13,Hà Nội,Xã Tây Phương,21.0403672,105.6115528,152,Unhealthy,3,34.0,59,0.0,5.8,95,1003.5,23,87.1,91.5,523.0,13.0,233.0,44.5
2026-03-31 14:00:00,2026,3,31,14,Hà Nội,Xã Tây Phương,21.0403672,105.6115528,152,Unhealthy,3,34.0,56,0.0,9.5,119,1002.5,34,86.6,91.3,506.0,10.9,252.0,40.1
2026-03-31 15:00:00,2026,3,31,15,Hà Nội,Xã Tây Phương,21.0403672,105.6115528,153,Unhealthy,3,34.0,54,0.0,10.7,125,1001.9,17,85.2,90.6,494.0,10.8,257.0,35.1
2026-03-31 16:00:00,2026,3,31,16,Hà Nội,Xã Tây Phương,21.0403672,105.6115528,154,Unhealthy,3,34.2,55,0.0,8.0,136,1001.7,10,82.4,87.8,498.0,12.1,247.0,31.8
2026-03-31 17:00:00,2026,3,31,17,Hà Nội,Xã Tây Phương,21.0403672,105.6115528,175,Unhealthy,3,32.9,61,0.0,7.1,126,1002.0,7,78.5,82.0,536.0,15.4,212.0,31.5
2026-03-31 18:00:00,2026,3,31,18,Hà Nội,Xã Tây Phương,21.0403672,105.6115528,199,Unhealthy,3,30.6,63,0.0,9.5,22,1003.1,5,68.5,71.2,589.0,20.2,161.0,32.8
2026-03-31 19:00:00,2026,3,31,19,Hà Nội,Xã Tây Phương,21.0403672,105.6115528,204,Very Unhealthy,4,29.2,76,0.0,4.4,109,1003.7,9,82.7,87.3,617.0,17.9,161.0,28.8
2026-03-31 20:00:00,2026,3,31,20,Hà Nội,Xã Tây Phương,21.0403672,105.6115528,205,Very Unhealthy,4,29.1,80,0.0,20.9,58,1004.7,7,66.6,70.3,597.0,18.6,140.0,27.6
2026-03-31 21:00:00,2026,3,31,21,Hà Nội,Xã Tây Phương,21.0403672,105.6115528,201,Very Unhealthy,4,25.3,80,0.0,17.6,62,1006.6,5,65.0,68.7,551.0,19.4,111.0,26.0
2026-03-31 22:00:00,2026,3,31,22,Hà Nội,Xã Tây Phương,21.0403672,105.6115528,183,Unhealthy,3,24.7,85,0.3,23.2,48,1008.3,33,65.7,70.3,504.0,19.8,90.0,24.6
2026-03-31 23:00:00,2026,3,31,23,Hà Nội,Xã Tây Phương,21.0403672,105.6115528,157,Unhealthy,3,24.8,81,0.0,16.1,74,1009.3,81,65.0,69.8,460.0,19.1,87.0,23.6
2026-04-01 00:00:00,2026,4,1,0,Hà Nội,Xã Tây Phương,21.0403672,105.6115528,155,Unhealthy,3,24.7,75,0.0,15.2,64,1009.2,93,59.5,64.7,415.0,17.9,93.0,23.0
2026-04-01 01:00:00,2026,4,1,1,Hà Nội,Xã Tây Phương,21.0403672,105.6115528,156,Unhealthy,3,24.1,91,0.0,2.5,98,1008.6,81,61.0,66.6,386.0,17.2,96.0,23.1
2026-04-01 02:00:00,2026,4,1,2,Hà Nội,Xã Tây Phương,21.0403672,105.6115528,156,Unhealthy,3,23.7,93,0.8,6.7,341,1009.2,46,63.8,69.6,380.0,17.3,92.0,24.6
2026-04-01 03:00:00,2026,4,1,3,Hà Nội,Xã Tây Phương,21.0403672,105.6115528,156,Unhealthy,3,23.4,90,0.1,4.3,15,1009.2,100,65.0,70.8,391.0,18.0,85.0,26.9
2026-04-01 04:00:00,2026,4,1,4,Hà Nội,Xã Tây Phương,21.0403672,105.6115528,157,Unhealthy,3,23.6,85,0.0,7.4,39,1009.6,63,61.7,67.1,412.0,19.2,78.0,28.8
2026-04-01 05:00:00,2026,4,1,5,Hà Nội,Xã Tây Phương,21.0403672,105.6115528,157,Unhealthy,3,23.0,87,0.0,6.5,58,1010.5,97,51.8,56.2,446.0,21.6,69.0,29.7
2026-04-01 06:00:00,2026,4,1,6,Hà Nội,Xã Tây Phương,21.0403672,105.6115528,157,Unhealthy,3,23.3,81,0.0,7.9,70,1011.2,100,52.2,55.6,491.0,24.7,60.0,30.3
2026-04-01 07:00:00,2026,4,1,7,Hà Nội,Xã Tây Phương,21.0403672,105.6115528,157,Unhealthy,3,23.5,68,0.0,11.5,49,1011.7,100,46.6,48.7,533.0,25.0,59.0,30.6
2026-04-01 08:00:00,2026,4,1,8,Hà Nội,Xã Tây Phương,21.0403672,105.6115528,157,Unhealthy,3,23.5,66,0.0,11.1,58,1012.9,100,33.1,34.1,576.0,23.3,63.0,29.5
2026-04-01 09:00:00,2026,4,1,9,Hà Nội,Xã Tây Phương,21.0403672,105.6115528,156,Unhealthy,3,23.8,64,0.0,10.1,66,1013.3,100,27.8,28.2,617.0,20.9,69.0,28.1
2026-04-01 10:00:00,2026,4,1,10,Hà Nội,Xã Tây Phương,21.0403672,105.6115528,156,Unhealthy,3,24.4,64,0.0,8.5,77,1013.4,96,26.0,26.4,633.0,18.7,77.0,27.6
2026-04-01 11:00:00,2026,4,1,11,Hà Nội,Xã Tây Phương,21.0403672,105.6115528,155,Unhealthy,3,25.6,62,0.0,8.6,74,1012.8,75,25.9,26.3,604.0,17.0,87.0,28.7
2026-04-01 12:00:00,2026,4,1,12,Hà Nội,Xã Tây Phương,21.0403672,105.6115528,154,Unhealthy,3,26.8,61,0.0,8.3,85,1011.4,71,27.2,27.8,551.0,15.6,99.0,30.7
2026-04-01 13:00:00,2026,4,1,13,Hà Nội,Xã Tây Phương,21.0403672,105.6115528,152,Unhealthy,3,27.0,61,0.0,7.1,126,1010.8,100,30.2,31.1,510.0,14.5,113.0,32.2
2026-04-01 14:00:00,2026,4,1,14,Hà Nội,Xã Tây Phương,21.0403672,105.6115528,151,Unhealthy,3,27.1,62,0.0,9.3,137,1009.5,88,34.1,35.5,495.0,12.3,134.0,31.9
2026-04-01 15:00:00,2026,4,1,15,Hà Nội,Xã Tây Phương,21.0403672,105.6115528,149,Unhealthy for Sensitive Groups,2,27.5,62,0.0,11.4,153,1008.3,100,39.5,41.4,492.0,10.5,157.0,31.1
2026-04-01 16:00:00,2026,4,1,16,Hà Nội,Xã Tây Phương,21.0403672,105.6115528,145,Unhealthy for Sensitive Groups,2,26.8,67,0.0,13.8,151,1007.7,99,45.2,47.5,496.0,13.2,166.0,32.2
2026-04-01 17:00:00,2026,4,1,17,Hà Nội,Xã Tây Phương,21.0403672,105.6115528,141,Unhealthy for Sensitive Groups,2,26.0,72,0.0,15.1,152,1007.2,75,52.2,54.5,509.0,24.9,150.0,36.9
2026-04-01 18:00:00,2026,4,1,18,Hà Nội,Xã Tây Phương,21.0403672,105.6115528,138,Unhealthy for Sensitive Groups,2,25.7,72,0.0,11.9,150,1007.4,100,70.3,72.4,530.0,41.2,121.0,43.5
2026-04-01 19:00:00,2026,4,1,19,Hà Nội,Xã Tây Phương,21.0403672,105.6115528,138,Unhealthy for Sensitive Groups,2,24.6,74,0.0,13.1,143,1008.9,11,105.9,109.0,549.0,56.2,78.0,50.8
2026-04-01 20:00:00,2026,4,1,20,Hà Nội,Xã Tây Phương,21.0403672,105.6115528,141,Unhealthy for Sensitive Groups,2,23.9,77,0.0,12.7,136,1009.6,4,113.9,116.9,564.0,57.5,67.0,52.3
2026-04-01 21:00:00,2026,4,1,21,Hà Nội,Xã Tây Phương,21.0403672,105.6115528,145,Unhealthy for Sensitive Groups,2,23.3,79,0.0,12.2,149,1010.4,4,117.1,119.7,577.0,59.2,52.0,54.3
2026-04-01 22:00:00,2026,4,1,22,Hà Nội,Xã Tây Phương,21.0403672,105.6115528,150,Unhealthy for Sensitive Groups,2,22.7,81,0.0,13.7,152,1011.1,0,115.0,117.8,583.0,59.6,41.0,54.8
2026-04-01 23:00:00,2026,4,1,23,Hà Nội,Xã Tây Phương,21.0403672,105.6115528,151,Unhealthy,3,22.2,84,0.0,13.3,157,1011.0,23,110.4,113.2,574.0,57.5,37.0,52.3
2026-04-02 00:00:00,2026,4,2,0,Hà Nội,Xã Tây Phương,21.0403672,105.6115528,152,Unhealthy,3,21.9,87,0.0,11.6,156,1010.5,70,105.9,108.7,558.0,54.2,36.0,48.2
2026-04-02 01:00:00,2026,4,2,1,Hà Nội,Xã Tây Phương,21.0403672,105.6115528,153,Unhealthy,3,21.8,90,0.0,9.0,150,1010.2,84,103.8,107.1,548.0,51.5,35.0,45.1
2026-04-02 02:00:00,2026,4,2,2,Hà Nội,Xã Tây Phương,21.0403672,105.6115528,154,Unhealthy,3,21.9,90,0.0,9.6,146,1010.1,57,103.8,107.3,548.0,50.2,33.0,43.5
2026-04-02 03:00:00,2026,4,2,3,Hà Nội,Xã Tây Phương,21.0403672,105.6115528,155,Unhealthy,3,21.6,93,0.0,9.4,140,1009.7,48,104.3,108.0,555.0,49.4,30.0,42.9
2026-04-02 04:00:00,2026,4,2,4,Hà Nội,Xã Tây Phương,21.0403672,105.6115528,156,Unhealthy,3,21.5,94,0.0,8.7,140,1009.5,73,105.0,108.7,566.0,49.1,29.0,43.6
2026-04-02 05:00:00,2026,4,2,5,Hà Nội,Xã Tây Phương,21.0403672,105.6115528,157,Unhealthy,3,21.5,96,0.0,8.4,145,1009.5,74,106.2,109.9,591.0,49.8,27.0,46.8
2026-04-02 06:00:00,2026,4,2,6,Hà Nội,Xã Tây Phương,21.0403672,105.6115528,158,Unhealthy,3,21.4,97,0.0,8.6,147,1009.9,63,108.7,112.5,621.0,50.9,26.0,51.3
2026-04-02 07:00:00,2026,4,2,7,Hà Nội,Xã Tây Phương,21.0403672,105.6115528,159,Unhealthy,3,22.5,90,0.0,10.8,138,1010.4,100,109.9,114.6,630.0,52.6,31.0,59.2
2026-04-02 08:00:00,2026,4,2,8,Hà Nội,Xã Tây Phương,21.0403672,105.6115528,161,Unhealthy,3,23.4,87,0.0,11.4,145,1011.1,100,102.9,107.8,601.0,48.7,44.0,59.9
2026-04-02 09:00:00,2026,4,2,9,Hà Nội,Xã Tây Phương,21.0403672,105.6115528,162,Unhealthy,3,24.2,84,0.0,11.3,155,1011.1,100,93.4,99.0,552.0,43.1,62.0,60.6
2026-04-02 10:00:00,2026,4,2,10,Hà Nội,Xã Tây Phương,21.0403672,105.6115528,164,Unhealthy,3,25.3,80,0.0,11.5,155,1011.0,100,89.9,95.5,507.0,37.5,80.0,59.1
2026-04-02 11:00:00,2026,4,2,11,Hà Nội,Xã Tây Phương,21.0403672,105.6115528,165,Unhealthy,3,26.7,75,0.1,12.3,158,1009.9,100,86.8,92.2,475.0,32.2,95.0,53.7
2026-04-02 12:00:00,2026,4,2,12,Hà Nội,Xã Tây Phương,21.0403672,105.6115528,166,Unhealthy,3,27.5,73,0.0,14.2,159,1008.5,82,84.5,89.6,449.0,26.9,109.0,46.1
2026-04-02 13:00:00,2026,4,2,13,Hà Nội,Xã Tây Phương,21.0403672,105.6115528,168,Unhealthy,3,28.0,67,0.0,13.0,160,1007.7,100,86.1,91.0,430.0,22.5,122.0,39.5
2026-04-02 14:00:00,2026,4,2,14,Hà Nội,Xã Tây Phương,21.0403672,105.6115528,169,Unhealthy,3,29.2,64,0.0,14.5,150,1006.0,98,83.1,88.0,422.0,18.5,138.0,34.7
2026-04-02 15:00:00,2026,4,2,15,Hà Nội,Xã Tây Phương,21.0403672,105.6115528,170,Unhealthy,3,30.2,62,0.0,17.3,142,1004.4,12,77.5,82.2,422.0,15.5,153.0,30.9
2026-04-02 16:00:00,2026,4,2,16,Hà Nội,Xã Tây Phương,21.0403672,105.6115528,171,Unhealthy,3,31.0,59,0.0,16.8,148,1003.6,29,72.2,75.9,420.0,15.3,158.0,29.3
2026-04-02 17:00:00,2026,4,2,17,Hà Nội,Xã Tây Phương,21.0403672,105.6115528,171,Unhealthy,3,29.4,69,0.0,22.1,131,1003.4,13,72.6,75.0,413.0,20.6,146.0,31.5
2026-04-02 18:00:00,2026,4,2,18,Hà Nội,Xã Tây Phương,21.0403672,105.6115528,172,Unhealthy,3,27.7,76,0.0,21.8,144,1004.1,6,73.1,74.7,405.0,28.8,123.0,36.0
2026-04-02 19:00:00,2026,4,2,19,Hà Nội,Xã Tây Phương,21.0403672,105.6115528,172,Unhealthy,3,26.2,80,0.0,21.2,148,1005.4,1,95.2,98.3,399.0,39.8,99.0,41.9
2026-04-02 20:00:00,2026,4,2,20,Hà Nội,Xã Tây Phương,21.0403672,105.6115528,172,Unhealthy,3,25.4,84,0.0,18.6,146,1006.1,5,86.6,88.9,397.0,38.9,89.0,40.7
2026-04-02 21:00:00,2026,4,2,21,Hà Nội,Xã Tây Phương,21.0403672,105.6115528,171,Unhealthy,3,24.7,87,0.0,14.1,141,1007.2,34,74.0,76.4,398.0,37.5,75.0,39.1
2026-04-02 22:00:00,2026,4,2,22,Hà Nội,Xã Tây Phương,21.0403672,105.6115528,170,Unhealthy,3,24.2,91,0.0,15.9,142,1007.3,20,64.5,66.8,394.0,35.9,64.0,37.3
2026-04-02 23:00:00,2026,4,2,23,Hà Nội,Xã Tây Phương,21.0403672,105.6115528,169,Unhealthy,3,23.9,94,0.0,15.3,146,1006.8,12,62.4,64.5,380.0,34.1,59.0,35.3
2026-04-03 00:00:00,2026,4,3,0,Hà Nội,Xã Tây Phương,21.0403672,105.6115528,168,Unhealthy,3,23.5,96,0.0,12.3,149,1006.3,8,65.9,68.0,363.0,32.0,56.0,33.2
2026-04-03 01:00:00,2026,4,3,1,Hà Nội,Xã Tây Phương,21.0403672,105.6115528,167,Unhealthy,3,24.1,99,0.0,12.7,149,1005.7,100,71.5,73.8,356.0,30.1,55.0,31.6
2026-04-03 02:00:00,2026,4,3,2,Hà Nội,Xã Tây Phương,21.0403672,105.6115528,166,Unhealthy,3,24.2,98,0.0,11.0,155,1005.2,100,75.4,77.5,365.0,28.1,55.0,30.8
2026-04-03 03:00:00,2026,4,3,3,Hà Nội,Xã Tây Phương,21.0403672,105.6115528,166,Unhealthy,3,24.3,96,0.0,9.8,156,1004.6,100,78.5,80.6,385.0,26.2,56.0,30.5
2026-04-03 04:00:00,2026,4,3,4,Hà Nội,Xã Tây Phương,21.0403672,105.6115528,165,Unhealthy,3,24.2,96,0.0,7.9,156,1004.4,100,81.5,83.6,415.0,25.2,57.0,31.0
2026-04-03 05:00:00,2026,4,3,5,Hà Nội,Xã Tây Phương,21.0403672,105.6115528,165,Unhealthy,3,24.1,97,0.0,7.6,153,1004.6,100,84.8,87.1,466.0,25.9,56.0,33.0
2026-04-03 06:00:00,2026,4,3,6,Hà Nội,Xã Tây Phương,21.0403672,105.6115528,164,Unhealthy,3,24.0,97,0.0,5.5,142,1005.0,100,87.8,90.1,526.0,27.4,56.0,35.9
2026-04-03 07:00:00,2026,4,3,7,Hà Nội,Xã Tây Phương,21.0403672,105.6115528,164,Unhealthy,3,25.0,96,0.0,2.9,133,1005.3,100,89.2,90.8,563.0,36.7,31.0,51.6
2026-04-03 08:00:00,2026,4,3,8,Hà Nội,Xã Tây Phương,21.0403672,105.6115528,163,Unhealthy,3,26.0,92,0.0,2.4,312,1006.0,97,86.6,89.4,553.0,33.3,46.0,48.6
2026-04-03 09:00:00,2026,4,3,9,Hà Nội,Xã Tây Phương,21.0403672,105.6115528,163,Unhealthy,3,27.4,83,0.0,4.1,319,1006.2,92,83.6,87.1,519.0,28.5,69.0,44.3
2026-04-03 10:00:00,2026,4,3,10,Hà Nội,Xã Tây Phương,21.0403672,105.6115528,163,Unhealthy,3,28.8,76,0.0,1.5,353,1006.2,95,87.3,92.2,500.0,23.6,100.0,40.7
2026-04-03 11:00:00,2026,4,3,11,Hà Nội,Xã Tây Phương,21.0403672,105.6115528,163,Unhealthy,3,30.4,69,0.0,4.0,72,1005.2,1,91.3,97.6,518.0,18.4,145.0,38.4
2026-04-03 12:00:00,2026,4,3,12,Hà Nội,Xã Tây Phương,21.0403672,105.6115528,163,Unhealthy,3,31.5,68,0.0,7.0,90,1003.8,1,96.2,104.1,552.0,13.0,197.0,36.6
2026-04-03 13:00:00,2026,4,3,13,Hà Nội,Xã Tây Phương,21.0403672,105.6115528,163,Unhealthy,3,32.0,66,0.0,8.2,68,1002.5,15,103.6,112.2,574.0,9.5,239.0,35.2
2026-04-03 14:00:00,2026,4,3,14,Hà Nội,Xã Tây Phương,21.0403672,105.6115528,163,Unhealthy,3,32.6,64,0.0,11.0,90,1001.2,9,108.0,117.3,565.0,8.1,266.0,33.6
2026-04-03 15:00:00,2026,4,3,15,Hà Nội,Xã Tây Phương,21.0403672,105.6115528,164,Unhealthy,3,32.9,63,0.0,12.3,87,1000.2,16,110.1,120.6,544.0,8.6,281.0,32.3
2026-04-03 16:00:00,2026,4,3,16,Hà Nội,Xã Tây Phương,21.0403672,105.6115528,165,Unhealthy,3,32.5,65,0.0,12.6,95,999.8,9,111.5,121.1,543.0,12.1,281.0,32.8
2026-04-03 17:00:00,2026,4,3,17,Hà Nội,Xã Tây Phương,21.0403672,105.6115528,189,Unhealthy,3,31.9,70,0.0,9.6,103,999.9,7,113.9,121.5,587.0,21.0,257.0,36.7
2026-04-03 18:00:00,2026,4,3,18,Hà Nội,Xã Tây Phương,21.0403672,105.6115528,208,Very Unhealthy,4,30.5,74,0.0,9.3,119,1000.6,9,126.2,131.8,652.0,32.8,216.0,42.3
2026-04-03 19:00:00,2026,4,3,19,Hà Nội,Xã Tây Phương,21.0403672,105.6115528,216,Very Unhealthy,4,29.8,78,0.0,13.9,123,1001.5,1,181.1,191.9,697.0,44.8,174.0,47.8
2026-04-03 20:00:00,2026,4,3,20,Hà Nội,Xã Tây Phương,21.0403672,105.6115528,218,Very Unhealthy,4,28.4,81,0.0,11.1,119,1002.5,1,181.1,189.1,713.0,42.9,156.0,48.9
2026-04-03 21:00:00,2026,4,3,21,Hà Nội,Xã Tây Phương,21.0403672,105.6115528,215,Very Unhealthy,4,27.4,84,0.0,11.5,115,1003.3,1,171.4,177.0,709.0,40.4,131.0,50.3
2026-04-03 22:00:00,2026,4,3,22,Hà Nội,Xã Tây Phương,21.0403672,105.6115528,208,Very Unhealthy,4,26.4,86,0.0,11.1,115,1003.7,1,158.3,162.1,678.0,38.9,107.0,49.5
2026-04-03 23:00:00,2026,4,3,23,Hà Nội,Xã Tây Phương,21.0403672,105.6115528,193,Unhealthy,3,25.5,89,0.0,9.0,102,1004.0,0,143.0,145.8,600.0,39.9,85.0,44.7
2026-04-04 00:00:00,2026,4,4,0,Hà Nội,Xã Tây Phương,21.0403672,105.6115528,178,Unhealthy,3,24.8,91,0.0,6.0,97,1003.8,0,129.5,131.8,494.0,42.0,63.0,37.9
2026-04-04 01:00:00,2026,4,4,1,Hà Nội,Xã Tây Phương,21.0403672,105.6115528,179,Unhealthy,3,25.1,94,0.0,5.6,57,1003.4,9,117.1,120.1,415.0,42.8,49.0,32.5
2026-04-04 02:00:00,2026,4,4,2,Hà Nội,Xã Tây Phương,21.0403672,105.6115528,180,Unhealthy,3,24.5,96,0.0,3.9,53,1003.0,5,103.8,106.4,381.0,41.1,45.0,30.0
2026-04-04 03:00:00,2026,4,4,3,Hà Nội,Xã Tây Phương,21.0403672,105.6115528,181,Unhealthy,3,24.8,93,0.0,15.4,44,1003.4,100,86.8,89.6,373.0,38.2,47.0,29.1
2026-04-04 04:00:00,2026,4,4,4,Hà Nội,Xã Tây Phương,21.0403672,105.6115528,181,Unhealthy,3,25.0,75,0.0,16.4,45,1003.9,100,68.5,72.2,385.0,35.5,52.0,28.8
2026-04-04 05:00:00,2026,4,4,5,Hà Nội,Xã Tây Phương,21.0403672,105.6115528,180,Unhealthy,3,24.1,76,0.0,13.1,37,1004.8,100,60.1,63.6,430.0,33.6,59.0,29.6
2026-04-04 06:00:00,2026,4,4,6,Hà Nội,Xã Tây Phương,21.0403672,105.6115528,180,Unhealthy,3,24.0,77,0.0,13.0,34,1005.7,100,61.2,65.4,495.0,31.8,69.0,31.1
2026-04-04 07:00:00,2026,4,4,7,Hà Nội,Xã Tây Phương,21.0403672,105.6115528,179,Unhealthy,3,24.8,80,0.0,12.9,42,1006.6,100,106.6,112.2,541.0,37.0,59.0,43.8
2026-04-04 08:00:00,2026,4,4,8,Hà Nội,Xã Tây Phương,21.0403672,105.6115528,180,Unhealthy,3,25.4,79,0.0,13.4,40,1007.7,100,71.0,76.1,550.0,29.4,75.0,37.0
2026-04-04 09:00:00,2026,4,4,9,Hà Nội,Xã Tây Phương,21.0403672,105.6115528,179,Unhealthy,3,25.8,77,0.0,11.1,50,1008.1,100,54.6,58.3,541.0,18.9,98.0,27.8
2026-04-04 10:00:00,2026,4,4,10,Hà Nội,Xã Tây Phương,21.0403672,105.6115528,179,Unhealthy,3,26.6,73,0.0,12.0,57,1008.0,90,49.2,52.5,525.0,10.7,121.0,21.2
2026-04-04 11:00:00,2026,4,4,11,Hà Nội,Xã Tây Phương,21.0403672,105.6115528,178,Unhealthy,3,28.5,64,0.0,12.5,74,1007.2,56,47.7,50.8,504.0,7.1,145.0,20.1
2026-04-04 12:00:00,2026,4,4,12,Hà Nội,Xã Tây Phương,21.0403672,105.6115528,177,Unhealthy,3,29.6,61,0.0,9.1,80,1006.0,97,48.8,52.0,476.0,5.8,169.0,21.6
2026-04-04 13:00:00,2026,4,4,13,Hà Nội,Xã Tây Phương,21.0403672,105.6115528,176,Unhealthy,3,29.9,60,0.0,5.4,111,1004.4,99,52.3,55.8,453.0,5.4,187.0,22.8
2026-04-04 14:00:00,2026,4,4,14,Hà Nội,Xã Tây Phương,21.0403672,105.6115528,175,Unhealthy,3,30.2,59,0.0,6.6,139,1003.2,100,57.6,61.9,433.0,4.7,199.0,21.9
2026-04-04 15:00:00,2026,4,4,15,Hà Nội,Xã Tây Phương,21.0403672,105.6115528,174,Unhealthy,3,30.0,60,0.0,11.0,132,1002.3,15,65.7,71.2,416.0,4.9,206.0,20.6
2026-04-04 16:00:00,2026,4,4,16,Hà Nội,Xã Tây Phương,21.0403672,105.6115528,173,Unhealthy,3,29.8,62,0.0,15.6,141,1001.8,14,76.8,84.3,417.0,8.5,202.0,21.3
2026-04-04 17:00:00,2026,4,4,17,Hà Nội,Xã Tây Phương,21.0403672,105.6115528,172,Unhealthy,3,28.9,67,0.0,17.2,146,1001.7,24,85.4,92.7,450.0,18.7,182.0,25.8
2026-04-04 18:00:00,2026,4,4,18,Hà Nội,Xã Tây Phương,21.0403672,105.6115528,171,Unhealthy,3,28.3,69,0.0,15.4,142,1001.6,2,99.0,105.5,501.0,32.2,151.0,32.4
2026-04-04 19:00:00,2026,4,4,19,Hà Nội,Xã Tây Phương,21.0403672,105.6115528,171,Unhealthy,3,26.6,81,0.0,15.6,143,1002.8,5,112.5,117.8,535.0,42.4,124.0,41.0
2026-04-04 20:00:00,2026,4,4,20,Hà Nội,Xã Tây Phương,21.0403672,105.6115528,169,Unhealthy,3,26.0,82,0.0,15.5,141,1003.3,9,116.4,120.6,535.0,42.2,108.0,42.8
2026-04-04 21:00:00,2026,4,4,21,Hà Nội,Xã Tây Phương,21.0403672,105.6115528,168,Unhealthy,3,25.5,82,0.0,15.1,140,1004.0,70,107.6,110.6,518.0,42.0,86.0,45.1
2026-04-04 22:00:00,2026,4,4,22,Hà Nội,Xã Tây Phương,21.0403672,105.6115528,166,Unhealthy,3,24.9,84,0.0,14.4,149,1004.3,86,96.4,98.7,506.0,42.0,68.0,46.2
2026-04-04 23:00:00,2026,4,4,23,Hà Nội,Xã Tây Phương,21.0403672,105.6115528,165,Unhealthy,3,24.2,86,0.0,13.8,149,1004.0,91,87.8,90.1,505.0,42.6,57.0,44.9
2026-04-05 00:00:00,2026,4,5,0,Hà Nội,Xã Tây Phương,21.0403672,105.6115528,164,Unhealthy,3,23.8,87,0.0,12.4,146,1003.5,100,81.5,83.8,508.0,43.5,50.0,42.4
2026-04-05 01:00:00,2026,4,5,1,Hà Nội,Xã Tây Phương,21.0403672,105.6115528,163,Unhealthy,3,23.4,89,0.0,11.9,141,1003.0,97,77.8,80.3,513.0,44.2,44.0,40.2
2026-04-05 02:00:00,2026,4,5,2,Hà Nội,Xã Tây Phương,21.0403672,105.6115528,162,Unhealthy,3,23.4,89,0.0,11.6,136,1002.6,98,76.1,78.7,516.0,44.4,40.0,38.6
2026-04-05 03:00:00,2026,4,5,3,Hà Nội,Xã Tây Phương,21.0403672,105.6115528,161,Unhealthy,3,23.0,92,0.0,10.3,140,1002.1,99,77.3,80.3,520.0,44.3,37.0,37.4
2026-04-05 04:00:00,2026,4,5,4,Hà Nội,Xã Tây Phương,21.0403672,105.6115528,161,Unhealthy,3,22.9,94,0.0,10.3,136,1002.1,100,79.9,82.9,534.0,44.5,36.0,37.5
2026-04-05 05:00:00,2026,4,5,5,Hà Nội,Xã Tây Phương,21.0403672,105.6115528,161,Unhealthy,3,23.0,95,0.0,8.4,133,1002.7,100,82.9,86.1,569.0,45.8,34.0,40.2
2026-04-05 06:00:00,2026,4,5,6,Hà Nội,Xã Tây Phương,21.0403672,105.6115528,162,Unhealthy,3,23.4,94,0.0,8.9,140,1003.3,100,87.3,90.8,613.0,47.3,33.0,44.2
2026-04-05 07:00:00,2026,4,5,7,Hà Nội,Xã Tây Phương,21.0403672,105.6115528,162,Unhealthy,3,23.9,91,0.0,10.3,149,1004.1,100,82.2,85.0,637.0,48.2,35.0,47.3
2026-04-05 08:00:00,2026,4,5,8,Hà Nội,Xã Tây Phương,21.0403672,105.6115528,162,Unhealthy,3,25.0,85,0.0,9.4,168,1004.7,98,90.8,95.2,621.0,44.2,44.0,46.8
2026-04-05 09:00:00,2026,4,5,9,Hà Nội,Xã Tây Phương,21.0403672,105.6115528,162,Unhealthy,3,26.3,80,0.0,7.7,179,1004.8,97,97.6,102.9,585.0,38.5,57.0,46.1
2026-04-05 10:00:00,2026,4,5,10,Hà Nội,Xã Tây Phương,21.0403672,105.6115528,163,Unhealthy,3,27.8,74,0.0,8.6,172,1004.3,69,103.1,109.0,553.0,32.6,82.0,45.2
2026-04-05 11:00:00,2026,4,5,11,Hà Nội,Xã Tây Phương,21.0403672,105.6115528,164,Unhealthy,3,28.9,72,0.0,9.4,142,1003.5,27,108.7,115.7,531.0,26.2,126.0,44.0
2026-04-05 12:00:00,2026,4,5,12,Hà Nội,Xã Tây Phương,21.0403672,105.6115528,166,Unhealthy,3,30.5,69,0.0,11.1,140,1002.0,42,115.5,123.4,514.0,19.7,182.0,42.6
2026-04-05 13:00:00,2026,4,5,13,Hà Nội,Xã Tây Phương,21.0403672,105.6115528,167,Unhealthy,3,30.9,65,0.0,11.9,146,1001.2,41,119.7,128.1,506.0,15.2,226.0,42.0
2026-04-05 14:00:00,2026,4,5,14,Hà Nội,Xã Tây Phương,21.0403672,105.6115528,169,Unhealthy,3,31.4,66,0.0,14.5,142,999.9,41,124.8,133.6,510.0,13.6,255.0,42.7
2026-04-05 15:00:00,2026,4,5,15,Hà Nội,Xã Tây Phương,21.0403672,105.6115528,170,Unhealthy,3,31.8,66,0.0,18.6,133,998.8,24,126.7,135.0,523.0,14.2,273.0,44.1
2026-04-05 16:00:00,2026,4,5,16,Hà Nội,Xã Tây Phương,21.0403672,105.6115528,172,Unhealthy,3,31.8,66,0.0,21.1,126,997.9,20,125.7,131.8,543.0,16.8,273.0,45.7
2026-04-05 17:00:00,2026,4,5,17,Hà Nội,Xã Tây Phương,21.0403672,105.6115528,173,Unhealthy,3,31.7,68,0.0,18.9,122,997.7,4,122.0,125.3,573.0,22.7,245.0,47.5
2026-04-05 18:00:00,2026,4,5,18,Hà Nội,Xã Tây Phương,21.0403672,105.6115528,201,Very Unhealthy,4,30.6,73,0.0,19.5,133,997.8,4,114.8,116.6,610.0,30.7,200.0,49.5
2026-04-05 19:00:00,2026,4,5,19,Hà Nội,Xã Tây Phương,21.0403672,105.6115528,209,Very Unhealthy,4,29.7,82,0.0,17.8,140,998.4,5,169.5,174.2,636.0,51.8,138.0,55.4
2026-04-05 20:00:00,2026,4,5,20,Hà Nội,Xã Tây Phương,21.0403672,105.6115528,210,Very Unhealthy,4,28.5,87,0.0,15.8,143,999.0,39,170.9,175.1,647.0,50.9,120.0,55.4
2026-04-05 21:00:00,2026,4,5,21,Hà Nội,Xã Tây Phương,21.0403672,105.6115528,206,Very Unhealthy,4,27.6,88,0.0,9.3,143,999.9,66,163.0,166.7,648.0,49.7,95.0,55.3
2026-04-05 22:00:00,2026,4,5,22,Hà Nội,Xã Tây Phương,21.0403672,105.6115528,192,Unhealthy,3,26.4,91,0.0,3.7,79,1000.9,52,153.2,156.0,638.0,49.2,73.0,54.1
2026-04-05 23:00:00,2026,4,5,23,Hà Nội,Xã Tây Phương,21.0403672,105.6115528,179,Unhealthy,3,26.0,90,0.0,5.7,81,1000.9,16,144.8,147.6,607.0,50.4,59.0,51.2
2026-04-06 00:00:00,2026,4,6,0,Hà Nội,Xã Tây Phương,21.0403672,105.6115528,180,Unhealthy,3,25.3,92,0.0,4.4,109,1000.5,0,143.9,146.7,566.0,52.2,49.0,47.3
2026-04-06 01:00:00,2026,4,6,1,Hà Nội,Xã Tây Phương,21.0403672,105.6115528,181,Unhealthy,3,25.0,96,0.0,2.9,47,1001.0,2,142.0,144.8,537.0,53.3,41.0,43.3
2026-04-06 02:00:00,2026,4,6,2,Hà Nội,Xã Tây Phương,21.0403672,105.6115528,183,Unhealthy,3,24.5,97,0.0,2.2,24,1000.7,27,137.8,140.6,521.0,52.7,34.0,39.0
2026-04-06 03:00:00,2026,4,6,3,Hà Nội,Xã Tây Phương,21.0403672,105.6115528,184,Unhealthy,3,24.0,99,0.0,3.5,336,1000.8,35,135.0,137.8,519.0,51.3,28.0,34.7
2026-04-06 04:00:00,2026,4,6,4,Hà Nội,Xã Tây Phương,21.0403672,105.6115528,185,Unhealthy,3,23.7,99,0.0,3.1,324,1001.2,23,141.1,144.4,557.0,49.8,24.0,32.1
2026-04-06 05:00:00,2026,4,6,5,Hà Nội,Xã Tây Phương,21.0403672,105.6115528,187,Unhealthy,3,23.5,99,0.0,3.6,315,1001.8,23,144.4,147.6,679.0,48.8,17.0,31.2
2026-04-06 06:00:00,2026,4,6,6,Hà Nội,Xã Tây Phương,21.0403672,105.6115528,188,Unhealthy,3,23.5,99,0.0,4.3,312,1002.2,97,150.4,153.7,841.0,47.7,12.0,31.9
2026-04-06 07:00:00,2026,4,6,7,Hà Nội,Xã Tây Phương,21.0403672,105.6115528,189,Unhealthy,3,25.6,95,0.0,5.9,333,1002.8,84,210.5,214.7,945.0,42.9,21.0,31.5
2026-04-06 08:00:00,2026,4,6,8,Hà Nội,Xã Tây Phương,21.0403672,105.6115528,192,Unhealthy,3,27.2,89,0.0,3.4,328,1003.5,97,185.8,190.5,935.0,42.0,49.0,43.6
2026-04-06 09:00:00,2026,4,6,9,Hà Nội,Xã Tây Phương,21.0403672,105.6115528,194,Unhealthy,3,29.0,84,0.0,3.2,322,1003.8,81,183.5,189.5,867.0,40.4,90.0,60.0
2026-04-06 10:00:00,2026,4,6,10,Hà Nội,Xã Tây Phương,21.0403672,105.6115528,196,Unhealthy,3,30.9,80,0.0,2.5,356,1003.5,32,186.7,195.6,804.0,36.8,141.0,70.7
2026-04-06 11:00:00,2026,4,6,11,Hà Nội,Xã Tây Phương,21.0403672,105.6115528,198,Unhealthy,3,32.8,74,0.0,3.4,65,1002.8,1,187.7,198.4,775.0,29.1,214.0,70.5
2026-04-06 12:00:00,2026,4,6,12,Hà Nội,Xã Tây Phương,21.0403672,105.6115528,200,Unhealthy,3,34.5,68,0.0,6.7,106,1001.7,3,183.0,195.6,752.0,19.3,297.0,64.7
2026-04-06 13:00:00,2026,4,6,13,Hà Nội,Xã Tây Phương,21.0403672,105.6115528,202,Very Unhealthy,4,35.2,64,0.0,10.9,107,1000.6,15,177.4,192.3,715.0,12.7,354.0,58.7
2026-04-06 14:00:00,2026,4,6,14,Hà Nội,Xã Tây Phương,21.0403672,105.6115528,205,Very Unhealthy,4,36.5,58,0.0,10.5,102,999.6,45,167.2,182.1,618.0,10.5,369.0,53.5
2026-04-06 15:00:00,2026,4,6,15,Hà Nội,Xã Tây Phương,21.0403672,105.6115528,206,Very Unhealthy,4,37.8,50,0.0,2.5,94,998.5,20,157.9,171.8,506.0,11.4,358.0,48.1
2026-04-06 16:00:00,2026,4,6,16,Hà Nội,Xã Tây Phương,21.0403672,105.6115528,215,Very Unhealthy,4,37.5,53,0.0,5.5,253,998.1,6,147.6,159.3,496.0,16.6,328.0,45.2
2026-04-06 17:00:00,2026,4,6,17,Hà Nội,Xã Tây Phương,21.0403672,105.6115528,234,Very Unhealthy,4,35.4,56,0.0,6.5,208,998.1,2,147.1,157.4,711.0,29.2,274.0,47.0
2026-04-06 18:00:00,2026,4,6,18,Hà Nội,Xã Tây Phương,21.0403672,105.6115528,246,Very Unhealthy,4,33.2,55,0.0,5.0,206,998.5,6,155.1,164.4,1027.0,46.1,203.0,51.3
2026-04-06 19:00:00,2026,4,6,19,Hà Nội,Xã Tây Phương,21.0403672,105.6115528,250,Very Unhealthy,4,31.5,73,0.0,11.6,136,998.8,3,177.4,190.5,1192.0,52.7,158.0,59.0
2026-04-06 20:00:00,2026,4,6,20,Hà Nội,Xã Tây Phương,21.0403672,105.6115528,247,Very Unhealthy,4,30.8,75,0.0,9.8,150,999.4,2,176.5,190.0,1050.0,56.7,123.0,59.4
2026-04-06 21:00:00,2026,4,6,21,Hà Nội,Xã Tây Phương,21.0403672,105.6115528,235,Very Unhealthy,4,29.2,81,0.0,5.8,178,1000.4,36,177.4,191.9,758.0,62.1,74.0,59.5
2026-04-06 22:00:00,2026,4,6,22,Hà Nội,Xã Tây Phương,21.0403672,105.6115528,216,Very Unhealthy,4,28.4,81,0.0,5.8,189,1001.0,23,174.2,189.1,529.0,64.6,37.0,56.8
2026-04-06 23:00:00,2026,4,6,23,Hà Nội,Xã Tây Phương,21.0403672,105.6115528,213,Very Unhealthy,4,28.0,74,0.0,7.7,204,1000.8,9,162.5,176.5,453.0,61.9,24.0,48.8
2026-04-07 00:00:00,2026,4,7,0,Hà Nội,Xã Tây Phương,21.0403672,105.6115528,214,Very Unhealthy,4,27.9,64,0.0,10.7,205,1000.4,2,144.8,157.9,441.0,56.3,24.0,38.1
2026-04-07 01:00:00,2026,4,7,1,Hà Nội,Xã Tây Phương,21.0403672,105.6115528,214,Very Unhealthy,4,28.1,64,0.0,8.7,202,1000.2,11,130.9,143.9,441.0,51.0,25.0,29.4
2026-04-07 02:00:00,2026,4,7,2,Hà Nội,Xã Tây Phương,21.0403672,105.6115528,214,Very Unhealthy,4,28.1,63,0.0,8.7,210,999.8,0,122.0,134.6,431.0,46.4,25.0,24.5
2026-04-07 03:00:00,2026,4,7,3,Hà Nội,Xã Tây Phương,21.0403672,105.6115528,213,Very Unhealthy,4,28.1,63,0.0,6.1,210,999.8,1,116.4,129.0,433.0,42.1,28.0,21.7
2026-04-07 04:00:00,2026,4,7,4,Hà Nội,Xã Tây Phương,21.0403672,105.6115528,212,Very Unhealthy,4,28.1,62,0.0,2.9,210,1000.4,43,115.0,127.6,460.0,39.6,31.0,21.1
2026-04-07 05:00:00,2026,4,7,5,Hà Nội,Xã Tây Phương,21.0403672,105.6115528,211,Very Unhealthy,4,27.6,63,0.0,1.3,180,1001.1,0,116.6,128.5,525.0,40.6,29.0,23.3
2026-04-07 06:00:00,2026,4,7,6,Hà Nội,Xã Tây Phương,21.0403672,105.6115528,210,Very Unhealthy,4,26.7,68,0.0,0.6,108,1001.8,0,120.6,131.8,615.0,43.5,28.0,27.8
2026-04-07 07:00:00,2026,4,7,7,Hà Nội,Xã Tây Phương,21.0403672,105.6115528,209,Very Unhealthy,4,26.4,89,0.0,7.8,4,1003.3,0,156.9,171.8,699.0,47.5,48.0,30.0
2026-04-07 08:00:00,2026,4,7,8,Hà Nội,Xã Tây Phương,21.0403672,105.6115528,207,Very Unhealthy,4,27.8,86,0.0,5.8,356,1004.1,0,155.5,168.6,774.0,42.8,94.0,36.1
2026-04-07 09:00:00,2026,4,7,9,Hà Nội,Xã Tây Phương,21.0403672,105.6115528,205,Very Unhealthy,4,29.9,78,0.0,4.8,34,1004.4,0,157.4,171.8,844.0,36.1,159.0,44.5
2026-04-07 10:00:00,2026,4,7,10,Hà Nội,Xã Tây Phương,21.0403672,105.6115528,204,Very Unhealthy,4,31.7,71,0.0,4.3,57,1004.5,0,158.3,175.6,888.0,29.4,218.0,49.8
2026-04-07 11:00:00,2026,4,7,11,Hà Nội,Xã Tây Phương,21.0403672,105.6115528,203,Very Unhealthy,4,33.5,64,0.0,4.8,70,1003.9,1,153.2,172.8,900.0,22.4,270.0,49.5
2026-04-07 12:00:00,2026,4,7,12,Hà Nội,Xã Tây Phương,21.0403672,105.6115528,202,Very Unhealthy,4,35.2,60,0.0,5.6,92,1003.1,7,147.6,168.6,885.0,15.3,316.0,46.2
2026-04-07 13:00:00,2026,4,7,13,Hà Nội,Xã Tây Phương,21.0403672,105.6115528,200,Unhealthy,3,35.8,57,0.0,8.5,95,1002.2,30,136.9,157.9,845.0,11.1,338.0,42.3
2026-04-07 14:00:00,2026,4,7,14,Hà Nội,Xã Tây Phương,21.0403672,105.6115528,199,Unhealthy,3,36.2,57,0.0,6.6,101,1001.2,28,125.7,145.8,750.0,10.4,323.0,37.2
2026-04-07 15:00:00,2026,4,7,15,Hà Nội,Xã Tây Phương,21.0403672,105.6115528,208,Very Unhealthy,4,36.6,56,0.0,8.3,129,1000.2,17,116.4,135.5,630.0,12.5,283.0,31.5
2026-04-07 16:00:00,2026,4,7,16,Hà Nội,Xã Tây Phương,21.0403672,105.6115528,224,Very Unhealthy,4,36.5,63,0.0,3.1,167,999.8,16,118.0,136.0,568.0,18.5,241.0,29.3
2026-04-07 17:00:00,2026,4,7,17,Hà Nội,Xã Tây Phương,21.0403672,105.6115528,234,Very Unhealthy,4,35.0,67,0.0,4.6,193,1000.1,51,127.6,143.4,615.0,31.2,201.0,33.7
2026-04-07 18:00:00,2026,4,7,18,Hà Nội,Xã Tây Phương,21.0403672,105.6115528,236,Very Unhealthy,4,32.8,55,0.0,7.6,184,1000.6,82,141.1,155.5,720.0,47.7,160.0,41.7
2026-04-07 19:00:00,2026,4,7,19,Hà Nội,Xã Tây Phương,21.0403672,105.6115528,233,Very Unhealthy,4,29.9,75,0.0,8.7,146,1001.9,50,146.7,159.3,822.0,54.3,149.0,48.2
2026-04-07 20:00:00,2026,4,7,20,Hà Nội,Xã Tây Phương,21.0403672,105.6115528,224,Very Unhealthy,4,29.6,72,0.0,16.7,160,1002.1,43,147.6,157.9,906.0,55.7,125.0,50.2
2026-04-07 21:00:00,2026,4,7,21,Hà Nội,Xã Tây Phương,21.0403672,105.6115528,212,Very Unhealthy,4,29.0,72,0.0,16.0,205,1002.8,44,146.2,155.5,985.0,57.6,91.0,52.7
2026-04-07 22:00:00,2026,4,7,22,Hà Nội,Xã Tây Phương,21.0403672,105.6115528,194,Unhealthy,3,28.5,70,0.0,8.3,182,1003.0,5,147.1,156.0,1041.0,60.0,62.0,53.7
2026-04-07 23:00:00,2026,4,7,23,Hà Nội,Xã Tây Phương,21.0403672,105.6115528,193,Unhealthy,3,27.2,77,0.0,7.1,171,1003.3,8,148.1,156.9,1064.0,63.3,44.0,51.7
2026-04-08 00:00:00,2026,4,8,0,Hà Nội,Xã Tây Phương,21.0403672,105.6115528,193,Unhealthy,3,27.0,78,0.0,7.6,161,1003.3,20,147.1,156.0,1062.0,67.0,32.0,48.1
2026-04-08 01:00:00,2026,4,8,1,Hà Nội,Xã Tây Phương,21.0403672,105.6115528,193,Unhealthy,3,27.0,82,0.0,6.3,143,1002.4,43,144.8,154.1,1046.0,69.1,23.0,44.6
2026-04-08 02:00:00,2026,4,8,2,Hà Nội,Xã Tây Phương,21.0403672,105.6115528,193,Unhealthy,3,26.5,85,0.0,3.1,204,1002.1,13,140.6,149.0,1007.0,68.6,17.0,41.4
2026-04-08 03:00:00,2026,4,8,3,Hà Nội,Xã Tây Phương,21.0403672,105.6115528,194,Unhealthy,3,26.0,85,0.0,4.6,144,1001.9,5,133.6,142.5,953.0,66.5,15.0,38.3
2026-04-08 04:00:00,2026,4,8,4,Hà Nội,Xã Tây Phương,21.0403672,105.6115528,194,Unhealthy,3,26.0,82,0.0,8.9,142,1002.4,27,126.2,134.6,914.0,63.8,16.0,36.6
2026-04-08 05:00:00,2026,4,8,5,Hà Nội,Xã Tây Phương,21.0403672,105.6115528,194,Unhealthy,3,25.6,84,0.0,7.8,157,1003.1,23,120.1,128.1,910.0,60.8,16.0,37.2
2026-04-08 06:00:00,2026,4,8,6,Hà Nội,Xã Tây Phương,21.0403672,105.6115528,195,Unhealthy,3,25.4,87,0.0,2.3,86,1004.0,23,113.6,121.1,921.0,57.1,19.0,39.1
2026-04-08 07:00:00,2026,4,8,7,Hà Nội,Xã Tây Phương,21.0403672,105.6115528,194,Unhealthy,3,26.2,87,0.0,4.6,54,1005.3,20,123.4,130.9,919.0,55.9,35.0,43.4
2026-04-08 08:00:00,2026,4,8,8,Hà Nội,Xã Tây Phương,21.0403672,105.6115528,194,Unhealthy,3,27.7,81,0.0,4.6,129,1006.0,6,117.3,123.4,892.0,51.8,64.0,46.1
2026-04-08 09:00:00,2026,4,8,9,Hà Nội,Xã Tây Phương,21.0403672,105.6115528,193,Unhealthy,3,29.5,77,0.0,4.2,115,1006.2,0,111.5,118.5,851.0,45.7,106.0,49.6
2026-04-08 10:00:00,2026,4,8,10,Hà Nội,Xã Tây Phương,21.0403672,105.6115528,192,Unhealthy,3,31.1,74,0.0,4.9,118,1006.3,28,112.9,120.6,808.0,38.6,154.0,51.0
2026-04-08 11:00:00,2026,4,8,11,Hà Nội,Xã Tây Phương,21.0403672,105.6115528,191,Unhealthy,3,33.2,66,0.0,8.0,106,1005.5,4,112.7,121.5,762.0,29.3,216.0,48.5
2026-04-08 12:00:00,2026,4,8,12,Hà Nội,Xã Tây Phương,21.0403672,105.6115528,190,Unhealthy,3,34.5,61,0.0,12.9,122,1004.4,23,113.6,122.9,712.0,18.9,283.0,43.9
2026-04-08 13:00:00,2026,4,8,13,Hà Nội,Xã Tây Phương,21.0403672,105.6115528,189,Unhealthy,3,34.6,62,0.0,14.0,137,1003.5,27,110.4,120.1,669.0,12.0,323.0,39.6
2026-04-08 14:00:00,2026,4,8,14,Hà Nội,Xã Tây Phương,21.0403672,105.6115528,189,Unhealthy,3,35.0,63,0.0,14.7,141,1002.3,41,102.4,112.0,638.0,10.3,316.0,35.9
2026-04-08 15:00:00,2026,4,8,15,Hà Nội,Xã Tây Phương,21.0403672,105.6115528,188,Unhealthy,3,35.2,59,0.0,10.3,153,1001.6,20,93.8,102.2,614.0,12.0,282.0,32.6
2026-04-08 16:00:00,2026,4,8,16,Hà Nội,Xã Tây Phương,21.0403672,105.6115528,207,Very Unhealthy,4,34.7,64,0.0,11.4,125,1000.9,13,88.9,95.7,588.0,16.0,245.0,31.5
2026-04-08 17:00:00,2026,4,8,17,Hà Nội,Xã Tây Phương,21.0403672,105.6115528,219,Very Unhealthy,4,32.5,70,0.0,19.0,125,1000.8,5,86.1,90.8,557.0,23.5,212.0,34.6
2026-04-08 18:00:00,2026,4,8,18,Hà Nội,Xã Tây Phương,21.0403672,105.6115528,226,Very Unhealthy,4,31.0,68,0.0,19.1,142,1001.4,2,82.0,85.2,524.0,33.2,176.0,40.0
2026-04-08 19:00:00,2026,4,8,19,Hà Nội,Xã Tây Phương,21.0403672,105.6115528,227,Very Unhealthy,4,30.3,72,0.0,15.1,141,1001.9,9,96.2,99.2,497.0,41.4,157.0,45.5
2026-04-08 20:00:00,2026,4,8,20,Hà Nội,Xã Tây Phương,21.0403672,105.6115528,223,Very Unhealthy,4,29.1,74,0.0,17.2,139,1002.6,42,82.0,83.8,476.0,40.5,137.0,43.8
2026-04-08 21:00:00,2026,4,8,21,Hà Nội,Xã Tây Phương,21.0403672,105.6115528,214,Very Unhealthy,4,28.4,78,0.0,14.1,138,1003.5,5,71.2,72.6,460.0,39.4,109.0,41.3
2026-04-08 22:00:00,2026,4,8,22,Hà Nội,Xã Tây Phương,21.0403672,105.6115528,198,Unhealthy,3,27.5,81,0.0,13.1,128,1004.0,1,64.7,65.9,457.0,38.8,86.0,38.8
2026-04-08 23:00:00,2026,4,8,23,Hà Nội,Xã Tây Phương,21.0403672,105.6115528,179,Unhealthy,3,26.8,82,0.0,11.0,116,1004.2,1,60.8,61.7,472.0,39.3,72.0,36.4
2026-04-09 00:00:00,2026,4,9,0,Hà Nội,Xã Tây Phương,21.0403672,105.6115528,177,Unhealthy,3,26.4,83,0.0,13.4,121,1003.8,16,61.0,62.2,500.0,40.4,64.0,34.0
2026-04-09 01:00:00,2026,4,9,1,Hà Nội,Xã Tây Phương,21.0403672,105.6115528,175,Unhealthy,3,26.6,86,0.0,12.0,127,1003.4,34,64.7,66.1,532.0,41.3,57.0,32.4
2026-04-09 02:00:00,2026,4,9,2,Hà Nội,Xã Tây Phương,21.0403672,105.6115528,173,Unhealthy,3,26.0,88,0.0,7.2,155,1003.4,13,68.0,69.4,556.0,41.6,52.0,31.7
2026-04-09 03:00:00,2026,4,9,3,Hà Nội,Xã Tây Phương,21.0403672,105.6115528,172,Unhealthy,3,25.2,92,0.0,7.4,139,1003.1,0,66.8,68.5,584.0,41.7,49.0,31.8
2026-04-09 04:00:00,2026,4,9,4,Hà Nội,Xã Tây Phương,21.0403672,105.6115528,170,Unhealthy,3,24.5,95,0.0,4.4,159,1003.3,0,63.1,64.7,640.0,41.9,48.0,32.6
2026-04-09 05:00:00,2026,4,9,5,Hà Nội,Xã Tây Phương,21.0403672,105.6115528,169,Unhealthy,3,24.2,95,0.0,0.9,307,1004.3,0,60.3,62.9,771.0,42.7,45.0,34.1
2026-04-09 06:00:00,2026,4,9,6,Hà Nội,Xã Tây Phương,21.0403672,105.6115528,167,Unhealthy,3,24.0,96,0.0,0.8,225,1004.9,0,59.5,63.1,930.0,43.6,43.0,36.3
2026-04-09 07:00:00,2026,4,9,7,Hà Nội,Xã Tây Phương,21.0403672,105.6115528,166,Unhealthy,3,25.9,91,0.0,3.4,342,1006.0,2,85.9,90.3,1001.0,48.5,35.0,38.7
2026-04-09 08:00:00,2026,4,9,8,Hà Nội,Xã Tây Phương,21.0403672,105.6115528,165,Unhealthy,3,27.2,86,0.0,4.6,339,1006.9,48,70.5,75.4,899.0,44.8,58.0,43.9
2026-04-09 09:00:00,2026,4,9,9,Hà Nội,Xã Tây Phương,21.0403672,105.6115528,164,Unhealthy,3,28.6,81,0.0,6.7,324,1007.3,96,67.3,73.1,708.0,39.4,92.0,50.9
2026-04-09 10:00:00,2026,4,9,10,Hà Nội,Xã Tây Phương,21.0403672,105.6115528,163,Unhealthy,3,29.8,76,0.0,4.8,340,1007.0,25,74.5,79.4,569.0,33.3,134.0,54.8
2026-04-09 11:00:00,2026,4,9,11,Hà Nội,Xã Tây Phương,21.0403672,105.6115528,163,Unhealthy,3,31.1,73,0.0,2.1,38,1006.3,18,82.2,86.4,551.0,25.6,195.0,53.2
2026-04-09 12:00:00,2026,4,9,12,Hà Nội,Xã Tây Phương,21.0403672,105.6115528,162,Unhealthy,3,32.3,69,0.0,3.4,115,1005.4,13,85.4,90.1,584.0,17.2,265.0,48.6
2026-04-09 13:00:00,2026,4,9,13,Hà Nội,Xã Tây Phương,21.0403672,105.6115528,161,Unhealthy,3,32.7,68,0.0,6.1,124,1004.4,18,89.9,94.8,602.0,11.4,308.0,43.6
2026-04-09 14:00:00,2026,4,9,14,Hà Nội,Xã Tây Phương,21.0403672,105.6115528,161,Unhealthy,3,33.3,65,0.0,4.7,122,1003.3,16,89.6,94.8,566.0,8.9,305.0,37.8
2026-04-09 15:00:00,2026,4,9,15,Hà Nội,Xã Tây Phương,21.0403672,105.6115528,161,Unhealthy,3,33.5,60,0.0,8.7,137,1002.4,30,83.1,88.0,514.0,9.0,275.0,31.7
2026-04-09 16:00:00,2026,4,9,16,Hà Nội,Xã Tây Phương,21.0403672,105.6115528,198,Unhealthy,3,33.1,64,0.0,9.8,160,1001.9,7,76.1,80.6,496.0,12.7,242.0,29.0
2026-04-09 17:00:00,2026,4,9,17,Hà Nội,Xã Tây Phương,21.0403672,105.6115528,211,Very Unhealthy,4,32.8,70,0.0,8.9,155,1001.6,2,81.3,85.2,548.0,22.9,210.0,32.7
2026-04-09 18:00:00,2026,4,9,18,Hà Nội,Xã Tây Phương,21.0403672,105.6115528,219,Very Unhealthy,4,31.4,75,0.3,8.0,140,1002.2,32,90.8,94.1,634.0,36.6,173.0,39.8
2026-04-09 19:00:00,2026,4,9,19,Hà Nội,Xã Tây Phương,21.0403672,105.6115528,222,Very Unhealthy,4,28.6,83,0.0,16.4,142,1002.3,11,103.8,106.9,699.0,38.5,183.0,46.5
2026-04-09 20:00:00,2026,4,9,20,Hà Nội,Xã Tây Phương,21.0403672,105.6115528,221,Very Unhealthy,4,29.0,84,0.0,15.2,144,1002.9,2,95.7,97.6,718.0,39.6,158.0,46.9
2026-04-09 21:00:00,2026,4,9,21,Hà Nội,Xã Tây Phương,21.0403672,105.6115528,214,Very Unhealthy,4,28.4,83,0.0,13.7,152,1003.8,4,92.7,94.3,715.0,41.2,123.0,47.3
2026-04-09 22:00:00,2026,4,9,22,Hà Nội,Xã Tây Phương,21.0403672,105.6115528,202,Very Unhealthy,4,27.5,86,0.0,12.1,165,1004.5,0,92.2,94.1,713.0,42.7,93.0,46.8
2026-04-09 23:00:00,2026,4,9,23,Hà Nội,Xã Tây Phương,21.0403672,105.6115528,170,Unhealthy,3,26.7,88,0.0,11.4,153,1004.5,1,88.5,90.8,718.0,43.8,75.0,44.4
2026-04-10 00:00:00,2026,4,10,0,Hà Nội,Xã Tây Phương,21.0403672,105.6115528,162,Unhealthy,3,25.9,90,0.0,8.0,138,1004.2,0,82.9,85.0,722.0,44.9,62.0,41.0
2026-04-10 01:00:00,2026,4,10,1,Hà Nội,Xã Tây Phương,21.0403672,105.6115528,163,Unhealthy,3,26.2,90,0.0,10.3,133,1003.4,0,80.3,82.4,725.0,46.1,51.0,38.5
2026-04-10 02:00:00,2026,4,10,2,Hà Nội,Xã Tây Phương,21.0403672,105.6115528,163,Unhealthy,3,25.5,93,0.0,8.9,133,1002.9,0,80.1,83.6,721.0,48.2,42.0,37.8
2026-04-10 03:00:00,2026,4,10,3,Hà Nội,Xã Tây Phương,21.0403672,105.6115528,163,Unhealthy,3,24.8,96,0.0,5.0,131,1002.6,0,82.0,86.6,716.0,50.5,36.0,37.9
2026-04-10 04:00:00,2026,4,10,4,Hà Nội,Xã Tây Phương,21.0403672,105.6115528,164,Unhealthy,3,24.1,96,0.0,3.1,103,1002.8,0,85.2,90.3,725.0,51.4,32.0,37.5
2026-04-10 05:00:00,2026,4,10,5,Hà Nội,Xã Tây Phương,21.0403672,105.6115528,164,Unhealthy,3,23.9,96,0.0,4.1,113,1003.4,0,100.4,102.9,765.0,50.1,26.0,35.0
2026-04-10 06:00:00,2026,4,10,6,Hà Nội,Xã Tây Phương,21.0403672,105.6115528,165,Unhealthy,3,23.9,96,0.0,2.3,148,1004.2,0,116.9,119.7,819.0,47.4,22.0,32.1
2026-04-10 07:00:00,2026,4,10,7,Hà Nội,Xã Tây Phương,21.0403672,105.6115528,166,Unhealthy,3,25.5,94,0.0,4.4,102,1004.7,4,142.5,145.3,854.0,43.9,26.0,29.7
2026-04-10 08:00:00,2026,4,10,8,Hà Nội,Xã Tây Phương,21.0403672,105.6115528,168,Unhealthy,3,27.0,90,0.0,2.4,117,1005.5,13,121.1,124.3,860.0,42.4,57.0,40.0
2026-04-10 09:00:00,2026,4,10,9,Hà Nội,Xã Tây Phương,21.0403672,105.6115528,169,Unhealthy,3,28.6,87,0.0,2.9,97,1005.8,8,115.0,118.7,847.0,39.9,101.0,53.8
2026-04-10 10:00:00,2026,4,10,10,Hà Nội,Xã Tây Phương,21.0403672,105.6115528,170,Unhealthy,3,30.4,83,0.0,4.1,75,1005.8,0,116.9,120.1,813.0,35.3,145.0,60.5
2026-04-10 11:00:00,2026,4,10,11,Hà Nội,Xã Tây Phương,21.0403672,105.6115528,171,Unhealthy,3,32.4,73,0.0,6.8,79,1005.0,0,112.5,116.4,745.0,26.3,191.0,53.2
2026-04-10 12:00:00,2026,4,10,12,Hà Nội,Xã Tây Phương,21.0403672,105.6115528,171,Unhealthy,3,34.0,65,0.0,9.4,91,1003.9,9,103.4,107.3,655.0,15.2,236.0,38.8
2026-04-10 13:00:00,2026,4,10,13,Hà Nội,Xã Tây Phương,21.0403672,105.6115528,172,Unhealthy,3,34.3,59,0.0,10.1,94,1002.9,12,78.9,82.4,578.0,7.6,264.0,27.5
2026-04-10 14:00:00,2026,4,10,14,Hà Nội,Xã Tây Phương,21.0403672,105.6115528,171,Unhealthy,3,34.8,57,0.0,13.0,96,1001.6,34,65.7,68.7,509.0,5.6,264.0,22.8
2026-04-10 15:00:00,2026,4,10,15,Hà Nội,Xã Tây Phương,21.0403672,105.6115528,171,Unhealthy,3,34.7,59,0.0,14.4,82,1000.6,27,57.9,60.5,452.0,7.1,247.0,21.2
2026-04-10 16:00:00,2026,4,10,16,Hà Nội,Xã Tây Phương,21.0403672,105.6115528,177,Unhealthy,3,33.9,67,0.0,18.0,76,999.8,9,55.3,57.7,458.0,11.6,225.0,22.2
2026-04-10 17:00:00,2026,4,10,17,Hà Nội,Xã Tây Phương,21.0403672,105.6115528,202,Very Unhealthy,4,32.5,72,0.0,16.6,99,999.6,19,61.2,63.3,570.0,21.0,202.0,27.1
2026-04-10 18:00:00,2026,4,10,18,Hà Nội,Xã Tây Phương,21.0403672,105.6115528,209,Very Unhealthy,4,31.5,72,0.0,10.8,105,1000.2,6,78.7,80.3,744.0,33.4,176.0,34.6
2026-04-10 19:00:00,2026,4,10,19,Hà Nội,Xã Tây Phương,21.0403672,105.6115528,211,Very Unhealthy,4,31.1,78,0.0,14.9,82,1001.2,10,127.1,130.9,895.0,49.5,161.0,45.7
2026-04-10 20:00:00,2026,4,10,20,Hà Nội,Xã Tây Phương,21.0403672,105.6115528,209,Very Unhealthy,4,30.1,79,0.0,14.9,91,1001.5,2,122.0,123.9,994.0,46.3,148.0,45.5
2026-04-10 21:00:00,2026,4,10,21,Hà Nội,Xã Tây Phương,21.0403672,105.6115528,203,Very Unhealthy,4,28.7,84,0.0,11.4,97,1002.0,5,120.6,122.0,1071.0,41.9,129.0,45.1
2026-04-10 22:00:00,2026,4,10,22,Hà Nội,Xã Tây Phương,21.0403672,105.6115528,185,Unhealthy,3,27.2,88,0.0,4.9,100,1002.5,11,117.3,118.5,1127.0,39.5,110.0,44.6
2026-04-10 23:00:00,2026,4,10,23,Hà Nội,Xã Tây Phương,21.0403672,105.6115528,172,Unhealthy,3,26.8,88,0.0,1.0,31,1002.5,1,114.8,115.9,1169.0,40.9,92.0,43.7
2026-04-11 00:00:00,2026,4,11,0,Hà Nội,Xã Tây Phương,21.0403672,105.6115528,172,Unhealthy,3,25.9,90,0.0,1.6,27,1002.2,0,115.7,117.3,1191.0,44.2,75.0,42.7
2026-04-11 01:00:00,2026,4,11,1,Hà Nội,Xã Tây Phương,21.0403672,105.6115528,173,Unhealthy,3,25.2,95,0.0,4.1,360,1002.3,1,120.1,122.0,1179.0,46.9,61.0,42.1
2026-04-11 02:00:00,2026,4,11,2,Hà Nội,Xã Tây Phương,21.0403672,105.6115528,174,Unhealthy,3,25.1,94,0.0,5.9,349,1001.8,0,122.0,124.3,1086.0,47.9,52.0,42.2
2026-04-11 03:00:00,2026,4,11,3,Hà Nội,Xã Tây Phương,21.0403672,105.6115528,175,Unhealthy,3,24.7,94,0.0,2.6,51,1001.5,0,119.7,122.0,960.0,48.3,46.0,42.7
2026-04-11 04:00:00,2026,4,11,4,Hà Nội,Xã Tây Phương,21.0403672,105.6115528,175,Unhealthy,3,24.5,94,0.0,0.8,117,1001.9,0,114.3,116.6,930.0,48.5,42.0,43.3
2026-04-11 05:00:00,2026,4,11,5,Hà Nội,Xã Tây Phương,21.0403672,105.6115528,176,Unhealthy,3,24.0,95,0.0,3.6,153,1002.4,0,111.3,113.9,1112.0,49.0,37.0,43.1
2026-04-11 06:00:00,2026,4,11,6,Hà Nội,Xã Tây Phương,21.0403672,105.6115528,176,Unhealthy,3,24.0,95,0.0,2.7,132,1003.1,7,109.7,112.2,1391.0,49.2,34.0,43.0
2026-04-11 07:00:00,2026,4,11,7,Hà Nội,Xã Tây Phương,21.0403672,105.6115528,176,Unhealthy,3,26.0,89,0.0,4.2,144,1003.6,6,121.5,123.4,1553.0,50.7,40.0,45.5
2026-04-11 08:00:00,2026,4,11,8,Hà Nội,Xã Tây Phương,21.0403672,105.6115528,176,Unhealthy,3,27.8,83,0.0,1.2,39,1004.3,2,106.9,109.2,1480.0,47.3,74.0,53.4
2026-04-11 09:00:00,2026,4,11,9,Hà Nội,Xã Tây Phương,21.0403672,105.6115528,175,Unhealthy,3,29.5,77,0.0,1.9,68,1004.4,2,104.1,106.6,1289.0,42.2,123.0,63.9
2026-04-11 10:00:00,2026,4,11,10,Hà Nội,Xã Tây Phương,21.0403672,105.6115528,175,Unhealthy,3,31.4,72,0.0,3.2,43,1004.2,0,113.2,115.0,1122.0,36.0,175.0,69.4
2026-04-11 11:00:00,2026,4,11,11,Hà Nội,Xã Tây Phương,21.0403672,105.6115528,175,Unhealthy,3,33.0,68,0.0,3.8,71,1003.2,18,115.3,117.8,1013.0,27.4,237.0,65.5
2026-04-11 12:00:00,2026,4,11,12,Hà Nội,Xã Tây Phương,21.0403672,105.6115528,175,Unhealthy,3,34.2,63,0.0,5.8,76,1002.1,26,106.6,110.1,927.0,17.7,301.0,56.5
2026-04-11 13:00:00,2026,4,11,13,Hà Nội,Xã Tây Phương,21.0403672,105.6115528,175,Unhealthy,3,35.4,57,0.0,7.6,76,1000.5,13,98.3,102.7,899.0,10.9,335.0,47.5
2026-04-11 14:00:00,2026,4,11,14,Hà Nội,Xã Tây Phương,21.0403672,105.6115528,176,Unhealthy,3,36.3,50,0.3,6.9,73,999.1,32,82.9,88.5,987.0,7.6,317.0,38.3
2026-04-11 15:00:00,2026,4,11,15,Hà Nội,Xã Tây Phương,21.0403672,105.6115528,193,Unhealthy,3,36.8,47,0.0,1.5,83,997.9,27,66.6,72.9,1133.0,7.3,270.0,29.1
2026-04-11 16:00:00,2026,4,11,16,Hà Nội,Xã Tây Phương,21.0403672,105.6115528,212,Very Unhealthy,4,36.3,54,0.0,2.7,90,997.0,51,61.5,68.0,1197.0,12.2,223.0,24.9
2026-04-11 17:00:00,2026,4,11,17,Hà Nội,Xã Tây Phương,21.0403672,105.6115528,222,Very Unhealthy,4,33.8,71,0.0,5.5,49,997.4,34,70.1,76.6,1072.0,26.5,187.0,29.4
2026-04-11 18:00:00,2026,4,11,18,Hà Nội,Xã Tây Phương,21.0403672,105.6115528,227,Very Unhealthy,4,32.1,66,0.0,7.3,107,997.7,8,90.8,97.1,865.0,46.2,152.0,38.9
2026-04-11 19:00:00,2026,4,11,19,Hà Nội,Xã Tây Phương,21.0403672,105.6115528,225,Very Unhealthy,4,32.2,63,0.0,15.2,130,998.4,2,167.6,174.2,758.0,51.6,162.0,51.1
2026-04-11 20:00:00,2026,4,11,20,Hà Nội,Xã Tây Phương,21.0403672,105.6115528,220,Very Unhealthy,4,30.6,66,0.0,12.6,144,999.2,6,180.7,185.8,857.0,52.1,142.0,54.0
2026-04-11 21:00:00,2026,4,11,21,Hà Nội,Xã Tây Phương,21.0403672,105.6115528,210,Very Unhealthy,4,28.7,76,0.0,4.2,162,1000.4,0,181.1,184.9,1055.0,53.0,115.0,58.0
2026-04-11 22:00:00,2026,4,11,22,Hà Nội,Xã Tây Phương,21.0403672,105.6115528,188,Unhealthy,3,28.4,77,0.0,2.2,261,1001.1,0,182.1,184.9,1214.0,54.6,90.0,61.1
2026-04-11 23:00:00,2026,4,11,23,Hà Nội,Xã Tây Phương,21.0403672,105.6115528,182,Unhealthy,3,27.4,85,0.0,3.4,288,1001.3,0,187.7,190.5,1285.0,57.6,72.0,63.1
2026-04-12 00:00:00,2026,4,12,0,Hà Nội,Xã Tây Phương,21.0403672,105.6115528,183,Unhealthy,3,26.4,91,0.0,5.3,332,1001.1,1,190.9,194.6,1317.0,61.4,56.0,64.3
2026-04-12 01:00:00,2026,4,12,1,Hà Nội,Xã Tây Phương,21.0403672,105.6115528,185,Unhealthy,3,26.4,89,0.0,1.8,53,1000.4,2,189.1,193.2,1321.0,64.5,43.0,63.4
2026-04-12 02:00:00,2026,4,12,2,Hà Nội,Xã Tây Phương,21.0403672,105.6115528,186,Unhealthy,3,25.8,88,0.0,0.5,45,1000.0,2,183.0,187.2,1272.0,66.8,31.0,58.9
2026-04-12 03:00:00,2026,4,12,3,Hà Nội,Xã Tây Phương,21.0403672,105.6115528,188,Unhealthy,3,25.2,91,0.0,0.4,90,1000.0,1,175.6,178.8,1195.0,68.4,20.0,52.3
2026-04-12 04:00:00,2026,4,12,4,Hà Nội,Xã Tây Phương,21.0403672,105.6115528,189,Unhealthy,3,24.5,92,0.0,1.9,17,1000.2,1,164.4,168.1,1170.0,68.3,16.0,47.4
2026-04-12 05:00:00,2026,4,12,5,Hà Nội,Xã Tây Phương,21.0403672,105.6115528,190,Unhealthy,3,23.7,91,0.0,8.6,16,1001.1,0,149.0,153.2,1268.0,65.9,16.0,45.4
2026-04-12 06:00:00,2026,4,12,6,Hà Nội,Xã Tây Phương,21.0403672,105.6115528,191,Unhealthy,3,23.5,89,0.0,4.9,358,1002.0,0,136.9,140.6,1419.0,61.7,22.0,45.1
2026-04-12 07:00:00,2026,4,12,7,Hà Nội,Xã Tây Phương,21.0403672,105.6115528,192,Unhealthy,3,25.4,82,0.0,6.1,23,1002.4,8,220.3,228.2,1492.0,73.6,45.0,45.0
2026-04-12 08:00:00,2026,4,12,8,Hà Nội,Xã Tây Phương,21.0403672,105.6115528,194,Unhealthy,3,26.9,78,0.0,3.4,47,1002.9,0,195.1,203.0,1423.0,62.4,105.0,51.5
2026-04-12 09:00:00,2026,4,12,9,Hà Nội,Xã Tây Phương,21.0403672,105.6115528,196,Unhealthy,3,28.5,75,0.0,3.5,15,1003.4,0,179.3,188.1,1276.0,46.7,187.0,59.9
2026-04-12 10:00:00,2026,4,12,10,Hà Nội,Xã Tây Phương,21.0403672,105.6115528,197,Unhealthy,3,30.4,72,0.0,1.4,50,1003.5,0,169.5,179.3,1109.0,32.6,248.0,62.0
2026-04-12 11:00:00,2026,4,12,11,Hà Nội,Xã Tây Phương,21.0403672,105.6115528,199,Unhealthy,3,32.2,69,0.0,4.3,17,1002.8,19,148.1,159.7,908.0,21.7,268.0,51.6
2026-04-12 12:00:00,2026,4,12,12,Hà Nội,Xã Tây Phương,21.0403672,105.6115528,199,Unhealthy,3,33.7,60,0.0,6.0,27,1002.0,27,108.5,122.5,689.0,12.5,266.0,34.7
2026-04-12 13:00:00,2026,4,12,13,Hà Nội,Xã Tây Phương,21.0403672,105.6115528,199,Unhealthy,3,34.5,53,0.0,6.6,57,1000.6,13,78.2,92.0,553.0,6.7,253.0,21.7
2026-04-12 14:00:00,2026,4,12,14,Hà Nội,Xã Tây Phương,21.0403672,105.6115528,199,Unhealthy,3,34.8,50,0.0,10.8,80,999.5,8,53.3,67.1,560.0,3.3,230.0,15.4
2026-04-12 15:00:00,2026,4,12,15,Hà Nội,Xã Tây Phương,21.0403672,105.6115528,198,Unhealthy,3,34.7,52,0.0,13.0,108,999.1,10,40.3,53.0,651.0,3.3,195.0,12.9
2026-04-12 16:00:00,2026,4,12,16,Hà Nội,Xã Tây Phương,21.0403672,105.6115528,207,Very Unhealthy,4,34.0,56,0.0,10.6,109,998.5,0,38.1,50.2,754.0,11.5,162.0,15.3
2026-04-12 17:00:00,2026,4,12,17,Hà Nội,Xã Tây Phương,21.0403672,105.6115528,211,Very Unhealthy,4,33.2,65,0.0,7.2,104,998.4,0,46.6,58.9,876.0,36.1,131.0,26.0
2026-04-12 18:00:00,2026,4,12,18,Hà Nội,Xã Tây Phương,21.0403672,105.6115528,207,Very Unhealthy,4,31.2,71,0.0,7.4,108,999.3,0,73.6,85.9,1010.0,69.0,101.0,41.5
2026-04-12 19:00:00,2026,4,12,19,Hà Nội,Xã Tây Phương,21.0403672,105.6115528,196,Unhealthy,3,30.8,73,0.0,9.8,103,1000.1,0,158.3,179.7,1061.0,88.9,100.0,55.1
2026-04-12 20:00:00,2026,4,12,20,Hà Nội,Xã Tây Phương,21.0403672,105.6115528,196,Unhealthy,3,30.2,75,0.0,12.5,129,1000.9,0,168.6,185.8,954.0,80.8,91.0,54.3
2026-04-12 21:00:00,2026,4,12,21,Hà Nội,Xã Tây Phương,21.0403672,105.6115528,196,Unhealthy,3,29.0,76,0.0,14.1,134,1001.7,0,160.2,172.8,765.0,69.6,79.0,53.1
2026-04-12 22:00:00,2026,4,12,22,Hà Nội,Xã Tây Phương,21.0403672,105.6115528,195,Unhealthy,3,27.9,75,0.0,13.4,137,1002.3,0,149.5,158.8,627.0,60.7,69.0,51.2
2026-04-12 23:00:00,2026,4,12,23,Hà Nội,Xã Tây Phương,21.0403672,105.6115528,195,Unhealthy,3,27.0,75,0.0,13.2,134,1002.2,0,134.6,141.1,601.0,56.4,62.0,47.8
2026-04-13 00:00:00,2026,4,13,0,Hà Nội,Xã Tây Phương,21.0403672,105.6115528,193,Unhealthy,3,26.0,79,0.0,11.3,138,1001.8,0,120.1,125.3,626.0,54.4,57.0,43.7
2026-04-13 01:00:00,2026,4,13,1,Hà Nội,Xã Tây Phương,21.0403672,105.6115528,192,Unhealthy,3,25.4,85,0.0,8.8,133,1001.6,0,111.1,114.8,655.0,52.9,53.0,40.5
2026-04-13 02:00:00,2026,4,13,2,Hà Nội,Xã Tây Phương,21.0403672,105.6115528,190,Unhealthy,3,24.4,91,0.0,5.6,140,1001.7,0,104.5,107.6,667.0,51.4,50.0,38.8
2026-04-13 03:00:00,2026,4,13,3,Hà Nội,Xã Tây Phương,21.0403672,105.6115528,188,Unhealthy,3,23.8,93,0.0,5.0,139,1001.8,0,100.8,103.6,684.0,50.4,49.0,37.9
2026-04-13 04:00:00,2026,4,13,4,Hà Nội,Xã Tây Phương,21.0403672,105.6115528,187,Unhealthy,3,23.9,92,0.0,1.8,135,1002.2,0,98.3,101.5,717.0,49.6,49.0,37.8
2026-04-13 05:00:00,2026,4,13,5,Hà Nội,Xã Tây Phương,21.0403672,105.6115528,185,Unhealthy,3,23.8,92,0.0,0.8,63,1003.3,0,96.6,100.1,795.0,49.3,47.0,38.3
2026-04-13 06:00:00,2026,4,13,6,Hà Nội,Xã Tây Phương,21.0403672,105.6115528,184,Unhealthy,3,23.8,94,0.0,0.7,360,1004.2,0,95.0,99.4,890.0,49.2,47.0,39.5
2026-04-13 07:00:00,2026,4,13,7,Hà Nội,Xã Tây Phương,21.0403672,105.6115528,183,Unhealthy,3,25.9,95,0.0,5.1,328,1005.6,10,133.6,138.3,932.0,48.6,44.0,37.4
2026-04-13 08:00:00,2026,4,13,8,Hà Nội,Xã Tây Phương,21.0403672,105.6115528,181,Unhealthy,3,27.5,88,0.0,3.6,33,1006.2,49,104.3,108.3,860.0,44.3,65.0,43.8
2026-04-13 09:00:00,2026,4,13,9,Hà Nội,Xã Tây Phương,21.0403672,105.6115528,179,Unhealthy,3,29.0,83,0.0,0.4,360,1006.6,84,96.6,100.6,735.0,38.2,97.0,52.4
2026-04-13 10:00:00,2026,4,13,10,Hà Nội,Xã Tây Phương,21.0403672,105.6115528,178,Unhealthy,3,30.4,80,0.0,1.2,141,1006.6,48,101.3,105.9,668.0,31.7,139.0,57.8
2026-04-13 11:00:00,2026,4,13,11,Hà Nội,Xã Tây Phương,21.0403672,105.6115528,176,Unhealthy,3,31.8,77,0.0,2.7,86,1005.9,12,112.2,117.6,742.0,24.2,199.0,56.8
2026-04-13 12:00:00,2026,4,13,12,Hà Nội,Xã Tây Phương,21.0403672,105.6115528,175,Unhealthy,3,33.2,70,0.0,5.5,113,1004.9,3,114.6,122.5,874.0,16.4,269.0,52.5
2026-04-13 13:00:00,2026,4,13,13,Hà Nội,Xã Tây Phương,21.0403672,105.6115528,175,Unhealthy,3,33.8,65,0.0,10.0,129,1003.9,13,111.1,120.1,933.0,11.3,321.0,48.5
2026-04-13 14:00:00,2026,4,13,14,Hà Nội,Xã Tây Phương,21.0403672,105.6115528,176,Unhealthy,3,34.2,61,0.0,11.9,142,1002.7,26,110.6,121.1,832.0,10.2,348.0,45.8
2026-04-13 15:00:00,2026,4,13,15,Hà Nội,Xã Tây Phương,21.0403672,105.6115528,177,Unhealthy,3,34.3,63,0.0,12.5,139,1001.8,16,110.8,120.1,658.0,11.9,359.0,43.4
2026-04-13 16:00:00,2026,4,13,16,Hà Nội,Xã Tây Phương,21.0403672,105.6115528,210,Very Unhealthy,4,33.7,69,0.0,15.4,131,1001.4,2,107.6,113.9,539.0,15.5,348.0,42.1
2026-04-13 17:00:00,2026,4,13,17,Hà Nội,Xã Tây Phương,21.0403672,105.6115528,229,Very Unhealthy,4,32.4,71,0.0,13.0,125,1001.5,2,101.3,104.3,543.0,21.9,306.0,42.6
2026-04-13 18:00:00,2026,4,13,18,Hà Nội,Xã Tây Phương,21.0403672,105.6115528,243,Very Unhealthy,4,30.9,72,0.0,13.1,128,1002.2,0,94.1,95.2,601.0,30.3,244.0,44.2
2026-04-13 19:00:00,2026,4,13,19,Hà Nội,Xã Tây Phương,21.0403672,105.6115528,250,Very Unhealthy,4,29.9,73,0.0,15.1,135,1003.3,2,88.2,88.9,636.0,37.1,187.0,44.9
2026-04-13 20:00:00,2026,4,13,20,Hà Nội,Xã Tây Phương,21.0403672,105.6115528,249,Very Unhealthy,4,28.9,76,0.0,14.7,129,1004.0,0,86.1,87.1,613.0,40.8,143.0,44.1
2026-04-13 21:00:00,2026,4,13,21,Hà Nội,Xã Tây Phương,21.0403672,105.6115528,241,Very Unhealthy,4,28.0,78,0.0,16.6,132,1004.7,1,83.1,84.8,568.0,42.8,105.0,42.4
2026-04-13 22:00:00,2026,4,13,22,Hà Nội,Xã Tây Phương,21.0403672,105.6115528,226,Very Unhealthy,4,27.3,79,0.0,14.0,135,1005.2,0,78.5,80.3,525.0,44.2,76.0,40.3
2026-04-13 23:00:00,2026,4,13,23,Hà Nội,Xã Tây Phương,21.0403672,105.6115528,208,Very Unhealthy,4,26.7,79,0.0,12.4,131,1005.2,0,72.9,75.4,492.0,45.1,60.0,37.4
