timestamp,year,month,day,hour,province,location,lat,lon,aqi,pollution_level,pollution_class,temp,humidity,rain,wind_speed,wind_dir,pressure,cloud,pm2_5,pm10,co,no2,o3,so2
2026-01-14 20:00:00,2026,1,14,20,Bắc Ninh,Xã Tiên Du,21.1573477,106.0138026,162,Unhealthy,3,19.5,76,0.0,12.5,129,1015.5,15,57.7,58.3,559.0,45.3,62.0,28.5
2026-01-14 21:00:00,2026,1,14,21,Bắc Ninh,Xã Tiên Du,21.1573477,106.0138026,160,Unhealthy,3,18.7,80,0.0,9.4,137,1016.1,5,49.4,49.9,586.0,37.8,65.0,27.2
2026-01-14 22:00:00,2026,1,14,22,Bắc Ninh,Xã Tiên Du,21.1573477,106.0138026,158,Unhealthy,3,17.8,85,0.0,6.9,135,1016.8,9,48.3,49.0,614.0,32.5,66.0,26.2
2026-01-14 23:00:00,2026,1,14,23,Bắc Ninh,Xã Tiên Du,21.1573477,106.0138026,156,Unhealthy,3,17.0,89,0.0,5.3,118,1017.1,18,51.5,52.2,650.0,31.8,62.0,25.8
2026-01-15 00:00:00,2026,1,15,0,Bắc Ninh,Xã Tiên Du,21.1573477,106.0138026,155,Unhealthy,3,16.4,93,0.0,4.8,105,1017.2,13,55.8,56.6,688.0,33.3,55.0,25.6
2026-01-15 01:00:00,2026,1,15,1,Bắc Ninh,Xã Tiên Du,21.1573477,106.0138026,154,Unhealthy,3,16.6,94,0.0,4.1,105,1017.2,100,60.8,61.7,711.0,34.2,49.0,25.3
2026-01-15 02:00:00,2026,1,15,2,Bắc Ninh,Xã Tiên Du,21.1573477,106.0138026,154,Unhealthy,3,17.5,89,0.0,5.3,57,1016.6,98,64.7,65.7,704.0,32.9,46.0,24.4
2026-01-15 03:00:00,2026,1,15,3,Bắc Ninh,Xã Tiên Du,21.1573477,106.0138026,154,Unhealthy,3,17.6,89,0.0,4.1,41,1016.3,100,67.5,68.2,684.0,31.1,43.0,23.3
2026-01-15 04:00:00,2026,1,15,4,Bắc Ninh,Xã Tiên Du,21.1573477,106.0138026,154,Unhealthy,3,17.7,87,0.0,3.6,60,1016.2,100,68.5,69.4,682.0,30.8,40.0,23.1
2026-01-15 05:00:00,2026,1,15,5,Bắc Ninh,Xã Tiên Du,21.1573477,106.0138026,154,Unhealthy,3,17.6,87,0.0,4.5,67,1016.3,100,69.4,70.1,724.0,33.9,33.0,24.1
2026-01-15 06:00:00,2026,1,15,6,Bắc Ninh,Xã Tiên Du,21.1573477,106.0138026,154,Unhealthy,3,17.5,87,0.0,3.7,51,1017.0,100,70.8,71.2,784.0,38.7,26.0,26.0
2026-01-15 07:00:00,2026,1,15,7,Bắc Ninh,Xã Tiên Du,21.1573477,106.0138026,154,Unhealthy,3,17.1,89,0.0,4.6,26,1017.3,100,70.5,71.2,821.0,37.0,41.0,28.2
2026-01-15 08:00:00,2026,1,15,8,Bắc Ninh,Xã Tiên Du,21.1573477,106.0138026,153,Unhealthy,3,17.5,93,0.9,2.3,51,1017.8,100,72.9,73.6,820.0,35.2,51.0,30.1
2026-01-15 09:00:00,2026,1,15,9,Bắc Ninh,Xã Tiên Du,21.1573477,106.0138026,153,Unhealthy,3,18.0,93,0.8,1.5,300,1018.2,100,69.2,70.1,796.0,32.6,66.0,32.6
2026-01-15 10:00:00,2026,1,15,10,Bắc Ninh,Xã Tiên Du,21.1573477,106.0138026,152,Unhealthy,3,19.5,86,0.1,1.7,347,1018.3,100,67.3,68.5,754.0,30.4,79.0,34.2
2026-01-15 11:00:00,2026,1,15,11,Bắc Ninh,Xã Tiên Du,21.1573477,106.0138026,153,Unhealthy,3,21.8,73,0.0,2.9,101,1017.5,71,62.9,64.0,682.0,28.8,89.0,34.0
2026-01-15 12:00:00,2026,1,15,12,Bắc Ninh,Xã Tiên Du,21.1573477,106.0138026,153,Unhealthy,3,22.7,70,0.2,3.5,118,1016.0,98,58.7,60.1,593.0,27.6,98.0,32.9
2026-01-15 13:00:00,2026,1,15,13,Bắc Ninh,Xã Tiên Du,21.1573477,106.0138026,153,Unhealthy,3,22.1,69,0.2,3.6,139,1015.2,100,55.9,57.4,527.0,26.9,104.0,32.2
2026-01-15 14:00:00,2026,1,15,14,Bắc Ninh,Xã Tiên Du,21.1573477,106.0138026,153,Unhealthy,3,22.4,68,0.0,4.8,121,1014.0,100,55.5,57.0,467.0,26.2,107.0,32.0
2026-01-15 15:00:00,2026,1,15,15,Bắc Ninh,Xã Tiên Du,21.1573477,106.0138026,153,Unhealthy,3,22.1,71,0.0,7.2,127,1013.3,100,57.0,58.6,431.0,26.0,108.0,32.2
2026-01-15 16:00:00,2026,1,15,16,Bắc Ninh,Xã Tiên Du,21.1573477,106.0138026,153,Unhealthy,3,22.1,71,0.0,6.8,122,1013.0,100,59.1,60.8,510.0,28.4,104.0,33.4
2026-01-15 17:00:00,2026,1,15,17,Bắc Ninh,Xã Tiên Du,21.1573477,106.0138026,154,Unhealthy,3,21.8,73,0.0,5.2,134,1012.9,100,65.2,66.8,849.0,35.5,93.0,36.8
2026-01-15 18:00:00,2026,1,15,18,Bắc Ninh,Xã Tiên Du,21.1573477,106.0138026,154,Unhealthy,3,21.0,79,0.0,1.3,135,1012.8,100,74.5,76.1,1304.0,45.3,77.0,41.3
2026-01-15 19:00:00,2026,1,15,19,Bắc Ninh,Xã Tiên Du,21.1573477,106.0138026,154,Unhealthy,3,20.5,82,0.0,0.6,108,1013.4,100,104.1,105.7,1535.0,73.5,47.0,52.9
2026-01-15 20:00:00,2026,1,15,20,Bắc Ninh,Xã Tiên Du,21.1573477,106.0138026,154,Unhealthy,3,20.4,82,0.0,5.1,98,1013.6,15,117.6,119.2,1317.0,69.3,44.0,50.3
2026-01-15 21:00:00,2026,1,15,21,Bắc Ninh,Xã Tiên Du,21.1573477,106.0138026,156,Unhealthy,3,19.2,86,0.0,6.9,135,1013.7,14,111.3,112.9,876.0,63.4,39.0,46.5
2026-01-15 22:00:00,2026,1,15,22,Bắc Ninh,Xã Tiên Du,21.1573477,106.0138026,157,Unhealthy,3,17.9,93,0.0,5.6,158,1013.7,13,107.6,109.2,551.0,58.6,35.0,42.6
2026-01-15 23:00:00,2026,1,15,23,Bắc Ninh,Xã Tiên Du,21.1573477,106.0138026,158,Unhealthy,3,17.4,96,0.0,5.5,169,1013.7,14,106.4,108.0,498.0,56.3,31.0,38.8
2026-01-16 00:00:00,2026,1,16,0,Bắc Ninh,Xã Tiên Du,21.1573477,106.0138026,160,Unhealthy,3,17.0,98,0.0,5.6,159,1013.6,16,101.0,102.4,560.0,55.1,26.0,34.9
2026-01-16 01:00:00,2026,1,16,1,Bắc Ninh,Xã Tiên Du,21.1573477,106.0138026,161,Unhealthy,3,17.0,100,0.0,6.0,153,1013.5,100,92.2,93.6,607.0,52.8,23.0,31.3
2026-01-16 02:00:00,2026,1,16,2,Bắc Ninh,Xã Tiên Du,21.1573477,106.0138026,161,Unhealthy,3,17.2,99,0.0,6.0,159,1012.7,100,87.1,88.5,586.0,48.1,21.0,27.7
2026-01-16 03:00:00,2026,1,16,3,Bắc Ninh,Xã Tiên Du,21.1573477,106.0138026,162,Unhealthy,3,17.6,99,0.0,8.2,161,1012.4,100,87.8,88.9,550.0,42.4,20.0,24.3
2026-01-16 04:00:00,2026,1,16,4,Bắc Ninh,Xã Tiên Du,21.1573477,106.0138026,162,Unhealthy,3,17.8,100,0.0,10.3,155,1012.3,100,88.9,90.1,530.0,37.9,20.0,22.7
2026-01-16 05:00:00,2026,1,16,5,Bắc Ninh,Xã Tiên Du,21.1573477,106.0138026,163,Unhealthy,3,17.7,100,0.0,8.5,151,1012.4,100,88.5,89.6,547.0,35.6,20.0,23.8
2026-01-16 06:00:00,2026,1,16,6,Bắc Ninh,Xã Tiên Du,21.1573477,106.0138026,163,Unhealthy,3,17.9,99,0.0,6.7,136,1012.6,100,87.1,88.2,580.0,34.5,21.0,26.7
2026-01-16 07:00:00,2026,1,16,7,Bắc Ninh,Xã Tiên Du,21.1573477,106.0138026,164,Unhealthy,3,17.9,99,0.2,5.8,141,1013.3,100,81.7,83.1,600.0,35.0,24.0,30.3
2026-01-16 08:00:00,2026,1,16,8,Bắc Ninh,Xã Tiên Du,21.1573477,106.0138026,164,Unhealthy,3,18.6,96,0.1,6.7,149,1013.8,100,72.4,73.8,596.0,33.0,33.0,32.6
2026-01-16 09:00:00,2026,1,16,9,Bắc Ninh,Xã Tiên Du,21.1573477,106.0138026,164,Unhealthy,3,19.4,93,0.0,6.8,151,1014.6,100,61.2,62.4,579.0,30.3,45.0,35.6
2026-01-16 10:00:00,2026,1,16,10,Bắc Ninh,Xã Tiên Du,21.1573477,106.0138026,164,Unhealthy,3,20.5,88,0.1,11.0,161,1014.4,100,56.9,58.1,547.0,27.6,58.0,37.0
2026-01-16 11:00:00,2026,1,16,11,Bắc Ninh,Xã Tiên Du,21.1573477,106.0138026,163,Unhealthy,3,22.4,76,0.1,13.7,169,1013.6,100,53.2,54.4,487.0,25.2,70.0,35.5
2026-01-16 12:00:00,2026,1,16,12,Bắc Ninh,Xã Tiên Du,21.1573477,106.0138026,163,Unhealthy,3,24.2,66,0.1,14.0,188,1012.2,100,50.1,51.1,412.0,23.0,82.0,32.5
2026-01-16 13:00:00,2026,1,16,13,Bắc Ninh,Xã Tiên Du,21.1573477,106.0138026,163,Unhealthy,3,24.5,63,0.0,13.2,184,1011.2,95,49.4,50.3,360.0,21.2,92.0,29.7
2026-01-16 14:00:00,2026,1,16,14,Bắc Ninh,Xã Tiên Du,21.1573477,106.0138026,163,Unhealthy,3,25.2,61,0.0,12.1,185,1010.1,59,49.2,50.1,343.0,18.3,103.0,27.4
2026-01-16 15:00:00,2026,1,16,15,Bắc Ninh,Xã Tiên Du,21.1573477,106.0138026,163,Unhealthy,3,26.0,57,0.0,11.7,182,1009.4,92,49.4,50.1,349.0,15.9,112.0,25.4
2026-01-16 16:00:00,2026,1,16,16,Bắc Ninh,Xã Tiên Du,21.1573477,106.0138026,162,Unhealthy,3,25.5,58,0.0,9.4,163,1009.1,10,48.7,49.4,378.0,18.8,111.0,24.9
2026-01-16 17:00:00,2026,1,16,17,Bắc Ninh,Xã Tiên Du,21.1573477,106.0138026,162,Unhealthy,3,24.8,61,0.0,5.6,130,1009.1,5,55.3,56.0,450.0,33.2,90.0,27.4
2026-01-16 18:00:00,2026,1,16,18,Bắc Ninh,Xã Tiên Du,21.1573477,106.0138026,162,Unhealthy,3,22.0,73,0.0,6.9,123,1009.6,6,76.4,76.8,545.0,53.0,59.0,31.4
2026-01-16 19:00:00,2026,1,16,19,Bắc Ninh,Xã Tiên Du,21.1573477,106.0138026,162,Unhealthy,3,21.8,80,0.0,8.3,120,1010.4,66,81.3,82.0,600.0,58.8,41.0,32.4
2026-01-16 20:00:00,2026,1,16,20,Bắc Ninh,Xã Tiên Du,21.1573477,106.0138026,162,Unhealthy,3,21.1,81,0.0,12.0,135,1011.4,22,74.0,74.7,576.0,54.4,41.0,30.7
2026-01-16 21:00:00,2026,1,16,21,Bắc Ninh,Xã Tiên Du,21.1573477,106.0138026,161,Unhealthy,3,20.2,86,0.0,12.7,135,1011.9,7,64.0,65.0,512.0,48.3,42.0,28.4
2026-01-16 22:00:00,2026,1,16,22,Bắc Ninh,Xã Tiên Du,21.1573477,106.0138026,160,Unhealthy,3,19.1,95,0.0,10.2,144,1012.1,23,59.5,60.5,467.0,43.1,42.0,26.1
2026-01-16 23:00:00,2026,1,16,23,Bắc Ninh,Xã Tiên Du,21.1573477,106.0138026,159,Unhealthy,3,18.6,98,0.0,6.9,137,1012.3,98,57.4,58.7,469.0,40.3,41.0,24.3
2026-01-17 00:00:00,2026,1,17,0,Bắc Ninh,Xã Tiên Du,21.1573477,106.0138026,157,Unhealthy,3,18.5,98,0.0,6.2,128,1012.2,100,56.0,57.4,490.0,38.4,39.0,22.6
2026-01-17 01:00:00,2026,1,17,1,Bắc Ninh,Xã Tiên Du,21.1573477,106.0138026,156,Unhealthy,3,19.6,99,0.0,11.5,134,1012.1,100,56.8,58.7,497.0,36.0,37.0,20.7
2026-01-17 02:00:00,2026,1,17,2,Bắc Ninh,Xã Tiên Du,21.1573477,106.0138026,156,Unhealthy,3,19.8,97,0.0,11.3,127,1011.6,100,59.1,61.0,467.0,32.0,35.0,18.1
2026-01-17 03:00:00,2026,1,17,3,Bắc Ninh,Xã Tiên Du,21.1573477,106.0138026,155,Unhealthy,3,19.6,97,0.0,10.5,117,1011.4,100,61.2,62.9,422.0,27.5,34.0,15.4
2026-01-17 04:00:00,2026,1,17,4,Bắc Ninh,Xã Tiên Du,21.1573477,106.0138026,155,Unhealthy,3,19.5,96,0.0,9.9,119,1011.2,100,62.2,63.6,404.0,24.6,33.0,13.7
2026-01-17 05:00:00,2026,1,17,5,Bắc Ninh,Xã Tiên Du,21.1573477,106.0138026,154,Unhealthy,3,19.4,95,0.0,9.5,115,1011.5,100,60.5,61.9,445.0,24.8,33.0,13.9
2026-01-17 06:00:00,2026,1,17,6,Bắc Ninh,Xã Tiên Du,21.1573477,106.0138026,153,Unhealthy,3,19.3,96,0.1,11.1,107,1011.7,100,59.4,60.8,512.0,26.5,33.0,15.1
2026-01-17 07:00:00,2026,1,17,7,Bắc Ninh,Xã Tiên Du,21.1573477,106.0138026,153,Unhealthy,3,19.4,97,0.1,9.5,90,1012.1,100,68.7,70.3,542.0,33.4,27.0,18.7
2026-01-17 08:00:00,2026,1,17,8,Bắc Ninh,Xã Tiên Du,21.1573477,106.0138026,152,Unhealthy,3,20.0,93,0.3,10.5,93,1013.0,100,60.3,61.7,496.0,32.3,35.0,18.9
2026-01-17 09:00:00,2026,1,17,9,Bắc Ninh,Xã Tiên Du,21.1573477,106.0138026,152,Unhealthy,3,19.7,95,2.5,7.5,53,1014.1,100,49.1,50.4,412.0,30.6,47.0,19.2
2026-01-17 10:00:00,2026,1,17,10,Bắc Ninh,Xã Tiên Du,21.1573477,106.0138026,152,Unhealthy,3,19.6,97,3.9,8.7,24,1014.2,100,40.3,41.4,344.0,28.5,58.0,19.3
2026-01-17 11:00:00,2026,1,17,11,Bắc Ninh,Xã Tiên Du,21.1573477,106.0138026,152,Unhealthy,3,20.1,92,4.4,8.3,24,1013.9,100,36.8,37.8,311.0,25.7,67.0,19.3
2026-01-17 12:00:00,2026,1,17,12,Bắc Ninh,Xã Tiên Du,21.1573477,106.0138026,151,Unhealthy,3,20.5,89,6.7,7.8,44,1012.4,88,30.2,31.2,294.0,22.5,76.0,19.2
2026-01-17 13:00:00,2026,1,17,13,Bắc Ninh,Xã Tiên Du,21.1573477,106.0138026,151,Unhealthy,3,20.8,86,2.1,9.4,91,1011.7,99,26.7,27.7,289.0,20.3,83.0,18.9
2026-01-17 14:00:00,2026,1,17,14,Bắc Ninh,Xã Tiên Du,21.1573477,106.0138026,150,Unhealthy for Sensitive Groups,2,21.9,80,0.5,10.4,108,1010.8,100,29.7,30.6,290.0,18.8,90.0,17.9
2026-01-17 15:00:00,2026,1,17,15,Bắc Ninh,Xã Tiên Du,21.1573477,106.0138026,149,Unhealthy for Sensitive Groups,2,22.4,77,0.1,14.1,125,1009.7,70,31.8,32.5,303.0,18.3,95.0,16.7
2026-01-17 16:00:00,2026,1,17,16,Bắc Ninh,Xã Tiên Du,21.1573477,106.0138026,147,Unhealthy for Sensitive Groups,2,22.4,76,0.0,14.3,126,1009.5,32,33.6,34.3,345.0,20.9,93.0,16.8
2026-01-17 17:00:00,2026,1,17,17,Bắc Ninh,Xã Tiên Du,21.1573477,106.0138026,146,Unhealthy for Sensitive Groups,2,21.6,79,0.0,12.8,124,1009.7,23,36.9,37.4,442.0,29.5,79.0,19.4
2026-01-17 18:00:00,2026,1,17,18,Bắc Ninh,Xã Tiên Du,21.1573477,106.0138026,144,Unhealthy for Sensitive Groups,2,20.0,89,0.0,8.4,124,1010.6,23,41.7,42.0,568.0,41.1,58.0,23.3
2026-01-17 19:00:00,2026,1,17,19,Bắc Ninh,Xã Tiên Du,21.1573477,106.0138026,140,Unhealthy for Sensitive Groups,2,19.5,94,0.0,7.7,143,1010.9,32,37.1,37.1,660.0,49.4,40.0,26.5
2026-01-17 20:00:00,2026,1,17,20,Bắc Ninh,Xã Tiên Du,21.1573477,106.0138026,136,Unhealthy for Sensitive Groups,2,19.0,96,0.0,8.9,144,1011.0,13,43.1,43.3,688.0,48.6,40.0,27.5
2026-01-17 21:00:00,2026,1,17,21,Bắc Ninh,Xã Tiên Du,21.1573477,106.0138026,132,Unhealthy for Sensitive Groups,2,18.5,96,0.0,7.4,135,1011.3,5,43.9,44.2,682.0,47.4,39.0,28.7
2026-01-17 22:00:00,2026,1,17,22,Bắc Ninh,Xã Tiên Du,21.1573477,106.0138026,130,Unhealthy for Sensitive Groups,2,17.8,97,0.0,5.5,128,1011.5,11,49.1,49.5,668.0,45.8,39.0,29.5
2026-01-17 23:00:00,2026,1,17,23,Bắc Ninh,Xã Tiên Du,21.1573477,106.0138026,129,Unhealthy for Sensitive Groups,2,17.4,98,0.0,5.6,121,1011.5,18,53.8,54.2,655.0,43.8,40.0,29.4
2026-01-18 00:00:00,2026,1,18,0,Bắc Ninh,Xã Tiên Du,21.1573477,106.0138026,129,Unhealthy for Sensitive Groups,2,17.2,98,0.0,5.0,128,1011.5,100,55.8,56.3,636.0,41.3,42.0,28.7
2026-01-18 01:00:00,2026,1,18,1,Bắc Ninh,Xã Tiên Du,21.1573477,106.0138026,129,Unhealthy for Sensitive Groups,2,18.1,98,0.0,6.7,126,1011.6,95,57.6,58.4,611.0,38.6,44.0,27.8
2026-01-18 02:00:00,2026,1,18,2,Bắc Ninh,Xã Tiên Du,21.1573477,106.0138026,129,Unhealthy for Sensitive Groups,2,18.1,98,0.0,8.1,114,1011.0,100,60.1,60.8,567.0,34.9,47.0,26.5
2026-01-18 03:00:00,2026,1,18,3,Bắc Ninh,Xã Tiên Du,21.1573477,106.0138026,129,Unhealthy for Sensitive Groups,2,18.4,98,0.0,9.3,105,1010.7,100,62.2,63.1,518.0,30.9,49.0,25.1
2026-01-18 04:00:00,2026,1,18,4,Bắc Ninh,Xã Tiên Du,21.1573477,106.0138026,129,Unhealthy for Sensitive Groups,2,18.2,98,0.0,8.5,97,1010.5,99,59.8,61.0,511.0,28.7,51.0,24.0
2026-01-18 05:00:00,2026,1,18,5,Bắc Ninh,Xã Tiên Du,21.1573477,106.0138026,129,Unhealthy for Sensitive Groups,2,18.2,97,0.0,8.4,100,1010.4,59,59.1,60.1,588.0,30.2,49.0,23.6
2026-01-18 06:00:00,2026,1,18,6,Bắc Ninh,Xã Tiên Du,21.1573477,106.0138026,129,Unhealthy for Sensitive Groups,2,17.9,98,0.0,4.2,100,1011.0,98,58.2,59.1,706.0,33.5,45.0,23.7
2026-01-18 07:00:00,2026,1,18,7,Bắc Ninh,Xã Tiên Du,21.1573477,106.0138026,128,Unhealthy for Sensitive Groups,2,17.4,96,0.1,1.8,336,1011.9,97,63.8,64.7,783.0,35.8,42.0,23.8
2026-01-18 08:00:00,2026,1,18,8,Bắc Ninh,Xã Tiên Du,21.1573477,106.0138026,128,Unhealthy for Sensitive Groups,2,18.0,95,1.4,4.6,36,1012.5,100,65.4,66.4,784.0,34.8,49.0,26.0
2026-01-18 09:00:00,2026,1,18,9,Bắc Ninh,Xã Tiên Du,21.1573477,106.0138026,129,Unhealthy for Sensitive Groups,2,19.1,91,0.0,4.4,109,1013.0,100,59.5,60.8,744.0,33.2,60.0,29.1
2026-01-18 10:00:00,2026,1,18,10,Bắc Ninh,Xã Tiên Du,21.1573477,106.0138026,130,Unhealthy for Sensitive Groups,2,21.1,83,0.0,5.8,141,1013.3,100,48.5,49.9,684.0,30.4,73.0,30.7
2026-01-18 11:00:00,2026,1,18,11,Bắc Ninh,Xã Tiên Du,21.1573477,106.0138026,130,Unhealthy for Sensitive Groups,2,22.4,78,0.0,6.5,167,1012.6,98,39.8,41.0,597.0,25.3,88.0,29.7
2026-01-18 12:00:00,2026,1,18,12,Bắc Ninh,Xã Tiên Du,21.1573477,106.0138026,131,Unhealthy for Sensitive Groups,2,24.5,67,0.1,7.0,190,1011.2,50,37.4,38.3,490.0,19.0,105.0,27.3
2026-01-18 13:00:00,2026,1,18,13,Bắc Ninh,Xã Tiên Du,21.1573477,106.0138026,132,Unhealthy for Sensitive Groups,2,25.5,60,0.1,6.9,175,1010.1,39,34.8,35.6,408.0,14.5,119.0,25.2
2026-01-18 14:00:00,2026,1,18,14,Bắc Ninh,Xã Tiên Du,21.1573477,106.0138026,132,Unhealthy for Sensitive Groups,2,26.6,55,0.1,9.0,185,1009.1,59,34.3,35.0,369.0,12.6,129.0,23.9
2026-01-18 15:00:00,2026,1,18,15,Bắc Ninh,Xã Tiên Du,21.1573477,106.0138026,133,Unhealthy for Sensitive Groups,2,26.3,57,0.0,13.7,159,1008.5,88,35.3,36.0,355.0,12.5,135.0,22.8
2026-01-18 16:00:00,2026,1,18,16,Bắc Ninh,Xã Tiên Du,21.1573477,106.0138026,133,Unhealthy for Sensitive Groups,2,24.5,66,0.0,18.7,144,1008.5,27,35.5,36.2,358.0,14.0,135.0,22.2
2026-01-18 17:00:00,2026,1,18,17,Bắc Ninh,Xã Tiên Du,21.1573477,106.0138026,133,Unhealthy for Sensitive Groups,2,23.8,69,0.0,17.1,132,1008.8,52,38.1,38.8,384.0,18.1,124.0,21.9
2026-01-18 18:00:00,2026,1,18,18,Bắc Ninh,Xã Tiên Du,21.1573477,106.0138026,134,Unhealthy for Sensitive Groups,2,21.8,73,0.0,16.8,128,1009.1,45,42.0,42.6,427.0,23.9,106.0,22.0
2026-01-18 19:00:00,2026,1,18,19,Bắc Ninh,Xã Tiên Du,21.1573477,106.0138026,134,Unhealthy for Sensitive Groups,2,20.9,76,0.0,15.0,133,1009.7,2,58.4,59.6,465.0,29.0,86.0,22.8
2026-01-18 20:00:00,2026,1,18,20,Bắc Ninh,Xã Tiên Du,21.1573477,106.0138026,136,Unhealthy for Sensitive Groups,2,20.0,83,0.0,14.6,142,1010.5,5,58.7,59.6,490.0,29.4,83.0,24.7
2026-01-18 21:00:00,2026,1,18,21,Bắc Ninh,Xã Tiên Du,21.1573477,106.0138026,137,Unhealthy for Sensitive Groups,2,19.1,90,0.0,12.9,141,1010.9,3,60.8,61.7,509.0,29.8,78.0,27.3
2026-01-18 22:00:00,2026,1,18,22,Bắc Ninh,Xã Tiên Du,21.1573477,106.0138026,139,Unhealthy for Sensitive Groups,2,18.6,95,0.0,11.3,143,1011.5,13,64.7,65.7,524.0,30.0,73.0,29.1
2026-01-18 23:00:00,2026,1,18,23,Bắc Ninh,Xã Tiên Du,21.1573477,106.0138026,141,Unhealthy for Sensitive Groups,2,18.4,97,0.0,10.7,140,1011.5,22,67.5,68.5,537.0,29.8,69.0,29.5
2026-01-19 00:00:00,2026,1,19,0,Bắc Ninh,Xã Tiên Du,21.1573477,106.0138026,142,Unhealthy for Sensitive Groups,2,18.2,98,0.0,10.4,136,1011.3,38,67.1,68.2,546.0,29.2,66.0,29.2
2026-01-19 01:00:00,2026,1,19,1,Bắc Ninh,Xã Tiên Du,21.1573477,106.0138026,143,Unhealthy for Sensitive Groups,2,19.1,98,0.0,11.4,139,1011.0,100,67.3,68.5,542.0,28.3,63.0,28.5
2026-01-19 02:00:00,2026,1,19,2,Bắc Ninh,Xã Tiên Du,21.1573477,106.0138026,144,Unhealthy for Sensitive Groups,2,18.8,98,0.0,11.0,132,1010.3,89,68.2,69.4,512.0,26.5,62.0,27.4
2026-01-19 03:00:00,2026,1,19,3,Bắc Ninh,Xã Tiên Du,21.1573477,106.0138026,145,Unhealthy for Sensitive Groups,2,18.8,98,0.0,10.8,126,1010.2,100,67.8,69.2,470.0,24.4,62.0,26.1
2026-01-19 04:00:00,2026,1,19,4,Bắc Ninh,Xã Tiên Du,21.1573477,106.0138026,146,Unhealthy for Sensitive Groups,2,18.8,98,0.0,10.7,117,1010.0,100,66.6,68.0,447.0,23.4,62.0,25.2
2026-01-19 05:00:00,2026,1,19,5,Bắc Ninh,Xã Tiên Du,21.1573477,106.0138026,147,Unhealthy for Sensitive Groups,2,19.0,97,0.0,11.2,116,1010.2,100,64.5,65.7,467.0,24.5,60.0,25.3
2026-01-19 06:00:00,2026,1,19,6,Bắc Ninh,Xã Tiên Du,21.1573477,106.0138026,147,Unhealthy for Sensitive Groups,2,19.0,97,0.0,10.4,110,1011.0,100,63.1,64.3,506.0,26.8,59.0,26.0
2026-01-19 07:00:00,2026,1,19,7,Bắc Ninh,Xã Tiên Du,21.1573477,106.0138026,148,Unhealthy for Sensitive Groups,2,18.5,97,0.0,12.2,118,1012.2,100,83.6,85.4,530.0,32.2,49.0,29.1
2026-01-19 08:00:00,2026,1,19,8,Bắc Ninh,Xã Tiên Du,21.1573477,106.0138026,150,Unhealthy for Sensitive Groups,2,19.5,93,0.0,12.7,125,1013.2,100,77.5,79.4,522.0,31.6,57.0,29.3
2026-01-19 09:00:00,2026,1,19,9,Bắc Ninh,Xã Tiên Du,21.1573477,106.0138026,150,Unhealthy for Sensitive Groups,2,20.6,87,0.0,12.6,133,1013.8,100,64.7,66.8,498.0,30.7,69.0,29.6
2026-01-19 10:00:00,2026,1,19,10,Bắc Ninh,Xã Tiên Du,21.1573477,106.0138026,150,Unhealthy for Sensitive Groups,2,21.3,84,0.2,14.5,145,1014.2,100,56.6,58.8,468.0,29.3,79.0,29.4
2026-01-19 11:00:00,2026,1,19,11,Bắc Ninh,Xã Tiên Du,21.1573477,106.0138026,150,Unhealthy for Sensitive Groups,2,22.9,75,0.1,15.2,159,1013.4,77,55.3,57.9,431.0,26.9,87.0,28.6
2026-01-19 12:00:00,2026,1,19,12,Bắc Ninh,Xã Tiên Du,21.1573477,106.0138026,151,Unhealthy,3,25.1,64,0.1,14.9,165,1012.1,99,49.4,51.5,390.0,24.0,93.0,27.3
2026-01-19 13:00:00,2026,1,19,13,Bắc Ninh,Xã Tiên Du,21.1573477,106.0138026,151,Unhealthy,3,25.5,61,0.0,17.1,173,1011.1,62,47.0,48.9,358.0,21.4,99.0,25.9
2026-01-19 14:00:00,2026,1,19,14,Bắc Ninh,Xã Tiên Du,21.1573477,106.0138026,151,Unhealthy,3,26.6,55,0.0,17.4,173,1010.1,72,44.5,46.1,341.0,18.8,106.0,24.2
2026-01-19 15:00:00,2026,1,19,15,Bắc Ninh,Xã Tiên Du,21.1573477,106.0138026,152,Unhealthy,3,26.5,55,0.0,16.7,166,1009.5,73,41.4,42.8,334.0,16.6,112.0,22.5
2026-01-19 16:00:00,2026,1,19,16,Bắc Ninh,Xã Tiên Du,21.1573477,106.0138026,152,Unhealthy,3,25.6,58,0.0,18.1,161,1009.4,84,40.5,41.9,340.0,16.4,112.0,21.1
2026-01-19 17:00:00,2026,1,19,17,Bắc Ninh,Xã Tiên Du,21.1573477,106.0138026,152,Unhealthy,3,24.4,65,0.0,17.0,148,1009.7,77,38.4,39.5,365.0,20.0,103.0,20.4
2026-01-19 18:00:00,2026,1,19,18,Bắc Ninh,Xã Tiên Du,21.1573477,106.0138026,152,Unhealthy,3,22.6,73,0.0,15.0,133,1010.2,29,40.0,41.0,403.0,25.8,88.0,20.1
2026-01-19 19:00:00,2026,1,19,19,Bắc Ninh,Xã Tiên Du,21.1573477,106.0138026,152,Unhealthy,3,21.8,82,0.0,15.0,135,1010.8,50,41.6,42.7,436.0,28.7,77.0,18.8
2026-01-19 20:00:00,2026,1,19,20,Bắc Ninh,Xã Tiên Du,21.1573477,106.0138026,151,Unhealthy,3,20.9,89,0.0,15.2,138,1011.2,77,43.0,44.1,460.0,29.8,71.0,20.1
2026-01-19 21:00:00,2026,1,19,21,Bắc Ninh,Xã Tiên Du,21.1573477,106.0138026,151,Unhealthy,3,20.0,94,0.0,13.1,143,1011.6,34,46.7,47.8,480.0,31.2,63.0,21.9
2026-01-19 22:00:00,2026,1,19,22,Bắc Ninh,Xã Tiên Du,21.1573477,106.0138026,151,Unhealthy,3,19.6,96,0.0,11.7,144,1012.3,55,51.6,53.0,490.0,32.1,57.0,23.0
2026-01-19 23:00:00,2026,1,19,23,Bắc Ninh,Xã Tiên Du,21.1573477,106.0138026,150,Unhealthy for Sensitive Groups,2,19.4,97,0.0,10.9,140,1012.3,66,54.4,55.8,487.0,32.0,53.0,23.1
2026-01-20 00:00:00,2026,1,20,0,Bắc Ninh,Xã Tiên Du,21.1573477,106.0138026,150,Unhealthy for Sensitive Groups,2,19.2,98,0.0,10.6,132,1012.3,100,53.9,55.3,474.0,31.3,51.0,22.6
2026-01-20 01:00:00,2026,1,20,1,Bắc Ninh,Xã Tiên Du,21.1573477,106.0138026,150,Unhealthy for Sensitive Groups,2,20.5,97,0.0,11.8,144,1012.2,100,52.2,53.6,453.0,30.2,50.0,21.7
2026-01-20 02:00:00,2026,1,20,2,Bắc Ninh,Xã Tiên Du,21.1573477,106.0138026,148,Unhealthy for Sensitive Groups,2,20.6,97,0.0,11.6,145,1011.5,100,51.6,52.9,417.0,28.3,49.0,20.4
2026-01-20 03:00:00,2026,1,20,3,Bắc Ninh,Xã Tiên Du,21.1573477,106.0138026,146,Unhealthy for Sensitive Groups,2,20.6,97,0.0,10.1,140,1011.2,100,51.6,52.9,373.0,25.9,49.0,18.7
2026-01-20 04:00:00,2026,1,20,4,Bắc Ninh,Xã Tiên Du,21.1573477,106.0138026,145,Unhealthy for Sensitive Groups,2,20.6,97,0.0,9.8,134,1011.4,100,50.8,51.8,346.0,24.1,49.0,17.2
2026-01-20 05:00:00,2026,1,20,5,Bắc Ninh,Xã Tiên Du,21.1573477,106.0138026,143,Unhealthy for Sensitive Groups,2,20.5,97,0.0,11.1,132,1011.7,100,46.6,47.5,351.0,23.5,50.0,16.0
2026-01-20 06:00:00,2026,1,20,6,Bắc Ninh,Xã Tiên Du,21.1573477,106.0138026,141,Unhealthy for Sensitive Groups,2,20.7,95,0.1,14.3,133,1012.5,100,41.8,42.6,373.0,23.5,51.0,15.0
2026-01-20 07:00:00,2026,1,20,7,Bắc Ninh,Xã Tiên Du,21.1573477,106.0138026,139,Unhealthy for Sensitive Groups,2,20.2,97,0.4,12.6,136,1013.9,100,30.0,30.4,389.0,24.7,56.0,16.1
2026-01-20 08:00:00,2026,1,20,8,Bắc Ninh,Xã Tiên Du,21.1573477,106.0138026,133,Unhealthy for Sensitive Groups,2,20.5,92,0.5,15.0,135,1014.8,52,29.8,30.3,393.0,24.2,60.0,15.9
2026-01-20 09:00:00,2026,1,20,9,Bắc Ninh,Xã Tiên Du,21.1573477,106.0138026,128,Unhealthy for Sensitive Groups,2,21.5,83,0.6,15.4,142,1015.7,83,27.4,28.0,392.0,23.4,65.0,15.7
2026-01-20 10:00:00,2026,1,20,10,Bắc Ninh,Xã Tiên Du,21.1573477,106.0138026,124,Unhealthy for Sensitive Groups,2,23.4,76,0.1,14.6,140,1016.0,100,21.1,21.9,382.0,22.2,70.0,15.3
2026-01-20 11:00:00,2026,1,20,11,Bắc Ninh,Xã Tiên Du,21.1573477,106.0138026,121,Unhealthy for Sensitive Groups,2,24.0,71,0.2,15.3,150,1015.6,59,19.0,19.8,357.0,20.1,76.0,14.6
2026-01-20 12:00:00,2026,1,20,12,Bắc Ninh,Xã Tiên Du,21.1573477,106.0138026,117,Unhealthy for Sensitive Groups,2,24.7,68,0.2,15.8,146,1014.8,41,17.1,17.8,323.0,17.6,81.0,13.7
2026-01-20 13:00:00,2026,1,20,13,Bắc Ninh,Xã Tiên Du,21.1573477,106.0138026,114,Unhealthy for Sensitive Groups,2,25.3,64,0.1,15.8,148,1014.2,48,17.2,17.8,298.0,15.9,86.0,13.1
2026-01-20 14:00:00,2026,1,20,14,Bắc Ninh,Xã Tiên Du,21.1573477,106.0138026,110,Unhealthy for Sensitive Groups,2,25.9,59,0.1,15.3,148,1013.0,27,17.6,18.2,287.0,15.4,89.0,12.8
2026-01-20 15:00:00,2026,1,20,15,Bắc Ninh,Xã Tiên Du,21.1573477,106.0138026,108,Unhealthy for Sensitive Groups,2,25.2,61,0.2,17.7,145,1012.4,51,17.9,18.5,284.0,15.7,91.0,12.7
2026-01-20 16:00:00,2026,1,20,16,Bắc Ninh,Xã Tiên Du,21.1573477,106.0138026,105,Unhealthy for Sensitive Groups,2,24.3,66,0.3,19.1,144,1012.7,48,18.6,19.0,295.0,17.2,90.0,13.0
2026-01-20 17:00:00,2026,1,20,17,Bắc Ninh,Xã Tiên Du,21.1573477,106.0138026,103,Unhealthy for Sensitive Groups,2,23.0,73,0.0,16.3,139,1013.2,39,20.6,21.0,327.0,21.2,84.0,13.8
2026-01-20 18:00:00,2026,1,20,18,Bắc Ninh,Xã Tiên Du,21.1573477,106.0138026,101,Unhealthy for Sensitive Groups,2,21.5,81,0.0,15.4,136,1013.8,100,24.5,25.0,372.0,26.3,75.0,14.9
2026-01-20 19:00:00,2026,1,20,19,Bắc Ninh,Xã Tiên Du,21.1573477,106.0138026,100,Moderate,1,20.8,91,0.0,15.3,136,1014.2,36,32.2,33.8,412.0,27.5,63.0,17.0
2026-01-20 20:00:00,2026,1,20,20,Bắc Ninh,Xã Tiên Du,21.1573477,106.0138026,99,Moderate,1,20.4,92,0.0,14.1,130,1015.0,25,34.7,36.0,441.0,29.1,61.0,18.6
2026-01-20 21:00:00,2026,1,20,21,Bắc Ninh,Xã Tiên Du,21.1573477,106.0138026,98,Moderate,1,19.8,94,0.0,10.9,123,1015.4,10,37.7,38.9,464.0,31.2,57.0,20.6
2026-01-20 22:00:00,2026,1,20,22,Bắc Ninh,Xã Tiên Du,21.1573477,106.0138026,97,Moderate,1,19.2,96,0.0,8.6,113,1015.8,23,42.0,43.3,484.0,31.3,53.0,21.6
2026-01-20 23:00:00,2026,1,20,23,Bắc Ninh,Xã Tiên Du,21.1573477,106.0138026,96,Moderate,1,18.9,97,0.0,7.7,101,1016.1,32,45.6,46.8,500.0,27.8,47.0,20.4
2026-01-21 00:00:00,2026,1,21,0,Bắc Ninh,Xã Tiên Du,21.1573477,106.0138026,96,Moderate,1,18.6,96,0.1,6.8,92,1016.4,56,40.4,41.2,512.0,22.2,40.0,18.1
2026-01-21 01:00:00,2026,1,21,1,Bắc Ninh,Xã Tiên Du,21.1573477,106.0138026,94,Moderate,1,19.1,94,0.2,8.0,144,1016.1,87,29.3,29.7,523.0,17.5,34.0,16.4
2026-01-21 02:00:00,2026,1,21,2,Bắc Ninh,Xã Tiên Du,21.1573477,106.0138026,92,Moderate,1,19.5,97,0.1,10.9,121,1015.6,100,24.5,24.8,531.0,14.3,29.0,16.2
2026-01-21 03:00:00,2026,1,21,3,Bắc Ninh,Xã Tiên Du,21.1573477,106.0138026,90,Moderate,1,19.4,96,0.7,12.3,115,1015.7,100,25.9,26.3,536.0,11.8,25.0,16.6
2026-01-21 04:00:00,2026,1,21,4,Bắc Ninh,Xã Tiên Du,21.1573477,106.0138026,88,Moderate,1,18.7,97,0.5,12.9,72,1016.0,99,22.5,22.6,547.0,10.5,22.0,17.0
2026-01-21 05:00:00,2026,1,21,5,Bắc Ninh,Xã Tiên Du,21.1573477,106.0138026,85,Moderate,1,17.5,92,0.4,14.8,54,1016.3,100,18.0,18.2,571.0,11.0,21.0,17.2
2026-01-21 06:00:00,2026,1,21,6,Bắc Ninh,Xã Tiên Du,21.1573477,106.0138026,83,Moderate,1,16.3,80,0.1,15.6,36,1017.5,100,14.5,14.6,601.0,12.5,21.0,17.3
2026-01-21 07:00:00,2026,1,21,7,Bắc Ninh,Xã Tiên Du,21.1573477,106.0138026,80,Moderate,1,17.0,66,0.0,16.9,39,1018.1,100,14.9,14.9,614.0,13.9,19.0,16.9
2026-01-21 08:00:00,2026,1,21,8,Bắc Ninh,Xã Tiên Du,21.1573477,106.0138026,79,Moderate,1,16.7,65,0.0,19.1,43,1019.2,100,12.1,12.3,597.0,13.2,22.0,17.6
2026-01-21 09:00:00,2026,1,21,9,Bắc Ninh,Xã Tiên Du,21.1573477,106.0138026,77,Moderate,1,16.6,65,0.0,19.9,44,1020.6,100,10.0,10.2,565.0,12.1,26.0,18.5
2026-01-21 10:00:00,2026,1,21,10,Bắc Ninh,Xã Tiên Du,21.1573477,106.0138026,76,Moderate,1,17.2,63,0.0,21.2,40,1021.1,100,9.2,9.3,537.0,11.4,30.0,19.3
2026-01-21 11:00:00,2026,1,21,11,Bắc Ninh,Xã Tiên Du,21.1573477,106.0138026,75,Moderate,1,17.5,61,0.0,21.2,39,1021.2,100,11.3,11.6,521.0,11.1,35.0,19.9
2026-01-21 12:00:00,2026,1,21,12,Bắc Ninh,Xã Tiên Du,21.1573477,106.0138026,74,Moderate,1,16.9,61,0.0,21.6,41,1020.5,100,12.6,12.9,510.0,11.1,41.0,20.3
2026-01-21 13:00:00,2026,1,21,13,Bắc Ninh,Xã Tiên Du,21.1573477,106.0138026,74,Moderate,1,16.1,62,0.0,19.9,38,1019.6,100,16.1,16.5,503.0,11.4,45.0,20.5
2026-01-21 14:00:00,2026,1,21,14,Bắc Ninh,Xã Tiên Du,21.1573477,106.0138026,73,Moderate,1,16.4,59,0.0,19.7,36,1018.9,100,15.1,15.4,500.0,12.0,46.0,20.4
2026-01-21 15:00:00,2026,1,21,15,Bắc Ninh,Xã Tiên Du,21.1573477,106.0138026,73,Moderate,1,15.6,60,0.0,18.9,32,1018.6,100,14.5,14.6,502.0,12.9,45.0,20.1
2026-01-21 16:00:00,2026,1,21,16,Bắc Ninh,Xã Tiên Du,21.1573477,106.0138026,73,Moderate,1,15.2,61,0.0,18.4,34,1019.0,100,15.0,15.2,504.0,14.0,43.0,20.0
2026-01-21 17:00:00,2026,1,21,17,Bắc Ninh,Xã Tiên Du,21.1573477,106.0138026,73,Moderate,1,14.4,63,0.0,17.5,36,1019.2,100,15.0,15.1,507.0,15.7,40.0,20.3
2026-01-21 18:00:00,2026,1,21,18,Bắc Ninh,Xã Tiên Du,21.1573477,106.0138026,72,Moderate,1,13.9,63,0.0,16.3,34,1019.5,100,14.6,14.7,511.0,17.6,36.0,20.7
2026-01-21 19:00:00,2026,1,21,19,Bắc Ninh,Xã Tiên Du,21.1573477,106.0138026,71,Moderate,1,13.9,69,0.0,15.6,30,1019.7,100,13.8,13.9,516.0,19.0,29.0,19.2
2026-01-21 20:00:00,2026,1,21,20,Bắc Ninh,Xã Tiên Du,21.1573477,106.0138026,70,Moderate,1,13.4,69,0.0,14.7,29,1020.3,100,14.5,14.5,526.0,17.9,30.0,18.8
2026-01-21 21:00:00,2026,1,21,21,Bắc Ninh,Xã Tiên Du,21.1573477,106.0138026,68,Moderate,1,13.2,68,0.0,13.4,27,1020.8,100,14.1,14.2,538.0,16.4,32.0,18.2
2026-01-21 22:00:00,2026,1,21,22,Bắc Ninh,Xã Tiên Du,21.1573477,106.0138026,66,Moderate,1,12.9,68,0.0,13.4,26,1021.3,100,14.2,14.3,541.0,15.0,33.0,17.4
2026-01-21 23:00:00,2026,1,21,23,Bắc Ninh,Xã Tiên Du,21.1573477,106.0138026,63,Moderate,1,12.4,70,0.1,13.9,27,1021.4,100,15.6,15.7,529.0,13.9,34.0,16.4
2026-01-22 00:00:00,2026,1,22,0,Bắc Ninh,Xã Tiên Du,21.1573477,106.0138026,61,Moderate,1,11.6,78,0.3,13.0,26,1021.8,100,14.6,14.6,508.0,12.8,34.0,15.2
2026-01-22 01:00:00,2026,1,22,1,Bắc Ninh,Xã Tiên Du,21.1573477,106.0138026,58,Moderate,1,11.4,85,0.4,14.1,28,1021.9,100,13.1,13.1,490.0,11.9,35.0,14.2
2026-01-22 02:00:00,2026,1,22,2,Bắc Ninh,Xã Tiên Du,21.1573477,106.0138026,57,Moderate,1,11.1,84,0.2,15.5,33,1021.6,100,11.4,11.5,475.0,11.0,35.0,13.7
2026-01-22 03:00:00,2026,1,22,3,Bắc Ninh,Xã Tiên Du,21.1573477,106.0138026,56,Moderate,1,10.9,84,0.0,15.5,28,1021.7,100,10.1,10.3,462.0,10.3,36.0,13.4
2026-01-22 04:00:00,2026,1,22,4,Bắc Ninh,Xã Tiên Du,21.1573477,106.0138026,54,Moderate,1,10.4,83,0.1,16.2,24,1021.9,100,9.5,9.7,459.0,9.9,36.0,13.2
2026-01-22 05:00:00,2026,1,22,5,Bắc Ninh,Xã Tiên Du,21.1573477,106.0138026,53,Moderate,1,9.9,84,0.2,16.5,22,1022.5,100,8.9,9.2,473.0,10.1,36.0,13.1
2026-01-22 06:00:00,2026,1,22,6,Bắc Ninh,Xã Tiên Du,21.1573477,106.0138026,52,Moderate,1,9.4,84,0.2,16.9,17,1023.4,100,8.9,9.2,496.0,10.7,37.0,13.1
2026-01-22 07:00:00,2026,1,22,7,Bắc Ninh,Xã Tiên Du,21.1573477,106.0138026,52,Moderate,1,9.8,79,0.2,16.2,21,1024.4,100,7.9,8.2,514.0,11.0,38.0,13.4
2026-01-22 08:00:00,2026,1,22,8,Bắc Ninh,Xã Tiên Du,21.1573477,106.0138026,51,Moderate,1,9.6,77,0.1,17.0,20,1025.4,100,8.7,9.1,520.0,11.1,39.0,13.5
2026-01-22 09:00:00,2026,1,22,9,Bắc Ninh,Xã Tiên Du,21.1573477,106.0138026,51,Moderate,1,9.6,74,0.1,17.5,20,1026.6,100,9.1,9.4,520.0,11.3,41.0,13.8
2026-01-22 10:00:00,2026,1,22,10,Bắc Ninh,Xã Tiên Du,21.1573477,106.0138026,51,Moderate,1,10.0,72,0.0,17.1,19,1027.1,100,8.8,9.0,520.0,11.3,43.0,14.0
2026-01-22 11:00:00,2026,1,22,11,Bắc Ninh,Xã Tiên Du,21.1573477,106.0138026,51,Moderate,1,10.3,73,0.1,16.1,16,1026.9,100,8.8,9.0,521.0,10.9,46.0,14.2
2026-01-22 12:00:00,2026,1,22,12,Bắc Ninh,Xã Tiên Du,21.1573477,106.0138026,51,Moderate,1,10.6,72,0.1,14.9,19,1026.0,100,9.1,9.1,521.0,10.3,49.0,14.4
2026-01-22 13:00:00,2026,1,22,13,Bắc Ninh,Xã Tiên Du,21.1573477,106.0138026,50,Good,0,10.9,71,0.1,14.2,18,1024.8,100,9.7,9.8,524.0,10.2,52.0,14.8
2026-01-22 14:00:00,2026,1,22,14,Bắc Ninh,Xã Tiên Du,21.1573477,106.0138026,49,Good,0,11.4,69,0.1,12.7,23,1023.9,100,10.2,10.2,529.0,10.6,54.0,15.4
2026-01-22 15:00:00,2026,1,22,15,Bắc Ninh,Xã Tiên Du,21.1573477,106.0138026,49,Good,0,11.9,65,0.0,12.8,31,1023.1,100,10.9,10.9,537.0,11.4,55.0,16.1
2026-01-22 16:00:00,2026,1,22,16,Bắc Ninh,Xã Tiên Du,21.1573477,106.0138026,48,Good,0,12.1,63,0.0,12.0,35,1022.8,100,11.7,11.7,551.0,12.9,55.0,17.1
2026-01-22 17:00:00,2026,1,22,17,Bắc Ninh,Xã Tiên Du,21.1573477,106.0138026,47,Good,0,12.1,63,0.0,11.6,36,1023.0,100,12.9,12.9,579.0,15.9,52.0,18.5
2026-01-22 18:00:00,2026,1,22,18,Bắc Ninh,Xã Tiên Du,21.1573477,106.0138026,47,Good,0,12.1,63,0.0,10.3,43,1023.4,100,15.2,15.2,612.0,19.5,47.0,20.1
2026-01-22 19:00:00,2026,1,22,19,Bắc Ninh,Xã Tiên Du,21.1573477,106.0138026,47,Good,0,11.3,69,0.0,12.1,46,1024.1,100,17.3,17.3,632.0,17.3,45.0,21.2
2026-01-22 20:00:00,2026,1,22,20,Bắc Ninh,Xã Tiên Du,21.1573477,106.0138026,48,Good,0,11.0,68,0.0,11.7,46,1024.7,100,19.7,19.7,627.0,16.4,46.0,21.0
2026-01-22 21:00:00,2026,1,22,21,Bắc Ninh,Xã Tiên Du,21.1573477,106.0138026,49,Good,0,10.6,68,0.0,12.1,40,1024.9,100,20.3,20.3,608.0,15.1,47.0,20.7
2026-01-22 22:00:00,2026,1,22,22,Bắc Ninh,Xã Tiên Du,21.1573477,106.0138026,50,Good,0,10.4,70,0.0,12.0,32,1025.3,100,20.8,20.8,591.0,14.0,48.0,20.1
2026-01-22 23:00:00,2026,1,22,23,Bắc Ninh,Xã Tiên Du,21.1573477,106.0138026,50,Good,0,10.2,72,0.0,11.0,25,1025.0,100,20.7,20.7,582.0,13.4,48.0,19.2
2026-01-23 00:00:00,2026,1,23,0,Bắc Ninh,Xã Tiên Du,21.1573477,106.0138026,51,Moderate,1,10.2,72,0.0,10.8,21,1025.0,100,19.6,19.6,576.0,12.9,48.0,18.0
2026-01-23 01:00:00,2026,1,23,1,Bắc Ninh,Xã Tiên Du,21.1573477,106.0138026,51,Moderate,1,10.0,74,0.0,10.6,14,1025.1,100,18.9,18.9,570.0,12.6,47.0,17.0
2026-01-23 02:00:00,2026,1,23,2,Bắc Ninh,Xã Tiên Du,21.1573477,106.0138026,52,Moderate,1,10.0,74,0.0,9.9,16,1024.7,100,18.2,18.2,562.0,12.1,46.0,16.1
2026-01-23 03:00:00,2026,1,23,3,Bắc Ninh,Xã Tiên Du,21.1573477,106.0138026,52,Moderate,1,9.9,73,0.0,9.6,14,1024.4,100,17.6,17.6,555.0,11.8,45.0,15.3
2026-01-23 04:00:00,2026,1,23,4,Bắc Ninh,Xã Tiên Du,21.1573477,106.0138026,53,Moderate,1,10.0,71,0.0,11.1,12,1024.3,100,17.8,17.8,555.0,12.1,44.0,15.0
2026-01-23 05:00:00,2026,1,23,5,Bắc Ninh,Xã Tiên Du,21.1573477,106.0138026,54,Moderate,1,9.9,71,0.0,10.3,16,1024.3,100,18.2,18.2,573.0,13.7,41.0,15.5
2026-01-23 06:00:00,2026,1,23,6,Bắc Ninh,Xã Tiên Du,21.1573477,106.0138026,55,Moderate,1,9.9,71,0.0,9.7,16,1024.7,100,19.0,19.0,597.0,16.0,38.0,16.5
2026-01-23 07:00:00,2026,1,23,7,Bắc Ninh,Xã Tiên Du,21.1573477,106.0138026,56,Moderate,1,9.9,73,0.0,9.0,16,1025.4,100,22.0,22.0,600.0,16.9,36.0,17.7
2026-01-23 08:00:00,2026,1,23,8,Bắc Ninh,Xã Tiên Du,21.1573477,106.0138026,57,Moderate,1,10.4,71,0.0,8.1,17,1025.9,100,23.2,23.2,561.0,17.4,35.0,18.9
2026-01-23 09:00:00,2026,1,23,9,Bắc Ninh,Xã Tiên Du,21.1573477,106.0138026,58,Moderate,1,11.0,69,0.0,7.5,17,1026.5,100,23.6,23.6,502.0,18.0,35.0,20.7
2026-01-23 10:00:00,2026,1,23,10,Bắc Ninh,Xã Tiên Du,21.1573477,106.0138026,59,Moderate,1,11.9,66,0.0,6.9,23,1026.8,100,23.7,23.7,456.0,18.2,36.0,22.6
2026-01-23 11:00:00,2026,1,23,11,Bắc Ninh,Xã Tiên Du,21.1573477,106.0138026,61,Moderate,1,12.9,62,0.0,6.8,25,1026.0,100,23.7,23.7,438.0,17.4,41.0,24.5
2026-01-23 12:00:00,2026,1,23,12,Bắc Ninh,Xã Tiên Du,21.1573477,106.0138026,62,Moderate,1,14.4,58,0.0,7.1,21,1024.7,100,23.9,23.9,435.0,16.2,48.0,26.5
2026-01-23 13:00:00,2026,1,23,13,Bắc Ninh,Xã Tiên Du,21.1573477,106.0138026,63,Moderate,1,13.8,62,0.0,7.2,22,1024.1,70,25.4,25.4,439.0,16.0,54.0,28.1
2026-01-23 14:00:00,2026,1,23,14,Bắc Ninh,Xã Tiên Du,21.1573477,106.0138026,65,Moderate,1,15.4,59,0.0,5.4,60,1022.7,9,27.6,27.6,426.0,16.1,60.0,28.5
2026-01-23 15:00:00,2026,1,23,15,Bắc Ninh,Xã Tiên Du,21.1573477,106.0138026,66,Moderate,1,16.1,57,0.0,3.5,111,1021.9,100,29.3,29.4,421.0,17.3,64.0,28.6
2026-01-23 16:00:00,2026,1,23,16,Bắc Ninh,Xã Tiên Du,21.1573477,106.0138026,68,Moderate,1,16.2,59,0.0,4.9,163,1021.7,100,31.7,31.8,491.0,23.2,61.0,30.3
2026-01-23 17:00:00,2026,1,23,17,Bắc Ninh,Xã Tiên Du,21.1573477,106.0138026,70,Moderate,1,15.9,61,0.0,5.0,167,1021.4,61,34.5,34.6,724.0,39.0,44.0,35.8
2026-01-23 18:00:00,2026,1,23,18,Bắc Ninh,Xã Tiên Du,21.1573477,106.0138026,72,Moderate,1,15.2,69,0.0,0.2,90,1021.3,56,55.6,55.6,1032.0,59.4,20.0,42.9
2026-01-23 19:00:00,2026,1,23,19,Bắc Ninh,Xã Tiên Du,21.1573477,106.0138026,75,Moderate,1,13.1,73,0.0,9.7,39,1022.2,5,65.4,65.7,1216.0,62.7,7.0,42.7
2026-01-23 20:00:00,2026,1,23,20,Bắc Ninh,Xã Tiên Du,21.1573477,106.0138026,79,Moderate,1,12.4,77,0.0,9.0,30,1022.6,100,75.0,75.0,1160.0,60.1,7.0,41.1
2026-01-23 21:00:00,2026,1,23,21,Bắc Ninh,Xã Tiên Du,21.1573477,106.0138026,84,Moderate,1,12.9,75,0.0,9.5,22,1022.8,100,65.2,65.4,980.0,56.3,7.0,38.9
2026-01-23 22:00:00,2026,1,23,22,Bắc Ninh,Xã Tiên Du,21.1573477,106.0138026,88,Moderate,1,13.4,73,0.0,8.3,33,1023.3,100,58.4,58.6,823.0,51.3,9.0,37.1
2026-01-23 23:00:00,2026,1,23,23,Bắc Ninh,Xã Tiên Du,21.1573477,106.0138026,92,Moderate,1,13.6,73,0.0,7.6,36,1023.3,100,53.0,53.0,742.0,44.2,13.0,36.2
2026-01-24 00:00:00,2026,1,24,0,Bắc Ninh,Xã Tiên Du,21.1573477,106.0138026,95,Moderate,1,13.6,72,0.0,8.1,29,1023.1,100,47.7,47.8,683.0,35.9,18.0,35.7
2026-01-24 01:00:00,2026,1,24,1,Bắc Ninh,Xã Tiên Du,21.1573477,106.0138026,97,Moderate,1,12.6,76,0.0,9.7,360,1023.3,100,50.5,50.6,632.0,29.2,22.0,35.0
2026-01-24 02:00:00,2026,1,24,2,Bắc Ninh,Xã Tiên Du,21.1573477,106.0138026,100,Moderate,1,12.4,75,0.0,7.8,352,1022.6,100,49.7,49.8,578.0,25.0,24.0,34.0
2026-01-24 03:00:00,2026,1,24,3,Bắc Ninh,Xã Tiên Du,21.1573477,106.0138026,103,Unhealthy for Sensitive Groups,2,12.3,75,0.0,7.4,346,1022.3,100,48.8,48.9,532.0,22.3,24.0,32.8
2026-01-24 04:00:00,2026,1,24,4,Bắc Ninh,Xã Tiên Du,21.1573477,106.0138026,106,Unhealthy for Sensitive Groups,2,12.2,73,0.0,8.5,347,1022.2,100,47.8,48.0,515.0,20.9,23.0,31.8
2026-01-24 05:00:00,2026,1,24,5,Bắc Ninh,Xã Tiên Du,21.1573477,106.0138026,109,Unhealthy for Sensitive Groups,2,12.1,74,0.0,8.3,354,1022.4,100,46.6,46.7,550.0,21.3,21.0,30.8
2026-01-24 06:00:00,2026,1,24,6,Bắc Ninh,Xã Tiên Du,21.1573477,106.0138026,112,Unhealthy for Sensitive Groups,2,11.9,76,0.0,7.9,349,1022.9,100,47.4,47.5,613.0,23.0,18.0,29.9
2026-01-24 07:00:00,2026,1,24,7,Bắc Ninh,Xã Tiên Du,21.1573477,106.0138026,115,Unhealthy for Sensitive Groups,2,11.9,81,0.0,7.9,357,1023.5,100,43.7,43.8,653.0,24.5,16.0,28.2
2026-01-24 08:00:00,2026,1,24,8,Bắc Ninh,Xã Tiên Du,21.1573477,106.0138026,118,Unhealthy for Sensitive Groups,2,12.2,79,0.0,7.8,4,1023.8,100,45.1,45.2,646.0,24.1,17.0,28.9
2026-01-24 09:00:00,2026,1,24,9,Bắc Ninh,Xã Tiên Du,21.1573477,106.0138026,120,Unhealthy for Sensitive Groups,2,12.9,76,0.0,6.9,7,1024.4,100,45.1,45.2,616.0,23.5,18.0,30.0
2026-01-24 10:00:00,2026,1,24,10,Bắc Ninh,Xã Tiên Du,21.1573477,106.0138026,122,Unhealthy for Sensitive Groups,2,13.7,72,0.0,7.1,6,1024.8,100,44.5,44.5,589.0,23.0,20.0,31.6
2026-01-24 11:00:00,2026,1,24,11,Bắc Ninh,Xã Tiên Du,21.1573477,106.0138026,124,Unhealthy for Sensitive Groups,2,14.3,70,0.0,6.7,8,1024.1,100,43.9,44.0,573.0,22.4,24.0,34.1
2026-01-24 12:00:00,2026,1,24,12,Bắc Ninh,Xã Tiên Du,21.1573477,106.0138026,126,Unhealthy for Sensitive Groups,2,14.8,70,0.0,5.8,5,1022.8,100,43.3,43.4,560.0,22.0,29.0,37.1
2026-01-24 13:00:00,2026,1,24,13,Bắc Ninh,Xã Tiên Du,21.1573477,106.0138026,128,Unhealthy for Sensitive Groups,2,14.1,74,0.0,5.2,360,1022.0,100,43.2,43.3,554.0,22.6,33.0,39.7
2026-01-24 14:00:00,2026,1,24,14,Bắc Ninh,Xã Tiên Du,21.1573477,106.0138026,130,Unhealthy for Sensitive Groups,2,15.2,70,0.0,4.2,20,1020.5,100,44.4,44.5,527.0,24.1,36.0,41.5
2026-01-24 15:00:00,2026,1,24,15,Bắc Ninh,Xã Tiên Du,21.1573477,106.0138026,132,Unhealthy for Sensitive Groups,2,15.8,69,0.0,3.7,61,1019.6,100,46.1,46.2,508.0,26.8,39.0,43.0
2026-01-24 16:00:00,2026,1,24,16,Bắc Ninh,Xã Tiên Du,21.1573477,106.0138026,134,Unhealthy for Sensitive Groups,2,16.4,68,0.0,4.3,135,1019.3,100,47.0,47.1,585.0,31.8,37.0,44.6
2026-01-24 17:00:00,2026,1,24,17,Bắc Ninh,Xã Tiên Du,21.1573477,106.0138026,135,Unhealthy for Sensitive Groups,2,16.4,69,0.0,4.8,151,1019.2,100,49.0,49.1,874.0,41.8,27.0,47.1
2026-01-24 18:00:00,2026,1,24,18,Bắc Ninh,Xã Tiên Du,21.1573477,106.0138026,137,Unhealthy for Sensitive Groups,2,15.8,73,0.0,4.9,94,1018.9,100,61.2,61.2,1260.0,54.2,12.0,49.7
2026-01-24 19:00:00,2026,1,24,19,Bắc Ninh,Xã Tiên Du,21.1573477,106.0138026,138,Unhealthy for Sensitive Groups,2,15.1,78,0.0,7.0,48,1019.0,100,68.9,68.9,1488.0,45.6,0.0,44.1
2026-01-24 20:00:00,2026,1,24,20,Bắc Ninh,Xã Tiên Du,21.1573477,106.0138026,138,Unhealthy for Sensitive Groups,2,14.9,80,0.0,6.5,46,1019.3,100,77.1,77.1,1411.0,45.4,0.0,44.7
2026-01-24 21:00:00,2026,1,24,21,Bắc Ninh,Xã Tiên Du,21.1573477,106.0138026,138,Unhealthy for Sensitive Groups,2,14.7,81,0.0,4.8,27,1019.2,100,77.5,77.5,1177.0,45.2,0.0,45.4
2026-01-24 22:00:00,2026,1,24,22,Bắc Ninh,Xã Tiên Du,21.1573477,106.0138026,139,Unhealthy for Sensitive Groups,2,14.6,82,0.0,4.2,18,1018.9,100,76.8,77.1,966.0,45.1,0.0,45.6
2026-01-24 23:00:00,2026,1,24,23,Bắc Ninh,Xã Tiên Du,21.1573477,106.0138026,141,Unhealthy for Sensitive Groups,2,14.6,83,0.0,3.9,24,1018.8,100,81.3,81.5,840.0,45.4,0.0,45.1
2026-01-25 00:00:00,2026,1,25,0,Bắc Ninh,Xã Tiên Du,21.1573477,106.0138026,144,Unhealthy for Sensitive Groups,2,14.5,86,0.0,3.0,25,1018.3,100,82.2,82.4,739.0,45.8,0.0,44.0
2026-01-25 01:00:00,2026,1,25,1,Bắc Ninh,Xã Tiên Du,21.1573477,106.0138026,148,Unhealthy for Sensitive Groups,2,13.9,89,0.0,3.4,43,1018.0,100,77.8,78.0,663.0,46.1,0.0,42.7
2026-01-25 02:00:00,2026,1,25,2,Bắc Ninh,Xã Tiên Du,21.1573477,106.0138026,150,Unhealthy for Sensitive Groups,2,13.8,92,0.1,4.7,62,1017.1,100,74.5,74.7,610.0,46.1,0.0,40.9
2026-01-25 03:00:00,2026,1,25,3,Bắc Ninh,Xã Tiên Du,21.1573477,106.0138026,151,Unhealthy,3,13.8,94,0.0,5.9,52,1016.3,100,74.0,74.3,582.0,46.0,0.0,38.8
2026-01-25 04:00:00,2026,1,25,4,Bắc Ninh,Xã Tiên Du,21.1573477,106.0138026,151,Unhealthy,3,13.9,96,0.0,6.2,30,1015.9,100,74.0,74.3,590.0,45.5,0.0,37.3
2026-01-25 05:00:00,2026,1,25,5,Bắc Ninh,Xã Tiên Du,21.1573477,106.0138026,152,Unhealthy,3,14.0,96,0.0,5.7,44,1016.0,100,76.1,76.4,657.0,44.4,0.0,36.4
2026-01-25 06:00:00,2026,1,25,6,Bắc Ninh,Xã Tiên Du,21.1573477,106.0138026,152,Unhealthy,3,14.1,96,0.0,3.7,29,1016.6,100,75.0,75.2,760.0,42.8,0.0,36.1
2026-01-25 07:00:00,2026,1,25,7,Bắc Ninh,Xã Tiên Du,21.1573477,106.0138026,153,Unhealthy,3,14.4,96,0.0,4.4,52,1017.5,100,72.6,72.9,839.0,42.5,3.0,36.2
2026-01-25 08:00:00,2026,1,25,8,Bắc Ninh,Xã Tiên Du,21.1573477,106.0138026,154,Unhealthy,3,14.9,94,0.0,2.2,66,1018.2,100,67.5,67.5,879.0,41.4,8.0,38.3
2026-01-25 09:00:00,2026,1,25,9,Bắc Ninh,Xã Tiên Du,21.1573477,106.0138026,154,Unhealthy,3,16.1,88,0.0,0.8,207,1018.8,100,60.1,60.1,895.0,39.8,16.0,41.3
2026-01-25 10:00:00,2026,1,25,10,Bắc Ninh,Xã Tiên Du,21.1573477,106.0138026,155,Unhealthy,3,17.4,84,0.0,0.7,256,1018.9,100,56.1,56.5,876.0,38.3,26.0,43.7
2026-01-25 11:00:00,2026,1,25,11,Bắc Ninh,Xã Tiên Du,21.1573477,106.0138026,155,Unhealthy,3,19.6,75,0.0,7.4,187,1018.4,100,47.6,48.1,802.0,37.4,39.0,45.6
2026-01-25 12:00:00,2026,1,25,12,Bắc Ninh,Xã Tiên Du,21.1573477,106.0138026,155,Unhealthy,3,20.5,72,0.0,14.7,192,1017.3,100,52.0,52.4,693.0,36.5,55.0,47.0
2026-01-25 13:00:00,2026,1,25,13,Bắc Ninh,Xã Tiên Du,21.1573477,106.0138026,155,Unhealthy,3,20.9,71,0.0,13.9,193,1016.5,100,53.0,53.3,602.0,34.9,68.0,46.7
2026-01-25 14:00:00,2026,1,25,14,Bắc Ninh,Xã Tiên Du,21.1573477,106.0138026,155,Unhealthy,3,21.5,69,0.0,9.0,213,1015.6,100,48.9,49.4,543.0,30.7,80.0,43.3
2026-01-25 15:00:00,2026,1,25,15,Bắc Ninh,Xã Tiên Du,21.1573477,106.0138026,155,Unhealthy,3,22.6,66,0.0,9.5,199,1015.1,100,45.9,46.2,503.0,25.6,90.0,38.2
2026-01-25 16:00:00,2026,1,25,16,Bắc Ninh,Xã Tiên Du,21.1573477,106.0138026,155,Unhealthy,3,22.8,66,0.0,11.6,172,1015.0,20,42.6,43.1,493.0,24.5,92.0,34.0
2026-01-25 17:00:00,2026,1,25,17,Bắc Ninh,Xã Tiên Du,21.1573477,106.0138026,155,Unhealthy,3,22.4,69,0.0,8.9,137,1015.2,56,40.7,41.3,536.0,31.3,80.0,32.0
2026-01-25 18:00:00,2026,1,25,18,Bắc Ninh,Xã Tiên Du,21.1573477,106.0138026,155,Unhealthy,3,19.9,84,0.0,7.6,108,1015.6,17,50.3,50.9,609.0,42.0,60.0,30.9
2026-01-25 19:00:00,2026,1,25,19,Bắc Ninh,Xã Tiên Du,21.1573477,106.0138026,155,Unhealthy,3,18.5,83,0.0,7.6,133,1016.4,16,45.8,46.6,658.0,41.1,53.0,23.0
2026-01-25 20:00:00,2026,1,25,20,Bắc Ninh,Xã Tiên Du,21.1573477,106.0138026,154,Unhealthy,3,17.7,90,0.0,7.5,134,1017.2,4,49.1,50.1,647.0,41.4,49.0,23.5
2026-01-25 21:00:00,2026,1,25,21,Bắc Ninh,Xã Tiên Du,21.1573477,106.0138026,154,Unhealthy,3,17.0,94,0.0,6.6,137,1017.7,11,49.2,51.3,612.0,41.9,44.0,24.3
2026-01-25 22:00:00,2026,1,25,22,Bắc Ninh,Xã Tiên Du,21.1573477,106.0138026,153,Unhealthy,3,16.5,96,0.0,6.0,136,1017.9,20,50.2,53.2,601.0,42.4,38.0,24.5
2026-01-25 23:00:00,2026,1,25,23,Bắc Ninh,Xã Tiên Du,21.1573477,106.0138026,153,Unhealthy,3,16.1,97,0.0,4.7,133,1017.9,100,53.4,57.0,654.0,43.2,32.0,23.9
2026-01-26 00:00:00,2026,1,26,0,Bắc Ninh,Xã Tiên Du,21.1573477,106.0138026,152,Unhealthy,3,16.9,97,0.0,3.3,131,1017.8,100,56.9,61.0,731.0,44.1,26.0,22.9
2026-01-26 01:00:00,2026,1,26,1,Bắc Ninh,Xã Tiên Du,21.1573477,106.0138026,151,Unhealthy,3,17.0,97,0.0,2.4,107,1017.9,100,62.6,66.8,761.0,43.6,23.0,21.8
2026-01-26 02:00:00,2026,1,26,2,Bắc Ninh,Xã Tiên Du,21.1573477,106.0138026,151,Unhealthy,3,17.1,97,0.0,3.4,87,1017.6,100,60.1,64.5,694.0,40.6,23.0,20.5
2026-01-26 03:00:00,2026,1,26,3,Bắc Ninh,Xã Tiên Du,21.1573477,106.0138026,151,Unhealthy,3,17.4,97,0.0,3.7,61,1017.5,100,55.3,59.8,580.0,36.2,26.0,19.2
2026-01-26 04:00:00,2026,1,26,4,Bắc Ninh,Xã Tiên Du,21.1573477,106.0138026,150,Unhealthy for Sensitive Groups,2,17.4,98,0.3,2.7,42,1017.4,100,50.6,55.1,497.0,32.9,29.0,18.3
2026-01-26 05:00:00,2026,1,26,5,Bắc Ninh,Xã Tiên Du,21.1573477,106.0138026,149,Unhealthy for Sensitive Groups,2,17.5,98,0.4,1.6,6,1017.7,100,46.1,50.2,486.0,32.1,32.0,18.3
2026-01-26 06:00:00,2026,1,26,6,Bắc Ninh,Xã Tiên Du,21.1573477,106.0138026,146,Unhealthy for Sensitive Groups,2,17.5,99,0.5,1.8,336,1018.4,100,43.2,46.9,507.0,32.4,36.0,18.8
2026-01-26 07:00:00,2026,1,26,7,Bắc Ninh,Xã Tiên Du,21.1573477,106.0138026,142,Unhealthy for Sensitive Groups,2,17.3,97,0.4,3.5,351,1019.3,100,49.8,53.2,516.0,34.3,30.0,19.2
2026-01-26 08:00:00,2026,1,26,8,Bắc Ninh,Xã Tiên Du,21.1573477,106.0138026,140,Unhealthy for Sensitive Groups,2,17.8,98,0.1,5.1,39,1020.3,100,47.5,50.5,490.0,31.5,39.0,18.7
2026-01-26 09:00:00,2026,1,26,9,Bắc Ninh,Xã Tiên Du,21.1573477,106.0138026,138,Unhealthy for Sensitive Groups,2,18.5,95,0.2,3.6,63,1021.2,100,37.3,39.7,452.0,27.7,51.0,18.1
2026-01-26 10:00:00,2026,1,26,10,Bắc Ninh,Xã Tiên Du,21.1573477,106.0138026,136,Unhealthy for Sensitive Groups,2,19.1,92,0.3,1.7,72,1021.4,100,26.7,29.0,426.0,24.3,62.0,17.3
2026-01-26 11:00:00,2026,1,26,11,Bắc Ninh,Xã Tiên Du,21.1573477,106.0138026,133,Unhealthy for Sensitive Groups,2,19.9,88,0.4,3.8,295,1020.9,100,25.3,28.4,427.0,21.9,70.0,16.2
2026-01-26 12:00:00,2026,1,26,12,Bắc Ninh,Xã Tiên Du,21.1573477,106.0138026,130,Unhealthy for Sensitive Groups,2,19.5,90,0.3,10.3,314,1019.7,91,21.7,24.7,440.0,20.0,76.0,14.9
2026-01-26 13:00:00,2026,1,26,13,Bắc Ninh,Xã Tiên Du,21.1573477,106.0138026,127,Unhealthy for Sensitive Groups,2,20.0,85,0.1,8.2,319,1018.9,58,22.8,24.7,448.0,18.8,81.0,14.6
2026-01-26 14:00:00,2026,1,26,14,Bắc Ninh,Xã Tiên Du,21.1573477,106.0138026,124,Unhealthy for Sensitive Groups,2,22.0,75,0.0,0.9,233,1017.7,51,23.9,25.4,440.0,17.0,88.0,15.4
2026-01-26 15:00:00,2026,1,26,15,Bắc Ninh,Xã Tiên Du,21.1573477,106.0138026,121,Unhealthy for Sensitive Groups,2,22.8,70,0.1,3.4,155,1016.9,44,26.1,27.4,428.0,15.9,95.0,17.1
2026-01-26 16:00:00,2026,1,26,16,Bắc Ninh,Xã Tiên Du,21.1573477,106.0138026,119,Unhealthy for Sensitive Groups,2,23.0,69,0.1,7.1,156,1016.9,48,26.8,27.8,425.0,20.0,93.0,20.0
2026-01-26 17:00:00,2026,1,26,17,Bắc Ninh,Xã Tiên Du,21.1573477,106.0138026,118,Unhealthy for Sensitive Groups,2,22.0,73,0.0,8.0,152,1017.2,89,28.6,29.6,433.0,34.5,75.0,25.4
2026-01-26 18:00:00,2026,1,26,18,Bắc Ninh,Xã Tiên Du,21.1573477,106.0138026,116,Unhealthy for Sensitive Groups,2,20.2,84,0.3,6.3,156,1017.7,100,46.7,47.8,450.0,54.2,49.0,32.1
2026-01-26 19:00:00,2026,1,26,19,Bắc Ninh,Xã Tiên Du,21.1573477,106.0138026,116,Unhealthy for Sensitive Groups,2,19.6,90,0.1,6.6,131,1018.3,32,83.6,85.0,488.0,74.5,29.0,41.0
2026-01-26 20:00:00,2026,1,26,20,Bắc Ninh,Xã Tiên Du,21.1573477,106.0138026,120,Unhealthy for Sensitive Groups,2,19.2,92,0.0,7.4,135,1018.7,7,104.1,106.4,556.0,74.9,24.0,42.2
2026-01-26 21:00:00,2026,1,26,21,Bắc Ninh,Xã Tiên Du,21.1573477,106.0138026,126,Unhealthy for Sensitive Groups,2,18.5,95,0.0,6.7,128,1018.9,12,104.5,107.3,645.0,75.5,18.0,43.9
2026-01-26 22:00:00,2026,1,26,22,Bắc Ninh,Xã Tiên Du,21.1573477,106.0138026,131,Unhealthy for Sensitive Groups,2,17.6,97,0.0,5.3,128,1019.1,14,99.2,101.7,738.0,75.8,12.0,45.3
2026-01-26 23:00:00,2026,1,26,23,Bắc Ninh,Xã Tiên Du,21.1573477,106.0138026,137,Unhealthy for Sensitive Groups,2,17.1,98,0.0,3.7,133,1019.0,31,101.7,105.2,858.0,75.9,8.0,46.7
2026-01-27 00:00:00,2026,1,27,0,Bắc Ninh,Xã Tiên Du,21.1573477,106.0138026,142,Unhealthy for Sensitive Groups,2,17.0,99,0.0,3.3,135,1018.7,27,102.9,108.0,981.0,75.6,6.0,47.9
2026-01-27 01:00:00,2026,1,27,1,Bắc Ninh,Xã Tiên Du,21.1573477,106.0138026,146,Unhealthy for Sensitive Groups,2,17.6,100,0.0,3.9,158,1018.3,100,110.4,115.3,1020.0,74.1,4.0,47.2
2026-01-27 02:00:00,2026,1,27,2,Bắc Ninh,Xã Tiên Du,21.1573477,106.0138026,150,Unhealthy for Sensitive Groups,2,17.1,100,0.0,1.3,172,1018.2,100,118.5,123.4,891.0,71.1,4.0,43.3
2026-01-27 03:00:00,2026,1,27,3,Bắc Ninh,Xã Tiên Du,21.1573477,106.0138026,152,Unhealthy,3,17.5,100,0.0,2.0,90,1018.3,100,114.6,119.2,678.0,66.9,5.0,37.4
2026-01-27 04:00:00,2026,1,27,4,Bắc Ninh,Xã Tiên Du,21.1573477,106.0138026,153,Unhealthy,3,17.6,100,0.0,4.8,77,1018.4,100,97.8,101.3,540.0,61.1,6.0,31.9
2026-01-27 05:00:00,2026,1,27,5,Bắc Ninh,Xã Tiên Du,21.1573477,106.0138026,154,Unhealthy,3,17.6,99,0.1,5.1,80,1018.6,100,69.2,70.8,571.0,52.8,7.0,26.8
2026-01-27 06:00:00,2026,1,27,6,Bắc Ninh,Xã Tiên Du,21.1573477,106.0138026,154,Unhealthy,3,17.5,99,0.0,5.3,80,1019.3,100,59.8,60.5,678.0,43.0,9.0,21.9
2026-01-27 07:00:00,2026,1,27,7,Bắc Ninh,Xã Tiên Du,21.1573477,106.0138026,155,Unhealthy,3,16.0,99,0.0,6.2,69,1020.0,100,111.1,112.2,736.0,46.0,8.0,22.9
2026-01-27 08:00:00,2026,1,27,8,Bắc Ninh,Xã Tiên Du,21.1573477,106.0138026,156,Unhealthy,3,16.9,97,0.0,5.9,125,1020.6,100,100.4,101.3,685.0,38.1,20.0,25.7
2026-01-27 09:00:00,2026,1,27,9,Bắc Ninh,Xã Tiên Du,21.1573477,106.0138026,157,Unhealthy,3,18.7,91,0.0,7.5,136,1021.5,100,75.2,76.1,586.0,27.2,38.0,29.4
2026-01-27 10:00:00,2026,1,27,10,Bắc Ninh,Xã Tiên Du,21.1573477,106.0138026,158,Unhealthy,3,20.9,76,0.1,7.7,127,1021.7,100,45.9,47.0,497.0,18.8,54.0,31.4
2026-01-27 11:00:00,2026,1,27,11,Bắc Ninh,Xã Tiên Du,21.1573477,106.0138026,159,Unhealthy,3,22.3,66,0.1,7.5,130,1021.0,95,39.3,40.6,435.0,15.4,67.0,30.2
2026-01-27 12:00:00,2026,1,27,12,Bắc Ninh,Xã Tiên Du,21.1573477,106.0138026,159,Unhealthy,3,23.6,59,0.0,7.0,148,1019.6,88,38.3,40.0,384.0,14.5,79.0,27.2
2026-01-27 13:00:00,2026,1,27,13,Bắc Ninh,Xã Tiên Du,21.1573477,106.0138026,159,Unhealthy,3,24.0,56,0.0,7.0,157,1018.5,100,38.1,39.8,352.0,14.2,89.0,24.3
2026-01-27 14:00:00,2026,1,27,14,Bắc Ninh,Xã Tiên Du,21.1573477,106.0138026,160,Unhealthy,3,24.1,56,0.0,5.3,145,1017.8,99,38.8,40.5,329.0,11.9,99.0,21.3
2026-01-27 15:00:00,2026,1,27,15,Bắc Ninh,Xã Tiên Du,21.1573477,106.0138026,160,Unhealthy,3,24.2,55,0.0,5.1,129,1017.6,100,40.2,41.7,326.0,10.1,106.0,18.5
2026-01-27 16:00:00,2026,1,27,16,Bắc Ninh,Xã Tiên Du,21.1573477,106.0138026,160,Unhealthy,3,24.0,56,0.0,6.2,112,1017.6,52,40.3,41.8,384.0,14.5,102.0,18.1
2026-01-27 17:00:00,2026,1,27,17,Bắc Ninh,Xã Tiên Du,21.1573477,106.0138026,160,Unhealthy,3,23.4,60,0.0,6.4,98,1017.9,8,46.7,48.0,567.0,31.4,79.0,22.0
2026-01-27 18:00:00,2026,1,27,18,Bắc Ninh,Xã Tiên Du,21.1573477,106.0138026,161,Unhealthy,3,21.0,69,0.0,6.1,76,1018.2,16,75.0,76.4,810.0,54.5,45.0,28.3
2026-01-27 19:00:00,2026,1,27,19,Bắc Ninh,Xã Tiên Du,21.1573477,106.0138026,161,Unhealthy,3,20.6,75,0.0,4.2,70,1018.9,100,91.0,92.0,965.0,73.9,20.0,38.4
2026-01-27 20:00:00,2026,1,27,20,Bắc Ninh,Xã Tiên Du,21.1573477,106.0138026,162,Unhealthy,3,20.5,75,0.0,9.6,111,1019.6,5,106.9,107.8,936.0,72.9,18.0,41.8
2026-01-27 21:00:00,2026,1,27,21,Bắc Ninh,Xã Tiên Du,21.1573477,106.0138026,162,Unhealthy,3,19.4,77,0.0,11.2,122,1020.3,6,115.5,116.4,818.0,71.4,15.0,46.4
2026-01-27 22:00:00,2026,1,27,22,Bắc Ninh,Xã Tiên Du,21.1573477,106.0138026,162,Unhealthy,3,17.9,84,0.0,7.1,114,1020.4,21,118.5,119.2,747.0,69.9,13.0,49.6
2026-01-27 23:00:00,2026,1,27,23,Bắc Ninh,Xã Tiên Du,21.1573477,106.0138026,162,Unhealthy,3,16.9,90,0.0,5.0,69,1020.5,27,120.6,121.1,806.0,69.1,11.0,50.6
2026-01-28 00:00:00,2026,1,28,0,Bắc Ninh,Xã Tiên Du,21.1573477,106.0138026,163,Unhealthy,3,16.6,91,0.0,1.9,29,1020.4,41,123.4,123.9,913.0,68.4,10.0,50.1
2026-01-28 01:00:00,2026,1,28,1,Bắc Ninh,Xã Tiên Du,21.1573477,106.0138026,163,Unhealthy,3,17.0,93,0.0,0.5,270,1020.0,82,129.5,129.9,956.0,66.2,9.0,47.8
2026-01-28 02:00:00,2026,1,28,2,Bắc Ninh,Xã Tiên Du,21.1573477,106.0138026,164,Unhealthy,3,16.8,95,0.0,5.2,356,1019.5,78,131.3,131.8,855.0,61.8,9.0,42.7
2026-01-28 03:00:00,2026,1,28,3,Bắc Ninh,Xã Tiên Du,21.1573477,106.0138026,164,Unhealthy,3,16.9,92,0.0,8.6,26,1019.4,63,122.5,122.9,690.0,56.0,10.0,35.9
2026-01-28 04:00:00,2026,1,28,4,Bắc Ninh,Xã Tiên Du,21.1573477,106.0138026,164,Unhealthy,3,16.3,88,0.0,8.2,36,1019.5,25,99.9,100.1,594.0,49.6,12.0,29.9
2026-01-28 05:00:00,2026,1,28,5,Bắc Ninh,Xã Tiên Du,21.1573477,106.0138026,164,Unhealthy,3,15.2,90,0.0,6.0,27,1019.9,33,76.4,76.8,648.0,42.3,14.0,25.3
2026-01-28 06:00:00,2026,1,28,6,Bắc Ninh,Xã Tiên Du,21.1573477,106.0138026,164,Unhealthy,3,15.1,88,0.0,7.3,25,1020.5,30,60.1,60.5,770.0,34.4,17.0,21.5
2026-01-28 07:00:00,2026,1,28,7,Bắc Ninh,Xã Tiên Du,21.1573477,106.0138026,164,Unhealthy,3,15.3,85,0.0,9.4,43,1021.1,24,54.8,55.1,848.0,29.5,17.0,19.0
2026-01-28 08:00:00,2026,1,28,8,Bắc Ninh,Xã Tiên Du,21.1573477,106.0138026,163,Unhealthy,3,17.0,77,0.0,10.6,48,1021.8,10,42.5,42.6,829.0,24.9,25.0,20.9
2026-01-28 09:00:00,2026,1,28,9,Bắc Ninh,Xã Tiên Du,21.1573477,106.0138026,162,Unhealthy,3,19.0,70,0.0,9.6,57,1022.2,5,29.9,30.0,766.0,18.6,37.0,23.5
2026-01-28 10:00:00,2026,1,28,10,Bắc Ninh,Xã Tiên Du,21.1573477,106.0138026,161,Unhealthy,3,21.0,66,0.0,5.7,77,1021.9,12,29.4,29.5,700.0,13.6,54.0,25.3
2026-01-28 11:00:00,2026,1,28,11,Bắc Ninh,Xã Tiên Du,21.1573477,106.0138026,160,Unhealthy,3,23.1,60,0.0,6.6,137,1020.8,47,32.0,32.2,642.0,11.3,81.0,25.8
2026-01-28 12:00:00,2026,1,28,12,Bắc Ninh,Xã Tiên Du,21.1573477,106.0138026,160,Unhealthy,3,24.3,55,0.0,9.6,166,1019.3,99,36.4,36.7,582.0,10.2,114.0,25.6
2026-01-28 13:00:00,2026,1,28,13,Bắc Ninh,Xã Tiên Du,21.1573477,106.0138026,160,Unhealthy,3,24.2,53,0.0,11.7,171,1018.4,59,38.8,39.0,529.0,9.8,138.0,24.8
2026-01-28 14:00:00,2026,1,28,14,Bắc Ninh,Xã Tiên Du,21.1573477,106.0138026,160,Unhealthy,3,24.8,50,0.0,13.2,177,1017.3,47,38.8,39.0,476.0,9.1,150.0,22.8
2026-01-28 15:00:00,2026,1,28,15,Bắc Ninh,Xã Tiên Du,21.1573477,106.0138026,160,Unhealthy,3,25.0,49,0.0,15.0,177,1016.5,41,40.5,40.7,431.0,8.9,154.0,20.1
2026-01-28 16:00:00,2026,1,28,16,Bắc Ninh,Xã Tiên Du,21.1573477,106.0138026,160,Unhealthy,3,24.5,49,0.0,15.5,167,1016.2,29,43.1,43.3,428.0,11.0,150.0,19.1
2026-01-28 17:00:00,2026,1,28,17,Bắc Ninh,Xã Tiên Du,21.1573477,106.0138026,160,Unhealthy,3,23.4,53,0.0,14.6,154,1016.3,9,47.8,48.1,502.0,17.5,136.0,21.1
2026-01-28 18:00:00,2026,1,28,18,Bắc Ninh,Xã Tiên Du,21.1573477,106.0138026,160,Unhealthy,3,20.8,64,0.0,16.7,143,1016.4,1,56.2,56.5,618.0,26.3,114.0,24.7
2026-01-28 19:00:00,2026,1,28,19,Bắc Ninh,Xã Tiên Du,21.1573477,106.0138026,160,Unhealthy,3,19.4,71,0.0,16.1,141,1017.2,0,61.0,61.0,708.0,32.3,86.0,27.3
2026-01-28 20:00:00,2026,1,28,20,Bắc Ninh,Xã Tiên Du,21.1573477,106.0138026,159,Unhealthy,3,18.5,75,0.0,15.7,141,1017.5,0,58.8,58.9,742.0,32.3,81.0,28.9
2026-01-28 21:00:00,2026,1,28,21,Bắc Ninh,Xã Tiên Du,21.1573477,106.0138026,158,Unhealthy,3,17.5,79,0.0,13.9,142,1017.9,0,58.6,58.8,750.0,32.3,73.0,31.0
2026-01-28 22:00:00,2026,1,28,22,Bắc Ninh,Xã Tiên Du,21.1573477,106.0138026,157,Unhealthy,3,16.6,84,0.0,10.1,149,1017.9,0,61.2,61.5,759.0,32.4,66.0,32.2
2026-01-28 23:00:00,2026,1,28,23,Bắc Ninh,Xã Tiên Du,21.1573477,106.0138026,156,Unhealthy,3,15.6,91,0.0,6.5,175,1017.9,0,65.0,65.2,783.0,32.8,60.0,31.7
2026-01-29 00:00:00,2026,1,29,0,Bắc Ninh,Xã Tiên Du,21.1573477,106.0138026,155,Unhealthy,3,15.1,94,0.0,5.9,169,1017.7,0,66.8,67.3,808.0,33.3,54.0,30.3
2026-01-29 01:00:00,2026,1,29,1,Bắc Ninh,Xã Tiên Du,21.1573477,106.0138026,153,Unhealthy,3,15.1,97,0.0,8.7,146,1017.4,5,67.1,67.5,817.0,32.9,51.0,28.8
2026-01-29 02:00:00,2026,1,29,2,Bắc Ninh,Xã Tiên Du,21.1573477,106.0138026,152,Unhealthy,3,15.4,98,0.0,9.2,140,1016.8,98,66.1,66.6,792.0,30.5,51.0,27.2
2026-01-29 03:00:00,2026,1,29,3,Bắc Ninh,Xã Tiên Du,21.1573477,106.0138026,150,Unhealthy for Sensitive Groups,2,15.9,98,0.0,9.9,132,1016.2,100,64.7,65.2,751.0,27.2,53.0,25.5
2026-01-29 04:00:00,2026,1,29,4,Bắc Ninh,Xã Tiên Du,21.1573477,106.0138026,146,Unhealthy for Sensitive Groups,2,16.5,96,0.0,10.7,123,1015.9,100,64.3,64.7,736.0,25.1,55.0,24.5
2026-01-29 05:00:00,2026,1,29,5,Bắc Ninh,Xã Tiên Du,21.1573477,106.0138026,143,Unhealthy for Sensitive Groups,2,17.0,95,0.0,11.1,120,1015.8,100,65.0,65.4,778.0,25.4,55.0,24.8
2026-01-29 06:00:00,2026,1,29,6,Bắc Ninh,Xã Tiên Du,21.1573477,106.0138026,141,Unhealthy for Sensitive Groups,2,17.2,95,0.0,10.3,119,1016.4,100,65.9,66.6,845.0,26.9,55.0,25.8
2026-01-29 07:00:00,2026,1,29,7,Bắc Ninh,Xã Tiên Du,21.1573477,106.0138026,142,Unhealthy for Sensitive Groups,2,17.1,95,0.0,9.4,122,1017.3,100,74.0,75.0,887.0,28.6,55.0,27.6
2026-01-29 08:00:00,2026,1,29,8,Bắc Ninh,Xã Tiên Du,21.1573477,106.0138026,144,Unhealthy for Sensitive Groups,2,18.1,91,0.0,9.7,138,1018.0,100,72.6,73.6,886.0,28.7,61.0,29.1
2026-01-29 09:00:00,2026,1,29,9,Bắc Ninh,Xã Tiên Du,21.1573477,106.0138026,147,Unhealthy for Sensitive Groups,2,18.7,89,0.0,10.4,148,1018.7,100,69.2,70.3,860.0,28.8,69.0,31.1
2026-01-29 10:00:00,2026,1,29,10,Bắc Ninh,Xã Tiên Du,21.1573477,106.0138026,150,Unhealthy for Sensitive Groups,2,19.8,85,0.0,9.9,158,1018.7,100,59.6,61.0,807.0,27.8,77.0,32.1
2026-01-29 11:00:00,2026,1,29,11,Bắc Ninh,Xã Tiên Du,21.1573477,106.0138026,151,Unhealthy,3,21.1,78,0.1,13.8,172,1018.0,100,52.3,53.6,707.0,24.8,85.0,31.3
2026-01-29 12:00:00,2026,1,29,12,Bắc Ninh,Xã Tiên Du,21.1573477,106.0138026,151,Unhealthy,3,23.5,65,0.2,19.6,178,1016.5,100,45.4,46.7,580.0,20.8,93.0,29.4
2026-01-29 13:00:00,2026,1,29,13,Bắc Ninh,Xã Tiên Du,21.1573477,106.0138026,152,Unhealthy,3,24.2,60,0.0,19.6,182,1015.2,100,44.1,45.3,484.0,17.5,99.0,27.1
2026-01-29 14:00:00,2026,1,29,14,Bắc Ninh,Xã Tiên Du,21.1573477,106.0138026,152,Unhealthy,3,25.2,57,0.0,19.0,185,1014.0,100,40.7,41.8,443.0,15.1,104.0,24.3
2026-01-29 15:00:00,2026,1,29,15,Bắc Ninh,Xã Tiên Du,21.1573477,106.0138026,152,Unhealthy,3,24.7,59,0.0,16.9,197,1013.7,67,37.1,38.3,433.0,13.5,107.0,21.1
2026-01-29 16:00:00,2026,1,29,16,Bắc Ninh,Xã Tiên Du,21.1573477,106.0138026,152,Unhealthy,3,24.9,58,0.0,16.1,174,1013.5,39,33.5,34.7,436.0,13.8,105.0,18.9
2026-01-29 17:00:00,2026,1,29,17,Bắc Ninh,Xã Tiên Du,21.1573477,106.0138026,151,Unhealthy,3,24.3,60,0.0,15.9,165,1013.5,48,31.5,32.5,454.0,17.7,96.0,18.5
2026-01-29 18:00:00,2026,1,29,18,Bắc Ninh,Xã Tiên Du,21.1573477,106.0138026,151,Unhealthy,3,22.3,68,0.0,16.1,153,1013.5,23,31.4,32.2,486.0,23.5,82.0,19.2
2026-01-29 19:00:00,2026,1,29,19,Bắc Ninh,Xã Tiên Du,21.1573477,106.0138026,151,Unhealthy,3,21.0,81,0.0,16.9,157,1014.5,47,38.9,39.8,505.0,32.8,66.0,22.8
2026-01-29 20:00:00,2026,1,29,20,Bắc Ninh,Xã Tiên Du,21.1573477,106.0138026,150,Unhealthy for Sensitive Groups,2,20.1,87,0.0,16.3,154,1015.2,39,33.5,34.5,498.0,30.4,66.0,21.9
2026-01-29 21:00:00,2026,1,29,21,Bắc Ninh,Xã Tiên Du,21.1573477,106.0138026,148,Unhealthy for Sensitive Groups,2,19.4,94,0.0,14.4,156,1016.0,43,30.5,31.9,480.0,27.1,65.0,20.8
2026-01-29 22:00:00,2026,1,29,22,Bắc Ninh,Xã Tiên Du,21.1573477,106.0138026,145,Unhealthy for Sensitive Groups,2,19.1,96,0.0,12.6,158,1016.4,96,30.7,32.5,468.0,24.4,64.0,20.0
2026-01-29 23:00:00,2026,1,29,23,Bắc Ninh,Xã Tiên Du,21.1573477,106.0138026,141,Unhealthy for Sensitive Groups,2,19.1,96,0.0,11.1,160,1016.3,95,31.8,33.6,474.0,23.0,63.0,20.0
2026-01-30 00:00:00,2026,1,30,0,Bắc Ninh,Xã Tiên Du,21.1573477,106.0138026,138,Unhealthy for Sensitive Groups,2,18.9,98,0.0,9.4,157,1016.1,62,32.1,34.1,487.0,22.3,61.0,20.4
2026-01-30 01:00:00,2026,1,30,1,Bắc Ninh,Xã Tiên Du,21.1573477,106.0138026,134,Unhealthy for Sensitive Groups,2,18.5,98,0.0,8.3,147,1015.7,83,32.9,35.2,492.0,21.9,59.0,20.8
2026-01-30 02:00:00,2026,1,30,2,Bắc Ninh,Xã Tiên Du,21.1573477,106.0138026,131,Unhealthy for Sensitive Groups,2,18.4,98,0.0,7.0,134,1015.2,100,33.6,36.0,475.0,21.7,56.0,20.9
2026-01-30 03:00:00,2026,1,30,3,Bắc Ninh,Xã Tiên Du,21.1573477,106.0138026,127,Unhealthy for Sensitive Groups,2,18.5,98,0.0,7.6,121,1015.1,100,34.2,36.7,451.0,21.8,53.0,21.0
2026-01-30 04:00:00,2026,1,30,4,Bắc Ninh,Xã Tiên Du,21.1573477,106.0138026,124,Unhealthy for Sensitive Groups,2,18.9,97,0.0,9.0,120,1015.5,100,34.8,37.4,442.0,22.9,49.0,21.3
2026-01-30 05:00:00,2026,1,30,5,Bắc Ninh,Xã Tiên Du,21.1573477,106.0138026,121,Unhealthy for Sensitive Groups,2,19.1,96,0.0,9.9,123,1015.8,100,35.0,37.6,473.0,26.1,44.0,22.2
2026-01-30 06:00:00,2026,1,30,6,Bắc Ninh,Xã Tiên Du,21.1573477,106.0138026,118,Unhealthy for Sensitive Groups,2,19.1,96,0.0,9.6,123,1016.5,100,35.7,38.2,519.0,30.2,39.0,23.3
2026-01-30 07:00:00,2026,1,30,7,Bắc Ninh,Xã Tiên Du,21.1573477,106.0138026,115,Unhealthy for Sensitive Groups,2,19.6,98,0.1,11.3,129,1017.3,99,38.0,40.5,537.0,31.3,38.0,22.7
2026-01-30 08:00:00,2026,1,30,8,Bắc Ninh,Xã Tiên Du,21.1573477,106.0138026,111,Unhealthy for Sensitive Groups,2,20.2,96,0.2,13.0,137,1018.3,96,34.0,36.7,497.0,27.9,48.0,22.6
2026-01-30 09:00:00,2026,1,30,9,Bắc Ninh,Xã Tiên Du,21.1573477,106.0138026,107,Unhealthy for Sensitive Groups,2,21.2,89,0.1,12.3,148,1019.2,70,27.8,30.6,427.0,23.1,61.0,22.5
2026-01-30 10:00:00,2026,1,30,10,Bắc Ninh,Xã Tiên Du,21.1573477,106.0138026,103,Unhealthy for Sensitive Groups,2,22.5,81,0.1,14.1,165,1019.5,100,26.7,29.5,372.0,19.0,74.0,22.0
2026-01-30 11:00:00,2026,1,30,11,Bắc Ninh,Xã Tiên Du,21.1573477,106.0138026,99,Moderate,1,24.3,71,0.1,14.8,176,1018.6,44,22.8,25.8,349.0,16.4,84.0,20.8
2026-01-30 12:00:00,2026,1,30,12,Bắc Ninh,Xã Tiên Du,21.1573477,106.0138026,97,Moderate,1,25.3,64,0.1,15.5,178,1017.3,48,22.2,25.2,340.0,14.6,92.0,19.3
2026-01-30 13:00:00,2026,1,30,13,Bắc Ninh,Xã Tiên Du,21.1573477,106.0138026,95,Moderate,1,24.5,68,0.1,16.3,174,1016.2,49,22.6,25.6,332.0,13.2,99.0,17.8
2026-01-30 14:00:00,2026,1,30,14,Bắc Ninh,Xã Tiên Du,21.1573477,106.0138026,93,Moderate,1,25.8,62,0.1,15.9,170,1015.2,47,22.5,25.3,314.0,11.4,105.0,16.4
2026-01-30 15:00:00,2026,1,30,15,Bắc Ninh,Xã Tiên Du,21.1573477,106.0138026,91,Moderate,1,25.5,61,0.1,16.5,162,1014.6,87,21.9,24.4,297.0,10.0,109.0,15.1
2026-01-30 16:00:00,2026,1,30,16,Bắc Ninh,Xã Tiên Du,21.1573477,106.0138026,90,Moderate,1,25.1,63,0.1,16.5,158,1014.6,52,20.8,23.1,298.0,11.1,107.0,14.5
2026-01-30 17:00:00,2026,1,30,17,Bắc Ninh,Xã Tiên Du,21.1573477,106.0138026,89,Moderate,1,24.0,68,0.1,16.0,145,1015.0,73,21.2,23.1,327.0,17.1,93.0,15.0
2026-01-30 18:00:00,2026,1,30,18,Bắc Ninh,Xã Tiên Du,21.1573477,106.0138026,88,Moderate,1,22.5,75,0.0,14.9,127,1015.5,23,24.7,26.3,374.0,25.6,74.0,16.3
2026-01-30 19:00:00,2026,1,30,19,Bắc Ninh,Xã Tiên Du,21.1573477,106.0138026,87,Moderate,1,21.0,87,0.0,13.3,115,1016.1,27,38.3,40.5,421.0,36.9,55.0,20.2
2026-01-30 20:00:00,2026,1,30,20,Bắc Ninh,Xã Tiên Du,21.1573477,106.0138026,87,Moderate,1,20.3,90,0.0,12.3,121,1017.0,9,33.9,36.3,466.0,35.8,52.0,20.5
2026-01-30 21:00:00,2026,1,30,21,Bắc Ninh,Xã Tiên Du,21.1573477,106.0138026,87,Moderate,1,19.6,93,0.0,9.2,132,1017.6,23,32.1,34.6,511.0,34.5,49.0,21.1
2026-01-30 22:00:00,2026,1,30,22,Bắc Ninh,Xã Tiên Du,21.1573477,106.0138026,87,Moderate,1,19.0,95,0.0,8.0,130,1018.1,5,34.8,37.4,553.0,34.7,44.0,22.0
2026-01-30 23:00:00,2026,1,30,23,Bắc Ninh,Xã Tiên Du,21.1573477,106.0138026,88,Moderate,1,18.4,96,0.0,5.4,120,1018.2,5,39.8,42.7,595.0,38.1,38.0,24.0
2026-01-31 00:00:00,2026,1,31,0,Bắc Ninh,Xã Tiên Du,21.1573477,106.0138026,89,Moderate,1,17.6,97,0.0,4.1,113,1018.4,5,46.3,49.8,633.0,42.9,32.0,26.3
2026-01-31 01:00:00,2026,1,31,1,Bắc Ninh,Xã Tiên Du,21.1573477,106.0138026,90,Moderate,1,18.5,97,0.0,6.5,136,1017.8,18,54.4,58.2,650.0,45.7,27.0,27.3
2026-01-31 02:00:00,2026,1,31,2,Bắc Ninh,Xã Tiên Du,21.1573477,106.0138026,92,Moderate,1,18.0,98,0.0,4.1,103,1017.8,19,61.0,65.0,627.0,45.2,23.0,25.7
2026-01-31 03:00:00,2026,1,31,3,Bắc Ninh,Xã Tiên Du,21.1573477,106.0138026,94,Moderate,1,17.5,99,0.0,4.6,81,1018.0,35,59.6,63.6,583.0,42.6,21.0,22.8
2026-01-31 04:00:00,2026,1,31,4,Bắc Ninh,Xã Tiên Du,21.1573477,106.0138026,96,Moderate,1,17.6,99,0.0,5.7,77,1018.6,44,53.1,56.5,560.0,37.9,20.0,20.6
2026-01-31 05:00:00,2026,1,31,5,Bắc Ninh,Xã Tiên Du,21.1573477,106.0138026,98,Moderate,1,18.0,98,0.0,7.5,69,1019.2,93,42.7,44.6,576.0,29.5,22.0,19.7
2026-01-31 06:00:00,2026,1,31,6,Bắc Ninh,Xã Tiên Du,21.1573477,106.0138026,99,Moderate,1,18.2,94,0.0,14.3,45,1020.3,100,24.8,25.3,612.0,19.0,26.0,19.5
2026-01-31 07:00:00,2026,1,31,7,Bắc Ninh,Xã Tiên Du,21.1573477,106.0138026,98,Moderate,1,18.5,93,0.1,16.3,37,1020.6,100,15.0,15.3,652.0,12.8,36.0,18.4
2026-01-31 08:00:00,2026,1,31,8,Bắc Ninh,Xã Tiên Du,21.1573477,106.0138026,96,Moderate,1,19.0,79,0.0,20.1,42,1021.8,100,11.0,11.1,697.0,12.0,37.0,19.8
2026-01-31 09:00:00,2026,1,31,9,Bắc Ninh,Xã Tiên Du,21.1573477,106.0138026,94,Moderate,1,18.8,69,0.0,19.9,46,1022.7,100,10.4,10.5,746.0,10.8,39.0,21.7
2026-01-31 10:00:00,2026,1,31,10,Bắc Ninh,Xã Tiên Du,21.1573477,106.0138026,92,Moderate,1,19.2,64,0.0,21.0,45,1023.2,100,10.5,10.5,775.0,9.7,44.0,23.0
2026-01-31 11:00:00,2026,1,31,11,Bắc Ninh,Xã Tiên Du,21.1573477,106.0138026,91,Moderate,1,19.4,62,0.0,18.3,41,1023.0,100,10.3,10.3,771.0,8.7,56.0,23.2
2026-01-31 12:00:00,2026,1,31,12,Bắc Ninh,Xã Tiên Du,21.1573477,106.0138026,90,Moderate,1,20.1,58,0.0,16.0,40,1021.8,84,10.7,10.7,749.0,7.7,71.0,22.9
2026-01-31 13:00:00,2026,1,31,13,Bắc Ninh,Xã Tiên Du,21.1573477,106.0138026,89,Moderate,1,20.7,58,0.0,15.3,36,1020.6,100,11.7,11.8,724.0,7.2,83.0,22.6
2026-01-31 14:00:00,2026,1,31,14,Bắc Ninh,Xã Tiên Du,21.1573477,106.0138026,88,Moderate,1,21.9,54,0.0,14.7,40,1019.6,98,13.2,13.4,693.0,6.3,92.0,22.3
2026-01-31 15:00:00,2026,1,31,15,Bắc Ninh,Xã Tiên Du,21.1573477,106.0138026,87,Moderate,1,22.1,53,0.0,12.5,46,1019.1,100,14.4,14.6,660.0,5.9,99.0,22.1
2026-01-31 16:00:00,2026,1,31,16,Bắc Ninh,Xã Tiên Du,21.1573477,106.0138026,86,Moderate,1,21.8,54,0.0,11.1,46,1019.1,98,15.3,15.6,658.0,9.2,97.0,22.7
2026-01-31 17:00:00,2026,1,31,17,Bắc Ninh,Xã Tiên Du,21.1573477,106.0138026,86,Moderate,1,21.1,56,0.0,10.1,46,1019.5,30,16.6,16.9,716.0,20.3,80.0,25.0
2026-01-31 18:00:00,2026,1,31,18,Bắc Ninh,Xã Tiên Du,21.1573477,106.0138026,85,Moderate,1,19.0,66,0.0,7.0,13,1019.7,53,28.4,28.6,804.0,35.0,54.0,28.0
2026-01-31 19:00:00,2026,1,31,19,Bắc Ninh,Xã Tiên Du,21.1573477,106.0138026,85,Moderate,1,18.6,68,0.0,12.0,351,1019.8,7,27.8,27.8,869.0,27.1,38.0,28.9
2026-01-31 20:00:00,2026,1,31,20,Bắc Ninh,Xã Tiên Du,21.1573477,106.0138026,85,Moderate,1,17.7,69,0.0,11.6,6,1020.6,21,27.2,27.2,885.0,25.0,38.0,28.3
2026-01-31 21:00:00,2026,1,31,21,Bắc Ninh,Xã Tiên Du,21.1573477,106.0138026,84,Moderate,1,17.1,74,0.0,9.9,44,1021.0,70,26.7,26.8,876.0,22.1,37.0,27.4
2026-01-31 22:00:00,2026,1,31,22,Bắc Ninh,Xã Tiên Du,21.1573477,106.0138026,83,Moderate,1,16.7,73,0.0,9.8,54,1021.5,100,28.3,28.3,865.0,19.5,37.0,26.2
2026-01-31 23:00:00,2026,1,31,23,Bắc Ninh,Xã Tiên Du,21.1573477,106.0138026,83,Moderate,1,16.5,70,0.0,8.5,48,1021.5,99,28.8,28.9,864.0,17.7,37.0,24.4
2026-02-01 00:00:00,2026,2,1,0,Bắc Ninh,Xã Tiên Du,21.1573477,106.0138026,82,Moderate,1,16.4,69,0.0,9.8,38,1021.2,100,26.5,26.7,859.0,16.2,38.0,22.4
2026-02-01 01:00:00,2026,2,1,1,Bắc Ninh,Xã Tiên Du,21.1573477,106.0138026,80,Moderate,1,16.9,70,0.0,8.9,38,1021.1,100,24.6,24.7,833.0,14.9,39.0,20.9
2026-02-01 02:00:00,2026,2,1,2,Bắc Ninh,Xã Tiên Du,21.1573477,106.0138026,78,Moderate,1,16.9,68,0.0,10.1,40,1020.5,100,22.2,22.4,761.0,13.6,40.0,20.4
2026-02-01 03:00:00,2026,2,1,3,Bắc Ninh,Xã Tiên Du,21.1573477,106.0138026,74,Moderate,1,16.6,67,0.0,10.3,40,1020.5,100,19.9,20.0,667.0,12.4,42.0,20.5
2026-02-01 04:00:00,2026,2,1,4,Bắc Ninh,Xã Tiên Du,21.1573477,106.0138026,71,Moderate,1,16.4,66,0.0,11.0,40,1020.6,100,17.6,17.7,607.0,12.1,43.0,20.9
2026-02-01 05:00:00,2026,2,1,5,Bắc Ninh,Xã Tiên Du,21.1573477,106.0138026,67,Moderate,1,16.3,64,0.0,13.0,39,1021.0,100,15.5,15.6,615.0,13.2,42.0,21.7
2026-02-01 06:00:00,2026,2,1,6,Bắc Ninh,Xã Tiên Du,21.1573477,106.0138026,65,Moderate,1,16.2,63,0.0,13.0,39,1022.0,100,14.7,14.7,658.0,15.1,41.0,22.8
2026-02-01 07:00:00,2026,2,1,7,Bắc Ninh,Xã Tiên Du,21.1573477,106.0138026,64,Moderate,1,16.1,64,0.0,11.1,48,1022.7,100,15.3,15.7,689.0,17.6,37.0,23.9
2026-02-01 08:00:00,2026,2,1,8,Bắc Ninh,Xã Tiên Du,21.1573477,106.0138026,64,Moderate,1,16.4,62,0.0,9.7,43,1023.5,100,13.6,13.7,692.0,17.4,38.0,24.8
2026-02-01 09:00:00,2026,2,1,9,Bắc Ninh,Xã Tiên Du,21.1573477,106.0138026,64,Moderate,1,16.8,60,0.0,8.9,36,1024.5,100,14.4,14.5,683.0,17.0,41.0,26.0
2026-02-01 10:00:00,2026,2,1,10,Bắc Ninh,Xã Tiên Du,21.1573477,106.0138026,65,Moderate,1,17.3,58,0.0,8.5,32,1024.8,100,16.6,16.9,670.0,16.3,45.0,27.0
2026-02-01 11:00:00,2026,2,1,11,Bắc Ninh,Xã Tiên Du,21.1573477,106.0138026,65,Moderate,1,18.0,57,0.0,8.1,25,1024.2,100,19.0,19.4,652.0,14.9,52.0,27.5
2026-02-01 12:00:00,2026,2,1,12,Bắc Ninh,Xã Tiên Du,21.1573477,106.0138026,66,Moderate,1,19.0,55,0.0,7.7,30,1023.1,100,21.5,22.1,630.0,13.3,61.0,27.8
2026-02-01 13:00:00,2026,2,1,13,Bắc Ninh,Xã Tiên Du,21.1573477,106.0138026,67,Moderate,1,20.2,54,0.0,6.9,23,1021.7,66,23.9,24.6,612.0,12.4,69.0,28.3
2026-02-01 14:00:00,2026,2,1,14,Bắc Ninh,Xã Tiên Du,21.1573477,106.0138026,68,Moderate,1,21.0,53,0.0,6.6,29,1020.6,58,26.1,26.9,578.0,11.6,76.0,28.9
2026-02-01 15:00:00,2026,2,1,15,Bắc Ninh,Xã Tiên Du,21.1573477,106.0138026,69,Moderate,1,21.1,53,0.0,5.4,48,1020.2,47,28.3,29.0,548.0,11.6,81.0,29.7
2026-02-01 16:00:00,2026,2,1,16,Bắc Ninh,Xã Tiên Du,21.1573477,106.0138026,70,Moderate,1,20.9,53,0.0,4.6,54,1020.1,16,30.3,31.1,592.0,15.1,79.0,31.0
2026-02-01 17:00:00,2026,2,1,17,Bắc Ninh,Xã Tiên Du,21.1573477,106.0138026,72,Moderate,1,20.5,55,0.0,3.4,47,1020.3,20,32.9,33.9,790.0,26.3,63.0,33.7
2026-02-01 18:00:00,2026,2,1,18,Bắc Ninh,Xã Tiên Du,21.1573477,106.0138026,73,Moderate,1,18.6,65,0.0,0.9,349,1020.5,5,47.8,48.7,1063.0,41.0,41.0,37.0
2026-02-01 19:00:00,2026,2,1,19,Bắc Ninh,Xã Tiên Du,21.1573477,106.0138026,75,Moderate,1,17.8,70,0.0,2.6,335,1020.9,9,72.6,73.3,1238.0,56.0,26.0,43.9
2026-02-01 20:00:00,2026,2,1,20,Bắc Ninh,Xã Tiên Du,21.1573477,106.0138026,79,Moderate,1,16.9,75,0.0,4.6,31,1021.4,4,77.1,78.0,1231.0,52.5,25.0,43.2
2026-02-01 21:00:00,2026,2,1,21,Bắc Ninh,Xã Tiên Du,21.1573477,106.0138026,83,Moderate,1,16.1,79,0.0,6.7,93,1021.8,4,75.0,75.7,1126.0,47.6,24.0,42.1
2026-02-01 22:00:00,2026,2,1,22,Bắc Ninh,Xã Tiên Du,21.1573477,106.0138026,88,Moderate,1,15.6,85,0.0,7.6,112,1021.9,5,71.0,71.7,1009.0,42.8,23.0,39.9
2026-02-01 23:00:00,2026,2,1,23,Bắc Ninh,Xã Tiên Du,21.1573477,106.0138026,91,Moderate,1,14.9,89,0.0,4.7,106,1022.1,9,70.1,70.8,893.0,39.2,21.0,36.0
2026-02-02 00:00:00,2026,2,2,0,Bắc Ninh,Xã Tiên Du,21.1573477,106.0138026,95,Moderate,1,14.3,92,0.0,4.1,41,1022.3,20,67.1,67.8,763.0,35.8,20.0,31.1
2026-02-02 01:00:00,2026,2,2,1,Bắc Ninh,Xã Tiên Du,21.1573477,106.0138026,99,Moderate,1,14.6,93,0.0,4.9,36,1022.2,46,60.3,61.0,662.0,31.3,22.0,26.7
2026-02-02 02:00:00,2026,2,2,2,Bắc Ninh,Xã Tiên Du,21.1573477,106.0138026,102,Unhealthy for Sensitive Groups,2,15.2,83,0.0,8.9,24,1022.1,100,49.6,50.2,606.0,24.0,30.0,23.2
2026-02-02 03:00:00,2026,2,2,3,Bắc Ninh,Xã Tiên Du,21.1573477,106.0138026,105,Unhealthy for Sensitive Groups,2,15.7,68,0.0,10.7,20,1022.3,100,41.2,41.7,578.0,15.7,41.0,20.4
2026-02-02 04:00:00,2026,2,2,4,Bắc Ninh,Xã Tiên Du,21.1573477,106.0138026,107,Unhealthy for Sensitive Groups,2,15.9,66,0.0,10.7,22,1022.3,100,38.2,38.8,571.0,10.1,49.0,18.7
2026-02-02 05:00:00,2026,2,2,5,Bắc Ninh,Xã Tiên Du,21.1573477,106.0138026,109,Unhealthy for Sensitive Groups,2,15.9,61,0.0,14.6,39,1022.9,100,37.5,38.0,595.0,9.7,51.0,18.9
2026-02-02 06:00:00,2026,2,2,6,Bắc Ninh,Xã Tiên Du,21.1573477,106.0138026,112,Unhealthy for Sensitive Groups,2,15.4,65,0.1,12.4,39,1023.7,100,37.7,38.3,639.0,12.0,49.0,20.4
2026-02-02 07:00:00,2026,2,2,7,Bắc Ninh,Xã Tiên Du,21.1573477,106.0138026,114,Unhealthy for Sensitive Groups,2,15.1,70,0.0,11.6,35,1024.6,100,38.9,39.5,664.0,13.9,47.0,22.2
2026-02-02 08:00:00,2026,2,2,8,Bắc Ninh,Xã Tiên Du,21.1573477,106.0138026,117,Unhealthy for Sensitive Groups,2,15.6,64,0.0,12.9,40,1025.7,100,40.5,41.2,648.0,14.5,47.0,22.6
2026-02-02 09:00:00,2026,2,2,9,Bắc Ninh,Xã Tiên Du,21.1573477,106.0138026,119,Unhealthy for Sensitive Groups,2,16.0,62,0.0,12.5,40,1026.5,100,41.9,42.8,612.0,15.3,47.0,23.2
2026-02-02 10:00:00,2026,2,2,10,Bắc Ninh,Xã Tiên Du,21.1573477,106.0138026,122,Unhealthy for Sensitive Groups,2,16.3,61,0.0,12.2,36,1026.7,100,47.5,48.7,584.0,15.6,48.0,23.5
2026-02-02 11:00:00,2026,2,2,11,Bắc Ninh,Xã Tiên Du,21.1573477,106.0138026,125,Unhealthy for Sensitive Groups,2,16.8,60,0.0,11.4,23,1026.1,100,51.9,53.3,574.0,15.0,51.0,23.4
2026-02-02 12:00:00,2026,2,2,12,Bắc Ninh,Xã Tiên Du,21.1573477,106.0138026,129,Unhealthy for Sensitive Groups,2,17.2,59,0.0,10.6,14,1025.0,100,54.8,56.3,573.0,14.0,56.0,23.1
2026-02-02 13:00:00,2026,2,2,13,Bắc Ninh,Xã Tiên Du,21.1573477,106.0138026,132,Unhealthy for Sensitive Groups,2,17.9,58,0.0,9.8,6,1024.1,100,56.7,58.3,575.0,13.4,60.0,23.0
2026-02-02 14:00:00,2026,2,2,14,Bắc Ninh,Xã Tiên Du,21.1573477,106.0138026,136,Unhealthy for Sensitive Groups,2,18.6,55,0.0,10.3,5,1023.0,100,57.7,59.4,566.0,12.6,64.0,22.9
2026-02-02 15:00:00,2026,2,2,15,Bắc Ninh,Xã Tiên Du,21.1573477,106.0138026,139,Unhealthy for Sensitive Groups,2,18.8,54,0.0,10.1,4,1022.4,55,58.2,59.8,562.0,12.2,67.0,22.9
2026-02-02 16:00:00,2026,2,2,16,Bắc Ninh,Xã Tiên Du,21.1573477,106.0138026,142,Unhealthy for Sensitive Groups,2,19.0,54,0.0,8.8,360,1022.1,15,58.4,59.8,604.0,15.6,64.0,23.9
2026-02-02 17:00:00,2026,2,2,17,Bắc Ninh,Xã Tiên Du,21.1573477,106.0138026,145,Unhealthy for Sensitive Groups,2,18.7,55,0.0,8.0,354,1022.2,5,59.1,60.5,730.0,26.4,50.0,26.6
2026-02-02 18:00:00,2026,2,2,18,Bắc Ninh,Xã Tiên Du,21.1573477,106.0138026,148,Unhealthy for Sensitive Groups,2,16.6,65,0.0,6.8,328,1022.2,14,74.5,75.7,902.0,41.0,30.0,30.2
2026-02-02 19:00:00,2026,2,2,19,Bắc Ninh,Xã Tiên Du,21.1573477,106.0138026,150,Unhealthy for Sensitive Groups,2,15.5,74,0.0,6.1,315,1023.1,21,83.1,84.3,1050.0,51.3,14.0,36.1
2026-02-02 20:00:00,2026,2,2,20,Bắc Ninh,Xã Tiên Du,21.1573477,106.0138026,150,Unhealthy for Sensitive Groups,2,15.3,75,0.0,7.8,314,1023.7,27,89.6,90.8,1151.0,51.8,12.0,37.0
2026-02-02 21:00:00,2026,2,2,21,Bắc Ninh,Xã Tiên Du,21.1573477,106.0138026,151,Unhealthy,3,15.2,75,0.0,7.3,320,1024.0,52,91.7,92.7,1228.0,52.6,9.0,38.3
2026-02-02 22:00:00,2026,2,2,22,Bắc Ninh,Xã Tiên Du,21.1573477,106.0138026,151,Unhealthy,3,14.5,79,0.0,6.8,331,1024.0,66,96.6,97.8,1284.0,53.1,7.0,39.8
2026-02-02 23:00:00,2026,2,2,23,Bắc Ninh,Xã Tiên Du,21.1573477,106.0138026,152,Unhealthy,3,13.6,85,0.0,5.7,349,1023.8,59,106.6,107.8,1333.0,53.7,5.0,42.0
2026-02-03 00:00:00,2026,2,3,0,Bắc Ninh,Xã Tiên Du,21.1573477,106.0138026,152,Unhealthy,3,12.8,90,0.0,4.7,4,1023.4,23,117.1,118.0,1361.0,54.1,4.0,44.4
2026-02-03 01:00:00,2026,2,3,1,Bắc Ninh,Xã Tiên Du,21.1573477,106.0138026,153,Unhealthy,3,12.8,92,0.0,6.0,10,1023.3,1,123.9,124.8,1321.0,53.3,3.0,44.9
2026-02-03 02:00:00,2026,2,3,2,Bắc Ninh,Xã Tiên Du,21.1573477,106.0138026,155,Unhealthy,3,12.9,89,0.0,7.0,1,1022.8,27,124.8,126.2,1148.0,50.3,3.0,41.8
2026-02-03 03:00:00,2026,2,3,3,Bắc Ninh,Xã Tiên Du,21.1573477,106.0138026,156,Unhealthy,3,12.6,87,0.0,6.8,358,1022.7,30,120.6,121.5,908.0,46.0,5.0,36.7
2026-02-03 04:00:00,2026,2,3,4,Bắc Ninh,Xã Tiên Du,21.1573477,106.0138026,158,Unhealthy,3,12.4,85,0.0,7.2,1,1022.5,73,112.2,113.2,754.0,42.2,6.0,32.5
2026-02-03 05:00:00,2026,2,3,5,Bắc Ninh,Xã Tiên Du,21.1573477,106.0138026,160,Unhealthy,3,11.9,87,0.0,6.1,358,1022.7,85,103.6,104.5,785.0,40.0,5.0,30.1
2026-02-03 06:00:00,2026,2,3,6,Bắc Ninh,Xã Tiên Du,21.1573477,106.0138026,161,Unhealthy,3,11.4,91,0.0,5.5,349,1023.4,30,98.3,99.0,903.0,38.4,4.0,28.6
2026-02-03 07:00:00,2026,2,3,7,Bắc Ninh,Xã Tiên Du,21.1573477,106.0138026,163,Unhealthy,3,12.7,87,0.0,7.2,341,1024.1,100,106.2,107.1,963.0,36.2,7.0,27.5
2026-02-03 08:00:00,2026,2,3,8,Bắc Ninh,Xã Tiên Du,21.1573477,106.0138026,164,Unhealthy,3,14.4,80,0.0,5.3,350,1024.6,99,99.9,100.6,889.0,31.1,24.0,28.9
2026-02-03 09:00:00,2026,2,3,9,Bắc Ninh,Xã Tiên Du,21.1573477,106.0138026,165,Unhealthy,3,16.3,68,0.0,5.2,16,1025.3,76,71.5,72.4,757.0,24.0,48.0,30.6
2026-02-03 10:00:00,2026,2,3,10,Bắc Ninh,Xã Tiên Du,21.1573477,106.0138026,166,Unhealthy,3,17.9,61,0.0,3.6,33,1025.5,100,59.5,60.5,654.0,18.1,72.0,31.0
2026-02-03 11:00:00,2026,2,3,11,Bắc Ninh,Xã Tiên Du,21.1573477,106.0138026,166,Unhealthy,3,19.0,58,0.0,1.5,21,1024.6,57,53.0,54.0,620.0,14.3,95.0,28.9
2026-02-03 12:00:00,2026,2,3,12,Bắc Ninh,Xã Tiên Du,21.1573477,106.0138026,166,Unhealthy,3,20.5,55,0.0,1.0,149,1023.4,38,50.8,51.7,615.0,11.7,117.0,25.4
2026-02-03 13:00:00,2026,2,3,13,Bắc Ninh,Xã Tiên Du,21.1573477,106.0138026,166,Unhealthy,3,21.8,52,0.0,4.5,178,1022.1,100,45.6,46.4,607.0,10.4,133.0,22.5
2026-02-03 14:00:00,2026,2,3,14,Bắc Ninh,Xã Tiên Du,21.1573477,106.0138026,166,Unhealthy,3,22.3,50,0.0,7.9,164,1020.8,100,46.0,46.8,572.0,9.5,141.0,20.2
2026-02-03 15:00:00,2026,2,3,15,Bắc Ninh,Xã Tiên Du,21.1573477,106.0138026,166,Unhealthy,3,22.4,50,0.0,9.2,160,1020.2,100,48.3,49.0,533.0,9.8,142.0,18.4
2026-02-03 16:00:00,2026,2,3,16,Bắc Ninh,Xã Tiên Du,21.1573477,106.0138026,166,Unhealthy,3,22.1,51,0.0,9.1,162,1019.8,99,50.5,51.2,532.0,14.4,134.0,18.5
2026-02-03 17:00:00,2026,2,3,17,Bắc Ninh,Xã Tiên Du,21.1573477,106.0138026,165,Unhealthy,3,21.5,54,0.0,7.7,164,1019.6,80,56.7,57.3,605.0,27.7,111.0,22.3
2026-02-03 18:00:00,2026,2,3,18,Bắc Ninh,Xã Tiên Du,21.1573477,106.0138026,165,Unhealthy,3,19.3,64,0.0,6.9,152,1019.6,5,73.8,74.5,715.0,45.1,79.0,28.1
2026-02-03 19:00:00,2026,2,3,19,Bắc Ninh,Xã Tiên Du,21.1573477,106.0138026,165,Unhealthy,3,19.9,64,0.0,10.4,135,1019.7,98,106.2,106.6,796.0,70.3,34.0,36.7
2026-02-03 20:00:00,2026,2,3,20,Bắc Ninh,Xã Tiên Du,21.1573477,106.0138026,166,Unhealthy,3,18.8,72,0.0,12.0,131,1020.1,9,122.9,123.9,812.0,70.7,29.0,38.3
2026-02-03 21:00:00,2026,2,3,21,Bắc Ninh,Xã Tiên Du,21.1573477,106.0138026,167,Unhealthy,3,17.4,80,0.0,10.2,139,1020.6,63,128.1,128.5,798.0,70.9,22.0,40.4
2026-02-03 22:00:00,2026,2,3,22,Bắc Ninh,Xã Tiên Du,21.1573477,106.0138026,167,Unhealthy,3,16.5,85,0.0,9.0,147,1020.7,80,122.9,123.4,794.0,69.4,18.0,41.1
2026-02-03 23:00:00,2026,2,3,23,Bắc Ninh,Xã Tiên Du,21.1573477,106.0138026,168,Unhealthy,3,15.7,91,0.0,7.4,157,1020.3,72,111.1,111.5,821.0,64.4,18.0,38.8
2026-02-04 00:00:00,2026,2,4,0,Bắc Ninh,Xã Tiên Du,21.1573477,106.0138026,168,Unhealthy,3,14.9,95,0.0,6.2,165,1019.8,2,103.4,103.8,858.0,57.7,21.0,35.2
2026-02-04 01:00:00,2026,2,4,1,Bắc Ninh,Xã Tiên Du,21.1573477,106.0138026,168,Unhealthy,3,14.9,95,0.0,6.1,148,1018.9,2,102.4,102.9,885.0,52.7,22.0,32.8
2026-02-04 02:00:00,2026,2,4,2,Bắc Ninh,Xã Tiên Du,21.1573477,106.0138026,167,Unhealthy,3,14.9,96,0.0,5.3,152,1018.3,0,105.5,106.2,885.0,51.3,21.0,33.3
2026-02-04 03:00:00,2026,2,4,3,Bắc Ninh,Xã Tiên Du,21.1573477,106.0138026,167,Unhealthy,3,14.6,97,0.0,5.4,160,1018.0,2,110.4,111.1,875.0,51.6,20.0,35.1
2026-02-04 04:00:00,2026,2,4,4,Bắc Ninh,Xã Tiên Du,21.1573477,106.0138026,167,Unhealthy,3,14.2,98,0.0,5.4,138,1017.9,4,114.8,115.5,882.0,51.4,18.0,36.0
2026-02-04 05:00:00,2026,2,4,5,Bắc Ninh,Xã Tiên Du,21.1573477,106.0138026,167,Unhealthy,3,13.9,99,0.0,5.1,126,1018.2,9,119.2,120.1,938.0,50.1,13.0,34.3
2026-02-04 06:00:00,2026,2,4,6,Bắc Ninh,Xã Tiên Du,21.1573477,106.0138026,167,Unhealthy,3,13.7,99,0.0,4.8,124,1018.7,43,125.3,126.2,1010.0,48.2,8.0,31.8
2026-02-04 07:00:00,2026,2,4,7,Bắc Ninh,Xã Tiên Du,21.1573477,106.0138026,168,Unhealthy,3,15.3,98,0.0,6.7,99,1019.1,100,116.4,116.9,1029.0,38.5,17.0,23.4
2026-02-04 08:00:00,2026,2,4,8,Bắc Ninh,Xã Tiên Du,21.1573477,106.0138026,168,Unhealthy,3,16.6,92,0.0,8.1,125,1019.6,100,106.4,106.9,943.0,35.5,37.0,27.3
2026-02-04 09:00:00,2026,2,4,9,Bắc Ninh,Xã Tiên Du,21.1573477,106.0138026,168,Unhealthy,3,17.9,88,0.0,9.3,146,1020.3,100,86.1,87.1,802.0,31.2,66.0,32.7
2026-02-04 10:00:00,2026,2,4,10,Bắc Ninh,Xã Tiên Du,21.1573477,106.0138026,168,Unhealthy,3,19.2,82,0.1,11.9,183,1020.3,100,70.5,71.7,692.0,27.5,89.0,36.2
2026-02-04 11:00:00,2026,2,4,11,Bắc Ninh,Xã Tiên Du,21.1573477,106.0138026,169,Unhealthy,3,20.6,73,0.0,11.5,194,1019.3,100,59.8,61.2,650.0,24.8,102.0,36.3
2026-02-04 12:00:00,2026,2,4,12,Bắc Ninh,Xã Tiên Du,21.1573477,106.0138026,169,Unhealthy,3,21.9,69,0.2,12.2,193,1017.6,100,62.6,64.0,638.0,22.6,110.0,34.5
2026-02-04 13:00:00,2026,2,4,13,Bắc Ninh,Xã Tiên Du,21.1573477,106.0138026,169,Unhealthy,3,22.2,66,0.1,10.6,178,1016.5,100,66.8,68.0,623.0,21.0,115.0,32.7
2026-02-04 14:00:00,2026,2,4,14,Bắc Ninh,Xã Tiên Du,21.1573477,106.0138026,169,Unhealthy,3,22.9,63,0.1,11.1,187,1015.3,100,68.9,70.1,583.0,19.2,120.0,31.1
2026-02-04 15:00:00,2026,2,4,15,Bắc Ninh,Xã Tiên Du,21.1573477,106.0138026,170,Unhealthy,3,23.7,60,0.0,11.7,184,1014.2,100,67.3,68.2,539.0,18.0,122.0,29.4
2026-02-04 16:00:00,2026,2,4,16,Bắc Ninh,Xã Tiên Du,21.1573477,106.0138026,170,Unhealthy,3,23.5,61,0.0,13.5,176,1013.8,55,65.4,66.6,527.0,20.2,118.0,28.6
2026-02-04 17:00:00,2026,2,4,17,Bắc Ninh,Xã Tiên Du,21.1573477,106.0138026,171,Unhealthy,3,23.3,63,0.0,9.9,170,1013.5,2,66.1,67.1,578.0,29.6,101.0,29.6
2026-02-04 18:00:00,2026,2,4,18,Bắc Ninh,Xã Tiên Du,21.1573477,106.0138026,171,Unhealthy,3,21.0,72,0.0,7.3,142,1013.8,8,85.4,86.4,660.0,42.3,77.0,31.4
2026-02-04 19:00:00,2026,2,4,19,Bắc Ninh,Xã Tiên Du,21.1573477,106.0138026,171,Unhealthy,3,19.5,80,0.0,9.3,134,1015.0,17,84.5,84.8,712.0,59.8,47.0,36.2
2026-02-04 20:00:00,2026,2,4,20,Bắc Ninh,Xã Tiên Du,21.1573477,106.0138026,171,Unhealthy,3,19.2,84,0.0,11.5,141,1015.6,3,72.2,72.4,702.0,52.6,51.0,33.0
2026-02-04 21:00:00,2026,2,4,21,Bắc Ninh,Xã Tiên Du,21.1573477,106.0138026,170,Unhealthy,3,18.4,90,0.0,10.4,150,1016.1,4,58.0,58.3,663.0,42.6,57.0,28.6
2026-02-04 22:00:00,2026,2,4,22,Bắc Ninh,Xã Tiên Du,21.1573477,106.0138026,168,Unhealthy,3,17.6,94,0.0,9.7,151,1016.2,7,49.4,49.7,630.0,34.8,61.0,25.1
2026-02-04 23:00:00,2026,2,4,23,Bắc Ninh,Xã Tiên Du,21.1573477,106.0138026,166,Unhealthy,3,17.3,96,0.0,10.2,152,1016.0,61,46.0,46.4,618.0,31.4,61.0,23.4
2026-02-05 00:00:00,2026,2,5,0,Bắc Ninh,Xã Tiên Du,21.1573477,106.0138026,165,Unhealthy,3,17.0,97,0.0,7.9,153,1015.7,100,44.4,44.9,613.0,30.1,60.0,22.7
2026-02-05 01:00:00,2026,2,5,1,Bắc Ninh,Xã Tiên Du,21.1573477,106.0138026,164,Unhealthy,3,18.5,97,0.0,9.0,149,1015.3,100,44.5,45.2,603.0,29.1,58.0,22.3
2026-02-05 02:00:00,2026,2,5,2,Bắc Ninh,Xã Tiên Du,21.1573477,106.0138026,162,Unhealthy,3,18.9,96,0.0,9.0,158,1014.7,100,45.4,46.1,577.0,27.3,57.0,22.1
2026-02-05 03:00:00,2026,2,5,3,Bắc Ninh,Xã Tiên Du,21.1573477,106.0138026,161,Unhealthy,3,18.9,97,0.0,6.9,163,1014.2,100,46.4,47.4,546.0,25.6,56.0,22.3
2026-02-05 04:00:00,2026,2,5,4,Bắc Ninh,Xã Tiên Du,21.1573477,106.0138026,160,Unhealthy,3,18.9,97,0.0,6.7,164,1013.9,100,47.0,48.0,536.0,25.3,54.0,22.7
2026-02-05 05:00:00,2026,2,5,5,Bắc Ninh,Xã Tiên Du,21.1573477,106.0138026,158,Unhealthy,3,18.7,98,0.0,6.1,168,1013.9,100,48.5,49.6,572.0,27.4,49.0,23.0
2026-02-05 06:00:00,2026,2,5,6,Bắc Ninh,Xã Tiên Du,21.1573477,106.0138026,157,Unhealthy,3,18.8,98,0.0,6.5,166,1014.4,100,50.8,51.9,628.0,30.8,43.0,23.5
2026-02-05 07:00:00,2026,2,5,7,Bắc Ninh,Xã Tiên Du,21.1573477,106.0138026,155,Unhealthy,3,18.7,97,0.0,6.3,141,1015.1,100,66.4,67.8,658.0,34.2,37.0,24.5
2026-02-05 08:00:00,2026,2,5,8,Bắc Ninh,Xã Tiên Du,21.1573477,106.0138026,154,Unhealthy,3,19.5,93,0.1,7.4,154,1015.6,100,64.5,66.4,633.0,33.7,40.0,26.4
2026-02-05 09:00:00,2026,2,5,9,Bắc Ninh,Xã Tiên Du,21.1573477,106.0138026,153,Unhealthy,3,20.0,91,0.1,8.5,163,1016.1,100,61.2,63.3,581.0,33.0,46.0,28.9
2026-02-05 10:00:00,2026,2,5,10,Bắc Ninh,Xã Tiên Du,21.1573477,106.0138026,152,Unhealthy,3,20.7,88,0.1,8.5,173,1016.3,100,54.9,57.2,541.0,31.5,53.0,30.6
2026-02-05 11:00:00,2026,2,5,11,Bắc Ninh,Xã Tiên Du,21.1573477,106.0138026,152,Unhealthy,3,21.4,85,0.1,9.0,192,1015.4,100,53.4,55.5,531.0,28.8,64.0,30.7
2026-02-05 12:00:00,2026,2,5,12,Bắc Ninh,Xã Tiên Du,21.1573477,106.0138026,152,Unhealthy,3,22.3,81,0.1,9.9,189,1014.2,100,53.7,55.5,532.0,25.4,76.0,29.9
2026-02-05 13:00:00,2026,2,5,13,Bắc Ninh,Xã Tiên Du,21.1573477,106.0138026,152,Unhealthy,3,23.8,71,0.1,12.9,188,1012.9,100,49.0,50.6,529.0,22.3,88.0,28.5
2026-02-05 14:00:00,2026,2,5,14,Bắc Ninh,Xã Tiên Du,21.1573477,106.0138026,151,Unhealthy,3,24.9,66,0.1,10.2,189,1011.8,100,51.1,52.5,511.0,18.9,100.0,25.9
2026-02-05 15:00:00,2026,2,5,15,Bắc Ninh,Xã Tiên Du,21.1573477,106.0138026,151,Unhealthy,3,25.8,62,0.0,7.9,193,1011.1,100,50.3,51.6,489.0,15.8,110.0,22.7
2026-02-05 16:00:00,2026,2,5,16,Bắc Ninh,Xã Tiên Du,21.1573477,106.0138026,151,Unhealthy,3,26.1,60,0.0,9.5,179,1011.1,40,46.3,47.4,478.0,15.8,112.0,20.5
2026-02-05 17:00:00,2026,2,5,17,Bắc Ninh,Xã Tiên Du,21.1573477,106.0138026,150,Unhealthy for Sensitive Groups,2,25.8,62,0.0,8.7,156,1010.9,5,45.6,46.6,493.0,22.2,98.0,20.3
2026-02-05 18:00:00,2026,2,5,18,Bắc Ninh,Xã Tiên Du,21.1573477,106.0138026,149,Unhealthy for Sensitive Groups,2,23.0,74,0.0,10.5,127,1011.3,26,53.7,54.6,519.0,31.7,75.0,21.1
2026-02-05 19:00:00,2026,2,5,19,Bắc Ninh,Xã Tiên Du,21.1573477,106.0138026,145,Unhealthy for Sensitive Groups,2,21.5,85,0.0,10.9,136,1012.3,20,61.5,62.6,533.0,45.6,51.0,26.4
2026-02-05 20:00:00,2026,2,5,20,Bắc Ninh,Xã Tiên Du,21.1573477,106.0138026,143,Unhealthy for Sensitive Groups,2,21.1,89,0.0,12.0,136,1013.2,11,47.1,48.8,523.0,40.9,52.0,24.4
2026-02-05 21:00:00,2026,2,5,21,Bắc Ninh,Xã Tiên Du,21.1573477,106.0138026,140,Unhealthy for Sensitive Groups,2,20.3,95,0.0,10.7,151,1013.8,31,36.3,38.2,502.0,34.3,53.0,21.5
2026-02-05 22:00:00,2026,2,5,22,Bắc Ninh,Xã Tiên Du,21.1573477,106.0138026,138,Unhealthy for Sensitive Groups,2,20.1,96,0.0,11.3,160,1014.1,100,31.4,34.2,479.0,29.0,53.0,19.6
2026-02-05 23:00:00,2026,2,5,23,Bắc Ninh,Xã Tiên Du,21.1573477,106.0138026,136,Unhealthy for Sensitive Groups,2,20.8,95,0.0,12.7,159,1013.8,100,31.8,34.9,458.0,26.2,53.0,19.3
2026-02-06 00:00:00,2026,2,6,0,Bắc Ninh,Xã Tiên Du,21.1573477,106.0138026,135,Unhealthy for Sensitive Groups,2,21.1,94,0.0,11.2,162,1013.4,100,36.1,38.5,436.0,24.7,52.0,19.9
2026-02-06 01:00:00,2026,2,6,1,Bắc Ninh,Xã Tiên Du,21.1573477,106.0138026,134,Unhealthy for Sensitive Groups,2,21.1,95,0.0,11.0,165,1013.2,100,39.2,41.7,418.0,23.9,50.0,20.5
2026-02-06 02:00:00,2026,2,6,2,Bắc Ninh,Xã Tiên Du,21.1573477,106.0138026,133,Unhealthy for Sensitive Groups,2,21.1,94,0.0,10.4,163,1012.8,100,42.0,44.6,401.0,23.5,47.0,20.8
2026-02-06 03:00:00,2026,2,6,3,Bắc Ninh,Xã Tiên Du,21.1573477,106.0138026,133,Unhealthy for Sensitive Groups,2,21.0,95,0.0,9.5,165,1012.2,100,44.0,46.7,388.0,23.7,43.0,21.2
2026-02-06 04:00:00,2026,2,6,4,Bắc Ninh,Xã Tiên Du,21.1573477,106.0138026,133,Unhealthy for Sensitive Groups,2,20.9,96,0.0,8.8,165,1012.2,100,45.6,48.4,397.0,25.0,38.0,21.8
2026-02-06 05:00:00,2026,2,6,5,Bắc Ninh,Xã Tiên Du,21.1573477,106.0138026,133,Unhealthy for Sensitive Groups,2,20.8,97,0.0,8.1,159,1012.4,100,47.5,50.4,452.0,28.6,31.0,22.9
2026-02-06 06:00:00,2026,2,6,6,Bắc Ninh,Xã Tiên Du,21.1573477,106.0138026,132,Unhealthy for Sensitive Groups,2,20.7,96,0.0,8.5,155,1012.8,100,50.4,53.6,528.0,33.3,23.0,24.1
2026-02-06 07:00:00,2026,2,6,7,Bắc Ninh,Xã Tiên Du,21.1573477,106.0138026,132,Unhealthy for Sensitive Groups,2,20.9,96,0.0,8.5,136,1013.5,100,60.8,63.3,569.0,33.2,19.0,23.6
2026-02-06 08:00:00,2026,2,6,8,Bắc Ninh,Xã Tiên Du,21.1573477,106.0138026,132,Unhealthy for Sensitive Groups,2,21.1,95,0.1,10.0,146,1014.2,100,45.8,48.2,539.0,30.8,26.0,24.3
2026-02-06 09:00:00,2026,2,6,9,Bắc Ninh,Xã Tiên Du,21.1573477,106.0138026,130,Unhealthy for Sensitive Groups,2,21.5,91,0.2,8.7,174,1014.8,100,36.6,38.6,474.0,27.3,36.0,25.3
2026-02-06 10:00:00,2026,2,6,10,Bắc Ninh,Xã Tiên Du,21.1573477,106.0138026,127,Unhealthy for Sensitive Groups,2,22.4,86,0.3,5.8,194,1015.1,100,37.0,38.8,425.0,24.2,47.0,25.6
2026-02-06 11:00:00,2026,2,6,11,Bắc Ninh,Xã Tiên Du,21.1573477,106.0138026,125,Unhealthy for Sensitive Groups,2,24.0,77,0.2,3.4,186,1014.5,100,36.8,38.4,417.0,21.8,60.0,24.7
2026-02-06 12:00:00,2026,2,6,12,Bắc Ninh,Xã Tiên Du,21.1573477,106.0138026,124,Unhealthy for Sensitive Groups,2,24.6,74,0.2,5.5,139,1013.8,100,37.4,38.9,425.0,19.8,74.0,23.2
2026-02-06 13:00:00,2026,2,6,13,Bắc Ninh,Xã Tiên Du,21.1573477,106.0138026,122,Unhealthy for Sensitive Groups,2,25.5,68,0.1,6.0,143,1012.6,67,40.2,41.7,425.0,18.3,86.0,21.6
2026-02-06 14:00:00,2026,2,6,14,Bắc Ninh,Xã Tiên Du,21.1573477,106.0138026,121,Unhealthy for Sensitive Groups,2,26.5,63,0.1,8.0,134,1011.5,97,43.1,44.6,402.0,16.5,97.0,19.7
2026-02-06 15:00:00,2026,2,6,15,Bắc Ninh,Xã Tiên Du,21.1573477,106.0138026,120,Unhealthy for Sensitive Groups,2,26.4,64,0.0,9.4,137,1011.0,78,45.6,47.0,372.0,15.3,106.0,17.7
2026-02-06 16:00:00,2026,2,6,16,Bắc Ninh,Xã Tiên Du,21.1573477,106.0138026,120,Unhealthy for Sensitive Groups,2,26.1,65,0.0,12.1,138,1011.0,45,46.0,47.5,357.0,17.3,106.0,16.8
2026-02-06 17:00:00,2026,2,6,17,Bắc Ninh,Xã Tiên Du,21.1573477,106.0138026,120,Unhealthy for Sensitive Groups,2,24.6,74,0.0,16.2,131,1011.3,53,45.9,47.6,368.0,26.0,91.0,18.2
2026-02-06 18:00:00,2026,2,6,18,Bắc Ninh,Xã Tiên Du,21.1573477,106.0138026,120,Unhealthy for Sensitive Groups,2,23.0,82,0.0,15.4,135,1012.1,33,59.6,61.2,393.0,38.0,67.0,20.7
2026-02-06 19:00:00,2026,2,6,19,Bắc Ninh,Xã Tiên Du,21.1573477,106.0138026,120,Unhealthy for Sensitive Groups,2,21.8,91,0.0,14.1,140,1012.8,2,55.4,57.4,421.0,40.5,47.0,21.0
2026-02-06 20:00:00,2026,2,6,20,Bắc Ninh,Xã Tiên Du,21.1573477,106.0138026,120,Unhealthy for Sensitive Groups,2,21.1,95,0.0,12.6,136,1013.7,8,45.3,47.1,449.0,39.6,42.0,21.3
2026-02-06 21:00:00,2026,2,6,21,Bắc Ninh,Xã Tiên Du,21.1573477,106.0138026,120,Unhealthy for Sensitive Groups,2,20.8,98,0.0,11.6,132,1014.4,100,39.5,41.4,479.0,38.3,36.0,21.6
2026-02-06 22:00:00,2026,2,6,22,Bắc Ninh,Xã Tiên Du,21.1573477,106.0138026,120,Unhealthy for Sensitive Groups,2,21.0,97,0.0,10.4,135,1014.7,100,37.8,40.6,507.0,36.8,31.0,21.4
2026-02-06 23:00:00,2026,2,6,23,Bắc Ninh,Xã Tiên Du,21.1573477,106.0138026,121,Unhealthy for Sensitive Groups,2,21.1,96,0.0,10.7,138,1014.8,100,38.9,41.9,534.0,35.3,29.0,20.4
2026-02-07 00:00:00,2026,2,7,0,Bắc Ninh,Xã Tiên Du,21.1573477,106.0138026,121,Unhealthy for Sensitive Groups,2,21.0,95,0.0,9.7,138,1014.9,100,40.6,43.9,558.0,33.6,29.0,19.0
2026-02-07 01:00:00,2026,2,7,1,Bắc Ninh,Xã Tiên Du,21.1573477,106.0138026,122,Unhealthy for Sensitive Groups,2,21.0,99,0.0,10.4,146,1014.2,100,44.1,47.8,569.0,32.0,29.0,17.7
2026-02-07 02:00:00,2026,2,7,2,Bắc Ninh,Xã Tiên Du,21.1573477,106.0138026,122,Unhealthy for Sensitive Groups,2,21.0,98,0.0,10.9,149,1013.9,63,49.9,52.0,554.0,30.1,28.0,16.6
2026-02-07 03:00:00,2026,2,7,3,Bắc Ninh,Xã Tiên Du,21.1573477,106.0138026,123,Unhealthy for Sensitive Groups,2,20.8,98,0.0,8.3,138,1013.8,100,55.1,56.7,526.0,28.3,28.0,15.7
2026-02-07 04:00:00,2026,2,7,4,Bắc Ninh,Xã Tiên Du,21.1573477,106.0138026,124,Unhealthy for Sensitive Groups,2,20.6,99,0.0,7.8,130,1014.0,100,55.9,57.5,509.0,27.7,27.0,15.6
2026-02-07 05:00:00,2026,2,7,5,Bắc Ninh,Xã Tiên Du,21.1573477,106.0138026,125,Unhealthy for Sensitive Groups,2,20.5,99,0.1,9.8,128,1014.2,100,55.9,57.5,516.0,29.4,25.0,16.8
2026-02-07 06:00:00,2026,2,7,6,Bắc Ninh,Xã Tiên Du,21.1573477,106.0138026,126,Unhealthy for Sensitive Groups,2,20.5,98,0.0,10.6,124,1015.1,100,55.2,56.9,533.0,32.4,24.0,18.9
2026-02-07 07:00:00,2026,2,7,7,Bắc Ninh,Xã Tiên Du,21.1573477,106.0138026,127,Unhealthy for Sensitive Groups,2,20.1,98,0.1,9.9,128,1015.7,100,58.1,59.6,546.0,32.5,27.0,19.2
2026-02-07 08:00:00,2026,2,7,8,Bắc Ninh,Xã Tiên Du,21.1573477,106.0138026,126,Unhealthy for Sensitive Groups,2,20.9,96,0.2,11.7,133,1016.6,100,52.6,54.0,552.0,32.4,32.0,21.4
2026-02-07 09:00:00,2026,2,7,9,Bắc Ninh,Xã Tiên Du,21.1573477,106.0138026,127,Unhealthy for Sensitive Groups,2,21.9,90,0.0,11.8,130,1017.3,91,42.8,44.4,554.0,32.1,39.0,24.2
2026-02-07 10:00:00,2026,2,7,10,Bắc Ninh,Xã Tiên Du,21.1573477,106.0138026,128,Unhealthy for Sensitive Groups,2,23.2,78,0.1,13.1,124,1017.5,100,33.1,34.9,540.0,30.0,50.0,25.0
2026-02-07 11:00:00,2026,2,7,11,Bắc Ninh,Xã Tiên Du,21.1573477,106.0138026,127,Unhealthy for Sensitive Groups,2,24.0,73,0.2,14.9,134,1016.9,99,21.5,23.3,498.0,24.5,66.0,22.0
2026-02-07 12:00:00,2026,2,7,12,Bắc Ninh,Xã Tiên Du,21.1573477,106.0138026,126,Unhealthy for Sensitive Groups,2,24.1,72,0.1,16.3,146,1016.1,100,20.2,21.7,440.0,17.2,85.0,17.0
2026-02-07 13:00:00,2026,2,7,13,Bắc Ninh,Xã Tiên Du,21.1573477,106.0138026,124,Unhealthy for Sensitive Groups,2,23.9,72,0.0,15.6,146,1015.1,100,20.2,21.1,398.0,11.9,101.0,13.1
2026-02-07 14:00:00,2026,2,7,14,Bắc Ninh,Xã Tiên Du,21.1573477,106.0138026,122,Unhealthy for Sensitive Groups,2,24.5,67,0.0,14.7,138,1014.0,96,26.8,27.7,383.0,9.6,112.0,11.4
2026-02-07 15:00:00,2026,2,7,15,Bắc Ninh,Xã Tiên Du,21.1573477,106.0138026,120,Unhealthy for Sensitive Groups,2,25.5,61,0.0,13.9,140,1013.3,99,25.1,25.8,385.0,9.2,119.0,10.8
2026-02-07 16:00:00,2026,2,7,16,Bắc Ninh,Xã Tiên Du,21.1573477,106.0138026,118,Unhealthy for Sensitive Groups,2,25.5,60,0.0,14.9,128,1012.9,96,27.3,27.9,397.0,11.4,119.0,11.3
2026-02-07 17:00:00,2026,2,7,17,Bắc Ninh,Xã Tiên Du,21.1573477,106.0138026,116,Unhealthy for Sensitive Groups,2,24.8,61,0.0,14.8,131,1013.7,67,31.3,31.9,418.0,18.0,108.0,13.5
2026-02-07 18:00:00,2026,2,7,18,Bắc Ninh,Xã Tiên Du,21.1573477,106.0138026,115,Unhealthy for Sensitive Groups,2,23.1,68,0.0,13.6,130,1014.4,55,37.8,38.3,451.0,27.2,90.0,16.9
2026-02-07 19:00:00,2026,2,7,19,Bắc Ninh,Xã Tiên Du,21.1573477,106.0138026,112,Unhealthy for Sensitive Groups,2,21.6,78,0.0,11.1,121,1015.4,34,42.5,43.3,498.0,31.9,75.0,18.2
2026-02-07 20:00:00,2026,2,7,20,Bắc Ninh,Xã Tiên Du,21.1573477,106.0138026,111,Unhealthy for Sensitive Groups,2,21.1,81,0.0,12.6,123,1016.2,17,45.8,46.4,578.0,31.4,73.0,19.3
2026-02-07 21:00:00,2026,2,7,21,Bắc Ninh,Xã Tiên Du,21.1573477,106.0138026,111,Unhealthy for Sensitive Groups,2,20.4,84,0.0,12.0,118,1016.9,84,49.6,50.2,672.0,30.5,71.0,20.8
2026-02-07 22:00:00,2026,2,7,22,Bắc Ninh,Xã Tiên Du,21.1573477,106.0138026,112,Unhealthy for Sensitive Groups,2,20.2,85,0.0,10.9,110,1017.2,100,53.3,54.0,733.0,28.9,69.0,21.4
2026-02-07 23:00:00,2026,2,7,23,Bắc Ninh,Xã Tiên Du,21.1573477,106.0138026,114,Unhealthy for Sensitive Groups,2,20.4,84,0.0,8.3,95,1017.3,100,54.9,55.6,729.0,26.1,68.0,20.0
2026-02-08 00:00:00,2026,2,8,0,Bắc Ninh,Xã Tiên Du,21.1573477,106.0138026,115,Unhealthy for Sensitive Groups,2,20.0,91,0.3,5.3,62,1017.8,100,52.6,53.4,692.0,22.6,68.0,17.6
2026-02-08 01:00:00,2026,2,8,1,Bắc Ninh,Xã Tiên Du,21.1573477,106.0138026,117,Unhealthy for Sensitive Groups,2,20.1,94,1.1,7.4,86,1017.7,100,51.5,52.2,668.0,19.0,67.0,16.2
2026-02-08 02:00:00,2026,2,8,2,Bắc Ninh,Xã Tiên Du,21.1573477,106.0138026,117,Unhealthy for Sensitive Groups,2,19.7,94,0.8,10.7,48,1017.6,100,50.3,50.6,678.0,15.0,66.0,16.9
2026-02-08 03:00:00,2026,2,8,3,Bắc Ninh,Xã Tiên Du,21.1573477,106.0138026,117,Unhealthy for Sensitive Groups,2,19.0,88,0.2,15.3,39,1017.9,100,45.3,45.5,703.0,10.8,65.0,18.6
2026-02-08 04:00:00,2026,2,8,4,Bắc Ninh,Xã Tiên Du,21.1573477,106.0138026,116,Unhealthy for Sensitive Groups,2,18.2,81,0.1,18.6,43,1018.1,100,38.6,38.8,728.0,8.2,62.0,20.1
2026-02-08 05:00:00,2026,2,8,5,Bắc Ninh,Xã Tiên Du,21.1573477,106.0138026,115,Unhealthy for Sensitive Groups,2,17.5,78,0.1,20.8,40,1018.9,100,31.7,31.8,757.0,8.1,56.0,21.2
2026-02-08 06:00:00,2026,2,8,6,Bắc Ninh,Xã Tiên Du,21.1573477,106.0138026,112,Unhealthy for Sensitive Groups,2,16.7,79,0.3,22.2,41,1020.3,100,24.7,24.9,787.0,9.6,48.0,22.2
2026-02-08 07:00:00,2026,2,8,7,Bắc Ninh,Xã Tiên Du,21.1573477,106.0138026,109,Unhealthy for Sensitive Groups,2,16.2,90,0.6,23.3,35,1021.0,100,15.8,15.8,796.0,10.4,44.0,21.0
2026-02-08 08:00:00,2026,2,8,8,Bắc Ninh,Xã Tiên Du,21.1573477,106.0138026,105,Unhealthy for Sensitive Groups,2,15.2,86,1.3,25.8,37,1022.1,100,10.9,10.9,766.0,10.7,42.0,21.6
2026-02-08 09:00:00,2026,2,8,9,Bắc Ninh,Xã Tiên Du,21.1573477,106.0138026,100,Moderate,1,14.5,87,0.7,22.8,35,1023.5,100,9.6,9.6,715.0,11.0,39.0,22.3
2026-02-08 10:00:00,2026,2,8,10,Bắc Ninh,Xã Tiên Du,21.1573477,106.0138026,97,Moderate,1,14.1,88,1.0,21.1,26,1024.8,100,8.8,8.8,676.0,11.3,38.0,22.4
2026-02-08 11:00:00,2026,2,8,11,Bắc Ninh,Xã Tiên Du,21.1573477,106.0138026,95,Moderate,1,13.8,89,1.1,19.5,20,1024.7,100,8.8,8.8,663.0,11.4,40.0,21.4
2026-02-08 12:00:00,2026,2,8,12,Bắc Ninh,Xã Tiên Du,21.1573477,106.0138026,94,Moderate,1,13.9,90,0.8,17.3,10,1024.2,100,9.6,9.6,662.0,11.3,43.0,19.8
2026-02-08 13:00:00,2026,2,8,13,Bắc Ninh,Xã Tiên Du,21.1573477,106.0138026,93,Moderate,1,13.6,86,0.8,19.0,12,1023.5,100,9.6,9.8,663.0,11.7,45.0,18.4
2026-02-08 14:00:00,2026,2,8,14,Bắc Ninh,Xã Tiên Du,21.1573477,106.0138026,92,Moderate,1,13.4,90,1.5,18.6,16,1022.9,100,10.7,11.0,661.0,12.7,46.0,17.4
2026-02-08 15:00:00,2026,2,8,15,Bắc Ninh,Xã Tiên Du,21.1573477,106.0138026,91,Moderate,1,12.9,91,0.6,17.8,18,1022.4,100,12.1,12.4,660.0,14.1,46.0,16.6
2026-02-08 16:00:00,2026,2,8,16,Bắc Ninh,Xã Tiên Du,21.1573477,106.0138026,89,Moderate,1,12.6,91,0.6,17.6,23,1022.5,100,14.2,14.6,666.0,15.3,46.0,16.2
2026-02-08 17:00:00,2026,2,8,17,Bắc Ninh,Xã Tiên Du,21.1573477,106.0138026,88,Moderate,1,12.3,91,1.2,15.5,25,1022.9,100,15.8,16.1,684.0,16.3,46.0,16.6
2026-02-08 18:00:00,2026,2,8,18,Bắc Ninh,Xã Tiên Du,21.1573477,106.0138026,87,Moderate,1,12.1,91,0.6,15.1,25,1022.9,100,13.4,13.6,708.0,17.1,45.0,17.5
2026-02-08 19:00:00,2026,2,8,19,Bắc Ninh,Xã Tiên Du,21.1573477,106.0138026,85,Moderate,1,11.9,91,0.6,17.2,26,1023.3,100,18.3,18.3,724.0,15.1,46.0,16.2
2026-02-08 20:00:00,2026,2,8,20,Bắc Ninh,Xã Tiên Du,21.1573477,106.0138026,83,Moderate,1,11.8,92,0.6,14.8,36,1023.6,100,18.2,18.2,729.0,14.2,47.0,16.5
2026-02-08 21:00:00,2026,2,8,21,Bắc Ninh,Xã Tiên Du,21.1573477,106.0138026,80,Moderate,1,11.9,89,0.2,12.9,27,1023.8,100,18.4,18.5,727.0,13.1,48.0,16.9
2026-02-08 22:00:00,2026,2,8,22,Bắc Ninh,Xã Tiên Du,21.1573477,106.0138026,77,Moderate,1,11.8,92,0.7,12.0,14,1024.3,100,18.4,18.5,714.0,12.0,49.0,16.9
2026-02-08 23:00:00,2026,2,8,23,Bắc Ninh,Xã Tiên Du,21.1573477,106.0138026,74,Moderate,1,11.8,92,0.8,12.3,21,1023.9,100,18.0,18.2,682.0,11.2,49.0,16.0
2026-02-09 00:00:00,2026,2,9,0,Bắc Ninh,Xã Tiên Du,21.1573477,106.0138026,71,Moderate,1,11.8,89,0.2,13.6,23,1023.3,100,17.2,17.5,639.0,10.6,49.0,14.8
2026-02-09 01:00:00,2026,2,9,1,Bắc Ninh,Xã Tiên Du,21.1573477,106.0138026,68,Moderate,1,11.9,93,0.4,11.1,7,1023.0,100,17.4,17.7,607.0,10.2,49.0,13.8
2026-02-09 02:00:00,2026,2,9,2,Bắc Ninh,Xã Tiên Du,21.1573477,106.0138026,65,Moderate,1,11.8,93,1.2,10.4,17,1022.0,100,18.2,18.5,591.0,9.9,49.0,13.4
2026-02-09 03:00:00,2026,2,9,3,Bắc Ninh,Xã Tiên Du,21.1573477,106.0138026,62,Moderate,1,11.8,93,0.8,10.2,18,1021.7,100,18.6,19.1,585.0,9.8,48.0,13.3
2026-02-09 04:00:00,2026,2,9,4,Bắc Ninh,Xã Tiên Du,21.1573477,106.0138026,60,Moderate,1,11.7,93,0.5,10.2,23,1021.3,100,19.4,20.0,593.0,10.4,47.0,13.6
2026-02-09 05:00:00,2026,2,9,5,Bắc Ninh,Xã Tiên Du,21.1573477,106.0138026,58,Moderate,1,11.6,93,0.5,9.6,12,1021.2,100,20.7,21.2,627.0,12.5,44.0,14.3
2026-02-09 06:00:00,2026,2,9,6,Bắc Ninh,Xã Tiên Du,21.1573477,106.0138026,57,Moderate,1,11.7,93,0.6,8.9,9,1021.6,100,22.2,22.9,675.0,15.3,40.0,15.5
2026-02-09 07:00:00,2026,2,9,7,Bắc Ninh,Xã Tiên Du,21.1573477,106.0138026,57,Moderate,1,11.6,92,0.3,10.0,14,1021.9,100,19.8,20.3,710.0,15.8,39.0,15.3
2026-02-09 08:00:00,2026,2,9,8,Bắc Ninh,Xã Tiên Du,21.1573477,106.0138026,57,Moderate,1,11.9,94,0.4,9.2,356,1022.6,100,22.1,22.6,721.0,17.2,39.0,17.1
2026-02-09 09:00:00,2026,2,9,9,Bắc Ninh,Xã Tiên Du,21.1573477,106.0138026,58,Moderate,1,12.2,93,1.0,8.8,358,1023.4,100,24.3,24.9,719.0,19.0,39.0,19.7
2026-02-09 10:00:00,2026,2,9,10,Bắc Ninh,Xã Tiên Du,21.1573477,106.0138026,59,Moderate,1,12.6,92,1.0,6.1,355,1023.3,100,26.2,26.9,708.0,20.4,40.0,22.5
2026-02-09 11:00:00,2026,2,9,11,Bắc Ninh,Xã Tiên Du,21.1573477,106.0138026,61,Moderate,1,14.6,82,0.2,6.0,353,1022.2,100,28.1,28.8,683.0,20.7,43.0,25.4
2026-02-09 12:00:00,2026,2,9,12,Bắc Ninh,Xã Tiên Du,21.1573477,106.0138026,63,Moderate,1,15.3,77,0.0,6.9,354,1020.7,100,30.0,30.9,649.0,20.5,47.0,28.5
2026-02-09 13:00:00,2026,2,9,13,Bắc Ninh,Xã Tiên Du,21.1573477,106.0138026,64,Moderate,1,14.6,80,0.0,7.3,350,1019.8,100,33.5,34.5,621.0,20.7,50.0,31.0
2026-02-09 14:00:00,2026,2,9,14,Bắc Ninh,Xã Tiên Du,21.1573477,106.0138026,67,Moderate,1,15.2,76,0.0,5.2,6,1018.7,100,36.9,38.0,587.0,20.2,54.0,32.0
2026-02-09 15:00:00,2026,2,9,15,Bắc Ninh,Xã Tiên Du,21.1573477,106.0138026,69,Moderate,1,15.6,75,0.0,4.4,30,1018.0,100,39.0,40.2,559.0,20.1,57.0,32.5
2026-02-09 16:00:00,2026,2,9,16,Bắc Ninh,Xã Tiên Du,21.1573477,106.0138026,71,Moderate,1,16.3,72,0.0,4.7,67,1017.5,69,41.1,42.3,591.0,24.1,55.0,34.2
2026-02-09 17:00:00,2026,2,9,17,Bắc Ninh,Xã Tiên Du,21.1573477,106.0138026,74,Moderate,1,16.3,72,0.0,4.2,80,1017.4,88,43.3,44.6,745.0,36.1,41.0,38.1
2026-02-09 18:00:00,2026,2,9,18,Bắc Ninh,Xã Tiên Du,21.1573477,106.0138026,76,Moderate,1,14.9,81,0.0,3.3,61,1017.4,20,55.3,56.5,960.0,52.1,22.0,43.3
2026-02-09 19:00:00,2026,2,9,19,Bắc Ninh,Xã Tiên Du,21.1573477,106.0138026,80,Moderate,1,13.9,84,0.0,2.8,72,1018.1,100,57.4,58.4,1105.0,48.6,17.0,43.2
2026-02-09 20:00:00,2026,2,9,20,Bắc Ninh,Xã Tiên Du,21.1573477,106.0138026,83,Moderate,1,14.1,83,0.0,6.0,69,1018.8,100,71.5,72.6,1109.0,52.7,12.0,50.0
2026-02-09 21:00:00,2026,2,9,21,Bắc Ninh,Xã Tiên Du,21.1573477,106.0138026,88,Moderate,1,13.7,86,0.0,4.5,56,1018.9,98,84.1,85.2,1045.0,58.3,5.0,59.2
2026-02-09 22:00:00,2026,2,9,22,Bắc Ninh,Xã Tiên Du,21.1573477,106.0138026,94,Moderate,1,13.1,90,0.0,3.7,43,1018.8,100,99.9,100.8,996.0,62.0,0.0,64.7
2026-02-09 23:00:00,2026,2,9,23,Bắc Ninh,Xã Tiên Du,21.1573477,106.0138026,101,Unhealthy for Sensitive Groups,2,13.8,87,0.0,3.6,354,1018.6,100,113.6,114.8,1002.0,62.0,0.0,63.2
2026-02-10 00:00:00,2026,2,10,0,Bắc Ninh,Xã Tiên Du,21.1573477,106.0138026,111,Unhealthy for Sensitive Groups,2,13.9,86,0.0,3.8,343,1018.3,100,117.3,118.5,1023.0,60.0,0.0,58.1
2026-02-10 01:00:00,2026,2,10,1,Bắc Ninh,Xã Tiên Du,21.1573477,106.0138026,122,Unhealthy for Sensitive Groups,2,14.1,88,0.0,4.0,357,1018.2,100,95.5,96.4,1032.0,58.0,0.0,53.5
2026-02-10 02:00:00,2026,2,10,2,Bắc Ninh,Xã Tiên Du,21.1573477,106.0138026,130,Unhealthy for Sensitive Groups,2,14.1,88,0.0,3.9,344,1017.8,100,86.6,87.3,1010.0,56.6,0.0,50.6
2026-02-10 03:00:00,2026,2,10,3,Bắc Ninh,Xã Tiên Du,21.1573477,106.0138026,137,Unhealthy for Sensitive Groups,2,14.2,88,0.0,4.0,339,1017.4,100,82.0,82.9,976.0,55.1,1.0,48.1
2026-02-10 04:00:00,2026,2,10,4,Bắc Ninh,Xã Tiên Du,21.1573477,106.0138026,144,Unhealthy for Sensitive Groups,2,14.3,88,0.0,4.3,343,1017.2,100,78.5,79.2,950.0,53.6,1.0,46.9
2026-02-10 05:00:00,2026,2,10,5,Bắc Ninh,Xã Tiên Du,21.1573477,106.0138026,150,Unhealthy for Sensitive Groups,2,14.3,88,0.0,4.4,333,1017.5,100,77.1,78.0,945.0,52.2,1.0,47.1
2026-02-10 06:00:00,2026,2,10,6,Bắc Ninh,Xã Tiên Du,21.1573477,106.0138026,151,Unhealthy,3,14.4,88,0.0,4.8,312,1018.0,100,76.8,77.5,949.0,50.7,1.0,48.6
2026-02-10 07:00:00,2026,2,10,7,Bắc Ninh,Xã Tiên Du,21.1573477,106.0138026,152,Unhealthy,3,14.3,87,0.0,4.1,311,1018.9,100,73.8,74.5,951.0,45.6,4.0,45.4
2026-02-10 08:00:00,2026,2,10,8,Bắc Ninh,Xã Tiên Du,21.1573477,106.0138026,154,Unhealthy,3,14.8,86,0.0,3.2,289,1019.5,100,73.6,74.0,954.0,43.5,8.0,50.8
2026-02-10 09:00:00,2026,2,10,9,Bắc Ninh,Xã Tiên Du,21.1573477,106.0138026,155,Unhealthy,3,15.7,82,0.0,4.4,289,1020.0,100,69.4,70.1,955.0,40.5,14.0,58.1
2026-02-10 10:00:00,2026,2,10,10,Bắc Ninh,Xã Tiên Du,21.1573477,106.0138026,156,Unhealthy,3,16.9,79,0.0,4.0,288,1020.0,100,67.8,68.9,938.0,37.0,24.0,61.5
2026-02-10 11:00:00,2026,2,10,11,Bắc Ninh,Xã Tiên Du,21.1573477,106.0138026,157,Unhealthy,3,18.1,76,0.0,3.2,297,1019.4,100,67.3,68.2,887.0,32.5,40.0,57.5
2026-02-10 12:00:00,2026,2,10,12,Bắc Ninh,Xã Tiên Du,21.1573477,106.0138026,157,Unhealthy,3,19.6,72,0.0,1.4,320,1018.3,100,61.9,63.1,817.0,27.6,60.0,49.7
2026-02-10 13:00:00,2026,2,10,13,Bắc Ninh,Xã Tiên Du,21.1573477,106.0138026,158,Unhealthy,3,19.7,73,0.0,1.9,17,1017.3,100,48.3,49.4,756.0,24.7,75.0,43.5
2026-02-10 14:00:00,2026,2,10,14,Bắc Ninh,Xã Tiên Du,21.1573477,106.0138026,158,Unhealthy,3,21.3,69,0.0,2.3,135,1016.2,70,47.7,48.9,700.0,24.2,83.0,41.1
2026-02-10 15:00:00,2026,2,10,15,Bắc Ninh,Xã Tiên Du,21.1573477,106.0138026,159,Unhealthy,3,22.5,65,0.0,9.9,182,1015.5,100,49.7,50.8,654.0,25.7,85.0,40.4
2026-02-10 16:00:00,2026,2,10,16,Bắc Ninh,Xã Tiên Du,21.1573477,106.0138026,159,Unhealthy,3,22.0,67,0.0,6.5,193,1015.6,100,52.7,53.8,655.0,30.4,81.0,40.5
2026-02-10 17:00:00,2026,2,10,17,Bắc Ninh,Xã Tiên Du,21.1573477,106.0138026,159,Unhealthy,3,22.0,68,0.0,2.5,94,1015.6,24,60.1,61.0,748.0,41.4,65.0,41.6
2026-02-10 18:00:00,2026,2,10,18,Bắc Ninh,Xã Tiên Du,21.1573477,106.0138026,160,Unhealthy,3,20.1,78,0.0,5.5,67,1016.0,13,80.3,81.3,889.0,55.7,43.0,43.5
2026-02-10 19:00:00,2026,2,10,19,Bắc Ninh,Xã Tiên Du,21.1573477,106.0138026,160,Unhealthy,3,19.2,84,0.0,8.1,62,1016.9,88,113.4,115.0,983.0,74.0,16.0,55.0
2026-02-10 20:00:00,2026,2,10,20,Bắc Ninh,Xã Tiên Du,21.1573477,106.0138026,161,Unhealthy,3,18.9,85,0.0,7.3,62,1017.9,100,116.6,118.0,979.0,68.9,16.0,52.2
2026-02-10 21:00:00,2026,2,10,21,Bắc Ninh,Xã Tiên Du,21.1573477,106.0138026,162,Unhealthy,3,19.4,83,0.0,7.6,62,1018.7,100,112.5,114.1,929.0,61.9,17.0,48.2
2026-02-10 22:00:00,2026,2,10,22,Bắc Ninh,Xã Tiên Du,21.1573477,106.0138026,163,Unhealthy,3,19.1,85,0.0,7.0,48,1019.0,84,112.2,113.6,892.0,56.6,16.0,44.6
2026-02-10 23:00:00,2026,2,10,23,Bắc Ninh,Xã Tiên Du,21.1573477,106.0138026,163,Unhealthy,3,18.8,88,0.0,4.9,39,1018.8,92,114.8,116.2,905.0,55.0,12.0,42.3
2026-02-11 00:00:00,2026,2,11,0,Bắc Ninh,Xã Tiên Du,21.1573477,106.0138026,163,Unhealthy,3,18.3,92,0.0,3.6,30,1019.0,71,117.8,119.2,931.0,55.1,8.0,40.3
2026-02-11 01:00:00,2026,2,11,1,Bắc Ninh,Xã Tiên Du,21.1573477,106.0138026,163,Unhealthy,3,18.0,94,0.0,4.3,42,1019.3,100,121.1,122.5,915.0,54.4,4.0,37.9
2026-02-11 02:00:00,2026,2,11,2,Bắc Ninh,Xã Tiên Du,21.1573477,106.0138026,164,Unhealthy,3,18.0,94,0.0,3.6,63,1018.9,100,123.4,124.3,811.0,51.8,3.0,34.2
2026-02-11 03:00:00,2026,2,11,3,Bắc Ninh,Xã Tiên Du,21.1573477,106.0138026,165,Unhealthy,3,18.1,94,0.0,3.1,62,1018.8,100,121.5,122.5,665.0,48.4,3.0,30.0
2026-02-11 04:00:00,2026,2,11,4,Bắc Ninh,Xã Tiên Du,21.1573477,106.0138026,165,Unhealthy,3,18.2,95,0.0,2.1,38,1019.0,100,115.9,117.1,558.0,44.9,3.0,26.6
2026-02-11 05:00:00,2026,2,11,5,Bắc Ninh,Xã Tiên Du,21.1573477,106.0138026,166,Unhealthy,3,18.4,94,0.0,3.8,25,1019.2,100,106.6,107.8,531.0,41.8,3.0,24.7
2026-02-11 06:00:00,2026,2,11,6,Bắc Ninh,Xã Tiên Du,21.1573477,106.0138026,167,Unhealthy,3,18.2,95,0.2,9.9,48,1020.0,100,94.5,95.7,543.0,38.7,4.0,23.7
2026-02-11 07:00:00,2026,2,11,7,Bắc Ninh,Xã Tiên Du,21.1573477,106.0138026,167,Unhealthy,3,17.2,91,0.3,12.1,40,1021.1,100,66.1,66.8,552.0,29.5,12.0,23.1
2026-02-11 08:00:00,2026,2,11,8,Bắc Ninh,Xã Tiên Du,21.1573477,106.0138026,167,Unhealthy,3,17.0,89,0.1,13.8,32,1021.7,100,42.6,42.8,545.0,24.4,17.0,21.8
2026-02-11 09:00:00,2026,2,11,9,Bắc Ninh,Xã Tiên Du,21.1573477,106.0138026,166,Unhealthy,3,17.0,86,0.1,12.7,32,1022.5,100,20.6,20.7,536.0,17.4,23.0,20.2
2026-02-11 10:00:00,2026,2,11,10,Bắc Ninh,Xã Tiên Du,21.1573477,106.0138026,165,Unhealthy,3,17.5,82,0.1,11.5,23,1023.0,100,12.8,12.9,524.0,12.5,30.0,19.4
2026-02-11 11:00:00,2026,2,11,11,Bắc Ninh,Xã Tiên Du,21.1573477,106.0138026,164,Unhealthy,3,18.1,78,0.0,11.4,19,1022.2,100,11.8,11.9,507.0,11.5,37.0,20.2
2026-02-11 12:00:00,2026,2,11,12,Bắc Ninh,Xã Tiên Du,21.1573477,106.0138026,163,Unhealthy,3,19.0,74,0.0,11.2,26,1020.8,100,12.6,12.7,487.0,12.5,43.0,21.9
2026-02-11 13:00:00,2026,2,11,13,Bắc Ninh,Xã Tiên Du,21.1573477,106.0138026,162,Unhealthy,3,19.2,74,0.0,12.1,23,1019.9,100,13.0,13.1,470.0,14.0,48.0,23.7
2026-02-11 14:00:00,2026,2,11,14,Bắc Ninh,Xã Tiên Du,21.1573477,106.0138026,161,Unhealthy,3,19.7,72,0.0,11.2,26,1018.9,100,14.1,14.3,436.0,14.2,52.0,24.8
2026-02-11 15:00:00,2026,2,11,15,Bắc Ninh,Xã Tiên Du,21.1573477,106.0138026,160,Unhealthy,3,19.7,72,0.0,9.8,31,1018.1,100,15.4,15.6,404.0,14.8,55.0,25.9
2026-02-11 16:00:00,2026,2,11,16,Bắc Ninh,Xã Tiên Du,21.1573477,106.0138026,160,Unhealthy,3,20.0,70,0.0,8.8,28,1017.7,100,17.3,17.6,441.0,19.2,52.0,28.6
2026-02-11 17:00:00,2026,2,11,17,Bắc Ninh,Xã Tiên Du,21.1573477,106.0138026,159,Unhealthy,3,19.9,71,0.0,8.3,24,1017.6,100,21.4,21.7,593.0,31.4,39.0,34.3
2026-02-11 18:00:00,2026,2,11,18,Bắc Ninh,Xã Tiên Du,21.1573477,106.0138026,158,Unhealthy,3,19.5,74,0.0,3.8,17,1017.6,100,38.1,38.4,814.0,47.4,22.0,41.5
2026-02-11 19:00:00,2026,2,11,19,Bắc Ninh,Xã Tiên Du,21.1573477,106.0138026,157,Unhealthy,3,18.5,81,0.0,4.1,13,1017.8,99,31.2,31.2,1024.0,36.7,16.0,30.2
2026-02-11 20:00:00,2026,2,11,20,Bắc Ninh,Xã Tiên Du,21.1573477,106.0138026,155,Unhealthy,3,18.1,84,0.0,3.0,346,1018.1,99,33.4,33.5,1234.0,34.9,17.0,29.7
2026-02-11 21:00:00,2026,2,11,21,Bắc Ninh,Xã Tiên Du,21.1573477,106.0138026,153,Unhealthy,3,18.0,85,0.0,3.8,341,1018.4,100,33.8,33.9,1433.0,32.4,18.0,29.1
2026-02-11 22:00:00,2026,2,11,22,Bắc Ninh,Xã Tiên Du,21.1573477,106.0138026,152,Unhealthy,3,17.7,86,0.0,4.5,358,1018.4,100,34.6,34.6,1516.0,30.4,19.0,28.0
2026-02-11 23:00:00,2026,2,11,23,Bắc Ninh,Xã Tiên Du,21.1573477,106.0138026,150,Unhealthy for Sensitive Groups,2,17.7,84,0.0,4.6,11,1018.7,100,33.6,33.8,1407.0,29.4,19.0,26.3
2026-02-12 00:00:00,2026,2,12,0,Bắc Ninh,Xã Tiên Du,21.1573477,106.0138026,142,Unhealthy for Sensitive Groups,2,17.7,84,0.0,4.8,59,1018.5,100,34.1,34.1,1180.0,28.8,17.0,24.3
2026-02-12 01:00:00,2026,2,12,1,Bắc Ninh,Xã Tiên Du,21.1573477,106.0138026,133,Unhealthy for Sensitive Groups,2,17.3,86,0.0,4.8,29,1018.3,100,36.8,36.9,958.0,28.5,16.0,22.6
2026-02-12 02:00:00,2026,2,12,2,Bắc Ninh,Xã Tiên Du,21.1573477,106.0138026,124,Unhealthy for Sensitive Groups,2,17.3,86,0.0,4.6,39,1017.7,100,42.8,43.0,756.0,28.3,14.0,21.2
2026-02-12 03:00:00,2026,2,12,3,Bắc Ninh,Xã Tiên Du,21.1573477,106.0138026,116,Unhealthy for Sensitive Groups,2,17.2,87,0.0,4.6,48,1017.2,100,46.2,46.3,558.0,28.4,12.0,20.1
2026-02-12 04:00:00,2026,2,12,4,Bắc Ninh,Xã Tiên Du,21.1573477,106.0138026,108,Unhealthy for Sensitive Groups,2,17.2,89,0.1,5.9,79,1017.0,100,50.8,51.1,434.0,28.7,10.0,19.6
2026-02-12 05:00:00,2026,2,12,5,Bắc Ninh,Xã Tiên Du,21.1573477,106.0138026,101,Unhealthy for Sensitive Groups,2,17.2,92,0.0,5.3,82,1016.9,100,52.4,52.7,440.0,29.6,7.0,19.9
2026-02-12 06:00:00,2026,2,12,6,Bắc Ninh,Xã Tiên Du,21.1573477,106.0138026,96,Moderate,1,17.4,92,0.0,5.6,75,1017.3,100,53.6,53.8,520.0,30.8,3.0,20.8
2026-02-12 07:00:00,2026,2,12,7,Bắc Ninh,Xã Tiên Du,21.1573477,106.0138026,93,Moderate,1,17.3,94,0.1,1.7,58,1018.5,100,51.6,51.8,581.0,31.1,7.0,22.1
2026-02-12 08:00:00,2026,2,12,8,Bắc Ninh,Xã Tiên Du,21.1573477,106.0138026,91,Moderate,1,17.8,92,0.1,2.3,67,1019.1,100,49.2,49.5,588.0,30.2,15.0,23.4
2026-02-12 09:00:00,2026,2,12,9,Bắc Ninh,Xã Tiên Du,21.1573477,106.0138026,92,Moderate,1,18.3,90,0.0,2.8,79,1019.5,100,47.0,47.4,575.0,28.9,27.0,25.2
2026-02-12 10:00:00,2026,2,12,10,Bắc Ninh,Xã Tiên Du,21.1573477,106.0138026,94,Moderate,1,19.5,82,0.0,8.2,122,1019.8,100,47.0,47.6,552.0,27.2,39.0,25.9
2026-02-12 11:00:00,2026,2,12,11,Bắc Ninh,Xã Tiên Du,21.1573477,106.0138026,97,Moderate,1,21.1,76,0.0,7.4,137,1018.8,100,47.4,48.3,515.0,24.7,52.0,24.7
2026-02-12 12:00:00,2026,2,12,12,Bắc Ninh,Xã Tiên Du,21.1573477,106.0138026,101,Unhealthy for Sensitive Groups,2,22.0,75,0.0,11.8,168,1017.6,100,46.3,47.6,467.0,21.9,67.0,22.5
2026-02-12 13:00:00,2026,2,12,13,Bắc Ninh,Xã Tiên Du,21.1573477,106.0138026,104,Unhealthy for Sensitive Groups,2,22.8,72,0.1,10.3,193,1016.4,100,40.7,42.0,426.0,19.8,77.0,20.8
2026-02-12 14:00:00,2026,2,12,14,Bắc Ninh,Xã Tiên Du,21.1573477,106.0138026,107,Unhealthy for Sensitive Groups,2,23.5,70,0.1,11.5,178,1015.5,100,37.8,39.1,395.0,18.7,82.0,20.2
2026-02-12 15:00:00,2026,2,12,15,Bắc Ninh,Xã Tiên Du,21.1573477,106.0138026,109,Unhealthy for Sensitive Groups,2,23.3,72,0.1,13.4,169,1014.7,98,36.0,37.1,372.0,18.4,83.0,20.1
2026-02-12 16:00:00,2026,2,12,16,Bắc Ninh,Xã Tiên Du,21.1573477,106.0138026,112,Unhealthy for Sensitive Groups,2,23.0,73,0.0,14.1,167,1014.3,100,37.7,39.0,364.0,19.7,81.0,20.1
2026-02-12 17:00:00,2026,2,12,17,Bắc Ninh,Xã Tiên Du,21.1573477,106.0138026,114,Unhealthy for Sensitive Groups,2,22.9,74,0.0,11.7,149,1014.1,100,48.2,49.6,381.0,24.1,74.0,20.2
2026-02-12 18:00:00,2026,2,12,18,Bắc Ninh,Xã Tiên Du,21.1573477,106.0138026,116,Unhealthy for Sensitive Groups,2,22.0,77,0.0,13.9,137,1014.6,100,52.3,53.7,414.0,30.1,63.0,20.5
2026-02-12 19:00:00,2026,2,12,19,Bắc Ninh,Xã Tiên Du,21.1573477,106.0138026,118,Unhealthy for Sensitive Groups,2,20.5,86,0.0,12.5,130,1015.0,100,50.2,51.5,444.0,40.7,40.0,20.3
2026-02-12 20:00:00,2026,2,12,20,Bắc Ninh,Xã Tiên Du,21.1573477,106.0138026,120,Unhealthy for Sensitive Groups,2,19.5,92,0.0,11.8,133,1015.5,29,48.3,49.4,467.0,38.4,42.0,20.2
2026-02-12 21:00:00,2026,2,12,21,Bắc Ninh,Xã Tiên Du,21.1573477,106.0138026,122,Unhealthy for Sensitive Groups,2,18.8,96,0.0,9.6,137,1015.8,19,45.5,46.6,486.0,35.2,44.0,20.1
2026-02-12 22:00:00,2026,2,12,22,Bắc Ninh,Xã Tiên Du,21.1573477,106.0138026,123,Unhealthy for Sensitive Groups,2,18.3,98,0.0,9.2,141,1015.8,16,44.9,46.0,493.0,32.3,46.0,19.8
2026-02-12 23:00:00,2026,2,12,23,Bắc Ninh,Xã Tiên Du,21.1573477,106.0138026,124,Unhealthy for Sensitive Groups,2,18.0,98,0.0,9.1,148,1015.7,63,44.4,45.3,480.0,30.2,47.0,19.2
2026-02-13 00:00:00,2026,2,13,0,Bắc Ninh,Xã Tiên Du,21.1573477,106.0138026,125,Unhealthy for Sensitive Groups,2,18.0,99,0.0,7.5,140,1015.2,100,43.4,44.6,454.0,28.4,46.0,18.5
2026-02-13 01:00:00,2026,2,13,1,Bắc Ninh,Xã Tiên Du,21.1573477,106.0138026,126,Unhealthy for Sensitive Groups,2,18.9,98,0.0,8.7,117,1014.8,100,45.3,46.3,427.0,26.6,46.0,17.6
2026-02-13 02:00:00,2026,2,13,2,Bắc Ninh,Xã Tiên Du,21.1573477,106.0138026,127,Unhealthy for Sensitive Groups,2,19.0,98,0.0,8.6,121,1014.4,100,48.8,49.8,393.0,24.4,45.0,16.3
2026-02-13 03:00:00,2026,2,13,3,Bắc Ninh,Xã Tiên Du,21.1573477,106.0138026,127,Unhealthy for Sensitive Groups,2,19.3,98,0.0,8.9,118,1013.9,100,51.6,52.6,358.0,22.3,44.0,14.8
2026-02-13 04:00:00,2026,2,13,4,Bắc Ninh,Xã Tiên Du,21.1573477,106.0138026,128,Unhealthy for Sensitive Groups,2,19.6,97,0.1,12.5,122,1014.0,100,52.0,53.2,345.0,21.3,43.0,14.0
2026-02-13 05:00:00,2026,2,13,5,Bắc Ninh,Xã Tiên Du,21.1573477,106.0138026,128,Unhealthy for Sensitive Groups,2,19.9,96,0.0,17.1,127,1014.2,100,50.6,51.8,379.0,22.5,41.0,14.4
2026-02-13 06:00:00,2026,2,13,6,Bắc Ninh,Xã Tiên Du,21.1573477,106.0138026,128,Unhealthy for Sensitive Groups,2,20.0,96,0.0,14.0,133,1014.8,100,48.7,49.7,436.0,24.8,40.0,15.4
2026-02-13 07:00:00,2026,2,13,7,Bắc Ninh,Xã Tiên Du,21.1573477,106.0138026,127,Unhealthy for Sensitive Groups,2,19.7,97,0.0,10.4,124,1015.5,100,50.4,52.3,465.0,24.9,44.0,15.9
2026-02-13 08:00:00,2026,2,13,8,Bắc Ninh,Xã Tiên Du,21.1573477,106.0138026,127,Unhealthy for Sensitive Groups,2,20.1,95,0.0,11.3,127,1016.2,100,43.2,45.6,436.0,23.3,51.0,17.0
2026-02-13 09:00:00,2026,2,13,9,Bắc Ninh,Xã Tiên Du,21.1573477,106.0138026,127,Unhealthy for Sensitive Groups,2,21.0,92,0.0,12.8,141,1016.9,100,34.9,37.7,378.0,21.1,60.0,18.6
2026-02-13 10:00:00,2026,2,13,10,Bắc Ninh,Xã Tiên Du,21.1573477,106.0138026,125,Unhealthy for Sensitive Groups,2,23.0,78,0.1,14.0,164,1017.3,100,31.7,34.5,333.0,19.0,69.0,19.6
2026-02-13 11:00:00,2026,2,13,11,Bắc Ninh,Xã Tiên Du,21.1573477,106.0138026,124,Unhealthy for Sensitive Groups,2,24.6,68,0.0,13.5,170,1016.3,87,29.0,32.1,316.0,17.0,78.0,19.5
2026-02-13 12:00:00,2026,2,13,12,Bắc Ninh,Xã Tiên Du,21.1573477,106.0138026,122,Unhealthy for Sensitive Groups,2,25.5,64,0.0,14.1,170,1014.8,100,28.8,32.1,312.0,15.1,86.0,18.9
2026-02-13 13:00:00,2026,2,13,13,Bắc Ninh,Xã Tiên Du,21.1573477,106.0138026,120,Unhealthy for Sensitive Groups,2,24.9,66,0.0,13.4,160,1014.2,100,29.2,32.6,310.0,13.8,92.0,18.4
2026-02-13 14:00:00,2026,2,13,14,Bắc Ninh,Xã Tiên Du,21.1573477,106.0138026,119,Unhealthy for Sensitive Groups,2,25.3,64,0.0,12.6,161,1013.3,100,28.7,31.9,305.0,13.2,95.0,18.2
2026-02-13 15:00:00,2026,2,13,15,Bắc Ninh,Xã Tiên Du,21.1573477,106.0138026,118,Unhealthy for Sensitive Groups,2,25.3,64,0.0,14.3,153,1012.5,100,27.8,30.6,302.0,13.3,96.0,18.0
2026-02-13 16:00:00,2026,2,13,16,Bắc Ninh,Xã Tiên Du,21.1573477,106.0138026,117,Unhealthy for Sensitive Groups,2,24.9,67,0.0,13.5,149,1012.3,100,26.4,29.0,312.0,14.4,94.0,17.8
2026-02-13 17:00:00,2026,2,13,17,Bắc Ninh,Xã Tiên Du,21.1573477,106.0138026,116,Unhealthy for Sensitive Groups,2,24.8,66,0.0,11.6,143,1012.2,100,25.6,27.6,347.0,17.3,87.0,17.4
2026-02-13 18:00:00,2026,2,13,18,Bắc Ninh,Xã Tiên Du,21.1573477,106.0138026,114,Unhealthy for Sensitive Groups,2,23.9,68,0.0,12.8,148,1012.7,51,25.8,27.6,395.0,21.3,77.0,16.9
2026-02-13 19:00:00,2026,2,13,19,Bắc Ninh,Xã Tiên Du,21.1573477,106.0138026,111,Unhealthy for Sensitive Groups,2,22.2,77,0.0,13.8,149,1013.1,10,28.6,30.4,427.0,26.7,68.0,17.7
2026-02-13 20:00:00,2026,2,13,20,Bắc Ninh,Xã Tiên Du,21.1573477,106.0138026,108,Unhealthy for Sensitive Groups,2,21.8,79,0.0,14.8,147,1014.2,3,25.8,27.5,428.0,26.0,66.0,17.8
2026-02-13 21:00:00,2026,2,13,21,Bắc Ninh,Xã Tiên Du,21.1573477,106.0138026,106,Unhealthy for Sensitive Groups,2,20.8,89,0.0,13.9,144,1015.1,10,27.6,29.8,412.0,24.9,62.0,17.8
2026-02-13 22:00:00,2026,2,13,22,Bắc Ninh,Xã Tiên Du,21.1573477,106.0138026,104,Unhealthy for Sensitive Groups,2,20.1,96,0.0,13.6,144,1015.6,55,34.7,36.9,399.0,24.0,58.0,17.3
2026-02-13 23:00:00,2026,2,13,23,Bắc Ninh,Xã Tiên Du,21.1573477,106.0138026,103,Unhealthy for Sensitive Groups,2,20.2,97,0.0,12.6,147,1015.7,100,43.1,45.5,394.0,23.4,53.0,15.9
2026-02-14 00:00:00,2026,2,14,0,Bắc Ninh,Xã Tiên Du,21.1573477,106.0138026,103,Unhealthy for Sensitive Groups,2,20.2,97,0.0,9.9,142,1015.7,54,53.2,54.9,392.0,23.0,46.0,14.1
2026-02-14 01:00:00,2026,2,14,1,Bắc Ninh,Xã Tiên Du,21.1573477,106.0138026,104,Unhealthy for Sensitive Groups,2,20.8,97,0.0,10.5,143,1015.4,63,59.8,61.7,388.0,22.6,41.0,12.6
2026-02-14 02:00:00,2026,2,14,2,Bắc Ninh,Xã Tiên Du,21.1573477,106.0138026,106,Unhealthy for Sensitive Groups,2,20.2,98,0.0,9.8,131,1014.8,90,64.3,66.1,375.0,21.8,37.0,11.8
2026-02-14 03:00:00,2026,2,14,3,Bắc Ninh,Xã Tiên Du,21.1573477,106.0138026,107,Unhealthy for Sensitive Groups,2,20.2,98,0.0,10.1,123,1014.3,100,67.3,68.9,361.0,20.9,34.0,11.4
2026-02-14 04:00:00,2026,2,14,4,Bắc Ninh,Xã Tiên Du,21.1573477,106.0138026,109,Unhealthy for Sensitive Groups,2,20.0,98,0.0,10.3,126,1014.3,100,68.9,70.3,367.0,20.9,31.0,11.4
2026-02-14 05:00:00,2026,2,14,5,Bắc Ninh,Xã Tiên Du,21.1573477,106.0138026,111,Unhealthy for Sensitive Groups,2,19.7,99,0.0,10.6,122,1014.2,100,68.2,69.6,418.0,22.6,25.0,11.7
2026-02-14 06:00:00,2026,2,14,6,Bắc Ninh,Xã Tiên Du,21.1573477,106.0138026,112,Unhealthy for Sensitive Groups,2,19.6,99,0.0,10.1,121,1014.9,100,63.8,65.0,489.0,25.0,18.0,12.5
2026-02-14 07:00:00,2026,2,14,7,Bắc Ninh,Xã Tiên Du,21.1573477,106.0138026,114,Unhealthy for Sensitive Groups,2,19.7,96,0.0,9.1,111,1015.8,100,67.3,68.2,521.0,25.3,19.0,12.6
2026-02-14 08:00:00,2026,2,14,8,Bắc Ninh,Xã Tiên Du,21.1573477,106.0138026,116,Unhealthy for Sensitive Groups,2,20.7,91,0.0,10.0,120,1016.2,100,56.6,58.2,475.0,23.4,30.0,15.5
2026-02-14 09:00:00,2026,2,14,9,Bắc Ninh,Xã Tiên Du,21.1573477,106.0138026,117,Unhealthy for Sensitive Groups,2,22.1,82,0.0,9.8,144,1016.8,48,47.7,49.5,389.0,20.7,45.0,19.5
2026-02-14 10:00:00,2026,2,14,10,Bắc Ninh,Xã Tiên Du,21.1573477,106.0138026,119,Unhealthy for Sensitive Groups,2,24.0,70,0.1,10.8,169,1016.4,72,41.6,43.4,326.0,18.4,60.0,22.5
2026-02-14 11:00:00,2026,2,14,11,Bắc Ninh,Xã Tiên Du,21.1573477,106.0138026,120,Unhealthy for Sensitive Groups,2,25.6,61,0.1,11.5,182,1015.7,99,36.9,38.9,312.0,16.8,72.0,23.7
2026-02-14 12:00:00,2026,2,14,12,Bắc Ninh,Xã Tiên Du,21.1573477,106.0138026,120,Unhealthy for Sensitive Groups,2,25.7,61,0.0,12.1,187,1014.5,100,36.7,38.6,320.0,15.5,84.0,24.0
2026-02-14 13:00:00,2026,2,14,13,Bắc Ninh,Xã Tiên Du,21.1573477,106.0138026,121,Unhealthy for Sensitive Groups,2,25.5,60,0.0,11.8,192,1013.7,100,36.9,38.8,328.0,14.6,93.0,24.0
2026-02-14 14:00:00,2026,2,14,14,Bắc Ninh,Xã Tiên Du,21.1573477,106.0138026,122,Unhealthy for Sensitive Groups,2,26.1,59,0.0,13.0,182,1012.7,100,36.7,38.4,325.0,13.9,99.0,24.0
2026-02-14 15:00:00,2026,2,14,15,Bắc Ninh,Xã Tiên Du,21.1573477,106.0138026,123,Unhealthy for Sensitive Groups,2,26.1,59,0.0,13.3,179,1011.6,100,36.6,38.1,323.0,13.6,103.0,23.7
2026-02-14 16:00:00,2026,2,14,16,Bắc Ninh,Xã Tiên Du,21.1573477,106.0138026,124,Unhealthy for Sensitive Groups,2,26.4,58,0.0,13.2,176,1011.3,98,35.4,36.9,328.0,14.8,102.0,23.2
2026-02-14 17:00:00,2026,2,14,17,Bắc Ninh,Xã Tiên Du,21.1573477,106.0138026,125,Unhealthy for Sensitive Groups,2,24.9,67,0.0,17.7,135,1011.7,90,34.1,35.4,349.0,18.8,93.0,22.3
2026-02-14 18:00:00,2026,2,14,18,Bắc Ninh,Xã Tiên Du,21.1573477,106.0138026,126,Unhealthy for Sensitive Groups,2,23.3,74,0.0,16.3,125,1012.2,20,34.7,35.6,377.0,24.2,79.0,21.2
2026-02-14 19:00:00,2026,2,14,19,Bắc Ninh,Xã Tiên Du,21.1573477,106.0138026,127,Unhealthy for Sensitive Groups,2,22.2,80,0.0,14.8,137,1013.0,11,37.0,38.1,403.0,28.8,65.0,20.6
2026-02-14 20:00:00,2026,2,14,20,Bắc Ninh,Xã Tiên Du,21.1573477,106.0138026,127,Unhealthy for Sensitive Groups,2,21.5,84,0.0,15.2,139,1013.7,2,31.4,32.4,422.0,27.7,62.0,20.1
2026-02-14 21:00:00,2026,2,14,21,Bắc Ninh,Xã Tiên Du,21.1573477,106.0138026,128,Unhealthy for Sensitive Groups,2,20.5,90,0.0,13.8,139,1014.1,2,30.2,31.3,438.0,26.2,57.0,19.3
2026-02-14 22:00:00,2026,2,14,22,Bắc Ninh,Xã Tiên Du,21.1573477,106.0138026,128,Unhealthy for Sensitive Groups,2,19.8,95,0.0,12.8,145,1014.3,6,33.2,34.5,448.0,24.6,54.0,18.4
2026-02-14 23:00:00,2026,2,14,23,Bắc Ninh,Xã Tiên Du,21.1573477,106.0138026,128,Unhealthy for Sensitive Groups,2,19.6,97,0.0,12.5,152,1014.4,76,37.5,38.8,449.0,23.1,52.0,17.4
2026-02-15 00:00:00,2026,2,15,0,Bắc Ninh,Xã Tiên Du,21.1573477,106.0138026,128,Unhealthy for Sensitive Groups,2,19.5,98,0.0,10.4,154,1014.2,95,43.3,44.7,444.0,21.6,52.0,16.2
2026-02-15 01:00:00,2026,2,15,1,Bắc Ninh,Xã Tiên Du,21.1573477,106.0138026,126,Unhealthy for Sensitive Groups,2,20.3,98,0.0,10.5,145,1014.2,100,48.2,49.6,435.0,20.3,51.0,15.5
2026-02-15 02:00:00,2026,2,15,2,Bắc Ninh,Xã Tiên Du,21.1573477,106.0138026,125,Unhealthy for Sensitive Groups,2,20.6,97,0.0,10.4,154,1013.6,100,49.4,51.0,417.0,19.1,50.0,15.3
2026-02-15 03:00:00,2026,2,15,3,Bắc Ninh,Xã Tiên Du,21.1573477,106.0138026,124,Unhealthy for Sensitive Groups,2,20.2,98,0.0,8.2,147,1013.0,100,51.6,53.1,395.0,18.1,49.0,15.4
2026-02-15 04:00:00,2026,2,15,4,Bắc Ninh,Xã Tiên Du,21.1573477,106.0138026,122,Unhealthy for Sensitive Groups,2,20.4,98,0.0,8.7,146,1012.8,100,50.2,52.0,390.0,18.3,47.0,16.0
2026-02-15 05:00:00,2026,2,15,5,Bắc Ninh,Xã Tiên Du,21.1573477,106.0138026,120,Unhealthy for Sensitive Groups,2,20.6,97,0.1,10.4,157,1012.9,100,49.9,51.8,424.0,20.9,43.0,17.2
2026-02-15 06:00:00,2026,2,15,6,Bắc Ninh,Xã Tiên Du,21.1573477,106.0138026,118,Unhealthy for Sensitive Groups,2,20.7,95,0.0,10.8,159,1013.4,100,51.0,52.7,474.0,24.5,38.0,18.8
2026-02-15 07:00:00,2026,2,15,7,Bắc Ninh,Xã Tiên Du,21.1573477,106.0138026,117,Unhealthy for Sensitive Groups,2,20.5,96,0.0,10.1,151,1014.1,100,54.7,56.6,492.0,28.5,35.0,19.7
2026-02-15 08:00:00,2026,2,15,8,Bắc Ninh,Xã Tiên Du,21.1573477,106.0138026,116,Unhealthy for Sensitive Groups,2,21.2,90,0.1,13.1,162,1014.8,51,44.0,46.6,446.0,25.0,46.0,19.8
2026-02-15 09:00:00,2026,2,15,9,Bắc Ninh,Xã Tiên Du,21.1573477,106.0138026,114,Unhealthy for Sensitive Groups,2,23.0,78,0.0,15.2,170,1015.4,38,38.2,40.6,369.0,20.0,61.0,19.8
2026-02-15 10:00:00,2026,2,15,10,Bắc Ninh,Xã Tiên Du,21.1573477,106.0138026,113,Unhealthy for Sensitive Groups,2,24.8,68,0.0,16.0,178,1015.5,56,34.8,36.9,310.0,15.6,77.0,19.6
2026-02-15 11:00:00,2026,2,15,11,Bắc Ninh,Xã Tiên Du,21.1573477,106.0138026,113,Unhealthy for Sensitive Groups,2,26.2,60,0.0,16.4,182,1015.0,66,34.2,36.0,294.0,12.2,94.0,18.9
2026-02-15 12:00:00,2026,2,15,12,Bắc Ninh,Xã Tiên Du,21.1573477,106.0138026,112,Unhealthy for Sensitive Groups,2,27.4,55,0.0,16.0,181,1013.5,67,33.8,35.3,297.0,9.4,112.0,18.0
2026-02-15 13:00:00,2026,2,15,13,Bắc Ninh,Xã Tiên Du,21.1573477,106.0138026,112,Unhealthy for Sensitive Groups,2,27.8,53,0.0,14.5,175,1012.4,22,33.4,34.7,299.0,7.5,124.0,17.3
2026-02-15 14:00:00,2026,2,15,14,Bắc Ninh,Xã Tiên Du,21.1573477,106.0138026,112,Unhealthy for Sensitive Groups,2,28.5,51,0.0,14.9,162,1011.2,7,32.0,33.2,287.0,6.5,130.0,16.9
2026-02-15 15:00:00,2026,2,15,15,Bắc Ninh,Xã Tiên Du,21.1573477,106.0138026,111,Unhealthy for Sensitive Groups,2,28.1,52,0.0,17.3,157,1010.4,7,29.8,31.1,273.0,6.4,131.0,16.6
2026-02-15 16:00:00,2026,2,15,16,Bắc Ninh,Xã Tiên Du,21.1573477,106.0138026,110,Unhealthy for Sensitive Groups,2,27.5,54,0.0,17.1,159,1010.2,11,26.4,27.8,275.0,7.9,125.0,16.4
2026-02-15 17:00:00,2026,2,15,17,Bắc Ninh,Xã Tiên Du,21.1573477,106.0138026,109,Unhealthy for Sensitive Groups,2,25.9,60,0.0,18.3,160,1010.5,4,23.6,25.1,304.0,12.1,108.0,16.1
2026-02-15 18:00:00,2026,2,15,18,Bắc Ninh,Xã Tiên Du,21.1573477,106.0138026,108,Unhealthy for Sensitive Groups,2,24.0,67,0.0,16.4,157,1011.1,2,23.2,24.4,347.0,17.9,85.0,15.9
2026-02-15 19:00:00,2026,2,15,19,Bắc Ninh,Xã Tiên Du,21.1573477,106.0138026,107,Unhealthy for Sensitive Groups,2,23.0,77,0.0,16.0,150,1011.9,5,24.4,26.1,386.0,22.8,69.0,16.5
2026-02-15 20:00:00,2026,2,15,20,Bắc Ninh,Xã Tiên Du,21.1573477,106.0138026,106,Unhealthy for Sensitive Groups,2,22.0,82,0.0,14.7,144,1012.6,6,25.1,27.3,417.0,23.5,64.0,17.2
2026-02-15 21:00:00,2026,2,15,21,Bắc Ninh,Xã Tiên Du,21.1573477,106.0138026,105,Unhealthy for Sensitive Groups,2,21.0,90,0.0,10.4,146,1013.2,100,29.3,31.3,443.0,24.5,56.0,18.1
2026-02-15 22:00:00,2026,2,15,22,Bắc Ninh,Xã Tiên Du,21.1573477,106.0138026,105,Unhealthy for Sensitive Groups,2,21.2,92,0.0,9.8,136,1013.5,100,37.0,39.3,454.0,25.1,49.0,18.3
2026-02-15 23:00:00,2026,2,15,23,Bắc Ninh,Xã Tiên Du,21.1573477,106.0138026,106,Unhealthy for Sensitive Groups,2,21.5,92,0.0,10.1,137,1013.4,100,46.3,48.3,441.0,25.2,43.0,17.2
2026-02-16 00:00:00,2026,2,16,0,Bắc Ninh,Xã Tiên Du,21.1573477,106.0138026,106,Unhealthy for Sensitive Groups,2,21.5,92,0.0,10.8,144,1013.1,100,55.1,56.8,414.0,25.0,37.0,15.3
2026-02-16 01:00:00,2026,2,16,1,Bắc Ninh,Xã Tiên Du,21.1573477,106.0138026,108,Unhealthy for Sensitive Groups,2,21.5,92,0.0,11.4,149,1013.1,100,61.2,62.9,391.0,24.1,35.0,14.0
2026-02-16 02:00:00,2026,2,16,2,Bắc Ninh,Xã Tiên Du,21.1573477,106.0138026,109,Unhealthy for Sensitive Groups,2,21.4,92,0.0,10.4,146,1012.8,100,61.5,63.6,376.0,21.8,38.0,13.5
2026-02-16 03:00:00,2026,2,16,3,Bắc Ninh,Xã Tiên Du,21.1573477,106.0138026,110,Unhealthy for Sensitive Groups,2,21.0,93,0.0,8.4,140,1012.6,100,58.7,60.5,367.0,18.9,44.0,13.5
2026-02-16 04:00:00,2026,2,16,4,Bắc Ninh,Xã Tiên Du,21.1573477,106.0138026,111,Unhealthy for Sensitive Groups,2,21.0,93,0.0,8.0,136,1012.6,100,54.6,56.6,373.0,17.5,48.0,14.1
2026-02-16 05:00:00,2026,2,16,5,Bắc Ninh,Xã Tiên Du,21.1573477,106.0138026,111,Unhealthy for Sensitive Groups,2,21.1,92,0.0,7.9,135,1012.9,100,49.2,51.3,416.0,19.6,45.0,15.8
2026-02-16 06:00:00,2026,2,16,6,Bắc Ninh,Xã Tiên Du,21.1573477,106.0138026,111,Unhealthy for Sensitive Groups,2,21.0,93,0.0,7.1,131,1013.4,100,50.6,52.5,475.0,23.2,40.0,18.2
2026-02-16 07:00:00,2026,2,16,7,Bắc Ninh,Xã Tiên Du,21.1573477,106.0138026,111,Unhealthy for Sensitive Groups,2,21.0,93,0.0,10.2,131,1014.5,100,58.9,61.7,500.0,25.2,39.0,19.9
2026-02-16 08:00:00,2026,2,16,8,Bắc Ninh,Xã Tiên Du,21.1573477,106.0138026,112,Unhealthy for Sensitive Groups,2,21.8,86,0.1,9.9,153,1015.1,100,48.3,51.3,459.0,22.7,47.0,21.1
2026-02-16 09:00:00,2026,2,16,9,Bắc Ninh,Xã Tiên Du,21.1573477,106.0138026,112,Unhealthy for Sensitive Groups,2,23.0,79,0.1,11.4,173,1015.7,71,41.6,44.2,384.0,19.1,58.0,22.6
2026-02-16 10:00:00,2026,2,16,10,Bắc Ninh,Xã Tiên Du,21.1573477,106.0138026,113,Unhealthy for Sensitive Groups,2,24.6,69,0.1,11.3,182,1015.7,73,36.9,39.3,324.0,15.9,70.0,23.4
2026-02-16 11:00:00,2026,2,16,11,Bắc Ninh,Xã Tiên Du,21.1573477,106.0138026,113,Unhealthy for Sensitive Groups,2,26.0,62,0.0,11.6,185,1015.2,32,36.1,38.2,300.0,13.4,83.0,22.7
2026-02-16 12:00:00,2026,2,16,12,Bắc Ninh,Xã Tiên Du,21.1573477,106.0138026,113,Unhealthy for Sensitive Groups,2,26.8,57,0.0,11.6,187,1014.2,91,37.6,39.5,291.0,11.1,98.0,21.3
2026-02-16 13:00:00,2026,2,16,13,Bắc Ninh,Xã Tiên Du,21.1573477,106.0138026,113,Unhealthy for Sensitive Groups,2,27.0,56,0.0,11.2,184,1013.0,84,38.9,40.5,288.0,9.6,111.0,20.2
2026-02-16 14:00:00,2026,2,16,14,Bắc Ninh,Xã Tiên Du,21.1573477,106.0138026,114,Unhealthy for Sensitive Groups,2,27.8,52,0.0,10.1,183,1011.9,88,40.6,42.3,287.0,7.8,125.0,19.7
2026-02-16 15:00:00,2026,2,16,15,Bắc Ninh,Xã Tiên Du,21.1573477,106.0138026,115,Unhealthy for Sensitive Groups,2,28.6,48,0.0,8.1,179,1011.1,84,41.9,43.4,292.0,6.8,137.0,19.6
2026-02-16 16:00:00,2026,2,16,16,Bắc Ninh,Xã Tiên Du,21.1573477,106.0138026,116,Unhealthy for Sensitive Groups,2,28.4,50,0.0,9.3,151,1010.9,97,42.7,44.2,302.0,9.3,139.0,20.3
2026-02-16 17:00:00,2026,2,16,17,Bắc Ninh,Xã Tiên Du,21.1573477,106.0138026,118,Unhealthy for Sensitive Groups,2,27.5,55,0.0,9.7,137,1011.0,48,43.0,44.4,321.0,19.3,121.0,22.9
2026-02-16 18:00:00,2026,2,16,18,Bắc Ninh,Xã Tiên Du,21.1573477,106.0138026,120,Unhealthy for Sensitive Groups,2,25.1,64,0.0,13.4,125,1011.4,13,49.7,51.0,345.0,32.9,92.0,26.4
2026-02-16 19:00:00,2026,2,16,19,Bắc Ninh,Xã Tiên Du,21.1573477,106.0138026,123,Unhealthy for Sensitive Groups,2,23.7,73,0.0,15.1,130,1012.0,30,65.0,66.1,364.0,47.0,63.0,30.7
2026-02-16 20:00:00,2026,2,16,20,Bắc Ninh,Xã Tiên Du,21.1573477,106.0138026,127,Unhealthy for Sensitive Groups,2,22.6,80,0.0,16.2,135,1013.0,23,53.8,54.9,372.0,42.5,60.0,28.6
2026-02-16 21:00:00,2026,2,16,21,Bắc Ninh,Xã Tiên Du,21.1573477,106.0138026,130,Unhealthy for Sensitive Groups,2,21.6,86,0.0,12.1,145,1013.5,4,41.3,42.4,376.0,36.4,56.0,25.7
2026-02-16 22:00:00,2026,2,16,22,Bắc Ninh,Xã Tiên Du,21.1573477,106.0138026,131,Unhealthy for Sensitive Groups,2,20.8,91,0.0,11.9,149,1013.7,2,35.2,37.0,383.0,32.0,52.0,23.2
2026-02-16 23:00:00,2026,2,16,23,Bắc Ninh,Xã Tiên Du,21.1573477,106.0138026,131,Unhealthy for Sensitive Groups,2,20.2,95,0.0,10.9,153,1014.0,2,35.4,37.7,402.0,31.3,47.0,21.9
2026-02-17 00:00:00,2026,2,17,0,Bắc Ninh,Xã Tiên Du,21.1573477,106.0138026,130,Unhealthy for Sensitive Groups,2,19.8,96,0.0,8.1,145,1014.3,0,37.1,39.6,426.0,32.3,41.0,21.1
2026-02-17 01:00:00,2026,2,17,1,Bắc Ninh,Xã Tiên Du,21.1573477,106.0138026,128,Unhealthy for Sensitive Groups,2,20.4,98,0.0,8.2,139,1014.1,6,40.6,43.1,435.0,32.3,37.0,19.9
2026-02-17 02:00:00,2026,2,17,2,Bắc Ninh,Xã Tiên Du,21.1573477,106.0138026,126,Unhealthy for Sensitive Groups,2,20.4,98,0.0,6.4,122,1013.8,84,45.8,48.1,413.0,29.9,35.0,17.2
2026-02-17 03:00:00,2026,2,17,3,Bắc Ninh,Xã Tiên Du,21.1573477,106.0138026,124,Unhealthy for Sensitive Groups,2,20.7,98,0.0,6.0,107,1013.8,100,51.3,53.0,377.0,26.5,34.0,14.1
2026-02-17 04:00:00,2026,2,17,4,Bắc Ninh,Xã Tiên Du,21.1573477,106.0138026,123,Unhealthy for Sensitive Groups,2,20.9,97,0.0,5.0,90,1014.0,100,54.6,55.8,364.0,23.6,34.0,12.5
2026-02-17 05:00:00,2026,2,17,5,Bắc Ninh,Xã Tiên Du,21.1573477,106.0138026,123,Unhealthy for Sensitive Groups,2,20.8,97,0.1,4.3,73,1014.2,100,53.6,54.6,396.0,22.2,35.0,13.6
2026-02-17 06:00:00,2026,2,17,6,Bắc Ninh,Xã Tiên Du,21.1573477,106.0138026,124,Unhealthy for Sensitive Groups,2,21.0,96,0.0,5.3,52,1015.3,100,46.7,47.7,451.0,21.4,37.0,16.2
2026-02-17 07:00:00,2026,2,17,7,Bắc Ninh,Xã Tiên Du,21.1573477,106.0138026,123,Unhealthy for Sensitive Groups,2,21.0,96,0.2,2.5,111,1016.2,100,51.9,52.7,495.0,26.4,28.0,17.1
2026-02-17 08:00:00,2026,2,17,8,Bắc Ninh,Xã Tiên Du,21.1573477,106.0138026,123,Unhealthy for Sensitive Groups,2,22.0,92,0.1,4.1,45,1017.2,100,35.9,36.6,519.0,22.8,32.0,18.1
2026-02-17 09:00:00,2026,2,17,9,Bắc Ninh,Xã Tiên Du,21.1573477,106.0138026,121,Unhealthy for Sensitive Groups,2,22.8,87,0.2,6.1,67,1018.2,100,29.8,30.0,532.0,17.8,37.0,19.4
2026-02-17 10:00:00,2026,2,17,10,Bắc Ninh,Xã Tiên Du,21.1573477,106.0138026,120,Unhealthy for Sensitive Groups,2,22.9,83,1.1,9.7,62,1018.9,88,27.3,27.5,534.0,13.8,43.0,20.6
2026-02-17 11:00:00,2026,2,17,11,Bắc Ninh,Xã Tiên Du,21.1573477,106.0138026,119,Unhealthy for Sensitive Groups,2,23.6,75,0.2,10.3,46,1018.5,100,27.1,27.4,517.0,11.8,50.0,21.4
2026-02-17 12:00:00,2026,2,17,12,Bắc Ninh,Xã Tiên Du,21.1573477,106.0138026,118,Unhealthy for Sensitive Groups,2,24.6,69,0.1,9.7,50,1017.5,100,27.5,27.8,489.0,10.9,58.0,22.1
2026-02-17 13:00:00,2026,2,17,13,Bắc Ninh,Xã Tiên Du,21.1573477,106.0138026,117,Unhealthy for Sensitive Groups,2,24.8,69,0.3,10.1,50,1016.5,99,27.6,27.9,469.0,10.7,64.0,22.8
2026-02-17 14:00:00,2026,2,17,14,Bắc Ninh,Xã Tiên Du,21.1573477,106.0138026,116,Unhealthy for Sensitive Groups,2,24.9,65,0.3,13.4,47,1015.7,55,28.1,28.4,465.0,11.0,67.0,23.5
2026-02-17 15:00:00,2026,2,17,15,Bắc Ninh,Xã Tiên Du,21.1573477,106.0138026,115,Unhealthy for Sensitive Groups,2,25.1,62,0.1,11.7,59,1014.9,55,28.2,28.5,469.0,12.1,69.0,24.3
2026-02-17 16:00:00,2026,2,17,16,Bắc Ninh,Xã Tiên Du,21.1573477,106.0138026,113,Unhealthy for Sensitive Groups,2,24.4,69,0.1,12.2,73,1015.2,58,28.2,28.3,479.0,13.8,68.0,25.0
2026-02-17 17:00:00,2026,2,17,17,Bắc Ninh,Xã Tiên Du,21.1573477,106.0138026,112,Unhealthy for Sensitive Groups,2,23.6,75,0.2,13.6,58,1015.3,34,28.3,28.4,498.0,17.0,63.0,25.9
2026-02-17 18:00:00,2026,2,17,18,Bắc Ninh,Xã Tiên Du,21.1573477,106.0138026,110,Unhealthy for Sensitive Groups,2,22.6,69,0.1,12.4,54,1016.0,45,28.6,28.7,523.0,20.8,55.0,26.8
2026-02-17 19:00:00,2026,2,17,19,Bắc Ninh,Xã Tiên Du,21.1573477,106.0138026,108,Unhealthy for Sensitive Groups,2,21.5,79,0.0,8.9,76,1016.4,96,54.7,55.2,536.0,31.1,44.0,24.9
2026-02-17 20:00:00,2026,2,17,20,Bắc Ninh,Xã Tiên Du,21.1573477,106.0138026,107,Unhealthy for Sensitive Groups,2,20.9,83,0.0,6.6,68,1017.1,100,54.7,55.1,530.0,26.9,44.0,24.8
2026-02-17 21:00:00,2026,2,17,21,Bắc Ninh,Xã Tiên Du,21.1573477,106.0138026,107,Unhealthy for Sensitive Groups,2,20.2,76,0.0,10.8,44,1018.0,100,54.1,54.5,512.0,21.0,43.0,24.5
2026-02-17 22:00:00,2026,2,17,22,Bắc Ninh,Xã Tiên Du,21.1573477,106.0138026,108,Unhealthy for Sensitive Groups,2,19.5,68,0.0,13.1,49,1018.5,100,51.0,51.2,494.0,16.1,43.0,23.9
2026-02-17 23:00:00,2026,2,17,23,Bắc Ninh,Xã Tiên Du,21.1573477,106.0138026,110,Unhealthy for Sensitive Groups,2,19.1,68,0.0,11.2,40,1018.7,100,46.7,46.8,476.0,13.3,44.0,22.6
2026-02-18 00:00:00,2026,2,18,0,Bắc Ninh,Xã Tiên Du,21.1573477,106.0138026,111,Unhealthy for Sensitive Groups,2,18.8,67,0.0,12.2,29,1018.8,100,42.7,42.8,456.0,11.5,46.0,20.9
2026-02-18 01:00:00,2026,2,18,1,Bắc Ninh,Xã Tiên Du,21.1573477,106.0138026,112,Unhealthy for Sensitive Groups,2,18.8,79,0.1,11.1,27,1018.6,100,43.1,43.5,441.0,10.6,46.0,19.6
2026-02-18 02:00:00,2026,2,18,2,Bắc Ninh,Xã Tiên Du,21.1573477,106.0138026,112,Unhealthy for Sensitive Groups,2,18.0,86,0.4,13.0,34,1018.5,100,47.6,48.5,430.0,10.6,44.0,18.9
2026-02-18 03:00:00,2026,2,18,3,Bắc Ninh,Xã Tiên Du,21.1573477,106.0138026,112,Unhealthy for Sensitive Groups,2,17.5,85,0.1,15.2,40,1018.6,100,44.2,44.8,423.0,11.5,41.0,18.5
2026-02-18 04:00:00,2026,2,18,4,Bắc Ninh,Xã Tiên Du,21.1573477,106.0138026,111,Unhealthy for Sensitive Groups,2,17.2,84,0.1,14.8,44,1018.7,100,41.0,41.3,429.0,12.8,37.0,18.4
2026-02-18 05:00:00,2026,2,18,5,Bắc Ninh,Xã Tiên Du,21.1573477,106.0138026,110,Unhealthy for Sensitive Groups,2,16.4,91,0.4,14.2,40,1018.9,99,38.8,39.0,460.0,14.7,33.0,18.5
2026-02-18 06:00:00,2026,2,18,6,Bắc Ninh,Xã Tiên Du,21.1573477,106.0138026,109,Unhealthy for Sensitive Groups,2,16.1,92,0.4,14.2,35,1019.6,100,38.2,38.4,505.0,17.1,29.0,18.9
2026-02-18 07:00:00,2026,2,18,7,Bắc Ninh,Xã Tiên Du,21.1573477,106.0138026,108,Unhealthy for Sensitive Groups,2,16.7,86,0.1,10.7,31,1020.8,100,44.1,44.6,534.0,19.3,27.0,20.8
2026-02-18 08:00:00,2026,2,18,8,Bắc Ninh,Xã Tiên Du,21.1573477,106.0138026,107,Unhealthy for Sensitive Groups,2,17.4,79,0.0,12.5,27,1021.2,100,43.8,44.4,533.0,18.6,29.0,21.4
2026-02-18 09:00:00,2026,2,18,9,Bắc Ninh,Xã Tiên Du,21.1573477,106.0138026,108,Unhealthy for Sensitive Groups,2,18.3,73,0.0,11.8,24,1021.9,100,41.3,41.9,518.0,17.5,32.0,22.2
2026-02-18 10:00:00,2026,2,18,10,Bắc Ninh,Xã Tiên Du,21.1573477,106.0138026,109,Unhealthy for Sensitive Groups,2,19.8,67,0.0,9.8,35,1022.4,100,40.3,40.9,503.0,16.2,39.0,22.8
2026-02-18 11:00:00,2026,2,18,11,Bắc Ninh,Xã Tiên Du,21.1573477,106.0138026,110,Unhealthy for Sensitive Groups,2,21.0,64,0.0,9.0,37,1021.7,100,40.9,41.4,491.0,14.4,52.0,23.2
2026-02-18 12:00:00,2026,2,18,12,Bắc Ninh,Xã Tiên Du,21.1573477,106.0138026,112,Unhealthy for Sensitive Groups,2,21.8,64,0.0,10.1,85,1020.9,100,40.3,40.9,481.0,12.4,69.0,23.4
2026-02-18 13:00:00,2026,2,18,13,Bắc Ninh,Xã Tiên Du,21.1573477,106.0138026,113,Unhealthy for Sensitive Groups,2,20.6,72,0.0,2.3,61,1020.5,100,41.7,42.1,483.0,11.4,82.0,22.9
2026-02-18 14:00:00,2026,2,18,14,Bắc Ninh,Xã Tiên Du,21.1573477,106.0138026,114,Unhealthy for Sensitive Groups,2,21.0,72,0.1,0.9,127,1019.6,100,40.7,41.2,497.0,11.1,90.0,20.8
2026-02-18 15:00:00,2026,2,18,15,Bắc Ninh,Xã Tiên Du,21.1573477,106.0138026,116,Unhealthy for Sensitive Groups,2,21.2,72,0.0,3.1,135,1018.7,100,40.7,41.2,524.0,11.7,95.0,18.0
2026-02-18 16:00:00,2026,2,18,16,Bắc Ninh,Xã Tiên Du,21.1573477,106.0138026,117,Unhealthy for Sensitive Groups,2,21.3,72,0.0,3.7,137,1018.5,100,40.3,40.6,579.0,15.0,94.0,16.8
2026-02-18 17:00:00,2026,2,18,17,Bắc Ninh,Xã Tiên Du,21.1573477,106.0138026,118,Unhealthy for Sensitive Groups,2,21.5,70,0.0,5.9,133,1018.2,100,42.3,42.6,696.0,23.5,83.0,18.6
2026-02-18 18:00:00,2026,2,18,18,Bắc Ninh,Xã Tiên Du,21.1573477,106.0138026,120,Unhealthy for Sensitive Groups,2,21.0,72,0.0,6.0,143,1018.5,100,50.5,50.9,841.0,34.8,66.0,21.9
2026-02-18 19:00:00,2026,2,18,19,Bắc Ninh,Xã Tiên Du,21.1573477,106.0138026,122,Unhealthy for Sensitive Groups,2,19.2,85,0.0,2.7,247,1019.5,100,66.6,67.1,921.0,49.1,34.0,28.9
2026-02-18 20:00:00,2026,2,18,20,Bắc Ninh,Xã Tiên Du,21.1573477,106.0138026,123,Unhealthy for Sensitive Groups,2,18.9,89,0.0,1.5,300,1019.8,97,71.9,72.4,870.0,50.8,33.0,31.5
2026-02-18 21:00:00,2026,2,18,21,Bắc Ninh,Xã Tiên Du,21.1573477,106.0138026,125,Unhealthy for Sensitive Groups,2,18.6,92,0.0,1.5,353,1020.0,100,79.2,79.9,755.0,53.1,31.0,34.9
2026-02-18 22:00:00,2026,2,18,22,Bắc Ninh,Xã Tiên Du,21.1573477,106.0138026,128,Unhealthy for Sensitive Groups,2,18.5,94,0.0,1.3,344,1020.1,100,81.3,81.7,679.0,53.4,29.0,36.7
2026-02-18 23:00:00,2026,2,18,23,Bắc Ninh,Xã Tiên Du,21.1573477,106.0138026,131,Unhealthy for Sensitive Groups,2,18.5,93,0.0,3.7,331,1020.2,100,83.1,83.6,694.0,50.6,27.0,35.4
2026-02-19 00:00:00,2026,2,19,0,Bắc Ninh,Xã Tiên Du,21.1573477,106.0138026,135,Unhealthy for Sensitive Groups,2,18.3,92,0.0,5.3,308,1020.5,100,80.6,81.0,749.0,46.0,26.0,32.4
2026-02-19 01:00:00,2026,2,19,1,Bắc Ninh,Xã Tiên Du,21.1573477,106.0138026,139,Unhealthy for Sensitive Groups,2,17.8,93,0.0,5.9,320,1020.6,100,75.0,75.4,795.0,40.6,26.0,29.2
2026-02-19 02:00:00,2026,2,19,2,Bắc Ninh,Xã Tiên Du,21.1573477,106.0138026,142,Unhealthy for Sensitive Groups,2,17.8,90,0.0,6.2,343,1020.4,100,68.2,68.7,814.0,33.9,28.0,25.9
2026-02-19 03:00:00,2026,2,19,3,Bắc Ninh,Xã Tiên Du,21.1573477,106.0138026,144,Unhealthy for Sensitive Groups,2,17.8,90,0.0,5.8,351,1020.1,100,61.2,61.7,824.0,26.4,31.0,22.3
2026-02-19 04:00:00,2026,2,19,4,Bắc Ninh,Xã Tiên Du,21.1573477,106.0138026,146,Unhealthy for Sensitive Groups,2,17.9,90,0.0,6.0,5,1019.9,100,56.1,56.5,833.0,21.2,33.0,19.9
2026-02-19 05:00:00,2026,2,19,5,Bắc Ninh,Xã Tiên Du,21.1573477,106.0138026,147,Unhealthy for Sensitive Groups,2,18.0,86,0.0,7.5,15,1020.2,100,52.2,52.5,856.0,20.2,31.0,19.2
2026-02-19 06:00:00,2026,2,19,6,Bắc Ninh,Xã Tiên Du,21.1573477,106.0138026,149,Unhealthy for Sensitive Groups,2,17.9,81,0.0,8.5,17,1020.8,100,50.2,50.4,878.0,21.3,28.0,19.5
2026-02-19 07:00:00,2026,2,19,7,Bắc Ninh,Xã Tiên Du,21.1573477,106.0138026,150,Unhealthy for Sensitive Groups,2,18.0,78,0.0,9.1,14,1021.7,100,56.9,57.3,863.0,24.6,28.0,22.1
2026-02-19 08:00:00,2026,2,19,8,Bắc Ninh,Xã Tiên Du,21.1573477,106.0138026,150,Unhealthy for Sensitive Groups,2,18.5,74,0.0,10.4,20,1022.2,100,52.5,52.7,779.0,21.4,36.0,23.1
2026-02-19 09:00:00,2026,2,19,9,Bắc Ninh,Xã Tiên Du,21.1573477,106.0138026,150,Unhealthy for Sensitive Groups,2,19.3,71,0.0,10.5,35,1022.8,100,46.6,46.8,659.0,16.9,48.0,24.4
2026-02-19 10:00:00,2026,2,19,10,Bắc Ninh,Xã Tiên Du,21.1573477,106.0138026,151,Unhealthy,3,20.6,68,0.0,7.6,28,1023.2,100,43.5,43.8,562.0,13.3,62.0,24.9
2026-02-19 11:00:00,2026,2,19,11,Bắc Ninh,Xã Tiên Du,21.1573477,106.0138026,151,Unhealthy,3,21.5,66,0.0,5.6,42,1022.7,100,42.5,42.8,514.0,11.3,78.0,23.8
2026-02-19 12:00:00,2026,2,19,12,Bắc Ninh,Xã Tiên Du,21.1573477,106.0138026,151,Unhealthy,3,22.2,65,0.0,5.3,62,1021.6,100,40.2,40.6,489.0,10.1,96.0,21.8
2026-02-19 13:00:00,2026,2,19,13,Bắc Ninh,Xã Tiên Du,21.1573477,106.0138026,151,Unhealthy,3,22.0,66,0.0,3.3,61,1021.0,100,40.3,40.7,472.0,9.6,110.0,20.3
2026-02-19 14:00:00,2026,2,19,14,Bắc Ninh,Xã Tiên Du,21.1573477,106.0138026,151,Unhealthy,3,22.6,65,0.0,1.7,32,1020.2,99,42.6,43.2,412.0,8.3,120.0,18.9
2026-02-19 15:00:00,2026,2,19,15,Bắc Ninh,Xã Tiên Du,21.1573477,106.0138026,151,Unhealthy,3,22.7,65,0.0,1.1,9,1019.7,100,45.2,45.6,360.0,7.7,127.0,18.0
2026-02-19 16:00:00,2026,2,19,16,Bắc Ninh,Xã Tiên Du,21.1573477,106.0138026,151,Unhealthy,3,22.9,64,0.0,1.9,41,1019.2,73,46.9,47.4,456.0,12.1,123.0,19.2
2026-02-19 17:00:00,2026,2,19,17,Bắc Ninh,Xã Tiên Du,21.1573477,106.0138026,151,Unhealthy,3,22.6,65,0.0,1.8,11,1019.1,98,49.7,50.2,880.0,26.7,101.0,24.6
2026-02-19 18:00:00,2026,2,19,18,Bắc Ninh,Xã Tiên Du,21.1573477,106.0138026,151,Unhealthy,3,21.8,72,0.0,0.4,297,1019.4,100,71.9,72.4,1452.0,46.4,69.0,32.3
2026-02-19 19:00:00,2026,2,19,19,Bắc Ninh,Xã Tiên Du,21.1573477,106.0138026,152,Unhealthy,3,20.6,78,0.0,4.0,350,1020.3,100,86.8,87.3,1767.0,69.7,26.0,35.0
2026-02-19 20:00:00,2026,2,19,20,Bắc Ninh,Xã Tiên Du,21.1573477,106.0138026,152,Unhealthy,3,20.2,79,0.1,9.7,25,1021.0,100,108.3,108.7,1572.0,69.4,23.0,38.5
2026-02-19 21:00:00,2026,2,19,21,Bắc Ninh,Xã Tiên Du,21.1573477,106.0138026,153,Unhealthy,3,19.7,72,0.0,15.1,59,1021.5,100,127.1,127.6,1121.0,68.2,19.0,43.0
2026-02-19 22:00:00,2026,2,19,22,Bắc Ninh,Xã Tiên Du,21.1573477,106.0138026,154,Unhealthy,3,19.4,70,0.0,14.3,54,1021.7,100,108.0,108.5,773.0,62.2,18.0,43.4
2026-02-19 23:00:00,2026,2,19,23,Bắc Ninh,Xã Tiên Du,21.1573477,106.0138026,154,Unhealthy,3,19.0,71,0.0,12.3,37,1021.8,100,76.8,77.1,681.0,46.7,23.0,35.7
2026-02-20 00:00:00,2026,2,20,0,Bắc Ninh,Xã Tiên Du,21.1573477,106.0138026,154,Unhealthy,3,18.4,75,0.2,12.0,21,1022.3,100,49.8,49.9,694.0,26.4,31.0,23.8
2026-02-20 01:00:00,2026,2,20,1,Bắc Ninh,Xã Tiên Du,21.1573477,106.0138026,154,Unhealthy,3,17.5,86,0.1,11.9,360,1022.6,100,28.5,28.6,711.0,11.5,37.0,14.9
2026-02-20 02:00:00,2026,2,20,2,Bắc Ninh,Xã Tiên Du,21.1573477,106.0138026,153,Unhealthy,3,17.3,86,0.2,12.4,1,1022.3,100,15.4,15.4,699.0,6.7,41.0,11.9
2026-02-20 03:00:00,2026,2,20,3,Bắc Ninh,Xã Tiên Du,21.1573477,106.0138026,151,Unhealthy,3,16.8,91,0.3,10.9,9,1021.9,100,10.4,10.4,692.0,7.3,44.0,11.8
2026-02-20 04:00:00,2026,2,20,4,Bắc Ninh,Xã Tiên Du,21.1573477,106.0138026,150,Unhealthy for Sensitive Groups,2,16.8,89,0.2,11.6,13,1021.4,100,9.3,9.4,698.0,9.4,44.0,12.6
2026-02-20 05:00:00,2026,2,20,5,Bắc Ninh,Xã Tiên Du,21.1573477,106.0138026,147,Unhealthy for Sensitive Groups,2,16.8,89,0.0,10.6,4,1021.2,100,10.5,10.6,732.0,13.1,38.0,13.9
2026-02-20 06:00:00,2026,2,20,6,Bắc Ninh,Xã Tiên Du,21.1573477,106.0138026,142,Unhealthy for Sensitive Groups,2,16.7,88,0.0,10.2,350,1021.3,100,13.9,14.0,778.0,18.3,30.0,16.2
2026-02-20 07:00:00,2026,2,20,7,Bắc Ninh,Xã Tiên Du,21.1573477,106.0138026,139,Unhealthy for Sensitive Groups,2,16.8,84,0.0,7.6,1,1021.7,100,11.9,12.1,796.0,17.6,35.0,16.0
2026-02-20 08:00:00,2026,2,20,8,Bắc Ninh,Xã Tiên Du,21.1573477,106.0138026,134,Unhealthy for Sensitive Groups,2,17.5,79,0.0,6.7,360,1022.1,100,11.4,11.7,764.0,16.1,41.0,17.3
2026-02-20 09:00:00,2026,2,20,9,Bắc Ninh,Xã Tiên Du,21.1573477,106.0138026,130,Unhealthy for Sensitive Groups,2,18.5,74,0.0,6.7,352,1022.4,66,12.7,13.0,704.0,13.9,51.0,19.0
2026-02-20 10:00:00,2026,2,20,10,Bắc Ninh,Xã Tiên Du,21.1573477,106.0138026,126,Unhealthy for Sensitive Groups,2,20.5,67,0.0,7.3,349,1022.3,15,14.6,14.7,646.0,11.9,65.0,20.4
2026-02-20 11:00:00,2026,2,20,11,Bắc Ninh,Xã Tiên Du,21.1573477,106.0138026,123,Unhealthy for Sensitive Groups,2,22.2,63,0.0,6.3,342,1021.4,12,17.5,17.6,587.0,10.1,87.0,21.1
2026-02-20 12:00:00,2026,2,20,12,Bắc Ninh,Xã Tiên Du,21.1573477,106.0138026,121,Unhealthy for Sensitive Groups,2,23.9,59,0.0,1.9,292,1019.5,59,21.4,21.7,530.0,8.5,114.0,21.5
2026-02-20 13:00:00,2026,2,20,13,Bắc Ninh,Xã Tiên Du,21.1573477,106.0138026,119,Unhealthy for Sensitive Groups,2,23.6,59,0.0,5.9,239,1018.5,100,25.0,25.3,506.0,7.6,135.0,21.7
2026-02-20 14:00:00,2026,2,20,14,Bắc Ninh,Xã Tiên Du,21.1573477,106.0138026,117,Unhealthy for Sensitive Groups,2,24.1,58,0.0,7.4,225,1017.0,76,28.2,28.4,537.0,6.1,150.0,20.9
2026-02-20 15:00:00,2026,2,20,15,Bắc Ninh,Xã Tiên Du,21.1573477,106.0138026,116,Unhealthy for Sensitive Groups,2,24.2,58,0.0,9.3,208,1015.7,51,30.7,31.0,603.0,5.3,159.0,19.9
2026-02-20 16:00:00,2026,2,20,16,Bắc Ninh,Xã Tiên Du,21.1573477,106.0138026,114,Unhealthy for Sensitive Groups,2,24.0,59,0.0,9.5,202,1014.8,59,32.1,32.4,672.0,9.4,156.0,20.8
2026-02-20 17:00:00,2026,2,20,17,Bắc Ninh,Xã Tiên Du,21.1573477,106.0138026,112,Unhealthy for Sensitive Groups,2,23.5,60,0.0,9.2,197,1014.3,29,36.0,36.2,755.0,24.0,133.0,25.8
2026-02-20 18:00:00,2026,2,20,18,Bắc Ninh,Xã Tiên Du,21.1573477,106.0138026,111,Unhealthy for Sensitive Groups,2,22.0,67,0.0,5.4,182,1014.1,58,52.5,52.7,842.0,43.5,98.0,32.7
2026-02-20 19:00:00,2026,2,20,19,Bắc Ninh,Xã Tiên Du,21.1573477,106.0138026,109,Unhealthy for Sensitive Groups,2,22.0,69,0.0,9.8,145,1014.1,40,67.8,68.0,876.0,50.1,66.0,32.9
2026-02-20 20:00:00,2026,2,20,20,Bắc Ninh,Xã Tiên Du,21.1573477,106.0138026,107,Unhealthy for Sensitive Groups,2,21.7,70,0.0,17.4,147,1014.3,0,65.4,65.7,810.0,44.9,63.0,31.5
2026-02-20 21:00:00,2026,2,20,21,Bắc Ninh,Xã Tiên Du,21.1573477,106.0138026,103,Unhealthy for Sensitive Groups,2,19.5,79,0.0,14.5,152,1014.6,0,54.6,54.9,690.0,37.7,59.0,29.5
2026-02-20 22:00:00,2026,2,20,22,Bắc Ninh,Xã Tiên Du,21.1573477,106.0138026,96,Moderate,1,18.4,85,0.0,12.9,147,1014.7,2,47.3,47.6,598.0,32.1,55.0,27.6
2026-02-20 23:00:00,2026,2,20,23,Bắc Ninh,Xã Tiên Du,21.1573477,106.0138026,90,Moderate,1,17.7,89,0.0,11.5,153,1014.3,7,44.1,44.6,571.0,29.8,52.0,26.1
2026-02-21 00:00:00,2026,2,21,0,Bắc Ninh,Xã Tiên Du,21.1573477,106.0138026,88,Moderate,1,17.4,94,0.0,10.3,153,1014.1,6,42.8,43.4,571.0,29.2,50.0,24.8
2026-02-21 01:00:00,2026,2,21,1,Bắc Ninh,Xã Tiên Du,21.1573477,106.0138026,87,Moderate,1,17.2,97,0.0,9.1,146,1013.9,25,43.5,44.2,569.0,28.6,48.0,23.6
2026-02-21 02:00:00,2026,2,21,2,Bắc Ninh,Xã Tiên Du,21.1573477,106.0138026,88,Moderate,1,17.3,98,0.0,9.6,142,1013.2,55,44.2,45.1,549.0,27.4,46.0,22.3
2026-02-21 03:00:00,2026,2,21,3,Bắc Ninh,Xã Tiên Du,21.1573477,106.0138026,91,Moderate,1,17.4,98,0.0,8.8,141,1012.5,100,45.5,46.3,527.0,26.3,45.0,21.0
2026-02-21 04:00:00,2026,2,21,4,Bắc Ninh,Xã Tiên Du,21.1573477,106.0138026,94,Moderate,1,17.6,98,0.0,8.5,138,1011.7,100,47.5,48.4,520.0,26.0,43.0,20.5
2026-02-21 05:00:00,2026,2,21,5,Bắc Ninh,Xã Tiên Du,21.1573477,106.0138026,97,Moderate,1,18.1,96,0.0,8.7,140,1011.5,100,49.6,50.5,542.0,27.7,39.0,21.3
2026-02-21 06:00:00,2026,2,21,6,Bắc Ninh,Xã Tiên Du,21.1573477,106.0138026,101,Unhealthy for Sensitive Groups,2,18.4,96,0.0,9.7,145,1011.3,100,51.8,52.9,578.0,30.2,35.0,22.8
2026-02-21 07:00:00,2026,2,21,7,Bắc Ninh,Xã Tiên Du,21.1573477,106.0138026,105,Unhealthy for Sensitive Groups,2,18.5,95,0.0,7.8,151,1012.0,100,61.2,62.6,601.0,30.9,35.0,22.4
2026-02-21 08:00:00,2026,2,21,8,Bắc Ninh,Xã Tiên Du,21.1573477,106.0138026,110,Unhealthy for Sensitive Groups,2,19.0,93,0.0,9.6,168,1012.6,100,59.6,61.2,600.0,28.8,43.0,22.8
2026-02-21 09:00:00,2026,2,21,9,Bắc Ninh,Xã Tiên Du,21.1573477,106.0138026,115,Unhealthy for Sensitive Groups,2,20.4,86,0.0,13.0,177,1012.4,100,54.5,56.2,586.0,25.8,54.0,23.4
2026-02-21 10:00:00,2026,2,21,10,Bắc Ninh,Xã Tiên Du,21.1573477,106.0138026,119,Unhealthy for Sensitive Groups,2,22.2,76,0.2,16.6,181,1012.3,100,50.3,51.7,564.0,22.5,68.0,23.5
2026-02-21 11:00:00,2026,2,21,11,Bắc Ninh,Xã Tiên Du,21.1573477,106.0138026,123,Unhealthy for Sensitive Groups,2,23.2,71,0.1,17.5,184,1011.1,100,48.9,50.2,529.0,18.6,86.0,22.8
2026-02-21 12:00:00,2026,2,21,12,Bắc Ninh,Xã Tiên Du,21.1573477,106.0138026,126,Unhealthy for Sensitive Groups,2,24.5,66,0.0,16.6,182,1009.4,99,49.2,50.3,486.0,14.5,107.0,21.7
2026-02-21 13:00:00,2026,2,21,13,Bắc Ninh,Xã Tiên Du,21.1573477,106.0138026,129,Unhealthy for Sensitive Groups,2,24.3,67,0.0,14.8,185,1008.7,100,49.6,50.4,454.0,11.3,124.0,20.5
2026-02-21 14:00:00,2026,2,21,14,Bắc Ninh,Xã Tiên Du,21.1573477,106.0138026,132,Unhealthy for Sensitive Groups,2,26.0,62,0.0,13.6,188,1007.2,98,49.0,49.8,441.0,9.4,138.0,19.4
2026-02-21 15:00:00,2026,2,21,15,Bắc Ninh,Xã Tiên Du,21.1573477,106.0138026,134,Unhealthy for Sensitive Groups,2,27.3,57,0.0,14.9,179,1005.8,100,47.0,47.7,438.0,8.5,149.0,18.4
2026-02-21 16:00:00,2026,2,21,16,Bắc Ninh,Xã Tiên Du,21.1573477,106.0138026,136,Unhealthy for Sensitive Groups,2,26.8,60,0.0,16.3,161,1005.2,33,44.2,44.8,437.0,9.2,149.0,17.5
2026-02-21 17:00:00,2026,2,21,17,Bắc Ninh,Xã Tiên Du,21.1573477,106.0138026,137,Unhealthy for Sensitive Groups,2,25.5,65,0.0,14.7,147,1005.1,4,39.3,40.0,437.0,12.7,128.0,16.9
2026-02-21 18:00:00,2026,2,21,18,Bắc Ninh,Xã Tiên Du,21.1573477,106.0138026,137,Unhealthy for Sensitive Groups,2,23.6,73,0.0,14.2,151,1005.7,2,31.0,31.8,439.0,17.9,96.0,16.4
2026-02-21 19:00:00,2026,2,21,19,Bắc Ninh,Xã Tiên Du,21.1573477,106.0138026,135,Unhealthy for Sensitive Groups,2,22.6,79,0.0,17.7,150,1005.9,2,29.5,30.4,440.0,24.4,74.0,18.4
2026-02-21 20:00:00,2026,2,21,20,Bắc Ninh,Xã Tiên Du,21.1573477,106.0138026,131,Unhealthy for Sensitive Groups,2,21.6,83,0.0,16.6,153,1006.7,1,23.0,24.3,440.0,24.3,67.0,18.2
2026-02-21 21:00:00,2026,2,21,21,Bắc Ninh,Xã Tiên Du,21.1573477,106.0138026,127,Unhealthy for Sensitive Groups,2,20.9,87,0.0,14.7,152,1007.4,20,22.6,24.6,439.0,24.1,58.0,18.0
2026-02-21 22:00:00,2026,2,21,22,Bắc Ninh,Xã Tiên Du,21.1573477,106.0138026,123,Unhealthy for Sensitive Groups,2,20.2,92,0.0,12.1,142,1008.1,29,25.3,27.4,435.0,23.8,51.0,17.4
2026-02-21 23:00:00,2026,2,21,23,Bắc Ninh,Xã Tiên Du,21.1573477,106.0138026,121,Unhealthy for Sensitive Groups,2,19.9,95,0.0,11.9,131,1008.2,26,28.2,30.4,427.0,23.3,48.0,16.3
2026-02-22 00:00:00,2026,2,22,0,Bắc Ninh,Xã Tiên Du,21.1573477,106.0138026,119,Unhealthy for Sensitive Groups,2,19.5,96,0.0,11.3,123,1008.2,93,27.0,29.4,415.0,22.8,48.0,15.0
2026-02-22 01:00:00,2026,2,22,1,Bắc Ninh,Xã Tiên Du,21.1573477,106.0138026,118,Unhealthy for Sensitive Groups,2,20.9,96,0.0,12.7,126,1008.1,100,25.1,27.8,403.0,22.1,48.0,13.9
2026-02-22 02:00:00,2026,2,22,2,Bắc Ninh,Xã Tiên Du,21.1573477,106.0138026,116,Unhealthy for Sensitive Groups,2,21.1,95,0.0,13.0,125,1007.6,100,23.9,26.8,383.0,21.0,49.0,13.1
2026-02-22 03:00:00,2026,2,22,3,Bắc Ninh,Xã Tiên Du,21.1573477,106.0138026,114,Unhealthy for Sensitive Groups,2,21.3,95,0.0,11.7,127,1007.7,100,23.7,26.9,361.0,19.8,50.0,12.4
2026-02-22 04:00:00,2026,2,22,4,Bắc Ninh,Xã Tiên Du,21.1573477,106.0138026,111,Unhealthy for Sensitive Groups,2,21.4,95,0.0,10.0,124,1008.0,100,23.7,27.1,360.0,19.7,50.0,12.3
2026-02-22 05:00:00,2026,2,22,5,Bắc Ninh,Xã Tiên Du,21.1573477,106.0138026,109,Unhealthy for Sensitive Groups,2,21.4,95,0.0,9.1,112,1008.1,100,23.9,27.3,403.0,21.6,46.0,13.1
2026-02-22 06:00:00,2026,2,22,6,Bắc Ninh,Xã Tiên Du,21.1573477,106.0138026,106,Unhealthy for Sensitive Groups,2,21.4,96,0.0,9.7,106,1008.6,100,24.4,27.8,466.0,24.5,42.0,14.4
2026-02-22 07:00:00,2026,2,22,7,Bắc Ninh,Xã Tiên Du,21.1573477,106.0138026,103,Unhealthy for Sensitive Groups,2,21.1,95,0.0,9.1,100,1009.5,100,29.9,33.4,496.0,29.0,34.0,16.0
2026-02-22 08:00:00,2026,2,22,8,Bắc Ninh,Xã Tiên Du,21.1573477,106.0138026,100,Moderate,1,21.5,93,0.0,9.4,113,1010.4,100,27.4,31.1,460.0,28.3,37.0,15.7
2026-02-22 09:00:00,2026,2,22,9,Bắc Ninh,Xã Tiên Du,21.1573477,106.0138026,97,Moderate,1,22.2,91,0.0,12.1,127,1010.9,100,27.1,31.0,391.0,27.3,42.0,15.4
2026-02-22 10:00:00,2026,2,22,10,Bắc Ninh,Xã Tiên Du,21.1573477,106.0138026,95,Moderate,1,23.8,83,0.1,13.3,140,1011.2,100,27.1,31.0,335.0,25.9,47.0,14.9
2026-02-22 11:00:00,2026,2,22,11,Bắc Ninh,Xã Tiên Du,21.1573477,106.0138026,93,Moderate,1,24.9,77,0.1,11.8,154,1010.7,100,27.0,30.4,308.0,23.8,54.0,14.3
2026-02-22 12:00:00,2026,2,22,12,Bắc Ninh,Xã Tiên Du,21.1573477,106.0138026,91,Moderate,1,25.3,77,0.2,15.3,150,1009.8,100,26.1,29.8,295.0,21.3,62.0,13.6
2026-02-22 13:00:00,2026,2,22,13,Bắc Ninh,Xã Tiên Du,21.1573477,106.0138026,89,Moderate,1,24.0,80,0.0,16.5,134,1009.0,100,23.7,27.5,294.0,19.6,68.0,12.9
2026-02-22 14:00:00,2026,2,22,14,Bắc Ninh,Xã Tiên Du,21.1573477,106.0138026,86,Moderate,1,23.8,78,0.1,16.3,133,1008.2,100,21.5,24.3,307.0,18.8,73.0,12.1
2026-02-22 15:00:00,2026,2,22,15,Bắc Ninh,Xã Tiên Du,21.1573477,106.0138026,84,Moderate,1,23.5,78,0.0,15.5,133,1007.9,100,21.1,23.1,332.0,18.8,77.0,11.3
2026-02-22 16:00:00,2026,2,22,16,Bắc Ninh,Xã Tiên Du,21.1573477,106.0138026,82,Moderate,1,23.3,78,0.0,15.4,136,1007.9,100,20.7,22.8,363.0,19.9,78.0,11.2
2026-02-22 17:00:00,2026,2,22,17,Bắc Ninh,Xã Tiên Du,21.1573477,106.0138026,80,Moderate,1,22.9,79,0.0,14.2,140,1008.0,100,21.7,23.1,404.0,23.0,75.0,12.0
2026-02-22 18:00:00,2026,2,22,18,Bắc Ninh,Xã Tiên Du,21.1573477,106.0138026,78,Moderate,1,22.5,80,0.0,11.3,137,1008.4,100,24.2,25.1,450.0,27.2,69.0,13.5
2026-02-22 19:00:00,2026,2,22,19,Bắc Ninh,Xã Tiên Du,21.1573477,106.0138026,77,Moderate,1,22.8,79,0.0,14.7,130,1008.7,100,27.1,28.2,484.0,31.5,60.0,15.7
2026-02-22 20:00:00,2026,2,22,20,Bắc Ninh,Xã Tiên Du,21.1573477,106.0138026,77,Moderate,1,22.0,85,0.4,14.4,126,1009.2,100,31.5,32.7,498.0,31.7,58.0,17.5
2026-02-22 21:00:00,2026,2,22,21,Bắc Ninh,Xã Tiên Du,21.1573477,106.0138026,78,Moderate,1,21.0,93,0.5,12.4,129,1009.7,100,33.1,34.1,499.0,32.0,55.0,19.9
2026-02-22 22:00:00,2026,2,22,22,Bắc Ninh,Xã Tiên Du,21.1573477,106.0138026,79,Moderate,1,21.0,91,0.2,11.2,132,1010.3,100,38.6,39.9,489.0,32.0,53.0,21.6
2026-02-22 23:00:00,2026,2,22,23,Bắc Ninh,Xã Tiên Du,21.1573477,106.0138026,80,Moderate,1,20.9,91,0.0,10.0,144,1010.5,100,41.1,42.1,463.0,31.6,51.0,21.8
2026-02-23 00:00:00,2026,2,23,0,Bắc Ninh,Xã Tiên Du,21.1573477,106.0138026,81,Moderate,1,20.8,91,0.0,8.3,146,1010.4,87,40.7,41.8,426.0,30.8,50.0,21.3
2026-02-23 01:00:00,2026,2,23,1,Bắc Ninh,Xã Tiên Du,21.1573477,106.0138026,82,Moderate,1,21.2,90,0.0,8.8,129,1009.8,100,39.1,40.0,392.0,30.0,49.0,20.7
2026-02-23 02:00:00,2026,2,23,2,Bắc Ninh,Xã Tiên Du,21.1573477,106.0138026,84,Moderate,1,21.2,90,0.0,10.1,131,1009.3,100,39.1,40.0,362.0,28.7,49.0,20.1
2026-02-23 03:00:00,2026,2,23,3,Bắc Ninh,Xã Tiên Du,21.1573477,106.0138026,85,Moderate,1,21.1,90,0.0,11.3,136,1008.7,100,37.1,38.1,336.0,27.3,50.0,19.4
2026-02-23 04:00:00,2026,2,23,4,Bắc Ninh,Xã Tiên Du,21.1573477,106.0138026,86,Moderate,1,21.1,90,0.0,12.0,136,1008.4,100,34.8,36.2,326.0,26.8,50.0,19.2
2026-02-23 05:00:00,2026,2,23,5,Bắc Ninh,Xã Tiên Du,21.1573477,106.0138026,87,Moderate,1,21.1,89,0.0,11.0,132,1008.5,100,34.9,37.0,350.0,28.3,49.0,19.8
2026-02-23 06:00:00,2026,2,23,6,Bắc Ninh,Xã Tiên Du,21.1573477,106.0138026,88,Moderate,1,21.0,90,0.1,9.9,125,1009.1,100,34.7,36.9,391.0,30.6,47.0,20.8
2026-02-23 07:00:00,2026,2,23,7,Bắc Ninh,Xã Tiên Du,21.1573477,106.0138026,89,Moderate,1,21.0,91,0.1,9.9,132,1010.3,99,36.2,38.9,412.0,31.0,47.0,19.9
2026-02-23 08:00:00,2026,2,23,8,Bắc Ninh,Xã Tiên Du,21.1573477,106.0138026,90,Moderate,1,22.5,87,0.1,10.8,134,1011.0,100,34.9,38.3,391.0,30.7,50.0,20.5
2026-02-23 09:00:00,2026,2,23,9,Bắc Ninh,Xã Tiên Du,21.1573477,106.0138026,90,Moderate,1,23.5,86,0.0,13.6,151,1011.4,100,35.4,39.1,350.0,30.0,54.0,21.4
2026-02-23 10:00:00,2026,2,23,10,Bắc Ninh,Xã Tiên Du,21.1573477,106.0138026,91,Moderate,1,25.2,76,0.1,19.2,170,1011.7,100,34.6,39.0,319.0,28.4,59.0,21.8
2026-02-23 11:00:00,2026,2,23,11,Bắc Ninh,Xã Tiên Du,21.1573477,106.0138026,92,Moderate,1,25.5,74,0.1,17.8,172,1011.1,100,29.5,34.0,313.0,24.9,66.0,21.6
2026-02-23 12:00:00,2026,2,23,12,Bắc Ninh,Xã Tiên Du,21.1573477,106.0138026,92,Moderate,1,25.4,74,0.1,17.9,176,1010.1,100,27.4,30.6,316.0,20.5,73.0,20.9
2026-02-23 13:00:00,2026,2,23,13,Bắc Ninh,Xã Tiên Du,21.1573477,106.0138026,92,Moderate,1,24.6,78,0.0,15.5,170,1009.7,100,25.4,28.2,316.0,16.6,80.0,19.8
2026-02-23 14:00:00,2026,2,23,14,Bắc Ninh,Xã Tiên Du,21.1573477,106.0138026,92,Moderate,1,26.0,71,0.1,19.7,168,1008.5,52,24.6,27.0,300.0,13.4,87.0,17.7
2026-02-23 15:00:00,2026,2,23,15,Bắc Ninh,Xã Tiên Du,21.1573477,106.0138026,93,Moderate,1,26.3,69,0.0,20.5,163,1007.6,48,24.9,27.3,281.0,10.9,94.0,15.2
2026-02-23 16:00:00,2026,2,23,16,Bắc Ninh,Xã Tiên Du,21.1573477,106.0138026,93,Moderate,1,26.3,67,0.0,18.6,164,1007.4,57,25.4,27.7,279.0,10.5,96.0,13.7
2026-02-23 17:00:00,2026,2,23,17,Bắc Ninh,Xã Tiên Du,21.1573477,106.0138026,93,Moderate,1,26.0,68,0.0,17.3,164,1007.3,99,25.4,27.4,311.0,14.1,88.0,13.9
2026-02-23 18:00:00,2026,2,23,18,Bắc Ninh,Xã Tiên Du,21.1573477,106.0138026,94,Moderate,1,24.2,77,0.1,15.6,164,1007.7,100,26.4,28.1,360.0,20.0,75.0,15.1
2026-02-23 19:00:00,2026,2,23,19,Bắc Ninh,Xã Tiên Du,21.1573477,106.0138026,94,Moderate,1,24.0,78,0.0,14.1,152,1008.1,99,29.9,31.7,397.0,26.9,61.0,17.2
2026-02-23 20:00:00,2026,2,23,20,Bắc Ninh,Xã Tiên Du,21.1573477,106.0138026,94,Moderate,1,23.7,80,0.0,15.9,152,1008.9,100,27.3,29.2,410.0,26.0,61.0,18.0
2026-02-23 21:00:00,2026,2,23,21,Bắc Ninh,Xã Tiên Du,21.1573477,106.0138026,94,Moderate,1,23.0,85,0.0,14.2,150,1009.6,41,25.9,28.4,412.0,24.7,60.0,19.1
2026-02-23 22:00:00,2026,2,23,22,Bắc Ninh,Xã Tiên Du,21.1573477,106.0138026,93,Moderate,1,22.5,90,0.0,13.4,154,1010.1,99,25.4,28.2,406.0,23.6,59.0,19.9
2026-02-23 23:00:00,2026,2,23,23,Bắc Ninh,Xã Tiên Du,21.1573477,106.0138026,92,Moderate,1,22.5,91,0.0,12.8,158,1009.8,100,25.7,28.5,393.0,23.1,58.0,20.2
2026-02-24 00:00:00,2026,2,24,0,Bắc Ninh,Xã Tiên Du,21.1573477,106.0138026,90,Moderate,1,22.4,92,0.0,12.7,159,1009.5,100,25.5,28.5,373.0,22.8,56.0,20.2
2026-02-24 01:00:00,2026,2,24,1,Bắc Ninh,Xã Tiên Du,21.1573477,106.0138026,89,Moderate,1,22.6,94,0.0,12.2,154,1009.2,100,25.7,29.0,354.0,22.4,54.0,19.8
2026-02-24 02:00:00,2026,2,24,2,Bắc Ninh,Xã Tiên Du,21.1573477,106.0138026,88,Moderate,1,22.5,94,0.0,11.7,144,1009.0,100,26.1,29.6,332.0,21.5,52.0,18.8
2026-02-24 03:00:00,2026,2,24,3,Bắc Ninh,Xã Tiên Du,21.1573477,106.0138026,87,Moderate,1,22.2,95,0.0,10.7,138,1008.6,100,27.9,31.4,311.0,20.4,50.0,17.5
2026-02-24 04:00:00,2026,2,24,4,Bắc Ninh,Xã Tiên Du,21.1573477,106.0138026,86,Moderate,1,22.0,96,0.0,10.6,138,1008.7,100,31.4,34.2,306.0,20.2,48.0,16.7
2026-02-24 05:00:00,2026,2,24,5,Bắc Ninh,Xã Tiên Du,21.1573477,106.0138026,86,Moderate,1,22.0,96,0.0,8.8,137,1009.3,100,33.8,36.4,336.0,21.6,44.0,16.8
2026-02-24 06:00:00,2026,2,24,6,Bắc Ninh,Xã Tiên Du,21.1573477,106.0138026,86,Moderate,1,22.1,95,0.0,8.2,130,1010.3,100,35.6,38.1,382.0,23.8,40.0,17.4
2026-02-24 07:00:00,2026,2,24,7,Bắc Ninh,Xã Tiên Du,21.1573477,106.0138026,86,Moderate,1,22.0,94,0.0,9.6,124,1011.4,100,34.9,38.0,411.0,25.8,39.0,18.3
2026-02-24 08:00:00,2026,2,24,8,Bắc Ninh,Xã Tiên Du,21.1573477,106.0138026,86,Moderate,1,22.5,92,0.0,10.3,137,1012.0,100,35.6,38.4,403.0,25.4,43.0,19.1
2026-02-24 09:00:00,2026,2,24,9,Bắc Ninh,Xã Tiên Du,21.1573477,106.0138026,86,Moderate,1,22.9,90,0.1,12.7,157,1012.8,100,31.4,34.1,377.0,24.8,48.0,20.1
2026-02-24 10:00:00,2026,2,24,10,Bắc Ninh,Xã Tiên Du,21.1573477,106.0138026,85,Moderate,1,23.5,87,0.0,13.0,162,1013.3,100,28.9,31.1,356.0,23.5,55.0,20.7
2026-02-24 11:00:00,2026,2,24,11,Bắc Ninh,Xã Tiên Du,21.1573477,106.0138026,85,Moderate,1,24.3,82,0.1,12.8,169,1012.9,100,28.8,31.5,348.0,20.9,66.0,20.6
2026-02-24 12:00:00,2026,2,24,12,Bắc Ninh,Xã Tiên Du,21.1573477,106.0138026,85,Moderate,1,24.8,80,0.0,11.4,165,1011.9,100,29.3,32.0,344.0,17.7,78.0,20.0
2026-02-24 13:00:00,2026,2,24,13,Bắc Ninh,Xã Tiên Du,21.1573477,106.0138026,85,Moderate,1,24.6,78,0.1,10.4,165,1011.7,100,33.4,36.2,343.0,15.5,88.0,19.5
2026-02-24 14:00:00,2026,2,24,14,Bắc Ninh,Xã Tiên Du,21.1573477,106.0138026,86,Moderate,1,24.8,77,0.0,10.1,160,1010.6,100,36.0,38.6,342.0,14.7,94.0,19.1
2026-02-24 15:00:00,2026,2,24,15,Bắc Ninh,Xã Tiên Du,21.1573477,106.0138026,87,Moderate,1,24.9,76,0.0,11.0,152,1010.2,100,33.2,35.6,343.0,14.8,96.0,18.7
2026-02-24 16:00:00,2026,2,24,16,Bắc Ninh,Xã Tiên Du,21.1573477,106.0138026,87,Moderate,1,24.3,81,0.1,9.7,138,1010.2,100,32.0,34.3,352.0,16.6,94.0,18.5
2026-02-24 17:00:00,2026,2,24,17,Bắc Ninh,Xã Tiên Du,21.1573477,106.0138026,88,Moderate,1,24.0,83,0.0,10.9,121,1009.9,100,32.5,34.5,377.0,21.5,83.0,18.7
2026-02-24 18:00:00,2026,2,24,18,Bắc Ninh,Xã Tiên Du,21.1573477,106.0138026,89,Moderate,1,23.4,86,0.0,12.0,126,1010.3,100,31.3,33.2,409.0,28.0,66.0,19.1
2026-02-24 19:00:00,2026,2,24,19,Bắc Ninh,Xã Tiên Du,21.1573477,106.0138026,89,Moderate,1,23.0,89,0.0,13.3,126,1010.3,100,29.4,31.4,429.0,30.8,52.0,18.7
2026-02-24 20:00:00,2026,2,24,20,Bắc Ninh,Xã Tiên Du,21.1573477,106.0138026,89,Moderate,1,22.7,89,0.0,14.8,133,1011.0,55,30.2,32.2,426.0,31.0,51.0,19.6
2026-02-24 21:00:00,2026,2,24,21,Bắc Ninh,Xã Tiên Du,21.1573477,106.0138026,89,Moderate,1,22.2,90,0.0,11.4,145,1011.9,99,31.0,33.4,411.0,31.3,49.0,20.7
2026-02-24 22:00:00,2026,2,24,22,Bắc Ninh,Xã Tiên Du,21.1573477,106.0138026,90,Moderate,1,22.2,90,0.0,10.1,158,1012.7,100,32.7,35.5,397.0,31.3,47.0,21.5
2026-02-24 23:00:00,2026,2,24,23,Bắc Ninh,Xã Tiên Du,21.1573477,106.0138026,90,Moderate,1,22.1,91,0.0,11.0,146,1012.6,96,33.1,36.1,391.0,30.8,46.0,21.5
2026-02-25 00:00:00,2026,2,25,0,Bắc Ninh,Xã Tiên Du,21.1573477,106.0138026,91,Moderate,1,21.9,92,0.0,10.5,142,1012.3,96,32.9,36.2,386.0,30.1,45.0,21.0
2026-02-25 01:00:00,2026,2,25,1,Bắc Ninh,Xã Tiên Du,21.1573477,106.0138026,92,Moderate,1,21.8,96,0.0,8.4,133,1011.7,100,34.1,37.7,381.0,29.4,44.0,20.5
2026-02-25 02:00:00,2026,2,25,2,Bắc Ninh,Xã Tiên Du,21.1573477,106.0138026,92,Moderate,1,21.9,95,0.0,8.4,124,1011.3,100,36.0,39.9,370.0,28.6,42.0,19.9
2026-02-25 03:00:00,2026,2,25,3,Bắc Ninh,Xã Tiên Du,21.1573477,106.0138026,93,Moderate,1,21.6,96,0.0,9.6,131,1011.3,100,37.6,41.4,358.0,27.9,39.0,19.4
2026-02-25 04:00:00,2026,2,25,4,Bắc Ninh,Xã Tiên Du,21.1573477,106.0138026,94,Moderate,1,21.5,96,0.0,9.0,137,1011.4,100,39.9,43.1,362.0,28.1,37.0,19.3
2026-02-25 05:00:00,2026,2,25,5,Bắc Ninh,Xã Tiên Du,21.1573477,106.0138026,95,Moderate,1,21.3,98,0.1,8.3,141,1011.6,100,42.0,44.5,403.0,30.1,34.0,20.2
2026-02-25 06:00:00,2026,2,25,6,Bắc Ninh,Xã Tiên Du,21.1573477,106.0138026,96,Moderate,1,21.1,98,0.5,5.7,162,1012.4,100,43.0,45.3,459.0,33.0,31.0,21.6
2026-02-25 07:00:00,2026,2,25,7,Bắc Ninh,Xã Tiên Du,21.1573477,106.0138026,96,Moderate,1,20.8,98,0.9,9.8,142,1012.9,100,43.7,45.8,484.0,34.0,31.0,23.0
2026-02-25 08:00:00,2026,2,25,8,Bắc Ninh,Xã Tiên Du,21.1573477,106.0138026,97,Moderate,1,21.3,96,0.0,11.4,139,1013.1,100,40.2,42.1,447.0,32.8,37.0,23.8
2026-02-25 09:00:00,2026,2,25,9,Bắc Ninh,Xã Tiên Du,21.1573477,106.0138026,97,Moderate,1,23.1,86,0.0,14.0,154,1013.3,100,36.0,37.6,378.0,30.8,45.0,24.8
2026-02-25 10:00:00,2026,2,25,10,Bắc Ninh,Xã Tiên Du,21.1573477,106.0138026,98,Moderate,1,24.8,76,0.0,14.7,161,1013.4,100,31.9,33.1,327.0,28.1,55.0,25.2
2026-02-25 11:00:00,2026,2,25,11,Bắc Ninh,Xã Tiên Du,21.1573477,106.0138026,98,Moderate,1,24.1,79,0.2,11.3,155,1012.9,100,30.6,31.9,315.0,23.7,67.0,24.4
2026-02-25 12:00:00,2026,2,25,12,Bắc Ninh,Xã Tiên Du,21.1573477,106.0138026,98,Moderate,1,24.3,80,0.3,10.3,158,1012.0,100,30.0,31.3,320.0,18.5,80.0,22.9
2026-02-25 13:00:00,2026,2,25,13,Bắc Ninh,Xã Tiên Du,21.1573477,106.0138026,98,Moderate,1,25.0,74,0.1,8.8,191,1011.9,98,33.4,34.9,326.0,14.6,89.0,21.2
2026-02-25 14:00:00,2026,2,25,14,Bắc Ninh,Xã Tiên Du,21.1573477,106.0138026,98,Moderate,1,26.0,69,0.2,5.7,191,1010.4,64,29.2,30.3,325.0,12.1,94.0,18.9
2026-02-25 15:00:00,2026,2,25,15,Bắc Ninh,Xã Tiên Du,21.1573477,106.0138026,98,Moderate,1,26.8,64,0.1,7.7,159,1009.6,37,29.0,30.0,325.0,10.9,96.0,16.4
2026-02-25 16:00:00,2026,2,25,16,Bắc Ninh,Xã Tiên Du,21.1573477,106.0138026,97,Moderate,1,26.4,65,0.0,13.3,142,1009.2,53,30.2,31.2,338.0,12.6,93.0,14.9
2026-02-25 17:00:00,2026,2,25,17,Bắc Ninh,Xã Tiên Du,21.1573477,106.0138026,97,Moderate,1,25.0,74,0.0,15.8,137,1009.5,67,28.7,29.5,380.0,19.3,81.0,15.1
2026-02-25 18:00:00,2026,2,25,18,Bắc Ninh,Xã Tiên Du,21.1573477,106.0138026,97,Moderate,1,23.9,78,0.0,11.5,139,1010.0,57,32.5,33.1,435.0,28.9,63.0,16.4
2026-02-25 19:00:00,2026,2,25,19,Bắc Ninh,Xã Tiên Du,21.1573477,106.0138026,97,Moderate,1,23.0,86,0.2,10.6,129,1010.5,34,36.0,36.2,470.0,37.9,49.0,21.0
2026-02-25 20:00:00,2026,2,25,20,Bắc Ninh,Xã Tiên Du,21.1573477,106.0138026,98,Moderate,1,22.4,86,0.7,8.8,134,1011.5,100,41.6,41.8,466.0,38.7,46.0,22.9
2026-02-25 21:00:00,2026,2,25,21,Bắc Ninh,Xã Tiên Du,21.1573477,106.0138026,99,Moderate,1,21.5,93,12.7,7.7,131,1012.0,100,44.0,44.4,441.0,39.8,41.0,25.4
2026-02-25 22:00:00,2026,2,25,22,Bắc Ninh,Xã Tiên Du,21.1573477,106.0138026,100,Moderate,1,21.2,94,3.5,11.6,136,1012.5,97,46.0,46.3,417.0,40.4,37.0,27.1
2026-02-25 23:00:00,2026,2,25,23,Bắc Ninh,Xã Tiên Du,21.1573477,106.0138026,101,Unhealthy for Sensitive Groups,2,21.0,95,6.6,11.9,146,1011.7,87,47.7,48.1,400.0,40.1,34.0,27.2
2026-02-26 00:00:00,2026,2,26,0,Bắc Ninh,Xã Tiên Du,21.1573477,106.0138026,103,Unhealthy for Sensitive Groups,2,20.5,95,0.3,10.6,136,1011.4,26,49.6,50.2,383.0,39.3,33.0,26.4
2026-02-26 01:00:00,2026,2,26,1,Bắc Ninh,Xã Tiên Du,21.1573477,106.0138026,104,Unhealthy for Sensitive Groups,2,21.1,96,0.0,10.0,123,1011.1,100,53.0,53.6,371.0,38.1,31.0,25.3
2026-02-26 02:00:00,2026,2,26,2,Bắc Ninh,Xã Tiên Du,21.1573477,106.0138026,106,Unhealthy for Sensitive Groups,2,21.1,96,0.0,10.1,134,1010.4,68,56.5,57.0,361.0,36.4,30.0,23.8
2026-02-26 03:00:00,2026,2,26,3,Bắc Ninh,Xã Tiên Du,21.1573477,106.0138026,108,Unhealthy for Sensitive Groups,2,20.6,97,0.0,7.3,150,1010.0,58,60.1,60.8,356.0,34.4,28.0,21.9
2026-02-26 04:00:00,2026,2,26,4,Bắc Ninh,Xã Tiên Du,21.1573477,106.0138026,111,Unhealthy for Sensitive Groups,2,20.3,98,0.0,7.3,149,1009.9,81,66.4,67.1,368.0,32.8,27.0,20.6
2026-02-26 05:00:00,2026,2,26,5,Bắc Ninh,Xã Tiên Du,21.1573477,106.0138026,113,Unhealthy for Sensitive Groups,2,19.9,99,0.0,7.4,154,1010.2,100,72.2,72.9,418.0,32.3,25.0,20.0
2026-02-26 06:00:00,2026,2,26,6,Bắc Ninh,Xã Tiên Du,21.1573477,106.0138026,117,Unhealthy for Sensitive Groups,2,19.8,99,0.0,8.4,149,1010.7,100,74.7,75.4,484.0,32.2,22.0,20.0
2026-02-26 07:00:00,2026,2,26,7,Bắc Ninh,Xã Tiên Du,21.1573477,106.0138026,120,Unhealthy for Sensitive Groups,2,20.2,98,0.0,8.5,138,1011.5,100,74.7,75.9,521.0,31.6,25.0,21.8
2026-02-26 08:00:00,2026,2,26,8,Bắc Ninh,Xã Tiên Du,21.1573477,106.0138026,123,Unhealthy for Sensitive Groups,2,20.5,97,0.4,8.8,139,1012.0,100,64.7,66.1,498.0,31.2,29.0,22.0
2026-02-26 09:00:00,2026,2,26,9,Bắc Ninh,Xã Tiên Du,21.1573477,106.0138026,126,Unhealthy for Sensitive Groups,2,20.9,95,0.4,10.3,137,1012.0,98,52.0,53.2,444.0,30.5,35.0,22.3
2026-02-26 10:00:00,2026,2,26,10,Bắc Ninh,Xã Tiên Du,21.1573477,106.0138026,127,Unhealthy for Sensitive Groups,2,22.4,87,0.3,11.7,149,1012.0,100,48.4,49.2,402.0,30.1,41.0,23.2
2026-02-26 11:00:00,2026,2,26,11,Bắc Ninh,Xã Tiên Du,21.1573477,106.0138026,129,Unhealthy for Sensitive Groups,2,22.5,87,0.2,12.9,161,1011.2,100,48.4,49.5,389.0,30.3,45.0,25.2
2026-02-26 12:00:00,2026,2,26,12,Bắc Ninh,Xã Tiên Du,21.1573477,106.0138026,131,Unhealthy for Sensitive Groups,2,23.0,85,0.5,13.0,179,1010.0,100,46.1,47.4,388.0,30.7,48.0,27.7
2026-02-26 13:00:00,2026,2,26,13,Bắc Ninh,Xã Tiên Du,21.1573477,106.0138026,133,Unhealthy for Sensitive Groups,2,22.2,90,0.7,8.9,167,1009.4,100,47.6,48.9,385.0,30.1,53.0,29.4
2026-02-26 14:00:00,2026,2,26,14,Bắc Ninh,Xã Tiên Du,21.1573477,106.0138026,134,Unhealthy for Sensitive Groups,2,22.5,87,0.2,11.0,157,1007.7,93,44.1,45.4,365.0,26.5,64.0,29.5
2026-02-26 15:00:00,2026,2,26,15,Bắc Ninh,Xã Tiên Du,21.1573477,106.0138026,136,Unhealthy for Sensitive Groups,2,24.5,75,0.0,12.6,167,1006.8,81,38.3,39.5,344.0,21.8,77.0,28.8
2026-02-26 16:00:00,2026,2,26,16,Bắc Ninh,Xã Tiên Du,21.1573477,106.0138026,137,Unhealthy for Sensitive Groups,2,24.6,72,0.0,13.9,163,1006.1,100,35.5,36.7,357.0,20.7,83.0,28.4
2026-02-26 17:00:00,2026,2,26,17,Bắc Ninh,Xã Tiên Du,21.1573477,106.0138026,137,Unhealthy for Sensitive Groups,2,23.4,80,0.0,14.5,160,1005.7,33,33.6,34.8,445.0,27.2,74.0,29.1
2026-02-26 18:00:00,2026,2,26,18,Bắc Ninh,Xã Tiên Du,21.1573477,106.0138026,138,Unhealthy for Sensitive Groups,2,22.2,87,0.0,11.4,151,1005.8,73,38.4,39.3,567.0,37.3,57.0,30.1
2026-02-26 19:00:00,2026,2,26,19,Bắc Ninh,Xã Tiên Du,21.1573477,106.0138026,138,Unhealthy for Sensitive Groups,2,22.1,93,0.0,8.2,140,1005.7,73,40.5,41.0,633.0,41.7,45.0,31.6
2026-02-26 20:00:00,2026,2,26,20,Bắc Ninh,Xã Tiên Du,21.1573477,106.0138026,139,Unhealthy for Sensitive Groups,2,21.7,95,0.0,10.3,131,1006.4,72,42.5,43.0,587.0,40.9,43.0,31.4
2026-02-26 21:00:00,2026,2,26,21,Bắc Ninh,Xã Tiên Du,21.1573477,106.0138026,139,Unhealthy for Sensitive Groups,2,21.4,94,0.0,12.1,140,1006.9,77,41.7,42.5,484.0,39.7,40.0,31.1
2026-02-26 22:00:00,2026,2,26,22,Bắc Ninh,Xã Tiên Du,21.1573477,106.0138026,139,Unhealthy for Sensitive Groups,2,21.0,93,0.0,11.2,148,1007.3,64,40.9,42.0,403.0,38.2,38.0,30.1
2026-02-26 23:00:00,2026,2,26,23,Bắc Ninh,Xã Tiên Du,21.1573477,106.0138026,138,Unhealthy for Sensitive Groups,2,20.7,95,0.0,10.7,147,1007.7,40,39.3,41.0,377.0,36.1,37.0,27.8
2026-02-27 00:00:00,2026,2,27,0,Bắc Ninh,Xã Tiên Du,21.1573477,106.0138026,137,Unhealthy for Sensitive Groups,2,20.5,95,0.0,9.2,140,1007.5,13,36.6,38.6,373.0,33.7,37.0,24.8
2026-02-27 01:00:00,2026,2,27,1,Bắc Ninh,Xã Tiên Du,21.1573477,106.0138026,136,Unhealthy for Sensitive Groups,2,21.0,95,0.0,8.7,142,1006.9,40,34.7,37.4,368.0,31.7,36.0,22.3
2026-02-27 02:00:00,2026,2,27,2,Bắc Ninh,Xã Tiên Du,21.1573477,106.0138026,134,Unhealthy for Sensitive Groups,2,20.6,95,0.0,7.5,138,1006.5,0,34.9,38.0,345.0,30.2,35.0,20.7
2026-02-27 03:00:00,2026,2,27,3,Bắc Ninh,Xã Tiên Du,21.1573477,106.0138026,132,Unhealthy for Sensitive Groups,2,20.2,95,0.0,6.9,131,1006.3,0,36.1,39.3,321.0,29.1,33.0,19.6
2026-02-27 04:00:00,2026,2,27,4,Bắc Ninh,Xã Tiên Du,21.1573477,106.0138026,129,Unhealthy for Sensitive Groups,2,20.0,95,0.0,7.3,134,1006.4,20,37.6,40.7,329.0,28.9,31.0,19.5
2026-02-27 05:00:00,2026,2,27,5,Bắc Ninh,Xã Tiên Du,21.1573477,106.0138026,126,Unhealthy for Sensitive Groups,2,19.9,96,0.0,7.8,138,1006.7,9,38.5,41.7,402.0,30.5,27.0,20.9
2026-02-27 06:00:00,2026,2,27,6,Bắc Ninh,Xã Tiên Du,21.1573477,106.0138026,123,Unhealthy for Sensitive Groups,2,19.7,97,0.0,7.3,144,1007.3,7,41.3,44.7,507.0,33.1,23.0,23.4
2026-02-27 07:00:00,2026,2,27,7,Bắc Ninh,Xã Tiên Du,21.1573477,106.0138026,119,Unhealthy for Sensitive Groups,2,19.7,95,0.0,7.4,122,1007.8,9,58.1,60.5,569.0,32.2,20.0,21.0
2026-02-27 08:00:00,2026,2,27,8,Bắc Ninh,Xã Tiên Du,21.1573477,106.0138026,117,Unhealthy for Sensitive Groups,2,21.9,88,0.0,5.2,151,1008.6,9,54.9,57.5,545.0,30.6,31.0,24.2
2026-02-27 09:00:00,2026,2,27,9,Bắc Ninh,Xã Tiên Du,21.1573477,106.0138026,116,Unhealthy for Sensitive Groups,2,23.9,80,0.0,6.2,192,1008.6,16,50.5,53.2,479.0,28.4,47.0,28.5
2026-02-27 10:00:00,2026,2,27,10,Bắc Ninh,Xã Tiên Du,21.1573477,106.0138026,116,Unhealthy for Sensitive Groups,2,25.9,72,0.0,8.9,209,1009.1,52,45.3,47.5,433.0,26.3,63.0,31.7
2026-02-27 11:00:00,2026,2,27,11,Bắc Ninh,Xã Tiên Du,21.1573477,106.0138026,116,Unhealthy for Sensitive Groups,2,26.6,69,0.0,10.1,205,1008.1,79,46.3,48.1,440.0,24.7,79.0,32.8
2026-02-27 12:00:00,2026,2,27,12,Bắc Ninh,Xã Tiên Du,21.1573477,106.0138026,116,Unhealthy for Sensitive Groups,2,27.9,65,0.0,11.1,207,1007.1,56,50.4,51.9,466.0,23.1,96.0,32.6
2026-02-27 13:00:00,2026,2,27,13,Bắc Ninh,Xã Tiên Du,21.1573477,106.0138026,116,Unhealthy for Sensitive Groups,2,28.0,64,0.0,10.5,207,1006.3,94,54.1,55.5,473.0,21.3,110.0,31.5
2026-02-27 14:00:00,2026,2,27,14,Bắc Ninh,Xã Tiên Du,21.1573477,106.0138026,117,Unhealthy for Sensitive Groups,2,28.5,63,0.1,11.5,178,1004.5,44,55.3,56.3,435.0,17.9,123.0,28.8
2026-02-27 15:00:00,2026,2,27,15,Bắc Ninh,Xã Tiên Du,21.1573477,106.0138026,118,Unhealthy for Sensitive Groups,2,28.2,63,0.1,13.9,169,1003.6,59,52.7,53.6,377.0,14.2,134.0,25.0
2026-02-27 16:00:00,2026,2,27,16,Bắc Ninh,Xã Tiên Du,21.1573477,106.0138026,120,Unhealthy for Sensitive Groups,2,27.5,66,0.1,16.4,163,1003.3,34,50.2,50.9,337.0,13.5,134.0,22.3
2026-02-27 17:00:00,2026,2,27,17,Bắc Ninh,Xã Tiên Du,21.1573477,106.0138026,121,Unhealthy for Sensitive Groups,2,26.5,72,0.0,18.4,158,1003.4,20,48.9,49.5,336.0,18.9,113.0,21.8
2026-02-27 18:00:00,2026,2,27,18,Bắc Ninh,Xã Tiên Du,21.1573477,106.0138026,123,Unhealthy for Sensitive Groups,2,25.1,78,0.0,15.0,153,1003.9,14,48.0,48.5,353.0,27.2,81.0,22.2
2026-02-27 19:00:00,2026,2,27,19,Bắc Ninh,Xã Tiên Du,21.1573477,106.0138026,124,Unhealthy for Sensitive Groups,2,23.9,85,0.0,16.3,143,1004.2,27,51.1,51.5,359.0,41.6,51.0,29.8
2026-02-27 20:00:00,2026,2,27,20,Bắc Ninh,Xã Tiên Du,21.1573477,106.0138026,125,Unhealthy for Sensitive Groups,2,23.9,90,0.0,18.3,145,1005.0,26,39.2,39.6,341.0,38.8,46.0,28.0
2026-02-27 21:00:00,2026,2,27,21,Bắc Ninh,Xã Tiên Du,21.1573477,106.0138026,124,Unhealthy for Sensitive Groups,2,23.5,95,0.0,17.1,146,1005.4,100,30.2,30.6,312.0,34.8,39.0,25.5
2026-02-27 22:00:00,2026,2,27,22,Bắc Ninh,Xã Tiên Du,21.1573477,106.0138026,123,Unhealthy for Sensitive Groups,2,23.6,95,0.0,16.4,150,1005.8,100,28.2,28.5,287.0,31.0,35.0,22.8
2026-02-27 23:00:00,2026,2,27,23,Bắc Ninh,Xã Tiên Du,21.1573477,106.0138026,122,Unhealthy for Sensitive Groups,2,23.5,96,0.0,15.5,152,1005.9,100,30.2,30.5,269.0,27.7,36.0,20.2
2026-02-28 00:00:00,2026,2,28,0,Bắc Ninh,Xã Tiên Du,21.1573477,106.0138026,121,Unhealthy for Sensitive Groups,2,23.5,96,0.0,14.0,150,1005.7,100,32.1,32.6,255.0,24.5,41.0,17.5
2026-02-28 01:00:00,2026,2,28,1,Bắc Ninh,Xã Tiên Du,21.1573477,106.0138026,121,Unhealthy for Sensitive Groups,2,23.6,98,0.0,14.3,146,1005.3,100,34.7,35.2,246.0,21.7,44.0,15.0
2026-02-28 02:00:00,2026,2,28,2,Bắc Ninh,Xã Tiên Du,21.1573477,106.0138026,120,Unhealthy for Sensitive Groups,2,23.5,97,0.0,11.6,139,1004.9,100,38.0,38.6,240.0,19.1,46.0,12.5
2026-02-28 03:00:00,2026,2,28,3,Bắc Ninh,Xã Tiên Du,21.1573477,106.0138026,121,Unhealthy for Sensitive Groups,2,23.2,98,0.0,9.8,126,1004.4,100,41.2,42.0,239.0,16.8,47.0,10.1
2026-02-28 04:00:00,2026,2,28,4,Bắc Ninh,Xã Tiên Du,21.1573477,106.0138026,121,Unhealthy for Sensitive Groups,2,23.1,98,0.1,12.9,133,1004.1,100,43.3,44.4,255.0,15.9,47.0,8.9
2026-02-28 05:00:00,2026,2,28,5,Bắc Ninh,Xã Tiên Du,21.1573477,106.0138026,122,Unhealthy for Sensitive Groups,2,23.0,98,0.0,13.8,138,1004.7,100,45.3,46.4,302.0,17.2,46.0,9.3
2026-02-28 06:00:00,2026,2,28,6,Bắc Ninh,Xã Tiên Du,21.1573477,106.0138026,123,Unhealthy for Sensitive Groups,2,23.0,97,0.0,13.3,138,1005.2,100,47.5,48.7,366.0,19.8,44.0,10.8
2026-02-28 07:00:00,2026,2,28,7,Bắc Ninh,Xã Tiên Du,21.1573477,106.0138026,123,Unhealthy for Sensitive Groups,2,23.3,96,0.0,14.1,142,1005.7,100,37.4,38.4,409.0,24.3,47.0,16.4
2026-02-28 08:00:00,2026,2,28,8,Bắc Ninh,Xã Tiên Du,21.1573477,106.0138026,121,Unhealthy for Sensitive Groups,2,24.0,92,0.1,17.1,154,1006.3,100,35.9,36.8,411.0,24.2,53.0,17.6
2026-02-28 09:00:00,2026,2,28,9,Bắc Ninh,Xã Tiên Du,21.1573477,106.0138026,119,Unhealthy for Sensitive Groups,2,25.1,85,0.1,18.7,162,1006.9,100,35.9,36.8,394.0,24.0,62.0,19.3
2026-02-28 10:00:00,2026,2,28,10,Bắc Ninh,Xã Tiên Du,21.1573477,106.0138026,118,Unhealthy for Sensitive Groups,2,26.5,78,0.1,17.0,170,1007.3,100,40.5,41.4,379.0,22.7,74.0,20.4
2026-02-28 11:00:00,2026,2,28,11,Bắc Ninh,Xã Tiên Du,21.1573477,106.0138026,117,Unhealthy for Sensitive Groups,2,28.1,70,0.1,19.1,178,1006.4,100,42.0,43.0,378.0,19.4,93.0,20.4
2026-02-28 12:00:00,2026,2,28,12,Bắc Ninh,Xã Tiên Du,21.1573477,106.0138026,117,Unhealthy for Sensitive Groups,2,29.5,64,0.0,20.2,180,1005.0,100,49.5,50.3,381.0,15.0,115.0,19.8
2026-02-28 13:00:00,2026,2,28,13,Bắc Ninh,Xã Tiên Du,21.1573477,106.0138026,117,Unhealthy for Sensitive Groups,2,29.4,65,0.0,19.9,168,1004.1,77,51.2,51.9,380.0,11.5,133.0,18.9
2026-02-28 14:00:00,2026,2,28,14,Bắc Ninh,Xã Tiên Du,21.1573477,106.0138026,116,Unhealthy for Sensitive Groups,2,29.1,68,0.0,23.2,166,1003.0,55,41.8,42.1,371.0,8.9,146.0,17.4
2026-02-28 15:00:00,2026,2,28,15,Bắc Ninh,Xã Tiên Du,21.1573477,106.0138026,115,Unhealthy for Sensitive Groups,2,28.0,76,0.4,18.8,161,1002.2,21,40.3,40.5,359.0,7.2,156.0,15.6
2026-02-28 16:00:00,2026,2,28,16,Bắc Ninh,Xã Tiên Du,21.1573477,106.0138026,114,Unhealthy for Sensitive Groups,2,28.4,72,0.0,21.4,165,1001.9,84,37.1,37.4,352.0,8.9,153.0,15.1
2026-02-28 17:00:00,2026,2,28,17,Bắc Ninh,Xã Tiên Du,21.1573477,106.0138026,112,Unhealthy for Sensitive Groups,2,27.8,73,0.0,17.7,160,1002.2,84,35.3,35.5,355.0,17.1,130.0,17.4
2026-02-28 18:00:00,2026,2,28,18,Bắc Ninh,Xã Tiên Du,21.1573477,106.0138026,111,Unhealthy for Sensitive Groups,2,26.1,79,0.0,16.1,148,1002.7,88,36.6,36.8,363.0,28.7,95.0,20.9
2026-02-28 19:00:00,2026,2,28,19,Bắc Ninh,Xã Tiên Du,21.1573477,106.0138026,110,Unhealthy for Sensitive Groups,2,25.5,84,0.0,16.1,146,1003.4,66,26.7,27.4,369.0,26.6,75.0,19.7
2026-02-28 20:00:00,2026,2,28,20,Bắc Ninh,Xã Tiên Du,21.1573477,106.0138026,107,Unhealthy for Sensitive Groups,2,24.9,87,0.0,16.5,144,1004.0,41,25.4,26.3,370.0,26.6,68.0,19.8
2026-02-28 21:00:00,2026,2,28,21,Bắc Ninh,Xã Tiên Du,21.1573477,106.0138026,106,Unhealthy for Sensitive Groups,2,24.1,92,0.0,15.2,149,1004.4,12,24.3,26.0,369.0,26.6,57.0,20.0
2026-02-28 22:00:00,2026,2,28,22,Bắc Ninh,Xã Tiên Du,21.1573477,106.0138026,105,Unhealthy for Sensitive Groups,2,23.6,95,0.0,14.0,151,1004.6,27,24.7,26.5,362.0,26.4,50.0,19.9
2026-02-28 23:00:00,2026,2,28,23,Bắc Ninh,Xã Tiên Du,21.1573477,106.0138026,105,Unhealthy for Sensitive Groups,2,23.3,96,0.0,12.9,152,1005.0,73,25.4,27.4,347.0,25.9,48.0,19.4
2026-03-01 00:00:00,2026,3,1,0,Bắc Ninh,Xã Tiên Du,21.1573477,106.0138026,104,Unhealthy for Sensitive Groups,2,23.0,96,0.0,11.6,143,1004.7,83,25.1,27.2,327.0,25.2,48.0,18.7
2026-03-01 01:00:00,2026,3,1,1,Bắc Ninh,Xã Tiên Du,21.1573477,106.0138026,103,Unhealthy for Sensitive Groups,2,23.5,97,0.0,12.1,134,1004.5,86,24.4,26.5,307.0,24.2,49.0,17.9
2026-03-01 02:00:00,2026,3,1,2,Bắc Ninh,Xã Tiên Du,21.1573477,106.0138026,102,Unhealthy for Sensitive Groups,2,23.4,97,0.0,14.5,134,1003.7,77,23.6,25.9,282.0,22.6,50.0,16.7
2026-03-01 03:00:00,2026,3,1,3,Bắc Ninh,Xã Tiên Du,21.1573477,106.0138026,101,Unhealthy for Sensitive Groups,2,23.1,97,0.0,13.8,137,1003.4,88,23.1,25.4,257.0,20.8,52.0,15.3
2026-03-01 04:00:00,2026,3,1,4,Bắc Ninh,Xã Tiên Du,21.1573477,106.0138026,99,Moderate,1,23.0,97,0.0,12.9,138,1003.7,55,22.8,25.3,257.0,19.9,54.0,14.6
2026-03-01 05:00:00,2026,3,1,5,Bắc Ninh,Xã Tiên Du,21.1573477,106.0138026,97,Moderate,1,22.8,97,0.0,12.7,141,1004.2,100,23.6,26.1,307.0,20.9,53.0,14.7
2026-03-01 06:00:00,2026,3,1,6,Bắc Ninh,Xã Tiên Du,21.1573477,106.0138026,95,Moderate,1,22.8,97,0.0,13.5,139,1004.7,100,25.4,28.1,383.0,22.8,51.0,15.5
2026-03-01 07:00:00,2026,3,1,7,Bắc Ninh,Xã Tiên Du,21.1573477,106.0138026,93,Moderate,1,22.5,98,0.0,11.3,124,1005.7,100,27.7,30.9,435.0,27.5,38.0,17.1
2026-03-01 08:00:00,2026,3,1,8,Bắc Ninh,Xã Tiên Du,21.1573477,106.0138026,93,Moderate,1,24.0,90,0.0,15.1,145,1006.4,100,32.1,34.5,438.0,25.6,47.0,18.0
2026-03-01 09:00:00,2026,3,1,9,Bắc Ninh,Xã Tiên Du,21.1573477,106.0138026,92,Moderate,1,25.1,85,0.0,13.8,156,1007.1,100,35.3,37.1,419.0,22.8,60.0,19.3
2026-03-01 10:00:00,2026,3,1,10,Bắc Ninh,Xã Tiên Du,21.1573477,106.0138026,92,Moderate,1,27.0,77,0.0,13.7,167,1007.2,100,37.6,39.1,403.0,19.6,81.0,20.4
2026-03-01 11:00:00,2026,3,1,11,Bắc Ninh,Xã Tiên Du,21.1573477,106.0138026,92,Moderate,1,28.5,68,0.0,11.7,175,1006.6,61,40.0,41.2,402.0,15.5,114.0,21.3
2026-03-01 12:00:00,2026,3,1,12,Bắc Ninh,Xã Tiên Du,21.1573477,106.0138026,92,Moderate,1,29.9,66,0.0,7.0,176,1005.3,22,44.0,44.9,406.0,11.0,155.0,22.0
2026-03-01 13:00:00,2026,3,1,13,Bắc Ninh,Xã Tiên Du,21.1573477,106.0138026,91,Moderate,1,30.0,63,0.0,5.1,174,1004.6,12,47.5,48.3,410.0,7.9,186.0,22.6
2026-03-01 14:00:00,2026,3,1,14,Bắc Ninh,Xã Tiên Du,21.1573477,106.0138026,91,Moderate,1,31.0,60,0.0,7.8,158,1003.1,52,48.5,49.1,416.0,6.6,204.0,23.1
2026-03-01 15:00:00,2026,3,1,15,Bắc Ninh,Xã Tiên Du,21.1573477,106.0138026,92,Moderate,1,31.4,59,0.0,12.3,155,1002.4,100,48.1,48.7,422.0,6.6,214.0,23.5
2026-03-01 16:00:00,2026,3,1,16,Bắc Ninh,Xã Tiên Du,21.1573477,106.0138026,92,Moderate,1,30.6,58,0.4,15.4,150,1002.1,88,46.4,46.9,424.0,8.5,211.0,23.8
2026-03-01 17:00:00,2026,3,1,17,Bắc Ninh,Xã Tiên Du,21.1573477,106.0138026,127,Unhealthy for Sensitive Groups,2,28.9,69,0.0,19.5,143,1002.6,58,44.1,44.6,415.0,13.7,188.0,24.1
2026-03-01 18:00:00,2026,3,1,18,Bắc Ninh,Xã Tiên Du,21.1573477,106.0138026,153,Unhealthy,3,27.5,78,0.0,18.1,143,1002.9,47,39.8,40.3,403.0,20.8,153.0,24.3
2026-03-01 19:00:00,2026,3,1,19,Bắc Ninh,Xã Tiên Du,21.1573477,106.0138026,165,Unhealthy,3,26.5,86,0.0,17.3,128,1003.2,7,42.3,42.8,398.0,28.9,126.0,29.1
2026-03-01 20:00:00,2026,3,1,20,Bắc Ninh,Xã Tiên Du,21.1573477,106.0138026,167,Unhealthy,3,25.5,90,0.0,17.1,138,1004.0,5,37.1,38.2,416.0,28.7,110.0,27.0
2026-03-01 21:00:00,2026,3,1,21,Bắc Ninh,Xã Tiên Du,21.1573477,106.0138026,159,Unhealthy,3,24.9,93,0.0,15.5,148,1004.7,1,34.3,35.5,442.0,28.5,89.0,24.0
2026-03-01 22:00:00,2026,3,1,22,Bắc Ninh,Xã Tiên Du,21.1573477,106.0138026,142,Unhealthy for Sensitive Groups,2,24.3,95,0.0,0.8,333,1006.3,89,33.5,35.4,448.0,28.0,71.0,21.3
2026-03-01 23:00:00,2026,3,1,23,Bắc Ninh,Xã Tiên Du,21.1573477,106.0138026,114,Unhealthy for Sensitive Groups,2,24.0,96,0.1,9.0,53,1006.4,100,32.4,34.9,414.0,27.2,61.0,19.3
2026-03-02 00:00:00,2026,3,2,0,Bắc Ninh,Xã Tiên Du,21.1573477,106.0138026,99,Moderate,1,23.9,96,0.0,12.2,107,1005.9,69,31.0,33.4,360.0,26.2,55.0,17.6
2026-03-02 01:00:00,2026,3,2,1,Bắc Ninh,Xã Tiên Du,21.1573477,106.0138026,99,Moderate,1,24.0,99,0.0,13.3,113,1005.5,30,29.7,32.4,316.0,25.0,51.0,16.2
2026-03-02 02:00:00,2026,3,2,2,Bắc Ninh,Xã Tiên Du,21.1573477,106.0138026,100,Moderate,1,23.8,98,0.0,10.9,117,1005.1,23,28.4,31.1,289.0,23.1,49.0,14.8
2026-03-02 03:00:00,2026,3,2,3,Bắc Ninh,Xã Tiên Du,21.1573477,106.0138026,100,Moderate,1,23.5,98,0.0,6.7,106,1005.2,95,26.7,29.4,273.0,21.1,48.0,13.7
2026-03-02 04:00:00,2026,3,2,4,Bắc Ninh,Xã Tiên Du,21.1573477,106.0138026,101,Unhealthy for Sensitive Groups,2,23.5,98,0.0,7.6,108,1005.3,100,25.0,27.6,278.0,20.1,48.0,13.3
2026-03-02 05:00:00,2026,3,2,5,Bắc Ninh,Xã Tiên Du,21.1573477,106.0138026,101,Unhealthy for Sensitive Groups,2,23.4,98,0.0,9.7,114,1005.9,100,23.7,26.4,323.0,21.5,47.0,14.2
2026-03-02 06:00:00,2026,3,2,6,Bắc Ninh,Xã Tiên Du,21.1573477,106.0138026,101,Unhealthy for Sensitive Groups,2,23.2,97,0.0,10.0,120,1006.5,100,24.5,27.4,390.0,24.0,46.0,15.9
2026-03-02 07:00:00,2026,3,2,7,Bắc Ninh,Xã Tiên Du,21.1573477,106.0138026,101,Unhealthy for Sensitive Groups,2,23.9,96,0.0,11.6,114,1007.5,100,28.7,31.8,433.0,28.5,38.0,18.7
2026-03-02 08:00:00,2026,3,2,8,Bắc Ninh,Xã Tiên Du,21.1573477,106.0138026,101,Unhealthy for Sensitive Groups,2,24.6,92,0.0,13.7,125,1008.2,100,33.3,36.6,428.0,26.1,47.0,17.8
2026-03-02 09:00:00,2026,3,2,9,Bắc Ninh,Xã Tiên Du,21.1573477,106.0138026,101,Unhealthy for Sensitive Groups,2,25.5,88,0.0,11.4,141,1008.7,100,35.3,37.7,399.0,22.7,62.0,16.5
2026-03-02 10:00:00,2026,3,2,10,Bắc Ninh,Xã Tiên Du,21.1573477,106.0138026,101,Unhealthy for Sensitive Groups,2,26.6,82,0.1,6.6,158,1009.0,100,36.1,38.3,373.0,19.1,79.0,15.0
2026-03-02 11:00:00,2026,3,2,11,Bắc Ninh,Xã Tiên Du,21.1573477,106.0138026,101,Unhealthy for Sensitive Groups,2,27.8,78,0.1,4.2,168,1008.7,100,40.9,42.7,360.0,15.0,102.0,13.1
2026-03-02 12:00:00,2026,3,2,12,Bắc Ninh,Xã Tiên Du,21.1573477,106.0138026,101,Unhealthy for Sensitive Groups,2,28.5,74,0.0,4.6,154,1007.9,52,44.7,46.4,350.0,10.6,128.0,10.9
2026-03-02 13:00:00,2026,3,2,13,Bắc Ninh,Xã Tiên Du,21.1573477,106.0138026,101,Unhealthy for Sensitive Groups,2,30.4,63,0.0,8.9,148,1006.7,45,46.7,48.1,345.0,7.5,151.0,9.6
2026-03-02 14:00:00,2026,3,2,14,Bắc Ninh,Xã Tiên Du,21.1573477,106.0138026,101,Unhealthy for Sensitive Groups,2,30.9,64,0.0,9.1,146,1005.5,37,47.1,48.4,344.0,5.9,171.0,9.4
2026-03-02 15:00:00,2026,3,2,15,Bắc Ninh,Xã Tiên Du,21.1573477,106.0138026,101,Unhealthy for Sensitive Groups,2,31.0,63,0.0,10.8,138,1004.6,17,48.4,49.7,348.0,5.6,187.0,10.0
2026-03-02 16:00:00,2026,3,2,16,Bắc Ninh,Xã Tiên Du,21.1573477,106.0138026,101,Unhealthy for Sensitive Groups,2,30.9,62,0.0,10.8,132,1004.2,2,48.2,49.4,358.0,7.7,189.0,11.2
2026-03-02 17:00:00,2026,3,2,17,Bắc Ninh,Xã Tiên Du,21.1573477,106.0138026,101,Unhealthy for Sensitive Groups,2,29.8,67,0.0,15.5,133,1004.7,5,47.7,48.7,383.0,14.3,166.0,13.9
2026-03-02 18:00:00,2026,3,2,18,Bắc Ninh,Xã Tiên Du,21.1573477,106.0138026,116,Unhealthy for Sensitive Groups,2,27.8,76,0.0,11.3,126,1005.1,13,46.3,47.3,414.0,23.2,128.0,17.2
2026-03-02 19:00:00,2026,3,2,19,Bắc Ninh,Xã Tiên Du,21.1573477,106.0138026,126,Unhealthy for Sensitive Groups,2,26.0,87,0.0,12.8,114,1005.1,20,54.1,55.5,429.0,28.7,107.0,24.1
2026-03-02 20:00:00,2026,3,2,20,Bắc Ninh,Xã Tiên Du,21.1573477,106.0138026,128,Unhealthy for Sensitive Groups,2,25.5,94,0.0,9.8,125,1006.2,10,47.1,48.7,409.0,29.2,87.0,21.6
2026-03-02 21:00:00,2026,3,2,21,Bắc Ninh,Xã Tiên Du,21.1573477,106.0138026,119,Unhealthy for Sensitive Groups,2,25.0,96,0.0,9.5,101,1007.4,40,44.5,45.9,373.0,29.7,59.0,18.2
2026-03-02 22:00:00,2026,3,2,22,Bắc Ninh,Xã Tiên Du,21.1573477,106.0138026,105,Unhealthy for Sensitive Groups,2,25.0,95,0.3,8.7,24,1008.5,100,43.9,45.3,350.0,28.8,40.0,15.0
2026-03-02 23:00:00,2026,3,2,23,Bắc Ninh,Xã Tiên Du,21.1573477,106.0138026,107,Unhealthy for Sensitive Groups,2,22.4,94,2.7,14.7,24,1009.1,100,41.6,43.0,353.0,25.5,37.0,12.1
2026-03-03 00:00:00,2026,3,3,0,Bắc Ninh,Xã Tiên Du,21.1573477,106.0138026,107,Unhealthy for Sensitive Groups,2,22.0,93,0.2,12.2,38,1009.4,97,37.3,38.6,369.0,20.9,43.0,9.5
2026-03-03 01:00:00,2026,3,3,1,Bắc Ninh,Xã Tiên Du,21.1573477,106.0138026,108,Unhealthy for Sensitive Groups,2,21.7,93,0.2,14.1,56,1008.8,53,30.3,31.1,390.0,16.7,50.0,8.5
2026-03-03 02:00:00,2026,3,3,2,Bắc Ninh,Xã Tiên Du,21.1573477,106.0138026,108,Unhealthy for Sensitive Groups,2,21.9,93,0.4,7.7,351,1008.8,92,27.5,27.8,412.0,13.2,59.0,10.4
2026-03-03 03:00:00,2026,3,3,3,Bắc Ninh,Xã Tiên Du,21.1573477,106.0138026,108,Unhealthy for Sensitive Groups,2,21.6,93,1.8,12.0,17,1009.4,88,35.5,35.7,440.0,10.1,70.0,13.9
2026-03-03 04:00:00,2026,3,3,4,Bắc Ninh,Xã Tiên Du,21.1573477,106.0138026,109,Unhealthy for Sensitive Groups,2,20.7,86,0.3,17.4,23,1010.0,73,41.7,41.9,477.0,8.3,75.0,16.4
2026-03-03 05:00:00,2026,3,3,5,Bắc Ninh,Xã Tiên Du,21.1573477,106.0138026,111,Unhealthy for Sensitive Groups,2,19.8,84,0.1,16.5,22,1010.8,94,42.8,43.1,537.0,8.8,69.0,16.7
2026-03-03 06:00:00,2026,3,3,6,Bắc Ninh,Xã Tiên Du,21.1573477,106.0138026,113,Unhealthy for Sensitive Groups,2,19.4,79,0.0,17.4,13,1011.7,95,40.3,40.4,607.0,10.7,58.0,16.1
2026-03-03 07:00:00,2026,3,3,7,Bắc Ninh,Xã Tiên Du,21.1573477,106.0138026,114,Unhealthy for Sensitive Groups,2,19.4,73,0.0,19.8,33,1011.7,94,34.6,34.7,649.0,13.2,48.0,18.3
2026-03-03 08:00:00,2026,3,3,8,Bắc Ninh,Xã Tiên Du,21.1573477,106.0138026,115,Unhealthy for Sensitive Groups,2,19.8,71,0.1,14.7,28,1013.1,66,32.8,33.1,641.0,12.7,47.0,17.7
2026-03-03 09:00:00,2026,3,3,9,Bắc Ninh,Xã Tiên Du,21.1573477,106.0138026,115,Unhealthy for Sensitive Groups,2,20.8,66,0.0,22.0,37,1013.7,78,32.8,32.9,604.0,11.9,47.0,17.0
2026-03-03 10:00:00,2026,3,3,10,Bắc Ninh,Xã Tiên Du,21.1573477,106.0138026,115,Unhealthy for Sensitive Groups,2,22.0,63,0.0,19.9,40,1014.5,100,32.0,32.1,569.0,11.1,50.0,16.4
2026-03-03 11:00:00,2026,3,3,11,Bắc Ninh,Xã Tiên Du,21.1573477,106.0138026,114,Unhealthy for Sensitive Groups,2,22.3,62,0.0,17.7,38,1014.4,100,29.7,29.8,544.0,10.0,59.0,16.1
2026-03-03 12:00:00,2026,3,3,12,Bắc Ninh,Xã Tiên Du,21.1573477,106.0138026,113,Unhealthy for Sensitive Groups,2,23.1,59,0.0,15.4,38,1013.4,100,29.0,29.2,519.0,8.8,70.0,15.9
2026-03-03 13:00:00,2026,3,3,13,Bắc Ninh,Xã Tiên Du,21.1573477,106.0138026,111,Unhealthy for Sensitive Groups,2,24.5,57,0.0,15.9,47,1012.3,100,30.0,30.2,496.0,8.2,80.0,16.2
2026-03-03 14:00:00,2026,3,3,14,Bắc Ninh,Xã Tiên Du,21.1573477,106.0138026,110,Unhealthy for Sensitive Groups,2,25.0,53,0.0,15.9,61,1011.7,100,31.9,32.0,467.0,7.9,87.0,16.8
2026-03-03 15:00:00,2026,3,3,15,Bắc Ninh,Xã Tiên Du,21.1573477,106.0138026,108,Unhealthy for Sensitive Groups,2,24.3,53,0.0,18.0,61,1011.1,100,33.5,33.8,439.0,8.2,92.0,17.9
2026-03-03 16:00:00,2026,3,3,16,Bắc Ninh,Xã Tiên Du,21.1573477,106.0138026,107,Unhealthy for Sensitive Groups,2,24.0,54,0.0,16.5,54,1011.3,100,34.1,34.3,433.0,10.7,92.0,19.6
2026-03-03 17:00:00,2026,3,3,17,Bắc Ninh,Xã Tiên Du,21.1573477,106.0138026,105,Unhealthy for Sensitive Groups,2,23.8,55,0.0,13.9,48,1011.8,100,34.9,35.2,468.0,18.4,81.0,22.9
2026-03-03 18:00:00,2026,3,3,18,Bắc Ninh,Xã Tiên Du,21.1573477,106.0138026,104,Unhealthy for Sensitive Groups,2,23.2,56,0.0,14.0,55,1012.7,100,39.6,39.8,526.0,28.3,64.0,26.9
2026-03-03 19:00:00,2026,3,3,19,Bắc Ninh,Xã Tiên Du,21.1573477,106.0138026,103,Unhealthy for Sensitive Groups,2,21.5,59,0.0,16.9,45,1013.5,95,46.7,46.8,566.0,12.8,71.0,21.1
2026-03-03 20:00:00,2026,3,3,20,Bắc Ninh,Xã Tiên Du,21.1573477,106.0138026,102,Unhealthy for Sensitive Groups,2,21.3,58,0.0,17.3,46,1014.6,100,44.1,44.2,571.0,12.4,69.0,19.9
2026-03-03 21:00:00,2026,3,3,21,Bắc Ninh,Xã Tiên Du,21.1573477,106.0138026,102,Unhealthy for Sensitive Groups,2,21.0,58,0.0,16.8,47,1015.7,100,46.4,46.9,558.0,11.9,66.0,18.1
2026-03-03 22:00:00,2026,3,3,22,Bắc Ninh,Xã Tiên Du,21.1573477,106.0138026,102,Unhealthy for Sensitive Groups,2,20.5,59,0.0,17.9,40,1016.3,99,35.5,35.7,547.0,11.3,64.0,16.4
2026-03-03 23:00:00,2026,3,3,23,Bắc Ninh,Xã Tiên Du,21.1573477,106.0138026,101,Unhealthy for Sensitive Groups,2,20.0,60,0.0,18.1,41,1016.6,100,31.0,31.2,546.0,10.8,63.0,14.9
2026-03-04 00:00:00,2026,3,4,0,Bắc Ninh,Xã Tiên Du,21.1573477,106.0138026,100,Moderate,1,19.6,60,0.0,19.0,38,1017.0,100,27.9,28.5,547.0,10.3,63.0,13.4
2026-03-04 01:00:00,2026,3,4,1,Bắc Ninh,Xã Tiên Du,21.1573477,106.0138026,99,Moderate,1,19.3,62,0.0,17.2,34,1016.8,100,24.2,24.6,536.0,9.8,63.0,12.1
2026-03-04 02:00:00,2026,3,4,2,Bắc Ninh,Xã Tiên Du,21.1573477,106.0138026,99,Moderate,1,18.9,62,0.0,15.3,30,1016.5,100,22.2,22.7,498.0,9.2,63.0,10.9
2026-03-04 03:00:00,2026,3,4,3,Bắc Ninh,Xã Tiên Du,21.1573477,106.0138026,98,Moderate,1,18.6,62,0.0,12.9,28,1016.4,100,20.8,21.4,450.0,8.7,63.0,9.9
2026-03-04 04:00:00,2026,3,4,4,Bắc Ninh,Xã Tiên Du,21.1573477,106.0138026,97,Moderate,1,18.5,61,0.0,11.8,29,1016.8,100,18.5,18.9,427.0,8.7,62.0,9.3
2026-03-04 05:00:00,2026,3,4,5,Bắc Ninh,Xã Tiên Du,21.1573477,106.0138026,95,Moderate,1,18.2,60,0.0,11.9,30,1017.3,100,16.8,17.1,458.0,9.7,60.0,9.5
2026-03-04 06:00:00,2026,3,4,6,Bắc Ninh,Xã Tiên Du,21.1573477,106.0138026,93,Moderate,1,18.0,60,0.0,13.2,30,1017.5,99,16.2,16.4,516.0,11.2,57.0,10.3
2026-03-04 07:00:00,2026,3,4,7,Bắc Ninh,Xã Tiên Du,21.1573477,106.0138026,91,Moderate,1,18.0,62,0.0,11.8,34,1017.8,100,23.9,24.3,552.0,13.3,54.0,12.9
2026-03-04 08:00:00,2026,3,4,8,Bắc Ninh,Xã Tiên Du,21.1573477,106.0138026,90,Moderate,1,18.1,59,0.0,13.4,36,1018.5,100,19.9,20.3,540.0,12.5,56.0,13.3
2026-03-04 09:00:00,2026,3,4,9,Bắc Ninh,Xã Tiên Du,21.1573477,106.0138026,88,Moderate,1,18.5,58,0.0,13.2,28,1018.6,100,16.8,17.0,507.0,11.3,60.0,13.8
2026-03-04 10:00:00,2026,3,4,10,Bắc Ninh,Xã Tiên Du,21.1573477,106.0138026,87,Moderate,1,19.3,57,0.0,11.2,26,1018.6,94,14.4,14.6,484.0,10.0,68.0,14.2
2026-03-04 11:00:00,2026,3,4,11,Bắc Ninh,Xã Tiên Du,21.1573477,106.0138026,85,Moderate,1,20.5,56,0.0,9.6,14,1018.3,89,13.0,13.1,486.0,8.3,82.0,14.1
2026-03-04 12:00:00,2026,3,4,12,Bắc Ninh,Xã Tiên Du,21.1573477,106.0138026,84,Moderate,1,21.5,55,0.0,7.0,23,1016.9,88,12.8,12.9,498.0,6.5,99.0,13.9
2026-03-04 13:00:00,2026,3,4,13,Bắc Ninh,Xã Tiên Du,21.1573477,106.0138026,83,Moderate,1,21.5,56,0.0,5.5,49,1015.9,42,13.9,14.0,512.0,5.5,114.0,14.1
2026-03-04 14:00:00,2026,3,4,14,Bắc Ninh,Xã Tiên Du,21.1573477,106.0138026,81,Moderate,1,22.0,55,0.0,4.7,99,1014.3,48,15.7,15.8,511.0,4.0,127.0,14.5
2026-03-04 15:00:00,2026,3,4,15,Bắc Ninh,Xã Tiên Du,21.1573477,106.0138026,80,Moderate,1,22.7,54,0.0,3.7,113,1013.2,55,17.8,18.0,512.0,3.3,137.0,15.3
2026-03-04 16:00:00,2026,3,4,16,Bắc Ninh,Xã Tiên Du,21.1573477,106.0138026,78,Moderate,1,22.8,54,0.0,5.7,136,1012.7,9,20.3,20.5,559.0,8.7,136.0,18.3
2026-03-04 17:00:00,2026,3,4,17,Bắc Ninh,Xã Tiên Du,21.1573477,106.0138026,77,Moderate,1,22.0,57,0.0,7.3,157,1012.9,1,23.2,23.5,713.0,25.8,115.0,25.2
2026-03-04 18:00:00,2026,3,4,18,Bắc Ninh,Xã Tiên Du,21.1573477,106.0138026,76,Moderate,1,20.2,66,0.0,7.4,186,1013.0,2,45.3,45.4,913.0,48.9,82.0,34.2
2026-03-04 19:00:00,2026,3,4,19,Bắc Ninh,Xã Tiên Du,21.1573477,106.0138026,77,Moderate,1,19.4,71,0.0,7.6,175,1013.1,3,69.2,69.4,1019.0,52.3,46.0,37.2
2026-03-04 20:00:00,2026,3,4,20,Bắc Ninh,Xã Tiên Du,21.1573477,106.0138026,79,Moderate,1,18.9,75,0.0,9.8,150,1014.0,0,84.8,85.0,940.0,57.0,38.0,40.8
2026-03-04 21:00:00,2026,3,4,21,Bắc Ninh,Xã Tiên Du,21.1573477,106.0138026,82,Moderate,1,18.0,82,0.0,12.8,141,1014.7,6,93.4,93.6,767.0,63.2,28.0,45.6
2026-03-04 22:00:00,2026,3,4,22,Bắc Ninh,Xã Tiên Du,21.1573477,106.0138026,86,Moderate,1,17.4,86,0.0,11.3,147,1015.5,4,95.7,96.2,635.0,66.7,20.0,48.0
2026-03-04 23:00:00,2026,3,4,23,Bắc Ninh,Xã Tiên Du,21.1573477,106.0138026,92,Moderate,1,17.0,89,0.0,8.4,145,1015.6,6,94.1,94.3,604.0,65.1,17.0,45.8
2026-03-05 00:00:00,2026,3,5,0,Bắc Ninh,Xã Tiên Du,21.1573477,106.0138026,97,Moderate,1,16.8,91,0.0,6.5,152,1015.5,4,90.6,91.0,614.0,60.8,17.0,41.1
2026-03-05 01:00:00,2026,3,5,1,Bắc Ninh,Xã Tiên Du,21.1573477,106.0138026,103,Unhealthy for Sensitive Groups,2,16.6,94,0.0,5.2,134,1015.2,10,87.5,87.8,624.0,56.3,18.0,36.7
2026-03-05 02:00:00,2026,3,5,2,Bắc Ninh,Xã Tiên Du,21.1573477,106.0138026,110,Unhealthy for Sensitive Groups,2,16.5,95,0.0,4.3,138,1014.9,21,84.3,84.8,611.0,52.3,19.0,33.2
2026-03-05 03:00:00,2026,3,5,3,Bắc Ninh,Xã Tiên Du,21.1573477,106.0138026,116,Unhealthy for Sensitive Groups,2,16.4,95,0.0,3.4,155,1014.6,30,81.7,82.4,598.0,48.1,21.0,30.0
2026-03-05 04:00:00,2026,3,5,4,Bắc Ninh,Xã Tiên Du,21.1573477,106.0138026,123,Unhealthy for Sensitive Groups,2,16.2,95,0.0,2.8,101,1014.5,45,81.0,81.5,614.0,44.8,23.0,28.2
2026-03-05 05:00:00,2026,3,5,5,Bắc Ninh,Xã Tiên Du,21.1573477,106.0138026,129,Unhealthy for Sensitive Groups,2,16.0,96,0.0,3.6,63,1014.8,98,79.4,80.1,704.0,43.3,24.0,28.5
2026-03-05 06:00:00,2026,3,5,6,Bắc Ninh,Xã Tiên Du,21.1573477,106.0138026,136,Unhealthy for Sensitive Groups,2,15.9,96,0.0,3.2,56,1015.4,99,78.9,79.6,823.0,42.6,25.0,30.1
2026-03-05 07:00:00,2026,3,5,7,Bắc Ninh,Xã Tiên Du,21.1573477,106.0138026,142,Unhealthy for Sensitive Groups,2,17.5,92,0.0,5.1,63,1015.8,100,90.1,90.8,868.0,39.6,20.0,27.2
2026-03-05 08:00:00,2026,3,5,8,Bắc Ninh,Xã Tiên Du,21.1573477,106.0138026,149,Unhealthy for Sensitive Groups,2,18.9,81,0.0,6.6,64,1016.4,100,78.0,78.7,765.0,34.1,35.0,28.8
2026-03-05 09:00:00,2026,3,5,9,Bắc Ninh,Xã Tiên Du,21.1573477,106.0138026,151,Unhealthy,3,20.2,73,0.0,7.7,65,1016.9,100,67.8,68.7,589.0,26.4,55.0,31.2
2026-03-05 10:00:00,2026,3,5,10,Bắc Ninh,Xã Tiên Du,21.1573477,106.0138026,152,Unhealthy,3,21.8,64,0.0,8.6,57,1016.8,93,58.7,59.6,456.0,20.2,74.0,33.5
2026-03-05 11:00:00,2026,3,5,11,Bắc Ninh,Xã Tiên Du,21.1573477,106.0138026,153,Unhealthy,3,23.4,60,0.0,5.9,72,1016.5,98,53.7,54.7,421.0,17.0,88.0,36.0
2026-03-05 12:00:00,2026,3,5,12,Bắc Ninh,Xã Tiên Du,21.1573477,106.0138026,154,Unhealthy,3,23.8,59,0.0,4.5,106,1015.4,100,53.0,54.0,430.0,15.4,101.0,38.5
2026-03-05 13:00:00,2026,3,5,13,Bắc Ninh,Xã Tiên Du,21.1573477,106.0138026,155,Unhealthy,3,22.8,62,0.0,3.5,129,1015.1,100,54.4,55.5,441.0,14.7,111.0,39.8
2026-03-05 14:00:00,2026,3,5,14,Bắc Ninh,Xã Tiên Du,21.1573477,106.0138026,156,Unhealthy,3,23.4,60,0.0,1.4,113,1014.2,100,56.1,57.3,402.0,13.2,121.0,38.7
2026-03-05 15:00:00,2026,3,5,15,Bắc Ninh,Xã Tiên Du,21.1573477,106.0138026,157,Unhealthy,3,23.1,61,0.0,3.7,51,1013.5,100,56.3,57.6,366.0,12.5,129.0,36.5
2026-03-05 16:00:00,2026,3,5,16,Bắc Ninh,Xã Tiên Du,21.1573477,106.0138026,158,Unhealthy,3,23.1,61,0.0,5.1,72,1013.2,100,55.8,56.9,443.0,17.2,126.0,35.8
2026-03-05 17:00:00,2026,3,5,17,Bắc Ninh,Xã Tiên Du,21.1573477,106.0138026,158,Unhealthy,3,23.0,62,0.0,6.0,97,1013.3,100,61.7,62.6,780.0,32.2,103.0,38.0
2026-03-05 18:00:00,2026,3,5,18,Bắc Ninh,Xã Tiên Du,21.1573477,106.0138026,159,Unhealthy,3,22.0,69,0.0,3.6,84,1013.8,100,79.6,80.6,1231.0,52.6,68.0,41.8
2026-03-05 19:00:00,2026,3,5,19,Bắc Ninh,Xã Tiên Du,21.1573477,106.0138026,160,Unhealthy,3,21.5,71,0.0,5.2,29,1014.5,100,89.4,90.1,1473.0,65.0,30.0,41.5
2026-03-05 20:00:00,2026,3,5,20,Bắc Ninh,Xã Tiên Du,21.1573477,106.0138026,160,Unhealthy,3,21.2,73,0.0,3.8,349,1015.4,100,101.3,102.0,1290.0,66.9,24.0,43.2
2026-03-05 21:00:00,2026,3,5,21,Bắc Ninh,Xã Tiên Du,21.1573477,106.0138026,161,Unhealthy,3,20.9,76,0.0,3.7,346,1016.1,100,101.3,102.0,897.0,69.4,16.0,45.5
2026-03-05 22:00:00,2026,3,5,22,Bắc Ninh,Xã Tiên Du,21.1573477,106.0138026,161,Unhealthy,3,20.7,78,0.0,3.5,35,1016.8,100,102.0,102.7,617.0,70.7,10.0,47.0
2026-03-05 23:00:00,2026,3,5,23,Bắc Ninh,Xã Tiên Du,21.1573477,106.0138026,161,Unhealthy,3,20.5,81,0.0,3.1,69,1016.9,100,104.5,105.2,600.0,70.0,9.0,47.0
2026-03-06 00:00:00,2026,3,6,0,Bắc Ninh,Xã Tiên Du,21.1573477,106.0138026,161,Unhealthy,3,20.1,86,0.0,1.9,41,1016.9,100,106.6,107.6,696.0,68.0,9.0,46.1
2026-03-06 01:00:00,2026,3,6,1,Bắc Ninh,Xã Tiên Du,21.1573477,106.0138026,162,Unhealthy,3,20.0,89,0.0,2.4,318,1017.1,100,100.1,100.8,773.0,64.8,11.0,44.9
2026-03-06 02:00:00,2026,3,6,2,Bắc Ninh,Xã Tiên Du,21.1573477,106.0138026,162,Unhealthy,3,19.3,92,0.0,4.3,327,1016.6,100,96.9,97.8,773.0,59.5,13.0,43.4
2026-03-06 03:00:00,2026,3,6,3,Bắc Ninh,Xã Tiên Du,21.1573477,106.0138026,162,Unhealthy,3,19.5,90,0.0,4.2,324,1016.3,100,99.0,100.1,754.0,52.9,16.0,41.6
2026-03-06 04:00:00,2026,3,6,4,Bắc Ninh,Xã Tiên Du,21.1573477,106.0138026,163,Unhealthy,3,19.4,91,0.0,5.0,305,1015.8,100,102.9,104.3,761.0,47.6,18.0,40.3
2026-03-06 05:00:00,2026,3,6,5,Bắc Ninh,Xã Tiên Du,21.1573477,106.0138026,163,Unhealthy,3,19.4,91,0.0,7.6,306,1015.9,100,102.4,103.8,843.0,45.4,17.0,40.4
2026-03-06 06:00:00,2026,3,6,6,Bắc Ninh,Xã Tiên Du,21.1573477,106.0138026,164,Unhealthy,3,19.4,91,0.0,8.2,322,1016.6,100,100.4,101.7,950.0,44.6,15.0,41.1
2026-03-06 07:00:00,2026,3,6,7,Bắc Ninh,Xã Tiên Du,21.1573477,106.0138026,164,Unhealthy,3,19.8,86,0.0,8.0,314,1017.7,100,115.5,117.1,983.0,55.2,16.0,51.6
2026-03-06 08:00:00,2026,3,6,8,Bắc Ninh,Xã Tiên Du,21.1573477,106.0138026,165,Unhealthy,3,20.4,84,0.0,6.2,324,1018.6,100,115.3,117.1,868.0,44.3,41.0,46.9
2026-03-06 09:00:00,2026,3,6,9,Bắc Ninh,Xã Tiên Du,21.1573477,106.0138026,165,Unhealthy,3,21.1,78,0.0,5.0,314,1018.8,98,101.5,103.8,677.0,29.1,75.0,40.3
2026-03-06 10:00:00,2026,3,6,10,Bắc Ninh,Xã Tiên Du,21.1573477,106.0138026,166,Unhealthy,3,22.5,67,0.0,2.5,339,1018.8,31,74.5,76.6,532.0,17.6,102.0,33.9
2026-03-06 11:00:00,2026,3,6,11,Bắc Ninh,Xã Tiên Du,21.1573477,106.0138026,166,Unhealthy,3,24.0,62,0.0,2.6,78,1018.0,52,61.5,63.3,483.0,13.1,115.0,28.2
2026-03-06 12:00:00,2026,3,6,12,Bắc Ninh,Xã Tiên Du,21.1573477,106.0138026,167,Unhealthy,3,25.0,58,0.0,4.9,118,1016.9,100,60.5,62.2,479.0,12.2,121.0,22.8
2026-03-06 13:00:00,2026,3,6,13,Bắc Ninh,Xã Tiên Du,21.1573477,106.0138026,167,Unhealthy,3,24.4,59,0.0,7.1,170,1015.6,100,61.7,63.1,485.0,12.2,125.0,18.7
2026-03-06 14:00:00,2026,3,6,14,Bắc Ninh,Xã Tiên Du,21.1573477,106.0138026,167,Unhealthy,3,24.6,59,0.0,7.6,168,1014.3,100,61.2,62.6,489.0,11.8,129.0,16.3
2026-03-06 15:00:00,2026,3,6,15,Bắc Ninh,Xã Tiên Du,21.1573477,106.0138026,167,Unhealthy,3,24.2,61,0.0,7.9,159,1013.8,100,63.3,64.7,502.0,12.2,131.0,15.1
2026-03-06 16:00:00,2026,3,6,16,Bắc Ninh,Xã Tiên Du,21.1573477,106.0138026,167,Unhealthy,3,24.2,62,0.0,6.8,169,1013.8,100,63.8,65.0,527.0,15.1,127.0,15.4
2026-03-06 17:00:00,2026,3,6,17,Bắc Ninh,Xã Tiên Du,21.1573477,106.0138026,167,Unhealthy,3,23.8,64,0.0,7.9,168,1013.6,100,65.9,66.8,574.0,22.7,112.0,17.8
2026-03-06 18:00:00,2026,3,6,18,Bắc Ninh,Xã Tiên Du,21.1573477,106.0138026,168,Unhealthy,3,23.0,68,0.0,9.4,150,1013.7,100,73.8,74.7,632.0,32.8,92.0,21.6
2026-03-06 19:00:00,2026,3,6,19,Bắc Ninh,Xã Tiên Du,21.1573477,106.0138026,167,Unhealthy,3,22.2,72,0.0,9.5,129,1014.7,100,68.0,68.5,671.0,36.4,74.0,23.0
2026-03-06 20:00:00,2026,3,6,20,Bắc Ninh,Xã Tiên Du,21.1573477,106.0138026,167,Unhealthy,3,21.6,75,0.0,13.1,137,1015.0,96,64.5,65.0,668.0,35.0,74.0,23.3
2026-03-06 21:00:00,2026,3,6,21,Bắc Ninh,Xã Tiên Du,21.1573477,106.0138026,166,Unhealthy,3,20.9,80,0.0,13.4,136,1015.5,3,62.6,63.1,645.0,33.2,74.0,23.7
2026-03-06 22:00:00,2026,3,6,22,Bắc Ninh,Xã Tiên Du,21.1573477,106.0138026,165,Unhealthy,3,19.9,86,0.0,10.1,139,1016.4,20,65.7,66.4,641.0,32.1,73.0,24.4
2026-03-06 23:00:00,2026,3,6,23,Bắc Ninh,Xã Tiên Du,21.1573477,106.0138026,164,Unhealthy,3,19.2,90,0.0,7.9,133,1016.4,19,72.2,72.9,678.0,32.6,69.0,25.5
2026-03-07 00:00:00,2026,3,7,0,Bắc Ninh,Xã Tiên Du,21.1573477,106.0138026,164,Unhealthy,3,18.8,93,0.0,6.1,140,1016.5,16,77.5,78.0,734.0,33.9,64.0,26.7
2026-03-07 01:00:00,2026,3,7,1,Bắc Ninh,Xã Tiên Du,21.1573477,106.0138026,163,Unhealthy,3,18.3,96,0.0,3.9,124,1016.7,16,79.6,80.1,780.0,34.6,60.0,27.8
2026-03-07 02:00:00,2026,3,7,2,Bắc Ninh,Xã Tiên Du,21.1573477,106.0138026,163,Unhealthy,3,18.3,96,0.0,1.7,162,1016.5,100,82.7,83.4,798.0,33.7,58.0,28.2
2026-03-07 03:00:00,2026,3,7,3,Bắc Ninh,Xã Tiên Du,21.1573477,106.0138026,162,Unhealthy,3,19.0,94,0.0,1.3,188,1016.2,100,85.7,86.1,806.0,32.3,56.0,28.4
2026-03-07 04:00:00,2026,3,7,4,Bắc Ninh,Xã Tiên Du,21.1573477,106.0138026,162,Unhealthy,3,19.1,94,0.0,2.5,90,1016.1,100,87.1,87.8,829.0,32.3,53.0,29.1
2026-03-07 05:00:00,2026,3,7,5,Bắc Ninh,Xã Tiên Du,21.1573477,106.0138026,162,Unhealthy,3,19.1,94,0.0,5.3,118,1016.2,100,87.3,88.0,904.0,36.1,45.0,31.3
2026-03-07 06:00:00,2026,3,7,6,Bắc Ninh,Xã Tiên Du,21.1573477,106.0138026,161,Unhealthy,3,18.7,95,0.0,3.4,122,1016.9,100,89.4,90.1,994.0,41.3,36.0,34.1
2026-03-07 07:00:00,2026,3,7,7,Bắc Ninh,Xã Tiên Du,21.1573477,106.0138026,161,Unhealthy,3,19.7,89,0.0,4.6,116,1017.7,100,67.3,68.0,1012.0,33.2,50.0,24.8
2026-03-07 08:00:00,2026,3,7,8,Bắc Ninh,Xã Tiên Du,21.1573477,106.0138026,160,Unhealthy,3,20.8,81,0.0,4.6,116,1018.3,100,64.3,65.0,893.0,29.8,62.0,23.2
2026-03-07 09:00:00,2026,3,7,9,Bắc Ninh,Xã Tiên Du,21.1573477,106.0138026,159,Unhealthy,3,22.0,74,0.0,9.4,122,1018.8,100,51.3,52.3,702.0,24.9,80.0,21.0
2026-03-07 10:00:00,2026,3,7,10,Bắc Ninh,Xã Tiên Du,21.1573477,106.0138026,158,Unhealthy,3,23.2,71,0.0,15.3,130,1018.5,100,42.8,44.2,550.0,20.1,97.0,18.5
2026-03-07 11:00:00,2026,3,7,11,Bắc Ninh,Xã Tiên Du,21.1573477,106.0138026,157,Unhealthy,3,24.2,67,0.2,17.1,136,1017.7,97,39.8,41.3,482.0,15.6,113.0,15.7
2026-03-07 12:00:00,2026,3,7,12,Bắc Ninh,Xã Tiên Du,21.1573477,106.0138026,157,Unhealthy,3,25.4,61,0.0,16.2,145,1016.4,70,38.9,40.3,453.0,11.2,128.0,12.7
2026-03-07 13:00:00,2026,3,7,13,Bắc Ninh,Xã Tiên Du,21.1573477,106.0138026,156,Unhealthy,3,24.8,61,0.0,17.0,147,1015.9,100,38.4,39.9,438.0,8.2,139.0,10.5
2026-03-07 14:00:00,2026,3,7,14,Bắc Ninh,Xã Tiên Du,21.1573477,106.0138026,156,Unhealthy,3,24.5,61,0.0,16.6,148,1014.9,96,37.1,38.6,429.0,7.0,144.0,9.3
2026-03-07 15:00:00,2026,3,7,15,Bắc Ninh,Xã Tiên Du,21.1573477,106.0138026,155,Unhealthy,3,24.5,60,0.0,18.0,146,1014.1,100,36.6,38.1,433.0,7.3,143.0,8.9
2026-03-07 16:00:00,2026,3,7,16,Bắc Ninh,Xã Tiên Du,21.1573477,106.0138026,155,Unhealthy,3,24.0,63,0.0,17.0,141,1014.0,99,35.6,37.1,450.0,9.2,139.0,9.3
2026-03-07 17:00:00,2026,3,7,17,Bắc Ninh,Xã Tiên Du,21.1573477,106.0138026,154,Unhealthy,3,23.5,65,0.0,17.2,138,1013.9,28,35.3,36.7,490.0,13.8,128.0,10.8
2026-03-07 18:00:00,2026,3,7,18,Bắc Ninh,Xã Tiên Du,21.1573477,106.0138026,153,Unhealthy,3,22.1,71,0.0,13.4,132,1014.2,7,36.7,38.0,542.0,20.1,113.0,13.2
2026-03-07 19:00:00,2026,3,7,19,Bắc Ninh,Xã Tiên Du,21.1573477,106.0138026,153,Unhealthy,3,21.1,77,0.0,12.9,129,1015.1,13,49.2,51.1,575.0,26.1,94.0,15.7
2026-03-07 20:00:00,2026,3,7,20,Bắc Ninh,Xã Tiên Du,21.1573477,106.0138026,152,Unhealthy,3,20.9,78,0.0,14.2,125,1015.9,11,49.7,51.6,574.0,26.7,89.0,16.8
2026-03-07 21:00:00,2026,3,7,21,Bắc Ninh,Xã Tiên Du,21.1573477,106.0138026,152,Unhealthy,3,20.3,81,0.0,12.7,125,1016.9,19,50.6,52.6,554.0,27.5,81.0,18.3
2026-03-07 22:00:00,2026,3,7,22,Bắc Ninh,Xã Tiên Du,21.1573477,106.0138026,152,Unhealthy,3,20.0,82,0.0,14.1,125,1017.1,1,52.2,54.2,532.0,28.0,74.0,19.2
2026-03-07 23:00:00,2026,3,7,23,Bắc Ninh,Xã Tiên Du,21.1573477,106.0138026,151,Unhealthy,3,19.5,85,0.0,10.4,127,1017.4,14,53.6,55.8,511.0,28.1,69.0,18.9
2026-03-08 00:00:00,2026,3,8,0,Bắc Ninh,Xã Tiên Du,21.1573477,106.0138026,151,Unhealthy,3,19.0,88,0.0,6.2,131,1017.8,97,53.9,56.1,488.0,28.0,64.0,17.9
2026-03-08 01:00:00,2026,3,8,1,Bắc Ninh,Xã Tiên Du,21.1573477,106.0138026,150,Unhealthy for Sensitive Groups,2,19.6,89,0.0,6.9,120,1017.5,82,53.1,55.3,464.0,27.5,61.0,17.0
2026-03-08 02:00:00,2026,3,8,2,Bắc Ninh,Xã Tiên Du,21.1573477,106.0138026,149,Unhealthy for Sensitive Groups,2,20.1,87,0.0,10.6,113,1016.7,100,51.1,53.4,433.0,26.3,59.0,16.3
2026-03-08 03:00:00,2026,3,8,3,Bắc Ninh,Xã Tiên Du,21.1573477,106.0138026,145,Unhealthy for Sensitive Groups,2,20.6,85,0.0,11.2,106,1016.2,100,51.8,54.5,402.0,24.7,57.0,15.7
2026-03-08 04:00:00,2026,3,8,4,Bắc Ninh,Xã Tiên Du,21.1573477,106.0138026,142,Unhealthy for Sensitive Groups,2,20.6,86,0.1,10.4,107,1016.0,100,49.9,52.5,390.0,24.0,56.0,15.5
2026-03-08 05:00:00,2026,3,8,5,Bắc Ninh,Xã Tiên Du,21.1573477,106.0138026,138,Unhealthy for Sensitive Groups,2,20.5,89,0.1,10.0,110,1016.2,100,46.8,49.2,416.0,25.4,53.0,16.0
2026-03-08 06:00:00,2026,3,8,6,Bắc Ninh,Xã Tiên Du,21.1573477,106.0138026,134,Unhealthy for Sensitive Groups,2,20.6,90,0.1,9.7,108,1016.6,100,44.5,46.7,461.0,27.7,50.0,16.9
2026-03-08 07:00:00,2026,3,8,7,Bắc Ninh,Xã Tiên Du,21.1573477,106.0138026,129,Unhealthy for Sensitive Groups,2,20.3,93,0.0,10.0,77,1017.2,100,40.6,42.7,486.0,24.3,62.0,15.5
2026-03-08 08:00:00,2026,3,8,8,Bắc Ninh,Xã Tiên Du,21.1573477,106.0138026,126,Unhealthy for Sensitive Groups,2,20.7,91,0.0,12.8,91,1017.7,100,41.4,43.4,473.0,22.9,68.0,15.1
2026-03-08 09:00:00,2026,3,8,9,Bắc Ninh,Xã Tiên Du,21.1573477,106.0138026,124,Unhealthy for Sensitive Groups,2,21.2,89,0.0,13.8,102,1018.0,100,40.5,42.5,441.0,20.9,77.0,14.6
2026-03-08 10:00:00,2026,3,8,10,Bắc Ninh,Xã Tiên Du,21.1573477,106.0138026,123,Unhealthy for Sensitive Groups,2,22.4,82,0.0,22.1,122,1018.0,92,40.6,43.2,409.0,18.9,86.0,14.7
2026-03-08 11:00:00,2026,3,8,11,Bắc Ninh,Xã Tiên Du,21.1573477,106.0138026,122,Unhealthy for Sensitive Groups,2,24.1,73,0.1,21.0,136,1017.3,100,37.5,39.9,381.0,17.0,95.0,15.9
2026-03-08 12:00:00,2026,3,8,12,Bắc Ninh,Xã Tiên Du,21.1573477,106.0138026,122,Unhealthy for Sensitive Groups,2,25.1,68,0.1,19.0,147,1016.1,87,37.1,39.8,354.0,15.2,104.0,17.6
2026-03-08 13:00:00,2026,3,8,13,Bắc Ninh,Xã Tiên Du,21.1573477,106.0138026,122,Unhealthy for Sensitive Groups,2,24.8,67,0.0,17.8,145,1015.3,100,38.3,41.0,334.0,14.0,109.0,18.7
2026-03-08 14:00:00,2026,3,8,14,Bắc Ninh,Xã Tiên Du,21.1573477,106.0138026,122,Unhealthy for Sensitive Groups,2,24.6,69,0.0,18.0,141,1014.3,100,36.9,39.5,321.0,13.5,109.0,18.6
2026-03-08 15:00:00,2026,3,8,15,Bắc Ninh,Xã Tiên Du,21.1573477,106.0138026,122,Unhealthy for Sensitive Groups,2,24.6,69,0.0,19.0,134,1013.7,95,33.1,35.3,315.0,13.7,105.0,18.0
2026-03-08 16:00:00,2026,3,8,16,Bắc Ninh,Xã Tiên Du,21.1573477,106.0138026,122,Unhealthy for Sensitive Groups,2,24.0,72,0.0,19.6,133,1013.4,100,31.0,32.8,324.0,15.1,99.0,17.3
2026-03-08 17:00:00,2026,3,8,17,Bắc Ninh,Xã Tiên Du,21.1573477,106.0138026,121,Unhealthy for Sensitive Groups,2,23.0,76,0.0,17.4,128,1013.8,95,31.8,33.5,359.0,18.6,91.0,16.6
2026-03-08 18:00:00,2026,3,8,18,Bắc Ninh,Xã Tiên Du,21.1573477,106.0138026,121,Unhealthy for Sensitive Groups,2,22.1,79,0.0,15.8,125,1014.1,15,34.0,35.6,409.0,23.4,81.0,15.9
2026-03-08 19:00:00,2026,3,8,19,Bắc Ninh,Xã Tiên Du,21.1573477,106.0138026,121,Unhealthy for Sensitive Groups,2,21.8,81,0.0,15.6,121,1015.2,100,37.8,39.7,442.0,27.2,73.0,14.6
2026-03-08 20:00:00,2026,3,8,20,Bắc Ninh,Xã Tiên Du,21.1573477,106.0138026,119,Unhealthy for Sensitive Groups,2,21.6,82,0.0,16.3,122,1016.0,100,37.6,39.3,445.0,27.3,71.0,15.5
2026-03-08 21:00:00,2026,3,8,21,Bắc Ninh,Xã Tiên Du,21.1573477,106.0138026,118,Unhealthy for Sensitive Groups,2,21.4,82,0.0,14.5,120,1016.9,100,36.1,37.8,431.0,27.4,68.0,16.6
2026-03-08 22:00:00,2026,3,8,22,Bắc Ninh,Xã Tiên Du,21.1573477,106.0138026,117,Unhealthy for Sensitive Groups,2,21.2,80,0.0,12.3,115,1017.5,100,35.9,37.7,417.0,27.7,65.0,17.4
2026-03-08 23:00:00,2026,3,8,23,Bắc Ninh,Xã Tiên Du,21.1573477,106.0138026,115,Unhealthy for Sensitive Groups,2,21.0,80,0.0,11.9,120,1018.0,100,37.0,38.9,406.0,28.2,60.0,17.4
2026-03-09 00:00:00,2026,3,9,0,Bắc Ninh,Xã Tiên Du,21.1573477,106.0138026,113,Unhealthy for Sensitive Groups,2,21.0,82,0.0,12.0,126,1018.2,100,38.0,39.9,395.0,28.9,55.0,16.9
2026-03-09 01:00:00,2026,3,9,1,Bắc Ninh,Xã Tiên Du,21.1573477,106.0138026,112,Unhealthy for Sensitive Groups,2,21.0,86,0.0,10.9,123,1017.8,100,38.2,40.4,383.0,29.1,51.0,16.6
2026-03-09 02:00:00,2026,3,9,2,Bắc Ninh,Xã Tiên Du,21.1573477,106.0138026,110,Unhealthy for Sensitive Groups,2,21.0,88,0.1,10.7,115,1017.5,100,36.9,39.2,364.0,28.1,51.0,16.4
2026-03-09 03:00:00,2026,3,9,3,Bắc Ninh,Xã Tiên Du,21.1573477,106.0138026,108,Unhealthy for Sensitive Groups,2,20.9,89,0.0,10.6,109,1017.1,100,36.2,39.5,346.0,26.7,52.0,16.3
2026-03-09 04:00:00,2026,3,9,4,Bắc Ninh,Xã Tiên Du,21.1573477,106.0138026,107,Unhealthy for Sensitive Groups,2,20.9,89,0.0,10.0,110,1017.1,100,37.5,42.4,350.0,26.8,51.0,17.0
2026-03-09 05:00:00,2026,3,9,5,Bắc Ninh,Xã Tiên Du,21.1573477,106.0138026,106,Unhealthy for Sensitive Groups,2,20.9,89,0.0,9.9,111,1017.5,98,39.9,45.2,406.0,30.9,43.0,19.4
2026-03-09 06:00:00,2026,3,9,6,Bắc Ninh,Xã Tiên Du,21.1573477,106.0138026,105,Unhealthy for Sensitive Groups,2,20.5,90,0.0,8.2,98,1018.1,99,43.9,49.2,485.0,36.6,33.0,22.7
2026-03-09 07:00:00,2026,3,9,7,Bắc Ninh,Xã Tiên Du,21.1573477,106.0138026,105,Unhealthy for Sensitive Groups,2,21.0,87,0.0,10.5,87,1018.7,100,30.9,34.3,523.0,26.8,53.0,15.8
2026-03-09 08:00:00,2026,3,9,8,Bắc Ninh,Xã Tiên Du,21.1573477,106.0138026,104,Unhealthy for Sensitive Groups,2,21.6,85,0.0,7.8,67,1019.8,100,27.6,31.1,465.0,24.0,60.0,15.8
2026-03-09 09:00:00,2026,3,9,9,Bắc Ninh,Xã Tiên Du,21.1573477,106.0138026,102,Unhealthy for Sensitive Groups,2,22.2,82,0.0,10.9,73,1020.8,100,26.3,30.0,366.0,20.2,70.0,15.8
2026-03-09 10:00:00,2026,3,9,10,Bắc Ninh,Xã Tiên Du,21.1573477,106.0138026,101,Unhealthy for Sensitive Groups,2,23.0,78,0.2,12.5,70,1021.3,100,23.3,26.3,329.0,16.6,76.0,15.8
2026-03-09 11:00:00,2026,3,9,11,Bắc Ninh,Xã Tiên Du,21.1573477,106.0138026,99,Moderate,1,23.4,77,0.2,12.5,60,1021.1,100,22.8,25.0,427.0,13.7,75.0,15.9
2026-03-09 12:00:00,2026,3,9,12,Bắc Ninh,Xã Tiên Du,21.1573477,106.0138026,98,Moderate,1,21.1,89,1.3,22.1,28,1020.8,100,22.6,23.6,587.0,11.1,71.0,16.1
2026-03-09 13:00:00,2026,3,9,13,Bắc Ninh,Xã Tiên Du,21.1573477,106.0138026,97,Moderate,1,18.5,92,1.1,21.4,33,1021.0,100,15.8,16.0,690.0,9.4,69.0,16.0
2026-03-09 14:00:00,2026,3,9,14,Bắc Ninh,Xã Tiên Du,21.1573477,106.0138026,95,Moderate,1,18.1,85,0.6,23.8,21,1020.8,100,10.0,10.1,672.0,8.8,74.0,15.6
2026-03-09 15:00:00,2026,3,9,15,Bắc Ninh,Xã Tiên Du,21.1573477,106.0138026,92,Moderate,1,17.9,84,0.5,23.4,29,1020.7,100,8.4,8.4,597.0,9.1,81.0,15.0
2026-03-09 16:00:00,2026,3,9,16,Bắc Ninh,Xã Tiên Du,21.1573477,106.0138026,90,Moderate,1,17.9,80,0.1,22.4,32,1020.9,100,8.1,8.2,541.0,10.0,85.0,14.5
2026-03-09 17:00:00,2026,3,9,17,Bắc Ninh,Xã Tiên Du,21.1573477,106.0138026,88,Moderate,1,18.1,75,0.0,19.6,26,1021.3,100,9.9,10.0,539.0,11.9,81.0,14.5
2026-03-09 18:00:00,2026,3,9,18,Bắc Ninh,Xã Tiên Du,21.1573477,106.0138026,86,Moderate,1,18.0,67,0.0,20.3,18,1021.8,100,10.4,10.4,557.0,14.3,74.0,14.7
2026-03-09 19:00:00,2026,3,9,19,Bắc Ninh,Xã Tiên Du,21.1573477,106.0138026,84,Moderate,1,18.9,64,0.0,17.8,24,1022.2,100,13.6,13.7,565.0,11.5,79.0,12.8
2026-03-09 20:00:00,2026,3,9,20,Bắc Ninh,Xã Tiên Du,21.1573477,106.0138026,82,Moderate,1,18.8,64,0.0,17.4,23,1022.9,100,13.3,13.4,548.0,10.6,80.0,12.1
2026-03-09 21:00:00,2026,3,9,21,Bắc Ninh,Xã Tiên Du,21.1573477,106.0138026,80,Moderate,1,18.6,64,0.0,17.3,23,1023.4,100,13.0,13.1,522.0,9.4,81.0,11.0
2026-03-09 22:00:00,2026,3,9,22,Bắc Ninh,Xã Tiên Du,21.1573477,106.0138026,78,Moderate,1,18.5,62,0.0,17.0,19,1024.4,100,13.5,13.6,502.0,8.5,82.0,10.2
2026-03-09 23:00:00,2026,3,9,23,Bắc Ninh,Xã Tiên Du,21.1573477,106.0138026,76,Moderate,1,18.4,58,0.0,18.6,16,1024.7,100,13.6,13.8,493.0,8.2,82.0,9.8
2026-03-10 00:00:00,2026,3,10,0,Bắc Ninh,Xã Tiên Du,21.1573477,106.0138026,74,Moderate,1,18.0,56,0.0,19.9,16,1024.8,100,12.7,12.9,490.0,8.2,81.0,9.6
2026-03-10 01:00:00,2026,3,10,1,Bắc Ninh,Xã Tiên Du,21.1573477,106.0138026,71,Moderate,1,18.0,56,0.0,18.9,13,1024.2,100,11.6,11.7,496.0,8.2,80.0,9.4
2026-03-10 02:00:00,2026,3,10,2,Bắc Ninh,Xã Tiên Du,21.1573477,106.0138026,69,Moderate,1,17.9,56,0.0,19.1,14,1023.8,100,10.9,11.0,518.0,8.1,79.0,9.1
2026-03-10 03:00:00,2026,3,10,3,Bắc Ninh,Xã Tiên Du,21.1573477,106.0138026,67,Moderate,1,17.6,57,0.0,17.1,20,1023.4,100,10.7,10.8,550.0,8.0,78.0,8.8
2026-03-10 04:00:00,2026,3,10,4,Bắc Ninh,Xã Tiên Du,21.1573477,106.0138026,64,Moderate,1,17.2,58,0.0,14.6,14,1023.3,100,10.3,10.4,569.0,8.2,76.0,8.7
2026-03-10 05:00:00,2026,3,10,5,Bắc Ninh,Xã Tiên Du,21.1573477,106.0138026,62,Moderate,1,17.1,59,0.0,15.9,13,1023.7,100,10.0,10.0,566.0,9.3,73.0,9.1
2026-03-10 06:00:00,2026,3,10,6,Bắc Ninh,Xã Tiên Du,21.1573477,106.0138026,59,Moderate,1,16.6,60,0.0,16.7,14,1023.9,88,9.9,10.0,551.0,10.8,70.0,9.7
2026-03-10 07:00:00,2026,3,10,7,Bắc Ninh,Xã Tiên Du,21.1573477,106.0138026,56,Moderate,1,16.5,60,0.0,14.5,17,1024.8,57,3.3,3.4,535.0,10.3,72.0,10.7
2026-03-10 08:00:00,2026,3,10,8,Bắc Ninh,Xã Tiên Du,21.1573477,106.0138026,54,Moderate,1,16.8,58,0.0,16.6,22,1025.3,41,4.1,4.3,520.0,9.1,77.0,11.3
2026-03-10 09:00:00,2026,3,10,9,Bắc Ninh,Xã Tiên Du,21.1573477,106.0138026,52,Moderate,1,17.7,55,0.0,15.3,22,1025.3,2,4.4,4.5,503.0,7.4,84.0,12.0
2026-03-10 10:00:00,2026,3,10,10,Bắc Ninh,Xã Tiên Du,21.1573477,106.0138026,50,Good,0,19.1,54,0.0,13.1,15,1025.1,0,5.1,5.1,490.0,5.9,94.0,12.7
2026-03-10 11:00:00,2026,3,10,11,Bắc Ninh,Xã Tiên Du,21.1573477,106.0138026,47,Good,0,20.4,52,0.0,11.8,16,1023.9,0,6.5,6.5,481.0,4.9,107.0,13.1
2026-03-10 12:00:00,2026,3,10,12,Bắc Ninh,Xã Tiên Du,21.1573477,106.0138026,44,Good,0,21.5,50,0.0,8.5,13,1022.2,0,8.1,8.1,474.0,4.2,123.0,13.4
2026-03-10 13:00:00,2026,3,10,13,Bắc Ninh,Xã Tiên Du,21.1573477,106.0138026,41,Good,0,22.0,50,0.0,9.0,10,1021.2,0,9.7,9.8,471.0,3.9,136.0,13.8
2026-03-10 14:00:00,2026,3,10,14,Bắc Ninh,Xã Tiên Du,21.1573477,106.0138026,44,Good,0,22.9,47,0.0,7.0,4,1020.1,0,11.5,11.5,428.0,2.4,148.0,13.9
2026-03-10 15:00:00,2026,3,10,15,Bắc Ninh,Xã Tiên Du,21.1573477,106.0138026,49,Good,0,23.0,47,0.0,7.0,337,1019.1,4,13.0,13.1,390.0,1.4,158.0,14.1
2026-03-10 16:00:00,2026,3,10,16,Bắc Ninh,Xã Tiên Du,21.1573477,106.0138026,64,Moderate,1,23.0,47,0.0,5.9,11,1018.6,9,14.5,14.6,485.0,5.9,156.0,16.3
2026-03-10 17:00:00,2026,3,10,17,Bắc Ninh,Xã Tiên Du,21.1573477,106.0138026,81,Moderate,1,21.9,51,0.0,9.9,57,1018.2,2,16.6,16.6,887.0,21.9,132.0,22.4
2026-03-10 18:00:00,2026,3,10,18,Bắc Ninh,Xã Tiên Du,21.1573477,106.0138026,91,Moderate,1,20.0,58,0.0,9.4,135,1017.8,4,37.8,38.0,1424.0,43.4,96.0,30.3
2026-03-10 19:00:00,2026,3,10,19,Bắc Ninh,Xã Tiên Du,21.1573477,106.0138026,91,Moderate,1,18.8,67,0.0,4.3,158,1019.5,13,49.7,49.8,1707.0,56.9,45.0,32.1
2026-03-10 20:00:00,2026,3,10,20,Bắc Ninh,Xã Tiên Du,21.1573477,106.0138026,78,Moderate,1,18.5,67,0.0,9.4,132,1019.8,93,55.5,55.5,1480.0,54.7,43.0,32.8
2026-03-10 21:00:00,2026,3,10,21,Bắc Ninh,Xã Tiên Du,21.1573477,106.0138026,61,Moderate,1,17.9,76,0.0,16.8,131,1020.2,75,52.3,52.3,1000.0,51.5,40.0,33.6
2026-03-10 22:00:00,2026,3,10,22,Bắc Ninh,Xã Tiên Du,21.1573477,106.0138026,60,Moderate,1,17.1,81,0.0,13.6,138,1020.7,5,45.2,45.2,653.0,47.8,38.0,33.3
2026-03-10 23:00:00,2026,3,10,23,Bắc Ninh,Xã Tiên Du,21.1573477,106.0138026,62,Moderate,1,16.6,83,0.0,8.4,149,1020.7,0,38.2,38.3,615.0,42.8,39.0,30.3
2026-03-11 00:00:00,2026,3,11,0,Bắc Ninh,Xã Tiên Du,21.1573477,106.0138026,65,Moderate,1,15.9,88,0.0,5.2,164,1020.4,5,33.6,33.9,711.0,37.4,40.0,26.2
2026-03-11 01:00:00,2026,3,11,1,Bắc Ninh,Xã Tiên Du,21.1573477,106.0138026,66,Moderate,1,15.7,91,0.0,1.8,186,1020.4,23,34.7,35.2,798.0,34.0,41.0,24.0
2026-03-11 02:00:00,2026,3,11,2,Bắc Ninh,Xã Tiên Du,21.1573477,106.0138026,68,Moderate,1,15.8,91,0.0,0.3,315,1020.0,98,39.0,39.9,827.0,34.3,40.0,25.4
2026-03-11 03:00:00,2026,3,11,3,Bắc Ninh,Xã Tiên Du,21.1573477,106.0138026,71,Moderate,1,16.0,91,0.0,1.6,360,1019.8,100,42.0,43.4,848.0,36.8,39.0,28.8
2026-03-11 04:00:00,2026,3,11,4,Bắc Ninh,Xã Tiên Du,21.1573477,106.0138026,74,Moderate,1,16.0,92,0.0,1.7,32,1019.4,95,46.2,48.2,868.0,39.4,36.0,32.1
2026-03-11 05:00:00,2026,3,11,5,Bắc Ninh,Xã Tiên Du,21.1573477,106.0138026,77,Moderate,1,15.8,93,0.0,2.6,25,1019.4,20,52.4,54.9,905.0,43.0,28.0,35.3
2026-03-11 06:00:00,2026,3,11,6,Bắc Ninh,Xã Tiên Du,21.1573477,106.0138026,81,Moderate,1,15.4,94,0.0,4.1,15,1019.5,5,59.0,61.9,941.0,46.7,19.0,38.3
2026-03-11 07:00:00,2026,3,11,7,Bắc Ninh,Xã Tiên Du,21.1573477,106.0138026,85,Moderate,1,16.2,89,0.0,6.5,19,1020.1,70,62.6,64.3,931.0,40.1,22.0,31.1
2026-03-11 08:00:00,2026,3,11,8,Bắc Ninh,Xã Tiên Du,21.1573477,106.0138026,90,Moderate,1,17.5,79,0.0,5.8,22,1020.7,67,47.1,47.5,835.0,33.0,41.0,30.0
2026-03-11 09:00:00,2026,3,11,9,Bắc Ninh,Xã Tiên Du,21.1573477,106.0138026,94,Moderate,1,18.9,72,0.0,6.1,40,1020.9,74,37.8,38.2,694.0,23.2,67.0,28.4
2026-03-11 10:00:00,2026,3,11,10,Bắc Ninh,Xã Tiên Du,21.1573477,106.0138026,97,Moderate,1,19.9,67,0.0,5.9,47,1020.7,74,32.6,32.9,583.0,15.2,91.0,26.7
2026-03-11 11:00:00,2026,3,11,11,Bắc Ninh,Xã Tiên Du,21.1573477,106.0138026,99,Moderate,1,21.1,63,0.0,3.2,90,1019.8,85,30.6,31.0,536.0,11.0,111.0,24.9
2026-03-11 12:00:00,2026,3,11,12,Bắc Ninh,Xã Tiên Du,21.1573477,106.0138026,102,Unhealthy for Sensitive Groups,2,22.0,61,0.0,2.3,122,1018.4,100,31.9,32.2,521.0,8.6,128.0,23.0
2026-03-11 13:00:00,2026,3,11,13,Bắc Ninh,Xã Tiên Du,21.1573477,106.0138026,104,Unhealthy for Sensitive Groups,2,21.5,60,0.0,2.0,27,1017.8,100,33.8,34.1,513.0,7.2,142.0,21.4
2026-03-11 14:00:00,2026,3,11,14,Bắc Ninh,Xã Tiên Du,21.1573477,106.0138026,107,Unhealthy for Sensitive Groups,2,22.1,59,0.0,2.5,8,1016.4,100,36.2,36.8,473.0,4.9,153.0,19.3
2026-03-11 15:00:00,2026,3,11,15,Bắc Ninh,Xã Tiên Du,21.1573477,106.0138026,109,Unhealthy for Sensitive Groups,2,22.4,58,0.0,2.5,45,1015.7,100,39.2,39.8,442.0,3.6,160.0,17.4
2026-03-11 16:00:00,2026,3,11,16,Bắc Ninh,Xã Tiên Du,21.1573477,106.0138026,112,Unhealthy for Sensitive Groups,2,22.3,57,0.0,4.0,72,1015.2,100,41.7,42.5,513.0,8.0,157.0,18.2
2026-03-11 17:00:00,2026,3,11,17,Bắc Ninh,Xã Tiên Du,21.1573477,106.0138026,115,Unhealthy for Sensitive Groups,2,21.9,58,0.0,5.9,92,1015.2,98,47.0,47.8,745.0,22.9,137.0,23.5
2026-03-11 18:00:00,2026,3,11,18,Bắc Ninh,Xã Tiên Du,21.1573477,106.0138026,118,Unhealthy for Sensitive Groups,2,20.9,65,0.0,5.1,96,1015.4,8,66.4,67.1,1079.0,43.5,108.0,31.4
2026-03-11 19:00:00,2026,3,11,19,Bắc Ninh,Xã Tiên Du,21.1573477,106.0138026,121,Unhealthy for Sensitive Groups,2,20.8,71,0.0,3.3,189,1016.1,100,95.0,95.7,1441.0,59.1,76.0,40.5
2026-03-11 20:00:00,2026,3,11,20,Bắc Ninh,Xã Tiên Du,21.1573477,106.0138026,126,Unhealthy for Sensitive Groups,2,20.1,74,0.0,3.8,205,1016.7,20,125.3,125.7,1927.0,66.2,61.0,46.0
2026-03-11 21:00:00,2026,3,11,21,Bắc Ninh,Xã Tiên Du,21.1573477,106.0138026,133,Unhealthy for Sensitive Groups,2,18.7,80,0.0,4.0,207,1017.5,38,131.8,132.2,2440.0,75.8,41.0,53.7
2026-03-11 22:00:00,2026,3,11,22,Bắc Ninh,Xã Tiên Du,21.1573477,106.0138026,141,Unhealthy for Sensitive Groups,2,18.4,83,0.0,1.9,163,1018.1,83,131.8,132.2,2610.0,82.3,25.0,59.2
2026-03-11 23:00:00,2026,3,11,23,Bắc Ninh,Xã Tiên Du,21.1573477,106.0138026,150,Unhealthy for Sensitive Groups,2,17.9,86,0.0,8.8,121,1018.1,4,136.0,136.4,2126.0,82.9,17.0,60.6
2026-03-12 00:00:00,2026,3,12,0,Bắc Ninh,Xã Tiên Du,21.1573477,106.0138026,152,Unhealthy,3,17.0,91,0.0,7.2,125,1017.9,20,135.0,135.5,1300.0,80.4,14.0,59.9
2026-03-12 01:00:00,2026,3,12,1,Bắc Ninh,Xã Tiên Du,21.1573477,106.0138026,154,Unhealthy,3,16.9,93,0.0,6.0,129,1018.1,66,133.6,134.1,696.0,77.4,12.0,59.0
2026-03-12 02:00:00,2026,3,12,2,Bắc Ninh,Xã Tiên Du,21.1573477,106.0138026,157,Unhealthy,3,17.6,88,0.0,5.0,125,1017.5,100,133.2,133.6,572.0,74.4,11.0,58.5
2026-03-12 03:00:00,2026,3,12,3,Bắc Ninh,Xã Tiên Du,21.1573477,106.0138026,159,Unhealthy,3,17.9,87,0.0,3.2,117,1017.3,100,137.4,137.8,672.0,70.9,11.0,57.8
2026-03-12 04:00:00,2026,3,12,4,Bắc Ninh,Xã Tiên Du,21.1573477,106.0138026,161,Unhealthy,3,18.0,88,0.0,2.2,76,1017.3,100,133.6,134.1,788.0,68.1,11.0,57.6
2026-03-12 05:00:00,2026,3,12,5,Bắc Ninh,Xã Tiên Du,21.1573477,106.0138026,163,Unhealthy,3,18.0,87,0.0,3.6,33,1017.8,100,129.9,130.4,879.0,67.5,8.0,58.8
2026-03-12 06:00:00,2026,3,12,6,Bắc Ninh,Xã Tiên Du,21.1573477,106.0138026,164,Unhealthy,3,18.0,86,0.0,4.8,27,1018.4,100,129.9,130.4,987.0,67.5,5.0,60.4
2026-03-12 07:00:00,2026,3,12,7,Bắc Ninh,Xã Tiên Du,21.1573477,106.0138026,166,Unhealthy,3,17.9,89,0.0,5.5,9,1019.2,100,145.3,145.8,1031.0,70.6,8.0,65.2
2026-03-12 08:00:00,2026,3,12,8,Bắc Ninh,Xã Tiên Du,21.1573477,106.0138026,168,Unhealthy,3,19.2,83,0.0,4.6,13,1020.0,100,135.0,135.5,959.0,61.6,23.0,62.1
2026-03-12 09:00:00,2026,3,12,9,Bắc Ninh,Xã Tiên Du,21.1573477,106.0138026,170,Unhealthy,3,20.5,76,0.0,6.3,27,1020.5,100,112.7,113.2,823.0,48.8,45.0,57.5
2026-03-12 10:00:00,2026,3,12,10,Bắc Ninh,Xã Tiên Du,21.1573477,106.0138026,171,Unhealthy,3,21.8,70,0.0,6.6,29,1020.6,100,83.8,84.3,699.0,36.7,68.0,51.4
2026-03-12 11:00:00,2026,3,12,11,Bắc Ninh,Xã Tiên Du,21.1573477,106.0138026,172,Unhealthy,3,22.5,65,0.0,8.0,46,1019.8,100,54.5,54.9,610.0,26.0,94.0,42.7
2026-03-12 12:00:00,2026,3,12,12,Bắc Ninh,Xã Tiên Du,21.1573477,106.0138026,173,Unhealthy,3,24.1,54,0.0,9.7,62,1018.3,88,36.6,37.0,533.0,15.9,121.0,32.6
2026-03-12 13:00:00,2026,3,12,13,Bắc Ninh,Xã Tiên Du,21.1573477,106.0138026,173,Unhealthy,3,24.2,51,0.0,9.3,61,1017.4,76,31.5,32.0,478.0,9.3,140.0,24.9
2026-03-12 14:00:00,2026,3,12,14,Bắc Ninh,Xã Tiên Du,21.1573477,106.0138026,173,Unhealthy,3,25.1,46,0.0,9.1,69,1016.2,100,31.5,32.1,449.0,6.6,148.0,21.1
2026-03-12 15:00:00,2026,3,12,15,Bắc Ninh,Xã Tiên Du,21.1573477,106.0138026,173,Unhealthy,3,25.0,45,0.0,7.9,79,1015.6,99,32.7,33.4,442.0,7.3,147.0,19.7
2026-03-12 16:00:00,2026,3,12,16,Bắc Ninh,Xã Tiên Du,21.1573477,106.0138026,173,Unhealthy,3,24.8,46,0.0,5.9,102,1015.1,39,35.6,36.3,456.0,12.3,139.0,20.6
2026-03-12 17:00:00,2026,3,12,17,Bắc Ninh,Xã Tiên Du,21.1573477,106.0138026,173,Unhealthy,3,24.0,53,0.0,9.1,159,1014.7,20,44.4,44.9,497.0,25.2,118.0,25.1
2026-03-12 18:00:00,2026,3,12,18,Bắc Ninh,Xã Tiên Du,21.1573477,106.0138026,173,Unhealthy,3,21.4,63,0.0,10.4,160,1015.1,28,62.6,63.1,559.0,42.5,88.0,31.8
2026-03-12 19:00:00,2026,3,12,19,Bắc Ninh,Xã Tiên Du,21.1573477,106.0138026,173,Unhealthy,3,20.5,72,0.0,11.3,147,1016.8,36,110.8,112.0,620.0,84.1,30.0,46.6
2026-03-12 20:00:00,2026,3,12,20,Bắc Ninh,Xã Tiên Du,21.1573477,106.0138026,173,Unhealthy,3,20.0,73,0.0,11.6,147,1017.4,24,108.5,109.4,668.0,81.1,31.0,46.1
2026-03-12 21:00:00,2026,3,12,21,Bắc Ninh,Xã Tiên Du,21.1573477,106.0138026,172,Unhealthy,3,19.0,76,0.0,9.4,150,1017.9,20,107.8,108.5,715.0,76.8,33.0,45.3
2026-03-12 22:00:00,2026,3,12,22,Bắc Ninh,Xã Tiên Du,21.1573477,106.0138026,172,Unhealthy,3,18.1,78,0.0,6.0,139,1018.6,14,96.9,97.6,773.0,72.0,34.0,43.8
2026-03-12 23:00:00,2026,3,12,23,Bắc Ninh,Xã Tiên Du,21.1573477,106.0138026,171,Unhealthy,3,17.5,83,0.0,5.2,160,1019.0,30,87.8,88.5,864.0,66.4,36.0,40.4
2026-03-13 00:00:00,2026,3,13,0,Bắc Ninh,Xã Tiên Du,21.1573477,106.0138026,170,Unhealthy,3,17.2,85,0.0,3.8,161,1019.3,40,84.3,85.0,966.0,60.3,37.0,36.3
2026-03-13 01:00:00,2026,3,13,1,Bắc Ninh,Xã Tiên Du,21.1573477,106.0138026,169,Unhealthy,3,17.8,85,0.0,2.2,204,1019.2,95,88.7,89.6,1021.0,56.2,37.0,34.2
2026-03-13 02:00:00,2026,3,13,2,Bắc Ninh,Xã Tiên Du,21.1573477,106.0138026,168,Unhealthy,3,17.6,85,0.0,1.0,301,1018.8,100,96.9,98.0,979.0,55.4,35.0,35.7
2026-03-13 03:00:00,2026,3,13,3,Bắc Ninh,Xã Tiên Du,21.1573477,106.0138026,167,Unhealthy,3,17.8,86,0.0,2.4,27,1018.6,60,100.4,101.5,891.0,56.6,31.0,39.1
2026-03-13 04:00:00,2026,3,13,4,Bắc Ninh,Xã Tiên Du,21.1573477,106.0138026,166,Unhealthy,3,16.8,92,0.0,4.5,34,1018.5,21,103.4,104.8,843.0,57.4,27.0,42.4
2026-03-13 05:00:00,2026,3,13,5,Bắc Ninh,Xã Tiên Du,21.1573477,106.0138026,166,Unhealthy,3,16.1,94,0.0,4.9,2,1019.0,15,109.7,111.1,905.0,58.2,20.0,45.2
2026-03-13 06:00:00,2026,3,13,6,Bắc Ninh,Xã Tiên Du,21.1573477,106.0138026,165,Unhealthy,3,15.8,94,0.0,5.2,356,1019.7,25,115.3,116.6,1008.0,58.6,13.0,47.8
2026-03-13 07:00:00,2026,3,13,7,Bắc Ninh,Xã Tiên Du,21.1573477,106.0138026,165,Unhealthy,3,17.4,90,0.0,6.7,5,1020.4,91,108.0,109.7,1036.0,48.9,22.0,39.0
2026-03-13 08:00:00,2026,3,13,8,Bắc Ninh,Xã Tiên Du,21.1573477,106.0138026,164,Unhealthy,3,18.5,86,0.0,6.3,5,1021.0,33,95.5,97.1,911.0,40.5,46.0,38.7
2026-03-13 09:00:00,2026,3,13,9,Bắc Ninh,Xã Tiên Du,21.1573477,106.0138026,163,Unhealthy,3,21.0,74,0.0,7.2,354,1021.6,10,68.5,70.3,711.0,28.8,79.0,38.1
2026-03-13 10:00:00,2026,3,13,10,Bắc Ninh,Xã Tiên Du,21.1573477,106.0138026,162,Unhealthy,3,23.0,62,0.0,6.9,14,1021.6,16,40.4,42.4,550.0,19.2,109.0,36.0
2026-03-13 11:00:00,2026,3,13,11,Bắc Ninh,Xã Tiên Du,21.1573477,106.0138026,161,Unhealthy,3,24.3,51,0.0,6.2,64,1020.8,9,32.5,34.2,478.0,13.7,132.0,31.3
2026-03-13 12:00:00,2026,3,13,12,Bắc Ninh,Xã Tiên Du,21.1573477,106.0138026,161,Unhealthy,3,25.2,47,0.0,13.0,104,1019.4,27,29.1,30.2,447.0,10.2,151.0,25.1
2026-03-13 13:00:00,2026,3,13,13,Bắc Ninh,Xã Tiên Du,21.1573477,106.0138026,161,Unhealthy,3,25.4,43,0.0,15.3,120,1018.8,27,27.8,28.8,422.0,8.1,163.0,20.0
2026-03-13 14:00:00,2026,3,13,14,Bắc Ninh,Xã Tiên Du,21.1573477,106.0138026,161,Unhealthy,3,25.6,41,0.0,17.1,118,1017.4,94,27.7,28.6,387.0,6.8,168.0,16.8
2026-03-13 15:00:00,2026,3,13,15,Bắc Ninh,Xã Tiên Du,21.1573477,106.0138026,161,Unhealthy,3,25.0,42,0.0,16.5,121,1016.7,31,26.5,27.5,360.0,7.0,166.0,14.6
2026-03-13 16:00:00,2026,3,13,16,Bắc Ninh,Xã Tiên Du,21.1573477,106.0138026,160,Unhealthy,3,24.4,46,0.0,16.3,121,1016.7,9,26.0,27.1,358.0,9.3,159.0,14.0
2026-03-13 17:00:00,2026,3,13,17,Bắc Ninh,Xã Tiên Du,21.1573477,106.0138026,160,Unhealthy,3,23.0,55,0.0,14.9,121,1016.7,29,27.9,28.8,399.0,15.5,144.0,15.6
2026-03-13 18:00:00,2026,3,13,18,Bắc Ninh,Xã Tiên Du,21.1573477,106.0138026,160,Unhealthy,3,21.2,62,0.0,12.2,135,1017.1,34,31.9,32.8,465.0,23.9,124.0,18.6
2026-03-13 19:00:00,2026,3,13,19,Bắc Ninh,Xã Tiên Du,21.1573477,106.0138026,159,Unhealthy,3,20.2,71,0.0,8.4,135,1018.3,5,47.6,48.9,525.0,35.6,92.0,23.2
2026-03-13 20:00:00,2026,3,13,20,Bắc Ninh,Xã Tiên Du,21.1573477,106.0138026,158,Unhealthy,3,19.3,74,0.0,7.6,124,1019.1,17,49.1,50.4,571.0,35.9,85.0,24.4
2026-03-13 21:00:00,2026,3,13,21,Bắc Ninh,Xã Tiên Du,21.1573477,106.0138026,157,Unhealthy,3,19.1,75,0.0,8.1,133,1019.9,100,51.6,52.9,611.0,36.4,76.0,26.1
2026-03-13 22:00:00,2026,3,13,22,Bắc Ninh,Xã Tiên Du,21.1573477,106.0138026,155,Unhealthy,3,19.6,73,0.0,9.3,130,1019.9,100,56.0,57.3,630.0,37.3,68.0,27.5
2026-03-13 23:00:00,2026,3,13,23,Bắc Ninh,Xã Tiên Du,21.1573477,106.0138026,154,Unhealthy,3,20.0,72,0.0,9.0,119,1019.7,100,61.0,62.6,614.0,39.0,62.0,28.4
2026-03-14 00:00:00,2026,3,14,0,Bắc Ninh,Xã Tiên Du,21.1573477,106.0138026,154,Unhealthy,3,19.9,74,0.0,7.4,116,1019.7,100,64.7,67.1,576.0,41.2,58.0,29.1
2026-03-14 01:00:00,2026,3,14,1,Bắc Ninh,Xã Tiên Du,21.1573477,106.0138026,153,Unhealthy,3,19.6,78,0.0,6.1,113,1019.5,100,67.5,72.2,550.0,42.8,54.0,29.8
2026-03-14 02:00:00,2026,3,14,2,Bắc Ninh,Xã Tiên Du,21.1573477,106.0138026,153,Unhealthy,3,19.5,80,0.0,6.4,117,1018.9,100,70.3,77.3,546.0,43.5,51.0,31.0
2026-03-14 03:00:00,2026,3,14,3,Bắc Ninh,Xã Tiên Du,21.1573477,106.0138026,152,Unhealthy,3,19.3,83,0.0,6.0,117,1018.5,100,74.5,82.0,552.0,43.8,49.0,32.4
2026-03-14 04:00:00,2026,3,14,4,Bắc Ninh,Xã Tiên Du,21.1573477,106.0138026,152,Unhealthy,3,19.1,86,0.0,5.6,123,1018.6,100,77.8,85.4,565.0,43.6,47.0,32.8
2026-03-14 05:00:00,2026,3,14,5,Bắc Ninh,Xã Tiên Du,21.1573477,106.0138026,151,Unhealthy,3,18.8,88,0.0,6.3,105,1018.7,100,79.6,87.1,600.0,43.7,42.0,31.9
2026-03-14 06:00:00,2026,3,14,6,Bắc Ninh,Xã Tiên Du,21.1573477,106.0138026,151,Unhealthy,3,18.9,88,0.0,4.7,94,1019.7,100,75.0,82.0,642.0,43.5,36.0,30.2
2026-03-14 07:00:00,2026,3,14,7,Bắc Ninh,Xã Tiên Du,21.1573477,106.0138026,148,Unhealthy for Sensitive Groups,2,19.0,87,0.0,5.6,31,1020.3,100,57.0,63.8,642.0,39.9,57.0,29.2
2026-03-14 08:00:00,2026,3,14,8,Bắc Ninh,Xã Tiên Du,21.1573477,106.0138026,143,Unhealthy for Sensitive Groups,2,20.4,79,0.0,5.2,59,1021.1,100,35.9,41.2,558.0,33.9,71.0,25.1
2026-03-14 09:00:00,2026,3,14,9,Bắc Ninh,Xã Tiên Du,21.1573477,106.0138026,137,Unhealthy for Sensitive Groups,2,21.4,72,0.0,12.8,100,1021.5,99,27.0,31.5,431.0,25.7,89.0,19.3
2026-03-14 10:00:00,2026,3,14,10,Bắc Ninh,Xã Tiên Du,21.1573477,106.0138026,133,Unhealthy for Sensitive Groups,2,22.6,66,0.0,16.3,116,1021.5,100,22.1,26.3,336.0,19.0,104.0,14.6
2026-03-14 11:00:00,2026,3,14,11,Bắc Ninh,Xã Tiên Du,21.1573477,106.0138026,131,Unhealthy for Sensitive Groups,2,23.0,66,0.0,15.3,121,1021.0,100,20.3,24.2,305.0,15.5,110.0,11.8
2026-03-14 12:00:00,2026,3,14,12,Bắc Ninh,Xã Tiên Du,21.1573477,106.0138026,129,Unhealthy for Sensitive Groups,2,23.8,63,0.0,16.3,128,1019.6,98,19.6,23.2,305.0,13.7,113.0,10.0
2026-03-14 13:00:00,2026,3,14,13,Bắc Ninh,Xã Tiên Du,21.1573477,106.0138026,128,Unhealthy for Sensitive Groups,2,23.6,61,0.0,15.4,131,1019.3,96,19.5,22.4,312.0,12.6,114.0,8.9
2026-03-14 14:00:00,2026,3,14,14,Bắc Ninh,Xã Tiên Du,21.1573477,106.0138026,128,Unhealthy for Sensitive Groups,2,23.5,61,0.0,14.3,132,1018.5,100,20.1,23.4,314.0,11.6,116.0,8.3
2026-03-14 15:00:00,2026,3,14,15,Bắc Ninh,Xã Tiên Du,21.1573477,106.0138026,127,Unhealthy for Sensitive Groups,2,23.6,60,0.0,14.7,131,1017.7,100,20.1,23.4,322.0,11.3,118.0,8.5
2026-03-14 16:00:00,2026,3,14,16,Bắc Ninh,Xã Tiên Du,21.1573477,106.0138026,126,Unhealthy for Sensitive Groups,2,23.5,60,0.0,14.4,136,1017.0,100,20.8,24.2,345.0,13.2,115.0,9.5
2026-03-14 17:00:00,2026,3,14,17,Bắc Ninh,Xã Tiên Du,21.1573477,106.0138026,126,Unhealthy for Sensitive Groups,2,23.1,62,0.0,13.6,132,1016.7,19,23.1,26.6,395.0,18.9,106.0,11.9
2026-03-14 18:00:00,2026,3,14,18,Bắc Ninh,Xã Tiên Du,21.1573477,106.0138026,125,Unhealthy for Sensitive Groups,2,21.6,68,0.0,10.7,134,1017.4,7,27.4,31.0,460.0,26.8,93.0,15.2
2026-03-14 19:00:00,2026,3,14,19,Bắc Ninh,Xã Tiên Du,21.1573477,106.0138026,125,Unhealthy for Sensitive Groups,2,20.7,76,0.0,8.4,137,1018.6,22,41.0,45.6,511.0,39.1,66.0,20.3
2026-03-14 20:00:00,2026,3,14,20,Bắc Ninh,Xã Tiên Du,21.1573477,106.0138026,124,Unhealthy for Sensitive Groups,2,20.4,78,0.0,7.9,145,1019.2,100,45.8,50.3,539.0,41.2,60.0,22.3
2026-03-14 21:00:00,2026,3,14,21,Bắc Ninh,Xã Tiên Du,21.1573477,106.0138026,124,Unhealthy for Sensitive Groups,2,20.6,77,0.0,8.9,152,1019.7,100,50.4,55.2,553.0,44.1,51.0,25.2
2026-03-14 22:00:00,2026,3,14,22,Bắc Ninh,Xã Tiên Du,21.1573477,106.0138026,123,Unhealthy for Sensitive Groups,2,20.4,78,0.0,8.1,151,1020.0,100,56.5,61.7,549.0,47.1,44.0,27.8
2026-03-14 23:00:00,2026,3,14,23,Bắc Ninh,Xã Tiên Du,21.1573477,106.0138026,123,Unhealthy for Sensitive Groups,2,20.2,79,0.0,8.8,147,1019.8,100,61.9,67.5,516.0,50.3,39.0,29.9
2026-03-15 00:00:00,2026,3,15,0,Bắc Ninh,Xã Tiên Du,21.1573477,106.0138026,124,Unhealthy for Sensitive Groups,2,19.8,80,0.0,8.0,140,1019.1,66,65.9,72.2,464.0,53.6,34.0,31.8
2026-03-15 01:00:00,2026,3,15,1,Bắc Ninh,Xã Tiên Du,21.1573477,106.0138026,124,Unhealthy for Sensitive Groups,2,19.6,85,0.0,3.9,152,1019.0,100,71.2,77.8,422.0,55.3,32.0,32.9
2026-03-15 02:00:00,2026,3,15,2,Bắc Ninh,Xã Tiên Du,21.1573477,106.0138026,124,Unhealthy for Sensitive Groups,2,20.3,83,0.0,2.7,122,1018.4,100,76.8,83.8,400.0,54.7,32.0,33.3
2026-03-15 03:00:00,2026,3,15,3,Bắc Ninh,Xã Tiên Du,21.1573477,106.0138026,125,Unhealthy for Sensitive Groups,2,20.3,82,0.0,4.6,111,1018.3,97,81.3,88.9,388.0,52.6,34.0,33.0
2026-03-15 04:00:00,2026,3,15,4,Bắc Ninh,Xã Tiên Du,21.1573477,106.0138026,125,Unhealthy for Sensitive Groups,2,20.0,83,0.1,5.2,117,1018.3,100,77.5,85.7,381.0,49.5,36.0,31.7
2026-03-15 05:00:00,2026,3,15,5,Bắc Ninh,Xã Tiên Du,21.1573477,106.0138026,125,Unhealthy for Sensitive Groups,2,19.5,87,0.0,4.6,101,1018.8,75,69.8,78.2,382.0,45.4,37.0,28.7
2026-03-15 06:00:00,2026,3,15,6,Bắc Ninh,Xã Tiên Du,21.1573477,106.0138026,124,Unhealthy for Sensitive Groups,2,18.8,92,0.0,4.0,87,1019.1,70,58.3,65.7,388.0,40.4,39.0,24.6
2026-03-15 07:00:00,2026,3,15,7,Bắc Ninh,Xã Tiên Du,21.1573477,106.0138026,123,Unhealthy for Sensitive Groups,2,19.4,91,0.0,5.3,55,1019.5,77,67.5,74.5,390.0,36.5,36.0,23.2
2026-03-15 08:00:00,2026,3,15,8,Bắc Ninh,Xã Tiên Du,21.1573477,106.0138026,124,Unhealthy for Sensitive Groups,2,20.9,84,0.0,4.9,57,1020.1,100,44.1,50.4,385.0,31.1,50.0,20.5
2026-03-15 09:00:00,2026,3,15,9,Bắc Ninh,Xã Tiên Du,21.1573477,106.0138026,125,Unhealthy for Sensitive Groups,2,22.2,80,0.0,7.2,108,1021.0,84,31.2,36.8,375.0,23.6,70.0,16.7
2026-03-15 10:00:00,2026,3,15,10,Bắc Ninh,Xã Tiên Du,21.1573477,106.0138026,125,Unhealthy for Sensitive Groups,2,23.0,78,0.0,12.1,133,1021.0,62,28.9,34.5,360.0,17.3,89.0,13.9
2026-03-15 11:00:00,2026,3,15,11,Bắc Ninh,Xã Tiên Du,21.1573477,106.0138026,126,Unhealthy for Sensitive Groups,2,23.9,73,0.3,15.2,137,1019.8,80,27.6,32.8,335.0,13.3,105.0,12.9
2026-03-15 12:00:00,2026,3,15,12,Bắc Ninh,Xã Tiên Du,21.1573477,106.0138026,126,Unhealthy for Sensitive Groups,2,24.9,67,0.2,17.4,140,1018.3,100,25.3,28.3,306.0,10.4,121.0,12.8
2026-03-15 13:00:00,2026,3,15,13,Bắc Ninh,Xã Tiên Du,21.1573477,106.0138026,127,Unhealthy for Sensitive Groups,2,24.9,63,0.1,14.0,136,1018.1,86,24.3,26.7,283.0,8.7,131.0,12.8
2026-03-15 14:00:00,2026,3,15,14,Bắc Ninh,Xã Tiên Du,21.1573477,106.0138026,128,Unhealthy for Sensitive Groups,2,24.0,66,0.1,14.5,135,1017.2,100,24.6,26.7,269.0,7.8,136.0,12.4
2026-03-15 15:00:00,2026,3,15,15,Bắc Ninh,Xã Tiên Du,21.1573477,106.0138026,128,Unhealthy for Sensitive Groups,2,23.5,68,0.0,15.7,134,1016.1,73,25.4,27.4,261.0,8.1,136.0,12.0
2026-03-15 16:00:00,2026,3,15,16,Bắc Ninh,Xã Tiên Du,21.1573477,106.0138026,129,Unhealthy for Sensitive Groups,2,24.0,66,0.0,16.6,133,1015.5,21,24.6,27.0,271.0,10.4,130.0,12.3
2026-03-15 17:00:00,2026,3,15,17,Bắc Ninh,Xã Tiên Du,21.1573477,106.0138026,129,Unhealthy for Sensitive Groups,2,23.4,68,0.0,15.5,129,1015.2,21,24.6,27.1,312.0,16.3,113.0,13.7
2026-03-15 18:00:00,2026,3,15,18,Bắc Ninh,Xã Tiên Du,21.1573477,106.0138026,129,Unhealthy for Sensitive Groups,2,22.0,74,0.0,11.2,135,1015.8,38,25.9,28.2,370.0,24.3,89.0,15.8
2026-03-15 19:00:00,2026,3,15,19,Bắc Ninh,Xã Tiên Du,21.1573477,106.0138026,129,Unhealthy for Sensitive Groups,2,21.4,81,0.0,11.1,138,1016.4,70,36.6,39.0,409.0,39.5,50.0,21.1
2026-03-15 20:00:00,2026,3,15,20,Bắc Ninh,Xã Tiên Du,21.1573477,106.0138026,129,Unhealthy for Sensitive Groups,2,21.0,84,0.0,13.4,140,1016.8,23,38.8,41.6,413.0,41.0,46.0,22.7
2026-03-15 21:00:00,2026,3,15,21,Bắc Ninh,Xã Tiên Du,21.1573477,106.0138026,128,Unhealthy for Sensitive Groups,2,20.2,89,0.0,9.2,147,1017.7,13,40.6,44.4,397.0,42.9,40.0,25.0
2026-03-15 22:00:00,2026,3,15,22,Bắc Ninh,Xã Tiên Du,21.1573477,106.0138026,127,Unhealthy for Sensitive Groups,2,19.8,92,0.0,8.7,148,1018.0,67,44.5,48.3,378.0,43.9,36.0,26.3
2026-03-15 23:00:00,2026,3,15,23,Bắc Ninh,Xã Tiên Du,21.1573477,106.0138026,126,Unhealthy for Sensitive Groups,2,19.6,93,0.0,10.0,141,1017.6,18,47.4,51.6,357.0,43.2,35.0,25.9
2026-03-16 00:00:00,2026,3,16,0,Bắc Ninh,Xã Tiên Du,21.1573477,106.0138026,124,Unhealthy for Sensitive Groups,2,19.4,94,0.0,9.8,140,1017.4,39,45.8,50.1,331.0,41.5,36.0,24.7
2026-03-16 01:00:00,2026,3,16,1,Bắc Ninh,Xã Tiên Du,21.1573477,106.0138026,122,Unhealthy for Sensitive Groups,2,19.9,95,0.0,9.3,131,1016.6,35,43.8,48.1,310.0,39.8,36.0,23.4
2026-03-16 02:00:00,2026,3,16,2,Bắc Ninh,Xã Tiên Du,21.1573477,106.0138026,119,Unhealthy for Sensitive Groups,2,19.8,95,0.1,9.2,132,1015.9,24,44.7,49.4,292.0,38.4,35.0,22.3
2026-03-16 03:00:00,2026,3,16,3,Bắc Ninh,Xã Tiên Du,21.1573477,106.0138026,116,Unhealthy for Sensitive Groups,2,19.5,96,0.0,8.4,130,1015.2,26,47.5,52.5,278.0,36.9,33.0,21.1
2026-03-16 04:00:00,2026,3,16,4,Bắc Ninh,Xã Tiên Du,21.1573477,106.0138026,112,Unhealthy for Sensitive Groups,2,19.2,97,0.0,10.0,131,1014.8,38,52.2,57.0,283.0,35.5,32.0,20.1
2026-03-16 05:00:00,2026,3,16,5,Bắc Ninh,Xã Tiên Du,21.1573477,106.0138026,110,Unhealthy for Sensitive Groups,2,19.1,97,0.0,10.2,131,1014.8,95,61.7,64.5,327.0,34.7,28.0,19.0
2026-03-16 06:00:00,2026,3,16,6,Bắc Ninh,Xã Tiên Du,21.1573477,106.0138026,109,Unhealthy for Sensitive Groups,2,19.0,97,0.0,8.7,135,1015.5,30,71.5,74.3,390.0,33.9,25.0,18.1
2026-03-16 07:00:00,2026,3,16,7,Bắc Ninh,Xã Tiên Du,21.1573477,106.0138026,110,Unhealthy for Sensitive Groups,2,19.5,96,0.0,10.1,131,1016.4,31,38.9,42.6,423.0,32.9,45.0,24.3
2026-03-16 08:00:00,2026,3,16,8,Bắc Ninh,Xã Tiên Du,21.1573477,106.0138026,107,Unhealthy for Sensitive Groups,2,21.4,87,0.0,12.6,143,1017.2,24,34.8,39.0,395.0,29.0,58.0,24.8
2026-03-16 09:00:00,2026,3,16,9,Bắc Ninh,Xã Tiên Du,21.1573477,106.0138026,106,Unhealthy for Sensitive Groups,2,22.9,79,0.2,13.2,156,1017.8,61,31.5,35.9,338.0,23.5,76.0,25.5
2026-03-16 10:00:00,2026,3,16,10,Bắc Ninh,Xã Tiên Du,21.1573477,106.0138026,106,Unhealthy for Sensitive Groups,2,23.9,73,0.1,15.6,169,1017.5,64,28.2,31.9,296.0,18.7,92.0,25.5
2026-03-16 11:00:00,2026,3,16,11,Bắc Ninh,Xã Tiên Du,21.1573477,106.0138026,106,Unhealthy for Sensitive Groups,2,25.1,66,0.0,16.5,172,1016.7,61,28.3,31.7,292.0,15.3,104.0,24.5
2026-03-16 12:00:00,2026,3,16,12,Bắc Ninh,Xã Tiên Du,21.1573477,106.0138026,106,Unhealthy for Sensitive Groups,2,25.5,64,0.1,17.5,175,1015.4,37,27.7,30.6,304.0,12.6,115.0,22.9
2026-03-16 13:00:00,2026,3,16,13,Bắc Ninh,Xã Tiên Du,21.1573477,106.0138026,106,Unhealthy for Sensitive Groups,2,25.4,63,0.2,16.8,171,1015.0,66,24.5,26.8,310.0,10.5,122.0,21.0
2026-03-16 14:00:00,2026,3,16,14,Bắc Ninh,Xã Tiên Du,21.1573477,106.0138026,106,Unhealthy for Sensitive Groups,2,25.1,65,0.2,19.9,166,1013.9,52,22.7,25.0,296.0,8.6,125.0,18.3
2026-03-16 15:00:00,2026,3,16,15,Bắc Ninh,Xã Tiên Du,21.1573477,106.0138026,106,Unhealthy for Sensitive Groups,2,25.4,65,0.2,18.9,166,1012.5,33,19.6,21.8,277.0,7.4,124.0,15.2
2026-03-16 16:00:00,2026,3,16,16,Bắc Ninh,Xã Tiên Du,21.1573477,106.0138026,106,Unhealthy for Sensitive Groups,2,25.3,65,0.1,20.2,163,1011.8,36,19.5,21.7,272.0,8.0,119.0,13.4
2026-03-16 17:00:00,2026,3,16,17,Bắc Ninh,Xã Tiên Du,21.1573477,106.0138026,105,Unhealthy for Sensitive Groups,2,24.5,68,0.0,17.6,156,1011.6,72,18.3,20.3,297.0,12.0,107.0,13.6
2026-03-16 18:00:00,2026,3,16,18,Bắc Ninh,Xã Tiên Du,21.1573477,106.0138026,104,Unhealthy for Sensitive Groups,2,23.5,72,0.0,17.1,148,1011.8,8,19.4,21.1,336.0,17.8,90.0,15.1
2026-03-16 19:00:00,2026,3,16,19,Bắc Ninh,Xã Tiên Du,21.1573477,106.0138026,104,Unhealthy for Sensitive Groups,2,22.5,78,0.0,16.2,145,1011.9,7,21.9,24.8,364.0,24.3,78.0,16.8
2026-03-16 20:00:00,2026,3,16,20,Bắc Ninh,Xã Tiên Du,21.1573477,106.0138026,102,Unhealthy for Sensitive Groups,2,22.0,80,0.0,14.9,148,1013.3,10,22.1,24.9,368.0,24.9,75.0,18.1
2026-03-16 21:00:00,2026,3,16,21,Bắc Ninh,Xã Tiên Du,21.1573477,106.0138026,101,Unhealthy for Sensitive Groups,2,21.4,83,0.0,14.9,146,1013.9,2,23.4,26.3,360.0,25.7,70.0,19.8
2026-03-16 22:00:00,2026,3,16,22,Bắc Ninh,Xã Tiên Du,21.1573477,106.0138026,99,Moderate,1,20.9,86,0.0,14.3,147,1014.5,1,25.6,28.6,352.0,26.5,66.0,21.1
2026-03-16 23:00:00,2026,3,16,23,Bắc Ninh,Xã Tiên Du,21.1573477,106.0138026,97,Moderate,1,20.5,89,0.0,13.4,149,1014.6,2,28.1,31.3,351.0,27.4,62.0,21.5
2026-03-17 00:00:00,2026,3,17,0,Bắc Ninh,Xã Tiên Du,21.1573477,106.0138026,96,Moderate,1,20.0,92,0.0,11.3,146,1014.1,5,29.5,32.7,351.0,28.3,58.0,21.4
2026-03-17 01:00:00,2026,3,17,1,Bắc Ninh,Xã Tiên Du,21.1573477,106.0138026,94,Moderate,1,20.0,94,0.0,11.3,143,1013.4,4,31.0,34.5,344.0,28.9,54.0,21.3
2026-03-17 02:00:00,2026,3,17,2,Bắc Ninh,Xã Tiên Du,21.1573477,106.0138026,93,Moderate,1,19.9,95,0.0,12.2,146,1012.8,14,32.5,36.3,320.0,28.7,51.0,21.1
2026-03-17 03:00:00,2026,3,17,3,Bắc Ninh,Xã Tiên Du,21.1573477,106.0138026,92,Moderate,1,19.8,96,0.0,11.8,146,1012.1,27,34.1,38.1,289.0,28.1,49.0,20.9
2026-03-17 04:00:00,2026,3,17,4,Bắc Ninh,Xã Tiên Du,21.1573477,106.0138026,91,Moderate,1,19.7,97,0.0,11.2,150,1012.2,30,35.7,39.3,271.0,28.2,47.0,21.1
2026-03-17 05:00:00,2026,3,17,5,Bắc Ninh,Xã Tiên Du,21.1573477,106.0138026,89,Moderate,1,19.8,97,0.0,12.0,148,1012.6,48,37.0,40.3,280.0,30.4,44.0,22.3
2026-03-17 06:00:00,2026,3,17,6,Bắc Ninh,Xã Tiên Du,21.1573477,106.0138026,87,Moderate,1,19.9,96,0.0,12.4,147,1013.2,78,38.4,41.6,301.0,33.2,42.0,24.0
2026-03-17 07:00:00,2026,3,17,7,Bắc Ninh,Xã Tiên Du,21.1573477,106.0138026,84,Moderate,1,21.0,94,0.0,14.7,147,1013.7,100,36.7,40.9,313.0,32.8,50.0,24.7
2026-03-17 08:00:00,2026,3,17,8,Bắc Ninh,Xã Tiên Du,21.1573477,106.0138026,84,Moderate,1,21.9,90,0.2,19.4,159,1014.2,43,32.6,37.3,305.0,29.1,58.0,24.6
2026-03-17 09:00:00,2026,3,17,9,Bắc Ninh,Xã Tiên Du,21.1573477,106.0138026,84,Moderate,1,23.8,78,0.1,22.6,169,1014.8,67,32.2,37.8,287.0,24.0,68.0,24.4
2026-03-17 10:00:00,2026,3,17,10,Bắc Ninh,Xã Tiên Du,21.1573477,106.0138026,84,Moderate,1,25.0,72,0.3,22.9,171,1014.7,77,23.9,28.3,271.0,19.6,78.0,24.0
2026-03-17 11:00:00,2026,3,17,11,Bắc Ninh,Xã Tiên Du,21.1573477,106.0138026,83,Moderate,1,26.0,67,0.2,21.2,174,1014.0,70,23.3,27.8,261.0,16.7,85.0,23.2
2026-03-17 12:00:00,2026,3,17,12,Bắc Ninh,Xã Tiên Du,21.1573477,106.0138026,83,Moderate,1,26.0,66,0.0,22.6,175,1013.0,98,21.7,25.0,253.0,14.5,90.0,22.1
2026-03-17 13:00:00,2026,3,17,13,Bắc Ninh,Xã Tiên Du,21.1573477,106.0138026,82,Moderate,1,26.6,63,0.0,20.9,177,1012.3,99,22.3,25.4,248.0,12.8,95.0,20.9
2026-03-17 14:00:00,2026,3,17,14,Bắc Ninh,Xã Tiên Du,21.1573477,106.0138026,82,Moderate,1,26.5,63,0.0,19.6,173,1011.3,63,22.9,25.8,243.0,11.2,100.0,19.6
2026-03-17 15:00:00,2026,3,17,15,Bắc Ninh,Xã Tiên Du,21.1573477,106.0138026,82,Moderate,1,26.6,61,0.0,19.7,167,1010.3,66,22.6,25.3,240.0,10.0,104.0,18.2
2026-03-17 16:00:00,2026,3,17,16,Bắc Ninh,Xã Tiên Du,21.1573477,106.0138026,83,Moderate,1,26.0,63,0.0,21.7,156,1009.8,6,21.4,23.9,245.0,10.4,103.0,17.0
2026-03-17 17:00:00,2026,3,17,17,Bắc Ninh,Xã Tiên Du,21.1573477,106.0138026,83,Moderate,1,25.1,65,0.0,20.4,153,1009.8,13,19.2,21.4,265.0,13.6,93.0,16.1
2026-03-17 18:00:00,2026,3,17,18,Bắc Ninh,Xã Tiên Du,21.1573477,106.0138026,83,Moderate,1,23.7,70,0.0,18.0,158,1010.5,16,18.2,20.0,293.0,18.4,78.0,15.4
2026-03-17 19:00:00,2026,3,17,19,Bắc Ninh,Xã Tiên Du,21.1573477,106.0138026,83,Moderate,1,23.2,76,0.0,15.8,150,1011.1,30,22.3,25.7,315.0,23.5,64.0,15.9
2026-03-17 20:00:00,2026,3,17,20,Bắc Ninh,Xã Tiên Du,21.1573477,106.0138026,83,Moderate,1,22.8,81,0.0,16.5,151,1011.8,9,21.5,24.4,328.0,23.3,62.0,16.8
2026-03-17 21:00:00,2026,3,17,21,Bắc Ninh,Xã Tiên Du,21.1573477,106.0138026,83,Moderate,1,22.2,85,0.0,14.2,151,1012.6,2,21.7,24.6,335.0,23.0,60.0,18.1
2026-03-17 22:00:00,2026,3,17,22,Bắc Ninh,Xã Tiên Du,21.1573477,106.0138026,82,Moderate,1,21.8,88,0.0,11.8,154,1013.5,5,22.6,25.6,335.0,23.3,57.0,19.1
2026-03-17 23:00:00,2026,3,17,23,Bắc Ninh,Xã Tiên Du,21.1573477,106.0138026,82,Moderate,1,21.2,92,0.0,9.6,143,1013.6,7,24.1,27.1,326.0,24.6,53.0,19.5
2026-03-18 00:00:00,2026,3,18,0,Bắc Ninh,Xã Tiên Du,21.1573477,106.0138026,82,Moderate,1,20.8,94,0.0,9.1,153,1013.1,9,25.7,28.7,311.0,26.5,47.0,19.6
2026-03-18 01:00:00,2026,3,18,1,Bắc Ninh,Xã Tiên Du,21.1573477,106.0138026,82,Moderate,1,21.0,95,0.0,10.5,153,1012.3,8,28.4,31.5,296.0,27.9,43.0,19.7
2026-03-18 02:00:00,2026,3,18,2,Bắc Ninh,Xã Tiên Du,21.1573477,106.0138026,81,Moderate,1,20.9,96,0.0,9.8,140,1011.4,8,29.9,33.2,277.0,28.4,40.0,19.6
2026-03-18 03:00:00,2026,3,18,3,Bắc Ninh,Xã Tiên Du,21.1573477,106.0138026,81,Moderate,1,20.6,97,0.0,9.4,140,1011.3,13,30.5,33.6,259.0,28.4,37.0,19.4
2026-03-18 04:00:00,2026,3,18,4,Bắc Ninh,Xã Tiên Du,21.1573477,106.0138026,81,Moderate,1,20.5,97,0.0,8.5,138,1011.6,13,31.3,34.7,262.0,28.9,35.0,19.7
2026-03-18 05:00:00,2026,3,18,5,Bắc Ninh,Xã Tiên Du,21.1573477,106.0138026,80,Moderate,1,20.3,97,0.0,8.3,132,1012.0,13,32.9,36.6,313.0,30.6,31.0,20.9
2026-03-18 06:00:00,2026,3,18,6,Bắc Ninh,Xã Tiên Du,21.1573477,106.0138026,80,Moderate,1,20.1,98,0.0,8.2,131,1012.5,18,35.9,39.6,385.0,32.6,28.0,22.6
2026-03-18 07:00:00,2026,3,18,7,Bắc Ninh,Xã Tiên Du,21.1573477,106.0138026,80,Moderate,1,20.8,97,0.0,9.3,122,1013.7,22,50.4,54.5,421.0,36.5,20.0,23.3
2026-03-18 08:00:00,2026,3,18,8,Bắc Ninh,Xã Tiên Du,21.1573477,106.0138026,81,Moderate,1,22.7,88,0.0,12.8,151,1014.7,40,39.0,44.2,384.0,33.8,31.0,25.3
2026-03-18 09:00:00,2026,3,18,9,Bắc Ninh,Xã Tiên Du,21.1573477,106.0138026,82,Moderate,1,24.6,77,0.1,14.3,168,1015.2,62,36.7,42.3,312.0,29.9,47.0,28.0
2026-03-18 10:00:00,2026,3,18,10,Bắc Ninh,Xã Tiên Du,21.1573477,106.0138026,82,Moderate,1,26.0,70,0.1,15.3,177,1015.4,100,34.7,39.9,259.0,26.8,60.0,30.1
2026-03-18 11:00:00,2026,3,18,11,Bắc Ninh,Xã Tiên Du,21.1573477,106.0138026,83,Moderate,1,26.0,70,0.0,15.2,173,1014.4,100,36.3,41.1,251.0,25.2,68.0,31.4
2026-03-18 12:00:00,2026,3,18,12,Bắc Ninh,Xã Tiên Du,21.1573477,106.0138026,84,Moderate,1,26.5,69,0.0,14.7,169,1013.3,100,41.6,46.4,262.0,24.3,72.0,32.1
2026-03-18 13:00:00,2026,3,18,13,Bắc Ninh,Xã Tiên Du,21.1573477,106.0138026,86,Moderate,1,26.5,67,0.0,15.2,170,1012.5,100,42.0,46.7,269.0,23.1,77.0,31.5
2026-03-18 14:00:00,2026,3,18,14,Bắc Ninh,Xã Tiên Du,21.1573477,106.0138026,88,Moderate,1,26.9,67,0.0,15.1,165,1011.4,91,39.9,44.1,260.0,20.6,83.0,28.8
2026-03-18 15:00:00,2026,3,18,15,Bắc Ninh,Xã Tiên Du,21.1573477,106.0138026,89,Moderate,1,27.0,66,0.0,15.7,164,1010.6,89,37.5,41.3,248.0,17.7,89.0,24.8
2026-03-18 16:00:00,2026,3,18,16,Bắc Ninh,Xã Tiên Du,21.1573477,106.0138026,90,Moderate,1,26.5,69,0.0,17.9,161,1010.6,95,32.5,35.9,249.0,16.6,90.0,21.4
2026-03-18 17:00:00,2026,3,18,17,Bắc Ninh,Xã Tiên Du,21.1573477,106.0138026,91,Moderate,1,25.6,73,0.0,17.6,154,1010.7,23,26.1,28.9,278.0,18.8,82.0,19.1
2026-03-18 18:00:00,2026,3,18,18,Bắc Ninh,Xã Tiên Du,21.1573477,106.0138026,92,Moderate,1,24.4,79,0.0,16.0,149,1011.1,20,23.5,25.9,321.0,22.8,68.0,17.3
2026-03-18 19:00:00,2026,3,18,19,Bắc Ninh,Xã Tiên Du,21.1573477,106.0138026,92,Moderate,1,24.0,85,0.0,14.9,136,1011.3,82,27.8,31.4,350.0,27.3,58.0,17.2
2026-03-18 20:00:00,2026,3,18,20,Bắc Ninh,Xã Tiên Du,21.1573477,106.0138026,93,Moderate,1,23.4,88,0.0,13.9,147,1012.2,67,26.0,29.3,352.0,27.1,58.0,18.1
2026-03-18 21:00:00,2026,3,18,21,Bắc Ninh,Xã Tiên Du,21.1573477,106.0138026,93,Moderate,1,22.8,91,0.0,14.2,154,1013.1,77,26.1,29.6,341.0,26.8,57.0,19.4
2026-03-18 22:00:00,2026,3,18,22,Bắc Ninh,Xã Tiên Du,21.1573477,106.0138026,94,Moderate,1,22.3,92,0.0,11.8,152,1013.7,40,28.1,31.7,332.0,27.0,56.0,20.4
2026-03-18 23:00:00,2026,3,18,23,Bắc Ninh,Xã Tiên Du,21.1573477,106.0138026,94,Moderate,1,21.8,94,0.0,12.1,153,1013.6,18,30.0,33.9,331.0,27.9,53.0,20.8
2026-03-19 00:00:00,2026,3,19,0,Bắc Ninh,Xã Tiên Du,21.1573477,106.0138026,95,Moderate,1,21.4,95,0.0,11.3,153,1013.0,23,31.7,35.5,331.0,29.2,48.0,20.9
2026-03-19 01:00:00,2026,3,19,1,Bắc Ninh,Xã Tiên Du,21.1573477,106.0138026,95,Moderate,1,21.8,96,0.0,11.0,145,1012.1,7,34.7,38.9,329.0,30.3,44.0,20.9
2026-03-19 02:00:00,2026,3,19,2,Bắc Ninh,Xã Tiên Du,21.1573477,106.0138026,96,Moderate,1,21.5,97,0.0,9.7,138,1011.6,8,37.8,42.3,318.0,31.0,40.0,20.9
2026-03-19 03:00:00,2026,3,19,3,Bắc Ninh,Xã Tiên Du,21.1573477,106.0138026,97,Moderate,1,21.1,97,0.0,10.9,140,1011.1,14,40.4,45.2,305.0,31.6,36.0,20.8
2026-03-19 04:00:00,2026,3,19,4,Bắc Ninh,Xã Tiên Du,21.1573477,106.0138026,97,Moderate,1,21.0,97,0.0,10.2,135,1010.9,11,42.4,47.5,303.0,32.2,33.0,20.9
2026-03-19 05:00:00,2026,3,19,5,Bắc Ninh,Xã Tiên Du,21.1573477,106.0138026,98,Moderate,1,20.9,98,0.0,9.4,135,1011.6,37,44.0,49.1,327.0,33.4,32.0,21.5
2026-03-19 06:00:00,2026,3,19,6,Bắc Ninh,Xã Tiên Du,21.1573477,106.0138026,99,Moderate,1,21.0,97,0.0,10.3,130,1012.2,100,47.6,51.2,362.0,34.6,33.0,22.4
2026-03-19 07:00:00,2026,3,19,7,Bắc Ninh,Xã Tiên Du,21.1573477,106.0138026,100,Moderate,1,21.6,94,0.0,13.2,134,1013.1,100,58.9,62.6,377.0,36.5,29.0,23.0
2026-03-19 08:00:00,2026,3,19,8,Bắc Ninh,Xã Tiên Du,21.1573477,106.0138026,101,Unhealthy for Sensitive Groups,2,23.1,88,0.1,15.4,147,1013.9,71,53.4,57.0,353.0,33.1,38.0,24.0
2026-03-19 09:00:00,2026,3,19,9,Bắc Ninh,Xã Tiên Du,21.1573477,106.0138026,103,Unhealthy for Sensitive Groups,2,24.5,81,0.1,17.6,165,1014.3,100,43.8,47.1,309.0,28.4,50.0,25.4
2026-03-19 10:00:00,2026,3,19,10,Bắc Ninh,Xã Tiên Du,21.1573477,106.0138026,104,Unhealthy for Sensitive Groups,2,25.5,76,0.0,16.2,165,1014.0,100,37.6,41.4,275.0,24.2,61.0,26.2
2026-03-19 11:00:00,2026,3,19,11,Bắc Ninh,Xã Tiên Du,21.1573477,106.0138026,104,Unhealthy for Sensitive Groups,2,26.4,71,0.0,18.9,171,1013.4,71,35.0,38.6,265.0,21.3,70.0,26.1
2026-03-19 12:00:00,2026,3,19,12,Bắc Ninh,Xã Tiên Du,21.1573477,106.0138026,104,Unhealthy for Sensitive Groups,2,27.5,67,0.1,20.6,168,1012.0,80,35.9,39.3,266.0,19.0,78.0,25.4
2026-03-19 13:00:00,2026,3,19,13,Bắc Ninh,Xã Tiên Du,21.1573477,106.0138026,103,Unhealthy for Sensitive Groups,2,27.2,68,0.0,19.5,168,1010.8,91,34.8,38.1,267.0,16.9,85.0,24.0
2026-03-19 14:00:00,2026,3,19,14,Bắc Ninh,Xã Tiên Du,21.1573477,106.0138026,102,Unhealthy for Sensitive Groups,2,27.8,65,0.0,18.9,170,1009.6,65,32.1,34.9,263.0,14.4,91.0,21.5
2026-03-19 15:00:00,2026,3,19,15,Bắc Ninh,Xã Tiên Du,21.1573477,106.0138026,102,Unhealthy for Sensitive Groups,2,28.4,62,0.0,21.4,165,1008.5,18,29.7,32.4,260.0,12.2,95.0,18.2
2026-03-19 16:00:00,2026,3,19,16,Bắc Ninh,Xã Tiên Du,21.1573477,106.0138026,101,Unhealthy for Sensitive Groups,2,27.2,65,0.0,21.5,155,1008.0,20,26.2,28.6,265.0,11.7,94.0,15.8
2026-03-19 17:00:00,2026,3,19,17,Bắc Ninh,Xã Tiên Du,21.1573477,106.0138026,100,Moderate,1,26.2,69,0.0,20.2,152,1008.0,7,21.5,23.6,285.0,14.3,86.0,14.7
2026-03-19 18:00:00,2026,3,19,18,Bắc Ninh,Xã Tiên Du,21.1573477,106.0138026,100,Moderate,1,24.6,74,0.0,19.1,149,1007.9,8,19.7,21.4,312.0,18.6,73.0,14.3
2026-03-19 19:00:00,2026,3,19,19,Bắc Ninh,Xã Tiên Du,21.1573477,106.0138026,99,Moderate,1,23.8,78,0.0,16.5,144,1008.8,8,23.1,25.2,330.0,23.1,63.0,16.4
2026-03-19 20:00:00,2026,3,19,20,Bắc Ninh,Xã Tiên Du,21.1573477,106.0138026,99,Moderate,1,23.0,82,0.0,17.2,147,1009.7,2,21.8,24.2,330.0,23.0,61.0,17.0
2026-03-19 21:00:00,2026,3,19,21,Bắc Ninh,Xã Tiên Du,21.1573477,106.0138026,99,Moderate,1,22.4,89,0.0,16.4,148,1010.4,5,21.5,24.1,320.0,22.9,58.0,17.8
2026-03-19 22:00:00,2026,3,19,22,Bắc Ninh,Xã Tiên Du,21.1573477,106.0138026,98,Moderate,1,22.0,93,0.0,15.7,152,1010.8,12,22.7,25.5,308.0,22.8,56.0,18.2
2026-03-19 23:00:00,2026,3,19,23,Bắc Ninh,Xã Tiên Du,21.1573477,106.0138026,98,Moderate,1,21.7,95,0.0,14.4,150,1010.9,27,24.1,27.1,295.0,22.6,54.0,17.9
2026-03-20 00:00:00,2026,3,20,0,Bắc Ninh,Xã Tiên Du,21.1573477,106.0138026,97,Moderate,1,21.5,96,0.0,13.4,148,1010.8,84,24.6,27.9,278.0,22.4,52.0,17.2
2026-03-20 01:00:00,2026,3,20,1,Bắc Ninh,Xã Tiên Du,21.1573477,106.0138026,97,Moderate,1,22.1,96,0.0,15.1,145,1010.1,100,25.8,29.3,263.0,22.0,51.0,16.6
2026-03-20 02:00:00,2026,3,20,2,Bắc Ninh,Xã Tiên Du,21.1573477,106.0138026,96,Moderate,1,22.4,94,0.0,15.8,148,1009.6,100,26.1,29.7,243.0,21.1,51.0,16.1
2026-03-20 03:00:00,2026,3,20,3,Bắc Ninh,Xã Tiên Du,21.1573477,106.0138026,95,Moderate,1,22.4,94,0.0,16.4,149,1009.1,100,26.3,29.4,224.0,20.1,51.0,15.7
2026-03-20 04:00:00,2026,3,20,4,Bắc Ninh,Xã Tiên Du,21.1573477,106.0138026,93,Moderate,1,22.5,93,0.0,14.8,151,1009.6,100,25.9,28.9,223.0,19.9,50.0,15.6
2026-03-20 05:00:00,2026,3,20,5,Bắc Ninh,Xã Tiên Du,21.1573477,106.0138026,92,Moderate,1,22.5,94,0.0,12.2,142,1010.1,100,24.8,28.2,258.0,21.4,47.0,16.1
2026-03-20 06:00:00,2026,3,20,6,Bắc Ninh,Xã Tiên Du,21.1573477,106.0138026,90,Moderate,1,22.5,94,0.0,11.1,138,1011.0,100,25.7,29.4,312.0,23.8,44.0,16.9
2026-03-20 07:00:00,2026,3,20,7,Bắc Ninh,Xã Tiên Du,21.1573477,106.0138026,88,Moderate,1,22.5,94,0.1,11.8,116,1012.1,100,34.5,39.9,343.0,27.2,39.0,18.8
2026-03-20 08:00:00,2026,3,20,8,Bắc Ninh,Xã Tiên Du,21.1573477,106.0138026,86,Moderate,1,23.2,90,0.0,15.4,135,1012.9,100,31.5,37.0,330.0,25.5,44.0,18.8
2026-03-20 09:00:00,2026,3,20,9,Bắc Ninh,Xã Tiên Du,21.1573477,106.0138026,84,Moderate,1,24.3,83,0.2,16.1,155,1013.5,100,31.2,36.1,294.0,23.0,52.0,18.9
2026-03-20 10:00:00,2026,3,20,10,Bắc Ninh,Xã Tiên Du,21.1573477,106.0138026,83,Moderate,1,25.6,76,0.1,16.9,166,1013.4,100,31.3,36.2,267.0,20.9,59.0,19.1
2026-03-20 11:00:00,2026,3,20,11,Bắc Ninh,Xã Tiên Du,21.1573477,106.0138026,83,Moderate,1,26.8,72,0.1,16.6,165,1012.9,100,31.9,36.8,260.0,19.4,66.0,19.7
2026-03-20 12:00:00,2026,3,20,12,Bắc Ninh,Xã Tiên Du,21.1573477,106.0138026,82,Moderate,1,27.4,70,0.1,17.0,164,1011.8,100,34.1,38.9,262.0,18.2,74.0,20.4
2026-03-20 13:00:00,2026,3,20,13,Bắc Ninh,Xã Tiên Du,21.1573477,106.0138026,82,Moderate,1,26.8,71,0.0,16.4,159,1011.4,100,33.4,38.0,261.0,17.2,79.0,20.5
2026-03-20 14:00:00,2026,3,20,14,Bắc Ninh,Xã Tiên Du,21.1573477,106.0138026,82,Moderate,1,26.8,72,0.1,19.2,152,1010.5,100,32.1,36.4,251.0,16.0,82.0,19.3
2026-03-20 15:00:00,2026,3,20,15,Bắc Ninh,Xã Tiên Du,21.1573477,106.0138026,82,Moderate,1,26.5,74,0.0,18.6,146,1009.7,98,31.0,35.0,240.0,15.1,82.0,17.4
2026-03-20 16:00:00,2026,3,20,16,Bắc Ninh,Xã Tiên Du,21.1573477,106.0138026,82,Moderate,1,26.2,74,0.0,18.5,143,1009.6,100,30.2,34.1,238.0,15.6,80.0,16.1
2026-03-20 17:00:00,2026,3,20,17,Bắc Ninh,Xã Tiên Du,21.1573477,106.0138026,83,Moderate,1,25.1,79,0.1,15.5,129,1009.8,100,26.9,30.4,256.0,19.0,72.0,15.9
2026-03-20 18:00:00,2026,3,20,18,Bắc Ninh,Xã Tiên Du,21.1573477,106.0138026,83,Moderate,1,24.1,84,0.0,17.2,123,1010.3,100,26.2,29.4,284.0,23.9,62.0,16.2
2026-03-20 19:00:00,2026,3,20,19,Bắc Ninh,Xã Tiên Du,21.1573477,106.0138026,84,Moderate,1,24.2,85,0.0,16.1,124,1011.1,100,24.9,29.0,305.0,24.7,64.0,14.9
2026-03-20 20:00:00,2026,3,20,20,Bắc Ninh,Xã Tiên Du,21.1573477,106.0138026,84,Moderate,1,23.7,88,0.0,17.2,131,1012.1,100,24.3,27.9,312.0,24.5,65.0,15.8
2026-03-20 21:00:00,2026,3,20,21,Bắc Ninh,Xã Tiên Du,21.1573477,106.0138026,84,Moderate,1,23.5,88,0.0,15.3,133,1013.3,100,24.6,27.9,311.0,24.2,66.0,17.0
2026-03-20 22:00:00,2026,3,20,22,Bắc Ninh,Xã Tiên Du,21.1573477,106.0138026,84,Moderate,1,23.2,87,0.0,14.1,134,1014.1,100,25.6,28.7,308.0,24.2,66.0,17.8
2026-03-20 23:00:00,2026,3,20,23,Bắc Ninh,Xã Tiên Du,21.1573477,106.0138026,84,Moderate,1,23.2,85,0.0,12.7,133,1014.3,100,27.4,30.3,302.0,24.9,65.0,17.7
2026-03-21 00:00:00,2026,3,21,0,Bắc Ninh,Xã Tiên Du,21.1573477,106.0138026,85,Moderate,1,23.1,85,0.0,12.7,130,1014.1,100,29.1,31.9,293.0,25.9,63.0,17.2
2026-03-21 01:00:00,2026,3,21,1,Bắc Ninh,Xã Tiên Du,21.1573477,106.0138026,85,Moderate,1,23.4,84,0.0,13.7,124,1013.3,100,29.9,32.2,287.0,26.7,60.0,16.8
2026-03-21 02:00:00,2026,3,21,2,Bắc Ninh,Xã Tiên Du,21.1573477,106.0138026,86,Moderate,1,23.5,83,0.0,14.3,124,1012.4,100,31.8,33.5,281.0,27.1,57.0,16.6
2026-03-21 03:00:00,2026,3,21,3,Bắc Ninh,Xã Tiên Du,21.1573477,106.0138026,86,Moderate,1,23.3,83,0.0,13.6,126,1012.0,100,33.8,35.4,277.0,27.4,54.0,16.5
2026-03-21 04:00:00,2026,3,21,4,Bắc Ninh,Xã Tiên Du,21.1573477,106.0138026,87,Moderate,1,23.1,83,0.0,13.4,127,1012.1,100,35.6,37.1,289.0,27.9,50.0,16.6
2026-03-21 05:00:00,2026,3,21,5,Bắc Ninh,Xã Tiên Du,21.1573477,106.0138026,88,Moderate,1,22.9,85,0.0,11.8,126,1012.8,100,36.7,38.2,336.0,29.1,45.0,17.1
2026-03-21 06:00:00,2026,3,21,6,Bắc Ninh,Xã Tiên Du,21.1573477,106.0138026,89,Moderate,1,22.8,85,0.1,11.2,120,1013.2,100,36.4,37.7,399.0,30.6,39.0,18.0
2026-03-21 07:00:00,2026,3,21,7,Bắc Ninh,Xã Tiên Du,21.1573477,106.0138026,90,Moderate,1,22.6,86,0.0,11.8,111,1014.3,100,39.3,41.4,437.0,31.3,41.0,19.4
2026-03-21 08:00:00,2026,3,21,8,Bắc Ninh,Xã Tiên Du,21.1573477,106.0138026,90,Moderate,1,23.3,82,0.0,10.9,109,1015.0,100,34.8,36.3,427.0,28.1,44.0,20.3
2026-03-21 09:00:00,2026,3,21,9,Bắc Ninh,Xã Tiên Du,21.1573477,106.0138026,90,Moderate,1,23.8,82,0.0,8.7,107,1015.7,100,28.9,30.4,391.0,23.7,48.0,21.4
2026-03-21 10:00:00,2026,3,21,10,Bắc Ninh,Xã Tiên Du,21.1573477,106.0138026,90,Moderate,1,24.8,76,0.1,16.5,130,1015.9,100,26.3,27.8,355.0,20.1,54.0,21.5
2026-03-21 11:00:00,2026,3,21,11,Bắc Ninh,Xã Tiên Du,21.1573477,106.0138026,90,Moderate,1,26.0,72,0.2,18.0,147,1015.3,100,26.5,28.4,324.0,18.2,65.0,19.9
2026-03-21 12:00:00,2026,3,21,12,Bắc Ninh,Xã Tiên Du,21.1573477,106.0138026,89,Moderate,1,25.9,72,0.0,19.2,152,1014.4,100,29.6,32.0,292.0,17.0,78.0,17.3
2026-03-21 13:00:00,2026,3,21,13,Bắc Ninh,Xã Tiên Du,21.1573477,106.0138026,89,Moderate,1,26.0,71,0.0,19.4,150,1013.7,100,32.1,34.8,270.0,16.1,89.0,15.1
2026-03-21 14:00:00,2026,3,21,14,Bắc Ninh,Xã Tiên Du,21.1573477,106.0138026,89,Moderate,1,25.7,72,0.0,18.5,153,1012.8,100,34.5,37.5,263.0,14.6,97.0,13.3
2026-03-21 15:00:00,2026,3,21,15,Bắc Ninh,Xã Tiên Du,21.1573477,106.0138026,89,Moderate,1,25.8,72,0.0,17.3,146,1011.7,100,31.3,34.0,265.0,13.2,102.0,11.8
2026-03-21 16:00:00,2026,3,21,16,Bắc Ninh,Xã Tiên Du,21.1573477,106.0138026,89,Moderate,1,25.5,72,0.0,17.0,143,1011.3,100,29.5,31.9,275.0,13.7,103.0,11.4
2026-03-21 17:00:00,2026,3,21,17,Bắc Ninh,Xã Tiên Du,21.1573477,106.0138026,89,Moderate,1,25.1,74,0.0,16.1,144,1011.2,100,30.0,31.9,295.0,17.4,96.0,12.9
2026-03-21 18:00:00,2026,3,21,18,Bắc Ninh,Xã Tiên Du,21.1573477,106.0138026,89,Moderate,1,24.2,78,0.0,14.9,139,1011.3,100,29.9,31.5,321.0,22.9,85.0,15.4
2026-03-21 19:00:00,2026,3,21,19,Bắc Ninh,Xã Tiên Du,21.1573477,106.0138026,89,Moderate,1,23.6,82,0.0,17.1,132,1011.6,63,34.6,36.9,346.0,27.9,73.0,17.6
2026-03-21 20:00:00,2026,3,21,20,Bắc Ninh,Xã Tiên Du,21.1573477,106.0138026,90,Moderate,1,22.6,87,0.0,14.8,138,1012.6,48,36.1,38.0,367.0,28.8,70.0,19.3
2026-03-21 21:00:00,2026,3,21,21,Bắc Ninh,Xã Tiên Du,21.1573477,106.0138026,91,Moderate,1,21.8,93,0.0,11.8,141,1013.4,94,39.6,41.4,387.0,30.1,66.0,21.7
2026-03-21 22:00:00,2026,3,21,22,Bắc Ninh,Xã Tiên Du,21.1573477,106.0138026,93,Moderate,1,21.2,96,0.0,9.3,139,1013.8,79,42.8,45.1,397.0,30.9,62.0,23.3
2026-03-21 23:00:00,2026,3,21,23,Bắc Ninh,Xã Tiên Du,21.1573477,106.0138026,94,Moderate,1,21.0,97,0.0,7.9,135,1013.4,59,45.5,48.0,394.0,30.7,60.0,23.6
2026-03-22 00:00:00,2026,3,22,0,Bắc Ninh,Xã Tiên Du,21.1573477,106.0138026,96,Moderate,1,20.8,98,0.0,8.2,130,1013.0,57,46.7,48.9,383.0,30.1,58.0,23.2
2026-03-22 01:00:00,2026,3,22,1,Bắc Ninh,Xã Tiên Du,21.1573477,106.0138026,97,Moderate,1,21.0,98,0.0,9.5,112,1012.4,97,47.7,49.9,367.0,29.5,56.0,22.6
2026-03-22 02:00:00,2026,3,22,2,Bắc Ninh,Xã Tiên Du,21.1573477,106.0138026,99,Moderate,1,21.1,98,0.0,8.8,107,1011.6,100,48.8,51.1,342.0,29.2,52.0,22.0
2026-03-22 03:00:00,2026,3,22,3,Bắc Ninh,Xã Tiên Du,21.1573477,106.0138026,101,Unhealthy for Sensitive Groups,2,21.3,97,0.0,9.3,115,1011.1,100,49.9,52.4,312.0,29.0,48.0,21.3
2026-03-22 04:00:00,2026,3,22,4,Bắc Ninh,Xã Tiên Du,21.1573477,106.0138026,102,Unhealthy for Sensitive Groups,2,21.2,97,0.0,10.1,117,1010.9,100,50.4,52.9,297.0,29.1,45.0,20.8
2026-03-22 05:00:00,2026,3,22,5,Bắc Ninh,Xã Tiên Du,21.1573477,106.0138026,104,Unhealthy for Sensitive Groups,2,21.4,96,0.0,9.5,115,1011.1,100,50.4,52.7,315.0,30.5,42.0,20.7
2026-03-22 06:00:00,2026,3,22,6,Bắc Ninh,Xã Tiên Du,21.1573477,106.0138026,105,Unhealthy for Sensitive Groups,2,21.6,94,0.0,11.2,123,1011.8,100,51.3,53.6,347.0,32.2,40.0,20.8
2026-03-22 07:00:00,2026,3,22,7,Bắc Ninh,Xã Tiên Du,21.1573477,106.0138026,107,Unhealthy for Sensitive Groups,2,22.4,93,0.0,15.2,132,1012.7,100,46.7,49.7,360.0,30.7,45.0,19.3
2026-03-22 08:00:00,2026,3,22,8,Bắc Ninh,Xã Tiên Du,21.1573477,106.0138026,107,Unhealthy for Sensitive Groups,2,23.3,90,0.0,19.4,142,1013.4,100,41.2,44.4,332.0,26.1,50.0,17.9
2026-03-22 09:00:00,2026,3,22,9,Bắc Ninh,Xã Tiên Du,21.1573477,106.0138026,108,Unhealthy for Sensitive Groups,2,24.6,83,0.1,20.2,154,1014.1,40,32.6,35.9,284.0,19.7,57.0,16.0
2026-03-22 10:00:00,2026,3,22,10,Bắc Ninh,Xã Tiên Du,21.1573477,106.0138026,109,Unhealthy for Sensitive Groups,2,26.8,71,0.1,21.9,164,1013.7,50,25.9,29.2,249.0,14.6,64.0,14.6
2026-03-22 11:00:00,2026,3,22,11,Bắc Ninh,Xã Tiên Du,21.1573477,106.0138026,109,Unhealthy for Sensitive Groups,2,27.9,66,0.0,20.5,170,1013.3,54,24.2,27.4,243.0,12.0,73.0,14.2
2026-03-22 12:00:00,2026,3,22,12,Bắc Ninh,Xã Tiên Du,21.1573477,106.0138026,108,Unhealthy for Sensitive Groups,2,28.5,63,0.0,20.4,170,1012.3,100,21.7,24.7,249.0,10.6,82.0,14.2
2026-03-22 13:00:00,2026,3,22,13,Bắc Ninh,Xã Tiên Du,21.1573477,106.0138026,107,Unhealthy for Sensitive Groups,2,28.2,62,0.0,21.4,174,1011.8,59,19.5,22.2,254.0,9.8,88.0,13.9
2026-03-22 14:00:00,2026,3,22,14,Bắc Ninh,Xã Tiên Du,21.1573477,106.0138026,106,Unhealthy for Sensitive Groups,2,28.2,61,0.0,18.6,171,1011.1,100,17.3,19.9,249.0,9.0,90.0,12.6
2026-03-22 15:00:00,2026,3,22,15,Bắc Ninh,Xã Tiên Du,21.1573477,106.0138026,104,Unhealthy for Sensitive Groups,2,27.5,65,0.0,19.5,161,1010.4,88,16.6,19.1,241.0,8.7,90.0,10.9
2026-03-22 16:00:00,2026,3,22,16,Bắc Ninh,Xã Tiên Du,21.1573477,106.0138026,103,Unhealthy for Sensitive Groups,2,27.0,67,0.0,21.1,157,1009.8,88,15.4,17.7,245.0,10.1,86.0,10.2
2026-03-22 17:00:00,2026,3,22,17,Bắc Ninh,Xã Tiên Du,21.1573477,106.0138026,101,Unhealthy for Sensitive Groups,2,26.4,69,0.0,19.6,154,1009.7,34,16.3,18.4,270.0,14.4,76.0,11.2
2026-03-22 18:00:00,2026,3,22,18,Bắc Ninh,Xã Tiên Du,21.1573477,106.0138026,100,Moderate,1,25.0,73,0.0,19.3,149,1009.9,25,18.2,20.8,306.0,20.4,62.0,13.2
2026-03-22 19:00:00,2026,3,22,19,Bắc Ninh,Xã Tiên Du,21.1573477,106.0138026,99,Moderate,1,24.4,78,0.0,14.6,145,1012.1,97,23.1,25.5,331.0,29.0,46.0,16.6
2026-03-22 20:00:00,2026,3,22,20,Bắc Ninh,Xã Tiên Du,21.1573477,106.0138026,98,Moderate,1,23.7,84,0.0,9.4,133,1012.6,96,24.7,26.9,337.0,29.2,45.0,17.9
2026-03-22 21:00:00,2026,3,22,21,Bắc Ninh,Xã Tiên Du,21.1573477,106.0138026,97,Moderate,1,23.4,87,0.1,13.1,143,1012.7,69,27.1,29.3,333.0,29.5,43.0,19.7
2026-03-22 22:00:00,2026,3,22,22,Bắc Ninh,Xã Tiên Du,21.1573477,106.0138026,96,Moderate,1,22.8,93,0.1,12.1,140,1012.7,18,30.2,32.4,324.0,29.8,41.0,20.9
2026-03-22 23:00:00,2026,3,22,23,Bắc Ninh,Xã Tiên Du,21.1573477,106.0138026,95,Moderate,1,22.4,96,0.1,11.9,145,1012.8,17,32.1,34.5,310.0,30.1,39.0,20.9
2026-03-23 00:00:00,2026,3,23,0,Bắc Ninh,Xã Tiên Du,21.1573477,106.0138026,93,Moderate,1,22.1,97,0.0,12.2,139,1012.4,38,32.9,35.3,292.0,30.3,38.0,20.2
2026-03-23 01:00:00,2026,3,23,1,Bắc Ninh,Xã Tiên Du,21.1573477,106.0138026,92,Moderate,1,22.2,95,0.0,17.8,160,1012.1,56,33.9,36.3,275.0,30.2,36.0,19.5
2026-03-23 02:00:00,2026,3,23,2,Bắc Ninh,Xã Tiên Du,21.1573477,106.0138026,91,Moderate,1,22.2,95,0.0,11.4,147,1011.1,60,35.4,38.1,259.0,29.5,35.0,18.9
2026-03-23 03:00:00,2026,3,23,3,Bắc Ninh,Xã Tiên Du,21.1573477,106.0138026,90,Moderate,1,22.1,97,0.0,7.5,130,1010.8,100,36.7,39.5,245.0,28.5,33.0,18.2
2026-03-23 04:00:00,2026,3,23,4,Bắc Ninh,Xã Tiên Du,21.1573477,106.0138026,89,Moderate,1,22.2,98,0.0,10.8,132,1010.5,95,36.7,39.6,241.0,27.9,32.0,18.0
2026-03-23 05:00:00,2026,3,23,5,Bắc Ninh,Xã Tiên Du,21.1573477,106.0138026,87,Moderate,1,22.1,98,0.0,14.4,139,1010.4,100,36.4,39.1,257.0,28.5,30.0,18.4
2026-03-23 06:00:00,2026,3,23,6,Bắc Ninh,Xã Tiên Du,21.1573477,106.0138026,86,Moderate,1,22.2,97,0.0,14.5,139,1011.1,100,35.7,38.3,282.0,29.6,28.0,19.1
2026-03-23 07:00:00,2026,3,23,7,Bắc Ninh,Xã Tiên Du,21.1573477,106.0138026,85,Moderate,1,22.5,97,0.1,13.6,143,1012.3,100,31.9,33.6,298.0,31.0,32.0,18.9
2026-03-23 08:00:00,2026,3,23,8,Bắc Ninh,Xã Tiên Du,21.1573477,106.0138026,83,Moderate,1,23.5,92,0.1,15.7,152,1012.8,100,29.5,31.4,292.0,28.0,36.0,18.7
2026-03-23 09:00:00,2026,3,23,9,Bắc Ninh,Xã Tiên Du,21.1573477,106.0138026,82,Moderate,1,24.2,86,0.2,20.2,158,1012.7,100,27.1,29.5,276.0,23.8,41.0,18.5
2026-03-23 10:00:00,2026,3,23,10,Bắc Ninh,Xã Tiên Du,21.1573477,106.0138026,82,Moderate,1,25.6,78,0.1,20.4,164,1012.7,99,21.7,24.8,265.0,20.1,48.0,18.2
2026-03-23 11:00:00,2026,3,23,11,Bắc Ninh,Xã Tiên Du,21.1573477,106.0138026,82,Moderate,1,26.7,73,0.1,19.9,168,1012.0,100,23.2,26.8,265.0,17.6,56.0,18.2
2026-03-23 12:00:00,2026,3,23,12,Bắc Ninh,Xã Tiên Du,21.1573477,106.0138026,81,Moderate,1,27.5,69,0.0,19.6,170,1011.0,100,21.5,24.6,270.0,15.7,65.0,18.2
2026-03-23 13:00:00,2026,3,23,13,Bắc Ninh,Xã Tiên Du,21.1573477,106.0138026,81,Moderate,1,27.5,69,0.0,18.8,170,1010.4,70,23.3,25.8,272.0,14.0,73.0,17.5
2026-03-23 14:00:00,2026,3,23,14,Bắc Ninh,Xã Tiên Du,21.1573477,106.0138026,82,Moderate,1,28.1,66,0.0,18.7,167,1009.3,21,25.5,28.1,265.0,12.0,80.0,15.2
2026-03-23 15:00:00,2026,3,23,15,Bắc Ninh,Xã Tiên Du,21.1573477,106.0138026,83,Moderate,1,28.4,64,0.0,18.8,162,1008.4,100,23.6,26.1,255.0,10.3,86.0,12.2
2026-03-23 16:00:00,2026,3,23,16,Bắc Ninh,Xã Tiên Du,21.1573477,106.0138026,83,Moderate,1,27.5,69,0.0,20.5,153,1008.0,50,21.0,23.1,255.0,10.3,87.0,10.4
2026-03-23 17:00:00,2026,3,23,17,Bắc Ninh,Xã Tiên Du,21.1573477,106.0138026,84,Moderate,1,26.9,71,0.0,19.7,152,1007.6,18,21.2,23.1,276.0,13.6,79.0,10.7
2026-03-23 18:00:00,2026,3,23,18,Bắc Ninh,Xã Tiên Du,21.1573477,106.0138026,84,Moderate,1,25.4,78,0.0,15.7,142,1008.3,27,21.4,23.3,306.0,18.5,66.0,12.1
2026-03-23 19:00:00,2026,3,23,19,Bắc Ninh,Xã Tiên Du,21.1573477,106.0138026,84,Moderate,1,24.8,82,0.0,15.0,141,1009.4,100,25.4,28.1,328.0,24.9,52.0,14.3
2026-03-23 20:00:00,2026,3,23,20,Bắc Ninh,Xã Tiên Du,21.1573477,106.0138026,85,Moderate,1,24.4,83,0.0,14.8,137,1010.4,100,23.7,26.8,332.0,24.7,52.0,15.2
2026-03-23 21:00:00,2026,3,23,21,Bắc Ninh,Xã Tiên Du,21.1573477,106.0138026,84,Moderate,1,23.9,86,0.0,15.4,138,1010.7,100,23.2,26.3,327.0,24.4,51.0,16.4
2026-03-23 22:00:00,2026,3,23,22,Bắc Ninh,Xã Tiên Du,21.1573477,106.0138026,84,Moderate,1,23.4,89,0.0,12.4,141,1011.0,100,24.1,27.2,320.0,24.7,49.0,17.4
2026-03-23 23:00:00,2026,3,23,23,Bắc Ninh,Xã Tiên Du,21.1573477,106.0138026,84,Moderate,1,23.0,91,0.0,12.1,138,1010.8,100,25.5,28.8,314.0,26.0,45.0,18.0
2026-03-24 00:00:00,2026,3,24,0,Bắc Ninh,Xã Tiên Du,21.1573477,106.0138026,83,Moderate,1,22.8,92,0.0,12.5,136,1010.6,100,27.2,30.7,306.0,27.8,40.0,18.3
2026-03-24 01:00:00,2026,3,24,1,Bắc Ninh,Xã Tiên Du,21.1573477,106.0138026,83,Moderate,1,23.0,94,0.0,10.0,118,1010.2,100,30.2,33.8,296.0,29.2,36.0,18.5
2026-03-24 02:00:00,2026,3,24,2,Bắc Ninh,Xã Tiên Du,21.1573477,106.0138026,82,Moderate,1,23.0,94,0.1,9.7,125,1009.6,100,32.7,36.7,277.0,29.9,33.0,18.5
2026-03-24 03:00:00,2026,3,24,3,Bắc Ninh,Xã Tiên Du,21.1573477,106.0138026,82,Moderate,1,23.0,95,0.1,9.3,124,1009.1,100,33.6,37.7,256.0,30.2,31.0,18.3
2026-03-24 04:00:00,2026,3,24,4,Bắc Ninh,Xã Tiên Du,21.1573477,106.0138026,82,Moderate,1,23.0,95,0.0,9.1,131,1009.2,100,33.8,38.0,249.0,30.6,29.0,18.3
2026-03-24 05:00:00,2026,3,24,5,Bắc Ninh,Xã Tiên Du,21.1573477,106.0138026,81,Moderate,1,23.0,96,0.0,8.3,129,1009.5,100,34.2,38.4,274.0,31.6,27.0,18.5
2026-03-24 06:00:00,2026,3,24,6,Bắc Ninh,Xã Tiên Du,21.1573477,106.0138026,81,Moderate,1,23.0,96,0.0,8.4,125,1010.4,100,35.3,39.5,315.0,32.7,25.0,18.8
2026-03-24 07:00:00,2026,3,24,7,Bắc Ninh,Xã Tiên Du,21.1573477,106.0138026,81,Moderate,1,23.5,96,0.0,12.7,122,1010.8,100,42.6,47.6,335.0,36.7,19.0,21.2
2026-03-24 08:00:00,2026,3,24,8,Bắc Ninh,Xã Tiên Du,21.1573477,106.0138026,82,Moderate,1,24.3,90,0.1,15.9,142,1011.1,98,37.8,43.2,312.0,33.6,25.0,21.0
2026-03-24 09:00:00,2026,3,24,9,Bắc Ninh,Xã Tiên Du,21.1573477,106.0138026,83,Moderate,1,25.4,83,0.0,17.5,153,1011.6,37,33.8,39.0,270.0,29.1,34.0,20.8
2026-03-24 10:00:00,2026,3,24,10,Bắc Ninh,Xã Tiên Du,21.1573477,106.0138026,83,Moderate,1,27.0,74,0.0,18.2,159,1011.7,96,31.0,36.7,241.0,25.2,44.0,20.4
2026-03-24 11:00:00,2026,3,24,11,Bắc Ninh,Xã Tiên Du,21.1573477,106.0138026,84,Moderate,1,27.5,72,0.2,18.0,164,1011.2,98,30.3,35.6,243.0,22.3,56.0,20.0
2026-03-24 12:00:00,2026,3,24,12,Bắc Ninh,Xã Tiên Du,21.1573477,106.0138026,85,Moderate,1,28.0,70,0.1,15.2,170,1010.1,100,37.6,42.6,259.0,19.9,68.0,19.4
2026-03-24 13:00:00,2026,3,24,13,Bắc Ninh,Xã Tiên Du,21.1573477,106.0138026,86,Moderate,1,28.8,65,0.0,14.9,165,1009.0,61,42.4,46.9,272.0,18.0,78.0,18.7
2026-03-24 14:00:00,2026,3,24,14,Bắc Ninh,Xã Tiên Du,21.1573477,106.0138026,88,Moderate,1,29.5,63,0.0,16.6,164,1008.0,98,39.8,44.1,271.0,16.4,85.0,17.5
2026-03-24 15:00:00,2026,3,24,15,Bắc Ninh,Xã Tiên Du,21.1573477,106.0138026,89,Moderate,1,29.0,64,0.0,17.5,166,1007.3,48,34.9,38.5,267.0,15.3,88.0,16.1
2026-03-24 16:00:00,2026,3,24,16,Bắc Ninh,Xã Tiên Du,21.1573477,106.0138026,90,Moderate,1,28.6,65,0.0,17.6,166,1007.1,93,33.1,36.2,279.0,15.9,87.0,15.4
2026-03-24 17:00:00,2026,3,24,17,Bắc Ninh,Xã Tiên Du,21.1573477,106.0138026,91,Moderate,1,27.9,69,0.0,15.3,160,1007.0,24,32.8,35.5,325.0,19.7,77.0,15.9
2026-03-24 18:00:00,2026,3,24,18,Bắc Ninh,Xã Tiên Du,21.1573477,106.0138026,92,Moderate,1,26.3,75,0.0,14.8,150,1007.3,7,32.0,34.2,387.0,25.2,62.0,17.1
2026-03-24 19:00:00,2026,3,24,19,Bắc Ninh,Xã Tiên Du,21.1573477,106.0138026,93,Moderate,1,25.5,81,0.0,13.8,145,1008.1,10,30.5,32.2,426.0,32.5,50.0,19.3
2026-03-24 20:00:00,2026,3,24,20,Bắc Ninh,Xã Tiên Du,21.1573477,106.0138026,94,Moderate,1,24.6,85,0.0,12.5,143,1009.2,29,26.0,28.0,420.0,30.9,50.0,19.3
2026-03-24 21:00:00,2026,3,24,21,Bắc Ninh,Xã Tiên Du,21.1573477,106.0138026,94,Moderate,1,23.9,90,0.0,12.7,133,1010.0,20,24.3,26.5,390.0,28.6,50.0,19.1
2026-03-24 22:00:00,2026,3,24,22,Bắc Ninh,Xã Tiên Du,21.1573477,106.0138026,94,Moderate,1,23.5,93,0.0,12.4,140,1010.7,100,24.3,26.7,362.0,26.8,49.0,18.8
2026-03-24 23:00:00,2026,3,24,23,Bắc Ninh,Xã Tiên Du,21.1573477,106.0138026,94,Moderate,1,23.7,93,0.0,11.2,136,1010.6,100,24.0,26.5,346.0,26.0,48.0,18.0
2026-03-25 00:00:00,2026,3,25,0,Bắc Ninh,Xã Tiên Du,21.1573477,106.0138026,94,Moderate,1,23.7,92,0.0,9.6,139,1010.6,100,23.8,26.5,331.0,25.7,46.0,16.9
2026-03-25 01:00:00,2026,3,25,1,Bắc Ninh,Xã Tiên Du,21.1573477,106.0138026,94,Moderate,1,24.1,95,0.0,10.4,118,1010.2,100,24.7,27.5,317.0,25.7,44.0,16.1
2026-03-25 02:00:00,2026,3,25,2,Bắc Ninh,Xã Tiên Du,21.1573477,106.0138026,93,Moderate,1,24.2,92,0.1,12.5,125,1009.7,100,26.0,28.9,300.0,25.8,42.0,15.7
2026-03-25 03:00:00,2026,3,25,3,Bắc Ninh,Xã Tiên Du,21.1573477,106.0138026,93,Moderate,1,24.0,93,0.1,14.3,130,1009.2,100,27.0,30.2,283.0,26.2,41.0,15.6
2026-03-25 04:00:00,2026,3,25,4,Bắc Ninh,Xã Tiên Du,21.1573477,106.0138026,92,Moderate,1,23.8,93,0.1,14.3,134,1009.2,100,27.6,31.0,274.0,27.2,39.0,16.0
2026-03-25 05:00:00,2026,3,25,5,Bắc Ninh,Xã Tiên Du,21.1573477,106.0138026,91,Moderate,1,23.6,93,0.0,12.6,134,1009.7,100,28.5,31.9,284.0,30.0,36.0,17.6
2026-03-25 06:00:00,2026,3,25,6,Bắc Ninh,Xã Tiên Du,21.1573477,106.0138026,91,Moderate,1,23.5,92,0.0,13.5,133,1010.4,100,29.6,32.9,302.0,33.5,32.0,19.7
2026-03-25 07:00:00,2026,3,25,7,Bắc Ninh,Xã Tiên Du,21.1573477,106.0138026,90,Moderate,1,23.7,94,0.1,13.0,129,1011.6,100,38.9,42.1,308.0,36.2,27.0,21.1
2026-03-25 08:00:00,2026,3,25,8,Bắc Ninh,Xã Tiên Du,21.1573477,106.0138026,90,Moderate,1,24.1,89,0.0,14.9,137,1012.0,100,34.0,38.2,287.0,32.0,36.0,19.9
2026-03-25 09:00:00,2026,3,25,9,Bắc Ninh,Xã Tiên Du,21.1573477,106.0138026,90,Moderate,1,25.6,79,0.0,18.4,149,1012.1,41,27.6,32.0,253.0,26.2,50.0,18.2
2026-03-25 10:00:00,2026,3,25,10,Bắc Ninh,Xã Tiên Du,21.1573477,106.0138026,89,Moderate,1,27.4,69,0.0,19.2,156,1012.1,20,23.1,27.4,231.0,21.3,61.0,16.9
2026-03-25 11:00:00,2026,3,25,11,Bắc Ninh,Xã Tiên Du,21.1573477,106.0138026,89,Moderate,1,28.5,62,0.0,19.9,163,1011.8,46,21.5,24.7,231.0,18.5,69.0,16.5
2026-03-25 12:00:00,2026,3,25,12,Bắc Ninh,Xã Tiên Du,21.1573477,106.0138026,88,Moderate,1,29.1,59,0.0,19.5,171,1010.9,100,23.2,25.7,242.0,16.6,75.0,16.5
2026-03-25 13:00:00,2026,3,25,13,Bắc Ninh,Xã Tiên Du,21.1573477,106.0138026,86,Moderate,1,27.9,65,0.0,18.6,164,1010.5,100,24.2,26.6,254.0,15.3,80.0,16.4
2026-03-25 14:00:00,2026,3,25,14,Bắc Ninh,Xã Tiên Du,21.1573477,106.0138026,85,Moderate,1,28.0,65,0.0,18.6,161,1009.6,100,24.4,26.8,261.0,14.1,84.0,16.0
2026-03-25 15:00:00,2026,3,25,15,Bắc Ninh,Xã Tiên Du,21.1573477,106.0138026,84,Moderate,1,28.1,63,0.0,19.7,160,1008.7,63,23.5,26.0,269.0,13.4,86.0,15.5
2026-03-25 16:00:00,2026,3,25,16,Bắc Ninh,Xã Tiên Du,21.1573477,106.0138026,83,Moderate,1,28.1,63,0.0,18.9,164,1008.4,98,21.7,24.0,284.0,14.3,85.0,15.5
2026-03-25 17:00:00,2026,3,25,17,Bắc Ninh,Xã Tiên Du,21.1573477,106.0138026,81,Moderate,1,27.0,67,0.0,16.0,161,1008.4,23,21.5,23.6,317.0,18.1,77.0,16.3
2026-03-25 18:00:00,2026,3,25,18,Bắc Ninh,Xã Tiên Du,21.1573477,106.0138026,80,Moderate,1,25.8,71,0.0,16.0,153,1008.7,22,21.8,23.8,357.0,23.4,66.0,17.5
2026-03-25 19:00:00,2026,3,25,19,Bắc Ninh,Xã Tiên Du,21.1573477,106.0138026,80,Moderate,1,25.4,77,0.0,15.1,140,1008.8,4,32.9,36.2,381.0,31.4,52.0,20.4
2026-03-25 20:00:00,2026,3,25,20,Bắc Ninh,Xã Tiên Du,21.1573477,106.0138026,80,Moderate,1,24.5,81,0.0,14.8,144,1009.4,4,32.0,34.7,376.0,31.4,49.0,22.0
2026-03-25 21:00:00,2026,3,25,21,Bắc Ninh,Xã Tiên Du,21.1573477,106.0138026,80,Moderate,1,24.0,84,0.0,12.3,148,1010.2,4,32.1,35.5,356.0,31.5,45.0,24.1
2026-03-25 22:00:00,2026,3,25,22,Bắc Ninh,Xã Tiên Du,21.1573477,106.0138026,81,Moderate,1,23.5,89,0.0,12.3,149,1010.2,15,34.1,37.8,334.0,31.7,41.0,25.5
2026-03-25 23:00:00,2026,3,25,23,Bắc Ninh,Xã Tiên Du,21.1573477,106.0138026,82,Moderate,1,23.3,93,0.0,12.1,155,1010.2,25,36.4,40.5,315.0,32.4,38.0,25.7
2026-03-26 00:00:00,2026,3,26,0,Bắc Ninh,Xã Tiên Du,21.1573477,106.0138026,83,Moderate,1,23.0,96,0.0,11.1,141,1009.5,100,37.4,41.8,295.0,33.3,34.0,25.1
2026-03-26 01:00:00,2026,3,26,1,Bắc Ninh,Xã Tiên Du,21.1573477,106.0138026,84,Moderate,1,24.0,95,0.0,10.9,147,1009.3,100,38.0,42.8,276.0,33.2,32.0,23.9
2026-03-26 02:00:00,2026,3,26,2,Bắc Ninh,Xã Tiên Du,21.1573477,106.0138026,85,Moderate,1,24.2,95,0.0,12.8,156,1009.0,100,41.9,46.0,254.0,31.1,31.0,21.5
2026-03-26 03:00:00,2026,3,26,3,Bắc Ninh,Xã Tiên Du,21.1573477,106.0138026,87,Moderate,1,24.2,95,0.0,13.4,160,1008.2,100,49.5,53.3,234.0,28.0,32.0,18.5
2026-03-26 04:00:00,2026,3,26,4,Bắc Ninh,Xã Tiên Du,21.1573477,106.0138026,89,Moderate,1,24.4,95,0.0,14.2,164,1008.2,100,52.5,56.5,229.0,25.9,32.0,16.5
2026-03-26 05:00:00,2026,3,26,5,Bắc Ninh,Xã Tiên Du,21.1573477,106.0138026,91,Moderate,1,24.4,94,0.0,13.7,164,1008.4,100,52.7,56.6,253.0,25.8,32.0,16.4
2026-03-26 06:00:00,2026,3,26,6,Bắc Ninh,Xã Tiên Du,21.1573477,106.0138026,93,Moderate,1,24.3,94,0.0,13.3,162,1009.1,100,52.6,56.5,293.0,26.7,32.0,17.5
2026-03-26 07:00:00,2026,3,26,7,Bắc Ninh,Xã Tiên Du,21.1573477,106.0138026,95,Moderate,1,24.3,93,0.1,12.4,158,1010.5,100,61.5,67.5,321.0,28.7,31.0,19.5
2026-03-26 08:00:00,2026,3,26,8,Bắc Ninh,Xã Tiên Du,21.1573477,106.0138026,97,Moderate,1,25.4,85,0.1,13.7,166,1011.0,90,49.7,56.6,322.0,27.5,36.0,20.9
2026-03-26 09:00:00,2026,3,26,9,Bắc Ninh,Xã Tiên Du,21.1573477,106.0138026,99,Moderate,1,26.1,81,0.1,14.4,167,1011.1,100,49.7,56.1,311.0,25.8,44.0,22.9
2026-03-26 10:00:00,2026,3,26,10,Bắc Ninh,Xã Tiên Du,21.1573477,106.0138026,101,Unhealthy for Sensitive Groups,2,27.2,76,0.1,13.3,167,1011.0,100,51.6,57.7,304.0,24.3,54.0,24.7
2026-03-26 11:00:00,2026,3,26,11,Bắc Ninh,Xã Tiên Du,21.1573477,106.0138026,104,Unhealthy for Sensitive Groups,2,28.0,72,0.1,14.3,170,1010.3,100,63.8,69.8,307.0,23.1,67.0,26.2
2026-03-26 12:00:00,2026,3,26,12,Bắc Ninh,Xã Tiên Du,21.1573477,106.0138026,108,Unhealthy for Sensitive Groups,2,28.8,70,0.1,14.9,171,1009.1,100,55.6,60.3,313.0,22.1,81.0,27.6
2026-03-26 13:00:00,2026,3,26,13,Bắc Ninh,Xã Tiên Du,21.1573477,106.0138026,111,Unhealthy for Sensitive Groups,2,29.1,68,0.0,13.8,173,1008.1,92,58.0,61.9,318.0,21.4,94.0,28.4
2026-03-26 14:00:00,2026,3,26,14,Bắc Ninh,Xã Tiên Du,21.1573477,106.0138026,115,Unhealthy for Sensitive Groups,2,29.7,66,0.0,13.8,171,1007.0,42,62.2,65.7,318.0,20.5,106.0,28.5
2026-03-26 15:00:00,2026,3,26,15,Bắc Ninh,Xã Tiên Du,21.1573477,106.0138026,119,Unhealthy for Sensitive Groups,2,29.8,65,0.0,14.0,158,1006.0,7,64.0,67.3,317.0,19.9,117.0,28.1
2026-03-26 16:00:00,2026,3,26,16,Bắc Ninh,Xã Tiên Du,21.1573477,106.0138026,123,Unhealthy for Sensitive Groups,2,29.8,64,0.0,14.7,157,1005.5,13,63.3,66.4,324.0,20.9,118.0,27.5
2026-03-26 17:00:00,2026,3,26,17,Bắc Ninh,Xã Tiên Du,21.1573477,106.0138026,127,Unhealthy for Sensitive Groups,2,28.9,68,0.0,16.4,149,1005.2,7,59.4,62.2,350.0,24.9,104.0,26.7
2026-03-26 18:00:00,2026,3,26,18,Bắc Ninh,Xã Tiên Du,21.1573477,106.0138026,131,Unhealthy for Sensitive Groups,2,26.9,77,0.0,17.9,143,1005.4,1,55.9,58.4,385.0,30.5,80.0,25.6
2026-03-26 19:00:00,2026,3,26,19,Bắc Ninh,Xã Tiên Du,21.1573477,106.0138026,135,Unhealthy for Sensitive Groups,2,25.5,85,0.0,12.2,154,1006.6,35,40.5,42.6,408.0,32.7,64.0,21.5
2026-03-26 20:00:00,2026,3,26,20,Bắc Ninh,Xã Tiên Du,21.1573477,106.0138026,136,Unhealthy for Sensitive Groups,2,24.9,86,0.0,13.5,143,1007.4,2,35.6,38.4,409.0,32.4,59.0,21.5
2026-03-26 21:00:00,2026,3,26,21,Bắc Ninh,Xã Tiên Du,21.1573477,106.0138026,136,Unhealthy for Sensitive Groups,2,24.0,89,0.0,12.7,145,1008.2,6,33.1,36.6,399.0,32.1,52.0,21.6
2026-03-26 22:00:00,2026,3,26,22,Bắc Ninh,Xã Tiên Du,21.1573477,106.0138026,136,Unhealthy for Sensitive Groups,2,23.4,93,0.0,12.8,148,1008.5,14,31.7,36.4,385.0,31.6,47.0,21.6
2026-03-26 23:00:00,2026,3,26,23,Bắc Ninh,Xã Tiên Du,21.1573477,106.0138026,136,Unhealthy for Sensitive Groups,2,23.0,95,0.0,12.3,149,1008.4,88,31.3,36.7,369.0,31.2,44.0,21.8
2026-03-27 00:00:00,2026,3,27,0,Bắc Ninh,Xã Tiên Du,21.1573477,106.0138026,135,Unhealthy for Sensitive Groups,2,22.8,96,0.0,11.8,142,1008.2,100,30.6,36.3,349.0,30.7,43.0,21.9
2026-03-27 01:00:00,2026,3,27,1,Bắc Ninh,Xã Tiên Du,21.1573477,106.0138026,135,Unhealthy for Sensitive Groups,2,24.0,96,0.0,13.0,141,1008.0,100,30.9,36.8,330.0,29.8,42.0,21.3
2026-03-27 02:00:00,2026,3,27,2,Bắc Ninh,Xã Tiên Du,21.1573477,106.0138026,134,Unhealthy for Sensitive Groups,2,24.2,94,0.1,14.3,144,1007.4,100,32.5,38.9,309.0,27.9,40.0,19.3
2026-03-27 03:00:00,2026,3,27,3,Bắc Ninh,Xã Tiên Du,21.1573477,106.0138026,133,Unhealthy for Sensitive Groups,2,24.2,94,0.0,13.6,138,1007.1,100,40.9,45.3,288.0,25.6,39.0,16.7
2026-03-27 04:00:00,2026,3,27,4,Bắc Ninh,Xã Tiên Du,21.1573477,106.0138026,132,Unhealthy for Sensitive Groups,2,24.1,94,0.0,13.9,138,1007.0,100,48.1,52.2,281.0,23.9,38.0,14.8
2026-03-27 05:00:00,2026,3,27,5,Bắc Ninh,Xã Tiên Du,21.1573477,106.0138026,132,Unhealthy for Sensitive Groups,2,24.0,94,0.0,12.4,139,1007.2,100,50.6,54.6,300.0,23.3,38.0,14.3
2026-03-27 06:00:00,2026,3,27,6,Bắc Ninh,Xã Tiên Du,21.1573477,106.0138026,131,Unhealthy for Sensitive Groups,2,24.0,94,0.1,11.7,134,1007.7,100,51.1,54.7,333.0,23.4,39.0,14.5
2026-03-27 07:00:00,2026,3,27,7,Bắc Ninh,Xã Tiên Du,21.1573477,106.0138026,131,Unhealthy for Sensitive Groups,2,23.9,92,0.1,13.3,122,1008.9,100,52.3,58.8,355.0,26.4,38.0,16.5
2026-03-27 08:00:00,2026,3,27,8,Bắc Ninh,Xã Tiên Du,21.1573477,106.0138026,130,Unhealthy for Sensitive Groups,2,24.5,88,0.1,15.1,139,1009.7,100,41.6,48.3,354.0,25.8,41.0,16.7
2026-03-27 09:00:00,2026,3,27,9,Bắc Ninh,Xã Tiên Du,21.1573477,106.0138026,129,Unhealthy for Sensitive Groups,2,25.4,84,0.1,14.5,149,1010.2,100,36.9,42.6,343.0,24.8,46.0,17.0
2026-03-27 10:00:00,2026,3,27,10,Bắc Ninh,Xã Tiên Du,21.1573477,106.0138026,128,Unhealthy for Sensitive Groups,2,26.0,82,0.1,13.3,150,1010.3,100,36.6,41.2,337.0,23.3,54.0,17.0
2026-03-27 11:00:00,2026,3,27,11,Bắc Ninh,Xã Tiên Du,21.1573477,106.0138026,127,Unhealthy for Sensitive Groups,2,26.8,79,0.1,12.4,150,1009.8,100,38.4,43.4,345.0,20.7,67.0,16.6
2026-03-27 12:00:00,2026,3,27,12,Bắc Ninh,Xã Tiên Du,21.1573477,106.0138026,124,Unhealthy for Sensitive Groups,2,27.1,78,0.1,10.4,146,1008.7,100,40.3,45.8,357.0,17.5,84.0,16.0
2026-03-27 13:00:00,2026,3,27,13,Bắc Ninh,Xã Tiên Du,21.1573477,106.0138026,122,Unhealthy for Sensitive Groups,2,27.5,75,0.0,10.4,148,1007.6,100,42.0,47.3,364.0,14.9,99.0,15.2
2026-03-27 14:00:00,2026,3,27,14,Bắc Ninh,Xã Tiên Du,21.1573477,106.0138026,121,Unhealthy for Sensitive Groups,2,28.6,72,0.1,9.7,145,1006.6,100,43.3,48.3,356.0,12.5,114.0,14.1
2026-03-27 15:00:00,2026,3,27,15,Bắc Ninh,Xã Tiên Du,21.1573477,106.0138026,119,Unhealthy for Sensitive Groups,2,28.6,72,0.1,13.6,141,1005.6,88,45.3,50.1,343.0,10.7,127.0,12.9
2026-03-27 16:00:00,2026,3,27,16,Bắc Ninh,Xã Tiên Du,21.1573477,106.0138026,117,Unhealthy for Sensitive Groups,2,28.6,72,0.1,16.7,136,1005.0,91,44.9,49.5,337.0,11.3,128.0,12.5
2026-03-27 17:00:00,2026,3,27,17,Bắc Ninh,Xã Tiên Du,21.1573477,106.0138026,115,Unhealthy for Sensitive Groups,2,27.4,78,0.0,19.1,128,1004.8,35,40.0,43.5,346.0,16.6,108.0,13.4
2026-03-27 18:00:00,2026,3,27,18,Bắc Ninh,Xã Tiên Du,21.1573477,106.0138026,113,Unhealthy for Sensitive Groups,2,26.0,82,0.0,17.0,129,1005.0,26,34.6,37.5,362.0,24.3,77.0,15.0
2026-03-27 19:00:00,2026,3,27,19,Bắc Ninh,Xã Tiên Du,21.1573477,106.0138026,111,Unhealthy for Sensitive Groups,2,25.6,85,0.0,15.8,135,1006.1,88,35.3,37.7,378.0,32.8,58.0,18.4
2026-03-27 20:00:00,2026,3,27,20,Bắc Ninh,Xã Tiên Du,21.1573477,106.0138026,110,Unhealthy for Sensitive Groups,2,25.1,87,0.0,14.7,132,1007.1,99,29.0,32.4,392.0,32.0,56.0,18.3
2026-03-27 21:00:00,2026,3,27,21,Bắc Ninh,Xã Tiên Du,21.1573477,106.0138026,109,Unhealthy for Sensitive Groups,2,24.6,89,0.0,12.4,133,1008.1,30,27.4,30.5,406.0,30.9,53.0,18.2
2026-03-27 22:00:00,2026,3,27,22,Bắc Ninh,Xã Tiên Du,21.1573477,106.0138026,109,Unhealthy for Sensitive Groups,2,24.0,92,0.0,11.3,144,1008.6,13,27.5,30.9,413.0,30.0,51.0,18.1
2026-03-27 23:00:00,2026,3,27,23,Bắc Ninh,Xã Tiên Du,21.1573477,106.0138026,108,Unhealthy for Sensitive Groups,2,23.5,95,0.0,13.0,145,1008.2,1,27.4,31.0,410.0,29.4,51.0,18.1
2026-03-28 00:00:00,2026,3,28,0,Bắc Ninh,Xã Tiên Du,21.1573477,106.0138026,108,Unhealthy for Sensitive Groups,2,23.1,96,0.0,11.4,149,1008.1,6,26.9,30.5,400.0,28.9,51.0,18.2
2026-03-28 01:00:00,2026,3,28,1,Bắc Ninh,Xã Tiên Du,21.1573477,106.0138026,107,Unhealthy for Sensitive Groups,2,24.3,93,0.0,14.3,136,1007.6,100,27.4,30.9,387.0,28.6,51.0,18.2
2026-03-28 02:00:00,2026,3,28,2,Bắc Ninh,Xã Tiên Du,21.1573477,106.0138026,107,Unhealthy for Sensitive Groups,2,24.4,91,0.0,12.1,137,1007.1,100,28.0,31.5,364.0,28.3,49.0,18.1
2026-03-28 03:00:00,2026,3,28,3,Bắc Ninh,Xã Tiên Du,21.1573477,106.0138026,107,Unhealthy for Sensitive Groups,2,24.2,92,0.0,12.2,137,1006.9,91,28.6,32.5,337.0,28.2,46.0,17.9
2026-03-28 04:00:00,2026,3,28,4,Bắc Ninh,Xã Tiên Du,21.1573477,106.0138026,105,Unhealthy for Sensitive Groups,2,24.0,93,0.0,11.2,132,1007.0,100,29.3,33.2,327.0,28.4,43.0,17.9
2026-03-28 05:00:00,2026,3,28,5,Bắc Ninh,Xã Tiên Du,21.1573477,106.0138026,103,Unhealthy for Sensitive Groups,2,24.0,93,0.0,11.2,132,1007.5,100,29.8,33.8,354.0,29.7,39.0,18.3
2026-03-28 06:00:00,2026,3,28,6,Bắc Ninh,Xã Tiên Du,21.1573477,106.0138026,101,Unhealthy for Sensitive Groups,2,24.0,93,0.0,12.0,131,1008.2,100,30.5,34.5,397.0,31.3,35.0,18.9
2026-03-28 07:00:00,2026,3,28,7,Bắc Ninh,Xã Tiên Du,21.1573477,106.0138026,99,Moderate,1,24.0,94,0.0,11.4,123,1009.6,100,44.5,51.2,414.0,31.9,32.0,19.6
2026-03-28 08:00:00,2026,3,28,8,Bắc Ninh,Xã Tiên Du,21.1573477,106.0138026,99,Moderate,1,25.0,86,0.1,13.0,142,1010.3,100,37.5,43.4,377.0,29.8,36.0,19.4
2026-03-28 09:00:00,2026,3,28,9,Bắc Ninh,Xã Tiên Du,21.1573477,106.0138026,98,Moderate,1,26.2,79,0.1,13.4,149,1010.5,100,33.2,38.9,314.0,26.7,43.0,19.0
2026-03-28 10:00:00,2026,3,28,10,Bắc Ninh,Xã Tiên Du,21.1573477,106.0138026,98,Moderate,1,27.4,74,0.1,13.5,151,1010.1,100,30.3,35.7,271.0,23.5,52.0,18.1
2026-03-28 11:00:00,2026,3,28,11,Bắc Ninh,Xã Tiên Du,21.1573477,106.0138026,97,Moderate,1,27.8,74,0.1,12.4,156,1009.7,100,31.1,36.4,270.0,20.0,67.0,15.9
2026-03-28 12:00:00,2026,3,28,12,Bắc Ninh,Xã Tiên Du,21.1573477,106.0138026,97,Moderate,1,28.4,72,0.1,12.2,160,1008.7,100,34.9,38.9,287.0,16.3,85.0,13.1
2026-03-28 13:00:00,2026,3,28,13,Bắc Ninh,Xã Tiên Du,21.1573477,106.0138026,96,Moderate,1,28.0,73,0.0,13.0,166,1007.9,100,49.7,53.8,301.0,14.0,98.0,11.5
2026-03-28 14:00:00,2026,3,28,14,Bắc Ninh,Xã Tiên Du,21.1573477,106.0138026,97,Moderate,1,28.7,71,0.0,12.6,158,1006.8,100,47.8,51.6,299.0,13.7,102.0,12.2
2026-03-28 15:00:00,2026,3,28,15,Bắc Ninh,Xã Tiên Du,21.1573477,106.0138026,97,Moderate,1,29.2,69,0.0,14.2,147,1005.8,98,45.9,49.5,292.0,14.8,100.0,14.1
2026-03-28 16:00:00,2026,3,28,16,Bắc Ninh,Xã Tiên Du,21.1573477,106.0138026,97,Moderate,1,28.9,69,0.0,14.9,138,1005.3,100,42.3,45.5,292.0,17.0,93.0,15.7
2026-03-28 17:00:00,2026,3,28,17,Bắc Ninh,Xã Tiên Du,21.1573477,106.0138026,97,Moderate,1,28.0,74,0.0,16.1,131,1005.5,56,37.5,39.8,306.0,21.1,79.0,16.3
2026-03-28 18:00:00,2026,3,28,18,Bắc Ninh,Xã Tiên Du,21.1573477,106.0138026,97,Moderate,1,26.4,80,0.0,15.8,122,1005.9,30,32.8,35.0,326.0,26.4,61.0,16.7
2026-03-28 19:00:00,2026,3,28,19,Bắc Ninh,Xã Tiên Du,21.1573477,106.0138026,97,Moderate,1,25.8,85,0.0,13.8,122,1006.4,100,34.3,36.9,337.0,30.2,57.0,18.4
2026-03-28 20:00:00,2026,3,28,20,Bắc Ninh,Xã Tiên Du,21.1573477,106.0138026,97,Moderate,1,25.1,89,0.0,13.4,129,1007.6,90,29.2,32.5,328.0,29.1,55.0,17.6
2026-03-28 21:00:00,2026,3,28,21,Bắc Ninh,Xã Tiên Du,21.1573477,106.0138026,97,Moderate,1,25.0,91,0.0,15.2,131,1007.9,66,28.0,31.5,311.0,27.5,52.0,16.5
2026-03-28 22:00:00,2026,3,28,22,Bắc Ninh,Xã Tiên Du,21.1573477,106.0138026,97,Moderate,1,25.0,93,0.0,13.5,135,1008.2,100,28.5,32.1,300.0,26.2,49.0,15.4
2026-03-28 23:00:00,2026,3,28,23,Bắc Ninh,Xã Tiên Du,21.1573477,106.0138026,97,Moderate,1,25.0,93,0.0,12.0,136,1008.1,100,28.7,32.5,307.0,25.4,48.0,14.5
2026-03-29 00:00:00,2026,3,29,0,Bắc Ninh,Xã Tiên Du,21.1573477,106.0138026,97,Moderate,1,24.9,93,0.0,12.1,133,1007.6,100,27.6,31.1,322.0,24.8,48.0,13.6
2026-03-29 01:00:00,2026,3,29,1,Bắc Ninh,Xã Tiên Du,21.1573477,106.0138026,97,Moderate,1,25.0,93,0.0,13.0,135,1006.9,100,27.8,30.9,328.0,24.3,47.0,13.0
2026-03-29 02:00:00,2026,3,29,2,Bắc Ninh,Xã Tiên Du,21.1573477,106.0138026,97,Moderate,1,25.0,93,0.0,13.7,136,1006.6,100,28.9,31.7,312.0,23.6,46.0,12.6
2026-03-29 03:00:00,2026,3,29,3,Bắc Ninh,Xã Tiên Du,21.1573477,106.0138026,97,Moderate,1,24.9,93,0.0,14.0,135,1006.1,100,29.1,31.8,288.0,23.1,44.0,12.4
2026-03-29 04:00:00,2026,3,29,4,Bắc Ninh,Xã Tiên Du,21.1573477,106.0138026,97,Moderate,1,24.8,93,0.0,13.6,138,1006.3,100,28.2,31.3,282.0,23.0,42.0,12.6
2026-03-29 05:00:00,2026,3,29,5,Bắc Ninh,Xã Tiên Du,21.1573477,106.0138026,97,Moderate,1,24.6,94,0.0,12.7,136,1006.6,100,28.5,31.7,314.0,24.3,38.0,13.4
2026-03-29 06:00:00,2026,3,29,6,Bắc Ninh,Xã Tiên Du,21.1573477,106.0138026,97,Moderate,1,24.6,94,0.1,14.3,135,1007.1,100,29.8,32.9,363.0,26.0,34.0,14.6
2026-03-29 07:00:00,2026,3,29,7,Bắc Ninh,Xã Tiên Du,21.1573477,106.0138026,97,Moderate,1,23.5,97,1.3,11.3,121,1009.1,100,32.6,35.9,394.0,27.9,30.0,16.4
2026-03-29 08:00:00,2026,3,29,8,Bắc Ninh,Xã Tiên Du,21.1573477,106.0138026,96,Moderate,1,24.4,97,1.3,13.7,106,1009.1,88,30.3,34.2,389.0,26.5,32.0,17.2
2026-03-29 09:00:00,2026,3,29,9,Bắc Ninh,Xã Tiên Du,21.1573477,106.0138026,95,Moderate,1,25.4,90,0.5,15.0,150,1010.0,88,30.2,33.9,365.0,24.3,36.0,18.1
2026-03-29 10:00:00,2026,3,29,10,Bắc Ninh,Xã Tiên Du,21.1573477,106.0138026,95,Moderate,1,24.8,89,3.4,19.4,167,1010.4,97,29.9,33.8,340.0,21.4,47.0,18.3
2026-03-29 11:00:00,2026,3,29,11,Bắc Ninh,Xã Tiên Du,21.1573477,106.0138026,95,Moderate,1,25.9,84,0.1,16.9,163,1009.4,40,31.9,35.0,314.0,17.0,71.0,17.0
2026-03-29 12:00:00,2026,3,29,12,Bắc Ninh,Xã Tiên Du,21.1573477,106.0138026,95,Moderate,1,29.0,72,0.0,19.2,161,1008.2,48,33.8,36.4,286.0,11.9,102.0,14.8
2026-03-29 13:00:00,2026,3,29,13,Bắc Ninh,Xã Tiên Du,21.1573477,106.0138026,95,Moderate,1,29.5,68,0.1,20.7,163,1006.9,30,29.6,31.9,272.0,8.5,123.0,13.2
2026-03-29 14:00:00,2026,3,29,14,Bắc Ninh,Xã Tiên Du,21.1573477,106.0138026,93,Moderate,1,30.6,62,0.0,21.7,166,1005.4,41,26.0,27.9,280.0,7.5,126.0,12.4
2026-03-29 15:00:00,2026,3,29,15,Bắc Ninh,Xã Tiên Du,21.1573477,106.0138026,91,Moderate,1,31.0,61,0.0,20.5,170,1004.6,14,24.2,25.9,302.0,8.1,118.0,12.1
2026-03-29 16:00:00,2026,3,29,16,Bắc Ninh,Xã Tiên Du,21.1573477,106.0138026,89,Moderate,1,30.2,64,0.0,22.1,154,1003.9,23,23.1,24.7,325.0,10.3,106.0,12.4
2026-03-29 17:00:00,2026,3,29,17,Bắc Ninh,Xã Tiên Du,21.1573477,106.0138026,87,Moderate,1,28.6,72,0.0,20.8,145,1003.8,5,22.9,24.6,348.0,15.3,88.0,13.7
2026-03-29 18:00:00,2026,3,29,18,Bắc Ninh,Xã Tiên Du,21.1573477,106.0138026,86,Moderate,1,26.8,80,0.0,18.2,142,1004.2,3,23.3,24.9,372.0,22.0,65.0,15.7
2026-03-29 19:00:00,2026,3,29,19,Bắc Ninh,Xã Tiên Du,21.1573477,106.0138026,85,Moderate,1,26.9,82,0.0,21.9,157,1004.3,6,21.8,23.2,387.0,26.7,49.0,19.8
2026-03-29 20:00:00,2026,3,29,20,Bắc Ninh,Xã Tiên Du,21.1573477,106.0138026,84,Moderate,1,26.1,88,0.0,19.5,157,1005.2,35,23.0,24.5,385.0,26.3,49.0,19.9
2026-03-29 21:00:00,2026,3,29,21,Bắc Ninh,Xã Tiên Du,21.1573477,106.0138026,84,Moderate,1,25.9,92,0.0,22.5,170,1006.4,85,26.4,28.0,374.0,25.6,49.0,20.0
2026-03-29 22:00:00,2026,3,29,22,Bắc Ninh,Xã Tiên Du,21.1573477,106.0138026,84,Moderate,1,25.0,94,0.0,15.9,162,1005.9,41,30.6,32.5,362.0,25.1,50.0,19.8
2026-03-29 23:00:00,2026,3,29,23,Bắc Ninh,Xã Tiên Du,21.1573477,106.0138026,84,Moderate,1,25.0,97,0.0,15.6,146,1005.5,66,34.2,36.1,352.0,24.7,51.0,19.0
2026-03-30 00:00:00,2026,3,30,0,Bắc Ninh,Xã Tiên Du,21.1573477,106.0138026,84,Moderate,1,25.1,94,0.0,17.6,154,1005.4,9,36.8,38.8,341.0,24.4,53.0,18.0
2026-03-30 01:00:00,2026,3,30,1,Bắc Ninh,Xã Tiên Du,21.1573477,106.0138026,85,Moderate,1,24.4,95,0.0,9.0,149,1005.9,100,40.0,42.1,328.0,24.1,55.0,17.2
2026-03-30 02:00:00,2026,3,30,2,Bắc Ninh,Xã Tiên Du,21.1573477,106.0138026,86,Moderate,1,24.4,98,0.0,12.9,129,1005.1,100,43.3,45.6,307.0,23.8,56.0,16.9
2026-03-30 03:00:00,2026,3,30,3,Bắc Ninh,Xã Tiên Du,21.1573477,106.0138026,87,Moderate,1,24.0,96,0.1,10.6,46,1005.2,100,46.2,48.4,284.0,23.5,57.0,16.9
2026-03-30 04:00:00,2026,3,30,4,Bắc Ninh,Xã Tiên Du,21.1573477,106.0138026,89,Moderate,1,22.0,95,0.2,14.4,61,1005.3,100,49.7,51.6,281.0,23.8,57.0,17.4
2026-03-30 05:00:00,2026,3,30,5,Bắc Ninh,Xã Tiên Du,21.1573477,106.0138026,91,Moderate,1,22.1,95,0.1,11.4,84,1005.7,100,53.0,54.6,318.0,25.6,54.0,18.8
2026-03-30 06:00:00,2026,3,30,6,Bắc Ninh,Xã Tiên Du,21.1573477,106.0138026,93,Moderate,1,24.1,97,0.0,11.3,141,1006.2,100,55.5,57.0,375.0,27.9,51.0,20.8
2026-03-30 07:00:00,2026,3,30,7,Bắc Ninh,Xã Tiên Du,21.1573477,106.0138026,95,Moderate,1,23.4,95,0.0,15.8,165,1006.8,100,70.3,72.4,413.0,29.7,57.0,22.4
2026-03-30 08:00:00,2026,3,30,8,Bắc Ninh,Xã Tiên Du,21.1573477,106.0138026,99,Moderate,1,24.6,91,0.0,15.6,161,1007.8,100,66.8,68.7,410.0,27.0,76.0,23.4
2026-03-30 09:00:00,2026,3,30,9,Bắc Ninh,Xã Tiên Du,21.1573477,106.0138026,102,Unhealthy for Sensitive Groups,2,26.4,85,0.0,17.8,162,1008.1,100,65.2,66.8,388.0,23.1,103.0,24.9
2026-03-30 10:00:00,2026,3,30,10,Bắc Ninh,Xã Tiên Du,21.1573477,106.0138026,106,Unhealthy for Sensitive Groups,2,27.6,80,0.1,19.1,168,1008.1,100,64.5,65.9,373.0,19.2,132.0,26.2
2026-03-30 11:00:00,2026,3,30,11,Bắc Ninh,Xã Tiên Du,21.1573477,106.0138026,109,Unhealthy for Sensitive Groups,2,29.6,71,0.0,16.6,171,1007.2,1,64.7,65.9,374.0,15.2,165.0,27.3
2026-03-30 12:00:00,2026,3,30,12,Bắc Ninh,Xã Tiên Du,21.1573477,106.0138026,113,Unhealthy for Sensitive Groups,2,31.5,65,0.0,16.6,167,1005.7,9,64.5,65.9,381.0,11.1,201.0,28.3
2026-03-30 13:00:00,2026,3,30,13,Bắc Ninh,Xã Tiên Du,21.1573477,106.0138026,116,Unhealthy for Sensitive Groups,2,31.0,64,0.0,11.8,167,1005.1,16,66.6,68.0,393.0,8.4,226.0,28.8
2026-03-30 14:00:00,2026,3,30,14,Bắc Ninh,Xã Tiên Du,21.1573477,106.0138026,120,Unhealthy for Sensitive Groups,2,31.5,62,0.0,14.4,162,1003.9,12,67.8,69.2,410.0,7.4,237.0,28.5
2026-03-30 15:00:00,2026,3,30,15,Bắc Ninh,Xã Tiên Du,21.1573477,106.0138026,124,Unhealthy for Sensitive Groups,2,31.7,63,0.0,17.6,153,1002.8,7,66.6,68.2,431.0,7.9,238.0,27.8
2026-03-30 16:00:00,2026,3,30,16,Bắc Ninh,Xã Tiên Du,21.1573477,106.0138026,157,Unhealthy,3,31.2,66,0.0,18.3,144,1002.3,12,65.7,66.8,453.0,10.2,228.0,27.3
2026-03-30 17:00:00,2026,3,30,17,Bắc Ninh,Xã Tiên Du,21.1573477,106.0138026,181,Unhealthy,3,30.0,70,0.0,17.1,138,1002.1,4,65.4,66.4,482.0,15.9,201.0,27.4
2026-03-30 18:00:00,2026,3,30,18,Bắc Ninh,Xã Tiên Du,21.1573477,106.0138026,197,Unhealthy,3,28.5,74,0.0,14.8,138,1002.5,4,62.6,63.3,513.0,23.5,164.0,27.7
2026-03-30 19:00:00,2026,3,30,19,Bắc Ninh,Xã Tiên Du,21.1573477,106.0138026,201,Very Unhealthy,4,27.8,80,0.0,9.2,140,1003.2,5,62.4,62.9,524.0,29.0,127.0,27.6
2026-03-30 20:00:00,2026,3,30,20,Bắc Ninh,Xã Tiên Du,21.1573477,106.0138026,196,Unhealthy,3,27.2,80,0.0,12.3,141,1004.0,3,50.9,51.8,504.0,29.3,111.0,25.8
2026-03-30 21:00:00,2026,3,30,21,Bắc Ninh,Xã Tiên Du,21.1573477,106.0138026,182,Unhealthy,3,26.5,83,0.0,13.0,139,1005.1,2,43.1,44.5,465.0,29.7,90.0,23.2
2026-03-30 22:00:00,2026,3,30,22,Bắc Ninh,Xã Tiên Du,21.1573477,106.0138026,160,Unhealthy,3,26.0,84,0.0,15.1,141,1005.5,1,36.4,38.0,423.0,29.6,73.0,20.9
2026-03-30 23:00:00,2026,3,30,23,Bắc Ninh,Xã Tiên Du,21.1573477,106.0138026,150,Unhealthy for Sensitive Groups,2,26.0,82,0.0,18.4,153,1005.4,0,30.0,32.1,381.0,28.7,67.0,19.2
2026-03-31 00:00:00,2026,3,31,0,Bắc Ninh,Xã Tiên Du,21.1573477,106.0138026,150,Unhealthy for Sensitive Groups,2,26.0,80,0.0,19.2,158,1005.2,0,25.5,27.4,336.0,27.3,66.0,17.8
2026-03-31 01:00:00,2026,3,31,1,Bắc Ninh,Xã Tiên Du,21.1573477,106.0138026,149,Unhealthy for Sensitive Groups,2,26.0,85,0.0,17.6,148,1004.6,9,24.2,26.1,301.0,26.1,65.0,16.6
2026-03-31 02:00:00,2026,3,31,2,Bắc Ninh,Xã Tiên Du,21.1573477,106.0138026,148,Unhealthy for Sensitive Groups,2,25.7,86,0.0,16.6,156,1004.2,0,24.2,26.2,272.0,25.0,64.0,15.6
2026-03-31 03:00:00,2026,3,31,3,Bắc Ninh,Xã Tiên Du,21.1573477,106.0138026,146,Unhealthy for Sensitive Groups,2,25.3,87,0.0,12.7,153,1004.0,0,25.1,27.2,252.0,24.2,64.0,14.8
2026-03-31 04:00:00,2026,3,31,4,Bắc Ninh,Xã Tiên Du,21.1573477,106.0138026,144,Unhealthy for Sensitive Groups,2,24.8,88,0.0,11.8,140,1004.0,0,27.2,29.4,262.0,24.4,62.0,14.8
2026-03-31 05:00:00,2026,3,31,5,Bắc Ninh,Xã Tiên Du,21.1573477,106.0138026,141,Unhealthy for Sensitive Groups,2,24.4,89,0.0,12.5,139,1004.4,0,30.5,32.8,321.0,27.0,54.0,15.8
2026-03-31 06:00:00,2026,3,31,6,Bắc Ninh,Xã Tiên Du,21.1573477,106.0138026,139,Unhealthy for Sensitive Groups,2,24.0,90,0.0,11.2,142,1005.0,0,36.0,38.4,409.0,30.7,45.0,17.6
2026-03-31 07:00:00,2026,3,31,7,Bắc Ninh,Xã Tiên Du,21.1573477,106.0138026,137,Unhealthy for Sensitive Groups,2,25.1,90,0.0,9.2,140,1006.0,2,43.9,46.9,486.0,31.4,37.0,19.0
2026-03-31 08:00:00,2026,3,31,8,Bắc Ninh,Xã Tiên Du,21.1573477,106.0138026,134,Unhealthy for Sensitive Groups,2,27.0,83,0.0,6.7,160,1006.8,6,39.8,44.4,541.0,29.9,53.0,21.8
2026-03-31 09:00:00,2026,3,31,9,Bắc Ninh,Xã Tiên Du,21.1573477,106.0138026,131,Unhealthy for Sensitive Groups,2,28.8,77,0.0,7.6,173,1007.3,1,48.7,52.6,585.0,27.7,77.0,25.6
2026-03-31 10:00:00,2026,3,31,10,Bắc Ninh,Xã Tiên Du,21.1573477,106.0138026,130,Unhealthy for Sensitive Groups,2,30.5,71,0.0,7.2,184,1007.0,0,58.3,62.2,611.0,24.5,108.0,28.2
2026-03-31 11:00:00,2026,3,31,11,Bắc Ninh,Xã Tiên Du,21.1573477,106.0138026,129,Unhealthy for Sensitive Groups,2,31.9,65,0.0,7.2,179,1006.2,1,71.7,75.0,612.0,19.4,153.0,28.7
2026-03-31 12:00:00,2026,3,31,12,Bắc Ninh,Xã Tiên Du,21.1573477,106.0138026,130,Unhealthy for Sensitive Groups,2,33.2,60,0.0,8.0,170,1005.0,0,83.1,86.6,594.0,13.4,205.0,28.1
2026-03-31 13:00:00,2026,3,31,13,Bắc Ninh,Xã Tiên Du,21.1573477,106.0138026,132,Unhealthy for Sensitive Groups,2,33.8,57,0.0,7.5,159,1004.0,11,86.4,90.3,572.0,9.2,241.0,27.0
2026-03-31 14:00:00,2026,3,31,14,Bắc Ninh,Xã Tiên Du,21.1573477,106.0138026,134,Unhealthy for Sensitive Groups,2,34.3,56,0.0,9.4,149,1003.1,15,80.3,84.5,547.0,7.8,252.0,24.8
2026-03-31 15:00:00,2026,3,31,15,Bắc Ninh,Xã Tiên Du,21.1573477,106.0138026,135,Unhealthy for Sensitive Groups,2,34.5,55,0.0,10.3,147,1002.4,12,78.2,82.9,518.0,8.1,247.0,22.0
2026-03-31 16:00:00,2026,3,31,16,Bắc Ninh,Xã Tiên Du,21.1573477,106.0138026,151,Unhealthy,3,34.0,55,0.0,9.4,130,1002.3,16,72.9,77.3,491.0,9.8,230.0,21.4
2026-03-31 17:00:00,2026,3,31,17,Bắc Ninh,Xã Tiên Du,21.1573477,106.0138026,179,Unhealthy,3,33.5,62,0.0,3.9,77,1002.6,9,65.7,68.5,469.0,13.1,195.0,24.8
2026-03-31 18:00:00,2026,3,31,18,Bắc Ninh,Xã Tiên Du,21.1573477,106.0138026,198,Unhealthy,3,31.4,69,0.0,9.3,63,1003.5,33,58.0,60.3,450.0,17.7,148.0,30.3
2026-03-31 19:00:00,2026,3,31,19,Bắc Ninh,Xã Tiên Du,21.1573477,106.0138026,202,Very Unhealthy,4,30.0,80,2.6,12.4,81,1004.3,9,75.7,79.6,436.0,14.8,140.0,25.1
2026-03-31 20:00:00,2026,3,31,20,Bắc Ninh,Xã Tiên Du,21.1573477,106.0138026,201,Very Unhealthy,4,25.2,79,0.0,25.7,60,1005.7,5,67.8,71.0,431.0,14.4,129.0,23.7
2026-03-31 21:00:00,2026,3,31,21,Bắc Ninh,Xã Tiên Du,21.1573477,106.0138026,190,Unhealthy,3,25.6,76,0.0,14.0,78,1007.1,36,64.0,67.1,431.0,13.8,115.0,21.8
2026-03-31 22:00:00,2026,3,31,22,Bắc Ninh,Xã Tiên Du,21.1573477,106.0138026,170,Unhealthy,3,25.7,82,0.0,21.3,35,1008.8,48,57.5,60.3,425.0,13.5,102.0,20.0
2026-03-31 23:00:00,2026,3,31,23,Bắc Ninh,Xã Tiên Du,21.1573477,106.0138026,144,Unhealthy for Sensitive Groups,2,25.3,77,0.0,18.1,42,1009.7,90,53.3,56.7,405.0,14.0,95.0,18.5
2026-04-01 00:00:00,2026,4,1,0,Bắc Ninh,Xã Tiên Du,21.1573477,106.0138026,146,Unhealthy for Sensitive Groups,2,24.9,74,0.0,15.6,54,1009.4,88,53.9,57.3,378.0,14.8,89.0,17.0
2026-04-01 01:00:00,2026,4,1,1,Bắc Ninh,Xã Tiên Du,21.1573477,106.0138026,149,Unhealthy for Sensitive Groups,2,24.0,93,0.0,3.1,59,1009.3,95,52.2,55.9,360.0,15.1,85.0,15.8
2026-04-01 02:00:00,2026,4,1,2,Bắc Ninh,Xã Tiên Du,21.1573477,106.0138026,150,Unhealthy for Sensitive Groups,2,24.5,81,0.4,15.7,44,1008.7,98,49.1,52.4,353.0,14.2,81.0,14.6
2026-04-01 03:00:00,2026,4,1,3,Bắc Ninh,Xã Tiên Du,21.1573477,106.0138026,151,Unhealthy,3,23.5,79,0.2,14.3,23,1009.3,64,43.3,45.8,354.0,12.9,79.0,13.6
2026-04-01 04:00:00,2026,4,1,4,Bắc Ninh,Xã Tiên Du,21.1573477,106.0138026,151,Unhealthy,3,22.6,80,0.1,10.1,22,1010.0,63,40.6,42.5,370.0,12.6,75.0,13.2
2026-04-01 05:00:00,2026,4,1,5,Bắc Ninh,Xã Tiên Du,21.1573477,106.0138026,152,Unhealthy,3,22.7,76,0.0,12.0,33,1010.8,96,39.0,40.3,415.0,14.8,69.0,13.8
2026-04-01 06:00:00,2026,4,1,6,Bắc Ninh,Xã Tiên Du,21.1573477,106.0138026,152,Unhealthy,3,23.0,70,0.0,12.9,39,1011.5,100,37.4,38.2,476.0,18.1,62.0,15.1
2026-04-01 07:00:00,2026,4,1,7,Bắc Ninh,Xã Tiên Du,21.1573477,106.0138026,152,Unhealthy,3,23.5,74,0.0,11.8,26,1011.9,36,30.6,30.9,516.0,17.1,65.0,15.2
2026-04-01 08:00:00,2026,4,1,8,Bắc Ninh,Xã Tiên Du,21.1573477,106.0138026,152,Unhealthy,3,24.0,67,0.0,13.0,38,1013.1,100,26.5,26.8,517.0,16.4,68.0,16.0
2026-04-01 09:00:00,2026,4,1,9,Bắc Ninh,Xã Tiên Du,21.1573477,106.0138026,151,Unhealthy,3,24.5,64,0.0,12.0,49,1013.6,100,24.6,25.0,498.0,15.4,72.0,17.2
2026-04-01 10:00:00,2026,4,1,10,Bắc Ninh,Xã Tiên Du,21.1573477,106.0138026,151,Unhealthy,3,25.1,64,0.0,11.8,57,1013.6,60,24.7,25.1,478.0,14.2,80.0,18.4
2026-04-01 11:00:00,2026,4,1,11,Bắc Ninh,Xã Tiên Du,21.1573477,106.0138026,150,Unhealthy for Sensitive Groups,2,26.7,59,0.0,10.2,62,1013.0,65,25.6,26.2,461.0,12.5,92.0,19.7
2026-04-01 12:00:00,2026,4,1,12,Bắc Ninh,Xã Tiên Du,21.1573477,106.0138026,146,Unhealthy for Sensitive Groups,2,27.7,57,0.0,8.2,82,1011.7,21,27.8,28.9,443.0,10.6,107.0,21.0
2026-04-01 13:00:00,2026,4,1,13,Bắc Ninh,Xã Tiên Du,21.1573477,106.0138026,140,Unhealthy for Sensitive Groups,2,27.9,57,0.0,5.6,123,1011.0,100,31.7,33.1,434.0,9.4,122.0,22.3
2026-04-01 14:00:00,2026,4,1,14,Bắc Ninh,Xã Tiên Du,21.1573477,106.0138026,134,Unhealthy for Sensitive Groups,2,28.2,57,0.0,8.1,151,1009.8,100,36.7,38.5,438.0,8.0,141.0,23.1
2026-04-01 15:00:00,2026,4,1,15,Bắc Ninh,Xã Tiên Du,21.1573477,106.0138026,130,Unhealthy for Sensitive Groups,2,27.6,62,0.0,11.7,155,1008.7,100,42.5,44.8,451.0,7.3,160.0,23.8
2026-04-01 16:00:00,2026,4,1,16,Bắc Ninh,Xã Tiên Du,21.1573477,106.0138026,126,Unhealthy for Sensitive Groups,2,27.2,66,0.0,13.6,157,1008.1,88,47.8,50.3,471.0,11.3,166.0,25.6
2026-04-01 17:00:00,2026,4,1,17,Bắc Ninh,Xã Tiên Du,21.1573477,106.0138026,123,Unhealthy for Sensitive Groups,2,26.8,66,0.0,12.0,159,1007.6,17,56.1,58.3,504.0,24.7,146.0,29.9
2026-04-01 18:00:00,2026,4,1,18,Bắc Ninh,Xã Tiên Du,21.1573477,106.0138026,122,Unhealthy for Sensitive Groups,2,25.5,71,0.0,10.1,153,1007.9,43,77.3,78.9,544.0,42.8,113.0,35.2
2026-04-01 19:00:00,2026,4,1,19,Bắc Ninh,Xã Tiên Du,21.1573477,106.0138026,124,Unhealthy for Sensitive Groups,2,24.0,75,0.0,13.3,157,1009.4,2,113.4,116.9,572.0,58.6,62.0,38.4
2026-04-01 20:00:00,2026,4,1,20,Bắc Ninh,Xã Tiên Du,21.1573477,106.0138026,128,Unhealthy for Sensitive Groups,2,23.4,78,0.0,12.4,159,1010.2,6,111.3,114.6,578.0,55.7,59.0,37.0
2026-04-01 21:00:00,2026,4,1,21,Bắc Ninh,Xã Tiên Du,21.1573477,106.0138026,133,Unhealthy for Sensitive Groups,2,22.7,81,0.0,12.7,145,1010.8,1,106.6,109.7,571.0,51.6,55.0,34.9
2026-04-01 22:00:00,2026,4,1,22,Bắc Ninh,Xã Tiên Du,21.1573477,106.0138026,137,Unhealthy for Sensitive Groups,2,22.2,85,0.0,10.9,149,1011.6,2,101.3,104.3,563.0,48.0,51.0,32.6
2026-04-01 23:00:00,2026,4,1,23,Bắc Ninh,Xã Tiên Du,21.1573477,106.0138026,142,Unhealthy for Sensitive Groups,2,22.0,88,0.0,11.5,148,1011.4,1,96.2,99.2,555.0,45.4,49.0,30.0
2026-04-02 00:00:00,2026,4,2,0,Bắc Ninh,Xã Tiên Du,21.1573477,106.0138026,146,Unhealthy for Sensitive Groups,2,21.8,91,0.0,8.9,153,1011.0,10,93.1,96.2,546.0,43.2,48.0,27.2
2026-04-02 01:00:00,2026,4,2,1,Bắc Ninh,Xã Tiên Du,21.1573477,106.0138026,150,Unhealthy for Sensitive Groups,2,21.6,95,0.0,7.1,153,1010.7,41,93.4,96.4,536.0,41.5,47.0,25.2
2026-04-02 02:00:00,2026,4,2,2,Bắc Ninh,Xã Tiên Du,21.1573477,106.0138026,151,Unhealthy,3,21.8,95,0.0,6.0,155,1010.6,62,95.0,98.3,525.0,40.3,45.0,24.2
2026-04-02 03:00:00,2026,4,2,3,Bắc Ninh,Xã Tiên Du,21.1573477,106.0138026,152,Unhealthy,3,21.6,97,0.0,5.8,146,1010.2,58,96.6,99.7,514.0,39.7,42.0,23.9
2026-04-02 04:00:00,2026,4,2,4,Bắc Ninh,Xã Tiên Du,21.1573477,106.0138026,153,Unhealthy,3,21.8,96,0.0,6.7,136,1010.0,100,97.3,100.4,509.0,39.3,41.0,24.5
2026-04-02 05:00:00,2026,4,2,5,Bắc Ninh,Xã Tiên Du,21.1573477,106.0138026,154,Unhealthy,3,22.2,94,0.0,7.6,142,1010.0,100,98.7,101.7,517.0,39.6,41.0,26.3
2026-04-02 06:00:00,2026,4,2,6,Bắc Ninh,Xã Tiên Du,21.1573477,106.0138026,156,Unhealthy,3,22.4,94,0.0,8.4,145,1010.3,100,101.7,104.8,532.0,40.3,42.0,28.8
2026-04-02 07:00:00,2026,4,2,7,Bắc Ninh,Xã Tiên Du,21.1573477,106.0138026,157,Unhealthy,3,22.6,90,0.0,9.6,142,1010.9,100,105.5,108.7,535.0,46.7,35.0,31.9
2026-04-02 08:00:00,2026,4,2,8,Bắc Ninh,Xã Tiên Du,21.1573477,106.0138026,159,Unhealthy,3,23.5,87,0.0,9.8,148,1011.6,100,94.1,97.8,512.0,43.3,46.0,32.8
2026-04-02 09:00:00,2026,4,2,9,Bắc Ninh,Xã Tiên Du,21.1573477,106.0138026,160,Unhealthy,3,24.5,84,0.0,11.3,160,1011.4,100,86.8,90.8,479.0,38.5,63.0,34.0
2026-04-02 10:00:00,2026,4,2,10,Bắc Ninh,Xã Tiên Du,21.1573477,106.0138026,162,Unhealthy,3,25.3,81,0.0,12.8,171,1011.4,100,86.4,90.8,460.0,34.2,79.0,35.0
2026-04-02 11:00:00,2026,4,2,11,Bắc Ninh,Xã Tiên Du,21.1573477,106.0138026,163,Unhealthy,3,26.6,75,0.1,15.0,185,1010.3,100,89.2,93.6,477.0,31.0,94.0,35.7
2026-04-02 12:00:00,2026,4,2,12,Bắc Ninh,Xã Tiên Du,21.1573477,106.0138026,164,Unhealthy,3,28.0,72,0.1,15.1,188,1009.0,100,87.3,91.5,509.0,28.2,109.0,36.1
2026-04-02 13:00:00,2026,4,2,13,Bắc Ninh,Xã Tiên Du,21.1573477,106.0138026,166,Unhealthy,3,28.0,69,0.0,13.7,183,1008.2,99,95.2,99.0,523.0,25.5,123.0,35.8
2026-04-02 14:00:00,2026,4,2,14,Bắc Ninh,Xã Tiên Du,21.1573477,106.0138026,167,Unhealthy,3,29.5,64,0.0,11.6,176,1006.6,74,95.5,99.0,501.0,22.1,140.0,34.4
2026-04-02 15:00:00,2026,4,2,15,Bắc Ninh,Xã Tiên Du,21.1573477,106.0138026,168,Unhealthy,3,30.2,63,0.0,15.6,173,1005.5,38,89.2,92.4,461.0,18.7,155.0,32.3
2026-04-02 16:00:00,2026,4,2,16,Bắc Ninh,Xã Tiên Du,21.1573477,106.0138026,169,Unhealthy,3,30.0,64,0.0,17.9,156,1004.5,3,80.1,82.9,429.0,17.2,160.0,29.8
2026-04-02 17:00:00,2026,4,2,17,Bắc Ninh,Xã Tiên Du,21.1573477,106.0138026,170,Unhealthy,3,29.2,66,0.0,19.1,148,1004.3,14,73.3,75.4,417.0,19.3,144.0,26.6
2026-04-02 18:00:00,2026,4,2,18,Bắc Ninh,Xã Tiên Du,21.1573477,106.0138026,170,Unhealthy,3,27.4,76,0.0,18.8,143,1004.9,5,63.6,65.2,413.0,23.2,117.0,23.1
2026-04-02 19:00:00,2026,4,2,19,Bắc Ninh,Xã Tiên Du,21.1573477,106.0138026,170,Unhealthy,3,25.9,82,0.0,15.5,140,1006.1,9,82.0,85.4,408.0,30.6,98.0,23.4
2026-04-02 20:00:00,2026,4,2,20,Bắc Ninh,Xã Tiên Du,21.1573477,106.0138026,169,Unhealthy,3,25.0,86,0.0,15.2,140,1006.8,20,66.8,69.6,400.0,29.1,91.0,21.9
2026-04-02 21:00:00,2026,4,2,21,Bắc Ninh,Xã Tiên Du,21.1573477,106.0138026,168,Unhealthy,3,24.5,90,0.0,11.8,147,1007.7,36,56.0,58.8,391.0,27.0,82.0,19.9
2026-04-02 22:00:00,2026,4,2,22,Bắc Ninh,Xã Tiên Du,21.1573477,106.0138026,167,Unhealthy,3,24.2,92,0.0,10.9,144,1008.1,100,50.2,52.9,380.0,25.1,75.0,18.4
2026-04-02 23:00:00,2026,4,2,23,Bắc Ninh,Xã Tiên Du,21.1573477,106.0138026,166,Unhealthy,3,24.1,93,0.0,13.4,147,1007.5,40,49.2,52.0,367.0,23.9,74.0,17.8
2026-04-03 00:00:00,2026,4,3,0,Bắc Ninh,Xã Tiên Du,21.1573477,106.0138026,165,Unhealthy,3,23.8,95,0.0,12.5,150,1006.9,9,51.1,54.0,353.0,23.0,76.0,17.6
2026-04-03 01:00:00,2026,4,3,1,Bắc Ninh,Xã Tiên Du,21.1573477,106.0138026,164,Unhealthy,3,24.0,97,0.0,13.4,151,1006.2,15,54.5,57.4,339.0,22.0,79.0,17.6
2026-04-03 02:00:00,2026,4,3,2,Bắc Ninh,Xã Tiên Du,21.1573477,106.0138026,163,Unhealthy,3,24.0,96,0.0,12.5,155,1005.7,22,58.1,61.0,318.0,20.6,83.0,17.6
2026-04-03 03:00:00,2026,4,3,3,Bắc Ninh,Xã Tiên Du,21.1573477,106.0138026,163,Unhealthy,3,24.0,96,0.0,12.2,160,1005.1,100,61.5,64.3,297.0,19.2,87.0,17.6
2026-04-03 04:00:00,2026,4,3,4,Bắc Ninh,Xã Tiên Du,21.1573477,106.0138026,162,Unhealthy,3,24.2,95,0.0,12.1,168,1004.9,100,63.3,66.1,294.0,18.7,89.0,17.9
2026-04-03 05:00:00,2026,4,3,5,Bắc Ninh,Xã Tiên Du,21.1573477,106.0138026,161,Unhealthy,3,24.2,95,0.0,11.3,160,1005.3,100,65.2,67.8,321.0,19.9,86.0,18.5
2026-04-03 06:00:00,2026,4,3,6,Bắc Ninh,Xã Tiên Du,21.1573477,106.0138026,160,Unhealthy,3,24.2,94,0.0,11.9,162,1005.5,100,67.8,70.1,366.0,22.0,80.0,19.3
2026-04-03 07:00:00,2026,4,3,7,Bắc Ninh,Xã Tiên Du,21.1573477,106.0138026,160,Unhealthy,3,24.9,94,0.0,11.6,154,1005.7,100,77.5,80.3,418.0,29.8,61.0,27.7
2026-04-03 08:00:00,2026,4,3,8,Bắc Ninh,Xã Tiên Du,21.1573477,106.0138026,159,Unhealthy,3,25.6,91,0.0,11.1,171,1006.4,100,77.5,80.8,481.0,28.3,69.0,27.2
2026-04-03 09:00:00,2026,4,3,9,Bắc Ninh,Xã Tiên Du,21.1573477,106.0138026,159,Unhealthy,3,26.4,90,0.1,8.6,200,1006.7,100,78.7,81.7,551.0,26.0,83.0,26.3
2026-04-03 10:00:00,2026,4,3,10,Bắc Ninh,Xã Tiên Du,21.1573477,106.0138026,158,Unhealthy,3,27.9,81,0.1,6.1,203,1006.7,100,88.5,92.0,599.0,22.8,106.0,25.1
2026-04-03 11:00:00,2026,4,3,11,Bắc Ninh,Xã Tiên Du,21.1573477,106.0138026,159,Unhealthy,3,29.5,73,0.1,4.8,195,1005.8,98,88.7,93.1,612.0,17.7,148.0,23.0
2026-04-03 12:00:00,2026,4,3,12,Bắc Ninh,Xã Tiên Du,21.1573477,106.0138026,159,Unhealthy,3,31.1,66,0.0,3.5,125,1004.3,2,94.5,100.6,603.0,11.8,200.0,20.6
2026-04-03 13:00:00,2026,4,3,13,Bắc Ninh,Xã Tiên Du,21.1573477,106.0138026,159,Unhealthy,3,31.1,67,0.0,1.6,360,1003.1,10,101.0,107.8,588.0,7.8,240.0,18.9
2026-04-03 14:00:00,2026,4,3,14,Bắc Ninh,Xã Tiên Du,21.1573477,106.0138026,159,Unhealthy,3,32.1,65,0.0,4.7,74,1001.9,5,103.1,110.4,564.0,6.4,262.0,18.4
2026-04-03 15:00:00,2026,4,3,15,Bắc Ninh,Xã Tiên Du,21.1573477,106.0138026,159,Unhealthy,3,32.5,63,0.0,8.0,100,1000.9,4,103.6,111.1,533.0,7.0,273.0,18.7
2026-04-03 16:00:00,2026,4,3,16,Bắc Ninh,Xã Tiên Du,21.1573477,106.0138026,159,Unhealthy,3,32.4,62,0.0,8.8,109,1000.4,3,102.7,109.9,514.0,10.4,267.0,20.0
2026-04-03 17:00:00,2026,4,3,17,Bắc Ninh,Xã Tiên Du,21.1573477,106.0138026,189,Unhealthy,3,31.8,68,0.0,9.7,115,1000.5,2,103.8,109.4,521.0,18.9,237.0,23.2
2026-04-03 18:00:00,2026,4,3,18,Bắc Ninh,Xã Tiên Du,21.1573477,106.0138026,206,Very Unhealthy,4,30.5,75,0.0,12.4,124,1001.1,4,113.6,117.3,540.0,30.2,191.0,27.4
2026-04-03 19:00:00,2026,4,3,19,Bắc Ninh,Xã Tiên Du,21.1573477,106.0138026,212,Very Unhealthy,4,28.4,80,0.0,14.7,115,1002.2,6,167.2,176.0,546.0,41.9,159.0,32.9
2026-04-03 20:00:00,2026,4,3,20,Bắc Ninh,Xã Tiên Du,21.1573477,106.0138026,212,Very Unhealthy,4,27.1,82,0.0,13.8,110,1003.1,2,148.1,152.7,528.0,39.0,142.0,31.9
2026-04-03 21:00:00,2026,4,3,21,Bắc Ninh,Xã Tiên Du,21.1573477,106.0138026,208,Very Unhealthy,4,26.4,84,0.0,13.6,108,1003.9,0,122.9,126.2,497.0,35.1,119.0,30.3
2026-04-03 22:00:00,2026,4,3,22,Bắc Ninh,Xã Tiên Du,21.1573477,106.0138026,200,Unhealthy,3,26.0,84,0.0,13.9,107,1004.3,0,100.1,102.4,463.0,31.8,99.0,27.8
2026-04-03 23:00:00,2026,4,3,23,Bắc Ninh,Xã Tiên Du,21.1573477,106.0138026,175,Unhealthy,3,25.6,86,0.0,13.2,96,1004.5,4,79.2,81.0,422.0,30.3,86.0,23.6
2026-04-04 00:00:00,2026,4,4,0,Bắc Ninh,Xã Tiên Du,21.1573477,106.0138026,168,Unhealthy,3,25.4,86,0.0,11.5,104,1004.0,0,60.8,63.3,378.0,29.5,76.0,18.4
2026-04-04 01:00:00,2026,4,4,1,Bắc Ninh,Xã Tiên Du,21.1573477,106.0138026,169,Unhealthy,3,25.3,90,0.0,5.7,99,1003.7,6,47.3,52.0,349.0,28.0,71.0,14.8
2026-04-04 02:00:00,2026,4,4,2,Bắc Ninh,Xã Tiên Du,21.1573477,106.0138026,168,Unhealthy,3,25.1,90,0.0,9.0,53,1003.4,5,44.0,48.2,342.0,24.4,74.0,13.9
2026-04-04 03:00:00,2026,4,4,3,Bắc Ninh,Xã Tiên Du,21.1573477,106.0138026,168,Unhealthy,3,24.8,84,0.1,19.3,31,1003.9,98,47.7,51.5,351.0,20.0,82.0,14.4
2026-04-04 04:00:00,2026,4,4,4,Bắc Ninh,Xã Tiên Du,21.1573477,106.0138026,168,Unhealthy,3,24.2,80,0.0,17.9,32,1004.1,100,55.9,59.0,373.0,17.3,87.0,15.1
2026-04-04 05:00:00,2026,4,4,5,Bắc Ninh,Xã Tiên Du,21.1573477,106.0138026,168,Unhealthy,3,23.9,81,0.0,14.7,31,1004.9,100,57.7,60.8,423.0,18.0,86.0,15.8
2026-04-04 06:00:00,2026,4,4,6,Bắc Ninh,Xã Tiên Du,21.1573477,106.0138026,168,Unhealthy,3,23.8,82,0.0,12.9,20,1005.7,100,56.6,59.5,486.0,20.3,83.0,16.6
2026-04-04 07:00:00,2026,4,4,7,Bắc Ninh,Xã Tiên Du,21.1573477,106.0138026,167,Unhealthy,3,24.6,82,0.0,15.6,37,1006.7,99,54.7,58.0,519.0,13.4,90.0,13.2
2026-04-04 08:00:00,2026,4,4,8,Bắc Ninh,Xã Tiên Du,21.1573477,106.0138026,167,Unhealthy,3,25.6,78,0.0,13.8,39,1007.8,100,43.7,46.0,491.0,11.7,96.0,13.3
2026-04-04 09:00:00,2026,4,4,9,Bắc Ninh,Xã Tiên Du,21.1573477,106.0138026,166,Unhealthy,3,26.4,73,0.0,16.8,48,1008.2,93,41.3,43.8,433.0,9.3,104.0,13.5
2026-04-04 10:00:00,2026,4,4,10,Bắc Ninh,Xã Tiên Du,21.1573477,106.0138026,165,Unhealthy,3,27.8,66,0.0,14.9,53,1008.0,16,42.0,44.7,388.0,7.3,117.0,14.1
2026-04-04 11:00:00,2026,4,4,11,Bắc Ninh,Xã Tiên Du,21.1573477,106.0138026,164,Unhealthy,3,29.1,60,0.0,11.6,60,1007.3,2,43.7,46.6,372.0,6.1,137.0,15.5
2026-04-04 12:00:00,2026,4,4,12,Bắc Ninh,Xã Tiên Du,21.1573477,106.0138026,163,Unhealthy,3,30.4,57,0.0,6.6,64,1006.1,66,47.4,50.9,370.0,5.4,160.0,17.4
2026-04-04 13:00:00,2026,4,4,13,Bắc Ninh,Xã Tiên Du,21.1573477,106.0138026,162,Unhealthy,3,30.6,55,0.0,2.1,38,1004.6,100,52.6,56.6,375.0,5.2,179.0,18.6
2026-04-04 14:00:00,2026,4,4,14,Bắc Ninh,Xã Tiên Du,21.1573477,106.0138026,161,Unhealthy,3,31.0,54,0.0,3.4,177,1003.4,78,59.4,64.3,386.0,4.7,192.0,18.2
2026-04-04 15:00:00,2026,4,4,15,Bắc Ninh,Xã Tiên Du,21.1573477,106.0138026,160,Unhealthy,3,30.6,58,0.0,10.4,171,1002.8,29,67.1,73.3,405.0,4.8,201.0,17.1
2026-04-04 16:00:00,2026,4,4,16,Bắc Ninh,Xã Tiên Du,21.1573477,106.0138026,159,Unhealthy,3,29.8,63,0.0,15.5,160,1002.3,14,75.9,82.9,432.0,8.2,198.0,17.4
2026-04-04 17:00:00,2026,4,4,17,Bắc Ninh,Xã Tiên Du,21.1573477,106.0138026,159,Unhealthy,3,29.8,63,0.0,14.3,165,1002.2,5,86.8,93.4,474.0,18.5,175.0,20.5
2026-04-04 18:00:00,2026,4,4,18,Bắc Ninh,Xã Tiên Du,21.1573477,106.0138026,158,Unhealthy,3,28.1,71,0.0,14.9,153,1002.4,5,101.3,106.9,524.0,32.2,141.0,24.8
2026-04-04 19:00:00,2026,4,4,19,Bắc Ninh,Xã Tiên Du,21.1573477,106.0138026,158,Unhealthy,3,26.0,79,0.0,11.4,155,1003.4,2,106.6,111.1,558.0,41.0,109.0,28.1
2026-04-04 20:00:00,2026,4,4,20,Bắc Ninh,Xã Tiên Du,21.1573477,106.0138026,157,Unhealthy,3,25.5,80,0.0,13.4,133,1003.9,7,97.8,100.8,564.0,39.8,97.0,27.9
2026-04-04 21:00:00,2026,4,4,21,Bắc Ninh,Xã Tiên Du,21.1573477,106.0138026,156,Unhealthy,3,24.9,82,0.0,12.4,138,1004.5,10,82.4,84.8,555.0,38.2,81.0,27.7
2026-04-04 22:00:00,2026,4,4,22,Bắc Ninh,Xã Tiên Du,21.1573477,106.0138026,155,Unhealthy,3,24.2,84,0.0,11.5,141,1004.8,78,72.2,74.0,544.0,36.8,68.0,27.0
2026-04-04 23:00:00,2026,4,4,23,Bắc Ninh,Xã Tiên Du,21.1573477,106.0138026,154,Unhealthy,3,23.6,87,0.0,10.3,140,1004.6,91,68.0,70.1,534.0,36.1,62.0,25.6
2026-04-05 00:00:00,2026,4,5,0,Bắc Ninh,Xã Tiên Du,21.1573477,106.0138026,154,Unhealthy,3,23.1,90,0.0,9.8,133,1004.1,89,66.1,68.5,522.0,35.6,60.0,23.9
2026-04-05 01:00:00,2026,4,5,1,Bắc Ninh,Xã Tiên Du,21.1573477,106.0138026,154,Unhealthy,3,23.0,92,0.0,9.4,138,1003.7,99,66.4,68.9,510.0,35.0,58.0,22.3
2026-04-05 02:00:00,2026,4,5,2,Bắc Ninh,Xã Tiên Du,21.1573477,106.0138026,155,Unhealthy,3,23.0,93,0.0,9.3,130,1003.3,97,67.5,70.1,496.0,33.9,56.0,21.0
2026-04-05 03:00:00,2026,4,5,3,Bắc Ninh,Xã Tiên Du,21.1573477,106.0138026,155,Unhealthy,3,22.8,94,0.0,9.4,132,1002.7,98,69.6,72.4,483.0,32.7,56.0,20.0
2026-04-05 04:00:00,2026,4,5,4,Bắc Ninh,Xã Tiên Du,21.1573477,106.0138026,155,Unhealthy,3,22.6,96,0.0,8.0,124,1002.7,100,72.4,75.2,477.0,31.9,56.0,19.6
2026-04-05 05:00:00,2026,4,5,5,Bắc Ninh,Xã Tiên Du,21.1573477,106.0138026,156,Unhealthy,3,22.9,95,0.0,8.7,122,1003.3,100,74.7,77.8,486.0,32.2,56.0,20.2
2026-04-05 06:00:00,2026,4,5,6,Bắc Ninh,Xã Tiên Du,21.1573477,106.0138026,156,Unhealthy,3,23.2,94,0.0,10.1,129,1003.7,100,77.8,81.0,503.0,33.0,56.0,21.5
2026-04-05 07:00:00,2026,4,5,7,Bắc Ninh,Xã Tiên Du,21.1573477,106.0138026,157,Unhealthy,3,23.9,90,0.0,11.5,130,1004.5,100,66.6,69.2,516.0,33.2,57.0,22.4
2026-04-05 08:00:00,2026,4,5,8,Bắc Ninh,Xã Tiên Du,21.1573477,106.0138026,157,Unhealthy,3,25.0,86,0.0,12.9,150,1005.0,100,72.6,77.1,518.0,31.4,66.0,22.5
2026-04-05 09:00:00,2026,4,5,9,Bắc Ninh,Xã Tiên Du,21.1573477,106.0138026,158,Unhealthy,3,26.0,82,0.0,14.4,178,1005.1,100,81.7,86.8,515.0,28.8,81.0,22.7
2026-04-05 10:00:00,2026,4,5,10,Bắc Ninh,Xã Tiên Du,21.1573477,106.0138026,158,Unhealthy,3,27.2,78,0.0,13.9,186,1004.8,100,92.0,97.3,515.0,25.5,104.0,23.4
2026-04-05 11:00:00,2026,4,5,11,Bắc Ninh,Xã Tiên Du,21.1573477,106.0138026,160,Unhealthy,3,29.2,70,0.0,13.7,182,1004.0,100,100.8,106.6,521.0,20.8,143.0,24.8
2026-04-05 12:00:00,2026,4,5,12,Bắc Ninh,Xã Tiên Du,21.1573477,106.0138026,161,Unhealthy,3,30.9,66,0.0,12.9,171,1002.4,12,108.3,114.8,529.0,15.3,190.0,26.5
2026-04-05 13:00:00,2026,4,5,13,Bắc Ninh,Xã Tiên Du,21.1573477,106.0138026,162,Unhealthy,3,31.2,63,0.0,12.6,163,1001.6,16,112.7,119.2,535.0,11.7,227.0,28.4
2026-04-05 14:00:00,2026,4,5,14,Bắc Ninh,Xã Tiên Du,21.1573477,106.0138026,163,Unhealthy,3,32.3,60,0.0,14.1,173,1000.3,16,116.2,122.5,537.0,10.6,248.0,30.4
2026-04-05 15:00:00,2026,4,5,15,Bắc Ninh,Xã Tiên Du,21.1573477,106.0138026,165,Unhealthy,3,32.3,61,0.0,16.4,168,999.5,14,115.7,121.5,537.0,11.4,258.0,32.4
2026-04-05 16:00:00,2026,4,5,16,Bắc Ninh,Xã Tiên Du,21.1573477,106.0138026,166,Unhealthy,3,32.1,64,0.0,18.5,155,998.6,32,111.3,115.9,541.0,14.0,253.0,33.9
2026-04-05 17:00:00,2026,4,5,17,Bắc Ninh,Xã Tiên Du,21.1573477,106.0138026,177,Unhealthy,3,31.2,69,0.0,17.6,146,998.6,18,106.4,109.2,552.0,19.9,222.0,34.5
2026-04-05 18:00:00,2026,4,5,18,Bắc Ninh,Xã Tiên Du,21.1573477,106.0138026,200,Unhealthy,3,29.8,75,0.0,17.9,140,998.6,2,99.0,100.8,565.0,27.8,175.0,34.5
2026-04-05 19:00:00,2026,4,5,19,Bắc Ninh,Xã Tiên Du,21.1573477,106.0138026,205,Very Unhealthy,4,28.3,85,0.0,17.0,138,999.3,16,144.8,148.5,575.0,46.8,125.0,39.2
2026-04-05 20:00:00,2026,4,5,20,Bắc Ninh,Xã Tiên Du,21.1573477,106.0138026,203,Very Unhealthy,4,27.4,85,0.0,16.9,140,1000.0,0,131.8,134.6,575.0,43.0,113.0,35.7
2026-04-05 21:00:00,2026,4,5,21,Bắc Ninh,Xã Tiên Du,21.1573477,106.0138026,196,Unhealthy,3,26.7,86,0.0,13.8,133,1000.9,11,113.6,115.9,571.0,37.7,96.0,30.8
2026-04-05 22:00:00,2026,4,5,22,Bắc Ninh,Xã Tiên Du,21.1573477,106.0138026,175,Unhealthy,3,26.1,87,0.0,9.8,110,1001.8,19,100.1,102.4,573.0,33.5,83.0,26.4
2026-04-05 23:00:00,2026,4,5,23,Bắc Ninh,Xã Tiên Du,21.1573477,106.0138026,170,Unhealthy,3,25.6,89,0.0,10.2,103,1001.8,16,92.0,94.1,590.0,31.3,79.0,22.9
2026-04-06 00:00:00,2026,4,6,0,Bắc Ninh,Xã Tiên Du,21.1573477,106.0138026,170,Unhealthy,3,25.6,88,0.0,11.8,123,1001.2,9,87.5,89.6,614.0,30.2,79.0,19.9
2026-04-06 01:00:00,2026,4,6,1,Bắc Ninh,Xã Tiên Du,21.1573477,106.0138026,171,Unhealthy,3,25.3,93,0.0,11.3,117,1001.4,38,87.3,89.6,631.0,29.6,78.0,17.7
2026-04-06 02:00:00,2026,4,6,2,Bắc Ninh,Xã Tiên Du,21.1573477,106.0138026,171,Unhealthy,3,25.1,93,0.0,7.5,110,1001.1,13,88.7,91.3,627.0,29.3,72.0,16.4
2026-04-06 03:00:00,2026,4,6,3,Bắc Ninh,Xã Tiên Du,21.1573477,106.0138026,172,Unhealthy,3,24.8,94,0.0,6.2,105,1001.1,43,91.3,94.1,616.0,29.5,64.0,15.9
2026-04-06 04:00:00,2026,4,6,4,Bắc Ninh,Xã Tiên Du,21.1573477,106.0138026,172,Unhealthy,3,24.6,94,0.0,6.5,120,1001.4,8,93.1,96.2,632.0,30.4,57.0,16.2
2026-04-06 05:00:00,2026,4,6,5,Bắc Ninh,Xã Tiên Du,21.1573477,106.0138026,173,Unhealthy,3,24.4,94,0.0,5.5,126,1002.0,14,93.4,96.6,702.0,33.0,46.0,17.2
2026-04-06 06:00:00,2026,4,6,6,Bắc Ninh,Xã Tiên Du,21.1573477,106.0138026,173,Unhealthy,3,24.2,93,0.0,5.4,127,1002.4,82,95.7,99.0,797.0,36.4,35.0,19.0
2026-04-06 07:00:00,2026,4,6,7,Bắc Ninh,Xã Tiên Du,21.1573477,106.0138026,173,Unhealthy,3,26.1,88,0.0,9.7,114,1002.7,96,118.0,121.1,871.0,33.5,43.0,19.1
2026-04-06 08:00:00,2026,4,6,8,Bắc Ninh,Xã Tiên Du,21.1573477,106.0138026,175,Unhealthy,3,28.1,80,0.0,7.1,170,1003.4,90,113.9,117.6,893.0,32.6,68.0,24.3
2026-04-06 09:00:00,2026,4,6,9,Bắc Ninh,Xã Tiên Du,21.1573477,106.0138026,176,Unhealthy,3,29.7,76,0.0,6.1,212,1003.9,95,122.5,128.1,892.0,31.2,105.0,31.6
2026-04-06 10:00:00,2026,4,6,10,Bắc Ninh,Xã Tiên Du,21.1573477,106.0138026,176,Unhealthy,3,31.2,74,0.0,4.6,257,1003.7,50,139.2,146.7,908.0,28.5,154.0,37.5
2026-04-06 11:00:00,2026,4,6,11,Bắc Ninh,Xã Tiên Du,21.1573477,106.0138026,177,Unhealthy,3,32.8,70,0.0,2.9,240,1003.2,6,155.5,164.4,981.0,23.0,227.0,40.9
2026-04-06 12:00:00,2026,4,6,12,Bắc Ninh,Xã Tiên Du,21.1573477,106.0138026,179,Unhealthy,3,34.4,65,0.0,4.9,180,1002.2,2,165.8,176.0,1071.0,16.2,311.0,43.0
2026-04-06 13:00:00,2026,4,6,13,Bắc Ninh,Xã Tiên Du,21.1573477,106.0138026,180,Unhealthy,3,35.4,63,0.0,6.1,157,1001.2,9,164.8,177.4,1091.0,11.7,370.0,43.7
2026-04-06 14:00:00,2026,4,6,14,Bắc Ninh,Xã Tiên Du,21.1573477,106.0138026,193,Unhealthy,3,36.5,60,0.0,10.5,158,1000.2,8,162.1,175.1,965.0,10.7,391.0,42.3
2026-04-06 15:00:00,2026,4,6,15,Bắc Ninh,Xã Tiên Du,21.1573477,106.0138026,202,Very Unhealthy,4,38.1,42,0.0,9.3,167,999.2,13,160.7,173.2,769.0,12.1,386.0,39.6
2026-04-06 16:00:00,2026,4,6,16,Bắc Ninh,Xã Tiên Du,21.1573477,106.0138026,225,Very Unhealthy,4,37.2,48,0.0,9.7,161,998.7,3,153.2,163.9,649.0,16.1,359.0,37.8
2026-04-06 17:00:00,2026,4,6,17,Bắc Ninh,Xã Tiên Du,21.1573477,106.0138026,244,Very Unhealthy,4,34.8,56,0.0,13.0,169,998.6,18,146.7,154.1,695.0,24.6,298.0,37.9
2026-04-06 18:00:00,2026,4,6,18,Bắc Ninh,Xã Tiên Du,21.1573477,106.0138026,257,Very Unhealthy,4,33.5,49,0.0,18.0,187,999.0,1,138.8,144.8,817.0,35.8,214.0,38.8
2026-04-06 19:00:00,2026,4,6,19,Bắc Ninh,Xã Tiên Du,21.1573477,106.0138026,261,Very Unhealthy,4,32.0,66,0.0,12.3,151,999.4,3,133.2,140.6,886.0,42.5,149.0,45.1
2026-04-06 20:00:00,2026,4,6,20,Bắc Ninh,Xã Tiên Du,21.1573477,106.0138026,256,Very Unhealthy,4,30.3,78,0.0,8.3,146,1000.2,1,115.9,122.9,836.0,43.3,123.0,43.8
2026-04-06 21:00:00,2026,4,6,21,Bắc Ninh,Xã Tiên Du,21.1573477,106.0138026,243,Very Unhealthy,4,29.5,79,0.0,8.4,143,1001.2,25,107.3,115.0,734.0,44.3,87.0,41.9
2026-04-06 22:00:00,2026,4,6,22,Bắc Ninh,Xã Tiên Du,21.1573477,106.0138026,224,Very Unhealthy,4,29.0,73,0.0,7.8,151,1001.5,17,106.9,115.0,652.0,44.5,60.0,39.5
2026-04-06 23:00:00,2026,4,6,23,Bắc Ninh,Xã Tiên Du,21.1573477,106.0138026,202,Very Unhealthy,4,28.8,66,0.0,8.8,165,1001.4,0,108.0,116.9,619.0,43.3,51.0,36.1
2026-04-07 00:00:00,2026,4,7,0,Bắc Ninh,Xã Tiên Du,21.1573477,106.0138026,185,Unhealthy,3,28.8,62,0.0,10.4,181,1000.9,7,108.3,117.8,606.0,41.4,51.0,32.1
2026-04-07 01:00:00,2026,4,7,1,Bắc Ninh,Xã Tiên Du,21.1573477,106.0138026,186,Unhealthy,3,28.0,71,0.0,7.2,179,1000.7,2,109.7,120.1,595.0,39.5,52.0,28.9
2026-04-07 02:00:00,2026,4,7,2,Bắc Ninh,Xã Tiên Du,21.1573477,106.0138026,186,Unhealthy,3,27.7,71,0.0,4.8,160,1000.4,0,111.1,121.5,566.0,37.5,52.0,26.8
2026-04-07 03:00:00,2026,4,7,3,Bắc Ninh,Xã Tiên Du,21.1573477,106.0138026,187,Unhealthy,3,27.4,71,0.0,3.5,145,1000.3,0,112.0,122.9,538.0,35.6,52.0,25.4
2026-04-07 04:00:00,2026,4,7,4,Bắc Ninh,Xã Tiên Du,21.1573477,106.0138026,187,Unhealthy,3,27.2,71,0.0,1.9,124,1000.9,16,112.9,123.4,552.0,34.9,52.0,25.1
2026-04-07 05:00:00,2026,4,7,5,Bắc Ninh,Xã Tiên Du,21.1573477,106.0138026,188,Unhealthy,3,26.3,74,0.0,2.9,97,1001.7,0,113.2,122.9,654.0,37.0,45.0,26.2
2026-04-07 06:00:00,2026,4,7,6,Bắc Ninh,Xã Tiên Du,21.1573477,106.0138026,188,Unhealthy,3,25.5,79,0.0,5.3,108,1002.3,0,112.5,121.5,798.0,40.5,38.0,28.4
2026-04-07 07:00:00,2026,4,7,7,Bắc Ninh,Xã Tiên Du,21.1573477,106.0138026,189,Unhealthy,3,26.7,77,0.0,7.2,93,1003.5,0,138.3,150.4,890.0,41.7,49.0,31.3
2026-04-07 08:00:00,2026,4,7,8,Bắc Ninh,Xã Tiên Du,21.1573477,106.0138026,189,Unhealthy,3,28.6,73,0.0,4.8,53,1004.4,0,139.7,149.0,876.0,39.7,79.0,32.8
2026-04-07 09:00:00,2026,4,7,9,Bắc Ninh,Xã Tiên Du,21.1573477,106.0138026,190,Unhealthy,3,30.4,67,0.0,4.4,78,1004.7,0,140.2,150.9,811.0,36.6,124.0,34.8
2026-04-07 10:00:00,2026,4,7,10,Bắc Ninh,Xã Tiên Du,21.1573477,106.0138026,190,Unhealthy,3,32.2,63,0.0,2.5,94,1004.7,0,145.3,158.3,757.0,32.3,176.0,36.3
2026-04-07 11:00:00,2026,4,7,11,Bắc Ninh,Xã Tiên Du,21.1573477,106.0138026,190,Unhealthy,3,34.0,58,0.0,0.7,104,1004.3,0,152.7,168.1,741.0,25.3,246.0,37.1
2026-04-07 12:00:00,2026,4,7,12,Bắc Ninh,Xã Tiên Du,21.1573477,106.0138026,190,Unhealthy,3,35.4,52,0.0,1.8,135,1003.6,2,154.6,171.8,737.0,17.2,323.0,37.4
2026-04-07 13:00:00,2026,4,7,13,Bắc Ninh,Xã Tiên Du,21.1573477,106.0138026,190,Unhealthy,3,36.0,50,0.0,3.0,115,1002.6,27,151.3,169.0,734.0,12.4,370.0,36.9
2026-04-07 14:00:00,2026,4,7,14,Bắc Ninh,Xã Tiên Du,21.1573477,106.0138026,190,Unhealthy,3,36.6,50,0.0,6.8,143,1001.7,16,146.2,163.9,724.0,13.0,364.0,34.7
2026-04-07 15:00:00,2026,4,7,15,Bắc Ninh,Xã Tiên Du,21.1573477,106.0138026,206,Very Unhealthy,4,36.8,51,0.0,10.1,164,1000.9,14,140.2,157.4,716.0,16.9,328.0,31.7
2026-04-07 16:00:00,2026,4,7,16,Bắc Ninh,Xã Tiên Du,21.1573477,106.0138026,224,Very Unhealthy,4,36.9,48,0.0,8.9,167,1000.4,25,143.0,157.4,725.0,22.2,286.0,30.5
2026-04-07 17:00:00,2026,4,7,17,Bắc Ninh,Xã Tiên Du,21.1573477,106.0138026,238,Very Unhealthy,4,35.3,55,0.0,8.3,147,1000.6,49,148.5,160.7,775.0,29.8,244.0,32.9
2026-04-07 18:00:00,2026,4,7,18,Bắc Ninh,Xã Tiên Du,21.1573477,106.0138026,246,Very Unhealthy,4,33.2,59,0.0,10.1,151,1001.0,57,148.5,157.9,841.0,38.8,198.0,37.0
2026-04-07 19:00:00,2026,4,7,19,Bắc Ninh,Xã Tiên Du,21.1573477,106.0138026,248,Very Unhealthy,4,30.6,67,0.0,12.1,233,1002.7,88,135.0,140.6,868.0,41.6,180.0,39.0
2026-04-07 20:00:00,2026,4,7,20,Bắc Ninh,Xã Tiên Du,21.1573477,106.0138026,243,Very Unhealthy,4,30.4,68,0.0,13.8,173,1002.2,23,124.8,128.1,821.0,40.6,158.0,38.5
2026-04-07 21:00:00,2026,4,7,21,Bắc Ninh,Xã Tiên Du,21.1573477,106.0138026,232,Very Unhealthy,4,29.1,79,0.0,12.1,133,1003.0,42,112.0,114.1,734.0,39.1,128.0,37.6
2026-04-07 22:00:00,2026,4,7,22,Bắc Ninh,Xã Tiên Du,21.1573477,106.0138026,216,Very Unhealthy,4,28.6,84,0.0,11.7,136,1003.6,36,101.5,102.9,655.0,38.2,102.0,35.9
2026-04-07 23:00:00,2026,4,7,23,Bắc Ninh,Xã Tiên Du,21.1573477,106.0138026,196,Unhealthy,3,28.5,84,0.0,13.1,147,1003.6,34,93.6,95.2,598.0,38.5,86.0,32.7
2026-04-08 00:00:00,2026,4,8,0,Bắc Ninh,Xã Tiên Du,21.1573477,106.0138026,189,Unhealthy,3,28.2,77,0.0,14.1,146,1003.7,33,88.2,89.9,549.0,39.2,73.0,28.7
2026-04-08 01:00:00,2026,4,8,1,Bắc Ninh,Xã Tiên Du,21.1573477,106.0138026,188,Unhealthy,3,27.8,79,0.0,13.8,145,1002.9,90,84.5,86.1,511.0,39.2,64.0,25.2
2026-04-08 02:00:00,2026,4,8,2,Bắc Ninh,Xã Tiên Du,21.1573477,106.0138026,188,Unhealthy,3,27.8,76,0.0,15.0,141,1002.5,20,79.9,81.7,481.0,37.7,57.0,22.5
2026-04-08 03:00:00,2026,4,8,3,Bắc Ninh,Xã Tiên Du,21.1573477,106.0138026,187,Unhealthy,3,27.3,76,0.0,13.8,140,1002.3,46,75.9,77.5,462.0,35.5,52.0,20.3
2026-04-08 04:00:00,2026,4,8,4,Bắc Ninh,Xã Tiên Du,21.1573477,106.0138026,186,Unhealthy,3,27.0,78,0.0,13.5,113,1002.7,29,72.4,74.3,462.0,33.6,49.0,18.9
2026-04-08 05:00:00,2026,4,8,5,Bắc Ninh,Xã Tiên Du,21.1573477,106.0138026,185,Unhealthy,3,26.3,82,0.0,7.7,144,1003.6,43,69.8,71.9,497.0,32.8,43.0,18.6
2026-04-08 06:00:00,2026,4,8,6,Bắc Ninh,Xã Tiên Du,21.1573477,106.0138026,184,Unhealthy,3,25.8,86,0.0,8.3,150,1004.3,30,67.8,69.8,552.0,32.4,38.0,19.1
2026-04-08 07:00:00,2026,4,8,7,Bắc Ninh,Xã Tiên Du,21.1573477,106.0138026,183,Unhealthy,3,26.5,84,0.0,9.4,119,1005.6,27,66.4,68.7,586.0,29.7,53.0,19.4
2026-04-08 08:00:00,2026,4,8,8,Bắc Ninh,Xã Tiên Du,21.1573477,106.0138026,182,Unhealthy,3,28.0,79,0.0,12.3,130,1006.2,18,68.0,70.1,579.0,27.6,80.0,20.9
2026-04-08 09:00:00,2026,4,8,9,Bắc Ninh,Xã Tiên Du,21.1573477,106.0138026,180,Unhealthy,3,29.6,74,0.0,12.3,141,1006.6,31,65.9,68.9,553.0,24.5,120.0,23.0
2026-04-08 10:00:00,2026,4,8,10,Bắc Ninh,Xã Tiên Du,21.1573477,106.0138026,179,Unhealthy,3,31.4,70,0.0,9.4,144,1006.6,2,68.9,72.4,531.0,21.1,162.0,24.7
2026-04-08 11:00:00,2026,4,8,11,Bắc Ninh,Xã Tiên Du,21.1573477,106.0138026,177,Unhealthy,3,33.1,65,0.0,10.7,147,1006.2,43,74.3,78.0,524.0,16.8,210.0,25.7
2026-04-08 12:00:00,2026,4,8,12,Bắc Ninh,Xã Tiên Du,21.1573477,106.0138026,175,Unhealthy,3,34.2,61,0.0,13.4,151,1005.1,14,75.9,80.3,522.0,12.2,261.0,26.2
2026-04-08 13:00:00,2026,4,8,13,Bắc Ninh,Xã Tiên Du,21.1573477,106.0138026,173,Unhealthy,3,34.2,62,0.0,15.0,150,1004.1,45,77.8,82.2,517.0,9.5,293.0,26.6
2026-04-08 14:00:00,2026,4,8,14,Bắc Ninh,Xã Tiên Du,21.1573477,106.0138026,172,Unhealthy,3,34.8,60,0.0,16.2,151,1003.0,44,77.1,81.0,505.0,9.5,295.0,26.8
2026-04-08 15:00:00,2026,4,8,15,Bắc Ninh,Xã Tiên Du,21.1573477,106.0138026,173,Unhealthy,3,34.8,60,0.0,15.5,152,1002.2,32,73.3,76.1,492.0,11.3,278.0,26.7
2026-04-08 16:00:00,2026,4,8,16,Bắc Ninh,Xã Tiên Du,21.1573477,106.0138026,204,Very Unhealthy,4,34.0,62,0.0,17.8,147,1001.8,14,68.0,69.6,483.0,14.5,251.0,26.6
2026-04-08 17:00:00,2026,4,8,17,Bắc Ninh,Xã Tiên Du,21.1573477,106.0138026,215,Very Unhealthy,4,32.5,65,0.0,18.8,140,1001.8,7,62.2,63.3,487.0,20.0,212.0,26.6
2026-04-08 18:00:00,2026,4,8,18,Bắc Ninh,Xã Tiên Du,21.1573477,106.0138026,221,Very Unhealthy,4,30.9,68,0.0,17.8,137,1002.2,2,57.5,58.7,495.0,26.9,163.0,26.5
2026-04-08 19:00:00,2026,4,8,19,Bắc Ninh,Xã Tiên Du,21.1573477,106.0138026,221,Very Unhealthy,4,29.6,74,0.0,18.6,130,1002.4,17,66.1,67.5,495.0,32.6,133.0,27.2
2026-04-08 20:00:00,2026,4,8,20,Bắc Ninh,Xã Tiên Du,21.1573477,106.0138026,216,Very Unhealthy,4,28.4,78,0.0,16.4,135,1003.2,5,56.2,58.0,478.0,31.4,120.0,25.3
2026-04-08 21:00:00,2026,4,8,21,Bắc Ninh,Xã Tiên Du,21.1573477,106.0138026,207,Very Unhealthy,4,27.6,81,0.0,12.6,139,1004.4,18,49.0,51.0,451.0,29.6,103.0,22.6
2026-04-08 22:00:00,2026,4,8,22,Bắc Ninh,Xã Tiên Du,21.1573477,106.0138026,185,Unhealthy,3,27.0,83,0.0,11.1,120,1004.8,5,45.3,47.3,424.0,27.8,91.0,20.1
2026-04-08 23:00:00,2026,4,8,23,Bắc Ninh,Xã Tiên Du,21.1573477,106.0138026,158,Unhealthy,3,26.6,83,0.0,8.7,120,1005.0,1,42.1,44.0,400.0,26.1,89.0,18.1
2026-04-09 00:00:00,2026,4,9,0,Bắc Ninh,Xã Tiên Du,21.1573477,106.0138026,157,Unhealthy,3,26.4,82,0.0,8.6,126,1004.8,20,39.8,41.8,377.0,24.4,92.0,16.4
2026-04-09 01:00:00,2026,4,9,1,Bắc Ninh,Xã Tiên Du,21.1573477,106.0138026,156,Unhealthy,3,26.5,86,0.0,10.9,124,1004.4,52,39.3,41.3,352.0,22.9,94.0,15.1
2026-04-09 02:00:00,2026,4,9,2,Bắc Ninh,Xã Tiên Du,21.1573477,106.0138026,155,Unhealthy,3,26.7,84,0.0,15.3,142,1004.0,42,38.4,40.5,317.0,21.6,93.0,14.3
2026-04-09 03:00:00,2026,4,9,3,Bắc Ninh,Xã Tiên Du,21.1573477,106.0138026,154,Unhealthy,3,26.4,85,0.0,13.8,147,1003.9,2,36.1,38.1,280.0,20.5,91.0,14.0
2026-04-09 04:00:00,2026,4,9,4,Bắc Ninh,Xã Tiên Du,21.1573477,106.0138026,153,Unhealthy,3,25.9,87,0.0,12.8,142,1004.0,0,32.9,34.9,273.0,20.3,89.0,14.3
2026-04-09 05:00:00,2026,4,9,5,Bắc Ninh,Xã Tiên Du,21.1573477,106.0138026,152,Unhealthy,3,25.4,90,0.0,10.2,141,1004.8,0,31.8,34.3,320.0,21.8,83.0,15.2
2026-04-09 06:00:00,2026,4,9,6,Bắc Ninh,Xã Tiên Du,21.1573477,106.0138026,151,Unhealthy,3,24.9,93,0.0,5.9,137,1005.6,2,32.5,35.0,395.0,24.1,76.0,16.8
2026-04-09 07:00:00,2026,4,9,7,Bắc Ninh,Xã Tiên Du,21.1573477,106.0138026,150,Unhealthy for Sensitive Groups,2,26.4,89,0.0,7.7,90,1006.4,11,54.9,58.0,452.0,30.5,50.0,16.5
2026-04-09 08:00:00,2026,4,9,8,Bắc Ninh,Xã Tiên Du,21.1573477,106.0138026,150,Unhealthy for Sensitive Groups,2,28.0,83,0.0,8.5,118,1007.0,5,48.0,52.0,468.0,27.7,68.0,19.1
2026-04-09 09:00:00,2026,4,9,9,Bắc Ninh,Xã Tiên Du,21.1573477,106.0138026,148,Unhealthy for Sensitive Groups,2,29.8,75,0.0,11.5,179,1007.4,75,46.9,52.4,466.0,23.6,96.0,22.7
2026-04-09 10:00:00,2026,4,9,10,Bắc Ninh,Xã Tiên Du,21.1573477,106.0138026,146,Unhealthy for Sensitive Groups,2,31.2,70,0.0,8.3,186,1007.2,14,50.4,56.8,466.0,19.5,128.0,25.5
2026-04-09 11:00:00,2026,4,9,11,Bắc Ninh,Xã Tiên Du,21.1573477,106.0138026,144,Unhealthy for Sensitive Groups,2,32.3,68,0.0,8.1,167,1006.5,2,57.6,61.7,477.0,15.2,171.0,26.6
2026-04-09 12:00:00,2026,4,9,12,Bắc Ninh,Xã Tiên Du,21.1573477,106.0138026,142,Unhealthy for Sensitive Groups,2,33.2,66,0.0,8.8,168,1005.7,6,65.7,68.7,490.0,10.9,219.0,26.8
2026-04-09 13:00:00,2026,4,9,13,Bắc Ninh,Xã Tiên Du,21.1573477,106.0138026,141,Unhealthy for Sensitive Groups,2,33.2,65,0.0,6.6,171,1004.7,18,67.5,70.8,496.0,8.3,254.0,27.0
2026-04-09 14:00:00,2026,4,9,14,Bắc Ninh,Xã Tiên Du,21.1573477,106.0138026,140,Unhealthy for Sensitive Groups,2,33.8,62,0.0,8.5,179,1003.8,11,70.3,73.6,487.0,7.9,271.0,27.4
2026-04-09 15:00:00,2026,4,9,15,Bắc Ninh,Xã Tiên Du,21.1573477,106.0138026,140,Unhealthy for Sensitive Groups,2,34.0,59,0.0,8.6,169,1002.9,12,72.9,75.9,472.0,9.2,274.0,27.7
2026-04-09 16:00:00,2026,4,9,16,Bắc Ninh,Xã Tiên Du,21.1573477,106.0138026,174,Unhealthy,3,33.8,58,0.0,11.3,167,1002.3,24,74.5,77.3,467.0,12.3,264.0,28.0
2026-04-09 17:00:00,2026,4,9,17,Bắc Ninh,Xã Tiên Du,21.1573477,106.0138026,202,Very Unhealthy,4,33.0,68,0.0,12.7,149,1002.1,9,75.7,77.5,487.0,18.5,232.0,28.6
2026-04-09 18:00:00,2026,4,9,18,Bắc Ninh,Xã Tiên Du,21.1573477,106.0138026,211,Very Unhealthy,4,31.0,76,0.0,13.9,136,1002.4,10,72.6,74.0,518.0,26.5,186.0,29.1
2026-04-09 19:00:00,2026,4,9,19,Bắc Ninh,Xã Tiên Du,21.1573477,106.0138026,215,Very Unhealthy,4,29.2,86,0.0,19.3,145,1002.9,16,75.0,77.1,535.0,31.5,138.0,26.5
2026-04-09 20:00:00,2026,4,9,20,Bắc Ninh,Xã Tiên Du,21.1573477,106.0138026,213,Very Unhealthy,4,28.5,85,0.0,18.0,142,1003.5,4,65.4,67.3,526.0,33.1,119.0,26.1
2026-04-09 21:00:00,2026,4,9,21,Bắc Ninh,Xã Tiên Du,21.1573477,106.0138026,206,Very Unhealthy,4,27.9,82,0.0,18.1,151,1004.3,0,63.3,65.4,503.0,35.3,92.0,25.5
2026-04-09 22:00:00,2026,4,9,22,Bắc Ninh,Xã Tiên Du,21.1573477,106.0138026,189,Unhealthy,3,27.2,81,0.0,16.1,149,1004.9,0,60.1,62.9,477.0,36.3,72.0,24.3
2026-04-09 23:00:00,2026,4,9,23,Bắc Ninh,Xã Tiên Du,21.1573477,106.0138026,157,Unhealthy,3,26.5,84,0.0,12.2,139,1005.2,0,55.9,59.4,446.0,34.8,67.0,21.9
2026-04-10 00:00:00,2026,4,10,0,Bắc Ninh,Xã Tiên Du,21.1573477,106.0138026,150,Unhealthy for Sensitive Groups,2,25.8,86,0.0,10.9,123,1004.9,0,51.8,55.2,412.0,32.2,69.0,19.0
2026-04-10 01:00:00,2026,4,10,1,Bắc Ninh,Xã Tiên Du,21.1573477,106.0138026,150,Unhealthy for Sensitive Groups,2,26.0,90,0.0,12.5,129,1004.1,1,49.8,53.1,389.0,30.2,70.0,16.8
2026-04-10 02:00:00,2026,4,10,2,Bắc Ninh,Xã Tiên Du,21.1573477,106.0138026,150,Unhealthy for Sensitive Groups,2,25.8,90,0.0,13.9,141,1003.4,0,49.9,53.3,374.0,29.6,68.0,16.0
2026-04-10 03:00:00,2026,4,10,3,Bắc Ninh,Xã Tiên Du,21.1573477,106.0138026,151,Unhealthy,3,25.6,90,0.0,11.7,148,1003.1,0,52.0,55.6,369.0,29.7,66.0,15.9
2026-04-10 04:00:00,2026,4,10,4,Bắc Ninh,Xã Tiên Du,21.1573477,106.0138026,151,Unhealthy,3,25.1,92,0.0,8.1,141,1003.3,0,54.7,58.4,396.0,30.2,63.0,16.5
2026-04-10 05:00:00,2026,4,10,5,Bắc Ninh,Xã Tiên Du,21.1573477,106.0138026,151,Unhealthy,3,24.5,94,0.0,6.0,131,1003.9,0,56.1,59.8,490.0,31.5,55.0,17.5
2026-04-10 06:00:00,2026,4,10,6,Bắc Ninh,Xã Tiên Du,21.1573477,106.0138026,152,Unhealthy,3,24.5,94,0.0,9.1,131,1004.6,0,57.7,61.5,616.0,33.3,47.0,19.2
2026-04-10 07:00:00,2026,4,10,7,Bắc Ninh,Xã Tiên Du,21.1573477,106.0138026,153,Unhealthy,3,25.7,93,0.0,10.1,125,1005.1,0,77.1,80.8,692.0,35.6,47.0,22.1
2026-04-10 08:00:00,2026,4,10,8,Bắc Ninh,Xã Tiên Du,21.1573477,106.0138026,153,Unhealthy,3,27.6,86,0.0,9.9,134,1005.8,0,73.1,77.5,671.0,32.9,77.0,26.2
2026-04-10 09:00:00,2026,4,10,9,Bắc Ninh,Xã Tiên Du,21.1573477,106.0138026,154,Unhealthy,3,29.5,79,0.0,9.6,140,1006.2,0,77.3,81.7,601.0,29.0,120.0,31.8
2026-04-10 10:00:00,2026,4,10,10,Bắc Ninh,Xã Tiên Du,21.1573477,106.0138026,154,Unhealthy,3,31.1,73,0.0,8.7,142,1006.2,0,91.7,94.8,544.0,24.6,169.0,35.8
2026-04-10 11:00:00,2026,4,10,11,Bắc Ninh,Xã Tiên Du,21.1573477,106.0138026,155,Unhealthy,3,32.7,69,0.0,8.5,144,1005.5,0,103.1,106.2,524.0,19.2,231.0,36.6
2026-04-10 12:00:00,2026,4,10,12,Bắc Ninh,Xã Tiên Du,21.1573477,106.0138026,156,Unhealthy,3,34.0,63,0.0,9.5,143,1004.5,0,104.5,108.0,517.0,13.3,299.0,35.6
2026-04-10 13:00:00,2026,4,10,13,Bắc Ninh,Xã Tiên Du,21.1573477,106.0138026,164,Unhealthy,3,34.3,57,0.0,9.0,142,1003.5,3,106.4,109.9,513.0,9.5,346.0,34.5
2026-04-10 14:00:00,2026,4,10,14,Bắc Ninh,Xã Tiên Du,21.1573477,106.0138026,175,Unhealthy,3,35.0,56,0.0,11.1,141,1002.2,15,107.3,110.6,502.0,8.9,363.0,33.6
2026-04-10 15:00:00,2026,4,10,15,Bắc Ninh,Xã Tiên Du,21.1573477,106.0138026,200,Unhealthy,3,35.1,60,0.0,12.9,131,1001.3,27,104.5,107.6,493.0,10.4,359.0,32.5
2026-04-10 16:00:00,2026,4,10,16,Bắc Ninh,Xã Tiên Du,21.1573477,106.0138026,221,Very Unhealthy,4,34.4,64,0.0,14.7,130,1000.5,9,100.6,102.9,505.0,13.3,337.0,31.2
2026-04-10 17:00:00,2026,4,10,17,Bắc Ninh,Xã Tiên Du,21.1573477,106.0138026,239,Very Unhealthy,4,32.9,67,0.0,15.0,120,1000.2,1,97.8,99.4,561.0,18.3,287.0,29.6
2026-04-10 18:00:00,2026,4,10,18,Bắc Ninh,Xã Tiên Du,21.1573477,106.0138026,250,Very Unhealthy,4,30.9,72,0.0,8.6,100,1000.8,5,86.6,87.5,637.0,24.7,219.0,27.8
2026-04-10 19:00:00,2026,4,10,19,Bắc Ninh,Xã Tiên Du,21.1573477,106.0138026,253,Very Unhealthy,4,29.9,79,0.0,12.1,70,1001.9,19,120.1,122.0,679.0,33.5,193.0,33.2
2026-04-10 20:00:00,2026,4,10,20,Bắc Ninh,Xã Tiên Du,21.1573477,106.0138026,251,Very Unhealthy,4,28.5,80,0.0,12.5,85,1002.3,0,99.0,100.4,653.0,31.8,168.0,29.6
2026-04-10 21:00:00,2026,4,10,21,Bắc Ninh,Xã Tiên Du,21.1573477,106.0138026,242,Very Unhealthy,4,27.4,81,0.0,11.9,84,1002.8,1,82.9,84.1,594.0,29.6,134.0,24.7
2026-04-10 22:00:00,2026,4,10,22,Bắc Ninh,Xã Tiên Du,21.1573477,106.0138026,228,Very Unhealthy,4,26.7,81,0.0,12.6,93,1003.2,5,69.4,70.5,549.0,28.4,106.0,20.5
2026-04-10 23:00:00,2026,4,10,23,Bắc Ninh,Xã Tiên Du,21.1573477,106.0138026,211,Very Unhealthy,4,26.5,79,0.0,12.6,117,1002.8,2,62.2,63.6,543.0,29.4,91.0,17.9
2026-04-11 00:00:00,2026,4,11,0,Bắc Ninh,Xã Tiên Du,21.1573477,106.0138026,182,Unhealthy,3,26.5,73,0.0,9.9,142,1002.5,5,62.4,64.5,551.0,31.5,83.0,16.2
2026-04-11 01:00:00,2026,4,11,1,Bắc Ninh,Xã Tiên Du,21.1573477,106.0138026,163,Unhealthy,3,26.0,82,0.0,5.2,124,1002.5,0,68.0,71.2,553.0,33.2,76.0,14.8
2026-04-11 02:00:00,2026,4,11,2,Bắc Ninh,Xã Tiên Du,21.1573477,106.0138026,164,Unhealthy,3,25.4,85,0.0,4.0,93,1002.0,0,72.6,76.1,522.0,33.8,67.0,13.6
2026-04-11 03:00:00,2026,4,11,3,Bắc Ninh,Xã Tiên Du,21.1573477,106.0138026,164,Unhealthy,3,24.8,88,0.0,4.4,81,1001.9,0,73.6,77.3,484.0,34.0,60.0,12.8
2026-04-11 04:00:00,2026,4,11,4,Bắc Ninh,Xã Tiên Du,21.1573477,106.0138026,165,Unhealthy,3,24.5,88,0.0,7.7,120,1002.3,0,72.4,76.4,493.0,34.1,54.0,12.8
2026-04-11 05:00:00,2026,4,11,5,Bắc Ninh,Xã Tiên Du,21.1573477,106.0138026,165,Unhealthy,3,24.1,86,0.0,7.9,137,1002.7,0,71.9,75.9,601.0,34.7,46.0,13.9
2026-04-11 06:00:00,2026,4,11,6,Bắc Ninh,Xã Tiên Du,21.1573477,106.0138026,166,Unhealthy,3,23.9,84,0.0,7.0,151,1003.4,0,72.9,76.6,756.0,35.2,40.0,15.8
2026-04-11 07:00:00,2026,4,11,7,Bắc Ninh,Xã Tiên Du,21.1573477,106.0138026,166,Unhealthy,3,25.6,85,0.0,8.0,162,1003.9,0,77.1,80.6,853.0,36.3,47.0,19.8
2026-04-11 08:00:00,2026,4,11,8,Bắc Ninh,Xã Tiên Du,21.1573477,106.0138026,166,Unhealthy,3,27.8,77,0.0,4.2,155,1004.5,3,74.7,78.5,834.0,33.6,82.0,24.5
2026-04-11 09:00:00,2026,4,11,9,Bắc Ninh,Xã Tiên Du,21.1573477,106.0138026,166,Unhealthy,3,29.8,70,0.0,2.1,165,1004.7,2,76.8,80.3,757.0,29.7,133.0,30.9
2026-04-11 10:00:00,2026,4,11,10,Bắc Ninh,Xã Tiên Du,21.1573477,106.0138026,166,Unhealthy,3,31.7,65,0.0,2.0,135,1004.5,1,88.5,90.6,686.0,25.5,187.0,35.9
2026-04-11 11:00:00,2026,4,11,11,Bắc Ninh,Xã Tiên Du,21.1573477,106.0138026,166,Unhealthy,3,33.2,62,0.0,2.7,122,1003.7,0,100.6,102.4,639.0,20.5,252.0,38.2
2026-04-11 12:00:00,2026,4,11,12,Bắc Ninh,Xã Tiên Du,21.1573477,106.0138026,166,Unhealthy,3,34.4,56,0.0,5.9,128,1002.5,18,104.1,106.2,598.0,15.0,320.0,39.0
2026-04-11 13:00:00,2026,4,11,13,Bắc Ninh,Xã Tiên Du,21.1573477,106.0138026,175,Unhealthy,3,35.2,55,0.0,6.0,147,1001.1,14,102.9,105.2,570.0,11.4,362.0,38.5
2026-04-11 14:00:00,2026,4,11,14,Bắc Ninh,Xã Tiên Du,21.1573477,106.0138026,174,Unhealthy,3,35.8,55,0.0,9.0,164,999.8,39,101.5,104.5,556.0,9.7,361.0,35.7
2026-04-11 15:00:00,2026,4,11,15,Bắc Ninh,Xã Tiên Du,21.1573477,106.0138026,207,Very Unhealthy,4,35.3,56,0.0,9.5,144,998.9,51,91.5,95.5,555.0,9.8,332.0,31.6
2026-04-11 16:00:00,2026,4,11,16,Bắc Ninh,Xã Tiên Du,21.1573477,106.0138026,226,Very Unhealthy,4,35.0,57,0.0,13.4,110,998.0,24,84.1,88.7,571.0,13.2,295.0,29.0
2026-04-11 17:00:00,2026,4,11,17,Bắc Ninh,Xã Tiên Du,21.1573477,106.0138026,240,Very Unhealthy,4,33.7,61,0.0,14.3,144,997.9,27,91.0,94.8,622.0,22.7,249.0,29.7
2026-04-11 18:00:00,2026,4,11,18,Bắc Ninh,Xã Tiên Du,21.1573477,106.0138026,248,Very Unhealthy,4,32.1,54,0.0,12.6,154,998.0,5,102.2,105.2,691.0,35.5,195.0,31.9
2026-04-11 19:00:00,2026,4,11,19,Bắc Ninh,Xã Tiên Du,21.1573477,106.0138026,248,Very Unhealthy,4,31.0,77,0.0,15.2,125,999.0,4,157.4,160.2,727.0,44.2,154.0,34.3
2026-04-11 20:00:00,2026,4,11,20,Bắc Ninh,Xã Tiên Du,21.1573477,106.0138026,242,Very Unhealthy,4,30.0,75,0.0,16.2,130,1000.0,5,143.0,144.4,698.0,41.8,134.0,31.7
2026-04-11 21:00:00,2026,4,11,21,Bắc Ninh,Xã Tiên Du,21.1573477,106.0138026,229,Very Unhealthy,4,28.8,71,0.0,15.2,134,1000.9,0,122.0,122.9,636.0,38.6,106.0,28.2
2026-04-11 22:00:00,2026,4,11,22,Bắc Ninh,Xã Tiên Du,21.1573477,106.0138026,212,Very Unhealthy,4,28.0,63,0.0,12.9,144,1001.4,1,107.8,108.7,591.0,36.9,83.0,25.6
2026-04-11 23:00:00,2026,4,11,23,Bắc Ninh,Xã Tiên Du,21.1573477,106.0138026,184,Unhealthy,3,27.0,59,0.0,8.8,145,1001.7,0,104.1,105.5,586.0,38.4,70.0,25.1
2026-04-12 00:00:00,2026,4,12,0,Bắc Ninh,Xã Tiên Du,21.1573477,106.0138026,170,Unhealthy,3,25.9,65,0.0,4.8,101,1001.5,0,102.4,105.7,597.0,41.4,62.0,25.6
2026-04-12 01:00:00,2026,4,12,1,Bắc Ninh,Xã Tiên Du,21.1573477,106.0138026,170,Unhealthy,3,25.6,69,0.0,8.6,120,1000.9,9,100.4,104.5,601.0,43.5,56.0,25.5
2026-04-12 02:00:00,2026,4,12,2,Bắc Ninh,Xã Tiên Du,21.1573477,106.0138026,171,Unhealthy,3,25.4,70,0.0,10.5,127,1000.4,2,99.7,103.8,575.0,44.0,50.0,24.1
2026-04-12 03:00:00,2026,4,12,3,Bắc Ninh,Xã Tiên Du,21.1573477,106.0138026,172,Unhealthy,3,24.9,71,0.0,10.2,131,1000.3,0,97.8,101.5,543.0,43.6,45.0,22.2
2026-04-12 04:00:00,2026,4,12,4,Bắc Ninh,Xã Tiên Du,21.1573477,106.0138026,172,Unhealthy,3,24.4,72,0.0,9.6,140,1000.6,2,96.4,100.1,546.0,42.4,44.0,20.8
2026-04-12 05:00:00,2026,4,12,5,Bắc Ninh,Xã Tiên Du,21.1573477,106.0138026,173,Unhealthy,3,23.7,76,0.0,6.0,5,1001.7,0,91.7,95.0,619.0,40.1,42.0,20.1
2026-04-12 06:00:00,2026,4,12,6,Bắc Ninh,Xã Tiên Du,21.1573477,106.0138026,173,Unhealthy,3,23.2,86,0.0,5.4,69,1002.2,0,85.2,88.2,728.0,37.0,44.0,19.9
2026-04-12 07:00:00,2026,4,12,7,Bắc Ninh,Xã Tiên Du,21.1573477,106.0138026,173,Unhealthy,3,25.7,82,0.0,5.1,117,1002.7,0,126.7,129.9,815.0,44.0,50.0,28.3
2026-04-12 08:00:00,2026,4,12,8,Bắc Ninh,Xã Tiên Du,21.1573477,106.0138026,175,Unhealthy,3,27.9,78,0.0,4.6,103,1003.2,2,117.1,120.6,860.0,38.5,89.0,28.2
2026-04-12 09:00:00,2026,4,12,9,Bắc Ninh,Xã Tiên Du,21.1573477,106.0138026,176,Unhealthy,3,30.0,73,0.0,6.6,125,1003.5,0,107.8,111.5,882.0,30.8,145.0,28.1
2026-04-12 10:00:00,2026,4,12,10,Bắc Ninh,Xã Tiên Du,21.1573477,106.0138026,176,Unhealthy,3,31.8,66,0.0,5.7,152,1003.6,0,107.6,110.8,886.0,23.9,204.0,28.7
2026-04-12 11:00:00,2026,4,12,11,Bắc Ninh,Xã Tiên Du,21.1573477,106.0138026,177,Unhealthy,3,33.2,61,0.0,4.0,183,1003.0,0,118.0,120.6,859.0,18.3,273.0,31.2
2026-04-12 12:00:00,2026,4,12,12,Bắc Ninh,Xã Tiên Du,21.1573477,106.0138026,177,Unhealthy,3,34.5,56,0.0,3.5,195,1002.3,5,127.1,131.8,813.0,13.5,345.0,34.2
2026-04-12 13:00:00,2026,4,12,13,Bắc Ninh,Xã Tiên Du,21.1573477,106.0138026,186,Unhealthy,3,35.0,51,0.0,2.2,185,1001.0,11,122.9,130.9,785.0,10.7,380.0,34.9
2026-04-12 14:00:00,2026,4,12,14,Bắc Ninh,Xã Tiên Du,21.1573477,106.0138026,181,Unhealthy,3,35.5,46,0.0,4.1,142,1000.0,15,102.4,113.6,803.0,8.2,353.0,29.7
2026-04-12 15:00:00,2026,4,12,15,Bắc Ninh,Xã Tiên Du,21.1573477,106.0138026,213,Very Unhealthy,4,35.3,47,0.0,6.0,123,999.6,0,82.7,95.0,839.0,7.6,289.0,22.2
2026-04-12 16:00:00,2026,4,12,16,Bắc Ninh,Xã Tiên Du,21.1573477,106.0138026,229,Very Unhealthy,4,34.8,49,0.0,8.0,153,999.2,0,74.5,87.3,849.0,15.0,227.0,19.1
2026-04-12 17:00:00,2026,4,12,17,Bắc Ninh,Xã Tiên Du,21.1573477,106.0138026,238,Very Unhealthy,4,33.9,62,0.0,6.0,131,999.0,0,81.7,93.8,808.0,40.0,176.0,26.0
2026-04-12 18:00:00,2026,4,12,18,Bắc Ninh,Xã Tiên Du,21.1573477,106.0138026,240,Very Unhealthy,4,32.1,73,0.0,11.8,118,999.7,0,112.9,123.4,740.0,73.0,126.0,37.4
2026-04-12 19:00:00,2026,4,12,19,Bắc Ninh,Xã Tiên Du,21.1573477,106.0138026,235,Very Unhealthy,4,30.2,83,0.0,9.6,98,1000.6,0,185.3,198.4,677.0,78.6,130.0,44.7
2026-04-12 20:00:00,2026,4,12,20,Bắc Ninh,Xã Tiên Du,21.1573477,106.0138026,225,Very Unhealthy,4,29.0,86,0.0,10.4,116,1001.6,0,149.0,155.1,630.0,65.0,121.0,39.1
2026-04-12 21:00:00,2026,4,12,21,Bắc Ninh,Xã Tiên Du,21.1573477,106.0138026,210,Very Unhealthy,4,27.9,82,0.0,10.5,125,1002.5,0,117.6,121.1,587.0,46.1,108.0,31.4
2026-04-12 22:00:00,2026,4,12,22,Bắc Ninh,Xã Tiên Du,21.1573477,106.0138026,181,Unhealthy,3,27.1,79,0.0,10.5,129,1003.0,0,93.4,95.9,545.0,31.6,99.0,24.7
2026-04-12 23:00:00,2026,4,12,23,Bắc Ninh,Xã Tiên Du,21.1573477,106.0138026,178,Unhealthy,3,26.6,79,0.0,10.0,128,1003.1,0,72.2,74.5,499.0,26.0,98.0,20.4
2026-04-13 00:00:00,2026,4,13,0,Bắc Ninh,Xã Tiên Du,21.1573477,106.0138026,177,Unhealthy,3,26.1,82,0.0,10.6,129,1002.6,0,56.6,58.6,454.0,24.7,100.0,17.3
2026-04-13 01:00:00,2026,4,13,1,Bắc Ninh,Xã Tiên Du,21.1573477,106.0138026,176,Unhealthy,3,25.9,87,0.0,11.1,132,1002.4,0,48.4,50.3,416.0,24.1,101.0,14.9
2026-04-13 02:00:00,2026,4,13,2,Bắc Ninh,Xã Tiên Du,21.1573477,106.0138026,175,Unhealthy,3,25.8,88,0.0,12.7,133,1002.2,0,44.7,47.0,379.0,22.8,99.0,13.1
2026-04-13 03:00:00,2026,4,13,3,Bắc Ninh,Xã Tiên Du,21.1573477,106.0138026,174,Unhealthy,3,25.4,91,0.0,11.1,136,1002.3,0,44.7,47.5,348.0,22.2,96.0,12.1
2026-04-13 04:00:00,2026,4,13,4,Bắc Ninh,Xã Tiên Du,21.1573477,106.0138026,173,Unhealthy,3,25.0,93,0.0,9.0,128,1002.7,0,46.2,49.2,352.0,22.4,92.0,11.7
2026-04-13 05:00:00,2026,4,13,5,Bắc Ninh,Xã Tiên Du,21.1573477,106.0138026,172,Unhealthy,3,24.6,94,0.0,7.7,120,1003.6,0,48.7,51.8,420.0,24.4,82.0,12.1
2026-04-13 06:00:00,2026,4,13,6,Bắc Ninh,Xã Tiên Du,21.1573477,106.0138026,171,Unhealthy,3,24.5,95,0.0,7.4,113,1004.6,0,51.6,54.9,522.0,27.3,70.0,13.2
2026-04-13 07:00:00,2026,4,13,7,Bắc Ninh,Xã Tiên Du,21.1573477,106.0138026,170,Unhealthy,3,26.5,91,0.0,5.2,121,1005.8,0,69.2,72.6,593.0,31.9,58.0,16.4
2026-04-13 08:00:00,2026,4,13,8,Bắc Ninh,Xã Tiên Du,21.1573477,106.0138026,169,Unhealthy,3,28.1,85,0.0,4.2,97,1006.6,0,60.1,64.3,595.0,27.8,84.0,18.1
2026-04-13 09:00:00,2026,4,13,9,Bắc Ninh,Xã Tiên Du,21.1573477,106.0138026,167,Unhealthy,3,29.5,80,0.0,7.6,137,1006.9,0,57.7,63.8,566.0,22.0,121.0,20.5
2026-04-13 10:00:00,2026,4,13,10,Bắc Ninh,Xã Tiên Du,21.1573477,106.0138026,166,Unhealthy,3,30.9,76,0.0,7.6,155,1006.9,0,60.8,67.1,560.0,16.9,162.0,22.5
2026-04-13 11:00:00,2026,4,13,11,Bắc Ninh,Xã Tiên Du,21.1573477,106.0138026,165,Unhealthy,3,32.2,73,0.0,7.1,156,1006.2,0,74.0,78.0,620.0,12.8,210.0,23.7
2026-04-13 12:00:00,2026,4,13,12,Bắc Ninh,Xã Tiên Du,21.1573477,106.0138026,164,Unhealthy,3,33.4,68,0.0,8.6,154,1005.4,0,83.1,87.5,702.0,9.4,262.0,24.5
2026-04-13 13:00:00,2026,4,13,13,Bắc Ninh,Xã Tiên Du,21.1573477,106.0138026,163,Unhealthy,3,33.5,65,0.0,11.4,154,1004.5,10,84.3,89.9,730.0,7.5,296.0,24.8
2026-04-13 14:00:00,2026,4,13,14,Bắc Ninh,Xã Tiên Du,21.1573477,106.0138026,162,Unhealthy,3,34.0,64,0.0,13.2,154,1003.3,7,83.1,88.9,645.0,7.5,306.0,24.5
2026-04-13 15:00:00,2026,4,13,15,Bắc Ninh,Xã Tiên Du,21.1573477,106.0138026,176,Unhealthy,3,34.2,64,0.0,15.4,150,1002.6,19,81.3,86.6,507.0,9.0,299.0,23.8
2026-04-13 16:00:00,2026,4,13,16,Bắc Ninh,Xã Tiên Du,21.1573477,106.0138026,206,Very Unhealthy,4,33.2,64,0.0,17.1,143,1002.1,16,74.5,78.0,413.0,12.3,277.0,23.3
2026-04-13 17:00:00,2026,4,13,17,Bắc Ninh,Xã Tiên Du,21.1573477,106.0138026,219,Very Unhealthy,4,31.9,69,0.0,15.4,135,1002.1,2,66.8,68.5,417.0,18.8,231.0,23.3
2026-04-13 18:00:00,2026,4,13,18,Bắc Ninh,Xã Tiên Du,21.1573477,106.0138026,227,Very Unhealthy,4,30.2,75,0.0,13.6,124,1002.6,0,60.3,61.7,465.0,27.1,170.0,23.4
2026-04-13 19:00:00,2026,4,13,19,Bắc Ninh,Xã Tiên Du,21.1573477,106.0138026,227,Very Unhealthy,4,29.1,85,0.0,11.9,105,1003.7,0,72.2,74.5,500.0,33.1,128.0,23.1
2026-04-13 20:00:00,2026,4,13,20,Bắc Ninh,Xã Tiên Du,21.1573477,106.0138026,222,Very Unhealthy,4,28.0,88,0.0,11.7,110,1004.5,0,64.5,66.8,500.0,33.5,113.0,22.4
2026-04-13 21:00:00,2026,4,13,21,Bắc Ninh,Xã Tiên Du,21.1573477,106.0138026,212,Very Unhealthy,4,27.1,89,0.0,12.4,112,1005.3,1,58.4,62.2,487.0,34.0,91.0,21.4
2026-04-13 22:00:00,2026,4,13,22,Bắc Ninh,Xã Tiên Du,21.1573477,106.0138026,195,Unhealthy,3,26.5,90,0.0,12.3,119,1006.0,1,56.1,60.3,467.0,33.7,76.0,20.1
2026-04-13 23:00:00,2026,4,13,23,Bắc Ninh,Xã Tiên Du,21.1573477,106.0138026,158,Unhealthy,3,26.1,91,0.0,11.0,116,1006.0,0,53.4,57.5,438.0,31.9,72.0,18.4
2026-04-14 00:00:00,2026,4,14,0,Bắc Ninh,Xã Tiên Du,21.1573477,106.0138026,154,Unhealthy,3,25.9,91,0.0,11.0,116,1005.6,0,50.2,54.1,402.0,29.4,74.0,16.3
2026-04-14 01:00:00,2026,4,14,1,Bắc Ninh,Xã Tiên Du,21.1573477,106.0138026,154,Unhealthy,3,26.0,94,0.0,11.8,116,1005.0,2,47.3,51.1,369.0,27.1,76.0,14.7
2026-04-14 02:00:00,2026,4,14,2,Bắc Ninh,Xã Tiên Du,21.1573477,106.0138026,154,Unhealthy,3,26.0,93,0.0,11.8,114,1004.6,8,44.7,48.3,335.0,25.3,76.0,13.6
2026-04-14 03:00:00,2026,4,14,3,Bắc Ninh,Xã Tiên Du,21.1573477,106.0138026,154,Unhealthy,3,25.8,94,0.0,11.8,118,1004.5,2,43.0,46.4,303.0,23.7,76.0,12.9
2026-04-14 04:00:00,2026,4,14,4,Bắc Ninh,Xã Tiên Du,21.1573477,106.0138026,153,Unhealthy,3,25.6,95,0.0,11.8,117,1004.6,0,42.5,45.8,293.0,23.2,75.0,12.7
2026-04-14 05:00:00,2026,4,14,5,Bắc Ninh,Xã Tiên Du,21.1573477,106.0138026,153,Unhealthy,3,25.4,96,0.0,9.8,113,1005.3,0,43.8,47.1,321.0,25.0,67.0,13.3
2026-04-14 06:00:00,2026,4,14,6,Bắc Ninh,Xã Tiên Du,21.1573477,106.0138026,153,Unhealthy,3,25.2,96,0.0,9.8,114,1005.8,0,47.3,50.6,370.0,27.8,58.0,14.6
2026-04-14 07:00:00,2026,4,14,7,Bắc Ninh,Xã Tiên Du,21.1573477,106.0138026,153,Unhealthy,3,26.5,94,0.0,8.7,108,1006.6,2,81.0,86.1,407.0,34.2,40.0,18.6
2026-04-14 08:00:00,2026,4,14,8,Bắc Ninh,Xã Tiên Du,21.1573477,106.0138026,153,Unhealthy,3,28.0,88,0.0,9.4,121,1007.3,1,71.7,78.2,414.0,29.5,63.0,18.6
2026-04-14 09:00:00,2026,4,14,9,Bắc Ninh,Xã Tiên Du,21.1573477,106.0138026,154,Unhealthy,3,29.7,78,0.0,10.5,153,1007.7,98,69.2,77.3,409.0,22.9,96.0,18.7
2026-04-14 10:00:00,2026,4,14,10,Bắc Ninh,Xã Tiên Du,21.1573477,106.0138026,154,Unhealthy,3,30.8,73,0.0,8.0,162,1007.9,60,74.5,81.5,411.0,17.1,132.0,18.6
2026-04-14 11:00:00,2026,4,14,11,Bắc Ninh,Xã Tiên Du,21.1573477,106.0138026,154,Unhealthy,3,32.0,68,0.0,6.8,151,1007.2,9,87.3,93.8,430.0,12.6,173.0,18.3
2026-04-14 12:00:00,2026,4,14,12,Bắc Ninh,Xã Tiên Du,21.1573477,106.0138026,155,Unhealthy,3,32.9,66,0.0,8.4,143,1006.2,7,95.0,102.0,457.0,8.9,217.0,17.8
2026-04-14 13:00:00,2026,4,14,13,Bắc Ninh,Xã Tiên Du,21.1573477,106.0138026,155,Unhealthy,3,33.2,66,0.0,9.0,150,1005.2,3,96.4,103.4,480.0,6.8,248.0,17.7
2026-04-14 14:00:00,2026,4,14,14,Bắc Ninh,Xã Tiên Du,21.1573477,106.0138026,155,Unhealthy,3,33.5,66,0.0,11.8,153,1003.8,8,93.6,100.1,499.0,6.7,261.0,18.1
2026-04-14 15:00:00,2026,4,14,15,Bắc Ninh,Xã Tiên Du,21.1573477,106.0138026,155,Unhealthy,3,33.5,67,0.0,14.6,148,1003.0,9,88.9,95.0,514.0,8.4,260.0,18.9
2026-04-14 16:00:00,2026,4,14,16,Bắc Ninh,Xã Tiên Du,21.1573477,106.0138026,169,Unhealthy,3,32.8,70,0.0,18.0,137,1002.2,10,83.4,88.9,519.0,11.7,244.0,19.5
2026-04-14 17:00:00,2026,4,14,17,Bắc Ninh,Xã Tiên Du,21.1573477,106.0138026,198,Unhealthy,3,31.4,75,0.0,18.6,130,1001.9,2,79.4,83.4,506.0,18.0,204.0,19.9
2026-04-14 18:00:00,2026,4,14,18,Bắc Ninh,Xã Tiên Du,21.1573477,106.0138026,206,Very Unhealthy,4,29.5,81,0.0,17.6,127,1002.7,3,72.4,75.7,483.0,26.1,149.0,20.3
2026-04-14 19:00:00,2026,4,14,19,Bắc Ninh,Xã Tiên Du,21.1573477,106.0138026,207,Very Unhealthy,4,28.0,85,0.0,15.6,123,1003.2,2,62.9,66.1,463.0,32.0,105.0,20.4
2026-04-14 20:00:00,2026,4,14,20,Bắc Ninh,Xã Tiên Du,21.1573477,106.0138026,203,Very Unhealthy,4,27.0,87,0.0,10.4,118,1004.2,0,53.6,56.7,453.0,34.0,81.0,20.2
