timestamp,year,month,day,hour,province,location,lat,lon,aqi,pollution_level,pollution_class,temp,humidity,rain,wind_speed,wind_dir,pressure,cloud,pm2_5,pm10,co,no2,o3,so2
2025-01-01 00:00:00,2025,1,1,0,Vĩnh Long,Xã An Ngãi Trung,10.0916931,106.5448581,122,Unhealthy for Sensitive Groups,2,24.8,96,0.0,3.9,332,1010.7,100,45.2,45.5,490.0,20.4,61.0,17.8
2025-01-01 01:00:00,2025,1,1,1,Vĩnh Long,Xã An Ngãi Trung,10.0916931,106.5448581,121,Unhealthy for Sensitive Groups,2,24.5,87,0.0,5.2,358,1010.2,100,44.6,44.9,426.0,17.9,65.0,15.2
2025-01-01 02:00:00,2025,1,1,2,Vĩnh Long,Xã An Ngãi Trung,10.0916931,106.5448581,121,Unhealthy for Sensitive Groups,2,24.1,81,0.0,4.7,332,1009.5,100,44.8,45.3,390.0,16.8,67.0,13.8
2025-01-01 03:00:00,2025,1,1,3,Vĩnh Long,Xã An Ngãi Trung,10.0916931,106.5448581,121,Unhealthy for Sensitive Groups,2,23.5,81,0.0,4.8,329,1008.9,100,45.4,46.1,365.0,16.5,67.0,13.2
2025-01-01 04:00:00,2025,1,1,4,Vĩnh Long,Xã An Ngãi Trung,10.0916931,106.5448581,122,Unhealthy for Sensitive Groups,2,23.1,80,0.0,6.3,321,1008.6,100,46.2,47.0,350.0,17.3,65.0,13.4
2025-01-01 05:00:00,2025,1,1,5,Vĩnh Long,Xã An Ngãi Trung,10.0916931,106.5448581,122,Unhealthy for Sensitive Groups,2,22.7,81,0.0,5.7,336,1008.9,100,46.3,47.0,344.0,19.8,56.0,14.9
2025-01-01 06:00:00,2025,1,1,6,Vĩnh Long,Xã An Ngãi Trung,10.0916931,106.5448581,121,Unhealthy for Sensitive Groups,2,22.6,80,0.0,6.0,331,1009.2,100,46.0,46.7,346.0,23.3,45.0,17.3
2025-01-01 07:00:00,2025,1,1,7,Vĩnh Long,Xã An Ngãi Trung,10.0916931,106.5448581,120,Unhealthy for Sensitive Groups,2,22.9,81,0.0,7.0,347,1009.8,100,32.8,33.8,357.0,12.7,68.0,8.6
2025-01-01 08:00:00,2025,1,1,8,Vĩnh Long,Xã An Ngãi Trung,10.0916931,106.5448581,118,Unhealthy for Sensitive Groups,2,24.7,78,0.0,6.3,323,1010.9,100,23.1,24.2,380.0,11.7,75.0,9.4
2025-01-01 09:00:00,2025,1,1,9,Vĩnh Long,Xã An Ngãi Trung,10.0916931,106.5448581,115,Unhealthy for Sensitive Groups,2,25.9,76,0.0,7.3,335,1011.2,100,19.7,20.5,410.0,10.3,84.0,10.4
2025-01-01 10:00:00,2025,1,1,10,Vĩnh Long,Xã An Ngãi Trung,10.0916931,106.5448581,113,Unhealthy for Sensitive Groups,2,27.4,72,0.0,6.7,340,1011.3,100,19.4,20.1,436.0,8.9,94.0,11.1
2025-01-01 11:00:00,2025,1,1,11,Vĩnh Long,Xã An Ngãi Trung,10.0916931,106.5448581,112,Unhealthy for Sensitive Groups,2,28.4,70,0.0,5.6,358,1010.8,100,21.0,21.7,452.0,7.4,105.0,11.0
2025-01-01 12:00:00,2025,1,1,12,Vĩnh Long,Xã An Ngãi Trung,10.0916931,106.5448581,110,Unhealthy for Sensitive Groups,2,29.1,66,0.0,3.7,14,1009.9,100,21.9,22.5,463.0,5.8,117.0,10.6
2025-01-01 13:00:00,2025,1,1,13,Vĩnh Long,Xã An Ngãi Trung,10.0916931,106.5448581,109,Unhealthy for Sensitive Groups,2,29.5,65,0.0,4.7,360,1008.8,100,22.4,22.9,473.0,4.9,125.0,10.2
2025-01-01 14:00:00,2025,1,1,14,Vĩnh Long,Xã An Ngãi Trung,10.0916931,106.5448581,108,Unhealthy for Sensitive Groups,2,30.0,62,0.1,3.9,16,1007.7,100,22.5,23.0,478.0,4.3,128.0,9.8
2025-01-01 15:00:00,2025,1,1,15,Vĩnh Long,Xã An Ngãi Trung,10.0916931,106.5448581,107,Unhealthy for Sensitive Groups,2,30.0,61,0.1,4.1,49,1007.2,100,23.2,23.6,482.0,4.3,127.0,9.4
2025-01-01 16:00:00,2025,1,1,16,Vĩnh Long,Xã An Ngãi Trung,10.0916931,106.5448581,106,Unhealthy for Sensitive Groups,2,29.0,67,0.0,5.1,63,1007.1,100,24.1,24.6,499.0,6.7,121.0,10.0
2025-01-01 17:00:00,2025,1,1,17,Vĩnh Long,Xã An Ngãi Trung,10.0916931,106.5448581,105,Unhealthy for Sensitive Groups,2,28.4,71,0.0,3.2,56,1007.3,100,28.3,28.9,551.0,13.1,108.0,11.9
2025-01-01 18:00:00,2025,1,1,18,Vĩnh Long,Xã An Ngãi Trung,10.0916931,106.5448581,104,Unhealthy for Sensitive Groups,2,26.8,79,0.0,4.0,72,1007.6,100,38.2,38.8,616.0,21.8,91.0,14.7
2025-01-01 19:00:00,2025,1,1,19,Vĩnh Long,Xã An Ngãi Trung,10.0916931,106.5448581,103,Unhealthy for Sensitive Groups,2,26.0,84,0.0,4.2,97,1008.2,100,52.4,52.5,646.0,28.5,97.0,23.9
2025-01-01 20:00:00,2025,1,1,20,Vĩnh Long,Xã An Ngãi Trung,10.0916931,106.5448581,103,Unhealthy for Sensitive Groups,2,25.2,93,1.5,6.0,57,1009.3,100,68.2,68.5,606.0,34.7,82.0,27.9
2025-01-01 21:00:00,2025,1,1,21,Vĩnh Long,Xã An Ngãi Trung,10.0916931,106.5448581,105,Unhealthy for Sensitive Groups,2,25.1,96,0.1,0.4,180,1009.4,100,80.8,80.8,531.0,43.1,61.0,33.2
2025-01-01 22:00:00,2025,1,1,22,Vĩnh Long,Xã An Ngãi Trung,10.0916931,106.5448581,107,Unhealthy for Sensitive Groups,2,24.9,96,0.0,1.6,264,1009.6,68,87.5,88.0,471.0,48.2,45.0,35.8
2025-01-01 23:00:00,2025,1,1,23,Vĩnh Long,Xã An Ngãi Trung,10.0916931,106.5448581,110,Unhealthy for Sensitive Groups,2,24.8,97,0.0,4.2,115,1010.4,100,87.8,88.7,449.0,47.1,37.0,33.4
2025-01-02 00:00:00,2025,1,2,0,Vĩnh Long,Xã An Ngãi Trung,10.0916931,106.5448581,115,Unhealthy for Sensitive Groups,2,24.6,96,0.1,2.5,180,1009.9,99,83.1,84.1,442.0,42.6,35.0,28.3
2025-01-02 01:00:00,2025,1,2,1,Vĩnh Long,Xã An Ngãi Trung,10.0916931,106.5448581,119,Unhealthy for Sensitive Groups,2,24.6,96,0.0,4.5,140,1009.9,100,78.5,79.4,436.0,38.2,34.0,23.8
2025-01-02 02:00:00,2025,1,2,2,Vĩnh Long,Xã An Ngãi Trung,10.0916931,106.5448581,122,Unhealthy for Sensitive Groups,2,24.7,96,0.0,2.7,172,1009.2,75,73.3,74.5,423.0,34.5,37.0,20.9
2025-01-02 03:00:00,2025,1,2,3,Vĩnh Long,Xã An Ngãi Trung,10.0916931,106.5448581,125,Unhealthy for Sensitive Groups,2,24.4,98,0.0,2.4,222,1008.8,47,67.8,68.9,412.0,30.8,42.0,18.6
2025-01-02 04:00:00,2025,1,2,4,Vĩnh Long,Xã An Ngãi Trung,10.0916931,106.5448581,127,Unhealthy for Sensitive Groups,2,24.1,99,0.0,3.6,267,1008.6,95,60.5,61.9,410.0,28.1,45.0,17.0
2025-01-02 05:00:00,2025,1,2,5,Vĩnh Long,Xã An Ngãi Trung,10.0916931,106.5448581,129,Unhealthy for Sensitive Groups,2,24.0,99,0.0,5.8,268,1008.6,100,59.3,60.8,425.0,27.9,41.0,16.2
2025-01-02 06:00:00,2025,1,2,6,Vĩnh Long,Xã An Ngãi Trung,10.0916931,106.5448581,130,Unhealthy for Sensitive Groups,2,24.0,97,0.0,5.4,290,1009.2,100,61.5,62.6,450.0,28.7,35.0,16.1
2025-01-02 07:00:00,2025,1,2,7,Vĩnh Long,Xã An Ngãi Trung,10.0916931,106.5448581,132,Unhealthy for Sensitive Groups,2,24.2,89,0.0,6.4,313,1010.0,100,54.0,55.4,475.0,24.3,54.0,16.7
2025-01-02 08:00:00,2025,1,2,8,Vĩnh Long,Xã An Ngãi Trung,10.0916931,106.5448581,134,Unhealthy for Sensitive Groups,2,25.6,88,0.0,6.0,295,1011.0,100,37.8,38.3,505.0,19.3,77.0,18.1
2025-01-02 09:00:00,2025,1,2,9,Vĩnh Long,Xã An Ngãi Trung,10.0916931,106.5448581,136,Unhealthy for Sensitive Groups,2,26.6,81,0.0,7.6,297,1011.5,100,32.1,32.5,535.0,12.3,110.0,19.8
2025-01-02 10:00:00,2025,1,2,10,Vĩnh Long,Xã An Ngãi Trung,10.0916931,106.5448581,137,Unhealthy for Sensitive Groups,2,27.5,75,0.0,8.0,306,1011.3,94,29.7,29.9,538.0,6.9,136.0,20.3
2025-01-02 11:00:00,2025,1,2,11,Vĩnh Long,Xã An Ngãi Trung,10.0916931,106.5448581,138,Unhealthy for Sensitive Groups,2,28.7,68,0.0,7.3,310,1010.6,89,29.7,29.8,490.0,4.5,151.0,18.2
2025-01-02 12:00:00,2025,1,2,12,Vĩnh Long,Xã An Ngãi Trung,10.0916931,106.5448581,139,Unhealthy for Sensitive Groups,2,29.9,63,0.0,5.6,310,1009.7,62,28.6,28.8,415.0,3.8,159.0,14.9
2025-01-02 13:00:00,2025,1,2,13,Vĩnh Long,Xã An Ngãi Trung,10.0916931,106.5448581,140,Unhealthy for Sensitive Groups,2,31.0,57,0.0,6.8,320,1008.7,31,27.3,27.5,355.0,3.7,160.0,12.1
2025-01-02 14:00:00,2025,1,2,14,Vĩnh Long,Xã An Ngãi Trung,10.0916931,106.5448581,140,Unhealthy for Sensitive Groups,2,31.1,58,0.4,6.8,328,1007.9,50,27.6,27.8,326.0,4.1,152.0,10.7
2025-01-02 15:00:00,2025,1,2,15,Vĩnh Long,Xã An Ngãi Trung,10.0916931,106.5448581,141,Unhealthy for Sensitive Groups,2,30.3,63,0.1,4.7,16,1007.5,60,29.6,29.8,313.0,5.2,137.0,9.8
2025-01-02 16:00:00,2025,1,2,16,Vĩnh Long,Xã An Ngãi Trung,10.0916931,106.5448581,141,Unhealthy for Sensitive Groups,2,28.8,74,1.7,5.3,108,1007.4,85,27.0,27.1,312.0,7.1,122.0,9.5
2025-01-02 17:00:00,2025,1,2,17,Vĩnh Long,Xã An Ngãi Trung,10.0916931,106.5448581,142,Unhealthy for Sensitive Groups,2,27.4,79,4.7,3.3,248,1008.2,100,30.0,30.2,326.0,10.6,106.0,9.8
2025-01-02 18:00:00,2025,1,2,18,Vĩnh Long,Xã An Ngãi Trung,10.0916931,106.5448581,142,Unhealthy for Sensitive Groups,2,25.8,88,0.0,4.8,236,1008.6,100,34.0,34.1,353.0,15.0,90.0,10.7
2025-01-02 19:00:00,2025,1,2,19,Vĩnh Long,Xã An Ngãi Trung,10.0916931,106.5448581,141,Unhealthy for Sensitive Groups,2,25.2,93,0.0,2.4,318,1009.2,100,31.5,31.7,377.0,15.2,80.0,8.8
2025-01-02 20:00:00,2025,1,2,20,Vĩnh Long,Xã An Ngãi Trung,10.0916931,106.5448581,139,Unhealthy for Sensitive Groups,2,25.4,96,0.0,2.2,81,1009.6,100,28.3,28.5,394.0,13.6,80.0,8.3
2025-01-02 21:00:00,2025,1,2,21,Vĩnh Long,Xã An Ngãi Trung,10.0916931,106.5448581,135,Unhealthy for Sensitive Groups,2,25.4,95,0.0,3.6,108,1009.9,100,26.5,26.7,409.0,11.4,81.0,7.6
2025-01-02 22:00:00,2025,1,2,22,Vĩnh Long,Xã An Ngãi Trung,10.0916931,106.5448581,129,Unhealthy for Sensitive Groups,2,25.4,93,0.0,0.2,270,1009.7,100,26.9,27.0,422.0,10.2,82.0,7.4
2025-01-02 23:00:00,2025,1,2,23,Vĩnh Long,Xã An Ngãi Trung,10.0916931,106.5448581,123,Unhealthy for Sensitive Groups,2,25.0,95,0.0,0.5,270,1009.9,100,29.9,30.2,430.0,10.7,84.0,7.9
2025-01-03 00:00:00,2025,1,3,0,Vĩnh Long,Xã An Ngãi Trung,10.0916931,106.5448581,117,Unhealthy for Sensitive Groups,2,24.7,96,0.0,1.8,156,1010.0,100,30.4,30.6,436.0,12.1,87.0,8.8
2025-01-03 01:00:00,2025,1,3,1,Vĩnh Long,Xã An Ngãi Trung,10.0916931,106.5448581,111,Unhealthy for Sensitive Groups,2,24.3,99,0.0,2.5,210,1009.7,100,32.9,33.1,444.0,13.4,89.0,9.7
2025-01-03 02:00:00,2025,1,3,2,Vĩnh Long,Xã An Ngãi Trung,10.0916931,106.5448581,107,Unhealthy for Sensitive Groups,2,24.2,99,0.0,2.7,242,1008.9,100,35.9,36.1,450.0,13.9,90.0,10.4
2025-01-03 03:00:00,2025,1,3,3,Vĩnh Long,Xã An Ngãi Trung,10.0916931,106.5448581,103,Unhealthy for Sensitive Groups,2,24.1,99,0.0,2.0,260,1008.2,100,39.9,40.2,458.0,14.2,90.0,11.2
2025-01-03 04:00:00,2025,1,3,4,Vĩnh Long,Xã An Ngãi Trung,10.0916931,106.5448581,100,Moderate,1,23.8,99,0.0,0.6,288,1008.0,94,39.6,39.8,481.0,15.4,87.0,12.4
2025-01-03 05:00:00,2025,1,3,5,Vĩnh Long,Xã An Ngãi Trung,10.0916931,106.5448581,98,Moderate,1,23.6,99,0.0,1.5,300,1008.2,100,44.2,44.5,540.0,18.4,75.0,14.1
2025-01-03 06:00:00,2025,1,3,6,Vĩnh Long,Xã An Ngãi Trung,10.0916931,106.5448581,97,Moderate,1,23.9,99,0.0,1.5,324,1009.1,100,50.2,50.3,615.0,22.1,60.0,16.2
2025-01-03 07:00:00,2025,1,3,7,Vĩnh Long,Xã An Ngãi Trung,10.0916931,106.5448581,96,Moderate,1,24.5,96,0.0,3.7,321,1009.9,100,51.9,52.4,660.0,21.1,70.0,13.8
2025-01-03 08:00:00,2025,1,3,8,Vĩnh Long,Xã An Ngãi Trung,10.0916931,106.5448581,96,Moderate,1,26.4,86,0.0,4.0,260,1011.2,64,42.8,43.2,650.0,19.8,77.0,16.0
2025-01-03 09:00:00,2025,1,3,9,Vĩnh Long,Xã An Ngãi Trung,10.0916931,106.5448581,96,Moderate,1,27.5,80,0.1,3.4,252,1011.6,58,41.1,41.4,611.0,17.8,87.0,18.9
2025-01-03 10:00:00,2025,1,3,10,Vĩnh Long,Xã An Ngãi Trung,10.0916931,106.5448581,97,Moderate,1,28.2,78,0.1,3.7,256,1011.5,60,38.8,39.0,570.0,15.8,100.0,20.9
2025-01-03 11:00:00,2025,1,3,11,Vĩnh Long,Xã An Ngãi Trung,10.0916931,106.5448581,98,Moderate,1,28.6,76,0.2,3.8,229,1011.2,100,41.0,41.2,534.0,13.4,120.0,20.9
2025-01-03 12:00:00,2025,1,3,12,Vĩnh Long,Xã An Ngãi Trung,10.0916931,106.5448581,99,Moderate,1,28.1,78,0.5,6.6,202,1010.2,100,42.6,42.8,497.0,11.0,142.0,19.9
2025-01-03 13:00:00,2025,1,3,13,Vĩnh Long,Xã An Ngãi Trung,10.0916931,106.5448581,100,Moderate,1,26.5,90,6.6,3.7,79,1009.7,96,37.3,37.4,467.0,9.5,157.0,19.0
2025-01-03 14:00:00,2025,1,3,14,Vĩnh Long,Xã An Ngãi Trung,10.0916931,106.5448581,101,Unhealthy for Sensitive Groups,2,25.8,89,6.3,8.7,27,1008.7,100,39.2,39.3,447.0,9.3,159.0,18.2
2025-01-03 15:00:00,2025,1,3,15,Vĩnh Long,Xã An Ngãi Trung,10.0916931,106.5448581,102,Unhealthy for Sensitive Groups,2,26.2,90,4.3,2.7,360,1008.4,94,41.1,41.2,433.0,10.0,152.0,17.5
2025-01-03 16:00:00,2025,1,3,16,Vĩnh Long,Xã An Ngãi Trung,10.0916931,106.5448581,103,Unhealthy for Sensitive Groups,2,25.8,87,7.7,5.9,79,1008.4,100,38.5,38.6,426.0,12.0,143.0,17.5
2025-01-03 17:00:00,2025,1,3,17,Vĩnh Long,Xã An Ngãi Trung,10.0916931,106.5448581,104,Unhealthy for Sensitive Groups,2,25.5,89,0.1,4.1,131,1008.5,97,41.0,41.1,426.0,16.1,131.0,18.6
2025-01-03 18:00:00,2025,1,3,18,Vĩnh Long,Xã An Ngãi Trung,10.0916931,106.5448581,106,Unhealthy for Sensitive Groups,2,24.7,94,0.1,3.2,227,1009.2,100,48.3,48.4,433.0,21.4,115.0,20.4
2025-01-03 19:00:00,2025,1,3,19,Vĩnh Long,Xã An Ngãi Trung,10.0916931,106.5448581,107,Unhealthy for Sensitive Groups,2,24.6,93,0.2,5.5,224,1009.6,100,49.9,50.2,440.0,20.3,104.0,16.5
2025-01-03 20:00:00,2025,1,3,20,Vĩnh Long,Xã An Ngãi Trung,10.0916931,106.5448581,109,Unhealthy for Sensitive Groups,2,24.4,96,0.0,5.2,194,1010.3,100,51.2,51.3,450.0,20.2,95.0,15.6
2025-01-03 21:00:00,2025,1,3,21,Vĩnh Long,Xã An Ngãi Trung,10.0916931,106.5448581,111,Unhealthy for Sensitive Groups,2,24.3,97,0.0,3.5,145,1010.6,100,52.0,52.3,460.0,20.0,82.0,14.2
2025-01-03 22:00:00,2025,1,3,22,Vĩnh Long,Xã An Ngãi Trung,10.0916931,106.5448581,114,Unhealthy for Sensitive Groups,2,24.6,95,0.0,9.8,114,1010.8,100,46.1,46.4,458.0,18.9,73.0,12.5
2025-01-03 23:00:00,2025,1,3,23,Vĩnh Long,Xã An Ngãi Trung,10.0916931,106.5448581,116,Unhealthy for Sensitive Groups,2,24.1,95,0.2,9.6,110,1010.8,93,36.2,36.9,429.0,15.7,70.0,10.1
2025-01-04 00:00:00,2025,1,4,0,Vĩnh Long,Xã An Ngãi Trung,10.0916931,106.5448581,117,Unhealthy for Sensitive Groups,2,23.8,96,0.1,7.3,136,1010.6,100,28.2,29.6,387.0,11.6,70.0,7.4
2025-01-04 01:00:00,2025,1,4,1,Vĩnh Long,Xã An Ngãi Trung,10.0916931,106.5448581,116,Unhealthy for Sensitive Groups,2,23.6,96,0.0,3.1,220,1009.7,100,25.4,27.0,364.0,9.5,69.0,5.7
2025-01-04 02:00:00,2025,1,4,2,Vĩnh Long,Xã An Ngãi Trung,10.0916931,106.5448581,116,Unhealthy for Sensitive Groups,2,23.5,96,0.0,1.5,210,1009.1,100,28.2,30.2,374.0,11.2,64.0,5.8
2025-01-04 03:00:00,2025,1,4,3,Vĩnh Long,Xã An Ngãi Trung,10.0916931,106.5448581,115,Unhealthy for Sensitive Groups,2,23.6,95,0.0,0.6,288,1008.7,100,35.5,37.5,403.0,14.9,57.0,6.9
2025-01-04 04:00:00,2025,1,4,4,Vĩnh Long,Xã An Ngãi Trung,10.0916931,106.5448581,114,Unhealthy for Sensitive Groups,2,23.8,96,0.0,2.7,293,1008.3,97,42.0,44.0,437.0,18.2,50.0,8.5
2025-01-04 05:00:00,2025,1,4,5,Vĩnh Long,Xã An Ngãi Trung,10.0916931,106.5448581,115,Unhealthy for Sensitive Groups,2,23.4,98,0.0,4.4,300,1008.3,92,44.8,46.8,483.0,20.7,40.0,10.6
2025-01-04 06:00:00,2025,1,4,6,Vĩnh Long,Xã An Ngãi Trung,10.0916931,106.5448581,115,Unhealthy for Sensitive Groups,2,23.1,99,0.0,4.6,306,1008.9,33,46.9,48.5,534.0,22.9,30.0,13.3
2025-01-04 07:00:00,2025,1,4,7,Vĩnh Long,Xã An Ngãi Trung,10.0916931,106.5448581,114,Unhealthy for Sensitive Groups,2,23.8,97,0.0,8.2,310,1009.6,52,42.8,45.6,552.0,21.1,44.0,10.9
2025-01-04 08:00:00,2025,1,4,8,Vĩnh Long,Xã An Ngãi Trung,10.0916931,106.5448581,113,Unhealthy for Sensitive Groups,2,25.3,93,0.1,7.9,315,1011.1,93,37.4,39.6,510.0,19.1,55.0,12.7
2025-01-04 09:00:00,2025,1,4,9,Vĩnh Long,Xã An Ngãi Trung,10.0916931,106.5448581,113,Unhealthy for Sensitive Groups,2,26.2,87,0.1,8.4,317,1011.6,52,32.6,34.8,436.0,16.3,71.0,15.1
2025-01-04 10:00:00,2025,1,4,10,Vĩnh Long,Xã An Ngãi Trung,10.0916931,106.5448581,112,Unhealthy for Sensitive Groups,2,27.2,82,0.0,7.8,316,1011.2,82,29.2,30.3,378.0,13.4,89.0,16.3
2025-01-04 11:00:00,2025,1,4,11,Vĩnh Long,Xã An Ngãi Trung,10.0916931,106.5448581,111,Unhealthy for Sensitive Groups,2,28.4,75,0.1,7.8,322,1010.5,48,29.9,30.9,359.0,10.3,112.0,15.0
2025-01-04 12:00:00,2025,1,4,12,Vĩnh Long,Xã An Ngãi Trung,10.0916931,106.5448581,110,Unhealthy for Sensitive Groups,2,29.5,69,0.0,7.1,330,1009.9,41,32.5,33.4,357.0,7.2,137.0,12.5
2025-01-04 13:00:00,2025,1,4,13,Vĩnh Long,Xã An Ngãi Trung,10.0916931,106.5448581,109,Unhealthy for Sensitive Groups,2,30.0,66,0.0,6.0,343,1009.0,39,33.3,34.1,355.0,5.0,154.0,10.4
2025-01-04 14:00:00,2025,1,4,14,Vĩnh Long,Xã An Ngãi Trung,10.0916931,106.5448581,108,Unhealthy for Sensitive Groups,2,30.0,65,0.0,6.3,357,1007.9,30,34.7,35.6,343.0,4.2,158.0,9.3
2025-01-04 15:00:00,2025,1,4,15,Vĩnh Long,Xã An Ngãi Trung,10.0916931,106.5448581,108,Unhealthy for Sensitive Groups,2,30.2,62,0.0,5.7,13,1007.4,23,35.9,36.8,332.0,4.5,153.0,8.5
2025-01-04 16:00:00,2025,1,4,16,Vĩnh Long,Xã An Ngãi Trung,10.0916931,106.5448581,107,Unhealthy for Sensitive Groups,2,29.1,67,0.0,5.0,92,1007.5,42,35.7,36.7,330.0,5.4,144.0,7.9
2025-01-04 17:00:00,2025,1,4,17,Vĩnh Long,Xã An Ngãi Trung,10.0916931,106.5448581,107,Unhealthy for Sensitive Groups,2,27.4,81,0.1,8.3,139,1008.0,91,35.2,36.2,349.0,7.5,129.0,7.3
2025-01-04 18:00:00,2025,1,4,18,Vĩnh Long,Xã An Ngãi Trung,10.0916931,106.5448581,106,Unhealthy for Sensitive Groups,2,26.2,87,0.0,6.9,150,1008.9,96,36.3,37.5,379.0,10.3,109.0,6.9
2025-01-04 19:00:00,2025,1,4,19,Vĩnh Long,Xã An Ngãi Trung,10.0916931,106.5448581,105,Unhealthy for Sensitive Groups,2,26.0,87,0.0,9.6,128,1009.8,100,41.2,42.4,397.0,18.4,93.0,11.0
2025-01-04 20:00:00,2025,1,4,20,Vĩnh Long,Xã An Ngãi Trung,10.0916931,106.5448581,104,Unhealthy for Sensitive Groups,2,25.0,93,0.0,8.2,140,1010.8,100,34.2,36.2,396.0,15.8,89.0,9.3
2025-01-04 21:00:00,2025,1,4,21,Vĩnh Long,Xã An Ngãi Trung,10.0916931,106.5448581,103,Unhealthy for Sensitive Groups,2,25.0,92,0.0,7.2,127,1011.3,100,27.9,30.2,384.0,12.2,83.0,7.0
2025-01-04 22:00:00,2025,1,4,22,Vĩnh Long,Xã An Ngãi Trung,10.0916931,106.5448581,100,Moderate,1,24.9,90,0.0,6.2,120,1011.4,100,24.9,27.5,362.0,9.6,78.0,5.2
2025-01-04 23:00:00,2025,1,4,23,Vĩnh Long,Xã An Ngãi Trung,10.0916931,106.5448581,98,Moderate,1,24.7,89,0.0,5.5,126,1011.1,100,23.2,26.0,321.0,8.7,74.0,4.2
2025-01-05 00:00:00,2025,1,5,0,Vĩnh Long,Xã An Ngãi Trung,10.0916931,106.5448581,97,Moderate,1,24.5,89,0.0,4.1,128,1010.8,100,21.7,24.4,271.0,8.9,70.0,3.8
2025-01-05 01:00:00,2025,1,5,1,Vĩnh Long,Xã An Ngãi Trung,10.0916931,106.5448581,96,Moderate,1,24.5,88,0.0,1.7,139,1010.4,100,21.7,24.8,240.0,9.6,67.0,3.7
2025-01-05 02:00:00,2025,1,5,2,Vĩnh Long,Xã An Ngãi Trung,10.0916931,106.5448581,96,Moderate,1,24.2,89,0.0,0.4,333,1009.8,100,23.6,27.1,243.0,11.0,64.0,4.0
2025-01-05 03:00:00,2025,1,5,3,Vĩnh Long,Xã An Ngãi Trung,10.0916931,106.5448581,96,Moderate,1,23.4,94,0.0,3.6,311,1009.8,100,27.5,31.4,265.0,13.1,62.0,4.8
2025-01-05 04:00:00,2025,1,5,4,Vĩnh Long,Xã An Ngãi Trung,10.0916931,106.5448581,95,Moderate,1,23.1,96,0.0,4.2,306,1009.9,100,32.8,36.9,292.0,15.2,58.0,5.8
2025-01-05 05:00:00,2025,1,5,5,Vĩnh Long,Xã An Ngãi Trung,10.0916931,106.5448581,94,Moderate,1,23.2,97,0.0,2.2,294,1010.1,100,44.7,48.2,326.0,17.8,47.0,7.1
2025-01-05 06:00:00,2025,1,5,6,Vĩnh Long,Xã An Ngãi Trung,10.0916931,106.5448581,94,Moderate,1,23.0,98,0.0,3.4,302,1010.5,35,50.1,52.9,365.0,20.5,35.0,8.6
2025-01-05 07:00:00,2025,1,5,7,Vĩnh Long,Xã An Ngãi Trung,10.0916931,106.5448581,94,Moderate,1,23.8,98,0.0,5.9,305,1011.3,86,42.6,45.5,388.0,22.3,38.0,9.6
2025-01-05 08:00:00,2025,1,5,8,Vĩnh Long,Xã An Ngãi Trung,10.0916931,106.5448581,94,Moderate,1,25.2,91,0.0,4.0,355,1012.6,100,38.9,41.8,378.0,19.0,57.0,11.4
2025-01-05 09:00:00,2025,1,5,9,Vĩnh Long,Xã An Ngãi Trung,10.0916931,106.5448581,95,Moderate,1,26.5,84,0.1,4.0,5,1013.3,100,32.5,34.7,352.0,14.4,83.0,13.8
2025-01-05 10:00:00,2025,1,5,10,Vĩnh Long,Xã An Ngãi Trung,10.0916931,106.5448581,95,Moderate,1,27.7,79,0.0,5.4,326,1013.0,34,33.2,34.9,334.0,10.4,109.0,15.5
2025-01-05 11:00:00,2025,1,5,11,Vĩnh Long,Xã An Ngãi Trung,10.0916931,106.5448581,95,Moderate,1,28.5,76,0.0,6.8,338,1012.1,98,35.9,37.3,339.0,7.5,133.0,15.7
2025-01-05 12:00:00,2025,1,5,12,Vĩnh Long,Xã An Ngãi Trung,10.0916931,106.5448581,95,Moderate,1,29.4,71,0.0,6.6,338,1011.2,26,38.3,39.3,353.0,5.1,157.0,15.1
2025-01-05 13:00:00,2025,1,5,13,Vĩnh Long,Xã An Ngãi Trung,10.0916931,106.5448581,96,Moderate,1,30.0,67,0.0,6.8,335,1010.1,14,38.6,39.7,361.0,3.6,174.0,14.6
2025-01-05 14:00:00,2025,1,5,14,Vĩnh Long,Xã An Ngãi Trung,10.0916931,106.5448581,96,Moderate,1,29.0,69,0.1,4.5,29,1009.0,14,38.6,39.5,353.0,2.8,184.0,14.3
2025-01-05 15:00:00,2025,1,5,15,Vĩnh Long,Xã An Ngãi Trung,10.0916931,106.5448581,97,Moderate,1,27.7,76,0.0,8.7,137,1008.6,25,41.0,41.8,340.0,2.9,187.0,14.0
2025-01-05 16:00:00,2025,1,5,16,Vĩnh Long,Xã An Ngãi Trung,10.0916931,106.5448581,97,Moderate,1,27.1,81,0.1,9.1,128,1008.6,31,45.4,46.3,338.0,4.7,182.0,14.0
2025-01-05 17:00:00,2025,1,5,17,Vĩnh Long,Xã An Ngãi Trung,10.0916931,106.5448581,124,Unhealthy for Sensitive Groups,2,26.6,83,0.0,6.3,127,1009.1,19,47.4,48.1,359.0,10.2,163.0,14.9
2025-01-05 18:00:00,2025,1,5,18,Vĩnh Long,Xã An Ngãi Trung,10.0916931,106.5448581,141,Unhealthy for Sensitive Groups,2,25.9,86,0.0,6.2,139,1009.4,17,58.1,58.8,390.0,17.4,136.0,16.1
2025-01-05 19:00:00,2025,1,5,19,Vĩnh Long,Xã An Ngãi Trung,10.0916931,106.5448581,146,Unhealthy for Sensitive Groups,2,25.3,89,0.0,7.3,140,1010.0,13,49.7,50.2,413.0,18.3,110.0,14.8
2025-01-05 20:00:00,2025,1,5,20,Vĩnh Long,Xã An Ngãi Trung,10.0916931,106.5448581,142,Unhealthy for Sensitive Groups,2,24.6,91,0.0,7.5,145,1011.4,1,39.2,39.9,419.0,15.3,108.0,12.7
2025-01-05 21:00:00,2025,1,5,21,Vĩnh Long,Xã An Ngãi Trung,10.0916931,106.5448581,131,Unhealthy for Sensitive Groups,2,24.3,92,0.0,7.3,140,1011.8,0,31.2,32.2,416.0,11.1,106.0,9.8
2025-01-05 22:00:00,2025,1,5,22,Vĩnh Long,Xã An Ngãi Trung,10.0916931,106.5448581,117,Unhealthy for Sensitive Groups,2,23.9,94,0.0,5.6,140,1011.8,99,26.4,28.3,406.0,8.2,101.0,7.4
2025-01-05 23:00:00,2025,1,5,23,Vĩnh Long,Xã An Ngãi Trung,10.0916931,106.5448581,103,Unhealthy for Sensitive Groups,2,24.0,92,0.0,7.0,119,1011.5,68,22.8,24.9,385.0,7.6,94.0,6.0
2025-01-06 00:00:00,2025,1,6,0,Vĩnh Long,Xã An Ngãi Trung,10.0916931,106.5448581,103,Unhealthy for Sensitive Groups,2,24.0,89,0.0,6.3,110,1011.2,19,19.6,21.9,357.0,8.2,84.0,5.1
2025-01-06 01:00:00,2025,1,6,1,Vĩnh Long,Xã An Ngãi Trung,10.0916931,106.5448581,103,Unhealthy for Sensitive Groups,2,23.9,88,0.0,5.4,104,1011.0,15,18.6,21.4,336.0,9.0,75.0,4.3
2025-01-06 02:00:00,2025,1,6,2,Vĩnh Long,Xã An Ngãi Trung,10.0916931,106.5448581,103,Unhealthy for Sensitive Groups,2,23.6,90,0.0,5.2,92,1010.2,2,18.9,21.7,324.0,9.8,66.0,3.2
2025-01-06 03:00:00,2025,1,6,3,Vĩnh Long,Xã An Ngãi Trung,10.0916931,106.5448581,102,Unhealthy for Sensitive Groups,2,23.4,92,0.0,4.9,94,1009.8,69,22.1,24.9,319.0,10.9,58.0,2.2
2025-01-06 04:00:00,2025,1,6,4,Vĩnh Long,Xã An Ngãi Trung,10.0916931,106.5448581,102,Unhealthy for Sensitive Groups,2,23.4,92,0.0,3.6,81,1009.6,25,31.9,33.9,326.0,12.0,51.0,1.7
2025-01-06 05:00:00,2025,1,6,5,Vĩnh Long,Xã An Ngãi Trung,10.0916931,106.5448581,101,Unhealthy for Sensitive Groups,2,23.1,92,0.0,4.0,51,1009.7,64,35.7,37.8,360.0,13.4,43.0,2.2
2025-01-06 06:00:00,2025,1,6,6,Vĩnh Long,Xã An Ngãi Trung,10.0916931,106.5448581,100,Moderate,1,22.6,94,0.0,5.4,40,1010.1,96,43.1,45.1,406.0,14.8,37.0,3.1
2025-01-06 07:00:00,2025,1,6,7,Vĩnh Long,Xã An Ngãi Trung,10.0916931,106.5448581,100,Moderate,1,23.6,93,0.0,7.2,37,1011.2,91,45.9,47.4,429.0,15.5,39.0,4.8
2025-01-06 08:00:00,2025,1,6,8,Vĩnh Long,Xã An Ngãi Trung,10.0916931,106.5448581,100,Moderate,1,24.6,93,0.0,4.0,360,1012.3,82,28.2,30.6,408.0,12.6,57.0,5.1
2025-01-06 09:00:00,2025,1,6,9,Vĩnh Long,Xã An Ngãi Trung,10.0916931,106.5448581,99,Moderate,1,26.6,81,0.1,9.9,57,1012.7,87,19.9,22.5,365.0,8.5,82.0,5.4
2025-01-06 10:00:00,2025,1,6,10,Vĩnh Long,Xã An Ngãi Trung,10.0916931,106.5448581,98,Moderate,1,27.6,74,0.1,11.4,74,1012.4,84,16.9,19.1,327.0,5.2,103.0,5.5
2025-01-06 11:00:00,2025,1,6,11,Vĩnh Long,Xã An Ngãi Trung,10.0916931,106.5448581,97,Moderate,1,28.2,70,0.0,10.2,83,1011.8,73,16.9,18.8,306.0,3.6,118.0,5.2
2025-01-06 12:00:00,2025,1,6,12,Vĩnh Long,Xã An Ngãi Trung,10.0916931,106.5448581,95,Moderate,1,29.0,67,0.0,7.6,85,1010.9,73,16.6,17.9,291.0,2.8,129.0,4.7
2025-01-06 13:00:00,2025,1,6,13,Vĩnh Long,Xã An Ngãi Trung,10.0916931,106.5448581,93,Moderate,1,29.5,62,0.0,5.0,88,1010.0,93,17.1,18.3,280.0,2.4,137.0,4.3
2025-01-06 14:00:00,2025,1,6,14,Vĩnh Long,Xã An Ngãi Trung,10.0916931,106.5448581,91,Moderate,1,29.7,62,0.0,3.9,103,1009.2,87,17.8,19.0,273.0,2.0,143.0,4.1
2025-01-06 15:00:00,2025,1,6,15,Vĩnh Long,Xã An Ngãi Trung,10.0916931,106.5448581,89,Moderate,1,29.6,62,0.0,3.7,125,1008.6,30,19.0,20.1,269.0,2.0,146.0,4.1
2025-01-06 16:00:00,2025,1,6,16,Vĩnh Long,Xã An Ngãi Trung,10.0916931,106.5448581,87,Moderate,1,28.9,66,0.0,6.4,128,1008.7,19,19.9,21.0,271.0,3.4,142.0,4.5
2025-01-06 17:00:00,2025,1,6,17,Vĩnh Long,Xã An Ngãi Trung,10.0916931,106.5448581,85,Moderate,1,27.0,74,0.0,9.3,122,1008.9,0,20.7,21.7,280.0,7.6,128.0,5.6
2025-01-06 18:00:00,2025,1,6,18,Vĩnh Long,Xã An Ngãi Trung,10.0916931,106.5448581,89,Moderate,1,25.0,79,0.0,6.7,121,1009.4,7,27.8,29.6,294.0,13.1,107.0,7.0
2025-01-06 19:00:00,2025,1,6,19,Vĩnh Long,Xã An Ngãi Trung,10.0916931,106.5448581,90,Moderate,1,24.1,86,0.0,3.7,137,1010.3,2,44.2,46.2,307.0,22.5,74.0,10.0
2025-01-06 20:00:00,2025,1,6,20,Vĩnh Long,Xã An Ngãi Trung,10.0916931,106.5448581,81,Moderate,1,24.4,90,0.0,3.9,167,1011.6,11,40.4,42.5,316.0,20.3,73.0,9.4
2025-01-06 21:00:00,2025,1,6,21,Vĩnh Long,Xã An Ngãi Trung,10.0916931,106.5448581,80,Moderate,1,24.4,90,0.1,5.2,134,1011.9,23,36.2,38.5,324.0,17.4,71.0,8.6
2025-01-06 22:00:00,2025,1,6,22,Vĩnh Long,Xã An Ngãi Trung,10.0916931,106.5448581,80,Moderate,1,24.5,90,0.2,3.1,149,1011.8,25,33.8,36.3,328.0,15.1,69.0,7.8
2025-01-06 23:00:00,2025,1,6,23,Vĩnh Long,Xã An Ngãi Trung,10.0916931,106.5448581,81,Moderate,1,24.2,92,0.0,4.7,162,1011.6,17,30.4,34.0,325.0,14.1,69.0,6.9
2025-01-07 00:00:00,2025,1,7,0,Vĩnh Long,Xã An Ngãi Trung,10.0916931,106.5448581,81,Moderate,1,24.0,94,0.0,4.7,171,1011.5,7,27.8,31.4,319.0,13.9,69.0,5.9
2025-01-07 01:00:00,2025,1,7,1,Vĩnh Long,Xã An Ngãi Trung,10.0916931,106.5448581,82,Moderate,1,23.8,94,0.0,1.5,201,1011.2,4,27.6,31.4,318.0,14.1,68.0,5.3
2025-01-07 02:00:00,2025,1,7,2,Vĩnh Long,Xã An Ngãi Trung,10.0916931,106.5448581,83,Moderate,1,23.2,96,0.0,2.8,225,1010.5,3,29.0,32.8,325.0,14.9,67.0,5.3
2025-01-07 03:00:00,2025,1,7,3,Vĩnh Long,Xã An Ngãi Trung,10.0916931,106.5448581,84,Moderate,1,23.0,98,0.0,1.1,279,1009.9,4,30.6,34.3,337.0,16.1,66.0,5.6
2025-01-07 04:00:00,2025,1,7,4,Vĩnh Long,Xã An Ngãi Trung,10.0916931,106.5448581,85,Moderate,1,22.8,99,0.0,6.0,319,1009.7,4,33.4,37.1,355.0,17.3,62.0,5.9
2025-01-07 05:00:00,2025,1,7,5,Vĩnh Long,Xã An Ngãi Trung,10.0916931,106.5448581,85,Moderate,1,22.6,99,0.0,4.9,306,1010.0,4,48.7,51.8,383.0,19.0,50.0,5.8
2025-01-07 06:00:00,2025,1,7,6,Vĩnh Long,Xã An Ngãi Trung,10.0916931,106.5448581,86,Moderate,1,22.1,99,0.0,2.7,247,1010.9,18,55.2,58.1,416.0,20.6,36.0,5.8
2025-01-07 07:00:00,2025,1,7,7,Vĩnh Long,Xã An Ngãi Trung,10.0916931,106.5448581,87,Moderate,1,23.0,98,0.0,3.7,235,1011.6,100,58.6,60.1,441.0,21.5,34.0,7.2
2025-01-07 08:00:00,2025,1,7,8,Vĩnh Long,Xã An Ngãi Trung,10.0916931,106.5448581,88,Moderate,1,24.4,89,0.0,1.9,304,1012.8,80,51.1,52.5,457.0,18.0,60.0,11.2
2025-01-07 09:00:00,2025,1,7,9,Vĩnh Long,Xã An Ngãi Trung,10.0916931,106.5448581,90,Moderate,1,26.0,80,0.0,3.2,308,1013.4,85,44.0,45.5,465.0,13.1,96.0,16.6
2025-01-07 10:00:00,2025,1,7,10,Vĩnh Long,Xã An Ngãi Trung,10.0916931,106.5448581,92,Moderate,1,27.5,72,0.0,4.2,353,1013.1,56,39.1,40.4,455.0,9.1,127.0,20.0
2025-01-07 11:00:00,2025,1,7,11,Vĩnh Long,Xã An Ngãi Trung,10.0916931,106.5448581,94,Moderate,1,28.9,65,0.0,4.7,23,1012.3,100,39.1,40.2,414.0,6.8,148.0,19.5
2025-01-07 12:00:00,2025,1,7,12,Vĩnh Long,Xã An Ngãi Trung,10.0916931,106.5448581,96,Moderate,1,29.8,60,0.0,8.5,78,1011.8,99,37.6,38.4,356.0,5.3,163.0,17.0
2025-01-07 13:00:00,2025,1,7,13,Vĩnh Long,Xã An Ngãi Trung,10.0916931,106.5448581,98,Moderate,1,27.8,72,0.4,12.7,108,1011.1,92,35.6,36.4,308.0,4.3,171.0,14.5
2025-01-07 14:00:00,2025,1,7,14,Vĩnh Long,Xã An Ngãi Trung,10.0916931,106.5448581,100,Moderate,1,27.7,74,0.5,9.4,113,1010.2,99,34.2,35.3,282.0,3.8,172.0,12.7
2025-01-07 15:00:00,2025,1,7,15,Vĩnh Long,Xã An Ngãi Trung,10.0916931,106.5448581,101,Unhealthy for Sensitive Groups,2,28.1,70,0.1,8.0,100,1009.6,100,32.1,33.4,267.0,3.9,165.0,11.0
2025-01-07 16:00:00,2025,1,7,16,Vĩnh Long,Xã An Ngãi Trung,10.0916931,106.5448581,103,Unhealthy for Sensitive Groups,2,27.4,72,0.0,10.3,113,1009.5,99,29.5,31.0,257.0,4.4,154.0,9.4
2025-01-07 17:00:00,2025,1,7,17,Vĩnh Long,Xã An Ngãi Trung,10.0916931,106.5448581,121,Unhealthy for Sensitive Groups,2,26.4,76,0.0,9.0,133,1009.7,98,26.7,28.3,254.0,5.7,134.0,7.9
2025-01-07 18:00:00,2025,1,7,18,Vĩnh Long,Xã An Ngãi Trung,10.0916931,106.5448581,129,Unhealthy for Sensitive Groups,2,25.5,78,0.0,6.9,135,1010.0,91,23.5,26.0,257.0,7.5,108.0,6.4
2025-01-07 19:00:00,2025,1,7,19,Vĩnh Long,Xã An Ngãi Trung,10.0916931,106.5448581,125,Unhealthy for Sensitive Groups,2,24.8,83,0.0,8.3,136,1010.6,16,26.8,29.5,257.0,9.5,88.0,6.1
2025-01-07 20:00:00,2025,1,7,20,Vĩnh Long,Xã An Ngãi Trung,10.0916931,106.5448581,112,Unhealthy for Sensitive Groups,2,25.2,83,0.0,8.9,137,1011.4,93,20.7,23.5,253.0,8.8,86.0,5.4
2025-01-07 21:00:00,2025,1,7,21,Vĩnh Long,Xã An Ngãi Trung,10.0916931,106.5448581,100,Moderate,1,25.0,85,0.0,8.4,109,1011.8,46,17.6,20.7,246.0,7.8,82.0,4.5
2025-01-07 22:00:00,2025,1,7,22,Vĩnh Long,Xã An Ngãi Trung,10.0916931,106.5448581,98,Moderate,1,25.0,83,0.0,9.4,83,1011.6,98,15.9,19.0,236.0,7.2,79.0,3.8
2025-01-07 23:00:00,2025,1,7,23,Vĩnh Long,Xã An Ngãi Trung,10.0916931,106.5448581,97,Moderate,1,24.9,83,0.0,10.4,79,1011.3,97,15.3,18.3,219.0,7.5,76.0,3.5
2025-01-08 00:00:00,2025,1,8,0,Vĩnh Long,Xã An Ngãi Trung,10.0916931,106.5448581,95,Moderate,1,24.6,85,0.0,8.5,86,1010.9,88,15.1,18.2,199.0,8.2,74.0,3.4
2025-01-08 01:00:00,2025,1,8,1,Vĩnh Long,Xã An Ngãi Trung,10.0916931,106.5448581,94,Moderate,1,24.2,88,0.0,7.4,94,1010.5,100,16.1,19.3,185.0,8.9,71.0,3.3
2025-01-08 02:00:00,2025,1,8,2,Vĩnh Long,Xã An Ngãi Trung,10.0916931,106.5448581,93,Moderate,1,23.9,91,0.0,5.6,73,1009.9,99,16.6,19.9,178.0,8.9,69.0,3.2
2025-01-08 03:00:00,2025,1,8,3,Vĩnh Long,Xã An Ngãi Trung,10.0916931,106.5448581,92,Moderate,1,23.6,91,0.0,3.8,59,1009.4,10,17.1,20.3,177.0,8.9,67.0,3.2
2025-01-08 04:00:00,2025,1,8,4,Vĩnh Long,Xã An Ngãi Trung,10.0916931,106.5448581,91,Moderate,1,23.5,92,0.0,2.0,63,1009.3,14,17.6,20.9,188.0,9.9,64.0,3.4
2025-01-08 05:00:00,2025,1,8,5,Vĩnh Long,Xã An Ngãi Trung,10.0916931,106.5448581,90,Moderate,1,23.1,93,0.0,1.5,7,1009.9,4,19.6,22.9,223.0,13.7,55.0,3.7
2025-01-08 06:00:00,2025,1,8,6,Vĩnh Long,Xã An Ngãi Trung,10.0916931,106.5448581,87,Moderate,1,22.6,96,0.0,2.2,351,1010.6,93,25.2,28.8,269.0,18.6,45.0,4.2
2025-01-08 07:00:00,2025,1,8,7,Vĩnh Long,Xã An Ngãi Trung,10.0916931,106.5448581,84,Moderate,1,23.4,95,0.0,4.1,360,1011.2,99,44.7,48.1,296.0,21.8,39.0,3.9
2025-01-08 08:00:00,2025,1,8,8,Vĩnh Long,Xã An Ngãi Trung,10.0916931,106.5448581,83,Moderate,1,25.4,90,0.0,1.0,211,1012.4,4,29.3,33.2,283.0,18.3,56.0,5.3
2025-01-08 09:00:00,2025,1,8,9,Vĩnh Long,Xã An Ngãi Trung,10.0916931,106.5448581,81,Moderate,1,27.1,80,0.0,2.7,122,1013.1,12,22.6,27.5,251.0,13.4,80.0,7.3
2025-01-08 10:00:00,2025,1,8,10,Vĩnh Long,Xã An Ngãi Trung,10.0916931,106.5448581,79,Moderate,1,28.1,69,0.2,1.1,81,1012.9,64,24.2,26.8,230.0,9.3,103.0,8.8
2025-01-08 11:00:00,2025,1,8,11,Vĩnh Long,Xã An Ngãi Trung,10.0916931,106.5448581,78,Moderate,1,29.0,64,0.1,2.8,325,1012.3,63,29.1,31.1,239.0,6.9,125.0,9.6
2025-01-08 12:00:00,2025,1,8,12,Vĩnh Long,Xã An Ngãi Trung,10.0916931,106.5448581,77,Moderate,1,30.0,60,0.1,4.0,333,1011.3,22,33.3,35.0,259.0,5.3,146.0,9.9
2025-01-08 13:00:00,2025,1,8,13,Vĩnh Long,Xã An Ngãi Trung,10.0916931,106.5448581,77,Moderate,1,30.5,57,0.0,3.5,9,1009.9,28,35.3,36.9,268.0,4.3,162.0,10.1
2025-01-08 14:00:00,2025,1,8,14,Vĩnh Long,Xã An Ngãi Trung,10.0916931,106.5448581,77,Moderate,1,29.9,59,0.0,6.8,88,1009.2,33,37.8,39.3,250.0,3.9,171.0,10.1
2025-01-08 15:00:00,2025,1,8,15,Vĩnh Long,Xã An Ngãi Trung,10.0916931,106.5448581,77,Moderate,1,27.8,75,0.1,16.1,114,1009.3,33,38.8,40.3,221.0,4.2,175.0,9.9
2025-01-08 16:00:00,2025,1,8,16,Vĩnh Long,Xã An Ngãi Trung,10.0916931,106.5448581,83,Moderate,1,26.6,74,0.0,13.8,118,1009.3,19,38.5,40.2,203.0,4.9,170.0,9.4
2025-01-08 17:00:00,2025,1,8,17,Vĩnh Long,Xã An Ngãi Trung,10.0916931,106.5448581,107,Unhealthy for Sensitive Groups,2,26.8,73,0.0,10.0,103,1009.5,23,35.5,37.4,210.0,6.3,152.0,8.4
2025-01-08 18:00:00,2025,1,8,18,Vĩnh Long,Xã An Ngãi Trung,10.0916931,106.5448581,123,Unhealthy for Sensitive Groups,2,25.8,75,0.0,9.7,109,1010.0,99,32.7,35.5,227.0,8.1,126.0,7.1
2025-01-08 19:00:00,2025,1,8,19,Vĩnh Long,Xã An Ngãi Trung,10.0916931,106.5448581,128,Unhealthy for Sensitive Groups,2,25.1,79,0.0,7.3,107,1010.7,100,17.1,19.8,238.0,8.1,103.0,4.8
2025-01-08 20:00:00,2025,1,8,20,Vĩnh Long,Xã An Ngãi Trung,10.0916931,106.5448581,123,Unhealthy for Sensitive Groups,2,25.1,79,0.0,9.6,111,1011.9,100,14.0,17.1,233.0,7.4,101.0,4.5
2025-01-08 21:00:00,2025,1,8,21,Vĩnh Long,Xã An Ngãi Trung,10.0916931,106.5448581,113,Unhealthy for Sensitive Groups,2,25.1,76,0.0,11.5,107,1012.3,100,13.0,15.9,220.0,6.5,98.0,4.0
2025-01-08 22:00:00,2025,1,8,22,Vĩnh Long,Xã An Ngãi Trung,10.0916931,106.5448581,100,Moderate,1,25.1,79,0.0,13.5,103,1012.2,100,12.8,15.7,208.0,5.9,95.0,3.6
2025-01-08 23:00:00,2025,1,8,23,Vĩnh Long,Xã An Ngãi Trung,10.0916931,106.5448581,84,Moderate,1,24.9,80,0.0,13.6,97,1011.9,100,12.9,15.8,198.0,5.8,92.0,3.2
2025-01-09 00:00:00,2025,1,9,0,Vĩnh Long,Xã An Ngãi Trung,10.0916931,106.5448581,78,Moderate,1,24.6,83,0.0,12.6,92,1011.6,100,12.8,15.8,190.0,6.0,90.0,2.9
2025-01-09 01:00:00,2025,1,9,1,Vĩnh Long,Xã An Ngãi Trung,10.0916931,106.5448581,77,Moderate,1,24.4,82,0.0,10.1,87,1011.1,100,13.3,16.4,185.0,6.2,87.0,2.6
2025-01-09 02:00:00,2025,1,9,2,Vĩnh Long,Xã An Ngãi Trung,10.0916931,106.5448581,77,Moderate,1,24.0,83,0.0,7.5,79,1010.4,100,13.6,16.6,184.0,6.2,84.0,2.4
2025-01-09 03:00:00,2025,1,9,3,Vĩnh Long,Xã An Ngãi Trung,10.0916931,106.5448581,77,Moderate,1,23.5,87,0.0,6.1,67,1010.2,100,13.7,16.6,187.0,6.3,81.0,2.3
2025-01-09 04:00:00,2025,1,9,4,Vĩnh Long,Xã An Ngãi Trung,10.0916931,106.5448581,77,Moderate,1,23.1,90,0.0,5.7,62,1010.1,100,13.9,16.6,199.0,7.1,77.0,2.6
2025-01-09 05:00:00,2025,1,9,5,Vĩnh Long,Xã An Ngãi Trung,10.0916931,106.5448581,76,Moderate,1,22.8,92,0.0,5.2,46,1010.5,100,14.4,16.8,227.0,9.4,70.0,3.5
2025-01-09 06:00:00,2025,1,9,6,Vĩnh Long,Xã An Ngãi Trung,10.0916931,106.5448581,76,Moderate,1,22.5,94,0.0,5.5,36,1011.0,100,15.8,18.0,264.0,12.4,62.0,4.9
2025-01-09 07:00:00,2025,1,9,7,Vĩnh Long,Xã An Ngãi Trung,10.0916931,106.5448581,75,Moderate,1,23.1,91,0.0,8.4,9,1011.8,100,22.4,25.4,288.0,13.9,61.0,6.2
2025-01-09 08:00:00,2025,1,9,8,Vĩnh Long,Xã An Ngãi Trung,10.0916931,106.5448581,73,Moderate,1,25.0,83,0.0,7.6,22,1013.1,97,21.5,24.4,285.0,14.2,66.0,8.2
2025-01-09 09:00:00,2025,1,9,9,Vĩnh Long,Xã An Ngãi Trung,10.0916931,106.5448581,72,Moderate,1,26.6,75,0.0,9.7,39,1013.6,100,21.1,24.6,269.0,14.5,73.0,10.9
2025-01-09 10:00:00,2025,1,9,10,Vĩnh Long,Xã An Ngãi Trung,10.0916931,106.5448581,72,Moderate,1,27.8,69,0.0,8.6,54,1013.7,100,22.5,26.0,262.0,13.7,86.0,12.5
2025-01-09 11:00:00,2025,1,9,11,Vĩnh Long,Xã An Ngãi Trung,10.0916931,106.5448581,72,Moderate,1,28.8,64,0.0,8.1,65,1012.9,100,23.3,25.3,279.0,10.9,110.0,12.1
2025-01-09 12:00:00,2025,1,9,12,Vĩnh Long,Xã An Ngãi Trung,10.0916931,106.5448581,71,Moderate,1,29.5,60,0.0,6.9,76,1011.9,100,25.4,27.1,305.0,7.0,139.0,10.6
2025-01-09 13:00:00,2025,1,9,13,Vĩnh Long,Xã An Ngãi Trung,10.0916931,106.5448581,71,Moderate,1,29.6,59,0.0,5.2,104,1010.7,100,25.5,27.2,316.0,4.2,157.0,9.1
2025-01-09 14:00:00,2025,1,9,14,Vĩnh Long,Xã An Ngãi Trung,10.0916931,106.5448581,70,Moderate,1,29.8,59,0.0,7.0,130,1009.7,98,24.2,26.1,296.0,3.3,157.0,7.7
2025-01-09 15:00:00,2025,1,9,15,Vĩnh Long,Xã An Ngãi Trung,10.0916931,106.5448581,69,Moderate,1,28.8,63,0.0,9.4,133,1009.7,100,23.5,26.8,260.0,3.4,146.0,6.2
2025-01-09 16:00:00,2025,1,9,16,Vĩnh Long,Xã An Ngãi Trung,10.0916931,106.5448581,67,Moderate,1,27.5,67,0.0,10.2,135,1010.0,100,19.7,22.7,237.0,4.1,132.0,5.1
2025-01-09 17:00:00,2025,1,9,17,Vĩnh Long,Xã An Ngãi Trung,10.0916931,106.5448581,79,Moderate,1,26.5,73,0.0,9.2,130,1010.5,100,17.9,20.6,239.0,5.8,116.0,4.5
2025-01-09 18:00:00,2025,1,9,18,Vĩnh Long,Xã An Ngãi Trung,10.0916931,106.5448581,88,Moderate,1,25.9,74,0.0,8.5,119,1011.0,100,17.5,20.4,253.0,8.1,96.0,4.2
2025-01-09 19:00:00,2025,1,9,19,Vĩnh Long,Xã An Ngãi Trung,10.0916931,106.5448581,91,Moderate,1,25.5,75,0.0,6.8,117,1011.9,100,31.0,33.1,263.0,17.3,89.0,9.1
2025-01-09 20:00:00,2025,1,9,20,Vĩnh Long,Xã An Ngãi Trung,10.0916931,106.5448581,86,Moderate,1,25.2,84,0.0,4.3,75,1012.8,100,27.4,29.7,265.0,15.3,84.0,7.9
2025-01-09 21:00:00,2025,1,9,21,Vĩnh Long,Xã An Ngãi Trung,10.0916931,106.5448581,74,Moderate,1,25.1,84,0.0,5.0,69,1013.1,100,20.6,23.8,263.0,12.6,77.0,6.3
2025-01-09 22:00:00,2025,1,9,22,Vĩnh Long,Xã An Ngãi Trung,10.0916931,106.5448581,66,Moderate,1,25.0,86,0.0,6.0,106,1012.9,100,17.1,19.8,259.0,10.5,72.0,4.9
2025-01-09 23:00:00,2025,1,9,23,Vĩnh Long,Xã An Ngãi Trung,10.0916931,106.5448581,66,Moderate,1,24.9,91,0.0,7.9,101,1013.1,61,15.1,17.7,249.0,9.6,70.0,4.0
2025-01-10 00:00:00,2025,1,10,0,Vĩnh Long,Xã An Ngãi Trung,10.0916931,106.5448581,66,Moderate,1,24.7,92,0.0,7.6,105,1012.6,83,14.3,16.9,237.0,9.3,69.0,3.4
2025-01-10 01:00:00,2025,1,10,1,Vĩnh Long,Xã An Ngãi Trung,10.0916931,106.5448581,67,Moderate,1,24.1,94,0.0,5.1,72,1012.4,100,15.1,17.8,232.0,9.5,68.0,3.2
2025-01-10 02:00:00,2025,1,10,2,Vĩnh Long,Xã An Ngãi Trung,10.0916931,106.5448581,67,Moderate,1,24.2,94,0.0,4.8,25,1011.9,100,16.5,19.4,230.0,10.1,65.0,3.2
2025-01-10 03:00:00,2025,1,10,3,Vĩnh Long,Xã An Ngãi Trung,10.0916931,106.5448581,67,Moderate,1,23.5,97,0.0,4.6,9,1011.4,96,17.8,20.7,235.0,11.2,62.0,3.7
2025-01-10 04:00:00,2025,1,10,4,Vĩnh Long,Xã An Ngãi Trung,10.0916931,106.5448581,67,Moderate,1,23.5,97,0.0,5.1,4,1011.4,100,19.7,22.2,267.0,13.2,57.0,4.9
2025-01-10 05:00:00,2025,1,10,5,Vĩnh Long,Xã An Ngãi Trung,10.0916931,106.5448581,68,Moderate,1,23.8,95,0.0,8.1,12,1011.6,100,21.7,24.0,367.0,17.3,48.0,7.6
2025-01-10 06:00:00,2025,1,10,6,Vĩnh Long,Xã An Ngãi Trung,10.0916931,106.5448581,68,Moderate,1,23.9,92,0.0,6.5,23,1012.6,100,24.4,26.5,494.0,22.3,37.0,11.2
2025-01-10 07:00:00,2025,1,10,7,Vĩnh Long,Xã An Ngãi Trung,10.0916931,106.5448581,69,Moderate,1,24.2,88,0.0,5.9,35,1013.5,100,31.7,33.9,552.0,36.7,27.0,20.0
2025-01-10 08:00:00,2025,1,10,8,Vĩnh Long,Xã An Ngãi Trung,10.0916931,106.5448581,70,Moderate,1,26.1,84,0.0,10.7,96,1014.8,96,33.1,35.9,472.0,33.0,41.0,20.2
2025-01-10 09:00:00,2025,1,10,9,Vĩnh Long,Xã An Ngãi Trung,10.0916931,106.5448581,71,Moderate,1,27.1,67,0.0,15.2,86,1014.9,100,29.9,33.2,321.0,27.7,61.0,20.2
2025-01-10 10:00:00,2025,1,10,10,Vĩnh Long,Xã An Ngãi Trung,10.0916931,106.5448581,72,Moderate,1,28.2,61,0.0,14.8,77,1014.6,100,23.6,27.1,209.0,22.0,79.0,18.8
2025-01-10 11:00:00,2025,1,10,11,Vĩnh Long,Xã An Ngãi Trung,10.0916931,106.5448581,72,Moderate,1,29.2,58,0.0,12.8,85,1014.2,100,18.4,21.7,183.0,15.7,92.0,14.7
2025-01-10 12:00:00,2025,1,10,12,Vĩnh Long,Xã An Ngãi Trung,10.0916931,106.5448581,72,Moderate,1,29.0,59,0.0,14.4,94,1013.6,100,14.9,18.0,194.0,9.1,102.0,9.1
2025-01-10 13:00:00,2025,1,10,13,Vĩnh Long,Xã An Ngãi Trung,10.0916931,106.5448581,71,Moderate,1,29.0,60,0.0,12.8,94,1012.6,100,13.2,16.5,208.0,4.4,109.0,4.9
2025-01-10 14:00:00,2025,1,10,14,Vĩnh Long,Xã An Ngãi Trung,10.0916931,106.5448581,70,Moderate,1,28.6,64,0.0,12.5,102,1011.5,100,12.9,16.4,212.0,2.8,110.0,3.3
2025-01-10 15:00:00,2025,1,10,15,Vĩnh Long,Xã An Ngãi Trung,10.0916931,106.5448581,69,Moderate,1,28.2,66,0.0,13.5,104,1011.0,100,12.3,15.5,219.0,3.2,107.0,3.0
2025-01-10 16:00:00,2025,1,10,16,Vĩnh Long,Xã An Ngãi Trung,10.0916931,106.5448581,68,Moderate,1,27.5,69,0.0,13.9,95,1011.1,99,12.5,15.7,226.0,4.1,104.0,3.0
2025-01-10 17:00:00,2025,1,10,17,Vĩnh Long,Xã An Ngãi Trung,10.0916931,106.5448581,67,Moderate,1,27.0,71,0.0,13.2,85,1011.8,100,13.3,16.3,235.0,5.7,101.0,3.1
2025-01-10 18:00:00,2025,1,10,18,Vĩnh Long,Xã An Ngãi Trung,10.0916931,106.5448581,66,Moderate,1,26.0,77,0.0,12.1,92,1012.4,100,16.0,19.0,245.0,7.9,97.0,3.5
2025-01-10 19:00:00,2025,1,10,19,Vĩnh Long,Xã An Ngãi Trung,10.0916931,106.5448581,66,Moderate,1,25.6,78,0.0,14.3,97,1013.0,100,24.3,28.2,252.0,10.7,101.0,6.4
2025-01-10 20:00:00,2025,1,10,20,Vĩnh Long,Xã An Ngãi Trung,10.0916931,106.5448581,66,Moderate,1,25.5,78,0.0,15.8,97,1013.7,100,20.1,23.6,251.0,8.8,102.0,5.1
2025-01-10 21:00:00,2025,1,10,21,Vĩnh Long,Xã An Ngãi Trung,10.0916931,106.5448581,65,Moderate,1,25.5,76,0.0,14.7,79,1013.7,100,16.5,19.7,246.0,6.2,103.0,3.3
2025-01-10 22:00:00,2025,1,10,22,Vĩnh Long,Xã An Ngãi Trung,10.0916931,106.5448581,65,Moderate,1,25.2,77,0.0,14.8,68,1013.6,100,14.5,17.2,248.0,5.0,102.0,2.4
2025-01-10 23:00:00,2025,1,10,23,Vĩnh Long,Xã An Ngãi Trung,10.0916931,106.5448581,65,Moderate,1,24.9,78,0.0,10.8,69,1013.8,100,14.3,16.6,257.0,6.3,97.0,3.1
2025-01-11 00:00:00,2025,1,11,0,Vĩnh Long,Xã An Ngãi Trung,10.0916931,106.5448581,64,Moderate,1,24.8,78,0.0,8.7,37,1013.8,94,15.8,17.9,273.0,9.0,90.0,4.7
2025-01-11 01:00:00,2025,1,11,1,Vĩnh Long,Xã An Ngãi Trung,10.0916931,106.5448581,65,Moderate,1,24.0,81,0.0,6.1,28,1013.2,62,18.2,20.1,301.0,11.6,82.0,6.3
2025-01-11 02:00:00,2025,1,11,2,Vĩnh Long,Xã An Ngãi Trung,10.0916931,106.5448581,65,Moderate,1,23.2,86,0.0,4.4,21,1012.4,100,20.3,22.2,355.0,13.6,74.0,7.3
2025-01-11 03:00:00,2025,1,11,3,Vĩnh Long,Xã An Ngãi Trung,10.0916931,106.5448581,65,Moderate,1,23.0,87,0.0,4.0,3,1011.9,100,22.5,24.4,422.0,15.5,66.0,8.3
2025-01-11 04:00:00,2025,1,11,4,Vĩnh Long,Xã An Ngãi Trung,10.0916931,106.5448581,66,Moderate,1,22.7,90,0.0,2.8,342,1012.2,94,24.4,25.8,468.0,17.5,58.0,9.7
2025-01-11 05:00:00,2025,1,11,5,Vĩnh Long,Xã An Ngãi Trung,10.0916931,106.5448581,66,Moderate,1,22.2,92,0.0,3.6,323,1012.6,63,26.5,27.6,474.0,20.2,49.0,12.0
2025-01-11 06:00:00,2025,1,11,6,Vĩnh Long,Xã An Ngãi Trung,10.0916931,106.5448581,66,Moderate,1,21.9,83,0.0,7.1,311,1013.3,83,28.3,29.0,459.0,23.0,40.0,14.8
2025-01-11 07:00:00,2025,1,11,7,Vĩnh Long,Xã An Ngãi Trung,10.0916931,106.5448581,67,Moderate,1,21.9,75,0.0,8.4,313,1014.0,65,32.5,33.3,446.0,23.4,47.0,14.1
2025-01-11 08:00:00,2025,1,11,8,Vĩnh Long,Xã An Ngãi Trung,10.0916931,106.5448581,67,Moderate,1,23.5,75,0.0,7.3,306,1015.2,100,31.8,32.5,445.0,21.3,61.0,15.2
2025-01-11 09:00:00,2025,1,11,9,Vĩnh Long,Xã An Ngãi Trung,10.0916931,106.5448581,67,Moderate,1,25.2,70,0.0,7.8,328,1015.8,100,29.8,30.6,446.0,18.2,81.0,16.7
2025-01-11 10:00:00,2025,1,11,10,Vĩnh Long,Xã An Ngãi Trung,10.0916931,106.5448581,67,Moderate,1,26.3,68,0.0,6.4,350,1016.1,100,27.0,27.9,439.0,14.9,103.0,17.0
2025-01-11 11:00:00,2025,1,11,11,Vĩnh Long,Xã An Ngãi Trung,10.0916931,106.5448581,67,Moderate,1,27.4,63,0.0,7.4,354,1015.6,100,25.5,26.4,415.0,10.9,129.0,15.0
2025-01-11 12:00:00,2025,1,11,12,Vĩnh Long,Xã An Ngãi Trung,10.0916931,106.5448581,68,Moderate,1,28.4,60,0.0,10.1,343,1014.3,100,25.1,26.1,384.0,6.6,158.0,11.9
2025-01-11 13:00:00,2025,1,11,13,Vĩnh Long,Xã An Ngãi Trung,10.0916931,106.5448581,69,Moderate,1,29.0,57,0.0,9.6,356,1013.0,100,25.1,26.0,361.0,3.7,179.0,9.6
2025-01-11 14:00:00,2025,1,11,14,Vĩnh Long,Xã An Ngãi Trung,10.0916931,106.5448581,70,Moderate,1,29.2,55,0.0,10.6,11,1011.9,100,25.4,26.3,356.0,2.8,189.0,9.0
2025-01-11 15:00:00,2025,1,11,15,Vĩnh Long,Xã An Ngãi Trung,10.0916931,106.5448581,71,Moderate,1,29.5,55,0.0,13.9,6,1011.7,100,26.0,27.0,359.0,3.2,192.0,9.3
2025-01-11 16:00:00,2025,1,11,16,Vĩnh Long,Xã An Ngãi Trung,10.0916931,106.5448581,99,Moderate,1,29.4,56,0.0,10.9,27,1011.4,100,27.1,28.0,359.0,4.8,186.0,9.7
2025-01-11 17:00:00,2025,1,11,17,Vĩnh Long,Xã An Ngãi Trung,10.0916931,106.5448581,125,Unhealthy for Sensitive Groups,2,26.7,71,0.0,16.2,102,1012.0,100,30.0,30.7,349.0,8.7,167.0,10.5
2025-01-11 18:00:00,2025,1,11,18,Vĩnh Long,Xã An Ngãi Trung,10.0916931,106.5448581,144,Unhealthy for Sensitive Groups,2,25.5,75,0.0,13.0,95,1012.5,100,35.4,36.2,336.0,13.7,140.0,11.4
2025-01-11 19:00:00,2025,1,11,19,Vĩnh Long,Xã An Ngãi Trung,10.0916931,106.5448581,151,Unhealthy,3,25.4,74,0.0,11.7,79,1012.8,100,44.9,46.0,332.0,20.6,115.0,15.2
2025-01-11 20:00:00,2025,1,11,20,Vĩnh Long,Xã An Ngãi Trung,10.0916931,106.5448581,149,Unhealthy for Sensitive Groups,2,25.5,76,0.0,10.2,97,1014.5,100,36.8,38.5,341.0,17.2,109.0,12.9
2025-01-11 21:00:00,2025,1,11,21,Vĩnh Long,Xã An Ngãi Trung,10.0916931,106.5448581,138,Unhealthy for Sensitive Groups,2,25.3,76,0.0,9.7,88,1014.4,100,27.8,29.9,358.0,12.7,101.0,9.7
2025-01-11 22:00:00,2025,1,11,22,Vĩnh Long,Xã An Ngãi Trung,10.0916931,106.5448581,122,Unhealthy for Sensitive Groups,2,25.0,79,0.0,8.4,75,1014.4,100,23.7,26.5,385.0,10.4,91.0,7.8
2025-01-11 23:00:00,2025,1,11,23,Vĩnh Long,Xã An Ngãi Trung,10.0916931,106.5448581,101,Unhealthy for Sensitive Groups,2,24.5,79,0.0,8.1,35,1014.6,100,22.8,24.8,430.0,12.3,78.0,8.2
2025-01-12 00:00:00,2025,1,12,0,Vĩnh Long,Xã An Ngãi Trung,10.0916931,106.5448581,82,Moderate,1,23.7,83,0.0,5.8,351,1014.1,97,21.6,22.8,484.0,16.4,63.0,9.9
2025-01-12 01:00:00,2025,1,12,1,Vĩnh Long,Xã An Ngãi Trung,10.0916931,106.5448581,83,Moderate,1,23.2,77,0.0,8.7,354,1013.3,100,21.4,21.8,525.0,19.7,51.0,11.6
2025-01-12 02:00:00,2025,1,12,2,Vĩnh Long,Xã An Ngãi Trung,10.0916931,106.5448581,83,Moderate,1,22.8,69,0.0,8.4,10,1012.5,100,21.3,21.5,543.0,21.2,46.0,12.9
2025-01-12 03:00:00,2025,1,12,3,Vĩnh Long,Xã An Ngãi Trung,10.0916931,106.5448581,83,Moderate,1,22.2,70,0.0,7.7,11,1012.0,100,21.3,21.4,548.0,22.0,44.0,14.1
2025-01-12 04:00:00,2025,1,12,4,Vĩnh Long,Xã An Ngãi Trung,10.0916931,106.5448581,83,Moderate,1,22.0,71,0.0,8.5,17,1012.2,100,21.3,21.4,541.0,22.3,43.0,15.1
2025-01-12 05:00:00,2025,1,12,5,Vĩnh Long,Xã An Ngãi Trung,10.0916931,106.5448581,83,Moderate,1,21.8,72,0.0,8.6,11,1012.6,100,21.3,21.4,519.0,22.5,42.0,15.9
2025-01-12 06:00:00,2025,1,12,6,Vĩnh Long,Xã An Ngãi Trung,10.0916931,106.5448581,82,Moderate,1,21.5,74,0.0,8.6,360,1013.0,73,21.1,21.2,485.0,22.2,42.0,16.5
2025-01-12 07:00:00,2025,1,12,7,Vĩnh Long,Xã An Ngãi Trung,10.0916931,106.5448581,82,Moderate,1,21.7,75,0.0,8.7,352,1013.5,27,21.8,22.1,458.0,22.1,47.0,17.6
2025-01-12 08:00:00,2025,1,12,8,Vĩnh Long,Xã An Ngãi Trung,10.0916931,106.5448581,81,Moderate,1,23.1,71,0.0,9.6,343,1014.5,43,20.9,21.1,445.0,19.3,59.0,17.3
2025-01-12 09:00:00,2025,1,12,9,Vĩnh Long,Xã An Ngãi Trung,10.0916931,106.5448581,80,Moderate,1,24.5,68,0.0,10.4,340,1014.9,29,20.2,20.4,438.0,15.3,76.0,16.9
2025-01-12 10:00:00,2025,1,12,10,Vĩnh Long,Xã An Ngãi Trung,10.0916931,106.5448581,79,Moderate,1,25.9,66,0.0,8.1,343,1014.8,73,19.4,19.7,429.0,11.6,96.0,16.0
2025-01-12 11:00:00,2025,1,12,11,Vĩnh Long,Xã An Ngãi Trung,10.0916931,106.5448581,78,Moderate,1,27.1,62,0.0,6.7,355,1014.3,97,19.3,19.6,416.0,8.4,120.0,14.1
2025-01-12 12:00:00,2025,1,12,12,Vĩnh Long,Xã An Ngãi Trung,10.0916931,106.5448581,78,Moderate,1,28.0,61,0.0,6.9,351,1013.2,100,19.6,20.0,401.0,5.4,145.0,11.8
2025-01-12 13:00:00,2025,1,12,13,Vĩnh Long,Xã An Ngãi Trung,10.0916931,106.5448581,77,Moderate,1,28.4,60,0.0,6.9,345,1011.9,100,19.9,20.4,388.0,3.4,165.0,10.1
2025-01-12 14:00:00,2025,1,12,14,Vĩnh Long,Xã An Ngãi Trung,10.0916931,106.5448581,77,Moderate,1,28.8,58,0.0,7.3,353,1010.6,77,20.8,21.2,378.0,2.7,177.0,9.7
2025-01-12 15:00:00,2025,1,12,15,Vĩnh Long,Xã An Ngãi Trung,10.0916931,106.5448581,76,Moderate,1,28.9,58,0.0,6.7,24,1010.1,52,21.6,22.1,370.0,3.0,182.0,10.1
2025-01-12 16:00:00,2025,1,12,16,Vĩnh Long,Xã An Ngãi Trung,10.0916931,106.5448581,84,Moderate,1,28.0,61,0.0,7.5,70,1010.3,83,22.8,23.2,362.0,4.4,179.0,10.5
2025-01-12 17:00:00,2025,1,12,17,Vĩnh Long,Xã An Ngãi Trung,10.0916931,106.5448581,109,Unhealthy for Sensitive Groups,2,26.0,70,0.0,11.9,110,1010.6,83,24.6,25.0,355.0,8.1,162.0,11.0
2025-01-12 18:00:00,2025,1,12,18,Vĩnh Long,Xã An Ngãi Trung,10.0916931,106.5448581,127,Unhealthy for Sensitive Groups,2,24.3,76,0.0,13.7,95,1011.3,100,28.0,28.6,348.0,13.0,137.0,11.6
2025-01-12 19:00:00,2025,1,12,19,Vĩnh Long,Xã An Ngãi Trung,10.0916931,106.5448581,136,Unhealthy for Sensitive Groups,2,24.6,74,0.0,10.6,87,1011.9,100,32.8,33.5,339.0,16.1,117.0,11.9
2025-01-12 20:00:00,2025,1,12,20,Vĩnh Long,Xã An Ngãi Trung,10.0916931,106.5448581,135,Unhealthy for Sensitive Groups,2,24.9,77,0.0,13.2,92,1012.9,100,29.9,31.4,325.0,13.3,111.0,10.0
2025-01-12 21:00:00,2025,1,12,21,Vĩnh Long,Xã An Ngãi Trung,10.0916931,106.5448581,128,Unhealthy for Sensitive Groups,2,24.4,78,0.0,11.2,85,1013.5,72,23.9,25.7,310.0,9.7,103.0,7.3
2025-01-12 22:00:00,2025,1,12,22,Vĩnh Long,Xã An Ngãi Trung,10.0916931,106.5448581,115,Unhealthy for Sensitive Groups,2,23.6,82,0.0,9.2,83,1013.4,60,20.7,23.1,303.0,7.9,93.0,5.7
2025-01-12 23:00:00,2025,1,12,23,Vĩnh Long,Xã An Ngãi Trung,10.0916931,106.5448581,97,Moderate,1,23.2,85,0.0,7.4,67,1013.3,90,20.5,22.9,310.0,9.7,82.0,5.8
2025-01-13 00:00:00,2025,1,13,0,Vĩnh Long,Xã An Ngãi Trung,10.0916931,106.5448581,76,Moderate,1,22.6,87,0.0,5.6,15,1013.3,91,24.9,27.1,325.0,13.5,69.0,6.8
2025-01-13 01:00:00,2025,1,13,1,Vĩnh Long,Xã An Ngãi Trung,10.0916931,106.5448581,72,Moderate,1,22.0,90,0.0,4.7,356,1012.8,86,30.9,32.8,344.0,16.9,58.0,8.4
2025-01-13 02:00:00,2025,1,13,2,Vĩnh Long,Xã An Ngãi Trung,10.0916931,106.5448581,73,Moderate,1,21.8,91,0.0,4.7,332,1012.1,100,33.5,34.9,370.0,19.4,49.0,10.8
2025-01-13 03:00:00,2025,1,13,3,Vĩnh Long,Xã An Ngãi Trung,10.0916931,106.5448581,74,Moderate,1,21.8,88,0.0,8.6,330,1011.4,77,35.3,36.1,400.0,21.5,41.0,13.6
2025-01-13 04:00:00,2025,1,13,4,Vĩnh Long,Xã An Ngãi Trung,10.0916931,106.5448581,75,Moderate,1,21.1,71,0.0,9.7,332,1011.4,100,34.9,35.2,419.0,22.8,35.0,15.9
2025-01-13 05:00:00,2025,1,13,5,Vĩnh Long,Xã An Ngãi Trung,10.0916931,106.5448581,77,Moderate,1,20.6,69,0.0,6.0,344,1011.7,100,33.4,33.6,419.0,23.1,31.0,16.9
2025-01-13 06:00:00,2025,1,13,6,Vĩnh Long,Xã An Ngãi Trung,10.0916931,106.5448581,78,Moderate,1,20.1,71,0.0,5.2,2,1012.3,86,31.8,31.9,409.0,22.5,29.0,17.2
2025-01-13 07:00:00,2025,1,13,7,Vĩnh Long,Xã An Ngãi Trung,10.0916931,106.5448581,79,Moderate,1,20.4,72,0.0,7.3,350,1012.9,27,44.8,45.3,398.0,19.2,38.0,17.0
2025-01-13 08:00:00,2025,1,13,8,Vĩnh Long,Xã An Ngãi Trung,10.0916931,106.5448581,81,Moderate,1,21.8,68,0.0,5.7,351,1014.1,2,42.8,43.1,390.0,17.4,53.0,18.7
2025-01-13 09:00:00,2025,1,13,9,Vĩnh Long,Xã An Ngãi Trung,10.0916931,106.5448581,83,Moderate,1,23.6,64,0.0,4.3,338,1014.4,0,41.7,42.0,382.0,14.7,75.0,21.0
2025-01-13 10:00:00,2025,1,13,10,Vĩnh Long,Xã An Ngãi Trung,10.0916931,106.5448581,85,Moderate,1,25.4,63,0.0,0.8,135,1014.1,2,41.3,41.9,371.0,11.9,99.0,21.9
2025-01-13 11:00:00,2025,1,13,11,Vĩnh Long,Xã An Ngãi Trung,10.0916931,106.5448581,86,Moderate,1,26.5,64,0.0,3.2,161,1013.6,71,41.9,42.6,355.0,8.8,128.0,20.2
2025-01-13 12:00:00,2025,1,13,12,Vĩnh Long,Xã An Ngãi Trung,10.0916931,106.5448581,89,Moderate,1,27.6,62,0.0,3.5,159,1012.8,97,41.9,42.8,336.0,5.5,158.0,17.1
2025-01-13 13:00:00,2025,1,13,13,Vĩnh Long,Xã An Ngãi Trung,10.0916931,106.5448581,90,Moderate,1,28.3,59,0.0,3.1,135,1011.4,6,42.4,43.4,318.0,3.4,181.0,14.7
2025-01-13 14:00:00,2025,1,13,14,Vĩnh Long,Xã An Ngãi Trung,10.0916931,106.5448581,92,Moderate,1,28.6,58,0.0,4.6,135,1010.0,4,43.2,44.1,297.0,2.6,192.0,13.8
2025-01-13 15:00:00,2025,1,13,15,Vĩnh Long,Xã An Ngãi Trung,10.0916931,106.5448581,94,Moderate,1,28.6,57,0.0,4.8,149,1009.2,20,43.4,44.4,275.0,2.9,196.0,13.5
2025-01-13 16:00:00,2025,1,13,16,Vĩnh Long,Xã An Ngãi Trung,10.0916931,106.5448581,97,Moderate,1,27.9,58,0.0,7.8,143,1009.0,40,43.5,44.5,267.0,5.1,189.0,13.7
2025-01-13 17:00:00,2025,1,13,17,Vĩnh Long,Xã An Ngãi Trung,10.0916931,106.5448581,126,Unhealthy for Sensitive Groups,2,26.2,63,0.0,9.4,122,1009.5,78,45.5,46.3,281.0,10.6,167.0,14.3
2025-01-13 18:00:00,2025,1,13,18,Vĩnh Long,Xã An Ngãi Trung,10.0916931,106.5448581,145,Unhealthy for Sensitive Groups,2,24.9,70,0.0,5.1,96,1010.1,78,58.8,59.6,307.0,18.0,135.0,15.4
2025-01-13 19:00:00,2025,1,13,19,Vĩnh Long,Xã An Ngãi Trung,10.0916931,106.5448581,152,Unhealthy,3,24.1,76,0.0,5.0,134,1010.8,52,44.5,45.3,331.0,19.4,113.0,13.5
2025-01-13 20:00:00,2025,1,13,20,Vĩnh Long,Xã An Ngãi Trung,10.0916931,106.5448581,150,Unhealthy for Sensitive Groups,2,24.5,77,0.0,7.7,159,1012.4,96,44.4,45.4,350.0,21.2,106.0,14.8
2025-01-13 21:00:00,2025,1,13,21,Vĩnh Long,Xã An Ngãi Trung,10.0916931,106.5448581,139,Unhealthy for Sensitive Groups,2,24.0,85,0.0,3.5,99,1013.1,97,50.9,53.1,367.0,23.7,97.0,16.5
2025-01-13 22:00:00,2025,1,13,22,Vĩnh Long,Xã An Ngãi Trung,10.0916931,106.5448581,121,Unhealthy for Sensitive Groups,2,24.0,86,0.0,2.5,69,1012.8,100,56.5,59.0,376.0,25.6,88.0,17.5
2025-01-13 23:00:00,2025,1,13,23,Vĩnh Long,Xã An Ngãi Trung,10.0916931,106.5448581,113,Unhealthy for Sensitive Groups,2,23.9,86,0.0,1.5,135,1012.8,100,60.8,63.3,365.0,26.3,81.0,16.9
2025-01-14 00:00:00,2025,1,14,0,Vĩnh Long,Xã An Ngãi Trung,10.0916931,106.5448581,117,Unhealthy for Sensitive Groups,2,23.8,88,0.0,0.8,243,1012.3,98,61.0,63.6,347.0,26.4,74.0,15.5
2025-01-14 01:00:00,2025,1,14,1,Vĩnh Long,Xã An Ngãi Trung,10.0916931,106.5448581,121,Unhealthy for Sensitive Groups,2,22.9,92,0.0,2.4,279,1011.7,63,60.3,62.9,348.0,27.0,67.0,14.6
2025-01-14 02:00:00,2025,1,14,2,Vĩnh Long,Xã An Ngãi Trung,10.0916931,106.5448581,124,Unhealthy for Sensitive Groups,2,22.4,96,0.0,3.3,283,1011.4,100,63.1,66.1,393.0,29.0,59.0,14.7
2025-01-14 03:00:00,2025,1,14,3,Vĩnh Long,Xã An Ngãi Trung,10.0916931,106.5448581,127,Unhealthy for Sensitive Groups,2,22.2,96,0.0,3.5,291,1010.6,89,69.8,73.3,459.0,31.4,51.0,15.1
2025-01-14 04:00:00,2025,1,14,4,Vĩnh Long,Xã An Ngãi Trung,10.0916931,106.5448581,130,Unhealthy for Sensitive Groups,2,22.0,96,0.0,4.1,285,1010.4,100,73.3,76.6,500.0,32.2,45.0,15.5
2025-01-14 05:00:00,2025,1,14,5,Vĩnh Long,Xã An Ngãi Trung,10.0916931,106.5448581,134,Unhealthy for Sensitive Groups,2,22.0,94,0.0,3.8,319,1010.5,100,65.9,68.2,491.0,30.1,40.0,15.1
2025-01-14 06:00:00,2025,1,14,6,Vĩnh Long,Xã An Ngãi Trung,10.0916931,106.5448581,138,Unhealthy for Sensitive Groups,2,21.9,85,0.0,5.3,325,1011.1,100,59.1,60.3,458.0,26.4,36.0,14.5
2025-01-14 07:00:00,2025,1,14,7,Vĩnh Long,Xã An Ngãi Trung,10.0916931,106.5448581,140,Unhealthy for Sensitive Groups,2,22.3,77,0.0,8.4,318,1011.7,99,78.9,79.9,437.0,23.3,38.0,15.6
2025-01-14 08:00:00,2025,1,14,8,Vĩnh Long,Xã An Ngãi Trung,10.0916931,106.5448581,144,Unhealthy for Sensitive Groups,2,23.6,74,0.0,5.7,332,1013.2,100,68.7,69.2,457.0,20.9,61.0,19.4
2025-01-14 09:00:00,2025,1,14,9,Vĩnh Long,Xã An Ngãi Trung,10.0916931,106.5448581,147,Unhealthy for Sensitive Groups,2,25.4,69,0.0,5.8,344,1013.8,55,64.0,64.5,489.0,17.6,92.0,24.6
2025-01-14 10:00:00,2025,1,14,10,Vĩnh Long,Xã An Ngãi Trung,10.0916931,106.5448581,149,Unhealthy for Sensitive Groups,2,27.3,64,0.0,5.2,2,1013.7,56,62.6,63.3,488.0,14.7,121.0,28.1
2025-01-14 11:00:00,2025,1,14,11,Vĩnh Long,Xã An Ngãi Trung,10.0916931,106.5448581,150,Unhealthy for Sensitive Groups,2,28.9,61,0.0,5.3,28,1013.0,85,61.9,62.6,417.0,12.5,144.0,28.6
2025-01-14 12:00:00,2025,1,14,12,Vĩnh Long,Xã An Ngãi Trung,10.0916931,106.5448581,151,Unhealthy,3,30.4,57,0.0,12.2,68,1012.1,78,59.8,60.3,312.0,10.7,164.0,27.5
2025-01-14 13:00:00,2025,1,14,13,Vĩnh Long,Xã An Ngãi Trung,10.0916931,106.5448581,151,Unhealthy,3,30.5,56,0.0,15.3,69,1011.1,99,56.7,57.3,237.0,9.5,174.0,25.7
2025-01-14 14:00:00,2025,1,14,14,Vĩnh Long,Xã An Ngãi Trung,10.0916931,106.5448581,151,Unhealthy,3,30.0,59,0.0,13.6,72,1009.9,100,50.5,51.3,223.0,8.7,170.0,23.1
2025-01-14 15:00:00,2025,1,14,15,Vĩnh Long,Xã An Ngãi Trung,10.0916931,106.5448581,152,Unhealthy,3,29.0,64,0.0,14.0,83,1009.6,100,48.5,49.2,240.0,8.4,157.0,20.0
2025-01-14 16:00:00,2025,1,14,16,Vĩnh Long,Xã An Ngãi Trung,10.0916931,106.5448581,152,Unhealthy,3,27.6,70,0.1,13.4,95,1009.8,100,46.8,47.6,260.0,9.7,142.0,17.7
2025-01-14 17:00:00,2025,1,14,17,Vĩnh Long,Xã An Ngãi Trung,10.0916931,106.5448581,152,Unhealthy,3,26.8,72,0.1,10.7,102,1010.1,100,47.0,47.8,272.0,14.0,124.0,17.3
2025-01-14 18:00:00,2025,1,14,18,Vĩnh Long,Xã An Ngãi Trung,10.0916931,106.5448581,152,Unhealthy,3,26.5,71,0.0,10.8,75,1010.8,100,53.6,54.4,288.0,19.8,104.0,17.8
2025-01-14 19:00:00,2025,1,14,19,Vĩnh Long,Xã An Ngãi Trung,10.0916931,106.5448581,152,Unhealthy,3,26.0,74,0.0,10.6,56,1011.7,100,64.0,65.4,312.0,25.2,103.0,21.7
2025-01-14 20:00:00,2025,1,14,20,Vĩnh Long,Xã An Ngãi Trung,10.0916931,106.5448581,152,Unhealthy,3,26.0,87,0.0,4.4,30,1012.0,100,58.6,60.1,352.0,24.0,92.0,20.4
2025-01-14 21:00:00,2025,1,14,21,Vĩnh Long,Xã An Ngãi Trung,10.0916931,106.5448581,152,Unhealthy,3,25.4,91,0.0,6.0,17,1012.5,98,51.0,52.0,401.0,22.3,77.0,18.6
2025-01-14 22:00:00,2025,1,14,22,Vĩnh Long,Xã An Ngãi Trung,10.0916931,106.5448581,152,Unhealthy,3,24.8,93,0.0,5.3,18,1012.4,100,47.3,48.4,446.0,21.4,64.0,17.5
2025-01-14 23:00:00,2025,1,14,23,Vĩnh Long,Xã An Ngãi Trung,10.0916931,106.5448581,152,Unhealthy,3,24.4,95,0.0,3.9,24,1012.2,100,46.6,47.7,484.0,21.8,57.0,17.6
2025-01-15 00:00:00,2025,1,15,0,Vĩnh Long,Xã An Ngãi Trung,10.0916931,106.5448581,152,Unhealthy,3,24.0,96,0.0,4.0,21,1011.9,100,47.0,48.2,519.0,22.9,52.0,18.3
2025-01-15 01:00:00,2025,1,15,1,Vĩnh Long,Xã An Ngãi Trung,10.0916931,106.5448581,152,Unhealthy,3,23.8,96,0.0,3.3,41,1011.5,100,48.1,49.2,547.0,23.9,47.0,18.9
2025-01-15 02:00:00,2025,1,15,2,Vĩnh Long,Xã An Ngãi Trung,10.0916931,106.5448581,151,Unhealthy,3,23.6,96,0.0,1.7,49,1011.2,100,49.0,50.1,567.0,24.7,42.0,19.1
2025-01-15 03:00:00,2025,1,15,3,Vĩnh Long,Xã An Ngãi Trung,10.0916931,106.5448581,151,Unhealthy,3,23.5,96,0.0,1.3,34,1010.8,100,50.3,51.3,581.0,25.5,37.0,19.2
2025-01-15 04:00:00,2025,1,15,4,Vĩnh Long,Xã An Ngãi Trung,10.0916931,106.5448581,151,Unhealthy,3,23.2,97,0.0,2.5,330,1010.6,100,51.3,52.3,585.0,25.9,33.0,19.2
2025-01-15 05:00:00,2025,1,15,5,Vĩnh Long,Xã An Ngãi Trung,10.0916931,106.5448581,150,Unhealthy for Sensitive Groups,2,23.1,97,0.0,3.3,331,1010.7,94,51.1,52.3,581.0,26.2,29.0,19.2
2025-01-15 06:00:00,2025,1,15,6,Vĩnh Long,Xã An Ngãi Trung,10.0916931,106.5448581,149,Unhealthy for Sensitive Groups,2,23.0,97,0.0,3.6,327,1011.2,100,50.2,51.2,569.0,26.1,26.0,19.2
2025-01-15 07:00:00,2025,1,15,7,Vĩnh Long,Xã An Ngãi Trung,10.0916931,106.5448581,148,Unhealthy for Sensitive Groups,2,24.0,94,0.0,5.4,334,1011.9,100,46.0,47.3,539.0,29.0,36.0,19.0
2025-01-15 08:00:00,2025,1,15,8,Vĩnh Long,Xã An Ngãi Trung,10.0916931,106.5448581,145,Unhealthy for Sensitive Groups,2,27.1,78,0.0,14.9,65,1012.9,91,29.4,30.9,481.0,24.4,51.0,16.9
2025-01-15 09:00:00,2025,1,15,9,Vĩnh Long,Xã An Ngãi Trung,10.0916931,106.5448581,141,Unhealthy for Sensitive Groups,2,28.0,74,0.0,15.7,68,1013.4,15,21.6,23.5,405.0,18.1,73.0,13.9
2025-01-15 10:00:00,2025,1,15,10,Vĩnh Long,Xã An Ngãi Trung,10.0916931,106.5448581,136,Unhealthy for Sensitive Groups,2,29.4,67,0.0,15.4,69,1013.1,9,18.9,21.8,343.0,12.6,96.0,11.6
2025-01-15 11:00:00,2025,1,15,11,Vĩnh Long,Xã An Ngãi Trung,10.0916931,106.5448581,132,Unhealthy for Sensitive Groups,2,30.3,63,0.0,16.3,69,1012.6,25,18.4,20.8,306.0,9.0,125.0,10.7
2025-01-15 12:00:00,2025,1,15,12,Vĩnh Long,Xã An Ngãi Trung,10.0916931,106.5448581,127,Unhealthy for Sensitive Groups,2,31.1,60,0.0,17.2,69,1012.1,97,19.3,21.1,282.0,6.4,156.0,10.5
2025-01-15 13:00:00,2025,1,15,13,Vĩnh Long,Xã An Ngãi Trung,10.0916931,106.5448581,123,Unhealthy for Sensitive Groups,2,30.6,59,0.1,19.0,72,1010.8,56,20.1,21.6,262.0,4.6,173.0,9.8
2025-01-15 14:00:00,2025,1,15,14,Vĩnh Long,Xã An Ngãi Trung,10.0916931,106.5448581,119,Unhealthy for Sensitive Groups,2,29.6,67,0.7,17.5,80,1009.8,69,20.1,21.5,241.0,3.7,165.0,7.9
2025-01-15 15:00:00,2025,1,15,15,Vĩnh Long,Xã An Ngãi Trung,10.0916931,106.5448581,116,Unhealthy for Sensitive Groups,2,28.8,69,0.0,17.3,85,1009.5,77,16.8,18.7,225.0,3.6,142.0,5.6
2025-01-15 16:00:00,2025,1,15,16,Vĩnh Long,Xã An Ngãi Trung,10.0916931,106.5448581,113,Unhealthy for Sensitive Groups,2,28.5,70,0.0,19.3,76,1009.1,97,13.3,15.2,217.0,4.1,121.0,3.9
2025-01-15 17:00:00,2025,1,15,17,Vĩnh Long,Xã An Ngãi Trung,10.0916931,106.5448581,109,Unhealthy for Sensitive Groups,2,28.0,72,0.0,16.7,73,1009.3,12,12.3,14.4,227.0,5.4,107.0,3.5
2025-01-15 18:00:00,2025,1,15,18,Vĩnh Long,Xã An Ngãi Trung,10.0916931,106.5448581,105,Unhealthy for Sensitive Groups,2,26.7,78,0.0,12.7,74,1010.1,11,12.3,14.5,245.0,7.2,96.0,3.7
2025-01-15 19:00:00,2025,1,15,19,Vĩnh Long,Xã An Ngãi Trung,10.0916931,106.5448581,101,Unhealthy for Sensitive Groups,2,26.4,81,0.0,11.1,70,1010.9,11,13.2,15.6,254.0,7.6,87.0,3.3
2025-01-15 20:00:00,2025,1,15,20,Vĩnh Long,Xã An Ngãi Trung,10.0916931,106.5448581,96,Moderate,1,27.0,80,0.0,13.9,91,1011.7,95,11.5,13.4,241.0,7.5,83.0,3.2
2025-01-15 21:00:00,2025,1,15,21,Vĩnh Long,Xã An Ngãi Trung,10.0916931,106.5448581,92,Moderate,1,26.7,79,0.0,17.3,85,1011.9,33,10.1,11.9,217.0,7.4,77.0,3.0
2025-01-15 22:00:00,2025,1,15,22,Vĩnh Long,Xã An Ngãi Trung,10.0916931,106.5448581,89,Moderate,1,26.2,80,0.0,16.4,86,1011.7,98,9.0,10.5,199.0,7.1,72.0,2.7
2025-01-15 23:00:00,2025,1,15,23,Vĩnh Long,Xã An Ngãi Trung,10.0916931,106.5448581,85,Moderate,1,25.8,83,0.0,14.9,83,1012.1,99,7.8,9.3,192.0,6.4,70.0,2.4
2025-01-16 00:00:00,2025,1,16,0,Vĩnh Long,Xã An Ngãi Trung,10.0916931,106.5448581,82,Moderate,1,25.5,84,0.0,13.6,78,1011.6,100,6.8,8.3,189.0,5.6,68.0,2.0
2025-01-16 01:00:00,2025,1,16,1,Vĩnh Long,Xã An Ngãi Trung,10.0916931,106.5448581,78,Moderate,1,25.4,85,0.0,13.3,77,1011.1,100,6.6,8.1,188.0,5.0,67.0,1.7
2025-01-16 02:00:00,2025,1,16,2,Vĩnh Long,Xã An Ngãi Trung,10.0916931,106.5448581,75,Moderate,1,25.0,87,0.0,12.2,66,1010.8,99,6.8,8.3,185.0,4.6,66.0,1.6
2025-01-16 03:00:00,2025,1,16,3,Vĩnh Long,Xã An Ngãi Trung,10.0916931,106.5448581,71,Moderate,1,24.7,89,0.0,10.8,64,1010.5,62,7.1,8.7,183.0,4.5,64.0,1.7
2025-01-16 04:00:00,2025,1,16,4,Vĩnh Long,Xã An Ngãi Trung,10.0916931,106.5448581,67,Moderate,1,24.4,91,0.0,8.0,52,1010.5,54,7.3,8.8,191.0,5.1,62.0,1.9
2025-01-16 05:00:00,2025,1,16,5,Vĩnh Long,Xã An Ngãi Trung,10.0916931,106.5448581,63,Moderate,1,23.6,94,0.0,5.2,27,1010.8,88,7.9,9.4,220.0,7.1,58.0,2.0
2025-01-16 06:00:00,2025,1,16,6,Vĩnh Long,Xã An Ngãi Trung,10.0916931,106.5448581,59,Moderate,1,23.2,94,0.0,4.5,2,1011.4,22,9.6,11.2,258.0,9.9,53.0,2.1
2025-01-16 07:00:00,2025,1,16,7,Vĩnh Long,Xã An Ngãi Trung,10.0916931,106.5448581,56,Moderate,1,24.1,88,0.0,5.9,348,1012.1,13,5.8,7.0,279.0,8.4,59.0,3.5
2025-01-16 08:00:00,2025,1,16,8,Vĩnh Long,Xã An Ngãi Trung,10.0916931,106.5448581,52,Moderate,1,26.5,78,0.0,6.8,48,1013.1,13,7.3,8.6,266.0,7.6,66.0,3.6
2025-01-16 09:00:00,2025,1,16,9,Vĩnh Long,Xã An Ngãi Trung,10.0916931,106.5448581,50,Good,0,28.0,72,0.0,10.7,67,1013.6,18,7.1,8.8,236.0,6.4,75.0,3.8
2025-01-16 10:00:00,2025,1,16,10,Vĩnh Long,Xã An Ngãi Trung,10.0916931,106.5448581,48,Good,0,29.0,65,0.2,11.4,69,1013.7,100,8.5,10.6,214.0,5.3,86.0,3.9
2025-01-16 11:00:00,2025,1,16,11,Vĩnh Long,Xã An Ngãi Trung,10.0916931,106.5448581,46,Good,0,28.0,70,0.1,11.9,70,1013.2,60,9.3,11.4,210.0,4.2,100.0,3.9
2025-01-16 12:00:00,2025,1,16,12,Vĩnh Long,Xã An Ngãi Trung,10.0916931,106.5448581,44,Good,0,29.2,65,0.4,9.9,65,1012.2,47,9.4,11.3,215.0,3.0,114.0,3.8
2025-01-16 13:00:00,2025,1,16,13,Vĩnh Long,Xã An Ngãi Trung,10.0916931,106.5448581,43,Good,0,29.4,64,0.4,8.8,64,1011.0,21,9.6,11.2,227.0,2.3,126.0,3.7
2025-01-16 14:00:00,2025,1,16,14,Vĩnh Long,Xã An Ngãi Trung,10.0916931,106.5448581,41,Good,0,29.5,64,0.3,11.5,44,1009.9,46,10.1,11.7,256.0,2.1,133.0,3.8
2025-01-16 15:00:00,2025,1,16,15,Vĩnh Long,Xã An Ngãi Trung,10.0916931,106.5448581,44,Good,0,29.5,63,0.2,11.3,43,1009.3,26,10.7,12.3,293.0,2.3,137.0,3.9
2025-01-16 16:00:00,2025,1,16,16,Vĩnh Long,Xã An Ngãi Trung,10.0916931,106.5448581,49,Good,0,28.4,70,0.2,13.6,82,1009.4,31,11.3,13.0,310.0,3.0,135.0,4.0
2025-01-16 17:00:00,2025,1,16,17,Vĩnh Long,Xã An Ngãi Trung,10.0916931,106.5448581,59,Moderate,1,27.0,74,0.0,14.2,91,1010.0,14,12.3,14.2,287.0,4.7,123.0,4.0
2025-01-16 18:00:00,2025,1,16,18,Vĩnh Long,Xã An Ngãi Trung,10.0916931,106.5448581,69,Moderate,1,26.0,78,0.0,11.9,91,1010.5,17,13.9,15.9,244.0,7.0,105.0,4.0
2025-01-16 19:00:00,2025,1,16,19,Vĩnh Long,Xã An Ngãi Trung,10.0916931,106.5448581,74,Moderate,1,25.8,81,0.0,12.8,74,1010.9,55,14.5,17.6,216.0,6.7,92.0,3.0
2025-01-16 20:00:00,2025,1,16,20,Vĩnh Long,Xã An Ngãi Trung,10.0916931,106.5448581,72,Moderate,1,25.7,79,0.0,11.8,79,1012.3,100,12.5,15.2,211.0,6.3,89.0,2.7
2025-01-16 21:00:00,2025,1,16,21,Vĩnh Long,Xã An Ngãi Trung,10.0916931,106.5448581,66,Moderate,1,25.9,77,0.0,12.9,78,1012.6,100,11.7,13.9,220.0,5.9,85.0,2.3
2025-01-16 22:00:00,2025,1,16,22,Vĩnh Long,Xã An Ngãi Trung,10.0916931,106.5448581,58,Moderate,1,25.6,77,0.0,13.3,62,1012.4,100,11.7,13.6,253.0,6.6,79.0,2.6
2025-01-16 23:00:00,2025,1,16,23,Vĩnh Long,Xã An Ngãi Trung,10.0916931,106.5448581,49,Good,0,25.1,79,0.0,9.0,29,1012.7,100,13.0,14.7,331.0,9.1,71.0,3.9
2025-01-17 00:00:00,2025,1,17,0,Vĩnh Long,Xã An Ngãi Trung,10.0916931,106.5448581,45,Good,0,24.0,87,0.0,4.2,5,1012.3,100,15.2,16.7,433.0,12.6,61.0,5.7
2025-01-17 01:00:00,2025,1,17,1,Vĩnh Long,Xã An Ngãi Trung,10.0916931,106.5448581,42,Good,0,23.6,89,0.0,6.7,357,1011.6,100,17.9,19.2,507.0,16.1,52.0,7.6
2025-01-17 02:00:00,2025,1,17,2,Vĩnh Long,Xã An Ngãi Trung,10.0916931,106.5448581,43,Good,0,23.1,84,0.0,6.9,354,1011.1,100,20.5,21.7,530.0,19.4,43.0,9.4
2025-01-17 03:00:00,2025,1,17,3,Vĩnh Long,Xã An Ngãi Trung,10.0916931,106.5448581,46,Good,0,22.5,80,0.0,6.5,3,1010.8,98,22.8,23.9,526.0,22.6,36.0,11.2
2025-01-17 04:00:00,2025,1,17,4,Vĩnh Long,Xã An Ngãi Trung,10.0916931,106.5448581,49,Good,0,22.0,82,0.0,6.7,9,1010.8,93,24.2,24.9,515.0,24.8,30.0,12.9
2025-01-17 05:00:00,2025,1,17,5,Vĩnh Long,Xã An Ngãi Trung,10.0916931,106.5448581,51,Moderate,1,21.7,83,0.0,8.7,6,1011.0,92,24.9,25.1,501.0,25.9,26.0,14.6
2025-01-17 06:00:00,2025,1,17,6,Vĩnh Long,Xã An Ngãi Trung,10.0916931,106.5448581,52,Moderate,1,21.6,80,0.0,9.4,1,1011.1,72,25.6,25.8,480.0,26.1,25.0,16.2
2025-01-17 07:00:00,2025,1,17,7,Vĩnh Long,Xã An Ngãi Trung,10.0916931,106.5448581,54,Moderate,1,22.0,76,0.0,9.2,353,1011.7,88,23.0,23.1,456.0,26.3,30.0,18.2
2025-01-17 08:00:00,2025,1,17,8,Vĩnh Long,Xã An Ngãi Trung,10.0916931,106.5448581,55,Moderate,1,24.0,70,0.0,8.2,350,1013.1,47,21.2,21.4,428.0,23.4,45.0,18.0
2025-01-17 09:00:00,2025,1,17,9,Vĩnh Long,Xã An Ngãi Trung,10.0916931,106.5448581,56,Moderate,1,25.9,65,0.0,8.5,354,1013.1,49,18.9,19.0,397.0,19.3,67.0,17.5
2025-01-17 10:00:00,2025,1,17,10,Vĩnh Long,Xã An Ngãi Trung,10.0916931,106.5448581,58,Moderate,1,27.5,61,0.0,5.3,10,1012.6,85,16.1,16.3,371.0,15.0,88.0,16.1
2025-01-17 11:00:00,2025,1,17,11,Vĩnh Long,Xã An Ngãi Trung,10.0916931,106.5448581,58,Moderate,1,28.6,58,0.0,3.4,58,1012.1,100,14.4,14.8,353.0,10.5,110.0,12.8
2025-01-17 12:00:00,2025,1,17,12,Vĩnh Long,Xã An Ngãi Trung,10.0916931,106.5448581,59,Moderate,1,29.4,55,0.0,5.1,100,1011.0,100,13.7,14.5,340.0,5.8,132.0,8.5
2025-01-17 13:00:00,2025,1,17,13,Vĩnh Long,Xã An Ngãi Trung,10.0916931,106.5448581,59,Moderate,1,29.5,55,0.0,9.1,111,1009.9,94,13.9,15.6,325.0,2.6,146.0,5.1
2025-01-17 14:00:00,2025,1,17,14,Vĩnh Long,Xã An Ngãi Trung,10.0916931,106.5448581,59,Moderate,1,28.8,59,0.0,12.1,120,1009.2,74,13.7,15.7,305.0,1.5,147.0,3.6
2025-01-17 15:00:00,2025,1,17,15,Vĩnh Long,Xã An Ngãi Trung,10.0916931,106.5448581,60,Moderate,1,28.0,62,0.0,13.5,117,1008.6,97,13.7,15.7,283.0,1.8,141.0,3.1
2025-01-17 16:00:00,2025,1,17,16,Vĩnh Long,Xã An Ngãi Trung,10.0916931,106.5448581,60,Moderate,1,27.2,65,0.0,13.7,106,1008.6,100,14.2,16.2,269.0,2.7,131.0,2.8
2025-01-17 17:00:00,2025,1,17,17,Vĩnh Long,Xã An Ngãi Trung,10.0916931,106.5448581,71,Moderate,1,26.6,67,0.0,14.3,94,1008.9,77,15.5,17.6,267.0,4.4,117.0,2.8
2025-01-17 18:00:00,2025,1,17,18,Vĩnh Long,Xã An Ngãi Trung,10.0916931,106.5448581,82,Moderate,1,25.8,72,0.0,13.7,88,1009.3,79,17.6,19.8,272.0,6.6,101.0,3.0
2025-01-17 19:00:00,2025,1,17,19,Vĩnh Long,Xã An Ngãi Trung,10.0916931,106.5448581,85,Moderate,1,25.1,78,0.0,13.7,85,1009.9,25,20.7,23.9,275.0,8.8,92.0,4.0
2025-01-17 20:00:00,2025,1,17,20,Vĩnh Long,Xã An Ngãi Trung,10.0916931,106.5448581,81,Moderate,1,25.2,77,0.0,15.7,91,1010.9,100,18.5,21.4,274.0,7.8,89.0,3.5
2025-01-17 21:00:00,2025,1,17,21,Vĩnh Long,Xã An Ngãi Trung,10.0916931,106.5448581,72,Moderate,1,25.0,76,0.0,16.1,84,1010.9,100,16.3,18.9,271.0,6.3,84.0,2.7
2025-01-17 22:00:00,2025,1,17,22,Vĩnh Long,Xã An Ngãi Trung,10.0916931,106.5448581,62,Moderate,1,25.0,73,0.0,16.0,87,1010.8,91,14.6,16.9,268.0,5.3,80.0,2.1
2025-01-17 23:00:00,2025,1,17,23,Vĩnh Long,Xã An Ngãi Trung,10.0916931,106.5448581,63,Moderate,1,24.7,73,0.0,13.9,89,1010.8,8,13.4,15.5,264.0,5.0,78.0,1.8
2025-01-18 00:00:00,2025,1,18,0,Vĩnh Long,Xã An Ngãi Trung,10.0916931,106.5448581,63,Moderate,1,24.0,78,0.0,10.7,77,1010.2,41,12.6,14.6,259.0,5.0,77.0,1.6
2025-01-18 01:00:00,2025,1,18,1,Vĩnh Long,Xã An Ngãi Trung,10.0916931,106.5448581,62,Moderate,1,23.6,82,0.0,9.8,85,1010.0,99,12.3,14.3,259.0,5.3,76.0,1.6
2025-01-18 02:00:00,2025,1,18,2,Vĩnh Long,Xã An Ngãi Trung,10.0916931,106.5448581,62,Moderate,1,23.5,84,0.0,5.8,68,1009.8,96,12.5,14.5,265.0,5.7,75.0,1.7
2025-01-18 03:00:00,2025,1,18,3,Vĩnh Long,Xã An Ngãi Trung,10.0916931,106.5448581,61,Moderate,1,22.8,87,0.0,4.7,32,1009.6,92,13.2,15.3,275.0,6.3,73.0,1.9
2025-01-18 04:00:00,2025,1,18,4,Vĩnh Long,Xã An Ngãi Trung,10.0916931,106.5448581,60,Moderate,1,22.2,88,0.0,6.1,357,1009.3,24,14.5,16.6,291.0,7.6,70.0,2.6
2025-01-18 05:00:00,2025,1,18,5,Vĩnh Long,Xã An Ngãi Trung,10.0916931,106.5448581,59,Moderate,1,21.5,91,0.0,4.0,355,1009.6,0,16.6,18.8,320.0,10.8,61.0,4.1
2025-01-18 06:00:00,2025,1,18,6,Vĩnh Long,Xã An Ngãi Trung,10.0916931,106.5448581,59,Moderate,1,21.2,92,0.0,4.0,350,1010.2,0,20.4,22.8,353.0,14.6,50.0,6.1
2025-01-18 07:00:00,2025,1,18,7,Vĩnh Long,Xã An Ngãi Trung,10.0916931,106.5448581,58,Moderate,1,22.1,90,0.0,6.7,355,1011.1,0,40.6,43.4,368.0,21.5,41.0,10.2
2025-01-18 08:00:00,2025,1,18,8,Vĩnh Long,Xã An Ngãi Trung,10.0916931,106.5448581,60,Moderate,1,24.8,79,0.0,4.2,5,1012.6,4,34.6,37.4,349.0,16.6,59.0,8.7
2025-01-18 09:00:00,2025,1,18,9,Vĩnh Long,Xã An Ngãi Trung,10.0916931,106.5448581,61,Moderate,1,26.5,71,0.0,2.6,74,1013.2,51,26.6,30.4,312.0,9.8,83.0,6.7
2025-01-18 10:00:00,2025,1,18,10,Vĩnh Long,Xã An Ngãi Trung,10.0916931,106.5448581,62,Moderate,1,27.6,64,0.0,4.9,86,1013.1,63,22.5,27.5,278.0,4.7,103.0,5.1
2025-01-18 11:00:00,2025,1,18,11,Vĩnh Long,Xã An Ngãi Trung,10.0916931,106.5448581,62,Moderate,1,28.0,62,0.0,6.3,77,1012.5,48,20.6,25.5,252.0,2.7,113.0,4.2
2025-01-18 12:00:00,2025,1,18,12,Vĩnh Long,Xã An Ngãi Trung,10.0916931,106.5448581,63,Moderate,1,29.4,56,0.0,7.4,84,1011.6,67,20.1,24.0,230.0,2.4,119.0,3.8
2025-01-18 13:00:00,2025,1,18,13,Vĩnh Long,Xã An Ngãi Trung,10.0916931,106.5448581,63,Moderate,1,29.6,55,0.0,8.0,99,1010.6,44,20.4,23.9,219.0,2.4,124.0,3.6
2025-01-18 14:00:00,2025,1,18,14,Vĩnh Long,Xã An Ngãi Trung,10.0916931,106.5448581,64,Moderate,1,29.7,55,0.0,6.2,100,1009.3,3,21.2,24.7,220.0,1.9,132.0,3.7
2025-01-18 15:00:00,2025,1,18,15,Vĩnh Long,Xã An Ngãi Trung,10.0916931,106.5448581,65,Moderate,1,30.2,54,0.0,4.3,73,1008.4,3,22.4,25.4,233.0,1.8,139.0,4.1
2025-01-18 16:00:00,2025,1,18,16,Vĩnh Long,Xã An Ngãi Trung,10.0916931,106.5448581,65,Moderate,1,30.2,54,0.0,6.8,17,1008.0,29,23.7,25.6,263.0,3.6,139.0,5.0
2025-01-18 17:00:00,2025,1,18,17,Vĩnh Long,Xã An Ngãi Trung,10.0916931,106.5448581,69,Moderate,1,29.4,57,0.0,8.1,355,1008.0,20,27.1,28.8,332.0,9.3,124.0,6.9
2025-01-18 18:00:00,2025,1,18,18,Vĩnh Long,Xã An Ngãi Trung,10.0916931,106.5448581,78,Moderate,1,27.3,67,0.0,4.0,82,1008.3,12,34.5,35.9,419.0,16.9,102.0,9.4
2025-01-18 19:00:00,2025,1,18,19,Vĩnh Long,Xã An Ngãi Trung,10.0916931,106.5448581,78,Moderate,1,26.1,77,0.0,7.4,119,1008.9,9,27.1,28.8,461.0,17.8,95.0,9.0
2025-01-18 20:00:00,2025,1,18,20,Vĩnh Long,Xã An Ngãi Trung,10.0916931,106.5448581,74,Moderate,1,26.0,82,0.0,7.5,117,1010.5,5,31.5,33.4,417.0,16.3,91.0,8.4
2025-01-18 21:00:00,2025,1,18,21,Vĩnh Long,Xã An Ngãi Trung,10.0916931,106.5448581,71,Moderate,1,25.5,82,0.0,8.8,101,1010.7,9,29.8,31.9,328.0,14.2,85.0,7.5
2025-01-18 22:00:00,2025,1,18,22,Vĩnh Long,Xã An Ngãi Trung,10.0916931,106.5448581,72,Moderate,1,25.1,83,0.0,10.9,102,1010.7,49,22.6,25.5,258.0,12.2,81.0,6.4
2025-01-18 23:00:00,2025,1,18,23,Vĩnh Long,Xã An Ngãi Trung,10.0916931,106.5448581,72,Moderate,1,24.8,82,0.0,11.1,103,1010.7,90,18.1,21.2,231.0,10.3,79.0,4.9
2025-01-19 00:00:00,2025,1,19,0,Vĩnh Long,Xã An Ngãi Trung,10.0916931,106.5448581,73,Moderate,1,24.4,83,0.0,10.3,88,1010.3,90,15.6,18.7,222.0,8.4,78.0,3.3
2025-01-19 01:00:00,2025,1,19,1,Vĩnh Long,Xã An Ngãi Trung,10.0916931,106.5448581,73,Moderate,1,24.0,84,0.0,8.9,77,1009.5,3,15.0,18.1,218.0,7.1,77.0,2.2
2025-01-19 02:00:00,2025,1,19,2,Vĩnh Long,Xã An Ngãi Trung,10.0916931,106.5448581,73,Moderate,1,23.6,85,0.0,6.9,81,1008.9,31,14.9,18.0,214.0,6.7,76.0,1.9
2025-01-19 03:00:00,2025,1,19,3,Vĩnh Long,Xã An Ngãi Trung,10.0916931,106.5448581,74,Moderate,1,23.3,87,0.0,5.7,79,1008.4,71,14.9,18.0,214.0,6.9,75.0,2.2
2025-01-19 04:00:00,2025,1,19,4,Vĩnh Long,Xã An Ngãi Trung,10.0916931,106.5448581,74,Moderate,1,23.0,90,0.0,5.3,80,1008.1,82,14.9,17.9,223.0,7.5,73.0,2.6
2025-01-19 05:00:00,2025,1,19,5,Vĩnh Long,Xã An Ngãi Trung,10.0916931,106.5448581,74,Moderate,1,22.9,91,0.0,4.0,72,1008.7,89,14.7,17.6,247.0,8.8,70.0,3.1
2025-01-19 06:00:00,2025,1,19,6,Vĩnh Long,Xã An Ngãi Trung,10.0916931,106.5448581,74,Moderate,1,22.6,93,0.0,3.7,79,1009.2,63,14.8,17.6,279.0,10.4,66.0,3.8
2025-01-19 07:00:00,2025,1,19,7,Vĩnh Long,Xã An Ngãi Trung,10.0916931,106.5448581,73,Moderate,1,23.8,90,0.0,5.5,81,1010.0,94,17.1,19.7,300.0,8.1,68.0,3.1
2025-01-19 08:00:00,2025,1,19,8,Vĩnh Long,Xã An Ngãi Trung,10.0916931,106.5448581,71,Moderate,1,26.1,79,0.0,13.5,85,1011.4,79,16.2,19.0,298.0,6.8,73.0,3.0
2025-01-19 09:00:00,2025,1,19,9,Vĩnh Long,Xã An Ngãi Trung,10.0916931,106.5448581,69,Moderate,1,27.4,72,0.0,15.9,80,1011.8,86,15.4,18.3,285.0,5.0,81.0,2.9
2025-01-19 10:00:00,2025,1,19,10,Vĩnh Long,Xã An Ngãi Trung,10.0916931,106.5448581,68,Moderate,1,28.3,67,0.0,15.6,76,1011.6,93,15.1,18.3,276.0,3.5,90.0,2.9
2025-01-19 11:00:00,2025,1,19,11,Vĩnh Long,Xã An Ngãi Trung,10.0916931,106.5448581,68,Moderate,1,29.5,58,0.0,13.3,74,1010.9,96,14.6,17.3,279.0,2.6,100.0,2.9
2025-01-19 12:00:00,2025,1,19,12,Vĩnh Long,Xã An Ngãi Trung,10.0916931,106.5448581,67,Moderate,1,30.4,54,0.0,10.8,75,1010.1,72,15.2,17.7,286.0,2.1,112.0,3.0
2025-01-19 13:00:00,2025,1,19,13,Vĩnh Long,Xã An Ngãi Trung,10.0916931,106.5448581,67,Moderate,1,31.0,52,0.0,8.8,73,1008.9,44,15.8,18.1,289.0,1.9,122.0,3.3
2025-01-19 14:00:00,2025,1,19,14,Vĩnh Long,Xã An Ngãi Trung,10.0916931,106.5448581,66,Moderate,1,31.8,49,0.0,7.6,65,1007.6,70,16.4,18.3,286.0,2.0,131.0,3.9
2025-01-19 15:00:00,2025,1,19,15,Vĩnh Long,Xã An Ngãi Trung,10.0916931,106.5448581,66,Moderate,1,31.8,48,0.0,7.2,71,1006.6,38,17.5,19.0,280.0,2.3,139.0,4.5
2025-01-19 16:00:00,2025,1,19,16,Vĩnh Long,Xã An Ngãi Trung,10.0916931,106.5448581,65,Moderate,1,30.4,58,0.0,7.9,94,1006.7,18,18.2,19.7,270.0,3.3,139.0,5.0
2025-01-19 17:00:00,2025,1,19,17,Vĩnh Long,Xã An Ngãi Trung,10.0916931,106.5448581,65,Moderate,1,28.1,67,0.0,10.4,113,1007.1,6,19.5,22.1,254.0,5.5,126.0,5.0
2025-01-19 18:00:00,2025,1,19,18,Vĩnh Long,Xã An Ngãi Trung,10.0916931,106.5448581,71,Moderate,1,25.9,74,0.0,12.7,121,1007.6,0,20.4,22.8,235.0,8.2,106.0,4.8
2025-01-19 19:00:00,2025,1,19,19,Vĩnh Long,Xã An Ngãi Trung,10.0916931,106.5448581,74,Moderate,1,25.3,77,0.0,10.3,97,1008.0,0,13.8,16.9,223.0,8.9,94.0,4.1
2025-01-19 20:00:00,2025,1,19,20,Vĩnh Long,Xã An Ngãi Trung,10.0916931,106.5448581,73,Moderate,1,25.0,87,0.0,8.1,119,1009.4,61,12.4,15.4,224.0,8.2,92.0,3.9
2025-01-19 21:00:00,2025,1,19,21,Vĩnh Long,Xã An Ngãi Trung,10.0916931,106.5448581,68,Moderate,1,24.7,86,0.0,9.1,111,1010.3,5,12.4,15.6,232.0,7.3,90.0,3.5
2025-01-19 22:00:00,2025,1,19,22,Vĩnh Long,Xã An Ngãi Trung,10.0916931,106.5448581,62,Moderate,1,24.5,84,0.0,10.5,115,1010.5,27,13.5,16.8,236.0,6.6,88.0,3.2
2025-01-19 23:00:00,2025,1,19,23,Vĩnh Long,Xã An Ngãi Trung,10.0916931,106.5448581,58,Moderate,1,24.2,84,0.0,12.5,108,1010.3,9,14.5,17.9,231.0,6.4,87.0,2.9
2025-01-20 00:00:00,2025,1,20,0,Vĩnh Long,Xã An Ngãi Trung,10.0916931,106.5448581,58,Moderate,1,23.9,89,0.0,11.1,107,1009.8,88,14.9,18.5,223.0,6.5,86.0,2.6
2025-01-20 01:00:00,2025,1,20,1,Vĩnh Long,Xã An Ngãi Trung,10.0916931,106.5448581,57,Moderate,1,23.6,87,0.0,11.1,102,1009.2,80,15.0,18.7,218.0,6.5,85.0,2.4
2025-01-20 02:00:00,2025,1,20,2,Vĩnh Long,Xã An Ngãi Trung,10.0916931,106.5448581,57,Moderate,1,23.4,87,0.0,10.1,101,1008.8,60,14.8,18.6,218.0,6.2,84.0,2.2
2025-01-20 03:00:00,2025,1,20,3,Vĩnh Long,Xã An Ngãi Trung,10.0916931,106.5448581,57,Moderate,1,23.2,89,0.0,10.2,99,1008.2,100,14.7,18.5,220.0,5.9,83.0,2.0
2025-01-20 04:00:00,2025,1,20,4,Vĩnh Long,Xã An Ngãi Trung,10.0916931,106.5448581,57,Moderate,1,23.8,85,0.0,10.6,94,1007.9,99,14.8,18.5,224.0,6.0,81.0,2.1
2025-01-20 05:00:00,2025,1,20,5,Vĩnh Long,Xã An Ngãi Trung,10.0916931,106.5448581,57,Moderate,1,23.7,86,0.0,10.2,100,1008.0,96,15.2,18.9,232.0,7.2,78.0,2.6
2025-01-20 06:00:00,2025,1,20,6,Vĩnh Long,Xã An Ngãi Trung,10.0916931,106.5448581,57,Moderate,1,23.2,89,0.0,8.3,90,1008.3,100,16.0,19.6,241.0,8.8,75.0,3.3
2025-01-20 07:00:00,2025,1,20,7,Vĩnh Long,Xã An Ngãi Trung,10.0916931,106.5448581,58,Moderate,1,23.9,86,0.0,11.2,85,1009.1,98,13.9,16.9,248.0,7.9,75.0,2.9
2025-01-20 08:00:00,2025,1,20,8,Vĩnh Long,Xã An Ngãi Trung,10.0916931,106.5448581,57,Moderate,1,26.0,75,0.0,14.5,75,1010.3,100,13.2,16.5,249.0,6.7,81.0,2.7
2025-01-20 09:00:00,2025,1,20,9,Vĩnh Long,Xã An Ngãi Trung,10.0916931,106.5448581,57,Moderate,1,27.3,67,0.0,14.9,75,1010.7,100,13.1,16.6,248.0,4.9,90.0,2.5
2025-01-20 10:00:00,2025,1,20,10,Vĩnh Long,Xã An Ngãi Trung,10.0916931,106.5448581,57,Moderate,1,28.3,60,0.0,14.0,78,1010.9,100,13.6,17.4,246.0,3.5,99.0,2.4
2025-01-20 11:00:00,2025,1,20,11,Vĩnh Long,Xã An Ngãi Trung,10.0916931,106.5448581,57,Moderate,1,29.1,56,0.0,12.1,79,1010.6,100,14.5,18.6,246.0,2.7,109.0,2.4
2025-01-20 12:00:00,2025,1,20,12,Vĩnh Long,Xã An Ngãi Trung,10.0916931,106.5448581,57,Moderate,1,29.9,52,0.0,9.6,84,1009.7,58,14.8,18.3,245.0,2.1,120.0,2.5
2025-01-20 13:00:00,2025,1,20,13,Vĩnh Long,Xã An Ngãi Trung,10.0916931,106.5448581,57,Moderate,1,29.9,54,0.0,11.5,104,1009.0,47,16.1,19.4,244.0,1.9,128.0,2.6
2025-01-20 14:00:00,2025,1,20,14,Vĩnh Long,Xã An Ngãi Trung,10.0916931,106.5448581,57,Moderate,1,28.9,58,0.0,14.6,112,1008.3,31,18.1,21.3,240.0,2.0,132.0,2.9
2025-01-20 15:00:00,2025,1,20,15,Vĩnh Long,Xã An Ngãi Trung,10.0916931,106.5448581,57,Moderate,1,27.9,61,0.0,16.0,115,1007.9,11,19.8,22.9,234.0,2.3,134.0,3.2
2025-01-20 16:00:00,2025,1,20,16,Vĩnh Long,Xã An Ngãi Trung,10.0916931,106.5448581,57,Moderate,1,27.1,61,0.0,13.9,103,1007.9,2,19.0,21.9,231.0,3.1,131.0,3.5
2025-01-20 17:00:00,2025,1,20,17,Vĩnh Long,Xã An Ngãi Trung,10.0916931,106.5448581,67,Moderate,1,26.5,63,0.0,12.4,104,1008.3,6,21.7,24.9,232.0,4.6,121.0,3.5
2025-01-20 18:00:00,2025,1,20,18,Vĩnh Long,Xã An Ngãi Trung,10.0916931,106.5448581,74,Moderate,1,25.0,74,0.0,10.9,106,1008.8,10,20.9,23.9,236.0,6.5,107.0,3.5
2025-01-20 19:00:00,2025,1,20,19,Vĩnh Long,Xã An Ngãi Trung,10.0916931,106.5448581,75,Moderate,1,24.5,74,0.0,9.8,103,1009.5,88,26.2,30.0,237.0,7.6,96.0,3.3
2025-01-20 20:00:00,2025,1,20,20,Vĩnh Long,Xã An Ngãi Trung,10.0916931,106.5448581,73,Moderate,1,24.8,78,0.0,9.3,99,1010.4,100,20.1,23.7,233.0,7.0,98.0,3.2
2025-01-20 21:00:00,2025,1,20,21,Vĩnh Long,Xã An Ngãi Trung,10.0916931,106.5448581,68,Moderate,1,24.6,76,0.0,13.2,95,1010.7,100,17.3,20.5,227.0,6.1,102.0,3.1
2025-01-20 22:00:00,2025,1,20,22,Vĩnh Long,Xã An Ngãi Trung,10.0916931,106.5448581,62,Moderate,1,24.5,79,0.0,15.8,105,1010.9,100,15.4,18.6,225.0,5.5,104.0,2.9
2025-01-20 23:00:00,2025,1,20,23,Vĩnh Long,Xã An Ngãi Trung,10.0916931,106.5448581,60,Moderate,1,24.1,78,0.0,14.9,102,1011.0,98,13.9,17.0,229.0,5.3,104.0,2.6
2025-01-21 00:00:00,2025,1,21,0,Vĩnh Long,Xã An Ngãi Trung,10.0916931,106.5448581,60,Moderate,1,23.6,84,0.0,12.3,95,1010.6,2,13.4,16.4,237.0,5.4,103.0,2.3
2025-01-21 01:00:00,2025,1,21,1,Vĩnh Long,Xã An Ngãi Trung,10.0916931,106.5448581,60,Moderate,1,23.4,83,0.0,9.9,85,1010.0,100,14.1,17.2,243.0,5.6,102.0,2.1
2025-01-21 02:00:00,2025,1,21,2,Vĩnh Long,Xã An Ngãi Trung,10.0916931,106.5448581,59,Moderate,1,23.2,86,0.0,8.9,99,1009.8,83,15.3,18.5,244.0,5.8,100.0,2.1
2025-01-21 03:00:00,2025,1,21,3,Vĩnh Long,Xã An Ngãi Trung,10.0916931,106.5448581,59,Moderate,1,23.0,87,0.0,9.3,100,1009.1,63,16.4,19.7,244.0,6.0,98.0,2.2
2025-01-21 04:00:00,2025,1,21,4,Vĩnh Long,Xã An Ngãi Trung,10.0916931,106.5448581,60,Moderate,1,22.9,88,0.0,8.1,89,1008.9,100,17.9,21.3,248.0,6.4,96.0,2.4
2025-01-21 05:00:00,2025,1,21,5,Vĩnh Long,Xã An Ngãi Trung,10.0916931,106.5448581,60,Moderate,1,22.7,88,0.0,7.7,90,1009.1,91,19.4,22.8,263.0,7.4,92.0,3.0
2025-01-21 06:00:00,2025,1,21,6,Vĩnh Long,Xã An Ngãi Trung,10.0916931,106.5448581,60,Moderate,1,22.5,89,0.0,7.1,96,1009.6,99,20.5,24.0,282.0,8.6,88.0,3.7
2025-01-21 07:00:00,2025,1,21,7,Vĩnh Long,Xã An Ngãi Trung,10.0916931,106.5448581,61,Moderate,1,23.5,85,0.0,9.4,89,1010.1,100,19.8,22.9,294.0,8.3,91.0,3.4
2025-01-21 08:00:00,2025,1,21,8,Vĩnh Long,Xã An Ngãi Trung,10.0916931,106.5448581,61,Moderate,1,25.7,76,0.0,12.3,84,1011.4,95,18.3,21.9,291.0,6.7,98.0,3.1
2025-01-21 09:00:00,2025,1,21,9,Vĩnh Long,Xã An Ngãi Trung,10.0916931,106.5448581,62,Moderate,1,27.0,70,0.0,11.5,81,1011.9,92,17.4,20.8,282.0,4.6,109.0,2.6
2025-01-21 10:00:00,2025,1,21,10,Vĩnh Long,Xã An Ngãi Trung,10.0916931,106.5448581,62,Moderate,1,28.5,61,0.0,9.8,73,1011.8,58,16.4,18.6,274.0,3.0,121.0,2.5
2025-01-21 11:00:00,2025,1,21,11,Vĩnh Long,Xã An Ngãi Trung,10.0916931,106.5448581,62,Moderate,1,29.8,53,0.0,7.8,64,1011.3,18,17.9,19.7,273.0,2.4,134.0,3.0
2025-01-21 12:00:00,2025,1,21,12,Vĩnh Long,Xã An Ngãi Trung,10.0916931,106.5448581,63,Moderate,1,30.7,48,0.0,7.1,75,1010.4,44,21.4,23.1,273.0,2.4,149.0,3.9
2025-01-21 13:00:00,2025,1,21,13,Vĩnh Long,Xã An Ngãi Trung,10.0916931,106.5448581,63,Moderate,1,30.5,52,0.0,10.6,104,1009.4,84,25.3,27.0,274.0,2.5,160.0,4.7
2025-01-21 14:00:00,2025,1,21,14,Vĩnh Long,Xã An Ngãi Trung,10.0916931,106.5448581,69,Moderate,1,29.0,62,0.0,13.3,111,1008.3,14,28.3,29.9,273.0,2.6,167.0,5.2
2025-01-21 15:00:00,2025,1,21,15,Vĩnh Long,Xã An Ngãi Trung,10.0916931,106.5448581,85,Moderate,1,28.7,58,0.0,14.4,112,1007.8,97,29.9,31.5,272.0,3.0,171.0,5.6
2025-01-21 16:00:00,2025,1,21,16,Vĩnh Long,Xã An Ngãi Trung,10.0916931,106.5448581,102,Unhealthy for Sensitive Groups,2,27.4,60,0.0,14.8,113,1007.8,99,29.6,31.2,273.0,3.6,168.0,5.7
2025-01-21 17:00:00,2025,1,21,17,Vĩnh Long,Xã An Ngãi Trung,10.0916931,106.5448581,117,Unhealthy for Sensitive Groups,2,26.3,64,0.0,12.8,100,1007.6,100,27.9,29.7,277.0,5.0,155.0,5.3
2025-01-21 18:00:00,2025,1,21,18,Vĩnh Long,Xã An Ngãi Trung,10.0916931,106.5448581,127,Unhealthy for Sensitive Groups,2,25.4,71,0.0,10.2,99,1008.2,100,25.5,27.3,282.0,6.6,135.0,4.6
2025-01-21 19:00:00,2025,1,21,19,Vĩnh Long,Xã An Ngãi Trung,10.0916931,106.5448581,130,Unhealthy for Sensitive Groups,2,24.8,74,0.0,12.3,101,1009.0,100,19.9,22.2,284.0,7.0,122.0,3.7
2025-01-21 20:00:00,2025,1,21,20,Vĩnh Long,Xã An Ngãi Trung,10.0916931,106.5448581,128,Unhealthy for Sensitive Groups,2,24.5,76,0.0,13.3,98,1010.4,100,18.1,20.7,280.0,6.6,121.0,3.6
2025-01-21 21:00:00,2025,1,21,21,Vĩnh Long,Xã An Ngãi Trung,10.0916931,106.5448581,122,Unhealthy for Sensitive Groups,2,24.2,84,0.0,12.7,83,1010.9,100,17.5,20.5,271.0,6.1,119.0,3.4
2025-01-21 22:00:00,2025,1,21,22,Vĩnh Long,Xã An Ngãi Trung,10.0916931,106.5448581,113,Unhealthy for Sensitive Groups,2,24.0,79,0.0,12.6,88,1011.0,100,17.1,20.3,263.0,5.7,117.0,3.2
2025-01-21 23:00:00,2025,1,21,23,Vĩnh Long,Xã An Ngãi Trung,10.0916931,106.5448581,102,Unhealthy for Sensitive Groups,2,23.9,82,0.0,11.7,93,1010.9,100,16.4,19.7,254.0,5.4,116.0,2.8
2025-01-22 00:00:00,2025,1,22,0,Vĩnh Long,Xã An Ngãi Trung,10.0916931,106.5448581,91,Moderate,1,23.5,79,0.0,11.8,97,1010.5,95,15.4,18.7,245.0,5.2,114.0,2.4
2025-01-22 01:00:00,2025,1,22,1,Vĩnh Long,Xã An Ngãi Trung,10.0916931,106.5448581,79,Moderate,1,23.2,84,0.0,11.5,100,1009.9,88,15.1,18.6,238.0,5.2,112.0,2.1
2025-01-22 02:00:00,2025,1,22,2,Vĩnh Long,Xã An Ngãi Trung,10.0916931,106.5448581,70,Moderate,1,23.0,85,0.0,9.5,88,1009.4,86,15.5,18.9,234.0,5.5,109.0,2.0
2025-01-22 03:00:00,2025,1,22,3,Vĩnh Long,Xã An Ngãi Trung,10.0916931,106.5448581,68,Moderate,1,22.6,87,0.0,7.9,94,1009.0,97,16.1,19.5,232.0,6.0,104.0,2.1
2025-01-22 04:00:00,2025,1,22,4,Vĩnh Long,Xã An Ngãi Trung,10.0916931,106.5448581,68,Moderate,1,22.6,89,0.0,9.6,103,1009.2,92,17.0,20.3,233.0,6.7,100.0,2.4
2025-01-22 05:00:00,2025,1,22,5,Vĩnh Long,Xã An Ngãi Trung,10.0916931,106.5448581,68,Moderate,1,22.6,89,0.0,9.1,98,1009.7,100,17.9,21.2,241.0,7.9,95.0,3.0
2025-01-22 06:00:00,2025,1,22,6,Vĩnh Long,Xã An Ngãi Trung,10.0916931,106.5448581,67,Moderate,1,22.5,89,0.0,8.1,89,1010.3,100,18.6,21.8,251.0,9.2,89.0,3.7
2025-01-22 07:00:00,2025,1,22,7,Vĩnh Long,Xã An Ngãi Trung,10.0916931,106.5448581,67,Moderate,1,23.4,85,0.0,10.1,94,1011.0,100,18.7,21.6,257.0,8.7,89.0,3.6
2025-01-22 08:00:00,2025,1,22,8,Vĩnh Long,Xã An Ngãi Trung,10.0916931,106.5448581,67,Moderate,1,25.6,76,0.0,13.5,93,1012.0,100,18.5,21.9,252.0,7.2,97.0,3.5
2025-01-22 09:00:00,2025,1,22,9,Vĩnh Long,Xã An Ngãi Trung,10.0916931,106.5448581,67,Moderate,1,27.0,67,0.0,15.1,91,1012.7,100,17.9,21.5,242.0,5.2,108.0,3.3
2025-01-22 10:00:00,2025,1,22,10,Vĩnh Long,Xã An Ngãi Trung,10.0916931,106.5448581,67,Moderate,1,28.1,60,0.0,15.3,86,1012.5,100,17.6,20.9,233.0,3.5,118.0,3.1
2025-01-22 11:00:00,2025,1,22,11,Vĩnh Long,Xã An Ngãi Trung,10.0916931,106.5448581,67,Moderate,1,29.0,55,0.0,15.5,85,1012.2,99,17.9,20.8,230.0,2.5,128.0,2.8
2025-01-22 12:00:00,2025,1,22,12,Vĩnh Long,Xã An Ngãi Trung,10.0916931,106.5448581,67,Moderate,1,29.4,52,0.0,16.0,93,1011.5,85,18.6,21.6,229.0,1.8,137.0,2.4
2025-01-22 13:00:00,2025,1,22,13,Vĩnh Long,Xã An Ngãi Trung,10.0916931,106.5448581,67,Moderate,1,29.1,50,0.0,17.9,100,1010.6,77,18.1,21.1,226.0,1.4,141.0,2.1
2025-01-22 14:00:00,2025,1,22,14,Vĩnh Long,Xã An Ngãi Trung,10.0916931,106.5448581,66,Moderate,1,28.9,49,0.0,17.7,102,1009.6,78,16.8,19.6,219.0,1.2,139.0,1.9
2025-01-22 15:00:00,2025,1,22,15,Vĩnh Long,Xã An Ngãi Trung,10.0916931,106.5448581,70,Moderate,1,28.4,48,0.0,17.5,107,1009.4,99,14.8,17.5,210.0,1.3,132.0,1.7
2025-01-22 16:00:00,2025,1,22,16,Vĩnh Long,Xã An Ngãi Trung,10.0916931,106.5448581,79,Moderate,1,27.5,54,0.0,15.6,105,1009.1,100,13.3,16.0,207.0,2.0,124.0,1.8
2025-01-22 17:00:00,2025,1,22,17,Vĩnh Long,Xã An Ngãi Trung,10.0916931,106.5448581,85,Moderate,1,26.2,62,0.0,14.7,102,1009.2,91,13.2,15.9,214.0,4.0,116.0,2.4
2025-01-22 18:00:00,2025,1,22,18,Vĩnh Long,Xã An Ngãi Trung,10.0916931,106.5448581,87,Moderate,1,25.0,65,0.0,10.7,97,1009.4,79,14.8,17.7,226.0,6.5,107.0,3.3
2025-01-22 19:00:00,2025,1,22,19,Vĩnh Long,Xã An Ngãi Trung,10.0916931,106.5448581,84,Moderate,1,24.5,68,0.0,9.1,98,1009.7,88,17.2,20.0,233.0,8.5,101.0,4.0
2025-01-22 20:00:00,2025,1,22,20,Vĩnh Long,Xã An Ngãi Trung,10.0916931,106.5448581,79,Moderate,1,24.9,74,0.0,11.2,93,1010.2,100,18.8,21.7,229.0,8.8,99.0,4.2
2025-01-22 21:00:00,2025,1,22,21,Vĩnh Long,Xã An Ngãi Trung,10.0916931,106.5448581,71,Moderate,1,24.6,72,0.0,11.6,95,1010.6,100,19.2,22.1,219.0,9.3,97.0,4.5
2025-01-22 22:00:00,2025,1,22,22,Vĩnh Long,Xã An Ngãi Trung,10.0916931,106.5448581,61,Moderate,1,24.5,75,0.0,11.5,94,1010.6,99,19.1,22.1,211.0,9.4,96.0,4.6
2025-01-22 23:00:00,2025,1,22,23,Vĩnh Long,Xã An Ngãi Trung,10.0916931,106.5448581,61,Moderate,1,24.2,75,0.0,10.0,98,1011.2,100,18.0,21.1,206.0,8.9,96.0,4.1
2025-01-23 00:00:00,2025,1,23,0,Vĩnh Long,Xã An Ngãi Trung,10.0916931,106.5448581,61,Moderate,1,24.2,77,0.0,9.5,109,1011.3,100,16.4,19.5,203.0,8.2,98.0,3.4
2025-01-23 01:00:00,2025,1,23,1,Vĩnh Long,Xã An Ngãi Trung,10.0916931,106.5448581,61,Moderate,1,24.2,77,0.0,8.7,97,1010.7,100,15.5,18.7,200.0,7.6,98.0,2.9
2025-01-23 02:00:00,2025,1,23,2,Vĩnh Long,Xã An Ngãi Trung,10.0916931,106.5448581,61,Moderate,1,24.1,76,0.0,8.9,109,1010.2,100,15.4,18.7,195.0,7.4,97.0,2.8
2025-01-23 03:00:00,2025,1,23,3,Vĩnh Long,Xã An Ngãi Trung,10.0916931,106.5448581,61,Moderate,1,23.9,80,0.0,10.1,109,1009.8,100,15.7,19.2,190.0,7.5,95.0,2.8
2025-01-23 04:00:00,2025,1,23,4,Vĩnh Long,Xã An Ngãi Trung,10.0916931,106.5448581,61,Moderate,1,23.7,82,0.0,9.3,106,1009.6,100,16.0,19.6,192.0,7.7,92.0,3.0
2025-01-23 05:00:00,2025,1,23,5,Vĩnh Long,Xã An Ngãi Trung,10.0916931,106.5448581,61,Moderate,1,23.6,80,0.0,8.8,94,1009.8,100,15.8,19.3,206.0,8.5,87.0,3.3
2025-01-23 06:00:00,2025,1,23,6,Vĩnh Long,Xã An Ngãi Trung,10.0916931,106.5448581,60,Moderate,1,23.6,81,0.0,8.4,101,1010.1,100,15.4,18.7,226.0,9.4,82.0,3.7
2025-01-23 07:00:00,2025,1,23,7,Vĩnh Long,Xã An Ngãi Trung,10.0916931,106.5448581,60,Moderate,1,24.2,81,0.0,9.2,89,1010.6,100,16.6,19.9,240.0,6.8,83.0,3.0
2025-01-23 08:00:00,2025,1,23,8,Vĩnh Long,Xã An Ngãi Trung,10.0916931,106.5448581,60,Moderate,1,25.9,80,0.0,11.3,82,1011.8,100,17.6,21.5,244.0,5.6,86.0,2.8
2025-01-23 09:00:00,2025,1,23,9,Vĩnh Long,Xã An Ngãi Trung,10.0916931,106.5448581,60,Moderate,1,27.8,68,0.0,11.5,79,1012.4,100,16.8,21.0,242.0,4.0,90.0,2.5
2025-01-23 10:00:00,2025,1,23,10,Vĩnh Long,Xã An Ngãi Trung,10.0916931,106.5448581,60,Moderate,1,29.2,58,0.0,11.8,82,1012.1,100,16.2,20.5,235.0,2.7,93.0,2.2
2025-01-23 11:00:00,2025,1,23,11,Vĩnh Long,Xã An Ngãi Trung,10.0916931,106.5448581,60,Moderate,1,29.5,54,0.0,13.1,91,1011.7,100,15.4,19.6,218.0,2.0,94.0,1.9
2025-01-23 12:00:00,2025,1,23,12,Vĩnh Long,Xã An Ngãi Trung,10.0916931,106.5448581,59,Moderate,1,29.1,55,0.0,14.1,94,1011.1,100,14.5,18.3,195.0,1.7,94.0,1.6
2025-01-23 13:00:00,2025,1,23,13,Vĩnh Long,Xã An Ngãi Trung,10.0916931,106.5448581,59,Moderate,1,29.5,53,0.0,13.7,95,1010.2,100,13.7,17.0,178.0,1.5,93.0,1.4
2025-01-23 14:00:00,2025,1,23,14,Vĩnh Long,Xã An Ngãi Trung,10.0916931,106.5448581,59,Moderate,1,29.5,52,0.0,12.6,91,1009.2,100,13.0,15.8,174.0,1.3,93.0,1.3
2025-01-23 15:00:00,2025,1,23,15,Vĩnh Long,Xã An Ngãi Trung,10.0916931,106.5448581,58,Moderate,1,29.8,52,0.0,11.2,91,1008.3,99,12.3,14.8,176.0,1.3,94.0,1.4
2025-01-23 16:00:00,2025,1,23,16,Vĩnh Long,Xã An Ngãi Trung,10.0916931,106.5448581,58,Moderate,1,29.2,55,0.0,12.3,98,1008.2,93,12.2,14.6,179.0,2.2,91.0,1.7
2025-01-23 17:00:00,2025,1,23,17,Vĩnh Long,Xã An Ngãi Trung,10.0916931,106.5448581,58,Moderate,1,27.9,62,0.0,13.5,94,1008.6,100,12.8,15.1,183.0,5.2,83.0,2.7
2025-01-23 18:00:00,2025,1,23,18,Vĩnh Long,Xã An Ngãi Trung,10.0916931,106.5448581,58,Moderate,1,26.2,74,0.0,11.0,104,1009.0,100,15.3,17.1,189.0,9.1,72.0,3.9
2025-01-23 19:00:00,2025,1,23,19,Vĩnh Long,Xã An Ngãi Trung,10.0916931,106.5448581,58,Moderate,1,25.6,79,0.0,10.2,108,1009.8,99,16.5,19.0,191.0,8.3,73.0,3.7
2025-01-23 20:00:00,2025,1,23,20,Vĩnh Long,Xã An Ngãi Trung,10.0916931,106.5448581,58,Moderate,1,25.0,86,0.0,10.5,112,1010.9,100,17.3,20.1,186.0,7.9,73.0,3.7
2025-01-23 21:00:00,2025,1,23,21,Vĩnh Long,Xã An Ngãi Trung,10.0916931,106.5448581,58,Moderate,1,24.8,86,0.0,11.0,104,1011.2,78,17.3,20.2,178.0,7.3,73.0,3.7
2025-01-23 22:00:00,2025,1,23,22,Vĩnh Long,Xã An Ngãi Trung,10.0916931,106.5448581,58,Moderate,1,24.6,87,0.0,11.7,104,1011.0,35,17.3,20.1,170.0,6.9,72.0,3.6
2025-01-23 23:00:00,2025,1,23,23,Vĩnh Long,Xã An Ngãi Trung,10.0916931,106.5448581,58,Moderate,1,24.5,86,0.0,11.4,102,1011.0,100,16.8,19.6,164.0,6.7,71.0,3.3
2025-01-24 00:00:00,2025,1,24,0,Vĩnh Long,Xã An Ngãi Trung,10.0916931,106.5448581,57,Moderate,1,24.4,85,0.0,10.5,96,1010.6,100,15.8,18.5,157.0,6.6,69.0,2.8
2025-01-24 01:00:00,2025,1,24,1,Vĩnh Long,Xã An Ngãi Trung,10.0916931,106.5448581,57,Moderate,1,24.1,86,0.0,10.8,90,1009.4,100,15.3,17.8,153.0,6.7,67.0,2.5
2025-01-24 02:00:00,2025,1,24,2,Vĩnh Long,Xã An Ngãi Trung,10.0916931,106.5448581,57,Moderate,1,24.0,86,0.0,9.0,78,1008.6,100,15.1,17.6,149.0,7.1,64.0,2.4
2025-01-24 03:00:00,2025,1,24,3,Vĩnh Long,Xã An Ngãi Trung,10.0916931,106.5448581,57,Moderate,1,23.6,88,0.0,5.2,74,1008.2,100,15.4,18.0,146.0,7.6,62.0,2.5
2025-01-24 04:00:00,2025,1,24,4,Vĩnh Long,Xã An Ngãi Trung,10.0916931,106.5448581,57,Moderate,1,23.5,89,0.0,5.6,69,1008.2,100,15.7,18.3,150.0,8.2,59.0,2.7
2025-01-24 05:00:00,2025,1,24,5,Vĩnh Long,Xã An Ngãi Trung,10.0916931,106.5448581,57,Moderate,1,23.5,90,0.0,6.2,69,1008.5,100,16.1,18.8,166.0,9.2,56.0,3.2
2025-01-24 06:00:00,2025,1,24,6,Vĩnh Long,Xã An Ngãi Trung,10.0916931,106.5448581,57,Moderate,1,23.3,93,0.0,5.6,65,1009.0,100,16.6,19.6,188.0,10.2,52.0,3.8
2025-01-24 07:00:00,2025,1,24,7,Vĩnh Long,Xã An Ngãi Trung,10.0916931,106.5448581,57,Moderate,1,24.0,90,0.0,6.5,39,1009.8,100,16.2,19.0,205.0,11.4,54.0,3.7
2025-01-24 08:00:00,2025,1,24,8,Vĩnh Long,Xã An Ngãi Trung,10.0916931,106.5448581,57,Moderate,1,26.1,80,0.0,10.5,66,1010.2,100,15.9,19.3,210.0,9.6,60.0,3.5
2025-01-24 09:00:00,2025,1,24,9,Vĩnh Long,Xã An Ngãi Trung,10.0916931,106.5448581,57,Moderate,1,27.7,71,0.0,9.3,65,1010.6,100,14.8,18.3,209.0,7.0,68.0,3.3
2025-01-24 10:00:00,2025,1,24,10,Vĩnh Long,Xã An Ngãi Trung,10.0916931,106.5448581,57,Moderate,1,29.4,63,0.0,7.5,69,1010.7,100,14.2,17.5,209.0,4.9,78.0,3.1
2025-01-24 11:00:00,2025,1,24,11,Vĩnh Long,Xã An Ngãi Trung,10.0916931,106.5448581,57,Moderate,1,30.6,57,0.0,9.6,77,1010.4,100,13.6,16.1,215.0,3.6,92.0,3.0
2025-01-24 12:00:00,2025,1,24,12,Vĩnh Long,Xã An Ngãi Trung,10.0916931,106.5448581,57,Moderate,1,30.8,58,0.0,11.4,95,1009.8,100,15.1,16.9,223.0,2.6,108.0,2.9
2025-01-24 13:00:00,2025,1,24,13,Vĩnh Long,Xã An Ngãi Trung,10.0916931,106.5448581,57,Moderate,1,30.8,60,0.1,14.0,108,1008.9,100,17.6,19.3,224.0,2.0,117.0,2.7
2025-01-24 14:00:00,2025,1,24,14,Vĩnh Long,Xã An Ngãi Trung,10.0916931,106.5448581,57,Moderate,1,30.4,58,0.0,15.0,114,1008.2,99,17.3,19.4,212.0,1.7,113.0,2.4
2025-01-24 15:00:00,2025,1,24,15,Vĩnh Long,Xã An Ngãi Trung,10.0916931,106.5448581,57,Moderate,1,29.8,59,0.0,15.1,112,1007.7,100,15.3,17.9,192.0,1.7,103.0,2.0
2025-01-24 16:00:00,2025,1,24,16,Vĩnh Long,Xã An Ngãi Trung,10.0916931,106.5448581,58,Moderate,1,28.8,60,0.0,15.0,103,1007.7,100,12.6,15.2,178.0,2.2,93.0,1.8
2025-01-24 17:00:00,2025,1,24,17,Vĩnh Long,Xã An Ngãi Trung,10.0916931,106.5448581,58,Moderate,1,27.0,68,0.0,14.6,103,1008.0,100,11.8,14.4,174.0,3.5,86.0,2.1
2025-01-24 18:00:00,2025,1,24,18,Vĩnh Long,Xã An Ngãi Trung,10.0916931,106.5448581,58,Moderate,1,25.7,76,0.0,12.6,101,1008.2,82,12.4,15.5,175.0,5.2,80.0,2.6
2025-01-24 19:00:00,2025,1,24,19,Vĩnh Long,Xã An Ngãi Trung,10.0916931,106.5448581,57,Moderate,1,25.1,81,0.0,12.7,97,1008.7,93,11.1,14.1,175.0,6.8,75.0,3.1
2025-01-24 20:00:00,2025,1,24,20,Vĩnh Long,Xã An Ngãi Trung,10.0916931,106.5448581,57,Moderate,1,25.0,86,0.0,12.2,90,1009.8,100,11.5,14.5,173.0,6.6,75.0,3.0
2025-01-24 21:00:00,2025,1,24,21,Vĩnh Long,Xã An Ngãi Trung,10.0916931,106.5448581,56,Moderate,1,24.8,87,0.0,13.6,85,1010.3,100,11.6,14.6,169.0,6.3,76.0,2.9
2025-01-24 22:00:00,2025,1,24,22,Vĩnh Long,Xã An Ngãi Trung,10.0916931,106.5448581,56,Moderate,1,24.5,89,0.0,13.5,90,1010.4,100,11.8,14.7,165.0,6.0,76.0,2.7
2025-01-24 23:00:00,2025,1,24,23,Vĩnh Long,Xã An Ngãi Trung,10.0916931,106.5448581,55,Moderate,1,24.5,88,0.0,13.9,96,1010.3,100,11.6,14.6,159.0,5.7,75.0,2.4
2025-01-25 00:00:00,2025,1,25,0,Vĩnh Long,Xã An Ngãi Trung,10.0916931,106.5448581,55,Moderate,1,24.5,87,0.0,14.3,97,1010.2,100,11.3,14.4,152.0,5.5,74.0,2.0
2025-01-25 01:00:00,2025,1,25,1,Vĩnh Long,Xã An Ngãi Trung,10.0916931,106.5448581,55,Moderate,1,24.5,87,0.0,14.5,104,1009.5,100,11.6,14.8,146.0,5.4,72.0,1.8
2025-01-25 02:00:00,2025,1,25,2,Vĩnh Long,Xã An Ngãi Trung,10.0916931,106.5448581,54,Moderate,1,24.4,87,0.0,13.1,102,1008.9,94,12.3,15.6,141.0,5.5,70.0,1.8
2025-01-25 03:00:00,2025,1,25,3,Vĩnh Long,Xã An Ngãi Trung,10.0916931,106.5448581,54,Moderate,1,24.2,88,0.0,12.9,102,1008.6,98,13.0,16.4,137.0,5.7,67.0,1.8
2025-01-25 04:00:00,2025,1,25,4,Vĩnh Long,Xã An Ngãi Trung,10.0916931,106.5448581,54,Moderate,1,24.3,86,0.0,12.3,97,1008.5,99,13.6,17.1,139.0,6.1,65.0,2.0
2025-01-25 05:00:00,2025,1,25,5,Vĩnh Long,Xã An Ngãi Trung,10.0916931,106.5448581,54,Moderate,1,24.2,87,0.0,11.9,94,1008.5,100,14.1,17.5,153.0,6.9,62.0,2.4
2025-01-25 06:00:00,2025,1,25,6,Vĩnh Long,Xã An Ngãi Trung,10.0916931,106.5448581,53,Moderate,1,24.2,87,0.0,11.7,89,1008.7,100,14.7,18.1,172.0,7.8,58.0,2.9
2025-01-25 07:00:00,2025,1,25,7,Vĩnh Long,Xã An Ngãi Trung,10.0916931,106.5448581,53,Moderate,1,24.9,85,0.0,11.4,85,1009.7,100,13.7,16.8,183.0,6.8,60.0,2.8
2025-01-25 08:00:00,2025,1,25,8,Vĩnh Long,Xã An Ngãi Trung,10.0916931,106.5448581,53,Moderate,1,26.5,77,0.0,13.1,90,1011.0,99,13.0,16.8,177.0,5.3,65.0,2.5
2025-01-25 09:00:00,2025,1,25,9,Vĩnh Long,Xã An Ngãi Trung,10.0916931,106.5448581,53,Moderate,1,27.9,71,0.0,14.2,91,1011.6,92,11.8,15.4,162.0,3.3,71.0,2.0
2025-01-25 10:00:00,2025,1,25,10,Vĩnh Long,Xã An Ngãi Trung,10.0916931,106.5448581,53,Moderate,1,29.0,65,0.0,14.8,93,1011.7,97,10.9,14.4,151.0,1.7,76.0,1.6
2025-01-25 11:00:00,2025,1,25,11,Vĩnh Long,Xã An Ngãi Trung,10.0916931,106.5448581,52,Moderate,1,29.4,63,0.0,15.5,100,1011.2,76,10.4,13.8,147.0,1.1,79.0,1.4
2025-01-25 12:00:00,2025,1,25,12,Vĩnh Long,Xã An Ngãi Trung,10.0916931,106.5448581,52,Moderate,1,29.7,61,0.0,16.0,102,1010.4,98,10.2,13.5,147.0,1.0,80.0,1.3
2025-01-25 13:00:00,2025,1,25,13,Vĩnh Long,Xã An Ngãi Trung,10.0916931,106.5448581,52,Moderate,1,29.7,60,0.0,16.3,101,1009.3,95,10.0,13.2,147.0,1.0,81.0,1.2
2025-01-25 14:00:00,2025,1,25,14,Vĩnh Long,Xã An Ngãi Trung,10.0916931,106.5448581,51,Moderate,1,29.6,59,0.0,15.9,94,1008.0,78,9.9,13.0,146.0,1.0,81.0,1.2
2025-01-25 15:00:00,2025,1,25,15,Vĩnh Long,Xã An Ngãi Trung,10.0916931,106.5448581,50,Good,0,29.1,60,0.0,15.7,101,1007.5,11,9.9,12.7,146.0,1.1,80.0,1.3
2025-01-25 16:00:00,2025,1,25,16,Vĩnh Long,Xã An Ngãi Trung,10.0916931,106.5448581,49,Good,0,28.2,67,0.0,15.8,111,1007.6,3,10.1,12.8,148.0,1.8,78.0,1.5
2025-01-25 17:00:00,2025,1,25,17,Vĩnh Long,Xã An Ngãi Trung,10.0916931,106.5448581,49,Good,0,27.0,73,0.0,14.7,108,1008.2,0,10.5,13.4,155.0,3.6,74.0,2.1
2025-01-25 18:00:00,2025,1,25,18,Vĩnh Long,Xã An Ngãi Trung,10.0916931,106.5448581,49,Good,0,25.8,79,0.0,13.7,113,1008.7,0,12.0,14.8,164.0,5.9,70.0,2.9
2025-01-25 19:00:00,2025,1,25,19,Vĩnh Long,Xã An Ngãi Trung,10.0916931,106.5448581,49,Good,0,25.2,82,0.0,12.5,102,1008.9,2,16.6,20.5,170.0,7.1,67.0,3.3
2025-01-25 20:00:00,2025,1,25,20,Vĩnh Long,Xã An Ngãi Trung,10.0916931,106.5448581,50,Good,0,25.4,84,0.0,10.3,92,1009.4,100,16.8,20.2,170.0,7.1,66.0,3.3
2025-01-25 21:00:00,2025,1,25,21,Vĩnh Long,Xã An Ngãi Trung,10.0916931,106.5448581,50,Good,0,25.2,86,0.0,11.7,94,1009.5,94,16.3,19.6,166.0,7.2,66.0,3.4
2025-01-25 22:00:00,2025,1,25,22,Vĩnh Long,Xã An Ngãi Trung,10.0916931,106.5448581,51,Moderate,1,25.0,86,0.0,12.3,97,1009.5,100,15.4,18.5,161.0,7.1,65.0,3.3
2025-01-25 23:00:00,2025,1,25,23,Vĩnh Long,Xã An Ngãi Trung,10.0916931,106.5448581,51,Moderate,1,24.9,86,0.0,12.8,101,1010.3,99,14.1,17.0,156.0,6.8,65.0,2.9
2025-01-26 00:00:00,2025,1,26,0,Vĩnh Long,Xã An Ngãi Trung,10.0916931,106.5448581,51,Moderate,1,24.8,86,0.0,14.2,102,1010.1,100,12.8,15.7,149.0,6.4,65.0,2.5
2025-01-26 01:00:00,2025,1,26,1,Vĩnh Long,Xã An Ngãi Trung,10.0916931,106.5448581,51,Moderate,1,24.5,88,0.0,15.0,104,1009.4,100,12.4,15.4,145.0,6.1,65.0,2.1
2025-01-26 02:00:00,2025,1,26,2,Vĩnh Long,Xã An Ngãi Trung,10.0916931,106.5448581,51,Moderate,1,24.5,87,0.0,12.1,93,1009.1,94,12.3,15.4,143.0,6.1,64.0,2.0
2025-01-26 03:00:00,2025,1,26,3,Vĩnh Long,Xã An Ngãi Trung,10.0916931,106.5448581,51,Moderate,1,24.4,87,0.0,11.2,96,1008.6,55,12.4,15.5,142.0,6.2,63.0,2.0
2025-01-26 04:00:00,2025,1,26,4,Vĩnh Long,Xã An Ngãi Trung,10.0916931,106.5448581,51,Moderate,1,24.5,84,0.0,11.4,96,1008.5,99,12.4,15.6,145.0,6.5,61.0,2.1
2025-01-26 05:00:00,2025,1,26,5,Vĩnh Long,Xã An Ngãi Trung,10.0916931,106.5448581,51,Moderate,1,24.4,87,0.0,12.1,95,1008.6,65,12.5,15.8,155.0,7.3,58.0,2.5
2025-01-26 06:00:00,2025,1,26,6,Vĩnh Long,Xã An Ngãi Trung,10.0916931,106.5448581,51,Moderate,1,24.2,88,0.0,12.5,94,1009.3,17,12.9,16.3,169.0,8.4,54.0,2.9
2025-01-26 07:00:00,2025,1,26,7,Vĩnh Long,Xã An Ngãi Trung,10.0916931,106.5448581,51,Moderate,1,24.9,85,0.0,14.0,90,1010.1,48,14.6,18.5,175.0,6.8,56.0,2.4
2025-01-26 08:00:00,2025,1,26,8,Vĩnh Long,Xã An Ngãi Trung,10.0916931,106.5448581,51,Moderate,1,26.4,78,0.0,17.7,87,1011.2,69,14.4,18.5,167.0,5.7,59.0,2.3
2025-01-26 09:00:00,2025,1,26,9,Vĩnh Long,Xã An Ngãi Trung,10.0916931,106.5448581,51,Moderate,1,27.6,69,0.0,20.1,84,1011.9,30,13.7,17.6,152.0,4.2,64.0,2.1
2025-01-26 10:00:00,2025,1,26,10,Vĩnh Long,Xã An Ngãi Trung,10.0916931,106.5448581,51,Moderate,1,28.8,60,0.0,22.0,86,1011.7,60,13.0,16.8,140.0,2.9,69.0,1.9
2025-01-26 11:00:00,2025,1,26,11,Vĩnh Long,Xã An Ngãi Trung,10.0916931,106.5448581,52,Moderate,1,29.5,54,0.0,21.4,90,1011.3,41,12.3,15.9,136.0,2.1,73.0,1.7
2025-01-26 12:00:00,2025,1,26,12,Vĩnh Long,Xã An Ngãi Trung,10.0916931,106.5448581,52,Moderate,1,30.0,50,0.0,21.2,91,1010.7,51,11.5,15.0,136.0,1.6,78.0,1.4
2025-01-26 13:00:00,2025,1,26,13,Vĩnh Long,Xã An Ngãi Trung,10.0916931,106.5448581,52,Moderate,1,30.0,50,0.0,19.1,91,1009.7,44,11.0,14.3,138.0,1.4,83.0,1.3
2025-01-26 14:00:00,2025,1,26,14,Vĩnh Long,Xã An Ngãi Trung,10.0916931,106.5448581,52,Moderate,1,30.0,54,0.0,15.6,96,1008.7,45,11.2,14.2,143.0,1.3,90.0,1.3
2025-01-26 15:00:00,2025,1,26,15,Vĩnh Long,Xã An Ngãi Trung,10.0916931,106.5448581,52,Moderate,1,29.5,56,0.0,14.1,104,1008.0,18,11.0,13.6,151.0,1.5,97.0,1.4
2025-01-26 16:00:00,2025,1,26,16,Vĩnh Long,Xã An Ngãi Trung,10.0916931,106.5448581,52,Moderate,1,28.5,60,0.0,16.1,106,1008.1,88,10.4,12.7,159.0,2.1,103.0,1.6
2025-01-26 17:00:00,2025,1,26,17,Vĩnh Long,Xã An Ngãi Trung,10.0916931,106.5448581,52,Moderate,1,27.4,64,0.0,15.6,101,1008.4,100,10.5,13.0,166.0,3.6,105.0,2.1
2025-01-26 18:00:00,2025,1,26,18,Vĩnh Long,Xã An Ngãi Trung,10.0916931,106.5448581,52,Moderate,1,25.9,76,0.0,14.1,100,1008.7,100,11.6,14.4,174.0,5.4,105.0,2.7
2025-01-26 19:00:00,2025,1,26,19,Vĩnh Long,Xã An Ngãi Trung,10.0916931,106.5448581,52,Moderate,1,25.5,75,0.0,14.8,103,1009.3,100,13.5,16.2,178.0,7.6,102.0,3.5
2025-01-26 20:00:00,2025,1,26,20,Vĩnh Long,Xã An Ngãi Trung,10.0916931,106.5448581,52,Moderate,1,25.2,81,0.0,15.4,100,1009.9,100,12.9,15.8,178.0,7.2,103.0,3.4
2025-01-26 21:00:00,2025,1,26,21,Vĩnh Long,Xã An Ngãi Trung,10.0916931,106.5448581,52,Moderate,1,25.2,77,0.0,14.9,99,1010.3,100,12.4,15.4,175.0,6.6,104.0,3.2
2025-01-26 22:00:00,2025,1,26,22,Vĩnh Long,Xã An Ngãi Trung,10.0916931,106.5448581,51,Moderate,1,24.9,80,0.0,15.7,94,1010.4,100,12.4,15.4,173.0,6.1,103.0,3.0
2025-01-26 23:00:00,2025,1,26,23,Vĩnh Long,Xã An Ngãi Trung,10.0916931,106.5448581,51,Moderate,1,24.5,83,0.0,13.5,92,1010.6,100,12.5,15.4,171.0,5.9,100.0,2.6
2025-01-27 00:00:00,2025,1,27,0,Vĩnh Long,Xã An Ngãi Trung,10.0916931,106.5448581,51,Moderate,1,24.2,87,0.0,10.5,85,1010.4,100,12.4,15.1,169.0,5.8,95.0,2.1
2025-01-27 01:00:00,2025,1,27,1,Vĩnh Long,Xã An Ngãi Trung,10.0916931,106.5448581,51,Moderate,1,23.9,89,0.0,9.3,82,1009.6,84,12.2,14.7,169.0,6.0,91.0,1.9
2025-01-27 02:00:00,2025,1,27,2,Vĩnh Long,Xã An Ngãi Trung,10.0916931,106.5448581,51,Moderate,1,23.9,89,0.0,9.2,84,1009.3,100,12.2,14.4,172.0,6.6,87.0,2.2
2025-01-27 03:00:00,2025,1,27,3,Vĩnh Long,Xã An Ngãi Trung,10.0916931,106.5448581,51,Moderate,1,23.9,88,0.0,9.9,80,1008.8,100,12.7,14.8,178.0,7.4,83.0,2.7
2025-01-27 04:00:00,2025,1,27,4,Vĩnh Long,Xã An Ngãi Trung,10.0916931,106.5448581,51,Moderate,1,24.1,82,0.0,12.5,78,1008.6,100,13.6,15.7,186.0,8.6,79.0,3.5
2025-01-27 05:00:00,2025,1,27,5,Vĩnh Long,Xã An Ngãi Trung,10.0916931,106.5448581,51,Moderate,1,24.0,77,0.0,12.2,77,1009.0,81,14.3,16.4,201.0,10.7,74.0,4.8
2025-01-27 06:00:00,2025,1,27,6,Vĩnh Long,Xã An Ngãi Trung,10.0916931,106.5448581,51,Moderate,1,23.6,79,0.0,10.5,74,1009.4,1,15.5,17.8,218.0,13.0,69.0,6.3
2025-01-27 07:00:00,2025,1,27,7,Vĩnh Long,Xã An Ngãi Trung,10.0916931,106.5448581,51,Moderate,1,24.0,78,0.0,9.4,67,1010.0,0,11.4,13.1,228.0,5.8,86.0,2.5
2025-01-27 08:00:00,2025,1,27,8,Vĩnh Long,Xã An Ngãi Trung,10.0916931,106.5448581,51,Moderate,1,26.0,68,0.0,15.1,75,1011.4,96,12.7,14.7,223.0,5.5,90.0,2.8
2025-01-27 09:00:00,2025,1,27,9,Vĩnh Long,Xã An Ngãi Trung,10.0916931,106.5448581,51,Moderate,1,27.2,59,0.0,16.7,76,1011.7,100,12.3,14.7,211.0,4.9,96.0,3.2
2025-01-27 10:00:00,2025,1,27,10,Vĩnh Long,Xã An Ngãi Trung,10.0916931,106.5448581,51,Moderate,1,28.2,53,0.0,15.3,73,1011.5,100,12.7,15.3,204.0,4.3,102.0,3.3
2025-01-27 11:00:00,2025,1,27,11,Vĩnh Long,Xã An Ngãi Trung,10.0916931,106.5448581,51,Moderate,1,29.2,49,0.0,14.2,78,1011.0,68,12.7,15.0,208.0,3.4,110.0,3.0
2025-01-27 12:00:00,2025,1,27,12,Vĩnh Long,Xã An Ngãi Trung,10.0916931,106.5448581,51,Moderate,1,29.9,47,0.0,13.2,85,1010.4,100,12.4,14.6,217.0,2.4,118.0,2.4
2025-01-27 13:00:00,2025,1,27,13,Vĩnh Long,Xã An Ngãi Trung,10.0916931,106.5448581,51,Moderate,1,30.0,48,0.0,13.2,95,1009.2,97,11.7,13.9,225.0,1.7,124.0,1.9
2025-01-27 14:00:00,2025,1,27,14,Vĩnh Long,Xã An Ngãi Trung,10.0916931,106.5448581,51,Moderate,1,29.4,54,0.0,14.4,103,1008.5,91,11.4,14.1,226.0,1.5,126.0,1.6
2025-01-27 15:00:00,2025,1,27,15,Vĩnh Long,Xã An Ngãi Trung,10.0916931,106.5448581,51,Moderate,1,28.4,57,0.0,16.9,104,1008.2,12,12.1,15.3,226.0,1.6,125.0,1.4
2025-01-27 16:00:00,2025,1,27,16,Vĩnh Long,Xã An Ngãi Trung,10.0916931,106.5448581,56,Moderate,1,27.6,62,0.0,18.6,99,1008.0,12,12.7,15.9,239.0,2.1,123.0,1.4
2025-01-27 17:00:00,2025,1,27,17,Vĩnh Long,Xã An Ngãi Trung,10.0916931,106.5448581,63,Moderate,1,26.2,69,0.0,20.6,96,1008.5,10,13.6,16.7,277.0,3.2,121.0,1.6
2025-01-27 18:00:00,2025,1,27,18,Vĩnh Long,Xã An Ngãi Trung,10.0916931,106.5448581,68,Moderate,1,25.0,81,0.0,17.4,95,1009.0,2,14.6,17.3,327.0,4.8,119.0,2.0
2025-01-27 19:00:00,2025,1,27,19,Vĩnh Long,Xã An Ngãi Trung,10.0916931,106.5448581,72,Moderate,1,24.6,79,0.0,18.7,88,1009.5,7,17.6,20.5,366.0,5.8,115.0,2.4
2025-01-27 20:00:00,2025,1,27,20,Vĩnh Long,Xã An Ngãi Trung,10.0916931,106.5448581,73,Moderate,1,24.5,83,0.0,16.3,84,1010.3,100,16.5,19.3,384.0,5.6,114.0,2.5
2025-01-27 21:00:00,2025,1,27,21,Vĩnh Long,Xã An Ngãi Trung,10.0916931,106.5448581,72,Moderate,1,24.7,78,0.0,17.3,91,1011.1,100,15.5,18.2,390.0,5.4,113.0,2.6
2025-01-27 22:00:00,2025,1,27,22,Vĩnh Long,Xã An Ngãi Trung,10.0916931,106.5448581,70,Moderate,1,24.5,78,0.0,17.3,86,1011.7,100,14.7,17.2,394.0,5.1,112.0,2.6
2025-01-27 23:00:00,2025,1,27,23,Vĩnh Long,Xã An Ngãi Trung,10.0916931,106.5448581,67,Moderate,1,24.2,79,0.0,17.0,84,1011.9,99,13.8,16.2,396.0,4.7,112.0,2.4
2025-01-28 00:00:00,2025,1,28,0,Vĩnh Long,Xã An Ngãi Trung,10.0916931,106.5448581,64,Moderate,1,24.1,79,0.0,16.8,81,1011.9,98,13.1,15.4,395.0,4.2,111.0,2.0
2025-01-28 01:00:00,2025,1,28,1,Vĩnh Long,Xã An Ngãi Trung,10.0916931,106.5448581,62,Moderate,1,23.9,79,0.0,15.2,76,1011.6,100,12.6,14.8,394.0,4.0,110.0,1.8
2025-01-28 02:00:00,2025,1,28,2,Vĩnh Long,Xã An Ngãi Trung,10.0916931,106.5448581,59,Moderate,1,23.7,79,0.0,14.3,72,1011.2,99,12.2,14.2,391.0,4.2,108.0,1.8
2025-01-28 03:00:00,2025,1,28,3,Vĩnh Long,Xã An Ngãi Trung,10.0916931,106.5448581,57,Moderate,1,23.5,80,0.0,13.0,72,1010.7,99,12.0,13.8,387.0,4.6,104.0,1.9
2025-01-28 04:00:00,2025,1,28,4,Vĩnh Long,Xã An Ngãi Trung,10.0916931,106.5448581,55,Moderate,1,23.2,81,0.0,12.4,74,1010.6,100,12.1,13.8,389.0,5.2,101.0,2.2
2025-01-28 05:00:00,2025,1,28,5,Vĩnh Long,Xã An Ngãi Trung,10.0916931,106.5448581,53,Moderate,1,23.1,82,0.0,11.3,72,1010.8,99,12.6,14.4,401.0,6.4,96.0,2.9
2025-01-28 06:00:00,2025,1,28,6,Vĩnh Long,Xã An Ngãi Trung,10.0916931,106.5448581,53,Moderate,1,22.9,83,0.0,10.6,72,1011.4,100,13.5,15.4,419.0,7.8,91.0,3.9
2025-01-28 07:00:00,2025,1,28,7,Vĩnh Long,Xã An Ngãi Trung,10.0916931,106.5448581,53,Moderate,1,23.5,80,0.0,12.1,67,1012.0,100,15.0,16.9,430.0,8.2,91.0,4.1
2025-01-28 08:00:00,2025,1,28,8,Vĩnh Long,Xã An Ngãi Trung,10.0916931,106.5448581,53,Moderate,1,25.0,72,0.0,10.6,58,1013.6,92,14.3,16.6,428.0,6.9,98.0,3.8
2025-01-28 09:00:00,2025,1,28,9,Vĩnh Long,Xã An Ngãi Trung,10.0916931,106.5448581,53,Moderate,1,26.4,66,0.0,11.8,73,1014.1,94,14.1,16.5,420.0,5.2,108.0,3.4
2025-01-28 10:00:00,2025,1,28,10,Vĩnh Long,Xã An Ngãi Trung,10.0916931,106.5448581,53,Moderate,1,27.5,60,0.0,12.3,84,1014.4,100,13.9,16.1,413.0,3.8,118.0,3.1
2025-01-28 11:00:00,2025,1,28,11,Vĩnh Long,Xã An Ngãi Trung,10.0916931,106.5448581,53,Moderate,1,28.4,56,0.0,12.1,94,1014.3,90,15.0,17.2,410.0,3.1,127.0,2.9
2025-01-28 12:00:00,2025,1,28,12,Vĩnh Long,Xã An Ngãi Trung,10.0916931,106.5448581,53,Moderate,1,29.0,53,0.0,12.7,101,1013.7,48,16.8,19.0,408.0,2.6,135.0,2.8
2025-01-28 13:00:00,2025,1,28,13,Vĩnh Long,Xã An Ngãi Trung,10.0916931,106.5448581,54,Moderate,1,28.9,54,0.0,15.1,108,1012.7,89,17.8,20.0,404.0,2.4,140.0,2.6
2025-01-28 14:00:00,2025,1,28,14,Vĩnh Long,Xã An Ngãi Trung,10.0916931,106.5448581,60,Moderate,1,27.8,56,0.0,18.7,110,1011.9,73,18.0,20.3,395.0,2.2,140.0,2.3
2025-01-28 15:00:00,2025,1,28,15,Vĩnh Long,Xã An Ngãi Trung,10.0916931,106.5448581,70,Moderate,1,27.7,55,0.0,18.2,104,1010.9,31,17.8,20.1,385.0,2.2,138.0,2.0
2025-01-28 16:00:00,2025,1,28,16,Vĩnh Long,Xã An Ngãi Trung,10.0916931,106.5448581,80,Moderate,1,27.2,61,0.0,17.2,100,1010.5,18,16.2,18.6,378.0,2.6,133.0,1.8
2025-01-28 17:00:00,2025,1,28,17,Vĩnh Long,Xã An Ngãi Trung,10.0916931,106.5448581,88,Moderate,1,26.1,64,0.0,14.7,97,1010.8,31,15.0,17.3,380.0,3.9,125.0,2.0
2025-01-28 18:00:00,2025,1,28,18,Vĩnh Long,Xã An Ngãi Trung,10.0916931,106.5448581,91,Moderate,1,24.9,71,0.0,13.0,91,1011.5,96,15.5,18.2,385.0,5.6,116.0,2.4
2025-01-28 19:00:00,2025,1,28,19,Vĩnh Long,Xã An Ngãi Trung,10.0916931,106.5448581,91,Moderate,1,24.4,77,0.0,14.7,97,1012.3,83,14.8,17.6,388.0,6.0,112.0,2.7
2025-01-28 20:00:00,2025,1,28,20,Vĩnh Long,Xã An Ngãi Trung,10.0916931,106.5448581,88,Moderate,1,24.5,78,0.0,11.5,100,1013.9,19,15.3,18.0,385.0,5.8,110.0,2.8
2025-01-28 21:00:00,2025,1,28,21,Vĩnh Long,Xã An Ngãi Trung,10.0916931,106.5448581,82,Moderate,1,24.2,80,0.0,11.1,97,1014.4,0,15.3,18.1,379.0,5.6,107.0,2.8
2025-01-28 22:00:00,2025,1,28,22,Vĩnh Long,Xã An Ngãi Trung,10.0916931,106.5448581,75,Moderate,1,23.9,82,0.0,14.8,93,1014.5,0,15.1,17.9,375.0,5.4,104.0,2.8
2025-01-28 23:00:00,2025,1,28,23,Vĩnh Long,Xã An Ngãi Trung,10.0916931,106.5448581,68,Moderate,1,23.5,84,0.0,13.7,85,1014.6,92,14.8,17.5,373.0,5.1,101.0,2.4
2025-01-29 00:00:00,2025,1,29,0,Vĩnh Long,Xã An Ngãi Trung,10.0916931,106.5448581,60,Moderate,1,23.5,83,0.0,10.8,69,1014.6,96,14.1,16.8,373.0,4.8,98.0,1.8
2025-01-29 01:00:00,2025,1,29,1,Vĩnh Long,Xã An Ngãi Trung,10.0916931,106.5448581,56,Moderate,1,22.9,86,0.0,8.0,56,1014.2,98,13.5,16.0,378.0,5.3,94.0,1.8
2025-01-29 02:00:00,2025,1,29,2,Vĩnh Long,Xã An Ngãi Trung,10.0916931,106.5448581,56,Moderate,1,22.1,89,0.0,6.7,44,1013.5,100,13.3,15.5,388.0,7.0,88.0,2.6
2025-01-29 03:00:00,2025,1,29,3,Vĩnh Long,Xã An Ngãi Trung,10.0916931,106.5448581,56,Moderate,1,21.5,92,0.0,6.4,32,1012.9,100,14.6,16.6,402.0,9.4,81.0,3.9
2025-01-29 04:00:00,2025,1,29,4,Vĩnh Long,Xã An Ngãi Trung,10.0916931,106.5448581,56,Moderate,1,21.0,92,0.0,7.3,10,1013.0,100,17.7,19.3,422.0,12.3,73.0,5.7
2025-01-29 05:00:00,2025,1,29,5,Vĩnh Long,Xã An Ngãi Trung,10.0916931,106.5448581,57,Moderate,1,20.5,93,0.0,5.6,22,1013.6,100,22.0,23.3,456.0,16.4,59.0,8.4
2025-01-29 06:00:00,2025,1,29,6,Vĩnh Long,Xã An Ngãi Trung,10.0916931,106.5448581,58,Moderate,1,19.9,95,0.0,5.0,19,1014.3,0,27.3,27.9,496.0,20.9,44.0,11.5
2025-01-29 07:00:00,2025,1,29,7,Vĩnh Long,Xã An Ngãi Trung,10.0916931,106.5448581,59,Moderate,1,20.5,92,0.0,7.0,357,1015.2,96,37.0,37.8,520.0,24.7,46.0,13.9
2025-01-29 08:00:00,2025,1,29,8,Vĩnh Long,Xã An Ngãi Trung,10.0916931,106.5448581,61,Moderate,1,22.9,73,0.0,6.7,5,1016.1,81,35.5,36.3,517.0,21.2,64.0,14.1
2025-01-29 09:00:00,2025,1,29,9,Vĩnh Long,Xã An Ngãi Trung,10.0916931,106.5448581,63,Moderate,1,24.9,61,0.0,4.5,7,1016.5,100,30.4,31.4,498.0,16.3,90.0,14.2
2025-01-29 10:00:00,2025,1,29,10,Vĩnh Long,Xã An Ngãi Trung,10.0916931,106.5448581,64,Moderate,1,26.6,58,0.0,2.1,52,1016.3,100,25.0,26.1,473.0,11.7,113.0,13.3
2025-01-29 11:00:00,2025,1,29,11,Vĩnh Long,Xã An Ngãi Trung,10.0916931,106.5448581,65,Moderate,1,28.0,56,0.0,3.2,93,1015.8,100,21.4,23.1,444.0,7.9,130.0,10.5
2025-01-29 12:00:00,2025,1,29,12,Vĩnh Long,Xã An Ngãi Trung,10.0916931,106.5448581,66,Moderate,1,29.0,52,0.0,7.9,117,1014.9,100,19.2,21.4,410.0,4.4,144.0,6.7
2025-01-29 13:00:00,2025,1,29,13,Vĩnh Long,Xã An Ngãi Trung,10.0916931,106.5448581,66,Moderate,1,29.1,47,0.0,11.8,119,1013.8,100,16.5,18.9,378.0,2.1,151.0,3.7
2025-01-29 14:00:00,2025,1,29,14,Vĩnh Long,Xã An Ngãi Trung,10.0916931,106.5448581,66,Moderate,1,28.5,44,0.0,13.0,114,1012.5,99,14.1,16.4,349.0,1.1,150.0,2.3
2025-01-29 15:00:00,2025,1,29,15,Vĩnh Long,Xã An Ngãi Trung,10.0916931,106.5448581,65,Moderate,1,28.0,46,0.0,12.5,113,1011.6,100,12.5,14.9,323.0,1.2,142.0,1.7
2025-01-29 16:00:00,2025,1,29,16,Vĩnh Long,Xã An Ngãi Trung,10.0916931,106.5448581,76,Moderate,1,26.5,57,0.0,13.0,118,1011.3,100,11.9,14.5,307.0,2.4,132.0,1.7
2025-01-29 17:00:00,2025,1,29,17,Vĩnh Long,Xã An Ngãi Trung,10.0916931,106.5448581,90,Moderate,1,25.2,65,0.0,11.0,113,1011.2,100,13.3,16.4,311.0,5.4,119.0,2.4
2025-01-29 18:00:00,2025,1,29,18,Vĩnh Long,Xã An Ngãi Trung,10.0916931,106.5448581,96,Moderate,1,24.2,71,0.0,12.4,111,1012.0,100,16.9,19.6,326.0,9.5,103.0,3.7
2025-01-29 19:00:00,2025,1,29,19,Vĩnh Long,Xã An Ngãi Trung,10.0916931,106.5448581,94,Moderate,1,23.9,76,0.0,9.4,92,1012.3,100,15.6,18.2,334.0,10.9,99.0,4.5
2025-01-29 20:00:00,2025,1,29,20,Vĩnh Long,Xã An Ngãi Trung,10.0916931,106.5448581,88,Moderate,1,23.5,83,0.0,7.6,98,1013.1,100,15.6,18.3,325.0,10.2,97.0,4.4
2025-01-29 21:00:00,2025,1,29,21,Vĩnh Long,Xã An Ngãi Trung,10.0916931,106.5448581,78,Moderate,1,23.3,85,0.0,6.4,101,1013.7,100,15.8,18.7,308.0,9.3,93.0,4.3
2025-01-29 22:00:00,2025,1,29,22,Vĩnh Long,Xã An Ngãi Trung,10.0916931,106.5448581,65,Moderate,1,22.9,88,0.0,5.4,92,1013.6,100,16.9,20.1,293.0,8.6,90.0,4.1
2025-01-29 23:00:00,2025,1,29,23,Vĩnh Long,Xã An Ngãi Trung,10.0916931,106.5448581,65,Moderate,1,22.3,91,0.0,5.8,81,1013.3,100,18.2,21.3,282.0,8.2,88.0,3.7
2025-01-30 00:00:00,2025,1,30,0,Vĩnh Long,Xã An Ngãi Trung,10.0916931,106.5448581,65,Moderate,1,22.4,91,0.0,6.1,102,1012.9,100,17.9,21.0,272.0,8.1,86.0,3.3
2025-01-30 01:00:00,2025,1,30,1,Vĩnh Long,Xã An Ngãi Trung,10.0916931,106.5448581,65,Moderate,1,22.5,89,0.0,6.8,102,1012.1,100,17.5,20.7,269.0,8.2,84.0,3.0
2025-01-30 02:00:00,2025,1,30,2,Vĩnh Long,Xã An Ngãi Trung,10.0916931,106.5448581,66,Moderate,1,21.9,92,0.0,5.5,81,1011.5,100,17.7,20.8,270.0,8.3,82.0,2.9
2025-01-30 03:00:00,2025,1,30,3,Vĩnh Long,Xã An Ngãi Trung,10.0916931,106.5448581,66,Moderate,1,21.5,93,0.0,4.0,27,1010.7,100,18.2,21.1,277.0,8.8,80.0,2.9
2025-01-30 04:00:00,2025,1,30,4,Vĩnh Long,Xã An Ngãi Trung,10.0916931,106.5448581,66,Moderate,1,20.9,96,0.0,4.5,2,1010.6,100,19.2,22.0,300.0,10.2,75.0,3.3
2025-01-30 05:00:00,2025,1,30,5,Vĩnh Long,Xã An Ngãi Trung,10.0916931,106.5448581,67,Moderate,1,20.8,98,0.0,5.7,347,1010.9,100,22.5,25.3,354.0,13.6,63.0,3.8
2025-01-30 06:00:00,2025,1,30,6,Vĩnh Long,Xã An Ngãi Trung,10.0916931,106.5448581,67,Moderate,1,20.6,99,0.0,5.7,11,1011.4,100,26.9,29.5,422.0,18.1,48.0,4.6
2025-01-30 07:00:00,2025,1,30,7,Vĩnh Long,Xã An Ngãi Trung,10.0916931,106.5448581,67,Moderate,1,20.9,97,0.0,7.7,21,1012.1,100,30.4,33.3,470.0,18.7,54.0,8.8
2025-01-30 08:00:00,2025,1,30,8,Vĩnh Long,Xã An Ngãi Trung,10.0916931,106.5448581,66,Moderate,1,22.7,87,0.0,7.5,17,1013.4,100,28.2,31.0,479.0,18.3,59.0,10.3
2025-01-30 09:00:00,2025,1,30,9,Vĩnh Long,Xã An Ngãi Trung,10.0916931,106.5448581,65,Moderate,1,24.5,77,0.0,6.0,350,1013.7,100,27.2,30.3,467.0,17.6,66.0,12.3
2025-01-30 10:00:00,2025,1,30,10,Vĩnh Long,Xã An Ngãi Trung,10.0916931,106.5448581,65,Moderate,1,26.5,66,0.0,5.4,340,1013.6,100,25.8,28.3,447.0,15.9,81.0,13.4
2025-01-30 11:00:00,2025,1,30,11,Vĩnh Long,Xã An Ngãi Trung,10.0916931,106.5448581,65,Moderate,1,28.2,55,0.0,4.2,342,1012.9,100,25.2,27.0,417.0,12.0,109.0,12.8
2025-01-30 12:00:00,2025,1,30,12,Vĩnh Long,Xã An Ngãi Trung,10.0916931,106.5448581,66,Moderate,1,29.3,50,0.0,3.5,9,1012.2,100,27.2,28.9,380.0,7.1,143.0,11.2
2025-01-30 13:00:00,2025,1,30,13,Vĩnh Long,Xã An Ngãi Trung,10.0916931,106.5448581,66,Moderate,1,30.1,46,0.0,3.4,16,1010.6,100,27.4,29.0,349.0,3.5,169.0,9.8
2025-01-30 14:00:00,2025,1,30,14,Vĩnh Long,Xã An Ngãi Trung,10.0916931,106.5448581,67,Moderate,1,30.5,43,0.0,3.5,99,1009.4,97,26.7,28.3,328.0,2.0,180.0,8.7
2025-01-30 15:00:00,2025,1,30,15,Vĩnh Long,Xã An Ngãi Trung,10.0916931,106.5448581,68,Moderate,1,30.0,45,0.0,8.5,126,1008.6,97,26.4,28.0,314.0,1.8,182.0,7.7
2025-01-30 16:00:00,2025,1,30,16,Vĩnh Long,Xã An Ngãi Trung,10.0916931,106.5448581,77,Moderate,1,29.0,50,0.0,10.8,123,1008.5,87,25.6,27.2,316.0,3.2,176.0,7.2
2025-01-30 17:00:00,2025,1,30,17,Vĩnh Long,Xã An Ngãi Trung,10.0916931,106.5448581,102,Unhealthy for Sensitive Groups,2,27.4,54,0.0,11.9,113,1008.8,84,24.4,26.1,348.0,7.2,157.0,7.6
2025-01-30 18:00:00,2025,1,30,18,Vĩnh Long,Xã An Ngãi Trung,10.0916931,106.5448581,121,Unhealthy for Sensitive Groups,2,25.2,62,0.0,10.1,117,1008.9,55,28.6,30.5,396.0,12.8,130.0,8.5
2025-01-30 19:00:00,2025,1,30,19,Vĩnh Long,Xã An Ngãi Trung,10.0916931,106.5448581,132,Unhealthy for Sensitive Groups,2,23.8,72,0.0,6.0,139,1009.5,82,36.8,38.9,426.0,19.0,105.0,10.7
2025-01-30 20:00:00,2025,1,30,20,Vĩnh Long,Xã An Ngãi Trung,10.0916931,106.5448581,131,Unhealthy for Sensitive Groups,2,23.5,80,0.0,5.8,141,1010.0,99,36.2,38.3,424.0,17.0,99.0,9.5
2025-01-30 21:00:00,2025,1,30,21,Vĩnh Long,Xã An Ngãi Trung,10.0916931,106.5448581,121,Unhealthy for Sensitive Groups,2,22.8,87,0.0,4.9,147,1010.4,100,31.4,34.1,403.0,14.3,90.0,7.9
2025-01-30 22:00:00,2025,1,30,22,Vĩnh Long,Xã An Ngãi Trung,10.0916931,106.5448581,105,Unhealthy for Sensitive Groups,2,22.4,90,0.0,4.3,147,1010.9,100,24.1,27.5,374.0,12.3,83.0,6.4
2025-01-30 23:00:00,2025,1,30,23,Vĩnh Long,Xã An Ngãi Trung,10.0916931,106.5448581,84,Moderate,1,22.3,91,0.0,4.0,159,1010.9,100,20.4,23.6,329.0,11.6,79.0,5.2
2025-01-31 00:00:00,2025,1,31,0,Vĩnh Long,Xã An Ngãi Trung,10.0916931,106.5448581,79,Moderate,1,22.1,92,0.0,3.9,156,1010.7,100,19.7,23.1,275.0,11.5,77.0,4.2
2025-01-31 01:00:00,2025,1,31,1,Vĩnh Long,Xã An Ngãi Trung,10.0916931,106.5448581,79,Moderate,1,22.0,94,0.0,5.2,158,1010.2,100,21.9,25.7,239.0,12.1,75.0,3.6
2025-01-31 02:00:00,2025,1,31,2,Vĩnh Long,Xã An Ngãi Trung,10.0916931,106.5448581,79,Moderate,1,22.0,94,0.0,5.6,159,1009.8,100,25.0,29.0,233.0,13.1,72.0,3.8
2025-01-31 03:00:00,2025,1,31,3,Vĩnh Long,Xã An Ngãi Trung,10.0916931,106.5448581,80,Moderate,1,21.5,95,0.0,3.6,180,1008.8,100,28.4,32.5,245.0,14.6,69.0,4.5
2025-01-31 04:00:00,2025,1,31,4,Vĩnh Long,Xã An Ngãi Trung,10.0916931,106.5448581,81,Moderate,1,21.0,97,0.0,2.3,266,1008.7,100,31.3,35.6,264.0,17.0,65.0,5.1
2025-01-31 05:00:00,2025,1,31,5,Vĩnh Long,Xã An Ngãi Trung,10.0916931,106.5448581,82,Moderate,1,20.7,98,0.0,2.4,283,1009.1,100,34.9,39.3,293.0,21.8,55.0,5.2
2025-01-31 06:00:00,2025,1,31,6,Vĩnh Long,Xã An Ngãi Trung,10.0916931,106.5448581,83,Moderate,1,20.5,99,0.0,1.3,315,1009.8,100,44.5,49.6,329.0,27.4,45.0,5.2
2025-01-31 07:00:00,2025,1,31,7,Vĩnh Long,Xã An Ngãi Trung,10.0916931,106.5448581,85,Moderate,1,21.2,98,0.0,5.7,342,1010.7,100,46.8,51.7,354.0,19.3,60.0,5.6
2025-01-31 08:00:00,2025,1,31,8,Vĩnh Long,Xã An Ngãi Trung,10.0916931,106.5448581,86,Moderate,1,23.5,87,0.0,4.7,337,1011.9,100,31.2,36.0,359.0,14.9,79.0,7.0
2025-01-31 09:00:00,2025,1,31,9,Vĩnh Long,Xã An Ngãi Trung,10.0916931,106.5448581,86,Moderate,1,25.9,72,0.0,4.7,328,1012.6,99,25.3,30.7,353.0,8.9,106.0,8.9
2025-01-31 10:00:00,2025,1,31,10,Vĩnh Long,Xã An Ngãi Trung,10.0916931,106.5448581,86,Moderate,1,27.5,63,0.0,6.5,312,1012.4,100,27.1,30.2,346.0,4.4,129.0,10.4
2025-01-31 11:00:00,2025,1,31,11,Vĩnh Long,Xã An Ngãi Trung,10.0916931,106.5448581,86,Moderate,1,29.2,54,0.0,8.7,315,1011.5,100,30.7,32.9,342.0,2.8,142.0,11.0
2025-01-31 12:00:00,2025,1,31,12,Vĩnh Long,Xã An Ngãi Trung,10.0916931,106.5448581,87,Moderate,1,30.2,49,0.0,8.5,316,1010.9,100,33.1,34.9,337.0,2.8,151.0,11.3
2025-01-31 13:00:00,2025,1,31,13,Vĩnh Long,Xã An Ngãi Trung,10.0916931,106.5448581,87,Moderate,1,31.0,45,0.0,9.4,308,1009.6,73,35.0,36.8,332.0,3.1,158.0,11.6
2025-01-31 14:00:00,2025,1,31,14,Vĩnh Long,Xã An Ngãi Trung,10.0916931,106.5448581,88,Moderate,1,31.4,43,0.0,10.8,312,1008.0,100,37.4,38.9,326.0,2.8,166.0,12.3
2025-01-31 15:00:00,2025,1,31,15,Vĩnh Long,Xã An Ngãi Trung,10.0916931,106.5448581,89,Moderate,1,31.4,42,0.0,10.5,323,1007.3,100,40.5,42.0,319.0,2.9,171.0,13.1
2025-01-31 16:00:00,2025,1,31,16,Vĩnh Long,Xã An Ngãi Trung,10.0916931,106.5448581,101,Unhealthy for Sensitive Groups,2,30.4,43,0.0,7.3,349,1007.3,100,43.2,44.6,317.0,5.0,166.0,13.7
2025-01-31 17:00:00,2025,1,31,17,Vĩnh Long,Xã An Ngãi Trung,10.0916931,106.5448581,119,Unhealthy for Sensitive Groups,2,29.4,46,0.0,5.3,102,1007.8,100,48.3,49.5,322.0,11.1,143.0,14.1
2025-01-31 18:00:00,2025,1,31,18,Vĩnh Long,Xã An Ngãi Trung,10.0916931,106.5448581,127,Unhealthy for Sensitive Groups,2,26.4,68,0.0,11.4,142,1008.4,100,56.7,57.9,331.0,19.1,110.0,14.5
2025-01-31 19:00:00,2025,1,31,19,Vĩnh Long,Xã An Ngãi Trung,10.0916931,106.5448581,123,Unhealthy for Sensitive Groups,2,25.0,75,0.0,7.4,180,1008.9,100,56.3,57.3,341.0,30.6,75.0,16.4
2025-01-31 20:00:00,2025,1,31,20,Vĩnh Long,Xã An Ngãi Trung,10.0916931,106.5448581,109,Unhealthy for Sensitive Groups,2,24.9,78,0.0,5.3,162,1009.5,100,55.9,56.8,357.0,29.1,73.0,16.0
2025-01-31 21:00:00,2025,1,31,21,Vĩnh Long,Xã An Ngãi Trung,10.0916931,106.5448581,100,Moderate,1,24.2,83,0.0,4.0,153,1010.2,100,52.7,53.8,373.0,26.8,72.0,15.2
2025-01-31 22:00:00,2025,1,31,22,Vĩnh Long,Xã An Ngãi Trung,10.0916931,106.5448581,102,Unhealthy for Sensitive Groups,2,23.8,86,0.0,4.2,155,1010.2,100,46.6,48.5,370.0,23.7,71.0,13.8
2025-01-31 23:00:00,2025,1,31,23,Vĩnh Long,Xã An Ngãi Trung,10.0916931,106.5448581,104,Unhealthy for Sensitive Groups,2,23.6,89,0.0,6.8,148,1010.2,83,37.8,40.0,331.0,18.9,74.0,11.0
2025-02-01 00:00:00,2025,2,1,0,Vĩnh Long,Xã An Ngãi Trung,10.0916931,106.5448581,106,Unhealthy for Sensitive Groups,2,23.3,92,0.0,7.7,150,1010.2,99,30.0,32.6,273.0,13.2,78.0,7.6
2025-02-01 01:00:00,2025,2,1,1,Vĩnh Long,Xã An Ngãi Trung,10.0916931,106.5448581,107,Unhealthy for Sensitive Groups,2,22.8,93,0.0,5.2,149,1009.9,100,22.4,25.7,229.0,9.0,80.0,4.9
2025-02-01 02:00:00,2025,2,1,2,Vĩnh Long,Xã An Ngãi Trung,10.0916931,106.5448581,107,Unhealthy for Sensitive Groups,2,22.5,93,0.0,5.1,148,1009.5,100,17.9,21.3,212.0,7.2,78.0,3.7
2025-02-01 03:00:00,2025,2,1,3,Vĩnh Long,Xã An Ngãi Trung,10.0916931,106.5448581,106,Unhealthy for Sensitive Groups,2,22.2,94,0.0,5.1,138,1008.6,99,17.1,20.5,208.0,6.8,74.0,3.2
2025-02-01 04:00:00,2025,2,1,4,Vĩnh Long,Xã An Ngãi Trung,10.0916931,106.5448581,105,Unhealthy for Sensitive Groups,2,22.2,94,0.0,3.7,129,1008.3,100,17.9,21.5,213.0,7.8,70.0,3.3
2025-02-01 05:00:00,2025,2,1,5,Vĩnh Long,Xã An Ngãi Trung,10.0916931,106.5448581,104,Unhealthy for Sensitive Groups,2,22.1,95,0.0,2.7,148,1008.5,100,20.4,24.4,230.0,11.4,63.0,4.0
2025-02-01 06:00:00,2025,2,1,6,Vĩnh Long,Xã An Ngãi Trung,10.0916931,106.5448581,102,Unhealthy for Sensitive Groups,2,21.8,97,0.0,2.0,225,1008.8,100,24.9,29.4,254.0,16.2,55.0,5.1
2025-02-01 07:00:00,2025,2,1,7,Vĩnh Long,Xã An Ngãi Trung,10.0916931,106.5448581,100,Moderate,1,22.7,96,0.0,3.3,248,1009.7,100,30.3,34.8,271.0,18.2,59.0,7.5
2025-02-01 08:00:00,2025,2,1,8,Vĩnh Long,Xã An Ngãi Trung,10.0916931,106.5448581,99,Moderate,1,24.9,86,0.0,2.4,222,1010.1,93,21.2,26.4,268.0,13.9,78.0,7.7
2025-02-01 09:00:00,2025,2,1,9,Vĩnh Long,Xã An Ngãi Trung,10.0916931,106.5448581,98,Moderate,1,27.0,70,0.0,1.9,202,1010.6,74,19.3,24.7,256.0,8.0,104.0,7.9
2025-02-01 10:00:00,2025,2,1,10,Vĩnh Long,Xã An Ngãi Trung,10.0916931,106.5448581,97,Moderate,1,28.6,61,0.0,3.0,245,1010.8,100,20.5,25.1,254.0,3.6,126.0,8.0
2025-02-01 11:00:00,2025,2,1,11,Vĩnh Long,Xã An Ngãi Trung,10.0916931,106.5448581,97,Moderate,1,30.1,53,0.0,4.7,277,1010.3,100,22.9,26.8,276.0,2.0,141.0,7.9
2025-02-01 12:00:00,2025,2,1,12,Vĩnh Long,Xã An Ngãi Trung,10.0916931,106.5448581,96,Moderate,1,31.4,48,0.0,6.0,299,1009.6,100,24.2,26.5,308.0,1.9,152.0,7.8
2025-02-01 13:00:00,2025,2,1,13,Vĩnh Long,Xã An Ngãi Trung,10.0916931,106.5448581,95,Moderate,1,32.0,45,0.0,4.8,304,1008.4,100,25.1,27.1,324.0,2.0,159.0,7.6
2025-02-01 14:00:00,2025,2,1,14,Vĩnh Long,Xã An Ngãi Trung,10.0916931,106.5448581,94,Moderate,1,32.1,44,0.0,3.0,147,1007.4,100,25.4,27.4,309.0,2.0,164.0,7.4
2025-02-01 15:00:00,2025,2,1,15,Vĩnh Long,Xã An Ngãi Trung,10.0916931,106.5448581,93,Moderate,1,30.6,56,0.0,10.7,135,1006.5,100,25.3,27.3,278.0,2.2,166.0,7.2
2025-02-01 16:00:00,2025,2,1,16,Vĩnh Long,Xã An Ngãi Trung,10.0916931,106.5448581,98,Moderate,1,28.4,69,0.0,16.5,141,1006.5,100,25.4,27.4,254.0,2.9,161.0,6.8
2025-02-01 17:00:00,2025,2,1,17,Vĩnh Long,Xã An Ngãi Trung,10.0916931,106.5448581,116,Unhealthy for Sensitive Groups,2,26.5,74,0.0,14.3,146,1007.2,100,24.5,27.6,245.0,4.5,145.0,6.1
2025-02-01 18:00:00,2025,2,1,18,Vĩnh Long,Xã An Ngãi Trung,10.0916931,106.5448581,125,Unhealthy for Sensitive Groups,2,25.6,75,0.0,11.3,151,1007.7,100,22.4,25.1,242.0,6.6,122.0,5.3
2025-02-01 19:00:00,2025,2,1,19,Vĩnh Long,Xã An Ngãi Trung,10.0916931,106.5448581,124,Unhealthy for Sensitive Groups,2,24.9,81,0.0,11.3,144,1008.6,69,25.4,29.1,239.0,9.2,96.0,4.9
2025-02-01 20:00:00,2025,2,1,20,Vĩnh Long,Xã An Ngãi Trung,10.0916931,106.5448581,114,Unhealthy for Sensitive Groups,2,24.5,87,0.0,8.9,144,1009.3,86,21.8,25.8,233.0,8.6,94.0,4.8
2025-02-01 21:00:00,2025,2,1,21,Vĩnh Long,Xã An Ngãi Trung,10.0916931,106.5448581,102,Unhealthy for Sensitive Groups,2,24.0,90,0.0,9.5,134,1010.0,99,20.7,24.9,227.0,7.7,92.0,4.7
2025-02-01 22:00:00,2025,2,1,22,Vĩnh Long,Xã An Ngãi Trung,10.0916931,106.5448581,88,Moderate,1,23.8,90,0.0,8.8,134,1010.1,90,20.6,24.9,219.0,7.1,89.0,4.5
2025-02-01 23:00:00,2025,2,1,23,Vĩnh Long,Xã An Ngãi Trung,10.0916931,106.5448581,74,Moderate,1,23.5,90,0.0,8.0,126,1010.1,100,20.4,24.9,209.0,7.1,85.0,4.2
2025-02-02 00:00:00,2025,2,2,0,Vĩnh Long,Xã An Ngãi Trung,10.0916931,106.5448581,73,Moderate,1,23.1,91,0.0,8.0,117,1009.9,100,19.7,24.2,198.0,7.3,81.0,3.9
2025-02-02 01:00:00,2025,2,2,1,Vĩnh Long,Xã An Ngãi Trung,10.0916931,106.5448581,72,Moderate,1,23.0,93,0.0,8.3,112,1009.4,100,19.0,23.3,190.0,7.5,77.0,3.6
2025-02-02 02:00:00,2025,2,2,2,Vĩnh Long,Xã An Ngãi Trung,10.0916931,106.5448581,72,Moderate,1,22.6,95,0.0,6.4,108,1008.9,100,18.0,22.2,184.0,7.4,74.0,3.3
2025-02-02 03:00:00,2025,2,2,3,Vĩnh Long,Xã An Ngãi Trung,10.0916931,106.5448581,72,Moderate,1,22.1,96,0.0,4.2,100,1008.4,100,17.4,21.5,181.0,7.2,72.0,3.0
2025-02-02 04:00:00,2025,2,2,4,Vĩnh Long,Xã An Ngãi Trung,10.0916931,106.5448581,72,Moderate,1,22.0,96,0.0,3.9,106,1008.3,100,17.3,21.4,184.0,7.5,69.0,3.0
2025-02-02 05:00:00,2025,2,2,5,Vĩnh Long,Xã An Ngãi Trung,10.0916931,106.5448581,72,Moderate,1,21.8,97,0.0,3.6,131,1008.8,99,17.8,21.7,202.0,9.2,65.0,3.7
2025-02-02 06:00:00,2025,2,2,6,Vĩnh Long,Xã An Ngãi Trung,10.0916931,106.5448581,71,Moderate,1,21.7,97,0.0,2.6,129,1009.1,99,19.0,23.2,226.0,11.4,60.0,4.8
2025-02-02 07:00:00,2025,2,2,7,Vĩnh Long,Xã An Ngãi Trung,10.0916931,106.5448581,71,Moderate,1,22.8,94,0.0,5.4,96,1009.7,14,22.8,28.2,237.0,10.1,63.0,4.3
2025-02-02 08:00:00,2025,2,2,8,Vĩnh Long,Xã An Ngãi Trung,10.0916931,106.5448581,70,Moderate,1,25.4,79,0.0,9.4,95,1010.5,55,20.0,26.0,221.0,7.9,73.0,3.9
2025-02-02 09:00:00,2025,2,2,9,Vĩnh Long,Xã An Ngãi Trung,10.0916931,106.5448581,70,Moderate,1,27.0,70,0.0,11.0,92,1011.1,21,17.9,24.1,190.0,4.9,86.0,3.4
2025-02-02 10:00:00,2025,2,2,10,Vĩnh Long,Xã An Ngãi Trung,10.0916931,106.5448581,70,Moderate,1,28.3,63,0.0,11.7,91,1011.1,2,16.8,22.9,167.0,2.6,98.0,3.0
2025-02-02 11:00:00,2025,2,2,11,Vĩnh Long,Xã An Ngãi Trung,10.0916931,106.5448581,70,Moderate,1,29.4,59,0.0,11.7,99,1010.5,0,16.3,21.9,159.0,1.7,106.0,2.8
2025-02-02 12:00:00,2025,2,2,12,Vĩnh Long,Xã An Ngãi Trung,10.0916931,106.5448581,69,Moderate,1,30.0,54,0.0,12.1,108,1009.8,8,16.0,20.6,157.0,1.4,111.0,2.6
2025-02-02 13:00:00,2025,2,2,13,Vĩnh Long,Xã An Ngãi Trung,10.0916931,106.5448581,68,Moderate,1,30.2,53,0.0,11.7,113,1009.1,10,16.5,20.8,158.0,1.4,114.0,2.5
2025-02-02 14:00:00,2025,2,2,14,Vĩnh Long,Xã An Ngãi Trung,10.0916931,106.5448581,68,Moderate,1,30.2,52,0.0,10.6,111,1007.9,5,16.8,20.8,161.0,1.3,115.0,2.4
2025-02-02 15:00:00,2025,2,2,15,Vĩnh Long,Xã An Ngãi Trung,10.0916931,106.5448581,67,Moderate,1,29.9,52,0.0,11.0,120,1007.3,2,16.1,19.8,167.0,1.4,113.0,2.3
2025-02-02 16:00:00,2025,2,2,16,Vĩnh Long,Xã An Ngãi Trung,10.0916931,106.5448581,66,Moderate,1,29.0,54,0.0,9.8,120,1007.2,3,14.8,18.5,173.0,2.2,109.0,2.4
2025-02-02 17:00:00,2025,2,2,17,Vĩnh Long,Xã An Ngãi Trung,10.0916931,106.5448581,65,Moderate,1,28.0,60,0.0,9.6,118,1007.3,2,14.0,17.3,180.0,4.2,99.0,2.7
2025-02-02 18:00:00,2025,2,2,18,Vĩnh Long,Xã An Ngãi Trung,10.0916931,106.5448581,64,Moderate,1,26.0,73,0.0,10.6,116,1007.7,0,14.3,17.4,187.0,6.8,87.0,3.2
2025-02-02 19:00:00,2025,2,2,19,Vĩnh Long,Xã An Ngãi Trung,10.0916931,106.5448581,63,Moderate,1,24.6,81,0.0,10.3,125,1008.1,0,11.6,14.2,191.0,8.2,84.0,3.5
2025-02-02 20:00:00,2025,2,2,20,Vĩnh Long,Xã An Ngãi Trung,10.0916931,106.5448581,62,Moderate,1,24.6,87,0.0,9.9,132,1009.4,100,11.2,13.8,192.0,8.0,81.0,3.7
2025-02-02 21:00:00,2025,2,2,21,Vĩnh Long,Xã An Ngãi Trung,10.0916931,106.5448581,61,Moderate,1,24.4,89,0.0,8.0,126,1010.0,98,12.5,15.2,190.0,7.6,76.0,3.9
2025-02-02 22:00:00,2025,2,2,22,Vĩnh Long,Xã An Ngãi Trung,10.0916931,106.5448581,61,Moderate,1,24.3,90,0.0,9.3,109,1010.3,94,13.8,16.7,187.0,7.3,73.0,4.0
2025-02-02 23:00:00,2025,2,2,23,Vĩnh Long,Xã An Ngãi Trung,10.0916931,106.5448581,60,Moderate,1,24.1,91,0.0,9.6,107,1010.3,84,14.4,17.5,181.0,6.9,72.0,3.7
2025-02-03 00:00:00,2025,2,3,0,Vĩnh Long,Xã An Ngãi Trung,10.0916931,106.5448581,59,Moderate,1,23.9,92,0.0,7.9,107,1009.7,59,14.2,17.5,173.0,6.6,72.0,3.2
2025-02-03 01:00:00,2025,2,3,1,Vĩnh Long,Xã An Ngãi Trung,10.0916931,106.5448581,59,Moderate,1,23.5,94,0.0,6.6,116,1009.4,3,14.5,17.9,167.0,6.5,72.0,2.8
2025-02-03 02:00:00,2025,2,3,2,Vĩnh Long,Xã An Ngãi Trung,10.0916931,106.5448581,59,Moderate,1,23.4,96,0.0,6.2,120,1008.8,17,15.3,18.9,164.0,6.8,70.0,2.7
2025-02-03 03:00:00,2025,2,3,3,Vĩnh Long,Xã An Ngãi Trung,10.0916931,106.5448581,58,Moderate,1,23.4,96,0.0,5.5,128,1008.7,34,16.2,19.9,163.0,7.4,68.0,2.8
2025-02-03 04:00:00,2025,2,3,4,Vĩnh Long,Xã An Ngãi Trung,10.0916931,106.5448581,58,Moderate,1,23.4,96,0.0,5.7,127,1008.6,34,16.9,20.5,166.0,7.9,66.0,2.9
2025-02-03 05:00:00,2025,2,3,5,Vĩnh Long,Xã An Ngãi Trung,10.0916931,106.5448581,58,Moderate,1,23.4,96,0.0,7.0,119,1008.9,27,17.1,20.8,178.0,8.4,64.0,3.2
2025-02-03 06:00:00,2025,2,3,6,Vĩnh Long,Xã An Ngãi Trung,10.0916931,106.5448581,58,Moderate,1,23.4,95,0.0,7.8,116,1009.7,13,17.3,21.0,194.0,8.8,62.0,3.5
2025-02-03 07:00:00,2025,2,3,7,Vĩnh Long,Xã An Ngãi Trung,10.0916931,106.5448581,58,Moderate,1,24.1,90,0.0,11.4,115,1010.2,22,15.5,19.2,201.0,8.1,62.0,3.2
2025-02-03 08:00:00,2025,2,3,8,Vĩnh Long,Xã An Ngãi Trung,10.0916931,106.5448581,57,Moderate,1,26.0,79,0.0,16.5,101,1011.3,72,13.0,17.1,191.0,6.3,68.0,2.7
2025-02-03 09:00:00,2025,2,3,9,Vĩnh Long,Xã An Ngãi Trung,10.0916931,106.5448581,57,Moderate,1,27.1,73,0.0,18.1,97,1012.3,68,12.0,15.8,172.0,3.8,76.0,2.1
2025-02-03 10:00:00,2025,2,3,10,Vĩnh Long,Xã An Ngãi Trung,10.0916931,106.5448581,56,Moderate,1,28.3,65,0.0,18.8,93,1012.2,25,11.6,15.4,158.0,1.9,83.0,1.6
2025-02-03 11:00:00,2025,2,3,11,Vĩnh Long,Xã An Ngãi Trung,10.0916931,106.5448581,56,Moderate,1,29.0,62,0.0,17.6,96,1011.6,9,11.5,15.3,156.0,1.2,89.0,1.4
2025-02-03 12:00:00,2025,2,3,12,Vĩnh Long,Xã An Ngãi Trung,10.0916931,106.5448581,55,Moderate,1,29.8,56,0.0,18.1,95,1010.6,0,11.4,15.0,159.0,1.1,95.0,1.4
2025-02-03 13:00:00,2025,2,3,13,Vĩnh Long,Xã An Ngãi Trung,10.0916931,106.5448581,55,Moderate,1,30.4,52,0.0,17.5,91,1009.6,6,11.4,15.0,164.0,1.2,99.0,1.5
2025-02-03 14:00:00,2025,2,3,14,Vĩnh Long,Xã An Ngãi Trung,10.0916931,106.5448581,54,Moderate,1,30.5,51,0.0,15.1,98,1008.4,5,11.4,15.0,172.0,1.2,102.0,1.6
2025-02-03 15:00:00,2025,2,3,15,Vĩnh Long,Xã An Ngãi Trung,10.0916931,106.5448581,54,Moderate,1,30.0,53,0.0,16.3,108,1008.0,3,11.4,14.9,181.0,1.4,103.0,1.7
2025-02-03 16:00:00,2025,2,3,16,Vĩnh Long,Xã An Ngãi Trung,10.0916931,106.5448581,53,Moderate,1,28.8,57,0.0,18.1,106,1007.9,1,11.2,14.5,187.0,2.0,101.0,1.9
2025-02-03 17:00:00,2025,2,3,17,Vĩnh Long,Xã An Ngãi Trung,10.0916931,106.5448581,53,Moderate,1,27.4,69,0.0,16.2,104,1008.1,0,10.9,14.1,185.0,3.3,95.0,2.2
2025-02-03 18:00:00,2025,2,3,18,Vĩnh Long,Xã An Ngãi Trung,10.0916931,106.5448581,53,Moderate,1,25.8,74,0.0,15.5,98,1008.5,0,11.6,14.6,179.0,5.0,86.0,2.6
2025-02-03 19:00:00,2025,2,3,19,Vĩnh Long,Xã An Ngãi Trung,10.0916931,106.5448581,53,Moderate,1,25.5,74,0.0,16.5,98,1008.9,27,9.5,12.0,175.0,6.0,78.0,2.8
2025-02-03 20:00:00,2025,2,3,20,Vĩnh Long,Xã An Ngãi Trung,10.0916931,106.5448581,52,Moderate,1,25.5,75,0.0,15.5,92,1009.8,2,10.4,13.0,176.0,5.8,80.0,2.8
2025-02-03 21:00:00,2025,2,3,21,Vĩnh Long,Xã An Ngãi Trung,10.0916931,106.5448581,52,Moderate,1,25.7,70,0.0,18.7,88,1010.4,4,10.9,13.6,179.0,5.6,82.0,2.8
2025-02-03 22:00:00,2025,2,3,22,Vĩnh Long,Xã An Ngãi Trung,10.0916931,106.5448581,52,Moderate,1,25.3,73,0.0,20.1,95,1010.3,13,11.2,14.0,180.0,5.5,83.0,2.7
2025-02-03 23:00:00,2025,2,3,23,Vĩnh Long,Xã An Ngãi Trung,10.0916931,106.5448581,52,Moderate,1,25.0,75,0.0,18.9,98,1010.2,3,11.2,13.9,177.0,5.4,81.0,2.3
2025-02-04 00:00:00,2025,2,4,0,Vĩnh Long,Xã An Ngãi Trung,10.0916931,106.5448581,52,Moderate,1,24.8,77,0.0,15.8,91,1009.9,46,10.8,13.6,172.0,5.4,77.0,1.9
2025-02-04 01:00:00,2025,2,4,1,Vĩnh Long,Xã An Ngãi Trung,10.0916931,106.5448581,51,Moderate,1,24.4,81,0.0,11.7,79,1009.6,74,10.7,13.2,172.0,5.9,73.0,1.8
2025-02-04 02:00:00,2025,2,4,2,Vĩnh Long,Xã An Ngãi Trung,10.0916931,106.5448581,51,Moderate,1,24.2,83,0.0,10.8,53,1009.5,75,10.8,13.0,178.0,7.2,68.0,2.2
2025-02-04 03:00:00,2025,2,4,3,Vĩnh Long,Xã An Ngãi Trung,10.0916931,106.5448581,51,Moderate,1,23.6,84,0.0,8.2,49,1009.4,96,11.3,13.2,189.0,9.1,62.0,3.0
2025-02-04 04:00:00,2025,2,4,4,Vĩnh Long,Xã An Ngãi Trung,10.0916931,106.5448581,50,Good,0,23.5,83,0.0,7.6,59,1009.8,60,12.3,14.1,201.0,11.0,57.0,4.0
2025-02-04 05:00:00,2025,2,4,5,Vĩnh Long,Xã An Ngãi Trung,10.0916931,106.5448581,50,Good,0,23.4,82,0.0,6.5,62,1010.3,60,13.7,15.5,218.0,13.4,50.0,5.5
2025-02-04 06:00:00,2025,2,4,6,Vĩnh Long,Xã An Ngãi Trung,10.0916931,106.5448581,49,Good,0,23.2,82,0.0,6.0,74,1010.9,73,15.4,17.3,237.0,15.9,44.0,7.2
2025-02-04 07:00:00,2025,2,4,7,Vĩnh Long,Xã An Ngãi Trung,10.0916931,106.5448581,49,Good,0,24.4,78,0.0,8.2,75,1011.6,25,18.6,21.2,245.0,12.3,52.0,5.9
2025-02-04 08:00:00,2025,2,4,8,Vĩnh Long,Xã An Ngãi Trung,10.0916931,106.5448581,49,Good,0,26.4,70,0.0,10.1,79,1012.3,40,18.0,21.2,231.0,9.7,62.0,5.3
2025-02-04 09:00:00,2025,2,4,9,Vĩnh Long,Xã An Ngãi Trung,10.0916931,106.5448581,50,Good,0,28.0,58,0.0,13.4,79,1013.1,6,16.2,19.9,206.0,6.2,76.0,4.4
2025-02-04 10:00:00,2025,2,4,10,Vĩnh Long,Xã An Ngãi Trung,10.0916931,106.5448581,50,Good,0,29.2,51,0.0,15.5,77,1013.2,95,14.8,18.6,190.0,3.4,89.0,3.6
2025-02-04 11:00:00,2025,2,4,11,Vĩnh Long,Xã An Ngãi Trung,10.0916931,106.5448581,51,Moderate,1,30.0,49,0.0,15.5,77,1012.5,99,13.5,17.2,192.0,2.2,99.0,2.9
2025-02-04 12:00:00,2025,2,4,12,Vĩnh Long,Xã An Ngãi Trung,10.0916931,106.5448581,51,Moderate,1,30.6,48,0.0,14.5,79,1011.4,99,12.6,16.1,203.0,1.8,108.0,2.3
2025-02-04 13:00:00,2025,2,4,13,Vĩnh Long,Xã An Ngãi Trung,10.0916931,106.5448581,51,Moderate,1,30.8,49,0.0,14.2,93,1010.2,94,12.9,16.4,211.0,1.7,116.0,2.0
2025-02-04 14:00:00,2025,2,4,14,Vĩnh Long,Xã An Ngãi Trung,10.0916931,106.5448581,51,Moderate,1,30.4,50,0.0,15.1,105,1009.2,25,13.7,16.8,210.0,1.7,124.0,2.4
2025-02-04 15:00:00,2025,2,4,15,Vĩnh Long,Xã An Ngãi Trung,10.0916931,106.5448581,51,Moderate,1,29.1,57,0.0,16.1,110,1008.6,12,14.9,17.7,206.0,2.0,132.0,3.1
2025-02-04 16:00:00,2025,2,4,16,Vĩnh Long,Xã An Ngãi Trung,10.0916931,106.5448581,52,Moderate,1,28.0,63,0.0,14.8,113,1008.6,10,15.1,17.7,210.0,2.5,134.0,3.5
2025-02-04 17:00:00,2025,2,4,17,Vĩnh Long,Xã An Ngãi Trung,10.0916931,106.5448581,53,Moderate,1,27.1,67,0.0,16.6,105,1008.9,4,14.7,17.4,229.0,3.6,126.0,3.3
2025-02-04 18:00:00,2025,2,4,18,Vĩnh Long,Xã An Ngãi Trung,10.0916931,106.5448581,64,Moderate,1,25.6,75,0.0,14.8,103,1009.3,0,15.6,18.4,256.0,4.9,113.0,2.7
2025-02-04 19:00:00,2025,2,4,19,Vĩnh Long,Xã An Ngãi Trung,10.0916931,106.5448581,69,Moderate,1,25.1,77,0.0,15.7,95,1010.2,0,13.6,16.8,277.0,5.2,105.0,2.2
2025-02-04 20:00:00,2025,2,4,20,Vĩnh Long,Xã An Ngãi Trung,10.0916931,106.5448581,70,Moderate,1,24.9,79,0.0,14.1,92,1010.7,100,14.2,17.3,284.0,5.1,105.0,2.2
2025-02-04 21:00:00,2025,2,4,21,Vĩnh Long,Xã An Ngãi Trung,10.0916931,106.5448581,70,Moderate,1,24.6,81,0.0,15.7,91,1011.2,100,14.2,17.2,285.0,4.9,104.0,2.3
2025-02-04 22:00:00,2025,2,4,22,Vĩnh Long,Xã An Ngãi Trung,10.0916931,106.5448581,67,Moderate,1,24.4,82,0.0,16.2,89,1011.4,100,13.6,16.4,286.0,4.9,103.0,2.3
2025-02-04 23:00:00,2025,2,4,23,Vĩnh Long,Xã An Ngãi Trung,10.0916931,106.5448581,63,Moderate,1,24.4,80,0.0,16.2,89,1011.3,100,13.0,15.5,289.0,5.0,100.0,2.1
2025-02-05 00:00:00,2025,2,5,0,Vĩnh Long,Xã An Ngãi Trung,10.0916931,106.5448581,56,Moderate,1,24.1,83,0.0,14.8,81,1010.5,90,12.4,14.7,293.0,5.2,95.0,1.8
2025-02-05 01:00:00,2025,2,5,1,Vĩnh Long,Xã An Ngãi Trung,10.0916931,106.5448581,54,Moderate,1,23.9,84,0.0,11.5,65,1010.0,14,12.2,14.3,297.0,5.7,91.0,1.8
2025-02-05 02:00:00,2025,2,5,2,Vĩnh Long,Xã An Ngãi Trung,10.0916931,106.5448581,54,Moderate,1,23.4,87,0.0,8.8,59,1009.8,0,12.3,14.3,300.0,6.6,87.0,2.1
2025-02-05 03:00:00,2025,2,5,3,Vĩnh Long,Xã An Ngãi Trung,10.0916931,106.5448581,55,Moderate,1,23.0,89,0.0,7.9,69,1009.3,0,13.2,15.2,304.0,7.7,83.0,2.6
2025-02-05 04:00:00,2025,2,5,4,Vĩnh Long,Xã An Ngãi Trung,10.0916931,106.5448581,55,Moderate,1,22.9,89,0.0,7.1,74,1009.5,0,14.5,16.5,313.0,9.0,79.0,3.3
2025-02-05 05:00:00,2025,2,5,5,Vĩnh Long,Xã An Ngãi Trung,10.0916931,106.5448581,55,Moderate,1,22.2,91,0.0,5.2,63,1009.8,31,16.2,18.3,334.0,10.9,73.0,4.4
2025-02-05 06:00:00,2025,2,5,6,Vĩnh Long,Xã An Ngãi Trung,10.0916931,106.5448581,55,Moderate,1,22.1,91,0.0,3.7,61,1010.4,81,17.6,19.8,360.0,12.9,67.0,5.8
2025-02-05 07:00:00,2025,2,5,7,Vĩnh Long,Xã An Ngãi Trung,10.0916931,106.5448581,55,Moderate,1,23.3,86,0.0,6.2,54,1011.3,0,16.0,18.4,375.0,7.6,83.0,2.8
2025-02-05 08:00:00,2025,2,5,8,Vĩnh Long,Xã An Ngãi Trung,10.0916931,106.5448581,55,Moderate,1,25.2,78,0.0,8.0,67,1012.2,28,15.0,17.9,368.0,6.1,91.0,2.6
2025-02-05 09:00:00,2025,2,5,9,Vĩnh Long,Xã An Ngãi Trung,10.0916931,106.5448581,55,Moderate,1,26.8,69,0.0,8.8,79,1012.7,76,13.2,16.3,350.0,4.0,102.0,2.3
2025-02-05 10:00:00,2025,2,5,10,Vĩnh Long,Xã An Ngãi Trung,10.0916931,106.5448581,55,Moderate,1,27.9,64,0.0,9.5,90,1012.5,31,12.4,15.7,336.0,2.4,112.0,2.0
2025-02-05 11:00:00,2025,2,5,11,Vĩnh Long,Xã An Ngãi Trung,10.0916931,106.5448581,54,Moderate,1,28.9,60,0.0,11.3,103,1011.9,27,12.3,15.2,331.0,1.7,119.0,1.9
2025-02-05 12:00:00,2025,2,5,12,Vĩnh Long,Xã An Ngãi Trung,10.0916931,106.5448581,54,Moderate,1,29.0,59,0.0,12.4,109,1011.2,61,12.2,14.8,329.0,1.5,124.0,1.8
2025-02-05 13:00:00,2025,2,5,13,Vĩnh Long,Xã An Ngãi Trung,10.0916931,106.5448581,54,Moderate,1,28.6,60,0.0,12.3,117,1010.1,73,12.2,14.7,328.0,1.4,128.0,1.7
2025-02-05 14:00:00,2025,2,5,14,Vĩnh Long,Xã An Ngãi Trung,10.0916931,106.5448581,54,Moderate,1,28.3,59,0.0,14.3,125,1008.9,10,12.2,14.7,325.0,1.4,130.0,1.6
2025-02-05 15:00:00,2025,2,5,15,Vĩnh Long,Xã An Ngãi Trung,10.0916931,106.5448581,56,Moderate,1,27.9,59,0.0,14.0,120,1008.1,14,11.8,14.3,323.0,1.6,129.0,1.5
2025-02-05 16:00:00,2025,2,5,16,Vĩnh Long,Xã An Ngãi Trung,10.0916931,106.5448581,65,Moderate,1,27.6,60,0.0,12.5,108,1008.0,17,11.5,14.1,323.0,2.1,127.0,1.6
2025-02-05 17:00:00,2025,2,5,17,Vĩnh Long,Xã An Ngãi Trung,10.0916931,106.5448581,73,Moderate,1,26.8,65,0.0,14.5,111,1008.3,15,11.9,15.0,328.0,3.4,122.0,1.9
2025-02-05 18:00:00,2025,2,5,18,Vĩnh Long,Xã An Ngãi Trung,10.0916931,106.5448581,77,Moderate,1,25.1,72,0.0,13.4,112,1009.1,91,12.7,15.6,335.0,5.0,115.0,2.4
2025-02-05 19:00:00,2025,2,5,19,Vĩnh Long,Xã An Ngãi Trung,10.0916931,106.5448581,78,Moderate,1,24.7,75,0.0,11.9,100,1009.5,100,12.7,15.8,337.0,6.5,107.0,2.8
2025-02-05 20:00:00,2025,2,5,20,Vĩnh Long,Xã An Ngãi Trung,10.0916931,106.5448581,75,Moderate,1,24.5,84,0.0,12.1,107,1010.6,99,13.2,16.6,331.0,6.2,106.0,2.9
2025-02-05 21:00:00,2025,2,5,21,Vĩnh Long,Xã An Ngãi Trung,10.0916931,106.5448581,72,Moderate,1,24.3,83,0.0,13.5,106,1011.0,100,14.2,17.8,320.0,5.8,105.0,3.0
2025-02-05 22:00:00,2025,2,5,22,Vĩnh Long,Xã An Ngãi Trung,10.0916931,106.5448581,67,Moderate,1,24.1,82,0.0,14.6,106,1011.1,100,14.7,18.5,311.0,5.5,103.0,2.9
2025-02-05 23:00:00,2025,2,5,23,Vĩnh Long,Xã An Ngãi Trung,10.0916931,106.5448581,61,Moderate,1,23.8,84,0.0,16.2,107,1011.0,100,14.7,18.6,304.0,5.2,101.0,2.6
2025-02-06 00:00:00,2025,2,6,0,Vĩnh Long,Xã An Ngãi Trung,10.0916931,106.5448581,55,Moderate,1,23.5,85,0.0,15.3,99,1010.5,92,14.5,18.5,298.0,5.0,98.0,2.1
2025-02-06 01:00:00,2025,2,6,1,Vĩnh Long,Xã An Ngãi Trung,10.0916931,106.5448581,53,Moderate,1,23.2,86,0.0,13.2,94,1010.1,98,14.6,18.6,294.0,4.9,95.0,1.8
2025-02-06 02:00:00,2025,2,6,2,Vĩnh Long,Xã An Ngãi Trung,10.0916931,106.5448581,53,Moderate,1,23.0,88,0.0,11.2,90,1009.6,98,14.8,18.7,292.0,5.0,93.0,1.7
2025-02-06 03:00:00,2025,2,6,3,Vĩnh Long,Xã An Ngãi Trung,10.0916931,106.5448581,54,Moderate,1,22.8,90,0.0,9.6,94,1009.2,93,14.8,18.7,292.0,5.2,91.0,1.7
2025-02-06 04:00:00,2025,2,6,4,Vĩnh Long,Xã An Ngãi Trung,10.0916931,106.5448581,54,Moderate,1,22.8,89,0.0,8.3,91,1009.1,34,15.0,18.7,295.0,5.5,89.0,1.8
2025-02-06 05:00:00,2025,2,6,5,Vĩnh Long,Xã An Ngãi Trung,10.0916931,106.5448581,54,Moderate,1,22.6,92,0.0,6.8,79,1009.7,85,14.9,18.5,303.0,6.2,85.0,2.1
2025-02-06 06:00:00,2025,2,6,6,Vĩnh Long,Xã An Ngãi Trung,10.0916931,106.5448581,54,Moderate,1,22.7,92,0.0,7.4,86,1010.3,86,14.9,18.2,314.0,7.1,81.0,2.5
2025-02-06 07:00:00,2025,2,6,7,Vĩnh Long,Xã An Ngãi Trung,10.0916931,106.5448581,53,Moderate,1,23.5,88,0.0,10.6,76,1010.9,4,16.3,19.5,323.0,8.9,78.0,2.9
2025-02-06 08:00:00,2025,2,6,8,Vĩnh Long,Xã An Ngãi Trung,10.0916931,106.5448581,53,Moderate,1,25.4,78,0.0,12.4,74,1012.1,56,14.8,18.2,326.0,7.7,88.0,3.0
2025-02-06 09:00:00,2025,2,6,9,Vĩnh Long,Xã An Ngãi Trung,10.0916931,106.5448581,53,Moderate,1,26.8,70,0.0,10.7,74,1012.5,25,15.0,18.5,326.0,6.0,102.0,3.2
2025-02-06 10:00:00,2025,2,6,10,Vĩnh Long,Xã An Ngãi Trung,10.0916931,106.5448581,54,Moderate,1,28.4,62,0.0,8.7,73,1012.4,21,15.7,19.3,327.0,4.6,118.0,3.7
2025-02-06 11:00:00,2025,2,6,11,Vĩnh Long,Xã An Ngãi Trung,10.0916931,106.5448581,54,Moderate,1,29.5,56,0.0,6.9,65,1011.6,69,15.7,17.8,332.0,3.7,136.0,4.6
2025-02-06 12:00:00,2025,2,6,12,Vĩnh Long,Xã An Ngãi Trung,10.0916931,106.5448581,54,Moderate,1,30.4,51,0.0,4.2,59,1010.7,36,16.8,18.2,337.0,3.0,156.0,5.7
2025-02-06 13:00:00,2025,2,6,13,Vĩnh Long,Xã An Ngãi Trung,10.0916931,106.5448581,55,Moderate,1,30.9,48,0.0,3.6,90,1009.5,48,19.0,20.3,339.0,2.6,171.0,6.6
2025-02-06 14:00:00,2025,2,6,14,Vĩnh Long,Xã An Ngãi Trung,10.0916931,106.5448581,64,Moderate,1,30.7,48,0.0,6.4,98,1008.2,32,21.2,22.4,334.0,2.5,179.0,7.2
2025-02-06 15:00:00,2025,2,6,15,Vĩnh Long,Xã An Ngãi Trung,10.0916931,106.5448581,85,Moderate,1,29.5,58,0.0,11.9,115,1007.7,10,23.3,24.5,325.0,2.6,183.0,7.6
2025-02-06 16:00:00,2025,2,6,16,Vĩnh Long,Xã An Ngãi Trung,10.0916931,106.5448581,108,Unhealthy for Sensitive Groups,2,27.9,63,0.0,15.9,125,1007.9,17,23.7,25.0,315.0,3.2,177.0,7.4
2025-02-06 17:00:00,2025,2,6,17,Vĩnh Long,Xã An Ngãi Trung,10.0916931,106.5448581,126,Unhealthy for Sensitive Groups,2,26.5,66,0.0,13.7,125,1008.1,4,21.7,23.5,304.0,4.5,156.0,6.4
2025-02-06 18:00:00,2025,2,6,18,Vĩnh Long,Xã An Ngãi Trung,10.0916931,106.5448581,138,Unhealthy for Sensitive Groups,2,25.5,69,0.0,11.4,114,1008.8,2,21.5,24.0,293.0,6.3,127.0,4.8
2025-02-06 19:00:00,2025,2,6,19,Vĩnh Long,Xã An Ngãi Trung,10.0916931,106.5448581,140,Unhealthy for Sensitive Groups,2,24.6,75,0.0,12.1,101,1009.3,1,16.9,20.0,281.0,6.9,98.0,3.1
2025-02-06 20:00:00,2025,2,6,20,Vĩnh Long,Xã An Ngãi Trung,10.0916931,106.5448581,132,Unhealthy for Sensitive Groups,2,24.5,84,0.0,12.8,92,1009.5,88,15.4,18.7,268.0,6.4,100.0,3.1
2025-02-06 21:00:00,2025,2,6,21,Vĩnh Long,Xã An Ngãi Trung,10.0916931,106.5448581,120,Unhealthy for Sensitive Groups,2,24.5,77,0.0,16.2,90,1009.9,37,15.1,18.5,256.0,5.8,103.0,3.0
2025-02-06 22:00:00,2025,2,6,22,Vĩnh Long,Xã An Ngãi Trung,10.0916931,106.5448581,105,Unhealthy for Sensitive Groups,2,24.1,82,0.0,17.3,95,1009.8,99,15.5,18.9,245.0,5.4,104.0,2.9
2025-02-06 23:00:00,2025,2,6,23,Vĩnh Long,Xã An Ngãi Trung,10.0916931,106.5448581,89,Moderate,1,24.0,79,0.0,16.9,97,1010.1,100,15.8,19.2,237.0,5.6,103.0,2.7
2025-02-07 00:00:00,2025,2,7,0,Vĩnh Long,Xã An Ngãi Trung,10.0916931,106.5448581,72,Moderate,1,23.8,83,0.0,13.7,92,1010.0,99,15.7,19.2,231.0,6.1,100.0,2.4
2025-02-07 01:00:00,2025,2,7,1,Vĩnh Long,Xã An Ngãi Trung,10.0916931,106.5448581,61,Moderate,1,23.5,83,0.0,11.5,87,1009.5,100,15.9,19.5,229.0,6.5,97.0,2.2
2025-02-07 02:00:00,2025,2,7,2,Vĩnh Long,Xã An Ngãi Trung,10.0916931,106.5448581,61,Moderate,1,23.2,86,0.0,10.1,94,1009.1,100,16.4,20.1,232.0,6.5,95.0,2.1
2025-02-07 03:00:00,2025,2,7,3,Vĩnh Long,Xã An Ngãi Trung,10.0916931,106.5448581,61,Moderate,1,23.2,86,0.0,9.3,98,1008.6,100,16.9,20.8,239.0,6.4,92.0,2.0
2025-02-07 04:00:00,2025,2,7,4,Vĩnh Long,Xã An Ngãi Trung,10.0916931,106.5448581,61,Moderate,1,23.0,90,0.0,8.1,93,1008.4,100,17.3,21.2,249.0,6.6,89.0,2.2
2025-02-07 05:00:00,2025,2,7,5,Vĩnh Long,Xã An Ngãi Trung,10.0916931,106.5448581,61,Moderate,1,22.7,92,0.0,6.9,85,1008.8,100,18.2,21.9,265.0,7.7,84.0,2.8
2025-02-07 06:00:00,2025,2,7,6,Vĩnh Long,Xã An Ngãi Trung,10.0916931,106.5448581,62,Moderate,1,22.5,92,0.0,6.5,84,1009.7,100,19.3,22.9,284.0,9.0,78.0,3.5
2025-02-07 07:00:00,2025,2,7,7,Vĩnh Long,Xã An Ngãi Trung,10.0916931,106.5448581,62,Moderate,1,23.6,88,0.0,8.8,91,1010.4,100,22.2,26.4,291.0,7.9,81.0,3.1
2025-02-07 08:00:00,2025,2,7,8,Vĩnh Long,Xã An Ngãi Trung,10.0916931,106.5448581,62,Moderate,1,25.4,73,0.0,14.5,97,1012.1,100,21.8,26.5,277.0,6.3,89.0,2.9
2025-02-07 09:00:00,2025,2,7,9,Vĩnh Long,Xã An Ngãi Trung,10.0916931,106.5448581,63,Moderate,1,26.6,66,0.0,17.0,97,1012.9,41,21.3,26.2,252.0,4.2,101.0,2.5
2025-02-07 10:00:00,2025,2,7,10,Vĩnh Long,Xã An Ngãi Trung,10.0916931,106.5448581,64,Moderate,1,27.6,62,0.0,17.5,94,1013.2,96,21.2,26.1,232.0,2.5,111.0,2.2
2025-02-07 11:00:00,2025,2,7,11,Vĩnh Long,Xã An Ngãi Trung,10.0916931,106.5448581,64,Moderate,1,28.4,58,0.0,16.9,91,1012.6,93,20.5,25.1,222.0,1.8,118.0,1.9
2025-02-07 12:00:00,2025,2,7,12,Vĩnh Long,Xã An Ngãi Trung,10.0916931,106.5448581,65,Moderate,1,29.0,54,0.0,16.6,89,1011.9,97,19.3,22.8,216.0,1.6,123.0,1.7
2025-02-07 13:00:00,2025,2,7,13,Vĩnh Long,Xã An Ngãi Trung,10.0916931,106.5448581,65,Moderate,1,29.5,50,0.0,13.7,89,1010.9,82,18.8,21.6,213.0,1.6,128.0,1.6
2025-02-07 14:00:00,2025,2,7,14,Vĩnh Long,Xã An Ngãi Trung,10.0916931,106.5448581,65,Moderate,1,29.4,49,0.0,11.4,102,1009.7,100,19.3,21.6,213.0,1.6,135.0,1.8
2025-02-07 15:00:00,2025,2,7,15,Vĩnh Long,Xã An Ngãi Trung,10.0916931,106.5448581,65,Moderate,1,28.6,53,0.0,11.7,121,1009.4,99,20.1,22.3,217.0,1.7,142.0,2.3
2025-02-07 16:00:00,2025,2,7,16,Vĩnh Long,Xã An Ngãi Trung,10.0916931,106.5448581,68,Moderate,1,28.0,53,0.0,11.6,129,1009.0,66,20.1,22.4,222.0,2.5,142.0,2.7
2025-02-07 17:00:00,2025,2,7,17,Vĩnh Long,Xã An Ngãi Trung,10.0916931,106.5448581,79,Moderate,1,27.2,58,0.0,11.3,121,1009.4,4,20.7,23.8,231.0,4.5,130.0,3.0
2025-02-07 18:00:00,2025,2,7,18,Vĩnh Long,Xã An Ngãi Trung,10.0916931,106.5448581,85,Moderate,1,25.5,70,0.0,10.1,125,1009.9,66,21.1,23.7,241.0,7.1,112.0,3.3
2025-02-07 19:00:00,2025,2,7,19,Vĩnh Long,Xã An Ngãi Trung,10.0916931,106.5448581,86,Moderate,1,24.5,78,0.0,9.8,136,1010.2,8,20.0,22.9,248.0,8.7,93.0,3.7
2025-02-07 20:00:00,2025,2,7,20,Vĩnh Long,Xã An Ngãi Trung,10.0916931,106.5448581,80,Moderate,1,24.4,83,0.0,7.2,155,1010.8,92,19.0,22.2,248.0,8.5,91.0,3.8
2025-02-07 21:00:00,2025,2,7,21,Vĩnh Long,Xã An Ngãi Trung,10.0916931,106.5448581,74,Moderate,1,24.2,86,0.0,8.6,147,1011.0,97,18.9,22.3,245.0,8.1,88.0,3.9
2025-02-07 22:00:00,2025,2,7,22,Vĩnh Long,Xã An Ngãi Trung,10.0916931,106.5448581,65,Moderate,1,24.5,86,0.0,8.7,130,1011.2,58,20.1,23.6,239.0,8.0,85.0,3.9
2025-02-07 23:00:00,2025,2,7,23,Vĩnh Long,Xã An Ngãi Trung,10.0916931,106.5448581,65,Moderate,1,23.8,90,0.0,6.2,112,1011.4,100,21.0,24.4,231.0,8.1,81.0,3.7
2025-02-08 00:00:00,2025,2,8,0,Vĩnh Long,Xã An Ngãi Trung,10.0916931,106.5448581,66,Moderate,1,23.5,92,0.0,4.8,101,1010.7,100,20.2,23.5,221.0,8.3,77.0,3.3
2025-02-08 01:00:00,2025,2,8,1,Vĩnh Long,Xã An Ngãi Trung,10.0916931,106.5448581,66,Moderate,1,23.3,94,0.0,4.7,90,1010.3,100,19.6,22.9,213.0,9.0,73.0,3.2
2025-02-08 02:00:00,2025,2,8,2,Vĩnh Long,Xã An Ngãi Trung,10.0916931,106.5448581,66,Moderate,1,23.8,92,0.0,5.6,69,1009.6,100,21.1,24.5,204.0,10.1,70.0,3.4
2025-02-08 03:00:00,2025,2,8,3,Vĩnh Long,Xã An Ngãi Trung,10.0916931,106.5448581,67,Moderate,1,23.8,91,0.0,6.1,85,1009.1,100,23.7,27.5,197.0,11.7,67.0,3.8
2025-02-08 04:00:00,2025,2,8,4,Vĩnh Long,Xã An Ngãi Trung,10.0916931,106.5448581,67,Moderate,1,23.5,92,0.0,6.1,87,1009.0,100,26.5,30.5,202.0,13.8,62.0,4.4
2025-02-08 05:00:00,2025,2,8,5,Vĩnh Long,Xã An Ngãi Trung,10.0916931,106.5448581,68,Moderate,1,23.5,93,0.0,4.6,64,1009.4,100,30.5,34.5,228.0,17.3,51.0,5.2
2025-02-08 06:00:00,2025,2,8,6,Vĩnh Long,Xã An Ngãi Trung,10.0916931,106.5448581,69,Moderate,1,23.4,94,0.0,4.8,20,1010.0,97,34.0,37.5,265.0,21.4,39.0,6.2
2025-02-08 07:00:00,2025,2,8,7,Vĩnh Long,Xã An Ngãi Trung,10.0916931,106.5448581,71,Moderate,1,23.3,94,0.0,5.8,355,1010.8,20,28.4,31.3,296.0,20.6,45.0,7.4
2025-02-08 08:00:00,2025,2,8,8,Vĩnh Long,Xã An Ngãi Trung,10.0916931,106.5448581,71,Moderate,1,24.9,85,0.0,7.2,4,1011.7,32,25.6,28.7,314.0,19.2,57.0,9.8
2025-02-08 09:00:00,2025,2,8,9,Vĩnh Long,Xã An Ngãi Trung,10.0916931,106.5448581,72,Moderate,1,27.0,73,0.0,6.7,354,1012.2,65,23.3,26.1,325.0,17.1,75.0,12.9
2025-02-08 10:00:00,2025,2,8,10,Vĩnh Long,Xã An Ngãi Trung,10.0916931,106.5448581,72,Moderate,1,28.8,62,0.0,5.2,335,1012.4,64,23.3,25.2,330.0,14.4,96.0,14.7
2025-02-08 11:00:00,2025,2,8,11,Vĩnh Long,Xã An Ngãi Trung,10.0916931,106.5448581,72,Moderate,1,30.2,55,0.0,3.6,315,1011.7,70,24.0,25.5,328.0,10.6,125.0,13.8
2025-02-08 12:00:00,2025,2,8,12,Vĩnh Long,Xã An Ngãi Trung,10.0916931,106.5448581,72,Moderate,1,31.3,50,0.0,2.2,156,1010.8,100,25.8,27.3,320.0,6.2,158.0,11.5
2025-02-08 13:00:00,2025,2,8,13,Vĩnh Long,Xã An Ngãi Trung,10.0916931,106.5448581,73,Moderate,1,31.7,48,0.0,4.5,143,1009.6,98,26.1,27.5,307.0,3.0,179.0,9.3
2025-02-08 14:00:00,2025,2,8,14,Vĩnh Long,Xã An Ngãi Trung,10.0916931,106.5448581,73,Moderate,1,32.0,46,0.0,6.8,138,1008.4,100,24.8,26.2,282.0,1.8,181.0,7.8
2025-02-08 15:00:00,2025,2,8,15,Vĩnh Long,Xã An Ngãi Trung,10.0916931,106.5448581,74,Moderate,1,31.0,51,0.0,12.8,128,1008.0,93,22.7,24.2,251.0,1.9,171.0,6.5
2025-02-08 16:00:00,2025,2,8,16,Vĩnh Long,Xã An Ngãi Trung,10.0916931,106.5448581,88,Moderate,1,28.0,61,0.0,17.6,123,1008.4,89,20.6,22.5,235.0,2.8,157.0,5.5
2025-02-08 17:00:00,2025,2,8,17,Vĩnh Long,Xã An Ngãi Trung,10.0916931,106.5448581,109,Unhealthy for Sensitive Groups,2,26.6,66,0.0,11.7,122,1009.0,100,19.6,22.5,247.0,5.0,138.0,4.9
2025-02-08 18:00:00,2025,2,8,18,Vĩnh Long,Xã An Ngãi Trung,10.0916931,106.5448581,123,Unhealthy for Sensitive Groups,2,25.7,69,0.0,9.2,123,1009.6,93,20.3,22.5,273.0,8.0,114.0,4.6
2025-02-08 19:00:00,2025,2,8,19,Vĩnh Long,Xã An Ngãi Trung,10.0916931,106.5448581,127,Unhealthy for Sensitive Groups,2,25.0,78,0.0,9.4,137,1010.0,88,22.6,25.4,292.0,9.2,99.0,4.5
2025-02-08 20:00:00,2025,2,8,20,Vĩnh Long,Xã An Ngãi Trung,10.0916931,106.5448581,121,Unhealthy for Sensitive Groups,2,25.2,81,0.0,9.9,111,1011.2,99,19.7,23.3,295.0,8.6,96.0,4.1
2025-02-08 21:00:00,2025,2,8,21,Vĩnh Long,Xã An Ngãi Trung,10.0916931,106.5448581,108,Unhealthy for Sensitive Groups,2,24.8,83,0.0,10.2,111,1011.5,100,18.5,21.9,292.0,7.8,92.0,3.7
2025-02-08 22:00:00,2025,2,8,22,Vĩnh Long,Xã An Ngãi Trung,10.0916931,106.5448581,89,Moderate,1,24.5,86,0.0,11.4,101,1011.7,100,18.2,21.6,289.0,7.4,88.0,3.3
2025-02-08 23:00:00,2025,2,8,23,Vĩnh Long,Xã An Ngãi Trung,10.0916931,106.5448581,74,Moderate,1,24.0,86,0.0,10.0,76,1011.6,96,17.4,20.7,286.0,7.5,85.0,3.0
2025-02-09 00:00:00,2025,2,9,0,Vĩnh Long,Xã An Ngãi Trung,10.0916931,106.5448581,74,Moderate,1,23.5,86,0.0,5.4,50,1011.4,100,16.4,19.6,283.0,8.1,82.0,2.8
2025-02-09 01:00:00,2025,2,9,1,Vĩnh Long,Xã An Ngãi Trung,10.0916931,106.5448581,73,Moderate,1,23.1,89,0.0,0.9,101,1011.0,100,17.5,20.5,291.0,9.4,76.0,3.2
2025-02-09 02:00:00,2025,2,9,2,Vĩnh Long,Xã An Ngãi Trung,10.0916931,106.5448581,73,Moderate,1,22.5,92,0.0,5.7,342,1010.7,100,20.3,23.0,321.0,11.9,66.0,4.4
2025-02-09 03:00:00,2025,2,9,3,Vĩnh Long,Xã An Ngãi Trung,10.0916931,106.5448581,73,Moderate,1,22.2,94,0.0,6.9,323,1010.1,97,23.2,25.6,362.0,15.3,53.0,6.2
2025-02-09 04:00:00,2025,2,9,4,Vĩnh Long,Xã An Ngãi Trung,10.0916931,106.5448581,73,Moderate,1,22.0,90,0.0,9.2,329,1009.8,88,26.1,28.3,393.0,18.3,43.0,8.2
2025-02-09 05:00:00,2025,2,9,5,Vĩnh Long,Xã An Ngãi Trung,10.0916931,106.5448581,73,Moderate,1,21.5,78,0.0,8.2,345,1009.9,95,28.1,30.0,403.0,21.1,36.0,10.5
2025-02-09 06:00:00,2025,2,9,6,Vĩnh Long,Xã An Ngãi Trung,10.0916931,106.5448581,73,Moderate,1,20.8,74,0.0,7.1,15,1010.4,43,29.3,30.9,402.0,23.6,30.0,13.1
2025-02-09 07:00:00,2025,2,9,7,Vĩnh Long,Xã An Ngãi Trung,10.0916931,106.5448581,72,Moderate,1,21.1,73,0.0,7.5,21,1010.9,64,35.9,37.0,404.0,26.8,34.0,17.1
2025-02-09 08:00:00,2025,2,9,8,Vĩnh Long,Xã An Ngãi Trung,10.0916931,106.5448581,73,Moderate,1,23.2,68,0.0,7.6,355,1011.8,1,32.5,33.8,421.0,22.9,54.0,16.3
2025-02-09 09:00:00,2025,2,9,9,Vĩnh Long,Xã An Ngãi Trung,10.0916931,106.5448581,74,Moderate,1,25.4,61,0.0,4.4,30,1012.5,43,29.2,31.5,440.0,17.3,82.0,15.0
2025-02-09 10:00:00,2025,2,9,10,Vĩnh Long,Xã An Ngãi Trung,10.0916931,106.5448581,74,Moderate,1,27.2,57,0.0,5.8,94,1012.8,18,26.2,28.8,439.0,12.2,106.0,13.2
2025-02-09 11:00:00,2025,2,9,11,Vĩnh Long,Xã An Ngãi Trung,10.0916931,106.5448581,75,Moderate,1,28.4,58,0.0,7.0,125,1012.2,11,24.0,26.7,401.0,8.1,123.0,10.2
2025-02-09 12:00:00,2025,2,9,12,Vĩnh Long,Xã An Ngãi Trung,10.0916931,106.5448581,75,Moderate,1,29.5,55,0.0,10.0,113,1011.4,46,21.0,23.5,342.0,4.4,137.0,6.6
2025-02-09 13:00:00,2025,2,9,13,Vĩnh Long,Xã An Ngãi Trung,10.0916931,106.5448581,74,Moderate,1,29.5,52,0.0,10.2,116,1010.3,76,18.6,21.0,294.0,2.0,147.0,4.0
2025-02-09 14:00:00,2025,2,9,14,Vĩnh Long,Xã An Ngãi Trung,10.0916931,106.5448581,73,Moderate,1,29.8,48,0.0,8.6,126,1008.7,35,17.6,20.2,266.0,0.8,154.0,3.1
2025-02-09 15:00:00,2025,2,9,15,Vĩnh Long,Xã An Ngãi Trung,10.0916931,106.5448581,73,Moderate,1,29.5,47,0.0,9.0,128,1008.1,69,18.1,20.8,248.0,0.9,157.0,3.3
2025-02-09 16:00:00,2025,2,9,16,Vĩnh Long,Xã An Ngãi Trung,10.0916931,106.5448581,72,Moderate,1,28.2,53,0.0,11.4,127,1008.4,61,19.4,22.3,243.0,2.7,153.0,3.9
2025-02-09 17:00:00,2025,2,9,17,Vĩnh Long,Xã An Ngãi Trung,10.0916931,106.5448581,92,Moderate,1,26.6,61,0.0,11.6,120,1008.6,100,20.9,23.8,258.0,8.0,135.0,5.3
2025-02-09 18:00:00,2025,2,9,18,Vĩnh Long,Xã An Ngãi Trung,10.0916931,106.5448581,103,Unhealthy for Sensitive Groups,2,25.6,69,0.0,10.5,117,1009.3,100,26.8,29.0,286.0,15.0,110.0,7.3
2025-02-09 19:00:00,2025,2,9,19,Vĩnh Long,Xã An Ngãi Trung,10.0916931,106.5448581,104,Unhealthy for Sensitive Groups,2,25.1,73,0.0,10.7,130,1009.9,100,21.9,25.6,308.0,11.3,92.0,4.7
2025-02-09 20:00:00,2025,2,9,20,Vĩnh Long,Xã An Ngãi Trung,10.0916931,106.5448581,97,Moderate,1,24.5,79,0.0,7.1,124,1011.0,100,19.4,22.8,316.0,10.4,89.0,4.4
2025-02-09 21:00:00,2025,2,9,21,Vĩnh Long,Xã An Ngãi Trung,10.0916931,106.5448581,87,Moderate,1,24.2,81,0.0,5.1,135,1011.5,100,18.0,21.2,318.0,9.1,85.0,4.1
2025-02-09 22:00:00,2025,2,9,22,Vĩnh Long,Xã An Ngãi Trung,10.0916931,106.5448581,74,Moderate,1,24.0,82,0.0,4.6,129,1012.1,95,17.1,20.1,319.0,8.5,80.0,3.8
2025-02-09 23:00:00,2025,2,9,23,Vĩnh Long,Xã An Ngãi Trung,10.0916931,106.5448581,73,Moderate,1,23.9,83,0.0,4.6,129,1012.4,100,16.5,19.4,317.0,8.8,76.0,3.5
2025-02-10 00:00:00,2025,2,10,0,Vĩnh Long,Xã An Ngãi Trung,10.0916931,106.5448581,73,Moderate,1,23.6,86,0.0,3.7,137,1011.9,100,16.6,19.4,314.0,9.7,72.0,3.4
2025-02-10 01:00:00,2025,2,10,1,Vĩnh Long,Xã An Ngãi Trung,10.0916931,106.5448581,73,Moderate,1,23.5,87,0.0,2.5,150,1011.5,100,18.2,21.0,318.0,11.4,66.0,3.8
2025-02-10 02:00:00,2025,2,10,2,Vĩnh Long,Xã An Ngãi Trung,10.0916931,106.5448581,73,Moderate,1,23.4,88,0.0,1.1,108,1010.8,100,21.9,24.7,333.0,14.4,57.0,5.1
2025-02-10 03:00:00,2025,2,10,3,Vĩnh Long,Xã An Ngãi Trung,10.0916931,106.5448581,73,Moderate,1,23.0,90,0.0,1.2,309,1010.2,100,27.4,30.0,355.0,18.1,47.0,6.9
2025-02-10 04:00:00,2025,2,10,4,Vĩnh Long,Xã An Ngãi Trung,10.0916931,106.5448581,73,Moderate,1,22.5,93,0.0,4.5,293,1009.9,98,30.7,33.2,378.0,21.2,38.0,8.9
2025-02-10 05:00:00,2025,2,10,5,Vĩnh Long,Xã An Ngãi Trung,10.0916931,106.5448581,74,Moderate,1,22.0,96,0.0,3.5,309,1010.3,100,32.5,34.5,407.0,23.5,30.0,11.2
2025-02-10 06:00:00,2025,2,10,6,Vĩnh Long,Xã An Ngãi Trung,10.0916931,106.5448581,74,Moderate,1,22.4,94,0.0,4.1,345,1011.0,100,34.0,35.9,436.0,25.2,24.0,13.7
2025-02-10 07:00:00,2025,2,10,7,Vĩnh Long,Xã An Ngãi Trung,10.0916931,106.5448581,75,Moderate,1,23.0,91,0.0,5.7,349,1011.4,100,43.8,46.7,449.0,27.4,36.0,15.3
2025-02-10 08:00:00,2025,2,10,8,Vĩnh Long,Xã An Ngãi Trung,10.0916931,106.5448581,75,Moderate,1,24.2,84,0.0,7.2,338,1012.8,96,34.2,37.3,432.0,22.2,59.0,15.3
2025-02-10 09:00:00,2025,2,10,9,Vĩnh Long,Xã An Ngãi Trung,10.0916931,106.5448581,75,Moderate,1,25.8,74,0.0,7.5,325,1013.3,91,27.2,31.1,398.0,15.1,91.0,15.2
2025-02-10 10:00:00,2025,2,10,10,Vĩnh Long,Xã An Ngãi Trung,10.0916931,106.5448581,75,Moderate,1,27.4,66,0.0,7.1,317,1013.0,79,26.8,30.6,367.0,9.2,119.0,14.6
2025-02-10 11:00:00,2025,2,10,11,Vĩnh Long,Xã An Ngãi Trung,10.0916931,106.5448581,75,Moderate,1,29.0,60,0.0,6.6,313,1012.2,100,26.5,28.1,346.0,5.9,140.0,13.0
2025-02-10 12:00:00,2025,2,10,12,Vĩnh Long,Xã An Ngãi Trung,10.0916931,106.5448581,75,Moderate,1,30.0,55,0.0,5.3,325,1011.1,99,26.3,27.9,330.0,3.9,157.0,10.9
2025-02-10 13:00:00,2025,2,10,13,Vĩnh Long,Xã An Ngãi Trung,10.0916931,106.5448581,76,Moderate,1,30.8,52,0.0,3.6,360,1010.3,100,25.4,26.9,318.0,2.7,168.0,9.2
2025-02-10 14:00:00,2025,2,10,14,Vĩnh Long,Xã An Ngãi Trung,10.0916931,106.5448581,77,Moderate,1,31.0,50,0.0,4.8,65,1008.8,100,23.7,25.1,309.0,1.9,171.0,8.3
2025-02-10 15:00:00,2025,2,10,15,Vĩnh Long,Xã An Ngãi Trung,10.0916931,106.5448581,77,Moderate,1,29.7,59,0.0,7.7,99,1008.3,100,22.9,24.2,305.0,1.9,167.0,7.8
2025-02-10 16:00:00,2025,2,10,16,Vĩnh Long,Xã An Ngãi Trung,10.0916931,106.5448581,95,Moderate,1,28.5,66,0.0,10.6,100,1008.4,100,22.2,23.6,317.0,3.6,156.0,7.7
2025-02-10 17:00:00,2025,2,10,17,Vĩnh Long,Xã An Ngãi Trung,10.0916931,106.5448581,115,Unhealthy for Sensitive Groups,2,27.4,70,0.0,8.9,98,1009.0,100,22.8,25.2,363.0,8.8,133.0,8.4
2025-02-10 18:00:00,2025,2,10,18,Vĩnh Long,Xã An Ngãi Trung,10.0916931,106.5448581,124,Unhealthy for Sensitive Groups,2,26.1,74,0.0,8.7,124,1009.5,100,26.8,28.8,424.0,15.8,103.0,9.6
2025-02-10 19:00:00,2025,2,10,19,Vĩnh Long,Xã An Ngãi Trung,10.0916931,106.5448581,121,Unhealthy for Sensitive Groups,2,25.2,79,0.0,8.7,153,1010.1,100,39.3,41.8,453.0,20.1,92.0,11.1
2025-02-10 20:00:00,2025,2,10,20,Vĩnh Long,Xã An Ngãi Trung,10.0916931,106.5448581,111,Unhealthy for Sensitive Groups,2,25.6,81,0.0,10.8,147,1010.8,100,38.8,41.3,416.0,17.1,88.0,9.4
2025-02-10 21:00:00,2025,2,10,21,Vĩnh Long,Xã An Ngãi Trung,10.0916931,106.5448581,96,Moderate,1,25.2,80,0.0,8.0,142,1011.7,100,29.4,32.0,346.0,12.9,84.0,7.1
2025-02-10 22:00:00,2025,2,10,22,Vĩnh Long,Xã An Ngãi Trung,10.0916931,106.5448581,82,Moderate,1,25.0,82,0.0,7.1,170,1011.6,100,21.7,24.9,294.0,9.7,79.0,5.2
2025-02-10 23:00:00,2025,2,10,23,Vĩnh Long,Xã An Ngãi Trung,10.0916931,106.5448581,83,Moderate,1,24.6,84,0.0,7.6,183,1011.6,100,17.9,20.8,282.0,8.3,76.0,4.1
2025-02-11 00:00:00,2025,2,11,0,Vĩnh Long,Xã An Ngãi Trung,10.0916931,106.5448581,83,Moderate,1,24.2,86,0.0,5.0,201,1011.7,99,15.8,18.7,287.0,7.9,73.0,3.4
2025-02-11 01:00:00,2025,2,11,1,Vĩnh Long,Xã An Ngãi Trung,10.0916931,106.5448581,83,Moderate,1,24.2,86,0.0,3.8,199,1011.6,100,15.1,18.1,292.0,8.1,70.0,3.0
2025-02-11 02:00:00,2025,2,11,2,Vĩnh Long,Xã An Ngãi Trung,10.0916931,106.5448581,82,Moderate,1,23.9,89,0.0,3.3,229,1010.8,100,15.6,18.6,290.0,8.8,66.0,3.0
2025-02-11 03:00:00,2025,2,11,3,Vĩnh Long,Xã An Ngãi Trung,10.0916931,106.5448581,82,Moderate,1,23.5,91,0.0,4.1,221,1010.1,100,17.9,21.1,288.0,10.1,62.0,3.4
2025-02-11 04:00:00,2025,2,11,4,Vĩnh Long,Xã An Ngãi Trung,10.0916931,106.5448581,81,Moderate,1,23.4,92,0.0,4.2,211,1010.0,100,20.9,24.4,290.0,11.8,58.0,4.1
2025-02-11 05:00:00,2025,2,11,5,Vĩnh Long,Xã An Ngãi Trung,10.0916931,106.5448581,80,Moderate,1,23.8,90,0.0,5.2,239,1010.1,100,24.5,28.1,301.0,14.8,50.0,5.1
2025-02-11 06:00:00,2025,2,11,6,Vĩnh Long,Xã An Ngãi Trung,10.0916931,106.5448581,79,Moderate,1,23.5,92,0.0,4.7,230,1010.3,100,27.9,31.5,317.0,18.1,41.0,6.4
2025-02-11 07:00:00,2025,2,11,7,Vĩnh Long,Xã An Ngãi Trung,10.0916931,106.5448581,79,Moderate,1,23.9,91,0.0,5.4,228,1011.0,100,26.8,30.6,326.0,16.6,51.0,6.7
2025-02-11 08:00:00,2025,2,11,8,Vĩnh Long,Xã An Ngãi Trung,10.0916931,106.5448581,77,Moderate,1,25.5,83,0.0,3.3,257,1012.4,100,21.1,25.3,321.0,13.3,68.0,6.9
2025-02-11 09:00:00,2025,2,11,9,Vĩnh Long,Xã An Ngãi Trung,10.0916931,106.5448581,76,Moderate,1,27.3,72,0.0,4.0,260,1013.0,100,20.7,25.2,310.0,8.6,93.0,7.1
2025-02-11 10:00:00,2025,2,11,10,Vĩnh Long,Xã An Ngãi Trung,10.0916931,106.5448581,76,Moderate,1,28.5,65,0.0,4.0,265,1013.0,100,22.2,27.4,302.0,5.0,114.0,7.4
2025-02-11 11:00:00,2025,2,11,11,Vĩnh Long,Xã An Ngãi Trung,10.0916931,106.5448581,75,Moderate,1,29.8,59,0.0,3.8,262,1012.1,100,22.7,26.9,301.0,3.3,129.0,7.7
2025-02-11 12:00:00,2025,2,11,12,Vĩnh Long,Xã An Ngãi Trung,10.0916931,106.5448581,75,Moderate,1,31.0,55,0.0,4.2,260,1011.1,100,22.5,25.3,304.0,2.6,141.0,8.1
2025-02-11 13:00:00,2025,2,11,13,Vĩnh Long,Xã An Ngãi Trung,10.0916931,106.5448581,75,Moderate,1,31.9,51,0.1,3.6,221,1010.0,100,22.0,23.6,304.0,2.3,149.0,8.2
2025-02-11 14:00:00,2025,2,11,14,Vĩnh Long,Xã An Ngãi Trung,10.0916931,106.5448581,74,Moderate,1,31.7,51,0.2,5.0,161,1008.9,99,21.3,22.7,296.0,2.2,152.0,7.9
2025-02-11 15:00:00,2025,2,11,15,Vĩnh Long,Xã An Ngãi Trung,10.0916931,106.5448581,74,Moderate,1,30.8,54,0.5,8.6,158,1008.3,100,21.4,22.8,285.0,2.6,151.0,7.4
2025-02-11 16:00:00,2025,2,11,16,Vĩnh Long,Xã An Ngãi Trung,10.0916931,106.5448581,79,Moderate,1,28.5,67,0.9,8.2,190,1008.7,100,22.4,23.7,286.0,3.6,146.0,7.1
2025-02-11 17:00:00,2025,2,11,17,Vĩnh Long,Xã An Ngãi Trung,10.0916931,106.5448581,95,Moderate,1,28.1,68,0.0,8.6,210,1008.8,100,23.1,24.5,313.0,6.0,136.0,7.3
2025-02-11 18:00:00,2025,2,11,18,Vĩnh Long,Xã An Ngãi Trung,10.0916931,106.5448581,104,Unhealthy for Sensitive Groups,2,27.4,74,0.0,8.6,196,1009.4,100,24.8,26.3,353.0,9.0,122.0,7.6
2025-02-11 19:00:00,2025,2,11,19,Vĩnh Long,Xã An Ngãi Trung,10.0916931,106.5448581,106,Unhealthy for Sensitive Groups,2,26.6,77,0.0,7.1,170,1010.2,100,33.5,36.1,374.0,11.9,107.0,8.5
2025-02-11 20:00:00,2025,2,11,20,Vĩnh Long,Xã An Ngãi Trung,10.0916931,106.5448581,101,Unhealthy for Sensitive Groups,2,26.4,87,0.0,1.5,277,1010.6,100,32.7,35.4,361.0,12.2,100.0,8.5
2025-02-11 21:00:00,2025,2,11,21,Vĩnh Long,Xã An Ngãi Trung,10.0916931,106.5448581,93,Moderate,1,25.5,87,0.6,4.6,18,1011.6,100,32.2,34.8,331.0,12.5,90.0,8.5
2025-02-11 22:00:00,2025,2,11,22,Vĩnh Long,Xã An Ngãi Trung,10.0916931,106.5448581,80,Moderate,1,24.6,92,0.8,10.7,112,1011.8,100,31.8,34.2,303.0,12.5,83.0,8.2
2025-02-11 23:00:00,2025,2,11,23,Vĩnh Long,Xã An Ngãi Trung,10.0916931,106.5448581,74,Moderate,1,24.4,94,0.0,8.5,156,1011.9,100,29.7,32.0,284.0,11.8,80.0,7.2
2025-02-12 00:00:00,2025,2,12,0,Vĩnh Long,Xã An Ngãi Trung,10.0916931,106.5448581,75,Moderate,1,23.6,97,2.0,7.9,73,1012.4,100,26.8,29.1,268.0,10.8,79.0,5.9
2025-02-12 01:00:00,2025,2,12,1,Vĩnh Long,Xã An Ngãi Trung,10.0916931,106.5448581,76,Moderate,1,24.0,96,2.7,4.4,189,1011.9,100,25.2,27.6,258.0,10.3,78.0,5.0
2025-02-12 02:00:00,2025,2,12,2,Vĩnh Long,Xã An Ngãi Trung,10.0916931,106.5448581,77,Moderate,1,23.9,97,0.7,4.5,270,1011.1,100,25.1,27.8,256.0,10.9,74.0,4.7
2025-02-12 03:00:00,2025,2,12,3,Vĩnh Long,Xã An Ngãi Trung,10.0916931,106.5448581,78,Moderate,1,23.9,97,1.2,3.6,311,1010.6,100,26.3,29.0,261.0,12.0,70.0,4.9
2025-02-12 04:00:00,2025,2,12,4,Vĩnh Long,Xã An Ngãi Trung,10.0916931,106.5448581,78,Moderate,1,24.0,96,2.5,6.6,259,1010.0,100,28.8,31.5,268.0,13.0,66.0,5.2
2025-02-12 05:00:00,2025,2,12,5,Vĩnh Long,Xã An Ngãi Trung,10.0916931,106.5448581,79,Moderate,1,23.9,97,1.1,5.5,226,1010.0,100,31.7,34.6,280.0,14.2,60.0,5.8
2025-02-12 06:00:00,2025,2,12,6,Vĩnh Long,Xã An Ngãi Trung,10.0916931,106.5448581,80,Moderate,1,24.0,96,0.4,5.9,235,1010.4,100,32.4,34.6,294.0,15.4,55.0,6.6
2025-02-12 07:00:00,2025,2,12,7,Vĩnh Long,Xã An Ngãi Trung,10.0916931,106.5448581,80,Moderate,1,24.3,95,0.1,7.2,235,1011.0,100,41.0,43.8,305.0,18.8,60.0,8.4
2025-02-12 08:00:00,2025,2,12,8,Vĩnh Long,Xã An Ngãi Trung,10.0916931,106.5448581,81,Moderate,1,25.8,91,0.1,7.9,201,1012.0,97,32.0,33.5,307.0,15.2,75.0,8.6
2025-02-12 09:00:00,2025,2,12,9,Vĩnh Long,Xã An Ngãi Trung,10.0916931,106.5448581,82,Moderate,1,27.2,83,0.0,8.8,213,1012.8,100,26.6,27.9,306.0,10.2,95.0,8.8
2025-02-12 10:00:00,2025,2,12,10,Vĩnh Long,Xã An Ngãi Trung,10.0916931,106.5448581,83,Moderate,1,28.0,78,0.0,8.5,232,1013.0,95,25.0,26.2,305.0,6.2,111.0,8.6
2025-02-12 11:00:00,2025,2,12,11,Vĩnh Long,Xã An Ngãi Trung,10.0916931,106.5448581,83,Moderate,1,28.4,75,0.0,7.5,250,1012.6,23,24.4,25.4,307.0,4.3,117.0,7.6
2025-02-12 12:00:00,2025,2,12,12,Vĩnh Long,Xã An Ngãi Trung,10.0916931,106.5448581,83,Moderate,1,30.1,66,0.0,6.8,281,1011.4,16,27.9,28.9,311.0,3.4,117.0,6.1
2025-02-12 13:00:00,2025,2,12,13,Vĩnh Long,Xã An Ngãi Trung,10.0916931,106.5448581,84,Moderate,1,31.0,62,0.0,7.5,307,1010.3,49,24.3,25.2,313.0,3.1,117.0,5.0
2025-02-12 14:00:00,2025,2,12,14,Vĩnh Long,Xã An Ngãi Trung,10.0916931,106.5448581,84,Moderate,1,31.1,60,0.0,7.3,320,1008.9,54,24.4,25.2,313.0,3.0,118.0,4.6
2025-02-12 15:00:00,2025,2,12,15,Vĩnh Long,Xã An Ngãi Trung,10.0916931,106.5448581,84,Moderate,1,31.0,61,0.2,3.2,297,1008.5,56,31.7,32.7,311.0,3.5,117.0,4.7
2025-02-12 16:00:00,2025,2,12,16,Vĩnh Long,Xã An Ngãi Trung,10.0916931,106.5448581,85,Moderate,1,29.6,66,0.2,6.9,173,1008.5,38,24.8,25.7,313.0,4.7,113.0,4.9
2025-02-12 17:00:00,2025,2,12,17,Vĩnh Long,Xã An Ngãi Trung,10.0916931,106.5448581,85,Moderate,1,28.6,71,0.0,12.0,188,1008.8,38,22.4,23.2,322.0,7.1,102.0,5.3
2025-02-12 18:00:00,2025,2,12,18,Vĩnh Long,Xã An Ngãi Trung,10.0916931,106.5448581,85,Moderate,1,27.5,78,0.0,9.9,209,1009.5,19,23.6,24.6,333.0,10.3,88.0,5.9
2025-02-12 19:00:00,2025,2,12,19,Vĩnh Long,Xã An Ngãi Trung,10.0916931,106.5448581,85,Moderate,1,26.8,82,0.0,8.3,210,1010.0,11,31.4,32.5,340.0,14.5,78.0,8.2
2025-02-12 20:00:00,2025,2,12,20,Vĩnh Long,Xã An Ngãi Trung,10.0916931,106.5448581,85,Moderate,1,26.1,87,0.0,9.1,202,1010.5,15,35.6,36.6,337.0,16.9,71.0,9.7
2025-02-12 21:00:00,2025,2,12,21,Vĩnh Long,Xã An Ngãi Trung,10.0916931,106.5448581,85,Moderate,1,25.9,88,0.0,10.0,206,1011.4,3,40.0,41.1,328.0,20.1,62.0,11.7
2025-02-12 22:00:00,2025,2,12,22,Vĩnh Long,Xã An Ngãi Trung,10.0916931,106.5448581,86,Moderate,1,25.4,90,0.0,9.9,213,1011.9,14,45.4,46.4,321.0,22.0,55.0,12.7
2025-02-12 23:00:00,2025,2,12,23,Vĩnh Long,Xã An Ngãi Trung,10.0916931,106.5448581,87,Moderate,1,25.0,91,0.0,6.8,220,1012.1,33,48.4,49.7,319.0,21.4,51.0,11.7
2025-02-13 00:00:00,2025,2,13,0,Vĩnh Long,Xã An Ngãi Trung,10.0916931,106.5448581,89,Moderate,1,24.6,92,0.0,1.5,187,1012.4,47,44.9,46.2,317.0,19.4,49.0,9.6
2025-02-13 01:00:00,2025,2,13,1,Vĩnh Long,Xã An Ngãi Trung,10.0916931,106.5448581,90,Moderate,1,23.7,94,2.3,11.3,351,1012.6,100,39.7,41.2,311.0,17.4,49.0,7.9
2025-02-13 02:00:00,2025,2,13,2,Vĩnh Long,Xã An Ngãi Trung,10.0916931,106.5448581,92,Moderate,1,23.4,96,2.2,2.7,356,1011.5,99,35.5,37.1,294.0,15.3,51.0,6.9
2025-02-13 03:00:00,2025,2,13,3,Vĩnh Long,Xã An Ngãi Trung,10.0916931,106.5448581,93,Moderate,1,23.4,98,4.2,3.7,79,1011.3,100,31.0,32.7,272.0,13.2,56.0,6.2
2025-02-13 04:00:00,2025,2,13,4,Vĩnh Long,Xã An Ngãi Trung,10.0916931,106.5448581,93,Moderate,1,23.6,98,1.0,4.2,100,1011.0,100,29.2,31.4,260.0,11.9,59.0,5.9
2025-02-13 05:00:00,2025,2,13,5,Vĩnh Long,Xã An Ngãi Trung,10.0916931,106.5448581,93,Moderate,1,23.7,97,0.6,5.4,140,1011.3,100,30.7,32.6,266.0,12.7,58.0,6.3
2025-02-13 06:00:00,2025,2,13,6,Vĩnh Long,Xã An Ngãi Trung,10.0916931,106.5448581,93,Moderate,1,23.9,97,0.2,4.8,135,1011.5,100,32.8,34.2,281.0,14.4,57.0,7.2
2025-02-13 07:00:00,2025,2,13,7,Vĩnh Long,Xã An Ngãi Trung,10.0916931,106.5448581,93,Moderate,1,24.1,95,0.1,5.8,141,1012.0,100,20.4,21.4,293.0,8.7,70.0,4.1
2025-02-13 08:00:00,2025,2,13,8,Vĩnh Long,Xã An Ngãi Trung,10.0916931,106.5448581,91,Moderate,1,25.0,89,0.1,5.3,168,1012.7,96,18.3,19.7,296.0,7.5,77.0,3.6
2025-02-13 09:00:00,2025,2,13,9,Vĩnh Long,Xã An Ngãi Trung,10.0916931,106.5448581,90,Moderate,1,26.8,83,0.0,5.2,200,1013.1,100,18.7,19.9,296.0,5.7,88.0,2.9
2025-02-13 10:00:00,2025,2,13,10,Vĩnh Long,Xã An Ngãi Trung,10.0916931,106.5448581,89,Moderate,1,28.1,78,0.0,2.6,205,1013.5,100,21.1,22.2,296.0,4.3,98.0,2.4
2025-02-13 11:00:00,2025,2,13,11,Vĩnh Long,Xã An Ngãi Trung,10.0916931,106.5448581,89,Moderate,1,29.3,73,0.2,1.8,233,1012.8,98,24.0,25.1,298.0,3.4,107.0,2.1
2025-02-13 12:00:00,2025,2,13,12,Vĩnh Long,Xã An Ngãi Trung,10.0916931,106.5448581,89,Moderate,1,30.2,68,0.3,1.4,247,1011.6,100,24.9,25.9,299.0,2.8,116.0,1.8
2025-02-13 13:00:00,2025,2,13,13,Vĩnh Long,Xã An Ngãi Trung,10.0916931,106.5448581,89,Moderate,1,28.1,77,5.6,6.5,103,1011.0,100,22.2,23.1,298.0,2.6,120.0,1.8
2025-02-13 14:00:00,2025,2,13,14,Vĩnh Long,Xã An Ngãi Trung,10.0916931,106.5448581,88,Moderate,1,27.0,84,3.2,8.0,170,1010.0,57,21.8,22.6,287.0,2.7,117.0,2.0
2025-02-13 15:00:00,2025,2,13,15,Vĩnh Long,Xã An Ngãi Trung,10.0916931,106.5448581,88,Moderate,1,28.8,76,0.2,4.4,201,1009.1,39,19.2,20.1,273.0,3.1,109.0,2.3
2025-02-13 16:00:00,2025,2,13,16,Vĩnh Long,Xã An Ngãi Trung,10.0916931,106.5448581,87,Moderate,1,28.7,75,0.4,5.0,215,1008.9,35,16.6,17.6,276.0,4.0,101.0,2.8
2025-02-13 17:00:00,2025,2,13,17,Vĩnh Long,Xã An Ngãi Trung,10.0916931,106.5448581,86,Moderate,1,28.1,76,0.9,2.8,195,1009.1,28,15.6,16.9,317.0,5.8,94.0,3.5
2025-02-13 18:00:00,2025,2,13,18,Vĩnh Long,Xã An Ngãi Trung,10.0916931,106.5448581,86,Moderate,1,26.9,86,0.0,2.4,144,1009.4,9,17.2,18.7,375.0,8.0,88.0,4.4
2025-02-13 19:00:00,2025,2,13,19,Vĩnh Long,Xã An Ngãi Trung,10.0916931,106.5448581,85,Moderate,1,25.9,89,0.0,6.8,143,1010.1,16,26.0,27.6,403.0,8.8,85.0,4.5
2025-02-13 20:00:00,2025,2,13,20,Vĩnh Long,Xã An Ngãi Trung,10.0916931,106.5448581,85,Moderate,1,25.6,91,0.0,7.3,160,1010.6,1,25.3,26.6,370.0,9.8,79.0,5.2
2025-02-13 21:00:00,2025,2,13,21,Vĩnh Long,Xã An Ngãi Trung,10.0916931,106.5448581,84,Moderate,1,25.1,94,0.0,7.6,168,1011.4,4,27.0,28.3,306.0,11.1,72.0,6.1
2025-02-13 22:00:00,2025,2,13,22,Vĩnh Long,Xã An Ngãi Trung,10.0916931,106.5448581,83,Moderate,1,24.9,96,0.0,7.1,171,1011.9,5,28.9,30.5,257.0,11.9,66.0,6.7
2025-02-13 23:00:00,2025,2,13,23,Vĩnh Long,Xã An Ngãi Trung,10.0916931,106.5448581,81,Moderate,1,24.6,97,0.0,6.2,170,1012.3,25,29.2,30.9,243.0,11.8,65.0,6.5
2025-02-14 00:00:00,2025,2,14,0,Vĩnh Long,Xã An Ngãi Trung,10.0916931,106.5448581,79,Moderate,1,24.5,97,0.0,6.0,170,1012.0,17,27.7,29.3,243.0,11.2,66.0,6.0
2025-02-14 01:00:00,2025,2,14,1,Vĩnh Long,Xã An Ngãi Trung,10.0916931,106.5448581,78,Moderate,1,24.4,98,0.0,6.7,174,1011.6,19,26.5,28.1,242.0,10.6,67.0,5.5
2025-02-14 02:00:00,2025,2,14,2,Vĩnh Long,Xã An Ngãi Trung,10.0916931,106.5448581,77,Moderate,1,24.2,98,0.0,6.2,165,1011.1,30,25.9,27.4,231.0,10.1,68.0,5.1
2025-02-14 03:00:00,2025,2,14,3,Vĩnh Long,Xã An Ngãi Trung,10.0916931,106.5448581,76,Moderate,1,24.0,96,0.1,4.6,154,1010.8,100,25.8,27.2,219.0,9.7,69.0,4.8
2025-02-14 04:00:00,2025,2,14,4,Vĩnh Long,Xã An Ngãi Trung,10.0916931,106.5448581,75,Moderate,1,23.9,96,0.1,3.5,171,1010.3,46,26.1,27.4,213.0,9.4,71.0,4.7
2025-02-14 05:00:00,2025,2,14,5,Vĩnh Long,Xã An Ngãi Trung,10.0916931,106.5448581,75,Moderate,1,23.7,96,0.0,1.1,180,1010.2,20,26.8,28.0,220.0,9.7,72.0,5.0
2025-02-14 06:00:00,2025,2,14,6,Vĩnh Long,Xã An Ngãi Trung,10.0916931,106.5448581,75,Moderate,1,23.5,97,0.0,3.3,144,1010.8,23,28.2,29.4,234.0,10.1,72.0,5.4
2025-02-14 07:00:00,2025,2,14,7,Vĩnh Long,Xã An Ngãi Trung,10.0916931,106.5448581,74,Moderate,1,24.5,94,0.0,4.6,149,1011.6,28,34.0,36.0,245.0,9.8,73.0,5.2
2025-02-14 08:00:00,2025,2,14,8,Vĩnh Long,Xã An Ngãi Trung,10.0916931,106.5448581,76,Moderate,1,25.7,89,0.0,5.8,154,1012.4,25,25.1,27.2,248.0,7.7,83.0,4.7
2025-02-14 09:00:00,2025,2,14,9,Vĩnh Long,Xã An Ngãi Trung,10.0916931,106.5448581,76,Moderate,1,27.1,80,0.1,5.5,157,1012.7,47,25.4,27.4,247.0,4.9,96.0,4.1
2025-02-14 10:00:00,2025,2,14,10,Vĩnh Long,Xã An Ngãi Trung,10.0916931,106.5448581,77,Moderate,1,28.1,78,0.1,4.6,144,1012.7,100,24.6,26.3,247.0,2.7,108.0,3.6
2025-02-14 11:00:00,2025,2,14,11,Vĩnh Long,Xã An Ngãi Trung,10.0916931,106.5448581,77,Moderate,1,29.0,74,0.0,4.0,141,1011.9,100,25.2,26.8,250.0,1.8,116.0,3.3
2025-02-14 12:00:00,2025,2,14,12,Vĩnh Long,Xã An Ngãi Trung,10.0916931,106.5448581,77,Moderate,1,29.5,73,0.0,3.7,119,1011.2,100,25.2,26.8,255.0,1.7,122.0,3.1
2025-02-14 13:00:00,2025,2,14,13,Vĩnh Long,Xã An Ngãi Trung,10.0916931,106.5448581,77,Moderate,1,30.2,71,0.0,3.6,139,1010.2,100,24.6,26.1,257.0,1.7,125.0,3.0
2025-02-14 14:00:00,2025,2,14,14,Vĩnh Long,Xã An Ngãi Trung,10.0916931,106.5448581,77,Moderate,1,30.5,69,0.0,5.3,168,1009.0,100,23.9,25.3,254.0,1.5,127.0,2.9
2025-02-14 15:00:00,2025,2,14,15,Vĩnh Long,Xã An Ngãi Trung,10.0916931,106.5448581,78,Moderate,1,30.2,69,0.0,8.0,162,1008.1,100,22.8,24.3,249.0,1.5,126.0,2.8
2025-02-14 16:00:00,2025,2,14,16,Vĩnh Long,Xã An Ngãi Trung,10.0916931,106.5448581,78,Moderate,1,29.1,72,0.0,10.4,148,1007.8,34,22.1,23.5,249.0,2.7,120.0,3.2
2025-02-14 17:00:00,2025,2,14,17,Vĩnh Long,Xã An Ngãi Trung,10.0916931,106.5448581,78,Moderate,1,28.0,74,0.0,11.0,159,1007.8,26,22.7,24.1,261.0,6.3,106.0,4.3
2025-02-14 18:00:00,2025,2,14,18,Vĩnh Long,Xã An Ngãi Trung,10.0916931,106.5448581,79,Moderate,1,26.9,77,0.0,8.7,156,1008.1,20,25.4,26.5,279.0,11.1,87.0,5.8
2025-02-14 19:00:00,2025,2,14,19,Vĩnh Long,Xã An Ngãi Trung,10.0916931,106.5448581,80,Moderate,1,25.9,81,0.0,7.8,136,1008.8,5,29.7,31.4,290.0,12.7,74.0,6.2
2025-02-14 20:00:00,2025,2,14,20,Vĩnh Long,Xã An Ngãi Trung,10.0916931,106.5448581,80,Moderate,1,25.8,89,0.0,6.7,171,1009.6,16,26.8,28.3,289.0,12.8,69.0,6.4
2025-02-14 21:00:00,2025,2,14,21,Vĩnh Long,Xã An Ngãi Trung,10.0916931,106.5448581,80,Moderate,1,25.3,92,0.0,6.5,157,1010.3,15,26.1,27.6,281.0,12.9,61.0,6.6
2025-02-14 22:00:00,2025,2,14,22,Vĩnh Long,Xã An Ngãi Trung,10.0916931,106.5448581,80,Moderate,1,25.0,94,0.0,7.3,164,1010.9,6,27.0,28.5,273.0,13.1,55.0,6.7
2025-02-14 23:00:00,2025,2,14,23,Vĩnh Long,Xã An Ngãi Trung,10.0916931,106.5448581,80,Moderate,1,24.5,96,0.0,4.5,173,1010.9,13,27.5,28.9,265.0,13.4,52.0,6.5
2025-02-15 00:00:00,2025,2,15,0,Vĩnh Long,Xã An Ngãi Trung,10.0916931,106.5448581,80,Moderate,1,24.3,97,0.0,3.8,161,1010.9,99,27.7,29.1,257.0,13.9,50.0,6.2
2025-02-15 01:00:00,2025,2,15,1,Vĩnh Long,Xã An Ngãi Trung,10.0916931,106.5448581,80,Moderate,1,24.2,97,0.0,3.1,183,1010.6,98,28.8,30.9,251.0,14.3,48.0,5.9
2025-02-15 02:00:00,2025,2,15,2,Vĩnh Long,Xã An Ngãi Trung,10.0916931,106.5448581,80,Moderate,1,24.6,91,0.1,0.6,108,1010.3,91,30.2,32.6,247.0,14.6,45.0,5.8
2025-02-15 03:00:00,2025,2,15,3,Vĩnh Long,Xã An Ngãi Trung,10.0916931,106.5448581,80,Moderate,1,24.3,94,0.0,2.3,266,1009.4,21,30.6,32.6,245.0,14.8,43.0,5.7
2025-02-15 04:00:00,2025,2,15,4,Vĩnh Long,Xã An Ngãi Trung,10.0916931,106.5448581,81,Moderate,1,23.9,97,0.0,2.4,243,1009.0,20,32.0,34.1,248.0,15.3,41.0,5.7
2025-02-15 05:00:00,2025,2,15,5,Vĩnh Long,Xã An Ngãi Trung,10.0916931,106.5448581,81,Moderate,1,23.6,98,0.0,3.1,347,1009.4,31,35.4,37.3,259.0,16.7,38.0,5.9
2025-02-15 06:00:00,2025,2,15,6,Vĩnh Long,Xã An Ngãi Trung,10.0916931,106.5448581,82,Moderate,1,23.5,97,0.0,4.1,2,1009.8,28,43.7,45.3,273.0,18.4,37.0,6.2
2025-02-15 07:00:00,2025,2,15,7,Vĩnh Long,Xã An Ngãi Trung,10.0916931,106.5448581,84,Moderate,1,24.2,95,0.0,3.3,22,1010.4,26,30.7,32.1,283.0,10.7,61.0,5.2
2025-02-15 08:00:00,2025,2,15,8,Vĩnh Long,Xã An Ngãi Trung,10.0916931,106.5448581,83,Moderate,1,25.6,92,0.1,1.3,196,1011.6,23,22.1,23.1,282.0,8.7,73.0,4.8
2025-02-15 09:00:00,2025,2,15,9,Vĩnh Long,Xã An Ngãi Trung,10.0916931,106.5448581,83,Moderate,1,27.0,84,0.2,1.7,122,1011.9,31,20.6,21.5,275.0,5.8,89.0,4.2
2025-02-15 10:00:00,2025,2,15,10,Vĩnh Long,Xã An Ngãi Trung,10.0916931,106.5448581,83,Moderate,1,28.0,81,0.1,2.3,86,1012.0,20,23.3,24.2,270.0,3.6,103.0,3.6
2025-02-15 11:00:00,2025,2,15,11,Vĩnh Long,Xã An Ngãi Trung,10.0916931,106.5448581,82,Moderate,1,29.4,74,0.0,2.3,90,1011.3,100,23.7,24.6,270.0,2.5,114.0,3.0
2025-02-15 12:00:00,2025,2,15,12,Vĩnh Long,Xã An Ngãi Trung,10.0916931,106.5448581,82,Moderate,1,29.4,72,0.2,5.8,83,1010.3,100,23.7,24.6,271.0,1.9,123.0,2.4
2025-02-15 13:00:00,2025,2,15,13,Vĩnh Long,Xã An Ngãi Trung,10.0916931,106.5448581,82,Moderate,1,28.0,76,0.9,8.0,124,1009.7,44,26.8,27.9,270.0,1.7,127.0,2.0
2025-02-15 14:00:00,2025,2,15,14,Vĩnh Long,Xã An Ngãi Trung,10.0916931,106.5448581,82,Moderate,1,29.4,70,0.1,7.6,126,1008.1,17,22.3,23.2,263.0,1.7,123.0,1.9
2025-02-15 15:00:00,2025,2,15,15,Vĩnh Long,Xã An Ngãi Trung,10.0916931,106.5448581,82,Moderate,1,29.4,70,0.1,12.2,126,1007.4,33,19.6,20.4,254.0,2.0,114.0,2.0
2025-02-15 16:00:00,2025,2,15,16,Vĩnh Long,Xã An Ngãi Trung,10.0916931,106.5448581,82,Moderate,1,28.5,74,0.1,12.1,131,1007.6,23,18.5,19.3,247.0,2.8,104.0,2.3
2025-02-15 17:00:00,2025,2,15,17,Vĩnh Long,Xã An Ngãi Trung,10.0916931,106.5448581,82,Moderate,1,27.5,78,0.0,13.2,130,1007.8,25,18.0,19.0,248.0,4.5,95.0,2.9
2025-02-15 18:00:00,2025,2,15,18,Vĩnh Long,Xã An Ngãi Trung,10.0916931,106.5448581,81,Moderate,1,26.2,83,0.0,10.3,134,1008.3,25,18.7,19.7,251.0,6.6,85.0,3.7
2025-02-15 19:00:00,2025,2,15,19,Vĩnh Long,Xã An Ngãi Trung,10.0916931,106.5448581,81,Moderate,1,25.6,86,0.0,10.1,131,1008.9,13,33.1,34.7,249.0,9.3,73.0,4.6
2025-02-15 20:00:00,2025,2,15,20,Vĩnh Long,Xã An Ngãi Trung,10.0916931,106.5448581,81,Moderate,1,25.9,85,0.0,10.8,120,1009.1,23,30.6,32.4,236.0,8.4,73.0,4.4
2025-02-15 21:00:00,2025,2,15,21,Vĩnh Long,Xã An Ngãi Trung,10.0916931,106.5448581,81,Moderate,1,25.6,86,0.0,10.9,119,1010.0,15,25.7,27.4,217.0,7.2,73.0,4.0
2025-02-15 22:00:00,2025,2,15,22,Vĩnh Long,Xã An Ngãi Trung,10.0916931,106.5448581,81,Moderate,1,25.5,86,0.0,13.1,113,1010.7,15,20.0,22.4,200.0,6.2,73.0,3.6
2025-02-15 23:00:00,2025,2,15,23,Vĩnh Long,Xã An Ngãi Trung,10.0916931,106.5448581,81,Moderate,1,25.4,86,0.0,14.7,115,1010.9,15,14.8,17.6,188.0,5.5,73.0,2.9
2025-02-16 00:00:00,2025,2,16,0,Vĩnh Long,Xã An Ngãi Trung,10.0916931,106.5448581,79,Moderate,1,25.2,87,0.0,16.3,109,1010.7,22,11.3,14.3,180.0,4.9,72.0,2.2
2025-02-16 01:00:00,2025,2,16,1,Vĩnh Long,Xã An Ngãi Trung,10.0916931,106.5448581,78,Moderate,1,25.1,87,0.0,17.0,100,1010.2,19,9.6,12.5,174.0,4.5,71.0,1.6
2025-02-16 02:00:00,2025,2,16,2,Vĩnh Long,Xã An Ngãi Trung,10.0916931,106.5448581,76,Moderate,1,25.1,87,0.0,14.9,98,1009.4,17,9.0,11.8,173.0,4.4,69.0,1.4
2025-02-16 03:00:00,2025,2,16,3,Vĩnh Long,Xã An Ngãi Trung,10.0916931,106.5448581,74,Moderate,1,25.0,87,0.0,13.2,94,1008.9,8,8.9,11.6,175.0,4.5,66.0,1.4
2025-02-16 04:00:00,2025,2,16,4,Vĩnh Long,Xã An Ngãi Trung,10.0916931,106.5448581,73,Moderate,1,24.9,87,0.0,12.3,93,1008.9,5,8.8,11.5,179.0,4.7,63.0,1.5
2025-02-16 05:00:00,2025,2,16,5,Vĩnh Long,Xã An Ngãi Trung,10.0916931,106.5448581,70,Moderate,1,24.8,88,0.0,12.5,97,1009.5,9,8.8,11.4,187.0,5.2,60.0,1.7
2025-02-16 06:00:00,2025,2,16,6,Vĩnh Long,Xã An Ngãi Trung,10.0916931,106.5448581,68,Moderate,1,24.9,87,0.0,13.9,94,1010.3,94,8.8,11.4,198.0,5.9,58.0,2.0
2025-02-16 07:00:00,2025,2,16,7,Vĩnh Long,Xã An Ngãi Trung,10.0916931,106.5448581,65,Moderate,1,25.4,85,0.0,14.2,93,1011.0,73,9.0,11.3,203.0,5.8,59.0,2.2
2025-02-16 08:00:00,2025,2,16,8,Vĩnh Long,Xã An Ngãi Trung,10.0916931,106.5448581,63,Moderate,1,26.9,79,0.0,20.4,96,1012.1,78,9.1,11.8,198.0,4.6,65.0,2.0
2025-02-16 09:00:00,2025,2,16,9,Vĩnh Long,Xã An Ngãi Trung,10.0916931,106.5448581,62,Moderate,1,27.9,73,0.0,21.3,88,1012.9,63,8.2,10.9,188.0,3.0,73.0,1.7
2025-02-16 10:00:00,2025,2,16,10,Vĩnh Long,Xã An Ngãi Trung,10.0916931,106.5448581,61,Moderate,1,28.6,70,0.0,21.1,87,1012.9,57,8.3,11.2,179.0,1.7,80.0,1.4
2025-02-16 11:00:00,2025,2,16,11,Vĩnh Long,Xã An Ngãi Trung,10.0916931,106.5448581,60,Moderate,1,29.3,67,0.0,22.1,90,1012.6,100,8.3,11.3,175.0,1.2,83.0,1.2
2025-02-16 12:00:00,2025,2,16,12,Vĩnh Long,Xã An Ngãi Trung,10.0916931,106.5448581,58,Moderate,1,29.7,64,0.0,22.3,90,1011.4,21,8.3,11.3,172.0,1.0,85.0,1.2
2025-02-16 13:00:00,2025,2,16,13,Vĩnh Long,Xã An Ngãi Trung,10.0916931,106.5448581,57,Moderate,1,29.8,63,0.0,22.7,90,1010.3,75,8.2,11.2,171.0,1.0,86.0,1.1
2025-02-16 14:00:00,2025,2,16,14,Vĩnh Long,Xã An Ngãi Trung,10.0916931,106.5448581,55,Moderate,1,29.5,64,0.0,22.0,93,1009.5,33,8.3,11.3,170.0,1.0,86.0,1.1
2025-02-16 15:00:00,2025,2,16,15,Vĩnh Long,Xã An Ngãi Trung,10.0916931,106.5448581,54,Moderate,1,28.9,66,0.0,20.3,98,1008.9,49,8.5,11.5,170.0,1.1,85.0,1.1
2025-02-16 16:00:00,2025,2,16,16,Vĩnh Long,Xã An Ngãi Trung,10.0916931,106.5448581,53,Moderate,1,28.3,70,0.0,19.4,100,1008.8,92,8.9,12.0,171.0,1.5,84.0,1.2
2025-02-16 17:00:00,2025,2,16,17,Vĩnh Long,Xã An Ngãi Trung,10.0916931,106.5448581,52,Moderate,1,26.9,77,0.0,17.6,101,1009.6,0,9.6,12.8,175.0,2.4,83.0,1.5
2025-02-16 18:00:00,2025,2,16,18,Vĩnh Long,Xã An Ngãi Trung,10.0916931,106.5448581,51,Moderate,1,26.0,81,0.0,16.0,102,1010.2,0,10.7,13.9,180.0,3.7,81.0,1.9
2025-02-16 19:00:00,2025,2,16,19,Vĩnh Long,Xã An Ngãi Trung,10.0916931,106.5448581,51,Moderate,1,25.5,84,0.0,15.7,99,1010.6,1,15.0,19.5,182.0,4.6,80.0,2.2
2025-02-16 20:00:00,2025,2,16,20,Vĩnh Long,Xã An Ngãi Trung,10.0916931,106.5448581,48,Good,0,25.9,82,0.0,17.3,101,1011.5,46,13.2,17.2,179.0,4.4,79.0,2.1
2025-02-16 21:00:00,2025,2,16,21,Vĩnh Long,Xã An Ngãi Trung,10.0916931,106.5448581,45,Good,0,25.7,85,0.0,16.7,102,1012.1,2,12.0,15.7,174.0,4.2,79.0,2.0
2025-02-16 22:00:00,2025,2,16,22,Vĩnh Long,Xã An Ngãi Trung,10.0916931,106.5448581,43,Good,0,25.5,84,0.0,17.9,100,1012.3,0,11.0,14.5,169.0,4.0,77.0,1.9
2025-02-16 23:00:00,2025,2,16,23,Vĩnh Long,Xã An Ngãi Trung,10.0916931,106.5448581,41,Good,0,25.5,82,0.0,18.6,94,1012.0,0,10.1,13.4,166.0,4.0,74.0,1.7
2025-02-17 00:00:00,2025,2,17,0,Vĩnh Long,Xã An Ngãi Trung,10.0916931,106.5448581,40,Good,0,25.4,82,0.0,19.0,94,1011.7,16,9.4,12.5,164.0,4.0,70.0,1.5
2025-02-17 01:00:00,2025,2,17,1,Vĩnh Long,Xã An Ngãi Trung,10.0916931,106.5448581,40,Good,0,25.3,80,0.0,17.1,98,1011.3,85,9.2,12.3,163.0,4.1,67.0,1.3
2025-02-17 02:00:00,2025,2,17,2,Vĩnh Long,Xã An Ngãi Trung,10.0916931,106.5448581,40,Good,0,25.1,82,0.0,17.0,95,1010.8,17,9.2,12.2,161.0,4.3,65.0,1.3
2025-02-17 03:00:00,2025,2,17,3,Vĩnh Long,Xã An Ngãi Trung,10.0916931,106.5448581,40,Good,0,24.9,82,0.0,15.9,95,1010.4,97,9.2,12.3,160.0,4.5,63.0,1.3
2025-02-17 04:00:00,2025,2,17,4,Vĩnh Long,Xã An Ngãi Trung,10.0916931,106.5448581,40,Good,0,24.9,82,0.0,15.6,97,1010.3,100,9.3,12.3,161.0,4.7,62.0,1.4
2025-02-17 05:00:00,2025,2,17,5,Vĩnh Long,Xã An Ngãi Trung,10.0916931,106.5448581,40,Good,0,24.8,84,0.0,17.2,100,1010.5,100,9.3,12.3,168.0,5.1,59.0,1.6
2025-02-17 06:00:00,2025,2,17,6,Vĩnh Long,Xã An Ngãi Trung,10.0916931,106.5448581,40,Good,0,24.7,83,0.0,17.1,91,1011.4,99,9.4,12.3,177.0,5.6,57.0,1.9
2025-02-17 07:00:00,2025,2,17,7,Vĩnh Long,Xã An Ngãi Trung,10.0916931,106.5448581,40,Good,0,25.1,82,0.0,17.7,81,1012.3,49,10.8,14.2,182.0,5.5,57.0,2.0
2025-02-17 08:00:00,2025,2,17,8,Vĩnh Long,Xã An Ngãi Trung,10.0916931,106.5448581,41,Good,0,26.8,74,0.0,21.8,87,1012.9,100,11.1,14.6,179.0,4.5,63.0,1.8
2025-02-17 09:00:00,2025,2,17,9,Vĩnh Long,Xã An Ngãi Trung,10.0916931,106.5448581,41,Good,0,27.9,67,0.0,23.5,85,1013.7,98,10.6,14.2,172.0,3.0,71.0,1.6
2025-02-17 10:00:00,2025,2,17,10,Vĩnh Long,Xã An Ngãi Trung,10.0916931,106.5448581,41,Good,0,28.5,65,0.0,23.7,84,1013.6,91,10.2,13.7,166.0,1.9,78.0,1.4
2025-02-17 11:00:00,2025,2,17,11,Vĩnh Long,Xã An Ngãi Trung,10.0916931,106.5448581,42,Good,0,29.1,63,0.0,22.8,85,1013.2,99,9.5,12.9,162.0,1.3,82.0,1.2
2025-02-17 12:00:00,2025,2,17,12,Vĩnh Long,Xã An Ngãi Trung,10.0916931,106.5448581,42,Good,0,29.5,61,0.0,22.9,88,1012.2,96,9.1,12.3,160.0,1.1,85.0,1.1
2025-02-17 13:00:00,2025,2,17,13,Vĩnh Long,Xã An Ngãi Trung,10.0916931,106.5448581,42,Good,0,29.9,58,0.0,22.7,90,1011.3,96,8.7,11.8,158.0,1.0,87.0,1.0
2025-02-17 14:00:00,2025,2,17,14,Vĩnh Long,Xã An Ngãi Trung,10.0916931,106.5448581,42,Good,0,29.8,58,0.0,22.3,96,1010.3,72,8.6,11.5,158.0,1.0,88.0,1.0
2025-02-17 15:00:00,2025,2,17,15,Vĩnh Long,Xã An Ngãi Trung,10.0916931,106.5448581,42,Good,0,29.0,62,0.0,21.6,101,1009.8,99,8.6,11.3,159.0,1.2,88.0,1.1
2025-02-17 16:00:00,2025,2,17,16,Vĩnh Long,Xã An Ngãi Trung,10.0916931,106.5448581,42,Good,0,28.4,67,0.0,20.6,104,1009.5,90,8.9,11.7,161.0,1.6,88.0,1.3
2025-02-17 17:00:00,2025,2,17,17,Vĩnh Long,Xã An Ngãi Trung,10.0916931,106.5448581,42,Good,0,27.0,75,0.0,17.8,101,1009.9,65,9.5,12.3,163.0,2.5,87.0,1.6
2025-02-17 18:00:00,2025,2,17,18,Vĩnh Long,Xã An Ngãi Trung,10.0916931,106.5448581,42,Good,0,25.9,80,0.0,15.5,91,1010.4,3,10.5,13.3,165.0,3.6,86.0,1.9
2025-02-17 19:00:00,2025,2,17,19,Vĩnh Long,Xã An Ngãi Trung,10.0916931,106.5448581,42,Good,0,25.6,81,0.0,16.7,82,1011.2,16,13.1,16.8,166.0,5.1,84.0,2.2
2025-02-17 20:00:00,2025,2,17,20,Vĩnh Long,Xã An Ngãi Trung,10.0916931,106.5448581,42,Good,0,25.7,82,0.0,15.3,87,1012.0,49,11.9,15.0,164.0,5.0,83.0,2.2
2025-02-17 21:00:00,2025,2,17,21,Vĩnh Long,Xã An Ngãi Trung,10.0916931,106.5448581,42,Good,0,25.5,83,0.0,16.4,88,1012.6,98,11.0,13.9,161.0,4.8,81.0,2.1
2025-02-17 22:00:00,2025,2,17,22,Vĩnh Long,Xã An Ngãi Trung,10.0916931,106.5448581,41,Good,0,25.5,80,0.0,18.0,91,1013.0,100,10.4,13.1,159.0,4.8,79.0,2.0
2025-02-17 23:00:00,2025,2,17,23,Vĩnh Long,Xã An Ngãi Trung,10.0916931,106.5448581,41,Good,0,25.6,78,0.0,18.5,96,1012.8,99,10.0,12.6,158.0,5.0,77.0,1.8
2025-02-18 00:00:00,2025,2,18,0,Vĩnh Long,Xã An Ngãi Trung,10.0916931,106.5448581,41,Good,0,25.4,79,0.0,17.9,95,1012.3,98,9.4,12.0,158.0,5.2,74.0,1.6
2025-02-18 01:00:00,2025,2,18,1,Vĩnh Long,Xã An Ngãi Trung,10.0916931,106.5448581,41,Good,0,25.0,83,0.0,17.8,98,1011.7,99,9.1,11.6,158.0,5.4,71.0,1.5
2025-02-18 02:00:00,2025,2,18,2,Vĩnh Long,Xã An Ngãi Trung,10.0916931,106.5448581,41,Good,0,25.0,81,0.0,16.5,101,1011.4,100,8.8,11.3,157.0,5.4,68.0,1.4
2025-02-18 03:00:00,2025,2,18,3,Vĩnh Long,Xã An Ngãi Trung,10.0916931,106.5448581,41,Good,0,24.8,83,0.0,16.2,109,1011.0,100,8.6,11.0,155.0,5.2,66.0,1.4
2025-02-18 04:00:00,2025,2,18,4,Vĩnh Long,Xã An Ngãi Trung,10.0916931,106.5448581,41,Good,0,24.8,83,0.0,17.1,108,1011.1,100,8.2,10.5,157.0,5.1,64.0,1.5
2025-02-18 05:00:00,2025,2,18,5,Vĩnh Long,Xã An Ngãi Trung,10.0916931,106.5448581,41,Good,0,24.8,83,0.0,16.8,100,1011.2,100,7.8,10.0,165.0,5.2,62.0,1.7
2025-02-18 06:00:00,2025,2,18,6,Vĩnh Long,Xã An Ngãi Trung,10.0916931,106.5448581,41,Good,0,24.8,82,0.0,16.9,92,1011.8,100,7.7,9.8,177.0,5.4,60.0,1.9
2025-02-18 07:00:00,2025,2,18,7,Vĩnh Long,Xã An Ngãi Trung,10.0916931,106.5448581,40,Good,0,25.4,81,0.0,17.3,87,1012.4,100,9.5,12.0,184.0,6.2,60.0,2.1
2025-02-18 08:00:00,2025,2,18,8,Vĩnh Long,Xã An Ngãi Trung,10.0916931,106.5448581,40,Good,0,27.2,75,0.0,17.7,88,1012.8,100,10.2,12.9,183.0,5.1,67.0,2.0
2025-02-18 09:00:00,2025,2,18,9,Vĩnh Long,Xã An Ngãi Trung,10.0916931,106.5448581,40,Good,0,28.2,69,0.0,19.4,83,1013.3,100,9.9,12.8,178.0,3.5,77.0,1.9
2025-02-18 10:00:00,2025,2,18,10,Vĩnh Long,Xã An Ngãi Trung,10.0916931,106.5448581,40,Good,0,29.0,65,0.0,19.8,82,1013.7,100,9.6,12.6,172.0,2.3,86.0,1.8
2025-02-18 11:00:00,2025,2,18,11,Vĩnh Long,Xã An Ngãi Trung,10.0916931,106.5448581,40,Good,0,29.8,62,0.0,19.8,83,1013.2,100,9.2,12.2,167.0,1.7,91.0,1.6
2025-02-18 12:00:00,2025,2,18,12,Vĩnh Long,Xã An Ngãi Trung,10.0916931,106.5448581,40,Good,0,30.5,58,0.0,19.3,86,1012.5,100,8.8,11.7,162.0,1.4,95.0,1.4
2025-02-18 13:00:00,2025,2,18,13,Vĩnh Long,Xã An Ngãi Trung,10.0916931,106.5448581,40,Good,0,30.5,57,0.0,19.3,95,1011.4,100,8.3,11.0,159.0,1.3,97.0,1.3
2025-02-18 14:00:00,2025,2,18,14,Vĩnh Long,Xã An Ngãi Trung,10.0916931,106.5448581,40,Good,0,30.0,59,0.0,19.8,101,1010.5,94,8.1,10.6,160.0,1.3,97.0,1.3
2025-02-18 15:00:00,2025,2,18,15,Vĩnh Long,Xã An Ngãi Trung,10.0916931,106.5448581,39,Good,0,29.8,61,0.0,17.5,104,1009.7,5,8.1,10.7,165.0,1.4,95.0,1.3
2025-02-18 16:00:00,2025,2,18,16,Vĩnh Long,Xã An Ngãi Trung,10.0916931,106.5448581,41,Good,0,28.5,65,0.0,17.1,109,1009.8,11,9.1,11.6,170.0,2.0,93.0,1.5
2025-02-18 17:00:00,2025,2,18,17,Vĩnh Long,Xã An Ngãi Trung,10.0916931,106.5448581,42,Good,0,27.4,71,0.0,16.2,105,1010.1,19,10.3,13.1,176.0,3.3,90.0,1.9
2025-02-18 18:00:00,2025,2,18,18,Vĩnh Long,Xã An Ngãi Trung,10.0916931,106.5448581,43,Good,0,26.4,75,0.0,13.4,101,1010.3,3,12.5,15.3,183.0,5.1,88.0,2.5
2025-02-18 19:00:00,2025,2,18,19,Vĩnh Long,Xã An Ngãi Trung,10.0916931,106.5448581,43,Good,0,25.9,80,0.0,14.5,101,1011.0,2,19.3,23.3,193.0,7.1,86.0,3.2
2025-02-18 20:00:00,2025,2,18,20,Vĩnh Long,Xã An Ngãi Trung,10.0916931,106.5448581,43,Good,0,26.2,79,0.0,16.4,99,1011.8,100,18.1,21.7,209.0,6.8,89.0,3.1
2025-02-18 21:00:00,2025,2,18,21,Vĩnh Long,Xã An Ngãi Trung,10.0916931,106.5448581,43,Good,0,26.0,80,0.0,17.3,94,1012.1,6,17.5,20.8,228.0,6.4,92.0,3.0
2025-02-18 22:00:00,2025,2,18,22,Vĩnh Long,Xã An Ngãi Trung,10.0916931,106.5448581,43,Good,0,25.8,81,0.0,16.2,87,1012.5,55,16.6,19.7,245.0,6.1,92.0,2.9
2025-02-18 23:00:00,2025,2,18,23,Vĩnh Long,Xã An Ngãi Trung,10.0916931,106.5448581,44,Good,0,25.5,82,0.0,14.6,87,1012.3,35,15.5,18.2,260.0,6.2,87.0,2.7
2025-02-19 00:00:00,2025,2,19,0,Vĩnh Long,Xã An Ngãi Trung,10.0916931,106.5448581,45,Good,0,25.3,85,0.0,13.8,83,1011.8,81,13.7,16.0,273.0,6.4,79.0,2.4
2025-02-19 01:00:00,2025,2,19,1,Vĩnh Long,Xã An Ngãi Trung,10.0916931,106.5448581,46,Good,0,25.1,86,0.0,13.7,81,1011.5,97,11.5,13.4,282.0,6.4,72.0,2.1
2025-02-19 02:00:00,2025,2,19,2,Vĩnh Long,Xã An Ngãi Trung,10.0916931,106.5448581,46,Good,0,25.0,87,0.0,12.8,74,1011.1,100,9.4,11.0,283.0,5.9,68.0,1.8
2025-02-19 03:00:00,2025,2,19,3,Vĩnh Long,Xã An Ngãi Trung,10.0916931,106.5448581,46,Good,0,24.6,89,0.0,8.9,69,1010.5,35,8.1,9.7,281.0,5.3,66.0,1.5
2025-02-19 04:00:00,2025,2,19,4,Vĩnh Long,Xã An Ngãi Trung,10.0916931,106.5448581,46,Good,0,24.3,91,0.0,7.6,76,1010.6,100,7.8,9.3,283.0,5.3,63.0,1.5
2025-02-19 05:00:00,2025,2,19,5,Vĩnh Long,Xã An Ngãi Trung,10.0916931,106.5448581,46,Good,0,24.2,92,0.0,8.1,77,1011.1,100,8.1,9.7,299.0,6.6,58.0,2.0
2025-02-19 06:00:00,2025,2,19,6,Vĩnh Long,Xã An Ngãi Trung,10.0916931,106.5448581,46,Good,0,24.2,93,0.0,8.5,69,1011.8,100,9.3,10.9,320.0,8.5,53.0,2.9
2025-02-19 07:00:00,2025,2,19,7,Vĩnh Long,Xã An Ngãi Trung,10.0916931,106.5448581,47,Good,0,25.0,89,0.0,9.6,50,1012.5,98,11.6,13.5,328.0,6.9,59.0,2.3
2025-02-19 08:00:00,2025,2,19,8,Vĩnh Long,Xã An Ngãi Trung,10.0916931,106.5448581,47,Good,0,26.9,81,0.0,11.0,69,1013.4,52,12.8,15.3,311.0,5.8,66.0,2.4
2025-02-19 09:00:00,2025,2,19,9,Vĩnh Long,Xã An Ngãi Trung,10.0916931,106.5448581,47,Good,0,27.9,75,0.1,9.1,73,1013.8,64,12.8,15.6,281.0,4.3,77.0,2.6
2025-02-19 10:00:00,2025,2,19,10,Vĩnh Long,Xã An Ngãi Trung,10.0916931,106.5448581,48,Good,0,27.5,74,2.9,14.8,68,1013.9,90,11.9,14.9,256.0,3.0,85.0,2.6
2025-02-19 11:00:00,2025,2,19,11,Vĩnh Long,Xã An Ngãi Trung,10.0916931,106.5448581,48,Good,0,28.6,71,0.2,9.6,99,1013.1,87,10.4,13.2,242.0,2.1,89.0,2.1
2025-02-19 12:00:00,2025,2,19,12,Vĩnh Long,Xã An Ngãi Trung,10.0916931,106.5448581,49,Good,0,29.9,65,0.0,12.3,104,1012.1,97,8.8,11.3,232.0,1.5,92.0,1.5
2025-02-19 13:00:00,2025,2,19,13,Vĩnh Long,Xã An Ngãi Trung,10.0916931,106.5448581,49,Good,0,29.6,61,0.3,14.8,106,1011.3,91,8.2,10.7,224.0,1.2,94.0,1.0
2025-02-19 14:00:00,2025,2,19,14,Vĩnh Long,Xã An Ngãi Trung,10.0916931,106.5448581,49,Good,0,29.0,63,0.0,18.4,110,1010.5,98,7.3,9.4,216.0,1.2,96.0,1.0
2025-02-19 15:00:00,2025,2,19,15,Vĩnh Long,Xã An Ngãi Trung,10.0916931,106.5448581,48,Good,0,28.8,66,0.0,21.6,97,1009.6,93,7.6,9.6,210.0,1.5,98.0,1.2
2025-02-19 16:00:00,2025,2,19,16,Vĩnh Long,Xã An Ngãi Trung,10.0916931,106.5448581,48,Good,0,27.9,72,0.0,19.4,100,1009.6,98,8.1,10.1,209.0,2.0,99.0,1.4
2025-02-19 17:00:00,2025,2,19,17,Vĩnh Long,Xã An Ngãi Trung,10.0916931,106.5448581,48,Good,0,27.0,75,0.0,18.9,91,1009.6,83,9.2,11.4,219.0,2.9,100.0,1.6
2025-02-19 18:00:00,2025,2,19,18,Vĩnh Long,Xã An Ngãi Trung,10.0916931,106.5448581,48,Good,0,26.4,78,0.0,18.4,93,1009.9,63,10.5,12.7,234.0,4.0,102.0,1.9
2025-02-19 19:00:00,2025,2,19,19,Vĩnh Long,Xã An Ngãi Trung,10.0916931,106.5448581,48,Good,0,26.0,80,0.0,20.8,86,1010.4,82,11.7,14.1,246.0,5.0,101.0,2.1
2025-02-19 20:00:00,2025,2,19,20,Vĩnh Long,Xã An Ngãi Trung,10.0916931,106.5448581,46,Good,0,26.0,79,0.0,20.7,91,1011.3,100,12.5,14.8,250.0,5.2,101.0,2.2
2025-02-19 21:00:00,2025,2,19,21,Vĩnh Long,Xã An Ngãi Trung,10.0916931,106.5448581,46,Good,0,25.9,80,0.0,21.1,88,1011.7,99,13.0,15.3,251.0,5.4,100.0,2.3
2025-02-19 22:00:00,2025,2,19,22,Vĩnh Long,Xã An Ngãi Trung,10.0916931,106.5448581,46,Good,0,25.8,80,0.0,19.7,86,1011.9,99,12.8,15.1,251.0,5.5,98.0,2.3
2025-02-19 23:00:00,2025,2,19,23,Vĩnh Long,Xã An Ngãi Trung,10.0916931,106.5448581,46,Good,0,25.6,80,0.0,19.0,84,1012.3,99,12.3,14.5,250.0,5.4,94.0,2.1
2025-02-20 00:00:00,2025,2,20,0,Vĩnh Long,Xã An Ngãi Trung,10.0916931,106.5448581,46,Good,0,25.5,80,0.0,17.0,77,1011.9,99,11.6,13.8,248.0,5.1,89.0,1.8
2025-02-20 01:00:00,2025,2,20,1,Vĩnh Long,Xã An Ngãi Trung,10.0916931,106.5448581,46,Good,0,25.2,80,0.0,14.0,75,1011.4,100,11.5,13.7,248.0,5.0,85.0,1.6
2025-02-20 02:00:00,2025,2,20,2,Vĩnh Long,Xã An Ngãi Trung,10.0916931,106.5448581,45,Good,0,25.0,82,0.0,12.0,78,1010.9,100,11.6,13.9,250.0,5.0,82.0,1.4
2025-02-20 03:00:00,2025,2,20,3,Vĩnh Long,Xã An Ngãi Trung,10.0916931,106.5448581,43,Good,0,24.8,84,0.0,11.3,88,1010.4,100,11.9,14.2,254.0,5.1,80.0,1.3
2025-02-20 04:00:00,2025,2,20,4,Vĩnh Long,Xã An Ngãi Trung,10.0916931,106.5448581,44,Good,0,24.5,87,0.0,9.6,76,1010.2,100,12.5,14.7,262.0,5.8,77.0,1.5
2025-02-20 05:00:00,2025,2,20,5,Vĩnh Long,Xã An Ngãi Trung,10.0916931,106.5448581,45,Good,0,24.1,90,0.0,7.8,52,1010.9,97,13.3,15.5,279.0,7.7,70.0,2.2
2025-02-20 06:00:00,2025,2,20,6,Vĩnh Long,Xã An Ngãi Trung,10.0916931,106.5448581,46,Good,0,23.6,92,0.0,6.6,45,1011.4,97,14.6,16.8,299.0,10.2,62.0,3.2
2025-02-20 07:00:00,2025,2,20,7,Vĩnh Long,Xã An Ngãi Trung,10.0916931,106.5448581,47,Good,0,24.4,89,0.0,7.8,34,1011.9,100,17.2,19.7,312.0,9.1,68.0,3.0
2025-02-20 08:00:00,2025,2,20,8,Vĩnh Long,Xã An Ngãi Trung,10.0916931,106.5448581,48,Good,0,26.6,80,0.0,10.0,72,1013.1,100,16.9,20.0,311.0,7.9,78.0,3.5
2025-02-20 09:00:00,2025,2,20,9,Vĩnh Long,Xã An Ngãi Trung,10.0916931,106.5448581,48,Good,0,28.1,71,0.0,10.1,70,1013.7,100,17.2,20.7,303.0,6.3,92.0,4.1
2025-02-20 10:00:00,2025,2,20,10,Vĩnh Long,Xã An Ngãi Trung,10.0916931,106.5448581,49,Good,0,29.3,64,0.0,9.5,76,1013.8,100,18.5,22.8,292.0,4.8,105.0,4.5
2025-02-20 11:00:00,2025,2,20,11,Vĩnh Long,Xã An Ngãi Trung,10.0916931,106.5448581,50,Good,0,30.4,58,0.0,9.5,88,1013.1,100,19.3,23.5,280.0,3.6,117.0,4.3
2025-02-20 12:00:00,2025,2,20,12,Vĩnh Long,Xã An Ngãi Trung,10.0916931,106.5448581,51,Moderate,1,30.8,58,0.0,12.1,100,1012.0,100,18.5,22.1,267.0,2.5,129.0,3.8
2025-02-20 13:00:00,2025,2,20,13,Vĩnh Long,Xã An Ngãi Trung,10.0916931,106.5448581,52,Moderate,1,30.8,58,0.0,14.2,110,1011.1,100,16.7,20.0,254.0,1.8,134.0,3.3
2025-02-20 14:00:00,2025,2,20,14,Vĩnh Long,Xã An Ngãi Trung,10.0916931,106.5448581,53,Moderate,1,30.3,57,0.0,15.7,115,1010.3,8,14.8,18.2,243.0,1.5,129.0,2.7
2025-02-20 15:00:00,2025,2,20,15,Vĩnh Long,Xã An Ngãi Trung,10.0916931,106.5448581,53,Moderate,1,29.5,60,0.0,16.8,114,1009.5,99,13.4,16.8,233.0,1.6,117.0,2.0
2025-02-20 16:00:00,2025,2,20,16,Vĩnh Long,Xã An Ngãi Trung,10.0916931,106.5448581,58,Moderate,1,28.6,60,0.0,17.7,103,1009.4,100,12.5,15.9,224.0,2.1,107.0,1.6
2025-02-20 17:00:00,2025,2,20,17,Vĩnh Long,Xã An Ngãi Trung,10.0916931,106.5448581,64,Moderate,1,27.5,70,0.0,17.5,94,1009.8,100,12.6,15.9,216.0,3.4,102.0,1.8
2025-02-20 18:00:00,2025,2,20,18,Vĩnh Long,Xã An Ngãi Trung,10.0916931,106.5448581,66,Moderate,1,26.6,75,0.0,16.9,92,1010.3,100,13.6,16.8,208.0,5.0,98.0,2.4
2025-02-20 19:00:00,2025,2,20,19,Vĩnh Long,Xã An Ngãi Trung,10.0916931,106.5448581,65,Moderate,1,26.5,75,0.0,18.2,86,1010.4,100,13.4,16.6,201.0,6.3,93.0,2.8
2025-02-20 20:00:00,2025,2,20,20,Vĩnh Long,Xã An Ngãi Trung,10.0916931,106.5448581,60,Moderate,1,26.6,75,0.0,17.9,86,1010.7,100,12.1,15.1,194.0,6.1,92.0,2.7
2025-02-20 21:00:00,2025,2,20,21,Vĩnh Long,Xã An Ngãi Trung,10.0916931,106.5448581,55,Moderate,1,26.5,76,0.0,19.6,83,1011.2,100,11.4,14.2,188.0,5.8,90.0,2.5
2025-02-20 22:00:00,2025,2,20,22,Vĩnh Long,Xã An Ngãi Trung,10.0916931,106.5448581,55,Moderate,1,26.4,76,0.0,20.4,79,1011.2,100,10.6,13.2,183.0,5.6,88.0,2.3
2025-02-20 23:00:00,2025,2,20,23,Vĩnh Long,Xã An Ngãi Trung,10.0916931,106.5448581,54,Moderate,1,26.3,76,0.0,18.6,80,1011.5,100,9.5,11.9,180.0,5.4,84.0,2.0
2025-02-21 00:00:00,2025,2,21,0,Vĩnh Long,Xã An Ngãi Trung,10.0916931,106.5448581,54,Moderate,1,26.1,77,0.0,19.0,85,1011.5,100,8.4,10.5,178.0,5.2,79.0,1.6
2025-02-21 01:00:00,2025,2,21,1,Vĩnh Long,Xã An Ngãi Trung,10.0916931,106.5448581,54,Moderate,1,25.9,79,0.0,18.2,87,1011.2,100,7.7,9.6,178.0,5.1,75.0,1.4
2025-02-21 02:00:00,2025,2,21,2,Vĩnh Long,Xã An Ngãi Trung,10.0916931,106.5448581,54,Moderate,1,25.9,78,0.0,18.0,89,1011.2,100,7.3,9.1,179.0,5.0,72.0,1.3
2025-02-21 03:00:00,2025,2,21,3,Vĩnh Long,Xã An Ngãi Trung,10.0916931,106.5448581,53,Moderate,1,25.8,78,0.0,18.2,89,1010.8,70,7.2,9.0,182.0,5.0,71.0,1.4
2025-02-21 04:00:00,2025,2,21,4,Vĩnh Long,Xã An Ngãi Trung,10.0916931,106.5448581,53,Moderate,1,25.6,79,0.0,17.3,90,1010.8,100,7.2,8.9,187.0,5.0,69.0,1.5
2025-02-21 05:00:00,2025,2,21,5,Vĩnh Long,Xã An Ngãi Trung,10.0916931,106.5448581,52,Moderate,1,25.5,81,0.0,16.4,93,1010.9,100,7.3,9.1,197.0,5.3,66.0,1.7
2025-02-21 06:00:00,2025,2,21,6,Vĩnh Long,Xã An Ngãi Trung,10.0916931,106.5448581,52,Moderate,1,25.4,82,0.0,16.1,94,1011.4,100,7.6,9.4,210.0,5.8,63.0,2.0
2025-02-21 07:00:00,2025,2,21,7,Vĩnh Long,Xã An Ngãi Trung,10.0916931,106.5448581,51,Moderate,1,25.9,81,0.0,16.8,95,1012.0,100,8.1,10.2,217.0,5.3,64.0,2.0
2025-02-21 08:00:00,2025,2,21,8,Vĩnh Long,Xã An Ngãi Trung,10.0916931,106.5448581,50,Good,0,27.2,75,0.0,17.5,91,1013.1,100,8.8,11.0,214.0,4.5,69.0,1.9
2025-02-21 09:00:00,2025,2,21,9,Vĩnh Long,Xã An Ngãi Trung,10.0916931,106.5448581,49,Good,0,28.1,70,0.0,20.4,86,1013.8,100,8.5,10.9,205.0,3.3,76.0,1.8
2025-02-21 10:00:00,2025,2,21,10,Vĩnh Long,Xã An Ngãi Trung,10.0916931,106.5448581,48,Good,0,29.0,65,0.0,22.0,88,1014.1,100,7.9,10.2,198.0,2.3,82.0,1.7
2025-02-21 11:00:00,2025,2,21,11,Vĩnh Long,Xã An Ngãi Trung,10.0916931,106.5448581,46,Good,0,29.8,62,0.0,22.5,89,1013.4,100,7.1,9.4,194.0,1.7,86.0,1.5
2025-02-21 12:00:00,2025,2,21,12,Vĩnh Long,Xã An Ngãi Trung,10.0916931,106.5448581,44,Good,0,30.6,57,0.0,23.4,87,1012.6,100,6.7,8.9,191.0,1.3,88.0,1.2
2025-02-21 13:00:00,2025,2,21,13,Vĩnh Long,Xã An Ngãi Trung,10.0916931,106.5448581,42,Good,0,30.6,57,0.0,23.4,87,1011.6,100,6.8,8.9,188.0,1.1,90.0,1.0
2025-02-21 14:00:00,2025,2,21,14,Vĩnh Long,Xã An Ngãi Trung,10.0916931,106.5448581,40,Good,0,30.1,60,0.0,24.4,94,1010.7,100,7.1,9.3,185.0,1.0,91.0,1.0
2025-02-21 15:00:00,2025,2,21,15,Vĩnh Long,Xã An Ngãi Trung,10.0916931,106.5448581,39,Good,0,29.4,64,0.0,21.6,105,1010.0,100,7.4,9.8,183.0,1.2,91.0,1.1
2025-02-21 16:00:00,2025,2,21,16,Vĩnh Long,Xã An Ngãi Trung,10.0916931,106.5448581,39,Good,0,28.8,65,0.0,22.4,105,1009.9,57,8.1,10.7,183.0,1.6,91.0,1.3
2025-02-21 17:00:00,2025,2,21,17,Vĩnh Long,Xã An Ngãi Trung,10.0916931,106.5448581,40,Good,0,27.6,72,0.0,20.4,104,1010.5,59,9.1,11.8,188.0,2.6,91.0,1.6
2025-02-21 18:00:00,2025,2,21,18,Vĩnh Long,Xã An Ngãi Trung,10.0916931,106.5448581,41,Good,0,26.4,79,0.0,15.7,99,1011.1,73,10.4,13.3,195.0,3.9,90.0,2.0
2025-02-21 19:00:00,2025,2,21,19,Vĩnh Long,Xã An Ngãi Trung,10.0916931,106.5448581,42,Good,0,26.0,79,0.0,17.3,88,1011.6,18,13.1,16.7,200.0,5.3,86.0,2.4
2025-02-21 20:00:00,2025,2,21,20,Vĩnh Long,Xã An Ngãi Trung,10.0916931,106.5448581,42,Good,0,26.4,79,0.0,17.1,83,1012.4,100,12.5,16.0,199.0,5.3,85.0,2.3
2025-02-21 21:00:00,2025,2,21,21,Vĩnh Long,Xã An Ngãi Trung,10.0916931,106.5448581,41,Good,0,26.0,82,0.0,16.0,76,1012.8,100,12.2,15.5,195.0,5.3,83.0,2.2
2025-02-21 22:00:00,2025,2,21,22,Vĩnh Long,Xã An Ngãi Trung,10.0916931,106.5448581,41,Good,0,25.9,81,0.0,13.7,77,1013.3,54,11.9,15.1,192.0,6.0,80.0,2.3
2025-02-21 23:00:00,2025,2,21,23,Vĩnh Long,Xã An Ngãi Trung,10.0916931,106.5448581,40,Good,0,25.5,83,0.0,12.2,76,1013.1,81,12.3,15.2,190.0,7.6,75.0,2.5
2025-02-22 00:00:00,2025,2,22,0,Vĩnh Long,Xã An Ngãi Trung,10.0916931,106.5448581,39,Good,0,25.2,84,0.0,11.1,81,1012.7,97,13.3,16.1,189.0,9.9,68.0,3.0
2025-02-22 01:00:00,2025,2,22,1,Vĩnh Long,Xã An Ngãi Trung,10.0916931,106.5448581,38,Good,0,25.0,86,0.0,10.0,77,1012.3,100,15.7,18.4,196.0,12.8,61.0,3.8
2025-02-22 02:00:00,2025,2,22,2,Vĩnh Long,Xã An Ngãi Trung,10.0916931,106.5448581,39,Good,0,24.8,87,0.0,8.2,82,1011.8,100,19.3,21.9,213.0,17.0,52.0,5.3
2025-02-22 03:00:00,2025,2,22,3,Vĩnh Long,Xã An Ngãi Trung,10.0916931,106.5448581,41,Good,0,24.5,89,0.0,7.6,75,1011.3,98,24.6,27.3,237.0,21.8,42.0,7.2
2025-02-22 04:00:00,2025,2,22,4,Vĩnh Long,Xã An Ngãi Trung,10.0916931,106.5448581,44,Good,0,24.1,91,0.0,6.4,50,1011.2,100,30.7,33.5,268.0,25.6,35.0,9.1
2025-02-22 05:00:00,2025,2,22,5,Vĩnh Long,Xã An Ngãi Trung,10.0916931,106.5448581,48,Good,0,23.6,94,0.0,5.4,26,1011.5,100,38.8,41.7,315.0,28.2,29.0,11.0
2025-02-22 06:00:00,2025,2,22,6,Vĩnh Long,Xã An Ngãi Trung,10.0916931,106.5448581,52,Moderate,1,23.2,96,0.0,4.7,360,1012.0,100,45.2,48.2,369.0,29.6,27.0,12.9
2025-02-22 07:00:00,2025,2,22,7,Vĩnh Long,Xã An Ngãi Trung,10.0916931,106.5448581,55,Moderate,1,24.1,93,0.0,4.2,350,1012.6,100,30.9,34.1,406.0,22.9,38.0,8.4
2025-02-22 08:00:00,2025,2,22,8,Vĩnh Long,Xã An Ngãi Trung,10.0916931,106.5448581,57,Moderate,1,26.9,81,0.0,5.2,76,1013.5,100,24.4,28.3,421.0,18.2,56.0,8.0
2025-02-22 09:00:00,2025,2,22,9,Vĩnh Long,Xã An Ngãi Trung,10.0916931,106.5448581,59,Moderate,1,28.5,73,0.1,6.9,75,1014.1,100,21.5,25.8,419.0,11.7,81.0,7.5
2025-02-22 10:00:00,2025,2,22,10,Vĩnh Long,Xã An Ngãi Trung,10.0916931,106.5448581,60,Moderate,1,29.9,65,0.0,7.3,73,1014.0,100,19.4,23.7,396.0,6.5,99.0,6.5
2025-02-22 11:00:00,2025,2,22,11,Vĩnh Long,Xã An Ngãi Trung,10.0916931,106.5448581,61,Moderate,1,31.1,58,0.0,10.0,83,1013.2,100,14.6,18.0,335.0,3.8,105.0,4.8
2025-02-22 12:00:00,2025,2,22,12,Vĩnh Long,Xã An Ngãi Trung,10.0916931,106.5448581,61,Moderate,1,31.6,53,0.0,13.7,89,1012.3,100,9.7,12.3,253.0,2.3,104.0,2.7
2025-02-22 13:00:00,2025,2,22,13,Vĩnh Long,Xã An Ngãi Trung,10.0916931,106.5448581,62,Moderate,1,31.4,54,0.0,15.6,96,1011.1,89,7.1,9.2,194.0,1.5,102.0,1.2
2025-02-22 14:00:00,2025,2,22,14,Vĩnh Long,Xã An Ngãi Trung,10.0916931,106.5448581,62,Moderate,1,30.6,58,0.0,16.9,104,1010.0,98,6.1,8.0,183.0,1.2,99.0,0.8
2025-02-22 15:00:00,2025,2,22,15,Vĩnh Long,Xã An Ngãi Trung,10.0916931,106.5448581,62,Moderate,1,29.5,63,0.0,20.8,96,1009.4,97,6.6,8.5,196.0,1.5,94.0,1.0
2025-02-22 16:00:00,2025,2,22,16,Vĩnh Long,Xã An Ngãi Trung,10.0916931,106.5448581,61,Moderate,1,29.2,64,0.1,24.3,81,1009.8,78,6.4,8.3,204.0,2.0,89.0,1.3
2025-02-22 17:00:00,2025,2,22,17,Vĩnh Long,Xã An Ngãi Trung,10.0916931,106.5448581,61,Moderate,1,28.0,73,0.0,22.3,81,1010.6,93,6.4,8.1,196.0,2.7,86.0,1.4
2025-02-22 18:00:00,2025,2,22,18,Vĩnh Long,Xã An Ngãi Trung,10.0916931,106.5448581,61,Moderate,1,26.6,79,0.0,21.2,78,1011.2,100,7.0,8.7,185.0,3.7,83.0,1.6
2025-02-22 19:00:00,2025,2,22,19,Vĩnh Long,Xã An Ngãi Trung,10.0916931,106.5448581,61,Moderate,1,26.4,80,0.0,20.6,72,1011.8,100,8.8,10.7,177.0,5.7,80.0,2.1
2025-02-22 20:00:00,2025,2,22,20,Vĩnh Long,Xã An Ngãi Trung,10.0916931,106.5448581,60,Moderate,1,26.7,77,0.0,21.6,77,1012.4,100,7.4,9.0,178.0,5.8,77.0,2.0
2025-02-22 21:00:00,2025,2,22,21,Vĩnh Long,Xã An Ngãi Trung,10.0916931,106.5448581,60,Moderate,1,26.6,78,0.0,20.0,75,1012.8,100,6.4,7.7,182.0,5.9,73.0,1.9
2025-02-22 22:00:00,2025,2,22,22,Vĩnh Long,Xã An Ngãi Trung,10.0916931,106.5448581,59,Moderate,1,26.2,80,0.0,19.8,74,1012.8,100,5.7,6.7,185.0,5.8,70.0,1.7
2025-02-22 23:00:00,2025,2,22,23,Vĩnh Long,Xã An Ngãi Trung,10.0916931,106.5448581,59,Moderate,1,26.0,81,0.0,19.6,77,1013.1,100,5.0,5.8,184.0,5.4,70.0,1.5
2025-02-23 00:00:00,2025,2,23,0,Vĩnh Long,Xã An Ngãi Trung,10.0916931,106.5448581,58,Moderate,1,26.0,81,0.0,19.5,78,1013.0,100,4.5,5.3,182.0,4.9,70.0,1.3
2025-02-23 01:00:00,2025,2,23,1,Vĩnh Long,Xã An Ngãi Trung,10.0916931,106.5448581,57,Moderate,1,26.0,80,0.0,20.0,77,1012.7,100,4.3,5.1,180.0,4.6,71.0,1.2
2025-02-23 02:00:00,2025,2,23,2,Vĩnh Long,Xã An Ngãi Trung,10.0916931,106.5448581,56,Moderate,1,26.0,80,0.0,19.1,76,1012.5,100,4.5,5.4,178.0,4.5,71.0,1.1
2025-02-23 03:00:00,2025,2,23,3,Vĩnh Long,Xã An Ngãi Trung,10.0916931,106.5448581,55,Moderate,1,26.0,80,0.0,18.6,80,1012.1,100,5.3,6.6,177.0,4.6,71.0,1.2
2025-02-23 04:00:00,2025,2,23,4,Vĩnh Long,Xã An Ngãi Trung,10.0916931,106.5448581,53,Moderate,1,25.8,82,0.0,19.3,85,1011.9,100,5.0,6.1,183.0,4.9,70.0,1.3
2025-02-23 05:00:00,2025,2,23,5,Vĩnh Long,Xã An Ngãi Trung,10.0916931,106.5448581,51,Moderate,1,25.4,84,0.0,18.9,80,1012.1,100,5.2,6.2,207.0,5.8,67.0,1.7
2025-02-23 06:00:00,2025,2,23,6,Vĩnh Long,Xã An Ngãi Trung,10.0916931,106.5448581,46,Good,0,25.4,84,0.0,16.8,74,1012.6,100,5.5,6.5,237.0,7.0,64.0,2.3
2025-02-23 07:00:00,2025,2,23,7,Vĩnh Long,Xã An Ngãi Trung,10.0916931,106.5448581,40,Good,0,26.0,81,0.0,17.4,73,1013.5,100,8.5,10.0,251.0,6.9,65.0,2.2
2025-02-23 08:00:00,2025,2,23,8,Vĩnh Long,Xã An Ngãi Trung,10.0916931,106.5448581,36,Good,0,27.1,76,0.0,23.7,76,1014.1,100,8.0,9.5,231.0,5.6,70.0,2.0
2025-02-23 09:00:00,2025,2,23,9,Vĩnh Long,Xã An Ngãi Trung,10.0916931,106.5448581,33,Good,0,28.4,67,0.0,26.3,74,1015.0,100,7.0,8.8,194.0,3.9,77.0,1.8
2025-02-23 10:00:00,2025,2,23,10,Vĩnh Long,Xã An Ngãi Trung,10.0916931,106.5448581,32,Good,0,28.2,68,0.1,30.2,78,1015.5,100,7.0,9.1,166.0,2.5,83.0,1.6
2025-02-23 11:00:00,2025,2,23,11,Vĩnh Long,Xã An Ngãi Trung,10.0916931,106.5448581,33,Good,0,27.7,72,0.1,28.7,80,1015.0,100,6.4,8.5,158.0,1.7,88.0,1.4
2025-02-23 12:00:00,2025,2,23,12,Vĩnh Long,Xã An Ngãi Trung,10.0916931,106.5448581,34,Good,0,27.5,76,1.0,24.1,70,1013.9,93,6.3,8.4,159.0,1.3,92.0,1.3
2025-02-23 13:00:00,2025,2,23,13,Vĩnh Long,Xã An Ngãi Trung,10.0916931,106.5448581,35,Good,0,28.1,73,0.2,25.5,81,1012.7,95,6.4,8.5,160.0,1.1,95.0,1.2
2025-02-23 14:00:00,2025,2,23,14,Vĩnh Long,Xã An Ngãi Trung,10.0916931,106.5448581,37,Good,0,29.1,66,0.0,28.6,84,1011.4,92,6.2,8.1,159.0,1.1,96.0,1.2
2025-02-23 15:00:00,2025,2,23,15,Vĩnh Long,Xã An Ngãi Trung,10.0916931,106.5448581,39,Good,0,28.5,70,0.5,28.1,90,1010.7,49,6.2,8.1,159.0,1.3,95.0,1.2
2025-02-23 16:00:00,2025,2,23,16,Vĩnh Long,Xã An Ngãi Trung,10.0916931,106.5448581,40,Good,0,28.0,72,0.4,27.3,86,1010.8,66,6.1,7.9,160.0,1.8,93.0,1.3
2025-02-23 17:00:00,2025,2,23,17,Vĩnh Long,Xã An Ngãi Trung,10.0916931,106.5448581,42,Good,0,27.5,73,0.0,23.6,87,1011.2,93,6.4,8.1,164.0,2.6,90.0,1.4
2025-02-23 18:00:00,2025,2,23,18,Vĩnh Long,Xã An Ngãi Trung,10.0916931,106.5448581,42,Good,0,26.3,79,0.0,24.2,86,1011.7,31,6.7,8.3,169.0,3.6,86.0,1.4
2025-02-23 19:00:00,2025,2,23,19,Vĩnh Long,Xã An Ngãi Trung,10.0916931,106.5448581,43,Good,0,26.2,78,0.0,24.5,79,1012.3,26,6.7,8.1,173.0,4.8,85.0,1.8
2025-02-23 20:00:00,2025,2,23,20,Vĩnh Long,Xã An Ngãi Trung,10.0916931,106.5448581,42,Good,0,27.0,74,0.0,20.9,73,1013.2,48,6.5,7.8,176.0,5.1,82.0,1.9
2025-02-23 21:00:00,2025,2,23,21,Vĩnh Long,Xã An Ngãi Trung,10.0916931,106.5448581,42,Good,0,26.9,74,0.0,22.4,76,1013.9,41,6.3,7.4,178.0,5.6,78.0,2.0
2025-02-23 22:00:00,2025,2,23,22,Vĩnh Long,Xã An Ngãi Trung,10.0916931,106.5448581,41,Good,0,26.5,78,0.0,21.7,80,1014.6,98,5.6,6.7,180.0,5.8,74.0,2.0
2025-02-23 23:00:00,2025,2,23,23,Vĩnh Long,Xã An Ngãi Trung,10.0916931,106.5448581,40,Good,0,26.1,81,0.0,24.9,77,1014.6,100,4.9,5.9,183.0,5.5,72.0,1.8
2025-02-24 00:00:00,2025,2,24,0,Vĩnh Long,Xã An Ngãi Trung,10.0916931,106.5448581,38,Good,0,26.2,79,0.0,24.1,76,1014.2,100,4.5,5.4,186.0,4.9,71.0,1.4
2025-02-24 01:00:00,2025,2,24,1,Vĩnh Long,Xã An Ngãi Trung,10.0916931,106.5448581,37,Good,0,26.0,80,0.0,21.9,76,1013.7,74,4.7,5.7,187.0,4.4,70.0,1.2
2025-02-24 02:00:00,2025,2,24,2,Vĩnh Long,Xã An Ngãi Trung,10.0916931,106.5448581,36,Good,0,25.8,80,0.0,22.4,78,1013.0,47,5.5,6.8,184.0,4.2,69.0,1.1
2025-02-24 03:00:00,2025,2,24,3,Vĩnh Long,Xã An Ngãi Trung,10.0916931,106.5448581,35,Good,0,25.7,80,0.0,23.1,77,1012.2,68,6.5,8.1,180.0,4.1,69.0,1.1
2025-02-24 04:00:00,2025,2,24,4,Vĩnh Long,Xã An Ngãi Trung,10.0916931,106.5448581,34,Good,0,25.6,80,0.0,22.9,77,1011.9,99,7.3,9.1,177.0,4.2,68.0,1.2
2025-02-24 05:00:00,2025,2,24,5,Vĩnh Long,Xã An Ngãi Trung,10.0916931,106.5448581,33,Good,0,25.5,80,0.0,23.4,76,1012.4,100,7.8,9.7,178.0,4.5,67.0,1.4
2025-02-24 06:00:00,2025,2,24,6,Vĩnh Long,Xã An Ngãi Trung,10.0916931,106.5448581,32,Good,0,25.5,81,0.0,23.3,75,1013.2,100,7.9,9.9,181.0,5.0,66.0,1.7
2025-02-24 07:00:00,2025,2,24,7,Vĩnh Long,Xã An Ngãi Trung,10.0916931,106.5448581,32,Good,0,25.9,80,0.0,24.2,75,1014.0,100,9.7,12.2,182.0,4.1,70.0,1.4
2025-02-24 08:00:00,2025,2,24,8,Vĩnh Long,Xã An Ngãi Trung,10.0916931,106.5448581,32,Good,0,27.3,74,0.0,26.8,75,1014.8,28,9.8,12.3,177.0,3.6,72.0,1.4
2025-02-24 09:00:00,2025,2,24,9,Vĩnh Long,Xã An Ngãi Trung,10.0916931,106.5448581,32,Good,0,28.4,68,0.0,29.7,77,1015.7,38,9.2,12.0,169.0,3.0,76.0,1.4
2025-02-24 10:00:00,2025,2,24,10,Vĩnh Long,Xã An Ngãi Trung,10.0916931,106.5448581,32,Good,0,29.1,64,0.0,30.9,80,1016.0,71,8.4,11.1,164.0,2.4,80.0,1.3
2025-02-24 11:00:00,2025,2,24,11,Vĩnh Long,Xã An Ngãi Trung,10.0916931,106.5448581,33,Good,0,29.2,63,0.0,32.6,83,1015.3,96,8.4,11.1,164.0,1.8,85.0,1.2
2025-02-24 12:00:00,2025,2,24,12,Vĩnh Long,Xã An Ngãi Trung,10.0916931,106.5448581,34,Good,0,30.0,59,0.0,34.9,84,1014.4,76,8.8,11.8,166.0,1.3,90.0,1.1
2025-02-24 13:00:00,2025,2,24,13,Vĩnh Long,Xã An Ngãi Trung,10.0916931,106.5448581,35,Good,0,29.7,61,0.0,33.8,85,1013.7,94,9.1,12.1,170.0,1.0,93.0,1.0
2025-02-24 14:00:00,2025,2,24,14,Vĩnh Long,Xã An Ngãi Trung,10.0916931,106.5448581,37,Good,0,29.7,61,0.0,33.0,87,1012.6,28,8.9,11.8,175.0,1.0,94.0,1.0
2025-02-24 15:00:00,2025,2,24,15,Vĩnh Long,Xã An Ngãi Trung,10.0916931,106.5448581,38,Good,0,29.5,63,0.0,32.4,88,1011.3,68,8.9,11.6,182.0,1.3,94.0,1.1
2025-02-24 16:00:00,2025,2,24,16,Vĩnh Long,Xã An Ngãi Trung,10.0916931,106.5448581,40,Good,0,28.5,68,0.0,28.4,89,1011.4,87,9.2,11.9,189.0,1.7,93.0,1.2
2025-02-24 17:00:00,2025,2,24,17,Vĩnh Long,Xã An Ngãi Trung,10.0916931,106.5448581,41,Good,0,27.6,73,0.0,26.1,90,1011.5,71,9.6,12.3,195.0,2.4,91.0,1.3
2025-02-24 18:00:00,2025,2,24,18,Vĩnh Long,Xã An Ngãi Trung,10.0916931,106.5448581,42,Good,0,26.5,79,0.0,25.6,90,1011.7,24,10.0,12.6,201.0,3.3,88.0,1.5
2025-02-24 19:00:00,2025,2,24,19,Vĩnh Long,Xã An Ngãi Trung,10.0916931,106.5448581,42,Good,0,26.3,76,0.0,28.0,82,1012.5,69,10.3,13.0,206.0,4.4,84.0,1.7
2025-02-24 20:00:00,2025,2,24,20,Vĩnh Long,Xã An Ngãi Trung,10.0916931,106.5448581,42,Good,0,27.0,71,0.0,27.4,83,1013.7,12,9.5,11.8,210.0,4.4,83.0,1.7
2025-02-24 21:00:00,2025,2,24,21,Vĩnh Long,Xã An Ngãi Trung,10.0916931,106.5448581,42,Good,0,26.8,73,0.0,25.7,79,1014.4,3,8.7,10.9,213.0,4.5,81.0,1.6
2025-02-24 22:00:00,2025,2,24,22,Vĩnh Long,Xã An Ngãi Trung,10.0916931,106.5448581,41,Good,0,26.4,75,0.0,23.9,76,1015.0,2,8.4,10.4,216.0,4.8,78.0,1.7
2025-02-24 23:00:00,2025,2,24,23,Vĩnh Long,Xã An Ngãi Trung,10.0916931,106.5448581,40,Good,0,26.1,77,0.0,21.1,77,1015.2,4,8.5,10.3,220.0,5.6,75.0,2.0
2025-02-25 00:00:00,2025,2,25,0,Vĩnh Long,Xã An Ngãi Trung,10.0916931,106.5448581,39,Good,0,25.8,78,0.0,18.2,79,1014.9,5,8.7,10.3,225.0,6.7,71.0,2.3
2025-02-25 01:00:00,2025,2,25,1,Vĩnh Long,Xã An Ngãi Trung,10.0916931,106.5448581,38,Good,0,25.5,79,0.0,15.2,80,1014.3,18,9.0,10.6,227.0,7.6,68.0,2.6
2025-02-25 02:00:00,2025,2,25,2,Vĩnh Long,Xã An Ngãi Trung,10.0916931,106.5448581,36,Good,0,25.4,80,0.0,13.8,77,1013.8,40,9.4,11.0,224.0,7.9,67.0,2.5
2025-02-25 03:00:00,2025,2,25,3,Vĩnh Long,Xã An Ngãi Trung,10.0916931,106.5448581,37,Good,0,25.2,80,0.0,13.0,80,1013.4,64,9.7,11.4,220.0,8.0,68.0,2.3
2025-02-25 04:00:00,2025,2,25,4,Vĩnh Long,Xã An Ngãi Trung,10.0916931,106.5448581,37,Good,0,25.1,79,0.0,12.8,79,1013.1,85,9.9,11.6,221.0,8.7,67.0,2.6
2025-02-25 05:00:00,2025,2,25,5,Vĩnh Long,Xã An Ngãi Trung,10.0916931,106.5448581,38,Good,0,24.9,81,0.0,12.6,76,1013.3,85,10.5,12.1,234.0,11.2,62.0,3.9
2025-02-25 06:00:00,2025,2,25,6,Vĩnh Long,Xã An Ngãi Trung,10.0916931,106.5448581,38,Good,0,24.6,81,0.0,11.2,62,1013.9,78,12.2,13.8,253.0,14.3,57.0,5.7
2025-02-25 07:00:00,2025,2,25,7,Vĩnh Long,Xã An Ngãi Trung,10.0916931,106.5448581,39,Good,0,25.2,79,0.0,11.1,50,1014.5,97,7.2,8.1,264.0,8.5,71.0,3.2
2025-02-25 08:00:00,2025,2,25,8,Vĩnh Long,Xã An Ngãi Trung,10.0916931,106.5448581,39,Good,0,27.7,65,0.0,14.5,56,1015.4,37,9.8,11.1,261.0,7.7,79.0,4.0
2025-02-25 09:00:00,2025,2,25,9,Vĩnh Long,Xã An Ngãi Trung,10.0916931,106.5448581,39,Good,0,29.1,58,0.0,18.2,64,1016.0,10,10.6,12.4,252.0,6.5,90.0,5.1
2025-02-25 10:00:00,2025,2,25,10,Vĩnh Long,Xã An Ngãi Trung,10.0916931,106.5448581,39,Good,0,30.2,55,0.0,23.0,68,1016.5,77,10.3,12.5,241.0,5.3,98.0,5.5
2025-02-25 11:00:00,2025,2,25,11,Vĩnh Long,Xã An Ngãi Trung,10.0916931,106.5448581,39,Good,0,30.6,54,0.0,26.2,74,1015.8,78,9.0,11.3,230.0,3.9,102.0,4.4
2025-02-25 12:00:00,2025,2,25,12,Vĩnh Long,Xã An Ngãi Trung,10.0916931,106.5448581,39,Good,0,31.3,51,0.0,27.7,79,1014.7,93,7.9,10.4,219.0,2.3,104.0,2.6
2025-02-25 13:00:00,2025,2,25,13,Vĩnh Long,Xã An Ngãi Trung,10.0916931,106.5448581,39,Good,0,31.4,50,0.0,29.9,83,1014.0,75,7.2,9.5,211.0,1.3,104.0,1.2
2025-02-25 14:00:00,2025,2,25,14,Vĩnh Long,Xã An Ngãi Trung,10.0916931,106.5448581,41,Good,0,30.9,53,0.0,29.8,87,1012.9,93,7.3,9.7,210.0,1.0,103.0,0.9
2025-02-25 15:00:00,2025,2,25,15,Vĩnh Long,Xã An Ngãi Trung,10.0916931,106.5448581,44,Good,0,30.1,57,0.0,27.2,88,1012.3,97,7.6,10.1,213.0,1.3,102.0,1.1
2025-02-25 16:00:00,2025,2,25,16,Vĩnh Long,Xã An Ngãi Trung,10.0916931,106.5448581,45,Good,0,29.4,60,0.0,25.7,89,1012.2,95,7.9,10.4,217.0,1.8,99.0,1.3
2025-02-25 17:00:00,2025,2,25,17,Vĩnh Long,Xã An Ngãi Trung,10.0916931,106.5448581,46,Good,0,28.1,68,0.0,23.4,90,1012.2,95,8.3,10.8,221.0,2.7,95.0,1.5
2025-02-25 18:00:00,2025,2,25,18,Vĩnh Long,Xã An Ngãi Trung,10.0916931,106.5448581,47,Good,0,26.8,75,0.0,21.5,93,1012.8,88,9.0,11.4,227.0,3.9,91.0,1.7
2025-02-25 19:00:00,2025,2,25,19,Vĩnh Long,Xã An Ngãi Trung,10.0916931,106.5448581,46,Good,0,26.6,73,0.0,23.9,90,1013.5,0,11.3,14.4,232.0,5.0,89.0,2.0
2025-02-25 20:00:00,2025,2,25,20,Vĩnh Long,Xã An Ngãi Trung,10.0916931,106.5448581,46,Good,0,27.1,68,0.0,20.9,87,1014.7,92,10.0,12.7,236.0,4.9,87.0,1.9
2025-02-25 21:00:00,2025,2,25,21,Vĩnh Long,Xã An Ngãi Trung,10.0916931,106.5448581,45,Good,0,27.1,70,0.0,18.4,76,1015.7,31,9.2,11.6,240.0,4.8,84.0,1.8
2025-02-25 22:00:00,2025,2,25,22,Vĩnh Long,Xã An Ngãi Trung,10.0916931,106.5448581,43,Good,0,26.8,72,0.0,17.2,76,1016.2,82,8.7,10.9,243.0,4.8,81.0,1.7
2025-02-25 23:00:00,2025,2,25,23,Vĩnh Long,Xã An Ngãi Trung,10.0916931,106.5448581,42,Good,0,26.4,75,0.0,16.7,76,1016.2,95,8.4,10.4,245.0,5.2,78.0,1.6
2025-02-26 00:00:00,2025,2,26,0,Vĩnh Long,Xã An Ngãi Trung,10.0916931,106.5448581,41,Good,0,25.9,78,0.0,14.8,81,1015.9,97,8.1,10.0,246.0,5.7,74.0,1.6
2025-02-26 01:00:00,2025,2,26,1,Vĩnh Long,Xã An Ngãi Trung,10.0916931,106.5448581,39,Good,0,25.8,79,0.0,15.2,85,1014.7,100,8.2,10.0,246.0,6.2,71.0,1.6
2025-02-26 02:00:00,2025,2,26,2,Vĩnh Long,Xã An Ngãi Trung,10.0916931,106.5448581,38,Good,0,25.6,78,0.0,15.4,79,1014.0,100,8.5,10.3,244.0,6.4,69.0,1.6
2025-02-26 03:00:00,2025,2,26,3,Vĩnh Long,Xã An Ngãi Trung,10.0916931,106.5448581,38,Good,0,26.0,72,0.0,14.7,72,1013.3,100,8.7,10.4,241.0,6.5,68.0,1.7
2025-02-26 04:00:00,2025,2,26,4,Vĩnh Long,Xã An Ngãi Trung,10.0916931,106.5448581,37,Good,0,25.9,73,0.0,13.7,77,1012.9,100,8.5,10.2,242.0,6.6,67.0,1.8
2025-02-26 05:00:00,2025,2,26,5,Vĩnh Long,Xã An Ngãi Trung,10.0916931,106.5448581,37,Good,0,25.1,79,0.0,12.1,85,1013.0,100,8.1,9.7,252.0,7.0,65.0,2.0
2025-02-26 06:00:00,2025,2,26,6,Vĩnh Long,Xã An Ngãi Trung,10.0916931,106.5448581,37,Good,0,24.9,84,0.0,13.0,88,1013.5,100,8.0,9.6,266.0,7.3,64.0,2.2
2025-02-26 07:00:00,2025,2,26,7,Vĩnh Long,Xã An Ngãi Trung,10.0916931,106.5448581,36,Good,0,25.6,80,0.0,14.8,87,1014.4,100,10.6,12.6,274.0,7.3,66.0,2.3
2025-02-26 08:00:00,2025,2,26,8,Vĩnh Long,Xã An Ngãi Trung,10.0916931,106.5448581,37,Good,0,27.9,71,0.0,14.3,76,1015.2,93,10.6,12.8,269.0,6.0,74.0,2.2
2025-02-26 09:00:00,2025,2,26,9,Vĩnh Long,Xã An Ngãi Trung,10.0916931,106.5448581,37,Good,0,29.6,59,0.0,15.5,70,1015.8,100,9.9,12.4,258.0,4.2,85.0,2.1
2025-02-26 10:00:00,2025,2,26,10,Vĩnh Long,Xã An Ngãi Trung,10.0916931,106.5448581,37,Good,0,30.7,53,0.0,19.5,78,1016.2,99,9.2,11.9,248.0,2.7,94.0,1.9
2025-02-26 11:00:00,2025,2,26,11,Vĩnh Long,Xã An Ngãi Trung,10.0916931,106.5448581,36,Good,0,31.0,52,0.0,20.6,80,1015.8,15,8.4,11.1,242.0,1.9,100.0,1.6
2025-02-26 12:00:00,2025,2,26,12,Vĩnh Long,Xã An Ngãi Trung,10.0916931,106.5448581,36,Good,0,31.2,52,0.0,22.0,82,1014.9,17,7.9,10.5,238.0,1.5,104.0,1.2
2025-02-26 13:00:00,2025,2,26,13,Vĩnh Long,Xã An Ngãi Trung,10.0916931,106.5448581,38,Good,0,31.8,49,0.0,21.4,82,1013.8,90,7.8,10.4,235.0,1.3,106.0,1.0
2025-02-26 14:00:00,2025,2,26,14,Vĩnh Long,Xã An Ngãi Trung,10.0916931,106.5448581,40,Good,0,30.9,55,0.0,23.6,92,1012.9,64,7.8,10.4,232.0,1.4,106.0,1.0
2025-02-26 15:00:00,2025,2,26,15,Vĩnh Long,Xã An Ngãi Trung,10.0916931,106.5448581,43,Good,0,30.5,56,0.0,22.9,86,1011.9,99,7.7,10.1,230.0,1.7,105.0,1.1
2025-02-26 16:00:00,2025,2,26,16,Vĩnh Long,Xã An Ngãi Trung,10.0916931,106.5448581,45,Good,0,29.5,63,0.0,21.8,86,1011.9,99,7.7,10.0,229.0,2.2,102.0,1.3
2025-02-26 17:00:00,2025,2,26,17,Vĩnh Long,Xã An Ngãi Trung,10.0916931,106.5448581,46,Good,0,28.0,69,0.0,20.1,85,1012.0,100,8.1,10.3,229.0,3.1,98.0,1.5
2025-02-26 18:00:00,2025,2,26,18,Vĩnh Long,Xã An Ngãi Trung,10.0916931,106.5448581,47,Good,0,26.5,76,0.0,19.2,80,1012.4,99,9.1,11.3,231.0,4.3,94.0,1.7
2025-02-26 19:00:00,2025,2,26,19,Vĩnh Long,Xã An Ngãi Trung,10.0916931,106.5448581,47,Good,0,26.1,78,0.0,20.2,77,1013.0,100,8.8,11.0,232.0,4.9,89.0,1.7
2025-02-26 20:00:00,2025,2,26,20,Vĩnh Long,Xã An Ngãi Trung,10.0916931,106.5448581,47,Good,0,26.6,76,0.0,21.7,76,1014.0,100,8.8,10.9,233.0,5.3,88.0,1.8
2025-02-26 21:00:00,2025,2,26,21,Vĩnh Long,Xã An Ngãi Trung,10.0916931,106.5448581,46,Good,0,26.4,76,0.0,21.7,76,1014.3,100,9.0,11.1,233.0,5.9,86.0,2.0
2025-02-26 22:00:00,2025,2,26,22,Vĩnh Long,Xã An Ngãi Trung,10.0916931,106.5448581,45,Good,0,26.0,77,0.0,20.7,75,1014.0,44,9.3,11.3,233.0,6.3,84.0,2.0
2025-02-26 23:00:00,2025,2,26,23,Vĩnh Long,Xã An Ngãi Trung,10.0916931,106.5448581,43,Good,0,25.9,78,0.0,19.8,80,1014.0,100,9.1,11.1,233.0,6.2,82.0,1.8
2025-02-27 00:00:00,2025,2,27,0,Vĩnh Long,Xã An Ngãi Trung,10.0916931,106.5448581,42,Good,0,25.8,78,0.0,18.9,80,1013.4,99,8.5,10.4,232.0,5.8,81.0,1.5
2025-02-27 01:00:00,2025,2,27,1,Vĩnh Long,Xã An Ngãi Trung,10.0916931,106.5448581,41,Good,0,25.4,81,0.0,16.5,79,1012.8,56,8.2,10.2,231.0,5.6,79.0,1.3
2025-02-27 02:00:00,2025,2,27,2,Vĩnh Long,Xã An Ngãi Trung,10.0916931,106.5448581,40,Good,0,25.1,84,0.0,15.1,78,1012.5,100,8.3,10.3,228.0,5.7,77.0,1.3
2025-02-27 03:00:00,2025,2,27,3,Vĩnh Long,Xã An Ngãi Trung,10.0916931,106.5448581,39,Good,0,25.0,85,0.0,13.3,74,1011.9,100,8.6,10.6,224.0,6.0,75.0,1.4
2025-02-27 04:00:00,2025,2,27,4,Vĩnh Long,Xã An Ngãi Trung,10.0916931,106.5448581,38,Good,0,24.8,86,0.0,12.6,81,1011.8,89,8.9,10.9,224.0,6.2,73.0,1.5
2025-02-27 05:00:00,2025,2,27,5,Vĩnh Long,Xã An Ngãi Trung,10.0916931,106.5448581,37,Good,0,24.8,85,0.0,12.7,83,1011.8,3,9.1,11.1,231.0,6.3,71.0,1.7
2025-02-27 06:00:00,2025,2,27,6,Vĩnh Long,Xã An Ngãi Trung,10.0916931,106.5448581,36,Good,0,24.6,85,0.0,13.1,81,1012.3,5,9.3,11.6,240.0,6.4,68.0,1.8
2025-02-27 07:00:00,2025,2,27,7,Vĩnh Long,Xã An Ngãi Trung,10.0916931,106.5448581,37,Good,0,25.6,81,0.0,15.0,80,1013.0,5,8.5,10.1,245.0,7.0,67.0,2.1
2025-02-27 08:00:00,2025,2,27,8,Vĩnh Long,Xã An Ngãi Trung,10.0916931,106.5448581,36,Good,0,27.5,72,0.0,19.8,83,1013.7,98,9.3,11.6,239.0,5.5,74.0,1.8
2025-02-27 09:00:00,2025,2,27,9,Vĩnh Long,Xã An Ngãi Trung,10.0916931,106.5448581,36,Good,0,28.5,65,0.0,21.3,86,1014.2,100,9.1,11.8,228.0,3.4,84.0,1.4
2025-02-27 10:00:00,2025,2,27,10,Vĩnh Long,Xã An Ngãi Trung,10.0916931,106.5448581,36,Good,0,29.9,56,0.0,25.5,84,1014.5,80,8.6,11.5,219.0,1.8,92.0,1.1
2025-02-27 11:00:00,2025,2,27,11,Vĩnh Long,Xã An Ngãi Trung,10.0916931,106.5448581,36,Good,0,30.5,53,0.0,27.5,85,1014.1,24,8.1,10.8,214.0,1.2,95.0,1.0
2025-02-27 12:00:00,2025,2,27,12,Vĩnh Long,Xã An Ngãi Trung,10.0916931,106.5448581,36,Good,0,31.0,50,0.0,27.6,86,1013.1,28,7.8,10.5,211.0,1.1,97.0,0.9
2025-02-27 13:00:00,2025,2,27,13,Vĩnh Long,Xã An Ngãi Trung,10.0916931,106.5448581,38,Good,0,31.0,51,0.0,26.5,86,1011.8,15,7.9,10.6,209.0,1.1,97.0,0.9
2025-02-27 14:00:00,2025,2,27,14,Vĩnh Long,Xã An Ngãi Trung,10.0916931,106.5448581,39,Good,0,30.9,52,0.0,25.9,90,1010.6,24,7.9,10.6,208.0,1.2,96.0,1.0
2025-02-27 15:00:00,2025,2,27,15,Vĩnh Long,Xã An Ngãi Trung,10.0916931,106.5448581,41,Good,0,30.0,56,0.0,24.6,95,1009.9,27,8.1,10.8,209.0,1.4,95.0,1.1
2025-02-27 16:00:00,2025,2,27,16,Vĩnh Long,Xã An Ngãi Trung,10.0916931,106.5448581,42,Good,0,28.8,61,0.0,23.4,96,1009.6,21,8.6,11.3,210.0,1.9,93.0,1.2
2025-02-27 17:00:00,2025,2,27,17,Vĩnh Long,Xã An Ngãi Trung,10.0916931,106.5448581,43,Good,0,27.6,67,0.0,22.6,100,1010.0,28,9.3,12.1,212.0,2.8,92.0,1.4
2025-02-27 18:00:00,2025,2,27,18,Vĩnh Long,Xã An Ngãi Trung,10.0916931,106.5448581,44,Good,0,26.5,74,0.0,19.6,101,1010.4,3,10.3,13.1,215.0,3.8,91.0,1.6
2025-02-27 19:00:00,2025,2,27,19,Vĩnh Long,Xã An Ngãi Trung,10.0916931,106.5448581,44,Good,0,26.0,77,0.0,19.0,95,1010.9,0,10.7,13.5,216.0,4.9,86.0,2.0
2025-02-27 20:00:00,2025,2,27,20,Vĩnh Long,Xã An Ngãi Trung,10.0916931,106.5448581,43,Good,0,25.9,78,0.0,18.6,93,1011.7,6,10.0,12.6,215.0,5.1,84.0,2.0
2025-02-27 21:00:00,2025,2,27,21,Vĩnh Long,Xã An Ngãi Trung,10.0916931,106.5448581,43,Good,0,26.0,77,0.0,19.3,91,1012.2,11,9.9,12.4,213.0,5.3,82.0,2.0
2025-02-27 22:00:00,2025,2,27,22,Vĩnh Long,Xã An Ngãi Trung,10.0916931,106.5448581,42,Good,0,25.8,78,0.0,18.4,87,1013.0,15,10.1,12.6,210.0,5.5,80.0,2.0
2025-02-27 23:00:00,2025,2,27,23,Vĩnh Long,Xã An Ngãi Trung,10.0916931,106.5448581,41,Good,0,25.5,79,0.0,18.0,89,1013.0,13,10.4,13.0,206.0,5.6,78.0,1.8
2025-02-28 00:00:00,2025,2,28,0,Vĩnh Long,Xã An Ngãi Trung,10.0916931,106.5448581,40,Good,0,25.5,77,0.0,17.6,92,1012.9,16,10.4,13.1,202.0,5.7,77.0,1.6
2025-02-28 01:00:00,2025,2,28,1,Vĩnh Long,Xã An Ngãi Trung,10.0916931,106.5448581,39,Good,0,25.2,78,0.0,17.2,97,1012.2,22,10.5,13.4,199.0,5.7,76.0,1.4
2025-02-28 02:00:00,2025,2,28,2,Vĩnh Long,Xã An Ngãi Trung,10.0916931,106.5448581,38,Good,0,25.1,79,0.0,17.1,102,1011.5,22,10.5,13.4,197.0,5.6,75.0,1.3
2025-02-28 03:00:00,2025,2,28,3,Vĩnh Long,Xã An Ngãi Trung,10.0916931,106.5448581,39,Good,0,25.0,80,0.0,16.9,104,1010.9,11,10.4,13.3,196.0,5.4,74.0,1.3
2025-02-28 04:00:00,2025,2,28,4,Vĩnh Long,Xã An Ngãi Trung,10.0916931,106.5448581,39,Good,0,24.9,81,0.0,16.3,101,1010.6,1,10.2,13.1,199.0,5.3,73.0,1.3
2025-02-28 05:00:00,2025,2,28,5,Vĩnh Long,Xã An Ngãi Trung,10.0916931,106.5448581,39,Good,0,24.5,85,0.0,15.4,95,1011.0,0,10.1,12.8,209.0,5.7,71.0,1.5
2025-02-28 06:00:00,2025,2,28,6,Vĩnh Long,Xã An Ngãi Trung,10.0916931,106.5448581,39,Good,0,24.5,85,0.0,15.3,94,1011.8,0,10.0,12.7,222.0,6.2,70.0,1.8
2025-02-28 07:00:00,2025,2,28,7,Vĩnh Long,Xã An Ngãi Trung,10.0916931,106.5448581,39,Good,0,25.5,81,0.0,16.2,94,1012.5,0,9.7,12.2,229.0,5.6,72.0,1.8
2025-02-28 08:00:00,2025,2,28,8,Vĩnh Long,Xã An Ngãi Trung,10.0916931,106.5448581,40,Good,0,27.4,73,0.0,19.3,95,1013.2,0,10.0,12.8,224.0,4.5,77.0,1.6
2025-02-28 09:00:00,2025,2,28,9,Vĩnh Long,Xã An Ngãi Trung,10.0916931,106.5448581,40,Good,0,28.9,63,0.0,22.1,91,1013.8,0,9.1,11.9,212.0,3.0,85.0,1.4
2025-02-28 10:00:00,2025,2,28,10,Vĩnh Long,Xã An Ngãi Trung,10.0916931,106.5448581,40,Good,0,30.0,59,0.0,23.2,90,1014.1,0,8.3,11.0,203.0,1.9,91.0,1.2
2025-02-28 11:00:00,2025,2,28,11,Vĩnh Long,Xã An Ngãi Trung,10.0916931,106.5448581,40,Good,0,30.9,53,0.0,22.7,90,1013.6,89,7.7,10.3,199.0,1.4,94.0,1.1
2025-02-28 12:00:00,2025,2,28,12,Vĩnh Long,Xã An Ngãi Trung,10.0916931,106.5448581,40,Good,0,31.4,51,0.0,21.2,90,1012.7,96,7.5,10.0,197.0,1.2,95.0,1.0
2025-02-28 13:00:00,2025,2,28,13,Vĩnh Long,Xã An Ngãi Trung,10.0916931,106.5448581,40,Good,0,31.6,50,0.0,21.1,92,1011.5,10,7.3,9.7,196.0,1.2,95.0,1.0
2025-02-28 14:00:00,2025,2,28,14,Vĩnh Long,Xã An Ngãi Trung,10.0916931,106.5448581,39,Good,0,31.2,50,0.0,20.9,97,1010.2,23,7.2,9.5,195.0,1.2,94.0,1.0
2025-02-28 15:00:00,2025,2,28,15,Vĩnh Long,Xã An Ngãi Trung,10.0916931,106.5448581,41,Good,0,30.5,52,0.0,20.2,101,1009.5,44,7.2,9.4,194.0,1.3,92.0,1.1
2025-02-28 16:00:00,2025,2,28,16,Vĩnh Long,Xã An Ngãi Trung,10.0916931,106.5448581,42,Good,0,29.6,55,0.0,20.2,102,1008.8,89,7.4,9.6,195.0,1.8,90.0,1.2
2025-02-28 17:00:00,2025,2,28,17,Vĩnh Long,Xã An Ngãi Trung,10.0916931,106.5448581,43,Good,0,27.9,63,0.0,17.9,96,1009.1,67,8.1,10.4,199.0,3.0,88.0,1.5
2025-02-28 18:00:00,2025,2,28,18,Vĩnh Long,Xã An Ngãi Trung,10.0916931,106.5448581,43,Good,0,26.4,77,0.0,14.6,100,1009.6,0,9.9,12.5,205.0,4.6,87.0,1.9
2025-02-28 19:00:00,2025,2,28,19,Vĩnh Long,Xã An Ngãi Trung,10.0916931,106.5448581,43,Good,0,25.8,77,0.0,15.8,97,1010.2,88,10.6,13.2,208.0,5.8,83.0,2.3
2025-02-28 20:00:00,2025,2,28,20,Vĩnh Long,Xã An Ngãi Trung,10.0916931,106.5448581,42,Good,0,25.7,79,0.0,16.9,102,1011.1,84,10.4,13.0,207.0,5.6,82.0,2.2
2025-02-28 21:00:00,2025,2,28,21,Vĩnh Long,Xã An Ngãi Trung,10.0916931,106.5448581,41,Good,0,25.5,82,0.0,18.1,99,1011.9,77,10.1,12.6,205.0,5.4,81.0,2.1
2025-02-28 22:00:00,2025,2,28,22,Vĩnh Long,Xã An Ngãi Trung,10.0916931,106.5448581,40,Good,0,25.2,84,0.0,18.8,99,1012.6,100,9.7,12.1,201.0,5.2,79.0,2.0
2025-02-28 23:00:00,2025,2,28,23,Vĩnh Long,Xã An Ngãi Trung,10.0916931,106.5448581,40,Good,0,25.0,87,0.0,18.7,97,1012.7,95,9.1,11.4,197.0,5.0,76.0,1.8
2025-03-01 00:00:00,2025,3,1,0,Vĩnh Long,Xã An Ngãi Trung,10.0916931,106.5448581,39,Good,0,25.0,87,0.0,17.7,100,1012.4,98,8.7,11.1,192.0,4.9,72.0,1.5
2025-03-01 01:00:00,2025,3,1,1,Vĩnh Long,Xã An Ngãi Trung,10.0916931,106.5448581,38,Good,0,24.6,89,0.0,17.9,100,1011.8,99,8.8,11.3,188.0,4.8,69.0,1.3
2025-03-01 02:00:00,2025,3,1,2,Vĩnh Long,Xã An Ngãi Trung,10.0916931,106.5448581,38,Good,0,24.6,88,0.0,17.4,100,1011.2,100,9.1,11.7,185.0,4.9,67.0,1.2
2025-03-01 03:00:00,2025,3,1,3,Vĩnh Long,Xã An Ngãi Trung,10.0916931,106.5448581,38,Good,0,24.6,87,0.0,16.8,99,1011.0,94,9.4,12.0,183.0,5.1,65.0,1.2
2025-03-01 04:00:00,2025,3,1,4,Vĩnh Long,Xã An Ngãi Trung,10.0916931,106.5448581,37,Good,0,24.5,85,0.0,15.9,100,1010.5,92,9.5,12.2,185.0,5.3,64.0,1.3
2025-03-01 05:00:00,2025,3,1,5,Vĩnh Long,Xã An Ngãi Trung,10.0916931,106.5448581,37,Good,0,24.4,86,0.0,15.1,102,1010.2,16,9.8,12.5,196.0,5.8,62.0,1.6
2025-03-01 06:00:00,2025,3,1,6,Vĩnh Long,Xã An Ngãi Trung,10.0916931,106.5448581,37,Good,0,24.5,84,0.0,15.1,102,1010.8,2,10.2,12.9,211.0,6.4,59.0,1.9
2025-03-01 07:00:00,2025,3,1,7,Vĩnh Long,Xã An Ngãi Trung,10.0916931,106.5448581,37,Good,0,25.4,80,0.0,14.7,101,1011.3,2,11.0,14.0,219.0,6.0,62.0,2.0
2025-03-01 08:00:00,2025,3,1,8,Vĩnh Long,Xã An Ngãi Trung,10.0916931,106.5448581,38,Good,0,27.3,70,0.0,20.1,99,1011.9,24,10.0,13.2,212.0,4.7,68.0,1.8
2025-03-01 09:00:00,2025,3,1,9,Vĩnh Long,Xã An Ngãi Trung,10.0916931,106.5448581,38,Good,0,28.5,63,0.0,20.9,93,1012.8,97,9.0,12.0,197.0,3.0,77.0,1.5
2025-03-01 10:00:00,2025,3,1,10,Vĩnh Long,Xã An Ngãi Trung,10.0916931,106.5448581,38,Good,0,29.5,59,0.0,20.3,91,1013.1,64,8.4,11.3,185.0,1.7,84.0,1.3
2025-03-01 11:00:00,2025,3,1,11,Vĩnh Long,Xã An Ngãi Trung,10.0916931,106.5448581,38,Good,0,30.2,56,0.0,20.3,96,1012.6,1,7.9,10.6,181.0,1.2,88.0,1.2
2025-03-01 12:00:00,2025,3,1,12,Vĩnh Long,Xã An Ngãi Trung,10.0916931,106.5448581,38,Good,0,30.6,55,0.0,20.5,100,1011.3,4,7.5,10.1,180.0,1.1,90.0,1.1
2025-03-01 13:00:00,2025,3,1,13,Vĩnh Long,Xã An Ngãi Trung,10.0916931,106.5448581,38,Good,0,30.6,53,0.0,19.8,106,1010.5,2,7.4,9.9,180.0,1.1,91.0,1.1
2025-03-01 14:00:00,2025,3,1,14,Vĩnh Long,Xã An Ngãi Trung,10.0916931,106.5448581,38,Good,0,30.5,52,0.0,17.2,113,1009.5,3,7.2,9.6,179.0,1.1,92.0,1.1
2025-03-01 15:00:00,2025,3,1,15,Vĩnh Long,Xã An Ngãi Trung,10.0916931,106.5448581,38,Good,0,29.9,57,0.0,17.5,118,1008.5,1,7.1,9.4,179.0,1.1,92.0,1.1
2025-03-01 16:00:00,2025,3,1,16,Vĩnh Long,Xã An Ngãi Trung,10.0916931,106.5448581,40,Good,0,28.9,58,0.0,17.3,111,1008.0,17,7.3,9.7,180.0,1.7,90.0,1.2
2025-03-01 17:00:00,2025,3,1,17,Vĩnh Long,Xã An Ngãi Trung,10.0916931,106.5448581,41,Good,0,27.5,69,0.0,17.0,118,1007.9,95,8.1,10.7,184.0,3.1,86.0,1.6
2025-03-01 18:00:00,2025,3,1,18,Vĩnh Long,Xã An Ngãi Trung,10.0916931,106.5448581,41,Good,0,25.8,81,0.0,13.7,117,1008.2,28,9.7,12.5,190.0,5.0,81.0,2.1
2025-03-01 19:00:00,2025,3,1,19,Vĩnh Long,Xã An Ngãi Trung,10.0916931,106.5448581,41,Good,0,25.3,83,0.0,11.5,110,1008.8,19,11.7,14.3,194.0,6.7,75.0,2.7
2025-03-01 20:00:00,2025,3,1,20,Vĩnh Long,Xã An Ngãi Trung,10.0916931,106.5448581,40,Good,0,25.5,85,0.0,10.1,107,1010.2,8,13.4,16.1,197.0,7.2,73.0,3.0
2025-03-01 21:00:00,2025,3,1,21,Vĩnh Long,Xã An Ngãi Trung,10.0916931,106.5448581,39,Good,0,25.2,86,0.0,10.0,103,1010.7,58,14.9,17.7,198.0,7.8,71.0,3.3
2025-03-01 22:00:00,2025,3,1,22,Vĩnh Long,Xã An Ngãi Trung,10.0916931,106.5448581,39,Good,0,25.1,87,0.0,11.3,97,1011.1,78,15.3,18.2,196.0,8.0,69.0,3.4
2025-03-01 23:00:00,2025,3,1,23,Vĩnh Long,Xã An Ngãi Trung,10.0916931,106.5448581,40,Good,0,25.0,88,0.0,12.4,99,1011.3,99,14.1,17.0,188.0,7.5,69.0,3.0
2025-03-02 00:00:00,2025,3,2,0,Vĩnh Long,Xã An Ngãi Trung,10.0916931,106.5448581,41,Good,0,24.7,89,0.0,11.4,94,1010.9,100,12.4,15.2,178.0,6.5,70.0,2.3
2025-03-02 01:00:00,2025,3,2,1,Vĩnh Long,Xã An Ngãi Trung,10.0916931,106.5448581,42,Good,0,24.5,88,0.0,12.0,102,1010.3,35,11.7,14.4,170.0,5.9,71.0,1.8
2025-03-02 02:00:00,2025,3,2,2,Vĩnh Long,Xã An Ngãi Trung,10.0916931,106.5448581,42,Good,0,24.5,87,0.0,12.7,102,1009.6,68,11.8,14.5,167.0,5.9,70.0,1.7
2025-03-02 03:00:00,2025,3,2,3,Vĩnh Long,Xã An Ngãi Trung,10.0916931,106.5448581,42,Good,0,24.4,88,0.0,12.5,101,1009.3,94,12.0,14.7,167.0,6.1,69.0,1.7
2025-03-02 04:00:00,2025,3,2,4,Vĩnh Long,Xã An Ngãi Trung,10.0916931,106.5448581,43,Good,0,24.2,89,0.0,10.8,100,1009.2,93,11.9,14.6,170.0,6.4,68.0,1.8
2025-03-02 05:00:00,2025,3,2,5,Vĩnh Long,Xã An Ngãi Trung,10.0916931,106.5448581,43,Good,0,24.3,88,0.0,11.1,97,1009.5,96,11.8,14.5,180.0,6.8,67.0,2.1
2025-03-02 06:00:00,2025,3,2,6,Vĩnh Long,Xã An Ngãi Trung,10.0916931,106.5448581,44,Good,0,24.4,87,0.0,12.6,92,1010.0,87,12.2,15.0,194.0,7.2,66.0,2.4
2025-03-02 07:00:00,2025,3,2,7,Vĩnh Long,Xã An Ngãi Trung,10.0916931,106.5448581,44,Good,0,25.4,82,0.0,14.7,96,1010.6,13,14.8,18.5,200.0,7.1,67.0,2.5
2025-03-02 08:00:00,2025,3,2,8,Vĩnh Long,Xã An Ngãi Trung,10.0916931,106.5448581,45,Good,0,26.8,74,0.0,17.8,96,1011.1,97,13.0,17.3,191.0,5.5,75.0,2.1
2025-03-02 09:00:00,2025,3,2,9,Vĩnh Long,Xã An Ngãi Trung,10.0916931,106.5448581,45,Good,0,28.2,65,0.0,18.9,98,1011.6,32,12.2,16.6,175.0,3.3,85.0,1.6
2025-03-02 10:00:00,2025,3,2,10,Vĩnh Long,Xã An Ngãi Trung,10.0916931,106.5448581,46,Good,0,29.5,58,0.0,19.6,98,1011.9,55,11.7,15.9,162.0,1.6,93.0,1.2
2025-03-02 11:00:00,2025,3,2,11,Vĩnh Long,Xã An Ngãi Trung,10.0916931,106.5448581,46,Good,0,30.2,55,0.0,19.4,100,1011.4,88,11.6,15.9,158.0,1.0,96.0,1.1
2025-03-02 12:00:00,2025,3,2,12,Vĩnh Long,Xã An Ngãi Trung,10.0916931,106.5448581,47,Good,0,30.6,53,0.0,18.4,101,1010.5,96,11.6,15.9,159.0,1.0,96.0,1.1
2025-03-02 13:00:00,2025,3,2,13,Vĩnh Long,Xã An Ngãi Trung,10.0916931,106.5448581,48,Good,0,31.0,52,0.0,17.2,97,1009.5,26,11.4,15.7,160.0,1.1,96.0,1.1
2025-03-02 14:00:00,2025,3,2,14,Vĩnh Long,Xã An Ngãi Trung,10.0916931,106.5448581,48,Good,0,30.8,51,0.0,16.4,103,1008.5,0,11.1,15.3,160.0,1.0,95.0,1.1
2025-03-02 15:00:00,2025,3,2,15,Vĩnh Long,Xã An Ngãi Trung,10.0916931,106.5448581,49,Good,0,30.5,50,0.0,15.5,105,1007.8,70,10.9,15.0,160.0,1.0,93.0,1.1
2025-03-02 16:00:00,2025,3,2,16,Vĩnh Long,Xã An Ngãi Trung,10.0916931,106.5448581,50,Good,0,29.6,55,0.0,15.7,117,1007.5,95,10.9,14.9,163.0,1.6,91.0,1.3
2025-03-02 17:00:00,2025,3,2,17,Vĩnh Long,Xã An Ngãi Trung,10.0916931,106.5448581,50,Good,0,28.1,62,0.0,15.1,126,1007.4,79,11.1,15.2,171.0,3.3,87.0,1.8
2025-03-02 18:00:00,2025,3,2,18,Vĩnh Long,Xã An Ngãi Trung,10.0916931,106.5448581,50,Good,0,26.8,69,0.0,11.9,122,1007.5,63,12.5,16.4,182.0,5.6,83.0,2.5
2025-03-02 19:00:00,2025,3,2,19,Vĩnh Long,Xã An Ngãi Trung,10.0916931,106.5448581,51,Moderate,1,26.0,77,0.0,9.3,118,1007.7,58,18.3,22.9,190.0,8.4,74.0,3.3
2025-03-02 20:00:00,2025,3,2,20,Vĩnh Long,Xã An Ngãi Trung,10.0916931,106.5448581,51,Moderate,1,25.6,81,0.0,8.6,113,1008.2,98,19.2,23.7,193.0,8.5,74.0,3.5
2025-03-02 21:00:00,2025,3,2,21,Vĩnh Long,Xã An Ngãi Trung,10.0916931,106.5448581,52,Moderate,1,25.5,83,0.0,9.8,116,1008.6,98,19.6,24.0,192.0,8.6,74.0,3.7
2025-03-02 22:00:00,2025,3,2,22,Vĩnh Long,Xã An Ngãi Trung,10.0916931,106.5448581,52,Moderate,1,25.2,85,0.0,8.7,120,1009.4,100,19.8,24.4,190.0,8.8,73.0,3.8
2025-03-02 23:00:00,2025,3,2,23,Vĩnh Long,Xã An Ngãi Trung,10.0916931,106.5448581,53,Moderate,1,25.0,87,0.0,9.8,121,1009.5,100,20.9,25.5,184.0,9.2,72.0,3.6
2025-03-03 00:00:00,2025,3,3,0,Vĩnh Long,Xã An Ngãi Trung,10.0916931,106.5448581,53,Moderate,1,25.0,87,0.0,9.2,113,1009.1,89,21.8,26.5,176.0,9.6,71.0,3.3
2025-03-03 01:00:00,2025,3,3,1,Vĩnh Long,Xã An Ngãi Trung,10.0916931,106.5448581,54,Moderate,1,24.7,89,0.0,8.4,105,1008.7,41,22.2,26.8,171.0,9.9,70.0,3.0
2025-03-03 02:00:00,2025,3,3,2,Vĩnh Long,Xã An Ngãi Trung,10.0916931,106.5448581,55,Moderate,1,24.5,91,0.0,8.0,104,1008.3,58,22.2,26.7,170.0,9.8,69.0,2.8
2025-03-03 03:00:00,2025,3,3,3,Vĩnh Long,Xã An Ngãi Trung,10.0916931,106.5448581,56,Moderate,1,24.4,93,0.0,7.3,106,1007.9,69,21.9,26.3,172.0,9.6,69.0,2.7
2025-03-03 04:00:00,2025,3,3,4,Vĩnh Long,Xã An Ngãi Trung,10.0916931,106.5448581,57,Moderate,1,24.2,94,0.0,6.3,103,1008.0,67,20.5,24.7,176.0,9.3,68.0,2.6
2025-03-03 05:00:00,2025,3,3,5,Vĩnh Long,Xã An Ngãi Trung,10.0916931,106.5448581,58,Moderate,1,24.0,95,0.0,5.9,104,1008.4,94,18.7,22.6,185.0,9.2,67.0,2.8
2025-03-03 06:00:00,2025,3,3,6,Vĩnh Long,Xã An Ngãi Trung,10.0916931,106.5448581,58,Moderate,1,24.0,95,0.0,7.1,111,1009.0,95,17.7,21.4,197.0,9.1,66.0,3.0
2025-03-03 07:00:00,2025,3,3,7,Vĩnh Long,Xã An Ngãi Trung,10.0916931,106.5448581,59,Moderate,1,25.5,85,0.0,11.0,100,1009.7,100,18.6,22.5,202.0,8.5,66.0,3.1
2025-03-03 08:00:00,2025,3,3,8,Vĩnh Long,Xã An Ngãi Trung,10.0916931,106.5448581,59,Moderate,1,27.6,75,0.0,13.8,98,1010.7,98,15.1,19.4,195.0,6.5,73.0,2.7
2025-03-03 09:00:00,2025,3,3,9,Vĩnh Long,Xã An Ngãi Trung,10.0916931,106.5448581,59,Moderate,1,29.2,64,0.0,15.8,98,1011.3,29,12.7,16.6,182.0,3.8,81.0,2.1
2025-03-03 10:00:00,2025,3,3,10,Vĩnh Long,Xã An Ngãi Trung,10.0916931,106.5448581,59,Moderate,1,30.6,56,0.0,16.8,99,1011.4,79,11.2,14.9,171.0,1.7,88.0,1.6
2025-03-03 11:00:00,2025,3,3,11,Vĩnh Long,Xã An Ngãi Trung,10.0916931,106.5448581,59,Moderate,1,31.5,52,0.0,17.0,103,1010.7,84,10.4,13.8,165.0,1.0,90.0,1.4
2025-03-03 12:00:00,2025,3,3,12,Vĩnh Long,Xã An Ngãi Trung,10.0916931,106.5448581,59,Moderate,1,32.0,49,0.0,16.8,107,1009.6,79,9.7,13.0,160.0,1.1,89.0,1.2
2025-03-03 13:00:00,2025,3,3,13,Vĩnh Long,Xã An Ngãi Trung,10.0916931,106.5448581,59,Moderate,1,32.5,46,0.0,15.8,109,1008.6,82,9.5,12.6,157.0,1.2,88.0,1.2
2025-03-03 14:00:00,2025,3,3,14,Vĩnh Long,Xã An Ngãi Trung,10.0916931,106.5448581,59,Moderate,1,32.5,45,0.0,15.1,113,1007.3,99,9.5,12.5,155.0,1.1,88.0,1.2
2025-03-03 15:00:00,2025,3,3,15,Vĩnh Long,Xã An Ngãi Trung,10.0916931,106.5448581,59,Moderate,1,31.9,46,0.0,14.5,118,1006.6,100,9.6,12.6,154.0,1.1,88.0,1.2
2025-03-03 16:00:00,2025,3,3,16,Vĩnh Long,Xã An Ngãi Trung,10.0916931,106.5448581,58,Moderate,1,30.6,53,0.0,14.5,120,1006.2,98,10.0,13.0,158.0,1.8,86.0,1.5
2025-03-03 17:00:00,2025,3,3,17,Vĩnh Long,Xã An Ngãi Trung,10.0916931,106.5448581,58,Moderate,1,29.0,62,0.0,14.2,117,1006.2,99,10.9,14.1,170.0,4.0,82.0,2.1
2025-03-03 18:00:00,2025,3,3,18,Vĩnh Long,Xã An Ngãi Trung,10.0916931,106.5448581,58,Moderate,1,27.2,73,0.0,11.3,115,1006.8,63,13.7,16.9,187.0,6.9,76.0,3.0
2025-03-03 19:00:00,2025,3,3,19,Vĩnh Long,Xã An Ngãi Trung,10.0916931,106.5448581,58,Moderate,1,26.4,82,0.0,9.2,113,1007.4,100,18.0,21.8,200.0,9.0,73.0,3.6
2025-03-03 20:00:00,2025,3,3,20,Vĩnh Long,Xã An Ngãi Trung,10.0916931,106.5448581,58,Moderate,1,26.3,86,0.0,8.8,129,1008.1,100,19.9,23.7,205.0,10.0,70.0,4.0
2025-03-03 21:00:00,2025,3,3,21,Vĩnh Long,Xã An Ngãi Trung,10.0916931,106.5448581,59,Moderate,1,25.9,88,0.0,7.8,122,1008.7,95,21.8,25.6,206.0,11.3,66.0,4.6
2025-03-03 22:00:00,2025,3,3,22,Vĩnh Long,Xã An Ngãi Trung,10.0916931,106.5448581,59,Moderate,1,25.5,91,0.0,7.2,122,1009.0,81,24.7,28.6,204.0,12.5,62.0,5.0
2025-03-03 23:00:00,2025,3,3,23,Vĩnh Long,Xã An Ngãi Trung,10.0916931,106.5448581,59,Moderate,1,25.2,93,0.0,7.4,119,1009.3,86,28.6,32.4,196.0,13.3,60.0,4.9
2025-03-04 00:00:00,2025,3,4,0,Vĩnh Long,Xã An Ngãi Trung,10.0916931,106.5448581,60,Moderate,1,24.9,96,0.0,6.8,119,1008.9,98,29.4,33.2,186.0,13.9,58.0,4.6
2025-03-04 01:00:00,2025,3,4,1,Vĩnh Long,Xã An Ngãi Trung,10.0916931,106.5448581,61,Moderate,1,24.6,97,0.0,5.9,113,1008.4,98,28.0,31.8,178.0,14.1,57.0,4.2
2025-03-04 02:00:00,2025,3,4,2,Vĩnh Long,Xã An Ngãi Trung,10.0916931,106.5448581,61,Moderate,1,24.6,98,0.0,6.3,108,1007.9,100,26.5,30.3,174.0,13.6,58.0,3.8
2025-03-04 03:00:00,2025,3,4,3,Vĩnh Long,Xã An Ngãi Trung,10.0916931,106.5448581,61,Moderate,1,24.7,97,0.0,5.7,108,1007.7,88,25.4,29.0,174.0,12.7,60.0,3.4
2025-03-04 04:00:00,2025,3,4,4,Vĩnh Long,Xã An Ngãi Trung,10.0916931,106.5448581,62,Moderate,1,24.5,97,0.0,4.8,119,1007.9,63,24.9,28.5,181.0,12.1,61.0,3.3
2025-03-04 05:00:00,2025,3,4,5,Vĩnh Long,Xã An Ngãi Trung,10.0916931,106.5448581,62,Moderate,1,24.4,97,0.0,4.2,115,1008.2,28,26.8,30.3,207.0,12.8,61.0,3.7
2025-03-04 06:00:00,2025,3,4,6,Vĩnh Long,Xã An Ngãi Trung,10.0916931,106.5448581,63,Moderate,1,24.3,97,0.0,3.5,102,1009.0,30,31.3,34.9,240.0,13.8,60.0,4.3
2025-03-04 07:00:00,2025,3,4,7,Vĩnh Long,Xã An Ngãi Trung,10.0916931,106.5448581,64,Moderate,1,25.6,90,0.0,6.9,99,1009.3,22,39.9,43.2,255.0,16.1,54.0,3.5
2025-03-04 08:00:00,2025,3,4,8,Vĩnh Long,Xã An Ngãi Trung,10.0916931,106.5448581,66,Moderate,1,27.7,78,0.0,9.0,102,1010.3,18,20.0,23.5,233.0,12.1,63.0,3.2
2025-03-04 09:00:00,2025,3,4,9,Vĩnh Long,Xã An Ngãi Trung,10.0916931,106.5448581,66,Moderate,1,29.4,68,0.0,10.0,107,1010.7,20,14.1,17.9,192.0,6.5,75.0,2.7
2025-03-04 10:00:00,2025,3,4,10,Vĩnh Long,Xã An Ngãi Trung,10.0916931,106.5448581,66,Moderate,1,30.5,61,0.0,10.6,113,1010.8,59,13.2,17.1,160.0,2.4,84.0,2.3
2025-03-04 11:00:00,2025,3,4,11,Vĩnh Long,Xã An Ngãi Trung,10.0916931,106.5448581,67,Moderate,1,31.5,56,0.0,10.0,116,1010.2,92,12.4,16.2,150.0,1.1,88.0,2.0
2025-03-04 12:00:00,2025,3,4,12,Vĩnh Long,Xã An Ngãi Trung,10.0916931,106.5448581,67,Moderate,1,32.2,53,0.0,10.5,114,1009.2,99,11.9,15.5,149.0,1.1,89.0,1.8
2025-03-04 13:00:00,2025,3,4,13,Vĩnh Long,Xã An Ngãi Trung,10.0916931,106.5448581,67,Moderate,1,32.5,52,0.0,11.3,115,1008.0,94,11.5,15.1,149.0,1.4,89.0,1.7
2025-03-04 14:00:00,2025,3,4,14,Vĩnh Long,Xã An Ngãi Trung,10.0916931,106.5448581,67,Moderate,1,32.4,52,0.0,12.0,118,1006.8,26,11.6,15.3,148.0,1.2,89.0,1.5
2025-03-04 15:00:00,2025,3,4,15,Vĩnh Long,Xã An Ngãi Trung,10.0916931,106.5448581,67,Moderate,1,31.9,54,0.0,12.5,123,1005.9,4,11.4,15.0,147.0,1.1,87.0,1.4
2025-03-04 16:00:00,2025,3,4,16,Vĩnh Long,Xã An Ngãi Trung,10.0916931,106.5448581,68,Moderate,1,30.9,58,0.0,12.5,123,1005.6,0,12.5,16.3,150.0,2.0,83.0,1.6
2025-03-04 17:00:00,2025,3,4,17,Vĩnh Long,Xã An Ngãi Trung,10.0916931,106.5448581,68,Moderate,1,29.2,66,0.0,13.1,122,1005.9,0,11.8,15.2,157.0,4.8,75.0,2.3
2025-03-04 18:00:00,2025,3,4,18,Vĩnh Long,Xã An Ngãi Trung,10.0916931,106.5448581,68,Moderate,1,27.2,77,0.0,12.5,120,1006.3,0,14.4,17.5,167.0,8.6,65.0,3.4
2025-03-04 19:00:00,2025,3,4,19,Vĩnh Long,Xã An Ngãi Trung,10.0916931,106.5448581,68,Moderate,1,26.3,85,0.0,10.7,119,1006.5,0,20.1,23.8,175.0,10.4,56.0,4.0
2025-03-04 20:00:00,2025,3,4,20,Vĩnh Long,Xã An Ngãi Trung,10.0916931,106.5448581,68,Moderate,1,26.3,88,0.0,9.7,124,1007.6,0,21.3,24.9,179.0,10.7,53.0,4.2
2025-03-04 21:00:00,2025,3,4,21,Vĩnh Long,Xã An Ngãi Trung,10.0916931,106.5448581,68,Moderate,1,26.0,91,0.0,8.8,123,1008.2,91,21.5,25.0,180.0,11.1,48.0,4.5
2025-03-04 22:00:00,2025,3,4,22,Vĩnh Long,Xã An Ngãi Trung,10.0916931,106.5448581,68,Moderate,1,25.6,94,0.0,7.5,132,1008.4,90,21.3,24.8,181.0,11.5,45.0,4.6
2025-03-04 23:00:00,2025,3,4,23,Vĩnh Long,Xã An Ngãi Trung,10.0916931,106.5448581,68,Moderate,1,25.4,96,0.0,6.3,141,1008.8,63,21.3,24.9,181.0,11.6,44.0,4.4
2025-03-05 00:00:00,2025,3,5,0,Vĩnh Long,Xã An Ngãi Trung,10.0916931,106.5448581,67,Moderate,1,25.1,98,0.0,6.2,139,1008.9,82,21.9,25.4,180.0,11.7,44.0,4.0
2025-03-05 01:00:00,2025,3,5,1,Vĩnh Long,Xã An Ngãi Trung,10.0916931,106.5448581,67,Moderate,1,25.0,98,0.0,5.8,141,1008.3,74,23.7,27.2,179.0,12.8,42.0,3.9
2025-03-05 02:00:00,2025,3,5,2,Vĩnh Long,Xã An Ngãi Trung,10.0916931,106.5448581,66,Moderate,1,24.9,98,0.0,5.5,142,1007.9,76,27.8,31.4,179.0,16.2,36.0,4.3
2025-03-05 03:00:00,2025,3,5,3,Vĩnh Long,Xã An Ngãi Trung,10.0916931,106.5448581,66,Moderate,1,24.6,99,0.0,4.6,132,1007.4,90,34.1,37.8,179.0,20.6,29.0,4.9
2025-03-05 04:00:00,2025,3,5,4,Vĩnh Long,Xã An Ngãi Trung,10.0916931,106.5448581,67,Moderate,1,24.4,99,0.0,3.6,127,1007.4,83,39.6,43.3,182.0,23.1,25.0,5.3
2025-03-05 05:00:00,2025,3,5,5,Vĩnh Long,Xã An Ngãi Trung,10.0916931,106.5448581,68,Moderate,1,24.7,98,0.0,3.1,118,1007.7,91,47.3,51.1,190.0,22.3,27.0,5.2
2025-03-05 06:00:00,2025,3,5,6,Vĩnh Long,Xã An Ngãi Trung,10.0916931,106.5448581,70,Moderate,1,24.5,98,0.0,2.3,90,1008.4,92,54.1,57.3,199.0,19.5,32.0,4.8
2025-03-05 07:00:00,2025,3,5,7,Vĩnh Long,Xã An Ngãi Trung,10.0916931,106.5448581,72,Moderate,1,25.5,93,0.0,4.6,77,1008.8,88,36.7,40.5,203.0,14.2,42.0,3.8
2025-03-05 08:00:00,2025,3,5,8,Vĩnh Long,Xã An Ngãi Trung,10.0916931,106.5448581,72,Moderate,1,27.7,80,0.0,4.8,75,1009.5,87,19.7,23.9,195.0,10.8,51.0,3.5
2025-03-05 09:00:00,2025,3,5,9,Vĩnh Long,Xã An Ngãi Trung,10.0916931,106.5448581,72,Moderate,1,29.7,67,0.0,4.1,88,1009.9,47,16.6,20.8,181.0,6.0,64.0,3.2
2025-03-05 10:00:00,2025,3,5,10,Vĩnh Long,Xã An Ngãi Trung,10.0916931,106.5448581,72,Moderate,1,31.4,58,0.0,4.8,103,1010.1,43,15.7,20.0,170.0,2.5,74.0,2.8
2025-03-05 11:00:00,2025,3,5,11,Vĩnh Long,Xã An Ngãi Trung,10.0916931,106.5448581,72,Moderate,1,32.5,53,0.0,7.2,104,1009.1,39,14.3,18.5,165.0,1.3,80.0,2.5
2025-03-05 12:00:00,2025,3,5,12,Vĩnh Long,Xã An Ngãi Trung,10.0916931,106.5448581,73,Moderate,1,33.0,53,0.0,10.5,109,1008.4,80,13.3,17.3,163.0,1.2,83.0,2.1
2025-03-05 13:00:00,2025,3,5,13,Vĩnh Long,Xã An Ngãi Trung,10.0916931,106.5448581,73,Moderate,1,32.8,53,0.0,13.3,111,1007.6,58,13.0,16.8,161.0,1.4,85.0,1.9
2025-03-05 14:00:00,2025,3,5,14,Vĩnh Long,Xã An Ngãi Trung,10.0916931,106.5448581,73,Moderate,1,32.4,53,0.0,15.3,111,1006.6,90,12.8,16.5,157.0,1.3,85.0,1.8
2025-03-05 15:00:00,2025,3,5,15,Vĩnh Long,Xã An Ngãi Trung,10.0916931,106.5448581,73,Moderate,1,31.4,57,0.0,15.6,117,1005.9,14,12.4,15.9,153.0,1.4,84.0,1.7
2025-03-05 16:00:00,2025,3,5,16,Vĩnh Long,Xã An Ngãi Trung,10.0916931,106.5448581,73,Moderate,1,30.5,59,0.0,14.7,126,1005.5,26,12.0,15.5,153.0,2.1,81.0,1.9
2025-03-05 17:00:00,2025,3,5,17,Vĩnh Long,Xã An Ngãi Trung,10.0916931,106.5448581,73,Moderate,1,29.2,66,0.0,12.5,127,1005.6,3,12.2,15.5,160.0,3.9,74.0,2.4
2025-03-05 18:00:00,2025,3,5,18,Vĩnh Long,Xã An Ngãi Trung,10.0916931,106.5448581,73,Moderate,1,27.5,75,0.0,10.9,128,1005.8,1,13.1,16.4,170.0,6.3,65.0,3.0
2025-03-05 19:00:00,2025,3,5,19,Vĩnh Long,Xã An Ngãi Trung,10.0916931,106.5448581,73,Moderate,1,26.5,82,0.0,9.6,127,1006.1,0,16.5,19.8,177.0,7.3,56.0,3.3
2025-03-05 20:00:00,2025,3,5,20,Vĩnh Long,Xã An Ngãi Trung,10.0916931,106.5448581,73,Moderate,1,26.5,88,0.0,10.7,135,1007.6,11,16.9,19.8,177.0,8.5,53.0,3.8
2025-03-05 21:00:00,2025,3,5,21,Vĩnh Long,Xã An Ngãi Trung,10.0916931,106.5448581,72,Moderate,1,26.2,90,0.0,10.3,121,1008.4,96,18.6,21.3,174.0,10.3,48.0,4.4
2025-03-05 22:00:00,2025,3,5,22,Vĩnh Long,Xã An Ngãi Trung,10.0916931,106.5448581,72,Moderate,1,26.0,91,0.0,9.0,123,1008.7,100,20.0,22.8,170.0,11.6,45.0,4.8
2025-03-05 23:00:00,2025,3,5,23,Vĩnh Long,Xã An Ngãi Trung,10.0916931,106.5448581,72,Moderate,1,25.8,92,0.0,9.4,122,1009.3,100,20.7,23.3,167.0,12.1,44.0,4.6
2025-03-06 00:00:00,2025,3,6,0,Vĩnh Long,Xã An Ngãi Trung,10.0916931,106.5448581,72,Moderate,1,25.5,94,0.0,8.0,128,1009.4,96,20.1,22.8,163.0,12.2,44.0,4.2
2025-03-06 01:00:00,2025,3,6,1,Vĩnh Long,Xã An Ngãi Trung,10.0916931,106.5448581,72,Moderate,1,25.5,95,0.0,7.6,137,1009.5,88,20.4,23.1,160.0,12.4,44.0,3.8
2025-03-06 02:00:00,2025,3,6,2,Vĩnh Long,Xã An Ngãi Trung,10.0916931,106.5448581,71,Moderate,1,25.5,94,0.0,8.5,132,1009.1,29,22.2,24.9,156.0,13.1,42.0,3.7
2025-03-06 03:00:00,2025,3,6,3,Vĩnh Long,Xã An Ngãi Trung,10.0916931,106.5448581,71,Moderate,1,25.4,95,0.0,8.3,131,1008.6,27,23.9,26.6,153.0,14.0,40.0,3.6
2025-03-06 04:00:00,2025,3,6,4,Vĩnh Long,Xã An Ngãi Trung,10.0916931,106.5448581,70,Moderate,1,25.2,95,0.0,8.4,137,1008.6,38,23.3,26.0,154.0,14.1,39.0,3.7
2025-03-06 05:00:00,2025,3,6,5,Vĩnh Long,Xã An Ngãi Trung,10.0916931,106.5448581,68,Moderate,1,25.2,94,0.0,8.2,126,1008.8,30,22.2,24.9,163.0,13.1,41.0,4.0
2025-03-06 06:00:00,2025,3,6,6,Vĩnh Long,Xã An Ngãi Trung,10.0916931,106.5448581,66,Moderate,1,25.2,93,0.0,8.5,119,1009.5,58,22.2,24.9,176.0,11.4,45.0,4.3
2025-03-06 07:00:00,2025,3,6,7,Vĩnh Long,Xã An Ngãi Trung,10.0916931,106.5448581,63,Moderate,1,26.4,86,0.0,11.8,111,1010.0,67,17.5,21.7,182.0,7.4,55.0,3.6
2025-03-06 08:00:00,2025,3,6,8,Vĩnh Long,Xã An Ngãi Trung,10.0916931,106.5448581,62,Moderate,1,28.3,74,0.0,12.5,102,1010.9,8,14.3,18.6,176.0,5.7,61.0,3.1
2025-03-06 09:00:00,2025,3,6,9,Vĩnh Long,Xã An Ngãi Trung,10.0916931,106.5448581,61,Moderate,1,30.0,64,0.0,14.0,102,1011.7,18,13.1,17.5,164.0,3.4,68.0,2.3
2025-03-06 10:00:00,2025,3,6,10,Vĩnh Long,Xã An Ngãi Trung,10.0916931,106.5448581,61,Moderate,1,31.0,59,0.0,14.2,102,1011.9,8,12.7,17.2,154.0,1.6,74.0,1.7
2025-03-06 11:00:00,2025,3,6,11,Vĩnh Long,Xã An Ngãi Trung,10.0916931,106.5448581,61,Moderate,1,31.9,54,0.0,14.4,105,1011.2,1,12.0,16.4,150.0,1.0,76.0,1.4
2025-03-06 12:00:00,2025,3,6,12,Vĩnh Long,Xã An Ngãi Trung,10.0916931,106.5448581,60,Moderate,1,32.2,53,0.0,15.5,110,1010.3,1,11.8,15.9,148.0,1.0,76.0,1.3
2025-03-06 13:00:00,2025,3,6,13,Vĩnh Long,Xã An Ngãi Trung,10.0916931,106.5448581,60,Moderate,1,32.2,52,0.0,15.6,113,1009.9,0,11.6,15.6,147.0,1.1,76.0,1.3
2025-03-06 14:00:00,2025,3,6,14,Vĩnh Long,Xã An Ngãi Trung,10.0916931,106.5448581,60,Moderate,1,32.0,52,0.0,16.4,114,1008.8,14,11.6,15.5,146.0,1.1,76.0,1.2
2025-03-06 15:00:00,2025,3,6,15,Vĩnh Long,Xã An Ngãi Trung,10.0916931,106.5448581,60,Moderate,1,31.1,56,0.0,16.2,111,1008.1,0,11.6,15.5,146.0,1.1,76.0,1.2
2025-03-06 16:00:00,2025,3,6,16,Vĩnh Long,Xã An Ngãi Trung,10.0916931,106.5448581,60,Moderate,1,30.3,60,0.0,15.6,109,1007.5,0,11.8,15.7,149.0,1.8,75.0,1.4
2025-03-06 17:00:00,2025,3,6,17,Vĩnh Long,Xã An Ngãi Trung,10.0916931,106.5448581,60,Moderate,1,28.9,67,0.0,14.1,106,1007.2,0,12.1,15.9,158.0,3.6,72.0,1.9
2025-03-06 18:00:00,2025,3,6,18,Vĩnh Long,Xã An Ngãi Trung,10.0916931,106.5448581,60,Moderate,1,27.6,75,0.0,11.2,102,1007.7,0,13.2,16.8,169.0,6.0,67.0,2.6
2025-03-06 19:00:00,2025,3,6,19,Vĩnh Long,Xã An Ngãi Trung,10.0916931,106.5448581,60,Moderate,1,26.9,83,0.0,9.9,105,1008.6,2,15.6,19.2,177.0,7.3,61.0,2.9
2025-03-06 20:00:00,2025,3,6,20,Vĩnh Long,Xã An Ngãi Trung,10.0916931,106.5448581,60,Moderate,1,26.7,87,0.0,10.1,114,1009.4,0,16.2,19.8,178.0,7.2,60.0,2.9
2025-03-06 21:00:00,2025,3,6,21,Vĩnh Long,Xã An Ngãi Trung,10.0916931,106.5448581,60,Moderate,1,26.6,87,0.0,11.5,107,1010.4,0,16.5,20.3,176.0,7.0,59.0,3.0
2025-03-06 22:00:00,2025,3,6,22,Vĩnh Long,Xã An Ngãi Trung,10.0916931,106.5448581,60,Moderate,1,26.5,89,0.0,11.3,108,1010.6,5,16.4,20.3,172.0,6.8,58.0,2.9
2025-03-06 23:00:00,2025,3,6,23,Vĩnh Long,Xã An Ngãi Trung,10.0916931,106.5448581,59,Moderate,1,26.3,89,0.0,11.0,104,1010.9,4,16.1,19.9,165.0,6.5,56.0,2.6
2025-03-07 00:00:00,2025,3,7,0,Vĩnh Long,Xã An Ngãi Trung,10.0916931,106.5448581,59,Moderate,1,26.2,89,0.0,12.9,99,1010.3,40,15.3,19.0,157.0,6.2,55.0,2.2
2025-03-07 01:00:00,2025,3,7,1,Vĩnh Long,Xã An Ngãi Trung,10.0916931,106.5448581,58,Moderate,1,26.0,90,0.0,12.3,102,1009.8,100,14.5,18.0,150.0,6.0,53.0,1.9
2025-03-07 02:00:00,2025,3,7,2,Vĩnh Long,Xã An Ngãi Trung,10.0916931,106.5448581,58,Moderate,1,25.9,90,0.0,12.5,102,1009.3,100,13.7,17.0,145.0,5.8,51.0,1.7
2025-03-07 03:00:00,2025,3,7,3,Vĩnh Long,Xã An Ngãi Trung,10.0916931,106.5448581,57,Moderate,1,25.9,90,0.0,12.6,101,1008.6,100,12.8,15.9,140.0,5.8,50.0,1.7
2025-03-07 04:00:00,2025,3,7,4,Vĩnh Long,Xã An Ngãi Trung,10.0916931,106.5448581,56,Moderate,1,26.0,88,0.0,14.7,98,1008.7,100,12.0,14.9,141.0,5.8,48.0,1.7
2025-03-07 05:00:00,2025,3,7,5,Vĩnh Long,Xã An Ngãi Trung,10.0916931,106.5448581,55,Moderate,1,26.0,86,0.0,16.6,102,1008.7,100,11.6,14.3,151.0,6.2,46.0,2.0
2025-03-07 06:00:00,2025,3,7,6,Vĩnh Long,Xã An Ngãi Trung,10.0916931,106.5448581,54,Moderate,1,25.9,87,0.0,16.3,101,1009.2,82,11.5,14.1,165.0,6.8,44.0,2.3
2025-03-07 07:00:00,2025,3,7,7,Vĩnh Long,Xã An Ngãi Trung,10.0916931,106.5448581,53,Moderate,1,27.0,81,0.0,16.0,98,1009.9,84,12.2,15.3,173.0,6.7,45.0,2.4
2025-03-07 08:00:00,2025,3,7,8,Vĩnh Long,Xã An Ngãi Trung,10.0916931,106.5448581,53,Moderate,1,28.9,71,0.0,20.9,88,1010.1,27,10.7,13.7,167.0,5.3,53.0,2.2
2025-03-07 09:00:00,2025,3,7,9,Vĩnh Long,Xã An Ngãi Trung,10.0916931,106.5448581,53,Moderate,1,30.3,62,0.0,22.9,87,1010.9,6,9.9,13.0,155.0,3.4,64.0,1.8
2025-03-07 10:00:00,2025,3,7,10,Vĩnh Long,Xã An Ngãi Trung,10.0916931,106.5448581,52,Moderate,1,31.4,58,0.0,23.9,89,1010.9,3,9.2,12.3,145.0,1.9,72.0,1.5
2025-03-07 11:00:00,2025,3,7,11,Vĩnh Long,Xã An Ngãi Trung,10.0916931,106.5448581,52,Moderate,1,31.9,57,0.0,24.7,91,1010.1,34,8.3,11.1,141.0,1.3,76.0,1.3
2025-03-07 12:00:00,2025,3,7,12,Vĩnh Long,Xã An Ngãi Trung,10.0916931,106.5448581,52,Moderate,1,32.2,54,0.0,26.8,92,1009.4,87,7.6,10.1,138.0,1.1,77.0,1.1
2025-03-07 13:00:00,2025,3,7,13,Vĩnh Long,Xã An Ngãi Trung,10.0916931,106.5448581,51,Moderate,1,32.2,54,0.0,26.0,96,1008.7,100,7.1,9.5,138.0,1.1,78.0,1.0
2025-03-07 14:00:00,2025,3,7,14,Vĩnh Long,Xã An Ngãi Trung,10.0916931,106.5448581,51,Moderate,1,31.9,56,0.0,24.8,101,1007.7,100,7.2,9.5,138.0,1.1,78.0,1.0
2025-03-07 15:00:00,2025,3,7,15,Vĩnh Long,Xã An Ngãi Trung,10.0916931,106.5448581,50,Good,0,30.9,61,0.0,25.0,103,1007.2,100,7.5,9.9,140.0,1.2,78.0,1.0
2025-03-07 16:00:00,2025,3,7,16,Vĩnh Long,Xã An Ngãi Trung,10.0916931,106.5448581,50,Good,0,29.8,65,0.0,24.5,100,1007.2,95,7.9,10.3,146.0,1.6,77.0,1.1
2025-03-07 17:00:00,2025,3,7,17,Vĩnh Long,Xã An Ngãi Trung,10.0916931,106.5448581,49,Good,0,28.5,73,0.0,21.9,107,1007.3,93,8.4,11.0,161.0,2.4,75.0,1.3
2025-03-07 18:00:00,2025,3,7,18,Vĩnh Long,Xã An Ngãi Trung,10.0916931,106.5448581,49,Good,0,27.2,81,0.0,19.2,109,1008.2,100,9.4,12.0,180.0,3.5,72.0,1.5
2025-03-07 19:00:00,2025,3,7,19,Vĩnh Long,Xã An Ngãi Trung,10.0916931,106.5448581,48,Good,0,27.1,79,0.0,20.3,110,1009.0,100,11.2,14.4,198.0,4.3,72.0,1.8
2025-03-07 20:00:00,2025,3,7,20,Vĩnh Long,Xã An Ngãi Trung,10.0916931,106.5448581,47,Good,0,27.2,80,0.0,21.2,109,1009.8,100,10.4,13.3,213.0,4.3,73.0,1.8
2025-03-07 21:00:00,2025,3,7,21,Vĩnh Long,Xã An Ngãi Trung,10.0916931,106.5448581,46,Good,0,27.0,79,0.0,22.0,105,1010.3,100,9.9,12.6,225.0,4.3,74.0,1.8
2025-03-07 22:00:00,2025,3,7,22,Vĩnh Long,Xã An Ngãi Trung,10.0916931,106.5448581,45,Good,0,27.0,77,0.0,23.1,103,1010.5,100,9.4,11.9,233.0,4.4,75.0,1.7
2025-03-07 23:00:00,2025,3,7,23,Vĩnh Long,Xã An Ngãi Trung,10.0916931,106.5448581,44,Good,0,26.8,79,0.0,21.5,100,1010.6,100,8.9,11.2,233.0,4.5,77.0,1.6
2025-03-08 00:00:00,2025,3,8,0,Vĩnh Long,Xã An Ngãi Trung,10.0916931,106.5448581,43,Good,0,26.6,80,0.0,21.0,99,1010.0,100,8.5,10.7,228.0,4.7,79.0,1.4
2025-03-08 01:00:00,2025,3,8,1,Vĩnh Long,Xã An Ngãi Trung,10.0916931,106.5448581,42,Good,0,26.6,79,0.0,19.0,94,1009.7,100,8.4,10.6,223.0,4.9,80.0,1.3
2025-03-08 02:00:00,2025,3,8,2,Vĩnh Long,Xã An Ngãi Trung,10.0916931,106.5448581,41,Good,0,26.5,80,0.0,16.9,89,1009.2,100,8.5,10.6,219.0,5.2,79.0,1.3
2025-03-08 03:00:00,2025,3,8,3,Vĩnh Long,Xã An Ngãi Trung,10.0916931,106.5448581,40,Good,0,26.3,81,0.0,13.6,72,1009.0,100,8.8,10.9,216.0,5.5,78.0,1.4
2025-03-08 04:00:00,2025,3,8,4,Vĩnh Long,Xã An Ngãi Trung,10.0916931,106.5448581,39,Good,0,26.1,83,0.0,10.2,69,1009.1,91,9.3,11.4,218.0,5.8,76.0,1.5
2025-03-08 05:00:00,2025,3,8,5,Vĩnh Long,Xã An Ngãi Trung,10.0916931,106.5448581,39,Good,0,25.5,85,0.0,7.4,51,1009.2,49,9.8,12.0,226.0,6.4,74.0,1.8
2025-03-08 06:00:00,2025,3,8,6,Vĩnh Long,Xã An Ngãi Trung,10.0916931,106.5448581,38,Good,0,25.0,86,0.0,6.5,19,1009.8,48,10.5,12.7,239.0,7.0,72.0,2.1
2025-03-08 07:00:00,2025,3,8,7,Vĩnh Long,Xã An Ngãi Trung,10.0916931,106.5448581,38,Good,0,25.5,83,0.0,5.9,2,1010.2,3,11.0,13.4,254.0,5.9,77.0,2.1
2025-03-08 08:00:00,2025,3,8,8,Vĩnh Long,Xã An Ngãi Trung,10.0916931,106.5448581,38,Good,0,28.0,75,0.0,7.3,28,1011.4,30,10.1,12.8,274.0,5.0,84.0,2.2
2025-03-08 09:00:00,2025,3,8,9,Vĩnh Long,Xã An Ngãi Trung,10.0916931,106.5448581,38,Good,0,29.9,65,0.0,8.1,45,1011.7,18,9.9,12.7,295.0,3.7,94.0,2.2
2025-03-08 10:00:00,2025,3,8,10,Vĩnh Long,Xã An Ngãi Trung,10.0916931,106.5448581,38,Good,0,31.5,57,0.1,9.2,51,1011.9,75,10.0,13.0,305.0,2.7,103.0,2.2
2025-03-08 11:00:00,2025,3,8,11,Vĩnh Long,Xã An Ngãi Trung,10.0916931,106.5448581,38,Good,0,32.8,51,0.0,10.3,74,1011.2,93,10.0,13.1,296.0,2.1,109.0,2.0
2025-03-08 12:00:00,2025,3,8,12,Vĩnh Long,Xã An Ngãi Trung,10.0916931,106.5448581,40,Good,0,33.0,50,0.0,14.3,96,1010.2,12,9.9,13.0,275.0,1.6,113.0,1.6
2025-03-08 13:00:00,2025,3,8,13,Vĩnh Long,Xã An Ngãi Trung,10.0916931,106.5448581,42,Good,0,32.8,51,0.0,15.4,104,1009.2,2,9.5,12.3,258.0,1.4,116.0,1.4
2025-03-08 14:00:00,2025,3,8,14,Vĩnh Long,Xã An Ngãi Trung,10.0916931,106.5448581,45,Good,0,31.8,55,0.0,16.2,107,1008.2,2,9.2,11.9,248.0,1.3,116.0,1.3
2025-03-08 15:00:00,2025,3,8,15,Vĩnh Long,Xã An Ngãi Trung,10.0916931,106.5448581,47,Good,0,31.2,56,0.0,15.2,113,1007.7,11,9.2,11.9,241.0,1.5,114.0,1.3
2025-03-08 16:00:00,2025,3,8,16,Vĩnh Long,Xã An Ngãi Trung,10.0916931,106.5448581,49,Good,0,29.9,62,0.0,17.4,108,1007.7,96,9.3,12.1,236.0,2.0,111.0,1.4
2025-03-08 17:00:00,2025,3,8,17,Vĩnh Long,Xã An Ngãi Trung,10.0916931,106.5448581,53,Moderate,1,28.6,68,0.0,19.3,98,1007.9,100,9.8,12.7,233.0,3.2,106.0,1.6
2025-03-08 18:00:00,2025,3,8,18,Vĩnh Long,Xã An Ngãi Trung,10.0916931,106.5448581,55,Moderate,1,27.4,75,0.0,18.4,91,1008.5,68,10.9,13.8,231.0,4.7,100.0,1.8
2025-03-08 19:00:00,2025,3,8,19,Vĩnh Long,Xã An Ngãi Trung,10.0916931,106.5448581,55,Moderate,1,27.0,79,0.0,18.2,86,1009.0,15,13.9,17.3,229.0,5.8,96.0,2.1
2025-03-08 20:00:00,2025,3,8,20,Vĩnh Long,Xã An Ngãi Trung,10.0916931,106.5448581,52,Moderate,1,27.4,77,0.0,12.7,72,1009.8,56,12.8,16.0,224.0,6.3,93.0,2.2
2025-03-08 21:00:00,2025,3,8,21,Vĩnh Long,Xã An Ngãi Trung,10.0916931,106.5448581,49,Good,0,27.4,76,0.0,13.0,76,1010.7,73,12.1,15.0,217.0,7.1,89.0,2.2
2025-03-08 22:00:00,2025,3,8,22,Vĩnh Long,Xã An Ngãi Trung,10.0916931,106.5448581,48,Good,0,27.2,76,0.0,11.4,74,1011.1,100,12.4,15.1,213.0,7.8,85.0,2.3
2025-03-08 23:00:00,2025,3,8,23,Vĩnh Long,Xã An Ngãi Trung,10.0916931,106.5448581,46,Good,0,27.0,77,0.0,13.0,84,1011.1,100,13.2,15.8,212.0,8.4,81.0,2.3
2025-03-09 00:00:00,2025,3,9,0,Vĩnh Long,Xã An Ngãi Trung,10.0916931,106.5448581,44,Good,0,26.7,79,0.0,12.3,97,1010.6,100,13.3,15.9,213.0,9.0,77.0,2.2
2025-03-09 01:00:00,2025,3,9,1,Vĩnh Long,Xã An Ngãi Trung,10.0916931,106.5448581,44,Good,0,26.4,80,0.0,11.9,94,1010.4,97,13.5,16.1,214.0,9.4,74.0,2.2
2025-03-09 02:00:00,2025,3,9,2,Vĩnh Long,Xã An Ngãi Trung,10.0916931,106.5448581,45,Good,0,26.4,81,0.0,11.7,85,1009.9,72,14.2,16.7,212.0,9.4,72.0,2.1
2025-03-09 03:00:00,2025,3,9,3,Vĩnh Long,Xã An Ngãi Trung,10.0916931,106.5448581,46,Good,0,26.2,82,0.0,11.8,78,1009.5,42,14.6,17.1,210.0,9.2,71.0,2.1
2025-03-09 04:00:00,2025,3,9,4,Vĩnh Long,Xã An Ngãi Trung,10.0916931,106.5448581,47,Good,0,26.0,83,0.0,10.5,70,1009.5,99,13.9,16.4,216.0,9.1,71.0,2.1
2025-03-09 05:00:00,2025,3,9,5,Vĩnh Long,Xã An Ngãi Trung,10.0916931,106.5448581,47,Good,0,25.8,84,0.0,7.5,60,1009.4,100,12.9,15.3,239.0,9.4,70.0,2.3
2025-03-09 06:00:00,2025,3,9,6,Vĩnh Long,Xã An Ngãi Trung,10.0916931,106.5448581,48,Good,0,25.6,85,0.0,7.4,45,1010.3,100,12.7,15.0,269.0,9.7,69.0,2.6
2025-03-09 07:00:00,2025,3,9,7,Vĩnh Long,Xã An Ngãi Trung,10.0916931,106.5448581,48,Good,0,26.2,82,0.0,6.9,37,1010.9,100,12.4,14.5,284.0,7.8,75.0,2.6
2025-03-09 08:00:00,2025,3,9,8,Vĩnh Long,Xã An Ngãi Trung,10.0916931,106.5448581,49,Good,0,28.5,69,0.0,8.7,72,1011.6,87,11.4,13.8,267.0,6.4,82.0,2.4
2025-03-09 09:00:00,2025,3,9,9,Vĩnh Long,Xã An Ngãi Trung,10.0916931,106.5448581,49,Good,0,30.5,58,0.0,13.4,79,1012.3,100,10.8,13.4,235.0,4.4,92.0,2.1
2025-03-09 10:00:00,2025,3,9,10,Vĩnh Long,Xã An Ngãi Trung,10.0916931,106.5448581,49,Good,0,30.9,55,0.0,16.1,77,1012.7,100,10.5,13.3,212.0,2.9,101.0,1.8
2025-03-09 11:00:00,2025,3,9,11,Vĩnh Long,Xã An Ngãi Trung,10.0916931,106.5448581,49,Good,0,30.2,57,0.0,16.6,78,1012.5,100,9.7,12.3,210.0,2.1,107.0,1.6
2025-03-09 12:00:00,2025,3,9,12,Vĩnh Long,Xã An Ngãi Trung,10.0916931,106.5448581,49,Good,0,31.1,55,0.0,19.5,81,1011.9,100,9.7,12.4,216.0,1.8,112.0,1.5
2025-03-09 13:00:00,2025,3,9,13,Vĩnh Long,Xã An Ngãi Trung,10.0916931,106.5448581,49,Good,0,30.8,58,0.0,19.9,81,1011.1,100,9.9,12.7,220.0,1.7,115.0,1.4
2025-03-09 14:00:00,2025,3,9,14,Vĩnh Long,Xã An Ngãi Trung,10.0916931,106.5448581,49,Good,0,29.9,62,0.0,16.1,84,1010.3,100,10.2,12.9,214.0,1.8,115.0,1.5
2025-03-09 15:00:00,2025,3,9,15,Vĩnh Long,Xã An Ngãi Trung,10.0916931,106.5448581,49,Good,0,28.9,67,0.0,15.5,86,1009.8,100,9.9,12.4,205.0,2.1,113.0,1.7
2025-03-09 16:00:00,2025,3,9,16,Vĩnh Long,Xã An Ngãi Trung,10.0916931,106.5448581,49,Good,0,28.2,71,0.0,16.4,86,1009.8,100,10.1,12.6,201.0,2.9,108.0,1.9
2025-03-09 17:00:00,2025,3,9,17,Vĩnh Long,Xã An Ngãi Trung,10.0916931,106.5448581,50,Good,0,27.6,75,0.0,14.9,82,1010.0,100,10.2,12.5,208.0,4.4,98.0,2.2
2025-03-09 18:00:00,2025,3,9,18,Vĩnh Long,Xã An Ngãi Trung,10.0916931,106.5448581,51,Moderate,1,26.9,80,0.0,12.8,92,1010.5,100,10.2,12.3,220.0,6.3,84.0,2.4
2025-03-09 19:00:00,2025,3,9,19,Vĩnh Long,Xã An Ngãi Trung,10.0916931,106.5448581,49,Good,0,26.6,84,0.1,11.9,93,1010.9,100,12.0,14.1,228.0,8.6,70.0,2.6
2025-03-09 20:00:00,2025,3,9,20,Vĩnh Long,Xã An Ngãi Trung,10.0916931,106.5448581,49,Good,0,27.2,83,0.0,14.2,78,1012.0,100,11.6,13.2,227.0,8.9,67.0,2.7
2025-03-09 21:00:00,2025,3,9,21,Vĩnh Long,Xã An Ngãi Trung,10.0916931,106.5448581,49,Good,0,27.0,83,0.0,13.4,78,1012.7,100,11.1,12.5,222.0,9.3,63.0,2.8
2025-03-09 22:00:00,2025,3,9,22,Vĩnh Long,Xã An Ngãi Trung,10.0916931,106.5448581,49,Good,0,26.9,83,0.0,11.4,78,1012.9,100,11.1,12.4,217.0,9.7,60.0,2.9
2025-03-09 23:00:00,2025,3,9,23,Vĩnh Long,Xã An Ngãi Trung,10.0916931,106.5448581,48,Good,0,26.6,82,0.1,11.5,79,1013.2,100,12.1,13.4,213.0,10.0,58.0,2.9
2025-03-10 00:00:00,2025,3,10,0,Vĩnh Long,Xã An Ngãi Trung,10.0916931,106.5448581,48,Good,0,26.0,86,0.4,12.1,84,1012.6,100,12.9,14.4,209.0,10.2,57.0,2.9
2025-03-10 01:00:00,2025,3,10,1,Vĩnh Long,Xã An Ngãi Trung,10.0916931,106.5448581,48,Good,0,25.2,93,2.6,10.9,77,1012.3,100,13.7,15.3,206.0,10.7,55.0,2.9
2025-03-10 02:00:00,2025,3,10,2,Vĩnh Long,Xã An Ngãi Trung,10.0916931,106.5448581,48,Good,0,25.3,91,1.2,10.6,58,1011.1,98,14.4,16.1,203.0,11.4,53.0,2.9
2025-03-10 03:00:00,2025,3,10,3,Vĩnh Long,Xã An Ngãi Trung,10.0916931,106.5448581,48,Good,0,25.1,91,0.0,7.8,71,1010.7,38,15.7,17.5,201.0,12.3,50.0,3.0
2025-03-10 04:00:00,2025,3,10,4,Vĩnh Long,Xã An Ngãi Trung,10.0916931,106.5448581,48,Good,0,24.9,93,0.0,8.1,66,1010.6,49,17.7,19.5,203.0,13.8,48.0,3.7
2025-03-10 05:00:00,2025,3,10,5,Vĩnh Long,Xã An Ngãi Trung,10.0916931,106.5448581,49,Good,0,24.9,93,0.0,7.4,67,1010.8,50,19.1,20.9,215.0,17.1,43.0,5.9
2025-03-10 06:00:00,2025,3,10,6,Vĩnh Long,Xã An Ngãi Trung,10.0916931,106.5448581,50,Good,0,24.9,93,0.0,8.6,67,1011.3,84,20.8,22.5,232.0,21.0,38.0,8.7
2025-03-10 07:00:00,2025,3,10,7,Vĩnh Long,Xã An Ngãi Trung,10.0916931,106.5448581,51,Moderate,1,26.0,86,0.0,11.8,69,1012.0,97,11.0,12.5,240.0,9.3,57.0,3.5
2025-03-10 08:00:00,2025,3,10,8,Vĩnh Long,Xã An Ngãi Trung,10.0916931,106.5448581,51,Moderate,1,28.4,73,0.0,13.5,67,1012.5,53,10.6,12.4,232.0,7.4,67.0,3.1
2025-03-10 09:00:00,2025,3,10,9,Vĩnh Long,Xã An Ngãi Trung,10.0916931,106.5448581,51,Moderate,1,30.2,61,0.0,18.7,72,1013.2,97,9.1,11.1,216.0,4.8,81.0,2.5
2025-03-10 10:00:00,2025,3,10,10,Vĩnh Long,Xã An Ngãi Trung,10.0916931,106.5448581,50,Good,0,31.5,56,0.0,22.3,74,1013.3,28,7.6,9.5,198.0,2.7,91.0,2.0
2025-03-10 11:00:00,2025,3,10,11,Vĩnh Long,Xã An Ngãi Trung,10.0916931,106.5448581,50,Good,0,31.9,56,0.0,25.4,78,1012.7,30,6.8,8.8,179.0,1.7,92.0,1.6
2025-03-10 12:00:00,2025,3,10,12,Vĩnh Long,Xã An Ngãi Trung,10.0916931,106.5448581,50,Good,0,32.2,53,0.0,30.0,78,1012.3,100,6.5,8.5,160.0,1.3,88.0,1.2
2025-03-10 13:00:00,2025,3,10,13,Vĩnh Long,Xã An Ngãi Trung,10.0916931,106.5448581,49,Good,0,32.0,54,0.0,29.9,81,1011.4,100,6.3,8.3,146.0,1.2,84.0,1.0
2025-03-10 14:00:00,2025,3,10,14,Vĩnh Long,Xã An Ngãi Trung,10.0916931,106.5448581,49,Good,0,31.8,55,0.0,28.3,83,1010.2,100,6.5,8.5,143.0,1.2,83.0,1.0
2025-03-10 15:00:00,2025,3,10,15,Vĩnh Long,Xã An Ngãi Trung,10.0916931,106.5448581,48,Good,0,30.5,61,0.0,25.8,87,1009.3,100,7.1,9.3,146.0,1.4,81.0,1.1
2025-03-10 16:00:00,2025,3,10,16,Vĩnh Long,Xã An Ngãi Trung,10.0916931,106.5448581,48,Good,0,29.5,67,0.0,24.0,93,1009.4,100,7.6,9.8,149.0,1.9,80.0,1.3
2025-03-10 17:00:00,2025,3,10,17,Vĩnh Long,Xã An Ngãi Trung,10.0916931,106.5448581,47,Good,0,28.5,73,0.0,22.1,96,1009.7,83,8.1,10.5,151.0,2.8,78.0,1.5
2025-03-10 18:00:00,2025,3,10,18,Vĩnh Long,Xã An Ngãi Trung,10.0916931,106.5448581,47,Good,0,27.5,78,0.0,20.0,92,1010.3,15,9.5,11.8,154.0,4.0,75.0,1.7
2025-03-10 19:00:00,2025,3,10,19,Vĩnh Long,Xã An Ngãi Trung,10.0916931,106.5448581,47,Good,0,27.2,78,0.0,21.8,90,1011.1,21,9.3,11.6,156.0,4.8,72.0,1.8
2025-03-10 20:00:00,2025,3,10,20,Vĩnh Long,Xã An Ngãi Trung,10.0916931,106.5448581,46,Good,0,27.5,76,0.0,23.4,87,1011.8,98,9.1,11.5,156.0,4.8,71.0,1.7
2025-03-10 21:00:00,2025,3,10,21,Vĩnh Long,Xã An Ngãi Trung,10.0916931,106.5448581,46,Good,0,27.4,77,0.0,21.5,82,1012.2,68,9.0,11.3,154.0,4.9,68.0,1.6
2025-03-10 22:00:00,2025,3,10,22,Vĩnh Long,Xã An Ngãi Trung,10.0916931,106.5448581,45,Good,0,27.2,76,0.0,21.9,81,1012.4,97,8.9,11.2,154.0,5.1,66.0,1.5
2025-03-10 23:00:00,2025,3,10,23,Vĩnh Long,Xã An Ngãi Trung,10.0916931,106.5448581,45,Good,0,27.0,77,0.0,22.7,82,1012.2,73,8.6,10.8,155.0,5.5,63.0,1.4
2025-03-11 00:00:00,2025,3,11,0,Vĩnh Long,Xã An Ngãi Trung,10.0916931,106.5448581,44,Good,0,26.8,78,0.0,20.6,81,1011.3,93,8.7,10.8,157.0,6.0,60.0,1.4
2025-03-11 01:00:00,2025,3,11,1,Vĩnh Long,Xã An Ngãi Trung,10.0916931,106.5448581,44,Good,0,26.6,80,0.0,18.7,82,1010.7,29,9.2,11.2,160.0,6.6,57.0,1.4
2025-03-11 02:00:00,2025,3,11,2,Vĩnh Long,Xã An Ngãi Trung,10.0916931,106.5448581,43,Good,0,26.4,81,0.0,17.7,81,1009.7,25,9.7,11.7,163.0,7.5,55.0,1.5
2025-03-11 03:00:00,2025,3,11,3,Vĩnh Long,Xã An Ngãi Trung,10.0916931,106.5448581,42,Good,0,26.4,82,0.0,17.4,83,1009.0,35,10.5,12.5,168.0,8.5,53.0,1.8
2025-03-11 04:00:00,2025,3,11,4,Vĩnh Long,Xã An Ngãi Trung,10.0916931,106.5448581,41,Good,0,26.3,82,0.0,15.7,84,1009.0,100,11.4,13.4,173.0,9.2,51.0,2.0
2025-03-11 05:00:00,2025,3,11,5,Vĩnh Long,Xã An Ngãi Trung,10.0916931,106.5448581,40,Good,0,26.1,83,0.0,15.6,79,1009.2,79,11.6,13.6,182.0,9.6,49.0,2.3
2025-03-11 06:00:00,2025,3,11,6,Vĩnh Long,Xã An Ngãi Trung,10.0916931,106.5448581,39,Good,0,26.0,84,0.0,14.9,75,1009.9,48,11.7,13.8,192.0,9.7,47.0,2.6
2025-03-11 07:00:00,2025,3,11,7,Vĩnh Long,Xã An Ngãi Trung,10.0916931,106.5448581,37,Good,0,27.0,80,0.0,13.0,68,1010.6,46,12.0,14.1,197.0,8.5,51.0,2.7
2025-03-11 08:00:00,2025,3,11,8,Vĩnh Long,Xã An Ngãi Trung,10.0916931,106.5448581,37,Good,0,29.0,71,0.0,17.8,79,1011.5,72,12.6,15.1,193.0,6.9,59.0,2.6
2025-03-11 09:00:00,2025,3,11,9,Vĩnh Long,Xã An Ngãi Trung,10.0916931,106.5448581,38,Good,0,30.5,61,0.0,20.6,81,1012.1,91,11.9,14.9,183.0,4.6,71.0,2.4
2025-03-11 10:00:00,2025,3,11,10,Vĩnh Long,Xã An Ngãi Trung,10.0916931,106.5448581,38,Good,0,31.5,56,0.0,22.8,85,1012.4,83,11.3,14.7,173.0,2.8,79.0,2.2
2025-03-11 11:00:00,2025,3,11,11,Vĩnh Long,Xã An Ngãi Trung,10.0916931,106.5448581,39,Good,0,32.3,51,0.0,24.1,84,1011.7,40,10.8,14.2,164.0,1.8,81.0,1.8
2025-03-11 12:00:00,2025,3,11,12,Vĩnh Long,Xã An Ngãi Trung,10.0916931,106.5448581,40,Good,0,32.8,49,0.0,25.1,85,1010.8,85,9.9,13.2,155.0,1.3,81.0,1.4
2025-03-11 13:00:00,2025,3,11,13,Vĩnh Long,Xã An Ngãi Trung,10.0916931,106.5448581,40,Good,0,32.4,50,0.0,24.7,88,1010.1,86,9.1,12.2,149.0,1.1,80.0,1.1
2025-03-11 14:00:00,2025,3,11,14,Vĩnh Long,Xã An Ngãi Trung,10.0916931,106.5448581,41,Good,0,32.2,52,0.0,23.2,90,1009.3,44,8.7,11.7,148.0,1.0,79.0,1.1
2025-03-11 15:00:00,2025,3,11,15,Vĩnh Long,Xã An Ngãi Trung,10.0916931,106.5448581,41,Good,0,31.3,58,0.0,23.0,96,1008.5,3,8.8,11.8,150.0,1.2,79.0,1.2
2025-03-11 16:00:00,2025,3,11,16,Vĩnh Long,Xã An Ngãi Trung,10.0916931,106.5448581,41,Good,0,30.8,58,0.0,22.4,96,1008.5,1,9.3,12.4,154.0,1.8,77.0,1.4
2025-03-11 17:00:00,2025,3,11,17,Vĩnh Long,Xã An Ngãi Trung,10.0916931,106.5448581,42,Good,0,29.2,68,0.0,20.7,104,1008.6,2,9.9,13.0,160.0,3.0,75.0,1.7
2025-03-11 18:00:00,2025,3,11,18,Vĩnh Long,Xã An Ngãi Trung,10.0916931,106.5448581,42,Good,0,28.0,72,0.0,18.2,93,1009.2,2,11.0,14.0,168.0,4.6,72.0,2.0
2025-03-11 19:00:00,2025,3,11,19,Vĩnh Long,Xã An Ngãi Trung,10.0916931,106.5448581,42,Good,0,27.5,75,0.0,17.5,94,1009.9,4,11.7,14.5,172.0,5.9,65.0,2.4
2025-03-11 20:00:00,2025,3,11,20,Vĩnh Long,Xã An Ngãi Trung,10.0916931,106.5448581,43,Good,0,27.4,77,0.0,18.8,97,1010.5,4,11.1,13.9,170.0,6.0,65.0,2.4
2025-03-11 21:00:00,2025,3,11,21,Vĩnh Long,Xã An Ngãi Trung,10.0916931,106.5448581,43,Good,0,27.1,78,0.0,17.7,93,1011.5,5,11.1,13.8,166.0,6.1,65.0,2.4
2025-03-11 22:00:00,2025,3,11,22,Vĩnh Long,Xã An Ngãi Trung,10.0916931,106.5448581,43,Good,0,26.8,81,0.0,16.9,89,1011.8,9,11.3,14.0,162.0,6.2,64.0,2.3
2025-03-11 23:00:00,2025,3,11,23,Vĩnh Long,Xã An Ngãi Trung,10.0916931,106.5448581,44,Good,0,26.5,83,0.0,18.0,88,1011.6,6,11.3,14.0,160.0,6.3,62.0,2.1
2025-03-12 00:00:00,2025,3,12,0,Vĩnh Long,Xã An Ngãi Trung,10.0916931,106.5448581,44,Good,0,26.3,84,0.0,16.7,90,1010.7,3,11.0,13.7,159.0,6.5,60.0,1.9
2025-03-12 01:00:00,2025,3,12,1,Vĩnh Long,Xã An Ngãi Trung,10.0916931,106.5448581,45,Good,0,26.3,83,0.0,16.6,88,1010.0,7,10.9,13.6,159.0,6.7,58.0,1.8
2025-03-12 02:00:00,2025,3,12,2,Vĩnh Long,Xã An Ngãi Trung,10.0916931,106.5448581,45,Good,0,26.1,83,0.0,15.8,91,1009.5,0,11.1,13.8,158.0,6.9,56.0,1.8
2025-03-12 03:00:00,2025,3,12,3,Vĩnh Long,Xã An Ngãi Trung,10.0916931,106.5448581,45,Good,0,26.0,84,0.0,14.8,92,1009.1,0,11.4,14.1,158.0,7.2,55.0,1.8
2025-03-12 04:00:00,2025,3,12,4,Vĩnh Long,Xã An Ngãi Trung,10.0916931,106.5448581,45,Good,0,25.9,85,0.0,14.3,94,1009.1,1,11.6,14.3,161.0,7.4,54.0,1.9
2025-03-12 05:00:00,2025,3,12,5,Vĩnh Long,Xã An Ngãi Trung,10.0916931,106.5448581,45,Good,0,25.9,85,0.0,14.3,95,1009.6,33,11.9,14.5,172.0,7.9,52.0,2.2
2025-03-12 06:00:00,2025,3,12,6,Vĩnh Long,Xã An Ngãi Trung,10.0916931,106.5448581,45,Good,0,25.9,84,0.0,15.3,92,1009.8,28,12.1,14.7,187.0,8.4,50.0,2.6
2025-03-12 07:00:00,2025,3,12,7,Vĩnh Long,Xã An Ngãi Trung,10.0916931,106.5448581,45,Good,0,27.1,78,0.0,17.6,89,1010.2,54,13.1,16.0,194.0,8.2,51.0,2.7
2025-03-12 08:00:00,2025,3,12,8,Vĩnh Long,Xã An Ngãi Trung,10.0916931,106.5448581,46,Good,0,29.0,69,0.0,19.7,86,1010.6,100,11.8,15.0,186.0,6.4,58.0,2.4
2025-03-12 09:00:00,2025,3,12,9,Vĩnh Long,Xã An Ngãi Trung,10.0916931,106.5448581,46,Good,0,30.5,61,0.0,22.5,86,1011.0,100,10.7,14.0,170.0,3.8,69.0,1.9
2025-03-12 10:00:00,2025,3,12,10,Vĩnh Long,Xã An Ngãi Trung,10.0916931,106.5448581,45,Good,0,31.5,56,0.0,24.0,86,1011.3,100,9.9,13.1,157.0,1.9,77.0,1.5
2025-03-12 11:00:00,2025,3,12,11,Vĩnh Long,Xã An Ngãi Trung,10.0916931,106.5448581,45,Good,0,32.2,53,0.0,23.7,85,1010.6,100,9.4,12.5,151.0,1.2,81.0,1.3
2025-03-12 12:00:00,2025,3,12,12,Vĩnh Long,Xã An Ngãi Trung,10.0916931,106.5448581,45,Good,0,32.5,52,0.0,23.6,89,1009.9,100,9.1,12.2,148.0,1.1,82.0,1.2
2025-03-12 13:00:00,2025,3,12,13,Vĩnh Long,Xã An Ngãi Trung,10.0916931,106.5448581,45,Good,0,32.2,53,0.0,23.7,95,1009.1,100,9.0,12.0,147.0,1.2,83.0,1.2
2025-03-12 14:00:00,2025,3,12,14,Vĩnh Long,Xã An Ngãi Trung,10.0916931,106.5448581,45,Good,0,32.0,55,0.0,23.0,97,1007.7,100,8.9,11.8,147.0,1.2,83.0,1.2
2025-03-12 15:00:00,2025,3,12,15,Vĩnh Long,Xã An Ngãi Trung,10.0916931,106.5448581,45,Good,0,31.2,59,0.0,21.6,101,1006.9,99,9.2,12.1,150.0,1.3,83.0,1.2
2025-03-12 16:00:00,2025,3,12,16,Vĩnh Long,Xã An Ngãi Trung,10.0916931,106.5448581,45,Good,0,30.1,63,0.0,22.4,103,1006.6,100,9.3,12.3,153.0,1.8,82.0,1.3
2025-03-12 17:00:00,2025,3,12,17,Vĩnh Long,Xã An Ngãi Trung,10.0916931,106.5448581,45,Good,0,28.7,70,0.0,19.8,102,1006.8,100,9.8,12.8,159.0,3.0,80.0,1.6
2025-03-12 18:00:00,2025,3,12,18,Vĩnh Long,Xã An Ngãi Trung,10.0916931,106.5448581,45,Good,0,27.3,80,0.0,16.1,103,1007.4,100,11.0,14.0,166.0,4.5,77.0,1.9
2025-03-12 19:00:00,2025,3,12,19,Vĩnh Long,Xã An Ngãi Trung,10.0916931,106.5448581,45,Good,0,26.8,84,0.0,17.2,100,1008.4,99,11.1,13.8,170.0,5.8,75.0,2.3
2025-03-12 20:00:00,2025,3,12,20,Vĩnh Long,Xã An Ngãi Trung,10.0916931,106.5448581,45,Good,0,26.8,85,0.0,16.0,102,1009.1,100,11.0,13.6,169.0,5.9,73.0,2.3
2025-03-12 21:00:00,2025,3,12,21,Vĩnh Long,Xã An Ngãi Trung,10.0916931,106.5448581,45,Good,0,26.7,86,0.0,16.9,99,1009.8,100,11.1,13.6,166.0,6.0,70.0,2.3
2025-03-12 22:00:00,2025,3,12,22,Vĩnh Long,Xã An Ngãi Trung,10.0916931,106.5448581,45,Good,0,26.5,87,0.0,14.8,103,1010.2,100,11.4,13.9,162.0,6.1,67.0,2.3
2025-03-12 23:00:00,2025,3,12,23,Vĩnh Long,Xã An Ngãi Trung,10.0916931,106.5448581,45,Good,0,26.3,89,0.0,16.0,99,1010.2,100,11.7,14.2,157.0,6.3,64.0,2.2
2025-03-13 00:00:00,2025,3,13,0,Vĩnh Long,Xã An Ngãi Trung,10.0916931,106.5448581,45,Good,0,26.2,89,0.0,15.0,100,1009.9,100,11.5,14.1,151.0,6.6,61.0,2.0
2025-03-13 01:00:00,2025,3,13,1,Vĩnh Long,Xã An Ngãi Trung,10.0916931,106.5448581,45,Good,0,26.0,89,0.0,13.5,100,1009.5,100,11.6,14.3,147.0,6.8,58.0,1.9
2025-03-13 02:00:00,2025,3,13,2,Vĩnh Long,Xã An Ngãi Trung,10.0916931,106.5448581,45,Good,0,25.9,89,0.0,12.1,97,1009.3,100,11.9,14.6,144.0,6.8,56.0,1.8
2025-03-13 03:00:00,2025,3,13,3,Vĩnh Long,Xã An Ngãi Trung,10.0916931,106.5448581,45,Good,0,25.9,88,0.0,13.0,96,1008.7,100,11.8,14.6,142.0,6.7,55.0,1.8
2025-03-13 04:00:00,2025,3,13,4,Vĩnh Long,Xã An Ngãi Trung,10.0916931,106.5448581,45,Good,0,25.9,88,0.0,14.7,96,1008.5,100,11.5,14.2,144.0,6.6,54.0,1.9
2025-03-13 05:00:00,2025,3,13,5,Vĩnh Long,Xã An Ngãi Trung,10.0916931,106.5448581,45,Good,0,25.9,87,0.0,15.0,94,1008.7,100,11.4,13.9,156.0,6.9,52.0,2.1
2025-03-13 06:00:00,2025,3,13,6,Vĩnh Long,Xã An Ngãi Trung,10.0916931,106.5448581,45,Good,0,25.6,89,0.0,15.4,95,1009.5,55,11.5,14.1,173.0,7.2,51.0,2.5
2025-03-13 07:00:00,2025,3,13,7,Vĩnh Long,Xã An Ngãi Trung,10.0916931,106.5448581,45,Good,0,26.6,83,0.0,18.2,95,1010.3,15,12.3,14.9,182.0,7.8,50.0,2.8
2025-03-13 08:00:00,2025,3,13,8,Vĩnh Long,Xã An Ngãi Trung,10.0916931,106.5448581,45,Good,0,28.5,72,0.0,21.4,93,1011.4,99,10.5,13.3,174.0,6.1,56.0,2.5
2025-03-13 09:00:00,2025,3,13,9,Vĩnh Long,Xã An Ngãi Trung,10.0916931,106.5448581,45,Good,0,29.7,65,0.0,22.4,95,1011.9,100,9.0,11.7,157.0,3.7,66.0,2.1
2025-03-13 10:00:00,2025,3,13,10,Vĩnh Long,Xã An Ngãi Trung,10.0916931,106.5448581,44,Good,0,30.6,60,0.0,23.3,96,1011.7,18,8.6,11.4,144.0,1.9,73.0,1.8
2025-03-13 11:00:00,2025,3,13,11,Vĩnh Long,Xã An Ngãi Trung,10.0916931,106.5448581,44,Good,0,31.4,58,0.0,23.0,96,1011.2,53,8.6,11.5,140.0,1.2,78.0,1.6
2025-03-13 12:00:00,2025,3,13,12,Vĩnh Long,Xã An Ngãi Trung,10.0916931,106.5448581,44,Good,0,31.8,57,0.0,22.0,95,1010.5,93,8.7,11.6,139.0,1.2,81.0,1.6
2025-03-13 13:00:00,2025,3,13,13,Vĩnh Long,Xã An Ngãi Trung,10.0916931,106.5448581,44,Good,0,31.8,56,0.0,20.2,95,1009.5,50,8.7,11.6,138.0,1.2,82.0,1.5
2025-03-13 14:00:00,2025,3,13,14,Vĩnh Long,Xã An Ngãi Trung,10.0916931,106.5448581,44,Good,0,31.6,56,0.0,19.4,101,1008.4,77,8.6,11.4,135.0,1.1,81.0,1.4
2025-03-13 15:00:00,2025,3,13,15,Vĩnh Long,Xã An Ngãi Trung,10.0916931,106.5448581,44,Good,0,31.1,57,0.0,20.6,106,1007.7,77,8.6,11.3,132.0,1.1,79.0,1.3
2025-03-13 16:00:00,2025,3,13,16,Vĩnh Long,Xã An Ngãi Trung,10.0916931,106.5448581,44,Good,0,30.0,63,0.0,20.3,107,1007.4,99,8.6,11.2,133.0,1.7,77.0,1.4
2025-03-13 17:00:00,2025,3,13,17,Vĩnh Long,Xã An Ngãi Trung,10.0916931,106.5448581,43,Good,0,28.5,71,0.0,17.9,108,1007.4,0,9.1,11.7,141.0,3.2,75.0,1.7
2025-03-13 18:00:00,2025,3,13,18,Vĩnh Long,Xã An Ngãi Trung,10.0916931,106.5448581,43,Good,0,27.0,81,0.0,14.8,106,1007.4,1,10.7,13.4,152.0,5.1,72.0,2.2
2025-03-13 19:00:00,2025,3,13,19,Vĩnh Long,Xã An Ngãi Trung,10.0916931,106.5448581,43,Good,0,26.5,85,0.0,12.6,103,1008.2,4,15.4,19.0,161.0,7.5,68.0,2.8
2025-03-13 20:00:00,2025,3,13,20,Vĩnh Long,Xã An Ngãi Trung,10.0916931,106.5448581,44,Good,0,26.5,87,0.0,11.1,107,1009.7,2,17.0,20.6,167.0,8.3,66.0,3.1
2025-03-13 21:00:00,2025,3,13,21,Vĩnh Long,Xã An Ngãi Trung,10.0916931,106.5448581,45,Good,0,26.3,89,0.0,11.4,103,1010.4,2,18.7,22.4,170.0,9.4,63.0,3.5
2025-03-13 22:00:00,2025,3,13,22,Vĩnh Long,Xã An Ngãi Trung,10.0916931,106.5448581,46,Good,0,26.1,90,0.0,10.5,106,1011.0,2,20.4,24.1,170.0,10.1,61.0,3.7
2025-03-13 23:00:00,2025,3,13,23,Vĩnh Long,Xã An Ngãi Trung,10.0916931,106.5448581,48,Good,0,26.0,91,0.0,11.8,110,1011.5,17,20.9,24.7,164.0,10.0,60.0,3.4
2025-03-14 00:00:00,2025,3,14,0,Vĩnh Long,Xã An Ngãi Trung,10.0916931,106.5448581,50,Good,0,25.9,91,0.0,12.4,103,1010.9,1,19.9,23.6,155.0,9.6,60.0,2.9
2025-03-14 01:00:00,2025,3,14,1,Vĩnh Long,Xã An Ngãi Trung,10.0916931,106.5448581,51,Moderate,1,25.8,90,0.0,11.8,102,1010.7,9,18.3,21.9,147.0,9.2,59.0,2.5
2025-03-14 02:00:00,2025,3,14,2,Vĩnh Long,Xã An Ngãi Trung,10.0916931,106.5448581,51,Moderate,1,25.6,91,0.0,12.2,98,1010.0,10,16.9,20.5,142.0,9.1,57.0,2.3
2025-03-14 03:00:00,2025,3,14,3,Vĩnh Long,Xã An Ngãi Trung,10.0916931,106.5448581,52,Moderate,1,25.5,91,0.0,11.5,94,1009.6,14,16.4,19.8,138.0,9.0,56.0,2.2
2025-03-14 04:00:00,2025,3,14,4,Vĩnh Long,Xã An Ngãi Trung,10.0916931,106.5448581,52,Moderate,1,25.4,91,0.0,11.7,87,1009.7,17,15.8,19.2,139.0,8.9,54.0,2.2
2025-03-14 05:00:00,2025,3,14,5,Vĩnh Long,Xã An Ngãi Trung,10.0916931,106.5448581,52,Moderate,1,25.5,90,0.0,12.6,85,1009.7,15,15.0,18.2,151.0,8.9,52.0,2.4
2025-03-14 06:00:00,2025,3,14,6,Vĩnh Long,Xã An Ngãi Trung,10.0916931,106.5448581,53,Moderate,1,25.5,90,0.0,13.2,88,1010.4,36,14.5,17.6,169.0,8.9,51.0,2.6
2025-03-14 07:00:00,2025,3,14,7,Vĩnh Long,Xã An Ngãi Trung,10.0916931,106.5448581,53,Moderate,1,26.7,84,0.0,16.9,89,1011.3,93,15.0,18.7,177.0,8.2,52.0,2.7
2025-03-14 08:00:00,2025,3,14,8,Vĩnh Long,Xã An Ngãi Trung,10.0916931,106.5448581,53,Moderate,1,28.5,73,0.0,20.1,85,1011.7,90,12.8,16.5,167.0,6.4,59.0,2.4
2025-03-14 09:00:00,2025,3,14,9,Vĩnh Long,Xã An Ngãi Trung,10.0916931,106.5448581,53,Moderate,1,29.9,64,0.0,20.9,88,1012.2,100,11.9,15.7,148.0,4.0,69.0,2.0
2025-03-14 10:00:00,2025,3,14,10,Vĩnh Long,Xã An Ngãi Trung,10.0916931,106.5448581,54,Moderate,1,31.0,58,0.0,21.1,90,1012.5,98,10.9,14.7,133.0,2.1,76.0,1.6
2025-03-14 11:00:00,2025,3,14,11,Vĩnh Long,Xã An Ngãi Trung,10.0916931,106.5448581,54,Moderate,1,31.7,55,0.0,20.5,93,1012.0,98,10.0,13.5,128.0,1.4,79.0,1.4
2025-03-14 12:00:00,2025,3,14,12,Vĩnh Long,Xã An Ngãi Trung,10.0916931,106.5448581,54,Moderate,1,32.2,52,0.0,20.6,95,1011.3,98,9.3,12.6,127.0,1.2,79.0,1.3
2025-03-14 13:00:00,2025,3,14,13,Vĩnh Long,Xã An Ngãi Trung,10.0916931,106.5448581,54,Moderate,1,32.2,52,0.0,19.5,99,1010.5,85,8.8,11.8,127.0,1.2,79.0,1.2
2025-03-14 14:00:00,2025,3,14,14,Vĩnh Long,Xã An Ngãi Trung,10.0916931,106.5448581,54,Moderate,1,31.9,54,0.0,17.9,99,1009.4,12,8.4,11.3,127.0,1.1,79.0,1.2
2025-03-14 15:00:00,2025,3,14,15,Vĩnh Long,Xã An Ngãi Trung,10.0916931,106.5448581,54,Moderate,1,31.4,55,0.0,16.7,101,1008.8,15,8.4,11.1,127.0,1.2,78.0,1.2
2025-03-14 16:00:00,2025,3,14,16,Vĩnh Long,Xã An Ngãi Trung,10.0916931,106.5448581,54,Moderate,1,30.4,60,0.0,16.9,106,1008.6,27,8.7,11.4,131.0,1.8,77.0,1.4
2025-03-14 17:00:00,2025,3,14,17,Vĩnh Long,Xã An Ngãi Trung,10.0916931,106.5448581,54,Moderate,1,29.0,66,0.0,15.5,103,1008.5,56,9.7,12.6,140.0,3.5,74.0,1.8
2025-03-14 18:00:00,2025,3,14,18,Vĩnh Long,Xã An Ngãi Trung,10.0916931,106.5448581,54,Moderate,1,27.2,76,0.0,13.0,104,1008.8,49,11.3,14.4,152.0,5.7,71.0,2.3
2025-03-14 19:00:00,2025,3,14,19,Vĩnh Long,Xã An Ngãi Trung,10.0916931,106.5448581,54,Moderate,1,26.5,83,0.0,11.2,112,1009.6,89,18.2,22.4,161.0,9.5,62.0,3.4
2025-03-14 20:00:00,2025,3,14,20,Vĩnh Long,Xã An Ngãi Trung,10.0916931,106.5448581,54,Moderate,1,26.2,89,0.0,10.5,117,1010.4,94,18.1,21.9,164.0,9.5,62.0,3.4
2025-03-14 21:00:00,2025,3,14,21,Vĩnh Long,Xã An Ngãi Trung,10.0916931,106.5448581,54,Moderate,1,25.9,91,0.0,11.7,115,1010.8,100,18.2,21.8,163.0,9.5,61.0,3.5
2025-03-14 22:00:00,2025,3,14,22,Vĩnh Long,Xã An Ngãi Trung,10.0916931,106.5448581,54,Moderate,1,25.8,92,0.0,10.8,114,1011.9,100,18.5,22.1,159.0,9.4,60.0,3.4
2025-03-14 23:00:00,2025,3,14,23,Vĩnh Long,Xã An Ngãi Trung,10.0916931,106.5448581,54,Moderate,1,25.9,91,0.0,12.1,111,1012.3,100,18.3,21.7,151.0,9.2,58.0,3.1
2025-03-15 00:00:00,2025,3,15,0,Vĩnh Long,Xã An Ngãi Trung,10.0916931,106.5448581,54,Moderate,1,25.8,91,0.0,11.7,108,1012.0,100,17.4,20.5,139.0,9.0,55.0,2.7
2025-03-15 01:00:00,2025,3,15,1,Vĩnh Long,Xã An Ngãi Trung,10.0916931,106.5448581,54,Moderate,1,25.6,92,0.0,10.8,105,1011.7,100,17.2,20.2,132.0,9.1,52.0,2.4
2025-03-15 02:00:00,2025,3,15,2,Vĩnh Long,Xã An Ngãi Trung,10.0916931,106.5448581,54,Moderate,1,25.5,92,0.0,10.2,103,1011.0,100,17.8,20.7,131.0,9.9,48.0,2.3
2025-03-15 03:00:00,2025,3,15,3,Vĩnh Long,Xã An Ngãi Trung,10.0916931,106.5448581,54,Moderate,1,25.5,92,0.0,8.9,103,1010.2,100,19.4,22.3,133.0,11.1,44.0,2.4
2025-03-15 04:00:00,2025,3,15,4,Vĩnh Long,Xã An Ngãi Trung,10.0916931,106.5448581,54,Moderate,1,25.1,93,0.0,8.5,111,1010.0,100,21.0,23.9,140.0,12.0,41.0,2.6
2025-03-15 05:00:00,2025,3,15,5,Vĩnh Long,Xã An Ngãi Trung,10.0916931,106.5448581,55,Moderate,1,24.9,94,0.0,7.3,107,1010.0,100,21.8,24.8,155.0,12.6,40.0,3.1
2025-03-15 06:00:00,2025,3,15,6,Vĩnh Long,Xã An Ngãi Trung,10.0916931,106.5448581,55,Moderate,1,25.0,93,0.0,7.4,103,1010.7,100,22.9,25.9,174.0,12.9,39.0,3.7
2025-03-15 07:00:00,2025,3,15,7,Vĩnh Long,Xã An Ngãi Trung,10.0916931,106.5448581,56,Moderate,1,26.6,83,0.0,13.0,101,1011.3,100,19.3,23.7,183.0,8.1,48.0,3.1
2025-03-15 08:00:00,2025,3,15,8,Vĩnh Long,Xã An Ngãi Trung,10.0916931,106.5448581,56,Moderate,1,28.5,74,0.0,15.5,110,1012.0,100,16.0,20.3,174.0,6.3,54.0,2.7
2025-03-15 09:00:00,2025,3,15,9,Vĩnh Long,Xã An Ngãi Trung,10.0916931,106.5448581,57,Moderate,1,29.8,67,0.0,15.8,111,1012.5,100,13.3,17.5,156.0,3.8,61.0,2.1
2025-03-15 10:00:00,2025,3,15,10,Vĩnh Long,Xã An Ngãi Trung,10.0916931,106.5448581,57,Moderate,1,30.8,62,0.0,15.9,112,1012.5,100,12.7,17.0,142.0,1.9,68.0,1.6
2025-03-15 11:00:00,2025,3,15,11,Vĩnh Long,Xã An Ngãi Trung,10.0916931,106.5448581,57,Moderate,1,32.0,56,0.0,16.1,110,1011.9,68,12.2,16.4,137.0,1.2,72.0,1.4
2025-03-15 12:00:00,2025,3,15,12,Vĩnh Long,Xã An Ngãi Trung,10.0916931,106.5448581,57,Moderate,1,32.5,54,0.0,15.5,108,1011.2,18,12.2,16.4,137.0,1.2,76.0,1.3
2025-03-15 13:00:00,2025,3,15,13,Vĩnh Long,Xã An Ngãi Trung,10.0916931,106.5448581,57,Moderate,1,32.4,54,0.0,15.1,105,1010.3,28,12.1,16.2,137.0,1.3,78.0,1.3
2025-03-15 14:00:00,2025,3,15,14,Vĩnh Long,Xã An Ngãi Trung,10.0916931,106.5448581,58,Moderate,1,32.1,55,0.0,14.8,106,1009.2,9,12.1,16.2,137.0,1.2,79.0,1.3
2025-03-15 15:00:00,2025,3,15,15,Vĩnh Long,Xã An Ngãi Trung,10.0916931,106.5448581,58,Moderate,1,31.5,56,0.0,14.4,113,1008.5,79,12.1,16.1,138.0,1.2,80.0,1.3
2025-03-15 16:00:00,2025,3,15,16,Vĩnh Long,Xã An Ngãi Trung,10.0916931,106.5448581,58,Moderate,1,30.5,61,0.0,14.5,115,1008.3,100,12.3,16.3,141.0,2.0,78.0,1.5
2025-03-15 17:00:00,2025,3,15,17,Vĩnh Long,Xã An Ngãi Trung,10.0916931,106.5448581,59,Moderate,1,29.1,70,0.0,12.7,115,1008.4,100,12.7,16.6,150.0,4.1,73.0,2.0
2025-03-15 18:00:00,2025,3,15,18,Vĩnh Long,Xã An Ngãi Trung,10.0916931,106.5448581,59,Moderate,1,27.8,77,0.0,12.0,127,1008.6,100,14.1,17.8,161.0,6.8,66.0,2.7
2025-03-15 19:00:00,2025,3,15,19,Vĩnh Long,Xã An Ngãi Trung,10.0916931,106.5448581,59,Moderate,1,26.8,84,0.0,11.4,125,1009.4,7,19.8,24.3,169.0,8.7,59.0,3.3
2025-03-15 20:00:00,2025,3,15,20,Vĩnh Long,Xã An Ngãi Trung,10.0916931,106.5448581,59,Moderate,1,26.5,88,0.0,10.4,129,1010.6,28,21.3,25.6,170.0,10.3,55.0,3.8
2025-03-15 21:00:00,2025,3,15,21,Vĩnh Long,Xã An Ngãi Trung,10.0916931,106.5448581,59,Moderate,1,26.1,90,0.0,9.1,115,1011.2,10,23.9,28.0,167.0,12.5,50.0,4.5
2025-03-15 22:00:00,2025,3,15,22,Vĩnh Long,Xã An Ngãi Trung,10.0916931,106.5448581,60,Moderate,1,25.9,92,0.0,9.2,118,1011.0,1,26.7,30.6,164.0,14.1,46.0,4.9
2025-03-15 23:00:00,2025,3,15,23,Vĩnh Long,Xã An Ngãi Trung,10.0916931,106.5448581,61,Moderate,1,25.8,93,0.0,9.6,118,1011.3,8,27.9,31.8,159.0,14.5,44.0,4.6
2025-03-16 00:00:00,2025,3,16,0,Vĩnh Long,Xã An Ngãi Trung,10.0916931,106.5448581,62,Moderate,1,25.5,94,0.0,8.6,105,1011.0,61,27.5,31.3,154.0,14.4,44.0,4.0
2025-03-16 01:00:00,2025,3,16,1,Vĩnh Long,Xã An Ngãi Trung,10.0916931,106.5448581,62,Moderate,1,25.5,94,0.0,8.3,112,1010.7,49,26.7,30.5,151.0,14.2,43.0,3.5
2025-03-16 02:00:00,2025,3,16,2,Vĩnh Long,Xã An Ngãi Trung,10.0916931,106.5448581,63,Moderate,1,25.4,94,0.0,6.0,115,1010.3,41,26.2,29.9,151.0,14.2,42.0,3.2
2025-03-16 03:00:00,2025,3,16,3,Vĩnh Long,Xã An Ngãi Trung,10.0916931,106.5448581,64,Moderate,1,25.2,95,0.0,5.8,116,1009.8,13,26.4,30.0,154.0,14.1,41.0,3.1
2025-03-16 04:00:00,2025,3,16,4,Vĩnh Long,Xã An Ngãi Trung,10.0916931,106.5448581,65,Moderate,1,25.0,96,0.0,6.8,115,1009.7,18,26.8,30.4,159.0,14.1,41.0,3.2
2025-03-16 05:00:00,2025,3,16,5,Vĩnh Long,Xã An Ngãi Trung,10.0916931,106.5448581,65,Moderate,1,25.0,95,0.0,7.1,117,1009.8,14,27.4,30.9,169.0,14.7,41.0,3.9
2025-03-16 06:00:00,2025,3,16,6,Vĩnh Long,Xã An Ngãi Trung,10.0916931,106.5448581,66,Moderate,1,24.9,96,0.0,6.5,114,1010.4,40,30.4,34.0,182.0,15.3,43.0,4.8
2025-03-16 07:00:00,2025,3,16,7,Vĩnh Long,Xã An Ngãi Trung,10.0916931,106.5448581,66,Moderate,1,26.5,86,0.0,10.8,105,1010.9,68,27.9,33.3,188.0,11.1,51.0,4.3
2025-03-16 08:00:00,2025,3,16,8,Vĩnh Long,Xã An Ngãi Trung,10.0916931,106.5448581,67,Moderate,1,28.5,75,0.0,10.6,100,1011.9,20,21.0,26.4,181.0,8.3,59.0,3.5
2025-03-16 09:00:00,2025,3,16,9,Vĩnh Long,Xã An Ngãi Trung,10.0916931,106.5448581,68,Moderate,1,30.2,65,0.0,10.2,100,1012.4,66,16.0,20.8,167.0,4.5,71.0,2.5
2025-03-16 10:00:00,2025,3,16,10,Vĩnh Long,Xã An Ngãi Trung,10.0916931,106.5448581,68,Moderate,1,31.4,59,0.0,12.6,107,1012.1,21,13.6,17.9,156.0,1.7,80.0,1.7
2025-03-16 11:00:00,2025,3,16,11,Vĩnh Long,Xã An Ngãi Trung,10.0916931,106.5448581,68,Moderate,1,31.6,57,0.0,14.6,109,1011.6,25,12.3,16.2,151.0,0.9,84.0,1.4
2025-03-16 12:00:00,2025,3,16,12,Vĩnh Long,Xã An Ngãi Trung,10.0916931,106.5448581,68,Moderate,1,31.9,55,0.0,15.1,110,1010.9,51,11.5,15.1,149.0,1.0,86.0,1.3
2025-03-16 13:00:00,2025,3,16,13,Vĩnh Long,Xã An Ngãi Trung,10.0916931,106.5448581,68,Moderate,1,31.9,53,0.0,16.3,111,1009.9,42,11.3,14.8,148.0,1.3,87.0,1.3
2025-03-16 14:00:00,2025,3,16,14,Vĩnh Long,Xã An Ngãi Trung,10.0916931,106.5448581,68,Moderate,1,31.6,52,0.0,16.9,112,1008.8,16,11.1,14.5,146.0,1.1,87.0,1.2
2025-03-16 15:00:00,2025,3,16,15,Vĩnh Long,Xã An Ngãi Trung,10.0916931,106.5448581,68,Moderate,1,31.0,55,0.0,17.3,113,1008.1,6,11.1,14.4,145.0,1.0,85.0,1.2
2025-03-16 16:00:00,2025,3,16,16,Vĩnh Long,Xã An Ngãi Trung,10.0916931,106.5448581,68,Moderate,1,30.1,61,0.0,17.6,121,1007.8,2,11.2,14.4,147.0,1.8,82.0,1.4
2025-03-16 17:00:00,2025,3,16,17,Vĩnh Long,Xã An Ngãi Trung,10.0916931,106.5448581,67,Moderate,1,28.6,70,0.0,14.9,121,1007.8,1,11.5,14.7,156.0,4.2,76.0,2.0
2025-03-16 18:00:00,2025,3,16,18,Vĩnh Long,Xã An Ngãi Trung,10.0916931,106.5448581,67,Moderate,1,27.3,77,0.0,13.0,118,1008.4,22,13.0,16.1,169.0,7.4,67.0,2.7
2025-03-16 19:00:00,2025,3,16,19,Vĩnh Long,Xã An Ngãi Trung,10.0916931,106.5448581,67,Moderate,1,26.8,82,0.0,11.1,107,1009.2,52,18.0,21.4,179.0,8.2,61.0,3.1
2025-03-16 20:00:00,2025,3,16,20,Vĩnh Long,Xã An Ngãi Trung,10.0916931,106.5448581,67,Moderate,1,26.8,86,0.0,10.2,113,1009.9,98,18.1,21.3,182.0,8.1,62.0,3.1
2025-03-16 21:00:00,2025,3,16,21,Vĩnh Long,Xã An Ngãi Trung,10.0916931,106.5448581,67,Moderate,1,26.6,86,0.0,11.2,114,1010.2,100,17.7,20.8,181.0,7.9,62.0,3.1
2025-03-16 22:00:00,2025,3,16,22,Vĩnh Long,Xã An Ngãi Trung,10.0916931,106.5448581,66,Moderate,1,26.4,88,0.0,9.1,104,1011.0,99,17.3,20.4,179.0,7.8,63.0,3.0
2025-03-16 23:00:00,2025,3,16,23,Vĩnh Long,Xã An Ngãi Trung,10.0916931,106.5448581,65,Moderate,1,26.2,87,0.0,10.1,101,1011.2,99,17.5,20.9,174.0,7.5,64.0,2.7
2025-03-17 00:00:00,2025,3,17,0,Vĩnh Long,Xã An Ngãi Trung,10.0916931,106.5448581,64,Moderate,1,26.0,89,0.0,11.1,107,1010.8,100,17.2,20.8,167.0,7.2,65.0,2.2
2025-03-17 01:00:00,2025,3,17,1,Vĩnh Long,Xã An Ngãi Trung,10.0916931,106.5448581,64,Moderate,1,26.1,88,0.0,13.5,113,1010.4,100,18.2,22.1,164.0,7.7,65.0,2.0
2025-03-17 02:00:00,2025,3,17,2,Vĩnh Long,Xã An Ngãi Trung,10.0916931,106.5448581,63,Moderate,1,26.1,86,0.0,14.4,113,1010.1,98,20.7,24.8,165.0,9.5,63.0,2.2
2025-03-17 03:00:00,2025,3,17,3,Vĩnh Long,Xã An Ngãi Trung,10.0916931,106.5448581,62,Moderate,1,26.1,86,0.0,13.8,107,1009.7,99,25.1,29.2,170.0,12.1,59.0,2.6
2025-03-17 04:00:00,2025,3,17,4,Vĩnh Long,Xã An Ngãi Trung,10.0916931,106.5448581,62,Moderate,1,26.1,84,0.0,14.3,95,1009.6,95,27.2,31.3,182.0,14.2,57.0,3.1
2025-03-17 05:00:00,2025,3,17,5,Vĩnh Long,Xã An Ngãi Trung,10.0916931,106.5448581,62,Moderate,1,26.1,84,0.0,11.9,75,1010.1,94,29.5,33.6,208.0,15.7,55.0,3.7
2025-03-17 06:00:00,2025,3,17,6,Vĩnh Long,Xã An Ngãi Trung,10.0916931,106.5448581,62,Moderate,1,25.8,84,0.0,9.7,65,1010.6,99,30.2,34.1,241.0,16.6,53.0,4.4
2025-03-17 07:00:00,2025,3,17,7,Vĩnh Long,Xã An Ngãi Trung,10.0916931,106.5448581,62,Moderate,1,26.4,80,0.0,9.9,38,1011.2,99,28.8,32.7,259.0,15.9,57.0,4.7
2025-03-17 08:00:00,2025,3,17,8,Vĩnh Long,Xã An Ngãi Trung,10.0916931,106.5448581,63,Moderate,1,28.6,69,0.0,12.3,63,1011.5,30,15.0,18.7,247.0,12.6,69.0,4.4
2025-03-17 09:00:00,2025,3,17,9,Vĩnh Long,Xã An Ngãi Trung,10.0916931,106.5448581,62,Moderate,1,30.1,61,0.0,15.4,66,1012.2,25,14.0,17.8,220.0,8.0,86.0,3.9
2025-03-17 10:00:00,2025,3,17,10,Vĩnh Long,Xã An Ngãi Trung,10.0916931,106.5448581,62,Moderate,1,31.1,57,0.1,15.6,73,1012.3,21,14.9,19.0,199.0,4.4,99.0,3.4
2025-03-17 11:00:00,2025,3,17,11,Vĩnh Long,Xã An Ngãi Trung,10.0916931,106.5448581,62,Moderate,1,31.8,56,0.1,15.2,83,1011.7,16,14.7,18.3,194.0,2.7,105.0,2.9
2025-03-17 12:00:00,2025,3,17,12,Vĩnh Long,Xã An Ngãi Trung,10.0916931,106.5448581,62,Moderate,1,32.2,55,0.0,14.9,89,1010.9,23,13.4,16.5,195.0,2.0,108.0,2.3
2025-03-17 13:00:00,2025,3,17,13,Vĩnh Long,Xã An Ngãi Trung,10.0916931,106.5448581,62,Moderate,1,32.3,53,0.0,15.7,96,1009.9,13,12.0,15.1,192.0,1.6,107.0,1.8
2025-03-17 14:00:00,2025,3,17,14,Vĩnh Long,Xã An Ngãi Trung,10.0916931,106.5448581,62,Moderate,1,31.9,52,0.0,16.5,100,1009.1,80,11.2,14.3,178.0,1.4,102.0,1.5
2025-03-17 15:00:00,2025,3,17,15,Vĩnh Long,Xã An Ngãi Trung,10.0916931,106.5448581,62,Moderate,1,31.0,56,0.0,17.5,102,1008.4,100,11.2,14.6,161.0,1.5,93.0,1.2
2025-03-17 16:00:00,2025,3,17,16,Vĩnh Long,Xã An Ngãi Trung,10.0916931,106.5448581,62,Moderate,1,30.0,63,0.0,20.5,101,1008.4,100,10.3,13.5,154.0,2.1,86.0,1.2
2025-03-17 17:00:00,2025,3,17,17,Vĩnh Long,Xã An Ngãi Trung,10.0916931,106.5448581,62,Moderate,1,28.2,73,0.0,20.2,92,1008.6,100,10.8,13.9,166.0,3.5,81.0,1.5
2025-03-17 18:00:00,2025,3,17,18,Vĩnh Long,Xã An Ngãi Trung,10.0916931,106.5448581,62,Moderate,1,27.4,77,0.0,17.8,98,1009.2,100,11.9,14.9,188.0,5.3,77.0,2.0
2025-03-17 19:00:00,2025,3,17,19,Vĩnh Long,Xã An Ngãi Trung,10.0916931,106.5448581,62,Moderate,1,27.0,81,0.0,17.3,92,1009.9,100,17.1,20.5,208.0,8.2,69.0,2.7
2025-03-17 20:00:00,2025,3,17,20,Vĩnh Long,Xã An Ngãi Trung,10.0916931,106.5448581,62,Moderate,1,27.2,80,0.0,19.1,90,1010.4,65,15.9,19.3,222.0,8.0,73.0,2.7
2025-03-17 21:00:00,2025,3,17,21,Vĩnh Long,Xã An Ngãi Trung,10.0916931,106.5448581,62,Moderate,1,27.0,80,0.0,19.1,88,1011.3,35,15.4,18.6,234.0,7.8,78.0,2.8
2025-03-17 22:00:00,2025,3,17,22,Vĩnh Long,Xã An Ngãi Trung,10.0916931,106.5448581,62,Moderate,1,27.0,76,0.0,19.7,85,1011.4,66,15.4,18.5,248.0,7.6,82.0,2.7
2025-03-17 23:00:00,2025,3,17,23,Vĩnh Long,Xã An Ngãi Trung,10.0916931,106.5448581,61,Moderate,1,26.9,78,0.0,17.2,79,1011.5,94,15.3,18.3,266.0,7.4,82.0,2.5
2025-03-18 00:00:00,2025,3,18,0,Vĩnh Long,Xã An Ngãi Trung,10.0916931,106.5448581,61,Moderate,1,26.7,79,0.0,13.8,76,1011.7,99,14.2,17.2,284.0,7.1,81.0,2.1
2025-03-18 01:00:00,2025,3,18,1,Vĩnh Long,Xã An Ngãi Trung,10.0916931,106.5448581,61,Moderate,1,26.5,81,0.0,12.6,80,1011.2,100,13.2,16.0,300.0,7.2,79.0,1.9
2025-03-18 02:00:00,2025,3,18,2,Vĩnh Long,Xã An Ngãi Trung,10.0916931,106.5448581,61,Moderate,1,26.2,83,0.0,12.8,79,1010.5,100,13.2,15.8,307.0,7.8,76.0,1.8
2025-03-18 03:00:00,2025,3,18,3,Vĩnh Long,Xã An Ngãi Trung,10.0916931,106.5448581,60,Moderate,1,25.9,86,0.0,11.0,75,1010.0,99,14.2,16.6,311.0,8.8,72.0,1.9
2025-03-18 04:00:00,2025,3,18,4,Vĩnh Long,Xã An Ngãi Trung,10.0916931,106.5448581,59,Moderate,1,25.6,88,0.0,10.0,72,1010.2,100,15.3,17.6,323.0,9.5,70.0,2.0
2025-03-18 05:00:00,2025,3,18,5,Vĩnh Long,Xã An Ngãi Trung,10.0916931,106.5448581,58,Moderate,1,25.4,89,0.0,8.8,62,1010.6,96,15.4,17.7,355.0,10.0,68.0,2.3
2025-03-18 06:00:00,2025,3,18,6,Vĩnh Long,Xã An Ngãi Trung,10.0916931,106.5448581,57,Moderate,1,25.2,89,0.0,8.5,61,1011.4,16,15.3,17.5,396.0,10.2,67.0,2.6
2025-03-18 07:00:00,2025,3,18,7,Vĩnh Long,Xã An Ngãi Trung,10.0916931,106.5448581,55,Moderate,1,26.4,82,0.0,10.1,65,1012.0,94,15.4,17.9,424.0,7.8,80.0,2.4
2025-03-18 08:00:00,2025,3,18,8,Vĩnh Long,Xã An Ngãi Trung,10.0916931,106.5448581,54,Moderate,1,27.2,75,0.3,14.1,63,1013.3,24,13.0,15.9,431.0,6.2,91.0,2.1
2025-03-18 09:00:00,2025,3,18,9,Vĩnh Long,Xã An Ngãi Trung,10.0916931,106.5448581,54,Moderate,1,29.8,65,0.1,11.5,61,1013.5,72,12.1,15.1,426.0,3.9,105.0,1.6
2025-03-18 10:00:00,2025,3,18,10,Vĩnh Long,Xã An Ngãi Trung,10.0916931,106.5448581,54,Moderate,1,31.1,61,0.0,11.7,73,1013.4,99,11.2,14.1,410.0,2.2,117.0,1.3
2025-03-18 11:00:00,2025,3,18,11,Vĩnh Long,Xã An Ngãi Trung,10.0916931,106.5448581,53,Moderate,1,31.0,62,0.3,15.7,85,1012.5,79,10.4,13.2,378.0,1.5,123.0,1.1
2025-03-18 12:00:00,2025,3,18,12,Vĩnh Long,Xã An Ngãi Trung,10.0916931,106.5448581,53,Moderate,1,31.7,54,0.1,18.4,90,1011.6,8,9.7,12.3,336.0,1.4,126.0,1.0
2025-03-18 13:00:00,2025,3,18,13,Vĩnh Long,Xã An Ngãi Trung,10.0916931,106.5448581,53,Moderate,1,32.2,50,0.0,18.3,97,1010.5,14,9.4,11.9,303.0,1.4,128.0,1.0
2025-03-18 14:00:00,2025,3,18,14,Vĩnh Long,Xã An Ngãi Trung,10.0916931,106.5448581,53,Moderate,1,31.2,57,0.0,19.8,98,1009.5,8,9.6,12.3,289.0,1.4,128.0,1.0
2025-03-18 15:00:00,2025,3,18,15,Vĩnh Long,Xã An Ngãi Trung,10.0916931,106.5448581,58,Moderate,1,31.1,57,0.0,22.0,90,1009.1,16,10.3,13.2,284.0,1.6,127.0,1.1
2025-03-18 16:00:00,2025,3,18,16,Vĩnh Long,Xã An Ngãi Trung,10.0916931,106.5448581,68,Moderate,1,30.0,60,0.0,23.2,92,1009.2,11,10.9,14.0,282.0,2.1,124.0,1.2
2025-03-18 17:00:00,2025,3,18,17,Vĩnh Long,Xã An Ngãi Trung,10.0916931,106.5448581,75,Moderate,1,28.1,71,0.0,22.8,96,1009.4,4,12.0,15.4,282.0,3.3,120.0,1.5
2025-03-18 18:00:00,2025,3,18,18,Vĩnh Long,Xã An Ngãi Trung,10.0916931,106.5448581,78,Moderate,1,27.0,77,0.0,19.4,92,1009.7,5,13.9,17.4,285.0,4.8,114.0,1.8
2025-03-18 19:00:00,2025,3,18,19,Vĩnh Long,Xã An Ngãi Trung,10.0916931,106.5448581,77,Moderate,1,27.0,78,0.0,17.3,94,1010.2,6,18.0,22.0,288.0,6.2,110.0,2.3
2025-03-18 20:00:00,2025,3,18,20,Vĩnh Long,Xã An Ngãi Trung,10.0916931,106.5448581,74,Moderate,1,27.0,77,0.0,19.5,96,1011.4,94,17.5,21.1,290.0,6.3,108.0,2.3
2025-03-18 21:00:00,2025,3,18,21,Vĩnh Long,Xã An Ngãi Trung,10.0916931,106.5448581,71,Moderate,1,26.9,78,0.0,19.5,94,1012.1,90,17.3,20.7,291.0,6.5,106.0,2.4
2025-03-18 22:00:00,2025,3,18,22,Vĩnh Long,Xã An Ngãi Trung,10.0916931,106.5448581,66,Moderate,1,26.8,79,0.0,19.6,89,1012.1,99,16.7,20.0,292.0,6.6,103.0,2.3
2025-03-18 23:00:00,2025,3,18,23,Vĩnh Long,Xã An Ngãi Trung,10.0916931,106.5448581,61,Moderate,1,26.6,81,0.0,18.0,82,1012.9,100,15.9,18.9,293.0,6.3,101.0,2.0
2025-03-19 00:00:00,2025,3,19,0,Vĩnh Long,Xã An Ngãi Trung,10.0916931,106.5448581,55,Moderate,1,26.5,83,0.0,17.1,78,1012.5,97,14.9,17.6,293.0,5.9,99.0,1.6
2025-03-19 01:00:00,2025,3,19,1,Vĩnh Long,Xã An Ngãi Trung,10.0916931,106.5448581,53,Moderate,1,26.4,82,0.0,17.9,81,1011.9,97,13.9,16.3,295.0,5.8,97.0,1.4
2025-03-19 02:00:00,2025,3,19,2,Vĩnh Long,Xã An Ngãi Trung,10.0916931,106.5448581,53,Moderate,1,26.1,83,0.0,17.0,74,1011.5,70,13.0,15.1,297.0,5.9,95.0,1.3
2025-03-19 03:00:00,2025,3,19,3,Vĩnh Long,Xã An Ngãi Trung,10.0916931,106.5448581,53,Moderate,1,26.0,83,0.0,15.2,71,1011.5,89,12.8,14.7,300.0,6.4,92.0,1.5
2025-03-19 04:00:00,2025,3,19,4,Vĩnh Long,Xã An Ngãi Trung,10.0916931,106.5448581,53,Moderate,1,25.9,83,0.0,14.5,70,1011.6,100,13.5,15.3,306.0,7.7,89.0,2.1
2025-03-19 05:00:00,2025,3,19,5,Vĩnh Long,Xã An Ngãi Trung,10.0916931,106.5448581,53,Moderate,1,25.9,82,0.0,14.1,71,1012.0,98,15.5,17.1,320.0,11.2,81.0,3.7
2025-03-19 06:00:00,2025,3,19,6,Vĩnh Long,Xã An Ngãi Trung,10.0916931,106.5448581,53,Moderate,1,25.4,83,0.0,12.7,65,1012.6,99,19.1,20.7,338.0,15.5,72.0,5.7
2025-03-19 07:00:00,2025,3,19,7,Vĩnh Long,Xã An Ngãi Trung,10.0916931,106.5448581,53,Moderate,1,26.6,75,0.0,14.6,60,1013.2,96,16.7,18.7,350.0,7.8,91.0,3.0
2025-03-19 08:00:00,2025,3,19,8,Vĩnh Long,Xã An Ngãi Trung,10.0916931,106.5448581,53,Moderate,1,28.5,62,0.0,18.8,61,1014.0,100,16.2,18.3,351.0,6.7,102.0,3.2
2025-03-19 09:00:00,2025,3,19,9,Vĩnh Long,Xã An Ngãi Trung,10.0916931,106.5448581,54,Moderate,1,30.0,53,0.0,19.9,64,1014.9,98,15.1,16.6,346.0,5.1,118.0,3.4
2025-03-19 10:00:00,2025,3,19,10,Vĩnh Long,Xã An Ngãi Trung,10.0916931,106.5448581,54,Moderate,1,31.1,50,0.0,19.7,69,1015.1,100,14.6,15.7,342.0,3.8,132.0,3.5
2025-03-19 11:00:00,2025,3,19,11,Vĩnh Long,Xã An Ngãi Trung,10.0916931,106.5448581,54,Moderate,1,31.9,48,0.0,18.5,75,1014.4,57,14.3,15.3,341.0,3.0,144.0,3.4
2025-03-19 12:00:00,2025,3,19,12,Vĩnh Long,Xã An Ngãi Trung,10.0916931,106.5448581,55,Moderate,1,32.5,48,0.0,15.8,83,1013.6,80,14.0,14.9,340.0,2.4,155.0,3.2
2025-03-19 13:00:00,2025,3,19,13,Vĩnh Long,Xã An Ngãi Trung,10.0916931,106.5448581,57,Moderate,1,32.2,50,0.0,14.8,85,1012.5,63,13.9,15.0,340.0,2.1,163.0,3.0
2025-03-19 14:00:00,2025,3,19,14,Vĩnh Long,Xã An Ngãi Trung,10.0916931,106.5448581,74,Moderate,1,32.5,50,0.0,12.9,78,1011.6,75,14.4,15.7,339.0,2.0,167.0,2.9
2025-03-19 15:00:00,2025,3,19,15,Vĩnh Long,Xã An Ngãi Trung,10.0916931,106.5448581,95,Moderate,1,31.5,54,0.0,16.5,82,1010.9,95,15.7,17.5,339.0,2.1,167.0,2.8
2025-03-19 16:00:00,2025,3,19,16,Vĩnh Long,Xã An Ngãi Trung,10.0916931,106.5448581,111,Unhealthy for Sensitive Groups,2,30.6,58,0.0,16.2,87,1010.7,100,16.7,18.7,339.0,2.9,162.0,2.7
2025-03-19 17:00:00,2025,3,19,17,Vĩnh Long,Xã An Ngãi Trung,10.0916931,106.5448581,123,Unhealthy for Sensitive Groups,2,29.4,66,0.0,17.3,98,1010.8,81,18.5,20.7,342.0,4.9,150.0,2.8
2025-03-19 18:00:00,2025,3,19,18,Vĩnh Long,Xã An Ngãi Trung,10.0916931,106.5448581,130,Unhealthy for Sensitive Groups,2,27.2,74,0.0,15.4,101,1011.3,9,21.4,23.6,346.0,7.4,132.0,2.9
2025-03-19 19:00:00,2025,3,19,19,Vĩnh Long,Xã An Ngãi Trung,10.0916931,106.5448581,130,Unhealthy for Sensitive Groups,2,27.1,79,0.0,13.9,93,1011.7,0,25.6,28.2,347.0,9.3,120.0,3.0
2025-03-19 20:00:00,2025,3,19,20,Vĩnh Long,Xã An Ngãi Trung,10.0916931,106.5448581,125,Unhealthy for Sensitive Groups,2,26.8,76,0.0,17.6,84,1013.3,20,23.7,26.5,344.0,8.8,116.0,2.8
2025-03-19 21:00:00,2025,3,19,21,Vĩnh Long,Xã An Ngãi Trung,10.0916931,106.5448581,117,Unhealthy for Sensitive Groups,2,26.5,77,0.0,17.1,83,1013.5,90,22.8,25.6,338.0,8.1,111.0,2.5
2025-03-19 22:00:00,2025,3,19,22,Vĩnh Long,Xã An Ngãi Trung,10.0916931,106.5448581,106,Unhealthy for Sensitive Groups,2,26.5,78,0.0,16.4,81,1013.8,100,23.0,25.7,332.0,7.6,107.0,2.3
2025-03-19 23:00:00,2025,3,19,23,Vĩnh Long,Xã An Ngãi Trung,10.0916931,106.5448581,93,Moderate,1,26.3,79,0.0,15.3,81,1014.0,100,23.2,25.8,327.0,7.4,104.0,2.0
2025-03-20 00:00:00,2025,3,20,0,Vĩnh Long,Xã An Ngãi Trung,10.0916931,106.5448581,80,Moderate,1,26.0,81,0.0,12.6,77,1013.6,100,23.1,25.6,322.0,7.4,102.0,1.8
2025-03-20 01:00:00,2025,3,20,1,Vĩnh Long,Xã An Ngãi Trung,10.0916931,106.5448581,67,Moderate,1,25.7,82,0.0,10.5,70,1013.4,88,23.2,25.7,319.0,7.9,99.0,1.8
2025-03-20 02:00:00,2025,3,20,2,Vĩnh Long,Xã An Ngãi Trung,10.0916931,106.5448581,63,Moderate,1,25.5,83,0.0,10.7,65,1013.3,97,24.4,26.8,317.0,8.9,97.0,2.2
2025-03-20 03:00:00,2025,3,20,3,Vĩnh Long,Xã An Ngãi Trung,10.0916931,106.5448581,64,Moderate,1,25.1,84,0.0,9.9,42,1012.9,100,27.2,29.5,317.0,10.3,94.0,2.9
2025-03-20 04:00:00,2025,3,20,4,Vĩnh Long,Xã An Ngãi Trung,10.0916931,106.5448581,65,Moderate,1,24.9,84,0.0,9.0,53,1013.0,100,30.7,33.3,324.0,12.9,89.0,4.1
2025-03-20 05:00:00,2025,3,20,5,Vĩnh Long,Xã An Ngãi Trung,10.0916931,106.5448581,66,Moderate,1,24.5,84,0.0,6.7,52,1013.3,100,36.1,38.6,346.0,18.2,75.0,6.2
2025-03-20 06:00:00,2025,3,20,6,Vĩnh Long,Xã An Ngãi Trung,10.0916931,106.5448581,68,Moderate,1,24.1,85,0.0,5.1,42,1014.0,100,43.5,45.8,376.0,24.5,58.0,8.7
2025-03-20 07:00:00,2025,3,20,7,Vĩnh Long,Xã An Ngãi Trung,10.0916931,106.5448581,70,Moderate,1,25.5,78,0.0,5.7,35,1014.7,100,39.5,41.3,395.0,22.6,71.0,8.8
2025-03-20 08:00:00,2025,3,20,8,Vĩnh Long,Xã An Ngãi Trung,10.0916931,106.5448581,72,Moderate,1,26.9,67,0.0,6.5,360,1015.5,99,35.6,37.8,394.0,20.7,84.0,10.5
2025-03-20 09:00:00,2025,3,20,9,Vĩnh Long,Xã An Ngãi Trung,10.0916931,106.5448581,74,Moderate,1,29.0,56,0.0,8.1,62,1015.9,100,33.8,35.3,382.0,17.9,102.0,12.8
2025-03-20 10:00:00,2025,3,20,10,Vĩnh Long,Xã An Ngãi Trung,10.0916931,106.5448581,76,Moderate,1,30.3,51,0.0,11.5,80,1015.7,100,31.7,33.3,371.0,14.8,122.0,13.7
2025-03-20 11:00:00,2025,3,20,11,Vĩnh Long,Xã An Ngãi Trung,10.0916931,106.5448581,77,Moderate,1,31.3,44,0.0,13.6,82,1015.0,99,30.5,32.0,364.0,11.0,146.0,12.1
2025-03-20 12:00:00,2025,3,20,12,Vĩnh Long,Xã An Ngãi Trung,10.0916931,106.5448581,79,Moderate,1,31.9,42,0.0,13.3,89,1014.4,97,30.7,32.4,359.0,6.9,173.0,9.2
2025-03-20 13:00:00,2025,3,20,13,Vĩnh Long,Xã An Ngãi Trung,10.0916931,106.5448581,80,Moderate,1,32.2,42,0.0,14.2,102,1013.4,100,29.5,31.3,353.0,3.9,189.0,6.6
2025-03-20 14:00:00,2025,3,20,14,Vĩnh Long,Xã An Ngãi Trung,10.0916931,106.5448581,82,Moderate,1,31.2,48,0.0,15.8,111,1012.2,100,28.0,29.9,348.0,2.7,189.0,4.9
2025-03-20 15:00:00,2025,3,20,15,Vĩnh Long,Xã An Ngãi Trung,10.0916931,106.5448581,95,Moderate,1,30.0,55,0.0,16.5,108,1011.6,100,25.4,27.5,343.0,2.6,179.0,3.4
2025-03-20 16:00:00,2025,3,20,16,Vĩnh Long,Xã An Ngãi Trung,10.0916931,106.5448581,118,Unhealthy for Sensitive Groups,2,29.2,60,0.0,14.9,101,1011.5,100,23.0,25.9,338.0,3.2,166.0,2.5
2025-03-20 17:00:00,2025,3,20,17,Vĩnh Long,Xã An Ngãi Trung,10.0916931,106.5448581,136,Unhealthy for Sensitive Groups,2,29.0,57,0.0,16.6,94,1011.6,100,20.2,23.0,331.0,4.9,150.0,2.3
2025-03-20 18:00:00,2025,3,20,18,Vĩnh Long,Xã An Ngãi Trung,10.0916931,106.5448581,146,Unhealthy for Sensitive Groups,2,27.5,72,0.0,15.6,101,1012.0,100,20.4,23.1,323.0,7.3,130.0,2.5
2025-03-20 19:00:00,2025,3,20,19,Vĩnh Long,Xã An Ngãi Trung,10.0916931,106.5448581,148,Unhealthy for Sensitive Groups,2,26.7,76,0.0,18.1,95,1012.6,100,27.9,30.7,316.0,9.2,114.0,3.2
2025-03-20 20:00:00,2025,3,20,20,Vĩnh Long,Xã An Ngãi Trung,10.0916931,106.5448581,141,Unhealthy for Sensitive Groups,2,26.1,79,0.0,13.0,84,1014.1,100,21.5,24.7,311.0,9.1,111.0,3.1
2025-03-20 21:00:00,2025,3,20,21,Vĩnh Long,Xã An Ngãi Trung,10.0916931,106.5448581,128,Unhealthy for Sensitive Groups,2,26.4,78,0.0,13.0,80,1014.9,100,19.2,21.9,307.0,9.0,106.0,2.9
2025-03-20 22:00:00,2025,3,20,22,Vĩnh Long,Xã An Ngãi Trung,10.0916931,106.5448581,110,Unhealthy for Sensitive Groups,2,26.2,77,0.0,13.3,81,1015.4,100,18.7,21.2,305.0,9.0,102.0,2.8
2025-03-20 23:00:00,2025,3,20,23,Vĩnh Long,Xã An Ngãi Trung,10.0916931,106.5448581,92,Moderate,1,26.0,78,0.0,11.1,73,1015.1,100,18.9,21.3,304.0,9.2,99.0,2.6
2025-03-21 00:00:00,2025,3,21,0,Vĩnh Long,Xã An Ngãi Trung,10.0916931,106.5448581,83,Moderate,1,25.9,78,0.0,9.5,63,1014.7,100,19.0,21.4,304.0,9.5,96.0,2.5
2025-03-21 01:00:00,2025,3,21,1,Vĩnh Long,Xã An Ngãi Trung,10.0916931,106.5448581,83,Moderate,1,25.5,79,0.0,8.3,48,1014.1,100,19.7,22.2,305.0,9.8,94.0,2.4
2025-03-21 02:00:00,2025,3,21,2,Vĩnh Long,Xã An Ngãi Trung,10.0916931,106.5448581,83,Moderate,1,24.9,79,0.0,7.8,38,1013.4,100,20.2,22.8,304.0,9.6,94.0,2.2
2025-03-21 03:00:00,2025,3,21,3,Vĩnh Long,Xã An Ngãi Trung,10.0916931,106.5448581,82,Moderate,1,24.4,79,0.0,6.9,39,1013.0,100,20.5,23.2,303.0,9.3,94.0,2.1
2025-03-21 04:00:00,2025,3,21,4,Vĩnh Long,Xã An Ngãi Trung,10.0916931,106.5448581,82,Moderate,1,24.0,80,0.0,6.5,34,1013.0,97,21.6,24.3,312.0,10.4,92.0,2.7
2025-03-21 05:00:00,2025,3,21,5,Vĩnh Long,Xã An Ngãi Trung,10.0916931,106.5448581,81,Moderate,1,23.8,81,0.0,6.5,28,1013.3,100,23.7,26.5,334.0,14.2,83.0,4.2
2025-03-21 06:00:00,2025,3,21,6,Vĩnh Long,Xã An Ngãi Trung,10.0916931,106.5448581,80,Moderate,1,23.4,84,0.0,6.2,7,1013.7,43,28.5,31.2,365.0,19.3,72.0,6.4
2025-03-21 07:00:00,2025,3,21,7,Vĩnh Long,Xã An Ngãi Trung,10.0916931,106.5448581,78,Moderate,1,24.6,81,0.0,4.6,351,1014.4,66,42.5,44.6,401.0,26.6,60.0,10.1
2025-03-21 08:00:00,2025,3,21,8,Vĩnh Long,Xã An Ngãi Trung,10.0916931,106.5448581,79,Moderate,1,26.5,68,0.0,6.1,30,1015.8,65,38.1,41.2,455.0,26.4,71.0,13.4
2025-03-21 09:00:00,2025,3,21,9,Vĩnh Long,Xã An Ngãi Trung,10.0916931,106.5448581,79,Moderate,1,29.0,56,0.0,4.8,34,1016.4,44,35.6,37.3,514.0,25.8,87.0,18.0
2025-03-21 10:00:00,2025,3,21,10,Vĩnh Long,Xã An Ngãi Trung,10.0916931,106.5448581,79,Moderate,1,31.0,49,0.0,2.9,47,1016.4,32,38.2,39.7,536.0,23.5,111.0,20.7
2025-03-21 11:00:00,2025,3,21,11,Vĩnh Long,Xã An Ngãi Trung,10.0916931,106.5448581,80,Moderate,1,32.4,44,0.0,5.3,72,1015.3,100,42.5,44.2,486.0,17.7,151.0,20.1
2025-03-21 12:00:00,2025,3,21,12,Vĩnh Long,Xã An Ngãi Trung,10.0916931,106.5448581,81,Moderate,1,33.5,40,0.0,7.3,62,1013.9,100,44.7,46.8,399.0,10.1,198.0,17.7
2025-03-21 13:00:00,2025,3,21,13,Vĩnh Long,Xã An Ngãi Trung,10.0916931,106.5448581,82,Moderate,1,33.0,42,0.0,10.3,93,1012.7,100,45.4,47.8,332.0,4.6,231.0,15.3
2025-03-21 14:00:00,2025,3,21,14,Vĩnh Long,Xã An Ngãi Trung,10.0916931,106.5448581,83,Moderate,1,30.5,52,0.0,14.0,122,1011.7,86,44.9,47.4,311.0,2.8,242.0,13.4
2025-03-21 15:00:00,2025,3,21,15,Vĩnh Long,Xã An Ngãi Trung,10.0916931,106.5448581,111,Unhealthy for Sensitive Groups,2,31.9,44,0.0,12.5,120,1010.9,97,42.8,45.4,310.0,3.0,238.0,11.4
2025-03-21 16:00:00,2025,3,21,16,Vĩnh Long,Xã An Ngãi Trung,10.0916931,106.5448581,149,Unhealthy for Sensitive Groups,2,31.1,49,0.0,13.5,117,1010.5,73,41.2,44.1,311.0,4.0,224.0,9.5
2025-03-21 17:00:00,2025,3,21,17,Vĩnh Long,Xã An Ngãi Trung,10.0916931,106.5448581,174,Unhealthy,3,28.4,65,0.0,15.5,117,1011.2,100,34.8,37.6,310.0,5.8,194.0,7.5
2025-03-21 18:00:00,2025,3,21,18,Vĩnh Long,Xã An Ngãi Trung,10.0916931,106.5448581,191,Unhealthy,3,27.4,71,0.0,15.8,114,1011.8,100,32.5,36.0,311.0,8.2,155.0,5.7
2025-03-21 19:00:00,2025,3,21,19,Vĩnh Long,Xã An Ngãi Trung,10.0916931,106.5448581,198,Unhealthy,3,26.8,78,0.0,15.8,105,1012.5,100,41.0,44.6,311.0,11.9,122.0,6.0
2025-03-21 20:00:00,2025,3,21,20,Vĩnh Long,Xã An Ngãi Trung,10.0916931,106.5448581,193,Unhealthy,3,26.9,78,0.0,13.4,96,1013.7,100,30.9,34.6,307.0,10.5,120.0,4.9
2025-03-21 21:00:00,2025,3,21,21,Vĩnh Long,Xã An Ngãi Trung,10.0916931,106.5448581,181,Unhealthy,3,26.8,77,0.0,13.4,94,1014.1,100,27.3,31.3,301.0,8.5,116.0,3.4
2025-03-21 22:00:00,2025,3,21,22,Vĩnh Long,Xã An Ngãi Trung,10.0916931,106.5448581,162,Unhealthy,3,26.5,78,0.0,14.3,96,1014.5,100,28.2,32.4,296.0,7.0,113.0,2.3
2025-03-21 23:00:00,2025,3,21,23,Vĩnh Long,Xã An Ngãi Trung,10.0916931,106.5448581,139,Unhealthy for Sensitive Groups,2,26.5,75,0.0,17.3,91,1014.4,100,29.0,33.3,291.0,6.4,110.0,1.8
2025-03-22 00:00:00,2025,3,22,0,Vĩnh Long,Xã An Ngãi Trung,10.0916931,106.5448581,112,Unhealthy for Sensitive Groups,2,26.3,74,0.0,18.0,86,1013.8,100,28.4,32.5,287.0,6.3,108.0,1.7
2025-03-22 01:00:00,2025,3,22,1,Vĩnh Long,Xã An Ngãi Trung,10.0916931,106.5448581,96,Moderate,1,26.0,74,0.0,16.8,84,1012.8,100,27.8,31.4,284.0,6.3,106.0,1.7
2025-03-22 02:00:00,2025,3,22,2,Vĩnh Long,Xã An Ngãi Trung,10.0916931,106.5448581,96,Moderate,1,25.8,78,0.0,16.5,82,1012.0,100,27.4,30.6,283.0,6.4,104.0,1.6
2025-03-22 03:00:00,2025,3,22,3,Vĩnh Long,Xã An Ngãi Trung,10.0916931,106.5448581,97,Moderate,1,25.6,77,0.0,15.3,74,1011.4,100,27.1,30.2,284.0,6.8,102.0,1.6
2025-03-22 04:00:00,2025,3,22,4,Vĩnh Long,Xã An Ngãi Trung,10.0916931,106.5448581,98,Moderate,1,25.5,78,0.0,14.6,76,1011.6,100,26.7,29.6,288.0,7.2,100.0,1.7
2025-03-22 05:00:00,2025,3,22,5,Vĩnh Long,Xã An Ngãi Trung,10.0916931,106.5448581,98,Moderate,1,25.5,78,0.0,15.8,69,1011.7,100,26.1,28.9,299.0,8.0,97.0,2.0
2025-03-22 06:00:00,2025,3,22,6,Vĩnh Long,Xã An Ngãi Trung,10.0916931,106.5448581,98,Moderate,1,25.4,78,0.0,15.7,70,1012.2,49,25.8,28.5,314.0,9.0,94.0,2.4
2025-03-22 07:00:00,2025,3,22,7,Vĩnh Long,Xã An Ngãi Trung,10.0916931,106.5448581,98,Moderate,1,26.3,74,0.0,17.3,65,1012.9,41,29.7,33.2,323.0,8.3,98.0,2.6
2025-03-22 08:00:00,2025,3,22,8,Vĩnh Long,Xã An Ngãi Trung,10.0916931,106.5448581,97,Moderate,1,28.0,60,0.0,15.3,59,1014.4,79,26.7,30.5,323.0,7.1,106.0,2.6
2025-03-22 09:00:00,2025,3,22,9,Vĩnh Long,Xã An Ngãi Trung,10.0916931,106.5448581,96,Moderate,1,29.6,52,0.0,17.1,68,1014.7,100,24.9,28.6,318.0,5.5,118.0,2.7
2025-03-22 10:00:00,2025,3,22,10,Vĩnh Long,Xã An Ngãi Trung,10.0916931,106.5448581,95,Moderate,1,30.3,50,0.0,16.9,69,1014.3,100,23.2,26.8,312.0,4.1,127.0,2.6
2025-03-22 11:00:00,2025,3,22,11,Vĩnh Long,Xã An Ngãi Trung,10.0916931,106.5448581,94,Moderate,1,31.5,47,0.0,18.4,79,1013.8,90,21.5,24.9,305.0,3.3,133.0,2.3
2025-03-22 12:00:00,2025,3,22,12,Vĩnh Long,Xã An Ngãi Trung,10.0916931,106.5448581,92,Moderate,1,32.1,46,0.0,19.0,85,1012.8,30,19.8,23.1,298.0,2.9,136.0,2.0
2025-03-22 13:00:00,2025,3,22,13,Vĩnh Long,Xã An Ngãi Trung,10.0916931,106.5448581,89,Moderate,1,32.5,44,0.0,18.2,87,1011.4,51,18.0,21.1,291.0,2.6,138.0,1.7
2025-03-22 14:00:00,2025,3,22,14,Vĩnh Long,Xã An Ngãi Trung,10.0916931,106.5448581,87,Moderate,1,32.1,47,0.0,18.8,96,1010.2,18,16.8,20.1,287.0,2.3,138.0,1.5
2025-03-22 15:00:00,2025,3,22,15,Vĩnh Long,Xã An Ngãi Trung,10.0916931,106.5448581,85,Moderate,1,31.3,51,0.0,18.4,99,1009.5,19,15.9,19.2,284.0,2.2,135.0,1.3
2025-03-22 16:00:00,2025,3,22,16,Vĩnh Long,Xã An Ngãi Trung,10.0916931,106.5448581,86,Moderate,1,30.5,54,0.0,17.2,101,1009.5,12,14.8,17.8,280.0,2.5,131.0,1.3
2025-03-22 17:00:00,2025,3,22,17,Vĩnh Long,Xã An Ngãi Trung,10.0916931,106.5448581,91,Moderate,1,28.7,66,0.0,18.1,107,1010.1,30,14.1,17.0,274.0,3.7,124.0,1.6
2025-03-22 18:00:00,2025,3,22,18,Vĩnh Long,Xã An Ngãi Trung,10.0916931,106.5448581,92,Moderate,1,27.1,76,0.0,16.6,107,1010.8,12,15.4,18.6,267.0,5.2,116.0,2.1
2025-03-22 19:00:00,2025,3,22,19,Vĩnh Long,Xã An Ngãi Trung,10.0916931,106.5448581,90,Moderate,1,26.5,77,0.0,18.6,99,1011.6,3,14.7,17.7,259.0,6.3,109.0,2.3
2025-03-22 20:00:00,2025,3,22,20,Vĩnh Long,Xã An Ngãi Trung,10.0916931,106.5448581,85,Moderate,1,26.5,81,0.0,20.5,97,1013.0,35,14.7,17.9,251.0,6.5,108.0,2.3
2025-03-22 21:00:00,2025,3,22,21,Vĩnh Long,Xã An Ngãi Trung,10.0916931,106.5448581,79,Moderate,1,26.6,74,0.0,22.3,91,1013.3,54,14.6,17.9,243.0,6.7,106.0,2.4
2025-03-22 22:00:00,2025,3,22,22,Vĩnh Long,Xã An Ngãi Trung,10.0916931,106.5448581,72,Moderate,1,26.3,76,0.0,22.1,91,1013.5,79,14.8,18.3,236.0,6.8,104.0,2.3
2025-03-22 23:00:00,2025,3,22,23,Vĩnh Long,Xã An Ngãi Trung,10.0916931,106.5448581,70,Moderate,1,26.1,76,0.0,22.9,87,1013.4,95,15.1,18.8,231.0,6.8,101.0,2.1
2025-03-23 00:00:00,2025,3,23,0,Vĩnh Long,Xã An Ngãi Trung,10.0916931,106.5448581,69,Moderate,1,26.0,76,0.0,22.7,89,1012.9,28,15.3,19.0,228.0,6.7,98.0,1.7
2025-03-23 01:00:00,2025,3,23,1,Vĩnh Long,Xã An Ngãi Trung,10.0916931,106.5448581,68,Moderate,1,25.9,77,0.0,22.2,93,1012.1,6,15.5,19.6,226.0,6.6,96.0,1.5
2025-03-23 02:00:00,2025,3,23,2,Vĩnh Long,Xã An Ngãi Trung,10.0916931,106.5448581,67,Moderate,1,25.8,77,0.0,20.9,89,1011.5,7,15.9,20.2,225.0,6.4,95.0,1.4
2025-03-23 03:00:00,2025,3,23,3,Vĩnh Long,Xã An Ngãi Trung,10.0916931,106.5448581,66,Moderate,1,25.6,78,0.0,19.0,85,1010.8,61,16.6,21.0,226.0,6.1,96.0,1.3
2025-03-23 04:00:00,2025,3,23,4,Vĩnh Long,Xã An Ngãi Trung,10.0916931,106.5448581,65,Moderate,1,25.5,80,0.0,15.4,79,1010.8,36,17.1,21.5,231.0,6.0,96.0,1.4
2025-03-23 05:00:00,2025,3,23,5,Vĩnh Long,Xã An Ngãi Trung,10.0916931,106.5448581,64,Moderate,1,25.1,84,0.0,13.7,77,1011.2,89,17.2,21.5,244.0,6.3,95.0,1.6
2025-03-23 06:00:00,2025,3,23,6,Vĩnh Long,Xã An Ngãi Trung,10.0916931,106.5448581,63,Moderate,1,25.0,85,0.0,13.2,79,1011.7,93,17.2,21.4,262.0,6.8,94.0,1.9
2025-03-23 07:00:00,2025,3,23,7,Vĩnh Long,Xã An Ngãi Trung,10.0916931,106.5448581,63,Moderate,1,26.4,78,0.0,16.2,76,1012.7,85,19.1,24.1,273.0,6.3,97.0,1.9
2025-03-23 08:00:00,2025,3,23,8,Vĩnh Long,Xã An Ngãi Trung,10.0916931,106.5448581,62,Moderate,1,28.0,70,0.0,19.6,80,1013.7,10,18.7,24.2,271.0,5.1,104.0,1.8
2025-03-23 09:00:00,2025,3,23,9,Vĩnh Long,Xã An Ngãi Trung,10.0916931,106.5448581,61,Moderate,1,29.4,62,0.0,20.5,83,1014.2,13,18.6,24.6,263.0,3.6,113.0,1.6
2025-03-23 10:00:00,2025,3,23,10,Vĩnh Long,Xã An Ngãi Trung,10.0916931,106.5448581,60,Moderate,1,30.4,57,0.0,21.7,85,1014.0,7,18.6,25.3,255.0,2.3,120.0,1.4
2025-03-23 11:00:00,2025,3,23,11,Vĩnh Long,Xã An Ngãi Trung,10.0916931,106.5448581,60,Moderate,1,30.9,55,0.0,21.3,84,1013.5,17,18.5,25.4,251.0,1.7,124.0,1.2
2025-03-23 12:00:00,2025,3,23,12,Vĩnh Long,Xã An Ngãi Trung,10.0916931,106.5448581,60,Moderate,1,31.1,52,0.0,21.8,90,1012.9,15,18.3,25.1,248.0,1.4,127.0,1.0
2025-03-23 13:00:00,2025,3,23,13,Vĩnh Long,Xã An Ngãi Trung,10.0916931,106.5448581,60,Moderate,1,31.4,50,0.0,21.3,94,1011.6,21,18.2,25.0,244.0,1.4,128.0,0.9
2025-03-23 14:00:00,2025,3,23,14,Vĩnh Long,Xã An Ngãi Trung,10.0916931,106.5448581,60,Moderate,1,31.4,49,0.0,22.1,97,1010.6,16,18.5,25.4,239.0,1.5,128.0,0.9
2025-03-23 15:00:00,2025,3,23,15,Vĩnh Long,Xã An Ngãi Trung,10.0916931,106.5448581,67,Moderate,1,30.6,52,0.0,20.5,103,1009.9,23,18.5,25.1,233.0,1.8,127.0,1.1
2025-03-23 16:00:00,2025,3,23,16,Vĩnh Long,Xã An Ngãi Trung,10.0916931,106.5448581,73,Moderate,1,29.3,59,0.0,18.7,107,1009.8,9,18.0,24.6,230.0,2.4,125.0,1.3
2025-03-23 17:00:00,2025,3,23,17,Vĩnh Long,Xã An Ngãi Trung,10.0916931,106.5448581,78,Moderate,1,28.1,66,0.0,18.2,104,1010.1,3,16.9,22.9,231.0,3.7,120.0,1.7
2025-03-23 18:00:00,2025,3,23,18,Vĩnh Long,Xã An Ngãi Trung,10.0916931,106.5448581,79,Moderate,1,26.7,76,0.0,14.8,96,1010.5,0,17.2,22.8,233.0,5.4,114.0,2.1
2025-03-23 19:00:00,2025,3,23,19,Vĩnh Long,Xã An Ngãi Trung,10.0916931,106.5448581,78,Moderate,1,26.2,80,0.0,14.8,103,1011.1,2,15.4,20.5,234.0,6.3,108.0,2.1
2025-03-23 20:00:00,2025,3,23,20,Vĩnh Long,Xã An Ngãi Trung,10.0916931,106.5448581,74,Moderate,1,26.0,81,0.0,15.4,101,1012.0,50,15.5,20.5,231.0,6.7,107.0,2.3
2025-03-23 21:00:00,2025,3,23,21,Vĩnh Long,Xã An Ngãi Trung,10.0916931,106.5448581,70,Moderate,1,26.0,85,0.0,15.0,101,1012.7,20,16.2,21.1,227.0,7.2,104.0,2.5
2025-03-23 22:00:00,2025,3,23,22,Vĩnh Long,Xã An Ngãi Trung,10.0916931,106.5448581,65,Moderate,1,25.8,83,0.0,16.0,102,1013.2,1,17.5,22.2,222.0,7.6,102.0,2.6
2025-03-23 23:00:00,2025,3,23,23,Vĩnh Long,Xã An Ngãi Trung,10.0916931,106.5448581,61,Moderate,1,25.4,86,0.0,15.0,107,1012.8,3,18.6,23.2,215.0,7.8,99.0,2.4
2025-03-24 00:00:00,2025,3,24,0,Vĩnh Long,Xã An Ngãi Trung,10.0916931,106.5448581,61,Moderate,1,25.2,84,0.0,13.3,103,1012.3,0,18.6,23.1,207.0,8.0,96.0,2.1
2025-03-24 01:00:00,2025,3,24,1,Vĩnh Long,Xã An Ngãi Trung,10.0916931,106.5448581,62,Moderate,1,25.0,85,0.0,12.7,106,1011.5,0,18.6,23.1,202.0,8.2,94.0,1.9
2025-03-24 02:00:00,2025,3,24,2,Vĩnh Long,Xã An Ngãi Trung,10.0916931,106.5448581,62,Moderate,1,24.9,84,0.0,12.4,100,1010.8,0,19.1,23.7,202.0,8.5,92.0,1.9
2025-03-24 03:00:00,2025,3,24,3,Vĩnh Long,Xã An Ngãi Trung,10.0916931,106.5448581,62,Moderate,1,24.6,86,0.0,11.5,98,1010.1,4,20.4,25.0,205.0,8.9,91.0,1.9
2025-03-24 04:00:00,2025,3,24,4,Vĩnh Long,Xã An Ngãi Trung,10.0916931,106.5448581,63,Moderate,1,24.6,85,0.0,11.1,106,1010.2,8,21.9,26.7,212.0,9.1,90.0,2.0
2025-03-24 05:00:00,2025,3,24,5,Vĩnh Long,Xã An Ngãi Trung,10.0916931,106.5448581,63,Moderate,1,24.5,85,0.0,11.2,106,1010.6,5,22.9,27.8,226.0,9.1,89.0,2.3
2025-03-24 06:00:00,2025,3,24,6,Vĩnh Long,Xã An Ngãi Trung,10.0916931,106.5448581,64,Moderate,1,24.5,86,0.0,12.4,104,1011.1,40,23.2,28.1,244.0,8.9,89.0,2.6
2025-03-24 07:00:00,2025,3,24,7,Vĩnh Long,Xã An Ngãi Trung,10.0916931,106.5448581,64,Moderate,1,25.9,78,0.0,16.8,102,1011.7,11,20.6,26.5,255.0,7.4,97.0,2.4
2025-03-24 08:00:00,2025,3,24,8,Vĩnh Long,Xã An Ngãi Trung,10.0916931,106.5448581,64,Moderate,1,27.7,70,0.0,16.5,100,1012.6,95,19.1,25.0,253.0,6.0,104.0,2.2
2025-03-24 09:00:00,2025,3,24,9,Vĩnh Long,Xã An Ngãi Trung,10.0916931,106.5448581,64,Moderate,1,29.0,63,0.0,16.2,99,1013.1,100,19.0,25.1,245.0,4.0,114.0,2.0
2025-03-24 10:00:00,2025,3,24,10,Vĩnh Long,Xã An Ngãi Trung,10.0916931,106.5448581,64,Moderate,1,30.0,58,0.0,14.8,103,1013.0,68,20.0,26.4,240.0,2.5,124.0,1.8
2025-03-24 11:00:00,2025,3,24,11,Vĩnh Long,Xã An Ngãi Trung,10.0916931,106.5448581,64,Moderate,1,30.4,56,0.0,11.8,106,1012.2,56,21.5,28.1,245.0,2.0,133.0,1.7
2025-03-24 12:00:00,2025,3,24,12,Vĩnh Long,Xã An Ngãi Trung,10.0916931,106.5448581,65,Moderate,1,31.8,50,0.0,9.3,98,1010.9,95,22.9,29.1,252.0,2.1,140.0,1.8
2025-03-24 13:00:00,2025,3,24,13,Vĩnh Long,Xã An Ngãi Trung,10.0916931,106.5448581,65,Moderate,1,31.8,51,0.0,10.9,110,1009.6,96,24.7,30.3,256.0,2.2,146.0,1.8
2025-03-24 14:00:00,2025,3,24,14,Vĩnh Long,Xã An Ngãi Trung,10.0916931,106.5448581,68,Moderate,1,30.9,53,0.0,14.7,127,1008.3,64,25.7,30.7,250.0,2.3,149.0,1.9
2025-03-24 15:00:00,2025,3,24,15,Vĩnh Long,Xã An Ngãi Trung,10.0916931,106.5448581,81,Moderate,1,30.2,57,0.0,17.5,127,1007.4,51,25.6,31.0,239.0,2.4,149.0,2.0
2025-03-24 16:00:00,2025,3,24,16,Vĩnh Long,Xã An Ngãi Trung,10.0916931,106.5448581,92,Moderate,1,29.0,62,0.0,21.2,109,1007.5,2,23.1,28.2,232.0,2.9,146.0,2.1
2025-03-24 17:00:00,2025,3,24,17,Vĩnh Long,Xã An Ngãi Trung,10.0916931,106.5448581,101,Unhealthy for Sensitive Groups,2,27.6,60,0.0,20.3,110,1007.9,3,20.3,25.3,232.0,4.0,136.0,2.3
2025-03-24 18:00:00,2025,3,24,18,Vĩnh Long,Xã An Ngãi Trung,10.0916931,106.5448581,105,Unhealthy for Sensitive Groups,2,26.4,75,0.0,18.7,106,1008.2,3,19.2,24.4,235.0,5.4,122.0,2.5
2025-03-24 19:00:00,2025,3,24,19,Vĩnh Long,Xã An Ngãi Trung,10.0916931,106.5448581,105,Unhealthy for Sensitive Groups,2,26.0,71,0.0,18.6,99,1008.8,1,20.3,26.0,237.0,6.1,109.0,2.4
2025-03-24 20:00:00,2025,3,24,20,Vĩnh Long,Xã An Ngãi Trung,10.0916931,106.5448581,100,Moderate,1,26.1,74,0.0,19.6,97,1009.8,97,21.8,27.8,236.0,6.2,108.0,2.5
2025-03-24 21:00:00,2025,3,24,21,Vĩnh Long,Xã An Ngãi Trung,10.0916931,106.5448581,93,Moderate,1,26.0,78,0.0,18.9,99,1010.2,16,22.5,28.1,233.0,6.3,106.0,2.5
2025-03-24 22:00:00,2025,3,24,22,Vĩnh Long,Xã An Ngãi Trung,10.0916931,106.5448581,85,Moderate,1,25.6,78,0.0,17.0,100,1010.4,94,21.9,27.3,231.0,6.3,104.0,2.5
2025-03-24 23:00:00,2025,3,24,23,Vĩnh Long,Xã An Ngãi Trung,10.0916931,106.5448581,75,Moderate,1,25.8,79,0.0,16.8,100,1010.5,100,20.8,25.8,230.0,6.2,103.0,2.2
2025-03-25 00:00:00,2025,3,25,0,Vĩnh Long,Xã An Ngãi Trung,10.0916931,106.5448581,70,Moderate,1,25.8,77,0.0,16.1,103,1009.6,100,19.4,24.3,230.0,6.0,102.0,1.9
2025-03-25 01:00:00,2025,3,25,1,Vĩnh Long,Xã An Ngãi Trung,10.0916931,106.5448581,70,Moderate,1,25.4,78,0.0,14.1,106,1008.8,100,18.7,23.4,230.0,5.8,102.0,1.6
2025-03-25 02:00:00,2025,3,25,2,Vĩnh Long,Xã An Ngãi Trung,10.0916931,106.5448581,70,Moderate,1,25.2,79,0.0,13.5,109,1008.5,100,18.6,23.2,228.0,5.8,102.0,1.5
2025-03-25 03:00:00,2025,3,25,3,Vĩnh Long,Xã An Ngãi Trung,10.0916931,106.5448581,70,Moderate,1,25.2,78,0.0,14.9,113,1008.4,100,18.8,23.3,226.0,5.8,101.0,1.6
2025-03-25 04:00:00,2025,3,25,4,Vĩnh Long,Xã An Ngãi Trung,10.0916931,106.5448581,70,Moderate,1,25.1,78,0.0,15.6,114,1008.4,100,18.9,23.6,225.0,5.8,101.0,1.7
2025-03-25 05:00:00,2025,3,25,5,Vĩnh Long,Xã An Ngãi Trung,10.0916931,106.5448581,70,Moderate,1,25.0,78,0.0,14.0,113,1008.7,100,19.0,23.7,228.0,6.0,101.0,1.9
2025-03-25 06:00:00,2025,3,25,6,Vĩnh Long,Xã An Ngãi Trung,10.0916931,106.5448581,69,Moderate,1,24.9,78,0.0,12.1,107,1009.1,100,19.3,24.0,233.0,6.3,100.0,2.2
2025-03-25 07:00:00,2025,3,25,7,Vĩnh Long,Xã An Ngãi Trung,10.0916931,106.5448581,69,Moderate,1,26.0,71,0.0,16.6,105,1009.8,97,18.5,23.5,235.0,5.9,104.0,2.1
2025-03-25 08:00:00,2025,3,25,8,Vĩnh Long,Xã An Ngãi Trung,10.0916931,106.5448581,69,Moderate,1,27.5,65,0.0,16.0,104,1010.4,26,15.7,21.0,231.0,4.7,109.0,1.9
2025-03-25 09:00:00,2025,3,25,9,Vĩnh Long,Xã An Ngãi Trung,10.0916931,106.5448581,68,Moderate,1,29.0,59,0.0,17.1,107,1010.4,54,14.7,19.9,223.0,3.1,116.0,1.6
2025-03-25 10:00:00,2025,3,25,10,Vĩnh Long,Xã An Ngãi Trung,10.0916931,106.5448581,68,Moderate,1,29.5,57,0.0,17.3,109,1010.2,84,13.9,19.1,219.0,1.9,121.0,1.3
2025-03-25 11:00:00,2025,3,25,11,Vĩnh Long,Xã An Ngãi Trung,10.0916931,106.5448581,68,Moderate,1,29.6,55,0.0,17.3,107,1009.8,100,13.7,19.0,222.0,1.5,122.0,1.2
2025-03-25 12:00:00,2025,3,25,12,Vĩnh Long,Xã An Ngãi Trung,10.0916931,106.5448581,67,Moderate,1,30.0,53,0.0,16.1,108,1008.9,100,14.0,19.3,227.0,1.5,121.0,1.1
2025-03-25 13:00:00,2025,3,25,13,Vĩnh Long,Xã An Ngãi Trung,10.0916931,106.5448581,66,Moderate,1,29.2,56,0.0,15.9,108,1008.0,88,14.2,19.6,232.0,1.6,119.0,1.1
2025-03-25 14:00:00,2025,3,25,14,Vĩnh Long,Xã An Ngãi Trung,10.0916931,106.5448581,65,Moderate,1,29.4,54,0.0,14.6,106,1006.9,66,14.4,19.9,233.0,1.5,118.0,1.1
2025-03-25 15:00:00,2025,3,25,15,Vĩnh Long,Xã An Ngãi Trung,10.0916931,106.5448581,64,Moderate,1,29.0,54,0.0,13.7,109,1006.2,38,14.6,20.3,232.0,1.5,116.0,1.1
2025-03-25 16:00:00,2025,3,25,16,Vĩnh Long,Xã An Ngãi Trung,10.0916931,106.5448581,67,Moderate,1,28.6,56,0.0,12.6,116,1005.8,13,15.0,20.6,234.0,2.3,112.0,1.3
2025-03-25 17:00:00,2025,3,25,17,Vĩnh Long,Xã An Ngãi Trung,10.0916931,106.5448581,68,Moderate,1,28.1,59,0.0,13.2,125,1006.0,4,15.2,20.8,240.0,4.3,104.0,1.8
2025-03-25 18:00:00,2025,3,25,18,Vĩnh Long,Xã An Ngãi Trung,10.0916931,106.5448581,65,Moderate,1,26.5,68,0.0,12.0,133,1006.5,1,16.9,22.1,248.0,7.1,95.0,2.6
2025-03-25 19:00:00,2025,3,25,19,Vĩnh Long,Xã An Ngãi Trung,10.0916931,106.5448581,62,Moderate,1,25.9,73,0.0,9.5,134,1007.2,3,27.6,33.6,254.0,11.7,81.0,3.9
2025-03-25 20:00:00,2025,3,25,20,Vĩnh Long,Xã An Ngãi Trung,10.0916931,106.5448581,62,Moderate,1,25.9,76,0.0,9.8,128,1007.5,0,26.8,32.4,257.0,11.7,79.0,4.0
2025-03-25 21:00:00,2025,3,25,21,Vĩnh Long,Xã An Ngãi Trung,10.0916931,106.5448581,63,Moderate,1,25.6,79,0.0,10.6,118,1008.2,0,27.3,32.7,257.0,11.8,76.0,4.2
2025-03-25 22:00:00,2025,3,25,22,Vĩnh Long,Xã An Ngãi Trung,10.0916931,106.5448581,63,Moderate,1,25.4,81,0.0,10.7,117,1008.7,6,27.4,32.7,256.0,12.0,73.0,4.3
2025-03-25 23:00:00,2025,3,25,23,Vĩnh Long,Xã An Ngãi Trung,10.0916931,106.5448581,64,Moderate,1,25.1,82,0.0,10.1,115,1008.4,13,27.0,32.1,252.0,12.3,72.0,4.1
2025-03-26 00:00:00,2025,3,26,0,Vĩnh Long,Xã An Ngãi Trung,10.0916931,106.5448581,64,Moderate,1,25.0,82,0.0,10.1,100,1007.8,0,27.5,32.7,245.0,12.8,72.0,3.7
2025-03-26 01:00:00,2025,3,26,1,Vĩnh Long,Xã An Ngãi Trung,10.0916931,106.5448581,65,Moderate,1,24.8,84,0.0,8.8,99,1007.3,7,31.0,36.2,241.0,13.8,70.0,3.5
2025-03-26 02:00:00,2025,3,26,2,Vĩnh Long,Xã An Ngãi Trung,10.0916931,106.5448581,66,Moderate,1,24.5,86,0.0,7.5,82,1006.7,2,33.9,39.2,239.0,15.9,66.0,3.6
2025-03-26 03:00:00,2025,3,26,3,Vĩnh Long,Xã An Ngãi Trung,10.0916931,106.5448581,67,Moderate,1,24.0,88,0.0,5.5,73,1006.0,70,38.2,43.5,238.0,18.6,60.0,3.9
2025-03-26 04:00:00,2025,3,26,4,Vĩnh Long,Xã An Ngãi Trung,10.0916931,106.5448581,69,Moderate,1,23.6,90,0.0,4.5,88,1005.9,41,42.8,48.3,245.0,20.7,56.0,4.3
2025-03-26 05:00:00,2025,3,26,5,Vĩnh Long,Xã An Ngãi Trung,10.0916931,106.5448581,71,Moderate,1,23.5,91,0.0,3.7,113,1006.5,30,45.3,50.8,268.0,22.2,53.0,5.1
2025-03-26 06:00:00,2025,3,26,6,Vĩnh Long,Xã An Ngãi Trung,10.0916931,106.5448581,74,Moderate,1,23.5,92,0.0,4.5,113,1007.3,4,47.4,52.9,298.0,23.1,52.0,6.0
2025-03-26 07:00:00,2025,3,26,7,Vĩnh Long,Xã An Ngãi Trung,10.0916931,106.5448581,76,Moderate,1,26.0,79,0.0,9.1,111,1008.0,30,45.9,50.5,314.0,20.5,55.0,5.6
2025-03-26 08:00:00,2025,3,26,8,Vĩnh Long,Xã An Ngãi Trung,10.0916931,106.5448581,79,Moderate,1,27.9,69,0.0,10.8,128,1008.7,21,25.1,32.2,300.0,15.2,70.0,4.5
2025-03-26 09:00:00,2025,3,26,9,Vĩnh Long,Xã An Ngãi Trung,10.0916931,106.5448581,79,Moderate,1,29.4,61,0.0,11.4,131,1009.3,21,20.4,27.5,272.0,7.9,91.0,3.0
2025-03-26 10:00:00,2025,3,26,10,Vĩnh Long,Xã An Ngãi Trung,10.0916931,106.5448581,80,Moderate,1,30.7,55,0.0,11.4,128,1009.4,37,20.8,27.9,250.0,2.5,106.0,1.9
2025-03-26 11:00:00,2025,3,26,11,Vĩnh Long,Xã An Ngãi Trung,10.0916931,106.5448581,81,Moderate,1,31.4,51,0.0,11.2,123,1008.5,100,21.4,28.3,245.0,1.0,111.0,1.6
2025-03-26 12:00:00,2025,3,26,12,Vĩnh Long,Xã An Ngãi Trung,10.0916931,106.5448581,81,Moderate,1,31.5,51,0.0,11.9,122,1007.4,96,20.7,27.6,248.0,1.4,110.0,1.6
2025-03-26 13:00:00,2025,3,26,13,Vĩnh Long,Xã An Ngãi Trung,10.0916931,106.5448581,82,Moderate,1,31.7,53,0.0,12.7,121,1006.3,100,20.1,26.7,250.0,1.9,109.0,1.7
2025-03-26 14:00:00,2025,3,26,14,Vĩnh Long,Xã An Ngãi Trung,10.0916931,106.5448581,82,Moderate,1,31.6,52,0.0,12.2,114,1005.4,49,20.0,26.8,249.0,1.6,110.0,1.6
2025-03-26 15:00:00,2025,3,26,15,Vĩnh Long,Xã An Ngãi Trung,10.0916931,106.5448581,83,Moderate,1,30.8,55,0.0,13.6,108,1005.0,7,20.3,27.0,248.0,1.4,111.0,1.5
2025-03-26 16:00:00,2025,3,26,16,Vĩnh Long,Xã An Ngãi Trung,10.0916931,106.5448581,83,Moderate,1,30.0,58,0.0,13.1,106,1004.7,28,20.3,27.0,248.0,2.4,108.0,1.7
2025-03-26 17:00:00,2025,3,26,17,Vĩnh Long,Xã An Ngãi Trung,10.0916931,106.5448581,84,Moderate,1,28.8,62,0.0,12.5,108,1004.9,25,20.0,26.5,251.0,5.7,98.0,2.5
2025-03-26 18:00:00,2025,3,26,18,Vĩnh Long,Xã An Ngãi Trung,10.0916931,106.5448581,84,Moderate,1,27.2,69,0.0,11.9,121,1005.3,3,23.1,28.5,255.0,10.3,83.0,3.5
2025-03-26 19:00:00,2025,3,26,19,Vĩnh Long,Xã An Ngãi Trung,10.0916931,106.5448581,85,Moderate,1,26.2,75,0.0,11.1,129,1005.7,0,32.1,38.0,258.0,13.7,70.0,4.4
2025-03-26 20:00:00,2025,3,26,20,Vĩnh Long,Xã An Ngãi Trung,10.0916931,106.5448581,85,Moderate,1,26.1,77,0.0,10.5,123,1006.1,23,32.1,37.4,260.0,14.0,66.0,4.6
2025-03-26 21:00:00,2025,3,26,21,Vĩnh Long,Xã An Ngãi Trung,10.0916931,106.5448581,86,Moderate,1,25.6,80,0.0,10.1,125,1006.6,1,31.7,36.8,262.0,14.4,60.0,4.9
2025-03-26 22:00:00,2025,3,26,22,Vĩnh Long,Xã An Ngãi Trung,10.0916931,106.5448581,86,Moderate,1,25.1,84,0.0,8.1,129,1007.5,1,32.0,37.0,263.0,14.6,56.0,4.9
2025-03-26 23:00:00,2025,3,26,23,Vĩnh Long,Xã An Ngãi Trung,10.0916931,106.5448581,86,Moderate,1,24.6,88,0.0,6.5,136,1007.5,100,32.4,37.4,264.0,14.3,55.0,4.5
2025-03-27 00:00:00,2025,3,27,0,Vĩnh Long,Xã An Ngãi Trung,10.0916931,106.5448581,87,Moderate,1,24.0,92,0.0,5.1,141,1007.1,79,31.5,36.4,265.0,13.8,56.0,3.8
2025-03-27 01:00:00,2025,3,27,1,Vĩnh Long,Xã An Ngãi Trung,10.0916931,106.5448581,87,Moderate,1,23.7,94,0.0,5.4,150,1006.7,39,30.6,35.7,264.0,13.4,57.0,3.3
2025-03-27 02:00:00,2025,3,27,2,Vĩnh Long,Xã An Ngãi Trung,10.0916931,106.5448581,87,Moderate,1,23.6,94,0.0,5.5,144,1006.4,58,30.5,35.7,259.0,13.0,58.0,3.0
2025-03-27 03:00:00,2025,3,27,3,Vĩnh Long,Xã An Ngãi Trung,10.0916931,106.5448581,87,Moderate,1,23.5,94,0.0,5.3,135,1005.9,59,30.6,35.9,253.0,12.7,59.0,2.8
2025-03-27 04:00:00,2025,3,27,4,Vĩnh Long,Xã An Ngãi Trung,10.0916931,106.5448581,86,Moderate,1,23.4,94,0.0,5.5,134,1006.0,54,30.6,35.9,251.0,12.6,60.0,2.9
2025-03-27 05:00:00,2025,3,27,5,Vĩnh Long,Xã An Ngãi Trung,10.0916931,106.5448581,85,Moderate,1,23.7,93,0.0,6.4,130,1006.4,80,30.9,36.1,262.0,13.3,59.0,3.4
2025-03-27 06:00:00,2025,3,27,6,Vĩnh Long,Xã An Ngãi Trung,10.0916931,106.5448581,84,Moderate,1,23.7,93,0.0,7.1,137,1007.0,97,31.9,37.3,277.0,14.2,58.0,4.1
2025-03-27 07:00:00,2025,3,27,7,Vĩnh Long,Xã An Ngãi Trung,10.0916931,106.5448581,83,Moderate,1,25.8,83,0.0,9.6,143,1007.4,21,34.3,39.5,282.0,13.4,61.0,4.3
2025-03-27 08:00:00,2025,3,27,8,Vĩnh Long,Xã An Ngãi Trung,10.0916931,106.5448581,82,Moderate,1,28.0,71,0.0,11.8,134,1008.5,74,24.0,31.8,266.0,10.0,73.0,3.6
2025-03-27 09:00:00,2025,3,27,9,Vĩnh Long,Xã An Ngãi Trung,10.0916931,106.5448581,81,Moderate,1,29.5,63,0.0,11.5,132,1009.1,29,20.8,28.4,239.0,5.3,90.0,2.6
2025-03-27 10:00:00,2025,3,27,10,Vĩnh Long,Xã An Ngãi Trung,10.0916931,106.5448581,81,Moderate,1,30.8,57,0.0,10.2,132,1008.8,24,20.0,27.5,219.0,1.9,102.0,1.9
2025-03-27 11:00:00,2025,3,27,11,Vĩnh Long,Xã An Ngãi Trung,10.0916931,106.5448581,81,Moderate,1,31.6,52,0.0,9.8,130,1008.0,31,19.3,26.6,214.0,0.9,106.0,1.6
2025-03-27 12:00:00,2025,3,27,12,Vĩnh Long,Xã An Ngãi Trung,10.0916931,106.5448581,81,Moderate,1,32.3,50,0.0,10.1,129,1006.7,71,19.1,26.4,215.0,1.1,106.0,1.6
2025-03-27 13:00:00,2025,3,27,13,Vĩnh Long,Xã An Ngãi Trung,10.0916931,106.5448581,81,Moderate,1,32.8,48,0.0,12.2,127,1005.9,49,19.4,26.7,217.0,1.4,106.0,1.6
2025-03-27 14:00:00,2025,3,27,14,Vĩnh Long,Xã An Ngãi Trung,10.0916931,106.5448581,81,Moderate,1,32.2,51,0.0,14.1,130,1004.9,23,19.6,26.7,216.0,1.2,108.0,1.6
2025-03-27 15:00:00,2025,3,27,15,Vĩnh Long,Xã An Ngãi Trung,10.0916931,106.5448581,81,Moderate,1,31.5,51,0.0,13.4,131,1004.1,14,19.6,26.4,215.0,1.2,110.0,1.7
2025-03-27 16:00:00,2025,3,27,16,Vĩnh Long,Xã An Ngãi Trung,10.0916931,106.5448581,81,Moderate,1,30.6,53,0.0,13.8,132,1003.6,0,19.6,26.0,216.0,2.2,107.0,2.0
2025-03-27 17:00:00,2025,3,27,17,Vĩnh Long,Xã An Ngãi Trung,10.0916931,106.5448581,81,Moderate,1,29.0,60,0.0,14.8,131,1003.9,0,19.7,25.8,220.0,5.1,97.0,2.6
2025-03-27 18:00:00,2025,3,27,18,Vĩnh Long,Xã An Ngãi Trung,10.0916931,106.5448581,81,Moderate,1,27.2,69,0.0,12.1,136,1004.3,0,22.5,27.6,225.0,9.0,83.0,3.5
2025-03-27 19:00:00,2025,3,27,19,Vĩnh Long,Xã An Ngãi Trung,10.0916931,106.5448581,81,Moderate,1,26.2,76,0.0,12.5,139,1004.9,0,27.5,32.1,228.0,12.4,66.0,4.3
2025-03-27 20:00:00,2025,3,27,20,Vĩnh Long,Xã An Ngãi Trung,10.0916931,106.5448581,80,Moderate,1,26.0,82,0.0,12.2,136,1005.2,0,26.8,31.0,226.0,13.0,62.0,4.5
2025-03-27 21:00:00,2025,3,27,21,Vĩnh Long,Xã An Ngãi Trung,10.0916931,106.5448581,80,Moderate,1,25.5,85,0.0,11.4,131,1005.8,0,27.7,31.8,223.0,14.0,56.0,4.9
2025-03-27 22:00:00,2025,3,27,22,Vĩnh Long,Xã An Ngãi Trung,10.0916931,106.5448581,80,Moderate,1,25.2,87,0.0,10.7,135,1006.4,0,29.3,33.3,221.0,14.9,51.0,5.0
2025-03-27 23:00:00,2025,3,27,23,Vĩnh Long,Xã An Ngãi Trung,10.0916931,106.5448581,79,Moderate,1,24.9,87,0.0,9.3,143,1007.0,0,31.0,34.8,223.0,15.4,49.0,4.7
2025-03-28 00:00:00,2025,3,28,0,Vĩnh Long,Xã An Ngãi Trung,10.0916931,106.5448581,79,Moderate,1,24.5,91,0.0,7.2,143,1006.6,0,31.5,35.4,228.0,16.0,48.0,4.2
2025-03-28 01:00:00,2025,3,28,1,Vĩnh Long,Xã An Ngãi Trung,10.0916931,106.5448581,79,Moderate,1,23.9,94,0.0,5.0,161,1006.2,0,33.2,37.1,232.0,17.4,46.0,4.0
2025-03-28 02:00:00,2025,3,28,2,Vĩnh Long,Xã An Ngãi Trung,10.0916931,106.5448581,79,Moderate,1,23.7,94,0.0,3.6,174,1005.8,0,36.6,40.6,234.0,20.4,42.0,4.2
2025-03-28 03:00:00,2025,3,28,3,Vĩnh Long,Xã An Ngãi Trung,10.0916931,106.5448581,80,Moderate,1,23.5,95,0.0,3.7,141,1005.6,3,42.6,46.9,236.0,24.3,37.0,4.7
2025-03-28 04:00:00,2025,3,28,4,Vĩnh Long,Xã An Ngãi Trung,10.0916931,106.5448581,81,Moderate,1,23.3,96,0.0,3.9,133,1005.6,1,51.5,56.2,242.0,27.7,34.0,5.5
2025-03-28 05:00:00,2025,3,28,5,Vĩnh Long,Xã An Ngãi Trung,10.0916931,106.5448581,83,Moderate,1,23.2,96,0.0,2.2,175,1006.1,2,61.9,67.1,261.0,31.4,32.0,7.1
2025-03-28 06:00:00,2025,3,28,6,Vĩnh Long,Xã An Ngãi Trung,10.0916931,106.5448581,86,Moderate,1,22.7,98,0.0,3.3,261,1007.1,35,75.0,80.1,285.0,34.6,31.0,9.0
2025-03-28 07:00:00,2025,3,28,7,Vĩnh Long,Xã An Ngãi Trung,10.0916931,106.5448581,89,Moderate,1,24.8,91,0.0,3.6,261,1008.1,24,68.0,72.4,292.0,27.4,40.0,7.9
2025-03-28 08:00:00,2025,3,28,8,Vĩnh Long,Xã An Ngãi Trung,10.0916931,106.5448581,92,Moderate,1,28.0,71,0.0,10.3,145,1008.8,17,27.7,33.5,266.0,20.0,56.0,6.3
2025-03-28 09:00:00,2025,3,28,9,Vĩnh Long,Xã An Ngãi Trung,10.0916931,106.5448581,93,Moderate,1,29.9,59,0.0,9.9,136,1009.3,19,18.9,24.6,223.0,9.7,78.0,4.0
2025-03-28 10:00:00,2025,3,28,10,Vĩnh Long,Xã An Ngãi Trung,10.0916931,106.5448581,93,Moderate,1,31.1,53,0.0,10.5,131,1009.5,8,17.5,23.3,190.0,2.2,94.0,2.3
2025-03-28 11:00:00,2025,3,28,11,Vĩnh Long,Xã An Ngãi Trung,10.0916931,106.5448581,92,Moderate,1,32.0,48,0.0,11.3,127,1009.0,15,16.5,22.1,181.0,0.1,100.0,1.7
2025-03-28 12:00:00,2025,3,28,12,Vĩnh Long,Xã An Ngãi Trung,10.0916931,106.5448581,92,Moderate,1,32.5,46,0.0,11.9,124,1008.1,63,15.5,20.7,182.0,0.7,101.0,1.6
2025-03-28 13:00:00,2025,3,28,13,Vĩnh Long,Xã An Ngãi Trung,10.0916931,106.5448581,92,Moderate,1,32.8,46,0.0,11.6,122,1007.0,1,14.6,19.5,184.0,1.4,100.0,1.6
2025-03-28 14:00:00,2025,3,28,14,Vĩnh Long,Xã An Ngãi Trung,10.0916931,106.5448581,91,Moderate,1,32.6,47,0.0,12.3,122,1006.0,0,14.1,18.7,182.0,1.2,100.0,1.5
2025-03-28 15:00:00,2025,3,28,15,Vĩnh Long,Xã An Ngãi Trung,10.0916931,106.5448581,91,Moderate,1,31.8,51,0.0,13.4,129,1005.2,0,13.7,18.2,181.0,1.2,99.0,1.6
2025-03-28 16:00:00,2025,3,28,16,Vĩnh Long,Xã An Ngãi Trung,10.0916931,106.5448581,90,Moderate,1,30.7,55,0.0,13.6,130,1004.7,0,13.7,17.9,183.0,2.1,95.0,1.8
2025-03-28 17:00:00,2025,3,28,17,Vĩnh Long,Xã An Ngãi Trung,10.0916931,106.5448581,90,Moderate,1,29.4,59,0.0,13.2,129,1004.8,0,14.2,18.1,193.0,4.4,86.0,2.4
2025-03-28 18:00:00,2025,3,28,18,Vĩnh Long,Xã An Ngãi Trung,10.0916931,106.5448581,89,Moderate,1,27.6,68,0.0,11.8,134,1005.4,0,16.5,19.8,206.0,7.6,74.0,3.1
2025-03-28 19:00:00,2025,3,28,19,Vĩnh Long,Xã An Ngãi Trung,10.0916931,106.5448581,89,Moderate,1,26.5,75,0.0,9.2,133,1006.0,0,20.3,23.5,215.0,10.7,60.0,3.6
2025-03-28 20:00:00,2025,3,28,20,Vĩnh Long,Xã An Ngãi Trung,10.0916931,106.5448581,88,Moderate,1,26.5,78,0.0,9.2,140,1006.6,0,20.8,23.7,217.0,11.6,56.0,3.9
2025-03-28 21:00:00,2025,3,28,21,Vĩnh Long,Xã An Ngãi Trung,10.0916931,106.5448581,88,Moderate,1,26.0,80,0.0,7.8,143,1007.4,0,22.7,25.7,215.0,12.7,49.0,4.4
2025-03-28 22:00:00,2025,3,28,22,Vĩnh Long,Xã An Ngãi Trung,10.0916931,106.5448581,87,Moderate,1,25.8,82,0.0,8.1,152,1008.3,0,25.2,28.2,212.0,13.6,45.0,4.6
2025-03-28 23:00:00,2025,3,28,23,Vĩnh Long,Xã An Ngãi Trung,10.0916931,106.5448581,87,Moderate,1,25.6,84,0.0,8.2,151,1008.7,61,26.5,29.5,208.0,13.8,44.0,4.3
2025-03-29 00:00:00,2025,3,29,0,Vĩnh Long,Xã An Ngãi Trung,10.0916931,106.5448581,86,Moderate,1,25.3,86,0.0,6.1,148,1008.3,28,26.5,29.5,202.0,13.7,45.0,3.7
2025-03-29 01:00:00,2025,3,29,1,Vĩnh Long,Xã An Ngãi Trung,10.0916931,106.5448581,86,Moderate,1,25.1,88,0.0,5.6,149,1008.3,90,26.3,29.3,199.0,13.7,45.0,3.3
2025-03-29 02:00:00,2025,3,29,2,Vĩnh Long,Xã An Ngãi Trung,10.0916931,106.5448581,85,Moderate,1,25.0,89,0.0,7.5,145,1007.8,76,26.4,29.6,198.0,14.2,45.0,3.2
2025-03-29 03:00:00,2025,3,29,3,Vĩnh Long,Xã An Ngãi Trung,10.0916931,106.5448581,84,Moderate,1,24.9,90,0.0,6.4,140,1007.4,84,27.8,31.1,200.0,14.8,44.0,3.2
2025-03-29 04:00:00,2025,3,29,4,Vĩnh Long,Xã An Ngãi Trung,10.0916931,106.5448581,83,Moderate,1,24.5,92,0.0,6.2,136,1007.5,90,30.3,33.5,205.0,15.3,44.0,3.4
2025-03-29 05:00:00,2025,3,29,5,Vĩnh Long,Xã An Ngãi Trung,10.0916931,106.5448581,81,Moderate,1,24.5,92,0.0,6.0,136,1007.8,93,33.1,36.4,220.0,16.0,43.0,4.1
2025-03-29 06:00:00,2025,3,29,6,Vĩnh Long,Xã An Ngãi Trung,10.0916931,106.5448581,79,Moderate,1,24.0,93,0.0,4.3,114,1008.4,19,37.3,40.9,238.0,16.4,43.0,5.0
2025-03-29 07:00:00,2025,3,29,7,Vĩnh Long,Xã An Ngãi Trung,10.0916931,106.5448581,75,Moderate,1,26.4,82,0.0,7.1,117,1008.9,9,42.4,46.6,243.0,16.8,43.0,5.4
2025-03-29 08:00:00,2025,3,29,8,Vĩnh Long,Xã An Ngãi Trung,10.0916931,106.5448581,73,Moderate,1,28.6,70,0.0,11.9,125,1009.2,49,21.1,26.8,222.0,12.3,53.0,4.3
2025-03-29 09:00:00,2025,3,29,9,Vĩnh Long,Xã An Ngãi Trung,10.0916931,106.5448581,73,Moderate,1,30.2,62,0.0,13.7,113,1009.8,57,15.8,20.9,187.0,6.2,67.0,2.8
2025-03-29 10:00:00,2025,3,29,10,Vĩnh Long,Xã An Ngãi Trung,10.0916931,106.5448581,72,Moderate,1,31.4,57,0.0,14.2,106,1009.8,88,13.0,17.2,160.0,1.7,76.0,1.7
2025-03-29 11:00:00,2025,3,29,11,Vĩnh Long,Xã An Ngãi Trung,10.0916931,106.5448581,72,Moderate,1,32.2,53,0.0,14.5,105,1009.4,73,10.8,14.4,149.0,0.5,77.0,1.3
2025-03-29 12:00:00,2025,3,29,12,Vĩnh Long,Xã An Ngãi Trung,10.0916931,106.5448581,71,Moderate,1,32.8,49,0.0,16.1,104,1008.9,77,9.6,12.8,146.0,0.9,75.0,1.2
2025-03-29 13:00:00,2025,3,29,13,Vĩnh Long,Xã An Ngãi Trung,10.0916931,106.5448581,71,Moderate,1,32.8,49,0.0,16.7,104,1008.3,84,9.5,12.5,145.0,1.4,72.0,1.2
2025-03-29 14:00:00,2025,3,29,14,Vĩnh Long,Xã An Ngãi Trung,10.0916931,106.5448581,70,Moderate,1,32.0,53,0.0,16.8,109,1007.3,38,9.4,12.3,144.0,1.3,71.0,1.1
2025-03-29 15:00:00,2025,3,29,15,Vĩnh Long,Xã An Ngãi Trung,10.0916931,106.5448581,70,Moderate,1,31.2,57,0.0,16.2,113,1006.5,25,9.3,12.2,145.0,1.3,71.0,1.1
2025-03-29 16:00:00,2025,3,29,16,Vĩnh Long,Xã An Ngãi Trung,10.0916931,106.5448581,70,Moderate,1,30.5,61,0.0,16.4,120,1006.0,9,9.6,12.5,147.0,2.1,69.0,1.3
2025-03-29 17:00:00,2025,3,29,17,Vĩnh Long,Xã An Ngãi Trung,10.0916931,106.5448581,69,Moderate,1,29.3,67,0.0,15.3,121,1006.0,14,10.6,13.5,153.0,4.4,66.0,1.9
2025-03-29 18:00:00,2025,3,29,18,Vĩnh Long,Xã An Ngãi Trung,10.0916931,106.5448581,69,Moderate,1,28.1,72,0.0,14.3,118,1006.6,1,13.2,16.1,160.0,7.5,61.0,2.8
2025-03-29 19:00:00,2025,3,29,19,Vĩnh Long,Xã An Ngãi Trung,10.0916931,106.5448581,69,Moderate,1,27.8,75,0.0,13.5,113,1007.6,86,17.2,20.4,163.0,9.2,57.0,3.3
2025-03-29 20:00:00,2025,3,29,20,Vĩnh Long,Xã An Ngãi Trung,10.0916931,106.5448581,68,Moderate,1,27.6,80,0.0,12.9,113,1008.3,92,18.2,21.2,159.0,9.3,56.0,3.4
2025-03-29 21:00:00,2025,3,29,21,Vĩnh Long,Xã An Ngãi Trung,10.0916931,106.5448581,68,Moderate,1,27.3,82,0.0,13.8,103,1009.4,97,17.9,20.7,151.0,9.4,54.0,3.5
2025-03-29 22:00:00,2025,3,29,22,Vĩnh Long,Xã An Ngãi Trung,10.0916931,106.5448581,68,Moderate,1,27.2,82,0.0,14.2,108,1010.1,91,17.2,19.8,144.0,9.4,53.0,3.4
2025-03-29 23:00:00,2025,3,29,23,Vĩnh Long,Xã An Ngãi Trung,10.0916931,106.5448581,67,Moderate,1,27.0,84,0.0,14.3,107,1010.5,88,16.4,18.7,139.0,9.1,52.0,3.0
2025-03-30 00:00:00,2025,3,30,0,Vĩnh Long,Xã An Ngãi Trung,10.0916931,106.5448581,66,Moderate,1,27.0,84,0.0,14.5,107,1010.1,91,15.3,17.6,134.0,8.7,50.0,2.5
2025-03-30 01:00:00,2025,3,30,1,Vĩnh Long,Xã An Ngãi Trung,10.0916931,106.5448581,65,Moderate,1,26.9,86,0.0,15.0,108,1009.6,52,14.6,16.7,131.0,8.3,49.0,2.1
2025-03-30 02:00:00,2025,3,30,2,Vĩnh Long,Xã An Ngãi Trung,10.0916931,106.5448581,64,Moderate,1,26.6,87,0.0,13.2,110,1009.1,100,13.9,15.9,129.0,8.2,48.0,1.9
2025-03-30 03:00:00,2025,3,30,3,Vĩnh Long,Xã An Ngãi Trung,10.0916931,106.5448581,63,Moderate,1,26.5,88,0.0,13.9,107,1008.8,19,13.9,16.0,128.0,8.2,47.0,1.9
2025-03-30 04:00:00,2025,3,30,4,Vĩnh Long,Xã An Ngãi Trung,10.0916931,106.5448581,62,Moderate,1,26.1,89,0.1,15.6,105,1008.7,11,14.0,16.3,132.0,8.0,47.0,1.9
2025-03-30 05:00:00,2025,3,30,5,Vĩnh Long,Xã An Ngãi Trung,10.0916931,106.5448581,60,Moderate,1,25.9,90,0.0,14.0,98,1009.1,68,14.3,16.8,147.0,7.5,48.0,2.0
2025-03-30 06:00:00,2025,3,30,6,Vĩnh Long,Xã An Ngãi Trung,10.0916931,106.5448581,59,Moderate,1,26.0,88,0.0,14.8,91,1009.5,68,14.7,17.4,168.0,6.7,49.0,2.1
2025-03-30 07:00:00,2025,3,30,7,Vĩnh Long,Xã An Ngãi Trung,10.0916931,106.5448581,57,Moderate,1,27.5,80,0.0,18.0,87,1010.1,100,13.3,16.9,180.0,5.8,52.0,2.1
2025-03-30 08:00:00,2025,3,30,8,Vĩnh Long,Xã An Ngãi Trung,10.0916931,106.5448581,54,Moderate,1,29.3,68,0.0,20.5,89,1010.9,18,12.7,16.3,175.0,4.6,58.0,1.9
2025-03-30 09:00:00,2025,3,30,9,Vĩnh Long,Xã An Ngãi Trung,10.0916931,106.5448581,53,Moderate,1,30.6,62,0.0,20.4,85,1011.6,85,12.1,15.7,161.0,3.0,66.0,1.6
2025-03-30 10:00:00,2025,3,30,10,Vĩnh Long,Xã An Ngãi Trung,10.0916931,106.5448581,53,Moderate,1,31.7,57,0.0,20.2,85,1011.6,92,11.6,15.0,149.0,1.7,73.0,1.3
2025-03-30 11:00:00,2025,3,30,11,Vĩnh Long,Xã An Ngãi Trung,10.0916931,106.5448581,53,Moderate,1,32.2,55,0.0,21.8,89,1011.5,100,11.2,14.4,143.0,1.2,77.0,1.2
2025-03-30 12:00:00,2025,3,30,12,Vĩnh Long,Xã An Ngãi Trung,10.0916931,106.5448581,53,Moderate,1,32.7,53,0.0,21.6,92,1010.6,100,10.8,13.6,138.0,1.2,79.0,1.1
2025-03-30 13:00:00,2025,3,30,13,Vĩnh Long,Xã An Ngãi Trung,10.0916931,106.5448581,53,Moderate,1,32.6,54,0.0,20.1,99,1009.6,100,10.1,12.4,135.0,1.2,81.0,1.1
2025-03-30 14:00:00,2025,3,30,14,Vĩnh Long,Xã An Ngãi Trung,10.0916931,106.5448581,53,Moderate,1,32.1,55,0.0,19.2,101,1008.8,100,9.7,11.6,133.0,1.2,82.0,1.1
2025-03-30 15:00:00,2025,3,30,15,Vĩnh Long,Xã An Ngãi Trung,10.0916931,106.5448581,53,Moderate,1,31.4,60,0.0,20.5,105,1008.0,84,9.7,11.4,133.0,1.2,82.0,1.1
2025-03-30 16:00:00,2025,3,30,16,Vĩnh Long,Xã An Ngãi Trung,10.0916931,106.5448581,53,Moderate,1,30.6,62,0.0,20.7,101,1007.7,55,10.1,12.0,136.0,1.8,81.0,1.3
2025-03-30 17:00:00,2025,3,30,17,Vĩnh Long,Xã An Ngãi Trung,10.0916931,106.5448581,53,Moderate,1,29.2,69,0.0,19.0,100,1007.8,86,11.2,13.3,143.0,3.3,79.0,1.7
2025-03-30 18:00:00,2025,3,30,18,Vĩnh Long,Xã An Ngãi Trung,10.0916931,106.5448581,53,Moderate,1,27.9,79,0.0,16.4,105,1008.2,95,13.7,16.0,153.0,5.3,77.0,2.2
2025-03-30 19:00:00,2025,3,30,19,Vĩnh Long,Xã An Ngãi Trung,10.0916931,106.5448581,53,Moderate,1,27.4,82,0.0,15.8,101,1009.1,91,17.2,19.8,160.0,6.4,77.0,2.5
2025-03-30 20:00:00,2025,3,30,20,Vĩnh Long,Xã An Ngãi Trung,10.0916931,106.5448581,53,Moderate,1,27.6,83,0.0,15.3,111,1009.3,60,18.2,21.1,161.0,6.3,77.0,2.5
2025-03-30 21:00:00,2025,3,30,21,Vĩnh Long,Xã An Ngãi Trung,10.0916931,106.5448581,53,Moderate,1,27.5,83,0.0,13.8,116,1010.0,25,19.6,22.7,160.0,6.1,76.0,2.4
2025-03-30 22:00:00,2025,3,30,22,Vĩnh Long,Xã An Ngãi Trung,10.0916931,106.5448581,53,Moderate,1,27.4,82,0.0,15.7,115,1010.3,20,20.7,24.1,160.0,6.1,75.0,2.3
2025-03-30 23:00:00,2025,3,30,23,Vĩnh Long,Xã An Ngãi Trung,10.0916931,106.5448581,54,Moderate,1,27.1,83,0.0,14.4,119,1010.5,57,20.9,24.3,164.0,6.2,74.0,2.1
2025-03-31 00:00:00,2025,3,31,0,Vĩnh Long,Xã An Ngãi Trung,10.0916931,106.5448581,54,Moderate,1,26.9,85,0.0,13.8,114,1010.1,52,20.1,23.6,169.0,6.4,73.0,1.9
2025-03-31 01:00:00,2025,3,31,1,Vĩnh Long,Xã An Ngãi Trung,10.0916931,106.5448581,54,Moderate,1,26.6,86,0.0,12.9,110,1009.9,99,19.2,22.7,174.0,7.1,71.0,1.8
2025-03-31 02:00:00,2025,3,31,2,Vĩnh Long,Xã An Ngãi Trung,10.0916931,106.5448581,55,Moderate,1,26.6,86,0.0,11.7,105,1009.4,100,19.0,22.3,177.0,8.3,67.0,1.9
2025-03-31 03:00:00,2025,3,31,3,Vĩnh Long,Xã An Ngãi Trung,10.0916931,106.5448581,55,Moderate,1,26.3,88,0.0,8.6,106,1008.8,49,20.1,23.3,181.0,10.0,62.0,2.1
2025-03-31 04:00:00,2025,3,31,4,Vĩnh Long,Xã An Ngãi Trung,10.0916931,106.5448581,56,Moderate,1,26.1,89,0.0,6.0,100,1008.6,100,23.4,26.5,191.0,11.8,58.0,2.6
2025-03-31 05:00:00,2025,3,31,5,Vĩnh Long,Xã An Ngãi Trung,10.0916931,106.5448581,57,Moderate,1,25.8,91,0.0,3.7,55,1008.9,95,28.6,31.7,216.0,14.3,53.0,3.3
2025-03-31 06:00:00,2025,3,31,6,Vĩnh Long,Xã An Ngãi Trung,10.0916931,106.5448581,58,Moderate,1,25.8,90,0.1,6.4,22,1009.3,100,32.8,35.9,247.0,17.0,49.0,4.3
2025-03-31 07:00:00,2025,3,31,7,Vĩnh Long,Xã An Ngãi Trung,10.0916931,106.5448581,60,Moderate,1,26.5,85,0.2,8.9,25,1010.0,99,32.5,35.5,263.0,18.5,47.0,6.3
2025-03-31 08:00:00,2025,3,31,8,Vĩnh Long,Xã An Ngãi Trung,10.0916931,106.5448581,61,Moderate,1,26.6,85,0.1,10.2,24,1011.2,100,25.8,29.5,250.0,14.9,64.0,6.4
2025-03-31 09:00:00,2025,3,31,9,Vĩnh Long,Xã An Ngãi Trung,10.0916931,106.5448581,62,Moderate,1,28.2,77,0.1,8.2,15,1011.7,100,22.4,24.3,223.0,9.9,88.0,6.6
2025-03-31 10:00:00,2025,3,31,10,Vĩnh Long,Xã An Ngãi Trung,10.0916931,106.5448581,63,Moderate,1,29.5,68,0.2,7.2,12,1011.6,100,27.9,29.6,206.0,6.0,110.0,6.6
2025-03-31 11:00:00,2025,3,31,11,Vĩnh Long,Xã An Ngãi Trung,10.0916931,106.5448581,65,Moderate,1,28.6,72,0.2,7.8,13,1011.5,100,27.0,28.4,214.0,4.1,129.0,6.3
2025-03-31 12:00:00,2025,3,31,12,Vĩnh Long,Xã An Ngãi Trung,10.0916931,106.5448581,66,Moderate,1,28.5,74,0.6,4.7,7,1010.5,100,27.5,28.9,233.0,3.2,146.0,5.8
2025-03-31 13:00:00,2025,3,31,13,Vĩnh Long,Xã An Ngãi Trung,10.0916931,106.5448581,68,Moderate,1,28.4,75,0.4,3.0,335,1009.3,100,27.0,28.3,247.0,3.0,155.0,5.4
2025-03-31 14:00:00,2025,3,31,14,Vĩnh Long,Xã An Ngãi Trung,10.0916931,106.5448581,69,Moderate,1,28.4,75,0.3,2.9,223,1008.3,100,27.0,28.3,246.0,3.2,153.0,5.1
2025-03-31 15:00:00,2025,3,31,15,Vĩnh Long,Xã An Ngãi Trung,10.0916931,106.5448581,71,Moderate,1,28.5,75,0.8,4.8,248,1007.5,100,25.7,27.0,241.0,4.0,144.0,4.8
2025-03-31 16:00:00,2025,3,31,16,Vĩnh Long,Xã An Ngãi Trung,10.0916931,106.5448581,77,Moderate,1,29.5,68,0.0,3.0,232,1007.2,100,24.0,25.8,246.0,5.6,131.0,4.7
2025-03-31 17:00:00,2025,3,31,17,Vĩnh Long,Xã An Ngãi Trung,10.0916931,106.5448581,91,Moderate,1,29.5,65,0.0,1.3,124,1007.3,100,26.6,29.6,279.0,7.8,114.0,4.5
2025-03-31 18:00:00,2025,3,31,18,Vĩnh Long,Xã An Ngãi Trung,10.0916931,106.5448581,97,Moderate,1,28.4,71,0.0,3.0,128,1007.4,100,26.4,28.6,324.0,10.8,92.0,4.5
2025-03-31 19:00:00,2025,3,31,19,Vĩnh Long,Xã An Ngãi Trung,10.0916931,106.5448581,93,Moderate,1,27.2,78,0.0,8.3,112,1008.1,100,34.5,36.7,344.0,16.4,80.0,6.5
2025-03-31 20:00:00,2025,3,31,20,Vĩnh Long,Xã An Ngãi Trung,10.0916931,106.5448581,82,Moderate,1,27.8,77,0.1,8.1,114,1009.0,100,38.1,40.0,318.0,16.6,73.0,6.4
2025-03-31 21:00:00,2025,3,31,21,Vĩnh Long,Xã An Ngãi Trung,10.0916931,106.5448581,79,Moderate,1,27.0,89,0.4,10.0,129,1009.6,100,34.7,36.9,268.0,16.9,64.0,6.1
2025-03-31 22:00:00,2025,3,31,22,Vĩnh Long,Xã An Ngãi Trung,10.0916931,106.5448581,80,Moderate,1,26.7,89,0.0,10.4,122,1010.1,100,30.0,32.4,227.0,17.0,57.0,5.7
2025-03-31 23:00:00,2025,3,31,23,Vĩnh Long,Xã An Ngãi Trung,10.0916931,106.5448581,81,Moderate,1,26.6,89,0.0,8.1,135,1010.3,100,27.1,29.2,207.0,16.4,53.0,4.9
2025-04-01 00:00:00,2025,4,1,0,Vĩnh Long,Xã An Ngãi Trung,10.0916931,106.5448581,82,Moderate,1,26.5,89,0.1,7.0,102,1009.9,100,23.9,25.7,196.0,15.4,51.0,3.9
2025-04-01 01:00:00,2025,4,1,1,Vĩnh Long,Xã An Ngãi Trung,10.0916931,106.5448581,82,Moderate,1,26.4,88,0.0,7.6,85,1009.0,98,23.1,24.9,190.0,15.3,49.0,3.2
2025-04-01 02:00:00,2025,4,1,2,Vĩnh Long,Xã An Ngãi Trung,10.0916931,106.5448581,83,Moderate,1,26.2,87,0.0,8.5,88,1008.0,100,23.9,25.7,189.0,16.7,45.0,3.1
2025-04-01 03:00:00,2025,4,1,3,Vĩnh Long,Xã An Ngãi Trung,10.0916931,106.5448581,83,Moderate,1,25.8,90,0.0,6.9,83,1007.6,100,27.2,29.0,193.0,18.9,41.0,3.4
2025-04-01 04:00:00,2025,4,1,4,Vĩnh Long,Xã An Ngãi Trung,10.0916931,106.5448581,84,Moderate,1,25.9,91,0.0,6.9,84,1007.6,100,33.4,35.2,200.0,20.4,38.0,3.6
2025-04-01 05:00:00,2025,4,1,5,Vĩnh Long,Xã An Ngãi Trung,10.0916931,106.5448581,84,Moderate,1,26.4,88,0.0,8.4,67,1008.0,100,30.0,31.7,213.0,20.9,34.0,3.7
2025-04-01 06:00:00,2025,4,1,6,Vĩnh Long,Xã An Ngãi Trung,10.0916931,106.5448581,85,Moderate,1,25.5,91,4.6,6.9,31,1008.6,100,32.2,33.6,230.0,20.6,32.0,3.7
2025-04-01 07:00:00,2025,4,1,7,Vĩnh Long,Xã An Ngãi Trung,10.0916931,106.5448581,85,Moderate,1,25.0,93,7.6,4.7,4,1009.4,100,11.3,12.7,239.0,7.3,58.0,2.4
2025-04-01 08:00:00,2025,4,1,8,Vĩnh Long,Xã An Ngãi Trung,10.0916931,106.5448581,83,Moderate,1,28.8,77,0.1,8.3,74,1010.2,100,7.8,9.4,234.0,5.6,66.0,2.0
2025-04-01 09:00:00,2025,4,1,9,Vĩnh Long,Xã An Ngãi Trung,10.0916931,106.5448581,81,Moderate,1,29.8,72,0.1,9.5,75,1010.6,100,6.7,8.4,221.0,3.3,77.0,1.5
2025-04-01 10:00:00,2025,4,1,10,Vĩnh Long,Xã An Ngãi Trung,10.0916931,106.5448581,80,Moderate,1,31.2,64,0.0,12.5,67,1010.4,96,6.6,8.4,214.0,1.6,86.0,1.1
2025-04-01 11:00:00,2025,4,1,11,Vĩnh Long,Xã An Ngãi Trung,10.0916931,106.5448581,78,Moderate,1,29.1,72,1.7,14.9,83,1010.7,97,6.5,8.4,222.0,1.0,93.0,1.0
2025-04-01 12:00:00,2025,4,1,12,Vĩnh Long,Xã An Ngãi Trung,10.0916931,106.5448581,76,Moderate,1,31.1,63,0.0,12.3,94,1009.3,98,6.8,8.8,235.0,1.1,98.0,1.1
2025-04-01 13:00:00,2025,4,1,13,Vĩnh Long,Xã An Ngãi Trung,10.0916931,106.5448581,74,Moderate,1,31.0,63,0.1,13.9,86,1008.4,100,7.5,9.7,238.0,1.3,102.0,1.2
2025-04-01 14:00:00,2025,4,1,14,Vĩnh Long,Xã An Ngãi Trung,10.0916931,106.5448581,72,Moderate,1,31.1,61,0.0,16.4,93,1008.0,89,8.5,10.9,217.0,1.4,104.0,1.3
2025-04-01 15:00:00,2025,4,1,15,Vĩnh Long,Xã An Ngãi Trung,10.0916931,106.5448581,71,Moderate,1,29.9,64,0.9,19.6,93,1007.5,99,8.4,10.5,186.0,1.7,104.0,1.3
2025-04-01 16:00:00,2025,4,1,16,Vĩnh Long,Xã An Ngãi Trung,10.0916931,106.5448581,69,Moderate,1,29.2,71,0.0,17.5,91,1007.3,99,9.0,11.1,165.0,2.4,103.0,1.5
2025-04-01 17:00:00,2025,4,1,17,Vĩnh Long,Xã An Ngãi Trung,10.0916931,106.5448581,68,Moderate,1,27.9,75,0.3,16.9,76,1008.1,99,10.0,12.1,166.0,4.1,100.0,1.9
2025-04-01 18:00:00,2025,4,1,18,Vĩnh Long,Xã An Ngãi Trung,10.0916931,106.5448581,66,Moderate,1,27.2,80,0.1,20.3,91,1008.6,99,12.7,15.0,178.0,6.3,95.0,2.3
2025-04-01 19:00:00,2025,4,1,19,Vĩnh Long,Xã An Ngãi Trung,10.0916931,106.5448581,65,Moderate,1,26.9,83,0.1,18.7,74,1009.6,98,19.2,21.7,190.0,10.2,87.0,3.5
2025-04-01 20:00:00,2025,4,1,20,Vĩnh Long,Xã An Ngãi Trung,10.0916931,106.5448581,64,Moderate,1,26.4,88,0.0,8.8,71,1010.0,99,18.9,21.4,200.0,11.1,84.0,3.9
2025-04-01 21:00:00,2025,4,1,21,Vĩnh Long,Xã An Ngãi Trung,10.0916931,106.5448581,62,Moderate,1,26.5,87,0.0,8.9,77,1010.4,100,19.1,21.4,210.0,12.3,80.0,4.4
2025-04-01 22:00:00,2025,4,1,22,Vĩnh Long,Xã An Ngãi Trung,10.0916931,106.5448581,61,Moderate,1,26.5,85,0.0,11.0,76,1010.8,99,19.3,21.4,216.0,13.3,76.0,4.7
2025-04-01 23:00:00,2025,4,1,23,Vĩnh Long,Xã An Ngãi Trung,10.0916931,106.5448581,60,Moderate,1,26.5,86,0.0,11.7,77,1010.7,98,19.7,21.5,212.0,13.8,73.0,4.5
2025-04-02 00:00:00,2025,4,2,0,Vĩnh Long,Xã An Ngãi Trung,10.0916931,106.5448581,59,Moderate,1,26.2,89,0.0,9.1,65,1010.5,100,18.1,19.8,203.0,14.0,69.0,4.1
2025-04-02 01:00:00,2025,4,2,1,Vĩnh Long,Xã An Ngãi Trung,10.0916931,106.5448581,59,Moderate,1,25.7,93,0.0,8.7,50,1009.9,100,16.3,17.8,200.0,13.8,67.0,3.7
2025-04-02 02:00:00,2025,4,2,2,Vĩnh Long,Xã An Ngãi Trung,10.0916931,106.5448581,58,Moderate,1,25.0,96,0.0,6.5,24,1009.5,96,14.5,15.8,208.0,13.2,66.0,3.3
2025-04-02 03:00:00,2025,4,2,3,Vĩnh Long,Xã An Ngãi Trung,10.0916931,106.5448581,57,Moderate,1,24.5,97,0.0,7.1,19,1008.5,83,13.2,14.4,221.0,12.2,66.0,3.0
2025-04-02 04:00:00,2025,4,2,4,Vĩnh Long,Xã An Ngãi Trung,10.0916931,106.5448581,56,Moderate,1,24.2,97,0.0,7.0,32,1008.4,100,12.0,13.1,232.0,10.9,67.0,2.6
2025-04-02 05:00:00,2025,4,2,5,Vĩnh Long,Xã An Ngãi Trung,10.0916931,106.5448581,54,Moderate,1,24.1,97,0.0,5.2,16,1008.8,100,11.0,12.1,240.0,9.2,69.0,2.2
2025-04-02 06:00:00,2025,4,2,6,Vĩnh Long,Xã An Ngãi Trung,10.0916931,106.5448581,52,Moderate,1,24.0,97,0.0,3.0,322,1009.7,100,9.2,10.3,247.0,7.1,72.0,1.9
2025-04-02 07:00:00,2025,4,2,7,Vĩnh Long,Xã An Ngãi Trung,10.0916931,106.5448581,50,Good,0,25.4,90,1.7,4.7,23,1010.7,100,14.4,15.9,246.0,13.7,64.0,4.9
2025-04-02 08:00:00,2025,4,2,8,Vĩnh Long,Xã An Ngãi Trung,10.0916931,106.5448581,51,Moderate,1,28.0,73,0.0,22.7,77,1011.5,100,12.1,13.9,234.0,10.3,74.0,3.9
2025-04-02 09:00:00,2025,4,2,9,Vĩnh Long,Xã An Ngãi Trung,10.0916931,106.5448581,51,Moderate,1,29.0,69,0.0,25.8,75,1011.9,90,8.9,10.6,216.0,5.7,88.0,2.5
2025-04-02 10:00:00,2025,4,2,10,Vĩnh Long,Xã An Ngãi Trung,10.0916931,106.5448581,51,Moderate,1,29.7,66,0.0,30.0,78,1011.8,99,7.0,8.6,199.0,2.3,97.0,1.4
2025-04-02 11:00:00,2025,4,2,11,Vĩnh Long,Xã An Ngãi Trung,10.0916931,106.5448581,51,Moderate,1,30.1,65,0.0,32.7,79,1011.8,82,5.4,6.7,187.0,1.3,96.0,0.9
2025-04-02 12:00:00,2025,4,2,12,Vĩnh Long,Xã An Ngãi Trung,10.0916931,106.5448581,51,Moderate,1,30.1,65,0.0,33.4,80,1011.0,77,4.9,6.1,177.0,1.5,89.0,0.8
2025-04-02 13:00:00,2025,4,2,13,Vĩnh Long,Xã An Ngãi Trung,10.0916931,106.5448581,51,Moderate,1,30.2,65,0.0,34.1,86,1010.2,99,5.2,6.5,171.0,1.9,85.0,0.8
2025-04-02 14:00:00,2025,4,2,14,Vĩnh Long,Xã An Ngãi Trung,10.0916931,106.5448581,51,Moderate,1,29.4,68,0.0,33.2,93,1009.3,100,6.5,8.1,172.0,2.4,87.0,1.0
2025-04-02 15:00:00,2025,4,2,15,Vĩnh Long,Xã An Ngãi Trung,10.0916931,106.5448581,51,Moderate,1,28.5,72,0.0,30.7,93,1008.5,100,7.9,9.7,177.0,3.1,92.0,1.3
2025-04-02 16:00:00,2025,4,2,16,Vĩnh Long,Xã An Ngãi Trung,10.0916931,106.5448581,51,Moderate,1,27.8,76,0.0,28.9,95,1008.6,100,9.3,11.2,182.0,3.7,94.0,1.5
2025-04-02 17:00:00,2025,4,2,17,Vĩnh Long,Xã An Ngãi Trung,10.0916931,106.5448581,51,Moderate,1,27.1,78,0.0,25.2,99,1008.7,100,10.2,12.3,187.0,4.2,92.0,1.6
2025-04-02 18:00:00,2025,4,2,18,Vĩnh Long,Xã An Ngãi Trung,10.0916931,106.5448581,51,Moderate,1,26.8,80,0.0,24.9,103,1009.1,95,10.6,12.8,191.0,4.6,89.0,1.7
2025-04-02 19:00:00,2025,4,2,19,Vĩnh Long,Xã An Ngãi Trung,10.0916931,106.5448581,50,Good,0,26.6,81,0.0,27.0,100,1009.7,100,9.6,11.6,194.0,4.9,86.0,1.6
2025-04-02 20:00:00,2025,4,2,20,Vĩnh Long,Xã An Ngãi Trung,10.0916931,106.5448581,49,Good,0,27.2,77,0.0,24.6,97,1010.3,100,9.2,11.1,192.0,5.0,84.0,1.6
2025-04-02 21:00:00,2025,4,2,21,Vĩnh Long,Xã An Ngãi Trung,10.0916931,106.5448581,47,Good,0,27.2,76,0.0,24.3,98,1011.1,78,9.1,11.0,189.0,5.0,80.0,1.6
2025-04-02 22:00:00,2025,4,2,22,Vĩnh Long,Xã An Ngãi Trung,10.0916931,106.5448581,46,Good,0,27.0,78,0.0,23.3,94,1011.7,7,9.2,11.0,186.0,5.1,77.0,1.6
2025-04-02 23:00:00,2025,4,2,23,Vĩnh Long,Xã An Ngãi Trung,10.0916931,106.5448581,44,Good,0,26.8,78,0.0,22.6,95,1011.8,16,9.2,11.0,184.0,5.1,75.0,1.5
2025-04-03 00:00:00,2025,4,3,0,Vĩnh Long,Xã An Ngãi Trung,10.0916931,106.5448581,42,Good,0,26.6,79,0.0,22.3,97,1011.6,8,9.0,10.8,184.0,5.1,73.0,1.4
2025-04-03 01:00:00,2025,4,3,1,Vĩnh Long,Xã An Ngãi Trung,10.0916931,106.5448581,41,Good,0,26.5,78,0.0,20.5,87,1011.3,47,9.0,10.7,188.0,5.1,71.0,1.3
2025-04-03 02:00:00,2025,4,3,2,Vĩnh Long,Xã An Ngãi Trung,10.0916931,106.5448581,39,Good,0,26.3,80,0.0,19.3,89,1011.0,33,9.1,10.7,198.0,5.2,70.0,1.2
2025-04-03 03:00:00,2025,4,3,3,Vĩnh Long,Xã An Ngãi Trung,10.0916931,106.5448581,38,Good,0,26.2,81,0.0,18.2,87,1010.5,14,9.2,10.7,212.0,5.4,69.0,1.2
2025-04-03 04:00:00,2025,4,3,4,Vĩnh Long,Xã An Ngãi Trung,10.0916931,106.5448581,38,Good,0,26.1,82,0.0,16.6,86,1010.7,26,9.3,10.8,230.0,5.7,68.0,1.3
2025-04-03 05:00:00,2025,4,3,5,Vĩnh Long,Xã An Ngãi Trung,10.0916931,106.5448581,37,Good,0,25.9,84,0.0,14.3,76,1010.7,35,9.4,10.9,256.0,6.3,67.0,1.5
2025-04-03 06:00:00,2025,4,3,6,Vĩnh Long,Xã An Ngãi Trung,10.0916931,106.5448581,37,Good,0,25.5,87,0.0,11.5,70,1011.5,35,9.9,11.4,286.0,6.9,66.0,1.8
2025-04-03 07:00:00,2025,4,3,7,Vĩnh Long,Xã An Ngãi Trung,10.0916931,106.5448581,37,Good,0,26.7,82,0.0,14.5,67,1012.1,47,10.6,12.2,301.0,7.1,68.0,2.0
2025-04-03 08:00:00,2025,4,3,8,Vĩnh Long,Xã An Ngãi Trung,10.0916931,106.5448581,36,Good,0,28.6,70,0.0,16.6,73,1013.8,100,10.8,12.6,290.0,5.9,78.0,2.1
2025-04-03 09:00:00,2025,4,3,9,Vĩnh Long,Xã An Ngãi Trung,10.0916931,106.5448581,36,Good,0,29.9,60,0.1,18.8,73,1013.9,91,10.0,12.0,264.0,4.3,91.0,2.3
2025-04-03 10:00:00,2025,4,3,10,Vĩnh Long,Xã An Ngãi Trung,10.0916931,106.5448581,36,Good,0,30.7,57,0.0,20.0,79,1013.8,18,10.1,12.5,241.0,3.0,102.0,2.3
2025-04-03 11:00:00,2025,4,3,11,Vĩnh Long,Xã An Ngãi Trung,10.0916931,106.5448581,37,Good,0,31.3,56,0.0,20.4,81,1013.3,14,10.1,12.7,226.0,2.2,108.0,2.1
2025-04-03 12:00:00,2025,4,3,12,Vĩnh Long,Xã An Ngãi Trung,10.0916931,106.5448581,38,Good,0,31.7,56,0.0,19.1,87,1012.2,39,10.0,12.6,213.0,1.7,112.0,1.8
2025-04-03 13:00:00,2025,4,3,13,Vĩnh Long,Xã An Ngãi Trung,10.0916931,106.5448581,40,Good,0,31.9,56,0.0,19.4,96,1011.1,27,9.5,12.0,205.0,1.5,113.0,1.5
2025-04-03 14:00:00,2025,4,3,14,Vĩnh Long,Xã An Ngãi Trung,10.0916931,106.5448581,43,Good,0,31.1,59,0.0,19.3,104,1010.2,25,9.2,11.6,203.0,1.4,111.0,1.4
2025-04-03 15:00:00,2025,4,3,15,Vĩnh Long,Xã An Ngãi Trung,10.0916931,106.5448581,45,Good,0,30.1,64,0.0,19.7,106,1009.5,20,9.2,11.5,206.0,1.6,108.0,1.3
2025-04-03 16:00:00,2025,4,3,16,Vĩnh Long,Xã An Ngãi Trung,10.0916931,106.5448581,48,Good,0,29.5,67,0.0,19.7,102,1009.0,61,9.5,11.8,212.0,2.1,104.0,1.3
2025-04-03 17:00:00,2025,4,3,17,Vĩnh Long,Xã An Ngãi Trung,10.0916931,106.5448581,49,Good,0,28.1,74,0.0,19.5,100,1009.0,44,10.4,12.8,222.0,3.3,101.0,1.5
2025-04-03 18:00:00,2025,4,3,18,Vĩnh Long,Xã An Ngãi Trung,10.0916931,106.5448581,50,Good,0,26.9,79,0.0,18.1,95,1009.1,0,12.3,14.8,235.0,4.8,98.0,1.9
2025-04-03 19:00:00,2025,4,3,19,Vĩnh Long,Xã An Ngãi Trung,10.0916931,106.5448581,50,Good,0,26.5,82,0.0,19.8,89,1009.3,0,12.7,15.0,246.0,6.9,96.0,2.5
2025-04-03 20:00:00,2025,4,3,20,Vĩnh Long,Xã An Ngãi Trung,10.0916931,106.5448581,49,Good,0,26.8,79,0.0,20.4,92,1010.2,98,12.4,14.7,252.0,6.7,96.0,2.4
2025-04-03 21:00:00,2025,4,3,21,Vĩnh Long,Xã An Ngãi Trung,10.0916931,106.5448581,48,Good,0,26.6,79,0.0,21.2,90,1010.2,99,12.6,15.0,256.0,6.3,95.0,2.2
2025-04-03 22:00:00,2025,4,3,22,Vĩnh Long,Xã An Ngãi Trung,10.0916931,106.5448581,47,Good,0,26.7,77,0.0,20.0,92,1010.6,95,13.0,15.4,259.0,6.1,94.0,2.0
2025-04-03 23:00:00,2025,4,3,23,Vĩnh Long,Xã An Ngãi Trung,10.0916931,106.5448581,46,Good,0,26.5,78,0.0,19.8,88,1010.9,96,13.5,15.9,263.0,6.1,93.0,1.8
2025-04-04 00:00:00,2025,4,4,0,Vĩnh Long,Xã An Ngãi Trung,10.0916931,106.5448581,45,Good,0,26.0,80,0.0,19.7,82,1010.7,97,13.9,16.5,267.0,6.2,91.0,1.6
2025-04-04 01:00:00,2025,4,4,1,Vĩnh Long,Xã An Ngãi Trung,10.0916931,106.5448581,44,Good,0,25.8,82,0.0,19.5,87,1010.2,97,14.6,17.2,269.0,6.3,89.0,1.4
2025-04-04 02:00:00,2025,4,4,2,Vĩnh Long,Xã An Ngãi Trung,10.0916931,106.5448581,45,Good,0,25.7,82,0.0,18.2,91,1009.7,87,15.3,17.9,268.0,6.4,87.0,1.4
2025-04-04 03:00:00,2025,4,4,3,Vĩnh Long,Xã An Ngãi Trung,10.0916931,106.5448581,46,Good,0,25.6,82,0.0,18.2,95,1009.3,97,15.8,18.4,266.0,6.4,86.0,1.4
2025-04-04 04:00:00,2025,4,4,4,Vĩnh Long,Xã An Ngãi Trung,10.0916931,106.5448581,48,Good,0,25.6,81,0.0,18.2,99,1009.6,14,16.1,18.7,269.0,6.5,85.0,1.5
2025-04-04 05:00:00,2025,4,4,5,Vĩnh Long,Xã An Ngãi Trung,10.0916931,106.5448581,49,Good,0,25.6,81,0.0,18.4,98,1010.1,34,16.5,19.1,286.0,6.7,84.0,1.8
2025-04-04 06:00:00,2025,4,4,6,Vĩnh Long,Xã An Ngãi Trung,10.0916931,106.5448581,50,Good,0,25.6,81,0.0,18.4,93,1010.5,50,17.1,19.7,308.0,6.8,83.0,2.1
2025-04-04 07:00:00,2025,4,4,7,Vĩnh Long,Xã An Ngãi Trung,10.0916931,106.5448581,51,Moderate,1,26.8,79,0.0,19.0,94,1011.0,91,16.5,19.2,319.0,6.2,85.0,2.1
2025-04-04 08:00:00,2025,4,4,8,Vĩnh Long,Xã An Ngãi Trung,10.0916931,106.5448581,51,Moderate,1,28.2,72,0.0,24.3,93,1012.2,97,14.9,17.7,306.0,4.9,92.0,1.8
2025-04-04 09:00:00,2025,4,4,9,Vĩnh Long,Xã An Ngãi Trung,10.0916931,106.5448581,52,Moderate,1,29.2,67,0.0,24.7,90,1012.9,96,12.9,15.7,282.0,3.2,101.0,1.5
2025-04-04 10:00:00,2025,4,4,10,Vĩnh Long,Xã An Ngãi Trung,10.0916931,106.5448581,52,Moderate,1,30.4,59,0.0,24.7,88,1012.6,98,11.4,14.0,261.0,1.9,108.0,1.2
2025-04-04 11:00:00,2025,4,4,11,Vĩnh Long,Xã An Ngãi Trung,10.0916931,106.5448581,52,Moderate,1,31.1,57,0.0,23.9,89,1012.4,97,10.6,13.1,249.0,1.4,109.0,1.1
2025-04-04 12:00:00,2025,4,4,12,Vĩnh Long,Xã An Ngãi Trung,10.0916931,106.5448581,52,Moderate,1,31.5,56,0.0,23.0,90,1011.5,97,10.4,12.9,241.0,1.3,107.0,1.0
2025-04-04 13:00:00,2025,4,4,13,Vĩnh Long,Xã An Ngãi Trung,10.0916931,106.5448581,52,Moderate,1,31.5,57,0.0,21.6,94,1010.9,100,10.3,12.9,235.0,1.4,105.0,1.0
2025-04-04 14:00:00,2025,4,4,14,Vĩnh Long,Xã An Ngãi Trung,10.0916931,106.5448581,52,Moderate,1,31.3,57,0.0,20.5,96,1010.0,99,10.5,13.1,231.0,1.3,103.0,1.0
2025-04-04 15:00:00,2025,4,4,15,Vĩnh Long,Xã An Ngãi Trung,10.0916931,106.5448581,52,Moderate,1,30.8,58,0.0,19.4,103,1008.9,100,10.7,13.4,230.0,1.4,102.0,1.0
2025-04-04 16:00:00,2025,4,4,16,Vĩnh Long,Xã An Ngãi Trung,10.0916931,106.5448581,52,Moderate,1,29.6,64,0.0,18.0,109,1008.6,100,11.2,13.9,233.0,2.0,100.0,1.2
2025-04-04 17:00:00,2025,4,4,17,Vĩnh Long,Xã An Ngãi Trung,10.0916931,106.5448581,52,Moderate,1,28.2,71,0.0,16.3,111,1008.6,100,12.3,15.1,246.0,3.6,99.0,1.6
2025-04-04 18:00:00,2025,4,4,18,Vĩnh Long,Xã An Ngãi Trung,10.0916931,106.5448581,53,Moderate,1,27.0,80,0.0,13.6,119,1008.9,99,15.0,17.9,263.0,5.7,98.0,2.1
2025-04-04 19:00:00,2025,4,4,19,Vĩnh Long,Xã An Ngãi Trung,10.0916931,106.5448581,53,Moderate,1,26.4,82,0.0,13.2,119,1009.5,43,18.7,22.2,275.0,7.7,93.0,2.7
2025-04-04 20:00:00,2025,4,4,20,Vĩnh Long,Xã An Ngãi Trung,10.0916931,106.5448581,53,Moderate,1,26.5,83,0.0,14.6,119,1010.4,31,17.5,20.7,276.0,7.2,93.0,2.6
2025-04-04 21:00:00,2025,4,4,21,Vĩnh Long,Xã An Ngãi Trung,10.0916931,106.5448581,54,Moderate,1,26.2,86,0.0,14.4,113,1011.0,55,16.9,20.0,272.0,6.6,93.0,2.5
2025-04-04 22:00:00,2025,4,4,22,Vĩnh Long,Xã An Ngãi Trung,10.0916931,106.5448581,54,Moderate,1,26.1,86,0.0,14.5,107,1011.4,5,16.7,19.8,266.0,6.2,92.0,2.3
2025-04-04 23:00:00,2025,4,4,23,Vĩnh Long,Xã An Ngãi Trung,10.0916931,106.5448581,55,Moderate,1,26.0,86,0.0,14.0,103,1011.5,8,16.6,19.8,258.0,6.2,89.0,2.1
2025-04-05 00:00:00,2025,4,5,0,Vĩnh Long,Xã An Ngãi Trung,10.0916931,106.5448581,55,Moderate,1,25.7,88,0.0,12.1,94,1011.1,1,16.8,20.1,248.0,6.4,85.0,1.8
2025-04-05 01:00:00,2025,4,5,1,Vĩnh Long,Xã An Ngãi Trung,10.0916931,106.5448581,55,Moderate,1,25.5,90,0.0,11.7,90,1010.5,12,17.3,20.5,239.0,6.7,81.0,1.6
2025-04-05 02:00:00,2025,4,5,2,Vĩnh Long,Xã An Ngãi Trung,10.0916931,106.5448581,55,Moderate,1,25.2,92,0.0,11.2,89,1010.2,78,17.7,21.0,230.0,7.0,77.0,1.6
2025-04-05 03:00:00,2025,4,5,3,Vĩnh Long,Xã An Ngãi Trung,10.0916931,106.5448581,56,Moderate,1,25.1,92,0.0,11.3,92,1009.5,36,18.0,21.3,221.0,7.4,73.0,1.6
2025-04-05 04:00:00,2025,4,5,4,Vĩnh Long,Xã An Ngãi Trung,10.0916931,106.5448581,56,Moderate,1,25.1,92,0.0,11.4,101,1009.6,29,18.3,21.6,219.0,7.4,71.0,1.7
2025-04-05 05:00:00,2025,4,5,5,Vĩnh Long,Xã An Ngãi Trung,10.0916931,106.5448581,56,Moderate,1,25.2,91,0.0,11.9,101,1009.9,30,18.2,21.5,231.0,7.0,70.0,1.8
2025-04-05 06:00:00,2025,4,5,6,Vĩnh Long,Xã An Ngãi Trung,10.0916931,106.5448581,56,Moderate,1,25.3,90,0.0,12.5,97,1010.3,12,18.0,21.4,249.0,6.4,71.0,2.0
2025-04-05 07:00:00,2025,4,5,7,Vĩnh Long,Xã An Ngãi Trung,10.0916931,106.5448581,56,Moderate,1,26.7,83,0.0,17.9,96,1010.9,17,17.6,21.8,258.0,5.5,74.0,1.9
2025-04-05 08:00:00,2025,4,5,8,Vĩnh Long,Xã An Ngãi Trung,10.0916931,106.5448581,56,Moderate,1,28.5,73,0.0,19.6,96,1011.9,21,15.9,20.1,247.0,4.4,78.0,1.7
2025-04-05 09:00:00,2025,4,5,9,Vĩnh Long,Xã An Ngãi Trung,10.0916931,106.5448581,56,Moderate,1,29.8,67,0.0,18.8,93,1012.4,18,14.6,18.6,226.0,2.9,84.0,1.4
2025-04-05 10:00:00,2025,4,5,10,Vĩnh Long,Xã An Ngãi Trung,10.0916931,106.5448581,56,Moderate,1,30.9,62,0.0,17.3,92,1012.4,17,14.3,18.3,209.0,1.8,89.0,1.2
2025-04-05 11:00:00,2025,4,5,11,Vĩnh Long,Xã An Ngãi Trung,10.0916931,106.5448581,57,Moderate,1,31.5,59,0.0,17.0,94,1011.8,9,14.1,18.0,202.0,1.4,91.0,1.1
2025-04-05 12:00:00,2025,4,5,12,Vĩnh Long,Xã An Ngãi Trung,10.0916931,106.5448581,57,Moderate,1,31.6,59,0.0,16.9,99,1011.2,5,13.8,17.8,199.0,1.3,93.0,1.1
2025-04-05 13:00:00,2025,4,5,13,Vĩnh Long,Xã An Ngãi Trung,10.0916931,106.5448581,57,Moderate,1,31.6,58,0.0,16.5,104,1010.2,15,13.4,17.3,197.0,1.4,93.0,1.1
2025-04-05 14:00:00,2025,4,5,14,Vĩnh Long,Xã An Ngãi Trung,10.0916931,106.5448581,58,Moderate,1,31.4,59,0.0,15.9,110,1009.2,45,13.4,17.2,192.0,1.3,93.0,1.1
2025-04-05 15:00:00,2025,4,5,15,Vĩnh Long,Xã An Ngãi Trung,10.0916931,106.5448581,58,Moderate,1,30.8,61,0.0,15.5,113,1008.5,0,13.6,17.3,188.0,1.4,92.0,1.2
2025-04-05 16:00:00,2025,4,5,16,Vĩnh Long,Xã An Ngãi Trung,10.0916931,106.5448581,58,Moderate,1,29.9,64,0.0,14.4,114,1008.0,0,13.8,17.6,190.0,2.1,89.0,1.4
2025-04-05 17:00:00,2025,4,5,17,Vĩnh Long,Xã An Ngãi Trung,10.0916931,106.5448581,58,Moderate,1,28.6,71,0.0,13.9,115,1007.8,0,14.6,18.5,205.0,3.9,84.0,1.9
2025-04-05 18:00:00,2025,4,5,18,Vĩnh Long,Xã An Ngãi Trung,10.0916931,106.5448581,59,Moderate,1,27.0,79,0.0,12.4,114,1007.8,2,16.6,20.4,226.0,6.4,77.0,2.5
2025-04-05 19:00:00,2025,4,5,19,Vĩnh Long,Xã An Ngãi Trung,10.0916931,106.5448581,59,Moderate,1,26.3,86,0.0,10.1,117,1008.3,9,23.1,27.3,240.0,9.6,67.0,3.3
2025-04-05 20:00:00,2025,4,5,20,Vĩnh Long,Xã An Ngãi Trung,10.0916931,106.5448581,59,Moderate,1,26.4,89,0.0,9.7,132,1009.2,1,22.4,26.5,242.0,9.5,66.0,3.4
2025-04-05 21:00:00,2025,4,5,21,Vĩnh Long,Xã An Ngãi Trung,10.0916931,106.5448581,60,Moderate,1,26.0,90,0.0,10.0,126,1009.8,0,22.5,26.3,238.0,9.5,66.0,3.5
2025-04-05 22:00:00,2025,4,5,22,Vĩnh Long,Xã An Ngãi Trung,10.0916931,106.5448581,60,Moderate,1,25.8,92,0.0,10.7,127,1010.5,11,23.0,26.6,232.0,9.8,64.0,3.6
2025-04-05 23:00:00,2025,4,5,23,Vĩnh Long,Xã An Ngãi Trung,10.0916931,106.5448581,61,Moderate,1,25.6,91,0.0,10.5,123,1010.8,28,24.5,28.1,223.0,10.8,61.0,3.5
2025-04-06 00:00:00,2025,4,6,0,Vĩnh Long,Xã An Ngãi Trung,10.0916931,106.5448581,61,Moderate,1,25.6,91,0.0,9.3,122,1010.6,33,27.1,30.5,212.0,12.1,58.0,3.3
2025-04-06 01:00:00,2025,4,6,1,Vĩnh Long,Xã An Ngãi Trung,10.0916931,106.5448581,62,Moderate,1,25.4,92,0.0,8.3,120,1010.5,45,27.6,31.0,202.0,12.8,55.0,3.1
2025-04-06 02:00:00,2025,4,6,2,Vĩnh Long,Xã An Ngãi Trung,10.0916931,106.5448581,63,Moderate,1,25.4,92,0.0,8.6,120,1010.0,42,25.7,28.8,194.0,12.5,54.0,2.9
2025-04-06 03:00:00,2025,4,6,3,Vĩnh Long,Xã An Ngãi Trung,10.0916931,106.5448581,64,Moderate,1,25.1,93,0.0,8.0,126,1009.8,40,23.9,27.0,188.0,11.5,53.0,2.6
2025-04-06 04:00:00,2025,4,6,4,Vĩnh Long,Xã An Ngãi Trung,10.0916931,106.5448581,64,Moderate,1,25.1,92,0.0,9.1,126,1009.7,36,23.1,26.0,184.0,10.4,54.0,2.5
2025-04-06 05:00:00,2025,4,6,5,Vĩnh Long,Xã An Ngãi Trung,10.0916931,106.5448581,65,Moderate,1,25.2,91,0.0,9.3,122,1010.0,27,23.2,26.1,186.0,9.1,56.0,2.6
2025-04-06 06:00:00,2025,4,6,6,Vĩnh Long,Xã An Ngãi Trung,10.0916931,106.5448581,65,Moderate,1,25.1,91,0.0,8.9,108,1010.4,79,23.9,26.9,190.0,7.7,58.0,2.7
2025-04-06 07:00:00,2025,4,6,7,Vĩnh Long,Xã An Ngãi Trung,10.0916931,106.5448581,66,Moderate,1,26.8,81,0.0,14.3,101,1011.0,93,20.3,24.6,190.0,6.7,62.0,2.9
2025-04-06 08:00:00,2025,4,6,8,Vĩnh Long,Xã An Ngãi Trung,10.0916931,106.5448581,66,Moderate,1,28.7,71,0.0,15.2,100,1012.6,95,15.5,19.7,180.0,5.2,67.0,2.4
2025-04-06 09:00:00,2025,4,6,9,Vĩnh Long,Xã An Ngãi Trung,10.0916931,106.5448581,66,Moderate,1,29.9,65,0.0,16.9,97,1013.0,100,13.5,17.3,166.0,3.1,74.0,1.8
2025-04-06 10:00:00,2025,4,6,10,Vĩnh Long,Xã An Ngãi Trung,10.0916931,106.5448581,66,Moderate,1,30.8,61,0.0,17.4,98,1012.7,94,13.1,16.8,155.0,1.6,79.0,1.3
2025-04-06 11:00:00,2025,4,6,11,Vĩnh Long,Xã An Ngãi Trung,10.0916931,106.5448581,66,Moderate,1,31.6,56,0.0,17.9,96,1012.3,41,12.6,16.2,151.0,1.1,82.0,1.1
2025-04-06 12:00:00,2025,4,6,12,Vĩnh Long,Xã An Ngãi Trung,10.0916931,106.5448581,66,Moderate,1,31.7,55,0.0,17.7,99,1011.3,23,12.1,15.5,151.0,1.1,84.0,1.1
2025-04-06 13:00:00,2025,4,6,13,Vĩnh Long,Xã An Ngãi Trung,10.0916931,106.5448581,65,Moderate,1,31.8,54,0.0,17.1,98,1010.0,7,11.6,14.6,151.0,1.2,84.0,1.1
2025-04-06 14:00:00,2025,4,6,14,Vĩnh Long,Xã An Ngãi Trung,10.0916931,106.5448581,65,Moderate,1,31.5,57,0.0,18.4,98,1008.7,37,11.1,13.6,150.0,1.1,82.0,1.0
2025-04-06 15:00:00,2025,4,6,15,Vĩnh Long,Xã An Ngãi Trung,10.0916931,106.5448581,65,Moderate,1,30.6,60,0.0,18.6,102,1008.0,60,10.6,12.5,149.0,1.2,79.0,1.0
2025-04-06 16:00:00,2025,4,6,16,Vĩnh Long,Xã An Ngãi Trung,10.0916931,106.5448581,65,Moderate,1,29.7,65,0.0,18.2,102,1007.6,84,10.7,12.6,151.0,1.9,76.0,1.2
2025-04-06 17:00:00,2025,4,6,17,Vĩnh Long,Xã An Ngãi Trung,10.0916931,106.5448581,65,Moderate,1,28.4,72,0.0,17.2,101,1007.6,100,11.3,13.5,160.0,4.1,72.0,1.8
2025-04-06 18:00:00,2025,4,6,18,Vĩnh Long,Xã An Ngãi Trung,10.0916931,106.5448581,64,Moderate,1,27.0,80,0.0,16.1,101,1007.9,99,13.9,16.2,173.0,7.1,68.0,2.5
2025-04-06 19:00:00,2025,4,6,19,Vĩnh Long,Xã An Ngãi Trung,10.0916931,106.5448581,64,Moderate,1,26.5,84,0.0,13.1,99,1008.4,78,17.8,21.0,182.0,8.4,64.0,2.8
2025-04-06 20:00:00,2025,4,6,20,Vĩnh Long,Xã An Ngãi Trung,10.0916931,106.5448581,64,Moderate,1,26.6,88,0.0,11.7,100,1009.7,2,17.0,20.0,184.0,8.2,64.0,2.8
2025-04-06 21:00:00,2025,4,6,21,Vĩnh Long,Xã An Ngãi Trung,10.0916931,106.5448581,63,Moderate,1,26.5,89,0.0,12.3,94,1010.4,7,16.6,19.6,181.0,7.8,65.0,2.7
2025-04-06 22:00:00,2025,4,6,22,Vĩnh Long,Xã An Ngãi Trung,10.0916931,106.5448581,63,Moderate,1,26.3,88,0.0,13.0,100,1011.0,6,16.8,19.7,175.0,7.4,65.0,2.5
2025-04-06 23:00:00,2025,4,6,23,Vĩnh Long,Xã An Ngãi Trung,10.0916931,106.5448581,62,Moderate,1,26.1,89,0.0,15.2,104,1011.6,30,16.4,19.3,164.0,6.8,64.0,2.2
2025-04-07 00:00:00,2025,4,7,0,Vĩnh Long,Xã An Ngãi Trung,10.0916931,106.5448581,61,Moderate,1,26.1,89,0.0,15.9,103,1011.5,78,15.5,18.5,150.0,6.0,62.0,1.7
2025-04-07 01:00:00,2025,4,7,1,Vĩnh Long,Xã An Ngãi Trung,10.0916931,106.5448581,60,Moderate,1,26.0,88,0.0,16.6,103,1011.3,100,15.1,18.0,139.0,5.5,60.0,1.4
2025-04-07 02:00:00,2025,4,7,2,Vĩnh Long,Xã An Ngãi Trung,10.0916931,106.5448581,59,Moderate,1,26.0,86,0.0,16.3,103,1010.9,40,15.1,18.0,134.0,5.4,58.0,1.3
2025-04-07 03:00:00,2025,4,7,3,Vĩnh Long,Xã An Ngãi Trung,10.0916931,106.5448581,58,Moderate,1,25.9,86,0.0,17.1,101,1010.6,6,15.3,18.2,132.0,5.5,57.0,1.2
2025-04-07 04:00:00,2025,4,7,4,Vĩnh Long,Xã An Ngãi Trung,10.0916931,106.5448581,57,Moderate,1,25.7,87,0.0,17.7,99,1010.8,9,15.7,18.5,137.0,5.6,56.0,1.3
2025-04-07 05:00:00,2025,4,7,5,Vĩnh Long,Xã An Ngãi Trung,10.0916931,106.5448581,57,Moderate,1,25.7,86,0.0,17.1,98,1011.2,14,16.1,18.9,154.0,5.8,56.0,1.5
2025-04-07 06:00:00,2025,4,7,6,Vĩnh Long,Xã An Ngãi Trung,10.0916931,106.5448581,56,Moderate,1,25.5,87,0.0,17.1,99,1011.7,75,16.6,19.3,177.0,6.0,57.0,1.8
2025-04-07 07:00:00,2025,4,7,7,Vĩnh Long,Xã An Ngãi Trung,10.0916931,106.5448581,56,Moderate,1,27.1,78,0.0,17.7,96,1012.0,38,17.3,20.4,191.0,5.7,59.0,1.9
2025-04-07 08:00:00,2025,4,7,8,Vĩnh Long,Xã An Ngãi Trung,10.0916931,106.5448581,55,Moderate,1,28.9,67,0.0,22.0,88,1013.1,97,15.8,19.1,188.0,4.6,67.0,1.7
2025-04-07 09:00:00,2025,4,7,9,Vĩnh Long,Xã An Ngãi Trung,10.0916931,106.5448581,55,Moderate,1,30.0,62,0.0,21.8,86,1013.6,96,14.9,18.2,176.0,3.1,77.0,1.4
2025-04-07 10:00:00,2025,4,7,10,Vĩnh Long,Xã An Ngãi Trung,10.0916931,106.5448581,55,Moderate,1,31.1,56,0.0,22.2,86,1013.5,91,14.2,17.4,168.0,1.9,86.0,1.2
2025-04-07 11:00:00,2025,4,7,11,Vĩnh Long,Xã An Ngãi Trung,10.0916931,106.5448581,56,Moderate,1,31.8,54,0.0,22.0,88,1013.1,96,13.6,16.8,169.0,1.4,91.0,1.1
2025-04-07 12:00:00,2025,4,7,12,Vĩnh Long,Xã An Ngãi Trung,10.0916931,106.5448581,56,Moderate,1,32.2,52,0.0,22.4,94,1012.4,36,13.3,16.4,175.0,1.3,93.0,1.0
2025-04-07 13:00:00,2025,4,7,13,Vĩnh Long,Xã An Ngãi Trung,10.0916931,106.5448581,56,Moderate,1,32.1,52,0.0,23.4,97,1011.2,34,13.4,16.3,179.0,1.3,94.0,1.0
2025-04-07 14:00:00,2025,4,7,14,Vĩnh Long,Xã An Ngãi Trung,10.0916931,106.5448581,56,Moderate,1,31.5,54,0.0,22.9,98,1010.1,36,13.6,16.5,179.0,1.3,94.0,1.0
2025-04-07 15:00:00,2025,4,7,15,Vĩnh Long,Xã An Ngãi Trung,10.0916931,106.5448581,56,Moderate,1,30.9,58,0.0,22.1,100,1009.3,0,14.0,17.0,179.0,1.5,92.0,1.1
2025-04-07 16:00:00,2025,4,7,16,Vĩnh Long,Xã An Ngãi Trung,10.0916931,106.5448581,56,Moderate,1,30.0,61,0.0,20.6,99,1008.8,0,14.8,17.9,183.0,2.0,90.0,1.2
2025-04-07 17:00:00,2025,4,7,17,Vĩnh Long,Xã An Ngãi Trung,10.0916931,106.5448581,57,Moderate,1,28.6,71,0.0,18.6,108,1008.8,0,16.3,19.6,197.0,3.4,88.0,1.6
2025-04-07 18:00:00,2025,4,7,18,Vĩnh Long,Xã An Ngãi Trung,10.0916931,106.5448581,57,Moderate,1,27.1,80,0.0,16.2,113,1009.4,0,18.7,22.3,216.0,5.1,86.0,2.0
2025-04-07 19:00:00,2025,4,7,19,Vĩnh Long,Xã An Ngãi Trung,10.0916931,106.5448581,58,Moderate,1,26.6,83,0.0,14.7,110,1009.9,0,19.3,22.8,231.0,6.9,77.0,2.4
2025-04-07 20:00:00,2025,4,7,20,Vĩnh Long,Xã An Ngãi Trung,10.0916931,106.5448581,58,Moderate,1,27.0,82,0.0,14.5,111,1010.8,100,19.5,23.0,238.0,6.7,78.0,2.4
2025-04-07 21:00:00,2025,4,7,21,Vĩnh Long,Xã An Ngãi Trung,10.0916931,106.5448581,58,Moderate,1,26.8,84,0.0,14.5,111,1011.4,100,20.7,24.3,240.0,6.4,79.0,2.3
2025-04-07 22:00:00,2025,4,7,22,Vĩnh Long,Xã An Ngãi Trung,10.0916931,106.5448581,58,Moderate,1,26.6,84,0.0,14.3,108,1012.1,100,22.2,25.8,238.0,6.1,79.0,2.2
2025-04-07 23:00:00,2025,4,7,23,Vĩnh Long,Xã An Ngãi Trung,10.0916931,106.5448581,59,Moderate,1,26.5,85,0.0,15.8,104,1012.6,100,23.2,26.8,230.0,5.9,78.0,1.9
2025-04-08 00:00:00,2025,4,8,0,Vĩnh Long,Xã An Ngãi Trung,10.0916931,106.5448581,59,Moderate,1,26.4,86,0.0,16.9,102,1012.3,100,23.7,27.4,218.0,5.6,76.0,1.6
2025-04-08 01:00:00,2025,4,8,1,Vĩnh Long,Xã An Ngãi Trung,10.0916931,106.5448581,60,Moderate,1,26.4,87,0.0,15.8,97,1011.6,100,23.9,27.5,208.0,5.5,74.0,1.3
2025-04-08 02:00:00,2025,4,8,2,Vĩnh Long,Xã An Ngãi Trung,10.0916931,106.5448581,61,Moderate,1,26.2,87,0.0,16.2,93,1010.9,100,23.3,26.9,203.0,5.4,72.0,1.2
2025-04-08 03:00:00,2025,4,8,3,Vĩnh Long,Xã An Ngãi Trung,10.0916931,106.5448581,62,Moderate,1,26.2,86,0.0,16.0,98,1010.5,100,22.6,25.9,200.0,5.3,70.0,1.2
2025-04-08 04:00:00,2025,4,8,4,Vĩnh Long,Xã An Ngãi Trung,10.0916931,106.5448581,62,Moderate,1,26.1,86,0.0,15.7,99,1010.5,72,21.7,24.9,202.0,5.5,68.0,1.3
2025-04-08 05:00:00,2025,4,8,5,Vĩnh Long,Xã An Ngãi Trung,10.0916931,106.5448581,63,Moderate,1,26.3,84,0.0,15.4,101,1011.2,66,21.0,24.0,214.0,6.2,65.0,1.6
2025-04-08 06:00:00,2025,4,8,6,Vĩnh Long,Xã An Ngãi Trung,10.0916931,106.5448581,63,Moderate,1,26.4,84,0.0,15.0,104,1011.8,30,20.5,23.5,230.0,7.2,63.0,2.0
2025-04-08 07:00:00,2025,4,8,7,Vĩnh Long,Xã An Ngãi Trung,10.0916931,106.5448581,64,Moderate,1,27.6,80,0.0,15.5,103,1012.5,100,22.0,25.5,239.0,6.2,67.0,1.9
2025-04-08 08:00:00,2025,4,8,8,Vĩnh Long,Xã An Ngãi Trung,10.0916931,106.5448581,64,Moderate,1,28.9,71,0.0,18.6,99,1013.7,100,20.2,23.7,233.0,4.9,73.0,1.7
2025-04-08 09:00:00,2025,4,8,9,Vĩnh Long,Xã An Ngãi Trung,10.0916931,106.5448581,64,Moderate,1,30.0,62,0.0,20.2,92,1014.3,100,18.2,21.8,219.0,3.1,82.0,1.4
2025-04-08 10:00:00,2025,4,8,10,Vĩnh Long,Xã An Ngãi Trung,10.0916931,106.5448581,65,Moderate,1,31.3,53,0.0,21.1,88,1013.9,84,16.6,20.0,204.0,1.8,88.0,1.2
2025-04-08 11:00:00,2025,4,8,11,Vĩnh Long,Xã An Ngãi Trung,10.0916931,106.5448581,65,Moderate,1,32.4,47,0.0,20.7,90,1013.5,4,15.6,18.8,187.0,1.3,89.0,1.1
2025-04-08 12:00:00,2025,4,8,12,Vĩnh Long,Xã An Ngãi Trung,10.0916931,106.5448581,65,Moderate,1,32.9,47,0.0,20.5,92,1012.8,35,15.1,18.3,169.0,1.2,87.0,1.1
2025-04-08 13:00:00,2025,4,8,13,Vĩnh Long,Xã An Ngãi Trung,10.0916931,106.5448581,65,Moderate,1,32.9,47,0.0,20.2,93,1011.5,55,14.7,17.8,157.0,1.2,86.0,1.1
2025-04-08 14:00:00,2025,4,8,14,Vĩnh Long,Xã An Ngãi Trung,10.0916931,106.5448581,65,Moderate,1,32.5,49,0.0,19.2,100,1010.4,72,14.2,17.2,153.0,1.2,86.0,1.1
2025-04-08 15:00:00,2025,4,8,15,Vĩnh Long,Xã An Ngãi Trung,10.0916931,106.5448581,65,Moderate,1,31.8,52,0.0,17.8,106,1009.6,92,14.5,17.6,154.0,1.4,86.0,1.1
2025-04-08 16:00:00,2025,4,8,16,Vĩnh Long,Xã An Ngãi Trung,10.0916931,106.5448581,65,Moderate,1,30.8,57,0.0,17.9,111,1009.6,100,15.6,19.0,159.0,2.0,86.0,1.3
2025-04-08 17:00:00,2025,4,8,17,Vĩnh Long,Xã An Ngãi Trung,10.0916931,106.5448581,66,Moderate,1,29.4,65,0.0,16.7,111,1009.9,96,17.1,20.8,169.0,3.6,84.0,1.7
2025-04-08 18:00:00,2025,4,8,18,Vĩnh Long,Xã An Ngãi Trung,10.0916931,106.5448581,66,Moderate,1,28.0,75,0.0,13.5,117,1010.6,79,19.7,23.5,182.0,5.6,82.0,2.2
2025-04-08 19:00:00,2025,4,8,19,Vĩnh Long,Xã An Ngãi Trung,10.0916931,106.5448581,66,Moderate,1,27.5,78,0.0,13.7,111,1011.1,100,25.4,29.7,193.0,8.0,77.0,2.8
2025-04-08 20:00:00,2025,4,8,20,Vĩnh Long,Xã An Ngãi Trung,10.0916931,106.5448581,66,Moderate,1,27.4,82,0.0,13.2,118,1011.8,100,24.8,29.0,198.0,7.6,77.0,2.7
2025-04-08 21:00:00,2025,4,8,21,Vĩnh Long,Xã An Ngãi Trung,10.0916931,106.5448581,67,Moderate,1,27.1,83,0.0,13.2,110,1012.3,100,24.0,28.2,199.0,7.1,78.0,2.6
2025-04-08 22:00:00,2025,4,8,22,Vĩnh Long,Xã An Ngãi Trung,10.0916931,106.5448581,67,Moderate,1,27.0,83,0.0,13.9,107,1012.7,100,23.6,27.6,200.0,6.6,77.0,2.5
2025-04-08 23:00:00,2025,4,8,23,Vĩnh Long,Xã An Ngãi Trung,10.0916931,106.5448581,67,Moderate,1,26.8,86,0.0,13.3,106,1012.6,100,23.1,27.0,199.0,6.3,75.0,2.2
2025-04-09 00:00:00,2025,4,9,0,Vĩnh Long,Xã An Ngãi Trung,10.0916931,106.5448581,67,Moderate,1,26.5,88,0.0,13.5,106,1011.9,100,21.7,25.5,197.0,6.2,71.0,1.9
2025-04-09 01:00:00,2025,4,9,1,Vĩnh Long,Xã An Ngãi Trung,10.0916931,106.5448581,67,Moderate,1,26.4,89,0.0,13.0,104,1010.9,100,20.7,24.3,196.0,6.1,68.0,1.7
2025-04-09 02:00:00,2025,4,9,2,Vĩnh Long,Xã An Ngãi Trung,10.0916931,106.5448581,67,Moderate,1,26.2,89,0.0,12.8,105,1009.9,100,20.0,23.6,195.0,6.1,66.0,1.6
2025-04-09 03:00:00,2025,4,9,3,Vĩnh Long,Xã An Ngãi Trung,10.0916931,106.5448581,66,Moderate,1,26.2,89,0.0,13.3,106,1009.5,50,19.6,23.1,195.0,6.2,63.0,1.5
2025-04-09 04:00:00,2025,4,9,4,Vĩnh Long,Xã An Ngãi Trung,10.0916931,106.5448581,66,Moderate,1,26.1,89,0.0,12.5,105,1009.6,16,19.4,22.8,197.0,6.2,62.0,1.6
2025-04-09 05:00:00,2025,4,9,5,Vĩnh Long,Xã An Ngãi Trung,10.0916931,106.5448581,66,Moderate,1,26.1,89,0.0,11.0,101,1010.2,31,19.7,22.9,204.0,6.2,61.0,1.8
2025-04-09 06:00:00,2025,4,9,6,Vĩnh Long,Xã An Ngãi Trung,10.0916931,106.5448581,66,Moderate,1,26.1,89,0.0,11.0,94,1010.8,45,20.8,24.0,214.0,6.2,61.0,2.2
2025-04-09 07:00:00,2025,4,9,7,Vĩnh Long,Xã An Ngãi Trung,10.0916931,106.5448581,66,Moderate,1,27.5,82,0.0,15.3,93,1011.2,100,19.0,22.7,220.0,5.8,64.0,2.2
2025-04-09 08:00:00,2025,4,9,8,Vĩnh Long,Xã An Ngãi Trung,10.0916931,106.5448581,66,Moderate,1,29.0,73,0.0,16.4,91,1012.3,16,15.9,19.6,220.0,4.6,71.0,1.9
2025-04-09 09:00:00,2025,4,9,9,Vĩnh Long,Xã An Ngãi Trung,10.0916931,106.5448581,65,Moderate,1,30.4,66,0.0,17.3,93,1012.4,8,15.3,18.9,216.0,3.0,81.0,1.5
2025-04-09 10:00:00,2025,4,9,10,Vĩnh Long,Xã An Ngãi Trung,10.0916931,106.5448581,65,Moderate,1,31.3,61,0.0,17.9,96,1012.3,13,15.0,18.7,211.0,1.8,88.0,1.2
2025-04-09 11:00:00,2025,4,9,11,Vĩnh Long,Xã An Ngãi Trung,10.0916931,106.5448581,65,Moderate,1,32.0,59,0.0,17.3,102,1012.0,26,14.7,18.4,206.0,1.3,91.0,1.1
2025-04-09 12:00:00,2025,4,9,12,Vĩnh Long,Xã An Ngãi Trung,10.0916931,106.5448581,65,Moderate,1,32.4,57,0.0,17.9,107,1011.1,33,14.2,17.9,199.0,1.3,91.0,1.0
2025-04-09 13:00:00,2025,4,9,13,Vĩnh Long,Xã An Ngãi Trung,10.0916931,106.5448581,65,Moderate,1,32.0,59,0.0,19.3,111,1009.8,18,14.0,17.6,194.0,1.3,91.0,1.0
2025-04-09 14:00:00,2025,4,9,14,Vĩnh Long,Xã An Ngãi Trung,10.0916931,106.5448581,65,Moderate,1,31.4,59,0.3,19.3,114,1008.2,47,13.7,17.2,190.0,1.3,91.0,1.0
2025-04-09 15:00:00,2025,4,9,15,Vĩnh Long,Xã An Ngãi Trung,10.0916931,106.5448581,64,Moderate,1,30.9,64,0.3,19.2,116,1007.3,83,13.8,17.2,186.0,1.4,90.0,1.1
2025-04-09 16:00:00,2025,4,9,16,Vĩnh Long,Xã An Ngãi Trung,10.0916931,106.5448581,64,Moderate,1,30.1,67,0.0,18.1,117,1007.5,85,13.9,17.3,188.0,1.9,88.0,1.2
2025-04-09 17:00:00,2025,4,9,17,Vĩnh Long,Xã An Ngãi Trung,10.0916931,106.5448581,64,Moderate,1,29.0,72,0.0,17.8,117,1007.6,100,14.1,17.6,198.0,3.1,85.0,1.5
2025-04-09 18:00:00,2025,4,9,18,Vĩnh Long,Xã An Ngãi Trung,10.0916931,106.5448581,64,Moderate,1,28.2,75,0.0,15.0,123,1008.0,100,15.3,18.7,213.0,4.7,82.0,1.9
2025-04-09 19:00:00,2025,4,9,19,Vĩnh Long,Xã An Ngãi Trung,10.0916931,106.5448581,64,Moderate,1,27.6,81,0.0,11.5,122,1008.8,100,17.8,21.7,224.0,5.5,83.0,2.1
2025-04-09 20:00:00,2025,4,9,20,Vĩnh Long,Xã An Ngãi Trung,10.0916931,106.5448581,63,Moderate,1,27.5,84,0.0,12.4,118,1009.1,55,18.2,21.8,229.0,6.3,81.0,2.4
2025-04-09 21:00:00,2025,4,9,21,Vĩnh Long,Xã An Ngãi Trung,10.0916931,106.5448581,62,Moderate,1,27.3,85,0.0,11.4,119,1009.8,81,19.8,23.4,231.0,7.4,77.0,2.9
2025-04-09 22:00:00,2025,4,9,22,Vĩnh Long,Xã An Ngãi Trung,10.0916931,106.5448581,62,Moderate,1,27.0,86,0.0,10.0,128,1010.7,98,21.7,25.0,227.0,8.5,73.0,3.2
2025-04-09 23:00:00,2025,4,9,23,Vĩnh Long,Xã An Ngãi Trung,10.0916931,106.5448581,62,Moderate,1,26.9,88,0.0,9.8,134,1010.6,91,22.6,25.8,215.0,9.3,69.0,3.1
2025-04-10 00:00:00,2025,4,10,0,Vĩnh Long,Xã An Ngãi Trung,10.0916931,106.5448581,62,Moderate,1,26.7,88,0.0,9.2,132,1009.8,97,23.1,26.1,197.0,10.1,64.0,2.9
2025-04-10 01:00:00,2025,4,10,1,Vĩnh Long,Xã An Ngãi Trung,10.0916931,106.5448581,62,Moderate,1,26.4,90,0.0,7.0,125,1009.3,92,24.3,27.4,184.0,11.1,59.0,2.8
2025-04-10 02:00:00,2025,4,10,2,Vĩnh Long,Xã An Ngãi Trung,10.0916931,106.5448581,62,Moderate,1,26.2,91,0.0,7.5,132,1008.7,87,26.1,29.1,179.0,13.0,53.0,2.9
2025-04-10 03:00:00,2025,4,10,3,Vĩnh Long,Xã An Ngãi Trung,10.0916931,106.5448581,63,Moderate,1,25.9,92,0.1,7.4,131,1008.3,96,29.3,32.1,178.0,15.1,46.0,3.1
2025-04-10 04:00:00,2025,4,10,4,Vĩnh Long,Xã An Ngãi Trung,10.0916931,106.5448581,64,Moderate,1,25.6,93,0.0,5.1,138,1008.2,97,31.5,34.2,182.0,16.3,42.0,3.4
2025-04-10 05:00:00,2025,4,10,5,Vĩnh Long,Xã An Ngãi Trung,10.0916931,106.5448581,65,Moderate,1,25.5,94,0.0,3.8,139,1008.5,98,33.2,35.7,195.0,16.0,43.0,3.9
2025-04-10 06:00:00,2025,4,10,6,Vĩnh Long,Xã An Ngãi Trung,10.0916931,106.5448581,66,Moderate,1,25.6,93,0.2,2.7,132,1008.8,93,39.1,41.9,213.0,14.8,46.0,4.5
2025-04-10 07:00:00,2025,4,10,7,Vĩnh Long,Xã An Ngãi Trung,10.0916931,106.5448581,68,Moderate,1,26.7,83,0.3,7.7,129,1009.5,100,32.0,35.3,220.0,13.1,47.0,4.6
2025-04-10 08:00:00,2025,4,10,8,Vĩnh Long,Xã An Ngãi Trung,10.0916931,106.5448581,69,Moderate,1,28.6,76,0.1,9.0,103,1010.6,99,19.5,23.3,204.0,9.9,56.0,4.0
2025-04-10 09:00:00,2025,4,10,9,Vĩnh Long,Xã An Ngãi Trung,10.0916931,106.5448581,69,Moderate,1,30.3,66,0.0,11.2,108,1011.1,100,16.7,20.5,177.0,5.5,69.0,3.1
2025-04-10 10:00:00,2025,4,10,10,Vĩnh Long,Xã An Ngãi Trung,10.0916931,106.5448581,69,Moderate,1,31.5,61,0.0,10.8,108,1010.9,100,15.8,19.6,156.0,2.3,78.0,2.3
2025-04-10 11:00:00,2025,4,10,11,Vĩnh Long,Xã An Ngãi Trung,10.0916931,106.5448581,69,Moderate,1,32.7,57,0.0,10.2,108,1010.3,99,15.0,18.6,150.0,1.3,79.0,1.8
2025-04-10 12:00:00,2025,4,10,12,Vĩnh Long,Xã An Ngãi Trung,10.0916931,106.5448581,69,Moderate,1,32.9,55,0.0,13.1,108,1008.8,96,13.8,17.0,151.0,1.4,76.0,1.4
2025-04-10 13:00:00,2025,4,10,13,Vĩnh Long,Xã An Ngãi Trung,10.0916931,106.5448581,69,Moderate,1,31.4,61,0.5,8.0,115,1007.9,91,13.2,16.1,152.0,1.7,74.0,1.2
2025-04-10 14:00:00,2025,4,10,14,Vĩnh Long,Xã An Ngãi Trung,10.0916931,106.5448581,69,Moderate,1,32.5,56,0.0,6.7,136,1007.3,100,13.2,16.4,151.0,1.4,75.0,1.1
2025-04-10 15:00:00,2025,4,10,15,Vĩnh Long,Xã An Ngãi Trung,10.0916931,106.5448581,69,Moderate,1,32.2,58,0.1,7.7,131,1006.1,99,13.0,16.1,152.0,1.3,76.0,1.1
2025-04-10 16:00:00,2025,4,10,16,Vĩnh Long,Xã An Ngãi Trung,10.0916931,106.5448581,69,Moderate,1,31.6,60,0.0,10.8,123,1005.1,63,13.7,16.9,154.0,2.5,74.0,1.5
2025-04-10 17:00:00,2025,4,10,17,Vĩnh Long,Xã An Ngãi Trung,10.0916931,106.5448581,69,Moderate,1,30.0,69,0.0,12.8,125,1005.1,80,18.2,21.1,159.0,6.0,68.0,2.5
2025-04-10 18:00:00,2025,4,10,18,Vĩnh Long,Xã An Ngãi Trung,10.0916931,106.5448581,69,Moderate,1,28.2,77,0.0,11.4,121,1005.5,77,23.5,26.5,167.0,10.9,58.0,3.8
2025-04-10 19:00:00,2025,4,10,19,Vĩnh Long,Xã An Ngãi Trung,10.0916931,106.5448581,70,Moderate,1,27.5,81,0.0,9.2,130,1005.7,85,44.0,46.2,176.0,28.1,39.0,8.8
2025-04-10 20:00:00,2025,4,10,20,Vĩnh Long,Xã An Ngãi Trung,10.0916931,106.5448581,72,Moderate,1,27.5,83,0.0,7.9,120,1006.9,90,48.5,50.8,189.0,29.9,34.0,9.2
2025-04-10 21:00:00,2025,4,10,21,Vĩnh Long,Xã An Ngãi Trung,10.0916931,106.5448581,75,Moderate,1,27.0,87,0.0,7.8,128,1007.2,99,53.7,55.9,203.0,32.4,27.0,9.7
2025-04-10 22:00:00,2025,4,10,22,Vĩnh Long,Xã An Ngãi Trung,10.0916931,106.5448581,78,Moderate,1,26.8,89,0.0,5.2,134,1008.0,100,59.4,61.5,211.0,34.7,21.0,10.1
2025-04-10 23:00:00,2025,4,10,23,Vĩnh Long,Xã An Ngãi Trung,10.0916931,106.5448581,81,Moderate,1,26.5,91,0.0,5.7,143,1008.3,100,63.6,65.4,207.0,36.6,18.0,10.2
2025-04-11 00:00:00,2025,4,11,0,Vĩnh Long,Xã An Ngãi Trung,10.0916931,106.5448581,85,Moderate,1,26.2,93,0.0,4.4,168,1008.5,100,65.4,67.3,196.0,38.3,16.0,10.3
2025-04-11 01:00:00,2025,4,11,1,Vĩnh Long,Xã An Ngãi Trung,10.0916931,106.5448581,89,Moderate,1,26.0,96,0.0,3.5,204,1008.1,100,66.8,68.7,189.0,39.3,15.0,10.2
2025-04-11 02:00:00,2025,4,11,2,Vĩnh Long,Xã An Ngãi Trung,10.0916931,106.5448581,93,Moderate,1,25.8,95,0.1,3.7,194,1007.7,99,66.1,68.0,187.0,39.6,14.0,10.0
2025-04-11 03:00:00,2025,4,11,3,Vĩnh Long,Xã An Ngãi Trung,10.0916931,106.5448581,96,Moderate,1,25.5,98,0.0,2.7,157,1007.1,66,64.0,65.9,188.0,39.2,13.0,9.8
2025-04-11 04:00:00,2025,4,11,4,Vĩnh Long,Xã An Ngãi Trung,10.0916931,106.5448581,99,Moderate,1,25.3,98,0.0,3.0,128,1006.9,38,66.1,68.5,195.0,37.6,15.0,9.7
2025-04-11 05:00:00,2025,4,11,5,Vĩnh Long,Xã An Ngãi Trung,10.0916931,106.5448581,103,Unhealthy for Sensitive Groups,2,25.2,98,0.0,1.8,156,1007.3,7,68.2,70.8,218.0,34.7,20.0,10.0
2025-04-11 06:00:00,2025,4,11,6,Vĩnh Long,Xã An Ngãi Trung,10.0916931,106.5448581,106,Unhealthy for Sensitive Groups,2,25.1,99,0.0,2.2,166,1007.8,11,70.5,73.3,247.0,30.7,29.0,10.5
2025-04-11 07:00:00,2025,4,11,7,Vĩnh Long,Xã An Ngãi Trung,10.0916931,106.5448581,110,Unhealthy for Sensitive Groups,2,27.0,88,0.0,5.0,131,1008.5,50,58.1,61.2,257.0,28.2,40.0,10.7
2025-04-11 08:00:00,2025,4,11,8,Vĩnh Long,Xã An Ngãi Trung,10.0916931,106.5448581,112,Unhealthy for Sensitive Groups,2,29.5,70,0.1,8.0,106,1009.4,99,24.1,27.0,230.0,20.6,50.0,8.2
2025-04-11 09:00:00,2025,4,11,9,Vĩnh Long,Xã An Ngãi Trung,10.0916931,106.5448581,113,Unhealthy for Sensitive Groups,2,31.1,60,0.0,9.6,113,1009.8,98,14.8,17.5,185.0,10.0,64.0,4.8
2025-04-11 10:00:00,2025,4,11,10,Vĩnh Long,Xã An Ngãi Trung,10.0916931,106.5448581,113,Unhealthy for Sensitive Groups,2,32.3,55,0.0,10.9,114,1009.5,99,10.9,13.4,150.0,2.3,74.0,2.2
2025-04-11 11:00:00,2025,4,11,11,Vĩnh Long,Xã An Ngãi Trung,10.0916931,106.5448581,112,Unhealthy for Sensitive Groups,2,33.0,52,0.0,11.8,115,1009.1,99,9.3,11.5,139.0,0.1,77.0,1.4
2025-04-11 12:00:00,2025,4,11,12,Vĩnh Long,Xã An Ngãi Trung,10.0916931,106.5448581,111,Unhealthy for Sensitive Groups,2,33.7,50,0.0,12.7,122,1008.5,91,8.5,10.6,140.0,0.6,76.0,1.4
2025-04-11 13:00:00,2025,4,11,13,Vĩnh Long,Xã An Ngãi Trung,10.0916931,106.5448581,111,Unhealthy for Sensitive Groups,2,33.8,49,0.0,14.6,124,1007.7,94,8.3,10.3,141.0,1.3,75.0,1.5
2025-04-11 14:00:00,2025,4,11,14,Vĩnh Long,Xã An Ngãi Trung,10.0916931,106.5448581,110,Unhealthy for Sensitive Groups,2,33.3,51,0.0,14.7,130,1006.4,87,8.9,10.9,139.0,1.1,75.0,1.4
2025-04-11 15:00:00,2025,4,11,15,Vĩnh Long,Xã An Ngãi Trung,10.0916931,106.5448581,110,Unhealthy for Sensitive Groups,2,33.0,52,0.0,14.7,137,1005.5,63,8.7,10.6,138.0,1.1,75.0,1.5
2025-04-11 16:00:00,2025,4,11,16,Vĩnh Long,Xã An Ngãi Trung,10.0916931,106.5448581,110,Unhealthy for Sensitive Groups,2,32.2,55,0.0,14.1,145,1005.2,17,8.5,10.4,141.0,2.0,73.0,1.7
2025-04-11 17:00:00,2025,4,11,17,Vĩnh Long,Xã An Ngãi Trung,10.0916931,106.5448581,109,Unhealthy for Sensitive Groups,2,30.6,60,0.0,13.4,144,1005.4,0,8.8,10.7,149.0,4.3,68.0,2.3
2025-04-11 18:00:00,2025,4,11,18,Vĩnh Long,Xã An Ngãi Trung,10.0916931,106.5448581,108,Unhealthy for Sensitive Groups,2,28.9,69,0.0,11.2,150,1006.6,0,11.6,13.5,161.0,7.5,62.0,3.1
2025-04-11 19:00:00,2025,4,11,19,Vĩnh Long,Xã An Ngãi Trung,10.0916931,106.5448581,107,Unhealthy for Sensitive Groups,2,28.0,77,0.0,9.5,155,1007.5,0,18.9,21.2,173.0,11.5,53.0,4.2
2025-04-11 20:00:00,2025,4,11,20,Vĩnh Long,Xã An Ngãi Trung,10.0916931,106.5448581,104,Unhealthy for Sensitive Groups,2,27.7,81,0.0,8.0,162,1008.3,0,19.9,22.1,186.0,12.7,50.0,4.6
2025-04-11 21:00:00,2025,4,11,21,Vĩnh Long,Xã An Ngãi Trung,10.0916931,106.5448581,101,Unhealthy for Sensitive Groups,2,27.2,84,0.0,7.4,162,1009.1,1,21.8,23.9,201.0,14.4,46.0,5.2
2025-04-11 22:00:00,2025,4,11,22,Vĩnh Long,Xã An Ngãi Trung,10.0916931,106.5448581,98,Moderate,1,26.9,86,0.0,6.9,147,1009.3,0,25.6,27.7,211.0,16.1,42.0,5.5
2025-04-11 23:00:00,2025,4,11,23,Vĩnh Long,Xã An Ngãi Trung,10.0916931,106.5448581,95,Moderate,1,26.5,89,0.0,4.4,173,1009.9,0,29.6,31.5,215.0,17.5,39.0,5.4
2025-04-12 00:00:00,2025,4,12,0,Vĩnh Long,Xã An Ngãi Trung,10.0916931,106.5448581,92,Moderate,1,26.1,92,0.0,4.5,220,1009.7,0,30.9,32.9,215.0,18.8,37.0,5.0
2025-04-12 01:00:00,2025,4,12,1,Vĩnh Long,Xã An Ngãi Trung,10.0916931,106.5448581,89,Moderate,1,25.8,94,0.0,5.1,228,1009.0,0,33.3,35.3,216.0,20.8,35.0,4.9
2025-04-12 02:00:00,2025,4,12,2,Vĩnh Long,Xã An Ngãi Trung,10.0916931,106.5448581,86,Moderate,1,25.4,96,0.0,3.3,241,1008.8,0,37.6,39.7,219.0,24.6,31.0,5.3
2025-04-12 03:00:00,2025,4,12,3,Vĩnh Long,Xã An Ngãi Trung,10.0916931,106.5448581,84,Moderate,1,25.2,96,0.0,1.1,279,1008.5,0,43.4,45.5,223.0,28.9,26.0,5.9
2025-04-12 04:00:00,2025,4,12,4,Vĩnh Long,Xã An Ngãi Trung,10.0916931,106.5448581,82,Moderate,1,25.0,97,0.0,1.3,172,1008.0,2,52.6,55.1,228.0,31.1,25.0,6.5
2025-04-12 05:00:00,2025,4,12,5,Vĩnh Long,Xã An Ngãi Trung,10.0916931,106.5448581,81,Moderate,1,24.8,98,0.0,1.1,108,1008.3,12,61.2,63.8,241.0,29.7,29.0,7.1
2025-04-12 06:00:00,2025,4,12,6,Vĩnh Long,Xã An Ngãi Trung,10.0916931,106.5448581,80,Moderate,1,24.6,99,0.0,1.6,360,1009.0,98,68.0,70.5,255.0,26.1,36.0,7.6
2025-04-12 07:00:00,2025,4,12,7,Vĩnh Long,Xã An Ngãi Trung,10.0916931,106.5448581,80,Moderate,1,26.6,88,0.0,1.4,337,1009.7,4,45.9,48.7,255.0,20.3,44.0,6.6
2025-04-12 08:00:00,2025,4,12,8,Vĩnh Long,Xã An Ngãi Trung,10.0916931,106.5448581,79,Moderate,1,29.5,70,0.1,5.2,136,1010.3,78,19.5,22.6,226.0,15.1,55.0,5.5
2025-04-12 09:00:00,2025,4,12,9,Vĩnh Long,Xã An Ngãi Trung,10.0916931,106.5448581,78,Moderate,1,31.0,61,0.1,7.3,128,1010.7,53,14.6,17.6,183.0,7.8,71.0,4.0
2025-04-12 10:00:00,2025,4,12,10,Vĩnh Long,Xã An Ngãi Trung,10.0916931,106.5448581,78,Moderate,1,32.5,55,0.1,8.6,126,1010.6,97,12.9,15.8,150.0,2.5,83.0,2.8
2025-04-12 11:00:00,2025,4,12,11,Vĩnh Long,Xã An Ngãi Trung,10.0916931,106.5448581,78,Moderate,1,33.2,52,0.0,9.5,129,1010.2,98,11.6,14.3,139.0,0.9,88.0,2.3
2025-04-12 12:00:00,2025,4,12,12,Vĩnh Long,Xã An Ngãi Trung,10.0916931,106.5448581,79,Moderate,1,34.1,50,0.0,9.7,129,1009.5,97,11.1,13.7,139.0,1.1,90.0,2.2
2025-04-12 13:00:00,2025,4,12,13,Vĩnh Long,Xã An Ngãi Trung,10.0916931,106.5448581,79,Moderate,1,34.1,50,0.0,11.1,129,1008.3,41,10.9,13.5,140.0,1.5,91.0,2.1
2025-04-12 14:00:00,2025,4,12,14,Vĩnh Long,Xã An Ngãi Trung,10.0916931,106.5448581,79,Moderate,1,34.1,50,0.0,12.7,133,1007.2,29,10.6,13.0,139.0,1.3,91.0,2.0
2025-04-12 15:00:00,2025,4,12,15,Vĩnh Long,Xã An Ngãi Trung,10.0916931,106.5448581,79,Moderate,1,33.5,52,0.0,12.5,136,1006.4,47,10.5,12.6,138.0,1.2,90.0,2.0
2025-04-12 16:00:00,2025,4,12,16,Vĩnh Long,Xã An Ngãi Trung,10.0916931,106.5448581,79,Moderate,1,32.8,54,0.0,11.3,147,1006.2,19,10.1,12.1,140.0,2.2,86.0,2.2
2025-04-12 17:00:00,2025,4,12,17,Vĩnh Long,Xã An Ngãi Trung,10.0916931,106.5448581,80,Moderate,1,31.6,58,0.0,12.6,149,1005.9,4,12.0,14.1,145.0,5.1,78.0,2.9
2025-04-12 18:00:00,2025,4,12,18,Vĩnh Long,Xã An Ngãi Trung,10.0916931,106.5448581,80,Moderate,1,29.5,68,0.0,13.9,147,1006.3,1,14.6,16.9,153.0,9.2,69.0,3.9
2025-04-12 19:00:00,2025,4,12,19,Vĩnh Long,Xã An Ngãi Trung,10.0916931,106.5448581,80,Moderate,1,28.2,77,0.0,12.2,149,1007.2,0,22.1,25.1,160.0,11.4,59.0,4.4
2025-04-12 20:00:00,2025,4,12,20,Vĩnh Long,Xã An Ngãi Trung,10.0916931,106.5448581,80,Moderate,1,28.5,78,0.0,10.2,148,1008.5,0,24.0,26.7,166.0,13.1,53.0,4.9
2025-04-12 21:00:00,2025,4,12,21,Vĩnh Long,Xã An Ngãi Trung,10.0916931,106.5448581,81,Moderate,1,28.1,81,0.0,8.1,151,1009.3,30,26.8,29.3,172.0,15.6,46.0,5.6
2025-04-12 22:00:00,2025,4,12,22,Vĩnh Long,Xã An Ngãi Trung,10.0916931,106.5448581,81,Moderate,1,27.8,83,0.0,6.5,152,1009.7,47,30.5,32.9,177.0,17.9,39.0,6.0
2025-04-12 23:00:00,2025,4,12,23,Vĩnh Long,Xã An Ngãi Trung,10.0916931,106.5448581,82,Moderate,1,27.4,86,0.0,6.2,159,1010.0,100,35.0,37.5,180.0,19.6,35.0,5.9
2025-04-13 00:00:00,2025,4,13,0,Vĩnh Long,Xã An Ngãi Trung,10.0916931,106.5448581,82,Moderate,1,27.0,88,0.0,4.4,159,1009.5,100,37.0,39.3,182.0,21.1,32.0,5.5
2025-04-13 01:00:00,2025,4,13,1,Vĩnh Long,Xã An Ngãi Trung,10.0916931,106.5448581,83,Moderate,1,26.6,91,0.0,3.8,185,1009.2,84,37.7,40.0,183.0,22.7,30.0,5.3
2025-04-13 02:00:00,2025,4,13,2,Vĩnh Long,Xã An Ngãi Trung,10.0916931,106.5448581,83,Moderate,1,26.4,93,0.0,4.4,189,1008.7,13,38.4,40.7,182.0,24.9,27.0,5.3
2025-04-13 03:00:00,2025,4,13,3,Vĩnh Long,Xã An Ngãi Trung,10.0916931,106.5448581,83,Moderate,1,26.1,94,0.0,4.7,164,1008.5,2,41.7,44.0,181.0,27.2,23.0,5.4
2025-04-13 04:00:00,2025,4,13,4,Vĩnh Long,Xã An Ngãi Trung,10.0916931,106.5448581,83,Moderate,1,25.9,95,0.0,4.2,144,1008.5,2,48.0,50.3,182.0,28.0,23.0,5.6
2025-04-13 05:00:00,2025,4,13,5,Vĩnh Long,Xã An Ngãi Trung,10.0916931,106.5448581,83,Moderate,1,25.9,95,0.0,4.4,117,1009.1,8,55.5,58.0,192.0,26.6,27.0,6.2
2025-04-13 06:00:00,2025,4,13,6,Vĩnh Long,Xã An Ngãi Trung,10.0916931,106.5448581,82,Moderate,1,26.1,93,0.0,5.1,100,1009.7,0,64.3,66.8,206.0,23.8,33.0,6.8
2025-04-13 07:00:00,2025,4,13,7,Vĩnh Long,Xã An Ngãi Trung,10.0916931,106.5448581,82,Moderate,1,28.2,81,0.0,8.6,105,1010.4,20,46.8,50.4,209.0,20.1,41.0,6.9
2025-04-13 08:00:00,2025,4,13,8,Vĩnh Long,Xã An Ngãi Trung,10.0916931,106.5448581,82,Moderate,1,30.5,68,0.1,9.1,98,1011.1,8,19.2,23.1,191.0,14.8,51.0,5.6
2025-04-13 09:00:00,2025,4,13,9,Vĩnh Long,Xã An Ngãi Trung,10.0916931,106.5448581,82,Moderate,1,32.0,59,0.0,10.2,98,1011.5,11,15.3,19.3,163.0,7.4,65.0,3.7
2025-04-13 10:00:00,2025,4,13,10,Vĩnh Long,Xã An Ngãi Trung,10.0916931,106.5448581,82,Moderate,1,33.2,52,0.0,11.5,101,1011.1,8,13.1,16.8,142.0,2.0,76.0,2.3
2025-04-13 11:00:00,2025,4,13,11,Vĩnh Long,Xã An Ngãi Trung,10.0916931,106.5448581,82,Moderate,1,33.7,50,0.0,12.8,93,1010.6,50,12.0,15.5,137.0,0.4,79.0,1.7
2025-04-13 12:00:00,2025,4,13,12,Vĩnh Long,Xã An Ngãi Trung,10.0916931,106.5448581,82,Moderate,1,34.0,49,0.0,12.1,102,1009.8,47,11.1,14.3,139.0,0.7,79.0,1.4
2025-04-13 13:00:00,2025,4,13,13,Vĩnh Long,Xã An Ngãi Trung,10.0916931,106.5448581,82,Moderate,1,34.0,49,0.0,13.8,104,1008.5,94,10.3,13.3,141.0,1.2,78.0,1.3
2025-04-13 14:00:00,2025,4,13,14,Vĩnh Long,Xã An Ngãi Trung,10.0916931,106.5448581,82,Moderate,1,34.2,46,0.0,14.9,109,1007.1,96,9.9,12.7,139.0,1.2,77.0,1.3
2025-04-13 15:00:00,2025,4,13,15,Vĩnh Long,Xã An Ngãi Trung,10.0916931,106.5448581,82,Moderate,1,33.2,50,0.0,15.9,117,1006.4,89,9.8,12.4,137.0,1.4,76.0,1.4
2025-04-13 16:00:00,2025,4,13,16,Vĩnh Long,Xã An Ngãi Trung,10.0916931,106.5448581,82,Moderate,1,32.1,56,0.0,13.9,119,1006.2,6,10.0,12.5,137.0,2.1,73.0,1.6
2025-04-13 17:00:00,2025,4,13,17,Vĩnh Long,Xã An Ngãi Trung,10.0916931,106.5448581,82,Moderate,1,30.6,64,0.0,15.3,127,1006.2,0,10.4,13.0,141.0,3.8,68.0,2.0
2025-04-13 18:00:00,2025,4,13,18,Vĩnh Long,Xã An Ngãi Trung,10.0916931,106.5448581,82,Moderate,1,28.9,76,0.0,14.4,127,1006.8,1,13.2,15.7,147.0,6.1,63.0,2.6
2025-04-13 19:00:00,2025,4,13,19,Vĩnh Long,Xã An Ngãi Trung,10.0916931,106.5448581,81,Moderate,1,28.4,79,0.0,12.8,118,1007.9,1,15.5,18.3,152.0,7.9,55.0,2.9
2025-04-13 20:00:00,2025,4,13,20,Vĩnh Long,Xã An Ngãi Trung,10.0916931,106.5448581,81,Moderate,1,28.4,82,0.0,13.0,116,1008.7,3,14.8,17.5,153.0,8.3,55.0,3.1
2025-04-13 21:00:00,2025,4,13,21,Vĩnh Long,Xã An Ngãi Trung,10.0916931,106.5448581,80,Moderate,1,28.2,81,0.0,12.5,111,1009.8,12,15.8,18.3,153.0,8.8,55.0,3.4
2025-04-13 22:00:00,2025,4,13,22,Vĩnh Long,Xã An Ngãi Trung,10.0916931,106.5448581,79,Moderate,1,28.0,83,0.1,12.5,110,1010.6,15,18.3,20.7,151.0,9.5,54.0,3.6
2025-04-13 23:00:00,2025,4,13,23,Vĩnh Long,Xã An Ngãi Trung,10.0916931,106.5448581,78,Moderate,1,27.3,86,0.0,13.1,105,1011.0,18,22.2,24.6,146.0,10.7,51.0,3.6
2025-04-14 00:00:00,2025,4,14,0,Vĩnh Long,Xã An Ngãi Trung,10.0916931,106.5448581,77,Moderate,1,27.0,86,0.1,12.9,96,1010.4,22,23.5,25.7,139.0,12.0,47.0,3.4
2025-04-14 01:00:00,2025,4,14,1,Vĩnh Long,Xã An Ngãi Trung,10.0916931,106.5448581,76,Moderate,1,27.0,85,0.1,13.0,100,1009.8,15,22.9,25.1,138.0,12.7,44.0,3.2
2025-04-14 02:00:00,2025,4,14,2,Vĩnh Long,Xã An Ngãi Trung,10.0916931,106.5448581,74,Moderate,1,27.0,84,0.0,13.0,104,1009.3,15,24.8,27.0,144.0,12.3,43.0,2.9
2025-04-14 03:00:00,2025,4,14,3,Vĩnh Long,Xã An Ngãi Trung,10.0916931,106.5448581,73,Moderate,1,27.0,81,0.0,13.1,102,1008.5,9,18.5,20.5,156.0,11.3,44.0,2.5
2025-04-14 04:00:00,2025,4,14,4,Vĩnh Long,Xã An Ngãi Trung,10.0916931,106.5448581,71,Moderate,1,27.0,80,0.0,13.9,101,1008.6,14,18.6,20.7,170.0,10.3,48.0,2.3
2025-04-14 05:00:00,2025,4,14,5,Vĩnh Long,Xã An Ngãi Trung,10.0916931,106.5448581,68,Moderate,1,27.1,77,0.0,13.8,97,1009.1,11,20.2,22.5,191.0,9.5,56.0,2.4
2025-04-14 06:00:00,2025,4,14,6,Vĩnh Long,Xã An Ngãi Trung,10.0916931,106.5448581,65,Moderate,1,27.0,81,0.0,12.0,99,1009.6,12,21.7,24.2,215.0,8.7,66.0,2.7
2025-04-14 07:00:00,2025,4,14,7,Vĩnh Long,Xã An Ngãi Trung,10.0916931,106.5448581,62,Moderate,1,28.6,75,0.0,12.3,102,1010.4,82,17.3,20.5,227.0,6.7,80.0,2.4
2025-04-14 08:00:00,2025,4,14,8,Vĩnh Long,Xã An Ngãi Trung,10.0916931,106.5448581,59,Moderate,1,30.9,56,0.0,16.1,86,1011.0,37,14.7,18.1,214.0,5.2,87.0,2.0
2025-04-14 09:00:00,2025,4,14,9,Vĩnh Long,Xã An Ngãi Trung,10.0916931,106.5448581,59,Moderate,1,32.3,49,0.0,16.0,91,1011.6,98,13.4,16.7,189.0,3.2,96.0,1.6
2025-04-14 10:00:00,2025,4,14,10,Vĩnh Long,Xã An Ngãi Trung,10.0916931,106.5448581,58,Moderate,1,33.3,46,0.0,17.3,94,1011.4,100,12.6,15.8,171.0,1.7,103.0,1.2
2025-04-14 11:00:00,2025,4,14,11,Vĩnh Long,Xã An Ngãi Trung,10.0916931,106.5448581,58,Moderate,1,33.7,47,0.0,16.6,96,1010.7,99,12.1,15.1,168.0,1.2,105.0,1.1
2025-04-14 12:00:00,2025,4,14,12,Vĩnh Long,Xã An Ngãi Trung,10.0916931,106.5448581,58,Moderate,1,34.2,45,0.0,15.2,97,1010.0,38,11.8,14.8,173.0,1.2,105.0,1.1
2025-04-14 13:00:00,2025,4,14,13,Vĩnh Long,Xã An Ngãi Trung,10.0916931,106.5448581,58,Moderate,1,34.8,43,0.0,13.7,104,1009.1,96,11.6,14.5,179.0,1.3,104.0,1.2
2025-04-14 14:00:00,2025,4,14,14,Vĩnh Long,Xã An Ngãi Trung,10.0916931,106.5448581,58,Moderate,1,34.7,44,0.0,15.3,110,1007.8,91,11.4,14.2,187.0,1.4,104.0,1.2
2025-04-14 15:00:00,2025,4,14,15,Vĩnh Long,Xã An Ngãi Trung,10.0916931,106.5448581,59,Moderate,1,33.1,50,0.2,20.8,123,1007.9,100,11.3,14.0,197.0,1.6,104.0,1.2
2025-04-14 16:00:00,2025,4,14,16,Vĩnh Long,Xã An Ngãi Trung,10.0916931,106.5448581,59,Moderate,1,31.5,56,0.0,20.5,125,1007.6,100,11.7,14.4,204.0,2.1,104.0,1.3
2025-04-14 17:00:00,2025,4,14,17,Vĩnh Long,Xã An Ngãi Trung,10.0916931,106.5448581,59,Moderate,1,30.0,64,0.0,18.7,116,1008.0,100,12.6,15.5,203.0,3.3,105.0,1.6
2025-04-14 18:00:00,2025,4,14,18,Vĩnh Long,Xã An Ngãi Trung,10.0916931,106.5448581,59,Moderate,1,28.6,75,0.0,16.5,106,1008.6,100,14.6,17.6,199.0,4.8,106.0,2.0
2025-04-14 19:00:00,2025,4,14,19,Vĩnh Long,Xã An Ngãi Trung,10.0916931,106.5448581,59,Moderate,1,28.2,78,0.0,17.7,103,1009.6,100,18.7,22.4,196.0,6.2,105.0,2.4
2025-04-14 20:00:00,2025,4,14,20,Vĩnh Long,Xã An Ngãi Trung,10.0916931,106.5448581,59,Moderate,1,28.4,78,0.0,17.8,106,1010.0,100,17.1,20.5,197.0,5.9,107.0,2.3
2025-04-14 21:00:00,2025,4,14,21,Vĩnh Long,Xã An Ngãi Trung,10.0916931,106.5448581,60,Moderate,1,28.2,78,0.0,17.4,98,1010.6,100,17.1,20.4,199.0,5.4,108.0,2.2
2025-04-14 22:00:00,2025,4,14,22,Vĩnh Long,Xã An Ngãi Trung,10.0916931,106.5448581,60,Moderate,1,28.0,79,0.0,18.1,95,1011.0,100,16.9,20.2,200.0,5.1,109.0,2.0
2025-04-14 23:00:00,2025,4,14,23,Vĩnh Long,Xã An Ngãi Trung,10.0916931,106.5448581,60,Moderate,1,27.8,79,0.0,17.0,95,1011.1,80,16.4,19.5,196.0,5.1,107.0,1.8
2025-04-15 00:00:00,2025,4,15,0,Vĩnh Long,Xã An Ngãi Trung,10.0916931,106.5448581,59,Moderate,1,27.7,78,0.0,16.8,96,1010.8,100,16.2,19.2,191.0,5.3,103.0,1.6
2025-04-15 01:00:00,2025,4,15,1,Vĩnh Long,Xã An Ngãi Trung,10.0916931,106.5448581,59,Moderate,1,27.5,80,0.0,15.9,99,1009.9,8,16.3,19.3,187.0,5.5,100.0,1.4
2025-04-15 02:00:00,2025,4,15,2,Vĩnh Long,Xã An Ngãi Trung,10.0916931,106.5448581,58,Moderate,1,27.4,78,0.0,14.7,101,1009.0,29,16.5,19.4,186.0,5.6,98.0,1.3
2025-04-15 03:00:00,2025,4,15,3,Vĩnh Long,Xã An Ngãi Trung,10.0916931,106.5448581,57,Moderate,1,27.2,79,0.0,14.1,100,1008.3,50,16.8,19.6,187.0,5.8,96.0,1.3
2025-04-15 04:00:00,2025,4,15,4,Vĩnh Long,Xã An Ngãi Trung,10.0916931,106.5448581,57,Moderate,1,27.0,81,0.0,13.5,94,1008.6,71,17.5,20.4,193.0,6.0,94.0,1.4
2025-04-15 05:00:00,2025,4,15,5,Vĩnh Long,Xã An Ngãi Trung,10.0916931,106.5448581,57,Moderate,1,27.0,80,0.0,12.8,87,1008.7,100,18.5,21.5,209.0,6.6,92.0,1.7
2025-04-15 06:00:00,2025,4,15,6,Vĩnh Long,Xã An Ngãi Trung,10.0916931,106.5448581,57,Moderate,1,27.0,82,0.0,13.1,88,1009.3,100,19.4,22.5,230.0,7.2,90.0,2.1
2025-04-15 07:00:00,2025,4,15,7,Vĩnh Long,Xã An Ngãi Trung,10.0916931,106.5448581,57,Moderate,1,28.4,75,0.0,16.1,80,1010.0,100,28.5,32.4,244.0,11.5,82.0,3.8
2025-04-15 08:00:00,2025,4,15,8,Vĩnh Long,Xã An Ngãi Trung,10.0916931,106.5448581,58,Moderate,1,29.9,67,0.0,16.5,84,1010.7,95,23.8,28.0,243.0,9.2,93.0,3.7
2025-04-15 09:00:00,2025,4,15,9,Vĩnh Long,Xã An Ngãi Trung,10.0916931,106.5448581,58,Moderate,1,31.5,60,0.0,15.2,79,1011.0,83,22.6,27.1,234.0,6.1,108.0,3.5
2025-04-15 10:00:00,2025,4,15,10,Vĩnh Long,Xã An Ngãi Trung,10.0916931,106.5448581,59,Moderate,1,33.1,53,0.0,15.1,87,1010.9,89,21.8,26.4,226.0,3.6,119.0,3.2
2025-04-15 11:00:00,2025,4,15,11,Vĩnh Long,Xã An Ngãi Trung,10.0916931,106.5448581,60,Moderate,1,33.6,51,0.0,17.3,95,1010.4,74,21.5,26.0,224.0,2.4,124.0,2.8
2025-04-15 12:00:00,2025,4,15,12,Vĩnh Long,Xã An Ngãi Trung,10.0916931,106.5448581,61,Moderate,1,33.7,50,0.0,18.8,95,1009.7,100,20.4,24.5,223.0,2.0,125.0,2.3
2025-04-15 13:00:00,2025,4,15,13,Vĩnh Long,Xã An Ngãi Trung,10.0916931,106.5448581,62,Moderate,1,33.1,52,0.1,19.3,89,1008.8,100,18.9,22.8,222.0,1.7,123.0,1.8
2025-04-15 14:00:00,2025,4,15,14,Vĩnh Long,Xã An Ngãi Trung,10.0916931,106.5448581,62,Moderate,1,33.0,51,0.2,20.0,93,1007.8,99,17.2,21.0,218.0,1.5,117.0,1.4
2025-04-15 15:00:00,2025,4,15,15,Vĩnh Long,Xã An Ngãi Trung,10.0916931,106.5448581,63,Moderate,1,32.0,55,0.0,21.6,90,1007.1,37,15.0,18.5,212.0,1.6,107.0,1.1
2025-04-15 16:00:00,2025,4,15,16,Vĩnh Long,Xã An Ngãi Trung,10.0916931,106.5448581,63,Moderate,1,30.9,62,0.0,22.6,99,1006.9,100,14.4,17.8,210.0,1.9,101.0,1.0
2025-04-15 17:00:00,2025,4,15,17,Vĩnh Long,Xã An Ngãi Trung,10.0916931,106.5448581,63,Moderate,1,29.9,67,0.0,19.5,95,1006.9,100,15.0,18.2,213.0,2.7,101.0,1.2
2025-04-15 18:00:00,2025,4,15,18,Vĩnh Long,Xã An Ngãi Trung,10.0916931,106.5448581,64,Moderate,1,28.5,75,0.0,17.6,98,1007.6,100,16.8,20.1,219.0,3.8,105.0,1.5
2025-04-15 19:00:00,2025,4,15,19,Vĩnh Long,Xã An Ngãi Trung,10.0916931,106.5448581,64,Moderate,1,28.2,77,0.0,18.6,102,1009.3,100,17.8,20.9,223.0,5.4,103.0,2.0
2025-04-15 20:00:00,2025,4,15,20,Vĩnh Long,Xã An Ngãi Trung,10.0916931,106.5448581,64,Moderate,1,28.3,78,0.0,14.7,98,1009.8,73,17.8,21.0,224.0,5.5,102.0,2.0
2025-04-15 21:00:00,2025,4,15,21,Vĩnh Long,Xã An Ngãi Trung,10.0916931,106.5448581,64,Moderate,1,27.8,82,0.0,15.4,101,1010.1,72,17.7,20.9,223.0,5.6,99.0,2.0
2025-04-15 22:00:00,2025,4,15,22,Vĩnh Long,Xã An Ngãi Trung,10.0916931,106.5448581,64,Moderate,1,27.5,83,0.0,14.5,98,1010.5,99,17.5,20.5,222.0,5.7,97.0,2.0
2025-04-15 23:00:00,2025,4,15,23,Vĩnh Long,Xã An Ngãi Trung,10.0916931,106.5448581,64,Moderate,1,27.4,83,0.0,13.9,96,1010.3,100,17.2,20.2,219.0,5.8,94.0,1.8
2025-04-16 00:00:00,2025,4,16,0,Vĩnh Long,Xã An Ngãi Trung,10.0916931,106.5448581,64,Moderate,1,27.2,84,0.0,13.9,92,1009.4,100,17.1,20.1,216.0,5.9,91.0,1.6
2025-04-16 01:00:00,2025,4,16,1,Vĩnh Long,Xã An Ngãi Trung,10.0916931,106.5448581,64,Moderate,1,27.1,84,0.0,13.6,97,1008.9,92,17.8,20.8,213.0,6.2,88.0,1.5
2025-04-16 02:00:00,2025,4,16,2,Vĩnh Long,Xã An Ngãi Trung,10.0916931,106.5448581,64,Moderate,1,27.0,84,0.0,13.5,99,1008.5,96,18.7,21.8,211.0,6.7,86.0,1.5
2025-04-16 03:00:00,2025,4,16,3,Vĩnh Long,Xã An Ngãi Trung,10.0916931,106.5448581,64,Moderate,1,26.9,84,0.0,14.2,99,1008.1,77,20.0,23.1,209.0,7.3,85.0,1.6
2025-04-16 04:00:00,2025,4,16,4,Vĩnh Long,Xã An Ngãi Trung,10.0916931,106.5448581,65,Moderate,1,26.9,84,0.0,13.2,97,1008.3,95,21.0,24.1,211.0,7.8,84.0,1.8
2025-04-16 05:00:00,2025,4,16,5,Vĩnh Long,Xã An Ngãi Trung,10.0916931,106.5448581,65,Moderate,1,26.8,84,0.0,12.6,92,1008.8,96,22.1,25.2,220.0,8.2,84.0,2.0
2025-04-16 06:00:00,2025,4,16,6,Vĩnh Long,Xã An Ngãi Trung,10.0916931,106.5448581,65,Moderate,1,26.9,84,0.0,13.2,92,1009.0,98,23.9,26.9,232.0,8.4,85.0,2.3
2025-04-16 07:00:00,2025,4,16,7,Vĩnh Long,Xã An Ngãi Trung,10.0916931,106.5448581,66,Moderate,1,28.5,75,0.0,17.1,91,1009.6,100,19.7,23.6,238.0,6.4,90.0,2.1
2025-04-16 08:00:00,2025,4,16,8,Vĩnh Long,Xã An Ngãi Trung,10.0916931,106.5448581,65,Moderate,1,30.1,67,0.0,18.0,94,1010.9,94,17.5,21.5,230.0,5.1,93.0,1.8
2025-04-16 09:00:00,2025,4,16,9,Vĩnh Long,Xã An Ngãi Trung,10.0916931,106.5448581,64,Moderate,1,31.4,61,0.0,19.8,97,1011.5,54,16.3,20.4,216.0,3.3,96.0,1.5
2025-04-16 10:00:00,2025,4,16,10,Vĩnh Long,Xã An Ngãi Trung,10.0916931,106.5448581,64,Moderate,1,32.0,58,0.1,20.8,102,1011.4,42,15.0,18.9,204.0,1.9,99.0,1.2
2025-04-16 11:00:00,2025,4,16,11,Vĩnh Long,Xã An Ngãi Trung,10.0916931,106.5448581,63,Moderate,1,32.4,57,0.3,18.7,106,1010.9,78,14.5,18.5,197.0,1.4,100.0,1.1
2025-04-16 12:00:00,2025,4,16,12,Vĩnh Long,Xã An Ngãi Trung,10.0916931,106.5448581,63,Moderate,1,32.2,56,0.2,18.2,113,1010.2,93,13.8,17.6,193.0,1.2,100.0,1.0
2025-04-16 13:00:00,2025,4,16,13,Vĩnh Long,Xã An Ngãi Trung,10.0916931,106.5448581,62,Moderate,1,32.2,56,0.1,18.0,117,1009.2,100,13.8,17.5,190.0,1.3,99.0,1.0
2025-04-16 14:00:00,2025,4,16,14,Vĩnh Long,Xã An Ngãi Trung,10.0916931,106.5448581,61,Moderate,1,32.4,56,0.0,16.3,117,1008.4,100,13.7,17.5,187.0,1.4,99.0,1.0
2025-04-16 15:00:00,2025,4,16,15,Vĩnh Long,Xã An Ngãi Trung,10.0916931,106.5448581,61,Moderate,1,31.9,58,0.0,16.1,124,1007.8,100,14.1,17.9,185.0,1.6,98.0,1.1
2025-04-16 16:00:00,2025,4,16,16,Vĩnh Long,Xã An Ngãi Trung,10.0916931,106.5448581,61,Moderate,1,30.5,63,0.1,14.4,133,1007.8,100,15.0,19.0,187.0,2.2,96.0,1.3
2025-04-16 17:00:00,2025,4,16,17,Vĩnh Long,Xã An Ngãi Trung,10.0916931,106.5448581,61,Moderate,1,29.5,68,0.0,14.8,133,1007.8,100,14.8,18.7,194.0,3.2,93.0,1.6
2025-04-16 18:00:00,2025,4,16,18,Vĩnh Long,Xã An Ngãi Trung,10.0916931,106.5448581,61,Moderate,1,28.7,72,0.0,11.8,137,1008.1,100,16.1,19.8,204.0,4.6,89.0,1.9
2025-04-16 19:00:00,2025,4,16,19,Vĩnh Long,Xã An Ngãi Trung,10.0916931,106.5448581,61,Moderate,1,28.0,76,0.0,9.8,136,1008.8,100,23.8,27.9,215.0,9.0,82.0,3.2
2025-04-16 20:00:00,2025,4,16,20,Vĩnh Long,Xã An Ngãi Trung,10.0916931,106.5448581,62,Moderate,1,28.4,81,0.0,12.5,136,1009.5,100,24.2,28.3,227.0,9.8,80.0,3.6
2025-04-16 21:00:00,2025,4,16,21,Vĩnh Long,Xã An Ngãi Trung,10.0916931,106.5448581,62,Moderate,1,28.1,83,0.1,9.4,132,1010.1,100,26.7,30.9,239.0,11.0,77.0,4.1
2025-04-16 22:00:00,2025,4,16,22,Vĩnh Long,Xã An Ngãi Trung,10.0916931,106.5448581,63,Moderate,1,27.9,85,0.0,7.3,118,1011.1,100,30.4,34.3,244.0,12.4,73.0,4.4
2025-04-16 23:00:00,2025,4,16,23,Vĩnh Long,Xã An Ngãi Trung,10.0916931,106.5448581,64,Moderate,1,27.8,84,0.0,6.5,109,1011.0,100,31.5,35.4,235.0,14.1,68.0,4.5
2025-04-17 00:00:00,2025,4,17,0,Vĩnh Long,Xã An Ngãi Trung,10.0916931,106.5448581,65,Moderate,1,27.8,83,0.0,7.4,103,1010.6,100,34.5,38.2,218.0,16.0,63.0,4.4
2025-04-17 01:00:00,2025,4,17,1,Vĩnh Long,Xã An Ngãi Trung,10.0916931,106.5448581,67,Moderate,1,27.3,85,0.0,7.7,102,1010.0,96,38.9,42.6,208.0,17.5,58.0,4.3
2025-04-17 02:00:00,2025,4,17,2,Vĩnh Long,Xã An Ngãi Trung,10.0916931,106.5448581,69,Moderate,1,27.1,86,0.0,7.6,105,1009.4,100,41.4,45.1,211.0,18.6,54.0,4.3
2025-04-17 03:00:00,2025,4,17,3,Vĩnh Long,Xã An Ngãi Trung,10.0916931,106.5448581,71,Moderate,1,26.7,88,0.0,7.2,94,1009.3,100,42.6,46.3,220.0,19.4,52.0,4.3
2025-04-17 04:00:00,2025,4,17,4,Vĩnh Long,Xã An Ngãi Trung,10.0916931,106.5448581,73,Moderate,1,26.6,89,0.0,5.8,88,1008.9,87,41.4,45.3,228.0,19.4,51.0,4.4
2025-04-17 05:00:00,2025,4,17,5,Vĩnh Long,Xã An Ngãi Trung,10.0916931,106.5448581,75,Moderate,1,26.3,91,0.0,4.0,72,1009.3,100,46.2,50.2,234.0,18.7,52.0,4.9
2025-04-17 06:00:00,2025,4,17,6,Vĩnh Long,Xã An Ngãi Trung,10.0916931,106.5448581,77,Moderate,1,26.4,90,0.1,5.5,73,1009.8,100,49.6,53.8,239.0,17.2,55.0,5.6
2025-04-17 07:00:00,2025,4,17,7,Vĩnh Long,Xã An Ngãi Trung,10.0916931,106.5448581,79,Moderate,1,27.4,84,0.1,7.7,79,1010.0,100,33.2,35.9,236.0,14.9,53.0,4.4
2025-04-17 08:00:00,2025,4,17,8,Vĩnh Long,Xã An Ngãi Trung,10.0916931,106.5448581,80,Moderate,1,28.7,73,0.0,7.3,97,1011.1,100,26.8,30.0,220.0,11.3,65.0,3.8
2025-04-17 09:00:00,2025,4,17,9,Vĩnh Long,Xã An Ngãi Trung,10.0916931,106.5448581,81,Moderate,1,30.6,63,0.0,8.9,117,1011.6,100,21.0,24.6,196.0,6.3,81.0,3.1
2025-04-17 10:00:00,2025,4,17,10,Vĩnh Long,Xã An Ngãi Trung,10.0916931,106.5448581,81,Moderate,1,32.3,56,0.0,10.7,115,1011.2,100,15.7,19.0,178.0,2.6,93.0,2.4
2025-04-17 11:00:00,2025,4,17,11,Vĩnh Long,Xã An Ngãi Trung,10.0916931,106.5448581,82,Moderate,1,33.0,55,0.0,12.7,117,1010.8,100,13.9,17.1,172.0,1.3,96.0,2.0
2025-04-17 12:00:00,2025,4,17,12,Vĩnh Long,Xã An Ngãi Trung,10.0916931,106.5448581,81,Moderate,1,33.8,52,0.0,12.2,121,1009.9,99,13.0,16.0,172.0,1.3,95.0,1.6
2025-04-17 13:00:00,2025,4,17,13,Vĩnh Long,Xã An Ngãi Trung,10.0916931,106.5448581,81,Moderate,1,33.8,51,0.0,12.7,122,1008.8,99,12.1,15.0,173.0,1.7,92.0,1.5
2025-04-17 14:00:00,2025,4,17,14,Vĩnh Long,Xã An Ngãi Trung,10.0916931,106.5448581,81,Moderate,1,33.2,53,0.2,13.6,120,1007.5,100,12.0,14.7,171.0,1.9,89.0,1.5
2025-04-17 15:00:00,2025,4,17,15,Vĩnh Long,Xã An Ngãi Trung,10.0916931,106.5448581,81,Moderate,1,32.7,56,0.5,14.2,129,1006.5,100,12.3,14.9,169.0,2.4,85.0,1.6
2025-04-17 16:00:00,2025,4,17,16,Vĩnh Long,Xã An Ngãi Trung,10.0916931,106.5448581,81,Moderate,1,32.0,59,0.0,14.5,133,1005.9,96,14.2,16.8,171.0,3.9,80.0,2.1
2025-04-17 17:00:00,2025,4,17,17,Vĩnh Long,Xã An Ngãi Trung,10.0916931,106.5448581,81,Moderate,1,30.5,67,0.0,13.2,140,1006.1,17,16.1,19.0,182.0,7.1,73.0,3.0
2025-04-17 18:00:00,2025,4,17,18,Vĩnh Long,Xã An Ngãi Trung,10.0916931,106.5448581,81,Moderate,1,28.8,75,0.0,11.0,140,1006.3,1,19.0,21.9,196.0,11.3,66.0,4.3
2025-04-17 19:00:00,2025,4,17,19,Vĩnh Long,Xã An Ngãi Trung,10.0916931,106.5448581,81,Moderate,1,28.1,80,0.0,8.2,148,1007.5,5,29.1,32.7,208.0,13.7,58.0,4.8
2025-04-17 20:00:00,2025,4,17,20,Vĩnh Long,Xã An Ngãi Trung,10.0916931,106.5448581,82,Moderate,1,28.1,85,0.0,10.2,154,1007.7,0,31.3,34.8,213.0,13.8,55.0,4.8
2025-04-17 21:00:00,2025,4,17,21,Vĩnh Long,Xã An Ngãi Trung,10.0916931,106.5448581,82,Moderate,1,27.8,87,0.0,9.5,159,1008.7,9,30.4,33.5,214.0,14.0,51.0,4.8
2025-04-17 22:00:00,2025,4,17,22,Vĩnh Long,Xã An Ngãi Trung,10.0916931,106.5448581,83,Moderate,1,27.5,89,0.0,8.3,160,1009.4,3,29.7,32.8,215.0,14.8,47.0,4.8
2025-04-17 23:00:00,2025,4,17,23,Vĩnh Long,Xã An Ngãi Trung,10.0916931,106.5448581,83,Moderate,1,27.1,91,0.0,7.0,159,1009.5,1,32.2,35.2,216.0,16.3,43.0,4.7
2025-04-18 00:00:00,2025,4,18,0,Vĩnh Long,Xã An Ngãi Trung,10.0916931,106.5448581,83,Moderate,1,26.9,93,0.0,6.3,173,1009.3,6,34.3,37.3,217.0,18.3,39.0,4.5
2025-04-18 01:00:00,2025,4,18,1,Vĩnh Long,Xã An Ngãi Trung,10.0916931,106.5448581,83,Moderate,1,26.5,94,0.2,6.0,219,1009.5,60,38.9,41.4,219.0,20.8,35.0,4.8
2025-04-18 02:00:00,2025,4,18,2,Vĩnh Long,Xã An Ngãi Trung,10.0916931,106.5448581,83,Moderate,1,26.5,95,0.0,2.8,145,1009.3,92,45.1,47.3,226.0,24.5,29.0,5.8
2025-04-18 03:00:00,2025,4,18,3,Vĩnh Long,Xã An Ngãi Trung,10.0916931,106.5448581,83,Moderate,1,25.4,95,0.3,5.7,298,1009.1,59,47.8,50.2,234.0,28.5,24.0,7.1
2025-04-18 04:00:00,2025,4,18,4,Vĩnh Long,Xã An Ngãi Trung,10.0916931,106.5448581,83,Moderate,1,25.4,96,0.1,1.3,344,1008.7,30,56.5,59.3,240.0,30.6,21.0,8.2
2025-04-18 05:00:00,2025,4,18,5,Vĩnh Long,Xã An Ngãi Trung,10.0916931,106.5448581,85,Moderate,1,25.0,99,0.0,2.3,23,1008.9,22,62.4,65.2,243.0,29.6,23.0,9.0
2025-04-18 06:00:00,2025,4,18,6,Vĩnh Long,Xã An Ngãi Trung,10.0916931,106.5448581,86,Moderate,1,25.2,98,0.0,1.5,54,1009.1,14,69.2,71.7,244.0,26.5,28.0,9.6
2025-04-18 07:00:00,2025,4,18,7,Vĩnh Long,Xã An Ngãi Trung,10.0916931,106.5448581,88,Moderate,1,26.6,90,0.0,3.0,57,1009.8,15,38.1,41.1,238.0,16.7,46.0,6.9
2025-04-18 08:00:00,2025,4,18,8,Vĩnh Long,Xã An Ngãi Trung,10.0916931,106.5448581,88,Moderate,1,29.6,71,0.0,5.1,108,1010.9,91,26.9,30.4,219.0,12.6,58.0,5.9
2025-04-18 09:00:00,2025,4,18,9,Vĩnh Long,Xã An Ngãi Trung,10.0916931,106.5448581,88,Moderate,1,31.6,60,0.0,5.4,116,1011.0,87,18.4,22.1,193.0,6.9,75.0,4.4
2025-04-18 10:00:00,2025,4,18,10,Vĩnh Long,Xã An Ngãi Trung,10.0916931,106.5448581,88,Moderate,1,33.0,55,0.0,5.5,117,1010.7,75,16.5,20.1,174.0,2.7,89.0,3.3
2025-04-18 11:00:00,2025,4,18,11,Vĩnh Long,Xã An Ngãi Trung,10.0916931,106.5448581,88,Moderate,1,34.2,51,0.0,7.4,116,1010.2,15,15.6,18.7,167.0,1.3,96.0,2.8
2025-04-18 12:00:00,2025,4,18,12,Vĩnh Long,Xã An Ngãi Trung,10.0916931,106.5448581,88,Moderate,1,34.5,49,0.0,9.1,112,1009.1,43,14.5,17.0,167.0,1.4,100.0,2.5
2025-04-18 13:00:00,2025,4,18,13,Vĩnh Long,Xã An Ngãi Trung,10.0916931,106.5448581,89,Moderate,1,34.7,48,0.0,10.9,119,1008.0,36,13.7,15.7,166.0,1.7,102.0,2.3
2025-04-18 14:00:00,2025,4,18,14,Vĩnh Long,Xã An Ngãi Trung,10.0916931,106.5448581,89,Moderate,1,34.2,49,0.0,11.5,124,1006.8,24,12.9,14.6,162.0,1.4,102.0,2.0
2025-04-18 15:00:00,2025,4,18,15,Vĩnh Long,Xã An Ngãi Trung,10.0916931,106.5448581,89,Moderate,1,33.7,51,0.0,12.4,130,1006.0,10,12.8,14.5,158.0,1.3,99.0,1.8
2025-04-18 16:00:00,2025,4,18,16,Vĩnh Long,Xã An Ngãi Trung,10.0916931,106.5448581,89,Moderate,1,32.5,56,0.0,13.9,134,1005.3,0,12.7,14.6,158.0,2.4,93.0,1.9
2025-04-18 17:00:00,2025,4,18,17,Vĩnh Long,Xã An Ngãi Trung,10.0916931,106.5448581,89,Moderate,1,31.0,63,0.0,12.6,143,1005.1,0,13.0,14.9,165.0,5.5,82.0,2.6
2025-04-18 18:00:00,2025,4,18,18,Vĩnh Long,Xã An Ngãi Trung,10.0916931,106.5448581,88,Moderate,1,29.3,72,0.0,11.7,144,1005.5,0,17.5,19.4,176.0,9.8,68.0,3.6
2025-04-18 19:00:00,2025,4,18,19,Vĩnh Long,Xã An Ngãi Trung,10.0916931,106.5448581,88,Moderate,1,28.2,78,0.0,9.6,152,1006.5,0,26.5,29.1,185.0,13.1,57.0,4.7
2025-04-18 20:00:00,2025,4,18,20,Vĩnh Long,Xã An Ngãi Trung,10.0916931,106.5448581,88,Moderate,1,28.2,82,0.0,9.8,167,1007.2,0,31.4,33.9,192.0,15.6,51.0,5.2
2025-04-18 21:00:00,2025,4,18,21,Vĩnh Long,Xã An Ngãi Trung,10.0916931,106.5448581,88,Moderate,1,27.8,87,0.0,7.7,168,1008.1,12,35.2,37.5,198.0,19.0,42.0,6.0
2025-04-18 22:00:00,2025,4,18,22,Vĩnh Long,Xã An Ngãi Trung,10.0916931,106.5448581,88,Moderate,1,27.3,90,0.0,7.6,183,1009.0,89,38.3,40.5,201.0,21.2,36.0,6.3
2025-04-18 23:00:00,2025,4,18,23,Vĩnh Long,Xã An Ngãi Trung,10.0916931,106.5448581,89,Moderate,1,26.9,92,0.0,6.9,194,1009.3,73,37.5,39.7,198.0,21.0,36.0,5.9
2025-04-19 00:00:00,2025,4,19,0,Vĩnh Long,Xã An Ngãi Trung,10.0916931,106.5448581,90,Moderate,1,26.5,94,0.0,5.5,191,1009.0,63,35.2,37.3,192.0,19.7,38.0,5.1
2025-04-19 01:00:00,2025,4,19,1,Vĩnh Long,Xã An Ngãi Trung,10.0916931,106.5448581,90,Moderate,1,26.4,95,0.0,5.1,203,1008.9,86,34.1,36.3,188.0,19.1,39.0,4.5
2025-04-19 02:00:00,2025,4,19,2,Vĩnh Long,Xã An Ngãi Trung,10.0916931,106.5448581,89,Moderate,1,26.4,95,0.0,4.3,195,1008.8,89,34.7,36.8,188.0,20.4,37.0,4.4
2025-04-19 03:00:00,2025,4,19,3,Vĩnh Long,Xã An Ngãi Trung,10.0916931,106.5448581,88,Moderate,1,26.0,97,0.0,3.1,177,1008.2,95,37.6,39.8,191.0,22.4,34.0,4.5
2025-04-19 04:00:00,2025,4,19,4,Vĩnh Long,Xã An Ngãi Trung,10.0916931,106.5448581,88,Moderate,1,25.8,97,0.0,1.4,157,1008.0,60,42.1,44.5,195.0,23.1,33.0,4.6
2025-04-19 05:00:00,2025,4,19,5,Vĩnh Long,Xã An Ngãi Trung,10.0916931,106.5448581,86,Moderate,1,25.5,98,0.0,0.4,90,1008.5,18,47.0,49.6,204.0,21.8,36.0,4.9
2025-04-19 06:00:00,2025,4,19,6,Vĩnh Long,Xã An Ngãi Trung,10.0916931,106.5448581,85,Moderate,1,25.5,99,0.0,0.5,45,1008.9,10,48.9,51.5,214.0,19.3,42.0,5.3
2025-04-19 07:00:00,2025,4,19,7,Vĩnh Long,Xã An Ngãi Trung,10.0916931,106.5448581,83,Moderate,1,27.5,88,0.0,2.4,103,1009.4,27,41.0,44.0,216.0,17.0,52.0,5.8
2025-04-19 08:00:00,2025,4,19,8,Vĩnh Long,Xã An Ngãi Trung,10.0916931,106.5448581,83,Moderate,1,29.6,73,0.1,6.5,122,1009.9,62,18.7,22.2,202.0,12.6,62.0,4.8
2025-04-19 09:00:00,2025,4,19,9,Vĩnh Long,Xã An Ngãi Trung,10.0916931,106.5448581,83,Moderate,1,31.9,57,0.1,8.1,125,1010.1,9,15.3,18.7,181.0,6.6,76.0,3.5
2025-04-19 10:00:00,2025,4,19,10,Vĩnh Long,Xã An Ngãi Trung,10.0916931,106.5448581,82,Moderate,1,33.5,50,0.0,9.3,119,1009.6,6,13.9,17.0,164.0,2.2,86.0,2.4
2025-04-19 11:00:00,2025,4,19,11,Vĩnh Long,Xã An Ngãi Trung,10.0916931,106.5448581,82,Moderate,1,34.2,46,0.0,11.9,115,1009.5,64,12.7,15.3,158.0,0.8,89.0,1.9
2025-04-19 12:00:00,2025,4,19,12,Vĩnh Long,Xã An Ngãi Trung,10.0916931,106.5448581,82,Moderate,1,34.8,43,0.0,13.7,115,1008.9,95,11.8,14.1,156.0,1.0,88.0,1.7
2025-04-19 13:00:00,2025,4,19,13,Vĩnh Long,Xã An Ngãi Trung,10.0916931,106.5448581,82,Moderate,1,34.8,42,0.0,14.5,118,1007.9,94,11.0,13.1,156.0,1.4,86.0,1.6
2025-04-19 14:00:00,2025,4,19,14,Vĩnh Long,Xã An Ngãi Trung,10.0916931,106.5448581,81,Moderate,1,34.6,41,0.0,15.3,124,1006.9,92,10.6,12.5,155.0,1.3,85.0,1.5
2025-04-19 15:00:00,2025,4,19,15,Vĩnh Long,Xã An Ngãi Trung,10.0916931,106.5448581,81,Moderate,1,33.8,45,0.0,15.8,126,1006.1,95,10.2,12.0,154.0,1.3,83.0,1.4
2025-04-19 16:00:00,2025,4,19,16,Vĩnh Long,Xã An Ngãi Trung,10.0916931,106.5448581,81,Moderate,1,32.4,53,0.0,16.1,127,1005.6,76,10.0,11.8,157.0,2.1,79.0,1.6
2025-04-19 17:00:00,2025,4,19,17,Vĩnh Long,Xã An Ngãi Trung,10.0916931,106.5448581,81,Moderate,1,30.5,62,0.0,15.3,127,1005.5,79,9.9,11.7,164.0,3.9,73.0,2.0
2025-04-19 18:00:00,2025,4,19,18,Vĩnh Long,Xã An Ngãi Trung,10.0916931,106.5448581,80,Moderate,1,28.6,76,0.0,12.6,121,1005.9,2,12.6,14.6,174.0,6.5,65.0,2.7
2025-04-19 19:00:00,2025,4,19,19,Vĩnh Long,Xã An Ngãi Trung,10.0916931,106.5448581,80,Moderate,1,27.8,83,0.0,10.2,122,1006.5,2,20.8,23.9,185.0,10.0,54.0,3.5
2025-04-19 20:00:00,2025,4,19,20,Vĩnh Long,Xã An Ngãi Trung,10.0916931,106.5448581,79,Moderate,1,28.0,86,0.0,9.3,127,1007.3,6,21.4,24.4,201.0,11.3,52.0,4.0
2025-04-19 21:00:00,2025,4,19,21,Vĩnh Long,Xã An Ngãi Trung,10.0916931,106.5448581,79,Moderate,1,27.6,88,0.0,8.0,121,1008.0,21,23.7,26.8,218.0,13.1,48.0,4.6
2025-04-19 22:00:00,2025,4,19,22,Vĩnh Long,Xã An Ngãi Trung,10.0916931,106.5448581,78,Moderate,1,27.3,90,0.0,8.2,123,1008.6,20,29.6,32.6,227.0,15.0,45.0,5.0
2025-04-19 23:00:00,2025,4,19,23,Vĩnh Long,Xã An Ngãi Trung,10.0916931,106.5448581,77,Moderate,1,27.1,91,0.0,8.0,124,1009.1,23,37.0,40.0,219.0,17.0,42.0,5.0
2025-04-20 00:00:00,2025,4,20,0,Vĩnh Long,Xã An Ngãi Trung,10.0916931,106.5448581,77,Moderate,1,26.9,92,0.0,6.6,123,1008.8,22,40.0,43.1,201.0,19.1,38.0,4.7
2025-04-20 01:00:00,2025,4,20,1,Vĩnh Long,Xã An Ngãi Trung,10.0916931,106.5448581,77,Moderate,1,26.6,93,0.0,6.1,133,1008.5,32,41.0,44.0,190.0,21.2,35.0,4.6
2025-04-20 02:00:00,2025,4,20,2,Vĩnh Long,Xã An Ngãi Trung,10.0916931,106.5448581,78,Moderate,1,26.4,94,0.0,5.3,135,1008.4,41,44.4,47.4,191.0,24.0,31.0,4.8
2025-04-20 03:00:00,2025,4,20,3,Vĩnh Long,Xã An Ngãi Trung,10.0916931,106.5448581,79,Moderate,1,26.2,95,0.0,3.9,146,1008.1,33,49.0,52.2,199.0,26.7,27.0,5.1
2025-04-20 04:00:00,2025,4,20,4,Vĩnh Long,Xã An Ngãi Trung,10.0916931,106.5448581,80,Moderate,1,26.0,95,0.0,2.6,146,1008.4,30,53.6,56.8,207.0,27.4,27.0,5.2
2025-04-20 05:00:00,2025,4,20,5,Vĩnh Long,Xã An Ngãi Trung,10.0916931,106.5448581,81,Moderate,1,26.0,96,0.0,3.6,123,1008.6,33,61.9,65.4,218.0,24.5,32.0,5.1
2025-04-20 06:00:00,2025,4,20,6,Vĩnh Long,Xã An Ngãi Trung,10.0916931,106.5448581,82,Moderate,1,26.0,95,0.0,5.2,117,1008.9,26,63.8,67.3,229.0,19.6,39.0,4.8
2025-04-20 07:00:00,2025,4,20,7,Vĩnh Long,Xã An Ngãi Trung,10.0916931,106.5448581,83,Moderate,1,27.9,82,0.0,8.6,116,1009.6,13,29.1,32.5,230.0,11.7,51.0,4.6
2025-04-20 08:00:00,2025,4,20,8,Vĩnh Long,Xã An Ngãi Trung,10.0916931,106.5448581,82,Moderate,1,30.2,66,0.0,10.9,110,1010.1,1,15.4,18.7,211.0,8.7,59.0,3.7
2025-04-20 09:00:00,2025,4,20,9,Vĩnh Long,Xã An Ngãi Trung,10.0916931,106.5448581,82,Moderate,1,31.8,57,0.0,12.2,109,1010.3,1,12.5,15.7,183.0,4.6,69.0,2.5
2025-04-20 10:00:00,2025,4,20,10,Vĩnh Long,Xã An Ngãi Trung,10.0916931,106.5448581,82,Moderate,1,32.8,52,0.0,13.3,111,1010.4,0,11.5,14.6,161.0,1.6,77.0,1.6
2025-04-20 11:00:00,2025,4,20,11,Vĩnh Long,Xã An Ngãi Trung,10.0916931,106.5448581,82,Moderate,1,33.7,48,0.0,13.0,109,1010.4,62,10.8,13.7,154.0,0.7,80.0,1.3
2025-04-20 12:00:00,2025,4,20,12,Vĩnh Long,Xã An Ngãi Trung,10.0916931,106.5448581,81,Moderate,1,34.2,45,0.0,13.6,110,1009.9,60,10.2,13.0,154.0,0.9,81.0,1.3
2025-04-20 13:00:00,2025,4,20,13,Vĩnh Long,Xã An Ngãi Trung,10.0916931,106.5448581,81,Moderate,1,34.3,43,0.0,14.1,113,1008.9,48,9.8,12.3,155.0,1.2,81.0,1.3
2025-04-20 14:00:00,2025,4,20,14,Vĩnh Long,Xã An Ngãi Trung,10.0916931,106.5448581,81,Moderate,1,34.2,43,0.0,14.3,115,1007.9,31,9.6,12.0,155.0,1.0,82.0,1.2
2025-04-20 15:00:00,2025,4,20,15,Vĩnh Long,Xã An Ngãi Trung,10.0916931,106.5448581,81,Moderate,1,33.6,45,0.0,14.6,117,1007.2,88,9.5,11.9,156.0,1.0,82.0,1.2
2025-04-20 16:00:00,2025,4,20,16,Vĩnh Long,Xã An Ngãi Trung,10.0916931,106.5448581,81,Moderate,1,32.4,51,0.0,14.1,118,1006.6,83,9.7,12.0,160.0,1.9,80.0,1.4
2025-04-20 17:00:00,2025,4,20,17,Vĩnh Long,Xã An Ngãi Trung,10.0916931,106.5448581,81,Moderate,1,31.0,58,0.0,12.9,120,1006.7,97,10.4,12.7,170.0,4.4,74.0,2.0
2025-04-20 18:00:00,2025,4,20,18,Vĩnh Long,Xã An Ngãi Trung,10.0916931,106.5448581,81,Moderate,1,29.2,70,0.0,11.3,123,1007.4,93,13.7,15.9,183.0,7.8,65.0,2.8
2025-04-20 19:00:00,2025,4,20,19,Vĩnh Long,Xã An Ngãi Trung,10.0916931,106.5448581,81,Moderate,1,28.2,79,0.0,10.4,127,1008.2,37,20.1,22.9,194.0,10.7,56.0,3.5
2025-04-20 20:00:00,2025,4,20,20,Vĩnh Long,Xã An Ngãi Trung,10.0916931,106.5448581,81,Moderate,1,28.1,85,0.0,9.3,126,1008.9,29,19.4,22.0,202.0,10.6,56.0,3.6
2025-04-20 21:00:00,2025,4,20,21,Vĩnh Long,Xã An Ngãi Trung,10.0916931,106.5448581,81,Moderate,1,27.8,87,0.0,8.7,127,1009.4,0,20.1,22.7,207.0,10.5,55.0,3.7
2025-04-20 22:00:00,2025,4,20,22,Vĩnh Long,Xã An Ngãi Trung,10.0916931,106.5448581,81,Moderate,1,27.5,89,0.0,8.6,126,1009.9,1,22.6,25.2,210.0,11.3,53.0,3.9
2025-04-20 23:00:00,2025,4,20,23,Vĩnh Long,Xã An Ngãi Trung,10.0916931,106.5448581,80,Moderate,1,27.1,92,0.0,7.4,129,1010.2,5,27.5,30.2,208.0,13.9,49.0,4.1
2025-04-21 00:00:00,2025,4,21,0,Vĩnh Long,Xã An Ngãi Trung,10.0916931,106.5448581,79,Moderate,1,26.8,94,0.0,6.2,123,1010.0,10,33.6,36.4,203.0,17.4,43.0,4.3
2025-04-21 01:00:00,2025,4,21,1,Vĩnh Long,Xã An Ngãi Trung,10.0916931,106.5448581,78,Moderate,1,26.7,93,0.0,7.1,114,1009.8,23,39.1,42.1,199.0,20.1,39.0,4.4
2025-04-21 02:00:00,2025,4,21,2,Vĩnh Long,Xã An Ngãi Trung,10.0916931,106.5448581,78,Moderate,1,26.6,92,0.0,6.0,117,1009.7,82,41.1,44.0,198.0,21.4,37.0,4.4
2025-04-21 03:00:00,2025,4,21,3,Vĩnh Long,Xã An Ngãi Trung,10.0916931,106.5448581,78,Moderate,1,26.5,92,0.0,5.4,110,1009.2,86,41.3,44.4,198.0,21.8,35.0,4.3
2025-04-21 04:00:00,2025,4,21,4,Vĩnh Long,Xã An Ngãi Trung,10.0916931,106.5448581,77,Moderate,1,26.4,91,0.0,5.2,106,1009.3,68,42.6,45.5,203.0,21.4,36.0,4.3
2025-04-21 05:00:00,2025,4,21,5,Vĩnh Long,Xã An Ngãi Trung,10.0916931,106.5448581,76,Moderate,1,26.5,90,0.0,4.8,112,1009.9,21,44.9,47.8,220.0,20.0,39.0,4.7
2025-04-21 06:00:00,2025,4,21,6,Vĩnh Long,Xã An Ngãi Trung,10.0916931,106.5448581,75,Moderate,1,26.6,89,0.0,5.6,111,1010.3,20,49.2,52.4,241.0,17.8,44.0,5.2
2025-04-21 07:00:00,2025,4,21,7,Vĩnh Long,Xã An Ngãi Trung,10.0916931,106.5448581,74,Moderate,1,28.5,76,0.0,11.4,116,1011.0,90,37.7,41.1,247.0,14.6,49.0,5.1
2025-04-21 08:00:00,2025,4,21,8,Vĩnh Long,Xã An Ngãi Trung,10.0916931,106.5448581,74,Moderate,1,29.4,72,0.1,9.3,103,1011.9,22,17.1,20.7,224.0,10.8,57.0,4.1
2025-04-21 09:00:00,2025,4,21,9,Vĩnh Long,Xã An Ngãi Trung,10.0916931,106.5448581,74,Moderate,1,31.6,60,0.0,12.3,100,1012.1,18,13.9,17.3,186.0,5.6,68.0,2.8
2025-04-21 10:00:00,2025,4,21,10,Vĩnh Long,Xã An Ngãi Trung,10.0916931,106.5448581,75,Moderate,1,32.7,55,0.0,14.2,99,1011.7,69,12.3,15.6,157.0,1.8,76.0,1.7
2025-04-21 11:00:00,2025,4,21,11,Vĩnh Long,Xã An Ngãi Trung,10.0916931,106.5448581,75,Moderate,1,33.5,52,0.1,14.8,103,1011.2,98,10.8,13.9,146.0,0.7,79.0,1.2
2025-04-21 12:00:00,2025,4,21,12,Vĩnh Long,Xã An Ngãi Trung,10.0916931,106.5448581,75,Moderate,1,33.7,51,0.1,16.7,106,1010.4,100,11.2,14.5,144.0,1.0,79.0,1.1
2025-04-21 13:00:00,2025,4,21,13,Vĩnh Long,Xã An Ngãi Trung,10.0916931,106.5448581,75,Moderate,1,33.7,51,0.1,17.7,109,1009.7,99,9.9,12.8,144.0,1.4,79.0,1.0
2025-04-21 14:00:00,2025,4,21,14,Vĩnh Long,Xã An Ngãi Trung,10.0916931,106.5448581,75,Moderate,1,33.2,52,0.0,19.1,114,1008.9,97,9.4,12.2,143.0,1.4,80.0,1.0
2025-04-21 15:00:00,2025,4,21,15,Vĩnh Long,Xã An Ngãi Trung,10.0916931,106.5448581,75,Moderate,1,32.2,57,0.0,18.0,112,1008.3,91,9.5,12.3,144.0,1.5,80.0,1.1
2025-04-21 16:00:00,2025,4,21,16,Vĩnh Long,Xã An Ngãi Trung,10.0916931,106.5448581,75,Moderate,1,31.5,62,0.0,17.7,119,1008.0,42,9.6,12.4,146.0,2.1,78.0,1.3
2025-04-21 17:00:00,2025,4,21,17,Vĩnh Long,Xã An Ngãi Trung,10.0916931,106.5448581,75,Moderate,1,30.3,68,0.0,16.9,117,1008.4,52,9.8,12.6,150.0,3.5,73.0,1.7
2025-04-21 18:00:00,2025,4,21,18,Vĩnh Long,Xã An Ngãi Trung,10.0916931,106.5448581,75,Moderate,1,29.2,73,0.0,15.6,114,1009.1,84,11.5,14.3,154.0,5.3,67.0,2.1
2025-04-21 19:00:00,2025,4,21,19,Vĩnh Long,Xã An Ngãi Trung,10.0916931,106.5448581,74,Moderate,1,28.8,75,0.0,15.1,115,1009.8,92,16.6,20.3,159.0,7.6,61.0,2.7
2025-04-21 20:00:00,2025,4,21,20,Vĩnh Long,Xã An Ngãi Trung,10.0916931,106.5448581,74,Moderate,1,28.9,79,0.0,13.6,110,1010.0,98,16.8,20.1,164.0,7.9,60.0,2.9
2025-04-21 21:00:00,2025,4,21,21,Vĩnh Long,Xã An Ngãi Trung,10.0916931,106.5448581,74,Moderate,1,28.4,83,0.0,11.3,108,1010.7,100,17.6,20.9,168.0,8.2,59.0,3.2
2025-04-21 22:00:00,2025,4,21,22,Vĩnh Long,Xã An Ngãi Trung,10.0916931,106.5448581,74,Moderate,1,28.0,85,0.0,9.6,106,1011.2,100,18.7,21.8,169.0,8.8,58.0,3.3
2025-04-21 23:00:00,2025,4,21,23,Vĩnh Long,Xã An Ngãi Trung,10.0916931,106.5448581,73,Moderate,1,27.7,86,0.0,9.5,109,1011.1,100,19.6,22.5,165.0,9.5,56.0,3.2
2025-04-22 00:00:00,2025,4,22,0,Vĩnh Long,Xã An Ngãi Trung,10.0916931,106.5448581,73,Moderate,1,27.5,88,0.0,9.4,108,1010.8,100,20.4,23.3,157.0,10.4,53.0,2.9
2025-04-22 01:00:00,2025,4,22,1,Vĩnh Long,Xã An Ngãi Trung,10.0916931,106.5448581,72,Moderate,1,27.3,87,0.0,9.2,106,1010.4,50,23.8,26.7,152.0,11.6,50.0,2.8
2025-04-22 02:00:00,2025,4,22,2,Vĩnh Long,Xã An Ngãi Trung,10.0916931,106.5448581,70,Moderate,1,27.1,88,0.0,9.0,103,1009.5,94,27.9,30.7,149.0,13.7,46.0,3.0
2025-04-22 03:00:00,2025,4,22,3,Vĩnh Long,Xã An Ngãi Trung,10.0916931,106.5448581,69,Moderate,1,27.0,88,0.0,7.4,104,1009.1,57,32.0,34.7,149.0,16.0,42.0,3.3
2025-04-22 04:00:00,2025,4,22,4,Vĩnh Long,Xã An Ngãi Trung,10.0916931,106.5448581,68,Moderate,1,26.9,89,0.0,7.7,106,1009.3,87,34.5,37.1,153.0,17.1,40.0,3.6
2025-04-22 05:00:00,2025,4,22,5,Vĩnh Long,Xã An Ngãi Trung,10.0916931,106.5448581,67,Moderate,1,26.6,90,0.1,8.5,111,1009.8,87,35.7,38.4,167.0,16.0,42.0,3.9
2025-04-22 06:00:00,2025,4,22,6,Vĩnh Long,Xã An Ngãi Trung,10.0916931,106.5448581,67,Moderate,1,26.7,90,0.0,8.9,111,1010.4,100,37.1,39.8,186.0,13.7,47.0,4.1
2025-04-22 07:00:00,2025,4,22,7,Vĩnh Long,Xã An Ngãi Trung,10.0916931,106.5448581,66,Moderate,1,28.5,80,0.1,13.4,105,1010.7,100,28.3,31.9,195.0,10.3,53.0,3.7
2025-04-22 08:00:00,2025,4,22,8,Vĩnh Long,Xã An Ngãi Trung,10.0916931,106.5448581,65,Moderate,1,30.5,64,0.0,14.1,117,1012.1,100,16.4,20.2,184.0,7.7,58.0,3.0
2025-04-22 09:00:00,2025,4,22,9,Vĩnh Long,Xã An Ngãi Trung,10.0916931,106.5448581,65,Moderate,1,31.9,58,0.0,14.5,120,1012.5,99,14.0,17.7,164.0,4.2,65.0,2.0
2025-04-22 10:00:00,2025,4,22,10,Vĩnh Long,Xã An Ngãi Trung,10.0916931,106.5448581,65,Moderate,1,29.6,66,0.4,18.0,117,1012.9,100,12.1,15.5,148.0,1.6,70.0,1.3
2025-04-22 11:00:00,2025,4,22,11,Vĩnh Long,Xã An Ngãi Trung,10.0916931,106.5448581,65,Moderate,1,31.0,64,0.5,14.9,143,1012.3,100,10.9,14.1,143.0,1.0,70.0,1.0
2025-04-22 12:00:00,2025,4,22,12,Vĩnh Long,Xã An Ngãi Trung,10.0916931,106.5448581,65,Moderate,1,31.0,63,0.2,16.9,123,1011.8,100,12.4,16.2,143.0,1.3,69.0,1.0
2025-04-22 13:00:00,2025,4,22,13,Vĩnh Long,Xã An Ngãi Trung,10.0916931,106.5448581,65,Moderate,1,31.3,62,0.2,15.4,131,1010.8,100,10.8,13.9,144.0,1.7,68.0,1.0
2025-04-22 14:00:00,2025,4,22,14,Vĩnh Long,Xã An Ngãi Trung,10.0916931,106.5448581,65,Moderate,1,31.5,60,0.0,14.1,122,1009.6,100,10.0,12.6,143.0,1.7,71.0,1.1
2025-04-22 15:00:00,2025,4,22,15,Vĩnh Long,Xã An Ngãi Trung,10.0916931,106.5448581,65,Moderate,1,31.1,61,0.0,15.4,132,1009.1,100,9.6,11.7,142.0,1.9,74.0,1.3
2025-04-22 16:00:00,2025,4,22,16,Vĩnh Long,Xã An Ngãi Trung,10.0916931,106.5448581,65,Moderate,1,30.0,66,0.1,14.8,137,1008.5,100,9.0,10.8,144.0,2.4,75.0,1.6
2025-04-22 17:00:00,2025,4,22,17,Vĩnh Long,Xã An Ngãi Trung,10.0916931,106.5448581,65,Moderate,1,29.8,66,0.0,12.1,133,1008.5,100,9.0,10.5,147.0,3.4,71.0,1.8
2025-04-22 18:00:00,2025,4,22,18,Vĩnh Long,Xã An Ngãi Trung,10.0916931,106.5448581,65,Moderate,1,28.4,73,0.0,11.2,130,1009.0,100,9.3,10.6,153.0,4.8,65.0,2.1
2025-04-22 19:00:00,2025,4,22,19,Vĩnh Long,Xã An Ngãi Trung,10.0916931,106.5448581,65,Moderate,1,27.5,79,0.0,9.7,129,1009.6,100,13.0,14.3,164.0,8.2,55.0,2.9
2025-04-22 20:00:00,2025,4,22,20,Vĩnh Long,Xã An Ngãi Trung,10.0916931,106.5448581,64,Moderate,1,27.5,83,0.0,5.2,112,1009.8,100,17.8,19.0,186.0,11.5,49.0,3.9
2025-04-22 21:00:00,2025,4,22,21,Vĩnh Long,Xã An Ngãi Trung,10.0916931,106.5448581,64,Moderate,1,27.4,84,0.0,2.7,110,1009.9,100,24.2,25.4,213.0,16.0,41.0,5.3
2025-04-22 22:00:00,2025,4,22,22,Vĩnh Long,Xã An Ngãi Trung,10.0916931,106.5448581,65,Moderate,1,27.1,86,0.0,3.4,90,1010.3,100,31.4,32.7,230.0,19.2,36.0,6.3
2025-04-22 23:00:00,2025,4,22,23,Vĩnh Long,Xã An Ngãi Trung,10.0916931,106.5448581,66,Moderate,1,26.9,89,0.0,2.5,94,1010.0,94,27.0,28.5,225.0,19.3,37.0,6.6
2025-04-23 00:00:00,2025,4,23,0,Vĩnh Long,Xã An Ngãi Trung,10.0916931,106.5448581,67,Moderate,1,26.5,91,0.0,1.7,139,1009.8,48,28.0,29.6,210.0,18.1,40.0,6.5
2025-04-23 01:00:00,2025,4,23,1,Vĩnh Long,Xã An Ngãi Trung,10.0916931,106.5448581,67,Moderate,1,26.2,93,0.0,2.4,144,1008.9,1,30.5,32.1,199.0,18.2,41.0,6.7
2025-04-23 02:00:00,2025,4,23,2,Vĩnh Long,Xã An Ngãi Trung,10.0916931,106.5448581,68,Moderate,1,25.7,96,0.0,3.6,180,1008.7,56,34.0,35.7,200.0,21.2,38.0,7.4
2025-04-23 03:00:00,2025,4,23,3,Vĩnh Long,Xã An Ngãi Trung,10.0916931,106.5448581,69,Moderate,1,25.6,96,0.0,4.3,180,1008.4,57,42.8,44.7,207.0,25.4,33.0,8.2
2025-04-23 04:00:00,2025,4,23,4,Vĩnh Long,Xã An Ngãi Trung,10.0916931,106.5448581,69,Moderate,1,25.7,96,0.0,2.7,180,1008.8,6,49.4,51.2,213.0,28.5,29.0,9.0
2025-04-23 05:00:00,2025,4,23,5,Vĩnh Long,Xã An Ngãi Trung,10.0916931,106.5448581,71,Moderate,1,25.5,96,0.0,1.5,166,1009.1,3,58.4,60.3,221.0,30.1,28.0,9.8
2025-04-23 06:00:00,2025,4,23,6,Vĩnh Long,Xã An Ngãi Trung,10.0916931,106.5448581,73,Moderate,1,25.6,96,0.0,1.4,130,1009.5,3,70.3,72.2,230.0,30.5,28.0,10.5
2025-04-23 07:00:00,2025,4,23,7,Vĩnh Long,Xã An Ngãi Trung,10.0916931,106.5448581,76,Moderate,1,27.9,83,0.0,3.2,128,1010.0,11,55.4,57.4,228.0,28.1,32.0,10.2
2025-04-23 08:00:00,2025,4,23,8,Vĩnh Long,Xã An Ngãi Trung,10.0916931,106.5448581,78,Moderate,1,30.5,66,0.0,7.3,136,1011.0,6,20.3,22.1,207.0,20.5,43.0,7.9
2025-04-23 09:00:00,2025,4,23,9,Vĩnh Long,Xã An Ngãi Trung,10.0916931,106.5448581,79,Moderate,1,32.0,58,0.0,8.2,140,1011.5,8,11.8,13.7,176.0,10.1,58.0,4.5
2025-04-23 10:00:00,2025,4,23,10,Vĩnh Long,Xã An Ngãi Trung,10.0916931,106.5448581,78,Moderate,1,33.2,54,0.0,10.0,141,1011.4,18,10.5,12.6,152.0,2.5,70.0,2.0
2025-04-23 11:00:00,2025,4,23,11,Vĩnh Long,Xã An Ngãi Trung,10.0916931,106.5448581,78,Moderate,1,34.0,50,0.0,11.6,143,1011.2,45,9.9,12.1,144.0,0.2,75.0,1.2
2025-04-23 12:00:00,2025,4,23,12,Vĩnh Long,Xã An Ngãi Trung,10.0916931,106.5448581,78,Moderate,1,33.5,50,0.0,11.6,132,1010.0,100,9.5,11.7,143.0,0.7,77.0,1.3
2025-04-23 13:00:00,2025,4,23,13,Vĩnh Long,Xã An Ngãi Trung,10.0916931,106.5448581,78,Moderate,1,34.0,48,0.0,15.7,147,1008.9,27,10.6,12.8,143.0,1.8,77.0,1.6
2025-04-23 14:00:00,2025,4,23,14,Vĩnh Long,Xã An Ngãi Trung,10.0916931,106.5448581,78,Moderate,1,32.1,54,0.1,13.9,182,1008.2,51,10.6,12.7,139.0,2.6,77.0,2.0
2025-04-23 15:00:00,2025,4,23,15,Vĩnh Long,Xã An Ngãi Trung,10.0916931,106.5448581,78,Moderate,1,33.0,51,0.0,13.5,171,1007.4,72,12.3,14.2,137.0,3.9,75.0,2.7
2025-04-23 16:00:00,2025,4,23,16,Vĩnh Long,Xã An Ngãi Trung,10.0916931,106.5448581,78,Moderate,1,31.8,56,0.1,13.0,182,1007.0,97,14.6,16.5,145.0,6.0,72.0,3.5
2025-04-23 17:00:00,2025,4,23,17,Vĩnh Long,Xã An Ngãi Trung,10.0916931,106.5448581,79,Moderate,1,31.5,57,0.0,11.9,175,1007.0,95,18.5,20.4,176.0,8.9,67.0,4.3
2025-04-23 18:00:00,2025,4,23,18,Vĩnh Long,Xã An Ngãi Trung,10.0916931,106.5448581,79,Moderate,1,29.8,67,0.1,11.6,164,1007.9,80,21.6,23.6,218.0,12.6,61.0,5.2
2025-04-23 19:00:00,2025,4,23,19,Vĩnh Long,Xã An Ngãi Trung,10.0916931,106.5448581,81,Moderate,1,28.8,74,0.0,10.7,163,1008.7,37,36.4,39.2,244.0,19.7,55.0,7.2
2025-04-23 20:00:00,2025,4,23,20,Vĩnh Long,Xã An Ngãi Trung,10.0916931,106.5448581,83,Moderate,1,28.2,74,0.0,4.2,200,1009.3,89,45.4,48.1,239.0,24.1,49.0,8.6
2025-04-23 21:00:00,2025,4,23,21,Vĩnh Long,Xã An Ngãi Trung,10.0916931,106.5448581,85,Moderate,1,27.6,80,0.0,4.5,217,1009.8,0,57.3,60.1,218.0,30.2,40.0,10.6
2025-04-23 22:00:00,2025,4,23,22,Vĩnh Long,Xã An Ngãi Trung,10.0916931,106.5448581,88,Moderate,1,27.1,84,0.0,3.7,215,1010.1,1,64.3,67.1,204.0,35.2,32.0,11.9
2025-04-23 23:00:00,2025,4,23,23,Vĩnh Long,Xã An Ngãi Trung,10.0916931,106.5448581,91,Moderate,1,26.8,88,0.0,1.0,292,1010.2,3,69.4,72.4,206.0,37.8,28.0,11.9
2025-04-24 00:00:00,2025,4,24,0,Vĩnh Long,Xã An Ngãi Trung,10.0916931,106.5448581,95,Moderate,1,26.5,90,0.0,0.4,333,1009.5,92,74.3,77.3,215.0,39.2,24.0,11.2
2025-04-24 01:00:00,2025,4,24,1,Vĩnh Long,Xã An Ngãi Trung,10.0916931,106.5448581,99,Moderate,1,26.2,91,0.0,0.9,307,1009.0,100,77.3,80.3,225.0,40.4,22.0,10.6
2025-04-24 02:00:00,2025,4,24,2,Vĩnh Long,Xã An Ngãi Trung,10.0916931,106.5448581,103,Unhealthy for Sensitive Groups,2,25.8,94,0.0,0.9,323,1008.5,100,79.4,82.4,237.0,42.2,19.0,10.4
2025-04-24 03:00:00,2025,4,24,3,Vĩnh Long,Xã An Ngãi Trung,10.0916931,106.5448581,108,Unhealthy for Sensitive Groups,2,25.6,95,0.0,0.5,315,1008.1,100,82.0,85.2,250.0,43.9,16.0,10.4
2025-04-24 04:00:00,2025,4,24,4,Vĩnh Long,Xã An Ngãi Trung,10.0916931,106.5448581,112,Unhealthy for Sensitive Groups,2,26.0,94,0.0,0.9,233,1008.2,94,90.1,93.4,261.0,43.8,17.0,10.4
2025-04-24 05:00:00,2025,4,24,5,Vĩnh Long,Xã An Ngãi Trung,10.0916931,106.5448581,116,Unhealthy for Sensitive Groups,2,25.5,95,0.0,0.5,315,1008.4,92,93.4,97.1,272.0,41.6,22.0,10.8
2025-04-24 06:00:00,2025,4,24,6,Vĩnh Long,Xã An Ngãi Trung,10.0916931,106.5448581,120,Unhealthy for Sensitive Groups,2,25.5,96,0.0,0.4,360,1008.7,88,107.1,110.8,280.0,37.7,30.0,11.3
2025-04-24 07:00:00,2025,4,24,7,Vĩnh Long,Xã An Ngãi Trung,10.0916931,106.5448581,124,Unhealthy for Sensitive Groups,2,27.5,84,0.0,2.7,212,1009.6,16,65.9,68.7,273.0,24.8,43.0,7.6
2025-04-24 08:00:00,2025,4,24,8,Vĩnh Long,Xã An Ngãi Trung,10.0916931,106.5448581,125,Unhealthy for Sensitive Groups,2,30.2,69,0.0,7.6,194,1010.3,16,24.4,27.4,237.0,18.3,57.0,6.3
2025-04-24 09:00:00,2025,4,24,9,Vĩnh Long,Xã An Ngãi Trung,10.0916931,106.5448581,125,Unhealthy for Sensitive Groups,2,32.0,59,0.0,9.1,194,1010.7,54,16.6,19.6,187.0,9.3,76.0,4.4
2025-04-24 10:00:00,2025,4,24,10,Vĩnh Long,Xã An Ngãi Trung,10.0916931,106.5448581,126,Unhealthy for Sensitive Groups,2,33.2,54,0.1,9.1,195,1010.6,53,15.5,18.5,148.0,2.7,90.0,3.0
2025-04-24 11:00:00,2025,4,24,11,Vĩnh Long,Xã An Ngãi Trung,10.0916931,106.5448581,127,Unhealthy for Sensitive Groups,2,33.8,53,0.3,8.9,194,1010.3,74,13.6,16.0,133.0,0.6,96.0,2.5
2025-04-24 12:00:00,2025,4,24,12,Vĩnh Long,Xã An Ngãi Trung,10.0916931,106.5448581,127,Unhealthy for Sensitive Groups,2,34.8,49,0.0,8.2,171,1009.4,100,12.5,14.7,131.0,0.9,97.0,2.5
2025-04-24 13:00:00,2025,4,24,13,Vĩnh Long,Xã An Ngãi Trung,10.0916931,106.5448581,127,Unhealthy for Sensitive Groups,2,35.2,46,0.0,12.0,173,1008.3,100,11.9,14.0,131.0,1.5,96.0,2.5
2025-04-24 14:00:00,2025,4,24,14,Vĩnh Long,Xã An Ngãi Trung,10.0916931,106.5448581,127,Unhealthy for Sensitive Groups,2,29.9,68,5.1,1.3,82,1008.0,56,10.7,12.5,128.0,1.7,92.0,2.3
2025-04-24 15:00:00,2025,4,24,15,Vĩnh Long,Xã An Ngãi Trung,10.0916931,106.5448581,127,Unhealthy for Sensitive Groups,2,30.9,61,0.6,15.4,206,1006.9,66,11.6,13.3,129.0,2.2,86.0,2.2
2025-04-24 16:00:00,2025,4,24,16,Vĩnh Long,Xã An Ngãi Trung,10.0916931,106.5448581,127,Unhealthy for Sensitive Groups,2,30.8,63,0.2,9.0,218,1006.6,52,11.9,13.8,143.0,3.7,79.0,2.4
2025-04-24 17:00:00,2025,4,24,17,Vĩnh Long,Xã An Ngãi Trung,10.0916931,106.5448581,127,Unhealthy for Sensitive Groups,2,29.2,69,0.7,9.2,239,1007.3,55,13.0,15.1,179.0,6.6,72.0,3.1
2025-04-24 18:00:00,2025,4,24,18,Vĩnh Long,Xã An Ngãi Trung,10.0916931,106.5448581,126,Unhealthy for Sensitive Groups,2,28.4,76,0.2,3.4,252,1007.2,18,17.1,19.3,229.0,10.5,63.0,4.1
2025-04-24 19:00:00,2025,4,24,19,Vĩnh Long,Xã An Ngãi Trung,10.0916931,106.5448581,126,Unhealthy for Sensitive Groups,2,27.4,86,0.0,4.4,289,1008.1,27,28.5,30.4,276.0,16.9,49.0,6.5
2025-04-24 20:00:00,2025,4,24,20,Vĩnh Long,Xã An Ngãi Trung,10.0916931,106.5448581,125,Unhealthy for Sensitive Groups,2,27.1,87,0.0,6.5,298,1009.1,89,35.0,36.9,321.0,20.3,43.0,7.5
2025-04-24 21:00:00,2025,4,24,21,Vĩnh Long,Xã An Ngãi Trung,10.0916931,106.5448581,124,Unhealthy for Sensitive Groups,2,26.7,87,0.0,4.3,272,1009.8,100,45.5,47.4,363.0,25.0,34.0,8.8
2025-04-24 22:00:00,2025,4,24,22,Vĩnh Long,Xã An Ngãi Trung,10.0916931,106.5448581,123,Unhealthy for Sensitive Groups,2,26.4,89,0.0,4.1,221,1010.3,88,48.7,50.6,381.0,28.4,27.0,9.6
2025-04-24 23:00:00,2025,4,24,23,Vĩnh Long,Xã An Ngãi Trung,10.0916931,106.5448581,121,Unhealthy for Sensitive Groups,2,26.0,91,0.0,3.7,231,1010.6,23,50.8,52.7,359.0,29.2,24.0,9.2
2025-04-25 00:00:00,2025,4,25,0,Vĩnh Long,Xã An Ngãi Trung,10.0916931,106.5448581,119,Unhealthy for Sensitive Groups,2,25.9,91,0.0,4.1,195,1010.2,4,52.0,53.9,313.0,28.7,23.0,8.2
2025-04-25 01:00:00,2025,4,25,1,Vĩnh Long,Xã An Ngãi Trung,10.0916931,106.5448581,117,Unhealthy for Sensitive Groups,2,25.9,91,0.0,4.3,204,1009.4,42,50.8,52.6,267.0,28.4,22.0,7.4
2025-04-25 02:00:00,2025,4,25,2,Vĩnh Long,Xã An Ngãi Trung,10.0916931,106.5448581,114,Unhealthy for Sensitive Groups,2,25.8,91,0.0,4.0,219,1008.8,97,50.3,52.0,226.0,29.1,19.0,7.0
2025-04-25 03:00:00,2025,4,25,3,Vĩnh Long,Xã An Ngãi Trung,10.0916931,106.5448581,111,Unhealthy for Sensitive Groups,2,25.7,93,0.0,3.3,209,1008.2,95,51.3,53.1,186.0,30.0,17.0,6.9
2025-04-25 04:00:00,2025,4,25,4,Vĩnh Long,Xã An Ngãi Trung,10.0916931,106.5448581,108,Unhealthy for Sensitive Groups,2,25.5,94,0.0,4.4,207,1008.4,2,55.8,57.6,161.0,30.1,17.0,7.1
2025-04-25 05:00:00,2025,4,25,5,Vĩnh Long,Xã An Ngãi Trung,10.0916931,106.5448581,104,Unhealthy for Sensitive Groups,2,25.6,94,0.0,2.6,214,1008.9,0,65.9,68.0,163.0,29.3,20.0,8.1
2025-04-25 06:00:00,2025,4,25,6,Vĩnh Long,Xã An Ngãi Trung,10.0916931,106.5448581,102,Unhealthy for Sensitive Groups,2,25.9,93,0.0,1.1,261,1009.3,0,75.0,77.3,181.0,27.6,26.0,9.4
2025-04-25 07:00:00,2025,4,25,7,Vĩnh Long,Xã An Ngãi Trung,10.0916931,106.5448581,98,Moderate,1,27.8,84,0.0,0.5,270,1010.0,0,52.5,54.6,190.0,19.8,38.0,7.0
2025-04-25 08:00:00,2025,4,25,8,Vĩnh Long,Xã An Ngãi Trung,10.0916931,106.5448581,97,Moderate,1,30.4,70,0.0,7.9,201,1011.1,23,22.4,24.9,180.0,14.7,51.0,5.9
2025-04-25 09:00:00,2025,4,25,9,Vĩnh Long,Xã An Ngãi Trung,10.0916931,106.5448581,97,Moderate,1,32.1,59,0.0,6.3,204,1011.4,11,16.1,18.7,161.0,7.8,69.0,4.3
2025-04-25 10:00:00,2025,4,25,10,Vĩnh Long,Xã An Ngãi Trung,10.0916931,106.5448581,97,Moderate,1,33.5,54,0.0,5.2,184,1011.4,11,14.4,17.0,147.0,2.6,84.0,3.1
2025-04-25 11:00:00,2025,4,25,11,Vĩnh Long,Xã An Ngãi Trung,10.0916931,106.5448581,97,Moderate,1,34.7,50,0.0,4.6,167,1011.0,100,13.3,15.7,142.0,1.0,93.0,2.7
2025-04-25 12:00:00,2025,4,25,12,Vĩnh Long,Xã An Ngãi Trung,10.0916931,106.5448581,97,Moderate,1,34.3,51,0.0,6.6,147,1010.1,100,12.8,15.0,141.0,1.2,98.0,2.7
2025-04-25 13:00:00,2025,4,25,13,Vĩnh Long,Xã An Ngãi Trung,10.0916931,106.5448581,97,Moderate,1,31.0,63,0.6,10.0,128,1009.4,87,12.6,14.6,141.0,1.7,101.0,2.7
2025-04-25 14:00:00,2025,4,25,14,Vĩnh Long,Xã An Ngãi Trung,10.0916931,106.5448581,97,Moderate,1,33.2,55,0.0,6.3,165,1007.8,31,12.6,14.6,134.0,2.0,102.0,2.7
2025-04-25 15:00:00,2025,4,25,15,Vĩnh Long,Xã An Ngãi Trung,10.0916931,106.5448581,97,Moderate,1,32.0,59,0.6,11.6,158,1007.1,82,12.6,14.2,127.0,2.6,100.0,2.8
2025-04-25 16:00:00,2025,4,25,16,Vĩnh Long,Xã An Ngãi Trung,10.0916931,106.5448581,97,Moderate,1,31.2,64,0.7,9.6,175,1006.7,39,14.3,15.5,142.0,4.0,96.0,3.0
2025-04-25 17:00:00,2025,4,25,17,Vĩnh Long,Xã An Ngãi Trung,10.0916931,106.5448581,97,Moderate,1,30.3,66,0.1,9.2,186,1006.8,45,14.8,16.6,204.0,6.2,88.0,3.4
2025-04-25 18:00:00,2025,4,25,18,Vĩnh Long,Xã An Ngãi Trung,10.0916931,106.5448581,98,Moderate,1,29.5,69,0.0,5.6,165,1007.6,24,17.3,19.6,286.0,9.1,76.0,4.0
2025-04-25 19:00:00,2025,4,25,19,Vĩnh Long,Xã An Ngãi Trung,10.0916931,106.5448581,98,Moderate,1,28.9,74,0.0,8.5,126,1008.0,4,21.8,24.6,332.0,11.3,67.0,4.3
2025-04-25 20:00:00,2025,4,25,20,Vĩnh Long,Xã An Ngãi Trung,10.0916931,106.5448581,97,Moderate,1,29.0,76,0.0,7.4,180,1009.1,20,23.7,26.4,303.0,12.5,63.0,4.6
2025-04-25 21:00:00,2025,4,25,21,Vĩnh Long,Xã An Ngãi Trung,10.0916931,106.5448581,96,Moderate,1,28.6,79,0.0,8.9,161,1009.6,7,26.2,28.7,237.0,14.1,57.0,4.9
2025-04-25 22:00:00,2025,4,25,22,Vĩnh Long,Xã An Ngãi Trung,10.0916931,106.5448581,94,Moderate,1,28.1,81,0.0,7.5,169,1010.4,4,28.7,31.2,188.0,15.4,52.0,5.1
2025-04-25 23:00:00,2025,4,25,23,Vĩnh Long,Xã An Ngãi Trung,10.0916931,106.5448581,93,Moderate,1,27.6,85,0.0,3.9,143,1010.9,18,29.9,32.4,179.0,16.1,50.0,4.9
2025-04-26 00:00:00,2025,4,26,0,Vĩnh Long,Xã An Ngãi Trung,10.0916931,106.5448581,91,Moderate,1,27.6,85,0.0,4.8,153,1010.1,6,30.5,32.9,187.0,16.5,49.0,4.5
2025-04-26 01:00:00,2025,4,26,1,Vĩnh Long,Xã An Ngãi Trung,10.0916931,106.5448581,89,Moderate,1,27.4,87,0.0,6.7,182,1009.1,3,32.0,34.5,191.0,17.1,48.0,4.2
2025-04-26 02:00:00,2025,4,26,2,Vĩnh Long,Xã An Ngãi Trung,10.0916931,106.5448581,87,Moderate,1,26.9,90,0.0,4.5,185,1008.6,5,34.3,36.8,182.0,18.5,45.0,4.1
2025-04-26 03:00:00,2025,4,26,3,Vĩnh Long,Xã An Ngãi Trung,10.0916931,106.5448581,86,Moderate,1,26.6,91,0.0,4.6,162,1008.0,4,37.7,40.0,169.0,20.1,42.0,4.1
2025-04-26 04:00:00,2025,4,26,4,Vĩnh Long,Xã An Ngãi Trung,10.0916931,106.5448581,85,Moderate,1,26.5,92,0.0,3.9,158,1008.0,5,39.1,41.4,163.0,20.9,41.0,4.3
2025-04-26 05:00:00,2025,4,26,5,Vĩnh Long,Xã An Ngãi Trung,10.0916931,106.5448581,83,Moderate,1,26.5,91,0.0,1.6,180,1009.0,78,39.3,41.6,170.0,20.7,43.0,4.8
2025-04-26 06:00:00,2025,4,26,6,Vĩnh Long,Xã An Ngãi Trung,10.0916931,106.5448581,81,Moderate,1,26.5,93,0.0,3.6,186,1009.6,22,48.8,51.1,184.0,19.6,46.0,5.5
2025-04-26 07:00:00,2025,4,26,7,Vĩnh Long,Xã An Ngãi Trung,10.0916931,106.5448581,78,Moderate,1,28.6,81,0.0,7.3,163,1010.2,18,38.3,41.2,189.0,16.4,53.0,5.1
2025-04-26 08:00:00,2025,4,26,8,Vĩnh Long,Xã An Ngãi Trung,10.0916931,106.5448581,77,Moderate,1,31.2,61,0.0,11.3,151,1010.7,13,15.9,19.0,177.0,12.1,63.0,4.2
2025-04-26 09:00:00,2025,4,26,9,Vĩnh Long,Xã An Ngãi Trung,10.0916931,106.5448581,77,Moderate,1,32.5,54,0.0,10.4,143,1011.2,11,12.4,15.5,158.0,6.2,77.0,2.9
2025-04-26 10:00:00,2025,4,26,10,Vĩnh Long,Xã An Ngãi Trung,10.0916931,106.5448581,76,Moderate,1,33.5,51,0.0,10.9,129,1010.6,88,11.3,14.4,143.0,1.9,88.0,2.0
2025-04-26 11:00:00,2025,4,26,11,Vĩnh Long,Xã An Ngãi Trung,10.0916931,106.5448581,76,Moderate,1,34.0,49,0.0,12.2,123,1010.6,66,11.5,14.7,139.0,0.6,93.0,1.7
2025-04-26 12:00:00,2025,4,26,12,Vĩnh Long,Xã An Ngãi Trung,10.0916931,106.5448581,76,Moderate,1,33.6,51,0.0,12.5,118,1009.8,56,11.3,14.4,139.0,0.8,94.0,1.6
2025-04-26 13:00:00,2025,4,26,13,Vĩnh Long,Xã An Ngãi Trung,10.0916931,106.5448581,76,Moderate,1,33.5,52,0.0,12.7,128,1009.0,67,11.5,14.6,140.0,1.4,94.0,1.7
2025-04-26 14:00:00,2025,4,26,14,Vĩnh Long,Xã An Ngãi Trung,10.0916931,106.5448581,76,Moderate,1,33.6,51,0.0,13.5,131,1007.6,80,11.6,14.8,137.0,1.5,93.0,1.7
2025-04-26 15:00:00,2025,4,26,15,Vĩnh Long,Xã An Ngãi Trung,10.0916931,106.5448581,75,Moderate,1,32.5,55,0.0,16.0,137,1007.0,95,11.6,14.5,133.0,2.0,90.0,1.7
2025-04-26 16:00:00,2025,4,26,16,Vĩnh Long,Xã An Ngãi Trung,10.0916931,106.5448581,75,Moderate,1,31.5,60,0.0,13.7,148,1007.3,96,13.6,16.1,138.0,3.8,85.0,2.2
2025-04-26 17:00:00,2025,4,26,17,Vĩnh Long,Xã An Ngãi Trung,10.0916931,106.5448581,75,Moderate,1,30.6,63,0.2,11.8,160,1007.6,92,13.9,16.7,158.0,8.2,77.0,3.4
2025-04-26 18:00:00,2025,4,26,18,Vĩnh Long,Xã An Ngãi Trung,10.0916931,106.5448581,75,Moderate,1,29.5,68,0.2,6.9,150,1008.5,30,21.8,24.6,186.0,14.0,66.0,4.9
2025-04-26 19:00:00,2025,4,26,19,Vĩnh Long,Xã An Ngãi Trung,10.0916931,106.5448581,76,Moderate,1,28.5,75,0.0,6.3,153,1009.2,16,31.1,34.1,207.0,16.4,62.0,5.9
2025-04-26 20:00:00,2025,4,26,20,Vĩnh Long,Xã An Ngãi Trung,10.0916931,106.5448581,76,Moderate,1,26.2,91,0.9,8.4,335,1010.4,39,46.0,48.8,218.0,20.3,56.0,7.3
2025-04-26 21:00:00,2025,4,26,21,Vĩnh Long,Xã An Ngãi Trung,10.0916931,106.5448581,78,Moderate,1,25.0,93,0.2,11.0,72,1011.5,82,50.4,53.2,222.0,25.8,48.0,9.3
2025-04-26 22:00:00,2025,4,26,22,Vĩnh Long,Xã An Ngãi Trung,10.0916931,106.5448581,81,Moderate,1,24.8,93,0.1,7.8,71,1011.8,38,54.2,57.0,218.0,29.7,41.0,10.5
2025-04-26 23:00:00,2025,4,26,23,Vĩnh Long,Xã An Ngãi Trung,10.0916931,106.5448581,83,Moderate,1,24.8,96,0.0,7.4,41,1012.1,11,57.2,60.1,202.0,30.8,38.0,10.4
2025-04-27 00:00:00,2025,4,27,0,Vĩnh Long,Xã An Ngãi Trung,10.0916931,106.5448581,85,Moderate,1,24.6,98,0.0,6.4,45,1011.4,5,56.7,59.6,178.0,30.5,36.0,9.6
2025-04-27 01:00:00,2025,4,27,1,Vĩnh Long,Xã An Ngãi Trung,10.0916931,106.5448581,88,Moderate,1,24.5,99,0.0,3.3,54,1010.8,6,58.0,61.0,160.0,29.8,35.0,8.8
2025-04-27 02:00:00,2025,4,27,2,Vĩnh Long,Xã An Ngãi Trung,10.0916931,106.5448581,90,Moderate,1,24.6,96,0.0,4.5,14,1010.3,5,53.7,56.5,151.0,29.2,35.0,8.1
2025-04-27 03:00:00,2025,4,27,3,Vĩnh Long,Xã An Ngãi Trung,10.0916931,106.5448581,92,Moderate,1,24.5,96,0.0,2.8,15,1009.7,14,50.9,53.7,148.0,28.3,36.0,7.5
2025-04-27 04:00:00,2025,4,27,4,Vĩnh Long,Xã An Ngãi Trung,10.0916931,106.5448581,93,Moderate,1,24.5,97,0.0,1.9,326,1009.9,5,52.9,55.8,152.0,27.0,38.0,7.1
2025-04-27 05:00:00,2025,4,27,5,Vĩnh Long,Xã An Ngãi Trung,10.0916931,106.5448581,94,Moderate,1,24.4,97,0.0,2.8,345,1010.4,13,58.9,61.9,169.0,25.7,42.0,7.5
2025-04-27 06:00:00,2025,4,27,6,Vĩnh Long,Xã An Ngãi Trung,10.0916931,106.5448581,96,Moderate,1,24.6,96,0.0,5.8,7,1010.8,18,67.3,70.5,193.0,24.1,47.0,8.2
2025-04-27 07:00:00,2025,4,27,7,Vĩnh Long,Xã An Ngãi Trung,10.0916931,106.5448581,97,Moderate,1,26.5,89,0.0,5.8,39,1011.0,15,32.6,35.4,204.0,13.4,58.0,5.2
2025-04-27 08:00:00,2025,4,27,8,Vĩnh Long,Xã An Ngãi Trung,10.0916931,106.5448581,97,Moderate,1,29.1,74,0.0,8.2,80,1012.0,17,20.7,24.0,190.0,10.1,66.0,4.3
2025-04-27 09:00:00,2025,4,27,9,Vĩnh Long,Xã An Ngãi Trung,10.0916931,106.5448581,97,Moderate,1,30.8,64,0.0,9.6,98,1011.9,15,15.0,18.0,164.0,5.5,76.0,3.0
2025-04-27 10:00:00,2025,4,27,10,Vĩnh Long,Xã An Ngãi Trung,10.0916931,106.5448581,97,Moderate,1,32.0,59,0.1,12.8,107,1011.5,39,11.5,14.2,143.0,2.1,84.0,2.0
2025-04-27 11:00:00,2025,4,27,11,Vĩnh Long,Xã An Ngãi Trung,10.0916931,106.5448581,98,Moderate,1,32.8,55,0.0,14.9,105,1011.1,99,10.2,12.8,135.0,1.0,87.0,1.6
2025-04-27 12:00:00,2025,4,27,12,Vĩnh Long,Xã An Ngãi Trung,10.0916931,106.5448581,97,Moderate,1,33.2,53,0.0,16.1,106,1010.1,100,9.7,12.4,133.0,1.1,88.0,1.4
2025-04-27 13:00:00,2025,4,27,13,Vĩnh Long,Xã An Ngãi Trung,10.0916931,106.5448581,97,Moderate,1,33.1,53,0.0,16.3,110,1008.9,100,9.3,11.9,132.0,1.4,87.0,1.3
2025-04-27 14:00:00,2025,4,27,14,Vĩnh Long,Xã An Ngãi Trung,10.0916931,106.5448581,97,Moderate,1,32.8,53,0.0,16.2,114,1007.8,100,9.2,11.9,130.0,1.1,86.0,1.1
2025-04-27 15:00:00,2025,4,27,15,Vĩnh Long,Xã An Ngãi Trung,10.0916931,106.5448581,97,Moderate,1,32.5,55,0.0,15.6,113,1007.0,100,9.9,12.9,129.0,1.0,83.0,1.1
2025-04-27 16:00:00,2025,4,27,16,Vĩnh Long,Xã An Ngãi Trung,10.0916931,106.5448581,97,Moderate,1,31.5,59,0.0,14.8,112,1006.6,91,9.3,12.1,132.0,2.0,79.0,1.3
2025-04-27 17:00:00,2025,4,27,17,Vĩnh Long,Xã An Ngãi Trung,10.0916931,106.5448581,96,Moderate,1,30.3,63,0.0,13.6,112,1006.6,0,10.3,13.0,139.0,5.1,71.0,2.1
2025-04-27 18:00:00,2025,4,27,18,Vĩnh Long,Xã An Ngãi Trung,10.0916931,106.5448581,96,Moderate,1,28.9,73,0.0,10.8,108,1007.1,2,14.7,17.3,151.0,9.5,62.0,3.2
2025-04-27 19:00:00,2025,4,27,19,Vĩnh Long,Xã An Ngãi Trung,10.0916931,106.5448581,95,Moderate,1,28.1,78,0.0,7.2,109,1007.9,2,21.8,24.7,171.0,11.5,55.0,3.8
2025-04-27 20:00:00,2025,4,27,20,Vĩnh Long,Xã An Ngãi Trung,10.0916931,106.5448581,95,Moderate,1,28.3,80,0.0,8.8,116,1008.4,0,24.7,27.6,210.0,12.7,53.0,4.2
2025-04-27 21:00:00,2025,4,27,21,Vĩnh Long,Xã An Ngãi Trung,10.0916931,106.5448581,93,Moderate,1,27.9,82,0.0,7.3,120,1008.9,0,27.3,30.0,258.0,14.4,50.0,4.8
2025-04-27 22:00:00,2025,4,27,22,Vĩnh Long,Xã An Ngãi Trung,10.0916931,106.5448581,91,Moderate,1,27.3,85,0.0,5.4,120,1009.5,0,29.6,32.4,283.0,15.6,47.0,5.1
2025-04-27 23:00:00,2025,4,27,23,Vĩnh Long,Xã An Ngãi Trung,10.0916931,106.5448581,88,Moderate,1,26.9,88,0.0,5.4,104,1010.0,1,30.2,32.8,266.0,15.9,45.0,4.8
2025-04-28 00:00:00,2025,4,28,0,Vĩnh Long,Xã An Ngãi Trung,10.0916931,106.5448581,86,Moderate,1,26.9,88,0.0,5.9,113,1009.8,7,30.0,32.6,226.0,15.8,44.0,4.2
2025-04-28 01:00:00,2025,4,28,1,Vĩnh Long,Xã An Ngãi Trung,10.0916931,106.5448581,84,Moderate,1,26.9,88,0.0,6.9,129,1009.1,54,31.0,33.5,193.0,16.0,43.0,3.8
2025-04-28 02:00:00,2025,4,28,2,Vĩnh Long,Xã An Ngãi Trung,10.0916931,106.5448581,81,Moderate,1,26.6,89,0.0,6.6,131,1008.8,89,32.8,35.4,175.0,17.4,40.0,3.8
2025-04-28 03:00:00,2025,4,28,3,Vĩnh Long,Xã An Ngãi Trung,10.0916931,106.5448581,79,Moderate,1,26.4,90,0.0,5.2,117,1008.4,18,36.2,38.8,163.0,19.2,37.0,3.9
2025-04-28 04:00:00,2025,4,28,4,Vĩnh Long,Xã An Ngãi Trung,10.0916931,106.5448581,78,Moderate,1,26.3,90,0.0,5.0,109,1008.5,12,39.1,41.8,162.0,19.7,37.0,4.1
2025-04-28 05:00:00,2025,4,28,5,Vĩnh Long,Xã An Ngãi Trung,10.0916931,106.5448581,77,Moderate,1,26.2,90,0.0,5.1,107,1009.0,16,41.2,43.9,184.0,18.2,41.0,4.4
2025-04-28 06:00:00,2025,4,28,6,Vĩnh Long,Xã An Ngãi Trung,10.0916931,106.5448581,75,Moderate,1,26.7,88,0.0,5.2,112,1009.6,87,42.6,45.3,217.0,15.5,47.0,4.6
2025-04-28 07:00:00,2025,4,28,7,Vĩnh Long,Xã An Ngãi Trung,10.0916931,106.5448581,73,Moderate,1,29.0,73,0.0,11.2,108,1009.9,55,31.0,34.5,233.0,10.4,57.0,3.7
2025-04-28 08:00:00,2025,4,28,8,Vĩnh Long,Xã An Ngãi Trung,10.0916931,106.5448581,73,Moderate,1,30.8,59,0.0,14.7,101,1010.5,17,19.5,23.5,213.0,7.8,67.0,3.1
2025-04-28 09:00:00,2025,4,28,9,Vĩnh Long,Xã An Ngãi Trung,10.0916931,106.5448581,73,Moderate,1,31.6,56,0.1,15.3,99,1011.0,48,17.3,21.4,176.0,4.3,82.0,2.2
2025-04-28 10:00:00,2025,4,28,10,Vĩnh Long,Xã An Ngãi Trung,10.0916931,106.5448581,73,Moderate,1,32.7,52,0.1,15.7,99,1010.7,97,16.6,20.5,148.0,1.7,93.0,1.5
2025-04-28 11:00:00,2025,4,28,11,Vĩnh Long,Xã An Ngãi Trung,10.0916931,106.5448581,74,Moderate,1,33.2,50,0.0,16.8,96,1010.1,85,16.8,20.7,141.0,0.9,98.0,1.2
2025-04-28 12:00:00,2025,4,28,12,Vĩnh Long,Xã An Ngãi Trung,10.0916931,106.5448581,74,Moderate,1,33.5,48,0.0,17.0,95,1009.4,100,16.6,20.5,143.0,1.0,100.0,1.2
2025-04-28 13:00:00,2025,4,28,13,Vĩnh Long,Xã An Ngãi Trung,10.0916931,106.5448581,75,Moderate,1,33.4,50,0.1,17.2,100,1008.4,100,16.2,20.0,146.0,1.3,100.0,1.2
2025-04-28 14:00:00,2025,4,28,14,Vĩnh Long,Xã An Ngãi Trung,10.0916931,106.5448581,75,Moderate,1,33.2,50,0.0,16.8,105,1007.5,100,15.8,19.6,145.0,1.2,100.0,1.1
2025-04-28 15:00:00,2025,4,28,15,Vĩnh Long,Xã An Ngãi Trung,10.0916931,106.5448581,76,Moderate,1,32.8,52,0.0,16.3,110,1006.9,63,15.7,19.4,145.0,1.2,98.0,1.0
2025-04-28 16:00:00,2025,4,28,16,Vĩnh Long,Xã An Ngãi Trung,10.0916931,106.5448581,76,Moderate,1,31.6,58,0.0,16.0,111,1006.4,44,16.0,19.8,148.0,2.1,94.0,1.2
2025-04-28 17:00:00,2025,4,28,17,Vĩnh Long,Xã An Ngãi Trung,10.0916931,106.5448581,77,Moderate,1,30.5,65,0.0,14.7,113,1006.1,12,17.5,21.2,158.0,4.7,86.0,1.9
2025-04-28 18:00:00,2025,4,28,18,Vĩnh Long,Xã An Ngãi Trung,10.0916931,106.5448581,78,Moderate,1,29.1,74,0.0,11.8,118,1006.1,47,20.8,24.4,172.0,8.2,76.0,2.8
2025-04-28 19:00:00,2025,4,28,19,Vĩnh Long,Xã An Ngãi Trung,10.0916931,106.5448581,78,Moderate,1,28.3,78,0.0,8.2,119,1006.7,69,24.2,27.3,184.0,9.6,66.0,3.3
2025-04-28 20:00:00,2025,4,28,20,Vĩnh Long,Xã An Ngãi Trung,10.0916931,106.5448581,78,Moderate,1,28.6,80,0.0,10.3,133,1007.3,94,25.8,28.9,193.0,9.9,65.0,3.5
2025-04-28 21:00:00,2025,4,28,21,Vĩnh Long,Xã An Ngãi Trung,10.0916931,106.5448581,79,Moderate,1,28.3,82,0.0,9.6,123,1008.4,100,27.6,30.9,201.0,10.4,63.0,3.8
2025-04-28 22:00:00,2025,4,28,22,Vĩnh Long,Xã An Ngãi Trung,10.0916931,106.5448581,79,Moderate,1,28.0,82,0.0,8.5,119,1009.4,100,30.3,33.6,204.0,12.2,60.0,4.1
2025-04-28 23:00:00,2025,4,28,23,Vĩnh Long,Xã An Ngãi Trung,10.0916931,106.5448581,79,Moderate,1,27.7,84,0.0,8.3,131,1009.7,100,34.0,37.4,200.0,15.9,55.0,4.5
2025-04-29 00:00:00,2025,4,29,0,Vĩnh Long,Xã An Ngãi Trung,10.0916931,106.5448581,79,Moderate,1,27.2,85,0.0,6.7,124,1009.5,95,41.7,45.4,192.0,20.9,48.0,4.9
2025-04-29 01:00:00,2025,4,29,1,Vĩnh Long,Xã An Ngãi Trung,10.0916931,106.5448581,80,Moderate,1,26.8,87,0.0,5.0,116,1009.1,24,55.5,59.6,186.0,25.8,42.0,5.5
2025-04-29 02:00:00,2025,4,29,2,Vĩnh Long,Xã An Ngãi Trung,10.0916931,106.5448581,82,Moderate,1,26.6,87,0.0,4.3,132,1008.8,27,73.3,77.8,182.0,31.3,35.0,6.6
2025-04-29 03:00:00,2025,4,29,3,Vĩnh Long,Xã An Ngãi Trung,10.0916931,106.5448581,86,Moderate,1,26.3,89,0.0,4.4,148,1008.1,33,88.5,93.1,180.0,36.7,29.0,7.8
2025-04-29 04:00:00,2025,4,29,4,Vĩnh Long,Xã An Ngãi Trung,10.0916931,106.5448581,90,Moderate,1,26.1,90,0.0,2.1,105,1008.1,67,96.2,100.6,184.0,39.2,27.0,8.4
2025-04-29 05:00:00,2025,4,29,5,Vĩnh Long,Xã An Ngãi Trung,10.0916931,106.5448581,95,Moderate,1,26.0,91,0.0,1.2,51,1008.4,100,106.9,111.5,202.0,37.2,30.0,8.1
2025-04-29 06:00:00,2025,4,29,6,Vĩnh Long,Xã An Ngãi Trung,10.0916931,106.5448581,102,Unhealthy for Sensitive Groups,2,25.9,92,0.0,0.8,27,1008.6,100,121.1,125.3,226.0,32.3,38.0,7.1
2025-04-29 07:00:00,2025,4,29,7,Vĩnh Long,Xã An Ngãi Trung,10.0916931,106.5448581,110,Unhealthy for Sensitive Groups,2,28.0,81,0.0,1.9,22,1009.0,100,52.0,56.1,235.0,18.0,55.0,6.1
2025-04-29 08:00:00,2025,4,29,8,Vĩnh Long,Xã An Ngãi Trung,10.0916931,106.5448581,112,Unhealthy for Sensitive Groups,2,31.0,58,0.0,10.1,101,1010.0,79,22.2,27.2,213.0,13.3,66.0,4.9
2025-04-29 09:00:00,2025,4,29,9,Vĩnh Long,Xã An Ngãi Trung,10.0916931,106.5448581,112,Unhealthy for Sensitive Groups,2,32.1,52,0.0,12.8,101,1010.5,85,18.1,22.9,177.0,6.8,81.0,3.3
2025-04-29 10:00:00,2025,4,29,10,Vĩnh Long,Xã An Ngãi Trung,10.0916931,106.5448581,112,Unhealthy for Sensitive Groups,2,32.5,51,0.0,13.8,97,1010.5,84,16.3,20.7,149.0,2.0,93.0,2.1
2025-04-29 11:00:00,2025,4,29,11,Vĩnh Long,Xã An Ngãi Trung,10.0916931,106.5448581,112,Unhealthy for Sensitive Groups,2,32.7,52,0.1,15.1,99,1010.3,100,14.8,19.0,142.0,0.6,99.0,1.6
2025-04-29 12:00:00,2025,4,29,12,Vĩnh Long,Xã An Ngãi Trung,10.0916931,106.5448581,112,Unhealthy for Sensitive Groups,2,33.0,51,0.1,15.4,101,1009.7,100,13.8,17.8,143.0,0.9,101.0,1.4
2025-04-29 13:00:00,2025,4,29,13,Vĩnh Long,Xã An Ngãi Trung,10.0916931,106.5448581,112,Unhealthy for Sensitive Groups,2,33.0,53,0.2,14.7,101,1008.9,99,13.3,17.1,146.0,1.4,103.0,1.3
2025-04-29 14:00:00,2025,4,29,14,Vĩnh Long,Xã An Ngãi Trung,10.0916931,106.5448581,111,Unhealthy for Sensitive Groups,2,32.8,54,0.1,14.3,100,1007.7,49,13.4,17.1,147.0,1.4,106.0,1.3
2025-04-29 15:00:00,2025,4,29,15,Vĩnh Long,Xã An Ngãi Trung,10.0916931,106.5448581,111,Unhealthy for Sensitive Groups,2,32.5,55,0.0,14.5,104,1006.9,14,13.6,17.3,149.0,1.6,108.0,1.4
2025-04-29 16:00:00,2025,4,29,16,Vĩnh Long,Xã An Ngãi Trung,10.0916931,106.5448581,111,Unhealthy for Sensitive Groups,2,31.4,60,0.2,16.0,111,1006.7,70,13.9,17.6,152.0,2.3,107.0,1.6
2025-04-29 17:00:00,2025,4,29,17,Vĩnh Long,Xã An Ngãi Trung,10.0916931,106.5448581,111,Unhealthy for Sensitive Groups,2,29.9,63,0.0,15.7,118,1006.9,100,14.6,18.2,158.0,3.7,99.0,1.9
2025-04-29 18:00:00,2025,4,29,18,Vĩnh Long,Xã An Ngãi Trung,10.0916931,106.5448581,110,Unhealthy for Sensitive Groups,2,28.8,71,0.0,12.8,109,1007.4,100,16.9,20.3,164.0,5.6,87.0,2.3
2025-04-29 19:00:00,2025,4,29,19,Vĩnh Long,Xã An Ngãi Trung,10.0916931,106.5448581,110,Unhealthy for Sensitive Groups,2,28.4,77,0.0,12.8,116,1008.0,100,21.2,25.3,169.0,7.8,74.0,2.8
2025-04-29 20:00:00,2025,4,29,20,Vĩnh Long,Xã An Ngãi Trung,10.0916931,106.5448581,110,Unhealthy for Sensitive Groups,2,28.5,74,0.0,11.1,107,1008.5,100,19.4,23.2,170.0,7.8,74.0,2.9
2025-04-29 21:00:00,2025,4,29,21,Vĩnh Long,Xã An Ngãi Trung,10.0916931,106.5448581,109,Unhealthy for Sensitive Groups,2,28.4,76,0.0,13.1,99,1009.0,100,19.5,23.0,168.0,7.8,74.0,3.0
2025-04-29 22:00:00,2025,4,29,22,Vĩnh Long,Xã An Ngãi Trung,10.0916931,106.5448581,108,Unhealthy for Sensitive Groups,2,28.4,76,0.0,13.3,99,1009.0,100,19.2,22.6,165.0,7.7,73.0,3.0
2025-04-29 23:00:00,2025,4,29,23,Vĩnh Long,Xã An Ngãi Trung,10.0916931,106.5448581,107,Unhealthy for Sensitive Groups,2,28.1,79,0.0,13.3,106,1009.4,100,18.0,21.4,160.0,7.3,72.0,2.6
2025-04-30 00:00:00,2025,4,30,0,Vĩnh Long,Xã An Ngãi Trung,10.0916931,106.5448581,105,Unhealthy for Sensitive Groups,2,28.0,79,0.0,11.9,100,1009.3,100,17.1,20.5,153.0,6.9,71.0,2.1
2025-04-30 01:00:00,2025,4,30,1,Vĩnh Long,Xã An Ngãi Trung,10.0916931,106.5448581,103,Unhealthy for Sensitive Groups,2,27.8,79,0.0,11.7,101,1008.8,100,17.2,20.5,148.0,7.0,70.0,1.8
2025-04-30 02:00:00,2025,4,30,2,Vĩnh Long,Xã An Ngãi Trung,10.0916931,106.5448581,99,Moderate,1,27.7,77,0.0,11.5,104,1008.7,99,18.7,22.1,145.0,8.1,67.0,1.9
2025-04-30 03:00:00,2025,4,30,3,Vĩnh Long,Xã An Ngãi Trung,10.0916931,106.5448581,94,Moderate,1,27.5,78,0.0,10.6,109,1008.3,3,21.5,24.9,144.0,9.7,64.0,2.2
2025-04-30 04:00:00,2025,4,30,4,Vĩnh Long,Xã An Ngãi Trung,10.0916931,106.5448581,88,Moderate,1,27.1,80,0.0,9.9,109,1008.1,4,24.6,28.0,147.0,10.9,62.0,2.5
2025-04-30 05:00:00,2025,4,30,5,Vĩnh Long,Xã An Ngãi Trung,10.0916931,106.5448581,82,Moderate,1,27.0,80,0.0,9.4,108,1008.7,27,28.1,31.4,158.0,11.6,61.0,3.0
2025-04-30 06:00:00,2025,4,30,6,Vĩnh Long,Xã An Ngãi Trung,10.0916931,106.5448581,75,Moderate,1,27.3,79,0.0,11.5,104,1009.1,90,31.1,34.3,174.0,12.0,61.0,3.5
2025-04-30 07:00:00,2025,4,30,7,Vĩnh Long,Xã An Ngãi Trung,10.0916931,106.5448581,67,Moderate,1,29.0,68,0.0,15.2,100,1009.6,12,15.7,19.5,182.0,5.9,72.0,2.2
2025-04-30 08:00:00,2025,4,30,8,Vĩnh Long,Xã An Ngãi Trung,10.0916931,106.5448581,64,Moderate,1,30.2,60,0.0,18.9,92,1010.7,59,12.5,16.2,175.0,4.7,79.0,2.0
2025-04-30 09:00:00,2025,4,30,9,Vĩnh Long,Xã An Ngãi Trung,10.0916931,106.5448581,63,Moderate,1,31.6,51,0.0,19.1,86,1010.7,14,11.7,15.3,161.0,3.0,89.0,1.6
2025-04-30 10:00:00,2025,4,30,10,Vĩnh Long,Xã An Ngãi Trung,10.0916931,106.5448581,62,Moderate,1,32.7,48,0.0,18.6,87,1010.6,17,12.0,15.5,151.0,1.8,98.0,1.4
2025-04-30 11:00:00,2025,4,30,11,Vĩnh Long,Xã An Ngãi Trung,10.0916931,106.5448581,62,Moderate,1,33.0,47,0.0,19.1,88,1010.1,3,13.4,16.8,153.0,1.4,106.0,1.4
2025-04-30 12:00:00,2025,4,30,12,Vĩnh Long,Xã An Ngãi Trung,10.0916931,106.5448581,62,Moderate,1,34.0,43,0.0,16.6,91,1009.6,12,14.4,17.5,159.0,1.5,114.0,1.6
2025-04-30 13:00:00,2025,4,30,13,Vĩnh Long,Xã An Ngãi Trung,10.0916931,106.5448581,62,Moderate,1,34.2,42,0.0,16.0,98,1008.7,2,14.7,17.4,164.0,1.7,119.0,1.7
2025-04-30 14:00:00,2025,4,30,14,Vĩnh Long,Xã An Ngãi Trung,10.0916931,106.5448581,62,Moderate,1,34.0,44,0.0,15.5,102,1007.5,6,14.6,16.9,163.0,1.7,122.0,1.7
2025-04-30 15:00:00,2025,4,30,15,Vĩnh Long,Xã An Ngãi Trung,10.0916931,106.5448581,62,Moderate,1,33.7,45,0.0,15.7,103,1006.4,1,14.7,16.9,161.0,1.9,122.0,1.7
2025-04-30 16:00:00,2025,4,30,16,Vĩnh Long,Xã An Ngãi Trung,10.0916931,106.5448581,62,Moderate,1,32.2,53,0.0,18.2,104,1006.1,1,12.8,15.0,159.0,2.4,118.0,1.7
2025-04-30 17:00:00,2025,4,30,17,Vĩnh Long,Xã An Ngãi Trung,10.0916931,106.5448581,62,Moderate,1,30.9,63,0.0,17.7,107,1006.1,1,12.4,15.1,161.0,3.6,106.0,1.9
2025-04-30 18:00:00,2025,4,30,18,Vĩnh Long,Xã An Ngãi Trung,10.0916931,106.5448581,62,Moderate,1,29.5,68,0.0,16.2,103,1006.7,0,13.6,16.5,163.0,5.3,90.0,2.1
2025-04-30 19:00:00,2025,4,30,19,Vĩnh Long,Xã An Ngãi Trung,10.0916931,106.5448581,62,Moderate,1,29.0,76,0.0,13.9,103,1007.3,1,18.8,22.8,165.0,6.7,78.0,2.4
2025-04-30 20:00:00,2025,4,30,20,Vĩnh Long,Xã An Ngãi Trung,10.0916931,106.5448581,61,Moderate,1,29.1,78,0.1,11.4,101,1008.0,32,17.2,21.0,165.0,6.6,76.0,2.4
2025-04-30 21:00:00,2025,4,30,21,Vĩnh Long,Xã An Ngãi Trung,10.0916931,106.5448581,61,Moderate,1,28.9,80,0.0,11.4,105,1008.7,17,17.2,20.8,163.0,6.4,73.0,2.4
2025-04-30 22:00:00,2025,4,30,22,Vĩnh Long,Xã An Ngãi Trung,10.0916931,106.5448581,61,Moderate,1,28.7,80,0.0,12.5,101,1008.9,0,16.1,19.7,161.0,6.3,71.0,2.3
2025-04-30 23:00:00,2025,4,30,23,Vĩnh Long,Xã An Ngãi Trung,10.0916931,106.5448581,61,Moderate,1,28.8,78,0.0,11.4,103,1008.8,0,15.3,18.9,156.0,6.3,70.0,2.1
2025-05-01 00:00:00,2025,5,1,0,Vĩnh Long,Xã An Ngãi Trung,10.0916931,106.5448581,60,Moderate,1,28.5,80,0.0,11.5,101,1008.9,37,15.7,19.3,151.0,6.5,69.0,1.8
2025-05-01 01:00:00,2025,5,1,1,Vĩnh Long,Xã An Ngãi Trung,10.0916931,106.5448581,60,Moderate,1,28.5,80,0.0,13.2,101,1008.9,100,16.6,20.2,147.0,6.8,67.0,1.6
2025-05-01 02:00:00,2025,5,1,2,Vĩnh Long,Xã An Ngãi Trung,10.0916931,106.5448581,60,Moderate,1,28.4,79,0.0,13.9,96,1008.6,96,17.6,21.1,145.0,7.5,64.0,1.7
2025-05-01 03:00:00,2025,5,1,3,Vĩnh Long,Xã An Ngãi Trung,10.0916931,106.5448581,60,Moderate,1,28.1,79,0.0,12.6,94,1008.3,10,18.5,21.9,144.0,8.5,61.0,1.9
2025-05-01 04:00:00,2025,5,1,4,Vĩnh Long,Xã An Ngãi Trung,10.0916931,106.5448581,60,Moderate,1,28.1,79,0.0,11.6,95,1008.2,67,19.4,22.7,149.0,8.9,59.0,2.1
2025-05-01 05:00:00,2025,5,1,5,Vĩnh Long,Xã An Ngãi Trung,10.0916931,106.5448581,59,Moderate,1,28.0,80,0.0,11.3,91,1008.7,65,20.8,23.9,165.0,8.6,59.0,2.3
2025-05-01 06:00:00,2025,5,1,6,Vĩnh Long,Xã An Ngãi Trung,10.0916931,106.5448581,59,Moderate,1,28.1,79,0.0,12.1,86,1009.1,78,21.1,24.0,185.0,7.7,61.0,2.5
2025-05-01 07:00:00,2025,5,1,7,Vĩnh Long,Xã An Ngãi Trung,10.0916931,106.5448581,58,Moderate,1,29.4,72,0.1,18.4,87,1009.7,69,17.2,20.4,196.0,7.5,64.0,2.8
2025-05-01 08:00:00,2025,5,1,8,Vĩnh Long,Xã An Ngãi Trung,10.0916931,106.5448581,58,Moderate,1,30.5,65,0.0,20.4,85,1010.8,50,12.2,15.6,188.0,5.8,70.0,2.3
2025-05-01 09:00:00,2025,5,1,9,Vĩnh Long,Xã An Ngãi Trung,10.0916931,106.5448581,58,Moderate,1,31.5,61,0.0,21.4,88,1011.1,57,10.5,13.6,170.0,3.4,79.0,1.6
2025-05-01 10:00:00,2025,5,1,10,Vĩnh Long,Xã An Ngãi Trung,10.0916931,106.5448581,58,Moderate,1,31.2,64,0.1,22.1,96,1011.4,95,9.3,12.1,156.0,1.6,86.0,1.1
2025-05-01 11:00:00,2025,5,1,11,Vĩnh Long,Xã An Ngãi Trung,10.0916931,106.5448581,58,Moderate,1,30.3,69,5.0,15.7,93,1010.6,86,8.8,11.5,151.0,1.0,89.0,0.9
2025-05-01 12:00:00,2025,5,1,12,Vĩnh Long,Xã An Ngãi Trung,10.0916931,106.5448581,57,Moderate,1,31.6,62,0.1,20.3,73,1009.8,100,8.7,11.4,151.0,1.1,90.0,0.9
2025-05-01 13:00:00,2025,5,1,13,Vĩnh Long,Xã An Ngãi Trung,10.0916931,106.5448581,57,Moderate,1,31.6,62,0.1,21.6,80,1009.0,100,8.9,11.6,151.0,1.4,90.0,1.0
2025-05-01 14:00:00,2025,5,1,14,Vĩnh Long,Xã An Ngãi Trung,10.0916931,106.5448581,56,Moderate,1,31.4,65,1.6,19.7,85,1008.1,100,9.2,11.8,152.0,1.8,89.0,1.2
2025-05-01 15:00:00,2025,5,1,15,Vĩnh Long,Xã An Ngãi Trung,10.0916931,106.5448581,56,Moderate,1,30.5,69,1.3,19.3,93,1007.6,100,10.7,13.2,153.0,2.5,88.0,1.4
2025-05-01 16:00:00,2025,5,1,16,Vĩnh Long,Xã An Ngãi Trung,10.0916931,106.5448581,55,Moderate,1,30.4,69,0.1,17.3,94,1007.1,99,10.5,13.0,156.0,3.4,85.0,1.7
2025-05-01 17:00:00,2025,5,1,17,Vĩnh Long,Xã An Ngãi Trung,10.0916931,106.5448581,55,Moderate,1,29.2,74,0.0,17.1,111,1007.4,100,11.2,13.7,161.0,4.7,81.0,2.0
2025-05-01 18:00:00,2025,5,1,18,Vĩnh Long,Xã An Ngãi Trung,10.0916931,106.5448581,55,Moderate,1,28.5,77,0.0,15.3,106,1008.2,97,12.7,15.1,166.0,6.2,77.0,2.3
2025-05-01 19:00:00,2025,5,1,19,Vĩnh Long,Xã An Ngãi Trung,10.0916931,106.5448581,55,Moderate,1,28.4,78,0.0,13.9,100,1008.6,100,15.0,17.9,170.0,6.5,78.0,2.3
2025-05-01 20:00:00,2025,5,1,20,Vĩnh Long,Xã An Ngãi Trung,10.0916931,106.5448581,55,Moderate,1,28.6,78,0.0,15.5,110,1009.2,100,14.6,17.2,170.0,6.4,76.0,2.2
2025-05-01 21:00:00,2025,5,1,21,Vĩnh Long,Xã An Ngãi Trung,10.0916931,106.5448581,54,Moderate,1,28.5,78,0.0,16.8,106,1009.8,100,13.0,15.5,167.0,6.2,72.0,2.1
2025-05-01 22:00:00,2025,5,1,22,Vĩnh Long,Xã An Ngãi Trung,10.0916931,106.5448581,54,Moderate,1,28.4,78,0.0,17.9,100,1010.1,100,13.1,15.4,164.0,6.0,69.0,2.0
2025-05-01 23:00:00,2025,5,1,23,Vĩnh Long,Xã An Ngãi Trung,10.0916931,106.5448581,54,Moderate,1,28.1,81,0.0,16.2,102,1010.1,100,13.1,15.4,159.0,5.8,66.0,1.8
2025-05-02 00:00:00,2025,5,2,0,Vĩnh Long,Xã An Ngãi Trung,10.0916931,106.5448581,54,Moderate,1,27.9,82,0.0,14.4,99,1009.8,64,12.4,14.6,154.0,5.5,63.0,1.6
2025-05-02 01:00:00,2025,5,2,1,Vĩnh Long,Xã An Ngãi Trung,10.0916931,106.5448581,53,Moderate,1,27.5,84,0.2,14.2,102,1009.0,92,11.8,14.1,149.0,5.5,61.0,1.4
2025-05-02 02:00:00,2025,5,2,2,Vĩnh Long,Xã An Ngãi Trung,10.0916931,106.5448581,53,Moderate,1,27.2,83,0.3,13.1,108,1008.3,99,11.8,14.0,145.0,5.9,59.0,1.4
2025-05-02 03:00:00,2025,5,2,3,Vĩnh Long,Xã An Ngãi Trung,10.0916931,106.5448581,52,Moderate,1,24.6,95,6.5,9.7,106,1008.7,100,12.5,14.7,142.0,6.5,56.0,1.5
2025-05-02 04:00:00,2025,5,2,4,Vĩnh Long,Xã An Ngãi Trung,10.0916931,106.5448581,52,Moderate,1,25.2,94,0.4,8.4,101,1008.0,100,13.6,15.7,144.0,6.9,55.0,1.6
2025-05-02 05:00:00,2025,5,2,5,Vĩnh Long,Xã An Ngãi Trung,10.0916931,106.5448581,51,Moderate,1,24.8,96,1.8,9.1,115,1008.6,100,14.9,16.9,157.0,7.0,55.0,1.9
2025-05-02 06:00:00,2025,5,2,6,Vĩnh Long,Xã An Ngãi Trung,10.0916931,106.5448581,51,Moderate,1,25.4,93,0.2,9.9,99,1008.6,100,15.8,17.8,175.0,6.9,55.0,2.3
2025-05-02 07:00:00,2025,5,2,7,Vĩnh Long,Xã An Ngãi Trung,10.0916931,106.5448581,50,Good,0,26.5,87,0.1,10.2,97,1009.6,100,15.9,19.4,184.0,6.9,58.0,2.6
2025-05-02 08:00:00,2025,5,2,8,Vĩnh Long,Xã An Ngãi Trung,10.0916931,106.5448581,50,Good,0,28.1,79,0.1,12.3,102,1010.1,98,14.5,18.4,177.0,5.4,64.0,2.2
2025-05-02 09:00:00,2025,5,2,9,Vĩnh Long,Xã An Ngãi Trung,10.0916931,106.5448581,50,Good,0,30.1,69,0.1,16.1,97,1010.5,100,12.0,15.4,161.0,3.3,72.0,1.6
2025-05-02 10:00:00,2025,5,2,10,Vĩnh Long,Xã An Ngãi Trung,10.0916931,106.5448581,51,Moderate,1,30.0,70,0.2,17.7,99,1010.5,98,11.0,14.1,148.0,1.8,78.0,1.2
2025-05-02 11:00:00,2025,5,2,11,Vĩnh Long,Xã An Ngãi Trung,10.0916931,106.5448581,51,Moderate,1,30.5,69,0.1,17.0,113,1010.3,92,10.7,13.9,143.0,1.3,81.0,1.0
2025-05-02 12:00:00,2025,5,2,12,Vĩnh Long,Xã An Ngãi Trung,10.0916931,106.5448581,51,Moderate,1,31.2,65,0.0,16.5,114,1009.3,97,10.9,14.3,141.0,1.2,83.0,1.0
2025-05-02 13:00:00,2025,5,2,13,Vĩnh Long,Xã An Ngãi Trung,10.0916931,106.5448581,51,Moderate,1,31.5,64,0.1,18.5,115,1008.6,100,9.6,12.5,140.0,1.3,84.0,1.0
2025-05-02 14:00:00,2025,5,2,14,Vĩnh Long,Xã An Ngãi Trung,10.0916931,106.5448581,51,Moderate,1,31.4,64,0.1,19.9,119,1007.5,63,9.2,12.0,138.0,1.2,83.0,0.9
2025-05-02 15:00:00,2025,5,2,15,Vĩnh Long,Xã An Ngãi Trung,10.0916931,106.5448581,51,Moderate,1,30.9,65,0.0,19.7,115,1006.6,78,8.9,11.5,138.0,1.1,81.0,0.9
2025-05-02 16:00:00,2025,5,2,16,Vĩnh Long,Xã An Ngãi Trung,10.0916931,106.5448581,51,Moderate,1,30.5,65,0.1,18.8,112,1006.7,79,8.6,11.2,139.0,1.7,78.0,1.0
2025-05-02 17:00:00,2025,5,2,17,Vĩnh Long,Xã An Ngãi Trung,10.0916931,106.5448581,51,Moderate,1,29.3,72,0.1,16.5,112,1006.7,99,9.1,11.7,144.0,3.3,73.0,1.4
2025-05-02 18:00:00,2025,5,2,18,Vĩnh Long,Xã An Ngãi Trung,10.0916931,106.5448581,51,Moderate,1,28.8,73,0.0,13.6,112,1007.2,98,12.3,14.7,150.0,5.4,67.0,2.1
2025-05-02 19:00:00,2025,5,2,19,Vĩnh Long,Xã An Ngãi Trung,10.0916931,106.5448581,51,Moderate,1,28.2,77,0.0,10.8,120,1008.1,100,13.8,16.4,156.0,6.1,62.0,2.2
2025-05-02 20:00:00,2025,5,2,20,Vĩnh Long,Xã An Ngãi Trung,10.0916931,106.5448581,50,Good,0,27.8,81,0.0,10.4,113,1008.2,100,14.7,17.2,160.0,6.7,60.0,2.4
2025-05-02 21:00:00,2025,5,2,21,Vĩnh Long,Xã An Ngãi Trung,10.0916931,106.5448581,50,Good,0,27.8,80,0.0,9.9,115,1009.2,100,16.3,18.9,163.0,7.5,57.0,2.7
2025-05-02 22:00:00,2025,5,2,22,Vĩnh Long,Xã An Ngãi Trung,10.0916931,106.5448581,51,Moderate,1,27.6,81,0.0,9.7,117,1009.7,84,17.6,20.2,162.0,8.1,55.0,2.8
2025-05-02 23:00:00,2025,5,2,23,Vĩnh Long,Xã An Ngãi Trung,10.0916931,106.5448581,51,Moderate,1,27.1,83,0.0,7.5,107,1009.9,96,18.9,21.4,155.0,8.1,53.0,2.6
2025-05-03 00:00:00,2025,5,3,0,Vĩnh Long,Xã An Ngãi Trung,10.0916931,106.5448581,52,Moderate,1,26.6,86,0.2,9.5,119,1009.7,94,18.7,21.2,144.0,7.9,52.0,2.3
2025-05-03 01:00:00,2025,5,3,1,Vĩnh Long,Xã An Ngãi Trung,10.0916931,106.5448581,52,Moderate,1,26.1,89,0.1,7.7,115,1009.0,84,17.7,20.1,137.0,7.8,50.0,2.0
2025-05-03 02:00:00,2025,5,3,2,Vĩnh Long,Xã An Ngãi Trung,10.0916931,106.5448581,53,Moderate,1,25.8,91,0.0,5.0,120,1008.0,77,17.3,19.6,135.0,7.8,49.0,1.9
2025-05-03 03:00:00,2025,5,3,3,Vĩnh Long,Xã An Ngãi Trung,10.0916931,106.5448581,53,Moderate,1,25.4,93,0.0,3.9,127,1007.2,99,17.2,19.5,136.0,7.8,47.0,1.9
2025-05-03 04:00:00,2025,5,3,4,Vĩnh Long,Xã An Ngãi Trung,10.0916931,106.5448581,54,Moderate,1,25.8,91,0.0,1.8,114,1007.3,58,18.1,20.3,140.0,8.2,46.0,2.0
2025-05-03 05:00:00,2025,5,3,5,Vĩnh Long,Xã An Ngãi Trung,10.0916931,106.5448581,54,Moderate,1,25.5,91,0.3,1.4,130,1008.1,90,21.4,23.6,152.0,9.4,43.0,2.5
2025-05-03 06:00:00,2025,5,3,6,Vĩnh Long,Xã An Ngãi Trung,10.0916931,106.5448581,55,Moderate,1,24.5,97,2.2,12.5,96,1008.9,100,25.1,27.2,168.0,10.8,41.0,3.2
2025-05-03 07:00:00,2025,5,3,7,Vĩnh Long,Xã An Ngãi Trung,10.0916931,106.5448581,55,Moderate,1,24.7,94,0.8,9.6,98,1009.6,100,15.9,17.8,176.0,8.3,45.0,3.0
2025-05-03 08:00:00,2025,5,3,8,Vĩnh Long,Xã An Ngãi Trung,10.0916931,106.5448581,55,Moderate,1,27.0,83,0.2,15.0,111,1010.5,98,12.0,13.9,169.0,6.7,51.0,2.7
2025-05-03 09:00:00,2025,5,3,9,Vĩnh Long,Xã An Ngãi Trung,10.0916931,106.5448581,55,Moderate,1,28.0,77,0.2,13.4,116,1011.0,98,10.4,12.0,153.0,4.4,58.0,2.2
2025-05-03 10:00:00,2025,5,3,10,Vĩnh Long,Xã An Ngãi Trung,10.0916931,106.5448581,55,Moderate,1,30.1,68,0.1,15.3,93,1010.7,68,8.8,10.4,141.0,2.6,64.0,1.8
2025-05-03 11:00:00,2025,5,3,11,Vĩnh Long,Xã An Ngãi Trung,10.0916931,106.5448581,55,Moderate,1,29.8,68,0.1,14.2,103,1010.2,51,8.1,9.6,137.0,1.7,66.0,1.4
2025-05-03 12:00:00,2025,5,3,12,Vĩnh Long,Xã An Ngãi Trung,10.0916931,106.5448581,55,Moderate,1,30.2,68,0.1,13.7,104,1009.2,62,7.3,8.8,136.0,1.4,65.0,1.0
2025-05-03 13:00:00,2025,5,3,13,Vĩnh Long,Xã An Ngãi Trung,10.0916931,106.5448581,54,Moderate,1,30.9,64,0.0,16.3,103,1007.8,52,6.7,8.1,135.0,1.5,65.0,0.9
2025-05-03 14:00:00,2025,5,3,14,Vĩnh Long,Xã An Ngãi Trung,10.0916931,106.5448581,54,Moderate,1,31.4,63,0.0,15.8,109,1007.0,40,6.4,7.8,132.0,1.9,66.0,1.1
2025-05-03 15:00:00,2025,5,3,15,Vĩnh Long,Xã An Ngãi Trung,10.0916931,106.5448581,54,Moderate,1,30.7,64,0.0,15.1,115,1006.6,10,8.6,9.9,130.0,2.8,68.0,1.6
2025-05-03 16:00:00,2025,5,3,16,Vĩnh Long,Xã An Ngãi Trung,10.0916931,106.5448581,54,Moderate,1,30.5,62,0.1,15.2,121,1006.3,54,11.7,13.2,132.0,4.3,67.0,2.2
2025-05-03 17:00:00,2025,5,3,17,Vĩnh Long,Xã An Ngãi Trung,10.0916931,106.5448581,54,Moderate,1,29.0,72,0.2,14.0,116,1006.7,55,11.9,13.5,141.0,6.4,62.0,2.7
2025-05-03 18:00:00,2025,5,3,18,Vĩnh Long,Xã An Ngãi Trung,10.0916931,106.5448581,54,Moderate,1,28.2,75,0.0,10.1,119,1007.0,41,13.8,15.3,154.0,9.1,54.0,3.3
2025-05-03 19:00:00,2025,5,3,19,Vĩnh Long,Xã An Ngãi Trung,10.0916931,106.5448581,54,Moderate,1,27.7,80,0.0,7.2,112,1007.5,6,18.5,20.0,168.0,10.7,44.0,3.6
2025-05-03 20:00:00,2025,5,3,20,Vĩnh Long,Xã An Ngãi Trung,10.0916931,106.5448581,55,Moderate,1,27.4,82,0.0,3.2,133,1008.4,82,26.7,28.1,187.0,14.7,38.0,4.7
2025-05-03 21:00:00,2025,5,3,21,Vĩnh Long,Xã An Ngãi Trung,10.0916931,106.5448581,56,Moderate,1,27.1,84,0.0,2.2,132,1009.1,87,32.6,34.0,208.0,20.3,29.0,6.2
2025-05-03 22:00:00,2025,5,3,22,Vĩnh Long,Xã An Ngãi Trung,10.0916931,106.5448581,57,Moderate,1,27.0,84,0.0,3.4,106,1009.3,99,43.7,45.2,217.0,25.1,22.0,7.4
2025-05-03 23:00:00,2025,5,3,23,Vĩnh Long,Xã An Ngãi Trung,10.0916931,106.5448581,60,Moderate,1,26.9,85,0.1,4.3,107,1009.1,100,54.1,55.8,204.0,28.5,18.0,8.0
2025-05-04 00:00:00,2025,5,4,0,Vĩnh Long,Xã An Ngãi Trung,10.0916931,106.5448581,63,Moderate,1,26.5,87,0.0,4.0,117,1008.7,8,60.8,62.4,179.0,31.1,16.0,8.2
2025-05-04 01:00:00,2025,5,4,1,Vĩnh Long,Xã An Ngãi Trung,10.0916931,106.5448581,67,Moderate,1,26.4,87,0.0,1.9,112,1008.0,18,66.6,68.2,159.0,32.2,15.0,8.1
2025-05-04 02:00:00,2025,5,4,2,Vĩnh Long,Xã An Ngãi Trung,10.0916931,106.5448581,71,Moderate,1,26.1,87,0.0,1.8,101,1007.5,49,67.8,69.4,150.0,31.4,15.0,7.5
2025-05-04 03:00:00,2025,5,4,3,Vĩnh Long,Xã An Ngãi Trung,10.0916931,106.5448581,75,Moderate,1,25.9,89,0.0,1.5,54,1006.8,32,62.4,64.0,146.0,29.1,15.0,6.7
2025-05-04 04:00:00,2025,5,4,4,Vĩnh Long,Xã An Ngãi Trung,10.0916931,106.5448581,79,Moderate,1,25.4,92,0.0,3.4,90,1006.5,24,53.0,54.5,147.0,26.4,18.0,6.1
2025-05-04 05:00:00,2025,5,4,5,Vĩnh Long,Xã An Ngãi Trung,10.0916931,106.5448581,82,Moderate,1,25.2,93,0.0,3.2,117,1006.5,19,60.5,62.2,157.0,23.5,24.0,6.2
2025-05-04 06:00:00,2025,5,4,6,Vĩnh Long,Xã An Ngãi Trung,10.0916931,106.5448581,86,Moderate,1,25.5,93,0.0,4.9,144,1006.8,23,63.3,65.2,172.0,20.1,32.0,6.6
2025-05-04 07:00:00,2025,5,4,7,Vĩnh Long,Xã An Ngãi Trung,10.0916931,106.5448581,89,Moderate,1,27.6,83,0.0,4.1,165,1007.3,25,36.9,39.0,178.0,14.7,41.0,5.9
2025-05-04 08:00:00,2025,5,4,8,Vĩnh Long,Xã An Ngãi Trung,10.0916931,106.5448581,91,Moderate,1,29.6,71,0.1,7.7,147,1007.8,75,15.7,17.9,167.0,11.0,49.0,4.8
2025-05-04 09:00:00,2025,5,4,9,Vĩnh Long,Xã An Ngãi Trung,10.0916931,106.5448581,92,Moderate,1,31.4,62,0.0,10.8,142,1008.1,72,11.5,13.7,147.0,5.9,61.0,3.4
2025-05-04 10:00:00,2025,5,4,10,Vĩnh Long,Xã An Ngãi Trung,10.0916931,106.5448581,92,Moderate,1,32.5,57,0.0,11.7,144,1008.1,21,10.8,13.1,131.0,2.1,70.0,2.2
2025-05-04 11:00:00,2025,5,4,11,Vĩnh Long,Xã An Ngãi Trung,10.0916931,106.5448581,92,Moderate,1,32.8,55,0.1,12.9,143,1007.8,67,10.3,12.6,126.0,0.9,73.0,1.7
2025-05-04 12:00:00,2025,5,4,12,Vĩnh Long,Xã An Ngãi Trung,10.0916931,106.5448581,92,Moderate,1,33.1,55,0.2,10.9,146,1007.7,81,9.8,12.2,125.0,1.1,73.0,1.5
2025-05-04 13:00:00,2025,5,4,13,Vĩnh Long,Xã An Ngãi Trung,10.0916931,106.5448581,92,Moderate,1,33.4,55,0.1,11.5,139,1006.9,25,8.8,11.1,125.0,1.4,73.0,1.4
2025-05-04 14:00:00,2025,5,4,14,Vĩnh Long,Xã An Ngãi Trung,10.0916931,106.5448581,92,Moderate,1,33.1,54,0.0,15.4,142,1005.5,13,8.5,10.8,122.0,1.1,74.0,1.3
2025-05-04 15:00:00,2025,5,4,15,Vĩnh Long,Xã An Ngãi Trung,10.0916931,106.5448581,93,Moderate,1,32.3,55,0.0,15.6,140,1005.2,67,8.4,10.7,120.0,0.9,74.0,1.2
2025-05-04 16:00:00,2025,5,4,16,Vĩnh Long,Xã An Ngãi Trung,10.0916931,106.5448581,93,Moderate,1,31.5,58,0.0,13.4,144,1005.5,48,8.9,11.4,125.0,2.0,71.0,1.5
2025-05-04 17:00:00,2025,5,4,17,Vĩnh Long,Xã An Ngãi Trung,10.0916931,106.5448581,92,Moderate,1,30.5,62,0.0,11.5,138,1005.3,71,10.7,13.2,141.0,5.2,64.0,2.3
2025-05-04 18:00:00,2025,5,4,18,Vĩnh Long,Xã An Ngãi Trung,10.0916931,106.5448581,92,Moderate,1,29.4,68,0.0,8.2,123,1005.9,83,15.0,17.4,165.0,9.7,55.0,3.4
2025-05-04 19:00:00,2025,5,4,19,Vĩnh Long,Xã An Ngãi Trung,10.0916931,106.5448581,92,Moderate,1,28.5,74,0.0,5.4,150,1006.7,94,27.3,29.8,188.0,15.5,41.0,4.9
2025-05-04 20:00:00,2025,5,4,20,Vĩnh Long,Xã An Ngãi Trung,10.0916931,106.5448581,93,Moderate,1,28.0,78,0.0,3.8,155,1007.7,100,41.3,43.8,212.0,17.8,37.0,5.4
2025-05-04 21:00:00,2025,5,4,21,Vĩnh Long,Xã An Ngãi Trung,10.0916931,106.5448581,94,Moderate,1,27.8,82,0.0,1.4,180,1008.5,100,41.7,44.0,237.0,21.1,31.0,6.1
2025-05-04 22:00:00,2025,5,4,22,Vĩnh Long,Xã An Ngãi Trung,10.0916931,106.5448581,95,Moderate,1,27.3,84,0.0,3.4,186,1008.9,100,42.6,44.8,252.0,23.8,27.0,6.5
2025-05-04 23:00:00,2025,5,4,23,Vĩnh Long,Xã An Ngãi Trung,10.0916931,106.5448581,95,Moderate,1,27.0,87,0.0,3.7,191,1009.0,100,44.9,47.1,252.0,25.1,25.0,6.3
2025-05-05 00:00:00,2025,5,5,0,Vĩnh Long,Xã An Ngãi Trung,10.0916931,106.5448581,94,Moderate,1,26.8,89,0.0,1.5,240,1009.0,99,48.8,51.1,243.0,25.9,25.0,5.8
2025-05-05 01:00:00,2025,5,5,1,Vĩnh Long,Xã An Ngãi Trung,10.0916931,106.5448581,93,Moderate,1,26.5,90,0.0,0.9,169,1008.5,98,49.8,52.2,236.0,27.3,24.0,5.7
2025-05-05 02:00:00,2025,5,5,2,Vĩnh Long,Xã An Ngãi Trung,10.0916931,106.5448581,92,Moderate,1,26.4,91,0.0,1.1,90,1007.7,92,58.6,61.0,236.0,30.7,20.0,6.6
2025-05-05 03:00:00,2025,5,5,3,Vĩnh Long,Xã An Ngãi Trung,10.0916931,106.5448581,91,Moderate,1,26.2,91,0.0,1.2,207,1007.3,19,76.8,79.4,238.0,34.7,15.0,7.9
2025-05-05 04:00:00,2025,5,5,4,Vĩnh Long,Xã An Ngãi Trung,10.0916931,106.5448581,92,Moderate,1,26.0,91,0.0,1.8,127,1007.2,96,94.8,97.3,237.0,36.6,14.0,8.9
2025-05-05 05:00:00,2025,5,5,5,Vĩnh Long,Xã An Ngãi Trung,10.0916931,106.5448581,96,Moderate,1,26.0,91,0.0,3.3,139,1007.6,62,101.3,103.8,231.0,35.3,20.0,9.3
2025-05-05 06:00:00,2025,5,5,6,Vĩnh Long,Xã An Ngãi Trung,10.0916931,106.5448581,100,Moderate,1,26.3,89,0.0,4.9,126,1007.8,15,111.5,114.6,222.0,31.8,29.0,9.4
2025-05-05 07:00:00,2025,5,5,7,Vĩnh Long,Xã An Ngãi Trung,10.0916931,106.5448581,104,Unhealthy for Sensitive Groups,2,27.8,78,0.3,8.7,158,1008.6,55,49.6,51.8,209.0,18.5,47.0,6.3
2025-05-05 08:00:00,2025,5,5,8,Vĩnh Long,Xã An Ngãi Trung,10.0916931,106.5448581,106,Unhealthy for Sensitive Groups,2,30.2,66,0.1,9.7,165,1009.3,69,19.3,21.8,187.0,13.7,59.0,5.1
2025-05-05 09:00:00,2025,5,5,9,Vĩnh Long,Xã An Ngãi Trung,10.0916931,106.5448581,106,Unhealthy for Sensitive Groups,2,31.0,64,0.3,11.6,176,1009.6,85,12.7,15.2,160.0,7.0,75.0,3.5
2025-05-05 10:00:00,2025,5,5,10,Vĩnh Long,Xã An Ngãi Trung,10.0916931,106.5448581,106,Unhealthy for Sensitive Groups,2,31.9,60,0.2,11.0,152,1008.9,86,11.1,13.7,141.0,2.1,87.0,2.2
2025-05-05 11:00:00,2025,5,5,11,Vĩnh Long,Xã An Ngãi Trung,10.0916931,106.5448581,106,Unhealthy for Sensitive Groups,2,33.2,55,0.1,13.0,152,1008.5,36,9.7,12.0,135.0,0.7,92.0,1.7
2025-05-05 12:00:00,2025,5,5,12,Vĩnh Long,Xã An Ngãi Trung,10.0916931,106.5448581,106,Unhealthy for Sensitive Groups,2,33.2,55,0.1,14.4,152,1007.9,98,9.1,11.4,135.0,1.0,93.0,1.6
2025-05-05 13:00:00,2025,5,5,13,Vĩnh Long,Xã An Ngãi Trung,10.0916931,106.5448581,106,Unhealthy for Sensitive Groups,2,32.2,61,1.0,11.5,153,1007.0,96,9.0,11.3,136.0,1.5,93.0,1.6
2025-05-05 14:00:00,2025,5,5,14,Vĩnh Long,Xã An Ngãi Trung,10.0916931,106.5448581,106,Unhealthy for Sensitive Groups,2,32.9,57,0.0,13.3,147,1005.8,100,10.2,12.8,133.0,1.4,94.0,1.6
2025-05-05 15:00:00,2025,5,5,15,Vĩnh Long,Xã An Ngãi Trung,10.0916931,106.5448581,106,Unhealthy for Sensitive Groups,2,32.0,60,0.7,15.2,154,1004.8,91,9.3,11.5,131.0,1.5,95.0,1.6
2025-05-05 16:00:00,2025,5,5,16,Vĩnh Long,Xã An Ngãi Trung,10.0916931,106.5448581,106,Unhealthy for Sensitive Groups,2,31.5,61,0.1,14.7,165,1004.9,55,9.9,12.1,133.0,2.5,92.0,1.9
2025-05-05 17:00:00,2025,5,5,17,Vĩnh Long,Xã An Ngãi Trung,10.0916931,106.5448581,107,Unhealthy for Sensitive Groups,2,30.5,65,0.0,14.3,165,1005.4,10,10.2,12.5,142.0,4.7,85.0,2.4
2025-05-05 18:00:00,2025,5,5,18,Vĩnh Long,Xã An Ngãi Trung,10.0916931,106.5448581,107,Unhealthy for Sensitive Groups,2,29.2,71,0.0,12.2,161,1006.0,6,13.5,15.6,157.0,7.9,75.0,3.1
2025-05-05 19:00:00,2025,5,5,19,Vĩnh Long,Xã An Ngãi Trung,10.0916931,106.5448581,106,Unhealthy for Sensitive Groups,2,28.5,76,0.0,7.7,169,1007.0,4,22.7,25.1,173.0,12.3,63.0,4.1
2025-05-05 20:00:00,2025,5,5,20,Vĩnh Long,Xã An Ngãi Trung,10.0916931,106.5448581,106,Unhealthy for Sensitive Groups,2,28.5,78,0.0,7.2,168,1008.0,10,23.5,25.8,192.0,15.2,57.0,4.9
2025-05-05 21:00:00,2025,5,5,21,Vĩnh Long,Xã An Ngãi Trung,10.0916931,106.5448581,104,Unhealthy for Sensitive Groups,2,28.2,79,0.0,6.9,157,1008.4,3,30.4,32.6,213.0,19.2,49.0,6.0
2025-05-05 22:00:00,2025,5,5,22,Vĩnh Long,Xã An Ngãi Trung,10.0916931,106.5448581,103,Unhealthy for Sensitive Groups,2,27.9,80,0.0,5.0,182,1009.0,2,42.3,44.2,232.0,22.9,42.0,6.9
2025-05-05 23:00:00,2025,5,5,23,Vĩnh Long,Xã An Ngãi Trung,10.0916931,106.5448581,103,Unhealthy for Sensitive Groups,2,27.4,83,0.0,4.8,211,1008.9,100,49.8,51.6,247.0,25.6,37.0,7.2
2025-05-06 00:00:00,2025,5,6,0,Vĩnh Long,Xã An Ngãi Trung,10.0916931,106.5448581,103,Unhealthy for Sensitive Groups,2,27.0,86,0.0,5.2,211,1008.4,100,54.1,55.9,261.0,27.9,32.0,7.4
2025-05-06 01:00:00,2025,5,6,1,Vĩnh Long,Xã An Ngãi Trung,10.0916931,106.5448581,104,Unhealthy for Sensitive Groups,2,26.6,89,0.0,4.2,190,1007.5,89,55.9,57.6,278.0,30.7,28.0,7.7
2025-05-06 02:00:00,2025,5,6,2,Vĩnh Long,Xã An Ngãi Trung,10.0916931,106.5448581,105,Unhealthy for Sensitive Groups,2,26.5,91,0.0,4.2,190,1007.0,10,63.3,65.2,302.0,35.4,22.0,8.6
2025-05-06 03:00:00,2025,5,6,3,Vĩnh Long,Xã An Ngãi Trung,10.0916931,106.5448581,105,Unhealthy for Sensitive Groups,2,26.4,91,0.0,3.8,191,1006.7,18,74.3,76.4,329.0,40.5,17.0,9.6
2025-05-06 04:00:00,2025,5,6,4,Vĩnh Long,Xã An Ngãi Trung,10.0916931,106.5448581,105,Unhealthy for Sensitive Groups,2,26.3,92,0.0,4.5,182,1006.8,99,84.5,86.6,347.0,42.4,16.0,10.3
2025-05-06 05:00:00,2025,5,6,5,Vĩnh Long,Xã An Ngãi Trung,10.0916931,106.5448581,104,Unhealthy for Sensitive Groups,2,26.2,92,0.0,4.0,177,1007.3,93,92.7,94.8,354.0,39.1,23.0,10.5
2025-05-06 06:00:00,2025,5,6,6,Vĩnh Long,Xã An Ngãi Trung,10.0916931,106.5448581,103,Unhealthy for Sensitive Groups,2,26.9,89,0.0,3.8,169,1007.8,16,100.4,102.9,351.0,32.6,34.0,10.3
2025-05-06 07:00:00,2025,5,6,7,Vĩnh Long,Xã An Ngãi Trung,10.0916931,106.5448581,102,Unhealthy for Sensitive Groups,2,28.7,79,0.0,7.4,158,1008.1,26,37.0,38.5,331.0,16.5,62.0,5.5
2025-05-06 08:00:00,2025,5,6,8,Vĩnh Long,Xã An Ngãi Trung,10.0916931,106.5448581,100,Moderate,1,30.4,71,0.1,9.9,165,1009.4,54,17.4,19.0,278.0,12.3,73.0,4.7
2025-05-06 09:00:00,2025,5,6,9,Vĩnh Long,Xã An Ngãi Trung,10.0916931,106.5448581,100,Moderate,1,32.0,64,0.0,11.3,160,1009.7,37,13.2,15.0,208.0,6.6,89.0,3.5
2025-05-06 10:00:00,2025,5,6,10,Vĩnh Long,Xã An Ngãi Trung,10.0916931,106.5448581,100,Moderate,1,32.5,60,0.0,11.8,154,1009.4,90,11.2,12.9,158.0,2.3,101.0,2.6
2025-05-06 11:00:00,2025,5,6,11,Vĩnh Long,Xã An Ngãi Trung,10.0916931,106.5448581,100,Moderate,1,33.3,58,0.1,11.8,151,1008.8,42,9.7,11.3,147.0,1.0,105.0,2.2
2025-05-06 12:00:00,2025,5,6,12,Vĩnh Long,Xã An Ngãi Trung,10.0916931,106.5448581,100,Moderate,1,33.8,55,0.0,13.1,153,1007.9,100,9.3,10.7,155.0,1.2,104.0,2.0
2025-05-06 13:00:00,2025,5,6,13,Vĩnh Long,Xã An Ngãi Trung,10.0916931,106.5448581,100,Moderate,1,33.8,54,0.0,12.5,150,1006.7,96,8.8,10.2,163.0,1.7,103.0,1.9
2025-05-06 14:00:00,2025,5,6,14,Vĩnh Long,Xã An Ngãi Trung,10.0916931,106.5448581,100,Moderate,1,32.7,58,0.0,11.0,184,1006.0,91,8.8,10.1,160.0,1.9,103.0,1.9
2025-05-06 15:00:00,2025,5,6,15,Vĩnh Long,Xã An Ngãi Trung,10.0916931,106.5448581,100,Moderate,1,32.8,59,1.2,10.8,178,1005.0,33,9.6,10.9,158.0,2.3,102.0,2.1
2025-05-06 16:00:00,2025,5,6,16,Vĩnh Long,Xã An Ngãi Trung,10.0916931,106.5448581,100,Moderate,1,32.2,61,0.4,12.7,188,1004.8,53,10.6,12.0,166.0,3.6,99.0,2.5
2025-05-06 17:00:00,2025,5,6,17,Vĩnh Long,Xã An Ngãi Trung,10.0916931,106.5448581,100,Moderate,1,31.1,63,0.2,10.3,223,1005.2,55,11.3,12.7,196.0,6.1,91.0,3.1
2025-05-06 18:00:00,2025,5,6,18,Vĩnh Long,Xã An Ngãi Trung,10.0916931,106.5448581,100,Moderate,1,30.0,67,0.1,8.2,189,1005.1,28,14.7,16.1,236.0,9.5,81.0,4.0
2025-05-06 19:00:00,2025,5,6,19,Vĩnh Long,Xã An Ngãi Trung,10.0916931,106.5448581,100,Moderate,1,29.0,74,0.0,8.9,188,1006.2,2,26.7,28.2,269.0,15.4,68.0,5.6
2025-05-06 20:00:00,2025,5,6,20,Vĩnh Long,Xã An Ngãi Trung,10.0916931,106.5448581,101,Unhealthy for Sensitive Groups,2,28.4,87,0.0,6.4,254,1007.2,37,33.5,35.0,285.0,17.4,63.0,6.2
2025-05-06 21:00:00,2025,5,6,21,Vĩnh Long,Xã An Ngãi Trung,10.0916931,106.5448581,102,Unhealthy for Sensitive Groups,2,27.9,91,0.0,5.0,289,1008.1,7,38.3,39.7,293.0,20.3,55.0,7.1
2025-05-06 22:00:00,2025,5,6,22,Vĩnh Long,Xã An Ngãi Trung,10.0916931,106.5448581,103,Unhealthy for Sensitive Groups,2,27.4,92,0.0,3.6,264,1008.1,1,42.0,43.4,301.0,23.0,48.0,7.6
2025-05-06 23:00:00,2025,5,6,23,Vĩnh Long,Xã An Ngãi Trung,10.0916931,106.5448581,103,Unhealthy for Sensitive Groups,2,27.0,94,0.0,3.4,227,1008.2,60,45.1,46.6,314.0,25.2,43.0,7.6
2025-05-07 00:00:00,2025,5,7,0,Vĩnh Long,Xã An Ngãi Trung,10.0916931,106.5448581,102,Unhealthy for Sensitive Groups,2,26.8,93,0.0,4.0,188,1007.5,0,50.1,51.5,328.0,27.2,38.0,7.2
2025-05-07 01:00:00,2025,5,7,1,Vĩnh Long,Xã An Ngãi Trung,10.0916931,106.5448581,102,Unhealthy for Sensitive Groups,2,26.8,91,0.0,3.5,204,1007.4,0,53.8,55.2,336.0,28.9,34.0,7.0
2025-05-07 02:00:00,2025,5,7,2,Vĩnh Long,Xã An Ngãi Trung,10.0916931,106.5448581,101,Unhealthy for Sensitive Groups,2,26.5,91,0.0,4.5,217,1007.3,0,54.7,56.1,336.0,30.7,30.0,7.1
2025-05-07 03:00:00,2025,5,7,3,Vĩnh Long,Xã An Ngãi Trung,10.0916931,106.5448581,101,Unhealthy for Sensitive Groups,2,26.5,91,0.0,6.3,215,1006.5,0,56.3,57.6,330.0,32.1,26.0,7.3
2025-05-07 04:00:00,2025,5,7,4,Vĩnh Long,Xã An Ngãi Trung,10.0916931,106.5448581,99,Moderate,1,26.1,92,0.0,5.3,225,1006.4,1,59.6,61.0,317.0,32.1,26.0,7.5
2025-05-07 05:00:00,2025,5,7,5,Vĩnh Long,Xã An Ngãi Trung,10.0916931,106.5448581,97,Moderate,1,25.9,94,0.0,5.4,228,1006.9,1,66.8,68.2,295.0,30.0,31.0,7.9
2025-05-07 06:00:00,2025,5,7,6,Vĩnh Long,Xã An Ngãi Trung,10.0916931,106.5448581,94,Moderate,1,26.2,93,0.0,5.9,235,1007.2,2,76.6,78.5,266.0,26.5,39.0,8.3
2025-05-07 07:00:00,2025,5,7,7,Vĩnh Long,Xã An Ngãi Trung,10.0916931,106.5448581,92,Moderate,1,28.1,85,0.0,6.4,243,1007.8,11,50.9,53.6,238.0,19.4,64.0,6.4
2025-05-07 08:00:00,2025,5,7,8,Vĩnh Long,Xã An Ngãi Trung,10.0916931,106.5448581,94,Moderate,1,30.5,71,0.0,9.4,209,1008.4,5,23.0,25.8,211.0,14.4,81.0,5.4
2025-05-07 09:00:00,2025,5,7,9,Vĩnh Long,Xã An Ngãi Trung,10.0916931,106.5448581,94,Moderate,1,32.5,61,0.0,9.9,202,1008.9,8,17.9,20.7,184.0,7.6,103.0,3.9
2025-05-07 10:00:00,2025,5,7,10,Vĩnh Long,Xã An Ngãi Trung,10.0916931,106.5448581,94,Moderate,1,33.8,55,0.0,8.2,199,1008.6,15,15.2,17.5,166.0,2.5,120.0,2.9
2025-05-07 11:00:00,2025,5,7,11,Vĩnh Long,Xã An Ngãi Trung,10.0916931,106.5448581,95,Moderate,1,35.2,51,0.0,10.3,205,1008.1,100,13.6,15.3,162.0,0.9,125.0,2.6
2025-05-07 12:00:00,2025,5,7,12,Vĩnh Long,Xã An Ngãi Trung,10.0916931,106.5448581,95,Moderate,1,34.2,52,0.0,13.9,227,1007.4,90,12.7,13.9,166.0,1.1,123.0,2.7
2025-05-07 13:00:00,2025,5,7,13,Vĩnh Long,Xã An Ngãi Trung,10.0916931,106.5448581,95,Moderate,1,34.1,54,1.3,6.7,265,1006.2,98,12.0,13.2,171.0,1.8,119.0,2.8
2025-05-07 14:00:00,2025,5,7,14,Vĩnh Long,Xã An Ngãi Trung,10.0916931,106.5448581,96,Moderate,1,32.8,55,0.3,12.9,199,1005.4,99,11.2,12.3,169.0,2.2,113.0,2.6
2025-05-07 15:00:00,2025,5,7,15,Vĩnh Long,Xã An Ngãi Trung,10.0916931,106.5448581,96,Moderate,1,31.6,62,0.5,6.2,187,1004.4,73,11.2,12.0,168.0,3.1,105.0,2.4
2025-05-07 16:00:00,2025,5,7,16,Vĩnh Long,Xã An Ngãi Trung,10.0916931,106.5448581,96,Moderate,1,31.1,63,0.2,12.0,210,1004.1,52,14.3,14.9,181.0,5.4,96.0,2.9
2025-05-07 17:00:00,2025,5,7,17,Vĩnh Long,Xã An Ngãi Trung,10.0916931,106.5448581,96,Moderate,1,31.4,61,0.0,7.4,203,1004.0,27,17.0,17.8,220.0,10.4,87.0,4.7
2025-05-07 18:00:00,2025,5,7,18,Vĩnh Long,Xã An Ngãi Trung,10.0916931,106.5448581,97,Moderate,1,30.8,63,0.0,4.7,189,1004.7,15,21.5,22.4,274.0,16.8,77.0,7.3
2025-05-07 19:00:00,2025,5,7,19,Vĩnh Long,Xã An Ngãi Trung,10.0916931,106.5448581,98,Moderate,1,29.8,70,0.0,4.2,190,1005.4,22,37.5,39.1,316.0,19.9,71.0,8.1
2025-05-07 20:00:00,2025,5,7,20,Vĩnh Long,Xã An Ngãi Trung,10.0916931,106.5448581,98,Moderate,1,27.9,85,0.0,7.1,171,1006.0,100,53.6,55.3,340.0,25.3,62.0,9.7
2025-05-07 21:00:00,2025,5,7,21,Vĩnh Long,Xã An Ngãi Trung,10.0916931,106.5448581,100,Moderate,1,27.4,86,0.0,5.8,185,1006.6,99,66.8,68.5,354.0,32.7,49.0,11.8
2025-05-07 22:00:00,2025,5,7,22,Vĩnh Long,Xã An Ngãi Trung,10.0916931,106.5448581,103,Unhealthy for Sensitive Groups,2,27.1,86,0.0,8.0,208,1007.2,99,72.6,74.5,352.0,37.8,40.0,13.1
2025-05-07 23:00:00,2025,5,7,23,Vĩnh Long,Xã An Ngãi Trung,10.0916931,106.5448581,106,Unhealthy for Sensitive Groups,2,26.8,86,0.0,5.2,224,1007.5,85,71.0,72.9,326.0,38.3,37.0,12.8
2025-05-08 00:00:00,2025,5,8,0,Vĩnh Long,Xã An Ngãi Trung,10.0916931,106.5448581,109,Unhealthy for Sensitive Groups,2,26.7,88,0.0,7.3,216,1007.4,98,68.9,71.0,284.0,36.6,37.0,11.6
2025-05-08 01:00:00,2025,5,8,1,Vĩnh Long,Xã An Ngãi Trung,10.0916931,106.5448581,111,Unhealthy for Sensitive Groups,2,26.5,90,0.0,5.9,215,1007.1,93,68.7,70.5,254.0,35.5,36.0,10.7
2025-05-08 02:00:00,2025,5,8,2,Vĩnh Long,Xã An Ngãi Trung,10.0916931,106.5448581,113,Unhealthy for Sensitive Groups,2,26.2,91,0.0,4.8,209,1006.4,94,68.2,70.1,247.0,36.6,32.0,10.4
2025-05-08 03:00:00,2025,5,8,3,Vĩnh Long,Xã An Ngãi Trung,10.0916931,106.5448581,114,Unhealthy for Sensitive Groups,2,26.0,93,0.0,4.7,227,1006.1,86,69.6,71.5,251.0,38.3,28.0,10.3
2025-05-08 04:00:00,2025,5,8,4,Vĩnh Long,Xã An Ngãi Trung,10.0916931,106.5448581,115,Unhealthy for Sensitive Groups,2,25.9,95,0.0,4.5,227,1006.3,78,75.9,78.0,257.0,38.5,27.0,10.3
2025-05-08 05:00:00,2025,5,8,5,Vĩnh Long,Xã An Ngãi Trung,10.0916931,106.5448581,117,Unhealthy for Sensitive Groups,2,25.8,96,0.0,4.5,217,1006.8,54,90.6,93.1,267.0,36.6,31.0,10.7
2025-05-08 06:00:00,2025,5,8,6,Vĩnh Long,Xã An Ngãi Trung,10.0916931,106.5448581,120,Unhealthy for Sensitive Groups,2,26.2,95,0.0,5.5,224,1007.1,47,105.5,108.0,280.0,33.3,39.0,11.3
2025-05-08 07:00:00,2025,5,8,7,Vĩnh Long,Xã An Ngãi Trung,10.0916931,106.5448581,123,Unhealthy for Sensitive Groups,2,28.3,86,0.0,4.7,220,1007.5,22,69.4,71.7,276.0,28.0,47.0,11.1
2025-05-08 08:00:00,2025,5,8,8,Vĩnh Long,Xã An Ngãi Trung,10.0916931,106.5448581,125,Unhealthy for Sensitive Groups,2,30.8,72,0.0,6.8,230,1008.3,45,30.6,33.1,242.0,20.8,62.0,9.5
2025-05-08 09:00:00,2025,5,8,9,Vĩnh Long,Xã An Ngãi Trung,10.0916931,106.5448581,125,Unhealthy for Sensitive Groups,2,32.6,58,0.0,9.3,236,1008.8,60,20.1,22.3,191.0,10.8,84.0,7.4
2025-05-08 10:00:00,2025,5,8,10,Vĩnh Long,Xã An Ngãi Trung,10.0916931,106.5448581,126,Unhealthy for Sensitive Groups,2,34.1,49,0.0,9.7,239,1008.6,24,17.1,18.8,153.0,3.4,101.0,5.6
2025-05-08 11:00:00,2025,5,8,11,Vĩnh Long,Xã An Ngãi Trung,10.0916931,106.5448581,126,Unhealthy for Sensitive Groups,2,35.3,45,0.0,9.7,245,1008.0,14,15.4,16.3,138.0,1.0,110.0,4.7
2025-05-08 12:00:00,2025,5,8,12,Vĩnh Long,Xã An Ngãi Trung,10.0916931,106.5448581,126,Unhealthy for Sensitive Groups,2,36.3,42,0.0,8.5,234,1006.4,12,15.1,15.8,135.0,1.2,115.0,4.2
2025-05-08 13:00:00,2025,5,8,13,Vĩnh Long,Xã An Ngãi Trung,10.0916931,106.5448581,126,Unhealthy for Sensitive Groups,2,35.7,44,0.0,10.7,197,1005.5,43,15.1,15.8,135.0,1.9,116.0,3.9
2025-05-08 14:00:00,2025,5,8,14,Vĩnh Long,Xã An Ngãi Trung,10.0916931,106.5448581,127,Unhealthy for Sensitive Groups,2,32.7,59,0.6,16.2,201,1004.9,86,14.5,15.3,135.0,2.4,114.0,3.8
2025-05-08 15:00:00,2025,5,8,15,Vĩnh Long,Xã An Ngãi Trung,10.0916931,106.5448581,127,Unhealthy for Sensitive Groups,2,34.5,50,0.0,10.0,219,1003.9,96,14.8,15.4,139.0,3.4,109.0,4.0
2025-05-08 16:00:00,2025,5,8,16,Vĩnh Long,Xã An Ngãi Trung,10.0916931,106.5448581,127,Unhealthy for Sensitive Groups,2,31.1,63,0.8,17.8,223,1004.6,97,18.2,18.7,149.0,5.5,101.0,4.5
2025-05-08 17:00:00,2025,5,8,17,Vĩnh Long,Xã An Ngãi Trung,10.0916931,106.5448581,128,Unhealthy for Sensitive Groups,2,30.1,68,0.2,15.0,223,1004.8,100,20.7,21.2,169.0,9.1,90.0,5.3
2025-05-08 18:00:00,2025,5,8,18,Vĩnh Long,Xã An Ngãi Trung,10.0916931,106.5448581,128,Unhealthy for Sensitive Groups,2,29.0,72,0.0,11.9,221,1005.6,100,26.7,27.4,195.0,13.8,76.0,6.3
2025-05-08 19:00:00,2025,5,8,19,Vĩnh Long,Xã An Ngãi Trung,10.0916931,106.5448581,129,Unhealthy for Sensitive Groups,2,28.3,76,0.0,9.0,232,1006.5,98,39.2,40.4,215.0,20.7,71.0,9.8
2025-05-08 20:00:00,2025,5,8,20,Vĩnh Long,Xã An Ngãi Trung,10.0916931,106.5448581,129,Unhealthy for Sensitive Groups,2,28.5,87,0.0,5.3,213,1006.8,75,52.3,53.9,224.0,24.4,62.0,11.0
2025-05-08 21:00:00,2025,5,8,21,Vĩnh Long,Xã An Ngãi Trung,10.0916931,106.5448581,129,Unhealthy for Sensitive Groups,2,28.0,88,0.0,3.6,221,1007.7,71,60.8,62.6,227.0,29.4,50.0,12.5
2025-05-08 22:00:00,2025,5,8,22,Vĩnh Long,Xã An Ngãi Trung,10.0916931,106.5448581,128,Unhealthy for Sensitive Groups,2,27.9,89,0.0,5.2,224,1008.5,28,62.9,64.5,225.0,33.0,40.0,13.3
2025-05-08 23:00:00,2025,5,8,23,Vĩnh Long,Xã An Ngãi Trung,10.0916931,106.5448581,127,Unhealthy for Sensitive Groups,2,27.6,89,0.0,7.1,227,1008.2,61,62.4,64.0,216.0,33.7,34.0,12.7
2025-05-09 00:00:00,2025,5,9,0,Vĩnh Long,Xã An Ngãi Trung,10.0916931,106.5448581,126,Unhealthy for Sensitive Groups,2,27.4,88,0.0,7.9,243,1007.9,83,60.5,62.2,202.0,32.9,30.0,11.3
2025-05-09 01:00:00,2025,5,9,1,Vĩnh Long,Xã An Ngãi Trung,10.0916931,106.5448581,125,Unhealthy for Sensitive Groups,2,27.1,88,0.0,8.1,246,1007.3,51,58.0,59.5,190.0,32.5,26.0,10.2
2025-05-09 02:00:00,2025,5,9,2,Vĩnh Long,Xã An Ngãi Trung,10.0916931,106.5448581,124,Unhealthy for Sensitive Groups,2,26.9,89,0.0,6.3,239,1006.7,34,57.3,58.7,182.0,33.6,22.0,9.8
2025-05-09 03:00:00,2025,5,9,3,Vĩnh Long,Xã An Ngãi Trung,10.0916931,106.5448581,123,Unhealthy for Sensitive Groups,2,26.6,91,0.0,6.0,226,1006.2,54,58.9,60.3,177.0,35.1,18.0,9.6
2025-05-09 04:00:00,2025,5,9,4,Vĩnh Long,Xã An Ngãi Trung,10.0916931,106.5448581,122,Unhealthy for Sensitive Groups,2,26.5,92,0.0,5.8,219,1006.3,38,62.4,64.0,178.0,35.0,17.0,9.6
2025-05-09 05:00:00,2025,5,9,5,Vĩnh Long,Xã An Ngãi Trung,10.0916931,106.5448581,120,Unhealthy for Sensitive Groups,2,26.4,93,0.0,5.9,207,1006.6,13,67.8,69.4,192.0,32.4,21.0,9.9
2025-05-09 06:00:00,2025,5,9,6,Vĩnh Long,Xã An Ngãi Trung,10.0916931,106.5448581,118,Unhealthy for Sensitive Groups,2,26.6,92,0.0,6.6,197,1007.2,3,67.3,68.9,212.0,28.2,28.0,10.3
2025-05-09 07:00:00,2025,5,9,7,Vĩnh Long,Xã An Ngãi Trung,10.0916931,106.5448581,114,Unhealthy for Sensitive Groups,2,28.5,83,0.0,6.2,201,1008.1,4,53.3,54.9,220.0,24.8,38.0,11.0
2025-05-09 08:00:00,2025,5,9,8,Vĩnh Long,Xã An Ngãi Trung,10.0916931,106.5448581,112,Unhealthy for Sensitive Groups,2,30.9,71,0.1,9.4,222,1008.8,27,23.9,25.8,202.0,18.6,54.0,9.6
2025-05-09 09:00:00,2025,5,9,9,Vĩnh Long,Xã An Ngãi Trung,10.0916931,106.5448581,112,Unhealthy for Sensitive Groups,2,32.0,65,0.2,10.9,234,1009.1,37,17.4,19.6,172.0,10.2,75.0,7.6
2025-05-09 10:00:00,2025,5,9,10,Vĩnh Long,Xã An Ngãi Trung,10.0916931,106.5448581,111,Unhealthy for Sensitive Groups,2,33.0,61,0.2,9.6,227,1009.1,54,16.8,19.1,148.0,3.8,93.0,6.0
2025-05-09 11:00:00,2025,5,9,11,Vĩnh Long,Xã An Ngãi Trung,10.0916931,106.5448581,111,Unhealthy for Sensitive Groups,2,34.0,57,0.1,9.3,238,1008.5,61,16.8,18.9,139.0,1.6,103.0,5.1
2025-05-09 12:00:00,2025,5,9,12,Vĩnh Long,Xã An Ngãi Trung,10.0916931,106.5448581,112,Unhealthy for Sensitive Groups,2,35.0,52,0.0,9.5,245,1007.3,96,16.1,17.6,137.0,1.5,110.0,4.6
2025-05-09 13:00:00,2025,5,9,13,Vĩnh Long,Xã An Ngãi Trung,10.0916931,106.5448581,112,Unhealthy for Sensitive Groups,2,35.6,49,0.0,8.8,242,1005.9,100,14.7,15.7,138.0,2.0,112.0,4.3
2025-05-09 14:00:00,2025,5,9,14,Vĩnh Long,Xã An Ngãi Trung,10.0916931,106.5448581,112,Unhealthy for Sensitive Groups,2,32.1,60,0.3,10.3,221,1005.7,69,14.2,14.8,138.0,2.4,110.0,4.0
2025-05-09 15:00:00,2025,5,9,15,Vĩnh Long,Xã An Ngãi Trung,10.0916931,106.5448581,112,Unhealthy for Sensitive Groups,2,33.2,57,0.1,7.4,227,1004.8,44,14.5,15.1,142.0,3.4,103.0,3.8
2025-05-09 16:00:00,2025,5,9,16,Vĩnh Long,Xã An Ngãi Trung,10.0916931,106.5448581,112,Unhealthy for Sensitive Groups,2,30.9,67,0.8,8.0,256,1004.2,25,16.2,17.1,160.0,5.6,95.0,4.1
2025-05-09 17:00:00,2025,5,9,17,Vĩnh Long,Xã An Ngãi Trung,10.0916931,106.5448581,111,Unhealthy for Sensitive Groups,2,31.1,65,0.0,8.6,278,1004.4,78,17.2,19.2,206.0,8.7,86.0,5.0
2025-05-09 18:00:00,2025,5,9,18,Vĩnh Long,Xã An Ngãi Trung,10.0916931,106.5448581,111,Unhealthy for Sensitive Groups,2,30.0,69,0.0,6.4,241,1005.1,65,20.3,22.4,266.0,13.0,74.0,6.4
2025-05-09 19:00:00,2025,5,9,19,Vĩnh Long,Xã An Ngãi Trung,10.0916931,106.5448581,110,Unhealthy for Sensitive Groups,2,29.1,75,0.0,3.5,204,1005.8,95,41.2,43.3,304.0,23.1,54.0,8.6
2025-05-09 20:00:00,2025,5,9,20,Vĩnh Long,Xã An Ngãi Trung,10.0916931,106.5448581,111,Unhealthy for Sensitive Groups,2,29.5,77,0.0,9.3,205,1005.9,100,52.9,54.9,300.0,26.3,47.0,9.3
2025-05-09 21:00:00,2025,5,9,21,Vĩnh Long,Xã An Ngãi Trung,10.0916931,106.5448581,111,Unhealthy for Sensitive Groups,2,29.0,78,0.0,5.5,199,1006.9,100,58.9,61.0,273.0,30.8,36.0,10.2
2025-05-09 22:00:00,2025,5,9,22,Vĩnh Long,Xã An Ngãi Trung,10.0916931,106.5448581,110,Unhealthy for Sensitive Groups,2,28.5,80,0.0,4.2,198,1007.8,100,62.2,64.3,249.0,33.8,28.0,10.7
2025-05-09 23:00:00,2025,5,9,23,Vĩnh Long,Xã An Ngãi Trung,10.0916931,106.5448581,110,Unhealthy for Sensitive Groups,2,28.0,83,0.0,3.8,225,1008.1,99,60.3,61.9,235.0,34.0,24.0,10.2
2025-05-10 00:00:00,2025,5,10,0,Vĩnh Long,Xã An Ngãi Trung,10.0916931,106.5448581,110,Unhealthy for Sensitive Groups,2,27.9,85,0.0,5.6,222,1007.6,96,56.6,58.2,224.0,32.8,23.0,9.3
2025-05-10 01:00:00,2025,5,10,1,Vĩnh Long,Xã An Ngãi Trung,10.0916931,106.5448581,110,Unhealthy for Sensitive Groups,2,27.6,88,0.0,5.5,229,1007.3,95,55.1,56.5,211.0,31.8,22.0,8.5
2025-05-10 02:00:00,2025,5,10,2,Vĩnh Long,Xã An Ngãi Trung,10.0916931,106.5448581,109,Unhealthy for Sensitive Groups,2,27.5,89,0.0,4.9,213,1006.9,91,53.9,55.3,194.0,31.9,21.0,8.0
2025-05-10 03:00:00,2025,5,10,3,Vĩnh Long,Xã An Ngãi Trung,10.0916931,106.5448581,109,Unhealthy for Sensitive Groups,2,27.5,89,0.0,6.7,204,1006.3,99,56.6,57.9,177.0,32.2,21.0,7.8
2025-05-10 04:00:00,2025,5,10,4,Vĩnh Long,Xã An Ngãi Trung,10.0916931,106.5448581,109,Unhealthy for Sensitive Groups,2,27.2,89,0.4,4.2,162,1006.5,100,56.8,58.0,166.0,31.5,23.0,7.7
2025-05-10 05:00:00,2025,5,10,5,Vĩnh Long,Xã An Ngãi Trung,10.0916931,106.5448581,108,Unhealthy for Sensitive Groups,2,26.5,93,1.3,4.3,92,1007.0,100,63.6,65.0,166.0,29.6,26.0,8.2
2025-05-10 06:00:00,2025,5,10,6,Vĩnh Long,Xã An Ngãi Trung,10.0916931,106.5448581,108,Unhealthy for Sensitive Groups,2,26.8,94,0.1,4.6,99,1007.4,100,69.8,71.2,173.0,26.8,30.0,9.0
2025-05-10 07:00:00,2025,5,10,7,Vĩnh Long,Xã An Ngãi Trung,10.0916931,106.5448581,108,Unhealthy for Sensitive Groups,2,27.1,89,1.0,7.0,103,1008.2,100,30.9,32.0,177.0,18.8,42.0,6.3
2025-05-10 08:00:00,2025,5,10,8,Vĩnh Long,Xã An Ngãi Trung,10.0916931,106.5448581,106,Unhealthy for Sensitive Groups,2,27.0,87,0.2,8.0,346,1010.0,100,23.1,24.7,175.0,15.7,52.0,6.3
2025-05-10 09:00:00,2025,5,10,9,Vĩnh Long,Xã An Ngãi Trung,10.0916931,106.5448581,106,Unhealthy for Sensitive Groups,2,27.9,82,0.1,4.4,21,1009.7,100,20.7,22.6,171.0,11.4,65.0,6.4
2025-05-10 10:00:00,2025,5,10,10,Vĩnh Long,Xã An Ngãi Trung,10.0916931,106.5448581,106,Unhealthy for Sensitive Groups,2,29.7,73,0.1,3.6,143,1009.4,100,21.2,23.5,168.0,7.8,79.0,6.3
2025-05-10 11:00:00,2025,5,10,11,Vĩnh Long,Xã An Ngãi Trung,10.0916931,106.5448581,106,Unhealthy for Sensitive Groups,2,30.8,67,0.1,4.3,242,1008.5,100,19.2,21.0,166.0,5.3,94.0,6.0
2025-05-10 12:00:00,2025,5,10,12,Vĩnh Long,Xã An Ngãi Trung,10.0916931,106.5448581,107,Unhealthy for Sensitive Groups,2,31.4,65,0.0,6.3,246,1007.9,100,19.2,20.8,166.0,3.4,109.0,5.7
2025-05-10 13:00:00,2025,5,10,13,Vĩnh Long,Xã An Ngãi Trung,10.0916931,106.5448581,107,Unhealthy for Sensitive Groups,2,32.2,62,0.0,7.4,270,1006.8,100,18.2,19.5,166.0,2.6,117.0,5.4
2025-05-10 14:00:00,2025,5,10,14,Vĩnh Long,Xã An Ngãi Trung,10.0916931,106.5448581,107,Unhealthy for Sensitive Groups,2,31.8,64,0.1,5.1,231,1005.6,100,16.1,17.0,164.0,2.9,115.0,5.1
2025-05-10 15:00:00,2025,5,10,15,Vĩnh Long,Xã An Ngãi Trung,10.0916931,106.5448581,108,Unhealthy for Sensitive Groups,2,30.2,70,0.0,11.1,192,1004.5,100,17.3,18.0,163.0,4.2,107.0,4.9
2025-05-10 16:00:00,2025,5,10,16,Vĩnh Long,Xã An Ngãi Trung,10.0916931,106.5448581,108,Unhealthy for Sensitive Groups,2,30.5,68,0.0,8.9,216,1004.1,100,22.9,23.6,174.0,7.2,97.0,5.5
2025-05-10 17:00:00,2025,5,10,17,Vĩnh Long,Xã An Ngãi Trung,10.0916931,106.5448581,109,Unhealthy for Sensitive Groups,2,30.4,68,0.0,7.1,232,1004.2,100,24.1,24.7,207.0,12.7,87.0,7.2
2025-05-10 18:00:00,2025,5,10,18,Vĩnh Long,Xã An Ngãi Trung,10.0916931,106.5448581,109,Unhealthy for Sensitive Groups,2,29.6,72,0.0,6.1,267,1005.1,100,26.7,27.4,252.0,19.8,75.0,9.6
2025-05-10 19:00:00,2025,5,10,19,Vĩnh Long,Xã An Ngãi Trung,10.0916931,106.5448581,110,Unhealthy for Sensitive Groups,2,28.8,79,0.0,2.8,230,1005.9,91,44.6,46.6,287.0,21.5,66.0,9.1
2025-05-10 20:00:00,2025,5,10,20,Vĩnh Long,Xã An Ngãi Trung,10.0916931,106.5448581,110,Unhealthy for Sensitive Groups,2,27.9,85,0.0,3.3,347,1006.9,6,49.5,51.5,304.0,23.0,62.0,10.2
2025-05-10 21:00:00,2025,5,10,21,Vĩnh Long,Xã An Ngãi Trung,10.0916931,106.5448581,110,Unhealthy for Sensitive Groups,2,27.5,87,0.0,3.2,34,1007.4,5,55.8,57.3,311.0,25.3,56.0,11.6
2025-05-10 22:00:00,2025,5,10,22,Vĩnh Long,Xã An Ngãi Trung,10.0916931,106.5448581,110,Unhealthy for Sensitive Groups,2,27.1,89,0.0,3.1,28,1007.9,4,60.1,61.2,309.0,28.3,49.0,12.7
2025-05-10 23:00:00,2025,5,10,23,Vĩnh Long,Xã An Ngãi Trung,10.0916931,106.5448581,109,Unhealthy for Sensitive Groups,2,26.9,91,0.0,2.2,355,1008.2,61,67.3,68.5,295.0,32.6,41.0,12.9
2025-05-11 00:00:00,2025,5,11,0,Vĩnh Long,Xã An Ngãi Trung,10.0916931,106.5448581,110,Unhealthy for Sensitive Groups,2,26.8,92,0.0,1.2,309,1007.9,100,81.0,83.1,271.0,37.5,32.0,12.7
2025-05-11 01:00:00,2025,5,11,1,Vĩnh Long,Xã An Ngãi Trung,10.0916931,106.5448581,113,Unhealthy for Sensitive Groups,2,26.4,93,0.0,2.7,328,1006.9,100,90.6,92.9,248.0,41.0,26.0,12.5
2025-05-11 02:00:00,2025,5,11,2,Vĩnh Long,Xã An Ngãi Trung,10.0916931,106.5448581,116,Unhealthy for Sensitive Groups,2,26.0,94,0.5,7.9,309,1006.5,100,96.4,98.7,224.0,42.0,23.0,12.3
2025-05-11 03:00:00,2025,5,11,3,Vĩnh Long,Xã An Ngãi Trung,10.0916931,106.5448581,121,Unhealthy for Sensitive Groups,2,25.5,95,1.4,1.3,90,1005.8,100,94.8,97.1,201.0,41.4,21.0,12.1
2025-05-11 04:00:00,2025,5,11,4,Vĩnh Long,Xã An Ngãi Trung,10.0916931,106.5448581,125,Unhealthy for Sensitive Groups,2,24.9,96,0.8,7.9,223,1006.4,100,92.7,95.2,189.0,40.4,22.0,12.3
2025-05-11 05:00:00,2025,5,11,5,Vĩnh Long,Xã An Ngãi Trung,10.0916931,106.5448581,129,Unhealthy for Sensitive Groups,2,24.4,97,3.5,3.6,63,1007.3,100,96.9,99.4,202.0,39.9,24.0,13.5
2025-05-11 06:00:00,2025,5,11,6,Vĩnh Long,Xã An Ngãi Trung,10.0916931,106.5448581,132,Unhealthy for Sensitive Groups,2,24.6,94,0.1,6.9,231,1007.6,100,109.4,112.2,227.0,38.9,28.0,15.1
2025-05-11 07:00:00,2025,5,11,7,Vĩnh Long,Xã An Ngãi Trung,10.0916931,106.5448581,136,Unhealthy for Sensitive Groups,2,25.3,90,0.0,4.4,238,1008.1,100,88.2,92.0,238.0,33.6,42.0,21.9
2025-05-11 08:00:00,2025,5,11,8,Vĩnh Long,Xã An Ngãi Trung,10.0916931,106.5448581,142,Unhealthy for Sensitive Groups,2,27.4,82,0.0,5.1,228,1007.9,100,43.5,46.4,219.0,25.5,59.0,19.1
2025-05-11 09:00:00,2025,5,11,9,Vĩnh Long,Xã An Ngãi Trung,10.0916931,106.5448581,144,Unhealthy for Sensitive Groups,2,29.8,71,0.0,5.4,233,1007.7,100,27.2,29.9,186.0,14.2,83.0,15.1
2025-05-11 10:00:00,2025,5,11,10,Vĩnh Long,Xã An Ngãi Trung,10.0916931,106.5448581,145,Unhealthy for Sensitive Groups,2,31.5,63,0.0,7.1,227,1007.5,100,23.3,24.7,163.0,5.7,103.0,11.7
2025-05-11 11:00:00,2025,5,11,11,Vĩnh Long,Xã An Ngãi Trung,10.0916931,106.5448581,145,Unhealthy for Sensitive Groups,2,31.9,62,0.2,8.4,245,1007.2,100,22.1,22.7,160.0,2.5,117.0,9.5
2025-05-11 12:00:00,2025,5,11,12,Vĩnh Long,Xã An Ngãi Trung,10.0916931,106.5448581,145,Unhealthy for Sensitive Groups,2,32.7,61,0.3,8.3,236,1006.6,100,22.4,23.1,167.0,2.0,127.0,7.9
2025-05-11 13:00:00,2025,5,11,13,Vĩnh Long,Xã An Ngãi Trung,10.0916931,106.5448581,146,Unhealthy for Sensitive Groups,2,33.5,59,0.0,5.2,241,1005.4,100,22.4,23.1,172.0,2.3,130.0,6.5
2025-05-11 14:00:00,2025,5,11,14,Vĩnh Long,Xã An Ngãi Trung,10.0916931,106.5448581,146,Unhealthy for Sensitive Groups,2,31.0,66,1.2,11.0,221,1004.4,100,20.6,21.3,168.0,2.6,121.0,5.1
2025-05-11 15:00:00,2025,5,11,15,Vĩnh Long,Xã An Ngãi Trung,10.0916931,106.5448581,147,Unhealthy for Sensitive Groups,2,29.0,78,2.5,8.6,151,1003.2,100,19.4,20.1,162.0,3.7,106.0,4.0
2025-05-11 16:00:00,2025,5,11,16,Vĩnh Long,Xã An Ngãi Trung,10.0916931,106.5448581,147,Unhealthy for Sensitive Groups,2,30.1,73,0.0,7.4,209,1003.2,81,17.0,17.6,170.0,5.8,90.0,3.6
2025-05-11 17:00:00,2025,5,11,17,Vĩnh Long,Xã An Ngãi Trung,10.0916931,106.5448581,146,Unhealthy for Sensitive Groups,2,27.9,78,0.4,11.7,270,1004.0,99,19.3,21.0,202.0,8.9,78.0,4.1
2025-05-11 18:00:00,2025,5,11,18,Vĩnh Long,Xã An Ngãi Trung,10.0916931,106.5448581,146,Unhealthy for Sensitive Groups,2,26.9,86,0.4,2.3,225,1004.5,90,25.0,26.8,247.0,13.0,65.0,5.2
2025-05-11 19:00:00,2025,5,11,19,Vĩnh Long,Xã An Ngãi Trung,10.0916931,106.5448581,146,Unhealthy for Sensitive Groups,2,26.4,92,0.0,0.5,45,1005.2,97,41.6,42.7,284.0,23.1,55.0,10.7
2025-05-11 20:00:00,2025,5,11,20,Vĩnh Long,Xã An Ngãi Trung,10.0916931,106.5448581,145,Unhealthy for Sensitive Groups,2,27.9,84,0.0,6.7,186,1005.6,46,48.7,50.1,308.0,26.5,48.0,12.2
2025-05-11 21:00:00,2025,5,11,21,Vĩnh Long,Xã An Ngãi Trung,10.0916931,106.5448581,145,Unhealthy for Sensitive Groups,2,27.5,86,0.0,6.9,208,1006.7,85,58.0,59.6,324.0,31.3,39.0,14.2
2025-05-11 22:00:00,2025,5,11,22,Vĩnh Long,Xã An Ngãi Trung,10.0916931,106.5448581,145,Unhealthy for Sensitive Groups,2,27.0,90,0.0,1.8,294,1007.5,87,66.1,67.8,321.0,35.2,32.0,15.9
2025-05-11 23:00:00,2025,5,11,23,Vĩnh Long,Xã An Ngãi Trung,10.0916931,106.5448581,146,Unhealthy for Sensitive Groups,2,25.4,96,2.8,6.3,294,1008.0,100,71.0,72.6,286.0,37.3,28.0,17.0
2025-05-12 00:00:00,2025,5,12,0,Vĩnh Long,Xã An Ngãi Trung,10.0916931,106.5448581,146,Unhealthy for Sensitive Groups,2,25.0,96,1.2,4.8,20,1007.8,100,72.4,74.3,232.0,38.6,26.0,17.8
2025-05-12 01:00:00,2025,5,12,1,Vĩnh Long,Xã An Ngãi Trung,10.0916931,106.5448581,146,Unhealthy for Sensitive Groups,2,24.8,96,0.8,2.2,171,1007.1,100,74.3,76.4,188.0,39.1,24.0,18.0
2025-05-12 02:00:00,2025,5,12,2,Vĩnh Long,Xã An Ngãi Trung,10.0916931,106.5448581,144,Unhealthy for Sensitive Groups,2,24.7,95,1.2,4.1,193,1006.7,100,70.1,72.6,165.0,39.4,22.0,17.6
2025-05-12 03:00:00,2025,5,12,3,Vĩnh Long,Xã An Ngãi Trung,10.0916931,106.5448581,141,Unhealthy for Sensitive Groups,2,24.7,96,0.0,6.1,166,1006.1,100,73.1,75.7,153.0,39.1,21.0,16.6
2025-05-12 04:00:00,2025,5,12,4,Vĩnh Long,Xã An Ngãi Trung,10.0916931,106.5448581,139,Unhealthy for Sensitive Groups,2,24.6,97,0.0,3.2,180,1006.3,100,75.9,78.0,151.0,36.9,22.0,15.1
2025-05-12 05:00:00,2025,5,12,5,Vĩnh Long,Xã An Ngãi Trung,10.0916931,106.5448581,137,Unhealthy for Sensitive Groups,2,24.7,97,0.0,3.6,171,1006.4,100,72.9,74.7,167.0,31.6,27.0,12.7
2025-05-12 06:00:00,2025,5,12,6,Vĩnh Long,Xã An Ngãi Trung,10.0916931,106.5448581,135,Unhealthy for Sensitive Groups,2,25.0,96,0.0,5.2,192,1006.9,100,56.2,57.9,193.0,24.5,35.0,9.9
2025-05-12 07:00:00,2025,5,12,7,Vĩnh Long,Xã An Ngãi Trung,10.0916931,106.5448581,129,Unhealthy for Sensitive Groups,2,26.2,91,0.0,3.6,174,1007.3,100,76.1,78.5,209.0,28.9,42.0,12.1
2025-05-12 08:00:00,2025,5,12,8,Vĩnh Long,Xã An Ngãi Trung,10.0916931,106.5448581,128,Unhealthy for Sensitive Groups,2,28.0,81,0.0,4.5,175,1008.0,94,37.0,39.8,204.0,21.9,57.0,10.4
2025-05-12 09:00:00,2025,5,12,9,Vĩnh Long,Xã An Ngãi Trung,10.0916931,106.5448581,127,Unhealthy for Sensitive Groups,2,29.9,73,0.0,6.4,191,1007.8,97,25.4,28.1,189.0,12.3,79.0,8.1
2025-05-12 10:00:00,2025,5,12,10,Vĩnh Long,Xã An Ngãi Trung,10.0916931,106.5448581,127,Unhealthy for Sensitive Groups,2,31.4,68,0.0,6.2,206,1007.7,98,21.7,23.7,177.0,5.1,94.0,6.0
2025-05-12 11:00:00,2025,5,12,11,Vĩnh Long,Xã An Ngãi Trung,10.0916931,106.5448581,127,Unhealthy for Sensitive Groups,2,32.6,64,0.0,5.7,217,1007.4,82,20.4,21.1,172.0,2.6,98.0,4.3
2025-05-12 12:00:00,2025,5,12,12,Vĩnh Long,Xã An Ngãi Trung,10.0916931,106.5448581,127,Unhealthy for Sensitive Groups,2,33.6,59,0.0,6.2,221,1006.4,100,18.7,19.4,169.0,2.4,96.0,2.8
2025-05-12 13:00:00,2025,5,12,13,Vĩnh Long,Xã An Ngãi Trung,10.0916931,106.5448581,126,Unhealthy for Sensitive Groups,2,29.9,73,0.4,15.5,142,1005.4,100,17.5,18.2,167.0,2.8,93.0,1.9
2025-05-12 14:00:00,2025,5,12,14,Vĩnh Long,Xã An Ngãi Trung,10.0916931,106.5448581,126,Unhealthy for Sensitive Groups,2,30.3,73,0.6,9.2,183,1004.8,99,16.0,16.7,163.0,2.9,91.0,1.7
2025-05-12 15:00:00,2025,5,12,15,Vĩnh Long,Xã An Ngãi Trung,10.0916931,106.5448581,125,Unhealthy for Sensitive Groups,2,31.8,68,0.1,9.5,190,1004.0,100,16.1,16.6,161.0,3.6,88.0,2.0
2025-05-12 16:00:00,2025,5,12,16,Vĩnh Long,Xã An Ngãi Trung,10.0916931,106.5448581,125,Unhealthy for Sensitive Groups,2,29.0,76,1.2,10.1,205,1004.5,100,14.6,15.7,167.0,5.4,82.0,2.6
2025-05-12 17:00:00,2025,5,12,17,Vĩnh Long,Xã An Ngãi Trung,10.0916931,106.5448581,125,Unhealthy for Sensitive Groups,2,29.0,78,1.4,3.1,201,1004.5,100,13.9,15.4,190.0,9.0,72.0,3.6
2025-05-12 18:00:00,2025,5,12,18,Vĩnh Long,Xã An Ngãi Trung,10.0916931,106.5448581,124,Unhealthy for Sensitive Groups,2,27.0,89,0.5,4.1,2,1005.7,100,19.0,20.5,222.0,13.6,60.0,4.9
2025-05-12 19:00:00,2025,5,12,19,Vĩnh Long,Xã An Ngãi Trung,10.0916931,106.5448581,123,Unhealthy for Sensitive Groups,2,26.5,95,0.1,5.1,42,1006.7,100,39.9,41.7,248.0,23.5,50.0,8.4
2025-05-12 20:00:00,2025,5,12,20,Vĩnh Long,Xã An Ngãi Trung,10.0916931,106.5448581,123,Unhealthy for Sensitive Groups,2,26.4,91,0.0,3.2,313,1007.0,100,48.1,49.6,262.0,26.2,42.0,8.6
2025-05-12 21:00:00,2025,5,12,21,Vĩnh Long,Xã An Ngãi Trung,10.0916931,106.5448581,123,Unhealthy for Sensitive Groups,2,26.1,95,0.1,2.5,86,1008.0,100,44.6,46.0,269.0,29.9,31.0,9.0
2025-05-12 22:00:00,2025,5,12,22,Vĩnh Long,Xã An Ngãi Trung,10.0916931,106.5448581,122,Unhealthy for Sensitive Groups,2,26.2,96,0.1,3.5,111,1008.6,100,59.8,61.0,275.0,32.6,23.0,9.1
2025-05-12 23:00:00,2025,5,12,23,Vĩnh Long,Xã An Ngãi Trung,10.0916931,106.5448581,121,Unhealthy for Sensitive Groups,2,26.4,94,0.0,1.7,103,1008.8,100,59.1,60.5,280.0,33.2,22.0,8.9
2025-05-13 00:00:00,2025,5,13,0,Vĩnh Long,Xã An Ngãi Trung,10.0916931,106.5448581,120,Unhealthy for Sensitive Groups,2,26.2,94,0.0,0.4,27,1008.4,100,61.5,62.9,283.0,32.7,25.0,8.6
2025-05-13 01:00:00,2025,5,13,1,Vĩnh Long,Xã An Ngãi Trung,10.0916931,106.5448581,119,Unhealthy for Sensitive Groups,2,25.9,96,0.0,0.8,315,1007.7,73,59.8,61.2,285.0,32.1,27.0,8.2
2025-05-13 02:00:00,2025,5,13,2,Vĩnh Long,Xã An Ngãi Trung,10.0916931,106.5448581,117,Unhealthy for Sensitive Groups,2,25.6,96,0.0,1.2,333,1007.6,100,62.2,63.3,287.0,32.1,25.0,7.8
2025-05-13 03:00:00,2025,5,13,3,Vĩnh Long,Xã An Ngãi Trung,10.0916931,106.5448581,116,Unhealthy for Sensitive Groups,2,25.4,98,0.0,2.9,79,1007.7,100,60.5,61.7,288.0,32.1,22.0,7.5
2025-05-13 04:00:00,2025,5,13,4,Vĩnh Long,Xã An Ngãi Trung,10.0916931,106.5448581,115,Unhealthy for Sensitive Groups,2,25.4,97,0.0,2.9,30,1007.4,100,61.5,62.9,288.0,31.0,22.0,7.3
2025-05-13 05:00:00,2025,5,13,5,Vĩnh Long,Xã An Ngãi Trung,10.0916931,106.5448581,114,Unhealthy for Sensitive Groups,2,25.2,99,0.1,2.8,11,1008.1,100,64.7,66.1,291.0,28.5,26.0,7.6
2025-05-13 06:00:00,2025,5,13,6,Vĩnh Long,Xã An Ngãi Trung,10.0916931,106.5448581,113,Unhealthy for Sensitive Groups,2,25.6,97,0.0,5.4,64,1008.3,100,68.0,69.6,293.0,24.9,33.0,8.1
2025-05-13 07:00:00,2025,5,13,7,Vĩnh Long,Xã An Ngãi Trung,10.0916931,106.5448581,114,Unhealthy for Sensitive Groups,2,26.9,92,0.0,3.9,118,1008.9,100,69.8,71.7,283.0,27.1,39.0,11.1
2025-05-13 08:00:00,2025,5,13,8,Vĩnh Long,Xã An Ngãi Trung,10.0916931,106.5448581,113,Unhealthy for Sensitive Groups,2,26.4,88,0.0,4.2,50,1010.1,100,27.2,29.0,250.0,20.1,53.0,8.8
2025-05-13 09:00:00,2025,5,13,9,Vĩnh Long,Xã An Ngãi Trung,10.0916931,106.5448581,112,Unhealthy for Sensitive Groups,2,28.8,74,0.0,7.8,99,1010.0,100,16.4,18.3,206.0,10.5,72.0,5.7
2025-05-13 10:00:00,2025,5,13,10,Vĩnh Long,Xã An Ngãi Trung,10.0916931,106.5448581,111,Unhealthy for Sensitive Groups,2,30.5,68,0.0,7.5,117,1009.9,100,13.3,15.1,171.0,3.3,86.0,3.3
2025-05-13 11:00:00,2025,5,13,11,Vĩnh Long,Xã An Ngãi Trung,10.0916931,106.5448581,110,Unhealthy for Sensitive Groups,2,31.7,62,0.0,6.3,129,1009.5,99,11.8,13.5,155.0,1.0,92.0,2.3
2025-05-13 12:00:00,2025,5,13,12,Vĩnh Long,Xã An Ngãi Trung,10.0916931,106.5448581,110,Unhealthy for Sensitive Groups,2,32.0,63,0.0,6.9,118,1008.9,64,10.4,12.0,148.0,1.2,93.0,2.0
2025-05-13 13:00:00,2025,5,13,13,Vĩnh Long,Xã An Ngãi Trung,10.0916931,106.5448581,109,Unhealthy for Sensitive Groups,2,32.0,65,0.0,10.8,118,1008.1,28,9.7,11.0,145.0,1.9,92.0,1.9
2025-05-13 14:00:00,2025,5,13,14,Vĩnh Long,Xã An Ngãi Trung,10.0916931,106.5448581,108,Unhealthy for Sensitive Groups,2,31.5,65,0.3,12.3,120,1006.6,80,11.4,12.5,138.0,2.2,89.0,1.9
2025-05-13 15:00:00,2025,5,13,15,Vĩnh Long,Xã An Ngãi Trung,10.0916931,106.5448581,107,Unhealthy for Sensitive Groups,2,31.0,67,0.6,13.9,126,1005.8,90,11.8,12.7,134.0,3.0,84.0,2.2
2025-05-13 16:00:00,2025,5,13,16,Vĩnh Long,Xã An Ngãi Trung,10.0916931,106.5448581,107,Unhealthy for Sensitive Groups,2,29.8,73,1.9,11.8,151,1005.9,98,12.4,13.4,146.0,4.9,78.0,2.7
2025-05-13 17:00:00,2025,5,13,17,Vĩnh Long,Xã An Ngãi Trung,10.0916931,106.5448581,107,Unhealthy for Sensitive Groups,2,29.4,73,0.1,8.5,155,1005.8,85,13.7,14.9,189.0,8.5,69.0,3.5
2025-05-13 18:00:00,2025,5,13,18,Vĩnh Long,Xã An Ngãi Trung,10.0916931,106.5448581,107,Unhealthy for Sensitive Groups,2,28.6,78,0.0,4.3,158,1006.3,84,21.2,22.8,249.0,13.2,59.0,4.6
2025-05-13 19:00:00,2025,5,13,19,Vĩnh Long,Xã An Ngãi Trung,10.0916931,106.5448581,107,Unhealthy for Sensitive Groups,2,27.9,84,0.0,3.4,115,1007.2,74,40.3,41.7,297.0,24.8,39.0,7.9
2025-05-13 20:00:00,2025,5,13,20,Vĩnh Long,Xã An Ngãi Trung,10.0916931,106.5448581,107,Unhealthy for Sensitive Groups,2,26.2,95,0.0,2.7,242,1008.5,100,56.1,57.6,323.0,31.5,32.0,10.2
2025-05-13 21:00:00,2025,5,13,21,Vĩnh Long,Xã An Ngãi Trung,10.0916931,106.5448581,108,Unhealthy for Sensitive Groups,2,26.1,96,0.0,0.5,90,1009.2,90,68.7,70.1,337.0,40.8,22.0,13.4
2025-05-13 22:00:00,2025,5,13,22,Vĩnh Long,Xã An Ngãi Trung,10.0916931,106.5448581,110,Unhealthy for Sensitive Groups,2,25.9,97,0.0,2.1,121,1009.9,100,86.4,88.0,335.0,47.7,14.0,15.6
2025-05-13 23:00:00,2025,5,13,23,Vĩnh Long,Xã An Ngãi Trung,10.0916931,106.5448581,113,Unhealthy for Sensitive Groups,2,25.9,97,0.0,2.7,138,1010.4,100,94.1,95.7,309.0,50.4,11.0,16.1
2025-05-14 00:00:00,2025,5,14,0,Vĩnh Long,Xã An Ngãi Trung,10.0916931,106.5448581,117,Unhealthy for Sensitive Groups,2,26.0,96,0.0,1.1,108,1010.0,100,102.7,104.5,268.0,50.7,10.0,15.7
2025-05-14 01:00:00,2025,5,14,1,Vĩnh Long,Xã An Ngãi Trung,10.0916931,106.5448581,121,Unhealthy for Sensitive Groups,2,26.0,95,0.0,0.6,56,1009.5,100,98.5,100.4,237.0,49.4,11.0,14.9
2025-05-14 02:00:00,2025,5,14,2,Vĩnh Long,Xã An Ngãi Trung,10.0916931,106.5448581,125,Unhealthy for Sensitive Groups,2,25.8,97,0.0,3.1,62,1008.8,99,100.1,102.0,227.0,46.6,13.0,13.8
2025-05-14 03:00:00,2025,5,14,3,Vĩnh Long,Xã An Ngãi Trung,10.0916931,106.5448581,129,Unhealthy for Sensitive Groups,2,25.7,96,0.0,2.8,75,1008.4,100,97.3,99.2,228.0,42.2,15.0,12.3
2025-05-14 04:00:00,2025,5,14,4,Vĩnh Long,Xã An Ngãi Trung,10.0916931,106.5448581,133,Unhealthy for Sensitive Groups,2,25.7,96,0.0,4.5,97,1008.3,100,82.0,83.6,230.0,36.7,20.0,10.7
2025-05-14 05:00:00,2025,5,14,5,Vĩnh Long,Xã An Ngãi Trung,10.0916931,106.5448581,135,Unhealthy for Sensitive Groups,2,26.0,95,0.0,5.2,92,1008.4,100,59.8,61.2,236.0,29.5,27.0,8.9
2025-05-14 06:00:00,2025,5,14,6,Vĩnh Long,Xã An Ngãi Trung,10.0916931,106.5448581,134,Unhealthy for Sensitive Groups,2,26.4,93,0.0,6.1,76,1008.4,100,45.1,46.2,243.0,21.1,35.0,6.9
2025-05-14 07:00:00,2025,5,14,7,Vĩnh Long,Xã An Ngãi Trung,10.0916931,106.5448581,132,Unhealthy for Sensitive Groups,2,28.0,88,0.0,8.3,85,1009.0,91,29.0,30.2,238.0,14.0,44.0,5.2
2025-05-14 08:00:00,2025,5,14,8,Vĩnh Long,Xã An Ngãi Trung,10.0916931,106.5448581,128,Unhealthy for Sensitive Groups,2,30.0,74,0.0,11.9,105,1009.2,81,15.8,17.0,208.0,10.6,52.0,4.1
2025-05-14 09:00:00,2025,5,14,9,Vĩnh Long,Xã An Ngãi Trung,10.0916931,106.5448581,127,Unhealthy for Sensitive Groups,2,31.2,69,0.0,14.1,106,1009.9,9,8.5,9.6,167.0,5.8,63.0,2.6
2025-05-14 10:00:00,2025,5,14,10,Vĩnh Long,Xã An Ngãi Trung,10.0916931,106.5448581,126,Unhealthy for Sensitive Groups,2,31.9,66,0.0,14.5,101,1009.7,8,6.7,7.7,136.0,2.3,72.0,1.5
2025-05-14 11:00:00,2025,5,14,11,Vĩnh Long,Xã An Ngãi Trung,10.0916931,106.5448581,125,Unhealthy for Sensitive Groups,2,32.2,64,0.0,13.8,106,1009.8,8,5.7,6.8,128.0,1.1,76.0,1.1
2025-05-14 12:00:00,2025,5,14,12,Vĩnh Long,Xã An Ngãi Trung,10.0916931,106.5448581,125,Unhealthy for Sensitive Groups,2,32.3,62,0.1,15.2,111,1009.4,26,5.7,6.9,132.0,1.1,77.0,1.1
2025-05-14 13:00:00,2025,5,14,13,Vĩnh Long,Xã An Ngãi Trung,10.0916931,106.5448581,124,Unhealthy for Sensitive Groups,2,31.9,64,0.9,16.5,115,1009.0,57,5.6,6.8,136.0,1.3,77.0,1.1
2025-05-14 14:00:00,2025,5,14,14,Vĩnh Long,Xã An Ngãi Trung,10.0916931,106.5448581,124,Unhealthy for Sensitive Groups,2,31.2,64,1.1,15.9,123,1007.9,78,5.9,7.3,134.0,1.1,77.0,1.0
2025-05-14 15:00:00,2025,5,14,15,Vĩnh Long,Xã An Ngãi Trung,10.0916931,106.5448581,123,Unhealthy for Sensitive Groups,2,31.0,68,0.2,16.5,124,1006.4,56,6.5,8.0,131.0,1.1,77.0,1.0
2025-05-14 16:00:00,2025,5,14,16,Vĩnh Long,Xã An Ngãi Trung,10.0916931,106.5448581,122,Unhealthy for Sensitive Groups,2,30.9,68,0.1,15.7,129,1006.5,41,7.2,8.9,135.0,2.0,75.0,1.2
2025-05-14 17:00:00,2025,5,14,17,Vĩnh Long,Xã An Ngãi Trung,10.0916931,106.5448581,122,Unhealthy for Sensitive Groups,2,30.1,71,0.0,13.3,126,1006.7,83,8.9,10.7,150.0,3.8,70.0,1.7
2025-05-14 18:00:00,2025,5,14,18,Vĩnh Long,Xã An Ngãi Trung,10.0916931,106.5448581,121,Unhealthy for Sensitive Groups,2,29.2,75,0.0,9.3,130,1007.4,100,13.3,15.1,171.0,6.4,64.0,2.3
2025-05-14 19:00:00,2025,5,14,19,Vĩnh Long,Xã An Ngãi Trung,10.0916931,106.5448581,121,Unhealthy for Sensitive Groups,2,28.5,79,0.0,6.6,127,1008.5,100,20.3,22.7,188.0,10.5,51.0,3.4
2025-05-14 20:00:00,2025,5,14,20,Vĩnh Long,Xã An Ngãi Trung,10.0916931,106.5448581,119,Unhealthy for Sensitive Groups,2,28.4,81,0.0,5.0,125,1008.9,100,24.2,26.3,195.0,11.9,48.0,3.8
2025-05-14 21:00:00,2025,5,14,21,Vĩnh Long,Xã An Ngãi Trung,10.0916931,106.5448581,115,Unhealthy for Sensitive Groups,2,28.5,79,0.0,6.6,116,1009.7,100,24.1,26.1,197.0,13.9,44.0,4.3
2025-05-14 22:00:00,2025,5,14,22,Vĩnh Long,Xã An Ngãi Trung,10.0916931,106.5448581,111,Unhealthy for Sensitive Groups,2,28.4,80,0.0,7.7,102,1010.4,100,30.0,32.0,200.0,15.8,40.0,4.7
2025-05-14 23:00:00,2025,5,14,23,Vĩnh Long,Xã An Ngãi Trung,10.0916931,106.5448581,105,Unhealthy for Sensitive Groups,2,27.9,82,0.0,6.2,105,1010.2,100,31.4,33.4,209.0,17.2,37.0,4.6
2025-05-15 00:00:00,2025,5,15,0,Vĩnh Long,Xã An Ngãi Trung,10.0916931,106.5448581,98,Moderate,1,27.5,84,0.0,5.0,103,1009.7,100,34.3,36.3,219.0,18.5,35.0,4.3
2025-05-15 01:00:00,2025,5,15,1,Vĩnh Long,Xã An Ngãi Trung,10.0916931,106.5448581,92,Moderate,1,27.2,85,0.0,5.1,108,1009.2,100,39.6,41.6,218.0,20.3,33.0,4.3
2025-05-15 02:00:00,2025,5,15,2,Vĩnh Long,Xã An Ngãi Trung,10.0916931,106.5448581,87,Moderate,1,27.2,86,0.0,4.9,107,1008.6,100,46.7,48.8,197.0,23.7,29.0,4.8
2025-05-15 03:00:00,2025,5,15,3,Vĩnh Long,Xã An Ngãi Trung,10.0916931,106.5448581,82,Moderate,1,27.2,85,0.0,4.1,92,1008.0,100,59.1,61.2,165.0,27.6,24.0,5.7
2025-05-15 04:00:00,2025,5,15,4,Vĩnh Long,Xã An Ngãi Trung,10.0916931,106.5448581,79,Moderate,1,27.0,87,0.0,4.9,73,1007.6,100,73.6,75.7,142.0,29.0,23.0,6.2
2025-05-15 05:00:00,2025,5,15,5,Vĩnh Long,Xã An Ngãi Trung,10.0916931,106.5448581,78,Moderate,1,26.8,89,0.0,4.4,55,1007.7,100,63.8,65.9,136.0,26.1,28.0,6.4
2025-05-15 06:00:00,2025,5,15,6,Vĩnh Long,Xã An Ngãi Trung,10.0916931,106.5448581,79,Moderate,1,27.0,88,0.3,5.2,46,1008.2,100,66.6,68.5,139.0,20.8,35.0,6.3
2025-05-15 07:00:00,2025,5,15,7,Vĩnh Long,Xã An Ngãi Trung,10.0916931,106.5448581,81,Moderate,1,27.8,86,1.3,9.8,85,1009.1,100,25.8,27.6,140.0,10.4,44.0,4.3
2025-05-15 08:00:00,2025,5,15,8,Vĩnh Long,Xã An Ngãi Trung,10.0916931,106.5448581,80,Moderate,1,28.5,79,1.6,10.2,76,1010.0,98,12.6,14.8,134.0,7.9,48.0,3.3
2025-05-15 09:00:00,2025,5,15,9,Vĩnh Long,Xã An Ngãi Trung,10.0916931,106.5448581,80,Moderate,1,30.4,71,0.1,13.5,89,1010.4,97,8.2,9.8,127.0,4.5,53.0,2.0
2025-05-15 10:00:00,2025,5,15,10,Vĩnh Long,Xã An Ngãi Trung,10.0916931,106.5448581,80,Moderate,1,28.3,81,3.2,13.1,106,1010.9,100,6.3,7.7,122.0,2.0,58.0,1.1
2025-05-15 11:00:00,2025,5,15,11,Vĩnh Long,Xã An Ngãi Trung,10.0916931,106.5448581,80,Moderate,1,30.3,73,0.3,12.3,100,1010.4,99,5.4,6.7,121.0,1.1,64.0,0.9
2025-05-15 12:00:00,2025,5,15,12,Vĩnh Long,Xã An Ngãi Trung,10.0916931,106.5448581,80,Moderate,1,31.3,71,0.1,13.8,103,1009.5,100,6.4,7.9,123.0,1.1,69.0,1.0
2025-05-15 13:00:00,2025,5,15,13,Vĩnh Long,Xã An Ngãi Trung,10.0916931,106.5448581,80,Moderate,1,29.5,78,2.3,13.0,104,1009.0,99,5.8,7.0,124.0,1.4,73.0,1.2
2025-05-15 14:00:00,2025,5,15,14,Vĩnh Long,Xã An Ngãi Trung,10.0916931,106.5448581,80,Moderate,1,31.1,71,0.1,10.4,132,1008.1,99,5.9,7.1,122.0,1.4,74.0,1.2
2025-05-15 15:00:00,2025,5,15,15,Vĩnh Long,Xã An Ngãi Trung,10.0916931,106.5448581,80,Moderate,1,29.1,73,0.6,14.1,118,1007.7,100,6.6,7.9,120.0,1.7,72.0,1.3
2025-05-15 16:00:00,2025,5,15,16,Vĩnh Long,Xã An Ngãi Trung,10.0916931,106.5448581,80,Moderate,1,28.4,79,0.5,13.0,135,1007.8,99,8.1,9.3,124.0,3.0,68.0,1.6
2025-05-15 17:00:00,2025,5,15,17,Vĩnh Long,Xã An Ngãi Trung,10.0916931,106.5448581,80,Moderate,1,28.2,80,0.0,13.1,119,1007.7,94,8.8,10.2,139.0,6.1,61.0,2.3
2025-05-15 18:00:00,2025,5,15,18,Vĩnh Long,Xã An Ngãi Trung,10.0916931,106.5448581,80,Moderate,1,27.6,82,0.0,10.0,104,1007.9,99,11.1,12.3,160.0,10.1,51.0,3.3
2025-05-15 19:00:00,2025,5,15,19,Vĩnh Long,Xã An Ngãi Trung,10.0916931,106.5448581,80,Moderate,1,27.4,82,0.0,5.9,88,1008.3,99,21.8,23.0,175.0,14.0,39.0,4.4
2025-05-15 20:00:00,2025,5,15,20,Vĩnh Long,Xã An Ngãi Trung,10.0916931,106.5448581,80,Moderate,1,27.5,85,0.0,8.4,106,1009.3,100,27.1,28.3,176.0,15.6,35.0,4.9
2025-05-15 21:00:00,2025,5,15,21,Vĩnh Long,Xã An Ngãi Trung,10.0916931,106.5448581,80,Moderate,1,27.0,86,0.0,6.1,109,1010.1,100,32.5,33.6,171.0,17.9,30.0,5.5
2025-05-15 22:00:00,2025,5,15,22,Vĩnh Long,Xã An Ngãi Trung,10.0916931,106.5448581,81,Moderate,1,26.8,89,0.0,3.6,108,1010.3,100,32.9,34.1,171.0,19.6,26.0,5.8
2025-05-15 23:00:00,2025,5,15,23,Vĩnh Long,Xã An Ngãi Trung,10.0916931,106.5448581,81,Moderate,1,26.8,89,0.0,4.4,99,1010.2,100,32.9,34.0,183.0,19.9,25.0,5.4
2025-05-16 00:00:00,2025,5,16,0,Vĩnh Long,Xã An Ngãi Trung,10.0916931,106.5448581,81,Moderate,1,26.9,90,0.0,4.9,84,1009.9,100,33.1,34.1,201.0,19.7,25.0,4.8
2025-05-16 01:00:00,2025,5,16,1,Vĩnh Long,Xã An Ngãi Trung,10.0916931,106.5448581,81,Moderate,1,26.8,92,0.0,4.3,85,1009.2,100,35.7,36.8,212.0,20.1,25.0,4.5
2025-05-16 02:00:00,2025,5,16,2,Vĩnh Long,Xã An Ngãi Trung,10.0916931,106.5448581,81,Moderate,1,26.5,93,0.0,4.1,75,1008.8,100,39.2,40.3,210.0,22.4,23.0,5.0
2025-05-16 03:00:00,2025,5,16,3,Vĩnh Long,Xã An Ngãi Trung,10.0916931,106.5448581,80,Moderate,1,26.4,93,0.1,4.4,78,1008.4,90,53.3,54.5,202.0,25.4,20.0,6.0
2025-05-16 04:00:00,2025,5,16,4,Vĩnh Long,Xã An Ngãi Trung,10.0916931,106.5448581,80,Moderate,1,26.2,94,0.6,5.7,77,1008.6,100,64.5,65.7,196.0,26.1,20.0,6.4
2025-05-16 05:00:00,2025,5,16,5,Vĩnh Long,Xã An Ngãi Trung,10.0916931,106.5448581,79,Moderate,1,26.1,95,0.1,6.4,112,1008.7,100,57.9,58.8,196.0,22.7,26.0,6.0
2025-05-16 06:00:00,2025,5,16,6,Vĩnh Long,Xã An Ngãi Trung,10.0916931,106.5448581,78,Moderate,1,26.0,93,0.1,10.1,74,1008.7,100,57.9,58.8,198.0,17.1,35.0,5.1
2025-05-16 07:00:00,2025,5,16,7,Vĩnh Long,Xã An Ngãi Trung,10.0916931,106.5448581,78,Moderate,1,26.4,90,0.0,9.2,67,1008.9,98,38.3,40.4,194.0,15.3,43.0,6.0
2025-05-16 08:00:00,2025,5,16,8,Vĩnh Long,Xã An Ngãi Trung,10.0916931,106.5448581,79,Moderate,1,28.5,80,0.1,12.6,88,1009.9,92,16.6,18.5,177.0,11.4,50.0,4.7
2025-05-16 09:00:00,2025,5,16,9,Vĩnh Long,Xã An Ngãi Trung,10.0916931,106.5448581,79,Moderate,1,29.9,76,0.2,11.6,94,1010.0,97,10.1,11.8,155.0,6.0,59.0,2.9
2025-05-16 10:00:00,2025,5,16,10,Vĩnh Long,Xã An Ngãi Trung,10.0916931,106.5448581,79,Moderate,1,31.1,70,0.0,12.6,99,1009.8,95,7.4,9.1,138.0,2.0,66.0,1.6
2025-05-16 11:00:00,2025,5,16,11,Vĩnh Long,Xã An Ngãi Trung,10.0916931,106.5448581,79,Moderate,1,31.5,69,0.2,16.6,100,1009.4,100,6.8,8.4,133.0,0.8,70.0,1.1
2025-05-16 12:00:00,2025,5,16,12,Vĩnh Long,Xã An Ngãi Trung,10.0916931,106.5448581,79,Moderate,1,32.2,66,0.1,17.1,105,1008.9,100,6.5,8.1,133.0,1.0,71.0,1.1
2025-05-16 13:00:00,2025,5,16,13,Vĩnh Long,Xã An Ngãi Trung,10.0916931,106.5448581,80,Moderate,1,32.0,67,0.0,17.7,109,1008.2,37,6.6,8.4,134.0,1.4,72.0,1.1
2025-05-16 14:00:00,2025,5,16,14,Vĩnh Long,Xã An Ngãi Trung,10.0916931,106.5448581,80,Moderate,1,32.0,67,0.0,17.9,109,1006.7,27,6.1,7.7,133.0,1.1,73.0,1.0
2025-05-16 15:00:00,2025,5,16,15,Vĩnh Long,Xã An Ngãi Trung,10.0916931,106.5448581,80,Moderate,1,31.3,65,1.0,19.0,112,1006.0,71,7.8,9.6,133.0,0.9,72.0,0.9
2025-05-16 16:00:00,2025,5,16,16,Vĩnh Long,Xã An Ngãi Trung,10.0916931,106.5448581,80,Moderate,1,30.7,70,0.1,17.4,114,1005.7,96,7.0,8.6,136.0,2.1,69.0,1.2
2025-05-16 17:00:00,2025,5,16,17,Vĩnh Long,Xã An Ngãi Trung,10.0916931,106.5448581,80,Moderate,1,30.1,71,0.0,16.8,113,1005.8,48,8.2,9.8,144.0,5.5,62.0,2.0
2025-05-16 18:00:00,2025,5,16,18,Vĩnh Long,Xã An Ngãi Trung,10.0916931,106.5448581,80,Moderate,1,29.4,74,0.0,11.9,117,1006.5,99,14.7,16.0,157.0,10.3,52.0,3.2
2025-05-16 19:00:00,2025,5,16,19,Vĩnh Long,Xã An Ngãi Trung,10.0916931,106.5448581,80,Moderate,1,28.7,77,0.0,7.7,115,1007.4,100,16.6,18.5,172.0,9.6,50.0,3.1
2025-05-16 20:00:00,2025,5,16,20,Vĩnh Long,Xã An Ngãi Trung,10.0916931,106.5448581,79,Moderate,1,28.8,78,0.0,7.6,117,1007.8,99,22.8,24.6,196.0,14.3,44.0,4.4
2025-05-16 21:00:00,2025,5,16,21,Vĩnh Long,Xã An Ngãi Trung,10.0916931,106.5448581,79,Moderate,1,28.6,79,0.0,7.6,124,1008.3,100,35.0,36.9,224.0,20.8,35.0,6.2
2025-05-16 22:00:00,2025,5,16,22,Vĩnh Long,Xã An Ngãi Trung,10.0916931,106.5448581,79,Moderate,1,28.0,83,0.0,5.5,117,1008.8,100,46.2,48.2,236.0,25.6,29.0,7.3
2025-05-16 23:00:00,2025,5,16,23,Vĩnh Long,Xã An Ngãi Trung,10.0916931,106.5448581,80,Moderate,1,27.5,88,0.0,3.3,135,1009.4,96,57.2,59.3,221.0,27.5,26.0,7.3
2025-05-17 00:00:00,2025,5,17,0,Vĩnh Long,Xã An Ngãi Trung,10.0916931,106.5448581,83,Moderate,1,27.0,88,0.3,5.8,129,1009.4,100,56.0,57.9,191.0,27.9,25.0,6.7
2025-05-17 01:00:00,2025,5,17,1,Vĩnh Long,Xã An Ngãi Trung,10.0916931,106.5448581,85,Moderate,1,26.6,90,0.3,13.8,130,1009.2,100,55.8,57.6,166.0,26.9,26.0,5.9
2025-05-17 02:00:00,2025,5,17,2,Vĩnh Long,Xã An Ngãi Trung,10.0916931,106.5448581,86,Moderate,1,25.6,93,0.1,7.4,137,1009.0,100,36.2,38.1,153.0,23.9,29.0,4.9
2025-05-17 03:00:00,2025,5,17,3,Vĩnh Long,Xã An Ngãi Trung,10.0916931,106.5448581,86,Moderate,1,25.3,94,0.1,5.4,82,1008.0,99,31.1,32.7,145.0,19.6,34.0,3.8
2025-05-17 04:00:00,2025,5,17,4,Vĩnh Long,Xã An Ngãi Trung,10.0916931,106.5448581,84,Moderate,1,25.4,94,0.0,5.9,200,1008.5,56,30.6,31.9,144.0,16.7,38.0,3.3
2025-05-17 05:00:00,2025,5,17,5,Vĩnh Long,Xã An Ngãi Trung,10.0916931,106.5448581,81,Moderate,1,25.2,94,0.1,4.4,150,1008.8,90,28.6,29.9,157.0,17.4,38.0,4.1
2025-05-17 06:00:00,2025,5,17,6,Vĩnh Long,Xã An Ngãi Trung,10.0916931,106.5448581,79,Moderate,1,25.6,94,0.1,5.5,128,1009.3,46,38.6,39.9,178.0,19.5,37.0,5.5
2025-05-17 07:00:00,2025,5,17,7,Vĩnh Long,Xã An Ngãi Trung,10.0916931,106.5448581,77,Moderate,1,27.0,87,0.0,10.9,109,1009.7,68,22.2,23.6,189.0,9.3,54.0,4.1
2025-05-17 08:00:00,2025,5,17,8,Vĩnh Long,Xã An Ngãi Trung,10.0916931,106.5448581,75,Moderate,1,27.5,83,0.1,15.0,86,1010.8,100,17.1,18.5,180.0,7.2,60.0,3.4
2025-05-17 09:00:00,2025,5,17,9,Vĩnh Long,Xã An Ngãi Trung,10.0916931,106.5448581,75,Moderate,1,29.0,76,0.0,15.3,94,1010.7,100,11.1,11.9,162.0,4.2,67.0,2.4
2025-05-17 10:00:00,2025,5,17,10,Vĩnh Long,Xã An Ngãi Trung,10.0916931,106.5448581,76,Moderate,1,29.7,73,0.1,16.9,101,1010.4,100,8.8,9.5,147.0,2.0,73.0,1.6
2025-05-17 11:00:00,2025,5,17,11,Vĩnh Long,Xã An Ngãi Trung,10.0916931,106.5448581,76,Moderate,1,30.0,72,0.1,17.1,98,1010.0,100,7.9,8.5,141.0,1.3,74.0,1.3
2025-05-17 12:00:00,2025,5,17,12,Vĩnh Long,Xã An Ngãi Trung,10.0916931,106.5448581,76,Moderate,1,29.1,75,0.1,17.7,99,1009.7,100,7.1,7.7,139.0,1.2,74.0,1.1
2025-05-17 13:00:00,2025,5,17,13,Vĩnh Long,Xã An Ngãi Trung,10.0916931,106.5448581,76,Moderate,1,30.5,69,0.0,18.0,98,1008.7,100,7.0,7.7,138.0,1.4,73.0,1.1
2025-05-17 14:00:00,2025,5,17,14,Vĩnh Long,Xã An Ngãi Trung,10.0916931,106.5448581,76,Moderate,1,30.7,67,0.0,18.9,101,1007.5,100,6.8,7.6,134.0,1.3,73.0,1.1
2025-05-17 15:00:00,2025,5,17,15,Vĩnh Long,Xã An Ngãi Trung,10.0916931,106.5448581,76,Moderate,1,30.4,68,0.0,18.6,103,1006.3,90,7.2,8.1,131.0,1.4,73.0,1.2
2025-05-17 16:00:00,2025,5,17,16,Vĩnh Long,Xã An Ngãi Trung,10.0916931,106.5448581,76,Moderate,1,30.2,68,0.0,17.1,110,1005.8,83,7.7,8.7,133.0,2.2,71.0,1.5
2025-05-17 17:00:00,2025,5,17,17,Vĩnh Long,Xã An Ngãi Trung,10.0916931,106.5448581,76,Moderate,1,29.3,73,0.0,15.6,114,1006.0,84,8.4,9.4,143.0,4.2,65.0,2.0
2025-05-17 18:00:00,2025,5,17,18,Vĩnh Long,Xã An Ngãi Trung,10.0916931,106.5448581,76,Moderate,1,28.7,75,0.0,11.6,111,1006.1,97,11.9,13.1,157.0,6.9,57.0,2.7
2025-05-17 19:00:00,2025,5,17,19,Vĩnh Long,Xã An Ngãi Trung,10.0916931,106.5448581,76,Moderate,1,28.4,77,0.0,8.3,108,1006.9,100,20.6,21.9,170.0,11.4,48.0,4.0
2025-05-17 20:00:00,2025,5,17,20,Vĩnh Long,Xã An Ngãi Trung,10.0916931,106.5448581,76,Moderate,1,28.6,79,0.0,6.8,107,1007.8,100,26.2,27.5,182.0,12.8,45.0,4.5
2025-05-17 21:00:00,2025,5,17,21,Vĩnh Long,Xã An Ngãi Trung,10.0916931,106.5448581,76,Moderate,1,28.6,79,0.0,8.2,100,1008.5,100,28.5,29.8,192.0,14.8,41.0,5.1
2025-05-17 22:00:00,2025,5,17,22,Vĩnh Long,Xã An Ngãi Trung,10.0916931,106.5448581,76,Moderate,1,28.5,79,0.0,8.2,104,1009.4,100,30.9,32.2,196.0,16.4,37.0,5.4
2025-05-17 23:00:00,2025,5,17,23,Vĩnh Long,Xã An Ngãi Trung,10.0916931,106.5448581,74,Moderate,1,28.2,80,0.0,6.9,113,1009.7,100,32.5,33.9,188.0,17.3,35.0,5.2
2025-05-18 00:00:00,2025,5,18,0,Vĩnh Long,Xã An Ngãi Trung,10.0916931,106.5448581,72,Moderate,1,28.0,82,0.0,5.9,110,1009.2,100,34.1,35.5,173.0,17.8,33.0,4.8
2025-05-18 01:00:00,2025,5,18,1,Vĩnh Long,Xã An Ngãi Trung,10.0916931,106.5448581,70,Moderate,1,27.5,85,0.0,5.0,105,1008.8,100,35.0,36.4,165.0,18.1,32.0,4.4
2025-05-18 02:00:00,2025,5,18,2,Vĩnh Long,Xã An Ngãi Trung,10.0916931,106.5448581,68,Moderate,1,27.2,87,0.0,5.0,90,1008.5,87,33.9,35.3,171.0,18.3,31.0,4.1
2025-05-18 03:00:00,2025,5,18,3,Vĩnh Long,Xã An Ngãi Trung,10.0916931,106.5448581,68,Moderate,1,27.2,86,0.0,5.9,78,1008.2,87,32.7,34.1,184.0,18.2,31.0,3.9
2025-05-18 04:00:00,2025,5,18,4,Vĩnh Long,Xã An Ngãi Trung,10.0916931,106.5448581,68,Moderate,1,27.0,87,0.0,6.0,85,1008.1,100,33.3,34.7,194.0,17.5,32.0,3.8
2025-05-18 05:00:00,2025,5,18,5,Vĩnh Long,Xã An Ngãi Trung,10.0916931,106.5448581,69,Moderate,1,26.8,88,0.0,5.8,83,1008.2,97,33.4,34.7,197.0,16.1,34.0,4.0
2025-05-18 06:00:00,2025,5,18,6,Vĩnh Long,Xã An Ngãi Trung,10.0916931,106.5448581,69,Moderate,1,27.2,86,0.0,8.2,81,1008.4,99,36.1,37.5,198.0,14.2,38.0,4.4
2025-05-18 07:00:00,2025,5,18,7,Vĩnh Long,Xã An Ngãi Trung,10.0916931,106.5448581,69,Moderate,1,29.1,77,0.0,13.4,82,1008.8,99,34.8,36.1,192.0,14.1,42.0,5.3
2025-05-18 08:00:00,2025,5,18,8,Vĩnh Long,Xã An Ngãi Trung,10.0916931,106.5448581,70,Moderate,1,30.5,67,0.0,13.9,92,1010.2,97,13.6,15.3,177.0,10.5,52.0,4.3
2025-05-18 09:00:00,2025,5,18,9,Vĩnh Long,Xã An Ngãi Trung,10.0916931,106.5448581,70,Moderate,1,31.0,66,0.0,15.9,94,1010.4,99,10.2,11.9,156.0,5.5,65.0,2.8
2025-05-18 10:00:00,2025,5,18,10,Vĩnh Long,Xã An Ngãi Trung,10.0916931,106.5448581,70,Moderate,1,31.4,65,0.1,15.7,92,1010.1,99,8.6,10.4,140.0,1.8,74.0,1.7
2025-05-18 11:00:00,2025,5,18,11,Vĩnh Long,Xã An Ngãi Trung,10.0916931,106.5448581,70,Moderate,1,32.0,62,0.1,16.9,97,1009.5,100,7.4,9.1,135.0,0.7,76.0,1.2
2025-05-18 12:00:00,2025,5,18,12,Vĩnh Long,Xã An Ngãi Trung,10.0916931,106.5448581,69,Moderate,1,31.8,63,0.0,17.3,99,1008.8,100,6.9,8.6,135.0,0.9,75.0,1.0
2025-05-18 13:00:00,2025,5,18,13,Vĩnh Long,Xã An Ngãi Trung,10.0916931,106.5448581,69,Moderate,1,31.8,62,0.4,17.9,105,1008.2,96,6.5,8.2,135.0,1.3,73.0,1.0
2025-05-18 14:00:00,2025,5,18,14,Vĩnh Long,Xã An Ngãi Trung,10.0916931,106.5448581,69,Moderate,1,31.4,66,0.2,18.1,111,1007.2,88,6.6,8.3,134.0,1.3,73.0,1.0
2025-05-18 15:00:00,2025,5,18,15,Vĩnh Long,Xã An Ngãi Trung,10.0916931,106.5448581,69,Moderate,1,31.0,68,0.1,17.6,112,1006.2,99,7.0,8.8,133.0,1.5,73.0,1.1
2025-05-18 16:00:00,2025,5,18,16,Vĩnh Long,Xã An Ngãi Trung,10.0916931,106.5448581,69,Moderate,1,30.4,70,0.0,16.5,117,1005.6,100,7.9,9.7,135.0,2.3,71.0,1.4
2025-05-18 17:00:00,2025,5,18,17,Vĩnh Long,Xã An Ngãi Trung,10.0916931,106.5448581,69,Moderate,1,29.8,73,0.0,14.1,120,1005.9,100,9.2,10.9,142.0,4.0,65.0,1.8
2025-05-18 18:00:00,2025,5,18,18,Vĩnh Long,Xã An Ngãi Trung,10.0916931,106.5448581,69,Moderate,1,28.8,78,0.0,11.9,119,1006.0,100,12.5,14.1,153.0,6.5,57.0,2.4
2025-05-18 19:00:00,2025,5,18,19,Vĩnh Long,Xã An Ngãi Trung,10.0916931,106.5448581,70,Moderate,1,28.3,80,0.0,8.4,118,1006.5,100,14.8,16.8,165.0,8.0,50.0,2.8
2025-05-18 20:00:00,2025,5,18,20,Vĩnh Long,Xã An Ngãi Trung,10.0916931,106.5448581,69,Moderate,1,28.8,77,0.0,6.9,105,1006.6,87,16.6,18.5,182.0,9.6,48.0,3.3
2025-05-18 21:00:00,2025,5,18,21,Vĩnh Long,Xã An Ngãi Trung,10.0916931,106.5448581,68,Moderate,1,28.5,80,0.0,8.2,112,1007.3,27,21.0,22.9,199.0,11.8,44.0,4.0
2025-05-18 22:00:00,2025,5,18,22,Vĩnh Long,Xã An Ngãi Trung,10.0916931,106.5448581,68,Moderate,1,28.3,81,0.0,7.8,112,1008.0,53,26.5,28.5,208.0,13.9,41.0,4.4
2025-05-18 23:00:00,2025,5,18,23,Vĩnh Long,Xã An Ngãi Trung,10.0916931,106.5448581,67,Moderate,1,28.3,81,0.0,9.6,113,1008.3,85,28.2,30.2,200.0,15.5,39.0,4.4
2025-05-19 00:00:00,2025,5,19,0,Vĩnh Long,Xã An Ngãi Trung,10.0916931,106.5448581,67,Moderate,1,28.2,82,0.0,8.8,110,1008.2,30,30.6,32.6,182.0,16.8,36.0,4.1
2025-05-19 01:00:00,2025,5,19,1,Vĩnh Long,Xã An Ngãi Trung,10.0916931,106.5448581,66,Moderate,1,28.0,83,0.0,7.1,114,1007.9,35,36.2,38.1,166.0,18.4,34.0,4.0
2025-05-19 02:00:00,2025,5,19,2,Vĩnh Long,Xã An Ngãi Trung,10.0916931,106.5448581,67,Moderate,1,27.5,86,0.0,5.1,113,1007.6,45,39.7,41.6,155.0,20.9,31.0,4.2
2025-05-19 03:00:00,2025,5,19,3,Vĩnh Long,Xã An Ngãi Trung,10.0916931,106.5448581,67,Moderate,1,26.8,88,1.3,9.6,70,1007.2,79,44.6,46.4,147.0,23.6,27.0,4.5
2025-05-19 04:00:00,2025,5,19,4,Vĩnh Long,Xã An Ngãi Trung,10.0916931,106.5448581,68,Moderate,1,26.0,93,0.4,10.1,101,1007.1,80,49.0,50.9,145.0,24.3,26.0,4.7
2025-05-19 05:00:00,2025,5,19,5,Vĩnh Long,Xã An Ngãi Trung,10.0916931,106.5448581,69,Moderate,1,25.8,95,0.0,7.5,127,1007.4,99,36.2,37.8,155.0,21.4,29.0,4.6
2025-05-19 06:00:00,2025,5,19,6,Vĩnh Long,Xã An Ngãi Trung,10.0916931,106.5448581,70,Moderate,1,26.2,93,0.0,6.9,118,1007.9,99,29.6,31.1,170.0,16.5,34.0,4.3
2025-05-19 07:00:00,2025,5,19,7,Vĩnh Long,Xã An Ngãi Trung,10.0916931,106.5448581,69,Moderate,1,27.5,87,0.0,9.7,109,1008.4,100,17.3,18.8,178.0,8.1,47.0,3.2
2025-05-19 08:00:00,2025,5,19,8,Vĩnh Long,Xã An Ngãi Trung,10.0916931,106.5448581,68,Moderate,1,30.2,69,0.0,13.4,107,1008.8,62,10.4,12.1,170.0,6.2,54.0,2.8
2025-05-19 09:00:00,2025,5,19,9,Vĩnh Long,Xã An Ngãi Trung,10.0916931,106.5448581,67,Moderate,1,30.4,67,0.2,16.4,109,1009.0,71,8.3,9.9,154.0,3.7,64.0,2.3
2025-05-19 10:00:00,2025,5,19,10,Vĩnh Long,Xã An Ngãi Trung,10.0916931,106.5448581,67,Moderate,1,30.0,77,1.1,13.1,128,1009.5,98,8.2,9.8,141.0,1.9,70.0,1.8
2025-05-19 11:00:00,2025,5,19,11,Vĩnh Long,Xã An Ngãi Trung,10.0916931,106.5448581,67,Moderate,1,28.9,77,2.4,17.0,110,1009.5,100,7.1,8.6,136.0,1.6,69.0,1.5
2025-05-19 12:00:00,2025,5,19,12,Vĩnh Long,Xã An Ngãi Trung,10.0916931,106.5448581,67,Moderate,1,28.6,79,0.8,11.5,115,1009.1,100,6.5,7.9,134.0,2.2,64.0,1.3
2025-05-19 13:00:00,2025,5,19,13,Vĩnh Long,Xã An Ngãi Trung,10.0916931,106.5448581,67,Moderate,1,29.0,77,2.5,13.4,122,1008.2,100,7.2,8.5,134.0,2.7,61.0,1.3
2025-05-19 14:00:00,2025,5,19,14,Vĩnh Long,Xã An Ngãi Trung,10.0916931,106.5448581,67,Moderate,1,29.2,77,0.9,12.6,134,1007.2,100,8.8,10.1,133.0,2.6,63.0,1.4
2025-05-19 15:00:00,2025,5,19,15,Vĩnh Long,Xã An Ngãi Trung,10.0916931,106.5448581,67,Moderate,1,29.9,74,0.1,10.2,152,1006.6,100,8.0,9.2,133.0,2.5,67.0,1.6
2025-05-19 16:00:00,2025,5,19,16,Vĩnh Long,Xã An Ngãi Trung,10.0916931,106.5448581,67,Moderate,1,27.9,79,4.1,12.7,164,1006.4,100,8.7,9.9,140.0,3.7,67.0,2.1
2025-05-19 17:00:00,2025,5,19,17,Vĩnh Long,Xã An Ngãi Trung,10.0916931,106.5448581,67,Moderate,1,26.8,86,2.2,7.4,89,1006.8,100,9.3,10.4,160.0,7.5,60.0,3.0
2025-05-19 18:00:00,2025,5,19,18,Vĩnh Long,Xã An Ngãi Trung,10.0916931,106.5448581,67,Moderate,1,26.4,90,0.0,7.6,86,1006.5,100,16.1,17.2,186.0,12.6,49.0,4.1
2025-05-19 19:00:00,2025,5,19,19,Vĩnh Long,Xã An Ngãi Trung,10.0916931,106.5448581,68,Moderate,1,26.2,91,0.0,6.3,93,1006.4,100,28.1,29.6,206.0,17.3,37.0,5.2
2025-05-19 20:00:00,2025,5,19,20,Vĩnh Long,Xã An Ngãi Trung,10.0916931,106.5448581,69,Moderate,1,26.1,93,0.0,6.5,66,1007.6,100,27.6,28.9,211.0,17.0,36.0,5.2
2025-05-19 21:00:00,2025,5,19,21,Vĩnh Long,Xã An Ngãi Trung,10.0916931,106.5448581,70,Moderate,1,26.1,93,0.0,6.4,79,1008.1,100,27.6,28.9,210.0,16.7,34.0,5.1
2025-05-19 22:00:00,2025,5,19,22,Vĩnh Long,Xã An Ngãi Trung,10.0916931,106.5448581,71,Moderate,1,26.5,91,0.0,7.3,100,1008.3,100,28.6,29.8,209.0,16.8,32.0,5.0
2025-05-19 23:00:00,2025,5,19,23,Vĩnh Long,Xã An Ngãi Trung,10.0916931,106.5448581,71,Moderate,1,26.5,90,0.0,6.5,96,1008.2,100,29.3,30.5,211.0,17.3,31.0,4.7
2025-05-20 00:00:00,2025,5,20,0,Vĩnh Long,Xã An Ngãi Trung,10.0916931,106.5448581,71,Moderate,1,26.5,90,0.0,5.5,113,1007.9,100,31.1,32.2,214.0,18.1,30.0,4.4
2025-05-20 01:00:00,2025,5,20,1,Vĩnh Long,Xã An Ngãi Trung,10.0916931,106.5448581,71,Moderate,1,26.2,92,0.0,4.6,129,1007.4,78,37.0,38.3,219.0,19.6,29.0,4.3
2025-05-20 02:00:00,2025,5,20,2,Vĩnh Long,Xã An Ngãi Trung,10.0916931,106.5448581,71,Moderate,1,26.2,92,0.0,3.8,163,1007.0,38,44.0,45.4,228.0,22.7,25.0,4.7
2025-05-20 03:00:00,2025,5,20,3,Vĩnh Long,Xã An Ngãi Trung,10.0916931,106.5448581,71,Moderate,1,26.3,92,0.0,1.5,173,1006.7,100,51.5,52.9,239.0,26.5,20.0,5.4
2025-05-20 04:00:00,2025,5,20,4,Vĩnh Long,Xã An Ngãi Trung,10.0916931,106.5448581,72,Moderate,1,26.1,93,0.0,0.0,270,1006.8,99,61.9,63.6,251.0,28.6,19.0,6.1
2025-05-20 05:00:00,2025,5,20,5,Vĩnh Long,Xã An Ngãi Trung,10.0916931,106.5448581,73,Moderate,1,25.9,95,0.0,0.9,323,1007.0,100,72.4,74.0,271.0,28.2,23.0,7.2
2025-05-20 06:00:00,2025,5,20,6,Vĩnh Long,Xã An Ngãi Trung,10.0916931,106.5448581,76,Moderate,1,26.1,94,0.0,1.1,342,1007.2,100,93.1,94.8,293.0,26.1,29.0,8.3
2025-05-20 07:00:00,2025,5,20,7,Vĩnh Long,Xã An Ngãi Trung,10.0916931,106.5448581,82,Moderate,1,27.6,88,0.0,1.9,68,1007.7,100,45.2,46.6,295.0,17.7,41.0,6.4
2025-05-20 08:00:00,2025,5,20,8,Vĩnh Long,Xã An Ngãi Trung,10.0916931,106.5448581,84,Moderate,1,29.5,75,0.1,3.8,169,1008.8,99,14.6,16.2,259.0,13.1,50.0,5.2
2025-05-20 09:00:00,2025,5,20,9,Vĩnh Long,Xã An Ngãi Trung,10.0916931,106.5448581,85,Moderate,1,30.6,69,0.1,5.1,148,1009.0,71,10.3,11.8,203.0,6.7,63.0,3.5
2025-05-20 10:00:00,2025,5,20,10,Vĩnh Long,Xã An Ngãi Trung,10.0916931,106.5448581,85,Moderate,1,31.4,65,0.1,5.9,142,1008.8,62,10.0,12.1,160.0,2.1,72.0,2.2
2025-05-20 11:00:00,2025,5,20,11,Vĩnh Long,Xã An Ngãi Trung,10.0916931,106.5448581,85,Moderate,1,32.2,63,0.2,6.3,141,1008.7,93,8.2,9.7,145.0,0.9,74.0,1.6
2025-05-20 12:00:00,2025,5,20,12,Vĩnh Long,Xã An Ngãi Trung,10.0916931,106.5448581,85,Moderate,1,32.7,60,0.0,9.2,137,1008.0,100,7.9,9.2,142.0,1.4,72.0,1.4
2025-05-20 13:00:00,2025,5,20,13,Vĩnh Long,Xã An Ngãi Trung,10.0916931,106.5448581,85,Moderate,1,32.2,61,0.0,12.0,133,1007.1,100,8.1,9.4,141.0,2.1,71.0,1.4
2025-05-20 14:00:00,2025,5,20,14,Vĩnh Long,Xã An Ngãi Trung,10.0916931,106.5448581,85,Moderate,1,31.6,63,0.5,10.5,145,1006.1,100,12.0,13.6,135.0,2.3,72.0,1.4
2025-05-20 15:00:00,2025,5,20,15,Vĩnh Long,Xã An Ngãi Trung,10.0916931,106.5448581,86,Moderate,1,31.8,62,0.2,11.5,150,1005.4,100,8.7,10.2,129.0,2.6,74.0,1.7
2025-05-20 16:00:00,2025,5,20,16,Vĩnh Long,Xã An Ngãi Trung,10.0916931,106.5448581,86,Moderate,1,30.9,66,0.0,13.3,142,1005.3,78,10.4,11.8,130.0,3.6,74.0,2.0
2025-05-20 17:00:00,2025,5,20,17,Vĩnh Long,Xã An Ngãi Trung,10.0916931,106.5448581,86,Moderate,1,30.4,67,0.0,11.2,148,1005.9,50,12.4,14.3,142.0,5.5,70.0,2.5
2025-05-20 18:00:00,2025,5,20,18,Vĩnh Long,Xã An Ngãi Trung,10.0916931,106.5448581,86,Moderate,1,29.1,73,0.0,8.2,148,1006.5,39,16.4,18.0,160.0,8.1,63.0,3.1
2025-05-20 19:00:00,2025,5,20,19,Vĩnh Long,Xã An Ngãi Trung,10.0916931,106.5448581,86,Moderate,1,28.4,78,0.0,6.9,150,1007.3,70,18.0,20.0,177.0,9.5,54.0,3.3
2025-05-20 20:00:00,2025,5,20,20,Vĩnh Long,Xã An Ngãi Trung,10.0916931,106.5448581,85,Moderate,1,28.2,80,0.1,5.8,164,1008.4,97,23.1,25.0,191.0,12.8,49.0,4.2
2025-05-20 21:00:00,2025,5,20,21,Vĩnh Long,Xã An Ngãi Trung,10.0916931,106.5448581,85,Moderate,1,27.9,83,0.0,5.6,176,1008.7,97,29.9,31.8,204.0,17.5,41.0,5.4
2025-05-20 22:00:00,2025,5,20,22,Vĩnh Long,Xã An Ngãi Trung,10.0916931,106.5448581,85,Moderate,1,27.3,87,0.0,4.4,199,1009.0,96,41.6,43.4,216.0,22.3,34.0,6.5
2025-05-20 23:00:00,2025,5,20,23,Vĩnh Long,Xã An Ngãi Trung,10.0916931,106.5448581,86,Moderate,1,27.0,89,0.0,2.4,197,1009.0,95,54.4,56.3,229.0,27.2,28.0,7.2
2025-05-21 00:00:00,2025,5,21,0,Vĩnh Long,Xã An Ngãi Trung,10.0916931,106.5448581,88,Moderate,1,26.8,92,0.0,3.3,216,1008.3,100,65.7,67.8,241.0,32.3,22.0,7.6
2025-05-21 01:00:00,2025,5,21,1,Vĩnh Long,Xã An Ngãi Trung,10.0916931,106.5448581,92,Moderate,1,26.4,95,0.0,4.1,232,1007.8,100,75.7,77.5,250.0,36.4,18.0,8.1
2025-05-21 02:00:00,2025,5,21,2,Vĩnh Long,Xã An Ngãi Trung,10.0916931,106.5448581,95,Moderate,1,26.3,95,0.0,2.7,233,1007.2,100,89.9,91.7,255.0,39.6,15.0,8.7
2025-05-21 03:00:00,2025,5,21,3,Vĩnh Long,Xã An Ngãi Trung,10.0916931,106.5448581,99,Moderate,1,26.2,96,0.0,2.9,176,1006.8,100,102.2,104.3,257.0,41.8,13.0,9.2
2025-05-21 04:00:00,2025,5,21,4,Vĩnh Long,Xã An Ngãi Trung,10.0916931,106.5448581,104,Unhealthy for Sensitive Groups,2,26.4,95,0.0,5.2,207,1007.2,100,95.2,97.1,253.0,41.9,14.0,9.5
2025-05-21 05:00:00,2025,5,21,5,Vĩnh Long,Xã An Ngãi Trung,10.0916931,106.5448581,108,Unhealthy for Sensitive Groups,2,26.3,94,0.1,4.3,182,1007.3,100,84.8,86.6,240.0,39.0,19.0,9.5
2025-05-21 06:00:00,2025,5,21,6,Vĩnh Long,Xã An Ngãi Trung,10.0916931,106.5448581,109,Unhealthy for Sensitive Groups,2,26.5,93,0.0,2.8,117,1007.4,100,88.2,90.1,222.0,34.0,26.0,9.2
2025-05-21 07:00:00,2025,5,21,7,Vĩnh Long,Xã An Ngãi Trung,10.0916931,106.5448581,108,Unhealthy for Sensitive Groups,2,27.0,88,0.0,5.7,134,1008.3,100,45.1,46.8,202.0,19.1,44.0,5.9
2025-05-21 08:00:00,2025,5,21,8,Vĩnh Long,Xã An Ngãi Trung,10.0916931,106.5448581,108,Unhealthy for Sensitive Groups,2,29.2,81,0.0,2.9,158,1008.1,59,20.1,22.0,181.0,14.3,57.0,5.0
2025-05-21 09:00:00,2025,5,21,9,Vĩnh Long,Xã An Ngãi Trung,10.0916931,106.5448581,109,Unhealthy for Sensitive Groups,2,30.3,75,0.0,3.3,131,1008.6,100,14.1,16.2,160.0,7.7,74.0,3.7
2025-05-21 10:00:00,2025,5,21,10,Vĩnh Long,Xã An Ngãi Trung,10.0916931,106.5448581,109,Unhealthy for Sensitive Groups,2,31.6,68,0.0,5.3,114,1008.5,28,12.4,14.7,143.0,2.8,88.0,2.7
2025-05-21 11:00:00,2025,5,21,11,Vĩnh Long,Xã An Ngãi Trung,10.0916931,106.5448581,110,Unhealthy for Sensitive Groups,2,32.6,63,0.0,6.8,122,1007.9,67,11.3,13.6,134.0,1.1,95.0,2.3
2025-05-21 12:00:00,2025,5,21,12,Vĩnh Long,Xã An Ngãi Trung,10.0916931,106.5448581,110,Unhealthy for Sensitive Groups,2,33.1,62,0.0,7.9,129,1007.2,90,11.3,13.6,130.0,1.1,99.0,2.3
2025-05-21 13:00:00,2025,5,21,13,Vĩnh Long,Xã An Ngãi Trung,10.0916931,106.5448581,110,Unhealthy for Sensitive Groups,2,33.2,62,0.0,8.7,146,1006.2,93,11.6,13.9,129.0,1.7,100.0,2.4
2025-05-21 14:00:00,2025,5,21,14,Vĩnh Long,Xã An Ngãi Trung,10.0916931,106.5448581,111,Unhealthy for Sensitive Groups,2,31.2,65,0.9,10.0,144,1005.0,100,10.5,12.4,131.0,2.4,97.0,2.5
2025-05-21 15:00:00,2025,5,21,15,Vĩnh Long,Xã An Ngãi Trung,10.0916931,106.5448581,111,Unhealthy for Sensitive Groups,2,31.0,67,0.4,8.3,156,1004.7,100,10.8,12.4,137.0,3.8,91.0,2.7
2025-05-21 16:00:00,2025,5,21,16,Vĩnh Long,Xã An Ngãi Trung,10.0916931,106.5448581,111,Unhealthy for Sensitive Groups,2,30.4,68,0.1,5.1,172,1004.7,100,16.2,17.5,147.0,6.3,83.0,3.2
2025-05-21 17:00:00,2025,5,21,17,Vĩnh Long,Xã An Ngãi Trung,10.0916931,106.5448581,111,Unhealthy for Sensitive Groups,2,28.0,80,0.2,15.1,243,1005.7,100,20.8,22.4,164.0,10.6,73.0,4.3
2025-05-21 18:00:00,2025,5,21,18,Vĩnh Long,Xã An Ngãi Trung,10.0916931,106.5448581,112,Unhealthy for Sensitive Groups,2,26.2,90,0.1,8.1,283,1006.5,100,26.8,28.2,187.0,16.0,61.0,5.7
2025-05-21 19:00:00,2025,5,21,19,Vĩnh Long,Xã An Ngãi Trung,10.0916931,106.5448581,113,Unhealthy for Sensitive Groups,2,25.8,91,0.1,9.2,270,1007.1,100,35.0,36.4,208.0,19.3,56.0,7.5
2025-05-21 20:00:00,2025,5,21,20,Vĩnh Long,Xã An Ngãi Trung,10.0916931,106.5448581,115,Unhealthy for Sensitive Groups,2,26.8,94,1.8,4.7,310,1008.0,100,38.9,40.2,229.0,20.4,52.0,8.6
2025-05-21 21:00:00,2025,5,21,21,Vĩnh Long,Xã An Ngãi Trung,10.0916931,106.5448581,117,Unhealthy for Sensitive Groups,2,26.5,96,0.9,6.8,272,1008.2,100,39.1,40.2,250.0,21.8,47.0,10.1
2025-05-21 22:00:00,2025,5,21,22,Vĩnh Long,Xã An Ngãi Trung,10.0916931,106.5448581,118,Unhealthy for Sensitive Groups,2,26.2,95,0.1,5.4,296,1008.8,100,37.3,38.3,262.0,22.8,44.0,11.3
2025-05-21 23:00:00,2025,5,21,23,Vĩnh Long,Xã An Ngãi Trung,10.0916931,106.5448581,117,Unhealthy for Sensitive Groups,2,26.1,93,0.0,4.9,280,1008.5,100,35.0,36.1,262.0,23.1,44.0,12.2
2025-05-22 00:00:00,2025,5,22,0,Vĩnh Long,Xã An Ngãi Trung,10.0916931,106.5448581,115,Unhealthy for Sensitive Groups,2,26.0,93,0.0,4.6,318,1008.0,100,37.6,38.4,253.0,22.9,44.0,12.8
2025-05-22 01:00:00,2025,5,22,1,Vĩnh Long,Xã An Ngãi Trung,10.0916931,106.5448581,112,Unhealthy for Sensitive Groups,2,25.8,94,0.3,2.8,162,1007.4,100,37.1,37.7,239.0,22.3,45.0,12.6
2025-05-22 02:00:00,2025,5,22,2,Vĩnh Long,Xã An Ngãi Trung,10.0916931,106.5448581,108,Unhealthy for Sensitive Groups,2,25.5,94,0.1,1.0,22,1006.8,100,31.3,31.8,215.0,21.0,45.0,11.0
2025-05-22 03:00:00,2025,5,22,3,Vĩnh Long,Xã An Ngãi Trung,10.0916931,106.5448581,102,Unhealthy for Sensitive Groups,2,25.1,97,0.0,3.1,118,1006.7,100,33.9,34.0,184.0,19.2,44.0,8.7
2025-05-22 04:00:00,2025,5,22,4,Vĩnh Long,Xã An Ngãi Trung,10.0916931,106.5448581,96,Moderate,1,24.8,96,2.7,3.5,219,1007.3,100,30.5,30.7,164.0,18.4,42.0,7.2
2025-05-22 05:00:00,2025,5,22,5,Vĩnh Long,Xã An Ngãi Trung,10.0916931,106.5448581,90,Moderate,1,24.9,96,1.3,3.6,96,1007.4,100,27.8,28.1,161.0,19.7,37.0,7.1
2025-05-22 06:00:00,2025,5,22,6,Vĩnh Long,Xã An Ngãi Trung,10.0916931,106.5448581,85,Moderate,1,24.9,96,0.5,2.4,63,1007.6,100,32.2,32.6,168.0,21.9,32.0,7.8
2025-05-22 07:00:00,2025,5,22,7,Vĩnh Long,Xã An Ngãi Trung,10.0916931,106.5448581,80,Moderate,1,25.1,95,0.2,5.2,200,1007.8,100,58.6,60.8,176.0,33.5,36.0,22.5
2025-05-22 08:00:00,2025,5,22,8,Vĩnh Long,Xã An Ngãi Trung,10.0916931,106.5448581,81,Moderate,1,26.9,90,0.6,2.3,61,1008.4,100,41.3,42.7,182.0,26.4,51.0,20.2
2025-05-22 09:00:00,2025,5,22,9,Vĩnh Long,Xã An Ngãi Trung,10.0916931,106.5448581,83,Moderate,1,28.3,85,0.2,3.1,170,1008.1,100,30.7,32.0,188.0,16.7,73.0,17.0
2025-05-22 10:00:00,2025,5,22,10,Vĩnh Long,Xã An Ngãi Trung,10.0916931,106.5448581,85,Moderate,1,30.2,75,0.1,5.9,250,1008.0,100,27.4,28.4,192.0,9.2,90.0,14.0
2025-05-22 11:00:00,2025,5,22,11,Vĩnh Long,Xã An Ngãi Trung,10.0916931,106.5448581,86,Moderate,1,31.5,66,0.0,8.5,243,1007.1,100,25.7,26.3,190.0,6.1,100.0,11.3
2025-05-22 12:00:00,2025,5,22,12,Vĩnh Long,Xã An Ngãi Trung,10.0916931,106.5448581,87,Moderate,1,27.9,81,2.7,10.3,237,1006.9,100,28.4,29.0,185.0,5.2,105.0,8.8
2025-05-22 13:00:00,2025,5,22,13,Vĩnh Long,Xã An Ngãi Trung,10.0916931,106.5448581,89,Moderate,1,28.0,83,0.2,3.4,254,1006.1,100,33.3,33.9,182.0,5.7,106.0,7.3
2025-05-22 14:00:00,2025,5,22,14,Vĩnh Long,Xã An Ngãi Trung,10.0916931,106.5448581,91,Moderate,1,30.0,77,0.0,4.8,228,1004.8,100,39.9,40.3,182.0,7.4,99.0,7.2
2025-05-22 15:00:00,2025,5,22,15,Vĩnh Long,Xã An Ngãi Trung,10.0916931,106.5448581,93,Moderate,1,31.1,72,0.0,4.7,261,1003.6,100,41.1,41.4,184.0,10.4,88.0,8.0
2025-05-22 16:00:00,2025,5,22,16,Vĩnh Long,Xã An Ngãi Trung,10.0916931,106.5448581,96,Moderate,1,27.8,82,4.6,16.4,271,1004.3,100,42.7,43.1,193.0,14.0,76.0,9.2
2025-05-22 17:00:00,2025,5,22,17,Vĩnh Long,Xã An Ngãi Trung,10.0916931,106.5448581,98,Moderate,1,26.5,89,0.4,8.0,239,1004.3,100,45.4,45.6,216.0,18.4,66.0,10.6
2025-05-22 18:00:00,2025,5,22,18,Vĩnh Long,Xã An Ngãi Trung,10.0916931,106.5448581,101,Unhealthy for Sensitive Groups,2,26.0,91,0.1,4.7,220,1004.5,100,53.9,54.2,245.0,23.4,56.0,12.3
2025-05-22 19:00:00,2025,5,22,19,Vĩnh Long,Xã An Ngãi Trung,10.0916931,106.5448581,103,Unhealthy for Sensitive Groups,2,25.5,96,0.1,1.2,207,1005.0,100,60.3,61.2,268.0,29.0,51.0,13.9
2025-05-22 20:00:00,2025,5,22,20,Vĩnh Long,Xã An Ngãi Trung,10.0916931,106.5448581,106,Unhealthy for Sensitive Groups,2,26.0,96,0.0,2.3,241,1005.6,100,67.5,69.8,277.0,33.1,43.0,14.9
2025-05-22 21:00:00,2025,5,22,21,Vĩnh Long,Xã An Ngãi Trung,10.0916931,106.5448581,109,Unhealthy for Sensitive Groups,2,25.9,96,0.0,2.7,266,1006.2,100,76.4,78.7,279.0,38.9,31.0,16.2
2025-05-22 22:00:00,2025,5,22,22,Vĩnh Long,Xã An Ngãi Trung,10.0916931,106.5448581,113,Unhealthy for Sensitive Groups,2,26.0,96,0.0,0.5,270,1006.3,100,90.8,92.7,278.0,43.2,22.0,17.1
2025-05-22 23:00:00,2025,5,22,23,Vĩnh Long,Xã An Ngãi Trung,10.0916931,106.5448581,118,Unhealthy for Sensitive Groups,2,25.9,96,0.0,0.6,198,1006.3,100,98.0,100.1,275.0,45.0,18.0,17.4
2025-05-23 00:00:00,2025,5,23,0,Vĩnh Long,Xã An Ngãi Trung,10.0916931,106.5448581,125,Unhealthy for Sensitive Groups,2,25.8,97,0.0,2.7,184,1006.2,100,102.2,104.1,269.0,45.4,15.0,17.4
2025-05-23 01:00:00,2025,5,23,1,Vĩnh Long,Xã An Ngãi Trung,10.0916931,106.5448581,132,Unhealthy for Sensitive Groups,2,25.3,95,5.5,6.0,265,1005.9,100,92.9,95.0,264.0,45.1,14.0,17.0
2025-05-23 02:00:00,2025,5,23,2,Vĩnh Long,Xã An Ngãi Trung,10.0916931,106.5448581,138,Unhealthy for Sensitive Groups,2,25.0,97,6.1,6.5,247,1006.0,100,85.0,87.8,264.0,44.3,12.0,16.0
2025-05-23 03:00:00,2025,5,23,3,Vĩnh Long,Xã An Ngãi Trung,10.0916931,106.5448581,143,Unhealthy for Sensitive Groups,2,25.2,96,0.4,5.7,212,1005.1,100,88.2,90.3,264.0,42.8,11.0,14.5
2025-05-23 04:00:00,2025,5,23,4,Vĩnh Long,Xã An Ngãi Trung,10.0916931,106.5448581,149,Unhealthy for Sensitive Groups,2,25.0,97,0.3,3.9,208,1004.8,100,86.1,88.0,259.0,40.7,12.0,13.3
2025-05-23 05:00:00,2025,5,23,5,Vĩnh Long,Xã An Ngãi Trung,10.0916931,106.5448581,151,Unhealthy,3,24.9,98,0.2,6.7,189,1005.0,100,91.3,93.1,242.0,38.1,15.0,12.7
2025-05-23 06:00:00,2025,5,23,6,Vĩnh Long,Xã An Ngãi Trung,10.0916931,106.5448581,152,Unhealthy,3,25.0,96,0.1,5.9,191,1005.1,100,101.0,102.7,219.0,34.9,20.0,12.3
2025-05-23 07:00:00,2025,5,23,7,Vĩnh Long,Xã An Ngãi Trung,10.0916931,106.5448581,154,Unhealthy,3,25.5,93,0.0,3.5,215,1006.0,100,53.4,55.1,199.0,20.9,38.0,7.4
2025-05-23 08:00:00,2025,5,23,8,Vĩnh Long,Xã An Ngãi Trung,10.0916931,106.5448581,154,Unhealthy,3,28.4,84,0.0,5.2,178,1006.4,100,38.9,40.6,187.0,17.4,49.0,7.0
2025-05-23 09:00:00,2025,5,23,9,Vĩnh Long,Xã An Ngãi Trung,10.0916931,106.5448581,154,Unhealthy,3,29.6,77,0.0,5.4,194,1006.5,100,31.7,33.8,178.0,12.6,64.0,6.4
2025-05-23 10:00:00,2025,5,23,10,Vĩnh Long,Xã An Ngãi Trung,10.0916931,106.5448581,154,Unhealthy,3,30.0,74,0.0,6.4,198,1006.4,100,27.6,29.9,172.0,8.9,75.0,5.9
2025-05-23 11:00:00,2025,5,23,11,Vĩnh Long,Xã An Ngãi Trung,10.0916931,106.5448581,154,Unhealthy,3,30.6,71,0.0,7.7,210,1006.0,100,25.0,27.4,166.0,7.3,80.0,5.7
2025-05-23 12:00:00,2025,5,23,12,Vĩnh Long,Xã An Ngãi Trung,10.0916931,106.5448581,154,Unhealthy,3,29.8,69,0.5,12.3,214,1005.4,100,23.1,25.0,163.0,6.9,82.0,5.5
2025-05-23 13:00:00,2025,5,23,13,Vĩnh Long,Xã An Ngãi Trung,10.0916931,106.5448581,154,Unhealthy,3,29.6,72,0.3,11.8,211,1004.4,100,22.4,24.0,163.0,7.0,81.0,5.4
2025-05-23 14:00:00,2025,5,23,14,Vĩnh Long,Xã An Ngãi Trung,10.0916931,106.5448581,153,Unhealthy,3,30.4,71,0.3,13.1,214,1003.4,100,20.7,22.1,167.0,7.2,79.0,5.0
2025-05-23 15:00:00,2025,5,23,15,Vĩnh Long,Xã An Ngãi Trung,10.0916931,106.5448581,153,Unhealthy,3,31.0,68,0.1,10.0,219,1002.8,100,19.7,20.7,175.0,7.9,75.0,4.7
2025-05-23 16:00:00,2025,5,23,16,Vĩnh Long,Xã An Ngãi Trung,10.0916931,106.5448581,152,Unhealthy,3,26.6,86,5.7,12.7,224,1003.4,100,22.2,23.2,189.0,10.1,68.0,4.7
2025-05-23 17:00:00,2025,5,23,17,Vĩnh Long,Xã An Ngãi Trung,10.0916931,106.5448581,152,Unhealthy,3,26.3,90,0.4,6.2,237,1003.4,100,27.2,28.2,213.0,15.1,57.0,5.5
2025-05-23 18:00:00,2025,5,23,18,Vĩnh Long,Xã An Ngãi Trung,10.0916931,106.5448581,152,Unhealthy,3,26.1,91,0.0,3.5,231,1004.1,100,37.1,38.0,244.0,21.5,44.0,6.8
2025-05-23 19:00:00,2025,5,23,19,Vĩnh Long,Xã An Ngãi Trung,10.0916931,106.5448581,151,Unhealthy,3,26.0,93,0.0,1.5,249,1005.1,100,59.3,60.5,274.0,29.2,51.0,10.9
2025-05-23 20:00:00,2025,5,23,20,Vĩnh Long,Xã An Ngãi Trung,10.0916931,106.5448581,151,Unhealthy,3,26.2,91,0.0,2.9,202,1005.5,100,83.6,85.2,303.0,36.8,40.0,12.7
2025-05-23 21:00:00,2025,5,23,21,Vĩnh Long,Xã An Ngãi Trung,10.0916931,106.5448581,152,Unhealthy,3,26.2,92,0.0,3.0,197,1006.4,100,112.2,113.6,331.0,47.5,26.0,15.2
2025-05-23 22:00:00,2025,5,23,22,Vĩnh Long,Xã An Ngãi Trung,10.0916931,106.5448581,152,Unhealthy,3,26.0,93,0.0,4.0,216,1006.9,100,136.9,138.8,351.0,56.6,14.0,16.8
2025-05-23 23:00:00,2025,5,23,23,Vĩnh Long,Xã An Ngãi Trung,10.0916931,106.5448581,153,Unhealthy,3,25.7,95,0.0,3.8,229,1007.1,100,149.9,151.8,362.0,62.5,8.0,16.5
2025-05-24 00:00:00,2025,5,24,0,Vĩnh Long,Xã An Ngãi Trung,10.0916931,106.5448581,155,Unhealthy,3,25.8,95,0.0,3.9,236,1006.5,100,166.2,167.2,364.0,66.9,4.0,15.2
2025-05-24 01:00:00,2025,5,24,1,Vĩnh Long,Xã An Ngãi Trung,10.0916931,106.5448581,156,Unhealthy,3,25.6,95,0.0,5.1,234,1005.6,100,182.1,183.5,356.0,70.0,2.0,14.4
2025-05-24 02:00:00,2025,5,24,2,Vĩnh Long,Xã An Ngãi Trung,10.0916931,106.5448581,158,Unhealthy,3,25.5,95,0.0,2.7,233,1004.9,100,186.7,188.1,329.0,72.6,0.0,14.7
2025-05-24 03:00:00,2025,5,24,3,Vĩnh Long,Xã An Ngãi Trung,10.0916931,106.5448581,160,Unhealthy,3,25.5,94,0.0,0.7,194,1004.6,100,200.2,201.6,292.0,73.9,0.0,15.5
2025-05-24 04:00:00,2025,5,24,4,Vĩnh Long,Xã An Ngãi Trung,10.0916931,106.5448581,163,Unhealthy,3,25.4,95,0.0,1.2,117,1005.2,100,197.4,198.8,266.0,71.4,1.0,15.8
2025-05-24 05:00:00,2025,5,24,5,Vĩnh Long,Xã An Ngãi Trung,10.0916931,106.5448581,165,Unhealthy,3,25.2,95,0.0,1.2,129,1005.8,100,193.2,194.6,266.0,62.8,12.0,15.5
2025-05-24 06:00:00,2025,5,24,6,Vĩnh Long,Xã An Ngãi Trung,10.0916931,106.5448581,167,Unhealthy,3,25.6,95,0.0,1.3,164,1006.0,98,186.7,189.1,278.0,50.3,28.0,14.8
2025-05-24 07:00:00,2025,5,24,7,Vĩnh Long,Xã An Ngãi Trung,10.0916931,106.5448581,169,Unhealthy,3,27.0,88,0.0,4.0,177,1006.9,89,116.9,120.6,280.0,41.7,33.0,22.2
2025-05-24 08:00:00,2025,5,24,8,Vĩnh Long,Xã An Ngãi Trung,10.0916931,106.5448581,171,Unhealthy,3,27.9,84,0.1,0.8,243,1007.4,99,54.1,57.2,259.0,32.6,45.0,18.9
2025-05-24 09:00:00,2025,5,24,9,Vĩnh Long,Xã An Ngãi Trung,10.0916931,106.5448581,171,Unhealthy,3,28.5,81,0.1,1.8,169,1007.9,100,41.1,44.1,229.0,20.1,63.0,14.4
2025-05-24 10:00:00,2025,5,24,10,Vĩnh Long,Xã An Ngãi Trung,10.0916931,106.5448581,171,Unhealthy,3,29.6,73,0.1,5.1,163,1007.8,90,34.1,37.0,202.0,10.5,77.0,10.5
2025-05-24 11:00:00,2025,5,24,11,Vĩnh Long,Xã An Ngãi Trung,10.0916931,106.5448581,171,Unhealthy,3,30.1,69,0.0,6.5,182,1007.1,100,32.2,34.9,184.0,6.8,87.0,8.1
2025-05-24 12:00:00,2025,5,24,12,Vĩnh Long,Xã An Ngãi Trung,10.0916931,106.5448581,171,Unhealthy,3,31.1,65,0.0,6.9,175,1006.4,100,26.6,28.2,171.0,6.0,94.0,6.4
2025-05-24 13:00:00,2025,5,24,13,Vĩnh Long,Xã An Ngãi Trung,10.0916931,106.5448581,171,Unhealthy,3,31.6,63,0.0,7.6,176,1005.9,100,26.4,27.7,161.0,6.3,95.0,5.3
2025-05-24 14:00:00,2025,5,24,14,Vĩnh Long,Xã An Ngãi Trung,10.0916931,106.5448581,172,Unhealthy,3,32.0,60,0.0,10.0,189,1005.1,99,23.4,24.3,153.0,7.0,85.0,4.8
2025-05-24 15:00:00,2025,5,24,15,Vĩnh Long,Xã An Ngãi Trung,10.0916931,106.5448581,172,Unhealthy,3,31.5,61,0.1,8.2,203,1004.2,99,22.2,22.8,150.0,8.7,69.0,4.8
2025-05-24 16:00:00,2025,5,24,16,Vĩnh Long,Xã An Ngãi Trung,10.0916931,106.5448581,172,Unhealthy,3,31.2,59,0.0,7.8,218,1004.4,100,22.3,23.3,157.0,11.2,55.0,5.4
2025-05-24 17:00:00,2025,5,24,17,Vĩnh Long,Xã An Ngãi Trung,10.0916931,106.5448581,172,Unhealthy,3,29.8,67,0.0,9.3,224,1004.9,100,28.5,29.5,179.0,14.9,48.0,6.6
2025-05-24 18:00:00,2025,5,24,18,Vĩnh Long,Xã An Ngãi Trung,10.0916931,106.5448581,172,Unhealthy,3,28.5,76,0.0,5.3,225,1005.6,100,36.6,37.7,212.0,19.4,45.0,8.3
2025-05-24 19:00:00,2025,5,24,19,Vĩnh Long,Xã An Ngãi Trung,10.0916931,106.5448581,172,Unhealthy,3,27.7,82,0.0,2.8,225,1006.1,100,41.3,42.6,247.0,23.1,51.0,11.4
2025-05-24 20:00:00,2025,5,24,20,Vĩnh Long,Xã An Ngãi Trung,10.0916931,106.5448581,171,Unhealthy,3,27.2,82,0.0,6.6,223,1007.1,100,49.9,51.2,285.0,25.3,47.0,12.7
2025-05-24 21:00:00,2025,5,24,21,Vĩnh Long,Xã An Ngãi Trung,10.0916931,106.5448581,171,Unhealthy,3,26.9,86,0.0,5.5,216,1007.8,99,56.0,57.4,324.0,28.4,41.0,14.5
2025-05-24 22:00:00,2025,5,24,22,Vĩnh Long,Xã An Ngãi Trung,10.0916931,106.5448581,169,Unhealthy,3,26.6,89,0.0,3.9,193,1008.3,100,60.5,61.9,352.0,32.1,34.0,15.8
2025-05-24 23:00:00,2025,5,24,23,Vĩnh Long,Xã An Ngãi Trung,10.0916931,106.5448581,168,Unhealthy,3,26.4,91,0.0,2.2,138,1008.5,100,66.8,68.5,359.0,36.6,27.0,16.1
2025-05-25 00:00:00,2025,5,25,0,Vĩnh Long,Xã An Ngãi Trung,10.0916931,106.5448581,166,Unhealthy,3,26.4,91,0.0,0.4,90,1008.2,100,75.9,77.3,353.0,41.6,20.0,15.9
2025-05-25 01:00:00,2025,5,25,1,Vĩnh Long,Xã An Ngãi Trung,10.0916931,106.5448581,164,Unhealthy,3,26.0,92,0.0,1.2,117,1007.4,100,93.4,95.0,351.0,45.9,14.0,16.0
2025-05-25 02:00:00,2025,5,25,2,Vĩnh Long,Xã An Ngãi Trung,10.0916931,106.5448581,162,Unhealthy,3,26.1,92,0.0,0.4,153,1006.9,100,96.2,97.8,365.0,49.4,10.0,16.9
2025-05-25 03:00:00,2025,5,25,3,Vĩnh Long,Xã An Ngãi Trung,10.0916931,106.5448581,160,Unhealthy,3,26.1,93,0.0,0.5,360,1006.3,98,110.8,112.5,382.0,52.2,8.0,18.0
2025-05-25 04:00:00,2025,5,25,4,Vĩnh Long,Xã An Ngãi Trung,10.0916931,106.5448581,158,Unhealthy,3,26.2,93,0.0,1.0,45,1006.3,97,123.9,125.7,375.0,53.3,9.0,18.5
2025-05-25 05:00:00,2025,5,25,5,Vĩnh Long,Xã An Ngãi Trung,10.0916931,106.5448581,156,Unhealthy,3,25.9,92,0.0,0.4,333,1006.9,97,136.9,138.8,322.0,52.9,13.0,18.1
2025-05-25 06:00:00,2025,5,25,6,Vĩnh Long,Xã An Ngãi Trung,10.0916931,106.5448581,155,Unhealthy,3,25.8,92,0.9,3.9,257,1007.7,100,160.7,162.5,245.0,50.8,21.0,17.1
2025-05-25 07:00:00,2025,5,25,7,Vĩnh Long,Xã An Ngãi Trung,10.0916931,106.5448581,154,Unhealthy,3,25.1,94,5.6,6.0,173,1009.1,100,104.1,106.6,183.0,37.2,43.0,15.2
2025-05-25 08:00:00,2025,5,25,8,Vĩnh Long,Xã An Ngãi Trung,10.0916931,106.5448581,154,Unhealthy,3,26.5,88,0.2,7.4,162,1009.0,97,32.9,35.0,153.0,27.2,54.0,11.6
2025-05-25 09:00:00,2025,5,25,9,Vĩnh Long,Xã An Ngãi Trung,10.0916931,106.5448581,154,Unhealthy,3,27.9,82,0.2,7.5,140,1009.4,99,18.9,21.0,138.0,13.3,70.0,6.7
2025-05-25 10:00:00,2025,5,25,10,Vĩnh Long,Xã An Ngãi Trung,10.0916931,106.5448581,153,Unhealthy,3,29.5,76,0.3,8.3,138,1009.6,94,13.8,15.5,127.0,3.1,82.0,3.0
2025-05-25 11:00:00,2025,5,25,11,Vĩnh Long,Xã An Ngãi Trung,10.0916931,106.5448581,153,Unhealthy,3,30.6,71,0.2,8.5,136,1009.2,88,11.4,12.9,117.0,0.0,86.0,1.7
2025-05-25 12:00:00,2025,5,25,12,Vĩnh Long,Xã An Ngãi Trung,10.0916931,106.5448581,152,Unhealthy,3,31.5,68,0.1,9.0,137,1008.7,94,9.6,11.0,112.0,0.5,86.0,1.6
2025-05-25 13:00:00,2025,5,25,13,Vĩnh Long,Xã An Ngãi Trung,10.0916931,106.5448581,152,Unhealthy,3,31.9,67,0.0,12.0,141,1007.5,92,8.9,10.4,109.0,1.5,85.0,1.7
2025-05-25 14:00:00,2025,5,25,14,Vĩnh Long,Xã An Ngãi Trung,10.0916931,106.5448581,152,Unhealthy,3,30.6,65,0.7,14.8,129,1006.4,93,9.4,10.8,107.0,1.5,85.0,1.7
2025-05-25 15:00:00,2025,5,25,15,Vĩnh Long,Xã An Ngãi Trung,10.0916931,106.5448581,151,Unhealthy,3,29.2,77,0.5,11.4,141,1006.8,98,10.5,12.1,108.0,1.9,83.0,2.0
2025-05-25 16:00:00,2025,5,25,16,Vĩnh Long,Xã An Ngãi Trung,10.0916931,106.5448581,151,Unhealthy,3,28.3,80,5.2,13.1,148,1006.8,99,12.3,14.0,113.0,3.7,79.0,2.5
2025-05-25 17:00:00,2025,5,25,17,Vĩnh Long,Xã An Ngãi Trung,10.0916931,106.5448581,151,Unhealthy,3,26.4,89,5.1,1.8,315,1007.5,100,14.5,16.2,124.0,7.5,69.0,3.2
2025-05-25 18:00:00,2025,5,25,18,Vĩnh Long,Xã An Ngãi Trung,10.0916931,106.5448581,151,Unhealthy,3,25.3,95,0.8,6.1,265,1008.6,100,22.1,23.5,141.0,12.7,56.0,4.2
2025-05-25 19:00:00,2025,5,25,19,Vĩnh Long,Xã An Ngãi Trung,10.0916931,106.5448581,150,Unhealthy for Sensitive Groups,2,24.8,96,2.8,5.4,264,1009.1,100,32.5,33.8,162.0,18.8,37.0,5.7
2025-05-25 20:00:00,2025,5,25,20,Vĩnh Long,Xã An Ngãi Trung,10.0916931,106.5448581,150,Unhealthy for Sensitive Groups,2,25.5,94,6.2,8.2,260,1009.7,100,48.7,49.9,194.0,25.0,30.0,7.5
2025-05-25 21:00:00,2025,5,25,21,Vĩnh Long,Xã An Ngãi Trung,10.0916931,106.5448581,150,Unhealthy for Sensitive Groups,2,25.3,96,0.1,3.1,332,1010.8,100,64.3,65.7,232.0,33.6,19.0,10.0
2025-05-25 22:00:00,2025,5,25,22,Vĩnh Long,Xã An Ngãi Trung,10.0916931,106.5448581,150,Unhealthy for Sensitive Groups,2,25.2,97,0.1,5.8,338,1011.0,100,78.0,79.4,254.0,40.1,12.0,12.1
2025-05-25 23:00:00,2025,5,25,23,Vĩnh Long,Xã An Ngãi Trung,10.0916931,106.5448581,151,Unhealthy,3,25.1,97,0.2,4.6,9,1010.7,100,88.9,90.6,249.0,42.7,10.0,13.6
2025-05-26 00:00:00,2025,5,26,0,Vĩnh Long,Xã An Ngãi Trung,10.0916931,106.5448581,151,Unhealthy,3,25.0,98,0.1,2.3,18,1010.5,99,93.1,95.0,229.0,43.3,11.0,14.8
2025-05-26 01:00:00,2025,5,26,1,Vĩnh Long,Xã An Ngãi Trung,10.0916931,106.5448581,151,Unhealthy,3,24.9,99,0.0,3.4,25,1009.5,92,92.7,94.5,213.0,43.0,12.0,15.5
2025-05-26 02:00:00,2025,5,26,2,Vĩnh Long,Xã An Ngãi Trung,10.0916931,106.5448581,151,Unhealthy,3,24.5,99,0.0,3.0,57,1008.9,79,85.7,87.5,206.0,42.3,12.0,15.8
2025-05-26 03:00:00,2025,5,26,3,Vĩnh Long,Xã An Ngãi Trung,10.0916931,106.5448581,151,Unhealthy,3,24.4,99,0.0,3.0,73,1008.4,74,84.8,86.6,203.0,40.8,12.0,15.7
2025-05-26 04:00:00,2025,5,26,4,Vĩnh Long,Xã An Ngãi Trung,10.0916931,106.5448581,151,Unhealthy,3,24.4,99,0.0,2.7,58,1008.5,70,91.5,93.6,205.0,38.5,14.0,15.2
2025-05-26 05:00:00,2025,5,26,5,Vĩnh Long,Xã An Ngãi Trung,10.0916931,106.5448581,149,Unhealthy for Sensitive Groups,2,24.4,99,0.0,2.7,42,1008.6,84,91.0,92.9,219.0,35.7,16.0,14.1
2025-05-26 06:00:00,2025,5,26,6,Vĩnh Long,Xã An Ngãi Trung,10.0916931,106.5448581,145,Unhealthy for Sensitive Groups,2,24.7,97,0.0,4.0,58,1008.7,95,88.9,90.8,238.0,32.2,20.0,12.6
2025-05-26 07:00:00,2025,5,26,7,Vĩnh Long,Xã An Ngãi Trung,10.0916931,106.5448581,137,Unhealthy for Sensitive Groups,2,26.2,94,0.0,4.8,79,1009.3,95,56.3,57.6,241.0,27.8,26.0,10.4
2025-05-26 08:00:00,2025,5,26,8,Vĩnh Long,Xã An Ngãi Trung,10.0916931,106.5448581,132,Unhealthy for Sensitive Groups,2,29.3,79,0.0,9.1,104,1009.3,48,34.5,35.7,212.0,21.4,38.0,8.9
2025-05-26 09:00:00,2025,5,26,9,Vĩnh Long,Xã An Ngãi Trung,10.0916931,106.5448581,132,Unhealthy for Sensitive Groups,2,30.4,73,0.1,8.7,111,1010.0,28,19.9,21.4,167.0,12.5,55.0,6.9
2025-05-26 10:00:00,2025,5,26,10,Vĩnh Long,Xã An Ngãi Trung,10.0916931,106.5448581,132,Unhealthy for Sensitive Groups,2,30.8,71,0.1,7.4,119,1010.0,24,14.5,15.9,133.0,5.8,69.0,5.3
2025-05-26 11:00:00,2025,5,26,11,Vĩnh Long,Xã An Ngãi Trung,10.0916931,106.5448581,132,Unhealthy for Sensitive Groups,2,31.8,70,0.1,5.5,122,1009.7,27,10.7,11.8,121.0,3.3,76.0,4.5
2025-05-26 12:00:00,2025,5,26,12,Vĩnh Long,Xã An Ngãi Trung,10.0916931,106.5448581,132,Unhealthy for Sensitive Groups,2,32.3,67,0.1,4.2,102,1008.9,90,10.2,11.3,120.0,2.9,80.0,4.1
2025-05-26 13:00:00,2025,5,26,13,Vĩnh Long,Xã An Ngãi Trung,10.0916931,106.5448581,132,Unhealthy for Sensitive Groups,2,32.6,65,0.1,3.2,117,1007.9,99,11.3,12.1,121.0,3.1,82.0,3.8
2025-05-26 14:00:00,2025,5,26,14,Vĩnh Long,Xã An Ngãi Trung,10.0916931,106.5448581,133,Unhealthy for Sensitive Groups,2,30.9,71,3.6,8.7,132,1006.7,99,12.5,13.3,119.0,2.6,84.0,3.5
2025-05-26 15:00:00,2025,5,26,15,Vĩnh Long,Xã An Ngãi Trung,10.0916931,106.5448581,133,Unhealthy for Sensitive Groups,2,27.6,85,4.4,7.8,127,1006.5,100,13.8,14.6,120.0,2.7,84.0,3.3
2025-05-26 16:00:00,2025,5,26,16,Vĩnh Long,Xã An Ngãi Trung,10.0916931,106.5448581,133,Unhealthy for Sensitive Groups,2,29.1,79,0.1,5.4,90,1006.1,99,15.3,15.9,127.0,5.0,79.0,3.6
2025-05-26 17:00:00,2025,5,26,17,Vĩnh Long,Xã An Ngãi Trung,10.0916931,106.5448581,134,Unhealthy for Sensitive Groups,2,29.3,78,0.1,9.0,92,1006.1,100,18.3,19.1,145.0,11.4,66.0,4.8
2025-05-26 18:00:00,2025,5,26,18,Vĩnh Long,Xã An Ngãi Trung,10.0916931,106.5448581,134,Unhealthy for Sensitive Groups,2,28.4,82,0.0,7.6,104,1006.8,100,30.6,31.4,169.0,20.0,49.0,6.5
2025-05-26 19:00:00,2025,5,26,19,Vĩnh Long,Xã An Ngãi Trung,10.0916931,106.5448581,135,Unhealthy for Sensitive Groups,2,27.5,86,0.0,4.6,103,1007.4,98,44.7,45.9,196.0,25.3,37.0,7.7
2025-05-26 20:00:00,2025,5,26,20,Vĩnh Long,Xã An Ngãi Trung,10.0916931,106.5448581,136,Unhealthy for Sensitive Groups,2,28.0,82,0.0,6.8,108,1008.0,76,55.4,56.6,229.0,26.5,34.0,7.5
2025-05-26 21:00:00,2025,5,26,21,Vĩnh Long,Xã An Ngãi Trung,10.0916931,106.5448581,137,Unhealthy for Sensitive Groups,2,27.6,84,0.0,5.4,111,1009.1,81,56.2,57.4,264.0,28.1,30.0,7.3
2025-05-26 22:00:00,2025,5,26,22,Vĩnh Long,Xã An Ngãi Trung,10.0916931,106.5448581,136,Unhealthy for Sensitive Groups,2,27.7,84,0.0,6.4,122,1009.1,69,57.4,58.7,281.0,28.8,28.0,6.9
2025-05-26 23:00:00,2025,5,26,23,Vĩnh Long,Xã An Ngãi Trung,10.0916931,106.5448581,134,Unhealthy for Sensitive Groups,2,27.8,85,0.0,7.2,129,1009.3,77,49.8,50.5,263.0,27.7,28.0,6.2
2025-05-27 00:00:00,2025,5,27,0,Vĩnh Long,Xã An Ngãi Trung,10.0916931,106.5448581,130,Unhealthy for Sensitive Groups,2,26.6,91,0.7,9.1,243,1009.4,99,39.2,39.5,228.0,25.7,29.0,5.3
2025-05-27 01:00:00,2025,5,27,1,Vĩnh Long,Xã An Ngãi Trung,10.0916931,106.5448581,124,Unhealthy for Sensitive Groups,2,25.2,95,0.1,4.3,195,1008.7,95,48.5,48.9,201.0,24.3,31.0,5.0
2025-05-27 02:00:00,2025,5,27,2,Vĩnh Long,Xã An Ngãi Trung,10.0916931,106.5448581,120,Unhealthy for Sensitive Groups,2,25.2,95,0.0,3.0,197,1008.1,99,44.5,45.2,196.0,24.4,32.0,5.7
2025-05-27 03:00:00,2025,5,27,3,Vĩnh Long,Xã An Ngãi Trung,10.0916931,106.5448581,115,Unhealthy for Sensitive Groups,2,25.1,96,0.0,0.9,169,1007.7,93,40.7,41.9,200.0,25.1,33.0,7.1
2025-05-27 04:00:00,2025,5,27,4,Vĩnh Long,Xã An Ngãi Trung,10.0916931,106.5448581,111,Unhealthy for Sensitive Groups,2,25.0,97,0.0,2.8,153,1007.8,97,48.9,50.5,204.0,25.5,35.0,8.4
2025-05-27 05:00:00,2025,5,27,5,Vĩnh Long,Xã An Ngãi Trung,10.0916931,106.5448581,106,Unhealthy for Sensitive Groups,2,25.0,97,0.0,3.5,165,1008.0,98,58.2,59.8,206.0,25.9,36.0,9.8
2025-05-27 06:00:00,2025,5,27,6,Vĩnh Long,Xã An Ngãi Trung,10.0916931,106.5448581,103,Unhealthy for Sensitive Groups,2,25.5,94,0.0,3.3,144,1008.3,87,68.9,71.0,209.0,26.1,37.0,11.3
2025-05-27 07:00:00,2025,5,27,7,Vĩnh Long,Xã An Ngãi Trung,10.0916931,106.5448581,101,Unhealthy for Sensitive Groups,2,27.0,90,0.0,3.8,109,1009.0,90,45.4,47.0,204.0,19.6,47.0,8.2
2025-05-27 08:00:00,2025,5,27,8,Vĩnh Long,Xã An Ngãi Trung,10.0916931,106.5448581,100,Moderate,1,29.8,79,0.0,2.5,180,1008.7,99,23.7,25.3,186.0,14.8,61.0,7.1
2025-05-27 09:00:00,2025,5,27,9,Vĩnh Long,Xã An Ngãi Trung,10.0916931,106.5448581,99,Moderate,1,30.4,74,0.1,3.8,121,1009.2,99,18.0,19.6,162.0,8.2,81.0,5.6
2025-05-27 10:00:00,2025,5,27,10,Vĩnh Long,Xã An Ngãi Trung,10.0916931,106.5448581,99,Moderate,1,31.5,68,0.1,5.3,128,1009.0,99,16.6,18.1,143.0,3.4,94.0,4.3
2025-05-27 11:00:00,2025,5,27,11,Vĩnh Long,Xã An Ngãi Trung,10.0916931,106.5448581,99,Moderate,1,31.5,67,0.0,8.1,89,1008.4,99,15.4,16.1,135.0,2.1,96.0,3.6
2025-05-27 12:00:00,2025,5,27,12,Vĩnh Long,Xã An Ngãi Trung,10.0916931,106.5448581,99,Moderate,1,31.3,68,0.0,9.4,128,1007.8,99,14.6,15.1,132.0,2.6,92.0,3.1
2025-05-27 13:00:00,2025,5,27,13,Vĩnh Long,Xã An Ngãi Trung,10.0916931,106.5448581,100,Moderate,1,32.2,67,0.0,10.4,136,1006.8,100,14.0,14.9,132.0,3.2,88.0,2.8
2025-05-27 14:00:00,2025,5,27,14,Vĩnh Long,Xã An Ngãi Trung,10.0916931,106.5448581,100,Moderate,1,30.7,71,0.2,10.6,114,1006.0,100,13.4,14.2,133.0,3.0,85.0,2.5
2025-05-27 15:00:00,2025,5,27,15,Vĩnh Long,Xã An Ngãi Trung,10.0916931,106.5448581,100,Moderate,1,28.3,78,4.5,6.1,183,1006.2,100,12.7,13.5,136.0,3.0,82.0,2.4
2025-05-27 16:00:00,2025,5,27,16,Vĩnh Long,Xã An Ngãi Trung,10.0916931,106.5448581,100,Moderate,1,28.9,78,0.3,4.0,188,1006.1,100,14.0,14.9,145.0,4.5,77.0,2.7
2025-05-27 17:00:00,2025,5,27,17,Vĩnh Long,Xã An Ngãi Trung,10.0916931,106.5448581,100,Moderate,1,27.8,83,2.0,4.6,116,1006.5,100,15.3,16.0,164.0,8.5,68.0,3.5
2025-05-27 18:00:00,2025,5,27,18,Vĩnh Long,Xã An Ngãi Trung,10.0916931,106.5448581,99,Moderate,1,26.6,89,1.2,1.5,324,1007.3,100,22.9,23.6,188.0,13.9,57.0,4.6
2025-05-27 19:00:00,2025,5,27,19,Vĩnh Long,Xã An Ngãi Trung,10.0916931,106.5448581,99,Moderate,1,26.0,94,0.1,5.7,281,1007.9,100,42.0,42.8,208.0,20.0,56.0,6.8
2025-05-27 20:00:00,2025,5,27,20,Vĩnh Long,Xã An Ngãi Trung,10.0916931,106.5448581,99,Moderate,1,26.0,96,0.0,5.4,236,1008.1,100,47.4,48.1,219.0,22.1,53.0,8.1
2025-05-27 21:00:00,2025,5,27,21,Vĩnh Long,Xã An Ngãi Trung,10.0916931,106.5448581,98,Moderate,1,25.9,96,0.0,5.2,258,1009.1,100,56.7,58.1,225.0,25.0,48.0,10.0
2025-05-27 22:00:00,2025,5,27,22,Vĩnh Long,Xã An Ngãi Trung,10.0916931,106.5448581,98,Moderate,1,25.9,96,0.0,3.8,281,1009.1,100,60.8,62.4,234.0,27.9,43.0,11.8
2025-05-27 23:00:00,2025,5,27,23,Vĩnh Long,Xã An Ngãi Trung,10.0916931,106.5448581,98,Moderate,1,25.6,96,0.0,4.0,267,1009.4,100,71.5,73.6,251.0,30.5,39.0,13.2
2025-05-28 00:00:00,2025,5,28,0,Vĩnh Long,Xã An Ngãi Trung,10.0916931,106.5448581,100,Moderate,1,25.5,95,0.0,1.3,304,1008.7,100,82.9,85.2,271.0,33.1,36.0,14.5
2025-05-28 01:00:00,2025,5,28,1,Vĩnh Long,Xã An Ngãi Trung,10.0916931,106.5448581,105,Unhealthy for Sensitive Groups,2,25.1,97,0.0,2.5,21,1008.0,100,78.5,81.3,281.0,35.7,32.0,15.6
2025-05-28 02:00:00,2025,5,28,2,Vĩnh Long,Xã An Ngãi Trung,10.0916931,106.5448581,108,Unhealthy for Sensitive Groups,2,25.0,98,0.0,2.6,56,1007.1,100,91.5,94.1,272.0,39.1,26.0,16.5
2025-05-28 03:00:00,2025,5,28,3,Vĩnh Long,Xã An Ngãi Trung,10.0916931,106.5448581,113,Unhealthy for Sensitive Groups,2,24.9,99,0.0,2.3,23,1006.6,100,97.6,100.4,253.0,42.5,20.0,17.3
2025-05-28 04:00:00,2025,5,28,4,Vĩnh Long,Xã An Ngãi Trung,10.0916931,106.5448581,119,Unhealthy for Sensitive Groups,2,24.8,98,0.0,1.1,351,1006.5,100,96.6,99.7,242.0,43.6,17.0,17.8
2025-05-28 05:00:00,2025,5,28,5,Vĩnh Long,Xã An Ngãi Trung,10.0916931,106.5448581,124,Unhealthy for Sensitive Groups,2,24.8,99,0.0,0.7,14,1006.9,100,109.2,112.2,252.0,41.2,19.0,18.2
2025-05-28 06:00:00,2025,5,28,6,Vĩnh Long,Xã An Ngãi Trung,10.0916931,106.5448581,129,Unhealthy for Sensitive Groups,2,25.1,98,0.0,1.8,354,1007.3,100,127.1,129.0,269.0,36.5,26.0,18.4
2025-05-28 07:00:00,2025,5,28,7,Vĩnh Long,Xã An Ngãi Trung,10.0916931,106.5448581,135,Unhealthy for Sensitive Groups,2,26.2,93,0.0,2.6,309,1007.5,100,90.1,93.6,275.0,33.7,32.0,21.7
2025-05-28 08:00:00,2025,5,28,8,Vĩnh Long,Xã An Ngãi Trung,10.0916931,106.5448581,140,Unhealthy for Sensitive Groups,2,28.0,86,0.0,5.8,300,1007.8,100,67.3,70.8,256.0,27.2,53.0,20.2
2025-05-28 09:00:00,2025,5,28,9,Vĩnh Long,Xã An Ngãi Trung,10.0916931,106.5448581,144,Unhealthy for Sensitive Groups,2,29.4,78,0.1,8.3,297,1007.7,100,50.8,53.7,225.0,18.1,83.0,18.0
2025-05-28 10:00:00,2025,5,28,10,Vĩnh Long,Xã An Ngãi Trung,10.0916931,106.5448581,148,Unhealthy for Sensitive Groups,2,30.5,73,0.2,8.1,295,1007.9,100,44.6,45.9,199.0,10.8,107.0,15.7
2025-05-28 11:00:00,2025,5,28,11,Vĩnh Long,Xã An Ngãi Trung,10.0916931,106.5448581,150,Unhealthy for Sensitive Groups,2,31.5,69,0.1,7.3,286,1007.2,100,41.3,42.0,182.0,6.9,122.0,13.1
2025-05-28 12:00:00,2025,5,28,12,Vĩnh Long,Xã An Ngãi Trung,10.0916931,106.5448581,151,Unhealthy,3,32.4,65,0.1,9.4,283,1006.5,64,37.6,38.3,170.0,4.9,133.0,10.4
2025-05-28 13:00:00,2025,5,28,13,Vĩnh Long,Xã An Ngãi Trung,10.0916931,106.5448581,151,Unhealthy,3,32.9,63,0.1,10.6,279,1005.6,99,38.3,39.0,165.0,4.3,135.0,8.4
2025-05-28 14:00:00,2025,5,28,14,Vĩnh Long,Xã An Ngãi Trung,10.0916931,106.5448581,152,Unhealthy,3,31.0,71,8.8,8.5,257,1004.4,99,34.1,34.7,167.0,5.3,126.0,7.6
2025-05-28 15:00:00,2025,5,28,15,Vĩnh Long,Xã An Ngãi Trung,10.0916931,106.5448581,152,Unhealthy,3,30.0,74,2.2,8.3,237,1003.9,100,36.3,36.8,175.0,7.7,109.0,7.6
2025-05-28 16:00:00,2025,5,28,16,Vĩnh Long,Xã An Ngãi Trung,10.0916931,106.5448581,153,Unhealthy,3,28.6,81,5.3,4.0,278,1004.4,100,41.9,42.3,193.0,11.2,92.0,8.0
2025-05-28 17:00:00,2025,5,28,17,Vĩnh Long,Xã An Ngãi Trung,10.0916931,106.5448581,153,Unhealthy,3,27.7,83,2.0,3.4,357,1005.5,100,44.9,45.4,224.0,16.2,77.0,8.9
2025-05-28 18:00:00,2025,5,28,18,Vĩnh Long,Xã An Ngãi Trung,10.0916931,106.5448581,154,Unhealthy,3,27.0,92,0.3,3.0,303,1006.2,100,51.1,52.2,264.0,22.2,62.0,10.3
2025-05-28 19:00:00,2025,5,28,19,Vĩnh Long,Xã An Ngãi Trung,10.0916931,106.5448581,155,Unhealthy,3,26.8,94,0.2,1.7,302,1007.0,100,36.6,38.1,302.0,17.6,57.0,6.5
2025-05-28 20:00:00,2025,5,28,20,Vĩnh Long,Xã An Ngãi Trung,10.0916931,106.5448581,154,Unhealthy,3,27.4,93,0.1,6.8,151,1007.2,100,42.1,43.7,337.0,21.5,48.0,7.4
2025-05-28 21:00:00,2025,5,28,21,Vĩnh Long,Xã An Ngãi Trung,10.0916931,106.5448581,154,Unhealthy,3,27.1,95,0.0,3.4,148,1007.4,100,52.5,54.1,371.0,26.9,36.0,8.7
2025-05-28 22:00:00,2025,5,28,22,Vĩnh Long,Xã An Ngãi Trung,10.0916931,106.5448581,154,Unhealthy,3,26.9,96,0.0,6.6,217,1007.9,100,65.0,66.8,396.0,31.5,26.0,9.8
2025-05-28 23:00:00,2025,5,28,23,Vĩnh Long,Xã An Ngãi Trung,10.0916931,106.5448581,154,Unhealthy,3,26.5,96,0.2,5.8,202,1008.5,100,78.7,80.3,416.0,34.4,20.0,10.5
2025-05-29 00:00:00,2025,5,29,0,Vĩnh Long,Xã An Ngãi Trung,10.0916931,106.5448581,154,Unhealthy,3,26.1,96,0.2,5.7,221,1008.3,100,75.9,77.8,427.0,36.6,16.0,11.0
2025-05-29 01:00:00,2025,5,29,1,Vĩnh Long,Xã An Ngãi Trung,10.0916931,106.5448581,154,Unhealthy,3,25.9,96,0.0,3.0,245,1007.5,100,79.2,81.3,418.0,38.2,13.0,11.5
2025-05-29 02:00:00,2025,5,29,2,Vĩnh Long,Xã An Ngãi Trung,10.0916931,106.5448581,154,Unhealthy,3,25.9,95,0.0,6.2,237,1007.1,100,80.6,82.7,371.0,39.2,10.0,12.0
2025-05-29 03:00:00,2025,5,29,3,Vĩnh Long,Xã An Ngãi Trung,10.0916931,106.5448581,154,Unhealthy,3,25.6,96,0.0,9.4,244,1006.7,100,80.8,82.9,302.0,39.7,8.0,12.5
2025-05-29 04:00:00,2025,5,29,4,Vĩnh Long,Xã An Ngãi Trung,10.0916931,106.5448581,154,Unhealthy,3,25.5,95,0.3,8.6,255,1007.1,100,82.7,85.0,250.0,40.5,7.0,13.3
2025-05-29 05:00:00,2025,5,29,5,Vĩnh Long,Xã An Ngãi Trung,10.0916931,106.5448581,153,Unhealthy,3,25.4,95,0.4,6.5,247,1007.1,100,97.1,99.4,232.0,43.3,4.0,15.1
2025-05-29 06:00:00,2025,5,29,6,Vĩnh Long,Xã An Ngãi Trung,10.0916931,106.5448581,153,Unhealthy,3,25.6,94,0.2,3.7,256,1007.7,100,106.2,109.0,231.0,46.4,2.0,17.3
2025-05-29 07:00:00,2025,5,29,7,Vĩnh Long,Xã An Ngãi Trung,10.0916931,106.5448581,153,Unhealthy,3,26.0,94,0.2,3.1,211,1008.2,98,38.5,39.9,229.0,26.3,25.0,16.0
2025-05-29 08:00:00,2025,5,29,8,Vĩnh Long,Xã An Ngãi Trung,10.0916931,106.5448581,152,Unhealthy,3,26.9,94,0.3,5.4,276,1008.0,100,31.2,33.1,222.0,21.3,46.0,15.3
2025-05-29 09:00:00,2025,5,29,9,Vĩnh Long,Xã An Ngãi Trung,10.0916931,106.5448581,151,Unhealthy,3,28.6,85,0.4,9.4,257,1008.9,95,27.5,30.0,214.0,14.3,74.0,14.2
2025-05-29 10:00:00,2025,5,29,10,Vĩnh Long,Xã An Ngãi Trung,10.0916931,106.5448581,150,Unhealthy for Sensitive Groups,2,29.4,79,0.2,9.7,271,1009.0,81,26.9,30.0,203.0,8.8,94.0,12.6
2025-05-29 11:00:00,2025,5,29,11,Vĩnh Long,Xã An Ngãi Trung,10.0916931,106.5448581,149,Unhealthy for Sensitive Groups,2,31.1,70,0.2,7.3,280,1009.0,38,24.6,27.8,184.0,6.3,97.0,10.1
2025-05-29 12:00:00,2025,5,29,12,Vĩnh Long,Xã An Ngãi Trung,10.0916931,106.5448581,148,Unhealthy for Sensitive Groups,2,29.5,75,6.7,9.2,228,1008.9,93,22.2,24.7,162.0,5.3,92.0,7.1
2025-05-29 13:00:00,2025,5,29,13,Vĩnh Long,Xã An Ngãi Trung,10.0916931,106.5448581,146,Unhealthy for Sensitive Groups,2,27.1,86,5.3,9.6,140,1008.3,96,21.9,24.3,145.0,5.0,87.0,5.0
2025-05-29 14:00:00,2025,5,29,14,Vĩnh Long,Xã An Ngãi Trung,10.0916931,106.5448581,144,Unhealthy for Sensitive Groups,2,29.0,77,0.4,8.0,216,1007.3,99,22.1,24.0,138.0,5.3,87.0,4.7
2025-05-29 15:00:00,2025,5,29,15,Vĩnh Long,Xã An Ngãi Trung,10.0916931,106.5448581,143,Unhealthy for Sensitive Groups,2,28.5,77,1.1,12.6,217,1007.2,99,23.3,24.7,136.0,6.2,88.0,5.3
2025-05-29 16:00:00,2025,5,29,16,Vĩnh Long,Xã An Ngãi Trung,10.0916931,106.5448581,142,Unhealthy for Sensitive Groups,2,28.2,83,1.0,9.2,208,1006.6,100,23.9,25.1,141.0,7.6,86.0,5.7
2025-05-29 17:00:00,2025,5,29,17,Vĩnh Long,Xã An Ngãi Trung,10.0916931,106.5448581,140,Unhealthy for Sensitive Groups,2,27.6,86,0.4,12.9,216,1007.0,100,27.1,28.8,155.0,9.2,77.0,5.5
2025-05-29 18:00:00,2025,5,29,18,Vĩnh Long,Xã An Ngãi Trung,10.0916931,106.5448581,138,Unhealthy for Sensitive Groups,2,26.9,89,0.2,11.7,243,1007.8,100,30.9,32.2,176.0,11.2,65.0,5.1
2025-05-29 19:00:00,2025,5,29,19,Vĩnh Long,Xã An Ngãi Trung,10.0916931,106.5448581,136,Unhealthy for Sensitive Groups,2,25.5,93,0.4,15.2,265,1008.9,100,43.8,45.8,192.0,22.0,54.0,8.4
2025-05-29 20:00:00,2025,5,29,20,Vĩnh Long,Xã An Ngãi Trung,10.0916931,106.5448581,137,Unhealthy for Sensitive Groups,2,25.2,94,4.7,9.3,245,1009.6,100,41.6,43.2,200.0,22.7,49.0,9.0
2025-05-29 21:00:00,2025,5,29,21,Vĩnh Long,Xã An Ngãi Trung,10.0916931,106.5448581,137,Unhealthy for Sensitive Groups,2,25.1,96,4.4,7.3,240,1010.2,100,43.3,44.9,205.0,23.7,42.0,9.8
2025-05-29 22:00:00,2025,5,29,22,Vĩnh Long,Xã An Ngãi Trung,10.0916931,106.5448581,136,Unhealthy for Sensitive Groups,2,25.0,96,2.2,7.1,225,1010.4,100,43.4,44.9,207.0,24.5,36.0,10.2
2025-05-29 23:00:00,2025,5,29,23,Vĩnh Long,Xã An Ngãi Trung,10.0916931,106.5448581,133,Unhealthy for Sensitive Groups,2,25.0,96,1.8,4.5,247,1010.8,100,43.9,45.4,208.0,24.8,32.0,9.7
2025-05-30 00:00:00,2025,5,30,0,Vĩnh Long,Xã An Ngãi Trung,10.0916931,106.5448581,130,Unhealthy for Sensitive Groups,2,25.0,96,1.2,8.9,241,1010.1,100,44.5,46.0,208.0,24.9,30.0,8.7
2025-05-30 01:00:00,2025,5,30,1,Vĩnh Long,Xã An Ngãi Trung,10.0916931,106.5448581,127,Unhealthy for Sensitive Groups,2,25.0,96,1.4,11.9,241,1009.4,100,44.7,46.2,206.0,25.0,28.0,7.8
2025-05-30 02:00:00,2025,5,30,2,Vĩnh Long,Xã An Ngãi Trung,10.0916931,106.5448581,123,Unhealthy for Sensitive Groups,2,25.0,95,0.8,11.8,254,1008.9,100,48.0,49.5,200.0,25.1,26.0,7.2
2025-05-30 03:00:00,2025,5,30,3,Vĩnh Long,Xã An Ngãi Trung,10.0916931,106.5448581,120,Unhealthy for Sensitive Groups,2,25.0,94,0.2,10.7,247,1008.8,99,48.9,50.4,192.0,25.2,25.0,6.6
2025-05-30 04:00:00,2025,5,30,4,Vĩnh Long,Xã An Ngãi Trung,10.0916931,106.5448581,116,Unhealthy for Sensitive Groups,2,25.0,94,0.0,9.8,227,1009.0,100,46.2,48.0,191.0,25.1,24.0,6.4
2025-05-30 05:00:00,2025,5,30,5,Vĩnh Long,Xã An Ngãi Trung,10.0916931,106.5448581,112,Unhealthy for Sensitive Groups,2,25.1,90,0.0,10.0,240,1009.2,100,50.1,51.9,204.0,25.1,23.0,6.7
2025-05-30 06:00:00,2025,5,30,6,Vĩnh Long,Xã An Ngãi Trung,10.0916931,106.5448581,108,Unhealthy for Sensitive Groups,2,25.2,90,0.0,8.2,237,1009.5,99,54.4,56.3,224.0,24.9,22.0,7.2
2025-05-30 07:00:00,2025,5,30,7,Vĩnh Long,Xã An Ngãi Trung,10.0916931,106.5448581,102,Unhealthy for Sensitive Groups,2,26.3,91,0.0,6.4,232,1010.4,99,84.1,87.3,235.0,29.3,24.0,10.8
2025-05-30 08:00:00,2025,5,30,8,Vĩnh Long,Xã An Ngãi Trung,10.0916931,106.5448581,107,Unhealthy for Sensitive Groups,2,26.9,90,0.0,4.9,266,1011.0,100,53.3,57.6,231.0,22.7,44.0,10.8
2025-05-30 09:00:00,2025,5,30,9,Vĩnh Long,Xã An Ngãi Trung,10.0916931,106.5448581,109,Unhealthy for Sensitive Groups,2,28.4,82,0.0,6.5,272,1011.0,98,41.7,47.6,219.0,13.6,72.0,10.7
2025-05-30 10:00:00,2025,5,30,10,Vĩnh Long,Xã An Ngãi Trung,10.0916931,106.5448581,111,Unhealthy for Sensitive Groups,2,29.9,74,0.0,7.9,270,1011.0,64,32.9,40.3,206.0,6.7,93.0,10.2
2025-05-30 11:00:00,2025,5,30,11,Vĩnh Long,Xã An Ngãi Trung,10.0916931,106.5448581,111,Unhealthy for Sensitive Groups,2,31.0,69,0.0,9.4,268,1010.7,67,31.5,38.8,190.0,4.0,103.0,8.9
2025-05-30 12:00:00,2025,5,30,12,Vĩnh Long,Xã An Ngãi Trung,10.0916931,106.5448581,112,Unhealthy for Sensitive Groups,2,31.9,67,0.0,9.6,264,1010.0,76,29.7,36.4,172.0,3.5,107.0,7.2
2025-05-30 13:00:00,2025,5,30,13,Vĩnh Long,Xã An Ngãi Trung,10.0916931,106.5448581,113,Unhealthy for Sensitive Groups,2,27.8,79,2.9,23.2,251,1010.6,100,26.6,31.7,162.0,3.8,106.0,5.9
2025-05-30 14:00:00,2025,5,30,14,Vĩnh Long,Xã An Ngãi Trung,10.0916931,106.5448581,113,Unhealthy for Sensitive Groups,2,26.0,93,5.1,7.6,243,1009.7,99,25.4,29.6,164.0,4.3,100.0,5.4
2025-05-30 15:00:00,2025,5,30,15,Vĩnh Long,Xã An Ngãi Trung,10.0916931,106.5448581,114,Unhealthy for Sensitive Groups,2,26.7,90,1.9,10.6,238,1008.7,99,24.3,27.7,175.0,5.5,90.0,5.3
2025-05-30 16:00:00,2025,5,30,16,Vĩnh Long,Xã An Ngãi Trung,10.0916931,106.5448581,114,Unhealthy for Sensitive Groups,2,26.8,89,0.7,10.8,233,1008.5,77,24.7,27.7,195.0,7.7,80.0,5.5
2025-05-30 17:00:00,2025,5,30,17,Vĩnh Long,Xã An Ngãi Trung,10.0916931,106.5448581,114,Unhealthy for Sensitive Groups,2,27.0,91,0.3,7.2,233,1008.3,96,28.5,31.4,227.0,11.6,70.0,6.3
2025-05-30 18:00:00,2025,5,30,18,Vĩnh Long,Xã An Ngãi Trung,10.0916931,106.5448581,114,Unhealthy for Sensitive Groups,2,26.5,95,0.0,1.1,261,1008.6,58,37.4,40.2,268.0,16.6,59.0,7.5
2025-05-30 19:00:00,2025,5,30,19,Vĩnh Long,Xã An Ngãi Trung,10.0916931,106.5448581,115,Unhealthy for Sensitive Groups,2,26.0,96,0.0,1.8,294,1009.4,69,27.8,29.2,308.0,13.1,75.0,7.9
2025-05-30 20:00:00,2025,5,30,20,Vĩnh Long,Xã An Ngãi Trung,10.0916931,106.5448581,113,Unhealthy for Sensitive Groups,2,26.6,92,0.0,9.1,216,1009.9,100,22.7,24.0,355.0,13.6,68.0,6.9
2025-05-30 21:00:00,2025,5,30,21,Vĩnh Long,Xã An Ngãi Trung,10.0916931,106.5448581,111,Unhealthy for Sensitive Groups,2,26.5,91,0.0,8.9,220,1011.0,100,22.4,23.6,402.0,14.2,57.0,5.6
2025-05-30 22:00:00,2025,5,30,22,Vĩnh Long,Xã An Ngãi Trung,10.0916931,106.5448581,109,Unhealthy for Sensitive Groups,2,26.7,89,0.0,10.2,217,1011.4,100,26.1,27.1,418.0,15.1,49.0,4.7
2025-05-30 23:00:00,2025,5,30,23,Vĩnh Long,Xã An Ngãi Trung,10.0916931,106.5448581,107,Unhealthy for Sensitive Groups,2,26.0,86,0.0,9.9,224,1011.4,100,31.8,32.8,377.0,16.2,45.0,4.5
2025-05-31 00:00:00,2025,5,31,0,Vĩnh Long,Xã An Ngãi Trung,10.0916931,106.5448581,106,Unhealthy for Sensitive Groups,2,25.2,84,0.0,8.3,224,1010.8,100,33.5,34.6,304.0,17.6,42.0,4.7
2025-05-31 01:00:00,2025,5,31,1,Vĩnh Long,Xã An Ngãi Trung,10.0916931,106.5448581,105,Unhealthy for Sensitive Groups,2,24.6,83,0.0,8.1,231,1010.4,100,34.1,35.2,244.0,18.9,40.0,5.1
2025-05-31 02:00:00,2025,5,31,2,Vĩnh Long,Xã An Ngãi Trung,10.0916931,106.5448581,104,Unhealthy for Sensitive Groups,2,24.5,83,0.0,9.3,245,1010.0,100,35.2,36.3,213.0,20.4,37.0,5.5
2025-05-31 03:00:00,2025,5,31,3,Vĩnh Long,Xã An Ngãi Trung,10.0916931,106.5448581,102,Unhealthy for Sensitive Groups,2,24.8,83,0.0,11.8,246,1009.8,100,39.1,40.4,196.0,21.9,34.0,6.0
2025-05-31 04:00:00,2025,5,31,4,Vĩnh Long,Xã An Ngãi Trung,10.0916931,106.5448581,101,Unhealthy for Sensitive Groups,2,25.1,83,0.0,11.5,231,1009.9,100,41.6,43.0,191.0,22.9,33.0,6.7
2025-05-31 05:00:00,2025,5,31,5,Vĩnh Long,Xã An Ngãi Trung,10.0916931,106.5448581,101,Unhealthy for Sensitive Groups,2,25.2,83,0.0,8.8,224,1010.2,100,41.0,42.5,207.0,23.5,31.0,7.6
2025-05-31 06:00:00,2025,5,31,6,Vĩnh Long,Xã An Ngãi Trung,10.0916931,106.5448581,100,Moderate,1,25.5,83,0.0,8.6,233,1010.6,100,40.7,42.5,234.0,23.6,31.0,8.7
2025-05-31 07:00:00,2025,5,31,7,Vĩnh Long,Xã An Ngãi Trung,10.0916931,106.5448581,99,Moderate,1,26.2,81,0.0,9.6,230,1011.1,100,53.3,54.5,248.0,22.7,35.0,10.2
2025-05-31 08:00:00,2025,5,31,8,Vĩnh Long,Xã An Ngãi Trung,10.0916931,106.5448581,96,Moderate,1,28.6,80,0.0,9.8,264,1010.9,1,37.6,39.8,232.0,17.9,56.0,10.0
2025-05-31 09:00:00,2025,5,31,9,Vĩnh Long,Xã An Ngãi Trung,10.0916931,106.5448581,94,Moderate,1,30.2,73,0.0,12.4,267,1011.2,81,30.9,34.6,202.0,11.3,84.0,9.7
2025-05-31 10:00:00,2025,5,31,10,Vĩnh Long,Xã An Ngãi Trung,10.0916931,106.5448581,94,Moderate,1,31.3,67,0.0,14.8,260,1011.2,33,27.6,31.3,178.0,6.2,107.0,9.3
2025-05-31 11:00:00,2025,5,31,11,Vĩnh Long,Xã An Ngãi Trung,10.0916931,106.5448581,93,Moderate,1,32.1,65,0.0,15.2,260,1010.7,11,27.2,30.2,169.0,3.8,119.0,8.7
2025-05-31 12:00:00,2025,5,31,12,Vĩnh Long,Xã An Ngãi Trung,10.0916931,106.5448581,93,Moderate,1,32.6,63,0.1,14.8,254,1009.9,22,26.1,28.2,166.0,2.8,125.0,8.0
2025-05-31 13:00:00,2025,5,31,13,Vĩnh Long,Xã An Ngãi Trung,10.0916931,106.5448581,92,Moderate,1,28.5,79,6.8,18.3,301,1010.1,82,24.3,26.5,166.0,2.8,125.0,7.3
2025-05-31 14:00:00,2025,5,31,14,Vĩnh Long,Xã An Ngãi Trung,10.0916931,106.5448581,92,Moderate,1,27.1,87,2.8,11.5,248,1009.5,87,25.3,27.5,167.0,3.3,118.0,6.5
2025-05-31 15:00:00,2025,5,31,15,Vĩnh Long,Xã An Ngãi Trung,10.0916931,106.5448581,92,Moderate,1,27.5,89,0.4,9.5,237,1008.8,83,25.6,27.9,172.0,4.7,106.0,5.7
2025-05-31 16:00:00,2025,5,31,16,Vĩnh Long,Xã An Ngãi Trung,10.0916931,106.5448581,92,Moderate,1,28.9,82,0.2,10.2,244,1008.5,38,26.5,29.2,184.0,7.5,92.0,5.6
2025-05-31 17:00:00,2025,5,31,17,Vĩnh Long,Xã An Ngãi Trung,10.0916931,106.5448581,92,Moderate,1,28.5,83,0.0,6.8,248,1008.5,43,32.2,35.0,207.0,12.5,77.0,6.6
2025-05-31 18:00:00,2025,5,31,18,Vĩnh Long,Xã An Ngãi Trung,10.0916931,106.5448581,93,Moderate,1,27.8,86,0.0,5.4,250,1008.9,17,40.9,43.8,237.0,18.9,61.0,8.3
2025-05-31 19:00:00,2025,5,31,19,Vĩnh Long,Xã An Ngãi Trung,10.0916931,106.5448581,93,Moderate,1,26.9,90,0.1,5.1,252,1009.3,65,66.8,70.3,268.0,33.7,43.0,14.3
2025-05-31 20:00:00,2025,5,31,20,Vĩnh Long,Xã An Ngãi Trung,10.0916931,106.5448581,96,Moderate,1,26.3,93,0.0,4.4,238,1009.8,99,88.0,91.7,302.0,43.1,33.0,17.6
2025-05-31 21:00:00,2025,5,31,21,Vĩnh Long,Xã An Ngãi Trung,10.0916931,106.5448581,103,Unhealthy for Sensitive Groups,2,25.9,95,0.0,5.1,243,1010.4,92,129.9,133.6,337.0,55.9,19.0,21.9
2025-05-31 22:00:00,2025,5,31,22,Vĩnh Long,Xã An Ngãi Trung,10.0916931,106.5448581,114,Unhealthy for Sensitive Groups,2,25.8,96,0.0,5.0,232,1010.8,75,168.6,172.8,356.0,64.5,9.0,24.3
2025-05-31 23:00:00,2025,5,31,23,Vĩnh Long,Xã An Ngãi Trung,10.0916931,106.5448581,129,Unhealthy for Sensitive Groups,2,25.6,97,0.0,4.8,243,1011.4,94,190.0,194.2,349.0,64.9,7.0,22.7
2025-06-01 00:00:00,2025,6,1,0,Vĩnh Long,Xã An Ngãi Trung,10.0916931,106.5448581,145,Unhealthy for Sensitive Groups,2,25.9,96,0.0,6.8,228,1011.1,99,177.0,180.7,326.0,61.2,8.0,19.0
2025-06-01 01:00:00,2025,6,1,1,Vĩnh Long,Xã An Ngãi Trung,10.0916931,106.5448581,152,Unhealthy,3,26.1,95,0.0,8.3,222,1010.8,97,157.9,161.1,306.0,58.0,9.0,16.3
2025-06-01 02:00:00,2025,6,1,2,Vĩnh Long,Xã An Ngãi Trung,10.0916931,106.5448581,155,Unhealthy,3,26.1,94,0.0,6.5,228,1009.9,88,153.2,156.0,292.0,57.6,7.0,15.9
2025-06-01 03:00:00,2025,6,1,3,Vĩnh Long,Xã An Ngãi Trung,10.0916931,106.5448581,157,Unhealthy,3,25.8,95,0.0,4.8,243,1009.3,89,144.4,148.5,280.0,57.8,5.0,16.4
2025-06-01 04:00:00,2025,6,1,4,Vĩnh Long,Xã An Ngãi Trung,10.0916931,106.5448581,160,Unhealthy,3,25.9,93,0.0,7.3,216,1009.2,80,135.0,140.2,274.0,55.9,6.0,16.4
2025-06-01 05:00:00,2025,6,1,5,Vĩnh Long,Xã An Ngãi Trung,10.0916931,106.5448581,162,Unhealthy,3,25.7,94,0.0,6.4,227,1009.4,35,125.3,129.9,282.0,51.0,10.0,15.2
2025-06-01 06:00:00,2025,6,1,6,Vĩnh Long,Xã An Ngãi Trung,10.0916931,106.5448581,164,Unhealthy,3,26.0,93,0.0,6.6,248,1009.8,36,117.6,122.0,296.0,44.2,18.0,13.6
2025-06-01 07:00:00,2025,6,1,7,Vĩnh Long,Xã An Ngãi Trung,10.0916931,106.5448581,165,Unhealthy,3,27.5,90,0.0,7.0,258,1010.3,53,80.8,83.1,296.0,24.6,38.0,7.9
2025-06-01 08:00:00,2025,6,1,8,Vĩnh Long,Xã An Ngãi Trung,10.0916931,106.5448581,166,Unhealthy,3,29.5,85,0.0,7.0,270,1010.8,26,48.2,51.2,268.0,18.6,52.0,7.0
2025-06-01 09:00:00,2025,6,1,9,Vĩnh Long,Xã An Ngãi Trung,10.0916931,106.5448581,166,Unhealthy,3,30.6,77,1.0,10.1,267,1010.7,29,28.5,32.0,226.0,10.3,72.0,5.8
2025-06-01 10:00:00,2025,6,1,10,Vĩnh Long,Xã An Ngãi Trung,10.0916931,106.5448581,166,Unhealthy,3,31.9,68,0.0,9.9,261,1010.5,93,23.6,27.9,193.0,4.1,88.0,4.9
2025-06-01 11:00:00,2025,6,1,11,Vĩnh Long,Xã An Ngãi Trung,10.0916931,106.5448581,166,Unhealthy,3,32.7,62,0.0,10.5,254,1009.9,76,23.9,28.8,177.0,1.8,99.0,4.5
2025-06-01 12:00:00,2025,6,1,12,Vĩnh Long,Xã An Ngãi Trung,10.0916931,106.5448581,166,Unhealthy,3,33.3,60,0.0,11.7,249,1009.0,29,23.6,28.3,170.0,1.6,108.0,4.4
2025-06-01 13:00:00,2025,6,1,13,Vĩnh Long,Xã An Ngãi Trung,10.0916931,106.5448581,166,Unhealthy,3,33.4,60,0.0,12.6,246,1008.5,74,20.5,24.5,166.0,2.2,109.0,4.3
2025-06-01 14:00:00,2025,6,1,14,Vĩnh Long,Xã An Ngãi Trung,10.0916931,106.5448581,166,Unhealthy,3,33.7,58,0.0,13.2,250,1007.3,72,17.9,21.1,161.0,3.0,100.0,4.0
2025-06-01 15:00:00,2025,6,1,15,Vĩnh Long,Xã An Ngãi Trung,10.0916931,106.5448581,166,Unhealthy,3,29.5,76,0.4,15.3,214,1007.3,68,17.9,21.0,159.0,4.7,84.0,3.7
2025-06-01 16:00:00,2025,6,1,16,Vĩnh Long,Xã An Ngãi Trung,10.0916931,106.5448581,165,Unhealthy,3,28.7,77,1.5,13.5,265,1007.5,89,20.7,22.2,170.0,8.0,69.0,4.2
2025-06-01 17:00:00,2025,6,1,17,Vĩnh Long,Xã An Ngãi Trung,10.0916931,106.5448581,165,Unhealthy,3,27.2,88,1.4,7.4,248,1007.3,98,27.1,28.7,207.0,14.6,58.0,6.1
2025-06-01 18:00:00,2025,6,1,18,Vĩnh Long,Xã An Ngãi Trung,10.0916931,106.5448581,165,Unhealthy,3,26.8,92,0.0,4.1,270,1007.7,97,36.9,38.9,255.0,22.8,49.0,8.8
2025-06-01 19:00:00,2025,6,1,19,Vĩnh Long,Xã An Ngãi Trung,10.0916931,106.5448581,165,Unhealthy,3,26.3,94,0.0,4.0,219,1008.8,99,73.1,77.1,283.0,34.0,50.0,13.1
2025-06-01 20:00:00,2025,6,1,20,Vĩnh Long,Xã An Ngãi Trung,10.0916931,106.5448581,165,Unhealthy,3,27.9,85,0.0,8.2,209,1009.2,71,71.0,74.3,271.0,31.4,46.0,11.6
2025-06-01 21:00:00,2025,6,1,21,Vĩnh Long,Xã An Ngãi Trung,10.0916931,106.5448581,165,Unhealthy,3,27.6,86,0.1,10.1,215,1010.1,42,59.6,62.9,237.0,27.6,41.0,9.6
2025-06-01 22:00:00,2025,6,1,22,Vĩnh Long,Xã An Ngãi Trung,10.0916931,106.5448581,163,Unhealthy,3,27.1,89,0.0,12.6,222,1010.3,58,55.1,58.2,207.0,24.2,37.0,7.8
2025-06-01 23:00:00,2025,6,1,23,Vĩnh Long,Xã An Ngãi Trung,10.0916931,106.5448581,161,Unhealthy,3,26.8,88,0.0,16.5,217,1010.7,69,51.0,54.1,186.0,21.5,37.0,6.5
2025-06-02 00:00:00,2025,6,2,0,Vĩnh Long,Xã An Ngãi Trung,10.0916931,106.5448581,158,Unhealthy,3,26.1,89,0.0,16.9,213,1010.2,97,45.1,48.1,169.0,19.1,39.0,5.4
2025-06-02 01:00:00,2025,6,2,1,Vĩnh Long,Xã An Ngãi Trung,10.0916931,106.5448581,155,Unhealthy,3,25.9,90,0.0,15.4,225,1009.9,100,37.8,40.7,156.0,17.3,41.0,4.6
2025-06-02 02:00:00,2025,6,2,2,Vĩnh Long,Xã An Ngãi Trung,10.0916931,106.5448581,152,Unhealthy,3,25.3,92,0.0,13.5,224,1009.3,100,32.9,35.5,148.0,16.5,42.0,4.3
2025-06-02 03:00:00,2025,6,2,3,Vĩnh Long,Xã An Ngãi Trung,10.0916931,106.5448581,148,Unhealthy for Sensitive Groups,2,25.3,92,0.0,10.1,221,1008.9,100,31.9,34.2,145.0,16.2,43.0,4.2
2025-06-02 04:00:00,2025,6,2,4,Vĩnh Long,Xã An Ngãi Trung,10.0916931,106.5448581,137,Unhealthy for Sensitive Groups,2,25.3,93,0.0,9.7,223,1008.6,100,33.8,36.0,151.0,15.9,46.0,4.5
2025-06-02 05:00:00,2025,6,2,5,Vĩnh Long,Xã An Ngãi Trung,10.0916931,106.5448581,126,Unhealthy for Sensitive Groups,2,25.2,94,0.0,8.7,228,1008.8,100,38.4,40.5,174.0,15.5,49.0,5.2
2025-06-02 06:00:00,2025,6,2,6,Vĩnh Long,Xã An Ngãi Trung,10.0916931,106.5448581,117,Unhealthy for Sensitive Groups,2,25.5,94,0.0,7.0,235,1009.3,100,41.7,43.8,205.0,15.1,54.0,6.2
2025-06-02 07:00:00,2025,6,2,7,Vĩnh Long,Xã An Ngãi Trung,10.0916931,106.5448581,109,Unhealthy for Sensitive Groups,2,26.5,92,0.0,5.3,235,1009.7,100,38.8,41.3,226.0,14.7,56.0,5.5
2025-06-02 08:00:00,2025,6,2,8,Vĩnh Long,Xã An Ngãi Trung,10.0916931,106.5448581,105,Unhealthy for Sensitive Groups,2,28.7,88,0.0,9.2,225,1010.3,100,30.5,33.6,225.0,11.9,69.0,5.3
2025-06-02 09:00:00,2025,6,2,9,Vĩnh Long,Xã An Ngãi Trung,10.0916931,106.5448581,103,Unhealthy for Sensitive Groups,2,29.8,80,0.0,13.7,220,1010.4,100,24.9,28.1,213.0,8.1,88.0,5.0
2025-06-02 10:00:00,2025,6,2,10,Vĩnh Long,Xã An Ngãi Trung,10.0916931,106.5448581,103,Unhealthy for Sensitive Groups,2,31.1,72,0.1,13.9,220,1010.5,100,23.1,26.1,202.0,5.1,104.0,4.8
2025-06-02 11:00:00,2025,6,2,11,Vĩnh Long,Xã An Ngãi Trung,10.0916931,106.5448581,103,Unhealthy for Sensitive Groups,2,30.6,73,0.3,14.4,230,1010.0,100,21.7,23.7,197.0,3.6,114.0,4.6
2025-06-02 12:00:00,2025,6,2,12,Vĩnh Long,Xã An Ngãi Trung,10.0916931,106.5448581,102,Unhealthy for Sensitive Groups,2,29.0,77,0.4,13.6,227,1009.4,100,21.3,23.3,194.0,2.8,120.0,4.4
2025-06-02 13:00:00,2025,6,2,13,Vĩnh Long,Xã An Ngãi Trung,10.0916931,106.5448581,102,Unhealthy for Sensitive Groups,2,29.5,74,0.4,15.5,257,1008.8,96,21.6,23.6,193.0,2.7,124.0,4.4
2025-06-02 14:00:00,2025,6,2,14,Vĩnh Long,Xã An Ngãi Trung,10.0916931,106.5448581,102,Unhealthy for Sensitive Groups,2,29.1,79,0.2,11.8,262,1007.4,100,23.9,25.3,194.0,2.7,126.0,4.8
2025-06-02 15:00:00,2025,6,2,15,Vĩnh Long,Xã An Ngãi Trung,10.0916931,106.5448581,103,Unhealthy for Sensitive Groups,2,28.8,82,0.1,11.2,269,1006.8,100,24.0,25.2,197.0,3.3,126.0,5.4
2025-06-02 16:00:00,2025,6,2,16,Vĩnh Long,Xã An Ngãi Trung,10.0916931,106.5448581,104,Unhealthy for Sensitive Groups,2,29.5,79,0.0,10.5,263,1006.6,100,28.3,29.6,207.0,5.6,121.0,6.3
2025-06-02 17:00:00,2025,6,2,17,Vĩnh Long,Xã An Ngãi Trung,10.0916931,106.5448581,104,Unhealthy for Sensitive Groups,2,29.1,78,0.0,8.1,266,1006.9,98,27.6,28.6,229.0,10.9,108.0,7.7
2025-06-02 18:00:00,2025,6,2,18,Vĩnh Long,Xã An Ngãi Trung,10.0916931,106.5448581,104,Unhealthy for Sensitive Groups,2,28.2,80,0.0,7.6,288,1007.6,100,36.2,37.0,258.0,17.9,90.0,9.4
2025-06-02 19:00:00,2025,6,2,19,Vĩnh Long,Xã An Ngãi Trung,10.0916931,106.5448581,104,Unhealthy for Sensitive Groups,2,27.3,83,0.0,6.9,275,1008.1,99,80.8,82.4,285.0,33.6,62.0,14.6
2025-06-02 20:00:00,2025,6,2,20,Vĩnh Long,Xã An Ngãi Trung,10.0916931,106.5448581,105,Unhealthy for Sensitive Groups,2,26.6,94,0.0,1.0,315,1008.1,100,96.6,99.7,306.0,36.9,55.0,15.9
2025-06-02 21:00:00,2025,6,2,21,Vĩnh Long,Xã An Ngãi Trung,10.0916931,106.5448581,108,Unhealthy for Sensitive Groups,2,26.4,94,0.0,1.1,252,1008.4,100,107.8,111.5,324.0,41.4,46.0,17.7
2025-06-02 22:00:00,2025,6,2,22,Vĩnh Long,Xã An Ngãi Trung,10.0916931,106.5448581,113,Unhealthy for Sensitive Groups,2,26.2,95,0.0,3.8,245,1009.0,100,106.4,110.4,339.0,44.3,39.0,18.6
2025-06-02 23:00:00,2025,6,2,23,Vĩnh Long,Xã An Ngãi Trung,10.0916931,106.5448581,118,Unhealthy for Sensitive Groups,2,26.4,95,0.0,7.3,208,1009.1,100,105.0,109.0,351.0,44.4,36.0,18.1
2025-06-03 00:00:00,2025,6,3,0,Vĩnh Long,Xã An Ngãi Trung,10.0916931,106.5448581,124,Unhealthy for Sensitive Groups,2,26.3,93,0.0,6.4,225,1008.9,100,107.6,111.8,359.0,42.9,34.0,16.8
2025-06-03 01:00:00,2025,6,3,1,Vĩnh Long,Xã An Ngãi Trung,10.0916931,106.5448581,130,Unhealthy for Sensitive Groups,2,26.0,95,0.0,4.2,245,1008.6,100,100.8,104.5,359.0,40.5,34.0,15.2
2025-06-03 02:00:00,2025,6,3,2,Vĩnh Long,Xã An Ngãi Trung,10.0916931,106.5448581,137,Unhealthy for Sensitive Groups,2,26.2,94,0.0,8.5,266,1007.8,100,92.0,95.7,346.0,37.3,35.0,13.1
2025-06-03 03:00:00,2025,6,3,3,Vĩnh Long,Xã An Ngãi Trung,10.0916931,106.5448581,143,Unhealthy for Sensitive Groups,2,26.1,95,0.0,8.1,252,1007.4,100,87.5,91.0,325.0,33.2,38.0,10.7
2025-06-03 04:00:00,2025,6,3,4,Vĩnh Long,Xã An Ngãi Trung,10.0916931,106.5448581,149,Unhealthy for Sensitive Groups,2,26.0,96,0.0,7.7,249,1007.2,100,73.6,76.6,302.0,29.1,41.0,8.9
2025-06-03 05:00:00,2025,6,3,5,Vĩnh Long,Xã An Ngãi Trung,10.0916931,106.5448581,151,Unhealthy,3,26.1,96,0.0,6.9,253,1007.9,100,53.1,56.1,275.0,25.1,44.0,8.2
2025-06-03 06:00:00,2025,6,3,6,Vĩnh Long,Xã An Ngãi Trung,10.0916931,106.5448581,151,Unhealthy,3,26.4,96,0.0,8.9,251,1008.6,100,45.9,48.7,247.0,21.0,46.0,8.0
2025-06-03 07:00:00,2025,6,3,7,Vĩnh Long,Xã An Ngãi Trung,10.0916931,106.5448581,151,Unhealthy,3,27.2,94,0.0,10.0,257,1009.1,99,20.3,21.5,230.0,13.9,53.0,5.0
2025-06-03 08:00:00,2025,6,3,8,Vĩnh Long,Xã An Ngãi Trung,10.0916931,106.5448581,151,Unhealthy,3,24.9,95,2.4,10.2,238,1010.1,100,16.8,17.4,236.0,12.4,63.0,5.7
2025-06-03 09:00:00,2025,6,3,9,Vĩnh Long,Xã An Ngãi Trung,10.0916931,106.5448581,150,Unhealthy for Sensitive Groups,2,26.1,91,0.3,10.3,227,1010.5,100,21.7,22.2,253.0,10.3,77.0,6.7
2025-06-03 10:00:00,2025,6,3,10,Vĩnh Long,Xã An Ngãi Trung,10.0916931,106.5448581,150,Unhealthy for Sensitive Groups,2,26.7,89,0.3,11.0,247,1010.7,100,27.6,28.4,257.0,8.7,85.0,7.2
2025-06-03 11:00:00,2025,6,3,11,Vĩnh Long,Xã An Ngãi Trung,10.0916931,106.5448581,150,Unhealthy for Sensitive Groups,2,27.4,87,0.4,13.7,248,1010.0,100,19.6,20.1,233.0,8.1,81.0,6.8
2025-06-03 12:00:00,2025,6,3,12,Vĩnh Long,Xã An Ngãi Trung,10.0916931,106.5448581,150,Unhealthy for Sensitive Groups,2,28.1,84,0.2,14.3,245,1009.1,100,15.4,15.7,197.0,8.0,71.0,6.0
2025-06-03 13:00:00,2025,6,3,13,Vĩnh Long,Xã An Ngãi Trung,10.0916931,106.5448581,150,Unhealthy for Sensitive Groups,2,28.0,85,0.0,12.4,237,1008.0,100,15.7,16.1,169.0,8.4,65.0,5.6
2025-06-03 14:00:00,2025,6,3,14,Vĩnh Long,Xã An Ngãi Trung,10.0916931,106.5448581,150,Unhealthy for Sensitive Groups,2,29.3,76,0.1,15.6,237,1007.1,100,19.6,20.2,157.0,9.2,70.0,6.1
2025-06-03 15:00:00,2025,6,3,15,Vĩnh Long,Xã An Ngãi Trung,10.0916931,106.5448581,150,Unhealthy for Sensitive Groups,2,30.1,72,0.1,16.7,253,1006.4,100,27.7,28.6,153.0,10.5,80.0,7.0
2025-06-03 16:00:00,2025,6,3,16,Vĩnh Long,Xã An Ngãi Trung,10.0916931,106.5448581,150,Unhealthy for Sensitive Groups,2,29.8,73,0.0,15.7,257,1005.9,96,33.8,35.0,154.0,12.8,83.0,8.1
2025-06-03 17:00:00,2025,6,3,17,Vĩnh Long,Xã An Ngãi Trung,10.0916931,106.5448581,150,Unhealthy for Sensitive Groups,2,29.1,75,0.0,13.0,264,1006.6,100,38.9,40.3,158.0,16.9,73.0,9.2
2025-06-03 18:00:00,2025,6,3,18,Vĩnh Long,Xã An Ngãi Trung,10.0916931,106.5448581,150,Unhealthy for Sensitive Groups,2,28.3,77,0.0,11.2,264,1007.1,100,42.0,43.2,167.0,22.1,57.0,10.4
2025-06-03 19:00:00,2025,6,3,19,Vĩnh Long,Xã An Ngãi Trung,10.0916931,106.5448581,151,Unhealthy,3,27.4,80,0.0,9.9,255,1007.4,100,46.0,47.0,179.0,23.4,54.0,11.7
2025-06-03 20:00:00,2025,6,3,20,Vĩnh Long,Xã An Ngãi Trung,10.0916931,106.5448581,149,Unhealthy for Sensitive Groups,2,26.8,87,0.0,8.4,242,1007.8,100,47.8,48.9,198.0,25.7,44.0,11.7
2025-06-03 21:00:00,2025,6,3,21,Vĩnh Long,Xã An Ngãi Trung,10.0916931,106.5448581,144,Unhealthy for Sensitive Groups,2,26.8,87,0.0,9.6,236,1008.4,100,52.9,54.0,219.0,28.9,31.0,11.8
2025-06-03 22:00:00,2025,6,3,22,Vĩnh Long,Xã An Ngãi Trung,10.0916931,106.5448581,138,Unhealthy for Sensitive Groups,2,26.5,88,0.0,8.4,227,1009.0,100,58.6,60.1,230.0,30.9,20.0,11.6
2025-06-03 23:00:00,2025,6,3,23,Vĩnh Long,Xã An Ngãi Trung,10.0916931,106.5448581,133,Unhealthy for Sensitive Groups,2,26.4,91,0.0,10.8,223,1009.3,100,57.7,59.6,222.0,30.8,15.0,11.0
2025-06-04 00:00:00,2025,6,4,0,Vĩnh Long,Xã An Ngãi Trung,10.0916931,106.5448581,128,Unhealthy for Sensitive Groups,2,26.2,91,0.0,10.3,221,1008.8,100,54.6,56.8,204.0,29.5,14.0,10.2
2025-06-04 01:00:00,2025,6,4,1,Vĩnh Long,Xã An Ngãi Trung,10.0916931,106.5448581,123,Unhealthy for Sensitive Groups,2,26.0,92,1.2,11.6,227,1008.2,100,51.9,54.4,188.0,28.3,13.0,9.5
2025-06-04 02:00:00,2025,6,4,2,Vĩnh Long,Xã An Ngãi Trung,10.0916931,106.5448581,118,Unhealthy for Sensitive Groups,2,26.0,92,0.0,11.1,236,1007.3,100,50.8,53.2,179.0,27.9,12.0,8.9
2025-06-04 03:00:00,2025,6,4,3,Vĩnh Long,Xã An Ngãi Trung,10.0916931,106.5448581,113,Unhealthy for Sensitive Groups,2,26.0,92,0.0,10.6,235,1007.1,100,50.5,53.1,172.0,27.6,12.0,8.5
2025-06-04 04:00:00,2025,6,4,4,Vĩnh Long,Xã An Ngãi Trung,10.0916931,106.5448581,109,Unhealthy for Sensitive Groups,2,26.0,92,0.0,11.4,232,1007.1,100,50.1,52.9,172.0,26.4,14.0,8.0
2025-06-04 05:00:00,2025,6,4,5,Vĩnh Long,Xã An Ngãi Trung,10.0916931,106.5448581,107,Unhealthy for Sensitive Groups,2,26.0,91,0.1,8.8,237,1007.4,100,44.5,47.5,185.0,23.9,17.0,7.6
2025-06-04 06:00:00,2025,6,4,6,Vĩnh Long,Xã An Ngãi Trung,10.0916931,106.5448581,106,Unhealthy for Sensitive Groups,2,25.9,93,0.2,9.7,222,1008.1,94,41.9,45.2,204.0,20.6,21.0,7.2
2025-06-04 07:00:00,2025,6,4,7,Vĩnh Long,Xã An Ngãi Trung,10.0916931,106.5448581,106,Unhealthy for Sensitive Groups,2,26.6,92,0.0,9.7,236,1009.0,99,47.0,48.8,212.0,18.2,28.0,8.4
2025-06-04 08:00:00,2025,6,4,8,Vĩnh Long,Xã An Ngãi Trung,10.0916931,106.5448581,108,Unhealthy for Sensitive Groups,2,29.1,82,0.0,12.3,240,1008.9,57,32.1,35.6,198.0,14.2,42.0,7.9
2025-06-04 09:00:00,2025,6,4,9,Vĩnh Long,Xã An Ngãi Trung,10.0916931,106.5448581,110,Unhealthy for Sensitive Groups,2,30.1,75,0.1,17.7,246,1009.2,65,25.8,30.3,173.0,8.7,62.0,7.3
2025-06-04 10:00:00,2025,6,4,10,Vĩnh Long,Xã An Ngãi Trung,10.0916931,106.5448581,110,Unhealthy for Sensitive Groups,2,30.7,71,0.1,18.4,249,1009.4,99,22.7,28.5,154.0,4.5,79.0,6.7
2025-06-04 11:00:00,2025,6,4,11,Vĩnh Long,Xã An Ngãi Trung,10.0916931,106.5448581,110,Unhealthy for Sensitive Groups,2,31.8,68,0.0,17.4,248,1008.8,98,21.0,27.5,147.0,2.7,90.0,6.2
2025-06-04 12:00:00,2025,6,4,12,Vĩnh Long,Xã An Ngãi Trung,10.0916931,106.5448581,110,Unhealthy for Sensitive Groups,2,30.5,70,1.3,16.2,274,1008.3,81,19.1,25.2,145.0,2.2,99.0,5.7
2025-06-04 13:00:00,2025,6,4,13,Vĩnh Long,Xã An Ngãi Trung,10.0916931,106.5448581,110,Unhealthy for Sensitive Groups,2,30.9,70,0.1,13.0,252,1007.4,24,18.3,23.5,146.0,2.2,104.0,5.3
2025-06-04 14:00:00,2025,6,4,14,Vĩnh Long,Xã An Ngãi Trung,10.0916931,106.5448581,111,Unhealthy for Sensitive Groups,2,31.4,71,0.1,13.2,246,1006.3,52,18.2,23.1,146.0,2.5,105.0,5.1
2025-06-04 15:00:00,2025,6,4,15,Vĩnh Long,Xã An Ngãi Trung,10.0916931,106.5448581,111,Unhealthy for Sensitive Groups,2,30.0,74,0.6,11.4,267,1005.9,56,19.3,23.8,148.0,3.3,102.0,5.0
2025-06-04 16:00:00,2025,6,4,16,Vĩnh Long,Xã An Ngãi Trung,10.0916931,106.5448581,110,Unhealthy for Sensitive Groups,2,28.9,79,4.3,10.0,276,1006.0,72,20.6,24.0,158.0,5.2,96.0,5.3
2025-06-04 17:00:00,2025,6,4,17,Vĩnh Long,Xã An Ngãi Trung,10.0916931,106.5448581,108,Unhealthy for Sensitive Groups,2,28.6,82,1.0,5.9,256,1006.5,49,25.6,28.6,183.0,8.8,85.0,6.4
2025-06-04 18:00:00,2025,6,4,18,Vĩnh Long,Xã An Ngãi Trung,10.0916931,106.5448581,107,Unhealthy for Sensitive Groups,2,26.9,88,3.2,2.9,202,1006.9,63,32.1,35.2,217.0,13.5,70.0,7.9
2025-06-04 19:00:00,2025,6,4,19,Vĩnh Long,Xã An Ngãi Trung,10.0916931,106.5448581,106,Unhealthy for Sensitive Groups,2,26.5,92,0.1,7.3,226,1007.4,13,40.5,44.8,246.0,18.7,60.0,9.4
2025-06-04 20:00:00,2025,6,4,20,Vĩnh Long,Xã An Ngãi Trung,10.0916931,106.5448581,105,Unhealthy for Sensitive Groups,2,26.5,92,0.0,7.8,241,1008.2,50,41.9,45.8,269.0,20.2,52.0,9.5
2025-06-04 21:00:00,2025,6,4,21,Vĩnh Long,Xã An Ngãi Trung,10.0916931,106.5448581,105,Unhealthy for Sensitive Groups,2,26.0,95,0.0,8.7,238,1008.8,100,45.3,48.9,288.0,22.3,40.0,9.6
2025-06-04 22:00:00,2025,6,4,22,Vĩnh Long,Xã An Ngãi Trung,10.0916931,106.5448581,104,Unhealthy for Sensitive Groups,2,25.7,95,0.0,8.0,232,1009.2,100,47.4,51.2,293.0,24.3,31.0,9.6
2025-06-04 23:00:00,2025,6,4,23,Vĩnh Long,Xã An Ngãi Trung,10.0916931,106.5448581,103,Unhealthy for Sensitive Groups,2,25.5,95,0.0,6.9,225,1009.5,100,49.7,53.8,277.0,26.1,25.0,9.5
2025-06-05 00:00:00,2025,6,5,0,Vĩnh Long,Xã An Ngãi Trung,10.0916931,106.5448581,102,Unhealthy for Sensitive Groups,2,25.2,95,0.0,6.2,229,1009.5,57,54.4,58.8,247.0,27.8,22.0,9.2
2025-06-05 01:00:00,2025,6,5,1,Vĩnh Long,Xã An Ngãi Trung,10.0916931,106.5448581,102,Unhealthy for Sensitive Groups,2,25.1,96,0.0,5.8,234,1008.7,89,57.7,62.4,221.0,29.0,19.0,9.0
2025-06-05 02:00:00,2025,6,5,2,Vĩnh Long,Xã An Ngãi Trung,10.0916931,106.5448581,103,Unhealthy for Sensitive Groups,2,25.2,96,0.0,7.4,238,1008.0,57,58.1,63.1,204.0,30.1,16.0,8.7
2025-06-05 03:00:00,2025,6,5,3,Vĩnh Long,Xã An Ngãi Trung,10.0916931,106.5448581,103,Unhealthy for Sensitive Groups,2,25.2,96,0.0,7.0,252,1007.8,99,59.0,64.5,190.0,30.7,14.0,8.5
2025-06-05 04:00:00,2025,6,5,4,Vĩnh Long,Xã An Ngãi Trung,10.0916931,106.5448581,104,Unhealthy for Sensitive Groups,2,25.2,96,0.0,7.2,251,1007.7,99,61.5,67.3,184.0,29.8,15.0,8.3
2025-06-05 05:00:00,2025,6,5,5,Vĩnh Long,Xã An Ngãi Trung,10.0916931,106.5448581,105,Unhealthy for Sensitive Groups,2,25.2,96,0.0,7.7,259,1008.0,94,64.7,71.2,192.0,26.2,19.0,8.3
2025-06-05 06:00:00,2025,6,5,6,Vĩnh Long,Xã An Ngãi Trung,10.0916931,106.5448581,107,Unhealthy for Sensitive Groups,2,25.5,95,0.0,8.8,253,1008.3,92,66.6,72.9,206.0,21.1,26.0,8.5
2025-06-05 07:00:00,2025,6,5,7,Vĩnh Long,Xã An Ngãi Trung,10.0916931,106.5448581,110,Unhealthy for Sensitive Groups,2,26.8,90,0.0,8.9,241,1008.9,85,43.1,51.7,212.0,16.2,36.0,8.0
2025-06-05 08:00:00,2025,6,5,8,Vĩnh Long,Xã An Ngãi Trung,10.0916931,106.5448581,110,Unhealthy for Sensitive Groups,2,28.5,86,0.0,11.8,242,1009.3,9,35.4,43.0,198.0,12.8,49.0,7.6
2025-06-05 09:00:00,2025,6,5,9,Vĩnh Long,Xã An Ngãi Trung,10.0916931,106.5448581,110,Unhealthy for Sensitive Groups,2,30.0,78,0.0,12.8,251,1009.3,15,29.0,35.7,175.0,8.2,66.0,7.1
2025-06-05 10:00:00,2025,6,5,10,Vĩnh Long,Xã An Ngãi Trung,10.0916931,106.5448581,110,Unhealthy for Sensitive Groups,2,31.1,72,0.0,13.9,250,1009.0,92,24.0,30.9,156.0,4.6,81.0,6.6
2025-06-05 11:00:00,2025,6,5,11,Vĩnh Long,Xã An Ngãi Trung,10.0916931,106.5448581,110,Unhealthy for Sensitive Groups,2,31.6,69,0.1,15.4,253,1008.5,48,20.5,27.2,145.0,3.0,90.0,6.1
2025-06-05 12:00:00,2025,6,5,12,Vĩnh Long,Xã An Ngãi Trung,10.0916931,106.5448581,110,Unhealthy for Sensitive Groups,2,32.5,67,0.0,13.9,260,1007.8,88,19.2,25.8,137.0,2.4,97.0,5.6
2025-06-05 13:00:00,2025,6,5,13,Vĩnh Long,Xã An Ngãi Trung,10.0916931,106.5448581,110,Unhealthy for Sensitive Groups,2,31.5,66,0.8,21.1,259,1007.4,100,20.8,28.0,135.0,2.5,99.0,5.3
2025-06-05 14:00:00,2025,6,5,14,Vĩnh Long,Xã An Ngãi Trung,10.0916931,106.5448581,111,Unhealthy for Sensitive Groups,2,29.0,82,0.6,10.6,240,1007.0,95,18.9,23.7,138.0,2.9,97.0,5.0
2025-06-05 15:00:00,2025,6,5,15,Vĩnh Long,Xã An Ngãi Trung,10.0916931,106.5448581,111,Unhealthy for Sensitive Groups,2,30.1,78,0.0,9.4,228,1006.4,76,19.4,23.3,147.0,4.0,90.0,4.9
2025-06-05 16:00:00,2025,6,5,16,Vĩnh Long,Xã An Ngãi Trung,10.0916931,106.5448581,111,Unhealthy for Sensitive Groups,2,28.1,84,3.2,10.6,240,1006.6,95,21.0,23.9,159.0,6.1,83.0,5.2
2025-06-05 17:00:00,2025,6,5,17,Vĩnh Long,Xã An Ngãi Trung,10.0916931,106.5448581,111,Unhealthy for Sensitive Groups,2,27.9,84,0.3,11.2,248,1006.3,72,24.0,26.7,179.0,9.9,75.0,6.2
2025-06-05 18:00:00,2025,6,5,18,Vĩnh Long,Xã An Ngãi Trung,10.0916931,106.5448581,111,Unhealthy for Sensitive Groups,2,27.0,88,0.0,8.6,247,1006.8,43,31.0,33.4,203.0,14.7,66.0,7.7
2025-06-05 19:00:00,2025,6,5,19,Vĩnh Long,Xã An Ngãi Trung,10.0916931,106.5448581,111,Unhealthy for Sensitive Groups,2,26.5,92,0.0,7.2,238,1007.5,76,34.9,40.0,219.0,16.2,61.0,7.8
2025-06-05 20:00:00,2025,6,5,20,Vĩnh Long,Xã An Ngãi Trung,10.0916931,106.5448581,110,Unhealthy for Sensitive Groups,2,27.5,86,0.0,10.0,219,1007.7,81,34.9,39.0,223.0,17.0,54.0,7.9
2025-06-05 21:00:00,2025,6,5,21,Vĩnh Long,Xã An Ngãi Trung,10.0916931,106.5448581,109,Unhealthy for Sensitive Groups,2,27.2,87,0.0,8.5,228,1008.8,79,35.0,38.6,219.0,18.1,45.0,8.1
2025-06-05 22:00:00,2025,6,5,22,Vĩnh Long,Xã An Ngãi Trung,10.0916931,106.5448581,108,Unhealthy for Sensitive Groups,2,27.0,86,0.0,10.1,224,1009.4,79,36.4,39.8,212.0,19.4,37.0,8.2
2025-06-05 23:00:00,2025,6,5,23,Vĩnh Long,Xã An Ngãi Trung,10.0916931,106.5448581,107,Unhealthy for Sensitive Groups,2,26.8,86,0.0,11.8,223,1009.6,59,38.6,41.7,200.0,20.8,31.0,8.1
2025-06-06 00:00:00,2025,6,6,0,Vĩnh Long,Xã An Ngãi Trung,10.0916931,106.5448581,106,Unhealthy for Sensitive Groups,2,26.5,87,0.0,11.4,233,1009.1,75,41.2,44.0,184.0,22.4,27.0,7.8
2025-06-06 01:00:00,2025,6,6,1,Vĩnh Long,Xã An Ngãi Trung,10.0916931,106.5448581,104,Unhealthy for Sensitive Groups,2,26.2,88,0.0,11.4,241,1008.3,81,44.8,47.5,171.0,23.9,23.0,7.7
2025-06-06 02:00:00,2025,6,6,2,Vĩnh Long,Xã An Ngãi Trung,10.0916931,106.5448581,103,Unhealthy for Sensitive Groups,2,25.9,90,0.0,9.3,243,1007.9,97,48.4,51.0,164.0,25.9,19.0,7.8
2025-06-06 03:00:00,2025,6,6,3,Vĩnh Long,Xã An Ngãi Trung,10.0916931,106.5448581,102,Unhealthy for Sensitive Groups,2,25.7,91,0.0,6.5,238,1007.9,100,52.7,55.2,161.0,27.9,16.0,8.0
2025-06-06 04:00:00,2025,6,6,4,Vĩnh Long,Xã An Ngãi Trung,10.0916931,106.5448581,101,Unhealthy for Sensitive Groups,2,25.6,92,0.0,6.1,240,1007.8,100,53.6,55.9,161.0,28.0,15.0,8.1
2025-06-06 05:00:00,2025,6,6,5,Vĩnh Long,Xã An Ngãi Trung,10.0916931,106.5448581,101,Unhealthy for Sensitive Groups,2,25.5,93,0.0,7.1,227,1008.3,100,48.3,50.5,168.0,24.9,18.0,7.9
2025-06-06 06:00:00,2025,6,6,6,Vĩnh Long,Xã An Ngãi Trung,10.0916931,106.5448581,99,Moderate,1,25.8,93,0.0,9.8,227,1009.1,100,41.0,42.8,177.0,19.9,24.0,7.5
2025-06-06 07:00:00,2025,6,6,7,Vĩnh Long,Xã An Ngãi Trung,10.0916931,106.5448581,97,Moderate,1,27.0,89,0.0,6.7,224,1009.2,100,39.3,42.3,181.0,15.3,34.0,7.3
2025-06-06 08:00:00,2025,6,6,8,Vĩnh Long,Xã An Ngãi Trung,10.0916931,106.5448581,96,Moderate,1,29.6,79,0.0,10.1,266,1009.2,98,28.6,31.9,172.0,12.5,45.0,7.2
2025-06-06 09:00:00,2025,6,6,9,Vĩnh Long,Xã An Ngãi Trung,10.0916931,106.5448581,96,Moderate,1,30.6,74,0.0,14.7,258,1009.5,99,24.7,28.6,156.0,8.6,61.0,7.1
2025-06-06 10:00:00,2025,6,6,10,Vĩnh Long,Xã An Ngãi Trung,10.0916931,106.5448581,95,Moderate,1,31.2,69,0.0,14.4,260,1009.4,100,23.3,27.9,144.0,5.4,75.0,6.9
2025-06-06 11:00:00,2025,6,6,11,Vĩnh Long,Xã An Ngãi Trung,10.0916931,106.5448581,95,Moderate,1,31.6,63,0.2,16.7,259,1008.7,100,21.0,25.8,141.0,3.6,85.0,6.4
2025-06-06 12:00:00,2025,6,6,12,Vĩnh Long,Xã An Ngãi Trung,10.0916931,106.5448581,95,Moderate,1,30.4,75,0.2,17.3,249,1007.8,99,18.2,22.2,141.0,2.6,94.0,5.7
2025-06-06 13:00:00,2025,6,6,13,Vĩnh Long,Xã An Ngãi Trung,10.0916931,106.5448581,95,Moderate,1,30.9,71,0.1,17.8,244,1007.0,100,16.6,20.1,143.0,2.3,98.0,5.3
2025-06-06 14:00:00,2025,6,6,14,Vĩnh Long,Xã An Ngãi Trung,10.0916931,106.5448581,95,Moderate,1,31.0,71,0.7,14.8,239,1006.4,100,17.6,20.7,143.0,2.2,97.0,5.0
2025-06-06 15:00:00,2025,6,6,15,Vĩnh Long,Xã An Ngãi Trung,10.0916931,106.5448581,95,Moderate,1,30.0,74,0.1,12.9,234,1005.7,100,18.7,21.2,145.0,2.8,91.0,5.0
2025-06-06 16:00:00,2025,6,6,16,Vĩnh Long,Xã An Ngãi Trung,10.0916931,106.5448581,95,Moderate,1,28.9,76,3.0,11.9,229,1006.1,100,18.8,21.3,154.0,6.0,83.0,5.7
2025-06-06 17:00:00,2025,6,6,17,Vĩnh Long,Xã An Ngãi Trung,10.0916931,106.5448581,95,Moderate,1,27.6,86,4.5,4.6,318,1006.9,100,29.4,31.5,178.0,13.6,71.0,7.6
2025-06-06 18:00:00,2025,6,6,18,Vĩnh Long,Xã An Ngãi Trung,10.0916931,106.5448581,95,Moderate,1,27.1,89,0.3,5.0,193,1007.7,100,43.0,45.5,210.0,23.8,57.0,10.2
2025-06-06 19:00:00,2025,6,6,19,Vĩnh Long,Xã An Ngãi Trung,10.0916931,106.5448581,96,Moderate,1,26.5,93,0.0,5.4,230,1007.6,100,61.5,65.2,233.0,29.2,51.0,10.7
2025-06-06 20:00:00,2025,6,6,20,Vĩnh Long,Xã An Ngãi Trung,10.0916931,106.5448581,99,Moderate,1,27.6,86,0.0,11.0,205,1007.9,100,80.6,84.5,242.0,32.4,42.0,11.1
2025-06-06 21:00:00,2025,6,6,21,Vĩnh Long,Xã An Ngãi Trung,10.0916931,106.5448581,103,Unhealthy for Sensitive Groups,2,27.3,85,0.0,9.2,208,1008.5,100,85.7,88.9,242.0,36.7,30.0,11.6
2025-06-06 22:00:00,2025,6,6,22,Vĩnh Long,Xã An Ngãi Trung,10.0916931,106.5448581,108,Unhealthy for Sensitive Groups,2,27.1,88,0.0,9.3,209,1008.6,100,81.5,84.3,236.0,39.2,21.0,11.8
2025-06-06 23:00:00,2025,6,6,23,Vĩnh Long,Xã An Ngãi Trung,10.0916931,106.5448581,113,Unhealthy for Sensitive Groups,2,27.0,88,0.0,9.8,216,1008.8,100,73.8,76.1,222.0,38.2,18.0,11.3
2025-06-07 00:00:00,2025,6,7,0,Vĩnh Long,Xã An Ngãi Trung,10.0916931,106.5448581,117,Unhealthy for Sensitive Groups,2,26.6,89,0.0,9.0,215,1008.4,100,66.4,68.7,203.0,35.3,18.0,10.5
2025-06-07 01:00:00,2025,6,7,1,Vĩnh Long,Xã An Ngãi Trung,10.0916931,106.5448581,119,Unhealthy for Sensitive Groups,2,26.5,90,0.1,8.0,224,1007.8,100,64.0,66.4,185.0,32.8,18.0,9.7
2025-06-07 02:00:00,2025,6,7,2,Vĩnh Long,Xã An Ngãi Trung,10.0916931,106.5448581,121,Unhealthy for Sensitive Groups,2,26.4,91,0.2,6.7,232,1006.8,100,63.1,65.4,170.0,31.7,17.0,9.2
2025-06-07 03:00:00,2025,6,7,3,Vĩnh Long,Xã An Ngãi Trung,10.0916931,106.5448581,123,Unhealthy for Sensitive Groups,2,26.3,93,0.0,9.8,227,1006.4,100,60.8,63.3,157.0,31.0,16.0,8.7
2025-06-07 04:00:00,2025,6,7,4,Vĩnh Long,Xã An Ngãi Trung,10.0916931,106.5448581,124,Unhealthy for Sensitive Groups,2,26.2,93,0.0,10.5,233,1007.1,100,59.4,61.9,152.0,29.6,17.0,8.4
2025-06-07 05:00:00,2025,6,7,5,Vĩnh Long,Xã An Ngãi Trung,10.0916931,106.5448581,124,Unhealthy for Sensitive Groups,2,25.9,93,0.0,8.5,226,1007.2,100,59.6,62.2,161.0,27.0,19.0,8.4
2025-06-07 06:00:00,2025,6,7,6,Vĩnh Long,Xã An Ngãi Trung,10.0916931,106.5448581,125,Unhealthy for Sensitive Groups,2,25.9,93,0.0,6.1,225,1008.0,100,59.1,61.5,177.0,23.7,23.0,8.5
2025-06-07 07:00:00,2025,6,7,7,Vĩnh Long,Xã An Ngãi Trung,10.0916931,106.5448581,127,Unhealthy for Sensitive Groups,2,26.3,92,0.0,6.7,243,1008.1,100,45.3,46.7,188.0,17.5,29.0,6.5
2025-06-07 08:00:00,2025,6,7,8,Vĩnh Long,Xã An Ngãi Trung,10.0916931,106.5448581,128,Unhealthy for Sensitive Groups,2,28.2,88,0.9,6.5,177,1008.9,100,31.9,34.3,186.0,13.8,43.0,6.3
2025-06-07 09:00:00,2025,6,7,9,Vĩnh Long,Xã An Ngãi Trung,10.0916931,106.5448581,128,Unhealthy for Sensitive Groups,2,28.2,86,2.1,10.2,221,1009.4,100,23.4,26.9,179.0,8.7,63.0,6.1
2025-06-07 10:00:00,2025,6,7,10,Vĩnh Long,Xã An Ngãi Trung,10.0916931,106.5448581,128,Unhealthy for Sensitive Groups,2,27.2,83,3.2,17.5,212,1010.2,100,23.6,27.3,171.0,5.1,76.0,5.8
2025-06-07 11:00:00,2025,6,7,11,Vĩnh Long,Xã An Ngãi Trung,10.0916931,106.5448581,128,Unhealthy for Sensitive Groups,2,27.6,82,0.1,14.5,223,1009.5,100,21.4,25.6,163.0,4.5,77.0,5.3
2025-06-07 12:00:00,2025,6,7,12,Vĩnh Long,Xã An Ngãi Trung,10.0916931,106.5448581,128,Unhealthy for Sensitive Groups,2,29.2,77,0.1,12.8,241,1008.1,100,21.6,26.0,155.0,5.5,71.0,4.6
2025-06-07 13:00:00,2025,6,7,13,Vĩnh Long,Xã An Ngãi Trung,10.0916931,106.5448581,129,Unhealthy for Sensitive Groups,2,29.5,76,0.1,12.8,242,1007.3,100,24.0,27.5,150.0,6.6,67.0,4.4
2025-06-07 14:00:00,2025,6,7,14,Vĩnh Long,Xã An Ngãi Trung,10.0916931,106.5448581,129,Unhealthy for Sensitive Groups,2,29.8,76,0.1,11.3,231,1006.2,100,23.6,25.8,147.0,7.0,68.0,4.9
2025-06-07 15:00:00,2025,6,7,15,Vĩnh Long,Xã An Ngãi Trung,10.0916931,106.5448581,130,Unhealthy for Sensitive Groups,2,30.4,74,0.1,13.3,229,1005.4,96,27.6,30.0,147.0,7.5,69.0,5.7
2025-06-07 16:00:00,2025,6,7,16,Vĩnh Long,Xã An Ngãi Trung,10.0916931,106.5448581,131,Unhealthy for Sensitive Groups,2,26.9,86,6.0,16.3,236,1006.6,100,25.4,28.1,154.0,9.2,68.0,6.6
2025-06-07 17:00:00,2025,6,7,17,Vĩnh Long,Xã An Ngãi Trung,10.0916931,106.5448581,132,Unhealthy for Sensitive Groups,2,26.4,88,1.3,9.7,220,1006.1,86,28.8,31.1,175.0,13.1,61.0,7.4
2025-06-07 18:00:00,2025,6,7,18,Vĩnh Long,Xã An Ngãi Trung,10.0916931,106.5448581,132,Unhealthy for Sensitive Groups,2,25.7,92,0.1,7.8,220,1006.8,66,32.7,34.8,203.0,18.1,51.0,8.2
2025-06-07 19:00:00,2025,6,7,19,Vĩnh Long,Xã An Ngãi Trung,10.0916931,106.5448581,130,Unhealthy for Sensitive Groups,2,25.3,95,0.1,4.0,231,1007.6,82,40.0,43.3,228.0,19.3,48.0,8.1
2025-06-07 20:00:00,2025,6,7,20,Vĩnh Long,Xã An Ngãi Trung,10.0916931,106.5448581,128,Unhealthy for Sensitive Groups,2,27.0,90,0.0,7.8,224,1007.8,97,46.0,48.8,251.0,21.0,43.0,8.4
2025-06-07 21:00:00,2025,6,7,21,Vĩnh Long,Xã An Ngãi Trung,10.0916931,106.5448581,125,Unhealthy for Sensitive Groups,2,26.8,90,0.0,9.4,222,1008.4,100,49.1,51.8,271.0,23.3,37.0,8.8
2025-06-07 22:00:00,2025,6,7,22,Vĩnh Long,Xã An Ngãi Trung,10.0916931,106.5448581,121,Unhealthy for Sensitive Groups,2,26.7,90,0.0,12.1,228,1009.0,100,48.9,51.3,274.0,24.4,32.0,8.9
2025-06-07 23:00:00,2025,6,7,23,Vĩnh Long,Xã An Ngãi Trung,10.0916931,106.5448581,117,Unhealthy for Sensitive Groups,2,26.5,90,0.0,9.6,221,1008.6,100,47.7,50.2,246.0,23.3,32.0,8.3
2025-06-08 00:00:00,2025,6,8,0,Vĩnh Long,Xã An Ngãi Trung,10.0916931,106.5448581,115,Unhealthy for Sensitive Groups,2,26.2,92,0.0,10.3,226,1008.1,100,47.1,49.5,200.0,21.1,34.0,7.3
2025-06-08 01:00:00,2025,6,8,1,Vĩnh Long,Xã An Ngãi Trung,10.0916931,106.5448581,113,Unhealthy for Sensitive Groups,2,26.0,93,0.0,11.2,220,1007.6,98,38.0,40.6,164.0,19.2,35.0,6.4
2025-06-08 02:00:00,2025,6,8,2,Vĩnh Long,Xã An Ngãi Trung,10.0916931,106.5448581,110,Unhealthy for Sensitive Groups,2,25.7,93,0.0,13.8,231,1007.1,98,29.4,32.2,149.0,18.3,35.0,5.8
2025-06-08 03:00:00,2025,6,8,3,Vĩnh Long,Xã An Ngãi Trung,10.0916931,106.5448581,107,Unhealthy for Sensitive Groups,2,25.6,93,0.0,12.5,242,1006.7,100,29.3,31.8,144.0,17.8,34.0,5.4
2025-06-08 04:00:00,2025,6,8,4,Vĩnh Long,Xã An Ngãi Trung,10.0916931,106.5448581,103,Unhealthy for Sensitive Groups,2,25.6,93,0.0,6.9,231,1006.0,100,34.0,36.3,145.0,17.3,34.0,5.3
2025-06-08 05:00:00,2025,6,8,5,Vĩnh Long,Xã An Ngãi Trung,10.0916931,106.5448581,101,Unhealthy for Sensitive Groups,2,25.1,95,0.0,10.5,239,1006.8,100,37.4,39.6,157.0,16.9,33.0,5.7
2025-06-08 06:00:00,2025,6,8,6,Vĩnh Long,Xã An Ngãi Trung,10.0916931,106.5448581,99,Moderate,1,25.5,93,0.0,11.9,248,1007.5,100,41.2,43.5,175.0,16.5,32.0,6.5
2025-06-08 07:00:00,2025,6,8,7,Vĩnh Long,Xã An Ngãi Trung,10.0916931,106.5448581,97,Moderate,1,26.4,88,0.0,15.9,238,1008.2,100,36.4,38.8,184.0,14.4,36.0,6.3
2025-06-08 08:00:00,2025,6,8,8,Vĩnh Long,Xã An Ngãi Trung,10.0916931,106.5448581,96,Moderate,1,28.1,81,0.0,16.6,238,1008.5,100,28.9,31.5,172.0,11.7,47.0,6.4
2025-06-08 09:00:00,2025,6,8,9,Vĩnh Long,Xã An Ngãi Trung,10.0916931,106.5448581,96,Moderate,1,28.9,77,0.1,17.2,241,1009.0,100,23.1,25.8,150.0,7.9,63.0,6.6
2025-06-08 10:00:00,2025,6,8,10,Vĩnh Long,Xã An Ngãi Trung,10.0916931,106.5448581,96,Moderate,1,27.2,83,7.6,15.1,231,1009.3,98,22.9,26.3,135.0,5.4,74.0,6.6
2025-06-08 11:00:00,2025,6,8,11,Vĩnh Long,Xã An Ngãi Trung,10.0916931,106.5448581,96,Moderate,1,26.5,91,0.6,8.4,254,1008.4,91,23.3,27.0,136.0,5.0,76.0,6.3
2025-06-08 12:00:00,2025,6,8,12,Vĩnh Long,Xã An Ngãi Trung,10.0916931,106.5448581,96,Moderate,1,28.1,83,0.3,13.7,261,1007.7,100,22.3,25.4,144.0,5.8,73.0,5.9
2025-06-08 13:00:00,2025,6,8,13,Vĩnh Long,Xã An Ngãi Trung,10.0916931,106.5448581,96,Moderate,1,28.9,81,0.2,9.4,266,1006.6,100,23.6,25.4,150.0,7.1,70.0,5.7
2025-06-08 14:00:00,2025,6,8,14,Vĩnh Long,Xã An Ngãi Trung,10.0916931,106.5448581,96,Moderate,1,29.1,80,0.1,8.5,243,1005.7,100,23.2,24.9,147.0,8.7,69.0,5.9
2025-06-08 15:00:00,2025,6,8,15,Vĩnh Long,Xã An Ngãi Trung,10.0916931,106.5448581,96,Moderate,1,29.5,78,0.1,12.6,244,1005.0,100,25.5,26.9,142.0,10.8,68.0,6.3
2025-06-08 16:00:00,2025,6,8,16,Vĩnh Long,Xã An Ngãi Trung,10.0916931,106.5448581,96,Moderate,1,25.5,91,9.4,7.7,234,1005.1,100,34.6,36.3,148.0,13.5,64.0,6.9
2025-06-08 17:00:00,2025,6,8,17,Vĩnh Long,Xã An Ngãi Trung,10.0916931,106.5448581,97,Moderate,1,25.5,94,1.4,6.0,279,1005.4,100,45.4,47.3,176.0,17.5,55.0,7.8
2025-06-08 18:00:00,2025,6,8,18,Vĩnh Long,Xã An Ngãi Trung,10.0916931,106.5448581,98,Moderate,1,25.5,95,0.1,0.2,180,1006.2,100,57.3,59.0,216.0,22.0,43.0,8.8
2025-06-08 19:00:00,2025,6,8,19,Vĩnh Long,Xã An Ngãi Trung,10.0916931,106.5448581,100,Moderate,1,25.5,96,0.1,1.3,82,1006.9,100,72.6,74.7,247.0,35.9,32.0,12.3
2025-06-08 20:00:00,2025,6,8,20,Vĩnh Long,Xã An Ngãi Trung,10.0916931,106.5448581,104,Unhealthy for Sensitive Groups,2,27.6,84,0.0,8.4,228,1007.2,100,62.6,64.5,266.0,33.3,31.0,11.5
2025-06-08 21:00:00,2025,6,8,21,Vĩnh Long,Xã An Ngãi Trung,10.0916931,106.5448581,105,Unhealthy for Sensitive Groups,2,27.3,85,0.0,9.2,230,1007.8,100,57.3,59.0,276.0,29.7,29.0,10.3
2025-06-08 22:00:00,2025,6,8,22,Vĩnh Long,Xã An Ngãi Trung,10.0916931,106.5448581,106,Unhealthy for Sensitive Groups,2,27.0,86,0.0,5.7,242,1008.1,100,54.7,56.5,273.0,27.0,27.0,9.3
2025-06-08 23:00:00,2025,6,8,23,Vĩnh Long,Xã An Ngãi Trung,10.0916931,106.5448581,107,Unhealthy for Sensitive Groups,2,26.8,88,0.0,9.3,245,1008.4,100,51.8,53.4,247.0,26.2,24.0,8.6
2025-06-09 00:00:00,2025,6,9,0,Vĩnh Long,Xã An Ngãi Trung,10.0916931,106.5448581,107,Unhealthy for Sensitive Groups,2,26.9,83,0.0,9.7,255,1007.7,100,50.3,51.9,209.0,26.3,21.0,8.0
2025-06-09 01:00:00,2025,6,9,1,Vĩnh Long,Xã An Ngãi Trung,10.0916931,106.5448581,108,Unhealthy for Sensitive Groups,2,26.6,82,0.0,9.4,258,1006.9,99,50.5,52.2,179.0,26.0,19.0,7.5
2025-06-09 02:00:00,2025,6,9,2,Vĩnh Long,Xã An Ngãi Trung,10.0916931,106.5448581,109,Unhealthy for Sensitive Groups,2,26.2,84,0.0,11.4,254,1006.3,73,48.5,50.3,169.0,25.0,18.0,7.1
2025-06-09 03:00:00,2025,6,9,3,Vĩnh Long,Xã An Ngãi Trung,10.0916931,106.5448581,111,Unhealthy for Sensitive Groups,2,25.8,86,0.0,13.9,249,1005.8,19,44.2,46.2,169.0,23.7,19.0,6.9
2025-06-09 04:00:00,2025,6,9,4,Vĩnh Long,Xã An Ngãi Trung,10.0916931,106.5448581,112,Unhealthy for Sensitive Groups,2,25.5,89,0.0,14.0,248,1005.8,30,41.1,43.3,169.0,21.9,20.0,6.8
2025-06-09 05:00:00,2025,6,9,5,Vĩnh Long,Xã An Ngãi Trung,10.0916931,106.5448581,113,Unhealthy for Sensitive Groups,2,25.4,91,0.0,13.4,255,1006.1,71,40.3,42.4,168.0,19.6,22.0,7.0
2025-06-09 06:00:00,2025,6,9,6,Vĩnh Long,Xã An Ngãi Trung,10.0916931,106.5448581,114,Unhealthy for Sensitive Groups,2,25.5,91,0.0,13.0,248,1006.5,54,40.6,42.6,168.0,16.8,26.0,7.2
2025-06-09 07:00:00,2025,6,9,7,Vĩnh Long,Xã An Ngãi Trung,10.0916931,106.5448581,113,Unhealthy for Sensitive Groups,2,26.5,86,0.0,17.9,246,1007.3,99,33.5,36.1,165.0,12.8,34.0,6.6
2025-06-09 08:00:00,2025,6,9,8,Vĩnh Long,Xã An Ngãi Trung,10.0916931,106.5448581,113,Unhealthy for Sensitive Groups,2,27.9,83,0.1,16.6,250,1007.4,100,25.5,28.0,158.0,10.4,47.0,6.7
2025-06-09 09:00:00,2025,6,9,9,Vĩnh Long,Xã An Ngãi Trung,10.0916931,106.5448581,113,Unhealthy for Sensitive Groups,2,28.5,80,0.3,16.7,251,1007.5,100,22.5,25.2,148.0,7.0,64.0,6.9
2025-06-09 10:00:00,2025,6,9,10,Vĩnh Long,Xã An Ngãi Trung,10.0916931,106.5448581,113,Unhealthy for Sensitive Groups,2,30.0,75,0.1,14.8,257,1007.7,100,21.8,25.3,141.0,4.9,75.0,6.8
2025-06-09 11:00:00,2025,6,9,11,Vĩnh Long,Xã An Ngãi Trung,10.0916931,106.5448581,113,Unhealthy for Sensitive Groups,2,27.4,85,8.7,11.7,269,1007.7,100,21.5,25.7,137.0,5.0,72.0,6.2
2025-06-09 12:00:00,2025,6,9,12,Vĩnh Long,Xã An Ngãi Trung,10.0916931,106.5448581,112,Unhealthy for Sensitive Groups,2,27.8,85,0.2,3.3,283,1006.5,100,19.2,22.4,134.0,6.3,63.0,5.4
2025-06-09 13:00:00,2025,6,9,13,Vĩnh Long,Xã An Ngãi Trung,10.0916931,106.5448581,112,Unhealthy for Sensitive Groups,2,26.9,82,9.6,22.4,232,1006.6,100,20.0,22.1,136.0,7.7,56.0,5.0
2025-06-09 14:00:00,2025,6,9,14,Vĩnh Long,Xã An Ngãi Trung,10.0916931,106.5448581,112,Unhealthy for Sensitive Groups,2,25.9,93,3.0,14.8,238,1005.6,100,23.1,25.0,143.0,8.7,56.0,5.4
2025-06-09 15:00:00,2025,6,9,15,Vĩnh Long,Xã An Ngãi Trung,10.0916931,106.5448581,112,Unhealthy for Sensitive Groups,2,26.1,92,0.6,12.1,250,1004.8,100,22.2,24.2,155.0,9.9,59.0,6.2
2025-06-09 16:00:00,2025,6,9,16,Vĩnh Long,Xã An Ngãi Trung,10.0916931,106.5448581,111,Unhealthy for Sensitive Groups,2,26.9,90,0.4,10.8,249,1004.8,100,29.5,31.9,168.0,11.5,60.0,7.0
2025-06-09 17:00:00,2025,6,9,17,Vĩnh Long,Xã An Ngãi Trung,10.0916931,106.5448581,111,Unhealthy for Sensitive Groups,2,26.1,95,1.0,8.7,243,1004.9,100,31.9,35.9,185.0,13.9,57.0,7.8
2025-06-09 18:00:00,2025,6,9,18,Vĩnh Long,Xã An Ngãi Trung,10.0916931,106.5448581,109,Unhealthy for Sensitive Groups,2,25.9,96,1.2,8.5,241,1005.0,100,34.3,38.9,205.0,16.8,52.0,8.7
2025-06-09 19:00:00,2025,6,9,19,Vĩnh Long,Xã An Ngãi Trung,10.0916931,106.5448581,107,Unhealthy for Sensitive Groups,2,25.8,96,0.4,9.4,238,1005.7,100,46.9,52.2,216.0,21.7,56.0,9.4
2025-06-09 20:00:00,2025,6,9,20,Vĩnh Long,Xã An Ngãi Trung,10.0916931,106.5448581,104,Unhealthy for Sensitive Groups,2,26.2,94,0.2,7.0,244,1006.2,100,49.6,54.7,214.0,22.2,50.0,9.5
2025-06-09 21:00:00,2025,6,9,21,Vĩnh Long,Xã An Ngãi Trung,10.0916931,106.5448581,103,Unhealthy for Sensitive Groups,2,26.0,95,0.5,8.7,225,1006.9,100,52.4,57.6,203.0,22.7,41.0,9.7
2025-06-09 22:00:00,2025,6,9,22,Vĩnh Long,Xã An Ngãi Trung,10.0916931,106.5448581,102,Unhealthy for Sensitive Groups,2,25.9,96,0.2,9.4,234,1007.2,100,45.8,51.2,192.0,22.9,35.0,9.6
2025-06-09 23:00:00,2025,6,9,23,Vĩnh Long,Xã An Ngãi Trung,10.0916931,106.5448581,102,Unhealthy for Sensitive Groups,2,25.9,96,0.1,10.6,240,1006.9,100,41.7,47.1,182.0,22.3,33.0,9.0
2025-06-10 00:00:00,2025,6,10,0,Vĩnh Long,Xã An Ngãi Trung,10.0916931,106.5448581,101,Unhealthy for Sensitive Groups,2,25.9,96,0.6,12.3,238,1006.2,100,41.6,46.6,171.0,21.2,32.0,8.1
2025-06-10 01:00:00,2025,6,10,1,Vĩnh Long,Xã An Ngãi Trung,10.0916931,106.5448581,100,Moderate,1,25.8,96,0.1,11.5,240,1005.1,100,39.6,44.1,161.0,20.3,32.0,7.3
2025-06-10 02:00:00,2025,6,10,2,Vĩnh Long,Xã An Ngãi Trung,10.0916931,106.5448581,99,Moderate,1,25.8,96,0.0,11.2,244,1004.5,100,36.4,40.5,152.0,19.8,32.0,6.8
2025-06-10 03:00:00,2025,6,10,3,Vĩnh Long,Xã An Ngãi Trung,10.0916931,106.5448581,98,Moderate,1,25.5,96,0.0,10.3,245,1004.3,82,36.2,40.6,145.0,19.4,32.0,6.5
2025-06-10 04:00:00,2025,6,10,4,Vĩnh Long,Xã An Ngãi Trung,10.0916931,106.5448581,97,Moderate,1,25.5,96,0.0,11.6,242,1004.2,88,37.8,43.2,140.0,18.7,33.0,6.3
2025-06-10 05:00:00,2025,6,10,5,Vĩnh Long,Xã An Ngãi Trung,10.0916931,106.5448581,97,Moderate,1,25.5,95,0.0,13.8,250,1004.2,100,39.3,46.8,139.0,17.8,33.0,6.4
2025-06-10 06:00:00,2025,6,10,6,Vĩnh Long,Xã An Ngãi Trung,10.0916931,106.5448581,97,Moderate,1,25.6,94,0.0,14.8,257,1004.8,100,41.8,51.7,139.0,16.7,33.0,6.7
2025-06-10 07:00:00,2025,6,10,7,Vĩnh Long,Xã An Ngãi Trung,10.0916931,106.5448581,97,Moderate,1,26.3,91,0.0,16.2,261,1006.0,100,42.0,53.8,141.0,14.9,38.0,6.6
2025-06-10 08:00:00,2025,6,10,8,Vĩnh Long,Xã An Ngãi Trung,10.0916931,106.5448581,97,Moderate,1,27.6,88,0.0,11.2,267,1006.4,100,39.8,53.8,142.0,12.2,50.0,6.8
2025-06-10 09:00:00,2025,6,10,9,Vĩnh Long,Xã An Ngãi Trung,10.0916931,106.5448581,99,Moderate,1,28.7,80,0.1,15.7,265,1006.7,99,33.6,47.3,144.0,8.5,67.0,6.9
2025-06-10 10:00:00,2025,6,10,10,Vĩnh Long,Xã An Ngãi Trung,10.0916931,106.5448581,100,Moderate,1,28.3,82,8.0,15.8,278,1006.5,100,30.9,43.9,147.0,5.6,80.0,6.8
2025-06-10 11:00:00,2025,6,10,11,Vĩnh Long,Xã An Ngãi Trung,10.0916931,106.5448581,101,Unhealthy for Sensitive Groups,2,27.6,88,1.3,13.2,274,1006.4,100,28.1,40.3,153.0,4.1,86.0,6.0
2025-06-10 12:00:00,2025,6,10,12,Vĩnh Long,Xã An Ngãi Trung,10.0916931,106.5448581,101,Unhealthy for Sensitive Groups,2,28.5,86,3.2,10.3,248,1005.9,100,23.9,34.6,161.0,3.4,87.0,4.8
2025-06-10 13:00:00,2025,6,10,13,Vĩnh Long,Xã An Ngãi Trung,10.0916931,106.5448581,102,Unhealthy for Sensitive Groups,2,27.0,88,1.7,14.8,268,1005.4,100,21.5,29.6,166.0,3.9,85.0,4.2
2025-06-10 14:00:00,2025,6,10,14,Vĩnh Long,Xã An Ngãi Trung,10.0916931,106.5448581,102,Unhealthy for Sensitive Groups,2,26.7,92,0.8,9.3,245,1004.4,100,25.7,31.5,166.0,6.1,77.0,4.6
2025-06-10 15:00:00,2025,6,10,15,Vĩnh Long,Xã An Ngãi Trung,10.0916931,106.5448581,102,Unhealthy for Sensitive Groups,2,27.5,90,0.3,12.1,245,1003.8,100,25.4,30.5,164.0,9.4,64.0,5.5
2025-06-10 16:00:00,2025,6,10,16,Vĩnh Long,Xã An Ngãi Trung,10.0916931,106.5448581,102,Unhealthy for Sensitive Groups,2,27.7,88,0.1,12.3,252,1003.8,100,30.0,35.0,166.0,12.5,54.0,6.5
2025-06-10 17:00:00,2025,6,10,17,Vĩnh Long,Xã An Ngãi Trung,10.0916931,106.5448581,103,Unhealthy for Sensitive Groups,2,26.9,92,2.2,11.4,258,1003.9,100,30.6,35.7,176.0,15.3,48.0,7.4
2025-06-10 18:00:00,2025,6,10,18,Vĩnh Long,Xã An Ngãi Trung,10.0916931,106.5448581,102,Unhealthy for Sensitive Groups,2,26.2,95,0.3,11.0,249,1004.5,100,33.3,38.5,189.0,17.9,44.0,8.3
2025-06-10 19:00:00,2025,6,10,19,Vĩnh Long,Xã An Ngãi Trung,10.0916931,106.5448581,102,Unhealthy for Sensitive Groups,2,26.0,94,0.0,10.4,253,1005.2,100,38.3,44.1,199.0,21.0,40.0,10.2
2025-06-10 20:00:00,2025,6,10,20,Vĩnh Long,Xã An Ngãi Trung,10.0916931,106.5448581,101,Unhealthy for Sensitive Groups,2,25.7,95,0.5,7.1,263,1006.0,100,38.8,44.9,204.0,21.5,37.0,10.1
2025-06-10 21:00:00,2025,6,10,21,Vĩnh Long,Xã An Ngãi Trung,10.0916931,106.5448581,100,Moderate,1,25.6,95,1.1,8.1,271,1006.3,100,40.4,46.6,206.0,22.1,33.0,9.9
2025-06-10 22:00:00,2025,6,10,22,Vĩnh Long,Xã An Ngãi Trung,10.0916931,106.5448581,99,Moderate,1,25.5,95,0.7,8.2,261,1006.3,100,42.1,48.1,205.0,22.1,30.0,9.5
2025-06-10 23:00:00,2025,6,10,23,Vĩnh Long,Xã An Ngãi Trung,10.0916931,106.5448581,99,Moderate,1,25.6,95,0.4,11.4,246,1006.3,100,40.7,46.7,200.0,21.0,30.0,8.7
2025-06-11 00:00:00,2025,6,11,0,Vĩnh Long,Xã An Ngãi Trung,10.0916931,106.5448581,99,Moderate,1,25.5,95,0.4,11.2,252,1005.8,100,38.5,44.8,191.0,19.3,31.0,7.6
2025-06-11 01:00:00,2025,6,11,1,Vĩnh Long,Xã An Ngãi Trung,10.0916931,106.5448581,98,Moderate,1,25.4,95,0.5,10.3,257,1005.3,100,36.8,42.3,180.0,17.9,32.0,6.8
2025-06-11 02:00:00,2025,6,11,2,Vĩnh Long,Xã An Ngãi Trung,10.0916931,106.5448581,98,Moderate,1,25.2,96,0.7,9.8,256,1004.6,100,35.0,39.6,165.0,17.2,33.0,6.5
2025-06-11 03:00:00,2025,6,11,3,Vĩnh Long,Xã An Ngãi Trung,10.0916931,106.5448581,98,Moderate,1,25.2,96,0.5,9.7,259,1003.8,100,33.1,36.6,148.0,16.8,34.0,6.4
2025-06-11 04:00:00,2025,6,11,4,Vĩnh Long,Xã An Ngãi Trung,10.0916931,106.5448581,98,Moderate,1,25.1,96,0.4,11.0,265,1003.9,100,31.4,34.3,136.0,16.4,35.0,6.4
2025-06-11 05:00:00,2025,6,11,5,Vĩnh Long,Xã An Ngãi Trung,10.0916931,106.5448581,97,Moderate,1,25.0,96,0.6,13.1,263,1004.0,100,30.7,33.3,134.0,15.9,35.0,6.5
2025-06-11 06:00:00,2025,6,11,6,Vĩnh Long,Xã An Ngãi Trung,10.0916931,106.5448581,96,Moderate,1,25.1,96,0.3,16.6,252,1004.6,100,29.6,31.9,138.0,15.4,35.0,6.7
2025-06-11 07:00:00,2025,6,11,7,Vĩnh Long,Xã An Ngãi Trung,10.0916931,106.5448581,95,Moderate,1,25.5,94,0.1,17.1,242,1005.8,100,27.8,31.2,141.0,13.0,42.0,5.8
2025-06-11 08:00:00,2025,6,11,8,Vĩnh Long,Xã An Ngãi Trung,10.0916931,106.5448581,94,Moderate,1,26.6,88,0.3,15.6,246,1006.0,100,17.8,20.0,141.0,12.5,42.0,6.2
2025-06-11 09:00:00,2025,6,11,9,Vĩnh Long,Xã An Ngãi Trung,10.0916931,106.5448581,92,Moderate,1,26.8,87,0.2,15.9,252,1006.6,100,16.8,18.3,140.0,11.9,43.0,6.7
2025-06-11 10:00:00,2025,6,11,10,Vĩnh Long,Xã An Ngãi Trung,10.0916931,106.5448581,91,Moderate,1,26.7,90,0.1,15.3,258,1006.3,100,20.3,22.4,141.0,11.2,46.0,7.2
2025-06-11 11:00:00,2025,6,11,11,Vĩnh Long,Xã An Ngãi Trung,10.0916931,106.5448581,90,Moderate,1,28.5,87,0.3,19.9,261,1005.6,100,22.9,25.4,144.0,10.4,52.0,7.6
2025-06-11 12:00:00,2025,6,11,12,Vĩnh Long,Xã An Ngãi Trung,10.0916931,106.5448581,89,Moderate,1,27.0,90,3.4,22.1,269,1005.6,100,24.3,27.2,148.0,9.7,60.0,8.0
2025-06-11 13:00:00,2025,6,11,13,Vĩnh Long,Xã An Ngãi Trung,10.0916931,106.5448581,89,Moderate,1,27.1,90,1.2,15.3,267,1005.3,100,24.9,27.8,153.0,9.4,65.0,8.2
2025-06-11 14:00:00,2025,6,11,14,Vĩnh Long,Xã An Ngãi Trung,10.0916931,106.5448581,90,Moderate,1,26.9,89,3.2,15.4,259,1004.7,100,24.2,27.0,159.0,9.8,64.0,8.2
2025-06-11 15:00:00,2025,6,11,15,Vĩnh Long,Xã An Ngãi Trung,10.0916931,106.5448581,90,Moderate,1,26.0,92,0.8,17.6,263,1004.5,100,23.6,26.3,166.0,10.6,59.0,8.1
2025-06-11 16:00:00,2025,6,11,16,Vĩnh Long,Xã An Ngãi Trung,10.0916931,106.5448581,89,Moderate,1,25.9,95,1.3,14.3,280,1004.5,100,24.3,26.8,174.0,12.1,53.0,8.2
2025-06-11 17:00:00,2025,6,11,17,Vĩnh Long,Xã An Ngãi Trung,10.0916931,106.5448581,89,Moderate,1,25.9,95,0.9,12.6,259,1004.6,100,25.9,28.2,186.0,14.7,46.0,8.6
2025-06-11 18:00:00,2025,6,11,18,Vĩnh Long,Xã An Ngãi Trung,10.0916931,106.5448581,88,Moderate,1,25.7,96,0.6,13.3,262,1004.7,100,28.9,31.0,199.0,18.0,38.0,9.1
2025-06-11 19:00:00,2025,6,11,19,Vĩnh Long,Xã An Ngãi Trung,10.0916931,106.5448581,88,Moderate,1,25.4,96,0.3,12.3,263,1005.2,100,36.2,37.4,207.0,23.8,30.0,11.6
2025-06-11 20:00:00,2025,6,11,20,Vĩnh Long,Xã An Ngãi Trung,10.0916931,106.5448581,88,Moderate,1,25.8,95,0.3,10.4,255,1005.9,100,41.9,43.0,206.0,26.3,26.0,12.2
2025-06-11 21:00:00,2025,6,11,21,Vĩnh Long,Xã An Ngãi Trung,10.0916931,106.5448581,88,Moderate,1,25.5,94,0.0,10.3,259,1006.4,100,47.3,48.2,200.0,29.6,20.0,13.0
2025-06-11 22:00:00,2025,6,11,22,Vĩnh Long,Xã An Ngãi Trung,10.0916931,106.5448581,89,Moderate,1,25.2,96,0.0,8.8,247,1006.6,100,51.7,52.5,192.0,31.2,16.0,13.1
2025-06-11 23:00:00,2025,6,11,23,Vĩnh Long,Xã An Ngãi Trung,10.0916931,106.5448581,90,Moderate,1,25.4,95,0.0,10.5,250,1006.4,100,48.7,49.6,183.0,29.3,17.0,11.9
2025-06-12 00:00:00,2025,6,12,0,Vĩnh Long,Xã An Ngãi Trung,10.0916931,106.5448581,90,Moderate,1,25.2,95,0.0,12.0,251,1005.7,100,43.4,44.6,173.0,25.7,19.0,9.9
2025-06-12 01:00:00,2025,6,12,1,Vĩnh Long,Xã An Ngãi Trung,10.0916931,106.5448581,91,Moderate,1,25.1,96,0.0,11.9,247,1005.4,100,39.3,40.5,164.0,22.6,22.0,8.3
2025-06-12 02:00:00,2025,6,12,2,Vĩnh Long,Xã An Ngãi Trung,10.0916931,106.5448581,91,Moderate,1,25.2,96,0.0,11.1,247,1005.2,100,36.9,38.1,156.0,20.9,23.0,7.3
2025-06-12 03:00:00,2025,6,12,3,Vĩnh Long,Xã An Ngãi Trung,10.0916931,106.5448581,91,Moderate,1,25.2,96,0.0,11.0,247,1004.8,100,34.9,36.0,150.0,19.7,25.0,6.6
2025-06-12 04:00:00,2025,6,12,4,Vĩnh Long,Xã An Ngãi Trung,10.0916931,106.5448581,91,Moderate,1,25.4,96,0.2,12.5,252,1004.8,100,33.4,34.5,146.0,18.6,26.0,6.2
2025-06-12 05:00:00,2025,6,12,5,Vĩnh Long,Xã An Ngãi Trung,10.0916931,106.5448581,91,Moderate,1,25.2,96,0.1,11.8,258,1005.5,100,32.2,33.4,146.0,17.6,27.0,6.3
2025-06-12 06:00:00,2025,6,12,6,Vĩnh Long,Xã An Ngãi Trung,10.0916931,106.5448581,92,Moderate,1,25.4,96,0.0,12.0,253,1005.4,100,31.0,32.2,149.0,16.7,28.0,6.7
2025-06-12 07:00:00,2025,6,12,7,Vĩnh Long,Xã An Ngãi Trung,10.0916931,106.5448581,92,Moderate,1,26.0,95,0.0,13.2,260,1006.1,100,35.6,37.0,153.0,18.3,28.0,7.0
2025-06-12 08:00:00,2025,6,12,8,Vĩnh Long,Xã An Ngãi Trung,10.0916931,106.5448581,92,Moderate,1,26.3,91,0.0,14.9,242,1006.2,100,31.8,33.3,159.0,15.3,37.0,7.1
2025-06-12 09:00:00,2025,6,12,9,Vĩnh Long,Xã An Ngãi Trung,10.0916931,106.5448581,94,Moderate,1,27.0,87,0.0,18.2,249,1006.7,100,27.0,28.6,167.0,11.2,50.0,7.3
2025-06-12 10:00:00,2025,6,12,10,Vĩnh Long,Xã An Ngãi Trung,10.0916931,106.5448581,95,Moderate,1,27.8,84,0.5,16.7,256,1007.0,100,21.1,23.3,173.0,7.9,61.0,7.3
2025-06-12 11:00:00,2025,6,12,11,Vĩnh Long,Xã An Ngãi Trung,10.0916931,106.5448581,95,Moderate,1,27.6,85,0.2,19.0,247,1006.5,100,18.5,21.1,177.0,6.0,71.0,7.1
2025-06-12 12:00:00,2025,6,12,12,Vĩnh Long,Xã An Ngãi Trung,10.0916931,106.5448581,94,Moderate,1,29.0,80,0.1,15.9,252,1006.1,100,18.3,21.0,179.0,4.9,80.0,6.8
2025-06-12 13:00:00,2025,6,12,13,Vĩnh Long,Xã An Ngãi Trung,10.0916931,106.5448581,94,Moderate,1,27.5,85,5.3,16.9,268,1006.1,100,19.0,21.8,180.0,4.5,83.0,6.5
2025-06-12 14:00:00,2025,6,12,14,Vĩnh Long,Xã An Ngãi Trung,10.0916931,106.5448581,93,Moderate,1,25.6,94,1.7,16.9,250,1005.6,100,19.3,22.1,177.0,5.0,78.0,6.0
2025-06-12 15:00:00,2025,6,12,15,Vĩnh Long,Xã An Ngãi Trung,10.0916931,106.5448581,93,Moderate,1,26.5,90,0.7,20.4,247,1005.0,100,18.5,21.2,173.0,6.2,67.0,5.5
2025-06-12 16:00:00,2025,6,12,16,Vĩnh Long,Xã An Ngãi Trung,10.0916931,106.5448581,92,Moderate,1,26.6,92,0.5,17.8,250,1004.7,100,19.6,21.5,175.0,8.1,57.0,5.4
2025-06-12 17:00:00,2025,6,12,17,Vĩnh Long,Xã An Ngãi Trung,10.0916931,106.5448581,92,Moderate,1,26.5,92,0.4,20.0,253,1004.9,100,23.1,25.3,185.0,11.1,49.0,6.0
2025-06-12 18:00:00,2025,6,12,18,Vĩnh Long,Xã An Ngãi Trung,10.0916931,106.5448581,92,Moderate,1,26.0,94,0.2,13.9,246,1005.8,100,25.7,28.1,201.0,14.6,41.0,7.0
2025-06-12 19:00:00,2025,6,12,19,Vĩnh Long,Xã An Ngãi Trung,10.0916931,106.5448581,91,Moderate,1,25.8,94,0.1,15.3,246,1006.3,100,27.9,31.1,219.0,14.8,40.0,7.1
2025-06-12 20:00:00,2025,6,12,20,Vĩnh Long,Xã An Ngãi Trung,10.0916931,106.5448581,91,Moderate,1,25.8,93,0.0,13.4,233,1006.6,100,29.9,33.1,243.0,15.0,38.0,6.9
2025-06-12 21:00:00,2025,6,12,21,Vĩnh Long,Xã An Ngãi Trung,10.0916931,106.5448581,90,Moderate,1,25.8,93,0.0,13.9,228,1007.4,100,30.0,33.2,269.0,15.3,35.0,6.7
2025-06-12 22:00:00,2025,6,12,22,Vĩnh Long,Xã An Ngãi Trung,10.0916931,106.5448581,88,Moderate,1,25.5,91,0.0,15.6,231,1007.7,100,29.7,32.8,280.0,15.9,32.0,6.5
2025-06-12 23:00:00,2025,6,12,23,Vĩnh Long,Xã An Ngãi Trung,10.0916931,106.5448581,86,Moderate,1,25.4,90,0.0,14.8,229,1007.7,100,30.6,33.6,263.0,17.0,29.0,6.3
2025-06-13 00:00:00,2025,6,13,0,Vĩnh Long,Xã An Ngãi Trung,10.0916931,106.5448581,84,Moderate,1,25.4,90,0.0,12.8,232,1008.0,100,33.5,36.4,230.0,18.4,27.0,6.0
2025-06-13 01:00:00,2025,6,13,1,Vĩnh Long,Xã An Ngãi Trung,10.0916931,106.5448581,84,Moderate,1,25.1,90,0.0,11.8,234,1007.4,100,38.1,40.9,204.0,19.7,25.0,5.8
2025-06-13 02:00:00,2025,6,13,2,Vĩnh Long,Xã An Ngãi Trung,10.0916931,106.5448581,83,Moderate,1,25.0,90,0.0,10.8,226,1006.9,100,40.7,43.5,190.0,21.0,23.0,5.7
2025-06-13 03:00:00,2025,6,13,3,Vĩnh Long,Xã An Ngãi Trung,10.0916931,106.5448581,84,Moderate,1,25.0,91,0.0,11.1,231,1006.7,100,42.0,44.7,183.0,22.1,22.0,5.7
2025-06-13 04:00:00,2025,6,13,4,Vĩnh Long,Xã An Ngãi Trung,10.0916931,106.5448581,84,Moderate,1,25.1,91,0.0,10.6,228,1006.9,100,44.2,47.0,183.0,22.1,22.0,5.7
2025-06-13 05:00:00,2025,6,13,5,Vĩnh Long,Xã An Ngãi Trung,10.0916931,106.5448581,85,Moderate,1,25.0,92,0.0,9.3,227,1007.4,100,45.4,48.1,198.0,20.4,24.0,5.8
2025-06-13 06:00:00,2025,6,13,6,Vĩnh Long,Xã An Ngãi Trung,10.0916931,106.5448581,87,Moderate,1,25.2,92,0.0,9.8,224,1007.7,100,43.5,46.2,221.0,17.7,27.0,5.9
2025-06-13 07:00:00,2025,6,13,7,Vĩnh Long,Xã An Ngãi Trung,10.0916931,106.5448581,88,Moderate,1,26.5,89,0.0,9.6,229,1008.1,100,26.5,31.2,232.0,9.3,46.0,4.0
2025-06-13 08:00:00,2025,6,13,8,Vĩnh Long,Xã An Ngãi Trung,10.0916931,106.5448581,87,Moderate,1,28.2,85,0.0,8.0,218,1008.7,100,23.6,28.1,221.0,7.7,59.0,4.0
2025-06-13 09:00:00,2025,6,13,9,Vĩnh Long,Xã An Ngãi Trung,10.0916931,106.5448581,86,Moderate,1,29.9,75,0.1,14.2,212,1008.7,100,22.5,27.3,198.0,5.4,76.0,3.9
2025-06-13 10:00:00,2025,6,13,10,Vĩnh Long,Xã An Ngãi Trung,10.0916931,106.5448581,86,Moderate,1,30.8,67,0.0,19.7,228,1008.6,100,21.9,27.0,179.0,3.7,91.0,3.9
2025-06-13 11:00:00,2025,6,13,11,Vĩnh Long,Xã An Ngãi Trung,10.0916931,106.5448581,86,Moderate,1,31.0,66,0.0,19.2,235,1008.3,100,22.7,27.8,169.0,2.8,101.0,3.8
2025-06-13 12:00:00,2025,6,13,12,Vĩnh Long,Xã An Ngãi Trung,10.0916931,106.5448581,86,Moderate,1,31.4,65,0.0,17.3,237,1007.7,100,22.5,27.1,164.0,2.3,108.0,3.8
2025-06-13 13:00:00,2025,6,13,13,Vĩnh Long,Xã An Ngãi Trung,10.0916931,106.5448581,87,Moderate,1,31.0,67,0.2,21.3,248,1007.4,100,21.8,25.7,163.0,2.5,111.0,4.0
2025-06-13 14:00:00,2025,6,13,14,Vĩnh Long,Xã An Ngãi Trung,10.0916931,106.5448581,87,Moderate,1,29.5,78,2.2,11.6,237,1006.9,100,22.0,25.0,165.0,2.4,108.0,4.4
2025-06-13 15:00:00,2025,6,13,15,Vĩnh Long,Xã An Ngãi Trung,10.0916931,106.5448581,87,Moderate,1,29.9,77,0.4,14.6,256,1006.5,100,23.0,25.6,171.0,3.0,102.0,5.0
2025-06-13 16:00:00,2025,6,13,16,Vĩnh Long,Xã An Ngãi Trung,10.0916931,106.5448581,87,Moderate,1,27.5,88,4.6,14.9,263,1006.4,100,27.5,29.2,187.0,7.2,92.0,6.4
2025-06-13 17:00:00,2025,6,13,17,Vĩnh Long,Xã An Ngãi Trung,10.0916931,106.5448581,88,Moderate,1,26.8,90,0.1,7.0,241,1006.3,99,31.3,33.3,221.0,18.0,78.0,9.3
2025-06-13 18:00:00,2025,6,13,18,Vĩnh Long,Xã An Ngãi Trung,10.0916931,106.5448581,89,Moderate,1,26.3,92,0.0,3.6,233,1006.9,100,45.1,47.4,265.0,32.5,62.0,13.0
2025-06-13 19:00:00,2025,6,13,19,Vĩnh Long,Xã An Ngãi Trung,10.0916931,106.5448581,91,Moderate,1,25.6,95,0.0,1.9,202,1007.6,100,64.0,67.1,304.0,28.7,56.0,11.2
2025-06-13 20:00:00,2025,6,13,20,Vĩnh Long,Xã An Ngãi Trung,10.0916931,106.5448581,94,Moderate,1,26.3,94,0.0,3.1,239,1008.5,100,91.5,94.8,338.0,35.6,45.0,12.9
2025-06-13 21:00:00,2025,6,13,21,Vĩnh Long,Xã An Ngãi Trung,10.0916931,106.5448581,99,Moderate,1,26.0,95,0.0,3.1,193,1009.0,100,105.7,109.2,366.0,45.0,31.0,15.1
2025-06-13 22:00:00,2025,6,13,22,Vĩnh Long,Xã An Ngãi Trung,10.0916931,106.5448581,107,Unhealthy for Sensitive Groups,2,25.5,97,0.0,4.0,177,1009.3,100,117.3,121.1,375.0,51.5,20.0,16.3
2025-06-13 23:00:00,2025,6,13,23,Vĩnh Long,Xã An Ngãi Trung,10.0916931,106.5448581,116,Unhealthy for Sensitive Groups,2,25.5,97,0.0,4.1,178,1009.4,100,119.7,123.4,349.0,52.4,17.0,15.5
2025-06-14 00:00:00,2025,6,14,0,Vĩnh Long,Xã An Ngãi Trung,10.0916931,106.5448581,125,Unhealthy for Sensitive Groups,2,25.4,97,0.0,4.5,180,1009.2,100,116.6,120.1,304.0,50.4,18.0,13.7
2025-06-14 01:00:00,2025,6,14,1,Vĩnh Long,Xã An Ngãi Trung,10.0916931,106.5448581,134,Unhealthy for Sensitive Groups,2,25.5,96,0.0,5.2,184,1009.0,100,115.9,119.7,270.0,47.9,21.0,12.1
2025-06-14 02:00:00,2025,6,14,2,Vĩnh Long,Xã An Ngãi Trung,10.0916931,106.5448581,142,Unhealthy for Sensitive Groups,2,25.6,95,0.0,6.2,195,1008.7,100,110.6,114.3,262.0,46.0,24.0,11.0
2025-06-14 03:00:00,2025,6,14,3,Vĩnh Long,Xã An Ngãi Trung,10.0916931,106.5448581,149,Unhealthy for Sensitive Groups,2,25.8,96,0.0,7.9,200,1008.4,100,107.1,110.8,266.0,43.6,28.0,10.0
2025-06-14 04:00:00,2025,6,14,4,Vĩnh Long,Xã An Ngãi Trung,10.0916931,106.5448581,151,Unhealthy,3,25.8,96,0.0,8.5,204,1008.2,100,106.6,110.4,270.0,40.5,33.0,9.2
2025-06-14 05:00:00,2025,6,14,5,Vĩnh Long,Xã An Ngãi Trung,10.0916931,106.5448581,153,Unhealthy,3,25.6,97,0.0,6.0,219,1008.6,100,106.6,110.6,273.0,36.5,38.0,8.8
2025-06-14 06:00:00,2025,6,14,6,Vĩnh Long,Xã An Ngãi Trung,10.0916931,106.5448581,154,Unhealthy,3,25.7,97,0.0,5.7,235,1008.9,100,107.1,111.3,276.0,31.8,45.0,8.5
2025-06-14 07:00:00,2025,6,14,7,Vĩnh Long,Xã An Ngãi Trung,10.0916931,106.5448581,155,Unhealthy,3,27.2,93,0.0,5.7,238,1009.3,100,93.6,96.6,270.0,28.0,47.0,8.5
2025-06-14 08:00:00,2025,6,14,8,Vĩnh Long,Xã An Ngãi Trung,10.0916931,106.5448581,157,Unhealthy,3,28.8,86,0.0,6.8,197,1009.9,100,65.0,67.8,245.0,21.5,70.0,8.0
2025-06-14 09:00:00,2025,6,14,9,Vĩnh Long,Xã An Ngãi Trung,10.0916931,106.5448581,158,Unhealthy,3,30.2,77,0.2,10.8,213,1010.2,100,46.4,49.0,210.0,12.5,101.0,7.3
2025-06-14 10:00:00,2025,6,14,10,Vĩnh Long,Xã An Ngãi Trung,10.0916931,106.5448581,158,Unhealthy,3,31.1,71,0.1,11.5,225,1009.9,99,41.8,44.6,183.0,5.6,124.0,6.6
2025-06-14 11:00:00,2025,6,14,11,Vĩnh Long,Xã An Ngãi Trung,10.0916931,106.5448581,159,Unhealthy,3,31.7,67,0.0,12.6,234,1009.3,100,36.3,39.6,172.0,2.8,131.0,5.8
2025-06-14 12:00:00,2025,6,14,12,Vĩnh Long,Xã An Ngãi Trung,10.0916931,106.5448581,159,Unhealthy,3,32.5,65,0.0,13.1,241,1008.8,100,32.8,36.3,168.0,2.1,130.0,5.1
2025-06-14 13:00:00,2025,6,14,13,Vĩnh Long,Xã An Ngãi Trung,10.0916931,106.5448581,159,Unhealthy,3,32.5,64,0.1,14.9,247,1008.0,100,30.0,33.4,169.0,2.2,126.0,4.5
2025-06-14 14:00:00,2025,6,14,14,Vĩnh Long,Xã An Ngãi Trung,10.0916931,106.5448581,159,Unhealthy,3,32.0,62,0.1,13.3,234,1007.4,100,28.0,31.3,169.0,2.1,119.0,4.2
2025-06-14 15:00:00,2025,6,14,15,Vĩnh Long,Xã An Ngãi Trung,10.0916931,106.5448581,160,Unhealthy,3,29.0,77,3.1,17.5,246,1007.6,100,28.1,30.5,173.0,2.8,108.0,4.1
2025-06-14 16:00:00,2025,6,14,16,Vĩnh Long,Xã An Ngãi Trung,10.0916931,106.5448581,160,Unhealthy,3,27.9,88,0.7,7.4,284,1007.5,100,29.5,31.8,192.0,5.5,96.0,4.5
2025-06-14 17:00:00,2025,6,14,17,Vĩnh Long,Xã An Ngãi Trung,10.0916931,106.5448581,160,Unhealthy,3,28.0,88,0.0,3.1,263,1007.1,100,31.7,33.9,236.0,11.7,82.0,5.8
2025-06-14 18:00:00,2025,6,14,18,Vĩnh Long,Xã An Ngãi Trung,10.0916931,106.5448581,160,Unhealthy,3,27.4,92,0.0,3.1,329,1007.7,100,43.8,45.6,296.0,19.9,66.0,7.6
2025-06-14 19:00:00,2025,6,14,19,Vĩnh Long,Xã An Ngãi Trung,10.0916931,106.5448581,160,Unhealthy,3,26.4,97,0.0,1.6,360,1008.2,100,57.4,60.1,346.0,23.0,59.0,7.8
2025-06-14 20:00:00,2025,6,14,20,Vĩnh Long,Xã An Ngãi Trung,10.0916931,106.5448581,160,Unhealthy,3,27.0,95,0.0,0.2,360,1009.0,99,63.6,66.6,385.0,25.1,51.0,8.1
2025-06-14 21:00:00,2025,6,14,21,Vĩnh Long,Xã An Ngãi Trung,10.0916931,106.5448581,159,Unhealthy,3,26.5,96,0.0,1.4,140,1009.8,89,71.0,74.5,416.0,28.0,41.0,8.5
2025-06-14 22:00:00,2025,6,14,22,Vĩnh Long,Xã An Ngãi Trung,10.0916931,106.5448581,158,Unhealthy,3,26.3,96,0.0,2.9,184,1009.9,89,74.0,77.3,423.0,30.4,32.0,8.7
2025-06-14 23:00:00,2025,6,14,23,Vĩnh Long,Xã An Ngãi Trung,10.0916931,106.5448581,157,Unhealthy,3,26.0,95,0.0,4.5,194,1009.9,99,74.3,77.3,389.0,31.6,27.0,8.3
2025-06-15 00:00:00,2025,6,15,0,Vĩnh Long,Xã An Ngãi Trung,10.0916931,106.5448581,156,Unhealthy,3,26.0,95,0.0,5.0,218,1009.7,100,74.7,77.5,331.0,32.2,24.0,7.7
2025-06-15 01:00:00,2025,6,15,1,Vĩnh Long,Xã An Ngãi Trung,10.0916931,106.5448581,155,Unhealthy,3,26.0,94,0.0,5.6,230,1008.7,100,77.3,79.9,284.0,32.9,21.0,7.3
2025-06-15 02:00:00,2025,6,15,2,Vĩnh Long,Xã An Ngãi Trung,10.0916931,106.5448581,155,Unhealthy,3,25.8,95,0.0,4.8,228,1008.3,100,78.0,80.6,260.0,34.3,17.0,7.4
2025-06-15 03:00:00,2025,6,15,3,Vĩnh Long,Xã An Ngãi Trung,10.0916931,106.5448581,154,Unhealthy,3,25.7,95,0.0,4.8,228,1008.0,100,80.3,82.7,248.0,35.7,14.0,7.7
2025-06-15 04:00:00,2025,6,15,4,Vĩnh Long,Xã An Ngãi Trung,10.0916931,106.5448581,153,Unhealthy,3,25.5,96,0.0,4.7,220,1008.1,100,83.6,86.1,246.0,35.5,14.0,8.0
2025-06-15 05:00:00,2025,6,15,5,Vĩnh Long,Xã An Ngãi Trung,10.0916931,106.5448581,153,Unhealthy,3,25.6,96,0.0,4.6,219,1008.3,100,88.0,90.6,265.0,32.9,17.0,8.4
2025-06-15 06:00:00,2025,6,15,6,Vĩnh Long,Xã An Ngãi Trung,10.0916931,106.5448581,152,Unhealthy,3,25.9,95,0.0,5.4,230,1008.6,100,93.8,96.6,296.0,28.7,23.0,8.7
2025-06-15 07:00:00,2025,6,15,7,Vĩnh Long,Xã An Ngãi Trung,10.0916931,106.5448581,152,Unhealthy,3,27.1,93,0.0,4.8,239,1009.2,100,135.0,138.3,306.0,39.4,20.0,11.8
2025-06-15 08:00:00,2025,6,15,8,Vĩnh Long,Xã An Ngãi Trung,10.0916931,106.5448581,153,Unhealthy,3,28.8,86,0.0,5.0,255,1009.6,99,66.4,70.5,276.0,30.3,34.0,10.5
2025-06-15 09:00:00,2025,6,15,9,Vĩnh Long,Xã An Ngãi Trung,10.0916931,106.5448581,153,Unhealthy,3,30.1,78,0.0,8.5,246,1009.6,99,37.6,42.6,226.0,17.8,54.0,8.7
2025-06-15 10:00:00,2025,6,15,10,Vĩnh Long,Xã An Ngãi Trung,10.0916931,106.5448581,153,Unhealthy,3,31.2,70,0.0,10.5,258,1009.2,100,31.3,36.7,187.0,8.2,73.0,7.3
2025-06-15 11:00:00,2025,6,15,11,Vĩnh Long,Xã An Ngãi Trung,10.0916931,106.5448581,153,Unhealthy,3,32.0,65,0.0,10.8,272,1008.7,100,28.5,33.2,171.0,4.2,91.0,6.7
2025-06-15 12:00:00,2025,6,15,12,Vĩnh Long,Xã An Ngãi Trung,10.0916931,106.5448581,152,Unhealthy,3,32.5,62,0.0,11.7,274,1008.0,100,28.9,33.2,166.0,3.1,108.0,6.6
2025-06-15 13:00:00,2025,6,15,13,Vĩnh Long,Xã An Ngãi Trung,10.0916931,106.5448581,152,Unhealthy,3,31.0,69,0.3,14.6,284,1007.5,100,29.3,32.9,165.0,3.0,118.0,6.4
2025-06-15 14:00:00,2025,6,15,14,Vĩnh Long,Xã An Ngãi Trung,10.0916931,106.5448581,152,Unhealthy,3,31.1,70,0.0,9.7,282,1006.3,100,29.9,33.3,163.0,2.8,118.0,5.9
2025-06-15 15:00:00,2025,6,15,15,Vĩnh Long,Xã An Ngãi Trung,10.0916931,106.5448581,152,Unhealthy,3,31.7,65,0.2,11.2,276,1005.1,100,29.7,32.9,165.0,3.5,111.0,5.4
2025-06-15 16:00:00,2025,6,15,16,Vĩnh Long,Xã An Ngãi Trung,10.0916931,106.5448581,152,Unhealthy,3,31.0,68,0.0,12.6,256,1005.3,100,30.3,32.5,177.0,6.3,101.0,5.7
2025-06-15 17:00:00,2025,6,15,17,Vĩnh Long,Xã An Ngãi Trung,10.0916931,106.5448581,152,Unhealthy,3,29.5,77,0.0,11.0,256,1005.8,99,32.2,34.0,206.0,12.0,87.0,7.1
2025-06-15 18:00:00,2025,6,15,18,Vĩnh Long,Xã An Ngãi Trung,10.0916931,106.5448581,152,Unhealthy,3,28.6,83,0.0,7.2,267,1005.8,100,43.0,44.5,246.0,19.7,69.0,9.2
2025-06-15 19:00:00,2025,6,15,19,Vĩnh Long,Xã An Ngãi Trung,10.0916931,106.5448581,152,Unhealthy,3,27.6,88,0.0,7.2,264,1006.7,100,83.4,85.9,285.0,34.7,58.0,12.8
2025-06-15 20:00:00,2025,6,15,20,Vĩnh Long,Xã An Ngãi Trung,10.0916931,106.5448581,153,Unhealthy,3,27.2,89,0.0,6.7,246,1007.3,100,85.4,88.2,320.0,38.4,50.0,13.7
2025-06-15 21:00:00,2025,6,15,21,Vĩnh Long,Xã An Ngãi Trung,10.0916931,106.5448581,153,Unhealthy,3,27.0,91,0.0,6.1,230,1008.3,97,98.3,101.5,354.0,43.5,38.0,15.0
2025-06-15 22:00:00,2025,6,15,22,Vĩnh Long,Xã An Ngãi Trung,10.0916931,106.5448581,154,Unhealthy,3,26.8,93,0.0,5.6,222,1008.7,99,111.3,114.8,379.0,47.1,28.0,15.6
2025-06-15 23:00:00,2025,6,15,23,Vĩnh Long,Xã An Ngãi Trung,10.0916931,106.5448581,155,Unhealthy,3,26.5,94,0.0,6.7,214,1009.1,99,111.8,115.3,388.0,47.9,22.0,15.0
2025-06-16 00:00:00,2025,6,16,0,Vĩnh Long,Xã An Ngãi Trung,10.0916931,106.5448581,156,Unhealthy,3,26.3,93,0.0,7.3,226,1008.8,98,109.4,112.7,387.0,47.4,18.0,13.9
2025-06-16 01:00:00,2025,6,16,1,Vĩnh Long,Xã An Ngãi Trung,10.0916931,106.5448581,156,Unhealthy,3,26.1,93,0.0,7.2,238,1008.6,84,108.5,111.5,389.0,46.7,15.0,12.9
2025-06-16 02:00:00,2025,6,16,2,Vĩnh Long,Xã An Ngãi Trung,10.0916931,106.5448581,157,Unhealthy,3,25.9,95,0.0,5.2,236,1008.4,98,105.9,108.7,400.0,46.7,11.0,12.4
2025-06-16 03:00:00,2025,6,16,3,Vĩnh Long,Xã An Ngãi Trung,10.0916931,106.5448581,158,Unhealthy,3,25.8,95,0.0,5.2,243,1008.2,97,102.7,105.2,412.0,46.7,8.0,12.2
2025-06-16 04:00:00,2025,6,16,4,Vĩnh Long,Xã An Ngãi Trung,10.0916931,106.5448581,158,Unhealthy,3,25.8,95,0.0,6.0,253,1007.9,80,105.2,108.0,419.0,45.5,8.0,12.2
2025-06-16 05:00:00,2025,6,16,5,Vĩnh Long,Xã An Ngãi Trung,10.0916931,106.5448581,159,Unhealthy,3,25.6,96,0.0,5.4,244,1008.2,95,114.6,117.3,420.0,42.9,12.0,12.9
2025-06-16 06:00:00,2025,6,16,6,Vĩnh Long,Xã An Ngãi Trung,10.0916931,106.5448581,159,Unhealthy,3,25.9,95,0.0,5.9,239,1008.6,89,130.4,133.6,415.0,39.2,18.0,14.0
2025-06-16 07:00:00,2025,6,16,7,Vĩnh Long,Xã An Ngãi Trung,10.0916931,106.5448581,160,Unhealthy,3,27.3,90,0.0,4.8,236,1009.3,100,102.0,104.8,393.0,26.5,34.0,9.6
2025-06-16 08:00:00,2025,6,16,8,Vĩnh Long,Xã An Ngãi Trung,10.0916931,106.5448581,159,Unhealthy,3,28.9,85,0.0,5.6,276,1009.4,89,57.2,60.8,339.0,20.8,54.0,9.8
2025-06-16 09:00:00,2025,6,16,9,Vĩnh Long,Xã An Ngãi Trung,10.0916931,106.5448581,159,Unhealthy,3,30.2,78,0.0,7.6,289,1009.2,99,43.8,48.1,269.0,12.9,81.0,10.0
2025-06-16 10:00:00,2025,6,16,10,Vĩnh Long,Xã An Ngãi Trung,10.0916931,106.5448581,159,Unhealthy,3,31.1,70,0.0,7.8,307,1009.1,99,38.0,42.3,214.0,6.8,103.0,9.8
2025-06-16 11:00:00,2025,6,16,11,Vĩnh Long,Xã An Ngãi Trung,10.0916931,106.5448581,159,Unhealthy,3,31.9,66,0.0,7.0,312,1008.5,100,35.2,38.9,190.0,4.2,117.0,8.8
2025-06-16 12:00:00,2025,6,16,12,Vĩnh Long,Xã An Ngãi Trung,10.0916931,106.5448581,160,Unhealthy,3,32.2,65,0.1,5.2,304,1007.9,100,33.1,35.9,183.0,3.5,125.0,7.4
2025-06-16 13:00:00,2025,6,16,13,Vĩnh Long,Xã An Ngãi Trung,10.0916931,106.5448581,160,Unhealthy,3,32.8,64,0.0,4.2,329,1006.9,100,31.8,34.1,180.0,3.5,126.0,6.1
2025-06-16 14:00:00,2025,6,16,14,Vĩnh Long,Xã An Ngãi Trung,10.0916931,106.5448581,160,Unhealthy,3,31.9,67,1.6,8.1,62,1005.9,100,30.0,32.1,175.0,4.0,116.0,5.1
2025-06-16 15:00:00,2025,6,16,15,Vĩnh Long,Xã An Ngãi Trung,10.0916931,106.5448581,160,Unhealthy,3,27.8,85,3.7,9.0,224,1006.3,100,28.0,29.5,175.0,5.2,98.0,4.3
2025-06-16 16:00:00,2025,6,16,16,Vĩnh Long,Xã An Ngãi Trung,10.0916931,106.5448581,160,Unhealthy,3,28.4,82,0.0,8.3,250,1006.3,100,27.0,28.2,188.0,7.4,82.0,4.1
2025-06-16 17:00:00,2025,6,16,17,Vĩnh Long,Xã An Ngãi Trung,10.0916931,106.5448581,160,Unhealthy,3,27.5,84,0.0,10.4,259,1006.6,100,26.7,27.6,223.0,10.7,70.0,4.8
2025-06-16 18:00:00,2025,6,16,18,Vĩnh Long,Xã An Ngãi Trung,10.0916931,106.5448581,159,Unhealthy,3,27.1,86,0.0,4.9,276,1006.7,100,31.1,32.0,270.0,15.0,59.0,6.1
2025-06-16 19:00:00,2025,6,16,19,Vĩnh Long,Xã An Ngãi Trung,10.0916931,106.5448581,159,Unhealthy,3,26.5,91,0.0,4.7,302,1007.4,100,44.0,45.6,309.0,20.2,54.0,9.2
2025-06-16 20:00:00,2025,6,16,20,Vĩnh Long,Xã An Ngãi Trung,10.0916931,106.5448581,158,Unhealthy,3,27.2,92,0.0,4.8,233,1007.3,100,56.9,58.7,332.0,25.9,44.0,10.8
2025-06-16 21:00:00,2025,6,16,21,Vĩnh Long,Xã An Ngãi Trung,10.0916931,106.5448581,158,Unhealthy,3,26.9,93,0.1,4.8,326,1008.4,100,69.6,71.5,348.0,33.9,30.0,13.0
2025-06-16 22:00:00,2025,6,16,22,Vĩnh Long,Xã An Ngãi Trung,10.0916931,106.5448581,157,Unhealthy,3,26.2,94,1.7,4.4,38,1009.1,100,87.3,89.6,359.0,40.1,19.0,15.1
2025-06-16 23:00:00,2025,6,16,23,Vĩnh Long,Xã An Ngãi Trung,10.0916931,106.5448581,157,Unhealthy,3,26.2,93,0.0,1.5,36,1009.4,100,96.6,99.2,369.0,42.8,15.0,16.8
2025-06-17 00:00:00,2025,6,17,0,Vĩnh Long,Xã An Ngãi Trung,10.0916931,106.5448581,156,Unhealthy,3,26.0,96,0.0,4.6,18,1009.4,100,111.3,114.1,374.0,43.8,14.0,18.4
2025-06-17 01:00:00,2025,6,17,1,Vĩnh Long,Xã An Ngãi Trung,10.0916931,106.5448581,156,Unhealthy,3,25.8,97,0.0,3.4,32,1009.1,100,112.5,115.7,368.0,44.8,13.0,19.7
2025-06-17 02:00:00,2025,6,17,2,Vĩnh Long,Xã An Ngãi Trung,10.0916931,106.5448581,156,Unhealthy,3,25.6,97,0.0,3.4,65,1008.7,100,124.3,128.1,343.0,46.9,10.0,20.9
2025-06-17 03:00:00,2025,6,17,3,Vĩnh Long,Xã An Ngãi Trung,10.0916931,106.5448581,157,Unhealthy,3,25.6,97,0.0,2.7,110,1008.5,100,145.8,149.5,307.0,48.9,6.0,21.8
2025-06-17 04:00:00,2025,6,17,4,Vĩnh Long,Xã An Ngãi Trung,10.0916931,106.5448581,158,Unhealthy,3,25.7,96,0.0,1.8,114,1008.9,99,119.7,123.9,281.0,49.3,5.0,22.0
2025-06-17 05:00:00,2025,6,17,5,Vĩnh Long,Xã An Ngãi Trung,10.0916931,106.5448581,158,Unhealthy,3,25.4,96,0.0,4.0,148,1008.8,72,120.6,125.3,275.0,47.3,6.0,20.9
2025-06-17 06:00:00,2025,6,17,6,Vĩnh Long,Xã An Ngãi Trung,10.0916931,106.5448581,158,Unhealthy,3,25.8,96,0.0,3.2,109,1009.2,61,128.5,132.2,279.0,43.7,9.0,19.2
2025-06-17 07:00:00,2025,6,17,7,Vĩnh Long,Xã An Ngãi Trung,10.0916931,106.5448581,158,Unhealthy,3,27.1,90,0.1,4.5,119,1009.9,58,57.4,59.4,276.0,23.7,33.0,9.6
2025-06-17 08:00:00,2025,6,17,8,Vĩnh Long,Xã An Ngãi Trung,10.0916931,106.5448581,157,Unhealthy,3,28.8,87,0.0,5.6,86,1009.6,40,40.3,42.4,259.0,19.6,46.0,9.9
2025-06-17 09:00:00,2025,6,17,9,Vĩnh Long,Xã An Ngãi Trung,10.0916931,106.5448581,157,Unhealthy,3,30.0,82,0.2,4.1,90,1009.7,77,31.7,34.1,236.0,13.9,64.0,10.3
2025-06-17 10:00:00,2025,6,17,10,Vĩnh Long,Xã An Ngãi Trung,10.0916931,106.5448581,156,Unhealthy,3,31.1,77,0.2,5.8,86,1009.3,41,31.2,33.8,217.0,9.2,82.0,10.3
2025-06-17 11:00:00,2025,6,17,11,Vĩnh Long,Xã An Ngãi Trung,10.0916931,106.5448581,156,Unhealthy,3,31.5,75,0.2,3.2,106,1008.9,100,27.5,29.0,205.0,6.3,99.0,9.7
2025-06-17 12:00:00,2025,6,17,12,Vĩnh Long,Xã An Ngãi Trung,10.0916931,106.5448581,156,Unhealthy,3,29.0,78,4.9,7.1,159,1008.8,100,27.2,28.1,197.0,4.5,115.0,8.7
2025-06-17 13:00:00,2025,6,17,13,Vĩnh Long,Xã An Ngãi Trung,10.0916931,106.5448581,156,Unhealthy,3,28.0,85,1.0,2.5,188,1008.3,87,27.4,28.4,188.0,3.6,125.0,7.9
2025-06-17 14:00:00,2025,6,17,14,Vĩnh Long,Xã An Ngãi Trung,10.0916931,106.5448581,156,Unhealthy,3,30.2,77,0.1,0.9,79,1007.0,86,29.2,30.3,174.0,3.6,126.0,7.3
2025-06-17 15:00:00,2025,6,17,15,Vĩnh Long,Xã An Ngãi Trung,10.0916931,106.5448581,156,Unhealthy,3,30.6,74,0.1,6.8,155,1006.4,97,30.0,31.2,159.0,4.6,121.0,6.8
2025-06-17 16:00:00,2025,6,17,16,Vĩnh Long,Xã An Ngãi Trung,10.0916931,106.5448581,156,Unhealthy,3,27.7,86,4.2,8.5,198,1006.7,100,32.9,34.0,159.0,7.1,111.0,6.9
2025-06-17 17:00:00,2025,6,17,17,Vĩnh Long,Xã An Ngãi Trung,10.0916931,106.5448581,156,Unhealthy,3,27.6,86,0.1,9.5,231,1007.0,100,32.5,33.2,183.0,11.7,96.0,7.8
2025-06-17 18:00:00,2025,6,17,18,Vĩnh Long,Xã An Ngãi Trung,10.0916931,106.5448581,156,Unhealthy,3,26.6,90,0.0,6.9,261,1007.2,42,38.8,39.5,221.0,17.9,76.0,9.2
2025-06-17 19:00:00,2025,6,17,19,Vĩnh Long,Xã An Ngãi Trung,10.0916931,106.5448581,156,Unhealthy,3,26.0,93,0.0,5.8,236,1007.6,100,37.8,39.1,255.0,17.9,54.0,7.5
2025-06-17 20:00:00,2025,6,17,20,Vĩnh Long,Xã An Ngãi Trung,10.0916931,106.5448581,156,Unhealthy,3,26.6,94,0.0,7.2,258,1007.8,100,46.9,48.5,279.0,22.4,44.0,8.7
2025-06-17 21:00:00,2025,6,17,21,Vĩnh Long,Xã An Ngãi Trung,10.0916931,106.5448581,156,Unhealthy,3,26.1,95,0.0,5.8,279,1008.6,100,59.5,61.2,300.0,28.6,30.0,10.3
2025-06-17 22:00:00,2025,6,17,22,Vĩnh Long,Xã An Ngãi Trung,10.0916931,106.5448581,156,Unhealthy,3,25.6,95,0.0,4.0,273,1009.2,100,71.5,73.1,321.0,33.0,20.0,11.4
2025-06-17 23:00:00,2025,6,17,23,Vĩnh Long,Xã An Ngãi Trung,10.0916931,106.5448581,155,Unhealthy,3,25.3,96,0.0,4.0,288,1009.6,100,69.4,71.2,345.0,33.4,18.0,11.4
2025-06-18 00:00:00,2025,6,18,0,Vĩnh Long,Xã An Ngãi Trung,10.0916931,106.5448581,155,Unhealthy,3,25.2,95,0.0,2.2,346,1009.4,100,66.6,68.7,369.0,32.0,20.0,10.9
2025-06-18 01:00:00,2025,6,18,1,Vĩnh Long,Xã An Ngãi Trung,10.0916931,106.5448581,154,Unhealthy,3,25.0,97,0.0,2.3,23,1009.0,100,64.0,66.6,385.0,31.4,21.0,11.0
2025-06-18 02:00:00,2025,6,18,2,Vĩnh Long,Xã An Ngãi Trung,10.0916931,106.5448581,153,Unhealthy,3,24.9,97,0.0,1.7,18,1008.6,100,65.7,68.9,393.0,33.3,18.0,12.3
2025-06-18 03:00:00,2025,6,18,3,Vĩnh Long,Xã An Ngãi Trung,10.0916931,106.5448581,152,Unhealthy,3,24.8,98,0.0,0.8,45,1008.7,100,79.4,82.7,394.0,36.0,14.0,14.2
2025-06-18 04:00:00,2025,6,18,4,Vĩnh Long,Xã An Ngãi Trung,10.0916931,106.5448581,150,Unhealthy for Sensitive Groups,2,24.7,98,0.0,1.4,40,1008.6,100,79.9,83.4,381.0,37.4,13.0,15.9
2025-06-18 05:00:00,2025,6,18,5,Vĩnh Long,Xã An Ngãi Trung,10.0916931,106.5448581,146,Unhealthy for Sensitive Groups,2,24.5,99,0.0,2.9,158,1008.9,100,85.9,89.6,348.0,36.8,14.0,17.4
2025-06-18 06:00:00,2025,6,18,6,Vĩnh Long,Xã An Ngãi Trung,10.0916931,106.5448581,143,Unhealthy for Sensitive Groups,2,25.0,98,0.0,3.1,140,1008.5,100,95.5,99.4,303.0,34.9,17.0,18.7
2025-06-18 07:00:00,2025,6,18,7,Vĩnh Long,Xã An Ngãi Trung,10.0916931,106.5448581,139,Unhealthy for Sensitive Groups,2,25.8,95,0.0,4.5,130,1009.1,98,50.5,53.0,260.0,21.0,30.0,8.5
2025-06-18 08:00:00,2025,6,18,8,Vĩnh Long,Xã An Ngãi Trung,10.0916931,106.5448581,138,Unhealthy for Sensitive Groups,2,28.6,88,0.1,7.4,167,1009.6,98,36.2,38.8,223.0,18.2,37.0,8.7
2025-06-18 09:00:00,2025,6,18,9,Vĩnh Long,Xã An Ngãi Trung,10.0916931,106.5448581,138,Unhealthy for Sensitive Groups,2,28.6,88,0.2,6.1,166,1010.1,99,34.6,37.4,189.0,14.4,48.0,8.9
2025-06-18 10:00:00,2025,6,18,10,Vĩnh Long,Xã An Ngãi Trung,10.0916931,106.5448581,138,Unhealthy for Sensitive Groups,2,29.4,83,0.2,6.3,219,1010.0,100,31.5,33.3,166.0,10.9,62.0,9.0
2025-06-18 11:00:00,2025,6,18,11,Vĩnh Long,Xã An Ngãi Trung,10.0916931,106.5448581,138,Unhealthy for Sensitive Groups,2,30.5,77,0.1,4.1,285,1009.2,100,32.8,34.5,160.0,8.2,82.0,8.9
2025-06-18 12:00:00,2025,6,18,12,Vĩnh Long,Xã An Ngãi Trung,10.0916931,106.5448581,139,Unhealthy for Sensitive Groups,2,31.4,73,0.0,3.7,256,1008.4,100,33.6,35.2,164.0,5.9,104.0,8.6
2025-06-18 13:00:00,2025,6,18,13,Vĩnh Long,Xã An Ngãi Trung,10.0916931,106.5448581,140,Unhealthy for Sensitive Groups,2,32.2,69,0.1,5.2,254,1007.2,100,33.9,35.3,170.0,4.4,121.0,8.4
2025-06-18 14:00:00,2025,6,18,14,Vĩnh Long,Xã An Ngãi Trung,10.0916931,106.5448581,140,Unhealthy for Sensitive Groups,2,32.2,67,0.0,8.1,264,1006.5,100,34.8,36.1,173.0,3.4,131.0,8.2
2025-06-18 15:00:00,2025,6,18,15,Vĩnh Long,Xã An Ngãi Trung,10.0916931,106.5448581,141,Unhealthy for Sensitive Groups,2,28.6,81,2.9,8.8,272,1006.5,100,35.5,36.7,176.0,3.2,135.0,8.2
2025-06-18 16:00:00,2025,6,18,16,Vĩnh Long,Xã An Ngãi Trung,10.0916931,106.5448581,141,Unhealthy for Sensitive Groups,2,28.2,82,0.5,3.3,13,1006.4,100,36.3,37.4,185.0,5.4,130.0,8.5
2025-06-18 17:00:00,2025,6,18,17,Vĩnh Long,Xã An Ngãi Trung,10.0916931,106.5448581,142,Unhealthy for Sensitive Groups,2,26.9,87,4.0,5.8,292,1007.2,100,36.7,37.5,201.0,11.3,110.0,9.3
2025-06-18 18:00:00,2025,6,18,18,Vĩnh Long,Xã An Ngãi Trung,10.0916931,106.5448581,142,Unhealthy for Sensitive Groups,2,26.0,89,0.1,5.3,225,1007.6,100,44.7,45.3,222.0,19.6,81.0,10.5
2025-06-18 19:00:00,2025,6,18,19,Vĩnh Long,Xã An Ngãi Trung,10.0916931,106.5448581,143,Unhealthy for Sensitive Groups,2,25.4,94,0.0,1.1,162,1008.4,100,37.5,38.2,243.0,20.5,53.0,10.7
2025-06-18 20:00:00,2025,6,18,20,Vĩnh Long,Xã An Ngãi Trung,10.0916931,106.5448581,143,Unhealthy for Sensitive Groups,2,26.1,91,2.8,5.6,248,1008.8,100,52.0,53.2,265.0,28.5,43.0,14.1
2025-06-18 21:00:00,2025,6,18,21,Vĩnh Long,Xã An Ngãi Trung,10.0916931,106.5448581,143,Unhealthy for Sensitive Groups,2,25.6,94,1.1,1.8,225,1009.4,100,81.0,82.4,287.0,39.5,30.0,18.6
2025-06-18 22:00:00,2025,6,18,22,Vĩnh Long,Xã An Ngãi Trung,10.0916931,106.5448581,146,Unhealthy for Sensitive Groups,2,25.6,93,0.0,1.7,72,1009.3,100,101.5,103.4,304.0,47.1,19.0,21.1
2025-06-18 23:00:00,2025,6,18,23,Vĩnh Long,Xã An Ngãi Trung,10.0916931,106.5448581,149,Unhealthy for Sensitive Groups,2,25.7,92,0.0,1.6,84,1009.6,100,113.2,114.8,317.0,48.0,13.0,19.6
2025-06-19 00:00:00,2025,6,19,0,Vĩnh Long,Xã An Ngãi Trung,10.0916931,106.5448581,151,Unhealthy,3,25.9,91,0.0,0.3,225,1009.2,100,98.7,99.9,325.0,45.6,9.0,16.0
2025-06-19 01:00:00,2025,6,19,1,Vĩnh Long,Xã An Ngãi Trung,10.0916931,106.5448581,151,Unhealthy,3,25.2,95,0.0,3.4,288,1008.4,100,82.9,84.1,324.0,43.0,6.0,13.1
2025-06-19 02:00:00,2025,6,19,2,Vĩnh Long,Xã An Ngãi Trung,10.0916931,106.5448581,152,Unhealthy,3,25.0,96,0.0,4.0,275,1007.5,100,74.7,75.9,304.0,41.7,4.0,11.9
2025-06-19 03:00:00,2025,6,19,3,Vĩnh Long,Xã An Ngãi Trung,10.0916931,106.5448581,152,Unhealthy,3,24.9,98,0.0,3.6,261,1006.9,100,71.5,72.9,275.0,40.4,4.0,11.4
2025-06-19 04:00:00,2025,6,19,4,Vĩnh Long,Xã An Ngãi Trung,10.0916931,106.5448581,152,Unhealthy,3,25.0,97,0.0,2.8,255,1006.6,100,77.3,78.7,257.0,38.2,6.0,11.2
2025-06-19 05:00:00,2025,6,19,5,Vĩnh Long,Xã An Ngãi Trung,10.0916931,106.5448581,152,Unhealthy,3,25.0,97,0.0,4.3,255,1007.2,99,92.2,93.6,267.0,34.7,9.0,11.3
2025-06-19 06:00:00,2025,6,19,6,Vĩnh Long,Xã An Ngãi Trung,10.0916931,106.5448581,152,Unhealthy,3,25.5,98,0.0,6.5,242,1007.9,100,95.7,97.6,288.0,30.4,15.0,11.7
2025-06-19 07:00:00,2025,6,19,7,Vĩnh Long,Xã An Ngãi Trung,10.0916931,106.5448581,152,Unhealthy,3,26.0,90,1.0,15.1,230,1009.3,100,53.8,56.5,293.0,18.8,28.0,7.4
2025-06-19 08:00:00,2025,6,19,8,Vĩnh Long,Xã An Ngãi Trung,10.0916931,106.5448581,152,Unhealthy,3,26.6,88,0.0,8.5,257,1009.1,100,34.7,37.7,266.0,14.9,40.0,7.4
2025-06-19 09:00:00,2025,6,19,9,Vĩnh Long,Xã An Ngãi Trung,10.0916931,106.5448581,152,Unhealthy,3,28.4,80,0.0,12.4,273,1008.8,100,25.6,28.5,224.0,9.4,58.0,7.4
2025-06-19 10:00:00,2025,6,19,10,Vĩnh Long,Xã An Ngãi Trung,10.0916931,106.5448581,152,Unhealthy,3,29.8,78,0.0,11.1,278,1008.7,100,23.1,26.4,189.0,5.2,74.0,7.3
2025-06-19 11:00:00,2025,6,19,11,Vĩnh Long,Xã An Ngãi Trung,10.0916931,106.5448581,152,Unhealthy,3,31.2,72,0.0,11.1,287,1008.5,100,21.9,24.7,170.0,3.4,87.0,7.1
2025-06-19 12:00:00,2025,6,19,12,Vĩnh Long,Xã An Ngãi Trung,10.0916931,106.5448581,151,Unhealthy,3,31.8,70,0.0,10.5,289,1008.0,100,20.6,22.2,159.0,2.9,99.0,6.9
2025-06-19 13:00:00,2025,6,19,13,Vĩnh Long,Xã An Ngãi Trung,10.0916931,106.5448581,151,Unhealthy,3,32.8,64,0.0,10.6,280,1007.1,100,19.5,20.4,154.0,3.0,105.0,6.8
2025-06-19 14:00:00,2025,6,19,14,Vĩnh Long,Xã An Ngãi Trung,10.0916931,106.5448581,151,Unhealthy,3,25.2,96,8.7,10.7,275,1007.6,100,20.1,20.8,154.0,3.2,103.0,6.8
2025-06-19 15:00:00,2025,6,19,15,Vĩnh Long,Xã An Ngãi Trung,10.0916931,106.5448581,150,Unhealthy for Sensitive Groups,2,26.5,88,1.2,8.9,238,1006.7,100,21.1,21.5,160.0,4.1,96.0,7.0
2025-06-19 16:00:00,2025,6,19,16,Vĩnh Long,Xã An Ngãi Trung,10.0916931,106.5448581,150,Unhealthy for Sensitive Groups,2,27.8,83,0.2,9.2,266,1006.1,100,22.2,22.5,177.0,6.9,87.0,7.7
2025-06-19 17:00:00,2025,6,19,17,Vĩnh Long,Xã An Ngãi Trung,10.0916931,106.5448581,149,Unhealthy for Sensitive Groups,2,28.0,81,0.0,9.8,284,1006.5,100,23.2,23.5,212.0,12.8,75.0,9.3
2025-06-19 18:00:00,2025,6,19,18,Vĩnh Long,Xã An Ngãi Trung,10.0916931,106.5448581,148,Unhealthy for Sensitive Groups,2,27.3,87,0.0,5.0,300,1006.8,100,31.0,31.5,258.0,20.6,60.0,11.5
2025-06-19 19:00:00,2025,6,19,19,Vĩnh Long,Xã An Ngãi Trung,10.0916931,106.5448581,146,Unhealthy for Sensitive Groups,2,26.7,88,0.0,0.9,281,1007.7,100,49.2,50.6,303.0,25.4,51.0,13.0
2025-06-19 20:00:00,2025,6,19,20,Vĩnh Long,Xã An Ngãi Trung,10.0916931,106.5448581,147,Unhealthy for Sensitive Groups,2,26.1,96,0.0,2.5,201,1007.9,100,75.4,77.1,351.0,31.2,41.0,14.3
2025-06-19 21:00:00,2025,6,19,21,Vĩnh Long,Xã An Ngãi Trung,10.0916931,106.5448581,150,Unhealthy for Sensitive Groups,2,26.1,95,0.0,2.7,122,1008.5,99,86.6,88.5,398.0,39.3,28.0,16.1
2025-06-19 22:00:00,2025,6,19,22,Vĩnh Long,Xã An Ngãi Trung,10.0916931,106.5448581,150,Unhealthy for Sensitive Groups,2,26.1,95,0.0,2.6,192,1008.9,100,91.7,93.6,416.0,46.1,17.0,17.5
2025-06-19 23:00:00,2025,6,19,23,Vĩnh Long,Xã An Ngãi Trung,10.0916931,106.5448581,149,Unhealthy for Sensitive Groups,2,26.0,96,0.0,4.4,215,1008.9,87,104.3,106.2,384.0,50.3,10.0,18.0
2025-06-20 00:00:00,2025,6,20,0,Vĩnh Long,Xã An Ngãi Trung,10.0916931,106.5448581,148,Unhealthy for Sensitive Groups,2,26.1,97,0.0,6.0,241,1008.6,96,115.3,117.1,324.0,53.1,6.0,18.2
2025-06-20 01:00:00,2025,6,20,1,Vĩnh Long,Xã An Ngãi Trung,10.0916931,106.5448581,150,Unhealthy for Sensitive Groups,2,25.9,96,0.0,6.0,253,1008.1,84,121.5,123.4,275.0,54.5,3.0,18.3
2025-06-20 02:00:00,2025,6,20,2,Vĩnh Long,Xã An Ngãi Trung,10.0916931,106.5448581,151,Unhealthy,3,25.8,96,0.0,6.1,240,1007.2,92,113.2,115.0,252.0,54.7,1.0,18.8
2025-06-20 03:00:00,2025,6,20,3,Vĩnh Long,Xã An Ngãi Trung,10.0916931,106.5448581,152,Unhealthy,3,25.5,96,0.0,5.2,236,1006.9,100,101.3,103.1,241.0,53.6,1.0,19.3
2025-06-20 04:00:00,2025,6,20,4,Vĩnh Long,Xã An Ngãi Trung,10.0916931,106.5448581,152,Unhealthy,3,25.6,96,0.0,7.6,232,1007.1,95,97.1,99.0,237.0,50.4,3.0,19.1
2025-06-20 05:00:00,2025,6,20,5,Vĩnh Long,Xã An Ngãi Trung,10.0916931,106.5448581,153,Unhealthy,3,25.6,96,0.0,10.4,247,1007.3,98,90.3,92.0,247.0,44.1,9.0,17.8
2025-06-20 06:00:00,2025,6,20,6,Vĩnh Long,Xã An Ngãi Trung,10.0916931,106.5448581,153,Unhealthy,3,24.8,96,3.4,9.9,265,1008.7,100,91.3,93.1,265.0,35.8,18.0,15.9
2025-06-20 07:00:00,2025,6,20,7,Vĩnh Long,Xã An Ngãi Trung,10.0916931,106.5448581,153,Unhealthy,3,25.6,93,0.7,6.7,284,1008.9,100,60.3,62.4,270.0,24.0,30.0,10.6
2025-06-20 08:00:00,2025,6,20,8,Vĩnh Long,Xã An Ngãi Trung,10.0916931,106.5448581,153,Unhealthy,3,27.2,93,0.0,4.5,217,1008.1,99,41.3,43.4,246.0,19.4,44.0,10.6
2025-06-20 09:00:00,2025,6,20,9,Vĩnh Long,Xã An Ngãi Trung,10.0916931,106.5448581,153,Unhealthy,3,27.4,92,1.9,6.7,161,1008.8,100,35.0,37.6,208.0,13.1,64.0,10.6
2025-06-20 10:00:00,2025,6,20,10,Vĩnh Long,Xã An Ngãi Trung,10.0916931,106.5448581,153,Unhealthy,3,28.0,92,1.3,4.4,218,1009.0,100,30.3,32.1,180.0,8.1,82.0,10.4
2025-06-20 11:00:00,2025,6,20,11,Vĩnh Long,Xã An Ngãi Trung,10.0916931,106.5448581,153,Unhealthy,3,29.1,89,2.5,4.1,232,1008.7,99,30.3,31.2,172.0,5.8,99.0,9.8
2025-06-20 12:00:00,2025,6,20,12,Vĩnh Long,Xã An Ngãi Trung,10.0916931,106.5448581,154,Unhealthy,3,28.5,87,10.1,8.1,270,1008.3,100,31.5,32.5,172.0,4.8,115.0,9.0
2025-06-20 13:00:00,2025,6,20,13,Vĩnh Long,Xã An Ngãi Trung,10.0916931,106.5448581,154,Unhealthy,3,29.2,82,0.2,5.3,232,1007.1,99,31.5,32.5,173.0,4.5,122.0,8.3
2025-06-20 14:00:00,2025,6,20,14,Vĩnh Long,Xã An Ngãi Trung,10.0916931,106.5448581,154,Unhealthy,3,29.9,78,0.3,6.6,233,1006.5,99,29.6,30.4,167.0,4.6,114.0,7.7
2025-06-20 15:00:00,2025,6,20,15,Vĩnh Long,Xã An Ngãi Trung,10.0916931,106.5448581,154,Unhealthy,3,30.4,74,0.2,7.6,177,1005.9,98,25.3,25.7,162.0,5.4,97.0,7.2
2025-06-20 16:00:00,2025,6,20,16,Vĩnh Long,Xã An Ngãi Trung,10.0916931,106.5448581,154,Unhealthy,3,28.2,84,3.0,7.2,158,1006.1,100,23.1,23.4,164.0,7.2,81.0,7.0
2025-06-20 17:00:00,2025,6,20,17,Vĩnh Long,Xã An Ngãi Trung,10.0916931,106.5448581,154,Unhealthy,3,26.5,89,2.3,8.5,249,1006.3,99,23.5,23.8,182.0,10.2,70.0,7.1
2025-06-20 18:00:00,2025,6,20,18,Vĩnh Long,Xã An Ngãi Trung,10.0916931,106.5448581,154,Unhealthy,3,25.9,93,0.0,8.5,246,1007.3,99,29.5,30.0,208.0,14.1,60.0,7.5
2025-06-20 19:00:00,2025,6,20,19,Vĩnh Long,Xã An Ngãi Trung,10.0916931,106.5448581,154,Unhealthy,3,25.6,94,0.0,9.0,276,1008.3,100,28.6,29.2,230.0,16.1,56.0,7.9
2025-06-20 20:00:00,2025,6,20,20,Vĩnh Long,Xã An Ngãi Trung,10.0916931,106.5448581,154,Unhealthy,3,25.6,93,0.0,9.2,244,1008.5,99,31.9,32.6,248.0,19.4,48.0,8.7
2025-06-20 21:00:00,2025,6,20,21,Vĩnh Long,Xã An Ngãi Trung,10.0916931,106.5448581,153,Unhealthy,3,25.4,93,0.0,7.0,260,1009.3,99,39.0,39.8,262.0,23.8,36.0,9.9
2025-06-20 22:00:00,2025,6,20,22,Vĩnh Long,Xã An Ngãi Trung,10.0916931,106.5448581,152,Unhealthy,3,25.0,94,0.0,8.5,263,1009.6,100,49.2,50.1,265.0,27.2,27.0,10.7
2025-06-20 23:00:00,2025,6,20,23,Vĩnh Long,Xã An Ngãi Trung,10.0916931,106.5448581,151,Unhealthy,3,24.8,94,0.0,5.9,250,1009.7,99,57.7,58.6,248.0,28.4,23.0,10.8
2025-06-21 00:00:00,2025,6,21,0,Vĩnh Long,Xã An Ngãi Trung,10.0916931,106.5448581,150,Unhealthy for Sensitive Groups,2,24.6,95,0.0,6.8,270,1008.8,100,58.7,59.5,220.0,28.4,21.0,10.6
2025-06-21 01:00:00,2025,6,21,1,Vĩnh Long,Xã An Ngãi Trung,10.0916931,106.5448581,144,Unhealthy for Sensitive Groups,2,24.5,96,0.0,6.0,265,1007.7,100,48.9,49.7,194.0,28.2,20.0,10.3
2025-06-21 02:00:00,2025,6,21,2,Vĩnh Long,Xã An Ngãi Trung,10.0916931,106.5448581,136,Unhealthy for Sensitive Groups,2,24.6,96,0.0,7.3,263,1007.0,99,45.6,46.6,172.0,28.5,18.0,9.9
2025-06-21 03:00:00,2025,6,21,3,Vĩnh Long,Xã An Ngãi Trung,10.0916931,106.5448581,129,Unhealthy for Sensitive Groups,2,24.5,97,0.0,7.0,235,1006.8,100,49.2,50.1,153.0,28.6,17.0,9.4
2025-06-21 04:00:00,2025,6,21,4,Vĩnh Long,Xã An Ngãi Trung,10.0916931,106.5448581,124,Unhealthy for Sensitive Groups,2,24.5,97,0.0,5.6,266,1006.5,99,49.6,50.5,143.0,27.1,18.0,8.7
2025-06-21 05:00:00,2025,6,21,5,Vĩnh Long,Xã An Ngãi Trung,10.0916931,106.5448581,119,Unhealthy for Sensitive Groups,2,24.4,97,0.0,3.8,251,1007.3,100,49.1,50.1,152.0,22.5,24.0,7.6
2025-06-21 06:00:00,2025,6,21,6,Vĩnh Long,Xã An Ngãi Trung,10.0916931,106.5448581,114,Unhealthy for Sensitive Groups,2,25.0,96,0.0,6.5,251,1008.1,100,39.3,40.3,170.0,16.3,33.0,6.4
2025-06-21 07:00:00,2025,6,21,7,Vĩnh Long,Xã An Ngãi Trung,10.0916931,106.5448581,109,Unhealthy for Sensitive Groups,2,25.9,91,0.0,10.3,272,1008.2,99,38.2,40.0,179.0,16.7,32.0,8.3
2025-06-21 08:00:00,2025,6,21,8,Vĩnh Long,Xã An Ngãi Trung,10.0916931,106.5448581,107,Unhealthy for Sensitive Groups,2,27.5,87,0.0,11.2,269,1008.9,100,28.1,30.0,169.0,14.1,41.0,8.3
2025-06-21 09:00:00,2025,6,21,9,Vĩnh Long,Xã An Ngãi Trung,10.0916931,106.5448581,105,Unhealthy for Sensitive Groups,2,28.2,82,0.0,11.9,274,1009.2,100,25.1,27.1,149.0,10.5,55.0,8.2
2025-06-21 10:00:00,2025,6,21,10,Vĩnh Long,Xã An Ngãi Trung,10.0916931,106.5448581,104,Unhealthy for Sensitive Groups,2,29.5,75,0.1,11.2,276,1008.7,100,23.2,25.7,135.0,7.4,67.0,7.9
2025-06-21 11:00:00,2025,6,21,11,Vĩnh Long,Xã An Ngãi Trung,10.0916931,106.5448581,104,Unhealthy for Sensitive Groups,2,30.0,72,0.1,12.1,263,1008.0,100,19.1,20.6,132.0,5.3,79.0,7.3
2025-06-21 12:00:00,2025,6,21,12,Vĩnh Long,Xã An Ngãi Trung,10.0916931,106.5448581,102,Unhealthy for Sensitive Groups,2,28.5,80,2.8,5.3,303,1007.6,100,18.9,20.0,135.0,3.7,90.0,6.6
2025-06-21 13:00:00,2025,6,21,13,Vĩnh Long,Xã An Ngãi Trung,10.0916931,106.5448581,101,Unhealthy for Sensitive Groups,2,27.7,86,0.7,8.6,248,1007.5,100,17.5,18.3,138.0,3.2,95.0,6.0
2025-06-21 14:00:00,2025,6,21,14,Vĩnh Long,Xã An Ngãi Trung,10.0916931,106.5448581,100,Moderate,1,27.2,86,7.4,7.9,249,1006.7,98,19.9,20.5,138.0,3.9,91.0,5.6
2025-06-21 15:00:00,2025,6,21,15,Vĩnh Long,Xã An Ngãi Trung,10.0916931,106.5448581,99,Moderate,1,27.2,84,0.1,11.8,213,1005.8,100,20.3,20.7,139.0,5.6,81.0,5.4
2025-06-21 16:00:00,2025,6,21,16,Vĩnh Long,Xã An Ngãi Trung,10.0916931,106.5448581,98,Moderate,1,28.0,80,0.0,11.2,217,1005.8,100,22.7,23.0,147.0,8.4,70.0,5.5
2025-06-21 17:00:00,2025,6,21,17,Vĩnh Long,Xã An Ngãi Trung,10.0916931,106.5448581,98,Moderate,1,27.8,80,0.1,10.7,221,1006.1,100,26.4,27.0,168.0,13.1,60.0,6.3
2025-06-21 18:00:00,2025,6,21,18,Vĩnh Long,Xã An Ngãi Trung,10.0916931,106.5448581,99,Moderate,1,26.7,87,0.0,10.6,240,1007.2,100,35.2,36.1,196.0,18.8,49.0,7.5
2025-06-21 19:00:00,2025,6,21,19,Vĩnh Long,Xã An Ngãi Trung,10.0916931,106.5448581,99,Moderate,1,26.1,90,0.0,8.3,236,1007.7,100,30.6,32.0,216.0,17.8,40.0,6.8
2025-06-21 20:00:00,2025,6,21,20,Vĩnh Long,Xã An Ngãi Trung,10.0916931,106.5448581,99,Moderate,1,25.1,95,0.4,9.7,215,1008.6,100,31.7,32.9,221.0,18.3,37.0,7.0
2025-06-21 21:00:00,2025,6,21,21,Vĩnh Long,Xã An Ngãi Trung,10.0916931,106.5448581,99,Moderate,1,25.2,95,0.1,8.7,225,1009.5,100,32.5,33.8,218.0,19.0,33.0,7.2
2025-06-21 22:00:00,2025,6,21,22,Vĩnh Long,Xã An Ngãi Trung,10.0916931,106.5448581,99,Moderate,1,25.1,94,0.0,9.7,228,1010.1,100,35.2,36.4,211.0,19.7,30.0,7.2
2025-06-21 23:00:00,2025,6,21,23,Vĩnh Long,Xã An Ngãi Trung,10.0916931,106.5448581,97,Moderate,1,25.0,94,0.0,8.8,219,1010.1,100,39.2,40.6,200.0,20.5,28.0,7.0
2025-06-22 00:00:00,2025,6,22,0,Vĩnh Long,Xã An Ngãi Trung,10.0916931,106.5448581,96,Moderate,1,24.9,95,1.3,9.9,215,1009.6,100,40.7,42.1,186.0,21.2,27.0,6.6
2025-06-22 01:00:00,2025,6,22,1,Vĩnh Long,Xã An Ngãi Trung,10.0916931,106.5448581,94,Moderate,1,24.7,96,3.2,11.3,217,1009.1,100,39.0,40.4,172.0,21.2,27.0,6.2
2025-06-22 02:00:00,2025,6,22,2,Vĩnh Long,Xã An Ngãi Trung,10.0916931,106.5448581,93,Moderate,1,24.5,96,2.2,11.6,228,1008.3,100,34.9,36.1,158.0,19.7,29.0,5.6
2025-06-22 03:00:00,2025,6,22,3,Vĩnh Long,Xã An Ngãi Trung,10.0916931,106.5448581,92,Moderate,1,24.4,96,2.4,12.8,238,1008.2,100,28.2,29.2,146.0,17.4,33.0,4.8
2025-06-22 04:00:00,2025,6,22,4,Vĩnh Long,Xã An Ngãi Trung,10.0916931,106.5448581,90,Moderate,1,24.2,96,1.5,12.3,232,1008.3,100,27.9,28.6,140.0,15.6,36.0,4.4
2025-06-22 05:00:00,2025,6,22,5,Vĩnh Long,Xã An Ngãi Trung,10.0916931,106.5448581,89,Moderate,1,24.3,96,0.4,10.2,231,1008.8,100,30.3,30.9,148.0,14.8,37.0,4.5
2025-06-22 06:00:00,2025,6,22,6,Vĩnh Long,Xã An Ngãi Trung,10.0916931,106.5448581,87,Moderate,1,24.1,96,0.7,15.3,227,1008.8,100,30.0,30.6,164.0,14.4,37.0,4.9
2025-06-22 07:00:00,2025,6,22,7,Vĩnh Long,Xã An Ngãi Trung,10.0916931,106.5448581,86,Moderate,1,24.4,95,0.5,13.3,230,1009.4,100,33.5,34.1,172.0,16.1,35.0,6.1
2025-06-22 08:00:00,2025,6,22,8,Vĩnh Long,Xã An Ngãi Trung,10.0916931,106.5448581,86,Moderate,1,26.0,88,0.0,18.6,237,1010.0,100,22.4,23.2,165.0,14.4,41.0,6.2
2025-06-22 09:00:00,2025,6,22,9,Vĩnh Long,Xã An Ngãi Trung,10.0916931,106.5448581,85,Moderate,1,26.8,83,0.0,19.6,241,1010.2,100,24.3,25.3,150.0,11.9,49.0,6.3
2025-06-22 10:00:00,2025,6,22,10,Vĩnh Long,Xã An Ngãi Trung,10.0916931,106.5448581,85,Moderate,1,27.4,82,0.1,15.9,245,1010.1,100,21.7,22.8,140.0,9.5,58.0,6.3
2025-06-22 11:00:00,2025,6,22,11,Vĩnh Long,Xã An Ngãi Trung,10.0916931,106.5448581,85,Moderate,1,26.9,84,0.7,17.7,245,1009.8,100,17.2,18.6,140.0,7.0,68.0,6.0
2025-06-22 12:00:00,2025,6,22,12,Vĩnh Long,Xã An Ngãi Trung,10.0916931,106.5448581,85,Moderate,1,28.2,80,0.1,17.2,257,1008.8,100,13.7,14.8,145.0,4.5,79.0,5.5
2025-06-22 13:00:00,2025,6,22,13,Vĩnh Long,Xã An Ngãi Trung,10.0916931,106.5448581,84,Moderate,1,29.2,74,0.1,20.1,254,1007.7,100,12.9,13.5,148.0,3.2,86.0,5.3
2025-06-22 14:00:00,2025,6,22,14,Vĩnh Long,Xã An Ngãi Trung,10.0916931,106.5448581,84,Moderate,1,29.2,74,0.0,18.0,246,1006.8,100,13.3,13.6,146.0,3.7,86.0,5.4
2025-06-22 15:00:00,2025,6,22,15,Vĩnh Long,Xã An Ngãi Trung,10.0916931,106.5448581,83,Moderate,1,28.5,78,0.5,19.3,236,1006.2,100,16.2,16.6,143.0,5.4,82.0,5.8
2025-06-22 16:00:00,2025,6,22,16,Vĩnh Long,Xã An Ngãi Trung,10.0916931,106.5448581,83,Moderate,1,27.9,80,0.0,14.2,250,1006.2,100,20.1,20.8,146.0,7.9,76.0,6.2
2025-06-22 17:00:00,2025,6,22,17,Vĩnh Long,Xã An Ngãi Trung,10.0916931,106.5448581,83,Moderate,1,28.2,78,0.0,13.5,258,1006.5,100,24.2,25.2,160.0,11.3,67.0,6.7
2025-06-22 18:00:00,2025,6,22,18,Vĩnh Long,Xã An Ngãi Trung,10.0916931,106.5448581,83,Moderate,1,27.4,81,0.0,8.5,264,1007.4,100,27.2,28.2,181.0,15.6,55.0,7.4
2025-06-22 19:00:00,2025,6,22,19,Vĩnh Long,Xã An Ngãi Trung,10.0916931,106.5448581,82,Moderate,1,26.8,84,0.0,6.8,259,1008.0,100,37.8,39.2,202.0,20.4,51.0,9.3
2025-06-22 20:00:00,2025,6,22,20,Vĩnh Long,Xã An Ngãi Trung,10.0916931,106.5448581,82,Moderate,1,26.0,88,0.0,7.7,252,1008.6,100,43.0,44.4,225.0,22.1,45.0,9.7
2025-06-22 21:00:00,2025,6,22,21,Vĩnh Long,Xã An Ngãi Trung,10.0916931,106.5448581,83,Moderate,1,25.4,92,0.0,6.9,231,1009.4,100,54.2,55.6,249.0,24.4,37.0,10.1
2025-06-22 22:00:00,2025,6,22,22,Vĩnh Long,Xã An Ngãi Trung,10.0916931,106.5448581,85,Moderate,1,25.2,93,0.0,7.3,226,1009.7,100,48.9,50.1,259.0,26.1,31.0,10.2
2025-06-22 23:00:00,2025,6,22,23,Vĩnh Long,Xã An Ngãi Trung,10.0916931,106.5448581,87,Moderate,1,25.0,93,0.0,6.9,231,1009.9,100,44.7,45.9,245.0,26.8,28.0,9.4
2025-06-23 00:00:00,2025,6,23,0,Vĩnh Long,Xã An Ngãi Trung,10.0916931,106.5448581,87,Moderate,1,24.8,94,0.0,7.8,233,1009.4,99,48.3,49.6,219.0,26.8,25.0,8.3
2025-06-23 01:00:00,2025,6,23,1,Vĩnh Long,Xã An Ngãi Trung,10.0916931,106.5448581,88,Moderate,1,24.9,93,0.0,7.3,230,1009.0,100,51.6,53.0,197.0,26.6,24.0,7.3
2025-06-23 02:00:00,2025,6,23,2,Vĩnh Long,Xã An Ngãi Trung,10.0916931,106.5448581,89,Moderate,1,25.0,93,0.0,6.2,224,1008.4,100,50.5,52.2,188.0,26.1,23.0,6.8
2025-06-23 03:00:00,2025,6,23,3,Vĩnh Long,Xã An Ngãi Trung,10.0916931,106.5448581,90,Moderate,1,24.8,94,0.0,6.6,233,1008.0,100,49.0,50.8,184.0,25.3,22.0,6.5
2025-06-23 04:00:00,2025,6,23,4,Vĩnh Long,Xã An Ngãi Trung,10.0916931,106.5448581,92,Moderate,1,24.8,94,0.0,7.8,228,1008.0,100,47.0,48.8,183.0,24.1,22.0,6.4
2025-06-23 05:00:00,2025,6,23,5,Vĩnh Long,Xã An Ngãi Trung,10.0916931,106.5448581,94,Moderate,1,24.8,94,0.0,9.8,238,1008.2,96,46.2,48.0,187.0,22.7,21.0,6.7
2025-06-23 06:00:00,2025,6,23,6,Vĩnh Long,Xã An Ngãi Trung,10.0916931,106.5448581,95,Moderate,1,24.8,94,0.0,11.1,250,1008.6,37,47.6,49.5,195.0,21.0,21.0,7.3
2025-06-23 07:00:00,2025,6,23,7,Vĩnh Long,Xã An Ngãi Trung,10.0916931,106.5448581,97,Moderate,1,25.8,89,0.0,13.2,250,1008.9,93,48.0,50.2,195.0,16.7,30.0,6.8
2025-06-23 08:00:00,2025,6,23,8,Vĩnh Long,Xã An Ngãi Trung,10.0916931,106.5448581,98,Moderate,1,27.5,82,0.0,11.5,250,1009.1,96,32.5,35.2,181.0,13.4,42.0,6.7
2025-06-23 09:00:00,2025,6,23,9,Vĩnh Long,Xã An Ngãi Trung,10.0916931,106.5448581,99,Moderate,1,28.8,77,0.1,12.0,261,1009.4,95,24.7,27.8,159.0,8.7,59.0,6.7
2025-06-23 10:00:00,2025,6,23,10,Vĩnh Long,Xã An Ngãi Trung,10.0916931,106.5448581,99,Moderate,1,29.3,76,0.0,13.5,266,1009.2,85,22.0,25.2,144.0,5.1,75.0,6.7
2025-06-23 11:00:00,2025,6,23,11,Vĩnh Long,Xã An Ngãi Trung,10.0916931,106.5448581,99,Moderate,1,30.4,70,0.1,14.8,270,1008.5,91,22.6,25.8,140.0,3.3,92.0,7.0
2025-06-23 12:00:00,2025,6,23,12,Vĩnh Long,Xã An Ngãi Trung,10.0916931,106.5448581,99,Moderate,1,30.6,68,0.1,17.5,272,1007.7,98,22.2,24.0,142.0,2.6,108.0,7.4
2025-06-23 13:00:00,2025,6,23,13,Vĩnh Long,Xã An Ngãi Trung,10.0916931,106.5448581,100,Moderate,1,30.7,72,0.0,15.5,270,1006.7,98,22.0,23.1,145.0,2.6,116.0,7.6
2025-06-23 14:00:00,2025,6,23,14,Vĩnh Long,Xã An Ngãi Trung,10.0916931,106.5448581,101,Unhealthy for Sensitive Groups,2,30.3,72,0.0,14.4,266,1005.7,98,20.5,21.4,144.0,3.2,109.0,7.3
2025-06-23 15:00:00,2025,6,23,15,Vĩnh Long,Xã An Ngãi Trung,10.0916931,106.5448581,102,Unhealthy for Sensitive Groups,2,28.8,80,1.2,11.6,255,1005.3,99,20.7,21.3,143.0,4.5,93.0,6.7
2025-06-23 16:00:00,2025,6,23,16,Vĩnh Long,Xã An Ngãi Trung,10.0916931,106.5448581,102,Unhealthy for Sensitive Groups,2,28.7,78,0.0,14.0,257,1005.2,99,21.0,21.6,151.0,7.2,78.0,6.7
2025-06-23 17:00:00,2025,6,23,17,Vĩnh Long,Xã An Ngãi Trung,10.0916931,106.5448581,103,Unhealthy for Sensitive Groups,2,28.4,79,0.1,11.8,246,1005.2,100,23.7,24.6,176.0,12.2,66.0,7.8
2025-06-23 18:00:00,2025,6,23,18,Vĩnh Long,Xã An Ngãi Trung,10.0916931,106.5448581,102,Unhealthy for Sensitive Groups,2,27.9,83,0.0,9.7,251,1006.1,100,32.4,33.5,209.0,18.6,55.0,9.3
2025-06-23 19:00:00,2025,6,23,19,Vĩnh Long,Xã An Ngãi Trung,10.0916931,106.5448581,103,Unhealthy for Sensitive Groups,2,27.0,85,0.0,7.5,259,1006.8,100,51.6,53.4,234.0,26.8,47.0,10.9
2025-06-23 20:00:00,2025,6,23,20,Vĩnh Long,Xã An Ngãi Trung,10.0916931,106.5448581,104,Unhealthy for Sensitive Groups,2,26.3,90,0.2,3.1,257,1007.7,100,61.7,63.6,243.0,29.2,40.0,11.5
2025-06-23 21:00:00,2025,6,23,21,Vĩnh Long,Xã An Ngãi Trung,10.0916931,106.5448581,106,Unhealthy for Sensitive Groups,2,26.1,92,0.0,3.6,237,1008.5,100,65.2,67.1,243.0,32.2,30.0,12.2
2025-06-23 22:00:00,2025,6,23,22,Vĩnh Long,Xã An Ngãi Trung,10.0916931,106.5448581,108,Unhealthy for Sensitive Groups,2,25.9,93,0.0,4.8,233,1009.0,98,63.8,65.4,238.0,32.8,24.0,12.2
2025-06-23 23:00:00,2025,6,23,23,Vĩnh Long,Xã An Ngãi Trung,10.0916931,106.5448581,109,Unhealthy for Sensitive Groups,2,25.9,92,0.0,7.6,243,1009.3,100,54.5,56.2,228.0,28.7,26.0,10.9
2025-06-24 00:00:00,2025,6,24,0,Vĩnh Long,Xã An Ngãi Trung,10.0916931,106.5448581,110,Unhealthy for Sensitive Groups,2,25.5,92,0.0,8.4,247,1008.7,99,40.0,41.8,214.0,22.2,33.0,8.9
2025-06-24 01:00:00,2025,6,24,1,Vĩnh Long,Xã An Ngãi Trung,10.0916931,106.5448581,109,Unhealthy for Sensitive Groups,2,25.4,91,0.0,10.0,253,1008.2,100,29.0,30.5,202.0,17.1,38.0,7.3
2025-06-24 02:00:00,2025,6,24,2,Vĩnh Long,Xã An Ngãi Trung,10.0916931,106.5448581,107,Unhealthy for Sensitive Groups,2,25.3,91,0.0,13.1,252,1008.0,100,22.1,23.1,194.0,15.2,40.0,6.5
2025-06-24 03:00:00,2025,6,24,3,Vĩnh Long,Xã An Ngãi Trung,10.0916931,106.5448581,104,Unhealthy for Sensitive Groups,2,25.0,93,0.0,11.5,248,1007.1,100,21.4,22.2,190.0,14.8,41.0,6.1
2025-06-24 04:00:00,2025,6,24,4,Vĩnh Long,Xã An Ngãi Trung,10.0916931,106.5448581,101,Unhealthy for Sensitive Groups,2,24.9,94,0.0,12.0,242,1007.4,100,23.5,24.2,189.0,14.5,41.0,5.9
2025-06-24 05:00:00,2025,6,24,5,Vĩnh Long,Xã An Ngãi Trung,10.0916931,106.5448581,99,Moderate,1,24.8,94,0.0,13.4,237,1007.4,100,25.9,26.8,198.0,14.2,40.0,6.0
2025-06-24 06:00:00,2025,6,24,6,Vĩnh Long,Xã An Ngãi Trung,10.0916931,106.5448581,97,Moderate,1,24.8,94,0.0,11.8,243,1008.0,100,30.0,31.1,212.0,14.1,39.0,6.3
2025-06-24 07:00:00,2025,6,24,7,Vĩnh Long,Xã An Ngãi Trung,10.0916931,106.5448581,95,Moderate,1,25.9,90,0.0,16.0,244,1008.8,100,35.0,36.8,216.0,15.6,35.0,6.9
2025-06-24 08:00:00,2025,6,24,8,Vĩnh Long,Xã An Ngãi Trung,10.0916931,106.5448581,94,Moderate,1,26.5,89,0.0,11.3,241,1008.2,100,27.3,29.8,199.0,12.5,45.0,6.7
2025-06-24 09:00:00,2025,6,24,9,Vĩnh Long,Xã An Ngãi Trung,10.0916931,106.5448581,94,Moderate,1,27.3,85,0.0,15.3,249,1008.5,100,21.1,24.5,171.0,8.3,59.0,6.3
2025-06-24 10:00:00,2025,6,24,10,Vĩnh Long,Xã An Ngãi Trung,10.0916931,106.5448581,94,Moderate,1,29.1,76,0.1,16.8,260,1008.5,100,20.0,24.2,150.0,5.1,70.0,6.0
2025-06-24 11:00:00,2025,6,24,11,Vĩnh Long,Xã An Ngãi Trung,10.0916931,106.5448581,93,Moderate,1,30.0,72,0.1,16.3,260,1008.2,100,21.0,25.7,144.0,3.7,76.0,5.5
2025-06-24 12:00:00,2025,6,24,12,Vĩnh Long,Xã An Ngãi Trung,10.0916931,106.5448581,93,Moderate,1,29.5,79,4.4,10.8,238,1008.0,100,18.7,23.1,145.0,3.4,80.0,5.1
2025-06-24 13:00:00,2025,6,24,13,Vĩnh Long,Xã An Ngãi Trung,10.0916931,106.5448581,93,Moderate,1,26.1,88,6.9,15.5,244,1008.0,100,17.8,21.5,147.0,3.9,81.0,5.0
2025-06-24 14:00:00,2025,6,24,14,Vĩnh Long,Xã An Ngãi Trung,10.0916931,106.5448581,93,Moderate,1,25.9,92,0.6,10.0,242,1006.4,100,19.1,21.8,147.0,5.3,78.0,5.7
2025-06-24 15:00:00,2025,6,24,15,Vĩnh Long,Xã An Ngãi Trung,10.0916931,106.5448581,92,Moderate,1,27.5,88,0.3,12.5,240,1005.7,100,22.1,24.6,150.0,7.5,72.0,6.7
2025-06-24 16:00:00,2025,6,24,16,Vĩnh Long,Xã An Ngãi Trung,10.0916931,106.5448581,93,Moderate,1,27.6,87,0.2,13.6,253,1005.1,100,25.4,27.8,159.0,9.9,66.0,7.7
2025-06-24 17:00:00,2025,6,24,17,Vĩnh Long,Xã An Ngãi Trung,10.0916931,106.5448581,93,Moderate,1,27.3,87,0.0,10.7,257,1005.9,100,28.8,31.2,183.0,12.4,60.0,8.3
2025-06-24 18:00:00,2025,6,24,18,Vĩnh Long,Xã An Ngãi Trung,10.0916931,106.5448581,93,Moderate,1,26.8,88,0.0,7.7,259,1006.7,100,31.7,34.1,214.0,15.1,53.0,8.9
2025-06-24 19:00:00,2025,6,24,19,Vĩnh Long,Xã An Ngãi Trung,10.0916931,106.5448581,93,Moderate,1,26.1,90,0.0,7.0,244,1007.2,100,29.7,33.1,237.0,16.2,43.0,8.1
2025-06-24 20:00:00,2025,6,24,20,Vĩnh Long,Xã An Ngãi Trung,10.0916931,106.5448581,91,Moderate,1,26.8,90,0.0,7.8,255,1007.7,100,32.9,36.7,243.0,18.5,37.0,8.8
2025-06-24 21:00:00,2025,6,24,21,Vĩnh Long,Xã An Ngãi Trung,10.0916931,106.5448581,89,Moderate,1,26.5,88,0.0,7.6,258,1008.3,96,38.4,42.1,241.0,21.8,29.0,9.9
2025-06-24 22:00:00,2025,6,24,22,Vĩnh Long,Xã An Ngãi Trung,10.0916931,106.5448581,86,Moderate,1,26.0,88,0.0,6.8,252,1008.9,87,44.2,48.0,236.0,24.5,23.0,10.4
2025-06-24 23:00:00,2025,6,24,23,Vĩnh Long,Xã An Ngãi Trung,10.0916931,106.5448581,85,Moderate,1,25.8,89,0.0,8.0,234,1008.9,85,50.3,53.9,229.0,26.2,19.0,10.1
2025-06-25 00:00:00,2025,6,25,0,Vĩnh Long,Xã An Ngãi Trung,10.0916931,106.5448581,84,Moderate,1,25.4,90,0.0,7.5,233,1008.6,100,53.4,56.9,219.0,27.3,17.0,9.4
2025-06-25 01:00:00,2025,6,25,1,Vĩnh Long,Xã An Ngãi Trung,10.0916931,106.5448581,86,Moderate,1,25.2,90,0.0,8.7,230,1007.8,98,52.6,56.1,209.0,27.6,16.0,8.6
2025-06-25 02:00:00,2025,6,25,2,Vĩnh Long,Xã An Ngãi Trung,10.0916931,106.5448581,88,Moderate,1,25.0,91,0.0,8.3,236,1007.4,99,49.8,53.2,196.0,26.7,17.0,7.8
2025-06-25 03:00:00,2025,6,25,3,Vĩnh Long,Xã An Ngãi Trung,10.0916931,106.5448581,90,Moderate,1,24.9,92,0.0,7.9,229,1007.1,98,47.0,50.5,181.0,25.0,19.0,7.0
2025-06-25 04:00:00,2025,6,25,4,Vĩnh Long,Xã An Ngãi Trung,10.0916931,106.5448581,92,Moderate,1,24.7,92,0.0,9.8,234,1007.2,99,46.0,49.4,176.0,23.2,21.0,6.5
2025-06-25 05:00:00,2025,6,25,5,Vĩnh Long,Xã An Ngãi Trung,10.0916931,106.5448581,94,Moderate,1,24.8,92,0.0,11.1,236,1007.6,100,46.1,49.5,189.0,21.9,21.0,6.7
2025-06-25 06:00:00,2025,6,25,6,Vĩnh Long,Xã An Ngãi Trung,10.0916931,106.5448581,96,Moderate,1,25.1,92,0.0,11.1,241,1008.1,99,47.3,50.8,211.0,20.4,22.0,7.2
2025-06-25 07:00:00,2025,6,25,7,Vĩnh Long,Xã An Ngãi Trung,10.0916931,106.5448581,98,Moderate,1,26.4,90,0.0,10.1,243,1008.8,100,41.7,45.1,221.0,16.1,30.0,6.3
2025-06-25 08:00:00,2025,6,25,8,Vĩnh Long,Xã An Ngãi Trung,10.0916931,106.5448581,98,Moderate,1,27.5,87,0.0,9.2,239,1009.3,100,35.3,39.8,206.0,12.9,42.0,6.4
2025-06-25 09:00:00,2025,6,25,9,Vĩnh Long,Xã An Ngãi Trung,10.0916931,106.5448581,99,Moderate,1,29.2,77,0.1,15.4,238,1009.8,94,26.3,31.9,178.0,8.6,59.0,6.5
2025-06-25 10:00:00,2025,6,25,10,Vĩnh Long,Xã An Ngãi Trung,10.0916931,106.5448581,99,Moderate,1,30.2,74,0.1,15.3,242,1009.2,94,23.4,29.4,158.0,5.1,74.0,6.5
2025-06-25 11:00:00,2025,6,25,11,Vĩnh Long,Xã An Ngãi Trung,10.0916931,106.5448581,100,Moderate,1,27.7,83,3.5,15.2,263,1009.5,95,23.0,29.3,153.0,3.2,87.0,6.4
2025-06-25 12:00:00,2025,6,25,12,Vĩnh Long,Xã An Ngãi Trung,10.0916931,106.5448581,100,Moderate,1,27.4,83,0.2,12.3,263,1008.7,90,22.9,29.3,155.0,2.3,99.0,6.3
2025-06-25 13:00:00,2025,6,25,13,Vĩnh Long,Xã An Ngãi Trung,10.0916931,106.5448581,100,Moderate,1,29.6,78,0.2,13.0,259,1007.4,31,21.7,27.1,156.0,2.4,103.0,6.1
2025-06-25 14:00:00,2025,6,25,14,Vĩnh Long,Xã An Ngãi Trung,10.0916931,106.5448581,101,Unhealthy for Sensitive Groups,2,30.5,75,0.2,10.9,258,1006.6,100,21.5,25.7,148.0,3.5,96.0,5.8
2025-06-25 15:00:00,2025,6,25,15,Vĩnh Long,Xã An Ngãi Trung,10.0916931,106.5448581,101,Unhealthy for Sensitive Groups,2,30.8,72,0.1,9.8,250,1005.3,100,22.3,25.9,140.0,5.6,81.0,5.5
2025-06-25 16:00:00,2025,6,25,16,Vĩnh Long,Xã An Ngãi Trung,10.0916931,106.5448581,101,Unhealthy for Sensitive Groups,2,26.4,89,2.0,18.0,258,1006.7,100,25.8,29.0,143.0,9.1,67.0,5.7
2025-06-25 17:00:00,2025,6,25,17,Vĩnh Long,Xã An Ngãi Trung,10.0916931,106.5448581,101,Unhealthy for Sensitive Groups,2,25.8,91,1.1,10.6,251,1007.1,100,28.9,31.9,168.0,14.8,54.0,6.9
2025-06-25 18:00:00,2025,6,25,18,Vĩnh Long,Xã An Ngãi Trung,10.0916931,106.5448581,101,Unhealthy for Sensitive Groups,2,25.6,94,0.2,5.8,266,1006.9,100,36.6,39.1,205.0,21.8,42.0,8.7
2025-06-25 19:00:00,2025,6,25,19,Vĩnh Long,Xã An Ngãi Trung,10.0916931,106.5448581,102,Unhealthy for Sensitive Groups,2,25.1,96,0.0,3.1,273,1008.0,100,85.7,90.6,240.0,41.7,27.0,12.4
2025-06-25 20:00:00,2025,6,25,20,Vĩnh Long,Xã An Ngãi Trung,10.0916931,106.5448581,107,Unhealthy for Sensitive Groups,2,26.1,93,0.0,5.4,255,1008.5,100,106.6,111.1,271.0,44.4,24.0,14.2
2025-06-25 21:00:00,2025,6,25,21,Vĩnh Long,Xã An Ngãi Trung,10.0916931,106.5448581,115,Unhealthy for Sensitive Groups,2,25.7,94,0.0,3.8,262,1008.9,100,127.6,132.7,300.0,47.8,20.0,16.5
2025-06-25 22:00:00,2025,6,25,22,Vĩnh Long,Xã An Ngãi Trung,10.0916931,106.5448581,124,Unhealthy for Sensitive Groups,2,25.5,95,0.0,4.9,268,1009.4,100,107.3,113.2,314.0,49.1,17.0,17.5
2025-06-25 23:00:00,2025,6,25,23,Vĩnh Long,Xã An Ngãi Trung,10.0916931,106.5448581,131,Unhealthy for Sensitive Groups,2,25.5,96,0.1,5.1,262,1009.2,100,98.7,103.6,304.0,46.3,14.0,15.9
2025-06-26 00:00:00,2025,6,26,0,Vĩnh Long,Xã An Ngãi Trung,10.0916931,106.5448581,136,Unhealthy for Sensitive Groups,2,25.3,96,0.0,5.0,229,1009.1,100,84.8,88.9,280.0,41.3,12.0,12.9
2025-06-26 01:00:00,2025,6,26,1,Vĩnh Long,Xã An Ngãi Trung,10.0916931,106.5448581,139,Unhealthy for Sensitive Groups,2,25.3,96,0.0,7.9,235,1008.7,99,74.0,78.2,256.0,36.5,12.0,10.4
2025-06-26 02:00:00,2025,6,26,2,Vĩnh Long,Xã An Ngãi Trung,10.0916931,106.5448581,141,Unhealthy for Sensitive Groups,2,25.1,96,0.0,8.9,230,1008.3,100,65.4,69.6,235.0,32.7,14.0,8.9
2025-06-26 03:00:00,2025,6,26,3,Vĩnh Long,Xã An Ngãi Trung,10.0916931,106.5448581,143,Unhealthy for Sensitive Groups,2,25.0,96,0.0,8.2,230,1007.7,100,58.3,62.9,213.0,29.1,18.0,7.9
2025-06-26 04:00:00,2025,6,26,4,Vĩnh Long,Xã An Ngãi Trung,10.0916931,106.5448581,144,Unhealthy for Sensitive Groups,2,25.1,95,0.0,9.7,230,1007.2,100,53.9,58.4,198.0,26.0,21.0,7.2
2025-06-26 05:00:00,2025,6,26,5,Vĩnh Long,Xã An Ngãi Trung,10.0916931,106.5448581,145,Unhealthy for Sensitive Groups,2,25.1,95,0.0,9.2,235,1007.7,100,50.2,54.8,193.0,24.0,22.0,7.1
2025-06-26 06:00:00,2025,6,26,6,Vĩnh Long,Xã An Ngãi Trung,10.0916931,106.5448581,146,Unhealthy for Sensitive Groups,2,25.1,96,0.0,9.0,250,1008.6,100,47.1,51.8,195.0,22.4,22.0,7.4
2025-06-26 07:00:00,2025,6,26,7,Vĩnh Long,Xã An Ngãi Trung,10.0916931,106.5448581,146,Unhealthy for Sensitive Groups,2,25.9,93,0.1,9.2,264,1008.9,100,63.8,68.2,196.0,24.3,22.0,7.7
2025-06-26 08:00:00,2025,6,26,8,Vĩnh Long,Xã An Ngãi Trung,10.0916931,106.5448581,148,Unhealthy for Sensitive Groups,2,27.6,83,1.1,11.5,226,1009.6,100,51.2,57.3,195.0,19.7,34.0,7.4
2025-06-26 09:00:00,2025,6,26,9,Vĩnh Long,Xã An Ngãi Trung,10.0916931,106.5448581,149,Unhealthy for Sensitive Groups,2,28.0,86,0.2,10.2,234,1009.9,100,35.2,42.8,194.0,13.3,51.0,6.9
2025-06-26 10:00:00,2025,6,26,10,Vĩnh Long,Xã An Ngãi Trung,10.0916931,106.5448581,150,Unhealthy for Sensitive Groups,2,27.0,86,5.2,10.6,238,1010.0,100,28.6,35.0,192.0,8.2,66.0,6.4
2025-06-26 11:00:00,2025,6,26,11,Vĩnh Long,Xã An Ngãi Trung,10.0916931,106.5448581,150,Unhealthy for Sensitive Groups,2,28.1,83,0.2,7.8,236,1009.4,100,26.3,32.8,187.0,5.3,79.0,5.8
2025-06-26 12:00:00,2025,6,26,12,Vĩnh Long,Xã An Ngãi Trung,10.0916931,106.5448581,150,Unhealthy for Sensitive Groups,2,29.4,79,0.2,11.4,242,1008.8,100,21.7,27.8,181.0,3.6,90.0,5.2
2025-06-26 13:00:00,2025,6,26,13,Vĩnh Long,Xã An Ngãi Trung,10.0916931,106.5448581,150,Unhealthy for Sensitive Groups,2,29.6,77,0.1,11.7,245,1007.7,100,19.6,24.4,180.0,3.1,95.0,4.8
2025-06-26 14:00:00,2025,6,26,14,Vĩnh Long,Xã An Ngãi Trung,10.0916931,106.5448581,150,Unhealthy for Sensitive Groups,2,26.8,83,9.7,20.5,249,1008.0,100,19.1,22.8,185.0,4.0,91.0,4.6
2025-06-26 15:00:00,2025,6,26,15,Vĩnh Long,Xã An Ngãi Trung,10.0916931,106.5448581,150,Unhealthy for Sensitive Groups,2,25.6,94,1.5,10.2,234,1007.7,100,21.9,25.2,195.0,6.2,82.0,4.5
2025-06-26 16:00:00,2025,6,26,16,Vĩnh Long,Xã An Ngãi Trung,10.0916931,106.5448581,150,Unhealthy for Sensitive Groups,2,25.8,94,0.8,9.3,246,1007.0,99,25.4,27.9,213.0,9.0,73.0,4.8
2025-06-26 17:00:00,2025,6,26,17,Vĩnh Long,Xã An Ngãi Trung,10.0916931,106.5448581,150,Unhealthy for Sensitive Groups,2,26.4,91,0.2,11.0,235,1007.1,100,34.2,36.1,243.0,12.6,65.0,5.6
2025-06-26 18:00:00,2025,6,26,18,Vĩnh Long,Xã An Ngãi Trung,10.0916931,106.5448581,150,Unhealthy for Sensitive Groups,2,26.0,95,0.1,6.6,223,1007.7,100,34.6,36.6,281.0,16.9,57.0,6.7
2025-06-26 19:00:00,2025,6,26,19,Vĩnh Long,Xã An Ngãi Trung,10.0916931,106.5448581,150,Unhealthy for Sensitive Groups,2,25.5,96,0.0,3.8,211,1008.4,100,34.7,36.6,313.0,18.8,47.0,7.5
2025-06-26 20:00:00,2025,6,26,20,Vĩnh Long,Xã An Ngãi Trung,10.0916931,106.5448581,146,Unhealthy for Sensitive Groups,2,25.8,95,0.9,7.1,251,1009.5,100,38.2,40.0,338.0,20.7,43.0,8.2
2025-06-26 21:00:00,2025,6,26,21,Vĩnh Long,Xã An Ngãi Trung,10.0916931,106.5448581,139,Unhealthy for Sensitive Groups,2,25.5,96,0.4,7.3,250,1009.9,100,44.1,46.4,357.0,23.4,37.0,9.2
2025-06-26 22:00:00,2025,6,26,22,Vĩnh Long,Xã An Ngãi Trung,10.0916931,106.5448581,130,Unhealthy for Sensitive Groups,2,25.4,96,0.3,5.2,245,1010.3,100,49.4,51.9,368.0,25.5,32.0,9.7
2025-06-26 23:00:00,2025,6,26,23,Vĩnh Long,Xã An Ngãi Trung,10.0916931,106.5448581,124,Unhealthy for Sensitive Groups,2,25.3,96,0.2,2.7,233,1010.0,100,52.6,55.3,366.0,26.4,30.0,9.4
2025-06-27 00:00:00,2025,6,27,0,Vĩnh Long,Xã An Ngãi Trung,10.0916931,106.5448581,119,Unhealthy for Sensitive Groups,2,25.1,97,0.1,3.4,205,1010.0,100,53.2,56.2,356.0,26.7,31.0,8.6
2025-06-27 01:00:00,2025,6,27,1,Vĩnh Long,Xã An Ngãi Trung,10.0916931,106.5448581,116,Unhealthy for Sensitive Groups,2,25.1,96,0.0,5.9,232,1009.0,97,57.6,61.2,342.0,26.9,31.0,8.0
2025-06-27 02:00:00,2025,6,27,2,Vĩnh Long,Xã An Ngãi Trung,10.0916931,106.5448581,114,Unhealthy for Sensitive Groups,2,25.0,96,0.0,5.4,228,1008.3,99,60.3,64.0,324.0,27.1,32.0,7.7
2025-06-27 03:00:00,2025,6,27,3,Vĩnh Long,Xã An Ngãi Trung,10.0916931,106.5448581,113,Unhealthy for Sensitive Groups,2,24.7,97,0.0,9.1,207,1008.2,97,60.3,64.5,302.0,27.2,33.0,7.6
2025-06-27 04:00:00,2025,6,27,4,Vĩnh Long,Xã An Ngãi Trung,10.0916931,106.5448581,114,Unhealthy for Sensitive Groups,2,24.2,97,0.0,4.2,230,1007.5,55,61.9,66.4,288.0,26.9,34.0,7.6
2025-06-27 05:00:00,2025,6,27,5,Vĩnh Long,Xã An Ngãi Trung,10.0916931,106.5448581,114,Unhealthy for Sensitive Groups,2,24.4,98,0.0,5.5,199,1007.8,57,66.1,70.5,291.0,26.7,33.0,7.7
2025-06-27 06:00:00,2025,6,27,6,Vĩnh Long,Xã An Ngãi Trung,10.0916931,106.5448581,116,Unhealthy for Sensitive Groups,2,24.6,98,0.0,4.5,217,1008.1,86,71.9,76.1,302.0,26.2,33.0,8.0
2025-06-27 07:00:00,2025,6,27,7,Vĩnh Long,Xã An Ngãi Trung,10.0916931,106.5448581,119,Unhealthy for Sensitive Groups,2,25.8,96,0.0,6.2,234,1009.0,35,88.2,91.7,302.0,27.3,36.0,9.1
2025-06-27 08:00:00,2025,6,27,8,Vĩnh Long,Xã An Ngãi Trung,10.0916931,106.5448581,121,Unhealthy for Sensitive Groups,2,27.6,91,0.0,6.1,212,1008.9,26,52.7,57.4,279.0,20.8,59.0,8.2
2025-06-27 09:00:00,2025,6,27,9,Vĩnh Long,Xã An Ngãi Trung,10.0916931,106.5448581,121,Unhealthy for Sensitive Groups,2,29.2,79,0.0,11.5,222,1009.1,40,37.1,39.8,246.0,11.8,90.0,7.0
2025-06-27 10:00:00,2025,6,27,10,Vĩnh Long,Xã An Ngãi Trung,10.0916931,106.5448581,122,Unhealthy for Sensitive Groups,2,30.5,71,0.0,12.7,235,1009.2,95,26.4,28.6,217.0,4.9,113.0,5.9
2025-06-27 11:00:00,2025,6,27,11,Vĩnh Long,Xã An Ngãi Trung,10.0916931,106.5448581,121,Unhealthy for Sensitive Groups,2,28.5,79,0.5,12.6,221,1009.5,100,21.7,24.1,199.0,2.2,120.0,5.0
2025-06-27 12:00:00,2025,6,27,12,Vĩnh Long,Xã An Ngãi Trung,10.0916931,106.5448581,121,Unhealthy for Sensitive Groups,2,29.9,72,0.1,11.2,229,1008.6,100,19.0,21.5,187.0,1.7,119.0,4.3
2025-06-27 13:00:00,2025,6,27,13,Vĩnh Long,Xã An Ngãi Trung,10.0916931,106.5448581,121,Unhealthy for Sensitive Groups,2,27.9,79,2.3,20.4,224,1008.6,100,17.6,20.3,179.0,2.0,115.0,3.8
2025-06-27 14:00:00,2025,6,27,14,Vĩnh Long,Xã An Ngãi Trung,10.0916931,106.5448581,120,Unhealthy for Sensitive Groups,2,26.8,86,0.2,13.2,225,1007.3,100,17.0,19.7,173.0,2.3,110.0,3.6
2025-06-27 15:00:00,2025,6,27,15,Vĩnh Long,Xã An Ngãi Trung,10.0916931,106.5448581,120,Unhealthy for Sensitive Groups,2,28.6,79,0.1,15.1,239,1006.6,100,19.3,22.2,172.0,3.4,102.0,3.6
2025-06-27 16:00:00,2025,6,27,16,Vĩnh Long,Xã An Ngãi Trung,10.0916931,106.5448581,120,Unhealthy for Sensitive Groups,2,28.8,79,0.1,12.8,246,1006.4,100,22.4,24.9,182.0,5.8,92.0,4.1
2025-06-27 17:00:00,2025,6,27,17,Vĩnh Long,Xã An Ngãi Trung,10.0916931,106.5448581,120,Unhealthy for Sensitive Groups,2,28.4,80,0.0,12.3,249,1006.5,77,23.1,24.9,209.0,10.5,78.0,5.4
2025-06-27 18:00:00,2025,6,27,18,Vĩnh Long,Xã An Ngãi Trung,10.0916931,106.5448581,118,Unhealthy for Sensitive Groups,2,27.5,84,0.0,7.9,257,1006.9,90,28.6,30.2,246.0,16.6,61.0,7.2
2025-06-27 19:00:00,2025,6,27,19,Vĩnh Long,Xã An Ngãi Trung,10.0916931,106.5448581,118,Unhealthy for Sensitive Groups,2,26.2,90,0.0,5.0,257,1007.4,94,48.2,50.3,280.0,21.4,65.0,10.1
2025-06-27 20:00:00,2025,6,27,20,Vĩnh Long,Xã An Ngãi Trung,10.0916931,106.5448581,119,Unhealthy for Sensitive Groups,2,26.3,93,0.0,4.4,263,1007.9,95,63.3,65.9,309.0,26.7,55.0,11.8
2025-06-27 21:00:00,2025,6,27,21,Vĩnh Long,Xã An Ngãi Trung,10.0916931,106.5448581,122,Unhealthy for Sensitive Groups,2,26.2,93,0.0,5.4,264,1008.7,100,77.5,80.6,336.0,33.8,40.0,14.1
2025-06-27 22:00:00,2025,6,27,22,Vĩnh Long,Xã An Ngãi Trung,10.0916931,106.5448581,125,Unhealthy for Sensitive Groups,2,26.0,94,0.0,5.4,244,1009.0,5,82.0,85.2,351.0,38.1,30.0,15.4
2025-06-27 23:00:00,2025,6,27,23,Vĩnh Long,Xã An Ngãi Trung,10.0916931,106.5448581,129,Unhealthy for Sensitive Groups,2,25.7,95,0.0,6.1,238,1009.3,12,70.8,73.8,349.0,36.8,27.0,14.6
2025-06-28 00:00:00,2025,6,28,0,Vĩnh Long,Xã An Ngãi Trung,10.0916931,106.5448581,131,Unhealthy for Sensitive Groups,2,25.5,96,0.0,7.2,238,1009.1,3,63.1,66.4,335.0,32.7,29.0,12.8
2025-06-28 01:00:00,2025,6,28,1,Vĩnh Long,Xã An Ngãi Trung,10.0916931,106.5448581,132,Unhealthy for Sensitive Groups,2,25.3,96,0.0,7.5,230,1008.7,16,60.8,63.8,323.0,29.5,30.0,11.2
2025-06-28 02:00:00,2025,6,28,2,Vĩnh Long,Xã An Ngãi Trung,10.0916931,106.5448581,132,Unhealthy for Sensitive Groups,2,25.0,96,0.0,5.9,232,1008.4,19,62.2,65.2,317.0,29.2,29.0,10.2
2025-06-28 03:00:00,2025,6,28,3,Vĩnh Long,Xã An Ngãi Trung,10.0916931,106.5448581,132,Unhealthy for Sensitive Groups,2,24.8,97,0.0,4.9,237,1008.4,22,63.3,66.4,312.0,29.8,27.0,9.5
2025-06-28 04:00:00,2025,6,28,4,Vĩnh Long,Xã An Ngãi Trung,10.0916931,106.5448581,133,Unhealthy for Sensitive Groups,2,24.8,97,0.0,5.7,252,1008.2,29,63.6,66.8,305.0,29.2,28.0,9.0
2025-06-28 05:00:00,2025,6,28,5,Vĩnh Long,Xã An Ngãi Trung,10.0916931,106.5448581,133,Unhealthy for Sensitive Groups,2,24.9,97,0.0,8.5,252,1008.6,39,62.2,65.4,293.0,26.4,31.0,8.9
2025-06-28 06:00:00,2025,6,28,6,Vĩnh Long,Xã An Ngãi Trung,10.0916931,106.5448581,132,Unhealthy for Sensitive Groups,2,25.0,96,0.0,12.3,260,1008.5,78,54.0,57.4,278.0,22.3,37.0,9.0
2025-06-28 07:00:00,2025,6,28,7,Vĩnh Long,Xã An Ngãi Trung,10.0916931,106.5448581,130,Unhealthy for Sensitive Groups,2,25.9,91,0.0,11.4,258,1009.0,97,50.1,52.9,262.0,20.4,43.0,8.9
2025-06-28 08:00:00,2025,6,28,8,Vĩnh Long,Xã An Ngãi Trung,10.0916931,106.5448581,126,Unhealthy for Sensitive Groups,2,27.8,88,0.0,11.3,252,1009.3,19,30.0,33.6,242.0,15.7,60.0,7.9
2025-06-28 09:00:00,2025,6,28,9,Vĩnh Long,Xã An Ngãi Trung,10.0916931,106.5448581,124,Unhealthy for Sensitive Groups,2,28.9,81,0.0,12.3,248,1009.4,14,24.2,26.2,221.0,9.2,83.0,6.6
2025-06-28 10:00:00,2025,6,28,10,Vĩnh Long,Xã An Ngãi Trung,10.0916931,106.5448581,123,Unhealthy for Sensitive Groups,2,29.9,74,0.0,14.5,250,1009.0,20,21.7,23.7,206.0,4.3,100.0,5.6
2025-06-28 11:00:00,2025,6,28,11,Vĩnh Long,Xã An Ngãi Trung,10.0916931,106.5448581,122,Unhealthy for Sensitive Groups,2,26.5,84,4.3,22.3,268,1009.2,83,19.7,21.7,201.0,2.6,106.0,5.1
2025-06-28 12:00:00,2025,6,28,12,Vĩnh Long,Xã An Ngãi Trung,10.0916931,106.5448581,122,Unhealthy for Sensitive Groups,2,27.5,86,2.1,11.2,258,1008.6,49,18.9,21.2,202.0,2.6,106.0,4.8
2025-06-28 13:00:00,2025,6,28,13,Vĩnh Long,Xã An Ngãi Trung,10.0916931,106.5448581,122,Unhealthy for Sensitive Groups,2,29.6,80,0.2,11.7,252,1007.8,32,19.3,21.8,202.0,3.1,104.0,4.9
2025-06-28 14:00:00,2025,6,28,14,Vĩnh Long,Xã An Ngãi Trung,10.0916931,106.5448581,122,Unhealthy for Sensitive Groups,2,30.4,73,0.2,17.3,247,1006.8,89,20.3,22.1,194.0,3.3,102.0,5.2
2025-06-28 15:00:00,2025,6,28,15,Vĩnh Long,Xã An Ngãi Trung,10.0916931,106.5448581,123,Unhealthy for Sensitive Groups,2,28.6,75,0.8,20.4,262,1006.5,79,21.4,22.9,186.0,4.0,98.0,5.9
2025-06-28 16:00:00,2025,6,28,16,Vĩnh Long,Xã An Ngãi Trung,10.0916931,106.5448581,123,Unhealthy for Sensitive Groups,2,26.5,88,0.7,10.4,250,1005.9,18,22.5,23.9,188.0,6.1,91.0,6.8
2025-06-28 17:00:00,2025,6,28,17,Vĩnh Long,Xã An Ngãi Trung,10.0916931,106.5448581,123,Unhealthy for Sensitive Groups,2,26.9,89,0.2,6.6,241,1005.8,13,23.7,25.1,211.0,10.7,79.0,8.2
2025-06-28 18:00:00,2025,6,28,18,Vĩnh Long,Xã An Ngãi Trung,10.0916931,106.5448581,123,Unhealthy for Sensitive Groups,2,26.4,92,0.0,4.3,246,1005.7,28,29.9,31.4,245.0,16.7,65.0,9.8
2025-06-28 19:00:00,2025,6,28,19,Vĩnh Long,Xã An Ngãi Trung,10.0916931,106.5448581,123,Unhealthy for Sensitive Groups,2,25.4,96,0.0,3.7,223,1006.0,66,43.5,47.3,274.0,22.4,51.0,11.1
2025-06-28 20:00:00,2025,6,28,20,Vĩnh Long,Xã An Ngãi Trung,10.0916931,106.5448581,122,Unhealthy for Sensitive Groups,2,25.3,96,0.0,3.8,191,1006.7,77,46.9,50.4,295.0,23.6,45.0,11.4
2025-06-28 21:00:00,2025,6,28,21,Vĩnh Long,Xã An Ngãi Trung,10.0916931,106.5448581,121,Unhealthy for Sensitive Groups,2,25.1,96,0.0,5.0,210,1007.3,23,48.8,52.0,312.0,25.2,37.0,11.7
2025-06-28 22:00:00,2025,6,28,22,Vĩnh Long,Xã An Ngãi Trung,10.0916931,106.5448581,118,Unhealthy for Sensitive Groups,2,25.0,96,0.0,7.3,218,1007.8,4,49.4,52.4,318.0,26.2,30.0,11.6
2025-06-28 23:00:00,2025,6,28,23,Vĩnh Long,Xã An Ngãi Trung,10.0916931,106.5448581,114,Unhealthy for Sensitive Groups,2,25.0,96,0.0,8.9,223,1007.8,2,47.7,50.9,308.0,25.9,27.0,10.6
2025-06-29 00:00:00,2025,6,29,0,Vĩnh Long,Xã An Ngãi Trung,10.0916931,106.5448581,112,Unhealthy for Sensitive Groups,2,25.0,95,0.0,9.7,228,1007.6,17,45.5,48.8,287.0,24.9,27.0,9.2
2025-06-29 01:00:00,2025,6,29,1,Vĩnh Long,Xã An Ngãi Trung,10.0916931,106.5448581,110,Unhealthy for Sensitive Groups,2,24.9,95,0.0,10.0,229,1007.2,11,44.9,48.3,265.0,24.1,26.0,8.1
2025-06-29 02:00:00,2025,6,29,2,Vĩnh Long,Xã An Ngãi Trung,10.0916931,106.5448581,109,Unhealthy for Sensitive Groups,2,24.8,95,0.0,11.2,235,1007.1,20,44.9,48.5,243.0,24.1,25.0,7.6
2025-06-29 03:00:00,2025,6,29,3,Vĩnh Long,Xã An Ngãi Trung,10.0916931,106.5448581,107,Unhealthy for Sensitive Groups,2,24.8,94,0.0,11.2,238,1006.9,98,44.8,48.4,221.0,24.2,23.0,7.5
2025-06-29 04:00:00,2025,6,29,4,Vĩnh Long,Xã An Ngãi Trung,10.0916931,106.5448581,105,Unhealthy for Sensitive Groups,2,25.0,93,0.0,12.5,249,1007.2,36,44.1,47.7,208.0,23.3,24.0,7.4
2025-06-29 05:00:00,2025,6,29,5,Vĩnh Long,Xã An Ngãi Trung,10.0916931,106.5448581,103,Unhealthy for Sensitive Groups,2,24.9,93,0.0,13.3,247,1007.1,15,43.0,46.4,214.0,20.5,27.0,7.5
2025-06-29 06:00:00,2025,6,29,6,Vĩnh Long,Xã An Ngãi Trung,10.0916931,106.5448581,101,Unhealthy for Sensitive Groups,2,25.0,94,0.0,13.8,250,1007.4,24,38.6,42.0,229.0,16.6,33.0,7.6
2025-06-29 07:00:00,2025,6,29,7,Vĩnh Long,Xã An Ngãi Trung,10.0916931,106.5448581,99,Moderate,1,26.0,91,0.0,16.0,251,1007.6,37,27.9,31.9,237.0,12.0,47.0,6.5
2025-06-29 08:00:00,2025,6,29,8,Vĩnh Long,Xã An Ngãi Trung,10.0916931,106.5448581,97,Moderate,1,27.0,86,0.0,14.3,247,1008.1,87,25.3,29.8,229.0,9.7,57.0,6.4
2025-06-29 09:00:00,2025,6,29,9,Vĩnh Long,Xã An Ngãi Trung,10.0916931,106.5448581,97,Moderate,1,28.2,80,0.0,16.5,250,1008.4,96,21.9,26.5,212.0,6.4,72.0,6.2
2025-06-29 10:00:00,2025,6,29,10,Vĩnh Long,Xã An Ngãi Trung,10.0916931,106.5448581,97,Moderate,1,29.1,77,0.0,15.2,254,1007.9,96,20.3,25.4,197.0,3.9,84.0,6.0
2025-06-29 11:00:00,2025,6,29,11,Vĩnh Long,Xã An Ngãi Trung,10.0916931,106.5448581,97,Moderate,1,30.2,72,0.0,18.0,256,1007.0,49,19.7,25.5,184.0,2.7,92.0,5.7
2025-06-29 12:00:00,2025,6,29,12,Vĩnh Long,Xã An Ngãi Trung,10.0916931,106.5448581,97,Moderate,1,30.9,68,0.0,18.7,262,1006.5,22,19.1,24.9,171.0,2.1,98.0,5.4
2025-06-29 13:00:00,2025,6,29,13,Vĩnh Long,Xã An Ngãi Trung,10.0916931,106.5448581,97,Moderate,1,30.8,67,0.1,20.7,254,1005.8,25,18.8,24.5,164.0,2.2,100.0,5.3
2025-06-29 14:00:00,2025,6,29,14,Vĩnh Long,Xã An Ngãi Trung,10.0916931,106.5448581,97,Moderate,1,29.9,74,0.6,18.1,253,1005.0,75,20.1,24.4,164.0,2.8,97.0,5.5
2025-06-29 15:00:00,2025,6,29,15,Vĩnh Long,Xã An Ngãi Trung,10.0916931,106.5448581,97,Moderate,1,27.9,81,0.6,17.7,239,1005.0,74,21.8,25.0,168.0,3.9,91.0,6.0
2025-06-29 16:00:00,2025,6,29,16,Vĩnh Long,Xã An Ngãi Trung,10.0916931,106.5448581,97,Moderate,1,27.2,87,0.1,14.6,238,1004.9,92,22.4,25.7,175.0,5.7,84.0,6.5
2025-06-29 17:00:00,2025,6,29,17,Vĩnh Long,Xã An Ngãi Trung,10.0916931,106.5448581,97,Moderate,1,27.6,84,0.0,13.8,242,1004.4,99,24.4,27.8,187.0,8.5,76.0,7.0
2025-06-29 18:00:00,2025,6,29,18,Vĩnh Long,Xã An Ngãi Trung,10.0916931,106.5448581,97,Moderate,1,27.4,83,0.0,10.6,251,1004.6,100,28.2,31.8,201.0,11.9,66.0,7.6
2025-06-29 19:00:00,2025,6,29,19,Vĩnh Long,Xã An Ngãi Trung,10.0916931,106.5448581,96,Moderate,1,27.0,83,0.0,10.7,258,1005.1,83,38.3,41.9,210.0,19.5,59.0,10.8
2025-06-29 20:00:00,2025,6,29,20,Vĩnh Long,Xã An Ngãi Trung,10.0916931,106.5448581,96,Moderate,1,26.7,82,0.0,9.7,254,1005.6,46,46.2,50.4,209.0,22.1,50.0,11.3
2025-06-29 21:00:00,2025,6,29,21,Vĩnh Long,Xã An Ngãi Trung,10.0916931,106.5448581,96,Moderate,1,26.4,83,0.0,9.3,254,1006.4,23,50.9,55.3,202.0,25.6,38.0,12.1
2025-06-29 22:00:00,2025,6,29,22,Vĩnh Long,Xã An Ngãi Trung,10.0916931,106.5448581,96,Moderate,1,26.1,84,0.0,10.1,251,1007.1,55,54.2,58.9,195.0,27.8,29.0,12.3
2025-06-29 23:00:00,2025,6,29,23,Vĩnh Long,Xã An Ngãi Trung,10.0916931,106.5448581,97,Moderate,1,26.0,85,0.0,10.0,264,1007.3,51,55.1,60.1,189.0,27.2,25.0,11.6
2025-06-30 00:00:00,2025,6,30,0,Vĩnh Long,Xã An Ngãi Trung,10.0916931,106.5448581,97,Moderate,1,25.7,85,0.0,8.6,259,1007.1,34,49.2,54.7,182.0,25.3,25.0,10.5
2025-06-30 01:00:00,2025,6,30,1,Vĩnh Long,Xã An Ngãi Trung,10.0916931,106.5448581,98,Moderate,1,25.3,87,0.0,7.8,247,1006.9,23,44.4,49.8,175.0,23.7,24.0,9.5
2025-06-30 02:00:00,2025,6,30,2,Vĩnh Long,Xã An Ngãi Trung,10.0916931,106.5448581,97,Moderate,1,25.0,88,0.0,8.0,250,1006.3,80,42.6,48.0,164.0,23.3,23.0,8.9
2025-06-30 03:00:00,2025,6,30,3,Vĩnh Long,Xã An Ngãi Trung,10.0916931,106.5448581,97,Moderate,1,25.0,88,0.0,9.8,256,1006.2,91,42.0,47.3,153.0,23.1,21.0,8.5
2025-06-30 04:00:00,2025,6,30,4,Vĩnh Long,Xã An Ngãi Trung,10.0916931,106.5448581,97,Moderate,1,25.0,89,0.0,9.6,265,1006.0,60,41.9,47.0,149.0,22.4,21.0,8.3
2025-06-30 05:00:00,2025,6,30,5,Vĩnh Long,Xã An Ngãi Trung,10.0916931,106.5448581,97,Moderate,1,25.0,92,0.0,10.1,260,1006.0,10,42.0,47.3,160.0,20.6,20.0,8.4
2025-06-30 06:00:00,2025,6,30,6,Vĩnh Long,Xã An Ngãi Trung,10.0916931,106.5448581,97,Moderate,1,25.1,92,0.0,9.9,265,1006.3,3,42.5,47.7,178.0,18.3,20.0,8.7
2025-06-30 07:00:00,2025,6,30,7,Vĩnh Long,Xã An Ngãi Trung,10.0916931,106.5448581,97,Moderate,1,26.5,90,0.0,9.0,269,1006.9,6,43.9,46.3,189.0,16.1,24.0,9.1
2025-06-30 08:00:00,2025,6,30,8,Vĩnh Long,Xã An Ngãi Trung,10.0916931,106.5448581,99,Moderate,1,28.1,85,0.0,9.6,264,1006.8,18,34.3,39.2,185.0,13.0,39.0,9.1
2025-06-30 09:00:00,2025,6,30,9,Vĩnh Long,Xã An Ngãi Trung,10.0916931,106.5448581,99,Moderate,1,29.5,78,0.0,10.8,270,1006.8,39,27.1,33.9,173.0,8.8,59.0,9.1
2025-06-30 10:00:00,2025,6,30,10,Vĩnh Long,Xã An Ngãi Trung,10.0916931,106.5448581,100,Moderate,1,30.5,68,0.0,13.7,283,1006.9,100,23.9,31.2,162.0,5.4,77.0,8.9
2025-06-30 11:00:00,2025,6,30,11,Vĩnh Long,Xã An Ngãi Trung,10.0916931,106.5448581,100,Moderate,1,30.3,66,0.0,14.2,279,1006.7,100,20.7,26.7,154.0,3.6,89.0,8.2
2025-06-30 12:00:00,2025,6,30,12,Vĩnh Long,Xã An Ngãi Trung,10.0916931,106.5448581,100,Moderate,1,30.8,64,0.0,16.7,278,1006.5,74,17.9,22.4,148.0,2.7,97.0,7.2
2025-06-30 13:00:00,2025,6,30,13,Vĩnh Long,Xã An Ngãi Trung,10.0916931,106.5448581,100,Moderate,1,31.2,61,0.0,17.7,273,1005.7,100,17.2,21.7,144.0,2.3,102.0,6.5
2025-06-30 14:00:00,2025,6,30,14,Vĩnh Long,Xã An Ngãi Trung,10.0916931,106.5448581,100,Moderate,1,30.9,64,0.1,19.3,266,1004.7,98,17.4,22.8,143.0,2.2,102.0,6.3
2025-06-30 15:00:00,2025,6,30,15,Vĩnh Long,Xã An Ngãi Trung,10.0916931,106.5448581,100,Moderate,1,30.1,72,0.1,18.7,254,1004.2,96,18.0,24.4,145.0,2.7,98.0,6.3
2025-06-30 16:00:00,2025,6,30,16,Vĩnh Long,Xã An Ngãi Trung,10.0916931,106.5448581,99,Moderate,1,28.5,79,1.4,15.1,269,1004.4,100,19.1,25.3,152.0,4.3,91.0,6.6
2025-06-30 17:00:00,2025,6,30,17,Vĩnh Long,Xã An Ngãi Trung,10.0916931,106.5448581,99,Moderate,1,28.7,79,0.1,12.5,274,1004.5,100,21.1,26.5,167.0,7.6,78.0,7.3
2025-06-30 18:00:00,2025,6,30,18,Vĩnh Long,Xã An Ngãi Trung,10.0916931,106.5448581,99,Moderate,1,27.9,82,0.1,10.5,273,1004.7,98,24.5,30.7,187.0,11.9,62.0,8.4
2025-06-30 19:00:00,2025,6,30,19,Vĩnh Long,Xã An Ngãi Trung,10.0916931,106.5448581,98,Moderate,1,27.0,84,0.0,7.1,264,1005.4,99,29.8,37.6,204.0,14.7,51.0,9.8
2025-06-30 20:00:00,2025,6,30,20,Vĩnh Long,Xã An Ngãi Trung,10.0916931,106.5448581,98,Moderate,1,27.2,80,0.0,7.5,259,1005.8,46,33.9,40.7,218.0,18.1,42.0,10.4
2025-06-30 21:00:00,2025,6,30,21,Vĩnh Long,Xã An Ngãi Trung,10.0916931,106.5448581,97,Moderate,1,26.9,80,0.0,8.2,255,1006.4,74,42.7,49.0,230.0,22.8,29.0,11.3
2025-06-30 22:00:00,2025,6,30,22,Vĩnh Long,Xã An Ngãi Trung,10.0916931,106.5448581,96,Moderate,1,26.5,80,0.0,9.2,249,1007.0,2,47.1,52.9,233.0,26.0,20.0,11.6
2025-06-30 23:00:00,2025,6,30,23,Vĩnh Long,Xã An Ngãi Trung,10.0916931,106.5448581,95,Moderate,1,26.2,83,0.0,10.2,247,1007.2,31,46.9,52.3,220.0,26.3,17.0,10.9
2025-07-01 00:00:00,2025,7,1,0,Vĩnh Long,Xã An Ngãi Trung,10.0916931,106.5448581,95,Moderate,1,26.1,85,0.0,10.7,248,1007.1,64,45.2,50.3,199.0,25.1,16.0,9.7
2025-07-01 01:00:00,2025,7,1,1,Vĩnh Long,Xã An Ngãi Trung,10.0916931,106.5448581,94,Moderate,1,25.9,86,0.0,11.3,250,1006.7,100,44.8,49.8,180.0,24.4,16.0,8.8
2025-07-01 02:00:00,2025,7,1,2,Vĩnh Long,Xã An Ngãi Trung,10.0916931,106.5448581,94,Moderate,1,25.7,88,0.0,10.3,251,1006.2,96,46.0,51.0,167.0,25.3,14.0,8.4
2025-07-01 03:00:00,2025,7,1,3,Vĩnh Long,Xã An Ngãi Trung,10.0916931,106.5448581,94,Moderate,1,25.5,90,0.0,10.8,249,1005.9,99,48.4,53.3,157.0,26.5,13.0,8.3
2025-07-01 04:00:00,2025,7,1,4,Vĩnh Long,Xã An Ngãi Trung,10.0916931,106.5448581,95,Moderate,1,25.4,91,0.0,11.1,248,1005.9,100,51.8,56.8,154.0,26.7,13.0,8.2
2025-07-01 05:00:00,2025,7,1,5,Vĩnh Long,Xã An Ngãi Trung,10.0916931,106.5448581,96,Moderate,1,25.4,92,0.0,10.5,254,1005.8,100,53.6,58.6,166.0,25.0,14.0,8.3
2025-07-01 06:00:00,2025,7,1,6,Vĩnh Long,Xã An Ngãi Trung,10.0916931,106.5448581,97,Moderate,1,25.5,93,0.0,9.1,252,1006.0,99,53.7,58.8,186.0,22.2,16.0,8.5
2025-07-01 07:00:00,2025,7,1,7,Vĩnh Long,Xã An Ngãi Trung,10.0916931,106.5448581,98,Moderate,1,27.0,88,0.0,12.6,251,1006.8,95,49.2,52.4,197.0,18.3,21.0,8.3
2025-07-01 08:00:00,2025,7,1,8,Vĩnh Long,Xã An Ngãi Trung,10.0916931,106.5448581,98,Moderate,1,28.4,85,0.3,13.8,257,1007.5,100,36.4,41.6,189.0,14.3,35.0,8.1
2025-07-01 09:00:00,2025,7,1,9,Vĩnh Long,Xã An Ngãi Trung,10.0916931,106.5448581,99,Moderate,1,29.2,80,0.4,14.7,262,1007.7,88,26.0,31.7,172.0,8.9,55.0,7.8
2025-07-01 10:00:00,2025,7,1,10,Vĩnh Long,Xã An Ngãi Trung,10.0916931,106.5448581,99,Moderate,1,29.6,74,0.3,16.6,268,1007.5,92,21.8,27.4,157.0,4.8,70.0,7.4
2025-07-01 11:00:00,2025,7,1,11,Vĩnh Long,Xã An Ngãi Trung,10.0916931,106.5448581,98,Moderate,1,30.5,76,0.1,14.8,273,1007.1,44,20.3,25.4,147.0,3.5,77.0,6.9
2025-07-01 12:00:00,2025,7,1,12,Vĩnh Long,Xã An Ngãi Trung,10.0916931,106.5448581,98,Moderate,1,30.6,72,0.3,15.7,269,1006.6,99,17.7,21.4,139.0,3.7,80.0,6.4
2025-07-01 13:00:00,2025,7,1,13,Vĩnh Long,Xã An Ngãi Trung,10.0916931,106.5448581,98,Moderate,1,28.2,79,8.7,20.4,241,1006.5,100,17.7,19.7,137.0,4.1,81.0,6.0
2025-07-01 14:00:00,2025,7,1,14,Vĩnh Long,Xã An Ngãi Trung,10.0916931,106.5448581,98,Moderate,1,26.6,89,0.4,13.8,255,1006.1,100,17.7,19.9,141.0,4.2,81.0,5.9
2025-07-01 15:00:00,2025,7,1,15,Vĩnh Long,Xã An Ngãi Trung,10.0916931,106.5448581,98,Moderate,1,27.3,87,0.1,13.4,256,1005.1,100,17.2,19.6,151.0,4.5,78.0,6.0
2025-07-01 16:00:00,2025,7,1,16,Vĩnh Long,Xã An Ngãi Trung,10.0916931,106.5448581,98,Moderate,1,27.5,84,0.3,14.5,265,1004.9,100,16.8,19.1,165.0,5.7,73.0,6.3
2025-07-01 17:00:00,2025,7,1,17,Vĩnh Long,Xã An Ngãi Trung,10.0916931,106.5448581,98,Moderate,1,27.0,88,0.0,13.7,256,1005.7,100,16.2,18.3,188.0,8.4,64.0,7.0
2025-07-01 18:00:00,2025,7,1,18,Vĩnh Long,Xã An Ngãi Trung,10.0916931,106.5448581,98,Moderate,1,26.5,91,0.3,7.8,265,1006.2,100,19.9,21.7,216.0,12.0,52.0,7.9
2025-07-01 19:00:00,2025,7,1,19,Vĩnh Long,Xã An Ngãi Trung,10.0916931,106.5448581,97,Moderate,1,26.1,93,0.0,7.6,243,1006.7,100,31.7,34.6,234.0,16.5,53.0,9.4
2025-07-01 20:00:00,2025,7,1,20,Vĩnh Long,Xã An Ngãi Trung,10.0916931,106.5448581,97,Moderate,1,27.4,85,0.0,8.9,246,1006.5,100,32.4,35.0,236.0,17.8,46.0,10.0
2025-07-01 21:00:00,2025,7,1,21,Vĩnh Long,Xã An Ngãi Trung,10.0916931,106.5448581,97,Moderate,1,27.0,86,0.0,10.1,243,1007.0,100,33.9,36.4,230.0,19.7,36.0,10.7
2025-07-01 22:00:00,2025,7,1,22,Vĩnh Long,Xã An Ngãi Trung,10.0916931,106.5448581,96,Moderate,1,26.9,85,0.0,13.0,246,1007.8,100,33.4,36.0,220.0,20.9,29.0,11.1
2025-07-01 23:00:00,2025,7,1,23,Vĩnh Long,Xã An Ngãi Trung,10.0916931,106.5448581,95,Moderate,1,26.6,86,0.0,13.1,249,1007.9,100,31.1,33.8,209.0,20.8,27.0,10.6
2025-07-02 00:00:00,2025,7,2,0,Vĩnh Long,Xã An Ngãi Trung,10.0916931,106.5448581,94,Moderate,1,26.4,87,0.0,13.8,246,1007.6,100,30.3,32.8,195.0,20.0,27.0,9.7
2025-07-02 01:00:00,2025,7,2,1,Vĩnh Long,Xã An Ngãi Trung,10.0916931,106.5448581,93,Moderate,1,26.1,87,0.0,13.4,259,1006.9,100,31.4,34.0,181.0,19.7,27.0,9.1
2025-07-02 02:00:00,2025,7,2,2,Vĩnh Long,Xã An Ngãi Trung,10.0916931,106.5448581,91,Moderate,1,26.0,88,0.0,12.8,266,1006.2,100,33.9,36.3,165.0,20.6,25.0,9.0
2025-07-02 03:00:00,2025,7,2,3,Vĩnh Long,Xã An Ngãi Trung,10.0916931,106.5448581,90,Moderate,1,26.0,90,0.0,12.9,261,1005.6,99,35.7,38.1,148.0,21.9,21.0,9.1
2025-07-02 04:00:00,2025,7,2,4,Vĩnh Long,Xã An Ngãi Trung,10.0916931,106.5448581,89,Moderate,1,25.5,94,0.0,6.1,294,1005.9,100,35.7,38.1,141.0,22.2,20.0,9.2
2025-07-02 05:00:00,2025,7,2,5,Vĩnh Long,Xã An Ngãi Trung,10.0916931,106.5448581,88,Moderate,1,25.2,95,0.0,7.0,318,1006.6,100,38.8,41.2,152.0,21.0,20.0,9.4
2025-07-02 06:00:00,2025,7,2,6,Vĩnh Long,Xã An Ngãi Trung,10.0916931,106.5448581,86,Moderate,1,25.5,95,0.0,8.6,300,1006.9,100,46.2,48.8,172.0,18.8,21.0,9.7
2025-07-02 07:00:00,2025,7,2,7,Vĩnh Long,Xã An Ngãi Trung,10.0916931,106.5448581,86,Moderate,1,26.4,91,0.1,9.5,307,1007.6,100,38.9,42.0,185.0,18.3,24.0,9.9
2025-07-02 08:00:00,2025,7,2,8,Vĩnh Long,Xã An Ngãi Trung,10.0916931,106.5448581,85,Moderate,1,27.3,88,0.2,14.7,310,1007.5,100,29.7,33.1,181.0,14.9,35.0,9.7
2025-07-02 09:00:00,2025,7,2,9,Vĩnh Long,Xã An Ngãi Trung,10.0916931,106.5448581,84,Moderate,1,28.7,81,0.1,13.0,308,1008.2,100,23.5,27.0,169.0,10.3,50.0,9.5
2025-07-02 10:00:00,2025,7,2,10,Vĩnh Long,Xã An Ngãi Trung,10.0916931,106.5448581,84,Moderate,1,30.0,76,0.1,7.5,305,1008.3,100,20.8,24.9,161.0,6.6,65.0,9.2
2025-07-02 11:00:00,2025,7,2,11,Vĩnh Long,Xã An Ngãi Trung,10.0916931,106.5448581,84,Moderate,1,30.6,74,0.1,6.2,319,1007.6,100,20.0,23.7,160.0,4.8,81.0,8.9
2025-07-02 12:00:00,2025,7,2,12,Vĩnh Long,Xã An Ngãi Trung,10.0916931,106.5448581,84,Moderate,1,31.5,69,0.2,7.5,327,1007.0,100,20.4,23.3,162.0,4.0,97.0,8.5
2025-07-02 13:00:00,2025,7,2,13,Vĩnh Long,Xã An Ngãi Trung,10.0916931,106.5448581,84,Moderate,1,27.8,82,5.5,9.2,313,1007.2,100,21.3,24.1,166.0,4.1,104.0,8.2
2025-07-02 14:00:00,2025,7,2,14,Vĩnh Long,Xã An Ngãi Trung,10.0916931,106.5448581,84,Moderate,1,26.6,89,3.1,12.3,235,1007.9,100,23.5,26.1,173.0,5.1,94.0,8.0
2025-07-02 15:00:00,2025,7,2,15,Vĩnh Long,Xã An Ngãi Trung,10.0916931,106.5448581,85,Moderate,1,26.8,88,1.3,8.0,224,1006.9,100,21.6,23.6,182.0,6.9,75.0,7.9
2025-07-02 16:00:00,2025,7,2,16,Vĩnh Long,Xã An Ngãi Trung,10.0916931,106.5448581,85,Moderate,1,25.9,90,1.9,6.7,218,1007.0,100,20.0,22.1,193.0,9.2,59.0,8.0
2025-07-02 17:00:00,2025,7,2,17,Vĩnh Long,Xã An Ngãi Trung,10.0916931,106.5448581,86,Moderate,1,26.1,91,0.1,5.8,219,1007.1,100,21.8,24.1,209.0,12.3,50.0,8.6
2025-07-02 18:00:00,2025,7,2,18,Vĩnh Long,Xã An Ngãi Trung,10.0916931,106.5448581,86,Moderate,1,24.5,94,3.9,7.8,261,1007.7,100,26.0,29.2,227.0,15.9,45.0,9.5
2025-07-02 19:00:00,2025,7,2,19,Vĩnh Long,Xã An Ngãi Trung,10.0916931,106.5448581,87,Moderate,1,24.5,96,0.2,6.3,250,1008.2,100,31.9,37.7,238.0,17.6,50.0,10.7
2025-07-02 20:00:00,2025,7,2,20,Vĩnh Long,Xã An Ngãi Trung,10.0916931,106.5448581,87,Moderate,1,25.8,92,0.0,15.3,258,1008.4,100,30.3,37.4,238.0,17.5,45.0,10.6
2025-07-02 21:00:00,2025,7,2,21,Vĩnh Long,Xã An Ngãi Trung,10.0916931,106.5448581,87,Moderate,1,25.4,93,0.0,14.1,265,1008.6,100,29.2,36.2,231.0,17.4,39.0,10.5
2025-07-02 22:00:00,2025,7,2,22,Vĩnh Long,Xã An Ngãi Trung,10.0916931,106.5448581,86,Moderate,1,25.3,94,0.0,13.6,259,1009.0,100,29.3,35.4,223.0,17.4,33.0,10.2
2025-07-02 23:00:00,2025,7,2,23,Vĩnh Long,Xã An Ngãi Trung,10.0916931,106.5448581,86,Moderate,1,25.3,94,0.0,14.6,261,1009.2,100,29.7,34.6,213.0,17.8,29.0,9.6
2025-07-03 00:00:00,2025,7,3,0,Vĩnh Long,Xã An Ngãi Trung,10.0916931,106.5448581,86,Moderate,1,25.2,95,0.0,15.4,265,1008.9,100,30.3,33.9,202.0,18.4,27.0,8.9
2025-07-03 01:00:00,2025,7,3,1,Vĩnh Long,Xã An Ngãi Trung,10.0916931,106.5448581,86,Moderate,1,25.0,95,0.0,13.5,272,1008.5,100,30.4,33.2,192.0,18.5,25.0,8.2
2025-07-03 02:00:00,2025,7,3,2,Vĩnh Long,Xã An Ngãi Trung,10.0916931,106.5448581,86,Moderate,1,25.0,95,0.0,12.8,269,1007.8,100,27.7,29.9,183.0,17.8,25.0,7.5
2025-07-03 03:00:00,2025,7,3,3,Vĩnh Long,Xã An Ngãi Trung,10.0916931,106.5448581,85,Moderate,1,24.8,95,0.0,10.7,279,1007.3,100,25.4,27.3,176.0,16.7,27.0,6.8
2025-07-03 04:00:00,2025,7,3,4,Vĩnh Long,Xã An Ngãi Trung,10.0916931,106.5448581,84,Moderate,1,24.6,96,0.0,10.9,276,1007.3,100,25.6,27.6,173.0,16.0,28.0,6.5
2025-07-03 05:00:00,2025,7,3,5,Vĩnh Long,Xã An Ngãi Trung,10.0916931,106.5448581,83,Moderate,1,24.6,96,0.0,10.4,272,1007.5,100,25.1,27.5,178.0,16.5,25.0,6.8
2025-07-03 06:00:00,2025,7,3,6,Vĩnh Long,Xã An Ngãi Trung,10.0916931,106.5448581,82,Moderate,1,24.9,96,0.0,8.6,268,1008.1,100,25.8,28.8,186.0,17.3,21.0,7.4
2025-07-03 07:00:00,2025,7,3,7,Vĩnh Long,Xã An Ngãi Trung,10.0916931,106.5448581,80,Moderate,1,25.9,93,0.0,11.4,282,1008.5,100,36.6,40.7,189.0,16.2,24.0,10.3
2025-07-03 08:00:00,2025,7,3,8,Vĩnh Long,Xã An Ngãi Trung,10.0916931,106.5448581,80,Moderate,1,27.4,86,0.1,14.1,274,1009.0,99,31.3,36.9,181.0,14.2,34.0,10.5
2025-07-03 09:00:00,2025,7,3,9,Vĩnh Long,Xã An Ngãi Trung,10.0916931,106.5448581,80,Moderate,1,28.5,80,0.2,15.2,280,1009.3,100,27.5,34.1,168.0,11.3,47.0,10.8
2025-07-03 10:00:00,2025,7,3,10,Vĩnh Long,Xã An Ngãi Trung,10.0916931,106.5448581,80,Moderate,1,29.6,73,0.0,15.2,289,1009.0,100,27.0,34.7,156.0,8.7,62.0,10.8
2025-07-03 11:00:00,2025,7,3,11,Vĩnh Long,Xã An Ngãi Trung,10.0916931,106.5448581,81,Moderate,1,30.4,69,0.0,16.0,287,1008.7,100,27.2,37.1,148.0,6.4,80.0,10.4
2025-07-03 12:00:00,2025,7,3,12,Vĩnh Long,Xã An Ngãi Trung,10.0916931,106.5448581,82,Moderate,1,31.0,68,0.0,12.5,281,1007.8,100,27.1,38.6,141.0,4.2,99.0,9.8
2025-07-03 13:00:00,2025,7,3,13,Vĩnh Long,Xã An Ngãi Trung,10.0916931,106.5448581,82,Moderate,1,29.6,73,2.6,20.0,262,1007.8,100,26.6,38.6,139.0,3.3,108.0,9.2
2025-07-03 14:00:00,2025,7,3,14,Vĩnh Long,Xã An Ngãi Trung,10.0916931,106.5448581,83,Moderate,1,27.3,88,4.2,11.8,263,1007.8,100,26.1,35.9,142.0,4.0,97.0,8.4
2025-07-03 15:00:00,2025,7,3,15,Vĩnh Long,Xã An Ngãi Trung,10.0916931,106.5448581,83,Moderate,1,27.2,88,0.4,13.2,260,1006.7,100,23.0,27.4,150.0,5.8,76.0,7.5
2025-07-03 16:00:00,2025,7,3,16,Vĩnh Long,Xã An Ngãi Trung,10.0916931,106.5448581,83,Moderate,1,27.6,88,0.0,11.1,282,1007.0,100,20.5,24.1,166.0,8.4,58.0,7.3
2025-07-03 17:00:00,2025,7,3,17,Vĩnh Long,Xã An Ngãi Trung,10.0916931,106.5448581,83,Moderate,1,25.9,88,6.4,13.8,255,1007.9,100,22.7,25.4,197.0,11.9,50.0,8.1
2025-07-03 18:00:00,2025,7,3,18,Vĩnh Long,Xã An Ngãi Trung,10.0916931,106.5448581,83,Moderate,1,25.5,94,0.9,7.5,243,1007.7,98,29.6,32.4,237.0,16.1,44.0,9.4
2025-07-03 19:00:00,2025,7,3,19,Vĩnh Long,Xã An Ngãi Trung,10.0916931,106.5448581,84,Moderate,1,25.5,96,0.4,4.4,238,1008.4,100,37.0,40.3,263.0,21.5,40.0,10.9
2025-07-03 20:00:00,2025,7,3,20,Vĩnh Long,Xã An Ngãi Trung,10.0916931,106.5448581,84,Moderate,1,25.9,95,0.0,0.5,45,1009.1,100,45.8,48.8,265.0,24.5,33.0,11.5
2025-07-03 21:00:00,2025,7,3,21,Vĩnh Long,Xã An Ngãi Trung,10.0916931,106.5448581,85,Moderate,1,25.8,96,0.0,0.4,153,1009.6,100,52.7,55.5,255.0,28.7,23.0,12.2
2025-07-03 22:00:00,2025,7,3,22,Vĩnh Long,Xã An Ngãi Trung,10.0916931,106.5448581,87,Moderate,1,25.4,96,0.0,0.7,360,1009.5,100,56.0,58.6,244.0,31.6,16.0,12.5
2025-07-03 23:00:00,2025,7,3,23,Vĩnh Long,Xã An Ngãi Trung,10.0916931,106.5448581,90,Moderate,1,25.2,97,0.0,0.9,281,1009.5,100,57.2,59.6,238.0,32.2,13.0,11.9
2025-07-04 00:00:00,2025,7,4,0,Vĩnh Long,Xã An Ngãi Trung,10.0916931,106.5448581,92,Moderate,1,25.0,97,0.0,3.0,284,1009.0,100,56.5,58.8,231.0,31.7,11.0,10.8
2025-07-04 01:00:00,2025,7,4,1,Vĩnh Long,Xã An Ngãi Trung,10.0916931,106.5448581,95,Moderate,1,25.0,97,0.0,4.0,275,1008.5,100,54.9,57.2,224.0,30.8,11.0,9.8
2025-07-04 02:00:00,2025,7,4,2,Vĩnh Long,Xã An Ngãi Trung,10.0916931,106.5448581,97,Moderate,1,25.0,96,0.0,4.7,272,1007.9,100,53.0,55.1,212.0,30.3,10.0,9.1
2025-07-04 03:00:00,2025,7,4,3,Vĩnh Long,Xã An Ngãi Trung,10.0916931,106.5448581,99,Moderate,1,25.0,96,0.0,4.9,253,1007.5,98,51.3,53.4,199.0,29.4,11.0,8.5
2025-07-04 04:00:00,2025,7,4,4,Vĩnh Long,Xã An Ngãi Trung,10.0916931,106.5448581,101,Unhealthy for Sensitive Groups,2,24.7,97,0.0,4.8,248,1007.6,95,50.5,52.6,194.0,27.5,13.0,8.1
2025-07-04 05:00:00,2025,7,4,5,Vĩnh Long,Xã An Ngãi Trung,10.0916931,106.5448581,104,Unhealthy for Sensitive Groups,2,24.7,97,0.0,5.9,252,1007.8,99,49.6,51.7,206.0,23.7,18.0,7.9
2025-07-04 06:00:00,2025,7,4,6,Vĩnh Long,Xã An Ngãi Trung,10.0916931,106.5448581,107,Unhealthy for Sensitive Groups,2,24.8,96,0.0,7.1,251,1008.2,22,46.7,48.8,226.0,18.7,26.0,7.8
2025-07-04 07:00:00,2025,7,4,7,Vĩnh Long,Xã An Ngãi Trung,10.0916931,106.5448581,109,Unhealthy for Sensitive Groups,2,25.9,94,0.0,8.5,246,1008.9,21,55.9,57.3,234.0,21.6,26.0,8.6
2025-07-04 08:00:00,2025,7,4,8,Vĩnh Long,Xã An Ngãi Trung,10.0916931,106.5448581,111,Unhealthy for Sensitive Groups,2,27.6,89,0.0,8.5,245,1008.9,27,36.0,39.0,216.0,16.6,42.0,8.5
2025-07-04 09:00:00,2025,7,4,9,Vĩnh Long,Xã An Ngãi Trung,10.0916931,106.5448581,111,Unhealthy for Sensitive Groups,2,29.0,84,0.0,11.2,268,1009.1,30,24.4,29.1,186.0,9.6,64.0,8.3
2025-07-04 10:00:00,2025,7,4,10,Vĩnh Long,Xã An Ngãi Trung,10.0916931,106.5448581,111,Unhealthy for Sensitive Groups,2,30.0,78,0.1,11.5,273,1008.8,60,21.6,27.6,162.0,4.4,81.0,7.9
2025-07-04 11:00:00,2025,7,4,11,Vĩnh Long,Xã An Ngãi Trung,10.0916931,106.5448581,110,Unhealthy for Sensitive Groups,2,31.0,72,0.0,13.1,278,1008.6,32,20.1,25.8,152.0,2.5,89.0,7.2
2025-07-04 12:00:00,2025,7,4,12,Vĩnh Long,Xã An Ngãi Trung,10.0916931,106.5448581,110,Unhealthy for Sensitive Groups,2,31.3,68,0.0,14.2,277,1007.7,39,18.6,23.7,148.0,2.2,92.0,6.3
2025-07-04 13:00:00,2025,7,4,13,Vĩnh Long,Xã An Ngãi Trung,10.0916931,106.5448581,109,Unhealthy for Sensitive Groups,2,31.8,66,0.0,14.0,271,1006.7,93,16.8,21.1,146.0,2.4,94.0,5.7
2025-07-04 14:00:00,2025,7,4,14,Vĩnh Long,Xã An Ngãi Trung,10.0916931,106.5448581,108,Unhealthy for Sensitive Groups,2,29.3,78,1.0,16.7,284,1006.4,34,16.4,18.9,142.0,2.4,95.0,5.8
2025-07-04 15:00:00,2025,7,4,15,Vĩnh Long,Xã An Ngãi Trung,10.0916931,106.5448581,107,Unhealthy for Sensitive Groups,2,30.4,72,0.0,16.9,258,1005.5,30,17.3,19.3,139.0,2.9,95.0,6.2
2025-07-04 16:00:00,2025,7,4,16,Vĩnh Long,Xã An Ngãi Trung,10.0916931,106.5448581,106,Unhealthy for Sensitive Groups,2,29.8,72,0.1,14.9,248,1005.4,57,17.8,19.6,141.0,4.3,90.0,6.7
2025-07-04 17:00:00,2025,7,4,17,Vĩnh Long,Xã An Ngãi Trung,10.0916931,106.5448581,106,Unhealthy for Sensitive Groups,2,28.8,77,0.3,14.7,262,1005.8,84,18.5,20.1,153.0,7.2,78.0,7.1
2025-07-04 18:00:00,2025,7,4,18,Vĩnh Long,Xã An Ngãi Trung,10.0916931,106.5448581,105,Unhealthy for Sensitive Groups,2,27.2,82,0.1,13.0,256,1006.5,85,21.1,22.6,170.0,11.0,62.0,7.5
2025-07-04 19:00:00,2025,7,4,19,Vĩnh Long,Xã An Ngãi Trung,10.0916931,106.5448581,105,Unhealthy for Sensitive Groups,2,26.6,86,0.0,8.9,246,1007.1,31,22.9,25.6,183.0,12.7,52.0,7.8
2025-07-04 20:00:00,2025,7,4,20,Vĩnh Long,Xã An Ngãi Trung,10.0916931,106.5448581,103,Unhealthy for Sensitive Groups,2,26.3,87,0.0,12.7,247,1007.7,54,25.1,27.3,188.0,14.2,47.0,8.1
2025-07-04 21:00:00,2025,7,4,21,Vĩnh Long,Xã An Ngãi Trung,10.0916931,106.5448581,101,Unhealthy for Sensitive Groups,2,26.0,89,0.0,10.5,248,1008.5,87,27.5,29.5,190.0,16.3,39.0,8.5
2025-07-04 22:00:00,2025,7,4,22,Vĩnh Long,Xã An Ngãi Trung,10.0916931,106.5448581,99,Moderate,1,25.8,90,0.0,9.9,249,1008.7,65,29.1,31.0,188.0,17.7,34.0,8.6
2025-07-04 23:00:00,2025,7,4,23,Vĩnh Long,Xã An Ngãi Trung,10.0916931,106.5448581,96,Moderate,1,25.6,91,0.0,9.8,238,1008.6,98,28.7,30.4,182.0,17.8,33.0,8.3
2025-07-05 00:00:00,2025,7,5,0,Vĩnh Long,Xã An Ngãi Trung,10.0916931,106.5448581,94,Moderate,1,25.4,93,0.0,9.5,243,1008.1,100,27.3,29.0,173.0,17.2,33.0,7.8
2025-07-05 01:00:00,2025,7,5,1,Vĩnh Long,Xã An Ngãi Trung,10.0916931,106.5448581,91,Moderate,1,25.2,94,0.0,8.5,245,1007.4,100,27.1,28.9,165.0,16.8,33.0,7.3
2025-07-05 02:00:00,2025,7,5,2,Vĩnh Long,Xã An Ngãi Trung,10.0916931,106.5448581,89,Moderate,1,25.2,94,0.0,11.0,242,1007.0,100,28.0,30.0,158.0,17.2,31.0,7.0
2025-07-05 03:00:00,2025,7,5,3,Vĩnh Long,Xã An Ngãi Trung,10.0916931,106.5448581,86,Moderate,1,25.2,94,0.0,10.8,240,1006.8,100,29.3,31.5,153.0,17.7,29.0,6.7
2025-07-05 04:00:00,2025,7,5,4,Vĩnh Long,Xã An Ngãi Trung,10.0916931,106.5448581,84,Moderate,1,25.1,95,0.0,10.0,242,1006.8,100,30.4,32.7,151.0,17.5,28.0,6.6
2025-07-05 05:00:00,2025,7,5,5,Vĩnh Long,Xã An Ngãi Trung,10.0916931,106.5448581,83,Moderate,1,25.0,95,0.0,9.9,237,1006.8,95,31.5,34.1,157.0,16.0,28.0,6.7
2025-07-05 06:00:00,2025,7,5,6,Vĩnh Long,Xã An Ngãi Trung,10.0916931,106.5448581,81,Moderate,1,25.1,95,0.0,9.8,238,1007.2,82,33.4,36.0,167.0,13.8,30.0,6.9
2025-07-05 07:00:00,2025,7,5,7,Vĩnh Long,Xã An Ngãi Trung,10.0916931,106.5448581,80,Moderate,1,26.6,90,0.0,11.8,246,1007.7,96,37.0,40.2,171.0,14.8,28.0,7.6
2025-07-05 08:00:00,2025,7,5,8,Vĩnh Long,Xã An Ngãi Trung,10.0916931,106.5448581,78,Moderate,1,28.0,87,0.0,10.7,247,1007.9,100,27.2,31.2,163.0,11.8,39.0,7.4
2025-07-05 09:00:00,2025,7,5,9,Vĩnh Long,Xã An Ngãi Trung,10.0916931,106.5448581,77,Moderate,1,29.1,81,0.0,15.0,257,1008.0,100,19.8,23.6,150.0,7.6,54.0,7.0
2025-07-05 10:00:00,2025,7,5,10,Vĩnh Long,Xã An Ngãi Trung,10.0916931,106.5448581,77,Moderate,1,30.0,78,0.1,16.5,263,1007.6,100,18.1,22.2,140.0,4.3,67.0,6.7
2025-07-05 11:00:00,2025,7,5,11,Vĩnh Long,Xã An Ngãi Trung,10.0916931,106.5448581,77,Moderate,1,30.4,73,0.0,19.5,265,1007.3,100,18.0,22.4,137.0,2.8,78.0,6.4
2025-07-05 12:00:00,2025,7,5,12,Vĩnh Long,Xã An Ngãi Trung,10.0916931,106.5448581,76,Moderate,1,29.8,77,0.2,14.1,251,1006.4,100,16.9,20.8,137.0,2.1,88.0,6.1
2025-07-05 13:00:00,2025,7,5,13,Vĩnh Long,Xã An Ngãi Trung,10.0916931,106.5448581,76,Moderate,1,28.2,82,1.3,18.8,251,1006.5,79,15.8,19.0,139.0,2.2,93.0,5.9
2025-07-05 14:00:00,2025,7,5,14,Vĩnh Long,Xã An Ngãi Trung,10.0916931,106.5448581,76,Moderate,1,28.8,81,0.3,15.0,238,1005.8,59,15.5,17.8,140.0,2.8,91.0,5.8
2025-07-05 15:00:00,2025,7,5,15,Vĩnh Long,Xã An Ngãi Trung,10.0916931,106.5448581,76,Moderate,1,27.5,83,2.5,18.3,247,1005.4,86,16.8,18.0,143.0,4.2,84.0,5.8
2025-07-05 16:00:00,2025,7,5,16,Vĩnh Long,Xã An Ngãi Trung,10.0916931,106.5448581,76,Moderate,1,27.7,87,0.4,11.6,229,1005.3,76,18.8,20.3,150.0,6.2,76.0,6.0
2025-07-05 17:00:00,2025,7,5,17,Vĩnh Long,Xã An Ngãi Trung,10.0916931,106.5448581,76,Moderate,1,28.1,84,0.1,14.3,235,1005.2,70,20.1,21.9,164.0,9.5,67.0,6.6
2025-07-05 18:00:00,2025,7,5,18,Vĩnh Long,Xã An Ngãi Trung,10.0916931,106.5448581,76,Moderate,1,27.5,86,0.0,10.0,237,1005.6,98,23.2,25.1,183.0,13.5,58.0,7.5
2025-07-05 19:00:00,2025,7,5,19,Vĩnh Long,Xã An Ngãi Trung,10.0916931,106.5448581,77,Moderate,1,26.8,88,0.0,10.0,231,1006.2,36,32.6,37.0,198.0,16.5,50.0,8.0
2025-07-05 20:00:00,2025,7,5,20,Vĩnh Long,Xã An Ngãi Trung,10.0916931,106.5448581,77,Moderate,1,27.1,87,0.0,9.8,229,1006.9,42,33.9,37.6,210.0,17.7,44.0,8.3
2025-07-05 21:00:00,2025,7,5,21,Vĩnh Long,Xã An Ngãi Trung,10.0916931,106.5448581,78,Moderate,1,26.9,87,0.0,10.7,233,1007.8,28,35.7,39.1,218.0,19.3,36.0,8.6
2025-07-05 22:00:00,2025,7,5,22,Vĩnh Long,Xã An Ngãi Trung,10.0916931,106.5448581,79,Moderate,1,26.4,88,0.0,9.9,233,1008.4,92,36.0,39.2,220.0,20.2,31.0,8.6
2025-07-05 23:00:00,2025,7,5,23,Vĩnh Long,Xã An Ngãi Trung,10.0916931,106.5448581,80,Moderate,1,26.2,89,0.0,10.9,230,1008.4,96,35.3,38.6,210.0,19.5,31.0,8.1
2025-07-06 00:00:00,2025,7,6,0,Vĩnh Long,Xã An Ngãi Trung,10.0916931,106.5448581,80,Moderate,1,26.0,90,0.0,10.8,233,1008.0,93,32.8,36.4,192.0,18.0,33.0,7.3
2025-07-06 01:00:00,2025,7,6,1,Vĩnh Long,Xã An Ngãi Trung,10.0916931,106.5448581,81,Moderate,1,25.8,91,0.0,11.1,231,1007.2,95,31.0,34.7,177.0,17.0,34.0,6.6
2025-07-06 02:00:00,2025,7,6,2,Vĩnh Long,Xã An Ngãi Trung,10.0916931,106.5448581,81,Moderate,1,25.6,92,0.0,10.7,230,1006.9,100,30.6,34.1,166.0,17.1,33.0,6.3
2025-07-06 03:00:00,2025,7,6,3,Vĩnh Long,Xã An Ngãi Trung,10.0916931,106.5448581,81,Moderate,1,25.8,91,0.0,10.6,226,1006.8,100,32.6,36.1,157.0,17.6,31.0,6.1
2025-07-06 04:00:00,2025,7,6,4,Vĩnh Long,Xã An Ngãi Trung,10.0916931,106.5448581,81,Moderate,1,25.7,92,0.0,9.7,228,1006.9,100,32.8,36.2,152.0,17.6,30.0,6.1
2025-07-06 05:00:00,2025,7,6,5,Vĩnh Long,Xã An Ngãi Trung,10.0916931,106.5448581,82,Moderate,1,25.4,94,0.0,8.3,222,1007.1,100,32.0,35.5,156.0,16.6,30.0,6.2
2025-07-06 06:00:00,2025,7,6,6,Vĩnh Long,Xã An Ngãi Trung,10.0916931,106.5448581,82,Moderate,1,25.5,93,0.0,10.5,231,1007.6,99,31.3,34.8,164.0,14.9,31.0,6.4
2025-07-06 07:00:00,2025,7,6,7,Vĩnh Long,Xã An Ngãi Trung,10.0916931,106.5448581,82,Moderate,1,26.9,89,0.0,13.0,235,1008.0,99,27.2,33.1,168.0,11.5,37.0,6.2
2025-07-06 08:00:00,2025,7,6,8,Vĩnh Long,Xã An Ngãi Trung,10.0916931,106.5448581,81,Moderate,1,28.0,84,0.4,14.4,236,1008.3,99,24.4,30.2,162.0,9.5,46.0,6.3
2025-07-06 09:00:00,2025,7,6,9,Vĩnh Long,Xã An Ngãi Trung,10.0916931,106.5448581,80,Moderate,1,27.5,86,1.0,13.5,236,1008.6,100,21.0,26.5,152.0,6.8,58.0,6.3
2025-07-06 10:00:00,2025,7,6,10,Vĩnh Long,Xã An Ngãi Trung,10.0916931,106.5448581,81,Moderate,1,28.9,82,0.1,13.9,245,1008.6,100,19.5,24.9,143.0,4.6,69.0,6.3
2025-07-06 11:00:00,2025,7,6,11,Vĩnh Long,Xã An Ngãi Trung,10.0916931,106.5448581,81,Moderate,1,30.1,76,0.1,15.2,248,1008.3,100,18.5,23.9,136.0,3.2,80.0,6.1
2025-07-06 12:00:00,2025,7,6,12,Vĩnh Long,Xã An Ngãi Trung,10.0916931,106.5448581,81,Moderate,1,30.5,73,0.1,16.6,251,1007.6,100,17.1,22.1,131.0,2.3,89.0,5.7
2025-07-06 13:00:00,2025,7,6,13,Vĩnh Long,Xã An Ngãi Trung,10.0916931,106.5448581,81,Moderate,1,30.4,72,0.9,16.9,251,1006.6,100,16.4,21.1,129.0,2.1,94.0,5.5
2025-07-06 14:00:00,2025,7,6,14,Vĩnh Long,Xã An Ngãi Trung,10.0916931,106.5448581,81,Moderate,1,29.8,73,2.2,15.6,246,1006.2,100,15.7,19.1,130.0,2.8,91.0,5.5
2025-07-06 15:00:00,2025,7,6,15,Vĩnh Long,Xã An Ngãi Trung,10.0916931,106.5448581,81,Moderate,1,28.8,81,0.1,9.6,232,1005.5,100,17.3,19.6,135.0,4.2,83.0,5.6
2025-07-06 16:00:00,2025,7,6,16,Vĩnh Long,Xã An Ngãi Trung,10.0916931,106.5448581,81,Moderate,1,27.0,87,1.7,16.3,254,1006.2,100,19.2,21.2,145.0,6.4,74.0,5.8
2025-07-06 17:00:00,2025,7,6,17,Vĩnh Long,Xã An Ngãi Trung,10.0916931,106.5448581,81,Moderate,1,26.0,90,0.2,12.5,245,1006.1,99,19.6,21.5,164.0,9.8,65.0,6.2
2025-07-06 18:00:00,2025,7,6,18,Vĩnh Long,Xã An Ngãi Trung,10.0916931,106.5448581,81,Moderate,1,26.0,90,0.0,9.0,250,1006.6,100,23.4,25.3,188.0,14.0,54.0,6.8
2025-07-06 19:00:00,2025,7,6,19,Vĩnh Long,Xã An Ngãi Trung,10.0916931,106.5448581,81,Moderate,1,25.6,92,0.0,9.1,252,1007.1,100,31.7,34.5,208.0,17.8,44.0,7.2
2025-07-06 20:00:00,2025,7,6,20,Vĩnh Long,Xã An Ngãi Trung,10.0916931,106.5448581,81,Moderate,1,25.6,95,0.0,10.8,237,1008.3,100,32.7,35.4,223.0,18.1,41.0,7.4
2025-07-06 21:00:00,2025,7,6,21,Vĩnh Long,Xã An Ngãi Trung,10.0916931,106.5448581,81,Moderate,1,25.5,96,0.0,11.4,237,1008.6,100,32.5,35.2,235.0,18.5,36.0,7.8
2025-07-06 22:00:00,2025,7,6,22,Vĩnh Long,Xã An Ngãi Trung,10.0916931,106.5448581,80,Moderate,1,25.5,96,0.0,10.5,231,1009.1,100,32.1,34.8,238.0,18.9,32.0,7.9
2025-07-06 23:00:00,2025,7,6,23,Vĩnh Long,Xã An Ngãi Trung,10.0916931,106.5448581,80,Moderate,1,25.4,96,0.0,10.1,231,1009.5,98,33.2,36.0,228.0,19.2,29.0,7.7
2025-07-07 00:00:00,2025,7,7,0,Vĩnh Long,Xã An Ngãi Trung,10.0916931,106.5448581,80,Moderate,1,25.2,96,0.0,10.8,232,1009.4,100,33.5,36.6,210.0,19.5,28.0,7.3
2025-07-07 01:00:00,2025,7,7,1,Vĩnh Long,Xã An Ngãi Trung,10.0916931,106.5448581,80,Moderate,1,25.1,96,0.0,10.6,227,1008.5,100,32.9,36.2,196.0,19.3,27.0,6.9
2025-07-07 02:00:00,2025,7,7,2,Vĩnh Long,Xã An Ngãi Trung,10.0916931,106.5448581,80,Moderate,1,25.0,95,0.0,11.2,224,1007.7,100,30.0,33.6,190.0,18.3,28.0,6.4
2025-07-07 03:00:00,2025,7,7,3,Vĩnh Long,Xã An Ngãi Trung,10.0916931,106.5448581,80,Moderate,1,25.2,95,0.0,10.9,225,1007.9,98,27.2,30.9,187.0,16.9,29.0,5.9
2025-07-07 04:00:00,2025,7,7,4,Vĩnh Long,Xã An Ngãi Trung,10.0916931,106.5448581,80,Moderate,1,25.0,95,0.0,9.7,231,1008.0,100,27.0,30.4,189.0,15.5,31.0,5.6
2025-07-07 05:00:00,2025,7,7,5,Vĩnh Long,Xã An Ngãi Trung,10.0916931,106.5448581,79,Moderate,1,25.1,95,0.0,10.2,240,1007.6,100,28.8,32.1,198.0,14.6,31.0,5.9
2025-07-07 06:00:00,2025,7,7,6,Vĩnh Long,Xã An Ngãi Trung,10.0916931,106.5448581,79,Moderate,1,25.1,95,0.0,8.6,244,1007.9,33,30.3,33.6,211.0,13.7,31.0,6.4
2025-07-07 07:00:00,2025,7,7,7,Vĩnh Long,Xã An Ngãi Trung,10.0916931,106.5448581,79,Moderate,1,26.2,93,0.0,8.0,247,1008.4,42,32.6,34.8,217.0,14.6,31.0,7.1
2025-07-07 08:00:00,2025,7,7,8,Vĩnh Long,Xã An Ngãi Trung,10.0916931,106.5448581,79,Moderate,1,27.9,88,0.0,10.4,247,1008.8,9,23.1,26.3,209.0,11.7,43.0,6.8
2025-07-07 09:00:00,2025,7,7,9,Vĩnh Long,Xã An Ngãi Trung,10.0916931,106.5448581,79,Moderate,1,29.2,81,0.1,13.9,236,1009.1,98,19.0,22.6,193.0,7.8,59.0,6.4
2025-07-07 10:00:00,2025,7,7,10,Vĩnh Long,Xã An Ngãi Trung,10.0916931,106.5448581,79,Moderate,1,30.1,76,0.2,14.5,236,1009.3,90,17.7,21.6,180.0,4.7,72.0,5.9
2025-07-07 11:00:00,2025,7,7,11,Vĩnh Long,Xã An Ngãi Trung,10.0916931,106.5448581,79,Moderate,1,30.9,74,0.2,13.0,233,1008.2,100,16.6,20.6,170.0,3.3,79.0,5.2
2025-07-07 12:00:00,2025,7,7,12,Vĩnh Long,Xã An Ngãi Trung,10.0916931,106.5448581,79,Moderate,1,31.0,72,1.9,12.5,233,1007.5,100,15.4,20.0,163.0,2.7,83.0,4.4
2025-07-07 13:00:00,2025,7,7,13,Vĩnh Long,Xã An Ngãi Trung,10.0916931,106.5448581,78,Moderate,1,29.5,79,3.2,9.8,277,1007.6,99,14.6,19.0,160.0,2.8,84.0,4.0
2025-07-07 14:00:00,2025,7,7,14,Vĩnh Long,Xã An Ngãi Trung,10.0916931,106.5448581,78,Moderate,1,26.2,88,11.5,14.5,245,1007.9,100,16.3,19.6,163.0,3.4,82.0,4.2
2025-07-07 15:00:00,2025,7,7,15,Vĩnh Long,Xã An Ngãi Trung,10.0916931,106.5448581,78,Moderate,1,25.1,93,5.4,14.6,231,1007.6,100,15.9,18.7,172.0,4.5,77.0,4.7
2025-07-07 16:00:00,2025,7,7,16,Vĩnh Long,Xã An Ngãi Trung,10.0916931,106.5448581,78,Moderate,1,25.5,95,3.1,10.8,259,1007.7,100,17.4,20.2,186.0,6.3,71.0,5.2
2025-07-07 17:00:00,2025,7,7,17,Vĩnh Long,Xã An Ngãi Trung,10.0916931,106.5448581,78,Moderate,1,25.8,93,3.3,10.0,240,1007.6,100,16.3,19.0,211.0,9.0,64.0,5.7
2025-07-07 18:00:00,2025,7,7,18,Vĩnh Long,Xã An Ngãi Trung,10.0916931,106.5448581,78,Moderate,1,25.7,95,2.2,6.7,232,1007.9,100,19.0,21.1,242.0,12.2,56.0,6.3
2025-07-07 19:00:00,2025,7,7,19,Vĩnh Long,Xã An Ngãi Trung,10.0916931,106.5448581,77,Moderate,1,25.5,96,0.6,6.8,222,1009.0,99,29.2,32.4,266.0,17.5,45.0,7.5
2025-07-07 20:00:00,2025,7,7,20,Vĩnh Long,Xã An Ngãi Trung,10.0916931,106.5448581,77,Moderate,1,25.0,94,0.2,7.8,232,1009.3,100,33.6,36.4,281.0,18.5,43.0,7.7
2025-07-07 21:00:00,2025,7,7,21,Vĩnh Long,Xã An Ngãi Trung,10.0916931,106.5448581,77,Moderate,1,25.1,95,0.0,4.7,220,1010.3,100,35.3,37.8,290.0,19.8,40.0,8.0
2025-07-07 22:00:00,2025,7,7,22,Vĩnh Long,Xã An Ngãi Trung,10.0916931,106.5448581,77,Moderate,1,25.1,96,0.0,9.7,208,1010.2,98,35.9,38.2,288.0,20.0,39.0,7.8
2025-07-07 23:00:00,2025,7,7,23,Vĩnh Long,Xã An Ngãi Trung,10.0916931,106.5448581,78,Moderate,1,25.0,96,0.0,10.2,211,1010.3,100,34.7,36.9,269.0,18.2,43.0,6.9
2025-07-08 00:00:00,2025,7,8,0,Vĩnh Long,Xã An Ngãi Trung,10.0916931,106.5448581,78,Moderate,1,25.0,96,0.0,9.8,210,1009.8,100,31.4,33.4,238.0,15.3,50.0,5.5
2025-07-08 01:00:00,2025,7,8,1,Vĩnh Long,Xã An Ngãi Trung,10.0916931,106.5448581,78,Moderate,1,25.1,96,0.0,11.8,213,1009.2,100,27.4,29.3,213.0,13.1,56.0,4.5
2025-07-08 02:00:00,2025,7,8,2,Vĩnh Long,Xã An Ngãi Trung,10.0916931,106.5448581,77,Moderate,1,25.0,96,0.0,10.9,219,1008.6,100,23.5,24.9,197.0,12.3,59.0,4.0
2025-07-08 03:00:00,2025,7,8,3,Vĩnh Long,Xã An Ngãi Trung,10.0916931,106.5448581,77,Moderate,1,24.9,96,0.0,10.6,222,1008.4,99,22.4,23.5,186.0,12.2,61.0,3.9
2025-07-08 04:00:00,2025,7,8,4,Vĩnh Long,Xã An Ngãi Trung,10.0916931,106.5448581,76,Moderate,1,24.9,95,0.1,10.5,229,1008.5,99,23.5,24.5,182.0,12.4,61.0,4.0
2025-07-08 05:00:00,2025,7,8,5,Vĩnh Long,Xã An Ngãi Trung,10.0916931,106.5448581,76,Moderate,1,24.9,96,0.0,9.4,230,1009.1,100,24.8,25.9,192.0,13.5,58.0,4.6
2025-07-08 06:00:00,2025,7,8,6,Vĩnh Long,Xã An Ngãi Trung,10.0916931,106.5448581,76,Moderate,1,25.0,96,0.1,6.9,237,1009.3,100,29.9,31.0,209.0,15.1,53.0,5.4
2025-07-08 07:00:00,2025,7,8,7,Vĩnh Long,Xã An Ngãi Trung,10.0916931,106.5448581,75,Moderate,1,25.2,95,0.7,11.5,256,1010.3,100,35.7,36.9,220.0,17.3,50.0,5.9
2025-07-08 08:00:00,2025,7,8,8,Vĩnh Long,Xã An Ngãi Trung,10.0916931,106.5448581,76,Moderate,1,26.0,93,0.0,5.8,268,1010.8,100,29.0,30.4,219.0,13.6,65.0,5.7
2025-07-08 09:00:00,2025,7,8,9,Vĩnh Long,Xã An Ngãi Trung,10.0916931,106.5448581,76,Moderate,1,27.5,86,0.0,12.6,241,1010.9,100,20.0,21.7,212.0,8.5,86.0,5.5
2025-07-08 10:00:00,2025,7,8,10,Vĩnh Long,Xã An Ngãi Trung,10.0916931,106.5448581,76,Moderate,1,28.8,79,0.2,13.2,248,1010.7,100,16.9,18.5,205.0,4.5,102.0,5.2
2025-07-08 11:00:00,2025,7,8,11,Vĩnh Long,Xã An Ngãi Trung,10.0916931,106.5448581,76,Moderate,1,29.5,74,0.1,15.2,253,1010.1,100,14.8,16.3,199.0,2.8,107.0,4.7
2025-07-08 12:00:00,2025,7,8,12,Vĩnh Long,Xã An Ngãi Trung,10.0916931,106.5448581,76,Moderate,1,29.2,74,0.4,15.4,254,1009.2,100,13.1,15.3,192.0,2.2,107.0,4.2
2025-07-08 13:00:00,2025,7,8,13,Vĩnh Long,Xã An Ngãi Trung,10.0916931,106.5448581,76,Moderate,1,30.0,76,0.2,14.0,247,1008.0,99,12.8,15.2,187.0,2.1,106.0,3.9
2025-07-08 14:00:00,2025,7,8,14,Vĩnh Long,Xã An Ngãi Trung,10.0916931,106.5448581,76,Moderate,1,30.6,72,0.0,14.8,254,1006.3,100,12.7,15.2,184.0,1.8,106.0,3.9
2025-07-08 15:00:00,2025,7,8,15,Vĩnh Long,Xã An Ngãi Trung,10.0916931,106.5448581,75,Moderate,1,28.0,84,1.7,15.3,234,1006.3,100,12.7,15.3,182.0,2.0,105.0,4.2
2025-07-08 16:00:00,2025,7,8,16,Vĩnh Long,Xã An Ngãi Trung,10.0916931,106.5448581,75,Moderate,1,27.9,86,0.0,13.8,216,1005.4,96,13.1,15.4,186.0,3.3,101.0,4.7
2025-07-08 17:00:00,2025,7,8,17,Vĩnh Long,Xã An Ngãi Trung,10.0916931,106.5448581,75,Moderate,1,27.4,85,0.0,12.9,224,1005.9,99,14.6,16.5,200.0,6.6,91.0,5.5
2025-07-08 18:00:00,2025,7,8,18,Vĩnh Long,Xã An Ngãi Trung,10.0916931,106.5448581,75,Moderate,1,26.5,87,0.0,10.3,227,1006.3,100,18.7,20.4,220.0,11.0,79.0,6.5
2025-07-08 19:00:00,2025,7,8,19,Vĩnh Long,Xã An Ngãi Trung,10.0916931,106.5448581,75,Moderate,1,25.9,91,0.0,9.0,227,1006.9,100,30.5,33.4,234.0,15.6,65.0,6.9
2025-07-08 20:00:00,2025,7,8,20,Vĩnh Long,Xã An Ngãi Trung,10.0916931,106.5448581,75,Moderate,1,27.1,88,0.0,8.2,209,1007.4,96,36.1,39.2,236.0,17.7,58.0,7.5
2025-07-08 21:00:00,2025,7,8,21,Vĩnh Long,Xã An Ngãi Trung,10.0916931,106.5448581,75,Moderate,1,26.8,89,0.0,8.5,224,1008.0,99,41.2,44.6,232.0,20.5,49.0,8.3
2025-07-08 22:00:00,2025,7,8,22,Vĩnh Long,Xã An Ngãi Trung,10.0916931,106.5448581,75,Moderate,1,26.4,89,0.0,8.7,225,1008.7,99,43.2,46.3,226.0,22.5,42.0,8.9
2025-07-08 23:00:00,2025,7,8,23,Vĩnh Long,Xã An Ngãi Trung,10.0916931,106.5448581,76,Moderate,1,25.9,91,0.0,8.6,244,1009.2,100,42.4,45.4,218.0,22.8,40.0,9.2
2025-07-09 00:00:00,2025,7,9,0,Vĩnh Long,Xã An Ngãi Trung,10.0916931,106.5448581,77,Moderate,1,25.5,92,0.0,10.0,247,1008.9,88,40.3,43.2,207.0,22.1,40.0,9.3
2025-07-09 01:00:00,2025,7,9,1,Vĩnh Long,Xã An Ngãi Trung,10.0916931,106.5448581,78,Moderate,1,25.5,91,0.0,12.1,253,1008.7,55,38.6,41.6,199.0,21.6,41.0,9.3
2025-07-09 02:00:00,2025,7,9,2,Vĩnh Long,Xã An Ngãi Trung,10.0916931,106.5448581,79,Moderate,1,25.5,92,0.0,11.4,257,1008.4,25,37.6,40.6,194.0,21.6,41.0,9.1
2025-07-09 03:00:00,2025,7,9,3,Vĩnh Long,Xã An Ngãi Trung,10.0916931,106.5448581,80,Moderate,1,25.1,94,0.0,10.1,253,1007.5,13,37.1,40.2,192.0,21.7,41.0,8.9
2025-07-09 04:00:00,2025,7,9,4,Vĩnh Long,Xã An Ngãi Trung,10.0916931,106.5448581,81,Moderate,1,24.9,95,0.0,10.4,244,1007.0,5,38.0,41.0,196.0,21.3,41.0,8.7
2025-07-09 05:00:00,2025,7,9,5,Vĩnh Long,Xã An Ngãi Trung,10.0916931,106.5448581,82,Moderate,1,24.8,96,0.0,10.0,249,1007.4,1,39.9,42.8,211.0,20.4,41.0,8.9
2025-07-09 06:00:00,2025,7,9,6,Vĩnh Long,Xã An Ngãi Trung,10.0916931,106.5448581,84,Moderate,1,24.9,96,0.0,9.8,252,1008.2,39,41.6,44.5,232.0,18.9,41.0,9.2
2025-07-09 07:00:00,2025,7,9,7,Vĩnh Long,Xã An Ngãi Trung,10.0916931,106.5448581,85,Moderate,1,26.2,92,0.0,8.9,257,1008.7,41,29.6,32.2,243.0,14.6,50.0,7.5
2025-07-09 08:00:00,2025,7,9,8,Vĩnh Long,Xã An Ngãi Trung,10.0916931,106.5448581,84,Moderate,1,28.3,85,0.0,13.6,248,1009.2,20,22.3,25.4,237.0,11.6,61.0,7.1
2025-07-09 09:00:00,2025,7,9,9,Vĩnh Long,Xã An Ngãi Trung,10.0916931,106.5448581,84,Moderate,1,27.4,80,0.7,22.8,245,1010.4,100,19.3,22.8,221.0,7.5,77.0,6.6
2025-07-09 10:00:00,2025,7,9,10,Vĩnh Long,Xã An Ngãi Trung,10.0916931,106.5448581,84,Moderate,1,27.8,84,0.3,11.1,254,1009.5,13,18.5,22.4,207.0,4.5,88.0,6.1
2025-07-09 11:00:00,2025,7,9,11,Vĩnh Long,Xã An Ngãi Trung,10.0916931,106.5448581,84,Moderate,1,29.1,81,0.1,15.7,254,1009.5,92,16.8,20.3,198.0,3.6,90.0,5.7
2025-07-09 12:00:00,2025,7,9,12,Vĩnh Long,Xã An Ngãi Trung,10.0916931,106.5448581,84,Moderate,1,29.1,77,1.7,18.1,283,1008.7,94,15.7,18.6,190.0,3.9,88.0,5.3
2025-07-09 13:00:00,2025,7,9,13,Vĩnh Long,Xã An Ngãi Trung,10.0916931,106.5448581,84,Moderate,1,29.6,78,0.1,16.8,279,1007.5,19,16.3,18.5,183.0,4.2,86.0,5.1
2025-07-09 14:00:00,2025,7,9,14,Vĩnh Long,Xã An Ngãi Trung,10.0916931,106.5448581,84,Moderate,1,30.0,76,0.1,18.0,259,1006.5,69,16.6,18.4,174.0,4.0,86.0,5.1
2025-07-09 15:00:00,2025,7,9,15,Vĩnh Long,Xã An Ngãi Trung,10.0916931,106.5448581,85,Moderate,1,26.0,90,9.4,13.0,272,1006.2,99,16.2,17.7,166.0,4.0,85.0,5.3
2025-07-09 16:00:00,2025,7,9,16,Vĩnh Long,Xã An Ngãi Trung,10.0916931,106.5448581,85,Moderate,1,26.5,92,0.7,9.3,248,1005.7,26,14.7,15.9,166.0,4.9,81.0,5.7
2025-07-09 17:00:00,2025,7,9,17,Vĩnh Long,Xã An Ngãi Trung,10.0916931,106.5448581,85,Moderate,1,27.4,89,0.2,9.3,261,1005.1,16,14.6,15.8,182.0,7.6,71.0,6.5
2025-07-09 18:00:00,2025,7,9,18,Vĩnh Long,Xã An Ngãi Trung,10.0916931,106.5448581,85,Moderate,1,27.0,92,0.0,10.1,254,1005.4,7,16.9,18.5,206.0,11.3,58.0,7.5
2025-07-09 19:00:00,2025,7,9,19,Vĩnh Long,Xã An Ngãi Trung,10.0916931,106.5448581,85,Moderate,1,26.4,93,0.0,10.8,252,1006.0,4,19.6,22.8,224.0,12.2,57.0,8.6
2025-07-09 20:00:00,2025,7,9,20,Vĩnh Long,Xã An Ngãi Trung,10.0916931,106.5448581,84,Moderate,1,26.9,85,0.0,10.1,258,1007.3,3,21.0,23.9,232.0,13.4,51.0,8.8
2025-07-09 21:00:00,2025,7,9,21,Vĩnh Long,Xã An Ngãi Trung,10.0916931,106.5448581,83,Moderate,1,26.5,85,0.0,10.2,247,1007.8,2,21.9,24.5,234.0,15.1,43.0,9.2
2025-07-09 22:00:00,2025,7,9,22,Vĩnh Long,Xã An Ngãi Trung,10.0916931,106.5448581,81,Moderate,1,26.1,87,0.0,10.0,247,1008.1,35,24.2,26.4,231.0,16.5,36.0,9.3
2025-07-09 23:00:00,2025,7,9,23,Vĩnh Long,Xã An Ngãi Trung,10.0916931,106.5448581,79,Moderate,1,25.9,88,0.0,10.3,254,1007.9,1,25.6,27.6,222.0,17.3,33.0,9.1
2025-07-10 00:00:00,2025,7,10,0,Vĩnh Long,Xã An Ngãi Trung,10.0916931,106.5448581,78,Moderate,1,25.5,90,0.0,10.4,256,1007.3,1,26.6,28.5,208.0,18.0,32.0,8.8
2025-07-10 01:00:00,2025,7,10,1,Vĩnh Long,Xã An Ngãi Trung,10.0916931,106.5448581,77,Moderate,1,25.3,91,0.0,9.4,253,1006.8,28,28.2,30.0,194.0,18.7,30.0,8.5
2025-07-10 02:00:00,2025,7,10,2,Vĩnh Long,Xã An Ngãi Trung,10.0916931,106.5448581,76,Moderate,1,25.0,94,0.0,8.3,243,1006.3,72,30.5,32.2,181.0,20.1,27.0,8.5
2025-07-10 03:00:00,2025,7,10,3,Vĩnh Long,Xã An Ngãi Trung,10.0916931,106.5448581,75,Moderate,1,24.9,95,0.0,9.1,232,1005.8,43,32.9,34.6,168.0,21.7,24.0,8.6
2025-07-10 04:00:00,2025,7,10,4,Vĩnh Long,Xã An Ngãi Trung,10.0916931,106.5448581,75,Moderate,1,24.8,96,0.0,8.7,240,1005.7,31,34.3,36.0,161.0,22.0,23.0,8.5
2025-07-10 05:00:00,2025,7,10,5,Vĩnh Long,Xã An Ngãi Trung,10.0916931,106.5448581,74,Moderate,1,24.8,96,0.0,8.5,246,1005.9,9,35.0,36.6,165.0,20.3,23.0,8.2
2025-07-10 06:00:00,2025,7,10,6,Vĩnh Long,Xã An Ngãi Trung,10.0916931,106.5448581,74,Moderate,1,24.9,96,0.0,8.9,246,1006.2,9,33.8,35.3,176.0,17.3,24.0,7.7
2025-07-10 07:00:00,2025,7,10,7,Vĩnh Long,Xã An Ngãi Trung,10.0916931,106.5448581,73,Moderate,1,26.2,93,0.0,8.9,243,1006.7,2,18.2,19.4,181.0,9.8,41.0,5.8
2025-07-10 08:00:00,2025,7,10,8,Vĩnh Long,Xã An Ngãi Trung,10.0916931,106.5448581,72,Moderate,1,28.3,87,0.0,11.2,242,1006.8,0,17.1,18.5,176.0,8.0,49.0,5.8
2025-07-10 09:00:00,2025,7,10,9,Vĩnh Long,Xã An Ngãi Trung,10.0916931,106.5448581,72,Moderate,1,29.6,79,0.1,17.2,252,1006.8,17,14.9,16.9,166.0,5.6,60.0,5.7
2025-07-10 10:00:00,2025,7,10,10,Vĩnh Long,Xã An Ngãi Trung,10.0916931,106.5448581,71,Moderate,1,30.4,78,0.2,16.9,261,1006.5,22,13.6,15.6,157.0,3.7,70.0,5.6
2025-07-10 11:00:00,2025,7,10,11,Vĩnh Long,Xã An Ngãi Trung,10.0916931,106.5448581,71,Moderate,1,31.2,73,0.2,18.9,268,1005.8,17,12.5,14.1,151.0,2.8,77.0,5.4
2025-07-10 12:00:00,2025,7,10,12,Vĩnh Long,Xã An Ngãi Trung,10.0916931,106.5448581,71,Moderate,1,28.2,80,7.4,24.4,253,1006.3,79,11.7,12.9,147.0,2.4,82.0,5.1
2025-07-10 13:00:00,2025,7,10,13,Vĩnh Long,Xã An Ngãi Trung,10.0916931,106.5448581,70,Moderate,1,28.6,86,1.4,12.5,230,1005.2,66,11.6,12.9,143.0,2.5,84.0,5.1
2025-07-10 14:00:00,2025,7,10,14,Vĩnh Long,Xã An Ngãi Trung,10.0916931,106.5448581,70,Moderate,1,28.5,84,0.5,16.3,256,1004.5,83,13.3,14.5,139.0,3.1,83.0,5.4
2025-07-10 15:00:00,2025,7,10,15,Vĩnh Long,Xã An Ngãi Trung,10.0916931,106.5448581,70,Moderate,1,29.2,81,0.1,19.4,254,1003.5,95,14.4,16.2,136.0,4.1,80.0,6.0
2025-07-10 16:00:00,2025,7,10,16,Vĩnh Long,Xã An Ngãi Trung,10.0916931,106.5448581,69,Moderate,1,29.0,79,0.0,18.0,244,1002.9,83,15.8,17.6,137.0,5.5,75.0,6.4
2025-07-10 17:00:00,2025,7,10,17,Vĩnh Long,Xã An Ngãi Trung,10.0916931,106.5448581,70,Moderate,1,29.0,80,0.0,16.3,242,1002.8,53,16.6,18.5,147.0,7.6,66.0,6.6
2025-07-10 18:00:00,2025,7,10,18,Vĩnh Long,Xã An Ngãi Trung,10.0916931,106.5448581,70,Moderate,1,28.0,84,0.0,13.0,237,1003.5,52,16.8,18.5,161.0,10.0,56.0,6.6
2025-07-10 19:00:00,2025,7,10,19,Vĩnh Long,Xã An Ngãi Trung,10.0916931,106.5448581,70,Moderate,1,27.4,86,0.0,10.5,243,1004.2,16,18.8,20.4,173.0,11.7,51.0,6.4
2025-07-10 20:00:00,2025,7,10,20,Vĩnh Long,Xã An Ngãi Trung,10.0916931,106.5448581,70,Moderate,1,27.4,84,0.0,13.6,226,1004.6,49,19.3,20.8,180.0,12.0,48.0,6.4
2025-07-10 21:00:00,2025,7,10,21,Vĩnh Long,Xã An Ngãi Trung,10.0916931,106.5448581,69,Moderate,1,27.3,84,0.0,13.6,226,1005.3,53,19.4,20.9,183.0,12.4,43.0,6.4
2025-07-10 22:00:00,2025,7,10,22,Vĩnh Long,Xã An Ngãi Trung,10.0916931,106.5448581,69,Moderate,1,27.0,85,0.0,13.5,224,1005.6,97,19.8,21.5,183.0,12.9,40.0,6.3
2025-07-10 23:00:00,2025,7,10,23,Vĩnh Long,Xã An Ngãi Trung,10.0916931,106.5448581,69,Moderate,1,26.8,86,0.0,13.5,229,1005.7,96,21.0,22.8,176.0,13.3,38.0,6.1
2025-07-11 00:00:00,2025,7,11,0,Vĩnh Long,Xã An Ngãi Trung,10.0916931,106.5448581,68,Moderate,1,26.4,88,0.0,11.8,226,1005.5,95,21.8,23.7,165.0,13.8,38.0,5.9
2025-07-11 01:00:00,2025,7,11,1,Vĩnh Long,Xã An Ngãi Trung,10.0916931,106.5448581,68,Moderate,1,26.2,88,0.0,13.1,228,1005.3,61,22.8,24.9,155.0,14.2,37.0,5.8
2025-07-11 02:00:00,2025,7,11,2,Vĩnh Long,Xã An Ngãi Trung,10.0916931,106.5448581,68,Moderate,1,26.0,88,0.0,12.8,231,1004.3,91,24.0,26.2,148.0,14.7,36.0,5.8
2025-07-11 03:00:00,2025,7,11,3,Vĩnh Long,Xã An Ngãi Trung,10.0916931,106.5448581,67,Moderate,1,25.8,90,0.0,12.1,233,1004.1,65,24.4,26.6,142.0,15.1,35.0,5.9
2025-07-11 04:00:00,2025,7,11,4,Vĩnh Long,Xã An Ngãi Trung,10.0916931,106.5448581,66,Moderate,1,25.7,91,0.0,12.1,237,1004.2,69,24.0,26.3,140.0,14.9,35.0,6.0
2025-07-11 05:00:00,2025,7,11,5,Vĩnh Long,Xã An Ngãi Trung,10.0916931,106.5448581,65,Moderate,1,25.7,91,0.0,12.7,237,1004.2,39,21.9,24.2,143.0,13.9,34.0,6.1
2025-07-11 06:00:00,2025,7,11,6,Vĩnh Long,Xã An Ngãi Trung,10.0916931,106.5448581,64,Moderate,1,25.7,92,0.0,11.1,239,1004.4,56,19.8,21.9,149.0,12.2,35.0,6.2
2025-07-11 07:00:00,2025,7,11,7,Vĩnh Long,Xã An Ngãi Trung,10.0916931,106.5448581,63,Moderate,1,26.9,90,0.0,13.0,245,1005.1,71,18.7,21.0,153.0,9.8,39.0,6.1
2025-07-11 08:00:00,2025,7,11,8,Vĩnh Long,Xã An Ngãi Trung,10.0916931,106.5448581,63,Moderate,1,28.1,85,1.2,16.6,253,1005.3,91,14.4,16.8,151.0,8.0,48.0,5.9
2025-07-11 09:00:00,2025,7,11,9,Vĩnh Long,Xã An Ngãi Trung,10.0916931,106.5448581,63,Moderate,1,28.8,81,0.0,18.4,250,1005.6,82,12.4,15.2,147.0,5.4,60.0,5.7
2025-07-11 10:00:00,2025,7,11,10,Vĩnh Long,Xã An Ngãi Trung,10.0916931,106.5448581,62,Moderate,1,29.8,78,0.1,18.0,250,1005.6,96,12.5,15.3,143.0,3.4,71.0,5.4
2025-07-11 11:00:00,2025,7,11,11,Vĩnh Long,Xã An Ngãi Trung,10.0916931,106.5448581,62,Moderate,1,30.9,73,0.1,18.0,254,1004.8,100,12.6,15.4,140.0,2.4,78.0,5.1
2025-07-11 12:00:00,2025,7,11,12,Vĩnh Long,Xã An Ngãi Trung,10.0916931,106.5448581,62,Moderate,1,31.4,72,0.0,17.8,258,1004.0,99,12.1,14.8,137.0,2.0,84.0,4.8
2025-07-11 13:00:00,2025,7,11,13,Vĩnh Long,Xã An Ngãi Trung,10.0916931,106.5448581,62,Moderate,1,30.9,73,1.5,20.5,267,1003.6,95,11.2,13.6,136.0,2.0,87.0,4.7
2025-07-11 14:00:00,2025,7,11,14,Vĩnh Long,Xã An Ngãi Trung,10.0916931,106.5448581,62,Moderate,1,30.1,76,2.9,15.0,252,1002.9,93,11.7,13.7,138.0,2.3,87.0,5.0
2025-07-11 15:00:00,2025,7,11,15,Vĩnh Long,Xã An Ngãi Trung,10.0916931,106.5448581,62,Moderate,1,29.2,78,1.5,17.2,256,1002.9,92,13.1,15.0,142.0,3.1,84.0,5.6
2025-07-11 16:00:00,2025,7,11,16,Vĩnh Long,Xã An Ngãi Trung,10.0916931,106.5448581,62,Moderate,1,28.8,82,0.1,14.5,255,1002.9,74,14.2,16.3,152.0,4.6,78.0,6.1
2025-07-11 17:00:00,2025,7,11,17,Vĩnh Long,Xã An Ngãi Trung,10.0916931,106.5448581,62,Moderate,1,27.9,84,0.9,14.7,256,1003.2,44,15.3,17.6,175.0,7.1,69.0,6.5
2025-07-11 18:00:00,2025,7,11,18,Vĩnh Long,Xã An Ngãi Trung,10.0916931,106.5448581,62,Moderate,1,27.0,90,0.1,6.9,253,1003.8,9,16.8,19.1,205.0,10.3,57.0,6.9
2025-07-11 19:00:00,2025,7,11,19,Vĩnh Long,Xã An Ngãi Trung,10.0916931,106.5448581,62,Moderate,1,26.4,93,0.0,7.6,239,1004.7,20,25.1,28.3,225.0,16.3,43.0,8.8
2025-07-11 20:00:00,2025,7,11,20,Vĩnh Long,Xã An Ngãi Trung,10.0916931,106.5448581,62,Moderate,1,26.4,89,0.0,10.3,234,1005.4,67,32.7,35.4,228.0,17.8,37.0,9.1
2025-07-11 21:00:00,2025,7,11,21,Vĩnh Long,Xã An Ngãi Trung,10.0916931,106.5448581,64,Moderate,1,26.1,91,0.0,9.2,231,1006.0,62,32.8,35.3,221.0,20.0,30.0,9.5
2025-07-11 22:00:00,2025,7,11,22,Vĩnh Long,Xã An Ngãi Trung,10.0916931,106.5448581,65,Moderate,1,26.0,92,0.0,9.9,225,1006.6,14,32.2,34.5,211.0,21.3,24.0,9.6
2025-07-11 23:00:00,2025,7,11,23,Vĩnh Long,Xã An Ngãi Trung,10.0916931,106.5448581,66,Moderate,1,25.8,93,0.0,9.0,217,1006.9,53,31.4,33.6,199.0,21.2,23.0,9.1
2025-07-12 00:00:00,2025,7,12,0,Vĩnh Long,Xã An Ngãi Trung,10.0916931,106.5448581,67,Moderate,1,25.8,94,0.0,11.1,227,1006.6,5,30.6,32.8,184.0,20.4,23.0,8.3
2025-07-12 01:00:00,2025,7,12,1,Vĩnh Long,Xã An Ngãi Trung,10.0916931,106.5448581,68,Moderate,1,25.7,93,0.0,11.7,238,1006.1,16,30.0,32.4,171.0,19.5,24.0,7.6
2025-07-12 02:00:00,2025,7,12,2,Vĩnh Long,Xã An Ngãi Trung,10.0916931,106.5448581,68,Moderate,1,25.6,94,0.0,11.1,236,1005.6,16,28.4,30.7,160.0,18.8,24.0,7.2
2025-07-12 03:00:00,2025,7,12,3,Vĩnh Long,Xã An Ngãi Trung,10.0916931,106.5448581,69,Moderate,1,25.5,94,0.0,11.4,245,1005.1,12,27.1,29.4,150.0,18.1,24.0,7.0
2025-07-12 04:00:00,2025,7,12,4,Vĩnh Long,Xã An Ngãi Trung,10.0916931,106.5448581,69,Moderate,1,25.5,95,0.0,10.5,248,1005.4,31,26.5,28.7,145.0,17.2,24.0,7.0
2025-07-12 05:00:00,2025,7,12,5,Vĩnh Long,Xã An Ngãi Trung,10.0916931,106.5448581,69,Moderate,1,25.4,96,0.0,9.2,249,1005.5,20,26.9,29.1,149.0,16.1,23.0,7.3
2025-07-12 06:00:00,2025,7,12,6,Vĩnh Long,Xã An Ngãi Trung,10.0916931,106.5448581,70,Moderate,1,25.4,96,0.0,8.8,242,1005.8,22,29.4,31.5,157.0,14.8,23.0,7.7
2025-07-12 07:00:00,2025,7,12,7,Vĩnh Long,Xã An Ngãi Trung,10.0916931,106.5448581,70,Moderate,1,26.6,91,0.0,12.6,244,1006.4,42,21.0,22.1,161.0,11.4,29.0,7.4
2025-07-12 08:00:00,2025,7,12,8,Vĩnh Long,Xã An Ngãi Trung,10.0916931,106.5448581,71,Moderate,1,28.4,86,0.0,11.8,244,1006.8,53,16.9,18.9,156.0,9.1,40.0,6.9
2025-07-12 09:00:00,2025,7,12,9,Vĩnh Long,Xã An Ngãi Trung,10.0916931,106.5448581,71,Moderate,1,29.5,79,0.0,13.0,245,1007.1,20,13.9,16.4,147.0,5.9,55.0,6.3
2025-07-12 10:00:00,2025,7,12,10,Vĩnh Long,Xã An Ngãi Trung,10.0916931,106.5448581,71,Moderate,1,30.5,74,0.0,14.9,243,1006.8,32,13.4,16.2,140.0,3.5,67.0,5.6
2025-07-12 11:00:00,2025,7,12,11,Vĩnh Long,Xã An Ngãi Trung,10.0916931,106.5448581,71,Moderate,1,31.1,72,0.1,16.9,248,1006.6,20,12.7,16.1,136.0,2.6,72.0,4.8
2025-07-12 12:00:00,2025,7,12,12,Vĩnh Long,Xã An Ngãi Trung,10.0916931,106.5448581,71,Moderate,1,31.5,71,1.7,15.1,250,1006.2,34,12.5,17.3,133.0,2.4,74.0,4.0
2025-07-12 13:00:00,2025,7,12,13,Vĩnh Long,Xã An Ngãi Trung,10.0916931,106.5448581,71,Moderate,1,28.2,86,3.7,11.4,251,1006.3,100,13.2,18.9,133.0,2.7,75.0,3.6
2025-07-12 14:00:00,2025,7,12,14,Vĩnh Long,Xã An Ngãi Trung,10.0916931,106.5448581,71,Moderate,1,28.8,85,0.1,8.7,233,1005.4,39,13.2,18.0,135.0,3.1,78.0,4.0
2025-07-12 15:00:00,2025,7,12,15,Vĩnh Long,Xã An Ngãi Trung,10.0916931,106.5448581,71,Moderate,1,28.6,80,1.1,12.8,214,1005.0,74,15.0,18.7,139.0,3.9,80.0,4.9
2025-07-12 16:00:00,2025,7,12,16,Vĩnh Long,Xã An Ngãi Trung,10.0916931,106.5448581,72,Moderate,1,28.5,80,0.7,11.3,236,1005.1,99,19.8,23.6,149.0,5.8,78.0,5.8
2025-07-12 17:00:00,2025,7,12,17,Vĩnh Long,Xã An Ngãi Trung,10.0916931,106.5448581,72,Moderate,1,27.8,85,0.1,8.9,238,1005.4,92,19.3,23.3,171.0,9.6,70.0,6.7
2025-07-12 18:00:00,2025,7,12,18,Vĩnh Long,Xã An Ngãi Trung,10.0916931,106.5448581,72,Moderate,1,27.4,88,0.0,5.6,239,1005.5,84,24.1,27.6,198.0,14.4,58.0,7.6
2025-07-12 19:00:00,2025,7,12,19,Vĩnh Long,Xã An Ngãi Trung,10.0916931,106.5448581,73,Moderate,1,26.5,92,0.0,4.8,233,1006.4,99,32.4,38.9,220.0,17.4,50.0,7.4
2025-07-12 20:00:00,2025,7,12,20,Vĩnh Long,Xã An Ngãi Trung,10.0916931,106.5448581,74,Moderate,1,27.2,86,0.0,8.1,201,1006.6,99,37.5,43.3,231.0,18.2,46.0,7.8
2025-07-12 21:00:00,2025,7,12,21,Vĩnh Long,Xã An Ngãi Trung,10.0916931,106.5448581,74,Moderate,1,26.6,89,0.0,6.4,202,1007.5,100,38.9,44.4,236.0,19.3,39.0,8.2
2025-07-12 22:00:00,2025,7,12,22,Vĩnh Long,Xã An Ngãi Trung,10.0916931,106.5448581,75,Moderate,1,26.7,88,0.0,8.3,219,1007.7,100,36.7,41.7,236.0,20.1,34.0,8.4
2025-07-12 23:00:00,2025,7,12,23,Vĩnh Long,Xã An Ngãi Trung,10.0916931,106.5448581,75,Moderate,1,26.5,90,0.0,8.3,229,1007.8,100,35.6,40.6,229.0,20.3,31.0,8.0
2025-07-13 00:00:00,2025,7,13,0,Vĩnh Long,Xã An Ngãi Trung,10.0916931,106.5448581,75,Moderate,1,26.2,90,0.0,9.4,234,1007.6,100,35.5,40.4,217.0,20.1,29.0,7.3
2025-07-13 01:00:00,2025,7,13,1,Vĩnh Long,Xã An Ngãi Trung,10.0916931,106.5448581,76,Moderate,1,26.0,89,0.0,9.8,238,1007.4,100,35.9,40.9,206.0,19.9,27.0,6.8
2025-07-13 02:00:00,2025,7,13,2,Vĩnh Long,Xã An Ngãi Trung,10.0916931,106.5448581,76,Moderate,1,25.8,89,0.0,9.6,229,1007.0,20,37.0,42.0,197.0,19.7,25.0,6.7
2025-07-13 03:00:00,2025,7,13,3,Vĩnh Long,Xã An Ngãi Trung,10.0916931,106.5448581,77,Moderate,1,25.5,90,0.0,8.8,237,1006.4,81,36.9,42.0,189.0,19.5,24.0,6.7
2025-07-13 04:00:00,2025,7,13,4,Vĩnh Long,Xã An Ngãi Trung,10.0916931,106.5448581,78,Moderate,1,25.3,92,0.0,7.7,237,1006.6,100,32.8,38.4,184.0,18.8,24.0,6.8
2025-07-13 05:00:00,2025,7,13,5,Vĩnh Long,Xã An Ngãi Trung,10.0916931,106.5448581,79,Moderate,1,25.4,92,0.0,8.1,233,1006.9,100,28.0,34.1,183.0,17.6,24.0,6.9
2025-07-13 06:00:00,2025,7,13,6,Vĩnh Long,Xã An Ngãi Trung,10.0916931,106.5448581,79,Moderate,1,25.5,92,0.0,8.5,235,1007.3,95,26.7,32.6,185.0,16.0,26.0,7.1
2025-07-13 07:00:00,2025,7,13,7,Vĩnh Long,Xã An Ngãi Trung,10.0916931,106.5448581,78,Moderate,1,26.9,87,0.0,16.4,249,1008.1,99,19.7,28.3,184.0,8.8,38.0,4.9
2025-07-13 08:00:00,2025,7,13,8,Vĩnh Long,Xã An Ngãi Trung,10.0916931,106.5448581,78,Moderate,1,28.6,83,0.0,10.0,240,1008.2,65,16.7,23.6,178.0,7.5,45.0,5.3
2025-07-13 09:00:00,2025,7,13,9,Vĩnh Long,Xã An Ngãi Trung,10.0916931,106.5448581,78,Moderate,1,29.5,79,0.1,14.4,250,1008.2,55,16.1,24.1,169.0,5.7,55.0,5.9
2025-07-13 10:00:00,2025,7,13,10,Vĩnh Long,Xã An Ngãi Trung,10.0916931,106.5448581,79,Moderate,1,28.6,82,1.0,13.2,238,1008.3,100,16.4,24.4,160.0,4.2,64.0,6.1
2025-07-13 11:00:00,2025,7,13,11,Vĩnh Long,Xã An Ngãi Trung,10.0916931,106.5448581,79,Moderate,1,30.0,79,0.1,11.5,248,1008.0,37,16.7,25.5,149.0,3.4,70.0,5.6
2025-07-13 12:00:00,2025,7,13,12,Vĩnh Long,Xã An Ngãi Trung,10.0916931,106.5448581,79,Moderate,1,31.0,73,0.3,13.5,254,1007.4,96,16.8,25.4,137.0,2.9,74.0,4.8
2025-07-13 13:00:00,2025,7,13,13,Vĩnh Long,Xã An Ngãi Trung,10.0916931,106.5448581,80,Moderate,1,30.8,73,2.4,13.9,271,1006.7,76,17.0,24.6,130.0,3.0,76.0,4.3
2025-07-13 14:00:00,2025,7,13,14,Vĩnh Long,Xã An Ngãi Trung,10.0916931,106.5448581,80,Moderate,1,28.2,81,4.8,18.1,247,1006.8,96,18.6,25.7,131.0,3.5,76.0,4.4
2025-07-13 15:00:00,2025,7,13,15,Vĩnh Long,Xã An Ngãi Trung,10.0916931,106.5448581,80,Moderate,1,27.2,85,0.3,15.5,245,1006.3,91,20.1,26.0,137.0,4.6,73.0,4.9
2025-07-13 16:00:00,2025,7,13,16,Vĩnh Long,Xã An Ngãi Trung,10.0916931,106.5448581,81,Moderate,1,28.1,81,0.1,16.2,243,1005.9,65,20.5,25.6,149.0,6.6,69.0,5.7
2025-07-13 17:00:00,2025,7,13,17,Vĩnh Long,Xã An Ngãi Trung,10.0916931,106.5448581,81,Moderate,1,28.0,84,0.1,9.7,259,1005.9,88,23.3,27.5,168.0,10.3,62.0,6.8
2025-07-13 18:00:00,2025,7,13,18,Vĩnh Long,Xã An Ngãi Trung,10.0916931,106.5448581,81,Moderate,1,27.4,87,0.0,8.4,239,1005.8,100,27.9,31.9,192.0,15.0,53.0,8.2
2025-07-13 19:00:00,2025,7,13,19,Vĩnh Long,Xã An Ngãi Trung,10.0916931,106.5448581,82,Moderate,1,26.6,90,0.0,6.0,253,1006.2,74,31.8,38.3,215.0,18.5,45.0,8.9
2025-07-13 20:00:00,2025,7,13,20,Vĩnh Long,Xã An Ngãi Trung,10.0916931,106.5448581,81,Moderate,1,26.1,91,0.0,9.1,248,1007.4,99,39.2,45.6,237.0,21.3,39.0,10.1
2025-07-13 21:00:00,2025,7,13,21,Vĩnh Long,Xã An Ngãi Trung,10.0916931,106.5448581,82,Moderate,1,26.0,93,0.0,9.1,236,1007.7,73,43.7,49.9,258.0,25.0,30.0,11.7
2025-07-13 22:00:00,2025,7,13,22,Vĩnh Long,Xã An Ngãi Trung,10.0916931,106.5448581,82,Moderate,1,26.0,94,0.0,9.0,224,1008.2,60,46.8,53.0,269.0,27.5,23.0,12.5
2025-07-13 23:00:00,2025,7,13,23,Vĩnh Long,Xã An Ngãi Trung,10.0916931,106.5448581,83,Moderate,1,25.9,94,0.0,9.1,238,1008.4,34,47.4,53.2,263.0,27.5,20.0,11.9
2025-07-14 00:00:00,2025,7,14,0,Vĩnh Long,Xã An Ngãi Trung,10.0916931,106.5448581,84,Moderate,1,25.5,94,0.0,9.2,235,1008.2,54,45.8,51.2,247.0,26.2,19.0,10.6
2025-07-14 01:00:00,2025,7,14,1,Vĩnh Long,Xã An Ngãi Trung,10.0916931,106.5448581,85,Moderate,1,25.3,94,0.0,8.2,238,1007.9,83,43.5,48.4,230.0,25.0,19.0,9.4
2025-07-14 02:00:00,2025,7,14,2,Vĩnh Long,Xã An Ngãi Trung,10.0916931,106.5448581,86,Moderate,1,25.1,95,0.0,8.3,243,1007.5,60,40.7,45.2,212.0,24.4,18.0,8.6
2025-07-14 03:00:00,2025,7,14,3,Vĩnh Long,Xã An Ngãi Trung,10.0916931,106.5448581,86,Moderate,1,25.0,96,0.0,7.6,236,1007.2,92,39.1,43.2,193.0,23.8,18.0,7.9
2025-07-14 04:00:00,2025,7,14,4,Vĩnh Long,Xã An Ngãi Trung,10.0916931,106.5448581,86,Moderate,1,25.0,96,0.0,7.6,242,1007.2,92,39.8,43.7,183.0,22.7,18.0,7.5
2025-07-14 05:00:00,2025,7,14,5,Vĩnh Long,Xã An Ngãi Trung,10.0916931,106.5448581,87,Moderate,1,25.0,96,0.0,7.9,246,1007.2,64,41.3,45.1,190.0,21.0,19.0,7.6
2025-07-14 06:00:00,2025,7,14,6,Vĩnh Long,Xã An Ngãi Trung,10.0916931,106.5448581,88,Moderate,1,25.1,96,0.0,8.1,249,1007.2,9,41.1,44.7,206.0,18.8,21.0,7.9
2025-07-14 07:00:00,2025,7,14,7,Vĩnh Long,Xã An Ngãi Trung,10.0916931,106.5448581,89,Moderate,1,26.4,93,0.0,7.3,240,1007.6,36,36.9,39.5,212.0,16.5,23.0,7.1
2025-07-14 08:00:00,2025,7,14,8,Vĩnh Long,Xã An Ngãi Trung,10.0916931,106.5448581,91,Moderate,1,28.5,85,0.0,8.0,236,1008.2,81,24.4,28.3,197.0,12.9,36.0,6.7
2025-07-14 09:00:00,2025,7,14,9,Vĩnh Long,Xã An Ngãi Trung,10.0916931,106.5448581,91,Moderate,1,29.7,78,0.1,11.0,236,1008.3,70,18.5,23.8,172.0,7.8,54.0,6.2
2025-07-14 10:00:00,2025,7,14,10,Vĩnh Long,Xã An Ngãi Trung,10.0916931,106.5448581,92,Moderate,1,30.5,74,0.1,14.1,236,1008.3,92,18.1,24.4,153.0,4.0,69.0,5.7
2025-07-14 11:00:00,2025,7,14,11,Vĩnh Long,Xã An Ngãi Trung,10.0916931,106.5448581,92,Moderate,1,27.5,86,6.1,9.6,257,1008.7,100,18.3,25.3,146.0,2.5,78.0,5.2
2025-07-14 12:00:00,2025,7,14,12,Vĩnh Long,Xã An Ngãi Trung,10.0916931,106.5448581,92,Moderate,1,28.4,85,0.1,6.7,234,1007.9,94,17.5,23.9,144.0,2.2,84.0,4.8
2025-07-14 13:00:00,2025,7,14,13,Vĩnh Long,Xã An Ngãi Trung,10.0916931,106.5448581,92,Moderate,1,30.9,76,0.2,12.9,245,1006.9,89,16.4,21.9,144.0,2.5,85.0,4.5
2025-07-14 14:00:00,2025,7,14,14,Vĩnh Long,Xã An Ngãi Trung,10.0916931,106.5448581,92,Moderate,1,27.9,85,1.0,14.3,245,1006.5,88,13.3,17.4,141.0,3.0,80.0,4.2
2025-07-14 15:00:00,2025,7,14,15,Vĩnh Long,Xã An Ngãi Trung,10.0916931,106.5448581,91,Moderate,1,29.2,79,0.1,16.2,238,1005.4,93,14.0,17.8,139.0,4.0,71.0,4.1
2025-07-14 16:00:00,2025,7,14,16,Vĩnh Long,Xã An Ngãi Trung,10.0916931,106.5448581,91,Moderate,1,29.3,77,0.1,15.6,239,1005.0,91,16.2,19.4,146.0,5.9,63.0,4.4
2025-07-14 17:00:00,2025,7,14,17,Vĩnh Long,Xã An Ngãi Trung,10.0916931,106.5448581,91,Moderate,1,28.6,80,0.2,13.5,245,1005.1,77,18.5,21.7,171.0,9.2,57.0,5.4
2025-07-14 18:00:00,2025,7,14,18,Vĩnh Long,Xã An Ngãi Trung,10.0916931,106.5448581,90,Moderate,1,27.5,85,0.1,9.7,245,1005.3,76,23.1,25.8,205.0,13.4,52.0,6.9
2025-07-14 19:00:00,2025,7,14,19,Vĩnh Long,Xã An Ngãi Trung,10.0916931,106.5448581,90,Moderate,1,26.4,91,0.0,5.5,218,1005.5,4,29.2,33.8,233.0,16.3,47.0,7.6
2025-07-14 20:00:00,2025,7,14,20,Vĩnh Long,Xã An Ngãi Trung,10.0916931,106.5448581,89,Moderate,1,26.4,93,0.0,6.4,232,1006.8,84,34.8,39.2,252.0,16.6,43.0,7.7
2025-07-14 21:00:00,2025,7,14,21,Vĩnh Long,Xã An Ngãi Trung,10.0916931,106.5448581,89,Moderate,1,26.2,93,0.0,7.8,224,1007.3,8,34.5,38.9,265.0,17.1,38.0,7.9
2025-07-14 22:00:00,2025,7,14,22,Vĩnh Long,Xã An Ngãi Trung,10.0916931,106.5448581,88,Moderate,1,26.0,93,0.0,7.5,217,1007.7,20,30.9,35.6,268.0,17.6,33.0,7.9
2025-07-14 23:00:00,2025,7,14,23,Vĩnh Long,Xã An Ngãi Trung,10.0916931,106.5448581,87,Moderate,1,26.0,93,0.0,9.3,220,1008.0,70,29.2,34.6,253.0,18.0,29.0,7.7
2025-07-15 00:00:00,2025,7,15,0,Vĩnh Long,Xã An Ngãi Trung,10.0916931,106.5448581,85,Moderate,1,25.9,92,0.0,11.4,235,1008.1,61,30.3,36.2,228.0,18.5,27.0,7.4
2025-07-15 01:00:00,2025,7,15,1,Vĩnh Long,Xã An Ngãi Trung,10.0916931,106.5448581,84,Moderate,1,25.6,93,0.0,10.2,239,1007.5,88,33.4,39.7,209.0,19.0,24.0,7.2
2025-07-15 02:00:00,2025,7,15,2,Vĩnh Long,Xã An Ngãi Trung,10.0916931,106.5448581,83,Moderate,1,25.4,94,0.0,9.1,236,1007.2,94,36.8,43.4,201.0,19.9,21.0,7.1
2025-07-15 03:00:00,2025,7,15,3,Vĩnh Long,Xã An Ngãi Trung,10.0916931,106.5448581,83,Moderate,1,25.1,96,0.0,7.1,234,1006.6,94,38.2,45.2,199.0,20.9,19.0,7.1
2025-07-15 04:00:00,2025,7,15,4,Vĩnh Long,Xã An Ngãi Trung,10.0916931,106.5448581,83,Moderate,1,25.0,96,0.0,7.8,232,1006.0,50,37.3,44.4,202.0,20.7,19.0,7.1
2025-07-15 05:00:00,2025,7,15,5,Vĩnh Long,Xã An Ngãi Trung,10.0916931,106.5448581,82,Moderate,1,25.0,96,0.0,7.9,231,1006.4,22,34.7,41.8,214.0,18.4,22.0,7.0
2025-07-15 06:00:00,2025,7,15,6,Vĩnh Long,Xã An Ngãi Trung,10.0916931,106.5448581,82,Moderate,1,25.0,96,0.0,8.2,232,1006.7,74,33.4,40.3,231.0,14.9,27.0,6.9
2025-07-15 07:00:00,2025,7,15,7,Vĩnh Long,Xã An Ngãi Trung,10.0916931,106.5448581,81,Moderate,1,26.4,93,0.0,8.5,241,1007.2,31,31.4,34.8,236.0,13.2,28.0,6.5
2025-07-15 08:00:00,2025,7,15,8,Vĩnh Long,Xã An Ngãi Trung,10.0916931,106.5448581,81,Moderate,1,28.5,85,0.0,9.5,231,1007.4,92,23.0,27.5,216.0,10.4,42.0,6.3
2025-07-15 09:00:00,2025,7,15,9,Vĩnh Long,Xã An Ngãi Trung,10.0916931,106.5448581,80,Moderate,1,29.7,77,0.0,15.1,239,1007.5,98,18.4,22.9,183.0,6.6,62.0,5.9
2025-07-15 10:00:00,2025,7,15,10,Vĩnh Long,Xã An Ngãi Trung,10.0916931,106.5448581,80,Moderate,1,28.6,79,0.4,18.8,240,1008.0,100,17.2,21.5,160.0,3.8,77.0,5.5
2025-07-15 11:00:00,2025,7,15,11,Vĩnh Long,Xã An Ngãi Trung,10.0916931,106.5448581,80,Moderate,1,30.0,78,0.2,13.0,228,1007.2,71,13.7,17.3,157.0,2.9,85.0,4.8
2025-07-15 12:00:00,2025,7,15,12,Vĩnh Long,Xã An Ngãi Trung,10.0916931,106.5448581,80,Moderate,1,31.2,70,0.1,14.9,245,1006.6,65,11.9,13.7,164.0,2.9,89.0,4.1
2025-07-15 13:00:00,2025,7,15,13,Vĩnh Long,Xã An Ngãi Trung,10.0916931,106.5448581,79,Moderate,1,26.4,90,1.4,12.2,251,1007.0,100,11.8,12.8,171.0,3.2,90.0,3.5
2025-07-15 14:00:00,2025,7,15,14,Vĩnh Long,Xã An Ngãi Trung,10.0916931,106.5448581,79,Moderate,1,28.0,87,0.4,12.9,255,1006.3,100,11.4,12.2,173.0,3.3,90.0,3.1
2025-07-15 15:00:00,2025,7,15,15,Vĩnh Long,Xã An Ngãi Trung,10.0916931,106.5448581,79,Moderate,1,28.1,85,0.3,11.3,222,1005.4,90,11.9,12.8,176.0,3.7,87.0,2.8
2025-07-15 16:00:00,2025,7,15,16,Vĩnh Long,Xã An Ngãi Trung,10.0916931,106.5448581,79,Moderate,1,27.0,87,1.0,15.1,216,1005.6,100,13.0,14.0,186.0,5.2,82.0,3.1
2025-07-15 17:00:00,2025,7,15,17,Vĩnh Long,Xã An Ngãi Trung,10.0916931,106.5448581,78,Moderate,1,26.9,89,0.5,10.6,224,1005.4,96,14.7,15.5,210.0,8.6,74.0,4.3
2025-07-15 18:00:00,2025,7,15,18,Vĩnh Long,Xã An Ngãi Trung,10.0916931,106.5448581,78,Moderate,1,26.4,91,0.0,7.0,235,1006.1,77,19.6,20.4,241.0,13.1,63.0,6.0
2025-07-15 19:00:00,2025,7,15,19,Vĩnh Long,Xã An Ngãi Trung,10.0916931,106.5448581,78,Moderate,1,26.0,93,0.0,6.7,211,1006.1,95,30.6,32.8,265.0,14.1,69.0,6.0
2025-07-15 20:00:00,2025,7,15,20,Vĩnh Long,Xã An Ngãi Trung,10.0916931,106.5448581,78,Moderate,1,25.8,93,0.0,8.7,217,1007.0,100,32.1,33.9,277.0,14.7,65.0,6.2
2025-07-15 21:00:00,2025,7,15,21,Vĩnh Long,Xã An Ngãi Trung,10.0916931,106.5448581,78,Moderate,1,25.5,95,0.0,5.9,207,1007.8,86,33.3,35.2,282.0,15.4,59.0,6.4
2025-07-15 22:00:00,2025,7,15,22,Vĩnh Long,Xã An Ngãi Trung,10.0916931,106.5448581,78,Moderate,1,25.6,95,0.0,6.8,202,1008.4,67,33.8,35.6,281.0,15.9,54.0,6.4
2025-07-15 23:00:00,2025,7,15,23,Vĩnh Long,Xã An Ngãi Trung,10.0916931,106.5448581,78,Moderate,1,25.6,95,0.0,8.6,213,1008.4,93,34.0,36.1,271.0,15.8,52.0,6.1
2025-07-16 00:00:00,2025,7,16,0,Vĩnh Long,Xã An Ngãi Trung,10.0916931,106.5448581,78,Moderate,1,25.5,95,0.0,6.4,212,1007.9,98,33.2,35.4,254.0,15.4,51.0,5.6
2025-07-16 01:00:00,2025,7,16,1,Vĩnh Long,Xã An Ngãi Trung,10.0916931,106.5448581,78,Moderate,1,25.4,96,0.0,7.1,218,1007.4,98,33.1,35.2,240.0,15.4,49.0,5.3
2025-07-16 02:00:00,2025,7,16,2,Vĩnh Long,Xã An Ngãi Trung,10.0916931,106.5448581,78,Moderate,1,25.3,96,0.0,7.1,221,1007.0,96,33.3,35.4,233.0,16.3,46.0,5.3
2025-07-16 03:00:00,2025,7,16,3,Vĩnh Long,Xã An Ngãi Trung,10.0916931,106.5448581,78,Moderate,1,25.2,96,0.0,6.5,222,1006.5,78,34.8,37.0,228.0,17.6,42.0,5.4
2025-07-16 04:00:00,2025,7,16,4,Vĩnh Long,Xã An Ngãi Trung,10.0916931,106.5448581,78,Moderate,1,25.2,97,0.0,5.9,211,1006.2,70,37.7,39.8,227.0,18.1,40.0,5.7
2025-07-16 05:00:00,2025,7,16,5,Vĩnh Long,Xã An Ngãi Trung,10.0916931,106.5448581,78,Moderate,1,25.2,97,0.0,7.1,216,1006.5,90,40.4,42.6,232.0,17.5,41.0,6.2
2025-07-16 06:00:00,2025,7,16,6,Vĩnh Long,Xã An Ngãi Trung,10.0916931,106.5448581,78,Moderate,1,25.4,97,0.0,8.1,223,1006.7,74,42.0,44.2,241.0,16.1,44.0,6.8
2025-07-16 07:00:00,2025,7,16,7,Vĩnh Long,Xã An Ngãi Trung,10.0916931,106.5448581,79,Moderate,1,26.6,92,0.0,14.6,225,1007.6,98,23.4,25.9,241.0,10.1,54.0,4.3
2025-07-16 08:00:00,2025,7,16,8,Vĩnh Long,Xã An Ngãi Trung,10.0916931,106.5448581,78,Moderate,1,28.8,82,0.0,10.8,223,1008.4,63,20.8,23.5,226.0,8.5,64.0,4.9
2025-07-16 09:00:00,2025,7,16,9,Vĩnh Long,Xã An Ngãi Trung,10.0916931,106.5448581,78,Moderate,1,29.2,72,0.1,17.5,230,1009.0,85,21.0,24.1,203.0,6.3,78.0,5.7
2025-07-16 10:00:00,2025,7,16,10,Vĩnh Long,Xã An Ngãi Trung,10.0916931,106.5448581,78,Moderate,1,26.6,86,4.0,18.0,229,1009.7,97,19.9,22.9,185.0,4.5,90.0,6.2
2025-07-16 11:00:00,2025,7,16,11,Vĩnh Long,Xã An Ngãi Trung,10.0916931,106.5448581,79,Moderate,1,27.6,84,0.3,13.6,230,1008.9,93,18.0,19.4,178.0,3.6,99.0,5.9
2025-07-16 12:00:00,2025,7,16,12,Vĩnh Long,Xã An Ngãi Trung,10.0916931,106.5448581,79,Moderate,1,29.1,81,0.3,10.8,222,1007.5,82,18.6,19.6,177.0,3.1,106.0,5.3
2025-07-16 13:00:00,2025,7,16,13,Vĩnh Long,Xã An Ngãi Trung,10.0916931,106.5448581,80,Moderate,1,30.4,74,0.1,13.6,228,1006.9,90,19.0,19.9,176.0,3.1,110.0,5.0
2025-07-16 14:00:00,2025,7,16,14,Vĩnh Long,Xã An Ngãi Trung,10.0916931,106.5448581,80,Moderate,1,30.1,75,4.1,14.1,228,1006.3,100,19.3,19.8,171.0,3.3,109.0,5.2
2025-07-16 15:00:00,2025,7,16,15,Vĩnh Long,Xã An Ngãi Trung,10.0916931,106.5448581,81,Moderate,1,29.5,75,3.2,21.2,219,1006.2,98,18.7,19.2,166.0,3.8,105.0,5.7
2025-07-16 16:00:00,2025,7,16,16,Vĩnh Long,Xã An Ngãi Trung,10.0916931,106.5448581,82,Moderate,1,25.9,93,2.8,11.7,256,1006.2,99,17.9,18.3,171.0,5.3,99.0,6.2
2025-07-16 17:00:00,2025,7,16,17,Vĩnh Long,Xã An Ngãi Trung,10.0916931,106.5448581,82,Moderate,1,26.5,91,0.4,9.6,247,1006.4,100,18.7,19.1,192.0,8.3,89.0,6.5
2025-07-16 18:00:00,2025,7,16,18,Vĩnh Long,Xã An Ngãi Trung,10.0916931,106.5448581,82,Moderate,1,26.0,93,0.1,7.6,248,1006.2,99,20.8,21.2,221.0,12.1,78.0,6.9
2025-07-16 19:00:00,2025,7,16,19,Vĩnh Long,Xã An Ngãi Trung,10.0916931,106.5448581,82,Moderate,1,25.5,95,0.0,5.0,218,1006.9,62,26.4,27.0,248.0,16.0,61.0,7.3
2025-07-16 20:00:00,2025,7,16,20,Vĩnh Long,Xã An Ngãi Trung,10.0916931,106.5448581,82,Moderate,1,25.1,96,0.0,1.8,204,1008.3,100,31.1,31.7,271.0,18.0,55.0,8.1
2025-07-16 21:00:00,2025,7,16,21,Vĩnh Long,Xã An Ngãi Trung,10.0916931,106.5448581,82,Moderate,1,25.2,97,0.0,2.7,217,1008.7,100,35.9,36.6,291.0,20.7,46.0,9.1
2025-07-16 22:00:00,2025,7,16,22,Vĩnh Long,Xã An Ngãi Trung,10.0916931,106.5448581,82,Moderate,1,25.0,96,0.0,3.4,198,1008.9,99,38.1,39.0,300.0,22.6,39.0,9.7
2025-07-16 23:00:00,2025,7,16,23,Vĩnh Long,Xã An Ngãi Trung,10.0916931,106.5448581,83,Moderate,1,25.1,96,0.0,4.8,225,1008.7,100,35.3,36.2,291.0,22.9,37.0,9.5
2025-07-17 00:00:00,2025,7,17,0,Vĩnh Long,Xã An Ngãi Trung,10.0916931,106.5448581,83,Moderate,1,25.0,96,0.0,3.0,245,1008.8,100,34.7,35.7,271.0,22.4,36.0,8.9
2025-07-17 01:00:00,2025,7,17,1,Vĩnh Long,Xã An Ngãi Trung,10.0916931,106.5448581,83,Moderate,1,25.1,96,0.0,4.4,243,1008.3,100,36.9,38.0,250.0,22.0,36.0,8.5
2025-07-17 02:00:00,2025,7,17,2,Vĩnh Long,Xã An Ngãi Trung,10.0916931,106.5448581,83,Moderate,1,25.1,96,0.0,6.4,241,1007.4,93,35.5,36.4,228.0,21.7,36.0,8.3
2025-07-17 03:00:00,2025,7,17,3,Vĩnh Long,Xã An Ngãi Trung,10.0916931,106.5448581,83,Moderate,1,25.0,97,0.0,4.9,237,1007.4,100,35.7,36.6,205.0,21.5,36.0,8.3
2025-07-17 04:00:00,2025,7,17,4,Vĩnh Long,Xã An Ngãi Trung,10.0916931,106.5448581,83,Moderate,1,25.0,97,0.0,4.5,241,1007.8,100,37.8,38.9,195.0,21.9,35.0,8.5
2025-07-17 05:00:00,2025,7,17,5,Vĩnh Long,Xã An Ngãi Trung,10.0916931,106.5448581,84,Moderate,1,25.0,97,0.1,3.6,273,1008.0,100,40.4,41.4,207.0,23.9,31.0,9.4
2025-07-17 06:00:00,2025,7,17,6,Vĩnh Long,Xã An Ngãi Trung,10.0916931,106.5448581,84,Moderate,1,25.2,96,0.1,9.4,269,1008.4,82,43.3,44.7,231.0,26.5,27.0,10.6
2025-07-17 07:00:00,2025,7,17,7,Vĩnh Long,Xã An Ngãi Trung,10.0916931,106.5448581,84,Moderate,1,26.0,93,0.0,6.4,243,1008.8,100,50.8,52.5,249.0,26.1,31.0,10.4
2025-07-17 08:00:00,2025,7,17,8,Vĩnh Long,Xã An Ngãi Trung,10.0916931,106.5448581,86,Moderate,1,27.0,93,0.0,7.2,245,1008.9,100,34.1,35.7,256.0,21.8,40.0,9.3
2025-07-17 09:00:00,2025,7,17,9,Vĩnh Long,Xã An Ngãi Trung,10.0916931,106.5448581,87,Moderate,1,28.2,85,0.2,13.0,243,1009.3,99,28.5,30.0,258.0,15.9,53.0,7.8
2025-07-17 10:00:00,2025,7,17,10,Vĩnh Long,Xã An Ngãi Trung,10.0916931,106.5448581,88,Moderate,1,28.4,87,0.8,13.8,244,1009.1,79,27.5,28.7,253.0,11.1,65.0,6.7
2025-07-17 11:00:00,2025,7,17,11,Vĩnh Long,Xã An Ngãi Trung,10.0916931,106.5448581,89,Moderate,1,28.4,88,4.2,11.2,238,1008.8,96,26.3,27.4,237.0,8.6,77.0,6.6
2025-07-17 12:00:00,2025,7,17,12,Vĩnh Long,Xã An Ngãi Trung,10.0916931,106.5448581,89,Moderate,1,29.4,81,0.2,12.5,237,1008.0,95,29.0,30.0,213.0,7.3,88.0,6.9
2025-07-17 13:00:00,2025,7,17,13,Vĩnh Long,Xã An Ngãi Trung,10.0916931,106.5448581,90,Moderate,1,27.5,85,5.2,15.6,249,1008.3,100,30.0,31.0,197.0,6.6,94.0,7.1
2025-07-17 14:00:00,2025,7,17,14,Vĩnh Long,Xã An Ngãi Trung,10.0916931,106.5448581,91,Moderate,1,26.8,90,0.7,8.5,252,1007.4,100,24.6,25.3,192.0,6.2,90.0,6.7
2025-07-17 15:00:00,2025,7,17,15,Vĩnh Long,Xã An Ngãi Trung,10.0916931,106.5448581,92,Moderate,1,28.3,85,0.7,14.5,249,1006.2,100,20.7,21.4,194.0,6.5,81.0,6.0
2025-07-17 16:00:00,2025,7,17,16,Vĩnh Long,Xã An Ngãi Trung,10.0916931,106.5448581,92,Moderate,1,28.0,86,0.3,14.7,248,1005.9,100,19.6,20.3,201.0,7.5,72.0,5.8
2025-07-17 17:00:00,2025,7,17,17,Vĩnh Long,Xã An Ngãi Trung,10.0916931,106.5448581,92,Moderate,1,27.5,88,0.1,11.4,237,1005.8,98,19.0,19.8,216.0,9.6,65.0,6.2
2025-07-17 18:00:00,2025,7,17,18,Vĩnh Long,Xã An Ngãi Trung,10.0916931,106.5448581,92,Moderate,1,27.2,89,0.0,10.0,242,1006.3,97,21.1,22.2,236.0,12.5,59.0,7.0
2025-07-17 19:00:00,2025,7,17,19,Vĩnh Long,Xã An Ngãi Trung,10.0916931,106.5448581,92,Moderate,1,26.5,92,0.0,8.5,241,1006.7,100,27.6,28.5,252.0,15.1,58.0,8.2
2025-07-17 20:00:00,2025,7,17,20,Vĩnh Long,Xã An Ngãi Trung,10.0916931,106.5448581,92,Moderate,1,26.2,94,0.0,9.1,229,1007.5,100,30.3,31.4,263.0,16.1,53.0,8.4
2025-07-17 21:00:00,2025,7,17,21,Vĩnh Long,Xã An Ngãi Trung,10.0916931,106.5448581,92,Moderate,1,26.3,94,0.0,8.5,232,1008.2,100,31.8,32.9,269.0,17.5,46.0,8.7
2025-07-17 22:00:00,2025,7,17,22,Vĩnh Long,Xã An Ngãi Trung,10.0916931,106.5448581,92,Moderate,1,26.4,94,0.0,9.9,225,1008.5,100,31.5,33.3,265.0,18.6,40.0,8.8
2025-07-17 23:00:00,2025,7,17,23,Vĩnh Long,Xã An Ngãi Trung,10.0916931,106.5448581,91,Moderate,1,26.1,95,0.0,11.1,238,1008.6,100,31.1,32.9,243.0,19.0,36.0,8.7
2025-07-18 00:00:00,2025,7,18,0,Vĩnh Long,Xã An Ngãi Trung,10.0916931,106.5448581,91,Moderate,1,26.0,94,0.0,11.8,244,1007.8,100,30.5,32.5,210.0,19.2,33.0,8.4
2025-07-18 01:00:00,2025,7,18,1,Vĩnh Long,Xã An Ngãi Trung,10.0916931,106.5448581,90,Moderate,1,25.6,94,0.0,10.3,258,1007.3,100,30.5,32.6,185.0,19.3,30.0,8.1
2025-07-18 02:00:00,2025,7,18,2,Vĩnh Long,Xã An Ngãi Trung,10.0916931,106.5448581,90,Moderate,1,25.5,94,0.0,11.0,256,1007.0,100,30.6,32.7,175.0,19.8,27.0,7.9
2025-07-18 03:00:00,2025,7,18,3,Vĩnh Long,Xã An Ngãi Trung,10.0916931,106.5448581,89,Moderate,1,25.3,94,0.0,10.7,256,1006.9,100,30.9,33.1,172.0,20.4,25.0,7.6
2025-07-18 04:00:00,2025,7,18,4,Vĩnh Long,Xã An Ngãi Trung,10.0916931,106.5448581,89,Moderate,1,25.2,94,0.0,8.8,261,1006.7,100,31.5,33.6,175.0,20.0,24.0,7.5
2025-07-18 05:00:00,2025,7,18,5,Vĩnh Long,Xã An Ngãi Trung,10.0916931,106.5448581,88,Moderate,1,24.9,95,0.0,7.2,267,1006.9,100,31.4,33.5,187.0,18.1,26.0,7.5
2025-07-18 06:00:00,2025,7,18,6,Vĩnh Long,Xã An Ngãi Trung,10.0916931,106.5448581,88,Moderate,1,25.1,95,0.0,8.4,259,1007.0,100,29.3,31.5,205.0,15.2,29.0,7.6
2025-07-18 07:00:00,2025,7,18,7,Vĩnh Long,Xã An Ngãi Trung,10.0916931,106.5448581,86,Moderate,1,26.3,93,0.0,9.3,252,1007.7,100,30.5,33.4,216.0,16.4,31.0,8.1
2025-07-18 08:00:00,2025,7,18,8,Vĩnh Long,Xã An Ngãi Trung,10.0916931,106.5448581,85,Moderate,1,27.5,89,0.0,9.4,246,1008.3,100,27.9,31.3,217.0,13.2,43.0,8.1
2025-07-18 09:00:00,2025,7,18,9,Vĩnh Long,Xã An Ngãi Trung,10.0916931,106.5448581,84,Moderate,1,27.8,89,0.0,9.7,254,1008.7,100,22.2,25.7,211.0,8.9,58.0,8.0
2025-07-18 10:00:00,2025,7,18,10,Vĩnh Long,Xã An Ngãi Trung,10.0916931,106.5448581,83,Moderate,1,28.8,86,0.3,11.7,250,1008.7,100,19.2,22.5,202.0,5.7,71.0,7.8
2025-07-18 11:00:00,2025,7,18,11,Vĩnh Long,Xã An Ngãi Trung,10.0916931,106.5448581,83,Moderate,1,29.2,82,0.5,10.5,257,1007.9,100,16.9,18.8,187.0,4.6,77.0,7.3
2025-07-18 12:00:00,2025,7,18,12,Vĩnh Long,Xã An Ngãi Trung,10.0916931,106.5448581,82,Moderate,1,29.0,79,1.7,19.4,272,1007.3,100,17.4,18.9,168.0,4.7,80.0,6.7
2025-07-18 13:00:00,2025,7,18,13,Vĩnh Long,Xã An Ngãi Trung,10.0916931,106.5448581,81,Moderate,1,27.0,87,0.7,14.0,257,1006.2,100,18.0,19.2,156.0,5.3,80.0,6.4
2025-07-18 14:00:00,2025,7,18,14,Vĩnh Long,Xã An Ngãi Trung,10.0916931,106.5448581,80,Moderate,1,28.5,85,0.3,10.1,254,1005.4,91,19.0,20.1,154.0,6.1,76.0,6.5
2025-07-18 15:00:00,2025,7,18,15,Vĩnh Long,Xã An Ngãi Trung,10.0916931,106.5448581,79,Moderate,1,29.2,81,0.1,14.6,250,1004.8,100,20.1,21.1,158.0,7.4,70.0,6.9
2025-07-18 16:00:00,2025,7,18,16,Vĩnh Long,Xã An Ngãi Trung,10.0916931,106.5448581,79,Moderate,1,27.8,83,0.7,16.2,279,1004.9,100,22.6,23.5,169.0,9.5,63.0,7.5
2025-07-18 17:00:00,2025,7,18,17,Vĩnh Long,Xã An Ngãi Trung,10.0916931,106.5448581,80,Moderate,1,25.9,94,1.2,10.8,275,1005.3,100,25.8,26.8,192.0,13.1,56.0,8.3
2025-07-18 18:00:00,2025,7,18,18,Vĩnh Long,Xã An Ngãi Trung,10.0916931,106.5448581,80,Moderate,1,25.6,96,0.6,8.9,242,1005.2,100,29.5,30.5,222.0,17.4,48.0,9.4
2025-07-18 19:00:00,2025,7,18,19,Vĩnh Long,Xã An Ngãi Trung,10.0916931,106.5448581,81,Moderate,1,25.5,94,0.0,9.0,254,1005.7,100,40.5,42.1,247.0,22.2,47.0,11.3
2025-07-18 20:00:00,2025,7,18,20,Vĩnh Long,Xã An Ngãi Trung,10.0916931,106.5448581,82,Moderate,1,26.5,93,0.0,8.6,250,1005.9,100,43.7,45.6,266.0,22.5,43.0,11.5
2025-07-18 21:00:00,2025,7,18,21,Vĩnh Long,Xã An Ngãi Trung,10.0916931,106.5448581,83,Moderate,1,26.2,94,0.0,7.7,245,1006.5,100,42.5,44.6,279.0,23.0,39.0,11.8
2025-07-18 22:00:00,2025,7,18,22,Vĩnh Long,Xã An Ngãi Trung,10.0916931,106.5448581,84,Moderate,1,26.0,95,0.0,5.8,244,1006.9,100,40.5,42.8,280.0,23.2,34.0,11.8
2025-07-18 23:00:00,2025,7,18,23,Vĩnh Long,Xã An Ngãi Trung,10.0916931,106.5448581,85,Moderate,1,25.9,96,0.0,4.6,244,1006.8,100,39.6,41.9,260.0,23.1,31.0,11.3
2025-07-19 00:00:00,2025,7,19,0,Vĩnh Long,Xã An Ngãi Trung,10.0916931,106.5448581,86,Moderate,1,25.9,95,0.0,7.0,244,1006.2,100,38.0,40.4,227.0,22.8,28.0,10.6
2025-07-19 01:00:00,2025,7,19,1,Vĩnh Long,Xã An Ngãi Trung,10.0916931,106.5448581,86,Moderate,1,25.8,95,0.0,8.4,245,1005.5,100,37.1,39.7,200.0,22.5,25.0,9.9
2025-07-19 02:00:00,2025,7,19,2,Vĩnh Long,Xã An Ngãi Trung,10.0916931,106.5448581,87,Moderate,1,25.6,94,0.0,9.1,245,1004.8,100,36.1,38.6,185.0,22.5,23.0,9.4
2025-07-19 03:00:00,2025,7,19,3,Vĩnh Long,Xã An Ngãi Trung,10.0916931,106.5448581,87,Moderate,1,25.5,94,0.0,9.3,241,1004.3,100,35.3,38.0,175.0,22.6,21.0,9.1
2025-07-19 04:00:00,2025,7,19,4,Vĩnh Long,Xã An Ngãi Trung,10.0916931,106.5448581,88,Moderate,1,25.4,94,0.0,9.1,243,1004.2,100,35.0,37.8,175.0,21.8,20.0,8.8
2025-07-19 05:00:00,2025,7,19,5,Vĩnh Long,Xã An Ngãi Trung,10.0916931,106.5448581,88,Moderate,1,25.4,95,0.0,10.0,242,1004.5,100,34.6,37.4,191.0,19.7,21.0,8.7
2025-07-19 06:00:00,2025,7,19,6,Vĩnh Long,Xã An Ngãi Trung,10.0916931,106.5448581,88,Moderate,1,25.3,95,0.0,11.2,242,1004.9,100,32.9,35.7,217.0,16.7,24.0,8.6
2025-07-19 07:00:00,2025,7,19,7,Vĩnh Long,Xã An Ngãi Trung,10.0916931,106.5448581,89,Moderate,1,26.4,93,0.0,10.5,243,1004.9,42,38.0,39.2,232.0,21.7,21.0,8.5
2025-07-19 08:00:00,2025,7,19,8,Vĩnh Long,Xã An Ngãi Trung,10.0916931,106.5448581,89,Moderate,1,28.0,88,0.1,13.9,265,1005.6,73,28.2,30.7,226.0,17.4,32.0,8.2
2025-07-19 09:00:00,2025,7,19,9,Vĩnh Long,Xã An Ngãi Trung,10.0916931,106.5448581,89,Moderate,1,29.0,83,0.0,13.2,259,1005.8,90,21.9,25.3,209.0,11.5,48.0,7.6
2025-07-19 10:00:00,2025,7,19,10,Vĩnh Long,Xã An Ngãi Trung,10.0916931,106.5448581,89,Moderate,1,29.8,78,0.0,16.5,250,1005.4,69,17.6,21.1,194.0,6.8,62.0,7.0
2025-07-19 11:00:00,2025,7,19,11,Vĩnh Long,Xã An Ngãi Trung,10.0916931,106.5448581,89,Moderate,1,29.5,81,1.4,17.2,233,1005.2,100,15.5,18.6,184.0,4.4,73.0,6.1
2025-07-19 12:00:00,2025,7,19,12,Vĩnh Long,Xã An Ngãi Trung,10.0916931,106.5448581,89,Moderate,1,30.0,74,0.1,19.0,247,1004.2,99,13.6,15.7,175.0,3.1,83.0,5.0
2025-07-19 13:00:00,2025,7,19,13,Vĩnh Long,Xã An Ngãi Trung,10.0916931,106.5448581,89,Moderate,1,30.1,75,1.0,23.6,256,1003.2,97,13.0,14.5,171.0,2.6,89.0,4.4
2025-07-19 14:00:00,2025,7,19,14,Vĩnh Long,Xã An Ngãi Trung,10.0916931,106.5448581,88,Moderate,1,28.0,86,2.3,16.8,246,1003.0,95,14.6,16.3,173.0,2.6,92.0,4.6
2025-07-19 15:00:00,2025,7,19,15,Vĩnh Long,Xã An Ngãi Trung,10.0916931,106.5448581,88,Moderate,1,29.0,80,0.1,15.9,256,1002.7,100,15.1,16.7,178.0,3.3,91.0,5.3
2025-07-19 16:00:00,2025,7,19,16,Vĩnh Long,Xã An Ngãi Trung,10.0916931,106.5448581,88,Moderate,1,28.3,82,0.2,14.2,254,1002.9,100,15.4,17.3,187.0,4.7,87.0,6.0
2025-07-19 17:00:00,2025,7,19,17,Vĩnh Long,Xã An Ngãi Trung,10.0916931,106.5448581,87,Moderate,1,28.2,84,0.0,13.0,250,1003.2,100,16.4,18.6,200.0,7.2,76.0,6.5
2025-07-19 18:00:00,2025,7,19,18,Vĩnh Long,Xã An Ngãi Trung,10.0916931,106.5448581,86,Moderate,1,27.5,85,0.0,12.0,257,1003.5,100,18.4,21.2,215.0,10.5,62.0,7.1
2025-07-19 19:00:00,2025,7,19,19,Vĩnh Long,Xã An Ngãi Trung,10.0916931,106.5448581,85,Moderate,1,26.8,86,0.0,11.0,267,1004.1,100,22.2,24.3,228.0,12.8,61.0,7.5
2025-07-19 20:00:00,2025,7,19,20,Vĩnh Long,Xã An Ngãi Trung,10.0916931,106.5448581,83,Moderate,1,26.3,89,0.0,10.4,262,1004.4,100,25.8,28.1,238.0,14.6,54.0,8.2
2025-07-19 21:00:00,2025,7,19,21,Vĩnh Long,Xã An Ngãi Trung,10.0916931,106.5448581,82,Moderate,1,26.0,90,0.0,8.5,253,1004.9,100,29.0,31.5,246.0,17.2,44.0,9.2
2025-07-19 22:00:00,2025,7,19,22,Vĩnh Long,Xã An Ngãi Trung,10.0916931,106.5448581,81,Moderate,1,25.8,92,0.0,8.3,240,1005.3,100,30.4,33.3,250.0,19.2,36.0,9.8
2025-07-19 23:00:00,2025,7,19,23,Vĩnh Long,Xã An Ngãi Trung,10.0916931,106.5448581,80,Moderate,1,25.8,92,0.0,8.5,234,1005.4,100,31.2,34.2,250.0,20.1,32.0,9.9
2025-07-20 00:00:00,2025,7,20,0,Vĩnh Long,Xã An Ngãi Trung,10.0916931,106.5448581,79,Moderate,1,25.5,93,0.0,8.5,243,1005.1,100,32.4,35.7,246.0,20.4,30.0,9.6
2025-07-20 01:00:00,2025,7,20,1,Vĩnh Long,Xã An Ngãi Trung,10.0916931,106.5448581,79,Moderate,1,25.5,92,0.0,10.0,249,1004.2,100,33.4,37.0,242.0,20.5,29.0,9.3
2025-07-20 02:00:00,2025,7,20,2,Vĩnh Long,Xã An Ngãi Trung,10.0916931,106.5448581,78,Moderate,1,25.6,92,0.0,9.1,248,1004.0,100,33.6,37.6,238.0,20.9,28.0,9.2
2025-07-20 03:00:00,2025,7,20,3,Vĩnh Long,Xã An Ngãi Trung,10.0916931,106.5448581,78,Moderate,1,25.7,92,0.0,10.1,251,1004.0,100,33.4,37.7,233.0,21.1,27.0,9.0
2025-07-20 04:00:00,2025,7,20,4,Vĩnh Long,Xã An Ngãi Trung,10.0916931,106.5448581,78,Moderate,1,25.6,92,0.0,10.1,260,1003.9,100,34.6,39.1,231.0,20.2,28.0,8.5
2025-07-20 05:00:00,2025,7,20,5,Vĩnh Long,Xã An Ngãi Trung,10.0916931,106.5448581,78,Moderate,1,25.0,93,1.7,14.6,280,1004.7,100,27.4,31.7,236.0,17.2,31.0,7.3
2025-07-20 06:00:00,2025,7,20,6,Vĩnh Long,Xã An Ngãi Trung,10.0916931,106.5448581,77,Moderate,1,24.4,95,2.1,16.7,245,1005.3,100,18.4,22.4,243.0,13.1,35.0,5.8
2025-07-20 07:00:00,2025,7,20,7,Vĩnh Long,Xã An Ngãi Trung,10.0916931,106.5448581,76,Moderate,1,24.4,96,1.8,15.5,250,1005.8,100,26.3,31.1,247.0,12.0,40.0,6.6
2025-07-20 08:00:00,2025,7,20,8,Vĩnh Long,Xã An Ngãi Trung,10.0916931,106.5448581,75,Moderate,1,26.5,88,0.1,17.0,251,1005.9,100,22.4,27.1,243.0,10.3,48.0,7.1
2025-07-20 09:00:00,2025,7,20,9,Vĩnh Long,Xã An Ngãi Trung,10.0916931,106.5448581,74,Moderate,1,27.6,88,0.1,13.3,245,1006.1,100,19.6,24.4,235.0,7.9,59.0,7.6
2025-07-20 10:00:00,2025,7,20,10,Vĩnh Long,Xã An Ngãi Trung,10.0916931,106.5448581,74,Moderate,1,28.5,84,0.1,16.2,241,1005.8,100,18.9,24.0,228.0,6.0,67.0,7.7
2025-07-20 11:00:00,2025,7,20,11,Vĩnh Long,Xã An Ngãi Trung,10.0916931,106.5448581,74,Moderate,1,28.4,84,1.3,21.5,254,1005.6,100,17.6,22.2,223.0,5.2,70.0,6.7
2025-07-20 12:00:00,2025,7,20,12,Vĩnh Long,Xã An Ngãi Trung,10.0916931,106.5448581,74,Moderate,1,27.0,89,2.7,14.0,244,1005.3,100,18.9,21.9,218.0,4.9,72.0,5.1
2025-07-20 13:00:00,2025,7,20,13,Vĩnh Long,Xã An Ngãi Trung,10.0916931,106.5448581,75,Moderate,1,27.2,90,1.0,12.9,242,1004.6,100,16.4,17.8,217.0,4.8,73.0,4.2
2025-07-20 14:00:00,2025,7,20,14,Vĩnh Long,Xã An Ngãi Trung,10.0916931,106.5448581,75,Moderate,1,28.3,87,0.2,15.2,240,1003.7,100,15.8,16.9,219.0,4.6,77.0,4.5
2025-07-20 15:00:00,2025,7,20,15,Vĩnh Long,Xã An Ngãi Trung,10.0916931,106.5448581,75,Moderate,1,26.2,94,2.7,12.4,251,1003.1,100,13.8,15.3,224.0,4.7,80.0,5.5
2025-07-20 16:00:00,2025,7,20,16,Vĩnh Long,Xã An Ngãi Trung,10.0916931,106.5448581,75,Moderate,1,26.6,93,0.1,11.4,257,1002.9,100,14.3,16.1,232.0,5.5,81.0,6.4
2025-07-20 17:00:00,2025,7,20,17,Vĩnh Long,Xã An Ngãi Trung,10.0916931,106.5448581,75,Moderate,1,27.0,89,0.1,12.2,250,1003.4,100,16.4,18.2,247.0,7.8,76.0,6.9
2025-07-20 18:00:00,2025,7,20,18,Vĩnh Long,Xã An Ngãi Trung,10.0916931,106.5448581,75,Moderate,1,26.7,93,0.0,8.5,252,1004.4,100,18.8,20.5,266.0,11.0,68.0,7.3
2025-07-20 19:00:00,2025,7,20,19,Vĩnh Long,Xã An Ngãi Trung,10.0916931,106.5448581,75,Moderate,1,26.2,95,0.0,7.3,253,1004.9,100,28.6,30.7,280.0,18.1,48.0,9.4
2025-07-20 20:00:00,2025,7,20,20,Vĩnh Long,Xã An Ngãi Trung,10.0916931,106.5448581,76,Moderate,1,26.0,95,0.1,6.5,246,1005.8,100,29.7,31.8,286.0,17.9,46.0,9.2
2025-07-20 21:00:00,2025,7,20,21,Vĩnh Long,Xã An Ngãi Trung,10.0916931,106.5448581,76,Moderate,1,26.0,88,0.3,15.3,248,1006.1,100,29.7,31.8,286.0,17.6,43.0,8.8
2025-07-20 22:00:00,2025,7,20,22,Vĩnh Long,Xã An Ngãi Trung,10.0916931,106.5448581,76,Moderate,1,25.4,82,0.3,15.4,249,1006.9,100,29.6,31.9,283.0,17.0,42.0,8.4
2025-07-20 23:00:00,2025,7,20,23,Vĩnh Long,Xã An Ngãi Trung,10.0916931,106.5448581,76,Moderate,1,24.9,87,0.8,12.4,251,1006.9,100,28.8,31.3,276.0,15.9,43.0,7.9
2025-07-21 00:00:00,2025,7,21,0,Vĩnh Long,Xã An Ngãi Trung,10.0916931,106.5448581,76,Moderate,1,24.7,91,0.0,10.3,251,1006.7,100,25.7,28.6,265.0,14.4,46.0,7.4
2025-07-21 01:00:00,2025,7,21,1,Vĩnh Long,Xã An Ngãi Trung,10.0916931,106.5448581,75,Moderate,1,24.8,94,0.0,12.7,247,1006.6,100,23.2,26.1,252.0,13.3,48.0,6.9
2025-07-21 02:00:00,2025,7,21,2,Vĩnh Long,Xã An Ngãi Trung,10.0916931,106.5448581,74,Moderate,1,25.0,93,0.0,16.2,247,1006.3,100,21.5,24.2,235.0,12.7,49.0,6.5
2025-07-21 03:00:00,2025,7,21,3,Vĩnh Long,Xã An Ngãi Trung,10.0916931,106.5448581,73,Moderate,1,24.8,94,0.0,14.4,247,1006.1,100,20.9,23.2,217.0,12.5,50.0,6.2
2025-07-21 04:00:00,2025,7,21,4,Vĩnh Long,Xã An Ngãi Trung,10.0916931,106.5448581,72,Moderate,1,24.8,94,0.2,13.6,238,1005.7,100,20.4,22.2,208.0,12.2,49.0,5.9
2025-07-21 05:00:00,2025,7,21,5,Vĩnh Long,Xã An Ngãi Trung,10.0916931,106.5448581,71,Moderate,1,24.8,95,0.6,13.8,242,1005.7,100,18.9,20.6,216.0,12.1,46.0,5.7
2025-07-21 06:00:00,2025,7,21,6,Vĩnh Long,Xã An Ngãi Trung,10.0916931,106.5448581,70,Moderate,1,24.8,94,0.1,12.2,256,1006.0,100,18.0,20.4,233.0,11.9,41.0,5.6
2025-07-21 07:00:00,2025,7,21,7,Vĩnh Long,Xã An Ngãi Trung,10.0916931,106.5448581,70,Moderate,1,25.4,95,0.0,9.2,237,1006.5,100,14.8,19.5,245.0,9.1,40.0,4.6
2025-07-21 08:00:00,2025,7,21,8,Vĩnh Long,Xã An Ngãi Trung,10.0916931,106.5448581,69,Moderate,1,27.0,88,0.0,10.1,227,1007.0,100,15.0,19.6,248.0,8.1,42.0,4.9
2025-07-21 09:00:00,2025,7,21,9,Vĩnh Long,Xã An Ngãi Trung,10.0916931,106.5448581,68,Moderate,1,28.6,81,0.0,14.6,237,1007.2,100,15.8,20.9,247.0,6.8,45.0,5.2
2025-07-21 10:00:00,2025,7,21,10,Vĩnh Long,Xã An Ngãi Trung,10.0916931,106.5448581,68,Moderate,1,29.5,75,0.1,22.2,245,1007.0,100,14.5,20.4,239.0,5.5,49.0,5.4
2025-07-21 11:00:00,2025,7,21,11,Vĩnh Long,Xã An Ngãi Trung,10.0916931,106.5448581,68,Moderate,1,30.1,76,0.1,21.3,242,1006.0,100,13.6,20.3,222.0,4.2,55.0,5.0
2025-07-21 12:00:00,2025,7,21,12,Vĩnh Long,Xã An Ngãi Trung,10.0916931,106.5448581,67,Moderate,1,31.0,73,0.0,21.6,243,1005.2,100,12.7,19.4,200.0,3.1,63.0,4.5
2025-07-21 13:00:00,2025,7,21,13,Vĩnh Long,Xã An Ngãi Trung,10.0916931,106.5448581,67,Moderate,1,29.2,82,0.9,15.2,254,1004.9,100,12.7,19.1,179.0,2.6,68.0,4.3
2025-07-21 14:00:00,2025,7,21,14,Vĩnh Long,Xã An Ngãi Trung,10.0916931,106.5448581,66,Moderate,1,31.0,74,0.0,21.8,250,1003.8,100,13.1,17.0,161.0,3.3,71.0,4.9
2025-07-21 15:00:00,2025,7,21,15,Vĩnh Long,Xã An Ngãi Trung,10.0916931,106.5448581,66,Moderate,1,31.0,62,0.0,23.4,256,1003.7,100,15.7,20.4,145.0,4.7,72.0,5.9
2025-07-21 16:00:00,2025,7,21,16,Vĩnh Long,Xã An Ngãi Trung,10.0916931,106.5448581,66,Moderate,1,30.2,65,0.0,20.7,251,1003.7,100,18.2,23.1,139.0,6.3,70.0,6.6
2025-07-21 17:00:00,2025,7,21,17,Vĩnh Long,Xã An Ngãi Trung,10.0916931,106.5448581,67,Moderate,1,29.3,69,0.0,19.8,254,1004.0,100,17.9,22.9,149.0,8.0,61.0,6.9
2025-07-21 18:00:00,2025,7,21,18,Vĩnh Long,Xã An Ngãi Trung,10.0916931,106.5448581,67,Moderate,1,28.2,74,0.0,16.2,256,1004.6,100,16.0,20.5,168.0,9.8,49.0,6.9
2025-07-21 19:00:00,2025,7,21,19,Vĩnh Long,Xã An Ngãi Trung,10.0916931,106.5448581,67,Moderate,1,28.0,75,0.0,14.4,255,1005.3,100,17.5,21.8,184.0,11.1,41.0,6.3
2025-07-21 20:00:00,2025,7,21,20,Vĩnh Long,Xã An Ngãi Trung,10.0916931,106.5448581,66,Moderate,1,27.3,78,0.1,13.4,237,1006.5,100,18.2,21.9,191.0,11.0,41.0,6.3
2025-07-21 21:00:00,2025,7,21,21,Vĩnh Long,Xã An Ngãi Trung,10.0916931,106.5448581,65,Moderate,1,26.5,83,0.0,10.1,229,1006.9,100,18.4,21.8,195.0,10.9,40.0,6.2
2025-07-21 22:00:00,2025,7,21,22,Vĩnh Long,Xã An Ngãi Trung,10.0916931,106.5448581,64,Moderate,1,26.2,84,0.0,9.1,234,1007.3,100,18.2,21.3,199.0,10.9,39.0,6.1
2025-07-21 23:00:00,2025,7,21,23,Vĩnh Long,Xã An Ngãi Trung,10.0916931,106.5448581,63,Moderate,1,25.9,87,0.0,8.1,238,1007.3,100,18.2,21.2,207.0,11.3,37.0,5.8
2025-07-22 00:00:00,2025,7,22,0,Vĩnh Long,Xã An Ngãi Trung,10.0916931,106.5448581,62,Moderate,1,25.7,88,0.0,8.1,233,1006.8,100,18.5,21.3,215.0,11.8,36.0,5.5
2025-07-22 01:00:00,2025,7,22,1,Vĩnh Long,Xã An Ngãi Trung,10.0916931,106.5448581,61,Moderate,1,25.6,90,0.0,8.7,232,1006.0,100,19.7,22.4,222.0,12.1,35.0,5.2
2025-07-22 02:00:00,2025,7,22,2,Vĩnh Long,Xã An Ngãi Trung,10.0916931,106.5448581,61,Moderate,1,25.6,91,0.0,9.8,229,1005.3,100,20.4,22.9,225.0,12.2,36.0,5.0
2025-07-22 03:00:00,2025,7,22,3,Vĩnh Long,Xã An Ngãi Trung,10.0916931,106.5448581,61,Moderate,1,25.6,92,0.0,10.1,223,1005.2,100,20.0,22.3,227.0,12.1,38.0,4.9
2025-07-22 04:00:00,2025,7,22,4,Vĩnh Long,Xã An Ngãi Trung,10.0916931,106.5448581,60,Moderate,1,25.7,92,0.0,11.1,231,1004.9,100,20.0,22.2,228.0,11.6,43.0,4.8
2025-07-22 05:00:00,2025,7,22,5,Vĩnh Long,Xã An Ngãi Trung,10.0916931,106.5448581,60,Moderate,1,25.9,91,0.0,12.0,233,1005.1,100,20.8,23.1,231.0,10.6,54.0,4.9
2025-07-22 06:00:00,2025,7,22,6,Vĩnh Long,Xã An Ngãi Trung,10.0916931,106.5448581,61,Moderate,1,25.8,91,0.0,11.5,228,1005.6,98,22.5,24.7,233.0,9.3,68.0,5.0
2025-07-22 07:00:00,2025,7,22,7,Vĩnh Long,Xã An Ngãi Trung,10.0916931,106.5448581,61,Moderate,1,27.1,85,0.0,16.7,229,1006.1,94,19.8,22.1,234.0,8.8,71.0,5.1
2025-07-22 08:00:00,2025,7,22,8,Vĩnh Long,Xã An Ngãi Trung,10.0916931,106.5448581,61,Moderate,1,28.0,85,0.0,14.0,229,1006.5,100,20.3,23.0,231.0,7.2,77.0,5.1
2025-07-22 09:00:00,2025,7,22,9,Vĩnh Long,Xã An Ngãi Trung,10.0916931,106.5448581,62,Moderate,1,29.4,79,0.2,20.7,239,1006.4,97,18.0,21.0,226.0,4.9,86.0,5.1
2025-07-22 10:00:00,2025,7,22,10,Vĩnh Long,Xã An Ngãi Trung,10.0916931,106.5448581,62,Moderate,1,30.1,74,0.1,22.6,241,1006.6,100,16.2,19.8,222.0,3.1,91.0,5.0
2025-07-22 11:00:00,2025,7,22,11,Vĩnh Long,Xã An Ngãi Trung,10.0916931,106.5448581,62,Moderate,1,31.0,69,0.0,23.6,243,1006.1,100,14.9,19.0,220.0,2.2,91.0,4.6
2025-07-22 12:00:00,2025,7,22,12,Vĩnh Long,Xã An Ngãi Trung,10.0916931,106.5448581,62,Moderate,1,31.5,66,0.0,23.7,247,1005.2,91,14.1,18.5,218.0,1.8,88.0,4.0
2025-07-22 13:00:00,2025,7,22,13,Vĩnh Long,Xã An Ngãi Trung,10.0916931,106.5448581,63,Moderate,1,31.5,64,0.0,24.8,255,1004.3,99,13.6,18.4,216.0,1.7,85.0,3.6
2025-07-22 14:00:00,2025,7,22,14,Vĩnh Long,Xã An Ngãi Trung,10.0916931,106.5448581,63,Moderate,1,32.1,61,0.0,24.9,257,1003.5,100,13.2,18.1,210.0,1.7,82.0,3.6
2025-07-22 15:00:00,2025,7,22,15,Vĩnh Long,Xã An Ngãi Trung,10.0916931,106.5448581,63,Moderate,1,31.5,63,0.0,23.9,254,1003.1,100,13.0,17.8,203.0,1.9,79.0,3.8
2025-07-22 16:00:00,2025,7,22,16,Vĩnh Long,Xã An Ngãi Trung,10.0916931,106.5448581,62,Moderate,1,30.9,66,0.0,19.7,254,1002.9,100,13.2,17.6,203.0,2.8,74.0,4.1
2025-07-22 17:00:00,2025,7,22,17,Vĩnh Long,Xã An Ngãi Trung,10.0916931,106.5448581,62,Moderate,1,30.2,70,0.0,16.6,252,1003.1,100,14.0,18.1,216.0,4.8,66.0,4.6
2025-07-22 18:00:00,2025,7,22,18,Vĩnh Long,Xã An Ngãi Trung,10.0916931,106.5448581,62,Moderate,1,29.1,72,0.0,14.4,248,1003.3,98,15.0,18.9,235.0,7.4,56.0,5.2
2025-07-22 19:00:00,2025,7,22,19,Vĩnh Long,Xã An Ngãi Trung,10.0916931,106.5448581,61,Moderate,1,28.5,73,0.0,13.4,242,1004.0,99,18.7,23.2,253.0,10.0,51.0,6.1
2025-07-22 20:00:00,2025,7,22,20,Vĩnh Long,Xã An Ngãi Trung,10.0916931,106.5448581,62,Moderate,1,28.2,73,0.0,13.5,232,1004.6,100,19.3,23.3,267.0,10.6,48.0,6.2
2025-07-22 21:00:00,2025,7,22,21,Vĩnh Long,Xã An Ngãi Trung,10.0916931,106.5448581,62,Moderate,1,27.5,76,0.0,12.5,234,1005.0,96,19.9,23.6,279.0,11.4,43.0,6.3
2025-07-22 22:00:00,2025,7,22,22,Vĩnh Long,Xã An Ngãi Trung,10.0916931,106.5448581,62,Moderate,1,27.0,79,0.0,11.1,233,1006.1,100,20.9,24.3,288.0,12.1,40.0,6.3
2025-07-22 23:00:00,2025,7,22,23,Vĩnh Long,Xã An Ngãi Trung,10.0916931,106.5448581,62,Moderate,1,26.6,81,0.0,10.7,229,1006.0,100,21.6,24.7,295.0,12.5,40.0,6.1
2025-07-23 00:00:00,2025,7,23,0,Vĩnh Long,Xã An Ngãi Trung,10.0916931,106.5448581,62,Moderate,1,26.5,83,0.0,11.5,229,1005.7,100,21.9,24.9,299.0,12.8,41.0,5.9
2025-07-23 01:00:00,2025,7,23,1,Vĩnh Long,Xã An Ngãi Trung,10.0916931,106.5448581,63,Moderate,1,26.4,84,0.0,11.5,229,1005.6,98,22.2,25.0,300.0,12.8,43.0,5.7
2025-07-23 02:00:00,2025,7,23,2,Vĩnh Long,Xã An Ngãi Trung,10.0916931,106.5448581,63,Moderate,1,26.1,87,0.0,10.4,225,1004.9,100,21.4,24.2,297.0,12.4,45.0,5.5
2025-07-23 03:00:00,2025,7,23,3,Vĩnh Long,Xã An Ngãi Trung,10.0916931,106.5448581,63,Moderate,1,25.8,91,0.0,8.9,223,1004.5,94,20.0,22.6,292.0,11.7,48.0,5.4
2025-07-23 04:00:00,2025,7,23,4,Vĩnh Long,Xã An Ngãi Trung,10.0916931,106.5448581,63,Moderate,1,25.9,91,0.0,10.4,225,1004.3,87,19.4,21.9,286.0,11.1,51.0,5.4
2025-07-23 05:00:00,2025,7,23,5,Vĩnh Long,Xã An Ngãi Trung,10.0916931,106.5448581,63,Moderate,1,26.0,91,0.0,11.1,233,1004.3,97,19.6,22.1,282.0,10.9,53.0,5.6
2025-07-23 06:00:00,2025,7,23,6,Vĩnh Long,Xã An Ngãi Trung,10.0916931,106.5448581,63,Moderate,1,26.1,91,0.0,9.4,253,1004.8,95,20.5,23.0,277.0,10.8,55.0,5.9
2025-07-23 07:00:00,2025,7,23,7,Vĩnh Long,Xã An Ngãi Trung,10.0916931,106.5448581,63,Moderate,1,27.4,85,0.0,14.9,248,1005.2,99,17.5,19.6,271.0,9.9,63.0,5.8
2025-07-23 08:00:00,2025,7,23,8,Vĩnh Long,Xã An Ngãi Trung,10.0916931,106.5448581,62,Moderate,1,28.1,85,0.0,15.0,243,1006.1,94,16.5,19.0,263.0,7.9,74.0,5.7
2025-07-23 09:00:00,2025,7,23,9,Vĩnh Long,Xã An Ngãi Trung,10.0916931,106.5448581,62,Moderate,1,29.4,79,0.0,14.1,240,1006.0,74,17.2,20.0,253.0,5.2,88.0,5.5
2025-07-23 10:00:00,2025,7,23,10,Vĩnh Long,Xã An Ngãi Trung,10.0916931,106.5448581,62,Moderate,1,30.1,75,0.0,17.5,248,1005.7,64,17.4,21.7,239.0,3.2,97.0,5.1
2025-07-23 11:00:00,2025,7,23,11,Vĩnh Long,Xã An Ngãi Trung,10.0916931,106.5448581,62,Moderate,1,31.1,68,0.0,21.4,249,1005.2,94,18.2,24.2,216.0,2.4,96.0,4.4
2025-07-23 12:00:00,2025,7,23,12,Vĩnh Long,Xã An Ngãi Trung,10.0916931,106.5448581,62,Moderate,1,31.0,72,0.8,20.6,249,1004.6,92,17.2,21.8,188.0,2.3,89.0,3.6
2025-07-23 13:00:00,2025,7,23,13,Vĩnh Long,Xã An Ngãi Trung,10.0916931,106.5448581,63,Moderate,1,31.5,68,0.1,19.0,250,1003.8,92,17.4,21.7,167.0,2.4,84.0,3.1
2025-07-23 14:00:00,2025,7,23,14,Vĩnh Long,Xã An Ngãi Trung,10.0916931,106.5448581,63,Moderate,1,32.0,65,0.0,20.9,246,1003.1,84,16.8,21.5,158.0,2.3,83.0,3.3
2025-07-23 15:00:00,2025,7,23,15,Vĩnh Long,Xã An Ngãi Trung,10.0916931,106.5448581,63,Moderate,1,31.1,68,0.0,18.4,243,1002.3,93,16.1,20.8,156.0,2.4,84.0,3.8
2025-07-23 16:00:00,2025,7,23,16,Vĩnh Long,Xã An Ngãi Trung,10.0916931,106.5448581,64,Moderate,1,30.6,72,0.0,15.9,241,1002.0,95,15.8,19.3,160.0,3.4,81.0,4.5
2025-07-23 17:00:00,2025,7,23,17,Vĩnh Long,Xã An Ngãi Trung,10.0916931,106.5448581,64,Moderate,1,30.5,72,0.0,12.6,241,1002.1,96,15.7,18.6,172.0,6.1,71.0,5.3
2025-07-23 18:00:00,2025,7,23,18,Vĩnh Long,Xã An Ngãi Trung,10.0916931,106.5448581,64,Moderate,1,29.2,75,0.0,8.5,252,1003.0,98,17.9,20.5,190.0,9.7,57.0,6.1
2025-07-23 19:00:00,2025,7,23,19,Vĩnh Long,Xã An Ngãi Trung,10.0916931,106.5448581,64,Moderate,1,28.4,78,0.0,7.1,255,1004.1,100,18.6,21.5,208.0,11.7,49.0,6.4
2025-07-23 20:00:00,2025,7,23,20,Vĩnh Long,Xã An Ngãi Trung,10.0916931,106.5448581,64,Moderate,1,28.4,72,0.0,9.5,249,1004.7,100,22.1,24.9,226.0,13.7,42.0,7.0
2025-07-23 21:00:00,2025,7,23,21,Vĩnh Long,Xã An Ngãi Trung,10.0916931,106.5448581,65,Moderate,1,27.6,76,0.0,8.1,246,1006.1,100,25.5,28.3,245.0,16.5,33.0,7.9
2025-07-23 22:00:00,2025,7,23,22,Vĩnh Long,Xã An Ngãi Trung,10.0916931,106.5448581,65,Moderate,1,27.4,78,0.0,8.8,242,1006.5,99,28.4,31.3,255.0,18.6,26.0,8.4
2025-07-23 23:00:00,2025,7,23,23,Vĩnh Long,Xã An Ngãi Trung,10.0916931,106.5448581,66,Moderate,1,26.8,81,0.0,9.0,237,1006.7,96,29.8,32.9,253.0,19.2,23.0,8.2
2025-07-24 00:00:00,2025,7,24,0,Vĩnh Long,Xã An Ngãi Trung,10.0916931,106.5448581,66,Moderate,1,26.5,84,0.0,9.1,238,1006.5,94,29.7,33.1,243.0,19.0,23.0,7.7
2025-07-24 01:00:00,2025,7,24,1,Vĩnh Long,Xã An Ngãi Trung,10.0916931,106.5448581,67,Moderate,1,26.1,86,0.0,9.4,244,1006.0,100,29.3,32.8,230.0,18.7,23.0,7.3
2025-07-24 02:00:00,2025,7,24,2,Vĩnh Long,Xã An Ngãi Trung,10.0916931,106.5448581,68,Moderate,1,26.0,88,0.0,9.1,248,1005.3,100,28.6,32.5,213.0,18.7,22.0,7.1
2025-07-24 03:00:00,2025,7,24,3,Vĩnh Long,Xã An Ngãi Trung,10.0916931,106.5448581,68,Moderate,1,25.8,90,0.0,7.0,244,1005.0,100,28.8,32.9,193.0,18.6,22.0,6.9
2025-07-24 04:00:00,2025,7,24,4,Vĩnh Long,Xã An Ngãi Trung,10.0916931,106.5448581,69,Moderate,1,25.8,91,0.0,7.1,243,1005.2,100,29.0,33.1,178.0,17.7,23.0,6.7
2025-07-24 05:00:00,2025,7,24,5,Vĩnh Long,Xã An Ngãi Trung,10.0916931,106.5448581,70,Moderate,1,25.4,93,0.0,6.5,246,1005.5,100,27.9,32.0,174.0,15.6,26.0,6.6
2025-07-24 06:00:00,2025,7,24,6,Vĩnh Long,Xã An Ngãi Trung,10.0916931,106.5448581,71,Moderate,1,25.4,93,0.0,7.9,243,1005.8,100,26.6,30.5,174.0,12.8,29.0,6.5
2025-07-24 07:00:00,2025,7,24,7,Vĩnh Long,Xã An Ngãi Trung,10.0916931,106.5448581,71,Moderate,1,26.6,91,0.0,7.8,232,1006.6,100,21.5,25.4,175.0,11.3,34.0,7.2
2025-07-24 08:00:00,2025,7,24,8,Vĩnh Long,Xã An Ngãi Trung,10.0916931,106.5448581,72,Moderate,1,28.2,86,0.0,8.4,247,1007.5,100,19.2,22.8,174.0,9.2,44.0,7.0
2025-07-24 09:00:00,2025,7,24,9,Vĩnh Long,Xã An Ngãi Trung,10.0916931,106.5448581,72,Moderate,1,29.5,81,0.0,12.5,263,1007.4,100,17.0,20.9,172.0,6.2,59.0,6.6
2025-07-24 10:00:00,2025,7,24,10,Vĩnh Long,Xã An Ngãi Trung,10.0916931,106.5448581,72,Moderate,1,30.2,74,0.1,16.5,262,1007.4,100,17.2,23.2,168.0,3.9,71.0,6.3
2025-07-24 11:00:00,2025,7,24,11,Vĩnh Long,Xã An Ngãi Trung,10.0916931,106.5448581,72,Moderate,1,30.4,72,0.0,16.9,256,1006.7,97,18.7,27.2,161.0,2.7,80.0,6.0
2025-07-24 12:00:00,2025,7,24,12,Vĩnh Long,Xã An Ngãi Trung,10.0916931,106.5448581,72,Moderate,1,31.3,69,0.0,18.2,269,1005.6,98,19.6,29.3,152.0,2.1,86.0,5.6
2025-07-24 13:00:00,2025,7,24,13,Vĩnh Long,Xã An Ngãi Trung,10.0916931,106.5448581,72,Moderate,1,32.0,64,0.0,18.5,268,1004.7,100,20.0,30.3,146.0,2.0,89.0,5.4
2025-07-24 14:00:00,2025,7,24,14,Vĩnh Long,Xã An Ngãi Trung,10.0916931,106.5448581,72,Moderate,1,31.9,63,0.0,18.7,272,1004.0,100,20.1,30.4,144.0,2.1,87.0,5.3
2025-07-24 15:00:00,2025,7,24,15,Vĩnh Long,Xã An Ngãi Trung,10.0916931,106.5448581,73,Moderate,1,31.6,65,0.0,17.5,267,1003.4,100,19.7,29.9,144.0,2.7,81.0,5.4
2025-07-24 16:00:00,2025,7,24,16,Vĩnh Long,Xã An Ngãi Trung,10.0916931,106.5448581,73,Moderate,1,30.8,71,0.0,14.0,262,1003.2,100,19.6,29.6,147.0,4.0,74.0,5.7
2025-07-24 17:00:00,2025,7,24,17,Vĩnh Long,Xã An Ngãi Trung,10.0916931,106.5448581,73,Moderate,1,30.1,72,0.0,12.1,258,1003.7,100,20.7,29.2,155.0,6.7,64.0,6.4
2025-07-24 18:00:00,2025,7,24,18,Vĩnh Long,Xã An Ngãi Trung,10.0916931,106.5448581,74,Moderate,1,29.1,74,0.0,11.4,263,1004.4,100,22.2,30.2,166.0,10.1,51.0,7.2
2025-07-24 19:00:00,2025,7,24,19,Vĩnh Long,Xã An Ngãi Trung,10.0916931,106.5448581,74,Moderate,1,28.6,74,0.0,12.4,268,1005.2,100,30.6,39.6,177.0,15.7,50.0,9.5
2025-07-24 20:00:00,2025,7,24,20,Vĩnh Long,Xã An Ngãi Trung,10.0916931,106.5448581,75,Moderate,1,28.1,74,0.0,12.6,251,1006.0,99,29.2,37.4,189.0,15.4,45.0,9.3
2025-07-24 21:00:00,2025,7,24,21,Vĩnh Long,Xã An Ngãi Trung,10.0916931,106.5448581,76,Moderate,1,27.4,78,0.0,10.6,246,1006.9,100,27.1,35.0,202.0,14.9,39.0,9.0
2025-07-24 22:00:00,2025,7,24,22,Vĩnh Long,Xã An Ngãi Trung,10.0916931,106.5448581,76,Moderate,1,27.0,81,0.0,10.9,248,1007.4,100,25.7,33.3,207.0,14.5,34.0,8.6
2025-07-24 23:00:00,2025,7,24,23,Vĩnh Long,Xã An Ngãi Trung,10.0916931,106.5448581,76,Moderate,1,26.7,83,0.0,12.5,252,1007.0,100,24.4,31.5,199.0,14.1,33.0,8.1
2025-07-25 00:00:00,2025,7,25,0,Vĩnh Long,Xã An Ngãi Trung,10.0916931,106.5448581,75,Moderate,1,26.5,84,0.0,11.3,250,1006.8,72,23.4,30.2,183.0,13.8,33.0,7.6
2025-07-25 01:00:00,2025,7,25,1,Vĩnh Long,Xã An Ngãi Trung,10.0916931,106.5448581,75,Moderate,1,26.0,87,0.0,10.7,250,1006.3,92,23.0,29.3,170.0,13.6,33.0,7.2
2025-07-25 02:00:00,2025,7,25,2,Vĩnh Long,Xã An Ngãi Trung,10.0916931,106.5448581,74,Moderate,1,26.1,86,0.0,13.5,254,1005.3,100,23.0,29.2,162.0,13.9,32.0,7.0
2025-07-25 03:00:00,2025,7,25,3,Vĩnh Long,Xã An Ngãi Trung,10.0916931,106.5448581,74,Moderate,1,26.0,86,0.0,12.7,257,1005.1,100,23.4,29.5,158.0,14.3,30.0,7.0
2025-07-25 04:00:00,2025,7,25,4,Vĩnh Long,Xã An Ngãi Trung,10.0916931,106.5448581,73,Moderate,1,25.6,88,0.0,11.4,255,1005.2,100,23.9,30.0,158.0,14.5,29.0,7.0
2025-07-25 05:00:00,2025,7,25,5,Vĩnh Long,Xã An Ngãi Trung,10.0916931,106.5448581,73,Moderate,1,25.5,90,0.0,10.9,254,1005.6,100,24.6,30.7,169.0,14.3,27.0,7.2
2025-07-25 06:00:00,2025,7,25,6,Vĩnh Long,Xã An Ngãi Trung,10.0916931,106.5448581,72,Moderate,1,25.5,90,0.0,10.8,259,1005.9,100,25.4,31.5,185.0,13.8,25.0,7.5
2025-07-25 07:00:00,2025,7,25,7,Vĩnh Long,Xã An Ngãi Trung,10.0916931,106.5448581,72,Moderate,1,26.7,89,0.0,11.1,262,1006.4,100,22.4,26.4,193.0,11.2,30.0,7.4
2025-07-25 08:00:00,2025,7,25,8,Vĩnh Long,Xã An Ngãi Trung,10.0916931,106.5448581,72,Moderate,1,28.6,82,0.0,11.0,268,1007.0,90,21.8,27.9,185.0,9.1,43.0,7.5
2025-07-25 09:00:00,2025,7,25,9,Vĩnh Long,Xã An Ngãi Trung,10.0916931,106.5448581,73,Moderate,1,30.0,76,0.0,13.0,271,1006.9,86,20.3,28.3,169.0,6.2,61.0,7.7
2025-07-25 10:00:00,2025,7,25,10,Vĩnh Long,Xã An Ngãi Trung,10.0916931,106.5448581,73,Moderate,1,31.1,67,0.0,17.2,277,1006.9,87,20.3,29.8,156.0,3.9,76.0,7.6
2025-07-25 11:00:00,2025,7,25,11,Vĩnh Long,Xã An Ngãi Trung,10.0916931,106.5448581,73,Moderate,1,31.8,62,0.0,19.0,282,1006.8,70,20.0,29.8,148.0,2.7,84.0,7.1
2025-07-25 12:00:00,2025,7,25,12,Vĩnh Long,Xã An Ngãi Trung,10.0916931,106.5448581,73,Moderate,1,31.8,62,0.0,19.9,274,1006.3,70,19.1,28.7,142.0,2.2,88.0,6.3
2025-07-25 13:00:00,2025,7,25,13,Vĩnh Long,Xã An Ngãi Trung,10.0916931,106.5448581,73,Moderate,1,31.4,64,0.0,20.2,270,1005.6,71,18.3,27.5,140.0,1.9,91.0,5.8
2025-07-25 14:00:00,2025,7,25,14,Vĩnh Long,Xã An Ngãi Trung,10.0916931,106.5448581,73,Moderate,1,31.4,71,0.0,15.2,260,1005.0,13,18.1,27.1,141.0,1.7,93.0,5.7
2025-07-25 15:00:00,2025,7,25,15,Vĩnh Long,Xã An Ngãi Trung,10.0916931,106.5448581,73,Moderate,1,31.8,69,0.9,16.7,271,1004.3,84,17.6,26.3,146.0,1.8,93.0,5.8
2025-07-25 16:00:00,2025,7,25,16,Vĩnh Long,Xã An Ngãi Trung,10.0916931,106.5448581,73,Moderate,1,28.9,83,3.7,8.9,261,1004.4,98,17.0,25.9,152.0,2.8,89.0,6.1
2025-07-25 17:00:00,2025,7,25,17,Vĩnh Long,Xã An Ngãi Trung,10.0916931,106.5448581,72,Moderate,1,29.6,82,0.0,7.5,250,1004.0,98,18.0,25.1,161.0,5.6,78.0,6.8
2025-07-25 18:00:00,2025,7,25,18,Vĩnh Long,Xã An Ngãi Trung,10.0916931,106.5448581,72,Moderate,1,29.1,78,0.0,12.7,254,1004.5,86,19.8,26.3,171.0,9.3,64.0,7.7
2025-07-25 19:00:00,2025,7,25,19,Vĩnh Long,Xã An Ngãi Trung,10.0916931,106.5448581,72,Moderate,1,28.5,78,0.0,13.1,257,1005.2,100,29.3,35.4,180.0,16.1,52.0,10.1
2025-07-25 20:00:00,2025,7,25,20,Vĩnh Long,Xã An Ngãi Trung,10.0916931,106.5448581,72,Moderate,1,28.4,77,0.0,13.0,246,1006.4,46,28.1,34.6,187.0,15.4,47.0,9.5
2025-07-25 21:00:00,2025,7,25,21,Vĩnh Long,Xã An Ngãi Trung,10.0916931,106.5448581,72,Moderate,1,28.0,79,0.0,13.8,248,1006.9,100,25.1,31.9,192.0,14.3,39.0,8.7
2025-07-25 22:00:00,2025,7,25,22,Vĩnh Long,Xã An Ngãi Trung,10.0916931,106.5448581,72,Moderate,1,27.6,80,0.0,13.8,244,1007.1,99,22.6,29.2,192.0,13.5,34.0,8.0
2025-07-25 23:00:00,2025,7,25,23,Vĩnh Long,Xã An Ngãi Trung,10.0916931,106.5448581,71,Moderate,1,27.1,82,0.0,12.6,251,1007.2,100,21.5,28.0,182.0,13.1,33.0,7.4
2025-07-26 00:00:00,2025,7,26,0,Vĩnh Long,Xã An Ngãi Trung,10.0916931,106.5448581,71,Moderate,1,26.8,84,0.0,11.1,256,1007.0,100,21.4,27.5,165.0,13.0,33.0,7.0
2025-07-26 01:00:00,2025,7,26,1,Vĩnh Long,Xã An Ngãi Trung,10.0916931,106.5448581,71,Moderate,1,26.6,85,0.0,11.4,257,1006.3,100,21.4,27.2,152.0,12.8,34.0,6.6
2025-07-26 02:00:00,2025,7,26,2,Vĩnh Long,Xã An Ngãi Trung,10.0916931,106.5448581,71,Moderate,1,26.5,86,0.0,10.7,250,1005.8,100,20.7,26.5,143.0,12.5,34.0,6.3
2025-07-26 03:00:00,2025,7,26,3,Vĩnh Long,Xã An Ngãi Trung,10.0916931,106.5448581,71,Moderate,1,26.2,87,0.0,9.9,249,1005.5,73,20.0,25.7,137.0,12.3,34.0,6.2
2025-07-26 04:00:00,2025,7,26,4,Vĩnh Long,Xã An Ngãi Trung,10.0916931,106.5448581,70,Moderate,1,26.0,89,0.0,9.6,247,1005.6,88,19.7,25.3,136.0,12.2,34.0,6.2
2025-07-26 05:00:00,2025,7,26,5,Vĩnh Long,Xã An Ngãi Trung,10.0916931,106.5448581,70,Moderate,1,26.1,88,0.0,10.8,249,1005.9,100,20.1,25.4,144.0,12.7,31.0,6.5
2025-07-26 06:00:00,2025,7,26,6,Vĩnh Long,Xã An Ngãi Trung,10.0916931,106.5448581,70,Moderate,1,26.2,88,0.0,9.6,258,1006.5,64,21.2,26.3,157.0,13.4,27.0,6.9
2025-07-26 07:00:00,2025,7,26,7,Vĩnh Long,Xã An Ngãi Trung,10.0916931,106.5448581,69,Moderate,1,27.5,86,0.0,10.5,264,1007.1,56,29.6,33.9,165.0,14.2,25.0,7.4
2025-07-26 08:00:00,2025,7,26,8,Vĩnh Long,Xã An Ngãi Trung,10.0916931,106.5448581,70,Moderate,1,28.9,83,0.0,10.7,256,1007.2,40,24.6,30.9,163.0,11.4,36.0,7.4
2025-07-26 09:00:00,2025,7,26,9,Vĩnh Long,Xã An Ngãi Trung,10.0916931,106.5448581,70,Moderate,1,30.3,78,0.0,14.1,257,1007.4,72,20.6,28.1,157.0,7.5,51.0,7.4
2025-07-26 10:00:00,2025,7,26,10,Vĩnh Long,Xã An Ngãi Trung,10.0916931,106.5448581,70,Moderate,1,31.4,70,0.0,18.7,263,1007.2,67,18.6,26.5,153.0,4.4,65.0,7.3
2025-07-26 11:00:00,2025,7,26,11,Vĩnh Long,Xã An Ngãi Trung,10.0916931,106.5448581,70,Moderate,1,30.5,69,0.1,22.3,263,1007.3,100,19.0,27.2,154.0,2.8,77.0,7.1
2025-07-26 12:00:00,2025,7,26,12,Vĩnh Long,Xã An Ngãi Trung,10.0916931,106.5448581,70,Moderate,1,31.3,75,0.3,15.5,273,1006.6,100,18.8,27.0,157.0,2.1,89.0,6.7
2025-07-26 13:00:00,2025,7,26,13,Vĩnh Long,Xã An Ngãi Trung,10.0916931,106.5448581,70,Moderate,1,27.0,87,3.8,14.0,234,1007.1,77,18.3,26.0,160.0,2.0,95.0,6.5
2025-07-26 14:00:00,2025,7,26,14,Vĩnh Long,Xã An Ngãi Trung,10.0916931,106.5448581,70,Moderate,1,29.0,84,0.1,7.5,237,1006.3,91,17.2,22.8,163.0,2.5,95.0,6.4
2025-07-26 15:00:00,2025,7,26,15,Vĩnh Long,Xã An Ngãi Trung,10.0916931,106.5448581,70,Moderate,1,28.5,82,0.6,13.2,241,1005.7,61,18.1,23.1,167.0,3.6,89.0,6.4
2025-07-26 16:00:00,2025,7,26,16,Vĩnh Long,Xã An Ngãi Trung,10.0916931,106.5448581,70,Moderate,1,28.7,83,0.0,10.0,216,1005.5,100,18.7,24.0,172.0,5.3,82.0,6.5
2025-07-26 17:00:00,2025,7,26,17,Vĩnh Long,Xã An Ngãi Trung,10.0916931,106.5448581,70,Moderate,1,28.6,83,0.0,8.0,208,1005.6,100,20.2,25.4,181.0,8.0,72.0,6.8
2025-07-26 18:00:00,2025,7,26,18,Vĩnh Long,Xã An Ngãi Trung,10.0916931,106.5448581,70,Moderate,1,28.0,86,0.0,9.1,207,1005.7,100,21.8,27.4,192.0,11.2,60.0,7.1
2025-07-26 19:00:00,2025,7,26,19,Vĩnh Long,Xã An Ngãi Trung,10.0916931,106.5448581,70,Moderate,1,27.5,89,0.0,6.9,211,1006.2,100,40.4,47.4,200.0,22.8,46.0,10.8
2025-07-26 20:00:00,2025,7,26,20,Vĩnh Long,Xã An Ngãi Trung,10.0916931,106.5448581,71,Moderate,1,28.4,73,0.0,12.9,250,1006.7,100,31.1,38.2,202.0,20.4,44.0,9.9
2025-07-26 21:00:00,2025,7,26,21,Vĩnh Long,Xã An Ngãi Trung,10.0916931,106.5448581,72,Moderate,1,28.0,75,0.0,13.6,246,1007.6,100,27.4,34.2,200.0,17.1,40.0,8.6
2025-07-26 22:00:00,2025,7,26,22,Vĩnh Long,Xã An Ngãi Trung,10.0916931,106.5448581,72,Moderate,1,27.5,78,0.0,13.1,238,1008.2,100,24.2,31.0,196.0,14.4,38.0,7.5
2025-07-26 23:00:00,2025,7,26,23,Vĩnh Long,Xã An Ngãi Trung,10.0916931,106.5448581,72,Moderate,1,27.1,80,0.0,13.2,235,1008.2,100,23.2,30.0,188.0,13.1,38.0,6.7
2025-07-27 00:00:00,2025,7,27,0,Vĩnh Long,Xã An Ngãi Trung,10.0916931,106.5448581,72,Moderate,1,26.9,83,0.0,14.2,232,1007.6,100,22.6,29.6,178.0,12.4,39.0,6.0
2025-07-27 01:00:00,2025,7,27,1,Vĩnh Long,Xã An Ngãi Trung,10.0916931,106.5448581,72,Moderate,1,26.6,86,0.0,13.9,234,1007.1,100,22.5,29.6,169.0,11.9,39.0,5.5
2025-07-27 02:00:00,2025,7,27,2,Vĩnh Long,Xã An Ngãi Trung,10.0916931,106.5448581,72,Moderate,1,26.5,89,0.0,13.9,234,1006.4,100,22.5,29.9,160.0,11.5,38.0,5.1
2025-07-27 03:00:00,2025,7,27,3,Vĩnh Long,Xã An Ngãi Trung,10.0916931,106.5448581,72,Moderate,1,26.4,89,0.0,13.8,234,1006.2,100,22.5,30.3,151.0,11.3,38.0,4.8
2025-07-27 04:00:00,2025,7,27,4,Vĩnh Long,Xã An Ngãi Trung,10.0916931,106.5448581,73,Moderate,1,26.3,89,0.0,12.0,238,1006.6,100,22.6,30.6,148.0,11.2,37.0,4.7
2025-07-27 05:00:00,2025,7,27,5,Vĩnh Long,Xã An Ngãi Trung,10.0916931,106.5448581,73,Moderate,1,26.1,89,0.0,11.3,236,1006.7,100,23.1,31.1,155.0,11.4,35.0,4.8
2025-07-27 06:00:00,2025,7,27,6,Vĩnh Long,Xã An Ngãi Trung,10.0916931,106.5448581,73,Moderate,1,25.9,91,0.0,11.1,230,1007.0,99,23.7,31.8,168.0,11.6,34.0,5.1
2025-07-27 07:00:00,2025,7,27,7,Vĩnh Long,Xã An Ngãi Trung,10.0916931,106.5448581,73,Moderate,1,27.1,90,0.0,9.9,233,1007.6,100,25.6,33.2,177.0,11.5,30.0,5.8
2025-07-27 08:00:00,2025,7,27,8,Vĩnh Long,Xã An Ngãi Trung,10.0916931,106.5448581,73,Moderate,1,28.8,83,0.0,11.3,233,1008.0,100,23.4,33.3,179.0,9.1,43.0,5.6
2025-07-27 09:00:00,2025,7,27,9,Vĩnh Long,Xã An Ngãi Trung,10.0916931,106.5448581,73,Moderate,1,28.5,82,0.1,19.4,239,1008.2,100,19.7,31.1,178.0,5.9,60.0,5.4
2025-07-27 10:00:00,2025,7,27,10,Vĩnh Long,Xã An Ngãi Trung,10.0916931,106.5448581,73,Moderate,1,29.8,77,0.0,18.1,243,1008.0,100,19.1,31.5,177.0,3.5,73.0,5.1
2025-07-27 11:00:00,2025,7,27,11,Vĩnh Long,Xã An Ngãi Trung,10.0916931,106.5448581,73,Moderate,1,30.1,69,0.3,22.0,248,1007.7,100,18.9,31.1,176.0,2.9,78.0,4.7
2025-07-27 12:00:00,2025,7,27,12,Vĩnh Long,Xã An Ngãi Trung,10.0916931,106.5448581,73,Moderate,1,31.0,73,0.1,18.2,236,1006.7,100,18.6,30.5,175.0,3.1,78.0,4.2
2025-07-27 13:00:00,2025,7,27,13,Vĩnh Long,Xã An Ngãi Trung,10.0916931,106.5448581,73,Moderate,1,28.4,84,3.6,12.8,259,1006.6,100,16.7,25.7,173.0,3.6,77.0,3.9
2025-07-27 14:00:00,2025,7,27,14,Vĩnh Long,Xã An Ngãi Trung,10.0916931,106.5448581,73,Moderate,1,27.8,85,2.4,19.7,249,1006.2,100,14.8,21.2,167.0,4.0,76.0,4.1
2025-07-27 15:00:00,2025,7,27,15,Vĩnh Long,Xã An Ngãi Trung,10.0916931,106.5448581,72,Moderate,1,27.0,87,0.9,16.6,261,1006.0,100,15.3,21.8,159.0,4.6,74.0,4.5
2025-07-27 16:00:00,2025,7,27,16,Vĩnh Long,Xã An Ngãi Trung,10.0916931,106.5448581,72,Moderate,1,26.6,91,1.2,10.3,241,1005.4,100,16.4,22.3,156.0,5.6,71.0,4.9
2025-07-27 17:00:00,2025,7,27,17,Vĩnh Long,Xã An Ngãi Trung,10.0916931,106.5448581,72,Moderate,1,26.5,89,0.4,13.2,248,1005.7,100,17.1,22.4,164.0,7.4,65.0,5.3
2025-07-27 18:00:00,2025,7,27,18,Vĩnh Long,Xã An Ngãi Trung,10.0916931,106.5448581,72,Moderate,1,26.1,92,0.0,12.3,248,1006.3,100,17.5,23.0,176.0,9.6,58.0,5.8
2025-07-27 19:00:00,2025,7,27,19,Vĩnh Long,Xã An Ngãi Trung,10.0916931,106.5448581,71,Moderate,1,25.7,92,0.0,13.5,243,1006.4,100,21.3,28.7,185.0,12.6,50.0,7.1
2025-07-27 20:00:00,2025,7,27,20,Vĩnh Long,Xã An Ngãi Trung,10.0916931,106.5448581,70,Moderate,1,25.5,93,0.0,10.4,236,1007.0,100,23.4,30.5,186.0,13.9,45.0,7.6
2025-07-27 21:00:00,2025,7,27,21,Vĩnh Long,Xã An Ngãi Trung,10.0916931,106.5448581,69,Moderate,1,25.4,94,0.0,9.6,247,1007.5,100,25.4,32.6,183.0,15.7,37.0,8.3
2025-07-27 22:00:00,2025,7,27,22,Vĩnh Long,Xã An Ngãi Trung,10.0916931,106.5448581,69,Moderate,1,25.2,95,0.0,8.2,248,1007.8,100,26.5,33.9,179.0,17.0,31.0,8.7
2025-07-27 23:00:00,2025,7,27,23,Vĩnh Long,Xã An Ngãi Trung,10.0916931,106.5448581,69,Moderate,1,25.1,96,0.0,9.4,239,1008.0,99,27.0,34.8,176.0,17.3,28.0,8.6
2025-07-28 00:00:00,2025,7,28,0,Vĩnh Long,Xã An Ngãi Trung,10.0916931,106.5448581,69,Moderate,1,25.1,96,0.0,8.4,235,1007.9,91,27.0,35.0,171.0,17.0,27.0,8.1
2025-07-28 01:00:00,2025,7,28,1,Vĩnh Long,Xã An Ngãi Trung,10.0916931,106.5448581,70,Moderate,1,25.0,96,0.0,8.3,236,1007.1,73,26.0,34.5,166.0,16.5,26.0,7.6
2025-07-28 02:00:00,2025,7,28,2,Vĩnh Long,Xã An Ngãi Trung,10.0916931,106.5448581,70,Moderate,1,25.0,96,0.0,8.4,228,1006.5,62,24.7,33.3,158.0,15.9,26.0,7.1
2025-07-28 03:00:00,2025,7,28,3,Vĩnh Long,Xã An Ngãi Trung,10.0916931,106.5448581,70,Moderate,1,25.0,96,0.0,8.3,231,1006.3,64,23.8,31.9,149.0,15.2,26.0,6.5
2025-07-28 04:00:00,2025,7,28,4,Vĩnh Long,Xã An Ngãi Trung,10.0916931,106.5448581,70,Moderate,1,25.0,96,0.0,8.0,228,1006.7,89,23.2,30.7,143.0,14.1,28.0,5.9
2025-07-28 05:00:00,2025,7,28,5,Vĩnh Long,Xã An Ngãi Trung,10.0916931,106.5448581,70,Moderate,1,24.9,96,0.0,7.5,224,1006.4,94,21.0,27.6,143.0,12.6,31.0,5.1
2025-07-28 06:00:00,2025,7,28,6,Vĩnh Long,Xã An Ngãi Trung,10.0916931,106.5448581,70,Moderate,1,25.2,94,0.0,9.9,215,1006.6,96,16.3,22.1,147.0,10.8,35.0,4.3
2025-07-28 07:00:00,2025,7,28,7,Vĩnh Long,Xã An Ngãi Trung,10.0916931,106.5448581,70,Moderate,1,26.0,89,0.3,21.8,236,1007.7,98,18.4,22.6,150.0,10.6,35.0,3.7
2025-07-28 08:00:00,2025,7,28,8,Vĩnh Long,Xã An Ngãi Trung,10.0916931,106.5448581,69,Moderate,1,27.0,85,1.7,18.5,237,1008.0,100,15.8,20.9,150.0,8.7,45.0,3.9
2025-07-28 09:00:00,2025,7,28,9,Vĩnh Long,Xã An Ngãi Trung,10.0916931,106.5448581,68,Moderate,1,27.5,88,0.2,14.8,233,1008.3,100,16.1,21.1,149.0,6.1,59.0,4.3
2025-07-28 10:00:00,2025,7,28,10,Vĩnh Long,Xã An Ngãi Trung,10.0916931,106.5448581,68,Moderate,1,28.9,80,0.1,17.7,237,1008.2,100,14.9,19.8,149.0,3.9,72.0,4.4
2025-07-28 11:00:00,2025,7,28,11,Vĩnh Long,Xã An Ngãi Trung,10.0916931,106.5448581,68,Moderate,1,28.0,84,2.9,18.0,252,1008.0,100,14.1,19.8,149.0,2.6,83.0,4.1
2025-07-28 12:00:00,2025,7,28,12,Vĩnh Long,Xã An Ngãi Trung,10.0916931,106.5448581,67,Moderate,1,29.0,83,0.3,15.9,245,1007.0,100,14.0,20.2,150.0,1.8,93.0,3.6
2025-07-28 13:00:00,2025,7,28,13,Vĩnh Long,Xã An Ngãi Trung,10.0916931,106.5448581,67,Moderate,1,27.7,84,5.3,19.2,243,1006.5,100,13.9,20.5,156.0,1.5,98.0,3.3
2025-07-28 14:00:00,2025,7,28,14,Vĩnh Long,Xã An Ngãi Trung,10.0916931,106.5448581,66,Moderate,1,27.6,87,0.3,14.5,232,1005.8,100,13.4,19.2,170.0,1.7,97.0,3.5
2025-07-28 15:00:00,2025,7,28,15,Vĩnh Long,Xã An Ngãi Trung,10.0916931,106.5448581,66,Moderate,1,27.8,87,0.5,13.0,235,1005.2,64,14.3,17.8,189.0,2.5,91.0,3.9
2025-07-28 16:00:00,2025,7,28,16,Vĩnh Long,Xã An Ngãi Trung,10.0916931,106.5448581,66,Moderate,1,28.1,86,0.2,11.6,237,1004.5,100,14.8,18.6,203.0,3.9,84.0,4.5
2025-07-28 17:00:00,2025,7,28,17,Vĩnh Long,Xã An Ngãi Trung,10.0916931,106.5448581,66,Moderate,1,28.4,86,0.1,10.3,232,1004.8,100,15.2,19.5,208.0,6.5,75.0,5.3
2025-07-28 18:00:00,2025,7,28,18,Vĩnh Long,Xã An Ngãi Trung,10.0916931,106.5448581,66,Moderate,1,26.7,89,0.5,9.7,214,1005.0,100,17.6,21.2,210.0,9.8,63.0,6.2
2025-07-28 19:00:00,2025,7,28,19,Vĩnh Long,Xã An Ngãi Trung,10.0916931,106.5448581,66,Moderate,1,26.4,90,0.0,8.3,240,1005.4,97,18.3,21.9,214.0,11.9,52.0,6.8
2025-07-28 20:00:00,2025,7,28,20,Vĩnh Long,Xã An Ngãi Trung,10.0916931,106.5448581,66,Moderate,1,26.1,95,0.6,8.3,256,1005.8,97,20.0,23.7,228.0,13.2,47.0,7.1
2025-07-28 21:00:00,2025,7,28,21,Vĩnh Long,Xã An Ngãi Trung,10.0916931,106.5448581,65,Moderate,1,26.2,96,0.0,7.4,238,1006.4,100,22.1,26.0,245.0,14.9,39.0,7.6
2025-07-28 22:00:00,2025,7,28,22,Vĩnh Long,Xã An Ngãi Trung,10.0916931,106.5448581,65,Moderate,1,26.3,95,0.0,6.9,227,1007.0,100,24.0,28.3,251.0,16.2,33.0,7.8
2025-07-28 23:00:00,2025,7,28,23,Vĩnh Long,Xã An Ngãi Trung,10.0916931,106.5448581,65,Moderate,1,26.2,94,0.0,8.1,223,1007.1,99,25.3,29.7,238.0,16.7,30.0,7.5
2025-07-29 00:00:00,2025,7,29,0,Vĩnh Long,Xã An Ngãi Trung,10.0916931,106.5448581,65,Moderate,1,26.1,94,0.0,9.6,227,1006.7,100,25.4,30.0,214.0,16.6,29.0,7.0
2025-07-29 01:00:00,2025,7,29,1,Vĩnh Long,Xã An Ngãi Trung,10.0916931,106.5448581,65,Moderate,1,26.1,93,0.0,8.9,234,1006.5,100,24.7,29.2,194.0,16.2,29.0,6.5
2025-07-29 02:00:00,2025,7,29,2,Vĩnh Long,Xã An Ngãi Trung,10.0916931,106.5448581,64,Moderate,1,26.1,92,0.0,9.9,228,1006.2,100,23.2,27.5,182.0,15.3,31.0,6.0
2025-07-29 03:00:00,2025,7,29,3,Vĩnh Long,Xã An Ngãi Trung,10.0916931,106.5448581,64,Moderate,1,26.2,91,0.0,11.6,228,1006.0,89,21.4,25.4,173.0,13.9,34.0,5.4
2025-07-29 04:00:00,2025,7,29,4,Vĩnh Long,Xã An Ngãi Trung,10.0916931,106.5448581,64,Moderate,1,26.1,91,0.0,10.7,226,1006.0,84,19.6,23.4,168.0,12.5,38.0,5.0
2025-07-29 05:00:00,2025,7,29,5,Vĩnh Long,Xã An Ngãi Trung,10.0916931,106.5448581,64,Moderate,1,25.9,93,0.0,10.1,226,1006.4,91,18.5,22.2,168.0,11.2,42.0,4.8
2025-07-29 06:00:00,2025,7,29,6,Vĩnh Long,Xã An Ngãi Trung,10.0916931,106.5448581,64,Moderate,1,26.0,93,0.0,11.3,222,1006.3,54,18.2,21.9,172.0,9.9,47.0,4.8
2025-07-29 07:00:00,2025,7,29,7,Vĩnh Long,Xã An Ngãi Trung,10.0916931,106.5448581,64,Moderate,1,27.0,91,0.0,10.6,228,1006.5,27,16.5,21.0,174.0,7.8,63.0,4.5
2025-07-29 08:00:00,2025,7,29,8,Vĩnh Long,Xã An Ngãi Trung,10.0916931,106.5448581,64,Moderate,1,28.9,86,0.0,10.4,217,1007.4,90,15.4,21.0,172.0,6.3,72.0,4.3
2025-07-29 09:00:00,2025,7,29,9,Vĩnh Long,Xã An Ngãi Trung,10.0916931,106.5448581,64,Moderate,1,30.2,78,0.1,16.2,222,1007.2,25,15.2,21.4,168.0,4.1,85.0,4.1
2025-07-29 10:00:00,2025,7,29,10,Vĩnh Long,Xã An Ngãi Trung,10.0916931,106.5448581,63,Moderate,1,31.0,71,0.1,19.7,233,1007.4,37,15.0,21.9,164.0,2.5,94.0,3.9
2025-07-29 11:00:00,2025,7,29,11,Vĩnh Long,Xã An Ngãi Trung,10.0916931,106.5448581,63,Moderate,1,31.3,68,0.0,22.2,238,1006.9,32,15.3,22.6,159.0,1.8,97.0,3.7
2025-07-29 12:00:00,2025,7,29,12,Vĩnh Long,Xã An Ngãi Trung,10.0916931,106.5448581,64,Moderate,1,31.1,72,1.0,20.4,244,1006.4,90,14.6,21.4,154.0,1.6,97.0,3.4
2025-07-29 13:00:00,2025,7,29,13,Vĩnh Long,Xã An Ngãi Trung,10.0916931,106.5448581,64,Moderate,1,31.5,66,0.2,22.0,236,1005.3,92,14.0,19.8,153.0,1.8,95.0,3.3
2025-07-29 14:00:00,2025,7,29,14,Vĩnh Long,Xã An Ngãi Trung,10.0916931,106.5448581,64,Moderate,1,29.6,77,0.6,15.6,234,1005.1,94,13.8,18.2,155.0,2.2,91.0,3.3
2025-07-29 15:00:00,2025,7,29,15,Vĩnh Long,Xã An Ngãi Trung,10.0916931,106.5448581,64,Moderate,1,29.2,79,0.7,13.8,230,1004.3,86,13.9,18.2,161.0,3.0,85.0,3.5
2025-07-29 16:00:00,2025,7,29,16,Vĩnh Long,Xã An Ngãi Trung,10.0916931,106.5448581,64,Moderate,1,29.2,76,0.3,20.9,237,1004.4,97,14.1,16.4,172.0,4.3,80.0,3.8
2025-07-29 17:00:00,2025,7,29,17,Vĩnh Long,Xã An Ngãi Trung,10.0916931,106.5448581,64,Moderate,1,28.0,85,0.2,13.2,240,1004.7,93,16.0,18.0,191.0,6.4,76.0,4.5
2025-07-29 18:00:00,2025,7,29,18,Vĩnh Long,Xã An Ngãi Trung,10.0916931,106.5448581,64,Moderate,1,27.9,83,0.0,12.9,231,1004.9,100,18.4,20.1,216.0,8.9,72.0,5.4
2025-07-29 19:00:00,2025,7,29,19,Vĩnh Long,Xã An Ngãi Trung,10.0916931,106.5448581,64,Moderate,1,27.4,84,0.0,10.9,239,1005.9,79,22.3,25.9,236.0,10.7,70.0,6.2
2025-07-29 20:00:00,2025,7,29,20,Vĩnh Long,Xã An Ngãi Trung,10.0916931,106.5448581,64,Moderate,1,27.9,83,0.0,11.1,227,1006.6,53,23.1,26.3,250.0,11.5,67.0,6.5
2025-07-29 21:00:00,2025,7,29,21,Vĩnh Long,Xã An Ngãi Trung,10.0916931,106.5448581,64,Moderate,1,27.2,84,0.0,10.1,215,1007.4,84,24.6,27.9,259.0,12.7,63.0,6.9
2025-07-29 22:00:00,2025,7,29,22,Vĩnh Long,Xã An Ngãi Trung,10.0916931,106.5448581,65,Moderate,1,26.6,86,0.0,8.6,210,1008.0,84,27.1,30.5,261.0,13.6,59.0,7.2
2025-07-29 23:00:00,2025,7,29,23,Vĩnh Long,Xã An Ngãi Trung,10.0916931,106.5448581,65,Moderate,1,26.4,88,0.0,9.6,227,1008.7,92,29.2,32.9,251.0,14.3,56.0,7.2
2025-07-30 00:00:00,2025,7,30,0,Vĩnh Long,Xã An Ngãi Trung,10.0916931,106.5448581,65,Moderate,1,26.5,88,0.0,10.0,229,1008.1,81,29.9,33.6,234.0,14.7,55.0,7.1
2025-07-30 01:00:00,2025,7,30,1,Vĩnh Long,Xã An Ngãi Trung,10.0916931,106.5448581,66,Moderate,1,26.2,89,0.0,9.3,233,1007.8,56,28.6,32.2,220.0,14.7,53.0,6.9
2025-07-30 02:00:00,2025,7,30,2,Vĩnh Long,Xã An Ngãi Trung,10.0916931,106.5448581,66,Moderate,1,26.0,91,0.0,8.4,236,1007.7,70,24.9,28.4,215.0,13.7,52.0,6.3
2025-07-30 03:00:00,2025,7,30,3,Vĩnh Long,Xã An Ngãi Trung,10.0916931,106.5448581,66,Moderate,1,26.0,92,0.0,9.2,231,1007.4,66,21.4,24.7,215.0,12.1,51.0,5.6
2025-07-30 04:00:00,2025,7,30,4,Vĩnh Long,Xã An Ngãi Trung,10.0916931,106.5448581,66,Moderate,1,25.9,93,0.0,9.4,239,1007.2,99,20.5,23.8,214.0,11.1,51.0,5.3
2025-07-30 05:00:00,2025,7,30,5,Vĩnh Long,Xã An Ngãi Trung,10.0916931,106.5448581,66,Moderate,1,26.0,92,0.0,10.8,240,1007.2,100,22.6,25.8,212.0,11.4,50.0,5.8
2025-07-30 06:00:00,2025,7,30,6,Vĩnh Long,Xã An Ngãi Trung,10.0916931,106.5448581,67,Moderate,1,26.0,91,0.0,12.4,237,1007.6,99,25.7,28.8,209.0,12.2,49.0,6.6
2025-07-30 07:00:00,2025,7,30,7,Vĩnh Long,Xã An Ngãi Trung,10.0916931,106.5448581,67,Moderate,1,26.6,89,0.0,14.3,237,1008.2,100,27.7,31.1,207.0,11.9,54.0,7.1
2025-07-30 08:00:00,2025,7,30,8,Vĩnh Long,Xã An Ngãi Trung,10.0916931,106.5448581,68,Moderate,1,27.5,87,0.0,15.3,234,1009.1,100,23.6,27.1,206.0,9.4,70.0,6.9
2025-07-30 09:00:00,2025,7,30,9,Vĩnh Long,Xã An Ngãi Trung,10.0916931,106.5448581,69,Moderate,1,28.6,80,0.0,19.2,245,1008.8,100,21.7,24.4,205.0,5.9,90.0,6.2
2025-07-30 10:00:00,2025,7,30,10,Vĩnh Long,Xã An Ngãi Trung,10.0916931,106.5448581,70,Moderate,1,29.6,80,0.1,17.2,245,1008.7,100,20.5,23.1,200.0,3.2,104.0,5.5
2025-07-30 11:00:00,2025,7,30,11,Vĩnh Long,Xã An Ngãi Trung,10.0916931,106.5448581,70,Moderate,1,30.5,75,0.1,16.9,250,1008.5,100,18.6,21.1,188.0,2.3,104.0,4.5
2025-07-30 12:00:00,2025,7,30,12,Vĩnh Long,Xã An Ngãi Trung,10.0916931,106.5448581,70,Moderate,1,31.3,71,0.0,20.4,247,1007.7,100,18.2,20.7,172.0,2.3,97.0,3.4
2025-07-30 13:00:00,2025,7,30,13,Vĩnh Long,Xã An Ngãi Trung,10.0916931,106.5448581,71,Moderate,1,31.2,70,0.1,19.5,247,1006.7,86,18.0,20.7,163.0,2.6,91.0,2.9
2025-07-30 14:00:00,2025,7,30,14,Vĩnh Long,Xã An Ngãi Trung,10.0916931,106.5448581,71,Moderate,1,30.9,70,1.0,17.2,242,1005.8,56,17.8,19.5,166.0,2.7,90.0,3.4
2025-07-30 15:00:00,2025,7,30,15,Vĩnh Long,Xã An Ngãi Trung,10.0916931,106.5448581,71,Moderate,1,30.0,75,0.6,17.3,243,1005.3,48,17.2,18.9,175.0,3.0,90.0,4.4
2025-07-30 16:00:00,2025,7,30,16,Vĩnh Long,Xã An Ngãi Trung,10.0916931,106.5448581,72,Moderate,1,29.8,77,0.1,15.9,242,1004.9,36,16.5,18.3,187.0,4.2,88.0,5.5
2025-07-30 17:00:00,2025,7,30,17,Vĩnh Long,Xã An Ngãi Trung,10.0916931,106.5448581,72,Moderate,1,29.2,81,0.0,12.5,229,1005.0,82,17.1,19.0,201.0,6.9,81.0,6.4
2025-07-30 18:00:00,2025,7,30,18,Vĩnh Long,Xã An Ngãi Trung,10.0916931,106.5448581,72,Moderate,1,28.5,83,0.0,8.5,228,1005.4,56,19.7,21.4,217.0,10.5,72.0,7.3
2025-07-30 19:00:00,2025,7,30,19,Vĩnh Long,Xã An Ngãi Trung,10.0916931,106.5448581,72,Moderate,1,27.9,84,0.0,9.5,248,1006.2,49,27.9,34.0,229.0,13.5,59.0,7.9
2025-07-30 20:00:00,2025,7,30,20,Vĩnh Long,Xã An Ngãi Trung,10.0916931,106.5448581,73,Moderate,1,28.4,74,0.0,11.7,253,1006.9,100,28.0,33.6,233.0,14.2,54.0,8.1
2025-07-30 21:00:00,2025,7,30,21,Vĩnh Long,Xã An Ngãi Trung,10.0916931,106.5448581,73,Moderate,1,27.7,78,0.0,9.6,250,1007.5,100,28.8,34.7,233.0,15.1,46.0,8.4
2025-07-30 22:00:00,2025,7,30,22,Vĩnh Long,Xã An Ngãi Trung,10.0916931,106.5448581,73,Moderate,1,27.0,82,0.0,9.4,250,1007.9,100,29.7,35.5,230.0,15.8,40.0,8.5
2025-07-30 23:00:00,2025,7,30,23,Vĩnh Long,Xã An Ngãi Trung,10.0916931,106.5448581,74,Moderate,1,26.7,83,0.0,10.5,241,1007.9,100,30.0,35.7,222.0,16.0,37.0,8.2
2025-07-31 00:00:00,2025,7,31,0,Vĩnh Long,Xã An Ngãi Trung,10.0916931,106.5448581,74,Moderate,1,26.4,85,0.0,10.3,232,1007.7,100,29.2,34.7,210.0,15.8,36.0,7.8
2025-07-31 01:00:00,2025,7,31,1,Vĩnh Long,Xã An Ngãi Trung,10.0916931,106.5448581,74,Moderate,1,26.2,86,0.0,10.5,232,1007.5,87,28.5,33.8,201.0,15.7,35.0,7.3
2025-07-31 02:00:00,2025,7,31,2,Vĩnh Long,Xã An Ngãi Trung,10.0916931,106.5448581,74,Moderate,1,25.9,88,0.0,8.9,232,1007.3,52,28.3,33.3,197.0,15.8,35.0,6.9
2025-07-31 03:00:00,2025,7,31,3,Vĩnh Long,Xã An Ngãi Trung,10.0916931,106.5448581,74,Moderate,1,25.8,90,0.0,9.1,231,1007.4,59,28.4,32.8,196.0,15.8,35.0,6.4
2025-07-31 04:00:00,2025,7,31,4,Vĩnh Long,Xã An Ngãi Trung,10.0916931,106.5448581,74,Moderate,1,25.7,92,0.0,8.9,228,1007.4,79,28.6,32.7,195.0,15.4,37.0,6.2
2025-07-31 05:00:00,2025,7,31,5,Vĩnh Long,Xã An Ngãi Trung,10.0916931,106.5448581,75,Moderate,1,25.6,93,0.0,9.2,228,1007.6,77,28.1,31.7,195.0,14.3,40.0,6.3
2025-07-31 06:00:00,2025,7,31,6,Vĩnh Long,Xã An Ngãi Trung,10.0916931,106.5448581,76,Moderate,1,25.7,94,0.0,9.3,234,1007.9,70,25.7,28.7,195.0,12.8,44.0,6.6
2025-07-31 07:00:00,2025,7,31,7,Vĩnh Long,Xã An Ngãi Trung,10.0916931,106.5448581,76,Moderate,1,27.1,91,0.0,10.0,237,1008.5,67,26.8,30.9,194.0,11.8,45.0,6.7
2025-07-31 08:00:00,2025,7,31,8,Vĩnh Long,Xã An Ngãi Trung,10.0916931,106.5448581,76,Moderate,1,28.7,86,0.1,14.4,247,1008.6,75,24.1,28.3,188.0,9.3,58.0,6.4
2025-07-31 09:00:00,2025,7,31,9,Vĩnh Long,Xã An Ngãi Trung,10.0916931,106.5448581,76,Moderate,1,30.0,78,0.1,14.0,247,1008.7,94,21.5,26.2,180.0,5.8,77.0,5.9
2025-07-31 10:00:00,2025,7,31,10,Vĩnh Long,Xã An Ngãi Trung,10.0916931,106.5448581,76,Moderate,1,30.6,73,0.0,16.9,249,1008.5,98,20.3,24.2,175.0,3.2,91.0,5.4
2025-07-31 11:00:00,2025,7,31,11,Vĩnh Long,Xã An Ngãi Trung,10.0916931,106.5448581,76,Moderate,1,31.2,72,0.1,16.3,241,1008.0,85,19.4,21.9,176.0,2.2,96.0,5.0
2025-07-31 12:00:00,2025,7,31,12,Vĩnh Long,Xã An Ngãi Trung,10.0916931,106.5448581,76,Moderate,1,29.6,81,2.7,14.1,233,1007.9,99,18.6,21.1,179.0,2.0,97.0,4.5
2025-07-31 13:00:00,2025,7,31,13,Vĩnh Long,Xã An Ngãi Trung,10.0916931,106.5448581,76,Moderate,1,31.0,75,0.1,14.3,235,1006.7,99,17.6,20.1,183.0,2.1,96.0,4.1
2025-07-31 14:00:00,2025,7,31,14,Vĩnh Long,Xã An Ngãi Trung,10.0916931,106.5448581,76,Moderate,1,30.2,72,1.2,20.5,243,1006.0,100,17.5,20.1,184.0,2.0,95.0,3.6
2025-07-31 15:00:00,2025,7,31,15,Vĩnh Long,Xã An Ngãi Trung,10.0916931,106.5448581,76,Moderate,1,29.0,84,0.6,11.7,224,1006.1,99,18.8,21.4,184.0,2.2,92.0,3.1
2025-07-31 16:00:00,2025,7,31,16,Vĩnh Long,Xã An Ngãi Trung,10.0916931,106.5448581,76,Moderate,1,28.3,84,0.3,12.6,216,1005.9,100,21.2,24.6,191.0,3.6,87.0,3.2
2025-07-31 17:00:00,2025,7,31,17,Vĩnh Long,Xã An Ngãi Trung,10.0916931,106.5448581,76,Moderate,1,28.4,85,0.0,10.8,232,1005.2,96,20.7,22.5,209.0,7.2,79.0,4.2
2025-07-31 18:00:00,2025,7,31,18,Vĩnh Long,Xã An Ngãi Trung,10.0916931,106.5448581,77,Moderate,1,28.0,86,0.0,9.8,232,1005.5,92,24.0,26.0,233.0,12.0,69.0,5.8
2025-07-31 19:00:00,2025,7,31,19,Vĩnh Long,Xã An Ngãi Trung,10.0916931,106.5448581,77,Moderate,1,27.4,88,0.0,8.7,227,1006.0,97,28.5,31.2,252.0,13.7,62.0,6.7
2025-07-31 20:00:00,2025,7,31,20,Vĩnh Long,Xã An Ngãi Trung,10.0916931,106.5448581,77,Moderate,1,27.3,91,0.0,10.6,212,1007.1,86,30.6,33.3,260.0,13.9,60.0,6.7
2025-07-31 21:00:00,2025,7,31,21,Vĩnh Long,Xã An Ngãi Trung,10.0916931,106.5448581,77,Moderate,1,26.7,92,0.0,8.4,205,1007.7,81,30.6,33.6,262.0,14.1,57.0,6.8
2025-07-31 22:00:00,2025,7,31,22,Vĩnh Long,Xã An Ngãi Trung,10.0916931,106.5448581,77,Moderate,1,26.5,93,0.0,9.5,209,1008.2,93,29.3,32.4,262.0,14.2,54.0,6.7
2025-07-31 23:00:00,2025,7,31,23,Vĩnh Long,Xã An Ngãi Trung,10.0916931,106.5448581,77,Moderate,1,26.4,93,0.0,10.0,214,1008.0,94,27.8,31.0,261.0,13.9,53.0,6.4
2025-08-01 00:00:00,2025,8,1,0,Vĩnh Long,Xã An Ngãi Trung,10.0916931,106.5448581,77,Moderate,1,26.3,93,0.0,10.2,222,1007.4,92,27.0,30.4,258.0,13.4,52.0,5.9
2025-08-01 01:00:00,2025,8,1,1,Vĩnh Long,Xã An Ngãi Trung,10.0916931,106.5448581,77,Moderate,1,26.0,95,0.0,7.9,231,1006.9,89,26.8,30.6,253.0,13.1,51.0,5.5
2025-08-01 02:00:00,2025,8,1,2,Vĩnh Long,Xã An Ngãi Trung,10.0916931,106.5448581,77,Moderate,1,25.9,95,0.0,7.7,229,1006.6,92,26.8,30.9,243.0,13.1,49.0,5.3
2025-08-01 03:00:00,2025,8,1,3,Vĩnh Long,Xã An Ngãi Trung,10.0916931,106.5448581,77,Moderate,1,25.9,96,0.0,8.9,223,1006.1,96,26.8,31.0,230.0,13.3,48.0,5.3
2025-08-01 04:00:00,2025,8,1,4,Vĩnh Long,Xã An Ngãi Trung,10.0916931,106.5448581,77,Moderate,1,25.9,96,0.0,10.1,220,1006.4,92,26.3,30.5,223.0,13.1,47.0,5.2
2025-08-01 05:00:00,2025,8,1,5,Vĩnh Long,Xã An Ngãi Trung,10.0916931,106.5448581,76,Moderate,1,25.9,96,0.0,10.7,224,1006.7,89,25.3,29.6,227.0,12.6,47.0,5.2
2025-08-01 06:00:00,2025,8,1,6,Vĩnh Long,Xã An Ngãi Trung,10.0916931,106.5448581,76,Moderate,1,25.9,96,0.0,10.2,229,1007.2,93,24.5,28.7,237.0,11.8,47.0,5.1
2025-08-01 07:00:00,2025,8,1,7,Vĩnh Long,Xã An Ngãi Trung,10.0916931,106.5448581,76,Moderate,1,27.2,93,0.0,9.8,232,1007.8,30,26.7,32.9,244.0,10.2,52.0,5.1
2025-08-01 08:00:00,2025,8,1,8,Vĩnh Long,Xã An Ngãi Trung,10.0916931,106.5448581,76,Moderate,1,29.1,86,0.0,11.3,228,1007.9,91,23.4,30.3,244.0,8.0,61.0,5.1
2025-08-01 09:00:00,2025,8,1,9,Vĩnh Long,Xã An Ngãi Trung,10.0916931,106.5448581,76,Moderate,1,30.0,71,0.5,17.0,233,1007.9,94,20.0,28.1,241.0,4.9,73.0,5.0
2025-08-01 10:00:00,2025,8,1,10,Vĩnh Long,Xã An Ngãi Trung,10.0916931,106.5448581,76,Moderate,1,29.8,78,0.2,14.6,226,1007.9,98,18.1,26.1,234.0,2.6,82.0,4.8
2025-08-01 11:00:00,2025,8,1,11,Vĩnh Long,Xã An Ngãi Trung,10.0916931,106.5448581,76,Moderate,1,31.0,73,0.1,16.9,241,1007.0,100,16.9,24.2,219.0,1.7,86.0,4.2
2025-08-01 12:00:00,2025,8,1,12,Vĩnh Long,Xã An Ngãi Trung,10.0916931,106.5448581,75,Moderate,1,31.0,72,0.1,17.5,244,1006.4,100,16.3,22.1,199.0,1.6,87.0,3.5
2025-08-01 13:00:00,2025,8,1,13,Vĩnh Long,Xã An Ngãi Trung,10.0916931,106.5448581,75,Moderate,1,31.7,70,0.0,17.3,251,1005.6,100,15.7,20.0,186.0,1.8,87.0,3.1
2025-08-01 14:00:00,2025,8,1,14,Vĩnh Long,Xã An Ngãi Trung,10.0916931,106.5448581,75,Moderate,1,31.5,71,0.0,19.1,256,1004.9,100,16.3,20.0,183.0,2.0,86.0,3.2
2025-08-01 15:00:00,2025,8,1,15,Vĩnh Long,Xã An Ngãi Trung,10.0916931,106.5448581,75,Moderate,1,30.1,76,0.5,15.2,260,1004.7,100,16.7,20.1,187.0,2.4,83.0,3.7
2025-08-01 16:00:00,2025,8,1,16,Vĩnh Long,Xã An Ngãi Trung,10.0916931,106.5448581,75,Moderate,1,30.3,75,0.0,15.4,244,1004.4,100,15.7,18.3,195.0,3.7,79.0,4.4
2025-08-01 17:00:00,2025,8,1,17,Vĩnh Long,Xã An Ngãi Trung,10.0916931,106.5448581,74,Moderate,1,29.1,80,0.4,14.6,244,1004.6,100,16.1,18.5,208.0,6.4,72.0,5.4
2025-08-01 18:00:00,2025,8,1,18,Vĩnh Long,Xã An Ngãi Trung,10.0916931,106.5448581,74,Moderate,1,28.2,82,0.0,11.0,238,1005.0,100,18.2,20.3,226.0,9.9,63.0,6.6
2025-08-01 19:00:00,2025,8,1,19,Vĩnh Long,Xã An Ngãi Trung,10.0916931,106.5448581,73,Moderate,1,27.6,83,0.0,9.6,227,1005.4,99,22.3,26.0,244.0,11.9,56.0,7.2
2025-08-01 20:00:00,2025,8,1,20,Vĩnh Long,Xã An Ngãi Trung,10.0916931,106.5448581,73,Moderate,1,27.4,85,0.0,9.1,205,1006.6,96,22.7,26.3,265.0,12.1,54.0,7.2
2025-08-01 21:00:00,2025,8,1,21,Vĩnh Long,Xã An Ngãi Trung,10.0916931,106.5448581,72,Moderate,1,27.3,87,0.0,9.7,209,1007.0,100,22.5,26.0,287.0,12.4,51.0,7.1
2025-08-01 22:00:00,2025,8,1,22,Vĩnh Long,Xã An Ngãi Trung,10.0916931,106.5448581,71,Moderate,1,27.1,87,0.0,10.5,215,1007.5,83,22.6,26.0,300.0,12.6,48.0,6.9
2025-08-01 23:00:00,2025,8,1,23,Vĩnh Long,Xã An Ngãi Trung,10.0916931,106.5448581,71,Moderate,1,26.8,88,0.0,9.8,224,1008.1,99,22.5,25.8,297.0,12.6,46.0,6.5
2025-08-02 00:00:00,2025,8,2,0,Vĩnh Long,Xã An Ngãi Trung,10.0916931,106.5448581,70,Moderate,1,26.5,90,0.0,9.5,224,1008.0,99,22.1,25.1,285.0,12.7,45.0,6.0
2025-08-02 01:00:00,2025,8,2,1,Vĩnh Long,Xã An Ngãi Trung,10.0916931,106.5448581,70,Moderate,1,26.4,91,0.0,9.8,232,1007.4,98,22.5,25.3,271.0,13.0,44.0,5.7
2025-08-02 02:00:00,2025,8,2,2,Vĩnh Long,Xã An Ngãi Trung,10.0916931,106.5448581,69,Moderate,1,26.1,92,0.0,9.4,228,1007.2,99,23.7,26.4,255.0,14.1,42.0,5.7
2025-08-02 03:00:00,2025,8,2,3,Vĩnh Long,Xã An Ngãi Trung,10.0916931,106.5448581,69,Moderate,1,25.9,93,0.0,7.8,222,1006.9,95,25.6,28.1,238.0,15.5,39.0,5.9
2025-08-02 04:00:00,2025,8,2,4,Vĩnh Long,Xã An Ngãi Trung,10.0916931,106.5448581,69,Moderate,1,25.8,95,0.0,7.1,227,1007.0,100,27.6,30.2,227.0,16.3,38.0,6.1
2025-08-02 05:00:00,2025,8,2,5,Vĩnh Long,Xã An Ngãi Trung,10.0916931,106.5448581,69,Moderate,1,25.6,95,0.0,7.6,236,1007.0,100,29.8,32.4,231.0,16.4,37.0,6.4
2025-08-02 06:00:00,2025,8,2,6,Vĩnh Long,Xã An Ngãi Trung,10.0916931,106.5448581,70,Moderate,1,25.6,96,0.0,7.3,240,1007.5,99,31.4,33.9,242.0,16.0,38.0,6.7
2025-08-02 07:00:00,2025,8,2,7,Vĩnh Long,Xã An Ngãi Trung,10.0916931,106.5448581,70,Moderate,1,27.0,93,0.0,6.1,242,1008.0,100,37.0,40.3,246.0,15.1,42.0,6.7
2025-08-02 08:00:00,2025,8,2,8,Vĩnh Long,Xã An Ngãi Trung,10.0916931,106.5448581,71,Moderate,1,29.0,86,0.0,8.3,236,1008.9,100,30.3,34.5,234.0,11.5,63.0,6.1
2025-08-02 09:00:00,2025,8,2,9,Vĩnh Long,Xã An Ngãi Trung,10.0916931,106.5448581,72,Moderate,1,30.5,79,0.0,10.9,234,1008.8,100,24.4,27.7,215.0,6.5,92.0,5.2
2025-08-02 10:00:00,2025,8,2,10,Vĩnh Long,Xã An Ngãi Trung,10.0916931,106.5448581,72,Moderate,1,31.6,70,0.0,12.3,231,1008.6,98,23.4,27.0,199.0,2.8,112.0,4.4
2025-08-02 11:00:00,2025,8,2,11,Vĩnh Long,Xã An Ngãi Trung,10.0916931,106.5448581,73,Moderate,1,31.7,67,0.1,14.5,224,1008.5,100,22.1,25.9,190.0,1.4,114.0,3.7
2025-08-02 12:00:00,2025,8,2,12,Vĩnh Long,Xã An Ngãi Trung,10.0916931,106.5448581,73,Moderate,1,30.9,70,0.2,13.7,203,1007.9,100,21.1,24.9,184.0,1.3,107.0,3.1
2025-08-02 13:00:00,2025,8,2,13,Vĩnh Long,Xã An Ngãi Trung,10.0916931,106.5448581,73,Moderate,1,30.7,76,0.6,13.0,228,1007.4,98,19.0,22.8,179.0,1.4,100.0,2.7
2025-08-02 14:00:00,2025,8,2,14,Vĩnh Long,Xã An Ngãi Trung,10.0916931,106.5448581,74,Moderate,1,31.6,70,0.0,14.0,223,1006.4,99,17.0,20.4,172.0,1.2,95.0,2.5
2025-08-02 15:00:00,2025,8,2,15,Vĩnh Long,Xã An Ngãi Trung,10.0916931,106.5448581,74,Moderate,1,31.6,69,0.1,13.9,223,1005.8,100,17.0,20.1,166.0,1.3,90.0,2.6
2025-08-02 16:00:00,2025,8,2,16,Vĩnh Long,Xã An Ngãi Trung,10.0916931,106.5448581,74,Moderate,1,31.4,68,0.0,12.8,230,1005.5,100,15.9,19.1,173.0,2.6,83.0,3.0
2025-08-02 17:00:00,2025,8,2,17,Vĩnh Long,Xã An Ngãi Trung,10.0916931,106.5448581,74,Moderate,1,30.5,72,0.0,11.3,228,1005.1,100,15.8,18.9,203.0,6.1,72.0,3.9
2025-08-02 18:00:00,2025,8,2,18,Vĩnh Long,Xã An Ngãi Trung,10.0916931,106.5448581,74,Moderate,1,29.1,79,0.0,7.8,224,1005.6,100,18.3,20.7,245.0,10.9,60.0,5.2
2025-08-02 19:00:00,2025,8,2,19,Vĩnh Long,Xã An Ngãi Trung,10.0916931,106.5448581,74,Moderate,1,28.0,84,0.0,5.1,219,1006.3,100,29.1,32.0,284.0,15.1,52.0,6.4
2025-08-02 20:00:00,2025,8,2,20,Vĩnh Long,Xã An Ngãi Trung,10.0916931,106.5448581,74,Moderate,1,27.0,91,0.0,4.2,258,1007.7,100,29.6,32.7,320.0,15.6,48.0,6.6
2025-08-02 21:00:00,2025,8,2,21,Vĩnh Long,Xã An Ngãi Trung,10.0916931,106.5448581,75,Moderate,1,27.0,93,0.0,4.5,214,1008.5,100,30.0,33.3,351.0,16.3,43.0,6.9
2025-08-02 22:00:00,2025,8,2,22,Vĩnh Long,Xã An Ngãi Trung,10.0916931,106.5448581,76,Moderate,1,26.8,94,0.0,4.9,182,1008.8,100,30.7,33.8,360.0,17.0,38.0,7.0
2025-08-02 23:00:00,2025,8,2,23,Vĩnh Long,Xã An Ngãi Trung,10.0916931,106.5448581,76,Moderate,1,26.6,94,0.0,4.7,220,1009.1,99,31.8,34.8,327.0,17.7,35.0,6.9
2025-08-03 00:00:00,2025,8,3,0,Vĩnh Long,Xã An Ngãi Trung,10.0916931,106.5448581,77,Moderate,1,26.4,95,0.0,5.1,225,1009.3,98,32.7,35.6,272.0,18.5,32.0,6.6
2025-08-03 01:00:00,2025,8,3,1,Vĩnh Long,Xã An Ngãi Trung,10.0916931,106.5448581,78,Moderate,1,26.4,95,0.0,6.1,227,1008.9,100,33.1,35.9,228.0,18.9,31.0,6.4
2025-08-03 02:00:00,2025,8,3,2,Vĩnh Long,Xã An Ngãi Trung,10.0916931,106.5448581,79,Moderate,1,26.4,95,0.0,7.5,224,1008.3,100,32.4,35.0,210.0,19.0,30.0,6.4
2025-08-03 03:00:00,2025,8,3,3,Vĩnh Long,Xã An Ngãi Trung,10.0916931,106.5448581,80,Moderate,1,26.2,96,0.0,7.3,220,1007.9,92,31.7,34.3,205.0,18.9,30.0,6.5
2025-08-03 04:00:00,2025,8,3,4,Vĩnh Long,Xã An Ngãi Trung,10.0916931,106.5448581,80,Moderate,1,26.1,97,0.0,7.0,220,1008.0,99,31.9,34.6,205.0,18.3,32.0,6.6
2025-08-03 05:00:00,2025,8,3,5,Vĩnh Long,Xã An Ngãi Trung,10.0916931,106.5448581,81,Moderate,1,25.9,97,0.0,5.3,235,1007.8,97,32.0,34.7,213.0,17.2,34.0,6.8
2025-08-03 06:00:00,2025,8,3,6,Vĩnh Long,Xã An Ngãi Trung,10.0916931,106.5448581,81,Moderate,1,25.6,98,0.0,3.8,239,1008.0,78,32.5,35.2,227.0,15.7,38.0,7.0
2025-08-03 07:00:00,2025,8,3,7,Vĩnh Long,Xã An Ngãi Trung,10.0916931,106.5448581,81,Moderate,1,27.4,94,0.0,3.5,258,1008.8,99,32.9,36.2,234.0,14.6,42.0,6.6
2025-08-03 08:00:00,2025,8,3,8,Vĩnh Long,Xã An Ngãi Trung,10.0916931,106.5448581,81,Moderate,1,29.2,86,0.0,5.6,243,1009.8,99,22.8,27.0,227.0,11.1,58.0,5.9
2025-08-03 09:00:00,2025,8,3,9,Vĩnh Long,Xã An Ngãi Trung,10.0916931,106.5448581,80,Moderate,1,30.5,78,0.0,8.1,239,1010.0,100,19.5,23.6,212.0,6.3,81.0,4.9
2025-08-03 10:00:00,2025,8,3,10,Vĩnh Long,Xã An Ngãi Trung,10.0916931,106.5448581,80,Moderate,1,31.6,71,0.0,9.8,240,1010.0,100,17.6,20.2,198.0,2.7,98.0,4.2
2025-08-03 11:00:00,2025,8,3,11,Vĩnh Long,Xã An Ngãi Trung,10.0916931,106.5448581,79,Moderate,1,32.3,66,0.0,11.8,241,1009.8,100,17.5,19.6,187.0,1.4,106.0,4.0
2025-08-03 12:00:00,2025,8,3,12,Vĩnh Long,Xã An Ngãi Trung,10.0916931,106.5448581,79,Moderate,1,32.7,65,0.0,12.5,238,1009.0,100,17.5,19.6,177.0,1.2,108.0,4.0
2025-08-03 13:00:00,2025,8,3,13,Vĩnh Long,Xã An Ngãi Trung,10.0916931,106.5448581,78,Moderate,1,32.8,64,0.0,11.6,234,1008.3,100,16.9,19.0,170.0,1.4,107.0,3.9
2025-08-03 14:00:00,2025,8,3,14,Vĩnh Long,Xã An Ngãi Trung,10.0916931,106.5448581,78,Moderate,1,31.0,72,1.6,10.7,245,1007.9,100,15.5,17.5,164.0,1.5,101.0,3.5
2025-08-03 15:00:00,2025,8,3,15,Vĩnh Long,Xã An Ngãi Trung,10.0916931,106.5448581,78,Moderate,1,28.5,82,2.3,11.2,224,1008.2,100,14.8,16.7,162.0,1.9,90.0,3.0
2025-08-03 16:00:00,2025,8,3,16,Vĩnh Long,Xã An Ngãi Trung,10.0916931,106.5448581,78,Moderate,1,28.1,85,1.9,7.1,255,1007.5,100,15.2,17.2,171.0,3.4,80.0,3.1
2025-08-03 17:00:00,2025,8,3,17,Vĩnh Long,Xã An Ngãi Trung,10.0916931,106.5448581,78,Moderate,1,28.0,86,0.0,6.0,254,1007.3,34,16.4,17.5,202.0,6.6,71.0,4.2
2025-08-03 18:00:00,2025,8,3,18,Vĩnh Long,Xã An Ngãi Trung,10.0916931,106.5448581,78,Moderate,1,27.5,89,0.0,5.8,275,1007.9,15,19.2,20.2,245.0,10.8,61.0,5.8
2025-08-03 19:00:00,2025,8,3,19,Vĩnh Long,Xã An Ngãi Trung,10.0916931,106.5448581,78,Moderate,1,26.9,92,0.0,1.1,9,1007.8,2,26.4,27.9,281.0,13.7,58.0,7.1
2025-08-03 20:00:00,2025,8,3,20,Vĩnh Long,Xã An Ngãi Trung,10.0916931,106.5448581,78,Moderate,1,27.0,90,0.0,5.0,235,1009.2,0,31.9,33.3,303.0,16.3,51.0,8.1
2025-08-03 21:00:00,2025,8,3,21,Vĩnh Long,Xã An Ngãi Trung,10.0916931,106.5448581,78,Moderate,1,26.5,93,0.0,4.7,242,1009.8,8,38.4,39.8,319.0,20.0,42.0,9.5
2025-08-03 22:00:00,2025,8,3,22,Vĩnh Long,Xã An Ngãi Trung,10.0916931,106.5448581,79,Moderate,1,26.1,94,0.0,4.6,222,1009.8,69,41.3,42.7,330.0,22.4,35.0,10.3
2025-08-03 23:00:00,2025,8,3,23,Vĩnh Long,Xã An Ngãi Trung,10.0916931,106.5448581,80,Moderate,1,26.0,95,0.0,4.7,227,1010.1,76,41.6,42.7,340.0,22.6,33.0,10.2
2025-08-04 00:00:00,2025,8,4,0,Vĩnh Long,Xã An Ngãi Trung,10.0916931,106.5448581,80,Moderate,1,25.6,95,0.0,5.0,229,1010.0,69,41.0,42.0,346.0,21.6,33.0,9.5
2025-08-04 01:00:00,2025,8,4,1,Vĩnh Long,Xã An Ngãi Trung,10.0916931,106.5448581,81,Moderate,1,25.5,95,0.0,6.3,217,1009.6,66,39.5,40.5,342.0,20.6,34.0,8.9
2025-08-04 02:00:00,2025,8,4,2,Vĩnh Long,Xã An Ngãi Trung,10.0916931,106.5448581,82,Moderate,1,25.4,96,0.0,6.0,217,1009.1,95,38.0,39.0,319.0,20.0,35.0,8.4
2025-08-04 03:00:00,2025,8,4,3,Vĩnh Long,Xã An Ngãi Trung,10.0916931,106.5448581,82,Moderate,1,25.1,96,0.0,5.0,218,1008.9,100,37.1,38.1,285.0,19.5,36.0,8.0
2025-08-04 04:00:00,2025,8,4,4,Vĩnh Long,Xã An Ngãi Trung,10.0916931,106.5448581,83,Moderate,1,25.0,96,0.0,5.0,224,1008.7,100,36.9,37.8,261.0,18.8,37.0,7.7
2025-08-04 05:00:00,2025,8,4,5,Vĩnh Long,Xã An Ngãi Trung,10.0916931,106.5448581,83,Moderate,1,25.0,97,0.0,4.8,225,1008.5,94,37.5,38.4,259.0,18.3,37.0,7.7
2025-08-04 06:00:00,2025,8,4,6,Vĩnh Long,Xã An Ngãi Trung,10.0916931,106.5448581,84,Moderate,1,25.0,97,0.0,3.3,225,1008.5,24,39.5,40.6,267.0,17.7,36.0,7.9
2025-08-04 07:00:00,2025,8,4,7,Vĩnh Long,Xã An Ngãi Trung,10.0916931,106.5448581,84,Moderate,1,26.7,94,0.0,4.6,239,1008.9,5,39.6,40.6,267.0,16.0,43.0,7.8
2025-08-04 08:00:00,2025,8,4,8,Vĩnh Long,Xã An Ngãi Trung,10.0916931,106.5448581,85,Moderate,1,29.0,87,0.0,10.2,226,1009.8,70,28.0,29.3,251.0,12.1,62.0,7.1
2025-08-04 09:00:00,2025,8,4,9,Vĩnh Long,Xã An Ngãi Trung,10.0916931,106.5448581,85,Moderate,1,30.3,78,0.1,9.0,227,1010.1,99,21.5,22.9,228.0,7.1,89.0,6.1
2025-08-04 10:00:00,2025,8,4,10,Vĩnh Long,Xã An Ngãi Trung,10.0916931,106.5448581,86,Moderate,1,31.5,71,0.0,8.1,241,1009.8,96,21.8,23.2,209.0,3.4,109.0,5.4
2025-08-04 11:00:00,2025,8,4,11,Vĩnh Long,Xã An Ngãi Trung,10.0916931,106.5448581,86,Moderate,1,32.2,68,0.0,7.8,251,1009.6,24,22.2,23.6,197.0,2.0,119.0,5.3
2025-08-04 12:00:00,2025,8,4,12,Vĩnh Long,Xã An Ngãi Trung,10.0916931,106.5448581,86,Moderate,1,32.8,65,0.0,6.7,254,1008.7,26,22.5,23.9,188.0,1.8,124.0,5.4
2025-08-04 13:00:00,2025,8,4,13,Vĩnh Long,Xã An Ngãi Trung,10.0916931,106.5448581,87,Moderate,1,33.2,63,0.0,6.0,254,1007.5,14,22.2,23.6,184.0,1.9,124.0,5.4
2025-08-04 14:00:00,2025,8,4,14,Vĩnh Long,Xã An Ngãi Trung,10.0916931,106.5448581,87,Moderate,1,31.6,68,0.6,6.9,210,1006.5,69,22.5,23.8,183.0,1.8,118.0,4.8
2025-08-04 15:00:00,2025,8,4,15,Vĩnh Long,Xã An Ngãi Trung,10.0916931,106.5448581,88,Moderate,1,27.9,79,5.1,17.7,239,1008.1,90,21.1,22.4,186.0,2.1,107.0,4.1
2025-08-04 16:00:00,2025,8,4,16,Vĩnh Long,Xã An Ngãi Trung,10.0916931,106.5448581,88,Moderate,1,27.4,87,1.2,5.5,131,1006.3,55,19.3,20.4,197.0,3.6,96.0,4.1
2025-08-04 17:00:00,2025,8,4,17,Vĩnh Long,Xã An Ngãi Trung,10.0916931,106.5448581,89,Moderate,1,27.5,86,0.0,10.1,227,1006.9,23,20.3,21.1,220.0,7.4,87.0,5.4
2025-08-04 18:00:00,2025,8,4,18,Vĩnh Long,Xã An Ngãi Trung,10.0916931,106.5448581,89,Moderate,1,27.2,88,0.0,5.0,235,1007.4,9,23.2,23.9,251.0,12.4,78.0,7.5
2025-08-04 19:00:00,2025,8,4,19,Vĩnh Long,Xã An Ngãi Trung,10.0916931,106.5448581,89,Moderate,1,26.5,91,0.0,7.3,242,1008.2,1,20.4,20.8,277.0,8.9,74.0,5.0
2025-08-04 20:00:00,2025,8,4,20,Vĩnh Long,Xã An Ngãi Trung,10.0916931,106.5448581,89,Moderate,1,26.9,86,0.0,11.0,198,1008.0,79,20.4,20.7,296.0,9.7,69.0,5.3
2025-08-04 21:00:00,2025,8,4,21,Vĩnh Long,Xã An Ngãi Trung,10.0916931,106.5448581,88,Moderate,1,26.6,88,0.0,7.7,211,1008.8,73,20.6,20.9,310.0,10.7,61.0,5.6
2025-08-04 22:00:00,2025,8,4,22,Vĩnh Long,Xã An Ngãi Trung,10.0916931,106.5448581,86,Moderate,1,26.8,91,0.0,9.6,213,1009.5,72,19.2,19.6,311.0,11.4,56.0,5.8
2025-08-04 23:00:00,2025,8,4,23,Vĩnh Long,Xã An Ngãi Trung,10.0916931,106.5448581,84,Moderate,1,26.6,93,0.0,7.8,209,1009.9,74,18.5,18.9,288.0,11.3,55.0,5.6
2025-08-05 00:00:00,2025,8,5,0,Vĩnh Long,Xã An Ngãi Trung,10.0916931,106.5448581,82,Moderate,1,26.5,93,0.0,9.8,220,1009.5,86,18.0,18.4,251.0,10.8,56.0,5.1
2025-08-05 01:00:00,2025,8,5,1,Vĩnh Long,Xã An Ngãi Trung,10.0916931,106.5448581,80,Moderate,1,26.2,93,0.0,11.1,219,1008.8,58,17.2,17.6,223.0,10.5,56.0,4.7
2025-08-05 02:00:00,2025,8,5,2,Vĩnh Long,Xã An Ngãi Trung,10.0916931,106.5448581,78,Moderate,1,25.9,94,0.0,7.4,225,1008.5,45,16.2,16.6,214.0,10.6,55.0,4.4
2025-08-05 03:00:00,2025,8,5,3,Vĩnh Long,Xã An Ngãi Trung,10.0916931,106.5448581,76,Moderate,1,25.8,95,0.0,9.2,219,1008.2,55,15.7,16.1,214.0,10.8,53.0,4.2
2025-08-05 04:00:00,2025,8,5,4,Vĩnh Long,Xã An Ngãi Trung,10.0916931,106.5448581,74,Moderate,1,25.7,95,0.0,8.3,210,1008.1,45,15.8,16.6,215.0,10.9,52.0,4.1
2025-08-05 05:00:00,2025,8,5,5,Vĩnh Long,Xã An Ngãi Trung,10.0916931,106.5448581,73,Moderate,1,25.6,96,0.0,8.0,208,1008.1,56,16.9,17.7,218.0,11.2,49.0,4.4
2025-08-05 06:00:00,2025,8,5,6,Vĩnh Long,Xã An Ngãi Trung,10.0916931,106.5448581,71,Moderate,1,25.6,96,0.0,6.5,224,1008.4,52,17.9,18.8,222.0,11.5,46.0,4.9
2025-08-05 07:00:00,2025,8,5,7,Vĩnh Long,Xã An Ngãi Trung,10.0916931,106.5448581,69,Moderate,1,27.0,93,0.0,8.2,220,1008.9,77,20.3,21.5,221.0,10.6,51.0,5.0
2025-08-05 08:00:00,2025,8,5,8,Vĩnh Long,Xã An Ngãi Trung,10.0916931,106.5448581,67,Moderate,1,28.9,86,0.0,12.0,224,1009.9,54,14.6,16.1,210.0,8.2,60.0,4.4
2025-08-05 09:00:00,2025,8,5,9,Vĩnh Long,Xã An Ngãi Trung,10.0916931,106.5448581,66,Moderate,1,30.1,77,0.0,13.4,223,1009.9,52,10.7,12.3,193.0,4.8,73.0,3.5
2025-08-05 10:00:00,2025,8,5,10,Vĩnh Long,Xã An Ngãi Trung,10.0916931,106.5448581,65,Moderate,1,31.1,69,0.0,12.9,228,1009.5,77,9.0,10.8,179.0,2.3,83.0,2.9
2025-08-05 11:00:00,2025,8,5,11,Vĩnh Long,Xã An Ngãi Trung,10.0916931,106.5448581,64,Moderate,1,32.0,64,0.0,12.5,237,1008.7,66,8.5,10.7,171.0,1.4,89.0,2.8
2025-08-05 12:00:00,2025,8,5,12,Vĩnh Long,Xã An Ngãi Trung,10.0916931,106.5448581,63,Moderate,1,32.5,61,0.0,11.6,237,1008.0,100,8.4,10.8,166.0,1.3,92.0,2.9
2025-08-05 13:00:00,2025,8,5,13,Vĩnh Long,Xã An Ngãi Trung,10.0916931,106.5448581,61,Moderate,1,32.5,62,0.1,10.7,233,1007.1,98,8.6,10.9,161.0,1.6,92.0,3.0
2025-08-05 14:00:00,2025,8,5,14,Vĩnh Long,Xã An Ngãi Trung,10.0916931,106.5448581,60,Moderate,1,31.9,66,0.0,10.5,207,1006.5,69,8.7,11.1,154.0,1.9,88.0,3.0
2025-08-05 15:00:00,2025,8,5,15,Vĩnh Long,Xã An Ngãi Trung,10.0916931,106.5448581,59,Moderate,1,29.4,79,1.6,15.7,178,1006.2,60,8.4,10.7,148.0,2.6,81.0,3.0
2025-08-05 16:00:00,2025,8,5,16,Vĩnh Long,Xã An Ngãi Trung,10.0916931,106.5448581,58,Moderate,1,27.6,82,2.2,15.9,215,1006.9,98,9.9,11.5,150.0,4.1,74.0,3.3
2025-08-05 17:00:00,2025,8,5,17,Vĩnh Long,Xã An Ngãi Trung,10.0916931,106.5448581,57,Moderate,1,26.5,89,1.5,13.2,246,1007.9,100,11.6,13.1,164.0,7.3,67.0,4.3
2025-08-05 18:00:00,2025,8,5,18,Vĩnh Long,Xã An Ngãi Trung,10.0916931,106.5448581,56,Moderate,1,26.0,88,0.1,8.3,194,1007.3,100,13.7,15.0,185.0,11.3,59.0,5.6
2025-08-05 19:00:00,2025,8,5,19,Vĩnh Long,Xã An Ngãi Trung,10.0916931,106.5448581,55,Moderate,1,25.4,91,0.0,8.3,196,1008.1,100,19.4,21.6,207.0,13.5,54.0,6.9
2025-08-05 20:00:00,2025,8,5,20,Vĩnh Long,Xã An Ngãi Trung,10.0916931,106.5448581,55,Moderate,1,26.9,88,0.0,8.3,226,1008.3,100,20.7,22.8,228.0,13.7,51.0,6.8
2025-08-05 21:00:00,2025,8,5,21,Vĩnh Long,Xã An Ngãi Trung,10.0916931,106.5448581,55,Moderate,1,26.8,90,0.0,10.8,223,1009.4,93,20.3,22.4,249.0,14.0,47.0,6.8
2025-08-05 22:00:00,2025,8,5,22,Vĩnh Long,Xã An Ngãi Trung,10.0916931,106.5448581,55,Moderate,1,26.1,91,0.0,7.9,225,1009.2,97,20.7,22.6,264.0,14.3,43.0,6.6
2025-08-05 23:00:00,2025,8,5,23,Vĩnh Long,Xã An Ngãi Trung,10.0916931,106.5448581,55,Moderate,1,25.7,91,0.0,8.6,216,1009.3,74,21.8,23.7,270.0,14.4,41.0,6.3
2025-08-06 00:00:00,2025,8,6,0,Vĩnh Long,Xã An Ngãi Trung,10.0916931,106.5448581,56,Moderate,1,25.3,93,0.0,5.6,222,1008.9,95,21.1,22.9,270.0,14.5,40.0,5.8
2025-08-06 01:00:00,2025,8,6,1,Vĩnh Long,Xã An Ngãi Trung,10.0916931,106.5448581,56,Moderate,1,25.1,93,0.0,6.5,240,1008.4,97,21.2,23.1,267.0,14.9,38.0,5.6
2025-08-06 02:00:00,2025,8,6,2,Vĩnh Long,Xã An Ngãi Trung,10.0916931,106.5448581,56,Moderate,1,24.9,94,0.0,5.4,255,1008.1,98,22.9,24.9,260.0,16.2,35.0,5.8
2025-08-06 03:00:00,2025,8,6,3,Vĩnh Long,Xã An Ngãi Trung,10.0916931,106.5448581,57,Moderate,1,24.8,94,0.0,4.2,234,1008.1,100,25.9,28.1,250.0,18.0,32.0,6.1
2025-08-06 04:00:00,2025,8,6,4,Vĩnh Long,Xã An Ngãi Trung,10.0916931,106.5448581,58,Moderate,1,24.9,94,0.0,3.3,209,1007.6,100,27.7,30.0,245.0,18.7,31.0,6.4
2025-08-06 05:00:00,2025,8,6,5,Vĩnh Long,Xã An Ngãi Trung,10.0916931,106.5448581,59,Moderate,1,25.0,95,0.0,6.5,185,1008.0,100,27.6,30.0,254.0,18.0,31.0,6.6
2025-08-06 06:00:00,2025,8,6,6,Vĩnh Long,Xã An Ngãi Trung,10.0916931,106.5448581,60,Moderate,1,25.0,95,0.0,6.3,183,1008.6,100,27.2,29.6,269.0,16.3,32.0,6.6
2025-08-06 07:00:00,2025,8,6,7,Vĩnh Long,Xã An Ngãi Trung,10.0916931,106.5448581,61,Moderate,1,26.4,91,0.0,5.6,165,1009.4,100,23.2,26.4,270.0,10.9,43.0,4.7
2025-08-06 08:00:00,2025,8,6,8,Vĩnh Long,Xã An Ngãi Trung,10.0916931,106.5448581,61,Moderate,1,28.2,85,0.1,12.8,184,1009.6,100,17.8,22.4,245.0,8.4,55.0,4.3
2025-08-06 09:00:00,2025,8,6,9,Vĩnh Long,Xã An Ngãi Trung,10.0916931,106.5448581,61,Moderate,1,29.2,79,0.0,11.0,184,1010.1,100,14.1,19.5,208.0,5.1,72.0,3.9
2025-08-06 10:00:00,2025,8,6,10,Vĩnh Long,Xã An Ngãi Trung,10.0916931,106.5448581,62,Moderate,1,30.1,74,0.0,9.5,181,1009.9,100,13.2,19.0,178.0,2.5,86.0,3.5
2025-08-06 11:00:00,2025,8,6,11,Vĩnh Long,Xã An Ngãi Trung,10.0916931,106.5448581,62,Moderate,1,31.2,67,0.0,6.6,197,1009.0,100,13.2,19.5,164.0,1.5,93.0,3.4
2025-08-06 12:00:00,2025,8,6,12,Vĩnh Long,Xã An Ngãi Trung,10.0916931,106.5448581,62,Moderate,1,32.0,62,0.0,7.1,210,1008.1,100,13.5,20.1,159.0,1.3,97.0,3.5
2025-08-06 13:00:00,2025,8,6,13,Vĩnh Long,Xã An Ngãi Trung,10.0916931,106.5448581,63,Moderate,1,32.3,61,0.0,7.9,197,1007.1,100,13.5,20.0,157.0,1.6,97.0,3.5
2025-08-06 14:00:00,2025,8,6,14,Vĩnh Long,Xã An Ngãi Trung,10.0916931,106.5448581,63,Moderate,1,31.5,64,0.1,8.9,171,1006.4,100,13.4,20.1,157.0,2.0,93.0,3.2
2025-08-06 15:00:00,2025,8,6,15,Vĩnh Long,Xã An Ngãi Trung,10.0916931,106.5448581,64,Moderate,1,28.4,75,0.8,18.3,212,1007.2,100,12.8,18.0,160.0,2.8,85.0,2.9
2025-08-06 16:00:00,2025,8,6,16,Vĩnh Long,Xã An Ngãi Trung,10.0916931,106.5448581,64,Moderate,1,26.7,87,4.2,7.5,215,1007.0,100,13.7,18.3,170.0,4.5,76.0,3.1
2025-08-06 17:00:00,2025,8,6,17,Vĩnh Long,Xã An Ngãi Trung,10.0916931,106.5448581,64,Moderate,1,27.4,87,0.1,10.4,234,1006.8,98,14.7,17.8,188.0,7.8,66.0,4.1
2025-08-06 18:00:00,2025,8,6,18,Vĩnh Long,Xã An Ngãi Trung,10.0916931,106.5448581,65,Moderate,1,26.5,90,0.0,9.3,230,1007.5,100,15.9,18.8,212.0,12.0,55.0,5.7
2025-08-06 19:00:00,2025,8,6,19,Vĩnh Long,Xã An Ngãi Trung,10.0916931,106.5448581,65,Moderate,1,25.7,92,0.0,5.2,229,1007.9,89,16.1,18.8,236.0,12.1,55.0,5.9
2025-08-06 20:00:00,2025,8,6,20,Vĩnh Long,Xã An Ngãi Trung,10.0916931,106.5448581,65,Moderate,1,26.4,88,0.0,8.0,228,1008.7,100,19.3,21.9,260.0,12.7,52.0,6.1
2025-08-06 21:00:00,2025,8,6,21,Vĩnh Long,Xã An Ngãi Trung,10.0916931,106.5448581,64,Moderate,1,25.9,90,0.0,7.4,209,1009.4,100,20.7,23.2,282.0,13.6,47.0,6.4
2025-08-06 22:00:00,2025,8,6,22,Vĩnh Long,Xã An Ngãi Trung,10.0916931,106.5448581,64,Moderate,1,25.7,90,0.0,6.3,217,1009.9,100,21.5,24.0,296.0,14.8,43.0,6.6
2025-08-06 23:00:00,2025,8,6,23,Vĩnh Long,Xã An Ngãi Trung,10.0916931,106.5448581,65,Moderate,1,25.5,91,0.0,5.5,229,1010.0,100,23.6,26.2,293.0,16.4,40.0,6.7
2025-08-07 00:00:00,2025,8,7,0,Vĩnh Long,Xã An Ngãi Trung,10.0916931,106.5448581,65,Moderate,1,25.1,93,0.0,5.0,232,1009.6,77,27.0,30.0,281.0,18.2,37.0,6.9
2025-08-07 01:00:00,2025,8,7,1,Vĩnh Long,Xã An Ngãi Trung,10.0916931,106.5448581,65,Moderate,1,25.0,94,0.0,4.9,237,1009.1,97,30.3,33.5,273.0,20.1,35.0,7.1
2025-08-07 02:00:00,2025,8,7,2,Vĩnh Long,Xã An Ngãi Trung,10.0916931,106.5448581,66,Moderate,1,25.0,94,0.0,4.8,243,1008.5,100,33.1,36.6,276.0,22.3,33.0,7.6
2025-08-07 03:00:00,2025,8,7,3,Vĩnh Long,Xã An Ngãi Trung,10.0916931,106.5448581,67,Moderate,1,24.9,94,0.0,4.8,243,1008.4,100,36.1,39.6,283.0,24.6,30.0,8.3
2025-08-07 04:00:00,2025,8,7,4,Vĩnh Long,Xã An Ngãi Trung,10.0916931,106.5448581,68,Moderate,1,24.9,94,0.0,3.2,251,1008.2,100,40.2,44.0,284.0,25.8,29.0,8.7
2025-08-07 05:00:00,2025,8,7,5,Vĩnh Long,Xã An Ngãi Trung,10.0916931,106.5448581,69,Moderate,1,24.9,94,0.0,2.4,243,1008.4,100,47.1,51.1,275.0,25.5,27.0,8.6
2025-08-07 06:00:00,2025,8,7,6,Vĩnh Long,Xã An Ngãi Trung,10.0916931,106.5448581,71,Moderate,1,24.9,95,0.0,2.1,239,1008.8,100,69.4,73.1,260.0,24.1,26.0,8.3
2025-08-07 07:00:00,2025,8,7,7,Vĩnh Long,Xã An Ngãi Trung,10.0916931,106.5448581,74,Moderate,1,26.3,91,0.0,3.8,259,1009.6,99,56.1,59.3,243.0,21.3,31.0,7.8
2025-08-07 08:00:00,2025,8,7,8,Vĩnh Long,Xã An Ngãi Trung,10.0916931,106.5448581,77,Moderate,1,28.8,81,0.0,5.8,219,1010.5,100,32.6,36.7,224.0,15.9,48.0,7.3
2025-08-07 09:00:00,2025,8,7,9,Vĩnh Long,Xã An Ngãi Trung,10.0916931,106.5448581,79,Moderate,1,30.0,75,0.1,7.1,225,1010.7,100,22.0,27.1,202.0,9.1,70.0,6.7
2025-08-07 10:00:00,2025,8,7,10,Vĩnh Long,Xã An Ngãi Trung,10.0916931,106.5448581,79,Moderate,1,31.0,71,0.1,7.9,235,1010.7,100,18.6,23.6,186.0,3.9,88.0,6.1
2025-08-07 11:00:00,2025,8,7,11,Vĩnh Long,Xã An Ngãi Trung,10.0916931,106.5448581,80,Moderate,1,31.6,68,0.1,6.9,227,1009.8,96,15.9,20.4,177.0,1.9,97.0,5.6
2025-08-07 12:00:00,2025,8,7,12,Vĩnh Long,Xã An Ngãi Trung,10.0916931,106.5448581,80,Moderate,1,32.1,65,0.1,8.1,233,1009.5,57,14.3,17.9,173.0,1.5,101.0,5.0
2025-08-07 13:00:00,2025,8,7,13,Vĩnh Long,Xã An Ngãi Trung,10.0916931,106.5448581,80,Moderate,1,31.9,66,0.2,8.5,226,1008.9,85,13.6,16.4,172.0,1.6,102.0,4.6
2025-08-07 14:00:00,2025,8,7,14,Vĩnh Long,Xã An Ngãi Trung,10.0916931,106.5448581,80,Moderate,1,30.0,74,4.2,5.6,270,1008.0,34,12.8,15.2,173.0,1.2,101.0,4.0
2025-08-07 15:00:00,2025,8,7,15,Vĩnh Long,Xã An Ngãi Trung,10.0916931,106.5448581,80,Moderate,1,30.6,72,0.1,6.0,314,1006.9,12,12.5,14.8,177.0,1.2,97.0,3.5
2025-08-07 16:00:00,2025,8,7,16,Vĩnh Long,Xã An Ngãi Trung,10.0916931,106.5448581,80,Moderate,1,28.0,83,3.5,12.6,221,1007.7,93,11.8,13.6,185.0,2.8,90.0,3.7
2025-08-07 17:00:00,2025,8,7,17,Vĩnh Long,Xã An Ngãi Trung,10.0916931,106.5448581,80,Moderate,1,27.2,87,0.1,9.4,238,1007.5,23,13.7,15.1,199.0,7.3,79.0,5.0
2025-08-07 18:00:00,2025,8,7,18,Vĩnh Long,Xã An Ngãi Trung,10.0916931,106.5448581,80,Moderate,1,26.5,88,0.0,12.1,250,1007.8,23,17.6,18.7,218.0,13.4,66.0,7.0
2025-08-07 19:00:00,2025,8,7,19,Vĩnh Long,Xã An Ngãi Trung,10.0916931,106.5448581,80,Moderate,1,25.6,90,0.0,1.1,171,1007.8,2,29.7,31.1,240.0,17.9,55.0,9.1
2025-08-07 20:00:00,2025,8,7,20,Vĩnh Long,Xã An Ngãi Trung,10.0916931,106.5448581,81,Moderate,1,26.9,91,0.0,4.6,219,1008.6,0,36.9,38.4,269.0,22.7,47.0,9.3
2025-08-07 21:00:00,2025,8,7,21,Vĩnh Long,Xã An Ngãi Trung,10.0916931,106.5448581,83,Moderate,1,26.6,92,0.0,3.6,221,1009.4,0,42.6,44.6,301.0,29.4,36.0,9.5
2025-08-07 22:00:00,2025,8,7,22,Vĩnh Long,Xã An Ngãi Trung,10.0916931,106.5448581,85,Moderate,1,26.2,94,0.0,4.5,227,1009.7,0,73.6,75.0,323.0,34.7,26.0,9.2
2025-08-07 23:00:00,2025,8,7,23,Vĩnh Long,Xã An Ngãi Trung,10.0916931,106.5448581,89,Moderate,1,26.0,95,0.0,2.7,247,1009.9,6,84.3,85.7,329.0,37.6,19.0,7.7
2025-08-08 00:00:00,2025,8,8,0,Vĩnh Long,Xã An Ngãi Trung,10.0916931,106.5448581,95,Moderate,1,25.7,95,0.0,2.7,233,1009.2,0,93.1,94.5,325.0,39.1,14.0,5.7
2025-08-08 01:00:00,2025,8,8,1,Vĩnh Long,Xã An Ngãi Trung,10.0916931,106.5448581,101,Unhealthy for Sensitive Groups,2,25.2,98,0.0,4.2,227,1008.3,36,92.4,93.8,317.0,39.6,10.0,4.4
2025-08-08 02:00:00,2025,8,8,2,Vĩnh Long,Xã An Ngãi Trung,10.0916931,106.5448581,107,Unhealthy for Sensitive Groups,2,25.2,98,0.0,5.7,229,1008.1,72,89.4,91.0,302.0,38.9,9.0,4.3
2025-08-08 03:00:00,2025,8,8,3,Vĩnh Long,Xã An Ngãi Trung,10.0916931,106.5448581,113,Unhealthy for Sensitive Groups,2,25.0,98,0.0,4.7,238,1008.1,50,87.1,88.7,282.0,37.1,9.0,4.9
2025-08-08 04:00:00,2025,8,8,4,Vĩnh Long,Xã An Ngãi Trung,10.0916931,106.5448581,118,Unhealthy for Sensitive Groups,2,24.7,96,0.0,3.8,259,1008.3,1,81.3,82.9,270.0,34.5,12.0,5.6
2025-08-08 05:00:00,2025,8,8,5,Vĩnh Long,Xã An Ngãi Trung,10.0916931,106.5448581,123,Unhealthy for Sensitive Groups,2,24.8,96,0.0,2.5,262,1008.6,0,76.1,77.8,279.0,31.2,17.0,6.4
2025-08-08 06:00:00,2025,8,8,6,Vĩnh Long,Xã An Ngãi Trung,10.0916931,106.5448581,126,Unhealthy for Sensitive Groups,2,24.8,96,0.0,2.8,235,1009.3,0,76.8,78.5,295.0,27.1,24.0,7.5
2025-08-08 07:00:00,2025,8,8,7,Vĩnh Long,Xã An Ngãi Trung,10.0916931,106.5448581,126,Unhealthy for Sensitive Groups,2,26.5,92,0.0,4.8,245,1010.5,10,65.4,67.5,296.0,23.6,35.0,10.8
2025-08-08 08:00:00,2025,8,8,8,Vĩnh Long,Xã An Ngãi Trung,10.0916931,106.5448581,127,Unhealthy for Sensitive Groups,2,28.5,84,0.0,5.8,265,1011.3,100,40.5,43.8,264.0,18.1,51.0,10.4
2025-08-08 09:00:00,2025,8,8,9,Vĩnh Long,Xã An Ngãi Trung,10.0916931,106.5448581,128,Unhealthy for Sensitive Groups,2,29.7,76,0.0,7.2,270,1011.3,97,22.6,26.7,216.0,10.4,73.0,9.8
2025-08-08 10:00:00,2025,8,8,10,Vĩnh Long,Xã An Ngãi Trung,10.0916931,106.5448581,128,Unhealthy for Sensitive Groups,2,30.8,66,0.0,8.1,283,1011.1,100,17.8,21.1,179.0,4.6,92.0,9.2
2025-08-08 11:00:00,2025,8,8,11,Vĩnh Long,Xã An Ngãi Trung,10.0916931,106.5448581,128,Unhealthy for Sensitive Groups,2,31.4,62,0.0,8.2,284,1010.8,100,16.6,19.0,164.0,2.3,104.0,8.6
2025-08-08 12:00:00,2025,8,8,12,Vĩnh Long,Xã An Ngãi Trung,10.0916931,106.5448581,128,Unhealthy for Sensitive Groups,2,31.9,62,0.0,8.5,282,1010.3,100,16.4,18.3,159.0,1.7,111.0,8.0
2025-08-08 13:00:00,2025,8,8,13,Vĩnh Long,Xã An Ngãi Trung,10.0916931,106.5448581,128,Unhealthy for Sensitive Groups,2,32.0,62,0.0,9.0,272,1009.3,96,16.5,18.1,160.0,1.7,114.0,7.4
2025-08-08 14:00:00,2025,8,8,14,Vĩnh Long,Xã An Ngãi Trung,10.0916931,106.5448581,129,Unhealthy for Sensitive Groups,2,32.2,62,0.0,7.5,260,1007.9,20,16.1,17.4,162.0,1.7,110.0,6.8
2025-08-08 15:00:00,2025,8,8,15,Vĩnh Long,Xã An Ngãi Trung,10.0916931,106.5448581,129,Unhealthy for Sensitive Groups,2,31.2,66,0.6,13.6,276,1007.7,21,16.0,17.2,168.0,2.3,101.0,6.3
2025-08-08 16:00:00,2025,8,8,16,Vĩnh Long,Xã An Ngãi Trung,10.0916931,106.5448581,129,Unhealthy for Sensitive Groups,2,28.2,82,0.1,10.9,248,1008.1,33,15.8,16.6,186.0,3.9,90.0,6.3
2025-08-08 17:00:00,2025,8,8,17,Vĩnh Long,Xã An Ngãi Trung,10.0916931,106.5448581,130,Unhealthy for Sensitive Groups,2,28.0,84,0.0,7.3,261,1008.1,81,16.8,17.5,218.0,7.0,78.0,6.9
2025-08-08 18:00:00,2025,8,8,18,Vĩnh Long,Xã An Ngãi Trung,10.0916931,106.5448581,130,Unhealthy for Sensitive Groups,2,27.5,88,0.0,4.6,288,1008.3,100,18.7,19.4,261.0,11.0,66.0,8.0
2025-08-08 19:00:00,2025,8,8,19,Vĩnh Long,Xã An Ngãi Trung,10.0916931,106.5448581,130,Unhealthy for Sensitive Groups,2,27.0,93,0.0,2.3,337,1008.5,100,29.8,31.9,310.0,15.6,55.0,10.2
2025-08-08 20:00:00,2025,8,8,20,Vĩnh Long,Xã An Ngãi Trung,10.0916931,106.5448581,130,Unhealthy for Sensitive Groups,2,27.9,85,0.0,2.7,208,1009.1,100,35.7,37.5,370.0,18.9,49.0,11.7
2025-08-08 21:00:00,2025,8,8,21,Vĩnh Long,Xã An Ngãi Trung,10.0916931,106.5448581,130,Unhealthy for Sensitive Groups,2,27.5,87,0.0,2.4,189,1010.1,100,42.7,44.5,435.0,23.5,40.0,13.8
2025-08-08 22:00:00,2025,8,8,22,Vĩnh Long,Xã An Ngãi Trung,10.0916931,106.5448581,130,Unhealthy for Sensitive Groups,2,27.2,89,0.0,2.3,198,1010.8,100,49.4,51.2,483.0,27.6,32.0,14.7
2025-08-08 23:00:00,2025,8,8,23,Vĩnh Long,Xã An Ngãi Trung,10.0916931,106.5448581,128,Unhealthy for Sensitive Groups,2,26.9,92,0.0,4.3,228,1010.9,100,61.0,62.9,508.0,30.7,26.0,13.2
2025-08-09 00:00:00,2025,8,9,0,Vĩnh Long,Xã An Ngãi Trung,10.0916931,106.5448581,125,Unhealthy for Sensitive Groups,2,26.6,93,0.0,7.0,235,1010.9,100,75.7,77.8,516.0,33.3,22.0,10.6
2025-08-09 01:00:00,2025,8,9,1,Vĩnh Long,Xã An Ngãi Trung,10.0916931,106.5448581,123,Unhealthy for Sensitive Groups,2,26.4,92,0.0,7.2,238,1010.2,100,78.0,80.1,498.0,34.8,18.0,9.2
2025-08-09 02:00:00,2025,8,9,2,Vĩnh Long,Xã An Ngãi Trung,10.0916931,106.5448581,122,Unhealthy for Sensitive Groups,2,26.1,91,0.0,7.2,243,1009.7,100,71.7,73.8,437.0,35.1,16.0,10.3
2025-08-09 03:00:00,2025,8,9,3,Vĩnh Long,Xã An Ngãi Trung,10.0916931,106.5448581,120,Unhealthy for Sensitive Groups,2,26.0,90,0.0,7.7,245,1009.3,100,65.9,68.0,351.0,34.4,15.0,12.5
2025-08-09 04:00:00,2025,8,9,4,Vĩnh Long,Xã An Ngãi Trung,10.0916931,106.5448581,118,Unhealthy for Sensitive Groups,2,26.0,89,0.0,7.4,256,1009.4,100,61.0,63.1,288.0,32.8,15.0,13.9
2025-08-09 05:00:00,2025,8,9,5,Vĩnh Long,Xã An Ngãi Trung,10.0916931,106.5448581,116,Unhealthy for Sensitive Groups,2,25.5,90,0.0,4.9,298,1009.9,100,57.2,59.5,273.0,30.3,15.0,13.7
2025-08-09 06:00:00,2025,8,9,6,Vĩnh Long,Xã An Ngãi Trung,10.0916931,106.5448581,114,Unhealthy for Sensitive Groups,2,25.5,92,0.0,2.4,171,1010.0,100,52.6,55.5,280.0,26.9,16.0,12.7
2025-08-09 07:00:00,2025,8,9,7,Vĩnh Long,Xã An Ngãi Trung,10.0916931,106.5448581,111,Unhealthy for Sensitive Groups,2,26.3,91,0.0,2.0,170,1010.5,100,41.1,44.1,280.0,21.8,23.0,11.6
2025-08-09 08:00:00,2025,8,9,8,Vĩnh Long,Xã An Ngãi Trung,10.0916931,106.5448581,109,Unhealthy for Sensitive Groups,2,27.1,92,0.0,5.1,306,1010.5,100,28.9,32.6,258.0,17.1,39.0,11.3
2025-08-09 09:00:00,2025,8,9,9,Vĩnh Long,Xã An Ngãi Trung,10.0916931,106.5448581,108,Unhealthy for Sensitive Groups,2,29.1,85,0.0,7.3,290,1010.6,100,20.8,24.6,229.0,10.6,60.0,10.9
2025-08-09 10:00:00,2025,8,9,10,Vĩnh Long,Xã An Ngãi Trung,10.0916931,106.5448581,107,Unhealthy for Sensitive Groups,2,29.2,83,1.3,10.8,271,1010.9,99,17.3,20.6,206.0,5.7,76.0,10.3
2025-08-09 11:00:00,2025,8,9,11,Vĩnh Long,Xã An Ngãi Trung,10.0916931,106.5448581,107,Unhealthy for Sensitive Groups,2,29.0,82,2.8,8.4,247,1010.0,99,16.5,18.3,197.0,4.1,81.0,9.4
2025-08-09 12:00:00,2025,8,9,12,Vĩnh Long,Xã An Ngãi Trung,10.0916931,106.5448581,107,Unhealthy for Sensitive Groups,2,29.0,82,1.9,15.9,256,1009.3,100,17.8,19.2,194.0,4.0,81.0,8.3
2025-08-09 13:00:00,2025,8,9,13,Vĩnh Long,Xã An Ngãi Trung,10.0916931,106.5448581,107,Unhealthy for Sensitive Groups,2,28.9,82,2.1,11.9,267,1009.0,99,15.2,16.2,192.0,4.3,80.0,7.5
2025-08-09 14:00:00,2025,8,9,14,Vĩnh Long,Xã An Ngãi Trung,10.0916931,106.5448581,107,Unhealthy for Sensitive Groups,2,29.2,81,0.1,8.3,290,1007.9,99,15.8,16.8,185.0,4.2,80.0,7.0
2025-08-09 15:00:00,2025,8,9,15,Vĩnh Long,Xã An Ngãi Trung,10.0916931,106.5448581,107,Unhealthy for Sensitive Groups,2,28.0,83,3.5,13.4,290,1007.4,100,15.3,16.1,178.0,4.5,79.0,6.6
2025-08-09 16:00:00,2025,8,9,16,Vĩnh Long,Xã An Ngãi Trung,10.0916931,106.5448581,107,Unhealthy for Sensitive Groups,2,27.8,86,0.1,12.4,253,1006.7,100,14.7,15.1,179.0,5.4,76.0,6.6
2025-08-09 17:00:00,2025,8,9,17,Vĩnh Long,Xã An Ngãi Trung,10.0916931,106.5448581,107,Unhealthy for Sensitive Groups,2,27.8,86,0.0,13.5,254,1006.9,100,14.1,14.5,192.0,7.6,69.0,7.0
2025-08-09 18:00:00,2025,8,9,18,Vĩnh Long,Xã An Ngãi Trung,10.0916931,106.5448581,107,Unhealthy for Sensitive Groups,2,27.0,88,0.0,11.1,254,1008.0,97,15.4,15.6,213.0,10.4,60.0,7.7
2025-08-09 19:00:00,2025,8,9,19,Vĩnh Long,Xã An Ngãi Trung,10.0916931,106.5448581,106,Unhealthy for Sensitive Groups,2,26.5,89,0.0,9.9,272,1008.7,90,22.2,22.6,232.0,16.4,52.0,11.5
2025-08-09 20:00:00,2025,8,9,20,Vĩnh Long,Xã An Ngãi Trung,10.0916931,106.5448581,106,Unhealthy for Sensitive Groups,2,26.2,90,0.0,10.3,251,1008.6,93,23.5,24.2,245.0,17.2,47.0,11.8
2025-08-09 21:00:00,2025,8,9,21,Vĩnh Long,Xã An Ngãi Trung,10.0916931,106.5448581,104,Unhealthy for Sensitive Groups,2,26.0,90,0.0,10.9,258,1009.3,92,22.1,22.9,256.0,18.3,40.0,12.2
2025-08-09 22:00:00,2025,8,9,22,Vĩnh Long,Xã An Ngãi Trung,10.0916931,106.5448581,102,Unhealthy for Sensitive Groups,2,25.6,91,0.0,8.8,268,1010.2,99,20.3,21.3,266.0,18.9,34.0,12.2
2025-08-09 23:00:00,2025,8,9,23,Vĩnh Long,Xã An Ngãi Trung,10.0916931,106.5448581,99,Moderate,1,25.2,93,0.6,10.9,333,1010.8,99,19.6,20.5,276.0,18.7,31.0,11.6
2025-08-10 00:00:00,2025,8,10,0,Vĩnh Long,Xã An Ngãi Trung,10.0916931,106.5448581,96,Moderate,1,25.1,95,0.0,7.1,300,1009.6,99,19.0,19.9,284.0,18.0,30.0,10.6
2025-08-10 01:00:00,2025,8,10,1,Vĩnh Long,Xã An Ngãi Trung,10.0916931,106.5448581,91,Moderate,1,24.6,96,0.0,5.8,292,1009.1,100,18.7,19.5,289.0,17.6,29.0,9.8
2025-08-10 02:00:00,2025,8,10,2,Vĩnh Long,Xã An Ngãi Trung,10.0916931,106.5448581,85,Moderate,1,24.4,96,0.0,5.3,308,1008.2,97,18.9,19.7,289.0,17.9,27.0,9.4
2025-08-10 03:00:00,2025,8,10,3,Vĩnh Long,Xã An Ngãi Trung,10.0916931,106.5448581,81,Moderate,1,24.2,96,0.0,4.6,281,1007.8,98,19.3,20.2,286.0,18.4,26.0,9.3
2025-08-10 04:00:00,2025,8,10,4,Vĩnh Long,Xã An Ngãi Trung,10.0916931,106.5448581,77,Moderate,1,24.0,96,0.0,3.1,320,1007.6,79,20.3,21.1,281.0,18.5,25.0,9.3
2025-08-10 05:00:00,2025,8,10,5,Vĩnh Long,Xã An Ngãi Trung,10.0916931,106.5448581,73,Moderate,1,24.1,95,0.0,2.0,265,1008.1,100,21.9,22.9,273.0,18.0,23.0,9.6
2025-08-10 06:00:00,2025,8,10,6,Vĩnh Long,Xã An Ngãi Trung,10.0916931,106.5448581,70,Moderate,1,24.2,96,0.0,2.8,325,1008.1,97,24.0,25.1,263.0,17.0,22.0,10.0
2025-08-10 07:00:00,2025,8,10,7,Vĩnh Long,Xã An Ngãi Trung,10.0916931,106.5448581,67,Moderate,1,25.6,92,0.0,7.5,291,1009.1,80,27.2,28.7,253.0,16.0,25.0,10.9
2025-08-10 08:00:00,2025,8,10,8,Vĩnh Long,Xã An Ngãi Trung,10.0916931,106.5448581,66,Moderate,1,27.6,86,0.0,6.0,297,1009.0,99,22.9,25.2,243.0,12.9,39.0,10.7
2025-08-10 09:00:00,2025,8,10,9,Vĩnh Long,Xã An Ngãi Trung,10.0916931,106.5448581,65,Moderate,1,28.9,80,0.0,7.0,291,1008.9,96,19.7,23.0,233.0,8.5,58.0,10.5
2025-08-10 10:00:00,2025,8,10,10,Vĩnh Long,Xã An Ngãi Trung,10.0916931,106.5448581,65,Moderate,1,30.3,72,0.0,8.1,288,1008.8,97,16.2,18.6,220.0,5.1,73.0,9.9
2025-08-10 11:00:00,2025,8,10,11,Vĩnh Long,Xã An Ngãi Trung,10.0916931,106.5448581,65,Moderate,1,31.3,65,0.0,10.2,284,1008.5,86,15.4,16.9,201.0,3.5,82.0,8.8
2025-08-10 12:00:00,2025,8,10,12,Vĩnh Long,Xã An Ngãi Trung,10.0916931,106.5448581,65,Moderate,1,32.0,61,0.0,8.7,278,1007.5,54,14.5,15.8,179.0,2.9,87.0,7.4
2025-08-10 13:00:00,2025,8,10,13,Vĩnh Long,Xã An Ngãi Trung,10.0916931,106.5448581,65,Moderate,1,32.2,61,0.0,11.3,256,1007.2,86,14.5,15.5,163.0,2.8,88.0,6.3
2025-08-10 14:00:00,2025,8,10,14,Vĩnh Long,Xã An Ngãi Trung,10.0916931,106.5448581,65,Moderate,1,27.9,82,1.3,9.4,225,1007.5,88,14.4,15.3,154.0,3.3,82.0,5.6
2025-08-10 15:00:00,2025,8,10,15,Vĩnh Long,Xã An Ngãi Trung,10.0916931,106.5448581,65,Moderate,1,28.0,81,0.1,13.2,238,1006.0,84,14.3,15.0,150.0,4.3,73.0,5.1
2025-08-10 16:00:00,2025,8,10,16,Vĩnh Long,Xã An Ngãi Trung,10.0916931,106.5448581,65,Moderate,1,27.9,79,0.3,18.5,237,1006.2,86,13.6,14.1,153.0,5.6,63.0,5.0
2025-08-10 17:00:00,2025,8,10,17,Vĩnh Long,Xã An Ngãi Trung,10.0916931,106.5448581,65,Moderate,1,25.8,90,0.9,10.5,267,1006.3,65,12.3,12.7,166.0,7.4,55.0,5.4
2025-08-10 18:00:00,2025,8,10,18,Vĩnh Long,Xã An Ngãi Trung,10.0916931,106.5448581,64,Moderate,1,25.7,93,0.1,8.2,260,1007.0,82,13.6,14.0,185.0,9.5,48.0,6.0
2025-08-10 19:00:00,2025,8,10,19,Vĩnh Long,Xã An Ngãi Trung,10.0916931,106.5448581,64,Moderate,1,25.5,94,0.0,10.0,247,1007.4,100,14.6,15.4,199.0,11.6,44.0,7.0
2025-08-10 20:00:00,2025,8,10,20,Vĩnh Long,Xã An Ngãi Trung,10.0916931,106.5448581,64,Moderate,1,26.1,87,0.0,15.1,250,1007.4,100,14.8,15.5,203.0,11.6,41.0,7.0
2025-08-10 21:00:00,2025,8,10,21,Vĩnh Long,Xã An Ngãi Trung,10.0916931,106.5448581,63,Moderate,1,25.7,88,0.0,14.4,246,1008.6,100,14.2,14.9,201.0,11.7,38.0,6.9
2025-08-10 22:00:00,2025,8,10,22,Vĩnh Long,Xã An Ngãi Trung,10.0916931,106.5448581,62,Moderate,1,25.4,90,0.0,14.8,246,1009.4,89,14.1,14.9,196.0,11.8,35.0,6.8
2025-08-10 23:00:00,2025,8,10,23,Vĩnh Long,Xã An Ngãi Trung,10.0916931,106.5448581,62,Moderate,1,25.2,91,0.0,13.8,244,1009.2,98,14.4,15.1,188.0,12.1,33.0,6.7
2025-08-11 00:00:00,2025,8,11,0,Vĩnh Long,Xã An Ngãi Trung,10.0916931,106.5448581,61,Moderate,1,25.0,92,0.0,11.7,247,1008.9,100,14.3,15.2,176.0,12.4,32.0,6.5
2025-08-11 01:00:00,2025,8,11,1,Vĩnh Long,Xã An Ngãi Trung,10.0916931,106.5448581,61,Moderate,1,24.9,93,0.0,11.1,238,1009.0,100,14.8,15.7,167.0,12.5,31.0,6.3
2025-08-11 02:00:00,2025,8,11,2,Vĩnh Long,Xã An Ngãi Trung,10.0916931,106.5448581,60,Moderate,1,24.8,93,0.0,11.5,245,1007.9,100,14.6,15.7,161.0,12.1,31.0,5.9
2025-08-11 03:00:00,2025,8,11,3,Vĩnh Long,Xã An Ngãi Trung,10.0916931,106.5448581,60,Moderate,1,24.8,93,0.0,11.8,241,1007.1,100,13.5,14.6,158.0,11.4,32.0,5.4
2025-08-11 04:00:00,2025,8,11,4,Vĩnh Long,Xã An Ngãi Trung,10.0916931,106.5448581,59,Moderate,1,24.8,93,0.0,11.4,247,1006.8,98,13.2,14.2,157.0,10.8,32.0,5.2
2025-08-11 05:00:00,2025,8,11,5,Vĩnh Long,Xã An Ngãi Trung,10.0916931,106.5448581,59,Moderate,1,24.7,93,0.0,11.4,258,1007.1,100,14.0,15.1,160.0,10.5,31.0,5.6
2025-08-11 06:00:00,2025,8,11,6,Vĩnh Long,Xã An Ngãi Trung,10.0916931,106.5448581,58,Moderate,1,24.7,93,0.0,11.7,269,1007.2,58,14.8,15.8,166.0,10.2,30.0,6.3
2025-08-11 07:00:00,2025,8,11,7,Vĩnh Long,Xã An Ngãi Trung,10.0916931,106.5448581,57,Moderate,1,25.9,88,0.0,13.6,259,1007.7,98,11.7,12.8,169.0,8.9,33.0,6.9
2025-08-11 08:00:00,2025,8,11,8,Vĩnh Long,Xã An Ngãi Trung,10.0916931,106.5448581,56,Moderate,1,27.5,82,0.0,16.0,253,1008.1,72,11.4,12.6,167.0,7.7,39.0,6.7
2025-08-11 09:00:00,2025,8,11,9,Vĩnh Long,Xã An Ngãi Trung,10.0916931,106.5448581,55,Moderate,1,28.6,77,0.1,16.2,256,1008.5,97,12.3,13.2,163.0,6.0,47.0,6.4
2025-08-11 10:00:00,2025,8,11,10,Vĩnh Long,Xã An Ngãi Trung,10.0916931,106.5448581,54,Moderate,1,29.0,76,0.1,16.6,260,1008.5,77,10.7,11.4,158.0,4.5,55.0,6.1
2025-08-11 11:00:00,2025,8,11,11,Vĩnh Long,Xã An Ngãi Trung,10.0916931,106.5448581,54,Moderate,1,29.8,75,0.1,15.9,256,1008.3,68,9.3,9.9,152.0,3.5,63.0,5.7
2025-08-11 12:00:00,2025,8,11,12,Vĩnh Long,Xã An Ngãi Trung,10.0916931,106.5448581,53,Moderate,1,30.4,71,0.1,15.9,267,1007.2,91,9.3,9.8,146.0,2.7,71.0,5.3
2025-08-11 13:00:00,2025,8,11,13,Vĩnh Long,Xã An Ngãi Trung,10.0916931,106.5448581,53,Moderate,1,29.4,70,0.4,20.5,262,1006.7,91,9.6,10.1,142.0,2.5,76.0,5.1
2025-08-11 14:00:00,2025,8,11,14,Vĩnh Long,Xã An Ngãi Trung,10.0916931,106.5448581,52,Moderate,1,28.2,80,0.4,15.0,246,1006.4,100,11.1,11.6,140.0,3.1,76.0,5.0
2025-08-11 15:00:00,2025,8,11,15,Vĩnh Long,Xã An Ngãi Trung,10.0916931,106.5448581,52,Moderate,1,27.0,86,2.2,5.7,242,1005.6,99,13.1,13.6,140.0,4.2,72.0,5.1
2025-08-11 16:00:00,2025,8,11,16,Vĩnh Long,Xã An Ngãi Trung,10.0916931,106.5448581,52,Moderate,1,26.9,83,4.2,19.4,248,1005.3,98,13.5,13.9,147.0,5.7,67.0,5.4
2025-08-11 17:00:00,2025,8,11,17,Vĩnh Long,Xã An Ngãi Trung,10.0916931,106.5448581,52,Moderate,1,25.6,90,1.5,10.9,243,1005.5,99,12.1,12.6,165.0,7.8,59.0,6.0
2025-08-11 18:00:00,2025,8,11,18,Vĩnh Long,Xã An Ngãi Trung,10.0916931,106.5448581,52,Moderate,1,25.2,92,0.1,9.6,237,1005.9,100,13.2,13.8,190.0,10.3,50.0,6.8
2025-08-11 19:00:00,2025,8,11,19,Vĩnh Long,Xã An Ngãi Trung,10.0916931,106.5448581,52,Moderate,1,25.0,94,0.0,6.6,229,1006.5,98,17.8,18.7,213.0,13.2,46.0,7.3
2025-08-11 20:00:00,2025,8,11,20,Vĩnh Long,Xã An Ngãi Trung,10.0916931,106.5448581,52,Moderate,1,26.1,92,0.0,7.5,220,1007.2,80,21.0,22.1,234.0,13.7,43.0,7.7
2025-08-11 21:00:00,2025,8,11,21,Vĩnh Long,Xã An Ngãi Trung,10.0916931,106.5448581,53,Moderate,1,25.9,93,0.0,6.2,282,1007.9,65,21.0,22.4,253.0,14.4,38.0,8.2
2025-08-11 22:00:00,2025,8,11,22,Vĩnh Long,Xã An Ngãi Trung,10.0916931,106.5448581,53,Moderate,1,25.7,91,0.0,7.5,243,1008.4,89,20.5,22.1,265.0,14.8,34.0,8.5
2025-08-11 23:00:00,2025,8,11,23,Vĩnh Long,Xã An Ngãi Trung,10.0916931,106.5448581,54,Moderate,1,25.4,93,0.0,7.5,249,1008.7,92,20.4,22.1,266.0,14.7,33.0,8.4
2025-08-12 00:00:00,2025,8,12,0,Vĩnh Long,Xã An Ngãi Trung,10.0916931,106.5448581,54,Moderate,1,25.0,94,0.0,4.9,264,1008.5,100,19.4,21.2,260.0,14.4,32.0,8.0
2025-08-12 01:00:00,2025,8,12,1,Vĩnh Long,Xã An Ngãi Trung,10.0916931,106.5448581,55,Moderate,1,24.9,94,0.0,4.0,278,1008.0,100,18.9,20.7,247.0,14.3,32.0,7.7
2025-08-12 02:00:00,2025,8,12,2,Vĩnh Long,Xã An Ngãi Trung,10.0916931,106.5448581,55,Moderate,1,25.0,94,0.0,5.3,242,1007.5,99,18.7,20.5,223.0,14.7,31.0,7.6
2025-08-12 03:00:00,2025,8,12,3,Vĩnh Long,Xã An Ngãi Trung,10.0916931,106.5448581,56,Moderate,1,24.8,95,0.0,6.9,245,1007.1,100,18.9,20.5,192.0,15.3,29.0,7.6
2025-08-12 04:00:00,2025,8,12,4,Vĩnh Long,Xã An Ngãi Trung,10.0916931,106.5448581,56,Moderate,1,24.9,94,0.5,7.3,250,1006.7,100,19.7,21.3,170.0,15.6,28.0,7.6
2025-08-12 05:00:00,2025,8,12,5,Vĩnh Long,Xã An Ngãi Trung,10.0916931,106.5448581,57,Moderate,1,24.8,94,0.7,8.4,235,1006.8,100,21.2,22.9,165.0,15.7,26.0,7.8
2025-08-12 06:00:00,2025,8,12,6,Vĩnh Long,Xã An Ngãi Trung,10.0916931,106.5448581,57,Moderate,1,24.6,94,1.3,9.8,229,1007.5,100,22.7,24.4,169.0,15.6,23.0,8.0
2025-08-12 07:00:00,2025,8,12,7,Vĩnh Long,Xã An Ngãi Trung,10.0916931,106.5448581,58,Moderate,1,24.7,94,1.1,10.7,239,1007.7,99,22.2,24.9,173.0,14.7,29.0,7.8
2025-08-12 08:00:00,2025,8,12,8,Vĩnh Long,Xã An Ngãi Trung,10.0916931,106.5448581,59,Moderate,1,25.5,93,0.0,10.0,256,1008.3,100,21.4,23.9,173.0,13.5,33.0,7.7
2025-08-12 09:00:00,2025,8,12,9,Vĩnh Long,Xã An Ngãi Trung,10.0916931,106.5448581,60,Moderate,1,26.3,90,0.1,11.4,241,1008.4,100,20.9,23.7,173.0,11.7,38.0,7.5
2025-08-12 10:00:00,2025,8,12,10,Vĩnh Long,Xã An Ngãi Trung,10.0916931,106.5448581,61,Moderate,1,27.5,84,0.2,16.2,253,1008.0,100,19.4,22.9,170.0,9.8,46.0,7.3
2025-08-12 11:00:00,2025,8,12,11,Vĩnh Long,Xã An Ngãi Trung,10.0916931,106.5448581,61,Moderate,1,29.5,73,0.1,15.4,259,1007.6,100,17.2,20.6,161.0,7.6,57.0,7.1
2025-08-12 12:00:00,2025,8,12,12,Vĩnh Long,Xã An Ngãi Trung,10.0916931,106.5448581,62,Moderate,1,30.5,69,0.1,14.9,258,1007.0,100,15.8,18.7,149.0,5.3,70.0,6.9
2025-08-12 13:00:00,2025,8,12,13,Vĩnh Long,Xã An Ngãi Trung,10.0916931,106.5448581,63,Moderate,1,30.2,71,0.0,14.2,252,1006.5,100,16.8,19.2,141.0,3.7,80.0,6.8
2025-08-12 14:00:00,2025,8,12,14,Vĩnh Long,Xã An Ngãi Trung,10.0916931,106.5448581,63,Moderate,1,30.7,69,0.0,12.7,239,1005.3,100,18.5,20.8,139.0,2.9,88.0,6.8
2025-08-12 15:00:00,2025,8,12,15,Vĩnh Long,Xã An Ngãi Trung,10.0916931,106.5448581,64,Moderate,1,27.4,82,4.0,16.8,258,1006.0,100,18.9,21.2,141.0,2.7,93.0,7.0
2025-08-12 16:00:00,2025,8,12,16,Vĩnh Long,Xã An Ngãi Trung,10.0916931,106.5448581,64,Moderate,1,26.3,87,0.4,12.6,234,1005.9,100,18.7,21.1,148.0,3.8,93.0,7.3
2025-08-12 17:00:00,2025,8,12,17,Vĩnh Long,Xã An Ngãi Trung,10.0916931,106.5448581,65,Moderate,1,26.4,89,0.1,12.2,234,1006.0,82,18.6,21.0,164.0,6.8,84.0,7.8
2025-08-12 18:00:00,2025,8,12,18,Vĩnh Long,Xã An Ngãi Trung,10.0916931,106.5448581,65,Moderate,1,26.0,90,0.0,8.9,223,1006.6,84,21.7,23.3,184.0,11.1,69.0,8.4
2025-08-12 19:00:00,2025,8,12,19,Vĩnh Long,Xã An Ngãi Trung,10.0916931,106.5448581,66,Moderate,1,25.4,91,0.0,8.8,235,1007.5,55,20.8,21.5,201.0,13.3,50.0,7.6
2025-08-12 20:00:00,2025,8,12,20,Vĩnh Long,Xã An Ngãi Trung,10.0916931,106.5448581,66,Moderate,1,26.5,89,0.0,8.8,229,1008.3,98,22.3,23.3,211.0,14.7,45.0,8.2
2025-08-12 21:00:00,2025,8,12,21,Vĩnh Long,Xã An Ngãi Trung,10.0916931,106.5448581,67,Moderate,1,26.0,92,0.0,8.0,234,1009.1,99,24.1,25.6,217.0,16.6,38.0,8.9
2025-08-12 22:00:00,2025,8,12,22,Vĩnh Long,Xã An Ngãi Trung,10.0916931,106.5448581,67,Moderate,1,25.6,93,0.0,9.7,230,1009.3,98,26.4,28.0,218.0,18.1,32.0,9.4
2025-08-12 23:00:00,2025,8,12,23,Vĩnh Long,Xã An Ngãi Trung,10.0916931,106.5448581,67,Moderate,1,25.4,93,0.0,9.0,244,1009.7,100,27.0,28.7,209.0,18.7,29.0,9.3
2025-08-13 00:00:00,2025,8,13,0,Vĩnh Long,Xã An Ngãi Trung,10.0916931,106.5448581,68,Moderate,1,25.4,92,0.0,9.4,244,1009.5,100,26.5,28.4,195.0,18.8,27.0,8.9
2025-08-13 01:00:00,2025,8,13,1,Vĩnh Long,Xã An Ngãi Trung,10.0916931,106.5448581,69,Moderate,1,25.0,93,0.0,8.8,239,1009.0,100,26.3,28.2,184.0,18.5,26.0,8.4
2025-08-13 02:00:00,2025,8,13,2,Vĩnh Long,Xã An Ngãi Trung,10.0916931,106.5448581,69,Moderate,1,24.9,93,0.0,9.0,241,1008.4,100,26.0,27.9,180.0,17.7,26.0,8.0
2025-08-13 03:00:00,2025,8,13,3,Vĩnh Long,Xã An Ngãi Trung,10.0916931,106.5448581,70,Moderate,1,24.8,93,0.0,8.2,248,1008.2,100,24.6,26.3,180.0,16.6,28.0,7.5
2025-08-13 04:00:00,2025,8,13,4,Vĩnh Long,Xã An Ngãi Trung,10.0916931,106.5448581,70,Moderate,1,24.6,94,0.0,8.0,243,1007.9,100,21.1,22.6,177.0,15.2,30.0,7.0
2025-08-13 05:00:00,2025,8,13,5,Vĩnh Long,Xã An Ngãi Trung,10.0916931,106.5448581,70,Moderate,1,24.5,95,0.0,7.4,236,1007.9,100,15.2,16.5,169.0,13.6,32.0,6.5
2025-08-13 06:00:00,2025,8,13,6,Vĩnh Long,Xã An Ngãi Trung,10.0916931,106.5448581,70,Moderate,1,24.5,96,0.0,9.7,243,1008.4,100,14.2,15.2,158.0,11.9,34.0,6.0
2025-08-13 07:00:00,2025,8,13,7,Vĩnh Long,Xã An Ngãi Trung,10.0916931,106.5448581,69,Moderate,1,24.6,93,0.7,15.5,257,1009.2,100,7.0,7.2,151.0,7.9,44.0,4.9
2025-08-13 08:00:00,2025,8,13,8,Vĩnh Long,Xã An Ngãi Trung,10.0916931,106.5448581,68,Moderate,1,26.5,87,0.0,11.4,259,1009.7,100,8.3,8.5,152.0,6.8,49.0,4.7
2025-08-13 09:00:00,2025,8,13,9,Vĩnh Long,Xã An Ngãi Trung,10.0916931,106.5448581,67,Moderate,1,28.1,82,0.0,12.4,253,1009.7,100,11.2,11.4,156.0,5.3,57.0,4.3
2025-08-13 10:00:00,2025,8,13,10,Vĩnh Long,Xã An Ngãi Trung,10.0916931,106.5448581,66,Moderate,1,27.0,82,0.6,19.9,258,1010.0,100,11.7,12.0,158.0,3.9,65.0,4.2
2025-08-13 11:00:00,2025,8,13,11,Vĩnh Long,Xã An Ngãi Trung,10.0916931,106.5448581,65,Moderate,1,28.0,83,0.5,12.8,256,1009.5,100,12.7,13.1,153.0,2.8,76.0,4.4
2025-08-13 12:00:00,2025,8,13,12,Vĩnh Long,Xã An Ngãi Trung,10.0916931,106.5448581,65,Moderate,1,28.2,81,3.5,16.0,234,1009.0,100,12.4,12.8,145.0,1.8,88.0,4.8
2025-08-13 13:00:00,2025,8,13,13,Vĩnh Long,Xã An Ngãi Trung,10.0916931,106.5448581,64,Moderate,1,28.0,80,0.6,19.2,242,1007.6,100,11.2,11.7,141.0,1.5,95.0,5.3
2025-08-13 14:00:00,2025,8,13,14,Vĩnh Long,Xã An Ngãi Trung,10.0916931,106.5448581,64,Moderate,1,27.1,85,0.4,17.8,263,1007.0,87,10.3,10.8,142.0,2.1,92.0,5.8
2025-08-13 15:00:00,2025,8,13,15,Vĩnh Long,Xã An Ngãi Trung,10.0916931,106.5448581,63,Moderate,1,27.9,81,0.1,17.6,262,1006.4,100,10.8,11.2,146.0,3.4,83.0,6.3
2025-08-13 16:00:00,2025,8,13,16,Vĩnh Long,Xã An Ngãi Trung,10.0916931,106.5448581,63,Moderate,1,27.8,82,0.7,16.4,255,1006.0,100,11.3,11.7,154.0,5.2,74.0,6.8
2025-08-13 17:00:00,2025,8,13,17,Vĩnh Long,Xã An Ngãi Trung,10.0916931,106.5448581,62,Moderate,1,26.9,87,1.5,12.6,260,1006.1,100,13.2,13.6,168.0,7.6,65.0,7.4
2025-08-13 18:00:00,2025,8,13,18,Vĩnh Long,Xã An Ngãi Trung,10.0916931,106.5448581,61,Moderate,1,26.4,88,0.0,11.4,254,1006.4,100,13.7,14.2,186.0,10.5,56.0,8.1
2025-08-13 19:00:00,2025,8,13,19,Vĩnh Long,Xã An Ngãi Trung,10.0916931,106.5448581,61,Moderate,1,25.9,90,0.0,9.1,252,1007.2,96,13.3,13.9,203.0,11.3,51.0,7.3
2025-08-13 20:00:00,2025,8,13,20,Vĩnh Long,Xã An Ngãi Trung,10.0916931,106.5448581,60,Moderate,1,27.2,81,0.0,11.3,248,1007.6,99,13.8,14.5,217.0,12.1,46.0,7.6
2025-08-13 21:00:00,2025,8,13,21,Vĩnh Long,Xã An Ngãi Trung,10.0916931,106.5448581,59,Moderate,1,26.9,82,0.0,11.7,247,1008.3,100,14.3,15.1,229.0,13.1,39.0,8.1
2025-08-13 22:00:00,2025,8,13,22,Vĩnh Long,Xã An Ngãi Trung,10.0916931,106.5448581,58,Moderate,1,26.4,85,0.0,9.9,248,1008.9,100,15.3,16.1,237.0,14.1,34.0,8.4
2025-08-13 23:00:00,2025,8,13,23,Vĩnh Long,Xã An Ngãi Trung,10.0916931,106.5448581,57,Moderate,1,26.1,86,0.0,9.6,258,1009.1,100,16.3,17.2,238.0,14.8,31.0,8.5
2025-08-14 00:00:00,2025,8,14,0,Vĩnh Long,Xã An Ngãi Trung,10.0916931,106.5448581,56,Moderate,1,25.9,87,0.0,10.6,256,1008.8,100,16.8,17.8,235.0,15.5,30.0,8.5
2025-08-14 01:00:00,2025,8,14,1,Vĩnh Long,Xã An Ngãi Trung,10.0916931,106.5448581,56,Moderate,1,25.7,88,0.0,9.7,255,1008.0,100,16.9,18.0,230.0,15.9,28.0,8.4
2025-08-14 02:00:00,2025,8,14,2,Vĩnh Long,Xã An Ngãi Trung,10.0916931,106.5448581,55,Moderate,1,25.3,90,0.0,7.8,262,1007.3,100,17.1,18.2,226.0,16.2,26.0,8.1
2025-08-14 03:00:00,2025,8,14,3,Vĩnh Long,Xã An Ngãi Trung,10.0916931,106.5448581,54,Moderate,1,24.9,93,0.0,5.6,277,1006.8,100,17.4,18.7,222.0,16.3,24.0,7.7
2025-08-14 04:00:00,2025,8,14,4,Vĩnh Long,Xã An Ngãi Trung,10.0916931,106.5448581,53,Moderate,1,24.8,94,0.0,6.0,275,1006.5,100,18.0,19.4,214.0,16.1,23.0,7.5
2025-08-14 05:00:00,2025,8,14,5,Vĩnh Long,Xã An Ngãi Trung,10.0916931,106.5448581,53,Moderate,1,24.9,95,0.0,7.6,274,1007.1,100,18.6,20.1,200.0,15.5,22.0,7.8
2025-08-14 06:00:00,2025,8,14,6,Vĩnh Long,Xã An Ngãi Trung,10.0916931,106.5448581,53,Moderate,1,24.9,96,0.0,5.8,266,1007.3,100,19.4,21.0,183.0,14.6,22.0,8.4
2025-08-14 07:00:00,2025,8,14,7,Vĩnh Long,Xã An Ngãi Trung,10.0916931,106.5448581,54,Moderate,1,26.1,90,0.0,11.2,276,1007.9,100,23.8,25.4,170.0,15.4,21.0,9.5
2025-08-14 08:00:00,2025,8,14,8,Vĩnh Long,Xã An Ngãi Trung,10.0916931,106.5448581,55,Moderate,1,27.5,86,0.0,9.4,258,1008.4,100,18.6,20.8,164.0,12.3,33.0,9.3
2025-08-14 09:00:00,2025,8,14,9,Vĩnh Long,Xã An Ngãi Trung,10.0916931,106.5448581,56,Moderate,1,29.0,78,0.1,13.9,264,1008.1,100,14.6,17.1,161.0,7.9,50.0,8.9
2025-08-14 10:00:00,2025,8,14,10,Vĩnh Long,Xã An Ngãi Trung,10.0916931,106.5448581,57,Moderate,1,30.1,74,0.1,15.3,270,1007.7,100,12.2,14.2,158.0,4.5,65.0,8.4
2025-08-14 11:00:00,2025,8,14,11,Vĩnh Long,Xã An Ngãi Trung,10.0916931,106.5448581,57,Moderate,1,29.8,71,0.6,15.9,261,1007.7,99,10.6,11.8,152.0,2.8,76.0,7.7
2025-08-14 12:00:00,2025,8,14,12,Vĩnh Long,Xã An Ngãi Trung,10.0916931,106.5448581,56,Moderate,1,28.6,77,1.2,16.8,253,1007.0,100,10.4,11.5,144.0,1.9,85.0,6.8
2025-08-14 13:00:00,2025,8,14,13,Vĩnh Long,Xã An Ngãi Trung,10.0916931,106.5448581,56,Moderate,1,28.7,79,0.0,16.0,258,1006.3,100,10.0,11.1,140.0,1.9,88.0,6.2
2025-08-14 14:00:00,2025,8,14,14,Vĩnh Long,Xã An Ngãi Trung,10.0916931,106.5448581,56,Moderate,1,27.8,84,0.9,22.2,246,1006.5,100,10.4,11.4,138.0,2.7,82.0,5.9
2025-08-14 15:00:00,2025,8,14,15,Vĩnh Long,Xã An Ngãi Trung,10.0916931,106.5448581,56,Moderate,1,27.3,84,3.5,19.9,245,1005.6,100,10.3,11.1,140.0,4.2,70.0,5.8
2025-08-14 16:00:00,2025,8,14,16,Vĩnh Long,Xã An Ngãi Trung,10.0916931,106.5448581,56,Moderate,1,27.5,83,0.1,15.7,269,1005.6,100,11.9,12.6,147.0,6.3,59.0,6.0
2025-08-14 17:00:00,2025,8,14,17,Vĩnh Long,Xã An Ngãi Trung,10.0916931,106.5448581,56,Moderate,1,26.6,84,1.4,15.1,262,1005.7,100,13.6,14.6,166.0,9.2,50.0,6.7
2025-08-14 18:00:00,2025,8,14,18,Vĩnh Long,Xã An Ngãi Trung,10.0916931,106.5448581,56,Moderate,1,26.0,91,0.5,11.2,264,1005.9,100,14.6,15.8,192.0,12.6,43.0,7.6
2025-08-14 19:00:00,2025,8,14,19,Vĩnh Long,Xã An Ngãi Trung,10.0916931,106.5448581,56,Moderate,1,25.6,94,0.2,9.5,245,1006.1,100,13.9,15.3,210.0,13.3,34.0,7.4
2025-08-14 20:00:00,2025,8,14,20,Vĩnh Long,Xã An Ngãi Trung,10.0916931,106.5448581,56,Moderate,1,25.6,92,0.0,10.7,254,1006.6,100,14.4,15.9,213.0,13.5,32.0,7.5
2025-08-14 21:00:00,2025,8,14,21,Vĩnh Long,Xã An Ngãi Trung,10.0916931,106.5448581,56,Moderate,1,25.5,92,0.2,8.6,262,1007.2,100,14.7,16.1,209.0,13.7,30.0,7.7
2025-08-14 22:00:00,2025,8,14,22,Vĩnh Long,Xã An Ngãi Trung,10.0916931,106.5448581,56,Moderate,1,25.3,94,0.5,5.6,255,1007.7,100,14.8,16.1,202.0,13.8,28.0,7.7
2025-08-14 23:00:00,2025,8,14,23,Vĩnh Long,Xã An Ngãi Trung,10.0916931,106.5448581,56,Moderate,1,25.2,95,0.4,5.9,232,1007.5,100,14.7,15.8,195.0,13.6,28.0,7.6
2025-08-15 00:00:00,2025,8,15,0,Vĩnh Long,Xã An Ngãi Trung,10.0916931,106.5448581,56,Moderate,1,25.0,96,1.3,4.0,252,1007.0,100,14.0,15.1,186.0,13.2,28.0,7.3
2025-08-15 01:00:00,2025,8,15,1,Vĩnh Long,Xã An Ngãi Trung,10.0916931,106.5448581,56,Moderate,1,24.8,96,0.5,9.2,249,1006.1,100,13.0,14.0,177.0,12.8,28.0,7.1
2025-08-15 02:00:00,2025,8,15,2,Vĩnh Long,Xã An Ngãi Trung,10.0916931,106.5448581,56,Moderate,1,24.0,96,4.1,8.7,248,1006.0,100,12.3,13.2,168.0,12.7,27.0,6.9
2025-08-15 03:00:00,2025,8,15,3,Vĩnh Long,Xã An Ngãi Trung,10.0916931,106.5448581,55,Moderate,1,24.5,96,0.1,6.8,235,1005.2,100,12.2,13.1,159.0,12.7,27.0,6.7
2025-08-15 04:00:00,2025,8,15,4,Vĩnh Long,Xã An Ngãi Trung,10.0916931,106.5448581,55,Moderate,1,24.5,96,0.1,10.1,230,1005.0,100,12.5,13.3,153.0,12.3,27.0,6.3
2025-08-15 05:00:00,2025,8,15,5,Vĩnh Long,Xã An Ngãi Trung,10.0916931,106.5448581,54,Moderate,1,24.2,96,0.0,14.1,245,1005.3,100,12.3,13.0,154.0,11.1,28.0,5.5
2025-08-15 06:00:00,2025,8,15,6,Vĩnh Long,Xã An Ngãi Trung,10.0916931,106.5448581,54,Moderate,1,24.0,96,0.0,13.7,245,1005.4,100,12.2,12.7,158.0,9.5,30.0,4.6
2025-08-15 07:00:00,2025,8,15,7,Vĩnh Long,Xã An Ngãi Trung,10.0916931,106.5448581,53,Moderate,1,24.9,93,0.0,14.7,259,1005.4,100,7.8,8.3,160.0,7.9,39.0,5.0
2025-08-15 08:00:00,2025,8,15,8,Vĩnh Long,Xã An Ngãi Trung,10.0916931,106.5448581,52,Moderate,1,26.3,89,0.0,15.7,253,1006.2,100,8.3,8.7,157.0,6.9,44.0,5.0
2025-08-15 09:00:00,2025,8,15,9,Vĩnh Long,Xã An Ngãi Trung,10.0916931,106.5448581,51,Moderate,1,27.9,81,0.0,18.1,247,1006.4,100,11.5,11.9,153.0,5.5,51.0,4.9
2025-08-15 10:00:00,2025,8,15,10,Vĩnh Long,Xã An Ngãi Trung,10.0916931,106.5448581,50,Good,0,28.6,79,0.2,14.5,251,1006.2,100,11.1,11.5,149.0,4.3,58.0,4.7
2025-08-15 11:00:00,2025,8,15,11,Vĩnh Long,Xã An Ngãi Trung,10.0916931,106.5448581,50,Good,0,27.0,83,5.2,17.6,262,1006.3,100,10.4,10.8,148.0,3.3,65.0,4.0
2025-08-15 12:00:00,2025,8,15,12,Vĩnh Long,Xã An Ngãi Trung,10.0916931,106.5448581,50,Good,0,27.1,87,2.8,10.0,284,1005.3,100,12.0,12.4,148.0,2.5,71.0,3.1
2025-08-15 13:00:00,2025,8,15,13,Vĩnh Long,Xã An Ngãi Trung,10.0916931,106.5448581,50,Good,0,26.9,84,3.0,14.8,261,1005.0,100,12.6,13.1,149.0,2.3,74.0,2.9
2025-08-15 14:00:00,2025,8,15,14,Vĩnh Long,Xã An Ngãi Trung,10.0916931,106.5448581,51,Moderate,1,26.6,89,0.1,10.2,262,1003.9,100,11.7,12.0,151.0,3.0,71.0,3.8
2025-08-15 15:00:00,2025,8,15,15,Vĩnh Long,Xã An Ngãi Trung,10.0916931,106.5448581,51,Moderate,1,26.7,86,3.1,16.9,263,1004.1,100,9.4,9.8,153.0,4.4,65.0,5.3
2025-08-15 16:00:00,2025,8,15,16,Vĩnh Long,Xã An Ngãi Trung,10.0916931,106.5448581,51,Moderate,1,26.0,91,0.6,12.1,260,1003.9,100,8.7,9.3,161.0,6.0,58.0,6.6
2025-08-15 17:00:00,2025,8,15,17,Vĩnh Long,Xã An Ngãi Trung,10.0916931,106.5448581,50,Good,0,25.8,93,0.6,14.3,251,1004.0,100,9.2,9.9,177.0,8.1,52.0,7.3
2025-08-15 18:00:00,2025,8,15,18,Vĩnh Long,Xã An Ngãi Trung,10.0916931,106.5448581,50,Good,0,25.6,93,0.2,14.3,245,1004.4,100,10.5,11.4,198.0,10.4,46.0,7.8
2025-08-15 19:00:00,2025,8,15,19,Vĩnh Long,Xã An Ngãi Trung,10.0916931,106.5448581,49,Good,0,25.2,94,0.0,9.2,258,1004.8,100,10.3,10.9,215.0,12.0,40.0,8.1
2025-08-15 20:00:00,2025,8,15,20,Vĩnh Long,Xã An Ngãi Trung,10.0916931,106.5448581,49,Good,0,25.7,91,0.0,11.9,248,1005.5,100,11.8,12.4,227.0,13.3,36.0,8.6
2025-08-15 21:00:00,2025,8,15,21,Vĩnh Long,Xã An Ngãi Trung,10.0916931,106.5448581,48,Good,0,25.5,92,0.0,11.5,256,1006.6,100,13.6,14.2,234.0,15.2,30.0,9.3
2025-08-15 22:00:00,2025,8,15,22,Vĩnh Long,Xã An Ngãi Trung,10.0916931,106.5448581,48,Good,0,25.3,93,0.0,11.1,253,1006.8,100,14.8,15.3,229.0,16.5,26.0,9.6
2025-08-15 23:00:00,2025,8,15,23,Vĩnh Long,Xã An Ngãi Trung,10.0916931,106.5448581,48,Good,0,25.2,93,0.1,10.9,254,1006.7,100,14.6,15.2,202.0,17.0,24.0,9.5
2025-08-16 00:00:00,2025,8,16,0,Vĩnh Long,Xã An Ngãi Trung,10.0916931,106.5448581,48,Good,0,25.0,94,0.1,9.6,244,1006.3,100,14.6,15.1,162.0,17.0,23.0,9.1
2025-08-16 01:00:00,2025,8,16,1,Vĩnh Long,Xã An Ngãi Trung,10.0916931,106.5448581,48,Good,0,24.9,94,0.1,10.5,243,1005.5,100,14.4,14.9,133.0,16.1,24.0,8.3
2025-08-16 02:00:00,2025,8,16,2,Vĩnh Long,Xã An Ngãi Trung,10.0916931,106.5448581,48,Good,0,24.9,95,0.1,11.1,247,1005.0,100,13.7,14.1,124.0,13.7,28.0,6.7
2025-08-16 03:00:00,2025,8,16,3,Vĩnh Long,Xã An Ngãi Trung,10.0916931,106.5448581,49,Good,0,24.8,95,0.1,14.9,248,1004.9,100,11.3,11.7,126.0,10.4,33.0,4.8
2025-08-16 04:00:00,2025,8,16,4,Vĩnh Long,Xã An Ngãi Trung,10.0916931,106.5448581,48,Good,0,23.6,95,0.8,14.5,256,1004.8,100,7.7,7.8,131.0,8.2,37.0,3.5
2025-08-16 05:00:00,2025,8,16,5,Vĩnh Long,Xã An Ngãi Trung,10.0916931,106.5448581,48,Good,0,23.5,96,0.4,12.4,249,1005.5,100,6.4,6.5,139.0,7.9,37.0,3.6
2025-08-16 06:00:00,2025,8,16,6,Vĩnh Long,Xã An Ngãi Trung,10.0916931,106.5448581,47,Good,0,23.5,96,0.8,10.5,257,1005.7,100,6.5,6.5,150.0,8.7,35.0,4.4
2025-08-16 07:00:00,2025,8,16,7,Vĩnh Long,Xã An Ngãi Trung,10.0916931,106.5448581,46,Good,0,23.8,95,0.3,14.6,270,1006.1,100,6.9,6.9,160.0,9.7,35.0,5.1
2025-08-16 08:00:00,2025,8,16,8,Vĩnh Long,Xã An Ngãi Trung,10.0916931,106.5448581,45,Good,0,25.5,91,0.1,13.3,261,1007.0,100,9.7,9.8,168.0,9.3,38.0,5.9
2025-08-16 09:00:00,2025,8,16,9,Vĩnh Long,Xã An Ngãi Trung,10.0916931,106.5448581,46,Good,0,26.1,89,0.2,17.3,256,1007.2,100,11.4,11.4,175.0,8.6,43.0,6.9
2025-08-16 10:00:00,2025,8,16,10,Vĩnh Long,Xã An Ngãi Trung,10.0916931,106.5448581,46,Good,0,27.2,85,0.1,17.0,249,1007.2,100,10.6,10.6,177.0,7.8,48.0,7.6
2025-08-16 11:00:00,2025,8,16,11,Vĩnh Long,Xã An Ngãi Trung,10.0916931,106.5448581,46,Good,0,27.0,83,1.3,22.5,250,1007.1,100,12.9,13.1,171.0,6.6,55.0,7.5
2025-08-16 12:00:00,2025,8,16,12,Vĩnh Long,Xã An Ngãi Trung,10.0916931,106.5448581,46,Good,0,25.6,92,1.6,14.4,242,1006.5,99,12.4,12.8,160.0,5.3,62.0,7.1
2025-08-16 13:00:00,2025,8,16,13,Vĩnh Long,Xã An Ngãi Trung,10.0916931,106.5448581,46,Good,0,25.4,93,2.2,19.0,253,1005.8,100,10.7,11.1,153.0,4.5,66.0,6.7
2025-08-16 14:00:00,2025,8,16,14,Vĩnh Long,Xã An Ngãi Trung,10.0916931,106.5448581,46,Good,0,25.2,95,1.7,17.0,250,1005.5,100,10.1,10.5,152.0,4.6,65.0,6.4
2025-08-16 15:00:00,2025,8,16,15,Vĩnh Long,Xã An Ngãi Trung,10.0916931,106.5448581,46,Good,0,24.5,93,1.8,18.3,246,1005.3,100,9.6,9.9,155.0,5.3,60.0,6.0
2025-08-16 16:00:00,2025,8,16,16,Vĩnh Long,Xã An Ngãi Trung,10.0916931,106.5448581,46,Good,0,24.7,94,1.6,17.6,252,1004.9,100,8.7,9.0,161.0,6.4,55.0,5.9
2025-08-16 17:00:00,2025,8,16,17,Vĩnh Long,Xã An Ngãi Trung,10.0916931,106.5448581,46,Good,0,24.5,94,1.0,16.5,257,1005.0,100,8.9,9.1,172.0,8.2,49.0,6.2
2025-08-16 18:00:00,2025,8,16,18,Vĩnh Long,Xã An Ngãi Trung,10.0916931,106.5448581,46,Good,0,24.4,95,0.8,12.6,251,1005.8,100,9.3,9.5,186.0,10.3,42.0,6.7
2025-08-16 19:00:00,2025,8,16,19,Vĩnh Long,Xã An Ngãi Trung,10.0916931,106.5448581,45,Good,0,24.2,96,1.5,11.1,250,1006.6,100,12.1,13.1,197.0,12.5,37.0,7.2
2025-08-16 20:00:00,2025,8,16,20,Vĩnh Long,Xã An Ngãi Trung,10.0916931,106.5448581,46,Good,0,24.9,93,0.1,13.0,242,1007.2,98,12.9,13.8,203.0,12.9,35.0,7.4
2025-08-16 21:00:00,2025,8,16,21,Vĩnh Long,Xã An Ngãi Trung,10.0916931,106.5448581,46,Good,0,24.5,94,0.2,12.5,245,1007.4,100,13.9,14.8,207.0,13.5,32.0,7.6
2025-08-16 22:00:00,2025,8,16,22,Vĩnh Long,Xã An Ngãi Trung,10.0916931,106.5448581,46,Good,0,24.2,94,0.1,11.3,250,1007.8,100,14.6,15.5,208.0,14.1,29.0,7.8
2025-08-16 23:00:00,2025,8,16,23,Vĩnh Long,Xã An Ngãi Trung,10.0916931,106.5448581,46,Good,0,24.1,94,0.0,11.7,255,1007.8,100,15.5,16.4,207.0,14.9,27.0,8.0
2025-08-17 00:00:00,2025,8,17,0,Vĩnh Long,Xã An Ngãi Trung,10.0916931,106.5448581,46,Good,0,24.1,94,0.0,12.2,261,1007.3,100,16.2,17.1,205.0,15.8,24.0,8.1
2025-08-17 01:00:00,2025,8,17,1,Vĩnh Long,Xã An Ngãi Trung,10.0916931,106.5448581,46,Good,0,24.0,94,0.0,12.1,259,1006.9,100,16.8,17.9,199.0,16.3,23.0,8.1
2025-08-17 02:00:00,2025,8,17,2,Vĩnh Long,Xã An Ngãi Trung,10.0916931,106.5448581,47,Good,0,24.1,95,0.0,12.1,268,1006.2,100,17.2,18.2,188.0,16.3,23.0,8.0
2025-08-17 03:00:00,2025,8,17,3,Vĩnh Long,Xã An Ngãi Trung,10.0916931,106.5448581,47,Good,0,24.2,95,0.0,11.8,263,1006.1,100,16.4,17.4,173.0,15.8,24.0,7.7
2025-08-17 04:00:00,2025,8,17,4,Vĩnh Long,Xã An Ngãi Trung,10.0916931,106.5448581,48,Good,0,24.2,95,0.0,11.3,260,1006.5,100,15.4,16.4,165.0,15.0,25.0,7.5
2025-08-17 05:00:00,2025,8,17,5,Vĩnh Long,Xã An Ngãi Trung,10.0916931,106.5448581,49,Good,0,24.3,94,0.0,11.0,265,1007.0,100,14.7,15.5,168.0,13.7,27.0,7.3
2025-08-17 06:00:00,2025,8,17,6,Vĩnh Long,Xã An Ngãi Trung,10.0916931,106.5448581,50,Good,0,24.4,95,0.0,10.6,259,1007.3,100,13.9,14.6,177.0,12.0,29.0,7.0
2025-08-17 07:00:00,2025,8,17,7,Vĩnh Long,Xã An Ngãi Trung,10.0916931,106.5448581,51,Moderate,1,25.0,94,0.1,12.3,258,1008.0,100,17.5,18.6,183.0,11.9,27.0,8.0
2025-08-17 08:00:00,2025,8,17,8,Vĩnh Long,Xã An Ngãi Trung,10.0916931,106.5448581,52,Moderate,1,26.0,90,0.0,11.2,249,1008.7,100,13.1,14.0,181.0,9.6,38.0,7.8
2025-08-17 09:00:00,2025,8,17,9,Vĩnh Long,Xã An Ngãi Trung,10.0916931,106.5448581,52,Moderate,1,27.0,86,0.0,15.9,254,1008.9,100,10.4,11.6,175.0,6.3,53.0,7.6
2025-08-17 10:00:00,2025,8,17,10,Vĩnh Long,Xã An Ngãi Trung,10.0916931,106.5448581,52,Moderate,1,28.9,78,0.1,17.0,257,1008.4,91,9.6,10.7,172.0,3.8,66.0,7.3
2025-08-17 11:00:00,2025,8,17,11,Vĩnh Long,Xã An Ngãi Trung,10.0916931,106.5448581,52,Moderate,1,30.0,73,0.1,17.3,270,1007.9,61,9.6,10.4,173.0,2.6,74.0,6.8
2025-08-17 12:00:00,2025,8,17,12,Vĩnh Long,Xã An Ngãi Trung,10.0916931,106.5448581,52,Moderate,1,25.8,93,9.4,18.2,256,1008.5,100,9.8,10.4,175.0,2.2,79.0,6.2
2025-08-17 13:00:00,2025,8,17,13,Vĩnh Long,Xã An Ngãi Trung,10.0916931,106.5448581,52,Moderate,1,25.9,92,1.8,15.6,246,1007.6,100,9.7,10.0,178.0,2.4,80.0,5.9
2025-08-17 14:00:00,2025,8,17,14,Vĩnh Long,Xã An Ngãi Trung,10.0916931,106.5448581,52,Moderate,1,26.6,87,0.5,16.1,250,1007.1,100,10.7,11.0,179.0,3.3,77.0,6.1
2025-08-17 15:00:00,2025,8,17,15,Vĩnh Long,Xã An Ngãi Trung,10.0916931,106.5448581,52,Moderate,1,26.2,90,0.4,13.1,257,1007.1,100,12.2,12.4,180.0,4.8,70.0,6.7
2025-08-17 16:00:00,2025,8,17,16,Vĩnh Long,Xã An Ngãi Trung,10.0916931,106.5448581,52,Moderate,1,26.5,90,0.2,12.9,249,1007.0,100,14.3,14.4,184.0,6.9,62.0,7.4
2025-08-17 17:00:00,2025,8,17,17,Vĩnh Long,Xã An Ngãi Trung,10.0916931,106.5448581,52,Moderate,1,26.0,91,0.1,12.6,242,1007.8,100,15.7,15.8,196.0,9.9,54.0,8.2
2025-08-17 18:00:00,2025,8,17,18,Vĩnh Long,Xã An Ngãi Trung,10.0916931,106.5448581,53,Moderate,1,25.6,91,0.0,9.9,232,1008.2,100,16.3,16.4,211.0,13.5,45.0,9.1
2025-08-17 19:00:00,2025,8,17,19,Vĩnh Long,Xã An Ngãi Trung,10.0916931,106.5448581,54,Moderate,1,25.0,93,0.0,8.9,236,1008.7,100,16.4,17.1,223.0,16.1,31.0,8.9
2025-08-17 20:00:00,2025,8,17,20,Vĩnh Long,Xã An Ngãi Trung,10.0916931,106.5448581,54,Moderate,1,25.2,93,0.0,9.4,239,1009.7,100,19.2,20.0,228.0,17.7,27.0,9.5
2025-08-17 21:00:00,2025,8,17,21,Vĩnh Long,Xã An Ngãi Trung,10.0916931,106.5448581,55,Moderate,1,25.1,93,0.0,11.4,229,1010.6,100,21.3,22.4,230.0,19.8,22.0,10.2
2025-08-17 22:00:00,2025,8,17,22,Vĩnh Long,Xã An Ngãi Trung,10.0916931,106.5448581,55,Moderate,1,24.9,93,0.0,9.1,245,1010.9,100,22.9,24.0,229.0,21.1,19.0,10.5
2025-08-17 23:00:00,2025,8,17,23,Vĩnh Long,Xã An Ngãi Trung,10.0916931,106.5448581,56,Moderate,1,24.5,94,0.0,9.4,247,1010.7,100,24.2,25.3,225.0,21.0,18.0,9.9
2025-08-18 00:00:00,2025,8,18,0,Vĩnh Long,Xã An Ngãi Trung,10.0916931,106.5448581,57,Moderate,1,24.4,95,0.0,8.3,254,1009.9,100,23.5,24.6,218.0,20.1,19.0,8.8
2025-08-18 01:00:00,2025,8,18,1,Vĩnh Long,Xã An Ngãi Trung,10.0916931,106.5448581,57,Moderate,1,24.3,95,0.0,7.6,252,1009.2,100,21.7,22.8,212.0,18.9,20.0,7.8
2025-08-18 02:00:00,2025,8,18,2,Vĩnh Long,Xã An Ngãi Trung,10.0916931,106.5448581,58,Moderate,1,24.0,96,0.0,6.7,246,1008.8,100,20.3,21.4,206.0,17.5,22.0,7.0
2025-08-18 03:00:00,2025,8,18,3,Vĩnh Long,Xã An Ngãi Trung,10.0916931,106.5448581,58,Moderate,1,23.9,96,0.0,7.2,248,1008.6,100,19.0,20.2,200.0,15.8,24.0,6.4
2025-08-18 04:00:00,2025,8,18,4,Vĩnh Long,Xã An Ngãi Trung,10.0916931,106.5448581,58,Moderate,1,23.9,95,0.0,8.6,255,1008.7,93,18.3,19.5,199.0,14.5,26.0,6.0
2025-08-18 05:00:00,2025,8,18,5,Vĩnh Long,Xã An Ngãi Trung,10.0916931,106.5448581,59,Moderate,1,23.5,96,0.0,6.9,256,1008.8,94,18.2,19.6,209.0,14.2,25.0,6.0
2025-08-18 06:00:00,2025,8,18,6,Vĩnh Long,Xã An Ngãi Trung,10.0916931,106.5448581,59,Moderate,1,23.5,96,0.0,7.9,246,1008.8,100,18.7,20.3,224.0,14.3,22.0,6.4
2025-08-18 07:00:00,2025,8,18,7,Vĩnh Long,Xã An Ngãi Trung,10.0916931,106.5448581,59,Moderate,1,24.8,94,0.0,7.5,237,1009.7,100,20.8,21.8,230.0,12.3,26.0,8.5
2025-08-18 08:00:00,2025,8,18,8,Vĩnh Long,Xã An Ngãi Trung,10.0916931,106.5448581,60,Moderate,1,26.3,88,0.0,5.7,215,1010.8,100,18.1,19.7,220.0,9.8,38.0,8.3
2025-08-18 09:00:00,2025,8,18,9,Vĩnh Long,Xã An Ngãi Trung,10.0916931,106.5448581,60,Moderate,1,27.9,82,0.0,8.8,226,1010.8,100,14.2,16.1,201.0,6.2,56.0,7.9
2025-08-18 10:00:00,2025,8,18,10,Vĩnh Long,Xã An Ngãi Trung,10.0916931,106.5448581,60,Moderate,1,29.5,74,0.0,11.7,243,1010.7,100,12.4,13.9,184.0,3.5,71.0,7.5
2025-08-18 11:00:00,2025,8,18,11,Vĩnh Long,Xã An Ngãi Trung,10.0916931,106.5448581,61,Moderate,1,30.4,66,0.0,15.9,261,1010.3,99,12.8,14.3,172.0,2.2,82.0,7.1
2025-08-18 12:00:00,2025,8,18,12,Vĩnh Long,Xã An Ngãi Trung,10.0916931,106.5448581,61,Moderate,1,30.5,66,0.0,17.0,254,1009.6,99,13.6,15.1,162.0,1.7,92.0,6.6
2025-08-18 13:00:00,2025,8,18,13,Vĩnh Long,Xã An Ngãi Trung,10.0916931,106.5448581,61,Moderate,1,31.0,66,0.0,15.6,255,1008.9,99,14.1,15.5,157.0,1.7,96.0,6.2
2025-08-18 14:00:00,2025,8,18,14,Vĩnh Long,Xã An Ngãi Trung,10.0916931,106.5448581,62,Moderate,1,30.9,67,0.1,13.5,261,1008.0,100,13.9,15.3,159.0,1.8,94.0,5.7
2025-08-18 15:00:00,2025,8,18,15,Vĩnh Long,Xã An Ngãi Trung,10.0916931,106.5448581,62,Moderate,1,30.8,66,0.1,20.8,256,1007.6,100,13.7,15.1,167.0,2.4,87.0,5.2
2025-08-18 16:00:00,2025,8,18,16,Vĩnh Long,Xã An Ngãi Trung,10.0916931,106.5448581,62,Moderate,1,27.8,82,0.2,12.5,234,1007.9,78,14.1,15.1,181.0,4.2,79.0,5.4
2025-08-18 17:00:00,2025,8,18,17,Vĩnh Long,Xã An Ngãi Trung,10.0916931,106.5448581,62,Moderate,1,27.4,83,0.0,5.6,220,1008.2,91,15.9,16.8,208.0,8.4,69.0,6.7
2025-08-18 18:00:00,2025,8,18,18,Vĩnh Long,Xã An Ngãi Trung,10.0916931,106.5448581,62,Moderate,1,26.6,88,0.0,4.2,205,1008.7,21,20.3,21.0,241.0,13.8,58.0,8.7
2025-08-18 19:00:00,2025,8,18,19,Vĩnh Long,Xã An Ngãi Trung,10.0916931,106.5448581,62,Moderate,1,25.9,93,0.0,4.8,191,1009.3,73,23.7,24.9,267.0,15.9,50.0,9.0
2025-08-18 20:00:00,2025,8,18,20,Vĩnh Long,Xã An Ngãi Trung,10.0916931,106.5448581,63,Moderate,1,25.6,94,0.0,7.7,198,1009.8,11,25.5,26.5,279.0,16.5,46.0,9.1
2025-08-18 21:00:00,2025,8,18,21,Vĩnh Long,Xã An Ngãi Trung,10.0916931,106.5448581,64,Moderate,1,25.3,94,0.0,6.4,207,1010.3,64,26.4,27.5,283.0,17.4,40.0,9.2
2025-08-18 22:00:00,2025,8,18,22,Vĩnh Long,Xã An Ngãi Trung,10.0916931,106.5448581,64,Moderate,1,25.0,94,0.0,6.8,217,1010.5,39,27.1,28.3,281.0,17.8,36.0,9.0
2025-08-18 23:00:00,2025,8,18,23,Vĩnh Long,Xã An Ngãi Trung,10.0916931,106.5448581,64,Moderate,1,25.0,93,0.0,8.8,208,1010.5,51,26.9,28.1,272.0,17.5,34.0,8.3
2025-08-19 00:00:00,2025,8,19,0,Vĩnh Long,Xã An Ngãi Trung,10.0916931,106.5448581,65,Moderate,1,25.0,93,0.0,8.4,222,1010.7,64,26.0,27.1,258.0,16.8,34.0,7.3
2025-08-19 01:00:00,2025,8,19,1,Vĩnh Long,Xã An Ngãi Trung,10.0916931,106.5448581,65,Moderate,1,24.9,92,0.0,9.5,226,1010.3,76,24.9,26.1,246.0,16.1,34.0,6.5
2025-08-19 02:00:00,2025,8,19,2,Vĩnh Long,Xã An Ngãi Trung,10.0916931,106.5448581,65,Moderate,1,25.0,91,0.0,9.5,224,1009.7,96,23.6,24.7,237.0,15.4,35.0,6.0
2025-08-19 03:00:00,2025,8,19,3,Vĩnh Long,Xã An Ngãi Trung,10.0916931,106.5448581,65,Moderate,1,24.9,92,0.0,8.8,223,1009.4,98,22.6,23.7,230.0,14.7,36.0,5.7
2025-08-19 04:00:00,2025,8,19,4,Vĩnh Long,Xã An Ngãi Trung,10.0916931,106.5448581,66,Moderate,1,24.6,94,0.0,8.3,226,1009.5,96,22.4,23.4,228.0,13.9,38.0,5.6
2025-08-19 05:00:00,2025,8,19,5,Vĩnh Long,Xã An Ngãi Trung,10.0916931,106.5448581,66,Moderate,1,24.4,95,0.0,7.9,237,1009.8,100,22.4,23.5,237.0,13.4,39.0,5.9
2025-08-19 06:00:00,2025,8,19,6,Vĩnh Long,Xã An Ngãi Trung,10.0916931,106.5448581,66,Moderate,1,24.4,95,0.0,7.1,236,1010.0,100,22.9,23.9,252.0,12.9,39.0,6.3
2025-08-19 07:00:00,2025,8,19,7,Vĩnh Long,Xã An Ngãi Trung,10.0916931,106.5448581,67,Moderate,1,25.8,93,0.0,7.3,239,1010.6,100,30.3,31.2,257.0,12.5,38.0,6.9
2025-08-19 08:00:00,2025,8,19,8,Vĩnh Long,Xã An Ngãi Trung,10.0916931,106.5448581,68,Moderate,1,28.1,86,0.0,6.7,243,1011.0,21,22.8,24.2,244.0,9.7,54.0,6.7
2025-08-19 09:00:00,2025,8,19,9,Vĩnh Long,Xã An Ngãi Trung,10.0916931,106.5448581,68,Moderate,1,29.7,75,0.0,9.2,242,1011.1,18,19.4,21.0,222.0,5.9,76.0,6.4
2025-08-19 10:00:00,2025,8,19,10,Vĩnh Long,Xã An Ngãi Trung,10.0916931,106.5448581,69,Moderate,1,30.9,66,0.0,9.7,243,1011.0,8,18.9,20.7,203.0,3.0,93.0,6.0
2025-08-19 11:00:00,2025,8,19,11,Vĩnh Long,Xã An Ngãi Trung,10.0916931,106.5448581,69,Moderate,1,31.6,60,0.0,9.4,250,1010.2,12,18.5,20.3,190.0,1.9,99.0,5.5
2025-08-19 12:00:00,2025,8,19,12,Vĩnh Long,Xã An Ngãi Trung,10.0916931,106.5448581,70,Moderate,1,32.0,57,0.0,10.4,256,1009.3,13,18.2,20.0,180.0,1.6,100.0,4.9
2025-08-19 13:00:00,2025,8,19,13,Vĩnh Long,Xã An Ngãi Trung,10.0916931,106.5448581,70,Moderate,1,32.0,55,0.6,11.1,262,1008.3,39,17.8,19.5,177.0,1.8,99.0,4.6
2025-08-19 14:00:00,2025,8,19,14,Vĩnh Long,Xã An Ngãi Trung,10.0916931,106.5448581,70,Moderate,1,30.9,63,1.1,13.2,259,1007.6,59,19.3,21.1,181.0,1.9,99.0,4.7
2025-08-19 15:00:00,2025,8,19,15,Vĩnh Long,Xã An Ngãi Trung,10.0916931,106.5448581,71,Moderate,1,30.0,70,0.2,13.0,251,1007.7,58,17.8,19.1,192.0,2.4,97.0,5.2
2025-08-19 16:00:00,2025,8,19,16,Vĩnh Long,Xã An Ngãi Trung,10.0916931,106.5448581,71,Moderate,1,29.3,74,0.3,9.1,260,1007.3,19,19.4,20.5,212.0,4.2,93.0,6.0
2025-08-19 17:00:00,2025,8,19,17,Vĩnh Long,Xã An Ngãi Trung,10.0916931,106.5448581,72,Moderate,1,29.0,76,0.0,7.9,258,1007.7,18,21.0,21.9,251.0,8.1,84.0,7.3
2025-08-19 18:00:00,2025,8,19,18,Vĩnh Long,Xã An Ngãi Trung,10.0916931,106.5448581,72,Moderate,1,27.9,85,0.0,3.8,287,1008.2,20,23.7,24.6,300.0,13.4,72.0,9.1
2025-08-19 19:00:00,2025,8,19,19,Vĩnh Long,Xã An Ngãi Trung,10.0916931,106.5448581,72,Moderate,1,27.0,88,0.0,3.2,227,1008.7,21,31.1,32.5,334.0,17.9,61.0,11.3
2025-08-19 20:00:00,2025,8,19,20,Vĩnh Long,Xã An Ngãi Trung,10.0916931,106.5448581,73,Moderate,1,26.9,87,0.0,6.4,212,1009.4,2,37.3,38.3,339.0,22.0,54.0,13.7
2025-08-19 21:00:00,2025,8,19,21,Vĩnh Long,Xã An Ngãi Trung,10.0916931,106.5448581,74,Moderate,1,26.3,89,0.0,6.2,210,1009.7,1,42.0,43.3,329.0,27.5,44.0,17.0
2025-08-19 22:00:00,2025,8,19,22,Vĩnh Long,Xã An Ngãi Trung,10.0916931,106.5448581,76,Moderate,1,25.9,91,0.0,6.5,224,1010.3,3,48.0,49.8,320.0,31.2,35.0,18.9
2025-08-19 23:00:00,2025,8,19,23,Vĩnh Long,Xã An Ngãi Trung,10.0916931,106.5448581,77,Moderate,1,25.6,91,0.0,7.1,223,1010.2,79,51.0,53.1,318.0,31.2,30.0,18.1
2025-08-20 00:00:00,2025,8,20,0,Vĩnh Long,Xã An Ngãi Trung,10.0916931,106.5448581,80,Moderate,1,25.4,91,0.0,6.0,224,1009.9,11,47.6,49.6,316.0,29.3,27.0,15.9
2025-08-20 01:00:00,2025,8,20,1,Vĩnh Long,Xã An Ngãi Trung,10.0916931,106.5448581,81,Moderate,1,25.2,91,0.0,7.1,227,1009.6,60,42.7,44.6,312.0,27.6,24.0,13.9
2025-08-20 02:00:00,2025,8,20,2,Vĩnh Long,Xã An Ngãi Trung,10.0916931,106.5448581,83,Moderate,1,25.0,93,0.0,6.2,232,1009.1,10,39.0,41.2,302.0,27.1,20.0,12.5
2025-08-20 03:00:00,2025,8,20,3,Vĩnh Long,Xã An Ngãi Trung,10.0916931,106.5448581,84,Moderate,1,24.9,94,0.0,6.3,233,1008.6,11,37.8,40.6,290.0,26.8,17.0,11.4
2025-08-20 04:00:00,2025,8,20,4,Vĩnh Long,Xã An Ngãi Trung,10.0916931,106.5448581,86,Moderate,1,24.7,95,0.0,5.8,231,1008.6,39,38.5,41.2,282.0,25.7,16.0,10.5
2025-08-20 05:00:00,2025,8,20,5,Vĩnh Long,Xã An Ngãi Trung,10.0916931,106.5448581,87,Moderate,1,24.6,95,0.0,5.6,230,1008.8,87,37.5,39.9,286.0,23.4,17.0,10.1
2025-08-20 06:00:00,2025,8,20,6,Vĩnh Long,Xã An Ngãi Trung,10.0916931,106.5448581,89,Moderate,1,24.6,95,0.0,5.4,236,1009.1,94,36.8,39.1,294.0,20.3,20.0,9.9
2025-08-20 07:00:00,2025,8,20,7,Vĩnh Long,Xã An Ngãi Trung,10.0916931,106.5448581,90,Moderate,1,26.1,91,0.0,5.9,225,1009.7,95,37.3,40.4,290.0,15.7,27.0,8.9
2025-08-20 08:00:00,2025,8,20,8,Vĩnh Long,Xã An Ngãi Trung,10.0916931,106.5448581,90,Moderate,1,28.5,83,0.0,7.3,253,1009.7,94,30.4,34.8,263.0,12.3,42.0,9.0
2025-08-20 09:00:00,2025,8,20,9,Vĩnh Long,Xã An Ngãi Trung,10.0916931,106.5448581,91,Moderate,1,29.5,77,0.1,9.9,260,1009.8,76,24.2,30.0,224.0,7.6,63.0,9.1
2025-08-20 10:00:00,2025,8,20,10,Vĩnh Long,Xã An Ngãi Trung,10.0916931,106.5448581,91,Moderate,1,30.6,71,0.1,8.9,264,1009.7,97,21.7,29.0,193.0,4.0,81.0,9.1
2025-08-20 11:00:00,2025,8,20,11,Vĩnh Long,Xã An Ngãi Trung,10.0916931,106.5448581,92,Moderate,1,31.5,66,0.0,8.0,275,1009.4,98,20.7,28.4,179.0,2.4,93.0,8.8
2025-08-20 12:00:00,2025,8,20,12,Vĩnh Long,Xã An Ngãi Trung,10.0916931,106.5448581,92,Moderate,1,32.0,65,0.0,7.6,278,1008.6,100,20.0,26.9,174.0,1.8,102.0,8.3
2025-08-20 13:00:00,2025,8,20,13,Vĩnh Long,Xã An Ngãi Trung,10.0916931,106.5448581,92,Moderate,1,32.5,62,0.0,7.7,269,1007.4,92,19.3,24.4,173.0,1.7,106.0,7.9
2025-08-20 14:00:00,2025,8,20,14,Vĩnh Long,Xã An Ngãi Trung,10.0916931,106.5448581,92,Moderate,1,31.2,66,0.0,3.9,208,1006.9,100,19.2,23.2,172.0,1.9,103.0,7.5
2025-08-20 15:00:00,2025,8,20,15,Vĩnh Long,Xã An Ngãi Trung,10.0916931,106.5448581,92,Moderate,1,28.0,82,3.5,3.3,99,1007.1,98,19.3,22.4,175.0,2.6,96.0,7.1
2025-08-20 16:00:00,2025,8,20,16,Vĩnh Long,Xã An Ngãi Trung,10.0916931,106.5448581,92,Moderate,1,28.0,80,0.0,2.4,253,1006.8,75,20.0,22.8,185.0,4.0,87.0,6.9
2025-08-20 17:00:00,2025,8,20,17,Vĩnh Long,Xã An Ngãi Trung,10.0916931,106.5448581,92,Moderate,1,28.4,80,0.0,4.8,205,1006.9,54,20.4,23.0,207.0,6.6,77.0,6.9
2025-08-20 18:00:00,2025,8,20,18,Vĩnh Long,Xã An Ngãi Trung,10.0916931,106.5448581,92,Moderate,1,26.3,90,2.4,7.4,313,1008.0,71,22.0,24.0,237.0,9.8,66.0,7.0
2025-08-20 19:00:00,2025,8,20,19,Vĩnh Long,Xã An Ngãi Trung,10.0916931,106.5448581,92,Moderate,1,25.3,95,0.8,5.9,340,1008.5,58,29.9,33.5,263.0,15.5,54.0,10.2
2025-08-20 20:00:00,2025,8,20,20,Vĩnh Long,Xã An Ngãi Trung,10.0916931,106.5448581,92,Moderate,1,24.3,95,5.8,8.0,322,1009.6,100,32.7,35.9,284.0,17.9,47.0,10.8
2025-08-20 21:00:00,2025,8,20,21,Vĩnh Long,Xã An Ngãi Trung,10.0916931,106.5448581,92,Moderate,1,24.5,96,0.4,6.0,353,1009.7,100,36.3,40.0,302.0,21.2,36.0,11.6
2025-08-20 22:00:00,2025,8,20,22,Vĩnh Long,Xã An Ngãi Trung,10.0916931,106.5448581,91,Moderate,1,24.5,96,0.0,2.3,203,1010.1,100,41.7,44.4,307.0,24.0,27.0,11.9
2025-08-20 23:00:00,2025,8,20,23,Vĩnh Long,Xã An Ngãi Trung,10.0916931,106.5448581,91,Moderate,1,24.7,96,0.0,1.2,129,1010.4,100,46.2,49.1,292.0,25.9,20.0,11.1
2025-08-21 00:00:00,2025,8,21,0,Vĩnh Long,Xã An Ngãi Trung,10.0916931,106.5448581,90,Moderate,1,24.5,95,0.0,10.2,60,1010.5,100,47.3,49.4,264.0,27.3,15.0,9.8
2025-08-21 01:00:00,2025,8,21,1,Vĩnh Long,Xã An Ngãi Trung,10.0916931,106.5448581,90,Moderate,1,24.2,96,0.5,5.0,71,1009.9,100,49.6,51.7,240.0,27.7,13.0,8.5
2025-08-21 02:00:00,2025,8,21,2,Vĩnh Long,Xã An Ngãi Trung,10.0916931,106.5448581,91,Moderate,1,24.0,97,0.5,5.2,94,1009.2,100,52.2,54.5,222.0,26.9,15.0,7.4
2025-08-21 03:00:00,2025,8,21,3,Vĩnh Long,Xã An Ngãi Trung,10.0916931,106.5448581,92,Moderate,1,23.7,98,6.1,9.9,122,1008.9,100,54.4,57.0,208.0,25.2,19.0,6.3
2025-08-21 04:00:00,2025,8,21,4,Vĩnh Long,Xã An Ngãi Trung,10.0916931,106.5448581,93,Moderate,1,24.0,95,4.5,6.6,137,1009.3,100,46.8,49.7,200.0,23.0,24.0,5.7
2025-08-21 05:00:00,2025,8,21,5,Vĩnh Long,Xã An Ngãi Trung,10.0916931,106.5448581,94,Moderate,1,24.2,93,6.4,2.4,193,1009.8,100,38.4,40.7,202.0,20.4,28.0,6.0
2025-08-21 06:00:00,2025,8,21,6,Vĩnh Long,Xã An Ngãi Trung,10.0916931,106.5448581,94,Moderate,1,23.9,95,5.1,3.4,288,1010.2,100,30.3,32.5,210.0,17.3,32.0,6.8
2025-08-21 07:00:00,2025,8,21,7,Vĩnh Long,Xã An Ngãi Trung,10.0916931,106.5448581,94,Moderate,1,24.0,94,5.6,1.1,342,1010.7,100,34.6,36.4,221.0,17.4,30.0,7.3
2025-08-21 08:00:00,2025,8,21,8,Vĩnh Long,Xã An Ngãi Trung,10.0916931,106.5448581,93,Moderate,1,25.0,95,3.9,6.1,66,1011.4,100,30.0,31.9,236.0,15.7,37.0,7.4
2025-08-21 09:00:00,2025,8,21,9,Vĩnh Long,Xã An Ngãi Trung,10.0916931,106.5448581,93,Moderate,1,25.2,87,3.5,3.7,349,1012.0,100,29.1,30.7,253.0,13.3,47.0,7.5
2025-08-21 10:00:00,2025,8,21,10,Vĩnh Long,Xã An Ngãi Trung,10.0916931,106.5448581,94,Moderate,1,25.0,92,2.9,2.8,281,1012.0,100,25.4,26.7,261.0,11.2,55.0,7.3
2025-08-21 11:00:00,2025,8,21,11,Vĩnh Long,Xã An Ngãi Trung,10.0916931,106.5448581,94,Moderate,1,25.4,93,2.2,3.0,115,1011.7,100,24.6,25.6,252.0,9.6,60.0,6.7
2025-08-21 12:00:00,2025,8,21,12,Vĩnh Long,Xã An Ngãi Trung,10.0916931,106.5448581,94,Moderate,1,26.1,90,1.0,2.4,167,1011.0,100,21.7,22.4,233.0,8.2,64.0,5.8
2025-08-21 13:00:00,2025,8,21,13,Vĩnh Long,Xã An Ngãi Trung,10.0916931,106.5448581,95,Moderate,1,26.5,87,0.3,6.9,211,1010.1,100,20.9,21.4,222.0,7.7,66.0,5.2
2025-08-21 14:00:00,2025,8,21,14,Vĩnh Long,Xã An Ngãi Trung,10.0916931,106.5448581,95,Moderate,1,26.5,86,0.2,9.1,221,1009.0,100,19.4,19.8,224.0,8.4,64.0,5.2
2025-08-21 15:00:00,2025,8,21,15,Vĩnh Long,Xã An Ngãi Trung,10.0916931,106.5448581,95,Moderate,1,26.4,83,0.8,12.1,224,1008.6,100,19.7,19.8,232.0,9.8,60.0,5.5
2025-08-21 16:00:00,2025,8,21,16,Vĩnh Long,Xã An Ngãi Trung,10.0916931,106.5448581,95,Moderate,1,25.9,88,1.0,13.2,224,1007.8,100,18.0,18.2,244.0,11.3,56.0,5.9
2025-08-21 17:00:00,2025,8,21,17,Vĩnh Long,Xã An Ngãi Trung,10.0916931,106.5448581,95,Moderate,1,25.7,89,0.2,13.7,231,1007.8,99,16.6,16.9,261.0,12.8,53.0,6.5
2025-08-21 18:00:00,2025,8,21,18,Vĩnh Long,Xã An Ngãi Trung,10.0916931,106.5448581,94,Moderate,1,25.2,91,0.0,9.6,233,1008.8,99,17.1,17.3,280.0,14.3,50.0,7.2
2025-08-21 19:00:00,2025,8,21,19,Vĩnh Long,Xã An Ngãi Trung,10.0916931,106.5448581,94,Moderate,1,24.6,94,0.0,4.6,222,1009.0,88,19.2,20.0,296.0,12.5,50.0,5.8
2025-08-21 20:00:00,2025,8,21,20,Vĩnh Long,Xã An Ngãi Trung,10.0916931,106.5448581,93,Moderate,1,23.6,94,2.3,1.1,90,1010.4,100,20.7,21.5,305.0,12.8,48.0,6.0
2025-08-21 21:00:00,2025,8,21,21,Vĩnh Long,Xã An Ngãi Trung,10.0916931,106.5448581,92,Moderate,1,24.0,93,0.2,7.2,192,1011.0,100,20.7,21.5,309.0,13.2,45.0,6.3
2025-08-21 22:00:00,2025,8,21,22,Vĩnh Long,Xã An Ngãi Trung,10.0916931,106.5448581,90,Moderate,1,24.0,96,0.1,3.9,202,1011.4,84,20.8,21.5,309.0,13.3,44.0,6.1
2025-08-21 23:00:00,2025,8,21,23,Vĩnh Long,Xã An Ngãi Trung,10.0916931,106.5448581,89,Moderate,1,23.9,96,0.0,4.4,210,1011.5,98,19.4,20.1,301.0,12.6,45.0,5.1
2025-08-22 00:00:00,2025,8,22,0,Vĩnh Long,Xã An Ngãi Trung,10.0916931,106.5448581,86,Moderate,1,23.6,96,0.0,3.8,221,1011.1,100,16.1,16.5,289.0,11.5,48.0,3.6
2025-08-22 01:00:00,2025,8,22,1,Vĩnh Long,Xã An Ngãi Trung,10.0916931,106.5448581,83,Moderate,1,23.7,97,0.0,3.5,242,1010.6,100,14.2,14.5,277.0,10.9,49.0,2.8
2025-08-22 02:00:00,2025,8,22,2,Vĩnh Long,Xã An Ngãi Trung,10.0916931,106.5448581,80,Moderate,1,23.6,97,0.0,3.5,261,1009.7,100,16.7,17.1,266.0,11.3,47.0,3.1
2025-08-22 03:00:00,2025,8,22,3,Vĩnh Long,Xã An Ngãi Trung,10.0916931,106.5448581,77,Moderate,1,23.7,97,0.0,3.1,277,1009.2,99,18.0,18.5,256.0,12.1,44.0,3.9
2025-08-22 04:00:00,2025,8,22,4,Vĩnh Long,Xã An Ngãi Trung,10.0916931,106.5448581,74,Moderate,1,23.9,96,0.0,1.5,284,1009.1,100,19.0,19.5,250.0,12.7,42.0,4.7
2025-08-22 05:00:00,2025,8,22,5,Vĩnh Long,Xã An Ngãi Trung,10.0916931,106.5448581,72,Moderate,1,23.8,96,0.0,1.3,286,1009.4,54,20.0,20.5,255.0,12.9,40.0,5.2
2025-08-22 06:00:00,2025,8,22,6,Vĩnh Long,Xã An Ngãi Trung,10.0916931,106.5448581,70,Moderate,1,23.7,96,0.0,2.8,225,1009.9,48,20.7,21.2,264.0,12.8,39.0,5.6
2025-08-22 07:00:00,2025,8,22,7,Vĩnh Long,Xã An Ngãi Trung,10.0916931,106.5448581,69,Moderate,1,24.9,95,0.0,5.6,230,1010.4,23,27.2,28.3,266.0,12.9,39.0,6.6
2025-08-22 08:00:00,2025,8,22,8,Vĩnh Long,Xã An Ngãi Trung,10.0916931,106.5448581,68,Moderate,1,26.6,88,0.0,4.9,216,1010.6,47,18.0,19.6,252.0,9.9,56.0,5.9
2025-08-22 09:00:00,2025,8,22,9,Vĩnh Long,Xã An Ngãi Trung,10.0916931,106.5448581,67,Moderate,1,28.1,79,0.0,8.0,216,1010.8,97,15.2,16.5,229.0,5.7,80.0,4.9
2025-08-22 10:00:00,2025,8,22,10,Vĩnh Long,Xã An Ngãi Trung,10.0916931,106.5448581,66,Moderate,1,29.2,70,0.0,10.7,216,1010.7,41,14.5,15.7,209.0,2.6,98.0,4.0
2025-08-22 11:00:00,2025,8,22,11,Vĩnh Long,Xã An Ngãi Trung,10.0916931,106.5448581,65,Moderate,1,30.1,68,0.0,9.8,210,1010.5,20,14.3,15.4,192.0,1.5,104.0,3.4
2025-08-22 12:00:00,2025,8,22,12,Vĩnh Long,Xã An Ngãi Trung,10.0916931,106.5448581,64,Moderate,1,30.8,67,0.0,10.1,215,1009.4,20,14.0,15.1,177.0,1.4,105.0,3.0
2025-08-22 13:00:00,2025,8,22,13,Vĩnh Long,Xã An Ngãi Trung,10.0916931,106.5448581,64,Moderate,1,31.2,65,0.0,11.1,212,1008.5,100,14.5,15.5,169.0,1.6,104.0,2.8
2025-08-22 14:00:00,2025,8,22,14,Vĩnh Long,Xã An Ngãi Trung,10.0916931,106.5448581,63,Moderate,1,29.1,70,1.1,14.3,207,1007.6,68,12.7,13.4,173.0,1.6,103.0,2.7
2025-08-22 15:00:00,2025,8,22,15,Vĩnh Long,Xã An Ngãi Trung,10.0916931,106.5448581,62,Moderate,1,27.8,81,2.6,12.4,230,1007.5,55,13.3,13.9,184.0,1.8,100.0,2.7
2025-08-22 16:00:00,2025,8,22,16,Vĩnh Long,Xã An Ngãi Trung,10.0916931,106.5448581,62,Moderate,1,27.6,84,0.4,9.5,241,1007.3,80,12.5,13.2,197.0,3.0,95.0,3.1
2025-08-22 17:00:00,2025,8,22,17,Vĩnh Long,Xã An Ngãi Trung,10.0916931,106.5448581,61,Moderate,1,26.7,84,1.2,9.9,251,1007.6,64,12.5,13.1,210.0,5.7,85.0,3.9
2025-08-22 18:00:00,2025,8,22,18,Vĩnh Long,Xã An Ngãi Trung,10.0916931,106.5448581,61,Moderate,1,25.8,90,0.1,9.4,215,1008.2,33,14.1,14.5,224.0,9.4,72.0,5.0
2025-08-22 19:00:00,2025,8,22,19,Vĩnh Long,Xã An Ngãi Trung,10.0916931,106.5448581,61,Moderate,1,24.8,93,0.1,7.7,217,1008.8,29,22.1,22.5,242.0,13.3,60.0,7.1
2025-08-22 20:00:00,2025,8,22,20,Vĩnh Long,Xã An Ngãi Trung,10.0916931,106.5448581,61,Moderate,1,25.0,94,0.0,6.8,207,1009.8,89,23.7,24.1,268.0,14.4,56.0,7.8
2025-08-22 21:00:00,2025,8,22,21,Vĩnh Long,Xã An Ngãi Trung,10.0916931,106.5448581,61,Moderate,1,25.0,93,0.0,8.9,218,1010.3,20,25.1,25.5,297.0,16.0,49.0,8.7
2025-08-22 22:00:00,2025,8,22,22,Vĩnh Long,Xã An Ngãi Trung,10.0916931,106.5448581,62,Moderate,1,24.5,94,0.0,5.4,222,1011.1,85,26.5,26.9,316.0,17.1,44.0,9.3
2025-08-22 23:00:00,2025,8,22,23,Vĩnh Long,Xã An Ngãi Trung,10.0916931,106.5448581,62,Moderate,1,24.5,95,0.0,5.8,210,1010.8,99,26.3,26.7,318.0,17.4,40.0,9.4
2025-08-23 00:00:00,2025,8,23,0,Vĩnh Long,Xã An Ngãi Trung,10.0916931,106.5448581,63,Moderate,1,24.4,96,0.0,5.0,232,1010.3,100,24.6,25.1,309.0,17.4,37.0,9.1
2025-08-23 01:00:00,2025,8,23,1,Vĩnh Long,Xã An Ngãi Trung,10.0916931,106.5448581,63,Moderate,1,24.2,96,0.0,4.7,247,1009.5,100,22.6,23.3,296.0,17.2,35.0,8.8
2025-08-23 02:00:00,2025,8,23,2,Vĩnh Long,Xã An Ngãi Trung,10.0916931,106.5448581,64,Moderate,1,24.3,96,0.0,5.0,235,1008.9,15,21.7,22.4,278.0,17.1,33.0,8.5
2025-08-23 03:00:00,2025,8,23,3,Vĩnh Long,Xã An Ngãi Trung,10.0916931,106.5448581,65,Moderate,1,24.2,96,0.0,6.3,233,1008.2,48,20.6,21.4,256.0,16.9,32.0,8.0
2025-08-23 04:00:00,2025,8,23,4,Vĩnh Long,Xã An Ngãi Trung,10.0916931,106.5448581,65,Moderate,1,24.0,96,0.0,5.8,244,1008.2,40,18.5,19.6,238.0,16.4,32.0,7.8
2025-08-23 05:00:00,2025,8,23,5,Vĩnh Long,Xã An Ngãi Trung,10.0916931,106.5448581,65,Moderate,1,23.7,96,0.0,4.7,247,1008.6,58,17.8,18.9,230.0,15.8,32.0,7.9
2025-08-23 06:00:00,2025,8,23,6,Vĩnh Long,Xã An Ngãi Trung,10.0916931,106.5448581,65,Moderate,1,24.1,95,0.0,6.6,237,1009.0,97,17.9,19.0,226.0,15.0,33.0,8.1
2025-08-23 07:00:00,2025,8,23,7,Vĩnh Long,Xã An Ngãi Trung,10.0916931,106.5448581,64,Moderate,1,25.2,93,0.0,7.7,217,1009.6,53,20.1,21.1,217.0,16.0,28.0,8.6
2025-08-23 08:00:00,2025,8,23,8,Vĩnh Long,Xã An Ngãi Trung,10.0916931,106.5448581,64,Moderate,1,27.6,86,0.0,7.2,238,1010.1,40,16.0,17.3,196.0,12.5,42.0,8.6
2025-08-23 09:00:00,2025,8,23,9,Vĩnh Long,Xã An Ngãi Trung,10.0916931,106.5448581,64,Moderate,1,29.1,77,0.0,11.3,252,1010.1,8,13.8,15.7,169.0,7.8,62.0,8.5
2025-08-23 10:00:00,2025,8,23,10,Vĩnh Long,Xã An Ngãi Trung,10.0916931,106.5448581,63,Moderate,1,30.2,71,0.0,14.5,256,1010.1,44,12.8,15.3,149.0,4.1,76.0,8.0
2025-08-23 11:00:00,2025,8,23,11,Vĩnh Long,Xã An Ngãi Trung,10.0916931,106.5448581,63,Moderate,1,28.7,79,3.0,10.7,253,1010.4,61,11.3,13.0,140.0,2.6,80.0,6.7
2025-08-23 12:00:00,2025,8,23,12,Vĩnh Long,Xã An Ngãi Trung,10.0916931,106.5448581,63,Moderate,1,30.0,76,0.1,12.9,250,1009.3,93,10.3,11.0,138.0,2.2,79.0,5.0
2025-08-23 13:00:00,2025,8,23,13,Vĩnh Long,Xã An Ngãi Trung,10.0916931,106.5448581,63,Moderate,1,30.8,70,0.1,13.0,252,1007.7,52,11.2,11.7,139.0,2.2,78.0,3.9
2025-08-23 14:00:00,2025,8,23,14,Vĩnh Long,Xã An Ngãi Trung,10.0916931,106.5448581,62,Moderate,1,27.1,84,3.8,21.2,258,1007.7,79,11.1,11.5,138.0,1.9,80.0,3.7
2025-08-23 15:00:00,2025,8,23,15,Vĩnh Long,Xã An Ngãi Trung,10.0916931,106.5448581,62,Moderate,1,26.3,88,0.2,9.4,230,1006.4,81,10.5,10.9,141.0,1.9,82.0,4.1
2025-08-23 16:00:00,2025,8,23,16,Vĩnh Long,Xã An Ngãi Trung,10.0916931,106.5448581,62,Moderate,1,27.7,83,0.0,7.2,235,1006.0,96,10.6,11.0,156.0,3.2,80.0,4.9
2025-08-23 17:00:00,2025,8,23,17,Vĩnh Long,Xã An Ngãi Trung,10.0916931,106.5448581,62,Moderate,1,27.8,84,0.0,6.6,249,1005.9,100,12.3,12.5,195.0,6.7,70.0,6.2
2025-08-23 18:00:00,2025,8,23,18,Vĩnh Long,Xã An Ngãi Trung,10.0916931,106.5448581,62,Moderate,1,26.9,90,0.0,3.7,227,1006.8,100,14.7,15.0,247.0,11.4,56.0,8.0
2025-08-23 19:00:00,2025,8,23,19,Vĩnh Long,Xã An Ngãi Trung,10.0916931,106.5448581,62,Moderate,1,26.3,91,0.0,3.9,196,1007.2,100,19.9,20.8,291.0,17.4,48.0,9.7
2025-08-23 20:00:00,2025,8,23,20,Vĩnh Long,Xã An Ngãi Trung,10.0916931,106.5448581,62,Moderate,1,26.2,90,0.0,8.5,218,1007.6,100,24.8,25.7,322.0,18.3,43.0,10.2
2025-08-23 21:00:00,2025,8,23,21,Vĩnh Long,Xã An Ngãi Trung,10.0916931,106.5448581,62,Moderate,1,25.8,91,0.0,7.2,217,1008.4,100,23.6,24.7,345.0,19.5,37.0,11.0
2025-08-23 22:00:00,2025,8,23,22,Vĩnh Long,Xã An Ngãi Trung,10.0916931,106.5448581,62,Moderate,1,25.5,92,0.0,7.5,233,1008.9,100,21.8,23.0,348.0,19.9,32.0,11.2
2025-08-23 23:00:00,2025,8,23,23,Vĩnh Long,Xã An Ngãi Trung,10.0916931,106.5448581,61,Moderate,1,25.3,93,0.0,8.4,228,1008.8,100,19.9,21.1,319.0,18.9,31.0,10.6
2025-08-24 00:00:00,2025,8,24,0,Vĩnh Long,Xã An Ngãi Trung,10.0916931,106.5448581,61,Moderate,1,25.2,92,0.0,8.9,227,1008.8,100,18.3,19.5,271.0,17.2,32.0,9.5
2025-08-24 01:00:00,2025,8,24,1,Vĩnh Long,Xã An Ngãi Trung,10.0916931,106.5448581,60,Moderate,1,25.1,92,0.0,9.8,227,1008.1,100,17.0,18.2,230.0,15.7,33.0,8.5
2025-08-24 02:00:00,2025,8,24,2,Vĩnh Long,Xã An Ngãi Trung,10.0916931,106.5448581,60,Moderate,1,25.0,90,0.0,9.7,228,1007.7,100,16.0,17.3,208.0,15.1,32.0,7.7
2025-08-24 03:00:00,2025,8,24,3,Vĩnh Long,Xã An Ngãi Trung,10.0916931,106.5448581,59,Moderate,1,24.9,90,0.0,8.5,232,1007.1,100,15.9,17.2,194.0,14.7,32.0,7.0
2025-08-24 04:00:00,2025,8,24,4,Vĩnh Long,Xã An Ngãi Trung,10.0916931,106.5448581,59,Moderate,1,24.7,91,0.0,9.3,229,1006.9,100,16.1,17.3,182.0,13.9,32.0,6.4
2025-08-24 05:00:00,2025,8,24,5,Vĩnh Long,Xã An Ngãi Trung,10.0916931,106.5448581,58,Moderate,1,24.6,91,0.0,9.0,241,1007.4,100,15.9,17.1,170.0,12.1,34.0,6.0
2025-08-24 06:00:00,2025,8,24,6,Vĩnh Long,Xã An Ngãi Trung,10.0916931,106.5448581,58,Moderate,1,24.8,90,0.1,12.0,257,1008.1,100,13.4,14.5,160.0,9.8,37.0,5.6
2025-08-24 07:00:00,2025,8,24,7,Vĩnh Long,Xã An Ngãi Trung,10.0916931,106.5448581,58,Moderate,1,25.4,88,0.0,19.6,255,1009.1,100,11.6,12.9,153.0,9.7,38.0,6.0
2025-08-24 08:00:00,2025,8,24,8,Vĩnh Long,Xã An Ngãi Trung,10.0916931,106.5448581,57,Moderate,1,27.1,82,0.0,17.2,245,1009.1,100,9.0,10.2,148.0,8.0,42.0,5.8
2025-08-24 09:00:00,2025,8,24,9,Vĩnh Long,Xã An Ngãi Trung,10.0916931,106.5448581,57,Moderate,1,28.2,76,0.0,20.8,256,1008.8,100,6.5,7.3,146.0,5.6,47.0,5.6
2025-08-24 10:00:00,2025,8,24,10,Vĩnh Long,Xã An Ngãi Trung,10.0916931,106.5448581,56,Moderate,1,28.2,78,0.6,20.0,253,1009.0,100,6.3,7.1,144.0,3.6,54.0,5.3
2025-08-24 11:00:00,2025,8,24,11,Vĩnh Long,Xã An Ngãi Trung,10.0916931,106.5448581,55,Moderate,1,28.6,75,0.3,19.0,251,1008.2,100,6.3,6.8,141.0,2.5,63.0,5.0
2025-08-24 12:00:00,2025,8,24,12,Vĩnh Long,Xã An Ngãi Trung,10.0916931,106.5448581,55,Moderate,1,30.3,72,0.0,17.8,249,1006.9,100,6.5,7.1,139.0,1.8,72.0,4.7
2025-08-24 13:00:00,2025,8,24,13,Vĩnh Long,Xã An Ngãi Trung,10.0916931,106.5448581,55,Moderate,1,27.1,83,1.6,23.3,261,1006.9,100,6.2,6.8,138.0,1.6,78.0,4.4
2025-08-24 14:00:00,2025,8,24,14,Vĩnh Long,Xã An Ngãi Trung,10.0916931,106.5448581,54,Moderate,1,27.9,82,0.3,16.9,245,1005.6,100,5.8,6.5,138.0,1.7,77.0,4.1
2025-08-24 15:00:00,2025,8,24,15,Vĩnh Long,Xã An Ngãi Trung,10.0916931,106.5448581,54,Moderate,1,28.9,77,0.1,17.9,249,1005.1,100,5.7,6.5,138.0,2.1,72.0,4.0
2025-08-24 16:00:00,2025,8,24,16,Vĩnh Long,Xã An Ngãi Trung,10.0916931,106.5448581,53,Moderate,1,26.5,86,5.0,13.8,263,1005.9,100,6.3,7.1,145.0,3.2,66.0,4.1
2025-08-24 17:00:00,2025,8,24,17,Vĩnh Long,Xã An Ngãi Trung,10.0916931,106.5448581,53,Moderate,1,26.2,88,0.0,14.3,242,1005.4,100,7.4,8.3,163.0,5.5,58.0,4.9
2025-08-24 18:00:00,2025,8,24,18,Vĩnh Long,Xã An Ngãi Trung,10.0916931,106.5448581,52,Moderate,1,26.1,88,0.0,12.2,248,1005.8,100,8.8,9.8,187.0,8.3,50.0,5.9
2025-08-24 19:00:00,2025,8,24,19,Vĩnh Long,Xã An Ngãi Trung,10.0916931,106.5448581,52,Moderate,1,25.9,88,0.0,11.4,249,1006.4,100,12.0,13.6,202.0,10.8,42.0,6.9
2025-08-24 20:00:00,2025,8,24,20,Vĩnh Long,Xã An Ngãi Trung,10.0916931,106.5448581,51,Moderate,1,25.9,88,0.0,15.0,243,1007.3,100,12.4,14.1,201.0,11.0,40.0,7.0
2025-08-24 21:00:00,2025,8,24,21,Vĩnh Long,Xã An Ngãi Trung,10.0916931,106.5448581,50,Good,0,25.6,88,0.0,13.7,238,1007.8,100,12.8,14.5,191.0,11.1,37.0,7.2
2025-08-24 22:00:00,2025,8,24,22,Vĩnh Long,Xã An Ngãi Trung,10.0916931,106.5448581,48,Good,0,25.5,88,0.0,13.0,231,1008.0,100,13.7,15.4,182.0,11.2,35.0,7.1
2025-08-24 23:00:00,2025,8,24,23,Vĩnh Long,Xã An Ngãi Trung,10.0916931,106.5448581,47,Good,0,25.5,88,0.0,11.6,244,1008.1,100,14.3,15.9,176.0,11.0,34.0,6.7
2025-08-25 00:00:00,2025,8,25,0,Vĩnh Long,Xã An Ngãi Trung,10.0916931,106.5448581,46,Good,0,25.5,88,0.0,10.1,237,1007.4,100,13.9,15.6,170.0,10.7,35.0,6.1
2025-08-25 01:00:00,2025,8,25,1,Vĩnh Long,Xã An Ngãi Trung,10.0916931,106.5448581,45,Good,0,25.2,90,0.0,12.0,231,1006.9,100,12.9,14.6,164.0,10.3,35.0,5.5
2025-08-25 02:00:00,2025,8,25,2,Vĩnh Long,Xã An Ngãi Trung,10.0916931,106.5448581,44,Good,0,25.2,89,0.0,12.4,230,1006.4,100,12.1,13.7,155.0,9.8,35.0,4.9
2025-08-25 03:00:00,2025,8,25,3,Vĩnh Long,Xã An Ngãi Trung,10.0916931,106.5448581,44,Good,0,25.5,87,0.0,12.7,225,1006.2,100,11.8,13.4,145.0,9.3,36.0,4.4
2025-08-25 04:00:00,2025,8,25,4,Vĩnh Long,Xã An Ngãi Trung,10.0916931,106.5448581,43,Good,0,25.2,88,0.0,10.7,215,1006.1,100,12.0,13.7,139.0,9.2,36.0,4.2
2025-08-25 05:00:00,2025,8,25,5,Vĩnh Long,Xã An Ngãi Trung,10.0916931,106.5448581,42,Good,0,25.1,89,0.0,11.4,221,1005.9,100,13.4,15.1,139.0,10.1,33.0,4.8
2025-08-25 06:00:00,2025,8,25,6,Vĩnh Long,Xã An Ngãi Trung,10.0916931,106.5448581,42,Good,0,23.9,94,3.8,15.3,255,1007.3,100,14.7,16.4,143.0,11.3,30.0,5.8
2025-08-25 07:00:00,2025,8,25,7,Vĩnh Long,Xã An Ngãi Trung,10.0916931,106.5448581,42,Good,0,24.1,95,0.8,13.2,242,1007.4,100,9.8,11.4,146.0,6.3,42.0,3.7
2025-08-25 08:00:00,2025,8,25,8,Vĩnh Long,Xã An Ngãi Trung,10.0916931,106.5448581,42,Good,0,27.0,83,0.6,18.8,241,1007.6,99,10.0,11.7,147.0,5.4,48.0,3.5
2025-08-25 09:00:00,2025,8,25,9,Vĩnh Long,Xã An Ngãi Trung,10.0916931,106.5448581,42,Good,0,27.6,79,0.4,20.3,238,1008.3,98,10.3,12.7,146.0,4.2,57.0,3.2
2025-08-25 10:00:00,2025,8,25,10,Vĩnh Long,Xã An Ngãi Trung,10.0916931,106.5448581,43,Good,0,28.9,77,0.0,19.7,229,1007.9,100,9.9,12.1,146.0,3.4,63.0,3.1
2025-08-25 11:00:00,2025,8,25,11,Vĩnh Long,Xã An Ngãi Trung,10.0916931,106.5448581,43,Good,0,29.6,74,0.1,22.4,232,1007.5,100,8.5,9.8,145.0,3.6,62.0,3.2
2025-08-25 12:00:00,2025,8,25,12,Vĩnh Long,Xã An Ngãi Trung,10.0916931,106.5448581,44,Good,0,28.2,82,2.4,14.5,232,1007.2,100,8.0,8.6,144.0,4.2,59.0,3.4
2025-08-25 13:00:00,2025,8,25,13,Vĩnh Long,Xã An Ngãi Trung,10.0916931,106.5448581,44,Good,0,26.5,86,2.5,19.1,252,1007.0,100,7.9,8.8,145.0,4.6,58.0,3.6
2025-08-25 14:00:00,2025,8,25,14,Vĩnh Long,Xã An Ngãi Trung,10.0916931,106.5448581,44,Good,0,27.4,85,1.1,17.3,247,1006.1,100,8.6,9.8,144.0,4.2,64.0,3.7
2025-08-25 15:00:00,2025,8,25,15,Vĩnh Long,Xã An Ngãi Trung,10.0916931,106.5448581,45,Good,0,27.3,84,0.0,11.7,236,1005.4,100,9.1,10.3,145.0,3.6,72.0,3.8
2025-08-25 16:00:00,2025,8,25,16,Vĩnh Long,Xã An Ngãi Trung,10.0916931,106.5448581,45,Good,0,28.2,79,0.0,15.7,227,1004.9,100,7.8,8.6,156.0,3.6,76.0,4.0
2025-08-25 17:00:00,2025,8,25,17,Vĩnh Long,Xã An Ngãi Trung,10.0916931,106.5448581,46,Good,0,26.4,85,0.7,14.2,229,1005.3,100,7.2,7.8,187.0,5.0,71.0,4.2
2025-08-25 18:00:00,2025,8,25,18,Vĩnh Long,Xã An Ngãi Trung,10.0916931,106.5448581,45,Good,0,25.5,89,0.1,8.2,244,1006.2,100,8.1,9.0,229.0,7.0,62.0,4.5
2025-08-25 19:00:00,2025,8,25,19,Vĩnh Long,Xã An Ngãi Trung,10.0916931,106.5448581,45,Good,0,25.1,92,0.0,5.6,220,1006.8,100,9.7,10.9,258.0,8.3,56.0,4.6
2025-08-25 20:00:00,2025,8,25,20,Vĩnh Long,Xã An Ngãi Trung,10.0916931,106.5448581,45,Good,0,25.1,90,0.3,5.8,210,1007.5,100,11.5,12.9,267.0,8.8,55.0,5.0
2025-08-25 21:00:00,2025,8,25,21,Vĩnh Long,Xã An Ngãi Trung,10.0916931,106.5448581,45,Good,0,25.2,91,0.5,9.1,205,1008.4,100,13.3,14.9,264.0,9.5,54.0,5.5
2025-08-25 22:00:00,2025,8,25,22,Vĩnh Long,Xã An Ngãi Trung,10.0916931,106.5448581,45,Good,0,25.1,93,0.2,6.5,188,1008.7,100,15.1,17.0,253.0,9.8,53.0,5.7
2025-08-25 23:00:00,2025,8,25,23,Vĩnh Long,Xã An Ngãi Trung,10.0916931,106.5448581,45,Good,0,25.0,94,0.0,6.7,204,1008.9,100,16.4,18.5,230.0,9.5,53.0,5.5
2025-08-26 00:00:00,2025,8,26,0,Vĩnh Long,Xã An Ngãi Trung,10.0916931,106.5448581,45,Good,0,24.9,94,0.0,6.3,200,1008.9,100,16.2,18.4,198.0,8.9,54.0,5.0
2025-08-26 01:00:00,2025,8,26,1,Vĩnh Long,Xã An Ngãi Trung,10.0916931,106.5448581,46,Good,0,25.1,93,1.1,9.0,206,1008.5,100,13.6,15.7,171.0,8.2,54.0,4.5
2025-08-26 02:00:00,2025,8,26,2,Vĩnh Long,Xã An Ngãi Trung,10.0916931,106.5448581,46,Good,0,25.0,94,0.3,10.4,210,1008.0,100,9.9,11.4,155.0,7.5,54.0,3.9
2025-08-26 03:00:00,2025,8,26,3,Vĩnh Long,Xã An Ngãi Trung,10.0916931,106.5448581,46,Good,0,25.0,92,0.0,11.2,218,1007.4,100,7.6,8.5,144.0,6.8,54.0,3.3
2025-08-26 04:00:00,2025,8,26,4,Vĩnh Long,Xã An Ngãi Trung,10.0916931,106.5448581,45,Good,0,25.0,93,0.0,10.1,229,1007.7,100,7.7,8.6,138.0,6.4,54.0,3.0
2025-08-26 05:00:00,2025,8,26,5,Vĩnh Long,Xã An Ngãi Trung,10.0916931,106.5448581,44,Good,0,24.7,94,0.0,9.4,230,1007.9,100,8.8,9.8,139.0,6.8,53.0,3.4
2025-08-26 06:00:00,2025,8,26,6,Vĩnh Long,Xã An Ngãi Trung,10.0916931,106.5448581,43,Good,0,24.6,94,0.0,8.9,232,1008.1,100,10.6,11.7,146.0,7.5,51.0,4.2
2025-08-26 07:00:00,2025,8,26,7,Vĩnh Long,Xã An Ngãi Trung,10.0916931,106.5448581,43,Good,0,25.7,94,0.0,8.6,231,1008.9,100,15.7,17.2,153.0,10.0,39.0,5.5
2025-08-26 08:00:00,2025,8,26,8,Vĩnh Long,Xã An Ngãi Trung,10.0916931,106.5448581,44,Good,0,24.9,90,4.9,12.4,256,1010.6,100,14.5,16.9,161.0,7.9,52.0,5.1
2025-08-26 09:00:00,2025,8,26,9,Vĩnh Long,Xã An Ngãi Trung,10.0916931,106.5448581,44,Good,0,24.8,93,0.9,8.1,215,1010.8,100,13.7,16.6,170.0,5.0,71.0,4.5
2025-08-26 10:00:00,2025,8,26,10,Vĩnh Long,Xã An Ngãi Trung,10.0916931,106.5448581,45,Good,0,26.5,87,0.1,11.5,215,1010.6,100,12.3,15.3,173.0,2.7,86.0,4.0
2025-08-26 11:00:00,2025,8,26,11,Vĩnh Long,Xã An Ngãi Trung,10.0916931,106.5448581,45,Good,0,26.4,87,0.0,7.4,229,1010.1,100,11.4,13.9,165.0,1.7,95.0,3.5
2025-08-26 12:00:00,2025,8,26,12,Vĩnh Long,Xã An Ngãi Trung,10.0916931,106.5448581,46,Good,0,28.0,83,0.0,6.5,219,1009.7,100,11.0,12.3,151.0,1.4,100.0,3.0
2025-08-26 13:00:00,2025,8,26,13,Vĩnh Long,Xã An Ngãi Trung,10.0916931,106.5448581,46,Good,0,29.5,73,0.2,16.0,211,1008.7,100,11.2,12.2,145.0,1.5,101.0,2.7
2025-08-26 14:00:00,2025,8,26,14,Vĩnh Long,Xã An Ngãi Trung,10.0916931,106.5448581,47,Good,0,27.3,82,1.9,14.2,229,1008.1,100,10.7,11.6,152.0,1.8,97.0,2.6
2025-08-26 15:00:00,2025,8,26,15,Vĩnh Long,Xã An Ngãi Trung,10.0916931,106.5448581,47,Good,0,26.6,88,0.5,5.5,234,1007.3,100,10.7,11.6,167.0,2.5,90.0,2.7
2025-08-26 16:00:00,2025,8,26,16,Vĩnh Long,Xã An Ngãi Trung,10.0916931,106.5448581,48,Good,0,27.7,85,0.1,7.5,226,1006.7,100,11.1,11.7,188.0,4.0,82.0,3.2
2025-08-26 17:00:00,2025,8,26,17,Vĩnh Long,Xã An Ngãi Trung,10.0916931,106.5448581,48,Good,0,27.8,85,0.0,6.5,257,1006.7,100,12.9,13.5,219.0,6.9,76.0,4.3
2025-08-26 18:00:00,2025,8,26,18,Vĩnh Long,Xã An Ngãi Trung,10.0916931,106.5448581,49,Good,0,26.9,89,0.0,4.6,211,1007.5,100,16.3,16.8,255.0,10.6,69.0,5.8
2025-08-26 19:00:00,2025,8,26,19,Vĩnh Long,Xã An Ngãi Trung,10.0916931,106.5448581,50,Good,0,26.7,87,0.0,8.4,211,1008.1,84,23.2,24.0,280.0,16.0,49.0,6.9
2025-08-26 20:00:00,2025,8,26,20,Vĩnh Long,Xã An Ngãi Trung,10.0916931,106.5448581,52,Moderate,1,27.0,84,0.0,9.7,227,1008.7,100,25.3,26.3,285.0,16.6,48.0,7.5
2025-08-26 21:00:00,2025,8,26,21,Vĩnh Long,Xã An Ngãi Trung,10.0916931,106.5448581,53,Moderate,1,26.6,87,0.0,7.6,232,1009.6,93,25.3,26.9,278.0,17.5,47.0,8.4
2025-08-26 22:00:00,2025,8,26,22,Vĩnh Long,Xã An Ngãi Trung,10.0916931,106.5448581,54,Moderate,1,26.1,90,0.0,7.5,240,1010.4,55,27.4,29.1,271.0,17.7,46.0,9.0
2025-08-26 23:00:00,2025,8,26,23,Vĩnh Long,Xã An Ngãi Trung,10.0916931,106.5448581,55,Moderate,1,25.5,94,0.0,6.5,242,1010.2,100,27.3,28.9,265.0,16.8,46.0,9.1
2025-08-27 00:00:00,2025,8,27,0,Vĩnh Long,Xã An Ngãi Trung,10.0916931,106.5448581,56,Moderate,1,25.1,95,0.0,5.1,228,1009.9,99,23.0,24.6,259.0,15.2,46.0,8.8
2025-08-27 01:00:00,2025,8,27,1,Vĩnh Long,Xã An Ngãi Trung,10.0916931,106.5448581,56,Moderate,1,25.2,93,0.0,5.9,250,1009.6,100,19.6,21.3,252.0,14.1,45.0,8.5
2025-08-27 02:00:00,2025,8,27,2,Vĩnh Long,Xã An Ngãi Trung,10.0916931,106.5448581,57,Moderate,1,25.2,92,0.0,6.7,250,1008.9,100,17.8,19.4,245.0,13.8,42.0,8.0
2025-08-27 03:00:00,2025,8,27,3,Vĩnh Long,Xã An Ngãi Trung,10.0916931,106.5448581,58,Moderate,1,24.8,92,0.0,6.7,254,1008.4,100,17.2,18.8,237.0,13.9,38.0,7.3
2025-08-27 04:00:00,2025,8,27,4,Vĩnh Long,Xã An Ngãi Trung,10.0916931,106.5448581,59,Moderate,1,24.5,94,0.0,6.5,238,1008.0,100,17.4,19.0,235.0,14.1,34.0,7.1
2025-08-27 05:00:00,2025,8,27,5,Vĩnh Long,Xã An Ngãi Trung,10.0916931,106.5448581,59,Moderate,1,24.6,95,0.0,5.7,242,1008.4,100,19.6,21.4,244.0,14.9,30.0,7.7
2025-08-27 06:00:00,2025,8,27,6,Vĩnh Long,Xã An Ngãi Trung,10.0916931,106.5448581,60,Moderate,1,24.6,95,0.0,5.6,230,1008.8,100,23.3,25.1,258.0,15.8,27.0,8.6
2025-08-27 07:00:00,2025,8,27,7,Vĩnh Long,Xã An Ngãi Trung,10.0916931,106.5448581,62,Moderate,1,25.4,94,0.0,6.8,248,1009.4,100,23.6,25.6,262.0,14.4,31.0,8.9
2025-08-27 08:00:00,2025,8,27,8,Vĩnh Long,Xã An Ngãi Trung,10.0916931,106.5448581,62,Moderate,1,27.8,87,0.0,7.6,248,1009.9,100,19.0,21.9,248.0,11.7,41.0,8.6
2025-08-27 09:00:00,2025,8,27,9,Vĩnh Long,Xã An Ngãi Trung,10.0916931,106.5448581,63,Moderate,1,29.1,80,0.0,9.5,249,1010.0,100,15.3,18.2,225.0,8.0,56.0,8.1
2025-08-27 10:00:00,2025,8,27,10,Vĩnh Long,Xã An Ngãi Trung,10.0916931,106.5448581,63,Moderate,1,27.2,83,3.4,11.8,257,1010.5,100,13.9,16.9,203.0,4.9,71.0,7.6
2025-08-27 11:00:00,2025,8,27,11,Vĩnh Long,Xã An Ngãi Trung,10.0916931,106.5448581,63,Moderate,1,28.0,84,0.0,8.6,262,1010.0,100,12.8,14.1,186.0,3.1,87.0,7.0
2025-08-27 12:00:00,2025,8,27,12,Vĩnh Long,Xã An Ngãi Trung,10.0916931,106.5448581,63,Moderate,1,28.5,79,1.3,12.9,264,1009.4,89,14.0,15.0,171.0,2.1,104.0,6.5
2025-08-27 13:00:00,2025,8,27,13,Vĩnh Long,Xã An Ngãi Trung,10.0916931,106.5448581,63,Moderate,1,29.9,76,0.1,11.3,256,1008.5,100,14.7,15.7,159.0,1.7,113.0,6.1
2025-08-27 14:00:00,2025,8,27,14,Vĩnh Long,Xã An Ngãi Trung,10.0916931,106.5448581,64,Moderate,1,30.5,71,0.0,11.7,261,1007.6,100,14.1,15.0,149.0,2.0,112.0,6.1
2025-08-27 15:00:00,2025,8,27,15,Vĩnh Long,Xã An Ngãi Trung,10.0916931,106.5448581,64,Moderate,1,30.5,69,0.1,12.8,268,1006.4,100,14.5,15.3,143.0,2.9,103.0,6.4
2025-08-27 16:00:00,2025,8,27,16,Vĩnh Long,Xã An Ngãi Trung,10.0916931,106.5448581,64,Moderate,1,28.0,78,0.5,16.2,258,1007.1,100,15.1,15.9,148.0,4.5,93.0,6.6
2025-08-27 17:00:00,2025,8,27,17,Vĩnh Long,Xã An Ngãi Trung,10.0916931,106.5448581,65,Moderate,1,27.3,84,0.1,12.0,242,1007.0,100,15.2,15.9,171.0,7.4,80.0,6.8
2025-08-27 18:00:00,2025,8,27,18,Vĩnh Long,Xã An Ngãi Trung,10.0916931,106.5448581,65,Moderate,1,26.5,87,0.0,8.5,224,1008.0,99,16.6,17.4,204.0,11.0,65.0,7.0
2025-08-27 19:00:00,2025,8,27,19,Vĩnh Long,Xã An Ngãi Trung,10.0916931,106.5448581,65,Moderate,1,25.6,88,0.0,7.5,217,1008.7,100,23.7,24.6,232.0,13.5,55.0,7.8
2025-08-27 20:00:00,2025,8,27,20,Vĩnh Long,Xã An Ngãi Trung,10.0916931,106.5448581,65,Moderate,1,25.8,90,0.0,7.3,250,1009.0,99,25.3,26.0,251.0,14.7,50.0,8.4
2025-08-27 21:00:00,2025,8,27,21,Vĩnh Long,Xã An Ngãi Trung,10.0916931,106.5448581,65,Moderate,1,25.1,93,0.0,6.1,256,1009.8,99,26.0,26.7,264.0,16.4,43.0,9.3
2025-08-27 22:00:00,2025,8,27,22,Vĩnh Long,Xã An Ngãi Trung,10.0916931,106.5448581,65,Moderate,1,25.2,92,0.0,8.6,259,1010.1,100,25.8,26.6,267.0,17.4,37.0,9.8
2025-08-27 23:00:00,2025,8,27,23,Vĩnh Long,Xã An Ngãi Trung,10.0916931,106.5448581,65,Moderate,1,25.5,91,0.0,9.9,273,1010.1,100,24.1,25.1,254.0,17.2,34.0,9.7
2025-08-28 00:00:00,2025,8,28,0,Vĩnh Long,Xã An Ngãi Trung,10.0916931,106.5448581,65,Moderate,1,25.3,92,0.0,8.2,284,1009.8,100,21.7,22.6,232.0,16.4,33.0,9.2
2025-08-28 01:00:00,2025,8,28,1,Vĩnh Long,Xã An Ngãi Trung,10.0916931,106.5448581,64,Moderate,1,24.9,94,0.0,6.2,287,1009.0,100,19.4,20.8,212.0,15.7,32.0,8.7
2025-08-28 02:00:00,2025,8,28,2,Vĩnh Long,Xã An Ngãi Trung,10.0916931,106.5448581,64,Moderate,1,24.6,96,0.0,6.1,275,1008.3,100,18.1,19.6,199.0,15.3,30.0,8.3
2025-08-28 03:00:00,2025,8,28,3,Vĩnh Long,Xã An Ngãi Trung,10.0916931,106.5448581,64,Moderate,1,24.4,96,0.0,6.0,273,1007.7,100,17.2,18.6,188.0,14.9,29.0,7.9
2025-08-28 04:00:00,2025,8,28,4,Vĩnh Long,Xã An Ngãi Trung,10.0916931,106.5448581,64,Moderate,1,24.3,96,0.0,6.1,265,1007.9,100,16.3,17.6,180.0,14.6,27.0,7.7
2025-08-28 05:00:00,2025,8,28,5,Vĩnh Long,Xã An Ngãi Trung,10.0916931,106.5448581,64,Moderate,1,24.3,95,0.0,7.6,267,1008.0,99,15.7,16.8,175.0,14.8,24.0,7.7
2025-08-28 06:00:00,2025,8,28,6,Vĩnh Long,Xã An Ngãi Trung,10.0916931,106.5448581,64,Moderate,1,24.5,95,0.0,9.2,268,1008.3,100,15.1,16.1,172.0,15.1,21.0,7.9
2025-08-28 07:00:00,2025,8,28,7,Vĩnh Long,Xã An Ngãi Trung,10.0916931,106.5448581,63,Moderate,1,25.8,91,0.0,11.2,275,1008.8,100,16.1,17.0,168.0,14.6,21.0,8.5
2025-08-28 08:00:00,2025,8,28,8,Vĩnh Long,Xã An Ngãi Trung,10.0916931,106.5448581,63,Moderate,1,27.2,84,0.0,13.8,255,1009.2,100,13.3,14.3,161.0,11.9,29.0,8.7
2025-08-28 09:00:00,2025,8,28,9,Vĩnh Long,Xã An Ngãi Trung,10.0916931,106.5448581,62,Moderate,1,28.0,81,0.0,15.3,261,1009.3,98,10.7,11.8,153.0,8.2,40.0,9.0
2025-08-28 10:00:00,2025,8,28,10,Vĩnh Long,Xã An Ngãi Trung,10.0916931,106.5448581,62,Moderate,1,29.1,76,0.0,17.5,269,1009.1,67,9.1,10.4,147.0,5.2,51.0,8.9
2025-08-28 11:00:00,2025,8,28,11,Vĩnh Long,Xã An Ngãi Trung,10.0916931,106.5448581,61,Moderate,1,30.7,71,0.0,17.3,272,1008.5,90,8.7,9.6,144.0,3.6,62.0,8.2
2025-08-28 12:00:00,2025,8,28,12,Vĩnh Long,Xã An Ngãi Trung,10.0916931,106.5448581,61,Moderate,1,31.1,69,0.1,18.7,277,1007.4,100,8.5,9.1,142.0,2.7,72.0,7.1
2025-08-28 13:00:00,2025,8,28,13,Vĩnh Long,Xã An Ngãi Trung,10.0916931,106.5448581,60,Moderate,1,27.6,83,2.8,19.5,282,1006.8,100,8.7,9.3,140.0,2.3,79.0,6.5
2025-08-28 14:00:00,2025,8,28,14,Vĩnh Long,Xã An Ngãi Trung,10.0916931,106.5448581,60,Moderate,1,28.4,82,0.2,9.3,262,1005.9,100,8.7,9.2,136.0,2.5,81.0,6.7
2025-08-28 15:00:00,2025,8,28,15,Vĩnh Long,Xã An Ngãi Trung,10.0916931,106.5448581,59,Moderate,1,29.2,78,0.0,13.6,230,1004.6,100,9.5,10.0,132.0,3.2,79.0,7.2
2025-08-28 16:00:00,2025,8,28,16,Vĩnh Long,Xã An Ngãi Trung,10.0916931,106.5448581,59,Moderate,1,29.0,76,0.1,15.3,250,1005.1,85,9.0,9.5,135.0,4.4,74.0,7.6
2025-08-28 17:00:00,2025,8,28,17,Vĩnh Long,Xã An Ngãi Trung,10.0916931,106.5448581,58,Moderate,1,28.0,79,0.6,13.4,253,1005.6,99,8.8,9.4,151.0,6.3,65.0,7.6
2025-08-28 18:00:00,2025,8,28,18,Vĩnh Long,Xã An Ngãi Trung,10.0916931,106.5448581,58,Moderate,1,26.9,84,0.9,11.5,271,1006.8,100,8.9,9.8,173.0,8.5,54.0,7.5
2025-08-28 19:00:00,2025,8,28,19,Vĩnh Long,Xã An Ngãi Trung,10.0916931,106.5448581,57,Moderate,1,25.0,94,4.8,10.0,284,1007.6,100,9.5,10.0,189.0,13.0,32.0,7.9
2025-08-28 20:00:00,2025,8,28,20,Vĩnh Long,Xã An Ngãi Trung,10.0916931,106.5448581,56,Moderate,1,26.0,88,0.1,16.2,273,1007.7,100,10.4,10.9,193.0,13.0,31.0,8.1
2025-08-28 21:00:00,2025,8,28,21,Vĩnh Long,Xã An Ngãi Trung,10.0916931,106.5448581,55,Moderate,1,25.7,90,0.5,16.3,259,1008.3,100,10.8,11.3,191.0,13.1,30.0,8.4
2025-08-28 22:00:00,2025,8,28,22,Vĩnh Long,Xã An Ngãi Trung,10.0916931,106.5448581,53,Moderate,1,25.6,91,0.4,15.6,256,1008.7,100,10.6,11.2,186.0,12.8,29.0,8.5
2025-08-28 23:00:00,2025,8,28,23,Vĩnh Long,Xã An Ngãi Trung,10.0916931,106.5448581,52,Moderate,1,25.5,93,0.6,17.8,261,1008.5,100,10.1,10.7,180.0,12.1,29.0,8.1
2025-08-29 00:00:00,2025,8,29,0,Vĩnh Long,Xã An Ngãi Trung,10.0916931,106.5448581,51,Moderate,1,25.3,91,0.1,17.2,263,1007.9,100,8.8,9.4,173.0,11.0,30.0,7.5
2025-08-29 01:00:00,2025,8,29,1,Vĩnh Long,Xã An Ngãi Trung,10.0916931,106.5448581,49,Good,0,25.0,92,0.0,16.9,263,1007.5,100,7.8,8.3,164.0,10.2,31.0,6.9
2025-08-29 02:00:00,2025,8,29,2,Vĩnh Long,Xã An Ngãi Trung,10.0916931,106.5448581,47,Good,0,25.0,93,0.0,14.1,273,1007.3,100,7.1,7.5,152.0,9.7,31.0,6.5
2025-08-29 03:00:00,2025,8,29,3,Vĩnh Long,Xã An Ngãi Trung,10.0916931,106.5448581,45,Good,0,25.2,93,0.0,14.2,269,1007.0,100,6.7,7.1,139.0,9.5,31.0,6.1
2025-08-29 04:00:00,2025,8,29,4,Vĩnh Long,Xã An Ngãi Trung,10.0916931,106.5448581,43,Good,0,25.2,91,0.0,14.4,274,1006.8,100,6.5,6.9,132.0,9.2,31.0,5.9
2025-08-29 05:00:00,2025,8,29,5,Vĩnh Long,Xã An Ngãi Trung,10.0916931,106.5448581,42,Good,0,25.2,90,0.0,14.3,274,1007.1,100,6.6,6.9,137.0,9.1,29.0,6.0
2025-08-29 06:00:00,2025,8,29,6,Vĩnh Long,Xã An Ngãi Trung,10.0916931,106.5448581,40,Good,0,25.0,93,0.0,14.2,271,1007.6,100,6.8,7.2,149.0,8.9,27.0,6.3
2025-08-29 07:00:00,2025,8,29,7,Vĩnh Long,Xã An Ngãi Trung,10.0916931,106.5448581,38,Good,0,25.5,92,0.0,15.0,264,1007.9,100,9.0,9.6,159.0,10.0,27.0,6.4
2025-08-29 08:00:00,2025,8,29,8,Vĩnh Long,Xã An Ngãi Trung,10.0916931,106.5448581,37,Good,0,27.5,85,0.0,17.3,272,1008.6,100,7.8,8.5,163.0,8.5,33.0,6.6
2025-08-29 09:00:00,2025,8,29,9,Vĩnh Long,Xã An Ngãi Trung,10.0916931,106.5448581,36,Good,0,28.3,80,0.0,17.1,272,1008.7,100,8.1,9.1,165.0,6.3,41.0,6.7
2025-08-29 10:00:00,2025,8,29,10,Vĩnh Long,Xã An Ngãi Trung,10.0916931,106.5448581,36,Good,0,29.4,77,0.0,17.1,268,1008.5,100,7.8,9.3,165.0,4.5,50.0,6.8
2025-08-29 11:00:00,2025,8,29,11,Vĩnh Long,Xã An Ngãi Trung,10.0916931,106.5448581,36,Good,0,30.2,74,0.1,17.0,266,1007.4,100,7.7,8.7,164.0,3.2,61.0,6.5
2025-08-29 12:00:00,2025,8,29,12,Vĩnh Long,Xã An Ngãi Trung,10.0916931,106.5448581,35,Good,0,28.4,81,0.4,16.8,264,1007.3,99,8.2,9.1,161.0,2.3,72.0,6.1
2025-08-29 13:00:00,2025,8,29,13,Vĩnh Long,Xã An Ngãi Trung,10.0916931,106.5448581,35,Good,0,27.8,86,0.9,19.3,268,1006.4,100,8.3,9.6,159.0,1.9,80.0,5.9
2025-08-29 14:00:00,2025,8,29,14,Vĩnh Long,Xã An Ngãi Trung,10.0916931,106.5448581,35,Good,0,28.6,81,0.3,16.6,247,1006.0,99,8.3,9.6,157.0,2.1,82.0,6.2
2025-08-29 15:00:00,2025,8,29,15,Vĩnh Long,Xã An Ngãi Trung,10.0916931,106.5448581,35,Good,0,27.2,84,1.9,21.3,254,1005.4,92,13.1,15.4,155.0,2.9,79.0,6.7
2025-08-29 16:00:00,2025,8,29,16,Vĩnh Long,Xã An Ngãi Trung,10.0916931,106.5448581,36,Good,0,28.0,84,0.1,15.1,248,1005.1,99,9.6,11.0,156.0,4.3,74.0,7.3
2025-08-29 17:00:00,2025,8,29,17,Vĩnh Long,Xã An Ngãi Trung,10.0916931,106.5448581,36,Good,0,27.8,85,0.0,16.6,253,1005.6,100,10.0,11.1,161.0,6.7,64.0,7.8
2025-08-29 18:00:00,2025,8,29,18,Vĩnh Long,Xã An Ngãi Trung,10.0916931,106.5448581,36,Good,0,27.2,84,0.0,13.5,254,1006.7,100,10.9,12.1,170.0,9.7,52.0,8.3
2025-08-29 19:00:00,2025,8,29,19,Vĩnh Long,Xã An Ngãi Trung,10.0916931,106.5448581,37,Good,0,26.8,86,0.0,12.3,256,1007.3,100,10.9,12.3,177.0,11.2,40.0,7.7
2025-08-29 20:00:00,2025,8,29,20,Vĩnh Long,Xã An Ngãi Trung,10.0916931,106.5448581,37,Good,0,25.8,93,0.1,15.4,243,1007.7,100,11.6,13.0,184.0,11.6,37.0,7.9
2025-08-29 21:00:00,2025,8,29,21,Vĩnh Long,Xã An Ngãi Trung,10.0916931,106.5448581,37,Good,0,25.5,93,0.1,15.0,241,1008.5,100,12.1,13.6,190.0,12.2,33.0,8.2
2025-08-29 22:00:00,2025,8,29,22,Vĩnh Long,Xã An Ngãi Trung,10.0916931,106.5448581,37,Good,0,25.4,93,0.0,13.9,241,1009.0,100,12.6,14.1,192.0,12.5,30.0,8.2
2025-08-29 23:00:00,2025,8,29,23,Vĩnh Long,Xã An Ngãi Trung,10.0916931,106.5448581,38,Good,0,25.2,94,0.5,12.6,243,1008.8,100,12.8,14.4,185.0,12.4,29.0,7.9
2025-08-30 00:00:00,2025,8,30,0,Vĩnh Long,Xã An Ngãi Trung,10.0916931,106.5448581,38,Good,0,25.1,95,0.1,13.4,250,1008.2,100,12.4,14.0,174.0,12.1,28.0,7.3
2025-08-30 01:00:00,2025,8,30,1,Vĩnh Long,Xã An Ngãi Trung,10.0916931,106.5448581,39,Good,0,25.1,94,0.0,13.6,255,1007.4,100,11.8,13.4,163.0,11.4,29.0,6.7
2025-08-30 02:00:00,2025,8,30,2,Vĩnh Long,Xã An Ngãi Trung,10.0916931,106.5448581,39,Good,0,25.0,94,0.1,12.6,246,1006.7,100,10.6,12.3,154.0,10.1,31.0,5.9
2025-08-30 03:00:00,2025,8,30,3,Vĩnh Long,Xã An Ngãi Trung,10.0916931,106.5448581,40,Good,0,25.0,94,0.0,13.7,247,1006.6,100,9.6,11.3,146.0,8.4,34.0,5.1
2025-08-30 04:00:00,2025,8,30,4,Vĩnh Long,Xã An Ngãi Trung,10.0916931,106.5448581,40,Good,0,25.0,94,0.0,14.6,250,1006.6,100,9.3,11.2,143.0,7.3,36.0,4.6
2025-08-30 05:00:00,2025,8,30,5,Vĩnh Long,Xã An Ngãi Trung,10.0916931,106.5448581,41,Good,0,25.0,94,0.0,14.8,244,1006.7,100,9.6,11.5,150.0,7.4,35.0,4.7
2025-08-30 06:00:00,2025,8,30,6,Vĩnh Long,Xã An Ngãi Trung,10.0916931,106.5448581,41,Good,0,25.0,93,0.0,15.4,256,1007.1,100,10.3,12.2,163.0,7.9,33.0,5.2
2025-08-30 07:00:00,2025,8,30,7,Vĩnh Long,Xã An Ngãi Trung,10.0916931,106.5448581,42,Good,0,25.9,90,0.0,15.7,255,1007.8,100,11.5,13.5,171.0,8.5,35.0,5.5
2025-08-30 08:00:00,2025,8,30,8,Vĩnh Long,Xã An Ngãi Trung,10.0916931,106.5448581,43,Good,0,27.1,85,0.0,21.6,249,1007.9,100,12.6,15.2,171.0,7.1,43.0,5.6
2025-08-30 09:00:00,2025,8,30,9,Vĩnh Long,Xã An Ngãi Trung,10.0916931,106.5448581,43,Good,0,28.3,79,0.0,20.1,249,1008.2,100,12.2,14.9,166.0,5.0,55.0,5.8
2025-08-30 10:00:00,2025,8,30,10,Vĩnh Long,Xã An Ngãi Trung,10.0916931,106.5448581,44,Good,0,29.3,77,0.0,16.8,249,1008.0,100,12.7,16.0,163.0,3.5,64.0,5.8
2025-08-30 11:00:00,2025,8,30,11,Vĩnh Long,Xã An Ngãi Trung,10.0916931,106.5448581,45,Good,0,30.4,72,0.0,17.2,252,1007.6,100,11.7,14.7,164.0,2.8,70.0,5.5
2025-08-30 12:00:00,2025,8,30,12,Vĩnh Long,Xã An Ngãi Trung,10.0916931,106.5448581,46,Good,0,28.5,81,0.5,15.5,241,1006.9,100,11.0,13.4,165.0,2.5,73.0,5.0
2025-08-30 13:00:00,2025,8,30,13,Vĩnh Long,Xã An Ngãi Trung,10.0916931,106.5448581,46,Good,0,28.0,83,2.3,15.6,246,1005.9,100,9.8,11.7,168.0,2.6,74.0,4.6
2025-08-30 14:00:00,2025,8,30,14,Vĩnh Long,Xã An Ngãi Trung,10.0916931,106.5448581,46,Good,0,29.1,77,0.1,16.6,244,1005.1,100,8.1,9.5,170.0,3.1,72.0,4.5
2025-08-30 15:00:00,2025,8,30,15,Vĩnh Long,Xã An Ngãi Trung,10.0916931,106.5448581,46,Good,0,26.8,86,1.7,19.1,248,1005.5,100,8.4,9.5,173.0,4.1,67.0,4.5
2025-08-30 16:00:00,2025,8,30,16,Vĩnh Long,Xã An Ngãi Trung,10.0916931,106.5448581,46,Good,0,27.5,85,0.2,15.6,248,1004.9,100,9.1,10.0,178.0,5.3,62.0,4.8
2025-08-30 17:00:00,2025,8,30,17,Vĩnh Long,Xã An Ngãi Trung,10.0916931,106.5448581,45,Good,0,27.2,85,0.0,14.3,242,1005.4,99,9.6,10.6,189.0,7.1,55.0,5.4
2025-08-30 18:00:00,2025,8,30,18,Vĩnh Long,Xã An Ngãi Trung,10.0916931,106.5448581,45,Good,0,26.5,87,0.0,12.9,242,1005.6,99,9.7,10.8,202.0,9.2,47.0,6.2
2025-08-30 19:00:00,2025,8,30,19,Vĩnh Long,Xã An Ngãi Trung,10.0916931,106.5448581,45,Good,0,26.0,89,0.0,12.6,246,1005.9,100,10.5,11.3,211.0,11.4,41.0,7.0
2025-08-30 20:00:00,2025,8,30,20,Vĩnh Long,Xã An Ngãi Trung,10.0916931,106.5448581,45,Good,0,25.8,89,0.0,11.4,246,1006.4,100,10.8,11.6,212.0,11.8,38.0,7.2
2025-08-30 21:00:00,2025,8,30,21,Vĩnh Long,Xã An Ngãi Trung,10.0916931,106.5448581,45,Good,0,25.5,91,0.0,10.4,249,1007.1,100,11.3,12.1,209.0,12.3,35.0,7.5
2025-08-30 22:00:00,2025,8,30,22,Vĩnh Long,Xã An Ngãi Trung,10.0916931,106.5448581,45,Good,0,25.4,91,0.0,8.8,242,1007.7,100,12.0,12.9,204.0,12.6,32.0,7.6
2025-08-30 23:00:00,2025,8,30,23,Vĩnh Long,Xã An Ngãi Trung,10.0916931,106.5448581,45,Good,0,25.1,93,0.0,7.8,230,1007.9,100,12.3,13.2,198.0,12.7,30.0,7.2
2025-08-31 00:00:00,2025,8,31,0,Vĩnh Long,Xã An Ngãi Trung,10.0916931,106.5448581,45,Good,0,25.0,93,0.0,9.2,222,1007.4,100,12.2,13.2,191.0,12.6,29.0,6.6
2025-08-31 01:00:00,2025,8,31,1,Vĩnh Long,Xã An Ngãi Trung,10.0916931,106.5448581,45,Good,0,24.9,94,0.0,8.7,225,1007.2,94,12.2,13.2,185.0,12.3,28.0,6.1
2025-08-31 02:00:00,2025,8,31,2,Vĩnh Long,Xã An Ngãi Trung,10.0916931,106.5448581,45,Good,0,24.7,95,0.0,8.1,238,1006.6,21,11.7,12.8,180.0,11.8,27.0,5.7
2025-08-31 03:00:00,2025,8,31,3,Vĩnh Long,Xã An Ngãi Trung,10.0916931,106.5448581,45,Good,0,24.6,95,0.0,8.6,247,1006.4,32,10.7,11.8,175.0,11.1,27.0,5.4
2025-08-31 04:00:00,2025,8,31,4,Vĩnh Long,Xã An Ngãi Trung,10.0916931,106.5448581,45,Good,0,24.5,96,0.0,10.2,233,1006.3,16,9.8,10.7,173.0,10.3,28.0,5.2
2025-08-31 05:00:00,2025,8,31,5,Vĩnh Long,Xã An Ngãi Trung,10.0916931,106.5448581,45,Good,0,24.8,95,0.0,12.1,250,1006.5,53,9.2,10.1,174.0,9.4,29.0,5.3
2025-08-31 06:00:00,2025,8,31,6,Vĩnh Long,Xã An Ngãi Trung,10.0916931,106.5448581,45,Good,0,24.7,96,0.0,10.1,245,1006.8,90,8.5,9.2,177.0,8.4,31.0,5.6
2025-08-31 07:00:00,2025,8,31,7,Vĩnh Long,Xã An Ngãi Trung,10.0916931,106.5448581,45,Good,0,25.8,91,0.0,13.3,254,1007.3,98,8.9,9.6,178.0,8.1,32.0,5.9
2025-08-31 08:00:00,2025,8,31,8,Vĩnh Long,Xã An Ngãi Trung,10.0916931,106.5448581,44,Good,0,27.9,85,0.0,13.4,244,1007.8,87,7.7,8.8,174.0,6.4,43.0,5.9
2025-08-31 09:00:00,2025,8,31,9,Vĩnh Long,Xã An Ngãi Trung,10.0916931,106.5448581,43,Good,0,28.9,80,0.0,13.0,246,1007.7,100,7.6,8.8,167.0,4.2,58.0,5.8
2025-08-31 10:00:00,2025,8,31,10,Vĩnh Long,Xã An Ngãi Trung,10.0916931,106.5448581,43,Good,0,29.8,75,0.0,13.4,250,1007.6,99,7.9,9.4,161.0,2.6,69.0,5.6
2025-08-31 11:00:00,2025,8,31,11,Vĩnh Long,Xã An Ngãi Trung,10.0916931,106.5448581,42,Good,0,30.8,72,0.0,12.4,256,1007.0,80,7.5,8.3,158.0,2.3,70.0,5.1
2025-08-31 12:00:00,2025,8,31,12,Vĩnh Long,Xã An Ngãi Trung,10.0916931,106.5448581,41,Good,0,31.3,69,0.2,13.0,259,1005.9,98,8.1,8.7,156.0,2.8,66.0,4.4
2025-08-31 13:00:00,2025,8,31,13,Vĩnh Long,Xã An Ngãi Trung,10.0916931,106.5448581,41,Good,0,31.0,70,2.2,14.3,245,1005.4,97,8.3,8.7,156.0,3.2,64.0,4.1
2025-08-31 14:00:00,2025,8,31,14,Vĩnh Long,Xã An Ngãi Trung,10.0916931,106.5448581,40,Good,0,28.0,87,4.2,10.5,229,1005.2,95,8.3,9.0,159.0,3.2,67.0,4.3
2025-08-31 15:00:00,2025,8,31,15,Vĩnh Long,Xã An Ngãi Trung,10.0916931,106.5448581,40,Good,0,27.1,88,6.5,11.8,242,1005.4,100,7.7,8.4,164.0,3.2,70.0,4.8
2025-08-31 16:00:00,2025,8,31,16,Vĩnh Long,Xã An Ngãi Trung,10.0916931,106.5448581,40,Good,0,27.3,87,0.2,13.9,247,1005.2,92,7.8,8.6,171.0,4.0,70.0,5.4
2025-08-31 17:00:00,2025,8,31,17,Vĩnh Long,Xã An Ngãi Trung,10.0916931,106.5448581,40,Good,0,26.7,88,3.1,11.9,238,1005.1,100,8.3,8.9,182.0,6.5,61.0,6.0
2025-08-31 18:00:00,2025,8,31,18,Vĩnh Long,Xã An Ngãi Trung,10.0916931,106.5448581,40,Good,0,26.4,90,0.1,11.7,247,1005.9,99,9.6,10.3,196.0,9.7,47.0,6.7
2025-08-31 19:00:00,2025,8,31,19,Vĩnh Long,Xã An Ngãi Trung,10.0916931,106.5448581,40,Good,0,26.1,91,0.0,11.8,251,1006.0,100,12.7,13.5,205.0,14.9,33.0,8.2
2025-08-31 20:00:00,2025,8,31,20,Vĩnh Long,Xã An Ngãi Trung,10.0916931,106.5448581,40,Good,0,26.2,91,0.2,12.8,246,1006.2,99,12.9,13.5,207.0,14.7,31.0,8.2
2025-08-31 21:00:00,2025,8,31,21,Vĩnh Long,Xã An Ngãi Trung,10.0916931,106.5448581,40,Good,0,25.9,92,0.1,10.9,243,1007.6,99,12.3,12.9,205.0,14.4,29.0,8.2
2025-08-31 22:00:00,2025,8,31,22,Vĩnh Long,Xã An Ngãi Trung,10.0916931,106.5448581,41,Good,0,25.8,92,0.0,12.6,246,1007.8,99,12.2,12.8,201.0,14.0,27.0,8.1
2025-08-31 23:00:00,2025,8,31,23,Vĩnh Long,Xã An Ngãi Trung,10.0916931,106.5448581,41,Good,0,25.6,92,0.0,12.5,249,1007.0,100,12.3,12.9,193.0,13.6,26.0,7.7
2025-09-01 00:00:00,2025,9,1,0,Vĩnh Long,Xã An Ngãi Trung,10.0916931,106.5448581,41,Good,0,25.3,93,0.0,12.1,255,1006.6,99,11.8,12.5,183.0,13.2,26.0,7.1
2025-09-01 01:00:00,2025,9,1,1,Vĩnh Long,Xã An Ngãi Trung,10.0916931,106.5448581,41,Good,0,25.1,93,0.0,11.1,256,1006.3,95,11.3,12.0,174.0,12.6,27.0,6.6
2025-09-01 02:00:00,2025,9,1,2,Vĩnh Long,Xã An Ngãi Trung,10.0916931,106.5448581,40,Good,0,25.0,93,0.0,12.4,253,1006.1,100,10.6,11.4,169.0,11.7,29.0,6.2
2025-09-01 03:00:00,2025,9,1,3,Vĩnh Long,Xã An Ngãi Trung,10.0916931,106.5448581,40,Good,0,24.9,94,0.0,10.6,255,1005.7,100,9.6,10.4,165.0,10.6,31.0,5.9
2025-09-01 04:00:00,2025,9,1,4,Vĩnh Long,Xã An Ngãi Trung,10.0916931,106.5448581,40,Good,0,24.9,94,0.3,11.9,247,1006.1,100,8.3,9.1,163.0,9.6,33.0,5.7
2025-09-01 05:00:00,2025,9,1,5,Vĩnh Long,Xã An Ngãi Trung,10.0916931,106.5448581,40,Good,0,24.9,95,0.0,10.2,249,1005.8,100,7.1,7.8,164.0,8.8,34.0,5.5
2025-09-01 06:00:00,2025,9,1,6,Vĩnh Long,Xã An Ngãi Trung,10.0916931,106.5448581,39,Good,0,24.8,96,0.0,12.5,243,1006.5,100,7.2,7.7,168.0,8.0,35.0,5.4
2025-09-01 07:00:00,2025,9,1,7,Vĩnh Long,Xã An Ngãi Trung,10.0916931,106.5448581,39,Good,0,25.8,92,0.1,13.9,245,1006.8,100,9.7,10.7,168.0,7.9,36.0,6.0
2025-09-01 08:00:00,2025,9,1,8,Vĩnh Long,Xã An Ngãi Trung,10.0916931,106.5448581,39,Good,0,27.1,85,0.0,14.7,246,1007.6,100,8.5,9.6,163.0,6.6,45.0,6.1
2025-09-01 09:00:00,2025,9,1,9,Vĩnh Long,Xã An Ngãi Trung,10.0916931,106.5448581,40,Good,0,27.9,84,0.0,15.8,249,1007.6,100,8.4,9.4,154.0,4.7,57.0,6.3
2025-09-01 10:00:00,2025,9,1,10,Vĩnh Long,Xã An Ngãi Trung,10.0916931,106.5448581,40,Good,0,28.8,80,0.1,13.3,261,1007.5,100,8.1,9.1,149.0,3.3,67.0,6.3
2025-09-01 11:00:00,2025,9,1,11,Vĩnh Long,Xã An Ngãi Trung,10.0916931,106.5448581,40,Good,0,30.0,76,0.1,12.3,259,1007.1,100,8.3,9.1,149.0,2.7,75.0,6.2
2025-09-01 12:00:00,2025,9,1,12,Vĩnh Long,Xã An Ngãi Trung,10.0916931,106.5448581,40,Good,0,30.0,71,0.9,16.1,245,1006.2,100,8.4,9.1,151.0,2.4,81.0,5.9
2025-09-01 13:00:00,2025,9,1,13,Vĩnh Long,Xã An Ngãi Trung,10.0916931,106.5448581,40,Good,0,27.0,89,4.0,9.2,277,1005.5,100,9.0,9.5,154.0,2.7,82.0,5.7
2025-09-01 14:00:00,2025,9,1,14,Vĩnh Long,Xã An Ngãi Trung,10.0916931,106.5448581,40,Good,0,26.5,88,1.9,17.2,252,1005.3,98,9.1,9.6,156.0,3.5,75.0,5.5
2025-09-01 15:00:00,2025,9,1,15,Vĩnh Long,Xã An Ngãi Trung,10.0916931,106.5448581,40,Good,0,27.1,88,0.3,13.2,220,1005.3,100,9.1,9.7,160.0,4.7,64.0,5.4
2025-09-01 16:00:00,2025,9,1,16,Vĩnh Long,Xã An Ngãi Trung,10.0916931,106.5448581,40,Good,0,27.2,86,0.1,14.1,242,1004.6,100,9.4,10.4,168.0,6.2,54.0,5.4
2025-09-01 17:00:00,2025,9,1,17,Vĩnh Long,Xã An Ngãi Trung,10.0916931,106.5448581,41,Good,0,26.5,90,0.7,13.0,243,1005.2,100,10.9,12.1,186.0,8.0,48.0,5.7
2025-09-01 18:00:00,2025,9,1,18,Vĩnh Long,Xã An Ngãi Trung,10.0916931,106.5448581,41,Good,0,26.1,93,0.2,10.7,248,1005.5,100,11.3,12.6,208.0,10.0,43.0,6.3
2025-09-01 19:00:00,2025,9,1,19,Vĩnh Long,Xã An Ngãi Trung,10.0916931,106.5448581,41,Good,0,25.7,94,0.0,9.5,251,1006.4,100,16.9,18.7,225.0,16.1,34.0,9.1
2025-09-01 20:00:00,2025,9,1,20,Vĩnh Long,Xã An Ngãi Trung,10.0916931,106.5448581,42,Good,0,25.4,94,0.0,12.2,243,1007.0,100,17.2,18.8,230.0,16.6,31.0,9.4
2025-09-01 21:00:00,2025,9,1,21,Vĩnh Long,Xã An Ngãi Trung,10.0916931,106.5448581,43,Good,0,25.1,94,0.0,10.0,244,1007.8,100,18.2,19.8,230.0,17.3,27.0,9.9
2025-09-01 22:00:00,2025,9,1,22,Vĩnh Long,Xã An Ngãi Trung,10.0916931,106.5448581,44,Good,0,25.1,94,0.0,9.4,240,1008.3,100,18.0,19.5,227.0,17.4,24.0,9.9
2025-09-01 23:00:00,2025,9,1,23,Vĩnh Long,Xã An Ngãi Trung,10.0916931,106.5448581,45,Good,0,25.1,94,0.0,10.1,243,1007.9,100,16.9,18.5,223.0,16.3,25.0,9.1
2025-09-02 00:00:00,2025,9,2,0,Vĩnh Long,Xã An Ngãi Trung,10.0916931,106.5448581,46,Good,0,25.0,95,0.1,6.6,241,1007.7,100,14.9,16.4,217.0,14.6,27.0,7.8
2025-09-02 01:00:00,2025,9,2,1,Vĩnh Long,Xã An Ngãi Trung,10.0916931,106.5448581,46,Good,0,25.0,96,0.2,8.0,242,1007.2,100,13.6,15.1,209.0,13.4,28.0,6.9
2025-09-02 02:00:00,2025,9,2,2,Vĩnh Long,Xã An Ngãi Trung,10.0916931,106.5448581,47,Good,0,25.0,96,0.1,7.4,244,1006.5,100,13.9,15.4,197.0,13.5,27.0,6.7
2025-09-02 03:00:00,2025,9,2,3,Vĩnh Long,Xã An Ngãi Trung,10.0916931,106.5448581,47,Good,0,24.9,96,0.1,8.8,250,1006.6,100,14.7,16.2,183.0,14.1,25.0,6.8
2025-09-02 04:00:00,2025,9,2,4,Vĩnh Long,Xã An Ngãi Trung,10.0916931,106.5448581,48,Good,0,24.9,96,0.6,10.8,260,1006.2,100,14.7,16.2,175.0,14.3,24.0,6.8
2025-09-02 05:00:00,2025,9,2,5,Vĩnh Long,Xã An Ngãi Trung,10.0916931,106.5448581,49,Good,0,24.9,96,0.3,10.8,255,1006.2,99,14.3,15.7,177.0,13.5,25.0,6.5
2025-09-02 06:00:00,2025,9,2,6,Vĩnh Long,Xã An Ngãi Trung,10.0916931,106.5448581,50,Good,0,24.9,97,0.1,10.7,254,1006.8,100,12.9,14.1,183.0,12.2,27.0,6.1
2025-09-02 07:00:00,2025,9,2,7,Vĩnh Long,Xã An Ngãi Trung,10.0916931,106.5448581,51,Moderate,1,25.6,94,0.1,15.2,249,1007.1,99,13.5,14.8,188.0,10.6,29.0,7.2
2025-09-02 08:00:00,2025,9,2,8,Vĩnh Long,Xã An Ngãi Trung,10.0916931,106.5448581,51,Moderate,1,25.8,94,0.0,10.9,241,1007.9,100,11.5,12.9,188.0,9.1,34.0,6.6
2025-09-02 09:00:00,2025,9,2,9,Vĩnh Long,Xã An Ngãi Trung,10.0916931,106.5448581,51,Moderate,1,26.4,89,0.0,14.5,245,1008.6,100,9.8,11.1,186.0,7.0,42.0,5.7
2025-09-02 10:00:00,2025,9,2,10,Vĩnh Long,Xã An Ngãi Trung,10.0916931,106.5448581,51,Moderate,1,27.0,88,0.1,13.1,245,1008.9,100,8.4,9.2,181.0,5.4,48.0,5.1
2025-09-02 11:00:00,2025,9,2,11,Vĩnh Long,Xã An Ngãi Trung,10.0916931,106.5448581,51,Moderate,1,27.5,86,0.0,12.1,237,1008.2,100,8.1,8.6,171.0,4.7,52.0,4.8
2025-09-02 12:00:00,2025,9,2,12,Vĩnh Long,Xã An Ngãi Trung,10.0916931,106.5448581,51,Moderate,1,28.3,81,0.1,13.7,251,1007.5,100,8.5,9.1,158.0,4.5,55.0,4.7
2025-09-02 13:00:00,2025,9,2,13,Vĩnh Long,Xã An Ngãi Trung,10.0916931,106.5448581,51,Moderate,1,27.8,84,0.5,11.9,241,1006.6,99,8.8,9.3,149.0,4.8,56.0,4.8
2025-09-02 14:00:00,2025,9,2,14,Vĩnh Long,Xã An Ngãi Trung,10.0916931,106.5448581,51,Moderate,1,28.6,82,0.0,11.2,232,1005.4,100,9.2,9.7,144.0,5.7,55.0,5.3
2025-09-02 15:00:00,2025,9,2,15,Vĩnh Long,Xã An Ngãi Trung,10.0916931,106.5448581,51,Moderate,1,29.1,79,0.1,13.4,244,1005.1,100,9.0,9.6,142.0,7.1,52.0,6.1
2025-09-02 16:00:00,2025,9,2,16,Vĩnh Long,Xã An Ngãi Trung,10.0916931,106.5448581,51,Moderate,1,29.0,79,0.1,9.3,262,1005.2,100,10.6,11.3,148.0,8.8,48.0,6.9
2025-09-02 17:00:00,2025,9,2,17,Vĩnh Long,Xã An Ngãi Trung,10.0916931,106.5448581,52,Moderate,1,25.2,94,9.7,7.7,267,1007.0,100,11.2,12.2,165.0,11.1,43.0,7.6
2025-09-02 18:00:00,2025,9,2,18,Vĩnh Long,Xã An Ngãi Trung,10.0916931,106.5448581,52,Moderate,1,25.5,95,1.9,8.1,204,1006.9,100,12.2,13.0,190.0,13.7,37.0,8.2
2025-09-02 19:00:00,2025,9,2,19,Vĩnh Long,Xã An Ngãi Trung,10.0916931,106.5448581,52,Moderate,1,25.3,95,2.6,5.4,217,1007.6,100,21.7,23.5,220.0,20.7,35.0,11.5
2025-09-02 20:00:00,2025,9,2,20,Vĩnh Long,Xã An Ngãi Trung,10.0916931,106.5448581,52,Moderate,1,25.1,96,2.1,7.7,303,1008.1,100,26.1,27.9,261.0,24.3,30.0,13.4
2025-09-02 21:00:00,2025,9,2,21,Vĩnh Long,Xã An Ngãi Trung,10.0916931,106.5448581,53,Moderate,1,25.3,97,0.4,4.7,263,1008.7,100,32.2,34.2,306.0,29.2,22.0,15.8
2025-09-02 22:00:00,2025,9,2,22,Vĩnh Long,Xã An Ngãi Trung,10.0916931,106.5448581,54,Moderate,1,25.4,96,0.3,1.4,293,1009.2,100,34.8,36.7,335.0,32.1,16.0,17.0
2025-09-02 23:00:00,2025,9,2,23,Vĩnh Long,Xã An Ngãi Trung,10.0916931,106.5448581,56,Moderate,1,25.1,97,0.2,3.1,280,1008.8,100,30.7,32.4,336.0,31.2,13.0,15.7
2025-09-03 00:00:00,2025,9,3,0,Vĩnh Long,Xã An Ngãi Trung,10.0916931,106.5448581,57,Moderate,1,25.1,97,0.1,4.8,259,1008.5,100,27.4,28.8,320.0,28.3,11.0,13.1
2025-09-03 01:00:00,2025,9,3,1,Vĩnh Long,Xã An Ngãi Trung,10.0916931,106.5448581,58,Moderate,1,25.0,97,0.0,8.4,250,1007.8,100,26.4,27.5,305.0,25.2,11.0,10.8
2025-09-03 02:00:00,2025,9,3,2,Vĩnh Long,Xã An Ngãi Trung,10.0916931,106.5448581,59,Moderate,1,25.0,98,0.1,6.8,248,1007.4,100,22.6,23.6,295.0,22.4,12.0,9.3
2025-09-03 03:00:00,2025,9,3,3,Vĩnh Long,Xã An Ngãi Trung,10.0916931,106.5448581,60,Moderate,1,25.0,98,0.0,7.3,263,1007.0,100,18.5,19.3,285.0,19.3,14.0,8.0
2025-09-03 04:00:00,2025,9,3,4,Vĩnh Long,Xã An Ngãi Trung,10.0916931,106.5448581,60,Moderate,1,24.9,98,0.0,6.7,279,1006.8,100,15.7,16.5,274.0,16.7,16.0,7.3
2025-09-03 05:00:00,2025,9,3,5,Vĩnh Long,Xã An Ngãi Trung,10.0916931,106.5448581,60,Moderate,1,25.0,97,0.1,8.0,279,1006.8,100,13.5,14.1,264.0,14.8,18.0,7.3
2025-09-03 06:00:00,2025,9,3,6,Vĩnh Long,Xã An Ngãi Trung,10.0916931,106.5448581,60,Moderate,1,24.9,98,0.1,7.2,273,1006.9,100,12.6,13.2,254.0,13.3,20.0,7.8
2025-09-03 07:00:00,2025,9,3,7,Vĩnh Long,Xã An Ngãi Trung,10.0916931,106.5448581,60,Moderate,1,25.6,95,0.2,9.2,271,1007.8,97,9.7,10.3,241.0,9.4,29.0,7.6
2025-09-03 08:00:00,2025,9,3,8,Vĩnh Long,Xã An Ngãi Trung,10.0916931,106.5448581,60,Moderate,1,26.9,91,0.1,10.8,281,1008.5,100,9.0,9.5,221.0,8.0,37.0,7.8
2025-09-03 09:00:00,2025,9,3,9,Vĩnh Long,Xã An Ngãi Trung,10.0916931,106.5448581,60,Moderate,1,28.1,88,0.2,8.5,295,1008.7,100,9.1,9.4,198.0,6.0,50.0,7.9
2025-09-03 10:00:00,2025,9,3,10,Vĩnh Long,Xã An Ngãi Trung,10.0916931,106.5448581,60,Moderate,1,29.0,84,0.5,9.3,286,1009.0,94,8.5,8.8,180.0,4.3,61.0,7.9
2025-09-03 11:00:00,2025,9,3,11,Vĩnh Long,Xã An Ngãi Trung,10.0916931,106.5448581,60,Moderate,1,29.8,78,0.6,11.1,287,1008.5,91,8.8,9.2,169.0,3.2,71.0,7.4
2025-09-03 12:00:00,2025,9,3,12,Vĩnh Long,Xã An Ngãi Trung,10.0916931,106.5448581,60,Moderate,1,29.7,73,1.5,14.3,288,1007.6,98,9.0,9.5,161.0,2.4,81.0,6.6
2025-09-03 13:00:00,2025,9,3,13,Vĩnh Long,Xã An Ngãi Trung,10.0916931,106.5448581,60,Moderate,1,27.8,84,2.3,11.4,254,1006.8,97,10.4,11.0,158.0,2.1,88.0,6.2
2025-09-03 14:00:00,2025,9,3,14,Vĩnh Long,Xã An Ngãi Trung,10.0916931,106.5448581,60,Moderate,1,27.2,84,2.4,12.2,234,1006.7,100,11.6,12.2,155.0,2.0,92.0,6.4
2025-09-03 15:00:00,2025,9,3,15,Vĩnh Long,Xã An Ngãi Trung,10.0916931,106.5448581,60,Moderate,1,26.9,90,1.1,8.6,250,1005.7,93,12.8,13.3,157.0,2.4,93.0,7.0
2025-09-03 16:00:00,2025,9,3,16,Vĩnh Long,Xã An Ngãi Trung,10.0916931,106.5448581,60,Moderate,1,26.8,88,0.1,12.1,264,1005.2,52,11.8,12.5,170.0,4.0,89.0,7.8
2025-09-03 17:00:00,2025,9,3,17,Vĩnh Long,Xã An Ngãi Trung,10.0916931,106.5448581,60,Moderate,1,27.1,89,0.0,8.6,254,1005.1,69,11.6,12.3,205.0,7.6,77.0,8.7
2025-09-03 18:00:00,2025,9,3,18,Vĩnh Long,Xã An Ngãi Trung,10.0916931,106.5448581,61,Moderate,1,26.4,87,0.3,6.0,265,1006.0,78,14.4,15.0,252.0,12.5,60.0,9.7
2025-09-03 19:00:00,2025,9,3,19,Vĩnh Long,Xã An Ngãi Trung,10.0916931,106.5448581,61,Moderate,1,25.8,93,0.0,4.1,308,1006.4,61,23.9,25.1,290.0,17.1,49.0,10.6
2025-09-03 20:00:00,2025,9,3,20,Vĩnh Long,Xã An Ngãi Trung,10.0916931,106.5448581,61,Moderate,1,26.2,92,0.0,7.9,258,1006.8,51,26.1,27.4,314.0,18.3,44.0,11.5
2025-09-03 21:00:00,2025,9,3,21,Vĩnh Long,Xã An Ngãi Trung,10.0916931,106.5448581,61,Moderate,1,26.1,91,0.0,8.5,263,1007.8,66,25.2,26.5,328.0,19.9,36.0,12.8
2025-09-03 22:00:00,2025,9,3,22,Vĩnh Long,Xã An Ngãi Trung,10.0916931,106.5448581,60,Moderate,1,25.7,93,0.0,8.0,276,1008.5,92,25.0,26.5,326.0,20.7,30.0,13.3
2025-09-03 23:00:00,2025,9,3,23,Vĩnh Long,Xã An Ngãi Trung,10.0916931,106.5448581,59,Moderate,1,25.4,95,0.0,7.0,257,1008.3,100,26.3,28.1,296.0,19.9,26.0,12.4
2025-09-04 00:00:00,2025,9,4,0,Vĩnh Long,Xã An Ngãi Trung,10.0916931,106.5448581,59,Moderate,1,25.1,96,0.0,6.6,261,1008.2,100,20.9,22.6,248.0,18.3,24.0,10.8
2025-09-04 01:00:00,2025,9,4,1,Vĩnh Long,Xã An Ngãi Trung,10.0916931,106.5448581,58,Moderate,1,24.9,97,0.0,6.1,251,1007.6,100,16.2,17.5,210.0,16.7,23.0,9.4
2025-09-04 02:00:00,2025,9,4,2,Vĩnh Long,Xã An Ngãi Trung,10.0916931,106.5448581,58,Moderate,1,24.8,97,0.7,7.8,248,1006.9,100,13.2,14.1,191.0,15.3,23.0,8.4
2025-09-04 03:00:00,2025,9,4,3,Vĩnh Long,Xã An Ngãi Trung,10.0916931,106.5448581,57,Moderate,1,24.0,98,3.4,9.7,285,1007.0,100,11.6,12.4,181.0,13.9,24.0,7.5
2025-09-04 04:00:00,2025,9,4,4,Vĩnh Long,Xã An Ngãi Trung,10.0916931,106.5448581,56,Moderate,1,24.4,97,0.1,7.2,248,1006.9,100,10.7,11.4,176.0,12.6,26.0,6.9
2025-09-04 05:00:00,2025,9,4,5,Vĩnh Long,Xã An Ngãi Trung,10.0916931,106.5448581,56,Moderate,1,24.7,96,0.1,9.6,253,1007.1,100,10.2,10.9,176.0,11.6,27.0,6.9
2025-09-04 06:00:00,2025,9,4,6,Vĩnh Long,Xã An Ngãi Trung,10.0916931,106.5448581,55,Moderate,1,24.6,97,0.1,9.6,257,1006.8,100,10.1,10.6,181.0,10.8,28.0,7.3
2025-09-04 07:00:00,2025,9,4,7,Vĩnh Long,Xã An Ngãi Trung,10.0916931,106.5448581,55,Moderate,1,25.3,95,0.0,14.6,249,1007.9,95,13.7,14.6,181.0,10.8,27.0,7.4
2025-09-04 08:00:00,2025,9,4,8,Vĩnh Long,Xã An Ngãi Trung,10.0916931,106.5448581,56,Moderate,1,27.2,85,0.0,14.3,256,1008.5,98,11.0,12.1,173.0,8.8,36.0,7.3
2025-09-04 09:00:00,2025,9,4,9,Vĩnh Long,Xã An Ngãi Trung,10.0916931,106.5448581,56,Moderate,1,28.3,83,0.1,14.4,257,1008.8,98,9.3,10.7,161.0,6.0,50.0,7.1
2025-09-04 10:00:00,2025,9,4,10,Vĩnh Long,Xã An Ngãi Trung,10.0916931,106.5448581,56,Moderate,1,29.5,80,0.1,13.3,260,1008.5,91,9.5,11.1,150.0,3.8,61.0,6.8
2025-09-04 11:00:00,2025,9,4,11,Vĩnh Long,Xã An Ngãi Trung,10.0916931,106.5448581,56,Moderate,1,30.0,76,0.1,13.2,258,1007.9,99,9.6,10.9,141.0,2.8,69.0,6.2
2025-09-04 12:00:00,2025,9,4,12,Vĩnh Long,Xã An Ngãi Trung,10.0916931,106.5448581,56,Moderate,1,30.9,73,0.1,12.2,261,1007.0,100,8.5,9.4,132.0,2.4,76.0,5.6
2025-09-04 13:00:00,2025,9,4,13,Vĩnh Long,Xã An Ngãi Trung,10.0916931,106.5448581,56,Moderate,1,30.1,73,0.6,12.3,256,1005.7,100,9.0,9.8,128.0,2.3,80.0,5.1
2025-09-04 14:00:00,2025,9,4,14,Vĩnh Long,Xã An Ngãi Trung,10.0916931,106.5448581,56,Moderate,1,29.0,79,1.1,12.8,222,1005.0,96,9.9,10.6,128.0,2.2,83.0,5.0
2025-09-04 15:00:00,2025,9,4,15,Vĩnh Long,Xã An Ngãi Trung,10.0916931,106.5448581,56,Moderate,1,29.1,81,0.6,12.1,224,1004.3,86,10.9,11.6,132.0,2.4,84.0,5.1
2025-09-04 16:00:00,2025,9,4,16,Vĩnh Long,Xã An Ngãi Trung,10.0916931,106.5448581,55,Moderate,1,29.5,77,0.1,10.7,234,1004.4,90,9.6,10.3,143.0,3.6,80.0,5.4
2025-09-04 17:00:00,2025,9,4,17,Vĩnh Long,Xã An Ngãi Trung,10.0916931,106.5448581,55,Moderate,1,25.8,92,5.7,11.6,222,1005.5,98,11.2,11.8,166.0,6.9,69.0,6.2
2025-09-04 18:00:00,2025,9,4,18,Vĩnh Long,Xã An Ngãi Trung,10.0916931,106.5448581,55,Moderate,1,25.7,92,0.5,5.2,202,1005.8,84,13.6,14.4,195.0,11.2,53.0,7.2
2025-09-04 19:00:00,2025,9,4,19,Vĩnh Long,Xã An Ngãi Trung,10.0916931,106.5448581,55,Moderate,1,25.4,94,0.0,5.9,207,1006.1,96,20.4,22.1,220.0,18.2,40.0,9.6
2025-09-04 20:00:00,2025,9,4,20,Vĩnh Long,Xã An Ngãi Trung,10.0916931,106.5448581,55,Moderate,1,26.0,91,0.0,7.3,222,1006.6,94,19.2,20.9,237.0,17.2,37.0,9.3
2025-09-04 21:00:00,2025,9,4,21,Vĩnh Long,Xã An Ngãi Trung,10.0916931,106.5448581,54,Moderate,1,25.7,93,0.0,5.7,238,1007.7,84,17.2,18.7,250.0,15.7,33.0,8.8
2025-09-04 22:00:00,2025,9,4,22,Vĩnh Long,Xã An Ngãi Trung,10.0916931,106.5448581,53,Moderate,1,25.6,95,0.0,7.2,235,1008.0,99,16.0,17.4,251.0,14.5,30.0,8.3
2025-09-04 23:00:00,2025,9,4,23,Vĩnh Long,Xã An Ngãi Trung,10.0916931,106.5448581,53,Moderate,1,25.5,95,0.0,9.4,225,1008.2,100,15.1,16.4,235.0,13.7,28.0,7.7
2025-09-05 00:00:00,2025,9,5,0,Vĩnh Long,Xã An Ngãi Trung,10.0916931,106.5448581,52,Moderate,1,25.3,95,0.0,8.9,238,1007.9,96,14.0,15.3,208.0,13.1,28.0,7.0
2025-09-05 01:00:00,2025,9,5,1,Vĩnh Long,Xã An Ngãi Trung,10.0916931,106.5448581,51,Moderate,1,25.1,95,0.0,9.8,230,1007.3,92,13.2,14.4,184.0,12.7,27.0,6.5
2025-09-05 02:00:00,2025,9,5,2,Vĩnh Long,Xã An Ngãi Trung,10.0916931,106.5448581,51,Moderate,1,25.0,96,0.0,8.6,231,1006.9,56,12.4,13.7,167.0,12.5,26.0,6.2
2025-09-05 03:00:00,2025,9,5,3,Vĩnh Long,Xã An Ngãi Trung,10.0916931,106.5448581,51,Moderate,1,24.9,96,0.0,7.9,240,1006.2,72,12.0,13.2,153.0,12.5,26.0,6.1
2025-09-05 04:00:00,2025,9,5,4,Vĩnh Long,Xã An Ngãi Trung,10.0916931,106.5448581,51,Moderate,1,24.8,97,0.0,8.1,252,1006.2,100,12.1,13.3,145.0,12.3,26.0,6.2
2025-09-05 05:00:00,2025,9,5,5,Vĩnh Long,Xã An Ngãi Trung,10.0916931,106.5448581,51,Moderate,1,24.7,97,0.0,9.0,250,1006.2,100,12.7,13.8,147.0,11.9,26.0,6.7
2025-09-05 06:00:00,2025,9,5,6,Vĩnh Long,Xã An Ngãi Trung,10.0916931,106.5448581,51,Moderate,1,24.7,96,0.0,10.0,249,1007.5,99,13.0,14.0,154.0,11.3,26.0,7.4
2025-09-05 07:00:00,2025,9,5,7,Vĩnh Long,Xã An Ngãi Trung,10.0916931,106.5448581,51,Moderate,1,25.9,91,0.0,11.2,265,1007.8,100,9.9,10.4,158.0,9.2,30.0,6.8
2025-09-05 08:00:00,2025,9,5,8,Vĩnh Long,Xã An Ngãi Trung,10.0916931,106.5448581,51,Moderate,1,27.8,84,0.0,14.2,258,1008.8,84,9.3,10.5,153.0,7.4,40.0,6.7
2025-09-05 09:00:00,2025,9,5,9,Vĩnh Long,Xã An Ngãi Trung,10.0916931,106.5448581,51,Moderate,1,28.9,82,0.1,12.6,251,1009.2,99,8.8,10.2,144.0,4.9,53.0,6.6
2025-09-05 10:00:00,2025,9,5,10,Vĩnh Long,Xã An Ngãi Trung,10.0916931,106.5448581,51,Moderate,1,30.0,77,0.1,11.3,260,1009.0,93,7.6,8.7,137.0,3.0,65.0,6.3
2025-09-05 11:00:00,2025,9,5,11,Vĩnh Long,Xã An Ngãi Trung,10.0916931,106.5448581,51,Moderate,1,31.0,73,0.1,11.6,258,1008.6,56,7.7,8.4,133.0,2.1,74.0,5.8
2025-09-05 12:00:00,2025,9,5,12,Vĩnh Long,Xã An Ngãi Trung,10.0916931,106.5448581,50,Good,0,31.4,70,0.2,11.9,260,1007.3,100,8.5,9.2,130.0,1.7,81.0,5.3
2025-09-05 13:00:00,2025,9,5,13,Vĩnh Long,Xã An Ngãi Trung,10.0916931,106.5448581,50,Good,0,29.8,75,2.6,12.2,232,1006.2,100,9.6,10.3,130.0,1.7,85.0,4.9
2025-09-05 14:00:00,2025,9,5,14,Vĩnh Long,Xã An Ngãi Trung,10.0916931,106.5448581,51,Moderate,1,27.8,87,10.1,10.3,227,1006.4,100,10.5,11.2,133.0,1.8,83.0,4.7
2025-09-05 15:00:00,2025,9,5,15,Vĩnh Long,Xã An Ngãi Trung,10.0916931,106.5448581,51,Moderate,1,27.0,86,0.3,12.2,200,1005.3,92,10.2,10.7,138.0,2.3,77.0,4.6
2025-09-05 16:00:00,2025,9,5,16,Vĩnh Long,Xã An Ngãi Trung,10.0916931,106.5448581,51,Moderate,1,28.1,83,0.0,9.3,214,1005.4,92,9.5,9.9,151.0,3.9,70.0,4.9
2025-09-05 17:00:00,2025,9,5,17,Vĩnh Long,Xã An Ngãi Trung,10.0916931,106.5448581,51,Moderate,1,27.9,83,0.0,11.5,241,1005.4,99,9.1,9.5,175.0,7.4,62.0,6.0
2025-09-05 18:00:00,2025,9,5,18,Vĩnh Long,Xã An Ngãi Trung,10.0916931,106.5448581,50,Good,0,26.9,88,0.0,7.6,252,1006.5,96,11.0,11.3,207.0,11.9,53.0,7.5
2025-09-05 19:00:00,2025,9,5,19,Vĩnh Long,Xã An Ngãi Trung,10.0916931,106.5448581,50,Good,0,26.2,92,0.0,5.1,247,1007.0,97,14.6,15.7,234.0,12.5,46.0,6.3
2025-09-05 20:00:00,2025,9,5,20,Vĩnh Long,Xã An Ngãi Trung,10.0916931,106.5448581,49,Good,0,26.5,93,0.0,6.8,230,1007.4,91,16.3,17.4,256.0,13.3,42.0,6.9
2025-09-05 21:00:00,2025,9,5,21,Vĩnh Long,Xã An Ngãi Trung,10.0916931,106.5448581,49,Good,0,26.1,93,0.0,7.0,226,1008.0,94,17.0,18.4,274.0,14.5,36.0,7.6
2025-09-05 22:00:00,2025,9,5,22,Vĩnh Long,Xã An Ngãi Trung,10.0916931,106.5448581,49,Good,0,25.9,93,0.0,6.8,220,1008.6,99,17.8,19.3,280.0,15.5,31.0,8.1
2025-09-05 23:00:00,2025,9,5,23,Vĩnh Long,Xã An Ngãi Trung,10.0916931,106.5448581,49,Good,0,25.6,94,0.0,5.8,214,1009.0,99,17.8,19.6,267.0,16.1,28.0,8.1
2025-09-06 00:00:00,2025,9,6,0,Vĩnh Long,Xã An Ngãi Trung,10.0916931,106.5448581,49,Good,0,25.5,94,0.0,6.1,225,1008.7,100,18.0,20.0,243.0,16.5,26.0,7.7
2025-09-06 01:00:00,2025,9,6,1,Vĩnh Long,Xã An Ngãi Trung,10.0916931,106.5448581,50,Good,0,25.5,94,0.0,8.0,220,1008.4,100,18.5,20.8,220.0,16.6,24.0,7.5
2025-09-06 02:00:00,2025,9,6,2,Vĩnh Long,Xã An Ngãi Trung,10.0916931,106.5448581,51,Moderate,1,25.4,95,0.0,7.8,230,1007.5,100,18.6,21.1,201.0,16.5,23.0,7.4
2025-09-06 03:00:00,2025,9,6,3,Vĩnh Long,Xã An Ngãi Trung,10.0916931,106.5448581,51,Moderate,1,25.4,94,0.0,9.7,241,1006.8,100,18.3,20.9,183.0,16.3,22.0,7.4
2025-09-06 04:00:00,2025,9,6,4,Vĩnh Long,Xã An Ngãi Trung,10.0916931,106.5448581,52,Moderate,1,25.0,96,0.0,4.7,268,1006.9,100,17.7,20.3,172.0,15.7,22.0,7.5
2025-09-06 05:00:00,2025,9,6,5,Vĩnh Long,Xã An Ngãi Trung,10.0916931,106.5448581,52,Moderate,1,24.6,96,0.0,4.5,277,1006.8,100,17.5,20.0,173.0,14.9,21.0,7.7
2025-09-06 06:00:00,2025,9,6,6,Vĩnh Long,Xã An Ngãi Trung,10.0916931,106.5448581,53,Moderate,1,24.9,96,0.0,7.2,267,1007.5,100,18.3,20.7,181.0,13.8,21.0,8.1
2025-09-06 07:00:00,2025,9,6,7,Vĩnh Long,Xã An Ngãi Trung,10.0916931,106.5448581,53,Moderate,1,26.3,91,0.0,9.8,257,1008.2,100,21.0,23.3,186.0,14.9,20.0,7.5
2025-09-06 08:00:00,2025,9,6,8,Vĩnh Long,Xã An Ngãi Trung,10.0916931,106.5448581,54,Moderate,1,26.0,92,0.0,6.2,287,1009.4,100,17.2,20.4,185.0,11.7,33.0,7.5
2025-09-06 09:00:00,2025,9,6,9,Vĩnh Long,Xã An Ngãi Trung,10.0916931,106.5448581,55,Moderate,1,27.0,89,0.0,9.0,273,1009.6,100,14.2,17.7,182.0,7.3,50.0,7.5
2025-09-06 10:00:00,2025,9,6,10,Vĩnh Long,Xã An Ngãi Trung,10.0916931,106.5448581,55,Moderate,1,28.5,83,0.0,11.3,257,1009.4,100,12.5,15.8,175.0,3.9,65.0,7.2
2025-09-06 11:00:00,2025,9,6,11,Vĩnh Long,Xã An Ngãi Trung,10.0916931,106.5448581,56,Moderate,1,30.2,73,0.0,15.2,254,1008.9,100,10.5,12.7,162.0,2.3,75.0,6.5
2025-09-06 12:00:00,2025,9,6,12,Vĩnh Long,Xã An Ngãi Trung,10.0916931,106.5448581,56,Moderate,1,31.3,67,0.1,16.1,260,1008.1,100,8.5,9.8,146.0,1.7,83.0,5.6
2025-09-06 13:00:00,2025,9,6,13,Vĩnh Long,Xã An Ngãi Trung,10.0916931,106.5448581,56,Moderate,1,30.2,71,0.5,16.8,241,1007.1,100,8.4,9.5,135.0,1.6,87.0,4.9
2025-09-06 14:00:00,2025,9,6,14,Vĩnh Long,Xã An Ngãi Trung,10.0916931,106.5448581,56,Moderate,1,30.6,72,0.1,13.3,245,1006.1,100,8.2,9.2,131.0,1.5,86.0,4.3
2025-09-06 15:00:00,2025,9,6,15,Vĩnh Long,Xã An Ngãi Trung,10.0916931,106.5448581,56,Moderate,1,28.9,81,2.0,11.5,247,1005.4,98,7.7,8.5,132.0,2.0,82.0,3.8
2025-09-06 16:00:00,2025,9,6,16,Vĩnh Long,Xã An Ngãi Trung,10.0916931,106.5448581,55,Moderate,1,29.4,79,0.0,11.6,221,1004.8,98,7.5,8.2,141.0,3.5,75.0,3.9
2025-09-06 17:00:00,2025,9,6,17,Vĩnh Long,Xã An Ngãi Trung,10.0916931,106.5448581,55,Moderate,1,27.9,84,1.6,9.9,266,1005.9,100,8.5,9.6,168.0,7.3,65.0,4.9
2025-09-06 18:00:00,2025,9,6,18,Vĩnh Long,Xã An Ngãi Trung,10.0916931,106.5448581,55,Moderate,1,26.9,92,0.0,3.6,240,1006.3,100,11.0,11.9,202.0,12.2,52.0,6.4
2025-09-06 19:00:00,2025,9,6,19,Vĩnh Long,Xã An Ngãi Trung,10.0916931,106.5448581,55,Moderate,1,26.8,90,0.0,7.5,237,1007.1,100,12.0,13.4,221.0,10.7,47.0,5.9
2025-09-06 20:00:00,2025,9,6,20,Vĩnh Long,Xã An Ngãi Trung,10.0916931,106.5448581,55,Moderate,1,26.4,91,0.0,8.9,212,1007.6,100,12.8,14.0,208.0,11.4,43.0,6.3
2025-09-06 21:00:00,2025,9,6,21,Vĩnh Long,Xã An Ngãi Trung,10.0916931,106.5448581,55,Moderate,1,26.4,91,0.0,8.7,202,1008.5,100,13.3,14.5,179.0,12.4,37.0,6.7
2025-09-06 22:00:00,2025,9,6,22,Vĩnh Long,Xã An Ngãi Trung,10.0916931,106.5448581,54,Moderate,1,26.1,91,0.0,10.6,215,1009.0,100,13.9,15.1,157.0,13.1,33.0,7.0
2025-09-06 23:00:00,2025,9,6,23,Vĩnh Long,Xã An Ngãi Trung,10.0916931,106.5448581,54,Moderate,1,26.0,92,0.0,10.6,222,1009.0,100,14.2,15.5,153.0,13.2,31.0,6.8
2025-09-07 00:00:00,2025,9,7,0,Vĩnh Long,Xã An Ngãi Trung,10.0916931,106.5448581,54,Moderate,1,25.7,93,0.0,9.6,232,1008.9,100,14.1,15.5,157.0,13.1,30.0,6.5
2025-09-07 01:00:00,2025,9,7,1,Vĩnh Long,Xã An Ngãi Trung,10.0916931,106.5448581,53,Moderate,1,25.4,94,0.0,6.5,236,1008.7,100,14.1,15.6,157.0,13.0,29.0,6.2
2025-09-07 02:00:00,2025,9,7,2,Vĩnh Long,Xã An Ngãi Trung,10.0916931,106.5448581,53,Moderate,1,25.4,94,0.0,8.5,216,1007.3,100,14.5,16.1,148.0,13.4,27.0,6.2
2025-09-07 03:00:00,2025,9,7,3,Vĩnh Long,Xã An Ngãi Trung,10.0916931,106.5448581,52,Moderate,1,25.3,94,0.0,8.6,200,1007.2,100,15.1,16.8,136.0,13.8,25.0,6.3
2025-09-07 04:00:00,2025,9,7,4,Vĩnh Long,Xã An Ngãi Trung,10.0916931,106.5448581,52,Moderate,1,25.4,94,0.0,10.3,207,1007.0,100,15.5,17.4,130.0,13.8,25.0,6.4
2025-09-07 05:00:00,2025,9,7,5,Vĩnh Long,Xã An Ngãi Trung,10.0916931,106.5448581,52,Moderate,1,25.3,94,0.0,7.7,231,1007.4,100,16.1,18.1,137.0,13.0,27.0,6.5
2025-09-07 06:00:00,2025,9,7,6,Vĩnh Long,Xã An Ngãi Trung,10.0916931,106.5448581,52,Moderate,1,25.2,95,0.0,6.9,221,1007.8,100,16.9,19.0,150.0,11.7,30.0,6.5
2025-09-07 07:00:00,2025,9,7,7,Vĩnh Long,Xã An Ngãi Trung,10.0916931,106.5448581,52,Moderate,1,26.5,92,0.0,7.2,219,1008.4,100,11.1,12.8,159.0,9.6,36.0,5.6
2025-09-07 08:00:00,2025,9,7,8,Vĩnh Long,Xã An Ngãi Trung,10.0916931,106.5448581,51,Moderate,1,28.4,84,0.0,8.1,217,1009.2,100,10.3,12.0,157.0,8.6,40.0,5.4
2025-09-07 09:00:00,2025,9,7,9,Vĩnh Long,Xã An Ngãi Trung,10.0916931,106.5448581,50,Good,0,29.9,76,0.2,10.2,219,1009.3,100,10.6,12.4,151.0,7.1,46.0,5.2
2025-09-07 10:00:00,2025,9,7,10,Vĩnh Long,Xã An Ngãi Trung,10.0916931,106.5448581,50,Good,0,27.5,83,3.8,12.9,238,1009.8,100,10.4,12.1,146.0,5.8,53.0,4.9
2025-09-07 11:00:00,2025,9,7,11,Vĩnh Long,Xã An Ngãi Trung,10.0916931,106.5448581,50,Good,0,27.5,84,0.3,8.0,234,1009.7,98,10.2,11.8,145.0,4.5,62.0,4.6
2025-09-07 12:00:00,2025,9,7,12,Vĩnh Long,Xã An Ngãi Trung,10.0916931,106.5448581,49,Good,0,29.8,77,0.2,10.8,208,1008.9,100,9.5,10.4,145.0,3.3,73.0,4.2
2025-09-07 13:00:00,2025,9,7,13,Vĩnh Long,Xã An Ngãi Trung,10.0916931,106.5448581,50,Good,0,27.5,80,2.1,21.4,232,1008.2,100,9.0,9.5,148.0,2.9,78.0,4.0
2025-09-07 14:00:00,2025,9,7,14,Vĩnh Long,Xã An Ngãi Trung,10.0916931,106.5448581,50,Good,0,25.2,95,4.7,10.1,245,1007.5,100,7.8,8.3,152.0,3.7,74.0,4.0
2025-09-07 15:00:00,2025,9,7,15,Vĩnh Long,Xã An Ngãi Trung,10.0916931,106.5448581,50,Good,0,25.9,92,0.3,14.1,218,1007.2,100,7.3,7.7,158.0,5.4,64.0,4.2
2025-09-07 16:00:00,2025,9,7,16,Vĩnh Long,Xã An Ngãi Trung,10.0916931,106.5448581,50,Good,0,25.6,92,0.5,9.1,218,1006.8,100,8.6,9.0,170.0,7.2,56.0,4.5
2025-09-07 17:00:00,2025,9,7,17,Vĩnh Long,Xã An Ngãi Trung,10.0916931,106.5448581,50,Good,0,25.5,94,0.5,10.5,232,1007.0,100,9.5,9.8,193.0,9.3,52.0,5.2
2025-09-07 18:00:00,2025,9,7,18,Vĩnh Long,Xã An Ngãi Trung,10.0916931,106.5448581,50,Good,0,25.4,96,0.3,7.9,231,1008.0,100,10.7,11.0,223.0,11.6,50.0,6.1
2025-09-07 19:00:00,2025,9,7,19,Vĩnh Long,Xã An Ngãi Trung,10.0916931,106.5448581,50,Good,0,25.2,96,0.0,6.4,216,1008.5,100,13.2,14.1,247.0,11.9,53.0,5.8
2025-09-07 20:00:00,2025,9,7,20,Vĩnh Long,Xã An Ngãi Trung,10.0916931,106.5448581,50,Good,0,24.9,96,0.2,7.3,203,1010.0,100,13.9,14.7,263.0,12.4,51.0,6.0
2025-09-07 21:00:00,2025,9,7,21,Vĩnh Long,Xã An Ngãi Trung,10.0916931,106.5448581,50,Good,0,25.0,96,0.2,4.3,225,1010.0,100,14.7,15.6,273.0,13.0,48.0,6.4
2025-09-07 22:00:00,2025,9,7,22,Vĩnh Long,Xã An Ngãi Trung,10.0916931,106.5448581,50,Good,0,25.0,96,0.0,5.9,198,1010.4,100,15.8,16.6,275.0,13.3,46.0,6.5
2025-09-07 23:00:00,2025,9,7,23,Vĩnh Long,Xã An Ngãi Trung,10.0916931,106.5448581,50,Good,0,24.9,97,0.1,4.0,183,1010.5,100,15.7,16.6,262.0,13.1,46.0,6.3
2025-09-08 00:00:00,2025,9,8,0,Vĩnh Long,Xã An Ngãi Trung,10.0916931,106.5448581,51,Moderate,1,24.8,97,0.1,6.5,208,1010.0,100,14.7,15.4,241.0,12.6,46.0,5.8
2025-09-08 01:00:00,2025,9,8,1,Vĩnh Long,Xã An Ngãi Trung,10.0916931,106.5448581,51,Moderate,1,24.5,97,0.0,6.6,221,1009.1,100,13.8,14.6,223.0,12.1,47.0,5.4
2025-09-08 02:00:00,2025,9,8,2,Vĩnh Long,Xã An Ngãi Trung,10.0916931,106.5448581,51,Moderate,1,24.1,97,0.0,4.4,218,1008.5,100,13.3,14.1,211.0,11.5,48.0,4.9
2025-09-08 03:00:00,2025,9,8,3,Vĩnh Long,Xã An Ngãi Trung,10.0916931,106.5448581,51,Moderate,1,24.0,98,0.0,4.4,218,1007.9,100,12.9,13.6,203.0,10.8,48.0,4.5
2025-09-08 04:00:00,2025,9,8,4,Vĩnh Long,Xã An Ngãi Trung,10.0916931,106.5448581,50,Good,0,24.2,97,0.0,2.7,217,1008.0,100,12.5,13.2,202.0,10.5,48.0,4.3
2025-09-08 05:00:00,2025,9,8,5,Vĩnh Long,Xã An Ngãi Trung,10.0916931,106.5448581,50,Good,0,24.1,97,0.0,3.9,196,1008.1,100,12.8,13.6,217.0,11.3,45.0,4.6
2025-09-08 06:00:00,2025,9,8,6,Vĩnh Long,Xã An Ngãi Trung,10.0916931,106.5448581,50,Good,0,24.6,96,0.0,7.6,180,1008.6,100,14.0,14.8,240.0,12.5,41.0,5.1
2025-09-08 07:00:00,2025,9,8,7,Vĩnh Long,Xã An Ngãi Trung,10.0916931,106.5448581,49,Good,0,25.1,94,0.0,9.6,193,1009.4,100,16.0,16.8,251.0,9.6,46.0,5.0
2025-09-08 08:00:00,2025,9,8,8,Vĩnh Long,Xã An Ngãi Trung,10.0916931,106.5448581,50,Good,0,26.8,92,0.0,7.7,217,1009.7,100,13.2,14.3,237.0,8.0,56.0,4.8
2025-09-08 09:00:00,2025,9,8,9,Vĩnh Long,Xã An Ngãi Trung,10.0916931,106.5448581,50,Good,0,28.1,84,0.0,10.7,211,1010.5,100,12.2,13.2,210.0,5.9,70.0,4.5
2025-09-08 10:00:00,2025,9,8,10,Vĩnh Long,Xã An Ngãi Trung,10.0916931,106.5448581,50,Good,0,29.5,80,0.4,9.2,215,1010.4,100,12.6,13.6,189.0,4.3,81.0,4.3
2025-09-08 11:00:00,2025,9,8,11,Vĩnh Long,Xã An Ngãi Trung,10.0916931,106.5448581,51,Moderate,1,28.5,82,4.9,11.8,213,1009.9,95,13.5,14.6,182.0,3.8,84.0,4.2
2025-09-08 12:00:00,2025,9,8,12,Vĩnh Long,Xã An Ngãi Trung,10.0916931,106.5448581,51,Moderate,1,28.7,84,4.4,3.5,242,1009.2,96,15.0,16.3,182.0,3.8,84.0,4.3
2025-09-08 13:00:00,2025,9,8,13,Vĩnh Long,Xã An Ngãi Trung,10.0916931,106.5448581,51,Moderate,1,28.5,86,0.5,3.6,237,1008.4,96,14.8,16.2,182.0,3.8,84.0,4.2
2025-09-08 14:00:00,2025,9,8,14,Vĩnh Long,Xã An Ngãi Trung,10.0916931,106.5448581,52,Moderate,1,25.4,94,12.4,13.4,229,1008.3,100,14.5,15.9,177.0,3.1,86.0,3.9
2025-09-08 15:00:00,2025,9,8,15,Vĩnh Long,Xã An Ngãi Trung,10.0916931,106.5448581,52,Moderate,1,25.8,94,1.9,7.6,242,1007.5,100,13.8,15.3,173.0,2.5,89.0,3.5
2025-09-08 16:00:00,2025,9,8,16,Vĩnh Long,Xã An Ngãi Trung,10.0916931,106.5448581,53,Moderate,1,26.8,89,0.2,9.5,231,1007.5,100,13.2,14.6,179.0,3.0,87.0,3.5
2025-09-08 17:00:00,2025,9,8,17,Vĩnh Long,Xã An Ngãi Trung,10.0916931,106.5448581,53,Moderate,1,27.0,89,0.0,6.5,224,1007.3,60,13.2,14.5,207.0,5.6,78.0,4.2
2025-09-08 18:00:00,2025,9,8,18,Vĩnh Long,Xã An Ngãi Trung,10.0916931,106.5448581,54,Moderate,1,26.1,93,0.0,2.2,246,1008.2,100,14.5,15.4,246.0,9.5,66.0,5.3
2025-09-08 19:00:00,2025,9,8,19,Vĩnh Long,Xã An Ngãi Trung,10.0916931,106.5448581,54,Moderate,1,25.9,94,0.1,4.0,207,1009.0,100,28.8,29.7,271.0,18.0,47.0,8.6
2025-09-08 20:00:00,2025,9,8,20,Vĩnh Long,Xã An Ngãi Trung,10.0916931,106.5448581,55,Moderate,1,25.5,94,0.0,4.6,219,1009.8,100,31.2,32.1,267.0,19.9,46.0,10.3
2025-09-08 21:00:00,2025,9,8,21,Vĩnh Long,Xã An Ngãi Trung,10.0916931,106.5448581,57,Moderate,1,25.1,94,0.0,1.5,159,1010.8,100,32.5,33.5,249.0,22.4,44.0,12.7
2025-09-08 22:00:00,2025,9,8,22,Vĩnh Long,Xã An Ngãi Trung,10.0916931,106.5448581,59,Moderate,1,25.2,94,0.0,2.3,162,1011.3,100,36.0,37.0,234.0,23.6,42.0,13.8
2025-09-08 23:00:00,2025,9,8,23,Vĩnh Long,Xã An Ngãi Trung,10.0916931,106.5448581,60,Moderate,1,25.2,95,0.0,4.5,194,1011.5,100,40.2,41.0,230.0,22.4,41.0,12.7
2025-09-09 00:00:00,2025,9,9,0,Vĩnh Long,Xã An Ngãi Trung,10.0916931,106.5448581,63,Moderate,1,25.0,96,0.0,4.0,201,1011.0,100,36.1,36.8,228.0,20.0,41.0,10.5
2025-09-09 01:00:00,2025,9,9,1,Vĩnh Long,Xã An Ngãi Trung,10.0916931,106.5448581,64,Moderate,1,25.0,96,0.0,3.3,174,1010.3,100,27.2,27.8,221.0,17.8,41.0,8.5
2025-09-09 02:00:00,2025,9,9,2,Vĩnh Long,Xã An Ngãi Trung,10.0916931,106.5448581,66,Moderate,1,25.1,95,0.0,2.7,184,1010.0,100,21.3,21.9,199.0,16.3,41.0,7.2
2025-09-09 03:00:00,2025,9,9,3,Vĩnh Long,Xã An Ngãi Trung,10.0916931,106.5448581,66,Moderate,1,25.0,96,0.0,2.5,249,1009.7,100,19.6,20.5,171.0,15.0,41.0,6.2
2025-09-09 04:00:00,2025,9,9,4,Vĩnh Long,Xã An Ngãi Trung,10.0916931,106.5448581,67,Moderate,1,24.8,96,0.0,2.6,295,1009.2,100,19.5,20.6,154.0,14.0,41.0,5.6
2025-09-09 05:00:00,2025,9,9,5,Vĩnh Long,Xã An Ngãi Trung,10.0916931,106.5448581,68,Moderate,1,24.7,97,0.7,1.6,264,1009.3,100,19.2,20.5,160.0,13.8,39.0,5.8
2025-09-09 06:00:00,2025,9,9,6,Vĩnh Long,Xã An Ngãi Trung,10.0916931,106.5448581,68,Moderate,1,24.6,98,0.0,3.6,225,1009.6,100,20.3,21.7,177.0,13.9,38.0,6.4
2025-09-09 07:00:00,2025,9,9,7,Vĩnh Long,Xã An Ngãi Trung,10.0916931,106.5448581,69,Moderate,1,25.9,95,0.0,3.6,213,1010.4,100,24.3,26.3,189.0,11.1,40.0,5.8
2025-09-09 08:00:00,2025,9,9,8,Vĩnh Long,Xã An Ngãi Trung,10.0916931,106.5448581,69,Moderate,1,27.4,83,0.0,5.8,214,1011.3,100,17.5,20.2,187.0,8.6,49.0,5.3
2025-09-09 09:00:00,2025,9,9,9,Vĩnh Long,Xã An Ngãi Trung,10.0916931,106.5448581,70,Moderate,1,29.0,75,0.1,13.1,212,1011.2,100,14.1,16.4,178.0,5.0,61.0,4.6
2025-09-09 10:00:00,2025,9,9,10,Vĩnh Long,Xã An Ngãi Trung,10.0916931,106.5448581,70,Moderate,1,29.5,74,0.2,12.2,217,1011.2,100,12.7,14.3,171.0,2.4,71.0,3.9
2025-09-09 11:00:00,2025,9,9,11,Vĩnh Long,Xã An Ngãi Trung,10.0916931,106.5448581,70,Moderate,1,30.0,73,0.1,12.3,219,1011.3,100,12.2,13.6,167.0,1.4,76.0,3.4
2025-09-09 12:00:00,2025,9,9,12,Vĩnh Long,Xã An Ngãi Trung,10.0916931,106.5448581,70,Moderate,1,30.5,72,0.2,10.8,212,1010.5,100,11.5,12.9,165.0,1.4,78.0,2.9
2025-09-09 13:00:00,2025,9,9,13,Vĩnh Long,Xã An Ngãi Trung,10.0916931,106.5448581,70,Moderate,1,26.9,84,5.8,12.1,217,1010.0,100,11.3,12.5,164.0,1.6,78.0,2.7
2025-09-09 14:00:00,2025,9,9,14,Vĩnh Long,Xã An Ngãi Trung,10.0916931,106.5448581,69,Moderate,1,26.9,87,0.5,6.4,209,1009.2,100,9.3,10.1,162.0,1.8,77.0,2.7
2025-09-09 15:00:00,2025,9,9,15,Vĩnh Long,Xã An Ngãi Trung,10.0916931,106.5448581,69,Moderate,1,27.9,86,0.2,10.2,206,1008.1,100,8.3,9.3,163.0,2.4,73.0,2.9
2025-09-09 16:00:00,2025,9,9,16,Vĩnh Long,Xã An Ngãi Trung,10.0916931,106.5448581,68,Moderate,1,27.0,85,0.7,12.6,218,1008.2,100,7.9,8.9,174.0,3.7,68.0,3.3
2025-09-09 17:00:00,2025,9,9,17,Vĩnh Long,Xã An Ngãi Trung,10.0916931,106.5448581,68,Moderate,1,26.9,88,0.0,6.9,231,1008.7,100,7.7,8.4,205.0,6.2,59.0,3.9
2025-09-09 18:00:00,2025,9,9,18,Vĩnh Long,Xã An Ngãi Trung,10.0916931,106.5448581,67,Moderate,1,25.9,91,0.8,5.3,235,1009.3,100,9.3,10.2,247.0,9.4,47.0,4.7
2025-09-09 19:00:00,2025,9,9,19,Vĩnh Long,Xã An Ngãi Trung,10.0916931,106.5448581,67,Moderate,1,25.2,95,0.0,4.5,265,1010.1,100,15.4,16.5,282.0,15.2,37.0,7.1
2025-09-09 20:00:00,2025,9,9,20,Vĩnh Long,Xã An Ngãi Trung,10.0916931,106.5448581,66,Moderate,1,25.0,96,0.0,3.8,245,1010.7,100,16.2,17.2,304.0,16.0,35.0,7.7
2025-09-09 21:00:00,2025,9,9,21,Vĩnh Long,Xã An Ngãi Trung,10.0916931,106.5448581,64,Moderate,1,24.9,96,0.0,2.9,281,1011.6,100,18.3,19.3,319.0,17.3,31.0,8.6
2025-09-09 22:00:00,2025,9,9,22,Vĩnh Long,Xã An Ngãi Trung,10.0916931,106.5448581,63,Moderate,1,25.0,95,0.0,1.3,214,1011.8,100,20.7,21.9,330.0,19.1,28.0,9.5
2025-09-09 23:00:00,2025,9,9,23,Vĩnh Long,Xã An Ngãi Trung,10.0916931,106.5448581,62,Moderate,1,25.0,95,0.0,1.2,231,1011.7,100,24.4,25.7,336.0,22.1,25.0,10.7
2025-09-10 00:00:00,2025,9,10,0,Vĩnh Long,Xã An Ngãi Trung,10.0916931,106.5448581,60,Moderate,1,24.9,95,0.0,0.2,360,1011.4,100,26.8,28.2,338.0,25.7,23.0,12.0
2025-09-10 01:00:00,2025,9,10,1,Vĩnh Long,Xã An Ngãi Trung,10.0916931,106.5448581,59,Moderate,1,24.6,96,0.0,0.4,117,1010.7,100,29.9,31.3,341.0,28.3,20.0,12.3
2025-09-10 02:00:00,2025,9,10,2,Vĩnh Long,Xã An Ngãi Trung,10.0916931,106.5448581,60,Moderate,1,24.5,97,0.0,0.4,117,1010.2,100,36.1,37.1,348.0,29.3,16.0,10.6
2025-09-10 03:00:00,2025,9,10,3,Vĩnh Long,Xã An Ngãi Trung,10.0916931,106.5448581,61,Moderate,1,24.5,97,0.5,0.3,45,1010.1,100,43.1,44.1,357.0,29.3,13.0,7.9
2025-09-10 04:00:00,2025,9,10,4,Vĩnh Long,Xã An Ngãi Trung,10.0916931,106.5448581,63,Moderate,1,24.4,97,0.1,0.7,360,1010.0,100,44.4,45.1,366.0,28.2,12.0,6.4
2025-09-10 05:00:00,2025,9,10,5,Vĩnh Long,Xã An Ngãi Trung,10.0916931,106.5448581,65,Moderate,1,24.2,98,0.2,0.7,270,1010.3,100,42.4,43.0,383.0,26.0,13.0,7.3
2025-09-10 06:00:00,2025,9,10,6,Vĩnh Long,Xã An Ngãi Trung,10.0916931,106.5448581,67,Moderate,1,24.1,99,0.0,1.9,49,1010.0,100,42.8,43.3,401.0,22.8,17.0,9.4
2025-09-10 07:00:00,2025,9,10,7,Vĩnh Long,Xã An Ngãi Trung,10.0916931,106.5448581,69,Moderate,1,25.2,95,0.0,1.5,315,1010.9,100,29.5,30.7,395.0,20.1,34.0,15.1
2025-09-10 08:00:00,2025,9,10,8,Vĩnh Long,Xã An Ngãi Trung,10.0916931,106.5448581,70,Moderate,1,27.0,89,0.0,5.1,312,1011.3,100,19.6,21.0,343.0,15.5,55.0,13.6
2025-09-10 09:00:00,2025,9,10,9,Vĩnh Long,Xã An Ngãi Trung,10.0916931,106.5448581,70,Moderate,1,28.1,81,0.0,6.2,285,1011.2,99,15.7,16.5,266.0,9.1,84.0,11.5
2025-09-10 10:00:00,2025,9,10,10,Vĩnh Long,Xã An Ngãi Trung,10.0916931,106.5448581,70,Moderate,1,29.5,72,0.0,6.7,275,1010.9,92,15.3,15.9,207.0,4.2,107.0,9.8
2025-09-10 11:00:00,2025,9,10,11,Vĩnh Long,Xã An Ngãi Trung,10.0916931,106.5448581,70,Moderate,1,30.6,68,0.0,6.7,273,1010.6,98,15.5,16.1,183.0,2.3,119.0,9.0
2025-09-10 12:00:00,2025,9,10,12,Vĩnh Long,Xã An Ngãi Trung,10.0916931,106.5448581,71,Moderate,1,31.2,65,0.0,6.0,273,1009.8,88,16.5,16.9,176.0,2.0,126.0,8.6
2025-09-10 13:00:00,2025,9,10,13,Vĩnh Long,Xã An Ngãi Trung,10.0916931,106.5448581,71,Moderate,1,31.6,65,0.0,7.1,261,1008.5,100,17.3,17.7,173.0,2.0,130.0,8.3
2025-09-10 14:00:00,2025,9,10,14,Vĩnh Long,Xã An Ngãi Trung,10.0916931,106.5448581,72,Moderate,1,31.9,63,0.0,7.1,264,1007.3,100,18.0,18.4,167.0,1.6,134.0,8.0
2025-09-10 15:00:00,2025,9,10,15,Vĩnh Long,Xã An Ngãi Trung,10.0916931,106.5448581,72,Moderate,1,31.9,63,0.0,4.3,265,1006.4,98,18.9,19.3,166.0,1.5,135.0,7.9
2025-09-10 16:00:00,2025,9,10,16,Vĩnh Long,Xã An Ngãi Trung,10.0916931,106.5448581,73,Moderate,1,28.9,76,2.6,1.2,231,1007.0,100,20.1,20.5,176.0,3.2,130.0,8.2
2025-09-10 17:00:00,2025,9,10,17,Vĩnh Long,Xã An Ngãi Trung,10.0916931,106.5448581,74,Moderate,1,27.0,86,4.2,5.8,309,1007.6,100,23.2,23.6,202.0,8.2,112.0,9.2
2025-09-10 18:00:00,2025,9,10,18,Vĩnh Long,Xã An Ngãi Trung,10.0916931,106.5448581,78,Moderate,1,26.1,93,0.0,3.7,337,1007.7,99,28.4,28.8,240.0,14.9,88.0,10.6
2025-09-10 19:00:00,2025,9,10,19,Vĩnh Long,Xã An Ngãi Trung,10.0916931,106.5448581,78,Moderate,1,25.4,96,0.0,4.6,312,1008.4,97,29.0,29.3,282.0,14.3,73.0,10.3
2025-09-10 20:00:00,2025,9,10,20,Vĩnh Long,Xã An Ngãi Trung,10.0916931,106.5448581,79,Moderate,1,25.8,96,0.0,3.4,270,1008.9,100,31.0,31.1,331.0,16.1,68.0,12.2
2025-09-10 21:00:00,2025,9,10,21,Vĩnh Long,Xã An Ngãi Trung,10.0916931,106.5448581,80,Moderate,1,25.8,96,0.0,5.4,310,1009.7,100,32.6,32.8,384.0,18.5,60.0,14.8
2025-09-10 22:00:00,2025,9,10,22,Vĩnh Long,Xã An Ngãi Trung,10.0916931,106.5448581,81,Moderate,1,25.5,95,0.0,3.1,360,1010.0,99,35.0,35.2,426.0,20.7,53.0,16.8
2025-09-10 23:00:00,2025,9,10,23,Vĩnh Long,Xã An Ngãi Trung,10.0916931,106.5448581,83,Moderate,1,25.5,95,0.0,0.8,27,1010.0,99,37.0,37.1,453.0,22.3,48.0,17.7
2025-09-11 00:00:00,2025,9,11,0,Vĩnh Long,Xã An Ngãi Trung,10.0916931,106.5448581,84,Moderate,1,25.2,96,0.0,1.4,337,1009.8,98,39.2,39.3,469.0,23.7,43.0,18.0
2025-09-11 01:00:00,2025,9,11,1,Vĩnh Long,Xã An Ngãi Trung,10.0916931,106.5448581,85,Moderate,1,24.6,97,0.7,13.0,33,1009.7,100,41.9,42.1,476.0,24.6,39.0,18.3
2025-09-11 02:00:00,2025,9,11,2,Vĩnh Long,Xã An Ngãi Trung,10.0916931,106.5448581,86,Moderate,1,24.2,96,0.2,7.1,27,1008.8,100,43.8,43.9,470.0,25.1,35.0,18.4
2025-09-11 03:00:00,2025,9,11,3,Vĩnh Long,Xã An Ngãi Trung,10.0916931,106.5448581,87,Moderate,1,24.0,95,0.0,1.8,37,1008.2,100,45.1,45.3,455.0,25.2,32.0,18.5
2025-09-11 04:00:00,2025,9,11,4,Vĩnh Long,Xã An Ngãi Trung,10.0916931,106.5448581,87,Moderate,1,24.1,94,0.0,1.2,309,1007.9,74,45.1,45.2,440.0,24.8,31.0,19.0
2025-09-11 05:00:00,2025,9,11,5,Vĩnh Long,Xã An Ngãi Trung,10.0916931,106.5448581,87,Moderate,1,24.0,95,0.0,1.5,306,1008.1,64,44.6,44.8,433.0,24.3,30.0,21.0
2025-09-11 06:00:00,2025,9,11,6,Vĩnh Long,Xã An Ngãi Trung,10.0916931,106.5448581,87,Moderate,1,24.0,96,0.0,1.0,315,1008.8,97,45.3,45.4,426.0,23.4,32.0,23.4
2025-09-11 07:00:00,2025,9,11,7,Vĩnh Long,Xã An Ngãi Trung,10.0916931,106.5448581,87,Moderate,1,25.5,94,0.0,2.4,306,1009.5,98,61.2,61.7,410.0,23.5,37.0,20.8
2025-09-11 08:00:00,2025,9,11,8,Vĩnh Long,Xã An Ngãi Trung,10.0916931,106.5448581,90,Moderate,1,28.0,89,0.0,5.5,314,1009.8,78,39.0,39.7,376.0,18.4,58.0,19.7
2025-09-11 09:00:00,2025,9,11,9,Vĩnh Long,Xã An Ngãi Trung,10.0916931,106.5448581,92,Moderate,1,29.5,80,0.1,6.7,314,1009.9,97,26.4,27.4,331.0,11.4,86.0,18.1
2025-09-11 10:00:00,2025,9,11,10,Vĩnh Long,Xã An Ngãi Trung,10.0916931,106.5448581,93,Moderate,1,30.6,72,0.1,6.7,314,1009.5,94,25.1,26.1,291.0,6.1,108.0,16.2
2025-09-11 11:00:00,2025,9,11,11,Vĩnh Long,Xã An Ngãi Trung,10.0916931,106.5448581,94,Moderate,1,31.4,69,0.1,7.0,334,1009.1,95,23.7,24.6,257.0,4.1,118.0,13.8
2025-09-11 12:00:00,2025,9,11,12,Vĩnh Long,Xã An Ngãi Trung,10.0916931,106.5448581,94,Moderate,1,31.9,66,0.2,6.2,345,1008.6,91,22.2,22.9,227.0,3.9,121.0,11.1
2025-09-11 13:00:00,2025,9,11,13,Vĩnh Long,Xã An Ngãi Trung,10.0916931,106.5448581,95,Moderate,1,29.2,76,4.7,13.4,54,1007.4,100,23.7,24.3,210.0,4.0,122.0,9.2
2025-09-11 14:00:00,2025,9,11,14,Vĩnh Long,Xã An Ngãi Trung,10.0916931,106.5448581,95,Moderate,1,28.2,82,0.9,6.0,74,1006.5,100,25.7,26.3,211.0,3.8,124.0,8.6
2025-09-11 15:00:00,2025,9,11,15,Vĩnh Long,Xã An Ngãi Trung,10.0916931,106.5448581,96,Moderate,1,29.8,75,1.0,2.3,176,1006.9,100,27.0,27.6,225.0,4.0,124.0,8.9
2025-09-11 16:00:00,2025,9,11,16,Vĩnh Long,Xã An Ngãi Trung,10.0916931,106.5448581,97,Moderate,1,27.2,82,9.9,5.8,326,1006.9,100,27.8,28.4,247.0,5.2,119.0,9.3
2025-09-11 17:00:00,2025,9,11,17,Vĩnh Long,Xã An Ngãi Trung,10.0916931,106.5448581,97,Moderate,1,26.8,84,0.1,6.0,355,1007.1,99,28.7,29.2,283.0,8.4,103.0,9.8
2025-09-11 18:00:00,2025,9,11,18,Vĩnh Long,Xã An Ngãi Trung,10.0916931,106.5448581,98,Moderate,1,26.0,89,0.3,5.3,12,1007.7,100,31.5,32.0,327.0,12.6,81.0,10.5
2025-09-11 19:00:00,2025,9,11,19,Vĩnh Long,Xã An Ngãi Trung,10.0916931,106.5448581,98,Moderate,1,25.6,94,0.1,3.6,319,1008.9,100,27.6,27.8,361.0,13.5,64.0,9.7
2025-09-11 20:00:00,2025,9,11,20,Vĩnh Long,Xã An Ngãi Trung,10.0916931,106.5448581,98,Moderate,1,24.6,95,0.0,6.7,357,1009.9,100,29.3,29.5,377.0,14.4,63.0,10.6
2025-09-11 21:00:00,2025,9,11,21,Vĩnh Long,Xã An Ngãi Trung,10.0916931,106.5448581,98,Moderate,1,24.5,96,0.0,2.9,353,1010.2,98,30.9,30.9,383.0,15.7,62.0,11.8
2025-09-11 22:00:00,2025,9,11,22,Vĩnh Long,Xã An Ngãi Trung,10.0916931,106.5448581,98,Moderate,1,24.4,96,0.0,2.8,349,1010.7,99,32.0,32.1,385.0,17.1,60.0,13.1
2025-09-11 23:00:00,2025,9,11,23,Vĩnh Long,Xã An Ngãi Trung,10.0916931,106.5448581,98,Moderate,1,24.4,96,0.0,4.1,2,1010.4,100,34.5,34.6,380.0,18.2,59.0,14.1
2025-09-12 00:00:00,2025,9,12,0,Vĩnh Long,Xã An Ngãi Trung,10.0916931,106.5448581,97,Moderate,1,24.4,97,0.0,6.1,19,1009.9,98,37.0,37.1,371.0,19.4,57.0,15.2
2025-09-12 01:00:00,2025,9,12,1,Vĩnh Long,Xã An Ngãi Trung,10.0916931,106.5448581,97,Moderate,1,24.2,97,0.0,7.2,357,1009.3,100,40.2,40.3,371.0,21.0,54.0,16.4
2025-09-12 02:00:00,2025,9,12,2,Vĩnh Long,Xã An Ngãi Trung,10.0916931,106.5448581,97,Moderate,1,24.2,97,0.0,7.1,350,1008.6,100,43.9,43.9,391.0,23.4,48.0,17.9
2025-09-12 03:00:00,2025,9,12,3,Vĩnh Long,Xã An Ngãi Trung,10.0916931,106.5448581,97,Moderate,1,24.0,97,0.0,6.2,350,1007.9,100,48.1,48.2,421.0,26.3,40.0,19.5
2025-09-12 04:00:00,2025,9,12,4,Vĩnh Long,Xã An Ngãi Trung,10.0916931,106.5448581,97,Moderate,1,23.8,98,0.0,6.2,15,1007.9,100,53.0,53.1,443.0,28.4,35.0,21.7
2025-09-12 05:00:00,2025,9,12,5,Vĩnh Long,Xã An Ngãi Trung,10.0916931,106.5448581,98,Moderate,1,23.8,98,0.0,6.1,14,1007.8,100,58.7,58.8,446.0,30.0,33.0,25.7
2025-09-12 06:00:00,2025,9,12,6,Vĩnh Long,Xã An Ngãi Trung,10.0916931,106.5448581,99,Moderate,1,23.8,98,0.0,6.4,18,1008.2,98,62.9,63.1,440.0,30.9,33.0,30.2
2025-09-12 07:00:00,2025,9,12,7,Vĩnh Long,Xã An Ngãi Trung,10.0916931,106.5448581,101,Unhealthy for Sensitive Groups,2,25.1,94,0.0,5.5,27,1009.0,82,70.1,70.5,440.0,30.0,38.0,28.1
2025-09-12 08:00:00,2025,9,12,8,Vĩnh Long,Xã An Ngãi Trung,10.0916931,106.5448581,102,Unhealthy for Sensitive Groups,2,26.2,89,0.0,6.8,32,1009.4,99,58.9,59.5,465.0,24.6,51.0,22.9
2025-09-12 09:00:00,2025,9,12,9,Vĩnh Long,Xã An Ngãi Trung,10.0916931,106.5448581,104,Unhealthy for Sensitive Groups,2,28.1,80,0.0,9.1,58,1009.7,97,39.5,40.2,495.0,17.2,68.0,15.6
2025-09-12 10:00:00,2025,9,12,10,Vĩnh Long,Xã An Ngãi Trung,10.0916931,106.5448581,105,Unhealthy for Sensitive Groups,2,29.6,74,0.0,12.1,78,1010.1,94,29.2,30.2,485.0,11.0,79.0,9.6
2025-09-12 11:00:00,2025,9,12,11,Vĩnh Long,Xã An Ngãi Trung,10.0916931,106.5448581,106,Unhealthy for Sensitive Groups,2,30.2,69,0.0,14.1,80,1009.5,94,24.6,25.7,397.0,7.5,79.0,6.0
2025-09-12 12:00:00,2025,9,12,12,Vĩnh Long,Xã An Ngãi Trung,10.0916931,106.5448581,106,Unhealthy for Sensitive Groups,2,28.5,78,0.9,13.0,91,1009.3,100,15.1,16.1,269.0,5.3,73.0,3.7
2025-09-12 13:00:00,2025,9,12,13,Vĩnh Long,Xã An Ngãi Trung,10.0916931,106.5448581,105,Unhealthy for Sensitive Groups,2,26.0,86,5.9,14.6,95,1008.8,100,10.7,12.2,173.0,3.9,68.0,2.3
2025-09-12 14:00:00,2025,9,12,14,Vĩnh Long,Xã An Ngãi Trung,10.0916931,106.5448581,104,Unhealthy for Sensitive Groups,2,27.3,86,0.8,11.1,103,1008.4,100,8.9,10.4,142.0,2.9,69.0,1.7
2025-09-12 15:00:00,2025,9,12,15,Vĩnh Long,Xã An Ngãi Trung,10.0916931,106.5448581,102,Unhealthy for Sensitive Groups,2,25.2,93,4.4,10.9,121,1007.5,100,7.9,9.3,144.0,2.6,72.0,2.0
2025-09-12 16:00:00,2025,9,12,16,Vĩnh Long,Xã An Ngãi Trung,10.0916931,106.5448581,100,Moderate,1,26.0,91,2.4,9.5,123,1007.4,100,7.6,9.2,149.0,3.9,71.0,2.8
2025-09-12 17:00:00,2025,9,12,17,Vĩnh Long,Xã An Ngãi Trung,10.0916931,106.5448581,98,Moderate,1,25.9,93,0.4,7.7,150,1007.7,100,7.5,9.0,149.0,7.7,62.0,4.1
2025-09-12 18:00:00,2025,9,12,18,Vĩnh Long,Xã An Ngãi Trung,10.0916931,106.5448581,96,Moderate,1,25.6,93,0.5,6.4,148,1008.3,100,11.2,12.6,153.0,13.0,50.0,6.0
2025-09-12 19:00:00,2025,9,12,19,Vĩnh Long,Xã An Ngãi Trung,10.0916931,106.5448581,94,Moderate,1,25.3,93,0.5,7.8,146,1008.9,100,12.4,13.4,159.0,12.8,36.0,5.3
2025-09-12 20:00:00,2025,9,12,20,Vĩnh Long,Xã An Ngãi Trung,10.0916931,106.5448581,93,Moderate,1,25.6,93,0.0,4.5,143,1008.8,100,15.0,15.9,166.0,13.5,36.0,6.1
2025-09-12 21:00:00,2025,9,12,21,Vĩnh Long,Xã An Ngãi Trung,10.0916931,106.5448581,92,Moderate,1,25.9,91,0.0,6.8,158,1009.6,100,18.0,19.0,175.0,14.5,35.0,7.2
2025-09-12 22:00:00,2025,9,12,22,Vĩnh Long,Xã An Ngãi Trung,10.0916931,106.5448581,91,Moderate,1,25.5,92,0.0,4.7,148,1009.9,100,17.1,18.2,184.0,15.9,33.0,8.2
2025-09-12 23:00:00,2025,9,12,23,Vĩnh Long,Xã An Ngãi Trung,10.0916931,106.5448581,89,Moderate,1,25.8,92,1.2,2.5,176,1010.0,100,19.0,20.1,195.0,18.3,28.0,8.9
2025-09-13 00:00:00,2025,9,13,0,Vĩnh Long,Xã An Ngãi Trung,10.0916931,106.5448581,88,Moderate,1,25.5,95,0.2,4.0,190,1009.7,100,21.9,22.9,205.0,21.0,22.0,9.4
2025-09-13 01:00:00,2025,9,13,1,Vĩnh Long,Xã An Ngãi Trung,10.0916931,106.5448581,87,Moderate,1,25.5,95,0.1,0.7,194,1008.9,100,21.3,22.3,205.0,22.8,18.0,9.7
2025-09-13 02:00:00,2025,9,13,2,Vĩnh Long,Xã An Ngãi Trung,10.0916931,106.5448581,85,Moderate,1,25.2,96,0.0,2.0,5,1008.5,100,20.7,21.7,185.0,22.7,18.0,9.7
2025-09-13 03:00:00,2025,9,13,3,Vĩnh Long,Xã An Ngãi Trung,10.0916931,106.5448581,83,Moderate,1,24.8,98,0.1,2.9,11,1008.6,100,17.8,18.9,154.0,21.5,19.0,9.6
2025-09-13 04:00:00,2025,9,13,4,Vĩnh Long,Xã An Ngãi Trung,10.0916931,106.5448581,80,Moderate,1,24.8,98,0.1,5.2,20,1008.4,100,18.0,19.2,134.0,20.6,21.0,9.5
2025-09-13 05:00:00,2025,9,13,5,Vĩnh Long,Xã An Ngãi Trung,10.0916931,106.5448581,77,Moderate,1,24.7,96,0.0,4.5,37,1008.6,100,18.3,19.2,137.0,20.6,21.0,9.7
2025-09-13 06:00:00,2025,9,13,6,Vĩnh Long,Xã An Ngãi Trung,10.0916931,106.5448581,74,Moderate,1,24.4,96,2.8,6.5,95,1009.2,100,16.9,17.5,150.0,20.8,21.0,10.0
2025-09-13 07:00:00,2025,9,13,7,Vĩnh Long,Xã An Ngãi Trung,10.0916931,106.5448581,69,Moderate,1,24.4,98,2.8,5.0,46,1010.1,100,19.9,21.1,157.0,15.0,32.0,9.1
2025-09-13 08:00:00,2025,9,13,8,Vĩnh Long,Xã An Ngãi Trung,10.0916931,106.5448581,65,Moderate,1,25.9,89,0.3,10.3,95,1010.6,100,12.1,13.0,150.0,11.3,42.0,7.2
2025-09-13 09:00:00,2025,9,13,9,Vĩnh Long,Xã An Ngãi Trung,10.0916931,106.5448581,61,Moderate,1,26.5,88,0.2,8.2,104,1011.0,100,8.5,9.6,138.0,6.3,57.0,4.6
2025-09-13 10:00:00,2025,9,13,10,Vĩnh Long,Xã An Ngãi Trung,10.0916931,106.5448581,58,Moderate,1,28.0,83,0.2,11.2,79,1010.7,100,6.5,7.7,127.0,2.5,67.0,2.6
2025-09-13 11:00:00,2025,9,13,11,Vĩnh Long,Xã An Ngãi Trung,10.0916931,106.5448581,56,Moderate,1,28.6,79,0.4,12.5,84,1010.5,100,5.4,6.6,120.0,1.3,69.0,1.7
2025-09-13 12:00:00,2025,9,13,12,Vĩnh Long,Xã An Ngãi Trung,10.0916931,106.5448581,54,Moderate,1,28.6,78,0.3,13.3,99,1009.3,100,4.6,5.8,115.0,1.4,68.0,1.4
2025-09-13 13:00:00,2025,9,13,13,Vĩnh Long,Xã An Ngãi Trung,10.0916931,106.5448581,53,Moderate,1,26.8,87,5.5,10.0,107,1008.3,100,5.0,6.5,112.0,1.6,66.0,1.2
2025-09-13 14:00:00,2025,9,13,14,Vĩnh Long,Xã An Ngãi Trung,10.0916931,106.5448581,53,Moderate,1,28.4,81,0.2,12.1,111,1007.6,97,4.6,5.9,110.0,1.2,67.0,1.1
2025-09-13 15:00:00,2025,9,13,15,Vĩnh Long,Xã An Ngãi Trung,10.0916931,106.5448581,53,Moderate,1,27.5,81,4.5,15.9,118,1007.6,99,4.5,5.8,110.0,1.0,68.0,1.1
2025-09-13 16:00:00,2025,9,13,16,Vĩnh Long,Xã An Ngãi Trung,10.0916931,106.5448581,52,Moderate,1,26.5,87,7.4,11.3,136,1007.6,100,4.5,5.8,118.0,1.9,66.0,1.5
2025-09-13 17:00:00,2025,9,13,17,Vĩnh Long,Xã An Ngãi Trung,10.0916931,106.5448581,52,Moderate,1,26.5,87,0.1,9.7,133,1007.6,100,5.4,6.6,140.0,4.8,59.0,2.4
2025-09-13 18:00:00,2025,9,13,18,Vĩnh Long,Xã An Ngãi Trung,10.0916931,106.5448581,52,Moderate,1,26.0,88,0.0,7.2,129,1008.2,100,7.5,8.6,169.0,8.7,50.0,3.8
2025-09-13 19:00:00,2025,9,13,19,Vĩnh Long,Xã An Ngãi Trung,10.0916931,106.5448581,51,Moderate,1,25.6,90,0.0,4.8,143,1009.3,100,12.8,14.6,196.0,11.1,45.0,4.9
2025-09-13 20:00:00,2025,9,13,20,Vĩnh Long,Xã An Ngãi Trung,10.0916931,106.5448581,52,Moderate,1,25.5,92,0.0,1.0,211,1009.7,100,15.0,16.7,217.0,11.5,43.0,5.2
2025-09-13 21:00:00,2025,9,13,21,Vĩnh Long,Xã An Ngãi Trung,10.0916931,106.5448581,52,Moderate,1,25.1,94,0.0,2.8,235,1010.3,100,15.6,17.1,235.0,12.1,41.0,5.7
2025-09-13 22:00:00,2025,9,13,22,Vĩnh Long,Xã An Ngãi Trung,10.0916931,106.5448581,51,Moderate,1,25.0,96,0.0,4.4,232,1010.4,100,16.0,17.4,249.0,12.9,38.0,6.2
2025-09-13 23:00:00,2025,9,13,23,Vĩnh Long,Xã An Ngãi Trung,10.0916931,106.5448581,51,Moderate,1,24.8,96,0.0,4.4,218,1010.5,100,18.7,20.0,256.0,13.9,36.0,6.5
2025-09-14 00:00:00,2025,9,14,0,Vĩnh Long,Xã An Ngãi Trung,10.0916931,106.5448581,51,Moderate,1,24.8,95,0.0,3.1,230,1010.1,100,19.0,20.3,258.0,15.2,33.0,6.8
2025-09-14 01:00:00,2025,9,14,1,Vĩnh Long,Xã An Ngãi Trung,10.0916931,106.5448581,51,Moderate,1,24.8,94,0.0,1.6,270,1009.5,100,19.4,20.5,261.0,16.4,31.0,7.2
2025-09-14 02:00:00,2025,9,14,2,Vĩnh Long,Xã An Ngãi Trung,10.0916931,106.5448581,51,Moderate,1,24.6,95,0.0,2.6,245,1009.2,100,22.1,23.3,265.0,17.8,29.0,7.8
2025-09-14 03:00:00,2025,9,14,3,Vĩnh Long,Xã An Ngãi Trung,10.0916931,106.5448581,51,Moderate,1,24.5,95,0.0,0.6,342,1008.9,100,22.5,23.9,270.0,19.2,27.0,8.5
2025-09-14 04:00:00,2025,9,14,4,Vĩnh Long,Xã An Ngãi Trung,10.0916931,106.5448581,51,Moderate,1,24.2,96,0.0,2.7,318,1009.0,100,25.3,26.4,277.0,20.1,26.0,9.5
2025-09-14 05:00:00,2025,9,14,5,Vĩnh Long,Xã An Ngãi Trung,10.0916931,106.5448581,52,Moderate,1,24.3,95,2.3,0.5,225,1009.3,100,29.3,30.0,291.0,20.4,26.0,11.3
2025-09-14 06:00:00,2025,9,14,6,Vĩnh Long,Xã An Ngãi Trung,10.0916931,106.5448581,53,Moderate,1,24.1,96,1.7,6.8,202,1010.4,100,34.0,34.5,308.0,20.2,27.0,13.3
2025-09-14 07:00:00,2025,9,14,7,Vĩnh Long,Xã An Ngãi Trung,10.0916931,106.5448581,54,Moderate,1,24.8,93,0.5,3.5,246,1010.6,100,34.1,34.8,311.0,21.2,30.0,15.3
2025-09-14 08:00:00,2025,9,14,8,Vĩnh Long,Xã An Ngãi Trung,10.0916931,106.5448581,56,Moderate,1,26.7,87,0.0,4.5,320,1011.6,100,26.3,26.9,291.0,16.5,44.0,13.6
2025-09-14 09:00:00,2025,9,14,9,Vĩnh Long,Xã An Ngãi Trung,10.0916931,106.5448581,57,Moderate,1,27.5,86,0.2,4.6,291,1012.0,99,18.6,19.3,257.0,10.0,62.0,11.2
2025-09-14 10:00:00,2025,9,14,10,Vĩnh Long,Xã An Ngãi Trung,10.0916931,106.5448581,58,Moderate,1,28.0,85,0.3,5.1,274,1011.6,100,15.9,16.6,226.0,5.0,77.0,9.0
2025-09-14 11:00:00,2025,9,14,11,Vĩnh Long,Xã An Ngãi Trung,10.0916931,106.5448581,59,Moderate,1,28.9,81,0.2,6.3,265,1011.0,100,14.9,15.5,202.0,3.0,84.0,7.2
2025-09-14 12:00:00,2025,9,14,12,Vĩnh Long,Xã An Ngãi Trung,10.0916931,106.5448581,60,Moderate,1,29.8,75,0.1,8.2,262,1010.2,100,15.1,15.7,181.0,2.6,87.0,5.7
2025-09-14 13:00:00,2025,9,14,13,Vĩnh Long,Xã An Ngãi Trung,10.0916931,106.5448581,60,Moderate,1,28.6,75,0.7,12.2,245,1008.8,100,16.8,17.5,167.0,2.7,86.0,4.7
2025-09-14 14:00:00,2025,9,14,14,Vĩnh Long,Xã An Ngãi Trung,10.0916931,106.5448581,62,Moderate,1,27.2,81,0.5,19.6,229,1008.8,100,14.3,14.7,160.0,2.8,81.0,4.4
2025-09-14 15:00:00,2025,9,14,15,Vĩnh Long,Xã An Ngãi Trung,10.0916931,106.5448581,62,Moderate,1,26.7,87,0.2,11.8,243,1008.2,100,11.8,12.2,159.0,3.6,72.0,4.7
2025-09-14 16:00:00,2025,9,14,16,Vĩnh Long,Xã An Ngãi Trung,10.0916931,106.5448581,63,Moderate,1,27.0,86,0.0,8.8,250,1008.1,100,11.2,11.5,169.0,5.5,63.0,5.5
2025-09-14 17:00:00,2025,9,14,17,Vĩnh Long,Xã An Ngãi Trung,10.0916931,106.5448581,64,Moderate,1,26.6,87,0.0,6.4,262,1008.4,100,10.6,10.9,194.0,9.8,55.0,7.1
2025-09-14 18:00:00,2025,9,14,18,Vĩnh Long,Xã An Ngãi Trung,10.0916931,106.5448581,64,Moderate,1,25.6,93,0.0,3.2,227,1009.0,100,14.2,14.4,229.0,15.3,47.0,9.1
2025-09-14 19:00:00,2025,9,14,19,Vĩnh Long,Xã An Ngãi Trung,10.0916931,106.5448581,65,Moderate,1,25.3,93,0.0,2.6,219,1009.8,100,20.2,20.5,264.0,17.6,44.0,10.2
2025-09-14 20:00:00,2025,9,14,20,Vĩnh Long,Xã An Ngãi Trung,10.0916931,106.5448581,65,Moderate,1,25.3,95,0.0,4.3,228,1010.3,100,24.9,25.1,299.0,18.2,40.0,10.4
2025-09-14 21:00:00,2025,9,14,21,Vĩnh Long,Xã An Ngãi Trung,10.0916931,106.5448581,66,Moderate,1,25.1,96,0.0,4.3,242,1010.9,100,23.7,24.0,332.0,18.9,35.0,10.6
2025-09-14 22:00:00,2025,9,14,22,Vĩnh Long,Xã An Ngãi Trung,10.0916931,106.5448581,67,Moderate,1,25.0,96,0.0,2.7,250,1011.2,98,22.5,23.0,354.0,19.5,31.0,10.7
2025-09-14 23:00:00,2025,9,14,23,Vĩnh Long,Xã An Ngãi Trung,10.0916931,106.5448581,68,Moderate,1,24.7,97,0.0,2.0,243,1011.1,100,22.8,23.3,356.0,19.6,29.0,10.4
2025-09-15 00:00:00,2025,9,15,0,Vĩnh Long,Xã An Ngãi Trung,10.0916931,106.5448581,68,Moderate,1,24.5,98,0.0,3.2,227,1010.6,99,22.9,23.6,346.0,19.6,27.0,9.9
2025-09-15 01:00:00,2025,9,15,1,Vĩnh Long,Xã An Ngãi Trung,10.0916931,106.5448581,68,Moderate,1,24.4,98,0.0,2.8,220,1010.0,100,21.4,22.2,332.0,19.6,26.0,9.6
2025-09-15 02:00:00,2025,9,15,2,Vĩnh Long,Xã An Ngãi Trung,10.0916931,106.5448581,68,Moderate,1,24.2,98,0.0,2.7,212,1009.7,100,21.9,23.0,315.0,20.0,24.0,9.6
2025-09-15 03:00:00,2025,9,15,3,Vĩnh Long,Xã An Ngãi Trung,10.0916931,106.5448581,68,Moderate,1,24.2,99,0.0,2.0,207,1009.5,100,21.2,22.4,295.0,20.5,23.0,9.8
2025-09-15 04:00:00,2025,9,15,4,Vĩnh Long,Xã An Ngãi Trung,10.0916931,106.5448581,68,Moderate,1,24.0,99,0.0,0.9,270,1009.5,100,23.9,25.3,279.0,20.5,22.0,9.8
2025-09-15 05:00:00,2025,9,15,5,Vĩnh Long,Xã An Ngãi Trung,10.0916931,106.5448581,68,Moderate,1,24.0,99,0.0,2.4,306,1009.7,100,30.3,30.9,275.0,19.8,20.0,9.3
2025-09-15 06:00:00,2025,9,15,6,Vĩnh Long,Xã An Ngãi Trung,10.0916931,106.5448581,68,Moderate,1,24.2,98,0.0,3.0,322,1010.0,100,37.3,37.6,276.0,18.6,20.0,8.6
2025-09-15 07:00:00,2025,9,15,7,Vĩnh Long,Xã An Ngãi Trung,10.0916931,106.5448581,69,Moderate,1,25.2,96,0.0,3.4,267,1010.4,100,25.5,26.8,267.0,19.7,29.0,12.0
2025-09-15 08:00:00,2025,9,15,8,Vĩnh Long,Xã An Ngãi Trung,10.0916931,106.5448581,68,Moderate,1,27.6,87,0.0,3.0,253,1011.3,100,15.8,16.9,238.0,15.0,44.0,10.7
2025-09-15 09:00:00,2025,9,15,9,Vĩnh Long,Xã An Ngãi Trung,10.0916931,106.5448581,67,Moderate,1,28.5,80,0.0,4.4,251,1011.4,100,12.5,13.1,201.0,8.6,66.0,9.0
2025-09-15 10:00:00,2025,9,15,10,Vĩnh Long,Xã An Ngãi Trung,10.0916931,106.5448581,66,Moderate,1,29.7,72,0.0,5.4,236,1011.3,99,12.8,13.5,171.0,3.7,85.0,7.6
2025-09-15 11:00:00,2025,9,15,11,Vĩnh Long,Xã An Ngãi Trung,10.0916931,106.5448581,66,Moderate,1,30.7,68,0.0,7.0,241,1010.8,93,13.6,14.6,157.0,1.8,100.0,7.0
2025-09-15 12:00:00,2025,9,15,12,Vĩnh Long,Xã An Ngãi Trung,10.0916931,106.5448581,66,Moderate,1,31.2,65,0.0,7.7,249,1010.0,15,14.7,15.7,152.0,1.5,112.0,6.7
2025-09-15 13:00:00,2025,9,15,13,Vĩnh Long,Xã An Ngãi Trung,10.0916931,106.5448581,66,Moderate,1,31.6,64,0.0,8.6,241,1008.7,4,15.7,16.6,150.0,1.7,117.0,6.5
2025-09-15 14:00:00,2025,9,15,14,Vĩnh Long,Xã An Ngãi Trung,10.0916931,106.5448581,66,Moderate,1,31.4,64,0.5,10.8,237,1007.2,28,16.5,17.5,150.0,2.2,111.0,6.0
2025-09-15 15:00:00,2025,9,15,15,Vĩnh Long,Xã An Ngãi Trung,10.0916931,106.5448581,66,Moderate,1,29.5,74,5.9,11.9,239,1006.9,60,16.4,17.3,153.0,3.2,98.0,5.6
2025-09-15 16:00:00,2025,9,15,16,Vĩnh Long,Xã An Ngãi Trung,10.0916931,106.5448581,66,Moderate,1,24.9,92,14.7,16.2,247,1008.5,99,14.6,15.1,161.0,4.9,85.0,5.5
2025-09-15 17:00:00,2025,9,15,17,Vĩnh Long,Xã An Ngãi Trung,10.0916931,106.5448581,67,Moderate,1,24.1,94,2.7,10.4,272,1008.4,99,13.3,13.7,176.0,7.5,72.0,6.0
2025-09-15 18:00:00,2025,9,15,18,Vĩnh Long,Xã An Ngãi Trung,10.0916931,106.5448581,67,Moderate,1,23.9,94,7.1,4.3,208,1008.7,100,14.5,14.9,196.0,10.7,59.0,7.0
2025-09-15 19:00:00,2025,9,15,19,Vĩnh Long,Xã An Ngãi Trung,10.0916931,106.5448581,67,Moderate,1,24.4,94,0.8,3.5,242,1010.0,100,19.6,20.1,220.0,12.7,64.0,8.4
2025-09-15 20:00:00,2025,9,15,20,Vĩnh Long,Xã An Ngãi Trung,10.0916931,106.5448581,67,Moderate,1,26.0,90,0.0,6.2,244,1010.3,100,19.2,19.7,249.0,14.0,58.0,9.0
2025-09-15 21:00:00,2025,9,15,21,Vĩnh Long,Xã An Ngãi Trung,10.0916931,106.5448581,66,Moderate,1,25.8,93,0.0,5.6,237,1010.8,100,19.7,20.2,281.0,15.8,49.0,9.8
2025-09-15 22:00:00,2025,9,15,22,Vĩnh Long,Xã An Ngãi Trung,10.0916931,106.5448581,66,Moderate,1,25.4,94,0.0,4.2,258,1011.4,100,21.4,22.2,310.0,17.4,41.0,10.5
2025-09-15 23:00:00,2025,9,15,23,Vĩnh Long,Xã An Ngãi Trung,10.0916931,106.5448581,66,Moderate,1,25.5,96,0.0,5.0,270,1011.3,100,21.2,22.0,334.0,18.7,35.0,11.1
2025-09-16 00:00:00,2025,9,16,0,Vĩnh Long,Xã An Ngãi Trung,10.0916931,106.5448581,66,Moderate,1,25.4,97,0.0,4.5,265,1011.0,93,20.0,20.8,354.0,19.8,29.0,11.6
2025-09-16 01:00:00,2025,9,16,1,Vĩnh Long,Xã An Ngãi Trung,10.0916931,106.5448581,66,Moderate,1,25.1,97,0.0,3.4,288,1010.3,97,21.0,22.0,365.0,20.8,24.0,11.9
2025-09-16 02:00:00,2025,9,16,2,Vĩnh Long,Xã An Ngãi Trung,10.0916931,106.5448581,65,Moderate,1,24.9,97,0.0,2.8,305,1009.6,76,22.6,23.8,361.0,21.9,20.0,11.7
2025-09-16 03:00:00,2025,9,16,3,Vĩnh Long,Xã An Ngãi Trung,10.0916931,106.5448581,66,Moderate,1,24.6,98,0.0,3.5,336,1008.6,98,22.9,24.0,348.0,22.9,16.0,11.3
2025-09-16 04:00:00,2025,9,16,4,Vĩnh Long,Xã An Ngãi Trung,10.0916931,106.5448581,66,Moderate,1,24.6,98,0.0,3.4,16,1008.4,100,23.5,24.7,336.0,23.3,15.0,11.8
2025-09-16 05:00:00,2025,9,16,5,Vĩnh Long,Xã An Ngãi Trung,10.0916931,106.5448581,66,Moderate,1,24.5,98,0.0,0.5,360,1008.4,100,26.8,28.1,330.0,23.2,16.0,14.3
2025-09-16 06:00:00,2025,9,16,6,Vĩnh Long,Xã An Ngãi Trung,10.0916931,106.5448581,65,Moderate,1,24.6,98,0.0,4.3,275,1009.1,100,27.5,28.9,324.0,22.6,19.0,17.5
2025-09-16 07:00:00,2025,9,16,7,Vĩnh Long,Xã An Ngãi Trung,10.0916931,106.5448581,64,Moderate,1,25.8,95,0.0,7.8,277,1010.0,100,22.5,23.3,311.0,22.6,20.0,16.1
2025-09-16 08:00:00,2025,9,16,8,Vĩnh Long,Xã An Ngãi Trung,10.0916931,106.5448581,64,Moderate,1,27.1,90,0.0,5.6,297,1010.2,100,19.5,20.3,285.0,19.5,28.0,16.2
2025-09-16 09:00:00,2025,9,16,9,Vĩnh Long,Xã An Ngãi Trung,10.0916931,106.5448581,65,Moderate,1,28.5,83,0.1,8.7,287,1010.6,100,16.4,17.3,252.0,15.1,41.0,16.1
2025-09-16 10:00:00,2025,9,16,10,Vĩnh Long,Xã An Ngãi Trung,10.0916931,106.5448581,65,Moderate,1,29.5,79,0.2,11.2,272,1010.5,92,14.8,15.6,222.0,11.0,55.0,15.5
2025-09-16 11:00:00,2025,9,16,11,Vĩnh Long,Xã An Ngãi Trung,10.0916931,106.5448581,65,Moderate,1,30.5,73,0.2,13.7,272,1010.1,100,14.1,14.6,197.0,7.5,75.0,13.7
2025-09-16 12:00:00,2025,9,16,12,Vĩnh Long,Xã An Ngãi Trung,10.0916931,106.5448581,65,Moderate,1,30.6,68,0.3,14.4,266,1009.2,100,15.4,15.8,175.0,4.4,98.0,11.3
2025-09-16 13:00:00,2025,9,16,13,Vĩnh Long,Xã An Ngãi Trung,10.0916931,106.5448581,65,Moderate,1,29.4,71,1.1,11.8,283,1008.0,81,15.3,15.7,161.0,2.7,109.0,9.3
2025-09-16 14:00:00,2025,9,16,14,Vĩnh Long,Xã An Ngãi Trung,10.0916931,106.5448581,65,Moderate,1,28.3,78,3.6,17.2,290,1007.4,86,13.6,13.9,156.0,2.9,100.0,7.9
2025-09-16 15:00:00,2025,9,16,15,Vĩnh Long,Xã An Ngãi Trung,10.0916931,106.5448581,65,Moderate,1,26.6,87,0.4,6.9,265,1007.6,88,11.6,11.7,158.0,4.6,80.0,7.0
2025-09-16 16:00:00,2025,9,16,16,Vĩnh Long,Xã An Ngãi Trung,10.0916931,106.5448581,64,Moderate,1,27.5,84,0.1,9.1,263,1007.0,99,11.7,11.8,169.0,7.3,63.0,7.0
2025-09-16 17:00:00,2025,9,16,17,Vĩnh Long,Xã An Ngãi Trung,10.0916931,106.5448581,64,Moderate,1,26.2,89,0.2,13.1,261,1007.1,100,12.9,13.0,193.0,11.5,53.0,8.5
2025-09-16 18:00:00,2025,9,16,18,Vĩnh Long,Xã An Ngãi Trung,10.0916931,106.5448581,64,Moderate,1,25.6,92,0.1,9.5,268,1007.7,100,17.8,17.9,225.0,16.8,46.0,11.0
2025-09-16 19:00:00,2025,9,16,19,Vĩnh Long,Xã An Ngãi Trung,10.0916931,106.5448581,64,Moderate,1,25.4,94,0.0,4.7,279,1008.1,100,27.0,27.1,252.0,21.0,44.0,13.2
2025-09-16 20:00:00,2025,9,16,20,Vĩnh Long,Xã An Ngãi Trung,10.0916931,106.5448581,65,Moderate,1,26.0,92,0.0,4.2,260,1009.3,99,27.6,27.8,272.0,21.9,40.0,14.1
2025-09-16 21:00:00,2025,9,16,21,Vĩnh Long,Xã An Ngãi Trung,10.0916931,106.5448581,66,Moderate,1,25.6,94,0.0,3.5,261,1009.6,95,28.3,28.5,288.0,23.1,35.0,15.4
2025-09-16 22:00:00,2025,9,16,22,Vĩnh Long,Xã An Ngãi Trung,10.0916931,106.5448581,67,Moderate,1,25.4,95,0.0,4.9,246,1009.9,100,27.5,27.6,295.0,23.9,30.0,16.1
2025-09-16 23:00:00,2025,9,16,23,Vĩnh Long,Xã An Ngãi Trung,10.0916931,106.5448581,67,Moderate,1,25.5,96,0.0,5.2,245,1009.9,100,25.9,26.1,286.0,24.1,27.0,15.8
2025-09-17 00:00:00,2025,9,17,0,Vĩnh Long,Xã An Ngãi Trung,10.0916931,106.5448581,68,Moderate,1,25.5,96,0.0,5.2,245,1009.4,100,24.4,24.6,268.0,23.9,24.0,15.0
2025-09-17 01:00:00,2025,9,17,1,Vĩnh Long,Xã An Ngãi Trung,10.0916931,106.5448581,68,Moderate,1,25.5,96,0.0,6.0,254,1008.3,73,24.2,24.3,258.0,23.7,22.0,14.3
2025-09-17 02:00:00,2025,9,17,2,Vĩnh Long,Xã An Ngãi Trung,10.0916931,106.5448581,68,Moderate,1,25.2,96,0.0,6.0,254,1007.8,79,23.6,23.9,264.0,23.8,20.0,13.9
2025-09-17 03:00:00,2025,9,17,3,Vĩnh Long,Xã An Ngãi Trung,10.0916931,106.5448581,68,Moderate,1,25.0,96,0.0,5.8,240,1007.4,88,23.5,23.7,278.0,23.9,19.0,13.7
2025-09-17 04:00:00,2025,9,17,4,Vĩnh Long,Xã An Ngãi Trung,10.0916931,106.5448581,68,Moderate,1,24.6,96,0.0,5.3,258,1007.1,88,24.3,24.7,294.0,23.4,19.0,13.4
2025-09-17 05:00:00,2025,9,17,5,Vĩnh Long,Xã An Ngãi Trung,10.0916931,106.5448581,68,Moderate,1,24.6,96,0.0,5.6,249,1007.4,100,25.5,26.0,319.0,22.3,19.0,13.1
2025-09-17 06:00:00,2025,9,17,6,Vĩnh Long,Xã An Ngãi Trung,10.0916931,106.5448581,68,Moderate,1,24.8,96,0.0,5.5,243,1008.4,100,26.3,26.8,345.0,20.6,19.0,12.8
2025-09-17 07:00:00,2025,9,17,7,Vĩnh Long,Xã An Ngãi Trung,10.0916931,106.5448581,68,Moderate,1,26.0,93,0.0,5.7,229,1008.9,98,25.7,26.7,345.0,18.6,22.0,12.6
2025-09-17 08:00:00,2025,9,17,8,Vĩnh Long,Xã An Ngãi Trung,10.0916931,106.5448581,69,Moderate,1,25.6,88,2.9,14.5,256,1009.8,100,21.4,22.8,292.0,14.4,39.0,11.6
2025-09-17 09:00:00,2025,9,17,9,Vĩnh Long,Xã An Ngãi Trung,10.0916931,106.5448581,69,Moderate,1,26.7,86,0.7,11.5,259,1009.9,100,17.0,18.7,212.0,8.7,62.0,10.1
2025-09-17 10:00:00,2025,9,17,10,Vĩnh Long,Xã An Ngãi Trung,10.0916931,106.5448581,69,Moderate,1,28.7,77,0.2,10.0,261,1009.7,99,13.2,13.7,153.0,4.6,79.0,8.9
2025-09-17 11:00:00,2025,9,17,11,Vĩnh Long,Xã An Ngãi Trung,10.0916931,106.5448581,69,Moderate,1,29.8,75,0.0,12.2,269,1008.9,100,11.6,12.0,136.0,3.5,84.0,8.1
2025-09-17 12:00:00,2025,9,17,12,Vĩnh Long,Xã An Ngãi Trung,10.0916931,106.5448581,68,Moderate,1,30.7,72,0.1,12.1,267,1007.6,100,12.3,12.7,138.0,4.0,82.0,7.6
2025-09-17 13:00:00,2025,9,17,13,Vĩnh Long,Xã An Ngãi Trung,10.0916931,106.5448581,68,Moderate,1,31.5,65,0.0,12.1,267,1006.1,99,11.6,11.9,144.0,4.7,77.0,7.0
2025-09-17 14:00:00,2025,9,17,14,Vĩnh Long,Xã An Ngãi Trung,10.0916931,106.5448581,68,Moderate,1,26.0,91,7.5,19.1,262,1006.5,99,9.1,9.3,146.0,5.2,69.0,6.2
2025-09-17 15:00:00,2025,9,17,15,Vĩnh Long,Xã An Ngãi Trung,10.0916931,106.5448581,67,Moderate,1,26.8,89,0.1,11.4,257,1006.0,92,7.2,7.5,150.0,5.9,59.0,5.5
2025-09-17 16:00:00,2025,9,17,16,Vĩnh Long,Xã An Ngãi Trung,10.0916931,106.5448581,67,Moderate,1,27.1,87,0.2,10.3,259,1005.3,91,6.7,7.0,160.0,7.0,50.0,5.2
2025-09-17 17:00:00,2025,9,17,17,Vĩnh Long,Xã An Ngãi Trung,10.0916931,106.5448581,67,Moderate,1,26.1,89,4.0,12.4,272,1006.0,100,7.9,8.5,179.0,8.9,45.0,5.9
2025-09-17 18:00:00,2025,9,17,18,Vĩnh Long,Xã An Ngãi Trung,10.0916931,106.5448581,66,Moderate,1,24.8,94,0.9,5.4,256,1006.4,100,9.4,10.2,202.0,11.1,42.0,7.1
2025-09-17 19:00:00,2025,9,17,19,Vĩnh Long,Xã An Ngãi Trung,10.0916931,106.5448581,65,Moderate,1,24.8,95,0.1,5.3,237,1007.3,99,11.7,12.8,221.0,12.4,43.0,8.0
2025-09-17 20:00:00,2025,9,17,20,Vĩnh Long,Xã An Ngãi Trung,10.0916931,106.5448581,64,Moderate,1,24.8,94,0.0,9.7,254,1008.2,100,13.3,14.4,229.0,13.1,40.0,8.4
2025-09-17 21:00:00,2025,9,17,21,Vĩnh Long,Xã An Ngãi Trung,10.0916931,106.5448581,63,Moderate,1,25.0,94,0.0,10.3,251,1008.5,94,14.1,15.4,232.0,14.1,36.0,9.0
2025-09-17 22:00:00,2025,9,17,22,Vĩnh Long,Xã An Ngãi Trung,10.0916931,106.5448581,61,Moderate,1,25.0,96,0.0,8.0,254,1008.8,91,14.8,16.1,238.0,14.8,33.0,9.3
2025-09-17 23:00:00,2025,9,17,23,Vĩnh Long,Xã An Ngãi Trung,10.0916931,106.5448581,60,Moderate,1,25.1,96,0.0,9.3,248,1008.8,76,15.2,16.5,252.0,15.1,31.0,9.2
2025-09-18 00:00:00,2025,9,18,0,Vĩnh Long,Xã An Ngãi Trung,10.0916931,106.5448581,59,Moderate,1,25.1,96,0.0,9.8,250,1008.7,100,15.4,16.8,268.0,15.2,29.0,8.9
2025-09-18 01:00:00,2025,9,18,1,Vĩnh Long,Xã An Ngãi Trung,10.0916931,106.5448581,59,Moderate,1,25.0,95,0.0,10.6,261,1007.4,94,15.7,17.1,277.0,15.2,28.0,8.6
2025-09-18 02:00:00,2025,9,18,2,Vĩnh Long,Xã An Ngãi Trung,10.0916931,106.5448581,58,Moderate,1,24.8,96,0.0,10.3,263,1006.6,100,16.2,17.6,272.0,15.3,27.0,8.4
2025-09-18 03:00:00,2025,9,18,3,Vĩnh Long,Xã An Ngãi Trung,10.0916931,106.5448581,57,Moderate,1,24.6,96,0.0,6.7,270,1005.6,100,16.6,18.0,261.0,15.4,26.0,8.2
2025-09-18 04:00:00,2025,9,18,4,Vĩnh Long,Xã An Ngãi Trung,10.0916931,106.5448581,57,Moderate,1,24.5,97,0.0,5.5,234,1006.0,100,16.9,18.4,249.0,15.2,26.0,8.1
2025-09-18 05:00:00,2025,9,18,5,Vĩnh Long,Xã An Ngãi Trung,10.0916931,106.5448581,56,Moderate,1,24.5,98,0.0,5.5,234,1006.7,100,17.8,19.3,243.0,14.8,24.0,8.0
2025-09-18 06:00:00,2025,9,18,6,Vĩnh Long,Xã An Ngãi Trung,10.0916931,106.5448581,55,Moderate,1,24.5,98,0.0,5.0,232,1007.3,100,19.4,21.0,237.0,14.1,23.0,8.0
2025-09-18 07:00:00,2025,9,18,7,Vĩnh Long,Xã An Ngãi Trung,10.0916931,106.5448581,55,Moderate,1,25.4,95,0.0,11.1,236,1008.4,100,11.3,12.4,225.0,9.2,36.0,6.2
2025-09-18 08:00:00,2025,9,18,8,Vĩnh Long,Xã An Ngãi Trung,10.0916931,106.5448581,53,Moderate,1,27.8,88,0.0,10.2,240,1008.4,100,7.9,8.8,201.0,7.4,44.0,6.3
2025-09-18 09:00:00,2025,9,18,9,Vĩnh Long,Xã An Ngãi Trung,10.0916931,106.5448581,52,Moderate,1,27.8,84,1.3,14.1,254,1009.0,99,6.8,7.5,170.0,4.9,54.0,6.5
2025-09-18 10:00:00,2025,9,18,10,Vĩnh Long,Xã An Ngãi Trung,10.0916931,106.5448581,51,Moderate,1,28.9,82,0.2,9.9,265,1008.7,91,6.9,7.3,147.0,3.0,64.0,6.5
2025-09-18 11:00:00,2025,9,18,11,Vĩnh Long,Xã An Ngãi Trung,10.0916931,106.5448581,51,Moderate,1,30.0,77,0.1,8.7,275,1008.0,23,8.3,8.7,138.0,2.4,72.0,6.1
2025-09-18 12:00:00,2025,9,18,12,Vĩnh Long,Xã An Ngãi Trung,10.0916931,106.5448581,50,Good,0,30.9,71,0.2,11.3,278,1006.9,83,10.2,10.7,136.0,2.4,78.0,5.6
2025-09-18 13:00:00,2025,9,18,13,Vĩnh Long,Xã An Ngãi Trung,10.0916931,106.5448581,50,Good,0,30.0,71,0.4,11.1,238,1005.3,89,13.2,13.7,136.0,2.8,81.0,5.3
2025-09-18 14:00:00,2025,9,18,14,Vĩnh Long,Xã An Ngãi Trung,10.0916931,106.5448581,50,Good,0,28.7,78,7.0,12.8,322,1005.2,88,13.6,14.0,136.0,3.6,78.0,5.3
2025-09-18 15:00:00,2025,9,18,15,Vĩnh Long,Xã An Ngãi Trung,10.0916931,106.5448581,51,Moderate,1,26.5,85,15.6,12.4,237,1005.8,99,12.9,13.2,138.0,4.8,71.0,5.4
2025-09-18 16:00:00,2025,9,18,16,Vĩnh Long,Xã An Ngãi Trung,10.0916931,106.5448581,51,Moderate,1,25.8,93,7.4,7.8,241,1005.8,100,11.3,11.5,146.0,6.3,63.0,5.8
2025-09-18 17:00:00,2025,9,18,17,Vĩnh Long,Xã An Ngãi Trung,10.0916931,106.5448581,52,Moderate,1,25.4,93,1.4,9.2,272,1006.4,100,9.7,9.9,164.0,8.1,54.0,6.5
2025-09-18 18:00:00,2025,9,18,18,Vĩnh Long,Xã An Ngãi Trung,10.0916931,106.5448581,52,Moderate,1,25.4,95,1.0,8.0,252,1007.2,100,8.6,8.9,187.0,10.2,44.0,7.3
2025-09-18 19:00:00,2025,9,18,19,Vĩnh Long,Xã An Ngãi Trung,10.0916931,106.5448581,52,Moderate,1,25.4,96,0.3,7.2,251,1007.9,95,8.7,9.2,202.0,11.1,37.0,7.9
2025-09-18 20:00:00,2025,9,18,20,Vĩnh Long,Xã An Ngãi Trung,10.0916931,106.5448581,51,Moderate,1,25.5,93,0.1,14.9,257,1008.6,100,8.6,9.1,203.0,11.6,33.0,8.0
2025-09-18 21:00:00,2025,9,18,21,Vĩnh Long,Xã An Ngãi Trung,10.0916931,106.5448581,51,Moderate,1,25.5,94,0.0,11.9,256,1009.8,100,9.1,9.5,197.0,12.1,28.0,8.0
2025-09-18 22:00:00,2025,9,18,22,Vĩnh Long,Xã An Ngãi Trung,10.0916931,106.5448581,51,Moderate,1,25.5,94,0.0,12.6,246,1010.2,100,9.5,10.0,188.0,12.2,25.0,7.8
2025-09-18 23:00:00,2025,9,18,23,Vĩnh Long,Xã An Ngãi Trung,10.0916931,106.5448581,50,Good,0,25.3,94,0.0,13.0,246,1009.7,100,9.0,9.5,177.0,11.3,25.0,7.0
2025-09-19 00:00:00,2025,9,19,0,Vĩnh Long,Xã An Ngãi Trung,10.0916931,106.5448581,49,Good,0,25.1,94,0.0,10.9,239,1009.4,100,7.7,8.1,163.0,9.9,27.0,6.0
2025-09-19 01:00:00,2025,9,19,1,Vĩnh Long,Xã An Ngãi Trung,10.0916931,106.5448581,48,Good,0,25.0,94,0.0,9.4,247,1008.6,100,6.3,6.6,150.0,8.8,28.0,5.2
2025-09-19 02:00:00,2025,9,19,2,Vĩnh Long,Xã An Ngãi Trung,10.0916931,106.5448581,46,Good,0,25.0,94,0.0,10.2,246,1008.2,100,5.3,5.5,136.0,8.1,29.0,4.8
2025-09-19 03:00:00,2025,9,19,3,Vĩnh Long,Xã An Ngãi Trung,10.0916931,106.5448581,44,Good,0,25.0,94,0.0,10.7,250,1007.7,100,4.7,4.9,122.0,7.7,29.0,4.6
2025-09-19 04:00:00,2025,9,19,4,Vĩnh Long,Xã An Ngãi Trung,10.0916931,106.5448581,42,Good,0,24.9,95,0.0,12.9,249,1007.6,100,4.5,4.7,116.0,7.6,29.0,4.7
2025-09-19 05:00:00,2025,9,19,5,Vĩnh Long,Xã An Ngãi Trung,10.0916931,106.5448581,40,Good,0,24.8,95,0.0,14.1,251,1008.2,100,4.7,4.8,123.0,8.1,27.0,5.1
2025-09-19 06:00:00,2025,9,19,6,Vĩnh Long,Xã An Ngãi Trung,10.0916931,106.5448581,38,Good,0,24.8,94,0.0,13.8,249,1008.8,100,5.2,5.3,138.0,8.9,25.0,5.7
2025-09-19 07:00:00,2025,9,19,7,Vĩnh Long,Xã An Ngãi Trung,10.0916931,106.5448581,35,Good,0,25.2,93,0.1,16.1,252,1009.8,100,10.4,10.8,148.0,11.4,20.0,6.9
2025-09-19 08:00:00,2025,9,19,8,Vĩnh Long,Xã An Ngãi Trung,10.0916931,106.5448581,35,Good,0,26.2,89,0.1,17.8,261,1011.0,100,6.4,7.0,150.0,9.5,27.0,6.9
2025-09-19 09:00:00,2025,9,19,9,Vĩnh Long,Xã An Ngãi Trung,10.0916931,106.5448581,35,Good,0,27.0,86,0.0,14.8,264,1011.0,99,7.3,7.9,148.0,6.9,38.0,7.0
2025-09-19 10:00:00,2025,9,19,10,Vĩnh Long,Xã An Ngãi Trung,10.0916931,106.5448581,35,Good,0,28.4,78,0.0,15.4,265,1011.0,100,8.2,9.1,143.0,4.8,48.0,6.9
2025-09-19 11:00:00,2025,9,19,11,Vĩnh Long,Xã An Ngãi Trung,10.0916931,106.5448581,35,Good,0,28.5,76,0.0,18.2,261,1010.6,100,7.9,8.6,135.0,3.7,56.0,6.5
2025-09-19 12:00:00,2025,9,19,12,Vĩnh Long,Xã An Ngãi Trung,10.0916931,106.5448581,35,Good,0,29.5,68,0.0,19.8,259,1009.7,100,8.3,9.1,125.0,3.2,64.0,5.9
2025-09-19 13:00:00,2025,9,19,13,Vĩnh Long,Xã An Ngãi Trung,10.0916931,106.5448581,35,Good,0,29.5,68,0.0,19.2,253,1008.7,92,8.4,9.2,118.0,2.9,70.0,5.6
2025-09-19 14:00:00,2025,9,19,14,Vĩnh Long,Xã An Ngãi Trung,10.0916931,106.5448581,34,Good,0,30.0,64,0.0,20.6,254,1007.7,89,9.1,10.1,116.0,2.3,76.0,5.5
2025-09-19 15:00:00,2025,9,19,15,Vĩnh Long,Xã An Ngãi Trung,10.0916931,106.5448581,33,Good,0,29.8,64,0.0,18.6,256,1007.0,96,10.0,11.1,117.0,2.0,82.0,5.6
2025-09-19 16:00:00,2025,9,19,16,Vĩnh Long,Xã An Ngãi Trung,10.0916931,106.5448581,33,Good,0,29.0,69,0.0,17.2,263,1006.8,82,10.8,12.0,124.0,3.1,82.0,6.2
2025-09-19 17:00:00,2025,9,19,17,Vĩnh Long,Xã An Ngãi Trung,10.0916931,106.5448581,33,Good,0,28.2,74,0.0,12.5,262,1006.8,51,12.8,13.9,140.0,6.7,73.0,7.5
2025-09-19 18:00:00,2025,9,19,18,Vĩnh Long,Xã An Ngãi Trung,10.0916931,106.5448581,33,Good,0,27.3,75,0.0,11.4,266,1007.6,8,15.8,16.6,161.0,11.6,60.0,9.2
2025-09-19 19:00:00,2025,9,19,19,Vĩnh Long,Xã An Ngãi Trung,10.0916931,106.5448581,34,Good,0,26.5,80,0.0,8.5,269,1008.2,99,21.4,23.4,184.0,16.8,39.0,10.1
2025-09-19 20:00:00,2025,9,19,20,Vĩnh Long,Xã An Ngãi Trung,10.0916931,106.5448581,37,Good,0,26.7,75,0.0,9.9,268,1008.9,95,22.5,24.3,209.0,18.6,35.0,11.1
2025-09-19 21:00:00,2025,9,19,21,Vĩnh Long,Xã An Ngãi Trung,10.0916931,106.5448581,39,Good,0,26.2,79,0.0,8.8,268,1010.0,92,25.0,27.2,235.0,21.1,28.0,12.4
2025-09-19 22:00:00,2025,9,19,22,Vĩnh Long,Xã An Ngãi Trung,10.0916931,106.5448581,42,Good,0,25.6,84,0.0,5.9,270,1010.3,60,27.7,30.2,255.0,22.9,23.0,13.2
2025-09-19 23:00:00,2025,9,19,23,Vĩnh Long,Xã An Ngãi Trung,10.0916931,106.5448581,45,Good,0,25.1,87,0.0,5.8,266,1010.0,100,29.5,32.0,268.0,23.5,20.0,12.9
2025-09-20 00:00:00,2025,9,20,0,Vĩnh Long,Xã An Ngãi Trung,10.0916931,106.5448581,49,Good,0,25.1,88,0.0,5.9,258,1009.5,100,29.3,31.8,276.0,23.4,18.0,12.0
2025-09-20 01:00:00,2025,9,20,1,Vĩnh Long,Xã An Ngãi Trung,10.0916931,106.5448581,51,Moderate,1,25.2,88,0.0,6.2,260,1009.1,100,27.8,30.3,276.0,23.0,16.0,11.2
2025-09-20 02:00:00,2025,9,20,2,Vĩnh Long,Xã An Ngãi Trung,10.0916931,106.5448581,53,Moderate,1,25.1,89,0.0,6.2,253,1009.3,100,26.5,29.0,264.0,22.6,14.0,10.5
2025-09-20 03:00:00,2025,9,20,3,Vĩnh Long,Xã An Ngãi Trung,10.0916931,106.5448581,55,Moderate,1,25.0,91,0.0,6.0,245,1008.8,100,26.0,28.5,244.0,21.9,13.0,9.9
2025-09-20 04:00:00,2025,9,20,4,Vĩnh Long,Xã An Ngãi Trung,10.0916931,106.5448581,57,Moderate,1,24.9,91,0.0,5.4,230,1008.9,78,25.6,28.2,228.0,20.8,13.0,9.5
2025-09-20 05:00:00,2025,9,20,5,Vĩnh Long,Xã An Ngãi Trung,10.0916931,106.5448581,59,Moderate,1,24.8,92,0.0,6.4,248,1009.1,63,25.4,27.9,225.0,19.1,13.0,9.5
2025-09-20 06:00:00,2025,9,20,6,Vĩnh Long,Xã An Ngãi Trung,10.0916931,106.5448581,61,Moderate,1,24.7,92,0.0,6.3,250,1009.5,55,25.1,27.5,227.0,16.8,14.0,9.6
2025-09-20 07:00:00,2025,9,20,7,Vĩnh Long,Xã An Ngãi Trung,10.0916931,106.5448581,62,Moderate,1,26.2,89,0.0,6.9,245,1009.7,30,26.4,29.0,221.0,13.9,22.0,10.2
2025-09-20 08:00:00,2025,9,20,8,Vĩnh Long,Xã An Ngãi Trung,10.0916931,106.5448581,64,Moderate,1,28.2,83,0.0,7.6,252,1010.1,93,19.9,23.5,196.0,10.9,35.0,9.7
2025-09-20 09:00:00,2025,9,20,9,Vĩnh Long,Xã An Ngãi Trung,10.0916931,106.5448581,65,Moderate,1,29.6,75,0.0,11.2,259,1010.1,99,16.5,21.0,163.0,6.7,53.0,8.9
2025-09-20 10:00:00,2025,9,20,10,Vĩnh Long,Xã An Ngãi Trung,10.0916931,106.5448581,66,Moderate,1,30.4,70,0.0,12.6,266,1009.8,100,16.0,21.0,139.0,3.5,68.0,8.1
2025-09-20 11:00:00,2025,9,20,11,Vĩnh Long,Xã An Ngãi Trung,10.0916931,106.5448581,66,Moderate,1,31.1,66,0.1,13.3,269,1009.3,100,15.7,20.8,132.0,2.1,79.0,7.1
2025-09-20 12:00:00,2025,9,20,12,Vĩnh Long,Xã An Ngãi Trung,10.0916931,106.5448581,67,Moderate,1,31.5,65,0.0,13.9,268,1008.5,100,14.7,19.3,134.0,1.6,87.0,6.0
2025-09-20 13:00:00,2025,9,20,13,Vĩnh Long,Xã An Ngãi Trung,10.0916931,106.5448581,68,Moderate,1,31.5,66,0.1,14.8,257,1007.6,99,13.2,17.1,137.0,1.6,91.0,5.2
2025-09-20 14:00:00,2025,9,20,14,Vĩnh Long,Xã An Ngãi Trung,10.0916931,106.5448581,68,Moderate,1,31.2,68,1.6,14.7,252,1006.4,28,12.0,14.8,138.0,1.6,90.0,4.8
2025-09-20 15:00:00,2025,9,20,15,Vĩnh Long,Xã An Ngãi Trung,10.0916931,106.5448581,68,Moderate,1,29.8,75,3.8,15.7,228,1005.9,50,10.9,12.8,140.0,2.1,84.0,4.7
2025-09-20 16:00:00,2025,9,20,16,Vĩnh Long,Xã An Ngãi Trung,10.0916931,106.5448581,68,Moderate,1,29.4,77,0.1,10.2,229,1005.7,21,10.1,11.6,147.0,4.0,76.0,5.1
2025-09-20 17:00:00,2025,9,20,17,Vĩnh Long,Xã An Ngãi Trung,10.0916931,106.5448581,68,Moderate,1,28.8,80,0.1,10.3,218,1005.9,61,11.4,12.5,161.0,8.4,64.0,6.5
2025-09-20 18:00:00,2025,9,20,18,Vĩnh Long,Xã An Ngãi Trung,10.0916931,106.5448581,68,Moderate,1,27.4,85,0.0,7.4,212,1006.8,56,14.6,15.8,180.0,14.3,50.0,8.4
2025-09-20 19:00:00,2025,9,20,19,Vĩnh Long,Xã An Ngãi Trung,10.0916931,106.5448581,68,Moderate,1,26.9,87,0.0,6.6,217,1007.3,70,18.7,21.1,205.0,15.0,41.0,8.5
2025-09-20 20:00:00,2025,9,20,20,Vĩnh Long,Xã An Ngãi Trung,10.0916931,106.5448581,68,Moderate,1,26.8,89,0.0,8.4,250,1008.5,63,21.0,23.2,243.0,16.5,36.0,9.2
2025-09-20 21:00:00,2025,9,20,21,Vĩnh Long,Xã An Ngãi Trung,10.0916931,106.5448581,68,Moderate,1,26.2,86,0.0,7.2,258,1009.3,61,22.8,24.9,285.0,18.5,29.0,10.1
2025-09-20 22:00:00,2025,9,20,22,Vĩnh Long,Xã An Ngãi Trung,10.0916931,106.5448581,68,Moderate,1,25.7,88,0.0,5.8,265,1009.7,45,23.8,25.8,309.0,20.0,23.0,10.6
2025-09-20 23:00:00,2025,9,20,23,Vĩnh Long,Xã An Ngãi Trung,10.0916931,106.5448581,67,Moderate,1,25.5,89,0.0,6.1,238,1009.2,96,23.6,25.7,300.0,20.5,20.0,10.5
2025-09-21 00:00:00,2025,9,21,0,Vĩnh Long,Xã An Ngãi Trung,10.0916931,106.5448581,67,Moderate,1,25.5,90,0.0,7.0,249,1009.0,100,23.0,25.1,272.0,20.4,18.0,10.1
2025-09-21 01:00:00,2025,9,21,1,Vĩnh Long,Xã An Ngãi Trung,10.0916931,106.5448581,66,Moderate,1,25.2,91,0.0,7.2,242,1008.3,100,22.5,24.6,243.0,19.9,17.0,9.6
2025-09-21 02:00:00,2025,9,21,2,Vĩnh Long,Xã An Ngãi Trung,10.0916931,106.5448581,66,Moderate,1,25.0,92,0.0,6.9,237,1007.8,100,21.5,23.6,215.0,18.9,17.0,8.9
2025-09-21 03:00:00,2025,9,21,3,Vĩnh Long,Xã An Ngãi Trung,10.0916931,106.5448581,65,Moderate,1,24.9,93,0.0,6.9,242,1007.3,100,20.0,22.1,187.0,17.5,19.0,8.1
2025-09-21 04:00:00,2025,9,21,4,Vĩnh Long,Xã An Ngãi Trung,10.0916931,106.5448581,65,Moderate,1,24.7,94,0.0,6.8,235,1007.3,100,18.5,20.5,169.0,16.0,20.0,7.6
2025-09-21 05:00:00,2025,9,21,5,Vĩnh Long,Xã An Ngãi Trung,10.0916931,106.5448581,64,Moderate,1,24.6,94,0.0,7.1,227,1007.7,99,17.5,19.6,173.0,14.5,20.0,7.5
2025-09-21 06:00:00,2025,9,21,6,Vĩnh Long,Xã An Ngãi Trung,10.0916931,106.5448581,63,Moderate,1,24.8,93,0.0,8.6,231,1008.1,84,17.8,19.7,187.0,12.8,21.0,7.7
2025-09-21 07:00:00,2025,9,21,7,Vĩnh Long,Xã An Ngãi Trung,10.0916931,106.5448581,63,Moderate,1,26.2,90,0.0,8.9,238,1008.5,58,14.6,16.6,193.0,9.3,30.0,7.3
2025-09-21 08:00:00,2025,9,21,8,Vĩnh Long,Xã An Ngãi Trung,10.0916931,106.5448581,62,Moderate,1,28.4,84,0.0,10.3,234,1009.1,19,12.7,15.3,177.0,7.5,39.0,7.1
2025-09-21 09:00:00,2025,9,21,9,Vĩnh Long,Xã An Ngãi Trung,10.0916931,106.5448581,61,Moderate,1,29.7,74,0.0,16.8,255,1009.1,68,10.9,13.9,153.0,5.0,51.0,6.8
2025-09-21 10:00:00,2025,9,21,10,Vĩnh Long,Xã An Ngãi Trung,10.0916931,106.5448581,61,Moderate,1,30.8,69,0.0,17.3,262,1009.2,100,11.3,14.7,136.0,3.1,63.0,6.5
2025-09-21 11:00:00,2025,9,21,11,Vĩnh Long,Xã An Ngãi Trung,10.0916931,106.5448581,60,Moderate,1,31.0,70,0.0,16.5,264,1008.5,100,11.8,15.4,135.0,2.1,74.0,6.3
2025-09-21 12:00:00,2025,9,21,12,Vĩnh Long,Xã An Ngãi Trung,10.0916931,106.5448581,60,Moderate,1,30.6,70,0.1,16.7,270,1007.6,100,12.2,15.7,141.0,1.6,83.0,6.1
2025-09-21 13:00:00,2025,9,21,13,Vĩnh Long,Xã An Ngãi Trung,10.0916931,106.5448581,60,Moderate,1,28.1,82,0.5,15.0,265,1006.6,100,11.4,14.1,147.0,1.7,88.0,6.0
2025-09-21 14:00:00,2025,9,21,14,Vĩnh Long,Xã An Ngãi Trung,10.0916931,106.5448581,59,Moderate,1,28.9,82,0.1,9.4,257,1005.2,99,10.2,11.8,146.0,2.5,85.0,6.1
2025-09-21 15:00:00,2025,9,21,15,Vĩnh Long,Xã An Ngãi Trung,10.0916931,106.5448581,59,Moderate,1,29.7,77,0.0,9.6,229,1004.8,100,10.9,12.6,145.0,3.9,78.0,6.2
2025-09-21 16:00:00,2025,9,21,16,Vĩnh Long,Xã An Ngãi Trung,10.0916931,106.5448581,59,Moderate,1,28.4,83,0.6,7.7,259,1005.7,100,11.9,13.5,161.0,6.1,69.0,6.6
2025-09-21 17:00:00,2025,9,21,17,Vĩnh Long,Xã An Ngãi Trung,10.0916931,106.5448581,59,Moderate,1,27.8,89,0.3,4.6,259,1006.0,100,13.4,15.0,210.0,9.6,58.0,7.2
2025-09-21 18:00:00,2025,9,21,18,Vĩnh Long,Xã An Ngãi Trung,10.0916931,106.5448581,60,Moderate,1,26.9,96,0.0,0.8,45,1007.0,100,15.7,17.3,275.0,13.9,45.0,8.0
2025-09-21 19:00:00,2025,9,21,19,Vĩnh Long,Xã An Ngãi Trung,10.0916931,106.5448581,60,Moderate,1,26.2,98,0.0,2.5,94,1007.5,100,27.5,30.7,327.0,22.2,39.0,13.1
2025-09-21 20:00:00,2025,9,21,20,Vĩnh Long,Xã An Ngãi Trung,10.0916931,106.5448581,61,Moderate,1,26.5,97,0.0,2.9,191,1007.8,100,25.6,28.2,359.0,20.3,37.0,12.3
2025-09-21 21:00:00,2025,9,21,21,Vĩnh Long,Xã An Ngãi Trung,10.0916931,106.5448581,61,Moderate,1,26.5,96,0.0,4.8,233,1008.8,100,20.2,22.3,378.0,17.7,34.0,11.2
2025-09-21 22:00:00,2025,9,21,22,Vĩnh Long,Xã An Ngãi Trung,10.0916931,106.5448581,61,Moderate,1,26.6,90,0.0,6.8,248,1009.3,100,17.2,19.0,373.0,15.2,32.0,10.0
2025-09-21 23:00:00,2025,9,21,23,Vĩnh Long,Xã An Ngãi Trung,10.0916931,106.5448581,60,Moderate,1,26.4,88,0.1,9.4,262,1009.4,100,15.5,17.3,328.0,13.1,33.0,8.5
2025-09-22 00:00:00,2025,9,22,0,Vĩnh Long,Xã An Ngãi Trung,10.0916931,106.5448581,59,Moderate,1,25.5,93,0.5,10.9,251,1009.2,100,13.4,15.2,260.0,11.1,35.0,6.9
2025-09-22 01:00:00,2025,9,22,1,Vĩnh Long,Xã An Ngãi Trung,10.0916931,106.5448581,59,Moderate,1,25.2,93,0.7,10.9,246,1008.5,100,12.4,14.3,206.0,9.8,37.0,5.7
2025-09-22 02:00:00,2025,9,22,2,Vĩnh Long,Xã An Ngãi Trung,10.0916931,106.5448581,58,Moderate,1,25.1,94,0.6,8.6,234,1008.1,100,11.6,13.3,181.0,9.4,37.0,5.1
2025-09-22 03:00:00,2025,9,22,3,Vĩnh Long,Xã An Ngãi Trung,10.0916931,106.5448581,57,Moderate,1,25.1,95,0.2,9.9,249,1007.9,100,11.2,12.8,171.0,9.6,36.0,4.9
2025-09-22 04:00:00,2025,9,22,4,Vĩnh Long,Xã An Ngãi Trung,10.0916931,106.5448581,56,Moderate,1,25.1,94,0.5,8.6,221,1007.7,100,11.6,13.2,168.0,10.2,34.0,4.9
2025-09-22 05:00:00,2025,9,22,5,Vĩnh Long,Xã An Ngãi Trung,10.0916931,106.5448581,55,Moderate,1,25.0,94,0.8,12.6,268,1007.9,100,11.8,13.3,174.0,11.4,31.0,5.2
2025-09-22 06:00:00,2025,9,22,6,Vĩnh Long,Xã An Ngãi Trung,10.0916931,106.5448581,55,Moderate,1,24.9,94,1.7,11.8,247,1008.5,100,12.3,13.6,188.0,12.9,27.0,5.7
2025-09-22 07:00:00,2025,9,22,7,Vĩnh Long,Xã An Ngãi Trung,10.0916931,106.5448581,54,Moderate,1,25.0,94,0.7,9.1,253,1008.9,100,16.4,17.9,197.0,13.0,24.0,7.9
2025-09-22 08:00:00,2025,9,22,8,Vĩnh Long,Xã An Ngãi Trung,10.0916931,106.5448581,55,Moderate,1,26.3,91,0.2,5.9,272,1009.7,100,14.6,16.5,196.0,11.0,32.0,8.1
2025-09-22 09:00:00,2025,9,22,9,Vĩnh Long,Xã An Ngãi Trung,10.0916931,106.5448581,55,Moderate,1,27.4,89,0.2,9.3,251,1009.7,100,13.0,15.1,191.0,8.2,43.0,8.4
2025-09-22 10:00:00,2025,9,22,10,Vĩnh Long,Xã An Ngãi Trung,10.0916931,106.5448581,55,Moderate,1,27.8,88,0.4,13.9,269,1009.7,100,12.5,14.9,184.0,6.3,52.0,8.5
2025-09-22 11:00:00,2025,9,22,11,Vĩnh Long,Xã An Ngãi Trung,10.0916931,106.5448581,55,Moderate,1,27.5,89,0.5,16.8,265,1009.3,100,10.7,12.8,177.0,5.9,56.0,8.4
2025-09-22 12:00:00,2025,9,22,12,Vĩnh Long,Xã An Ngãi Trung,10.0916931,106.5448581,55,Moderate,1,28.0,81,0.7,19.7,276,1008.6,100,10.8,12.2,168.0,6.3,57.0,8.1
2025-09-22 13:00:00,2025,9,22,13,Vĩnh Long,Xã An Ngãi Trung,10.0916931,106.5448581,55,Moderate,1,27.3,86,0.6,16.2,282,1007.7,100,11.1,12.4,161.0,7.0,57.0,8.1
2025-09-22 14:00:00,2025,9,22,14,Vĩnh Long,Xã An Ngãi Trung,10.0916931,106.5448581,55,Moderate,1,27.6,84,0.7,14.7,281,1006.8,100,11.6,12.9,154.0,7.7,57.0,8.5
2025-09-22 15:00:00,2025,9,22,15,Vĩnh Long,Xã An Ngãi Trung,10.0916931,106.5448581,55,Moderate,1,27.8,79,0.2,16.0,278,1006.2,100,12.7,14.5,149.0,8.7,55.0,9.1
2025-09-22 16:00:00,2025,9,22,16,Vĩnh Long,Xã An Ngãi Trung,10.0916931,106.5448581,55,Moderate,1,27.4,79,0.1,12.9,276,1006.2,100,13.6,15.7,148.0,10.3,52.0,9.9
2025-09-22 17:00:00,2025,9,22,17,Vĩnh Long,Xã An Ngãi Trung,10.0916931,106.5448581,55,Moderate,1,26.7,73,0.0,13.9,284,1006.7,100,14.8,17.0,155.0,13.0,47.0,11.0
2025-09-22 18:00:00,2025,9,22,18,Vĩnh Long,Xã An Ngãi Trung,10.0916931,106.5448581,55,Moderate,1,26.2,70,0.0,11.6,300,1007.2,100,16.7,18.8,166.0,16.5,41.0,12.3
2025-09-22 19:00:00,2025,9,22,19,Vĩnh Long,Xã An Ngãi Trung,10.0916931,106.5448581,55,Moderate,1,26.0,72,0.0,11.1,293,1008.1,100,26.8,29.4,180.0,24.1,32.0,14.9
2025-09-22 20:00:00,2025,9,22,20,Vĩnh Long,Xã An Ngãi Trung,10.0916931,106.5448581,55,Moderate,1,24.9,83,0.1,5.2,311,1008.8,100,29.5,32.0,198.0,25.8,28.0,15.9
2025-09-22 21:00:00,2025,9,22,21,Vĩnh Long,Xã An Ngãi Trung,10.0916931,106.5448581,56,Moderate,1,24.8,81,0.0,6.0,321,1009.5,100,31.8,34.3,218.0,27.9,24.0,17.3
2025-09-22 22:00:00,2025,9,22,22,Vĩnh Long,Xã An Ngãi Trung,10.0916931,106.5448581,57,Moderate,1,24.2,84,0.1,5.1,324,1009.6,100,32.8,35.4,233.0,28.8,20.0,17.7
2025-09-22 23:00:00,2025,9,22,23,Vĩnh Long,Xã An Ngãi Trung,10.0916931,106.5448581,58,Moderate,1,24.1,88,0.1,4.4,302,1009.5,100,31.2,33.6,240.0,27.3,19.0,16.6
2025-09-23 00:00:00,2025,9,23,0,Vĩnh Long,Xã An Ngãi Trung,10.0916931,106.5448581,59,Moderate,1,24.2,90,0.0,4.4,282,1009.3,100,28.1,30.4,241.0,24.5,19.0,14.5
2025-09-23 01:00:00,2025,9,23,1,Vĩnh Long,Xã An Ngãi Trung,10.0916931,106.5448581,61,Moderate,1,24.5,91,0.0,4.8,259,1008.8,100,24.7,27.1,239.0,21.5,20.0,12.5
2025-09-23 02:00:00,2025,9,23,2,Vĩnh Long,Xã An Ngãi Trung,10.0916931,106.5448581,62,Moderate,1,24.5,93,0.0,4.5,284,1008.3,100,21.1,23.3,233.0,18.2,23.0,10.6
2025-09-23 03:00:00,2025,9,23,3,Vĩnh Long,Xã An Ngãi Trung,10.0916931,106.5448581,63,Moderate,1,24.6,93,0.0,5.2,290,1007.6,100,17.2,19.4,224.0,14.7,27.0,8.7
2025-09-23 04:00:00,2025,9,23,4,Vĩnh Long,Xã An Ngãi Trung,10.0916931,106.5448581,63,Moderate,1,24.8,92,0.0,6.4,288,1007.4,100,15.4,17.6,214.0,12.4,30.0,7.4
2025-09-23 05:00:00,2025,9,23,5,Vĩnh Long,Xã An Ngãi Trung,10.0916931,106.5448581,64,Moderate,1,24.5,93,0.0,6.8,302,1007.3,100,15.0,17.2,204.0,12.4,28.0,7.1
2025-09-23 06:00:00,2025,9,23,6,Vĩnh Long,Xã An Ngãi Trung,10.0916931,106.5448581,64,Moderate,1,24.6,93,0.0,6.5,304,1007.5,100,15.9,18.2,194.0,13.5,25.0,7.3
2025-09-23 07:00:00,2025,9,23,7,Vĩnh Long,Xã An Ngãi Trung,10.0916931,106.5448581,64,Moderate,1,25.6,92,0.0,7.7,267,1008.1,100,13.2,15.0,186.0,12.5,27.0,8.8
2025-09-23 08:00:00,2025,9,23,8,Vĩnh Long,Xã An Ngãi Trung,10.0916931,106.5448581,64,Moderate,1,26.6,89,0.0,10.6,285,1009.6,100,15.5,17.3,182.0,10.1,38.0,9.0
2025-09-23 09:00:00,2025,9,23,9,Vĩnh Long,Xã An Ngãi Trung,10.0916931,106.5448581,64,Moderate,1,26.9,85,0.0,12.2,278,1009.7,100,15.1,18.0,180.0,6.8,55.0,9.2
2025-09-23 10:00:00,2025,9,23,10,Vĩnh Long,Xã An Ngãi Trung,10.0916931,106.5448581,64,Moderate,1,27.0,80,0.0,13.4,288,1010.0,100,14.3,17.9,177.0,4.2,69.0,9.1
2025-09-23 11:00:00,2025,9,23,11,Vĩnh Long,Xã An Ngãi Trung,10.0916931,106.5448581,64,Moderate,1,26.6,79,0.0,11.7,295,1009.4,100,13.4,16.6,170.0,2.8,80.0,8.5
2025-09-23 12:00:00,2025,9,23,12,Vĩnh Long,Xã An Ngãi Trung,10.0916931,106.5448581,65,Moderate,1,28.2,71,0.0,12.8,281,1008.5,100,13.2,15.6,162.0,2.1,90.0,7.7
2025-09-23 13:00:00,2025,9,23,13,Vĩnh Long,Xã An Ngãi Trung,10.0916931,106.5448581,65,Moderate,1,28.3,75,0.0,13.3,278,1007.4,96,13.2,15.1,154.0,1.9,95.0,7.1
2025-09-23 14:00:00,2025,9,23,14,Vĩnh Long,Xã An Ngãi Trung,10.0916931,106.5448581,65,Moderate,1,29.5,74,0.0,14.8,266,1006.1,100,13.3,15.0,146.0,2.1,93.0,7.0
2025-09-23 15:00:00,2025,9,23,15,Vĩnh Long,Xã An Ngãi Trung,10.0916931,106.5448581,65,Moderate,1,29.9,71,0.0,17.3,262,1005.1,96,12.5,13.8,139.0,2.8,87.0,7.1
2025-09-23 16:00:00,2025,9,23,16,Vĩnh Long,Xã An Ngãi Trung,10.0916931,106.5448581,65,Moderate,1,28.1,79,0.4,13.5,289,1005.3,94,11.6,13.3,140.0,4.1,79.0,7.3
2025-09-23 17:00:00,2025,9,23,17,Vĩnh Long,Xã An Ngãi Trung,10.0916931,106.5448581,65,Moderate,1,27.8,81,0.0,9.7,271,1004.9,97,11.4,13.2,155.0,6.4,68.0,7.6
2025-09-23 18:00:00,2025,9,23,18,Vĩnh Long,Xã An Ngãi Trung,10.0916931,106.5448581,65,Moderate,1,27.5,77,0.0,10.4,260,1005.4,99,12.4,14.3,177.0,9.2,54.0,8.0
2025-09-23 19:00:00,2025,9,23,19,Vĩnh Long,Xã An Ngãi Trung,10.0916931,106.5448581,64,Moderate,1,27.2,76,0.0,11.4,265,1006.5,100,17.4,20.0,192.0,13.4,45.0,9.4
2025-09-23 20:00:00,2025,9,23,20,Vĩnh Long,Xã An Ngãi Trung,10.0916931,106.5448581,63,Moderate,1,26.4,86,0.0,8.9,276,1007.0,100,17.1,19.4,194.0,13.8,42.0,9.6
2025-09-23 21:00:00,2025,9,23,21,Vĩnh Long,Xã An Ngãi Trung,10.0916931,106.5448581,62,Moderate,1,26.2,85,0.0,9.0,273,1007.9,100,16.9,19.0,190.0,14.4,38.0,9.8
2025-09-23 22:00:00,2025,9,23,22,Vĩnh Long,Xã An Ngãi Trung,10.0916931,106.5448581,61,Moderate,1,25.9,87,0.0,7.3,260,1008.2,100,16.9,18.9,185.0,14.6,35.0,9.8
2025-09-23 23:00:00,2025,9,23,23,Vĩnh Long,Xã An Ngãi Trung,10.0916931,106.5448581,60,Moderate,1,25.8,88,0.0,6.7,268,1007.6,100,16.7,18.7,181.0,14.3,34.0,9.3
2025-09-24 00:00:00,2025,9,24,0,Vĩnh Long,Xã An Ngãi Trung,10.0916931,106.5448581,58,Moderate,1,25.5,89,0.0,6.7,278,1007.3,100,15.9,17.7,176.0,13.8,34.0,8.6
2025-09-24 01:00:00,2025,9,24,1,Vĩnh Long,Xã An Ngãi Trung,10.0916931,106.5448581,57,Moderate,1,25.5,90,0.1,8.8,259,1006.9,99,14.9,16.6,170.0,13.1,34.0,7.9
2025-09-24 02:00:00,2025,9,24,2,Vĩnh Long,Xã An Ngãi Trung,10.0916931,106.5448581,56,Moderate,1,25.4,90,0.1,8.3,256,1006.7,100,13.4,15.1,161.0,12.2,35.0,7.2
2025-09-24 03:00:00,2025,9,24,3,Vĩnh Long,Xã An Ngãi Trung,10.0916931,106.5448581,56,Moderate,1,25.3,90,0.0,9.2,254,1006.2,100,12.2,13.8,151.0,11.1,35.0,6.6
2025-09-24 04:00:00,2025,9,24,4,Vĩnh Long,Xã An Ngãi Trung,10.0916931,106.5448581,55,Moderate,1,25.0,92,0.0,9.7,258,1006.0,100,11.5,13.0,145.0,10.6,35.0,6.3
2025-09-24 05:00:00,2025,9,24,5,Vĩnh Long,Xã An Ngãi Trung,10.0916931,106.5448581,55,Moderate,1,24.8,94,0.1,6.5,262,1005.9,100,11.3,12.7,149.0,11.3,31.0,6.5
2025-09-24 06:00:00,2025,9,24,6,Vĩnh Long,Xã An Ngãi Trung,10.0916931,106.5448581,55,Moderate,1,24.9,95,0.0,5.2,256,1006.4,100,11.6,13.0,158.0,12.5,27.0,7.1
2025-09-24 07:00:00,2025,9,24,7,Vĩnh Long,Xã An Ngãi Trung,10.0916931,106.5448581,54,Moderate,1,25.8,93,0.0,6.7,246,1007.2,100,15.4,17.2,163.0,12.7,26.0,8.1
2025-09-24 08:00:00,2025,9,24,8,Vĩnh Long,Xã An Ngãi Trung,10.0916931,106.5448581,54,Moderate,1,27.0,92,0.1,9.8,244,1008.0,100,14.3,16.2,158.0,10.3,36.0,7.8
2025-09-24 09:00:00,2025,9,24,9,Vĩnh Long,Xã An Ngãi Trung,10.0916931,106.5448581,54,Moderate,1,26.9,88,1.3,18.0,258,1008.7,100,12.1,14.5,150.0,6.9,50.0,7.3
2025-09-24 10:00:00,2025,9,24,10,Vĩnh Long,Xã An Ngãi Trung,10.0916931,106.5448581,54,Moderate,1,26.6,90,0.7,9.2,269,1008.3,99,10.7,13.1,142.0,4.3,63.0,6.8
2025-09-24 11:00:00,2025,9,24,11,Vĩnh Long,Xã An Ngãi Trung,10.0916931,106.5448581,54,Moderate,1,28.8,83,0.0,13.1,255,1007.3,75,10.0,12.3,137.0,3.0,72.0,6.2
2025-09-24 12:00:00,2025,9,24,12,Vĩnh Long,Xã An Ngãi Trung,10.0916931,106.5448581,53,Moderate,1,30.2,72,0.1,20.3,263,1006.1,93,9.5,11.6,134.0,2.5,80.0,5.6
2025-09-24 13:00:00,2025,9,24,13,Vĩnh Long,Xã An Ngãi Trung,10.0916931,106.5448581,53,Moderate,1,28.5,78,0.4,17.0,257,1005.8,100,9.0,10.9,133.0,2.4,84.0,5.3
2025-09-24 14:00:00,2025,9,24,14,Vĩnh Long,Xã An Ngãi Trung,10.0916931,106.5448581,53,Moderate,1,28.5,75,0.3,20.2,268,1005.0,100,9.1,11.2,134.0,2.6,82.0,5.3
2025-09-24 15:00:00,2025,9,24,15,Vĩnh Long,Xã An Ngãi Trung,10.0916931,106.5448581,52,Moderate,1,27.6,83,0.1,13.1,245,1004.0,98,9.4,11.5,137.0,3.2,77.0,5.6
2025-09-24 16:00:00,2025,9,24,16,Vĩnh Long,Xã An Ngãi Trung,10.0916931,106.5448581,52,Moderate,1,28.3,79,0.0,15.5,239,1003.3,100,9.5,11.5,144.0,4.4,70.0,6.0
2025-09-24 17:00:00,2025,9,24,17,Vĩnh Long,Xã An Ngãi Trung,10.0916931,106.5448581,52,Moderate,1,27.7,83,0.0,11.6,237,1003.7,100,10.3,12.0,160.0,6.6,62.0,6.7
2025-09-24 18:00:00,2025,9,24,18,Vĩnh Long,Xã An Ngãi Trung,10.0916931,106.5448581,52,Moderate,1,27.0,85,0.0,9.9,232,1004.4,100,11.4,13.1,180.0,9.4,52.0,7.6
2025-09-24 19:00:00,2025,9,24,19,Vĩnh Long,Xã An Ngãi Trung,10.0916931,106.5448581,52,Moderate,1,26.8,84,0.0,10.0,249,1005.3,100,14.9,16.9,193.0,12.1,51.0,8.8
2025-09-24 20:00:00,2025,9,24,20,Vĩnh Long,Xã An Ngãi Trung,10.0916931,106.5448581,51,Moderate,1,26.8,83,0.0,13.2,255,1006.2,98,13.6,15.3,193.0,11.8,47.0,8.5
2025-09-24 21:00:00,2025,9,24,21,Vĩnh Long,Xã An Ngãi Trung,10.0916931,106.5448581,51,Moderate,1,26.3,84,0.0,12.6,245,1006.4,99,12.3,13.8,186.0,11.3,41.0,8.0
2025-09-24 22:00:00,2025,9,24,22,Vĩnh Long,Xã An Ngãi Trung,10.0916931,106.5448581,51,Moderate,1,26.0,87,0.0,12.9,247,1006.9,100,11.5,12.8,177.0,10.8,37.0,7.5
2025-09-24 23:00:00,2025,9,24,23,Vĩnh Long,Xã An Ngãi Trung,10.0916931,106.5448581,50,Good,0,26.1,88,0.0,11.7,241,1006.9,100,10.4,11.5,166.0,10.5,35.0,6.9
2025-09-25 00:00:00,2025,9,25,0,Vĩnh Long,Xã An Ngãi Trung,10.0916931,106.5448581,49,Good,0,26.2,88,0.0,11.9,243,1006.8,100,9.5,10.4,152.0,10.2,35.0,6.3
2025-09-25 01:00:00,2025,9,25,1,Vĩnh Long,Xã An Ngãi Trung,10.0916931,106.5448581,48,Good,0,26.0,89,0.6,14.8,254,1005.9,100,9.2,10.0,141.0,9.7,35.0,5.8
2025-09-25 02:00:00,2025,9,25,2,Vĩnh Long,Xã An Ngãi Trung,10.0916931,106.5448581,47,Good,0,26.0,90,0.0,14.9,248,1005.5,100,8.8,9.5,132.0,8.9,36.0,5.3
2025-09-25 03:00:00,2025,9,25,3,Vĩnh Long,Xã An Ngãi Trung,10.0916931,106.5448581,46,Good,0,25.9,90,0.0,15.9,250,1005.5,100,7.7,8.5,125.0,7.9,39.0,4.9
2025-09-25 04:00:00,2025,9,25,4,Vĩnh Long,Xã An Ngãi Trung,10.0916931,106.5448581,46,Good,0,25.7,90,0.0,18.0,251,1005.4,100,6.4,7.1,122.0,7.2,40.0,4.7
2025-09-25 05:00:00,2025,9,25,5,Vĩnh Long,Xã An Ngãi Trung,10.0916931,106.5448581,45,Good,0,25.4,91,0.0,17.4,248,1005.8,100,6.0,6.7,126.0,7.4,38.0,5.0
2025-09-25 06:00:00,2025,9,25,6,Vĩnh Long,Xã An Ngãi Trung,10.0916931,106.5448581,44,Good,0,25.1,92,0.0,17.1,245,1006.2,100,6.6,7.3,134.0,7.9,36.0,5.5
2025-09-25 07:00:00,2025,9,25,7,Vĩnh Long,Xã An Ngãi Trung,10.0916931,106.5448581,43,Good,0,25.8,90,0.0,17.0,248,1007.2,100,8.3,9.3,141.0,8.1,37.0,6.4
2025-09-25 08:00:00,2025,9,25,8,Vĩnh Long,Xã An Ngãi Trung,10.0916931,106.5448581,42,Good,0,28.0,84,0.0,13.8,249,1007.6,100,7.9,9.1,144.0,6.6,44.0,6.1
2025-09-25 09:00:00,2025,9,25,9,Vĩnh Long,Xã An Ngãi Trung,10.0916931,106.5448581,41,Good,0,29.0,74,0.4,21.9,254,1008.3,100,7.8,9.2,144.0,4.5,54.0,5.7
2025-09-25 10:00:00,2025,9,25,10,Vĩnh Long,Xã An Ngãi Trung,10.0916931,106.5448581,40,Good,0,29.2,77,0.1,18.0,252,1008.6,100,7.9,9.7,144.0,2.8,64.0,5.4
2025-09-25 11:00:00,2025,9,25,11,Vĩnh Long,Xã An Ngãi Trung,10.0916931,106.5448581,39,Good,0,28.6,77,1.2,22.4,250,1007.9,100,8.9,11.1,141.0,1.9,74.0,5.2
2025-09-25 12:00:00,2025,9,25,12,Vĩnh Long,Xã An Ngãi Trung,10.0916931,106.5448581,39,Good,0,27.0,88,4.5,12.3,255,1007.2,100,9.4,11.7,137.0,1.5,83.0,5.1
2025-09-25 13:00:00,2025,9,25,13,Vĩnh Long,Xã An Ngãi Trung,10.0916931,106.5448581,39,Good,0,28.5,86,0.4,16.8,251,1006.4,100,9.4,11.8,135.0,1.6,87.0,5.1
2025-09-25 14:00:00,2025,9,25,14,Vĩnh Long,Xã An Ngãi Trung,10.0916931,106.5448581,39,Good,0,27.4,85,3.2,12.6,241,1005.6,100,9.5,11.9,136.0,2.2,84.0,5.0
2025-09-25 15:00:00,2025,9,25,15,Vĩnh Long,Xã An Ngãi Trung,10.0916931,106.5448581,39,Good,0,28.0,84,0.0,14.1,242,1005.2,100,9.5,11.2,140.0,3.3,76.0,5.0
2025-09-25 16:00:00,2025,9,25,16,Vĩnh Long,Xã An Ngãi Trung,10.0916931,106.5448581,39,Good,0,28.4,81,0.0,15.1,253,1005.0,96,9.9,11.1,147.0,4.8,68.0,5.2
2025-09-25 17:00:00,2025,9,25,17,Vĩnh Long,Xã An Ngãi Trung,10.0916931,106.5448581,39,Good,0,28.2,82,0.1,13.6,262,1005.6,99,11.4,13.0,162.0,7.0,59.0,5.9
2025-09-25 18:00:00,2025,9,25,18,Vĩnh Long,Xã An Ngãi Trung,10.0916931,106.5448581,40,Good,0,27.2,84,0.0,10.4,255,1006.4,100,11.8,13.6,181.0,9.5,49.0,6.8
2025-09-25 19:00:00,2025,9,25,19,Vĩnh Long,Xã An Ngãi Trung,10.0916931,106.5448581,40,Good,0,26.8,86,0.0,10.1,248,1006.9,99,12.5,14.1,195.0,12.4,35.0,8.2
2025-09-25 20:00:00,2025,9,25,20,Vĩnh Long,Xã An Ngãi Trung,10.0916931,106.5448581,39,Good,0,26.1,90,1.3,11.8,254,1008.2,100,12.6,14.2,199.0,12.9,33.0,8.5
2025-09-25 21:00:00,2025,9,25,21,Vĩnh Long,Xã An Ngãi Trung,10.0916931,106.5448581,39,Good,0,26.0,90,0.0,11.6,249,1008.7,100,13.3,14.9,198.0,13.5,30.0,8.9
2025-09-25 22:00:00,2025,9,25,22,Vĩnh Long,Xã An Ngãi Trung,10.0916931,106.5448581,39,Good,0,25.6,90,0.0,12.6,246,1009.0,100,13.9,15.4,193.0,14.0,28.0,9.1
2025-09-25 23:00:00,2025,9,25,23,Vĩnh Long,Xã An Ngãi Trung,10.0916931,106.5448581,40,Good,0,25.5,91,0.8,14.7,251,1009.3,100,13.8,15.3,184.0,14.2,27.0,8.9
2025-09-26 00:00:00,2025,9,26,0,Vĩnh Long,Xã An Ngãi Trung,10.0916931,106.5448581,40,Good,0,25.2,94,1.4,12.1,255,1008.2,100,14.0,15.7,172.0,14.2,25.0,8.6
2025-09-26 01:00:00,2025,9,26,1,Vĩnh Long,Xã An Ngãi Trung,10.0916931,106.5448581,41,Good,0,25.2,93,0.1,11.9,248,1007.2,100,14.3,16.1,161.0,14.0,25.0,8.2
2025-09-26 02:00:00,2025,9,26,2,Vĩnh Long,Xã An Ngãi Trung,10.0916931,106.5448581,42,Good,0,25.0,93,0.0,12.1,243,1007.0,100,14.6,16.4,153.0,13.5,25.0,7.9
2025-09-26 03:00:00,2025,9,26,3,Vĩnh Long,Xã An Ngãi Trung,10.0916931,106.5448581,43,Good,0,25.1,91,0.0,12.5,250,1007.2,100,14.7,16.6,147.0,12.9,26.0,7.5
2025-09-26 04:00:00,2025,9,26,4,Vĩnh Long,Xã An Ngãi Trung,10.0916931,106.5448581,44,Good,0,25.1,90,0.0,12.7,254,1007.3,100,13.1,15.1,144.0,12.2,27.0,7.2
2025-09-26 05:00:00,2025,9,26,5,Vĩnh Long,Xã An Ngãi Trung,10.0916931,106.5448581,45,Good,0,25.0,91,0.0,11.9,260,1007.6,100,10.5,12.1,148.0,11.6,27.0,6.9
2025-09-26 06:00:00,2025,9,26,6,Vĩnh Long,Xã An Ngãi Trung,10.0916931,106.5448581,46,Good,0,25.0,93,0.1,10.7,253,1008.1,100,8.7,9.6,156.0,10.9,28.0,6.7
2025-09-26 07:00:00,2025,9,26,7,Vĩnh Long,Xã An Ngãi Trung,10.0916931,106.5448581,46,Good,0,25.5,93,0.0,10.8,228,1008.7,100,7.8,8.3,160.0,9.3,32.0,5.9
2025-09-26 08:00:00,2025,9,26,8,Vĩnh Long,Xã An Ngãi Trung,10.0916931,106.5448581,46,Good,0,27.3,85,0.0,16.8,255,1009.5,100,7.0,7.4,155.0,9.3,32.0,6.5
2025-09-26 09:00:00,2025,9,26,9,Vĩnh Long,Xã An Ngãi Trung,10.0916931,106.5448581,46,Good,0,28.7,78,0.0,18.9,260,1010.1,100,7.4,8.0,146.0,9.3,32.0,7.4
2025-09-26 10:00:00,2025,9,26,10,Vĩnh Long,Xã An Ngãi Trung,10.0916931,106.5448581,46,Good,0,29.3,76,0.1,17.7,266,1010.1,100,8.2,9.0,140.0,9.2,34.0,8.3
2025-09-26 11:00:00,2025,9,26,11,Vĩnh Long,Xã An Ngãi Trung,10.0916931,106.5448581,46,Good,0,28.2,76,0.9,19.6,263,1009.3,100,9.7,11.0,138.0,8.7,40.0,9.1
2025-09-26 12:00:00,2025,9,26,12,Vĩnh Long,Xã An Ngãi Trung,10.0916931,106.5448581,46,Good,0,28.3,82,0.1,18.4,261,1008.5,100,11.2,12.7,139.0,8.0,47.0,9.8
2025-09-26 13:00:00,2025,9,26,13,Vĩnh Long,Xã An Ngãi Trung,10.0916931,106.5448581,47,Good,0,26.9,87,3.0,15.9,265,1007.7,100,11.6,13.2,144.0,7.7,52.0,10.2
2025-09-26 14:00:00,2025,9,26,14,Vĩnh Long,Xã An Ngãi Trung,10.0916931,106.5448581,47,Good,0,26.1,95,0.8,12.8,272,1007.2,100,12.6,14.1,155.0,7.8,54.0,10.1
2025-09-26 15:00:00,2025,9,26,15,Vĩnh Long,Xã An Ngãi Trung,10.0916931,106.5448581,48,Good,0,26.8,91,0.7,13.3,269,1006.9,100,12.5,14.1,170.0,8.3,53.0,9.6
2025-09-26 16:00:00,2025,9,26,16,Vĩnh Long,Xã An Ngãi Trung,10.0916931,106.5448581,48,Good,0,26.5,92,0.5,12.3,273,1007.1,100,12.7,14.5,187.0,9.1,51.0,9.3
2025-09-26 17:00:00,2025,9,26,17,Vĩnh Long,Xã An Ngãi Trung,10.0916931,106.5448581,49,Good,0,26.2,94,0.4,11.2,273,1007.3,100,12.3,14.3,206.0,10.3,46.0,9.2
2025-09-26 18:00:00,2025,9,26,18,Vĩnh Long,Xã An Ngãi Trung,10.0916931,106.5448581,49,Good,0,25.8,94,0.3,8.7,276,1007.8,100,12.5,14.3,227.0,11.7,40.0,9.3
2025-09-26 19:00:00,2025,9,26,19,Vĩnh Long,Xã An Ngãi Trung,10.0916931,106.5448581,49,Good,0,25.7,94,0.2,7.9,266,1008.3,100,17.6,18.9,241.0,17.8,35.0,11.7
2025-09-26 20:00:00,2025,9,26,20,Vĩnh Long,Xã An Ngãi Trung,10.0916931,106.5448581,50,Good,0,25.8,95,0.0,5.1,260,1008.5,100,19.5,21.1,244.0,19.2,30.0,12.3
2025-09-26 21:00:00,2025,9,26,21,Vĩnh Long,Xã An Ngãi Trung,10.0916931,106.5448581,50,Good,0,25.8,96,0.0,5.6,274,1009.1,100,21.7,23.6,241.0,21.1,23.0,13.0
2025-09-26 22:00:00,2025,9,26,22,Vĩnh Long,Xã An Ngãi Trung,10.0916931,106.5448581,51,Moderate,1,25.5,96,0.0,4.3,298,1009.6,100,22.8,24.6,235.0,22.3,18.0,13.4
2025-09-26 23:00:00,2025,9,26,23,Vĩnh Long,Xã An Ngãi Trung,10.0916931,106.5448581,52,Moderate,1,25.3,97,0.0,4.2,301,1009.9,100,22.2,23.9,227.0,22.1,16.0,13.0
2025-09-27 00:00:00,2025,9,27,0,Vĩnh Long,Xã An Ngãi Trung,10.0916931,106.5448581,53,Moderate,1,25.2,98,0.0,3.6,307,1009.5,100,20.7,22.4,216.0,21.2,15.0,12.3
2025-09-27 01:00:00,2025,9,27,1,Vĩnh Long,Xã An Ngãi Trung,10.0916931,106.5448581,53,Moderate,1,25.3,97,0.1,5.0,272,1008.6,100,19.9,21.4,207.0,20.4,15.0,11.6
2025-09-27 02:00:00,2025,9,27,2,Vĩnh Long,Xã An Ngãi Trung,10.0916931,106.5448581,54,Moderate,1,25.3,97,0.2,6.1,270,1007.9,100,19.8,21.2,204.0,20.0,14.0,11.2
2025-09-27 03:00:00,2025,9,27,3,Vĩnh Long,Xã An Ngãi Trung,10.0916931,106.5448581,54,Moderate,1,25.1,96,0.1,8.0,262,1007.9,100,19.2,20.4,202.0,19.7,14.0,10.8
2025-09-27 04:00:00,2025,9,27,4,Vĩnh Long,Xã An Ngãi Trung,10.0916931,106.5448581,55,Moderate,1,25.0,96,0.0,7.2,269,1007.8,100,17.9,19.0,198.0,19.0,14.0,10.6
2025-09-27 05:00:00,2025,9,27,5,Vĩnh Long,Xã An Ngãi Trung,10.0916931,106.5448581,55,Moderate,1,24.8,96,0.4,8.5,263,1008.1,92,16.5,17.5,187.0,17.6,14.0,10.5
2025-09-27 06:00:00,2025,9,27,6,Vĩnh Long,Xã An Ngãi Trung,10.0916931,106.5448581,56,Moderate,1,24.5,97,0.0,8.6,259,1008.2,99,15.1,15.9,172.0,15.9,14.0,10.5
2025-09-27 07:00:00,2025,9,27,7,Vĩnh Long,Xã An Ngãi Trung,10.0916931,106.5448581,56,Moderate,1,25.6,93,0.0,14.5,264,1008.4,99,17.2,18.1,161.0,16.2,16.0,10.4
2025-09-27 08:00:00,2025,9,27,8,Vĩnh Long,Xã An Ngãi Trung,10.0916931,106.5448581,57,Moderate,1,26.8,90,0.0,10.3,259,1009.1,100,14.6,15.5,156.0,13.3,27.0,10.5
2025-09-27 09:00:00,2025,9,27,9,Vĩnh Long,Xã An Ngãi Trung,10.0916931,106.5448581,58,Moderate,1,28.0,83,0.0,12.0,279,1009.2,100,12.0,13.3,155.0,9.2,42.0,10.7
2025-09-27 10:00:00,2025,9,27,10,Vĩnh Long,Xã An Ngãi Trung,10.0916931,106.5448581,58,Moderate,1,28.6,82,0.1,11.1,284,1009.1,100,11.8,13.4,155.0,6.0,56.0,10.6
2025-09-27 11:00:00,2025,9,27,11,Vĩnh Long,Xã An Ngãi Trung,10.0916931,106.5448581,58,Moderate,1,28.0,83,0.1,12.0,306,1008.7,100,12.3,13.0,157.0,4.4,70.0,10.2
2025-09-27 12:00:00,2025,9,27,12,Vĩnh Long,Xã An Ngãi Trung,10.0916931,106.5448581,59,Moderate,1,29.2,77,0.1,12.2,297,1007.2,100,12.5,13.0,161.0,3.6,84.0,9.5
2025-09-27 13:00:00,2025,9,27,13,Vĩnh Long,Xã An Ngãi Trung,10.0916931,106.5448581,59,Moderate,1,26.1,87,2.8,14.8,302,1007.2,100,11.7,12.1,162.0,3.6,91.0,9.0
2025-09-27 14:00:00,2025,9,27,14,Vĩnh Long,Xã An Ngãi Trung,10.0916931,106.5448581,59,Moderate,1,26.4,90,1.9,16.9,256,1006.7,100,10.7,10.9,156.0,4.5,88.0,8.7
2025-09-27 15:00:00,2025,9,27,15,Vĩnh Long,Xã An Ngãi Trung,10.0916931,106.5448581,59,Moderate,1,25.4,93,0.4,13.9,257,1005.7,100,11.4,11.6,148.0,6.1,78.0,8.5
2025-09-27 16:00:00,2025,9,27,16,Vĩnh Long,Xã An Ngãi Trung,10.0916931,106.5448581,59,Moderate,1,25.1,95,1.7,14.0,257,1005.7,100,12.2,12.5,148.0,7.7,68.0,8.4
2025-09-27 17:00:00,2025,9,27,17,Vĩnh Long,Xã An Ngãi Trung,10.0916931,106.5448581,59,Moderate,1,25.0,94,1.4,11.7,255,1006.0,100,10.6,10.8,166.0,9.4,59.0,8.3
2025-09-27 18:00:00,2025,9,27,18,Vĩnh Long,Xã An Ngãi Trung,10.0916931,106.5448581,58,Moderate,1,25.1,95,0.4,12.6,265,1006.3,100,9.9,10.2,192.0,11.1,50.0,8.4
2025-09-27 19:00:00,2025,9,27,19,Vĩnh Long,Xã An Ngãi Trung,10.0916931,106.5448581,58,Moderate,1,25.0,95,0.2,13.4,258,1006.3,100,12.5,13.3,210.0,16.2,37.0,12.1
2025-09-27 20:00:00,2025,9,27,20,Vĩnh Long,Xã An Ngãi Trung,10.0916931,106.5448581,58,Moderate,1,24.7,96,0.2,10.8,272,1007.3,100,11.7,12.5,213.0,15.5,36.0,11.6
2025-09-27 21:00:00,2025,9,27,21,Vĩnh Long,Xã An Ngãi Trung,10.0916931,106.5448581,57,Moderate,1,24.4,96,0.2,11.0,275,1007.6,100,10.9,11.6,209.0,14.5,34.0,10.8
2025-09-27 22:00:00,2025,9,27,22,Vĩnh Long,Xã An Ngãi Trung,10.0916931,106.5448581,56,Moderate,1,24.4,96,0.1,11.4,281,1007.5,100,10.2,10.7,202.0,13.6,32.0,10.1
2025-09-27 23:00:00,2025,9,27,23,Vĩnh Long,Xã An Ngãi Trung,10.0916931,106.5448581,55,Moderate,1,24.5,97,0.1,10.6,272,1007.2,100,9.4,9.8,195.0,12.9,31.0,9.5
2025-09-28 00:00:00,2025,9,28,0,Vĩnh Long,Xã An Ngãi Trung,10.0916931,106.5448581,54,Moderate,1,24.5,97,0.1,10.9,264,1006.7,100,8.9,9.2,186.0,12.2,31.0,8.8
2025-09-28 01:00:00,2025,9,28,1,Vĩnh Long,Xã An Ngãi Trung,10.0916931,106.5448581,53,Moderate,1,24.5,96,0.1,11.7,259,1006.1,100,8.5,8.8,175.0,11.6,31.0,8.2
2025-09-28 02:00:00,2025,9,28,2,Vĩnh Long,Xã An Ngãi Trung,10.0916931,106.5448581,52,Moderate,1,24.5,96,0.2,12.8,246,1006.0,100,8.0,8.4,158.0,10.9,31.0,7.4
2025-09-28 03:00:00,2025,9,28,3,Vĩnh Long,Xã An Ngãi Trung,10.0916931,106.5448581,51,Moderate,1,24.4,94,1.3,13.9,249,1005.8,100,7.7,8.1,139.0,10.3,32.0,6.6
2025-09-28 04:00:00,2025,9,28,4,Vĩnh Long,Xã An Ngãi Trung,10.0916931,106.5448581,49,Good,0,24.3,97,0.5,10.1,237,1005.8,100,7.7,8.1,127.0,9.9,32.0,6.1
2025-09-28 05:00:00,2025,9,28,5,Vĩnh Long,Xã An Ngãi Trung,10.0916931,106.5448581,48,Good,0,24.3,97,0.6,8.6,233,1006.1,100,8.1,8.5,129.0,10.1,31.0,6.1
2025-09-28 06:00:00,2025,9,28,6,Vĩnh Long,Xã An Ngãi Trung,10.0916931,106.5448581,46,Good,0,24.5,97,0.3,9.7,220,1006.6,100,8.7,9.2,139.0,10.6,30.0,6.5
2025-09-28 07:00:00,2025,9,28,7,Vĩnh Long,Xã An Ngãi Trung,10.0916931,106.5448581,45,Good,0,25.4,96,0.0,10.5,229,1007.1,100,10.7,11.8,145.0,10.5,31.0,6.5
2025-09-28 08:00:00,2025,9,28,8,Vĩnh Long,Xã An Ngãi Trung,10.0916931,106.5448581,44,Good,0,26.0,92,0.0,14.4,239,1006.6,100,7.7,8.8,142.0,8.6,37.0,6.2
2025-09-28 09:00:00,2025,9,28,9,Vĩnh Long,Xã An Ngãi Trung,10.0916931,106.5448581,43,Good,0,27.5,83,0.0,18.8,243,1008.0,100,7.9,9.0,136.0,6.0,45.0,5.7
2025-09-28 10:00:00,2025,9,28,10,Vĩnh Long,Xã An Ngãi Trung,10.0916931,106.5448581,42,Good,0,28.6,80,0.0,16.4,237,1008.0,100,7.9,9.2,131.0,3.9,52.0,5.2
2025-09-28 11:00:00,2025,9,28,11,Vĩnh Long,Xã An Ngãi Trung,10.0916931,106.5448581,41,Good,0,29.8,77,0.2,15.9,233,1007.1,100,7.1,8.1,127.0,2.8,58.0,4.7
2025-09-28 12:00:00,2025,9,28,12,Vĩnh Long,Xã An Ngãi Trung,10.0916931,106.5448581,40,Good,0,29.6,77,0.3,17.1,240,1006.1,100,6.2,6.8,123.0,2.2,63.0,4.1
2025-09-28 13:00:00,2025,9,28,13,Vĩnh Long,Xã An Ngãi Trung,10.0916931,106.5448581,39,Good,0,28.6,77,1.7,21.3,223,1005.2,100,7.8,8.8,123.0,2.1,65.0,3.7
2025-09-28 14:00:00,2025,9,28,14,Vĩnh Long,Xã An Ngãi Trung,10.0916931,106.5448581,39,Good,0,26.5,84,4.0,20.9,234,1005.4,100,6.2,7.0,128.0,2.7,61.0,3.5
2025-09-28 15:00:00,2025,9,28,15,Vĩnh Long,Xã An Ngãi Trung,10.0916931,106.5448581,38,Good,0,25.8,91,1.2,14.9,233,1004.5,100,5.7,6.2,136.0,3.9,54.0,3.5
2025-09-28 16:00:00,2025,9,28,16,Vĩnh Long,Xã An Ngãi Trung,10.0916931,106.5448581,37,Good,0,26.5,90,0.0,14.7,230,1004.2,100,5.7,6.4,144.0,5.2,47.0,3.7
2025-09-28 17:00:00,2025,9,28,17,Vĩnh Long,Xã An Ngãi Trung,10.0916931,106.5448581,36,Good,0,26.6,89,0.0,13.7,230,1004.9,100,6.4,7.0,153.0,6.6,43.0,4.1
2025-09-28 18:00:00,2025,9,28,18,Vĩnh Long,Xã An Ngãi Trung,10.0916931,106.5448581,35,Good,0,26.0,90,0.0,13.4,229,1005.8,100,7.0,7.5,163.0,8.0,39.0,4.7
2025-09-28 19:00:00,2025,9,28,19,Vĩnh Long,Xã An Ngãi Trung,10.0916931,106.5448581,34,Good,0,25.7,91,0.0,11.8,224,1006.4,100,7.2,7.7,170.0,9.7,36.0,5.4
2025-09-28 20:00:00,2025,9,28,20,Vĩnh Long,Xã An Ngãi Trung,10.0916931,106.5448581,34,Good,0,25.5,94,0.4,9.1,210,1007.1,100,7.6,8.1,173.0,10.0,34.0,5.6
2025-09-28 21:00:00,2025,9,28,21,Vĩnh Long,Xã An Ngãi Trung,10.0916931,106.5448581,33,Good,0,25.3,94,0.1,10.3,202,1007.9,100,8.3,8.7,172.0,10.4,30.0,5.9
2025-09-28 22:00:00,2025,9,28,22,Vĩnh Long,Xã An Ngãi Trung,10.0916931,106.5448581,32,Good,0,25.1,94,0.0,11.5,200,1008.2,100,8.8,9.2,170.0,10.5,28.0,5.9
2025-09-28 23:00:00,2025,9,28,23,Vĩnh Long,Xã An Ngãi Trung,10.0916931,106.5448581,32,Good,0,25.0,95,0.0,12.8,211,1008.1,100,8.5,8.9,165.0,10.1,27.0,5.5
2025-09-29 00:00:00,2025,9,29,0,Vĩnh Long,Xã An Ngãi Trung,10.0916931,106.5448581,32,Good,0,25.0,94,0.0,12.4,214,1007.6,100,8.1,8.7,157.0,9.5,27.0,5.0
2025-09-29 01:00:00,2025,9,29,1,Vĩnh Long,Xã An Ngãi Trung,10.0916931,106.5448581,32,Good,0,24.9,95,0.0,10.3,211,1006.9,100,8.3,9.0,150.0,8.9,28.0,4.5
2025-09-29 02:00:00,2025,9,29,2,Vĩnh Long,Xã An Ngãi Trung,10.0916931,106.5448581,32,Good,0,24.8,95,0.0,11.0,212,1006.8,39,8.8,9.8,143.0,8.6,29.0,4.2
2025-09-29 03:00:00,2025,9,29,3,Vĩnh Long,Xã An Ngãi Trung,10.0916931,106.5448581,32,Good,0,24.6,95,0.0,9.6,214,1006.5,30,9.4,10.6,137.0,8.3,31.0,3.9
2025-09-29 04:00:00,2025,9,29,4,Vĩnh Long,Xã An Ngãi Trung,10.0916931,106.5448581,32,Good,0,24.7,95,0.0,10.6,210,1006.4,93,9.5,10.9,134.0,7.9,33.0,3.8
2025-09-29 05:00:00,2025,9,29,5,Vĩnh Long,Xã An Ngãi Trung,10.0916931,106.5448581,33,Good,0,24.7,94,0.0,12.7,201,1006.8,72,8.7,10.1,138.0,7.4,35.0,3.8
2025-09-29 06:00:00,2025,9,29,6,Vĩnh Long,Xã An Ngãi Trung,10.0916931,106.5448581,33,Good,0,24.4,94,0.4,12.6,217,1008.0,100,8.5,9.7,145.0,6.9,38.0,4.0
2025-09-29 07:00:00,2025,9,29,7,Vĩnh Long,Xã An Ngãi Trung,10.0916931,106.5448581,33,Good,0,25.1,93,0.0,10.7,207,1008.3,100,10.4,11.9,148.0,7.3,42.0,4.2
2025-09-29 08:00:00,2025,9,29,8,Vĩnh Long,Xã An Ngãi Trung,10.0916931,106.5448581,33,Good,0,28.0,81,0.1,15.3,216,1009.0,100,9.3,10.9,144.0,5.7,52.0,3.9
2025-09-29 09:00:00,2025,9,29,9,Vĩnh Long,Xã An Ngãi Trung,10.0916931,106.5448581,33,Good,0,28.9,77,0.1,17.2,214,1009.5,99,8.7,10.3,137.0,3.6,66.0,3.5
2025-09-29 10:00:00,2025,9,29,10,Vĩnh Long,Xã An Ngãi Trung,10.0916931,106.5448581,33,Good,0,28.0,81,1.8,17.1,205,1009.4,100,8.0,9.3,130.0,2.0,77.0,3.1
2025-09-29 11:00:00,2025,9,29,11,Vĩnh Long,Xã An Ngãi Trung,10.0916931,106.5448581,33,Good,0,27.5,85,1.9,18.0,202,1009.0,100,7.9,9.3,122.0,1.4,81.0,2.7
2025-09-29 12:00:00,2025,9,29,12,Vĩnh Long,Xã An Ngãi Trung,10.0916931,106.5448581,33,Good,0,28.8,78,0.1,19.2,202,1007.7,100,7.7,9.1,114.0,1.4,80.0,2.2
2025-09-29 13:00:00,2025,9,29,13,Vĩnh Long,Xã An Ngãi Trung,10.0916931,106.5448581,33,Good,0,29.8,75,0.2,18.2,200,1006.9,100,7.4,8.7,112.0,1.6,79.0,1.9
2025-09-29 14:00:00,2025,9,29,14,Vĩnh Long,Xã An Ngãi Trung,10.0916931,106.5448581,33,Good,0,29.6,73,0.1,20.1,203,1006.2,100,7.6,8.9,118.0,2.0,77.0,1.8
2025-09-29 15:00:00,2025,9,29,15,Vĩnh Long,Xã An Ngãi Trung,10.0916931,106.5448581,34,Good,0,28.1,80,1.5,18.3,193,1006.1,100,7.4,8.6,129.0,2.7,73.0,1.9
2025-09-29 16:00:00,2025,9,29,16,Vĩnh Long,Xã An Ngãi Trung,10.0916931,106.5448581,34,Good,0,26.9,86,3.9,12.6,197,1006.9,100,8.1,8.8,144.0,3.8,70.0,2.2
2025-09-29 17:00:00,2025,9,29,17,Vĩnh Long,Xã An Ngãi Trung,10.0916931,106.5448581,35,Good,0,26.2,90,0.5,10.9,219,1007.9,100,9.9,10.9,165.0,5.6,67.0,2.8
2025-09-29 18:00:00,2025,9,29,18,Vĩnh Long,Xã An Ngãi Trung,10.0916931,106.5448581,35,Good,0,25.6,92,0.1,9.7,207,1009.0,100,12.1,13.1,189.0,7.7,63.0,3.6
2025-09-29 19:00:00,2025,9,29,19,Vĩnh Long,Xã An Ngãi Trung,10.0916931,106.5448581,36,Good,0,24.7,94,1.3,10.1,176,1009.9,100,13.4,14.4,203.0,10.3,54.0,4.8
2025-09-29 20:00:00,2025,9,29,20,Vĩnh Long,Xã An Ngãi Trung,10.0916931,106.5448581,37,Good,0,24.5,94,0.0,7.6,198,1010.5,100,13.7,14.7,198.0,10.1,53.0,4.9
2025-09-29 21:00:00,2025,9,29,21,Vĩnh Long,Xã An Ngãi Trung,10.0916931,106.5448581,38,Good,0,24.5,94,0.0,7.5,200,1011.1,100,14.6,15.5,183.0,9.9,52.0,5.0
2025-09-29 22:00:00,2025,9,29,22,Vĩnh Long,Xã An Ngãi Trung,10.0916931,106.5448581,39,Good,0,24.5,94,0.0,7.0,192,1011.3,100,14.8,15.7,171.0,9.7,50.0,5.0
2025-09-29 23:00:00,2025,9,29,23,Vĩnh Long,Xã An Ngãi Trung,10.0916931,106.5448581,40,Good,0,25.0,93,0.0,8.9,162,1011.5,100,14.6,15.7,167.0,9.6,48.0,4.7
2025-09-30 00:00:00,2025,9,30,0,Vĩnh Long,Xã An Ngãi Trung,10.0916931,106.5448581,41,Good,0,25.0,93,0.0,9.5,166,1010.8,100,14.8,15.9,165.0,9.6,45.0,4.3
2025-09-30 01:00:00,2025,9,30,1,Vĩnh Long,Xã An Ngãi Trung,10.0916931,106.5448581,42,Good,0,24.6,94,0.0,8.0,172,1009.8,100,15.0,16.2,166.0,9.8,42.0,4.0
2025-09-30 02:00:00,2025,9,30,2,Vĩnh Long,Xã An Ngãi Trung,10.0916931,106.5448581,43,Good,0,24.5,95,0.0,6.1,156,1009.1,100,15.5,16.8,169.0,10.5,39.0,4.0
2025-09-30 03:00:00,2025,9,30,3,Vĩnh Long,Xã An Ngãi Trung,10.0916931,106.5448581,45,Good,0,24.4,95,0.0,5.2,168,1008.8,100,16.1,17.5,173.0,11.4,35.0,4.1
2025-09-30 04:00:00,2025,9,30,4,Vĩnh Long,Xã An Ngãi Trung,10.0916931,106.5448581,46,Good,0,24.5,95,0.0,5.4,172,1008.7,100,17.8,19.2,177.0,11.7,33.0,4.3
2025-09-30 05:00:00,2025,9,30,5,Vĩnh Long,Xã An Ngãi Trung,10.0916931,106.5448581,47,Good,0,24.4,95,0.0,5.2,182,1009.1,100,18.9,20.3,181.0,11.2,33.0,4.4
2025-09-30 06:00:00,2025,9,30,6,Vĩnh Long,Xã An Ngãi Trung,10.0916931,106.5448581,49,Good,0,24.6,95,0.0,4.7,187,1010.1,100,15.5,16.8,183.0,10.2,34.0,4.6
2025-09-30 07:00:00,2025,9,30,7,Vĩnh Long,Xã An Ngãi Trung,10.0916931,106.5448581,50,Good,0,25.8,93,0.0,4.4,173,1010.5,100,17.6,18.9,182.0,10.7,32.0,5.1
2025-09-30 08:00:00,2025,9,30,8,Vĩnh Long,Xã An Ngãi Trung,10.0916931,106.5448581,51,Moderate,1,27.9,85,0.2,7.4,174,1010.9,100,13.3,15.4,173.0,8.2,42.0,4.8
2025-09-30 09:00:00,2025,9,30,9,Vĩnh Long,Xã An Ngãi Trung,10.0916931,106.5448581,51,Moderate,1,28.8,79,0.2,11.5,189,1011.5,100,10.9,13.3,160.0,4.8,55.0,4.3
2025-09-30 10:00:00,2025,9,30,10,Vĩnh Long,Xã An Ngãi Trung,10.0916931,106.5448581,51,Moderate,1,29.0,77,0.2,12.3,188,1011.6,100,9.6,12.1,149.0,2.2,66.0,3.8
2025-09-30 11:00:00,2025,9,30,11,Vĩnh Long,Xã An Ngãi Trung,10.0916931,106.5448581,51,Moderate,1,28.5,80,4.3,11.3,163,1011.3,100,9.1,11.5,143.0,1.3,71.0,3.3
2025-09-30 12:00:00,2025,9,30,12,Vĩnh Long,Xã An Ngãi Trung,10.0916931,106.5448581,52,Moderate,1,27.7,82,1.4,12.2,200,1010.5,100,8.4,10.4,138.0,1.2,73.0,2.9
2025-09-30 13:00:00,2025,9,30,13,Vĩnh Long,Xã An Ngãi Trung,10.0916931,106.5448581,52,Moderate,1,28.2,80,0.2,8.1,174,1009.1,100,8.4,9.9,136.0,1.5,73.0,2.6
2025-09-30 14:00:00,2025,9,30,14,Vĩnh Long,Xã An Ngãi Trung,10.0916931,106.5448581,52,Moderate,1,28.6,79,0.1,10.9,160,1008.0,100,8.4,9.9,133.0,1.7,72.0,2.4
2025-09-30 15:00:00,2025,9,30,15,Vĩnh Long,Xã An Ngãi Trung,10.0916931,106.5448581,52,Moderate,1,28.6,77,0.1,11.2,165,1007.5,100,8.1,9.4,133.0,2.2,70.0,2.5
2025-09-30 16:00:00,2025,9,30,16,Vĩnh Long,Xã An Ngãi Trung,10.0916931,106.5448581,52,Moderate,1,28.5,76,0.7,8.1,162,1007.7,99,8.6,10.0,141.0,3.6,66.0,2.8
2025-09-30 17:00:00,2025,9,30,17,Vĩnh Long,Xã An Ngãi Trung,10.0916931,106.5448581,52,Moderate,1,27.2,86,0.7,8.2,123,1007.9,100,10.6,12.2,163.0,6.4,60.0,3.6
2025-09-30 18:00:00,2025,9,30,18,Vĩnh Long,Xã An Ngãi Trung,10.0916931,106.5448581,52,Moderate,1,26.1,91,0.0,3.7,119,1008.6,100,13.6,15.1,195.0,10.0,52.0,4.8
2025-09-30 19:00:00,2025,9,30,19,Vĩnh Long,Xã An Ngãi Trung,10.0916931,106.5448581,52,Moderate,1,25.7,92,0.0,4.3,118,1009.3,100,18.0,19.8,227.0,12.9,40.0,5.8
2025-09-30 20:00:00,2025,9,30,20,Vĩnh Long,Xã An Ngãi Trung,10.0916931,106.5448581,52,Moderate,1,25.7,92,0.0,2.9,133,1010.1,100,20.1,22.1,260.0,14.0,37.0,6.3
2025-09-30 21:00:00,2025,9,30,21,Vĩnh Long,Xã An Ngãi Trung,10.0916931,106.5448581,53,Moderate,1,25.7,92,0.0,2.5,98,1010.9,100,23.3,25.3,294.0,15.5,33.0,7.0
2025-09-30 22:00:00,2025,9,30,22,Vĩnh Long,Xã An Ngãi Trung,10.0916931,106.5448581,54,Moderate,1,25.5,93,0.0,2.2,95,1011.5,100,25.4,27.4,323.0,16.8,29.0,7.4
2025-09-30 23:00:00,2025,9,30,23,Vĩnh Long,Xã An Ngãi Trung,10.0916931,106.5448581,55,Moderate,1,25.1,94,0.0,1.3,56,1011.7,63,26.0,27.9,344.0,17.9,27.0,7.5
2025-10-01 00:00:00,2025,10,1,0,Vĩnh Long,Xã An Ngãi Trung,10.0916931,106.5448581,56,Moderate,1,25.0,95,0.0,0.8,27,1011.1,84,27.2,29.2,359.0,18.7,26.0,7.3
2025-10-01 01:00:00,2025,10,1,1,Vĩnh Long,Xã An Ngãi Trung,10.0916931,106.5448581,57,Moderate,1,24.7,96,0.0,0.5,360,1010.5,84,28.4,30.6,368.0,19.0,25.0,7.0
2025-10-01 02:00:00,2025,10,1,2,Vĩnh Long,Xã An Ngãi Trung,10.0916931,106.5448581,58,Moderate,1,24.1,99,0.0,0.4,297,1010.0,6,31.2,33.5,371.0,18.3,25.0,6.4
2025-10-01 03:00:00,2025,10,1,3,Vĩnh Long,Xã An Ngãi Trung,10.0916931,106.5448581,59,Moderate,1,23.9,99,0.0,0.7,90,1009.7,98,29.0,31.2,368.0,17.1,25.0,5.7
2025-10-01 04:00:00,2025,10,1,4,Vĩnh Long,Xã An Ngãi Trung,10.0916931,106.5448581,61,Moderate,1,23.8,99,0.0,5.2,86,1009.5,100,25.9,28.0,361.0,15.7,27.0,5.3
2025-10-01 05:00:00,2025,10,1,5,Vĩnh Long,Xã An Ngãi Trung,10.0916931,106.5448581,61,Moderate,1,24.0,100,0.0,5.9,76,1009.5,100,25.6,27.7,352.0,14.6,29.0,5.4
2025-10-01 06:00:00,2025,10,1,6,Vĩnh Long,Xã An Ngãi Trung,10.0916931,106.5448581,62,Moderate,1,24.2,99,0.0,4.2,78,1009.4,95,25.9,28.2,339.0,13.5,31.0,5.8
2025-10-01 07:00:00,2025,10,1,7,Vĩnh Long,Xã An Ngãi Trung,10.0916931,106.5448581,63,Moderate,1,25.5,100,0.0,1.3,286,1010.4,98,26.1,28.3,312.0,11.5,35.0,5.3
2025-10-01 08:00:00,2025,10,1,8,Vĩnh Long,Xã An Ngãi Trung,10.0916931,106.5448581,64,Moderate,1,27.6,90,0.0,1.8,53,1010.8,13,18.0,20.8,257.0,8.7,47.0,4.9
2025-10-01 09:00:00,2025,10,1,9,Vĩnh Long,Xã An Ngãi Trung,10.0916931,106.5448581,64,Moderate,1,29.2,79,0.0,3.5,78,1011.0,80,13.7,16.1,187.0,4.8,64.0,4.3
2025-10-01 10:00:00,2025,10,1,10,Vĩnh Long,Xã An Ngãi Trung,10.0916931,106.5448581,64,Moderate,1,30.3,72,0.1,5.4,92,1010.9,57,12.7,14.3,138.0,1.9,77.0,3.7
2025-10-01 11:00:00,2025,10,1,11,Vĩnh Long,Xã An Ngãi Trung,10.0916931,106.5448581,65,Moderate,1,30.7,72,0.1,7.7,114,1010.5,43,12.2,13.8,127.0,1.0,84.0,3.2
2025-10-01 12:00:00,2025,10,1,12,Vĩnh Long,Xã An Ngãi Trung,10.0916931,106.5448581,65,Moderate,1,28.4,80,5.9,9.8,107,1010.2,59,11.8,13.2,135.0,1.0,87.0,2.7
2025-10-01 13:00:00,2025,10,1,13,Vĩnh Long,Xã An Ngãi Trung,10.0916931,106.5448581,65,Moderate,1,30.2,71,0.1,3.6,90,1009.2,38,11.8,13.2,142.0,1.4,88.0,2.4
2025-10-01 14:00:00,2025,10,1,14,Vĩnh Long,Xã An Ngãi Trung,10.0916931,106.5448581,65,Moderate,1,30.3,71,0.7,7.1,111,1008.1,15,11.5,12.7,136.0,1.5,85.0,2.2
2025-10-01 15:00:00,2025,10,1,15,Vĩnh Long,Xã An Ngãi Trung,10.0916931,106.5448581,66,Moderate,1,29.0,72,0.5,11.2,112,1007.7,61,10.9,12.0,128.0,1.9,79.0,2.1
2025-10-01 16:00:00,2025,10,1,16,Vĩnh Long,Xã An Ngãi Trung,10.0916931,106.5448581,66,Moderate,1,28.8,76,0.2,7.3,130,1007.9,51,10.9,12.7,135.0,3.7,72.0,2.6
2025-10-01 17:00:00,2025,10,1,17,Vĩnh Long,Xã An Ngãi Trung,10.0916931,106.5448581,66,Moderate,1,27.7,79,0.1,5.9,104,1008.7,54,11.8,13.7,164.0,8.2,63.0,4.1
2025-10-01 18:00:00,2025,10,1,18,Vĩnh Long,Xã An Ngãi Trung,10.0916931,106.5448581,66,Moderate,1,26.3,89,0.3,1.9,151,1009.5,68,15.9,17.8,208.0,14.0,52.0,6.0
2025-10-01 19:00:00,2025,10,1,19,Vĩnh Long,Xã An Ngãi Trung,10.0916931,106.5448581,66,Moderate,1,25.0,93,0.1,6.1,66,1010.2,41,13.5,14.9,259.0,11.8,48.0,4.6
2025-10-01 20:00:00,2025,10,1,20,Vĩnh Long,Xã An Ngãi Trung,10.0916931,106.5448581,66,Moderate,1,24.8,96,0.0,3.7,43,1010.7,83,13.4,14.7,326.0,12.1,46.0,5.2
2025-10-01 21:00:00,2025,10,1,21,Vĩnh Long,Xã An Ngãi Trung,10.0916931,106.5448581,65,Moderate,1,24.4,96,0.0,3.8,31,1011.1,100,15.3,16.7,399.0,12.6,42.0,6.0
2025-10-01 22:00:00,2025,10,1,22,Vĩnh Long,Xã An Ngãi Trung,10.0916931,106.5448581,65,Moderate,1,24.3,96,0.0,4.2,25,1011.4,100,17.3,18.9,449.0,13.3,39.0,6.7
2025-10-01 23:00:00,2025,10,1,23,Vĩnh Long,Xã An Ngãi Trung,10.0916931,106.5448581,64,Moderate,1,24.1,96,0.0,2.1,20,1011.0,99,19.2,20.8,456.0,14.4,36.0,7.1
2025-10-02 00:00:00,2025,10,2,0,Vĩnh Long,Xã An Ngãi Trung,10.0916931,106.5448581,63,Moderate,1,23.9,97,0.0,2.2,336,1010.6,46,20.3,21.9,438.0,15.8,33.0,7.4
2025-10-02 01:00:00,2025,10,2,1,Vĩnh Long,Xã An Ngãi Trung,10.0916931,106.5448581,63,Moderate,1,24.4,99,0.0,2.7,37,1009.8,31,21.8,23.3,421.0,17.3,30.0,7.9
2025-10-02 02:00:00,2025,10,2,2,Vĩnh Long,Xã An Ngãi Trung,10.0916931,106.5448581,62,Moderate,1,24.1,99,0.0,3.7,47,1009.7,65,22.0,23.7,411.0,19.3,27.0,8.8
2025-10-02 03:00:00,2025,10,2,3,Vĩnh Long,Xã An Ngãi Trung,10.0916931,106.5448581,61,Moderate,1,24.0,99,0.0,3.4,47,1009.6,73,25.0,26.8,402.0,21.5,25.0,9.9
2025-10-02 04:00:00,2025,10,2,4,Vĩnh Long,Xã An Ngãi Trung,10.0916931,106.5448581,61,Moderate,1,24.4,97,0.0,1.5,69,1009.8,80,27.8,29.7,397.0,22.6,24.0,11.1
2025-10-02 05:00:00,2025,10,2,5,Vĩnh Long,Xã An Ngãi Trung,10.0916931,106.5448581,61,Moderate,1,24.0,97,0.0,4.7,74,1010.3,66,30.6,32.7,408.0,22.2,25.0,12.7
2025-10-02 06:00:00,2025,10,2,6,Vĩnh Long,Xã An Ngãi Trung,10.0916931,106.5448581,62,Moderate,1,24.2,96,0.1,3.8,109,1011.3,47,32.1,34.1,423.0,20.8,27.0,14.4
2025-10-02 07:00:00,2025,10,2,7,Vĩnh Long,Xã An Ngãi Trung,10.0916931,106.5448581,62,Moderate,1,24.9,98,0.0,4.7,32,1011.0,100,42.6,44.0,413.0,22.9,30.0,15.3
2025-10-02 08:00:00,2025,10,2,8,Vĩnh Long,Xã An Ngãi Trung,10.0916931,106.5448581,64,Moderate,1,26.9,93,0.0,3.8,8,1011.9,31,24.8,26.2,353.0,19.0,43.0,14.5
2025-10-02 09:00:00,2025,10,2,9,Vĩnh Long,Xã An Ngãi Trung,10.0916931,106.5448581,64,Moderate,1,28.8,78,0.0,3.6,18,1012.4,36,18.6,19.8,268.0,13.7,62.0,13.3
2025-10-02 10:00:00,2025,10,2,10,Vĩnh Long,Xã An Ngãi Trung,10.0916931,106.5448581,65,Moderate,1,29.7,73,0.0,3.9,22,1012.1,34,13.2,13.6,203.0,9.1,80.0,11.8
2025-10-02 11:00:00,2025,10,2,11,Vĩnh Long,Xã An Ngãi Trung,10.0916931,106.5448581,65,Moderate,1,30.4,69,0.0,4.2,65,1011.2,19,14.5,14.8,178.0,6.2,98.0,9.6
2025-10-02 12:00:00,2025,10,2,12,Vĩnh Long,Xã An Ngãi Trung,10.0916931,106.5448581,65,Moderate,1,30.6,68,0.1,6.3,92,1010.0,38,15.6,15.8,172.0,4.0,115.0,7.2
2025-10-02 13:00:00,2025,10,2,13,Vĩnh Long,Xã An Ngãi Trung,10.0916931,106.5448581,65,Moderate,1,30.8,68,0.1,6.4,106,1009.3,25,15.0,15.2,167.0,2.8,125.0,5.2
2025-10-02 14:00:00,2025,10,2,14,Vĩnh Long,Xã An Ngãi Trung,10.0916931,106.5448581,66,Moderate,1,30.9,65,0.0,7.4,116,1008.3,14,14.4,14.7,153.0,2.5,126.0,4.1
2025-10-02 15:00:00,2025,10,2,15,Vĩnh Long,Xã An Ngãi Trung,10.0916931,106.5448581,66,Moderate,1,30.2,67,0.0,10.2,114,1007.6,22,13.0,13.2,140.0,3.0,121.0,3.6
2025-10-02 16:00:00,2025,10,2,16,Vĩnh Long,Xã An Ngãi Trung,10.0916931,106.5448581,66,Moderate,1,29.1,72,0.0,10.3,117,1007.6,22,12.4,12.7,137.0,4.3,111.0,3.5
2025-10-02 17:00:00,2025,10,2,17,Vĩnh Long,Xã An Ngãi Trung,10.0916931,106.5448581,66,Moderate,1,28.2,78,0.0,8.4,118,1007.9,9,10.3,10.6,152.0,6.8,94.0,4.0
2025-10-02 18:00:00,2025,10,2,18,Vĩnh Long,Xã An Ngãi Trung,10.0916931,106.5448581,66,Moderate,1,26.9,83,0.0,6.6,125,1008.6,7,13.3,14.2,177.0,10.1,73.0,5.0
2025-10-02 19:00:00,2025,10,2,19,Vĩnh Long,Xã An Ngãi Trung,10.0916931,106.5448581,66,Moderate,1,26.8,85,0.0,5.9,145,1008.5,1,21.7,22.8,195.0,16.0,53.0,7.2
2025-10-02 20:00:00,2025,10,2,20,Vĩnh Long,Xã An Ngãi Trung,10.0916931,106.5448581,67,Moderate,1,26.3,88,0.0,5.7,143,1009.3,1,22.4,23.3,201.0,15.8,48.0,7.3
2025-10-02 21:00:00,2025,10,2,21,Vĩnh Long,Xã An Ngãi Trung,10.0916931,106.5448581,67,Moderate,1,26.2,89,0.0,5.6,140,1010.1,4,23.1,24.2,200.0,15.5,42.0,7.4
2025-10-02 22:00:00,2025,10,2,22,Vĩnh Long,Xã An Ngãi Trung,10.0916931,106.5448581,68,Moderate,1,26.0,90,0.0,5.5,144,1010.4,5,22.4,24.1,197.0,15.5,37.0,7.5
2025-10-02 23:00:00,2025,10,2,23,Vĩnh Long,Xã An Ngãi Trung,10.0916931,106.5448581,68,Moderate,1,26.0,90,0.0,5.6,147,1010.6,95,23.6,25.5,191.0,16.0,35.0,7.7
2025-10-03 00:00:00,2025,10,3,0,Vĩnh Long,Xã An Ngãi Trung,10.0916931,106.5448581,69,Moderate,1,26.1,88,0.0,1.9,124,1010.3,85,25.1,26.7,183.0,16.8,35.0,7.9
2025-10-03 01:00:00,2025,10,3,1,Vĩnh Long,Xã An Ngãi Trung,10.0916931,106.5448581,69,Moderate,1,25.0,89,0.0,1.5,120,1009.7,94,23.6,24.8,176.0,17.3,34.0,8.0
2025-10-03 02:00:00,2025,10,3,2,Vĩnh Long,Xã An Ngãi Trung,10.0916931,106.5448581,69,Moderate,1,25.0,91,0.0,1.0,301,1009.4,91,23.5,24.8,169.0,17.2,33.0,8.0
2025-10-03 03:00:00,2025,10,3,3,Vĩnh Long,Xã An Ngãi Trung,10.0916931,106.5448581,70,Moderate,1,24.4,92,0.7,1.2,321,1009.7,98,22.6,23.9,163.0,16.8,32.0,8.0
2025-10-03 04:00:00,2025,10,3,4,Vĩnh Long,Xã An Ngãi Trung,10.0916931,106.5448581,69,Moderate,1,24.2,95,0.1,2.1,290,1009.4,95,24.0,25.5,165.0,16.2,31.0,7.9
2025-10-03 05:00:00,2025,10,3,5,Vĩnh Long,Xã An Ngãi Trung,10.0916931,106.5448581,69,Moderate,1,23.8,96,0.0,2.2,279,1010.2,93,27.5,29.0,187.0,15.9,30.0,7.9
2025-10-03 06:00:00,2025,10,3,6,Vĩnh Long,Xã An Ngãi Trung,10.0916931,106.5448581,69,Moderate,1,24.0,97,0.0,3.4,227,1010.9,97,33.6,35.4,217.0,15.5,29.0,7.9
2025-10-03 07:00:00,2025,10,3,7,Vĩnh Long,Xã An Ngãi Trung,10.0916931,106.5448581,69,Moderate,1,27.1,88,0.0,3.6,243,1011.0,99,21.5,24.7,231.0,9.1,43.0,5.4
2025-10-03 08:00:00,2025,10,3,8,Vĩnh Long,Xã An Ngãi Trung,10.0916931,106.5448581,67,Moderate,1,28.6,79,0.1,2.3,198,1011.8,97,14.6,18.3,212.0,6.8,51.0,4.4
2025-10-03 09:00:00,2025,10,3,9,Vĩnh Long,Xã An Ngãi Trung,10.0916931,106.5448581,66,Moderate,1,29.2,76,0.1,3.2,161,1012.1,99,11.2,14.7,176.0,3.7,63.0,3.1
2025-10-03 10:00:00,2025,10,3,10,Vĩnh Long,Xã An Ngãi Trung,10.0916931,106.5448581,65,Moderate,1,30.0,74,0.2,4.8,149,1011.7,98,10.0,13.4,147.0,1.5,71.0,2.1
2025-10-03 11:00:00,2025,10,3,11,Vĩnh Long,Xã An Ngãi Trung,10.0916931,106.5448581,65,Moderate,1,30.4,72,0.2,6.5,141,1011.3,88,9.6,13.0,136.0,1.0,73.0,1.8
2025-10-03 12:00:00,2025,10,3,12,Vĩnh Long,Xã An Ngãi Trung,10.0916931,106.5448581,65,Moderate,1,30.1,72,0.1,7.4,103,1010.2,98,9.5,13.0,132.0,1.4,72.0,1.8
2025-10-03 13:00:00,2025,10,3,13,Vĩnh Long,Xã An Ngãi Trung,10.0916931,106.5448581,64,Moderate,1,29.5,72,0.1,8.8,163,1009.8,100,9.3,12.3,130.0,1.8,71.0,1.9
2025-10-03 14:00:00,2025,10,3,14,Vĩnh Long,Xã An Ngãi Trung,10.0916931,106.5448581,64,Moderate,1,30.0,67,0.0,7.4,162,1008.9,100,9.3,12.5,126.0,1.3,73.0,1.9
2025-10-03 15:00:00,2025,10,3,15,Vĩnh Long,Xã An Ngãi Trung,10.0916931,106.5448581,63,Moderate,1,28.9,73,1.3,8.9,159,1008.9,100,9.3,12.5,123.0,0.8,74.0,1.9
2025-10-03 16:00:00,2025,10,3,16,Vĩnh Long,Xã An Ngãi Trung,10.0916931,106.5448581,63,Moderate,1,29.0,72,0.1,8.2,171,1009.0,100,9.2,12.2,131.0,2.0,72.0,2.5
2025-10-03 17:00:00,2025,10,3,17,Vĩnh Long,Xã An Ngãi Trung,10.0916931,106.5448581,63,Moderate,1,27.8,81,0.3,6.8,192,1009.8,98,10.0,12.8,153.0,6.8,61.0,4.1
2025-10-03 18:00:00,2025,10,3,18,Vĩnh Long,Xã An Ngãi Trung,10.0916931,106.5448581,63,Moderate,1,26.4,91,0.0,1.9,304,1010.7,97,15.2,17.5,186.0,13.3,47.0,6.3
2025-10-03 19:00:00,2025,10,3,19,Vĩnh Long,Xã An Ngãi Trung,10.0916931,106.5448581,63,Moderate,1,26.9,80,0.0,6.1,168,1010.2,98,16.3,18.2,220.0,13.3,40.0,6.1
2025-10-03 20:00:00,2025,10,3,20,Vĩnh Long,Xã An Ngãi Trung,10.0916931,106.5448581,62,Moderate,1,26.5,84,0.0,5.1,174,1010.7,97,15.5,17.2,259.0,12.5,40.0,5.9
2025-10-03 21:00:00,2025,10,3,21,Vĩnh Long,Xã An Ngãi Trung,10.0916931,106.5448581,62,Moderate,1,26.2,86,0.0,2.7,233,1011.6,93,14.2,15.8,299.0,11.5,40.0,5.7
2025-10-03 22:00:00,2025,10,3,22,Vĩnh Long,Xã An Ngãi Trung,10.0916931,106.5448581,61,Moderate,1,25.6,92,0.0,4.6,234,1012.2,97,14.4,15.9,328.0,10.7,40.0,5.4
2025-10-03 23:00:00,2025,10,3,23,Vĩnh Long,Xã An Ngãi Trung,10.0916931,106.5448581,60,Moderate,1,25.3,95,0.0,4.6,252,1012.4,98,14.1,15.4,339.0,10.4,39.0,4.9
2025-10-04 00:00:00,2025,10,4,0,Vĩnh Long,Xã An Ngãi Trung,10.0916931,106.5448581,59,Moderate,1,25.1,95,0.0,3.8,262,1011.9,98,13.3,14.5,337.0,10.3,39.0,4.4
2025-10-04 01:00:00,2025,10,4,1,Vĩnh Long,Xã An Ngãi Trung,10.0916931,106.5448581,58,Moderate,1,25.7,94,0.2,3.2,243,1011.4,89,13.7,14.8,328.0,10.7,37.0,4.2
2025-10-04 02:00:00,2025,10,4,2,Vĩnh Long,Xã An Ngãi Trung,10.0916931,106.5448581,57,Moderate,1,25.3,95,0.0,3.5,261,1010.6,41,15.2,16.3,308.0,11.9,34.0,4.4
2025-10-04 03:00:00,2025,10,4,3,Vĩnh Long,Xã An Ngãi Trung,10.0916931,106.5448581,57,Moderate,1,25.0,95,0.0,4.1,255,1010.2,86,16.6,17.7,280.0,13.5,30.0,4.8
2025-10-04 04:00:00,2025,10,4,4,Vĩnh Long,Xã An Ngãi Trung,10.0916931,106.5448581,56,Moderate,1,24.8,94,0.0,4.1,268,1010.2,99,17.5,18.5,258.0,14.7,27.0,5.7
2025-10-04 05:00:00,2025,10,4,5,Vĩnh Long,Xã An Ngãi Trung,10.0916931,106.5448581,56,Moderate,1,24.8,93,0.0,3.6,267,1010.5,100,19.2,20.3,253.0,15.3,26.0,7.5
2025-10-04 06:00:00,2025,10,4,6,Vĩnh Long,Xã An Ngãi Trung,10.0916931,106.5448581,55,Moderate,1,25.0,92,0.0,1.5,291,1010.9,100,22.3,23.5,254.0,15.5,26.0,9.8
2025-10-04 07:00:00,2025,10,4,7,Vĩnh Long,Xã An Ngãi Trung,10.0916931,106.5448581,54,Moderate,1,26.7,91,0.0,1.3,135,1011.3,100,29.5,31.2,246.0,17.8,28.0,11.5
2025-10-04 08:00:00,2025,10,4,8,Vĩnh Long,Xã An Ngãi Trung,10.0916931,106.5448581,55,Moderate,1,28.7,79,0.0,3.5,195,1011.7,31,14.4,16.1,217.0,13.4,38.0,9.7
2025-10-04 09:00:00,2025,10,4,9,Vĩnh Long,Xã An Ngãi Trung,10.0916931,106.5448581,55,Moderate,1,29.8,71,0.0,6.5,231,1012.0,57,9.8,11.7,179.0,7.4,53.0,7.2
2025-10-04 10:00:00,2025,10,4,10,Vĩnh Long,Xã An Ngãi Trung,10.0916931,106.5448581,54,Moderate,1,30.7,68,0.0,9.6,240,1012.3,100,9.5,11.5,150.0,2.9,65.0,5.3
2025-10-04 11:00:00,2025,10,4,11,Vĩnh Long,Xã An Ngãi Trung,10.0916931,106.5448581,54,Moderate,1,31.1,66,0.1,11.1,228,1011.8,100,8.9,10.7,141.0,1.3,74.0,4.4
2025-10-04 12:00:00,2025,10,4,12,Vĩnh Long,Xã An Ngãi Trung,10.0916931,106.5448581,54,Moderate,1,29.2,76,1.7,9.5,205,1010.9,100,8.4,10.0,141.0,1.1,80.0,4.1
2025-10-04 13:00:00,2025,10,4,13,Vĩnh Long,Xã An Ngãi Trung,10.0916931,106.5448581,54,Moderate,1,30.5,68,0.1,8.6,233,1010.1,83,8.3,9.7,143.0,1.4,83.0,3.8
2025-10-04 14:00:00,2025,10,4,14,Vĩnh Long,Xã An Ngãi Trung,10.0916931,106.5448581,54,Moderate,1,30.9,67,0.0,8.5,224,1009.0,18,8.1,9.4,141.0,1.4,80.0,3.3
2025-10-04 15:00:00,2025,10,4,15,Vĩnh Long,Xã An Ngãi Trung,10.0916931,106.5448581,54,Moderate,1,30.5,70,0.1,8.8,211,1008.4,36,7.8,9.2,141.0,1.9,73.0,2.9
2025-10-04 16:00:00,2025,10,4,16,Vĩnh Long,Xã An Ngãi Trung,10.0916931,106.5448581,54,Moderate,1,28.9,78,3.4,8.9,246,1008.3,83,7.6,8.7,147.0,3.4,65.0,3.1
2025-10-04 17:00:00,2025,10,4,17,Vĩnh Long,Xã An Ngãi Trung,10.0916931,106.5448581,54,Moderate,1,25.4,87,8.3,13.4,234,1010.3,100,8.3,9.1,164.0,6.6,55.0,4.3
2025-10-04 18:00:00,2025,10,4,18,Vĩnh Long,Xã An Ngãi Trung,10.0916931,106.5448581,54,Moderate,1,24.8,90,0.7,2.0,270,1010.7,95,11.0,11.7,187.0,11.0,45.0,6.0
2025-10-04 19:00:00,2025,10,4,19,Vĩnh Long,Xã An Ngãi Trung,10.0916931,106.5448581,53,Moderate,1,24.5,94,0.1,3.1,173,1010.2,45,20.2,21.7,212.0,17.6,37.0,9.2
2025-10-04 20:00:00,2025,10,4,20,Vĩnh Long,Xã An Ngãi Trung,10.0916931,106.5448581,54,Moderate,1,24.5,94,0.0,3.6,177,1011.6,10,21.9,23.3,238.0,18.4,34.0,9.8
2025-10-04 21:00:00,2025,10,4,21,Vĩnh Long,Xã An Ngãi Trung,10.0916931,106.5448581,54,Moderate,1,24.8,93,0.0,2.3,209,1012.1,55,22.5,24.1,266.0,19.6,30.0,10.7
2025-10-04 22:00:00,2025,10,4,22,Vĩnh Long,Xã An Ngãi Trung,10.0916931,106.5448581,55,Moderate,1,24.7,92,0.0,1.5,240,1012.3,75,26.4,28.0,286.0,21.5,26.0,11.6
2025-10-04 23:00:00,2025,10,4,23,Vĩnh Long,Xã An Ngãi Trung,10.0916931,106.5448581,56,Moderate,1,24.7,93,0.0,2.8,198,1012.5,95,31.2,32.9,295.0,25.2,22.0,12.5
2025-10-05 00:00:00,2025,10,5,0,Vĩnh Long,Xã An Ngãi Trung,10.0916931,106.5448581,57,Moderate,1,24.9,92,0.0,0.6,108,1011.8,100,35.2,37.1,297.0,29.5,18.0,13.4
2025-10-05 01:00:00,2025,10,5,1,Vĩnh Long,Xã An Ngãi Trung,10.0916931,106.5448581,59,Moderate,1,24.5,93,0.0,0.8,117,1011.5,100,40.6,42.7,294.0,31.8,15.0,13.6
2025-10-05 02:00:00,2025,10,5,2,Vĩnh Long,Xã An Ngãi Trung,10.0916931,106.5448581,62,Moderate,1,24.2,94,0.0,2.1,250,1010.6,100,46.7,48.2,283.0,30.3,15.0,12.6
2025-10-05 03:00:00,2025,10,5,3,Vĩnh Long,Xã An Ngãi Trung,10.0916931,106.5448581,65,Moderate,1,24.1,95,0.0,4.2,227,1010.2,100,39.2,40.7,267.0,26.6,17.0,11.1
2025-10-05 04:00:00,2025,10,5,4,Vĩnh Long,Xã An Ngãi Trung,10.0916931,106.5448581,67,Moderate,1,24.1,95,0.0,3.5,208,1010.4,97,31.8,33.4,258.0,23.2,19.0,9.9
2025-10-05 05:00:00,2025,10,5,5,Vĩnh Long,Xã An Ngãi Trung,10.0916931,106.5448581,68,Moderate,1,24.1,95,0.0,5.8,214,1010.8,100,29.9,31.8,266.0,21.1,20.0,9.8
2025-10-05 06:00:00,2025,10,5,6,Vĩnh Long,Xã An Ngãi Trung,10.0916931,106.5448581,69,Moderate,1,24.5,95,0.0,6.2,224,1011.7,100,31.5,33.5,280.0,19.2,21.0,10.2
2025-10-05 07:00:00,2025,10,5,7,Vĩnh Long,Xã An Ngãi Trung,10.0916931,106.5448581,70,Moderate,1,26.5,92,0.0,7.8,232,1012.0,100,36.9,38.9,282.0,20.8,30.0,11.9
2025-10-05 08:00:00,2025,10,5,8,Vĩnh Long,Xã An Ngãi Trung,10.0916931,106.5448581,70,Moderate,1,28.0,88,0.0,7.5,224,1012.5,100,19.1,21.2,258.0,15.4,44.0,9.7
2025-10-05 09:00:00,2025,10,5,9,Vĩnh Long,Xã An Ngãi Trung,10.0916931,106.5448581,71,Moderate,1,28.6,83,0.0,10.7,224,1013.1,100,11.6,13.8,222.0,8.0,63.0,6.6
2025-10-05 10:00:00,2025,10,5,10,Vĩnh Long,Xã An Ngãi Trung,10.0916931,106.5448581,71,Moderate,1,29.3,77,0.0,12.1,229,1012.8,100,10.1,12.3,191.0,2.5,78.0,4.3
2025-10-05 11:00:00,2025,10,5,11,Vĩnh Long,Xã An Ngãi Trung,10.0916931,106.5448581,71,Moderate,1,29.6,74,0.0,11.4,239,1011.9,100,8.8,10.7,171.0,0.8,87.0,3.6
2025-10-05 12:00:00,2025,10,5,12,Vĩnh Long,Xã An Ngãi Trung,10.0916931,106.5448581,71,Moderate,1,30.5,67,0.0,11.6,244,1010.8,99,8.3,9.7,157.0,1.0,92.0,3.7
2025-10-05 13:00:00,2025,10,5,13,Vĩnh Long,Xã An Ngãi Trung,10.0916931,106.5448581,71,Moderate,1,31.1,63,0.0,12.2,250,1010.1,93,8.3,9.5,148.0,1.6,94.0,3.8
2025-10-05 14:00:00,2025,10,5,14,Vĩnh Long,Xã An Ngãi Trung,10.0916931,106.5448581,71,Moderate,1,31.3,61,0.0,12.2,250,1009.3,94,8.4,9.6,144.0,1.8,91.0,3.6
2025-10-05 15:00:00,2025,10,5,15,Vĩnh Long,Xã An Ngãi Trung,10.0916931,106.5448581,71,Moderate,1,30.8,64,0.0,11.8,247,1008.6,93,8.7,10.1,146.0,2.4,85.0,3.4
2025-10-05 16:00:00,2025,10,5,16,Vĩnh Long,Xã An Ngãi Trung,10.0916931,106.5448581,71,Moderate,1,30.0,69,0.2,10.0,249,1008.5,88,9.2,10.2,153.0,4.2,77.0,3.8
2025-10-05 17:00:00,2025,10,5,17,Vĩnh Long,Xã An Ngãi Trung,10.0916931,106.5448581,71,Moderate,1,29.0,76,0.0,5.8,231,1008.7,73,11.1,11.4,169.0,8.3,65.0,5.1
2025-10-05 18:00:00,2025,10,5,18,Vĩnh Long,Xã An Ngãi Trung,10.0916931,106.5448581,71,Moderate,1,27.3,83,0.0,5.1,197,1009.4,100,15.5,15.8,190.0,13.6,52.0,6.9
2025-10-05 19:00:00,2025,10,5,19,Vĩnh Long,Xã An Ngãi Trung,10.0916931,106.5448581,72,Moderate,1,26.4,91,0.0,3.6,210,1010.3,97,15.9,16.0,206.0,12.7,50.0,6.5
2025-10-05 20:00:00,2025,10,5,20,Vĩnh Long,Xã An Ngãi Trung,10.0916931,106.5448581,71,Moderate,1,26.4,91,0.0,4.3,213,1011.4,100,18.2,18.4,210.0,15.0,44.0,7.7
2025-10-05 21:00:00,2025,10,5,21,Vĩnh Long,Xã An Ngãi Trung,10.0916931,106.5448581,71,Moderate,1,26.2,91,0.0,4.8,209,1011.5,100,21.7,22.1,209.0,18.2,37.0,9.4
2025-10-05 22:00:00,2025,10,5,22,Vĩnh Long,Xã An Ngãi Trung,10.0916931,106.5448581,71,Moderate,1,25.9,93,0.0,5.4,201,1011.8,98,25.7,26.2,210.0,20.4,31.0,10.5
2025-10-05 23:00:00,2025,10,5,23,Vĩnh Long,Xã An Ngãi Trung,10.0916931,106.5448581,71,Moderate,1,25.5,94,0.0,5.7,208,1011.8,98,24.8,25.4,218.0,20.5,30.0,10.5
2025-10-06 00:00:00,2025,10,6,0,Vĩnh Long,Xã An Ngãi Trung,10.0916931,106.5448581,70,Moderate,1,25.5,93,0.0,6.8,228,1011.2,100,23.4,24.0,228.0,19.7,30.0,10.0
2025-10-06 01:00:00,2025,10,6,1,Vĩnh Long,Xã An Ngãi Trung,10.0916931,106.5448581,69,Moderate,1,25.5,96,0.0,6.5,224,1010.9,98,23.8,24.7,230.0,19.3,30.0,9.7
2025-10-06 02:00:00,2025,10,6,2,Vĩnh Long,Xã An Ngãi Trung,10.0916931,106.5448581,68,Moderate,1,25.2,96,0.0,7.1,223,1010.1,100,25.4,26.6,216.0,20.4,27.0,10.0
2025-10-06 03:00:00,2025,10,6,3,Vĩnh Long,Xã An Ngãi Trung,10.0916931,106.5448581,66,Moderate,1,24.9,97,0.0,6.3,219,1009.7,99,27.2,28.5,195.0,21.9,24.0,10.5
2025-10-06 04:00:00,2025,10,6,4,Vĩnh Long,Xã An Ngãi Trung,10.0916931,106.5448581,65,Moderate,1,24.4,97,0.0,5.4,230,1009.6,100,28.5,29.9,183.0,22.3,23.0,11.0
2025-10-06 05:00:00,2025,10,6,5,Vĩnh Long,Xã An Ngãi Trung,10.0916931,106.5448581,65,Moderate,1,24.0,98,0.0,5.2,241,1009.9,95,29.5,31.0,191.0,21.0,23.0,11.4
2025-10-06 06:00:00,2025,10,6,6,Vĩnh Long,Xã An Ngãi Trung,10.0916931,106.5448581,65,Moderate,1,24.0,97,0.0,4.8,243,1010.8,100,31.5,33.2,207.0,18.7,25.0,11.8
2025-10-06 07:00:00,2025,10,6,7,Vĩnh Long,Xã An Ngãi Trung,10.0916931,106.5448581,65,Moderate,1,26.0,93,0.0,5.9,230,1011.1,99,42.6,45.6,216.0,18.6,29.0,12.9
2025-10-06 08:00:00,2025,10,6,8,Vĩnh Long,Xã An Ngãi Trung,10.0916931,106.5448581,65,Moderate,1,27.9,87,0.0,6.3,235,1011.8,100,26.8,30.4,208.0,14.2,48.0,11.3
2025-10-06 09:00:00,2025,10,6,9,Vĩnh Long,Xã An Ngãi Trung,10.0916931,106.5448581,66,Moderate,1,29.5,79,0.0,8.7,236,1012.1,47,18.3,21.2,192.0,8.1,74.0,9.1
2025-10-06 10:00:00,2025,10,6,10,Vĩnh Long,Xã An Ngãi Trung,10.0916931,106.5448581,66,Moderate,1,30.9,66,0.0,12.5,238,1011.9,27,14.9,15.9,178.0,3.5,95.0,7.3
2025-10-06 11:00:00,2025,10,6,11,Vĩnh Long,Xã An Ngãi Trung,10.0916931,106.5448581,67,Moderate,1,31.5,60,0.0,15.2,240,1011.3,96,13.9,14.6,167.0,1.8,105.0,6.3
2025-10-06 12:00:00,2025,10,6,12,Vĩnh Long,Xã An Ngãi Trung,10.0916931,106.5448581,67,Moderate,1,31.9,61,0.0,14.8,240,1010.4,95,13.2,13.9,156.0,1.5,109.0,5.8
2025-10-06 13:00:00,2025,10,6,13,Vĩnh Long,Xã An Ngãi Trung,10.0916931,106.5448581,68,Moderate,1,31.7,59,0.4,16.1,254,1009.5,100,12.7,13.4,151.0,1.7,109.0,5.5
2025-10-06 14:00:00,2025,10,6,14,Vĩnh Long,Xã An Ngãi Trung,10.0916931,106.5448581,68,Moderate,1,31.0,65,0.1,12.3,266,1008.7,100,12.4,13.3,148.0,1.6,106.0,5.2
2025-10-06 15:00:00,2025,10,6,15,Vĩnh Long,Xã An Ngãi Trung,10.0916931,106.5448581,68,Moderate,1,31.4,63,0.0,11.9,248,1008.1,100,12.4,13.3,150.0,1.9,98.0,5.1
2025-10-06 16:00:00,2025,10,6,16,Vĩnh Long,Xã An Ngãi Trung,10.0916931,106.5448581,69,Moderate,1,29.6,73,0.1,11.6,254,1008.4,100,13.4,14.3,166.0,4.3,89.0,5.9
2025-10-06 17:00:00,2025,10,6,17,Vĩnh Long,Xã An Ngãi Trung,10.0916931,106.5448581,69,Moderate,1,29.1,80,0.0,4.4,289,1008.8,100,15.5,16.3,212.0,10.8,76.0,8.4
2025-10-06 18:00:00,2025,10,6,18,Vĩnh Long,Xã An Ngãi Trung,10.0916931,106.5448581,69,Moderate,1,28.0,83,0.0,0.4,333,1009.4,100,23.6,24.4,272.0,19.4,61.0,11.8
2025-10-06 19:00:00,2025,10,6,19,Vĩnh Long,Xã An Ngãi Trung,10.0916931,106.5448581,70,Moderate,1,27.2,87,0.0,2.5,150,1010.0,100,30.2,31.4,315.0,22.1,46.0,11.6
2025-10-06 20:00:00,2025,10,6,20,Vĩnh Long,Xã An Ngãi Trung,10.0916931,106.5448581,71,Moderate,1,26.8,89,0.0,2.4,163,1011.0,100,31.2,32.5,323.0,22.3,41.0,11.6
2025-10-06 21:00:00,2025,10,6,21,Vĩnh Long,Xã An Ngãi Trung,10.0916931,106.5448581,73,Moderate,1,26.5,89,0.0,0.9,143,1012.0,95,32.0,33.4,314.0,22.6,34.0,11.6
2025-10-06 22:00:00,2025,10,6,22,Vĩnh Long,Xã An Ngãi Trung,10.0916931,106.5448581,73,Moderate,1,26.0,91,0.0,1.8,217,1012.2,100,31.5,32.9,306.0,22.4,29.0,11.3
2025-10-06 23:00:00,2025,10,6,23,Vĩnh Long,Xã An Ngãi Trung,10.0916931,106.5448581,74,Moderate,1,25.5,93,0.0,5.2,236,1012.2,100,29.9,31.2,308.0,21.5,28.0,10.6
2025-10-07 00:00:00,2025,10,7,0,Vĩnh Long,Xã An Ngãi Trung,10.0916931,106.5448581,74,Moderate,1,25.3,92,0.0,6.1,247,1012.0,99,27.9,29.2,311.0,20.1,28.0,9.7
2025-10-07 01:00:00,2025,10,7,1,Vĩnh Long,Xã An Ngãi Trung,10.0916931,106.5448581,75,Moderate,1,25.1,95,0.0,5.1,198,1011.1,100,25.7,27.1,305.0,18.7,29.0,8.9
2025-10-07 02:00:00,2025,10,7,2,Vĩnh Long,Xã An Ngãi Trung,10.0916931,106.5448581,75,Moderate,1,25.0,95,0.0,5.3,204,1009.7,99,23.3,25.0,281.0,17.4,30.0,8.3
2025-10-07 03:00:00,2025,10,7,3,Vĩnh Long,Xã An Ngãi Trung,10.0916931,106.5448581,75,Moderate,1,25.0,95,0.0,6.9,221,1009.4,100,21.7,23.7,249.0,16.2,33.0,7.9
2025-10-07 04:00:00,2025,10,7,4,Vĩnh Long,Xã An Ngãi Trung,10.0916931,106.5448581,74,Moderate,1,25.0,96,0.0,7.8,228,1009.2,99,21.2,23.3,225.0,15.2,34.0,7.7
2025-10-07 05:00:00,2025,10,7,5,Vĩnh Long,Xã An Ngãi Trung,10.0916931,106.5448581,74,Moderate,1,24.8,96,0.0,6.2,234,1009.3,85,21.4,23.5,222.0,15.1,33.0,8.1
2025-10-07 06:00:00,2025,10,7,6,Vĩnh Long,Xã An Ngãi Trung,10.0916931,106.5448581,73,Moderate,1,24.8,96,0.0,5.7,252,1010.1,12,22.5,24.7,228.0,15.2,31.0,8.7
2025-10-07 07:00:00,2025,10,7,7,Vĩnh Long,Xã An Ngãi Trung,10.0916931,106.5448581,72,Moderate,1,26.2,94,0.0,7.2,252,1010.5,47,19.3,21.1,227.0,12.0,38.0,8.5
2025-10-07 08:00:00,2025,10,7,8,Vĩnh Long,Xã An Ngãi Trung,10.0916931,106.5448581,70,Moderate,1,27.8,89,0.0,8.2,251,1011.3,100,15.7,18.2,209.0,9.3,49.0,8.1
2025-10-07 09:00:00,2025,10,7,9,Vĩnh Long,Xã An Ngãi Trung,10.0916931,106.5448581,69,Moderate,1,29.3,79,0.0,10.4,252,1012.1,90,12.6,14.9,184.0,5.6,65.0,7.5
2025-10-07 10:00:00,2025,10,7,10,Vĩnh Long,Xã An Ngãi Trung,10.0916931,106.5448581,69,Moderate,1,30.5,70,0.1,10.0,255,1012.0,82,11.6,13.3,163.0,2.9,77.0,6.9
2025-10-07 11:00:00,2025,10,7,11,Vĩnh Long,Xã An Ngãi Trung,10.0916931,106.5448581,68,Moderate,1,31.4,66,0.0,9.8,263,1011.5,87,11.4,12.5,151.0,2.1,81.0,6.3
2025-10-07 12:00:00,2025,10,7,12,Vĩnh Long,Xã An Ngãi Trung,10.0916931,106.5448581,68,Moderate,1,31.3,65,0.0,10.0,257,1010.7,68,11.8,12.9,143.0,2.4,81.0,5.7
2025-10-07 13:00:00,2025,10,7,13,Vĩnh Long,Xã An Ngãi Trung,10.0916931,106.5448581,68,Moderate,1,27.5,79,0.1,14.4,246,1010.5,94,12.0,12.8,140.0,2.8,80.0,5.4
2025-10-07 14:00:00,2025,10,7,14,Vĩnh Long,Xã An Ngãi Trung,10.0916931,106.5448581,68,Moderate,1,26.3,81,1.5,18.2,263,1009.8,100,11.4,11.9,140.0,2.8,81.0,5.7
2025-10-07 15:00:00,2025,10,7,15,Vĩnh Long,Xã An Ngãi Trung,10.0916931,106.5448581,68,Moderate,1,26.6,87,0.2,11.1,253,1009.3,100,11.0,11.4,145.0,3.0,81.0,6.4
2025-10-07 16:00:00,2025,10,7,16,Vĩnh Long,Xã An Ngãi Trung,10.0916931,106.5448581,68,Moderate,1,27.8,83,0.0,9.9,237,1008.6,100,10.7,11.0,158.0,4.2,78.0,7.2
2025-10-07 17:00:00,2025,10,7,17,Vĩnh Long,Xã An Ngãi Trung,10.0916931,106.5448581,67,Moderate,1,27.4,85,0.0,11.0,236,1009.3,100,10.6,10.9,186.0,7.2,69.0,8.0
2025-10-07 18:00:00,2025,10,7,18,Vĩnh Long,Xã An Ngãi Trung,10.0916931,106.5448581,67,Moderate,1,26.2,87,0.0,6.2,237,1010.1,70,13.2,13.5,223.0,11.3,57.0,8.9
2025-10-07 19:00:00,2025,10,7,19,Vĩnh Long,Xã An Ngãi Trung,10.0916931,106.5448581,66,Moderate,1,25.6,91,0.0,4.5,241,1010.8,98,17.1,18.0,249.0,14.9,40.0,9.5
2025-10-07 20:00:00,2025,10,7,20,Vĩnh Long,Xã An Ngãi Trung,10.0916931,106.5448581,65,Moderate,1,25.6,91,0.0,6.4,248,1011.5,100,17.2,18.3,257.0,16.0,35.0,10.1
2025-10-07 21:00:00,2025,10,7,21,Vĩnh Long,Xã An Ngãi Trung,10.0916931,106.5448581,64,Moderate,1,25.2,93,0.0,6.2,253,1012.0,100,18.7,20.0,255.0,17.6,29.0,10.8
2025-10-07 22:00:00,2025,10,7,22,Vĩnh Long,Xã An Ngãi Trung,10.0916931,106.5448581,63,Moderate,1,25.1,94,0.0,5.5,247,1012.4,100,20.4,21.9,250.0,19.0,23.0,11.4
2025-10-07 23:00:00,2025,10,7,23,Vĩnh Long,Xã An Ngãi Trung,10.0916931,106.5448581,62,Moderate,1,24.8,95,0.0,4.6,259,1012.5,100,21.0,22.5,242.0,20.2,20.0,11.6
2025-10-08 00:00:00,2025,10,8,0,Vĩnh Long,Xã An Ngãi Trung,10.0916931,106.5448581,61,Moderate,1,24.6,96,0.0,4.8,245,1012.0,100,21.8,23.4,230.0,21.2,18.0,11.6
2025-10-08 01:00:00,2025,10,8,1,Vĩnh Long,Xã An Ngãi Trung,10.0916931,106.5448581,60,Moderate,1,25.9,96,0.0,10.3,243,1010.3,100,24.0,25.7,221.0,21.9,16.0,11.6
2025-10-08 02:00:00,2025,10,8,2,Vĩnh Long,Xã An Ngãi Trung,10.0916931,106.5448581,60,Moderate,1,25.7,96,0.1,5.0,249,1009.8,100,24.6,26.4,216.0,22.4,15.0,11.7
2025-10-08 03:00:00,2025,10,8,3,Vĩnh Long,Xã An Ngãi Trung,10.0916931,106.5448581,60,Moderate,1,25.4,96,0.6,1.5,353,1009.5,100,24.2,26.1,214.0,22.5,14.0,11.9
2025-10-08 04:00:00,2025,10,8,4,Vĩnh Long,Xã An Ngãi Trung,10.0916931,106.5448581,60,Moderate,1,24.5,97,2.3,6.9,335,1009.5,100,26.0,28.2,217.0,22.2,15.0,12.2
2025-10-08 05:00:00,2025,10,8,5,Vĩnh Long,Xã An Ngãi Trung,10.0916931,106.5448581,61,Moderate,1,23.4,99,1.2,8.5,359,1010.1,99,30.4,32.8,233.0,21.4,16.0,12.9
2025-10-08 06:00:00,2025,10,8,6,Vĩnh Long,Xã An Ngãi Trung,10.0916931,106.5448581,62,Moderate,1,23.3,98,0.1,8.5,1,1010.3,96,38.5,40.7,255.0,20.1,17.0,13.8
2025-10-08 07:00:00,2025,10,8,7,Vĩnh Long,Xã An Ngãi Trung,10.0916931,106.5448581,63,Moderate,1,26.6,94,0.1,4.7,272,1010.7,76,28.0,30.4,263.0,15.7,24.0,9.8
2025-10-08 08:00:00,2025,10,8,8,Vĩnh Long,Xã An Ngãi Trung,10.0916931,106.5448581,64,Moderate,1,27.7,88,0.2,7.3,303,1010.9,68,23.7,27.6,242.0,12.4,38.0,9.5
2025-10-08 09:00:00,2025,10,8,9,Vĩnh Long,Xã An Ngãi Trung,10.0916931,106.5448581,65,Moderate,1,28.8,83,0.2,9.5,297,1011.1,71,18.6,22.4,207.0,7.8,58.0,9.0
2025-10-08 10:00:00,2025,10,8,10,Vĩnh Long,Xã An Ngãi Trung,10.0916931,106.5448581,65,Moderate,1,30.0,76,0.1,10.7,299,1011.1,100,16.5,20.1,179.0,4.3,74.0,8.4
2025-10-08 11:00:00,2025,10,8,11,Vĩnh Long,Xã An Ngãi Trung,10.0916931,106.5448581,65,Moderate,1,30.5,71,0.1,8.9,312,1010.2,100,14.3,16.2,166.0,2.7,83.0,7.6
2025-10-08 12:00:00,2025,10,8,12,Vĩnh Long,Xã An Ngãi Trung,10.0916931,106.5448581,66,Moderate,1,31.0,69,0.1,6.7,326,1008.8,51,13.9,15.2,161.0,2.2,87.0,6.6
2025-10-08 13:00:00,2025,10,8,13,Vĩnh Long,Xã An Ngãi Trung,10.0916931,106.5448581,66,Moderate,1,31.3,67,1.8,8.0,354,1007.4,72,13.9,15.2,160.0,2.4,87.0,5.9
2025-10-08 14:00:00,2025,10,8,14,Vĩnh Long,Xã An Ngãi Trung,10.0916931,106.5448581,66,Moderate,1,26.8,85,2.7,14.5,134,1008.0,98,16.4,17.8,161.0,3.2,81.0,5.5
2025-10-08 15:00:00,2025,10,8,15,Vĩnh Long,Xã An Ngãi Trung,10.0916931,106.5448581,67,Moderate,1,26.5,88,0.1,9.5,189,1008.2,77,14.6,15.5,167.0,4.6,70.0,5.2
2025-10-08 16:00:00,2025,10,8,16,Vĩnh Long,Xã An Ngãi Trung,10.0916931,106.5448581,67,Moderate,1,26.0,88,0.3,8.6,170,1008.0,95,13.8,14.4,180.0,6.4,61.0,5.3
2025-10-08 17:00:00,2025,10,8,17,Vĩnh Long,Xã An Ngãi Trung,10.0916931,106.5448581,67,Moderate,1,25.8,90,0.1,8.4,205,1008.3,99,14.2,14.6,208.0,9.0,54.0,5.9
2025-10-08 18:00:00,2025,10,8,18,Vĩnh Long,Xã An Ngãi Trung,10.0916931,106.5448581,67,Moderate,1,24.7,93,1.9,9.4,225,1009.5,100,18.0,18.5,245.0,12.1,48.0,6.7
2025-10-08 19:00:00,2025,10,8,19,Vĩnh Long,Xã An Ngãi Trung,10.0916931,106.5448581,68,Moderate,1,24.9,91,4.3,2.1,110,1008.9,98,19.8,19.8,271.0,18.0,34.0,10.2
2025-10-08 20:00:00,2025,10,8,20,Vĩnh Long,Xã An Ngãi Trung,10.0916931,106.5448581,68,Moderate,1,24.5,96,0.1,2.3,119,1009.9,92,20.8,21.0,279.0,19.2,31.0,10.8
2025-10-08 21:00:00,2025,10,8,21,Vĩnh Long,Xã An Ngãi Trung,10.0916931,106.5448581,68,Moderate,1,24.5,95,0.1,2.4,126,1010.9,98,22.9,23.2,276.0,21.0,26.0,11.6
2025-10-08 22:00:00,2025,10,8,22,Vĩnh Long,Xã An Ngãi Trung,10.0916931,106.5448581,69,Moderate,1,24.7,93,0.0,0.8,243,1011.2,91,25.4,25.8,271.0,22.4,22.0,12.6
2025-10-08 23:00:00,2025,10,8,23,Vĩnh Long,Xã An Ngãi Trung,10.0916931,106.5448581,69,Moderate,1,24.5,94,0.0,1.0,338,1010.7,100,26.7,27.1,265.0,22.9,21.0,13.8
2025-10-09 00:00:00,2025,10,9,0,Vĩnh Long,Xã An Ngãi Trung,10.0916931,106.5448581,70,Moderate,1,24.1,96,0.0,2.7,4,1010.1,91,24.0,24.4,255.0,23.2,21.0,15.2
2025-10-09 01:00:00,2025,10,9,1,Vĩnh Long,Xã An Ngãi Trung,10.0916931,106.5448581,70,Moderate,1,24.9,97,0.0,1.7,288,1010.0,70,24.8,25.3,247.0,24.3,19.0,16.6
2025-10-09 02:00:00,2025,10,9,2,Vĩnh Long,Xã An Ngãi Trung,10.0916931,106.5448581,70,Moderate,1,24.5,98,0.1,2.7,278,1009.1,99,30.3,30.9,235.0,27.3,14.0,17.4
2025-10-09 03:00:00,2025,10,9,3,Vĩnh Long,Xã An Ngãi Trung,10.0916931,106.5448581,71,Moderate,1,24.3,98,0.0,4.2,230,1008.6,100,34.1,34.8,223.0,31.2,7.0,18.2
2025-10-09 04:00:00,2025,10,9,4,Vĩnh Long,Xã An Ngãi Trung,10.0916931,106.5448581,71,Moderate,1,23.8,98,0.0,6.0,221,1009.0,100,39.0,39.3,229.0,34.0,4.0,20.2
2025-10-09 05:00:00,2025,10,9,5,Vĩnh Long,Xã An Ngãi Trung,10.0916931,106.5448581,73,Moderate,1,23.2,96,2.7,5.0,240,1009.3,100,44.2,44.2,273.0,35.4,5.0,25.5
2025-10-09 06:00:00,2025,10,9,6,Vĩnh Long,Xã An Ngãi Trung,10.0916931,106.5448581,74,Moderate,1,23.4,96,0.1,2.7,122,1009.8,100,47.3,47.4,334.0,35.8,9.0,32.0
2025-10-09 07:00:00,2025,10,9,7,Vĩnh Long,Xã An Ngãi Trung,10.0916931,106.5448581,75,Moderate,1,25.4,95,0.0,1.6,276,1009.3,100,53.3,53.7,367.0,31.1,17.0,27.8
2025-10-09 08:00:00,2025,10,9,8,Vĩnh Long,Xã An Ngãi Trung,10.0916931,106.5448581,77,Moderate,1,26.6,90,0.0,3.3,279,1010.0,99,43.7,44.1,344.0,24.9,41.0,25.1
2025-10-09 09:00:00,2025,10,9,9,Vĩnh Long,Xã An Ngãi Trung,10.0916931,106.5448581,79,Moderate,1,28.0,84,0.1,5.2,311,1010.6,99,37.4,38.0,293.0,16.3,75.0,21.3
2025-10-09 10:00:00,2025,10,9,10,Vĩnh Long,Xã An Ngãi Trung,10.0916931,106.5448581,80,Moderate,1,29.1,80,0.1,6.4,315,1010.5,100,35.9,36.4,251.0,9.4,106.0,17.8
2025-10-09 11:00:00,2025,10,9,11,Vĩnh Long,Xã An Ngãi Trung,10.0916931,106.5448581,82,Moderate,1,29.9,78,0.2,5.2,314,1009.4,99,37.0,37.6,231.0,6.0,131.0,15.2
2025-10-09 12:00:00,2025,10,9,12,Vĩnh Long,Xã An Ngãi Trung,10.0916931,106.5448581,84,Moderate,1,30.5,74,0.2,4.2,317,1008.4,84,36.2,36.7,220.0,4.3,152.0,13.0
2025-10-09 13:00:00,2025,10,9,13,Vĩnh Long,Xã An Ngãi Trung,10.0916931,106.5448581,86,Moderate,1,30.8,70,0.3,1.5,30,1007.8,92,36.1,36.6,213.0,3.5,164.0,11.1
2025-10-09 14:00:00,2025,10,9,14,Vĩnh Long,Xã An Ngãi Trung,10.0916931,106.5448581,88,Moderate,1,30.9,72,0.2,3.2,146,1006.9,100,37.3,37.7,209.0,3.2,164.0,9.5
2025-10-09 15:00:00,2025,10,9,15,Vĩnh Long,Xã An Ngãi Trung,10.0916931,106.5448581,90,Moderate,1,26.9,83,10.0,9.3,170,1007.4,100,37.0,37.6,210.0,3.7,155.0,8.3
2025-10-09 16:00:00,2025,10,9,16,Vĩnh Long,Xã An Ngãi Trung,10.0916931,106.5448581,92,Moderate,1,26.7,84,0.1,2.5,225,1007.3,100,33.6,34.0,218.0,4.9,143.0,7.6
2025-10-09 17:00:00,2025,10,9,17,Vĩnh Long,Xã An Ngãi Trung,10.0916931,106.5448581,98,Moderate,1,26.5,87,0.0,4.4,277,1007.9,100,32.5,32.9,233.0,7.3,129.0,7.7
2025-10-09 18:00:00,2025,10,9,18,Vĩnh Long,Xã An Ngãi Trung,10.0916931,106.5448581,110,Unhealthy for Sensitive Groups,2,25.5,94,0.0,3.1,310,1007.9,100,34.7,35.2,255.0,10.4,112.0,8.4
2025-10-09 19:00:00,2025,10,9,19,Vĩnh Long,Xã An Ngãi Trung,10.0916931,106.5448581,111,Unhealthy for Sensitive Groups,2,25.4,95,0.0,6.8,267,1008.3,98,34.0,34.1,283.0,16.3,97.0,11.3
2025-10-09 20:00:00,2025,10,9,20,Vĩnh Long,Xã An Ngãi Trung,10.0916931,106.5448581,104,Unhealthy for Sensitive Groups,2,25.0,95,0.0,3.5,325,1009.2,95,36.0,36.1,327.0,16.3,95.0,11.4
2025-10-09 21:00:00,2025,10,9,21,Vĩnh Long,Xã An Ngãi Trung,10.0916931,106.5448581,99,Moderate,1,24.7,95,0.0,0.8,243,1009.4,77,37.0,37.3,376.0,16.5,91.0,11.6
2025-10-09 22:00:00,2025,10,9,22,Vĩnh Long,Xã An Ngãi Trung,10.0916931,106.5448581,101,Unhealthy for Sensitive Groups,2,24.5,96,0.0,3.3,306,1010.2,66,39.9,40.2,405.0,17.5,85.0,12.3
2025-10-09 23:00:00,2025,10,9,23,Vĩnh Long,Xã An Ngãi Trung,10.0916931,106.5448581,102,Unhealthy for Sensitive Groups,2,24.4,96,0.0,3.3,324,1009.9,27,46.8,47.0,396.0,19.9,76.0,13.8
2025-10-10 00:00:00,2025,10,10,0,Vĩnh Long,Xã An Ngãi Trung,10.0916931,106.5448581,104,Unhealthy for Sensitive Groups,2,24.0,96,0.0,3.4,3,1008.8,38,50.5,50.8,366.0,23.0,66.0,15.6
2025-10-10 01:00:00,2025,10,10,1,Vĩnh Long,Xã An Ngãi Trung,10.0916931,106.5448581,107,Unhealthy for Sensitive Groups,2,24.6,98,0.0,3.5,69,1008.4,17,53.8,54.0,335.0,25.8,56.0,17.2
2025-10-10 02:00:00,2025,10,10,2,Vĩnh Long,Xã An Ngãi Trung,10.0916931,106.5448581,110,Unhealthy for Sensitive Groups,2,24.5,98,0.0,1.7,103,1008.0,26,57.3,57.3,308.0,28.1,46.0,18.1
2025-10-10 03:00:00,2025,10,10,3,Vĩnh Long,Xã An Ngãi Trung,10.0916931,106.5448581,113,Unhealthy for Sensitive Groups,2,24.4,99,0.0,0.2,270,1007.9,26,58.3,58.4,281.0,30.0,37.0,18.7
2025-10-10 04:00:00,2025,10,10,4,Vĩnh Long,Xã An Ngãi Trung,10.0916931,106.5448581,115,Unhealthy for Sensitive Groups,2,24.1,99,0.0,0.4,180,1007.8,20,59.3,59.4,262.0,30.4,32.0,19.1
2025-10-10 05:00:00,2025,10,10,5,Vĩnh Long,Xã An Ngãi Trung,10.0916931,106.5448581,117,Unhealthy for Sensitive Groups,2,24.0,99,0.0,0.4,207,1008.2,30,62.4,62.6,259.0,28.8,33.0,19.4
2025-10-10 06:00:00,2025,10,10,6,Vĩnh Long,Xã An Ngãi Trung,10.0916931,106.5448581,119,Unhealthy for Sensitive Groups,2,24.0,99,0.0,2.1,211,1008.7,42,61.9,62.2,264.0,25.9,38.0,19.5
2025-10-10 07:00:00,2025,10,10,7,Vĩnh Long,Xã An Ngãi Trung,10.0916931,106.5448581,121,Unhealthy for Sensitive Groups,2,25.3,96,0.0,2.2,336,1009.1,70,17.1,17.2,260.0,10.4,70.0,8.7
2025-10-10 08:00:00,2025,10,10,8,Vĩnh Long,Xã An Ngãi Trung,10.0916931,106.5448581,117,Unhealthy for Sensitive Groups,2,27.2,89,0.1,2.8,207,1009.9,95,15.4,15.5,238.0,8.8,77.0,8.6
2025-10-10 09:00:00,2025,10,10,9,Vĩnh Long,Xã An Ngãi Trung,10.0916931,106.5448581,114,Unhealthy for Sensitive Groups,2,25.6,94,4.4,7.1,144,1010.7,100,13.1,13.3,207.0,6.7,88.0,8.5
2025-10-10 10:00:00,2025,10,10,10,Vĩnh Long,Xã An Ngãi Trung,10.0916931,106.5448581,112,Unhealthy for Sensitive Groups,2,26.4,93,0.5,3.0,107,1010.6,100,11.6,11.7,183.0,4.8,96.0,7.9
2025-10-10 11:00:00,2025,10,10,11,Vĩnh Long,Xã An Ngãi Trung,10.0916931,106.5448581,109,Unhealthy for Sensitive Groups,2,27.9,88,0.6,1.1,189,1009.8,100,11.6,11.7,170.0,3.6,101.0,6.5
2025-10-10 12:00:00,2025,10,10,12,Vĩnh Long,Xã An Ngãi Trung,10.0916931,106.5448581,106,Unhealthy for Sensitive Groups,2,28.1,85,3.5,2.9,158,1008.9,100,12.6,12.7,162.0,2.7,104.0,4.6
2025-10-10 13:00:00,2025,10,10,13,Vĩnh Long,Xã An Ngãi Trung,10.0916931,106.5448581,104,Unhealthy for Sensitive Groups,2,30.1,75,4.3,7.6,118,1007.6,94,12.9,13.1,161.0,2.2,105.0,3.3
2025-10-10 14:00:00,2025,10,10,14,Vĩnh Long,Xã An Ngãi Trung,10.0916931,106.5448581,102,Unhealthy for Sensitive Groups,2,29.6,73,5.3,8.5,128,1007.0,100,10.9,11.1,164.0,2.0,104.0,2.8
2025-10-10 15:00:00,2025,10,10,15,Vĩnh Long,Xã An Ngãi Trung,10.0916931,106.5448581,99,Moderate,1,28.2,78,2.7,9.2,149,1006.7,100,9.8,10.0,172.0,2.1,101.0,2.8
2025-10-10 16:00:00,2025,10,10,16,Vĩnh Long,Xã An Ngãi Trung,10.0916931,106.5448581,97,Moderate,1,27.6,81,0.1,7.7,169,1006.8,100,8.1,8.3,192.0,3.5,94.0,3.3
2025-10-10 17:00:00,2025,10,10,17,Vĩnh Long,Xã An Ngãi Trung,10.0916931,106.5448581,94,Moderate,1,27.3,84,0.2,4.2,170,1007.4,100,7.7,7.9,228.0,6.8,81.0,4.3
2025-10-10 18:00:00,2025,10,10,18,Vĩnh Long,Xã An Ngãi Trung,10.0916931,106.5448581,92,Moderate,1,26.4,89,0.0,1.9,61,1007.3,100,11.1,11.6,275.0,11.2,65.0,5.7
2025-10-10 19:00:00,2025,10,10,19,Vĩnh Long,Xã An Ngãi Trung,10.0916931,106.5448581,90,Moderate,1,26.4,87,0.0,5.0,77,1007.6,100,20.1,20.7,322.0,18.0,50.0,8.4
2025-10-10 20:00:00,2025,10,10,20,Vĩnh Long,Xã An Ngãi Trung,10.0916931,106.5448581,89,Moderate,1,26.3,89,0.0,4.5,88,1007.9,100,23.3,24.0,371.0,19.1,46.0,9.5
2025-10-10 21:00:00,2025,10,10,21,Vĩnh Long,Xã An Ngãi Trung,10.0916931,106.5448581,88,Moderate,1,26.1,90,0.0,3.7,125,1008.6,100,25.4,26.4,420.0,20.7,41.0,10.9
2025-10-10 22:00:00,2025,10,10,22,Vĩnh Long,Xã An Ngãi Trung,10.0916931,106.5448581,87,Moderate,1,26.0,90,0.0,3.8,163,1009.2,100,27.1,28.3,452.0,21.6,37.0,11.6
2025-10-10 23:00:00,2025,10,10,23,Vĩnh Long,Xã An Ngãi Trung,10.0916931,106.5448581,85,Moderate,1,25.8,91,0.1,4.3,138,1009.2,99,24.7,26.0,463.0,21.3,34.0,10.7
2025-10-11 00:00:00,2025,10,11,0,Vĩnh Long,Xã An Ngãi Trung,10.0916931,106.5448581,84,Moderate,1,25.0,92,0.5,4.1,67,1008.9,100,24.1,25.4,457.0,20.3,32.0,9.0
2025-10-11 01:00:00,2025,10,11,1,Vĩnh Long,Xã An Ngãi Trung,10.0916931,106.5448581,81,Moderate,1,24.9,95,0.1,6.0,100,1008.5,48,28.0,29.1,432.0,19.5,30.0,7.7
2025-10-11 02:00:00,2025,10,11,2,Vĩnh Long,Xã An Ngãi Trung,10.0916931,106.5448581,79,Moderate,1,25.0,93,0.0,4.3,132,1007.6,79,30.9,31.4,376.0,19.4,29.0,7.0
2025-10-11 03:00:00,2025,10,11,3,Vĩnh Long,Xã An Ngãi Trung,10.0916931,106.5448581,77,Moderate,1,24.6,94,0.0,3.3,174,1007.5,85,31.7,32.2,301.0,19.5,28.0,6.7
2025-10-11 04:00:00,2025,10,11,4,Vĩnh Long,Xã An Ngãi Trung,10.0916931,106.5448581,74,Moderate,1,24.4,96,0.0,3.6,229,1007.7,98,33.5,34.1,244.0,19.2,28.0,6.8
2025-10-11 05:00:00,2025,10,11,5,Vĩnh Long,Xã An Ngãi Trung,10.0916931,106.5448581,72,Moderate,1,24.5,95,0.0,1.7,167,1008.0,96,39.5,40.2,226.0,18.7,29.0,7.8
2025-10-11 06:00:00,2025,10,11,6,Vĩnh Long,Xã An Ngãi Trung,10.0916931,106.5448581,70,Moderate,1,24.4,94,0.0,2.5,98,1008.9,100,41.8,42.5,227.0,17.8,31.0,9.2
2025-10-11 07:00:00,2025,10,11,7,Vĩnh Long,Xã An Ngãi Trung,10.0916931,106.5448581,68,Moderate,1,26.1,92,0.0,2.0,100,1009.1,97,19.2,19.9,222.0,13.2,44.0,8.1
2025-10-11 08:00:00,2025,10,11,8,Vĩnh Long,Xã An Ngãi Trung,10.0916931,106.5448581,68,Moderate,1,27.5,82,0.0,2.3,141,1009.7,95,11.4,12.5,200.0,10.2,55.0,7.2
2025-10-11 09:00:00,2025,10,11,9,Vĩnh Long,Xã An Ngãi Trung,10.0916931,106.5448581,68,Moderate,1,28.3,80,0.1,4.2,83,1009.7,98,8.8,10.1,173.0,6.0,71.0,6.0
2025-10-11 10:00:00,2025,10,11,10,Vĩnh Long,Xã An Ngãi Trung,10.0916931,106.5448581,68,Moderate,1,29.0,80,0.3,5.1,96,1010.0,100,8.3,9.4,152.0,2.9,83.0,5.0
2025-10-11 11:00:00,2025,10,11,11,Vĩnh Long,Xã An Ngãi Trung,10.0916931,106.5448581,67,Moderate,1,29.6,78,0.5,3.6,99,1009.0,93,7.3,8.1,143.0,1.8,89.0,4.3
2025-10-11 12:00:00,2025,10,11,12,Vĩnh Long,Xã An Ngãi Trung,10.0916931,106.5448581,67,Moderate,1,30.0,75,0.5,4.9,126,1008.0,100,7.1,7.4,139.0,1.8,93.0,3.8
2025-10-11 13:00:00,2025,10,11,13,Vĩnh Long,Xã An Ngãi Trung,10.0916931,106.5448581,66,Moderate,1,28.4,79,1.3,5.6,205,1007.3,98,8.3,8.5,139.0,2.2,94.0,3.6
2025-10-11 14:00:00,2025,10,11,14,Vĩnh Long,Xã An Ngãi Trung,10.0916931,106.5448581,66,Moderate,1,27.9,84,0.7,6.5,180,1006.8,99,9.3,9.5,137.0,2.6,94.0,3.6
2025-10-11 15:00:00,2025,10,11,15,Vĩnh Long,Xã An Ngãi Trung,10.0916931,106.5448581,66,Moderate,1,27.9,84,0.6,5.9,223,1006.6,100,10.3,10.5,138.0,3.3,93.0,4.0
2025-10-11 16:00:00,2025,10,11,16,Vĩnh Long,Xã An Ngãi Trung,10.0916931,106.5448581,66,Moderate,1,27.1,83,3.1,6.0,219,1006.6,99,10.8,10.9,150.0,4.9,89.0,4.6
2025-10-11 17:00:00,2025,10,11,17,Vĩnh Long,Xã An Ngãi Trung,10.0916931,106.5448581,66,Moderate,1,25.5,90,2.3,3.4,16,1007.3,100,12.3,12.3,180.0,8.1,81.0,5.7
2025-10-11 18:00:00,2025,10,11,18,Vĩnh Long,Xã An Ngãi Trung,10.0916931,106.5448581,67,Moderate,1,25.0,94,0.0,2.3,328,1007.5,87,16.8,16.8,222.0,12.1,71.0,7.2
2025-10-11 19:00:00,2025,10,11,19,Vĩnh Long,Xã An Ngãi Trung,10.0916931,106.5448581,67,Moderate,1,25.1,93,0.0,2.8,255,1008.0,100,18.4,18.6,262.0,14.1,60.0,7.0
2025-10-11 20:00:00,2025,10,11,20,Vĩnh Long,Xã An Ngãi Trung,10.0916931,106.5448581,67,Moderate,1,25.0,94,0.0,4.4,243,1008.9,100,22.4,22.4,297.0,14.6,59.0,7.7
2025-10-11 21:00:00,2025,10,11,21,Vĩnh Long,Xã An Ngãi Trung,10.0916931,106.5448581,67,Moderate,1,25.1,93,0.0,3.8,239,1009.1,100,25.8,25.9,330.0,15.4,59.0,8.7
2025-10-11 22:00:00,2025,10,11,22,Vĩnh Long,Xã An Ngãi Trung,10.0916931,106.5448581,67,Moderate,1,25.4,91,0.0,1.5,277,1009.3,100,25.6,25.8,357.0,16.2,57.0,9.5
2025-10-11 23:00:00,2025,10,11,23,Vĩnh Long,Xã An Ngãi Trung,10.0916931,106.5448581,67,Moderate,1,25.1,93,0.0,2.7,323,1009.4,79,26.6,26.8,375.0,17.0,54.0,9.9
2025-10-12 00:00:00,2025,10,12,0,Vĩnh Long,Xã An Ngãi Trung,10.0916931,106.5448581,67,Moderate,1,24.9,94,0.0,1.9,326,1009.0,82,29.6,29.8,388.0,17.9,51.0,10.1
2025-10-12 01:00:00,2025,10,12,1,Vĩnh Long,Xã An Ngãi Trung,10.0916931,106.5448581,67,Moderate,1,25.4,92,0.0,1.8,217,1008.4,98,32.4,32.6,402.0,18.9,48.0,10.7
2025-10-12 02:00:00,2025,10,12,2,Vĩnh Long,Xã An Ngãi Trung,10.0916931,106.5448581,68,Moderate,1,25.2,94,0.6,5.4,352,1007.9,100,35.4,35.5,423.0,20.2,47.0,12.1
2025-10-12 03:00:00,2025,10,12,3,Vĩnh Long,Xã An Ngãi Trung,10.0916931,106.5448581,68,Moderate,1,25.0,96,0.1,2.1,301,1007.6,95,37.4,37.7,445.0,21.6,46.0,13.8
2025-10-12 04:00:00,2025,10,12,4,Vĩnh Long,Xã An Ngãi Trung,10.0916931,106.5448581,69,Moderate,1,24.6,96,0.4,3.4,25,1007.8,95,37.6,38.2,455.0,22.5,46.0,15.3
2025-10-12 05:00:00,2025,10,12,5,Vĩnh Long,Xã An Ngãi Trung,10.0916931,106.5448581,69,Moderate,1,24.5,97,0.4,2.0,355,1008.2,99,43.0,43.9,449.0,23.0,43.0,16.6
2025-10-12 06:00:00,2025,10,12,6,Vĩnh Long,Xã An Ngãi Trung,10.0916931,106.5448581,69,Moderate,1,24.3,97,0.1,2.7,53,1008.7,100,41.2,42.0,432.0,22.9,41.0,17.6
2025-10-12 07:00:00,2025,10,12,7,Vĩnh Long,Xã An Ngãi Trung,10.0916931,106.5448581,69,Moderate,1,26.0,97,0.0,3.1,50,1009.0,100,32.0,33.4,404.0,19.8,30.0,10.7
2025-10-12 08:00:00,2025,10,12,8,Vĩnh Long,Xã An Ngãi Trung,10.0916931,106.5448581,70,Moderate,1,26.9,89,0.4,3.0,327,1010.2,99,21.0,22.7,362.0,15.4,46.0,10.1
2025-10-12 09:00:00,2025,10,12,9,Vĩnh Long,Xã An Ngãi Trung,10.0916931,106.5448581,71,Moderate,1,27.0,87,0.8,3.5,325,1010.7,91,13.7,15.7,309.0,9.3,68.0,9.1
2025-10-12 10:00:00,2025,10,12,10,Vĩnh Long,Xã An Ngãi Trung,10.0916931,106.5448581,72,Moderate,1,28.3,84,0.2,4.0,265,1010.7,86,12.0,13.7,263.0,4.6,85.0,8.1
2025-10-12 11:00:00,2025,10,12,11,Vĩnh Long,Xã An Ngãi Trung,10.0916931,106.5448581,72,Moderate,1,29.4,80,0.5,5.2,258,1009.8,73,11.1,11.7,228.0,2.5,95.0,6.8
2025-10-12 12:00:00,2025,10,12,12,Vĩnh Long,Xã An Ngãi Trung,10.0916931,106.5448581,72,Moderate,1,30.2,76,0.3,4.5,230,1008.1,52,10.4,11.0,198.0,1.8,100.0,5.5
2025-10-12 13:00:00,2025,10,12,13,Vĩnh Long,Xã An Ngãi Trung,10.0916931,106.5448581,73,Moderate,1,26.7,85,8.1,14.1,190,1008.0,99,10.5,11.1,179.0,1.7,100.0,4.4
2025-10-12 14:00:00,2025,10,12,14,Vĩnh Long,Xã An Ngãi Trung,10.0916931,106.5448581,73,Moderate,1,27.6,86,0.5,7.5,204,1006.6,78,10.8,11.4,169.0,1.7,94.0,3.7
2025-10-12 15:00:00,2025,10,12,15,Vĩnh Long,Xã An Ngãi Trung,10.0916931,106.5448581,73,Moderate,1,28.8,83,0.1,6.4,196,1006.3,99,9.0,9.5,168.0,2.3,83.0,3.3
2025-10-12 16:00:00,2025,10,12,16,Vĩnh Long,Xã An Ngãi Trung,10.0916931,106.5448581,73,Moderate,1,28.8,82,0.4,5.9,192,1006.6,100,8.5,9.5,183.0,4.1,71.0,3.6
2025-10-12 17:00:00,2025,10,12,17,Vĩnh Long,Xã An Ngãi Trung,10.0916931,106.5448581,73,Moderate,1,25.0,92,14.0,6.6,225,1008.0,100,9.4,10.4,220.0,8.0,60.0,4.8
2025-10-12 18:00:00,2025,10,12,18,Vĩnh Long,Xã An Ngãi Trung,10.0916931,106.5448581,72,Moderate,1,25.0,92,0.3,2.3,23,1008.3,100,13.4,14.4,273.0,13.1,48.0,6.6
2025-10-12 19:00:00,2025,10,12,19,Vĩnh Long,Xã An Ngãi Trung,10.0916931,106.5448581,72,Moderate,1,25.4,94,0.0,1.7,122,1008.3,100,22.4,24.0,327.0,18.0,41.0,8.7
2025-10-12 20:00:00,2025,10,12,20,Vĩnh Long,Xã An Ngãi Trung,10.0916931,106.5448581,72,Moderate,1,25.4,93,0.0,1.5,194,1008.9,100,23.8,25.2,382.0,18.8,38.0,9.4
2025-10-12 21:00:00,2025,10,12,21,Vĩnh Long,Xã An Ngãi Trung,10.0916931,106.5448581,73,Moderate,1,25.5,91,0.0,0.5,225,1009.4,100,27.1,28.5,439.0,20.0,34.0,10.4
2025-10-12 22:00:00,2025,10,12,22,Vĩnh Long,Xã An Ngãi Trung,10.0916931,106.5448581,73,Moderate,1,25.5,91,0.0,0.2,360,1009.7,100,26.6,28.2,484.0,21.3,30.0,11.5
2025-10-12 23:00:00,2025,10,12,23,Vĩnh Long,Xã An Ngãi Trung,10.0916931,106.5448581,73,Moderate,1,25.4,91,0.0,0.6,288,1009.9,100,27.4,29.0,512.0,23.1,28.0,13.1
2025-10-13 00:00:00,2025,10,13,0,Vĩnh Long,Xã An Ngãi Trung,10.0916931,106.5448581,73,Moderate,1,25.2,91,0.0,0.4,90,1009.5,100,29.8,31.8,529.0,25.1,27.0,14.9
2025-10-13 01:00:00,2025,10,13,1,Vĩnh Long,Xã An Ngãi Trung,10.0916931,106.5448581,73,Moderate,1,25.4,96,0.0,2.4,171,1008.9,99,31.8,34.1,536.0,25.9,26.0,15.6
2025-10-13 02:00:00,2025,10,13,2,Vĩnh Long,Xã An Ngãi Trung,10.0916931,106.5448581,73,Moderate,1,25.1,96,0.0,2.9,169,1008.4,99,33.9,36.3,535.0,24.5,25.0,14.0
2025-10-13 03:00:00,2025,10,13,3,Vĩnh Long,Xã An Ngãi Trung,10.0916931,106.5448581,73,Moderate,1,24.9,97,0.0,3.5,171,1008.1,97,33.1,35.2,524.0,21.9,25.0,11.3
2025-10-13 04:00:00,2025,10,13,4,Vĩnh Long,Xã An Ngãi Trung,10.0916931,106.5448581,72,Moderate,1,24.8,97,0.0,3.0,194,1008.4,98,27.6,29.3,500.0,19.8,26.0,9.5
2025-10-13 05:00:00,2025,10,13,5,Vĩnh Long,Xã An Ngãi Trung,10.0916931,106.5448581,71,Moderate,1,24.7,97,0.0,3.4,164,1008.8,99,25.7,27.4,459.0,19.2,26.0,9.8
2025-10-13 06:00:00,2025,10,13,6,Vĩnh Long,Xã An Ngãi Trung,10.0916931,106.5448581,70,Moderate,1,24.8,97,0.0,3.3,186,1009.1,99,27.2,29.1,405.0,19.0,28.0,11.1
2025-10-13 07:00:00,2025,10,13,7,Vĩnh Long,Xã An Ngãi Trung,10.0916931,106.5448581,69,Moderate,1,26.2,96,0.0,4.6,141,1009.7,100,23.4,25.2,352.0,14.7,34.0,6.9
2025-10-13 08:00:00,2025,10,13,8,Vĩnh Long,Xã An Ngãi Trung,10.0916931,106.5448581,68,Moderate,1,27.1,90,0.0,1.8,156,1010.3,99,16.0,18.0,300.0,11.8,44.0,6.6
2025-10-13 09:00:00,2025,10,13,9,Vĩnh Long,Xã An Ngãi Trung,10.0916931,106.5448581,67,Moderate,1,27.5,89,0.3,6.7,146,1010.8,100,13.8,16.0,247.0,7.8,57.0,6.3
2025-10-13 10:00:00,2025,10,13,10,Vĩnh Long,Xã An Ngãi Trung,10.0916931,106.5448581,67,Moderate,1,27.5,86,0.2,9.4,162,1010.8,100,12.6,15.1,206.0,4.6,68.0,5.7
2025-10-13 11:00:00,2025,10,13,11,Vĩnh Long,Xã An Ngãi Trung,10.0916931,106.5448581,67,Moderate,1,27.7,86,0.2,4.4,238,1010.2,100,11.6,14.0,181.0,3.0,75.0,4.8
2025-10-13 12:00:00,2025,10,13,12,Vĩnh Long,Xã An Ngãi Trung,10.0916931,106.5448581,68,Moderate,1,29.0,82,0.0,4.3,204,1008.7,100,10.1,12.1,168.0,2.2,79.0,3.7
2025-10-13 13:00:00,2025,10,13,13,Vĩnh Long,Xã An Ngãi Trung,10.0916931,106.5448581,68,Moderate,1,30.5,74,0.1,3.5,156,1007.8,99,9.5,11.2,159.0,1.9,81.0,2.9
2025-10-13 14:00:00,2025,10,13,14,Vĩnh Long,Xã An Ngãi Trung,10.0916931,106.5448581,67,Moderate,1,26.5,88,10.4,13.1,196,1007.8,100,11.8,14.1,149.0,1.6,81.0,2.5
2025-10-13 15:00:00,2025,10,13,15,Vĩnh Long,Xã An Ngãi Trung,10.0916931,106.5448581,68,Moderate,1,26.1,89,0.1,1.4,293,1006.8,100,9.5,11.1,144.0,1.9,79.0,2.3
2025-10-13 16:00:00,2025,10,13,16,Vĩnh Long,Xã An Ngãi Trung,10.0916931,106.5448581,68,Moderate,1,26.9,88,0.0,1.8,101,1006.6,100,9.1,10.5,153.0,3.6,75.0,2.8
2025-10-13 17:00:00,2025,10,13,17,Vĩnh Long,Xã An Ngãi Trung,10.0916931,106.5448581,68,Moderate,1,27.2,88,0.0,1.9,22,1007.0,100,9.6,10.8,185.0,8.0,66.0,4.2
2025-10-13 18:00:00,2025,10,13,18,Vĩnh Long,Xã An Ngãi Trung,10.0916931,106.5448581,68,Moderate,1,26.0,96,0.0,3.0,295,1007.5,100,13.6,14.8,232.0,13.8,55.0,6.3
2025-10-13 19:00:00,2025,10,13,19,Vĩnh Long,Xã An Ngãi Trung,10.0916931,106.5448581,68,Moderate,1,26.7,91,0.0,0.9,11,1008.0,100,21.4,22.9,280.0,19.3,45.0,8.8
2025-10-13 20:00:00,2025,10,13,20,Vĩnh Long,Xã An Ngãi Trung,10.0916931,106.5448581,68,Moderate,1,26.5,91,0.0,1.8,53,1008.2,100,23.9,25.4,331.0,21.0,41.0,9.9
2025-10-13 21:00:00,2025,10,13,21,Vĩnh Long,Xã An Ngãi Trung,10.0916931,106.5448581,68,Moderate,1,26.6,90,0.0,0.3,315,1008.6,100,26.4,28.0,382.0,23.3,35.0,11.4
2025-10-13 22:00:00,2025,10,13,22,Vĩnh Long,Xã An Ngãi Trung,10.0916931,106.5448581,68,Moderate,1,26.3,91,0.0,0.2,360,1008.9,100,31.9,33.4,411.0,24.7,30.0,12.4
2025-10-13 23:00:00,2025,10,13,23,Vĩnh Long,Xã An Ngãi Trung,10.0916931,106.5448581,68,Moderate,1,25.6,95,0.0,2.7,356,1009.3,99,28.8,30.3,408.0,24.7,28.0,12.5
2025-10-14 00:00:00,2025,10,14,0,Vĩnh Long,Xã An Ngãi Trung,10.0916931,106.5448581,68,Moderate,1,25.2,96,0.7,6.8,68,1009.3,99,27.8,29.5,383.0,23.8,27.0,12.2
2025-10-14 01:00:00,2025,10,14,1,Vĩnh Long,Xã An Ngãi Trung,10.0916931,106.5448581,68,Moderate,1,25.0,93,0.7,10.7,95,1009.0,100,28.1,29.7,347.0,22.3,27.0,11.4
2025-10-14 02:00:00,2025,10,14,2,Vĩnh Long,Xã An Ngãi Trung,10.0916931,106.5448581,68,Moderate,1,25.0,93,0.0,7.1,81,1008.7,100,27.1,28.7,291.0,19.7,29.0,9.9
2025-10-14 03:00:00,2025,10,14,3,Vĩnh Long,Xã An Ngãi Trung,10.0916931,106.5448581,67,Moderate,1,24.5,95,0.0,4.1,56,1008.2,100,22.8,24.1,223.0,16.5,31.0,8.1
2025-10-14 04:00:00,2025,10,14,4,Vĩnh Long,Xã An Ngãi Trung,10.0916931,106.5448581,66,Moderate,1,24.4,95,0.0,5.4,64,1007.8,100,18.2,19.4,179.0,13.9,34.0,6.7
2025-10-14 05:00:00,2025,10,14,5,Vĩnh Long,Xã An Ngãi Trung,10.0916931,106.5448581,65,Moderate,1,24.3,96,0.0,3.8,49,1007.8,100,15.3,16.5,183.0,12.8,35.0,6.5
2025-10-14 06:00:00,2025,10,14,6,Vĩnh Long,Xã An Ngãi Trung,10.0916931,106.5448581,64,Moderate,1,24.4,95,0.0,3.6,41,1008.6,100,16.4,17.7,212.0,12.3,35.0,6.8
2025-10-14 07:00:00,2025,10,14,7,Vĩnh Long,Xã An Ngãi Trung,10.0916931,106.5448581,63,Moderate,1,26.4,92,0.0,5.6,63,1009.4,30,16.8,18.1,229.0,10.5,42.0,5.3
2025-10-14 08:00:00,2025,10,14,8,Vĩnh Long,Xã An Ngãi Trung,10.0916931,106.5448581,63,Moderate,1,27.5,82,1.0,9.2,107,1010.2,92,11.6,13.4,218.0,7.9,56.0,4.6
2025-10-14 09:00:00,2025,10,14,9,Vĩnh Long,Xã An Ngãi Trung,10.0916931,106.5448581,62,Moderate,1,28.8,79,0.0,6.8,122,1010.5,37,8.8,10.1,195.0,4.4,74.0,3.5
2025-10-14 10:00:00,2025,10,14,10,Vĩnh Long,Xã An Ngãi Trung,10.0916931,106.5448581,62,Moderate,1,29.9,75,0.1,5.6,140,1010.3,33,8.4,9.5,178.0,1.8,88.0,2.7
2025-10-14 11:00:00,2025,10,14,11,Vĩnh Long,Xã An Ngãi Trung,10.0916931,106.5448581,62,Moderate,1,30.2,74,0.1,6.4,148,1009.8,34,8.5,9.5,171.0,0.9,92.0,2.2
2025-10-14 12:00:00,2025,10,14,12,Vĩnh Long,Xã An Ngãi Trung,10.0916931,106.5448581,61,Moderate,1,30.2,73,0.1,7.2,148,1008.8,49,8.1,8.9,170.0,1.0,91.0,1.9
2025-10-14 13:00:00,2025,10,14,13,Vĩnh Long,Xã An Ngãi Trung,10.0916931,106.5448581,61,Moderate,1,30.6,70,0.1,8.9,133,1008.2,90,8.2,9.0,172.0,1.3,89.0,1.8
2025-10-14 14:00:00,2025,10,14,14,Vĩnh Long,Xã An Ngãi Trung,10.0916931,106.5448581,61,Moderate,1,30.6,69,0.0,10.3,139,1006.9,89,8.6,9.5,175.0,1.4,89.0,1.9
2025-10-14 15:00:00,2025,10,14,15,Vĩnh Long,Xã An Ngãi Trung,10.0916931,106.5448581,61,Moderate,1,30.3,69,0.0,12.7,145,1006.4,99,9.3,10.2,181.0,1.9,89.0,2.3
2025-10-14 16:00:00,2025,10,14,16,Vĩnh Long,Xã An Ngãi Trung,10.0916931,106.5448581,61,Moderate,1,29.6,70,0.0,7.1,164,1007.0,100,10.2,11.6,198.0,3.3,85.0,2.9
2025-10-14 17:00:00,2025,10,14,17,Vĩnh Long,Xã An Ngãi Trung,10.0916931,106.5448581,61,Moderate,1,28.8,75,0.0,2.9,133,1007.1,98,10.9,12.5,239.0,6.7,76.0,4.0
2025-10-14 18:00:00,2025,10,14,18,Vĩnh Long,Xã An Ngãi Trung,10.0916931,106.5448581,61,Moderate,1,27.2,83,0.0,4.1,77,1007.0,100,15.8,17.2,291.0,11.1,63.0,5.3
2025-10-14 19:00:00,2025,10,14,19,Vĩnh Long,Xã An Ngãi Trung,10.0916931,106.5448581,61,Moderate,1,26.2,95,0.0,4.8,15,1008.2,100,26.5,28.1,323.0,18.9,45.0,7.8
2025-10-14 20:00:00,2025,10,14,20,Vĩnh Long,Xã An Ngãi Trung,10.0916931,106.5448581,62,Moderate,1,26.5,93,0.0,4.5,50,1009.0,100,24.3,25.6,315.0,17.9,44.0,7.7
2025-10-14 21:00:00,2025,10,14,21,Vĩnh Long,Xã An Ngãi Trung,10.0916931,106.5448581,62,Moderate,1,26.5,91,0.0,6.2,54,1009.1,100,23.2,24.9,287.0,16.7,41.0,7.5
2025-10-14 22:00:00,2025,10,14,22,Vĩnh Long,Xã An Ngãi Trung,10.0916931,106.5448581,61,Moderate,1,26.5,88,0.0,8.1,65,1009.2,100,25.6,27.3,263.0,16.5,39.0,7.6
2025-10-14 23:00:00,2025,10,14,23,Vĩnh Long,Xã An Ngãi Trung,10.0916931,106.5448581,61,Moderate,1,26.0,91,0.0,4.9,51,1009.0,98,29.7,31.5,252.0,18.1,36.0,7.9
2025-10-15 00:00:00,2025,10,15,0,Vĩnh Long,Xã An Ngãi Trung,10.0916931,106.5448581,61,Moderate,1,25.7,92,0.0,4.4,30,1008.7,98,32.9,35.0,246.0,20.7,33.0,8.3
2025-10-15 01:00:00,2025,10,15,1,Vĩnh Long,Xã An Ngãi Trung,10.0916931,106.5448581,61,Moderate,1,26.4,90,0.1,4.0,51,1008.1,100,33.9,35.9,244.0,23.1,31.0,9.1
2025-10-15 02:00:00,2025,10,15,2,Vĩnh Long,Xã An Ngãi Trung,10.0916931,106.5448581,62,Moderate,1,25.2,93,0.2,2.4,189,1007.8,100,34.7,36.8,244.0,25.3,29.0,10.6
2025-10-15 03:00:00,2025,10,15,3,Vĩnh Long,Xã An Ngãi Trung,10.0916931,106.5448581,62,Moderate,1,25.5,92,0.0,1.5,353,1007.4,100,36.2,38.2,247.0,27.4,27.0,12.4
2025-10-15 04:00:00,2025,10,15,4,Vĩnh Long,Xã An Ngãi Trung,10.0916931,106.5448581,64,Moderate,1,25.0,93,0.3,4.4,21,1007.1,98,34.5,36.3,257.0,28.1,27.0,13.8
2025-10-15 05:00:00,2025,10,15,5,Vĩnh Long,Xã An Ngãi Trung,10.0916931,106.5448581,65,Moderate,1,24.9,94,0.0,3.8,8,1007.0,98,33.4,35.3,284.0,27.1,30.0,15.0
2025-10-15 06:00:00,2025,10,15,6,Vĩnh Long,Xã An Ngãi Trung,10.0916931,106.5448581,67,Moderate,1,25.0,95,0.0,4.5,23,1007.3,97,33.2,35.2,318.0,24.7,36.0,15.8
2025-10-15 07:00:00,2025,10,15,7,Vĩnh Long,Xã An Ngãi Trung,10.0916931,106.5448581,68,Moderate,1,26.6,95,0.0,6.7,354,1008.1,100,23.1,25.7,328.0,12.4,58.0,8.5
2025-10-15 08:00:00,2025,10,15,8,Vĩnh Long,Xã An Ngãi Trung,10.0916931,106.5448581,69,Moderate,1,28.2,89,0.1,7.9,51,1008.7,94,17.6,20.3,294.0,9.3,68.0,6.6
2025-10-15 09:00:00,2025,10,15,9,Vĩnh Long,Xã An Ngãi Trung,10.0916931,106.5448581,69,Moderate,1,29.4,80,0.1,10.7,67,1008.9,70,13.6,15.9,236.0,5.0,81.0,4.0
2025-10-15 10:00:00,2025,10,15,10,Vĩnh Long,Xã An Ngãi Trung,10.0916931,106.5448581,70,Moderate,1,30.2,75,0.2,13.5,81,1008.9,18,12.1,14.2,188.0,1.8,91.0,2.1
2025-10-15 11:00:00,2025,10,15,11,Vĩnh Long,Xã An Ngãi Trung,10.0916931,106.5448581,70,Moderate,1,30.6,71,0.1,15.1,87,1008.3,13,10.5,12.5,161.0,0.7,94.0,1.4
2025-10-15 12:00:00,2025,10,15,12,Vĩnh Long,Xã An Ngãi Trung,10.0916931,106.5448581,70,Moderate,1,30.8,71,0.0,15.8,89,1007.5,17,10.0,12.3,144.0,0.7,94.0,1.4
2025-10-15 13:00:00,2025,10,15,13,Vĩnh Long,Xã An Ngãi Trung,10.0916931,106.5448581,70,Moderate,1,30.8,69,0.1,16.2,87,1006.8,10,9.4,12.0,134.0,1.1,91.0,1.5
2025-10-15 14:00:00,2025,10,15,14,Vĩnh Long,Xã An Ngãi Trung,10.0916931,106.5448581,70,Moderate,1,30.5,69,0.1,16.6,88,1005.5,22,8.6,11.1,132.0,1.5,85.0,1.5
2025-10-15 15:00:00,2025,10,15,15,Vĩnh Long,Xã An Ngãi Trung,10.0916931,106.5448581,70,Moderate,1,29.6,74,1.0,20.1,96,1005.1,77,8.4,10.4,136.0,2.2,77.0,1.7
2025-10-15 16:00:00,2025,10,15,16,Vĩnh Long,Xã An Ngãi Trung,10.0916931,106.5448581,70,Moderate,1,28.8,79,0.5,19.1,87,1005.4,80,8.4,10.4,140.0,3.4,69.0,2.1
2025-10-15 17:00:00,2025,10,15,17,Vĩnh Long,Xã An Ngãi Trung,10.0916931,106.5448581,70,Moderate,1,27.1,85,0.8,17.5,76,1005.9,84,8.3,10.0,139.0,5.3,61.0,2.8
2025-10-15 18:00:00,2025,10,15,18,Vĩnh Long,Xã An Ngãi Trung,10.0916931,106.5448581,70,Moderate,1,26.6,88,0.0,9.0,59,1006.1,93,9.5,11.3,136.0,7.7,53.0,3.6
2025-10-15 19:00:00,2025,10,15,19,Vĩnh Long,Xã An Ngãi Trung,10.0916931,106.5448581,69,Moderate,1,27.0,86,0.3,9.2,88,1006.3,100,12.4,14.2,139.0,9.7,45.0,4.0
2025-10-15 20:00:00,2025,10,15,20,Vĩnh Long,Xã An Ngãi Trung,10.0916931,106.5448581,68,Moderate,1,27.5,85,0.0,10.2,77,1007.1,100,14.2,15.9,141.0,10.8,42.0,4.5
2025-10-15 21:00:00,2025,10,15,21,Vĩnh Long,Xã An Ngãi Trung,10.0916931,106.5448581,67,Moderate,1,27.6,82,0.0,10.9,81,1007.8,100,16.1,17.9,148.0,12.6,38.0,5.4
2025-10-15 22:00:00,2025,10,15,22,Vĩnh Long,Xã An Ngãi Trung,10.0916931,106.5448581,67,Moderate,1,27.2,84,0.0,9.3,58,1008.1,100,17.3,19.2,183.0,14.8,33.0,6.4
2025-10-15 23:00:00,2025,10,15,23,Vĩnh Long,Xã An Ngãi Trung,10.0916931,106.5448581,66,Moderate,1,26.6,88,0.0,5.7,46,1007.4,99,19.5,21.2,280.0,17.6,29.0,7.6
2025-10-16 00:00:00,2025,10,16,0,Vĩnh Long,Xã An Ngãi Trung,10.0916931,106.5448581,65,Moderate,1,26.2,91,0.0,5.4,37,1007.1,98,21.7,23.5,405.0,20.9,25.0,9.0
2025-10-16 01:00:00,2025,10,16,1,Vĩnh Long,Xã An Ngãi Trung,10.0916931,106.5448581,64,Moderate,1,25.7,93,0.0,4.7,344,1007.2,57,24.9,26.7,479.0,24.7,20.0,10.8
2025-10-16 02:00:00,2025,10,16,2,Vĩnh Long,Xã An Ngãi Trung,10.0916931,106.5448581,63,Moderate,1,25.4,94,0.5,10.2,318,1006.6,93,28.6,30.3,452.0,29.9,14.0,13.3
2025-10-16 03:00:00,2025,10,16,3,Vĩnh Long,Xã An Ngãi Trung,10.0916931,106.5448581,63,Moderate,1,24.9,96,0.0,5.4,300,1007.0,100,33.4,35.0,374.0,35.6,8.0,16.2
2025-10-16 04:00:00,2025,10,16,4,Vĩnh Long,Xã An Ngãi Trung,10.0916931,106.5448581,62,Moderate,1,24.8,96,0.0,6.0,303,1007.0,100,37.1,38.9,313.0,38.9,5.0,19.2
2025-10-16 05:00:00,2025,10,16,5,Vĩnh Long,Xã An Ngãi Trung,10.0916931,106.5448581,63,Moderate,1,24.6,98,0.0,5.7,298,1007.2,100,38.2,39.8,300.0,38.7,6.0,22.9
2025-10-16 06:00:00,2025,10,16,6,Vĩnh Long,Xã An Ngãi Trung,10.0916931,106.5448581,63,Moderate,1,25.0,97,0.0,7.5,312,1007.6,100,39.0,40.4,303.0,36.2,9.0,26.6
2025-10-16 07:00:00,2025,10,16,7,Vĩnh Long,Xã An Ngãi Trung,10.0916931,106.5448581,64,Moderate,1,25.5,93,0.3,5.3,327,1008.5,100,45.3,45.9,300.0,28.6,23.0,24.1
2025-10-16 08:00:00,2025,10,16,8,Vĩnh Long,Xã An Ngãi Trung,10.0916931,106.5448581,66,Moderate,1,26.5,91,0.0,6.8,338,1008.5,99,37.4,38.1,277.0,23.8,45.0,22.5
2025-10-16 09:00:00,2025,10,16,9,Vĩnh Long,Xã An Ngãi Trung,10.0916931,106.5448581,67,Moderate,1,28.4,81,0.1,8.1,359,1009.2,99,34.5,35.2,247.0,17.1,75.0,20.1
2025-10-16 10:00:00,2025,10,16,10,Vĩnh Long,Xã An Ngãi Trung,10.0916931,106.5448581,69,Moderate,1,29.7,75,0.1,8.2,26,1008.6,91,32.8,33.5,224.0,11.4,101.0,17.4
2025-10-16 11:00:00,2025,10,16,11,Vĩnh Long,Xã An Ngãi Trung,10.0916931,106.5448581,71,Moderate,1,30.9,68,0.0,12.7,67,1007.8,66,30.0,30.9,219.0,7.8,120.0,14.2
2025-10-16 12:00:00,2025,10,16,12,Vĩnh Long,Xã An Ngãi Trung,10.0916931,106.5448581,73,Moderate,1,30.4,67,0.2,20.1,78,1007.1,95,25.3,26.1,222.0,5.1,135.0,10.6
2025-10-16 13:00:00,2025,10,16,13,Vĩnh Long,Xã An Ngãi Trung,10.0916931,106.5448581,74,Moderate,1,30.1,72,0.0,17.8,88,1006.1,67,21.6,22.5,215.0,3.3,139.0,7.6
2025-10-16 14:00:00,2025,10,16,14,Vĩnh Long,Xã An Ngãi Trung,10.0916931,106.5448581,75,Moderate,1,30.0,72,0.2,19.4,89,1005.1,51,17.1,18.0,184.0,2.4,125.0,5.3
2025-10-16 15:00:00,2025,10,16,15,Vĩnh Long,Xã An Ngãi Trung,10.0916931,106.5448581,76,Moderate,1,29.4,76,0.5,23.1,86,1004.8,84,12.5,14.2,143.0,2.3,101.0,3.5
2025-10-16 16:00:00,2025,10,16,16,Vĩnh Long,Xã An Ngãi Trung,10.0916931,106.5448581,76,Moderate,1,28.9,78,0.0,21.0,78,1004.8,100,9.0,10.7,113.0,2.6,81.0,2.3
2025-10-16 17:00:00,2025,10,16,17,Vĩnh Long,Xã An Ngãi Trung,10.0916931,106.5448581,76,Moderate,1,28.0,82,0.0,15.7,72,1005.6,100,8.4,10.5,107.0,3.5,70.0,2.0
2025-10-16 18:00:00,2025,10,16,18,Vĩnh Long,Xã An Ngãi Trung,10.0916931,106.5448581,76,Moderate,1,27.5,85,0.0,15.8,73,1005.8,100,8.2,10.1,113.0,4.8,63.0,2.2
2025-10-16 19:00:00,2025,10,16,19,Vĩnh Long,Xã An Ngãi Trung,10.0916931,106.5448581,76,Moderate,1,27.8,82,0.1,17.3,82,1006.5,100,8.4,9.7,118.0,5.9,61.0,2.5
2025-10-16 20:00:00,2025,10,16,20,Vĩnh Long,Xã An Ngãi Trung,10.0916931,106.5448581,76,Moderate,1,28.0,81,0.0,19.3,81,1007.1,100,9.1,10.4,118.0,5.9,59.0,2.6
2025-10-16 21:00:00,2025,10,16,21,Vĩnh Long,Xã An Ngãi Trung,10.0916931,106.5448581,75,Moderate,1,28.0,81,0.0,19.3,81,1007.8,100,8.8,10.1,117.0,5.9,57.0,2.6
2025-10-16 22:00:00,2025,10,16,22,Vĩnh Long,Xã An Ngãi Trung,10.0916931,106.5448581,75,Moderate,1,27.8,81,0.0,19.1,87,1008.0,100,8.3,9.6,116.0,6.0,54.0,2.7
2025-10-16 23:00:00,2025,10,16,23,Vĩnh Long,Xã An Ngãi Trung,10.0916931,106.5448581,74,Moderate,1,27.6,82,0.0,17.1,86,1008.4,100,7.4,8.5,113.0,6.1,51.0,2.6
2025-10-17 00:00:00,2025,10,17,0,Vĩnh Long,Xã An Ngãi Trung,10.0916931,106.5448581,73,Moderate,1,27.4,82,0.0,17.7,85,1008.3,100,6.6,7.7,110.0,6.4,48.0,2.5
2025-10-17 01:00:00,2025,10,17,1,Vĩnh Long,Xã An Ngãi Trung,10.0916931,106.5448581,72,Moderate,1,26.7,86,0.2,16.3,83,1007.8,100,7.5,8.5,107.0,7.3,44.0,2.8
2025-10-17 02:00:00,2025,10,17,2,Vĩnh Long,Xã An Ngãi Trung,10.0916931,106.5448581,70,Moderate,1,25.9,89,0.4,18.4,88,1007.3,100,9.8,10.8,104.0,9.4,40.0,3.5
2025-10-17 03:00:00,2025,10,17,3,Vĩnh Long,Xã An Ngãi Trung,10.0916931,106.5448581,68,Moderate,1,25.4,92,0.2,14.7,83,1006.8,100,10.4,11.4,102.0,12.1,35.0,4.5
2025-10-17 04:00:00,2025,10,17,4,Vĩnh Long,Xã An Ngãi Trung,10.0916931,106.5448581,66,Moderate,1,25.5,92,0.4,14.0,83,1006.9,100,14.3,15.4,106.0,14.5,32.0,5.9
2025-10-17 05:00:00,2025,10,17,5,Vĩnh Long,Xã An Ngãi Trung,10.0916931,106.5448581,64,Moderate,1,25.5,91,1.3,10.1,78,1007.6,100,17.0,18.0,118.0,16.7,29.0,8.0
2025-10-17 06:00:00,2025,10,17,6,Vĩnh Long,Xã An Ngãi Trung,10.0916931,106.5448581,62,Moderate,1,25.3,91,2.1,10.6,80,1008.5,100,19.9,21.1,136.0,18.6,28.0,10.5
2025-10-17 07:00:00,2025,10,17,7,Vĩnh Long,Xã An Ngãi Trung,10.0916931,106.5448581,61,Moderate,1,26.9,88,0.0,11.7,89,1009.1,100,21.7,23.3,158.0,18.5,31.0,11.7
2025-10-17 08:00:00,2025,10,17,8,Vĩnh Long,Xã An Ngãi Trung,10.0916931,106.5448581,59,Moderate,1,27.7,86,1.1,13.9,90,1009.7,100,20.0,22.2,193.0,15.9,46.0,11.7
2025-10-17 09:00:00,2025,10,17,9,Vĩnh Long,Xã An Ngãi Trung,10.0916931,106.5448581,57,Moderate,1,28.8,80,0.2,16.1,86,1010.2,100,18.6,21.2,232.0,12.2,67.0,11.5
2025-10-17 10:00:00,2025,10,17,10,Vĩnh Long,Xã An Ngãi Trung,10.0916931,106.5448581,56,Moderate,1,29.4,76,0.1,15.0,87,1010.2,100,15.9,17.6,249.0,8.8,85.0,10.8
2025-10-17 11:00:00,2025,10,17,11,Vĩnh Long,Xã An Ngãi Trung,10.0916931,106.5448581,54,Moderate,1,29.6,76,0.1,12.6,88,1009.4,100,14.9,16.0,226.0,6.0,99.0,8.9
2025-10-17 12:00:00,2025,10,17,12,Vĩnh Long,Xã An Ngãi Trung,10.0916931,106.5448581,53,Moderate,1,30.2,76,0.1,13.8,111,1008.7,98,13.6,14.8,182.0,3.6,111.0,6.4
2025-10-17 13:00:00,2025,10,17,13,Vĩnh Long,Xã An Ngãi Trung,10.0916931,106.5448581,52,Moderate,1,29.2,76,4.6,18.2,93,1007.6,100,12.7,14.8,146.0,1.9,115.0,4.4
2025-10-17 14:00:00,2025,10,17,14,Vĩnh Long,Xã An Ngãi Trung,10.0916931,106.5448581,51,Moderate,1,30.4,70,0.0,18.5,90,1006.6,100,11.2,13.3,129.0,1.3,106.0,3.1
2025-10-17 15:00:00,2025,10,17,15,Vĩnh Long,Xã An Ngãi Trung,10.0916931,106.5448581,51,Moderate,1,29.5,73,0.1,19.1,89,1005.8,100,9.3,11.5,121.0,1.5,90.0,2.3
2025-10-17 16:00:00,2025,10,17,16,Vĩnh Long,Xã An Ngãi Trung,10.0916931,106.5448581,50,Good,0,29.2,77,0.0,16.3,97,1005.4,100,8.3,10.8,119.0,2.3,76.0,1.9
2025-10-17 17:00:00,2025,10,17,17,Vĩnh Long,Xã An Ngãi Trung,10.0916931,106.5448581,50,Good,0,28.4,81,0.0,14.5,97,1005.9,100,8.0,10.2,127.0,4.0,67.0,2.3
2025-10-17 18:00:00,2025,10,17,18,Vĩnh Long,Xã An Ngãi Trung,10.0916931,106.5448581,50,Good,0,27.7,83,0.0,11.3,92,1006.5,100,9.2,11.2,142.0,6.4,60.0,3.1
2025-10-17 19:00:00,2025,10,17,19,Vĩnh Long,Xã An Ngãi Trung,10.0916931,106.5448581,50,Good,0,27.3,87,0.0,9.9,92,1007.0,100,10.6,13.1,151.0,6.7,59.0,3.2
2025-10-17 20:00:00,2025,10,17,20,Vĩnh Long,Xã An Ngãi Trung,10.0916931,106.5448581,50,Good,0,27.5,87,0.0,9.2,87,1008.2,99,11.0,13.4,146.0,7.5,56.0,3.7
2025-10-17 21:00:00,2025,10,17,21,Vĩnh Long,Xã An Ngãi Trung,10.0916931,106.5448581,51,Moderate,1,27.5,85,0.0,12.3,84,1008.3,96,11.6,13.9,135.0,8.7,52.0,4.4
2025-10-17 22:00:00,2025,10,17,22,Vĩnh Long,Xã An Ngãi Trung,10.0916931,106.5448581,51,Moderate,1,27.4,84,0.0,10.4,79,1008.9,94,12.5,14.6,125.0,9.6,49.0,4.9
2025-10-17 23:00:00,2025,10,17,23,Vĩnh Long,Xã An Ngãi Trung,10.0916931,106.5448581,51,Moderate,1,27.1,84,0.0,11.6,86,1008.4,87,12.6,14.6,120.0,10.2,47.0,5.0
2025-10-18 00:00:00,2025,10,18,0,Vĩnh Long,Xã An Ngãi Trung,10.0916931,106.5448581,52,Moderate,1,26.9,85,0.0,10.3,89,1007.9,88,13.2,15.2,117.0,10.6,45.0,4.8
2025-10-18 01:00:00,2025,10,18,1,Vĩnh Long,Xã An Ngãi Trung,10.0916931,106.5448581,52,Moderate,1,26.0,88,0.2,9.7,101,1007.9,100,12.8,14.6,115.0,10.5,44.0,4.4
2025-10-18 02:00:00,2025,10,18,2,Vĩnh Long,Xã An Ngãi Trung,10.0916931,106.5448581,53,Moderate,1,25.1,91,2.8,14.7,104,1008.0,100,12.5,14.2,113.0,9.4,45.0,3.6
2025-10-18 03:00:00,2025,10,18,3,Vĩnh Long,Xã An Ngãi Trung,10.0916931,106.5448581,53,Moderate,1,24.9,93,0.1,8.4,121,1007.4,100,12.2,13.7,112.0,7.8,47.0,2.7
2025-10-18 04:00:00,2025,10,18,4,Vĩnh Long,Xã An Ngãi Trung,10.0916931,106.5448581,53,Moderate,1,24.5,94,0.9,10.5,95,1007.5,100,8.1,9.5,115.0,7.0,47.0,2.4
2025-10-18 05:00:00,2025,10,18,5,Vĩnh Long,Xã An Ngãi Trung,10.0916931,106.5448581,53,Moderate,1,24.0,95,5.3,3.1,59,1007.7,100,9.6,10.9,128.0,8.0,44.0,3.5
2025-10-18 06:00:00,2025,10,18,6,Vĩnh Long,Xã An Ngãi Trung,10.0916931,106.5448581,52,Moderate,1,24.7,93,0.0,6.4,98,1008.1,100,11.5,12.8,145.0,9.8,39.0,5.2
2025-10-18 07:00:00,2025,10,18,7,Vĩnh Long,Xã An Ngãi Trung,10.0916931,106.5448581,51,Moderate,1,26.5,89,0.2,11.8,97,1008.5,100,12.5,14.3,154.0,8.4,39.0,4.6
2025-10-18 08:00:00,2025,10,18,8,Vĩnh Long,Xã An Ngãi Trung,10.0916931,106.5448581,50,Good,0,27.8,82,0.1,13.4,86,1008.6,100,9.2,10.8,147.0,6.7,46.0,3.8
2025-10-18 09:00:00,2025,10,18,9,Vĩnh Long,Xã An Ngãi Trung,10.0916931,106.5448581,49,Good,0,26.5,81,2.6,17.5,94,1010.1,100,6.9,8.6,131.0,4.5,57.0,2.8
2025-10-18 10:00:00,2025,10,18,10,Vĩnh Long,Xã An Ngãi Trung,10.0916931,106.5448581,47,Good,0,26.7,86,5.2,13.9,104,1010.1,100,5.8,7.5,118.0,2.9,64.0,2.1
2025-10-18 11:00:00,2025,10,18,11,Vĩnh Long,Xã An Ngãi Trung,10.0916931,106.5448581,45,Good,0,27.4,85,0.1,11.2,105,1009.4,100,5.2,6.8,113.0,2.7,66.0,2.0
2025-10-18 12:00:00,2025,10,18,12,Vĩnh Long,Xã An Ngãi Trung,10.0916931,106.5448581,43,Good,0,28.7,81,0.1,11.8,109,1008.4,100,5.9,7.4,111.0,3.1,64.0,2.2
2025-10-18 13:00:00,2025,10,18,13,Vĩnh Long,Xã An Ngãi Trung,10.0916931,106.5448581,42,Good,0,27.7,81,3.2,13.3,100,1007.3,100,6.8,8.3,110.0,3.5,64.0,2.4
2025-10-18 14:00:00,2025,10,18,14,Vĩnh Long,Xã An Ngãi Trung,10.0916931,106.5448581,41,Good,0,28.4,78,0.2,17.0,103,1006.1,100,6.8,8.4,111.0,3.3,67.0,2.4
2025-10-18 15:00:00,2025,10,18,15,Vĩnh Long,Xã An Ngãi Trung,10.0916931,106.5448581,40,Good,0,28.1,81,0.5,15.4,111,1005.8,100,7.3,9.0,114.0,3.0,70.0,2.4
2025-10-18 16:00:00,2025,10,18,16,Vĩnh Long,Xã An Ngãi Trung,10.0916931,106.5448581,40,Good,0,27.3,81,0.5,14.3,100,1006.3,100,6.7,8.2,117.0,3.4,70.0,2.6
2025-10-18 17:00:00,2025,10,18,17,Vĩnh Long,Xã An Ngãi Trung,10.0916931,106.5448581,40,Good,0,26.4,86,0.4,12.6,92,1006.7,100,7.4,8.6,119.0,5.1,63.0,3.0
2025-10-18 18:00:00,2025,10,18,18,Vĩnh Long,Xã An Ngãi Trung,10.0916931,106.5448581,40,Good,0,25.7,90,0.1,8.3,70,1007.1,98,8.1,9.3,122.0,7.4,53.0,3.6
2025-10-18 19:00:00,2025,10,18,19,Vĩnh Long,Xã An Ngãi Trung,10.0916931,106.5448581,39,Good,0,24.9,95,0.1,8.1,32,1007.1,100,9.8,10.7,126.0,9.6,43.0,4.2
2025-10-18 20:00:00,2025,10,18,20,Vĩnh Long,Xã An Ngãi Trung,10.0916931,106.5448581,39,Good,0,25.3,94,0.4,10.3,79,1007.8,100,10.4,11.4,135.0,9.4,43.0,4.3
2025-10-18 21:00:00,2025,10,18,21,Vĩnh Long,Xã An Ngãi Trung,10.0916931,106.5448581,39,Good,0,25.1,94,0.1,7.9,77,1007.8,100,10.8,11.9,145.0,9.1,43.0,4.5
2025-10-18 22:00:00,2025,10,18,22,Vĩnh Long,Xã An Ngãi Trung,10.0916931,106.5448581,39,Good,0,25.0,95,0.0,4.5,85,1007.6,100,11.6,12.9,152.0,9.2,42.0,4.6
2025-10-18 23:00:00,2025,10,18,23,Vĩnh Long,Xã An Ngãi Trung,10.0916931,106.5448581,39,Good,0,25.2,94,0.0,5.2,84,1007.7,100,11.8,13.2,150.0,9.4,40.0,4.4
2025-10-19 00:00:00,2025,10,19,0,Vĩnh Long,Xã An Ngãi Trung,10.0916931,106.5448581,39,Good,0,25.4,94,0.0,4.4,83,1007.3,100,12.5,14.0,143.0,10.0,38.0,4.1
2025-10-19 01:00:00,2025,10,19,1,Vĩnh Long,Xã An Ngãi Trung,10.0916931,106.5448581,39,Good,0,25.6,91,0.0,5.6,75,1006.5,100,15.5,17.2,141.0,12.0,34.0,4.7
2025-10-19 02:00:00,2025,10,19,2,Vĩnh Long,Xã An Ngãi Trung,10.0916931,106.5448581,39,Good,0,25.3,93,0.0,4.9,73,1005.7,100,18.9,20.5,145.0,16.9,28.0,6.7
2025-10-19 03:00:00,2025,10,19,3,Vĩnh Long,Xã An Ngãi Trung,10.0916931,106.5448581,40,Good,0,25.2,93,0.0,5.2,46,1005.2,100,21.5,23.1,152.0,23.3,21.0,9.6
2025-10-19 04:00:00,2025,10,19,4,Vĩnh Long,Xã An Ngãi Trung,10.0916931,106.5448581,42,Good,0,25.0,94,0.0,6.0,46,1005.3,100,24.3,25.8,168.0,28.2,16.0,13.0
2025-10-19 05:00:00,2025,10,19,5,Vĩnh Long,Xã An Ngãi Trung,10.0916931,106.5448581,45,Good,0,25.0,93,0.0,6.0,65,1005.3,100,27.6,29.3,196.0,31.0,14.0,17.8
2025-10-19 06:00:00,2025,10,19,6,Vĩnh Long,Xã An Ngãi Trung,10.0916931,106.5448581,48,Good,0,24.8,95,0.0,4.1,358,1006.1,97,32.9,34.8,231.0,32.3,16.0,23.1
2025-10-19 07:00:00,2025,10,19,7,Vĩnh Long,Xã An Ngãi Trung,10.0916931,106.5448581,51,Moderate,1,26.2,95,0.0,6.1,14,1007.0,91,25.6,27.7,267.0,21.6,27.0,16.1
2025-10-19 08:00:00,2025,10,19,8,Vĩnh Long,Xã An Ngãi Trung,10.0916931,106.5448581,52,Moderate,1,27.8,89,0.1,7.0,44,1007.6,95,25.4,28.3,307.0,18.8,41.0,16.0
2025-10-19 09:00:00,2025,10,19,9,Vĩnh Long,Xã An Ngãi Trung,10.0916931,106.5448581,53,Moderate,1,28.8,86,0.2,6.2,57,1008.2,98,23.6,27.4,346.0,14.8,61.0,15.7
2025-10-19 10:00:00,2025,10,19,10,Vĩnh Long,Xã An Ngãi Trung,10.0916931,106.5448581,55,Moderate,1,29.8,82,0.2,5.6,68,1008.0,92,20.2,23.6,365.0,11.1,82.0,14.9
2025-10-19 11:00:00,2025,10,19,11,Vĩnh Long,Xã An Ngãi Trung,10.0916931,106.5448581,56,Moderate,1,30.4,79,0.2,4.4,83,1007.1,82,17.8,19.5,352.0,7.8,106.0,13.2
2025-10-19 12:00:00,2025,10,19,12,Vĩnh Long,Xã An Ngãi Trung,10.0916931,106.5448581,57,Moderate,1,30.9,77,0.2,4.7,106,1006.0,93,19.3,20.4,318.0,4.7,131.0,10.9
2025-10-19 13:00:00,2025,10,19,13,Vĩnh Long,Xã An Ngãi Trung,10.0916931,106.5448581,58,Moderate,1,31.2,72,0.1,5.7,103,1005.3,97,19.4,20.4,278.0,2.7,146.0,8.9
2025-10-19 14:00:00,2025,10,19,14,Vĩnh Long,Xã An Ngãi Trung,10.0916931,106.5448581,60,Moderate,1,31.1,71,0.0,6.7,114,1004.3,100,19.9,20.8,227.0,2.1,144.0,7.2
2025-10-19 15:00:00,2025,10,19,15,Vĩnh Long,Xã An Ngãi Trung,10.0916931,106.5448581,61,Moderate,1,30.9,67,0.1,6.6,125,1003.5,84,20.0,20.8,170.0,2.6,132.0,5.7
2025-10-19 16:00:00,2025,10,19,16,Vĩnh Long,Xã An Ngãi Trung,10.0916931,106.5448581,62,Moderate,1,30.3,68,0.0,7.2,141,1004.1,87,17.8,18.6,137.0,4.4,116.0,5.0
2025-10-19 17:00:00,2025,10,19,17,Vĩnh Long,Xã An Ngãi Trung,10.0916931,106.5448581,63,Moderate,1,28.9,79,0.0,8.2,140,1004.5,68,15.7,16.6,147.0,8.4,95.0,5.5
2025-10-19 18:00:00,2025,10,19,18,Vĩnh Long,Xã An Ngãi Trung,10.0916931,106.5448581,69,Moderate,1,27.3,87,0.0,6.7,153,1004.9,95,19.3,20.3,181.0,13.8,71.0,6.8
2025-10-19 19:00:00,2025,10,19,19,Vĩnh Long,Xã An Ngãi Trung,10.0916931,106.5448581,67,Moderate,1,26.6,90,0.0,5.5,157,1005.7,100,32.2,33.4,209.0,17.8,70.0,9.0
2025-10-19 20:00:00,2025,10,19,20,Vĩnh Long,Xã An Ngãi Trung,10.0916931,106.5448581,66,Moderate,1,26.2,91,0.0,4.2,160,1006.5,99,33.5,35.6,219.0,18.7,62.0,9.1
2025-10-19 21:00:00,2025,10,19,21,Vĩnh Long,Xã An Ngãi Trung,10.0916931,106.5448581,69,Moderate,1,26.0,92,0.0,5.0,161,1006.6,98,35.7,38.0,224.0,20.0,50.0,9.3
2025-10-19 22:00:00,2025,10,19,22,Vĩnh Long,Xã An Ngãi Trung,10.0916931,106.5448581,71,Moderate,1,25.7,94,0.0,3.1,315,1007.2,90,38.1,40.6,234.0,20.8,41.0,9.3
2025-10-19 23:00:00,2025,10,19,23,Vĩnh Long,Xã An Ngãi Trung,10.0916931,106.5448581,73,Moderate,1,25.4,95,0.0,6.0,321,1007.1,98,38.8,41.1,259.0,20.7,38.0,8.8
2025-10-20 00:00:00,2025,10,20,0,Vĩnh Long,Xã An Ngãi Trung,10.0916931,106.5448581,75,Moderate,1,25.3,95,0.0,4.1,283,1007.1,95,40.0,42.3,290.0,20.0,37.0,8.1
2025-10-20 01:00:00,2025,10,20,1,Vĩnh Long,Xã An Ngãi Trung,10.0916931,106.5448581,78,Moderate,1,25.0,96,0.0,3.7,293,1006.1,96,35.5,37.1,310.0,19.5,36.0,7.8
2025-10-20 02:00:00,2025,10,20,2,Vĩnh Long,Xã An Ngãi Trung,10.0916931,106.5448581,80,Moderate,1,25.1,96,0.0,3.8,301,1005.5,100,31.5,32.5,308.0,19.2,34.0,8.2
2025-10-20 03:00:00,2025,10,20,3,Vĩnh Long,Xã An Ngãi Trung,10.0916931,106.5448581,81,Moderate,1,25.1,96,0.0,4.9,306,1005.3,100,31.9,32.4,295.0,19.1,33.0,9.1
2025-10-20 04:00:00,2025,10,20,4,Vĩnh Long,Xã An Ngãi Trung,10.0916931,106.5448581,82,Moderate,1,25.0,96,0.0,5.0,311,1005.2,100,35.0,35.3,285.0,18.9,32.0,10.4
2025-10-20 05:00:00,2025,10,20,5,Vĩnh Long,Xã An Ngãi Trung,10.0916931,106.5448581,83,Moderate,1,25.1,96,0.0,5.4,307,1005.3,100,39.0,39.3,285.0,19.1,30.0,12.5
2025-10-20 06:00:00,2025,10,20,6,Vĩnh Long,Xã An Ngãi Trung,10.0916931,106.5448581,84,Moderate,1,25.1,97,0.0,6.3,309,1005.9,100,43.0,43.3,288.0,19.4,30.0,15.0
2025-10-20 07:00:00,2025,10,20,7,Vĩnh Long,Xã An Ngãi Trung,10.0916931,106.5448581,85,Moderate,1,27.0,92,0.0,6.7,301,1006.6,92,40.0,40.6,282.0,20.5,42.0,19.8
2025-10-20 08:00:00,2025,10,20,8,Vĩnh Long,Xã An Ngãi Trung,10.0916931,106.5448581,86,Moderate,1,28.2,88,0.1,8.1,302,1007.5,100,31.8,32.5,259.0,16.3,62.0,19.2
2025-10-20 09:00:00,2025,10,20,9,Vĩnh Long,Xã An Ngãi Trung,10.0916931,106.5448581,86,Moderate,1,29.2,83,0.1,10.1,301,1007.5,99,25.4,26.2,227.0,10.4,90.0,18.3
2025-10-20 10:00:00,2025,10,20,10,Vĩnh Long,Xã An Ngãi Trung,10.0916931,106.5448581,87,Moderate,1,30.1,76,0.1,12.1,310,1007.3,99,24.6,25.3,201.0,5.8,113.0,16.9
2025-10-20 11:00:00,2025,10,20,11,Vĩnh Long,Xã An Ngãi Trung,10.0916931,106.5448581,87,Moderate,1,31.1,71,0.0,11.0,322,1006.5,100,25.6,26.1,184.0,3.6,126.0,14.5
2025-10-20 12:00:00,2025,10,20,12,Vĩnh Long,Xã An Ngãi Trung,10.0916931,106.5448581,88,Moderate,1,31.8,68,0.0,8.7,326,1005.8,100,24.0,24.5,173.0,2.8,135.0,11.6
2025-10-20 13:00:00,2025,10,20,13,Vĩnh Long,Xã An Ngãi Trung,10.0916931,106.5448581,88,Moderate,1,32.3,63,0.0,7.1,333,1005.0,99,24.2,24.6,168.0,2.6,137.0,9.2
2025-10-20 14:00:00,2025,10,20,14,Vĩnh Long,Xã An Ngãi Trung,10.0916931,106.5448581,89,Moderate,1,32.6,61,0.0,4.3,315,1003.7,100,24.4,24.8,167.0,3.1,131.0,7.9
2025-10-20 15:00:00,2025,10,20,15,Vĩnh Long,Xã An Ngãi Trung,10.0916931,106.5448581,89,Moderate,1,32.5,60,0.0,1.0,292,1003.5,100,25.3,25.7,173.0,4.3,119.0,7.1
2025-10-20 16:00:00,2025,10,20,16,Vĩnh Long,Xã An Ngãi Trung,10.0916931,106.5448581,89,Moderate,1,30.0,68,0.4,3.9,214,1003.7,100,24.3,24.6,190.0,5.7,107.0,6.6
2025-10-20 17:00:00,2025,10,20,17,Vĩnh Long,Xã An Ngãi Trung,10.0916931,106.5448581,90,Moderate,1,29.1,80,0.0,4.8,250,1004.6,100,23.6,23.9,226.0,7.3,95.0,6.3
2025-10-20 18:00:00,2025,10,20,18,Vĩnh Long,Xã An Ngãi Trung,10.0916931,106.5448581,91,Moderate,1,27.1,86,0.2,9.6,282,1005.3,100,25.3,25.7,273.0,9.1,83.0,6.3
2025-10-20 19:00:00,2025,10,20,19,Vĩnh Long,Xã An Ngãi Trung,10.0916931,106.5448581,91,Moderate,1,26.8,97,0.0,4.4,145,1006.0,100,31.7,31.9,318.0,15.0,72.0,8.7
2025-10-20 20:00:00,2025,10,20,20,Vĩnh Long,Xã An Ngãi Trung,10.0916931,106.5448581,91,Moderate,1,26.5,98,0.2,2.0,243,1006.3,100,27.9,28.1,364.0,14.0,72.0,8.8
2025-10-20 21:00:00,2025,10,20,21,Vĩnh Long,Xã An Ngãi Trung,10.0916931,106.5448581,91,Moderate,1,26.2,96,1.4,5.4,186,1007.4,100,23.6,23.9,407.0,12.8,71.0,8.9
2025-10-20 22:00:00,2025,10,20,22,Vĩnh Long,Xã An Ngãi Trung,10.0916931,106.5448581,90,Moderate,1,25.0,98,4.6,2.0,80,1008.2,100,24.0,24.2,420.0,12.2,68.0,9.0
2025-10-20 23:00:00,2025,10,20,23,Vĩnh Long,Xã An Ngãi Trung,10.0916931,106.5448581,88,Moderate,1,25.1,96,0.8,3.9,254,1008.3,100,23.1,23.3,381.0,13.1,62.0,9.2
2025-10-21 00:00:00,2025,10,21,0,Vĩnh Long,Xã An Ngãi Trung,10.0916931,106.5448581,87,Moderate,1,24.5,97,5.2,5.8,304,1008.3,100,24.3,24.4,313.0,14.6,54.0,9.5
2025-10-21 01:00:00,2025,10,21,1,Vĩnh Long,Xã An Ngãi Trung,10.0916931,106.5448581,86,Moderate,1,25.1,96,0.5,5.9,232,1007.4,100,26.0,26.1,258.0,15.9,48.0,9.8
2025-10-21 02:00:00,2025,10,21,2,Vĩnh Long,Xã An Ngãi Trung,10.0916931,106.5448581,85,Moderate,1,24.9,97,0.3,5.8,266,1006.9,100,24.4,24.4,235.0,16.4,44.0,9.9
2025-10-21 03:00:00,2025,10,21,3,Vĩnh Long,Xã An Ngãi Trung,10.0916931,106.5448581,84,Moderate,1,24.5,96,0.1,7.8,226,1006.5,100,23.5,23.5,225.0,16.6,41.0,10.0
2025-10-21 04:00:00,2025,10,21,4,Vĩnh Long,Xã An Ngãi Trung,10.0916931,106.5448581,83,Moderate,1,24.2,97,0.0,7.1,246,1006.6,100,23.4,23.4,218.0,16.8,39.0,10.6
2025-10-21 05:00:00,2025,10,21,5,Vĩnh Long,Xã An Ngãi Trung,10.0916931,106.5448581,82,Moderate,1,24.1,97,0.0,7.1,261,1006.6,100,23.4,23.5,212.0,17.7,34.0,12.5
2025-10-21 06:00:00,2025,10,21,6,Vĩnh Long,Xã An Ngãi Trung,10.0916931,106.5448581,81,Moderate,1,24.3,97,0.0,6.5,262,1007.4,100,24.3,24.4,209.0,18.6,30.0,15.0
2025-10-21 07:00:00,2025,10,21,7,Vĩnh Long,Xã An Ngãi Trung,10.0916931,106.5448581,79,Moderate,1,25.9,93,0.0,10.0,308,1007.2,100,14.1,14.2,207.0,15.1,42.0,13.7
2025-10-21 08:00:00,2025,10,21,8,Vĩnh Long,Xã An Ngãi Trung,10.0916931,106.5448581,77,Moderate,1,27.0,89,0.0,11.1,312,1008.0,100,12.6,12.7,202.0,12.3,56.0,12.7
2025-10-21 09:00:00,2025,10,21,9,Vĩnh Long,Xã An Ngãi Trung,10.0916931,106.5448581,75,Moderate,1,28.0,84,0.0,8.0,326,1008.6,100,13.4,13.6,199.0,8.3,75.0,11.4
2025-10-21 10:00:00,2025,10,21,10,Vĩnh Long,Xã An Ngãi Trung,10.0916931,106.5448581,74,Moderate,1,29.2,80,0.0,7.4,342,1008.3,100,15.0,15.3,203.0,5.2,96.0,10.3
2025-10-21 11:00:00,2025,10,21,11,Vĩnh Long,Xã An Ngãi Trung,10.0916931,106.5448581,73,Moderate,1,30.5,74,0.0,7.9,11,1007.8,100,16.8,17.1,222.0,3.6,119.0,9.7
2025-10-21 12:00:00,2025,10,21,12,Vĩnh Long,Xã An Ngãi Trung,10.0916931,106.5448581,73,Moderate,1,31.3,70,0.0,7.7,9,1006.8,99,17.9,18.1,250.0,2.9,143.0,9.3
2025-10-21 13:00:00,2025,10,21,13,Vĩnh Long,Xã An Ngãi Trung,10.0916931,106.5448581,72,Moderate,1,31.5,67,0.0,6.1,5,1006.1,99,19.8,20.0,273.0,2.7,158.0,9.0
2025-10-21 14:00:00,2025,10,21,14,Vĩnh Long,Xã An Ngãi Trung,10.0916931,106.5448581,72,Moderate,1,31.5,69,0.1,3.8,41,1005.2,98,20.9,21.1,286.0,2.8,158.0,8.6
2025-10-21 15:00:00,2025,10,21,15,Vĩnh Long,Xã An Ngãi Trung,10.0916931,106.5448581,71,Moderate,1,31.0,71,0.0,1.9,107,1004.5,100,21.5,21.6,294.0,3.6,150.0,8.3
2025-10-21 16:00:00,2025,10,21,16,Vĩnh Long,Xã An Ngãi Trung,10.0916931,106.5448581,71,Moderate,1,27.9,82,3.3,1.8,180,1005.1,100,22.5,22.7,307.0,5.5,141.0,8.8
2025-10-21 17:00:00,2025,10,21,17,Vĩnh Long,Xã An Ngãi Trung,10.0916931,106.5448581,88,Moderate,1,27.3,87,0.0,6.6,296,1006.0,100,25.4,25.5,328.0,9.6,134.0,10.8
2025-10-21 18:00:00,2025,10,21,18,Vĩnh Long,Xã An Ngãi Trung,10.0916931,106.5448581,100,Moderate,1,26.4,93,0.0,4.6,324,1006.6,100,33.1,33.2,353.0,14.9,127.0,13.6
2025-10-21 19:00:00,2025,10,21,19,Vĩnh Long,Xã An Ngãi Trung,10.0916931,106.5448581,107,Unhealthy for Sensitive Groups,2,26.9,95,0.0,3.0,287,1006.3,100,41.3,41.3,379.0,18.3,97.0,15.8
2025-10-21 20:00:00,2025,10,21,20,Vĩnh Long,Xã An Ngãi Trung,10.0916931,106.5448581,102,Unhealthy for Sensitive Groups,2,27.0,94,0.0,0.4,180,1007.0,100,37.7,37.7,412.0,17.9,96.0,15.4
2025-10-21 21:00:00,2025,10,21,21,Vĩnh Long,Xã An Ngãi Trung,10.0916931,106.5448581,92,Moderate,1,26.8,95,0.0,1.9,17,1007.8,100,34.1,34.2,446.0,17.5,93.0,14.7
2025-10-21 22:00:00,2025,10,21,22,Vĩnh Long,Xã An Ngãi Trung,10.0916931,106.5448581,78,Moderate,1,26.2,96,0.0,4.6,351,1008.0,100,31.8,31.9,463.0,17.2,90.0,14.0
2025-10-21 23:00:00,2025,10,21,23,Vĩnh Long,Xã An Ngãi Trung,10.0916931,106.5448581,75,Moderate,1,25.9,95,0.0,5.7,9,1008.0,100,31.4,31.4,447.0,17.3,85.0,13.0
2025-10-22 00:00:00,2025,10,22,0,Vĩnh Long,Xã An Ngãi Trung,10.0916931,106.5448581,76,Moderate,1,25.2,94,0.0,3.8,11,1008.0,100,32.4,32.5,413.0,17.6,79.0,11.9
2025-10-22 01:00:00,2025,10,22,1,Vĩnh Long,Xã An Ngãi Trung,10.0916931,106.5448581,76,Moderate,1,25.8,94,0.1,6.8,72,1006.9,100,35.0,35.2,394.0,17.9,74.0,11.1
2025-10-22 02:00:00,2025,10,22,2,Vĩnh Long,Xã An Ngãi Trung,10.0916931,106.5448581,77,Moderate,1,25.7,95,0.0,5.4,60,1006.0,100,36.1,36.2,400.0,18.1,71.0,10.6
2025-10-22 03:00:00,2025,10,22,3,Vĩnh Long,Xã An Ngãi Trung,10.0916931,106.5448581,78,Moderate,1,25.5,95,0.0,4.5,88,1005.9,100,37.1,37.5,420.0,18.4,70.0,10.5
2025-10-22 04:00:00,2025,10,22,4,Vĩnh Long,Xã An Ngãi Trung,10.0916931,106.5448581,80,Moderate,1,25.4,96,0.0,4.8,121,1006.0,100,41.3,41.6,455.0,18.7,68.0,11.0
2025-10-22 05:00:00,2025,10,22,5,Vĩnh Long,Xã An Ngãi Trung,10.0916931,106.5448581,81,Moderate,1,25.2,95,0.0,4.8,121,1006.5,98,45.2,45.3,529.0,19.8,62.0,13.1
2025-10-22 06:00:00,2025,10,22,6,Vĩnh Long,Xã An Ngãi Trung,10.0916931,106.5448581,83,Moderate,1,25.3,94,0.0,4.6,132,1007.4,100,47.8,48.1,618.0,21.1,56.0,15.8
2025-10-22 07:00:00,2025,10,22,7,Vĩnh Long,Xã An Ngãi Trung,10.0916931,106.5448581,85,Moderate,1,26.1,97,0.0,0.4,270,1007.7,99,26.8,26.9,650.0,14.4,70.0,11.4
2025-10-22 08:00:00,2025,10,22,8,Vĩnh Long,Xã An Ngãi Trung,10.0916931,106.5448581,86,Moderate,1,27.8,90,0.1,1.9,124,1008.4,100,19.2,19.4,575.0,11.2,85.0,10.0
2025-10-22 09:00:00,2025,10,22,9,Vĩnh Long,Xã An Ngãi Trung,10.0916931,106.5448581,87,Moderate,1,28.8,88,0.3,2.3,45,1009.0,100,16.2,16.4,443.0,6.7,107.0,8.0
2025-10-22 10:00:00,2025,10,22,10,Vĩnh Long,Xã An Ngãi Trung,10.0916931,106.5448581,87,Moderate,1,29.6,86,0.6,3.3,84,1009.3,100,15.7,15.8,337.0,3.4,125.0,6.4
2025-10-22 11:00:00,2025,10,22,11,Vĩnh Long,Xã An Ngãi Trung,10.0916931,106.5448581,87,Moderate,1,30.1,84,0.8,2.0,80,1008.6,100,16.5,16.7,290.0,2.3,139.0,5.6
2025-10-22 12:00:00,2025,10,22,12,Vĩnh Long,Xã An Ngãi Trung,10.0916931,106.5448581,87,Moderate,1,30.5,78,1.1,3.4,115,1007.6,100,17.9,18.0,269.0,2.5,150.0,5.1
2025-10-22 13:00:00,2025,10,22,13,Vĩnh Long,Xã An Ngãi Trung,10.0916931,106.5448581,87,Moderate,1,30.2,77,4.9,3.5,55,1006.7,100,20.0,20.1,253.0,2.9,152.0,4.7
2025-10-22 14:00:00,2025,10,22,14,Vĩnh Long,Xã An Ngãi Trung,10.0916931,106.5448581,87,Moderate,1,29.7,82,0.6,3.3,96,1005.9,100,21.4,21.5,234.0,3.2,141.0,4.0
2025-10-22 15:00:00,2025,10,22,15,Vĩnh Long,Xã An Ngãi Trung,10.0916931,106.5448581,87,Moderate,1,29.4,81,0.4,6.0,29,1005.6,99,20.3,20.4,221.0,3.9,121.0,3.4
2025-10-22 16:00:00,2025,10,22,16,Vĩnh Long,Xã An Ngãi Trung,10.0916931,106.5448581,87,Moderate,1,28.6,81,1.5,5.0,2,1005.9,99,17.2,17.3,222.0,5.4,103.0,3.4
2025-10-22 17:00:00,2025,10,22,17,Vĩnh Long,Xã An Ngãi Trung,10.0916931,106.5448581,87,Moderate,1,28.0,88,0.0,5.4,2,1006.1,100,17.9,18.1,243.0,8.7,88.0,4.5
2025-10-22 18:00:00,2025,10,22,18,Vĩnh Long,Xã An Ngãi Trung,10.0916931,106.5448581,86,Moderate,1,26.8,94,0.0,4.5,2,1007.0,100,21.5,21.7,278.0,12.9,75.0,6.2
2025-10-22 19:00:00,2025,10,22,19,Vĩnh Long,Xã An Ngãi Trung,10.0916931,106.5448581,85,Moderate,1,26.5,92,0.0,5.1,132,1007.6,100,15.5,15.7,313.0,11.2,65.0,5.1
2025-10-22 20:00:00,2025,10,22,20,Vĩnh Long,Xã An Ngãi Trung,10.0916931,106.5448581,83,Moderate,1,26.6,93,0.0,4.1,135,1008.1,100,15.9,16.1,348.0,11.6,64.0,5.6
2025-10-22 21:00:00,2025,10,22,21,Vĩnh Long,Xã An Ngãi Trung,10.0916931,106.5448581,81,Moderate,1,26.4,94,0.1,4.3,158,1008.4,100,16.1,16.3,383.0,12.1,63.0,6.4
2025-10-22 22:00:00,2025,10,22,22,Vĩnh Long,Xã An Ngãi Trung,10.0916931,106.5448581,79,Moderate,1,25.5,93,2.1,1.3,326,1008.9,92,17.8,18.0,400.0,12.6,63.0,7.1
2025-10-22 23:00:00,2025,10,22,23,Vĩnh Long,Xã An Ngãi Trung,10.0916931,106.5448581,78,Moderate,1,25.2,97,0.3,3.4,18,1008.7,100,16.2,16.4,388.0,12.6,65.0,7.5
2025-10-23 00:00:00,2025,10,23,0,Vĩnh Long,Xã An Ngãi Trung,10.0916931,106.5448581,77,Moderate,1,25.0,97,0.1,4.7,328,1008.4,97,16.8,17.0,358.0,12.5,69.0,7.9
2025-10-23 01:00:00,2025,10,23,1,Vĩnh Long,Xã An Ngãi Trung,10.0916931,106.5448581,75,Moderate,1,25.1,91,3.5,7.9,89,1007.9,99,18.6,18.8,329.0,13.2,69.0,8.4
2025-10-23 02:00:00,2025,10,23,2,Vĩnh Long,Xã An Ngãi Trung,10.0916931,106.5448581,74,Moderate,1,24.9,95,0.5,5.7,238,1007.3,99,22.4,22.5,305.0,15.4,63.0,9.2
2025-10-23 03:00:00,2025,10,23,3,Vĩnh Long,Xã An Ngãi Trung,10.0916931,106.5448581,72,Moderate,1,24.4,97,0.0,3.6,250,1007.1,98,24.8,24.9,281.0,18.3,54.0,10.2
2025-10-23 04:00:00,2025,10,23,4,Vĩnh Long,Xã An Ngãi Trung,10.0916931,106.5448581,71,Moderate,1,24.2,98,0.0,3.6,276,1006.9,98,31.1,31.2,268.0,20.8,47.0,11.5
2025-10-23 05:00:00,2025,10,23,5,Vĩnh Long,Xã An Ngãi Trung,10.0916931,106.5448581,70,Moderate,1,24.0,99,0.0,3.2,313,1007.3,97,37.7,37.8,274.0,23.0,40.0,13.8
2025-10-23 06:00:00,2025,10,23,6,Vĩnh Long,Xã An Ngãi Trung,10.0916931,106.5448581,70,Moderate,1,24.3,99,0.0,4.3,332,1008.2,100,41.1,41.2,290.0,24.9,34.0,16.4
2025-10-23 07:00:00,2025,10,23,7,Vĩnh Long,Xã An Ngãi Trung,10.0916931,106.5448581,69,Moderate,1,25.6,95,0.0,7.8,355,1008.5,99,29.6,29.7,298.0,20.4,43.0,14.3
2025-10-23 08:00:00,2025,10,23,8,Vĩnh Long,Xã An Ngãi Trung,10.0916931,106.5448581,69,Moderate,1,26.9,93,0.1,5.4,346,1008.9,99,30.5,30.7,289.0,18.7,62.0,16.5
2025-10-23 09:00:00,2025,10,23,9,Vĩnh Long,Xã An Ngãi Trung,10.0916931,106.5448581,70,Moderate,1,28.0,91,0.3,3.5,321,1009.5,100,31.4,31.5,273.0,16.3,89.0,19.2
2025-10-23 10:00:00,2025,10,23,10,Vĩnh Long,Xã An Ngãi Trung,10.0916931,106.5448581,72,Moderate,1,28.8,87,0.3,3.1,28,1009.3,100,23.5,23.6,257.0,13.5,110.0,19.8
2025-10-23 11:00:00,2025,10,23,11,Vĩnh Long,Xã An Ngãi Trung,10.0916931,106.5448581,72,Moderate,1,29.7,81,0.2,6.1,78,1008.9,100,16.9,17.1,243.0,9.9,122.0,16.1
2025-10-23 12:00:00,2025,10,23,12,Vĩnh Long,Xã An Ngãi Trung,10.0916931,106.5448581,73,Moderate,1,30.1,76,0.2,10.6,100,1008.4,100,13.8,14.1,231.0,5.8,129.0,10.1
2025-10-23 13:00:00,2025,10,23,13,Vĩnh Long,Xã An Ngãi Trung,10.0916931,106.5448581,72,Moderate,1,29.5,70,0.2,16.7,104,1008.0,100,11.4,12.4,223.0,2.9,131.0,5.4
2025-10-23 14:00:00,2025,10,23,14,Vĩnh Long,Xã An Ngãi Trung,10.0916931,106.5448581,71,Moderate,1,29.1,74,0.0,14.8,100,1006.8,100,10.0,11.7,222.0,1.7,127.0,3.2
2025-10-23 15:00:00,2025,10,23,15,Vĩnh Long,Xã An Ngãi Trung,10.0916931,106.5448581,70,Moderate,1,29.0,74,0.0,18.7,90,1006.2,100,8.8,10.8,227.0,1.7,118.0,2.3
2025-10-23 16:00:00,2025,10,23,16,Vĩnh Long,Xã An Ngãi Trung,10.0916931,106.5448581,69,Moderate,1,28.9,75,0.0,18.3,73,1006.2,100,10.1,13.0,234.0,2.7,109.0,2.1
2025-10-23 17:00:00,2025,10,23,17,Vĩnh Long,Xã An Ngãi Trung,10.0916931,106.5448581,69,Moderate,1,28.0,78,0.0,17.8,66,1006.9,100,12.3,15.2,247.0,5.6,102.0,3.0
2025-10-23 18:00:00,2025,10,23,18,Vĩnh Long,Xã An Ngãi Trung,10.0916931,106.5448581,68,Moderate,1,28.0,79,0.0,18.3,66,1007.6,100,15.3,18.2,262.0,9.4,94.0,4.7
2025-10-23 19:00:00,2025,10,23,19,Vĩnh Long,Xã An Ngãi Trung,10.0916931,106.5448581,68,Moderate,1,27.1,84,0.0,15.4,74,1008.5,100,14.3,17.2,269.0,7.1,88.0,3.6
2025-10-23 20:00:00,2025,10,23,20,Vĩnh Long,Xã An Ngãi Trung,10.0916931,106.5448581,68,Moderate,1,27.5,82,0.0,14.7,79,1008.8,100,14.8,17.9,260.0,6.5,87.0,3.3
2025-10-23 21:00:00,2025,10,23,21,Vĩnh Long,Xã An Ngãi Trung,10.0916931,106.5448581,67,Moderate,1,27.8,81,0.0,14.9,79,1009.6,100,12.9,15.7,242.0,5.8,86.0,2.9
2025-10-23 22:00:00,2025,10,23,22,Vĩnh Long,Xã An Ngãi Trung,10.0916931,106.5448581,67,Moderate,1,27.6,82,0.0,14.6,81,1009.8,100,12.2,15.0,225.0,6.1,83.0,3.0
2025-10-23 23:00:00,2025,10,23,23,Vĩnh Long,Xã An Ngãi Trung,10.0916931,106.5448581,67,Moderate,1,27.1,83,0.1,15.0,74,1009.4,100,13.0,15.7,211.0,7.8,79.0,3.9
2025-10-24 00:00:00,2025,10,24,0,Vĩnh Long,Xã An Ngãi Trung,10.0916931,106.5448581,66,Moderate,1,26.5,84,0.3,13.4,66,1008.9,100,14.7,17.2,197.0,10.4,74.0,5.3
2025-10-24 01:00:00,2025,10,24,1,Vĩnh Long,Xã An Ngãi Trung,10.0916931,106.5448581,66,Moderate,1,26.3,91,0.1,13.1,81,1008.1,100,16.2,18.6,189.0,13.6,68.0,7.3
2025-10-24 02:00:00,2025,10,24,2,Vĩnh Long,Xã An Ngãi Trung,10.0916931,106.5448581,66,Moderate,1,26.5,88,0.1,14.5,76,1007.7,100,17.6,19.8,189.0,17.7,60.0,9.9
2025-10-24 03:00:00,2025,10,24,3,Vĩnh Long,Xã An Ngãi Trung,10.0916931,106.5448581,66,Moderate,1,26.4,87,0.0,14.4,80,1007.0,100,20.6,22.8,194.0,22.3,52.0,13.0
2025-10-24 04:00:00,2025,10,24,4,Vĩnh Long,Xã An Ngãi Trung,10.0916931,106.5448581,65,Moderate,1,26.5,85,0.0,14.2,82,1006.8,100,23.7,26.1,202.0,26.5,45.0,16.3
2025-10-24 05:00:00,2025,10,24,5,Vĩnh Long,Xã An Ngãi Trung,10.0916931,106.5448581,65,Moderate,1,26.5,83,0.3,10.2,73,1007.3,100,27.4,29.6,208.0,30.3,39.0,20.3
2025-10-24 06:00:00,2025,10,24,6,Vĩnh Long,Xã An Ngãi Trung,10.0916931,106.5448581,64,Moderate,1,24.8,94,4.7,4.4,322,1009.1,100,31.2,32.5,217.0,33.6,35.0,24.4
2025-10-24 07:00:00,2025,10,24,7,Vĩnh Long,Xã An Ngãi Trung,10.0916931,106.5448581,63,Moderate,1,25.9,95,1.1,4.4,9,1008.4,100,35.6,36.1,246.0,33.0,36.0,24.3
2025-10-24 08:00:00,2025,10,24,8,Vĩnh Long,Xã An Ngãi Trung,10.0916931,106.5448581,63,Moderate,1,26.6,93,0.2,5.1,10,1009.5,100,37.5,38.0,321.0,29.5,52.0,24.5
2025-10-24 09:00:00,2025,10,24,9,Vĩnh Long,Xã An Ngãi Trung,10.0916931,106.5448581,64,Moderate,1,27.5,92,0.2,3.9,16,1010.0,100,38.4,38.8,415.0,24.6,74.0,24.4
2025-10-24 10:00:00,2025,10,24,10,Vĩnh Long,Xã An Ngãi Trung,10.0916931,106.5448581,65,Moderate,1,28.7,89,0.4,1.7,328,1010.0,99,33.6,34.1,463.0,19.4,90.0,22.5
2025-10-24 11:00:00,2025,10,24,11,Vĩnh Long,Xã An Ngãi Trung,10.0916931,106.5448581,65,Moderate,1,29.5,86,2.4,1.9,112,1009.6,100,24.2,24.8,425.0,13.8,95.0,16.7
2025-10-24 12:00:00,2025,10,24,12,Vĩnh Long,Xã An Ngãi Trung,10.0916931,106.5448581,66,Moderate,1,30.4,77,2.0,8.7,103,1008.6,98,19.3,20.1,342.0,7.9,94.0,9.1
2025-10-24 13:00:00,2025,10,24,13,Vĩnh Long,Xã An Ngãi Trung,10.0916931,106.5448581,67,Moderate,1,28.8,77,9.7,3.6,153,1007.8,98,13.5,14.2,265.0,3.8,91.0,3.4
2025-10-24 14:00:00,2025,10,24,14,Vĩnh Long,Xã An Ngãi Trung,10.0916931,106.5448581,67,Moderate,1,29.2,76,2.9,7.5,130,1006.9,88,11.9,13.6,209.0,2.3,87.0,1.6
2025-10-24 15:00:00,2025,10,24,15,Vĩnh Long,Xã An Ngãi Trung,10.0916931,106.5448581,67,Moderate,1,28.7,79,0.1,12.2,127,1006.5,95,10.1,11.6,160.0,2.5,80.0,1.9
2025-10-24 16:00:00,2025,10,24,16,Vĩnh Long,Xã An Ngãi Trung,10.0916931,106.5448581,67,Moderate,1,28.1,79,0.0,12.0,108,1006.9,69,7.9,9.4,130.0,3.5,74.0,2.5
2025-10-24 17:00:00,2025,10,24,17,Vĩnh Long,Xã An Ngãi Trung,10.0916931,106.5448581,67,Moderate,1,27.3,86,0.0,8.3,106,1007.5,73,8.3,9.8,129.0,5.6,68.0,3.1
2025-10-24 18:00:00,2025,10,24,18,Vĩnh Long,Xã An Ngãi Trung,10.0916931,106.5448581,67,Moderate,1,26.5,89,0.1,5.7,101,1008.3,100,10.3,12.0,147.0,8.7,61.0,4.2
2025-10-24 19:00:00,2025,10,24,19,Vĩnh Long,Xã An Ngãi Trung,10.0916931,106.5448581,66,Moderate,1,25.2,94,0.0,2.5,90,1008.1,98,12.2,13.9,165.0,8.5,59.0,4.0
2025-10-24 20:00:00,2025,10,24,20,Vĩnh Long,Xã An Ngãi Trung,10.0916931,106.5448581,66,Moderate,1,25.3,93,0.0,2.4,132,1008.9,98,12.3,13.9,170.0,8.7,59.0,4.1
2025-10-24 21:00:00,2025,10,24,21,Vĩnh Long,Xã An Ngãi Trung,10.0916931,106.5448581,66,Moderate,1,25.5,92,0.0,1.8,127,1008.9,100,11.5,13.1,176.0,9.1,58.0,4.3
2025-10-24 22:00:00,2025,10,24,22,Vĩnh Long,Xã An Ngãi Trung,10.0916931,106.5448581,66,Moderate,1,25.3,92,0.0,0.8,63,1009.4,100,12.0,13.4,202.0,10.2,56.0,4.8
2025-10-24 23:00:00,2025,10,24,23,Vĩnh Long,Xã An Ngãi Trung,10.0916931,106.5448581,66,Moderate,1,25.0,95,0.0,2.7,332,1009.3,99,14.2,15.4,264.0,12.1,53.0,5.6
2025-10-25 00:00:00,2025,10,25,0,Vĩnh Long,Xã An Ngãi Trung,10.0916931,106.5448581,66,Moderate,1,24.8,96,0.0,5.1,328,1008.9,100,16.1,17.3,348.0,14.6,49.0,6.8
2025-10-25 01:00:00,2025,10,25,1,Vĩnh Long,Xã An Ngãi Trung,10.0916931,106.5448581,66,Moderate,1,24.6,97,0.0,3.7,337,1008.4,100,16.2,17.4,428.0,18.4,44.0,8.7
2025-10-25 02:00:00,2025,10,25,2,Vĩnh Long,Xã An Ngãi Trung,10.0916931,106.5448581,66,Moderate,1,24.5,97,0.0,3.5,15,1007.8,100,17.5,18.7,511.0,24.4,37.0,11.4
2025-10-25 03:00:00,2025,10,25,3,Vĩnh Long,Xã An Ngãi Trung,10.0916931,106.5448581,66,Moderate,1,24.2,98,0.0,2.8,342,1007.3,100,21.3,22.5,592.0,31.6,28.0,14.8
2025-10-25 04:00:00,2025,10,25,4,Vĩnh Long,Xã An Ngãi Trung,10.0916931,106.5448581,66,Moderate,1,24.4,98,0.0,4.8,338,1006.9,100,26.2,27.5,629.0,37.2,22.0,18.9
2025-10-25 05:00:00,2025,10,25,5,Vĩnh Long,Xã An Ngãi Trung,10.0916931,106.5448581,66,Moderate,1,24.5,98,0.1,5.2,316,1007.0,100,32.7,34.0,592.0,40.7,18.0,24.8
2025-10-25 06:00:00,2025,10,25,6,Vĩnh Long,Xã An Ngãi Trung,10.0916931,106.5448581,66,Moderate,1,24.6,97,0.2,6.0,291,1007.8,100,39.3,40.5,512.0,42.7,16.0,31.4
2025-10-25 07:00:00,2025,10,25,7,Vĩnh Long,Xã An Ngãi Trung,10.0916931,106.5448581,67,Moderate,1,25.1,96,0.2,5.6,343,1007.9,100,41.6,41.8,439.0,42.6,25.0,35.9
2025-10-25 08:00:00,2025,10,25,8,Vĩnh Long,Xã An Ngãi Trung,10.0916931,106.5448581,68,Moderate,1,26.1,92,0.0,6.7,351,1008.4,100,35.4,35.6,389.0,36.6,40.0,33.8
2025-10-25 09:00:00,2025,10,25,9,Vĩnh Long,Xã An Ngãi Trung,10.0916931,106.5448581,68,Moderate,1,27.0,87,0.0,10.9,353,1009.1,100,31.9,32.1,347.0,28.2,62.0,30.8
2025-10-25 10:00:00,2025,10,25,10,Vĩnh Long,Xã An Ngãi Trung,10.0916931,106.5448581,67,Moderate,1,27.5,85,0.0,6.1,337,1009.7,100,29.0,29.2,314.0,20.7,84.0,27.3
2025-10-25 11:00:00,2025,10,25,11,Vĩnh Long,Xã An Ngãi Trung,10.0916931,106.5448581,67,Moderate,1,28.2,83,0.1,3.4,288,1009.5,100,25.0,25.1,290.0,15.1,108.0,23.0
2025-10-25 12:00:00,2025,10,25,12,Vĩnh Long,Xã An Ngãi Trung,10.0916931,106.5448581,67,Moderate,1,28.8,80,0.1,4.5,293,1008.3,100,23.4,23.5,276.0,10.4,131.0,18.2
2025-10-25 13:00:00,2025,10,25,13,Vĩnh Long,Xã An Ngãi Trung,10.0916931,106.5448581,67,Moderate,1,29.5,78,0.1,6.1,346,1007.6,100,21.2,21.4,273.0,7.3,142.0,13.9
2025-10-25 14:00:00,2025,10,25,14,Vĩnh Long,Xã An Ngãi Trung,10.0916931,106.5448581,68,Moderate,1,26.6,88,8.9,6.3,309,1007.1,100,21.2,21.4,284.0,6.4,131.0,10.2
2025-10-25 15:00:00,2025,10,25,15,Vĩnh Long,Xã An Ngãi Trung,10.0916931,106.5448581,69,Moderate,1,27.3,87,0.1,3.1,246,1006.8,100,15.0,15.3,306.0,7.2,108.0,6.9
2025-10-25 16:00:00,2025,10,25,16,Vĩnh Long,Xã An Ngãi Trung,10.0916931,106.5448581,69,Moderate,1,27.3,83,1.4,4.9,280,1006.7,100,12.0,12.3,336.0,8.2,87.0,4.7
2025-10-25 17:00:00,2025,10,25,17,Vĩnh Long,Xã An Ngãi Trung,10.0916931,106.5448581,69,Moderate,1,24.9,92,4.6,5.4,180,1007.4,100,10.8,11.5,380.0,9.3,73.0,3.9
2025-10-25 18:00:00,2025,10,25,18,Vĩnh Long,Xã An Ngãi Trung,10.0916931,106.5448581,70,Moderate,1,24.6,95,0.1,4.1,157,1007.8,100,11.8,12.3,432.0,10.6,62.0,4.2
2025-10-25 19:00:00,2025,10,25,19,Vĩnh Long,Xã An Ngãi Trung,10.0916931,106.5448581,70,Moderate,1,23.2,96,0.4,8.3,153,1008.5,100,16.7,17.5,464.0,15.0,49.0,5.7
2025-10-25 20:00:00,2025,10,25,20,Vĩnh Long,Xã An Ngãi Trung,10.0916931,106.5448581,70,Moderate,1,23.6,96,0.5,3.8,211,1009.0,100,14.1,15.0,460.0,12.9,50.0,5.0
2025-10-25 21:00:00,2025,10,25,21,Vĩnh Long,Xã An Ngãi Trung,10.0916931,106.5448581,70,Moderate,1,23.6,96,0.0,4.2,252,1009.6,100,12.9,13.7,437.0,10.0,52.0,4.1
2025-10-25 22:00:00,2025,10,25,22,Vĩnh Long,Xã An Ngãi Trung,10.0916931,106.5448581,70,Moderate,1,23.8,97,0.0,4.4,279,1009.6,100,9.6,10.5,421.0,8.6,52.0,3.7
2025-10-25 23:00:00,2025,10,25,23,Vĩnh Long,Xã An Ngãi Trung,10.0916931,106.5448581,70,Moderate,1,23.8,97,0.0,3.8,311,1009.6,100,11.1,12.1,425.0,9.9,49.0,4.2
2025-10-26 00:00:00,2025,10,26,0,Vĩnh Long,Xã An Ngãi Trung,10.0916931,106.5448581,70,Moderate,1,23.8,97,0.0,2.8,349,1009.4,100,12.8,13.9,437.0,12.5,45.0,5.2
2025-10-26 01:00:00,2025,10,26,1,Vĩnh Long,Xã An Ngãi Trung,10.0916931,106.5448581,70,Moderate,1,23.9,96,0.5,7.6,208,1009.2,100,16.6,17.8,443.0,14.9,40.0,6.1
2025-10-26 02:00:00,2025,10,26,2,Vĩnh Long,Xã An Ngãi Trung,10.0916931,106.5448581,70,Moderate,1,23.4,96,1.4,6.4,162,1009.0,100,20.4,21.5,441.0,16.5,35.0,6.6
2025-10-26 03:00:00,2025,10,26,3,Vĩnh Long,Xã An Ngãi Trung,10.0916931,106.5448581,70,Moderate,1,23.5,96,3.1,4.7,208,1008.4,100,21.1,22.1,433.0,17.7,31.0,7.1
2025-10-26 04:00:00,2025,10,26,4,Vĩnh Long,Xã An Ngãi Trung,10.0916931,106.5448581,70,Moderate,1,23.6,96,2.8,6.5,257,1007.8,100,21.8,22.9,417.0,18.4,28.0,7.7
2025-10-26 05:00:00,2025,10,26,5,Vĩnh Long,Xã An Ngãi Trung,10.0916931,106.5448581,69,Moderate,1,23.8,97,1.7,5.8,263,1007.7,100,22.7,23.8,386.0,18.6,26.0,8.8
2025-10-26 06:00:00,2025,10,26,6,Vĩnh Long,Xã An Ngãi Trung,10.0916931,106.5448581,69,Moderate,1,23.8,97,1.2,3.0,253,1008.4,100,24.9,26.1,347.0,18.2,27.0,10.0
2025-10-26 07:00:00,2025,10,26,7,Vĩnh Long,Xã An Ngãi Trung,10.0916931,106.5448581,67,Moderate,1,24.2,96,1.0,6.6,281,1009.1,100,25.5,26.9,320.0,16.8,31.0,8.1
2025-10-26 08:00:00,2025,10,26,8,Vĩnh Long,Xã An Ngãi Trung,10.0916931,106.5448581,66,Moderate,1,25.0,94,0.3,6.0,280,1009.8,85,19.7,21.4,317.0,15.7,38.0,8.3
2025-10-26 09:00:00,2025,10,26,9,Vĩnh Long,Xã An Ngãi Trung,10.0916931,106.5448581,64,Moderate,1,26.7,89,0.3,5.0,270,1010.4,100,16.6,18.6,326.0,14.2,48.0,8.6
2025-10-26 10:00:00,2025,10,26,10,Vĩnh Long,Xã An Ngãi Trung,10.0916931,106.5448581,63,Moderate,1,27.2,87,0.0,4.9,260,1010.4,100,15.0,17.4,334.0,12.8,57.0,8.7
2025-10-26 11:00:00,2025,10,26,11,Vĩnh Long,Xã An Ngãi Trung,10.0916931,106.5448581,62,Moderate,1,28.1,81,0.0,5.5,251,1009.7,100,14.1,16.2,335.0,11.9,66.0,8.3
2025-10-26 12:00:00,2025,10,26,12,Vĩnh Long,Xã An Ngãi Trung,10.0916931,106.5448581,61,Moderate,1,28.7,78,0.0,5.0,232,1009.1,99,13.2,14.9,335.0,11.2,74.0,7.7
2025-10-26 13:00:00,2025,10,26,13,Vĩnh Long,Xã An Ngãi Trung,10.0916931,106.5448581,60,Moderate,1,29.0,77,0.1,6.6,221,1008.1,100,13.8,15.3,333.0,10.5,79.0,7.1
2025-10-26 14:00:00,2025,10,26,14,Vĩnh Long,Xã An Ngãi Trung,10.0916931,106.5448581,59,Moderate,1,28.9,77,0.0,8.4,217,1007.1,94,13.1,14.6,321.0,9.2,81.0,6.3
2025-10-26 15:00:00,2025,10,26,15,Vĩnh Long,Xã An Ngãi Trung,10.0916931,106.5448581,59,Moderate,1,28.6,78,0.1,7.1,218,1006.4,99,12.3,13.6,307.0,8.0,80.0,5.6
2025-10-26 16:00:00,2025,10,26,16,Vĩnh Long,Xã An Ngãi Trung,10.0916931,106.5448581,58,Moderate,1,28.0,79,0.2,7.3,205,1006.5,100,11.5,13.0,319.0,8.5,76.0,5.5
2025-10-26 17:00:00,2025,10,26,17,Vĩnh Long,Xã An Ngãi Trung,10.0916931,106.5448581,58,Moderate,1,27.4,87,0.0,2.3,238,1006.9,100,12.3,13.9,372.0,12.0,67.0,6.5
2025-10-26 18:00:00,2025,10,26,18,Vĩnh Long,Xã An Ngãi Trung,10.0916931,106.5448581,58,Moderate,1,26.7,89,0.0,0.4,360,1007.7,100,18.2,20.3,451.0,17.2,55.0,8.2
2025-10-26 19:00:00,2025,10,26,19,Vĩnh Long,Xã An Ngãi Trung,10.0916931,106.5448581,59,Moderate,1,26.1,88,0.0,2.2,104,1008.4,99,38.9,39.7,530.0,27.4,61.0,17.4
2025-10-26 20:00:00,2025,10,26,20,Vĩnh Long,Xã An Ngãi Trung,10.0916931,106.5448581,61,Moderate,1,26.2,87,0.0,1.0,121,1009.1,96,47.5,49.9,613.0,31.9,51.0,19.8
2025-10-26 21:00:00,2025,10,26,21,Vĩnh Long,Xã An Ngãi Trung,10.0916931,106.5448581,64,Moderate,1,25.7,89,0.0,1.7,257,1010.0,55,51.2,54.1,696.0,37.8,38.0,23.0
2025-10-26 22:00:00,2025,10,26,22,Vĩnh Long,Xã An Ngãi Trung,10.0916931,106.5448581,67,Moderate,1,25.1,95,0.4,6.9,319,1010.2,73,57.3,60.3,747.0,40.7,29.0,24.9
2025-10-26 23:00:00,2025,10,26,23,Vĩnh Long,Xã An Ngãi Trung,10.0916931,106.5448581,72,Moderate,1,23.7,97,1.4,12.7,347,1010.4,100,49.2,52.0,754.0,37.6,30.0,24.2
2025-10-27 00:00:00,2025,10,27,0,Vĩnh Long,Xã An Ngãi Trung,10.0916931,106.5448581,75,Moderate,1,24.1,94,0.2,5.2,354,1010.2,83,46.2,48.4,728.0,31.4,36.0,22.1
2025-10-27 01:00:00,2025,10,27,1,Vĩnh Long,Xã An Ngãi Trung,10.0916931,106.5448581,78,Moderate,1,23.9,96,0.0,4.4,305,1009.3,69,38.9,39.3,667.0,26.3,40.0,20.6
2025-10-27 02:00:00,2025,10,27,2,Vĩnh Long,Xã An Ngãi Trung,10.0916931,106.5448581,80,Moderate,1,23.2,97,0.0,2.5,262,1008.9,48,36.4,36.6,543.0,24.1,40.0,20.5
2025-10-27 03:00:00,2025,10,27,3,Vĩnh Long,Xã An Ngãi Trung,10.0916931,106.5448581,81,Moderate,1,23.3,97,0.0,3.9,332,1008.6,90,35.3,35.4,384.0,23.0,38.0,20.8
2025-10-27 04:00:00,2025,10,27,4,Vĩnh Long,Xã An Ngãi Trung,10.0916931,106.5448581,83,Moderate,1,23.0,97,0.0,2.7,318,1008.7,98,33.9,33.9,266.0,21.8,38.0,20.8
2025-10-27 05:00:00,2025,10,27,5,Vĩnh Long,Xã An Ngãi Trung,10.0916931,106.5448581,84,Moderate,1,23.0,97,0.0,3.1,332,1008.9,97,32.9,33.1,228.0,20.3,38.0,20.1
2025-10-27 06:00:00,2025,10,27,6,Vĩnh Long,Xã An Ngãi Trung,10.0916931,106.5448581,85,Moderate,1,23.1,98,0.0,3.3,331,1009.3,74,33.2,33.2,231.0,18.8,40.0,19.1
2025-10-27 07:00:00,2025,10,27,7,Vĩnh Long,Xã An Ngãi Trung,10.0916931,106.5448581,85,Moderate,1,24.5,93,0.0,7.9,303,1009.8,98,28.8,28.9,233.0,16.5,45.0,21.7
2025-10-27 08:00:00,2025,10,27,8,Vĩnh Long,Xã An Ngãi Trung,10.0916931,106.5448581,86,Moderate,1,26.0,87,0.0,9.2,305,1010.0,100,21.1,21.1,218.0,12.7,63.0,18.2
2025-10-27 09:00:00,2025,10,27,9,Vĩnh Long,Xã An Ngãi Trung,10.0916931,106.5448581,86,Moderate,1,27.2,82,0.1,7.7,323,1010.2,94,16.5,16.5,201.0,7.5,87.0,13.3
2025-10-27 10:00:00,2025,10,27,10,Vĩnh Long,Xã An Ngãi Trung,10.0916931,106.5448581,86,Moderate,1,28.4,77,0.1,7.7,339,1009.9,93,12.0,12.1,190.0,3.7,105.0,9.4
2025-10-27 11:00:00,2025,10,27,11,Vĩnh Long,Xã An Ngãi Trung,10.0916931,106.5448581,85,Moderate,1,29.2,75,0.0,6.6,323,1009.0,75,10.1,10.1,187.0,2.5,112.0,7.6
2025-10-27 12:00:00,2025,10,27,12,Vĩnh Long,Xã An Ngãi Trung,10.0916931,106.5448581,85,Moderate,1,29.8,75,0.0,5.7,305,1007.9,69,9.3,9.3,189.0,2.7,112.0,6.8
2025-10-27 13:00:00,2025,10,27,13,Vĩnh Long,Xã An Ngãi Trung,10.0916931,106.5448581,85,Moderate,1,30.6,69,0.1,12.7,306,1007.4,90,8.8,8.8,192.0,3.2,111.0,6.5
2025-10-27 14:00:00,2025,10,27,14,Vĩnh Long,Xã An Ngãi Trung,10.0916931,106.5448581,84,Moderate,1,29.5,74,3.0,4.6,306,1006.2,87,9.7,9.8,195.0,3.1,110.0,6.2
2025-10-27 15:00:00,2025,10,27,15,Vĩnh Long,Xã An Ngãi Trung,10.0916931,106.5448581,84,Moderate,1,25.9,86,16.9,11.3,13,1007.1,99,10.9,10.9,199.0,3.4,106.0,6.4
2025-10-27 16:00:00,2025,10,27,16,Vĩnh Long,Xã An Ngãi Trung,10.0916931,106.5448581,84,Moderate,1,24.8,93,7.0,3.9,164,1006.8,98,11.6,11.6,209.0,5.8,99.0,7.4
2025-10-27 17:00:00,2025,10,27,17,Vĩnh Long,Xã An Ngãi Trung,10.0916931,106.5448581,84,Moderate,1,25.2,94,3.5,7.2,231,1008.0,100,14.8,14.8,227.0,12.2,85.0,9.8
2025-10-27 18:00:00,2025,10,27,18,Vĩnh Long,Xã An Ngãi Trung,10.0916931,106.5448581,84,Moderate,1,24.8,95,1.6,8.1,273,1008.6,100,22.2,22.2,251.0,20.8,67.0,13.0
2025-10-27 19:00:00,2025,10,27,19,Vĩnh Long,Xã An Ngãi Trung,10.0916931,106.5448581,84,Moderate,1,25.9,94,0.6,5.0,19,1008.3,66,25.5,25.6,274.0,21.0,40.0,13.3
2025-10-27 20:00:00,2025,10,27,20,Vĩnh Long,Xã An Ngãi Trung,10.0916931,106.5448581,83,Moderate,1,25.5,93,0.1,1.1,9,1008.9,100,29.2,29.3,297.0,23.8,35.0,15.4
2025-10-27 21:00:00,2025,10,27,21,Vĩnh Long,Xã An Ngãi Trung,10.0916931,106.5448581,82,Moderate,1,25.5,92,0.0,1.0,338,1009.5,93,32.6,32.7,321.0,27.6,28.0,18.3
2025-10-27 22:00:00,2025,10,27,22,Vĩnh Long,Xã An Ngãi Trung,10.0916931,106.5448581,80,Moderate,1,25.2,93,0.0,1.3,270,1009.5,100,35.9,35.9,336.0,29.7,23.0,20.1
2025-10-27 23:00:00,2025,10,27,23,Vĩnh Long,Xã An Ngãi Trung,10.0916931,106.5448581,78,Moderate,1,25.2,93,0.0,1.8,270,1009.2,99,36.1,36.1,339.0,28.8,23.0,19.7
2025-10-28 00:00:00,2025,10,28,0,Vĩnh Long,Xã An Ngãi Trung,10.0916931,106.5448581,77,Moderate,1,24.9,94,0.0,3.1,291,1008.8,100,33.3,33.3,334.0,26.4,26.0,18.2
2025-10-28 01:00:00,2025,10,28,1,Vĩnh Long,Xã An Ngãi Trung,10.0916931,106.5448581,76,Moderate,1,25.2,95,0.0,5.2,248,1008.1,100,29.2,29.2,329.0,23.8,29.0,16.6
2025-10-28 02:00:00,2025,10,28,2,Vĩnh Long,Xã An Ngãi Trung,10.0916931,106.5448581,75,Moderate,1,24.6,96,1.5,5.3,305,1007.9,100,27.4,27.4,327.0,21.3,32.0,14.9
2025-10-28 03:00:00,2025,10,28,3,Vĩnh Long,Xã An Ngãi Trung,10.0916931,106.5448581,74,Moderate,1,24.6,96,0.7,7.1,263,1007.8,100,26.7,26.8,326.0,18.7,36.0,13.0
2025-10-28 04:00:00,2025,10,28,4,Vĩnh Long,Xã An Ngãi Trung,10.0916931,106.5448581,73,Moderate,1,24.4,95,0.9,6.2,240,1007.5,100,25.7,25.7,327.0,17.0,38.0,12.0
2025-10-28 05:00:00,2025,10,28,5,Vĩnh Long,Xã An Ngãi Trung,10.0916931,106.5448581,73,Moderate,1,24.3,96,0.0,5.4,250,1007.6,100,26.0,26.0,332.0,17.0,37.0,12.5
2025-10-28 06:00:00,2025,10,28,6,Vĩnh Long,Xã An Ngãi Trung,10.0916931,106.5448581,72,Moderate,1,24.4,97,0.0,4.3,253,1008.2,100,27.4,27.4,339.0,17.8,36.0,13.9
2025-10-28 07:00:00,2025,10,28,7,Vĩnh Long,Xã An Ngãi Trung,10.0916931,106.5448581,72,Moderate,1,25.5,94,0.0,6.7,294,1008.8,100,30.2,30.3,340.0,16.7,40.0,14.2
2025-10-28 08:00:00,2025,10,28,8,Vĩnh Long,Xã An Ngãi Trung,10.0916931,106.5448581,72,Moderate,1,26.1,90,0.1,10.2,298,1009.3,100,24.5,24.6,330.0,13.4,58.0,13.2
2025-10-28 09:00:00,2025,10,28,9,Vĩnh Long,Xã An Ngãi Trung,10.0916931,106.5448581,72,Moderate,1,26.4,87,0.2,9.9,295,1009.8,100,23.2,23.3,315.0,8.8,82.0,11.7
2025-10-28 10:00:00,2025,10,28,10,Vĩnh Long,Xã An Ngãi Trung,10.0916931,106.5448581,73,Moderate,1,27.2,88,0.1,7.0,271,1009.7,100,16.4,16.4,300.0,5.4,99.0,10.1
2025-10-28 11:00:00,2025,10,28,11,Vĩnh Long,Xã An Ngãi Trung,10.0916931,106.5448581,73,Moderate,1,27.9,86,0.3,5.0,249,1009.0,99,15.0,15.0,286.0,4.2,103.0,8.4
2025-10-28 12:00:00,2025,10,28,12,Vĩnh Long,Xã An Ngãi Trung,10.0916931,106.5448581,73,Moderate,1,28.5,82,0.4,5.2,239,1007.6,100,14.4,14.4,273.0,4.1,101.0,6.7
2025-10-28 13:00:00,2025,10,28,13,Vĩnh Long,Xã An Ngãi Trung,10.0916931,106.5448581,74,Moderate,1,26.7,86,6.2,11.4,273,1007.2,100,14.4,14.4,264.0,4.4,98.0,5.5
2025-10-28 14:00:00,2025,10,28,14,Vĩnh Long,Xã An Ngãi Trung,10.0916931,106.5448581,74,Moderate,1,26.9,86,0.2,4.1,229,1006.4,100,14.8,14.8,260.0,4.5,98.0,4.9
2025-10-28 15:00:00,2025,10,28,15,Vĩnh Long,Xã An Ngãi Trung,10.0916931,106.5448581,75,Moderate,1,26.7,87,0.4,4.5,230,1006.1,100,14.2,14.3,260.0,5.0,97.0,4.8
2025-10-28 16:00:00,2025,10,28,16,Vĩnh Long,Xã An Ngãi Trung,10.0916931,106.5448581,75,Moderate,1,26.8,88,0.5,2.0,260,1006.2,100,13.9,13.9,267.0,6.6,92.0,5.3
2025-10-28 17:00:00,2025,10,28,17,Vĩnh Long,Xã An Ngãi Trung,10.0916931,106.5448581,75,Moderate,1,25.2,94,3.5,4.2,340,1007.1,100,15.2,15.2,286.0,10.4,79.0,6.7
2025-10-28 18:00:00,2025,10,28,18,Vĩnh Long,Xã An Ngãi Trung,10.0916931,106.5448581,75,Moderate,1,25.0,96,1.4,5.9,268,1007.8,100,18.7,18.7,313.0,15.2,63.0,8.7
2025-10-28 19:00:00,2025,10,28,19,Vĩnh Long,Xã An Ngãi Trung,10.0916931,106.5448581,75,Moderate,1,25.0,95,2.4,7.1,311,1007.9,100,22.2,22.2,331.0,18.5,57.0,10.0
2025-10-28 20:00:00,2025,10,28,20,Vĩnh Long,Xã An Ngãi Trung,10.0916931,106.5448581,75,Moderate,1,25.0,94,1.1,6.4,278,1008.7,100,19.7,19.7,335.0,18.2,53.0,10.4
2025-10-28 21:00:00,2025,10,28,21,Vĩnh Long,Xã An Ngãi Trung,10.0916931,106.5448581,74,Moderate,1,24.8,96,2.9,8.3,275,1009.1,100,20.0,20.0,330.0,17.9,48.0,10.9
2025-10-28 22:00:00,2025,10,28,22,Vĩnh Long,Xã An Ngãi Trung,10.0916931,106.5448581,73,Moderate,1,24.5,96,2.7,5.0,255,1009.1,100,20.3,20.3,325.0,18.4,42.0,11.8
2025-10-28 23:00:00,2025,10,28,23,Vĩnh Long,Xã An Ngãi Trung,10.0916931,106.5448581,71,Moderate,1,24.4,97,0.8,2.5,278,1008.5,100,22.1,22.1,321.0,20.7,34.0,13.4
2025-10-29 00:00:00,2025,10,29,0,Vĩnh Long,Xã An Ngãi Trung,10.0916931,106.5448581,70,Moderate,1,24.3,97,0.4,4.5,304,1007.9,100,23.9,23.9,316.0,23.9,26.0,15.3
2025-10-29 01:00:00,2025,10,29,1,Vĩnh Long,Xã An Ngãi Trung,10.0916931,106.5448581,69,Moderate,1,24.9,92,0.1,6.0,265,1007.6,100,22.6,22.6,308.0,26.2,20.0,16.5
2025-10-29 02:00:00,2025,10,29,2,Vĩnh Long,Xã An Ngãi Trung,10.0916931,106.5448581,69,Moderate,1,24.7,94,0.3,7.0,271,1006.9,100,21.8,21.8,292.0,26.8,17.0,16.3
2025-10-29 03:00:00,2025,10,29,3,Vĩnh Long,Xã An Ngãi Trung,10.0916931,106.5448581,68,Moderate,1,24.5,96,0.2,3.1,315,1006.5,100,19.6,19.6,272.0,26.5,16.0,15.5
2025-10-29 04:00:00,2025,10,29,4,Vĩnh Long,Xã An Ngãi Trung,10.0916931,106.5448581,68,Moderate,1,24.4,97,0.2,3.3,319,1006.3,100,18.0,18.1,261.0,26.2,17.0,15.2
2025-10-29 05:00:00,2025,10,29,5,Vĩnh Long,Xã An Ngãi Trung,10.0916931,106.5448581,67,Moderate,1,24.2,97,0.0,3.7,325,1006.8,100,18.3,18.3,267.0,26.7,18.0,16.1
2025-10-29 06:00:00,2025,10,29,6,Vĩnh Long,Xã An Ngãi Trung,10.0916931,106.5448581,66,Moderate,1,24.4,94,0.3,2.7,23,1007.7,100,19.3,19.3,282.0,27.1,22.0,17.6
2025-10-29 07:00:00,2025,10,29,7,Vĩnh Long,Xã An Ngãi Trung,10.0916931,106.5448581,65,Moderate,1,24.9,95,0.5,5.8,20,1008.0,100,24.8,24.9,288.0,26.0,50.0,20.1
2025-10-29 08:00:00,2025,10,29,8,Vĩnh Long,Xã An Ngãi Trung,10.0916931,106.5448581,65,Moderate,1,26.0,92,0.0,5.2,41,1008.4,100,20.6,20.7,277.0,21.1,60.0,16.3
2025-10-29 09:00:00,2025,10,29,9,Vĩnh Long,Xã An Ngãi Trung,10.0916931,106.5448581,65,Moderate,1,27.0,90,0.0,5.1,54,1008.6,100,16.9,17.1,258.0,14.4,75.0,11.0
2025-10-29 10:00:00,2025,10,29,10,Vĩnh Long,Xã An Ngãi Trung,10.0916931,106.5448581,64,Moderate,1,28.1,87,0.0,6.5,96,1008.5,100,12.4,13.0,241.0,8.9,87.0,6.9
2025-10-29 11:00:00,2025,10,29,11,Vĩnh Long,Xã An Ngãi Trung,10.0916931,106.5448581,64,Moderate,1,28.8,82,0.2,4.8,110,1008.2,100,10.2,10.9,228.0,5.9,94.0,4.9
2025-10-29 12:00:00,2025,10,29,12,Vĩnh Long,Xã An Ngãi Trung,10.0916931,106.5448581,63,Moderate,1,29.0,78,2.0,6.3,143,1006.8,100,8.1,8.9,216.0,4.1,98.0,4.1
2025-10-29 13:00:00,2025,10,29,13,Vĩnh Long,Xã An Ngãi Trung,10.0916931,106.5448581,63,Moderate,1,27.4,82,0.1,14.0,144,1006.5,100,8.0,8.7,208.0,3.1,102.0,3.7
2025-10-29 14:00:00,2025,10,29,14,Vĩnh Long,Xã An Ngãi Trung,10.0916931,106.5448581,62,Moderate,1,26.8,88,4.1,4.5,137,1005.9,100,7.6,7.8,204.0,2.7,110.0,3.6
2025-10-29 15:00:00,2025,10,29,15,Vĩnh Long,Xã An Ngãi Trung,10.0916931,106.5448581,62,Moderate,1,27.2,87,0.3,6.2,131,1005.4,100,7.7,7.9,203.0,3.0,119.0,3.9
2025-10-29 16:00:00,2025,10,29,16,Vĩnh Long,Xã An Ngãi Trung,10.0916931,106.5448581,61,Moderate,1,27.4,85,0.2,8.3,141,1005.4,100,9.8,10.0,207.0,4.4,120.0,4.4
2025-10-29 17:00:00,2025,10,29,17,Vĩnh Long,Xã An Ngãi Trung,10.0916931,106.5448581,61,Moderate,1,26.7,89,0.2,6.1,161,1006.4,100,11.6,11.7,218.0,7.3,107.0,4.8
2025-10-29 18:00:00,2025,10,29,18,Vĩnh Long,Xã An Ngãi Trung,10.0916931,106.5448581,60,Moderate,1,24.8,95,5.9,6.9,187,1007.5,100,15.2,15.3,234.0,11.1,87.0,5.4
2025-10-29 19:00:00,2025,10,29,19,Vĩnh Long,Xã An Ngãi Trung,10.0916931,106.5448581,60,Moderate,1,25.4,93,2.4,3.5,141,1006.8,93,14.5,14.8,251.0,13.3,62.0,8.7
2025-10-29 20:00:00,2025,10,29,20,Vĩnh Long,Xã An Ngãi Trung,10.0916931,106.5448581,59,Moderate,1,25.4,93,0.0,3.1,100,1007.8,88,18.8,19.0,271.0,15.6,54.0,9.6
2025-10-29 21:00:00,2025,10,29,21,Vĩnh Long,Xã An Ngãi Trung,10.0916931,106.5448581,59,Moderate,1,25.4,94,0.0,3.8,90,1008.0,99,21.9,22.5,293.0,18.7,43.0,10.8
2025-10-29 22:00:00,2025,10,29,22,Vĩnh Long,Xã An Ngãi Trung,10.0916931,106.5448581,59,Moderate,1,25.2,94,0.0,4.2,95,1008.1,100,24.7,25.6,309.0,20.8,34.0,11.6
2025-10-29 23:00:00,2025,10,29,23,Vĩnh Long,Xã An Ngãi Trung,10.0916931,106.5448581,60,Moderate,1,25.4,93,0.1,1.4,130,1007.7,100,25.5,26.3,310.0,21.0,31.0,11.5
2025-10-30 00:00:00,2025,10,30,0,Vĩnh Long,Xã An Ngãi Trung,10.0916931,106.5448581,60,Moderate,1,24.8,96,0.0,4.3,225,1007.5,100,22.9,23.9,304.0,20.3,32.0,11.0
2025-10-30 01:00:00,2025,10,30,1,Vĩnh Long,Xã An Ngãi Trung,10.0916931,106.5448581,60,Moderate,1,24.8,98,0.0,6.3,243,1007.6,100,22.5,23.5,311.0,19.6,31.0,10.5
2025-10-30 02:00:00,2025,10,30,2,Vĩnh Long,Xã An Ngãi Trung,10.0916931,106.5448581,60,Moderate,1,24.9,97,0.0,6.3,235,1006.8,100,21.8,22.6,349.0,19.5,28.0,10.1
2025-10-30 03:00:00,2025,10,30,3,Vĩnh Long,Xã An Ngãi Trung,10.0916931,106.5448581,60,Moderate,1,24.8,96,0.0,7.9,225,1006.7,100,21.2,21.9,400.0,19.4,24.0,9.7
2025-10-30 04:00:00,2025,10,30,4,Vĩnh Long,Xã An Ngãi Trung,10.0916931,106.5448581,60,Moderate,1,24.6,97,0.0,7.3,228,1007.1,100,21.8,22.5,429.0,18.8,22.0,9.4
2025-10-30 05:00:00,2025,10,30,5,Vĩnh Long,Xã An Ngãi Trung,10.0916931,106.5448581,60,Moderate,1,24.5,98,0.0,4.7,238,1007.5,100,22.2,22.9,415.0,17.5,23.0,9.3
2025-10-30 06:00:00,2025,10,30,6,Vĩnh Long,Xã An Ngãi Trung,10.0916931,106.5448581,61,Moderate,1,24.4,99,0.0,4.9,208,1008.0,100,21.5,22.1,379.0,15.8,26.0,9.3
2025-10-30 07:00:00,2025,10,30,7,Vĩnh Long,Xã An Ngãi Trung,10.0916931,106.5448581,61,Moderate,1,25.7,96,0.0,8.9,205,1008.6,100,10.4,10.8,348.0,13.2,35.0,8.7
2025-10-30 08:00:00,2025,10,30,8,Vĩnh Long,Xã An Ngãi Trung,10.0916931,106.5448581,60,Moderate,1,26.1,94,0.1,8.5,182,1009.6,100,9.1,9.4,336.0,12.4,46.0,10.3
2025-10-30 09:00:00,2025,10,30,9,Vĩnh Long,Xã An Ngãi Trung,10.0916931,106.5448581,59,Moderate,1,26.4,95,0.0,7.9,207,1010.0,100,9.6,9.7,331.0,11.4,61.0,12.4
2025-10-30 10:00:00,2025,10,30,10,Vĩnh Long,Xã An Ngãi Trung,10.0916931,106.5448581,58,Moderate,1,27.4,91,0.0,9.3,208,1010.1,100,12.6,12.6,319.0,10.1,74.0,13.7
2025-10-30 11:00:00,2025,10,30,11,Vĩnh Long,Xã An Ngãi Trung,10.0916931,106.5448581,58,Moderate,1,28.0,86,0.1,10.4,201,1009.7,100,11.2,11.2,293.0,8.5,86.0,13.4
2025-10-30 12:00:00,2025,10,30,12,Vĩnh Long,Xã An Ngãi Trung,10.0916931,106.5448581,58,Moderate,1,28.6,83,0.1,10.4,208,1009.1,100,10.9,10.9,261.0,6.7,96.0,12.3
2025-10-30 13:00:00,2025,10,30,13,Vĩnh Long,Xã An Ngãi Trung,10.0916931,106.5448581,58,Moderate,1,28.3,79,0.3,11.7,236,1008.8,100,10.9,10.9,239.0,5.6,100.0,11.0
2025-10-30 14:00:00,2025,10,30,14,Vĩnh Long,Xã An Ngãi Trung,10.0916931,106.5448581,59,Moderate,1,28.4,78,0.5,10.5,215,1008.0,100,10.6,10.7,234.0,5.3,94.0,9.3
2025-10-30 15:00:00,2025,10,30,15,Vĩnh Long,Xã An Ngãi Trung,10.0916931,106.5448581,59,Moderate,1,28.1,81,0.2,13.3,216,1007.2,100,10.3,10.4,239.0,5.8,83.0,7.5
2025-10-30 16:00:00,2025,10,30,16,Vĩnh Long,Xã An Ngãi Trung,10.0916931,106.5448581,59,Moderate,1,28.2,79,0.1,10.0,213,1007.2,99,10.0,10.4,244.0,7.3,71.0,6.5
2025-10-30 17:00:00,2025,10,30,17,Vĩnh Long,Xã An Ngãi Trung,10.0916931,106.5448581,59,Moderate,1,27.4,83,0.0,8.4,208,1007.8,100,10.2,10.8,246.0,10.8,60.0,7.1
2025-10-30 18:00:00,2025,10,30,18,Vĩnh Long,Xã An Ngãi Trung,10.0916931,106.5448581,59,Moderate,1,26.4,89,0.0,4.3,213,1008.5,100,14.2,15.3,249.0,15.3,50.0,8.6
2025-10-30 19:00:00,2025,10,30,19,Vĩnh Long,Xã An Ngãi Trung,10.0916931,106.5448581,59,Moderate,1,26.5,90,0.0,3.5,219,1009.0,96,22.3,23.5,257.0,20.5,43.0,10.0
2025-10-30 20:00:00,2025,10,30,20,Vĩnh Long,Xã An Ngãi Trung,10.0916931,106.5448581,60,Moderate,1,26.3,92,0.0,2.9,223,1010.0,100,24.2,25.4,276.0,21.4,39.0,10.8
2025-10-30 21:00:00,2025,10,30,21,Vĩnh Long,Xã An Ngãi Trung,10.0916931,106.5448581,60,Moderate,1,26.0,93,0.1,4.1,203,1010.7,98,24.4,25.6,299.0,22.7,34.0,11.8
2025-10-30 22:00:00,2025,10,30,22,Vĩnh Long,Xã An Ngãi Trung,10.0916931,106.5448581,60,Moderate,1,25.6,94,0.4,3.6,99,1011.1,98,29.0,30.4,310.0,24.0,29.0,12.4
2025-10-30 23:00:00,2025,10,30,23,Vĩnh Long,Xã An Ngãi Trung,10.0916931,106.5448581,61,Moderate,1,24.3,97,5.4,9.4,318,1011.4,99,35.2,36.4,297.0,25.6,25.0,12.2
2025-10-31 00:00:00,2025,10,31,0,Vĩnh Long,Xã An Ngãi Trung,10.0916931,106.5448581,62,Moderate,1,24.3,98,1.9,3.9,118,1010.9,100,38.9,40.2,271.0,27.3,22.0,11.6
2025-10-31 01:00:00,2025,10,31,1,Vĩnh Long,Xã An Ngãi Trung,10.0916931,106.5448581,63,Moderate,1,24.8,96,0.1,5.6,140,1010.2,98,34.9,36.2,250.0,27.3,20.0,10.7
2025-10-31 02:00:00,2025,10,31,2,Vĩnh Long,Xã An Ngãi Trung,10.0916931,106.5448581,64,Moderate,1,24.6,96,0.1,4.0,162,1009.9,99,34.8,36.2,240.0,24.4,21.0,9.2
2025-10-31 03:00:00,2025,10,31,3,Vĩnh Long,Xã An Ngãi Trung,10.0916931,106.5448581,65,Moderate,1,24.5,95,0.0,1.6,297,1009.9,56,31.5,32.8,236.0,20.0,25.0,7.4
2025-10-31 04:00:00,2025,10,31,4,Vĩnh Long,Xã An Ngãi Trung,10.0916931,106.5448581,66,Moderate,1,24.0,98,0.0,2.2,48,1009.7,55,22.8,24.0,239.0,16.2,28.0,6.1
2025-10-31 05:00:00,2025,10,31,5,Vĩnh Long,Xã An Ngãi Trung,10.0916931,106.5448581,66,Moderate,1,24.1,97,0.0,4.7,130,1010.2,66,20.2,21.5,258.0,14.2,29.0,5.8
2025-10-31 06:00:00,2025,10,31,6,Vĩnh Long,Xã An Ngãi Trung,10.0916931,106.5448581,66,Moderate,1,24.2,96,0.1,5.1,157,1010.7,16,18.6,19.8,284.0,12.8,31.0,6.0
2025-10-31 07:00:00,2025,10,31,7,Vĩnh Long,Xã An Ngãi Trung,10.0916931,106.5448581,66,Moderate,1,26.4,92,0.0,6.0,197,1011.2,40,13.1,13.9,288.0,9.4,38.0,5.1
2025-10-31 08:00:00,2025,10,31,8,Vĩnh Long,Xã An Ngãi Trung,10.0916931,106.5448581,66,Moderate,1,27.9,85,0.0,7.4,151,1011.8,19,8.6,9.9,245.0,7.3,53.0,4.6
2025-10-31 09:00:00,2025,10,31,9,Vĩnh Long,Xã An Ngãi Trung,10.0916931,106.5448581,66,Moderate,1,29.0,79,0.0,9.9,145,1012.2,31,7.9,9.4,180.0,4.4,75.0,3.8
2025-10-31 10:00:00,2025,10,31,10,Vĩnh Long,Xã An Ngãi Trung,10.0916931,106.5448581,66,Moderate,1,29.9,76,0.1,10.3,149,1012.4,52,7.9,9.1,136.0,2.2,91.0,3.2
2025-10-31 11:00:00,2025,10,31,11,Vĩnh Long,Xã An Ngãi Trung,10.0916931,106.5448581,65,Moderate,1,29.9,76,2.0,11.9,146,1011.6,70,8.4,9.3,134.0,1.4,98.0,2.8
2025-10-31 12:00:00,2025,10,31,12,Vĩnh Long,Xã An Ngãi Trung,10.0916931,106.5448581,65,Moderate,1,29.1,81,6.1,8.1,163,1010.6,96,9.3,10.3,153.0,1.3,100.0,2.4
2025-10-31 13:00:00,2025,10,31,13,Vĩnh Long,Xã An Ngãi Trung,10.0916931,106.5448581,65,Moderate,1,29.4,77,0.2,7.0,111,1010.0,98,9.2,10.3,170.0,1.5,100.0,2.2
2025-10-31 14:00:00,2025,10,31,14,Vĩnh Long,Xã An Ngãi Trung,10.0916931,106.5448581,65,Moderate,1,29.9,74,0.4,8.1,133,1009.3,88,9.6,10.8,177.0,1.4,101.0,2.1
2025-10-31 15:00:00,2025,10,31,15,Vĩnh Long,Xã An Ngãi Trung,10.0916931,106.5448581,65,Moderate,1,27.5,84,1.7,10.4,206,1009.3,89,10.7,12.5,181.0,1.5,100.0,2.1
2025-10-31 16:00:00,2025,10,31,16,Vĩnh Long,Xã An Ngãi Trung,10.0916931,106.5448581,65,Moderate,1,27.0,88,0.1,6.2,188,1009.4,92,10.6,12.3,189.0,2.8,96.0,2.5
2025-10-31 17:00:00,2025,10,31,17,Vĩnh Long,Xã An Ngãi Trung,10.0916931,106.5448581,65,Moderate,1,27.0,88,0.2,4.2,187,1010.3,95,11.8,13.6,200.0,6.1,85.0,3.6
2025-10-31 18:00:00,2025,10,31,18,Vĩnh Long,Xã An Ngãi Trung,10.0916931,106.5448581,65,Moderate,1,26.2,91,0.0,0.9,90,1010.9,72,15.5,17.3,214.0,10.6,71.0,5.2
2025-10-31 19:00:00,2025,10,31,19,Vĩnh Long,Xã An Ngãi Trung,10.0916931,106.5448581,65,Moderate,1,26.0,96,0.0,3.0,287,1011.3,98,23.4,26.1,232.0,15.0,60.0,7.1
2025-10-31 20:00:00,2025,10,31,20,Vĩnh Long,Xã An Ngãi Trung,10.0916931,106.5448581,65,Moderate,1,25.8,97,2.1,1.1,18,1012.1,100,23.9,26.4,261.0,14.6,57.0,7.1
2025-10-31 21:00:00,2025,10,31,21,Vĩnh Long,Xã An Ngãi Trung,10.0916931,106.5448581,65,Moderate,1,25.5,97,1.4,0.2,90,1012.0,100,23.3,25.7,294.0,14.1,54.0,7.1
2025-10-31 22:00:00,2025,10,31,22,Vĩnh Long,Xã An Ngãi Trung,10.0916931,106.5448581,65,Moderate,1,25.5,96,0.0,0.4,360,1012.1,100,24.9,27.5,316.0,13.7,51.0,7.0
2025-10-31 23:00:00,2025,10,31,23,Vĩnh Long,Xã An Ngãi Trung,10.0916931,106.5448581,65,Moderate,1,25.4,96,0.0,2.7,242,1011.8,95,26.6,29.5,318.0,13.4,50.0,6.7
2025-11-01 00:00:00,2025,11,1,0,Vĩnh Long,Xã An Ngãi Trung,10.0916931,106.5448581,64,Moderate,1,25.3,96,0.0,2.4,279,1011.4,72,26.6,29.6,309.0,13.3,50.0,6.2
2025-11-01 01:00:00,2025,11,1,1,Vĩnh Long,Xã An Ngãi Trung,10.0916931,106.5448581,63,Moderate,1,25.6,98,0.0,4.2,324,1010.9,100,27.2,30.4,301.0,13.7,50.0,6.1
2025-11-01 02:00:00,2025,11,1,2,Vĩnh Long,Xã An Ngãi Trung,10.0916931,106.5448581,62,Moderate,1,25.2,97,1.4,2.3,360,1010.2,100,29.3,32.7,298.0,15.0,50.0,6.5
2025-11-01 03:00:00,2025,11,1,3,Vĩnh Long,Xã An Ngãi Trung,10.0916931,106.5448581,62,Moderate,1,25.2,97,0.0,2.3,72,1009.9,100,32.1,35.7,296.0,16.9,49.0,7.2
2025-11-01 04:00:00,2025,11,1,4,Vĩnh Long,Xã An Ngãi Trung,10.0916931,106.5448581,62,Moderate,1,25.0,97,0.0,1.8,96,1009.9,100,35.3,39.1,292.0,18.3,49.0,7.9
2025-11-01 05:00:00,2025,11,1,5,Vĩnh Long,Xã An Ngãi Trung,10.0916931,106.5448581,63,Moderate,1,25.1,97,0.0,4.9,96,1010.4,100,38.2,42.1,286.0,19.5,47.0,8.7
2025-11-01 06:00:00,2025,11,1,6,Vĩnh Long,Xã An Ngãi Trung,10.0916931,106.5448581,65,Moderate,1,25.2,97,0.0,5.7,79,1011.1,99,47.7,51.5,277.0,20.4,44.0,9.4
2025-11-01 07:00:00,2025,11,1,7,Vĩnh Long,Xã An Ngãi Trung,10.0916931,106.5448581,67,Moderate,1,26.0,98,0.0,4.4,21,1011.4,86,32.0,34.6,266.0,18.3,50.0,8.3
2025-11-01 08:00:00,2025,11,1,8,Vĩnh Long,Xã An Ngãi Trung,10.0916931,106.5448581,69,Moderate,1,27.5,86,0.3,5.0,360,1012.2,100,20.3,24.3,249.0,14.3,65.0,7.7
2025-11-01 09:00:00,2025,11,1,9,Vĩnh Long,Xã An Ngãi Trung,10.0916931,106.5448581,70,Moderate,1,28.5,81,0.1,2.6,335,1012.3,99,17.3,21.2,230.0,8.7,87.0,6.9
2025-11-01 10:00:00,2025,11,1,10,Vĩnh Long,Xã An Ngãi Trung,10.0916931,106.5448581,71,Moderate,1,29.6,76,0.1,2.5,270,1012.3,85,15.9,19.0,215.0,4.5,103.0,6.1
2025-11-01 11:00:00,2025,11,1,11,Vĩnh Long,Xã An Ngãi Trung,10.0916931,106.5448581,71,Moderate,1,30.3,73,0.1,3.1,267,1011.5,75,14.4,15.9,206.0,2.7,111.0,5.4
2025-11-01 12:00:00,2025,11,1,12,Vĩnh Long,Xã An Ngãi Trung,10.0916931,106.5448581,72,Moderate,1,30.7,73,0.2,1.7,221,1009.9,92,15.3,16.6,202.0,2.2,114.0,4.8
2025-11-01 13:00:00,2025,11,1,13,Vĩnh Long,Xã An Ngãi Trung,10.0916931,106.5448581,72,Moderate,1,28.7,79,4.6,5.1,328,1009.4,100,15.9,16.9,202.0,2.4,112.0,4.3
2025-11-01 14:00:00,2025,11,1,14,Vĩnh Long,Xã An Ngãi Trung,10.0916931,106.5448581,73,Moderate,1,26.6,85,10.2,6.6,116,1009.2,100,16.4,17.3,208.0,3.3,104.0,4.0
2025-11-01 15:00:00,2025,11,1,15,Vĩnh Long,Xã An Ngãi Trung,10.0916931,106.5448581,74,Moderate,1,26.6,87,0.1,4.0,85,1008.5,100,15.9,16.8,218.0,4.8,92.0,3.8
2025-11-01 16:00:00,2025,11,1,16,Vĩnh Long,Xã An Ngãi Trung,10.0916931,106.5448581,74,Moderate,1,26.5,90,0.6,5.8,256,1009.1,100,15.8,16.4,228.0,6.7,82.0,4.1
2025-11-01 17:00:00,2025,11,1,17,Vĩnh Long,Xã An Ngãi Trung,10.0916931,106.5448581,75,Moderate,1,24.5,93,4.1,10.5,299,1010.1,100,17.6,18.3,236.0,8.9,76.0,5.1
2025-11-01 18:00:00,2025,11,1,18,Vĩnh Long,Xã An Ngãi Trung,10.0916931,106.5448581,75,Moderate,1,24.3,95,1.0,4.9,54,1010.4,100,19.6,20.1,244.0,11.4,72.0,6.5
2025-11-01 19:00:00,2025,11,1,19,Vĩnh Long,Xã An Ngãi Trung,10.0916931,106.5448581,75,Moderate,1,25.2,94,0.3,3.4,302,1010.8,100,28.6,29.2,256.0,16.6,63.0,9.1
2025-11-01 20:00:00,2025,11,1,20,Vĩnh Long,Xã An Ngãi Trung,10.0916931,106.5448581,76,Moderate,1,24.9,95,0.1,3.8,341,1011.7,100,32.8,33.3,276.0,18.5,58.0,10.6
2025-11-01 21:00:00,2025,11,1,21,Vĩnh Long,Xã An Ngãi Trung,10.0916931,106.5448581,77,Moderate,1,24.8,95,0.0,5.5,11,1011.8,100,33.2,33.5,301.0,21.1,50.0,12.6
2025-11-01 22:00:00,2025,11,1,22,Vĩnh Long,Xã An Ngãi Trung,10.0916931,106.5448581,78,Moderate,1,24.5,96,0.0,4.8,333,1011.9,100,31.8,32.1,323.0,23.0,44.0,14.2
2025-11-01 23:00:00,2025,11,1,23,Vĩnh Long,Xã An Ngãi Trung,10.0916931,106.5448581,78,Moderate,1,24.3,95,0.0,3.1,301,1011.7,100,31.5,31.8,340.0,23.6,42.0,14.8
2025-11-02 00:00:00,2025,11,2,0,Vĩnh Long,Xã An Ngãi Trung,10.0916931,106.5448581,79,Moderate,1,24.1,95,0.0,3.4,295,1011.0,100,29.3,29.6,355.0,23.5,41.0,15.0
2025-11-02 01:00:00,2025,11,2,1,Vĩnh Long,Xã An Ngãi Trung,10.0916931,106.5448581,79,Moderate,1,24.6,96,0.0,3.5,305,1010.4,100,26.3,26.5,368.0,23.5,40.0,15.7
2025-11-02 02:00:00,2025,11,2,2,Vĩnh Long,Xã An Ngãi Trung,10.0916931,106.5448581,79,Moderate,1,24.6,95,0.0,0.6,326,1009.7,78,25.4,25.6,380.0,23.7,39.0,17.3
2025-11-02 03:00:00,2025,11,2,3,Vĩnh Long,Xã An Ngãi Trung,10.0916931,106.5448581,78,Moderate,1,24.6,96,0.0,4.5,2,1009.7,100,27.9,28.2,390.0,23.9,37.0,19.3
2025-11-02 04:00:00,2025,11,2,4,Vĩnh Long,Xã An Ngãi Trung,10.0916931,106.5448581,78,Moderate,1,24.5,98,0.0,4.1,13,1009.3,85,30.0,30.3,395.0,24.1,37.0,21.3
2025-11-02 05:00:00,2025,11,2,5,Vĩnh Long,Xã An Ngãi Trung,10.0916931,106.5448581,78,Moderate,1,24.0,98,0.0,3.2,3,1009.7,95,32.1,32.2,398.0,25.0,37.0,23.7
2025-11-02 06:00:00,2025,11,2,6,Vĩnh Long,Xã An Ngãi Trung,10.0916931,106.5448581,77,Moderate,1,24.0,98,0.0,3.6,342,1010.5,92,36.0,36.2,396.0,25.9,37.0,26.0
2025-11-02 07:00:00,2025,11,2,7,Vĩnh Long,Xã An Ngãi Trung,10.0916931,106.5448581,76,Moderate,1,25.5,95,0.0,3.7,313,1010.5,55,24.1,24.1,382.0,25.7,26.0,25.8
2025-11-02 08:00:00,2025,11,2,8,Vĩnh Long,Xã An Ngãi Trung,10.0916931,106.5448581,75,Moderate,1,27.0,91,0.0,5.7,298,1011.3,97,18.1,18.3,344.0,20.4,39.0,22.6
2025-11-02 09:00:00,2025,11,2,9,Vĩnh Long,Xã An Ngãi Trung,10.0916931,106.5448581,75,Moderate,1,28.2,85,0.0,7.0,282,1012.1,98,12.0,12.3,294.0,13.2,57.0,18.2
2025-11-02 10:00:00,2025,11,2,10,Vĩnh Long,Xã An Ngãi Trung,10.0916931,106.5448581,75,Moderate,1,29.4,79,0.0,8.2,280,1012.0,100,11.3,11.6,254.0,7.5,74.0,14.9
2025-11-02 11:00:00,2025,11,2,11,Vĩnh Long,Xã An Ngãi Trung,10.0916931,106.5448581,74,Moderate,1,29.9,76,0.1,8.9,288,1011.3,100,11.7,12.0,232.0,5.0,90.0,13.8
2025-11-02 12:00:00,2025,11,2,12,Vĩnh Long,Xã An Ngãi Trung,10.0916931,106.5448581,74,Moderate,1,30.1,74,0.1,8.1,270,1009.7,100,13.2,13.6,219.0,4.0,105.0,13.7
2025-11-02 13:00:00,2025,11,2,13,Vĩnh Long,Xã An Ngãi Trung,10.0916931,106.5448581,74,Moderate,1,30.9,70,0.1,2.7,222,1008.3,84,15.7,16.0,217.0,3.8,113.0,13.3
2025-11-02 14:00:00,2025,11,2,14,Vĩnh Long,Xã An Ngãi Trung,10.0916931,106.5448581,74,Moderate,1,27.0,82,17.3,11.5,279,1009.0,100,18.1,18.5,228.0,3.8,108.0,11.5
2025-11-02 15:00:00,2025,11,2,15,Vĩnh Long,Xã An Ngãi Trung,10.0916931,106.5448581,74,Moderate,1,26.0,91,3.1,9.6,237,1008.1,100,17.7,18.0,249.0,4.6,96.0,9.4
2025-11-02 16:00:00,2025,11,2,16,Vĩnh Long,Xã An Ngãi Trung,10.0916931,106.5448581,74,Moderate,1,25.6,94,0.8,10.3,259,1008.1,100,15.9,16.1,272.0,6.3,83.0,8.3
2025-11-02 17:00:00,2025,11,2,17,Vĩnh Long,Xã An Ngãi Trung,10.0916931,106.5448581,74,Moderate,1,25.5,96,0.4,9.6,262,1008.6,100,16.0,16.1,296.0,9.6,71.0,9.2
2025-11-02 18:00:00,2025,11,2,18,Vĩnh Long,Xã An Ngãi Trung,10.0916931,106.5448581,74,Moderate,1,25.0,96,0.1,7.2,271,1009.6,100,17.9,18.0,322.0,14.0,57.0,11.2
2025-11-02 19:00:00,2025,11,2,19,Vĩnh Long,Xã An Ngãi Trung,10.0916931,106.5448581,74,Moderate,1,25.3,94,0.1,10.6,242,1009.3,100,22.3,22.5,350.0,22.4,31.0,12.4
2025-11-02 20:00:00,2025,11,2,20,Vĩnh Long,Xã An Ngãi Trung,10.0916931,106.5448581,73,Moderate,1,25.1,95,0.0,7.3,245,1010.2,100,21.4,21.7,384.0,21.1,29.0,11.9
2025-11-02 21:00:00,2025,11,2,21,Vĩnh Long,Xã An Ngãi Trung,10.0916931,106.5448581,72,Moderate,1,25.0,95,0.0,6.8,273,1010.3,100,16.6,16.9,419.0,19.3,27.0,11.3
2025-11-02 22:00:00,2025,11,2,22,Vĩnh Long,Xã An Ngãi Trung,10.0916931,106.5448581,71,Moderate,1,25.0,96,0.0,8.1,295,1010.2,100,15.2,15.4,440.0,17.7,25.0,10.7
2025-11-02 23:00:00,2025,11,2,23,Vĩnh Long,Xã An Ngãi Trung,10.0916931,106.5448581,69,Moderate,1,25.0,96,0.0,7.5,291,1010.2,99,13.6,13.9,434.0,16.6,24.0,10.3
2025-11-03 00:00:00,2025,11,3,0,Vĩnh Long,Xã An Ngãi Trung,10.0916931,106.5448581,68,Moderate,1,24.7,97,0.0,5.3,280,1009.4,100,12.9,13.3,413.0,15.8,24.0,9.9
2025-11-03 01:00:00,2025,11,3,1,Vĩnh Long,Xã An Ngãi Trung,10.0916931,106.5448581,66,Moderate,1,25.0,96,0.0,6.2,280,1009.1,100,12.7,13.3,400.0,15.1,24.0,9.5
2025-11-03 02:00:00,2025,11,3,2,Vĩnh Long,Xã An Ngãi Trung,10.0916931,106.5448581,65,Moderate,1,25.0,97,0.0,7.5,281,1008.8,100,13.1,13.7,409.0,14.7,24.0,9.2
2025-11-03 03:00:00,2025,11,3,3,Vĩnh Long,Xã An Ngãi Trung,10.0916931,106.5448581,64,Moderate,1,25.0,97,0.0,6.5,276,1008.5,100,13.4,14.0,426.0,14.4,24.0,8.9
2025-11-03 04:00:00,2025,11,3,4,Vĩnh Long,Xã An Ngãi Trung,10.0916931,106.5448581,63,Moderate,1,25.0,97,0.0,6.0,277,1008.8,100,11.9,12.5,434.0,13.8,25.0,8.5
2025-11-03 05:00:00,2025,11,3,5,Vĩnh Long,Xã An Ngãi Trung,10.0916931,106.5448581,61,Moderate,1,25.0,97,0.0,7.0,266,1009.0,100,10.4,10.9,429.0,12.6,27.0,7.8
2025-11-03 06:00:00,2025,11,3,6,Vĩnh Long,Xã An Ngãi Trung,10.0916931,106.5448581,59,Moderate,1,24.9,98,0.0,6.7,262,1009.5,100,9.1,9.5,416.0,11.0,29.0,7.1
2025-11-03 07:00:00,2025,11,3,7,Vĩnh Long,Xã An Ngãi Trung,10.0916931,106.5448581,57,Moderate,1,26.0,95,0.0,5.8,277,1010.2,100,19.6,20.6,392.0,15.7,23.0,15.6
2025-11-03 08:00:00,2025,11,3,8,Vĩnh Long,Xã An Ngãi Trung,10.0916931,106.5448581,56,Moderate,1,26.7,92,0.2,9.6,275,1010.9,100,18.8,19.3,350.0,14.4,29.0,15.5
2025-11-03 09:00:00,2025,11,3,9,Vĩnh Long,Xã An Ngãi Trung,10.0916931,106.5448581,56,Moderate,1,27.2,88,0.2,9.6,291,1011.4,100,17.3,17.7,298.0,12.6,39.0,15.3
2025-11-03 10:00:00,2025,11,3,10,Vĩnh Long,Xã An Ngãi Trung,10.0916931,106.5448581,57,Moderate,1,28.4,82,0.1,8.7,288,1011.2,100,16.9,17.3,254.0,10.5,51.0,14.7
2025-11-03 11:00:00,2025,11,3,11,Vĩnh Long,Xã An Ngãi Trung,10.0916931,106.5448581,57,Moderate,1,28.4,79,0.1,11.1,258,1010.8,100,17.6,18.0,227.0,8.0,68.0,13.5
2025-11-03 12:00:00,2025,11,3,12,Vĩnh Long,Xã An Ngãi Trung,10.0916931,106.5448581,58,Moderate,1,26.5,87,2.7,9.9,258,1009.4,100,17.5,17.8,208.0,5.2,88.0,11.9
2025-11-03 13:00:00,2025,11,3,13,Vĩnh Long,Xã An Ngãi Trung,10.0916931,106.5448581,58,Moderate,1,27.8,82,0.2,11.2,275,1008.9,100,17.6,17.9,195.0,3.4,102.0,10.8
2025-11-03 14:00:00,2025,11,3,14,Vĩnh Long,Xã An Ngãi Trung,10.0916931,106.5448581,58,Moderate,1,27.9,81,0.1,13.9,295,1007.6,96,17.9,18.2,185.0,2.8,109.0,10.4
2025-11-03 15:00:00,2025,11,3,15,Vĩnh Long,Xã An Ngãi Trung,10.0916931,106.5448581,58,Moderate,1,27.5,81,0.1,12.5,297,1006.8,100,16.8,17.0,181.0,3.1,110.0,10.4
2025-11-03 16:00:00,2025,11,3,16,Vĩnh Long,Xã An Ngãi Trung,10.0916931,106.5448581,58,Moderate,1,27.0,81,0.1,8.4,313,1006.6,99,16.0,16.2,188.0,4.8,105.0,10.7
2025-11-03 17:00:00,2025,11,3,17,Vĩnh Long,Xã An Ngãi Trung,10.0916931,106.5448581,58,Moderate,1,26.2,86,0.0,6.0,307,1007.6,98,16.8,16.8,212.0,8.7,90.0,11.3
2025-11-03 18:00:00,2025,11,3,18,Vĩnh Long,Xã An Ngãi Trung,10.0916931,106.5448581,58,Moderate,1,25.4,91,0.0,3.5,348,1007.8,100,18.9,19.0,246.0,14.0,68.0,12.1
2025-11-03 19:00:00,2025,11,3,19,Vĩnh Long,Xã An Ngãi Trung,10.0916931,106.5448581,59,Moderate,1,26.0,91,0.0,5.2,264,1008.0,100,23.7,23.9,277.0,20.8,52.0,16.3
2025-11-03 20:00:00,2025,11,3,20,Vĩnh Long,Xã An Ngãi Trung,10.0916931,106.5448581,59,Moderate,1,26.0,91,0.0,6.0,286,1009.4,98,28.0,28.2,304.0,23.5,46.0,18.0
2025-11-03 21:00:00,2025,11,3,21,Vĩnh Long,Xã An Ngãi Trung,10.0916931,106.5448581,59,Moderate,1,25.6,93,0.0,5.9,290,1009.7,100,32.7,33.2,327.0,27.2,37.0,20.2
2025-11-03 22:00:00,2025,11,3,22,Vĩnh Long,Xã An Ngãi Trung,10.0916931,106.5448581,61,Moderate,1,25.5,93,0.0,6.4,278,1009.9,58,34.6,35.2,333.0,29.3,31.0,21.6
2025-11-03 23:00:00,2025,11,3,23,Vĩnh Long,Xã An Ngãi Trung,10.0916931,106.5448581,62,Moderate,1,25.0,95,0.0,4.4,282,1009.8,84,33.8,34.3,308.0,28.3,29.0,21.2
2025-11-04 00:00:00,2025,11,4,0,Vĩnh Long,Xã An Ngãi Trung,10.0916931,106.5448581,64,Moderate,1,25.0,96,0.0,5.6,270,1009.2,93,31.4,31.8,267.0,25.6,30.0,19.9
2025-11-04 01:00:00,2025,11,4,1,Vĩnh Long,Xã An Ngãi Trung,10.0916931,106.5448581,66,Moderate,1,25.2,95,0.0,7.4,263,1009.0,100,27.0,27.2,236.0,23.8,30.0,18.7
2025-11-04 02:00:00,2025,11,4,2,Vĩnh Long,Xã An Ngãi Trung,10.0916931,106.5448581,67,Moderate,1,25.1,96,0.0,7.6,269,1008.2,100,25.4,25.7,227.0,23.9,27.0,18.0
2025-11-04 03:00:00,2025,11,4,3,Vĩnh Long,Xã An Ngãi Trung,10.0916931,106.5448581,68,Moderate,1,24.8,97,0.0,4.7,298,1007.7,93,26.0,26.4,229.0,24.8,24.0,17.5
2025-11-04 04:00:00,2025,11,4,4,Vĩnh Long,Xã An Ngãi Trung,10.0916931,106.5448581,69,Moderate,1,24.5,97,0.0,4.0,278,1007.8,100,30.5,30.5,239.0,25.1,22.0,17.4
2025-11-04 05:00:00,2025,11,4,5,Vĩnh Long,Xã An Ngãi Trung,10.0916931,106.5448581,71,Moderate,1,24.6,97,0.0,5.9,281,1008.3,100,35.7,35.7,262.0,24.7,21.0,18.3
2025-11-04 06:00:00,2025,11,4,6,Vĩnh Long,Xã An Ngãi Trung,10.0916931,106.5448581,73,Moderate,1,24.6,97,0.0,4.8,323,1008.9,100,40.3,40.4,292.0,23.7,22.0,19.7
2025-11-04 07:00:00,2025,11,4,7,Vĩnh Long,Xã An Ngãi Trung,10.0916931,106.5448581,76,Moderate,1,25.9,88,0.0,5.8,304,1009.5,99,36.8,36.9,312.0,24.6,29.0,22.6
2025-11-04 08:00:00,2025,11,4,8,Vĩnh Long,Xã An Ngãi Trung,10.0916931,106.5448581,77,Moderate,1,26.5,89,0.2,7.2,307,1010.5,100,19.2,19.2,312.0,19.2,46.0,20.3
2025-11-04 09:00:00,2025,11,4,9,Vĩnh Long,Xã An Ngãi Trung,10.0916931,106.5448581,78,Moderate,1,27.5,88,0.1,7.3,303,1010.9,100,12.4,12.4,302.0,11.7,71.0,17.0
2025-11-04 10:00:00,2025,11,4,10,Vĩnh Long,Xã An Ngãi Trung,10.0916931,106.5448581,77,Moderate,1,28.6,86,0.2,8.3,318,1010.4,94,11.5,11.5,288.0,5.9,93.0,14.3
2025-11-04 11:00:00,2025,11,4,11,Vĩnh Long,Xã An Ngãi Trung,10.0916931,106.5448581,77,Moderate,1,29.5,80,0.2,6.7,326,1009.5,30,12.5,12.5,271.0,3.4,113.0,12.7
2025-11-04 12:00:00,2025,11,4,12,Vĩnh Long,Xã An Ngãi Trung,10.0916931,106.5448581,76,Moderate,1,30.4,75,0.3,7.0,320,1008.3,98,14.6,14.6,251.0,2.6,130.0,11.6
2025-11-04 13:00:00,2025,11,4,13,Vĩnh Long,Xã An Ngãi Trung,10.0916931,106.5448581,76,Moderate,1,30.8,70,0.3,6.0,295,1007.8,74,15.8,15.8,238.0,2.6,136.0,10.5
2025-11-04 14:00:00,2025,11,4,14,Vĩnh Long,Xã An Ngãi Trung,10.0916931,106.5448581,76,Moderate,1,30.9,69,0.1,6.3,297,1006.2,100,16.2,16.2,234.0,3.0,124.0,9.1
2025-11-04 15:00:00,2025,11,4,15,Vĩnh Long,Xã An Ngãi Trung,10.0916931,106.5448581,76,Moderate,1,26.8,87,12.8,10.0,219,1007.0,98,15.5,15.5,237.0,4.2,101.0,7.7
2025-11-04 16:00:00,2025,11,4,16,Vĩnh Long,Xã An Ngãi Trung,10.0916931,106.5448581,75,Moderate,1,26.0,89,0.1,5.9,247,1006.9,96,13.9,13.9,244.0,6.4,81.0,7.3
2025-11-04 17:00:00,2025,11,4,17,Vĩnh Long,Xã An Ngãi Trung,10.0916931,106.5448581,75,Moderate,1,26.0,90,0.1,2.5,249,1007.5,99,14.6,14.6,255.0,10.1,67.0,8.4
2025-11-04 18:00:00,2025,11,4,18,Vĩnh Long,Xã An Ngãi Trung,10.0916931,106.5448581,75,Moderate,1,25.2,95,0.5,3.4,3,1008.3,100,17.7,17.7,270.0,14.8,56.0,10.5
2025-11-04 19:00:00,2025,11,4,19,Vĩnh Long,Xã An Ngãi Trung,10.0916931,106.5448581,75,Moderate,1,25.0,95,0.0,1.8,79,1008.2,100,19.0,19.0,288.0,18.0,43.0,11.9
2025-11-04 20:00:00,2025,11,4,20,Vĩnh Long,Xã An Ngãi Trung,10.0916931,106.5448581,75,Moderate,1,25.2,95,0.1,1.4,270,1009.3,100,20.5,20.5,310.0,19.5,41.0,14.2
2025-11-04 21:00:00,2025,11,4,21,Vĩnh Long,Xã An Ngãi Trung,10.0916931,106.5448581,74,Moderate,1,25.2,96,0.0,1.8,360,1009.0,100,21.9,21.9,336.0,21.7,38.0,17.4
2025-11-04 22:00:00,2025,11,4,22,Vĩnh Long,Xã An Ngãi Trung,10.0916931,106.5448581,73,Moderate,1,25.0,97,0.0,6.1,328,1009.3,100,23.5,23.5,361.0,23.8,35.0,20.1
2025-11-04 23:00:00,2025,11,4,23,Vĩnh Long,Xã An Ngãi Trung,10.0916931,106.5448581,72,Moderate,1,24.8,97,0.1,4.4,348,1008.6,100,25.4,25.4,387.0,25.5,32.0,21.6
2025-11-05 00:00:00,2025,11,5,0,Vĩnh Long,Xã An Ngãi Trung,10.0916931,106.5448581,71,Moderate,1,24.5,97,0.0,6.8,17,1008.4,99,27.2,27.2,414.0,27.1,29.0,22.5
2025-11-05 01:00:00,2025,11,5,1,Vĩnh Long,Xã An Ngãi Trung,10.0916931,106.5448581,71,Moderate,1,24.5,95,0.0,5.0,21,1007.8,100,28.6,28.6,434.0,28.7,26.0,23.3
2025-11-05 02:00:00,2025,11,5,2,Vĩnh Long,Xã An Ngãi Trung,10.0916931,106.5448581,71,Moderate,1,24.5,95,0.0,6.2,10,1007.2,100,30.4,30.4,443.0,30.5,22.0,24.0
2025-11-05 03:00:00,2025,11,5,3,Vĩnh Long,Xã An Ngãi Trung,10.0916931,106.5448581,71,Moderate,1,24.0,97,0.0,3.6,6,1007.3,100,31.2,31.2,446.0,32.2,19.0,24.7
2025-11-05 04:00:00,2025,11,5,4,Vĩnh Long,Xã An Ngãi Trung,10.0916931,106.5448581,72,Moderate,1,24.1,98,2.2,4.0,306,1007.4,100,32.2,32.2,454.0,33.1,17.0,25.5
2025-11-05 05:00:00,2025,11,5,5,Vĩnh Long,Xã An Ngãi Trung,10.0916931,106.5448581,72,Moderate,1,24.0,98,0.7,5.8,9,1007.5,100,33.6,33.6,469.0,33.4,15.0,27.3
2025-11-05 06:00:00,2025,11,5,6,Vĩnh Long,Xã An Ngãi Trung,10.0916931,106.5448581,72,Moderate,1,24.2,97,0.2,1.1,270,1008.2,100,34.9,34.9,490.0,32.9,15.0,29.3
2025-11-05 07:00:00,2025,11,5,7,Vĩnh Long,Xã An Ngãi Trung,10.0916931,106.5448581,71,Moderate,1,25.4,94,0.3,3.6,330,1008.2,100,32.5,32.9,523.0,28.3,27.0,29.1
2025-11-05 08:00:00,2025,11,5,8,Vĩnh Long,Xã An Ngãi Trung,10.0916931,106.5448581,71,Moderate,1,26.0,92,0.0,2.7,307,1008.8,100,31.1,31.1,598.0,24.4,49.0,27.4
2025-11-05 09:00:00,2025,11,5,9,Vĩnh Long,Xã An Ngãi Trung,10.0916931,106.5448581,72,Moderate,1,26.9,88,0.2,6.0,323,1009.4,100,28.6,28.7,685.0,18.9,80.0,25.0
2025-11-05 10:00:00,2025,11,5,10,Vĩnh Long,Xã An Ngãi Trung,10.0916931,106.5448581,73,Moderate,1,27.8,89,0.4,5.3,315,1009.3,100,26.6,26.7,699.0,14.0,107.0,22.1
2025-11-05 11:00:00,2025,11,5,11,Vĩnh Long,Xã An Ngãi Trung,10.0916931,106.5448581,75,Moderate,1,28.5,88,0.8,5.8,304,1008.4,100,24.4,24.4,570.0,10.0,127.0,18.2
2025-11-05 12:00:00,2025,11,5,12,Vĩnh Long,Xã An Ngãi Trung,10.0916931,106.5448581,76,Moderate,1,27.0,88,12.3,8.6,282,1007.2,100,23.7,23.8,368.0,6.5,143.0,13.8
2025-11-05 13:00:00,2025,11,5,13,Vĩnh Long,Xã An Ngãi Trung,10.0916931,106.5448581,77,Moderate,1,28.5,83,0.7,4.0,288,1006.6,100,25.4,25.4,222.0,4.4,153.0,10.7
2025-11-05 14:00:00,2025,11,5,14,Vĩnh Long,Xã An Ngãi Trung,10.0916931,106.5448581,78,Moderate,1,28.6,80,0.1,5.0,311,1005.7,100,27.3,27.4,189.0,3.8,155.0,9.6
2025-11-05 15:00:00,2025,11,5,15,Vĩnh Long,Xã An Ngãi Trung,10.0916931,106.5448581,79,Moderate,1,27.9,83,1.8,4.3,105,1005.4,100,25.5,25.6,212.0,4.6,152.0,9.7
2025-11-05 16:00:00,2025,11,5,16,Vĩnh Long,Xã An Ngãi Trung,10.0916931,106.5448581,79,Moderate,1,26.9,87,1.3,5.6,65,1005.4,100,25.3,25.3,249.0,6.7,144.0,10.6
2025-11-05 17:00:00,2025,11,5,17,Vĩnh Long,Xã An Ngãi Trung,10.0916931,106.5448581,92,Moderate,1,26.6,89,0.2,4.3,85,1006.0,100,29.3,29.3,294.0,11.1,132.0,12.4
2025-11-05 18:00:00,2025,11,5,18,Vĩnh Long,Xã An Ngãi Trung,10.0916931,106.5448581,103,Unhealthy for Sensitive Groups,2,25.8,93,0.0,1.4,67,1007.0,100,40.0,40.0,353.0,16.9,116.0,15.0
2025-11-05 19:00:00,2025,11,5,19,Vĩnh Long,Xã An Ngãi Trung,10.0916931,106.5448581,105,Unhealthy for Sensitive Groups,2,25.6,95,0.0,4.5,227,1006.9,100,36.6,36.6,401.0,19.7,67.0,12.5
2025-11-05 20:00:00,2025,11,5,20,Vĩnh Long,Xã An Ngãi Trung,10.0916931,106.5448581,92,Moderate,1,24.9,96,3.0,8.6,191,1007.8,100,36.3,36.3,430.0,19.8,62.0,12.9
2025-11-05 21:00:00,2025,11,5,21,Vĩnh Long,Xã An Ngãi Trung,10.0916931,106.5448581,87,Moderate,1,24.6,96,0.1,2.4,207,1008.0,100,36.7,36.7,448.0,19.8,56.0,13.5
2025-11-05 22:00:00,2025,11,5,22,Vĩnh Long,Xã An Ngãi Trung,10.0916931,106.5448581,88,Moderate,1,24.5,96,0.0,4.0,198,1008.0,100,36.1,36.1,461.0,19.6,51.0,13.7
2025-11-05 23:00:00,2025,11,5,23,Vĩnh Long,Xã An Ngãi Trung,10.0916931,106.5448581,89,Moderate,1,24.9,94,0.1,1.5,277,1007.9,100,35.0,35.0,470.0,18.8,49.0,13.1
2025-11-06 00:00:00,2025,11,6,0,Vĩnh Long,Xã An Ngãi Trung,10.0916931,106.5448581,90,Moderate,1,24.6,96,0.0,4.5,256,1007.5,100,34.8,34.8,474.0,17.8,48.0,12.1
2025-11-06 01:00:00,2025,11,6,1,Vĩnh Long,Xã An Ngãi Trung,10.0916931,106.5448581,91,Moderate,1,24.9,99,0.0,10.4,326,1006.6,100,33.2,33.2,469.0,16.9,48.0,11.6
2025-11-06 02:00:00,2025,11,6,2,Vĩnh Long,Xã An Ngãi Trung,10.0916931,106.5448581,91,Moderate,1,24.7,96,0.2,4.8,299,1005.8,100,31.9,31.9,448.0,16.4,49.0,12.0
2025-11-06 03:00:00,2025,11,6,3,Vĩnh Long,Xã An Ngãi Trung,10.0916931,106.5448581,91,Moderate,1,24.6,96,0.0,6.1,284,1005.3,100,32.1,32.1,419.0,16.0,50.0,12.9
2025-11-06 04:00:00,2025,11,6,4,Vĩnh Long,Xã An Ngãi Trung,10.0916931,106.5448581,91,Moderate,1,24.6,97,0.0,7.4,276,1005.2,100,31.9,31.9,402.0,16.1,50.0,14.0
2025-11-06 05:00:00,2025,11,6,5,Vĩnh Long,Xã An Ngãi Trung,10.0916931,106.5448581,91,Moderate,1,24.5,97,0.0,6.8,292,1005.6,100,33.2,33.3,415.0,17.2,47.0,15.4
2025-11-06 06:00:00,2025,11,6,6,Vĩnh Long,Xã An Ngãi Trung,10.0916931,106.5448581,91,Moderate,1,24.2,97,0.0,3.8,311,1006.4,100,33.6,33.6,440.0,18.6,43.0,17.0
2025-11-06 07:00:00,2025,11,6,7,Vĩnh Long,Xã An Ngãi Trung,10.0916931,106.5448581,91,Moderate,1,25.5,92,0.0,3.1,347,1007.1,100,37.0,37.3,446.0,24.5,34.0,21.3
2025-11-06 08:00:00,2025,11,6,8,Vĩnh Long,Xã An Ngãi Trung,10.0916931,106.5448581,91,Moderate,1,25.7,93,0.0,5.2,346,1007.6,100,33.6,33.8,413.0,21.7,48.0,20.9
2025-11-06 09:00:00,2025,11,6,9,Vĩnh Long,Xã An Ngãi Trung,10.0916931,106.5448581,92,Moderate,1,26.4,91,0.0,7.1,326,1008.1,100,30.0,30.2,362.0,17.7,68.0,20.4
2025-11-06 10:00:00,2025,11,6,10,Vĩnh Long,Xã An Ngãi Trung,10.0916931,106.5448581,92,Moderate,1,26.9,88,0.0,8.9,291,1007.7,100,26.5,26.7,319.0,14.3,86.0,19.7
2025-11-06 11:00:00,2025,11,6,11,Vĩnh Long,Xã An Ngãi Trung,10.0916931,106.5448581,92,Moderate,1,27.0,89,0.1,10.1,295,1007.3,100,26.3,26.3,296.0,12.0,100.0,18.8
2025-11-06 12:00:00,2025,11,6,12,Vĩnh Long,Xã An Ngãi Trung,10.0916931,106.5448581,92,Moderate,1,27.4,87,0.1,9.2,298,1006.2,100,25.9,26.0,282.0,10.3,111.0,17.7
2025-11-06 13:00:00,2025,11,6,13,Vĩnh Long,Xã An Ngãi Trung,10.0916931,106.5448581,92,Moderate,1,27.7,86,0.2,9.6,274,1005.5,100,26.1,26.1,274.0,9.4,116.0,16.5
2025-11-06 14:00:00,2025,11,6,14,Vĩnh Long,Xã An Ngãi Trung,10.0916931,106.5448581,92,Moderate,1,26.7,90,1.5,10.7,279,1004.5,100,25.0,25.1,271.0,9.6,110.0,15.0
2025-11-06 15:00:00,2025,11,6,15,Vĩnh Long,Xã An Ngãi Trung,10.0916931,106.5448581,92,Moderate,1,26.8,90,0.3,12.3,276,1004.0,100,24.0,24.2,274.0,10.6,96.0,13.5
2025-11-06 16:00:00,2025,11,6,16,Vĩnh Long,Xã An Ngãi Trung,10.0916931,106.5448581,92,Moderate,1,26.4,92,0.3,9.6,279,1003.7,100,26.3,26.4,286.0,12.0,84.0,12.6
2025-11-06 17:00:00,2025,11,6,17,Vĩnh Long,Xã An Ngãi Trung,10.0916931,106.5448581,92,Moderate,1,26.0,94,0.0,10.3,243,1003.9,100,28.0,28.1,316.0,13.9,76.0,13.0
2025-11-06 18:00:00,2025,11,6,18,Vĩnh Long,Xã An Ngãi Trung,10.0916931,106.5448581,92,Moderate,1,25.5,95,0.0,9.7,248,1004.1,100,29.0,29.0,354.0,16.2,69.0,14.2
2025-11-06 19:00:00,2025,11,6,19,Vĩnh Long,Xã An Ngãi Trung,10.0916931,106.5448581,91,Moderate,1,25.6,94,0.0,7.0,257,1005.0,100,28.6,28.8,379.0,17.4,61.0,13.5
2025-11-06 20:00:00,2025,11,6,20,Vĩnh Long,Xã An Ngãi Trung,10.0916931,106.5448581,90,Moderate,1,25.5,94,0.1,10.6,247,1005.4,100,29.0,29.1,378.0,17.3,58.0,13.7
2025-11-06 21:00:00,2025,11,6,21,Vĩnh Long,Xã An Ngãi Trung,10.0916931,106.5448581,90,Moderate,1,25.4,93,0.0,10.9,251,1005.6,100,29.8,29.9,364.0,17.0,54.0,13.9
2025-11-06 22:00:00,2025,11,6,22,Vĩnh Long,Xã An Ngãi Trung,10.0916931,106.5448581,89,Moderate,1,25.4,94,0.0,12.6,242,1006.1,100,27.8,27.9,348.0,16.4,51.0,13.6
2025-11-06 23:00:00,2025,11,6,23,Vĩnh Long,Xã An Ngãi Trung,10.0916931,106.5448581,88,Moderate,1,25.4,95,0.0,14.1,247,1006.6,100,22.8,22.9,332.0,15.2,50.0,12.2
2025-11-07 00:00:00,2025,11,7,0,Vĩnh Long,Xã An Ngãi Trung,10.0916931,106.5448581,87,Moderate,1,25.4,94,0.4,13.2,246,1006.4,100,18.2,18.2,315.0,13.6,50.0,10.3
2025-11-07 01:00:00,2025,11,7,1,Vĩnh Long,Xã An Ngãi Trung,10.0916931,106.5448581,86,Moderate,1,25.0,96,0.2,9.7,246,1005.2,100,15.8,15.9,302.0,12.2,51.0,8.6
2025-11-07 02:00:00,2025,11,7,2,Vĩnh Long,Xã An Ngãi Trung,10.0916931,106.5448581,84,Moderate,1,24.9,96,0.2,12.0,244,1004.6,100,13.3,13.4,297.0,11.0,54.0,7.5
2025-11-07 03:00:00,2025,11,7,3,Vĩnh Long,Xã An Ngãi Trung,10.0916931,106.5448581,82,Moderate,1,25.0,97,0.0,11.6,248,1004.5,100,10.7,11.0,296.0,10.1,57.0,6.6
2025-11-07 04:00:00,2025,11,7,4,Vĩnh Long,Xã An Ngãi Trung,10.0916931,106.5448581,81,Moderate,1,25.0,97,0.0,9.4,239,1005.0,100,9.7,10.2,297.0,9.7,60.0,6.1
2025-11-07 05:00:00,2025,11,7,5,Vĩnh Long,Xã An Ngãi Trung,10.0916931,106.5448581,79,Moderate,1,24.9,94,1.0,11.6,246,1005.9,100,9.8,10.4,301.0,10.6,59.0,6.2
2025-11-07 06:00:00,2025,11,7,6,Vĩnh Long,Xã An Ngãi Trung,10.0916931,106.5448581,76,Moderate,1,24.5,96,1.5,11.3,262,1006.6,100,11.2,11.9,306.0,12.1,58.0,6.7
2025-11-07 07:00:00,2025,11,7,7,Vĩnh Long,Xã An Ngãi Trung,10.0916931,106.5448581,75,Moderate,1,25.0,95,0.1,11.2,238,1007.2,100,14.3,15.5,307.0,10.5,69.0,6.3
2025-11-07 08:00:00,2025,11,7,8,Vĩnh Long,Xã An Ngãi Trung,10.0916931,106.5448581,72,Moderate,1,25.7,91,0.3,11.2,228,1007.7,100,10.4,11.1,301.0,9.2,75.0,6.3
2025-11-07 09:00:00,2025,11,7,9,Vĩnh Long,Xã An Ngãi Trung,10.0916931,106.5448581,70,Moderate,1,27.2,84,0.0,12.2,239,1008.5,100,9.0,9.5,290.0,7.5,84.0,6.2
2025-11-07 10:00:00,2025,11,7,10,Vĩnh Long,Xã An Ngãi Trung,10.0916931,106.5448581,69,Moderate,1,28.5,82,0.0,10.8,238,1008.7,100,9.7,10.2,277.0,5.9,91.0,5.9
2025-11-07 11:00:00,2025,11,7,11,Vĩnh Long,Xã An Ngãi Trung,10.0916931,106.5448581,67,Moderate,1,29.4,80,0.1,9.9,215,1008.2,100,10.2,10.7,260.0,4.7,97.0,5.1
2025-11-07 12:00:00,2025,11,7,12,Vĩnh Long,Xã An Ngãi Trung,10.0916931,106.5448581,66,Moderate,1,30.3,75,0.3,8.6,231,1007.4,100,11.1,11.6,240.0,3.6,101.0,4.1
2025-11-07 13:00:00,2025,11,7,13,Vĩnh Long,Xã An Ngãi Trung,10.0916931,106.5448581,64,Moderate,1,25.5,87,5.1,14.9,192,1007.5,100,12.4,12.8,225.0,3.3,101.0,3.5
2025-11-07 14:00:00,2025,11,7,14,Vĩnh Long,Xã An Ngãi Trung,10.0916931,106.5448581,63,Moderate,1,25.8,92,1.0,10.2,214,1007.0,100,10.6,10.9,214.0,3.9,95.0,3.6
2025-11-07 15:00:00,2025,11,7,15,Vĩnh Long,Xã An Ngãi Trung,10.0916931,106.5448581,62,Moderate,1,26.8,87,0.2,7.4,231,1006.3,100,9.6,10.0,207.0,5.1,85.0,4.2
2025-11-07 16:00:00,2025,11,7,16,Vĩnh Long,Xã An Ngãi Trung,10.0916931,106.5448581,61,Moderate,1,26.8,84,0.6,6.5,251,1006.9,99,10.4,10.7,214.0,6.9,75.0,4.9
2025-11-07 17:00:00,2025,11,7,17,Vĩnh Long,Xã An Ngãi Trung,10.0916931,106.5448581,59,Moderate,1,26.2,88,1.0,4.6,239,1007.3,100,12.1,12.4,247.0,9.7,66.0,5.9
2025-11-07 18:00:00,2025,11,7,18,Vĩnh Long,Xã An Ngãi Trung,10.0916931,106.5448581,58,Moderate,1,25.5,93,0.1,5.5,191,1008.1,100,14.4,14.7,295.0,13.1,57.0,7.1
2025-11-07 19:00:00,2025,11,7,19,Vĩnh Long,Xã An Ngãi Trung,10.0916931,106.5448581,56,Moderate,1,24.5,96,0.0,1.0,112,1009.4,100,21.7,21.9,332.0,19.4,48.0,9.5
2025-11-07 20:00:00,2025,11,7,20,Vĩnh Long,Xã An Ngãi Trung,10.0916931,106.5448581,56,Moderate,1,24.7,96,0.4,1.8,79,1010.2,99,20.3,20.5,347.0,18.3,49.0,9.3
2025-11-07 21:00:00,2025,11,7,21,Vĩnh Long,Xã An Ngãi Trung,10.0916931,106.5448581,55,Moderate,1,24.6,96,0.4,3.7,169,1010.3,100,20.0,20.3,351.0,16.7,50.0,8.9
2025-11-07 22:00:00,2025,11,7,22,Vĩnh Long,Xã An Ngãi Trung,10.0916931,106.5448581,54,Moderate,1,24.5,96,0.0,3.4,227,1010.2,99,20.0,20.3,354.0,15.4,50.0,8.6
2025-11-07 23:00:00,2025,11,7,23,Vĩnh Long,Xã An Ngãi Trung,10.0916931,106.5448581,54,Moderate,1,24.5,95,0.0,2.7,188,1010.3,98,19.6,19.9,361.0,14.7,50.0,8.2
2025-11-08 00:00:00,2025,11,8,0,Vĩnh Long,Xã An Ngãi Trung,10.0916931,106.5448581,53,Moderate,1,24.4,97,0.0,3.9,208,1009.7,90,19.3,19.7,366.0,14.4,49.0,7.7
2025-11-08 01:00:00,2025,11,8,1,Vĩnh Long,Xã An Ngãi Trung,10.0916931,106.5448581,53,Moderate,1,24.6,97,0.0,4.1,203,1008.7,97,19.6,20.0,363.0,14.4,47.0,7.5
2025-11-08 02:00:00,2025,11,8,2,Vĩnh Long,Xã An Ngãi Trung,10.0916931,106.5448581,54,Moderate,1,24.5,97,0.0,4.4,187,1008.2,81,20.0,20.3,339.0,15.0,44.0,7.5
2025-11-08 03:00:00,2025,11,8,3,Vĩnh Long,Xã An Ngãi Trung,10.0916931,106.5448581,54,Moderate,1,24.5,97,0.0,4.5,194,1008.2,88,22.1,22.4,307.0,15.9,41.0,7.7
2025-11-08 04:00:00,2025,11,8,4,Vĩnh Long,Xã An Ngãi Trung,10.0916931,106.5448581,55,Moderate,1,24.2,97,0.0,3.6,210,1008.3,22,23.6,24.0,294.0,16.6,39.0,8.1
2025-11-08 05:00:00,2025,11,8,5,Vĩnh Long,Xã An Ngãi Trung,10.0916931,106.5448581,57,Moderate,1,24.1,98,0.0,3.5,219,1008.3,96,23.9,24.3,325.0,17.3,37.0,8.9
2025-11-08 06:00:00,2025,11,8,6,Vĩnh Long,Xã An Ngãi Trung,10.0916931,106.5448581,58,Moderate,1,24.2,98,0.0,2.4,216,1009.0,34,26.7,27.4,376.0,17.8,35.0,9.8
2025-11-08 07:00:00,2025,11,8,7,Vĩnh Long,Xã An Ngãi Trung,10.0916931,106.5448581,59,Moderate,1,25.9,95,0.0,3.3,135,1010.2,20,27.8,29.3,396.0,16.1,39.0,10.1
2025-11-08 08:00:00,2025,11,8,8,Vĩnh Long,Xã An Ngãi Trung,10.0916931,106.5448581,60,Moderate,1,27.4,90,0.0,4.4,145,1011.2,29,16.8,19.0,354.0,12.2,52.0,8.5
2025-11-08 09:00:00,2025,11,8,9,Vĩnh Long,Xã An Ngãi Trung,10.0916931,106.5448581,61,Moderate,1,28.4,87,0.0,4.0,159,1010.9,13,13.1,15.7,282.0,6.9,70.0,6.4
2025-11-08 10:00:00,2025,11,8,10,Vĩnh Long,Xã An Ngãi Trung,10.0916931,106.5448581,61,Moderate,1,29.4,83,0.0,5.6,207,1010.6,98,11.4,13.7,225.0,2.9,84.0,4.7
2025-11-08 11:00:00,2025,11,8,11,Vĩnh Long,Xã An Ngãi Trung,10.0916931,106.5448581,61,Moderate,1,30.1,79,0.2,5.9,169,1010.3,100,10.7,12.3,200.0,1.4,92.0,3.9
2025-11-08 12:00:00,2025,11,8,12,Vĩnh Long,Xã An Ngãi Trung,10.0916931,106.5448581,61,Moderate,1,29.7,79,0.7,7.2,168,1009.8,100,10.6,12.0,190.0,1.2,96.0,3.5
2025-11-08 13:00:00,2025,11,8,13,Vĩnh Long,Xã An Ngãi Trung,10.0916931,106.5448581,61,Moderate,1,30.2,76,7.3,4.9,184,1009.2,100,10.5,12.2,184.0,1.6,96.0,3.4
2025-11-08 14:00:00,2025,11,8,14,Vĩnh Long,Xã An Ngãi Trung,10.0916931,106.5448581,61,Moderate,1,28.3,80,3.0,9.6,140,1008.3,100,9.0,10.3,179.0,2.1,91.0,3.3
2025-11-08 15:00:00,2025,11,8,15,Vĩnh Long,Xã An Ngãi Trung,10.0916931,106.5448581,61,Moderate,1,27.5,82,1.8,6.2,165,1007.9,99,9.4,10.7,179.0,3.2,81.0,3.4
2025-11-08 16:00:00,2025,11,8,16,Vĩnh Long,Xã An Ngãi Trung,10.0916931,106.5448581,61,Moderate,1,27.8,83,0.8,6.4,119,1007.6,98,9.8,10.9,187.0,5.4,71.0,4.0
2025-11-08 17:00:00,2025,11,8,17,Vĩnh Long,Xã An Ngãi Trung,10.0916931,106.5448581,61,Moderate,1,27.4,87,0.1,4.0,201,1008.2,55,11.1,12.2,210.0,9.6,61.0,5.3
2025-11-08 18:00:00,2025,11,8,18,Vĩnh Long,Xã An Ngãi Trung,10.0916931,106.5448581,61,Moderate,1,25.9,93,0.9,3.1,156,1009.0,97,17.2,18.6,241.0,14.9,50.0,7.1
2025-11-08 19:00:00,2025,11,8,19,Vĩnh Long,Xã An Ngãi Trung,10.0916931,106.5448581,61,Moderate,1,26.1,93,0.0,1.2,309,1009.4,83,21.8,23.6,266.0,18.0,48.0,9.1
2025-11-08 20:00:00,2025,11,8,20,Vĩnh Long,Xã An Ngãi Trung,10.0916931,106.5448581,61,Moderate,1,26.0,95,0.0,3.5,231,1010.2,89,21.5,22.6,279.0,18.0,46.0,9.6
2025-11-08 21:00:00,2025,11,8,21,Vĩnh Long,Xã An Ngãi Trung,10.0916931,106.5448581,61,Moderate,1,25.8,95,0.0,0.6,326,1010.7,100,22.1,23.3,286.0,18.0,42.0,10.3
2025-11-08 22:00:00,2025,11,8,22,Vĩnh Long,Xã An Ngãi Trung,10.0916931,106.5448581,61,Moderate,1,25.4,97,0.0,4.4,60,1010.5,93,22.8,24.3,288.0,17.8,39.0,10.6
2025-11-08 23:00:00,2025,11,8,23,Vĩnh Long,Xã An Ngãi Trung,10.0916931,106.5448581,62,Moderate,1,25.0,94,1.5,2.4,36,1011.1,99,22.5,24.1,282.0,17.3,37.0,10.1
2025-11-09 00:00:00,2025,11,9,0,Vĩnh Long,Xã An Ngãi Trung,10.0916931,106.5448581,62,Moderate,1,25.0,96,0.3,1.0,45,1010.4,69,23.1,24.6,270.0,16.7,36.0,9.3
2025-11-09 01:00:00,2025,11,9,1,Vĩnh Long,Xã An Ngãi Trung,10.0916931,106.5448581,62,Moderate,1,24.2,97,1.1,1.2,297,1010.1,99,20.3,21.7,264.0,16.3,34.0,8.7
2025-11-09 02:00:00,2025,11,9,2,Vĩnh Long,Xã An Ngãi Trung,10.0916931,106.5448581,62,Moderate,1,24.5,96,0.0,2.2,99,1009.4,99,18.3,19.5,268.0,16.6,32.0,8.6
2025-11-09 03:00:00,2025,11,9,3,Vĩnh Long,Xã An Ngãi Trung,10.0916931,106.5448581,62,Moderate,1,24.2,98,0.0,2.5,94,1008.7,71,18.6,19.8,278.0,17.1,30.0,8.8
2025-11-09 04:00:00,2025,11,9,4,Vĩnh Long,Xã An Ngãi Trung,10.0916931,106.5448581,62,Moderate,1,24.1,98,0.0,1.8,259,1008.6,30,20.0,21.1,288.0,17.4,29.0,9.3
2025-11-09 05:00:00,2025,11,9,5,Vĩnh Long,Xã An Ngãi Trung,10.0916931,106.5448581,62,Moderate,1,23.9,98,0.0,2.4,297,1008.5,59,20.4,21.4,301.0,17.6,28.0,10.4
2025-11-09 06:00:00,2025,11,9,6,Vĩnh Long,Xã An Ngãi Trung,10.0916931,106.5448581,61,Moderate,1,24.0,96,0.0,0.9,233,1009.1,100,19.0,19.3,313.0,17.6,29.0,11.8
2025-11-09 07:00:00,2025,11,9,7,Vĩnh Long,Xã An Ngãi Trung,10.0916931,106.5448581,61,Moderate,1,26.2,98,0.0,2.1,250,1009.9,100,15.3,15.5,311.0,13.3,36.0,10.6
2025-11-09 08:00:00,2025,11,9,8,Vĩnh Long,Xã An Ngãi Trung,10.0916931,106.5448581,60,Moderate,1,27.5,88,0.1,2.0,95,1010.3,100,10.7,10.9,280.0,10.5,51.0,9.6
2025-11-09 09:00:00,2025,11,9,9,Vĩnh Long,Xã An Ngãi Trung,10.0916931,106.5448581,59,Moderate,1,28.5,85,0.1,3.2,142,1010.3,100,9.4,9.7,235.0,6.5,72.0,8.1
2025-11-09 10:00:00,2025,11,9,10,Vĩnh Long,Xã An Ngãi Trung,10.0916931,106.5448581,59,Moderate,1,29.4,82,0.1,4.7,106,1010.4,56,9.3,9.5,199.0,3.5,88.0,6.7
2025-11-09 11:00:00,2025,11,9,11,Vĩnh Long,Xã An Ngãi Trung,10.0916931,106.5448581,58,Moderate,1,30.1,81,0.3,4.8,103,1009.8,73,9.1,9.3,184.0,2.1,95.0,5.2
2025-11-09 12:00:00,2025,11,9,12,Vĩnh Long,Xã An Ngãi Trung,10.0916931,106.5448581,58,Moderate,1,30.4,79,0.7,4.9,129,1008.9,25,9.0,9.2,178.0,1.7,98.0,3.8
2025-11-09 13:00:00,2025,11,9,13,Vĩnh Long,Xã An Ngãi Trung,10.0916931,106.5448581,58,Moderate,1,31.0,72,0.3,6.2,102,1008.0,100,8.5,8.7,178.0,1.8,97.0,2.8
2025-11-09 14:00:00,2025,11,9,14,Vĩnh Long,Xã An Ngãi Trung,10.0916931,106.5448581,58,Moderate,1,30.1,73,2.2,7.2,125,1007.3,100,8.5,8.8,178.0,2.2,92.0,2.4
2025-11-09 15:00:00,2025,11,9,15,Vĩnh Long,Xã An Ngãi Trung,10.0916931,106.5448581,58,Moderate,1,28.8,79,1.3,0.2,270,1006.6,100,8.1,8.5,183.0,3.2,83.0,2.4
2025-11-09 16:00:00,2025,11,9,16,Vĩnh Long,Xã An Ngãi Trung,10.0916931,106.5448581,58,Moderate,1,28.5,79,0.1,3.7,113,1006.6,100,9.0,9.3,203.0,5.2,74.0,3.1
2025-11-09 17:00:00,2025,11,9,17,Vĩnh Long,Xã An Ngãi Trung,10.0916931,106.5448581,58,Moderate,1,28.0,87,0.0,1.4,90,1007.2,100,10.4,10.7,250.0,8.8,66.0,4.6
2025-11-09 18:00:00,2025,11,9,18,Vĩnh Long,Xã An Ngãi Trung,10.0916931,106.5448581,58,Moderate,1,26.5,90,0.0,3.6,303,1007.8,100,14.7,15.2,311.0,13.6,57.0,6.8
2025-11-09 19:00:00,2025,11,9,19,Vĩnh Long,Xã An Ngãi Trung,10.0916931,106.5448581,57,Moderate,1,24.4,95,0.0,3.1,270,1007.6,100,20.3,21.0,359.0,19.2,42.0,8.8
2025-11-09 20:00:00,2025,11,9,20,Vĩnh Long,Xã An Ngãi Trung,10.0916931,106.5448581,57,Moderate,1,24.8,95,0.0,0.5,270,1008.7,100,25.0,26.3,376.0,23.0,37.0,11.2
2025-11-09 21:00:00,2025,11,9,21,Vĩnh Long,Xã An Ngãi Trung,10.0916931,106.5448581,58,Moderate,1,24.8,96,0.0,2.0,315,1009.3,99,31.7,32.9,379.0,28.3,30.0,14.6
2025-11-09 22:00:00,2025,11,9,22,Vĩnh Long,Xã An Ngãi Trung,10.0916931,106.5448581,59,Moderate,1,24.8,96,0.0,1.3,262,1009.5,100,38.5,39.9,390.0,33.2,23.0,17.3
2025-11-09 23:00:00,2025,11,9,23,Vĩnh Long,Xã An Ngãi Trung,10.0916931,106.5448581,60,Moderate,1,24.7,97,0.0,1.7,283,1009.4,100,43.7,45.1,422.0,37.5,17.0,18.9
2025-11-10 00:00:00,2025,11,10,0,Vĩnh Long,Xã An Ngãi Trung,10.0916931,106.5448581,62,Moderate,1,24.7,96,0.0,0.8,333,1008.9,100,48.4,49.8,462.0,41.4,11.0,19.9
2025-11-10 01:00:00,2025,11,10,1,Vĩnh Long,Xã An Ngãi Trung,10.0916931,106.5448581,64,Moderate,1,24.8,99,0.0,1.4,180,1008.6,100,53.8,54.8,498.0,43.7,7.0,20.3
2025-11-10 02:00:00,2025,11,10,2,Vĩnh Long,Xã An Ngãi Trung,10.0916931,106.5448581,67,Moderate,1,24.7,99,0.0,3.4,177,1007.9,100,56.2,57.0,531.0,43.9,4.0,19.3
2025-11-10 03:00:00,2025,11,10,3,Vĩnh Long,Xã An Ngãi Trung,10.0916931,106.5448581,70,Moderate,1,24.8,98,0.0,1.5,173,1007.5,100,58.4,58.6,558.0,42.6,2.0,17.7
2025-11-10 04:00:00,2025,11,10,4,Vĩnh Long,Xã An Ngãi Trung,10.0916931,106.5448581,74,Moderate,1,24.5,98,0.0,2.0,243,1007.8,100,60.3,60.3,562.0,40.4,4.0,17.8
2025-11-10 05:00:00,2025,11,10,5,Vĩnh Long,Xã An Ngãi Trung,10.0916931,106.5448581,77,Moderate,1,24.3,99,0.0,3.4,238,1008.1,100,63.3,63.3,528.0,37.4,10.0,22.1
2025-11-10 06:00:00,2025,11,10,6,Vĩnh Long,Xã An Ngãi Trung,10.0916931,106.5448581,81,Moderate,1,24.2,100,0.0,2.7,266,1008.4,100,66.6,66.8,469.0,33.4,20.0,28.1
2025-11-10 07:00:00,2025,11,10,7,Vĩnh Long,Xã An Ngãi Trung,10.0916931,106.5448581,85,Moderate,1,25.1,99,0.0,0.5,270,1009.2,100,87.5,88.0,409.0,36.2,29.0,21.2
2025-11-10 08:00:00,2025,11,10,8,Vĩnh Long,Xã An Ngãi Trung,10.0916931,106.5448581,92,Moderate,1,27.0,94,0.0,1.5,256,1009.7,100,51.2,52.0,351.0,26.9,48.0,17.1
2025-11-10 09:00:00,2025,11,10,9,Vĩnh Long,Xã An Ngãi Trung,10.0916931,106.5448581,95,Moderate,1,28.7,85,0.0,2.7,122,1010.1,100,26.8,28.6,292.0,14.0,73.0,11.5
2025-11-10 10:00:00,2025,11,10,10,Vĩnh Long,Xã An Ngãi Trung,10.0916931,106.5448581,97,Moderate,1,29.6,79,0.1,5.8,129,1009.6,100,20.7,23.5,242.0,4.4,93.0,7.1
2025-11-10 11:00:00,2025,11,10,11,Vĩnh Long,Xã An Ngãi Trung,10.0916931,106.5448581,98,Moderate,1,30.4,74,0.0,6.5,150,1008.6,100,18.8,21.0,204.0,1.3,102.0,5.1
2025-11-10 12:00:00,2025,11,10,12,Vĩnh Long,Xã An Ngãi Trung,10.0916931,106.5448581,99,Moderate,1,30.6,72,0.0,7.8,142,1007.6,100,17.6,19.1,175.0,1.6,104.0,4.4
2025-11-10 13:00:00,2025,11,10,13,Vĩnh Long,Xã An Ngãi Trung,10.0916931,106.5448581,100,Moderate,1,30.5,70,0.7,10.8,148,1006.8,100,17.1,18.9,158.0,2.3,104.0,4.1
2025-11-10 14:00:00,2025,11,10,14,Vĩnh Long,Xã An Ngãi Trung,10.0916931,106.5448581,100,Moderate,1,29.7,72,0.1,8.9,218,1006.9,100,16.5,19.0,155.0,2.5,102.0,4.0
2025-11-10 15:00:00,2025,11,10,15,Vĩnh Long,Xã An Ngãi Trung,10.0916931,106.5448581,101,Unhealthy for Sensitive Groups,2,28.2,80,0.1,8.4,239,1006.6,100,15.6,17.5,165.0,3.1,96.0,4.3
2025-11-10 16:00:00,2025,11,10,16,Vĩnh Long,Xã An Ngãi Trung,10.0916931,106.5448581,102,Unhealthy for Sensitive Groups,2,27.5,84,0.0,6.7,239,1006.6,100,16.1,18.1,185.0,4.5,88.0,4.8
2025-11-10 17:00:00,2025,11,10,17,Vĩnh Long,Xã An Ngãi Trung,10.0916931,106.5448581,103,Unhealthy for Sensitive Groups,2,27.3,85,0.0,6.7,224,1007.1,100,16.4,17.8,221.0,7.2,75.0,5.4
2025-11-10 18:00:00,2025,11,10,18,Vĩnh Long,Xã An Ngãi Trung,10.0916931,106.5448581,103,Unhealthy for Sensitive Groups,2,25.4,88,0.0,10.5,265,1007.8,100,18.0,19.3,267.0,10.6,60.0,6.1
2025-11-10 19:00:00,2025,11,10,19,Vĩnh Long,Xã An Ngãi Trung,10.0916931,106.5448581,104,Unhealthy for Sensitive Groups,2,25.3,93,0.0,7.0,215,1007.6,100,17.4,18.0,309.0,13.6,51.0,7.8
2025-11-10 20:00:00,2025,11,10,20,Vĩnh Long,Xã An Ngãi Trung,10.0916931,106.5448581,104,Unhealthy for Sensitive Groups,2,25.1,93,0.0,6.9,223,1008.8,100,18.9,19.3,344.0,14.6,49.0,8.3
2025-11-10 21:00:00,2025,11,10,21,Vĩnh Long,Xã An Ngãi Trung,10.0916931,106.5448581,103,Unhealthy for Sensitive Groups,2,24.8,94,0.0,4.3,222,1009.5,100,22.7,23.2,374.0,15.9,46.0,9.0
2025-11-10 22:00:00,2025,11,10,22,Vĩnh Long,Xã An Ngãi Trung,10.0916931,106.5448581,102,Unhealthy for Sensitive Groups,2,24.6,95,0.0,2.9,227,1009.7,100,25.1,25.6,391.0,16.7,43.0,9.4
2025-11-10 23:00:00,2025,11,10,23,Vĩnh Long,Xã An Ngãi Trung,10.0916931,106.5448581,101,Unhealthy for Sensitive Groups,2,24.5,96,0.0,3.7,191,1009.6,100,25.9,26.4,390.0,16.4,41.0,9.2
2025-11-11 00:00:00,2025,11,11,0,Vĩnh Long,Xã An Ngãi Trung,10.0916931,106.5448581,99,Moderate,1,24.4,96,0.0,2.3,252,1009.5,100,22.7,23.2,376.0,15.7,39.0,8.7
2025-11-11 01:00:00,2025,11,11,1,Vĩnh Long,Xã An Ngãi Trung,10.0916931,106.5448581,97,Moderate,1,25.3,95,0.0,6.0,163,1008.3,100,21.4,21.8,356.0,15.1,38.0,8.6
2025-11-11 02:00:00,2025,11,11,2,Vĩnh Long,Xã An Ngãi Trung,10.0916931,106.5448581,94,Moderate,1,25.1,94,0.0,4.6,144,1007.9,100,21.7,22.0,325.0,15.1,38.0,9.0
2025-11-11 03:00:00,2025,11,11,3,Vĩnh Long,Xã An Ngãi Trung,10.0916931,106.5448581,91,Moderate,1,25.1,93,0.0,2.8,140,1007.9,100,22.1,22.2,287.0,15.3,38.0,9.8
2025-11-11 04:00:00,2025,11,11,4,Vĩnh Long,Xã An Ngãi Trung,10.0916931,106.5448581,87,Moderate,1,25.0,93,0.0,0.4,360,1008.0,100,22.8,22.9,261.0,15.4,38.0,10.6
2025-11-11 05:00:00,2025,11,11,5,Vĩnh Long,Xã An Ngãi Trung,10.0916931,106.5448581,84,Moderate,1,22.9,99,2.5,9.7,345,1009.1,100,25.3,25.4,262.0,15.8,37.0,11.7
2025-11-11 06:00:00,2025,11,11,6,Vĩnh Long,Xã An Ngãi Trung,10.0916931,106.5448581,81,Moderate,1,23.2,97,0.1,5.1,354,1010.0,100,28.0,28.2,275.0,16.1,37.0,13.0
2025-11-11 07:00:00,2025,11,11,7,Vĩnh Long,Xã An Ngãi Trung,10.0916931,106.5448581,77,Moderate,1,24.5,96,0.0,6.9,51,1009.5,100,14.2,14.4,278.0,13.7,48.0,10.4
2025-11-11 08:00:00,2025,11,11,8,Vĩnh Long,Xã An Ngãi Trung,10.0916931,106.5448581,71,Moderate,1,26.2,91,0.0,3.5,66,1010.8,100,11.5,11.7,257.0,10.8,57.0,8.8
2025-11-11 09:00:00,2025,11,11,9,Vĩnh Long,Xã An Ngãi Trung,10.0916931,106.5448581,67,Moderate,1,27.9,83,0.0,6.6,119,1010.9,100,10.5,10.9,226.0,6.8,69.0,6.6
2025-11-11 10:00:00,2025,11,11,10,Vĩnh Long,Xã An Ngãi Trung,10.0916931,106.5448581,66,Moderate,1,29.2,76,0.0,6.6,116,1010.4,100,9.5,10.2,200.0,3.7,79.0,4.8
2025-11-11 11:00:00,2025,11,11,11,Vĩnh Long,Xã An Ngãi Trung,10.0916931,106.5448581,65,Moderate,1,30.0,72,0.0,6.5,136,1009.9,100,9.2,10.2,185.0,2.3,86.0,4.0
2025-11-11 12:00:00,2025,11,11,12,Vĩnh Long,Xã An Ngãi Trung,10.0916931,106.5448581,64,Moderate,1,30.5,70,0.1,6.4,142,1008.7,100,9.0,10.2,176.0,1.8,92.0,3.7
2025-11-11 13:00:00,2025,11,11,13,Vĩnh Long,Xã An Ngãi Trung,10.0916931,106.5448581,63,Moderate,1,30.5,71,0.0,10.0,129,1008.2,100,9.4,11.1,168.0,1.7,94.0,3.5
2025-11-11 14:00:00,2025,11,11,14,Vĩnh Long,Xã An Ngãi Trung,10.0916931,106.5448581,63,Moderate,1,29.5,71,1.8,8.3,139,1007.5,100,9.2,11.0,160.0,1.7,92.0,3.2
2025-11-11 15:00:00,2025,11,11,15,Vĩnh Long,Xã An Ngãi Trung,10.0916931,106.5448581,62,Moderate,1,29.2,74,0.8,5.9,191,1007.0,100,9.0,10.8,154.0,2.1,86.0,3.0
2025-11-11 16:00:00,2025,11,11,16,Vĩnh Long,Xã An Ngãi Trung,10.0916931,106.5448581,61,Moderate,1,29.0,76,0.0,7.3,170,1006.8,100,9.1,10.9,155.0,3.5,78.0,3.2
2025-11-11 17:00:00,2025,11,11,17,Vĩnh Long,Xã An Ngãi Trung,10.0916931,106.5448581,61,Moderate,1,28.0,82,0.0,4.6,162,1007.3,100,9.6,11.3,168.0,6.5,68.0,4.1
2025-11-11 18:00:00,2025,11,11,18,Vĩnh Long,Xã An Ngãi Trung,10.0916931,106.5448581,60,Moderate,1,26.7,86,0.0,4.8,165,1008.0,100,12.0,13.6,188.0,10.4,56.0,5.5
2025-11-11 19:00:00,2025,11,11,19,Vĩnh Long,Xã An Ngãi Trung,10.0916931,106.5448581,60,Moderate,1,26.8,88,0.0,5.5,161,1008.1,100,24.7,26.9,206.0,22.9,39.0,10.7
2025-11-11 20:00:00,2025,11,11,20,Vĩnh Long,Xã An Ngãi Trung,10.0916931,106.5448581,60,Moderate,1,27.0,88,0.0,1.7,198,1009.2,100,26.5,28.7,220.0,23.0,37.0,11.3
2025-11-11 21:00:00,2025,11,11,21,Vĩnh Long,Xã An Ngãi Trung,10.0916931,106.5448581,61,Moderate,1,26.8,88,0.0,1.7,148,1009.4,100,26.8,29.2,232.0,23.2,34.0,12.1
2025-11-11 22:00:00,2025,11,11,22,Vĩnh Long,Xã An Ngãi Trung,10.0916931,106.5448581,61,Moderate,1,26.4,91,0.0,4.1,167,1009.6,100,29.7,32.1,242.0,22.7,32.0,12.3
2025-11-11 23:00:00,2025,11,11,23,Vĩnh Long,Xã An Ngãi Trung,10.0916931,106.5448581,62,Moderate,1,26.0,93,0.0,4.7,180,1009.7,100,30.3,32.8,249.0,21.1,32.0,11.2
2025-11-12 00:00:00,2025,11,12,0,Vĩnh Long,Xã An Ngãi Trung,10.0916931,106.5448581,62,Moderate,1,25.6,92,0.2,3.8,8,1009.8,100,28.3,30.9,253.0,19.0,32.0,9.4
2025-11-12 01:00:00,2025,11,12,1,Vĩnh Long,Xã An Ngãi Trung,10.0916931,106.5448581,63,Moderate,1,24.8,95,0.4,1.6,96,1009.5,100,26.0,28.5,253.0,17.4,33.0,8.0
2025-11-12 02:00:00,2025,11,12,2,Vĩnh Long,Xã An Ngãi Trung,10.0916931,106.5448581,63,Moderate,1,25.0,95,0.0,2.3,113,1008.7,100,24.1,26.5,249.0,16.9,33.0,7.5
2025-11-12 03:00:00,2025,11,12,3,Vĩnh Long,Xã An Ngãi Trung,10.0916931,106.5448581,63,Moderate,1,24.9,95,0.0,2.8,105,1008.7,100,24.3,26.9,242.0,16.8,34.0,7.4
2025-11-12 04:00:00,2025,11,12,4,Vĩnh Long,Xã An Ngãi Trung,10.0916931,106.5448581,63,Moderate,1,24.9,95,0.0,4.0,93,1009.0,100,26.4,29.2,231.0,16.7,35.0,7.3
2025-11-12 05:00:00,2025,11,12,5,Vĩnh Long,Xã An Ngãi Trung,10.0916931,106.5448581,64,Moderate,1,25.0,94,0.0,5.1,98,1009.4,100,29.0,31.8,215.0,16.6,36.0,7.3
2025-11-12 06:00:00,2025,11,12,6,Vĩnh Long,Xã An Ngãi Trung,10.0916931,106.5448581,64,Moderate,1,25.1,93,0.0,5.4,94,1010.1,100,37.3,39.6,196.0,16.4,38.0,7.3
2025-11-12 07:00:00,2025,11,12,7,Vĩnh Long,Xã An Ngãi Trung,10.0916931,106.5448581,65,Moderate,1,26.7,91,0.0,4.9,84,1010.4,100,25.3,28.8,180.0,13.4,45.0,7.7
2025-11-12 08:00:00,2025,11,12,8,Vĩnh Long,Xã An Ngãi Trung,10.0916931,106.5448581,66,Moderate,1,27.4,85,0.1,8.0,80,1011.5,100,21.5,25.8,168.0,10.2,59.0,6.5
2025-11-12 09:00:00,2025,11,12,9,Vĩnh Long,Xã An Ngãi Trung,10.0916931,106.5448581,67,Moderate,1,28.2,81,0.1,8.6,75,1011.7,99,19.0,23.6,158.0,5.8,79.0,4.9
2025-11-12 10:00:00,2025,11,12,10,Vĩnh Long,Xã An Ngãi Trung,10.0916931,106.5448581,67,Moderate,1,28.2,82,0.2,9.8,114,1011.8,100,16.4,19.7,151.0,2.5,93.0,3.5
2025-11-12 11:00:00,2025,11,12,11,Vĩnh Long,Xã An Ngãi Trung,10.0916931,106.5448581,68,Moderate,1,28.5,80,0.2,10.2,103,1011.3,100,14.7,16.6,146.0,1.6,96.0,2.6
2025-11-12 12:00:00,2025,11,12,12,Vĩnh Long,Xã An Ngãi Trung,10.0916931,106.5448581,69,Moderate,1,28.4,80,0.2,11.7,104,1010.2,100,14.2,15.8,142.0,1.8,94.0,1.9
2025-11-12 13:00:00,2025,11,12,13,Vĩnh Long,Xã An Ngãi Trung,10.0916931,106.5448581,69,Moderate,1,28.8,73,0.1,11.8,117,1009.4,100,13.3,14.7,142.0,2.2,92.0,1.6
2025-11-12 14:00:00,2025,11,12,14,Vĩnh Long,Xã An Ngãi Trung,10.0916931,106.5448581,69,Moderate,1,29.1,76,0.2,8.2,112,1008.1,97,11.8,12.9,141.0,2.0,92.0,1.6
2025-11-12 15:00:00,2025,11,12,15,Vĩnh Long,Xã An Ngãi Trung,10.0916931,106.5448581,70,Moderate,1,29.0,75,0.1,10.2,122,1007.8,51,10.1,11.1,144.0,2.0,91.0,1.9
2025-11-12 16:00:00,2025,11,12,16,Vĩnh Long,Xã An Ngãi Trung,10.0916931,106.5448581,70,Moderate,1,28.2,77,0.1,9.9,117,1008.2,100,9.9,10.9,158.0,3.3,87.0,2.7
2025-11-12 17:00:00,2025,11,12,17,Vĩnh Long,Xã An Ngãi Trung,10.0916931,106.5448581,70,Moderate,1,27.5,83,0.0,6.6,107,1009.0,99,10.2,11.1,199.0,7.1,78.0,4.2
2025-11-12 18:00:00,2025,11,12,18,Vĩnh Long,Xã An Ngãi Trung,10.0916931,106.5448581,70,Moderate,1,26.4,88,0.0,4.2,70,1010.0,99,15.7,16.8,252.0,12.2,67.0,6.2
2025-11-12 19:00:00,2025,11,12,19,Vĩnh Long,Xã An Ngãi Trung,10.0916931,106.5448581,70,Moderate,1,26.5,87,0.0,1.8,156,1010.1,100,20.9,22.0,284.0,16.3,67.0,8.6
2025-11-12 20:00:00,2025,11,12,20,Vĩnh Long,Xã An Ngãi Trung,10.0916931,106.5448581,70,Moderate,1,26.4,89,0.0,1.3,344,1011.1,98,31.3,32.6,273.0,20.2,58.0,10.6
2025-11-12 21:00:00,2025,11,12,21,Vĩnh Long,Xã An Ngãi Trung,10.0916931,106.5448581,70,Moderate,1,25.6,91,0.4,1.8,66,1012.0,100,36.1,37.5,241.0,25.6,45.0,13.3
2025-11-12 22:00:00,2025,11,12,22,Vĩnh Long,Xã An Ngãi Trung,10.0916931,106.5448581,71,Moderate,1,25.7,91,0.1,3.4,155,1011.9,98,39.7,41.3,216.0,29.0,36.0,14.8
2025-11-12 23:00:00,2025,11,12,23,Vĩnh Long,Xã An Ngãi Trung,10.0916931,106.5448581,72,Moderate,1,25.4,92,0.0,4.5,133,1011.8,100,42.6,44.7,208.0,28.7,36.0,13.9
2025-11-13 00:00:00,2025,11,13,0,Vĩnh Long,Xã An Ngãi Trung,10.0916931,106.5448581,73,Moderate,1,25.4,92,0.0,6.0,129,1011.5,100,42.3,44.1,206.0,26.4,40.0,11.8
2025-11-13 01:00:00,2025,11,13,1,Vĩnh Long,Xã An Ngãi Trung,10.0916931,106.5448581,74,Moderate,1,25.5,91,0.0,8.1,93,1010.8,100,42.5,44.5,212.0,24.5,43.0,10.2
2025-11-13 02:00:00,2025,11,13,2,Vĩnh Long,Xã An Ngãi Trung,10.0916931,106.5448581,76,Moderate,1,25.5,91,0.0,5.3,100,1010.0,99,44.5,46.6,226.0,23.7,42.0,9.7
2025-11-13 03:00:00,2025,11,13,3,Vĩnh Long,Xã An Ngãi Trung,10.0916931,106.5448581,78,Moderate,1,25.1,93,0.0,4.7,86,1009.8,98,47.8,49.8,247.0,23.2,39.0,9.7
2025-11-13 04:00:00,2025,11,13,4,Vĩnh Long,Xã An Ngãi Trung,10.0916931,106.5448581,80,Moderate,1,25.1,93,0.0,3.6,49,1009.7,98,45.4,46.9,270.0,23.2,38.0,10.7
2025-11-13 05:00:00,2025,11,13,5,Vĩnh Long,Xã An Ngãi Trung,10.0916931,106.5448581,81,Moderate,1,25.1,93,0.0,1.7,342,1010.2,95,46.8,48.4,291.0,24.7,37.0,13.6
2025-11-13 06:00:00,2025,11,13,6,Vĩnh Long,Xã An Ngãi Trung,10.0916931,106.5448581,83,Moderate,1,24.6,95,0.0,4.7,16,1010.9,95,51.3,53.0,313.0,26.8,37.0,17.5
2025-11-13 07:00:00,2025,11,13,7,Vĩnh Long,Xã An Ngãi Trung,10.0916931,106.5448581,84,Moderate,1,26.5,92,0.0,7.6,14,1011.3,90,40.7,42.4,344.0,17.6,52.0,10.3
2025-11-13 08:00:00,2025,11,13,8,Vĩnh Long,Xã An Ngãi Trung,10.0916931,106.5448581,86,Moderate,1,27.4,90,0.1,9.6,14,1012.5,99,26.5,28.3,398.0,13.9,69.0,8.3
2025-11-13 09:00:00,2025,11,13,9,Vĩnh Long,Xã An Ngãi Trung,10.0916931,106.5448581,86,Moderate,1,28.5,85,0.1,6.0,16,1012.9,97,18.6,19.9,461.0,8.7,92.0,5.4
2025-11-13 10:00:00,2025,11,13,10,Vĩnh Long,Xã An Ngãi Trung,10.0916931,106.5448581,86,Moderate,1,29.5,81,0.1,7.0,12,1012.6,100,18.8,19.8,492.0,4.9,112.0,3.5
2025-11-13 11:00:00,2025,11,13,11,Vĩnh Long,Xã An Ngãi Trung,10.0916931,106.5448581,86,Moderate,1,30.2,74,0.1,6.0,10,1012.0,100,20.1,21.0,462.0,3.8,125.0,3.3
2025-11-13 12:00:00,2025,11,13,12,Vĩnh Long,Xã An Ngãi Trung,10.0916931,106.5448581,87,Moderate,1,30.0,72,0.1,8.0,10,1011.2,100,22.9,23.7,401.0,4.0,135.0,3.9
2025-11-13 13:00:00,2025,11,13,13,Vĩnh Long,Xã An Ngãi Trung,10.0916931,106.5448581,87,Moderate,1,28.5,77,2.0,4.1,165,1010.5,98,26.2,27.0,353.0,4.4,141.0,4.4
2025-11-13 14:00:00,2025,11,13,14,Vĩnh Long,Xã An Ngãi Trung,10.0916931,106.5448581,89,Moderate,1,28.2,78,0.8,12.1,4,1009.6,100,33.1,33.8,334.0,4.4,144.0,4.5
2025-11-13 15:00:00,2025,11,13,15,Vĩnh Long,Xã An Ngãi Trung,10.0916931,106.5448581,90,Moderate,1,28.1,83,0.1,4.2,335,1009.0,100,27.5,28.2,328.0,4.4,145.0,4.4
2025-11-13 16:00:00,2025,11,13,16,Vĩnh Long,Xã An Ngãi Trung,10.0916931,106.5448581,92,Moderate,1,28.2,83,0.1,2.2,99,1009.2,100,27.5,28.3,336.0,4.9,141.0,4.5
2025-11-13 17:00:00,2025,11,13,17,Vĩnh Long,Xã An Ngãi Trung,10.0916931,106.5448581,94,Moderate,1,27.1,85,1.3,6.4,101,1009.6,100,22.5,23.3,366.0,6.0,132.0,4.6
2025-11-13 18:00:00,2025,11,13,18,Vĩnh Long,Xã An Ngãi Trung,10.0916931,106.5448581,95,Moderate,1,26.9,85,0.0,1.1,189,1010.4,100,25.0,26.8,411.0,7.5,118.0,4.9
2025-11-13 19:00:00,2025,11,13,19,Vĩnh Long,Xã An Ngãi Trung,10.0916931,106.5448581,96,Moderate,1,24.9,93,2.0,1.7,148,1010.5,100,29.8,30.9,446.0,12.8,96.0,7.7
2025-11-13 20:00:00,2025,11,13,20,Vĩnh Long,Xã An Ngãi Trung,10.0916931,106.5448581,96,Moderate,1,24.7,95,0.1,3.0,57,1011.8,100,31.4,33.4,465.0,13.6,89.0,8.1
2025-11-13 21:00:00,2025,11,13,21,Vĩnh Long,Xã An Ngãi Trung,10.0916931,106.5448581,96,Moderate,1,24.8,92,0.0,1.4,40,1011.9,100,31.1,33.2,474.0,14.8,79.0,8.6
2025-11-13 22:00:00,2025,11,13,22,Vĩnh Long,Xã An Ngãi Trung,10.0916931,106.5448581,96,Moderate,1,24.4,95,0.0,3.1,320,1011.9,100,33.8,35.7,473.0,15.8,70.0,9.0
2025-11-13 23:00:00,2025,11,13,23,Vĩnh Long,Xã An Ngãi Trung,10.0916931,106.5448581,95,Moderate,1,24.0,97,0.0,2.8,215,1011.8,100,36.9,38.9,454.0,16.5,64.0,8.9
2025-11-14 00:00:00,2025,11,14,0,Vĩnh Long,Xã An Ngãi Trung,10.0916931,106.5448581,95,Moderate,1,24.2,95,0.0,0.4,207,1011.2,100,38.9,40.6,425.0,17.0,59.0,8.6
2025-11-14 01:00:00,2025,11,14,1,Vĩnh Long,Xã An Ngãi Trung,10.0916931,106.5448581,94,Moderate,1,25.0,93,0.0,5.0,105,1010.2,100,37.0,38.6,408.0,17.2,57.0,8.6
2025-11-14 02:00:00,2025,11,14,2,Vĩnh Long,Xã An Ngãi Trung,10.0916931,106.5448581,94,Moderate,1,25.0,91,0.0,2.2,42,1009.7,100,37.3,38.2,416.0,17.0,58.0,9.1
2025-11-14 03:00:00,2025,11,14,3,Vĩnh Long,Xã An Ngãi Trung,10.0916931,106.5448581,93,Moderate,1,24.6,94,0.0,4.4,351,1009.5,100,38.2,39.1,436.0,16.4,61.0,9.8
2025-11-14 04:00:00,2025,11,14,4,Vĩnh Long,Xã An Ngãi Trung,10.0916931,106.5448581,92,Moderate,1,24.4,97,0.0,4.5,337,1009.1,100,40.2,41.0,451.0,16.2,64.0,10.9
2025-11-14 05:00:00,2025,11,14,5,Vĩnh Long,Xã An Ngãi Trung,10.0916931,106.5448581,92,Moderate,1,24.3,98,0.0,5.4,323,1009.5,100,41.9,42.6,456.0,17.0,62.0,12.7
2025-11-14 06:00:00,2025,11,14,6,Vĩnh Long,Xã An Ngãi Trung,10.0916931,106.5448581,92,Moderate,1,24.1,98,0.0,3.5,321,1009.9,100,45.4,46.2,457.0,18.0,59.0,14.8
2025-11-14 07:00:00,2025,11,14,7,Vĩnh Long,Xã An Ngãi Trung,10.0916931,106.5448581,91,Moderate,1,25.1,95,0.0,0.4,153,1010.4,100,49.2,49.9,447.0,20.2,63.0,22.1
2025-11-14 08:00:00,2025,11,14,8,Vĩnh Long,Xã An Ngãi Trung,10.0916931,106.5448581,92,Moderate,1,26.1,88,0.5,5.6,68,1011.6,100,41.8,42.5,420.0,17.3,82.0,21.6
2025-11-14 09:00:00,2025,11,14,9,Vĩnh Long,Xã An Ngãi Trung,10.0916931,106.5448581,93,Moderate,1,27.0,83,0.4,4.2,54,1012.2,100,33.8,34.6,383.0,13.1,109.0,20.8
2025-11-14 10:00:00,2025,11,14,10,Vĩnh Long,Xã An Ngãi Trung,10.0916931,106.5448581,95,Moderate,1,28.5,75,0.3,5.3,62,1012.1,100,31.4,32.0,354.0,9.6,135.0,19.6
2025-11-14 11:00:00,2025,11,14,11,Vĩnh Long,Xã An Ngãi Trung,10.0916931,106.5448581,96,Moderate,1,29.1,71,0.7,4.6,69,1011.3,97,30.3,30.9,340.0,7.2,158.0,17.5
2025-11-14 12:00:00,2025,11,14,12,Vĩnh Long,Xã An Ngãi Trung,10.0916931,106.5448581,97,Moderate,1,29.1,72,0.7,4.6,69,1010.5,91,30.5,31.1,333.0,5.3,179.0,15.0
2025-11-14 13:00:00,2025,11,14,13,Vĩnh Long,Xã An Ngãi Trung,10.0916931,106.5448581,97,Moderate,1,29.3,74,1.0,5.3,98,1009.3,81,30.6,31.2,330.0,4.1,192.0,12.9
2025-11-14 14:00:00,2025,11,14,14,Vĩnh Long,Xã An Ngãi Trung,10.0916931,106.5448581,98,Moderate,1,29.2,74,0.2,6.8,108,1008.7,57,29.8,30.5,329.0,3.7,194.0,11.7
2025-11-14 15:00:00,2025,11,14,15,Vĩnh Long,Xã An Ngãi Trung,10.0916931,106.5448581,103,Unhealthy for Sensitive Groups,2,28.6,76,0.2,9.7,117,1008.7,95,28.7,29.5,332.0,3.9,187.0,10.9
2025-11-14 16:00:00,2025,11,14,16,Vĩnh Long,Xã An Ngãi Trung,10.0916931,106.5448581,129,Unhealthy for Sensitive Groups,2,27.6,76,0.2,11.9,113,1008.9,99,27.4,28.3,340.0,4.7,174.0,10.0
2025-11-14 17:00:00,2025,11,14,17,Vĩnh Long,Xã An Ngãi Trung,10.0916931,106.5448581,149,Unhealthy for Sensitive Groups,2,26.4,78,0.1,8.6,101,1009.2,98,27.4,28.5,357.0,6.3,152.0,8.8
2025-11-14 18:00:00,2025,11,14,18,Vĩnh Long,Xã An Ngãi Trung,10.0916931,106.5448581,156,Unhealthy,3,25.5,81,0.0,8.0,95,1009.6,42,25.7,27.5,380.0,8.4,124.0,7.5
2025-11-14 19:00:00,2025,11,14,19,Vĩnh Long,Xã An Ngãi Trung,10.0916931,106.5448581,154,Unhealthy,3,25.2,83,0.0,6.4,98,1010.1,85,33.2,34.6,396.0,15.7,94.0,10.6
2025-11-14 20:00:00,2025,11,14,20,Vĩnh Long,Xã An Ngãi Trung,10.0916931,106.5448581,142,Unhealthy for Sensitive Groups,2,25.4,82,0.0,6.0,85,1011.2,84,30.6,32.7,401.0,14.3,91.0,10.0
2025-11-14 21:00:00,2025,11,14,21,Vĩnh Long,Xã An Ngãi Trung,10.0916931,106.5448581,123,Unhealthy for Sensitive Groups,2,25.4,83,0.0,7.0,72,1011.2,74,29.1,31.4,399.0,12.6,87.0,9.3
2025-11-14 22:00:00,2025,11,14,22,Vĩnh Long,Xã An Ngãi Trung,10.0916931,106.5448581,101,Unhealthy for Sensitive Groups,2,25.0,86,0.0,5.8,60,1011.4,100,29.1,32.1,393.0,11.9,82.0,8.8
2025-11-14 23:00:00,2025,11,14,23,Vĩnh Long,Xã An Ngãi Trung,10.0916931,106.5448581,98,Moderate,1,24.6,88,0.0,4.1,360,1011.3,100,29.3,32.6,377.0,13.3,77.0,8.8
2025-11-15 00:00:00,2025,11,15,0,Vĩnh Long,Xã An Ngãi Trung,10.0916931,106.5448581,97,Moderate,1,24.1,90,0.0,5.1,337,1010.9,100,31.4,34.9,357.0,15.7,72.0,9.1
2025-11-15 01:00:00,2025,11,15,1,Vĩnh Long,Xã An Ngãi Trung,10.0916931,106.5448581,96,Moderate,1,23.9,94,0.0,3.9,332,1010.5,31,35.7,39.2,356.0,18.1,66.0,9.7
2025-11-15 02:00:00,2025,11,15,2,Vĩnh Long,Xã An Ngãi Trung,10.0916931,106.5448581,96,Moderate,1,24.1,93,0.0,1.0,301,1009.7,46,40.3,43.5,387.0,20.1,57.0,10.4
2025-11-15 03:00:00,2025,11,15,3,Vĩnh Long,Xã An Ngãi Trung,10.0916931,106.5448581,96,Moderate,1,23.6,93,0.0,3.0,335,1009.4,99,42.3,44.7,436.0,22.0,48.0,11.4
2025-11-15 04:00:00,2025,11,15,4,Vĩnh Long,Xã An Ngãi Trung,10.0916931,106.5448581,97,Moderate,1,23.3,95,0.0,4.4,351,1009.8,15,45.5,46.9,485.0,23.5,40.0,13.0
2025-11-15 05:00:00,2025,11,15,5,Vĩnh Long,Xã An Ngãi Trung,10.0916931,106.5448581,97,Moderate,1,23.0,97,0.0,4.5,2,1010.2,3,46.3,47.0,539.0,24.9,33.0,16.2
2025-11-15 06:00:00,2025,11,15,6,Vĩnh Long,Xã An Ngãi Trung,10.0916931,106.5448581,98,Moderate,1,22.9,97,0.0,7.6,353,1010.7,97,47.4,48.0,594.0,26.0,28.0,20.0
2025-11-15 07:00:00,2025,11,15,7,Vĩnh Long,Xã An Ngãi Trung,10.0916931,106.5448581,98,Moderate,1,23.5,84,0.0,9.4,343,1010.8,57,48.5,49.1,611.0,28.8,32.0,27.1
2025-11-15 08:00:00,2025,11,15,8,Vĩnh Long,Xã An Ngãi Trung,10.0916931,106.5448581,98,Moderate,1,24.7,75,0.0,9.6,356,1011.8,73,46.4,46.9,565.0,25.8,57.0,26.0
2025-11-15 09:00:00,2025,11,15,9,Vĩnh Long,Xã An Ngãi Trung,10.0916931,106.5448581,98,Moderate,1,26.0,69,0.0,6.3,2,1012.2,80,44.4,45.2,483.0,21.5,91.0,24.3
2025-11-15 10:00:00,2025,11,15,10,Vĩnh Long,Xã An Ngãi Trung,10.0916931,106.5448581,99,Moderate,1,27.6,68,0.0,1.3,360,1012.1,45,38.9,39.9,407.0,16.9,118.0,21.4
2025-11-15 11:00:00,2025,11,15,11,Vĩnh Long,Xã An Ngãi Trung,10.0916931,106.5448581,100,Moderate,1,28.8,68,0.0,5.7,122,1011.6,28,34.0,35.3,348.0,11.6,132.0,16.1
2025-11-15 12:00:00,2025,11,15,12,Vĩnh Long,Xã An Ngãi Trung,10.0916931,106.5448581,100,Moderate,1,29.3,61,0.0,10.6,101,1010.4,1,29.2,30.5,294.0,6.0,140.0,9.6
2025-11-15 13:00:00,2025,11,15,13,Vĩnh Long,Xã An Ngãi Trung,10.0916931,106.5448581,100,Moderate,1,29.6,59,0.0,10.5,103,1010.0,1,21.2,22.5,258.0,2.1,141.0,4.7
2025-11-15 14:00:00,2025,11,15,14,Vĩnh Long,Xã An Ngãi Trung,10.0916931,106.5448581,99,Moderate,1,29.6,58,0.0,10.1,100,1009.0,6,16.3,18.3,245.0,0.6,134.0,2.5
2025-11-15 15:00:00,2025,11,15,15,Vĩnh Long,Xã An Ngãi Trung,10.0916931,106.5448581,98,Moderate,1,29.1,59,0.0,10.7,107,1008.9,7,12.6,14.6,248.0,0.8,120.0,1.8
2025-11-15 16:00:00,2025,11,15,16,Vĩnh Long,Xã An Ngãi Trung,10.0916931,106.5448581,96,Moderate,1,28.0,66,0.0,9.1,115,1008.7,40,11.2,13.2,260.0,2.5,106.0,2.0
2025-11-15 17:00:00,2025,11,15,17,Vĩnh Long,Xã An Ngãi Trung,10.0916931,106.5448581,95,Moderate,1,26.8,78,0.0,4.5,127,1008.9,95,13.2,15.0,281.0,6.1,93.0,3.2
2025-11-15 18:00:00,2025,11,15,18,Vĩnh Long,Xã An Ngãi Trung,10.0916931,106.5448581,94,Moderate,1,25.5,82,0.0,5.0,154,1009.6,100,17.5,19.7,311.0,11.3,80.0,5.3
2025-11-15 19:00:00,2025,11,15,19,Vĩnh Long,Xã An Ngãi Trung,10.0916931,106.5448581,93,Moderate,1,25.6,83,0.0,3.2,161,1010.0,100,16.2,18.3,340.0,13.2,68.0,6.2
2025-11-15 20:00:00,2025,11,15,20,Vĩnh Long,Xã An Ngãi Trung,10.0916931,106.5448581,92,Moderate,1,26.0,83,0.0,0.4,243,1010.7,100,19.7,21.9,365.0,14.6,66.0,7.5
2025-11-15 21:00:00,2025,11,15,21,Vĩnh Long,Xã An Ngãi Trung,10.0916931,106.5448581,91,Moderate,1,25.5,84,0.0,0.2,270,1011.0,83,23.5,26.0,388.0,16.5,64.0,9.2
2025-11-15 22:00:00,2025,11,15,22,Vĩnh Long,Xã An Ngãi Trung,10.0916931,106.5448581,90,Moderate,1,25.1,87,0.0,0.6,304,1010.8,100,26.3,29.0,407.0,17.9,62.0,10.2
2025-11-15 23:00:00,2025,11,15,23,Vĩnh Long,Xã An Ngãi Trung,10.0916931,106.5448581,90,Moderate,1,24.8,89,0.0,2.8,310,1010.9,100,26.5,29.3,422.0,17.9,61.0,9.6
2025-11-16 00:00:00,2025,11,16,0,Vĩnh Long,Xã An Ngãi Trung,10.0916931,106.5448581,90,Moderate,1,24.6,89,0.0,5.1,312,1010.4,100,25.2,28.1,432.0,17.3,60.0,8.4
2025-11-16 01:00:00,2025,11,16,1,Vĩnh Long,Xã An Ngãi Trung,10.0916931,106.5448581,89,Moderate,1,24.4,93,0.0,4.4,308,1010.1,50,26.4,29.3,432.0,17.9,57.0,7.6
2025-11-16 02:00:00,2025,11,16,2,Vĩnh Long,Xã An Ngãi Trung,10.0916931,106.5448581,88,Moderate,1,24.6,94,0.0,3.9,294,1009.2,45,29.4,32.4,409.0,21.0,50.0,7.8
2025-11-16 03:00:00,2025,11,16,3,Vĩnh Long,Xã An Ngãi Trung,10.0916931,106.5448581,87,Moderate,1,24.4,94,0.0,3.5,279,1008.6,100,35.2,38.2,376.0,25.1,40.0,8.6
2025-11-16 04:00:00,2025,11,16,4,Vĩnh Long,Xã An Ngãi Trung,10.0916931,106.5448581,87,Moderate,1,24.4,94,0.0,4.8,299,1008.6,99,39.5,42.3,362.0,27.9,33.0,9.7
2025-11-16 05:00:00,2025,11,16,5,Vĩnh Long,Xã An Ngãi Trung,10.0916931,106.5448581,86,Moderate,1,24.3,91,0.0,6.0,311,1009.0,100,38.9,41.4,394.0,28.2,29.0,11.2
2025-11-16 06:00:00,2025,11,16,6,Vĩnh Long,Xã An Ngãi Trung,10.0916931,106.5448581,85,Moderate,1,24.0,89,0.0,6.3,336,1009.8,100,39.5,41.9,445.0,27.2,28.0,13.1
2025-11-16 07:00:00,2025,11,16,7,Vĩnh Long,Xã An Ngãi Trung,10.0916931,106.5448581,85,Moderate,1,25.2,85,0.0,5.4,340,1010.5,100,39.1,40.5,471.0,21.3,37.0,15.4
2025-11-16 08:00:00,2025,11,16,8,Vĩnh Long,Xã An Ngãi Trung,10.0916931,106.5448581,84,Moderate,1,26.5,82,0.0,5.5,351,1011.3,100,31.8,32.6,448.0,17.7,65.0,17.7
2025-11-16 09:00:00,2025,11,16,9,Vĩnh Long,Xã An Ngãi Trung,10.0916931,106.5448581,83,Moderate,1,27.6,79,0.0,3.5,28,1012.0,100,29.7,30.5,399.0,12.7,104.0,20.8
2025-11-16 10:00:00,2025,11,16,10,Vĩnh Long,Xã An Ngãi Trung,10.0916931,106.5448581,81,Moderate,1,27.0,79,3.3,9.4,90,1011.8,100,29.5,30.0,350.0,9.2,130.0,22.3
2025-11-16 11:00:00,2025,11,16,11,Vĩnh Long,Xã An Ngãi Trung,10.0916931,106.5448581,80,Moderate,1,26.9,83,0.3,4.2,78,1011.5,100,28.9,29.5,306.0,8.6,133.0,20.8
2025-11-16 12:00:00,2025,11,16,12,Vĩnh Long,Xã An Ngãi Trung,10.0916931,106.5448581,80,Moderate,1,27.9,80,0.5,8.3,76,1010.7,100,29.7,30.3,262.0,9.4,124.0,17.7
2025-11-16 13:00:00,2025,11,16,13,Vĩnh Long,Xã An Ngãi Trung,10.0916931,106.5448581,80,Moderate,1,26.1,88,11.2,11.4,72,1010.2,100,25.8,26.1,224.0,10.2,115.0,15.0
2025-11-16 14:00:00,2025,11,16,14,Vĩnh Long,Xã An Ngãi Trung,10.0916931,106.5448581,80,Moderate,1,25.9,87,1.5,16.7,84,1009.2,100,24.9,25.4,193.0,10.6,113.0,13.4
2025-11-16 15:00:00,2025,11,16,15,Vĩnh Long,Xã An Ngãi Trung,10.0916931,106.5448581,81,Moderate,1,25.4,94,4.1,12.8,71,1009.1,100,23.6,24.1,167.0,11.0,110.0,12.3
2025-11-16 16:00:00,2025,11,16,16,Vĩnh Long,Xã An Ngãi Trung,10.0916931,106.5448581,82,Moderate,1,25.4,94,0.5,11.8,84,1009.1,99,23.6,24.0,151.0,11.4,104.0,11.1
2025-11-16 17:00:00,2025,11,16,17,Vĩnh Long,Xã An Ngãi Trung,10.0916931,106.5448581,83,Moderate,1,24.8,91,2.6,10.8,69,1009.9,100,21.6,22.2,150.0,12.2,89.0,9.9
2025-11-16 18:00:00,2025,11,16,18,Vĩnh Long,Xã An Ngãi Trung,10.0916931,106.5448581,84,Moderate,1,24.6,94,1.0,7.9,45,1010.2,99,19.3,20.3,158.0,13.0,69.0,8.6
2025-11-16 19:00:00,2025,11,16,19,Vĩnh Long,Xã An Ngãi Trung,10.0916931,106.5448581,84,Moderate,1,24.8,91,0.5,10.0,64,1010.9,100,14.9,16.0,162.0,9.6,56.0,5.2
2025-11-16 20:00:00,2025,11,16,20,Vĩnh Long,Xã An Ngãi Trung,10.0916931,106.5448581,84,Moderate,1,25.0,94,0.2,8.9,54,1011.4,96,11.4,12.3,155.0,9.5,51.0,4.9
2025-11-16 21:00:00,2025,11,16,21,Vĩnh Long,Xã An Ngãi Trung,10.0916931,106.5448581,83,Moderate,1,24.5,95,0.2,11.6,60,1011.8,97,9.8,10.9,143.0,9.4,45.0,4.4
2025-11-16 22:00:00,2025,11,16,22,Vĩnh Long,Xã An Ngãi Trung,10.0916931,106.5448581,82,Moderate,1,24.2,95,0.2,9.1,51,1011.9,100,9.3,10.3,133.0,9.4,40.0,4.1
2025-11-16 23:00:00,2025,11,16,23,Vĩnh Long,Xã An Ngãi Trung,10.0916931,106.5448581,81,Moderate,1,23.9,96,2.9,6.6,73,1011.8,100,8.8,9.8,128.0,9.6,37.0,4.1
2025-11-17 00:00:00,2025,11,17,0,Vĩnh Long,Xã An Ngãi Trung,10.0916931,106.5448581,79,Moderate,1,24.1,96,0.9,8.8,47,1011.4,100,8.4,9.4,125.0,9.8,35.0,4.2
2025-11-17 01:00:00,2025,11,17,1,Vĩnh Long,Xã An Ngãi Trung,10.0916931,106.5448581,78,Moderate,1,23.9,94,0.3,8.2,49,1010.6,100,8.1,9.2,123.0,10.3,34.0,4.4
2025-11-17 02:00:00,2025,11,17,2,Vĩnh Long,Xã An Ngãi Trung,10.0916931,106.5448581,76,Moderate,1,24.3,95,0.8,8.1,77,1010.5,100,7.7,8.7,121.0,10.8,33.0,4.7
2025-11-17 03:00:00,2025,11,17,3,Vĩnh Long,Xã An Ngãi Trung,10.0916931,106.5448581,74,Moderate,1,24.0,97,0.7,8.2,26,1009.5,100,7.0,7.8,119.0,11.6,31.0,5.1
2025-11-17 04:00:00,2025,11,17,4,Vĩnh Long,Xã An Ngãi Trung,10.0916931,106.5448581,72,Moderate,1,23.9,97,0.4,7.7,9,1009.0,100,7.6,8.4,122.0,12.9,30.0,5.8
2025-11-17 05:00:00,2025,11,17,5,Vĩnh Long,Xã An Ngãi Trung,10.0916931,106.5448581,69,Moderate,1,23.6,97,4.2,11.4,15,1009.9,100,8.1,9.0,133.0,15.6,27.0,7.3
2025-11-17 06:00:00,2025,11,17,6,Vĩnh Long,Xã An Ngãi Trung,10.0916931,106.5448581,66,Moderate,1,23.5,97,2.4,8.8,23,1010.3,100,9.6,10.4,148.0,18.8,24.0,9.1
2025-11-17 07:00:00,2025,11,17,7,Vĩnh Long,Xã An Ngãi Trung,10.0916931,106.5448581,63,Moderate,1,24.4,94,0.7,11.7,36,1011.1,100,14.8,15.7,159.0,26.7,16.0,14.7
2025-11-17 08:00:00,2025,11,17,8,Vĩnh Long,Xã An Ngãi Trung,10.0916931,106.5448581,61,Moderate,1,25.4,91,0.3,16.1,54,1012.1,100,14.6,15.1,161.0,23.8,24.0,13.6
2025-11-17 09:00:00,2025,11,17,9,Vĩnh Long,Xã An Ngãi Trung,10.0916931,106.5448581,60,Moderate,1,26.2,87,0.2,18.5,62,1012.7,100,12.3,13.0,159.0,19.6,35.0,12.0
2025-11-17 10:00:00,2025,11,17,10,Vĩnh Long,Xã An Ngãi Trung,10.0916931,106.5448581,58,Moderate,1,26.2,88,0.1,17.8,63,1012.3,100,11.3,12.3,154.0,15.4,46.0,10.2
2025-11-17 11:00:00,2025,11,17,11,Vĩnh Long,Xã An Ngãi Trung,10.0916931,106.5448581,56,Moderate,1,27.0,83,0.2,17.8,74,1011.9,100,10.2,11.6,144.0,11.0,57.0,7.9
2025-11-17 12:00:00,2025,11,17,12,Vĩnh Long,Xã An Ngãi Trung,10.0916931,106.5448581,55,Moderate,1,26.5,87,0.6,18.0,68,1010.5,100,8.7,10.7,132.0,6.6,67.0,5.2
2025-11-17 13:00:00,2025,11,17,13,Vĩnh Long,Xã An Ngãi Trung,10.0916931,106.5448581,53,Moderate,1,26.8,84,0.2,14.7,84,1009.9,100,8.0,10.2,125.0,3.6,73.0,3.3
2025-11-17 14:00:00,2025,11,17,14,Vĩnh Long,Xã An Ngãi Trung,10.0916931,106.5448581,51,Moderate,1,25.6,92,2.8,16.1,85,1009.4,100,7.7,10.1,126.0,2.9,72.0,2.5
2025-11-17 15:00:00,2025,11,17,15,Vĩnh Long,Xã An Ngãi Trung,10.0916931,106.5448581,50,Good,0,25.0,94,1.6,12.8,85,1009.1,100,8.1,10.7,133.0,3.6,67.0,2.4
2025-11-17 16:00:00,2025,11,17,16,Vĩnh Long,Xã An Ngãi Trung,10.0916931,106.5448581,47,Good,0,25.0,93,2.0,10.8,90,1009.0,100,8.0,10.2,140.0,4.4,63.0,2.4
2025-11-17 17:00:00,2025,11,17,17,Vĩnh Long,Xã An Ngãi Trung,10.0916931,106.5448581,44,Good,0,25.1,92,1.5,13.8,73,1009.3,100,8.9,11.3,148.0,5.0,61.0,2.5
2025-11-17 18:00:00,2025,11,17,18,Vĩnh Long,Xã An Ngãi Trung,10.0916931,106.5448581,42,Good,0,25.0,92,0.8,14.6,68,1009.7,100,9.4,11.8,158.0,5.7,60.0,2.7
2025-11-17 19:00:00,2025,11,17,19,Vĩnh Long,Xã An Ngãi Trung,10.0916931,106.5448581,40,Good,0,26.3,86,0.7,18.2,60,1009.5,100,9.1,11.2,164.0,8.2,51.0,3.5
2025-11-17 20:00:00,2025,11,17,20,Vĩnh Long,Xã An Ngãi Trung,10.0916931,106.5448581,39,Good,0,26.4,86,0.0,19.3,59,1010.4,100,8.6,10.5,152.0,8.7,51.0,3.8
2025-11-17 21:00:00,2025,11,17,21,Vĩnh Long,Xã An Ngãi Trung,10.0916931,106.5448581,39,Good,0,26.2,85,0.0,17.6,58,1011.0,100,8.8,10.6,137.0,9.6,50.0,4.4
2025-11-17 22:00:00,2025,11,17,22,Vĩnh Long,Xã An Ngãi Trung,10.0916931,106.5448581,39,Good,0,26.0,86,0.0,16.6,53,1011.1,100,8.9,10.5,160.0,11.1,49.0,5.4
2025-11-17 23:00:00,2025,11,17,23,Vĩnh Long,Xã An Ngãi Trung,10.0916931,106.5448581,39,Good,0,26.0,85,0.0,16.4,50,1011.1,100,9.9,11.3,263.0,13.7,46.0,7.0
2025-11-18 00:00:00,2025,11,18,0,Vĩnh Long,Xã An Ngãi Trung,10.0916931,106.5448581,39,Good,0,25.5,86,0.2,14.4,48,1010.3,100,11.8,13.2,403.0,17.0,42.0,9.1
2025-11-18 01:00:00,2025,11,18,1,Vĩnh Long,Xã An Ngãi Trung,10.0916931,106.5448581,39,Good,0,25.6,88,0.0,12.2,53,1009.6,100,14.6,15.9,492.0,20.2,38.0,11.2
2025-11-18 02:00:00,2025,11,18,2,Vĩnh Long,Xã An Ngãi Trung,10.0916931,106.5448581,41,Good,0,25.6,86,0.4,13.4,46,1009.0,100,17.9,19.2,482.0,23.4,34.0,13.4
2025-11-18 03:00:00,2025,11,18,3,Vĩnh Long,Xã An Ngãi Trung,10.0916931,106.5448581,42,Good,0,25.5,87,0.0,10.2,42,1008.6,100,21.1,22.2,421.0,26.6,29.0,15.8
2025-11-18 04:00:00,2025,11,18,4,Vĩnh Long,Xã An Ngãi Trung,10.0916931,106.5448581,45,Good,0,25.4,89,0.0,6.5,28,1009.0,100,24.3,25.0,359.0,28.6,26.0,17.5
2025-11-18 05:00:00,2025,11,18,5,Vĩnh Long,Xã An Ngãi Trung,10.0916931,106.5448581,48,Good,0,25.5,88,0.0,9.2,51,1009.3,96,27.3,28.1,307.0,29.2,24.0,18.6
2025-11-18 06:00:00,2025,11,18,6,Vĩnh Long,Xã An Ngãi Trung,10.0916931,106.5448581,51,Moderate,1,25.5,88,0.0,9.2,39,1009.5,100,31.8,32.6,254.0,28.7,24.0,19.1
2025-11-18 07:00:00,2025,11,18,7,Vĩnh Long,Xã An Ngãi Trung,10.0916931,106.5448581,52,Moderate,1,25.1,94,0.3,5.5,79,1010.5,100,28.9,30.2,224.0,22.2,30.0,15.4
2025-11-18 08:00:00,2025,11,18,8,Vĩnh Long,Xã An Ngãi Trung,10.0916931,106.5448581,54,Moderate,1,26.2,88,0.1,10.1,71,1011.2,99,23.9,26.2,241.0,18.0,39.0,12.8
2025-11-18 09:00:00,2025,11,18,9,Vĩnh Long,Xã An Ngãi Trung,10.0916931,106.5448581,55,Moderate,1,26.6,88,1.5,14.1,71,1011.7,100,18.5,21.2,280.0,12.3,51.0,9.1
2025-11-18 10:00:00,2025,11,18,10,Vĩnh Long,Xã An Ngãi Trung,10.0916931,106.5448581,55,Moderate,1,27.1,83,0.1,21.3,65,1011.3,100,12.6,15.0,293.0,7.5,61.0,6.0
2025-11-18 11:00:00,2025,11,18,11,Vĩnh Long,Xã An Ngãi Trung,10.0916931,106.5448581,55,Moderate,1,28.2,80,0.1,21.4,75,1011.0,87,9.4,11.8,249.0,4.8,69.0,4.2
2025-11-18 12:00:00,2025,11,18,12,Vĩnh Long,Xã An Ngãi Trung,10.0916931,106.5448581,55,Moderate,1,28.1,79,0.1,21.9,79,1009.4,83,8.9,11.4,179.0,3.0,75.0,3.0
2025-11-18 13:00:00,2025,11,18,13,Vĩnh Long,Xã An Ngãi Trung,10.0916931,106.5448581,55,Moderate,1,28.2,76,0.4,23.0,76,1008.6,74,9.1,11.7,127.0,2.0,78.0,2.2
2025-11-18 14:00:00,2025,11,18,14,Vĩnh Long,Xã An Ngãi Trung,10.0916931,106.5448581,55,Moderate,1,28.0,76,0.3,22.7,77,1008.0,62,7.9,10.4,114.0,1.8,76.0,1.8
2025-11-18 15:00:00,2025,11,18,15,Vĩnh Long,Xã An Ngãi Trung,10.0916931,106.5448581,55,Moderate,1,27.0,83,1.5,22.0,88,1007.5,77,6.9,9.1,120.0,2.2,72.0,1.8
2025-11-18 16:00:00,2025,11,18,16,Vĩnh Long,Xã An Ngãi Trung,10.0916931,106.5448581,55,Moderate,1,26.3,88,0.6,19.3,86,1007.5,83,6.0,7.8,127.0,2.8,67.0,1.8
2025-11-18 17:00:00,2025,11,18,17,Vĩnh Long,Xã An Ngãi Trung,10.0916931,106.5448581,55,Moderate,1,25.5,92,0.9,19.1,86,1008.5,100,5.6,7.1,128.0,3.1,63.0,1.7
2025-11-18 18:00:00,2025,11,18,18,Vĩnh Long,Xã An Ngãi Trung,10.0916931,106.5448581,55,Moderate,1,24.3,93,1.9,15.1,81,1009.7,100,5.2,6.5,130.0,3.4,59.0,1.6
2025-11-18 19:00:00,2025,11,18,19,Vĩnh Long,Xã An Ngãi Trung,10.0916931,106.5448581,54,Moderate,1,24.7,93,2.2,17.4,79,1009.4,100,6.9,8.3,133.0,5.6,53.0,2.4
2025-11-18 20:00:00,2025,11,18,20,Vĩnh Long,Xã An Ngãi Trung,10.0916931,106.5448581,54,Moderate,1,25.2,94,1.0,14.2,90,1010.1,91,5.8,7.1,119.0,4.8,52.0,2.0
2025-11-18 21:00:00,2025,11,18,21,Vĩnh Long,Xã An Ngãi Trung,10.0916931,106.5448581,54,Moderate,1,24.8,92,2.1,18.4,78,1010.8,93,5.5,6.8,106.0,3.8,51.0,1.5
2025-11-18 22:00:00,2025,11,18,22,Vĩnh Long,Xã An Ngãi Trung,10.0916931,106.5448581,54,Moderate,1,25.4,92,0.6,14.6,80,1010.6,100,5.4,6.7,143.0,3.8,49.0,1.5
2025-11-18 23:00:00,2025,11,18,23,Vĩnh Long,Xã An Ngãi Trung,10.0916931,106.5448581,53,Moderate,1,24.6,95,0.7,15.2,76,1010.9,100,5.3,6.5,294.0,5.0,46.0,1.9
2025-11-19 00:00:00,2025,11,19,0,Vĩnh Long,Xã An Ngãi Trung,10.0916931,106.5448581,53,Moderate,1,25.0,93,0.1,15.0,72,1010.1,100,5.6,6.8,496.0,7.2,43.0,2.7
2025-11-19 01:00:00,2025,11,19,1,Vĩnh Long,Xã An Ngãi Trung,10.0916931,106.5448581,52,Moderate,1,24.5,94,0.1,13.8,98,1010.1,100,7.1,8.3,608.0,10.9,39.0,4.6
2025-11-19 02:00:00,2025,11,19,2,Vĩnh Long,Xã An Ngãi Trung,10.0916931,106.5448581,52,Moderate,1,24.4,94,1.0,14.9,83,1009.7,99,10.0,11.1,541.0,17.8,33.0,8.7
2025-11-19 03:00:00,2025,11,19,3,Vĩnh Long,Xã An Ngãi Trung,10.0916931,106.5448581,51,Moderate,1,24.7,92,0.2,10.4,72,1008.9,99,14.5,15.7,383.0,26.2,26.0,13.9
2025-11-19 04:00:00,2025,11,19,4,Vĩnh Long,Xã An Ngãi Trung,10.0916931,106.5448581,50,Good,0,24.7,94,0.1,9.8,52,1008.7,100,17.7,18.9,266.0,32.0,21.0,17.9
2025-11-19 05:00:00,2025,11,19,5,Vĩnh Long,Xã An Ngãi Trung,10.0916931,106.5448581,50,Good,0,24.2,96,0.5,3.8,41,1009.7,98,17.8,18.8,244.0,33.3,19.0,20.0
2025-11-19 06:00:00,2025,11,19,6,Vĩnh Long,Xã An Ngãi Trung,10.0916931,106.5448581,48,Good,0,24.0,97,0.4,6.5,360,1009.9,87,19.0,19.7,262.0,32.0,20.0,21.1
2025-11-19 07:00:00,2025,11,19,7,Vĩnh Long,Xã An Ngãi Trung,10.0916931,106.5448581,46,Good,0,24.5,95,0.0,11.4,349,1010.3,100,25.8,25.9,281.0,34.7,26.0,31.4
2025-11-19 08:00:00,2025,11,19,8,Vĩnh Long,Xã An Ngãi Trung,10.0916931,106.5448581,45,Good,0,25.6,90,0.0,10.7,344,1011.4,100,20.7,20.8,297.0,28.3,52.0,27.8
2025-11-19 09:00:00,2025,11,19,9,Vĩnh Long,Xã An Ngãi Trung,10.0916931,106.5448581,45,Good,0,26.6,87,0.0,7.5,345,1012.2,100,19.6,19.7,316.0,19.5,87.0,22.8
2025-11-19 10:00:00,2025,11,19,10,Vĩnh Long,Xã An Ngãi Trung,10.0916931,106.5448581,45,Good,0,27.6,84,0.2,5.6,45,1012.1,100,18.1,18.2,312.0,12.4,110.0,17.9
2025-11-19 11:00:00,2025,11,19,11,Vĩnh Long,Xã An Ngãi Trung,10.0916931,106.5448581,46,Good,0,25.8,87,5.3,11.0,88,1011.6,100,10.7,10.9,264.0,8.9,110.0,13.5
2025-11-19 12:00:00,2025,11,19,12,Vĩnh Long,Xã An Ngãi Trung,10.0916931,106.5448581,46,Good,0,26.3,88,0.1,6.7,104,1010.6,98,10.1,10.4,195.0,7.3,98.0,9.2
2025-11-19 13:00:00,2025,11,19,13,Vĩnh Long,Xã An Ngãi Trung,10.0916931,106.5448581,46,Good,0,28.5,79,1.0,17.4,79,1008.7,100,10.1,11.0,147.0,6.3,87.0,6.0
2025-11-19 14:00:00,2025,11,19,14,Vĩnh Long,Xã An Ngãi Trung,10.0916931,106.5448581,46,Good,0,27.8,80,4.8,16.7,76,1007.8,100,10.0,11.1,140.0,5.6,80.0,4.2
2025-11-19 15:00:00,2025,11,19,15,Vĩnh Long,Xã An Ngãi Trung,10.0916931,106.5448581,47,Good,0,27.4,79,1.6,23.8,86,1008.1,100,9.4,10.4,155.0,5.6,73.0,3.5
2025-11-19 16:00:00,2025,11,19,16,Vĩnh Long,Xã An Ngãi Trung,10.0916931,106.5448581,47,Good,0,25.5,92,8.2,16.5,54,1008.5,100,8.6,9.5,172.0,6.1,68.0,3.2
2025-11-19 17:00:00,2025,11,19,17,Vĩnh Long,Xã An Ngãi Trung,10.0916931,106.5448581,48,Good,0,25.5,90,0.2,9.2,47,1008.7,100,8.4,9.4,184.0,7.0,64.0,3.1
2025-11-19 18:00:00,2025,11,19,18,Vĩnh Long,Xã An Ngãi Trung,10.0916931,106.5448581,48,Good,0,24.2,95,0.7,9.3,332,1009.6,100,6.2,7.1,198.0,8.5,62.0,3.4
2025-11-19 19:00:00,2025,11,19,19,Vĩnh Long,Xã An Ngãi Trung,10.0916931,106.5448581,48,Good,0,27.0,81,0.4,24.1,75,1009.6,100,10.7,11.5,220.0,15.9,55.0,8.0
2025-11-19 20:00:00,2025,11,19,20,Vĩnh Long,Xã An Ngãi Trung,10.0916931,106.5448581,49,Good,0,26.9,81,0.0,22.1,65,1010.5,100,11.6,12.3,254.0,16.8,52.0,8.7
2025-11-19 21:00:00,2025,11,19,21,Vĩnh Long,Xã An Ngãi Trung,10.0916931,106.5448581,50,Good,0,26.5,82,0.1,19.9,67,1011.1,80,11.6,12.3,296.0,18.1,48.0,9.6
2025-11-19 22:00:00,2025,11,19,22,Vĩnh Long,Xã An Ngãi Trung,10.0916931,106.5448581,51,Moderate,1,26.6,82,0.0,20.9,63,1011.2,86,12.0,12.5,338.0,19.6,44.0,10.8
2025-11-19 23:00:00,2025,11,19,23,Vĩnh Long,Xã An Ngãi Trung,10.0916931,106.5448581,51,Moderate,1,25.0,87,0.7,13.2,31,1011.2,100,13.0,13.5,383.0,21.6,39.0,12.3
2025-11-20 00:00:00,2025,11,20,0,Vĩnh Long,Xã An Ngãi Trung,10.0916931,106.5448581,52,Moderate,1,23.6,97,0.7,5.8,351,1011.0,100,13.2,13.7,428.0,23.7,35.0,14.1
2025-11-20 01:00:00,2025,11,20,1,Vĩnh Long,Xã An Ngãi Trung,10.0916931,106.5448581,52,Moderate,1,25.1,89,0.2,17.7,57,1009.9,100,14.7,15.1,451.0,25.0,31.0,15.6
2025-11-20 02:00:00,2025,11,20,2,Vĩnh Long,Xã An Ngãi Trung,10.0916931,106.5448581,53,Moderate,1,25.0,91,0.1,12.1,28,1009.1,100,15.7,16.1,437.0,24.9,29.0,16.9
2025-11-20 03:00:00,2025,11,20,3,Vĩnh Long,Xã An Ngãi Trung,10.0916931,106.5448581,54,Moderate,1,24.0,97,0.0,9.1,345,1009.0,100,14.8,15.1,401.0,24.0,27.0,18.1
2025-11-20 04:00:00,2025,11,20,4,Vĩnh Long,Xã An Ngãi Trung,10.0916931,106.5448581,54,Moderate,1,23.8,97,0.0,9.9,351,1008.8,100,13.2,13.4,375.0,22.9,27.0,18.7
2025-11-20 05:00:00,2025,11,20,5,Vĩnh Long,Xã An Ngãi Trung,10.0916931,106.5448581,53,Moderate,1,23.5,96,0.0,11.7,2,1009.0,100,11.6,11.8,373.0,21.5,28.0,18.4
2025-11-20 06:00:00,2025,11,20,6,Vĩnh Long,Xã An Ngãi Trung,10.0916931,106.5448581,53,Moderate,1,23.1,94,0.0,10.8,359,1009.7,100,11.0,11.2,381.0,19.9,30.0,17.6
2025-11-20 07:00:00,2025,11,20,7,Vĩnh Long,Xã An Ngãi Trung,10.0916931,106.5448581,52,Moderate,1,23.5,93,0.0,7.6,353,1010.6,100,13.4,13.7,383.0,23.8,26.0,18.2
2025-11-20 08:00:00,2025,11,20,8,Vĩnh Long,Xã An Ngãi Trung,10.0916931,106.5448581,51,Moderate,1,25.0,89,0.0,3.3,351,1011.6,100,13.2,13.8,373.0,21.2,38.0,18.2
2025-11-20 09:00:00,2025,11,20,9,Vĩnh Long,Xã An Ngãi Trung,10.0916931,106.5448581,50,Good,0,26.9,81,0.1,8.3,68,1012.3,100,13.3,13.9,357.0,17.5,55.0,18.1
2025-11-20 10:00:00,2025,11,20,10,Vĩnh Long,Xã An Ngãi Trung,10.0916931,106.5448581,49,Good,0,27.7,76,0.1,18.1,69,1011.7,100,12.9,13.2,338.0,13.9,74.0,17.5
2025-11-20 11:00:00,2025,11,20,11,Vĩnh Long,Xã An Ngãi Trung,10.0916931,106.5448581,49,Good,0,28.2,74,0.1,17.3,66,1011.2,100,13.2,13.3,310.0,10.5,96.0,15.9
2025-11-20 12:00:00,2025,11,20,12,Vĩnh Long,Xã An Ngãi Trung,10.0916931,106.5448581,49,Good,0,28.9,74,0.0,13.2,66,1010.2,45,13.6,13.6,278.0,7.2,119.0,13.9
2025-11-20 13:00:00,2025,11,20,13,Vĩnh Long,Xã An Ngãi Trung,10.0916931,106.5448581,50,Good,0,28.9,72,0.1,17.1,71,1009.3,100,13.4,13.5,261.0,5.3,135.0,12.6
2025-11-20 14:00:00,2025,11,20,14,Vĩnh Long,Xã An Ngãi Trung,10.0916931,106.5448581,50,Good,0,28.6,70,0.5,14.7,51,1008.4,100,14.0,14.1,270.0,5.1,140.0,12.5
2025-11-20 15:00:00,2025,11,20,15,Vĩnh Long,Xã An Ngãi Trung,10.0916931,106.5448581,50,Good,0,26.5,81,2.9,14.5,6,1008.9,100,14.8,15.0,293.0,6.3,137.0,13.1
2025-11-20 16:00:00,2025,11,20,16,Vĩnh Long,Xã An Ngãi Trung,10.0916931,106.5448581,51,Moderate,1,24.6,92,4.8,5.1,51,1009.4,100,16.1,16.2,321.0,8.6,129.0,14.2
2025-11-20 17:00:00,2025,11,20,17,Vĩnh Long,Xã An Ngãi Trung,10.0916931,106.5448581,55,Moderate,1,24.9,93,0.3,4.4,55,1009.9,100,18.6,18.6,348.0,12.6,113.0,15.8
2025-11-20 18:00:00,2025,11,20,18,Vĩnh Long,Xã An Ngãi Trung,10.0916931,106.5448581,67,Moderate,1,24.8,95,0.5,1.5,104,1010.7,100,21.3,21.4,379.0,17.8,92.0,17.9
2025-11-20 19:00:00,2025,11,20,19,Vĩnh Long,Xã An Ngãi Trung,10.0916931,106.5448581,71,Moderate,1,24.8,92,0.2,5.2,16,1011.1,100,13.5,13.8,417.0,16.8,71.0,10.0
2025-11-20 20:00:00,2025,11,20,20,Vĩnh Long,Xã An Ngãi Trung,10.0916931,106.5448581,66,Moderate,1,24.9,92,0.0,1.8,53,1011.9,100,17.2,17.3,474.0,20.4,61.0,12.8
2025-11-20 21:00:00,2025,11,20,21,Vĩnh Long,Xã An Ngãi Trung,10.0916931,106.5448581,55,Moderate,1,24.5,93,0.0,0.7,270,1012.4,100,20.5,20.5,538.0,25.3,48.0,16.7
2025-11-20 22:00:00,2025,11,20,22,Vĩnh Long,Xã An Ngãi Trung,10.0916931,106.5448581,55,Moderate,1,24.5,94,0.0,2.3,315,1012.0,100,19.2,19.3,572.0,28.4,37.0,19.4
2025-11-20 23:00:00,2025,11,20,23,Vĩnh Long,Xã An Ngãi Trung,10.0916931,106.5448581,56,Moderate,1,24.3,94,0.0,4.7,342,1011.8,100,18.8,18.9,545.0,28.1,32.0,20.0
2025-11-21 00:00:00,2025,11,21,0,Vĩnh Long,Xã An Ngãi Trung,10.0916931,106.5448581,56,Moderate,1,24.2,91,0.0,8.9,354,1011.1,100,17.5,17.6,488.0,26.1,31.0,19.5
2025-11-21 01:00:00,2025,11,21,1,Vĩnh Long,Xã An Ngãi Trung,10.0916931,106.5448581,57,Moderate,1,23.9,91,0.0,9.5,2,1010.9,100,15.9,16.0,460.0,23.9,31.0,18.7
2025-11-21 02:00:00,2025,11,21,2,Vĩnh Long,Xã An Ngãi Trung,10.0916931,106.5448581,57,Moderate,1,23.8,91,0.0,10.3,356,1010.4,100,14.2,14.3,503.0,21.8,33.0,17.8
2025-11-21 03:00:00,2025,11,21,3,Vĩnh Long,Xã An Ngãi Trung,10.0916931,106.5448581,57,Moderate,1,23.6,92,0.1,7.0,4,1010.0,100,12.7,12.7,575.0,19.5,36.0,16.6
2025-11-21 04:00:00,2025,11,21,4,Vĩnh Long,Xã An Ngãi Trung,10.0916931,106.5448581,57,Moderate,1,23.2,91,0.0,5.9,2,1009.7,100,12.0,12.0,612.0,18.1,38.0,15.8
2025-11-21 05:00:00,2025,11,21,5,Vĩnh Long,Xã An Ngãi Trung,10.0916931,106.5448581,57,Moderate,1,23.0,89,0.0,4.9,6,1010.1,100,12.0,12.0,577.0,18.3,35.0,15.5
2025-11-21 06:00:00,2025,11,21,6,Vĩnh Long,Xã An Ngãi Trung,10.0916931,106.5448581,57,Moderate,1,22.9,88,0.0,5.6,358,1010.6,100,12.8,12.8,508.0,19.4,31.0,15.5
2025-11-21 07:00:00,2025,11,21,7,Vĩnh Long,Xã An Ngãi Trung,10.0916931,106.5448581,57,Moderate,1,23.4,89,0.0,9.4,355,1011.7,100,16.3,16.4,452.0,19.8,40.0,14.4
2025-11-21 08:00:00,2025,11,21,8,Vĩnh Long,Xã An Ngãi Trung,10.0916931,106.5448581,57,Moderate,1,24.8,85,0.0,8.5,347,1012.4,100,15.7,15.8,431.0,19.8,43.0,15.3
2025-11-21 09:00:00,2025,11,21,9,Vĩnh Long,Xã An Ngãi Trung,10.0916931,106.5448581,57,Moderate,1,25.8,83,0.0,8.6,2,1012.9,100,16.2,16.3,423.0,19.7,48.0,16.5
2025-11-21 10:00:00,2025,11,21,10,Vĩnh Long,Xã An Ngãi Trung,10.0916931,106.5448581,57,Moderate,1,26.5,80,0.0,10.8,10,1012.8,100,16.5,16.5,410.0,18.7,57.0,16.8
2025-11-21 11:00:00,2025,11,21,11,Vĩnh Long,Xã An Ngãi Trung,10.0916931,106.5448581,58,Moderate,1,27.9,75,0.1,17.4,47,1011.9,100,16.0,16.2,378.0,16.1,73.0,15.2
2025-11-21 12:00:00,2025,11,21,12,Vĩnh Long,Xã An Ngãi Trung,10.0916931,106.5448581,58,Moderate,1,28.0,74,0.0,19.4,52,1010.7,100,14.2,14.4,342.0,12.6,92.0,12.7
2025-11-21 13:00:00,2025,11,21,13,Vĩnh Long,Xã An Ngãi Trung,10.0916931,106.5448581,58,Moderate,1,27.4,78,0.0,19.7,60,1010.2,100,13.1,13.7,325.0,10.0,106.0,10.6
2025-11-21 14:00:00,2025,11,21,14,Vĩnh Long,Xã An Ngãi Trung,10.0916931,106.5448581,58,Moderate,1,27.8,77,0.1,15.7,60,1009.0,99,11.6,12.5,346.0,8.8,110.0,9.2
2025-11-21 15:00:00,2025,11,21,15,Vĩnh Long,Xã An Ngãi Trung,10.0916931,106.5448581,58,Moderate,1,28.0,76,0.0,14.2,64,1008.9,100,11.1,11.9,387.0,8.5,107.0,8.1
2025-11-21 16:00:00,2025,11,21,16,Vĩnh Long,Xã An Ngãi Trung,10.0916931,106.5448581,58,Moderate,1,27.2,80,0.0,10.3,83,1008.8,100,11.0,11.8,418.0,9.6,101.0,7.8
2025-11-21 17:00:00,2025,11,21,17,Vĩnh Long,Xã An Ngãi Trung,10.0916931,106.5448581,57,Moderate,1,26.5,86,0.1,4.7,72,1009.4,100,12.8,13.4,430.0,13.2,90.0,8.8
2025-11-21 18:00:00,2025,11,21,18,Vĩnh Long,Xã An Ngãi Trung,10.0916931,106.5448581,57,Moderate,1,25.6,87,1.1,5.9,88,1010.3,100,17.5,18.1,432.0,18.2,75.0,10.6
2025-11-21 19:00:00,2025,11,21,19,Vĩnh Long,Xã An Ngãi Trung,10.0916931,106.5448581,56,Moderate,1,25.5,90,1.8,4.2,115,1010.7,84,20.9,21.6,426.0,20.2,70.0,11.9
2025-11-21 20:00:00,2025,11,21,20,Vĩnh Long,Xã An Ngãi Trung,10.0916931,106.5448581,57,Moderate,1,24.3,94,0.9,7.4,49,1011.7,79,23.0,23.5,399.0,22.3,63.0,13.3
2025-11-21 21:00:00,2025,11,21,21,Vĩnh Long,Xã An Ngãi Trung,10.0916931,106.5448581,57,Moderate,1,23.9,96,0.2,8.7,58,1012.4,100,26.4,27.1,365.0,25.2,53.0,15.1
2025-11-21 22:00:00,2025,11,21,22,Vĩnh Long,Xã An Ngãi Trung,10.0916931,106.5448581,58,Moderate,1,23.8,94,0.0,3.1,45,1011.8,85,32.5,33.4,364.0,27.4,45.0,16.8
2025-11-21 23:00:00,2025,11,21,23,Vĩnh Long,Xã An Ngãi Trung,10.0916931,106.5448581,59,Moderate,1,23.4,97,0.0,3.1,350,1011.5,100,38.5,39.7,441.0,28.5,39.0,18.0
2025-11-22 00:00:00,2025,11,22,0,Vĩnh Long,Xã An Ngãi Trung,10.0916931,106.5448581,61,Moderate,1,23.4,96,0.0,4.2,329,1011.0,100,38.1,39.1,552.0,28.8,34.0,19.0
2025-11-22 01:00:00,2025,11,22,1,Vĩnh Long,Xã An Ngãi Trung,10.0916931,106.5448581,63,Moderate,1,23.5,97,0.0,5.7,325,1010.6,100,30.5,30.9,604.0,28.3,31.0,19.5
2025-11-22 02:00:00,2025,11,22,2,Vĩnh Long,Xã An Ngãi Trung,10.0916931,106.5448581,64,Moderate,1,23.6,98,0.0,5.9,329,1010.0,100,23.9,24.0,536.0,26.3,31.0,19.1
2025-11-22 03:00:00,2025,11,22,3,Vĩnh Long,Xã An Ngãi Trung,10.0916931,106.5448581,65,Moderate,1,23.6,98,0.0,6.4,331,1009.8,100,19.2,19.2,409.0,23.5,33.0,18.2
2025-11-22 04:00:00,2025,11,22,4,Vĩnh Long,Xã An Ngãi Trung,10.0916931,106.5448581,65,Moderate,1,23.6,96,0.0,6.4,344,1009.6,100,16.1,16.1,319.0,21.5,34.0,17.5
2025-11-22 05:00:00,2025,11,22,5,Vĩnh Long,Xã An Ngãi Trung,10.0916931,106.5448581,66,Moderate,1,23.5,93,0.0,8.7,347,1009.8,100,14.3,14.4,309.0,21.3,33.0,17.3
2025-11-22 06:00:00,2025,11,22,6,Vĩnh Long,Xã An Ngãi Trung,10.0916931,106.5448581,66,Moderate,1,23.0,92,0.1,8.8,349,1010.1,99,14.3,14.4,337.0,21.9,32.0,17.3
2025-11-22 07:00:00,2025,11,22,7,Vĩnh Long,Xã An Ngãi Trung,10.0916931,106.5448581,66,Moderate,1,23.2,93,0.0,6.5,2,1011.4,100,18.0,18.0,364.0,20.9,35.0,20.9
2025-11-22 08:00:00,2025,11,22,8,Vĩnh Long,Xã An Ngãi Trung,10.0916931,106.5448581,66,Moderate,1,23.5,94,0.5,9.1,351,1011.9,100,16.4,16.4,383.0,20.9,38.0,21.2
2025-11-22 09:00:00,2025,11,22,9,Vĩnh Long,Xã An Ngãi Trung,10.0916931,106.5448581,66,Moderate,1,24.0,92,0.4,9.0,345,1012.3,100,16.5,16.5,402.0,20.8,43.0,21.6
2025-11-22 10:00:00,2025,11,22,10,Vĩnh Long,Xã An Ngãi Trung,10.0916931,106.5448581,66,Moderate,1,25.0,89,0.0,9.1,339,1011.8,100,16.9,16.9,411.0,20.1,51.0,21.5
2025-11-22 11:00:00,2025,11,22,11,Vĩnh Long,Xã An Ngãi Trung,10.0916931,106.5448581,66,Moderate,1,26.0,85,0.0,9.7,341,1010.9,99,16.6,16.6,394.0,18.1,66.0,20.2
2025-11-22 12:00:00,2025,11,22,12,Vĩnh Long,Xã An Ngãi Trung,10.0916931,106.5448581,66,Moderate,1,27.6,78,0.0,8.3,354,1010.2,100,16.1,16.1,366.0,15.5,85.0,18.5
2025-11-22 13:00:00,2025,11,22,13,Vĩnh Long,Xã An Ngãi Trung,10.0916931,106.5448581,67,Moderate,1,28.8,69,0.0,10.4,56,1009.8,100,15.9,15.9,362.0,14.1,98.0,17.4
2025-11-22 14:00:00,2025,11,22,14,Vĩnh Long,Xã An Ngãi Trung,10.0916931,106.5448581,67,Moderate,1,27.9,74,0.0,7.9,66,1009.1,100,16.5,16.5,401.0,14.7,101.0,17.7
2025-11-22 15:00:00,2025,11,22,15,Vĩnh Long,Xã An Ngãi Trung,10.0916931,106.5448581,67,Moderate,1,27.0,78,0.2,6.8,18,1009.0,100,18.5,18.5,464.0,16.5,99.0,18.7
2025-11-22 16:00:00,2025,11,22,16,Vĩnh Long,Xã An Ngãi Trung,10.0916931,106.5448581,68,Moderate,1,26.1,85,0.3,7.2,354,1009.1,100,21.7,21.8,528.0,19.1,93.0,19.7
2025-11-22 17:00:00,2025,11,22,17,Vĩnh Long,Xã An Ngãi Trung,10.0916931,106.5448581,69,Moderate,1,25.3,90,0.3,7.9,3,1009.4,100,32.1,32.2,598.0,23.2,81.0,20.5
2025-11-22 18:00:00,2025,11,22,18,Vĩnh Long,Xã An Ngãi Trung,10.0916931,106.5448581,71,Moderate,1,24.6,91,0.2,9.1,15,1009.9,100,38.0,38.1,670.0,28.1,65.0,21.3
2025-11-22 19:00:00,2025,11,22,19,Vĩnh Long,Xã An Ngãi Trung,10.0916931,106.5448581,72,Moderate,1,25.3,90,0.1,5.1,54,1010.4,100,34.7,34.8,706.0,30.7,69.0,26.6
2025-11-22 20:00:00,2025,11,22,20,Vĩnh Long,Xã An Ngãi Trung,10.0916931,106.5448581,74,Moderate,1,25.1,90,0.1,5.8,54,1010.8,100,36.1,36.2,683.0,31.8,60.0,28.2
2025-11-22 21:00:00,2025,11,22,21,Vĩnh Long,Xã An Ngãi Trung,10.0916931,106.5448581,75,Moderate,1,24.6,92,0.2,3.6,37,1011.1,100,37.1,37.3,626.0,33.4,47.0,30.2
2025-11-22 22:00:00,2025,11,22,22,Vĩnh Long,Xã An Ngãi Trung,10.0916931,106.5448581,76,Moderate,1,24.5,92,0.4,2.1,345,1010.7,100,37.5,37.6,569.0,34.5,36.0,31.0
2025-11-22 23:00:00,2025,11,22,23,Vĩnh Long,Xã An Ngãi Trung,10.0916931,106.5448581,76,Moderate,1,24.4,94,1.0,2.3,331,1010.5,100,36.8,36.9,518.0,34.8,28.0,29.4
2025-11-23 00:00:00,2025,11,23,0,Vĩnh Long,Xã An Ngãi Trung,10.0916931,106.5448581,76,Moderate,1,24.0,95,1.0,4.6,347,1009.8,100,35.6,35.7,468.0,34.6,22.0,26.4
2025-11-23 01:00:00,2025,11,23,1,Vĩnh Long,Xã An Ngãi Trung,10.0916931,106.5448581,76,Moderate,1,25.1,91,0.8,16.7,69,1009.7,100,33.4,33.8,442.0,34.1,18.0,23.8
2025-11-23 02:00:00,2025,11,23,2,Vĩnh Long,Xã An Ngãi Trung,10.0916931,106.5448581,76,Moderate,1,25.0,93,0.5,18.3,66,1008.9,100,30.0,30.5,451.0,33.5,16.0,22.1
2025-11-23 03:00:00,2025,11,23,3,Vĩnh Long,Xã An Ngãi Trung,10.0916931,106.5448581,77,Moderate,1,24.9,93,0.5,18.8,63,1008.8,100,26.6,27.2,484.0,32.6,17.0,20.6
2025-11-23 04:00:00,2025,11,23,4,Vĩnh Long,Xã An Ngãi Trung,10.0916931,106.5448581,77,Moderate,1,24.6,93,0.7,14.9,53,1008.7,100,23.3,23.9,534.0,31.3,19.0,19.1
2025-11-23 05:00:00,2025,11,23,5,Vĩnh Long,Xã An Ngãi Trung,10.0916931,106.5448581,78,Moderate,1,24.5,94,1.4,12.9,42,1008.9,100,19.3,20.0,627.0,29.3,22.0,17.3
2025-11-23 06:00:00,2025,11,23,6,Vĩnh Long,Xã An Ngãi Trung,10.0916931,106.5448581,78,Moderate,1,24.2,94,0.7,10.2,34,1009.3,100,16.5,17.2,736.0,26.8,27.0,15.4
2025-11-23 07:00:00,2025,11,23,7,Vĩnh Long,Xã An Ngãi Trung,10.0916931,106.5448581,79,Moderate,1,24.7,91,0.4,13.1,36,1009.7,99,21.0,21.5,776.0,25.9,27.0,16.3
2025-11-23 08:00:00,2025,11,23,8,Vĩnh Long,Xã An Ngãi Trung,10.0916931,106.5448581,79,Moderate,1,26.3,85,0.0,17.2,45,1010.4,75,20.4,20.9,689.0,23.6,38.0,16.7
2025-11-23 09:00:00,2025,11,23,9,Vĩnh Long,Xã An Ngãi Trung,10.0916931,106.5448581,79,Moderate,1,27.4,80,0.1,18.1,53,1011.1,84,19.9,20.3,534.0,20.3,54.0,17.1
2025-11-23 10:00:00,2025,11,23,10,Vĩnh Long,Xã An Ngãi Trung,10.0916931,106.5448581,79,Moderate,1,28.4,76,0.1,20.3,64,1011.0,81,18.0,18.8,393.0,16.8,67.0,16.3
2025-11-23 11:00:00,2025,11,23,11,Vĩnh Long,Xã An Ngãi Trung,10.0916931,106.5448581,80,Moderate,1,28.8,76,0.1,23.6,69,1010.1,90,12.7,14.3,292.0,13.1,76.0,13.2
2025-11-23 12:00:00,2025,11,23,12,Vĩnh Long,Xã An Ngãi Trung,10.0916931,106.5448581,79,Moderate,1,28.7,78,0.0,22.4,75,1009.5,84,10.5,12.1,207.0,9.2,82.0,8.8
2025-11-23 13:00:00,2025,11,23,13,Vĩnh Long,Xã An Ngãi Trung,10.0916931,106.5448581,79,Moderate,1,28.9,75,0.1,28.5,78,1009.1,52,10.6,12.7,149.0,6.4,87.0,5.6
2025-11-23 14:00:00,2025,11,23,14,Vĩnh Long,Xã An Ngãi Trung,10.0916931,106.5448581,78,Moderate,1,29.0,74,0.0,27.3,82,1008.0,39,11.0,13.8,130.0,5.3,90.0,4.5
2025-11-23 15:00:00,2025,11,23,15,Vĩnh Long,Xã An Ngãi Trung,10.0916931,106.5448581,78,Moderate,1,28.4,79,0.3,23.1,86,1008.2,78,11.1,14.0,139.0,5.3,90.0,4.5
2025-11-23 16:00:00,2025,11,23,16,Vĩnh Long,Xã An Ngãi Trung,10.0916931,106.5448581,77,Moderate,1,27.7,81,0.2,21.1,89,1008.3,100,11.5,14.5,150.0,6.0,88.0,4.8
2025-11-23 17:00:00,2025,11,23,17,Vĩnh Long,Xã An Ngãi Trung,10.0916931,106.5448581,76,Moderate,1,27.0,85,0.0,17.6,82,1008.6,41,11.1,13.5,150.0,7.5,81.0,4.9
2025-11-23 18:00:00,2025,11,23,18,Vĩnh Long,Xã An Ngãi Trung,10.0916931,106.5448581,74,Moderate,1,26.6,87,0.0,16.2,78,1008.9,88,11.8,13.9,152.0,9.8,71.0,5.3
2025-11-23 19:00:00,2025,11,23,19,Vĩnh Long,Xã An Ngãi Trung,10.0916931,106.5448581,72,Moderate,1,27.0,84,0.0,15.9,78,1008.9,100,11.4,13.9,172.0,7.8,63.0,3.8
2025-11-23 20:00:00,2025,11,23,20,Vĩnh Long,Xã An Ngãi Trung,10.0916931,106.5448581,70,Moderate,1,27.2,84,0.0,17.2,77,1009.4,100,13.5,15.8,224.0,11.6,56.0,6.0
2025-11-23 21:00:00,2025,11,23,21,Vĩnh Long,Xã An Ngãi Trung,10.0916931,106.5448581,68,Moderate,1,26.4,86,0.2,12.9,48,1009.9,100,17.4,19.5,295.0,16.9,46.0,9.3
2025-11-23 22:00:00,2025,11,23,22,Vĩnh Long,Xã An Ngãi Trung,10.0916931,106.5448581,66,Moderate,1,24.8,92,0.3,8.8,15,1010.1,100,22.0,23.7,360.0,21.8,37.0,12.4
2025-11-23 23:00:00,2025,11,23,23,Vĩnh Long,Xã An Ngãi Trung,10.0916931,106.5448581,65,Moderate,1,24.2,95,0.2,3.8,329,1009.9,100,25.9,27.4,421.0,25.8,31.0,15.3
2025-11-24 00:00:00,2025,11,24,0,Vĩnh Long,Xã An Ngãi Trung,10.0916931,106.5448581,64,Moderate,1,23.9,96,0.0,4.3,358,1009.8,90,29.6,30.6,475.0,29.3,26.0,18.2
2025-11-24 01:00:00,2025,11,24,1,Vĩnh Long,Xã An Ngãi Trung,10.0916931,106.5448581,63,Moderate,1,23.8,97,0.0,1.2,333,1009.3,30,32.2,32.9,493.0,32.0,22.0,20.5
2025-11-24 02:00:00,2025,11,24,2,Vĩnh Long,Xã An Ngãi Trung,10.0916931,106.5448581,63,Moderate,1,23.9,97,0.2,0.8,117,1008.8,43,36.2,36.4,444.0,33.5,17.0,21.7
2025-11-24 03:00:00,2025,11,24,3,Vĩnh Long,Xã An Ngãi Trung,10.0916931,106.5448581,64,Moderate,1,24.0,98,0.2,2.1,59,1008.3,90,38.9,39.1,358.0,34.2,13.0,22.3
2025-11-24 04:00:00,2025,11,24,4,Vĩnh Long,Xã An Ngãi Trung,10.0916931,106.5448581,65,Moderate,1,23.8,97,0.0,1.7,49,1008.2,48,39.8,40.0,296.0,34.2,12.0,23.2
2025-11-24 05:00:00,2025,11,24,5,Vĩnh Long,Xã An Ngãi Trung,10.0916931,106.5448581,66,Moderate,1,23.7,97,0.0,1.0,45,1008.5,70,41.1,41.4,287.0,34.3,14.0,25.8
2025-11-24 06:00:00,2025,11,24,6,Vĩnh Long,Xã An Ngãi Trung,10.0916931,106.5448581,68,Moderate,1,23.5,98,0.0,2.5,8,1009.0,69,40.7,41.4,302.0,33.7,18.0,28.7
2025-11-24 07:00:00,2025,11,24,7,Vĩnh Long,Xã An Ngãi Trung,10.0916931,106.5448581,70,Moderate,1,25.0,96,0.0,6.2,12,1009.4,61,38.2,39.2,314.0,30.9,26.0,23.0
2025-11-24 08:00:00,2025,11,24,8,Vĩnh Long,Xã An Ngãi Trung,10.0916931,106.5448581,72,Moderate,1,27.0,88,0.0,4.6,13,1010.3,30,32.8,34.9,318.0,23.8,47.0,18.7
2025-11-24 09:00:00,2025,11,24,9,Vĩnh Long,Xã An Ngãi Trung,10.0916931,106.5448581,73,Moderate,1,28.5,78,0.0,10.7,63,1010.6,81,22.8,25.4,318.0,14.0,77.0,12.6
2025-11-24 10:00:00,2025,11,24,10,Vĩnh Long,Xã An Ngãi Trung,10.0916931,106.5448581,73,Moderate,1,29.4,73,0.0,15.0,69,1010.0,62,16.4,19.6,306.0,6.4,98.0,7.6
2025-11-24 11:00:00,2025,11,24,11,Vĩnh Long,Xã An Ngãi Trung,10.0916931,106.5448581,73,Moderate,1,29.8,70,0.0,16.8,77,1009.6,48,13.3,16.8,269.0,3.1,103.0,4.7
2025-11-24 12:00:00,2025,11,24,12,Vĩnh Long,Xã An Ngãi Trung,10.0916931,106.5448581,73,Moderate,1,29.9,72,0.0,16.9,82,1008.7,10,11.1,14.3,218.0,1.9,100.0,3.0
2025-11-24 13:00:00,2025,11,24,13,Vĩnh Long,Xã An Ngãi Trung,10.0916931,106.5448581,73,Moderate,1,30.1,68,0.0,17.7,86,1007.8,82,9.7,12.8,179.0,1.4,96.0,1.8
2025-11-24 14:00:00,2025,11,24,14,Vĩnh Long,Xã An Ngãi Trung,10.0916931,106.5448581,73,Moderate,1,29.7,71,0.0,19.1,93,1007.1,98,9.1,12.2,161.0,1.2,93.0,1.3
2025-11-24 15:00:00,2025,11,24,15,Vĩnh Long,Xã An Ngãi Trung,10.0916931,106.5448581,73,Moderate,1,29.1,74,0.0,18.7,89,1007.0,97,9.2,12.3,155.0,1.6,88.0,1.5
2025-11-24 16:00:00,2025,11,24,16,Vĩnh Long,Xã An Ngãi Trung,10.0916931,106.5448581,73,Moderate,1,28.5,78,0.0,17.1,88,1007.0,41,9.4,12.6,153.0,2.3,84.0,1.7
2025-11-24 17:00:00,2025,11,24,17,Vĩnh Long,Xã An Ngãi Trung,10.0916931,106.5448581,73,Moderate,1,27.5,82,0.0,15.5,87,1007.7,19,10.2,13.3,153.0,3.1,80.0,1.9
2025-11-24 18:00:00,2025,11,24,18,Vĩnh Long,Xã An Ngãi Trung,10.0916931,106.5448581,73,Moderate,1,26.9,84,0.0,12.9,84,1008.4,79,10.8,13.9,157.0,4.2,77.0,2.2
2025-11-24 19:00:00,2025,11,24,19,Vĩnh Long,Xã An Ngãi Trung,10.0916931,106.5448581,72,Moderate,1,26.5,86,0.0,12.3,56,1008.8,90,12.7,16.2,168.0,6.4,74.0,3.1
2025-11-24 20:00:00,2025,11,24,20,Vĩnh Long,Xã An Ngãi Trung,10.0916931,106.5448581,73,Moderate,1,26.9,89,0.0,11.3,70,1009.3,100,13.2,16.3,182.0,9.0,67.0,4.5
2025-11-24 21:00:00,2025,11,24,21,Vĩnh Long,Xã An Ngãi Trung,10.0916931,106.5448581,73,Moderate,1,26.9,88,0.0,12.6,92,1009.7,99,14.8,17.5,203.0,12.7,58.0,6.5
2025-11-24 22:00:00,2025,11,24,22,Vĩnh Long,Xã An Ngãi Trung,10.0916931,106.5448581,72,Moderate,1,26.3,89,0.0,11.1,31,1009.9,100,18.1,20.7,243.0,16.0,50.0,8.2
2025-11-24 23:00:00,2025,11,24,23,Vĩnh Long,Xã An Ngãi Trung,10.0916931,106.5448581,72,Moderate,1,25.0,96,0.0,3.0,327,1009.8,96,21.0,23.7,325.0,18.1,45.0,8.9
2025-11-25 00:00:00,2025,11,25,0,Vĩnh Long,Xã An Ngãi Trung,10.0916931,106.5448581,72,Moderate,1,24.3,97,0.0,5.6,318,1009.6,98,22.1,24.8,426.0,19.8,40.0,9.3
2025-11-25 01:00:00,2025,11,25,1,Vĩnh Long,Xã An Ngãi Trung,10.0916931,106.5448581,71,Moderate,1,24.5,97,0.0,3.9,313,1008.9,100,23.7,26.6,490.0,21.7,36.0,10.1
2025-11-25 02:00:00,2025,11,25,2,Vĩnh Long,Xã An Ngãi Trung,10.0916931,106.5448581,70,Moderate,1,24.4,97,0.0,4.1,311,1008.1,100,27.1,30.0,486.0,24.6,31.0,11.7
2025-11-25 03:00:00,2025,11,25,3,Vĩnh Long,Xã An Ngãi Trung,10.0916931,106.5448581,69,Moderate,1,24.0,98,0.0,3.4,342,1007.6,100,30.0,33.1,446.0,27.7,27.0,13.9
2025-11-25 04:00:00,2025,11,25,4,Vĩnh Long,Xã An Ngãi Trung,10.0916931,106.5448581,69,Moderate,1,23.9,98,0.0,5.5,333,1007.7,100,32.1,35.0,406.0,29.6,24.0,16.2
2025-11-25 05:00:00,2025,11,25,5,Vĩnh Long,Xã An Ngãi Trung,10.0916931,106.5448581,68,Moderate,1,23.7,97,0.0,5.1,318,1008.1,100,35.2,37.1,373.0,29.7,22.0,19.1
2025-11-25 06:00:00,2025,11,25,6,Vĩnh Long,Xã An Ngãi Trung,10.0916931,106.5448581,67,Moderate,1,23.5,98,0.0,4.6,329,1008.3,72,40.0,41.0,340.0,28.5,23.0,22.2
2025-11-25 07:00:00,2025,11,25,7,Vĩnh Long,Xã An Ngãi Trung,10.0916931,106.5448581,67,Moderate,1,25.3,93,0.0,7.1,353,1008.7,94,43.3,44.9,328.0,38.6,26.0,29.9
2025-11-25 08:00:00,2025,11,25,8,Vĩnh Long,Xã An Ngãi Trung,10.0916931,106.5448581,68,Moderate,1,26.6,87,0.0,6.7,6,1009.5,28,37.8,38.4,360.0,34.2,42.0,28.5
2025-11-25 09:00:00,2025,11,25,9,Vĩnh Long,Xã An Ngãi Trung,10.0916931,106.5448581,68,Moderate,1,28.0,82,0.0,5.9,2,1009.7,84,32.8,33.5,412.0,27.8,66.0,26.3
2025-11-25 10:00:00,2025,11,25,10,Vĩnh Long,Xã An Ngãi Trung,10.0916931,106.5448581,69,Moderate,1,29.4,73,0.1,6.4,25,1009.7,100,27.9,28.8,437.0,21.4,89.0,23.2
2025-11-25 11:00:00,2025,11,25,11,Vĩnh Long,Xã An Ngãi Trung,10.0916931,106.5448581,70,Moderate,1,29.9,71,0.0,8.0,65,1009.1,98,24.2,25.3,406.0,14.7,112.0,18.2
2025-11-25 12:00:00,2025,11,25,12,Vĩnh Long,Xã An Ngãi Trung,10.0916931,106.5448581,71,Moderate,1,30.1,69,0.0,7.1,84,1008.0,89,21.8,23.6,348.0,8.0,134.0,12.2
2025-11-25 13:00:00,2025,11,25,13,Vĩnh Long,Xã An Ngãi Trung,10.0916931,106.5448581,72,Moderate,1,30.4,66,0.0,7.6,89,1007.1,89,20.7,23.6,297.0,3.2,148.0,7.6
2025-11-25 14:00:00,2025,11,25,14,Vĩnh Long,Xã An Ngãi Trung,10.0916931,106.5448581,73,Moderate,1,29.6,66,0.5,7.4,94,1006.5,98,20.0,23.5,264.0,1.3,150.0,5.5
2025-11-25 15:00:00,2025,11,25,15,Vĩnh Long,Xã An Ngãi Trung,10.0916931,106.5448581,74,Moderate,1,28.4,73,0.1,5.3,55,1006.5,56,18.0,21.0,240.0,1.4,144.0,4.7
2025-11-25 16:00:00,2025,11,25,16,Vĩnh Long,Xã An Ngãi Trung,10.0916931,106.5448581,75,Moderate,1,27.9,75,0.3,8.1,55,1006.7,71,17.2,20.0,229.0,3.2,133.0,4.7
2025-11-25 17:00:00,2025,11,25,17,Vĩnh Long,Xã An Ngãi Trung,10.0916931,106.5448581,75,Moderate,1,26.9,82,0.1,10.7,102,1007.1,79,19.7,21.8,238.0,7.5,114.0,5.5
2025-11-25 18:00:00,2025,11,25,18,Vĩnh Long,Xã An Ngãi Trung,10.0916931,106.5448581,84,Moderate,1,26.0,85,0.0,10.1,89,1007.9,94,24.0,26.1,260.0,13.4,89.0,7.0
2025-11-25 19:00:00,2025,11,25,19,Vĩnh Long,Xã An Ngãi Trung,10.0916931,106.5448581,84,Moderate,1,25.8,88,0.0,6.3,75,1008.5,100,21.9,23.3,284.0,12.8,98.0,8.4
2025-11-25 20:00:00,2025,11,25,20,Vĩnh Long,Xã An Ngãi Trung,10.0916931,106.5448581,81,Moderate,1,26.1,86,0.0,9.6,96,1009.4,100,23.0,24.4,301.0,14.0,91.0,9.1
2025-11-25 21:00:00,2025,11,25,21,Vĩnh Long,Xã An Ngãi Trung,10.0916931,106.5448581,79,Moderate,1,26.1,86,0.1,11.5,79,1009.7,100,25.1,26.7,318.0,15.7,81.0,10.1
2025-11-25 22:00:00,2025,11,25,22,Vĩnh Long,Xã An Ngãi Trung,10.0916931,106.5448581,80,Moderate,1,25.8,86,0.1,9.7,74,1009.6,100,29.3,31.0,349.0,17.6,71.0,11.0
2025-11-25 23:00:00,2025,11,25,23,Vĩnh Long,Xã An Ngãi Trung,10.0916931,106.5448581,81,Moderate,1,25.2,88,0.0,6.5,39,1009.3,100,32.7,34.5,412.0,19.8,63.0,11.3
2025-11-26 00:00:00,2025,11,26,0,Vĩnh Long,Xã An Ngãi Trung,10.0916931,106.5448581,82,Moderate,1,24.4,94,0.0,4.2,329,1008.9,100,35.9,37.8,488.0,22.1,55.0,11.5
2025-11-26 01:00:00,2025,11,26,1,Vĩnh Long,Xã An Ngãi Trung,10.0916931,106.5448581,83,Moderate,1,24.5,92,0.0,3.6,357,1008.8,27,39.9,41.9,531.0,24.1,48.0,12.3
2025-11-26 02:00:00,2025,11,26,2,Vĩnh Long,Xã An Ngãi Trung,10.0916931,106.5448581,85,Moderate,1,24.0,97,0.0,6.3,307,1008.0,92,40.7,42.6,510.0,25.5,42.0,14.3
2025-11-26 03:00:00,2025,11,26,3,Vĩnh Long,Xã An Ngãi Trung,10.0916931,106.5448581,86,Moderate,1,23.4,93,0.0,6.9,307,1007.7,33,38.6,40.0,456.0,26.5,37.0,16.9
2025-11-26 04:00:00,2025,11,26,4,Vĩnh Long,Xã An Ngãi Trung,10.0916931,106.5448581,87,Moderate,1,22.8,89,0.0,6.2,303,1007.5,96,38.4,38.6,411.0,26.9,34.0,19.0
2025-11-26 05:00:00,2025,11,26,5,Vĩnh Long,Xã An Ngãi Trung,10.0916931,106.5448581,87,Moderate,1,22.3,89,0.0,5.4,320,1008.0,95,36.6,36.9,392.0,26.9,33.0,20.2
2025-11-26 06:00:00,2025,11,26,6,Vĩnh Long,Xã An Ngãi Trung,10.0916931,106.5448581,87,Moderate,1,21.9,91,0.0,4.8,335,1008.9,99,34.7,34.9,382.0,26.3,35.0,20.9
2025-11-26 07:00:00,2025,11,26,7,Vĩnh Long,Xã An Ngãi Trung,10.0916931,106.5448581,87,Moderate,1,23.2,86,0.0,7.8,345,1009.2,100,35.5,35.9,375.0,20.1,38.0,24.1
2025-11-26 08:00:00,2025,11,26,8,Vĩnh Long,Xã An Ngãi Trung,10.0916931,106.5448581,86,Moderate,1,24.8,82,0.0,7.2,328,1010.0,93,30.2,30.5,372.0,17.9,59.0,24.1
2025-11-26 09:00:00,2025,11,26,9,Vĩnh Long,Xã An Ngãi Trung,10.0916931,106.5448581,86,Moderate,1,26.4,77,0.0,7.3,329,1010.4,95,29.3,29.7,371.0,14.9,89.0,23.9
2025-11-26 10:00:00,2025,11,26,10,Vĩnh Long,Xã An Ngãi Trung,10.0916931,106.5448581,85,Moderate,1,27.7,72,0.0,3.8,11,1010.3,90,28.4,29.0,365.0,11.7,115.0,22.6
2025-11-26 11:00:00,2025,11,26,11,Vĩnh Long,Xã An Ngãi Trung,10.0916931,106.5448581,85,Moderate,1,28.8,66,0.0,3.6,33,1009.7,82,27.6,28.3,348.0,8.3,133.0,19.0
2025-11-26 12:00:00,2025,11,26,12,Vĩnh Long,Xã An Ngãi Trung,10.0916931,106.5448581,86,Moderate,1,29.5,62,0.0,4.1,15,1008.7,95,26.2,27.0,326.0,4.9,147.0,14.2
2025-11-26 13:00:00,2025,11,26,13,Vĩnh Long,Xã An Ngãi Trung,10.0916931,106.5448581,86,Moderate,1,30.3,59,0.0,7.7,332,1007.8,98,25.6,26.5,307.0,2.7,156.0,10.7
2025-11-26 14:00:00,2025,11,26,14,Vĩnh Long,Xã An Ngãi Trung,10.0916931,106.5448581,86,Moderate,1,30.2,58,0.0,10.2,323,1007.2,100,25.6,26.5,289.0,1.9,159.0,9.2
2025-11-26 15:00:00,2025,11,26,15,Vĩnh Long,Xã An Ngãi Trung,10.0916931,106.5448581,87,Moderate,1,30.2,60,0.0,8.1,321,1007.1,100,25.9,26.7,274.0,2.4,156.0,9.0
2025-11-26 16:00:00,2025,11,26,16,Vĩnh Long,Xã An Ngãi Trung,10.0916931,106.5448581,88,Moderate,1,30.0,62,0.0,6.0,355,1007.2,66,27.0,27.7,274.0,4.7,148.0,9.7
2025-11-26 17:00:00,2025,11,26,17,Vĩnh Long,Xã An Ngãi Trung,10.0916931,106.5448581,101,Unhealthy for Sensitive Groups,2,28.0,75,0.1,4.6,11,1008.0,100,31.4,32.0,301.0,10.4,132.0,11.7
2025-11-26 18:00:00,2025,11,26,18,Vĩnh Long,Xã An Ngãi Trung,10.0916931,106.5448581,110,Unhealthy for Sensitive Groups,2,26.7,79,0.0,3.2,357,1008.8,99,38.6,39.1,343.0,17.9,111.0,14.7
2025-11-26 19:00:00,2025,11,26,19,Vĩnh Long,Xã An Ngãi Trung,10.0916931,106.5448581,109,Unhealthy for Sensitive Groups,2,25.8,82,0.0,2.6,304,1009.4,100,33.9,34.5,375.0,18.2,79.0,15.2
2025-11-26 20:00:00,2025,11,26,20,Vĩnh Long,Xã An Ngãi Trung,10.0916931,106.5448581,98,Moderate,1,25.3,82,0.0,4.7,286,1009.9,100,33.5,34.0,387.0,18.1,71.0,15.8
2025-11-26 21:00:00,2025,11,26,21,Vĩnh Long,Xã An Ngãi Trung,10.0916931,106.5448581,93,Moderate,1,25.0,78,0.0,5.5,306,1009.9,100,29.8,30.2,389.0,18.0,59.0,16.5
2025-11-26 22:00:00,2025,11,26,22,Vĩnh Long,Xã An Ngãi Trung,10.0916931,106.5448581,93,Moderate,1,25.1,75,0.0,8.1,336,1010.1,100,25.3,25.5,390.0,18.0,49.0,16.9
2025-11-26 23:00:00,2025,11,26,23,Vĩnh Long,Xã An Ngãi Trung,10.0916931,106.5448581,93,Moderate,1,25.0,76,0.0,10.6,1,1009.9,100,22.8,23.1,394.0,18.3,43.0,16.5
2025-11-27 00:00:00,2025,11,27,0,Vĩnh Long,Xã An Ngãi Trung,10.0916931,106.5448581,92,Moderate,1,24.4,76,0.0,10.3,357,1009.8,100,22.2,22.5,397.0,18.7,39.0,15.8
2025-11-27 01:00:00,2025,11,27,1,Vĩnh Long,Xã An Ngãi Trung,10.0916931,106.5448581,91,Moderate,1,23.6,81,0.0,9.1,350,1009.2,100,21.8,22.1,389.0,18.9,38.0,15.2
2025-11-27 02:00:00,2025,11,27,2,Vĩnh Long,Xã An Ngãi Trung,10.0916931,106.5448581,89,Moderate,1,23.5,79,0.0,11.4,344,1008.5,100,20.8,21.1,360.0,18.6,40.0,15.0
2025-11-27 03:00:00,2025,11,27,3,Vĩnh Long,Xã An Ngãi Trung,10.0916931,106.5448581,87,Moderate,1,23.1,78,0.0,10.9,336,1008.1,100,19.8,20.2,321.0,18.1,44.0,14.9
2025-11-27 04:00:00,2025,11,27,4,Vĩnh Long,Xã An Ngãi Trung,10.0916931,106.5448581,86,Moderate,1,22.8,78,0.0,9.6,339,1008.3,100,19.0,19.4,293.0,17.6,48.0,15.0
2025-11-27 05:00:00,2025,11,27,5,Vĩnh Long,Xã An Ngãi Trung,10.0916931,106.5448581,84,Moderate,1,22.4,79,0.0,9.6,344,1008.8,100,18.6,18.9,286.0,17.5,48.0,15.3
2025-11-27 06:00:00,2025,11,27,6,Vĩnh Long,Xã An Ngãi Trung,10.0916931,106.5448581,82,Moderate,1,22.0,80,0.0,9.4,340,1009.0,98,18.8,19.2,291.0,17.3,47.0,15.8
2025-11-27 07:00:00,2025,11,27,7,Vĩnh Long,Xã An Ngãi Trung,10.0916931,106.5448581,81,Moderate,1,23.0,82,0.0,8.2,341,1009.8,2,26.1,26.5,297.0,16.3,52.0,15.7
2025-11-27 08:00:00,2025,11,27,8,Vĩnh Long,Xã An Ngãi Trung,10.0916931,106.5448581,80,Moderate,1,24.5,77,0.0,9.6,343,1010.6,79,25.4,25.8,303.0,14.5,64.0,16.1
2025-11-27 09:00:00,2025,11,27,9,Vĩnh Long,Xã An Ngãi Trung,10.0916931,106.5448581,80,Moderate,1,26.0,72,0.0,10.0,343,1011.2,84,25.0,25.6,310.0,11.8,81.0,16.5
2025-11-27 10:00:00,2025,11,27,10,Vĩnh Long,Xã An Ngãi Trung,10.0916931,106.5448581,79,Moderate,1,27.2,70,0.0,9.3,341,1011.0,100,24.9,25.5,313.0,9.3,100.0,16.3
2025-11-27 11:00:00,2025,11,27,11,Vĩnh Long,Xã An Ngãi Trung,10.0916931,106.5448581,79,Moderate,1,28.2,68,0.0,6.6,339,1010.2,100,25.4,26.1,309.0,6.9,122.0,14.9
2025-11-27 12:00:00,2025,11,27,12,Vĩnh Long,Xã An Ngãi Trung,10.0916931,106.5448581,79,Moderate,1,29.1,64,0.0,6.8,342,1008.8,100,26.4,27.1,301.0,4.5,145.0,12.9
2025-11-27 13:00:00,2025,11,27,13,Vĩnh Long,Xã An Ngãi Trung,10.0916931,106.5448581,79,Moderate,1,29.5,62,0.0,8.7,333,1008.2,100,26.8,27.6,297.0,3.1,160.0,11.3
2025-11-27 14:00:00,2025,11,27,14,Vĩnh Long,Xã An Ngãi Trung,10.0916931,106.5448581,79,Moderate,1,30.0,61,0.0,10.5,331,1007.4,100,26.3,27.0,300.0,2.8,164.0,10.5
2025-11-27 15:00:00,2025,11,27,15,Vĩnh Long,Xã An Ngãi Trung,10.0916931,106.5448581,79,Moderate,1,29.6,61,0.0,11.9,328,1007.0,100,25.2,25.8,307.0,3.3,160.0,10.1
2025-11-27 16:00:00,2025,11,27,16,Vĩnh Long,Xã An Ngãi Trung,10.0916931,106.5448581,79,Moderate,1,29.0,65,0.0,10.8,339,1007.3,100,25.0,25.6,317.0,5.1,150.0,10.4
2025-11-27 17:00:00,2025,11,27,17,Vĩnh Long,Xã An Ngãi Trung,10.0916931,106.5448581,97,Moderate,1,27.5,70,0.0,12.7,352,1008.0,100,27.1,27.5,331.0,9.2,131.0,12.0
2025-11-27 18:00:00,2025,11,27,18,Vĩnh Long,Xã An Ngãi Trung,10.0916931,106.5448581,107,Unhealthy for Sensitive Groups,2,26.5,70,0.0,12.4,341,1008.9,100,29.5,29.7,347.0,14.4,105.0,14.4
2025-11-27 19:00:00,2025,11,27,19,Vĩnh Long,Xã An Ngãi Trung,10.0916931,106.5448581,108,Unhealthy for Sensitive Groups,2,25.9,73,0.0,10.8,342,1009.4,100,30.2,30.7,359.0,14.7,85.0,15.7
2025-11-27 20:00:00,2025,11,27,20,Vĩnh Long,Xã An Ngãi Trung,10.0916931,106.5448581,101,Unhealthy for Sensitive Groups,2,26.1,70,0.0,13.0,336,1010.2,100,30.5,30.9,365.0,15.1,77.0,15.8
2025-11-27 21:00:00,2025,11,27,21,Vĩnh Long,Xã An Ngãi Trung,10.0916931,106.5448581,86,Moderate,1,25.8,65,0.0,14.0,345,1010.3,100,30.0,30.4,367.0,15.5,66.0,16.0
2025-11-27 22:00:00,2025,11,27,22,Vĩnh Long,Xã An Ngãi Trung,10.0916931,106.5448581,77,Moderate,1,24.9,66,0.0,14.7,352,1010.3,100,29.6,29.9,368.0,15.9,57.0,16.2
2025-11-27 23:00:00,2025,11,27,23,Vĩnh Long,Xã An Ngãi Trung,10.0916931,106.5448581,77,Moderate,1,24.4,63,0.0,16.6,359,1010.1,100,29.2,29.5,369.0,16.1,53.0,16.4
2025-11-28 00:00:00,2025,11,28,0,Vĩnh Long,Xã An Ngãi Trung,10.0916931,106.5448581,78,Moderate,1,24.0,63,0.0,14.8,357,1009.8,100,28.5,28.8,368.0,16.2,50.0,16.7
2025-11-28 01:00:00,2025,11,28,1,Vĩnh Long,Xã An Ngãi Trung,10.0916931,106.5448581,79,Moderate,1,23.1,67,0.0,11.5,349,1009.2,100,27.8,28.0,363.0,16.0,49.0,16.5
2025-11-28 02:00:00,2025,11,28,2,Vĩnh Long,Xã An Ngãi Trung,10.0916931,106.5448581,79,Moderate,1,22.6,68,0.0,11.9,349,1008.6,100,27.0,27.3,349.0,15.1,47.0,15.6
2025-11-28 03:00:00,2025,11,28,3,Vĩnh Long,Xã An Ngãi Trung,10.0916931,106.5448581,80,Moderate,1,22.2,68,0.0,13.4,348,1008.5,100,26.5,26.9,329.0,13.9,46.0,14.4
2025-11-28 04:00:00,2025,11,28,4,Vĩnh Long,Xã An Ngãi Trung,10.0916931,106.5448581,80,Moderate,1,21.9,66,0.0,14.2,351,1008.6,100,26.5,26.8,316.0,12.9,47.0,13.5
2025-11-28 05:00:00,2025,11,28,5,Vĩnh Long,Xã An Ngãi Trung,10.0916931,106.5448581,81,Moderate,1,21.5,67,0.0,13.2,346,1009.0,100,26.6,26.9,314.0,12.4,48.0,13.4
2025-11-28 06:00:00,2025,11,28,6,Vĩnh Long,Xã An Ngãi Trung,10.0916931,106.5448581,82,Moderate,1,20.9,75,0.0,12.1,337,1009.6,100,26.5,26.8,318.0,12.2,50.0,13.7
2025-11-28 07:00:00,2025,11,28,7,Vĩnh Long,Xã An Ngãi Trung,10.0916931,106.5448581,82,Moderate,1,21.1,76,0.0,10.7,327,1010.3,100,32.4,32.9,321.0,10.4,65.0,13.4
2025-11-28 08:00:00,2025,11,28,8,Vĩnh Long,Xã An Ngãi Trung,10.0916931,106.5448581,83,Moderate,1,22.4,71,0.0,12.4,332,1011.1,100,30.7,31.3,322.0,9.0,79.0,13.5
2025-11-28 09:00:00,2025,11,28,9,Vĩnh Long,Xã An Ngãi Trung,10.0916931,106.5448581,83,Moderate,1,23.4,66,0.0,15.1,337,1011.3,100,28.1,28.6,321.0,7.0,99.0,13.6
2025-11-28 10:00:00,2025,11,28,10,Vĩnh Long,Xã An Ngãi Trung,10.0916931,106.5448581,84,Moderate,1,24.5,64,0.0,15.0,340,1011.1,100,26.7,27.3,316.0,5.3,117.0,13.4
2025-11-28 11:00:00,2025,11,28,11,Vĩnh Long,Xã An Ngãi Trung,10.0916931,106.5448581,84,Moderate,1,25.9,62,0.0,15.4,339,1010.5,73,25.5,26.0,303.0,4.1,130.0,12.7
2025-11-28 12:00:00,2025,11,28,12,Vĩnh Long,Xã An Ngãi Trung,10.0916931,106.5448581,84,Moderate,1,26.9,61,0.0,13.1,347,1009.2,100,24.8,25.3,285.0,3.1,140.0,11.7
2025-11-28 13:00:00,2025,11,28,13,Vĩnh Long,Xã An Ngãi Trung,10.0916931,106.5448581,84,Moderate,1,27.6,59,0.0,12.8,344,1008.6,94,24.3,24.9,271.0,2.7,148.0,11.1
2025-11-28 14:00:00,2025,11,28,14,Vĩnh Long,Xã An Ngãi Trung,10.0916931,106.5448581,83,Moderate,1,27.9,58,0.0,11.6,342,1007.4,66,24.3,24.7,259.0,2.4,154.0,11.1
2025-11-28 15:00:00,2025,11,28,15,Vĩnh Long,Xã An Ngãi Trung,10.0916931,106.5448581,83,Moderate,1,27.8,59,0.0,11.1,347,1007.2,95,24.6,25.0,250.0,2.7,158.0,11.4
2025-11-28 16:00:00,2025,11,28,16,Vĩnh Long,Xã An Ngãi Trung,10.0916931,106.5448581,85,Moderate,1,27.1,64,0.0,9.6,352,1007.5,100,25.4,25.8,261.0,4.8,153.0,12.3
2025-11-28 17:00:00,2025,11,28,17,Vĩnh Long,Xã An Ngãi Trung,10.0916931,106.5448581,100,Moderate,1,25.9,72,0.0,7.5,352,1008.1,100,28.3,28.6,308.0,10.5,134.0,14.3
2025-11-28 18:00:00,2025,11,28,18,Vĩnh Long,Xã An Ngãi Trung,10.0916931,106.5448581,108,Unhealthy for Sensitive Groups,2,25.1,72,0.0,8.9,322,1008.2,100,35.2,35.4,374.0,18.1,107.0,16.8
2025-11-28 19:00:00,2025,11,28,19,Vĩnh Long,Xã An Ngãi Trung,10.0916931,106.5448581,106,Unhealthy for Sensitive Groups,2,24.8,72,0.0,8.3,340,1009.4,100,38.9,39.0,423.0,22.9,86.0,18.5
2025-11-28 20:00:00,2025,11,28,20,Vĩnh Long,Xã An Ngãi Trung,10.0916931,106.5448581,96,Moderate,1,24.2,72,0.0,6.9,332,1010.6,100,35.5,35.6,440.0,21.3,79.0,18.5
2025-11-28 21:00:00,2025,11,28,21,Vĩnh Long,Xã An Ngãi Trung,10.0916931,106.5448581,85,Moderate,1,23.7,76,0.0,7.7,306,1010.7,100,31.5,31.7,439.0,19.1,69.0,18.5
2025-11-28 22:00:00,2025,11,28,22,Vĩnh Long,Xã An Ngãi Trung,10.0916931,106.5448581,85,Moderate,1,23.8,75,0.0,8.4,305,1010.8,100,27.9,28.1,425.0,17.1,61.0,18.0
2025-11-28 23:00:00,2025,11,28,23,Vĩnh Long,Xã An Ngãi Trung,10.0916931,106.5448581,85,Moderate,1,23.5,72,0.0,8.7,304,1010.4,100,25.7,25.9,390.0,15.6,56.0,16.7
2025-11-29 00:00:00,2025,11,29,0,Vĩnh Long,Xã An Ngãi Trung,10.0916931,106.5448581,85,Moderate,1,23.2,71,0.0,6.8,305,1010.2,100,24.4,24.6,342.0,14.2,53.0,15.0
2025-11-29 01:00:00,2025,11,29,1,Vĩnh Long,Xã An Ngãi Trung,10.0916931,106.5448581,84,Moderate,1,22.9,71,0.0,7.5,318,1009.8,100,23.4,23.6,305.0,13.2,51.0,13.6
2025-11-29 02:00:00,2025,11,29,2,Vĩnh Long,Xã An Ngãi Trung,10.0916931,106.5448581,84,Moderate,1,22.6,71,0.0,9.4,322,1008.9,100,22.8,23.0,289.0,12.6,49.0,12.9
2025-11-29 03:00:00,2025,11,29,3,Vĩnh Long,Xã An Ngãi Trung,10.0916931,106.5448581,84,Moderate,1,22.2,73,0.0,9.3,316,1008.3,99,22.4,22.6,285.0,12.2,47.0,12.6
2025-11-29 04:00:00,2025,11,29,4,Vĩnh Long,Xã An Ngãi Trung,10.0916931,106.5448581,83,Moderate,1,21.5,76,0.0,7.9,319,1008.1,100,21.9,22.2,286.0,12.1,46.0,12.5
2025-11-29 05:00:00,2025,11,29,5,Vĩnh Long,Xã An Ngãi Trung,10.0916931,106.5448581,83,Moderate,1,21.4,76,0.0,8.2,328,1008.9,100,21.7,21.9,293.0,12.5,42.0,12.6
2025-11-29 06:00:00,2025,11,29,6,Vĩnh Long,Xã An Ngãi Trung,10.0916931,106.5448581,82,Moderate,1,21.0,78,0.0,8.5,322,1009.6,100,22.1,22.4,305.0,13.0,39.0,12.8
2025-11-29 07:00:00,2025,11,29,7,Vĩnh Long,Xã An Ngãi Trung,10.0916931,106.5448581,82,Moderate,1,22.1,76,0.0,9.4,328,1010.0,100,21.5,21.8,317.0,11.6,49.0,12.9
2025-11-29 08:00:00,2025,11,29,8,Vĩnh Long,Xã An Ngãi Trung,10.0916931,106.5448581,81,Moderate,1,23.2,73,0.0,9.0,323,1010.8,100,21.3,21.5,329.0,9.4,71.0,13.0
2025-11-29 09:00:00,2025,11,29,9,Vĩnh Long,Xã An Ngãi Trung,10.0916931,106.5448581,80,Moderate,1,23.4,75,0.0,7.9,313,1011.3,100,21.0,21.2,341.0,6.3,101.0,13.2
2025-11-29 10:00:00,2025,11,29,10,Vĩnh Long,Xã An Ngãi Trung,10.0916931,106.5448581,80,Moderate,1,25.4,71,0.0,9.2,329,1010.8,100,20.3,20.5,344.0,4.0,126.0,13.0
2025-11-29 11:00:00,2025,11,29,11,Vĩnh Long,Xã An Ngãi Trung,10.0916931,106.5448581,79,Moderate,1,26.6,69,0.0,11.4,342,1010.1,99,18.5,18.7,330.0,3.0,140.0,12.1
2025-11-29 12:00:00,2025,11,29,12,Vĩnh Long,Xã An Ngãi Trung,10.0916931,106.5448581,78,Moderate,1,28.0,66,0.0,10.0,332,1008.8,99,17.9,18.1,306.0,2.7,148.0,11.0
2025-11-29 13:00:00,2025,11,29,13,Vĩnh Long,Xã An Ngãi Trung,10.0916931,106.5448581,78,Moderate,1,29.5,62,0.0,8.6,321,1008.1,100,17.9,18.0,288.0,2.8,153.0,10.1
2025-11-29 14:00:00,2025,11,29,14,Vĩnh Long,Xã An Ngãi Trung,10.0916931,106.5448581,77,Moderate,1,30.0,60,0.0,8.0,324,1007.3,100,17.7,17.9,272.0,2.3,156.0,9.6
2025-11-29 15:00:00,2025,11,29,15,Vĩnh Long,Xã An Ngãi Trung,10.0916931,106.5448581,77,Moderate,1,30.0,59,0.0,6.3,325,1007.1,100,17.6,17.8,260.0,2.2,156.0,9.4
2025-11-29 16:00:00,2025,11,29,16,Vĩnh Long,Xã An Ngãi Trung,10.0916931,106.5448581,90,Moderate,1,29.7,61,0.0,4.5,310,1007.5,100,17.9,18.0,276.0,4.5,149.0,10.1
2025-11-29 17:00:00,2025,11,29,17,Vĩnh Long,Xã An Ngãi Trung,10.0916931,106.5448581,107,Unhealthy for Sensitive Groups,2,28.4,76,0.0,3.2,304,1007.7,47,23.5,23.6,340.0,11.7,131.0,12.6
2025-11-29 18:00:00,2025,11,29,18,Vĩnh Long,Xã An Ngãi Trung,10.0916931,106.5448581,113,Unhealthy for Sensitive Groups,2,26.6,79,0.0,2.7,247,1008.5,27,33.2,33.3,431.0,21.3,107.0,16.0
2025-11-29 19:00:00,2025,11,29,19,Vĩnh Long,Xã An Ngãi Trung,10.0916931,106.5448581,109,Unhealthy for Sensitive Groups,2,25.4,81,0.0,5.9,256,1009.3,100,40.9,41.2,512.0,24.1,66.0,15.1
2025-11-29 20:00:00,2025,11,29,20,Vĩnh Long,Xã An Ngãi Trung,10.0916931,106.5448581,93,Moderate,1,25.1,81,0.0,6.5,284,1010.1,100,44.4,44.7,571.0,25.5,58.0,16.5
2025-11-29 21:00:00,2025,11,29,21,Vĩnh Long,Xã An Ngãi Trung,10.0916931,106.5448581,76,Moderate,1,24.7,82,0.0,6.6,307,1010.4,100,44.9,45.2,619.0,27.4,47.0,18.4
2025-11-29 22:00:00,2025,11,29,22,Vĩnh Long,Xã An Ngãi Trung,10.0916931,106.5448581,77,Moderate,1,24.3,84,0.0,5.8,300,1010.3,100,44.5,44.7,650.0,28.9,37.0,19.3
2025-11-29 23:00:00,2025,11,29,23,Vĩnh Long,Xã An Ngãi Trung,10.0916931,106.5448581,78,Moderate,1,23.9,86,0.0,5.6,299,1010.0,100,45.5,45.9,658.0,29.5,31.0,18.5
2025-11-30 00:00:00,2025,11,30,0,Vĩnh Long,Xã An Ngãi Trung,10.0916931,106.5448581,80,Moderate,1,23.6,87,0.0,4.5,299,1009.8,100,45.4,45.8,649.0,29.7,26.0,16.7
2025-11-30 01:00:00,2025,11,30,1,Vĩnh Long,Xã An Ngãi Trung,10.0916931,106.5448581,82,Moderate,1,23.2,88,0.0,4.9,294,1009.4,100,45.4,46.1,637.0,29.5,23.0,15.2
2025-11-30 02:00:00,2025,11,30,2,Vĩnh Long,Xã An Ngãi Trung,10.0916931,106.5448581,84,Moderate,1,23.4,87,0.0,4.7,293,1009.0,100,43.7,44.2,631.0,29.0,20.0,14.4
2025-11-30 03:00:00,2025,11,30,3,Vĩnh Long,Xã An Ngãi Trung,10.0916931,106.5448581,86,Moderate,1,23.1,89,0.0,4.4,302,1008.9,100,40.4,41.0,623.0,28.1,18.0,14.0
2025-11-30 04:00:00,2025,11,30,4,Vĩnh Long,Xã An Ngãi Trung,10.0916931,106.5448581,87,Moderate,1,22.9,90,0.0,4.4,325,1008.6,94,36.9,37.5,600.0,26.6,19.0,13.7
2025-11-30 05:00:00,2025,11,30,5,Vĩnh Long,Xã An Ngãi Trung,10.0916931,106.5448581,89,Moderate,1,23.0,89,0.0,4.8,345,1009.0,95,34.0,34.6,551.0,24.5,20.0,13.7
2025-11-30 06:00:00,2025,11,30,6,Vĩnh Long,Xã An Ngãi Trung,10.0916931,106.5448581,90,Moderate,1,22.8,89,0.0,4.8,338,1009.6,98,31.2,31.8,487.0,21.8,23.0,13.8
2025-11-30 07:00:00,2025,11,30,7,Vĩnh Long,Xã An Ngãi Trung,10.0916931,106.5448581,91,Moderate,1,23.9,83,0.0,5.0,311,1010.5,100,22.0,22.5,433.0,14.7,42.0,13.1
2025-11-30 08:00:00,2025,11,30,8,Vĩnh Long,Xã An Ngãi Trung,10.0916931,106.5448581,91,Moderate,1,25.5,77,0.0,6.1,320,1011.3,91,20.5,21.3,398.0,11.7,70.0,14.2
2025-11-30 09:00:00,2025,11,30,9,Vĩnh Long,Xã An Ngãi Trung,10.0916931,106.5448581,91,Moderate,1,27.0,72,0.0,7.5,325,1011.6,2,21.4,21.4,373.0,7.6,107.0,15.5
2025-11-30 10:00:00,2025,11,30,10,Vĩnh Long,Xã An Ngãi Trung,10.0916931,106.5448581,91,Moderate,1,28.4,67,0.0,7.7,329,1011.0,16,21.8,21.9,350.0,4.4,136.0,15.8
2025-11-30 11:00:00,2025,11,30,11,Vĩnh Long,Xã An Ngãi Trung,10.0916931,106.5448581,91,Moderate,1,29.6,62,0.0,6.6,327,1010.6,6,20.5,20.7,325.0,2.9,146.0,14.0
2025-11-30 12:00:00,2025,11,30,12,Vĩnh Long,Xã An Ngãi Trung,10.0916931,106.5448581,91,Moderate,1,30.5,60,0.0,5.6,312,1009.6,5,19.7,19.9,303.0,2.3,147.0,11.2
2025-11-30 13:00:00,2025,11,30,13,Vĩnh Long,Xã An Ngãi Trung,10.0916931,106.5448581,91,Moderate,1,31.2,56,0.0,7.5,303,1008.3,0,17.9,18.0,286.0,2.3,145.0,9.0
2025-11-30 14:00:00,2025,11,30,14,Vĩnh Long,Xã An Ngãi Trung,10.0916931,106.5448581,91,Moderate,1,31.4,55,0.0,8.0,297,1007.4,5,17.7,18.0,269.0,2.2,143.0,8.0
2025-11-30 15:00:00,2025,11,30,15,Vĩnh Long,Xã An Ngãi Trung,10.0916931,106.5448581,91,Moderate,1,31.5,55,0.0,7.1,304,1007.4,16,18.3,18.6,257.0,2.6,138.0,7.7
2025-11-30 16:00:00,2025,11,30,16,Vĩnh Long,Xã An Ngãi Trung,10.0916931,106.5448581,91,Moderate,1,31.2,59,0.0,4.8,315,1007.4,10,19.9,20.2,270.0,5.1,132.0,8.3
2025-11-30 17:00:00,2025,11,30,17,Vĩnh Long,Xã An Ngãi Trung,10.0916931,106.5448581,99,Moderate,1,29.5,70,0.0,0.9,259,1008.1,34,28.1,28.3,326.0,11.2,122.0,10.2
2025-11-30 18:00:00,2025,11,30,18,Vĩnh Long,Xã An Ngãi Trung,10.0916931,106.5448581,102,Unhealthy for Sensitive Groups,2,27.4,76,0.0,2.3,141,1008.9,13,38.0,38.2,407.0,19.3,111.0,13.0
2025-11-30 19:00:00,2025,11,30,19,Vĩnh Long,Xã An Ngãi Trung,10.0916931,106.5448581,97,Moderate,1,26.2,80,0.0,3.2,183,1009.4,6,43.3,44.0,473.0,33.1,88.0,19.6
2025-11-30 20:00:00,2025,11,30,20,Vĩnh Long,Xã An Ngãi Trung,10.0916931,106.5448581,92,Moderate,1,26.0,83,0.0,2.7,152,1010.4,23,49.7,50.5,513.0,33.5,82.0,20.0
2025-11-30 21:00:00,2025,11,30,21,Vĩnh Long,Xã An Ngãi Trung,10.0916931,106.5448581,93,Moderate,1,25.6,88,0.0,3.1,152,1010.9,8,50.9,51.7,538.0,34.0,72.0,20.5
2025-11-30 22:00:00,2025,11,30,22,Vĩnh Long,Xã An Ngãi Trung,10.0916931,106.5448581,93,Moderate,1,25.0,91,0.0,3.0,194,1011.0,1,54.0,54.8,544.0,34.4,63.0,20.5
2025-11-30 23:00:00,2025,11,30,23,Vĩnh Long,Xã An Ngãi Trung,10.0916931,106.5448581,94,Moderate,1,24.7,93,0.0,1.9,202,1010.7,1,59.3,60.3,510.0,34.7,54.0,19.6
2025-12-01 00:00:00,2025,12,1,0,Vĩnh Long,Xã An Ngãi Trung,10.0916931,106.5448581,95,Moderate,1,24.2,95,0.0,3.2,223,1010.6,0,62.4,63.3,456.0,34.9,46.0,18.2
2025-12-01 01:00:00,2025,12,1,1,Vĩnh Long,Xã An Ngãi Trung,10.0916931,106.5448581,97,Moderate,1,23.6,96,0.0,4.1,221,1010.5,5,60.8,61.9,437.0,34.6,38.0,17.0
2025-12-01 02:00:00,2025,12,1,2,Vĩnh Long,Xã An Ngãi Trung,10.0916931,106.5448581,98,Moderate,1,23.7,96,0.0,3.6,252,1009.9,0,57.0,58.4,483.0,33.5,31.0,16.1
2025-12-01 03:00:00,2025,12,1,3,Vĩnh Long,Xã An Ngãi Trung,10.0916931,106.5448581,99,Moderate,1,23.5,95,0.0,2.9,270,1009.4,0,55.2,56.7,563.0,31.9,26.0,15.4
2025-12-01 04:00:00,2025,12,1,4,Vĩnh Long,Xã An Ngãi Trung,10.0916931,106.5448581,101,Unhealthy for Sensitive Groups,2,23.3,96,0.0,3.8,251,1009.7,2,53.9,55.4,638.0,30.4,23.0,15.2
2025-12-01 05:00:00,2025,12,1,5,Vĩnh Long,Xã An Ngãi Trung,10.0916931,106.5448581,103,Unhealthy for Sensitive Groups,2,23.1,96,0.0,4.2,275,1010.2,2,52.7,54.2,715.0,29.8,20.0,15.6
2025-12-01 06:00:00,2025,12,1,6,Vĩnh Long,Xã An Ngãi Trung,10.0916931,106.5448581,105,Unhealthy for Sensitive Groups,2,23.0,95,0.0,3.9,292,1010.7,0,52.5,53.9,787.0,29.3,19.0,16.6
2025-12-01 07:00:00,2025,12,1,7,Vĩnh Long,Xã An Ngãi Trung,10.0916931,106.5448581,107,Unhealthy for Sensitive Groups,2,24.9,88,0.0,5.1,302,1011.3,2,49.0,50.2,798.0,23.7,33.0,16.1
2025-12-01 08:00:00,2025,12,1,8,Vĩnh Long,Xã An Ngãi Trung,10.0916931,106.5448581,110,Unhealthy for Sensitive Groups,2,26.6,81,0.0,4.5,307,1011.9,2,40.7,41.1,696.0,19.9,66.0,18.9
2025-12-01 09:00:00,2025,12,1,9,Vĩnh Long,Xã An Ngãi Trung,10.0916931,106.5448581,112,Unhealthy for Sensitive Groups,2,28.4,72,0.0,4.8,304,1012.1,5,31.2,31.2,533.0,14.7,112.0,22.6
2025-12-01 10:00:00,2025,12,1,10,Vĩnh Long,Xã An Ngãi Trung,10.0916931,106.5448581,113,Unhealthy for Sensitive Groups,2,29.7,65,0.0,5.0,305,1011.6,9,26.9,27.0,403.0,10.2,150.0,24.5
2025-12-01 11:00:00,2025,12,1,11,Vĩnh Long,Xã An Ngãi Trung,10.0916931,106.5448581,113,Unhealthy for Sensitive Groups,2,30.6,61,0.0,4.4,305,1010.9,21,24.5,24.6,345.0,7.2,172.0,23.0
2025-12-01 12:00:00,2025,12,1,12,Vĩnh Long,Xã An Ngãi Trung,10.0916931,106.5448581,114,Unhealthy for Sensitive Groups,2,31.4,58,0.0,4.0,302,1009.6,77,24.1,24.1,321.0,5.0,187.0,19.6
2025-12-01 13:00:00,2025,12,1,13,Vĩnh Long,Xã An Ngãi Trung,10.0916931,106.5448581,114,Unhealthy for Sensitive Groups,2,32.0,57,0.0,3.3,299,1008.6,23,24.0,24.1,309.0,3.6,195.0,16.8
2025-12-01 14:00:00,2025,12,1,14,Vĩnh Long,Xã An Ngãi Trung,10.0916931,106.5448581,115,Unhealthy for Sensitive Groups,2,31.8,57,0.0,2.0,297,1007.6,38,23.8,23.9,302.0,3.1,198.0,15.3
2025-12-01 15:00:00,2025,12,1,15,Vĩnh Long,Xã An Ngãi Trung,10.0916931,106.5448581,115,Unhealthy for Sensitive Groups,2,29.9,63,0.6,6.3,167,1007.5,84,24.4,24.4,308.0,3.4,194.0,14.2
2025-12-01 16:00:00,2025,12,1,16,Vĩnh Long,Xã An Ngãi Trung,10.0916931,106.5448581,138,Unhealthy for Sensitive Groups,2,28.7,71,0.3,6.7,172,1007.5,51,26.4,26.5,322.0,4.8,184.0,13.4
2025-12-01 17:00:00,2025,12,1,17,Vĩnh Long,Xã An Ngãi Trung,10.0916931,106.5448581,159,Unhealthy,3,28.1,77,0.0,4.2,205,1007.7,15,32.0,32.1,349.0,8.1,163.0,12.9
2025-12-01 18:00:00,2025,12,1,18,Vĩnh Long,Xã An Ngãi Trung,10.0916931,106.5448581,168,Unhealthy,3,26.9,84,0.0,4.4,199,1008.2,6,37.1,37.3,385.0,12.4,134.0,12.7
2025-12-01 19:00:00,2025,12,1,19,Vĩnh Long,Xã An Ngãi Trung,10.0916931,106.5448581,165,Unhealthy,3,26.0,87,0.0,4.3,202,1008.7,5,43.7,43.9,417.0,22.9,94.0,15.2
2025-12-01 20:00:00,2025,12,1,20,Vĩnh Long,Xã An Ngãi Trung,10.0916931,106.5448581,153,Unhealthy,3,26.0,89,0.0,5.6,202,1009.2,5,40.2,40.3,445.0,21.0,90.0,14.3
2025-12-01 21:00:00,2025,12,1,21,Vĩnh Long,Xã An Ngãi Trung,10.0916931,106.5448581,133,Unhealthy for Sensitive Groups,2,25.9,91,0.0,6.8,202,1009.6,86,38.4,38.6,468.0,18.3,85.0,13.1
2025-12-01 22:00:00,2025,12,1,22,Vĩnh Long,Xã An Ngãi Trung,10.0916931,106.5448581,115,Unhealthy for Sensitive Groups,2,25.5,93,0.0,5.3,204,1010.1,99,38.5,38.9,472.0,16.6,79.0,12.0
2025-12-01 23:00:00,2025,12,1,23,Vĩnh Long,Xã An Ngãi Trung,10.0916931,106.5448581,113,Unhealthy for Sensitive Groups,2,25.1,94,0.0,4.0,207,1010.2,100,39.9,40.4,442.0,16.7,72.0,11.2
2025-12-02 00:00:00,2025,12,2,0,Vĩnh Long,Xã An Ngãi Trung,10.0916931,106.5448581,111,Unhealthy for Sensitive Groups,2,25.0,94,0.0,1.6,186,1010.2,100,41.4,42.0,391.0,17.6,64.0,10.6
2025-12-02 01:00:00,2025,12,2,1,Vĩnh Long,Xã An Ngãi Trung,10.0916931,106.5448581,109,Unhealthy for Sensitive Groups,2,25.0,97,0.0,2.3,129,1009.7,88,42.1,42.6,351.0,18.4,56.0,10.1
2025-12-02 02:00:00,2025,12,2,2,Vĩnh Long,Xã An Ngãi Trung,10.0916931,106.5448581,107,Unhealthy for Sensitive Groups,2,25.0,97,0.0,3.2,146,1009.2,48,41.7,42.1,327.0,18.4,49.0,9.8
2025-12-02 03:00:00,2025,12,2,3,Vĩnh Long,Xã An Ngãi Trung,10.0916931,106.5448581,105,Unhealthy for Sensitive Groups,2,25.0,96,0.1,1.3,180,1008.3,33,39.7,40.0,312.0,18.3,44.0,9.6
2025-12-02 04:00:00,2025,12,2,4,Vĩnh Long,Xã An Ngãi Trung,10.0916931,106.5448581,104,Unhealthy for Sensitive Groups,2,24.8,97,0.0,0.9,281,1008.7,38,37.4,37.7,316.0,18.4,39.0,9.8
2025-12-02 05:00:00,2025,12,2,5,Vĩnh Long,Xã An Ngãi Trung,10.0916931,106.5448581,102,Unhealthy for Sensitive Groups,2,24.5,98,0.0,3.0,253,1009.2,75,36.8,37.1,355.0,19.6,32.0,10.6
2025-12-02 06:00:00,2025,12,2,6,Vĩnh Long,Xã An Ngãi Trung,10.0916931,106.5448581,100,Moderate,1,24.4,98,0.0,2.7,352,1010.1,84,41.1,41.4,413.0,21.0,27.0,11.9
2025-12-02 07:00:00,2025,12,2,7,Vĩnh Long,Xã An Ngãi Trung,10.0916931,106.5448581,99,Moderate,1,26.0,92,0.0,4.1,299,1010.9,99,41.4,41.9,443.0,19.1,39.0,12.7
2025-12-02 08:00:00,2025,12,2,8,Vĩnh Long,Xã An Ngãi Trung,10.0916931,106.5448581,99,Moderate,1,27.3,85,0.0,4.2,342,1012.0,89,29.6,30.2,418.0,16.6,58.0,13.7
2025-12-02 09:00:00,2025,12,2,9,Vĩnh Long,Xã An Ngãi Trung,10.0916931,106.5448581,98,Moderate,1,28.7,78,0.0,4.1,331,1012.3,86,29.3,29.9,366.0,13.0,85.0,15.1
2025-12-02 10:00:00,2025,12,2,10,Vĩnh Long,Xã An Ngãi Trung,10.0916931,106.5448581,98,Moderate,1,30.0,71,0.0,2.8,310,1011.9,45,32.8,33.3,324.0,10.0,107.0,15.9
2025-12-02 11:00:00,2025,12,2,11,Vĩnh Long,Xã An Ngãi Trung,10.0916931,106.5448581,98,Moderate,1,30.8,67,0.0,1.8,276,1011.2,63,34.1,34.6,305.0,7.9,122.0,15.6
2025-12-02 12:00:00,2025,12,2,12,Vĩnh Long,Xã An Ngãi Trung,10.0916931,106.5448581,99,Moderate,1,31.2,64,0.0,0.9,101,1009.8,100,36.2,36.6,296.0,6.3,133.0,14.8
2025-12-02 13:00:00,2025,12,2,13,Vĩnh Long,Xã An Ngãi Trung,10.0916931,106.5448581,100,Moderate,1,28.4,74,1.6,10.6,47,1009.5,77,36.8,37.1,291.0,5.4,138.0,13.7
2025-12-02 14:00:00,2025,12,2,14,Vĩnh Long,Xã An Ngãi Trung,10.0916931,106.5448581,101,Unhealthy for Sensitive Groups,2,27.9,78,0.5,6.9,250,1008.5,41,37.5,37.8,285.0,5.2,137.0,12.3
2025-12-02 15:00:00,2025,12,2,15,Vĩnh Long,Xã An Ngãi Trung,10.0916931,106.5448581,103,Unhealthy for Sensitive Groups,2,28.6,76,0.0,4.8,225,1008.0,21,36.8,37.0,283.0,5.7,130.0,10.7
2025-12-02 16:00:00,2025,12,2,16,Vĩnh Long,Xã An Ngãi Trung,10.0916931,106.5448581,104,Unhealthy for Sensitive Groups,2,28.3,76,0.0,2.2,256,1007.9,19,33.3,33.5,295.0,7.1,121.0,9.7
2025-12-02 17:00:00,2025,12,2,17,Vĩnh Long,Xã An Ngãi Trung,10.0916931,106.5448581,105,Unhealthy for Sensitive Groups,2,27.8,80,0.0,3.5,231,1008.5,10,32.1,32.2,332.0,9.9,108.0,9.6
2025-12-02 18:00:00,2025,12,2,18,Vĩnh Long,Xã An Ngãi Trung,10.0916931,106.5448581,105,Unhealthy for Sensitive Groups,2,26.5,87,0.0,2.9,270,1009.3,42,39.6,39.8,383.0,13.6,92.0,10.0
2025-12-02 19:00:00,2025,12,2,19,Vĩnh Long,Xã An Ngãi Trung,10.0916931,106.5448581,105,Unhealthy for Sensitive Groups,2,26.3,91,0.0,0.2,360,1009.9,59,38.2,38.3,424.0,13.1,90.0,10.1
2025-12-02 20:00:00,2025,12,2,20,Vĩnh Long,Xã An Ngãi Trung,10.0916931,106.5448581,104,Unhealthy for Sensitive Groups,2,25.0,96,1.9,8.8,355,1010.9,63,42.1,42.3,445.0,13.6,85.0,10.8
2025-12-02 21:00:00,2025,12,2,21,Vĩnh Long,Xã An Ngãi Trung,10.0916931,106.5448581,105,Unhealthy for Sensitive Groups,2,25.0,97,0.1,4.4,339,1011.1,66,38.3,38.4,457.0,14.2,79.0,11.7
2025-12-02 22:00:00,2025,12,2,22,Vĩnh Long,Xã An Ngãi Trung,10.0916931,106.5448581,105,Unhealthy for Sensitive Groups,2,24.8,97,0.0,5.0,341,1011.1,40,40.9,41.0,468.0,15.0,72.0,12.4
2025-12-02 23:00:00,2025,12,2,23,Vĩnh Long,Xã An Ngãi Trung,10.0916931,106.5448581,105,Unhealthy for Sensitive Groups,2,24.5,98,0.0,4.9,350,1011.0,63,44.8,45.1,485.0,15.9,66.0,12.7
2025-12-03 00:00:00,2025,12,3,0,Vĩnh Long,Xã An Ngãi Trung,10.0916931,106.5448581,105,Unhealthy for Sensitive Groups,2,24.2,98,0.0,4.3,298,1011.2,69,46.6,46.8,501.0,17.0,61.0,12.9
2025-12-03 01:00:00,2025,12,3,1,Vĩnh Long,Xã An Ngãi Trung,10.0916931,106.5448581,106,Unhealthy for Sensitive Groups,2,24.6,97,4.3,2.2,35,1010.6,73,48.9,49.0,503.0,17.8,56.0,13.2
2025-12-03 02:00:00,2025,12,3,2,Vĩnh Long,Xã An Ngãi Trung,10.0916931,106.5448581,107,Unhealthy for Sensitive Groups,2,24.7,96,1.3,2.7,118,1009.9,78,50.9,51.0,483.0,18.1,53.0,13.8
2025-12-03 03:00:00,2025,12,3,3,Vĩnh Long,Xã An Ngãi Trung,10.0916931,106.5448581,108,Unhealthy for Sensitive Groups,2,24.5,96,0.1,2.6,56,1009.5,98,52.6,52.9,448.0,18.2,51.0,14.6
2025-12-03 04:00:00,2025,12,3,4,Vĩnh Long,Xã An Ngãi Trung,10.0916931,106.5448581,109,Unhealthy for Sensitive Groups,2,24.3,97,0.0,4.8,53,1009.8,76,54.4,54.6,415.0,18.4,49.0,15.3
2025-12-03 05:00:00,2025,12,3,5,Vĩnh Long,Xã An Ngãi Trung,10.0916931,106.5448581,111,Unhealthy for Sensitive Groups,2,24.1,97,0.0,5.1,39,1010.5,100,56.5,56.7,386.0,19.4,44.0,15.9
2025-12-03 06:00:00,2025,12,3,6,Vĩnh Long,Xã An Ngãi Trung,10.0916931,106.5448581,113,Unhealthy for Sensitive Groups,2,24.0,96,0.0,3.1,50,1010.9,37,64.0,64.3,358.0,20.6,40.0,16.4
2025-12-03 07:00:00,2025,12,3,7,Vĩnh Long,Xã An Ngãi Trung,10.0916931,106.5448581,115,Unhealthy for Sensitive Groups,2,24.9,96,0.0,3.4,43,1011.2,92,61.7,61.9,333.0,20.8,41.0,14.8
2025-12-03 08:00:00,2025,12,3,8,Vĩnh Long,Xã An Ngãi Trung,10.0916931,106.5448581,117,Unhealthy for Sensitive Groups,2,26.4,92,0.0,4.4,32,1012.3,38,53.0,53.3,313.0,16.4,66.0,13.8
2025-12-03 09:00:00,2025,12,3,9,Vĩnh Long,Xã An Ngãi Trung,10.0916931,106.5448581,120,Unhealthy for Sensitive Groups,2,27.8,87,0.2,4.9,66,1012.7,97,40.5,41.0,296.0,10.3,100.0,12.3
2025-12-03 10:00:00,2025,12,3,10,Vĩnh Long,Xã An Ngãi Trung,10.0916931,106.5448581,121,Unhealthy for Sensitive Groups,2,28.4,85,0.3,2.4,42,1012.6,99,31.9,32.6,284.0,5.8,125.0,10.9
2025-12-03 11:00:00,2025,12,3,11,Vĩnh Long,Xã An Ngãi Trung,10.0916931,106.5448581,121,Unhealthy for Sensitive Groups,2,29.0,81,0.3,2.9,349,1011.8,38,35.0,35.6,277.0,4.6,133.0,9.8
2025-12-03 12:00:00,2025,12,3,12,Vĩnh Long,Xã An Ngãi Trung,10.0916931,106.5448581,121,Unhealthy for Sensitive Groups,2,29.8,76,0.1,4.6,334,1010.7,32,32.2,32.5,275.0,5.0,133.0,8.7
2025-12-03 13:00:00,2025,12,3,13,Vĩnh Long,Xã An Ngãi Trung,10.0916931,106.5448581,120,Unhealthy for Sensitive Groups,2,29.3,73,0.1,2.7,337,1009.4,100,36.6,36.7,274.0,5.7,129.0,7.8
2025-12-03 14:00:00,2025,12,3,14,Vĩnh Long,Xã An Ngãi Trung,10.0916931,106.5448581,120,Unhealthy for Sensitive Groups,2,28.7,79,0.3,4.7,182,1008.7,64,37.6,37.8,271.0,5.9,123.0,6.8
2025-12-03 15:00:00,2025,12,3,15,Vĩnh Long,Xã An Ngãi Trung,10.0916931,106.5448581,120,Unhealthy for Sensitive Groups,2,27.4,84,0.5,3.1,180,1008.5,100,36.9,37.0,269.0,6.3,113.0,6.0
2025-12-03 16:00:00,2025,12,3,16,Vĩnh Long,Xã An Ngãi Trung,10.0916931,106.5448581,120,Unhealthy for Sensitive Groups,2,26.4,86,3.6,5.4,20,1008.6,79,31.3,31.4,274.0,7.4,103.0,5.8
2025-12-03 17:00:00,2025,12,3,17,Vĩnh Long,Xã An Ngãi Trung,10.0916931,106.5448581,120,Unhealthy for Sensitive Groups,2,24.8,92,1.9,8.2,320,1009.4,95,31.8,31.9,290.0,9.7,93.0,6.5
2025-12-03 18:00:00,2025,12,3,18,Vĩnh Long,Xã An Ngãi Trung,10.0916931,106.5448581,120,Unhealthy for Sensitive Groups,2,24.6,94,0.1,2.1,38,1009.6,86,36.1,36.2,313.0,12.7,83.0,7.9
2025-12-03 19:00:00,2025,12,3,19,Vĩnh Long,Xã An Ngãi Trung,10.0916931,106.5448581,120,Unhealthy for Sensitive Groups,2,24.8,96,0.2,1.5,353,1010.1,89,34.8,34.8,333.0,14.0,82.0,8.8
2025-12-03 20:00:00,2025,12,3,20,Vĩnh Long,Xã An Ngãi Trung,10.0916931,106.5448581,120,Unhealthy for Sensitive Groups,2,24.1,96,0.1,9.2,264,1011.1,88,37.3,37.4,346.0,16.3,74.0,10.7
2025-12-03 21:00:00,2025,12,3,21,Vĩnh Long,Xã An Ngãi Trung,10.0916931,106.5448581,119,Unhealthy for Sensitive Groups,2,23.9,94,0.0,5.3,294,1011.0,69,42.0,42.1,357.0,19.4,64.0,13.3
2025-12-03 22:00:00,2025,12,3,22,Vĩnh Long,Xã An Ngãi Trung,10.0916931,106.5448581,119,Unhealthy for Sensitive Groups,2,24.0,94,0.0,5.8,284,1011.0,54,45.9,45.9,365.0,21.8,54.0,15.4
2025-12-03 23:00:00,2025,12,3,23,Vĩnh Long,Xã An Ngãi Trung,10.0916931,106.5448581,120,Unhealthy for Sensitive Groups,2,23.9,96,0.0,5.8,265,1011.2,40,47.7,47.7,374.0,22.7,47.0,16.3
2025-12-04 00:00:00,2025,12,4,0,Vĩnh Long,Xã An Ngãi Trung,10.0916931,106.5448581,120,Unhealthy for Sensitive Groups,2,24.0,97,0.0,9.2,264,1011.0,52,46.7,46.8,381.0,22.9,42.0,16.6
2025-12-04 01:00:00,2025,12,4,1,Vĩnh Long,Xã An Ngãi Trung,10.0916931,106.5448581,120,Unhealthy for Sensitive Groups,2,24.0,97,0.0,6.7,261,1010.6,95,45.3,45.3,381.0,22.6,37.0,16.7
2025-12-04 02:00:00,2025,12,4,2,Vĩnh Long,Xã An Ngãi Trung,10.0916931,106.5448581,120,Unhealthy for Sensitive Groups,2,24.0,97,0.0,5.0,268,1009.9,95,42.1,42.1,370.0,21.9,32.0,16.6
2025-12-04 03:00:00,2025,12,4,3,Vĩnh Long,Xã An Ngãi Trung,10.0916931,106.5448581,119,Unhealthy for Sensitive Groups,2,24.1,98,0.0,4.4,291,1009.3,60,34.7,34.8,351.0,20.7,29.0,16.4
2025-12-04 04:00:00,2025,12,4,4,Vĩnh Long,Xã An Ngãi Trung,10.0916931,106.5448581,117,Unhealthy for Sensitive Groups,2,23.9,96,0.1,4.4,322,1009.4,98,30.7,30.7,336.0,19.8,27.0,16.3
2025-12-04 05:00:00,2025,12,4,5,Vĩnh Long,Xã An Ngãi Trung,10.0916931,106.5448581,115,Unhealthy for Sensitive Groups,2,24.0,95,0.3,4.8,11,1009.8,81,26.9,27.0,331.0,19.9,27.0,17.1
2025-12-04 06:00:00,2025,12,4,6,Vĩnh Long,Xã An Ngãi Trung,10.0916931,106.5448581,112,Unhealthy for Sensitive Groups,2,23.9,97,0.1,5.7,41,1010.4,86,26.7,26.8,328.0,20.3,29.0,18.1
2025-12-04 07:00:00,2025,12,4,7,Vĩnh Long,Xã An Ngãi Trung,10.0916931,106.5448581,108,Unhealthy for Sensitive Groups,2,24.8,96,0.0,8.8,85,1011.3,98,16.7,16.9,316.0,14.0,40.0,12.1
2025-12-04 08:00:00,2025,12,4,8,Vĩnh Long,Xã An Ngãi Trung,10.0916931,106.5448581,103,Unhealthy for Sensitive Groups,2,26.1,89,0.1,14.4,103,1012.3,100,15.7,15.9,285.0,12.7,52.0,11.4
2025-12-04 09:00:00,2025,12,4,9,Vĩnh Long,Xã An Ngãi Trung,10.0916931,106.5448581,99,Moderate,1,25.5,91,3.0,17.2,100,1013.1,86,16.1,16.4,245.0,10.8,68.0,10.3
2025-12-04 10:00:00,2025,12,4,10,Vĩnh Long,Xã An Ngãi Trung,10.0916931,106.5448581,97,Moderate,1,27.0,83,0.2,18.5,100,1012.8,55,15.8,16.3,210.0,8.8,79.0,8.8
2025-12-04 11:00:00,2025,12,4,11,Vĩnh Long,Xã An Ngãi Trung,10.0916931,106.5448581,96,Moderate,1,28.1,78,0.1,21.3,103,1012.2,51,12.3,13.1,187.0,6.4,82.0,6.3
2025-12-04 12:00:00,2025,12,4,12,Vĩnh Long,Xã An Ngãi Trung,10.0916931,106.5448581,94,Moderate,1,28.4,78,0.4,20.3,100,1011.2,41,6.8,7.5,169.0,3.8,80.0,3.4
2025-12-04 13:00:00,2025,12,4,13,Vĩnh Long,Xã An Ngãi Trung,10.0916931,106.5448581,91,Moderate,1,28.2,77,0.1,20.1,96,1010.5,28,5.0,5.7,155.0,2.1,77.0,1.3
2025-12-04 14:00:00,2025,12,4,14,Vĩnh Long,Xã An Ngãi Trung,10.0916931,106.5448581,89,Moderate,1,28.8,75,0.0,19.2,96,1009.8,16,4.4,5.3,142.0,1.6,74.0,0.7
2025-12-04 15:00:00,2025,12,4,15,Vĩnh Long,Xã An Ngãi Trung,10.0916931,106.5448581,86,Moderate,1,28.3,75,0.0,19.5,96,1009.2,10,4.4,5.6,132.0,2.0,70.0,0.9
2025-12-04 16:00:00,2025,12,4,16,Vĩnh Long,Xã An Ngãi Trung,10.0916931,106.5448581,83,Moderate,1,27.6,78,0.0,17.3,98,1009.2,15,5.6,7.1,128.0,2.7,67.0,1.4
2025-12-04 17:00:00,2025,12,4,17,Vĩnh Long,Xã An Ngãi Trung,10.0916931,106.5448581,80,Moderate,1,27.0,81,0.0,15.4,97,1009.8,27,8.0,9.8,134.0,4.0,65.0,2.0
2025-12-04 18:00:00,2025,12,4,18,Vĩnh Long,Xã An Ngãi Trung,10.0916931,106.5448581,78,Moderate,1,26.4,83,0.0,13.7,95,1010.5,9,10.3,12.5,146.0,5.6,64.0,2.9
2025-12-04 19:00:00,2025,12,4,19,Vĩnh Long,Xã An Ngãi Trung,10.0916931,106.5448581,76,Moderate,1,26.5,82,0.0,15.6,96,1011.1,13,10.0,12.5,154.0,5.4,68.0,3.0
2025-12-04 20:00:00,2025,12,4,20,Vĩnh Long,Xã An Ngãi Trung,10.0916931,106.5448581,74,Moderate,1,26.6,81,0.0,16.6,96,1012.1,84,10.3,12.9,152.0,4.9,68.0,2.8
2025-12-04 21:00:00,2025,12,4,21,Vĩnh Long,Xã An Ngãi Trung,10.0916931,106.5448581,71,Moderate,1,26.5,83,0.0,16.7,96,1012.6,63,9.8,12.4,146.0,4.3,68.0,2.5
2025-12-04 22:00:00,2025,12,4,22,Vĩnh Long,Xã An Ngãi Trung,10.0916931,106.5448581,69,Moderate,1,26.5,81,0.0,18.2,93,1012.7,51,9.3,11.9,142.0,4.0,68.0,2.3
2025-12-04 23:00:00,2025,12,4,23,Vĩnh Long,Xã An Ngãi Trung,10.0916931,106.5448581,65,Moderate,1,26.5,83,0.0,18.5,88,1012.9,61,8.6,11.1,143.0,3.8,68.0,1.9
2025-12-05 00:00:00,2025,12,5,0,Vĩnh Long,Xã An Ngãi Trung,10.0916931,106.5448581,62,Moderate,1,26.4,81,0.0,18.2,85,1012.5,34,8.2,10.5,147.0,3.8,69.0,1.6
2025-12-05 01:00:00,2025,12,5,1,Vĩnh Long,Xã An Ngãi Trung,10.0916931,106.5448581,58,Moderate,1,26.2,82,0.0,16.9,78,1012.2,45,8.7,10.9,154.0,5.2,66.0,2.1
2025-12-05 02:00:00,2025,12,5,2,Vĩnh Long,Xã An Ngãi Trung,10.0916931,106.5448581,55,Moderate,1,26.0,83,0.0,15.2,69,1011.7,52,10.6,12.7,153.0,9.0,59.0,3.8
2025-12-05 03:00:00,2025,12,5,3,Vĩnh Long,Xã An Ngãi Trung,10.0916931,106.5448581,52,Moderate,1,25.5,84,0.0,12.3,59,1011.3,27,13.8,15.7,156.0,14.1,49.0,6.4
2025-12-05 04:00:00,2025,12,5,4,Vĩnh Long,Xã An Ngãi Trung,10.0916931,106.5448581,51,Moderate,1,24.9,86,0.0,9.7,50,1011.2,3,18.0,19.8,199.0,18.7,40.0,9.4
2025-12-05 05:00:00,2025,12,5,5,Vĩnh Long,Xã An Ngãi Trung,10.0916931,106.5448581,49,Good,0,24.1,89,0.0,7.9,35,1011.6,0,22.9,24.6,334.0,22.8,32.0,13.3
2025-12-05 06:00:00,2025,12,5,6,Vĩnh Long,Xã An Ngãi Trung,10.0916931,106.5448581,48,Good,0,23.5,92,0.0,7.3,20,1012.0,1,27.7,29.2,510.0,26.3,26.0,17.6
2025-12-05 07:00:00,2025,12,5,7,Vĩnh Long,Xã An Ngãi Trung,10.0916931,106.5448581,48,Good,0,24.6,90,0.0,8.0,14,1012.6,91,31.8,34.5,608.0,25.5,33.0,18.6
2025-12-05 08:00:00,2025,12,5,8,Vĩnh Long,Xã An Ngãi Trung,10.0916931,106.5448581,51,Moderate,1,26.7,83,0.0,7.3,31,1013.9,98,30.7,33.9,557.0,22.1,48.0,17.9
2025-12-05 09:00:00,2025,12,5,9,Vĩnh Long,Xã An Ngãi Trung,10.0916931,106.5448581,52,Moderate,1,28.0,73,0.0,11.8,63,1014.2,63,25.6,29.6,429.0,17.2,69.0,16.9
2025-12-05 10:00:00,2025,12,5,10,Vĩnh Long,Xã An Ngãi Trung,10.0916931,106.5448581,53,Moderate,1,28.9,68,0.0,12.2,71,1013.9,2,22.2,26.5,317.0,12.7,89.0,15.3
2025-12-05 11:00:00,2025,12,5,11,Vĩnh Long,Xã An Ngãi Trung,10.0916931,106.5448581,53,Moderate,1,29.2,65,0.0,14.3,79,1013.4,2,19.7,23.5,254.0,8.8,108.0,12.6
2025-12-05 12:00:00,2025,12,5,12,Vĩnh Long,Xã An Ngãi Trung,10.0916931,106.5448581,54,Moderate,1,29.2,66,0.0,14.4,81,1012.6,16,18.2,21.1,208.0,5.2,127.0,9.3
2025-12-05 13:00:00,2025,12,5,13,Vĩnh Long,Xã An Ngãi Trung,10.0916931,106.5448581,55,Moderate,1,29.2,68,0.0,17.3,88,1011.5,3,17.5,20.3,180.0,2.8,139.0,6.7
2025-12-05 14:00:00,2025,12,5,14,Vĩnh Long,Xã An Ngãi Trung,10.0916931,106.5448581,56,Moderate,1,29.0,69,0.0,17.3,87,1010.6,8,17.2,20.0,175.0,1.9,141.0,5.4
2025-12-05 15:00:00,2025,12,5,15,Vĩnh Long,Xã An Ngãi Trung,10.0916931,106.5448581,57,Moderate,1,28.9,68,0.0,14.6,81,1009.9,40,16.6,19.4,187.0,2.2,135.0,4.8
2025-12-05 16:00:00,2025,12,5,16,Vĩnh Long,Xã An Ngãi Trung,10.0916931,106.5448581,58,Moderate,1,28.2,71,0.0,13.1,77,1009.7,72,15.8,18.5,200.0,3.2,127.0,4.5
2025-12-05 17:00:00,2025,12,5,17,Vĩnh Long,Xã An Ngãi Trung,10.0916931,106.5448581,65,Moderate,1,27.2,78,0.0,11.7,90,1010.2,77,15.8,18.3,207.0,5.0,115.0,4.5
2025-12-05 18:00:00,2025,12,5,18,Vĩnh Long,Xã An Ngãi Trung,10.0916931,106.5448581,75,Moderate,1,26.4,82,0.0,10.4,90,1011.0,96,16.9,19.7,215.0,7.4,100.0,4.9
2025-12-05 19:00:00,2025,12,5,19,Vĩnh Long,Xã An Ngãi Trung,10.0916931,106.5448581,78,Moderate,1,25.6,85,0.0,12.2,88,1011.8,99,14.6,17.8,221.0,8.1,81.0,3.5
2025-12-05 20:00:00,2025,12,5,20,Vĩnh Long,Xã An Ngãi Trung,10.0916931,106.5448581,72,Moderate,1,26.3,88,0.0,11.4,83,1012.5,98,13.0,15.9,228.0,8.0,80.0,3.3
2025-12-05 21:00:00,2025,12,5,21,Vĩnh Long,Xã An Ngãi Trung,10.0916931,106.5448581,62,Moderate,1,25.9,83,0.7,7.2,62,1012.8,97,12.1,14.8,233.0,7.9,78.0,3.1
2025-12-05 22:00:00,2025,12,5,22,Vĩnh Long,Xã An Ngãi Trung,10.0916931,106.5448581,61,Moderate,1,25.1,89,0.4,7.0,1,1013.0,99,12.0,14.6,234.0,7.6,77.0,2.9
2025-12-05 23:00:00,2025,12,5,23,Vĩnh Long,Xã An Ngãi Trung,10.0916931,106.5448581,62,Moderate,1,24.4,94,0.5,1.9,319,1012.6,98,11.8,14.3,226.0,6.9,76.0,2.6
2025-12-06 00:00:00,2025,12,6,0,Vĩnh Long,Xã An Ngãi Trung,10.0916931,106.5448581,62,Moderate,1,24.8,89,0.0,6.0,80,1012.4,98,10.8,13.1,214.0,6.2,75.0,2.4
2025-12-06 01:00:00,2025,12,6,1,Vĩnh Long,Xã An Ngãi Trung,10.0916931,106.5448581,62,Moderate,1,25.4,85,0.0,10.6,69,1011.8,100,9.9,12.1,204.0,5.9,73.0,2.4
2025-12-06 02:00:00,2025,12,6,2,Vĩnh Long,Xã An Ngãi Trung,10.0916931,106.5448581,62,Moderate,1,25.4,83,0.0,12.0,64,1011.2,94,9.8,11.9,196.0,6.4,71.0,2.6
2025-12-06 03:00:00,2025,12,6,3,Vĩnh Long,Xã An Ngãi Trung,10.0916931,106.5448581,62,Moderate,1,25.0,82,0.0,10.4,51,1011.0,50,10.6,12.7,192.0,7.3,69.0,3.1
2025-12-06 04:00:00,2025,12,6,4,Vĩnh Long,Xã An Ngãi Trung,10.0916931,106.5448581,62,Moderate,1,24.5,84,0.0,7.7,33,1011.4,61,12.7,14.7,199.0,9.0,65.0,4.2
2025-12-06 05:00:00,2025,12,6,5,Vĩnh Long,Xã An Ngãi Trung,10.0916931,106.5448581,61,Moderate,1,23.5,89,0.0,5.7,32,1011.9,46,15.8,17.9,233.0,12.5,56.0,6.7
2025-12-06 06:00:00,2025,12,6,6,Vĩnh Long,Xã An Ngãi Trung,10.0916931,106.5448581,61,Moderate,1,23.1,90,0.0,5.4,30,1012.0,4,20.5,22.5,279.0,16.6,45.0,9.9
2025-12-06 07:00:00,2025,12,6,7,Vĩnh Long,Xã An Ngãi Trung,10.0916931,106.5448581,60,Moderate,1,25.0,85,0.0,7.4,23,1012.5,4,12.2,13.6,303.0,11.5,62.0,6.2
2025-12-06 08:00:00,2025,12,6,8,Vĩnh Long,Xã An Ngãi Trung,10.0916931,106.5448581,58,Moderate,1,26.9,78,0.0,11.2,60,1013.5,54,10.4,12.6,285.0,9.2,73.0,5.4
2025-12-06 09:00:00,2025,12,6,9,Vĩnh Long,Xã An Ngãi Trung,10.0916931,106.5448581,57,Moderate,1,27.8,71,0.0,15.7,71,1013.6,16,9.4,11.9,245.0,6.0,87.0,4.3
2025-12-06 10:00:00,2025,12,6,10,Vĩnh Long,Xã An Ngãi Trung,10.0916931,106.5448581,55,Moderate,1,28.5,68,0.0,16.3,73,1013.6,16,9.9,12.8,215.0,3.4,99.0,3.3
2025-12-06 11:00:00,2025,12,6,11,Vĩnh Long,Xã An Ngãi Trung,10.0916931,106.5448581,54,Moderate,1,28.9,66,0.0,16.0,75,1013.2,20,9.8,12.8,207.0,2.1,106.0,2.6
2025-12-06 12:00:00,2025,12,6,12,Vĩnh Long,Xã An Ngãi Trung,10.0916931,106.5448581,53,Moderate,1,29.2,64,0.0,15.4,79,1012.1,45,9.3,12.3,208.0,1.5,109.0,2.1
2025-12-06 13:00:00,2025,12,6,13,Vĩnh Long,Xã An Ngãi Trung,10.0916931,106.5448581,52,Moderate,1,29.4,63,0.0,12.3,82,1010.9,35,9.3,12.2,210.0,1.3,111.0,1.7
2025-12-06 14:00:00,2025,12,6,14,Vĩnh Long,Xã An Ngãi Trung,10.0916931,106.5448581,52,Moderate,1,29.0,65,0.0,11.2,96,1010.1,4,8.8,11.7,207.0,1.3,111.0,1.4
2025-12-06 15:00:00,2025,12,6,15,Vĩnh Long,Xã An Ngãi Trung,10.0916931,106.5448581,51,Moderate,1,28.2,68,0.0,12.5,110,1010.0,17,8.6,11.3,205.0,1.5,108.0,1.4
2025-12-06 16:00:00,2025,12,6,16,Vĩnh Long,Xã An Ngãi Trung,10.0916931,106.5448581,50,Good,0,27.5,72,0.0,11.3,98,1010.0,21,8.9,11.6,208.0,2.3,104.0,1.5
2025-12-06 17:00:00,2025,12,6,17,Vĩnh Long,Xã An Ngãi Trung,10.0916931,106.5448581,49,Good,0,26.9,76,0.0,8.3,92,1010.2,13,10.2,12.6,224.0,4.0,98.0,2.1
2025-12-06 18:00:00,2025,12,6,18,Vĩnh Long,Xã An Ngãi Trung,10.0916931,106.5448581,49,Good,0,26.0,78,0.0,10.9,96,1010.8,9,12.1,14.6,247.0,6.1,90.0,2.9
2025-12-06 19:00:00,2025,12,6,19,Vĩnh Long,Xã An Ngãi Trung,10.0916931,106.5448581,49,Good,0,25.8,81,0.0,12.8,94,1011.4,11,18.7,22.0,260.0,10.1,83.0,5.4
2025-12-06 20:00:00,2025,12,6,20,Vĩnh Long,Xã An Ngãi Trung,10.0916931,106.5448581,48,Good,0,26.0,81,0.0,12.8,92,1012.6,9,14.1,17.1,256.0,8.6,83.0,4.6
2025-12-06 21:00:00,2025,12,6,21,Vĩnh Long,Xã An Ngãi Trung,10.0916931,106.5448581,48,Good,0,25.7,82,0.0,10.7,95,1012.8,34,11.8,14.7,243.0,6.5,84.0,3.4
2025-12-06 22:00:00,2025,12,6,22,Vĩnh Long,Xã An Ngãi Trung,10.0916931,106.5448581,48,Good,0,25.4,83,0.0,9.2,93,1012.6,12,11.1,13.9,230.0,5.0,84.0,2.6
2025-12-06 23:00:00,2025,12,6,23,Vĩnh Long,Xã An Ngãi Trung,10.0916931,106.5448581,48,Good,0,25.3,85,0.0,9.4,90,1012.4,20,11.0,13.7,218.0,4.6,84.0,2.4
2025-12-07 00:00:00,2025,12,7,0,Vĩnh Long,Xã An Ngãi Trung,10.0916931,106.5448581,48,Good,0,25.5,83,0.0,11.0,88,1012.0,95,11.1,13.8,206.0,4.7,84.0,2.5
2025-12-07 01:00:00,2025,12,7,1,Vĩnh Long,Xã An Ngãi Trung,10.0916931,106.5448581,48,Good,0,24.9,85,0.0,8.8,92,1011.7,88,11.2,13.9,201.0,4.8,84.0,2.6
2025-12-07 02:00:00,2025,12,7,2,Vĩnh Long,Xã An Ngãi Trung,10.0916931,106.5448581,48,Good,0,24.9,84,0.0,8.6,79,1011.3,91,11.1,13.8,205.0,4.4,84.0,2.3
2025-12-07 03:00:00,2025,12,7,3,Vĩnh Long,Xã An Ngãi Trung,10.0916931,106.5448581,48,Good,0,24.8,85,0.0,7.9,78,1010.8,87,11.2,13.7,216.0,4.1,83.0,2.0
2025-12-07 04:00:00,2025,12,7,4,Vĩnh Long,Xã An Ngãi Trung,10.0916931,106.5448581,48,Good,0,24.4,86,0.0,8.1,62,1010.9,73,11.6,14.0,231.0,4.9,80.0,2.5
2025-12-07 05:00:00,2025,12,7,5,Vĩnh Long,Xã An Ngãi Trung,10.0916931,106.5448581,48,Good,0,23.8,90,0.0,8.8,31,1011.2,95,13.2,15.3,256.0,8.3,70.0,4.4
2025-12-07 06:00:00,2025,12,7,6,Vĩnh Long,Xã An Ngãi Trung,10.0916931,106.5448581,48,Good,0,23.0,93,0.0,9.1,9,1011.8,99,16.9,18.9,284.0,12.8,57.0,7.1
2025-12-07 07:00:00,2025,12,7,7,Vĩnh Long,Xã An Ngãi Trung,10.0916931,106.5448581,47,Good,0,24.4,91,0.0,8.4,19,1012.3,81,25.7,27.8,296.0,16.5,49.0,10.2
2025-12-07 08:00:00,2025,12,7,8,Vĩnh Long,Xã An Ngãi Trung,10.0916931,106.5448581,50,Good,0,26.1,82,0.1,9.8,50,1013.5,69,24.2,27.2,277.0,15.0,61.0,10.9
2025-12-07 09:00:00,2025,12,7,9,Vĩnh Long,Xã An Ngãi Trung,10.0916931,106.5448581,51,Moderate,1,27.1,72,0.1,13.5,74,1013.7,72,20.3,23.1,241.0,12.7,79.0,11.7
2025-12-07 10:00:00,2025,12,7,10,Vĩnh Long,Xã An Ngãi Trung,10.0916931,106.5448581,52,Moderate,1,27.9,68,0.0,12.5,83,1013.3,84,17.6,19.3,214.0,10.4,96.0,11.9
2025-12-07 11:00:00,2025,12,7,11,Vĩnh Long,Xã An Ngãi Trung,10.0916931,106.5448581,53,Moderate,1,28.4,66,0.0,11.3,88,1012.7,82,18.0,19.5,208.0,7.9,112.0,10.7
2025-12-07 12:00:00,2025,12,7,12,Vĩnh Long,Xã An Ngãi Trung,10.0916931,106.5448581,53,Moderate,1,28.8,64,0.0,9.1,80,1011.8,81,19.0,20.5,212.0,5.2,127.0,8.8
2025-12-07 13:00:00,2025,12,7,13,Vĩnh Long,Xã An Ngãi Trung,10.0916931,106.5448581,54,Moderate,1,29.1,62,0.0,6.2,75,1010.9,61,19.3,21.1,212.0,3.4,138.0,7.3
2025-12-07 14:00:00,2025,12,7,14,Vĩnh Long,Xã An Ngãi Trung,10.0916931,106.5448581,55,Moderate,1,29.5,60,0.0,4.8,63,1009.9,99,20.2,22.6,201.0,2.8,142.0,6.7
2025-12-07 15:00:00,2025,12,7,15,Vĩnh Long,Xã An Ngãi Trung,10.0916931,106.5448581,56,Moderate,1,28.8,64,0.0,8.0,100,1009.4,100,21.2,24.2,187.0,2.9,142.0,6.4
2025-12-07 16:00:00,2025,12,7,16,Vĩnh Long,Xã An Ngãi Trung,10.0916931,106.5448581,57,Moderate,1,27.1,71,0.0,12.2,117,1009.7,100,21.7,24.6,183.0,3.8,136.0,6.2
2025-12-07 17:00:00,2025,12,7,17,Vĩnh Long,Xã An Ngãi Trung,10.0916931,106.5448581,73,Moderate,1,25.7,74,0.0,10.4,113,1010.0,100,22.5,25.0,202.0,5.9,121.0,6.0
2025-12-07 18:00:00,2025,12,7,18,Vĩnh Long,Xã An Ngãi Trung,10.0916931,106.5448581,82,Moderate,1,24.9,78,0.0,6.0,99,1010.4,100,24.2,26.7,232.0,8.7,101.0,6.0
2025-12-07 19:00:00,2025,12,7,19,Vĩnh Long,Xã An Ngãi Trung,10.0916931,106.5448581,83,Moderate,1,25.1,80,0.0,9.6,116,1011.2,98,17.5,20.6,250.0,7.5,86.0,3.9
2025-12-07 20:00:00,2025,12,7,20,Vĩnh Long,Xã An Ngãi Trung,10.0916931,106.5448581,78,Moderate,1,25.1,81,0.0,7.6,102,1012.2,100,15.1,18.2,245.0,7.0,86.0,3.7
2025-12-07 21:00:00,2025,12,7,21,Vĩnh Long,Xã An Ngãi Trung,10.0916931,106.5448581,69,Moderate,1,24.7,84,0.0,5.4,98,1012.1,99,13.6,16.6,228.0,6.3,85.0,3.4
2025-12-07 22:00:00,2025,12,7,22,Vĩnh Long,Xã An Ngãi Trung,10.0916931,106.5448581,61,Moderate,1,24.5,85,0.0,4.9,96,1011.9,100,13.2,16.1,215.0,6.0,84.0,3.2
2025-12-07 23:00:00,2025,12,7,23,Vĩnh Long,Xã An Ngãi Trung,10.0916931,106.5448581,61,Moderate,1,25.0,81,0.0,7.8,99,1011.6,100,13.6,16.4,204.0,6.1,82.0,2.9
2025-12-08 00:00:00,2025,12,8,0,Vĩnh Long,Xã An Ngãi Trung,10.0916931,106.5448581,61,Moderate,1,24.4,84,0.0,6.5,84,1011.4,99,14.3,17.0,196.0,6.7,79.0,2.8
2025-12-08 01:00:00,2025,12,8,1,Vĩnh Long,Xã An Ngãi Trung,10.0916931,106.5448581,61,Moderate,1,23.4,90,0.0,6.8,343,1011.4,95,16.2,18.9,209.0,8.4,73.0,3.4
2025-12-08 02:00:00,2025,12,8,2,Vĩnh Long,Xã An Ngãi Trung,10.0916931,106.5448581,62,Moderate,1,23.1,92,0.0,6.2,339,1010.9,100,21.7,24.2,264.0,12.0,62.0,5.2
2025-12-08 03:00:00,2025,12,8,3,Vĩnh Long,Xã An Ngãi Trung,10.0916931,106.5448581,63,Moderate,1,22.6,95,0.0,7.3,344,1010.6,100,27.2,29.6,340.0,16.7,49.0,7.7
2025-12-08 04:00:00,2025,12,8,4,Vĩnh Long,Xã An Ngãi Trung,10.0916931,106.5448581,64,Moderate,1,22.4,96,0.0,8.0,340,1010.6,100,29.4,31.5,392.0,20.7,38.0,10.8
2025-12-08 05:00:00,2025,12,8,5,Vĩnh Long,Xã An Ngãi Trung,10.0916931,106.5448581,66,Moderate,1,21.2,93,0.0,6.9,343,1011.1,100,32.0,33.9,399.0,23.6,30.0,14.8
2025-12-08 06:00:00,2025,12,8,6,Vĩnh Long,Xã An Ngãi Trung,10.0916931,106.5448581,67,Moderate,1,20.0,90,0.0,5.2,331,1011.8,100,35.0,36.8,382.0,25.8,25.0,19.4
2025-12-08 07:00:00,2025,12,8,7,Vĩnh Long,Xã An Ngãi Trung,10.0916931,106.5448581,69,Moderate,1,21.7,83,0.0,6.5,330,1012.8,99,43.1,45.2,361.0,25.8,31.0,22.9
2025-12-08 08:00:00,2025,12,8,8,Vĩnh Long,Xã An Ngãi Trung,10.0916931,106.5448581,71,Moderate,1,23.4,72,0.0,5.6,297,1013.5,100,40.6,42.0,340.0,22.4,50.0,22.5
2025-12-08 09:00:00,2025,12,8,9,Vĩnh Long,Xã An Ngãi Trung,10.0916931,106.5448581,72,Moderate,1,25.0,68,0.0,4.5,310,1014.0,100,37.3,38.6,315.0,17.7,76.0,21.8
2025-12-08 10:00:00,2025,12,8,10,Vĩnh Long,Xã An Ngãi Trung,10.0916931,106.5448581,74,Moderate,1,26.6,63,0.0,4.0,252,1014.0,100,31.4,33.2,290.0,13.2,101.0,20.2
2025-12-08 11:00:00,2025,12,8,11,Vĩnh Long,Xã An Ngãi Trung,10.0916931,106.5448581,75,Moderate,1,28.0,61,0.0,2.3,162,1013.2,100,29.9,31.8,261.0,9.2,124.0,17.0
2025-12-08 12:00:00,2025,12,8,12,Vĩnh Long,Xã An Ngãi Trung,10.0916931,106.5448581,76,Moderate,1,28.8,57,0.0,7.6,108,1012.1,100,28.3,30.3,231.0,5.4,145.0,12.9
2025-12-08 13:00:00,2025,12,8,13,Vĩnh Long,Xã An Ngãi Trung,10.0916931,106.5448581,77,Moderate,1,29.2,53,0.0,11.5,88,1011.2,100,26.7,28.6,215.0,2.9,160.0,10.0
2025-12-08 14:00:00,2025,12,8,14,Vĩnh Long,Xã An Ngãi Trung,10.0916931,106.5448581,77,Moderate,1,28.8,55,0.0,10.0,75,1010.3,100,25.3,27.2,213.0,1.7,167.0,9.0
2025-12-08 15:00:00,2025,12,8,15,Vĩnh Long,Xã An Ngãi Trung,10.0916931,106.5448581,78,Moderate,1,28.9,55,0.0,5.3,62,1009.6,95,25.7,27.6,225.0,1.8,168.0,9.2
2025-12-08 16:00:00,2025,12,8,16,Vĩnh Long,Xã An Ngãi Trung,10.0916931,106.5448581,78,Moderate,1,28.8,56,0.0,4.1,61,1009.5,91,28.1,29.9,263.0,4.5,161.0,10.2
2025-12-08 17:00:00,2025,12,8,17,Vĩnh Long,Xã An Ngãi Trung,10.0916931,106.5448581,101,Unhealthy for Sensitive Groups,2,27.1,74,0.0,1.9,73,1009.9,98,34.3,35.7,355.0,11.7,141.0,12.5
2025-12-08 18:00:00,2025,12,8,18,Vĩnh Long,Xã An Ngãi Trung,10.0916931,106.5448581,115,Unhealthy for Sensitive Groups,2,25.3,76,0.0,1.5,83,1009.8,100,47.4,48.8,473.0,21.4,112.0,15.6
2025-12-08 19:00:00,2025,12,8,19,Vĩnh Long,Xã An Ngãi Trung,10.0916931,106.5448581,117,Unhealthy for Sensitive Groups,2,24.2,79,0.0,5.9,142,1010.8,99,46.4,47.7,545.0,27.6,83.0,16.7
2025-12-08 20:00:00,2025,12,8,20,Vĩnh Long,Xã An Ngãi Trung,10.0916931,106.5448581,108,Unhealthy for Sensitive Groups,2,24.0,82,0.0,5.3,156,1011.5,100,56.8,59.0,530.0,29.6,77.0,18.4
2025-12-08 21:00:00,2025,12,8,21,Vĩnh Long,Xã An Ngãi Trung,10.0916931,106.5448581,94,Moderate,1,23.8,86,0.0,4.8,169,1011.5,100,61.7,64.7,469.0,32.5,69.0,20.6
2025-12-08 22:00:00,2025,12,8,22,Vĩnh Long,Xã An Ngãi Trung,10.0916931,106.5448581,92,Moderate,1,23.6,88,0.0,3.3,202,1011.4,98,63.8,67.3,414.0,35.0,61.0,22.0
2025-12-08 23:00:00,2025,12,8,23,Vĩnh Long,Xã An Ngãi Trung,10.0916931,106.5448581,97,Moderate,1,23.2,90,0.0,3.2,207,1011.0,98,64.3,68.0,382.0,37.2,55.0,21.8
2025-12-09 00:00:00,2025,12,9,0,Vĩnh Long,Xã An Ngãi Trung,10.0916931,106.5448581,102,Unhealthy for Sensitive Groups,2,23.0,92,0.0,2.6,231,1010.5,100,65.2,68.9,356.0,39.1,50.0,20.7
2025-12-09 01:00:00,2025,12,9,1,Vĩnh Long,Xã An Ngãi Trung,10.0916931,106.5448581,107,Unhealthy for Sensitive Groups,2,22.9,93,0.0,3.5,246,1010.4,100,69.2,72.6,339.0,39.8,45.0,19.5
2025-12-09 02:00:00,2025,12,9,2,Vĩnh Long,Xã An Ngãi Trung,10.0916931,106.5448581,112,Unhealthy for Sensitive Groups,2,23.0,94,0.0,3.6,279,1009.8,99,70.1,73.3,329.0,38.5,38.0,18.2
2025-12-09 03:00:00,2025,12,9,3,Vĩnh Long,Xã An Ngãi Trung,10.0916931,106.5448581,117,Unhealthy for Sensitive Groups,2,23.1,94,0.0,3.1,277,1009.6,92,65.9,68.5,326.0,36.1,30.0,16.7
2025-12-09 04:00:00,2025,12,9,4,Vĩnh Long,Xã An Ngãi Trung,10.0916931,106.5448581,121,Unhealthy for Sensitive Groups,2,22.8,96,0.0,4.1,257,1009.6,100,60.3,62.4,338.0,33.7,24.0,16.2
2025-12-09 05:00:00,2025,12,9,5,Vĩnh Long,Xã An Ngãi Trung,10.0916931,106.5448581,125,Unhealthy for Sensitive Groups,2,22.7,97,0.0,4.5,275,1010.0,100,54.9,56.5,380.0,32.2,19.0,17.3
2025-12-09 06:00:00,2025,12,9,6,Vĩnh Long,Xã An Ngãi Trung,10.0916931,106.5448581,127,Unhealthy for Sensitive Groups,2,22.5,97,0.0,5.4,278,1010.1,98,49.6,50.5,436.0,30.7,17.0,19.3
2025-12-09 07:00:00,2025,12,9,7,Vĩnh Long,Xã An Ngãi Trung,10.0916931,106.5448581,129,Unhealthy for Sensitive Groups,2,23.7,93,0.0,6.4,254,1011.2,95,57.9,59.8,461.0,34.5,27.0,20.9
2025-12-09 08:00:00,2025,12,9,8,Vĩnh Long,Xã An Ngãi Trung,10.0916931,106.5448581,130,Unhealthy for Sensitive Groups,2,25.4,84,0.0,5.4,270,1012.1,94,40.4,42.6,426.0,28.9,52.0,21.8
2025-12-09 09:00:00,2025,12,9,9,Vĩnh Long,Xã An Ngãi Trung,10.0916931,106.5448581,130,Unhealthy for Sensitive Groups,2,26.8,75,0.1,6.0,267,1012.4,99,32.7,35.5,361.0,21.1,88.0,22.9
2025-12-09 10:00:00,2025,12,9,10,Vĩnh Long,Xã An Ngãi Trung,10.0916931,106.5448581,130,Unhealthy for Sensitive Groups,2,27.7,70,0.1,4.7,266,1012.3,98,27.5,29.9,307.0,14.3,119.0,22.9
2025-12-09 11:00:00,2025,12,9,11,Vĩnh Long,Xã An Ngãi Trung,10.0916931,106.5448581,129,Unhealthy for Sensitive Groups,2,28.2,67,0.1,4.5,304,1011.9,100,26.8,28.1,279.0,9.5,142.0,20.7
2025-12-09 12:00:00,2025,12,9,12,Vĩnh Long,Xã An Ngãi Trung,10.0916931,106.5448581,129,Unhealthy for Sensitive Groups,2,28.5,65,0.1,4.0,324,1010.8,100,27.1,28.3,261.0,5.8,160.0,17.3
2025-12-09 13:00:00,2025,12,9,13,Vĩnh Long,Xã An Ngãi Trung,10.0916931,106.5448581,129,Unhealthy for Sensitive Groups,2,28.8,66,0.1,5.4,345,1010.4,100,26.6,27.7,254.0,3.5,171.0,14.6
2025-12-09 14:00:00,2025,12,9,14,Vĩnh Long,Xã An Ngãi Trung,10.0916931,106.5448581,129,Unhealthy for Sensitive Groups,2,29.2,62,0.0,6.8,338,1009.5,100,26.1,27.2,253.0,2.4,172.0,12.9
2025-12-09 15:00:00,2025,12,9,15,Vĩnh Long,Xã An Ngãi Trung,10.0916931,106.5448581,129,Unhealthy for Sensitive Groups,2,27.9,67,0.3,7.4,346,1009.3,100,25.4,26.4,261.0,2.7,165.0,11.8
2025-12-09 16:00:00,2025,12,9,16,Vĩnh Long,Xã An Ngãi Trung,10.0916931,106.5448581,129,Unhealthy for Sensitive Groups,2,27.9,68,0.0,4.2,335,1009.3,100,25.8,26.7,288.0,5.0,153.0,11.8
2025-12-09 17:00:00,2025,12,9,17,Vĩnh Long,Xã An Ngãi Trung,10.0916931,106.5448581,129,Unhealthy for Sensitive Groups,2,27.2,75,0.0,3.0,308,1009.7,100,29.3,30.2,349.0,10.7,132.0,13.3
2025-12-09 18:00:00,2025,12,9,18,Vĩnh Long,Xã An Ngãi Trung,10.0916931,106.5448581,128,Unhealthy for Sensitive Groups,2,26.0,83,0.0,2.4,297,1009.8,100,37.3,38.1,429.0,18.5,106.0,15.8
2025-12-09 19:00:00,2025,12,9,19,Vĩnh Long,Xã An Ngãi Trung,10.0916931,106.5448581,127,Unhealthy for Sensitive Groups,2,25.6,88,0.0,1.6,174,1010.5,100,54.5,55.4,491.0,25.1,89.0,19.1
2025-12-09 20:00:00,2025,12,9,20,Vĩnh Long,Xã An Ngãi Trung,10.0916931,106.5448581,128,Unhealthy for Sensitive Groups,2,24.9,91,0.0,3.8,265,1011.1,100,62.6,63.3,515.0,27.2,77.0,20.5
2025-12-09 21:00:00,2025,12,9,21,Vĩnh Long,Xã An Ngãi Trung,10.0916931,106.5448581,128,Unhealthy for Sensitive Groups,2,24.6,91,0.0,2.3,270,1011.0,100,63.6,64.3,522.0,30.1,59.0,22.4
2025-12-09 22:00:00,2025,12,9,22,Vĩnh Long,Xã An Ngãi Trung,10.0916931,106.5448581,129,Unhealthy for Sensitive Groups,2,24.7,89,0.0,2.7,312,1010.9,100,64.5,65.2,535.0,32.2,44.0,23.5
2025-12-09 23:00:00,2025,12,9,23,Vĩnh Long,Xã An Ngãi Trung,10.0916931,106.5448581,129,Unhealthy for Sensitive Groups,2,24.9,87,0.0,3.8,349,1010.8,100,61.0,61.7,577.0,32.8,34.0,23.0
2025-12-10 00:00:00,2025,12,10,0,Vĩnh Long,Xã An Ngãi Trung,10.0916931,106.5448581,128,Unhealthy for Sensitive Groups,2,25.1,83,0.0,2.6,348,1010.7,100,54.0,54.5,626.0,32.7,26.0,21.8
2025-12-10 01:00:00,2025,12,10,1,Vĩnh Long,Xã An Ngãi Trung,10.0916931,106.5448581,127,Unhealthy for Sensitive Groups,2,24.8,89,0.0,0.6,72,1010.4,100,46.9,47.4,639.0,32.6,20.0,21.0
2025-12-10 02:00:00,2025,12,10,2,Vĩnh Long,Xã An Ngãi Trung,10.0916931,106.5448581,125,Unhealthy for Sensitive Groups,2,24.6,88,0.2,4.5,320,1009.7,100,40.5,41.0,583.0,33.2,17.0,21.4
2025-12-10 03:00:00,2025,12,10,3,Vĩnh Long,Xã An Ngãi Trung,10.0916931,106.5448581,122,Unhealthy for Sensitive Groups,2,24.4,82,0.0,5.8,344,1009.3,100,34.6,35.4,492.0,33.8,17.0,22.4
2025-12-10 04:00:00,2025,12,10,4,Vĩnh Long,Xã An Ngãi Trung,10.0916931,106.5448581,119,Unhealthy for Sensitive Groups,2,24.1,80,0.0,6.5,341,1009.1,88,28.6,29.4,425.0,33.5,18.0,22.8
2025-12-10 05:00:00,2025,12,10,5,Vĩnh Long,Xã An Ngãi Trung,10.0916931,106.5448581,115,Unhealthy for Sensitive Groups,2,23.7,82,0.0,7.4,337,1009.5,49,23.9,24.6,414.0,31.7,21.0,22.2
2025-12-10 06:00:00,2025,12,10,6,Vĩnh Long,Xã An Ngãi Trung,10.0916931,106.5448581,112,Unhealthy for Sensitive Groups,2,23.2,84,0.0,9.3,341,1009.7,43,20.7,21.2,426.0,29.1,26.0,21.0
2025-12-10 07:00:00,2025,12,10,7,Vĩnh Long,Xã An Ngãi Trung,10.0916931,106.5448581,109,Unhealthy for Sensitive Groups,2,23.7,84,0.0,9.2,332,1010.7,83,23.3,23.7,424.0,25.4,36.0,18.8
2025-12-10 08:00:00,2025,12,10,8,Vĩnh Long,Xã An Ngãi Trung,10.0916931,106.5448581,105,Unhealthy for Sensitive Groups,2,25.4,78,0.0,10.3,341,1011.3,88,21.7,22.1,387.0,23.8,45.0,19.4
2025-12-10 09:00:00,2025,12,10,9,Vĩnh Long,Xã An Ngãi Trung,10.0916931,106.5448581,103,Unhealthy for Sensitive Groups,2,27.0,71,0.0,11.8,354,1011.7,92,20.5,20.9,336.0,21.3,57.0,20.1
2025-12-10 10:00:00,2025,12,10,10,Vĩnh Long,Xã An Ngãi Trung,10.0916931,106.5448581,102,Unhealthy for Sensitive Groups,2,27.8,68,0.0,12.1,354,1011.2,100,19.8,20.2,297.0,18.2,73.0,19.5
2025-12-10 11:00:00,2025,12,10,11,Vĩnh Long,Xã An Ngãi Trung,10.0916931,106.5448581,101,Unhealthy for Sensitive Groups,2,28.5,67,0.0,10.1,4,1010.6,100,19.0,19.4,288.0,13.7,95.0,16.6
2025-12-10 12:00:00,2025,12,10,12,Vĩnh Long,Xã An Ngãi Trung,10.0916931,106.5448581,101,Unhealthy for Sensitive Groups,2,29.0,66,0.0,11.4,31,1010.1,99,17.4,18.0,291.0,8.5,120.0,12.4
2025-12-10 13:00:00,2025,12,10,13,Vĩnh Long,Xã An Ngãi Trung,10.0916931,106.5448581,100,Moderate,1,30.2,62,0.1,18.7,74,1008.8,96,17.9,18.5,283.0,4.7,136.0,8.9
2025-12-10 14:00:00,2025,12,10,14,Vĩnh Long,Xã An Ngãi Trung,10.0916931,106.5448581,99,Moderate,1,27.3,80,8.9,17.1,66,1008.5,100,16.3,17.1,246.0,3.2,136.0,6.6
2025-12-10 15:00:00,2025,12,10,15,Vĩnh Long,Xã An Ngãi Trung,10.0916931,106.5448581,98,Moderate,1,26.5,83,0.4,16.7,62,1008.2,100,14.2,15.0,196.0,3.0,127.0,5.0
2025-12-10 16:00:00,2025,12,10,16,Vĩnh Long,Xã An Ngãi Trung,10.0916931,106.5448581,97,Moderate,1,26.5,82,0.0,16.8,75,1008.1,100,13.2,14.9,161.0,3.5,115.0,3.9
2025-12-10 17:00:00,2025,12,10,17,Vĩnh Long,Xã An Ngãi Trung,10.0916931,106.5448581,96,Moderate,1,25.7,87,0.3,14.3,67,1008.4,100,12.2,13.7,153.0,4.8,101.0,3.6
2025-12-10 18:00:00,2025,12,10,18,Vĩnh Long,Xã An Ngãi Trung,10.0916931,106.5448581,94,Moderate,1,24.9,91,1.3,13.8,77,1009.0,100,11.7,13.3,158.0,6.7,85.0,3.9
2025-12-10 19:00:00,2025,12,10,19,Vĩnh Long,Xã An Ngãi Trung,10.0916931,106.5448581,92,Moderate,1,24.8,94,0.3,11.5,70,1010.2,100,13.2,15.0,166.0,11.0,61.0,5.6
2025-12-10 20:00:00,2025,12,10,20,Vĩnh Long,Xã An Ngãi Trung,10.0916931,106.5448581,88,Moderate,1,25.5,92,0.1,11.6,57,1010.6,100,16.6,18.5,171.0,12.5,56.0,6.6
2025-12-10 21:00:00,2025,12,10,21,Vĩnh Long,Xã An Ngãi Trung,10.0916931,106.5448581,84,Moderate,1,24.7,94,0.3,10.1,46,1010.8,100,19.2,21.0,179.0,14.6,49.0,8.0
2025-12-10 22:00:00,2025,12,10,22,Vĩnh Long,Xã An Ngãi Trung,10.0916931,106.5448581,80,Moderate,1,23.9,97,0.2,7.6,348,1010.8,100,17.9,19.8,190.0,16.8,43.0,9.4
2025-12-10 23:00:00,2025,12,10,23,Vĩnh Long,Xã An Ngãi Trung,10.0916931,106.5448581,76,Moderate,1,23.4,99,0.7,6.1,293,1010.5,100,19.2,21.0,209.0,19.2,38.0,10.8
2025-12-11 00:00:00,2025,12,11,0,Vĩnh Long,Xã An Ngãi Trung,10.0916931,106.5448581,73,Moderate,1,23.5,97,0.8,1.5,69,1010.7,100,19.6,21.4,232.0,21.8,34.0,12.1
2025-12-11 01:00:00,2025,12,11,1,Vĩnh Long,Xã An Ngãi Trung,10.0916931,106.5448581,70,Moderate,1,23.8,95,0.2,6.4,27,1010.3,100,20.5,22.2,244.0,23.9,30.0,13.2
2025-12-11 02:00:00,2025,12,11,2,Vĩnh Long,Xã An Ngãi Trung,10.0916931,106.5448581,67,Moderate,1,23.5,97,1.1,10.3,357,1009.5,100,21.2,22.8,235.0,25.5,27.0,14.1
2025-12-11 03:00:00,2025,12,11,3,Vĩnh Long,Xã An Ngãi Trung,10.0916931,106.5448581,65,Moderate,1,23.0,98,0.6,6.9,327,1009.4,100,22.2,23.7,216.0,26.6,25.0,14.6
2025-12-11 04:00:00,2025,12,11,4,Vĩnh Long,Xã An Ngãi Trung,10.0916931,106.5448581,64,Moderate,1,23.0,97,0.2,4.5,320,1009.5,100,21.9,23.3,207.0,26.6,24.0,14.7
2025-12-11 05:00:00,2025,12,11,5,Vĩnh Long,Xã An Ngãi Trung,10.0916931,106.5448581,64,Moderate,1,22.9,97,3.1,1.8,101,1010.6,100,20.7,21.9,222.0,25.1,25.0,14.0
2025-12-11 06:00:00,2025,12,11,6,Vĩnh Long,Xã An Ngãi Trung,10.0916931,106.5448581,63,Moderate,1,23.1,96,1.0,2.5,352,1010.7,100,19.8,21.2,246.0,22.5,27.0,12.7
2025-12-11 07:00:00,2025,12,11,7,Vĩnh Long,Xã An Ngãi Trung,10.0916931,106.5448581,63,Moderate,1,23.5,96,1.0,1.8,37,1011.3,100,18.9,20.3,254.0,20.3,34.0,14.3
2025-12-11 08:00:00,2025,12,11,8,Vĩnh Long,Xã An Ngãi Trung,10.0916931,106.5448581,63,Moderate,1,24.6,90,0.3,9.3,80,1012.2,100,16.5,18.8,228.0,16.1,44.0,11.7
2025-12-11 09:00:00,2025,12,11,9,Vĩnh Long,Xã An Ngãi Trung,10.0916931,106.5448581,63,Moderate,1,26.2,84,0.1,20.3,70,1011.8,100,14.6,17.2,185.0,10.2,58.0,8.0
2025-12-11 10:00:00,2025,12,11,10,Vĩnh Long,Xã An Ngãi Trung,10.0916931,106.5448581,62,Moderate,1,27.5,76,0.1,29.1,78,1011.6,100,13.0,16.4,152.0,5.6,69.0,5.0
2025-12-11 11:00:00,2025,12,11,11,Vĩnh Long,Xã An Ngãi Trung,10.0916931,106.5448581,61,Moderate,1,27.8,75,0.1,30.8,78,1011.0,100,11.7,15.3,141.0,3.3,75.0,3.5
2025-12-11 12:00:00,2025,12,11,12,Vĩnh Long,Xã An Ngãi Trung,10.0916931,106.5448581,61,Moderate,1,27.8,76,0.1,27.8,82,1010.5,100,10.7,14.3,141.0,2.3,78.0,2.6
2025-12-11 13:00:00,2025,12,11,13,Vĩnh Long,Xã An Ngãi Trung,10.0916931,106.5448581,60,Moderate,1,27.7,76,0.2,25.6,80,1009.6,100,10.3,13.8,142.0,1.7,79.0,2.1
2025-12-11 14:00:00,2025,12,11,14,Vĩnh Long,Xã An Ngãi Trung,10.0916931,106.5448581,60,Moderate,1,28.5,71,0.0,25.2,81,1008.8,100,10.3,13.8,141.0,1.5,79.0,1.8
2025-12-11 15:00:00,2025,12,11,15,Vĩnh Long,Xã An Ngãi Trung,10.0916931,106.5448581,59,Moderate,1,27.9,74,0.0,22.3,88,1008.6,100,10.1,13.3,141.0,1.8,78.0,1.9
2025-12-11 16:00:00,2025,12,11,16,Vĩnh Long,Xã An Ngãi Trung,10.0916931,106.5448581,59,Moderate,1,26.9,81,0.0,18.4,95,1008.7,100,10.1,13.2,142.0,2.3,76.0,2.0
2025-12-11 17:00:00,2025,12,11,17,Vĩnh Long,Xã An Ngãi Trung,10.0916931,106.5448581,58,Moderate,1,26.6,81,0.0,18.2,94,1009.1,98,10.4,13.4,144.0,3.0,75.0,2.2
2025-12-11 18:00:00,2025,12,11,18,Vĩnh Long,Xã An Ngãi Trung,10.0916931,106.5448581,58,Moderate,1,26.4,79,0.0,19.8,93,1009.5,99,10.5,13.4,146.0,3.9,73.0,2.4
2025-12-11 19:00:00,2025,12,11,19,Vĩnh Long,Xã An Ngãi Trung,10.0916931,106.5448581,58,Moderate,1,26.8,79,0.0,21.3,95,1009.9,98,9.8,12.4,147.0,4.2,70.0,2.4
2025-12-11 20:00:00,2025,12,11,20,Vĩnh Long,Xã An Ngãi Trung,10.0916931,106.5448581,58,Moderate,1,26.7,78,0.0,21.0,95,1010.9,98,9.5,12.1,145.0,3.9,69.0,2.3
2025-12-11 21:00:00,2025,12,11,21,Vĩnh Long,Xã An Ngãi Trung,10.0916931,106.5448581,57,Moderate,1,26.5,79,0.0,20.4,95,1011.0,100,9.0,11.6,142.0,3.5,67.0,2.1
2025-12-11 22:00:00,2025,12,11,22,Vĩnh Long,Xã An Ngãi Trung,10.0916931,106.5448581,56,Moderate,1,26.4,81,0.0,20.2,93,1010.7,98,8.8,11.4,139.0,3.2,65.0,2.0
2025-12-11 23:00:00,2025,12,11,23,Vĩnh Long,Xã An Ngãi Trung,10.0916931,106.5448581,55,Moderate,1,26.2,82,0.0,20.2,89,1010.6,100,8.6,11.3,136.0,3.2,63.0,1.9
2025-12-12 00:00:00,2025,12,12,0,Vĩnh Long,Xã An Ngãi Trung,10.0916931,106.5448581,54,Moderate,1,26.0,83,0.0,19.6,88,1010.3,91,8.6,11.3,132.0,3.3,60.0,1.8
2025-12-12 01:00:00,2025,12,12,1,Vĩnh Long,Xã An Ngãi Trung,10.0916931,106.5448581,54,Moderate,1,26.2,83,0.0,19.9,86,1010.0,48,8.5,11.0,130.0,3.4,58.0,1.7
2025-12-12 02:00:00,2025,12,12,2,Vĩnh Long,Xã An Ngãi Trung,10.0916931,106.5448581,52,Moderate,1,26.0,84,0.0,19.4,83,1009.3,89,8.1,10.6,129.0,3.4,57.0,1.6
2025-12-12 03:00:00,2025,12,12,3,Vĩnh Long,Xã An Ngãi Trung,10.0916931,106.5448581,51,Moderate,1,26.1,82,0.0,18.3,83,1009.1,100,7.8,10.2,129.0,3.4,56.0,1.6
2025-12-12 04:00:00,2025,12,12,4,Vĩnh Long,Xã An Ngãi Trung,10.0916931,106.5448581,50,Good,0,26.0,83,0.0,17.2,79,1008.9,70,7.7,9.9,135.0,3.6,55.0,1.7
2025-12-12 05:00:00,2025,12,12,5,Vĩnh Long,Xã An Ngãi Trung,10.0916931,106.5448581,48,Good,0,25.6,84,0.0,15.5,81,1008.9,84,7.6,9.7,153.0,4.3,53.0,2.0
2025-12-12 06:00:00,2025,12,12,6,Vĩnh Long,Xã An Ngãi Trung,10.0916931,106.5448581,45,Good,0,25.6,84,0.0,14.8,80,1009.5,98,7.8,9.9,177.0,5.1,51.0,2.4
2025-12-12 07:00:00,2025,12,12,7,Vĩnh Long,Xã An Ngãi Trung,10.0916931,106.5448581,43,Good,0,26.3,84,0.0,17.2,72,1010.3,100,8.4,10.4,191.0,5.4,51.0,2.6
2025-12-12 08:00:00,2025,12,12,8,Vĩnh Long,Xã An Ngãi Trung,10.0916931,106.5448581,41,Good,0,27.5,78,0.0,18.9,75,1011.5,100,8.9,11.3,186.0,4.5,56.0,2.6
2025-12-12 09:00:00,2025,12,12,9,Vĩnh Long,Xã An Ngãi Trung,10.0916931,106.5448581,40,Good,0,28.1,74,0.0,18.7,74,1011.7,100,9.1,11.7,172.0,3.3,63.0,2.5
2025-12-12 10:00:00,2025,12,12,10,Vĩnh Long,Xã An Ngãi Trung,10.0916931,106.5448581,39,Good,0,28.9,70,0.0,18.6,75,1011.5,100,9.4,12.3,159.0,2.3,70.0,2.4
2025-12-12 11:00:00,2025,12,12,11,Vĩnh Long,Xã An Ngãi Trung,10.0916931,106.5448581,38,Good,0,29.2,66,0.0,19.3,78,1011.2,100,9.9,13.1,150.0,1.8,76.0,2.3
2025-12-12 12:00:00,2025,12,12,12,Vĩnh Long,Xã An Ngãi Trung,10.0916931,106.5448581,38,Good,0,29.5,63,0.0,19.2,78,1010.2,100,10.4,13.8,143.0,1.5,81.0,2.2
2025-12-12 13:00:00,2025,12,12,13,Vĩnh Long,Xã An Ngãi Trung,10.0916931,106.5448581,38,Good,0,29.6,63,0.0,19.3,85,1009.3,100,10.5,13.9,139.0,1.4,84.0,2.1
2025-12-12 14:00:00,2025,12,12,14,Vĩnh Long,Xã An Ngãi Trung,10.0916931,106.5448581,38,Good,0,29.3,66,0.0,20.2,85,1008.4,100,10.1,13.4,139.0,1.5,84.0,2.0
2025-12-12 15:00:00,2025,12,12,15,Vĩnh Long,Xã An Ngãi Trung,10.0916931,106.5448581,38,Good,0,28.9,68,0.0,17.5,88,1007.8,100,9.9,13.1,143.0,1.7,82.0,2.0
2025-12-12 16:00:00,2025,12,12,16,Vĩnh Long,Xã An Ngãi Trung,10.0916931,106.5448581,38,Good,0,28.0,75,0.0,15.8,90,1008.2,100,10.0,13.2,147.0,2.4,80.0,2.2
2025-12-12 17:00:00,2025,12,12,17,Vĩnh Long,Xã An Ngãi Trung,10.0916931,106.5448581,38,Good,0,26.9,80,0.0,12.8,95,1008.6,100,11.0,14.0,152.0,3.9,77.0,2.7
2025-12-12 18:00:00,2025,12,12,18,Vĩnh Long,Xã An Ngãi Trung,10.0916931,106.5448581,38,Good,0,26.0,82,0.0,13.1,89,1008.9,98,12.3,15.2,157.0,5.7,73.0,3.4
2025-12-12 19:00:00,2025,12,12,19,Vĩnh Long,Xã An Ngãi Trung,10.0916931,106.5448581,38,Good,0,26.0,86,0.0,13.7,94,1009.8,1,12.5,15.3,162.0,7.1,68.0,3.7
2025-12-12 20:00:00,2025,12,12,20,Vĩnh Long,Xã An Ngãi Trung,10.0916931,106.5448581,39,Good,0,26.0,85,0.0,15.3,89,1010.4,0,12.0,14.8,165.0,6.8,68.0,3.6
2025-12-12 21:00:00,2025,12,12,21,Vĩnh Long,Xã An Ngãi Trung,10.0916931,106.5448581,39,Good,0,25.9,84,0.0,13.9,88,1010.7,2,12.0,14.9,166.0,6.4,68.0,3.4
2025-12-12 22:00:00,2025,12,12,22,Vĩnh Long,Xã An Ngãi Trung,10.0916931,106.5448581,40,Good,0,25.6,86,0.0,11.8,84,1010.7,100,12.5,15.4,169.0,6.2,68.0,3.2
2025-12-12 23:00:00,2025,12,12,23,Vĩnh Long,Xã An Ngãi Trung,10.0916931,106.5448581,41,Good,0,25.5,87,0.0,11.7,79,1010.5,100,12.8,15.7,174.0,6.3,67.0,3.0
2025-12-13 00:00:00,2025,12,13,0,Vĩnh Long,Xã An Ngãi Trung,10.0916931,106.5448581,41,Good,0,25.1,89,0.0,9.7,79,1010.3,100,13.1,16.0,180.0,6.7,65.0,2.9
2025-12-13 01:00:00,2025,12,13,1,Vĩnh Long,Xã An Ngãi Trung,10.0916931,106.5448581,42,Good,0,25.0,90,0.0,8.6,80,1009.8,30,13.7,16.8,184.0,6.9,64.0,2.8
2025-12-13 02:00:00,2025,12,13,2,Vĩnh Long,Xã An Ngãi Trung,10.0916931,106.5448581,43,Good,0,25.2,88,0.0,9.6,81,1009.2,90,14.4,17.6,182.0,6.9,63.0,2.7
2025-12-13 03:00:00,2025,12,13,3,Vĩnh Long,Xã An Ngãi Trung,10.0916931,106.5448581,44,Good,0,25.1,88,0.0,10.1,84,1008.6,91,14.6,17.8,179.0,6.8,62.0,2.7
2025-12-13 04:00:00,2025,12,13,4,Vĩnh Long,Xã An Ngãi Trung,10.0916931,106.5448581,45,Good,0,24.9,89,0.0,7.9,78,1008.8,97,14.4,17.4,183.0,7.0,60.0,2.9
2025-12-13 05:00:00,2025,12,13,5,Vĩnh Long,Xã An Ngãi Trung,10.0916931,106.5448581,46,Good,0,24.6,91,0.0,7.7,79,1008.9,96,14.4,17.2,205.0,8.1,55.0,3.4
2025-12-13 06:00:00,2025,12,13,6,Vĩnh Long,Xã An Ngãi Trung,10.0916931,106.5448581,48,Good,0,24.5,92,0.0,7.7,74,1009.4,99,15.1,17.7,235.0,9.5,48.0,4.1
2025-12-13 07:00:00,2025,12,13,7,Vĩnh Long,Xã An Ngãi Trung,10.0916931,106.5448581,49,Good,0,25.9,89,0.0,8.2,76,1010.4,96,17.2,20.2,250.0,7.7,52.0,3.6
2025-12-13 08:00:00,2025,12,13,8,Vĩnh Long,Xã An Ngãi Trung,10.0916931,106.5448581,50,Good,0,27.5,81,0.0,9.9,85,1011.2,97,15.9,19.4,237.0,6.0,61.0,3.1
2025-12-13 09:00:00,2025,12,13,9,Vĩnh Long,Xã An Ngãi Trung,10.0916931,106.5448581,51,Moderate,1,28.5,74,0.1,11.9,89,1011.7,97,14.2,17.9,210.0,3.7,73.0,2.5
2025-12-13 10:00:00,2025,12,13,10,Vĩnh Long,Xã An Ngãi Trung,10.0916931,106.5448581,51,Moderate,1,29.1,69,0.0,12.9,84,1011.3,100,12.8,16.5,188.0,1.9,83.0,2.0
2025-12-13 11:00:00,2025,12,13,11,Vĩnh Long,Xã An Ngãi Trung,10.0916931,106.5448581,52,Moderate,1,29.8,66,0.0,14.1,87,1010.7,99,11.5,15.0,181.0,1.2,89.0,1.7
2025-12-13 12:00:00,2025,12,13,12,Vĩnh Long,Xã An Ngãi Trung,10.0916931,106.5448581,52,Moderate,1,29.8,66,0.0,14.9,98,1010.0,100,10.4,13.7,181.0,1.1,93.0,1.5
2025-12-13 13:00:00,2025,12,13,13,Vĩnh Long,Xã An Ngãi Trung,10.0916931,106.5448581,52,Moderate,1,29.8,67,0.0,18.5,96,1009.0,99,9.7,12.9,179.0,1.2,95.0,1.4
2025-12-13 14:00:00,2025,12,13,14,Vĩnh Long,Xã An Ngãi Trung,10.0916931,106.5448581,52,Moderate,1,29.6,65,0.0,17.9,94,1007.9,100,9.5,12.6,173.0,1.3,96.0,1.4
2025-12-13 15:00:00,2025,12,13,15,Vĩnh Long,Xã An Ngãi Trung,10.0916931,106.5448581,52,Moderate,1,28.9,69,0.0,17.3,93,1007.5,100,9.5,12.6,166.0,1.6,96.0,1.4
2025-12-13 16:00:00,2025,12,13,16,Vĩnh Long,Xã An Ngãi Trung,10.0916931,106.5448581,52,Moderate,1,28.1,72,0.0,16.4,89,1007.5,99,9.6,12.6,163.0,2.2,94.0,1.6
2025-12-13 17:00:00,2025,12,13,17,Vĩnh Long,Xã An Ngãi Trung,10.0916931,106.5448581,52,Moderate,1,27.2,78,0.0,14.2,91,1007.7,98,10.3,13.2,169.0,3.4,89.0,1.9
2025-12-13 18:00:00,2025,12,13,18,Vĩnh Long,Xã An Ngãi Trung,10.0916931,106.5448581,51,Moderate,1,26.6,80,0.0,12.8,74,1008.1,85,11.3,14.0,180.0,4.9,82.0,2.3
2025-12-13 19:00:00,2025,12,13,19,Vĩnh Long,Xã An Ngãi Trung,10.0916931,106.5448581,51,Moderate,1,26.9,83,0.0,12.2,82,1008.9,100,10.7,13.4,186.0,5.9,78.0,2.9
2025-12-13 20:00:00,2025,12,13,20,Vĩnh Long,Xã An Ngãi Trung,10.0916931,106.5448581,51,Moderate,1,25.5,88,0.6,11.1,51,1010.1,100,11.2,13.8,183.0,8.5,73.0,4.3
2025-12-13 21:00:00,2025,12,13,21,Vĩnh Long,Xã An Ngãi Trung,10.0916931,106.5448581,51,Moderate,1,25.2,91,0.2,14.6,33,1010.8,100,13.6,16.1,175.0,12.1,66.0,6.3
2025-12-13 22:00:00,2025,12,13,22,Vĩnh Long,Xã An Ngãi Trung,10.0916931,106.5448581,51,Moderate,1,24.9,92,0.1,7.4,18,1010.9,99,16.5,19.0,172.0,15.3,59.0,8.0
2025-12-13 23:00:00,2025,12,13,23,Vĩnh Long,Xã An Ngãi Trung,10.0916931,106.5448581,52,Moderate,1,24.2,96,0.0,4.8,333,1011.0,94,19.0,21.6,176.0,17.4,54.0,8.9
2025-12-14 00:00:00,2025,12,14,0,Vĩnh Long,Xã An Ngãi Trung,10.0916931,106.5448581,52,Moderate,1,23.6,97,0.0,7.9,317,1010.7,99,21.2,23.9,184.0,19.1,50.0,9.6
2025-12-14 01:00:00,2025,12,14,1,Vĩnh Long,Xã An Ngãi Trung,10.0916931,106.5448581,53,Moderate,1,24.3,96,0.0,5.0,311,1009.8,3,23.6,26.5,193.0,21.1,45.0,10.4
2025-12-14 02:00:00,2025,12,14,2,Vĩnh Long,Xã An Ngãi Trung,10.0916931,106.5448581,54,Moderate,1,24.0,96,0.0,1.8,307,1009.0,84,27.2,30.3,201.0,24.1,38.0,11.5
2025-12-14 03:00:00,2025,12,14,3,Vĩnh Long,Xã An Ngãi Trung,10.0916931,106.5448581,55,Moderate,1,23.8,95,0.0,1.9,311,1008.7,73,33.2,36.3,211.0,27.5,30.0,12.9
2025-12-14 04:00:00,2025,12,14,4,Vĩnh Long,Xã An Ngãi Trung,10.0916931,106.5448581,57,Moderate,1,23.6,96,0.0,5.6,333,1008.6,88,37.8,41.3,227.0,30.1,25.0,14.7
2025-12-14 05:00:00,2025,12,14,5,Vĩnh Long,Xã An Ngãi Trung,10.0916931,106.5448581,59,Moderate,1,23.5,97,0.0,4.2,355,1009.1,87,41.2,44.4,262.0,31.7,21.0,17.6
2025-12-14 06:00:00,2025,12,14,6,Vĩnh Long,Xã An Ngãi Trung,10.0916931,106.5448581,61,Moderate,1,23.5,98,0.0,3.8,17,1009.7,100,47.5,49.9,304.0,32.5,20.0,21.0
2025-12-14 07:00:00,2025,12,14,7,Vĩnh Long,Xã An Ngãi Trung,10.0916931,106.5448581,64,Moderate,1,25.0,93,0.0,4.2,353,1011.0,97,44.1,45.5,324.0,28.8,34.0,23.7
2025-12-14 08:00:00,2025,12,14,8,Vĩnh Long,Xã An Ngãi Trung,10.0916931,106.5448581,66,Moderate,1,26.7,86,0.0,3.8,355,1011.9,98,37.3,38.2,300.0,25.8,48.0,23.4
2025-12-14 09:00:00,2025,12,14,9,Vĩnh Long,Xã An Ngãi Trung,10.0916931,106.5448581,68,Moderate,1,28.2,73,0.0,6.1,76,1011.9,98,28.1,29.6,253.0,21.6,69.0,22.8
2025-12-14 10:00:00,2025,12,14,10,Vĩnh Long,Xã An Ngãi Trung,10.0916931,106.5448581,69,Moderate,1,29.0,69,0.0,9.7,86,1011.5,99,24.2,26.1,217.0,17.2,89.0,21.1
2025-12-14 11:00:00,2025,12,14,11,Vĩnh Long,Xã An Ngãi Trung,10.0916931,106.5448581,70,Moderate,1,29.5,66,0.0,12.2,90,1010.9,90,21.9,23.8,205.0,12.6,110.0,17.5
2025-12-14 12:00:00,2025,12,14,12,Vĩnh Long,Xã An Ngãi Trung,10.0916931,106.5448581,71,Moderate,1,29.8,66,0.0,13.4,95,1010.0,98,19.8,21.8,204.0,7.9,132.0,12.8
2025-12-14 13:00:00,2025,12,14,13,Vĩnh Long,Xã An Ngãi Trung,10.0916931,106.5448581,72,Moderate,1,29.4,59,0.0,17.8,89,1009.4,100,18.7,20.7,206.0,4.5,144.0,9.0
2025-12-14 14:00:00,2025,12,14,14,Vĩnh Long,Xã An Ngãi Trung,10.0916931,106.5448581,73,Moderate,1,29.0,63,0.0,17.3,79,1008.7,100,17.8,20.3,210.0,3.2,142.0,6.7
2025-12-14 15:00:00,2025,12,14,15,Vĩnh Long,Xã An Ngãi Trung,10.0916931,106.5448581,74,Moderate,1,28.9,65,0.0,16.3,74,1008.2,100,15.7,18.2,216.0,3.1,132.0,5.3
2025-12-14 16:00:00,2025,12,14,16,Vĩnh Long,Xã An Ngãi Trung,10.0916931,106.5448581,74,Moderate,1,28.2,69,0.0,14.4,74,1008.2,100,14.1,16.5,221.0,3.5,120.0,4.3
2025-12-14 17:00:00,2025,12,14,17,Vĩnh Long,Xã An Ngãi Trung,10.0916931,106.5448581,75,Moderate,1,27.2,76,0.0,11.0,66,1008.3,100,14.1,16.6,222.0,4.2,109.0,3.7
2025-12-14 18:00:00,2025,12,14,18,Vĩnh Long,Xã An Ngãi Trung,10.0916931,106.5448581,75,Moderate,1,26.6,79,0.0,12.8,66,1008.9,100,13.5,16.4,222.0,5.3,97.0,3.5
2025-12-14 19:00:00,2025,12,14,19,Vĩnh Long,Xã An Ngãi Trung,10.0916931,106.5448581,76,Moderate,1,27.1,77,0.0,15.5,75,1009.4,100,20.1,23.5,220.0,9.2,88.0,5.8
2025-12-14 20:00:00,2025,12,14,20,Vĩnh Long,Xã An Ngãi Trung,10.0916931,106.5448581,76,Moderate,1,27.3,76,0.0,20.5,79,1010.3,100,18.0,21.2,216.0,8.5,85.0,5.1
2025-12-14 21:00:00,2025,12,14,21,Vĩnh Long,Xã An Ngãi Trung,10.0916931,106.5448581,77,Moderate,1,27.0,77,0.0,19.0,80,1010.4,100,15.9,18.9,210.0,7.6,82.0,4.1
2025-12-14 22:00:00,2025,12,14,22,Vĩnh Long,Xã An Ngãi Trung,10.0916931,106.5448581,77,Moderate,1,26.5,78,0.0,18.0,76,1010.4,99,13.9,16.6,206.0,6.7,79.0,3.2
2025-12-14 23:00:00,2025,12,14,23,Vĩnh Long,Xã An Ngãi Trung,10.0916931,106.5448581,77,Moderate,1,26.1,79,0.0,17.4,73,1010.6,70,12.2,14.6,204.0,5.8,78.0,2.5
2025-12-15 00:00:00,2025,12,15,0,Vĩnh Long,Xã An Ngãi Trung,10.0916931,106.5448581,76,Moderate,1,26.0,78,0.0,15.2,66,1010.5,100,10.9,13.1,202.0,5.1,78.0,2.0
2025-12-15 01:00:00,2025,12,15,1,Vĩnh Long,Xã An Ngãi Trung,10.0916931,106.5448581,75,Moderate,1,26.0,76,0.0,16.2,69,1010.3,100,10.1,12.1,203.0,5.1,77.0,2.0
2025-12-15 02:00:00,2025,12,15,2,Vĩnh Long,Xã An Ngãi Trung,10.0916931,106.5448581,74,Moderate,1,26.0,75,0.0,16.1,72,1009.7,100,10.2,12.1,205.0,6.2,74.0,2.5
2025-12-15 03:00:00,2025,12,15,3,Vĩnh Long,Xã An Ngãi Trung,10.0916931,106.5448581,72,Moderate,1,25.8,73,0.0,14.9,73,1009.5,100,11.4,13.2,209.0,8.0,70.0,3.4
2025-12-15 04:00:00,2025,12,15,4,Vĩnh Long,Xã An Ngãi Trung,10.0916931,106.5448581,70,Moderate,1,25.4,74,0.0,12.7,67,1009.4,100,13.4,15.3,216.0,10.6,65.0,5.0
2025-12-15 05:00:00,2025,12,15,5,Vĩnh Long,Xã An Ngãi Trung,10.0916931,106.5448581,68,Moderate,1,25.1,76,0.0,11.4,55,1009.7,100,16.2,18.0,233.0,14.9,55.0,7.8
2025-12-15 06:00:00,2025,12,15,6,Vĩnh Long,Xã An Ngãi Trung,10.0916931,106.5448581,66,Moderate,1,24.6,77,0.0,8.7,43,1010.3,100,20.5,22.2,253.0,19.9,43.0,11.2
2025-12-15 07:00:00,2025,12,15,7,Vĩnh Long,Xã An Ngãi Trung,10.0916931,106.5448581,64,Moderate,1,25.2,78,0.0,7.9,35,1011.0,100,25.6,28.1,261.0,26.3,43.0,12.7
2025-12-15 08:00:00,2025,12,15,8,Vĩnh Long,Xã An Ngãi Trung,10.0916931,106.5448581,62,Moderate,1,26.8,74,0.0,10.0,57,1012.0,100,26.0,29.0,245.0,24.8,51.0,14.1
2025-12-15 09:00:00,2025,12,15,9,Vĩnh Long,Xã An Ngãi Trung,10.0916931,106.5448581,61,Moderate,1,28.0,68,0.0,14.3,75,1012.3,96,25.0,28.8,218.0,22.5,63.0,15.8
2025-12-15 10:00:00,2025,12,15,10,Vĩnh Long,Xã An Ngãi Trung,10.0916931,106.5448581,61,Moderate,1,28.5,66,0.0,15.0,84,1012.5,100,24.2,28.6,196.0,19.3,76.0,16.0
2025-12-15 11:00:00,2025,12,15,11,Vĩnh Long,Xã An Ngãi Trung,10.0916931,106.5448581,61,Moderate,1,29.1,64,0.0,14.5,83,1012.2,99,21.5,25.6,187.0,14.3,90.0,13.2
2025-12-15 12:00:00,2025,12,15,12,Vĩnh Long,Xã An Ngãi Trung,10.0916931,106.5448581,61,Moderate,1,29.5,62,0.0,13.1,82,1010.9,99,18.6,22.4,185.0,8.3,105.0,8.7
2025-12-15 13:00:00,2025,12,15,13,Vĩnh Long,Xã An Ngãi Trung,10.0916931,106.5448581,61,Moderate,1,29.8,59,0.0,15.3,89,1009.8,22,15.8,19.4,186.0,3.9,114.0,5.2
2025-12-15 14:00:00,2025,12,15,14,Vĩnh Long,Xã An Ngãi Trung,10.0916931,106.5448581,60,Moderate,1,29.6,62,0.0,14.4,88,1009.0,54,13.9,17.5,190.0,2.3,114.0,3.5
2025-12-15 15:00:00,2025,12,15,15,Vĩnh Long,Xã An Ngãi Trung,10.0916931,106.5448581,60,Moderate,1,28.8,69,0.0,13.7,95,1008.9,90,13.0,16.5,199.0,2.3,109.0,2.7
2025-12-15 16:00:00,2025,12,15,16,Vĩnh Long,Xã An Ngãi Trung,10.0916931,106.5448581,60,Moderate,1,28.1,72,0.0,12.5,94,1008.8,30,12.7,16.2,211.0,3.0,103.0,2.3
2025-12-15 17:00:00,2025,12,15,17,Vĩnh Long,Xã An Ngãi Trung,10.0916931,106.5448581,60,Moderate,1,27.2,76,0.0,10.8,85,1009.0,100,13.5,16.7,231.0,4.4,95.0,2.4
2025-12-15 18:00:00,2025,12,15,18,Vĩnh Long,Xã An Ngãi Trung,10.0916931,106.5448581,60,Moderate,1,26.4,82,0.0,8.7,83,1009.7,90,15.3,18.1,255.0,6.4,87.0,3.0
2025-12-15 19:00:00,2025,12,15,19,Vĩnh Long,Xã An Ngãi Trung,10.0916931,106.5448581,60,Moderate,1,25.9,88,0.0,10.9,110,1010.9,94,15.0,17.7,273.0,10.6,76.0,4.5
2025-12-15 20:00:00,2025,12,15,20,Vĩnh Long,Xã An Ngãi Trung,10.0916931,106.5448581,59,Moderate,1,25.8,88,0.0,9.2,89,1011.8,100,14.4,17.2,281.0,9.5,77.0,4.2
2025-12-15 21:00:00,2025,12,15,21,Vĩnh Long,Xã An Ngãi Trung,10.0916931,106.5448581,59,Moderate,1,25.5,90,0.0,8.7,95,1012.1,100,14.2,17.2,284.0,8.1,79.0,3.7
2025-12-15 22:00:00,2025,12,15,22,Vĩnh Long,Xã An Ngãi Trung,10.0916931,106.5448581,59,Moderate,1,25.5,90,0.0,9.4,86,1012.1,100,14.1,17.2,284.0,6.9,80.0,3.3
2025-12-15 23:00:00,2025,12,15,23,Vĩnh Long,Xã An Ngãi Trung,10.0916931,106.5448581,59,Moderate,1,25.5,89,0.0,10.8,87,1011.8,100,13.6,16.6,280.0,6.3,79.0,2.9
2025-12-16 00:00:00,2025,12,16,0,Vĩnh Long,Xã An Ngãi Trung,10.0916931,106.5448581,59,Moderate,1,25.4,87,0.0,10.1,84,1011.2,100,12.8,15.5,273.0,5.9,78.0,2.6
2025-12-16 01:00:00,2025,12,16,1,Vĩnh Long,Xã An Ngãi Trung,10.0916931,106.5448581,59,Moderate,1,25.4,88,0.0,11.5,82,1011.2,100,11.9,14.3,269.0,5.7,76.0,2.3
2025-12-16 02:00:00,2025,12,16,2,Vĩnh Long,Xã An Ngãi Trung,10.0916931,106.5448581,59,Moderate,1,25.4,87,0.0,12.0,78,1010.4,100,11.0,13.3,268.0,5.5,74.0,2.1
2025-12-16 03:00:00,2025,12,16,3,Vĩnh Long,Xã An Ngãi Trung,10.0916931,106.5448581,59,Moderate,1,25.2,87,0.0,10.4,67,1009.8,100,10.3,12.4,269.0,5.4,72.0,2.0
2025-12-16 04:00:00,2025,12,16,4,Vĩnh Long,Xã An Ngãi Trung,10.0916931,106.5448581,59,Moderate,1,25.0,88,0.0,9.1,58,1009.6,98,9.9,11.8,278.0,5.7,69.0,2.2
2025-12-16 05:00:00,2025,12,16,5,Vĩnh Long,Xã An Ngãi Trung,10.0916931,106.5448581,59,Moderate,1,24.6,89,0.0,9.0,52,1009.8,100,9.8,11.6,302.0,7.1,64.0,3.0
2025-12-16 06:00:00,2025,12,16,6,Vĩnh Long,Xã An Ngãi Trung,10.0916931,106.5448581,58,Moderate,1,24.2,91,0.0,7.4,47,1009.9,100,10.7,12.4,333.0,8.9,59.0,4.0
2025-12-16 07:00:00,2025,12,16,7,Vĩnh Long,Xã An Ngãi Trung,10.0916931,106.5448581,58,Moderate,1,24.5,87,0.0,7.6,45,1010.5,73,10.8,12.0,350.0,10.3,59.0,4.0
2025-12-16 08:00:00,2025,12,16,8,Vĩnh Long,Xã An Ngãi Trung,10.0916931,106.5448581,56,Moderate,1,26.4,80,0.0,9.6,62,1011.4,52,10.2,11.8,340.0,8.9,71.0,4.2
2025-12-16 09:00:00,2025,12,16,9,Vĩnh Long,Xã An Ngãi Trung,10.0916931,106.5448581,55,Moderate,1,27.9,72,0.0,11.7,69,1011.5,1,10.7,12.9,316.0,6.9,87.0,4.5
2025-12-16 10:00:00,2025,12,16,10,Vĩnh Long,Xã An Ngãi Trung,10.0916931,106.5448581,54,Moderate,1,28.9,67,0.0,11.9,79,1011.5,44,11.6,14.3,291.0,5.1,101.0,4.5
2025-12-16 11:00:00,2025,12,16,11,Vĩnh Long,Xã An Ngãi Trung,10.0916931,106.5448581,52,Moderate,1,29.5,64,0.0,13.2,87,1011.1,12,11.8,14.5,268.0,3.7,110.0,3.9
2025-12-16 12:00:00,2025,12,16,12,Vĩnh Long,Xã An Ngãi Trung,10.0916931,106.5448581,52,Moderate,1,29.6,62,0.0,14.8,92,1010.4,22,11.4,14.2,245.0,2.5,117.0,3.1
2025-12-16 13:00:00,2025,12,16,13,Vĩnh Long,Xã An Ngãi Trung,10.0916931,106.5448581,51,Moderate,1,29.8,61,0.0,15.2,95,1009.7,16,11.2,14.1,230.0,1.8,120.0,2.4
2025-12-16 14:00:00,2025,12,16,14,Vĩnh Long,Xã An Ngãi Trung,10.0916931,106.5448581,51,Moderate,1,29.4,63,0.0,17.0,95,1009.1,1,10.9,14.1,230.0,1.6,118.0,2.0
2025-12-16 15:00:00,2025,12,16,15,Vĩnh Long,Xã An Ngãi Trung,10.0916931,106.5448581,50,Good,0,28.6,68,0.0,17.8,98,1008.9,0,10.7,13.8,239.0,1.8,112.0,1.8
2025-12-16 16:00:00,2025,12,16,16,Vĩnh Long,Xã An Ngãi Trung,10.0916931,106.5448581,50,Good,0,27.9,72,0.0,18.6,92,1009.0,23,10.9,14.1,247.0,2.4,105.0,1.8
2025-12-16 17:00:00,2025,12,16,17,Vĩnh Long,Xã An Ngãi Trung,10.0916931,106.5448581,52,Moderate,1,26.9,78,0.0,14.6,86,1009.2,87,12.2,15.3,254.0,3.7,98.0,2.2
2025-12-16 18:00:00,2025,12,16,18,Vĩnh Long,Xã An Ngãi Trung,10.0916931,106.5448581,54,Moderate,1,26.1,81,0.0,11.8,73,1009.8,100,13.8,16.8,261.0,5.4,91.0,2.8
2025-12-16 19:00:00,2025,12,16,19,Vĩnh Long,Xã An Ngãi Trung,10.0916931,106.5448581,52,Moderate,1,25.6,87,0.0,10.5,77,1010.9,99,14.5,17.8,262.0,7.8,84.0,3.4
2025-12-16 20:00:00,2025,12,16,20,Vĩnh Long,Xã An Ngãi Trung,10.0916931,106.5448581,49,Good,0,25.7,87,0.0,10.3,63,1011.6,100,14.9,18.0,253.0,7.6,82.0,3.3
2025-12-16 21:00:00,2025,12,16,21,Vĩnh Long,Xã An Ngãi Trung,10.0916931,106.5448581,49,Good,0,25.5,91,0.0,9.0,59,1011.6,100,15.0,18.0,239.0,7.4,78.0,3.3
2025-12-16 22:00:00,2025,12,16,22,Vĩnh Long,Xã An Ngãi Trung,10.0916931,106.5448581,49,Good,0,25.3,93,0.0,8.5,66,1011.5,100,14.9,17.9,227.0,7.2,75.0,3.2
2025-12-16 23:00:00,2025,12,16,23,Vĩnh Long,Xã An Ngãi Trung,10.0916931,106.5448581,50,Good,0,25.2,93,0.0,7.3,65,1011.0,100,14.9,17.9,220.0,7.2,73.0,3.1
2025-12-17 00:00:00,2025,12,17,0,Vĩnh Long,Xã An Ngãi Trung,10.0916931,106.5448581,50,Good,0,25.0,93,0.0,6.1,62,1010.7,99,15.3,18.2,214.0,7.3,70.0,3.0
2025-12-17 01:00:00,2025,12,17,1,Vĩnh Long,Xã An Ngãi Trung,10.0916931,106.5448581,50,Good,0,24.9,93,0.0,6.3,75,1010.2,100,15.6,18.6,212.0,7.5,68.0,3.0
2025-12-17 02:00:00,2025,12,17,2,Vĩnh Long,Xã An Ngãi Trung,10.0916931,106.5448581,50,Good,0,25.0,92,0.0,7.2,76,1009.7,51,15.7,18.7,211.0,7.5,66.0,2.9
2025-12-17 03:00:00,2025,12,17,3,Vĩnh Long,Xã An Ngãi Trung,10.0916931,106.5448581,51,Moderate,1,24.6,95,0.0,6.1,62,1009.5,20,15.5,18.4,214.0,7.6,64.0,2.9
2025-12-17 04:00:00,2025,12,17,4,Vĩnh Long,Xã An Ngãi Trung,10.0916931,106.5448581,51,Moderate,1,24.3,96,0.0,5.8,39,1009.3,27,15.3,18.0,224.0,8.2,61.0,3.1
2025-12-17 05:00:00,2025,12,17,5,Vĩnh Long,Xã An Ngãi Trung,10.0916931,106.5448581,52,Moderate,1,23.8,98,0.0,4.5,40,1009.7,10,16.0,18.5,251.0,10.3,54.0,3.7
2025-12-17 06:00:00,2025,12,17,6,Vĩnh Long,Xã An Ngãi Trung,10.0916931,106.5448581,52,Moderate,1,23.6,99,0.0,3.4,32,1010.5,99,19.0,21.7,285.0,12.9,45.0,4.4
2025-12-17 07:00:00,2025,12,17,7,Vĩnh Long,Xã An Ngãi Trung,10.0916931,106.5448581,53,Moderate,1,25.2,95,0.0,5.7,58,1011.4,91,25.7,29.3,305.0,11.6,50.0,5.1
2025-12-17 08:00:00,2025,12,17,8,Vĩnh Long,Xã An Ngãi Trung,10.0916931,106.5448581,54,Moderate,1,27.1,85,0.0,9.0,80,1012.2,100,20.7,24.9,300.0,9.2,61.0,4.7
2025-12-17 09:00:00,2025,12,17,9,Vĩnh Long,Xã An Ngãi Trung,10.0916931,106.5448581,55,Moderate,1,28.4,79,0.0,6.8,72,1012.8,100,19.3,23.8,281.0,5.8,76.0,4.2
2025-12-17 10:00:00,2025,12,17,10,Vĩnh Long,Xã An Ngãi Trung,10.0916931,106.5448581,56,Moderate,1,29.5,75,0.0,4.6,59,1012.6,100,18.4,23.1,260.0,3.2,90.0,3.7
2025-12-17 11:00:00,2025,12,17,11,Vĩnh Long,Xã An Ngãi Trung,10.0916931,106.5448581,57,Moderate,1,30.2,69,0.1,7.8,68,1011.6,97,17.3,21.9,239.0,2.1,101.0,3.3
2025-12-17 12:00:00,2025,12,17,12,Vĩnh Long,Xã An Ngãi Trung,10.0916931,106.5448581,57,Moderate,1,30.2,66,0.1,11.1,81,1010.7,79,16.6,21.1,218.0,1.7,110.0,2.9
2025-12-17 13:00:00,2025,12,17,13,Vĩnh Long,Xã An Ngãi Trung,10.0916931,106.5448581,58,Moderate,1,30.4,62,0.0,13.9,87,1009.8,66,16.6,21.3,203.0,1.7,116.0,2.6
2025-12-17 14:00:00,2025,12,17,14,Vĩnh Long,Xã An Ngãi Trung,10.0916931,106.5448581,58,Moderate,1,30.0,63,0.0,13.7,90,1008.9,57,17.1,21.7,202.0,1.8,119.0,2.6
2025-12-17 15:00:00,2025,12,17,15,Vĩnh Long,Xã An Ngãi Trung,10.0916931,106.5448581,59,Moderate,1,29.5,67,0.0,12.9,97,1008.5,14,16.9,21.5,208.0,2.3,118.0,2.7
2025-12-17 16:00:00,2025,12,17,16,Vĩnh Long,Xã An Ngãi Trung,10.0916931,106.5448581,59,Moderate,1,28.3,72,0.0,14.1,100,1008.7,87,15.4,19.4,212.0,3.0,114.0,2.9
2025-12-17 17:00:00,2025,12,17,17,Vĩnh Long,Xã An Ngãi Trung,10.0916931,106.5448581,60,Moderate,1,27.0,78,0.0,14.2,87,1009.2,5,14.3,17.7,210.0,4.2,104.0,3.1
2025-12-17 18:00:00,2025,12,17,18,Vĩnh Long,Xã An Ngãi Trung,10.0916931,106.5448581,60,Moderate,1,26.5,80,0.0,14.4,82,1010.1,74,14.7,17.9,205.0,5.6,90.0,3.2
2025-12-17 19:00:00,2025,12,17,19,Vĩnh Long,Xã An Ngãi Trung,10.0916931,106.5448581,60,Moderate,1,27.1,82,0.0,14.5,82,1010.4,18,13.0,16.4,200.0,6.5,78.0,3.1
2025-12-17 20:00:00,2025,12,17,20,Vĩnh Long,Xã An Ngãi Trung,10.0916931,106.5448581,60,Moderate,1,26.8,80,0.0,18.5,82,1011.6,25,10.3,13.3,195.0,6.4,76.0,2.9
2025-12-17 21:00:00,2025,12,17,21,Vĩnh Long,Xã An Ngãi Trung,10.0916931,106.5448581,59,Moderate,1,26.4,83,0.0,18.5,83,1011.6,47,9.5,12.1,190.0,6.2,74.0,2.7
2025-12-17 22:00:00,2025,12,17,22,Vĩnh Long,Xã An Ngãi Trung,10.0916931,106.5448581,59,Moderate,1,26.4,82,0.0,18.2,82,1011.5,71,9.6,12.0,185.0,6.0,72.0,2.5
2025-12-17 23:00:00,2025,12,17,23,Vĩnh Long,Xã An Ngãi Trung,10.0916931,106.5448581,58,Moderate,1,26.2,81,0.1,19.7,70,1011.5,85,9.7,12.0,180.0,5.7,71.0,2.4
2025-12-18 00:00:00,2025,12,18,0,Vĩnh Long,Xã An Ngãi Trung,10.0916931,106.5448581,58,Moderate,1,25.8,85,0.1,13.6,56,1011.3,83,9.5,11.6,175.0,5.4,69.0,2.3
2025-12-18 01:00:00,2025,12,18,1,Vĩnh Long,Xã An Ngãi Trung,10.0916931,106.5448581,57,Moderate,1,26.0,82,0.0,14.5,83,1010.5,97,9.4,11.5,175.0,5.3,68.0,2.3
2025-12-18 02:00:00,2025,12,18,2,Vĩnh Long,Xã An Ngãi Trung,10.0916931,106.5448581,57,Moderate,1,25.9,83,0.0,15.0,70,1009.6,95,9.4,11.4,178.0,5.3,67.0,2.1
2025-12-18 03:00:00,2025,12,18,3,Vĩnh Long,Xã An Ngãi Trung,10.0916931,106.5448581,56,Moderate,1,25.1,87,0.0,9.3,50,1009.7,100,9.8,11.7,186.0,5.5,65.0,2.1
2025-12-18 04:00:00,2025,12,18,4,Vĩnh Long,Xã An Ngãi Trung,10.0916931,106.5448581,56,Moderate,1,24.4,92,0.0,5.6,33,1009.6,84,10.7,12.6,209.0,6.5,62.0,2.6
2025-12-18 05:00:00,2025,12,18,5,Vĩnh Long,Xã An Ngãi Trung,10.0916931,106.5448581,55,Moderate,1,23.9,95,0.0,5.0,19,1009.7,84,12.1,13.9,263.0,9.2,55.0,4.1
2025-12-18 06:00:00,2025,12,18,6,Vĩnh Long,Xã An Ngãi Trung,10.0916931,106.5448581,55,Moderate,1,23.6,96,0.0,5.1,32,1010.1,100,15.0,16.7,332.0,12.7,47.0,6.3
2025-12-18 07:00:00,2025,12,18,7,Vĩnh Long,Xã An Ngãi Trung,10.0916931,106.5448581,55,Moderate,1,24.7,90,0.0,5.1,17,1010.9,100,18.4,20.3,378.0,13.2,47.0,7.1
2025-12-18 08:00:00,2025,12,18,8,Vĩnh Long,Xã An Ngãi Trung,10.0916931,106.5448581,54,Moderate,1,26.4,83,0.0,5.4,37,1011.6,100,16.5,19.0,383.0,12.0,56.0,7.5
2025-12-18 09:00:00,2025,12,18,9,Vĩnh Long,Xã An Ngãi Trung,10.0916931,106.5448581,54,Moderate,1,27.8,75,0.0,5.0,49,1012.3,52,15.2,18.2,364.0,10.2,68.0,8.2
2025-12-18 10:00:00,2025,12,18,10,Vĩnh Long,Xã An Ngãi Trung,10.0916931,106.5448581,53,Moderate,1,28.8,70,0.0,4.5,88,1012.1,100,16.4,20.2,340.0,8.4,83.0,8.6
2025-12-18 11:00:00,2025,12,18,11,Vĩnh Long,Xã An Ngãi Trung,10.0916931,106.5448581,53,Moderate,1,29.4,66,0.0,6.8,93,1011.5,92,17.3,21.0,312.0,6.6,102.0,8.7
2025-12-18 12:00:00,2025,12,18,12,Vĩnh Long,Xã An Ngãi Trung,10.0916931,106.5448581,53,Moderate,1,30.0,62,0.0,7.8,98,1010.5,40,17.1,19.4,278.0,4.8,123.0,8.6
2025-12-18 13:00:00,2025,12,18,13,Vĩnh Long,Xã An Ngãi Trung,10.0916931,106.5448581,53,Moderate,1,28.7,62,0.0,9.8,103,1009.8,100,17.5,18.8,249.0,3.6,139.0,8.6
2025-12-18 14:00:00,2025,12,18,14,Vĩnh Long,Xã An Ngãi Trung,10.0916931,106.5448581,53,Moderate,1,29.0,63,0.0,8.3,108,1008.9,98,18.6,19.8,226.0,3.1,150.0,8.7
2025-12-18 15:00:00,2025,12,18,15,Vĩnh Long,Xã An Ngãi Trung,10.0916931,106.5448581,53,Moderate,1,28.5,66,0.0,7.3,113,1008.1,96,20.0,21.2,207.0,3.2,157.0,8.9
2025-12-18 16:00:00,2025,12,18,16,Vĩnh Long,Xã An Ngãi Trung,10.0916931,106.5448581,54,Moderate,1,28.2,67,0.0,6.2,120,1008.2,98,21.2,22.5,201.0,4.3,155.0,9.1
2025-12-18 17:00:00,2025,12,18,17,Vĩnh Long,Xã An Ngãi Trung,10.0916931,106.5448581,74,Moderate,1,27.2,72,0.0,8.3,117,1008.2,100,22.9,24.0,216.0,7.3,139.0,9.4
2025-12-18 18:00:00,2025,12,18,18,Vĩnh Long,Xã An Ngãi Trung,10.0916931,106.5448581,89,Moderate,1,26.3,77,0.0,8.8,107,1008.9,100,27.5,29.2,243.0,11.2,114.0,9.7
2025-12-18 19:00:00,2025,12,18,19,Vĩnh Long,Xã An Ngãi Trung,10.0916931,106.5448581,96,Moderate,1,25.5,82,0.0,5.8,126,1009.9,88,26.4,28.7,260.0,14.4,82.0,9.1
2025-12-18 20:00:00,2025,12,18,20,Vĩnh Long,Xã An Ngãi Trung,10.0916931,106.5448581,92,Moderate,1,25.8,83,0.0,6.4,100,1010.8,80,21.0,24.3,254.0,12.4,78.0,7.6
2025-12-18 21:00:00,2025,12,18,21,Vĩnh Long,Xã An Ngãi Trung,10.0916931,106.5448581,82,Moderate,1,25.5,86,0.0,5.0,103,1010.8,55,16.6,19.6,238.0,9.7,72.0,5.6
2025-12-18 22:00:00,2025,12,18,22,Vĩnh Long,Xã An Ngãi Trung,10.0916931,106.5448581,68,Moderate,1,25.2,90,0.0,5.2,84,1010.6,63,14.8,17.5,224.0,7.9,67.0,4.0
2025-12-18 23:00:00,2025,12,18,23,Vĩnh Long,Xã An Ngãi Trung,10.0916931,106.5448581,59,Moderate,1,24.9,92,0.0,4.4,83,1010.2,59,13.7,16.2,215.0,7.8,64.0,3.4
2025-12-19 00:00:00,2025,12,19,0,Vĩnh Long,Xã An Ngãi Trung,10.0916931,106.5448581,60,Moderate,1,24.8,92,0.0,3.5,69,1009.7,100,13.3,15.7,208.0,8.7,61.0,3.2
2025-12-19 01:00:00,2025,12,19,1,Vĩnh Long,Xã An Ngãi Trung,10.0916931,106.5448581,60,Moderate,1,24.8,95,0.0,5.4,60,1009.3,100,14.5,16.9,205.0,9.6,58.0,3.3
2025-12-19 02:00:00,2025,12,19,2,Vĩnh Long,Xã An Ngãi Trung,10.0916931,106.5448581,60,Moderate,1,24.8,95,0.0,5.9,59,1008.5,100,16.2,18.6,202.0,10.2,55.0,3.3
2025-12-19 03:00:00,2025,12,19,3,Vĩnh Long,Xã An Ngãi Trung,10.0916931,106.5448581,61,Moderate,1,24.3,96,0.0,4.4,30,1007.9,24,18.0,20.5,204.0,10.8,53.0,3.5
2025-12-19 04:00:00,2025,12,19,4,Vĩnh Long,Xã An Ngãi Trung,10.0916931,106.5448581,62,Moderate,1,23.9,98,0.0,4.7,353,1007.9,10,17.4,19.9,226.0,12.2,49.0,4.3
2025-12-19 05:00:00,2025,12,19,5,Vĩnh Long,Xã An Ngãi Trung,10.0916931,106.5448581,62,Moderate,1,23.8,99,0.0,7.1,339,1008.3,93,20.5,23.0,291.0,15.3,41.0,5.9
2025-12-19 06:00:00,2025,12,19,6,Vĩnh Long,Xã An Ngãi Trung,10.0916931,106.5448581,63,Moderate,1,23.5,97,0.0,6.7,340,1008.6,98,27.9,30.4,377.0,19.2,32.0,8.1
2025-12-19 07:00:00,2025,12,19,7,Vĩnh Long,Xã An Ngãi Trung,10.0916931,106.5448581,64,Moderate,1,24.6,95,0.0,5.5,343,1009.4,95,48.8,50.3,428.0,29.4,29.0,8.3
2025-12-19 08:00:00,2025,12,19,8,Vĩnh Long,Xã An Ngãi Trung,10.0916931,106.5448581,67,Moderate,1,26.2,85,0.0,3.1,347,1010.3,70,26.2,28.5,415.0,24.9,48.0,10.6
2025-12-19 09:00:00,2025,12,19,9,Vĩnh Long,Xã An Ngãi Trung,10.0916931,106.5448581,68,Moderate,1,27.8,78,0.0,1.4,23,1010.5,70,20.8,22.8,369.0,18.6,74.0,13.6
2025-12-19 10:00:00,2025,12,19,10,Vĩnh Long,Xã An Ngãi Trung,10.0916931,106.5448581,68,Moderate,1,29.1,70,0.0,3.4,115,1010.5,37,18.3,19.4,321.0,13.1,98.0,15.1
2025-12-19 11:00:00,2025,12,19,11,Vĩnh Long,Xã An Ngãi Trung,10.0916931,106.5448581,68,Moderate,1,30.1,64,0.0,5.8,104,1010.4,88,16.9,17.9,281.0,9.0,118.0,13.6
2025-12-19 12:00:00,2025,12,19,12,Vĩnh Long,Xã An Ngãi Trung,10.0916931,106.5448581,68,Moderate,1,30.7,60,0.0,8.3,96,1009.2,53,16.2,17.1,240.0,5.7,136.0,10.5
2025-12-19 13:00:00,2025,12,19,13,Vĩnh Long,Xã An Ngãi Trung,10.0916931,106.5448581,68,Moderate,1,31.0,57,0.0,8.4,106,1008.1,100,16.0,16.9,208.0,3.4,147.0,8.0
2025-12-19 14:00:00,2025,12,19,14,Vĩnh Long,Xã An Ngãi Trung,10.0916931,106.5448581,68,Moderate,1,30.7,57,0.0,10.1,115,1007.1,100,15.7,16.6,188.0,2.3,151.0,6.8
2025-12-19 15:00:00,2025,12,19,15,Vĩnh Long,Xã An Ngãi Trung,10.0916931,106.5448581,68,Moderate,1,29.7,60,0.0,12.6,126,1006.9,100,15.2,16.1,176.0,2.3,149.0,6.1
2025-12-19 16:00:00,2025,12,19,16,Vĩnh Long,Xã An Ngãi Trung,10.0916931,106.5448581,68,Moderate,1,28.4,68,0.0,14.1,132,1007.0,98,14.1,15.2,174.0,3.2,140.0,5.7
2025-12-19 17:00:00,2025,12,19,17,Vĩnh Long,Xã An Ngãi Trung,10.0916931,106.5448581,82,Moderate,1,27.0,77,0.0,12.8,125,1007.3,84,14.3,16.3,185.0,5.5,121.0,5.6
2025-12-19 18:00:00,2025,12,19,18,Vĩnh Long,Xã An Ngãi Trung,10.0916931,106.5448581,92,Moderate,1,26.2,82,0.0,8.1,103,1007.9,94,17.2,19.0,205.0,8.7,95.0,5.7
2025-12-19 19:00:00,2025,12,19,19,Vĩnh Long,Xã An Ngãi Trung,10.0916931,106.5448581,91,Moderate,1,26.0,85,0.0,6.8,90,1008.6,97,18.0,20.8,222.0,10.4,66.0,5.0
2025-12-19 20:00:00,2025,12,19,20,Vĩnh Long,Xã An Ngãi Trung,10.0916931,106.5448581,80,Moderate,1,26.0,87,0.0,8.1,87,1009.0,100,16.2,18.9,234.0,10.3,63.0,5.0
2025-12-19 21:00:00,2025,12,19,21,Vĩnh Long,Xã An Ngãi Trung,10.0916931,106.5448581,65,Moderate,1,25.9,88,0.0,8.4,81,1009.1,100,16.8,19.3,243.0,10.3,60.0,4.9
2025-12-19 22:00:00,2025,12,19,22,Vĩnh Long,Xã An Ngãi Trung,10.0916931,106.5448581,64,Moderate,1,25.5,90,0.0,6.1,88,1009.1,100,18.5,21.1,244.0,11.2,56.0,5.1
2025-12-19 23:00:00,2025,12,19,23,Vĩnh Long,Xã An Ngãi Trung,10.0916931,106.5448581,64,Moderate,1,25.1,93,0.0,5.2,90,1008.8,99,23.0,25.7,228.0,13.8,53.0,5.9
2025-12-20 00:00:00,2025,12,20,0,Vĩnh Long,Xã An Ngãi Trung,10.0916931,106.5448581,65,Moderate,1,25.0,93,0.0,3.2,93,1008.8,84,27.6,30.5,203.0,17.3,50.0,7.0
2025-12-20 01:00:00,2025,12,20,1,Vĩnh Long,Xã An Ngãi Trung,10.0916931,106.5448581,67,Moderate,1,25.0,94,0.0,2.8,101,1008.5,92,32.0,35.0,187.0,20.6,46.0,7.2
2025-12-20 02:00:00,2025,12,20,2,Vĩnh Long,Xã An Ngãi Trung,10.0916931,106.5448581,68,Moderate,1,25.0,95,0.0,1.5,60,1008.0,74,34.1,37.1,186.0,23.5,40.0,5.8
2025-12-20 03:00:00,2025,12,20,3,Vĩnh Long,Xã An Ngãi Trung,10.0916931,106.5448581,70,Moderate,1,24.8,96,0.0,1.7,32,1007.5,76,37.4,40.4,193.0,26.1,33.0,3.5
2025-12-20 04:00:00,2025,12,20,4,Vĩnh Long,Xã An Ngãi Trung,10.0916931,106.5448581,71,Moderate,1,24.5,97,0.0,2.6,12,1007.6,88,57.4,60.3,205.0,27.8,27.0,2.1
2025-12-20 05:00:00,2025,12,20,5,Vĩnh Long,Xã An Ngãi Trung,10.0916931,106.5448581,75,Moderate,1,24.2,99,0.0,1.5,7,1008.1,87,70.8,72.4,226.0,28.6,20.0,1.7
2025-12-20 06:00:00,2025,12,20,6,Vĩnh Long,Xã An Ngãi Trung,10.0916931,106.5448581,79,Moderate,1,24.1,99,0.0,3.2,360,1008.5,100,76.6,78.2,253.0,28.5,15.0,2.2
2025-12-20 07:00:00,2025,12,20,7,Vĩnh Long,Xã An Ngãi Trung,10.0916931,106.5448581,84,Moderate,1,25.4,96,0.0,5.4,14,1009.0,52,70.8,75.2,270.0,28.0,29.0,7.0
2025-12-20 08:00:00,2025,12,20,8,Vĩnh Long,Xã An Ngãi Trung,10.0916931,106.5448581,86,Moderate,1,27.0,88,0.0,5.9,23,1010.0,65,52.3,58.8,269.0,24.8,47.0,11.2
2025-12-20 09:00:00,2025,12,20,9,Vĩnh Long,Xã An Ngãi Trung,10.0916931,106.5448581,88,Moderate,1,28.4,79,0.0,5.4,360,1010.2,94,50.2,55.1,259.0,20.2,72.0,16.9
2025-12-20 10:00:00,2025,12,20,10,Vĩnh Long,Xã An Ngãi Trung,10.0916931,106.5448581,91,Moderate,1,29.1,74,0.2,6.5,330,1009.9,100,50.3,53.1,250.0,15.8,98.0,20.6
2025-12-20 11:00:00,2025,12,20,11,Vĩnh Long,Xã An Ngãi Trung,10.0916931,106.5448581,93,Moderate,1,29.6,71,0.1,6.5,330,1009.4,100,51.3,53.9,245.0,11.7,124.0,20.3
2025-12-20 12:00:00,2025,12,20,12,Vĩnh Long,Xã An Ngãi Trung,10.0916931,106.5448581,96,Moderate,1,30.5,67,0.1,3.8,343,1008.5,100,51.8,54.1,242.0,7.8,151.0,18.0
2025-12-20 13:00:00,2025,12,20,13,Vĩnh Long,Xã An Ngãi Trung,10.0916931,106.5448581,100,Moderate,1,30.9,66,0.1,4.1,345,1007.3,100,49.9,52.0,241.0,5.1,168.0,15.7
2025-12-20 14:00:00,2025,12,20,14,Vĩnh Long,Xã An Ngãi Trung,10.0916931,106.5448581,103,Unhealthy for Sensitive Groups,2,30.6,65,0.0,5.0,46,1006.5,100,45.4,47.4,241.0,4.1,172.0,14.0
2025-12-20 15:00:00,2025,12,20,15,Vĩnh Long,Xã An Ngãi Trung,10.0916931,106.5448581,106,Unhealthy for Sensitive Groups,2,26.4,82,1.8,11.1,134,1006.6,100,45.2,47.1,244.0,4.4,167.0,12.4
2025-12-20 16:00:00,2025,12,20,16,Vĩnh Long,Xã An Ngãi Trung,10.0916931,106.5448581,109,Unhealthy for Sensitive Groups,2,27.0,81,0.2,6.9,39,1006.4,100,43.1,45.1,258.0,5.6,156.0,11.1
2025-12-20 17:00:00,2025,12,20,17,Vĩnh Long,Xã An Ngãi Trung,10.0916931,106.5448581,112,Unhealthy for Sensitive Groups,2,27.3,81,0.0,4.0,129,1006.8,100,42.5,44.2,300.0,8.6,137.0,10.6
2025-12-20 18:00:00,2025,12,20,18,Vĩnh Long,Xã An Ngãi Trung,10.0916931,106.5448581,116,Unhealthy for Sensitive Groups,2,26.1,89,0.0,4.5,127,1007.7,100,44.0,45.6,354.0,12.5,111.0,10.4
2025-12-20 19:00:00,2025,12,20,19,Vĩnh Long,Xã An Ngãi Trung,10.0916931,106.5448581,119,Unhealthy for Sensitive Groups,2,25.0,88,0.0,6.0,134,1008.1,100,38.4,40.9,378.0,11.7,108.0,8.5
2025-12-20 20:00:00,2025,12,20,20,Vĩnh Long,Xã An Ngãi Trung,10.0916931,106.5448581,120,Unhealthy for Sensitive Groups,2,25.2,90,0.0,3.7,137,1009.0,100,28.8,31.5,346.0,10.4,101.0,7.4
2025-12-20 21:00:00,2025,12,20,21,Vĩnh Long,Xã An Ngãi Trung,10.0916931,106.5448581,121,Unhealthy for Sensitive Groups,2,25.4,92,0.0,5.5,144,1009.1,99,22.1,24.9,285.0,8.6,91.0,5.8
2025-12-20 22:00:00,2025,12,20,22,Vĩnh Long,Xã An Ngãi Trung,10.0916931,106.5448581,122,Unhealthy for Sensitive Groups,2,25.1,93,0.0,2.7,127,1008.9,97,17.6,20.5,236.0,7.4,82.0,4.5
2025-12-20 23:00:00,2025,12,20,23,Vĩnh Long,Xã An Ngãi Trung,10.0916931,106.5448581,122,Unhealthy for Sensitive Groups,2,24.9,94,0.0,4.3,114,1009.0,98,15.4,18.2,212.0,7.3,75.0,3.8
2025-12-21 00:00:00,2025,12,21,0,Vĩnh Long,Xã An Ngãi Trung,10.0916931,106.5448581,121,Unhealthy for Sensitive Groups,2,24.9,95,0.0,4.9,100,1009.3,100,14.2,16.9,200.0,7.9,69.0,3.5
2025-12-21 01:00:00,2025,12,21,1,Vĩnh Long,Xã An Ngãi Trung,10.0916931,106.5448581,120,Unhealthy for Sensitive Groups,2,24.7,95,0.0,2.2,85,1008.9,100,14.9,17.5,196.0,9.0,63.0,3.3
2025-12-21 02:00:00,2025,12,21,2,Vĩnh Long,Xã An Ngãi Trung,10.0916931,106.5448581,118,Unhealthy for Sensitive Groups,2,24.3,96,0.0,2.6,309,1008.2,100,15.8,18.5,201.0,10.8,56.0,3.1
2025-12-21 03:00:00,2025,12,21,3,Vĩnh Long,Xã An Ngãi Trung,10.0916931,106.5448581,116,Unhealthy for Sensitive Groups,2,24.0,98,0.0,4.3,312,1007.7,8,18.6,21.3,215.0,13.2,49.0,3.1
2025-12-21 04:00:00,2025,12,21,4,Vĩnh Long,Xã An Ngãi Trung,10.0916931,106.5448581,114,Unhealthy for Sensitive Groups,2,23.8,99,0.0,4.1,319,1007.7,9,26.5,29.4,233.0,15.4,42.0,3.3
2025-12-21 05:00:00,2025,12,21,5,Vĩnh Long,Xã An Ngãi Trung,10.0916931,106.5448581,111,Unhealthy for Sensitive Groups,2,23.7,99,0.0,4.1,315,1007.9,96,38.9,41.3,256.0,17.6,33.0,3.5
2025-12-21 06:00:00,2025,12,21,6,Vĩnh Long,Xã An Ngãi Trung,10.0916931,106.5448581,108,Unhealthy for Sensitive Groups,2,23.7,100,0.0,5.8,304,1008.5,95,58.3,59.8,284.0,19.7,23.0,3.9
2025-12-21 07:00:00,2025,12,21,7,Vĩnh Long,Xã An Ngãi Trung,10.0916931,106.5448581,106,Unhealthy for Sensitive Groups,2,24.9,98,0.0,6.2,311,1009.5,100,66.1,68.2,304.0,26.3,28.0,6.7
2025-12-21 08:00:00,2025,12,21,8,Vĩnh Long,Xã An Ngãi Trung,10.0916931,106.5448581,105,Unhealthy for Sensitive Groups,2,26.5,89,0.0,6.2,322,1010.3,91,50.1,51.9,314.0,23.9,43.0,11.4
2025-12-21 09:00:00,2025,12,21,9,Vĩnh Long,Xã An Ngãi Trung,10.0916931,106.5448581,105,Unhealthy for Sensitive Groups,2,27.9,81,0.0,5.4,312,1010.6,99,37.0,38.8,317.0,20.5,65.0,17.8
2025-12-21 10:00:00,2025,12,21,10,Vĩnh Long,Xã An Ngãi Trung,10.0916931,106.5448581,104,Unhealthy for Sensitive Groups,2,29.2,75,0.0,5.2,297,1010.3,100,34.3,35.9,314.0,16.8,88.0,21.5
2025-12-21 11:00:00,2025,12,21,11,Vĩnh Long,Xã An Ngãi Trung,10.0916931,106.5448581,102,Unhealthy for Sensitive Groups,2,30.2,71,0.1,2.4,297,1009.7,98,32.2,33.5,305.0,12.6,113.0,19.9
2025-12-21 12:00:00,2025,12,21,12,Vĩnh Long,Xã An Ngãi Trung,10.0916931,106.5448581,100,Moderate,1,30.5,69,0.0,1.5,83,1008.9,98,30.7,32.0,290.0,8.2,138.0,15.7
2025-12-21 13:00:00,2025,12,21,13,Vĩnh Long,Xã An Ngãi Trung,10.0916931,106.5448581,98,Moderate,1,31.0,66,0.0,3.4,115,1008.3,91,28.3,29.6,271.0,4.9,155.0,11.9
2025-12-21 14:00:00,2025,12,21,14,Vĩnh Long,Xã An Ngãi Trung,10.0916931,106.5448581,96,Moderate,1,31.2,64,0.1,4.8,121,1007.2,79,25.7,26.9,240.0,3.3,159.0,9.8
2025-12-21 15:00:00,2025,12,21,15,Vĩnh Long,Xã An Ngãi Trung,10.0916931,106.5448581,94,Moderate,1,30.7,60,0.0,7.3,126,1006.7,70,23.2,24.4,204.0,3.0,154.0,8.2
2025-12-21 16:00:00,2025,12,21,16,Vĩnh Long,Xã An Ngãi Trung,10.0916931,106.5448581,92,Moderate,1,30.0,60,0.0,9.2,116,1006.8,67,20.6,21.8,190.0,3.5,143.0,7.0
2025-12-21 17:00:00,2025,12,21,17,Vĩnh Long,Xã An Ngãi Trung,10.0916931,106.5448581,90,Moderate,1,28.2,70,0.0,5.9,88,1007.4,99,19.2,21.1,214.0,5.1,123.0,6.1
2025-12-21 18:00:00,2025,12,21,18,Vĩnh Long,Xã An Ngãi Trung,10.0916931,106.5448581,95,Moderate,1,26.9,77,0.0,4.4,102,1008.0,100,20.7,22.7,259.0,7.7,98.0,5.5
2025-12-21 19:00:00,2025,12,21,19,Vĩnh Long,Xã An Ngãi Trung,10.0916931,106.5448581,97,Moderate,1,26.5,85,0.0,3.1,187,1008.7,94,36.6,38.6,300.0,17.1,87.0,10.0
2025-12-21 20:00:00,2025,12,21,20,Vĩnh Long,Xã An Ngãi Trung,10.0916931,106.5448581,91,Moderate,1,26.1,87,0.0,3.6,198,1009.5,98,25.0,27.4,331.0,14.5,81.0,8.4
2025-12-21 21:00:00,2025,12,21,21,Vĩnh Long,Xã An Ngãi Trung,10.0916931,106.5448581,86,Moderate,1,25.5,91,0.0,3.4,252,1009.6,99,19.0,21.8,358.0,11.1,73.0,6.2
2025-12-21 22:00:00,2025,12,21,22,Vĩnh Long,Xã An Ngãi Trung,10.0916931,106.5448581,86,Moderate,1,25.0,94,0.0,4.5,236,1009.3,100,17.1,19.8,375.0,9.1,65.0,4.6
2025-12-21 23:00:00,2025,12,21,23,Vĩnh Long,Xã An Ngãi Trung,10.0916931,106.5448581,85,Moderate,1,24.6,95,0.0,4.0,212,1009.5,100,17.9,20.5,379.0,9.9,58.0,4.3
2025-12-22 00:00:00,2025,12,22,0,Vĩnh Long,Xã An Ngãi Trung,10.0916931,106.5448581,86,Moderate,1,24.5,94,0.0,3.3,216,1009.4,100,20.6,23.3,373.0,12.1,51.0,4.6
2025-12-22 01:00:00,2025,12,22,1,Vĩnh Long,Xã An Ngãi Trung,10.0916931,106.5448581,86,Moderate,1,25.2,92,0.1,0.5,315,1009.1,43,23.9,26.7,356.0,14.4,45.0,5.0
2025-12-22 02:00:00,2025,12,22,2,Vĩnh Long,Xã An Ngãi Trung,10.0916931,106.5448581,87,Moderate,1,24.9,91,0.2,7.9,283,1008.9,48,25.2,28.1,319.0,16.6,41.0,5.4
2025-12-22 03:00:00,2025,12,22,3,Vĩnh Long,Xã An Ngãi Trung,10.0916931,106.5448581,88,Moderate,1,23.8,96,0.0,12.3,301,1008.6,89,27.4,30.5,271.0,18.8,38.0,6.0
2025-12-22 04:00:00,2025,12,22,4,Vĩnh Long,Xã An Ngãi Trung,10.0916931,106.5448581,89,Moderate,1,23.5,96,0.1,6.8,272,1008.6,95,27.7,30.3,242.0,19.9,37.0,6.7
2025-12-22 05:00:00,2025,12,22,5,Vĩnh Long,Xã An Ngãi Trung,10.0916931,106.5448581,89,Moderate,1,23.3,96,0.0,7.4,269,1008.8,98,28.8,31.5,250.0,19.5,38.0,7.3
2025-12-22 06:00:00,2025,12,22,6,Vĩnh Long,Xã An Ngãi Trung,10.0916931,106.5448581,88,Moderate,1,23.0,96,0.0,5.2,270,1009.1,98,28.1,30.5,277.0,17.9,41.0,8.1
2025-12-22 07:00:00,2025,12,22,7,Vĩnh Long,Xã An Ngãi Trung,10.0916931,106.5448581,85,Moderate,1,25.1,91,0.0,9.0,270,1009.6,100,36.2,39.9,294.0,15.5,48.0,9.4
2025-12-22 08:00:00,2025,12,22,8,Vĩnh Long,Xã An Ngãi Trung,10.0916931,106.5448581,83,Moderate,1,26.8,84,0.0,8.6,282,1010.5,99,34.2,38.0,289.0,12.6,69.0,10.8
2025-12-22 09:00:00,2025,12,22,9,Vĩnh Long,Xã An Ngãi Trung,10.0916931,106.5448581,81,Moderate,1,28.1,77,0.0,9.0,299,1010.7,99,33.2,36.4,275.0,8.5,97.0,12.7
2025-12-22 10:00:00,2025,12,22,10,Vĩnh Long,Xã An Ngãi Trung,10.0916931,106.5448581,81,Moderate,1,29.2,71,0.1,7.3,308,1010.5,93,32.9,34.9,259.0,5.3,121.0,13.8
2025-12-22 11:00:00,2025,12,22,11,Vĩnh Long,Xã An Ngãi Trung,10.0916931,106.5448581,81,Moderate,1,30.1,66,0.1,6.1,337,1009.8,96,34.9,36.8,242.0,3.9,135.0,13.4
2025-12-22 12:00:00,2025,12,22,12,Vĩnh Long,Xã An Ngãi Trung,10.0916931,106.5448581,81,Moderate,1,30.9,63,0.1,5.8,7,1008.5,100,34.8,36.4,224.0,3.3,145.0,12.2
2025-12-22 13:00:00,2025,12,22,13,Vĩnh Long,Xã An Ngãi Trung,10.0916931,106.5448581,81,Moderate,1,30.5,65,0.2,7.0,32,1007.8,100,33.5,35.0,214.0,3.1,151.0,11.1
2025-12-22 14:00:00,2025,12,22,14,Vĩnh Long,Xã An Ngãi Trung,10.0916931,106.5448581,82,Moderate,1,30.6,64,0.0,6.0,65,1006.8,100,32.6,34.1,215.0,2.8,156.0,10.2
2025-12-22 15:00:00,2025,12,22,15,Vĩnh Long,Xã An Ngãi Trung,10.0916931,106.5448581,82,Moderate,1,30.5,64,0.0,6.8,92,1006.2,95,32.4,33.9,224.0,2.9,158.0,9.4
2025-12-22 16:00:00,2025,12,22,16,Vĩnh Long,Xã An Ngãi Trung,10.0916931,106.5448581,86,Moderate,1,28.1,75,0.7,8.5,65,1006.6,91,30.3,31.9,239.0,3.9,152.0,8.7
2025-12-22 17:00:00,2025,12,22,17,Vĩnh Long,Xã An Ngãi Trung,10.0916931,106.5448581,104,Unhealthy for Sensitive Groups,2,27.7,78,0.1,7.1,96,1007.1,98,25.8,27.4,269.0,6.3,131.0,7.9
2025-12-22 18:00:00,2025,12,22,18,Vĩnh Long,Xã An Ngãi Trung,10.0916931,106.5448581,111,Unhealthy for Sensitive Groups,2,26.8,84,0.0,11.2,112,1007.7,87,26.4,28.6,304.0,9.5,100.0,7.3
2025-12-22 19:00:00,2025,12,22,19,Vĩnh Long,Xã An Ngãi Trung,10.0916931,106.5448581,106,Unhealthy for Sensitive Groups,2,26.5,86,0.0,6.7,134,1008.1,98,25.3,27.6,319.0,10.4,84.0,6.9
2025-12-22 20:00:00,2025,12,22,20,Vĩnh Long,Xã An Ngãi Trung,10.0916931,106.5448581,96,Moderate,1,26.0,90,0.1,1.7,221,1008.9,89,24.8,26.9,294.0,12.0,74.0,7.3
2025-12-22 21:00:00,2025,12,22,21,Vĩnh Long,Xã An Ngãi Trung,10.0916931,106.5448581,84,Moderate,1,25.4,94,0.0,4.6,249,1008.9,97,27.0,29.1,248.0,14.3,61.0,7.8
2025-12-22 22:00:00,2025,12,22,22,Vĩnh Long,Xã An Ngãi Trung,10.0916931,106.5448581,85,Moderate,1,24.8,97,0.0,2.3,247,1008.7,99,30.0,32.7,210.0,16.2,50.0,8.0
2025-12-22 23:00:00,2025,12,22,23,Vĩnh Long,Xã An Ngãi Trung,10.0916931,106.5448581,86,Moderate,1,24.8,96,0.0,0.7,256,1008.4,100,35.2,38.1,188.0,17.3,44.0,7.8
2025-12-23 00:00:00,2025,12,23,0,Vĩnh Long,Xã An Ngãi Trung,10.0916931,106.5448581,88,Moderate,1,24.8,96,0.0,0.9,270,1008.6,100,36.6,39.3,174.0,18.0,40.0,7.3
2025-12-23 01:00:00,2025,12,23,1,Vĩnh Long,Xã An Ngãi Trung,10.0916931,106.5448581,89,Moderate,1,25.5,94,0.0,1.0,59,1008.1,100,32.7,35.4,167.0,18.8,37.0,6.7
2025-12-23 02:00:00,2025,12,23,2,Vĩnh Long,Xã An Ngãi Trung,10.0916931,106.5448581,90,Moderate,1,25.5,92,0.0,1.2,51,1007.5,100,31.2,33.9,165.0,19.9,33.0,5.7
2025-12-23 03:00:00,2025,12,23,3,Vĩnh Long,Xã An Ngãi Trung,10.0916931,106.5448581,90,Moderate,1,25.2,91,0.0,0.9,360,1007.1,95,34.8,37.7,170.0,21.2,30.0,4.6
2025-12-23 04:00:00,2025,12,23,4,Vĩnh Long,Xã An Ngãi Trung,10.0916931,106.5448581,91,Moderate,1,25.0,93,0.0,1.3,34,1007.1,100,46.4,48.4,186.0,22.1,27.0,4.4
2025-12-23 05:00:00,2025,12,23,5,Vĩnh Long,Xã An Ngãi Trung,10.0916931,106.5448581,93,Moderate,1,24.6,95,0.0,2.7,337,1007.5,99,49.2,51.1,225.0,23.1,23.0,5.6
2025-12-23 06:00:00,2025,12,23,6,Vĩnh Long,Xã An Ngãi Trung,10.0916931,106.5448581,94,Moderate,1,24.6,97,0.0,4.4,308,1008.1,100,53.4,55.5,275.0,23.7,19.0,7.6
2025-12-23 07:00:00,2025,12,23,7,Vĩnh Long,Xã An Ngãi Trung,10.0916931,106.5448581,97,Moderate,1,25.2,97,0.0,6.4,331,1008.9,100,50.8,53.1,310.0,20.2,27.0,7.5
2025-12-23 08:00:00,2025,12,23,8,Vĩnh Long,Xã An Ngãi Trung,10.0916931,106.5448581,98,Moderate,1,26.2,93,0.0,6.6,338,1009.9,100,27.8,31.2,318.0,17.4,41.0,8.9
2025-12-23 09:00:00,2025,12,23,9,Vĩnh Long,Xã An Ngãi Trung,10.0916931,106.5448581,97,Moderate,1,27.2,88,0.0,8.3,330,1010.4,96,24.1,27.9,310.0,13.5,60.0,10.9
2025-12-23 10:00:00,2025,12,23,10,Vĩnh Long,Xã An Ngãi Trung,10.0916931,106.5448581,97,Moderate,1,28.6,80,0.0,7.4,311,1010.3,99,26.0,30.7,298.0,10.0,83.0,12.6
2025-12-23 11:00:00,2025,12,23,11,Vĩnh Long,Xã An Ngãi Trung,10.0916931,106.5448581,96,Moderate,1,29.7,74,0.0,5.6,301,1009.8,96,28.3,30.6,281.0,7.4,113.0,14.1
2025-12-23 12:00:00,2025,12,23,12,Vĩnh Long,Xã An Ngãi Trung,10.0916931,106.5448581,95,Moderate,1,30.6,68,0.0,3.6,319,1008.9,93,33.1,34.8,260.0,5.2,145.0,15.3
2025-12-23 13:00:00,2025,12,23,13,Vĩnh Long,Xã An Ngãi Trung,10.0916931,106.5448581,95,Moderate,1,30.8,63,0.0,4.0,30,1007.8,97,36.1,37.8,244.0,3.9,165.0,15.4
2025-12-23 14:00:00,2025,12,23,14,Vĩnh Long,Xã An Ngãi Trung,10.0916931,106.5448581,95,Moderate,1,27.6,77,3.1,10.5,95,1007.5,86,36.2,38.0,234.0,3.4,164.0,13.5
2025-12-23 15:00:00,2025,12,23,15,Vĩnh Long,Xã An Ngãi Trung,10.0916931,106.5448581,96,Moderate,1,27.6,77,0.6,2.0,270,1007.0,23,35.3,37.0,230.0,3.7,150.0,10.4
2025-12-23 16:00:00,2025,12,23,16,Vĩnh Long,Xã An Ngãi Trung,10.0916931,106.5448581,96,Moderate,1,28.2,78,0.1,1.1,108,1007.1,39,27.6,29.3,236.0,5.2,133.0,8.3
2025-12-23 17:00:00,2025,12,23,17,Vĩnh Long,Xã An Ngãi Trung,10.0916931,106.5448581,96,Moderate,1,27.2,80,1.1,1.5,150,1007.6,57,22.7,25.4,263.0,8.8,113.0,7.9
2025-12-23 18:00:00,2025,12,23,18,Vĩnh Long,Xã An Ngãi Trung,10.0916931,106.5448581,95,Moderate,1,26.0,88,0.0,3.8,115,1008.1,65,23.3,25.5,301.0,13.6,89.0,8.3
2025-12-23 19:00:00,2025,12,23,19,Vĩnh Long,Xã An Ngãi Trung,10.0916931,106.5448581,95,Moderate,1,25.8,93,0.0,3.2,142,1008.7,97,15.4,16.9,326.0,9.1,81.0,5.8
2025-12-23 20:00:00,2025,12,23,20,Vĩnh Long,Xã An Ngãi Trung,10.0916931,106.5448581,94,Moderate,1,26.0,91,0.0,3.7,119,1009.4,92,14.1,15.9,327.0,9.5,78.0,6.1
2025-12-23 21:00:00,2025,12,23,21,Vĩnh Long,Xã An Ngãi Trung,10.0916931,106.5448581,93,Moderate,1,26.1,89,0.0,0.5,315,1009.2,100,14.9,16.9,316.0,10.2,73.0,6.5
2025-12-23 22:00:00,2025,12,23,22,Vĩnh Long,Xã An Ngãi Trung,10.0916931,106.5448581,92,Moderate,1,25.9,90,0.0,0.6,288,1008.8,100,17.2,19.4,302.0,10.9,68.0,6.8
2025-12-23 23:00:00,2025,12,23,23,Vĩnh Long,Xã An Ngãi Trung,10.0916931,106.5448581,91,Moderate,1,25.7,90,0.0,0.4,270,1008.5,100,20.5,22.9,286.0,11.7,64.0,6.7
2025-12-24 00:00:00,2025,12,24,0,Vĩnh Long,Xã An Ngãi Trung,10.0916931,106.5448581,90,Moderate,1,25.5,91,0.0,0.9,259,1008.4,100,21.8,24.3,266.0,12.7,60.0,6.4
2025-12-24 01:00:00,2025,12,24,1,Vĩnh Long,Xã An Ngãi Trung,10.0916931,106.5448581,89,Moderate,1,25.0,96,0.0,1.5,240,1007.7,72,20.9,23.4,252.0,13.4,57.0,6.2
2025-12-24 02:00:00,2025,12,24,2,Vĩnh Long,Xã An Ngãi Trung,10.0916931,106.5448581,88,Moderate,1,24.5,100,0.0,1.5,256,1007.0,100,18.7,21.1,239.0,13.5,55.0,5.9
2025-12-24 03:00:00,2025,12,24,3,Vĩnh Long,Xã An Ngãi Trung,10.0916931,106.5448581,86,Moderate,1,24.3,99,0.0,1.2,321,1006.7,100,18.3,20.7,232.0,13.4,52.0,5.7
2025-12-24 04:00:00,2025,12,24,4,Vĩnh Long,Xã An Ngãi Trung,10.0916931,106.5448581,85,Moderate,1,24.1,99,0.0,3.3,338,1006.8,100,19.8,22.2,248.0,14.1,50.0,6.4
2025-12-24 05:00:00,2025,12,24,5,Vĩnh Long,Xã An Ngãi Trung,10.0916931,106.5448581,83,Moderate,1,24.1,99,0.0,4.0,355,1007.3,100,22.9,25.2,313.0,17.2,44.0,9.0
2025-12-24 06:00:00,2025,12,24,6,Vĩnh Long,Xã An Ngãi Trung,10.0916931,106.5448581,80,Moderate,1,24.1,98,0.0,4.7,356,1007.6,100,26.0,28.4,401.0,21.1,38.0,12.6
2025-12-24 07:00:00,2025,12,24,7,Vĩnh Long,Xã An Ngãi Trung,10.0916931,106.5448581,78,Moderate,1,24.8,97,0.0,4.9,4,1008.6,86,26.2,28.1,455.0,25.1,43.0,15.8
2025-12-24 08:00:00,2025,12,24,8,Vĩnh Long,Xã An Ngãi Trung,10.0916931,106.5448581,76,Moderate,1,26.2,91,0.0,4.0,5,1009.8,85,22.1,23.8,442.0,20.6,58.0,14.5
2025-12-24 09:00:00,2025,12,24,9,Vĩnh Long,Xã An Ngãi Trung,10.0916931,106.5448581,75,Moderate,1,27.7,82,0.0,3.2,357,1009.8,88,17.0,18.8,394.0,14.3,79.0,12.5
2025-12-24 10:00:00,2025,12,24,10,Vĩnh Long,Xã An Ngãi Trung,10.0916931,106.5448581,75,Moderate,1,29.0,77,0.0,2.2,90,1009.5,84,14.1,16.0,348.0,9.0,95.0,10.4
2025-12-24 11:00:00,2025,12,24,11,Vĩnh Long,Xã An Ngãi Trung,10.0916931,106.5448581,73,Moderate,1,29.9,73,0.1,5.6,121,1009.1,87,12.1,14.0,315.0,5.6,104.0,7.9
2025-12-24 12:00:00,2025,12,24,12,Vĩnh Long,Xã An Ngãi Trung,10.0916931,106.5448581,72,Moderate,1,30.6,67,0.1,8.9,109,1008.3,87,10.3,12.0,284.0,3.3,108.0,5.2
2025-12-24 13:00:00,2025,12,24,13,Vĩnh Long,Xã An Ngãi Trung,10.0916931,106.5448581,70,Moderate,1,30.3,62,0.8,12.5,96,1007.3,99,9.0,10.5,257.0,1.9,108.0,3.3
2025-12-24 14:00:00,2025,12,24,14,Vĩnh Long,Xã An Ngãi Trung,10.0916931,106.5448581,68,Moderate,1,29.7,64,0.0,10.8,101,1006.6,74,8.3,9.9,233.0,1.6,102.0,2.4
2025-12-24 15:00:00,2025,12,24,15,Vĩnh Long,Xã An Ngãi Trung,10.0916931,106.5448581,65,Moderate,1,29.7,65,0.0,8.6,116,1006.1,80,8.8,11.0,213.0,2.3,92.0,2.3
2025-12-24 16:00:00,2025,12,24,16,Vĩnh Long,Xã An Ngãi Trung,10.0916931,106.5448581,63,Moderate,1,28.5,70,0.0,13.3,103,1006.7,84,9.4,11.7,199.0,4.0,82.0,2.7
2025-12-24 17:00:00,2025,12,24,17,Vĩnh Long,Xã An Ngãi Trung,10.0916931,106.5448581,61,Moderate,1,27.6,75,0.0,13.0,100,1007.4,99,11.5,13.9,193.0,7.4,75.0,3.8
2025-12-24 18:00:00,2025,12,24,18,Vĩnh Long,Xã An Ngãi Trung,10.0916931,106.5448581,60,Moderate,1,26.5,80,0.0,10.7,60,1008.2,98,16.9,19.4,193.0,11.8,68.0,5.5
2025-12-24 19:00:00,2025,12,24,19,Vĩnh Long,Xã An Ngãi Trung,10.0916931,106.5448581,60,Moderate,1,26.6,83,0.1,5.2,44,1008.2,13,25.8,29.1,196.0,17.3,62.0,7.3
2025-12-24 20:00:00,2025,12,24,20,Vĩnh Long,Xã An Ngãi Trung,10.0916931,106.5448581,61,Moderate,1,26.2,88,0.0,3.9,28,1008.8,45,27.4,30.9,201.0,17.1,60.0,7.4
2025-12-24 21:00:00,2025,12,24,21,Vĩnh Long,Xã An Ngãi Trung,10.0916931,106.5448581,62,Moderate,1,26.2,88,0.0,2.0,63,1008.8,23,28.6,32.0,209.0,16.9,56.0,7.6
2025-12-24 22:00:00,2025,12,24,22,Vĩnh Long,Xã An Ngãi Trung,10.0916931,106.5448581,63,Moderate,1,25.9,90,0.0,4.9,92,1008.8,98,27.2,30.4,213.0,16.9,54.0,7.7
2025-12-24 23:00:00,2025,12,24,23,Vĩnh Long,Xã An Ngãi Trung,10.0916931,106.5448581,64,Moderate,1,26.0,90,0.0,5.2,94,1008.5,100,26.4,29.5,210.0,17.1,54.0,7.5
2025-12-25 00:00:00,2025,12,25,0,Vĩnh Long,Xã An Ngãi Trung,10.0916931,106.5448581,64,Moderate,1,25.8,91,0.0,5.2,90,1008.6,100,26.4,29.7,204.0,17.5,56.0,7.1
2025-12-25 01:00:00,2025,12,25,1,Vĩnh Long,Xã An Ngãi Trung,10.0916931,106.5448581,65,Moderate,1,25.8,91,0.0,5.8,81,1008.1,100,27.4,30.7,202.0,18.1,56.0,6.9
2025-12-25 02:00:00,2025,12,25,2,Vĩnh Long,Xã An Ngãi Trung,10.0916931,106.5448581,65,Moderate,1,25.5,94,0.0,4.3,45,1007.5,66,31.0,34.5,203.0,19.3,52.0,7.0
2025-12-25 03:00:00,2025,12,25,3,Vĩnh Long,Xã An Ngãi Trung,10.0916931,106.5448581,66,Moderate,1,25.1,96,0.0,3.4,6,1007.1,35,34.3,37.8,207.0,20.7,47.0,7.3
2025-12-25 04:00:00,2025,12,25,4,Vĩnh Long,Xã An Ngãi Trung,10.0916931,106.5448581,68,Moderate,1,24.9,97,0.0,4.3,24,1007.4,29,33.2,36.3,224.0,21.7,43.0,7.8
2025-12-25 05:00:00,2025,12,25,5,Vĩnh Long,Xã An Ngãi Trung,10.0916931,106.5448581,69,Moderate,1,24.6,98,0.0,4.5,47,1007.9,77,30.0,32.8,264.0,22.3,39.0,8.7
2025-12-25 06:00:00,2025,12,25,6,Vĩnh Long,Xã An Ngãi Trung,10.0916931,106.5448581,70,Moderate,1,24.6,98,0.0,5.2,34,1008.4,90,29.1,31.8,317.0,22.4,36.0,9.8
2025-12-25 07:00:00,2025,12,25,7,Vĩnh Long,Xã An Ngãi Trung,10.0916931,106.5448581,70,Moderate,1,25.5,96,0.0,6.7,34,1009.0,100,27.0,29.7,361.0,16.1,40.0,6.7
2025-12-25 08:00:00,2025,12,25,8,Vĩnh Long,Xã An Ngãi Trung,10.0916931,106.5448581,70,Moderate,1,27.1,87,0.0,8.5,54,1010.0,98,22.2,25.5,395.0,14.2,52.0,7.2
2025-12-25 09:00:00,2025,12,25,9,Vĩnh Long,Xã An Ngãi Trung,10.0916931,106.5448581,70,Moderate,1,28.5,79,0.1,8.0,62,1010.0,13,19.0,21.8,421.0,11.4,68.0,7.7
2025-12-25 10:00:00,2025,12,25,10,Vĩnh Long,Xã An Ngãi Trung,10.0916931,106.5448581,70,Moderate,1,29.9,73,0.1,8.8,62,1010.1,24,17.4,19.6,416.0,8.9,81.0,7.8
2025-12-25 11:00:00,2025,12,25,11,Vĩnh Long,Xã An Ngãi Trung,10.0916931,106.5448581,70,Moderate,1,30.4,65,0.3,15.9,80,1009.4,82,17.3,19.8,357.0,6.9,88.0,6.9
2025-12-25 12:00:00,2025,12,25,12,Vĩnh Long,Xã An Ngãi Trung,10.0916931,106.5448581,71,Moderate,1,28.6,75,1.7,15.2,74,1008.7,95,15.0,17.3,269.0,5.1,93.0,5.5
2025-12-25 13:00:00,2025,12,25,13,Vĩnh Long,Xã An Ngãi Trung,10.0916931,106.5448581,71,Moderate,1,29.4,67,0.0,21.6,87,1007.8,98,12.0,13.9,199.0,3.8,95.0,4.2
2025-12-25 14:00:00,2025,12,25,14,Vĩnh Long,Xã An Ngãi Trung,10.0916931,106.5448581,72,Moderate,1,29.5,67,0.0,24.2,79,1007.1,95,11.0,13.0,170.0,2.9,95.0,3.3
2025-12-25 15:00:00,2025,12,25,15,Vĩnh Long,Xã An Ngãi Trung,10.0916931,106.5448581,72,Moderate,1,28.6,72,0.3,24.6,85,1007.2,92,10.2,12.6,160.0,2.5,93.0,2.5
2025-12-25 16:00:00,2025,12,25,16,Vĩnh Long,Xã An Ngãi Trung,10.0916931,106.5448581,72,Moderate,1,28.1,74,0.0,22.8,84,1007.4,98,9.7,12.5,156.0,2.8,89.0,2.1
2025-12-25 17:00:00,2025,12,25,17,Vĩnh Long,Xã An Ngãi Trung,10.0916931,106.5448581,72,Moderate,1,27.2,79,0.0,22.0,90,1008.3,97,9.1,11.6,153.0,4.1,83.0,2.2
2025-12-25 18:00:00,2025,12,25,18,Vĩnh Long,Xã An Ngãi Trung,10.0916931,106.5448581,72,Moderate,1,26.8,80,0.0,18.9,75,1009.1,100,9.4,11.6,154.0,6.1,75.0,2.7
2025-12-25 19:00:00,2025,12,25,19,Vĩnh Long,Xã An Ngãi Trung,10.0916931,106.5448581,71,Moderate,1,27.2,80,0.0,19.1,72,1009.0,97,13.3,15.8,159.0,10.9,65.0,4.9
2025-12-25 20:00:00,2025,12,25,20,Vĩnh Long,Xã An Ngãi Trung,10.0916931,106.5448581,70,Moderate,1,27.1,80,0.0,18.2,72,1009.7,96,15.6,17.7,167.0,13.4,60.0,6.5
2025-12-25 21:00:00,2025,12,25,21,Vĩnh Long,Xã An Ngãi Trung,10.0916931,106.5448581,69,Moderate,1,26.6,82,0.0,14.9,63,1010.1,98,17.8,19.8,179.0,16.9,52.0,8.6
2025-12-25 22:00:00,2025,12,25,22,Vĩnh Long,Xã An Ngãi Trung,10.0916931,106.5448581,68,Moderate,1,26.1,85,0.0,9.7,65,1010.2,100,20.1,22.3,190.0,19.4,47.0,10.2
2025-12-25 23:00:00,2025,12,25,23,Vĩnh Long,Xã An Ngãi Trung,10.0916931,106.5448581,67,Moderate,1,26.1,86,0.1,10.3,68,1010.1,100,21.8,24.0,193.0,19.7,46.0,10.3
2025-12-26 00:00:00,2025,12,26,0,Vĩnh Long,Xã An Ngãi Trung,10.0916931,106.5448581,67,Moderate,1,26.0,87,0.0,9.6,60,1009.8,100,20.4,22.8,195.0,19.0,47.0,9.9
2025-12-26 01:00:00,2025,12,26,1,Vĩnh Long,Xã An Ngãi Trung,10.0916931,106.5448581,66,Moderate,1,26.4,82,0.0,14.2,75,1009.4,97,20.2,22.6,216.0,19.2,46.0,10.0
2025-12-26 02:00:00,2025,12,26,2,Vĩnh Long,Xã An Ngãi Trung,10.0916931,106.5448581,66,Moderate,1,25.9,84,0.0,11.1,67,1008.8,88,21.8,24.3,272.0,21.4,42.0,11.2
2025-12-26 03:00:00,2025,12,26,3,Vĩnh Long,Xã An Ngãi Trung,10.0916931,106.5448581,65,Moderate,1,25.4,88,0.0,8.3,48,1008.8,100,24.0,26.5,347.0,24.5,36.0,13.0
2025-12-26 04:00:00,2025,12,26,4,Vĩnh Long,Xã An Ngãi Trung,10.0916931,106.5448581,64,Moderate,1,24.8,92,0.0,5.2,27,1008.7,97,28.3,30.9,410.0,27.1,32.0,15.0
2025-12-26 05:00:00,2025,12,26,5,Vĩnh Long,Xã An Ngãi Trung,10.0916931,106.5448581,64,Moderate,1,24.2,96,0.0,4.3,345,1009.2,66,31.9,34.2,456.0,29.1,28.0,17.3
2025-12-26 06:00:00,2025,12,26,6,Vĩnh Long,Xã An Ngãi Trung,10.0916931,106.5448581,64,Moderate,1,24.0,98,0.0,4.9,332,1009.5,100,35.9,38.1,489.0,30.6,26.0,19.8
2025-12-26 07:00:00,2025,12,26,7,Vĩnh Long,Xã An Ngãi Trung,10.0916931,106.5448581,64,Moderate,1,24.6,96,0.0,4.5,353,1010.6,71,32.2,34.5,493.0,32.1,25.0,19.6
2025-12-26 08:00:00,2025,12,26,8,Vĩnh Long,Xã An Ngãi Trung,10.0916931,106.5448581,65,Moderate,1,26.2,87,0.0,6.1,358,1011.5,91,30.9,32.9,449.0,28.4,37.0,19.2
2025-12-26 09:00:00,2025,12,26,9,Vĩnh Long,Xã An Ngãi Trung,10.0916931,106.5448581,66,Moderate,1,27.7,77,0.1,6.0,46,1011.7,49,25.8,27.9,376.0,23.1,54.0,18.6
2025-12-26 10:00:00,2025,12,26,10,Vĩnh Long,Xã An Ngãi Trung,10.0916931,106.5448581,66,Moderate,1,28.5,72,0.2,11.9,75,1011.8,98,20.9,23.5,314.0,17.9,72.0,17.2
2025-12-26 11:00:00,2025,12,26,11,Vĩnh Long,Xã An Ngãi Trung,10.0916931,106.5448581,67,Moderate,1,29.3,69,0.0,11.6,74,1011.0,72,19.6,22.5,275.0,12.8,93.0,14.2
2025-12-26 12:00:00,2025,12,26,12,Vĩnh Long,Xã An Ngãi Trung,10.0916931,106.5448581,67,Moderate,1,30.0,65,0.0,10.7,85,1009.9,99,18.7,21.4,246.0,7.7,116.0,10.4
2025-12-26 13:00:00,2025,12,26,13,Vĩnh Long,Xã An Ngãi Trung,10.0916931,106.5448581,67,Moderate,1,30.2,64,0.1,11.2,87,1008.9,80,18.2,20.6,230.0,4.2,133.0,7.5
2025-12-26 14:00:00,2025,12,26,14,Vĩnh Long,Xã An Ngãi Trung,10.0916931,106.5448581,68,Moderate,1,29.5,65,0.7,12.5,96,1008.2,97,18.2,20.1,229.0,2.9,140.0,5.9
2025-12-26 15:00:00,2025,12,26,15,Vĩnh Long,Xã An Ngãi Trung,10.0916931,106.5448581,68,Moderate,1,28.9,69,0.1,11.5,93,1007.8,98,17.8,19.4,242.0,3.2,141.0,5.2
2025-12-26 16:00:00,2025,12,26,16,Vĩnh Long,Xã An Ngãi Trung,10.0916931,106.5448581,69,Moderate,1,28.5,70,0.0,12.3,52,1008.1,100,18.7,20.1,266.0,4.7,138.0,5.3
2025-12-26 17:00:00,2025,12,26,17,Vĩnh Long,Xã An Ngãi Trung,10.0916931,106.5448581,70,Moderate,1,27.5,74,0.0,9.1,52,1008.9,100,20.5,21.8,310.0,8.5,128.0,6.9
2025-12-26 18:00:00,2025,12,26,18,Vĩnh Long,Xã An Ngãi Trung,10.0916931,106.5448581,71,Moderate,1,26.4,81,0.0,3.6,53,1009.6,100,25.0,26.2,366.0,13.5,114.0,9.3
2025-12-26 19:00:00,2025,12,26,19,Vĩnh Long,Xã An Ngãi Trung,10.0916931,106.5448581,80,Moderate,1,26.2,85,0.0,4.7,86,1010.0,100,32.9,34.3,403.0,16.9,108.0,12.4
2025-12-26 20:00:00,2025,12,26,20,Vĩnh Long,Xã An Ngãi Trung,10.0916931,106.5448581,83,Moderate,1,26.5,83,0.0,10.1,96,1010.6,100,31.1,33.2,404.0,14.1,107.0,10.2
2025-12-26 21:00:00,2025,12,26,21,Vĩnh Long,Xã An Ngãi Trung,10.0916931,106.5448581,81,Moderate,1,26.2,83,0.0,12.3,94,1010.5,100,23.9,26.1,387.0,10.1,106.0,7.2
2025-12-26 22:00:00,2025,12,26,22,Vĩnh Long,Xã An Ngãi Trung,10.0916931,106.5448581,76,Moderate,1,26.1,81,0.0,14.9,89,1010.3,100,18.5,21.2,371.0,6.9,105.0,4.7
2025-12-26 23:00:00,2025,12,26,23,Vĩnh Long,Xã An Ngãi Trung,10.0916931,106.5448581,76,Moderate,1,25.8,81,0.0,13.6,85,1010.1,100,15.4,17.9,363.0,5.2,103.0,3.4
2025-12-27 00:00:00,2025,12,27,0,Vĩnh Long,Xã An Ngãi Trung,10.0916931,106.5448581,75,Moderate,1,25.5,82,0.0,13.0,85,1009.8,100,13.4,15.7,357.0,4.2,102.0,2.6
2025-12-27 01:00:00,2025,12,27,1,Vĩnh Long,Xã An Ngãi Trung,10.0916931,106.5448581,74,Moderate,1,25.4,83,0.0,11.9,79,1009.1,100,12.4,14.8,354.0,3.7,100.0,2.2
2025-12-27 02:00:00,2025,12,27,2,Vĩnh Long,Xã An Ngãi Trung,10.0916931,106.5448581,74,Moderate,1,25.4,83,0.0,12.2,77,1008.6,100,12.1,14.5,353.0,3.7,98.0,2.1
2025-12-27 03:00:00,2025,12,27,3,Vĩnh Long,Xã An Ngãi Trung,10.0916931,106.5448581,73,Moderate,1,25.2,82,0.0,12.4,71,1008.4,100,12.5,14.8,355.0,4.1,97.0,2.4
2025-12-27 04:00:00,2025,12,27,4,Vĩnh Long,Xã An Ngãi Trung,10.0916931,106.5448581,72,Moderate,1,25.1,81,0.0,12.2,61,1008.6,100,12.3,14.6,363.0,4.8,95.0,2.9
2025-12-27 05:00:00,2025,12,27,5,Vĩnh Long,Xã An Ngãi Trung,10.0916931,106.5448581,70,Moderate,1,25.0,81,0.0,11.1,51,1009.2,91,12.9,15.2,385.0,6.0,91.0,3.7
2025-12-27 06:00:00,2025,12,27,6,Vĩnh Long,Xã An Ngãi Trung,10.0916931,106.5448581,69,Moderate,1,24.5,83,0.0,7.5,33,1009.6,96,13.8,16.1,414.0,7.5,87.0,4.7
2025-12-27 07:00:00,2025,12,27,7,Vĩnh Long,Xã An Ngãi Trung,10.0916931,106.5448581,67,Moderate,1,25.5,81,0.0,9.4,64,1010.6,44,25.8,28.8,427.0,13.6,76.0,8.4
2025-12-27 08:00:00,2025,12,27,8,Vĩnh Long,Xã An Ngãi Trung,10.0916931,106.5448581,66,Moderate,1,27.1,72,0.0,13.3,77,1011.9,94,21.8,25.1,411.0,10.7,85.0,6.8
2025-12-27 09:00:00,2025,12,27,9,Vĩnh Long,Xã An Ngãi Trung,10.0916931,106.5448581,65,Moderate,1,28.1,68,0.0,14.0,81,1012.4,95,17.5,21.0,381.0,6.7,97.0,4.6
2025-12-27 10:00:00,2025,12,27,10,Vĩnh Long,Xã An Ngãi Trung,10.0916931,106.5448581,65,Moderate,1,28.9,66,0.0,13.0,91,1012.4,98,16.1,19.9,357.0,3.5,107.0,2.8
2025-12-27 11:00:00,2025,12,27,11,Vĩnh Long,Xã An Ngãi Trung,10.0916931,106.5448581,64,Moderate,1,29.1,64,0.0,12.7,96,1012.5,100,15.5,19.3,350.0,2.1,114.0,1.9
2025-12-27 12:00:00,2025,12,27,12,Vĩnh Long,Xã An Ngãi Trung,10.0916931,106.5448581,64,Moderate,1,29.5,62,0.0,15.0,103,1011.8,100,14.6,18.4,349.0,1.5,119.0,1.5
2025-12-27 13:00:00,2025,12,27,13,Vĩnh Long,Xã An Ngãi Trung,10.0916931,106.5448581,64,Moderate,1,29.3,61,0.0,15.5,103,1011.1,100,13.7,17.5,348.0,1.3,121.0,1.2
2025-12-27 14:00:00,2025,12,27,14,Vĩnh Long,Xã An Ngãi Trung,10.0916931,106.5448581,63,Moderate,1,29.0,60,0.0,13.0,104,1010.3,100,13.5,17.3,344.0,1.2,120.0,1.0
2025-12-27 15:00:00,2025,12,27,15,Vĩnh Long,Xã An Ngãi Trung,10.0916931,106.5448581,63,Moderate,1,28.4,63,0.0,13.4,96,1009.7,100,13.2,16.8,339.0,1.5,117.0,1.1
2025-12-27 16:00:00,2025,12,27,16,Vĩnh Long,Xã An Ngãi Trung,10.0916931,106.5448581,62,Moderate,1,27.5,68,0.0,18.3,96,1009.8,100,13.0,16.5,335.0,2.5,112.0,1.4
2025-12-27 17:00:00,2025,12,27,17,Vĩnh Long,Xã An Ngãi Trung,10.0916931,106.5448581,62,Moderate,1,26.9,69,0.0,16.1,85,1010.7,91,12.8,15.9,332.0,4.8,105.0,2.2
2025-12-27 18:00:00,2025,12,27,18,Vĩnh Long,Xã An Ngãi Trung,10.0916931,106.5448581,61,Moderate,1,26.5,69,0.0,9.3,66,1011.6,73,14.0,17.1,329.0,7.8,97.0,3.3
2025-12-27 19:00:00,2025,12,27,19,Vĩnh Long,Xã An Ngãi Trung,10.0916931,106.5448581,60,Moderate,1,26.0,78,0.0,8.6,60,1011.5,99,16.7,20.1,324.0,7.4,95.0,2.8
2025-12-27 20:00:00,2025,12,27,20,Vĩnh Long,Xã An Ngãi Trung,10.0916931,106.5448581,59,Moderate,1,26.3,77,0.0,12.0,78,1012.5,100,14.3,17.5,314.0,6.8,94.0,2.8
2025-12-27 21:00:00,2025,12,27,21,Vĩnh Long,Xã An Ngãi Trung,10.0916931,106.5448581,57,Moderate,1,25.9,80,0.0,10.7,81,1012.6,100,12.9,15.9,301.0,5.9,93.0,2.8
2025-12-27 22:00:00,2025,12,27,22,Vĩnh Long,Xã An Ngãi Trung,10.0916931,106.5448581,56,Moderate,1,25.6,82,0.0,10.1,80,1012.4,100,12.7,15.5,290.0,5.3,91.0,2.8
2025-12-27 23:00:00,2025,12,27,23,Vĩnh Long,Xã An Ngãi Trung,10.0916931,106.5448581,56,Moderate,1,25.4,83,0.0,9.8,82,1012.2,100,12.8,15.5,282.0,5.2,88.0,2.6
2025-12-28 00:00:00,2025,12,28,0,Vĩnh Long,Xã An Ngãi Trung,10.0916931,106.5448581,56,Moderate,1,25.2,83,0.0,9.6,81,1011.7,100,12.8,15.4,277.0,5.4,85.0,2.4
2025-12-28 01:00:00,2025,12,28,1,Vĩnh Long,Xã An Ngãi Trung,10.0916931,106.5448581,55,Moderate,1,25.1,83,0.0,10.0,84,1011.5,100,13.0,15.6,276.0,5.7,82.0,2.3
2025-12-28 02:00:00,2025,12,28,2,Vĩnh Long,Xã An Ngãi Trung,10.0916931,106.5448581,56,Moderate,1,25.1,83,0.0,7.5,75,1010.8,100,13.3,15.9,279.0,5.9,80.0,2.2
2025-12-28 03:00:00,2025,12,28,3,Vĩnh Long,Xã An Ngãi Trung,10.0916931,106.5448581,56,Moderate,1,24.8,84,0.0,6.1,66,1010.2,88,13.7,16.3,286.0,6.2,77.0,2.2
2025-12-28 04:00:00,2025,12,28,4,Vĩnh Long,Xã An Ngãi Trung,10.0916931,106.5448581,56,Moderate,1,24.5,86,0.0,6.1,56,1010.6,20,14.4,16.9,301.0,7.4,74.0,2.9
2025-12-28 05:00:00,2025,12,28,5,Vĩnh Long,Xã An Ngãi Trung,10.0916931,106.5448581,56,Moderate,1,23.9,88,0.0,5.4,37,1011.0,9,15.7,18.2,330.0,10.6,66.0,4.9
2025-12-28 06:00:00,2025,12,28,6,Vĩnh Long,Xã An Ngãi Trung,10.0916931,106.5448581,56,Moderate,1,23.4,90,0.0,5.4,20,1011.4,5,17.9,20.4,366.0,14.5,57.0,7.5
2025-12-28 07:00:00,2025,12,28,7,Vĩnh Long,Xã An Ngãi Trung,10.0916931,106.5448581,57,Moderate,1,24.4,88,0.0,5.7,13,1012.1,20,14.4,16.5,390.0,9.2,67.0,4.5
2025-12-28 08:00:00,2025,12,28,8,Vĩnh Long,Xã An Ngãi Trung,10.0916931,106.5448581,56,Moderate,1,26.5,79,0.0,7.6,36,1012.7,24,15.9,18.7,395.0,9.1,76.0,5.9
2025-12-28 09:00:00,2025,12,28,9,Vĩnh Long,Xã An Ngãi Trung,10.0916931,106.5448581,55,Moderate,1,27.8,72,0.0,9.8,60,1012.9,22,16.5,19.7,387.0,8.8,90.0,7.8
2025-12-28 10:00:00,2025,12,28,10,Vĩnh Long,Xã An Ngãi Trung,10.0916931,106.5448581,55,Moderate,1,28.9,67,0.0,8.3,68,1012.7,43,16.5,19.1,369.0,8.1,102.0,8.6
2025-12-28 11:00:00,2025,12,28,11,Vĩnh Long,Xã An Ngãi Trung,10.0916931,106.5448581,55,Moderate,1,29.5,63,0.0,10.3,85,1012.2,52,17.3,20.0,333.0,6.4,113.0,7.5
2025-12-28 12:00:00,2025,12,28,12,Vĩnh Long,Xã An Ngãi Trung,10.0916931,106.5448581,55,Moderate,1,29.4,64,0.0,13.3,100,1011.5,98,16.4,19.0,286.0,4.1,122.0,5.4
2025-12-28 13:00:00,2025,12,28,13,Vĩnh Long,Xã An Ngãi Trung,10.0916931,106.5448581,55,Moderate,1,29.0,66,0.0,13.6,107,1010.4,67,15.5,18.3,252.0,2.5,127.0,3.6
2025-12-28 14:00:00,2025,12,28,14,Vĩnh Long,Xã An Ngãi Trung,10.0916931,106.5448581,55,Moderate,1,28.6,64,0.0,14.6,112,1009.9,38,14.1,17.2,244.0,1.8,125.0,2.6
2025-12-28 15:00:00,2025,12,28,15,Vĩnh Long,Xã An Ngãi Trung,10.0916931,106.5448581,55,Moderate,1,28.3,65,0.0,13.9,103,1010.0,42,13.3,16.6,248.0,1.8,118.0,1.9
2025-12-28 16:00:00,2025,12,28,16,Vĩnh Long,Xã An Ngãi Trung,10.0916931,106.5448581,55,Moderate,1,27.9,67,0.0,12.9,102,1010.2,93,13.2,17.1,254.0,2.3,110.0,1.6
2025-12-28 17:00:00,2025,12,28,17,Vĩnh Long,Xã An Ngãi Trung,10.0916931,106.5448581,59,Moderate,1,27.0,71,0.0,10.9,97,1010.6,88,13.1,16.8,258.0,3.9,102.0,2.0
2025-12-28 18:00:00,2025,12,28,18,Vĩnh Long,Xã An Ngãi Trung,10.0916931,106.5448581,62,Moderate,1,26.2,74,0.0,10.6,91,1010.9,88,14.1,17.5,262.0,6.2,94.0,2.9
2025-12-28 19:00:00,2025,12,28,19,Vĩnh Long,Xã An Ngãi Trung,10.0916931,106.5448581,60,Moderate,1,25.6,83,0.0,11.3,92,1011.9,62,17.3,21.2,262.0,6.5,89.0,2.8
2025-12-28 20:00:00,2025,12,28,20,Vĩnh Long,Xã An Ngãi Trung,10.0916931,106.5448581,56,Moderate,1,25.7,83,0.0,14.0,89,1012.7,68,14.8,18.5,253.0,6.2,89.0,2.9
2025-12-28 21:00:00,2025,12,28,21,Vĩnh Long,Xã An Ngãi Trung,10.0916931,106.5448581,56,Moderate,1,25.4,83,0.0,10.6,88,1012.9,4,13.6,17.1,239.0,5.7,88.0,2.9
2025-12-28 22:00:00,2025,12,28,22,Vĩnh Long,Xã An Ngãi Trung,10.0916931,106.5448581,56,Moderate,1,25.1,87,0.0,13.2,87,1012.4,65,13.2,16.5,228.0,5.4,87.0,2.9
2025-12-28 23:00:00,2025,12,28,23,Vĩnh Long,Xã An Ngãi Trung,10.0916931,106.5448581,56,Moderate,1,24.9,89,0.0,13.2,85,1012.0,99,13.3,16.5,223.0,5.5,84.0,2.7
2025-12-29 00:00:00,2025,12,29,0,Vĩnh Long,Xã An Ngãi Trung,10.0916931,106.5448581,56,Moderate,1,24.7,89,0.0,12.2,89,1011.6,100,13.2,16.5,220.0,5.7,81.0,2.5
2025-12-29 01:00:00,2025,12,29,1,Vĩnh Long,Xã An Ngãi Trung,10.0916931,106.5448581,56,Moderate,1,24.8,89,0.0,9.7,87,1011.4,100,13.1,16.5,219.0,5.8,78.0,2.3
2025-12-29 02:00:00,2025,12,29,2,Vĩnh Long,Xã An Ngãi Trung,10.0916931,106.5448581,56,Moderate,1,24.9,88,0.0,8.3,84,1010.7,97,13.0,16.5,219.0,5.4,77.0,2.1
2025-12-29 03:00:00,2025,12,29,3,Vĩnh Long,Xã An Ngãi Trung,10.0916931,106.5448581,56,Moderate,1,24.7,89,0.0,9.0,89,1010.2,100,12.9,16.4,220.0,4.9,77.0,1.9
2025-12-29 04:00:00,2025,12,29,4,Vĩnh Long,Xã An Ngãi Trung,10.0916931,106.5448581,56,Moderate,1,24.5,89,0.0,7.9,89,1010.4,98,12.8,16.3,227.0,5.2,76.0,2.1
2025-12-29 05:00:00,2025,12,29,5,Vĩnh Long,Xã An Ngãi Trung,10.0916931,106.5448581,56,Moderate,1,24.0,92,0.0,5.8,54,1010.6,99,13.3,16.5,244.0,7.5,71.0,3.1
2025-12-29 06:00:00,2025,12,29,6,Vĩnh Long,Xã An Ngãi Trung,10.0916931,106.5448581,55,Moderate,1,23.2,96,0.0,4.8,27,1011.4,100,14.5,17.5,267.0,10.6,64.0,4.6
2025-12-29 07:00:00,2025,12,29,7,Vĩnh Long,Xã An Ngãi Trung,10.0916931,106.5448581,55,Moderate,1,23.8,93,0.0,8.0,14,1011.7,30,26.3,29.7,286.0,20.5,52.0,7.0
2025-12-29 08:00:00,2025,12,29,8,Vĩnh Long,Xã An Ngãi Trung,10.0916931,106.5448581,56,Moderate,1,25.4,82,0.0,7.3,38,1012.6,10,22.8,26.9,295.0,19.0,62.0,8.6
2025-12-29 09:00:00,2025,12,29,9,Vĩnh Long,Xã An Ngãi Trung,10.0916931,106.5448581,57,Moderate,1,27.0,75,0.0,7.3,30,1012.8,22,21.9,26.5,301.0,16.9,78.0,10.8
2025-12-29 10:00:00,2025,12,29,10,Vĩnh Long,Xã An Ngãi Trung,10.0916931,106.5448581,57,Moderate,1,28.4,67,0.0,7.0,357,1012.6,100,23.7,28.2,307.0,14.4,96.0,12.5
2025-12-29 11:00:00,2025,12,29,11,Vĩnh Long,Xã An Ngãi Trung,10.0916931,106.5448581,58,Moderate,1,29.3,63,0.0,8.0,352,1012.1,100,25.0,27.2,319.0,11.2,120.0,13.4
2025-12-29 12:00:00,2025,12,29,12,Vĩnh Long,Xã An Ngãi Trung,10.0916931,106.5448581,59,Moderate,1,30.3,57,0.0,8.1,357,1011.0,100,28.0,29.7,333.0,7.7,147.0,13.7
2025-12-29 13:00:00,2025,12,29,13,Vĩnh Long,Xã An Ngãi Trung,10.0916931,106.5448581,60,Moderate,1,30.9,52,0.0,8.5,359,1009.9,100,29.9,31.5,340.0,5.1,167.0,13.8
2025-12-29 14:00:00,2025,12,29,14,Vĩnh Long,Xã An Ngãi Trung,10.0916931,106.5448581,61,Moderate,1,30.7,50,0.0,7.2,19,1009.2,100,30.9,32.2,337.0,4.2,177.0,13.7
2025-12-29 15:00:00,2025,12,29,15,Vĩnh Long,Xã An Ngãi Trung,10.0916931,106.5448581,62,Moderate,1,29.9,54,0.0,6.7,76,1009.1,99,32.1,33.4,328.0,4.3,181.0,13.2
2025-12-29 16:00:00,2025,12,29,16,Vĩnh Long,Xã An Ngãi Trung,10.0916931,106.5448581,85,Moderate,1,28.0,71,0.0,11.8,107,1009.5,100,31.2,32.7,313.0,4.7,175.0,12.2
2025-12-29 17:00:00,2025,12,29,17,Vĩnh Long,Xã An Ngãi Trung,10.0916931,106.5448581,109,Unhealthy for Sensitive Groups,2,26.2,77,0.0,15.3,111,1009.9,100,28.2,29.9,290.0,5.5,155.0,10.2
2025-12-29 18:00:00,2025,12,29,18,Vĩnh Long,Xã An Ngãi Trung,10.0916931,106.5448581,126,Unhealthy for Sensitive Groups,2,25.4,81,0.0,12.1,94,1010.5,100,25.6,28.1,261.0,6.7,126.0,7.6
2025-12-29 19:00:00,2025,12,29,19,Vĩnh Long,Xã An Ngãi Trung,10.0916931,106.5448581,132,Unhealthy for Sensitive Groups,2,25.2,83,0.0,13.1,97,1010.8,100,27.6,30.5,239.0,9.1,103.0,7.7
2025-12-29 20:00:00,2025,12,29,20,Vĩnh Long,Xã An Ngãi Trung,10.0916931,106.5448581,128,Unhealthy for Sensitive Groups,2,25.1,81,0.0,13.5,88,1011.4,100,21.7,24.5,230.0,8.0,100.0,6.4
2025-12-29 21:00:00,2025,12,29,21,Vĩnh Long,Xã An Ngãi Trung,10.0916931,106.5448581,118,Unhealthy for Sensitive Groups,2,25.0,81,0.0,13.1,92,1011.4,100,17.8,20.9,229.0,6.4,95.0,4.7
2025-12-29 22:00:00,2025,12,29,22,Vĩnh Long,Xã An Ngãi Trung,10.0916931,106.5448581,103,Unhealthy for Sensitive Groups,2,24.9,84,0.0,14.8,94,1011.0,100,14.9,18.0,226.0,5.3,91.0,3.3
2025-12-29 23:00:00,2025,12,29,23,Vĩnh Long,Xã An Ngãi Trung,10.0916931,106.5448581,85,Moderate,1,24.8,83,0.0,14.4,93,1011.2,100,13.3,16.4,219.0,5.1,88.0,2.7
2025-12-30 00:00:00,2025,12,30,0,Vĩnh Long,Xã An Ngãi Trung,10.0916931,106.5448581,70,Moderate,1,24.6,82,0.0,12.4,92,1010.6,99,12.5,15.7,211.0,5.3,86.0,2.5
2025-12-30 01:00:00,2025,12,30,1,Vĩnh Long,Xã An Ngãi Trung,10.0916931,106.5448581,70,Moderate,1,24.4,85,0.0,12.3,95,1010.4,100,13.0,16.2,207.0,5.6,84.0,2.4
2025-12-30 02:00:00,2025,12,30,2,Vĩnh Long,Xã An Ngãi Trung,10.0916931,106.5448581,70,Moderate,1,24.4,84,0.0,10.8,91,1009.9,100,13.6,17.0,208.0,5.8,82.0,2.3
2025-12-30 03:00:00,2025,12,30,3,Vĩnh Long,Xã An Ngãi Trung,10.0916931,106.5448581,70,Moderate,1,24.1,86,0.0,11.0,100,1009.5,100,14.1,17.5,213.0,5.9,80.0,2.4
2025-12-30 04:00:00,2025,12,30,4,Vĩnh Long,Xã An Ngãi Trung,10.0916931,106.5448581,70,Moderate,1,24.0,85,0.0,8.6,98,1009.7,100,14.1,17.4,224.0,6.2,78.0,2.5
2025-12-30 05:00:00,2025,12,30,5,Vĩnh Long,Xã An Ngãi Trung,10.0916931,106.5448581,70,Moderate,1,23.6,88,0.0,7.6,104,1010.1,80,13.9,17.1,249.0,6.8,75.0,2.8
2025-12-30 06:00:00,2025,12,30,6,Vĩnh Long,Xã An Ngãi Trung,10.0916931,106.5448581,70,Moderate,1,23.5,90,0.0,7.5,100,1010.7,22,14.2,17.2,280.0,7.5,72.0,3.3
2025-12-30 07:00:00,2025,12,30,7,Vĩnh Long,Xã An Ngãi Trung,10.0916931,106.5448581,70,Moderate,1,24.6,86,0.0,9.0,106,1011.5,65,15.9,19.2,297.0,7.3,72.0,3.3
2025-12-30 08:00:00,2025,12,30,8,Vĩnh Long,Xã An Ngãi Trung,10.0916931,106.5448581,69,Moderate,1,26.3,76,0.0,14.6,92,1012.4,18,14.4,18.5,286.0,5.9,80.0,2.9
2025-12-30 09:00:00,2025,12,30,9,Vĩnh Long,Xã An Ngãi Trung,10.0916931,106.5448581,69,Moderate,1,27.3,70,0.0,14.6,86,1012.6,30,14.1,18.0,260.0,3.9,91.0,2.4
2025-12-30 10:00:00,2025,12,30,10,Vĩnh Long,Xã An Ngãi Trung,10.0916931,106.5448581,68,Moderate,1,28.0,65,0.0,14.4,86,1012.5,48,14.8,18.9,237.0,2.4,102.0,2.1
2025-12-30 11:00:00,2025,12,30,11,Vĩnh Long,Xã An Ngãi Trung,10.0916931,106.5448581,67,Moderate,1,28.5,62,0.0,14.2,89,1012.0,80,16.4,20.6,224.0,1.9,112.0,2.3
2025-12-30 12:00:00,2025,12,30,12,Vĩnh Long,Xã An Ngãi Trung,10.0916931,106.5448581,66,Moderate,1,28.5,61,0.0,15.3,93,1011.2,73,16.9,20.7,215.0,1.9,121.0,2.6
2025-12-30 13:00:00,2025,12,30,13,Vĩnh Long,Xã An Ngãi Trung,10.0916931,106.5448581,65,Moderate,1,28.8,58,0.0,12.7,98,1009.9,88,17.7,21.0,208.0,2.1,128.0,3.0
2025-12-30 14:00:00,2025,12,30,14,Vĩnh Long,Xã An Ngãi Trung,10.0916931,106.5448581,64,Moderate,1,29.0,57,0.0,10.2,103,1008.9,66,18.7,21.9,202.0,2.2,133.0,3.3
2025-12-30 15:00:00,2025,12,30,15,Vĩnh Long,Xã An Ngãi Trung,10.0916931,106.5448581,63,Moderate,1,28.6,57,0.0,9.5,101,1008.4,71,18.9,21.9,199.0,2.4,135.0,3.5
2025-12-30 16:00:00,2025,12,30,16,Vĩnh Long,Xã An Ngãi Trung,10.0916931,106.5448581,62,Moderate,1,27.2,61,0.0,13.7,108,1008.4,99,17.8,20.7,199.0,3.0,132.0,3.6
2025-12-30 17:00:00,2025,12,30,17,Vĩnh Long,Xã An Ngãi Trung,10.0916931,106.5448581,69,Moderate,1,26.0,62,0.0,13.1,106,1008.8,90,15.7,18.5,204.0,4.2,121.0,3.5
2025-12-30 18:00:00,2025,12,30,18,Vĩnh Long,Xã An Ngãi Trung,10.0916931,106.5448581,76,Moderate,1,25.0,68,0.0,8.1,103,1008.9,98,14.0,16.9,212.0,5.6,105.0,3.3
2025-12-30 19:00:00,2025,12,30,19,Vĩnh Long,Xã An Ngãi Trung,10.0916931,106.5448581,76,Moderate,1,24.5,77,0.0,11.3,107,1009.5,10,15.8,19.1,218.0,7.5,90.0,3.6
2025-12-30 20:00:00,2025,12,30,20,Vĩnh Long,Xã An Ngãi Trung,10.0916931,106.5448581,72,Moderate,1,24.4,78,0.0,9.4,97,1009.9,99,14.0,17.1,221.0,7.0,89.0,3.6
2025-12-30 21:00:00,2025,12,30,21,Vĩnh Long,Xã An Ngãi Trung,10.0916931,106.5448581,65,Moderate,1,24.0,81,0.0,6.5,90,1010.1,88,13.3,16.2,223.0,6.4,88.0,3.5
2025-12-30 22:00:00,2025,12,30,22,Vĩnh Long,Xã An Ngãi Trung,10.0916931,106.5448581,57,Moderate,1,23.8,82,0.0,6.2,107,1010.1,52,13.0,15.9,219.0,5.9,87.0,3.4
2025-12-30 23:00:00,2025,12,30,23,Vĩnh Long,Xã An Ngãi Trung,10.0916931,106.5448581,56,Moderate,1,23.9,80,0.0,9.2,110,1010.3,73,12.9,15.6,206.0,5.7,85.0,3.1
2025-12-31 00:00:00,2025,12,31,0,Vĩnh Long,Xã An Ngãi Trung,10.0916931,106.5448581,56,Moderate,1,23.9,79,0.0,9.4,101,1010.0,100,12.3,15.1,188.0,5.7,83.0,2.8
2025-12-31 01:00:00,2025,12,31,1,Vĩnh Long,Xã An Ngãi Trung,10.0916931,106.5448581,56,Moderate,1,23.6,80,0.0,8.9,103,1010.0,99,12.1,14.9,175.0,5.8,81.0,2.5
2025-12-31 02:00:00,2025,12,31,2,Vĩnh Long,Xã An Ngãi Trung,10.0916931,106.5448581,56,Moderate,1,23.6,80,0.0,7.5,98,1009.5,98,12.4,15.3,171.0,5.8,80.0,2.4
2025-12-31 03:00:00,2025,12,31,3,Vĩnh Long,Xã An Ngãi Trung,10.0916931,106.5448581,56,Moderate,1,23.4,81,0.0,7.8,103,1008.9,95,12.8,15.7,173.0,5.9,79.0,2.4
2025-12-31 04:00:00,2025,12,31,4,Vĩnh Long,Xã An Ngãi Trung,10.0916931,106.5448581,56,Moderate,1,23.0,83,0.0,6.4,100,1008.9,100,13.0,15.9,179.0,6.3,77.0,2.6
2025-12-31 05:00:00,2025,12,31,5,Vĩnh Long,Xã An Ngãi Trung,10.0916931,106.5448581,56,Moderate,1,22.8,85,0.0,6.5,104,1009.6,98,13.3,16.2,194.0,7.5,72.0,3.2
2025-12-31 06:00:00,2025,12,31,6,Vĩnh Long,Xã An Ngãi Trung,10.0916931,106.5448581,56,Moderate,1,22.8,85,0.0,7.0,94,1009.7,45,14.1,16.9,214.0,8.9,67.0,3.9
2025-12-31 07:00:00,2025,12,31,7,Vĩnh Long,Xã An Ngãi Trung,10.0916931,106.5448581,56,Moderate,1,24.1,81,0.0,7.9,94,1010.2,97,16.8,19.5,228.0,10.1,67.0,4.4
2025-12-31 08:00:00,2025,12,31,8,Vĩnh Long,Xã An Ngãi Trung,10.0916931,106.5448581,56,Moderate,1,26.2,70,0.0,10.3,94,1010.9,45,14.7,17.8,228.0,7.9,79.0,4.0
2025-12-31 09:00:00,2025,12,31,9,Vĩnh Long,Xã An Ngãi Trung,10.0916931,106.5448581,56,Moderate,1,27.4,65,0.0,7.2,94,1011.3,16,12.8,16.6,221.0,4.9,95.0,3.4
2025-12-31 10:00:00,2025,12,31,10,Vĩnh Long,Xã An Ngãi Trung,10.0916931,106.5448581,56,Moderate,1,28.4,59,0.0,5.3,78,1011.0,34,14.8,18.9,218.0,2.7,110.0,3.0
2025-12-31 11:00:00,2025,12,31,11,Vĩnh Long,Xã An Ngãi Trung,10.0916931,106.5448581,56,Moderate,1,29.3,56,0.0,5.5,41,1010.0,58,16.2,20.7,225.0,2.0,120.0,3.1
2025-12-31 12:00:00,2025,12,31,12,Vĩnh Long,Xã An Ngãi Trung,10.0916931,106.5448581,56,Moderate,1,30.0,52,0.0,5.7,41,1008.8,90,16.8,20.7,235.0,2.0,128.0,3.5
2025-12-31 13:00:00,2025,12,31,13,Vĩnh Long,Xã An Ngãi Trung,10.0916931,106.5448581,56,Moderate,1,30.0,51,0.0,5.9,78,1008.0,90,17.5,20.5,242.0,2.2,134.0,3.8
2025-12-31 14:00:00,2025,12,31,14,Vĩnh Long,Xã An Ngãi Trung,10.0916931,106.5448581,56,Moderate,1,29.5,55,0.0,6.6,103,1006.9,63,18.6,21.5,243.0,2.4,139.0,4.1
2025-12-31 15:00:00,2025,12,31,15,Vĩnh Long,Xã An Ngãi Trung,10.0916931,106.5448581,56,Moderate,1,28.6,61,0.0,7.8,113,1006.8,34,19.5,22.4,240.0,2.7,143.0,4.4
2025-12-31 16:00:00,2025,12,31,16,Vĩnh Long,Xã An Ngãi Trung,10.0916931,106.5448581,68,Moderate,1,27.5,65,0.0,12.4,111,1006.8,4,19.6,22.5,235.0,3.3,141.0,4.5
2025-12-31 17:00:00,2025,12,31,17,Vĩnh Long,Xã An Ngãi Trung,10.0916931,106.5448581,81,Moderate,1,26.0,66,0.0,14.1,112,1007.2,41,18.7,21.6,226.0,4.5,130.0,4.3
2025-12-31 18:00:00,2025,12,31,18,Vĩnh Long,Xã An Ngãi Trung,10.0916931,106.5448581,89,Moderate,1,25.2,71,0.0,11.0,109,1008.0,21,17.8,20.7,214.0,5.9,114.0,4.0
2025-12-31 19:00:00,2025,12,31,19,Vĩnh Long,Xã An Ngãi Trung,10.0916931,106.5448581,90,Moderate,1,24.6,73,0.0,14.3,113,1008.6,30,18.6,21.9,204.0,7.4,97.0,4.1
2025-12-31 20:00:00,2025,12,31,20,Vĩnh Long,Xã An Ngãi Trung,10.0916931,106.5448581,85,Moderate,1,24.6,73,0.0,11.8,98,1009.5,74,15.7,18.9,199.0,6.7,97.0,3.9
2025-12-31 21:00:00,2025,12,31,21,Vĩnh Long,Xã An Ngãi Trung,10.0916931,106.5448581,78,Moderate,1,24.6,74,0.0,12.4,98,1009.6,20,14.6,17.7,196.0,5.7,98.0,3.6
2025-12-31 22:00:00,2025,12,31,22,Vĩnh Long,Xã An Ngãi Trung,10.0916931,106.5448581,71,Moderate,1,24.2,75,0.0,11.9,93,1009.5,5,13.8,16.7,192.0,5.0,98.0,3.3
2025-12-31 23:00:00,2025,12,31,23,Vĩnh Long,Xã An Ngãi Trung,10.0916931,106.5448581,62,Moderate,1,24.0,81,0.0,13.3,98,1009.6,44,12.7,15.6,185.0,4.7,97.0,2.9
2026-01-01 00:00:00,2026,1,1,0,Vĩnh Long,Xã An Ngãi Trung,10.0916931,106.5448581,57,Moderate,1,24.0,79,0.0,13.8,101,1009.5,45,11.6,14.4,178.0,4.7,96.0,2.5
2026-01-01 01:00:00,2026,1,1,1,Vĩnh Long,Xã An Ngãi Trung,10.0916931,106.5448581,57,Moderate,1,23.9,78,0.0,11.2,96,1009.0,98,11.1,13.9,175.0,4.7,94.0,2.2
2026-01-01 02:00:00,2026,1,1,2,Vĩnh Long,Xã An Ngãi Trung,10.0916931,106.5448581,57,Moderate,1,23.7,80,0.0,10.3,96,1008.2,46,10.9,13.7,177.0,4.6,93.0,2.0
2026-01-01 03:00:00,2026,1,1,3,Vĩnh Long,Xã An Ngãi Trung,10.0916931,106.5448581,57,Moderate,1,23.2,82,0.0,8.3,88,1007.9,79,11.1,14.0,183.0,4.5,92.0,1.9
2026-01-01 04:00:00,2026,1,1,4,Vĩnh Long,Xã An Ngãi Trung,10.0916931,106.5448581,57,Moderate,1,22.9,83,0.0,7.0,89,1008.1,91,11.4,14.4,192.0,4.7,90.0,2.0
2026-01-01 05:00:00,2026,1,1,5,Vĩnh Long,Xã An Ngãi Trung,10.0916931,106.5448581,57,Moderate,1,22.9,84,0.0,8.0,99,1008.7,73,11.7,14.7,207.0,5.6,86.0,2.5
2026-01-01 06:00:00,2026,1,1,6,Vĩnh Long,Xã An Ngãi Trung,10.0916931,106.5448581,56,Moderate,1,22.9,85,0.0,7.8,103,1009.3,88,12.3,15.4,226.0,6.8,81.0,3.1
2026-01-01 07:00:00,2026,1,1,7,Vĩnh Long,Xã An Ngãi Trung,10.0916931,106.5448581,56,Moderate,1,23.9,83,0.0,8.8,99,1010.2,85,14.3,17.1,236.0,7.2,79.0,3.6
2026-01-01 08:00:00,2026,1,1,8,Vĩnh Long,Xã An Ngãi Trung,10.0916931,106.5448581,56,Moderate,1,26.0,71,0.0,13.0,100,1011.5,17,14.0,17.3,230.0,5.7,90.0,3.4
2026-01-01 09:00:00,2026,1,1,9,Vĩnh Long,Xã An Ngãi Trung,10.0916931,106.5448581,56,Moderate,1,27.1,65,0.0,12.2,98,1012.3,23,12.8,16.8,215.0,3.7,106.0,3.2
2026-01-01 10:00:00,2026,1,1,10,Vĩnh Long,Xã An Ngãi Trung,10.0916931,106.5448581,56,Moderate,1,28.0,61,0.0,9.9,92,1012.2,55,14.1,18.3,204.0,2.2,119.0,3.0
2026-01-01 11:00:00,2026,1,1,11,Vĩnh Long,Xã An Ngãi Trung,10.0916931,106.5448581,56,Moderate,1,28.5,59,0.0,7.9,90,1012.0,77,15.0,19.3,203.0,1.7,125.0,2.9
2026-01-01 12:00:00,2026,1,1,12,Vĩnh Long,Xã An Ngãi Trung,10.0916931,106.5448581,56,Moderate,1,29.0,56,0.0,7.9,90,1011.5,95,15.5,19.6,205.0,1.8,128.0,2.8
2026-01-01 13:00:00,2026,1,1,13,Vĩnh Long,Xã An Ngãi Trung,10.0916931,106.5448581,56,Moderate,1,28.6,59,0.0,10.6,81,1010.4,96,15.4,18.6,211.0,2.0,130.0,2.9
2026-01-01 14:00:00,2026,1,1,14,Vĩnh Long,Xã An Ngãi Trung,10.0916931,106.5448581,56,Moderate,1,28.0,64,0.1,8.7,82,1009.6,42,16.6,19.7,221.0,2.2,134.0,3.2
2026-01-01 15:00:00,2026,1,1,15,Vĩnh Long,Xã An Ngãi Trung,10.0916931,106.5448581,60,Moderate,1,28.5,60,0.0,5.4,70,1009.1,24,17.4,20.4,233.0,2.6,138.0,3.6
2026-01-01 16:00:00,2026,1,1,16,Vĩnh Long,Xã An Ngãi Trung,10.0916931,106.5448581,73,Moderate,1,28.4,60,0.0,7.5,79,1008.9,23,17.8,20.6,242.0,3.4,137.0,4.0
2026-01-01 17:00:00,2026,1,1,17,Vĩnh Long,Xã An Ngãi Trung,10.0916931,106.5448581,83,Moderate,1,26.4,70,0.0,13.3,109,1009.3,8,17.9,20.5,246.0,5.1,128.0,4.3
2026-01-01 18:00:00,2026,1,1,18,Vĩnh Long,Xã An Ngãi Trung,10.0916931,106.5448581,88,Moderate,1,24.9,74,0.0,11.4,106,1010.1,100,18.3,20.6,246.0,7.3,114.0,4.5
2026-01-01 19:00:00,2026,1,1,19,Vĩnh Long,Xã An Ngãi Trung,10.0916931,106.5448581,86,Moderate,1,25.0,78,0.0,12.7,113,1010.7,98,23.8,26.6,239.0,7.9,105.0,4.4
2026-01-01 20:00:00,2026,1,1,20,Vĩnh Long,Xã An Ngãi Trung,10.0916931,106.5448581,82,Moderate,1,24.6,74,0.0,10.8,101,1011.4,93,17.2,20.4,221.0,7.0,105.0,4.1
2026-01-01 21:00:00,2026,1,1,21,Vĩnh Long,Xã An Ngãi Trung,10.0916931,106.5448581,77,Moderate,1,24.4,77,0.0,11.1,103,1011.9,100,14.8,17.9,196.0,5.9,105.0,3.7
2026-01-01 22:00:00,2026,1,1,22,Vĩnh Long,Xã An Ngãi Trung,10.0916931,106.5448581,72,Moderate,1,24.5,77,0.0,11.4,102,1011.8,100,14.3,17.3,176.0,5.1,104.0,3.3
2026-01-01 23:00:00,2026,1,1,23,Vĩnh Long,Xã An Ngãi Trung,10.0916931,106.5448581,66,Moderate,1,24.5,73,0.0,12.5,96,1011.7,98,14.1,16.9,164.0,5.0,101.0,3.0
2026-01-02 00:00:00,2026,1,2,0,Vĩnh Long,Xã An Ngãi Trung,10.0916931,106.5448581,58,Moderate,1,24.4,77,0.0,12.3,93,1011.6,100,13.6,16.2,156.0,5.3,96.0,2.7
2026-01-02 01:00:00,2026,1,2,1,Vĩnh Long,Xã An Ngãi Trung,10.0916931,106.5448581,56,Moderate,1,24.0,82,0.0,11.0,84,1011.0,100,13.6,16.1,151.0,5.8,91.0,2.6
2026-01-02 02:00:00,2026,1,2,2,Vĩnh Long,Xã An Ngãi Trung,10.0916931,106.5448581,56,Moderate,1,23.8,86,0.0,7.5,70,1010.5,100,13.7,16.1,148.0,6.2,86.0,2.5
2026-01-02 03:00:00,2026,1,2,3,Vĩnh Long,Xã An Ngãi Trung,10.0916931,106.5448581,56,Moderate,1,23.3,90,0.0,6.2,69,1009.6,100,14.1,16.5,149.0,6.7,81.0,2.5
2026-01-02 04:00:00,2026,1,2,4,Vĩnh Long,Xã An Ngãi Trung,10.0916931,106.5448581,57,Moderate,1,23.4,89,0.0,8.4,74,1009.7,100,15.3,17.5,158.0,8.3,75.0,3.2
2026-01-02 05:00:00,2026,1,2,5,Vĩnh Long,Xã An Ngãi Trung,10.0916931,106.5448581,57,Moderate,1,23.0,90,0.0,7.3,59,1010.0,100,17.6,19.6,177.0,12.3,65.0,5.4
2026-01-02 06:00:00,2026,1,2,6,Vĩnh Long,Xã An Ngãi Trung,10.0916931,106.5448581,58,Moderate,1,22.5,92,0.0,6.4,18,1010.6,100,20.8,22.8,205.0,17.4,54.0,8.4
2026-01-02 07:00:00,2026,1,2,7,Vĩnh Long,Xã An Ngãi Trung,10.0916931,106.5448581,58,Moderate,1,23.0,92,0.0,7.4,353,1011.6,100,27.0,29.2,238.0,20.6,48.0,10.7
2026-01-02 08:00:00,2026,1,2,8,Vĩnh Long,Xã An Ngãi Trung,10.0916931,106.5448581,59,Moderate,1,24.9,79,0.0,8.1,356,1013.0,80,25.1,27.6,288.0,17.5,62.0,10.7
2026-01-02 09:00:00,2026,1,2,9,Vĩnh Long,Xã An Ngãi Trung,10.0916931,106.5448581,60,Moderate,1,26.5,71,0.0,7.7,24,1013.7,98,20.8,23.5,343.0,13.1,82.0,10.6
2026-01-02 10:00:00,2026,1,2,10,Vĩnh Long,Xã An Ngãi Trung,10.0916931,106.5448581,61,Moderate,1,27.9,64,0.0,5.3,55,1013.6,99,18.0,20.7,366.0,9.1,98.0,9.7
2026-01-02 11:00:00,2026,1,2,11,Vĩnh Long,Xã An Ngãi Trung,10.0916931,106.5448581,61,Moderate,1,29.1,58,0.0,7.1,97,1013.2,100,15.4,18.1,330.0,5.9,109.0,7.4
2026-01-02 12:00:00,2026,1,2,12,Vĩnh Long,Xã An Ngãi Trung,10.0916931,106.5448581,62,Moderate,1,29.4,55,0.0,12.0,103,1012.4,98,12.6,15.1,262.0,3.1,116.0,4.4
2026-01-02 13:00:00,2026,1,2,13,Vĩnh Long,Xã An Ngãi Trung,10.0916931,106.5448581,61,Moderate,1,29.3,52,0.0,13.3,113,1011.7,18,10.4,13.0,208.0,1.3,120.0,2.2
2026-01-02 14:00:00,2026,1,2,14,Vĩnh Long,Xã An Ngãi Trung,10.0916931,106.5448581,61,Moderate,1,29.2,46,0.0,14.7,116,1010.7,9,9.8,12.8,185.0,0.7,118.0,1.4
2026-01-02 15:00:00,2026,1,2,15,Vĩnh Long,Xã An Ngãi Trung,10.0916931,106.5448581,60,Moderate,1,28.0,56,0.0,16.6,106,1010.6,0,9.6,12.8,176.0,1.1,113.0,1.4
2026-01-02 16:00:00,2026,1,2,16,Vĩnh Long,Xã An Ngãi Trung,10.0916931,106.5448581,60,Moderate,1,27.0,66,0.0,15.3,106,1010.7,1,10.1,13.3,175.0,1.8,107.0,1.5
2026-01-02 17:00:00,2026,1,2,17,Vĩnh Long,Xã An Ngãi Trung,10.0916931,106.5448581,59,Moderate,1,26.4,68,0.0,14.3,97,1011.0,9,10.6,13.8,187.0,3.0,102.0,1.7
2026-01-02 18:00:00,2026,1,2,18,Vĩnh Long,Xã An Ngãi Trung,10.0916931,106.5448581,58,Moderate,1,25.3,74,0.0,11.2,91,1011.6,0,11.4,14.3,208.0,4.5,97.0,2.1
2026-01-02 19:00:00,2026,1,2,19,Vĩnh Long,Xã An Ngãi Trung,10.0916931,106.5448581,58,Moderate,1,25.1,83,0.0,13.1,81,1012.0,91,15.8,19.3,221.0,6.3,93.0,3.0
2026-01-02 20:00:00,2026,1,2,20,Vĩnh Long,Xã An Ngãi Trung,10.0916931,106.5448581,57,Moderate,1,25.1,82,0.0,14.0,83,1012.7,16,15.7,19.1,218.0,6.2,92.0,3.0
2026-01-02 21:00:00,2026,1,2,21,Vĩnh Long,Xã An Ngãi Trung,10.0916931,106.5448581,57,Moderate,1,25.1,78,0.0,16.0,82,1013.1,4,15.4,18.5,208.0,6.2,90.0,3.1
2026-01-02 22:00:00,2026,1,2,22,Vĩnh Long,Xã An Ngãi Trung,10.0916931,106.5448581,57,Moderate,1,24.9,77,0.0,14.8,81,1012.7,100,15.1,17.9,200.0,6.1,88.0,3.0
2026-01-02 23:00:00,2026,1,2,23,Vĩnh Long,Xã An Ngãi Trung,10.0916931,106.5448581,57,Moderate,1,24.7,76,0.0,14.9,89,1012.8,91,14.7,17.2,194.0,5.8,87.0,2.7
2026-01-03 00:00:00,2026,1,3,0,Vĩnh Long,Xã An Ngãi Trung,10.0916931,106.5448581,57,Moderate,1,24.4,78,0.0,11.8,84,1013.1,16,13.9,16.4,191.0,5.6,86.0,2.3
2026-01-03 01:00:00,2026,1,3,1,Vĩnh Long,Xã An Ngãi Trung,10.0916931,106.5448581,57,Moderate,1,24.5,79,0.0,10.4,69,1012.8,92,13.5,15.8,195.0,6.0,84.0,2.3
2026-01-03 02:00:00,2026,1,3,2,Vĩnh Long,Xã An Ngãi Trung,10.0916931,106.5448581,57,Moderate,1,24.3,79,0.0,9.9,32,1012.4,1,13.7,15.9,207.0,7.3,79.0,3.0
2026-01-03 03:00:00,2026,1,3,3,Vĩnh Long,Xã An Ngãi Trung,10.0916931,106.5448581,57,Moderate,1,23.0,83,0.0,7.3,23,1011.9,5,15.1,17.2,227.0,9.3,73.0,4.1
2026-01-03 04:00:00,2026,1,3,4,Vĩnh Long,Xã An Ngãi Trung,10.0916931,106.5448581,57,Moderate,1,22.0,88,0.0,4.8,25,1011.8,27,17.9,19.9,262.0,11.8,66.0,5.7
2026-01-03 05:00:00,2026,1,3,5,Vĩnh Long,Xã An Ngãi Trung,10.0916931,106.5448581,57,Moderate,1,21.4,91,0.0,5.1,4,1012.4,5,21.2,23.1,332.0,15.5,55.0,8.1
2026-01-03 06:00:00,2026,1,3,6,Vĩnh Long,Xã An Ngãi Trung,10.0916931,106.5448581,58,Moderate,1,21.0,94,0.0,6.5,337,1012.8,5,24.7,26.5,417.0,19.7,43.0,11.0
2026-01-03 07:00:00,2026,1,3,7,Vĩnh Long,Xã An Ngãi Trung,10.0916931,106.5448581,58,Moderate,1,22.0,83,0.0,8.0,354,1013.7,17,36.3,38.3,459.0,26.0,34.0,13.6
2026-01-03 08:00:00,2026,1,3,8,Vĩnh Long,Xã An Ngãi Trung,10.0916931,106.5448581,59,Moderate,1,23.9,67,0.0,7.1,344,1014.8,0,34.1,37.0,423.0,23.6,49.0,15.4
2026-01-03 09:00:00,2026,1,3,9,Vĩnh Long,Xã An Ngãi Trung,10.0916931,106.5448581,60,Moderate,1,25.8,58,0.0,5.1,333,1015.1,0,31.3,34.5,345.0,20.2,69.0,17.7
2026-01-03 10:00:00,2026,1,3,10,Vĩnh Long,Xã An Ngãi Trung,10.0916931,106.5448581,60,Moderate,1,27.6,57,0.0,2.8,140,1015.0,17,28.9,32.2,278.0,16.4,90.0,18.4
2026-01-03 11:00:00,2026,1,3,11,Vĩnh Long,Xã An Ngãi Trung,10.0916931,106.5448581,61,Moderate,1,29.2,50,0.0,6.4,130,1014.3,76,27.7,30.3,240.0,11.8,110.0,15.9
2026-01-03 12:00:00,2026,1,3,12,Vĩnh Long,Xã An Ngãi Trung,10.0916931,106.5448581,63,Moderate,1,29.5,50,0.0,11.1,110,1013.4,98,27.0,29.4,214.0,6.9,130.0,11.7
2026-01-03 13:00:00,2026,1,3,13,Vĩnh Long,Xã An Ngãi Trung,10.0916931,106.5448581,64,Moderate,1,29.0,53,0.0,14.8,116,1012.5,96,24.7,27.6,197.0,3.3,143.0,8.1
2026-01-03 14:00:00,2026,1,3,14,Vĩnh Long,Xã An Ngãi Trung,10.0916931,106.5448581,65,Moderate,1,27.1,58,0.0,16.6,110,1011.5,84,23.1,26.4,189.0,1.9,144.0,6.0
2026-01-03 15:00:00,2026,1,3,15,Vĩnh Long,Xã An Ngãi Trung,10.0916931,106.5448581,66,Moderate,1,27.4,56,0.0,12.9,103,1010.8,100,21.2,24.7,191.0,1.8,138.0,4.4
2026-01-03 16:00:00,2026,1,3,16,Vĩnh Long,Xã An Ngãi Trung,10.0916931,106.5448581,67,Moderate,1,27.2,56,0.0,13.8,97,1010.6,99,18.3,21.5,201.0,2.5,129.0,3.5
2026-01-03 17:00:00,2026,1,3,17,Vĩnh Long,Xã An Ngãi Trung,10.0916931,106.5448581,69,Moderate,1,26.1,60,0.0,13.2,93,1011.2,99,16.4,19.3,225.0,4.3,117.0,3.3
2026-01-03 18:00:00,2026,1,3,18,Vĩnh Long,Xã An Ngãi Trung,10.0916931,106.5448581,79,Moderate,1,25.6,63,0.0,10.7,73,1011.4,99,16.6,19.7,258.0,6.8,102.0,3.6
2026-01-03 19:00:00,2026,1,3,19,Vĩnh Long,Xã An Ngãi Trung,10.0916931,106.5448581,82,Moderate,1,24.3,73,0.0,6.5,88,1012.0,100,16.6,19.4,281.0,9.8,86.0,4.2
2026-01-03 20:00:00,2026,1,3,20,Vĩnh Long,Xã An Ngãi Trung,10.0916931,106.5448581,77,Moderate,1,23.9,78,0.0,5.1,94,1012.8,100,17.6,20.6,283.0,10.0,83.0,4.6
2026-01-03 21:00:00,2026,1,3,21,Vĩnh Long,Xã An Ngãi Trung,10.0916931,106.5448581,69,Moderate,1,23.7,82,0.0,6.4,112,1012.9,100,18.9,22.1,274.0,10.2,80.0,5.2
2026-01-03 22:00:00,2026,1,3,22,Vĩnh Long,Xã An Ngãi Trung,10.0916931,106.5448581,70,Moderate,1,23.5,86,0.0,7.3,118,1012.8,100,19.8,23.0,268.0,10.2,77.0,5.4
2026-01-03 23:00:00,2026,1,3,23,Vĩnh Long,Xã An Ngãi Trung,10.0916931,106.5448581,70,Moderate,1,23.5,87,0.0,7.7,108,1013.1,100,19.8,23.0,267.0,9.5,76.0,4.8
2026-01-04 00:00:00,2026,1,4,0,Vĩnh Long,Xã An Ngãi Trung,10.0916931,106.5448581,70,Moderate,1,23.8,81,0.0,10.3,101,1013.1,100,19.0,22.3,268.0,8.6,76.0,3.8
2026-01-04 01:00:00,2026,1,4,1,Vĩnh Long,Xã An Ngãi Trung,10.0916931,106.5448581,71,Moderate,1,23.8,83,0.0,8.8,81,1012.5,100,18.0,21.3,274.0,8.6,74.0,3.4
2026-01-04 02:00:00,2026,1,4,2,Vĩnh Long,Xã An Ngãi Trung,10.0916931,106.5448581,71,Moderate,1,23.5,82,0.0,7.5,53,1012.0,100,17.4,20.5,285.0,9.8,70.0,3.4
2026-01-04 03:00:00,2026,1,4,3,Vĩnh Long,Xã An Ngãi Trung,10.0916931,106.5448581,72,Moderate,1,22.5,86,0.0,6.2,17,1011.5,100,18.6,21.6,301.0,11.8,65.0,4.0
2026-01-04 04:00:00,2026,1,4,4,Vĩnh Long,Xã An Ngãi Trung,10.0916931,106.5448581,72,Moderate,1,21.4,94,0.0,4.8,11,1012.0,98,22.8,25.6,323.0,14.8,58.0,6.2
2026-01-04 05:00:00,2026,1,4,5,Vĩnh Long,Xã An Ngãi Trung,10.0916931,106.5448581,72,Moderate,1,21.0,96,0.0,5.3,350,1012.6,99,28.9,31.3,358.0,20.1,46.0,11.3
2026-01-04 06:00:00,2026,1,4,6,Vĩnh Long,Xã An Ngãi Trung,10.0916931,106.5448581,73,Moderate,1,20.8,95,0.0,7.3,337,1012.8,100,33.6,36.0,399.0,26.3,33.0,18.1
2026-01-04 07:00:00,2026,1,4,7,Vĩnh Long,Xã An Ngãi Trung,10.0916931,106.5448581,74,Moderate,1,21.7,87,0.0,8.9,324,1013.5,91,36.9,39.1,421.0,25.6,33.0,21.0
2026-01-04 08:00:00,2026,1,4,8,Vĩnh Long,Xã An Ngãi Trung,10.0916931,106.5448581,74,Moderate,1,23.3,73,0.0,9.4,330,1014.7,100,37.0,39.2,410.0,21.7,54.0,22.4
2026-01-04 09:00:00,2026,1,4,9,Vĩnh Long,Xã An Ngãi Trung,10.0916931,106.5448581,74,Moderate,1,25.2,64,0.0,10.2,332,1015.1,100,32.2,34.0,380.0,16.1,85.0,24.1
2026-01-04 10:00:00,2026,1,4,10,Vĩnh Long,Xã An Ngãi Trung,10.0916931,106.5448581,74,Moderate,1,26.9,59,0.0,9.8,332,1014.4,100,29.3,30.7,350.0,11.3,113.0,24.3
2026-01-04 11:00:00,2026,1,4,11,Vĩnh Long,Xã An Ngãi Trung,10.0916931,106.5448581,74,Moderate,1,28.2,55,0.0,8.0,333,1013.6,100,30.9,32.2,325.0,7.8,137.0,21.6
2026-01-04 12:00:00,2026,1,4,12,Vĩnh Long,Xã An Ngãi Trung,10.0916931,106.5448581,75,Moderate,1,29.3,50,0.0,7.1,330,1012.5,100,30.9,32.4,301.0,5.0,158.0,17.5
2026-01-04 13:00:00,2026,1,4,13,Vĩnh Long,Xã An Ngãi Trung,10.0916931,106.5448581,75,Moderate,1,30.4,49,0.0,6.3,347,1011.5,100,29.0,30.6,283.0,3.2,173.0,14.0
2026-01-04 14:00:00,2026,1,4,14,Vĩnh Long,Xã An Ngãi Trung,10.0916931,106.5448581,75,Moderate,1,31.0,47,0.0,8.2,8,1010.1,100,27.2,28.8,271.0,2.3,179.0,11.9
2026-01-04 15:00:00,2026,1,4,15,Vĩnh Long,Xã An Ngãi Trung,10.0916931,106.5448581,76,Moderate,1,30.8,48,0.0,5.9,337,1009.5,100,26.1,27.8,265.0,2.4,179.0,10.6
2026-01-04 16:00:00,2026,1,4,16,Vĩnh Long,Xã An Ngãi Trung,10.0916931,106.5448581,96,Moderate,1,30.3,49,0.0,2.4,347,1009.3,100,26.2,27.8,273.0,3.8,174.0,10.0
2026-01-04 17:00:00,2026,1,4,17,Vĩnh Long,Xã An Ngãi Trung,10.0916931,106.5448581,121,Unhealthy for Sensitive Groups,2,28.9,53,0.0,4.2,80,1010.0,100,30.2,31.4,310.0,7.9,164.0,10.9
2026-01-04 18:00:00,2026,1,4,18,Vĩnh Long,Xã An Ngãi Trung,10.0916931,106.5448581,138,Unhealthy for Sensitive Groups,2,26.9,61,0.0,11.3,110,1010.9,100,38.3,39.5,361.0,13.4,150.0,12.6
2026-01-04 19:00:00,2026,1,4,19,Vĩnh Long,Xã An Ngãi Trung,10.0916931,106.5448581,146,Unhealthy for Sensitive Groups,2,25.5,72,0.0,9.2,123,1011.8,100,61.5,63.1,388.0,28.7,112.0,18.7
2026-01-04 20:00:00,2026,1,4,20,Vĩnh Long,Xã An Ngãi Trung,10.0916931,106.5448581,141,Unhealthy for Sensitive Groups,2,25.1,73,0.0,10.7,120,1012.7,100,53.6,55.1,367.0,22.9,115.0,15.8
2026-01-04 21:00:00,2026,1,4,21,Vĩnh Long,Xã An Ngãi Trung,10.0916931,106.5448581,132,Unhealthy for Sensitive Groups,2,24.7,77,0.0,7.7,129,1013.0,100,39.9,41.4,321.0,14.9,119.0,11.9
2026-01-04 22:00:00,2026,1,4,22,Vĩnh Long,Xã An Ngãi Trung,10.0916931,106.5448581,120,Unhealthy for Sensitive Groups,2,24.1,84,0.0,4.2,133,1012.8,99,30.2,32.5,284.0,9.0,118.0,8.5
2026-01-04 23:00:00,2026,1,4,23,Vĩnh Long,Xã An Ngãi Trung,10.0916931,106.5448581,107,Unhealthy for Sensitive Groups,2,24.1,86,0.0,0.7,360,1012.5,77,24.8,27.3,268.0,7.2,106.0,6.4
2026-01-05 00:00:00,2026,1,5,0,Vĩnh Long,Xã An Ngãi Trung,10.0916931,106.5448581,92,Moderate,1,23.8,88,0.0,0.6,326,1012.7,100,21.0,24.0,259.0,7.6,89.0,4.9
2026-01-05 01:00:00,2026,1,5,1,Vĩnh Long,Xã An Ngãi Trung,10.0916931,106.5448581,90,Moderate,1,23.8,92,0.0,1.2,297,1012.1,100,17.9,20.9,252.0,8.2,75.0,3.9
2026-01-05 02:00:00,2026,1,5,2,Vĩnh Long,Xã An Ngãi Trung,10.0916931,106.5448581,90,Moderate,1,24.3,89,0.0,1.2,297,1011.4,100,16.2,19.3,238.0,8.2,70.0,3.2
2026-01-05 03:00:00,2026,1,5,3,Vĩnh Long,Xã An Ngãi Trung,10.0916931,106.5448581,90,Moderate,1,24.4,89,0.0,1.9,331,1010.8,99,15.4,18.3,226.0,8.4,68.0,3.0
2026-01-05 04:00:00,2026,1,5,4,Vĩnh Long,Xã An Ngãi Trung,10.0916931,106.5448581,90,Moderate,1,24.1,91,0.0,1.8,336,1010.7,100,15.5,18.2,230.0,9.7,65.0,3.4
2026-01-05 05:00:00,2026,1,5,5,Vĩnh Long,Xã An Ngãi Trung,10.0916931,106.5448581,89,Moderate,1,24.0,92,0.0,5.5,347,1011.1,100,17.1,19.5,269.0,12.9,56.0,4.2
2026-01-05 06:00:00,2026,1,5,6,Vĩnh Long,Xã An Ngãi Trung,10.0916931,106.5448581,88,Moderate,1,23.9,92,0.0,7.2,346,1011.6,100,20.5,22.7,324.0,17.2,45.0,5.6
2026-01-05 07:00:00,2026,1,5,7,Vĩnh Long,Xã An Ngãi Trung,10.0916931,106.5448581,87,Moderate,1,24.0,92,0.0,2.0,27,1012.6,100,20.2,22.3,362.0,18.8,47.0,7.7
2026-01-05 08:00:00,2026,1,5,8,Vĩnh Long,Xã An Ngãi Trung,10.0916931,106.5448581,86,Moderate,1,25.1,87,0.0,1.1,9,1013.5,100,20.4,23.0,364.0,20.3,51.0,11.2
2026-01-05 09:00:00,2026,1,5,9,Vĩnh Long,Xã An Ngãi Trung,10.0916931,106.5448581,84,Moderate,1,26.6,79,0.0,2.7,337,1013.9,61,21.7,24.7,347.0,22.1,56.0,16.1
2026-01-05 10:00:00,2026,1,5,10,Vĩnh Long,Xã An Ngãi Trung,10.0916931,106.5448581,83,Moderate,1,28.1,66,0.0,4.2,342,1013.8,100,23.8,27.6,334.0,22.5,66.0,19.7
2026-01-05 11:00:00,2026,1,5,11,Vĩnh Long,Xã An Ngãi Trung,10.0916931,106.5448581,83,Moderate,1,28.5,62,0.0,4.9,332,1013.4,100,25.3,29.1,331.0,20.1,84.0,21.1
2026-01-05 12:00:00,2026,1,5,12,Vĩnh Long,Xã An Ngãi Trung,10.0916931,106.5448581,82,Moderate,1,29.2,59,0.0,4.8,340,1012.7,85,25.3,27.0,331.0,16.2,106.0,21.3
2026-01-05 13:00:00,2026,1,5,13,Vĩnh Long,Xã An Ngãi Trung,10.0916931,106.5448581,82,Moderate,1,29.8,56,0.0,4.9,360,1011.8,80,27.0,28.6,330.0,12.9,123.0,20.6
2026-01-05 14:00:00,2026,1,5,14,Vĩnh Long,Xã An Ngãi Trung,10.0916931,106.5448581,82,Moderate,1,30.0,55,0.0,4.0,5,1011.0,100,27.2,28.8,330.0,10.7,131.0,18.9
2026-01-05 15:00:00,2026,1,5,15,Vĩnh Long,Xã An Ngãi Trung,10.0916931,106.5448581,82,Moderate,1,29.5,57,0.0,5.5,67,1010.5,99,27.8,29.7,329.0,9.1,134.0,16.5
2026-01-05 16:00:00,2026,1,5,16,Vĩnh Long,Xã An Ngãi Trung,10.0916931,106.5448581,82,Moderate,1,28.1,67,0.3,8.3,147,1010.9,100,26.3,29.2,321.0,8.4,130.0,14.0
2026-01-05 17:00:00,2026,1,5,17,Vĩnh Long,Xã An Ngãi Trung,10.0916931,106.5448581,82,Moderate,1,26.2,77,0.2,5.5,157,1011.5,100,28.5,31.2,297.0,9.2,116.0,11.8
2026-01-05 18:00:00,2026,1,5,18,Vĩnh Long,Xã An Ngãi Trung,10.0916931,106.5448581,82,Moderate,1,25.5,84,0.5,6.4,169,1012.3,100,26.3,28.3,265.0,10.8,96.0,9.6
2026-01-05 19:00:00,2026,1,5,19,Vĩnh Long,Xã An Ngãi Trung,10.0916931,106.5448581,81,Moderate,1,25.0,89,0.1,3.1,45,1012.7,100,25.3,28.0,242.0,10.0,91.0,8.4
2026-01-05 20:00:00,2026,1,5,20,Vĩnh Long,Xã An Ngãi Trung,10.0916931,106.5448581,77,Moderate,1,25.2,88,0.0,6.5,95,1013.4,100,18.7,21.8,237.0,8.7,86.0,6.9
2026-01-05 21:00:00,2026,1,5,21,Vĩnh Long,Xã An Ngãi Trung,10.0916931,106.5448581,74,Moderate,1,24.9,90,0.1,9.3,106,1013.6,100,14.2,17.0,241.0,7.0,78.0,4.7
2026-01-05 22:00:00,2026,1,5,22,Vĩnh Long,Xã An Ngãi Trung,10.0916931,106.5448581,72,Moderate,1,24.8,89,0.1,10.1,95,1013.3,100,12.0,14.5,243.0,6.1,72.0,3.2
2026-01-05 23:00:00,2026,1,5,23,Vĩnh Long,Xã An Ngãi Trung,10.0916931,106.5448581,70,Moderate,1,24.5,89,0.0,6.8,90,1012.9,98,11.8,14.1,238.0,6.8,68.0,2.8
2026-01-06 00:00:00,2026,1,6,0,Vĩnh Long,Xã An Ngãi Trung,10.0916931,106.5448581,69,Moderate,1,24.2,91,0.0,4.7,88,1012.7,100,12.5,14.7,230.0,8.3,64.0,3.0
2026-01-06 01:00:00,2026,1,6,1,Vĩnh Long,Xã An Ngãi Trung,10.0916931,106.5448581,69,Moderate,1,24.9,87,0.0,7.3,106,1012.2,100,14.7,16.9,220.0,9.3,62.0,3.2
2026-01-06 02:00:00,2026,1,6,2,Vĩnh Long,Xã An Ngãi Trung,10.0916931,106.5448581,68,Moderate,1,24.6,89,0.8,11.3,103,1012.1,100,14.6,16.9,204.0,9.3,61.0,3.2
2026-01-06 03:00:00,2026,1,6,3,Vĩnh Long,Xã An Ngãi Trung,10.0916931,106.5448581,68,Moderate,1,24.0,92,0.2,9.4,114,1011.6,100,14.8,17.2,187.0,8.9,60.0,3.1
2026-01-06 04:00:00,2026,1,6,4,Vĩnh Long,Xã An Ngãi Trung,10.0916931,106.5448581,68,Moderate,1,24.0,92,0.1,8.3,96,1011.4,100,14.5,17.1,184.0,8.7,60.0,3.2
2026-01-06 05:00:00,2026,1,6,5,Vĩnh Long,Xã An Ngãi Trung,10.0916931,106.5448581,68,Moderate,1,23.9,93,0.0,7.9,79,1011.5,100,14.4,17.0,212.0,9.4,58.0,3.6
2026-01-06 06:00:00,2026,1,6,6,Vĩnh Long,Xã An Ngãi Trung,10.0916931,106.5448581,68,Moderate,1,23.2,96,0.0,3.9,56,1012.0,100,14.4,16.9,255.0,10.4,56.0,4.2
2026-01-06 07:00:00,2026,1,6,7,Vĩnh Long,Xã An Ngãi Trung,10.0916931,106.5448581,67,Moderate,1,24.7,89,0.0,4.3,68,1012.9,100,12.8,15.5,280.0,7.1,66.0,3.4
2026-01-06 08:00:00,2026,1,6,8,Vĩnh Long,Xã An Ngãi Trung,10.0916931,106.5448581,67,Moderate,1,26.1,79,0.0,8.1,87,1013.7,100,11.9,14.9,271.0,5.9,72.0,3.1
2026-01-06 09:00:00,2026,1,6,9,Vĩnh Long,Xã An Ngãi Trung,10.0916931,106.5448581,66,Moderate,1,27.0,73,0.0,8.2,75,1014.1,100,10.8,13.8,244.0,4.3,80.0,2.7
2026-01-06 10:00:00,2026,1,6,10,Vĩnh Long,Xã An Ngãi Trung,10.0916931,106.5448581,65,Moderate,1,28.2,66,0.0,6.9,81,1013.8,100,10.9,14.1,219.0,3.0,87.0,2.3
2026-01-06 11:00:00,2026,1,6,11,Vĩnh Long,Xã An Ngãi Trung,10.0916931,106.5448581,64,Moderate,1,29.1,63,0.0,10.3,101,1013.6,98,11.2,14.5,203.0,2.5,93.0,2.1
2026-01-06 12:00:00,2026,1,6,12,Vĩnh Long,Xã An Ngãi Trung,10.0916931,106.5448581,62,Moderate,1,28.8,63,0.0,12.1,100,1012.9,100,10.4,13.6,189.0,2.4,99.0,1.9
2026-01-06 13:00:00,2026,1,6,13,Vĩnh Long,Xã An Ngãi Trung,10.0916931,106.5448581,61,Moderate,1,29.1,60,0.0,14.4,112,1012.5,100,10.5,13.6,178.0,2.4,103.0,1.8
2026-01-06 14:00:00,2026,1,6,14,Vĩnh Long,Xã An Ngãi Trung,10.0916931,106.5448581,60,Moderate,1,26.9,70,0.1,12.6,115,1011.7,100,10.6,13.8,168.0,2.5,106.0,1.8
2026-01-06 15:00:00,2026,1,6,15,Vĩnh Long,Xã An Ngãi Trung,10.0916931,106.5448581,58,Moderate,1,26.9,70,0.5,13.8,125,1011.3,100,10.8,14.1,162.0,2.7,107.0,1.9
2026-01-06 16:00:00,2026,1,6,16,Vĩnh Long,Xã An Ngãi Trung,10.0916931,106.5448581,57,Moderate,1,26.1,70,0.0,12.7,115,1011.5,99,11.1,14.5,162.0,3.3,106.0,2.1
2026-01-06 17:00:00,2026,1,6,17,Vĩnh Long,Xã An Ngãi Trung,10.0916931,106.5448581,55,Moderate,1,25.4,75,0.1,10.5,86,1012.1,100,11.7,14.8,175.0,4.8,102.0,2.6
2026-01-06 18:00:00,2026,1,6,18,Vĩnh Long,Xã An Ngãi Trung,10.0916931,106.5448581,54,Moderate,1,25.4,76,0.0,5.7,62,1012.6,100,13.0,16.1,195.0,6.7,97.0,3.3
2026-01-06 19:00:00,2026,1,6,19,Vĩnh Long,Xã An Ngãi Trung,10.0916931,106.5448581,53,Moderate,1,25.6,75,0.0,10.0,77,1013.4,100,12.2,15.0,210.0,5.9,93.0,2.6
2026-01-06 20:00:00,2026,1,6,20,Vĩnh Long,Xã An Ngãi Trung,10.0916931,106.5448581,51,Moderate,1,25.4,80,0.0,13.1,81,1014.2,100,11.7,14.6,213.0,5.6,92.0,2.5
2026-01-06 21:00:00,2026,1,6,21,Vĩnh Long,Xã An Ngãi Trung,10.0916931,106.5448581,51,Moderate,1,25.1,80,0.0,13.1,82,1014.6,100,11.1,13.6,210.0,5.3,91.0,2.4
2026-01-06 22:00:00,2026,1,6,22,Vĩnh Long,Xã An Ngãi Trung,10.0916931,106.5448581,51,Moderate,1,25.0,80,0.0,11.8,74,1014.1,100,10.9,13.1,212.0,5.5,89.0,2.5
2026-01-06 23:00:00,2026,1,6,23,Vĩnh Long,Xã An Ngãi Trung,10.0916931,106.5448581,50,Good,0,24.8,81,0.0,11.2,74,1013.6,100,11.2,13.1,216.0,6.4,85.0,2.8
2026-01-07 00:00:00,2026,1,7,0,Vĩnh Long,Xã An Ngãi Trung,10.0916931,106.5448581,50,Good,0,24.5,81,0.0,9.1,69,1013.4,98,11.8,13.5,225.0,7.9,81.0,3.2
2026-01-07 01:00:00,2026,1,7,1,Vĩnh Long,Xã An Ngãi Trung,10.0916931,106.5448581,50,Good,0,24.7,79,0.0,8.1,61,1012.9,100,13.8,15.5,253.0,10.1,74.0,4.2
2026-01-07 02:00:00,2026,1,7,2,Vĩnh Long,Xã An Ngãi Trung,10.0916931,106.5448581,50,Good,0,24.5,82,0.0,8.5,55,1012.4,100,17.6,19.4,310.0,13.8,63.0,6.1
2026-01-07 03:00:00,2026,1,7,3,Vĩnh Long,Xã An Ngãi Trung,10.0916931,106.5448581,51,Moderate,1,24.2,85,0.0,7.6,45,1012.0,100,22.2,24.1,386.0,18.2,51.0,8.4
2026-01-07 04:00:00,2026,1,7,4,Vĩnh Long,Xã An Ngãi Trung,10.0916931,106.5448581,51,Moderate,1,23.9,88,0.1,6.4,25,1012.0,100,26.4,28.3,464.0,21.6,41.0,10.3
2026-01-07 05:00:00,2026,1,7,5,Vĩnh Long,Xã An Ngãi Trung,10.0916931,106.5448581,52,Moderate,1,23.8,90,0.1,5.1,8,1012.6,100,29.9,32.0,563.0,23.6,34.0,11.4
2026-01-07 06:00:00,2026,1,7,6,Vĩnh Long,Xã An Ngãi Trung,10.0916931,106.5448581,54,Moderate,1,23.5,92,0.1,5.8,355,1013.1,100,33.3,35.0,664.0,24.5,30.0,12.0
2026-01-07 07:00:00,2026,1,7,7,Vĩnh Long,Xã An Ngãi Trung,10.0916931,106.5448581,55,Moderate,1,24.1,89,0.1,5.4,56,1013.9,100,36.8,39.2,696.0,26.1,43.0,13.9
2026-01-07 08:00:00,2026,1,7,8,Vĩnh Long,Xã An Ngãi Trung,10.0916931,106.5448581,57,Moderate,1,25.8,69,0.0,9.9,87,1014.8,100,33.3,35.7,598.0,21.8,60.0,13.1
2026-01-07 09:00:00,2026,1,7,9,Vĩnh Long,Xã An Ngãi Trung,10.0916931,106.5448581,59,Moderate,1,26.6,60,0.0,18.0,91,1015.4,100,30.5,33.3,431.0,15.7,84.0,12.0
2026-01-07 10:00:00,2026,1,7,10,Vĩnh Long,Xã An Ngãi Trung,10.0916931,106.5448581,61,Moderate,1,27.0,60,0.0,18.2,91,1015.1,100,26.3,30.3,308.0,10.5,104.0,10.4
2026-01-07 11:00:00,2026,1,7,11,Vĩnh Long,Xã An Ngãi Trung,10.0916931,106.5448581,62,Moderate,1,28.1,55,0.0,17.3,82,1014.6,100,22.1,26.3,279.0,7.1,115.0,7.9
2026-01-07 12:00:00,2026,1,7,12,Vĩnh Long,Xã An Ngãi Trung,10.0916931,106.5448581,63,Moderate,1,28.2,54,0.0,13.9,80,1013.8,99,19.2,23.2,293.0,4.6,121.0,4.9
2026-01-07 13:00:00,2026,1,7,13,Vĩnh Long,Xã An Ngãi Trung,10.0916931,106.5448581,64,Moderate,1,28.1,55,0.0,14.8,92,1013.1,100,17.9,21.9,309.0,3.0,125.0,2.7
2026-01-07 14:00:00,2026,1,7,14,Vĩnh Long,Xã An Ngãi Trung,10.0916931,106.5448581,65,Moderate,1,27.4,59,0.0,15.3,93,1012.3,98,17.6,21.5,313.0,2.6,127.0,2.0
2026-01-07 15:00:00,2026,1,7,15,Vĩnh Long,Xã An Ngãi Trung,10.0916931,106.5448581,65,Moderate,1,27.4,60,0.0,13.4,101,1011.7,73,17.9,21.9,319.0,3.1,128.0,2.1
2026-01-07 16:00:00,2026,1,7,16,Vĩnh Long,Xã An Ngãi Trung,10.0916931,106.5448581,66,Moderate,1,27.0,62,0.0,14.0,99,1012.0,66,18.2,21.9,323.0,3.8,126.0,2.2
2026-01-07 17:00:00,2026,1,7,17,Vĩnh Long,Xã An Ngãi Trung,10.0916931,106.5448581,67,Moderate,1,26.2,66,0.0,15.9,95,1012.6,23,17.8,20.8,325.0,4.6,121.0,2.2
2026-01-07 18:00:00,2026,1,7,18,Vĩnh Long,Xã An Ngãi Trung,10.0916931,106.5448581,72,Moderate,1,25.5,70,0.0,13.9,89,1013.1,13,17.2,20.2,326.0,5.7,114.0,2.2
2026-01-07 19:00:00,2026,1,7,19,Vĩnh Long,Xã An Ngãi Trung,10.0916931,106.5448581,74,Moderate,1,25.6,72,0.0,13.5,94,1013.8,100,18.2,21.4,326.0,6.0,109.0,2.2
2026-01-07 20:00:00,2026,1,7,20,Vĩnh Long,Xã An Ngãi Trung,10.0916931,106.5448581,73,Moderate,1,25.6,71,0.0,15.7,91,1014.5,100,15.1,18.1,323.0,5.4,108.0,2.2
2026-01-07 21:00:00,2026,1,7,21,Vĩnh Long,Xã An Ngãi Trung,10.0916931,106.5448581,70,Moderate,1,25.2,73,0.0,17.3,91,1014.5,95,13.9,16.6,319.0,4.6,108.0,2.2
2026-01-07 22:00:00,2026,1,7,22,Vĩnh Long,Xã An Ngãi Trung,10.0916931,106.5448581,69,Moderate,1,24.6,76,0.0,18.1,84,1014.2,100,14.1,16.5,318.0,4.0,106.0,2.2
2026-01-07 23:00:00,2026,1,7,23,Vĩnh Long,Xã An Ngãi Trung,10.0916931,106.5448581,69,Moderate,1,24.5,74,0.0,17.9,78,1014.0,100,14.5,16.8,324.0,3.8,103.0,2.1
2026-01-08 00:00:00,2026,1,8,0,Vĩnh Long,Xã An Ngãi Trung,10.0916931,106.5448581,69,Moderate,1,24.2,75,0.0,16.4,77,1014.0,100,14.8,16.9,333.0,3.9,100.0,1.9
2026-01-08 01:00:00,2026,1,8,1,Vĩnh Long,Xã An Ngãi Trung,10.0916931,106.5448581,70,Moderate,1,24.2,76,0.0,16.1,80,1013.6,94,15.1,17.2,337.0,4.3,97.0,2.1
2026-01-08 02:00:00,2026,1,8,2,Vĩnh Long,Xã An Ngãi Trung,10.0916931,106.5448581,70,Moderate,1,24.0,75,0.0,15.7,71,1013.4,99,15.9,18.0,328.0,5.2,94.0,2.6
2026-01-08 03:00:00,2026,1,8,3,Vĩnh Long,Xã An Ngãi Trung,10.0916931,106.5448581,70,Moderate,1,23.9,75,0.0,14.6,66,1013.5,100,17.2,19.4,314.0,6.4,92.0,3.5
2026-01-08 04:00:00,2026,1,8,4,Vĩnh Long,Xã An Ngãi Trung,10.0916931,106.5448581,69,Moderate,1,23.9,73,0.0,12.2,59,1013.7,100,18.9,21.2,315.0,8.0,88.0,4.6
2026-01-08 05:00:00,2026,1,8,5,Vĩnh Long,Xã An Ngãi Trung,10.0916931,106.5448581,68,Moderate,1,23.8,73,0.0,11.3,53,1014.2,100,20.8,23.3,345.0,10.6,80.0,6.3
2026-01-08 06:00:00,2026,1,8,6,Vĩnh Long,Xã An Ngãi Trung,10.0916931,106.5448581,68,Moderate,1,23.7,72,0.0,9.9,48,1014.9,99,23.4,26.0,389.0,13.5,71.0,8.3
2026-01-08 07:00:00,2026,1,8,7,Vĩnh Long,Xã An Ngãi Trung,10.0916931,106.5448581,67,Moderate,1,23.4,80,0.0,5.4,352,1015.4,100,29.5,32.2,425.0,17.1,67.0,10.4
2026-01-08 08:00:00,2026,1,8,8,Vĩnh Long,Xã An Ngãi Trung,10.0916931,106.5448581,66,Moderate,1,24.2,75,0.0,5.8,355,1016.5,84,29.0,31.8,448.0,16.4,75.0,11.6
2026-01-08 09:00:00,2026,1,8,9,Vĩnh Long,Xã An Ngãi Trung,10.0916931,106.5448581,66,Moderate,1,25.3,69,0.0,6.6,9,1016.9,54,27.6,30.4,462.0,15.3,87.0,13.2
2026-01-08 10:00:00,2026,1,8,10,Vĩnh Long,Xã An Ngãi Trung,10.0916931,106.5448581,65,Moderate,1,26.3,65,0.0,5.8,2,1016.6,43,27.2,29.6,461.0,13.7,101.0,13.9
2026-01-08 11:00:00,2026,1,8,11,Vĩnh Long,Xã An Ngãi Trung,10.0916931,106.5448581,66,Moderate,1,27.2,61,0.0,4.6,329,1015.9,99,26.5,28.2,433.0,11.3,118.0,12.9
2026-01-08 12:00:00,2026,1,8,12,Vĩnh Long,Xã An Ngãi Trung,10.0916931,106.5448581,66,Moderate,1,27.9,59,0.1,2.1,20,1014.9,100,28.8,30.5,388.0,8.3,136.0,10.9
2026-01-08 13:00:00,2026,1,8,13,Vĩnh Long,Xã An Ngãi Trung,10.0916931,106.5448581,67,Moderate,1,27.9,56,0.1,3.3,13,1014.2,99,30.0,31.8,355.0,6.0,149.0,9.1
2026-01-08 14:00:00,2026,1,8,14,Vĩnh Long,Xã An Ngãi Trung,10.0916931,106.5448581,68,Moderate,1,28.1,56,0.0,4.2,342,1012.9,100,29.7,31.7,346.0,4.6,156.0,7.7
2026-01-08 15:00:00,2026,1,8,15,Vĩnh Long,Xã An Ngãi Trung,10.0916931,106.5448581,69,Moderate,1,28.9,52,0.0,4.8,11,1012.1,100,29.1,31.5,347.0,3.8,158.0,6.4
2026-01-08 16:00:00,2026,1,8,16,Vĩnh Long,Xã An Ngãi Trung,10.0916931,106.5448581,75,Moderate,1,28.2,52,0.0,8.8,73,1012.4,99,26.6,29.3,346.0,3.6,154.0,5.3
2026-01-08 17:00:00,2026,1,8,17,Vĩnh Long,Xã An Ngãi Trung,10.0916931,106.5448581,92,Moderate,1,25.8,66,0.0,16.8,108,1012.8,100,23.2,25.8,336.0,4.2,141.0,4.4
2026-01-08 18:00:00,2026,1,8,18,Vĩnh Long,Xã An Ngãi Trung,10.0916931,106.5448581,103,Unhealthy for Sensitive Groups,2,24.9,69,0.0,14.4,94,1013.3,34,20.4,22.8,323.0,5.4,122.0,3.6
2026-01-08 19:00:00,2026,1,8,19,Vĩnh Long,Xã An Ngãi Trung,10.0916931,106.5448581,108,Unhealthy for Sensitive Groups,2,24.5,72,0.0,13.3,92,1014.3,8,22.3,25.6,311.0,5.5,110.0,2.9
2026-01-08 20:00:00,2026,1,8,20,Vĩnh Long,Xã An Ngãi Trung,10.0916931,106.5448581,106,Unhealthy for Sensitive Groups,2,24.4,73,0.0,15.7,88,1015.0,1,18.9,21.9,302.0,5.0,108.0,2.7
2026-01-08 21:00:00,2026,1,8,21,Vĩnh Long,Xã An Ngãi Trung,10.0916931,106.5448581,100,Moderate,1,24.0,75,0.0,15.2,85,1015.2,92,16.7,19.5,295.0,4.4,105.0,2.6
2026-01-08 22:00:00,2026,1,8,22,Vĩnh Long,Xã An Ngãi Trung,10.0916931,106.5448581,91,Moderate,1,23.7,75,0.0,13.2,80,1014.8,99,15.4,17.9,288.0,4.6,100.0,2.7
2026-01-08 23:00:00,2026,1,8,23,Vĩnh Long,Xã An Ngãi Trung,10.0916931,106.5448581,79,Moderate,1,23.5,75,0.0,11.9,79,1014.6,100,14.8,17.1,276.0,6.0,93.0,3.2
2026-01-09 00:00:00,2026,1,9,0,Vĩnh Long,Xã An Ngãi Trung,10.0916931,106.5448581,72,Moderate,1,22.9,76,0.0,7.4,61,1014.4,100,15.8,17.9,265.0,8.2,85.0,3.9
2026-01-09 01:00:00,2026,1,9,1,Vĩnh Long,Xã An Ngãi Trung,10.0916931,106.5448581,73,Moderate,1,22.5,78,0.0,6.5,51,1014.3,100,19.4,21.4,274.0,11.1,75.0,5.3
2026-01-09 02:00:00,2026,1,9,2,Vĩnh Long,Xã An Ngãi Trung,10.0916931,106.5448581,73,Moderate,1,22.1,82,0.0,5.5,13,1013.8,100,25.3,27.4,326.0,15.1,62.0,7.5
2026-01-09 03:00:00,2026,1,9,3,Vĩnh Long,Xã An Ngãi Trung,10.0916931,106.5448581,74,Moderate,1,21.2,90,0.0,7.1,336,1013.6,100,30.9,32.8,398.0,19.8,49.0,10.4
2026-01-09 04:00:00,2026,1,9,4,Vĩnh Long,Xã An Ngãi Trung,10.0916931,106.5448581,75,Moderate,1,20.4,90,0.0,9.6,337,1013.9,100,34.9,36.3,439.0,23.4,38.0,13.1
2026-01-09 05:00:00,2026,1,9,5,Vĩnh Long,Xã An Ngãi Trung,10.0916931,106.5448581,76,Moderate,1,19.7,72,0.0,8.2,350,1014.7,99,39.6,39.9,419.0,25.5,30.0,15.8
2026-01-09 06:00:00,2026,1,9,6,Vĩnh Long,Xã An Ngãi Trung,10.0916931,106.5448581,78,Moderate,1,19.0,66,0.0,8.4,351,1015.3,99,40.6,40.9,369.0,26.6,26.0,18.4
2026-01-09 07:00:00,2026,1,9,7,Vĩnh Long,Xã An Ngãi Trung,10.0916931,106.5448581,80,Moderate,1,19.0,68,0.0,9.5,351,1015.8,98,47.6,47.8,331.0,28.0,31.0,20.5
2026-01-09 08:00:00,2026,1,9,8,Vĩnh Long,Xã An Ngãi Trung,10.0916931,106.5448581,81,Moderate,1,20.7,62,0.0,8.2,352,1016.9,78,41.7,42.0,323.0,24.3,48.0,20.2
2026-01-09 09:00:00,2026,1,9,9,Vĩnh Long,Xã An Ngãi Trung,10.0916931,106.5448581,82,Moderate,1,22.9,56,0.0,7.9,348,1017.1,52,35.5,36.2,328.0,19.1,73.0,19.6
2026-01-09 10:00:00,2026,1,9,10,Vĩnh Long,Xã An Ngãi Trung,10.0916931,106.5448581,83,Moderate,1,24.9,54,0.0,5.0,358,1016.3,14,31.5,33.8,330.0,14.2,97.0,18.0
2026-01-09 11:00:00,2026,1,9,11,Vĩnh Long,Xã An Ngãi Trung,10.0916931,106.5448581,83,Moderate,1,26.4,53,0.0,2.6,39,1015.4,19,28.9,32.0,325.0,9.7,118.0,14.4
2026-01-09 12:00:00,2026,1,9,12,Vĩnh Long,Xã An Ngãi Trung,10.0916931,106.5448581,84,Moderate,1,27.5,50,0.0,1.1,99,1014.3,1,26.3,29.0,319.0,5.5,139.0,9.7
2026-01-09 13:00:00,2026,1,9,13,Vĩnh Long,Xã An Ngãi Trung,10.0916931,106.5448581,83,Moderate,1,27.8,48,0.0,0.9,323,1013.0,59,24.5,26.8,312.0,2.6,154.0,6.3
2026-01-09 14:00:00,2026,1,9,14,Vĩnh Long,Xã An Ngãi Trung,10.0916931,106.5448581,83,Moderate,1,28.5,46,0.0,2.5,352,1011.9,99,23.4,25.3,305.0,1.3,163.0,5.0
2026-01-09 15:00:00,2026,1,9,15,Vĩnh Long,Xã An Ngãi Trung,10.0916931,106.5448581,82,Moderate,1,28.1,46,0.0,3.7,55,1011.6,100,24.0,25.7,298.0,1.3,166.0,5.0
2026-01-09 16:00:00,2026,1,9,16,Vĩnh Long,Xã An Ngãi Trung,10.0916931,106.5448581,82,Moderate,1,27.2,50,0.0,4.6,81,1011.9,98,24.5,26.3,295.0,2.9,162.0,5.4
2026-01-09 17:00:00,2026,1,9,17,Vĩnh Long,Xã An Ngãi Trung,10.0916931,106.5448581,95,Moderate,1,25.8,57,0.0,6.4,112,1012.5,13,26.1,27.8,299.0,7.4,146.0,6.5
2026-01-09 18:00:00,2026,1,9,18,Vĩnh Long,Xã An Ngãi Trung,10.0916931,106.5448581,110,Unhealthy for Sensitive Groups,2,23.8,65,0.0,9.9,122,1013.3,4,35.5,37.1,308.0,13.5,122.0,8.2
2026-01-09 19:00:00,2026,1,9,19,Vĩnh Long,Xã An Ngãi Trung,10.0916931,106.5448581,115,Unhealthy for Sensitive Groups,2,23.6,68,0.0,5.7,118,1014.0,66,36.0,38.5,313.0,12.9,102.0,7.1
2026-01-09 20:00:00,2026,1,9,20,Vĩnh Long,Xã An Ngãi Trung,10.0916931,106.5448581,112,Unhealthy for Sensitive Groups,2,23.3,71,0.0,6.6,127,1014.9,60,29.6,32.9,313.0,11.6,99.0,6.4
2026-01-09 21:00:00,2026,1,9,21,Vĩnh Long,Xã An Ngãi Trung,10.0916931,106.5448581,103,Unhealthy for Sensitive Groups,2,23.1,73,0.0,6.9,133,1014.8,100,26.4,29.6,310.0,9.8,94.0,5.4
2026-01-09 22:00:00,2026,1,9,22,Vĩnh Long,Xã An Ngãi Trung,10.0916931,106.5448581,91,Moderate,1,23.0,74,0.0,7.6,98,1014.3,100,24.2,27.3,302.0,8.5,90.0,4.6
2026-01-09 23:00:00,2026,1,9,23,Vĩnh Long,Xã An Ngãi Trung,10.0916931,106.5448581,87,Moderate,1,23.1,74,0.0,11.6,98,1014.2,100,22.7,25.8,283.0,7.9,89.0,4.1
2026-01-10 00:00:00,2026,1,10,0,Vĩnh Long,Xã An Ngãi Trung,10.0916931,106.5448581,88,Moderate,1,23.2,74,0.0,12.5,95,1014.1,99,21.5,24.6,259.0,7.8,89.0,3.8
2026-01-10 01:00:00,2026,1,10,1,Vĩnh Long,Xã An Ngãi Trung,10.0916931,106.5448581,88,Moderate,1,23.1,72,0.0,8.1,94,1013.3,100,20.7,23.8,244.0,8.0,88.0,3.7
2026-01-10 02:00:00,2026,1,10,2,Vĩnh Long,Xã An Ngãi Trung,10.0916931,106.5448581,88,Moderate,1,22.2,78,0.0,5.8,86,1013.0,91,20.3,23.3,241.0,8.3,86.0,3.6
2026-01-10 03:00:00,2026,1,10,3,Vĩnh Long,Xã An Ngãi Trung,10.0916931,106.5448581,88,Moderate,1,21.8,81,0.0,3.4,32,1012.6,30,20.8,23.7,247.0,8.9,82.0,3.7
2026-01-10 04:00:00,2026,1,10,4,Vĩnh Long,Xã An Ngãi Trung,10.0916931,106.5448581,87,Moderate,1,20.8,87,0.0,6.8,338,1012.7,99,23.6,26.5,265.0,10.5,76.0,4.4
2026-01-10 05:00:00,2026,1,10,5,Vĩnh Long,Xã An Ngãi Trung,10.0916931,106.5448581,86,Moderate,1,19.9,94,0.0,4.7,317,1013.4,33,30.4,33.5,310.0,14.4,62.0,6.1
2026-01-10 06:00:00,2026,1,10,6,Vĩnh Long,Xã An Ngãi Trung,10.0916931,106.5448581,85,Moderate,1,19.2,96,0.0,4.5,358,1013.8,4,38.3,41.3,367.0,19.2,46.0,8.4
2026-01-10 07:00:00,2026,1,10,7,Vĩnh Long,Xã An Ngãi Trung,10.0916931,106.5448581,85,Moderate,1,20.9,94,0.0,6.5,332,1014.4,2,54.0,56.9,400.0,23.4,32.0,13.9
2026-01-10 08:00:00,2026,1,10,8,Vĩnh Long,Xã An Ngãi Trung,10.0916931,106.5448581,86,Moderate,1,23.0,85,0.0,4.8,338,1015.2,1,56.2,58.3,386.0,19.1,58.0,14.5
2026-01-10 09:00:00,2026,1,10,9,Vĩnh Long,Xã An Ngãi Trung,10.0916931,106.5448581,87,Moderate,1,25.0,72,0.0,4.7,328,1015.5,13,44.1,48.1,348.0,13.1,95.0,15.3
2026-01-10 10:00:00,2026,1,10,10,Vĩnh Long,Xã An Ngãi Trung,10.0916931,106.5448581,88,Moderate,1,26.4,64,0.0,4.1,337,1015.4,34,31.5,35.4,316.0,8.2,125.0,15.2
2026-01-10 11:00:00,2026,1,10,11,Vĩnh Long,Xã An Ngãi Trung,10.0916931,106.5448581,88,Moderate,1,27.5,55,0.0,3.4,354,1014.6,67,28.2,30.2,300.0,5.3,143.0,13.5
2026-01-10 12:00:00,2026,1,10,12,Vĩnh Long,Xã An Ngãi Trung,10.0916931,106.5448581,88,Moderate,1,28.0,51,0.0,2.0,27,1013.7,95,27.5,29.1,291.0,3.4,155.0,10.9
2026-01-10 13:00:00,2026,1,10,13,Vĩnh Long,Xã An Ngãi Trung,10.0916931,106.5448581,88,Moderate,1,27.9,51,0.0,7.8,113,1013.2,100,27.1,28.6,285.0,2.3,162.0,8.8
2026-01-10 14:00:00,2026,1,10,14,Vĩnh Long,Xã An Ngãi Trung,10.0916931,106.5448581,88,Moderate,1,27.6,50,0.0,9.0,119,1012.4,62,26.7,28.1,279.0,1.8,166.0,7.8
2026-01-10 15:00:00,2026,1,10,15,Vĩnh Long,Xã An Ngãi Trung,10.0916931,106.5448581,88,Moderate,1,27.4,45,0.0,8.7,120,1012.1,35,26.9,28.3,277.0,2.1,165.0,7.3
2026-01-10 16:00:00,2026,1,10,16,Vĩnh Long,Xã An Ngãi Trung,10.0916931,106.5448581,94,Moderate,1,27.4,43,0.0,7.6,128,1012.0,12,27.1,28.5,288.0,3.4,159.0,7.1
2026-01-10 17:00:00,2026,1,10,17,Vĩnh Long,Xã An Ngãi Trung,10.0916931,106.5448581,115,Unhealthy for Sensitive Groups,2,26.5,44,0.0,7.3,142,1012.3,1,27.8,29.3,325.0,6.4,144.0,7.2
2026-01-10 18:00:00,2026,1,10,18,Vĩnh Long,Xã An Ngãi Trung,10.0916931,106.5448581,126,Unhealthy for Sensitive Groups,2,24.5,52,0.0,6.9,127,1012.6,1,30.4,31.8,375.0,10.5,122.0,7.6
2026-01-10 19:00:00,2026,1,10,19,Vĩnh Long,Xã An Ngãi Trung,10.0916931,106.5448581,125,Unhealthy for Sensitive Groups,2,24.0,67,0.0,2.0,135,1013.5,15,36.3,38.0,405.0,13.3,93.0,7.6
2026-01-10 20:00:00,2026,1,10,20,Vĩnh Long,Xã An Ngãi Trung,10.0916931,106.5448581,115,Unhealthy for Sensitive Groups,2,23.4,70,0.0,7.3,173,1014.3,12,35.9,37.8,400.0,15.0,86.0,8.8
2026-01-10 21:00:00,2026,1,10,21,Vĩnh Long,Xã An Ngãi Trung,10.0916931,106.5448581,100,Moderate,1,22.4,79,0.0,5.0,167,1014.7,86,38.6,41.4,375.0,17.4,76.0,10.4
2026-01-10 22:00:00,2026,1,10,22,Vĩnh Long,Xã An Ngãi Trung,10.0916931,106.5448581,90,Moderate,1,22.2,83,0.0,2.2,156,1014.7,65,44.7,48.0,348.0,19.5,67.0,11.5
2026-01-10 23:00:00,2026,1,10,23,Vĩnh Long,Xã An Ngãi Trung,10.0916931,106.5448581,92,Moderate,1,22.0,85,0.0,1.8,156,1014.8,95,51.1,54.8,320.0,21.5,61.0,11.6
2026-01-11 00:00:00,2026,1,11,0,Vĩnh Long,Xã An Ngãi Trung,10.0916931,106.5448581,94,Moderate,1,21.6,88,0.0,3.1,144,1014.7,98,54.7,58.6,289.0,23.3,56.0,11.0
2026-01-11 01:00:00,2026,1,11,1,Vĩnh Long,Xã An Ngãi Trung,10.0916931,106.5448581,97,Moderate,1,21.4,91,0.0,5.0,150,1014.4,100,50.3,53.8,268.0,23.5,54.0,10.2
2026-01-11 02:00:00,2026,1,11,2,Vĩnh Long,Xã An Ngãi Trung,10.0916931,106.5448581,100,Moderate,1,21.9,89,0.0,1.2,141,1014.1,99,40.7,44.0,262.0,20.5,58.0,8.6
2026-01-11 03:00:00,2026,1,11,3,Vĩnh Long,Xã An Ngãi Trung,10.0916931,106.5448581,102,Unhealthy for Sensitive Groups,2,21.1,92,0.0,1.2,309,1013.6,100,35.4,38.9,265.0,15.9,64.0,6.7
2026-01-11 04:00:00,2026,1,11,4,Vĩnh Long,Xã An Ngãi Trung,10.0916931,106.5448581,104,Unhealthy for Sensitive Groups,2,20.8,95,0.0,1.0,292,1013.6,100,32.4,36.1,278.0,13.6,68.0,5.9
2026-01-11 05:00:00,2026,1,11,5,Vĩnh Long,Xã An Ngãi Trung,10.0916931,106.5448581,105,Unhealthy for Sensitive Groups,2,20.4,96,0.0,1.9,343,1014.3,100,30.9,34.7,308.0,16.6,63.0,7.2
2026-01-11 06:00:00,2026,1,11,6,Vĩnh Long,Xã An Ngãi Trung,10.0916931,106.5448581,105,Unhealthy for Sensitive Groups,2,20.3,98,0.0,7.9,344,1014.7,100,34.5,38.5,347.0,21.9,55.0,9.5
2026-01-11 07:00:00,2026,1,11,7,Vĩnh Long,Xã An Ngãi Trung,10.0916931,106.5448581,104,Unhealthy for Sensitive Groups,2,21.5,96,0.0,8.4,323,1015.3,100,57.7,62.4,371.0,26.8,49.0,11.8
2026-01-11 08:00:00,2026,1,11,8,Vĩnh Long,Xã An Ngãi Trung,10.0916931,106.5448581,105,Unhealthy for Sensitive Groups,2,23.5,84,0.0,7.3,316,1016.2,100,45.1,48.7,366.0,21.6,67.0,12.1
2026-01-11 09:00:00,2026,1,11,9,Vĩnh Long,Xã An Ngãi Trung,10.0916931,106.5448581,104,Unhealthy for Sensitive Groups,2,25.1,71,0.0,7.3,301,1016.6,100,37.1,41.1,345.0,14.3,93.0,12.6
2026-01-11 10:00:00,2026,1,11,10,Vĩnh Long,Xã An Ngãi Trung,10.0916931,106.5448581,103,Unhealthy for Sensitive Groups,2,26.5,59,0.0,7.7,311,1016.4,82,35.6,38.0,327.0,8.5,118.0,13.0
2026-01-11 11:00:00,2026,1,11,11,Vĩnh Long,Xã An Ngãi Trung,10.0916931,106.5448581,103,Unhealthy for Sensitive Groups,2,28.2,51,0.0,5.8,334,1016.2,44,40.6,42.8,316.0,5.6,143.0,13.6
2026-01-11 12:00:00,2026,1,11,12,Vĩnh Long,Xã An Ngãi Trung,10.0916931,106.5448581,104,Unhealthy for Sensitive Groups,2,29.5,46,0.0,4.4,21,1015.2,100,45.1,47.0,307.0,4.3,168.0,14.1
2026-01-11 13:00:00,2026,1,11,13,Vĩnh Long,Xã An Ngãi Trung,10.0916931,106.5448581,106,Unhealthy for Sensitive Groups,2,29.7,45,0.0,3.5,12,1014.4,97,46.6,48.4,301.0,3.5,184.0,14.2
2026-01-11 14:00:00,2026,1,11,14,Vĩnh Long,Xã An Ngãi Trung,10.0916931,106.5448581,108,Unhealthy for Sensitive Groups,2,29.6,46,0.0,3.5,62,1013.4,92,44.9,46.7,298.0,2.8,189.0,13.4
2026-01-11 15:00:00,2026,1,11,15,Vĩnh Long,Xã An Ngãi Trung,10.0916931,106.5448581,110,Unhealthy for Sensitive Groups,2,29.6,47,0.0,3.5,102,1012.9,86,43.8,45.6,297.0,2.8,185.0,12.0
2026-01-11 16:00:00,2026,1,11,16,Vĩnh Long,Xã An Ngãi Trung,10.0916931,106.5448581,112,Unhealthy for Sensitive Groups,2,29.3,48,0.0,3.6,90,1012.7,48,43.3,45.1,296.0,4.1,175.0,11.1
2026-01-11 17:00:00,2026,1,11,17,Vĩnh Long,Xã An Ngãi Trung,10.0916931,106.5448581,133,Unhealthy for Sensitive Groups,2,28.2,51,0.0,5.5,109,1013.1,23,43.1,44.8,295.0,8.4,156.0,11.2
2026-01-11 18:00:00,2026,1,11,18,Vĩnh Long,Xã An Ngãi Trung,10.0916931,106.5448581,147,Unhealthy for Sensitive Groups,2,26.4,60,0.0,9.4,120,1013.6,84,45.3,46.9,294.0,14.0,131.0,11.7
2026-01-11 19:00:00,2026,1,11,19,Vĩnh Long,Xã An Ngãi Trung,10.0916931,106.5448581,150,Unhealthy for Sensitive Groups,2,25.9,65,0.0,8.5,145,1014.4,100,46.2,48.3,292.0,17.1,111.0,11.3
2026-01-11 20:00:00,2026,1,11,20,Vĩnh Long,Xã An Ngãi Trung,10.0916931,106.5448581,143,Unhealthy for Sensitive Groups,2,25.2,72,0.0,9.8,145,1014.9,100,38.1,40.5,289.0,15.0,103.0,9.2
2026-01-11 21:00:00,2026,1,11,21,Vĩnh Long,Xã An Ngãi Trung,10.0916931,106.5448581,129,Unhealthy for Sensitive Groups,2,24.9,76,0.0,8.7,143,1015.2,100,25.7,28.3,286.0,10.3,101.0,6.2
2026-01-11 22:00:00,2026,1,11,22,Vĩnh Long,Xã An Ngãi Trung,10.0916931,106.5448581,117,Unhealthy for Sensitive Groups,2,24.6,78,0.0,7.0,136,1014.9,7,19.8,22.9,282.0,6.7,99.0,3.9
2026-01-11 23:00:00,2026,1,11,23,Vĩnh Long,Xã An Ngãi Trung,10.0916931,106.5448581,114,Unhealthy for Sensitive Groups,2,23.7,83,0.0,4.6,141,1014.5,49,18.0,21.1,277.0,5.8,96.0,3.1
2026-01-12 00:00:00,2026,1,12,0,Vĩnh Long,Xã An Ngãi Trung,10.0916931,106.5448581,111,Unhealthy for Sensitive Groups,2,23.2,85,0.0,3.6,127,1014.3,100,17.2,20.3,271.0,6.1,93.0,3.0
2026-01-12 01:00:00,2026,1,12,1,Vĩnh Long,Xã An Ngãi Trung,10.0916931,106.5448581,107,Unhealthy for Sensitive Groups,2,23.7,83,0.0,3.2,106,1014.2,100,17.2,20.4,267.0,6.6,90.0,3.0
2026-01-12 02:00:00,2026,1,12,2,Vĩnh Long,Xã An Ngãi Trung,10.0916931,106.5448581,103,Unhealthy for Sensitive Groups,2,23.4,85,0.0,3.6,93,1013.8,100,17.9,21.1,261.0,6.9,87.0,2.9
2026-01-12 03:00:00,2026,1,12,3,Vĩnh Long,Xã An Ngãi Trung,10.0916931,106.5448581,101,Unhealthy for Sensitive Groups,2,24.0,80,0.0,4.1,75,1013.6,100,19.0,22.1,257.0,7.5,83.0,3.0
2026-01-12 04:00:00,2026,1,12,4,Vĩnh Long,Xã An Ngãi Trung,10.0916931,106.5448581,99,Moderate,1,24.2,78,0.0,5.0,64,1013.5,100,20.5,23.6,262.0,9.0,78.0,3.4
2026-01-12 05:00:00,2026,1,12,5,Vĩnh Long,Xã An Ngãi Trung,10.0916931,106.5448581,98,Moderate,1,24.0,80,0.0,4.2,54,1013.8,100,22.8,25.8,290.0,12.5,67.0,4.4
2026-01-12 06:00:00,2026,1,12,6,Vĩnh Long,Xã An Ngãi Trung,10.0916931,106.5448581,98,Moderate,1,23.1,87,0.0,2.5,21,1014.2,100,27.5,30.5,328.0,16.9,54.0,5.7
2026-01-12 07:00:00,2026,1,12,7,Vĩnh Long,Xã An Ngãi Trung,10.0916931,106.5448581,97,Moderate,1,23.8,86,0.0,6.4,79,1015.1,40,26.2,29.0,348.0,16.5,63.0,5.9
2026-01-12 08:00:00,2026,1,12,8,Vĩnh Long,Xã An Ngãi Trung,10.0916931,106.5448581,94,Moderate,1,25.9,74,0.0,10.5,82,1016.0,31,20.2,23.3,331.0,12.9,80.0,6.1
2026-01-12 09:00:00,2026,1,12,9,Vĩnh Long,Xã An Ngãi Trung,10.0916931,106.5448581,92,Moderate,1,27.1,65,0.0,10.8,89,1016.4,16,20.0,24.1,296.0,7.8,105.0,6.5
2026-01-12 10:00:00,2026,1,12,10,Vĩnh Long,Xã An Ngãi Trung,10.0916931,106.5448581,90,Moderate,1,28.2,59,0.0,10.1,90,1016.1,23,23.9,25.8,268.0,4.1,126.0,6.9
2026-01-12 11:00:00,2026,1,12,11,Vĩnh Long,Xã An Ngãi Trung,10.0916931,106.5448581,89,Moderate,1,29.1,55,0.0,10.8,90,1015.5,26,29.0,30.9,256.0,2.9,141.0,7.5
2026-01-12 12:00:00,2026,1,12,12,Vĩnh Long,Xã An Ngãi Trung,10.0916931,106.5448581,88,Moderate,1,29.5,53,0.0,10.1,94,1014.4,55,30.7,32.4,252.0,3.0,153.0,8.3
2026-01-12 13:00:00,2026,1,12,13,Vĩnh Long,Xã An Ngãi Trung,10.0916931,106.5448581,87,Moderate,1,29.5,52,0.0,12.5,102,1013.6,6,32.1,33.6,250.0,3.3,162.0,8.9
2026-01-12 14:00:00,2026,1,12,14,Vĩnh Long,Xã An Ngãi Trung,10.0916931,106.5448581,86,Moderate,1,29.5,52,0.0,10.8,111,1012.3,5,34.0,35.5,252.0,3.3,171.0,9.5
2026-01-12 15:00:00,2026,1,12,15,Vĩnh Long,Xã An Ngãi Trung,10.0916931,106.5448581,85,Moderate,1,29.2,52,0.0,10.7,127,1011.7,4,35.6,37.1,256.0,3.5,178.0,10.0
2026-01-12 16:00:00,2026,1,12,16,Vĩnh Long,Xã An Ngãi Trung,10.0916931,106.5448581,104,Unhealthy for Sensitive Groups,2,28.2,55,0.0,13.1,127,1011.8,2,36.8,38.3,260.0,4.4,176.0,10.1
2026-01-12 17:00:00,2026,1,12,17,Vĩnh Long,Xã An Ngãi Trung,10.0916931,106.5448581,124,Unhealthy for Sensitive Groups,2,26.6,65,0.0,11.7,115,1012.3,15,36.1,37.7,261.0,7.1,156.0,9.6
2026-01-12 18:00:00,2026,1,12,18,Vĩnh Long,Xã An Ngãi Trung,10.0916931,106.5448581,135,Unhealthy for Sensitive Groups,2,25.2,74,0.0,10.2,118,1012.9,95,38.1,39.8,261.0,10.5,127.0,8.8
2026-01-12 19:00:00,2026,1,12,19,Vĩnh Long,Xã An Ngãi Trung,10.0916931,106.5448581,135,Unhealthy for Sensitive Groups,2,25.0,79,0.0,10.0,141,1013.6,99,34.8,37.4,260.0,13.3,99.0,7.2
2026-01-12 20:00:00,2026,1,12,20,Vĩnh Long,Xã An Ngãi Trung,10.0916931,106.5448581,126,Unhealthy for Sensitive Groups,2,24.8,83,0.0,8.6,131,1014.6,95,26.7,29.5,260.0,11.3,98.0,6.1
2026-01-12 21:00:00,2026,1,12,21,Vĩnh Long,Xã An Ngãi Trung,10.0916931,106.5448581,115,Unhealthy for Sensitive Groups,2,24.6,87,0.0,8.8,121,1015.1,54,20.3,23.8,260.0,8.4,97.0,4.5
2026-01-12 22:00:00,2026,1,12,22,Vĩnh Long,Xã An Ngãi Trung,10.0916931,106.5448581,101,Unhealthy for Sensitive Groups,2,24.2,88,0.0,9.6,116,1015.1,18,17.5,21.1,255.0,6.3,96.0,3.3
2026-01-12 23:00:00,2026,1,12,23,Vĩnh Long,Xã An Ngãi Trung,10.0916931,106.5448581,85,Moderate,1,24.0,87,0.0,10.1,102,1014.8,15,16.6,20.3,241.0,5.5,96.0,2.8
2026-01-13 00:00:00,2026,1,13,0,Vĩnh Long,Xã An Ngãi Trung,10.0916931,106.5448581,79,Moderate,1,23.9,88,0.0,11.7,104,1014.4,33,16.2,20.0,223.0,5.3,95.0,2.6
2026-01-13 01:00:00,2026,1,13,1,Vĩnh Long,Xã An Ngãi Trung,10.0916931,106.5448581,79,Moderate,1,23.8,87,0.0,11.2,93,1013.9,59,16.5,20.5,210.0,5.4,94.0,2.5
2026-01-13 02:00:00,2026,1,13,2,Vĩnh Long,Xã An Ngãi Trung,10.0916931,106.5448581,79,Moderate,1,23.7,86,0.0,9.5,89,1013.5,98,17.3,21.5,203.0,5.7,92.0,2.5
2026-01-13 03:00:00,2026,1,13,3,Vĩnh Long,Xã An Ngãi Trung,10.0916931,106.5448581,79,Moderate,1,23.5,87,0.0,7.9,94,1013.2,89,18.3,22.8,201.0,6.2,88.0,2.6
2026-01-13 04:00:00,2026,1,13,4,Vĩnh Long,Xã An Ngãi Trung,10.0916931,106.5448581,79,Moderate,1,23.5,88,0.0,6.6,99,1013.4,99,19.4,23.9,206.0,6.9,85.0,2.8
2026-01-13 05:00:00,2026,1,13,5,Vĩnh Long,Xã An Ngãi Trung,10.0916931,106.5448581,79,Moderate,1,23.8,86,0.0,7.6,105,1013.7,100,20.3,24.8,224.0,8.3,80.0,3.4
2026-01-13 06:00:00,2026,1,13,6,Vĩnh Long,Xã An Ngãi Trung,10.0916931,106.5448581,79,Moderate,1,23.6,87,0.0,7.2,104,1013.7,100,20.5,24.9,248.0,9.9,74.0,4.1
2026-01-13 07:00:00,2026,1,13,7,Vĩnh Long,Xã An Ngãi Trung,10.0916931,106.5448581,78,Moderate,1,24.1,87,0.0,9.8,114,1014.3,63,20.6,24.8,261.0,9.6,75.0,4.2
2026-01-13 08:00:00,2026,1,13,8,Vĩnh Long,Xã An Ngãi Trung,10.0916931,106.5448581,78,Moderate,1,25.8,77,0.0,11.8,110,1015.4,79,17.1,22.0,251.0,7.5,83.0,3.7
2026-01-13 09:00:00,2026,1,13,9,Vĩnh Long,Xã An Ngãi Trung,10.0916931,106.5448581,78,Moderate,1,27.1,68,0.0,11.6,109,1015.9,91,15.8,20.6,231.0,4.7,95.0,3.0
2026-01-13 10:00:00,2026,1,13,10,Vĩnh Long,Xã An Ngãi Trung,10.0916931,106.5448581,77,Moderate,1,27.7,65,0.1,9.1,104,1015.9,95,16.5,21.4,217.0,2.6,106.0,2.6
2026-01-13 11:00:00,2026,1,13,11,Vĩnh Long,Xã An Ngãi Trung,10.0916931,106.5448581,76,Moderate,1,27.6,64,0.0,6.7,95,1015.3,91,19.3,24.3,219.0,1.9,114.0,2.7
2026-01-13 12:00:00,2026,1,13,12,Vĩnh Long,Xã An Ngãi Trung,10.0916931,106.5448581,76,Moderate,1,27.5,65,0.1,5.9,92,1014.3,48,19.0,23.9,227.0,1.8,122.0,3.2
2026-01-13 13:00:00,2026,1,13,13,Vĩnh Long,Xã An Ngãi Trung,10.0916931,106.5448581,75,Moderate,1,28.0,62,0.2,3.0,65,1013.3,63,22.0,26.8,237.0,2.0,128.0,3.6
2026-01-13 14:00:00,2026,1,13,14,Vĩnh Long,Xã An Ngãi Trung,10.0916931,106.5448581,74,Moderate,1,28.6,59,0.2,2.3,4,1012.2,58,19.9,23.7,248.0,2.0,134.0,3.9
2026-01-13 15:00:00,2026,1,13,15,Vĩnh Long,Xã An Ngãi Trung,10.0916931,106.5448581,72,Moderate,1,28.5,59,0.2,3.2,16,1011.4,97,20.0,23.7,261.0,2.1,139.0,4.1
2026-01-13 16:00:00,2026,1,13,16,Vĩnh Long,Xã An Ngãi Trung,10.0916931,106.5448581,71,Moderate,1,28.0,62,0.1,3.3,81,1011.4,95,21.0,24.9,265.0,3.0,139.0,4.4
2026-01-13 17:00:00,2026,1,13,17,Vĩnh Long,Xã An Ngãi Trung,10.0916931,106.5448581,74,Moderate,1,26.5,68,0.0,9.4,114,1011.8,63,23.0,26.6,255.0,5.5,128.0,4.8
2026-01-13 18:00:00,2026,1,13,18,Vĩnh Long,Xã An Ngãi Trung,10.0916931,106.5448581,81,Moderate,1,25.3,72,0.0,12.4,111,1012.2,27,24.4,27.4,237.0,8.7,112.0,5.3
2026-01-13 19:00:00,2026,1,13,19,Vĩnh Long,Xã An Ngãi Trung,10.0916931,106.5448581,83,Moderate,1,24.5,80,0.0,11.6,111,1012.8,9,28.3,32.2,223.0,11.8,94.0,6.0
2026-01-13 20:00:00,2026,1,13,20,Vĩnh Long,Xã An Ngãi Trung,10.0916931,106.5448581,78,Moderate,1,24.4,81,0.0,11.9,101,1013.7,3,21.9,25.9,220.0,10.1,95.0,5.2
2026-01-13 21:00:00,2026,1,13,21,Vĩnh Long,Xã An Ngãi Trung,10.0916931,106.5448581,73,Moderate,1,24.2,81,0.0,11.1,102,1013.9,6,18.2,21.9,221.0,7.9,96.0,4.1
2026-01-13 22:00:00,2026,1,13,22,Vĩnh Long,Xã An Ngãi Trung,10.0916931,106.5448581,66,Moderate,1,24.0,80,0.0,10.6,109,1013.7,8,16.9,20.7,221.0,6.2,96.0,3.2
2026-01-13 23:00:00,2026,1,13,23,Vĩnh Long,Xã An Ngãi Trung,10.0916931,106.5448581,66,Moderate,1,23.9,82,0.0,11.6,109,1013.5,100,16.7,20.3,219.0,5.8,94.0,2.8
2026-01-14 00:00:00,2026,1,14,0,Vĩnh Long,Xã An Ngãi Trung,10.0916931,106.5448581,66,Moderate,1,23.8,82,0.0,12.1,110,1013.0,88,16.0,19.5,216.0,6.0,92.0,2.7
2026-01-14 01:00:00,2026,1,14,1,Vĩnh Long,Xã An Ngãi Trung,10.0916931,106.5448581,66,Moderate,1,23.7,85,0.0,12.9,113,1012.6,100,15.7,19.1,213.0,6.3,89.0,2.6
2026-01-14 02:00:00,2026,1,14,2,Vĩnh Long,Xã An Ngãi Trung,10.0916931,106.5448581,66,Moderate,1,23.5,86,0.0,11.2,106,1012.1,98,15.6,19.2,209.0,6.3,87.0,2.4
2026-01-14 03:00:00,2026,1,14,3,Vĩnh Long,Xã An Ngãi Trung,10.0916931,106.5448581,66,Moderate,1,23.4,88,0.0,11.2,108,1011.8,100,15.7,19.3,205.0,6.3,85.0,2.4
2026-01-14 04:00:00,2026,1,14,4,Vĩnh Long,Xã An Ngãi Trung,10.0916931,106.5448581,66,Moderate,1,23.2,87,0.0,10.1,102,1011.7,100,15.8,19.4,207.0,6.7,82.0,2.5
2026-01-14 05:00:00,2026,1,14,5,Vĩnh Long,Xã An Ngãi Trung,10.0916931,106.5448581,65,Moderate,1,23.1,87,0.0,9.1,98,1011.8,100,16.2,19.8,221.0,8.2,77.0,3.2
2026-01-14 06:00:00,2026,1,14,6,Vĩnh Long,Xã An Ngãi Trung,10.0916931,106.5448581,65,Moderate,1,23.0,87,0.0,8.8,99,1012.4,48,17.2,20.9,241.0,10.0,72.0,4.1
2026-01-14 07:00:00,2026,1,14,7,Vĩnh Long,Xã An Ngãi Trung,10.0916931,106.5448581,65,Moderate,1,24.1,85,0.0,9.8,113,1013.3,27,17.6,21.2,253.0,9.0,75.0,4.0
2026-01-14 08:00:00,2026,1,14,8,Vĩnh Long,Xã An Ngãi Trung,10.0916931,106.5448581,64,Moderate,1,25.8,75,0.0,13.5,104,1014.4,58,14.5,18.6,249.0,7.1,83.0,3.4
2026-01-14 09:00:00,2026,1,14,9,Vĩnh Long,Xã An Ngãi Trung,10.0916931,106.5448581,64,Moderate,1,26.9,69,0.0,14.2,102,1014.8,34,13.5,17.5,238.0,4.4,93.0,2.7
2026-01-14 10:00:00,2026,1,14,10,Vĩnh Long,Xã An Ngãi Trung,10.0916931,106.5448581,64,Moderate,1,27.9,64,0.0,13.3,103,1014.6,37,12.7,16.5,229.0,2.4,103.0,2.1
2026-01-14 11:00:00,2026,1,14,11,Vĩnh Long,Xã An Ngãi Trung,10.0916931,106.5448581,64,Moderate,1,28.4,62,0.1,12.1,105,1014.3,59,14.2,18.3,227.0,1.7,111.0,2.0
2026-01-14 12:00:00,2026,1,14,12,Vĩnh Long,Xã An Ngãi Trung,10.0916931,106.5448581,63,Moderate,1,28.6,61,0.2,11.0,104,1013.1,95,16.1,20.3,228.0,1.7,118.0,2.1
2026-01-14 13:00:00,2026,1,14,13,Vĩnh Long,Xã An Ngãi Trung,10.0916931,106.5448581,63,Moderate,1,28.0,65,0.1,9.5,104,1012.1,55,16.5,20.3,229.0,1.8,123.0,2.2
2026-01-14 14:00:00,2026,1,14,14,Vĩnh Long,Xã An Ngãi Trung,10.0916931,106.5448581,62,Moderate,1,28.2,63,0.3,6.9,104,1011.0,61,16.3,19.7,231.0,1.7,126.0,2.2
2026-01-14 15:00:00,2026,1,14,15,Vĩnh Long,Xã An Ngãi Trung,10.0916931,106.5448581,62,Moderate,1,28.2,63,0.1,8.1,103,1010.1,39,16.8,20.4,233.0,1.8,127.0,2.2
2026-01-14 16:00:00,2026,1,14,16,Vĩnh Long,Xã An Ngãi Trung,10.0916931,106.5448581,62,Moderate,1,27.6,63,0.0,11.5,104,1010.2,23,16.1,20.0,236.0,2.4,125.0,2.3
2026-01-14 17:00:00,2026,1,14,17,Vĩnh Long,Xã An Ngãi Trung,10.0916931,106.5448581,64,Moderate,1,26.5,68,0.0,12.2,110,1010.6,4,15.4,19.0,240.0,4.2,116.0,2.8
2026-01-14 18:00:00,2026,1,14,18,Vĩnh Long,Xã An Ngãi Trung,10.0916931,106.5448581,68,Moderate,1,25.0,75,0.0,10.7,106,1011.2,7,15.9,19.2,245.0,6.6,103.0,3.5
2026-01-14 19:00:00,2026,1,14,19,Vĩnh Long,Xã An Ngãi Trung,10.0916931,106.5448581,68,Moderate,1,24.8,82,0.0,10.6,113,1011.8,4,16.6,19.7,245.0,8.8,86.0,4.1
2026-01-14 20:00:00,2026,1,14,20,Vĩnh Long,Xã An Ngãi Trung,10.0916931,106.5448581,63,Moderate,1,24.6,86,0.0,10.5,109,1012.6,7,15.6,18.6,239.0,8.1,87.0,4.0
2026-01-14 21:00:00,2026,1,14,21,Vĩnh Long,Xã An Ngãi Trung,10.0916931,106.5448581,58,Moderate,1,24.4,88,0.0,10.7,104,1013.0,8,14.6,17.8,229.0,7.1,88.0,3.9
2026-01-14 22:00:00,2026,1,14,22,Vĩnh Long,Xã An Ngãi Trung,10.0916931,106.5448581,58,Moderate,1,24.1,88,0.0,10.1,102,1012.9,2,14.1,17.3,218.0,6.2,89.0,3.7
2026-01-14 23:00:00,2026,1,14,23,Vĩnh Long,Xã An Ngãi Trung,10.0916931,106.5448581,58,Moderate,1,23.9,89,0.0,9.7,106,1013.3,39,13.6,17.0,206.0,5.5,88.0,3.2
2026-01-15 00:00:00,2026,1,15,0,Vĩnh Long,Xã An Ngãi Trung,10.0916931,106.5448581,57,Moderate,1,23.8,89,0.0,10.6,114,1013.3,30,12.8,16.4,194.0,5.0,86.0,2.6
2026-01-15 01:00:00,2026,1,15,1,Vĩnh Long,Xã An Ngãi Trung,10.0916931,106.5448581,57,Moderate,1,23.6,89,0.0,10.8,114,1012.8,86,12.5,16.1,185.0,4.6,84.0,2.2
2026-01-15 02:00:00,2026,1,15,2,Vĩnh Long,Xã An Ngãi Trung,10.0916931,106.5448581,57,Moderate,1,23.5,89,0.0,10.1,107,1012.3,13,12.4,16.0,182.0,4.5,81.0,2.0
2026-01-15 03:00:00,2026,1,15,3,Vĩnh Long,Xã An Ngãi Trung,10.0916931,106.5448581,57,Moderate,1,23.4,90,0.0,9.6,103,1012.1,21,12.5,16.1,182.0,4.6,79.0,2.0
2026-01-15 04:00:00,2026,1,15,4,Vĩnh Long,Xã An Ngãi Trung,10.0916931,106.5448581,56,Moderate,1,23.2,90,0.0,9.7,100,1012.0,5,12.5,16.2,186.0,4.9,76.0,2.1
2026-01-15 05:00:00,2026,1,15,5,Vĩnh Long,Xã An Ngãi Trung,10.0916931,106.5448581,56,Moderate,1,23.2,87,0.0,10.4,98,1012.1,3,12.7,16.4,196.0,5.9,73.0,2.4
2026-01-15 06:00:00,2026,1,15,6,Vĩnh Long,Xã An Ngãi Trung,10.0916931,106.5448581,56,Moderate,1,23.1,87,0.0,10.3,95,1012.4,73,12.9,16.5,209.0,7.1,70.0,2.9
2026-01-15 07:00:00,2026,1,15,7,Vĩnh Long,Xã An Ngãi Trung,10.0916931,106.5448581,55,Moderate,1,24.1,86,0.0,11.0,90,1013.1,77,13.3,16.5,218.0,7.3,71.0,3.1
2026-01-15 08:00:00,2026,1,15,8,Vĩnh Long,Xã An Ngãi Trung,10.0916931,106.5448581,55,Moderate,1,25.9,78,0.0,12.4,87,1013.9,5,12.7,16.6,218.0,6.1,80.0,2.9
2026-01-15 09:00:00,2026,1,15,9,Vĩnh Long,Xã An Ngãi Trung,10.0916931,106.5448581,55,Moderate,1,27.3,70,0.0,10.6,86,1014.1,3,12.9,16.7,213.0,4.4,94.0,2.8
2026-01-15 10:00:00,2026,1,15,10,Vĩnh Long,Xã An Ngãi Trung,10.0916931,106.5448581,55,Moderate,1,28.6,63,0.0,7.5,80,1013.8,29,14.9,19.2,215.0,3.2,107.0,2.9
2026-01-15 11:00:00,2026,1,15,11,Vĩnh Long,Xã An Ngãi Trung,10.0916931,106.5448581,55,Moderate,1,29.8,56,0.0,5.0,60,1013.1,48,17.1,20.7,230.0,2.8,120.0,3.6
2026-01-15 12:00:00,2026,1,15,12,Vĩnh Long,Xã An Ngãi Trung,10.0916931,106.5448581,55,Moderate,1,30.5,52,0.0,4.8,45,1011.9,63,18.9,21.1,251.0,2.8,132.0,4.6
2026-01-15 13:00:00,2026,1,15,13,Vĩnh Long,Xã An Ngãi Trung,10.0916931,106.5448581,55,Moderate,1,29.6,56,0.0,5.3,80,1010.9,33,25.7,27.6,265.0,3.0,143.0,5.5
2026-01-15 14:00:00,2026,1,15,14,Vĩnh Long,Xã An Ngãi Trung,10.0916931,106.5448581,56,Moderate,1,29.9,56,0.1,5.6,96,1009.7,77,29.4,31.2,267.0,3.1,154.0,6.4
2026-01-15 15:00:00,2026,1,15,15,Vĩnh Long,Xã An Ngãi Trung,10.0916931,106.5448581,58,Moderate,1,29.8,57,0.2,7.8,103,1009.1,80,29.6,31.2,262.0,3.4,163.0,7.1
2026-01-15 16:00:00,2026,1,15,16,Vĩnh Long,Xã An Ngãi Trung,10.0916931,106.5448581,78,Moderate,1,28.0,66,0.1,14.9,115,1009.0,76,30.7,32.5,254.0,3.9,163.0,7.3
2026-01-15 17:00:00,2026,1,15,17,Vĩnh Long,Xã An Ngãi Trung,10.0916931,106.5448581,95,Moderate,1,26.0,75,0.0,16.2,113,1009.4,13,26.7,28.8,242.0,4.9,146.0,6.5
2026-01-15 18:00:00,2026,1,15,18,Vĩnh Long,Xã An Ngãi Trung,10.0916931,106.5448581,106,Unhealthy for Sensitive Groups,2,25.1,78,0.0,13.9,110,1009.7,10,23.1,26.0,226.0,6.2,120.0,5.0
2026-01-15 19:00:00,2026,1,15,19,Vĩnh Long,Xã An Ngãi Trung,10.0916931,106.5448581,109,Unhealthy for Sensitive Groups,2,24.8,84,0.0,13.0,108,1010.3,16,18.8,22.4,215.0,6.3,96.0,3.6
2026-01-15 20:00:00,2026,1,15,20,Vĩnh Long,Xã An Ngãi Trung,10.0916931,106.5448581,104,Unhealthy for Sensitive Groups,2,24.6,87,0.0,13.7,111,1011.4,20,15.5,19.2,212.0,5.9,96.0,3.5
2026-01-15 21:00:00,2026,1,15,21,Vĩnh Long,Xã An Ngãi Trung,10.0916931,106.5448581,96,Moderate,1,24.2,88,0.0,12.8,112,1011.8,28,14.3,18.0,212.0,5.4,97.0,3.3
2026-01-15 22:00:00,2026,1,15,22,Vĩnh Long,Xã An Ngãi Trung,10.0916931,106.5448581,87,Moderate,1,24.1,88,0.0,12.8,114,1011.9,17,13.8,17.4,211.0,4.9,97.0,3.1
2026-01-15 23:00:00,2026,1,15,23,Vĩnh Long,Xã An Ngãi Trung,10.0916931,106.5448581,75,Moderate,1,23.9,87,0.0,12.2,114,1011.7,27,13.1,16.6,205.0,4.6,96.0,2.8
2026-01-16 00:00:00,2026,1,16,0,Vĩnh Long,Xã An Ngãi Trung,10.0916931,106.5448581,62,Moderate,1,23.8,88,0.0,11.6,111,1011.4,35,12.1,15.5,198.0,4.5,94.0,2.4
2026-01-16 01:00:00,2026,1,16,1,Vĩnh Long,Xã An Ngãi Trung,10.0916931,106.5448581,62,Moderate,1,23.6,88,0.0,10.9,109,1011.0,29,11.8,15.1,193.0,4.4,92.0,2.1
2026-01-16 02:00:00,2026,1,16,2,Vĩnh Long,Xã An Ngãi Trung,10.0916931,106.5448581,61,Moderate,1,23.5,88,0.0,9.8,110,1010.5,26,11.9,15.3,192.0,4.4,89.0,2.0
2026-01-16 03:00:00,2026,1,16,3,Vĩnh Long,Xã An Ngãi Trung,10.0916931,106.5448581,61,Moderate,1,23.2,89,0.0,8.7,114,1010.2,20,12.3,15.7,194.0,4.6,87.0,2.0
2026-01-16 04:00:00,2026,1,16,4,Vĩnh Long,Xã An Ngãi Trung,10.0916931,106.5448581,61,Moderate,1,23.0,90,0.0,8.7,112,1010.1,16,12.7,16.2,200.0,4.9,84.0,2.1
2026-01-16 05:00:00,2026,1,16,5,Vĩnh Long,Xã An Ngãi Trung,10.0916931,106.5448581,61,Moderate,1,22.9,90,0.0,7.9,117,1010.3,94,13.1,16.6,214.0,5.7,81.0,2.5
2026-01-16 06:00:00,2026,1,16,6,Vĩnh Long,Xã An Ngãi Trung,10.0916931,106.5448581,61,Moderate,1,22.7,90,0.0,7.2,122,1011.0,98,13.5,17.1,232.0,6.7,78.0,3.0
2026-01-16 07:00:00,2026,1,16,7,Vĩnh Long,Xã An Ngãi Trung,10.0916931,106.5448581,62,Moderate,1,24.0,85,0.0,10.7,112,1011.6,52,16.2,20.1,240.0,7.6,76.0,3.6
2026-01-16 08:00:00,2026,1,16,8,Vĩnh Long,Xã An Ngãi Trung,10.0916931,106.5448581,62,Moderate,1,25.8,76,0.0,12.9,105,1012.9,97,14.9,19.6,230.0,6.3,83.0,3.3
2026-01-16 09:00:00,2026,1,16,9,Vĩnh Long,Xã An Ngãi Trung,10.0916931,106.5448581,62,Moderate,1,27.1,68,0.0,13.0,107,1013.4,100,15.0,19.7,212.0,4.6,92.0,2.9
2026-01-16 10:00:00,2026,1,16,10,Vĩnh Long,Xã An Ngãi Trung,10.0916931,106.5448581,62,Moderate,1,27.8,65,0.0,13.5,106,1013.4,100,16.4,21.2,198.0,3.2,101.0,2.5
2026-01-16 11:00:00,2026,1,16,11,Vĩnh Long,Xã An Ngãi Trung,10.0916931,106.5448581,62,Moderate,1,28.2,64,0.1,13.9,107,1012.9,99,17.5,22.5,196.0,2.4,108.0,2.3
2026-01-16 12:00:00,2026,1,16,12,Vĩnh Long,Xã An Ngãi Trung,10.0916931,106.5448581,62,Moderate,1,28.4,63,0.0,15.1,110,1011.9,100,19.8,24.9,199.0,2.0,114.0,2.2
2026-01-16 13:00:00,2026,1,16,13,Vĩnh Long,Xã An Ngãi Trung,10.0916931,106.5448581,62,Moderate,1,28.5,63,0.0,15.3,106,1010.6,100,19.6,24.3,202.0,1.8,119.0,2.1
2026-01-16 14:00:00,2026,1,16,14,Vĩnh Long,Xã An Ngãi Trung,10.0916931,106.5448581,62,Moderate,1,28.3,62,0.0,14.5,109,1009.6,64,18.9,23.2,204.0,1.5,125.0,2.0
2026-01-16 15:00:00,2026,1,16,15,Vĩnh Long,Xã An Ngãi Trung,10.0916931,106.5448581,61,Moderate,1,28.0,62,0.0,13.3,111,1008.9,24,18.7,22.2,208.0,1.5,130.0,2.0
2026-01-16 16:00:00,2026,1,16,16,Vĩnh Long,Xã An Ngãi Trung,10.0916931,106.5448581,60,Moderate,1,27.3,62,0.0,11.9,113,1008.5,46,17.7,20.3,211.0,2.4,129.0,2.3
2026-01-16 17:00:00,2026,1,16,17,Vĩnh Long,Xã An Ngãi Trung,10.0916931,106.5448581,62,Moderate,1,26.2,66,0.0,11.1,112,1008.6,57,17.8,20.4,216.0,5.2,118.0,3.2
2026-01-16 18:00:00,2026,1,16,18,Vĩnh Long,Xã An Ngãi Trung,10.0916931,106.5448581,67,Moderate,1,24.9,72,0.0,8.5,114,1009.2,99,21.2,24.3,221.0,8.9,100.0,4.3
2026-01-16 19:00:00,2026,1,16,19,Vĩnh Long,Xã An Ngãi Trung,10.0916931,106.5448581,67,Moderate,1,24.6,79,0.0,8.3,114,1009.6,100,20.4,23.8,224.0,9.9,86.0,4.6
2026-01-16 20:00:00,2026,1,16,20,Vĩnh Long,Xã An Ngãi Trung,10.0916931,106.5448581,62,Moderate,1,24.5,81,0.0,8.5,114,1010.6,80,20.4,23.9,223.0,9.6,84.0,4.8
2026-01-16 21:00:00,2026,1,16,21,Vĩnh Long,Xã An Ngãi Trung,10.0916931,106.5448581,58,Moderate,1,24.1,86,0.0,8.4,110,1011.0,100,20.4,23.9,219.0,9.2,81.0,5.0
2026-01-16 22:00:00,2026,1,16,22,Vĩnh Long,Xã An Ngãi Trung,10.0916931,106.5448581,59,Moderate,1,24.0,88,0.0,10.0,107,1011.0,93,21.0,24.6,213.0,8.7,79.0,4.9
2026-01-16 23:00:00,2026,1,16,23,Vĩnh Long,Xã An Ngãi Trung,10.0916931,106.5448581,60,Moderate,1,23.8,85,0.0,10.4,101,1010.9,96,20.8,24.4,203.0,7.8,80.0,4.3
2026-01-17 00:00:00,2026,1,17,0,Vĩnh Long,Xã An Ngãi Trung,10.0916931,106.5448581,60,Moderate,1,23.4,89,0.0,10.1,106,1010.7,95,19.1,22.9,191.0,6.8,81.0,3.5
2026-01-17 01:00:00,2026,1,17,1,Vĩnh Long,Xã An Ngãi Trung,10.0916931,106.5448581,61,Moderate,1,23.2,91,0.0,9.6,107,1010.3,99,18.0,21.9,182.0,6.1,82.0,2.9
2026-01-17 02:00:00,2026,1,17,2,Vĩnh Long,Xã An Ngãi Trung,10.0916931,106.5448581,61,Moderate,1,23.1,90,0.0,10.2,108,1010.0,96,17.8,21.8,177.0,5.7,81.0,2.6
2026-01-17 03:00:00,2026,1,17,3,Vĩnh Long,Xã An Ngãi Trung,10.0916931,106.5448581,62,Moderate,1,23.0,90,0.0,9.0,112,1009.2,94,18.2,22.3,176.0,5.6,80.0,2.5
2026-01-17 04:00:00,2026,1,17,4,Vĩnh Long,Xã An Ngãi Trung,10.0916931,106.5448581,63,Moderate,1,22.9,90,0.0,8.0,113,1009.3,99,18.5,22.6,182.0,6.0,78.0,2.7
2026-01-17 05:00:00,2026,1,17,5,Vĩnh Long,Xã An Ngãi Trung,10.0916931,106.5448581,63,Moderate,1,22.8,90,0.0,7.1,111,1009.5,100,18.6,22.8,204.0,7.4,73.0,3.4
2026-01-17 06:00:00,2026,1,17,6,Vĩnh Long,Xã An Ngãi Trung,10.0916931,106.5448581,64,Moderate,1,22.1,92,0.0,5.5,101,1009.6,100,19.4,23.6,234.0,9.3,67.0,4.3
2026-01-17 07:00:00,2026,1,17,7,Vĩnh Long,Xã An Ngãi Trung,10.0916931,106.5448581,64,Moderate,1,23.5,88,0.0,6.0,95,1010.3,50,21.0,24.7,252.0,9.1,67.0,4.5
2026-01-17 08:00:00,2026,1,17,8,Vĩnh Long,Xã An Ngãi Trung,10.0916931,106.5448581,64,Moderate,1,25.6,76,0.0,8.7,94,1011.3,44,19.3,24.0,247.0,7.1,76.0,3.8
2026-01-17 09:00:00,2026,1,17,9,Vĩnh Long,Xã An Ngãi Trung,10.0916931,106.5448581,65,Moderate,1,27.1,69,0.0,9.6,93,1011.6,20,17.1,22.0,231.0,4.3,89.0,2.9
2026-01-17 10:00:00,2026,1,17,10,Vĩnh Long,Xã An Ngãi Trung,10.0916931,106.5448581,65,Moderate,1,28.0,64,0.0,10.1,88,1011.2,26,17.3,22.4,218.0,2.2,101.0,2.2
2026-01-17 11:00:00,2026,1,17,11,Vĩnh Long,Xã An Ngãi Trung,10.0916931,106.5448581,65,Moderate,1,28.5,61,0.1,10.6,87,1010.6,36,18.5,23.6,215.0,1.5,110.0,2.0
2026-01-17 12:00:00,2026,1,17,12,Vĩnh Long,Xã An Ngãi Trung,10.0916931,106.5448581,65,Moderate,1,28.5,61,0.2,9.6,87,1009.7,100,19.5,23.6,214.0,1.5,118.0,2.1
2026-01-17 13:00:00,2026,1,17,13,Vĩnh Long,Xã An Ngãi Trung,10.0916931,106.5448581,65,Moderate,1,28.5,61,0.1,8.7,96,1008.8,81,20.5,24.0,215.0,1.7,124.0,2.2
2026-01-17 14:00:00,2026,1,17,14,Vĩnh Long,Xã An Ngãi Trung,10.0916931,106.5448581,65,Moderate,1,28.7,60,0.1,9.6,107,1007.5,40,21.4,24.7,215.0,1.7,128.0,2.2
2026-01-17 15:00:00,2026,1,17,15,Vĩnh Long,Xã An Ngãi Trung,10.0916931,106.5448581,65,Moderate,1,28.6,61,0.1,10.0,113,1007.0,59,21.4,24.7,216.0,1.9,129.0,2.2
2026-01-17 16:00:00,2026,1,17,16,Vĩnh Long,Xã An Ngãi Trung,10.0916931,106.5448581,66,Moderate,1,28.1,62,0.0,10.9,114,1006.8,79,20.6,24.0,217.0,2.5,127.0,2.4
2026-01-17 17:00:00,2026,1,17,17,Vĩnh Long,Xã An Ngãi Trung,10.0916931,106.5448581,66,Moderate,1,26.1,73,0.0,13.5,120,1007.2,17,20.2,24.2,217.0,4.1,118.0,2.8
2026-01-17 18:00:00,2026,1,17,18,Vĩnh Long,Xã An Ngãi Trung,10.0916931,106.5448581,70,Moderate,1,24.6,77,0.0,12.3,121,1007.6,6,19.4,23.0,216.0,6.1,105.0,3.4
2026-01-17 19:00:00,2026,1,17,19,Vĩnh Long,Xã An Ngãi Trung,10.0916931,106.5448581,71,Moderate,1,24.4,83,0.0,10.1,125,1008.1,39,19.0,23.2,215.0,6.5,94.0,3.5
2026-01-17 20:00:00,2026,1,17,20,Vĩnh Long,Xã An Ngãi Trung,10.0916931,106.5448581,67,Moderate,1,24.0,83,0.0,12.5,120,1008.9,91,18.6,22.9,212.0,6.3,94.0,3.6
2026-01-17 21:00:00,2026,1,17,21,Vĩnh Long,Xã An Ngãi Trung,10.0916931,106.5448581,66,Moderate,1,24.1,84,0.0,12.3,122,1009.3,66,18.6,22.9,209.0,6.1,93.0,3.8
2026-01-17 22:00:00,2026,1,17,22,Vĩnh Long,Xã An Ngãi Trung,10.0916931,106.5448581,66,Moderate,1,23.9,87,0.0,11.1,124,1009.3,100,19.0,23.3,207.0,5.9,92.0,3.8
2026-01-17 23:00:00,2026,1,17,23,Vĩnh Long,Xã An Ngãi Trung,10.0916931,106.5448581,65,Moderate,1,23.5,89,0.0,9.7,125,1009.4,98,19.2,23.5,208.0,5.5,90.0,3.5
2026-01-18 00:00:00,2026,1,18,0,Vĩnh Long,Xã An Ngãi Trung,10.0916931,106.5448581,65,Moderate,1,23.2,90,0.0,7.8,128,1009.1,87,18.4,22.6,211.0,5.2,89.0,2.9
2026-01-18 01:00:00,2026,1,18,1,Vĩnh Long,Xã An Ngãi Trung,10.0916931,106.5448581,65,Moderate,1,23.1,92,0.0,6.0,127,1008.7,74,18.4,22.5,215.0,5.3,86.0,2.7
2026-01-18 02:00:00,2026,1,18,2,Vĩnh Long,Xã An Ngãi Trung,10.0916931,106.5448581,65,Moderate,1,23.2,90,0.0,7.8,113,1008.2,69,19.6,23.8,217.0,6.1,83.0,3.0
2026-01-18 03:00:00,2026,1,18,3,Vĩnh Long,Xã An Ngãi Trung,10.0916931,106.5448581,65,Moderate,1,23.0,90,0.0,9.0,112,1007.5,95,22.2,26.7,219.0,7.5,79.0,3.5
2026-01-18 04:00:00,2026,1,18,4,Vĩnh Long,Xã An Ngãi Trung,10.0916931,106.5448581,66,Moderate,1,22.5,90,0.0,6.4,122,1007.8,100,26.3,31.2,227.0,9.3,75.0,3.9
2026-01-18 05:00:00,2026,1,18,5,Vĩnh Long,Xã An Ngãi Trung,10.0916931,106.5448581,66,Moderate,1,22.0,91,0.0,5.0,134,1008.3,95,30.3,35.5,250.0,12.7,69.0,4.2
2026-01-18 06:00:00,2026,1,18,6,Vĩnh Long,Xã An Ngãi Trung,10.0916931,106.5448581,67,Moderate,1,22.0,92,0.0,4.3,135,1008.7,95,39.5,44.7,278.0,16.5,63.0,4.5
2026-01-18 07:00:00,2026,1,18,7,Vĩnh Long,Xã An Ngãi Trung,10.0916931,106.5448581,69,Moderate,1,23.1,89,0.0,4.4,153,1009.6,97,33.3,38.4,293.0,14.7,62.0,6.7
2026-01-18 08:00:00,2026,1,18,8,Vĩnh Long,Xã An Ngãi Trung,10.0916931,106.5448581,70,Moderate,1,25.5,76,0.0,8.7,111,1010.4,99,25.4,31.1,279.0,11.0,76.0,5.5
2026-01-18 09:00:00,2026,1,18,9,Vĩnh Long,Xã An Ngãi Trung,10.0916931,106.5448581,71,Moderate,1,26.8,69,0.0,10.9,106,1011.0,99,20.2,25.8,251.0,5.9,96.0,3.8
2026-01-18 10:00:00,2026,1,18,10,Vĩnh Long,Xã An Ngãi Trung,10.0916931,106.5448581,71,Moderate,1,27.8,64,0.0,11.7,110,1010.8,100,19.8,25.1,231.0,2.2,112.0,2.5
2026-01-18 11:00:00,2026,1,18,11,Vĩnh Long,Xã An Ngãi Trung,10.0916931,106.5448581,71,Moderate,1,28.2,62,0.0,12.8,114,1010.3,100,19.8,24.7,230.0,1.1,120.0,2.0
2026-01-18 12:00:00,2026,1,18,12,Vĩnh Long,Xã An Ngãi Trung,10.0916931,106.5448581,72,Moderate,1,28.4,61,0.0,12.8,114,1009.2,91,20.9,24.7,237.0,1.2,124.0,2.0
2026-01-18 13:00:00,2026,1,18,13,Vĩnh Long,Xã An Ngãi Trung,10.0916931,106.5448581,72,Moderate,1,28.5,59,0.0,13.6,113,1008.2,42,21.5,24.6,242.0,1.6,127.0,2.0
2026-01-18 14:00:00,2026,1,18,14,Vĩnh Long,Xã An Ngãi Trung,10.0916931,106.5448581,72,Moderate,1,28.0,60,0.0,12.5,110,1007.3,39,22.8,25.7,241.0,1.6,131.0,2.0
2026-01-18 15:00:00,2026,1,18,15,Vĩnh Long,Xã An Ngãi Trung,10.0916931,106.5448581,72,Moderate,1,27.8,61,0.0,13.2,112,1006.7,11,22.7,25.6,238.0,1.8,133.0,2.1
2026-01-18 16:00:00,2026,1,18,16,Vĩnh Long,Xã An Ngãi Trung,10.0916931,106.5448581,72,Moderate,1,26.7,65,0.0,14.4,118,1006.8,20,22.2,25.0,238.0,2.5,132.0,2.4
2026-01-18 17:00:00,2026,1,18,17,Vĩnh Long,Xã An Ngãi Trung,10.0916931,106.5448581,74,Moderate,1,25.4,71,0.0,13.9,119,1007.3,55,22.0,24.7,243.0,4.4,124.0,3.0
2026-01-18 18:00:00,2026,1,18,18,Vĩnh Long,Xã An Ngãi Trung,10.0916931,106.5448581,80,Moderate,1,24.5,75,0.0,11.4,116,1007.7,100,22.1,24.4,250.0,6.8,112.0,3.8
2026-01-18 19:00:00,2026,1,18,19,Vĩnh Long,Xã An Ngãi Trung,10.0916931,106.5448581,80,Moderate,1,24.5,80,0.0,10.1,131,1008.1,93,25.7,28.6,255.0,7.6,97.0,4.1
2026-01-18 20:00:00,2026,1,18,20,Vĩnh Long,Xã An Ngãi Trung,10.0916931,106.5448581,75,Moderate,1,24.2,82,0.0,9.3,126,1009.1,98,24.5,27.5,257.0,7.4,96.0,4.2
2026-01-18 21:00:00,2026,1,18,21,Vĩnh Long,Xã An Ngãi Trung,10.0916931,106.5448581,74,Moderate,1,23.9,85,0.0,9.9,119,1009.4,2,24.9,28.6,258.0,7.2,94.0,4.4
2026-01-18 22:00:00,2026,1,18,22,Vĩnh Long,Xã An Ngãi Trung,10.0916931,106.5448581,74,Moderate,1,23.7,86,0.0,11.1,117,1009.6,5,24.9,28.6,257.0,7.0,93.0,4.4
2026-01-18 23:00:00,2026,1,18,23,Vĩnh Long,Xã An Ngãi Trung,10.0916931,106.5448581,75,Moderate,1,23.6,86,0.0,10.7,115,1009.7,4,24.5,28.3,254.0,6.7,92.0,4.0
2026-01-19 00:00:00,2026,1,19,0,Vĩnh Long,Xã An Ngãi Trung,10.0916931,106.5448581,75,Moderate,1,23.4,86,0.0,9.6,113,1009.8,1,22.9,26.7,249.0,6.5,91.0,3.4
2026-01-19 01:00:00,2026,1,19,1,Vĩnh Long,Xã An Ngãi Trung,10.0916931,106.5448581,76,Moderate,1,23.1,89,0.0,8.7,111,1009.3,34,21.3,25.1,245.0,6.3,91.0,3.0
2026-01-19 02:00:00,2026,1,19,2,Vĩnh Long,Xã An Ngãi Trung,10.0916931,106.5448581,76,Moderate,1,23.2,88,0.0,9.4,114,1008.7,66,20.4,24.3,240.0,6.1,91.0,2.8
2026-01-19 03:00:00,2026,1,19,3,Vĩnh Long,Xã An Ngãi Trung,10.0916931,106.5448581,76,Moderate,1,23.3,87,0.0,9.9,115,1008.3,67,20.7,24.6,236.0,6.0,91.0,2.7
2026-01-19 04:00:00,2026,1,19,4,Vĩnh Long,Xã An Ngãi Trung,10.0916931,106.5448581,76,Moderate,1,23.5,85,0.0,10.8,118,1008.1,87,21.2,25.2,236.0,6.3,91.0,2.9
2026-01-19 05:00:00,2026,1,19,5,Vĩnh Long,Xã An Ngãi Trung,10.0916931,106.5448581,75,Moderate,1,23.4,86,0.0,11.2,120,1008.6,64,21.8,25.8,247.0,7.6,88.0,3.5
2026-01-19 06:00:00,2026,1,19,6,Vĩnh Long,Xã An Ngãi Trung,10.0916931,106.5448581,75,Moderate,1,23.0,87,0.0,10.2,118,1009.2,94,22.6,26.6,263.0,9.2,84.0,4.3
2026-01-19 07:00:00,2026,1,19,7,Vĩnh Long,Xã An Ngãi Trung,10.0916931,106.5448581,73,Moderate,1,24.1,83,0.0,10.7,117,1010.2,66,23.6,27.8,270.0,8.8,88.0,4.4
2026-01-19 08:00:00,2026,1,19,8,Vĩnh Long,Xã An Ngãi Trung,10.0916931,106.5448581,72,Moderate,1,26.0,73,0.0,15.5,112,1011.3,63,23.6,29.5,259.0,6.9,95.0,3.8
2026-01-19 09:00:00,2026,1,19,9,Vĩnh Long,Xã An Ngãi Trung,10.0916931,106.5448581,72,Moderate,1,26.7,69,0.1,17.7,109,1012.1,36,19.6,24.9,238.0,4.2,106.0,3.0
2026-01-19 10:00:00,2026,1,19,10,Vĩnh Long,Xã An Ngãi Trung,10.0916931,106.5448581,72,Moderate,1,27.3,66,0.0,18.8,109,1011.8,66,18.9,23.7,223.0,2.2,114.0,2.3
2026-01-19 11:00:00,2026,1,19,11,Vĩnh Long,Xã An Ngãi Trung,10.0916931,106.5448581,72,Moderate,1,28.0,63,0.0,18.4,106,1011.4,63,18.6,23.2,219.0,1.4,119.0,2.0
2026-01-19 12:00:00,2026,1,19,12,Vĩnh Long,Xã An Ngãi Trung,10.0916931,106.5448581,72,Moderate,1,28.5,60,0.0,18.0,106,1010.6,95,18.5,23.1,220.0,1.3,123.0,1.9
2026-01-19 13:00:00,2026,1,19,13,Vĩnh Long,Xã An Ngãi Trung,10.0916931,106.5448581,72,Moderate,1,27.5,62,0.0,15.3,105,1009.7,100,17.8,22.0,222.0,1.4,124.0,1.9
2026-01-19 14:00:00,2026,1,19,14,Vĩnh Long,Xã An Ngãi Trung,10.0916931,106.5448581,71,Moderate,1,27.8,62,0.3,11.8,109,1008.7,100,17.2,21.4,222.0,1.3,124.0,1.8
2026-01-19 15:00:00,2026,1,19,15,Vĩnh Long,Xã An Ngãi Trung,10.0916931,106.5448581,71,Moderate,1,27.4,63,0.3,12.3,111,1008.2,100,16.2,20.4,221.0,1.4,122.0,1.7
2026-01-19 16:00:00,2026,1,19,16,Vĩnh Long,Xã An Ngãi Trung,10.0916931,106.5448581,70,Moderate,1,27.0,65,0.2,13.0,112,1008.1,99,15.1,19.0,225.0,2.1,117.0,1.9
2026-01-19 17:00:00,2026,1,19,17,Vĩnh Long,Xã An Ngãi Trung,10.0916931,106.5448581,70,Moderate,1,25.9,70,0.0,13.7,108,1008.7,98,14.3,18.0,236.0,4.0,109.0,2.5
2026-01-19 18:00:00,2026,1,19,18,Vĩnh Long,Xã An Ngãi Trung,10.0916931,106.5448581,69,Moderate,1,24.9,76,0.0,9.8,108,1009.4,96,15.4,18.6,251.0,6.6,98.0,3.3
2026-01-19 19:00:00,2026,1,19,19,Vĩnh Long,Xã An Ngãi Trung,10.0916931,106.5448581,68,Moderate,1,25.0,79,0.0,9.4,108,1010.0,89,19.9,23.5,260.0,7.9,89.0,3.8
2026-01-19 20:00:00,2026,1,19,20,Vĩnh Long,Xã An Ngãi Trung,10.0916931,106.5448581,68,Moderate,1,24.8,80,0.0,10.1,101,1010.7,50,20.4,24.1,258.0,7.9,88.0,4.0
2026-01-19 21:00:00,2026,1,19,21,Vĩnh Long,Xã An Ngãi Trung,10.0916931,106.5448581,67,Moderate,1,24.4,82,0.0,9.8,114,1011.1,30,20.4,24.2,250.0,7.9,86.0,4.4
2026-01-19 22:00:00,2026,1,19,22,Vĩnh Long,Xã An Ngãi Trung,10.0916931,106.5448581,67,Moderate,1,24.1,80,0.0,11.2,109,1010.7,19,20.5,24.2,239.0,7.9,83.0,4.5
2026-01-19 23:00:00,2026,1,19,23,Vĩnh Long,Xã An Ngãi Trung,10.0916931,106.5448581,67,Moderate,1,23.8,83,0.0,10.8,108,1010.9,15,20.4,24.2,226.0,8.1,80.0,4.3
2026-01-20 00:00:00,2026,1,20,0,Vĩnh Long,Xã An Ngãi Trung,10.0916931,106.5448581,66,Moderate,1,23.5,84,0.0,9.4,108,1010.8,11,19.8,23.7,211.0,8.3,76.0,3.9
2026-01-20 01:00:00,2026,1,20,1,Vĩnh Long,Xã An Ngãi Trung,10.0916931,106.5448581,66,Moderate,1,23.2,89,0.0,6.5,118,1010.2,31,19.1,23.0,198.0,8.4,73.0,3.5
2026-01-20 02:00:00,2026,1,20,2,Vĩnh Long,Xã An Ngãi Trung,10.0916931,106.5448581,66,Moderate,1,23.1,88,0.0,7.2,118,1009.8,41,18.3,22.1,187.0,8.3,70.0,3.2
2026-01-20 03:00:00,2026,1,20,3,Vĩnh Long,Xã An Ngãi Trung,10.0916931,106.5448581,66,Moderate,1,23.3,85,0.0,7.8,122,1009.3,79,17.6,21.4,179.0,8.1,68.0,3.1
2026-01-20 04:00:00,2026,1,20,4,Vĩnh Long,Xã An Ngãi Trung,10.0916931,106.5448581,65,Moderate,1,23.0,86,0.0,8.1,122,1009.5,97,17.3,21.1,176.0,8.3,66.0,3.1
2026-01-20 05:00:00,2026,1,20,5,Vĩnh Long,Xã An Ngãi Trung,10.0916931,106.5448581,65,Moderate,1,23.0,86,0.0,8.2,119,1009.8,98,17.5,21.2,184.0,9.4,62.0,3.7
2026-01-20 06:00:00,2026,1,20,6,Vĩnh Long,Xã An Ngãi Trung,10.0916931,106.5448581,65,Moderate,1,22.8,87,0.0,8.1,114,1010.2,100,17.8,21.6,199.0,10.8,59.0,4.4
2026-01-20 07:00:00,2026,1,20,7,Vĩnh Long,Xã An Ngãi Trung,10.0916931,106.5448581,64,Moderate,1,23.9,85,0.0,8.7,114,1011.3,100,17.1,20.9,208.0,8.7,63.0,3.9
2026-01-20 08:00:00,2026,1,20,8,Vĩnh Long,Xã An Ngãi Trung,10.0916931,106.5448581,64,Moderate,1,25.6,75,0.0,13.3,103,1012.2,100,15.5,20.3,206.0,7.0,73.0,3.5
2026-01-20 09:00:00,2026,1,20,9,Vĩnh Long,Xã An Ngãi Trung,10.0916931,106.5448581,63,Moderate,1,26.9,69,0.1,13.4,97,1013.1,32,14.8,19.7,198.0,4.6,87.0,3.0
2026-01-20 10:00:00,2026,1,20,10,Vĩnh Long,Xã An Ngãi Trung,10.0916931,106.5448581,62,Moderate,1,26.4,67,0.9,14.6,80,1013.1,81,15.6,20.5,193.0,2.8,101.0,2.7
2026-01-20 11:00:00,2026,1,20,11,Vĩnh Long,Xã An Ngãi Trung,10.0916931,106.5448581,62,Moderate,1,26.9,71,0.2,11.4,102,1013.0,61,16.3,20.7,194.0,2.0,114.0,2.7
2026-01-20 12:00:00,2026,1,20,12,Vĩnh Long,Xã An Ngãi Trung,10.0916931,106.5448581,62,Moderate,1,27.6,66,0.2,13.3,103,1012.4,51,16.5,18.9,199.0,1.8,126.0,2.8
2026-01-20 13:00:00,2026,1,20,13,Vĩnh Long,Xã An Ngãi Trung,10.0916931,106.5448581,62,Moderate,1,27.0,62,0.1,14.1,95,1011.3,57,18.3,20.5,203.0,1.8,135.0,2.9
2026-01-20 14:00:00,2026,1,20,14,Vĩnh Long,Xã An Ngãi Trung,10.0916931,106.5448581,62,Moderate,1,27.6,60,0.2,13.8,97,1010.2,96,19.6,21.7,207.0,1.9,140.0,3.0
2026-01-20 15:00:00,2026,1,20,15,Vĩnh Long,Xã An Ngãi Trung,10.0916931,106.5448581,62,Moderate,1,27.5,58,0.2,15.0,101,1009.7,95,20.2,22.3,210.0,2.2,140.0,3.1
2026-01-20 16:00:00,2026,1,20,16,Vĩnh Long,Xã An Ngãi Trung,10.0916931,106.5448581,62,Moderate,1,26.9,55,0.0,15.3,94,1009.8,55,18.8,20.9,213.0,3.0,137.0,3.3
2026-01-20 17:00:00,2026,1,20,17,Vĩnh Long,Xã An Ngãi Trung,10.0916931,106.5448581,75,Moderate,1,26.4,57,0.0,13.4,95,1009.7,91,17.1,19.3,213.0,4.7,126.0,3.6
2026-01-20 18:00:00,2026,1,20,18,Vĩnh Long,Xã An Ngãi Trung,10.0916931,106.5448581,83,Moderate,1,24.5,77,0.0,12.1,111,1009.8,93,17.6,20.4,212.0,6.9,110.0,3.9
2026-01-20 19:00:00,2026,1,20,19,Vĩnh Long,Xã An Ngãi Trung,10.0916931,106.5448581,85,Moderate,1,24.4,76,0.0,15.1,102,1010.2,98,17.5,21.1,212.0,7.9,95.0,3.8
2026-01-20 20:00:00,2026,1,20,20,Vĩnh Long,Xã An Ngãi Trung,10.0916931,106.5448581,81,Moderate,1,24.3,82,0.0,15.1,110,1011.3,99,16.4,20.0,215.0,7.1,98.0,3.6
2026-01-20 21:00:00,2026,1,20,21,Vĩnh Long,Xã An Ngãi Trung,10.0916931,106.5448581,75,Moderate,1,24.1,78,0.0,14.2,116,1011.8,99,15.6,19.3,218.0,5.9,102.0,3.2
2026-01-20 22:00:00,2026,1,20,22,Vĩnh Long,Xã An Ngãi Trung,10.0916931,106.5448581,68,Moderate,1,23.9,80,0.0,13.0,115,1011.9,94,15.2,18.8,219.0,5.1,104.0,2.9
2026-01-20 23:00:00,2026,1,20,23,Vĩnh Long,Xã An Ngãi Trung,10.0916931,106.5448581,62,Moderate,1,23.9,78,0.0,14.3,102,1011.7,56,14.6,18.2,214.0,4.9,103.0,2.6
2026-01-21 00:00:00,2026,1,21,0,Vĩnh Long,Xã An Ngãi Trung,10.0916931,106.5448581,61,Moderate,1,23.8,78,0.0,14.7,98,1011.7,1,13.7,17.1,206.0,4.9,100.0,2.2
2026-01-21 01:00:00,2026,1,21,1,Vĩnh Long,Xã An Ngãi Trung,10.0916931,106.5448581,61,Moderate,1,23.5,84,0.0,12.8,101,1011.2,0,13.3,16.8,200.0,5.1,97.0,2.0
2026-01-21 02:00:00,2026,1,21,2,Vĩnh Long,Xã An Ngãi Trung,10.0916931,106.5448581,60,Moderate,1,23.5,83,0.0,12.4,103,1010.9,0,13.2,16.7,196.0,5.3,95.0,2.0
2026-01-21 03:00:00,2026,1,21,3,Vĩnh Long,Xã An Ngãi Trung,10.0916931,106.5448581,60,Moderate,1,23.2,83,0.0,9.9,94,1010.5,4,13.2,16.7,193.0,5.5,93.0,2.0
2026-01-21 04:00:00,2026,1,21,4,Vĩnh Long,Xã An Ngãi Trung,10.0916931,106.5448581,59,Moderate,1,23.0,83,0.0,9.9,93,1010.7,6,13.2,16.6,197.0,6.1,91.0,2.3
2026-01-21 05:00:00,2026,1,21,5,Vĩnh Long,Xã An Ngãi Trung,10.0916931,106.5448581,59,Moderate,1,23.0,81,0.0,10.3,90,1011.2,3,13.2,16.3,214.0,7.3,87.0,2.8
2026-01-21 06:00:00,2026,1,21,6,Vĩnh Long,Xã An Ngãi Trung,10.0916931,106.5448581,59,Moderate,1,22.5,83,0.0,8.5,78,1011.4,96,13.5,16.4,237.0,8.8,82.0,3.4
2026-01-21 07:00:00,2026,1,21,7,Vĩnh Long,Xã An Ngãi Trung,10.0916931,106.5448581,58,Moderate,1,23.0,87,0.0,8.1,47,1012.0,73,16.1,19.2,252.0,9.3,80.0,3.9
2026-01-21 08:00:00,2026,1,21,8,Vĩnh Long,Xã An Ngãi Trung,10.0916931,106.5448581,58,Moderate,1,24.9,76,0.0,7.9,41,1013.4,99,17.5,20.8,251.0,9.2,86.0,5.3
2026-01-21 09:00:00,2026,1,21,9,Vĩnh Long,Xã An Ngãi Trung,10.0916931,106.5448581,58,Moderate,1,26.7,64,0.0,8.2,50,1014.2,95,18.5,22.5,241.0,9.0,95.0,7.2
2026-01-21 10:00:00,2026,1,21,10,Vĩnh Long,Xã An Ngãi Trung,10.0916931,106.5448581,59,Moderate,1,28.3,52,0.0,9.1,60,1014.3,98,19.4,22.6,230.0,8.3,106.0,8.2
2026-01-21 11:00:00,2026,1,21,11,Vĩnh Long,Xã An Ngãi Trung,10.0916931,106.5448581,59,Moderate,1,29.2,45,0.0,10.2,62,1013.8,98,19.6,22.2,220.0,6.4,121.0,7.6
2026-01-21 12:00:00,2026,1,21,12,Vĩnh Long,Xã An Ngãi Trung,10.0916931,106.5448581,59,Moderate,1,30.1,42,0.0,10.9,71,1012.7,99,19.1,21.8,209.0,4.0,137.0,6.1
2026-01-21 13:00:00,2026,1,21,13,Vĩnh Long,Xã An Ngãi Trung,10.0916931,106.5448581,59,Moderate,1,30.4,42,0.0,15.0,83,1011.7,82,17.7,20.6,200.0,2.2,147.0,4.7
2026-01-21 14:00:00,2026,1,21,14,Vĩnh Long,Xã An Ngãi Trung,10.0916931,106.5448581,59,Moderate,1,29.1,51,0.0,17.3,103,1010.8,87,15.7,18.5,193.0,1.6,145.0,3.7
2026-01-21 15:00:00,2026,1,21,15,Vĩnh Long,Xã An Ngãi Trung,10.0916931,106.5448581,62,Moderate,1,28.0,54,0.0,18.4,107,1010.4,96,14.1,16.8,189.0,1.6,136.0,2.9
2026-01-21 16:00:00,2026,1,21,16,Vĩnh Long,Xã An Ngãi Trung,10.0916931,106.5448581,74,Moderate,1,27.5,58,0.0,16.0,105,1010.5,100,13.0,15.7,189.0,2.2,126.0,2.4
2026-01-21 17:00:00,2026,1,21,17,Vĩnh Long,Xã An Ngãi Trung,10.0916931,106.5448581,82,Moderate,1,26.0,67,0.0,16.7,110,1010.6,74,13.4,16.2,197.0,3.8,116.0,2.6
2026-01-21 18:00:00,2026,1,21,18,Vĩnh Long,Xã An Ngãi Trung,10.0916931,106.5448581,86,Moderate,1,25.2,72,0.0,13.9,110,1010.8,44,15.0,18.0,210.0,6.0,106.0,3.2
2026-01-21 19:00:00,2026,1,21,19,Vĩnh Long,Xã An Ngãi Trung,10.0916931,106.5448581,86,Moderate,1,24.6,79,0.0,13.3,111,1011.5,0,16.7,19.7,217.0,8.7,94.0,4.1
2026-01-21 20:00:00,2026,1,21,20,Vĩnh Long,Xã An Ngãi Trung,10.0916931,106.5448581,81,Moderate,1,24.2,80,0.0,12.6,103,1012.7,10,16.8,19.9,214.0,7.8,96.0,3.9
2026-01-21 21:00:00,2026,1,21,21,Vĩnh Long,Xã An Ngãi Trung,10.0916931,106.5448581,72,Moderate,1,24.0,78,0.0,15.3,105,1013.2,0,15.9,19.4,206.0,6.6,100.0,3.6
2026-01-21 22:00:00,2026,1,21,22,Vĩnh Long,Xã An Ngãi Trung,10.0916931,106.5448581,62,Moderate,1,23.7,83,0.0,12.4,103,1013.2,2,15.1,18.6,199.0,5.7,101.0,3.3
2026-01-21 23:00:00,2026,1,21,23,Vĩnh Long,Xã An Ngãi Trung,10.0916931,106.5448581,57,Moderate,1,23.7,82,0.0,13.7,104,1013.0,72,14.3,17.9,196.0,5.3,99.0,2.9
2026-01-22 00:00:00,2026,1,22,0,Vĩnh Long,Xã An Ngãi Trung,10.0916931,106.5448581,57,Moderate,1,23.5,83,0.0,12.4,89,1012.9,62,13.4,16.9,194.0,5.1,96.0,2.4
2026-01-22 01:00:00,2026,1,22,1,Vĩnh Long,Xã An Ngãi Trung,10.0916931,106.5448581,57,Moderate,1,23.0,88,0.0,8.7,73,1012.2,85,13.0,16.4,195.0,5.4,92.0,2.2
2026-01-22 02:00:00,2026,1,22,2,Vĩnh Long,Xã An Ngãi Trung,10.0916931,106.5448581,57,Moderate,1,22.8,91,0.0,7.8,83,1011.6,98,13.1,16.2,200.0,5.8,89.0,2.0
2026-01-22 03:00:00,2026,1,22,3,Vĩnh Long,Xã An Ngãi Trung,10.0916931,106.5448581,57,Moderate,1,22.6,93,0.0,7.8,64,1011.5,98,13.4,16.2,208.0,6.6,85.0,2.1
2026-01-22 04:00:00,2026,1,22,4,Vĩnh Long,Xã An Ngãi Trung,10.0916931,106.5448581,57,Moderate,1,22.1,94,0.0,5.8,60,1011.5,98,14.0,16.6,221.0,8.5,80.0,3.0
2026-01-22 05:00:00,2026,1,22,5,Vĩnh Long,Xã An Ngãi Trung,10.0916931,106.5448581,57,Moderate,1,21.9,94,0.0,7.0,69,1012.1,99,15.4,17.9,241.0,13.0,69.0,5.5
2026-01-22 06:00:00,2026,1,22,6,Vĩnh Long,Xã An Ngãi Trung,10.0916931,106.5448581,58,Moderate,1,21.6,94,0.0,8.8,23,1012.8,96,18.2,20.5,266.0,18.6,57.0,8.8
2026-01-22 07:00:00,2026,1,22,7,Vĩnh Long,Xã An Ngãi Trung,10.0916931,106.5448581,58,Moderate,1,22.9,87,0.0,9.3,15,1013.6,86,28.1,30.5,288.0,25.0,48.0,12.3
2026-01-22 08:00:00,2026,1,22,8,Vĩnh Long,Xã An Ngãi Trung,10.0916931,106.5448581,59,Moderate,1,25.0,77,0.0,8.0,14,1014.6,88,31.5,34.1,307.0,23.3,61.0,14.8
2026-01-22 09:00:00,2026,1,22,9,Vĩnh Long,Xã An Ngãi Trung,10.0916931,106.5448581,60,Moderate,1,26.6,68,0.0,8.5,24,1015.5,53,31.7,34.2,324.0,20.7,80.0,18.0
2026-01-22 10:00:00,2026,1,22,10,Vĩnh Long,Xã An Ngãi Trung,10.0916931,106.5448581,61,Moderate,1,28.0,59,0.0,6.7,24,1015.3,14,29.0,30.7,330.0,17.3,99.0,19.0
2026-01-22 11:00:00,2026,1,22,11,Vĩnh Long,Xã An Ngãi Trung,10.0916931,106.5448581,62,Moderate,1,29.1,52,0.0,6.4,16,1014.8,20,24.9,26.7,319.0,12.4,120.0,15.6
2026-01-22 12:00:00,2026,1,22,12,Vĩnh Long,Xã An Ngãi Trung,10.0916931,106.5448581,63,Moderate,1,30.1,47,0.0,5.6,40,1013.5,97,20.5,22.3,298.0,6.7,141.0,10.0
2026-01-22 13:00:00,2026,1,22,13,Vĩnh Long,Xã An Ngãi Trung,10.0916931,106.5448581,63,Moderate,1,30.3,46,0.0,8.1,91,1012.5,100,17.6,19.4,274.0,2.6,155.0,5.7
2026-01-22 14:00:00,2026,1,22,14,Vĩnh Long,Xã An Ngãi Trung,10.0916931,106.5448581,63,Moderate,1,30.1,47,0.0,10.9,109,1011.5,100,16.2,17.9,246.0,1.4,159.0,4.1
2026-01-22 15:00:00,2026,1,22,15,Vĩnh Long,Xã An Ngãi Trung,10.0916931,106.5448581,63,Moderate,1,29.5,50,0.0,11.9,120,1010.9,100,15.5,17.3,217.0,1.9,155.0,3.8
2026-01-22 16:00:00,2026,1,22,16,Vĩnh Long,Xã An Ngãi Trung,10.0916931,106.5448581,73,Moderate,1,28.1,55,0.0,14.5,112,1010.9,100,14.7,16.8,201.0,2.8,147.0,3.7
2026-01-22 17:00:00,2026,1,22,17,Vĩnh Long,Xã An Ngãi Trung,10.0916931,106.5448581,91,Moderate,1,26.3,64,0.0,15.7,93,1011.6,100,13.8,15.9,212.0,4.2,132.0,3.5
2026-01-22 18:00:00,2026,1,22,18,Vĩnh Long,Xã An Ngãi Trung,10.0916931,106.5448581,102,Unhealthy for Sensitive Groups,2,25.5,73,0.0,12.1,95,1012.2,100,13.9,16.0,236.0,6.1,113.0,3.5
2026-01-22 19:00:00,2026,1,22,19,Vĩnh Long,Xã An Ngãi Trung,10.0916931,106.5448581,105,Unhealthy for Sensitive Groups,2,24.9,79,0.0,16.8,94,1012.7,100,17.7,20.4,255.0,9.3,101.0,4.7
2026-01-22 20:00:00,2026,1,22,20,Vĩnh Long,Xã An Ngãi Trung,10.0916931,106.5448581,101,Unhealthy for Sensitive Groups,2,24.8,78,0.0,15.0,84,1013.4,100,14.6,17.6,258.0,8.3,99.0,4.2
2026-01-22 21:00:00,2026,1,22,21,Vĩnh Long,Xã An Ngãi Trung,10.0916931,106.5448581,92,Moderate,1,24.6,79,0.0,14.8,84,1014.0,100,13.1,16.2,255.0,7.0,95.0,3.5
2026-01-22 22:00:00,2026,1,22,22,Vĩnh Long,Xã An Ngãi Trung,10.0916931,106.5448581,79,Moderate,1,24.5,79,0.0,13.9,80,1013.8,100,13.0,16.0,255.0,6.1,92.0,3.0
2026-01-22 23:00:00,2026,1,22,23,Vĩnh Long,Xã An Ngãi Trung,10.0916931,106.5448581,65,Moderate,1,24.2,82,0.0,12.9,81,1013.7,100,12.6,15.5,263.0,5.9,90.0,2.5
2026-01-23 00:00:00,2026,1,23,0,Vĩnh Long,Xã An Ngãi Trung,10.0916931,106.5448581,62,Moderate,1,23.9,84,0.0,9.9,63,1013.7,100,11.5,14.0,275.0,6.2,87.0,2.2
2026-01-23 01:00:00,2026,1,23,1,Vĩnh Long,Xã An Ngãi Trung,10.0916931,106.5448581,62,Moderate,1,23.5,84,0.0,7.1,41,1013.5,100,11.1,13.3,284.0,7.2,84.0,2.4
2026-01-23 02:00:00,2026,1,23,2,Vĩnh Long,Xã An Ngãi Trung,10.0916931,106.5448581,62,Moderate,1,23.3,82,0.0,7.1,47,1013.3,100,12.1,14.1,284.0,9.2,79.0,3.6
2026-01-23 03:00:00,2026,1,23,3,Vĩnh Long,Xã An Ngãi Trung,10.0916931,106.5448581,62,Moderate,1,23.0,82,0.0,6.8,63,1013.0,100,14.3,16.2,281.0,11.8,72.0,5.4
2026-01-23 04:00:00,2026,1,23,4,Vĩnh Long,Xã An Ngãi Trung,10.0916931,106.5448581,62,Moderate,1,22.5,85,0.0,6.1,56,1013.1,100,16.7,18.7,288.0,14.6,65.0,7.3
2026-01-23 05:00:00,2026,1,23,5,Vĩnh Long,Xã An Ngãi Trung,10.0916931,106.5448581,62,Moderate,1,21.9,90,0.0,5.3,38,1013.4,98,19.7,21.7,320.0,18.2,55.0,9.6
2026-01-23 06:00:00,2026,1,23,6,Vĩnh Long,Xã An Ngãi Trung,10.0916931,106.5448581,63,Moderate,1,21.5,90,0.0,4.0,18,1014.1,2,23.2,25.3,362.0,21.8,45.0,12.1
2026-01-23 07:00:00,2026,1,23,7,Vĩnh Long,Xã An Ngãi Trung,10.0916931,106.5448581,63,Moderate,1,23.4,86,0.0,4.9,24,1015.2,10,25.3,27.9,382.0,17.6,58.0,9.8
2026-01-23 08:00:00,2026,1,23,8,Vĩnh Long,Xã An Ngãi Trung,10.0916931,106.5448581,63,Moderate,1,25.5,75,0.0,7.6,71,1016.1,4,24.3,27.2,359.0,14.9,71.0,9.8
2026-01-23 09:00:00,2026,1,23,9,Vĩnh Long,Xã An Ngãi Trung,10.0916931,106.5448581,62,Moderate,1,27.0,66,0.0,11.1,81,1016.6,40,20.4,23.9,313.0,11.1,90.0,9.7
2026-01-23 10:00:00,2026,1,23,10,Vĩnh Long,Xã An Ngãi Trung,10.0916931,106.5448581,61,Moderate,1,28.1,59,0.0,11.1,77,1016.2,23,18.3,22.1,277.0,7.8,107.0,9.2
2026-01-23 11:00:00,2026,1,23,11,Vĩnh Long,Xã An Ngãi Trung,10.0916931,106.5448581,60,Moderate,1,29.0,53,0.0,12.0,76,1015.5,61,15.9,19.5,261.0,5.5,122.0,8.0
2026-01-23 12:00:00,2026,1,23,12,Vĩnh Long,Xã An Ngãi Trung,10.0916931,106.5448581,60,Moderate,1,29.5,50,0.0,12.3,87,1014.7,77,14.4,17.3,255.0,3.6,135.0,6.3
2026-01-23 13:00:00,2026,1,23,13,Vĩnh Long,Xã An Ngãi Trung,10.0916931,106.5448581,59,Moderate,1,29.8,50,0.0,11.7,92,1013.8,95,13.4,15.7,255.0,2.4,145.0,5.1
2026-01-23 14:00:00,2026,1,23,14,Vĩnh Long,Xã An Ngãi Trung,10.0916931,106.5448581,59,Moderate,1,30.2,49,0.0,8.5,88,1012.6,80,13.6,15.8,265.0,2.0,152.0,4.8
2026-01-23 15:00:00,2026,1,23,15,Vĩnh Long,Xã An Ngãi Trung,10.0916931,106.5448581,58,Moderate,1,30.1,51,0.0,9.9,95,1011.8,77,13.9,16.1,282.0,2.2,156.0,4.8
2026-01-23 16:00:00,2026,1,23,16,Vĩnh Long,Xã An Ngãi Trung,10.0916931,106.5448581,75,Moderate,1,28.2,63,0.0,15.7,112,1011.8,46,13.9,16.1,293.0,2.9,153.0,4.8
2026-01-23 17:00:00,2026,1,23,17,Vĩnh Long,Xã An Ngãi Trung,10.0916931,106.5448581,92,Moderate,1,26.1,68,0.0,14.9,112,1012.4,83,13.7,15.9,293.0,4.4,137.0,4.4
2026-01-23 18:00:00,2026,1,23,18,Vĩnh Long,Xã An Ngãi Trung,10.0916931,106.5448581,102,Unhealthy for Sensitive Groups,2,25.3,71,0.0,9.9,95,1013.1,2,14.6,16.8,287.0,6.5,113.0,3.9
2026-01-23 19:00:00,2026,1,23,19,Vĩnh Long,Xã An Ngãi Trung,10.0916931,106.5448581,103,Unhealthy for Sensitive Groups,2,24.7,82,0.0,12.7,102,1013.9,89,17.3,20.6,280.0,9.3,93.0,4.2
2026-01-23 20:00:00,2026,1,23,20,Vĩnh Long,Xã An Ngãi Trung,10.0916931,106.5448581,97,Moderate,1,24.3,85,0.0,10.4,99,1014.6,90,15.1,18.3,273.0,8.3,92.0,3.9
2026-01-23 21:00:00,2026,1,23,21,Vĩnh Long,Xã An Ngãi Trung,10.0916931,106.5448581,88,Moderate,1,24.1,86,0.0,12.9,105,1014.9,86,13.6,16.8,265.0,7.0,90.0,3.4
2026-01-23 22:00:00,2026,1,23,22,Vĩnh Long,Xã An Ngãi Trung,10.0916931,106.5448581,76,Moderate,1,24.0,85,0.0,14.4,102,1014.7,0,12.5,15.5,259.0,5.9,88.0,2.9
2026-01-23 23:00:00,2026,1,23,23,Vĩnh Long,Xã An Ngãi Trung,10.0916931,106.5448581,63,Moderate,1,23.8,85,0.0,14.0,97,1014.8,5,11.0,13.9,255.0,5.3,87.0,2.5
2026-01-24 00:00:00,2026,1,24,0,Vĩnh Long,Xã An Ngãi Trung,10.0916931,106.5448581,58,Moderate,1,23.6,86,0.0,12.8,89,1014.8,84,9.5,12.0,252.0,4.9,85.0,2.1
2026-01-24 01:00:00,2026,1,24,1,Vĩnh Long,Xã An Ngãi Trung,10.0916931,106.5448581,58,Moderate,1,23.7,85,0.0,12.1,87,1014.4,78,8.4,10.5,251.0,4.7,84.0,1.8
2026-01-24 02:00:00,2026,1,24,2,Vĩnh Long,Xã An Ngãi Trung,10.0916931,106.5448581,58,Moderate,1,23.8,84,0.0,13.0,85,1014.0,74,7.6,9.5,250.0,4.4,83.0,1.5
2026-01-24 03:00:00,2026,1,24,3,Vĩnh Long,Xã An Ngãi Trung,10.0916931,106.5448581,57,Moderate,1,23.5,85,0.0,12.2,82,1013.6,49,7.2,8.9,250.0,4.2,83.0,1.3
2026-01-24 04:00:00,2026,1,24,4,Vĩnh Long,Xã An Ngãi Trung,10.0916931,106.5448581,57,Moderate,1,23.1,86,0.0,10.0,69,1013.6,1,7.1,8.8,254.0,4.7,81.0,1.6
2026-01-24 05:00:00,2026,1,24,5,Vĩnh Long,Xã An Ngãi Trung,10.0916931,106.5448581,56,Moderate,1,22.7,88,0.0,8.4,62,1013.9,0,7.5,9.1,267.0,6.8,75.0,2.6
2026-01-24 06:00:00,2026,1,24,6,Vĩnh Long,Xã An Ngãi Trung,10.0916931,106.5448581,55,Moderate,1,22.1,90,0.0,7.6,47,1014.2,0,8.7,10.3,284.0,9.6,68.0,4.1
2026-01-24 07:00:00,2026,1,24,7,Vĩnh Long,Xã An Ngãi Trung,10.0916931,106.5448581,53,Moderate,1,23.1,87,0.0,8.8,39,1015.2,1,15.7,17.7,294.0,11.7,66.0,6.0
2026-01-24 08:00:00,2026,1,24,8,Vĩnh Long,Xã An Ngãi Trung,10.0916931,106.5448581,53,Moderate,1,25.2,77,0.0,9.7,51,1015.8,48,17.4,19.8,291.0,11.0,75.0,7.1
2026-01-24 09:00:00,2026,1,24,9,Vĩnh Long,Xã An Ngãi Trung,10.0916931,106.5448581,52,Moderate,1,27.0,65,0.0,10.6,62,1016.6,83,17.2,20.4,282.0,9.9,87.0,8.6
2026-01-24 10:00:00,2026,1,24,10,Vĩnh Long,Xã An Ngãi Trung,10.0916931,106.5448581,52,Moderate,1,28.3,55,0.0,10.9,63,1016.5,34,18.2,22.0,275.0,8.5,101.0,9.3
2026-01-24 11:00:00,2026,1,24,11,Vĩnh Long,Xã An Ngãi Trung,10.0916931,106.5448581,52,Moderate,1,29.1,51,0.0,8.2,67,1016.0,3,18.4,22.5,275.0,6.5,118.0,8.6
2026-01-24 12:00:00,2026,1,24,12,Vĩnh Long,Xã An Ngãi Trung,10.0916931,106.5448581,52,Moderate,1,29.9,49,0.0,5.6,59,1014.9,19,17.8,21.7,277.0,4.2,136.0,7.1
2026-01-24 13:00:00,2026,1,24,13,Vĩnh Long,Xã An Ngãi Trung,10.0916931,106.5448581,52,Moderate,1,29.4,50,0.0,7.4,103,1014.3,44,16.9,20.0,278.0,2.6,148.0,5.8
2026-01-24 14:00:00,2026,1,24,14,Vĩnh Long,Xã An Ngãi Trung,10.0916931,106.5448581,53,Moderate,1,28.8,54,0.2,8.5,111,1013.6,38,16.6,19.3,276.0,2.0,150.0,4.9
2026-01-24 15:00:00,2026,1,24,15,Vĩnh Long,Xã An Ngãi Trung,10.0916931,106.5448581,54,Moderate,1,28.1,57,0.2,7.0,108,1013.2,24,15.7,18.4,272.0,2.1,145.0,4.0
2026-01-24 16:00:00,2026,1,24,16,Vĩnh Long,Xã An Ngãi Trung,10.0916931,106.5448581,71,Moderate,1,27.8,59,0.1,9.7,101,1013.0,29,14.0,16.6,266.0,2.6,137.0,3.4
2026-01-24 17:00:00,2026,1,24,17,Vĩnh Long,Xã An Ngãi Trung,10.0916931,106.5448581,84,Moderate,1,26.6,64,0.0,14.0,91,1013.2,5,12.7,15.4,257.0,3.7,124.0,3.0
2026-01-24 18:00:00,2026,1,24,18,Vĩnh Long,Xã An Ngãi Trung,10.0916931,106.5448581,92,Moderate,1,25.3,72,0.0,12.3,95,1013.4,14,12.8,15.9,247.0,5.2,108.0,2.8
2026-01-24 19:00:00,2026,1,24,19,Vĩnh Long,Xã An Ngãi Trung,10.0916931,106.5448581,93,Moderate,1,24.6,81,0.0,13.0,95,1013.4,1,13.4,16.6,238.0,6.0,97.0,2.7
2026-01-24 20:00:00,2026,1,24,20,Vĩnh Long,Xã An Ngãi Trung,10.0916931,106.5448581,89,Moderate,1,24.4,79,0.0,14.8,94,1014.3,1,13.0,16.4,231.0,5.8,96.0,2.7
2026-01-24 21:00:00,2026,1,24,21,Vĩnh Long,Xã An Ngãi Trung,10.0916931,106.5448581,80,Moderate,1,24.0,84,0.0,16.4,98,1014.3,1,12.6,15.9,225.0,5.5,94.0,2.7
2026-01-24 22:00:00,2026,1,24,22,Vĩnh Long,Xã An Ngãi Trung,10.0916931,106.5448581,69,Moderate,1,23.9,80,0.0,16.3,98,1014.3,48,12.1,15.3,220.0,5.2,92.0,2.6
2026-01-24 23:00:00,2026,1,24,23,Vĩnh Long,Xã An Ngãi Trung,10.0916931,106.5448581,57,Moderate,1,23.7,79,0.0,16.0,98,1014.1,86,11.3,14.5,214.0,5.1,91.0,2.3
2026-01-25 00:00:00,2026,1,25,0,Vĩnh Long,Xã An Ngãi Trung,10.0916931,106.5448581,52,Moderate,1,23.5,80,0.0,14.8,96,1013.7,80,10.4,13.5,209.0,5.0,90.0,2.0
2026-01-25 01:00:00,2026,1,25,1,Vĩnh Long,Xã An Ngãi Trung,10.0916931,106.5448581,52,Moderate,1,23.5,82,0.0,14.8,99,1013.5,99,9.9,13.0,206.0,4.9,89.0,1.7
2026-01-25 02:00:00,2026,1,25,2,Vĩnh Long,Xã An Ngãi Trung,10.0916931,106.5448581,52,Moderate,1,23.4,82,0.0,14.9,101,1012.9,94,9.5,12.4,204.0,4.8,89.0,1.6
2026-01-25 03:00:00,2026,1,25,3,Vĩnh Long,Xã An Ngãi Trung,10.0916931,106.5448581,52,Moderate,1,23.2,80,0.0,14.8,96,1012.4,90,9.2,11.9,204.0,4.7,89.0,1.5
2026-01-25 04:00:00,2026,1,25,4,Vĩnh Long,Xã An Ngãi Trung,10.0916931,106.5448581,53,Moderate,1,23.0,81,0.0,13.7,89,1012.3,98,9.1,11.6,209.0,4.8,89.0,1.6
2026-01-25 05:00:00,2026,1,25,5,Vĩnh Long,Xã An Ngãi Trung,10.0916931,106.5448581,53,Moderate,1,23.0,80,0.0,12.9,82,1013.0,97,9.2,11.8,222.0,5.4,86.0,1.8
2026-01-25 06:00:00,2026,1,25,6,Vĩnh Long,Xã An Ngãi Trung,10.0916931,106.5448581,53,Moderate,1,22.9,79,0.0,10.9,73,1013.4,97,9.6,12.1,240.0,6.2,82.0,2.2
2026-01-25 07:00:00,2026,1,25,7,Vĩnh Long,Xã An Ngãi Trung,10.0916931,106.5448581,53,Moderate,1,23.0,84,0.0,9.1,51,1013.9,99,10.9,13.5,252.0,6.9,81.0,2.5
2026-01-25 08:00:00,2026,1,25,8,Vĩnh Long,Xã An Ngãi Trung,10.0916931,106.5448581,53,Moderate,1,24.8,73,0.0,9.0,52,1014.8,100,11.8,14.8,254.0,5.8,88.0,2.5
2026-01-25 09:00:00,2026,1,25,9,Vĩnh Long,Xã An Ngãi Trung,10.0916931,106.5448581,52,Moderate,1,26.5,63,0.0,10.8,72,1015.5,100,11.5,14.8,251.0,4.3,97.0,2.5
2026-01-25 10:00:00,2026,1,25,10,Vĩnh Long,Xã An Ngãi Trung,10.0916931,106.5448581,52,Moderate,1,28.0,55,0.0,13.6,82,1015.6,99,11.7,15.3,246.0,3.1,106.0,2.5
2026-01-25 11:00:00,2026,1,25,11,Vĩnh Long,Xã An Ngãi Trung,10.0916931,106.5448581,51,Moderate,1,28.5,52,0.0,15.5,85,1015.4,97,11.6,15.1,237.0,2.3,113.0,2.3
2026-01-25 12:00:00,2026,1,25,12,Vĩnh Long,Xã An Ngãi Trung,10.0916931,106.5448581,50,Good,0,28.9,50,0.0,16.0,87,1014.7,61,11.6,15.3,226.0,1.8,120.0,2.1
2026-01-25 13:00:00,2026,1,25,13,Vĩnh Long,Xã An Ngãi Trung,10.0916931,106.5448581,50,Good,0,29.2,50,0.0,16.2,91,1013.7,23,11.5,15.0,218.0,1.5,124.0,1.9
2026-01-25 14:00:00,2026,1,25,14,Vĩnh Long,Xã An Ngãi Trung,10.0916931,106.5448581,49,Good,0,28.7,52,0.0,16.0,93,1013.0,30,11.6,14.9,214.0,1.4,126.0,1.9
2026-01-25 15:00:00,2026,1,25,15,Vĩnh Long,Xã An Ngãi Trung,10.0916931,106.5448581,50,Good,0,28.3,54,0.0,14.3,97,1012.7,29,11.6,14.6,212.0,1.6,126.0,1.9
2026-01-25 16:00:00,2026,1,25,16,Vĩnh Long,Xã An Ngãi Trung,10.0916931,106.5448581,58,Moderate,1,27.2,63,0.0,14.6,109,1012.5,29,11.4,14.3,214.0,2.4,123.0,2.1
2026-01-25 17:00:00,2026,1,25,17,Vĩnh Long,Xã An Ngãi Trung,10.0916931,106.5448581,65,Moderate,1,26.0,64,0.0,14.8,103,1012.6,91,12.2,15.0,224.0,4.3,114.0,2.6
2026-01-25 18:00:00,2026,1,25,18,Vĩnh Long,Xã An Ngãi Trung,10.0916931,106.5448581,69,Moderate,1,24.7,74,0.0,12.3,101,1012.7,61,13.9,16.9,239.0,6.8,103.0,3.3
2026-01-25 19:00:00,2026,1,25,19,Vĩnh Long,Xã An Ngãi Trung,10.0916931,106.5448581,68,Moderate,1,24.3,86,0.0,9.2,107,1013.1,51,15.9,19.0,247.0,9.2,93.0,4.2
2026-01-25 20:00:00,2026,1,25,20,Vĩnh Long,Xã An Ngãi Trung,10.0916931,106.5448581,64,Moderate,1,24.0,86,0.0,9.6,98,1013.8,44,15.4,18.5,242.0,8.6,93.0,4.0
2026-01-25 21:00:00,2026,1,25,21,Vĩnh Long,Xã An Ngãi Trung,10.0916931,106.5448581,58,Moderate,1,23.8,89,0.0,9.4,103,1014.3,0,14.7,18.0,231.0,7.7,94.0,3.8
2026-01-25 22:00:00,2026,1,25,22,Vĩnh Long,Xã An Ngãi Trung,10.0916931,106.5448581,52,Moderate,1,23.5,88,0.0,11.3,88,1014.3,0,14.4,17.7,221.0,7.0,93.0,3.5
2026-01-25 23:00:00,2026,1,25,23,Vĩnh Long,Xã An Ngãi Trung,10.0916931,106.5448581,49,Good,0,23.4,90,0.0,13.3,98,1014.5,2,13.9,17.1,214.0,6.7,91.0,3.0
2026-01-26 00:00:00,2026,1,26,0,Vĩnh Long,Xã An Ngãi Trung,10.0916931,106.5448581,49,Good,0,23.4,87,0.0,13.2,101,1014.1,2,12.7,15.8,208.0,6.5,89.0,2.5
2026-01-26 01:00:00,2026,1,26,1,Vĩnh Long,Xã An Ngãi Trung,10.0916931,106.5448581,49,Good,0,23.5,90,0.0,13.4,108,1014.1,2,11.6,14.8,204.0,6.3,86.0,2.1
2026-01-26 02:00:00,2026,1,26,2,Vĩnh Long,Xã An Ngãi Trung,10.0916931,106.5448581,50,Good,0,23.5,85,0.0,13.4,97,1013.3,1,10.7,13.9,200.0,6.0,84.0,1.9
2026-01-26 03:00:00,2026,1,26,3,Vĩnh Long,Xã An Ngãi Trung,10.0916931,106.5448581,50,Good,0,23.0,91,0.0,12.4,91,1013.0,1,10.2,13.3,198.0,5.7,82.0,1.8
2026-01-26 04:00:00,2026,1,26,4,Vĩnh Long,Xã An Ngãi Trung,10.0916931,106.5448581,50,Good,0,23.0,86,0.0,12.8,91,1013.1,0,10.0,13.0,200.0,5.6,80.0,1.8
2026-01-26 05:00:00,2026,1,26,5,Vĩnh Long,Xã An Ngãi Trung,10.0916931,106.5448581,50,Good,0,22.9,85,0.0,12.3,93,1013.4,1,9.9,12.6,212.0,6.2,77.0,2.0
2026-01-26 06:00:00,2026,1,26,6,Vĩnh Long,Xã An Ngãi Trung,10.0916931,106.5448581,50,Good,0,22.8,87,0.0,11.5,93,1013.8,73,9.9,12.5,228.0,7.1,74.0,2.4
2026-01-26 07:00:00,2026,1,26,7,Vĩnh Long,Xã An Ngãi Trung,10.0916931,106.5448581,50,Good,0,23.6,86,0.0,13.2,88,1014.6,19,11.1,14.1,237.0,7.3,73.0,2.7
2026-01-26 08:00:00,2026,1,26,8,Vĩnh Long,Xã An Ngãi Trung,10.0916931,106.5448581,50,Good,0,25.2,78,0.0,16.7,89,1015.5,7,11.3,14.7,232.0,6.0,81.0,2.6
2026-01-26 09:00:00,2026,1,26,9,Vĩnh Long,Xã An Ngãi Trung,10.0916931,106.5448581,50,Good,0,26.5,71,0.0,17.8,89,1016.1,1,10.9,14.5,220.0,4.2,91.0,2.3
2026-01-26 10:00:00,2026,1,26,10,Vĩnh Long,Xã An Ngãi Trung,10.0916931,106.5448581,50,Good,0,27.5,63,0.0,18.7,88,1015.9,0,11.1,14.8,211.0,2.7,100.0,2.1
2026-01-26 11:00:00,2026,1,26,11,Vĩnh Long,Xã An Ngãi Trung,10.0916931,106.5448581,50,Good,0,28.2,59,0.0,18.6,86,1015.4,0,11.0,14.7,208.0,1.9,106.0,1.8
2026-01-26 12:00:00,2026,1,26,12,Vĩnh Long,Xã An Ngãi Trung,10.0916931,106.5448581,50,Good,0,28.6,56,0.0,18.4,87,1014.3,0,10.9,14.5,207.0,1.4,111.0,1.5
2026-01-26 13:00:00,2026,1,26,13,Vĩnh Long,Xã An Ngãi Trung,10.0916931,106.5448581,50,Good,0,28.4,59,0.0,17.5,92,1013.6,23,10.9,14.3,206.0,1.2,113.0,1.3
2026-01-26 14:00:00,2026,1,26,14,Vĩnh Long,Xã An Ngãi Trung,10.0916931,106.5448581,50,Good,0,28.0,59,0.0,17.6,98,1012.7,41,10.5,13.8,204.0,1.1,113.0,1.2
2026-01-26 15:00:00,2026,1,26,15,Vĩnh Long,Xã An Ngãi Trung,10.0916931,106.5448581,50,Good,0,27.2,59,0.0,18.9,98,1012.4,21,9.7,12.7,202.0,1.3,110.0,1.3
2026-01-26 16:00:00,2026,1,26,16,Vĩnh Long,Xã An Ngãi Trung,10.0916931,106.5448581,49,Good,0,26.7,64,0.0,17.8,101,1012.1,4,8.9,11.8,203.0,1.9,107.0,1.5
2026-01-26 17:00:00,2026,1,26,17,Vĩnh Long,Xã An Ngãi Trung,10.0916931,106.5448581,49,Good,0,25.4,71,0.0,15.7,103,1012.3,1,9.0,11.8,208.0,3.2,103.0,1.9
2026-01-26 18:00:00,2026,1,26,18,Vĩnh Long,Xã An Ngãi Trung,10.0916931,106.5448581,50,Good,0,24.5,74,0.0,12.4,99,1012.7,1,9.9,12.7,216.0,4.8,99.0,2.5
2026-01-26 19:00:00,2026,1,26,19,Vĩnh Long,Xã An Ngãi Trung,10.0916931,106.5448581,50,Good,0,24.0,83,0.0,11.9,96,1013.2,0,10.7,13.4,220.0,6.8,93.0,3.2
2026-01-26 20:00:00,2026,1,26,20,Vĩnh Long,Xã An Ngãi Trung,10.0916931,106.5448581,49,Good,0,24.0,84,0.0,11.9,100,1014.2,2,11.2,14.1,219.0,6.4,93.0,3.1
2026-01-26 21:00:00,2026,1,26,21,Vĩnh Long,Xã An Ngãi Trung,10.0916931,106.5448581,48,Good,0,24.0,80,0.0,15.4,96,1014.5,1,11.4,14.4,215.0,5.9,93.0,3.0
2026-01-26 22:00:00,2026,1,26,22,Vĩnh Long,Xã An Ngãi Trung,10.0916931,106.5448581,47,Good,0,23.6,83,0.0,15.6,101,1014.9,0,11.6,14.6,209.0,5.4,93.0,2.8
2026-01-26 23:00:00,2026,1,26,23,Vĩnh Long,Xã An Ngãi Trung,10.0916931,106.5448581,46,Good,0,23.6,81,0.0,15.6,105,1014.5,6,11.1,14.2,200.0,5.0,92.0,2.4
2026-01-27 00:00:00,2026,1,27,0,Vĩnh Long,Xã An Ngãi Trung,10.0916931,106.5448581,45,Good,0,23.5,80,0.0,17.2,95,1014.3,84,10.2,13.2,188.0,4.7,91.0,1.9
2026-01-27 01:00:00,2026,1,27,1,Vĩnh Long,Xã An Ngãi Trung,10.0916931,106.5448581,44,Good,0,23.5,80,0.0,17.2,97,1014.0,74,9.8,12.8,180.0,4.5,89.0,1.6
2026-01-27 02:00:00,2026,1,27,2,Vĩnh Long,Xã An Ngãi Trung,10.0916931,106.5448581,44,Good,0,23.4,80,0.0,16.0,97,1013.9,24,9.9,12.8,177.0,4.4,88.0,1.5
2026-01-27 03:00:00,2026,1,27,3,Vĩnh Long,Xã An Ngãi Trung,10.0916931,106.5448581,44,Good,0,23.2,78,0.0,13.9,100,1013.5,40,10.0,13.0,177.0,4.4,86.0,1.5
2026-01-27 04:00:00,2026,1,27,4,Vĩnh Long,Xã An Ngãi Trung,10.0916931,106.5448581,44,Good,0,23.0,79,0.0,13.7,103,1013.7,99,10.0,12.9,181.0,4.7,84.0,1.6
2026-01-27 05:00:00,2026,1,27,5,Vĩnh Long,Xã An Ngãi Trung,10.0916931,106.5448581,44,Good,0,23.0,80,0.0,12.7,98,1013.9,18,10.0,12.8,193.0,5.5,80.0,2.0
2026-01-27 06:00:00,2026,1,27,6,Vĩnh Long,Xã An Ngãi Trung,10.0916931,106.5448581,44,Good,0,22.8,80,0.0,11.3,97,1014.5,100,10.2,13.0,209.0,6.6,75.0,2.5
2026-01-27 07:00:00,2026,1,27,7,Vĩnh Long,Xã An Ngãi Trung,10.0916931,106.5448581,44,Good,0,23.9,77,0.0,11.9,93,1015.1,95,13.7,16.9,220.0,8.0,73.0,3.1
2026-01-27 08:00:00,2026,1,27,8,Vĩnh Long,Xã An Ngãi Trung,10.0916931,106.5448581,44,Good,0,25.5,71,0.0,15.5,87,1016.1,42,12.7,16.2,219.0,6.4,79.0,2.8
2026-01-27 09:00:00,2026,1,27,9,Vĩnh Long,Xã An Ngãi Trung,10.0916931,106.5448581,44,Good,0,26.8,63,0.0,15.9,84,1016.6,73,11.6,15.4,213.0,4.1,88.0,2.3
2026-01-27 10:00:00,2026,1,27,10,Vĩnh Long,Xã An Ngãi Trung,10.0916931,106.5448581,44,Good,0,27.8,58,0.0,14.4,82,1016.4,13,11.4,15.1,209.0,2.4,96.0,1.9
2026-01-27 11:00:00,2026,1,27,11,Vĩnh Long,Xã An Ngãi Trung,10.0916931,106.5448581,44,Good,0,28.6,53,0.0,13.7,88,1015.9,16,10.9,14.7,210.0,1.6,102.0,1.7
2026-01-27 12:00:00,2026,1,27,12,Vĩnh Long,Xã An Ngãi Trung,10.0916931,106.5448581,44,Good,0,29.1,52,0.0,13.1,98,1014.9,41,10.7,14.3,212.0,1.3,108.0,1.5
2026-01-27 13:00:00,2026,1,27,13,Vĩnh Long,Xã An Ngãi Trung,10.0916931,106.5448581,44,Good,0,28.5,53,0.0,15.9,108,1014.1,34,10.9,14.5,213.0,1.3,112.0,1.5
2026-01-27 14:00:00,2026,1,27,14,Vĩnh Long,Xã An Ngãi Trung,10.0916931,106.5448581,44,Good,0,27.8,55,0.0,16.1,115,1013.3,3,11.7,15.4,209.0,1.3,116.0,1.7
2026-01-27 15:00:00,2026,1,27,15,Vĩnh Long,Xã An Ngãi Trung,10.0916931,106.5448581,45,Good,0,27.7,53,0.0,14.2,111,1012.9,2,11.9,15.0,203.0,1.6,119.0,2.1
2026-01-27 16:00:00,2026,1,27,16,Vĩnh Long,Xã An Ngãi Trung,10.0916931,106.5448581,48,Good,0,27.5,56,0.0,12.5,108,1012.7,1,11.8,14.4,201.0,2.3,118.0,2.5
2026-01-27 17:00:00,2026,1,27,17,Vĩnh Long,Xã An Ngãi Trung,10.0916931,106.5448581,50,Good,0,26.0,69,0.0,14.7,113,1013.1,2,12.0,14.6,206.0,3.8,109.0,2.8
2026-01-27 18:00:00,2026,1,27,18,Vĩnh Long,Xã An Ngãi Trung,10.0916931,106.5448581,54,Moderate,1,24.3,77,0.0,14.0,103,1013.5,2,12.7,15.8,214.0,5.7,96.0,3.1
2026-01-27 19:00:00,2026,1,27,19,Vĩnh Long,Xã An Ngãi Trung,10.0916931,106.5448581,54,Moderate,1,24.3,87,0.0,12.6,104,1013.9,11,14.2,17.6,219.0,6.9,89.0,3.3
2026-01-27 20:00:00,2026,1,27,20,Vĩnh Long,Xã An Ngãi Trung,10.0916931,106.5448581,51,Moderate,1,24.2,88,0.0,13.1,103,1014.6,2,13.9,17.3,217.0,6.5,90.0,3.2
2026-01-27 21:00:00,2026,1,27,21,Vĩnh Long,Xã An Ngãi Trung,10.0916931,106.5448581,49,Good,0,24.1,84,0.0,15.2,97,1014.8,0,13.3,16.8,211.0,6.0,91.0,3.1
2026-01-27 22:00:00,2026,1,27,22,Vĩnh Long,Xã An Ngãi Trung,10.0916931,106.5448581,48,Good,0,23.9,89,0.0,15.0,103,1014.9,13,12.7,16.1,203.0,5.5,92.0,2.9
2026-01-27 23:00:00,2026,1,27,23,Vĩnh Long,Xã An Ngãi Trung,10.0916931,106.5448581,48,Good,0,23.9,82,0.0,15.8,97,1014.4,21,12.1,15.4,191.0,5.2,92.0,2.5
2026-01-28 00:00:00,2026,1,28,0,Vĩnh Long,Xã An Ngãi Trung,10.0916931,106.5448581,48,Good,0,23.5,86,0.0,15.3,94,1013.8,32,11.2,14.5,178.0,5.0,92.0,2.1
2026-01-28 01:00:00,2026,1,28,1,Vĩnh Long,Xã An Ngãi Trung,10.0916931,106.5448581,48,Good,0,23.2,89,0.0,15.3,91,1013.3,39,10.7,14.1,168.0,5.0,91.0,1.8
2026-01-28 02:00:00,2026,1,28,2,Vĩnh Long,Xã An Ngãi Trung,10.0916931,106.5448581,49,Good,0,23.2,88,0.0,14.3,96,1012.8,8,10.7,14.0,164.0,5.1,89.0,1.7
2026-01-28 03:00:00,2026,1,28,3,Vĩnh Long,Xã An Ngãi Trung,10.0916931,106.5448581,49,Good,0,23.1,89,0.0,12.3,94,1012.1,20,10.9,14.1,164.0,5.3,86.0,1.7
2026-01-28 04:00:00,2026,1,28,4,Vĩnh Long,Xã An Ngãi Trung,10.0916931,106.5448581,49,Good,0,22.8,90,0.0,10.6,87,1012.3,28,11.0,14.2,169.0,5.8,82.0,1.9
2026-01-28 05:00:00,2026,1,28,5,Vĩnh Long,Xã An Ngãi Trung,10.0916931,106.5448581,49,Good,0,23.0,90,0.0,9.2,94,1012.8,26,11.1,14.2,183.0,6.9,76.0,2.3
2026-01-28 06:00:00,2026,1,28,6,Vĩnh Long,Xã An Ngãi Trung,10.0916931,106.5448581,49,Good,0,22.8,90,0.0,8.1,94,1013.5,27,11.3,14.4,202.0,8.1,70.0,2.9
2026-01-28 07:00:00,2026,1,28,7,Vĩnh Long,Xã An Ngãi Trung,10.0916931,106.5448581,49,Good,0,23.9,86,0.0,11.6,98,1014.2,16,12.4,15.4,213.0,8.5,70.0,3.2
2026-01-28 08:00:00,2026,1,28,8,Vĩnh Long,Xã An Ngãi Trung,10.0916931,106.5448581,49,Good,0,25.5,77,0.0,15.1,93,1015.3,9,11.2,14.7,209.0,6.9,77.0,3.0
2026-01-28 09:00:00,2026,1,28,9,Vĩnh Long,Xã An Ngãi Trung,10.0916931,106.5448581,49,Good,0,26.7,71,0.1,15.8,89,1015.8,14,10.5,13.9,198.0,4.7,88.0,2.7
2026-01-28 10:00:00,2026,1,28,10,Vĩnh Long,Xã An Ngãi Trung,10.0916931,106.5448581,49,Good,0,27.6,65,0.0,16.8,86,1015.6,14,10.8,14.3,190.0,3.0,97.0,2.4
2026-01-28 11:00:00,2026,1,28,11,Vĩnh Long,Xã An Ngãi Trung,10.0916931,106.5448581,49,Good,0,28.5,60,0.0,17.7,84,1015.3,12,10.8,14.3,189.0,2.1,105.0,2.1
2026-01-28 12:00:00,2026,1,28,12,Vĩnh Long,Xã An Ngãi Trung,10.0916931,106.5448581,49,Good,0,29.1,57,0.0,17.5,81,1014.4,24,10.7,13.9,192.0,1.6,112.0,1.8
2026-01-28 13:00:00,2026,1,28,13,Vĩnh Long,Xã An Ngãi Trung,10.0916931,106.5448581,49,Good,0,29.0,56,0.0,16.2,87,1013.3,74,10.1,13.0,192.0,1.4,116.0,1.6
2026-01-28 14:00:00,2026,1,28,14,Vĩnh Long,Xã An Ngãi Trung,10.0916931,106.5448581,49,Good,0,28.9,56,0.0,14.2,94,1012.6,84,9.3,12.0,188.0,1.3,114.0,1.4
2026-01-28 15:00:00,2026,1,28,15,Vĩnh Long,Xã An Ngãi Trung,10.0916931,106.5448581,48,Good,0,27.8,59,0.0,15.4,100,1012.1,96,8.6,11.3,183.0,1.4,108.0,1.3
2026-01-28 16:00:00,2026,1,28,16,Vĩnh Long,Xã An Ngãi Trung,10.0916931,106.5448581,48,Good,0,27.2,61,0.0,14.6,99,1012.1,16,7.9,10.4,178.0,1.8,102.0,1.3
2026-01-28 17:00:00,2026,1,28,17,Vĩnh Long,Xã An Ngãi Trung,10.0916931,106.5448581,49,Good,0,26.0,70,0.0,15.3,108,1012.5,14,7.9,10.4,175.0,2.9,97.0,1.6
2026-01-28 18:00:00,2026,1,28,18,Vĩnh Long,Xã An Ngãi Trung,10.0916931,106.5448581,49,Good,0,24.7,76,0.0,14.0,105,1012.8,21,8.9,11.5,173.0,4.3,91.0,2.2
2026-01-28 19:00:00,2026,1,28,19,Vĩnh Long,Xã An Ngãi Trung,10.0916931,106.5448581,49,Good,0,24.4,85,0.0,14.1,106,1013.5,3,12.5,15.7,171.0,5.4,86.0,2.6
2026-01-28 20:00:00,2026,1,28,20,Vĩnh Long,Xã An Ngãi Trung,10.0916931,106.5448581,48,Good,0,24.2,81,0.0,16.0,101,1014.4,7,11.9,15.1,169.0,5.1,86.0,2.5
2026-01-28 21:00:00,2026,1,28,21,Vĩnh Long,Xã An Ngãi Trung,10.0916931,106.5448581,46,Good,0,24.3,80,0.0,16.7,104,1014.6,0,11.2,14.5,168.0,4.6,86.0,2.4
2026-01-28 22:00:00,2026,1,28,22,Vĩnh Long,Xã An Ngãi Trung,10.0916931,106.5448581,45,Good,0,24.2,77,0.0,18.6,99,1014.7,0,10.7,13.9,168.0,4.3,86.0,2.2
2026-01-28 23:00:00,2026,1,28,23,Vĩnh Long,Xã An Ngãi Trung,10.0916931,106.5448581,44,Good,0,24.0,77,0.0,17.8,101,1014.5,0,10.4,13.5,169.0,4.3,85.0,2.0
2026-01-29 00:00:00,2026,1,29,0,Vĩnh Long,Xã An Ngãi Trung,10.0916931,106.5448581,44,Good,0,23.9,76,0.0,16.8,99,1014.1,0,10.2,13.3,170.0,4.5,83.0,1.7
2026-01-29 01:00:00,2026,1,29,1,Vĩnh Long,Xã An Ngãi Trung,10.0916931,106.5448581,44,Good,0,23.7,80,0.0,16.5,101,1013.7,0,10.2,13.3,172.0,4.8,81.0,1.6
2026-01-29 02:00:00,2026,1,29,2,Vĩnh Long,Xã An Ngãi Trung,10.0916931,106.5448581,44,Good,0,23.6,81,0.0,14.5,96,1012.8,63,10.1,13.1,174.0,5.0,80.0,1.6
2026-01-29 03:00:00,2026,1,29,3,Vĩnh Long,Xã An Ngãi Trung,10.0916931,106.5448581,44,Good,0,23.2,84,0.0,11.3,89,1012.5,91,10.2,13.1,176.0,5.3,79.0,1.7
2026-01-29 04:00:00,2026,1,29,4,Vĩnh Long,Xã An Ngãi Trung,10.0916931,106.5448581,43,Good,0,23.0,86,0.0,9.6,86,1012.6,100,10.4,13.2,181.0,5.8,77.0,1.9
2026-01-29 05:00:00,2026,1,29,5,Vĩnh Long,Xã An Ngãi Trung,10.0916931,106.5448581,43,Good,0,22.9,86,0.0,9.0,80,1013.0,97,10.6,13.2,191.0,7.0,73.0,2.4
2026-01-29 06:00:00,2026,1,29,6,Vĩnh Long,Xã An Ngãi Trung,10.0916931,106.5448581,43,Good,0,22.5,88,0.0,7.1,69,1013.3,95,10.9,13.4,203.0,8.5,69.0,3.1
2026-01-29 07:00:00,2026,1,29,7,Vĩnh Long,Xã An Ngãi Trung,10.0916931,106.5448581,43,Good,0,23.4,86,0.0,9.6,67,1014.0,96,15.0,18.0,210.0,10.8,64.0,4.2
2026-01-29 08:00:00,2026,1,29,8,Vĩnh Long,Xã An Ngãi Trung,10.0916931,106.5448581,44,Good,0,25.4,77,0.0,12.1,75,1014.8,80,15.0,18.3,209.0,10.1,71.0,5.0
2026-01-29 09:00:00,2026,1,29,9,Vĩnh Long,Xã An Ngãi Trung,10.0916931,106.5448581,44,Good,0,27.0,67,0.0,13.8,76,1015.2,37,14.9,18.7,203.0,9.1,82.0,6.2
2026-01-29 10:00:00,2026,1,29,10,Vĩnh Long,Xã An Ngãi Trung,10.0916931,106.5448581,45,Good,0,28.0,62,0.0,13.9,80,1015.3,98,17.2,21.8,197.0,7.9,95.0,7.0
2026-01-29 11:00:00,2026,1,29,11,Vĩnh Long,Xã An Ngãi Trung,10.0916931,106.5448581,46,Good,0,28.8,60,0.0,13.4,82,1014.9,100,19.4,24.6,193.0,6.2,115.0,7.1
2026-01-29 12:00:00,2026,1,29,12,Vĩnh Long,Xã An Ngãi Trung,10.0916931,106.5448581,48,Good,0,29.0,57,0.0,13.7,90,1014.0,100,20.2,24.9,188.0,4.3,138.0,6.9
2026-01-29 13:00:00,2026,1,29,13,Vĩnh Long,Xã An Ngãi Trung,10.0916931,106.5448581,49,Good,0,28.7,56,0.0,14.4,99,1012.9,77,20.8,24.2,185.0,2.9,152.0,6.5
2026-01-29 14:00:00,2026,1,29,14,Vĩnh Long,Xã An Ngãi Trung,10.0916931,106.5448581,51,Moderate,1,28.4,56,0.0,13.6,105,1012.2,93,22.4,25.6,182.0,2.5,153.0,5.9
2026-01-29 15:00:00,2026,1,29,15,Vĩnh Long,Xã An Ngãi Trung,10.0916931,106.5448581,52,Moderate,1,28.2,56,0.0,14.2,111,1011.6,77,21.6,24.6,181.0,2.6,145.0,5.1
2026-01-29 16:00:00,2026,1,29,16,Vĩnh Long,Xã An Ngãi Trung,10.0916931,106.5448581,69,Moderate,1,27.5,57,0.0,15.6,107,1011.8,79,17.8,20.6,183.0,3.1,135.0,4.4
2026-01-29 17:00:00,2026,1,29,17,Vĩnh Long,Xã An Ngãi Trung,10.0916931,106.5448581,82,Moderate,1,26.1,64,0.0,14.9,103,1012.2,98,14.6,17.2,192.0,4.2,120.0,3.8
2026-01-29 18:00:00,2026,1,29,18,Vĩnh Long,Xã An Ngãi Trung,10.0916931,106.5448581,91,Moderate,1,24.8,74,0.0,13.0,100,1012.8,97,13.2,16.1,205.0,5.8,102.0,3.4
2026-01-29 19:00:00,2026,1,29,19,Vĩnh Long,Xã An Ngãi Trung,10.0916931,106.5448581,92,Moderate,1,24.4,82,0.0,11.9,100,1013.2,5,12.9,16.1,215.0,7.0,89.0,3.1
2026-01-29 20:00:00,2026,1,29,20,Vĩnh Long,Xã An Ngãi Trung,10.0916931,106.5448581,86,Moderate,1,24.1,84,0.0,12.8,101,1014.3,2,13.3,16.6,219.0,6.7,90.0,3.2
2026-01-29 21:00:00,2026,1,29,21,Vĩnh Long,Xã An Ngãi Trung,10.0916931,106.5448581,76,Moderate,1,24.0,86,0.0,14.2,102,1014.5,0,13.6,17.0,219.0,6.2,92.0,3.3
2026-01-29 22:00:00,2026,1,29,22,Vĩnh Long,Xã An Ngãi Trung,10.0916931,106.5448581,64,Moderate,1,23.8,87,0.0,14.3,102,1014.9,0,13.5,16.9,217.0,5.8,93.0,3.2
2026-01-29 23:00:00,2026,1,29,23,Vĩnh Long,Xã An Ngãi Trung,10.0916931,106.5448581,55,Moderate,1,23.8,84,0.0,15.1,102,1015.0,2,12.7,16.1,210.0,5.4,92.0,2.8
2026-01-30 00:00:00,2026,1,30,0,Vĩnh Long,Xã An Ngãi Trung,10.0916931,106.5448581,56,Moderate,1,23.6,84,0.0,15.3,99,1014.7,14,11.4,14.7,200.0,5.1,91.0,2.2
2026-01-30 01:00:00,2026,1,30,1,Vĩnh Long,Xã An Ngãi Trung,10.0916931,106.5448581,56,Moderate,1,23.5,86,0.0,13.5,106,1014.3,38,10.7,14.0,194.0,4.9,89.0,1.8
2026-01-30 02:00:00,2026,1,30,2,Vĩnh Long,Xã An Ngãi Trung,10.0916931,106.5448581,56,Moderate,1,23.5,84,0.0,15.0,106,1013.6,52,10.6,14.0,193.0,4.7,87.0,1.6
2026-01-30 03:00:00,2026,1,30,3,Vĩnh Long,Xã An Ngãi Trung,10.0916931,106.5448581,56,Moderate,1,23.4,84,0.0,14.6,109,1013.4,98,10.7,14.1,196.0,4.7,85.0,1.5
2026-01-30 04:00:00,2026,1,30,4,Vĩnh Long,Xã An Ngãi Trung,10.0916931,106.5448581,56,Moderate,1,23.3,85,0.0,13.3,106,1013.6,100,10.9,14.3,201.0,4.9,83.0,1.6
2026-01-30 05:00:00,2026,1,30,5,Vĩnh Long,Xã An Ngãi Trung,10.0916931,106.5448581,56,Moderate,1,23.2,86,0.0,13.5,102,1014.0,100,11.3,14.6,211.0,5.8,80.0,2.0
2026-01-30 06:00:00,2026,1,30,6,Vĩnh Long,Xã An Ngãi Trung,10.0916931,106.5448581,56,Moderate,1,23.2,86,0.0,13.6,96,1014.4,100,12.0,15.4,224.0,7.0,76.0,2.6
2026-01-30 07:00:00,2026,1,30,7,Vĩnh Long,Xã An Ngãi Trung,10.0916931,106.5448581,56,Moderate,1,24.0,84,0.0,13.7,92,1014.9,94,12.2,15.1,232.0,7.4,74.0,2.8
2026-01-30 08:00:00,2026,1,30,8,Vĩnh Long,Xã An Ngãi Trung,10.0916931,106.5448581,56,Moderate,1,25.5,76,0.0,16.2,90,1015.8,75,11.7,15.1,231.0,6.1,80.0,2.6
2026-01-30 09:00:00,2026,1,30,9,Vĩnh Long,Xã An Ngãi Trung,10.0916931,106.5448581,55,Moderate,1,26.5,72,0.0,16.9,88,1016.3,100,11.1,14.6,225.0,4.3,88.0,2.3
2026-01-30 10:00:00,2026,1,30,10,Vĩnh Long,Xã An Ngãi Trung,10.0916931,106.5448581,55,Moderate,1,27.2,68,0.0,17.1,90,1016.3,100,10.7,14.1,219.0,2.9,96.0,2.0
2026-01-30 11:00:00,2026,1,30,11,Vĩnh Long,Xã An Ngãi Trung,10.0916931,106.5448581,55,Moderate,1,28.0,64,0.0,17.5,94,1015.7,92,10.2,13.6,215.0,2.2,102.0,1.8
2026-01-30 12:00:00,2026,1,30,12,Vĩnh Long,Xã An Ngãi Trung,10.0916931,106.5448581,54,Moderate,1,28.8,59,0.0,17.9,94,1014.9,84,9.9,13.2,211.0,1.8,108.0,1.7
2026-01-30 13:00:00,2026,1,30,13,Vĩnh Long,Xã An Ngãi Trung,10.0916931,106.5448581,53,Moderate,1,28.9,59,0.0,17.0,94,1014.1,24,10.2,13.5,208.0,1.6,112.0,1.7
2026-01-30 14:00:00,2026,1,30,14,Vĩnh Long,Xã An Ngãi Trung,10.0916931,106.5448581,52,Moderate,1,28.5,62,0.0,14.6,100,1013.2,61,10.5,13.6,207.0,1.5,116.0,1.7
2026-01-30 15:00:00,2026,1,30,15,Vĩnh Long,Xã An Ngãi Trung,10.0916931,106.5448581,51,Moderate,1,27.8,63,0.0,15.9,100,1012.6,23,10.4,13.0,207.0,1.6,119.0,1.9
2026-01-30 16:00:00,2026,1,30,16,Vĩnh Long,Xã An Ngãi Trung,10.0916931,106.5448581,50,Good,0,27.0,67,0.0,16.0,102,1012.6,2,10.7,13.1,211.0,2.2,118.0,2.1
2026-01-30 17:00:00,2026,1,30,17,Vĩnh Long,Xã An Ngãi Trung,10.0916931,106.5448581,50,Good,0,25.8,76,0.0,14.1,109,1012.8,100,11.2,13.8,223.0,3.9,110.0,2.6
2026-01-30 18:00:00,2026,1,30,18,Vĩnh Long,Xã An Ngãi Trung,10.0916931,106.5448581,54,Moderate,1,24.5,80,0.0,11.4,105,1012.9,100,12.9,15.9,239.0,6.1,98.0,3.1
2026-01-30 19:00:00,2026,1,30,19,Vĩnh Long,Xã An Ngãi Trung,10.0916931,106.5448581,54,Moderate,1,24.1,91,0.0,9.9,115,1013.5,99,14.4,17.8,249.0,7.1,89.0,3.4
2026-01-30 20:00:00,2026,1,30,20,Vĩnh Long,Xã An Ngãi Trung,10.0916931,106.5448581,52,Moderate,1,23.9,92,0.0,8.8,113,1014.3,100,14.3,17.8,249.0,6.6,90.0,3.3
2026-01-30 21:00:00,2026,1,30,21,Vĩnh Long,Xã An Ngãi Trung,10.0916931,106.5448581,49,Good,0,24.0,91,0.0,11.1,110,1014.9,100,13.8,17.3,242.0,5.8,91.0,3.1
2026-01-30 22:00:00,2026,1,30,22,Vĩnh Long,Xã An Ngãi Trung,10.0916931,106.5448581,48,Good,0,24.0,90,0.0,11.6,106,1015.0,100,13.1,16.6,236.0,5.2,92.0,2.9
2026-01-30 23:00:00,2026,1,30,23,Vĩnh Long,Xã An Ngãi Trung,10.0916931,106.5448581,48,Good,0,24.0,87,0.0,12.3,108,1014.9,100,12.3,15.8,230.0,4.9,91.0,2.5
2026-01-31 00:00:00,2026,1,31,0,Vĩnh Long,Xã An Ngãi Trung,10.0916931,106.5448581,48,Good,0,23.9,86,0.0,13.8,101,1014.5,100,11.3,14.8,225.0,4.7,89.0,2.1
2026-01-31 01:00:00,2026,1,31,1,Vĩnh Long,Xã An Ngãi Trung,10.0916931,106.5448581,48,Good,0,23.8,89,0.0,12.2,110,1014.2,100,10.9,14.3,220.0,4.7,87.0,1.8
2026-01-31 02:00:00,2026,1,31,2,Vĩnh Long,Xã An Ngãi Trung,10.0916931,106.5448581,48,Good,0,23.7,89,0.0,12.4,109,1013.7,100,10.9,14.3,216.0,4.8,85.0,1.7
2026-01-31 03:00:00,2026,1,31,3,Vĩnh Long,Xã An Ngãi Trung,10.0916931,106.5448581,48,Good,0,23.7,87,0.0,12.2,109,1013.1,100,11.0,14.4,213.0,5.0,83.0,1.7
2026-01-31 04:00:00,2026,1,31,4,Vĩnh Long,Xã An Ngãi Trung,10.0916931,106.5448581,48,Good,0,23.6,87,0.0,12.6,107,1013.1,99,11.0,14.4,215.0,5.3,81.0,1.8
2026-01-31 05:00:00,2026,1,31,5,Vĩnh Long,Xã An Ngãi Trung,10.0916931,106.5448581,48,Good,0,23.3,87,0.0,12.1,108,1013.2,62,10.9,14.1,227.0,6.0,79.0,2.1
2026-01-31 06:00:00,2026,1,31,6,Vĩnh Long,Xã An Ngãi Trung,10.0916931,106.5448581,48,Good,0,23.1,87,0.0,12.4,104,1013.8,75,10.8,13.9,243.0,6.9,76.0,2.5
2026-01-31 07:00:00,2026,1,31,7,Vĩnh Long,Xã An Ngãi Trung,10.0916931,106.5448581,48,Good,0,24.0,87,0.0,14.3,96,1014.5,3,13.1,16.6,251.0,6.8,77.0,2.7
2026-01-31 08:00:00,2026,1,31,8,Vĩnh Long,Xã An Ngãi Trung,10.0916931,106.5448581,48,Good,0,25.5,79,0.0,16.7,91,1015.3,5,13.5,17.8,243.0,5.6,83.0,2.5
2026-01-31 09:00:00,2026,1,31,9,Vĩnh Long,Xã An Ngãi Trung,10.0916931,106.5448581,48,Good,0,26.8,72,0.0,16.9,89,1016.0,2,13.0,17.3,227.0,3.9,92.0,2.3
2026-01-31 10:00:00,2026,1,31,10,Vĩnh Long,Xã An Ngãi Trung,10.0916931,106.5448581,49,Good,0,27.9,65,0.0,17.8,89,1015.9,0,12.5,16.9,213.0,2.5,100.0,2.0
2026-01-31 11:00:00,2026,1,31,11,Vĩnh Long,Xã An Ngãi Trung,10.0916931,106.5448581,49,Good,0,28.7,58,0.0,18.4,88,1015.8,3,11.8,16.4,203.0,1.8,105.0,1.8
2026-01-31 12:00:00,2026,1,31,12,Vĩnh Long,Xã An Ngãi Trung,10.0916931,106.5448581,49,Good,0,29.1,55,0.0,19.3,89,1014.8,6,11.2,15.8,195.0,1.4,110.0,1.5
2026-01-31 13:00:00,2026,1,31,13,Vĩnh Long,Xã An Ngãi Trung,10.0916931,106.5448581,50,Good,0,29.2,55,0.0,19.2,96,1014.1,17,11.3,16.1,190.0,1.3,113.0,1.4
2026-01-31 14:00:00,2026,1,31,14,Vĩnh Long,Xã An Ngãi Trung,10.0916931,106.5448581,50,Good,0,28.9,52,0.0,19.5,99,1013.3,15,11.8,16.6,187.0,1.3,116.0,1.4
2026-01-31 15:00:00,2026,1,31,15,Vĩnh Long,Xã An Ngãi Trung,10.0916931,106.5448581,50,Good,0,28.2,54,0.0,19.9,99,1012.8,19,12.3,17.1,186.0,1.5,118.0,1.5
2026-01-31 16:00:00,2026,1,31,16,Vĩnh Long,Xã An Ngãi Trung,10.0916931,106.5448581,50,Good,0,27.6,56,0.0,17.5,99,1012.7,9,12.8,17.8,189.0,2.2,117.0,1.8
2026-01-31 17:00:00,2026,1,31,17,Vĩnh Long,Xã An Ngãi Trung,10.0916931,106.5448581,52,Moderate,1,26.1,65,0.0,14.9,109,1012.9,5,13.9,18.7,200.0,3.7,112.0,2.3
2026-01-31 18:00:00,2026,1,31,18,Vĩnh Long,Xã An Ngãi Trung,10.0916931,106.5448581,56,Moderate,1,25.0,68,0.0,13.4,104,1013.4,1,15.5,20.3,216.0,5.7,105.0,2.9
2026-01-31 19:00:00,2026,1,31,19,Vĩnh Long,Xã An Ngãi Trung,10.0916931,106.5448581,57,Moderate,1,24.4,81,0.0,12.0,106,1013.7,5,16.0,20.2,226.0,6.9,99.0,3.3
2026-01-31 20:00:00,2026,1,31,20,Vĩnh Long,Xã An Ngãi Trung,10.0916931,106.5448581,56,Moderate,1,24.1,86,0.0,11.0,125,1014.4,2,15.9,20.0,226.0,6.4,99.0,3.3
2026-01-31 21:00:00,2026,1,31,21,Vĩnh Long,Xã An Ngãi Trung,10.0916931,106.5448581,54,Moderate,1,24.0,81,0.0,12.6,109,1014.6,72,14.8,18.6,220.0,5.7,100.0,3.2
2026-01-31 22:00:00,2026,1,31,22,Vĩnh Long,Xã An Ngãi Trung,10.0916931,106.5448581,51,Moderate,1,24.1,76,0.0,14.5,107,1014.7,57,13.3,16.9,213.0,5.2,99.0,3.0
2026-01-31 23:00:00,2026,1,31,23,Vĩnh Long,Xã An Ngãi Trung,10.0916931,106.5448581,51,Moderate,1,23.9,79,0.0,15.3,111,1014.5,68,11.8,15.3,206.0,4.9,97.0,2.6
2026-02-01 00:00:00,2026,2,1,0,Vĩnh Long,Xã An Ngãi Trung,10.0916931,106.5448581,51,Moderate,1,23.6,82,0.0,15.4,100,1014.0,59,10.4,13.9,197.0,4.6,95.0,2.1
2026-02-01 01:00:00,2026,2,1,1,Vĩnh Long,Xã An Ngãi Trung,10.0916931,106.5448581,51,Moderate,1,23.2,88,0.0,14.0,91,1013.4,80,10.0,13.5,193.0,4.6,92.0,1.8
2026-02-01 02:00:00,2026,2,1,2,Vĩnh Long,Xã An Ngãi Trung,10.0916931,106.5448581,51,Moderate,1,23.2,87,0.0,12.1,92,1012.6,86,10.1,13.6,194.0,4.8,88.0,1.7
2026-02-01 03:00:00,2026,2,1,3,Vĩnh Long,Xã An Ngãi Trung,10.0916931,106.5448581,51,Moderate,1,23.0,91,0.0,10.5,94,1012.3,98,10.3,13.8,200.0,5.2,83.0,1.7
2026-02-01 04:00:00,2026,2,1,4,Vĩnh Long,Xã An Ngãi Trung,10.0916931,106.5448581,51,Moderate,1,22.9,91,0.0,10.6,90,1012.2,89,10.4,13.7,208.0,5.7,79.0,1.9
2026-02-01 05:00:00,2026,2,1,5,Vĩnh Long,Xã An Ngãi Trung,10.0916931,106.5448581,51,Moderate,1,22.8,92,0.0,10.0,77,1012.7,98,10.3,13.4,221.0,6.6,73.0,2.2
2026-02-01 06:00:00,2026,2,1,6,Vĩnh Long,Xã An Ngãi Trung,10.0916931,106.5448581,51,Moderate,1,22.6,92,0.0,9.3,62,1013.2,100,10.2,12.9,237.0,7.6,67.0,2.5
2026-02-01 07:00:00,2026,2,1,7,Vĩnh Long,Xã An Ngãi Trung,10.0916931,106.5448581,51,Moderate,1,23.5,89,0.0,11.4,71,1014.4,100,12.9,15.8,249.0,10.0,65.0,3.8
2026-02-01 08:00:00,2026,2,1,8,Vĩnh Long,Xã An Ngãi Trung,10.0916931,106.5448581,51,Moderate,1,25.5,77,0.0,14.5,67,1015.3,100,13.8,17.3,253.0,9.6,75.0,5.1
2026-02-01 09:00:00,2026,2,1,9,Vĩnh Long,Xã An Ngãi Trung,10.0916931,106.5448581,51,Moderate,1,27.0,66,0.0,14.2,61,1016.0,100,15.6,19.6,253.0,9.1,90.0,6.9
2026-02-01 10:00:00,2026,2,1,10,Vĩnh Long,Xã An Ngãi Trung,10.0916931,106.5448581,51,Moderate,1,28.2,54,0.0,14.8,61,1015.9,99,17.2,21.5,251.0,8.1,106.0,8.0
2026-02-01 11:00:00,2026,2,1,11,Vĩnh Long,Xã An Ngãi Trung,10.0916931,106.5448581,51,Moderate,1,29.1,48,0.0,13.8,66,1015.5,100,17.1,20.5,249.0,6.3,125.0,7.7
2026-02-01 12:00:00,2026,2,1,12,Vĩnh Long,Xã An Ngãi Trung,10.0916931,106.5448581,52,Moderate,1,29.8,45,0.0,12.0,72,1014.6,98,17.0,20.2,246.0,4.1,145.0,6.7
2026-02-01 13:00:00,2026,2,1,13,Vĩnh Long,Xã An Ngãi Trung,10.0916931,106.5448581,52,Moderate,1,30.0,45,0.0,12.1,75,1014.0,98,16.5,19.4,237.0,2.5,157.0,5.7
2026-02-01 14:00:00,2026,2,1,14,Vĩnh Long,Xã An Ngãi Trung,10.0916931,106.5448581,53,Moderate,1,29.9,45,0.0,12.8,96,1013.1,100,15.6,18.4,215.0,1.9,155.0,4.9
2026-02-01 15:00:00,2026,2,1,15,Vĩnh Long,Xã An Ngãi Trung,10.0916931,106.5448581,62,Moderate,1,28.5,49,0.0,16.3,109,1012.6,88,14.3,17.3,188.0,2.0,145.0,4.2
2026-02-01 16:00:00,2026,2,1,16,Vĩnh Long,Xã An Ngãi Trung,10.0916931,106.5448581,79,Moderate,1,28.1,48,0.0,15.1,102,1012.4,66,12.7,15.5,172.0,2.5,132.0,3.6
2026-02-01 17:00:00,2026,2,1,17,Vĩnh Long,Xã An Ngãi Trung,10.0916931,106.5448581,91,Moderate,1,27.0,55,0.0,10.8,111,1012.7,62,11.4,14.1,180.0,3.9,117.0,3.3
2026-02-01 18:00:00,2026,2,1,18,Vĩnh Long,Xã An Ngãi Trung,10.0916931,106.5448581,97,Moderate,1,24.6,74,0.0,12.2,123,1013.1,7,11.2,13.8,199.0,5.7,100.0,3.2
2026-02-01 19:00:00,2026,2,1,19,Vĩnh Long,Xã An Ngãi Trung,10.0916931,106.5448581,95,Moderate,1,24.0,83,0.0,11.3,110,1013.8,82,10.2,12.6,212.0,7.2,86.0,3.3
2026-02-01 20:00:00,2026,2,1,20,Vĩnh Long,Xã An Ngãi Trung,10.0916931,106.5448581,87,Moderate,1,23.8,86,0.0,13.0,104,1014.2,9,10.0,12.5,210.0,6.6,88.0,3.2
2026-02-01 21:00:00,2026,2,1,21,Vĩnh Long,Xã An Ngãi Trung,10.0916931,106.5448581,75,Moderate,1,24.0,85,0.0,17.4,97,1014.5,90,10.6,13.4,201.0,5.8,90.0,3.1
2026-02-01 22:00:00,2026,2,1,22,Vĩnh Long,Xã An Ngãi Trung,10.0916931,106.5448581,61,Moderate,1,24.1,78,0.0,18.2,97,1014.0,84,11.0,14.0,194.0,5.2,91.0,2.9
2026-02-01 23:00:00,2026,2,1,23,Vĩnh Long,Xã An Ngãi Trung,10.0916931,106.5448581,51,Moderate,1,24.0,78,0.0,17.6,91,1014.0,94,11.0,14.3,191.0,5.0,89.0,2.5
2026-02-02 00:00:00,2026,2,2,0,Vĩnh Long,Xã An Ngãi Trung,10.0916931,106.5448581,51,Moderate,1,24.0,78,0.0,18.0,92,1014.1,98,10.9,14.3,189.0,4.9,87.0,2.0
2026-02-02 01:00:00,2026,2,2,1,Vĩnh Long,Xã An Ngãi Trung,10.0916931,106.5448581,51,Moderate,1,23.9,80,0.0,18.5,90,1013.6,97,11.1,14.6,189.0,4.9,84.0,1.7
2026-02-02 02:00:00,2026,2,2,2,Vĩnh Long,Xã An Ngãi Trung,10.0916931,106.5448581,51,Moderate,1,23.8,81,0.0,17.2,83,1013.4,100,11.2,14.6,191.0,4.7,82.0,1.5
2026-02-02 03:00:00,2026,2,2,3,Vĩnh Long,Xã An Ngãi Trung,10.0916931,106.5448581,51,Moderate,1,23.5,84,0.0,14.7,82,1013.0,100,10.9,14.0,196.0,4.5,81.0,1.5
2026-02-02 04:00:00,2026,2,2,4,Vĩnh Long,Xã An Ngãi Trung,10.0916931,106.5448581,51,Moderate,1,23.3,86,0.0,13.3,80,1012.9,99,10.2,13.0,206.0,4.9,79.0,1.7
2026-02-02 05:00:00,2026,2,2,5,Vĩnh Long,Xã An Ngãi Trung,10.0916931,106.5448581,51,Moderate,1,23.0,88,0.0,11.3,56,1013.6,99,9.4,11.9,227.0,6.5,74.0,2.4
2026-02-02 06:00:00,2026,2,2,6,Vĩnh Long,Xã An Ngãi Trung,10.0916931,106.5448581,51,Moderate,1,22.0,93,0.0,8.3,34,1014.0,94,9.3,11.5,253.0,8.6,68.0,3.5
2026-02-02 07:00:00,2026,2,2,7,Vĩnh Long,Xã An Ngãi Trung,10.0916931,106.5448581,51,Moderate,1,22.8,90,0.0,11.4,35,1015.1,70,10.3,12.7,270.0,8.0,71.0,3.4
2026-02-02 08:00:00,2026,2,2,8,Vĩnh Long,Xã An Ngãi Trung,10.0916931,106.5448581,51,Moderate,1,24.9,75,0.0,11.7,41,1015.6,22,11.3,13.9,270.0,7.8,78.0,4.5
2026-02-02 09:00:00,2026,2,2,9,Vĩnh Long,Xã An Ngãi Trung,10.0916931,106.5448581,51,Moderate,1,26.7,64,0.0,12.0,49,1016.0,20,12.6,15.5,260.0,7.5,89.0,6.0
2026-02-02 10:00:00,2026,2,2,10,Vĩnh Long,Xã An Ngãi Trung,10.0916931,106.5448581,50,Good,0,28.1,58,0.0,12.0,66,1015.5,53,13.7,17.1,248.0,6.8,100.0,6.7
2026-02-02 11:00:00,2026,2,2,11,Vĩnh Long,Xã An Ngãi Trung,10.0916931,106.5448581,50,Good,0,29.1,55,0.0,11.8,78,1015.0,77,13.2,16.2,236.0,5.3,113.0,6.0
2026-02-02 12:00:00,2026,2,2,12,Vĩnh Long,Xã An Ngãi Trung,10.0916931,106.5448581,50,Good,0,29.8,53,0.0,11.0,85,1014.1,71,11.6,14.0,222.0,3.4,126.0,4.5
2026-02-02 13:00:00,2026,2,2,13,Vĩnh Long,Xã An Ngãi Trung,10.0916931,106.5448581,49,Good,0,29.9,52,0.0,11.6,95,1013.4,35,9.7,11.7,212.0,2.0,133.0,3.3
2026-02-02 14:00:00,2026,2,2,14,Vĩnh Long,Xã An Ngãi Trung,10.0916931,106.5448581,47,Good,0,29.4,54,0.0,13.5,102,1012.4,72,8.3,10.0,207.0,1.5,131.0,2.6
2026-02-02 15:00:00,2026,2,2,15,Vĩnh Long,Xã An Ngãi Trung,10.0916931,106.5448581,49,Good,0,28.1,58,0.0,15.8,117,1012.1,96,7.4,9.0,206.0,1.6,123.0,2.1
2026-02-02 16:00:00,2026,2,2,16,Vĩnh Long,Xã An Ngãi Trung,10.0916931,106.5448581,57,Moderate,1,27.1,63,0.0,15.0,110,1011.8,88,7.6,9.5,207.0,2.1,115.0,1.9
2026-02-02 17:00:00,2026,2,2,17,Vĩnh Long,Xã An Ngãi Trung,10.0916931,106.5448581,64,Moderate,1,26.2,69,0.0,13.1,103,1012.2,91,9.3,11.7,214.0,3.5,108.0,2.2
2026-02-02 18:00:00,2026,2,2,18,Vĩnh Long,Xã An Ngãi Trung,10.0916931,106.5448581,68,Moderate,1,24.8,77,0.0,7.0,116,1012.6,48,11.1,13.7,223.0,5.4,101.0,2.8
2026-02-02 19:00:00,2026,2,2,19,Vĩnh Long,Xã An Ngãi Trung,10.0916931,106.5448581,69,Moderate,1,24.3,80,0.0,8.1,102,1013.4,0,14.6,17.8,226.0,7.7,95.0,3.5
2026-02-02 20:00:00,2026,2,2,20,Vĩnh Long,Xã An Ngãi Trung,10.0916931,106.5448581,65,Moderate,1,24.3,82,0.0,8.8,107,1014.0,13,13.2,16.6,216.0,6.8,94.0,3.2
2026-02-02 21:00:00,2026,2,2,21,Vĩnh Long,Xã An Ngãi Trung,10.0916931,106.5448581,58,Moderate,1,24.8,81,0.0,14.0,91,1014.2,94,12.1,15.5,200.0,5.6,92.0,2.9
2026-02-02 22:00:00,2026,2,2,22,Vĩnh Long,Xã An Ngãi Trung,10.0916931,106.5448581,50,Good,0,24.5,82,0.0,14.6,91,1014.0,17,11.2,14.4,188.0,4.8,89.0,2.5
2026-02-02 23:00:00,2026,2,2,23,Vĩnh Long,Xã An Ngãi Trung,10.0916931,106.5448581,47,Good,0,24.5,81,0.0,17.3,85,1014.3,34,10.2,13.1,183.0,4.6,85.0,2.0
2026-02-03 00:00:00,2026,2,3,0,Vĩnh Long,Xã An Ngãi Trung,10.0916931,106.5448581,45,Good,0,24.4,82,0.0,16.6,81,1014.0,26,9.1,11.7,182.0,4.7,81.0,1.5
2026-02-03 01:00:00,2026,2,3,1,Vĩnh Long,Xã An Ngãi Trung,10.0916931,106.5448581,45,Good,0,24.7,82,0.0,18.6,78,1013.8,70,8.4,10.5,183.0,5.6,76.0,1.6
2026-02-03 02:00:00,2026,2,3,2,Vĩnh Long,Xã An Ngãi Trung,10.0916931,106.5448581,44,Good,0,24.8,81,0.0,18.8,73,1013.2,100,8.2,10.0,187.0,7.4,71.0,2.4
2026-02-03 03:00:00,2026,2,3,3,Vĩnh Long,Xã An Ngãi Trung,10.0916931,106.5448581,44,Good,0,25.0,78,0.0,17.2,66,1013.2,100,9.1,10.8,193.0,9.8,65.0,3.8
2026-02-03 04:00:00,2026,2,3,4,Vĩnh Long,Xã An Ngãi Trung,10.0916931,106.5448581,44,Good,0,24.9,78,0.0,13.9,57,1013.2,100,10.9,12.5,202.0,12.6,59.0,5.4
2026-02-03 05:00:00,2026,2,3,5,Vĩnh Long,Xã An Ngãi Trung,10.0916931,106.5448581,44,Good,0,24.8,77,0.0,10.3,44,1013.6,100,13.1,14.7,217.0,16.3,52.0,7.7
2026-02-03 06:00:00,2026,2,3,6,Vĩnh Long,Xã An Ngãi Trung,10.0916931,106.5448581,44,Good,0,24.5,77,0.0,7.2,39,1013.9,86,15.6,17.3,234.0,20.3,44.0,10.4
2026-02-03 07:00:00,2026,2,3,7,Vĩnh Long,Xã An Ngãi Trung,10.0916931,106.5448581,45,Good,0,24.7,80,0.0,6.2,46,1015.0,100,22.2,24.1,244.0,25.7,36.0,13.8
2026-02-03 08:00:00,2026,2,3,8,Vĩnh Long,Xã An Ngãi Trung,10.0916931,106.5448581,48,Good,0,25.7,78,0.0,6.2,69,1015.9,75,23.7,26.1,240.0,23.3,46.0,14.5
2026-02-03 09:00:00,2026,2,3,9,Vĩnh Long,Xã An Ngãi Trung,10.0916931,106.5448581,50,Good,0,27.3,69,0.0,9.4,86,1016.4,63,21.9,24.7,228.0,19.7,61.0,15.4
2026-02-03 10:00:00,2026,2,3,10,Vĩnh Long,Xã An Ngãi Trung,10.0916931,106.5448581,51,Moderate,1,28.5,60,0.0,13.9,85,1016.0,62,19.7,22.9,218.0,15.8,77.0,14.9
2026-02-03 11:00:00,2026,2,3,11,Vĩnh Long,Xã An Ngãi Trung,10.0916931,106.5448581,51,Moderate,1,29.5,56,0.0,17.4,79,1015.5,55,17.5,21.1,214.0,11.0,96.0,11.8
2026-02-03 12:00:00,2026,2,3,12,Vĩnh Long,Xã An Ngãi Trung,10.0916931,106.5448581,52,Moderate,1,29.5,58,0.1,19.7,86,1014.5,30,14.6,18.0,211.0,5.8,116.0,7.4
2026-02-03 13:00:00,2026,2,3,13,Vĩnh Long,Xã An Ngãi Trung,10.0916931,106.5448581,52,Moderate,1,29.4,59,0.0,20.7,88,1013.8,15,12.9,16.1,210.0,2.1,130.0,4.0
2026-02-03 14:00:00,2026,2,3,14,Vĩnh Long,Xã An Ngãi Trung,10.0916931,106.5448581,52,Moderate,1,29.0,62,0.0,20.7,89,1012.8,34,12.5,15.6,209.0,1.0,134.0,2.7
2026-02-03 15:00:00,2026,2,3,15,Vĩnh Long,Xã An Ngãi Trung,10.0916931,106.5448581,52,Moderate,1,28.5,64,0.0,22.5,83,1012.2,49,11.9,14.8,208.0,1.4,131.0,2.5
2026-02-03 16:00:00,2026,2,3,16,Vĩnh Long,Xã An Ngãi Trung,10.0916931,106.5448581,53,Moderate,1,27.8,67,0.0,21.3,86,1011.9,32,11.5,14.3,210.0,2.2,125.0,2.4
2026-02-03 17:00:00,2026,2,3,17,Vĩnh Long,Xã An Ngãi Trung,10.0916931,106.5448581,53,Moderate,1,26.7,73,0.0,18.4,90,1012.0,91,10.9,13.5,217.0,3.3,115.0,2.3
2026-02-03 18:00:00,2026,2,3,18,Vĩnh Long,Xã An Ngãi Trung,10.0916931,106.5448581,63,Moderate,1,25.4,80,0.0,17.5,91,1012.6,96,11.3,13.8,226.0,4.7,102.0,2.3
2026-02-03 19:00:00,2026,2,3,19,Vĩnh Long,Xã An Ngãi Trung,10.0916931,106.5448581,68,Moderate,1,25.5,80,0.0,14.2,86,1012.8,98,13.5,16.7,233.0,5.6,93.0,2.4
2026-02-03 20:00:00,2026,2,3,20,Vĩnh Long,Xã An Ngãi Trung,10.0916931,106.5448581,68,Moderate,1,25.5,79,0.0,14.8,87,1013.7,99,12.2,15.1,236.0,5.4,90.0,2.3
2026-02-03 21:00:00,2026,2,3,21,Vĩnh Long,Xã An Ngãi Trung,10.0916931,106.5448581,62,Moderate,1,25.5,78,0.0,14.2,83,1014.1,80,10.9,13.4,238.0,5.2,86.0,2.2
2026-02-03 22:00:00,2026,2,3,22,Vĩnh Long,Xã An Ngãi Trung,10.0916931,106.5448581,53,Moderate,1,25.4,78,0.0,12.2,76,1014.0,14,9.5,11.6,239.0,5.0,83.0,2.1
2026-02-03 23:00:00,2026,2,3,23,Vĩnh Long,Xã An Ngãi Trung,10.0916931,106.5448581,53,Moderate,1,25.1,79,0.0,12.2,64,1014.4,34,8.6,10.5,239.0,5.0,80.0,1.9
2026-02-04 00:00:00,2026,2,4,0,Vĩnh Long,Xã An Ngãi Trung,10.0916931,106.5448581,53,Moderate,1,24.8,80,0.0,12.7,72,1013.8,73,8.1,10.0,239.0,5.1,78.0,1.7
2026-02-04 01:00:00,2026,2,4,1,Vĩnh Long,Xã An Ngãi Trung,10.0916931,106.5448581,53,Moderate,1,24.2,84,0.0,10.5,86,1013.7,84,8.2,10.1,239.0,5.2,76.0,1.6
2026-02-04 02:00:00,2026,2,4,2,Vĩnh Long,Xã An Ngãi Trung,10.0916931,106.5448581,53,Moderate,1,24.2,84,0.0,9.3,81,1013.3,97,8.4,10.2,240.0,5.2,74.0,1.5
2026-02-04 03:00:00,2026,2,4,3,Vĩnh Long,Xã An Ngãi Trung,10.0916931,106.5448581,53,Moderate,1,24.0,85,0.0,6.6,64,1013.3,93,8.6,10.5,242.0,5.3,72.0,1.6
2026-02-04 04:00:00,2026,2,4,4,Vĩnh Long,Xã An Ngãi Trung,10.0916931,106.5448581,53,Moderate,1,23.6,88,0.0,5.8,64,1013.0,85,9.0,11.0,248.0,5.8,70.0,1.8
2026-02-04 05:00:00,2026,2,4,5,Vĩnh Long,Xã An Ngãi Trung,10.0916931,106.5448581,53,Moderate,1,23.4,91,0.0,6.1,56,1013.1,85,9.7,11.8,263.0,7.2,66.0,2.5
2026-02-04 06:00:00,2026,2,4,6,Vĩnh Long,Xã An Ngãi Trung,10.0916931,106.5448581,52,Moderate,1,22.9,94,0.0,4.7,40,1013.6,59,10.9,13.1,282.0,9.1,62.0,3.3
2026-02-04 07:00:00,2026,2,4,7,Vĩnh Long,Xã An Ngãi Trung,10.0916931,106.5448581,52,Moderate,1,24.0,88,0.0,6.9,47,1014.1,38,8.7,10.2,294.0,8.0,64.0,3.1
2026-02-04 08:00:00,2026,2,4,8,Vĩnh Long,Xã An Ngãi Trung,10.0916931,106.5448581,51,Moderate,1,25.9,80,0.0,7.5,69,1015.1,32,8.6,10.6,294.0,6.5,72.0,2.9
2026-02-04 09:00:00,2026,2,4,9,Vĩnh Long,Xã An Ngãi Trung,10.0916931,106.5448581,49,Good,0,27.5,70,0.0,8.0,85,1015.5,4,8.1,10.2,286.0,4.4,84.0,2.7
2026-02-04 10:00:00,2026,2,4,10,Vĩnh Long,Xã An Ngãi Trung,10.0916931,106.5448581,46,Good,0,28.7,65,0.0,10.1,96,1015.4,37,8.0,10.4,276.0,2.8,95.0,2.4
2026-02-04 11:00:00,2026,2,4,11,Vĩnh Long,Xã An Ngãi Trung,10.0916931,106.5448581,44,Good,0,29.4,61,0.0,12.5,97,1014.5,9,8.3,10.9,262.0,2.0,103.0,2.2
2026-02-04 12:00:00,2026,2,4,12,Vĩnh Long,Xã An Ngãi Trung,10.0916931,106.5448581,43,Good,0,29.5,59,0.0,14.0,106,1013.9,5,8.5,11.1,245.0,1.6,111.0,2.0
2026-02-04 13:00:00,2026,2,4,13,Vĩnh Long,Xã An Ngãi Trung,10.0916931,106.5448581,41,Good,0,29.6,55,0.0,15.4,108,1013.1,89,8.7,11.4,234.0,1.5,116.0,1.8
2026-02-04 14:00:00,2026,2,4,14,Vĩnh Long,Xã An Ngãi Trung,10.0916931,106.5448581,41,Good,0,29.4,55,0.0,15.3,111,1012.2,99,8.8,11.4,232.0,1.4,119.0,1.7
2026-02-04 15:00:00,2026,2,4,15,Vĩnh Long,Xã An Ngãi Trung,10.0916931,106.5448581,44,Good,0,28.5,57,0.0,16.1,112,1011.7,48,8.8,11.4,236.0,1.6,119.0,1.7
2026-02-04 16:00:00,2026,2,4,16,Vĩnh Long,Xã An Ngãi Trung,10.0916931,106.5448581,47,Good,0,27.6,64,0.0,17.4,98,1011.6,66,9.5,12.1,242.0,2.2,117.0,1.8
2026-02-04 17:00:00,2026,2,4,17,Vĩnh Long,Xã An Ngãi Trung,10.0916931,106.5448581,50,Good,0,26.4,70,0.0,17.5,91,1012.1,81,9.8,12.4,253.0,3.7,110.0,2.2
2026-02-04 18:00:00,2026,2,4,18,Vĩnh Long,Xã An Ngãi Trung,10.0916931,106.5448581,56,Moderate,1,25.5,75,0.0,14.9,92,1012.7,34,11.4,13.9,266.0,5.6,101.0,2.8
2026-02-04 19:00:00,2026,2,4,19,Vĩnh Long,Xã An Ngãi Trung,10.0916931,106.5448581,57,Moderate,1,25.5,79,0.0,13.7,94,1013.3,100,14.5,17.7,275.0,5.1,98.0,2.6
2026-02-04 20:00:00,2026,2,4,20,Vĩnh Long,Xã An Ngãi Trung,10.0916931,106.5448581,56,Moderate,1,25.4,79,0.0,14.8,96,1013.8,100,13.1,16.2,277.0,4.9,98.0,2.5
2026-02-04 21:00:00,2026,2,4,21,Vĩnh Long,Xã An Ngãi Trung,10.0916931,106.5448581,53,Moderate,1,25.2,79,0.0,16.6,100,1014.1,100,11.8,14.8,274.0,4.6,97.0,2.4
2026-02-04 22:00:00,2026,2,4,22,Vĩnh Long,Xã An Ngãi Trung,10.0916931,106.5448581,50,Good,0,25.0,79,0.0,16.1,96,1014.3,100,10.5,13.3,270.0,4.5,96.0,2.2
2026-02-04 23:00:00,2026,2,4,23,Vĩnh Long,Xã An Ngãi Trung,10.0916931,106.5448581,48,Good,0,24.9,79,0.0,18.9,97,1014.2,100,9.6,12.3,264.0,4.6,93.0,2.0
2026-02-05 00:00:00,2026,2,5,0,Vĩnh Long,Xã An Ngãi Trung,10.0916931,106.5448581,47,Good,0,24.9,78,0.0,18.2,99,1013.9,100,9.1,11.8,255.0,4.7,90.0,1.8
2026-02-05 01:00:00,2026,2,5,1,Vĩnh Long,Xã An Ngãi Trung,10.0916931,106.5448581,45,Good,0,24.7,79,0.0,17.5,98,1013.2,99,9.2,12.0,250.0,4.9,87.0,1.6
2026-02-05 02:00:00,2026,2,5,2,Vĩnh Long,Xã An Ngãi Trung,10.0916931,106.5448581,44,Good,0,24.6,80,0.0,16.1,95,1012.9,98,9.5,12.4,248.0,5.0,85.0,1.5
2026-02-05 03:00:00,2026,2,5,3,Vĩnh Long,Xã An Ngãi Trung,10.0916931,106.5448581,43,Good,0,24.4,83,0.0,15.0,94,1012.2,69,9.7,12.7,250.0,5.1,83.0,1.6
2026-02-05 04:00:00,2026,2,5,4,Vĩnh Long,Xã An Ngãi Trung,10.0916931,106.5448581,42,Good,0,24.0,86,0.0,13.2,96,1012.2,100,10.0,12.9,255.0,5.4,81.0,1.7
2026-02-05 05:00:00,2026,2,5,5,Vĩnh Long,Xã An Ngãi Trung,10.0916931,106.5448581,41,Good,0,24.0,88,0.0,12.6,91,1012.5,100,10.4,13.3,269.0,6.4,77.0,2.1
2026-02-05 06:00:00,2026,2,5,6,Vĩnh Long,Xã An Ngãi Trung,10.0916931,106.5448581,41,Good,0,23.8,89,0.0,11.7,86,1012.8,99,10.9,13.8,287.0,7.7,72.0,2.6
2026-02-05 07:00:00,2026,2,5,7,Vĩnh Long,Xã An Ngãi Trung,10.0916931,106.5448581,41,Good,0,24.6,89,0.0,12.1,87,1013.4,100,13.7,17.2,297.0,7.4,73.0,2.7
2026-02-05 08:00:00,2026,2,5,8,Vĩnh Long,Xã An Ngãi Trung,10.0916931,106.5448581,42,Good,0,25.9,81,0.0,14.2,92,1014.3,95,13.2,17.2,291.0,6.2,80.0,2.4
2026-02-05 09:00:00,2026,2,5,9,Vĩnh Long,Xã An Ngãi Trung,10.0916931,106.5448581,43,Good,0,27.3,74,0.0,15.5,88,1015.0,91,13.2,17.2,276.0,4.4,89.0,2.1
2026-02-05 10:00:00,2026,2,5,10,Vĩnh Long,Xã An Ngãi Trung,10.0916931,106.5448581,43,Good,0,28.2,68,0.0,16.6,88,1014.9,43,13.9,18.3,265.0,3.1,100.0,1.9
2026-02-05 11:00:00,2026,2,5,11,Vĩnh Long,Xã An Ngãi Trung,10.0916931,106.5448581,44,Good,0,29.0,64,0.0,16.9,88,1014.1,91,15.9,20.8,263.0,2.5,112.0,2.2
2026-02-05 12:00:00,2026,2,5,12,Vĩnh Long,Xã An Ngãi Trung,10.0916931,106.5448581,46,Good,0,29.5,63,0.0,15.5,87,1013.2,41,17.6,22.7,266.0,2.2,126.0,2.7
2026-02-05 13:00:00,2026,2,5,13,Vĩnh Long,Xã An Ngãi Trung,10.0916931,106.5448581,47,Good,0,29.1,65,0.0,12.5,97,1012.6,93,18.6,23.3,267.0,2.1,134.0,3.0
2026-02-05 14:00:00,2026,2,5,14,Vĩnh Long,Xã An Ngãi Trung,10.0916931,106.5448581,49,Good,0,28.4,65,0.4,11.1,110,1011.9,79,18.2,22.2,266.0,2.1,135.0,2.8
2026-02-05 15:00:00,2026,2,5,15,Vĩnh Long,Xã An Ngãi Trung,10.0916931,106.5448581,50,Good,0,27.4,72,0.4,13.8,107,1011.5,99,18.6,22.4,263.0,2.2,130.0,2.4
2026-02-05 16:00:00,2026,2,5,16,Vĩnh Long,Xã An Ngãi Trung,10.0916931,106.5448581,59,Moderate,1,27.2,72,0.0,14.1,107,1011.1,100,18.4,22.2,262.0,2.6,124.0,2.2
2026-02-05 17:00:00,2026,2,5,17,Vĩnh Long,Xã An Ngãi Trung,10.0916931,106.5448581,69,Moderate,1,26.0,78,0.0,14.8,113,1011.4,100,16.9,21.2,264.0,3.6,115.0,2.3
2026-02-05 18:00:00,2026,2,5,18,Vĩnh Long,Xã An Ngãi Trung,10.0916931,106.5448581,74,Moderate,1,25.0,83,0.0,13.5,113,1011.9,100,14.8,18.8,266.0,4.8,103.0,2.6
2026-02-05 19:00:00,2026,2,5,19,Vĩnh Long,Xã An Ngãi Trung,10.0916931,106.5448581,75,Moderate,1,24.8,87,0.0,11.4,109,1012.3,100,13.0,16.6,266.0,5.4,99.0,2.6
2026-02-05 20:00:00,2026,2,5,20,Vĩnh Long,Xã An Ngãi Trung,10.0916931,106.5448581,72,Moderate,1,24.8,87,0.0,10.7,113,1013.2,100,13.1,16.6,261.0,5.6,95.0,2.8
2026-02-05 21:00:00,2026,2,5,21,Vĩnh Long,Xã An Ngãi Trung,10.0916931,106.5448581,65,Moderate,1,24.5,89,0.0,9.3,109,1013.5,100,13.2,16.5,253.0,5.8,90.0,3.2
2026-02-05 22:00:00,2026,2,5,22,Vĩnh Long,Xã An Ngãi Trung,10.0916931,106.5448581,56,Moderate,1,24.3,88,0.0,10.2,103,1013.5,100,13.8,17.1,244.0,6.0,85.0,3.3
2026-02-05 23:00:00,2026,2,5,23,Vĩnh Long,Xã An Ngãi Trung,10.0916931,106.5448581,53,Moderate,1,24.2,87,0.0,10.8,105,1013.2,99,14.2,17.6,235.0,6.1,81.0,3.1
2026-02-06 00:00:00,2026,2,6,0,Vĩnh Long,Xã An Ngãi Trung,10.0916931,106.5448581,54,Moderate,1,24.2,87,0.0,10.5,106,1012.9,100,14.1,17.4,225.0,6.2,77.0,2.7
2026-02-06 01:00:00,2026,2,6,1,Vĩnh Long,Xã An Ngãi Trung,10.0916931,106.5448581,54,Moderate,1,23.9,89,0.0,8.3,108,1012.7,100,13.7,16.9,219.0,6.2,74.0,2.4
2026-02-06 02:00:00,2026,2,6,2,Vĩnh Long,Xã An Ngãi Trung,10.0916931,106.5448581,54,Moderate,1,23.9,89,0.0,7.2,108,1012.1,100,13.3,16.6,218.0,6.1,71.0,2.2
2026-02-06 03:00:00,2026,2,6,3,Vĩnh Long,Xã An Ngãi Trung,10.0916931,106.5448581,55,Moderate,1,23.8,90,0.0,7.2,109,1011.8,99,13.1,16.3,220.0,6.0,68.0,2.1
2026-02-06 04:00:00,2026,2,6,4,Vĩnh Long,Xã An Ngãi Trung,10.0916931,106.5448581,55,Moderate,1,23.5,91,0.0,7.6,112,1011.8,100,13.0,16.1,223.0,6.0,66.0,2.2
2026-02-06 05:00:00,2026,2,6,5,Vĩnh Long,Xã An Ngãi Trung,10.0916931,106.5448581,55,Moderate,1,23.5,90,0.0,6.7,104,1012.0,98,13.1,16.2,227.0,6.6,63.0,2.6
2026-02-06 06:00:00,2026,2,6,6,Vĩnh Long,Xã An Ngãi Trung,10.0916931,106.5448581,56,Moderate,1,23.2,91,0.0,5.2,94,1012.4,93,13.5,16.6,233.0,7.4,60.0,3.1
2026-02-06 07:00:00,2026,2,6,7,Vĩnh Long,Xã An Ngãi Trung,10.0916931,106.5448581,56,Moderate,1,24.4,87,0.0,8.6,100,1013.3,100,13.1,16.2,234.0,6.8,62.0,3.1
2026-02-06 08:00:00,2026,2,6,8,Vĩnh Long,Xã An Ngãi Trung,10.0916931,106.5448581,56,Moderate,1,25.8,79,0.0,12.0,104,1014.1,100,12.0,15.9,228.0,5.5,70.0,2.8
2026-02-06 09:00:00,2026,2,6,9,Vĩnh Long,Xã An Ngãi Trung,10.0916931,106.5448581,56,Moderate,1,27.0,73,0.0,13.4,104,1014.9,100,12.0,16.0,219.0,3.6,82.0,2.3
2026-02-06 10:00:00,2026,2,6,10,Vĩnh Long,Xã An Ngãi Trung,10.0916931,106.5448581,56,Moderate,1,27.7,69,0.0,14.7,104,1014.6,100,12.8,16.8,212.0,2.2,92.0,2.0
2026-02-06 11:00:00,2026,2,6,11,Vĩnh Long,Xã An Ngãi Trung,10.0916931,106.5448581,55,Moderate,1,28.0,68,0.0,15.3,102,1014.1,100,14.6,18.9,211.0,1.6,99.0,1.9
2026-02-06 12:00:00,2026,2,6,12,Vĩnh Long,Xã An Ngãi Trung,10.0916931,106.5448581,55,Moderate,1,28.2,66,0.0,14.9,111,1013.3,100,15.7,19.9,212.0,1.4,105.0,1.9
2026-02-06 13:00:00,2026,2,6,13,Vĩnh Long,Xã An Ngãi Trung,10.0916931,106.5448581,55,Moderate,1,27.5,67,0.0,14.3,113,1012.4,99,15.8,20.0,212.0,1.4,108.0,1.9
2026-02-06 14:00:00,2026,2,6,14,Vĩnh Long,Xã An Ngãi Trung,10.0916931,106.5448581,55,Moderate,1,28.1,65,0.0,12.5,118,1011.4,99,14.9,19.0,210.0,1.4,108.0,1.8
2026-02-06 15:00:00,2026,2,6,15,Vĩnh Long,Xã An Ngãi Trung,10.0916931,106.5448581,55,Moderate,1,27.9,66,0.0,11.2,125,1010.6,100,14.1,18.1,207.0,1.5,107.0,1.8
2026-02-06 16:00:00,2026,2,6,16,Vĩnh Long,Xã An Ngãi Trung,10.0916931,106.5448581,54,Moderate,1,27.2,68,0.0,11.8,124,1010.3,89,14.3,18.3,206.0,2.0,103.0,1.9
2026-02-06 17:00:00,2026,2,6,17,Vĩnh Long,Xã An Ngãi Trung,10.0916931,106.5448581,54,Moderate,1,26.0,71,0.0,12.9,123,1010.7,23,13.3,17.1,210.0,3.3,97.0,2.3
2026-02-06 18:00:00,2026,2,6,18,Vĩnh Long,Xã An Ngãi Trung,10.0916931,106.5448581,54,Moderate,1,25.0,77,0.0,11.7,124,1010.8,16,12.7,16.2,216.0,5.1,89.0,2.8
2026-02-06 19:00:00,2026,2,6,19,Vĩnh Long,Xã An Ngãi Trung,10.0916931,106.5448581,53,Moderate,1,24.8,82,0.0,8.4,125,1011.2,41,15.5,19.4,221.0,6.3,82.0,3.3
2026-02-06 20:00:00,2026,2,6,20,Vĩnh Long,Xã An Ngãi Trung,10.0916931,106.5448581,54,Moderate,1,24.5,85,0.0,6.2,126,1012.3,100,15.8,19.6,227.0,6.9,78.0,3.7
2026-02-06 21:00:00,2026,2,6,21,Vĩnh Long,Xã An Ngãi Trung,10.0916931,106.5448581,54,Moderate,1,24.1,88,0.0,6.0,119,1012.8,100,16.8,20.4,232.0,7.8,72.0,4.3
2026-02-06 22:00:00,2026,2,6,22,Vĩnh Long,Xã An Ngãi Trung,10.0916931,106.5448581,54,Moderate,1,24.0,90,0.0,6.0,117,1013.1,92,18.2,21.8,231.0,8.4,67.0,4.6
2026-02-06 23:00:00,2026,2,6,23,Vĩnh Long,Xã An Ngãi Trung,10.0916931,106.5448581,55,Moderate,1,23.5,92,0.0,4.7,113,1013.2,100,18.4,21.8,217.0,8.4,65.0,4.3
2026-02-07 00:00:00,2026,2,7,0,Vĩnh Long,Xã An Ngãi Trung,10.0916931,106.5448581,55,Moderate,1,23.5,93,0.0,5.3,123,1013.1,98,17.2,20.6,197.0,8.1,64.0,3.7
2026-02-07 01:00:00,2026,2,7,1,Vĩnh Long,Xã An Ngãi Trung,10.0916931,106.5448581,55,Moderate,1,23.4,95,0.0,6.0,136,1012.4,100,16.9,20.4,183.0,7.9,63.0,3.3
2026-02-07 02:00:00,2026,2,7,2,Vĩnh Long,Xã An Ngãi Trung,10.0916931,106.5448581,56,Moderate,1,23.4,94,0.0,5.6,132,1012.0,100,17.3,20.7,178.0,7.8,61.0,3.1
2026-02-07 03:00:00,2026,2,7,3,Vĩnh Long,Xã An Ngãi Trung,10.0916931,106.5448581,56,Moderate,1,23.2,95,0.0,4.9,123,1011.8,100,17.5,20.9,178.0,7.7,60.0,3.0
2026-02-07 04:00:00,2026,2,7,4,Vĩnh Long,Xã An Ngãi Trung,10.0916931,106.5448581,56,Moderate,1,23.0,95,0.0,5.2,115,1011.5,100,17.1,20.4,185.0,7.9,58.0,3.1
2026-02-07 05:00:00,2026,2,7,5,Vĩnh Long,Xã An Ngãi Trung,10.0916931,106.5448581,57,Moderate,1,23.0,96,0.0,5.0,109,1011.9,100,16.8,20.1,203.0,8.7,55.0,3.6
2026-02-07 06:00:00,2026,2,7,6,Vĩnh Long,Xã An Ngãi Trung,10.0916931,106.5448581,57,Moderate,1,23.0,95,0.0,6.6,107,1012.4,100,16.9,20.2,227.0,9.7,52.0,4.2
2026-02-07 07:00:00,2026,2,7,7,Vĩnh Long,Xã An Ngãi Trung,10.0916931,106.5448581,57,Moderate,1,24.0,91,0.0,9.9,102,1013.1,51,14.1,16.6,241.0,7.6,59.0,3.8
2026-02-07 08:00:00,2026,2,7,8,Vĩnh Long,Xã An Ngãi Trung,10.0916931,106.5448581,57,Moderate,1,25.9,79,0.0,12.1,100,1014.1,86,11.8,15.2,235.0,5.9,69.0,3.3
2026-02-07 09:00:00,2026,2,7,9,Vĩnh Long,Xã An Ngãi Trung,10.0916931,106.5448581,57,Moderate,1,27.0,70,0.0,13.1,98,1014.8,99,10.9,14.3,220.0,3.7,82.0,2.6
2026-02-07 10:00:00,2026,2,7,10,Vĩnh Long,Xã An Ngãi Trung,10.0916931,106.5448581,57,Moderate,1,28.0,65,0.0,13.0,101,1014.5,100,11.8,15.3,210.0,2.0,94.0,2.1
2026-02-07 11:00:00,2026,2,7,11,Vĩnh Long,Xã An Ngãi Trung,10.0916931,106.5448581,57,Moderate,1,28.6,61,0.0,12.9,97,1013.6,100,13.7,17.5,214.0,1.5,101.0,1.9
2026-02-07 12:00:00,2026,2,7,12,Vĩnh Long,Xã An Ngãi Trung,10.0916931,106.5448581,57,Moderate,1,29.1,59,0.0,12.0,98,1012.6,91,15.1,18.5,224.0,1.6,106.0,1.9
2026-02-07 13:00:00,2026,2,7,13,Vĩnh Long,Xã An Ngãi Trung,10.0916931,106.5448581,57,Moderate,1,29.9,57,0.0,10.9,98,1011.6,62,15.7,18.9,233.0,1.8,110.0,1.9
2026-02-07 14:00:00,2026,2,7,14,Vĩnh Long,Xã An Ngãi Trung,10.0916931,106.5448581,57,Moderate,1,29.5,60,0.0,12.6,101,1010.4,98,16.1,19.1,238.0,1.8,113.0,1.9
2026-02-07 15:00:00,2026,2,7,15,Vĩnh Long,Xã An Ngãi Trung,10.0916931,106.5448581,57,Moderate,1,27.8,65,0.0,15.8,116,1009.6,11,16.4,18.7,241.0,1.9,115.0,1.9
2026-02-07 16:00:00,2026,2,7,16,Vĩnh Long,Xã An Ngãi Trung,10.0916931,106.5448581,57,Moderate,1,27.6,64,0.0,13.6,110,1009.2,25,16.1,18.5,241.0,2.5,114.0,2.0
2026-02-07 17:00:00,2026,2,7,17,Vĩnh Long,Xã An Ngãi Trung,10.0916931,106.5448581,57,Moderate,1,26.2,71,0.0,14.6,111,1009.1,98,15.7,18.5,237.0,4.2,106.0,2.5
2026-02-07 18:00:00,2026,2,7,18,Vĩnh Long,Xã An Ngãi Trung,10.0916931,106.5448581,58,Moderate,1,24.8,80,0.0,12.4,112,1009.4,93,15.0,17.6,231.0,6.3,95.0,3.1
2026-02-07 19:00:00,2026,2,7,19,Vĩnh Long,Xã An Ngãi Trung,10.0916931,106.5448581,58,Moderate,1,24.2,88,0.0,12.8,107,1010.5,9,17.1,20.7,224.0,7.1,89.0,3.4
2026-02-07 20:00:00,2026,2,7,20,Vĩnh Long,Xã An Ngãi Trung,10.0916931,106.5448581,58,Moderate,1,24.1,87,0.0,14.0,108,1011.3,3,16.4,19.9,219.0,6.5,91.0,3.3
2026-02-07 21:00:00,2026,2,7,21,Vĩnh Long,Xã An Ngãi Trung,10.0916931,106.5448581,58,Moderate,1,24.0,88,0.0,13.6,105,1012.0,9,15.3,19.0,215.0,5.6,93.0,3.2
2026-02-07 22:00:00,2026,2,7,22,Vĩnh Long,Xã An Ngãi Trung,10.0916931,106.5448581,58,Moderate,1,23.9,88,0.0,14.1,109,1012.2,11,13.3,16.9,208.0,4.9,93.0,3.0
2026-02-07 23:00:00,2026,2,7,23,Vĩnh Long,Xã An Ngãi Trung,10.0916931,106.5448581,58,Moderate,1,23.9,88,0.0,15.2,109,1012.0,31,11.4,14.7,196.0,4.4,90.0,2.6
2026-02-08 00:00:00,2026,2,8,0,Vĩnh Long,Xã An Ngãi Trung,10.0916931,106.5448581,57,Moderate,1,23.9,87,0.0,16.3,106,1011.9,37,10.1,13.2,182.0,4.0,86.0,2.1
2026-02-08 01:00:00,2026,2,8,1,Vĩnh Long,Xã An Ngãi Trung,10.0916931,106.5448581,56,Moderate,1,24.0,87,0.0,15.6,107,1011.3,42,9.4,12.4,171.0,3.8,82.0,1.7
2026-02-08 02:00:00,2026,2,8,2,Vĩnh Long,Xã An Ngãi Trung,10.0916931,106.5448581,56,Moderate,1,24.0,85,0.0,14.2,105,1010.7,42,9.1,12.1,167.0,3.8,80.0,1.5
2026-02-08 03:00:00,2026,2,8,3,Vĩnh Long,Xã An Ngãi Trung,10.0916931,106.5448581,55,Moderate,1,23.9,85,0.0,14.0,108,1010.5,42,9.4,12.4,168.0,3.9,78.0,1.5
2026-02-08 04:00:00,2026,2,8,4,Vĩnh Long,Xã An Ngãi Trung,10.0916931,106.5448581,54,Moderate,1,23.9,84,0.0,15.3,107,1010.6,71,9.6,12.6,169.0,4.2,77.0,1.6
2026-02-08 05:00:00,2026,2,8,5,Vĩnh Long,Xã An Ngãi Trung,10.0916931,106.5448581,53,Moderate,1,24.0,81,0.0,15.1,107,1011.2,60,9.8,12.8,171.0,4.7,76.0,1.9
2026-02-08 06:00:00,2026,2,8,6,Vĩnh Long,Xã An Ngãi Trung,10.0916931,106.5448581,53,Moderate,1,23.9,81,0.0,14.5,107,1011.9,7,10.0,13.0,175.0,5.4,76.0,2.2
2026-02-08 07:00:00,2026,2,8,7,Vĩnh Long,Xã An Ngãi Trung,10.0916931,106.5448581,52,Moderate,1,24.6,81,0.0,12.8,107,1013.0,6,10.4,13.8,178.0,5.3,78.0,2.3
2026-02-08 08:00:00,2026,2,8,8,Vĩnh Long,Xã An Ngãi Trung,10.0916931,106.5448581,52,Moderate,1,26.0,74,0.0,19.7,96,1013.8,15,10.8,14.4,178.0,4.4,85.0,2.1
2026-02-08 09:00:00,2026,2,8,9,Vĩnh Long,Xã An Ngãi Trung,10.0916931,106.5448581,52,Moderate,1,26.9,69,0.0,19.1,92,1014.7,27,10.9,14.4,178.0,3.1,94.0,1.9
2026-02-08 10:00:00,2026,2,8,10,Vĩnh Long,Xã An Ngãi Trung,10.0916931,106.5448581,52,Moderate,1,27.4,67,0.1,18.2,87,1014.7,35,11.8,15.4,181.0,2.1,103.0,1.7
2026-02-08 11:00:00,2026,2,8,11,Vĩnh Long,Xã An Ngãi Trung,10.0916931,106.5448581,52,Moderate,1,28.3,64,0.1,16.6,89,1014.0,25,13.6,17.2,191.0,1.7,112.0,1.7
2026-02-08 12:00:00,2026,2,8,12,Vĩnh Long,Xã An Ngãi Trung,10.0916931,106.5448581,52,Moderate,1,29.0,61,0.1,12.6,88,1013.1,22,14.2,17.0,203.0,1.6,122.0,1.8
2026-02-08 13:00:00,2026,2,8,13,Vĩnh Long,Xã An Ngãi Trung,10.0916931,106.5448581,52,Moderate,1,28.6,62,0.2,11.2,89,1012.4,23,16.1,18.7,212.0,1.6,127.0,1.9
2026-02-08 14:00:00,2026,2,8,14,Vĩnh Long,Xã An Ngãi Trung,10.0916931,106.5448581,52,Moderate,1,28.6,61,0.2,12.3,111,1011.5,48,16.2,18.6,213.0,1.6,126.0,1.8
2026-02-08 15:00:00,2026,2,8,15,Vĩnh Long,Xã An Ngãi Trung,10.0916931,106.5448581,52,Moderate,1,28.1,63,0.0,15.0,113,1011.0,38,14.7,17.2,210.0,1.6,122.0,1.7
2026-02-08 16:00:00,2026,2,8,16,Vĩnh Long,Xã An Ngãi Trung,10.0916931,106.5448581,56,Moderate,1,27.4,64,0.0,14.6,109,1010.9,27,11.8,14.3,208.0,1.9,116.0,1.6
2026-02-08 17:00:00,2026,2,8,17,Vĩnh Long,Xã An Ngãi Trung,10.0916931,106.5448581,63,Moderate,1,26.2,66,0.0,16.5,104,1011.3,8,9.9,12.7,208.0,2.7,108.0,1.8
2026-02-08 18:00:00,2026,2,8,18,Vĩnh Long,Xã An Ngãi Trung,10.0916931,106.5448581,66,Moderate,1,25.4,69,0.0,12.4,103,1011.6,1,9.5,12.3,208.0,3.8,99.0,2.0
2026-02-08 19:00:00,2026,2,8,19,Vĩnh Long,Xã An Ngãi Trung,10.0916931,106.5448581,65,Moderate,1,25.1,82,0.0,14.2,102,1011.9,1,11.7,14.8,208.0,4.2,94.0,1.9
2026-02-08 20:00:00,2026,2,8,20,Vĩnh Long,Xã An Ngãi Trung,10.0916931,106.5448581,61,Moderate,1,24.9,83,0.0,14.1,104,1012.5,1,11.5,14.6,207.0,4.4,94.0,2.1
2026-02-08 21:00:00,2026,2,8,21,Vĩnh Long,Xã An Ngãi Trung,10.0916931,106.5448581,55,Moderate,1,24.8,81,0.0,16.2,93,1012.9,0,11.8,14.7,206.0,4.8,95.0,2.4
2026-02-08 22:00:00,2026,2,8,22,Vĩnh Long,Xã An Ngãi Trung,10.0916931,106.5448581,50,Good,0,24.5,79,0.0,15.9,86,1012.6,1,12.0,14.7,205.0,5.2,94.0,2.5
2026-02-08 23:00:00,2026,2,8,23,Vĩnh Long,Xã An Ngãi Trung,10.0916931,106.5448581,48,Good,0,24.5,78,0.0,16.0,82,1012.5,45,11.9,14.3,205.0,5.7,91.0,2.3
2026-02-09 00:00:00,2026,2,9,0,Vĩnh Long,Xã An Ngãi Trung,10.0916931,106.5448581,48,Good,0,24.4,78,0.0,14.6,76,1012.2,95,11.4,13.6,206.0,6.2,86.0,2.1
2026-02-09 01:00:00,2026,2,9,1,Vĩnh Long,Xã An Ngãi Trung,10.0916931,106.5448581,48,Good,0,24.3,80,0.0,12.1,70,1011.6,89,11.2,13.1,210.0,7.0,81.0,2.1
2026-02-09 02:00:00,2026,2,9,2,Vĩnh Long,Xã An Ngãi Trung,10.0916931,106.5448581,48,Good,0,24.1,76,0.0,11.4,65,1011.1,91,11.4,13.0,216.0,8.0,77.0,2.6
2026-02-09 03:00:00,2026,2,9,3,Vĩnh Long,Xã An Ngãi Trung,10.0916931,106.5448581,49,Good,0,23.6,75,0.0,9.0,44,1010.8,96,12.1,13.8,226.0,9.3,73.0,3.4
2026-02-09 04:00:00,2026,2,9,4,Vĩnh Long,Xã An Ngãi Trung,10.0916931,106.5448581,49,Good,0,22.8,79,0.0,6.3,37,1010.7,94,13.1,14.9,241.0,11.0,68.0,4.6
2026-02-09 05:00:00,2026,2,9,5,Vĩnh Long,Xã An Ngãi Trung,10.0916931,106.5448581,50,Good,0,22.0,83,0.0,5.6,45,1010.8,92,14.8,16.6,272.0,14.3,60.0,6.8
2026-02-09 06:00:00,2026,2,9,6,Vĩnh Long,Xã An Ngãi Trung,10.0916931,106.5448581,50,Good,0,21.6,86,0.0,4.7,43,1011.4,84,17.8,19.7,309.0,18.0,52.0,9.5
2026-02-09 07:00:00,2026,2,9,7,Vĩnh Long,Xã An Ngãi Trung,10.0916931,106.5448581,51,Moderate,1,22.4,83,0.0,5.5,351,1012.0,84,21.7,23.7,328.0,19.2,52.0,11.2
2026-02-09 08:00:00,2026,2,9,8,Vĩnh Long,Xã An Ngãi Trung,10.0916931,106.5448581,52,Moderate,1,25.3,71,0.0,2.5,360,1012.6,81,18.7,21.1,311.0,15.3,68.0,9.9
2026-02-09 09:00:00,2026,2,9,9,Vĩnh Long,Xã An Ngãi Trung,10.0916931,106.5448581,53,Moderate,1,27.0,67,0.0,7.5,80,1012.8,84,14.8,17.5,276.0,9.8,90.0,8.0
2026-02-09 10:00:00,2026,2,9,10,Vĩnh Long,Xã An Ngãi Trung,10.0916931,106.5448581,53,Moderate,1,28.2,61,0.0,11.1,83,1012.7,72,13.0,16.0,250.0,5.5,109.0,6.3
2026-02-09 11:00:00,2026,2,9,11,Vĩnh Long,Xã An Ngãi Trung,10.0916931,106.5448581,53,Moderate,1,29.1,55,0.0,12.6,80,1012.4,88,12.0,15.0,244.0,3.5,123.0,5.1
2026-02-09 12:00:00,2026,2,9,12,Vĩnh Long,Xã An Ngãi Trung,10.0916931,106.5448581,53,Moderate,1,29.7,52,0.0,11.6,85,1011.1,90,11.8,14.9,246.0,2.6,134.0,4.1
2026-02-09 13:00:00,2026,2,9,13,Vĩnh Long,Xã An Ngãi Trung,10.0916931,106.5448581,53,Moderate,1,30.2,52,0.0,9.5,91,1010.4,85,12.3,15.4,250.0,2.1,142.0,3.4
2026-02-09 14:00:00,2026,2,9,14,Vĩnh Long,Xã An Ngãi Trung,10.0916931,106.5448581,53,Moderate,1,30.0,57,0.0,9.9,102,1009.8,86,12.8,15.6,252.0,1.8,148.0,3.2
2026-02-09 15:00:00,2026,2,9,15,Vĩnh Long,Xã An Ngãi Trung,10.0916931,106.5448581,52,Moderate,1,29.5,60,0.0,10.7,103,1009.3,59,13.0,15.4,256.0,1.8,151.0,3.3
2026-02-09 16:00:00,2026,2,9,16,Vĩnh Long,Xã An Ngãi Trung,10.0916931,106.5448581,72,Moderate,1,28.5,64,0.0,12.5,110,1009.4,65,13.0,15.4,261.0,2.4,149.0,3.3
2026-02-09 17:00:00,2026,2,9,17,Vĩnh Long,Xã An Ngãi Trung,10.0916931,106.5448581,89,Moderate,1,27.0,68,0.0,13.5,109,1009.7,58,12.9,15.4,271.0,3.8,137.0,3.2
2026-02-09 18:00:00,2026,2,9,18,Vĩnh Long,Xã An Ngãi Trung,10.0916931,106.5448581,99,Moderate,1,26.0,74,0.0,10.5,97,1010.2,11,14.4,17.4,283.0,5.7,118.0,3.0
2026-02-09 19:00:00,2026,2,9,19,Vĩnh Long,Xã An Ngãi Trung,10.0916931,106.5448581,101,Unhealthy for Sensitive Groups,2,25.2,81,0.0,12.3,100,1011.1,0,18.8,22.1,288.0,8.1,110.0,3.6
2026-02-09 20:00:00,2026,2,9,20,Vĩnh Long,Xã An Ngãi Trung,10.0916931,106.5448581,98,Moderate,1,25.0,84,0.0,9.5,112,1012.1,0,16.8,20.1,280.0,7.5,106.0,3.4
2026-02-09 21:00:00,2026,2,9,21,Vĩnh Long,Xã An Ngãi Trung,10.0916931,106.5448581,92,Moderate,1,24.7,83,0.0,9.0,95,1012.4,8,15.7,18.9,265.0,6.6,101.0,3.1
2026-02-09 22:00:00,2026,2,9,22,Vĩnh Long,Xã An Ngãi Trung,10.0916931,106.5448581,84,Moderate,1,24.7,82,0.0,9.6,107,1012.0,7,14.8,17.8,253.0,6.1,96.0,2.8
2026-02-09 23:00:00,2026,2,9,23,Vĩnh Long,Xã An Ngãi Trung,10.0916931,106.5448581,72,Moderate,1,24.4,85,0.0,9.7,100,1011.9,1,14.1,16.9,247.0,6.4,90.0,2.6
2026-02-10 00:00:00,2026,2,10,0,Vĩnh Long,Xã An Ngãi Trung,10.0916931,106.5448581,59,Moderate,1,24.1,87,0.0,10.1,95,1011.6,13,13.4,16.2,244.0,7.0,85.0,2.4
2026-02-10 01:00:00,2026,2,10,1,Vĩnh Long,Xã An Ngãi Trung,10.0916931,106.5448581,55,Moderate,1,24.0,88,0.0,9.5,92,1011.3,4,13.0,15.9,243.0,7.5,80.0,2.3
2026-02-10 02:00:00,2026,2,10,2,Vĩnh Long,Xã An Ngãi Trung,10.0916931,106.5448581,55,Moderate,1,23.9,89,0.0,9.0,77,1011.1,4,12.8,15.7,242.0,7.6,78.0,2.1
2026-02-10 03:00:00,2026,2,10,3,Vĩnh Long,Xã An Ngãi Trung,10.0916931,106.5448581,55,Moderate,1,23.5,93,0.0,7.3,54,1010.8,2,12.6,15.5,242.0,7.6,76.0,2.0
2026-02-10 04:00:00,2026,2,10,4,Vĩnh Long,Xã An Ngãi Trung,10.0916931,106.5448581,55,Moderate,1,23.1,94,0.0,6.0,63,1010.7,4,12.4,15.3,251.0,7.9,75.0,2.0
2026-02-10 05:00:00,2026,2,10,5,Vĩnh Long,Xã An Ngãi Trung,10.0916931,106.5448581,55,Moderate,1,23.0,94,0.0,6.6,73,1011.2,3,12.1,14.8,276.0,8.9,71.0,2.3
2026-02-10 06:00:00,2026,2,10,6,Vĩnh Long,Xã An Ngãi Trung,10.0916931,106.5448581,55,Moderate,1,22.9,94,0.0,5.8,54,1011.6,11,12.3,14.9,309.0,10.2,67.0,2.8
2026-02-10 07:00:00,2026,2,10,7,Vĩnh Long,Xã An Ngãi Trung,10.0916931,106.5448581,55,Moderate,1,23.9,91,0.0,8.5,63,1012.6,20,31.0,34.8,331.0,21.0,49.0,6.2
2026-02-10 08:00:00,2026,2,10,8,Vĩnh Long,Xã An Ngãi Trung,10.0916931,106.5448581,55,Moderate,1,25.9,81,0.0,8.1,59,1013.2,12,26.4,30.6,334.0,20.7,60.0,10.1
2026-02-10 09:00:00,2026,2,10,9,Vĩnh Long,Xã An Ngãi Trung,10.0916931,106.5448581,56,Moderate,1,27.5,73,0.0,6.3,63,1013.7,8,29.2,34.1,326.0,20.1,77.0,15.4
2026-02-10 10:00:00,2026,2,10,10,Vĩnh Long,Xã An Ngãi Trung,10.0916931,106.5448581,57,Moderate,1,28.6,68,0.0,10.1,90,1013.8,16,32.8,38.5,313.0,18.2,98.0,18.5
2026-02-10 11:00:00,2026,2,10,11,Vĩnh Long,Xã An Ngãi Trung,10.0916931,106.5448581,59,Moderate,1,29.4,64,0.0,9.4,92,1012.9,78,31.5,35.5,294.0,13.7,129.0,17.6
2026-02-10 12:00:00,2026,2,10,12,Vĩnh Long,Xã An Ngãi Trung,10.0916931,106.5448581,61,Moderate,1,29.7,61,0.0,7.9,103,1011.8,84,31.1,33.1,270.0,8.0,163.0,14.5
2026-02-10 13:00:00,2026,2,10,13,Vĩnh Long,Xã An Ngãi Trung,10.0916931,106.5448581,63,Moderate,1,27.9,67,0.0,9.0,106,1011.6,92,30.0,32.0,253.0,3.8,185.0,11.7
2026-02-10 14:00:00,2026,2,10,14,Vĩnh Long,Xã An Ngãi Trung,10.0916931,106.5448581,64,Moderate,1,29.2,62,0.0,6.7,109,1010.8,32,27.4,29.3,250.0,2.6,185.0,9.9
2026-02-10 15:00:00,2026,2,10,15,Vĩnh Long,Xã An Ngãi Trung,10.0916931,106.5448581,68,Moderate,1,30.0,59,0.0,6.2,123,1010.2,29,25.0,26.8,253.0,2.9,171.0,8.3
2026-02-10 16:00:00,2026,2,10,16,Vĩnh Long,Xã An Ngãi Trung,10.0916931,106.5448581,94,Moderate,1,29.1,60,0.0,11.5,125,1010.1,15,21.7,23.7,253.0,3.5,154.0,6.8
2026-02-10 17:00:00,2026,2,10,17,Vĩnh Long,Xã An Ngãi Trung,10.0916931,106.5448581,114,Unhealthy for Sensitive Groups,2,27.4,67,0.0,13.3,117,1010.3,9,17.6,19.8,244.0,4.0,133.0,5.2
2026-02-10 18:00:00,2026,2,10,18,Vĩnh Long,Xã An Ngãi Trung,10.0916931,106.5448581,126,Unhealthy for Sensitive Groups,2,26.1,76,0.0,12.5,96,1011.2,81,13.0,15.4,232.0,4.8,108.0,3.7
2026-02-10 19:00:00,2026,2,10,19,Vĩnh Long,Xã An Ngãi Trung,10.0916931,106.5448581,128,Unhealthy for Sensitive Groups,2,26.0,80,0.0,11.4,96,1011.9,94,10.6,12.9,221.0,6.2,87.0,2.8
2026-02-10 20:00:00,2026,2,10,20,Vĩnh Long,Xã An Ngãi Trung,10.0916931,106.5448581,119,Unhealthy for Sensitive Groups,2,26.1,79,0.0,13.9,88,1013.0,35,9.2,11.4,214.0,5.5,86.0,2.5
2026-02-10 21:00:00,2026,2,10,21,Vĩnh Long,Xã An Ngãi Trung,10.0916931,106.5448581,102,Unhealthy for Sensitive Groups,2,26.0,77,0.0,16.4,91,1013.5,57,8.1,10.0,209.0,4.6,84.0,2.1
2026-02-10 22:00:00,2026,2,10,22,Vĩnh Long,Xã An Ngãi Trung,10.0916931,106.5448581,81,Moderate,1,25.3,79,0.0,20.2,87,1013.6,63,6.4,7.8,202.0,3.9,82.0,1.7
2026-02-10 23:00:00,2026,2,10,23,Vĩnh Long,Xã An Ngãi Trung,10.0916931,106.5448581,65,Moderate,1,24.6,83,0.0,20.7,90,1013.6,100,4.8,5.8,192.0,3.7,80.0,1.4
2026-02-11 00:00:00,2026,2,11,0,Vĩnh Long,Xã An Ngãi Trung,10.0916931,106.5448581,64,Moderate,1,24.5,85,0.0,20.9,92,1013.5,100,4.3,5.2,180.0,3.7,78.0,1.2
2026-02-11 01:00:00,2026,2,11,1,Vĩnh Long,Xã An Ngãi Trung,10.0916931,106.5448581,63,Moderate,1,24.4,86,0.2,17.8,89,1013.1,100,4.4,5.4,174.0,3.8,77.0,1.1
2026-02-11 02:00:00,2026,2,11,2,Vĩnh Long,Xã An Ngãi Trung,10.0916931,106.5448581,62,Moderate,1,24.5,85,0.3,20.3,80,1013.0,100,4.8,5.9,177.0,4.0,77.0,1.1
2026-02-11 03:00:00,2026,2,11,3,Vĩnh Long,Xã An Ngãi Trung,10.0916931,106.5448581,62,Moderate,1,23.7,90,0.7,12.4,64,1012.7,100,5.4,6.8,186.0,4.4,77.0,1.2
2026-02-11 04:00:00,2026,2,11,4,Vĩnh Long,Xã An Ngãi Trung,10.0916931,106.5448581,61,Moderate,1,23.6,92,0.0,6.2,26,1012.7,100,6.0,7.6,193.0,4.7,77.0,1.4
2026-02-11 05:00:00,2026,2,11,5,Vĩnh Long,Xã An Ngãi Trung,10.0916931,106.5448581,60,Moderate,1,24.1,90,0.0,8.4,74,1013.1,100,6.8,8.6,196.0,5.2,76.0,1.7
2026-02-11 06:00:00,2026,2,11,6,Vĩnh Long,Xã An Ngãi Trung,10.0916931,106.5448581,60,Moderate,1,24.6,84,0.0,16.7,83,1013.5,100,7.4,9.4,197.0,5.6,75.0,2.0
2026-02-11 07:00:00,2026,2,11,7,Vĩnh Long,Xã An Ngãi Trung,10.0916931,106.5448581,59,Moderate,1,25.1,84,0.0,15.5,72,1014.2,99,10.4,12.9,198.0,7.4,71.0,2.8
2026-02-11 08:00:00,2026,2,11,8,Vĩnh Long,Xã An Ngãi Trung,10.0916931,106.5448581,58,Moderate,1,26.8,77,0.0,17.0,72,1015.1,100,10.2,12.6,201.0,6.0,78.0,2.5
2026-02-11 09:00:00,2026,2,11,9,Vĩnh Long,Xã An Ngãi Trung,10.0916931,106.5448581,56,Moderate,1,28.0,70,0.0,18.5,72,1015.6,100,9.7,12.5,204.0,4.0,88.0,2.1
2026-02-11 10:00:00,2026,2,11,10,Vĩnh Long,Xã An Ngãi Trung,10.0916931,106.5448581,54,Moderate,1,29.0,65,0.0,18.4,72,1015.8,100,8.4,11.0,206.0,2.5,96.0,1.8
2026-02-11 11:00:00,2026,2,11,11,Vĩnh Long,Xã An Ngãi Trung,10.0916931,106.5448581,52,Moderate,1,30.1,60,0.0,20.4,73,1014.8,100,7.3,9.7,206.0,1.7,100.0,1.6
2026-02-11 12:00:00,2026,2,11,12,Vĩnh Long,Xã An Ngãi Trung,10.0916931,106.5448581,50,Good,0,30.6,58,0.0,20.7,71,1013.6,83,6.6,8.8,205.0,1.3,102.0,1.4
2026-02-11 13:00:00,2026,2,11,13,Vĩnh Long,Xã An Ngãi Trung,10.0916931,106.5448581,46,Good,0,29.6,61,0.1,23.4,79,1013.3,98,6.6,8.8,202.0,1.2,102.0,1.3
2026-02-11 14:00:00,2026,2,11,14,Vĩnh Long,Xã An Ngãi Trung,10.0916931,106.5448581,42,Good,0,29.5,62,0.0,24.5,86,1012.4,100,6.8,9.0,194.0,1.3,101.0,1.3
2026-02-11 15:00:00,2026,2,11,15,Vĩnh Long,Xã An Ngãi Trung,10.0916931,106.5448581,43,Good,0,28.6,66,0.0,23.6,83,1011.7,99,7.2,9.5,183.0,1.6,99.0,1.3
2026-02-11 16:00:00,2026,2,11,16,Vĩnh Long,Xã An Ngãi Trung,10.0916931,106.5448581,44,Good,0,27.8,71,0.0,21.5,82,1011.5,25,7.8,10.3,176.0,2.1,97.0,1.4
2026-02-11 17:00:00,2026,2,11,17,Vĩnh Long,Xã An Ngãi Trung,10.0916931,106.5448581,46,Good,0,27.0,74,0.0,20.1,83,1011.9,41,8.5,11.2,176.0,2.9,95.0,1.6
2026-02-11 18:00:00,2026,2,11,18,Vĩnh Long,Xã An Ngãi Trung,10.0916931,106.5448581,46,Good,0,26.0,79,0.0,15.7,80,1012.3,16,9.5,12.2,179.0,3.9,92.0,2.0
2026-02-11 19:00:00,2026,2,11,19,Vĩnh Long,Xã An Ngãi Trung,10.0916931,106.5448581,46,Good,0,25.9,84,0.0,12.5,82,1012.5,14,9.2,11.5,181.0,5.5,87.0,2.3
2026-02-11 20:00:00,2026,2,11,20,Vĩnh Long,Xã An Ngãi Trung,10.0916931,106.5448581,45,Good,0,25.8,83,0.0,15.9,81,1013.3,20,9.4,11.8,179.0,5.5,87.0,2.3
2026-02-11 21:00:00,2026,2,11,21,Vĩnh Long,Xã An Ngãi Trung,10.0916931,106.5448581,44,Good,0,25.6,82,0.0,17.0,80,1013.1,46,9.7,12.1,175.0,5.4,87.0,2.3
2026-02-11 22:00:00,2026,2,11,22,Vĩnh Long,Xã An Ngãi Trung,10.0916931,106.5448581,43,Good,0,25.4,83,0.0,16.1,85,1013.1,67,9.8,12.3,172.0,5.4,85.0,2.3
2026-02-11 23:00:00,2026,2,11,23,Vĩnh Long,Xã An Ngãi Trung,10.0916931,106.5448581,42,Good,0,25.1,84,0.0,14.6,91,1012.9,42,9.6,12.1,169.0,5.5,81.0,2.2
2026-02-12 00:00:00,2026,2,12,0,Vĩnh Long,Xã An Ngãi Trung,10.0916931,106.5448581,41,Good,0,25.0,85,0.0,14.8,90,1012.8,69,9.2,11.6,167.0,5.6,75.0,1.9
2026-02-12 01:00:00,2026,2,12,1,Vĩnh Long,Xã An Ngãi Trung,10.0916931,106.5448581,40,Good,0,24.9,86,0.0,14.8,85,1012.1,100,8.8,11.2,165.0,5.7,71.0,1.8
2026-02-12 02:00:00,2026,2,12,2,Vĩnh Long,Xã An Ngãi Trung,10.0916931,106.5448581,39,Good,0,24.8,85,0.0,13.4,85,1011.4,1,8.6,10.9,163.0,5.7,69.0,1.7
2026-02-12 03:00:00,2026,2,12,3,Vĩnh Long,Xã An Ngãi Trung,10.0916931,106.5448581,37,Good,0,24.5,87,0.0,11.3,90,1011.5,43,8.5,10.9,161.0,5.6,67.0,1.7
2026-02-12 04:00:00,2026,2,12,4,Vĩnh Long,Xã An Ngãi Trung,10.0916931,106.5448581,36,Good,0,24.4,88,0.0,11.5,91,1011.5,77,8.4,10.9,165.0,5.5,66.0,1.8
2026-02-12 05:00:00,2026,2,12,5,Vĩnh Long,Xã An Ngãi Trung,10.0916931,106.5448581,35,Good,0,24.2,88,0.0,10.4,90,1011.7,98,8.4,10.8,179.0,5.7,65.0,2.0
2026-02-12 06:00:00,2026,2,12,6,Vĩnh Long,Xã An Ngãi Trung,10.0916931,106.5448581,36,Good,0,24.0,89,0.0,10.1,94,1011.9,100,8.5,11.0,199.0,5.8,63.0,2.2
2026-02-12 07:00:00,2026,2,12,7,Vĩnh Long,Xã An Ngãi Trung,10.0916931,106.5448581,36,Good,0,24.9,87,0.0,13.2,97,1013.2,87,8.8,11.4,210.0,5.7,64.0,2.3
2026-02-12 08:00:00,2026,2,12,8,Vĩnh Long,Xã An Ngãi Trung,10.0916931,106.5448581,36,Good,0,26.4,79,0.0,17.1,89,1014.0,88,9.1,12.0,206.0,4.6,71.0,2.0
2026-02-12 09:00:00,2026,2,12,9,Vĩnh Long,Xã An Ngãi Trung,10.0916931,106.5448581,35,Good,0,27.6,72,0.0,17.0,80,1014.7,91,8.6,11.5,194.0,3.1,80.0,1.6
2026-02-12 10:00:00,2026,2,12,10,Vĩnh Long,Xã An Ngãi Trung,10.0916931,106.5448581,35,Good,0,28.5,68,0.0,16.7,84,1014.5,97,8.2,11.0,185.0,2.0,89.0,1.3
2026-02-12 11:00:00,2026,2,12,11,Vĩnh Long,Xã An Ngãi Trung,10.0916931,106.5448581,35,Good,0,28.9,68,0.0,15.1,89,1013.8,100,8.3,11.2,181.0,1.5,96.0,1.2
2026-02-12 12:00:00,2026,2,12,12,Vĩnh Long,Xã An Ngãi Trung,10.0916931,106.5448581,35,Good,0,29.5,65,0.0,15.1,98,1012.8,100,8.5,11.6,180.0,1.4,102.0,1.3
2026-02-12 13:00:00,2026,2,12,13,Vĩnh Long,Xã An Ngãi Trung,10.0916931,106.5448581,37,Good,0,29.5,64,0.0,14.2,94,1012.0,100,8.7,11.6,180.0,1.4,106.0,1.4
2026-02-12 14:00:00,2026,2,12,14,Vĩnh Long,Xã An Ngãi Trung,10.0916931,106.5448581,39,Good,0,29.8,64,0.0,13.1,97,1010.6,100,8.8,11.7,181.0,1.4,108.0,1.5
2026-02-12 15:00:00,2026,2,12,15,Vĩnh Long,Xã An Ngãi Trung,10.0916931,106.5448581,42,Good,0,29.4,65,0.0,13.0,104,1010.1,33,9.0,11.7,183.0,1.5,109.0,1.6
2026-02-12 16:00:00,2026,2,12,16,Vĩnh Long,Xã An Ngãi Trung,10.0916931,106.5448581,44,Good,0,28.0,69,0.0,16.4,111,1009.9,41,8.9,11.4,185.0,2.0,107.0,1.8
2026-02-12 17:00:00,2026,2,12,17,Vĩnh Long,Xã An Ngãi Trung,10.0916931,106.5448581,46,Good,0,26.6,73,0.0,17.1,102,1010.4,100,9.9,12.8,186.0,3.4,101.0,2.2
2026-02-12 18:00:00,2026,2,12,18,Vĩnh Long,Xã An Ngãi Trung,10.0916931,106.5448581,47,Good,0,25.7,75,0.0,15.1,93,1011.1,100,10.5,13.5,186.0,5.2,92.0,2.6
2026-02-12 19:00:00,2026,2,12,19,Vĩnh Long,Xã An Ngãi Trung,10.0916931,106.5448581,48,Good,0,25.9,76,0.0,13.0,88,1011.1,100,15.1,18.7,185.0,5.4,86.0,2.5
2026-02-12 20:00:00,2026,2,12,20,Vĩnh Long,Xã An Ngãi Trung,10.0916931,106.5448581,47,Good,0,25.9,74,0.0,15.5,91,1011.9,100,14.5,18.1,183.0,5.5,87.0,2.6
2026-02-12 21:00:00,2026,2,12,21,Vĩnh Long,Xã An Ngãi Trung,10.0916931,106.5448581,46,Good,0,25.6,76,0.0,16.4,91,1012.5,98,14.1,17.6,180.0,5.7,89.0,2.8
2026-02-12 22:00:00,2026,2,12,22,Vĩnh Long,Xã An Ngãi Trung,10.0916931,106.5448581,45,Good,0,25.5,76,0.0,16.4,94,1013.0,100,13.0,16.4,178.0,5.8,90.0,2.8
2026-02-12 23:00:00,2026,2,12,23,Vĩnh Long,Xã An Ngãi Trung,10.0916931,106.5448581,44,Good,0,25.3,77,0.0,17.6,96,1012.9,100,11.6,14.8,176.0,5.7,90.0,2.5
2026-02-13 00:00:00,2026,2,13,0,Vĩnh Long,Xã An Ngãi Trung,10.0916931,106.5448581,43,Good,0,25.1,78,0.0,17.0,95,1012.3,100,10.5,13.6,174.0,5.5,90.0,2.1
2026-02-13 01:00:00,2026,2,13,1,Vĩnh Long,Xã An Ngãi Trung,10.0916931,106.5448581,42,Good,0,25.1,81,0.0,13.2,94,1011.8,100,9.9,12.9,174.0,5.4,89.0,1.8
2026-02-13 02:00:00,2026,2,13,2,Vĩnh Long,Xã An Ngãi Trung,10.0916931,106.5448581,41,Good,0,25.0,80,0.0,12.3,85,1010.7,77,9.6,12.4,174.0,5.3,87.0,1.7
2026-02-13 03:00:00,2026,2,13,3,Vĩnh Long,Xã An Ngãi Trung,10.0916931,106.5448581,42,Good,0,24.7,83,0.0,11.9,92,1010.1,100,9.3,12.0,175.0,5.3,83.0,1.6
2026-02-13 04:00:00,2026,2,13,4,Vĩnh Long,Xã An Ngãi Trung,10.0916931,106.5448581,42,Good,0,24.3,86,0.0,9.5,90,1009.9,95,9.3,11.9,181.0,5.4,80.0,1.7
2026-02-13 05:00:00,2026,2,13,5,Vĩnh Long,Xã An Ngãi Trung,10.0916931,106.5448581,42,Good,0,24.1,87,0.0,10.3,93,1010.1,46,9.4,11.9,196.0,6.0,76.0,2.0
2026-02-13 06:00:00,2026,2,13,6,Vĩnh Long,Xã An Ngãi Trung,10.0916931,106.5448581,42,Good,0,24.0,87,0.0,10.1,92,1010.0,91,9.6,12.2,216.0,6.7,72.0,2.4
2026-02-13 07:00:00,2026,2,13,7,Vĩnh Long,Xã An Ngãi Trung,10.0916931,106.5448581,42,Good,0,24.9,86,0.0,11.3,91,1010.7,99,11.8,14.7,228.0,7.5,70.0,2.8
2026-02-13 08:00:00,2026,2,13,8,Vĩnh Long,Xã An Ngãi Trung,10.0916931,106.5448581,43,Good,0,26.2,80,0.0,13.2,83,1011.5,83,11.7,15.0,227.0,6.0,78.0,2.7
2026-02-13 09:00:00,2026,2,13,9,Vĩnh Long,Xã An Ngãi Trung,10.0916931,106.5448581,43,Good,0,27.5,73,0.0,14.4,86,1012.4,9,11.4,15.0,218.0,4.0,90.0,2.4
2026-02-13 10:00:00,2026,2,13,10,Vĩnh Long,Xã An Ngãi Trung,10.0916931,106.5448581,44,Good,0,28.5,66,0.0,16.0,89,1012.3,0,11.4,15.2,211.0,2.4,99.0,2.2
2026-02-13 11:00:00,2026,2,13,11,Vĩnh Long,Xã An Ngãi Trung,10.0916931,106.5448581,44,Good,0,29.1,63,0.0,16.0,93,1011.6,78,11.2,15.0,208.0,1.7,104.0,1.9
2026-02-13 12:00:00,2026,2,13,12,Vĩnh Long,Xã An Ngãi Trung,10.0916931,106.5448581,45,Good,0,29.5,60,0.0,15.7,95,1010.4,80,10.7,14.4,206.0,1.5,107.0,1.6
2026-02-13 13:00:00,2026,2,13,13,Vĩnh Long,Xã An Ngãi Trung,10.0916931,106.5448581,45,Good,0,30.1,58,0.0,15.8,98,1009.6,100,10.2,13.7,203.0,1.4,108.0,1.4
2026-02-13 14:00:00,2026,2,13,14,Vĩnh Long,Xã An Ngãi Trung,10.0916931,106.5448581,45,Good,0,29.7,59,0.0,16.5,106,1008.8,100,9.7,13.1,198.0,1.4,107.0,1.3
2026-02-13 15:00:00,2026,2,13,15,Vĩnh Long,Xã An Ngãi Trung,10.0916931,106.5448581,46,Good,0,29.0,58,0.0,17.2,105,1008.6,100,9.4,12.8,193.0,1.7,105.0,1.3
2026-02-13 16:00:00,2026,2,13,16,Vĩnh Long,Xã An Ngãi Trung,10.0916931,106.5448581,46,Good,0,27.4,68,0.0,16.6,100,1008.9,100,9.7,13.2,191.0,2.1,103.0,1.4
2026-02-13 17:00:00,2026,2,13,17,Vĩnh Long,Xã An Ngãi Trung,10.0916931,106.5448581,48,Good,0,26.3,72,0.0,14.4,100,1009.6,100,10.7,14.3,194.0,2.9,104.0,1.6
2026-02-13 18:00:00,2026,2,13,18,Vĩnh Long,Xã An Ngãi Trung,10.0916931,106.5448581,49,Good,0,25.8,73,0.0,15.1,99,1010.4,100,11.7,15.4,200.0,3.8,105.0,2.0
2026-02-13 19:00:00,2026,2,13,19,Vĩnh Long,Xã An Ngãi Trung,10.0916931,106.5448581,49,Good,0,25.6,76,0.0,13.1,99,1010.6,100,13.9,18.0,203.0,5.3,101.0,2.5
2026-02-13 20:00:00,2026,2,13,20,Vĩnh Long,Xã An Ngãi Trung,10.0916931,106.5448581,49,Good,0,25.5,77,0.0,13.5,92,1011.6,100,13.6,17.5,198.0,5.2,101.0,2.5
2026-02-13 21:00:00,2026,2,13,21,Vĩnh Long,Xã An Ngãi Trung,10.0916931,106.5448581,48,Good,0,25.2,78,0.0,14.4,92,1012.1,99,13.4,17.3,190.0,5.0,101.0,2.5
2026-02-13 22:00:00,2026,2,13,22,Vĩnh Long,Xã An Ngãi Trung,10.0916931,106.5448581,48,Good,0,25.1,76,0.0,14.8,89,1012.0,100,12.9,16.7,183.0,4.9,100.0,2.4
2026-02-13 23:00:00,2026,2,13,23,Vĩnh Long,Xã An Ngãi Trung,10.0916931,106.5448581,48,Good,0,25.0,76,0.0,14.9,90,1011.7,100,12.3,16.1,180.0,4.7,99.0,2.1
2026-02-14 00:00:00,2026,2,14,0,Vĩnh Long,Xã An Ngãi Trung,10.0916931,106.5448581,47,Good,0,25.0,77,0.0,16.2,91,1011.0,100,11.8,15.7,179.0,4.6,97.0,1.8
2026-02-14 01:00:00,2026,2,14,1,Vĩnh Long,Xã An Ngãi Trung,10.0916931,106.5448581,47,Good,0,25.1,78,0.0,16.8,93,1010.2,100,11.6,15.3,179.0,4.5,95.0,1.5
2026-02-14 02:00:00,2026,2,14,2,Vĩnh Long,Xã An Ngãi Trung,10.0916931,106.5448581,46,Good,0,25.1,78,0.0,15.9,94,1009.5,100,11.5,15.1,179.0,4.5,93.0,1.4
2026-02-14 03:00:00,2026,2,14,3,Vĩnh Long,Xã An Ngãi Trung,10.0916931,106.5448581,47,Good,0,24.8,80,0.0,12.6,88,1009.0,98,11.6,15.2,179.0,4.7,91.0,1.5
2026-02-14 04:00:00,2026,2,14,4,Vĩnh Long,Xã An Ngãi Trung,10.0916931,106.5448581,47,Good,0,24.4,84,0.0,10.2,80,1008.8,100,11.8,15.4,182.0,5.0,89.0,1.6
2026-02-14 05:00:00,2026,2,14,5,Vĩnh Long,Xã An Ngãi Trung,10.0916931,106.5448581,47,Good,0,24.2,86,0.0,9.8,84,1009.1,100,12.0,15.5,191.0,5.9,85.0,1.9
2026-02-14 06:00:00,2026,2,14,6,Vĩnh Long,Xã An Ngãi Trung,10.0916931,106.5448581,48,Good,0,24.2,87,0.0,10.1,86,1009.8,100,12.4,15.9,203.0,7.0,81.0,2.4
2026-02-14 07:00:00,2026,2,14,7,Vĩnh Long,Xã An Ngãi Trung,10.0916931,106.5448581,48,Good,0,25.0,86,0.0,11.4,86,1010.6,56,13.2,16.6,210.0,7.9,79.0,2.8
2026-02-14 08:00:00,2026,2,14,8,Vĩnh Long,Xã An Ngãi Trung,10.0916931,106.5448581,49,Good,0,26.5,78,0.0,14.7,82,1011.8,100,13.2,16.9,208.0,6.8,87.0,3.0
2026-02-14 09:00:00,2026,2,14,9,Vĩnh Long,Xã An Ngãi Trung,10.0916931,106.5448581,49,Good,0,27.9,69,0.0,17.4,80,1012.4,100,13.2,17.1,201.0,5.2,98.0,3.3
2026-02-14 10:00:00,2026,2,14,10,Vĩnh Long,Xã An Ngãi Trung,10.0916931,106.5448581,49,Good,0,28.5,64,0.0,20.6,84,1012.5,100,13.9,18.2,195.0,3.9,108.0,3.4
2026-02-14 11:00:00,2026,2,14,11,Vĩnh Long,Xã An Ngãi Trung,10.0916931,106.5448581,50,Good,0,29.1,58,0.0,20.6,81,1012.0,100,14.3,18.5,190.0,2.9,117.0,3.3
2026-02-14 12:00:00,2026,2,14,12,Vĩnh Long,Xã An Ngãi Trung,10.0916931,106.5448581,50,Good,0,29.9,52,0.0,19.1,82,1010.8,100,13.8,17.5,186.0,2.2,125.0,3.0
2026-02-14 13:00:00,2026,2,14,13,Vĩnh Long,Xã An Ngãi Trung,10.0916931,106.5448581,50,Good,0,30.1,50,0.0,21.3,87,1010.4,100,12.5,15.5,182.0,1.7,129.0,2.7
2026-02-14 14:00:00,2026,2,14,14,Vĩnh Long,Xã An Ngãi Trung,10.0916931,106.5448581,51,Moderate,1,29.8,50,0.0,21.2,91,1009.0,100,11.2,13.9,179.0,1.5,124.0,2.3
2026-02-14 15:00:00,2026,2,14,15,Vĩnh Long,Xã An Ngãi Trung,10.0916931,106.5448581,51,Moderate,1,28.9,56,0.0,20.7,98,1008.4,100,10.5,13.3,176.0,1.5,115.0,1.8
2026-02-14 16:00:00,2026,2,14,16,Vĩnh Long,Xã An Ngãi Trung,10.0916931,106.5448581,59,Moderate,1,28.2,60,0.0,17.5,100,1008.0,100,10.4,13.6,175.0,1.9,107.0,1.6
2026-02-14 17:00:00,2026,2,14,17,Vĩnh Long,Xã An Ngãi Trung,10.0916931,106.5448581,63,Moderate,1,27.5,66,0.0,14.2,103,1008.6,100,10.4,13.7,177.0,2.9,102.0,1.8
2026-02-14 18:00:00,2026,2,14,18,Vĩnh Long,Xã An Ngãi Trung,10.0916931,106.5448581,64,Moderate,1,26.4,70,0.0,13.8,106,1009.1,99,11.4,14.8,182.0,4.2,98.0,2.2
2026-02-14 19:00:00,2026,2,14,19,Vĩnh Long,Xã An Ngãi Trung,10.0916931,106.5448581,62,Moderate,1,26.0,77,0.0,12.7,97,1009.1,100,14.5,18.3,184.0,6.0,92.0,2.8
2026-02-14 20:00:00,2026,2,14,20,Vĩnh Long,Xã An Ngãi Trung,10.0916931,106.5448581,56,Moderate,1,25.9,76,0.0,12.6,88,1009.7,100,13.4,17.1,183.0,5.9,92.0,2.7
2026-02-14 21:00:00,2026,2,14,21,Vĩnh Long,Xã An Ngãi Trung,10.0916931,106.5448581,51,Moderate,1,25.6,78,0.0,11.0,80,1010.5,100,12.4,15.8,180.0,5.8,91.0,2.6
2026-02-14 22:00:00,2026,2,14,22,Vĩnh Long,Xã An Ngãi Trung,10.0916931,106.5448581,51,Moderate,1,25.3,80,0.0,8.9,72,1010.9,100,11.8,15.0,177.0,5.7,90.0,2.5
2026-02-14 23:00:00,2026,2,14,23,Vĩnh Long,Xã An Ngãi Trung,10.0916931,106.5448581,51,Moderate,1,25.1,80,0.0,9.5,81,1010.7,100,11.4,14.5,173.0,5.8,89.0,2.3
2026-02-15 00:00:00,2026,2,15,0,Vĩnh Long,Xã An Ngãi Trung,10.0916931,106.5448581,51,Moderate,1,24.8,83,0.0,10.1,95,1010.2,100,11.0,14.1,169.0,5.9,87.0,2.1
2026-02-15 01:00:00,2026,2,15,1,Vĩnh Long,Xã An Ngãi Trung,10.0916931,106.5448581,50,Good,0,24.6,88,0.0,11.7,91,1009.8,95,10.7,14.0,167.0,6.0,85.0,1.9
2026-02-15 02:00:00,2026,2,15,2,Vĩnh Long,Xã An Ngãi Trung,10.0916931,106.5448581,50,Good,0,24.4,88,0.0,11.0,96,1009.1,98,10.5,13.8,166.0,6.0,82.0,1.8
2026-02-15 03:00:00,2026,2,15,3,Vĩnh Long,Xã An Ngãi Trung,10.0916931,106.5448581,50,Good,0,24.2,89,0.0,10.0,97,1008.7,99,10.5,13.7,167.0,5.9,79.0,1.8
2026-02-15 04:00:00,2026,2,15,4,Vĩnh Long,Xã An Ngãi Trung,10.0916931,106.5448581,50,Good,0,24.1,89,0.0,9.0,95,1009.0,100,10.9,14.0,171.0,6.0,76.0,1.9
2026-02-15 05:00:00,2026,2,15,5,Vĩnh Long,Xã An Ngãi Trung,10.0916931,106.5448581,50,Good,0,24.1,90,0.0,9.4,87,1009.3,96,11.2,14.4,182.0,6.6,72.0,2.1
2026-02-15 06:00:00,2026,2,15,6,Vĩnh Long,Xã An Ngãi Trung,10.0916931,106.5448581,50,Good,0,24.1,91,0.0,10.7,83,1009.9,75,11.5,14.7,196.0,7.5,69.0,2.4
2026-02-15 07:00:00,2026,2,15,7,Vĩnh Long,Xã An Ngãi Trung,10.0916931,106.5448581,50,Good,0,25.2,86,0.0,13.3,81,1011.1,28,12.4,16.1,204.0,9.0,69.0,2.4
2026-02-15 08:00:00,2026,2,15,8,Vĩnh Long,Xã An Ngãi Trung,10.0916931,106.5448581,50,Good,0,26.5,78,0.0,16.9,78,1011.7,54,12.4,16.5,202.0,7.3,75.0,2.1
2026-02-15 09:00:00,2026,2,15,9,Vĩnh Long,Xã An Ngãi Trung,10.0916931,106.5448581,50,Good,0,28.0,68,0.0,18.7,72,1011.9,33,12.3,16.5,193.0,5.0,84.0,1.8
2026-02-15 10:00:00,2026,2,15,10,Vĩnh Long,Xã An Ngãi Trung,10.0916931,106.5448581,50,Good,0,29.4,59,0.0,19.9,72,1012.0,52,12.9,17.4,186.0,3.2,95.0,1.8
2026-02-15 11:00:00,2026,2,15,11,Vĩnh Long,Xã An Ngãi Trung,10.0916931,106.5448581,49,Good,0,30.4,55,0.0,18.9,76,1011.4,28,14.1,18.9,182.0,2.5,111.0,2.6
2026-02-15 12:00:00,2026,2,15,12,Vĩnh Long,Xã An Ngãi Trung,10.0916931,106.5448581,49,Good,0,31.1,54,0.0,15.0,76,1010.3,25,16.1,20.7,178.0,2.4,128.0,3.7
2026-02-15 13:00:00,2026,2,15,13,Vĩnh Long,Xã An Ngãi Trung,10.0916931,106.5448581,50,Good,0,31.2,53,0.0,17.1,93,1009.6,84,17.5,21.2,174.0,2.3,138.0,4.3
2026-02-15 14:00:00,2026,2,15,14,Vĩnh Long,Xã An Ngãi Trung,10.0916931,106.5448581,50,Good,0,30.5,55,0.0,20.8,95,1008.4,23,17.6,20.7,168.0,2.1,135.0,3.9
2026-02-15 15:00:00,2026,2,15,15,Vĩnh Long,Xã An Ngãi Trung,10.0916931,106.5448581,51,Moderate,1,30.1,57,0.0,20.8,95,1007.8,11,15.5,18.3,161.0,1.9,124.0,3.0
2026-02-15 16:00:00,2026,2,15,16,Vĩnh Long,Xã An Ngãi Trung,10.0916931,106.5448581,56,Moderate,1,29.2,61,0.0,19.4,97,1007.6,96,12.3,14.9,157.0,2.1,112.0,2.3
2026-02-15 17:00:00,2026,2,15,17,Vĩnh Long,Xã An Ngãi Trung,10.0916931,106.5448581,64,Moderate,1,27.5,69,0.0,19.1,101,1007.9,95,10.4,13.4,159.0,3.0,99.0,2.1
2026-02-15 18:00:00,2026,2,15,18,Vĩnh Long,Xã An Ngãi Trung,10.0916931,106.5448581,67,Moderate,1,26.4,74,0.0,18.9,98,1008.3,8,10.1,12.9,164.0,4.2,85.0,2.2
2026-02-15 19:00:00,2026,2,15,19,Vĩnh Long,Xã An Ngãi Trung,10.0916931,106.5448581,65,Moderate,1,26.3,76,0.0,19.7,96,1008.9,100,9.5,11.9,167.0,4.8,76.0,2.1
2026-02-15 20:00:00,2026,2,15,20,Vĩnh Long,Xã An Ngãi Trung,10.0916931,106.5448581,57,Moderate,1,26.1,75,0.0,21.1,90,1009.6,99,8.8,11.0,166.0,4.7,75.0,2.1
2026-02-15 21:00:00,2026,2,15,21,Vĩnh Long,Xã An Ngãi Trung,10.0916931,106.5448581,51,Moderate,1,25.9,76,0.0,21.6,89,1010.0,99,8.4,10.4,162.0,4.7,74.0,2.1
2026-02-15 22:00:00,2026,2,15,22,Vĩnh Long,Xã An Ngãi Trung,10.0916931,106.5448581,50,Good,0,25.9,73,0.0,21.5,85,1009.9,98,7.9,10.1,159.0,4.6,72.0,2.0
2026-02-15 23:00:00,2026,2,15,23,Vĩnh Long,Xã An Ngãi Trung,10.0916931,106.5448581,50,Good,0,25.7,74,0.0,20.6,86,1010.0,99,7.7,9.9,156.0,4.5,70.0,1.8
2026-02-16 00:00:00,2026,2,16,0,Vĩnh Long,Xã An Ngãi Trung,10.0916931,106.5448581,49,Good,0,25.6,73,0.0,19.3,86,1009.6,87,7.6,9.9,153.0,4.4,69.0,1.5
2026-02-16 01:00:00,2026,2,16,1,Vĩnh Long,Xã An Ngãi Trung,10.0916931,106.5448581,48,Good,0,25.6,76,0.0,18.6,87,1009.5,92,7.7,10.0,151.0,4.4,67.0,1.3
2026-02-16 02:00:00,2026,2,16,2,Vĩnh Long,Xã An Ngãi Trung,10.0916931,106.5448581,48,Good,0,25.5,75,0.0,17.9,85,1009.1,91,7.9,10.2,149.0,4.4,66.0,1.3
2026-02-16 03:00:00,2026,2,16,3,Vĩnh Long,Xã An Ngãi Trung,10.0916931,106.5448581,47,Good,0,25.4,75,0.0,17.3,82,1008.4,97,7.9,10.1,149.0,4.5,65.0,1.3
2026-02-16 04:00:00,2026,2,16,4,Vĩnh Long,Xã An Ngãi Trung,10.0916931,106.5448581,47,Good,0,25.2,75,0.0,16.8,81,1008.5,100,7.8,9.9,152.0,4.6,64.0,1.4
2026-02-16 05:00:00,2026,2,16,5,Vĩnh Long,Xã An Ngãi Trung,10.0916931,106.5448581,46,Good,0,25.1,75,0.0,15.9,81,1008.6,100,7.8,9.9,163.0,5.0,62.0,1.6
2026-02-16 06:00:00,2026,2,16,6,Vĩnh Long,Xã An Ngãi Trung,10.0916931,106.5448581,46,Good,0,25.4,73,0.0,15.8,79,1009.1,100,8.0,10.1,179.0,5.4,60.0,1.9
2026-02-16 07:00:00,2026,2,16,7,Vĩnh Long,Xã An Ngãi Trung,10.0916931,106.5448581,45,Good,0,25.8,77,0.0,17.0,80,1010.0,100,11.1,13.9,187.0,5.5,60.0,2.0
2026-02-16 08:00:00,2026,2,16,8,Vĩnh Long,Xã An Ngãi Trung,10.0916931,106.5448581,45,Good,0,27.1,72,0.0,18.3,80,1011.0,93,11.5,14.4,183.0,4.4,66.0,1.9
2026-02-16 09:00:00,2026,2,16,9,Vĩnh Long,Xã An Ngãi Trung,10.0916931,106.5448581,45,Good,0,28.2,66,0.0,21.3,82,1011.5,100,11.0,14.1,172.0,3.0,74.0,1.7
2026-02-16 10:00:00,2026,2,16,10,Vĩnh Long,Xã An Ngãi Trung,10.0916931,106.5448581,45,Good,0,29.1,60,0.0,24.2,82,1011.8,100,10.1,13.2,162.0,1.8,81.0,1.5
2026-02-16 11:00:00,2026,2,16,11,Vĩnh Long,Xã An Ngãi Trung,10.0916931,106.5448581,44,Good,0,30.0,56,0.0,24.0,82,1011.3,99,8.8,11.7,155.0,1.3,84.0,1.3
2026-02-16 12:00:00,2026,2,16,12,Vĩnh Long,Xã An Ngãi Trung,10.0916931,106.5448581,43,Good,0,30.5,54,0.0,24.4,81,1010.4,100,8.0,10.7,149.0,1.1,85.0,1.2
2026-02-16 13:00:00,2026,2,16,13,Vĩnh Long,Xã An Ngãi Trung,10.0916931,106.5448581,42,Good,0,30.9,53,0.0,26.0,86,1009.8,73,7.6,10.2,146.0,1.0,86.0,1.1
2026-02-16 14:00:00,2026,2,16,14,Vĩnh Long,Xã An Ngãi Trung,10.0916931,106.5448581,40,Good,0,30.3,57,0.0,26.3,88,1008.4,39,7.6,10.1,148.0,1.0,87.0,1.1
2026-02-16 15:00:00,2026,2,16,15,Vĩnh Long,Xã An Ngãi Trung,10.0916931,106.5448581,38,Good,0,29.8,60,0.0,24.8,89,1007.6,9,7.8,10.4,152.0,1.1,88.0,1.3
2026-02-16 16:00:00,2026,2,16,16,Vĩnh Long,Xã An Ngãi Trung,10.0916931,106.5448581,38,Good,0,29.2,64,0.0,21.8,93,1007.5,4,7.9,10.4,156.0,1.5,88.0,1.4
2026-02-16 17:00:00,2026,2,16,17,Vĩnh Long,Xã An Ngãi Trung,10.0916931,106.5448581,39,Good,0,27.8,69,0.0,20.7,90,1007.2,2,8.1,10.6,158.0,2.4,85.0,1.6
2026-02-16 18:00:00,2026,2,16,18,Vĩnh Long,Xã An Ngãi Trung,10.0916931,106.5448581,40,Good,0,26.4,77,0.0,19.6,84,1007.3,0,8.8,11.1,159.0,3.5,80.0,1.8
2026-02-16 19:00:00,2026,2,16,19,Vĩnh Long,Xã An Ngãi Trung,10.0916931,106.5448581,40,Good,0,26.4,78,0.0,18.4,86,1007.7,89,7.8,10.0,160.0,4.5,74.0,2.0
2026-02-16 20:00:00,2026,2,16,20,Vĩnh Long,Xã An Ngãi Trung,10.0916931,106.5448581,39,Good,0,26.1,77,0.0,18.9,88,1008.5,6,7.5,9.7,160.0,4.5,72.0,1.9
2026-02-16 21:00:00,2026,2,16,21,Vĩnh Long,Xã An Ngãi Trung,10.0916931,106.5448581,38,Good,0,25.9,78,0.0,18.6,86,1008.7,2,7.6,9.8,159.0,4.4,69.0,1.8
2026-02-16 22:00:00,2026,2,16,22,Vĩnh Long,Xã An Ngãi Trung,10.0916931,106.5448581,37,Good,0,25.7,79,0.0,18.2,88,1009.0,6,7.9,10.1,157.0,4.4,67.0,1.7
2026-02-16 23:00:00,2026,2,16,23,Vĩnh Long,Xã An Ngãi Trung,10.0916931,106.5448581,36,Good,0,25.6,79,0.0,19.3,86,1009.3,53,8.1,10.3,152.0,4.4,65.0,1.6
2026-02-17 00:00:00,2026,2,17,0,Vĩnh Long,Xã An Ngãi Trung,10.0916931,106.5448581,35,Good,0,25.5,80,0.0,20.0,87,1009.2,94,8.3,10.5,146.0,4.4,63.0,1.5
2026-02-17 01:00:00,2026,2,17,1,Vĩnh Long,Xã An Ngãi Trung,10.0916931,106.5448581,35,Good,0,25.6,80,0.0,22.0,91,1008.7,100,8.5,10.9,142.0,4.5,62.0,1.4
2026-02-17 02:00:00,2026,2,17,2,Vĩnh Long,Xã An Ngãi Trung,10.0916931,106.5448581,35,Good,0,25.6,78,0.0,22.0,90,1008.3,100,8.7,11.1,141.0,4.6,61.0,1.4
2026-02-17 03:00:00,2026,2,17,3,Vĩnh Long,Xã An Ngãi Trung,10.0916931,106.5448581,35,Good,0,25.4,78,0.0,20.3,91,1008.0,99,8.9,11.4,142.0,4.7,61.0,1.4
2026-02-17 04:00:00,2026,2,17,4,Vĩnh Long,Xã An Ngãi Trung,10.0916931,106.5448581,36,Good,0,25.2,79,0.0,19.3,90,1008.1,100,9.1,11.5,145.0,4.8,60.0,1.5
2026-02-17 05:00:00,2026,2,17,5,Vĩnh Long,Xã An Ngãi Trung,10.0916931,106.5448581,36,Good,0,25.1,78,0.0,18.9,93,1008.4,99,9.2,11.6,153.0,5.0,58.0,1.7
2026-02-17 06:00:00,2026,2,17,6,Vĩnh Long,Xã An Ngãi Trung,10.0916931,106.5448581,36,Good,0,25.2,78,0.0,20.3,92,1008.9,99,9.3,11.6,164.0,5.2,57.0,2.0
2026-02-17 07:00:00,2026,2,17,7,Vĩnh Long,Xã An Ngãi Trung,10.0916931,106.5448581,36,Good,0,25.6,78,0.0,22.9,90,1009.9,98,10.6,13.2,171.0,4.7,58.0,2.1
2026-02-17 08:00:00,2026,2,17,8,Vĩnh Long,Xã An Ngãi Trung,10.0916931,106.5448581,36,Good,0,26.9,74,0.0,23.4,90,1010.9,99,10.9,13.8,169.0,3.8,64.0,2.0
2026-02-17 09:00:00,2026,2,17,9,Vĩnh Long,Xã An Ngãi Trung,10.0916931,106.5448581,36,Good,0,28.0,65,0.0,25.3,86,1011.8,100,10.4,13.5,163.0,2.6,72.0,1.9
2026-02-17 10:00:00,2026,2,17,10,Vĩnh Long,Xã An Ngãi Trung,10.0916931,106.5448581,36,Good,0,29.0,59,0.0,25.8,86,1012.1,100,9.8,12.9,157.0,1.6,79.0,1.7
2026-02-17 11:00:00,2026,2,17,11,Vĩnh Long,Xã An Ngãi Trung,10.0916931,106.5448581,36,Good,0,29.8,55,0.0,26.3,86,1011.7,99,9.3,12.4,152.0,1.2,82.0,1.5
2026-02-17 12:00:00,2026,2,17,12,Vĩnh Long,Xã An Ngãi Trung,10.0916931,106.5448581,36,Good,0,30.3,51,0.0,27.2,87,1010.9,98,9.1,12.1,146.0,1.0,84.0,1.3
2026-02-17 13:00:00,2026,2,17,13,Vĩnh Long,Xã An Ngãi Trung,10.0916931,106.5448581,36,Good,0,30.2,52,0.0,28.3,91,1010.5,100,9.2,12.3,143.0,1.0,85.0,1.2
2026-02-17 14:00:00,2026,2,17,14,Vĩnh Long,Xã An Ngãi Trung,10.0916931,106.5448581,37,Good,0,29.5,55,0.0,27.2,94,1009.4,100,9.1,12.2,142.0,1.0,85.0,1.2
2026-02-17 15:00:00,2026,2,17,15,Vĩnh Long,Xã An Ngãi Trung,10.0916931,106.5448581,37,Good,0,29.2,57,0.0,26.1,97,1008.7,95,8.7,11.7,143.0,1.1,83.0,1.2
2026-02-17 16:00:00,2026,2,17,16,Vĩnh Long,Xã An Ngãi Trung,10.0916931,106.5448581,37,Good,0,28.6,59,0.0,23.4,97,1008.3,99,8.4,11.1,145.0,1.4,81.0,1.3
2026-02-17 17:00:00,2026,2,17,17,Vĩnh Long,Xã An Ngãi Trung,10.0916931,106.5448581,38,Good,0,27.6,66,0.0,20.6,95,1008.3,98,8.5,11.2,147.0,2.3,79.0,1.5
2026-02-17 18:00:00,2026,2,17,18,Vĩnh Long,Xã An Ngãi Trung,10.0916931,106.5448581,38,Good,0,26.4,71,0.0,20.4,94,1008.8,95,9.0,11.5,149.0,3.4,76.0,1.8
2026-02-17 19:00:00,2026,2,17,19,Vĩnh Long,Xã An Ngãi Trung,10.0916931,106.5448581,38,Good,0,26.4,70,0.0,22.5,92,1009.3,99,8.9,11.1,151.0,4.8,74.0,2.2
2026-02-17 20:00:00,2026,2,17,20,Vĩnh Long,Xã An Ngãi Trung,10.0916931,106.5448581,38,Good,0,26.4,67,0.0,23.0,90,1010.0,66,9.4,11.9,151.0,4.7,72.0,2.1
2026-02-17 21:00:00,2026,2,17,21,Vĩnh Long,Xã An Ngãi Trung,10.0916931,106.5448581,38,Good,0,26.2,67,0.0,22.2,93,1010.7,100,9.6,12.2,150.0,4.6,69.0,2.0
2026-02-17 22:00:00,2026,2,17,22,Vĩnh Long,Xã An Ngãi Trung,10.0916931,106.5448581,38,Good,0,26.0,69,0.0,20.7,89,1011.1,99,9.6,12.1,149.0,4.5,66.0,1.9
2026-02-17 23:00:00,2026,2,17,23,Vĩnh Long,Xã An Ngãi Trung,10.0916931,106.5448581,38,Good,0,25.8,71,0.0,20.9,89,1011.4,97,9.2,11.6,147.0,4.3,62.0,1.7
2026-02-18 00:00:00,2026,2,18,0,Vĩnh Long,Xã An Ngãi Trung,10.0916931,106.5448581,38,Good,0,25.6,72,0.0,20.6,86,1011.3,82,8.5,10.6,144.0,4.0,58.0,1.5
2026-02-18 01:00:00,2026,2,18,1,Vĩnh Long,Xã An Ngãi Trung,10.0916931,106.5448581,39,Good,0,25.6,75,0.0,21.4,83,1011.0,100,8.4,10.5,142.0,3.9,55.0,1.3
2026-02-18 02:00:00,2026,2,18,2,Vĩnh Long,Xã An Ngãi Trung,10.0916931,106.5448581,39,Good,0,25.5,75,0.0,20.8,78,1010.6,95,8.4,10.5,142.0,3.9,54.0,1.3
2026-02-18 03:00:00,2026,2,18,3,Vĩnh Long,Xã An Ngãi Trung,10.0916931,106.5448581,38,Good,0,25.0,78,0.0,17.6,74,1010.1,96,8.3,10.4,144.0,4.1,54.0,1.3
2026-02-18 04:00:00,2026,2,18,4,Vĩnh Long,Xã An Ngãi Trung,10.0916931,106.5448581,38,Good,0,24.6,80,0.0,14.4,75,1009.9,78,8.0,10.0,148.0,4.5,53.0,1.5
2026-02-18 05:00:00,2026,2,18,5,Vĩnh Long,Xã An Ngãi Trung,10.0916931,106.5448581,38,Good,0,24.4,82,0.0,12.6,76,1009.8,63,7.8,9.6,158.0,5.6,49.0,2.0
2026-02-18 06:00:00,2026,2,18,6,Vĩnh Long,Xã An Ngãi Trung,10.0916931,106.5448581,38,Good,0,24.1,83,0.0,11.6,78,1010.6,9,8.1,9.8,171.0,7.1,44.0,2.6
2026-02-18 07:00:00,2026,2,18,7,Vĩnh Long,Xã An Ngãi Trung,10.0916931,106.5448581,38,Good,0,25.2,83,0.0,16.1,85,1011.7,99,11.7,14.2,179.0,6.0,48.0,2.3
2026-02-18 08:00:00,2026,2,18,8,Vĩnh Long,Xã An Ngãi Trung,10.0916931,106.5448581,38,Good,0,26.8,79,0.0,16.8,86,1012.2,99,12.5,15.4,176.0,5.0,55.0,2.3
2026-02-18 09:00:00,2026,2,18,9,Vĩnh Long,Xã An Ngãi Trung,10.0916931,106.5448581,38,Good,0,28.2,66,0.0,19.4,80,1012.6,100,12.5,15.8,168.0,3.7,64.0,2.4
2026-02-18 10:00:00,2026,2,18,10,Vĩnh Long,Xã An Ngãi Trung,10.0916931,106.5448581,39,Good,0,29.3,60,0.0,21.0,78,1012.7,100,12.6,16.2,161.0,2.6,72.0,2.3
2026-02-18 11:00:00,2026,2,18,11,Vĩnh Long,Xã An Ngãi Trung,10.0916931,106.5448581,39,Good,0,30.0,57,0.0,21.9,78,1012.2,99,12.2,15.9,157.0,1.9,78.0,2.0
2026-02-18 12:00:00,2026,2,18,12,Vĩnh Long,Xã An Ngãi Trung,10.0916931,106.5448581,40,Good,0,30.5,54,0.0,21.4,82,1011.0,100,11.6,15.1,155.0,1.4,82.0,1.5
2026-02-18 13:00:00,2026,2,18,13,Vĩnh Long,Xã An Ngãi Trung,10.0916931,106.5448581,40,Good,0,30.6,53,0.0,24.7,89,1011.1,100,11.1,14.5,155.0,1.1,86.0,1.2
2026-02-18 14:00:00,2026,2,18,14,Vĩnh Long,Xã An Ngãi Trung,10.0916931,106.5448581,40,Good,0,29.9,57,0.0,25.6,93,1010.2,100,11.0,14.3,158.0,1.1,89.0,1.2
2026-02-18 15:00:00,2026,2,18,15,Vĩnh Long,Xã An Ngãi Trung,10.0916931,106.5448581,41,Good,0,29.5,61,0.0,24.2,95,1009.6,100,10.9,14.1,163.0,1.3,90.0,1.3
2026-02-18 16:00:00,2026,2,18,16,Vĩnh Long,Xã An Ngãi Trung,10.0916931,106.5448581,41,Good,0,28.5,64,0.0,23.1,94,1009.2,100,10.9,14.0,168.0,1.7,90.0,1.4
2026-02-18 17:00:00,2026,2,18,17,Vĩnh Long,Xã An Ngãi Trung,10.0916931,106.5448581,41,Good,0,27.4,70,0.0,20.7,90,1009.0,100,11.6,14.6,171.0,2.6,88.0,1.6
2026-02-18 18:00:00,2026,2,18,18,Vĩnh Long,Xã An Ngãi Trung,10.0916931,106.5448581,42,Good,0,26.5,74,0.0,21.6,90,1009.3,24,12.5,15.3,174.0,3.6,85.0,1.8
2026-02-18 19:00:00,2026,2,18,19,Vĩnh Long,Xã An Ngãi Trung,10.0916931,106.5448581,43,Good,0,26.5,75,0.0,20.1,84,1009.8,41,12.8,15.9,178.0,4.4,83.0,2.0
2026-02-18 20:00:00,2026,2,18,20,Vĩnh Long,Xã An Ngãi Trung,10.0916931,106.5448581,43,Good,0,26.1,76,0.0,21.2,80,1010.6,3,13.0,15.9,183.0,4.3,81.0,1.9
2026-02-18 21:00:00,2026,2,18,21,Vĩnh Long,Xã An Ngãi Trung,10.0916931,106.5448581,44,Good,0,26.0,77,0.0,23.3,78,1011.4,88,12.5,15.1,190.0,4.1,78.0,1.7
2026-02-18 22:00:00,2026,2,18,22,Vĩnh Long,Xã An Ngãi Trung,10.0916931,106.5448581,44,Good,0,25.9,77,0.0,24.0,81,1011.7,70,11.5,13.9,195.0,4.0,76.0,1.6
2026-02-18 23:00:00,2026,2,18,23,Vĩnh Long,Xã An Ngãi Trung,10.0916931,106.5448581,45,Good,0,25.6,77,0.0,23.3,85,1012.0,98,10.5,12.6,199.0,4.0,74.0,1.5
2026-02-19 00:00:00,2026,2,19,0,Vĩnh Long,Xã An Ngãi Trung,10.0916931,106.5448581,45,Good,0,25.6,77,0.0,22.3,83,1011.8,23,9.5,11.5,203.0,4.1,73.0,1.4
2026-02-19 01:00:00,2026,2,19,1,Vĩnh Long,Xã An Ngãi Trung,10.0916931,106.5448581,45,Good,0,25.6,76,0.0,21.4,80,1011.3,94,9.0,10.9,205.0,4.3,72.0,1.3
2026-02-19 02:00:00,2026,2,19,2,Vĩnh Long,Xã An Ngãi Trung,10.0916931,106.5448581,45,Good,0,25.6,76,0.0,21.0,77,1010.9,95,8.7,10.6,204.0,4.5,71.0,1.3
2026-02-19 03:00:00,2026,2,19,3,Vĩnh Long,Xã An Ngãi Trung,10.0916931,106.5448581,45,Good,0,25.4,77,0.0,18.6,72,1010.6,37,8.7,10.7,201.0,4.7,70.0,1.4
2026-02-19 04:00:00,2026,2,19,4,Vĩnh Long,Xã An Ngãi Trung,10.0916931,106.5448581,45,Good,0,25.0,80,0.0,16.8,75,1010.8,16,8.7,10.7,202.0,5.0,69.0,1.5
2026-02-19 05:00:00,2026,2,19,5,Vĩnh Long,Xã An Ngãi Trung,10.0916931,106.5448581,45,Good,0,24.9,79,0.0,15.8,75,1011.1,99,8.7,10.7,211.0,5.6,67.0,1.7
2026-02-19 06:00:00,2026,2,19,6,Vĩnh Long,Xã An Ngãi Trung,10.0916931,106.5448581,46,Good,0,24.8,79,0.0,15.2,76,1011.6,98,8.8,10.7,223.0,6.3,65.0,2.0
2026-02-19 07:00:00,2026,2,19,7,Vĩnh Long,Xã An Ngãi Trung,10.0916931,106.5448581,46,Good,0,25.4,81,0.0,14.7,83,1012.7,98,8.6,10.6,230.0,5.1,70.0,1.7
2026-02-19 08:00:00,2026,2,19,8,Vĩnh Long,Xã An Ngãi Trung,10.0916931,106.5448581,45,Good,0,26.8,77,0.0,14.3,84,1013.4,92,9.4,11.6,226.0,4.4,76.0,1.8
2026-02-19 09:00:00,2026,2,19,9,Vĩnh Long,Xã An Ngãi Trung,10.0916931,106.5448581,45,Good,0,28.0,68,0.0,17.2,85,1014.2,86,9.3,11.8,217.0,3.4,85.0,2.0
2026-02-19 10:00:00,2026,2,19,10,Vĩnh Long,Xã An Ngãi Trung,10.0916931,106.5448581,44,Good,0,28.9,61,0.0,19.4,84,1014.2,98,9.1,11.9,210.0,2.5,92.0,2.0
2026-02-19 11:00:00,2026,2,19,11,Vĩnh Long,Xã An Ngãi Trung,10.0916931,106.5448581,44,Good,0,29.5,58,0.0,20.9,87,1013.8,100,8.6,11.2,206.0,1.9,96.0,1.7
2026-02-19 12:00:00,2026,2,19,12,Vĩnh Long,Xã An Ngãi Trung,10.0916931,106.5448581,43,Good,0,29.9,56,0.0,21.8,88,1013.1,100,7.8,10.3,204.0,1.4,97.0,1.4
2026-02-19 13:00:00,2026,2,19,13,Vĩnh Long,Xã An Ngãi Trung,10.0916931,106.5448581,42,Good,0,29.9,55,0.0,21.8,89,1012.7,100,7.4,9.7,203.0,1.2,99.0,1.1
2026-02-19 14:00:00,2026,2,19,14,Vĩnh Long,Xã An Ngãi Trung,10.0916931,106.5448581,42,Good,0,29.6,57,0.0,20.5,91,1011.6,100,7.5,9.7,203.0,1.2,101.0,1.1
2026-02-19 15:00:00,2026,2,19,15,Vĩnh Long,Xã An Ngãi Trung,10.0916931,106.5448581,42,Good,0,29.0,62,0.0,20.3,90,1011.2,100,8.0,10.4,205.0,1.4,103.0,1.2
2026-02-19 16:00:00,2026,2,19,16,Vĩnh Long,Xã An Ngãi Trung,10.0916931,106.5448581,43,Good,0,28.4,62,0.0,19.8,89,1010.7,100,8.6,11.1,207.0,1.9,104.0,1.4
2026-02-19 17:00:00,2026,2,19,17,Vĩnh Long,Xã An Ngãi Trung,10.0916931,106.5448581,45,Good,0,27.3,69,0.0,16.9,92,1010.7,97,9.3,11.8,209.0,2.9,102.0,1.7
2026-02-19 18:00:00,2026,2,19,18,Vĩnh Long,Xã An Ngãi Trung,10.0916931,106.5448581,46,Good,0,26.2,73,0.0,15.3,93,1011.2,27,10.3,12.9,212.0,4.2,99.0,2.0
2026-02-19 19:00:00,2026,2,19,19,Vĩnh Long,Xã An Ngãi Trung,10.0916931,106.5448581,46,Good,0,26.3,72,0.0,16.9,81,1011.3,94,12.0,15.1,213.0,5.5,94.0,2.3
2026-02-19 20:00:00,2026,2,19,20,Vĩnh Long,Xã An Ngãi Trung,10.0916931,106.5448581,46,Good,0,26.5,71,0.0,17.1,88,1012.4,94,11.2,14.1,212.0,5.2,93.0,2.2
2026-02-19 21:00:00,2026,2,19,21,Vĩnh Long,Xã An Ngãi Trung,10.0916931,106.5448581,46,Good,0,26.5,70,0.0,19.3,86,1012.9,95,10.7,13.5,210.0,4.9,92.0,2.0
2026-02-19 22:00:00,2026,2,19,22,Vĩnh Long,Xã An Ngãi Trung,10.0916931,106.5448581,46,Good,0,26.3,72,0.0,20.5,87,1013.1,97,10.5,13.2,208.0,4.7,90.0,1.9
2026-02-19 23:00:00,2026,2,19,23,Vĩnh Long,Xã An Ngãi Trung,10.0916931,106.5448581,45,Good,0,26.0,72,0.0,18.9,91,1013.0,70,10.6,13.3,207.0,4.8,88.0,1.7
2026-02-20 00:00:00,2026,2,20,0,Vĩnh Long,Xã An Ngãi Trung,10.0916931,106.5448581,44,Good,0,25.8,73,0.0,16.9,90,1013.0,78,10.5,13.1,207.0,5.0,86.0,1.5
2026-02-20 01:00:00,2026,2,20,1,Vĩnh Long,Xã An Ngãi Trung,10.0916931,106.5448581,43,Good,0,25.9,74,0.0,16.7,88,1012.5,84,10.6,13.0,209.0,5.5,83.0,1.5
2026-02-20 02:00:00,2026,2,20,2,Vĩnh Long,Xã An Ngãi Trung,10.0916931,106.5448581,42,Good,0,25.5,77,0.0,14.6,68,1012.1,98,10.8,13.1,214.0,6.1,80.0,1.7
2026-02-20 03:00:00,2026,2,20,3,Vĩnh Long,Xã An Ngãi Trung,10.0916931,106.5448581,41,Good,0,25.0,81,0.0,13.4,70,1011.8,98,11.2,13.5,222.0,7.0,76.0,2.0
2026-02-20 04:00:00,2026,2,20,4,Vĩnh Long,Xã An Ngãi Trung,10.0916931,106.5448581,40,Good,0,24.8,81,0.0,12.0,68,1011.6,99,12.0,14.3,229.0,8.3,72.0,2.7
2026-02-20 05:00:00,2026,2,20,5,Vĩnh Long,Xã An Ngãi Trung,10.0916931,106.5448581,40,Good,0,24.4,84,0.0,10.0,67,1012.0,99,13.1,15.4,237.0,11.0,64.0,4.0
2026-02-20 06:00:00,2026,2,20,6,Vĩnh Long,Xã An Ngãi Trung,10.0916931,106.5448581,41,Good,0,24.1,86,0.0,9.5,68,1012.8,99,15.1,17.4,246.0,14.2,56.0,5.7
2026-02-20 07:00:00,2026,2,20,7,Vĩnh Long,Xã An Ngãi Trung,10.0916931,106.5448581,42,Good,0,24.5,85,0.0,8.6,39,1013.4,100,23.8,26.5,250.0,18.8,50.0,8.4
2026-02-20 08:00:00,2026,2,20,8,Vĩnh Long,Xã An Ngãi Trung,10.0916931,106.5448581,45,Good,0,26.5,77,0.0,8.2,54,1014.1,9,22.3,25.8,246.0,15.1,67.0,8.0
2026-02-20 09:00:00,2026,2,20,9,Vĩnh Long,Xã An Ngãi Trung,10.0916931,106.5448581,47,Good,0,28.2,70,0.0,10.0,75,1014.8,76,20.7,25.1,238.0,9.9,90.0,7.3
2026-02-20 10:00:00,2026,2,20,10,Vĩnh Long,Xã An Ngãi Trung,10.0916931,106.5448581,49,Good,0,29.3,64,0.0,11.4,85,1014.7,99,20.0,24.9,229.0,5.7,108.0,6.4
2026-02-20 11:00:00,2026,2,20,11,Vĩnh Long,Xã An Ngãi Trung,10.0916931,106.5448581,50,Good,0,30.0,60,0.0,12.6,91,1014.0,98,18.1,22.6,219.0,3.5,116.0,4.9
2026-02-20 12:00:00,2026,2,20,12,Vĩnh Long,Xã An Ngãi Trung,10.0916931,106.5448581,51,Moderate,1,30.2,58,0.0,14.7,97,1013.2,99,15.7,20.0,209.0,2.2,118.0,3.2
2026-02-20 13:00:00,2026,2,20,13,Vĩnh Long,Xã An Ngãi Trung,10.0916931,106.5448581,52,Moderate,1,30.6,55,0.0,15.5,95,1012.5,8,13.6,17.6,204.0,1.5,118.0,1.9
2026-02-20 14:00:00,2026,2,20,14,Vĩnh Long,Xã An Ngãi Trung,10.0916931,106.5448581,52,Moderate,1,30.4,57,0.0,15.2,97,1011.4,2,12.1,15.8,208.0,1.2,117.0,1.3
2026-02-20 15:00:00,2026,2,20,15,Vĩnh Long,Xã An Ngãi Trung,10.0916931,106.5448581,53,Moderate,1,29.5,61,0.0,16.0,101,1010.5,1,11.2,14.7,217.0,1.4,113.0,1.2
2026-02-20 16:00:00,2026,2,20,16,Vĩnh Long,Xã An Ngãi Trung,10.0916931,106.5448581,53,Moderate,1,28.5,64,0.0,16.3,95,1009.9,0,11.1,14.5,224.0,1.9,110.0,1.3
2026-02-20 17:00:00,2026,2,20,17,Vĩnh Long,Xã An Ngãi Trung,10.0916931,106.5448581,56,Moderate,1,27.3,70,0.0,16.2,93,1010.0,0,11.7,15.1,227.0,3.0,108.0,1.6
2026-02-20 18:00:00,2026,2,20,18,Vĩnh Long,Xã An Ngãi Trung,10.0916931,106.5448581,60,Moderate,1,26.1,76,0.0,14.1,95,1010.6,0,13.1,16.5,228.0,4.5,105.0,2.1
2026-02-20 19:00:00,2026,2,20,19,Vĩnh Long,Xã An Ngãi Trung,10.0916931,106.5448581,59,Moderate,1,25.5,80,0.0,12.3,94,1010.9,50,13.0,16.2,227.0,4.9,105.0,2.2
2026-02-20 20:00:00,2026,2,20,20,Vĩnh Long,Xã An Ngãi Trung,10.0916931,106.5448581,57,Moderate,1,25.4,81,0.0,15.0,93,1011.4,47,13.0,16.2,223.0,5.1,102.0,2.2
2026-02-20 21:00:00,2026,2,20,21,Vĩnh Long,Xã An Ngãi Trung,10.0916931,106.5448581,54,Moderate,1,25.3,80,0.0,18.5,90,1011.8,23,12.9,15.9,217.0,5.4,99.0,2.3
2026-02-20 22:00:00,2026,2,20,22,Vĩnh Long,Xã An Ngãi Trung,10.0916931,106.5448581,54,Moderate,1,25.2,77,0.0,20.2,85,1011.7,0,12.6,15.5,213.0,5.6,95.0,2.2
2026-02-20 23:00:00,2026,2,20,23,Vĩnh Long,Xã An Ngãi Trung,10.0916931,106.5448581,55,Moderate,1,24.9,80,0.0,19.6,89,1011.2,0,12.0,15.0,212.0,5.6,91.0,2.0
2026-02-21 00:00:00,2026,2,21,0,Vĩnh Long,Xã An Ngãi Trung,10.0916931,106.5448581,55,Moderate,1,24.8,81,0.0,19.2,95,1010.8,0,11.5,14.3,212.0,5.4,88.0,1.7
2026-02-21 01:00:00,2026,2,21,1,Vĩnh Long,Xã An Ngãi Trung,10.0916931,106.5448581,55,Moderate,1,24.5,83,0.0,17.7,88,1010.1,16,11.3,13.9,213.0,5.3,85.0,1.5
2026-02-21 02:00:00,2026,2,21,2,Vĩnh Long,Xã An Ngãi Trung,10.0916931,106.5448581,55,Moderate,1,24.5,82,0.0,15.2,86,1010.0,100,11.3,13.9,212.0,5.1,83.0,1.4
2026-02-21 03:00:00,2026,2,21,3,Vĩnh Long,Xã An Ngãi Trung,10.0916931,106.5448581,55,Moderate,1,24.4,83,0.0,12.8,88,1009.8,77,11.4,14.1,212.0,4.9,82.0,1.3
2026-02-21 04:00:00,2026,2,21,4,Vĩnh Long,Xã An Ngãi Trung,10.0916931,106.5448581,55,Moderate,1,24.4,83,0.0,13.4,85,1009.6,54,11.4,14.1,216.0,5.0,81.0,1.4
2026-02-21 05:00:00,2026,2,21,5,Vĩnh Long,Xã An Ngãi Trung,10.0916931,106.5448581,55,Moderate,1,24.3,83,0.0,13.4,75,1009.9,12,11.5,14.1,228.0,5.8,78.0,1.7
2026-02-21 06:00:00,2026,2,21,6,Vĩnh Long,Xã An Ngãi Trung,10.0916931,106.5448581,55,Moderate,1,24.0,85,0.0,11.4,72,1010.2,9,11.8,14.5,245.0,6.9,74.0,2.1
2026-02-21 07:00:00,2026,2,21,7,Vĩnh Long,Xã An Ngãi Trung,10.0916931,106.5448581,54,Moderate,1,24.6,85,0.0,10.2,77,1011.2,9,16.5,19.6,254.0,9.1,71.0,3.2
2026-02-21 08:00:00,2026,2,21,8,Vĩnh Long,Xã An Ngãi Trung,10.0916931,106.5448581,54,Moderate,1,26.1,79,0.0,12.1,78,1011.9,18,16.4,20.0,250.0,7.8,80.0,3.5
2026-02-21 09:00:00,2026,2,21,9,Vĩnh Long,Xã An Ngãi Trung,10.0916931,106.5448581,53,Moderate,1,27.5,72,0.0,13.5,85,1012.5,20,16.8,20.8,239.0,6.0,92.0,4.0
2026-02-21 10:00:00,2026,2,21,10,Vĩnh Long,Xã An Ngãi Trung,10.0916931,106.5448581,53,Moderate,1,28.5,67,0.0,13.5,92,1012.3,2,17.8,22.4,231.0,4.4,104.0,4.1
2026-02-21 11:00:00,2026,2,21,11,Vĩnh Long,Xã An Ngãi Trung,10.0916931,106.5448581,53,Moderate,1,29.4,63,0.0,10.7,85,1011.3,15,17.4,21.9,230.0,3.2,114.0,3.7
2026-02-21 12:00:00,2026,2,21,12,Vĩnh Long,Xã An Ngãi Trung,10.0916931,106.5448581,53,Moderate,1,30.0,61,0.2,9.0,88,1009.9,20,16.1,19.6,231.0,2.2,124.0,3.0
2026-02-21 13:00:00,2026,2,21,13,Vĩnh Long,Xã An Ngãi Trung,10.0916931,106.5448581,53,Moderate,1,30.1,61,0.1,11.1,102,1008.9,64,15.7,18.7,231.0,1.6,129.0,2.4
2026-02-21 14:00:00,2026,2,21,14,Vĩnh Long,Xã An Ngãi Trung,10.0916931,106.5448581,53,Moderate,1,29.7,61,0.0,12.8,114,1008.0,20,15.0,17.9,227.0,1.4,127.0,2.0
2026-02-21 15:00:00,2026,2,21,15,Vĩnh Long,Xã An Ngãi Trung,10.0916931,106.5448581,53,Moderate,1,29.4,59,0.0,12.5,113,1007.2,44,14.1,16.9,221.0,1.6,120.0,1.8
2026-02-21 16:00:00,2026,2,21,16,Vĩnh Long,Xã An Ngãi Trung,10.0916931,106.5448581,56,Moderate,1,29.0,58,0.0,13.1,109,1006.8,94,12.9,15.7,219.0,2.2,113.0,1.7
2026-02-21 17:00:00,2026,2,21,17,Vĩnh Long,Xã An Ngãi Trung,10.0916931,106.5448581,63,Moderate,1,27.9,60,0.0,13.6,105,1007.2,98,11.7,15.1,226.0,3.4,105.0,1.9
2026-02-21 18:00:00,2026,2,21,18,Vĩnh Long,Xã An Ngãi Trung,10.0916931,106.5448581,66,Moderate,1,26.3,70,0.0,11.2,106,1007.4,100,11.5,14.8,237.0,4.9,96.0,2.3
2026-02-21 19:00:00,2026,2,21,19,Vĩnh Long,Xã An Ngãi Trung,10.0916931,106.5448581,64,Moderate,1,25.5,82,0.0,9.8,116,1008.0,100,10.0,12.5,244.0,5.5,91.0,2.3
2026-02-21 20:00:00,2026,2,21,20,Vĩnh Long,Xã An Ngãi Trung,10.0916931,106.5448581,59,Moderate,1,25.2,83,0.0,10.6,113,1008.6,99,11.6,14.3,244.0,5.5,92.0,2.5
2026-02-21 21:00:00,2026,2,21,21,Vĩnh Long,Xã An Ngãi Trung,10.0916931,106.5448581,53,Moderate,1,24.9,86,0.0,11.4,105,1009.1,100,12.3,15.1,239.0,5.5,92.0,2.7
2026-02-21 22:00:00,2026,2,21,22,Vĩnh Long,Xã An Ngãi Trung,10.0916931,106.5448581,53,Moderate,1,24.6,89,0.0,11.8,97,1009.5,100,12.4,15.4,233.0,5.6,92.0,2.8
2026-02-21 23:00:00,2026,2,21,23,Vĩnh Long,Xã An Ngãi Trung,10.0916931,106.5448581,53,Moderate,1,24.4,89,0.0,10.3,97,1009.3,100,12.2,15.4,224.0,5.6,90.0,2.5
2026-02-22 00:00:00,2026,2,22,0,Vĩnh Long,Xã An Ngãi Trung,10.0916931,106.5448581,53,Moderate,1,24.2,91,0.0,11.3,100,1009.3,100,11.9,15.0,214.0,5.7,86.0,2.1
2026-02-22 01:00:00,2026,2,22,1,Vĩnh Long,Xã An Ngãi Trung,10.0916931,106.5448581,53,Moderate,1,24.5,91,0.0,12.9,98,1008.5,100,12.3,15.4,206.0,6.0,82.0,1.8
2026-02-22 02:00:00,2026,2,22,2,Vĩnh Long,Xã An Ngãi Trung,10.0916931,106.5448581,53,Moderate,1,24.5,90,0.0,13.0,96,1007.8,100,13.4,16.5,201.0,6.7,78.0,1.8
2026-02-22 03:00:00,2026,2,22,3,Vĩnh Long,Xã An Ngãi Trung,10.0916931,106.5448581,53,Moderate,1,24.2,90,0.0,9.2,93,1007.6,100,14.5,17.6,199.0,7.6,75.0,2.0
2026-02-22 04:00:00,2026,2,22,4,Vĩnh Long,Xã An Ngãi Trung,10.0916931,106.5448581,53,Moderate,1,23.8,92,0.0,7.4,93,1007.5,100,15.2,18.4,203.0,8.6,71.0,2.4
2026-02-22 05:00:00,2026,2,22,5,Vĩnh Long,Xã An Ngãi Trung,10.0916931,106.5448581,54,Moderate,1,23.6,92,0.0,7.3,83,1007.7,100,15.8,19.0,219.0,10.3,66.0,3.1
2026-02-22 06:00:00,2026,2,22,6,Vĩnh Long,Xã An Ngãi Trung,10.0916931,106.5448581,54,Moderate,1,23.5,94,0.0,6.3,85,1008.4,100,16.7,19.8,240.0,12.2,60.0,4.0
2026-02-22 07:00:00,2026,2,22,7,Vĩnh Long,Xã An Ngãi Trung,10.0916931,106.5448581,55,Moderate,1,24.6,91,0.0,7.3,97,1009.4,54,23.1,27.0,250.0,12.9,60.0,4.5
2026-02-22 08:00:00,2026,2,22,8,Vĩnh Long,Xã An Ngãi Trung,10.0916931,106.5448581,55,Moderate,1,26.4,80,0.0,9.9,92,1010.2,25,17.4,21.9,237.0,9.8,70.0,3.7
2026-02-22 09:00:00,2026,2,22,9,Vĩnh Long,Xã An Ngãi Trung,10.0916931,106.5448581,55,Moderate,1,27.6,74,0.0,11.7,99,1010.6,20,15.1,19.7,212.0,5.4,83.0,2.7
2026-02-22 10:00:00,2026,2,22,10,Vĩnh Long,Xã An Ngãi Trung,10.0916931,106.5448581,55,Moderate,1,28.5,69,0.0,12.9,102,1010.6,16,14.9,19.6,194.0,2.2,94.0,1.9
2026-02-22 11:00:00,2026,2,22,11,Vĩnh Long,Xã An Ngãi Trung,10.0916931,106.5448581,55,Moderate,1,29.1,66,0.0,13.1,103,1009.9,16,16.2,21.0,190.0,1.2,101.0,1.6
2026-02-22 12:00:00,2026,2,22,12,Vĩnh Long,Xã An Ngãi Trung,10.0916931,106.5448581,55,Moderate,1,29.5,64,0.0,13.0,104,1008.9,17,16.8,20.9,191.0,1.3,106.0,1.6
2026-02-22 13:00:00,2026,2,22,13,Vĩnh Long,Xã An Ngãi Trung,10.0916931,106.5448581,55,Moderate,1,29.2,65,0.1,13.8,104,1008.0,34,16.9,20.8,193.0,1.5,109.0,1.6
2026-02-22 14:00:00,2026,2,22,14,Vĩnh Long,Xã An Ngãi Trung,10.0916931,106.5448581,55,Moderate,1,29.1,66,0.1,13.9,107,1007.0,18,16.5,20.1,191.0,1.4,108.0,1.5
2026-02-22 15:00:00,2026,2,22,15,Vĩnh Long,Xã An Ngãi Trung,10.0916931,106.5448581,55,Moderate,1,28.6,67,0.0,13.7,108,1006.4,12,15.9,19.5,190.0,1.4,105.0,1.3
2026-02-22 16:00:00,2026,2,22,16,Vĩnh Long,Xã An Ngãi Trung,10.0916931,106.5448581,55,Moderate,1,28.0,69,0.0,11.9,108,1005.9,9,14.4,18.2,192.0,2.0,100.0,1.4
2026-02-22 17:00:00,2026,2,22,17,Vĩnh Long,Xã An Ngãi Trung,10.0916931,106.5448581,55,Moderate,1,27.0,73,0.0,12.2,112,1006.1,2,13.2,17.1,201.0,3.6,93.0,1.9
2026-02-22 18:00:00,2026,2,22,18,Vĩnh Long,Xã An Ngãi Trung,10.0916931,106.5448581,56,Moderate,1,25.7,81,0.0,13.1,117,1006.7,13,13.1,16.8,214.0,5.8,84.0,2.6
2026-02-22 19:00:00,2026,2,22,19,Vĩnh Long,Xã An Ngãi Trung,10.0916931,106.5448581,56,Moderate,1,25.4,87,0.0,9.5,105,1006.9,5,17.2,21.0,224.0,7.7,71.0,3.1
2026-02-22 20:00:00,2026,2,22,20,Vĩnh Long,Xã An Ngãi Trung,10.0916931,106.5448581,56,Moderate,1,25.0,90,0.0,9.0,103,1007.7,5,15.8,19.6,229.0,7.6,71.0,3.3
2026-02-22 21:00:00,2026,2,22,21,Vĩnh Long,Xã An Ngãi Trung,10.0916931,106.5448581,57,Moderate,1,24.7,91,0.0,8.0,96,1008.2,5,15.8,19.4,231.0,7.6,70.0,3.5
2026-02-22 22:00:00,2026,2,22,22,Vĩnh Long,Xã An Ngãi Trung,10.0916931,106.5448581,57,Moderate,1,24.4,92,0.0,7.8,97,1008.6,27,15.9,19.4,228.0,7.4,70.0,3.6
2026-02-22 23:00:00,2026,2,22,23,Vĩnh Long,Xã An Ngãi Trung,10.0916931,106.5448581,57,Moderate,1,24.2,93,0.0,8.5,102,1009.0,98,15.5,18.9,218.0,7.1,70.0,3.3
2026-02-23 00:00:00,2026,2,23,0,Vĩnh Long,Xã An Ngãi Trung,10.0916931,106.5448581,58,Moderate,1,24.1,93,0.0,8.3,104,1008.9,100,14.6,17.9,205.0,6.7,71.0,2.7
2026-02-23 01:00:00,2026,2,23,1,Vĩnh Long,Xã An Ngãi Trung,10.0916931,106.5448581,58,Moderate,1,24.4,94,0.0,9.5,105,1008.6,100,14.0,17.3,194.0,6.5,71.0,2.3
2026-02-23 02:00:00,2026,2,23,2,Vĩnh Long,Xã An Ngãi Trung,10.0916931,106.5448581,58,Moderate,1,24.6,92,0.0,10.2,108,1008.1,98,13.9,17.2,189.0,6.5,70.0,2.1
2026-02-23 03:00:00,2026,2,23,3,Vĩnh Long,Xã An Ngãi Trung,10.0916931,106.5448581,58,Moderate,1,24.4,92,0.0,9.8,97,1007.7,87,13.9,17.2,186.0,6.5,68.0,2.0
2026-02-23 04:00:00,2026,2,23,4,Vĩnh Long,Xã An Ngãi Trung,10.0916931,106.5448581,58,Moderate,1,24.2,92,0.0,10.1,92,1007.5,22,13.9,17.2,187.0,6.8,66.0,2.1
2026-02-23 05:00:00,2026,2,23,5,Vĩnh Long,Xã An Ngãi Trung,10.0916931,106.5448581,58,Moderate,1,24.2,91,0.0,11.4,93,1007.8,91,14.1,17.5,193.0,7.6,63.0,2.5
2026-02-23 06:00:00,2026,2,23,6,Vĩnh Long,Xã An Ngãi Trung,10.0916931,106.5448581,58,Moderate,1,24.4,89,0.0,12.8,94,1008.7,99,14.3,17.9,203.0,8.6,60.0,3.0
2026-02-23 07:00:00,2026,2,23,7,Vĩnh Long,Xã An Ngãi Trung,10.0916931,106.5448581,57,Moderate,1,25.4,85,0.0,12.9,97,1009.2,68,16.9,21.5,206.0,7.5,63.0,2.7
2026-02-23 08:00:00,2026,2,23,8,Vĩnh Long,Xã An Ngãi Trung,10.0916931,106.5448581,57,Moderate,1,26.9,75,0.0,16.4,94,1010.1,48,15.9,20.8,197.0,5.9,70.0,2.4
2026-02-23 09:00:00,2026,2,23,9,Vĩnh Long,Xã An Ngãi Trung,10.0916931,106.5448581,57,Moderate,1,28.1,67,0.0,17.6,91,1011.0,79,16.1,20.8,182.0,3.7,80.0,2.0
2026-02-23 10:00:00,2026,2,23,10,Vĩnh Long,Xã An Ngãi Trung,10.0916931,106.5448581,57,Moderate,1,29.0,61,0.0,18.2,91,1011.3,20,16.2,20.7,172.0,2.0,88.0,1.7
2026-02-23 11:00:00,2026,2,23,11,Vĩnh Long,Xã An Ngãi Trung,10.0916931,106.5448581,57,Moderate,1,29.6,57,0.0,16.6,92,1010.6,5,15.9,20.1,171.0,1.3,92.0,1.5
2026-02-23 12:00:00,2026,2,23,12,Vĩnh Long,Xã An Ngãi Trung,10.0916931,106.5448581,57,Moderate,1,30.0,54,0.0,16.5,96,1009.6,0,15.1,19.0,174.0,1.1,94.0,1.4
2026-02-23 13:00:00,2026,2,23,13,Vĩnh Long,Xã An Ngãi Trung,10.0916931,106.5448581,57,Moderate,1,29.9,55,0.0,16.9,102,1009.1,0,14.3,17.9,176.0,1.1,95.0,1.3
2026-02-23 14:00:00,2026,2,23,14,Vĩnh Long,Xã An Ngãi Trung,10.0916931,106.5448581,57,Moderate,1,29.6,54,0.0,13.9,109,1008.0,2,13.2,16.6,175.0,1.0,94.0,1.2
2026-02-23 15:00:00,2026,2,23,15,Vĩnh Long,Xã An Ngãi Trung,10.0916931,106.5448581,56,Moderate,1,29.5,52,0.0,12.9,111,1007.3,2,12.3,15.7,174.0,1.1,92.0,1.2
2026-02-23 16:00:00,2026,2,23,16,Vĩnh Long,Xã An Ngãi Trung,10.0916931,106.5448581,56,Moderate,1,28.7,56,0.0,13.1,113,1006.9,19,11.8,15.3,176.0,1.7,89.0,1.4
2026-02-23 17:00:00,2026,2,23,17,Vĩnh Long,Xã An Ngãi Trung,10.0916931,106.5448581,56,Moderate,1,27.2,65,0.0,14.3,118,1006.9,2,11.7,15.3,186.0,3.3,85.0,1.9
2026-02-23 18:00:00,2026,2,23,18,Vĩnh Long,Xã An Ngãi Trung,10.0916931,106.5448581,56,Moderate,1,25.7,74,0.0,12.3,119,1007.3,45,12.7,16.2,201.0,5.4,80.0,2.5
2026-02-23 19:00:00,2026,2,23,19,Vĩnh Long,Xã An Ngãi Trung,10.0916931,106.5448581,56,Moderate,1,25.2,84,0.0,7.4,124,1008.2,59,15.1,18.9,210.0,6.9,75.0,2.9
2026-02-23 20:00:00,2026,2,23,20,Vĩnh Long,Xã An Ngãi Trung,10.0916931,106.5448581,55,Moderate,1,24.9,87,0.0,8.0,126,1008.5,68,15.8,19.7,211.0,6.7,76.0,2.9
2026-02-23 21:00:00,2026,2,23,21,Vĩnh Long,Xã An Ngãi Trung,10.0916931,106.5448581,55,Moderate,1,24.8,87,0.0,11.0,108,1009.0,100,15.9,19.8,207.0,6.3,77.0,3.0
2026-02-23 22:00:00,2026,2,23,22,Vĩnh Long,Xã An Ngãi Trung,10.0916931,106.5448581,55,Moderate,1,24.7,88,0.0,12.2,98,1009.4,100,15.6,19.5,202.0,6.1,78.0,2.9
2026-02-23 23:00:00,2026,2,23,23,Vĩnh Long,Xã An Ngãi Trung,10.0916931,106.5448581,55,Moderate,1,24.5,89,0.0,11.5,94,1009.4,100,15.3,19.1,195.0,6.2,77.0,2.7
2026-02-24 00:00:00,2026,2,24,0,Vĩnh Long,Xã An Ngãi Trung,10.0916931,106.5448581,55,Moderate,1,24.4,89,0.0,11.3,91,1008.9,98,14.8,18.6,186.0,6.3,75.0,2.4
2026-02-24 01:00:00,2026,2,24,1,Vĩnh Long,Xã An Ngãi Trung,10.0916931,106.5448581,55,Moderate,1,24.5,89,0.0,10.9,98,1008.3,100,14.5,18.2,180.0,6.4,73.0,2.1
2026-02-24 02:00:00,2026,2,24,2,Vĩnh Long,Xã An Ngãi Trung,10.0916931,106.5448581,55,Moderate,1,24.5,88,0.0,10.7,99,1007.8,100,13.8,17.3,177.0,6.2,72.0,1.9
2026-02-24 03:00:00,2026,2,24,3,Vĩnh Long,Xã An Ngãi Trung,10.0916931,106.5448581,55,Moderate,1,24.4,88,0.0,11.5,104,1007.8,100,13.1,16.6,176.0,6.0,71.0,1.8
2026-02-24 04:00:00,2026,2,24,4,Vĩnh Long,Xã An Ngãi Trung,10.0916931,106.5448581,55,Moderate,1,24.3,88,0.0,12.4,103,1008.1,100,12.7,16.2,179.0,5.8,70.0,1.8
2026-02-24 05:00:00,2026,2,24,5,Vĩnh Long,Xã An Ngãi Trung,10.0916931,106.5448581,55,Moderate,1,24.2,89,0.0,10.8,100,1008.6,100,12.5,16.0,191.0,6.0,68.0,2.0
2026-02-24 06:00:00,2026,2,24,6,Vĩnh Long,Xã An Ngãi Trung,10.0916931,106.5448581,55,Moderate,1,24.1,89,0.0,10.0,98,1009.5,100,12.5,15.9,207.0,6.3,66.0,2.3
2026-02-24 07:00:00,2026,2,24,7,Vĩnh Long,Xã An Ngãi Trung,10.0916931,106.5448581,55,Moderate,1,25.2,85,0.0,13.8,99,1010.1,100,13.7,17.3,215.0,6.3,67.0,2.5
2026-02-24 08:00:00,2026,2,24,8,Vĩnh Long,Xã An Ngãi Trung,10.0916931,106.5448581,55,Moderate,1,26.5,76,0.0,18.6,100,1010.8,100,13.0,17.3,205.0,4.9,73.0,2.2
2026-02-24 09:00:00,2026,2,24,9,Vĩnh Long,Xã An Ngãi Trung,10.0916931,106.5448581,54,Moderate,1,27.6,70,0.0,19.1,101,1011.4,74,11.8,15.9,187.0,3.0,81.0,1.7
2026-02-24 10:00:00,2026,2,24,10,Vĩnh Long,Xã An Ngãi Trung,10.0916931,106.5448581,54,Moderate,1,28.5,66,0.0,17.9,100,1011.7,96,11.8,15.9,173.0,1.6,88.0,1.3
2026-02-24 11:00:00,2026,2,24,11,Vĩnh Long,Xã An Ngãi Trung,10.0916931,106.5448581,54,Moderate,1,29.4,61,0.0,16.8,100,1011.2,100,11.7,15.8,168.0,1.0,91.0,1.1
2026-02-24 12:00:00,2026,2,24,12,Vĩnh Long,Xã An Ngãi Trung,10.0916931,106.5448581,53,Moderate,1,29.6,60,0.0,16.3,103,1010.4,100,11.7,15.8,168.0,0.9,92.0,1.0
2026-02-24 13:00:00,2026,2,24,13,Vĩnh Long,Xã An Ngãi Trung,10.0916931,106.5448581,53,Moderate,1,29.4,61,0.0,14.7,101,1009.8,58,11.5,15.4,168.0,1.0,92.0,1.0
2026-02-24 14:00:00,2026,2,24,14,Vĩnh Long,Xã An Ngãi Trung,10.0916931,106.5448581,53,Moderate,1,29.1,60,0.0,13.2,104,1008.5,99,11.4,15.1,168.0,1.0,90.0,1.0
2026-02-24 15:00:00,2026,2,24,15,Vĩnh Long,Xã An Ngãi Trung,10.0916931,106.5448581,53,Moderate,1,28.9,61,0.0,12.2,112,1007.9,98,11.4,15.0,168.0,1.3,87.0,1.1
2026-02-24 16:00:00,2026,2,24,16,Vĩnh Long,Xã An Ngãi Trung,10.0916931,106.5448581,52,Moderate,1,28.1,65,0.0,12.3,119,1007.9,99,11.6,15.1,173.0,2.0,83.0,1.3
2026-02-24 17:00:00,2026,2,24,17,Vĩnh Long,Xã An Ngãi Trung,10.0916931,106.5448581,52,Moderate,1,27.1,68,0.0,10.6,116,1007.8,100,11.9,15.4,186.0,3.8,79.0,1.9
2026-02-24 18:00:00,2026,2,24,18,Vĩnh Long,Xã An Ngãi Trung,10.0916931,106.5448581,52,Moderate,1,26.0,75,0.0,10.9,119,1008.1,100,12.8,16.2,203.0,6.2,74.0,2.6
2026-02-24 19:00:00,2026,2,24,19,Vĩnh Long,Xã An Ngãi Trung,10.0916931,106.5448581,52,Moderate,1,25.5,85,0.0,9.4,121,1008.4,100,19.2,23.5,212.0,8.4,68.0,3.3
2026-02-24 20:00:00,2026,2,24,20,Vĩnh Long,Xã An Ngãi Trung,10.0916931,106.5448581,53,Moderate,1,25.3,87,0.0,9.6,120,1009.4,100,19.3,23.4,206.0,8.2,69.0,3.4
2026-02-24 21:00:00,2026,2,24,21,Vĩnh Long,Xã An Ngãi Trung,10.0916931,106.5448581,53,Moderate,1,25.1,88,0.0,10.4,108,1010.0,100,19.3,23.3,193.0,8.0,71.0,3.5
2026-02-24 22:00:00,2026,2,24,22,Vĩnh Long,Xã An Ngãi Trung,10.0916931,106.5448581,53,Moderate,1,25.0,88,0.0,12.1,110,1010.9,100,18.9,22.9,182.0,7.6,72.0,3.4
2026-02-24 23:00:00,2026,2,24,23,Vĩnh Long,Xã An Ngãi Trung,10.0916931,106.5448581,54,Moderate,1,25.0,88,0.0,12.1,110,1011.1,100,18.0,22.1,177.0,6.9,73.0,3.0
2026-02-25 00:00:00,2026,2,25,0,Vĩnh Long,Xã An Ngãi Trung,10.0916931,106.5448581,54,Moderate,1,24.9,88,0.0,10.8,111,1010.4,100,16.6,20.5,175.0,6.1,74.0,2.4
2026-02-25 01:00:00,2026,2,25,1,Vĩnh Long,Xã An Ngãi Trung,10.0916931,106.5448581,54,Moderate,1,24.8,90,0.0,9.2,113,1010.0,100,15.5,19.3,173.0,5.6,74.0,2.0
2026-02-25 02:00:00,2026,2,25,2,Vĩnh Long,Xã An Ngãi Trung,10.0916931,106.5448581,54,Moderate,1,24.8,90,0.0,10.3,106,1009.8,100,15.3,18.9,170.0,5.7,71.0,1.9
2026-02-25 03:00:00,2026,2,25,3,Vĩnh Long,Xã An Ngãi Trung,10.0916931,106.5448581,54,Moderate,1,24.5,91,0.0,10.6,111,1009.3,100,15.4,18.9,167.0,6.1,67.0,1.9
2026-02-25 04:00:00,2026,2,25,4,Vĩnh Long,Xã An Ngãi Trung,10.0916931,106.5448581,55,Moderate,1,24.2,92,0.0,9.2,106,1009.5,98,15.4,18.8,169.0,6.5,64.0,2.0
2026-02-25 05:00:00,2026,2,25,5,Vĩnh Long,Xã An Ngãi Trung,10.0916931,106.5448581,55,Moderate,1,24.2,92,0.0,8.1,95,1009.8,99,15.2,18.5,181.0,7.2,61.0,2.4
2026-02-25 06:00:00,2026,2,25,6,Vĩnh Long,Xã An Ngãi Trung,10.0916931,106.5448581,55,Moderate,1,23.9,94,0.0,7.2,91,1010.4,98,15.5,18.8,197.0,7.9,58.0,2.9
2026-02-25 07:00:00,2026,2,25,7,Vĩnh Long,Xã An Ngãi Trung,10.0916931,106.5448581,55,Moderate,1,25.1,89,0.0,8.6,92,1010.7,98,17.8,21.1,205.0,8.4,56.0,3.3
2026-02-25 08:00:00,2026,2,25,8,Vĩnh Long,Xã An Ngãi Trung,10.0916931,106.5448581,56,Moderate,1,26.7,79,0.0,10.5,95,1011.3,93,15.0,19.4,195.0,6.4,63.0,2.7
2026-02-25 09:00:00,2026,2,25,9,Vĩnh Long,Xã An Ngãi Trung,10.0916931,106.5448581,56,Moderate,1,28.0,71,0.0,11.4,93,1011.7,95,13.1,17.5,177.0,3.7,72.0,2.0
2026-02-25 10:00:00,2026,2,25,10,Vĩnh Long,Xã An Ngãi Trung,10.0916931,106.5448581,56,Moderate,1,29.0,66,0.0,13.2,95,1011.6,55,12.4,16.5,162.0,1.7,79.0,1.4
2026-02-25 11:00:00,2026,2,25,11,Vĩnh Long,Xã An Ngãi Trung,10.0916931,106.5448581,56,Moderate,1,29.8,62,0.0,13.0,96,1010.9,83,12.3,16.4,156.0,1.2,83.0,1.2
2026-02-25 12:00:00,2026,2,25,12,Vĩnh Long,Xã An Ngãi Trung,10.0916931,106.5448581,56,Moderate,1,30.1,60,0.0,14.8,100,1009.9,100,12.3,16.2,154.0,1.4,85.0,1.3
2026-02-25 13:00:00,2026,2,25,13,Vĩnh Long,Xã An Ngãi Trung,10.0916931,106.5448581,56,Moderate,1,28.8,62,0.0,14.1,94,1009.5,100,12.4,16.1,154.0,1.8,85.0,1.4
2026-02-25 14:00:00,2026,2,25,14,Vĩnh Long,Xã An Ngãi Trung,10.0916931,106.5448581,56,Moderate,1,29.1,60,0.0,13.4,116,1008.4,100,12.5,16.0,156.0,2.1,83.0,1.5
2026-02-25 15:00:00,2026,2,25,15,Vĩnh Long,Xã An Ngãi Trung,10.0916931,106.5448581,56,Moderate,1,27.5,67,0.0,11.6,127,1008.0,100,12.5,15.8,161.0,2.4,78.0,1.6
2026-02-25 16:00:00,2026,2,25,16,Vĩnh Long,Xã An Ngãi Trung,10.0916931,106.5448581,56,Moderate,1,27.5,69,0.0,9.7,135,1007.4,100,12.8,15.9,164.0,3.0,74.0,1.7
2026-02-25 17:00:00,2026,2,25,17,Vĩnh Long,Xã An Ngãi Trung,10.0916931,106.5448581,57,Moderate,1,26.9,72,0.0,11.9,121,1007.7,100,13.6,16.8,166.0,3.9,71.0,1.9
2026-02-25 18:00:00,2026,2,25,18,Vĩnh Long,Xã An Ngãi Trung,10.0916931,106.5448581,57,Moderate,1,25.6,81,0.0,13.8,129,1008.3,100,14.5,17.5,167.0,5.0,67.0,2.3
2026-02-25 19:00:00,2026,2,25,19,Vĩnh Long,Xã An Ngãi Trung,10.0916931,106.5448581,57,Moderate,1,25.5,86,0.0,10.4,132,1008.4,100,15.1,16.9,167.0,6.5,61.0,2.7
2026-02-25 20:00:00,2026,2,25,20,Vĩnh Long,Xã An Ngãi Trung,10.0916931,106.5448581,56,Moderate,1,25.4,83,0.0,12.5,115,1009.0,82,15.4,16.9,165.0,7.2,58.0,3.0
2026-02-25 21:00:00,2026,2,25,21,Vĩnh Long,Xã An Ngãi Trung,10.0916931,106.5448581,56,Moderate,1,25.1,80,0.0,13.3,106,1009.3,84,16.3,17.6,162.0,8.1,54.0,3.4
2026-02-25 22:00:00,2026,2,25,22,Vĩnh Long,Xã An Ngãi Trung,10.0916931,106.5448581,56,Moderate,1,25.4,79,0.0,14.4,105,1009.1,95,17.5,18.7,160.0,8.6,51.0,3.5
2026-02-25 23:00:00,2026,2,25,23,Vĩnh Long,Xã An Ngãi Trung,10.0916931,106.5448581,56,Moderate,1,25.2,83,0.0,11.3,91,1009.5,100,16.8,18.7,158.0,8.2,52.0,3.1
2026-02-26 00:00:00,2026,2,26,0,Vĩnh Long,Xã An Ngãi Trung,10.0916931,106.5448581,56,Moderate,1,25.5,84,0.0,10.4,118,1009.8,100,15.2,17.3,157.0,7.3,54.0,2.5
2026-02-26 01:00:00,2026,2,26,1,Vĩnh Long,Xã An Ngãi Trung,10.0916931,106.5448581,55,Moderate,1,25.1,85,0.7,12.0,108,1009.1,100,14.3,16.9,156.0,6.5,56.0,2.0
2026-02-26 02:00:00,2026,2,26,2,Vĩnh Long,Xã An Ngãi Trung,10.0916931,106.5448581,55,Moderate,1,24.9,90,0.5,12.4,116,1008.9,100,13.5,16.0,153.0,5.8,57.0,1.7
2026-02-26 03:00:00,2026,2,26,3,Vĩnh Long,Xã An Ngãi Trung,10.0916931,106.5448581,55,Moderate,1,24.8,92,0.4,12.2,118,1008.6,100,12.7,14.8,150.0,5.3,57.0,1.6
2026-02-26 04:00:00,2026,2,26,4,Vĩnh Long,Xã An Ngãi Trung,10.0916931,106.5448581,55,Moderate,1,24.4,95,1.2,11.3,124,1008.4,100,11.0,12.6,152.0,5.3,57.0,1.6
2026-02-26 05:00:00,2026,2,26,5,Vĩnh Long,Xã An Ngãi Trung,10.0916931,106.5448581,55,Moderate,1,24.1,94,0.9,10.0,113,1008.9,100,10.9,12.3,163.0,6.6,55.0,2.0
2026-02-26 06:00:00,2026,2,26,6,Vĩnh Long,Xã An Ngãi Trung,10.0916931,106.5448581,54,Moderate,1,24.0,93,1.6,9.7,89,1009.3,100,11.7,13.2,179.0,8.5,53.0,2.6
2026-02-26 07:00:00,2026,2,26,7,Vĩnh Long,Xã An Ngãi Trung,10.0916931,106.5448581,54,Moderate,1,24.1,93,0.6,14.8,80,1009.4,100,17.6,18.0,190.0,12.8,39.0,4.0
2026-02-26 08:00:00,2026,2,26,8,Vĩnh Long,Xã An Ngãi Trung,10.0916931,106.5448581,54,Moderate,1,24.6,92,0.3,15.5,75,1009.9,100,16.4,16.6,189.0,11.7,45.0,3.9
2026-02-26 09:00:00,2026,2,26,9,Vĩnh Long,Xã An Ngãi Trung,10.0916931,106.5448581,54,Moderate,1,24.7,92,2.1,14.0,62,1010.3,100,11.6,12.0,183.0,10.3,53.0,3.7
2026-02-26 10:00:00,2026,2,26,10,Vĩnh Long,Xã An Ngãi Trung,10.0916931,106.5448581,54,Moderate,1,24.5,94,5.7,10.0,49,1010.7,100,11.5,12.1,179.0,8.8,62.0,3.6
2026-02-26 11:00:00,2026,2,26,11,Vĩnh Long,Xã An Ngãi Trung,10.0916931,106.5448581,54,Moderate,1,24.9,92,2.1,6.7,46,1010.3,100,11.4,12.5,184.0,7.5,74.0,3.8
2026-02-26 12:00:00,2026,2,26,12,Vĩnh Long,Xã An Ngãi Trung,10.0916931,106.5448581,54,Moderate,1,25.7,90,0.9,9.1,52,1009.0,100,12.3,13.6,191.0,6.3,87.0,4.1
2026-02-26 13:00:00,2026,2,26,13,Vĩnh Long,Xã An Ngãi Trung,10.0916931,106.5448581,54,Moderate,1,24.8,87,0.7,18.1,77,1007.8,100,13.5,15.1,194.0,5.2,96.0,4.2
2026-02-26 14:00:00,2026,2,26,14,Vĩnh Long,Xã An Ngãi Trung,10.0916931,106.5448581,54,Moderate,1,25.4,88,1.1,16.2,78,1006.6,98,13.8,15.5,187.0,4.2,97.0,3.7
2026-02-26 15:00:00,2026,2,26,15,Vĩnh Long,Xã An Ngãi Trung,10.0916931,106.5448581,54,Moderate,1,25.2,93,2.3,15.3,72,1005.9,100,9.8,11.2,175.0,3.4,94.0,2.9
2026-02-26 16:00:00,2026,2,26,16,Vĩnh Long,Xã An Ngãi Trung,10.0916931,106.5448581,54,Moderate,1,24.9,92,0.7,14.8,87,1005.5,100,7.5,8.8,166.0,3.4,89.0,2.4
2026-02-26 17:00:00,2026,2,26,17,Vĩnh Long,Xã An Ngãi Trung,10.0916931,106.5448581,53,Moderate,1,24.9,93,0.3,11.9,84,1006.0,100,8.7,9.6,164.0,5.1,81.0,2.4
2026-02-26 18:00:00,2026,2,26,18,Vĩnh Long,Xã An Ngãi Trung,10.0916931,106.5448581,53,Moderate,1,24.4,95,0.7,9.9,80,1006.3,100,9.8,11.1,165.0,7.5,70.0,2.7
2026-02-26 19:00:00,2026,2,26,19,Vĩnh Long,Xã An Ngãi Trung,10.0916931,106.5448581,52,Moderate,1,24.4,95,0.9,9.0,75,1007.0,99,11.1,12.4,166.0,9.0,58.0,3.1
2026-02-26 20:00:00,2026,2,26,20,Vĩnh Long,Xã An Ngãi Trung,10.0916931,106.5448581,52,Moderate,1,24.7,92,0.7,9.9,71,1007.4,100,10.8,12.2,165.0,8.8,56.0,3.0
2026-02-26 21:00:00,2026,2,26,21,Vĩnh Long,Xã An Ngãi Trung,10.0916931,106.5448581,52,Moderate,1,24.5,94,0.4,10.7,83,1007.9,100,10.4,11.7,164.0,8.6,52.0,2.8
2026-02-26 22:00:00,2026,2,26,22,Vĩnh Long,Xã An Ngãi Trung,10.0916931,106.5448581,51,Moderate,1,24.5,93,0.1,11.3,83,1008.2,100,10.1,11.4,162.0,8.3,50.0,2.6
2026-02-26 23:00:00,2026,2,26,23,Vĩnh Long,Xã An Ngãi Trung,10.0916931,106.5448581,50,Good,0,24.5,94,0.1,12.7,83,1008.2,100,9.9,11.4,157.0,8.0,49.0,2.4
2026-02-27 00:00:00,2026,2,27,0,Vĩnh Long,Xã An Ngãi Trung,10.0916931,106.5448581,50,Good,0,24.5,94,0.0,12.5,85,1007.8,100,9.1,10.7,151.0,7.5,49.0,2.2
2026-02-27 01:00:00,2026,2,27,1,Vĩnh Long,Xã An Ngãi Trung,10.0916931,106.5448581,49,Good,0,24.5,95,0.0,10.2,81,1007.0,100,8.7,10.2,146.0,7.0,49.0,2.0
2026-02-27 02:00:00,2026,2,27,2,Vĩnh Long,Xã An Ngãi Trung,10.0916931,106.5448581,48,Good,0,24.5,95,0.0,12.0,78,1006.5,100,8.5,10.2,141.0,6.2,49.0,1.8
2026-02-27 03:00:00,2026,2,27,3,Vĩnh Long,Xã An Ngãi Trung,10.0916931,106.5448581,47,Good,0,24.2,93,2.2,9.2,79,1006.4,98,7.8,9.5,137.0,5.2,48.0,1.6
2026-02-27 04:00:00,2026,2,27,4,Vĩnh Long,Xã An Ngãi Trung,10.0916931,106.5448581,46,Good,0,24.5,93,0.5,8.8,91,1006.4,68,7.8,9.5,141.0,4.6,48.0,1.5
2026-02-27 05:00:00,2026,2,27,5,Vĩnh Long,Xã An Ngãi Trung,10.0916931,106.5448581,45,Good,0,24.1,95,0.6,8.6,89,1006.7,86,7.8,9.5,161.0,4.7,47.0,1.7
2026-02-27 06:00:00,2026,2,27,6,Vĩnh Long,Xã An Ngãi Trung,10.0916931,106.5448581,45,Good,0,23.8,94,1.8,8.7,98,1007.6,96,7.5,9.1,188.0,5.2,46.0,2.0
2026-02-27 07:00:00,2026,2,27,7,Vĩnh Long,Xã An Ngãi Trung,10.0916931,106.5448581,44,Good,0,24.1,94,0.5,8.7,94,1008.4,100,11.3,12.9,203.0,7.5,41.0,2.7
2026-02-27 08:00:00,2026,2,27,8,Vĩnh Long,Xã An Ngãi Trung,10.0916931,106.5448581,43,Good,0,25.2,90,0.2,10.2,99,1009.1,100,9.4,11.2,195.0,6.2,46.0,2.6
2026-02-27 09:00:00,2026,2,27,9,Vĩnh Long,Xã An Ngãi Trung,10.0916931,106.5448581,42,Good,0,25.1,88,1.7,13.0,100,1009.4,100,8.1,10.1,175.0,4.4,54.0,2.6
2026-02-27 10:00:00,2026,2,27,10,Vĩnh Long,Xã An Ngãi Trung,10.0916931,106.5448581,41,Good,0,25.9,86,0.4,12.8,86,1009.9,99,8.2,10.4,158.0,3.0,60.0,2.4
2026-02-27 11:00:00,2026,2,27,11,Vĩnh Long,Xã An Ngãi Trung,10.0916931,106.5448581,41,Good,0,26.4,86,0.2,12.2,99,1009.3,88,6.3,8.4,150.0,2.4,63.0,2.1
2026-02-27 12:00:00,2026,2,27,12,Vĩnh Long,Xã An Ngãi Trung,10.0916931,106.5448581,40,Good,0,27.6,79,0.2,14.4,114,1007.8,77,5.3,6.9,146.0,2.1,64.0,1.7
2026-02-27 13:00:00,2026,2,27,13,Vĩnh Long,Xã An Ngãi Trung,10.0916931,106.5448581,38,Good,0,27.4,77,0.1,13.1,109,1007.2,100,5.8,7.4,144.0,2.1,65.0,1.4
2026-02-27 14:00:00,2026,2,27,14,Vĩnh Long,Xã An Ngãi Trung,10.0916931,106.5448581,37,Good,0,26.9,80,1.3,12.2,121,1006.1,44,7.7,9.3,144.0,2.1,67.0,1.4
2026-02-27 15:00:00,2026,2,27,15,Vĩnh Long,Xã An Ngãi Trung,10.0916931,106.5448581,36,Good,0,27.2,80,0.2,11.1,124,1005.6,100,6.6,8.2,146.0,2.4,68.0,1.5
2026-02-27 16:00:00,2026,2,27,16,Vĩnh Long,Xã An Ngãi Trung,10.0916931,106.5448581,35,Good,0,26.6,82,0.1,9.6,111,1005.1,80,7.0,8.6,154.0,3.3,67.0,1.8
2026-02-27 17:00:00,2026,2,27,17,Vĩnh Long,Xã An Ngãi Trung,10.0916931,106.5448581,35,Good,0,25.6,84,1.5,9.6,107,1005.7,75,8.2,9.9,173.0,5.3,63.0,2.4
2026-02-27 18:00:00,2026,2,27,18,Vĩnh Long,Xã An Ngãi Trung,10.0916931,106.5448581,35,Good,0,25.0,88,0.3,8.8,86,1006.4,76,10.1,11.6,199.0,7.9,57.0,3.1
2026-02-27 19:00:00,2026,2,27,19,Vĩnh Long,Xã An Ngãi Trung,10.0916931,106.5448581,35,Good,0,24.6,92,0.1,6.8,79,1006.4,100,17.9,19.4,215.0,15.0,44.0,5.5
2026-02-27 20:00:00,2026,2,27,20,Vĩnh Long,Xã An Ngãi Trung,10.0916931,106.5448581,37,Good,0,24.4,94,0.0,6.6,69,1007.4,41,15.5,16.9,216.0,13.6,45.0,5.2
2026-02-27 21:00:00,2026,2,27,21,Vĩnh Long,Xã An Ngãi Trung,10.0916931,106.5448581,37,Good,0,24.0,95,0.0,5.2,70,1007.7,26,14.5,15.9,208.0,11.8,46.0,4.8
2026-02-27 22:00:00,2026,2,27,22,Vĩnh Long,Xã An Ngãi Trung,10.0916931,106.5448581,38,Good,0,24.1,94,0.0,5.5,81,1008.3,43,14.9,16.4,198.0,10.6,46.0,4.4
2026-02-27 23:00:00,2026,2,27,23,Vĩnh Long,Xã An Ngãi Trung,10.0916931,106.5448581,39,Good,0,24.1,94,0.0,7.2,90,1008.7,36,15.0,16.5,187.0,10.8,44.0,4.1
2026-02-28 00:00:00,2026,2,28,0,Vĩnh Long,Xã An Ngãi Trung,10.0916931,106.5448581,40,Good,0,24.0,95,0.0,7.0,94,1008.3,20,16.2,17.8,174.0,11.6,42.0,3.7
2026-02-28 01:00:00,2026,2,28,1,Vĩnh Long,Xã An Ngãi Trung,10.0916931,106.5448581,41,Good,0,23.8,94,0.0,4.8,103,1007.8,41,18.3,19.9,165.0,12.2,40.0,3.5
2026-02-28 02:00:00,2026,2,28,2,Vĩnh Long,Xã An Ngãi Trung,10.0916931,106.5448581,43,Good,0,23.5,95,0.0,4.9,98,1006.6,34,18.9,20.4,163.0,12.4,38.0,3.4
2026-02-28 03:00:00,2026,2,28,3,Vĩnh Long,Xã An Ngãi Trung,10.0916931,106.5448581,44,Good,0,23.5,96,0.0,5.9,102,1005.9,30,18.4,20.0,164.0,12.4,37.0,3.3
2026-02-28 04:00:00,2026,2,28,4,Vĩnh Long,Xã An Ngãi Trung,10.0916931,106.5448581,46,Good,0,23.5,95,0.0,4.9,100,1005.9,40,17.9,19.4,171.0,12.0,37.0,3.3
2026-02-28 05:00:00,2026,2,28,5,Vĩnh Long,Xã An Ngãi Trung,10.0916931,106.5448581,48,Good,0,23.7,95,0.0,6.3,97,1006.4,33,16.9,18.5,188.0,11.2,38.0,3.5
2026-02-28 06:00:00,2026,2,28,6,Vĩnh Long,Xã An Ngãi Trung,10.0916931,106.5448581,50,Good,0,23.8,95,0.0,7.4,96,1007.1,34,15.9,17.6,210.0,10.1,41.0,3.7
2026-02-28 07:00:00,2026,2,28,7,Vĩnh Long,Xã An Ngãi Trung,10.0916931,106.5448581,51,Moderate,1,25.0,93,0.0,8.6,102,1008.0,27,13.4,14.6,220.0,9.9,43.0,4.1
2026-02-28 08:00:00,2026,2,28,8,Vĩnh Long,Xã An Ngãi Trung,10.0916931,106.5448581,51,Moderate,1,26.3,86,0.1,11.6,111,1009.0,24,9.5,10.8,205.0,7.6,52.0,3.5
2026-02-28 09:00:00,2026,2,28,9,Vĩnh Long,Xã An Ngãi Trung,10.0916931,106.5448581,51,Moderate,1,27.4,81,0.1,12.6,116,1009.7,26,7.2,8.7,178.0,4.3,64.0,2.7
2026-02-28 10:00:00,2026,2,28,10,Vĩnh Long,Xã An Ngãi Trung,10.0916931,106.5448581,51,Moderate,1,28.4,79,0.0,12.2,115,1010.1,17,6.4,8.0,157.0,1.9,73.0,2.0
2026-02-28 11:00:00,2026,2,28,11,Vĩnh Long,Xã An Ngãi Trung,10.0916931,106.5448581,51,Moderate,1,29.0,76,0.0,11.8,113,1009.4,31,6.4,8.1,150.0,1.1,77.0,1.7
2026-02-28 12:00:00,2026,2,28,12,Vĩnh Long,Xã An Ngãi Trung,10.0916931,106.5448581,51,Moderate,1,29.2,73,0.1,11.7,117,1008.4,28,6.5,8.3,150.0,1.1,79.0,1.6
2026-02-28 13:00:00,2026,2,28,13,Vĩnh Long,Xã An Ngãi Trung,10.0916931,106.5448581,51,Moderate,1,28.6,70,0.6,10.9,114,1007.7,63,6.6,8.4,151.0,1.3,80.0,1.6
2026-02-28 14:00:00,2026,2,28,14,Vĩnh Long,Xã An Ngãi Trung,10.0916931,106.5448581,51,Moderate,1,28.5,77,1.1,10.3,109,1006.5,38,6.5,8.2,150.0,1.4,80.0,1.6
2026-02-28 15:00:00,2026,2,28,15,Vĩnh Long,Xã An Ngãi Trung,10.0916931,106.5448581,51,Moderate,1,28.6,76,0.1,11.6,118,1005.5,13,6.7,8.4,151.0,1.7,79.0,1.6
2026-02-28 16:00:00,2026,2,28,16,Vĩnh Long,Xã An Ngãi Trung,10.0916931,106.5448581,51,Moderate,1,28.2,73,0.6,11.6,116,1005.2,59,7.5,9.3,156.0,2.7,76.0,1.9
2026-02-28 17:00:00,2026,2,28,17,Vĩnh Long,Xã An Ngãi Trung,10.0916931,106.5448581,51,Moderate,1,26.9,82,0.0,11.7,115,1005.8,29,8.3,10.2,169.0,4.7,72.0,2.5
2026-02-28 18:00:00,2026,2,28,18,Vĩnh Long,Xã An Ngãi Trung,10.0916931,106.5448581,51,Moderate,1,26.0,86,0.0,9.1,115,1006.4,22,10.1,12.0,188.0,7.4,66.0,3.2
2026-02-28 19:00:00,2026,2,28,19,Vĩnh Long,Xã An Ngãi Trung,10.0916931,106.5448581,51,Moderate,1,26.0,89,0.0,7.4,119,1006.8,5,17.6,19.6,202.0,11.8,56.0,4.5
2026-02-28 20:00:00,2026,2,28,20,Vĩnh Long,Xã An Ngãi Trung,10.0916931,106.5448581,51,Moderate,1,25.6,92,0.0,6.6,123,1007.8,3,19.6,21.7,211.0,13.4,52.0,5.2
2026-02-28 21:00:00,2026,2,28,21,Vĩnh Long,Xã An Ngãi Trung,10.0916931,106.5448581,51,Moderate,1,25.2,94,0.0,5.8,120,1008.2,3,21.9,24.0,216.0,15.5,47.0,6.2
2026-02-28 22:00:00,2026,2,28,22,Vĩnh Long,Xã An Ngãi Trung,10.0916931,106.5448581,52,Moderate,1,25.0,95,0.0,6.1,130,1008.3,0,26.1,28.3,216.0,16.9,43.0,6.7
2026-02-28 23:00:00,2026,2,28,23,Vĩnh Long,Xã An Ngãi Trung,10.0916931,106.5448581,53,Moderate,1,24.8,96,0.0,5.7,125,1008.4,0,28.5,30.9,208.0,16.7,42.0,6.2
2026-03-01 00:00:00,2026,3,1,0,Vĩnh Long,Xã An Ngãi Trung,10.0916931,106.5448581,54,Moderate,1,24.7,96,0.0,6.7,126,1008.0,0,26.9,29.2,196.0,15.7,43.0,5.2
2026-03-01 01:00:00,2026,3,1,1,Vĩnh Long,Xã An Ngãi Trung,10.0916931,106.5448581,55,Moderate,1,24.7,97,0.0,6.6,139,1007.4,16,24.7,27.1,187.0,15.0,44.0,4.5
2026-03-01 02:00:00,2026,3,1,2,Vĩnh Long,Xã An Ngãi Trung,10.0916931,106.5448581,55,Moderate,1,24.5,97,0.0,6.6,143,1007.0,15,24.2,26.7,183.0,15.1,43.0,4.2
2026-03-01 03:00:00,2026,3,1,3,Vĩnh Long,Xã An Ngãi Trung,10.0916931,106.5448581,56,Moderate,1,24.4,97,0.0,5.5,142,1006.7,14,25.0,27.5,184.0,15.5,43.0,4.2
2026-03-01 04:00:00,2026,3,1,4,Vĩnh Long,Xã An Ngãi Trung,10.0916931,106.5448581,56,Moderate,1,24.2,97,0.0,5.3,142,1006.9,8,26.9,29.5,192.0,15.8,42.0,4.3
2026-03-01 05:00:00,2026,3,1,5,Vĩnh Long,Xã An Ngãi Trung,10.0916931,106.5448581,57,Moderate,1,23.9,98,0.0,4.7,137,1007.2,13,28.9,31.5,219.0,16.2,41.0,4.8
2026-03-01 06:00:00,2026,3,1,6,Vĩnh Long,Xã An Ngãi Trung,10.0916931,106.5448581,58,Moderate,1,23.9,98,0.0,5.0,139,1007.9,20,29.3,31.9,254.0,16.4,39.0,5.4
2026-03-01 07:00:00,2026,3,1,7,Vĩnh Long,Xã An Ngãi Trung,10.0916931,106.5448581,59,Moderate,1,25.3,94,0.0,8.5,128,1008.6,13,26.3,28.5,269.0,14.2,45.0,5.3
2026-03-01 08:00:00,2026,3,1,8,Vĩnh Long,Xã An Ngãi Trung,10.0916931,106.5448581,61,Moderate,1,26.8,85,0.0,9.4,126,1009.5,13,14.3,17.2,244.0,10.7,57.0,4.5
2026-03-01 09:00:00,2026,3,1,9,Vĩnh Long,Xã An Ngãi Trung,10.0916931,106.5448581,61,Moderate,1,28.1,78,0.0,8.3,124,1009.9,16,11.0,13.8,199.0,5.8,73.0,3.5
2026-03-01 10:00:00,2026,3,1,10,Vĩnh Long,Xã An Ngãi Trung,10.0916931,106.5448581,61,Moderate,1,29.0,72,0.0,6.9,113,1009.7,13,9.5,11.9,164.0,2.2,86.0,2.6
2026-03-01 11:00:00,2026,3,1,11,Vĩnh Long,Xã An Ngãi Trung,10.0916931,106.5448581,62,Moderate,1,29.5,70,0.0,7.9,107,1009.3,22,8.6,10.7,154.0,1.0,91.0,2.2
2026-03-01 12:00:00,2026,3,1,12,Vĩnh Long,Xã An Ngãi Trung,10.0916931,106.5448581,62,Moderate,1,29.6,70,0.1,9.2,107,1008.4,34,8.2,10.0,154.0,1.1,91.0,2.0
2026-03-01 13:00:00,2026,3,1,13,Vĩnh Long,Xã An Ngãi Trung,10.0916931,106.5448581,62,Moderate,1,29.5,71,0.1,11.2,105,1007.5,34,7.9,9.4,155.0,1.4,91.0,1.9
2026-03-01 14:00:00,2026,3,1,14,Vĩnh Long,Xã An Ngãi Trung,10.0916931,106.5448581,62,Moderate,1,29.1,72,0.0,11.0,105,1006.6,42,7.9,9.2,152.0,1.2,92.0,1.8
2026-03-01 15:00:00,2026,3,1,15,Vĩnh Long,Xã An Ngãi Trung,10.0916931,106.5448581,62,Moderate,1,29.0,71,0.0,10.5,117,1005.9,8,7.8,9.1,150.0,1.1,92.0,1.8
2026-03-01 16:00:00,2026,3,1,16,Vĩnh Long,Xã An Ngãi Trung,10.0916931,106.5448581,62,Moderate,1,28.8,71,0.0,10.5,117,1005.5,3,8.3,9.5,153.0,2.1,89.0,2.0
2026-03-01 17:00:00,2026,3,1,17,Vĩnh Long,Xã An Ngãi Trung,10.0916931,106.5448581,62,Moderate,1,27.8,77,0.0,9.8,120,1006.3,2,9.0,10.4,166.0,5.0,81.0,2.7
2026-03-01 18:00:00,2026,3,1,18,Vĩnh Long,Xã An Ngãi Trung,10.0916931,106.5448581,62,Moderate,1,26.3,85,0.0,7.9,114,1006.9,1,12.5,13.9,184.0,8.9,70.0,3.6
2026-03-01 19:00:00,2026,3,1,19,Vĩnh Long,Xã An Ngãi Trung,10.0916931,106.5448581,63,Moderate,1,26.4,87,0.0,9.5,119,1007.2,0,23.5,25.7,199.0,14.1,60.0,5.0
2026-03-01 20:00:00,2026,3,1,20,Vĩnh Long,Xã An Ngãi Trung,10.0916931,106.5448581,63,Moderate,1,26.0,90,0.0,8.4,130,1008.2,1,23.4,25.7,209.0,13.6,59.0,5.0
2026-03-01 21:00:00,2026,3,1,21,Vĩnh Long,Xã An Ngãi Trung,10.0916931,106.5448581,64,Moderate,1,25.5,93,0.0,6.2,131,1009.0,13,21.4,23.7,217.0,12.9,57.0,4.9
2026-03-01 22:00:00,2026,3,1,22,Vĩnh Long,Xã An Ngãi Trung,10.0916931,106.5448581,63,Moderate,1,25.2,94,0.0,7.0,122,1008.9,19,21.8,24.2,221.0,12.5,55.0,4.8
2026-03-01 23:00:00,2026,3,1,23,Vĩnh Long,Xã An Ngãi Trung,10.0916931,106.5448581,63,Moderate,1,25.1,95,0.0,7.3,128,1009.4,40,23.5,26.0,219.0,12.6,53.0,4.5
2026-03-02 00:00:00,2026,3,2,0,Vĩnh Long,Xã An Ngãi Trung,10.0916931,106.5448581,63,Moderate,1,25.0,95,0.0,6.7,136,1009.3,96,23.7,26.2,212.0,13.1,52.0,4.2
2026-03-02 01:00:00,2026,3,2,1,Vĩnh Long,Xã An Ngãi Trung,10.0916931,106.5448581,62,Moderate,1,25.0,97,0.0,5.4,146,1008.7,100,23.9,26.4,206.0,13.7,50.0,4.0
2026-03-02 02:00:00,2026,3,2,2,Vĩnh Long,Xã An Ngãi Trung,10.0916931,106.5448581,62,Moderate,1,24.6,97,0.0,4.0,159,1008.2,98,24.5,27.1,197.0,14.5,49.0,4.1
2026-03-02 03:00:00,2026,3,2,3,Vĩnh Long,Xã An Ngãi Trung,10.0916931,106.5448581,62,Moderate,1,24.5,97,0.0,3.5,159,1007.9,95,25.6,28.2,187.0,15.4,47.0,4.2
2026-03-02 04:00:00,2026,3,2,4,Vĩnh Long,Xã An Ngãi Trung,10.0916931,106.5448581,62,Moderate,1,24.1,98,0.0,4.5,137,1007.7,53,28.8,31.7,190.0,16.4,46.0,4.4
2026-03-02 05:00:00,2026,3,2,5,Vĩnh Long,Xã An Ngãi Trung,10.0916931,106.5448581,63,Moderate,1,24.1,97,0.0,4.8,132,1008.3,80,34.2,37.3,221.0,18.2,43.0,4.5
2026-03-02 06:00:00,2026,3,2,6,Vĩnh Long,Xã An Ngãi Trung,10.0916931,106.5448581,63,Moderate,1,24.0,97,0.0,3.3,139,1009.1,77,39.0,42.1,264.0,20.1,39.0,4.7
2026-03-02 07:00:00,2026,3,2,7,Vĩnh Long,Xã An Ngãi Trung,10.0916931,106.5448581,64,Moderate,1,25.3,98,0.0,4.2,175,1009.9,69,36.2,38.9,282.0,19.2,43.0,6.5
2026-03-02 08:00:00,2026,3,2,8,Vĩnh Long,Xã An Ngãi Trung,10.0916931,106.5448581,65,Moderate,1,27.2,87,0.0,6.8,140,1010.7,20,15.5,18.6,251.0,14.1,56.0,5.3
2026-03-02 09:00:00,2026,3,2,9,Vĩnh Long,Xã An Ngãi Trung,10.0916931,106.5448581,65,Moderate,1,28.6,76,0.0,8.0,134,1011.3,21,10.7,13.3,195.0,7.1,74.0,3.7
2026-03-02 10:00:00,2026,3,2,10,Vĩnh Long,Xã An Ngãi Trung,10.0916931,106.5448581,65,Moderate,1,29.5,70,0.0,9.6,123,1011.3,15,9.2,11.1,152.0,2.0,87.0,2.5
2026-03-02 11:00:00,2026,3,2,11,Vĩnh Long,Xã An Ngãi Trung,10.0916931,106.5448581,65,Moderate,1,30.0,69,0.0,11.0,120,1011.0,25,8.2,9.7,138.0,0.5,90.0,2.0
2026-03-02 12:00:00,2026,3,2,12,Vĩnh Long,Xã An Ngãi Trung,10.0916931,106.5448581,65,Moderate,1,30.2,68,0.0,11.4,115,1010.1,4,7.9,9.2,137.0,0.9,88.0,1.9
2026-03-02 13:00:00,2026,3,2,13,Vĩnh Long,Xã An Ngãi Trung,10.0916931,106.5448581,65,Moderate,1,30.5,65,0.0,12.5,118,1009.2,5,8.0,9.3,138.0,1.4,85.0,1.8
2026-03-02 14:00:00,2026,3,2,14,Vĩnh Long,Xã An Ngãi Trung,10.0916931,106.5448581,65,Moderate,1,30.3,66,0.0,12.0,122,1007.9,5,8.0,9.2,135.0,1.2,85.0,1.7
2026-03-02 15:00:00,2026,3,2,15,Vĩnh Long,Xã An Ngãi Trung,10.0916931,106.5448581,65,Moderate,1,30.1,66,0.0,11.3,123,1007.0,2,7.9,9.0,134.0,1.1,84.0,1.7
2026-03-02 16:00:00,2026,3,2,16,Vĩnh Long,Xã An Ngãi Trung,10.0916931,106.5448581,65,Moderate,1,29.4,70,0.0,12.4,123,1006.9,2,8.1,9.3,137.0,2.0,81.0,1.9
2026-03-02 17:00:00,2026,3,2,17,Vĩnh Long,Xã An Ngãi Trung,10.0916931,106.5448581,65,Moderate,1,28.2,76,0.0,10.9,123,1007.4,2,8.9,10.3,149.0,4.8,74.0,2.6
2026-03-02 18:00:00,2026,3,2,18,Vĩnh Long,Xã An Ngãi Trung,10.0916931,106.5448581,65,Moderate,1,26.8,83,0.0,7.9,110,1008.2,1,12.0,13.5,167.0,8.6,64.0,3.6
2026-03-02 19:00:00,2026,3,2,19,Vĩnh Long,Xã An Ngãi Trung,10.0916931,106.5448581,65,Moderate,1,26.4,87,0.0,8.6,120,1007.8,6,20.1,22.4,181.0,12.9,53.0,4.9
2026-03-02 20:00:00,2026,3,2,20,Vĩnh Long,Xã An Ngãi Trung,10.0916931,106.5448581,64,Moderate,1,25.9,90,0.0,7.3,126,1008.8,0,20.1,22.4,189.0,12.6,51.0,5.0
2026-03-02 21:00:00,2026,3,2,21,Vĩnh Long,Xã An Ngãi Trung,10.0916931,106.5448581,64,Moderate,1,25.6,92,0.0,7.8,136,1009.6,0,19.9,22.2,193.0,12.3,48.0,5.1
2026-03-02 22:00:00,2026,3,2,22,Vĩnh Long,Xã An Ngãi Trung,10.0916931,106.5448581,64,Moderate,1,25.2,94,0.0,5.9,133,1009.9,0,19.9,22.2,195.0,12.2,46.0,5.1
2026-03-02 23:00:00,2026,3,2,23,Vĩnh Long,Xã An Ngãi Trung,10.0916931,106.5448581,64,Moderate,1,25.0,94,0.0,6.6,125,1010.0,73,20.1,22.5,193.0,12.3,45.0,4.8
2026-03-03 00:00:00,2026,3,3,0,Vĩnh Long,Xã An Ngãi Trung,10.0916931,106.5448581,64,Moderate,1,24.9,94,0.0,7.4,124,1009.8,79,20.3,22.8,187.0,12.7,44.0,4.4
2026-03-03 01:00:00,2026,3,3,1,Vĩnh Long,Xã An Ngãi Trung,10.0916931,106.5448581,63,Moderate,1,24.9,96,0.0,5.6,149,1009.1,98,22.2,24.6,182.0,13.4,42.0,4.1
2026-03-03 02:00:00,2026,3,3,2,Vĩnh Long,Xã An Ngãi Trung,10.0916931,106.5448581,63,Moderate,1,24.5,97,0.0,4.8,167,1008.6,26,26.3,28.9,176.0,15.0,39.0,4.1
2026-03-03 03:00:00,2026,3,3,3,Vĩnh Long,Xã An Ngãi Trung,10.0916931,106.5448581,63,Moderate,1,24.4,98,0.0,4.9,180,1008.6,13,29.4,32.0,170.0,17.0,35.0,4.4
2026-03-03 04:00:00,2026,3,3,4,Vĩnh Long,Xã An Ngãi Trung,10.0916931,106.5448581,64,Moderate,1,24.1,98,0.0,4.4,192,1008.8,20,30.3,32.9,170.0,18.3,33.0,4.7
2026-03-03 05:00:00,2026,3,3,5,Vĩnh Long,Xã An Ngãi Trung,10.0916931,106.5448581,64,Moderate,1,24.1,97,0.0,3.5,192,1009.5,13,30.5,33.1,183.0,19.0,32.0,5.4
2026-03-03 06:00:00,2026,3,3,6,Vĩnh Long,Xã An Ngãi Trung,10.0916931,106.5448581,63,Moderate,1,23.9,98,0.0,3.3,167,1010.0,23,31.8,34.5,201.0,19.1,32.0,6.3
2026-03-03 07:00:00,2026,3,3,7,Vĩnh Long,Xã An Ngãi Trung,10.0916931,106.5448581,63,Moderate,1,25.3,93,0.0,3.0,107,1010.5,52,25.3,27.5,208.0,15.3,40.0,5.8
2026-03-03 08:00:00,2026,3,3,8,Vĩnh Long,Xã An Ngãi Trung,10.0916931,106.5448581,62,Moderate,1,27.0,86,0.0,7.4,141,1011.3,29,13.3,15.9,192.0,11.4,50.0,5.0
2026-03-03 09:00:00,2026,3,3,9,Vĩnh Long,Xã An Ngãi Trung,10.0916931,106.5448581,62,Moderate,1,28.5,76,0.0,9.2,140,1011.6,11,10.1,12.5,164.0,6.1,63.0,3.9
2026-03-03 10:00:00,2026,3,3,10,Vĩnh Long,Xã An Ngãi Trung,10.0916931,106.5448581,62,Moderate,1,29.7,69,0.0,9.0,133,1011.9,9,8.8,10.8,143.0,2.2,74.0,3.0
2026-03-03 11:00:00,2026,3,3,11,Vĩnh Long,Xã An Ngãi Trung,10.0916931,106.5448581,61,Moderate,1,30.5,66,0.0,9.3,122,1011.3,7,8.5,10.3,137.0,1.0,79.0,2.5
2026-03-03 12:00:00,2026,3,3,12,Vĩnh Long,Xã An Ngãi Trung,10.0916931,106.5448581,61,Moderate,1,30.7,65,0.0,10.4,113,1010.4,18,8.8,10.5,138.0,1.1,81.0,2.2
2026-03-03 13:00:00,2026,3,3,13,Vĩnh Long,Xã An Ngãi Trung,10.0916931,106.5448581,62,Moderate,1,30.8,65,0.0,9.5,115,1009.2,32,9.2,11.0,139.0,1.4,83.0,2.1
2026-03-03 14:00:00,2026,3,3,14,Vĩnh Long,Xã An Ngãi Trung,10.0916931,106.5448581,62,Moderate,1,30.8,66,0.0,7.2,118,1008.1,67,8.9,10.7,138.0,1.3,86.0,2.0
2026-03-03 15:00:00,2026,3,3,15,Vĩnh Long,Xã An Ngãi Trung,10.0916931,106.5448581,62,Moderate,1,30.8,66,0.0,6.8,122,1006.9,64,9.2,11.0,137.0,1.3,87.0,2.0
2026-03-03 16:00:00,2026,3,3,16,Vĩnh Long,Xã An Ngãi Trung,10.0916931,106.5448581,62,Moderate,1,30.2,67,0.0,7.9,125,1006.7,18,10.0,11.9,141.0,2.4,85.0,2.3
2026-03-03 17:00:00,2026,3,3,17,Vĩnh Long,Xã An Ngãi Trung,10.0916931,106.5448581,62,Moderate,1,28.8,72,0.0,12.2,121,1007.3,27,11.0,13.1,153.0,5.3,76.0,3.0
2026-03-03 18:00:00,2026,3,3,18,Vĩnh Long,Xã An Ngãi Trung,10.0916931,106.5448581,62,Moderate,1,27.2,79,0.0,9.5,119,1008.0,100,15.0,17.2,169.0,9.3,62.0,3.9
2026-03-03 19:00:00,2026,3,3,19,Vĩnh Long,Xã An Ngãi Trung,10.0916931,106.5448581,62,Moderate,1,26.6,87,0.0,10.4,132,1008.2,100,22.8,25.5,181.0,13.9,48.0,5.2
2026-03-03 20:00:00,2026,3,3,20,Vĩnh Long,Xã An Ngãi Trung,10.0916931,106.5448581,63,Moderate,1,26.1,91,0.0,8.2,128,1009.2,100,20.4,22.9,184.0,13.9,43.0,5.2
2026-03-03 21:00:00,2026,3,3,21,Vĩnh Long,Xã An Ngãi Trung,10.0916931,106.5448581,63,Moderate,1,25.7,93,0.0,7.1,137,1009.7,100,19.6,22.0,182.0,13.8,36.0,5.2
2026-03-03 22:00:00,2026,3,3,22,Vĩnh Long,Xã An Ngãi Trung,10.0916931,106.5448581,63,Moderate,1,25.5,95,0.0,6.9,137,1009.9,100,19.9,22.2,179.0,13.6,31.0,5.1
2026-03-03 23:00:00,2026,3,3,23,Vĩnh Long,Xã An Ngãi Trung,10.0916931,106.5448581,63,Moderate,1,25.3,95,0.0,7.1,135,1010.1,90,19.6,21.9,173.0,13.1,31.0,4.7
2026-03-04 00:00:00,2026,3,4,0,Vĩnh Long,Xã An Ngãi Trung,10.0916931,106.5448581,63,Moderate,1,25.2,95,0.0,7.1,135,1010.3,67,18.7,21.1,165.0,12.4,32.0,4.3
2026-03-04 01:00:00,2026,3,4,1,Vĩnh Long,Xã An Ngãi Trung,10.0916931,106.5448581,63,Moderate,1,25.5,96,0.0,6.9,135,1010.3,81,18.4,21.0,162.0,12.0,34.0,3.9
2026-03-04 02:00:00,2026,3,4,2,Vĩnh Long,Xã An Ngãi Trung,10.0916931,106.5448581,62,Moderate,1,25.5,96,0.0,6.8,138,1009.9,99,19.0,21.7,166.0,12.0,35.0,3.8
2026-03-04 03:00:00,2026,3,4,3,Vĩnh Long,Xã An Ngãi Trung,10.0916931,106.5448581,62,Moderate,1,25.4,96,0.0,7.0,132,1009.4,100,18.9,21.7,174.0,12.1,35.0,3.8
2026-03-04 04:00:00,2026,3,4,4,Vĩnh Long,Xã An Ngãi Trung,10.0916931,106.5448581,61,Moderate,1,25.2,95,0.0,7.5,132,1009.3,91,20.2,23.3,183.0,12.2,36.0,3.9
2026-03-04 05:00:00,2026,3,4,5,Vĩnh Long,Xã An Ngãi Trung,10.0916931,106.5448581,60,Moderate,1,25.1,91,0.1,5.5,131,1009.7,83,20.1,23.2,195.0,12.3,36.0,4.3
2026-03-04 06:00:00,2026,3,4,6,Vĩnh Long,Xã An Ngãi Trung,10.0916931,106.5448581,59,Moderate,1,25.0,92,0.0,4.7,122,1010.0,39,19.7,22.8,208.0,12.3,37.0,4.7
2026-03-04 07:00:00,2026,3,4,7,Vĩnh Long,Xã An Ngãi Trung,10.0916931,106.5448581,58,Moderate,1,25.1,91,0.0,4.8,151,1010.9,23,24.5,28.3,211.0,13.1,38.0,4.9
2026-03-04 08:00:00,2026,3,4,8,Vĩnh Long,Xã An Ngãi Trung,10.0916931,106.5448581,58,Moderate,1,26.8,85,0.0,4.6,135,1011.2,5,19.7,24.2,197.0,10.0,48.0,4.2
2026-03-04 09:00:00,2026,3,4,9,Vĩnh Long,Xã An Ngãi Trung,10.0916931,106.5448581,58,Moderate,1,28.5,76,0.1,7.7,118,1011.6,17,16.8,21.5,173.0,5.7,62.0,3.3
2026-03-04 10:00:00,2026,3,4,10,Vĩnh Long,Xã An Ngãi Trung,10.0916931,106.5448581,59,Moderate,1,29.6,71,0.1,10.6,108,1011.8,20,15.5,19.8,155.0,2.5,73.0,2.5
2026-03-04 11:00:00,2026,3,4,11,Vĩnh Long,Xã An Ngãi Trung,10.0916931,106.5448581,59,Moderate,1,30.1,68,0.0,12.8,104,1011.6,29,14.2,17.6,149.0,1.3,80.0,2.0
2026-03-04 12:00:00,2026,3,4,12,Vĩnh Long,Xã An Ngãi Trung,10.0916931,106.5448581,60,Moderate,1,30.4,67,0.0,12.7,101,1010.8,21,13.4,15.8,149.0,1.2,85.0,1.5
2026-03-04 13:00:00,2026,3,4,13,Vĩnh Long,Xã An Ngãi Trung,10.0916931,106.5448581,60,Moderate,1,30.4,66,0.0,13.2,110,1009.7,21,12.8,14.9,150.0,1.3,88.0,1.3
2026-03-04 14:00:00,2026,3,4,14,Vĩnh Long,Xã An Ngãi Trung,10.0916931,106.5448581,61,Moderate,1,30.1,66,0.0,13.9,114,1008.4,11,12.5,14.2,149.0,1.1,90.0,1.2
2026-03-04 15:00:00,2026,3,4,15,Vĩnh Long,Xã An Ngãi Trung,10.0916931,106.5448581,61,Moderate,1,29.6,66,0.0,14.7,109,1007.3,7,12.4,14.1,148.0,1.1,90.0,1.3
2026-03-04 16:00:00,2026,3,4,16,Vĩnh Long,Xã An Ngãi Trung,10.0916931,106.5448581,61,Moderate,1,28.8,64,0.0,12.6,109,1007.1,9,12.2,13.9,153.0,2.1,87.0,1.6
2026-03-04 17:00:00,2026,3,4,17,Vĩnh Long,Xã An Ngãi Trung,10.0916931,106.5448581,61,Moderate,1,27.9,69,0.0,11.3,117,1007.2,5,12.4,14.1,168.0,5.0,77.0,2.4
2026-03-04 18:00:00,2026,3,4,18,Vĩnh Long,Xã An Ngãi Trung,10.0916931,106.5448581,62,Moderate,1,26.2,78,0.0,8.0,124,1007.7,16,15.9,17.6,188.0,8.8,63.0,3.4
2026-03-04 19:00:00,2026,3,4,19,Vĩnh Long,Xã An Ngãi Trung,10.0916931,106.5448581,62,Moderate,1,25.9,87,0.0,6.1,137,1008.0,9,22.6,25.8,202.0,12.4,46.0,4.4
2026-03-04 20:00:00,2026,3,4,20,Vĩnh Long,Xã An Ngãi Trung,10.0916931,106.5448581,62,Moderate,1,25.4,90,0.0,5.9,137,1008.8,7,22.1,25.1,205.0,12.4,44.0,4.5
2026-03-04 21:00:00,2026,3,4,21,Vĩnh Long,Xã An Ngãi Trung,10.0916931,106.5448581,62,Moderate,1,25.1,87,0.0,7.2,122,1009.6,5,22.8,25.9,202.0,12.4,42.0,4.6
2026-03-04 22:00:00,2026,3,4,22,Vĩnh Long,Xã An Ngãi Trung,10.0916931,106.5448581,62,Moderate,1,25.0,89,0.0,7.0,122,1010.0,2,23.5,26.5,197.0,12.9,39.0,4.7
2026-03-04 23:00:00,2026,3,4,23,Vĩnh Long,Xã An Ngãi Trung,10.0916931,106.5448581,62,Moderate,1,24.8,91,0.0,6.5,134,1010.3,0,23.9,27.0,192.0,14.6,37.0,4.7
2026-03-05 00:00:00,2026,3,5,0,Vĩnh Long,Xã An Ngãi Trung,10.0916931,106.5448581,63,Moderate,1,24.5,92,0.0,5.1,132,1010.0,4,28.2,31.7,185.0,16.7,34.0,4.7
2026-03-05 01:00:00,2026,3,5,1,Vĩnh Long,Xã An Ngãi Trung,10.0916931,106.5448581,64,Moderate,1,24.8,93,0.0,5.9,140,1009.6,25,31.7,35.3,178.0,18.0,33.0,4.6
2026-03-05 02:00:00,2026,3,5,2,Vĩnh Long,Xã An Ngãi Trung,10.0916931,106.5448581,65,Moderate,1,25.0,93,0.0,5.3,135,1009.3,27,29.6,33.1,168.0,17.4,34.0,4.3
2026-03-05 03:00:00,2026,3,5,3,Vĩnh Long,Xã An Ngãi Trung,10.0916931,106.5448581,66,Moderate,1,25.1,91,0.1,7.9,131,1008.7,24,29.6,32.9,157.0,15.9,36.0,3.9
2026-03-05 04:00:00,2026,3,5,4,Vĩnh Long,Xã An Ngãi Trung,10.0916931,106.5448581,67,Moderate,1,25.0,89,0.0,6.5,118,1008.4,15,28.5,31.9,154.0,15.0,37.0,3.8
2026-03-05 05:00:00,2026,3,5,5,Vĩnh Long,Xã An Ngãi Trung,10.0916931,106.5448581,67,Moderate,1,24.8,90,0.0,6.0,111,1008.6,12,27.8,31.1,166.0,16.1,36.0,4.6
2026-03-05 06:00:00,2026,3,5,6,Vĩnh Long,Xã An Ngãi Trung,10.0916931,106.5448581,68,Moderate,1,24.4,92,0.0,5.2,106,1009.2,80,29.7,33.1,185.0,17.7,34.0,5.8
2026-03-05 07:00:00,2026,3,5,7,Vĩnh Long,Xã An Ngãi Trung,10.0916931,106.5448581,69,Moderate,1,26.2,86,0.0,9.7,101,1009.9,39,25.6,29.3,194.0,11.2,43.0,3.9
2026-03-05 08:00:00,2026,3,5,8,Vĩnh Long,Xã An Ngãi Trung,10.0916931,106.5448581,69,Moderate,1,27.9,76,0.0,16.1,94,1010.5,10,18.9,23.4,182.0,8.5,53.0,3.2
2026-03-05 09:00:00,2026,3,5,9,Vĩnh Long,Xã An Ngãi Trung,10.0916931,106.5448581,69,Moderate,1,28.9,69,0.0,19.2,95,1011.1,13,15.5,19.8,159.0,4.8,66.0,2.2
2026-03-05 10:00:00,2026,3,5,10,Vĩnh Long,Xã An Ngãi Trung,10.0916931,106.5448581,69,Moderate,1,29.5,66,0.0,20.8,96,1011.6,21,14.6,18.6,142.0,2.0,77.0,1.5
2026-03-05 11:00:00,2026,3,5,11,Vĩnh Long,Xã An Ngãi Trung,10.0916931,106.5448581,69,Moderate,1,29.9,66,0.1,20.4,94,1011.6,23,13.7,17.4,136.0,1.1,83.0,1.2
2026-03-05 12:00:00,2026,3,5,12,Vĩnh Long,Xã An Ngãi Trung,10.0916931,106.5448581,69,Moderate,1,30.2,64,0.0,20.9,90,1010.5,13,13.1,16.5,136.0,1.1,88.0,1.2
2026-03-05 13:00:00,2026,3,5,13,Vĩnh Long,Xã An Ngãi Trung,10.0916931,106.5448581,69,Moderate,1,30.2,61,0.0,20.7,91,1009.5,27,12.5,15.8,136.0,1.2,90.0,1.2
2026-03-05 14:00:00,2026,3,5,14,Vĩnh Long,Xã An Ngãi Trung,10.0916931,106.5448581,69,Moderate,1,30.1,61,0.0,20.1,95,1008.5,10,11.8,14.9,136.0,1.1,91.0,1.2
2026-03-05 15:00:00,2026,3,5,15,Vĩnh Long,Xã An Ngãi Trung,10.0916931,106.5448581,69,Moderate,1,29.4,66,0.0,19.3,102,1007.5,14,11.4,14.3,136.0,1.2,89.0,1.1
2026-03-05 16:00:00,2026,3,5,16,Vĩnh Long,Xã An Ngãi Trung,10.0916931,106.5448581,69,Moderate,1,28.8,67,0.0,18.3,100,1007.4,8,11.2,14.2,139.0,1.8,87.0,1.3
2026-03-05 17:00:00,2026,3,5,17,Vĩnh Long,Xã An Ngãi Trung,10.0916931,106.5448581,68,Moderate,1,27.6,75,0.0,16.1,100,1007.5,4,11.8,14.8,146.0,3.4,83.0,1.8
2026-03-05 18:00:00,2026,3,5,18,Vĩnh Long,Xã An Ngãi Trung,10.0916931,106.5448581,68,Moderate,1,26.5,81,0.0,12.9,98,1008.1,6,13.9,16.7,154.0,5.6,77.0,2.4
2026-03-05 19:00:00,2026,3,5,19,Vĩnh Long,Xã An Ngãi Trung,10.0916931,106.5448581,68,Moderate,1,26.8,83,0.0,11.9,95,1008.4,80,18.2,22.1,160.0,7.1,70.0,2.7
2026-03-05 20:00:00,2026,3,5,20,Vĩnh Long,Xã An Ngãi Trung,10.0916931,106.5448581,68,Moderate,1,26.6,84,0.0,13.5,94,1009.3,100,17.6,21.1,160.0,6.8,70.0,2.6
2026-03-05 21:00:00,2026,3,5,21,Vĩnh Long,Xã An Ngãi Trung,10.0916931,106.5448581,67,Moderate,1,26.4,85,0.0,13.4,94,1009.7,100,16.7,20.0,157.0,6.5,71.0,2.5
2026-03-05 22:00:00,2026,3,5,22,Vĩnh Long,Xã An Ngãi Trung,10.0916931,106.5448581,67,Moderate,1,26.2,85,0.0,13.7,95,1009.8,94,15.6,18.8,153.0,6.3,70.0,2.4
2026-03-05 23:00:00,2026,3,5,23,Vĩnh Long,Xã An Ngãi Trung,10.0916931,106.5448581,66,Moderate,1,26.0,86,0.0,12.5,84,1010.2,100,14.6,17.6,149.0,6.5,67.0,2.2
2026-03-06 00:00:00,2026,3,6,0,Vĩnh Long,Xã An Ngãi Trung,10.0916931,106.5448581,65,Moderate,1,25.9,86,0.0,10.6,89,1009.9,100,13.8,16.7,144.0,6.9,63.0,2.0
2026-03-06 01:00:00,2026,3,6,1,Vĩnh Long,Xã An Ngãi Trung,10.0916931,106.5448581,64,Moderate,1,26.1,80,0.0,11.1,83,1009.4,98,13.7,16.6,140.0,7.3,60.0,1.9
2026-03-06 02:00:00,2026,3,6,2,Vĩnh Long,Xã An Ngãi Trung,10.0916931,106.5448581,63,Moderate,1,25.9,82,0.0,10.5,84,1009.1,45,13.6,16.5,135.0,7.3,58.0,1.8
2026-03-06 03:00:00,2026,3,6,3,Vĩnh Long,Xã An Ngãi Trung,10.0916931,106.5448581,61,Moderate,1,25.5,85,0.0,9.5,79,1008.6,35,13.3,16.1,132.0,7.3,57.0,1.7
2026-03-06 04:00:00,2026,3,6,4,Vĩnh Long,Xã An Ngãi Trung,10.0916931,106.5448581,60,Moderate,1,23.0,95,1.5,9.4,2,1009.1,99,13.4,16.2,141.0,7.7,56.0,1.9
2026-03-06 05:00:00,2026,3,6,5,Vĩnh Long,Xã An Ngãi Trung,10.0916931,106.5448581,58,Moderate,1,22.0,98,1.9,6.2,105,1009.4,95,13.9,16.8,170.0,9.3,52.0,2.5
2026-03-06 06:00:00,2026,3,6,6,Vĩnh Long,Xã An Ngãi Trung,10.0916931,106.5448581,57,Moderate,1,22.5,94,0.4,5.2,70,1009.9,38,15.1,18.0,212.0,11.3,48.0,3.3
2026-03-06 07:00:00,2026,3,6,7,Vĩnh Long,Xã An Ngãi Trung,10.0916931,106.5448581,56,Moderate,1,24.0,95,0.2,4.0,10,1010.6,30,20.5,22.4,249.0,16.1,42.0,5.6
2026-03-06 08:00:00,2026,3,6,8,Vĩnh Long,Xã An Ngãi Trung,10.0916931,106.5448581,55,Moderate,1,25.6,90,0.0,4.4,21,1011.4,27,16.9,19.3,283.0,14.3,53.0,6.6
2026-03-06 09:00:00,2026,3,6,9,Vĩnh Long,Xã An Ngãi Trung,10.0916931,106.5448581,55,Moderate,1,27.5,83,0.1,6.2,26,1012.2,13,15.1,17.9,313.0,11.7,70.0,8.0
2026-03-06 10:00:00,2026,3,6,10,Vĩnh Long,Xã An Ngãi Trung,10.0916931,106.5448581,55,Moderate,1,28.8,77,0.2,6.2,12,1012.4,9,15.0,16.4,322.0,9.2,88.0,8.8
2026-03-06 11:00:00,2026,3,6,11,Vĩnh Long,Xã An Ngãi Trung,10.0916931,106.5448581,55,Moderate,1,30.1,70,0.1,4.8,29,1011.8,30,16.5,17.2,294.0,6.8,108.0,8.5
2026-03-06 12:00:00,2026,3,6,12,Vĩnh Long,Xã An Ngãi Trung,10.0916931,106.5448581,55,Moderate,1,30.8,62,0.1,7.2,71,1010.8,27,17.3,18.0,246.0,4.3,130.0,7.6
2026-03-06 13:00:00,2026,3,6,13,Vĩnh Long,Xã An Ngãi Trung,10.0916931,106.5448581,56,Moderate,1,30.9,54,0.0,13.2,92,1010.1,28,17.9,18.5,209.0,2.7,147.0,6.9
2026-03-06 14:00:00,2026,3,6,14,Vĩnh Long,Xã An Ngãi Trung,10.0916931,106.5448581,56,Moderate,1,30.5,58,0.0,13.9,94,1008.9,33,19.5,20.1,197.0,1.8,159.0,6.6
2026-03-06 15:00:00,2026,3,6,15,Vĩnh Long,Xã An Ngãi Trung,10.0916931,106.5448581,57,Moderate,1,30.0,62,0.4,13.2,107,1008.1,34,20.3,20.9,197.0,1.7,166.0,6.6
2026-03-06 16:00:00,2026,3,6,16,Vĩnh Long,Xã An Ngãi Trung,10.0916931,106.5448581,62,Moderate,1,29.0,67,0.2,9.8,83,1008.4,32,20.5,21.1,199.0,3.0,163.0,6.6
2026-03-06 17:00:00,2026,3,6,17,Vĩnh Long,Xã An Ngãi Trung,10.0916931,106.5448581,86,Moderate,1,26.0,78,0.8,11.8,34,1009.1,27,19.6,20.3,201.0,6.9,144.0,6.8
2026-03-06 18:00:00,2026,3,6,18,Vĩnh Long,Xã An Ngãi Trung,10.0916931,106.5448581,102,Unhealthy for Sensitive Groups,2,26.1,80,0.0,9.1,39,1009.1,9,22.6,23.9,204.0,12.2,116.0,7.0
2026-03-06 19:00:00,2026,3,6,19,Vĩnh Long,Xã An Ngãi Trung,10.0916931,106.5448581,108,Unhealthy for Sensitive Groups,2,25.8,86,0.0,14.4,90,1009.5,11,17.4,19.5,210.0,8.7,95.0,4.2
2026-03-06 20:00:00,2026,3,6,20,Vĩnh Long,Xã An Ngãi Trung,10.0916931,106.5448581,105,Unhealthy for Sensitive Groups,2,25.5,87,0.0,11.6,84,1010.5,16,17.9,20.5,213.0,11.7,86.0,5.4
2026-03-06 21:00:00,2026,3,6,21,Vĩnh Long,Xã An Ngãi Trung,10.0916931,106.5448581,95,Moderate,1,25.2,87,0.0,8.8,85,1011.2,11,21.5,23.7,217.0,16.0,73.0,7.2
2026-03-06 22:00:00,2026,3,6,22,Vĩnh Long,Xã An Ngãi Trung,10.0916931,106.5448581,80,Moderate,1,25.0,88,0.0,7.8,61,1011.6,41,30.4,31.9,236.0,19.9,62.0,8.7
2026-03-06 23:00:00,2026,3,6,23,Vĩnh Long,Xã An Ngãi Trung,10.0916931,106.5448581,62,Moderate,1,24.8,89,0.0,8.4,43,1011.8,16,40.5,42.1,273.0,23.0,55.0,9.6
2026-03-07 00:00:00,2026,3,7,0,Vĩnh Long,Xã An Ngãi Trung,10.0916931,106.5448581,64,Moderate,1,24.2,94,0.0,6.9,7,1011.7,88,47.0,48.5,323.0,25.9,49.0,10.3
2026-03-07 01:00:00,2026,3,7,1,Vĩnh Long,Xã An Ngãi Trung,10.0916931,106.5448581,67,Moderate,1,24.2,96,0.0,5.3,28,1011.0,95,47.4,49.0,391.0,28.4,45.0,11.2
2026-03-07 02:00:00,2026,3,7,2,Vĩnh Long,Xã An Ngãi Trung,10.0916931,106.5448581,70,Moderate,1,23.8,98,0.0,2.9,22,1010.1,90,50.6,52.3,496.0,30.8,41.0,12.6
2026-03-07 03:00:00,2026,3,7,3,Vĩnh Long,Xã An Ngãi Trung,10.0916931,106.5448581,73,Moderate,1,23.5,98,0.0,1.3,344,1009.8,84,55.4,57.2,617.0,32.8,38.0,14.3
2026-03-07 04:00:00,2026,3,7,4,Vĩnh Long,Xã An Ngãi Trung,10.0916931,106.5448581,77,Moderate,1,23.2,99,0.0,2.7,352,1009.6,98,59.6,61.5,696.0,34.2,36.0,16.1
2026-03-07 05:00:00,2026,3,7,5,Vĩnh Long,Xã An Ngãi Trung,10.0916931,106.5448581,81,Moderate,1,23.1,99,0.0,3.4,3,1009.9,82,62.4,64.3,705.0,35.5,34.0,18.6
2026-03-07 06:00:00,2026,3,7,6,Vĩnh Long,Xã An Ngãi Trung,10.0916931,106.5448581,85,Moderate,1,23.0,98,0.0,3.0,14,1010.6,95,65.2,67.1,672.0,36.1,33.0,21.2
2026-03-07 07:00:00,2026,3,7,7,Vĩnh Long,Xã An Ngãi Trung,10.0916931,106.5448581,90,Moderate,1,24.5,92,0.0,6.5,39,1011.5,40,28.3,31.3,614.0,16.7,59.0,7.2
2026-03-07 08:00:00,2026,3,7,8,Vĩnh Long,Xã An Ngãi Trung,10.0916931,106.5448581,90,Moderate,1,26.8,83,0.0,9.0,61,1012.2,86,19.6,23.0,522.0,12.8,73.0,6.0
2026-03-07 09:00:00,2026,3,7,9,Vĩnh Long,Xã An Ngãi Trung,10.0916931,106.5448581,91,Moderate,1,28.4,70,0.0,13.5,74,1012.7,99,15.0,18.5,406.0,7.4,94.0,4.3
2026-03-07 10:00:00,2026,3,7,10,Vĩnh Long,Xã An Ngãi Trung,10.0916931,106.5448581,91,Moderate,1,29.2,64,0.0,16.8,80,1012.9,100,14.3,18.2,312.0,3.3,111.0,3.0
2026-03-07 11:00:00,2026,3,7,11,Vĩnh Long,Xã An Ngãi Trung,10.0916931,106.5448581,91,Moderate,1,29.8,62,0.0,18.4,82,1012.5,96,14.3,18.4,260.0,1.9,123.0,2.5
2026-03-07 12:00:00,2026,3,7,12,Vĩnh Long,Xã An Ngãi Trung,10.0916931,106.5448581,90,Moderate,1,30.0,61,0.0,20.0,83,1011.4,84,14.3,18.5,231.0,1.8,132.0,2.4
2026-03-07 13:00:00,2026,3,7,13,Vĩnh Long,Xã An Ngãi Trung,10.0916931,106.5448581,90,Moderate,1,29.8,61,0.0,20.3,89,1010.9,35,14.4,18.6,213.0,1.9,137.0,2.3
2026-03-07 14:00:00,2026,3,7,14,Vĩnh Long,Xã An Ngãi Trung,10.0916931,106.5448581,90,Moderate,1,29.4,62,0.3,20.2,90,1009.9,36,14.5,18.3,206.0,1.8,138.0,2.2
2026-03-07 15:00:00,2026,3,7,15,Vĩnh Long,Xã An Ngãi Trung,10.0916931,106.5448581,89,Moderate,1,28.6,67,0.7,20.0,82,1009.5,53,14.6,18.0,210.0,1.9,136.0,2.1
2026-03-07 16:00:00,2026,3,7,16,Vĩnh Long,Xã An Ngãi Trung,10.0916931,106.5448581,89,Moderate,1,28.1,66,0.0,20.2,87,1009.3,29,14.9,18.3,216.0,2.5,131.0,2.1
2026-03-07 17:00:00,2026,3,7,17,Vĩnh Long,Xã An Ngãi Trung,10.0916931,106.5448581,88,Moderate,1,27.5,72,0.0,17.8,89,1009.2,16,16.1,19.8,220.0,4.0,121.0,2.2
2026-03-07 18:00:00,2026,3,7,18,Vĩnh Long,Xã An Ngãi Trung,10.0916931,106.5448581,88,Moderate,1,26.8,69,0.0,17.0,85,1009.8,16,18.4,22.0,226.0,5.9,108.0,2.4
2026-03-07 19:00:00,2026,3,7,19,Vĩnh Long,Xã An Ngãi Trung,10.0916931,106.5448581,88,Moderate,1,26.9,74,0.0,14.2,82,1010.7,53,22.1,26.5,231.0,7.3,99.0,2.5
2026-03-07 20:00:00,2026,3,7,20,Vĩnh Long,Xã An Ngãi Trung,10.0916931,106.5448581,88,Moderate,1,26.5,78,0.0,15.6,83,1011.1,70,21.8,25.8,235.0,7.4,98.0,2.5
2026-03-07 21:00:00,2026,3,7,21,Vĩnh Long,Xã An Ngãi Trung,10.0916931,106.5448581,89,Moderate,1,26.3,79,0.0,15.7,85,1011.5,40,21.8,25.4,237.0,7.5,97.0,2.6
2026-03-07 22:00:00,2026,3,7,22,Vĩnh Long,Xã An Ngãi Trung,10.0916931,106.5448581,89,Moderate,1,26.1,78,0.0,14.8,87,1012.0,96,21.8,25.3,238.0,7.6,95.0,2.6
2026-03-07 23:00:00,2026,3,7,23,Vĩnh Long,Xã An Ngãi Trung,10.0916931,106.5448581,88,Moderate,1,25.8,80,0.0,14.6,89,1012.1,24,21.7,25.0,235.0,7.6,93.0,2.5
2026-03-08 00:00:00,2026,3,8,0,Vĩnh Long,Xã An Ngãi Trung,10.0916931,106.5448581,86,Moderate,1,25.6,80,0.0,13.3,89,1011.6,76,21.3,24.7,230.0,7.6,91.0,2.3
2026-03-08 01:00:00,2026,3,8,1,Vĩnh Long,Xã An Ngãi Trung,10.0916931,106.5448581,84,Moderate,1,25.4,80,0.0,13.5,95,1011.0,11,21.3,24.9,225.0,7.5,89.0,2.1
2026-03-08 02:00:00,2026,3,8,2,Vĩnh Long,Xã An Ngãi Trung,10.0916931,106.5448581,82,Moderate,1,25.2,82,0.0,13.7,93,1010.6,1,21.2,24.9,220.0,7.2,88.0,1.9
2026-03-08 03:00:00,2026,3,8,3,Vĩnh Long,Xã An Ngãi Trung,10.0916931,106.5448581,79,Moderate,1,25.0,82,0.0,12.8,89,1010.5,12,21.0,24.7,215.0,6.8,87.0,1.7
2026-03-08 04:00:00,2026,3,8,4,Vĩnh Long,Xã An Ngãi Trung,10.0916931,106.5448581,76,Moderate,1,24.9,82,0.0,11.8,84,1010.4,10,20.7,24.3,219.0,7.0,86.0,1.8
2026-03-08 05:00:00,2026,3,8,5,Vĩnh Long,Xã An Ngãi Trung,10.0916931,106.5448581,72,Moderate,1,24.6,82,0.0,10.4,79,1010.5,2,20.7,24.3,235.0,8.5,81.0,2.4
2026-03-08 06:00:00,2026,3,8,6,Vĩnh Long,Xã An Ngãi Trung,10.0916931,106.5448581,69,Moderate,1,24.5,81,0.0,9.9,71,1011.0,4,21.5,25.1,260.0,10.5,75.0,3.3
2026-03-08 07:00:00,2026,3,8,7,Vĩnh Long,Xã An Ngãi Trung,10.0916931,106.5448581,65,Moderate,1,25.1,84,0.0,9.5,37,1012.1,2,21.4,24.7,287.0,9.5,79.0,3.3
2026-03-08 08:00:00,2026,3,8,8,Vĩnh Long,Xã An Ngãi Trung,10.0916931,106.5448581,64,Moderate,1,26.5,76,0.0,10.6,44,1012.7,3,20.4,24.8,321.0,8.2,90.0,3.8
2026-03-08 09:00:00,2026,3,8,9,Vĩnh Long,Xã An Ngãi Trung,10.0916931,106.5448581,64,Moderate,1,28.0,68,0.1,10.9,54,1013.0,25,19.9,24.7,357.0,6.5,106.0,4.5
2026-03-08 10:00:00,2026,3,8,10,Vĩnh Long,Xã An Ngãi Trung,10.0916931,106.5448581,65,Moderate,1,28.5,66,0.1,10.9,59,1013.0,33,19.2,23.3,379.0,4.9,121.0,4.8
2026-03-08 11:00:00,2026,3,8,11,Vĩnh Long,Xã An Ngãi Trung,10.0916931,106.5448581,65,Moderate,1,29.1,63,0.1,9.0,60,1012.6,26,18.8,22.6,380.0,3.7,133.0,4.4
2026-03-08 12:00:00,2026,3,8,12,Vĩnh Long,Xã An Ngãi Trung,10.0916931,106.5448581,66,Moderate,1,30.0,60,0.1,9.0,67,1011.4,27,18.2,21.9,367.0,2.7,144.0,3.5
2026-03-08 13:00:00,2026,3,8,13,Vĩnh Long,Xã An Ngãi Trung,10.0916931,106.5448581,66,Moderate,1,29.8,62,0.2,11.9,90,1010.7,26,17.3,21.3,345.0,2.0,149.0,2.8
2026-03-08 14:00:00,2026,3,8,14,Vĩnh Long,Xã An Ngãi Trung,10.0916931,106.5448581,66,Moderate,1,30.4,55,0.1,11.7,99,1009.8,48,15.7,20.0,308.0,1.6,147.0,2.2
2026-03-08 15:00:00,2026,3,8,15,Vĩnh Long,Xã An Ngãi Trung,10.0916931,106.5448581,73,Moderate,1,29.9,53,0.0,12.0,112,1009.0,35,13.6,17.6,263.0,1.6,139.0,1.8
2026-03-08 16:00:00,2026,3,8,16,Vĩnh Long,Xã An Ngãi Trung,10.0916931,106.5448581,85,Moderate,1,29.0,54,0.0,13.1,115,1008.9,29,12.3,16.0,235.0,2.3,130.0,1.6
2026-03-08 17:00:00,2026,3,8,17,Vĩnh Long,Xã An Ngãi Trung,10.0916931,106.5448581,94,Moderate,1,27.5,64,0.0,12.5,113,1009.0,14,12.2,15.5,241.0,4.2,119.0,2.0
2026-03-08 18:00:00,2026,3,8,18,Vĩnh Long,Xã An Ngãi Trung,10.0916931,106.5448581,97,Moderate,1,25.9,76,0.0,10.2,120,1009.4,28,14.9,18.1,264.0,6.8,106.0,2.7
2026-03-08 19:00:00,2026,3,8,19,Vĩnh Long,Xã An Ngãi Trung,10.0916931,106.5448581,93,Moderate,1,25.5,84,0.0,8.6,105,1009.9,11,18.4,21.6,278.0,10.1,91.0,3.5
2026-03-08 20:00:00,2026,3,8,20,Vĩnh Long,Xã An Ngãi Trung,10.0916931,106.5448581,85,Moderate,1,25.4,87,0.0,8.8,105,1010.5,2,17.1,20.2,271.0,9.6,92.0,3.5
2026-03-08 21:00:00,2026,3,8,21,Vĩnh Long,Xã An Ngãi Trung,10.0916931,106.5448581,74,Moderate,1,25.3,88,0.0,9.6,103,1011.1,1,16.8,19.9,256.0,8.9,93.0,3.5
2026-03-08 22:00:00,2026,3,8,22,Vĩnh Long,Xã An Ngãi Trung,10.0916931,106.5448581,64,Moderate,1,25.3,88,0.0,9.0,105,1011.1,1,16.9,20.1,241.0,8.2,93.0,3.4
2026-03-08 23:00:00,2026,3,8,23,Vĩnh Long,Xã An Ngãi Trung,10.0916931,106.5448581,64,Moderate,1,25.1,90,0.0,9.4,116,1011.4,0,16.2,19.4,229.0,7.6,93.0,3.0
2026-03-09 00:00:00,2026,3,9,0,Vĩnh Long,Xã An Ngãi Trung,10.0916931,106.5448581,63,Moderate,1,25.0,91,0.0,9.3,117,1011.2,1,14.6,17.7,217.0,7.0,93.0,2.4
2026-03-09 01:00:00,2026,3,9,1,Vĩnh Long,Xã An Ngãi Trung,10.0916931,106.5448581,63,Moderate,1,24.9,94,0.0,7.4,119,1011.0,9,13.7,16.8,209.0,6.9,91.0,2.0
2026-03-09 02:00:00,2026,3,9,2,Vĩnh Long,Xã An Ngãi Trung,10.0916931,106.5448581,62,Moderate,1,25.0,93,0.0,6.6,101,1010.5,13,13.9,16.9,205.0,7.4,87.0,1.9
2026-03-09 03:00:00,2026,3,9,3,Vĩnh Long,Xã An Ngãi Trung,10.0916931,106.5448581,61,Moderate,1,24.8,94,0.0,6.5,95,1010.0,29,14.7,17.7,204.0,8.3,81.0,2.0
2026-03-09 04:00:00,2026,3,9,4,Vĩnh Long,Xã An Ngãi Trung,10.0916931,106.5448581,61,Moderate,1,24.9,93,0.0,7.6,87,1010.0,20,15.9,18.8,212.0,9.5,76.0,2.4
2026-03-09 05:00:00,2026,3,9,5,Vĩnh Long,Xã An Ngãi Trung,10.0916931,106.5448581,60,Moderate,1,25.1,90,0.0,8.7,83,1010.6,12,17.2,19.9,236.0,11.2,71.0,3.2
2026-03-09 06:00:00,2026,3,9,6,Vĩnh Long,Xã An Ngãi Trung,10.0916931,106.5448581,60,Moderate,1,25.1,90,0.0,10.7,67,1011.2,14,20.5,23.1,269.0,13.1,67.0,4.2
2026-03-09 07:00:00,2026,3,9,7,Vĩnh Long,Xã An Ngãi Trung,10.0916931,106.5448581,60,Moderate,1,26.0,86,0.0,11.4,66,1012.0,2,17.8,20.3,290.0,12.2,68.0,3.8
2026-03-09 08:00:00,2026,3,9,8,Vĩnh Long,Xã An Ngãi Trung,10.0916931,106.5448581,60,Moderate,1,27.3,81,0.0,13.0,66,1012.8,15,14.7,17.6,292.0,11.4,81.0,5.0
2026-03-09 09:00:00,2026,3,9,9,Vĩnh Long,Xã An Ngãi Trung,10.0916931,106.5448581,59,Moderate,1,28.2,74,0.1,13.7,72,1013.4,39,15.7,19.1,284.0,10.3,99.0,6.6
2026-03-09 10:00:00,2026,3,9,10,Vĩnh Long,Xã An Ngãi Trung,10.0916931,106.5448581,59,Moderate,1,29.2,68,0.1,13.9,73,1013.4,27,16.8,19.9,268.0,8.8,115.0,7.4
2026-03-09 11:00:00,2026,3,9,11,Vĩnh Long,Xã An Ngãi Trung,10.0916931,106.5448581,59,Moderate,1,29.8,68,0.2,15.0,79,1012.9,23,17.9,19.7,241.0,6.7,127.0,6.6
2026-03-09 12:00:00,2026,3,9,12,Vĩnh Long,Xã An Ngãi Trung,10.0916931,106.5448581,58,Moderate,1,30.1,63,0.1,15.7,85,1011.8,15,16.3,17.9,207.0,4.3,136.0,4.9
2026-03-09 13:00:00,2026,3,9,13,Vĩnh Long,Xã An Ngãi Trung,10.0916931,106.5448581,58,Moderate,1,30.6,59,0.0,14.3,84,1010.9,16,15.9,18.6,181.0,2.6,140.0,3.5
2026-03-09 14:00:00,2026,3,9,14,Vĩnh Long,Xã An Ngãi Trung,10.0916931,106.5448581,58,Moderate,1,30.5,59,0.1,13.7,92,1010.2,25,12.0,14.1,169.0,1.9,135.0,2.5
2026-03-09 15:00:00,2026,3,9,15,Vĩnh Long,Xã An Ngãi Trung,10.0916931,106.5448581,58,Moderate,1,30.0,62,0.2,15.9,100,1009.9,25,10.0,12.0,164.0,1.8,123.0,1.8
2026-03-09 16:00:00,2026,3,9,16,Vĩnh Long,Xã An Ngãi Trung,10.0916931,106.5448581,70,Moderate,1,28.8,67,0.0,18.1,95,1010.0,16,8.8,11.1,163.0,2.3,112.0,1.4
2026-03-09 17:00:00,2026,3,9,17,Vĩnh Long,Xã An Ngãi Trung,10.0916931,106.5448581,76,Moderate,1,28.0,72,0.0,15.2,95,1010.1,27,9.1,12.0,166.0,3.8,101.0,1.6
2026-03-09 18:00:00,2026,3,9,18,Vĩnh Long,Xã An Ngãi Trung,10.0916931,106.5448581,77,Moderate,1,27.0,77,0.0,13.2,95,1010.4,52,11.3,14.3,172.0,5.8,91.0,2.2
2026-03-09 19:00:00,2026,3,9,19,Vĩnh Long,Xã An Ngãi Trung,10.0916931,106.5448581,72,Moderate,1,26.6,82,0.0,13.0,100,1011.0,74,17.4,21.1,176.0,9.2,79.0,3.2
2026-03-09 20:00:00,2026,3,9,20,Vĩnh Long,Xã An Ngãi Trung,10.0916931,106.5448581,62,Moderate,1,26.4,85,0.0,12.9,97,1012.0,80,16.6,20.5,174.0,8.3,80.0,3.0
2026-03-09 21:00:00,2026,3,9,21,Vĩnh Long,Xã An Ngãi Trung,10.0916931,106.5448581,56,Moderate,1,26.1,86,0.0,14.8,100,1012.3,91,15.7,19.7,170.0,7.2,80.0,2.8
2026-03-09 22:00:00,2026,3,9,22,Vĩnh Long,Xã An Ngãi Trung,10.0916931,106.5448581,56,Moderate,1,26.0,86,0.0,14.9,107,1012.7,96,15.3,19.1,166.0,6.6,80.0,2.6
2026-03-09 23:00:00,2026,3,9,23,Vĩnh Long,Xã An Ngãi Trung,10.0916931,106.5448581,56,Moderate,1,26.0,82,0.0,13.8,107,1012.9,96,15.6,19.2,163.0,7.2,78.0,2.5
2026-03-10 00:00:00,2026,3,10,0,Vĩnh Long,Xã An Ngãi Trung,10.0916931,106.5448581,56,Moderate,1,25.9,84,0.2,10.4,91,1012.6,29,16.2,19.6,161.0,8.4,74.0,2.4
2026-03-10 01:00:00,2026,3,10,1,Vĩnh Long,Xã An Ngãi Trung,10.0916931,106.5448581,56,Moderate,1,24.8,93,0.0,3.7,23,1012.0,59,16.5,19.7,160.0,9.4,71.0,2.4
2026-03-10 02:00:00,2026,3,10,2,Vĩnh Long,Xã An Ngãi Trung,10.0916931,106.5448581,57,Moderate,1,25.6,90,0.0,8.3,70,1011.4,11,15.9,19.0,157.0,9.6,68.0,2.2
2026-03-10 03:00:00,2026,3,10,3,Vĩnh Long,Xã An Ngãi Trung,10.0916931,106.5448581,57,Moderate,1,25.5,89,0.0,9.3,75,1010.7,11,15.6,18.4,155.0,9.6,66.0,2.1
2026-03-10 04:00:00,2026,3,10,4,Vĩnh Long,Xã An Ngãi Trung,10.0916931,106.5448581,57,Moderate,1,25.2,89,0.0,10.1,74,1010.7,97,15.4,18.0,160.0,10.1,63.0,2.3
2026-03-10 05:00:00,2026,3,10,5,Vĩnh Long,Xã An Ngãi Trung,10.0916931,106.5448581,57,Moderate,1,24.9,92,0.0,8.5,63,1011.1,91,15.7,18.1,177.0,12.0,58.0,3.1
2026-03-10 06:00:00,2026,3,10,6,Vĩnh Long,Xã An Ngãi Trung,10.0916931,106.5448581,57,Moderate,1,24.5,94,0.0,7.4,58,1011.6,84,17.3,19.7,201.0,14.5,52.0,4.4
2026-03-10 07:00:00,2026,3,10,7,Vĩnh Long,Xã An Ngãi Trung,10.0916931,106.5448581,56,Moderate,1,26.1,87,0.0,11.4,57,1012.5,39,12.4,14.0,222.0,10.8,61.0,3.4
2026-03-10 08:00:00,2026,3,10,8,Vĩnh Long,Xã An Ngãi Trung,10.0916931,106.5448581,56,Moderate,1,27.8,78,0.0,11.5,56,1013.5,5,11.9,14.0,238.0,10.5,73.0,4.8
2026-03-10 09:00:00,2026,3,10,9,Vĩnh Long,Xã An Ngãi Trung,10.0916931,106.5448581,56,Moderate,1,29.1,68,0.0,10.8,57,1013.6,3,13.5,16.2,250.0,9.9,90.0,6.6
2026-03-10 10:00:00,2026,3,10,10,Vĩnh Long,Xã An Ngãi Trung,10.0916931,106.5448581,55,Moderate,1,30.5,61,0.0,11.1,63,1013.8,38,14.1,16.8,253.0,8.8,105.0,7.4
2026-03-10 11:00:00,2026,3,10,11,Vĩnh Long,Xã An Ngãi Trung,10.0916931,106.5448581,55,Moderate,1,31.4,54,0.0,14.6,76,1013.2,63,13.2,15.3,242.0,6.5,115.0,6.4
2026-03-10 12:00:00,2026,3,10,12,Vĩnh Long,Xã An Ngãi Trung,10.0916931,106.5448581,55,Moderate,1,31.1,57,0.0,16.6,89,1012.3,84,11.8,13.8,223.0,3.7,123.0,4.4
2026-03-10 13:00:00,2026,3,10,13,Vĩnh Long,Xã An Ngãi Trung,10.0916931,106.5448581,54,Moderate,1,30.8,58,0.1,15.2,94,1011.5,29,9.9,11.6,206.0,1.7,126.0,2.8
2026-03-10 14:00:00,2026,3,10,14,Vĩnh Long,Xã An Ngãi Trung,10.0916931,106.5448581,54,Moderate,1,30.0,62,0.3,16.4,93,1010.9,48,8.7,10.8,194.0,1.1,120.0,1.9
2026-03-10 15:00:00,2026,3,10,15,Vĩnh Long,Xã An Ngãi Trung,10.0916931,106.5448581,54,Moderate,1,29.6,62,0.6,16.9,81,1010.5,48,8.4,10.9,184.0,1.3,109.0,1.4
2026-03-10 16:00:00,2026,3,10,16,Vĩnh Long,Xã An Ngãi Trung,10.0916931,106.5448581,53,Moderate,1,28.6,68,0.1,20.2,92,1010.4,23,8.4,11.0,178.0,1.9,99.0,1.1
2026-03-10 17:00:00,2026,3,10,17,Vĩnh Long,Xã An Ngãi Trung,10.0916931,106.5448581,55,Moderate,1,27.5,74,0.0,20.3,89,1010.7,21,9.5,12.2,178.0,3.1,93.0,1.3
2026-03-10 18:00:00,2026,3,10,18,Vĩnh Long,Xã An Ngãi Trung,10.0916931,106.5448581,56,Moderate,1,26.8,76,0.0,17.5,88,1011.0,21,10.9,13.5,182.0,4.8,89.0,1.8
2026-03-10 19:00:00,2026,3,10,19,Vĩnh Long,Xã An Ngãi Trung,10.0916931,106.5448581,53,Moderate,1,26.6,79,0.0,21.3,85,1011.6,22,13.9,16.8,185.0,7.5,86.0,2.6
2026-03-10 20:00:00,2026,3,10,20,Vĩnh Long,Xã An Ngãi Trung,10.0916931,106.5448581,53,Moderate,1,26.5,79,0.0,20.8,73,1012.4,49,13.5,16.2,185.0,7.3,85.0,2.5
2026-03-10 21:00:00,2026,3,10,21,Vĩnh Long,Xã An Ngãi Trung,10.0916931,106.5448581,53,Moderate,1,26.4,81,0.0,17.3,77,1012.4,19,12.7,15.5,183.0,7.1,83.0,2.4
2026-03-10 22:00:00,2026,3,10,22,Vĩnh Long,Xã An Ngãi Trung,10.0916931,106.5448581,53,Moderate,1,26.2,81,0.0,17.7,88,1012.7,30,12.4,15.1,181.0,6.9,82.0,2.2
2026-03-10 23:00:00,2026,3,10,23,Vĩnh Long,Xã An Ngãi Trung,10.0916931,106.5448581,52,Moderate,1,26.3,77,0.0,19.1,91,1012.4,10,11.8,14.4,178.0,6.5,81.0,1.9
2026-03-11 00:00:00,2026,3,11,0,Vĩnh Long,Xã An Ngãi Trung,10.0916931,106.5448581,52,Moderate,1,26.0,79,0.0,17.0,83,1012.0,36,11.0,13.4,176.0,6.1,80.0,1.5
2026-03-11 01:00:00,2026,3,11,1,Vĩnh Long,Xã An Ngãi Trung,10.0916931,106.5448581,51,Moderate,1,26.1,80,0.0,13.4,78,1011.8,66,10.9,13.2,176.0,6.2,78.0,1.4
2026-03-11 02:00:00,2026,3,11,2,Vĩnh Long,Xã An Ngãi Trung,10.0916931,106.5448581,51,Moderate,1,26.0,81,0.0,12.1,69,1011.3,70,11.3,13.5,180.0,6.9,75.0,1.4
2026-03-11 03:00:00,2026,3,11,3,Vĩnh Long,Xã An Ngãi Trung,10.0916931,106.5448581,51,Moderate,1,25.5,83,0.0,9.9,55,1010.8,83,12.1,14.3,188.0,8.0,72.0,1.5
2026-03-11 04:00:00,2026,3,11,4,Vĩnh Long,Xã An Ngãi Trung,10.0916931,106.5448581,50,Good,0,25.1,85,0.0,9.0,47,1010.6,97,14.0,16.0,199.0,10.1,68.0,2.4
2026-03-11 05:00:00,2026,3,11,5,Vĩnh Long,Xã An Ngãi Trung,10.0916931,106.5448581,50,Good,0,24.8,87,0.0,7.5,57,1010.9,98,17.3,19.3,218.0,14.5,59.0,4.6
2026-03-11 06:00:00,2026,3,11,6,Vĩnh Long,Xã An Ngãi Trung,10.0916931,106.5448581,50,Good,0,24.5,88,0.0,6.5,62,1011.2,98,22.1,24.2,240.0,19.9,49.0,7.5
2026-03-11 07:00:00,2026,3,11,7,Vĩnh Long,Xã An Ngãi Trung,10.0916931,106.5448581,51,Moderate,1,25.9,81,0.0,9.8,67,1012.0,40,22.7,24.5,252.0,17.7,57.0,7.0
2026-03-11 08:00:00,2026,3,11,8,Vĩnh Long,Xã An Ngãi Trung,10.0916931,106.5448581,52,Moderate,1,27.5,73,0.0,12.6,77,1012.8,25,18.2,20.8,244.0,14.2,74.0,6.7
2026-03-11 09:00:00,2026,3,11,9,Vĩnh Long,Xã An Ngãi Trung,10.0916931,106.5448581,52,Moderate,1,28.8,66,0.0,12.1,75,1013.3,95,15.4,18.5,226.0,9.2,98.0,6.3
2026-03-11 10:00:00,2026,3,11,10,Vĩnh Long,Xã An Ngãi Trung,10.0916931,106.5448581,52,Moderate,1,29.8,61,0.0,12.5,74,1013.1,79,14.1,17.0,214.0,5.3,117.0,5.7
2026-03-11 11:00:00,2026,3,11,11,Vĩnh Long,Xã An Ngãi Trung,10.0916931,106.5448581,52,Moderate,1,30.4,58,0.0,12.6,80,1012.5,90,13.0,15.7,216.0,3.3,127.0,4.6
2026-03-11 12:00:00,2026,3,11,12,Vĩnh Long,Xã An Ngãi Trung,10.0916931,106.5448581,52,Moderate,1,31.0,57,0.0,11.0,87,1011.3,88,11.6,14.1,223.0,2.3,131.0,3.3
2026-03-11 13:00:00,2026,3,11,13,Vĩnh Long,Xã An Ngãi Trung,10.0916931,106.5448581,52,Moderate,1,31.1,54,0.1,11.0,84,1010.7,79,10.9,13.3,228.0,1.8,134.0,2.4
2026-03-11 14:00:00,2026,3,11,14,Vĩnh Long,Xã An Ngãi Trung,10.0916931,106.5448581,52,Moderate,1,30.1,60,1.0,11.4,106,1009.9,89,10.8,13.2,226.0,1.6,136.0,2.1
2026-03-11 15:00:00,2026,3,11,15,Vĩnh Long,Xã An Ngãi Trung,10.0916931,106.5448581,53,Moderate,1,28.8,64,0.6,13.1,105,1009.5,78,11.2,13.7,221.0,1.9,135.0,2.1
2026-03-11 16:00:00,2026,3,11,16,Vĩnh Long,Xã An Ngãi Trung,10.0916931,106.5448581,69,Moderate,1,28.5,63,0.0,14.2,98,1009.3,52,11.4,14.1,217.0,2.6,131.0,2.2
2026-03-11 17:00:00,2026,3,11,17,Vĩnh Long,Xã An Ngãi Trung,10.0916931,106.5448581,81,Moderate,1,27.8,69,0.0,17.0,99,1009.4,43,12.1,15.3,216.0,4.1,121.0,2.2
2026-03-11 18:00:00,2026,3,11,18,Vĩnh Long,Xã An Ngãi Trung,10.0916931,106.5448581,86,Moderate,1,26.5,75,0.0,14.5,95,1009.8,40,14.3,17.5,216.0,6.0,108.0,2.3
2026-03-11 19:00:00,2026,3,11,19,Vĩnh Long,Xã An Ngãi Trung,10.0916931,106.5448581,84,Moderate,1,26.6,75,0.0,13.2,97,1010.2,26,13.6,16.6,214.0,6.9,99.0,2.4
2026-03-11 20:00:00,2026,3,11,20,Vĩnh Long,Xã An Ngãi Trung,10.0916931,106.5448581,78,Moderate,1,26.5,75,0.0,16.8,99,1011.1,57,13.6,16.7,208.0,6.5,98.0,2.3
2026-03-11 21:00:00,2026,3,11,21,Vĩnh Long,Xã An Ngãi Trung,10.0916931,106.5448581,71,Moderate,1,26.1,77,0.0,18.9,100,1011.3,71,13.1,16.2,200.0,6.0,97.0,2.2
2026-03-11 22:00:00,2026,3,11,22,Vĩnh Long,Xã An Ngãi Trung,10.0916931,106.5448581,63,Moderate,1,26.1,73,0.0,20.1,102,1011.7,83,12.6,15.6,194.0,5.6,96.0,2.1
2026-03-11 23:00:00,2026,3,11,23,Vĩnh Long,Xã An Ngãi Trung,10.0916931,106.5448581,55,Moderate,1,26.0,74,0.0,19.0,102,1011.7,32,11.8,14.8,191.0,5.5,94.0,1.9
2026-03-12 00:00:00,2026,3,12,0,Vĩnh Long,Xã An Ngãi Trung,10.0916931,106.5448581,54,Moderate,1,26.0,73,0.0,18.8,99,1011.3,59,11.1,13.9,189.0,5.6,92.0,1.6
2026-03-12 01:00:00,2026,3,12,1,Vĩnh Long,Xã An Ngãi Trung,10.0916931,106.5448581,54,Moderate,1,25.9,77,0.0,17.1,94,1010.6,53,10.8,13.4,189.0,5.7,90.0,1.4
2026-03-12 02:00:00,2026,3,12,2,Vĩnh Long,Xã An Ngãi Trung,10.0916931,106.5448581,54,Moderate,1,25.8,78,0.0,15.7,88,1010.2,78,10.6,13.0,188.0,5.9,88.0,1.3
2026-03-12 03:00:00,2026,3,12,3,Vĩnh Long,Xã An Ngãi Trung,10.0916931,106.5448581,54,Moderate,1,25.6,78,0.0,15.1,89,1009.9,27,10.4,12.7,189.0,6.1,86.0,1.4
2026-03-12 04:00:00,2026,3,12,4,Vĩnh Long,Xã An Ngãi Trung,10.0916931,106.5448581,53,Moderate,1,25.6,77,0.0,15.8,88,1009.9,52,10.3,12.4,196.0,6.4,84.0,1.5
2026-03-12 05:00:00,2026,3,12,5,Vĩnh Long,Xã An Ngãi Trung,10.0916931,106.5448581,53,Moderate,1,25.6,77,0.0,16.7,83,1010.2,16,10.1,12.1,219.0,7.0,81.0,1.8
2026-03-12 06:00:00,2026,3,12,6,Vĩnh Long,Xã An Ngãi Trung,10.0916931,106.5448581,52,Moderate,1,25.6,76,0.0,16.9,78,1010.6,5,10.0,12.0,248.0,7.6,78.0,2.1
2026-03-12 07:00:00,2026,3,12,7,Vĩnh Long,Xã An Ngãi Trung,10.0916931,106.5448581,51,Moderate,1,26.4,76,0.0,17.4,79,1011.6,16,11.5,14.0,265.0,6.4,83.0,1.9
2026-03-12 08:00:00,2026,3,12,8,Vĩnh Long,Xã An Ngãi Trung,10.0916931,106.5448581,50,Good,0,27.8,69,0.0,20.1,80,1012.4,16,10.8,13.4,256.0,5.3,90.0,1.9
2026-03-12 09:00:00,2026,3,12,9,Vĩnh Long,Xã An Ngãi Trung,10.0916931,106.5448581,49,Good,0,28.9,63,0.0,22.4,82,1012.3,21,10.0,12.7,233.0,3.9,100.0,1.9
2026-03-12 10:00:00,2026,3,12,10,Vĩnh Long,Xã An Ngãi Trung,10.0916931,106.5448581,49,Good,0,29.5,59,0.0,23.0,83,1012.6,11,9.7,12.6,216.0,2.7,108.0,1.8
2026-03-12 11:00:00,2026,3,12,11,Vĩnh Long,Xã An Ngãi Trung,10.0916931,106.5448581,48,Good,0,30.1,55,0.0,23.7,83,1012.0,3,9.6,12.6,211.0,2.1,114.0,1.6
2026-03-12 12:00:00,2026,3,12,12,Vĩnh Long,Xã An Ngãi Trung,10.0916931,106.5448581,47,Good,0,30.4,53,0.0,24.7,87,1010.9,14,9.5,12.6,212.0,1.7,118.0,1.4
2026-03-12 13:00:00,2026,3,12,13,Vĩnh Long,Xã An Ngãi Trung,10.0916931,106.5448581,47,Good,0,30.4,53,0.0,25.6,91,1010.3,2,9.1,12.0,213.0,1.5,120.0,1.2
2026-03-12 14:00:00,2026,3,12,14,Vĩnh Long,Xã An Ngãi Trung,10.0916931,106.5448581,47,Good,0,29.6,54,0.0,26.7,94,1009.3,8,8.8,11.6,213.0,1.4,118.0,1.1
2026-03-12 15:00:00,2026,3,12,15,Vĩnh Long,Xã An Ngãi Trung,10.0916931,106.5448581,49,Good,0,29.0,61,0.0,24.6,101,1008.4,7,8.8,11.7,213.0,1.5,114.0,1.0
2026-03-12 16:00:00,2026,3,12,16,Vĩnh Long,Xã An Ngãi Trung,10.0916931,106.5448581,54,Moderate,1,28.1,62,0.0,24.6,96,1008.3,10,9.1,12.0,215.0,2.0,110.0,1.1
2026-03-12 17:00:00,2026,3,12,17,Vĩnh Long,Xã An Ngãi Trung,10.0916931,106.5448581,58,Moderate,1,27.1,70,0.0,21.3,94,1008.5,8,10.0,13.0,221.0,3.1,107.0,1.4
2026-03-12 18:00:00,2026,3,12,18,Vĩnh Long,Xã An Ngãi Trung,10.0916931,106.5448581,60,Moderate,1,26.0,75,0.0,18.1,95,1009.0,6,11.9,15.0,228.0,4.5,104.0,1.8
2026-03-12 19:00:00,2026,3,12,19,Vĩnh Long,Xã An Ngãi Trung,10.0916931,106.5448581,59,Moderate,1,26.0,80,0.0,18.6,94,1009.6,13,12.5,15.7,233.0,5.5,100.0,2.1
2026-03-12 20:00:00,2026,3,12,20,Vĩnh Long,Xã An Ngãi Trung,10.0916931,106.5448581,56,Moderate,1,26.1,74,0.0,21.9,95,1010.4,2,12.4,15.5,232.0,5.3,98.0,2.0
2026-03-12 21:00:00,2026,3,12,21,Vĩnh Long,Xã An Ngãi Trung,10.0916931,106.5448581,52,Moderate,1,25.9,76,0.0,21.8,94,1011.1,5,12.1,15.3,229.0,4.9,96.0,1.9
2026-03-12 22:00:00,2026,3,12,22,Vĩnh Long,Xã An Ngãi Trung,10.0916931,106.5448581,49,Good,0,25.8,74,0.0,22.4,93,1011.3,2,11.9,15.1,226.0,4.7,94.0,1.7
2026-03-12 23:00:00,2026,3,12,23,Vĩnh Long,Xã An Ngãi Trung,10.0916931,106.5448581,48,Good,0,25.6,75,0.0,22.3,92,1011.6,1,11.8,14.9,224.0,4.7,93.0,1.5
2026-03-13 00:00:00,2026,3,13,0,Vĩnh Long,Xã An Ngãi Trung,10.0916931,106.5448581,46,Good,0,25.5,75,0.0,22.7,92,1011.2,1,11.5,14.5,221.0,4.9,92.0,1.3
2026-03-13 01:00:00,2026,3,13,1,Vĩnh Long,Xã An Ngãi Trung,10.0916931,106.5448581,45,Good,0,25.5,74,0.0,24.0,94,1010.5,1,11.2,14.1,220.0,5.0,91.0,1.2
2026-03-13 02:00:00,2026,3,13,2,Vĩnh Long,Xã An Ngãi Trung,10.0916931,106.5448581,45,Good,0,25.6,72,0.0,23.4,94,1009.9,1,10.9,13.7,218.0,5.0,91.0,1.1
2026-03-13 03:00:00,2026,3,13,3,Vĩnh Long,Xã An Ngãi Trung,10.0916931,106.5448581,44,Good,0,25.5,72,0.0,22.1,89,1009.6,3,10.8,13.4,217.0,4.9,91.0,1.1
2026-03-13 04:00:00,2026,3,13,4,Vĩnh Long,Xã An Ngãi Trung,10.0916931,106.5448581,44,Good,0,25.3,74,0.0,21.8,86,1010.1,2,10.8,13.2,223.0,5.1,91.0,1.2
2026-03-13 05:00:00,2026,3,13,5,Vĩnh Long,Xã An Ngãi Trung,10.0916931,106.5448581,44,Good,0,25.2,75,0.0,20.7,83,1010.1,4,10.8,13.2,242.0,6.0,89.0,1.6
2026-03-13 06:00:00,2026,3,13,6,Vĩnh Long,Xã An Ngãi Trung,10.0916931,106.5448581,44,Good,0,25.2,75,0.0,20.5,79,1010.8,12,11.0,13.4,269.0,7.1,86.0,2.2
2026-03-13 07:00:00,2026,3,13,7,Vĩnh Long,Xã An Ngãi Trung,10.0916931,106.5448581,45,Good,0,26.2,75,0.0,20.7,79,1011.8,4,11.6,14.2,287.0,6.2,89.0,1.9
2026-03-13 08:00:00,2026,3,13,8,Vĩnh Long,Xã An Ngãi Trung,10.0916931,106.5448581,45,Good,0,27.4,67,0.0,24.8,81,1012.5,35,11.4,14.2,290.0,5.1,96.0,1.8
2026-03-13 09:00:00,2026,3,13,9,Vĩnh Long,Xã An Ngãi Trung,10.0916931,106.5448581,45,Good,0,28.4,61,0.0,26.0,82,1012.9,17,10.7,13.6,285.0,3.5,106.0,1.6
2026-03-13 10:00:00,2026,3,13,10,Vĩnh Long,Xã An Ngãi Trung,10.0916931,106.5448581,45,Good,0,29.0,59,0.0,27.1,85,1013.0,12,10.0,13.0,281.0,2.3,114.0,1.4
2026-03-13 11:00:00,2026,3,13,11,Vĩnh Long,Xã An Ngãi Trung,10.0916931,106.5448581,45,Good,0,29.6,55,0.0,27.7,84,1012.4,1,9.3,12.3,281.0,1.7,118.0,1.2
2026-03-13 12:00:00,2026,3,13,12,Vĩnh Long,Xã An Ngãi Trung,10.0916931,106.5448581,46,Good,0,30.1,51,0.0,27.6,83,1011.5,3,9.0,11.8,282.0,1.4,121.0,1.0
2026-03-13 13:00:00,2026,3,13,13,Vĩnh Long,Xã An Ngãi Trung,10.0916931,106.5448581,47,Good,0,30.1,51,0.0,29.0,90,1010.7,0,9.0,11.8,283.0,1.3,122.0,0.9
2026-03-13 14:00:00,2026,3,13,14,Vĩnh Long,Xã An Ngãi Trung,10.0916931,106.5448581,49,Good,0,30.0,50,0.0,27.5,91,1009.8,2,9.4,12.3,283.0,1.3,123.0,0.9
2026-03-13 15:00:00,2026,3,13,15,Vĩnh Long,Xã An Ngãi Trung,10.0916931,106.5448581,56,Moderate,1,29.6,52,0.0,24.9,93,1009.1,2,10.0,13.0,282.0,1.6,122.0,1.0
2026-03-13 16:00:00,2026,3,13,16,Vĩnh Long,Xã An Ngãi Trung,10.0916931,106.5448581,63,Moderate,1,28.6,56,0.0,23.5,96,1009.0,3,10.8,14.1,284.0,2.1,121.0,1.2
2026-03-13 17:00:00,2026,3,13,17,Vĩnh Long,Xã An Ngãi Trung,10.0916931,106.5448581,68,Moderate,1,27.5,63,0.0,20.8,96,1008.9,0,12.0,15.5,292.0,3.3,118.0,1.5
2026-03-13 18:00:00,2026,3,13,18,Vĩnh Long,Xã An Ngãi Trung,10.0916931,106.5448581,71,Moderate,1,26.4,68,0.0,17.7,92,1009.8,9,13.9,17.3,303.0,4.7,114.0,1.9
2026-03-13 19:00:00,2026,3,13,19,Vĩnh Long,Xã An Ngãi Trung,10.0916931,106.5448581,71,Moderate,1,26.5,69,0.0,17.8,88,1010.2,12,17.5,21.8,308.0,6.3,109.0,2.3
2026-03-13 20:00:00,2026,3,13,20,Vĩnh Long,Xã An Ngãi Trung,10.0916931,106.5448581,69,Moderate,1,26.4,72,0.0,15.7,71,1011.8,37,17.5,21.6,304.0,6.3,108.0,2.3
2026-03-13 21:00:00,2026,3,13,21,Vĩnh Long,Xã An Ngãi Trung,10.0916931,106.5448581,66,Moderate,1,26.1,76,0.0,16.0,83,1012.2,91,17.3,21.3,294.0,6.4,105.0,2.3
2026-03-13 22:00:00,2026,3,13,22,Vĩnh Long,Xã An Ngãi Trung,10.0916931,106.5448581,62,Moderate,1,26.1,75,0.0,17.4,83,1012.2,55,16.9,20.7,283.0,6.5,103.0,2.2
2026-03-13 23:00:00,2026,3,13,23,Vĩnh Long,Xã An Ngãi Trung,10.0916931,106.5448581,58,Moderate,1,25.8,78,0.0,16.1,86,1011.9,74,16.1,19.6,272.0,6.7,100.0,2.0
2026-03-14 00:00:00,2026,3,14,0,Vĩnh Long,Xã An Ngãi Trung,10.0916931,106.5448581,53,Moderate,1,25.8,79,0.0,15.2,83,1011.9,64,15.5,18.7,260.0,7.0,97.0,1.8
2026-03-14 01:00:00,2026,3,14,1,Vĩnh Long,Xã An Ngãi Trung,10.0916931,106.5448581,50,Good,0,25.5,81,0.0,13.3,82,1011.0,34,15.4,18.5,251.0,7.2,94.0,1.7
2026-03-14 02:00:00,2026,3,14,2,Vĩnh Long,Xã An Ngãi Trung,10.0916931,106.5448581,51,Moderate,1,25.7,80,0.0,14.2,81,1010.9,100,15.4,18.3,245.0,7.3,92.0,1.7
2026-03-14 03:00:00,2026,3,14,3,Vĩnh Long,Xã An Ngãi Trung,10.0916931,106.5448581,51,Moderate,1,25.8,80,0.0,14.5,79,1010.7,100,15.0,17.6,241.0,7.4,91.0,1.7
2026-03-14 04:00:00,2026,3,14,4,Vĩnh Long,Xã An Ngãi Trung,10.0916931,106.5448581,52,Moderate,1,25.9,79,0.0,13.3,74,1010.7,95,14.1,16.5,245.0,7.4,89.0,1.8
2026-03-14 05:00:00,2026,3,14,5,Vĩnh Long,Xã An Ngãi Trung,10.0916931,106.5448581,52,Moderate,1,25.3,81,0.0,13.2,79,1011.0,100,12.7,14.7,264.0,7.7,86.0,2.0
2026-03-14 06:00:00,2026,3,14,6,Vĩnh Long,Xã An Ngãi Trung,10.0916931,106.5448581,52,Moderate,1,25.1,83,0.0,12.6,77,1011.7,100,11.2,12.9,290.0,7.9,83.0,2.2
2026-03-14 07:00:00,2026,3,14,7,Vĩnh Long,Xã An Ngãi Trung,10.0916931,106.5448581,52,Moderate,1,26.1,79,0.0,13.6,78,1012.8,92,10.0,11.5,302.0,8.0,83.0,2.3
2026-03-14 08:00:00,2026,3,14,8,Vĩnh Long,Xã An Ngãi Trung,10.0916931,106.5448581,52,Moderate,1,27.2,73,0.0,15.9,74,1013.7,78,8.8,10.5,288.0,6.4,91.0,2.1
2026-03-14 09:00:00,2026,3,14,9,Vĩnh Long,Xã An Ngãi Trung,10.0916931,106.5448581,52,Moderate,1,28.6,64,0.0,18.2,76,1014.0,19,7.8,9.9,261.0,4.3,101.0,1.8
2026-03-14 10:00:00,2026,3,14,10,Vĩnh Long,Xã An Ngãi Trung,10.0916931,106.5448581,51,Moderate,1,29.6,57,0.0,19.7,81,1013.9,18,7.9,10.2,238.0,2.6,110.0,1.6
2026-03-14 11:00:00,2026,3,14,11,Vĩnh Long,Xã An Ngãi Trung,10.0916931,106.5448581,51,Moderate,1,30.6,52,0.0,21.7,80,1013.5,8,8.0,10.6,226.0,1.8,115.0,1.4
2026-03-14 12:00:00,2026,3,14,12,Vĩnh Long,Xã An Ngãi Trung,10.0916931,106.5448581,51,Moderate,1,30.6,51,0.0,21.2,80,1012.4,14,7.9,10.5,217.0,1.5,118.0,1.3
2026-03-14 13:00:00,2026,3,14,13,Vĩnh Long,Xã An Ngãi Trung,10.0916931,106.5448581,51,Moderate,1,31.0,50,0.0,23.0,81,1012.1,20,7.5,10.0,212.0,1.4,119.0,1.2
2026-03-14 14:00:00,2026,3,14,14,Vĩnh Long,Xã An Ngãi Trung,10.0916931,106.5448581,51,Moderate,1,30.4,55,0.0,23.0,85,1011.2,20,7.6,10.1,210.0,1.4,119.0,1.2
2026-03-14 15:00:00,2026,3,14,15,Vĩnh Long,Xã An Ngãi Trung,10.0916931,106.5448581,51,Moderate,1,29.4,58,0.0,23.7,85,1010.5,22,7.9,10.4,211.0,1.5,116.0,1.2
2026-03-14 16:00:00,2026,3,14,16,Vĩnh Long,Xã An Ngãi Trung,10.0916931,106.5448581,56,Moderate,1,28.6,64,0.0,22.3,87,1010.3,14,8.1,10.6,212.0,2.0,114.0,1.3
2026-03-14 17:00:00,2026,3,14,17,Vĩnh Long,Xã An Ngãi Trung,10.0916931,106.5448581,61,Moderate,1,27.5,67,0.0,21.6,91,1010.6,12,8.6,11.0,212.0,3.0,111.0,1.5
2026-03-14 18:00:00,2026,3,14,18,Vĩnh Long,Xã An Ngãi Trung,10.0916931,106.5448581,63,Moderate,1,26.0,80,0.0,20.0,91,1011.1,2,10.1,12.5,211.0,4.3,108.0,1.8
2026-03-14 19:00:00,2026,3,14,19,Vĩnh Long,Xã An Ngãi Trung,10.0916931,106.5448581,62,Moderate,1,26.4,78,0.0,20.5,92,1011.8,7,12.3,15.1,210.0,5.2,106.0,1.9
2026-03-14 20:00:00,2026,3,14,20,Vĩnh Long,Xã An Ngãi Trung,10.0916931,106.5448581,60,Moderate,1,26.3,75,0.0,22.7,88,1012.5,6,11.8,14.4,207.0,5.8,105.0,2.0
2026-03-14 21:00:00,2026,3,14,21,Vĩnh Long,Xã An Ngãi Trung,10.0916931,106.5448581,58,Moderate,1,26.0,79,0.0,20.0,86,1013.0,0,11.8,14.2,203.0,6.6,102.0,2.2
2026-03-14 22:00:00,2026,3,14,22,Vĩnh Long,Xã An Ngãi Trung,10.0916931,106.5448581,54,Moderate,1,25.6,82,0.0,17.2,85,1013.3,8,12.7,15.0,199.0,7.3,100.0,2.4
2026-03-14 23:00:00,2026,3,14,23,Vĩnh Long,Xã An Ngãi Trung,10.0916931,106.5448581,50,Good,0,25.4,84,0.0,16.7,79,1013.2,0,14.1,16.4,195.0,8.0,97.0,2.5
2026-03-15 00:00:00,2026,3,15,0,Vĩnh Long,Xã An Ngãi Trung,10.0916931,106.5448581,49,Good,0,25.2,83,0.0,15.0,76,1013.0,1,14.9,17.3,192.0,8.6,94.0,2.6
2026-03-15 01:00:00,2026,3,15,1,Vĩnh Long,Xã An Ngãi Trung,10.0916931,106.5448581,48,Good,0,25.1,85,0.0,13.8,82,1012.3,4,15.7,18.4,191.0,9.0,91.0,2.6
2026-03-15 02:00:00,2026,3,15,2,Vĩnh Long,Xã An Ngãi Trung,10.0916931,106.5448581,47,Good,0,25.0,85,0.0,13.0,80,1011.7,3,16.2,19.1,192.0,8.8,89.0,2.3
2026-03-15 03:00:00,2026,3,15,3,Vĩnh Long,Xã An Ngãi Trung,10.0916931,106.5448581,46,Good,0,24.6,87,0.0,9.7,75,1011.8,8,16.6,19.6,195.0,8.3,88.0,2.0
2026-03-15 04:00:00,2026,3,15,4,Vĩnh Long,Xã An Ngãi Trung,10.0916931,106.5448581,46,Good,0,24.4,88,0.0,8.4,71,1011.9,4,17.0,20.0,205.0,8.7,85.0,2.0
2026-03-15 05:00:00,2026,3,15,5,Vĩnh Long,Xã An Ngãi Trung,10.0916931,106.5448581,46,Good,0,24.0,89,0.0,6.7,63,1012.3,3,17.9,20.8,231.0,11.2,78.0,2.9
2026-03-15 06:00:00,2026,3,15,6,Vĩnh Long,Xã An Ngãi Trung,10.0916931,106.5448581,47,Good,0,23.8,90,0.0,6.6,49,1013.1,15,19.7,22.6,265.0,14.6,69.0,4.1
2026-03-15 07:00:00,2026,3,15,7,Vĩnh Long,Xã An Ngãi Trung,10.0916931,106.5448581,49,Good,0,25.6,81,0.0,8.8,73,1013.4,2,15.1,18.2,282.0,7.9,85.0,2.4
2026-03-15 08:00:00,2026,3,15,8,Vĩnh Long,Xã An Ngãi Trung,10.0916931,106.5448581,50,Good,0,27.6,70,0.0,11.9,80,1014.2,1,12.5,15.8,267.0,6.3,93.0,2.2
2026-03-15 09:00:00,2026,3,15,9,Vĩnh Long,Xã An Ngãi Trung,10.0916931,106.5448581,50,Good,0,28.9,63,0.0,12.5,83,1014.7,5,11.3,14.6,236.0,4.1,104.0,1.8
2026-03-15 10:00:00,2026,3,15,10,Vĩnh Long,Xã An Ngãi Trung,10.0916931,106.5448581,50,Good,0,29.6,60,0.0,15.1,89,1014.8,13,10.5,13.8,211.0,2.4,113.0,1.5
2026-03-15 11:00:00,2026,3,15,11,Vĩnh Long,Xã An Ngãi Trung,10.0916931,106.5448581,51,Moderate,1,30.0,58,0.0,17.5,92,1014.0,8,9.9,13.1,202.0,1.6,117.0,1.2
2026-03-15 12:00:00,2026,3,15,12,Vĩnh Long,Xã An Ngãi Trung,10.0916931,106.5448581,51,Moderate,1,30.4,55,0.0,18.2,93,1012.9,5,9.3,12.3,200.0,1.3,119.0,1.0
2026-03-15 13:00:00,2026,3,15,13,Vĩnh Long,Xã An Ngãi Trung,10.0916931,106.5448581,51,Moderate,1,30.7,53,0.0,18.5,90,1012.0,7,8.6,11.5,199.0,1.2,119.0,0.8
2026-03-15 14:00:00,2026,3,15,14,Vĩnh Long,Xã An Ngãi Trung,10.0916931,106.5448581,51,Moderate,1,30.5,54,0.0,20.3,91,1011.2,25,8.5,11.4,196.0,1.3,118.0,0.8
2026-03-15 15:00:00,2026,3,15,15,Vĩnh Long,Xã An Ngãi Trung,10.0916931,106.5448581,51,Moderate,1,29.1,61,0.3,24.1,84,1010.6,31,8.5,11.3,193.0,1.6,115.0,0.9
2026-03-15 16:00:00,2026,3,15,16,Vĩnh Long,Xã An Ngãi Trung,10.0916931,106.5448581,58,Moderate,1,28.5,65,0.0,22.9,83,1010.4,27,9.4,12.3,192.0,2.1,112.0,1.1
2026-03-15 17:00:00,2026,3,15,17,Vĩnh Long,Xã An Ngãi Trung,10.0916931,106.5448581,62,Moderate,1,27.1,72,0.0,21.3,85,1010.7,28,9.7,12.5,193.0,3.1,109.0,1.4
2026-03-15 18:00:00,2026,3,15,18,Vĩnh Long,Xã An Ngãi Trung,10.0916931,106.5448581,63,Moderate,1,26.0,79,0.0,19.4,89,1011.2,17,10.7,13.6,195.0,4.4,107.0,1.8
2026-03-15 19:00:00,2026,3,15,19,Vĩnh Long,Xã An Ngãi Trung,10.0916931,106.5448581,61,Moderate,1,26.1,80,0.0,20.4,93,1011.9,19,12.3,15.3,197.0,5.6,104.0,2.1
2026-03-15 20:00:00,2026,3,15,20,Vĩnh Long,Xã An Ngãi Trung,10.0916931,106.5448581,59,Moderate,1,26.1,76,0.0,20.7,97,1012.4,9,11.6,14.4,197.0,5.5,103.0,2.1
2026-03-15 21:00:00,2026,3,15,21,Vĩnh Long,Xã An Ngãi Trung,10.0916931,106.5448581,55,Moderate,1,26.0,75,0.0,20.2,95,1012.9,21,11.1,13.9,196.0,5.4,101.0,2.0
2026-03-15 22:00:00,2026,3,15,22,Vĩnh Long,Xã An Ngãi Trung,10.0916931,106.5448581,51,Moderate,1,25.9,74,0.0,22.2,95,1013.2,6,10.7,13.4,195.0,5.3,99.0,1.9
2026-03-15 23:00:00,2026,3,15,23,Vĩnh Long,Xã An Ngãi Trung,10.0916931,106.5448581,51,Moderate,1,25.7,76,0.0,23.1,92,1013.2,13,10.3,12.9,193.0,5.3,97.0,1.7
2026-03-16 00:00:00,2026,3,16,0,Vĩnh Long,Xã An Ngãi Trung,10.0916931,106.5448581,51,Moderate,1,25.5,78,0.0,23.4,90,1012.7,9,9.8,12.2,189.0,5.4,94.0,1.5
2026-03-16 01:00:00,2026,3,16,1,Vĩnh Long,Xã An Ngãi Trung,10.0916931,106.5448581,50,Good,0,25.5,76,0.0,22.7,89,1012.1,34,9.6,11.9,187.0,5.4,92.0,1.3
2026-03-16 02:00:00,2026,3,16,2,Vĩnh Long,Xã An Ngãi Trung,10.0916931,106.5448581,50,Good,0,25.2,78,0.0,22.2,85,1011.4,4,9.5,11.8,185.0,5.3,91.0,1.3
2026-03-16 03:00:00,2026,3,16,3,Vĩnh Long,Xã An Ngãi Trung,10.0916931,106.5448581,49,Good,0,25.0,78,0.0,22.3,89,1010.6,1,9.5,11.8,184.0,5.2,91.0,1.3
2026-03-16 04:00:00,2026,3,16,4,Vĩnh Long,Xã An Ngãi Trung,10.0916931,106.5448581,47,Good,0,25.0,77,0.0,21.2,90,1010.7,1,9.4,11.8,186.0,5.2,91.0,1.4
2026-03-16 05:00:00,2026,3,16,5,Vĩnh Long,Xã An Ngãi Trung,10.0916931,106.5448581,46,Good,0,24.9,78,0.0,20.7,90,1010.8,6,9.4,11.8,197.0,5.4,90.0,1.6
2026-03-16 06:00:00,2026,3,16,6,Vĩnh Long,Xã An Ngãi Trung,10.0916931,106.5448581,45,Good,0,24.8,79,0.0,21.2,89,1011.5,5,9.5,12.0,212.0,5.7,89.0,1.7
2026-03-16 07:00:00,2026,3,16,7,Vĩnh Long,Xã An Ngãi Trung,10.0916931,106.5448581,43,Good,0,26.0,75,0.0,20.7,89,1012.0,0,9.5,11.8,219.0,5.5,90.0,1.8
2026-03-16 08:00:00,2026,3,16,8,Vĩnh Long,Xã An Ngãi Trung,10.0916931,106.5448581,42,Good,0,27.4,68,0.0,24.2,87,1012.7,0,9.1,11.9,212.0,4.4,96.0,1.6
2026-03-16 09:00:00,2026,3,16,9,Vĩnh Long,Xã An Ngãi Trung,10.0916931,106.5448581,42,Good,0,28.5,60,0.0,25.6,86,1013.3,0,8.8,11.9,198.0,2.9,104.0,1.2
2026-03-16 10:00:00,2026,3,16,10,Vĩnh Long,Xã An Ngãi Trung,10.0916931,106.5448581,43,Good,0,29.3,57,0.0,26.2,86,1013.3,0,8.6,11.8,187.0,1.7,111.0,1.0
2026-03-16 11:00:00,2026,3,16,11,Vĩnh Long,Xã An Ngãi Trung,10.0916931,106.5448581,44,Good,0,29.8,56,0.0,26.0,87,1012.9,1,8.8,12.0,182.0,1.2,115.0,0.9
2026-03-16 12:00:00,2026,3,16,12,Vĩnh Long,Xã An Ngãi Trung,10.0916931,106.5448581,46,Good,0,30.2,52,0.0,26.7,88,1012.0,1,9.1,12.5,180.0,1.2,116.0,1.0
2026-03-16 13:00:00,2026,3,16,13,Vĩnh Long,Xã An Ngãi Trung,10.0916931,106.5448581,47,Good,0,30.0,54,0.0,24.3,92,1011.3,5,9.3,12.7,178.0,1.2,117.0,1.0
2026-03-16 14:00:00,2026,3,16,14,Vĩnh Long,Xã An Ngãi Trung,10.0916931,106.5448581,49,Good,0,29.7,55,0.0,23.3,95,1010.3,5,9.6,13.1,175.0,1.2,116.0,1.0
2026-03-16 15:00:00,2026,3,16,15,Vĩnh Long,Xã An Ngãi Trung,10.0916931,106.5448581,51,Moderate,1,29.2,55,0.0,22.0,99,1009.5,5,9.7,13.2,172.0,1.4,114.0,1.0
2026-03-16 16:00:00,2026,3,16,16,Vĩnh Long,Xã An Ngãi Trung,10.0916931,106.5448581,56,Moderate,1,28.4,62,0.0,21.4,101,1009.3,9,10.0,13.6,171.0,1.9,111.0,1.1
2026-03-16 17:00:00,2026,3,16,17,Vĩnh Long,Xã An Ngãi Trung,10.0916931,106.5448581,59,Moderate,1,27.0,70,0.0,19.6,105,1009.6,5,10.7,14.3,175.0,3.0,107.0,1.4
2026-03-16 18:00:00,2026,3,16,18,Vĩnh Long,Xã An Ngãi Trung,10.0916931,106.5448581,59,Moderate,1,25.8,76,0.0,17.5,102,1010.1,6,12.1,15.8,180.0,4.4,103.0,1.8
2026-03-16 19:00:00,2026,3,16,19,Vĩnh Long,Xã An Ngãi Trung,10.0916931,106.5448581,58,Moderate,1,26.0,80,0.0,15.1,102,1010.4,16,13.5,17.2,184.0,5.4,98.0,2.0
2026-03-16 20:00:00,2026,3,16,20,Vĩnh Long,Xã An Ngãi Trung,10.0916931,106.5448581,54,Moderate,1,25.8,80,0.0,15.5,95,1011.2,17,13.2,16.9,183.0,5.2,97.0,1.9
2026-03-16 21:00:00,2026,3,16,21,Vĩnh Long,Xã An Ngãi Trung,10.0916931,106.5448581,50,Good,0,25.7,79,0.0,19.1,101,1011.7,4,12.3,15.8,180.0,4.9,95.0,1.8
2026-03-16 22:00:00,2026,3,16,22,Vĩnh Long,Xã An Ngãi Trung,10.0916931,106.5448581,49,Good,0,25.5,79,0.0,19.6,103,1012.1,3,11.6,15.0,177.0,4.7,93.0,1.7
2026-03-16 23:00:00,2026,3,16,23,Vĩnh Long,Xã An Ngãi Trung,10.0916931,106.5448581,47,Good,0,25.4,79,0.0,18.6,105,1012.2,1,11.1,14.4,174.0,4.6,91.0,1.5
2026-03-17 00:00:00,2026,3,17,0,Vĩnh Long,Xã An Ngãi Trung,10.0916931,106.5448581,46,Good,0,25.1,81,0.0,18.8,107,1012.4,55,10.9,14.3,171.0,4.6,90.0,1.3
2026-03-17 01:00:00,2026,3,17,1,Vĩnh Long,Xã An Ngãi Trung,10.0916931,106.5448581,45,Good,0,25.0,83,0.0,17.3,104,1011.5,45,11.1,14.5,169.0,4.7,88.0,1.2
2026-03-17 02:00:00,2026,3,17,2,Vĩnh Long,Xã An Ngãi Trung,10.0916931,106.5448581,44,Good,0,25.0,81,0.0,16.8,105,1011.2,4,11.4,14.8,167.0,4.8,87.0,1.2
2026-03-17 03:00:00,2026,3,17,3,Vĩnh Long,Xã An Ngãi Trung,10.0916931,106.5448581,43,Good,0,24.8,82,0.0,16.4,102,1010.6,5,11.6,15.0,166.0,5.1,86.0,1.3
2026-03-17 04:00:00,2026,3,17,4,Vĩnh Long,Xã An Ngãi Trung,10.0916931,106.5448581,43,Good,0,24.8,82,0.0,16.1,101,1010.7,5,11.5,14.8,169.0,5.3,85.0,1.4
2026-03-17 05:00:00,2026,3,17,5,Vĩnh Long,Xã An Ngãi Trung,10.0916931,106.5448581,44,Good,0,24.6,83,0.0,16.5,98,1010.8,5,11.5,14.7,179.0,5.8,84.0,1.7
2026-03-17 06:00:00,2026,3,17,6,Vĩnh Long,Xã An Ngãi Trung,10.0916931,106.5448581,44,Good,0,24.5,85,0.0,16.2,93,1011.3,6,11.7,14.8,193.0,6.3,83.0,2.0
2026-03-17 07:00:00,2026,3,17,7,Vĩnh Long,Xã An Ngãi Trung,10.0916931,106.5448581,45,Good,0,25.7,79,0.0,18.5,89,1012.3,13,13.1,16.5,200.0,6.3,84.0,2.1
2026-03-17 08:00:00,2026,3,17,8,Vĩnh Long,Xã An Ngãi Trung,10.0916931,106.5448581,45,Good,0,27.0,72,0.0,22.0,90,1013.1,5,11.3,15.0,194.0,5.0,90.0,1.8
2026-03-17 09:00:00,2026,3,17,9,Vĩnh Long,Xã An Ngãi Trung,10.0916931,106.5448581,46,Good,0,28.1,64,0.1,23.4,90,1013.4,52,10.6,14.2,180.0,3.2,99.0,1.5
2026-03-17 10:00:00,2026,3,17,10,Vĩnh Long,Xã An Ngãi Trung,10.0916931,106.5448581,46,Good,0,29.0,60,0.0,23.2,92,1013.4,49,10.2,13.8,170.0,1.8,106.0,1.2
2026-03-17 11:00:00,2026,3,17,11,Vĩnh Long,Xã An Ngãi Trung,10.0916931,106.5448581,46,Good,0,29.6,58,0.0,22.7,94,1013.0,65,10.0,13.7,167.0,1.3,110.0,1.1
2026-03-17 12:00:00,2026,3,17,12,Vĩnh Long,Xã An Ngãi Trung,10.0916931,106.5448581,46,Good,0,29.9,57,0.0,22.2,96,1012.0,77,9.3,12.7,167.0,1.2,111.0,1.1
2026-03-17 13:00:00,2026,3,17,13,Vĩnh Long,Xã An Ngãi Trung,10.0916931,106.5448581,46,Good,0,29.6,57,0.0,21.9,97,1011.6,72,9.1,12.4,167.0,1.2,112.0,1.1
2026-03-17 14:00:00,2026,3,17,14,Vĩnh Long,Xã An Ngãi Trung,10.0916931,106.5448581,46,Good,0,29.4,58,0.0,20.9,101,1010.7,77,9.0,12.2,165.0,1.2,111.0,1.1
2026-03-17 15:00:00,2026,3,17,15,Vĩnh Long,Xã An Ngãi Trung,10.0916931,106.5448581,48,Good,0,28.9,60,0.0,18.3,105,1010.0,70,8.8,12.0,163.0,1.3,109.0,1.0
2026-03-17 16:00:00,2026,3,17,16,Vĩnh Long,Xã An Ngãi Trung,10.0916931,106.5448581,49,Good,0,27.9,63,0.0,18.3,112,1009.6,60,8.9,12.0,163.0,1.8,106.0,1.1
2026-03-17 17:00:00,2026,3,17,17,Vĩnh Long,Xã An Ngãi Trung,10.0916931,106.5448581,50,Good,0,27.0,70,0.0,15.6,106,1009.7,74,9.4,12.6,167.0,3.0,103.0,1.4
2026-03-17 18:00:00,2026,3,17,18,Vĩnh Long,Xã An Ngãi Trung,10.0916931,106.5448581,51,Moderate,1,25.5,79,0.0,14.8,116,1010.0,63,10.7,13.9,173.0,4.6,99.0,1.9
2026-03-17 19:00:00,2026,3,17,19,Vĩnh Long,Xã An Ngãi Trung,10.0916931,106.5448581,50,Good,0,25.7,80,0.0,14.5,109,1010.7,82,12.8,16.1,177.0,5.7,95.0,2.2
2026-03-17 20:00:00,2026,3,17,20,Vĩnh Long,Xã An Ngãi Trung,10.0916931,106.5448581,49,Good,0,25.5,81,0.0,14.6,112,1011.5,84,13.3,16.6,175.0,5.7,93.0,2.3
2026-03-17 21:00:00,2026,3,17,21,Vĩnh Long,Xã An Ngãi Trung,10.0916931,106.5448581,48,Good,0,25.3,79,0.0,14.6,103,1011.8,58,13.3,16.6,171.0,5.8,90.0,2.3
2026-03-17 22:00:00,2026,3,17,22,Vĩnh Long,Xã An Ngãi Trung,10.0916931,106.5448581,47,Good,0,25.2,80,0.0,14.8,100,1012.8,76,13.3,16.5,167.0,5.8,87.0,2.3
2026-03-17 23:00:00,2026,3,17,23,Vĩnh Long,Xã An Ngãi Trung,10.0916931,106.5448581,46,Good,0,25.2,79,0.0,15.6,101,1012.8,88,13.2,16.4,164.0,5.6,85.0,2.1
2026-03-18 00:00:00,2026,3,18,0,Vĩnh Long,Xã An Ngãi Trung,10.0916931,106.5448581,46,Good,0,25.2,79,0.0,16.3,104,1012.6,80,12.8,15.9,161.0,5.4,83.0,1.8
2026-03-18 01:00:00,2026,3,18,1,Vĩnh Long,Xã An Ngãi Trung,10.0916931,106.5448581,47,Good,0,25.1,79,0.0,16.2,98,1011.5,95,13.0,16.1,159.0,5.3,82.0,1.6
2026-03-18 02:00:00,2026,3,18,2,Vĩnh Long,Xã An Ngãi Trung,10.0916931,106.5448581,47,Good,0,25.1,79,0.0,16.0,99,1011.3,98,13.2,16.2,158.0,5.3,81.0,1.5
2026-03-18 03:00:00,2026,3,18,3,Vĩnh Long,Xã An Ngãi Trung,10.0916931,106.5448581,47,Good,0,25.0,79,0.0,15.6,98,1011.0,98,13.4,16.5,158.0,5.5,81.0,1.5
2026-03-18 04:00:00,2026,3,18,4,Vĩnh Long,Xã An Ngãi Trung,10.0916931,106.5448581,47,Good,0,24.8,80,0.0,15.1,93,1011.1,98,13.5,16.6,162.0,5.7,81.0,1.6
2026-03-18 05:00:00,2026,3,18,5,Vĩnh Long,Xã An Ngãi Trung,10.0916931,106.5448581,48,Good,0,24.6,81,0.0,15.1,89,1011.3,89,13.5,16.5,176.0,6.4,79.0,1.9
2026-03-18 06:00:00,2026,3,18,6,Vĩnh Long,Xã An Ngãi Trung,10.0916931,106.5448581,48,Good,0,24.6,81,0.0,16.2,92,1011.9,10,14.3,17.5,193.0,7.2,77.0,2.3
2026-03-18 07:00:00,2026,3,18,7,Vĩnh Long,Xã An Ngãi Trung,10.0916931,106.5448581,49,Good,0,26.0,76,0.0,17.1,91,1012.6,16,14.3,17.6,203.0,6.7,79.0,2.3
2026-03-18 08:00:00,2026,3,18,8,Vĩnh Long,Xã An Ngãi Trung,10.0916931,106.5448581,49,Good,0,27.2,70,0.0,20.0,95,1013.6,21,12.4,16.4,197.0,5.2,86.0,1.9
2026-03-18 09:00:00,2026,3,18,9,Vĩnh Long,Xã An Ngãi Trung,10.0916931,106.5448581,49,Good,0,28.4,64,0.0,20.3,97,1014.3,22,11.3,15.4,182.0,3.2,95.0,1.5
2026-03-18 10:00:00,2026,3,18,10,Vĩnh Long,Xã An Ngãi Trung,10.0916931,106.5448581,49,Good,0,29.1,61,0.0,19.1,99,1014.4,19,11.2,15.3,171.0,1.7,102.0,1.1
2026-03-18 11:00:00,2026,3,18,11,Vĩnh Long,Xã An Ngãi Trung,10.0916931,106.5448581,49,Good,0,29.9,58,0.0,18.4,101,1014.1,25,11.8,16.2,167.0,1.2,106.0,1.0
2026-03-18 12:00:00,2026,3,18,12,Vĩnh Long,Xã An Ngãi Trung,10.0916931,106.5448581,50,Good,0,29.9,57,0.0,18.2,104,1012.8,6,11.8,16.1,167.0,1.1,108.0,1.0
2026-03-18 13:00:00,2026,3,18,13,Vĩnh Long,Xã An Ngãi Trung,10.0916931,106.5448581,50,Good,0,29.9,57,0.0,18.0,104,1012.0,11,11.6,15.8,167.0,1.2,109.0,1.0
2026-03-18 14:00:00,2026,3,18,14,Vĩnh Long,Xã An Ngãi Trung,10.0916931,106.5448581,50,Good,0,29.4,58,0.0,16.8,106,1011.0,9,11.4,15.5,166.0,1.2,109.0,1.0
2026-03-18 15:00:00,2026,3,18,15,Vĩnh Long,Xã An Ngãi Trung,10.0916931,106.5448581,50,Good,0,29.1,59,0.0,15.0,111,1010.2,5,11.3,15.3,165.0,1.3,107.0,1.0
2026-03-18 16:00:00,2026,3,18,16,Vĩnh Long,Xã An Ngãi Trung,10.0916931,106.5448581,51,Moderate,1,28.2,62,0.0,14.2,117,1009.6,7,11.3,15.1,166.0,1.9,104.0,1.2
2026-03-18 17:00:00,2026,3,18,17,Vĩnh Long,Xã An Ngãi Trung,10.0916931,106.5448581,51,Moderate,1,27.0,71,0.0,14.0,112,1009.8,13,11.5,15.3,171.0,3.5,98.0,1.6
2026-03-18 18:00:00,2026,3,18,18,Vĩnh Long,Xã An Ngãi Trung,10.0916931,106.5448581,51,Moderate,1,26.0,76,0.0,14.2,114,1010.2,18,12.8,16.4,178.0,5.5,90.0,2.1
2026-03-18 19:00:00,2026,3,18,19,Vĩnh Long,Xã An Ngãi Trung,10.0916931,106.5448581,51,Moderate,1,25.6,81,0.0,11.8,117,1010.4,9,15.7,19.5,182.0,6.6,85.0,2.5
2026-03-18 20:00:00,2026,3,18,20,Vĩnh Long,Xã An Ngãi Trung,10.0916931,106.5448581,52,Moderate,1,25.4,82,0.0,10.9,126,1011.4,3,17.6,21.3,181.0,7.2,83.0,2.7
2026-03-18 21:00:00,2026,3,18,21,Vĩnh Long,Xã An Ngãi Trung,10.0916931,106.5448581,52,Moderate,1,25.1,83,0.0,11.1,119,1012.1,9,18.9,22.5,178.0,7.9,80.0,3.0
2026-03-18 22:00:00,2026,3,18,22,Vĩnh Long,Xã An Ngãi Trung,10.0916931,106.5448581,52,Moderate,1,25.0,81,0.0,12.1,108,1012.7,6,18.9,22.4,174.0,8.4,77.0,3.1
2026-03-18 23:00:00,2026,3,18,23,Vĩnh Long,Xã An Ngãi Trung,10.0916931,106.5448581,53,Moderate,1,25.0,82,0.0,13.1,113,1012.7,2,18.1,21.6,169.0,8.3,76.0,2.9
2026-03-19 00:00:00,2026,3,19,0,Vĩnh Long,Xã An Ngãi Trung,10.0916931,106.5448581,53,Moderate,1,24.9,81,0.0,11.8,111,1012.3,0,17.4,20.9,163.0,8.0,75.0,2.5
2026-03-19 01:00:00,2026,3,19,1,Vĩnh Long,Xã An Ngãi Trung,10.0916931,106.5448581,54,Moderate,1,24.9,83,0.0,11.1,104,1011.7,29,17.9,21.3,160.0,7.9,75.0,2.2
2026-03-19 02:00:00,2026,3,19,2,Vĩnh Long,Xã An Ngãi Trung,10.0916931,106.5448581,54,Moderate,1,24.9,82,0.0,10.9,106,1011.2,30,19.0,22.4,159.0,8.5,74.0,2.2
2026-03-19 03:00:00,2026,3,19,3,Vĩnh Long,Xã An Ngãi Trung,10.0916931,106.5448581,55,Moderate,1,24.8,82,0.0,9.7,102,1011.1,29,20.3,23.7,161.0,9.4,73.0,2.3
2026-03-19 04:00:00,2026,3,19,4,Vĩnh Long,Xã An Ngãi Trung,10.0916931,106.5448581,55,Moderate,1,24.7,82,0.0,9.0,92,1011.0,31,20.9,24.3,166.0,10.0,73.0,2.5
2026-03-19 05:00:00,2026,3,19,5,Vĩnh Long,Xã An Ngãi Trung,10.0916931,106.5448581,56,Moderate,1,24.6,83,0.0,10.2,100,1011.3,23,20.7,24.1,178.0,10.4,72.0,2.8
2026-03-19 06:00:00,2026,3,19,6,Vĩnh Long,Xã An Ngãi Trung,10.0916931,106.5448581,57,Moderate,1,24.5,83,0.0,10.7,107,1011.9,14,20.2,23.5,194.0,10.5,72.0,3.2
2026-03-19 07:00:00,2026,3,19,7,Vĩnh Long,Xã An Ngãi Trung,10.0916931,106.5448581,57,Moderate,1,26.0,77,0.0,14.5,102,1012.8,46,20.3,22.9,202.0,10.3,72.0,3.5
2026-03-19 08:00:00,2026,3,19,8,Vĩnh Long,Xã An Ngãi Trung,10.0916931,106.5448581,58,Moderate,1,27.5,67,0.0,18.6,105,1013.6,49,12.5,15.9,194.0,7.7,82.0,2.8
2026-03-19 09:00:00,2026,3,19,9,Vĩnh Long,Xã An Ngãi Trung,10.0916931,106.5448581,58,Moderate,1,28.6,61,0.0,20.6,104,1013.9,44,9.9,13.1,178.0,4.1,96.0,1.9
2026-03-19 10:00:00,2026,3,19,10,Vĩnh Long,Xã An Ngãi Trung,10.0916931,106.5448581,58,Moderate,1,29.2,59,0.0,19.3,102,1013.8,20,9.3,12.4,166.0,1.5,106.0,1.2
2026-03-19 11:00:00,2026,3,19,11,Vĩnh Long,Xã An Ngãi Trung,10.0916931,106.5448581,57,Moderate,1,29.8,57,0.0,17.6,101,1013.7,4,9.3,12.5,164.0,0.8,110.0,1.0
2026-03-19 12:00:00,2026,3,19,12,Vĩnh Long,Xã An Ngãi Trung,10.0916931,106.5448581,57,Moderate,1,30.4,55,0.0,16.5,98,1012.7,5,9.6,12.9,166.0,1.0,110.0,1.0
2026-03-19 13:00:00,2026,3,19,13,Vĩnh Long,Xã An Ngãi Trung,10.0916931,106.5448581,57,Moderate,1,30.4,54,0.0,17.0,100,1011.5,94,9.8,13.2,168.0,1.3,109.0,1.0
2026-03-19 14:00:00,2026,3,19,14,Vĩnh Long,Xã An Ngãi Trung,10.0916931,106.5448581,57,Moderate,1,29.8,56,0.0,14.9,113,1010.8,13,10.1,13.5,167.0,1.2,109.0,1.0
2026-03-19 15:00:00,2026,3,19,15,Vĩnh Long,Xã An Ngãi Trung,10.0916931,106.5448581,57,Moderate,1,29.4,57,0.0,14.0,119,1009.7,5,10.2,13.6,167.0,1.2,109.0,1.1
2026-03-19 16:00:00,2026,3,19,16,Vĩnh Long,Xã An Ngãi Trung,10.0916931,106.5448581,57,Moderate,1,28.5,61,0.0,13.9,123,1009.2,11,10.3,13.7,169.0,1.9,106.0,1.3
2026-03-19 17:00:00,2026,3,19,17,Vĩnh Long,Xã An Ngãi Trung,10.0916931,106.5448581,56,Moderate,1,27.5,64,0.0,13.2,118,1009.3,0,10.8,14.2,178.0,3.8,100.0,1.8
2026-03-19 18:00:00,2026,3,19,18,Vĩnh Long,Xã An Ngãi Trung,10.0916931,106.5448581,56,Moderate,1,26.2,71,0.0,11.4,118,1009.5,0,12.9,16.2,190.0,6.3,92.0,2.5
2026-03-19 19:00:00,2026,3,19,19,Vĩnh Long,Xã An Ngãi Trung,10.0916931,106.5448581,56,Moderate,1,25.7,80,0.0,9.4,122,1010.0,1,16.8,20.5,199.0,8.4,85.0,3.0
2026-03-19 20:00:00,2026,3,19,20,Vĩnh Long,Xã An Ngãi Trung,10.0916931,106.5448581,57,Moderate,1,25.2,84,0.0,7.2,117,1010.3,1,18.9,22.5,203.0,9.3,83.0,3.3
2026-03-19 21:00:00,2026,3,19,21,Vĩnh Long,Xã An Ngãi Trung,10.0916931,106.5448581,57,Moderate,1,25.1,86,0.0,8.2,104,1011.0,1,20.5,24.2,205.0,10.4,79.0,3.8
2026-03-19 22:00:00,2026,3,19,22,Vĩnh Long,Xã An Ngãi Trung,10.0916931,106.5448581,57,Moderate,1,25.1,85,0.0,9.9,105,1011.5,1,22.6,26.3,202.0,11.1,77.0,4.0
2026-03-19 23:00:00,2026,3,19,23,Vĩnh Long,Xã An Ngãi Trung,10.0916931,106.5448581,57,Moderate,1,25.1,85,0.0,11.7,113,1011.6,1,23.5,27.4,193.0,10.8,77.0,3.7
2026-03-20 00:00:00,2026,3,20,0,Vĩnh Long,Xã An Ngãi Trung,10.0916931,106.5448581,58,Moderate,1,25.0,85,0.0,11.5,113,1011.7,0,21.9,25.7,180.0,10.0,78.0,3.1
2026-03-20 01:00:00,2026,3,20,1,Vĩnh Long,Xã An Ngãi Trung,10.0916931,106.5448581,58,Moderate,1,24.6,88,0.0,9.9,122,1011.0,2,20.4,24.2,171.0,9.4,79.0,2.6
2026-03-20 02:00:00,2026,3,20,2,Vĩnh Long,Xã An Ngãi Trung,10.0916931,106.5448581,58,Moderate,1,24.6,87,0.0,8.8,123,1010.6,14,19.3,22.9,168.0,9.1,78.0,2.3
2026-03-20 03:00:00,2026,3,20,3,Vĩnh Long,Xã An Ngãi Trung,10.0916931,106.5448581,58,Moderate,1,24.5,88,0.0,8.8,123,1010.5,15,18.8,22.2,168.0,8.9,76.0,2.2
2026-03-20 04:00:00,2026,3,20,4,Vĩnh Long,Xã An Ngãi Trung,10.0916931,106.5448581,58,Moderate,1,24.4,88,0.0,8.5,125,1010.2,9,19.3,22.6,172.0,9.1,74.0,2.3
2026-03-20 05:00:00,2026,3,20,5,Vĩnh Long,Xã An Ngãi Trung,10.0916931,106.5448581,58,Moderate,1,24.2,89,0.0,8.1,118,1010.5,14,20.3,23.6,185.0,10.2,71.0,2.9
2026-03-20 06:00:00,2026,3,20,6,Vĩnh Long,Xã An Ngãi Trung,10.0916931,106.5448581,58,Moderate,1,24.1,88,0.0,7.5,105,1011.2,10,21.8,25.1,203.0,11.7,68.0,3.7
2026-03-20 07:00:00,2026,3,20,7,Vĩnh Long,Xã An Ngãi Trung,10.0916931,106.5448581,58,Moderate,1,25.6,81,0.0,10.3,103,1012.4,22,21.9,25.9,211.0,9.7,71.0,3.4
2026-03-20 08:00:00,2026,3,20,8,Vĩnh Long,Xã An Ngãi Trung,10.0916931,106.5448581,58,Moderate,1,27.1,72,0.1,15.0,107,1013.2,41,14.8,19.1,199.0,7.4,78.0,2.8
2026-03-20 09:00:00,2026,3,20,9,Vĩnh Long,Xã An Ngãi Trung,10.0916931,106.5448581,58,Moderate,1,28.3,66,0.1,15.9,106,1013.7,91,12.5,16.9,178.0,4.2,87.0,2.0
2026-03-20 10:00:00,2026,3,20,10,Vĩnh Long,Xã An Ngãi Trung,10.0916931,106.5448581,59,Moderate,1,29.0,63,0.0,16.6,108,1013.8,87,12.6,17.3,162.0,1.9,94.0,1.4
2026-03-20 11:00:00,2026,3,20,11,Vĩnh Long,Xã An Ngãi Trung,10.0916931,106.5448581,59,Moderate,1,29.8,59,0.0,16.7,106,1013.2,95,13.3,18.2,159.0,1.2,98.0,1.2
2026-03-20 12:00:00,2026,3,20,12,Vĩnh Long,Xã An Ngãi Trung,10.0916931,106.5448581,59,Moderate,1,30.4,57,0.0,15.5,103,1012.3,91,14.2,19.3,161.0,1.3,100.0,1.2
2026-03-20 13:00:00,2026,3,20,13,Vĩnh Long,Xã An Ngãi Trung,10.0916931,106.5448581,60,Moderate,1,30.4,57,0.0,16.7,106,1011.5,97,14.3,19.3,163.0,1.5,101.0,1.2
2026-03-20 14:00:00,2026,3,20,14,Vĩnh Long,Xã An Ngãi Trung,10.0916931,106.5448581,60,Moderate,1,30.0,58,0.0,16.7,109,1010.5,96,14.9,19.9,163.0,1.4,103.0,1.2
2026-03-20 15:00:00,2026,3,20,15,Vĩnh Long,Xã An Ngãi Trung,10.0916931,106.5448581,61,Moderate,1,29.0,61,0.0,16.2,109,1009.9,62,14.2,18.8,163.0,1.5,104.0,1.1
2026-03-20 16:00:00,2026,3,20,16,Vĩnh Long,Xã An Ngãi Trung,10.0916931,106.5448581,61,Moderate,1,28.1,66,0.0,14.7,114,1009.4,36,13.5,17.9,166.0,2.1,102.0,1.3
2026-03-20 17:00:00,2026,3,20,17,Vĩnh Long,Xã An Ngãi Trung,10.0916931,106.5448581,61,Moderate,1,27.3,69,0.0,13.1,115,1009.4,100,13.0,17.2,174.0,3.7,95.0,1.7
2026-03-20 18:00:00,2026,3,20,18,Vĩnh Long,Xã An Ngãi Trung,10.0916931,106.5448581,61,Moderate,1,26.1,75,0.0,10.9,121,1009.6,100,13.9,17.5,185.0,5.9,86.0,2.4
2026-03-20 19:00:00,2026,3,20,19,Vĩnh Long,Xã An Ngãi Trung,10.0916931,106.5448581,61,Moderate,1,25.9,81,0.0,8.9,118,1010.6,8,17.3,21.4,194.0,7.8,77.0,2.8
2026-03-20 20:00:00,2026,3,20,20,Vĩnh Long,Xã An Ngãi Trung,10.0916931,106.5448581,61,Moderate,1,25.5,85,0.0,8.6,116,1011.6,71,19.2,22.9,199.0,8.9,74.0,3.2
2026-03-20 21:00:00,2026,3,20,21,Vĩnh Long,Xã An Ngãi Trung,10.0916931,106.5448581,62,Moderate,1,25.4,85,0.0,10.1,109,1012.4,66,21.6,25.1,201.0,10.4,69.0,3.8
2026-03-20 22:00:00,2026,3,20,22,Vĩnh Long,Xã An Ngãi Trung,10.0916931,106.5448581,62,Moderate,1,25.3,85,0.0,10.4,111,1012.9,28,22.6,26.2,199.0,11.4,66.0,4.1
2026-03-20 23:00:00,2026,3,20,23,Vĩnh Long,Xã An Ngãi Trung,10.0916931,106.5448581,62,Moderate,1,25.2,85,0.0,9.5,112,1013.2,77,22.1,25.6,190.0,11.4,66.0,3.9
2026-03-21 00:00:00,2026,3,21,0,Vĩnh Long,Xã An Ngãi Trung,10.0916931,106.5448581,61,Moderate,1,25.0,86,0.0,9.6,113,1013.1,98,21.8,25.3,176.0,10.9,68.0,3.3
2026-03-21 01:00:00,2026,3,21,1,Vĩnh Long,Xã An Ngãi Trung,10.0916931,106.5448581,61,Moderate,1,24.5,90,0.0,9.1,115,1012.2,62,22.7,26.3,166.0,10.5,69.0,2.9
2026-03-21 02:00:00,2026,3,21,2,Vĩnh Long,Xã An Ngãi Trung,10.0916931,106.5448581,62,Moderate,1,24.5,89,0.0,8.8,109,1011.4,31,23.7,27.3,160.0,10.3,69.0,2.7
2026-03-21 03:00:00,2026,3,21,3,Vĩnh Long,Xã An Ngãi Trung,10.0916931,106.5448581,62,Moderate,1,24.5,88,0.0,8.5,111,1010.8,44,23.6,27.1,157.0,10.1,68.0,2.6
2026-03-21 04:00:00,2026,3,21,4,Vĩnh Long,Xã An Ngãi Trung,10.0916931,106.5448581,63,Moderate,1,24.1,89,0.0,6.9,110,1010.9,48,22.4,25.8,159.0,10.1,68.0,2.6
2026-03-21 05:00:00,2026,3,21,5,Vĩnh Long,Xã An Ngãi Trung,10.0916931,106.5448581,63,Moderate,1,24.0,90,0.0,7.6,109,1011.3,63,21.9,25.3,171.0,10.5,68.0,3.0
2026-03-21 06:00:00,2026,3,21,6,Vĩnh Long,Xã An Ngãi Trung,10.0916931,106.5448581,63,Moderate,1,24.1,89,0.0,8.4,109,1011.5,66,22.3,25.6,189.0,11.1,68.0,3.5
2026-03-21 07:00:00,2026,3,21,7,Vĩnh Long,Xã An Ngãi Trung,10.0916931,106.5448581,63,Moderate,1,26.0,81,0.0,12.9,108,1012.3,80,24.3,28.4,198.0,10.0,69.0,3.4
2026-03-21 08:00:00,2026,3,21,8,Vĩnh Long,Xã An Ngãi Trung,10.0916931,106.5448581,63,Moderate,1,27.5,73,0.1,16.1,103,1013.1,36,15.9,20.3,191.0,7.6,77.0,2.8
2026-03-21 09:00:00,2026,3,21,9,Vĩnh Long,Xã An Ngãi Trung,10.0916931,106.5448581,63,Moderate,1,28.4,69,0.2,17.4,101,1013.7,83,12.1,16.1,175.0,4.2,87.0,1.9
2026-03-21 10:00:00,2026,3,21,10,Vĩnh Long,Xã An Ngãi Trung,10.0916931,106.5448581,63,Moderate,1,29.2,64,0.0,17.8,101,1013.7,56,11.2,15.1,163.0,1.7,95.0,1.3
2026-03-21 11:00:00,2026,3,21,11,Vĩnh Long,Xã An Ngãi Trung,10.0916931,106.5448581,63,Moderate,1,30.0,62,0.0,17.8,103,1013.5,16,11.4,15.3,158.0,0.9,99.0,1.1
2026-03-21 12:00:00,2026,3,21,12,Vĩnh Long,Xã An Ngãi Trung,10.0916931,106.5448581,63,Moderate,1,30.1,59,0.0,16.8,106,1012.7,2,11.4,15.1,155.0,1.0,100.0,1.1
2026-03-21 13:00:00,2026,3,21,13,Vĩnh Long,Xã An Ngãi Trung,10.0916931,106.5448581,63,Moderate,1,30.0,58,0.0,16.4,102,1012.0,5,10.7,14.2,154.0,1.2,100.0,1.1
2026-03-21 14:00:00,2026,3,21,14,Vĩnh Long,Xã An Ngãi Trung,10.0916931,106.5448581,62,Moderate,1,30.0,58,0.0,16.8,102,1011.1,8,10.2,13.5,153.0,1.2,99.0,1.1
2026-03-21 15:00:00,2026,3,21,15,Vĩnh Long,Xã An Ngãi Trung,10.0916931,106.5448581,62,Moderate,1,29.5,60,0.0,17.0,105,1010.2,5,9.6,12.8,153.0,1.2,97.0,1.0
2026-03-21 16:00:00,2026,3,21,16,Vĩnh Long,Xã An Ngãi Trung,10.0916931,106.5448581,62,Moderate,1,28.6,63,0.0,15.6,109,1009.5,3,9.4,12.4,155.0,1.9,94.0,1.2
2026-03-21 17:00:00,2026,3,21,17,Vĩnh Long,Xã An Ngãi Trung,10.0916931,106.5448581,61,Moderate,1,27.6,67,0.0,13.0,108,1009.3,11,10.0,12.9,163.0,3.7,89.0,1.7
2026-03-21 18:00:00,2026,3,21,18,Vĩnh Long,Xã An Ngãi Trung,10.0916931,106.5448581,61,Moderate,1,26.0,79,0.0,12.4,109,1009.8,5,12.0,14.8,173.0,6.1,83.0,2.4
2026-03-21 19:00:00,2026,3,21,19,Vĩnh Long,Xã An Ngãi Trung,10.0916931,106.5448581,61,Moderate,1,25.9,83,0.0,10.6,111,1010.2,9,17.2,20.8,179.0,8.0,77.0,2.9
2026-03-21 20:00:00,2026,3,21,20,Vĩnh Long,Xã An Ngãi Trung,10.0916931,106.5448581,61,Moderate,1,25.8,84,0.0,11.0,109,1011.2,4,16.6,19.9,177.0,7.6,77.0,2.8
2026-03-21 21:00:00,2026,3,21,21,Vĩnh Long,Xã An Ngãi Trung,10.0916931,106.5448581,61,Moderate,1,25.7,84,0.0,12.9,106,1011.9,5,15.7,18.9,170.0,7.0,78.0,2.8
2026-03-21 22:00:00,2026,3,21,22,Vĩnh Long,Xã An Ngãi Trung,10.0916931,106.5448581,60,Moderate,1,25.6,85,0.0,14.2,105,1011.9,15,14.6,17.5,163.0,6.5,78.0,2.6
2026-03-21 23:00:00,2026,3,21,23,Vĩnh Long,Xã An Ngãi Trung,10.0916931,106.5448581,59,Moderate,1,25.4,87,0.0,14.1,104,1011.6,16,13.5,16.2,158.0,6.1,77.0,2.3
2026-03-22 00:00:00,2026,3,22,0,Vĩnh Long,Xã An Ngãi Trung,10.0916931,106.5448581,59,Moderate,1,25.2,87,0.0,14.5,104,1011.4,11,12.5,15.1,153.0,5.8,75.0,1.9
2026-03-22 01:00:00,2026,3,22,1,Vĩnh Long,Xã An Ngãi Trung,10.0916931,106.5448581,58,Moderate,1,25.2,89,0.0,13.1,99,1010.7,20,12.0,14.4,149.0,5.7,73.0,1.6
2026-03-22 02:00:00,2026,3,22,2,Vĩnh Long,Xã An Ngãi Trung,10.0916931,106.5448581,57,Moderate,1,25.3,87,0.0,14.1,97,1010.2,34,11.7,14.1,145.0,5.8,71.0,1.5
2026-03-22 03:00:00,2026,3,22,3,Vĩnh Long,Xã An Ngãi Trung,10.0916931,106.5448581,56,Moderate,1,25.3,83,0.0,14.1,96,1009.8,45,11.7,14.0,142.0,6.0,69.0,1.6
2026-03-22 04:00:00,2026,3,22,4,Vĩnh Long,Xã An Ngãi Trung,10.0916931,106.5448581,55,Moderate,1,25.5,80,0.0,14.9,98,1009.9,59,11.7,14.0,144.0,6.2,68.0,1.7
2026-03-22 05:00:00,2026,3,22,5,Vĩnh Long,Xã An Ngãi Trung,10.0916931,106.5448581,54,Moderate,1,25.5,80,0.0,14.7,98,1010.1,57,11.8,14.1,157.0,6.3,67.0,1.9
2026-03-22 06:00:00,2026,3,22,6,Vĩnh Long,Xã An Ngãi Trung,10.0916931,106.5448581,53,Moderate,1,25.3,81,0.0,14.0,97,1010.6,43,12.2,14.5,175.0,6.4,66.0,2.2
2026-03-22 07:00:00,2026,3,22,7,Vĩnh Long,Xã An Ngãi Trung,10.0916931,106.5448581,52,Moderate,1,26.5,78,0.0,18.2,98,1011.4,35,11.8,14.8,185.0,5.6,69.0,2.2
2026-03-22 08:00:00,2026,3,22,8,Vĩnh Long,Xã An Ngãi Trung,10.0916931,106.5448581,51,Moderate,1,27.8,68,0.0,20.2,99,1012.4,58,9.7,12.7,179.0,4.5,76.0,1.9
2026-03-22 09:00:00,2026,3,22,9,Vĩnh Long,Xã An Ngãi Trung,10.0916931,106.5448581,50,Good,0,28.9,62,0.0,20.3,97,1013.0,26,8.9,12.0,165.0,2.9,85.0,1.6
2026-03-22 10:00:00,2026,3,22,10,Vĩnh Long,Xã An Ngãi Trung,10.0916931,106.5448581,50,Good,0,29.6,58,0.0,20.5,97,1013.1,40,8.6,11.6,155.0,1.7,93.0,1.3
2026-03-22 11:00:00,2026,3,22,11,Vĩnh Long,Xã An Ngãi Trung,10.0916931,106.5448581,49,Good,0,30.1,56,0.0,20.5,97,1012.8,34,8.4,11.3,153.0,1.2,97.0,1.2
2026-03-22 12:00:00,2026,3,22,12,Vĩnh Long,Xã An Ngãi Trung,10.0916931,106.5448581,49,Good,0,30.4,57,0.0,20.3,97,1012.3,23,8.1,10.9,154.0,1.2,99.0,1.2
2026-03-22 13:00:00,2026,3,22,13,Vĩnh Long,Xã An Ngãi Trung,10.0916931,106.5448581,48,Good,0,30.4,56,0.0,20.2,93,1011.5,51,8.1,10.9,155.0,1.2,100.0,1.2
2026-03-22 14:00:00,2026,3,22,14,Vĩnh Long,Xã An Ngãi Trung,10.0916931,106.5448581,48,Good,0,30.0,58,0.0,19.7,95,1010.9,30,8.0,10.8,155.0,1.2,99.0,1.2
2026-03-22 15:00:00,2026,3,22,15,Vĩnh Long,Xã An Ngãi Trung,10.0916931,106.5448581,48,Good,0,29.5,61,0.0,18.9,99,1010.1,9,8.1,10.8,154.0,1.2,96.0,1.2
2026-03-22 16:00:00,2026,3,22,16,Vĩnh Long,Xã An Ngãi Trung,10.0916931,106.5448581,47,Good,0,28.5,65,0.0,18.0,106,1009.7,0,8.3,11.0,156.0,1.8,93.0,1.3
2026-03-22 17:00:00,2026,3,22,17,Vĩnh Long,Xã An Ngãi Trung,10.0916931,106.5448581,47,Good,0,27.6,69,0.0,16.2,113,1009.5,0,9.0,11.7,163.0,3.4,89.0,1.7
2026-03-22 18:00:00,2026,3,22,18,Vĩnh Long,Xã An Ngãi Trung,10.0916931,106.5448581,47,Good,0,26.0,78,0.0,13.7,124,1009.8,1,10.9,13.6,172.0,5.5,84.0,2.2
2026-03-22 19:00:00,2026,3,22,19,Vĩnh Long,Xã An Ngãi Trung,10.0916931,106.5448581,47,Good,0,25.9,84,0.0,11.1,122,1010.5,0,14.5,17.8,177.0,7.0,80.0,2.6
2026-03-22 20:00:00,2026,3,22,20,Vĩnh Long,Xã An Ngãi Trung,10.0916931,106.5448581,46,Good,0,25.6,87,0.0,12.3,117,1011.1,2,15.5,18.8,175.0,7.0,80.0,2.7
2026-03-22 21:00:00,2026,3,22,21,Vĩnh Long,Xã An Ngãi Trung,10.0916931,106.5448581,46,Good,0,25.7,86,0.0,13.9,107,1011.6,14,16.1,19.4,168.0,7.1,79.0,2.7
2026-03-22 22:00:00,2026,3,22,22,Vĩnh Long,Xã An Ngãi Trung,10.0916931,106.5448581,46,Good,0,25.5,87,0.0,13.9,107,1011.9,15,15.8,19.1,162.0,7.0,78.0,2.7
2026-03-22 23:00:00,2026,3,22,23,Vĩnh Long,Xã An Ngãi Trung,10.0916931,106.5448581,46,Good,0,25.5,86,0.0,14.9,109,1011.8,16,15.1,18.3,157.0,6.6,77.0,2.4
2026-03-23 00:00:00,2026,3,23,0,Vĩnh Long,Xã An Ngãi Trung,10.0916931,106.5448581,47,Good,0,25.3,87,0.0,13.7,107,1011.3,10,14.2,17.3,152.0,6.2,76.0,2.0
2026-03-23 01:00:00,2026,3,23,1,Vĩnh Long,Xã An Ngãi Trung,10.0916931,106.5448581,47,Good,0,25.1,87,0.0,10.2,100,1011.1,67,13.8,16.8,149.0,6.0,74.0,1.7
2026-03-23 02:00:00,2026,3,23,2,Vĩnh Long,Xã An Ngãi Trung,10.0916931,106.5448581,47,Good,0,25.1,87,0.0,11.1,104,1010.5,31,14.0,17.0,146.0,6.5,71.0,1.7
2026-03-23 03:00:00,2026,3,23,3,Vĩnh Long,Xã An Ngãi Trung,10.0916931,106.5448581,48,Good,0,25.0,88,0.0,10.2,103,1010.4,41,15.0,17.9,145.0,7.3,68.0,1.8
2026-03-23 04:00:00,2026,3,23,4,Vĩnh Long,Xã An Ngãi Trung,10.0916931,106.5448581,48,Good,0,24.8,88,0.0,10.5,102,1010.5,21,16.0,18.9,148.0,7.8,66.0,2.0
2026-03-23 05:00:00,2026,3,23,5,Vĩnh Long,Xã An Ngãi Trung,10.0916931,106.5448581,49,Good,0,24.7,88,0.0,11.6,98,1010.7,9,16.8,19.8,159.0,7.9,65.0,2.2
2026-03-23 06:00:00,2026,3,23,6,Vĩnh Long,Xã An Ngãi Trung,10.0916931,106.5448581,50,Good,0,24.8,87,0.0,12.6,95,1011.3,48,16.9,20.0,174.0,7.7,64.0,2.4
2026-03-23 07:00:00,2026,3,23,7,Vĩnh Long,Xã An Ngãi Trung,10.0916931,106.5448581,50,Good,0,26.2,81,0.0,14.9,91,1012.0,47,16.1,20.0,182.0,7.4,66.0,2.6
2026-03-23 08:00:00,2026,3,23,8,Vĩnh Long,Xã An Ngãi Trung,10.0916931,106.5448581,51,Moderate,1,27.8,72,0.0,18.2,95,1012.4,23,12.7,16.6,175.0,5.8,74.0,2.3
2026-03-23 09:00:00,2026,3,23,9,Vĩnh Long,Xã An Ngãi Trung,10.0916931,106.5448581,51,Moderate,1,28.9,67,0.1,19.3,93,1012.9,62,11.7,15.5,161.0,3.7,84.0,1.8
2026-03-23 10:00:00,2026,3,23,10,Vĩnh Long,Xã An Ngãi Trung,10.0916931,106.5448581,51,Moderate,1,30.0,62,0.0,20.0,93,1013.0,28,11.3,15.1,150.0,2.0,93.0,1.4
2026-03-23 11:00:00,2026,3,23,11,Vĩnh Long,Xã An Ngãi Trung,10.0916931,106.5448581,51,Moderate,1,30.5,59,0.0,20.1,96,1012.2,13,11.4,15.3,148.0,1.3,97.0,1.2
2026-03-23 12:00:00,2026,3,23,12,Vĩnh Long,Xã An Ngãi Trung,10.0916931,106.5448581,52,Moderate,1,30.6,57,0.0,19.6,97,1011.3,6,10.3,13.7,149.0,1.2,99.0,1.1
2026-03-23 13:00:00,2026,3,23,13,Vĩnh Long,Xã An Ngãi Trung,10.0916931,106.5448581,52,Moderate,1,30.4,58,0.0,19.5,93,1010.4,18,9.7,13.0,151.0,1.2,100.0,1.1
2026-03-23 14:00:00,2026,3,23,14,Vĩnh Long,Xã An Ngãi Trung,10.0916931,106.5448581,52,Moderate,1,30.2,55,0.0,17.7,100,1009.4,4,9.2,12.3,153.0,1.1,100.0,1.1
2026-03-23 15:00:00,2026,3,23,15,Vĩnh Long,Xã An Ngãi Trung,10.0916931,106.5448581,52,Moderate,1,30.0,55,0.0,15.0,106,1008.9,64,8.9,11.9,155.0,1.2,98.0,1.1
2026-03-23 16:00:00,2026,3,23,16,Vĩnh Long,Xã An Ngãi Trung,10.0916931,106.5448581,52,Moderate,1,29.3,61,0.0,15.0,117,1008.6,27,8.8,11.7,158.0,1.8,95.0,1.2
2026-03-23 17:00:00,2026,3,23,17,Vĩnh Long,Xã An Ngãi Trung,10.0916931,106.5448581,52,Moderate,1,27.5,62,0.0,14.8,126,1008.6,47,9.3,12.2,163.0,3.4,90.0,1.6
2026-03-23 18:00:00,2026,3,23,18,Vĩnh Long,Xã An Ngãi Trung,10.0916931,106.5448581,52,Moderate,1,26.5,77,0.0,11.8,114,1008.9,72,11.2,14.1,169.0,5.5,85.0,2.2
2026-03-23 19:00:00,2026,3,23,19,Vĩnh Long,Xã An Ngãi Trung,10.0916931,106.5448581,52,Moderate,1,25.7,82,0.0,10.9,117,1009.6,9,17.5,21.6,172.0,7.8,76.0,2.8
2026-03-23 20:00:00,2026,3,23,20,Vĩnh Long,Xã An Ngãi Trung,10.0916931,106.5448581,53,Moderate,1,25.6,84,0.0,12.1,105,1010.1,20,18.0,21.8,171.0,7.9,75.0,2.9
2026-03-23 21:00:00,2026,3,23,21,Vĩnh Long,Xã An Ngãi Trung,10.0916931,106.5448581,53,Moderate,1,25.5,84,0.0,13.9,103,1010.4,5,18.5,22.2,168.0,8.0,75.0,3.0
2026-03-23 22:00:00,2026,3,23,22,Vĩnh Long,Xã An Ngãi Trung,10.0916931,106.5448581,53,Moderate,1,25.4,83,0.0,15.6,107,1010.7,14,17.6,21.2,163.0,7.9,74.0,3.0
2026-03-23 23:00:00,2026,3,23,23,Vĩnh Long,Xã An Ngãi Trung,10.0916931,106.5448581,53,Moderate,1,25.4,82,0.0,15.3,106,1010.7,24,16.1,19.6,157.0,7.3,73.0,2.6
2026-03-24 00:00:00,2026,3,24,0,Vĩnh Long,Xã An Ngãi Trung,10.0916931,106.5448581,53,Moderate,1,25.5,81,0.0,15.3,105,1010.4,22,14.6,18.0,149.0,6.5,73.0,2.1
2026-03-24 01:00:00,2026,3,24,1,Vĩnh Long,Xã An Ngãi Trung,10.0916931,106.5448581,53,Moderate,1,25.4,82,0.0,14.5,104,1009.8,41,14.1,17.4,144.0,6.0,72.0,1.7
2026-03-24 02:00:00,2026,3,24,2,Vĩnh Long,Xã An Ngãi Trung,10.0916931,106.5448581,53,Moderate,1,25.5,78,0.0,14.3,105,1009.2,45,14.3,17.7,141.0,6.2,70.0,1.6
2026-03-24 03:00:00,2026,3,24,3,Vĩnh Long,Xã An Ngãi Trung,10.0916931,106.5448581,53,Moderate,1,25.4,78,0.0,13.7,109,1008.9,34,15.1,18.6,141.0,6.6,68.0,1.7
2026-03-24 04:00:00,2026,3,24,4,Vĩnh Long,Xã An Ngãi Trung,10.0916931,106.5448581,53,Moderate,1,25.0,79,0.0,12.4,106,1009.0,37,15.9,19.4,144.0,6.9,67.0,1.9
2026-03-24 05:00:00,2026,3,24,5,Vĩnh Long,Xã An Ngãi Trung,10.0916931,106.5448581,53,Moderate,1,24.8,80,0.0,11.1,107,1009.2,41,17.1,20.6,154.0,6.9,67.0,2.1
2026-03-24 06:00:00,2026,3,24,6,Vĩnh Long,Xã An Ngãi Trung,10.0916931,106.5448581,53,Moderate,1,24.8,79,0.0,10.8,105,1009.9,54,18.6,22.3,168.0,6.8,68.0,2.4
2026-03-24 07:00:00,2026,3,24,7,Vĩnh Long,Xã An Ngãi Trung,10.0916931,106.5448581,54,Moderate,1,26.3,77,0.0,15.1,105,1010.7,20,14.8,18.4,174.0,5.7,71.0,2.4
2026-03-24 08:00:00,2026,3,24,8,Vĩnh Long,Xã An Ngãi Trung,10.0916931,106.5448581,53,Moderate,1,27.6,70,0.0,16.3,103,1011.4,26,12.1,16.0,166.0,4.5,76.0,2.1
2026-03-24 09:00:00,2026,3,24,9,Vĩnh Long,Xã An Ngãi Trung,10.0916931,106.5448581,53,Moderate,1,28.9,63,0.0,16.5,103,1011.9,20,11.5,15.5,151.0,2.8,83.0,1.7
2026-03-24 10:00:00,2026,3,24,10,Vĩnh Long,Xã An Ngãi Trung,10.0916931,106.5448581,53,Moderate,1,29.8,59,0.0,16.5,104,1011.7,20,10.8,14.5,139.0,1.6,89.0,1.4
2026-03-24 11:00:00,2026,3,24,11,Vĩnh Long,Xã An Ngãi Trung,10.0916931,106.5448581,53,Moderate,1,30.2,57,0.0,16.0,104,1011.1,6,10.4,14.0,135.0,1.2,92.0,1.3
2026-03-24 12:00:00,2026,3,24,12,Vĩnh Long,Xã An Ngãi Trung,10.0916931,106.5448581,53,Moderate,1,30.6,56,0.0,15.9,105,1009.9,1,10.5,14.1,136.0,1.1,94.0,1.2
2026-03-24 13:00:00,2026,3,24,13,Vĩnh Long,Xã An Ngãi Trung,10.0916931,106.5448581,53,Moderate,1,30.3,56,0.0,15.8,107,1009.3,82,10.3,13.8,136.0,1.2,95.0,1.2
2026-03-24 14:00:00,2026,3,24,14,Vĩnh Long,Xã An Ngãi Trung,10.0916931,106.5448581,53,Moderate,1,30.0,58,0.0,15.5,108,1008.5,88,10.7,14.3,135.0,1.1,96.0,1.2
2026-03-24 15:00:00,2026,3,24,15,Vĩnh Long,Xã An Ngãi Trung,10.0916931,106.5448581,53,Moderate,1,29.4,60,0.0,14.9,108,1008.0,15,11.1,14.6,135.0,1.1,95.0,1.1
2026-03-24 16:00:00,2026,3,24,16,Vĩnh Long,Xã An Ngãi Trung,10.0916931,106.5448581,54,Moderate,1,28.6,63,0.0,14.3,105,1007.9,0,11.5,15.1,137.0,1.8,93.0,1.3
2026-03-24 17:00:00,2026,3,24,17,Vĩnh Long,Xã An Ngãi Trung,10.0916931,106.5448581,54,Moderate,1,27.6,67,0.0,14.1,109,1008.0,0,12.1,15.8,145.0,3.6,88.0,1.8
2026-03-24 18:00:00,2026,3,24,18,Vĩnh Long,Xã An Ngãi Trung,10.0916931,106.5448581,54,Moderate,1,26.1,74,0.0,11.7,119,1008.5,0,13.8,17.3,155.0,6.1,81.0,2.4
2026-03-24 19:00:00,2026,3,24,19,Vĩnh Long,Xã An Ngãi Trung,10.0916931,106.5448581,54,Moderate,1,26.0,81,0.0,11.5,124,1009.1,2,16.8,20.5,162.0,7.9,75.0,2.9
2026-03-24 20:00:00,2026,3,24,20,Vĩnh Long,Xã An Ngãi Trung,10.0916931,106.5448581,54,Moderate,1,25.6,81,0.0,11.3,123,1009.8,1,18.1,21.7,163.0,8.5,73.0,3.2
2026-03-24 21:00:00,2026,3,24,21,Vĩnh Long,Xã An Ngãi Trung,10.0916931,106.5448581,54,Moderate,1,25.3,83,0.0,12.4,124,1009.9,13,19.6,23.1,160.0,9.4,71.0,3.5
2026-03-24 22:00:00,2026,3,24,22,Vĩnh Long,Xã An Ngãi Trung,10.0916931,106.5448581,54,Moderate,1,25.2,84,0.0,11.8,109,1010.2,21,20.8,24.4,157.0,10.0,69.0,3.7
2026-03-24 23:00:00,2026,3,24,23,Vĩnh Long,Xã An Ngãi Trung,10.0916931,106.5448581,55,Moderate,1,25.1,85,0.0,10.7,104,1010.5,30,21.9,25.5,152.0,10.2,68.0,3.4
2026-03-25 00:00:00,2026,3,25,0,Vĩnh Long,Xã An Ngãi Trung,10.0916931,106.5448581,55,Moderate,1,25.0,85,0.0,10.3,102,1010.2,25,21.8,25.2,147.0,10.1,67.0,3.0
2026-03-25 01:00:00,2026,3,25,1,Vĩnh Long,Xã An Ngãi Trung,10.0916931,106.5448581,56,Moderate,1,24.8,87,0.0,9.1,98,1009.5,23,21.2,24.6,143.0,10.1,66.0,2.6
2026-03-25 02:00:00,2026,3,25,2,Vĩnh Long,Xã An Ngãi Trung,10.0916931,106.5448581,56,Moderate,1,24.8,87,0.0,9.4,98,1009.0,30,21.1,24.4,140.0,10.3,65.0,2.5
2026-03-25 03:00:00,2026,3,25,3,Vĩnh Long,Xã An Ngãi Trung,10.0916931,106.5448581,57,Moderate,1,24.5,87,0.0,9.0,96,1008.5,10,21.7,25.0,140.0,10.5,63.0,2.5
2026-03-25 04:00:00,2026,3,25,4,Vĩnh Long,Xã An Ngãi Trung,10.0916931,106.5448581,58,Moderate,1,24.2,87,0.0,7.6,90,1008.5,13,22.7,26.1,143.0,10.7,62.0,2.6
2026-03-25 05:00:00,2026,3,25,5,Vĩnh Long,Xã An Ngãi Trung,10.0916931,106.5448581,58,Moderate,1,23.9,88,0.0,7.0,91,1008.8,4,24.2,27.6,156.0,11.2,61.0,3.0
2026-03-25 06:00:00,2026,3,25,6,Vĩnh Long,Xã An Ngãi Trung,10.0916931,106.5448581,59,Moderate,1,23.6,90,0.0,6.7,90,1009.5,1,25.7,29.0,174.0,11.6,61.0,3.6
2026-03-25 07:00:00,2026,3,25,7,Vĩnh Long,Xã An Ngãi Trung,10.0916931,106.5448581,60,Moderate,1,26.0,80,0.0,11.7,94,1010.6,21,26.9,31.9,183.0,9.9,65.0,3.5
2026-03-25 08:00:00,2026,3,25,8,Vĩnh Long,Xã An Ngãi Trung,10.0916931,106.5448581,61,Moderate,1,27.9,68,0.0,13.9,95,1011.2,1,19.0,24.4,175.0,7.5,74.0,2.9
2026-03-25 09:00:00,2026,3,25,9,Vĩnh Long,Xã An Ngãi Trung,10.0916931,106.5448581,61,Moderate,1,29.1,60,0.0,15.2,95,1011.6,5,17.5,22.6,159.0,4.2,86.0,2.1
2026-03-25 10:00:00,2026,3,25,10,Vĩnh Long,Xã An Ngãi Trung,10.0916931,106.5448581,62,Moderate,1,30.0,57,0.0,16.3,96,1011.5,54,16.7,21.7,146.0,1.7,96.0,1.5
2026-03-25 11:00:00,2026,3,25,11,Vĩnh Long,Xã An Ngãi Trung,10.0916931,106.5448581,62,Moderate,1,30.8,52,0.0,16.9,97,1011.1,59,15.9,20.9,142.0,1.0,102.0,1.3
2026-03-25 12:00:00,2026,3,25,12,Vĩnh Long,Xã An Ngãi Trung,10.0916931,106.5448581,63,Moderate,1,31.3,50,0.0,16.6,99,1010.3,2,15.3,20.3,142.0,1.1,107.0,1.2
2026-03-25 13:00:00,2026,3,25,13,Vĩnh Long,Xã An Ngãi Trung,10.0916931,106.5448581,63,Moderate,1,31.0,51,0.0,15.5,99,1009.7,77,14.8,19.7,142.0,1.3,109.0,1.2
2026-03-25 14:00:00,2026,3,25,14,Vĩnh Long,Xã An Ngãi Trung,10.0916931,106.5448581,64,Moderate,1,31.0,48,0.0,15.1,105,1009.0,92,13.9,18.6,141.0,1.2,109.0,1.1
2026-03-25 15:00:00,2026,3,25,15,Vĩnh Long,Xã An Ngãi Trung,10.0916931,106.5448581,64,Moderate,1,30.2,53,0.0,15.0,108,1008.6,80,13.1,17.3,141.0,1.2,106.0,1.1
2026-03-25 16:00:00,2026,3,25,16,Vĩnh Long,Xã An Ngãi Trung,10.0916931,106.5448581,64,Moderate,1,28.9,63,0.0,14.3,115,1008.4,16,13.0,17.0,143.0,1.9,102.0,1.2
2026-03-25 17:00:00,2026,3,25,17,Vĩnh Long,Xã An Ngãi Trung,10.0916931,106.5448581,64,Moderate,1,28.0,66,0.0,13.0,116,1008.4,72,13.4,17.3,150.0,3.7,95.0,1.7
2026-03-25 18:00:00,2026,3,25,18,Vĩnh Long,Xã An Ngãi Trung,10.0916931,106.5448581,64,Moderate,1,26.6,75,0.0,12.6,131,1008.6,28,15.4,19.2,160.0,6.2,86.0,2.4
2026-03-25 19:00:00,2026,3,25,19,Vĩnh Long,Xã An Ngãi Trung,10.0916931,106.5448581,64,Moderate,1,26.0,84,0.0,11.4,139,1009.2,0,17.5,21.0,167.0,7.6,77.0,2.8
2026-03-25 20:00:00,2026,3,25,20,Vĩnh Long,Xã An Ngãi Trung,10.0916931,106.5448581,64,Moderate,1,25.7,86,0.0,11.8,137,1009.9,20,19.3,22.6,169.0,8.1,75.0,3.0
2026-03-25 21:00:00,2026,3,25,21,Vĩnh Long,Xã An Ngãi Trung,10.0916931,106.5448581,65,Moderate,1,25.7,86,0.0,10.4,124,1010.6,22,19.7,23.1,168.0,8.8,73.0,3.2
2026-03-25 22:00:00,2026,3,25,22,Vĩnh Long,Xã An Ngãi Trung,10.0916931,106.5448581,65,Moderate,1,25.5,87,0.0,10.0,118,1011.1,30,19.5,22.6,166.0,9.1,71.0,3.3
2026-03-25 23:00:00,2026,3,25,23,Vĩnh Long,Xã An Ngãi Trung,10.0916931,106.5448581,64,Moderate,1,25.5,87,0.0,11.5,115,1011.1,28,19.0,21.9,163.0,8.8,70.0,3.0
2026-03-26 00:00:00,2026,3,26,0,Vĩnh Long,Xã An Ngãi Trung,10.0916931,106.5448581,64,Moderate,1,25.4,87,0.0,12.5,111,1010.6,36,17.5,20.2,160.0,8.2,69.0,2.5
2026-03-26 01:00:00,2026,3,26,1,Vĩnh Long,Xã An Ngãi Trung,10.0916931,106.5448581,64,Moderate,1,25.2,86,0.0,12.4,111,1010.2,16,15.7,18.3,157.0,7.7,69.0,2.1
2026-03-26 02:00:00,2026,3,26,2,Vĩnh Long,Xã An Ngãi Trung,10.0916931,106.5448581,63,Moderate,1,25.1,85,0.0,12.3,112,1009.6,17,15.0,17.6,155.0,7.4,68.0,1.9
2026-03-26 03:00:00,2026,3,26,3,Vĩnh Long,Xã An Ngãi Trung,10.0916931,106.5448581,63,Moderate,1,24.9,87,0.0,11.7,111,1009.2,37,14.9,17.5,153.0,7.2,68.0,1.9
2026-03-26 04:00:00,2026,3,26,4,Vĩnh Long,Xã An Ngãi Trung,10.0916931,106.5448581,62,Moderate,1,25.0,86,0.0,12.3,105,1008.9,28,15.1,17.9,155.0,7.0,68.0,1.9
2026-03-26 05:00:00,2026,3,26,5,Vĩnh Long,Xã An Ngãi Trung,10.0916931,106.5448581,62,Moderate,1,25.0,82,0.0,13.1,98,1009.4,54,15.9,18.9,165.0,6.8,68.0,2.1
2026-03-26 06:00:00,2026,3,26,6,Vĩnh Long,Xã An Ngãi Trung,10.0916931,106.5448581,61,Moderate,1,25.0,77,0.0,11.9,96,1010.3,16,18.0,21.2,180.0,6.6,69.0,2.4
2026-03-26 07:00:00,2026,3,26,7,Vĩnh Long,Xã An Ngãi Trung,10.0916931,106.5448581,60,Moderate,1,26.2,78,0.0,13.7,92,1011.0,10,15.7,20.3,188.0,5.2,73.0,2.3
2026-03-26 08:00:00,2026,3,26,8,Vĩnh Long,Xã An Ngãi Trung,10.0916931,106.5448581,59,Moderate,1,27.8,67,0.0,15.7,95,1011.5,14,13.1,18.0,184.0,4.1,79.0,2.0
2026-03-26 09:00:00,2026,3,26,9,Vĩnh Long,Xã An Ngãi Trung,10.0916931,106.5448581,59,Moderate,1,29.0,58,0.0,15.6,97,1012.0,5,12.5,17.5,173.0,2.6,88.0,1.5
2026-03-26 10:00:00,2026,3,26,10,Vĩnh Long,Xã An Ngãi Trung,10.0916931,106.5448581,58,Moderate,1,30.0,53,0.0,15.1,98,1012.1,5,12.3,17.3,165.0,1.5,95.0,1.2
2026-03-26 11:00:00,2026,3,26,11,Vĩnh Long,Xã An Ngãi Trung,10.0916931,106.5448581,58,Moderate,1,30.8,49,0.0,15.1,98,1011.4,0,12.2,17.2,163.0,1.1,100.0,1.1
2026-03-26 12:00:00,2026,3,26,12,Vĩnh Long,Xã An Ngãi Trung,10.0916931,106.5448581,57,Moderate,1,31.2,49,0.0,15.0,94,1010.4,2,12.0,16.9,163.0,1.2,103.0,1.1
2026-03-26 13:00:00,2026,3,26,13,Vĩnh Long,Xã An Ngãi Trung,10.0916931,106.5448581,57,Moderate,1,31.0,49,0.0,14.9,98,1009.3,2,11.9,16.6,163.0,1.3,105.0,1.1
2026-03-26 14:00:00,2026,3,26,14,Vĩnh Long,Xã An Ngãi Trung,10.0916931,106.5448581,57,Moderate,1,31.0,48,0.0,13.6,105,1008.3,16,11.6,16.1,163.0,1.2,107.0,1.1
2026-03-26 15:00:00,2026,3,26,15,Vĩnh Long,Xã An Ngãi Trung,10.0916931,106.5448581,57,Moderate,1,30.5,49,0.0,13.9,110,1007.7,10,11.4,15.5,163.0,1.3,108.0,1.2
2026-03-26 16:00:00,2026,3,26,16,Vĩnh Long,Xã An Ngãi Trung,10.0916931,106.5448581,57,Moderate,1,29.0,61,0.0,14.1,113,1007.5,3,11.2,15.2,165.0,2.0,106.0,1.4
2026-03-26 17:00:00,2026,3,26,17,Vĩnh Long,Xã An Ngãi Trung,10.0916931,106.5448581,56,Moderate,1,27.9,63,0.0,13.9,114,1007.7,2,11.4,15.2,170.0,4.1,97.0,1.9
2026-03-26 18:00:00,2026,3,26,18,Vĩnh Long,Xã An Ngãi Trung,10.0916931,106.5448581,56,Moderate,1,26.4,76,0.0,13.9,117,1008.1,0,13.6,17.1,177.0,7.0,85.0,2.6
2026-03-26 19:00:00,2026,3,26,19,Vĩnh Long,Xã An Ngãi Trung,10.0916931,106.5448581,56,Moderate,1,25.9,81,0.0,12.8,122,1009.0,0,16.9,20.2,182.0,8.9,71.0,3.1
2026-03-26 20:00:00,2026,3,26,20,Vĩnh Long,Xã An Ngãi Trung,10.0916931,106.5448581,56,Moderate,1,25.7,81,0.0,12.4,118,1009.6,0,17.8,21.3,185.0,8.9,70.0,3.2
2026-03-26 21:00:00,2026,3,26,21,Vĩnh Long,Xã An Ngãi Trung,10.0916931,106.5448581,56,Moderate,1,25.4,84,0.0,12.9,115,1010.1,21,18.3,22.0,186.0,8.8,70.0,3.3
2026-03-26 22:00:00,2026,3,26,22,Vĩnh Long,Xã An Ngãi Trung,10.0916931,106.5448581,56,Moderate,1,25.1,87,0.0,13.0,115,1010.5,27,19.0,22.7,184.0,8.7,69.0,3.3
2026-03-26 23:00:00,2026,3,26,23,Vĩnh Long,Xã An Ngãi Trung,10.0916931,106.5448581,56,Moderate,1,25.0,86,0.0,12.5,111,1010.6,34,19.2,22.9,176.0,8.6,69.0,3.0
2026-03-27 00:00:00,2026,3,27,0,Vĩnh Long,Xã An Ngãi Trung,10.0916931,106.5448581,56,Moderate,1,24.9,85,0.0,12.2,114,1010.4,45,18.7,22.4,164.0,8.4,69.0,2.6
2026-03-27 01:00:00,2026,3,27,1,Vĩnh Long,Xã An Ngãi Trung,10.0916931,106.5448581,56,Moderate,1,24.8,87,0.0,11.7,113,1009.8,31,18.7,22.2,156.0,8.3,69.0,2.3
2026-03-27 02:00:00,2026,3,27,2,Vĩnh Long,Xã An Ngãi Trung,10.0916931,106.5448581,56,Moderate,1,24.7,86,0.0,10.7,112,1009.3,37,18.7,22.2,152.0,8.3,69.0,2.2
2026-03-27 03:00:00,2026,3,27,3,Vĩnh Long,Xã An Ngãi Trung,10.0916931,106.5448581,56,Moderate,1,24.7,83,0.0,9.6,113,1009.0,33,19.0,22.5,151.0,8.4,69.0,2.1
2026-03-27 04:00:00,2026,3,27,4,Vĩnh Long,Xã An Ngãi Trung,10.0916931,106.5448581,57,Moderate,1,24.5,82,0.0,7.9,123,1009.0,45,19.6,23.0,155.0,8.6,69.0,2.2
2026-03-27 05:00:00,2026,3,27,5,Vĩnh Long,Xã An Ngãi Trung,10.0916931,106.5448581,57,Moderate,1,24.4,81,0.0,7.5,127,1009.4,38,20.7,24.2,169.0,9.3,68.0,2.6
2026-03-27 06:00:00,2026,3,27,6,Vĩnh Long,Xã An Ngãi Trung,10.0916931,106.5448581,58,Moderate,1,23.8,84,0.0,5.9,133,1009.8,26,22.1,25.6,188.0,10.0,68.0,3.2
2026-03-27 07:00:00,2026,3,27,7,Vĩnh Long,Xã An Ngãi Trung,10.0916931,106.5448581,58,Moderate,1,25.8,79,0.0,11.5,130,1010.6,16,24.2,28.4,198.0,9.1,70.0,3.3
2026-03-27 08:00:00,2026,3,27,8,Vĩnh Long,Xã An Ngãi Trung,10.0916931,106.5448581,59,Moderate,1,27.8,65,0.0,14.0,122,1011.3,21,15.7,20.5,190.0,6.9,78.0,2.7
2026-03-27 09:00:00,2026,3,27,9,Vĩnh Long,Xã An Ngãi Trung,10.0916931,106.5448581,59,Moderate,1,29.1,57,0.0,14.7,119,1011.6,27,13.3,17.9,172.0,3.8,89.0,1.9
2026-03-27 10:00:00,2026,3,27,10,Vĩnh Long,Xã An Ngãi Trung,10.0916931,106.5448581,59,Moderate,1,30.3,51,0.0,14.7,118,1011.5,64,12.3,16.7,159.0,1.5,97.0,1.3
2026-03-27 11:00:00,2026,3,27,11,Vĩnh Long,Xã An Ngãi Trung,10.0916931,106.5448581,59,Moderate,1,31.0,49,0.0,13.5,115,1011.2,35,12.0,16.3,155.0,0.8,100.0,1.1
2026-03-27 12:00:00,2026,3,27,12,Vĩnh Long,Xã An Ngãi Trung,10.0916931,106.5448581,59,Moderate,1,31.5,48,0.0,12.5,106,1010.7,16,11.7,15.8,155.0,1.0,101.0,1.1
2026-03-27 13:00:00,2026,3,27,13,Vĩnh Long,Xã An Ngãi Trung,10.0916931,106.5448581,59,Moderate,1,31.0,48,0.0,12.6,99,1009.9,13,11.6,15.6,155.0,1.2,101.0,1.2
2026-03-27 14:00:00,2026,3,27,14,Vĩnh Long,Xã An Ngãi Trung,10.0916931,106.5448581,59,Moderate,1,30.7,49,0.0,12.3,100,1009.0,13,11.7,15.6,154.0,1.1,102.0,1.2
2026-03-27 15:00:00,2026,3,27,15,Vĩnh Long,Xã An Ngãi Trung,10.0916931,106.5448581,59,Moderate,1,30.3,49,0.0,12.4,106,1008.0,3,11.8,15.7,153.0,1.0,103.0,1.3
2026-03-27 16:00:00,2026,3,27,16,Vĩnh Long,Xã An Ngãi Trung,10.0916931,106.5448581,59,Moderate,1,29.5,52,0.0,12.5,108,1007.4,1,12.0,15.8,157.0,1.9,100.0,1.5
2026-03-27 17:00:00,2026,3,27,17,Vĩnh Long,Xã An Ngãi Trung,10.0916931,106.5448581,59,Moderate,1,28.2,59,0.0,12.2,109,1007.4,0,12.4,16.1,169.0,4.6,91.0,2.1
2026-03-27 18:00:00,2026,3,27,18,Vĩnh Long,Xã An Ngãi Trung,10.0916931,106.5448581,59,Moderate,1,26.5,69,0.0,10.9,106,1007.9,0,15.1,18.4,185.0,8.1,80.0,3.0
2026-03-27 19:00:00,2026,3,27,19,Vĩnh Long,Xã An Ngãi Trung,10.0916931,106.5448581,59,Moderate,1,26.1,72,0.0,9.1,120,1008.6,0,20.1,23.4,196.0,10.4,69.0,3.5
2026-03-27 20:00:00,2026,3,27,20,Vĩnh Long,Xã An Ngãi Trung,10.0916931,106.5448581,60,Moderate,1,25.6,76,0.0,9.7,121,1009.1,0,21.4,24.5,199.0,10.8,66.0,3.7
2026-03-27 21:00:00,2026,3,27,21,Vĩnh Long,Xã An Ngãi Trung,10.0916931,106.5448581,60,Moderate,1,25.4,79,0.0,9.4,120,1009.7,0,21.9,25.0,198.0,11.4,61.0,4.0
2026-03-27 22:00:00,2026,3,27,22,Vĩnh Long,Xã An Ngãi Trung,10.0916931,106.5448581,60,Moderate,1,25.0,83,0.0,9.5,117,1009.7,0,22.6,25.7,193.0,11.8,58.0,4.1
2026-03-27 23:00:00,2026,3,27,23,Vĩnh Long,Xã An Ngãi Trung,10.0916931,106.5448581,61,Moderate,1,24.8,84,0.0,9.5,117,1009.9,3,23.3,26.4,184.0,11.9,57.0,3.8
2026-03-28 00:00:00,2026,3,28,0,Vĩnh Long,Xã An Ngãi Trung,10.0916931,106.5448581,61,Moderate,1,24.5,88,0.0,8.6,113,1009.3,0,23.5,26.5,172.0,12.0,56.0,3.4
2026-03-28 01:00:00,2026,3,28,1,Vĩnh Long,Xã An Ngãi Trung,10.0916931,106.5448581,61,Moderate,1,24.2,92,0.0,7.5,111,1008.5,12,24.5,27.6,163.0,12.2,56.0,3.1
2026-03-28 02:00:00,2026,3,28,2,Vĩnh Long,Xã An Ngãi Trung,10.0916931,106.5448581,62,Moderate,1,24.1,92,0.0,6.6,106,1008.0,51,26.5,29.8,157.0,13.0,54.0,3.0
2026-03-28 03:00:00,2026,3,28,3,Vĩnh Long,Xã An Ngãi Trung,10.0916931,106.5448581,62,Moderate,1,24.1,91,0.0,6.5,103,1007.7,57,28.6,32.0,153.0,13.9,52.0,3.1
2026-03-28 04:00:00,2026,3,28,4,Vĩnh Long,Xã An Ngãi Trung,10.0916931,106.5448581,63,Moderate,1,24.2,90,0.0,7.5,107,1007.5,30,29.2,32.6,155.0,14.2,52.0,3.2
2026-03-28 05:00:00,2026,3,28,5,Vĩnh Long,Xã An Ngãi Trung,10.0916931,106.5448581,64,Moderate,1,24.4,88,0.0,8.4,115,1008.3,31,29.0,32.4,169.0,13.6,53.0,3.4
2026-03-28 06:00:00,2026,3,28,6,Vĩnh Long,Xã An Ngãi Trung,10.0916931,106.5448581,65,Moderate,1,24.4,87,0.0,8.1,108,1008.8,39,28.6,32.0,188.0,12.3,56.0,3.7
2026-03-28 07:00:00,2026,3,28,7,Vĩnh Long,Xã An Ngãi Trung,10.0916931,106.5448581,66,Moderate,1,26.2,78,0.0,11.3,115,1009.7,29,28.2,31.0,198.0,12.2,54.0,4.1
2026-03-28 08:00:00,2026,3,28,8,Vĩnh Long,Xã An Ngãi Trung,10.0916931,106.5448581,66,Moderate,1,28.1,67,0.0,14.8,111,1010.2,26,17.3,21.7,190.0,9.0,65.0,3.3
2026-03-28 09:00:00,2026,3,28,9,Vĩnh Long,Xã An Ngãi Trung,10.0916931,106.5448581,66,Moderate,1,29.5,60,0.0,17.0,109,1010.8,33,14.4,18.6,173.0,4.7,80.0,2.1
2026-03-28 10:00:00,2026,3,28,10,Vĩnh Long,Xã An Ngãi Trung,10.0916931,106.5448581,66,Moderate,1,30.5,55,0.0,17.2,110,1010.8,52,14.0,18.3,160.0,1.5,92.0,1.3
2026-03-28 11:00:00,2026,3,28,11,Vĩnh Long,Xã An Ngãi Trung,10.0916931,106.5448581,66,Moderate,1,31.0,54,0.0,17.3,112,1010.5,55,13.7,18.0,157.0,0.6,97.0,1.0
2026-03-28 12:00:00,2026,3,28,12,Vĩnh Long,Xã An Ngãi Trung,10.0916931,106.5448581,66,Moderate,1,31.1,54,0.0,17.2,113,1009.6,93,13.6,17.9,158.0,0.8,98.0,1.0
2026-03-28 13:00:00,2026,3,28,13,Vĩnh Long,Xã An Ngãi Trung,10.0916931,106.5448581,67,Moderate,1,30.3,55,0.0,16.1,114,1009.0,85,13.6,18.0,159.0,1.2,98.0,1.1
2026-03-28 14:00:00,2026,3,28,14,Vĩnh Long,Xã An Ngãi Trung,10.0916931,106.5448581,67,Moderate,1,30.5,56,0.0,16.3,121,1008.4,97,13.9,18.3,159.0,1.2,98.0,1.1
2026-03-28 15:00:00,2026,3,28,15,Vĩnh Long,Xã An Ngãi Trung,10.0916931,106.5448581,67,Moderate,1,30.0,57,0.0,16.7,125,1008.0,100,14.0,18.4,159.0,1.3,96.0,1.1
2026-03-28 16:00:00,2026,3,28,16,Vĩnh Long,Xã An Ngãi Trung,10.0916931,106.5448581,67,Moderate,1,29.0,60,0.0,17.0,129,1007.7,99,14.2,18.5,162.0,2.0,93.0,1.3
2026-03-28 17:00:00,2026,3,28,17,Vĩnh Long,Xã An Ngãi Trung,10.0916931,106.5448581,67,Moderate,1,27.9,64,0.0,15.8,132,1008.1,26,14.8,19.2,169.0,3.5,88.0,1.7
2026-03-28 18:00:00,2026,3,28,18,Vĩnh Long,Xã An Ngãi Trung,10.0916931,106.5448581,68,Moderate,1,26.9,68,0.0,13.0,131,1008.5,19,16.8,20.9,178.0,5.5,82.0,2.3
2026-03-28 19:00:00,2026,3,28,19,Vĩnh Long,Xã An Ngãi Trung,10.0916931,106.5448581,68,Moderate,1,26.9,72,0.0,11.5,115,1008.6,15,21.9,26.0,187.0,8.4,73.0,3.2
2026-03-28 20:00:00,2026,3,28,20,Vĩnh Long,Xã An Ngãi Trung,10.0916931,106.5448581,68,Moderate,1,26.4,75,0.0,9.7,108,1009.0,9,25.0,28.9,196.0,10.1,68.0,3.8
2026-03-28 21:00:00,2026,3,28,21,Vĩnh Long,Xã An Ngãi Trung,10.0916931,106.5448581,68,Moderate,1,26.0,78,0.0,9.7,106,1009.1,0,28.7,32.4,204.0,12.6,62.0,4.6
2026-03-28 22:00:00,2026,3,28,22,Vĩnh Long,Xã An Ngãi Trung,10.0916931,106.5448581,69,Moderate,1,25.7,81,0.0,7.9,101,1009.3,91,31.2,34.8,207.0,14.8,56.0,5.1
2026-03-28 23:00:00,2026,3,28,23,Vĩnh Long,Xã An Ngãi Trung,10.0916931,106.5448581,70,Moderate,1,25.0,86,0.0,6.0,99,1009.3,77,33.3,36.9,199.0,16.3,52.0,5.1
2026-03-29 00:00:00,2026,3,29,0,Vĩnh Long,Xã An Ngãi Trung,10.0916931,106.5448581,70,Moderate,1,24.5,91,0.0,4.9,98,1009.4,95,35.3,39.0,186.0,17.6,50.0,4.9
2026-03-29 01:00:00,2026,3,29,1,Vĩnh Long,Xã An Ngãi Trung,10.0916931,106.5448581,71,Moderate,1,24.9,89,0.0,7.0,111,1008.6,100,37.8,41.6,177.0,18.8,47.0,4.7
2026-03-29 02:00:00,2026,3,29,2,Vĩnh Long,Xã An Ngãi Trung,10.0916931,106.5448581,73,Moderate,1,25.0,88,0.0,7.7,115,1008.3,99,39.0,42.6,176.0,20.2,44.0,4.6
2026-03-29 03:00:00,2026,3,29,3,Vĩnh Long,Xã An Ngãi Trung,10.0916931,106.5448581,74,Moderate,1,24.7,89,0.0,6.1,122,1008.2,100,40.3,44.0,179.0,21.5,41.0,4.5
2026-03-29 04:00:00,2026,3,29,4,Vĩnh Long,Xã An Ngãi Trung,10.0916931,106.5448581,75,Moderate,1,24.4,92,0.0,5.4,138,1008.1,98,44.0,47.8,185.0,22.0,39.0,4.6
2026-03-29 05:00:00,2026,3,29,5,Vĩnh Long,Xã An Ngãi Trung,10.0916931,106.5448581,76,Moderate,1,24.1,93,0.0,5.5,153,1008.9,99,50.2,54.2,200.0,21.7,39.0,5.0
2026-03-29 06:00:00,2026,3,29,6,Vĩnh Long,Xã An Ngãi Trung,10.0916931,106.5448581,78,Moderate,1,24.1,94,0.0,5.3,125,1009.6,88,54.1,58.6,218.0,20.7,40.0,5.5
2026-03-29 07:00:00,2026,3,29,7,Vĩnh Long,Xã An Ngãi Trung,10.0916931,106.5448581,80,Moderate,1,26.6,85,0.0,10.0,110,1010.2,42,40.6,43.7,224.0,17.9,45.0,5.3
2026-03-29 08:00:00,2026,3,29,8,Vĩnh Long,Xã An Ngãi Trung,10.0916931,106.5448581,81,Moderate,1,28.5,74,0.0,14.2,108,1010.9,26,20.0,24.6,207.0,13.1,56.0,4.1
2026-03-29 09:00:00,2026,3,29,9,Vĩnh Long,Xã An Ngãi Trung,10.0916931,106.5448581,82,Moderate,1,30.1,62,0.0,15.6,112,1011.4,1,13.4,16.8,179.0,6.5,71.0,2.6
2026-03-29 10:00:00,2026,3,29,10,Vĩnh Long,Xã An Ngãi Trung,10.0916931,106.5448581,82,Moderate,1,31.1,58,0.0,16.3,111,1011.3,55,12.5,15.7,157.0,1.6,83.0,1.4
2026-03-29 11:00:00,2026,3,29,11,Vĩnh Long,Xã An Ngãi Trung,10.0916931,106.5448581,81,Moderate,1,31.9,55,0.0,16.9,112,1011.0,84,12.3,15.6,149.0,0.3,89.0,1.1
2026-03-29 12:00:00,2026,3,29,12,Vĩnh Long,Xã An Ngãi Trung,10.0916931,106.5448581,81,Moderate,1,32.4,52,0.0,16.1,112,1010.3,99,12.5,15.8,148.0,0.7,91.0,1.2
2026-03-29 13:00:00,2026,3,29,13,Vĩnh Long,Xã An Ngãi Trung,10.0916931,106.5448581,81,Moderate,1,32.2,52,0.0,15.6,114,1009.4,96,12.5,15.8,148.0,1.3,92.0,1.3
2026-03-29 14:00:00,2026,3,29,14,Vĩnh Long,Xã An Ngãi Trung,10.0916931,106.5448581,81,Moderate,1,32.0,53,0.0,16.2,117,1008.4,70,12.6,15.7,145.0,1.2,92.0,1.3
2026-03-29 15:00:00,2026,3,29,15,Vĩnh Long,Xã An Ngãi Trung,10.0916931,106.5448581,81,Moderate,1,31.4,55,0.0,15.9,118,1007.9,84,12.5,15.5,143.0,1.2,91.0,1.3
2026-03-29 16:00:00,2026,3,29,16,Vĩnh Long,Xã An Ngãi Trung,10.0916931,106.5448581,81,Moderate,1,30.3,60,0.0,15.6,117,1007.6,0,12.5,15.5,145.0,2.0,88.0,1.5
2026-03-29 17:00:00,2026,3,29,17,Vĩnh Long,Xã An Ngãi Trung,10.0916931,106.5448581,81,Moderate,1,28.8,68,0.0,14.8,114,1007.6,0,12.6,15.7,154.0,4.0,81.0,2.0
2026-03-29 18:00:00,2026,3,29,18,Vĩnh Long,Xã An Ngãi Trung,10.0916931,106.5448581,80,Moderate,1,27.1,79,0.0,12.3,112,1007.7,0,13.9,16.8,168.0,6.8,72.0,2.7
2026-03-29 19:00:00,2026,3,29,19,Vĩnh Long,Xã An Ngãi Trung,10.0916931,106.5448581,80,Moderate,1,26.8,86,0.0,9.5,122,1008.6,13,19.0,22.2,178.0,9.1,61.0,3.3
2026-03-29 20:00:00,2026,3,29,20,Vĩnh Long,Xã An Ngãi Trung,10.0916931,106.5448581,80,Moderate,1,26.5,88,0.0,8.7,124,1009.2,28,20.8,23.9,184.0,10.2,58.0,3.7
2026-03-29 21:00:00,2026,3,29,21,Vĩnh Long,Xã An Ngãi Trung,10.0916931,106.5448581,80,Moderate,1,26.4,89,0.0,8.7,120,1009.7,23,22.6,25.7,188.0,11.7,53.0,4.2
2026-03-29 22:00:00,2026,3,29,22,Vĩnh Long,Xã An Ngãi Trung,10.0916931,106.5448581,79,Moderate,1,26.0,91,0.0,7.9,114,1010.3,21,24.7,27.8,186.0,13.0,49.0,4.5
2026-03-29 23:00:00,2026,3,29,23,Vĩnh Long,Xã An Ngãi Trung,10.0916931,106.5448581,78,Moderate,1,25.8,93,0.0,8.6,119,1010.5,20,27.7,30.7,175.0,13.9,46.0,4.3
2026-03-30 00:00:00,2026,3,30,0,Vĩnh Long,Xã An Ngãi Trung,10.0916931,106.5448581,78,Moderate,1,25.5,93,0.0,8.2,123,1010.4,23,28.4,31.4,159.0,14.6,43.0,3.9
2026-03-30 01:00:00,2026,3,30,1,Vĩnh Long,Xã An Ngãi Trung,10.0916931,106.5448581,77,Moderate,1,25.6,94,0.0,6.2,120,1009.9,32,28.2,31.3,148.0,15.2,40.0,3.6
2026-03-30 02:00:00,2026,3,30,2,Vĩnh Long,Xã An Ngãi Trung,10.0916931,106.5448581,76,Moderate,1,25.4,94,0.0,5.6,107,1009.6,15,29.0,32.2,145.0,16.3,37.0,3.6
2026-03-30 03:00:00,2026,3,30,3,Vĩnh Long,Xã An Ngãi Trung,10.0916931,106.5448581,76,Moderate,1,25.1,94,0.0,5.9,110,1009.3,19,31.0,34.2,147.0,17.2,34.0,3.7
2026-03-30 04:00:00,2026,3,30,4,Vĩnh Long,Xã An Ngãi Trung,10.0916931,106.5448581,75,Moderate,1,25.0,95,0.0,6.6,106,1009.0,13,31.2,34.5,151.0,16.9,34.0,3.7
2026-03-30 05:00:00,2026,3,30,5,Vĩnh Long,Xã An Ngãi Trung,10.0916931,106.5448581,74,Moderate,1,25.0,95,0.0,7.7,106,1009.1,9,28.9,32.0,158.0,14.1,38.0,3.5
2026-03-30 06:00:00,2026,3,30,6,Vĩnh Long,Xã An Ngãi Trung,10.0916931,106.5448581,72,Moderate,1,25.0,96,0.0,7.1,105,1009.7,19,26.1,29.1,166.0,10.0,44.0,3.2
2026-03-30 07:00:00,2026,3,30,7,Vĩnh Long,Xã An Ngãi Trung,10.0916931,106.5448581,69,Moderate,1,26.9,83,0.0,11.3,121,1010.4,24,20.7,25.3,169.0,7.8,49.0,3.2
2026-03-30 08:00:00,2026,3,30,8,Vĩnh Long,Xã An Ngãi Trung,10.0916931,106.5448581,68,Moderate,1,28.7,70,0.0,12.6,115,1011.3,28,15.5,20.3,161.0,6.0,56.0,2.7
2026-03-30 09:00:00,2026,3,30,9,Vĩnh Long,Xã An Ngãi Trung,10.0916931,106.5448581,67,Moderate,1,30.1,62,0.0,13.6,110,1012.0,30,13.5,18.5,147.0,3.5,67.0,2.1
2026-03-30 10:00:00,2026,3,30,10,Vĩnh Long,Xã An Ngãi Trung,10.0916931,106.5448581,67,Moderate,1,31.0,58,0.0,13.3,106,1012.1,23,13.4,18.5,137.0,1.7,75.0,1.6
2026-03-30 11:00:00,2026,3,30,11,Vĩnh Long,Xã An Ngãi Trung,10.0916931,106.5448581,67,Moderate,1,31.8,53,0.0,12.7,106,1011.6,10,13.5,18.7,134.0,1.1,80.0,1.4
2026-03-30 12:00:00,2026,3,30,12,Vĩnh Long,Xã An Ngãi Trung,10.0916931,106.5448581,67,Moderate,1,32.0,52,0.0,13.3,106,1010.7,7,13.8,19.1,134.0,1.2,83.0,1.4
2026-03-30 13:00:00,2026,3,30,13,Vĩnh Long,Xã An Ngãi Trung,10.0916931,106.5448581,67,Moderate,1,32.0,52,0.0,13.5,109,1009.9,17,13.4,18.7,135.0,1.4,85.0,1.4
2026-03-30 14:00:00,2026,3,30,14,Vĩnh Long,Xã An Ngãi Trung,10.0916931,106.5448581,68,Moderate,1,31.6,53,0.1,13.6,113,1009.2,13,13.5,19.2,134.0,1.3,85.0,1.3
2026-03-30 15:00:00,2026,3,30,15,Vĩnh Long,Xã An Ngãi Trung,10.0916931,106.5448581,68,Moderate,1,31.0,56,0.0,13.0,114,1008.7,14,13.4,19.3,134.0,1.3,83.0,1.3
2026-03-30 16:00:00,2026,3,30,16,Vĩnh Long,Xã An Ngãi Trung,10.0916931,106.5448581,68,Moderate,1,30.1,59,0.0,12.7,117,1008.4,11,13.7,19.9,137.0,1.9,79.0,1.4
2026-03-30 17:00:00,2026,3,30,17,Vĩnh Long,Xã An Ngãi Trung,10.0916931,106.5448581,68,Moderate,1,28.9,64,0.0,11.9,120,1008.5,5,14.2,20.4,147.0,3.7,73.0,1.8
2026-03-30 18:00:00,2026,3,30,18,Vĩnh Long,Xã An Ngãi Trung,10.0916931,106.5448581,68,Moderate,1,27.6,68,0.0,11.5,121,1008.6,2,16.1,21.9,160.0,6.2,65.0,2.5
2026-03-30 19:00:00,2026,3,30,19,Vĩnh Long,Xã An Ngãi Trung,10.0916931,106.5448581,68,Moderate,1,26.9,78,0.0,9.9,123,1008.9,1,20.6,26.1,170.0,9.0,54.0,3.3
2026-03-30 20:00:00,2026,3,30,20,Vĩnh Long,Xã An Ngãi Trung,10.0916931,106.5448581,68,Moderate,1,26.3,83,0.0,9.4,120,1009.7,1,22.4,27.8,174.0,9.7,51.0,3.6
2026-03-30 21:00:00,2026,3,30,21,Vĩnh Long,Xã An Ngãi Trung,10.0916931,106.5448581,68,Moderate,1,26.0,87,0.0,9.5,119,1010.6,7,24.1,29.5,174.0,10.7,48.0,4.0
2026-03-30 22:00:00,2026,3,30,22,Vĩnh Long,Xã An Ngãi Trung,10.0916931,106.5448581,69,Moderate,1,25.9,88,0.0,9.7,121,1011.3,18,24.9,30.3,172.0,11.4,45.0,4.1
2026-03-30 23:00:00,2026,3,30,23,Vĩnh Long,Xã An Ngãi Trung,10.0916931,106.5448581,69,Moderate,1,25.8,88,0.0,9.9,117,1011.3,13,24.3,29.6,166.0,11.4,45.0,3.8
2026-03-31 00:00:00,2026,3,31,0,Vĩnh Long,Xã An Ngãi Trung,10.0916931,106.5448581,68,Moderate,1,25.6,88,0.0,9.5,117,1011.2,27,23.3,28.6,156.0,11.1,46.0,3.3
2026-03-31 01:00:00,2026,3,31,1,Vĩnh Long,Xã An Ngãi Trung,10.0916931,106.5448581,68,Moderate,1,25.6,89,0.0,8.2,116,1011.1,29,24.5,29.7,150.0,11.0,46.0,2.9
2026-03-31 02:00:00,2026,3,31,2,Vĩnh Long,Xã An Ngãi Trung,10.0916931,106.5448581,67,Moderate,1,25.5,89,0.0,8.2,119,1010.2,26,26.6,31.8,147.0,11.7,44.0,2.8
2026-03-31 03:00:00,2026,3,31,3,Vĩnh Long,Xã An Ngãi Trung,10.0916931,106.5448581,67,Moderate,1,25.1,90,0.0,7.9,123,1010.0,22,27.5,32.6,146.0,12.7,42.0,2.8
2026-03-31 04:00:00,2026,3,31,4,Vĩnh Long,Xã An Ngãi Trung,10.0916931,106.5448581,67,Moderate,1,24.9,91,0.0,8.7,114,1009.6,14,27.3,32.2,152.0,13.0,41.0,2.9
2026-03-31 05:00:00,2026,3,31,5,Vĩnh Long,Xã An Ngãi Trung,10.0916931,106.5448581,67,Moderate,1,24.4,93,0.0,7.3,113,1009.6,14,27.0,31.9,174.0,12.1,43.0,3.2
2026-03-31 06:00:00,2026,3,31,6,Vĩnh Long,Xã An Ngãi Trung,10.0916931,106.5448581,66,Moderate,1,24.0,94,0.0,6.0,107,1010.6,8,28.2,33.2,202.0,10.5,46.0,3.5
2026-03-31 07:00:00,2026,3,31,7,Vĩnh Long,Xã An Ngãi Trung,10.0916931,106.5448581,67,Moderate,1,26.2,84,0.0,7.8,97,1011.4,20,23.2,30.0,217.0,7.8,54.0,3.4
2026-03-31 08:00:00,2026,3,31,8,Vĩnh Long,Xã An Ngãi Trung,10.0916931,106.5448581,67,Moderate,1,28.2,71,0.0,9.5,105,1012.4,16,17.2,25.1,203.0,6.0,61.0,3.0
2026-03-31 09:00:00,2026,3,31,9,Vĩnh Long,Xã An Ngãi Trung,10.0916931,106.5448581,67,Moderate,1,29.8,63,0.0,9.6,110,1012.9,8,16.0,24.3,175.0,3.6,72.0,2.4
2026-03-31 10:00:00,2026,3,31,10,Vĩnh Long,Xã An Ngãi Trung,10.0916931,106.5448581,67,Moderate,1,31.0,56,0.0,8.7,111,1012.6,11,15.9,24.4,154.0,1.8,81.0,1.9
2026-03-31 11:00:00,2026,3,31,11,Vĩnh Long,Xã An Ngãi Trung,10.0916931,106.5448581,67,Moderate,1,31.9,52,0.0,7.6,109,1012.2,81,16.1,24.6,148.0,1.2,87.0,1.8
2026-03-31 12:00:00,2026,3,31,12,Vĩnh Long,Xã An Ngãi Trung,10.0916931,106.5448581,68,Moderate,1,32.7,49,0.0,8.3,112,1011.3,66,16.2,24.6,149.0,1.2,92.0,1.8
2026-03-31 13:00:00,2026,3,31,13,Vĩnh Long,Xã An Ngãi Trung,10.0916931,106.5448581,68,Moderate,1,32.4,49,0.0,8.4,105,1010.7,82,16.2,24.6,150.0,1.4,95.0,1.8
2026-03-31 14:00:00,2026,3,31,14,Vĩnh Long,Xã An Ngãi Trung,10.0916931,106.5448581,68,Moderate,1,32.5,49,0.0,9.5,101,1009.3,84,16.1,24.4,150.0,1.3,97.0,1.7
2026-03-31 15:00:00,2026,3,31,15,Vĩnh Long,Xã An Ngãi Trung,10.0916931,106.5448581,68,Moderate,1,31.6,54,0.0,9.8,108,1008.5,74,16.0,23.9,150.0,1.4,97.0,1.7
2026-03-31 16:00:00,2026,3,31,16,Vĩnh Long,Xã An Ngãi Trung,10.0916931,106.5448581,69,Moderate,1,30.5,59,0.0,11.7,115,1008.1,62,15.9,23.4,153.0,2.3,93.0,1.8
2026-03-31 17:00:00,2026,3,31,17,Vĩnh Long,Xã An Ngãi Trung,10.0916931,106.5448581,69,Moderate,1,28.9,66,0.0,14.8,119,1008.0,72,16.1,23.1,160.0,4.5,83.0,2.3
2026-03-31 18:00:00,2026,3,31,18,Vĩnh Long,Xã An Ngãi Trung,10.0916931,106.5448581,69,Moderate,1,27.4,71,0.0,12.9,127,1008.5,70,18.5,24.3,169.0,7.5,70.0,2.9
2026-03-31 19:00:00,2026,3,31,19,Vĩnh Long,Xã An Ngãi Trung,10.0916931,106.5448581,69,Moderate,1,27.0,77,0.0,11.5,139,1008.6,65,22.5,28.4,178.0,10.1,58.0,3.5
2026-03-31 20:00:00,2026,3,31,20,Vĩnh Long,Xã An Ngãi Trung,10.0916931,106.5448581,69,Moderate,1,26.5,81,0.0,10.0,141,1009.0,66,22.8,28.1,187.0,11.6,52.0,4.0
2026-03-31 21:00:00,2026,3,31,21,Vĩnh Long,Xã An Ngãi Trung,10.0916931,106.5448581,69,Moderate,1,25.9,85,0.0,8.3,147,1009.6,70,25.6,30.7,196.0,13.6,45.0,4.6
2026-03-31 22:00:00,2026,3,31,22,Vĩnh Long,Xã An Ngãi Trung,10.0916931,106.5448581,69,Moderate,1,25.5,89,0.0,7.7,152,1010.4,63,29.6,34.7,199.0,15.2,39.0,5.0
2026-03-31 23:00:00,2026,3,31,23,Vĩnh Long,Xã An Ngãi Trung,10.0916931,106.5448581,70,Moderate,1,25.0,93,0.0,7.4,141,1010.6,63,31.0,36.0,192.0,15.8,37.0,4.8
2026-04-01 00:00:00,2026,4,1,0,Vĩnh Long,Xã An Ngãi Trung,10.0916931,106.5448581,71,Moderate,1,24.6,95,0.0,6.0,136,1010.1,66,31.1,36.1,181.0,16.0,38.0,4.2
2026-04-01 01:00:00,2026,4,1,1,Vĩnh Long,Xã An Ngãi Trung,10.0916931,106.5448581,71,Moderate,1,24.5,96,0.0,6.2,131,1009.8,73,32.0,37.0,171.0,16.3,38.0,3.8
2026-04-01 02:00:00,2026,4,1,2,Vĩnh Long,Xã An Ngãi Trung,10.0916931,106.5448581,72,Moderate,1,24.4,96,0.0,5.9,128,1009.5,81,33.5,38.5,164.0,17.0,38.0,3.7
2026-04-01 03:00:00,2026,4,1,3,Vĩnh Long,Xã An Ngãi Trung,10.0916931,106.5448581,72,Moderate,1,24.4,96,0.0,6.0,134,1009.5,27,35.0,40.0,159.0,17.7,37.0,3.7
2026-04-01 04:00:00,2026,4,1,4,Vĩnh Long,Xã An Ngãi Trung,10.0916931,106.5448581,73,Moderate,1,24.0,96,0.0,5.0,125,1009.5,22,36.1,41.1,165.0,18.0,38.0,3.9
2026-04-01 05:00:00,2026,4,1,5,Vĩnh Long,Xã An Ngãi Trung,10.0916931,106.5448581,74,Moderate,1,23.8,96,0.0,4.4,125,1009.8,25,36.8,41.6,192.0,17.9,39.0,4.4
2026-04-01 06:00:00,2026,4,1,6,Vĩnh Long,Xã An Ngãi Trung,10.0916931,106.5448581,75,Moderate,1,23.5,96,0.0,4.7,113,1010.4,20,37.6,42.3,230.0,17.4,40.0,5.1
2026-04-01 07:00:00,2026,4,1,7,Vĩnh Long,Xã An Ngãi Trung,10.0916931,106.5448581,76,Moderate,1,26.0,86,0.0,5.6,115,1011.1,56,33.3,38.5,250.0,12.2,52.0,4.3
2026-04-01 08:00:00,2026,4,1,8,Vĩnh Long,Xã An Ngãi Trung,10.0916931,106.5448581,77,Moderate,1,28.0,70,0.0,7.4,112,1012.1,55,19.2,25.7,235.0,9.1,63.0,3.6
2026-04-01 09:00:00,2026,4,1,9,Vĩnh Long,Xã An Ngãi Trung,10.0916931,106.5448581,77,Moderate,1,29.5,62,0.0,9.1,107,1012.7,38,17.8,24.2,204.0,4.9,79.0,2.6
2026-04-01 10:00:00,2026,4,1,10,Vĩnh Long,Xã An Ngãi Trung,10.0916931,106.5448581,77,Moderate,1,30.7,56,0.0,11.4,106,1012.6,44,17.9,24.2,183.0,1.8,92.0,1.8
2026-04-01 11:00:00,2026,4,1,11,Vĩnh Long,Xã An Ngãi Trung,10.0916931,106.5448581,77,Moderate,1,31.3,53,0.0,12.9,106,1011.9,78,18.2,24.4,186.0,0.9,99.0,1.5
2026-04-01 12:00:00,2026,4,1,12,Vĩnh Long,Xã An Ngãi Trung,10.0916931,106.5448581,77,Moderate,1,31.8,50,0.0,13.4,110,1011.1,27,18.5,24.5,199.0,1.1,103.0,1.5
2026-04-01 13:00:00,2026,4,1,13,Vĩnh Long,Xã An Ngãi Trung,10.0916931,106.5448581,77,Moderate,1,31.5,49,0.0,12.8,110,1010.4,7,18.7,24.3,210.0,1.4,106.0,1.5
2026-04-01 14:00:00,2026,4,1,14,Vĩnh Long,Xã An Ngãi Trung,10.0916931,106.5448581,78,Moderate,1,31.4,50,0.0,13.0,112,1009.0,2,19.3,24.6,212.0,1.3,108.0,1.5
2026-04-01 15:00:00,2026,4,1,15,Vĩnh Long,Xã An Ngãi Trung,10.0916931,106.5448581,78,Moderate,1,30.9,53,0.0,14.1,111,1008.4,2,20.3,25.6,211.0,1.3,109.0,1.5
2026-04-01 16:00:00,2026,4,1,16,Vĩnh Long,Xã An Ngãi Trung,10.0916931,106.5448581,78,Moderate,1,30.0,58,0.0,14.5,117,1008.1,0,20.9,26.3,213.0,2.2,106.0,1.8
2026-04-01 17:00:00,2026,4,1,17,Vĩnh Long,Xã An Ngãi Trung,10.0916931,106.5448581,79,Moderate,1,28.6,64,0.0,12.7,121,1007.9,0,21.4,26.7,221.0,4.6,98.0,2.4
2026-04-01 18:00:00,2026,4,1,18,Vĩnh Long,Xã An Ngãi Trung,10.0916931,106.5448581,79,Moderate,1,27.1,73,0.0,11.6,132,1008.2,0,24.1,29.1,233.0,7.9,86.0,3.2
2026-04-01 19:00:00,2026,4,1,19,Vĩnh Long,Xã An Ngãi Trung,10.0916931,106.5448581,80,Moderate,1,26.7,78,0.0,11.0,138,1008.9,0,24.4,28.3,242.0,9.5,72.0,3.6
2026-04-01 20:00:00,2026,4,1,20,Vĩnh Long,Xã An Ngãi Trung,10.0916931,106.5448581,80,Moderate,1,26.4,79,0.0,9.3,137,1009.8,1,28.9,33.2,248.0,10.7,67.0,4.0
2026-04-01 21:00:00,2026,4,1,21,Vĩnh Long,Xã An Ngãi Trung,10.0916931,106.5448581,80,Moderate,1,26.2,81,0.0,8.4,125,1010.4,5,31.9,36.4,252.0,12.5,61.0,4.5
2026-04-01 22:00:00,2026,4,1,22,Vĩnh Long,Xã An Ngãi Trung,10.0916931,106.5448581,81,Moderate,1,26.1,82,0.0,8.5,132,1011.0,5,33.9,38.4,251.0,13.6,57.0,4.7
2026-04-01 23:00:00,2026,4,1,23,Vĩnh Long,Xã An Ngãi Trung,10.0916931,106.5448581,81,Moderate,1,26.0,83,0.0,9.2,132,1011.2,9,34.3,38.9,243.0,13.7,56.0,4.4
2026-04-02 00:00:00,2026,4,2,0,Vĩnh Long,Xã An Ngãi Trung,10.0916931,106.5448581,82,Moderate,1,25.9,83,0.0,9.8,130,1010.9,20,33.6,38.0,231.0,13.2,58.0,3.7
2026-04-02 01:00:00,2026,4,2,1,Vĩnh Long,Xã An Ngãi Trung,10.0916931,106.5448581,82,Moderate,1,25.7,86,0.0,8.7,130,1010.6,16,34.0,38.1,222.0,12.7,59.0,3.2
2026-04-02 02:00:00,2026,4,2,2,Vĩnh Long,Xã An Ngãi Trung,10.0916931,106.5448581,82,Moderate,1,25.5,88,0.0,8.3,134,1010.2,11,34.1,38.2,217.0,12.3,60.0,2.9
2026-04-02 03:00:00,2026,4,2,3,Vĩnh Long,Xã An Ngãi Trung,10.0916931,106.5448581,82,Moderate,1,25.2,88,0.0,6.8,143,1010.1,69,33.1,37.0,215.0,11.8,61.0,2.8
2026-04-02 04:00:00,2026,4,2,4,Vĩnh Long,Xã An Ngãi Trung,10.0916931,106.5448581,82,Moderate,1,25.0,89,0.0,5.0,145,1009.9,26,32.4,36.3,218.0,11.5,62.0,2.8
2026-04-02 05:00:00,2026,4,2,5,Vĩnh Long,Xã An Ngãi Trung,10.0916931,106.5448581,82,Moderate,1,24.8,89,0.0,5.7,143,1010.2,8,33.2,37.3,232.0,11.9,62.0,3.3
2026-04-02 06:00:00,2026,4,2,6,Vĩnh Long,Xã An Ngãi Trung,10.0916931,106.5448581,81,Moderate,1,24.4,89,0.0,5.9,130,1010.8,10,35.0,39.1,251.0,12.4,61.0,3.9
2026-04-02 07:00:00,2026,4,2,7,Vĩnh Long,Xã An Ngãi Trung,10.0916931,106.5448581,81,Moderate,1,26.7,80,0.0,7.4,135,1011.6,15,40.3,43.4,262.0,15.0,55.0,4.7
2026-04-02 08:00:00,2026,4,2,8,Vĩnh Long,Xã An Ngãi Trung,10.0916931,106.5448581,82,Moderate,1,28.7,67,0.0,10.0,120,1012.4,9,24.9,30.7,255.0,11.1,67.0,3.8
2026-04-02 09:00:00,2026,4,2,9,Vĩnh Long,Xã An Ngãi Trung,10.0916931,106.5448581,82,Moderate,1,30.3,58,0.0,11.8,110,1012.9,22,20.4,26.0,240.0,5.7,83.0,2.6
2026-04-02 10:00:00,2026,4,2,10,Vĩnh Long,Xã An Ngãi Trung,10.0916931,106.5448581,82,Moderate,1,31.5,53,0.0,13.5,103,1012.7,11,19.4,24.6,229.0,1.7,95.0,1.6
2026-04-02 11:00:00,2026,4,2,11,Vĩnh Long,Xã An Ngãi Trung,10.0916931,106.5448581,83,Moderate,1,31.9,50,0.0,14.9,105,1012.6,11,19.2,24.2,229.0,0.5,100.0,1.2
2026-04-02 12:00:00,2026,4,2,12,Vĩnh Long,Xã An Ngãi Trung,10.0916931,106.5448581,83,Moderate,1,32.2,48,0.0,16.3,108,1011.9,5,18.7,23.5,233.0,0.8,100.0,1.1
2026-04-02 13:00:00,2026,4,2,13,Vĩnh Long,Xã An Ngãi Trung,10.0916931,106.5448581,83,Moderate,1,32.1,49,0.0,16.2,104,1010.8,34,18.0,22.6,235.0,1.2,100.0,1.1
2026-04-02 14:00:00,2026,4,2,14,Vĩnh Long,Xã An Ngãi Trung,10.0916931,106.5448581,83,Moderate,1,31.8,50,0.0,15.4,104,1009.9,26,17.5,21.8,232.0,1.1,100.0,1.0
2026-04-02 15:00:00,2026,4,2,15,Vĩnh Long,Xã An Ngãi Trung,10.0916931,106.5448581,82,Moderate,1,31.3,51,0.0,14.5,107,1009.1,39,17.3,21.7,227.0,1.1,100.0,0.9
2026-04-02 16:00:00,2026,4,2,16,Vĩnh Long,Xã An Ngãi Trung,10.0916931,106.5448581,82,Moderate,1,30.3,55,0.0,13.9,111,1008.8,24,16.9,21.4,225.0,1.8,97.0,1.1
2026-04-02 17:00:00,2026,4,2,17,Vĩnh Long,Xã An Ngãi Trung,10.0916931,106.5448581,82,Moderate,1,29.0,61,0.0,13.5,121,1008.8,10,17.2,21.9,230.0,3.7,91.0,1.6
2026-04-02 18:00:00,2026,4,2,18,Vĩnh Long,Xã An Ngãi Trung,10.0916931,106.5448581,81,Moderate,1,27.6,67,0.0,11.5,129,1009.1,0,18.7,23.2,238.0,6.1,82.0,2.3
2026-04-02 19:00:00,2026,4,2,19,Vĩnh Long,Xã An Ngãi Trung,10.0916931,106.5448581,81,Moderate,1,27.1,76,0.0,10.2,121,1009.5,1,26.7,30.6,242.0,10.1,67.0,3.4
2026-04-02 20:00:00,2026,4,2,20,Vĩnh Long,Xã An Ngãi Trung,10.0916931,106.5448581,81,Moderate,1,27.0,77,0.0,10.4,118,1010.3,5,29.8,34.0,236.0,11.5,63.0,3.9
2026-04-02 21:00:00,2026,4,2,21,Vĩnh Long,Xã An Ngãi Trung,10.0916931,106.5448581,81,Moderate,1,27.0,77,0.0,11.9,117,1011.0,16,31.7,35.6,226.0,13.4,58.0,4.5
2026-04-02 22:00:00,2026,4,2,22,Vĩnh Long,Xã An Ngãi Trung,10.0916931,106.5448581,81,Moderate,1,26.8,79,0.0,11.9,113,1011.5,21,32.1,36.2,217.0,14.6,55.0,4.8
2026-04-02 23:00:00,2026,4,2,23,Vĩnh Long,Xã An Ngãi Trung,10.0916931,106.5448581,81,Moderate,1,26.7,78,0.0,12.3,111,1011.4,21,31.2,35.3,212.0,14.3,55.0,4.4
2026-04-03 00:00:00,2026,4,3,0,Vĩnh Long,Xã An Ngãi Trung,10.0916931,106.5448581,81,Moderate,1,26.5,78,0.0,13.1,117,1011.0,5,28.7,32.7,208.0,13.4,57.0,3.7
2026-04-03 01:00:00,2026,4,3,1,Vĩnh Long,Xã An Ngãi Trung,10.0916931,106.5448581,80,Moderate,1,26.1,79,0.0,11.5,119,1010.2,44,26.8,30.7,206.0,12.5,59.0,3.1
2026-04-03 02:00:00,2026,4,3,2,Vĩnh Long,Xã An Ngãi Trung,10.0916931,106.5448581,80,Moderate,1,25.9,79,0.0,9.8,121,1009.8,12,25.5,29.3,207.0,12.0,60.0,2.8
2026-04-03 03:00:00,2026,4,3,3,Vĩnh Long,Xã An Ngãi Trung,10.0916931,106.5448581,79,Moderate,1,25.5,80,0.0,7.3,120,1009.5,70,24.6,28.3,211.0,11.6,60.0,2.6
2026-04-03 04:00:00,2026,4,3,4,Vĩnh Long,Xã An Ngãi Trung,10.0916931,106.5448581,78,Moderate,1,25.0,81,0.0,6.2,116,1009.5,7,24.4,28.1,215.0,11.5,60.0,2.7
2026-04-03 05:00:00,2026,4,3,5,Vĩnh Long,Xã An Ngãi Trung,10.0916931,106.5448581,78,Moderate,1,24.8,82,0.0,5.8,112,1009.8,42,25.1,28.8,223.0,12.2,59.0,3.3
2026-04-03 06:00:00,2026,4,3,6,Vĩnh Long,Xã An Ngãi Trung,10.0916931,106.5448581,77,Moderate,1,24.5,83,0.0,5.5,109,1010.4,26,27.4,31.1,232.0,13.2,57.0,4.0
2026-04-03 07:00:00,2026,4,3,7,Vĩnh Long,Xã An Ngãi Trung,10.0916931,106.5448581,76,Moderate,1,27.0,73,0.0,10.0,118,1011.1,88,25.3,28.2,234.0,11.6,61.0,3.9
2026-04-03 08:00:00,2026,4,3,8,Vĩnh Long,Xã An Ngãi Trung,10.0916931,106.5448581,75,Moderate,1,28.9,61,0.0,14.1,118,1011.7,19,13.5,17.4,224.0,8.6,71.0,3.2
2026-04-03 09:00:00,2026,4,3,9,Vĩnh Long,Xã An Ngãi Trung,10.0916931,106.5448581,74,Moderate,1,30.0,56,0.0,15.2,116,1012.1,22,10.4,14.0,207.0,4.5,84.0,2.2
2026-04-03 10:00:00,2026,4,3,10,Vĩnh Long,Xã An Ngãi Trung,10.0916931,106.5448581,73,Moderate,1,31.1,51,0.0,15.1,113,1011.7,16,9.7,13.1,195.0,1.5,94.0,1.4
2026-04-03 11:00:00,2026,4,3,11,Vĩnh Long,Xã An Ngãi Trung,10.0916931,106.5448581,72,Moderate,1,31.6,49,0.0,14.5,113,1011.1,20,9.5,12.9,192.0,0.7,99.0,1.1
2026-04-03 12:00:00,2026,4,3,12,Vĩnh Long,Xã An Ngãi Trung,10.0916931,106.5448581,71,Moderate,1,32.2,47,0.0,13.8,118,1010.2,2,9.7,13.0,193.0,0.9,100.0,1.2
2026-04-03 13:00:00,2026,4,3,13,Vĩnh Long,Xã An Ngãi Trung,10.0916931,106.5448581,70,Moderate,1,31.9,46,0.0,11.5,113,1009.7,32,10.0,13.2,194.0,1.3,101.0,1.2
2026-04-03 14:00:00,2026,4,3,14,Vĩnh Long,Xã An Ngãi Trung,10.0916931,106.5448581,70,Moderate,1,32.2,44,0.0,11.0,113,1008.9,61,10.2,13.4,191.0,1.2,102.0,1.2
2026-04-03 15:00:00,2026,4,3,15,Vĩnh Long,Xã An Ngãi Trung,10.0916931,106.5448581,69,Moderate,1,31.6,45,0.0,13.0,118,1008.2,100,10.2,13.4,187.0,1.2,102.0,1.2
2026-04-03 16:00:00,2026,4,3,16,Vĩnh Long,Xã An Ngãi Trung,10.0916931,106.5448581,68,Moderate,1,30.1,49,0.0,14.6,124,1007.9,100,10.4,13.5,188.0,2.0,99.0,1.4
2026-04-03 17:00:00,2026,4,3,17,Vĩnh Long,Xã An Ngãi Trung,10.0916931,106.5448581,68,Moderate,1,29.1,51,0.0,12.8,128,1008.0,100,11.0,14.1,196.0,4.4,91.0,2.0
2026-04-03 18:00:00,2026,4,3,18,Vĩnh Long,Xã An Ngãi Trung,10.0916931,106.5448581,67,Moderate,1,27.6,57,0.0,11.0,138,1008.4,100,14.1,16.8,209.0,7.6,79.0,2.9
2026-04-03 19:00:00,2026,4,3,19,Vĩnh Long,Xã An Ngãi Trung,10.0916931,106.5448581,67,Moderate,1,26.8,71,0.0,11.3,160,1009.0,98,21.6,25.0,219.0,11.3,66.0,3.8
2026-04-03 20:00:00,2026,4,3,20,Vĩnh Long,Xã An Ngãi Trung,10.0916931,106.5448581,66,Moderate,1,26.1,76,0.0,9.8,162,1009.7,82,22.1,25.2,227.0,11.9,63.0,4.0
2026-04-03 21:00:00,2026,4,3,21,Vĩnh Long,Xã An Ngãi Trung,10.0916931,106.5448581,66,Moderate,1,25.6,79,0.0,9.4,156,1010.2,2,23.3,26.4,232.0,12.8,58.0,4.4
2026-04-03 22:00:00,2026,4,3,22,Vĩnh Long,Xã An Ngãi Trung,10.0916931,106.5448581,65,Moderate,1,25.2,81,0.0,8.7,150,1010.3,0,25.4,28.4,233.0,13.8,54.0,4.5
2026-04-03 23:00:00,2026,4,3,23,Vĩnh Long,Xã An Ngãi Trung,10.0916931,106.5448581,64,Moderate,1,24.9,83,0.0,7.7,152,1010.1,0,27.7,30.7,225.0,14.9,51.0,4.3
2026-04-04 00:00:00,2026,4,4,0,Vĩnh Long,Xã An Ngãi Trung,10.0916931,106.5448581,64,Moderate,1,24.4,85,0.0,7.2,152,1009.6,100,29.2,32.2,212.0,16.0,48.0,3.9
2026-04-04 01:00:00,2026,4,4,1,Vĩnh Long,Xã An Ngãi Trung,10.0916931,106.5448581,64,Moderate,1,23.6,91,0.0,5.8,158,1009.2,97,31.5,34.7,203.0,17.3,46.0,3.7
2026-04-04 02:00:00,2026,4,4,2,Vĩnh Long,Xã An Ngãi Trung,10.0916931,106.5448581,65,Moderate,1,23.6,90,0.0,2.5,172,1008.8,92,34.5,37.7,200.0,18.7,44.0,3.6
2026-04-04 03:00:00,2026,4,4,3,Vĩnh Long,Xã An Ngãi Trung,10.0916931,106.5448581,65,Moderate,1,23.2,92,0.0,1.4,220,1008.3,87,37.0,40.3,201.0,20.1,42.0,3.6
2026-04-04 04:00:00,2026,4,4,4,Vĩnh Long,Xã An Ngãi Trung,10.0916931,106.5448581,66,Moderate,1,22.8,94,0.0,1.3,236,1008.2,83,40.5,43.9,214.0,21.5,41.0,4.0
2026-04-04 05:00:00,2026,4,4,5,Vĩnh Long,Xã An Ngãi Trung,10.0916931,106.5448581,68,Moderate,1,22.1,99,0.0,0.8,297,1008.2,100,46.0,49.5,253.0,23.7,40.0,5.2
2026-04-04 06:00:00,2026,4,4,6,Vĩnh Long,Xã An Ngãi Trung,10.0916931,106.5448581,70,Moderate,1,21.9,99,0.0,1.4,337,1008.8,100,53.3,57.0,304.0,25.8,41.0,6.8
2026-04-04 07:00:00,2026,4,4,7,Vĩnh Long,Xã An Ngãi Trung,10.0916931,106.5448581,72,Moderate,1,23.4,99,0.0,2.7,328,1009.3,100,65.0,69.2,326.0,25.4,46.0,7.3
2026-04-04 08:00:00,2026,4,4,8,Vĩnh Long,Xã An Ngãi Trung,10.0916931,106.5448581,76,Moderate,1,27.0,82,0.0,1.8,336,1010.1,97,30.2,35.3,293.0,18.6,63.0,6.0
2026-04-04 09:00:00,2026,4,4,9,Vĩnh Long,Xã An Ngãi Trung,10.0916931,106.5448581,77,Moderate,1,29.7,66,0.0,4.1,167,1010.7,92,18.9,24.3,233.0,9.2,87.0,4.2
2026-04-04 10:00:00,2026,4,4,10,Vĩnh Long,Xã An Ngãi Trung,10.0916931,106.5448581,78,Moderate,1,31.4,57,0.0,3.1,193,1010.5,100,18.7,24.2,187.0,2.3,105.0,2.8
2026-04-04 11:00:00,2026,4,4,11,Vĩnh Long,Xã An Ngãi Trung,10.0916931,106.5448581,79,Moderate,1,32.9,50,0.0,4.0,207,1009.9,99,18.6,24.0,176.0,0.3,113.0,2.4
2026-04-04 12:00:00,2026,4,4,12,Vĩnh Long,Xã An Ngãi Trung,10.0916931,106.5448581,79,Moderate,1,33.8,46,0.1,5.2,200,1009.0,100,18.0,23.1,179.0,0.9,116.0,2.4
2026-04-04 13:00:00,2026,4,4,13,Vĩnh Long,Xã An Ngãi Trung,10.0916931,106.5448581,80,Moderate,1,33.5,46,0.2,4.2,200,1008.2,91,17.4,22.0,182.0,1.6,118.0,2.5
2026-04-04 14:00:00,2026,4,4,14,Vĩnh Long,Xã An Ngãi Trung,10.0916931,106.5448581,81,Moderate,1,33.2,47,0.4,6.6,167,1007.2,95,17.1,21.1,178.0,1.5,120.0,2.5
2026-04-04 15:00:00,2026,4,4,15,Vĩnh Long,Xã An Ngãi Trung,10.0916931,106.5448581,81,Moderate,1,33.0,48,0.0,8.9,166,1006.4,100,17.2,20.9,174.0,1.5,121.0,2.7
2026-04-04 16:00:00,2026,4,4,16,Vĩnh Long,Xã An Ngãi Trung,10.0916931,106.5448581,82,Moderate,1,32.0,55,0.0,14.3,152,1006.1,66,17.1,20.6,173.0,2.5,116.0,2.9
2026-04-04 17:00:00,2026,4,4,17,Vĩnh Long,Xã An Ngãi Trung,10.0916931,106.5448581,83,Moderate,1,29.6,66,0.0,18.0,145,1006.0,97,16.7,20.3,177.0,5.3,103.0,3.3
2026-04-04 18:00:00,2026,4,4,18,Vĩnh Long,Xã An Ngãi Trung,10.0916931,106.5448581,83,Moderate,1,28.3,71,0.0,15.4,154,1006.4,73,19.4,22.8,184.0,9.0,84.0,3.9
2026-04-04 19:00:00,2026,4,4,19,Vĩnh Long,Xã An Ngãi Trung,10.0916931,106.5448581,84,Moderate,1,28.0,74,0.0,11.3,162,1006.5,83,21.9,24.9,191.0,11.8,73.0,4.3
2026-04-04 20:00:00,2026,4,4,20,Vĩnh Long,Xã An Ngãi Trung,10.0916931,106.5448581,84,Moderate,1,27.5,77,0.0,10.9,167,1007.4,91,21.0,23.9,196.0,12.3,68.0,4.5
2026-04-04 21:00:00,2026,4,4,21,Vĩnh Long,Xã An Ngãi Trung,10.0916931,106.5448581,83,Moderate,1,27.0,80,0.0,8.9,161,1007.8,8,22.1,25.0,201.0,13.2,61.0,4.7
2026-04-04 22:00:00,2026,4,4,22,Vĩnh Long,Xã An Ngãi Trung,10.0916931,106.5448581,83,Moderate,1,26.5,84,0.0,6.7,175,1008.5,32,24.7,27.6,203.0,14.4,54.0,4.8
2026-04-04 23:00:00,2026,4,4,23,Vĩnh Long,Xã An Ngãi Trung,10.0916931,106.5448581,83,Moderate,1,26.0,88,0.0,5.2,192,1008.7,77,28.1,31.0,202.0,16.2,49.0,4.7
2026-04-05 00:00:00,2026,4,5,0,Vĩnh Long,Xã An Ngãi Trung,10.0916931,106.5448581,83,Moderate,1,25.5,91,0.0,5.2,194,1008.4,77,32.0,34.9,199.0,18.4,45.0,4.6
2026-04-05 01:00:00,2026,4,5,1,Vĩnh Long,Xã An Ngãi Trung,10.0916931,106.5448581,84,Moderate,1,25.1,95,0.0,5.4,194,1007.9,88,35.3,38.2,196.0,20.6,41.0,4.5
2026-04-05 02:00:00,2026,4,5,2,Vĩnh Long,Xã An Ngãi Trung,10.0916931,106.5448581,84,Moderate,1,24.8,96,0.0,4.9,184,1007.1,4,37.5,40.4,191.0,22.6,38.0,4.5
2026-04-05 03:00:00,2026,4,5,3,Vĩnh Long,Xã An Ngãi Trung,10.0916931,106.5448581,84,Moderate,1,24.5,97,0.0,4.8,200,1006.5,7,41.3,44.4,187.0,24.5,35.0,4.5
2026-04-05 04:00:00,2026,4,5,4,Vĩnh Long,Xã An Ngãi Trung,10.0916931,106.5448581,85,Moderate,1,24.4,98,0.0,4.6,219,1006.7,11,47.6,50.8,191.0,26.4,33.0,5.0
2026-04-05 05:00:00,2026,4,5,5,Vĩnh Long,Xã An Ngãi Trung,10.0916931,106.5448581,85,Moderate,1,24.1,98,0.0,3.9,236,1007.2,13,57.7,61.2,215.0,29.3,31.0,6.4
2026-04-05 06:00:00,2026,4,5,6,Vĩnh Long,Xã An Ngãi Trung,10.0916931,106.5448581,86,Moderate,1,24.0,99,0.0,3.2,267,1007.8,5,73.3,76.8,249.0,32.1,30.0,8.2
2026-04-05 07:00:00,2026,4,5,7,Vĩnh Long,Xã An Ngãi Trung,10.0916931,106.5448581,88,Moderate,1,26.0,92,0.0,3.5,258,1008.7,34,82.2,85.7,264.0,33.1,36.0,9.5
2026-04-05 08:00:00,2026,4,5,8,Vĩnh Long,Xã An Ngãi Trung,10.0916931,106.5448581,90,Moderate,1,28.3,78,0.0,5.5,212,1009.4,26,29.0,33.5,244.0,24.3,55.0,7.9
2026-04-05 09:00:00,2026,4,5,9,Vĩnh Long,Xã An Ngãi Trung,10.0916931,106.5448581,89,Moderate,1,30.4,65,0.0,4.7,196,1009.8,22,21.1,26.0,206.0,12.1,82.0,5.6
2026-04-05 10:00:00,2026,4,5,10,Vĩnh Long,Xã An Ngãi Trung,10.0916931,106.5448581,90,Moderate,1,32.2,55,0.0,5.2,176,1009.5,59,19.6,24.3,177.0,3.1,103.0,3.8
2026-04-05 11:00:00,2026,4,5,11,Vĩnh Long,Xã An Ngãi Trung,10.0916931,106.5448581,90,Moderate,1,33.9,47,0.0,6.0,164,1009.4,38,17.8,21.7,167.0,0.4,112.0,3.0
2026-04-05 12:00:00,2026,4,5,12,Vĩnh Long,Xã An Ngãi Trung,10.0916931,106.5448581,90,Moderate,1,34.7,44,0.0,8.2,158,1008.8,21,16.4,19.6,164.0,0.9,115.0,2.8
2026-04-05 13:00:00,2026,4,5,13,Vĩnh Long,Xã An Ngãi Trung,10.0916931,106.5448581,89,Moderate,1,34.0,49,0.0,11.0,146,1007.9,23,15.8,18.9,164.0,1.6,115.0,2.6
2026-04-05 14:00:00,2026,4,5,14,Vĩnh Long,Xã An Ngãi Trung,10.0916931,106.5448581,89,Moderate,1,33.5,51,0.0,11.9,151,1007.2,30,15.3,18.5,163.0,1.4,114.0,2.4
2026-04-05 15:00:00,2026,4,5,15,Vĩnh Long,Xã An Ngãi Trung,10.0916931,106.5448581,89,Moderate,1,33.2,51,0.0,13.2,154,1006.7,73,14.6,17.9,164.0,1.5,110.0,2.2
2026-04-05 16:00:00,2026,4,5,16,Vĩnh Long,Xã An Ngãi Trung,10.0916931,106.5448581,89,Moderate,1,31.6,61,0.0,16.9,149,1006.1,2,14.0,17.5,167.0,2.3,104.0,2.3
2026-04-05 17:00:00,2026,4,5,17,Vĩnh Long,Xã An Ngãi Trung,10.0916931,106.5448581,89,Moderate,1,29.9,66,0.0,17.1,155,1006.2,0,13.8,17.4,174.0,4.3,95.0,2.7
2026-04-05 18:00:00,2026,4,5,18,Vĩnh Long,Xã An Ngãi Trung,10.0916931,106.5448581,88,Moderate,1,28.5,71,0.0,14.7,157,1006.5,0,15.4,18.6,183.0,7.0,84.0,3.3
2026-04-05 19:00:00,2026,4,5,19,Vĩnh Long,Xã An Ngãi Trung,10.0916931,106.5448581,88,Moderate,1,27.5,78,0.0,12.7,153,1007.0,0,17.3,20.1,191.0,9.0,71.0,3.6
2026-04-05 20:00:00,2026,4,5,20,Vĩnh Long,Xã An Ngãi Trung,10.0916931,106.5448581,88,Moderate,1,26.8,81,0.0,11.1,163,1007.9,0,19.6,22.4,198.0,10.0,67.0,3.9
2026-04-05 21:00:00,2026,4,5,21,Vĩnh Long,Xã An Ngãi Trung,10.0916931,106.5448581,88,Moderate,1,26.5,82,0.0,10.1,161,1008.6,0,21.7,24.4,204.0,11.5,61.0,4.3
2026-04-05 22:00:00,2026,4,5,22,Vĩnh Long,Xã An Ngãi Trung,10.0916931,106.5448581,88,Moderate,1,26.2,83,0.0,9.3,171,1009.6,0,23.6,26.4,206.0,12.7,57.0,4.5
2026-04-05 23:00:00,2026,4,5,23,Vĩnh Long,Xã An Ngãi Trung,10.0916931,106.5448581,87,Moderate,1,25.9,86,0.0,7.6,179,1009.9,1,25.5,28.2,201.0,13.3,55.0,4.3
2026-04-06 00:00:00,2026,4,6,0,Vĩnh Long,Xã An Ngãi Trung,10.0916931,106.5448581,87,Moderate,1,25.5,90,0.0,8.1,177,1009.5,0,26.2,28.9,192.0,13.7,55.0,3.9
2026-04-06 01:00:00,2026,4,6,1,Vĩnh Long,Xã An Ngãi Trung,10.0916931,106.5448581,87,Moderate,1,25.0,94,0.0,6.7,188,1009.0,0,27.2,30.0,186.0,14.5,54.0,3.6
2026-04-06 02:00:00,2026,4,6,2,Vĩnh Long,Xã An Ngãi Trung,10.0916931,106.5448581,86,Moderate,1,25.0,94,0.0,5.4,188,1008.5,0,29.7,32.5,184.0,16.0,51.0,3.5
2026-04-06 03:00:00,2026,4,6,3,Vĩnh Long,Xã An Ngãi Trung,10.0916931,106.5448581,85,Moderate,1,24.6,94,0.0,4.5,194,1008.2,0,33.2,36.0,184.0,17.8,48.0,3.6
2026-04-06 04:00:00,2026,4,6,4,Vĩnh Long,Xã An Ngãi Trung,10.0916931,106.5448581,85,Moderate,1,24.5,94,0.0,3.1,187,1008.4,2,36.9,39.8,191.0,19.4,46.0,3.9
2026-04-06 05:00:00,2026,4,6,5,Vĩnh Long,Xã An Ngãi Trung,10.0916931,106.5448581,84,Moderate,1,24.2,95,0.0,3.4,183,1009.1,2,41.4,44.5,211.0,21.4,43.0,4.8
2026-04-06 06:00:00,2026,4,6,6,Vĩnh Long,Xã An Ngãi Trung,10.0916931,106.5448581,82,Moderate,1,24.1,95,0.0,3.8,183,1009.6,6,48.7,51.8,238.0,23.1,42.0,6.0
2026-04-06 07:00:00,2026,4,6,7,Vĩnh Long,Xã An Ngãi Trung,10.0916931,106.5448581,80,Moderate,1,26.2,89,0.0,3.8,188,1010.3,16,46.4,49.8,249.0,18.7,50.0,5.6
2026-04-06 08:00:00,2026,4,6,8,Vĩnh Long,Xã An Ngãi Trung,10.0916931,106.5448581,77,Moderate,1,29.2,70,0.0,9.2,164,1010.9,19,27.1,32.0,231.0,13.8,65.0,4.6
2026-04-06 09:00:00,2026,4,6,9,Vĩnh Long,Xã An Ngãi Trung,10.0916931,106.5448581,77,Moderate,1,31.1,59,0.0,10.0,159,1011.1,36,19.1,24.0,198.0,7.1,85.0,3.3
2026-04-06 10:00:00,2026,4,6,10,Vĩnh Long,Xã An Ngãi Trung,10.0916931,106.5448581,76,Moderate,1,32.5,54,0.0,10.3,161,1010.7,16,18.3,23.2,174.0,2.1,102.0,2.4
2026-04-06 11:00:00,2026,4,6,11,Vĩnh Long,Xã An Ngãi Trung,10.0916931,106.5448581,76,Moderate,1,33.5,51,0.0,11.3,160,1010.4,4,18.1,23.0,168.0,0.7,111.0,2.2
2026-04-06 12:00:00,2026,4,6,12,Vĩnh Long,Xã An Ngãi Trung,10.0916931,106.5448581,76,Moderate,1,34.2,48,0.0,12.0,158,1009.6,4,17.9,22.5,170.0,1.0,115.0,2.3
2026-04-06 13:00:00,2026,4,6,13,Vĩnh Long,Xã An Ngãi Trung,10.0916931,106.5448581,76,Moderate,1,34.5,44,0.0,11.6,158,1009.2,20,17.9,22.0,173.0,1.5,118.0,2.5
2026-04-06 14:00:00,2026,4,6,14,Vĩnh Long,Xã An Ngãi Trung,10.0916931,106.5448581,77,Moderate,1,34.6,44,0.0,12.9,160,1008.4,6,17.7,21.4,172.0,1.4,120.0,2.6
2026-04-06 15:00:00,2026,4,6,15,Vĩnh Long,Xã An Ngãi Trung,10.0916931,106.5448581,77,Moderate,1,33.9,48,0.0,15.3,160,1007.7,2,17.4,20.7,171.0,1.4,121.0,2.7
2026-04-06 16:00:00,2026,4,6,16,Vĩnh Long,Xã An Ngãi Trung,10.0916931,106.5448581,77,Moderate,1,32.8,51,0.0,16.7,162,1007.4,1,17.5,20.5,174.0,2.4,117.0,2.9
2026-04-06 17:00:00,2026,4,6,17,Vĩnh Long,Xã An Ngãi Trung,10.0916931,106.5448581,77,Moderate,1,31.4,55,0.0,16.0,168,1007.5,0,18.2,21.4,183.0,5.2,106.0,3.4
2026-04-06 18:00:00,2026,4,6,18,Vĩnh Long,Xã An Ngãi Trung,10.0916931,106.5448581,78,Moderate,1,29.5,62,0.0,14.5,166,1007.8,0,22.5,25.3,196.0,8.9,91.0,4.0
2026-04-06 19:00:00,2026,4,6,19,Vĩnh Long,Xã An Ngãi Trung,10.0916931,106.5448581,78,Moderate,1,28.4,72,0.0,13.6,168,1008.1,1,26.1,29.2,204.0,11.3,78.0,4.3
2026-04-06 20:00:00,2026,4,6,20,Vĩnh Long,Xã An Ngãi Trung,10.0916931,106.5448581,79,Moderate,1,27.8,76,0.0,13.1,167,1008.8,0,27.1,30.0,205.0,11.3,75.0,4.3
2026-04-06 21:00:00,2026,4,6,21,Vĩnh Long,Xã An Ngãi Trung,10.0916931,106.5448581,80,Moderate,1,27.3,80,0.0,11.1,172,1009.6,0,26.5,29.4,202.0,11.2,71.0,4.2
2026-04-06 22:00:00,2026,4,6,22,Vĩnh Long,Xã An Ngãi Trung,10.0916931,106.5448581,80,Moderate,1,27.0,82,0.0,11.7,181,1010.4,0,26.0,28.8,198.0,11.3,68.0,4.1
2026-04-06 23:00:00,2026,4,6,23,Vĩnh Long,Xã An Ngãi Trung,10.0916931,106.5448581,81,Moderate,1,26.8,83,0.0,11.4,187,1010.8,0,25.7,28.5,193.0,11.3,67.0,3.8
2026-04-07 00:00:00,2026,4,7,0,Vĩnh Long,Xã An Ngãi Trung,10.0916931,106.5448581,81,Moderate,1,26.5,85,0.0,10.7,188,1010.5,1,26.2,28.9,186.0,11.5,66.0,3.4
2026-04-07 01:00:00,2026,4,7,1,Vĩnh Long,Xã An Ngãi Trung,10.0916931,106.5448581,81,Moderate,1,26.1,89,0.0,9.3,196,1010.2,4,27.6,30.3,182.0,12.1,65.0,3.2
2026-04-07 02:00:00,2026,4,7,2,Vĩnh Long,Xã An Ngãi Trung,10.0916931,106.5448581,81,Moderate,1,25.9,89,0.0,8.3,213,1009.6,3,30.0,32.7,178.0,13.5,61.0,3.2
2026-04-07 03:00:00,2026,4,7,3,Vĩnh Long,Xã An Ngãi Trung,10.0916931,106.5448581,81,Moderate,1,25.5,91,0.0,6.8,228,1009.4,2,33.4,36.1,177.0,15.4,56.0,3.3
2026-04-07 04:00:00,2026,4,7,4,Vĩnh Long,Xã An Ngãi Trung,10.0916931,106.5448581,81,Moderate,1,24.9,94,0.0,5.3,237,1009.4,2,38.3,41.1,183.0,17.5,52.0,3.8
2026-04-07 05:00:00,2026,4,7,5,Vĩnh Long,Xã An Ngãi Trung,10.0916931,106.5448581,81,Moderate,1,24.5,95,0.0,5.1,247,1009.8,0,46.0,49.0,206.0,20.7,46.0,5.1
2026-04-07 06:00:00,2026,4,7,6,Vĩnh Long,Xã An Ngãi Trung,10.0916931,106.5448581,81,Moderate,1,24.4,96,0.0,4.9,246,1010.2,3,57.5,60.8,237.0,24.1,41.0,6.8
2026-04-07 07:00:00,2026,4,7,7,Vĩnh Long,Xã An Ngãi Trung,10.0916931,106.5448581,82,Moderate,1,26.3,87,0.0,4.7,247,1011.0,4,59.5,62.2,255.0,23.5,46.0,7.2
2026-04-07 08:00:00,2026,4,7,8,Vĩnh Long,Xã An Ngãi Trung,10.0916931,106.5448581,83,Moderate,1,28.5,74,0.0,7.5,243,1011.8,18,34.6,38.8,248.0,17.5,64.0,6.4
2026-04-07 09:00:00,2026,4,7,9,Vĩnh Long,Xã An Ngãi Trung,10.0916931,106.5448581,84,Moderate,1,30.3,63,0.0,6.5,251,1012.1,9,24.9,29.1,228.0,9.2,90.0,5.2
2026-04-07 10:00:00,2026,4,7,10,Vĩnh Long,Xã An Ngãi Trung,10.0916931,106.5448581,84,Moderate,1,32.0,55,0.0,6.0,260,1012.0,5,23.4,26.4,211.0,3.0,111.0,4.4
2026-04-07 11:00:00,2026,4,7,11,Vĩnh Long,Xã An Ngãi Trung,10.0916931,106.5448581,85,Moderate,1,33.7,48,0.0,6.0,261,1011.6,6,23.2,25.4,203.0,1.1,122.0,4.2
2026-04-07 12:00:00,2026,4,7,12,Vĩnh Long,Xã An Ngãi Trung,10.0916931,106.5448581,85,Moderate,1,35.2,40,0.0,5.1,260,1010.5,42,22.9,24.6,199.0,1.4,129.0,4.3
2026-04-07 13:00:00,2026,4,7,13,Vĩnh Long,Xã An Ngãi Trung,10.0916931,106.5448581,86,Moderate,1,35.6,35,0.0,7.3,277,1009.6,50,21.8,23.2,196.0,1.9,134.0,4.4
2026-04-07 14:00:00,2026,4,7,14,Vĩnh Long,Xã An Ngãi Trung,10.0916931,106.5448581,86,Moderate,1,35.9,32,0.0,3.6,229,1008.6,91,21.2,22.5,194.0,1.6,139.0,4.5
2026-04-07 15:00:00,2026,4,7,15,Vĩnh Long,Xã An Ngãi Trung,10.0916931,106.5448581,86,Moderate,1,35.0,36,0.0,8.0,152,1007.7,100,21.2,22.4,193.0,1.5,142.0,4.8
2026-04-07 16:00:00,2026,4,7,16,Vĩnh Long,Xã An Ngãi Trung,10.0916931,106.5448581,87,Moderate,1,33.2,52,0.0,11.7,144,1007.5,97,21.4,22.6,195.0,2.8,138.0,5.0
2026-04-07 17:00:00,2026,4,7,17,Vĩnh Long,Xã An Ngãi Trung,10.0916931,106.5448581,87,Moderate,1,31.0,64,0.0,14.6,145,1007.8,95,22.4,23.7,204.0,7.1,121.0,5.4
2026-04-07 18:00:00,2026,4,7,18,Vĩnh Long,Xã An Ngãi Trung,10.0916931,106.5448581,87,Moderate,1,29.2,65,0.0,13.6,151,1008.2,97,31.7,33.1,216.0,12.8,97.0,5.8
2026-04-07 19:00:00,2026,4,7,19,Vĩnh Long,Xã An Ngãi Trung,10.0916931,106.5448581,88,Moderate,1,28.7,75,0.0,12.0,156,1008.4,98,41.0,42.8,224.0,20.1,83.0,8.2
2026-04-07 20:00:00,2026,4,7,20,Vĩnh Long,Xã An Ngãi Trung,10.0916931,106.5448581,89,Moderate,1,28.0,81,0.0,12.0,158,1008.9,95,34.8,37.5,226.0,17.5,77.0,6.9
2026-04-07 21:00:00,2026,4,7,21,Vĩnh Long,Xã An Ngãi Trung,10.0916931,106.5448581,90,Moderate,1,27.5,83,0.0,10.6,176,1009.1,89,28.0,30.6,225.0,13.8,68.0,5.0
2026-04-07 22:00:00,2026,4,7,22,Vĩnh Long,Xã An Ngãi Trung,10.0916931,106.5448581,90,Moderate,1,27.1,86,0.0,9.9,181,1009.5,5,25.6,28.1,221.0,11.3,62.0,3.6
2026-04-07 23:00:00,2026,4,7,23,Vĩnh Long,Xã An Ngãi Trung,10.0916931,106.5448581,90,Moderate,1,26.8,89,0.0,9.0,186,1009.7,3,25.2,27.6,212.0,10.8,60.0,3.1
2026-04-08 00:00:00,2026,4,8,0,Vĩnh Long,Xã An Ngãi Trung,10.0916931,106.5448581,90,Moderate,1,26.5,91,0.0,9.5,195,1009.5,0,25.4,27.8,200.0,11.3,61.0,3.0
2026-04-08 01:00:00,2026,4,8,1,Vĩnh Long,Xã An Ngãi Trung,10.0916931,106.5448581,90,Moderate,1,26.4,95,0.0,9.0,209,1009.1,26,26.8,29.2,199.0,12.1,61.0,3.1
2026-04-08 02:00:00,2026,4,8,2,Vĩnh Long,Xã An Ngãi Trung,10.0916931,106.5448581,90,Moderate,1,26.2,95,0.0,9.0,213,1008.9,100,28.7,31.0,215.0,13.1,58.0,3.3
2026-04-08 03:00:00,2026,4,8,3,Vĩnh Long,Xã An Ngãi Trung,10.0916931,106.5448581,90,Moderate,1,26.3,95,0.0,9.4,206,1008.8,95,30.7,32.9,240.0,14.4,54.0,3.6
2026-04-08 04:00:00,2026,4,8,4,Vĩnh Long,Xã An Ngãi Trung,10.0916931,106.5448581,90,Moderate,1,26.5,93,0.0,9.4,212,1008.9,5,33.2,35.4,266.0,15.2,52.0,4.0
2026-04-08 05:00:00,2026,4,8,5,Vĩnh Long,Xã An Ngãi Trung,10.0916931,106.5448581,89,Moderate,1,25.9,96,0.0,4.9,219,1009.5,12,37.3,39.6,295.0,15.5,50.0,4.6
2026-04-08 06:00:00,2026,4,8,6,Vĩnh Long,Xã An Ngãi Trung,10.0916931,106.5448581,89,Moderate,1,25.5,97,0.0,4.1,214,1009.9,24,43.0,45.4,324.0,15.4,50.0,5.4
2026-04-08 07:00:00,2026,4,8,7,Vĩnh Long,Xã An Ngãi Trung,10.0916931,106.5448581,87,Moderate,1,27.0,88,0.0,4.2,234,1010.5,74,38.6,41.7,336.0,14.6,53.0,5.6
2026-04-08 08:00:00,2026,4,8,8,Vĩnh Long,Xã An Ngãi Trung,10.0916931,106.5448581,85,Moderate,1,29.2,74,0.0,6.0,219,1011.3,81,26.7,30.0,318.0,11.1,68.0,5.0
2026-04-08 09:00:00,2026,4,8,9,Vĩnh Long,Xã An Ngãi Trung,10.0916931,106.5448581,85,Moderate,1,31.4,61,0.0,5.7,212,1011.9,42,23.9,26.2,283.0,6.3,89.0,4.2
2026-04-08 10:00:00,2026,4,8,10,Vĩnh Long,Xã An Ngãi Trung,10.0916931,106.5448581,85,Moderate,1,33.2,52,0.1,4.5,180,1011.5,22,23.2,25.3,254.0,2.7,106.0,3.6
2026-04-08 11:00:00,2026,4,8,11,Vĩnh Long,Xã An Ngãi Trung,10.0916931,106.5448581,85,Moderate,1,34.5,48,0.0,4.2,149,1011.4,27,23.6,25.7,238.0,1.5,116.0,3.3
2026-04-08 12:00:00,2026,4,8,12,Vĩnh Long,Xã An Ngãi Trung,10.0916931,106.5448581,85,Moderate,1,35.3,44,0.0,6.5,132,1010.5,34,24.2,26.1,228.0,1.6,123.0,3.2
2026-04-08 13:00:00,2026,4,8,13,Vĩnh Long,Xã An Ngãi Trung,10.0916931,106.5448581,85,Moderate,1,35.2,43,0.0,7.3,134,1009.6,38,24.0,26.0,220.0,1.8,126.0,3.1
2026-04-08 14:00:00,2026,4,8,14,Vĩnh Long,Xã An Ngãi Trung,10.0916931,106.5448581,85,Moderate,1,35.2,44,0.0,11.5,138,1008.6,31,23.5,25.4,213.0,1.7,127.0,3.0
2026-04-08 15:00:00,2026,4,8,15,Vĩnh Long,Xã An Ngãi Trung,10.0916931,106.5448581,85,Moderate,1,33.8,52,0.0,15.8,146,1008.0,33,23.2,25.0,209.0,1.8,124.0,3.0
2026-04-08 16:00:00,2026,4,8,16,Vĩnh Long,Xã An Ngãi Trung,10.0916931,106.5448581,85,Moderate,1,32.3,57,0.0,17.3,159,1007.9,27,22.7,24.4,209.0,2.6,118.0,3.1
2026-04-08 17:00:00,2026,4,8,17,Vĩnh Long,Xã An Ngãi Trung,10.0916931,106.5448581,85,Moderate,1,31.4,61,0.0,16.3,163,1008.2,16,22.5,24.2,215.0,4.7,107.0,3.4
2026-04-08 18:00:00,2026,4,8,18,Vĩnh Long,Xã An Ngãi Trung,10.0916931,106.5448581,85,Moderate,1,29.5,69,0.0,14.3,163,1008.9,2,24.3,25.8,226.0,7.6,92.0,3.9
2026-04-08 19:00:00,2026,4,8,19,Vĩnh Long,Xã An Ngãi Trung,10.0916931,106.5448581,85,Moderate,1,28.9,74,0.0,12.4,167,1009.2,0,27.5,29.4,234.0,9.9,74.0,4.1
2026-04-08 20:00:00,2026,4,8,20,Vĩnh Long,Xã An Ngãi Trung,10.0916931,106.5448581,84,Moderate,1,28.1,79,0.0,10.7,166,1009.7,0,28.2,29.9,238.0,10.5,71.0,4.3
2026-04-08 21:00:00,2026,4,8,21,Vĩnh Long,Xã An Ngãi Trung,10.0916931,106.5448581,83,Moderate,1,27.5,84,0.0,9.9,159,1010.1,0,29.0,30.7,239.0,11.2,67.0,4.5
2026-04-08 22:00:00,2026,4,8,22,Vĩnh Long,Xã An Ngãi Trung,10.0916931,106.5448581,83,Moderate,1,27.1,87,0.0,9.0,158,1010.5,0,29.9,31.5,237.0,11.8,64.0,4.5
2026-04-08 23:00:00,2026,4,8,23,Vĩnh Long,Xã An Ngãi Trung,10.0916931,106.5448581,83,Moderate,1,26.9,88,0.0,8.2,157,1011.0,8,29.9,31.7,229.0,11.9,64.0,4.2
2026-04-09 00:00:00,2026,4,9,0,Vĩnh Long,Xã An Ngãi Trung,10.0916931,106.5448581,84,Moderate,1,26.5,89,0.0,7.5,156,1010.5,16,29.6,31.7,218.0,11.8,65.0,3.6
2026-04-09 01:00:00,2026,4,9,1,Vĩnh Long,Xã An Ngãi Trung,10.0916931,106.5448581,84,Moderate,1,26.5,91,0.0,6.7,149,1009.8,30,30.0,32.4,208.0,11.7,66.0,3.2
2026-04-09 02:00:00,2026,4,9,2,Vĩnh Long,Xã An Ngãi Trung,10.0916931,106.5448581,85,Moderate,1,26.1,93,0.0,6.7,144,1009.5,27,31.0,33.5,199.0,11.8,67.0,3.0
2026-04-09 03:00:00,2026,4,9,3,Vĩnh Long,Xã An Ngãi Trung,10.0916931,106.5448581,85,Moderate,1,25.8,93,0.0,7.1,142,1009.3,31,31.7,34.3,192.0,12.0,67.0,2.9
2026-04-09 04:00:00,2026,4,9,4,Vĩnh Long,Xã An Ngãi Trung,10.0916931,106.5448581,85,Moderate,1,25.6,92,0.0,7.8,138,1009.2,37,31.1,33.8,190.0,12.1,69.0,2.9
2026-04-09 05:00:00,2026,4,9,5,Vĩnh Long,Xã An Ngãi Trung,10.0916931,106.5448581,85,Moderate,1,25.8,89,0.0,8.4,135,1009.9,34,30.6,33.4,200.0,12.3,71.0,3.2
2026-04-09 06:00:00,2026,4,9,6,Vĩnh Long,Xã An Ngãi Trung,10.0916931,106.5448581,84,Moderate,1,25.8,88,0.0,8.2,131,1010.5,23,31.7,34.7,216.0,12.3,74.0,3.7
2026-04-09 07:00:00,2026,4,9,7,Vĩnh Long,Xã An Ngãi Trung,10.0916931,106.5448581,83,Moderate,1,28.0,77,0.0,11.2,134,1011.2,11,21.9,25.4,222.0,6.4,89.0,2.7
2026-04-09 08:00:00,2026,4,9,8,Vĩnh Long,Xã An Ngãi Trung,10.0916931,106.5448581,82,Moderate,1,29.5,67,0.0,11.7,126,1012.2,24,18.6,22.4,207.0,5.1,95.0,2.5
2026-04-09 09:00:00,2026,4,9,9,Vĩnh Long,Xã An Ngãi Trung,10.0916931,106.5448581,81,Moderate,1,30.8,61,0.0,11.9,121,1012.8,20,17.7,21.1,181.0,3.2,104.0,2.1
2026-04-09 10:00:00,2026,4,9,10,Vĩnh Long,Xã An Ngãi Trung,10.0916931,106.5448581,80,Moderate,1,31.8,55,0.0,12.1,122,1012.8,5,16.6,19.6,161.0,1.8,111.0,1.9
2026-04-09 11:00:00,2026,4,9,11,Vĩnh Long,Xã An Ngãi Trung,10.0916931,106.5448581,80,Moderate,1,32.5,51,0.0,12.9,127,1012.5,7,15.7,18.6,154.0,1.3,114.0,1.8
2026-04-09 12:00:00,2026,4,9,12,Vĩnh Long,Xã An Ngãi Trung,10.0916931,106.5448581,79,Moderate,1,33.2,48,0.0,13.1,133,1011.6,10,15.3,18.0,154.0,1.3,116.0,1.8
2026-04-09 13:00:00,2026,4,9,13,Vĩnh Long,Xã An Ngãi Trung,10.0916931,106.5448581,78,Moderate,1,32.8,49,0.0,12.7,134,1010.9,5,14.7,17.4,154.0,1.4,116.0,1.8
2026-04-09 14:00:00,2026,4,9,14,Vĩnh Long,Xã An Ngãi Trung,10.0916931,106.5448581,77,Moderate,1,32.8,50,0.0,13.2,140,1010.1,5,14.4,17.0,152.0,1.3,116.0,1.8
2026-04-09 15:00:00,2026,4,9,15,Vĩnh Long,Xã An Ngãi Trung,10.0916931,106.5448581,77,Moderate,1,32.4,48,0.0,13.6,145,1009.4,5,14.1,16.5,151.0,1.3,115.0,1.9
2026-04-09 16:00:00,2026,4,9,16,Vĩnh Long,Xã An Ngãi Trung,10.0916931,106.5448581,76,Moderate,1,31.5,51,0.0,14.1,150,1009.1,5,13.8,16.1,154.0,2.2,111.0,2.1
2026-04-09 17:00:00,2026,4,9,17,Vĩnh Long,Xã An Ngãi Trung,10.0916931,106.5448581,75,Moderate,1,30.0,57,0.0,13.3,153,1009.0,2,14.2,16.2,163.0,4.7,102.0,2.7
2026-04-09 18:00:00,2026,4,9,18,Vĩnh Long,Xã An Ngãi Trung,10.0916931,106.5448581,74,Moderate,1,28.4,65,0.0,11.9,150,1009.4,0,17.9,19.5,175.0,8.2,89.0,3.5
2026-04-09 19:00:00,2026,4,9,19,Vĩnh Long,Xã An Ngãi Trung,10.0916931,106.5448581,74,Moderate,1,27.7,73,0.0,11.3,149,1009.9,0,21.8,23.9,185.0,10.1,77.0,3.9
2026-04-09 20:00:00,2026,4,9,20,Vĩnh Long,Xã An Ngãi Trung,10.0916931,106.5448581,73,Moderate,1,27.1,77,0.0,10.5,156,1010.6,0,24.6,26.7,191.0,11.6,71.0,4.3
2026-04-09 21:00:00,2026,4,9,21,Vĩnh Long,Xã An Ngãi Trung,10.0916931,106.5448581,73,Moderate,1,26.6,81,0.0,9.6,154,1011.1,0,27.5,29.5,196.0,13.8,63.0,4.8
2026-04-09 22:00:00,2026,4,9,22,Vĩnh Long,Xã An Ngãi Trung,10.0916931,106.5448581,73,Moderate,1,26.2,83,0.0,9.3,155,1011.5,0,28.9,30.9,197.0,15.4,57.0,5.1
2026-04-09 23:00:00,2026,4,9,23,Vĩnh Long,Xã An Ngãi Trung,10.0916931,106.5448581,73,Moderate,1,25.9,85,0.0,9.1,155,1011.5,0,28.5,30.4,194.0,15.7,55.0,4.8
2026-04-10 00:00:00,2026,4,10,0,Vĩnh Long,Xã An Ngãi Trung,10.0916931,106.5448581,73,Moderate,1,25.2,88,0.0,5.8,175,1011.6,0,27.9,29.9,187.0,15.5,55.0,4.2
2026-04-10 01:00:00,2026,4,10,1,Vĩnh Long,Xã An Ngãi Trung,10.0916931,106.5448581,72,Moderate,1,24.9,91,0.0,2.0,190,1011.2,0,29.9,32.0,183.0,16.2,54.0,3.8
2026-04-10 02:00:00,2026,4,10,2,Vĩnh Long,Xã An Ngãi Trung,10.0916931,106.5448581,72,Moderate,1,24.8,93,0.0,2.4,228,1010.9,3,33.8,35.9,181.0,18.8,50.0,3.9
2026-04-10 03:00:00,2026,4,10,3,Vĩnh Long,Xã An Ngãi Trung,10.0916931,106.5448581,73,Moderate,1,24.5,94,0.0,2.8,207,1010.4,1,38.5,40.7,180.0,22.3,44.0,4.3
2026-04-10 04:00:00,2026,4,10,4,Vĩnh Long,Xã An Ngãi Trung,10.0916931,106.5448581,73,Moderate,1,24.4,95,0.0,3.8,197,1010.5,0,46.2,48.7,185.0,24.7,41.0,4.8
2026-04-10 05:00:00,2026,4,10,5,Vĩnh Long,Xã An Ngãi Trung,10.0916931,106.5448581,75,Moderate,1,24.3,94,0.0,3.5,192,1010.9,0,55.2,57.7,204.0,25.8,40.0,5.5
2026-04-10 06:00:00,2026,4,10,6,Vĩnh Long,Xã An Ngãi Trung,10.0916931,106.5448581,77,Moderate,1,24.3,94,0.0,2.6,196,1011.7,0,61.7,64.5,228.0,25.7,42.0,6.3
2026-04-10 07:00:00,2026,4,10,7,Vĩnh Long,Xã An Ngãi Trung,10.0916931,106.5448581,79,Moderate,1,26.9,82,0.0,5.5,157,1012.0,0,55.1,57.5,239.0,23.8,48.0,6.6
2026-04-10 08:00:00,2026,4,10,8,Vĩnh Long,Xã An Ngãi Trung,10.0916931,106.5448581,82,Moderate,1,29.4,67,0.0,8.0,153,1012.7,1,20.0,23.6,223.0,17.5,66.0,5.6
2026-04-10 09:00:00,2026,4,10,9,Vĩnh Long,Xã An Ngãi Trung,10.0916931,106.5448581,82,Moderate,1,31.4,56,0.0,4.8,155,1013.1,34,17.1,19.8,194.0,8.9,92.0,4.2
2026-04-10 10:00:00,2026,4,10,10,Vĩnh Long,Xã An Ngãi Trung,10.0916931,106.5448581,82,Moderate,1,32.8,50,0.0,3.9,143,1012.8,11,15.7,17.3,172.0,2.5,112.0,3.2
2026-04-10 11:00:00,2026,4,10,11,Vĩnh Long,Xã An Ngãi Trung,10.0916931,106.5448581,82,Moderate,1,34.7,43,0.0,5.5,126,1012.3,100,15.2,16.8,166.0,0.6,121.0,2.8
2026-04-10 12:00:00,2026,4,10,12,Vĩnh Long,Xã An Ngãi Trung,10.0916931,106.5448581,82,Moderate,1,35.0,43,0.0,8.1,122,1011.4,98,15.0,16.6,167.0,1.1,125.0,2.8
2026-04-10 13:00:00,2026,4,10,13,Vĩnh Long,Xã An Ngãi Trung,10.0916931,106.5448581,82,Moderate,1,33.5,49,0.2,10.9,117,1010.4,96,14.7,16.4,167.0,1.7,127.0,2.8
2026-04-10 14:00:00,2026,4,10,14,Vĩnh Long,Xã An Ngãi Trung,10.0916931,106.5448581,82,Moderate,1,32.8,56,0.5,13.2,134,1009.5,96,14.5,16.1,162.0,1.6,129.0,2.7
2026-04-10 15:00:00,2026,4,10,15,Vĩnh Long,Xã An Ngãi Trung,10.0916931,106.5448581,82,Moderate,1,32.2,56,0.0,12.9,138,1008.5,90,14.3,16.1,157.0,1.7,128.0,2.7
2026-04-10 16:00:00,2026,4,10,16,Vĩnh Long,Xã An Ngãi Trung,10.0916931,106.5448581,82,Moderate,1,31.4,57,0.0,10.7,136,1008.1,42,14.4,16.2,156.0,2.7,123.0,2.8
2026-04-10 17:00:00,2026,4,10,17,Vĩnh Long,Xã An Ngãi Trung,10.0916931,106.5448581,82,Moderate,1,30.6,59,0.0,10.8,142,1008.2,15,14.8,16.6,163.0,5.3,109.0,3.1
2026-04-10 18:00:00,2026,4,10,18,Vĩnh Long,Xã An Ngãi Trung,10.0916931,106.5448581,82,Moderate,1,28.9,64,0.0,12.1,140,1008.4,2,16.7,18.4,174.0,8.7,91.0,3.6
2026-04-10 19:00:00,2026,4,10,19,Vĩnh Long,Xã An Ngãi Trung,10.0916931,106.5448581,82,Moderate,1,28.3,72,0.0,9.3,144,1009.0,1,25.6,27.5,182.0,13.7,78.0,5.3
2026-04-10 20:00:00,2026,4,10,20,Vĩnh Long,Xã An Ngãi Trung,10.0916931,106.5448581,83,Moderate,1,27.7,76,0.0,10.5,156,1009.7,0,22.5,24.3,182.0,13.6,73.0,5.1
2026-04-10 21:00:00,2026,4,10,21,Vĩnh Long,Xã An Ngãi Trung,10.0916931,106.5448581,82,Moderate,1,27.4,79,0.0,10.7,163,1010.3,0,21.5,23.3,179.0,13.4,66.0,4.9
2026-04-10 22:00:00,2026,4,10,22,Vĩnh Long,Xã An Ngãi Trung,10.0916931,106.5448581,82,Moderate,1,27.0,80,0.0,9.9,165,1010.6,1,22.1,24.0,176.0,13.4,61.0,4.6
2026-04-10 23:00:00,2026,4,10,23,Vĩnh Long,Xã An Ngãi Trung,10.0916931,106.5448581,81,Moderate,1,26.6,83,0.0,9.7,169,1010.5,0,22.5,24.3,175.0,13.6,58.0,4.2
2026-04-11 00:00:00,2026,4,11,0,Vĩnh Long,Xã An Ngãi Trung,10.0916931,106.5448581,81,Moderate,1,26.2,86,0.0,9.4,181,1010.3,0,22.5,24.3,173.0,14.0,56.0,3.8
2026-04-11 01:00:00,2026,4,11,1,Vĩnh Long,Xã An Ngãi Trung,10.0916931,106.5448581,80,Moderate,1,25.7,90,0.0,5.8,200,1009.7,0,23.7,25.6,174.0,14.5,55.0,3.5
2026-04-11 02:00:00,2026,4,11,2,Vĩnh Long,Xã An Ngãi Trung,10.0916931,106.5448581,80,Moderate,1,25.3,93,0.0,4.4,235,1009.1,0,25.4,27.2,176.0,15.1,53.0,3.3
2026-04-11 03:00:00,2026,4,11,3,Vĩnh Long,Xã An Ngãi Trung,10.0916931,106.5448581,79,Moderate,1,25.0,94,0.0,4.9,246,1009.0,26,26.6,28.4,179.0,15.9,52.0,3.3
2026-04-11 04:00:00,2026,4,11,4,Vĩnh Long,Xã An Ngãi Trung,10.0916931,106.5448581,78,Moderate,1,24.7,96,0.0,3.8,229,1009.2,78,28.3,30.2,186.0,16.5,51.0,3.5
2026-04-11 05:00:00,2026,4,11,5,Vĩnh Long,Xã An Ngãi Trung,10.0916931,106.5448581,76,Moderate,1,24.6,96,0.0,3.3,202,1009.7,73,31.3,33.2,204.0,17.6,48.0,4.2
2026-04-11 06:00:00,2026,4,11,6,Vĩnh Long,Xã An Ngãi Trung,10.0916931,106.5448581,74,Moderate,1,24.6,95,0.0,2.8,207,1010.4,25,35.5,37.5,225.0,18.6,46.0,5.1
2026-04-11 07:00:00,2026,4,11,7,Vĩnh Long,Xã An Ngãi Trung,10.0916931,106.5448581,72,Moderate,1,26.6,84,0.0,2.6,214,1011.2,34,40.9,43.2,235.0,18.6,49.0,5.7
2026-04-11 08:00:00,2026,4,11,8,Vĩnh Long,Xã An Ngãi Trung,10.0916931,106.5448581,71,Moderate,1,29.2,70,0.0,8.2,213,1011.8,58,23.8,27.6,221.0,14.0,66.0,5.2
2026-04-11 09:00:00,2026,4,11,9,Vĩnh Long,Xã An Ngãi Trung,10.0916931,106.5448581,71,Moderate,1,31.1,59,0.0,7.1,221,1012.2,66,20.5,24.8,195.0,7.7,90.0,4.6
2026-04-11 10:00:00,2026,4,11,10,Vĩnh Long,Xã An Ngãi Trung,10.0916931,106.5448581,71,Moderate,1,33.0,50,0.0,6.0,229,1011.8,81,20.9,24.0,176.0,3.0,109.0,4.1
2026-04-11 11:00:00,2026,4,11,11,Vĩnh Long,Xã An Ngãi Trung,10.0916931,106.5448581,72,Moderate,1,34.5,44,0.0,4.5,233,1011.1,30,21.2,23.2,175.0,1.5,121.0,3.8
2026-04-11 12:00:00,2026,4,11,12,Vĩnh Long,Xã An Ngãi Trung,10.0916931,106.5448581,72,Moderate,1,35.8,39,0.0,2.7,208,1010.1,45,21.3,22.9,181.0,1.7,128.0,3.6
2026-04-11 13:00:00,2026,4,11,13,Vĩnh Long,Xã An Ngãi Trung,10.0916931,106.5448581,73,Moderate,1,34.7,42,0.1,2.7,208,1009.3,88,21.4,22.9,185.0,2.0,132.0,3.5
2026-04-11 14:00:00,2026,4,11,14,Vĩnh Long,Xã An Ngãi Trung,10.0916931,106.5448581,73,Moderate,1,34.4,44,0.1,8.0,149,1008.1,63,21.7,23.3,182.0,1.9,131.0,3.4
2026-04-11 15:00:00,2026,4,11,15,Vĩnh Long,Xã An Ngãi Trung,10.0916931,106.5448581,74,Moderate,1,33.3,51,0.4,11.5,150,1007.5,45,21.1,23.1,176.0,2.0,126.0,3.2
2026-04-11 16:00:00,2026,4,11,16,Vĩnh Long,Xã An Ngãi Trung,10.0916931,106.5448581,75,Moderate,1,32.7,53,0.2,12.8,163,1007.0,34,20.4,23.1,172.0,2.7,118.0,3.2
2026-04-11 17:00:00,2026,4,11,17,Vĩnh Long,Xã An Ngãi Trung,10.0916931,106.5448581,75,Moderate,1,31.1,60,0.0,15.7,163,1006.8,3,19.3,21.9,172.0,4.5,104.0,3.3
2026-04-11 18:00:00,2026,4,11,18,Vĩnh Long,Xã An Ngãi Trung,10.0916931,106.5448581,76,Moderate,1,29.6,65,0.0,15.7,158,1007.5,2,19.2,21.5,174.0,6.9,85.0,3.4
2026-04-11 19:00:00,2026,4,11,19,Vĩnh Long,Xã An Ngãi Trung,10.0916931,106.5448581,76,Moderate,1,28.9,71,0.0,13.6,165,1008.0,3,21.4,23.6,177.0,10.0,71.0,4.1
2026-04-11 20:00:00,2026,4,11,20,Vĩnh Long,Xã An Ngãi Trung,10.0916931,106.5448581,75,Moderate,1,28.1,75,0.0,10.4,166,1008.8,2,20.9,23.2,182.0,10.6,67.0,4.3
2026-04-11 21:00:00,2026,4,11,21,Vĩnh Long,Xã An Ngãi Trung,10.0916931,106.5448581,75,Moderate,1,27.6,78,0.0,9.0,203,1009.3,0,21.7,23.9,189.0,11.5,61.0,4.5
2026-04-11 22:00:00,2026,4,11,22,Vĩnh Long,Xã An Ngãi Trung,10.0916931,106.5448581,75,Moderate,1,27.0,81,0.0,8.0,214,1009.5,0,23.9,26.0,193.0,12.9,55.0,4.7
2026-04-11 23:00:00,2026,4,11,23,Vĩnh Long,Xã An Ngãi Trung,10.0916931,106.5448581,75,Moderate,1,26.6,82,0.0,8.0,205,1009.6,0,27.6,29.6,193.0,15.1,50.0,4.8
2026-04-12 00:00:00,2026,4,12,0,Vĩnh Long,Xã An Ngãi Trung,10.0916931,106.5448581,76,Moderate,1,26.4,83,0.0,8.2,206,1009.2,0,31.8,33.8,191.0,17.7,46.0,4.8
2026-04-12 01:00:00,2026,4,12,1,Vĩnh Long,Xã An Ngãi Trung,10.0916931,106.5448581,77,Moderate,1,25.9,89,0.0,6.3,204,1008.3,2,36.3,38.3,189.0,20.0,42.0,4.9
2026-04-12 02:00:00,2026,4,12,2,Vĩnh Long,Xã An Ngãi Trung,10.0916931,106.5448581,78,Moderate,1,25.7,90,0.0,5.4,217,1007.8,2,39.9,41.9,184.0,22.0,38.0,5.0
2026-04-12 03:00:00,2026,4,12,3,Vĩnh Long,Xã An Ngãi Trung,10.0916931,106.5448581,79,Moderate,1,25.3,92,0.0,4.0,210,1007.6,0,43.1,45.1,177.0,23.7,35.0,5.2
2026-04-12 04:00:00,2026,4,12,4,Vĩnh Long,Xã An Ngãi Trung,10.0916931,106.5448581,81,Moderate,1,25.1,93,0.0,3.1,173,1007.7,0,45.5,47.5,180.0,24.4,34.0,5.4
2026-04-12 05:00:00,2026,4,12,5,Vĩnh Long,Xã An Ngãi Trung,10.0916931,106.5448581,82,Moderate,1,24.9,94,0.0,3.1,149,1008.2,0,48.3,50.4,201.0,24.2,34.0,5.9
2026-04-12 06:00:00,2026,4,12,6,Vĩnh Long,Xã An Ngãi Trung,10.0916931,106.5448581,84,Moderate,1,24.9,94,0.0,3.7,157,1009.0,0,51.2,53.4,232.0,23.0,36.0,6.4
2026-04-12 07:00:00,2026,4,12,7,Vĩnh Long,Xã An Ngãi Trung,10.0916931,106.5448581,85,Moderate,1,27.8,83,0.0,5.6,151,1009.5,0,43.3,45.8,248.0,17.2,47.0,5.5
2026-04-12 08:00:00,2026,4,12,8,Vĩnh Long,Xã An Ngãi Trung,10.0916931,106.5448581,85,Moderate,1,30.2,70,0.0,9.5,169,1010.1,24,27.2,30.9,238.0,12.9,64.0,4.9
2026-04-12 09:00:00,2026,4,12,9,Vĩnh Long,Xã An Ngãi Trung,10.0916931,106.5448581,86,Moderate,1,31.9,61,0.1,8.2,166,1010.6,31,22.8,26.7,214.0,7.1,88.0,4.2
2026-04-12 10:00:00,2026,4,12,10,Vĩnh Long,Xã An Ngãi Trung,10.0916931,106.5448581,86,Moderate,1,33.2,55,0.1,8.9,162,1010.3,37,20.5,23.5,194.0,2.7,106.0,3.5
2026-04-12 11:00:00,2026,4,12,11,Vĩnh Long,Xã An Ngãi Trung,10.0916931,106.5448581,86,Moderate,1,33.8,52,0.1,10.6,165,1010.2,45,19.6,22.1,185.0,1.3,113.0,3.0
2026-04-12 12:00:00,2026,4,12,12,Vĩnh Long,Xã An Ngãi Trung,10.0916931,106.5448581,86,Moderate,1,33.8,52,0.1,11.9,169,1009.4,50,19.6,22.4,180.0,1.4,115.0,2.7
2026-04-12 13:00:00,2026,4,12,13,Vĩnh Long,Xã An Ngãi Trung,10.0916931,106.5448581,85,Moderate,1,31.5,63,0.3,10.1,153,1008.8,42,18.4,21.6,175.0,1.7,115.0,2.4
2026-04-12 14:00:00,2026,4,12,14,Vĩnh Long,Xã An Ngãi Trung,10.0916931,106.5448581,85,Moderate,1,32.8,57,0.1,14.9,165,1007.3,97,18.0,21.0,168.0,1.6,115.0,2.3
2026-04-12 15:00:00,2026,4,12,15,Vĩnh Long,Xã An Ngãi Trung,10.0916931,106.5448581,85,Moderate,1,31.9,57,0.1,15.8,182,1006.8,29,17.9,20.8,161.0,1.7,113.0,2.3
2026-04-12 16:00:00,2026,4,12,16,Vĩnh Long,Xã An Ngãi Trung,10.0916931,106.5448581,85,Moderate,1,31.9,57,0.0,14.4,179,1006.5,42,16.4,19.1,159.0,2.5,109.0,2.4
2026-04-12 17:00:00,2026,4,12,17,Vĩnh Long,Xã An Ngãi Trung,10.0916931,106.5448581,84,Moderate,1,31.3,59,0.0,13.7,175,1006.5,49,15.8,18.6,166.0,4.4,101.0,2.8
2026-04-12 18:00:00,2026,4,12,18,Vĩnh Long,Xã An Ngãi Trung,10.0916931,106.5448581,84,Moderate,1,29.9,65,0.0,13.4,172,1006.9,11,17.9,21.0,179.0,7.0,92.0,3.3
2026-04-12 19:00:00,2026,4,12,19,Vĩnh Long,Xã An Ngãi Trung,10.0916931,106.5448581,84,Moderate,1,28.8,70,0.0,13.5,177,1007.5,3,24.1,27.6,188.0,9.8,79.0,4.1
2026-04-12 20:00:00,2026,4,12,20,Vĩnh Long,Xã An Ngãi Trung,10.0916931,106.5448581,84,Moderate,1,28.1,74,0.0,11.1,171,1008.5,1,23.5,26.7,190.0,10.2,76.0,4.3
2026-04-12 21:00:00,2026,4,12,21,Vĩnh Long,Xã An Ngãi Trung,10.0916931,106.5448581,84,Moderate,1,27.6,78,0.0,9.6,168,1009.1,2,23.9,27.1,189.0,10.8,72.0,4.5
2026-04-12 22:00:00,2026,4,12,22,Vĩnh Long,Xã An Ngãi Trung,10.0916931,106.5448581,84,Moderate,1,27.4,81,0.0,9.1,170,1009.9,2,25.7,28.8,186.0,11.9,67.0,4.6
2026-04-12 23:00:00,2026,4,12,23,Vĩnh Long,Xã An Ngãi Trung,10.0916931,106.5448581,85,Moderate,1,27.1,81,0.0,8.6,178,1009.9,1,28.9,31.9,183.0,13.9,62.0,4.6
2026-04-13 00:00:00,2026,4,13,0,Vĩnh Long,Xã An Ngãi Trung,10.0916931,106.5448581,85,Moderate,1,26.9,81,0.0,7.8,176,1009.4,1,32.6,35.5,179.0,16.4,56.0,4.5
2026-04-13 01:00:00,2026,4,13,1,Vĩnh Long,Xã An Ngãi Trung,10.0916931,106.5448581,85,Moderate,1,26.5,85,0.0,6.5,177,1008.6,2,35.9,38.8,174.0,18.4,52.0,4.4
2026-04-13 02:00:00,2026,4,13,2,Vĩnh Long,Xã An Ngãi Trung,10.0916931,106.5448581,85,Moderate,1,26.1,87,0.0,6.2,173,1008.3,0,37.5,40.4,166.0,19.9,49.0,4.3
2026-04-13 03:00:00,2026,4,13,3,Vĩnh Long,Xã An Ngãi Trung,10.0916931,106.5448581,85,Moderate,1,26.0,87,0.0,6.4,170,1007.9,0,38.8,41.7,158.0,21.0,47.0,4.2
2026-04-13 04:00:00,2026,4,13,4,Vĩnh Long,Xã An Ngãi Trung,10.0916931,106.5448581,84,Moderate,1,25.7,89,0.0,5.3,168,1008.2,4,40.6,43.5,154.0,21.0,48.0,4.1
2026-04-13 05:00:00,2026,4,13,5,Vĩnh Long,Xã An Ngãi Trung,10.0916931,106.5448581,84,Moderate,1,25.5,90,0.0,4.7,176,1009.0,8,41.7,44.6,159.0,19.7,51.0,4.2
2026-04-13 06:00:00,2026,4,13,6,Vĩnh Long,Xã An Ngãi Trung,10.0916931,106.5448581,83,Moderate,1,25.5,90,0.0,4.5,182,1009.8,66,40.9,43.8,168.0,17.3,56.0,4.4
2026-04-13 07:00:00,2026,4,13,7,Vĩnh Long,Xã An Ngãi Trung,10.0916931,106.5448581,82,Moderate,1,28.1,78,0.0,6.0,163,1010.7,9,34.3,37.7,173.0,14.3,64.0,4.3
2026-04-13 08:00:00,2026,4,13,8,Vĩnh Long,Xã An Ngãi Trung,10.0916931,106.5448581,81,Moderate,1,30.1,67,0.0,8.8,160,1011.6,20,20.3,24.4,167.0,10.7,77.0,3.8
2026-04-13 09:00:00,2026,4,13,9,Vĩnh Long,Xã An Ngãi Trung,10.0916931,106.5448581,81,Moderate,1,31.6,59,0.0,9.0,158,1012.0,22,17.3,21.6,157.0,5.8,96.0,3.1
2026-04-13 10:00:00,2026,4,13,10,Vĩnh Long,Xã An Ngãi Trung,10.0916931,106.5448581,80,Moderate,1,32.7,54,0.0,10.6,157,1011.8,20,17.3,21.5,150.0,2.2,110.0,2.6
2026-04-13 11:00:00,2026,4,13,11,Vĩnh Long,Xã An Ngãi Trung,10.0916931,106.5448581,80,Moderate,1,33.3,51,0.0,11.8,159,1011.4,27,17.9,21.2,152.0,1.1,116.0,2.3
2026-04-13 12:00:00,2026,4,13,12,Vĩnh Long,Xã An Ngãi Trung,10.0916931,106.5448581,80,Moderate,1,33.7,50,0.1,11.5,160,1010.6,26,17.6,20.7,159.0,1.2,117.0,2.2
2026-04-13 13:00:00,2026,4,13,13,Vĩnh Long,Xã An Ngãi Trung,10.0916931,106.5448581,80,Moderate,1,32.7,56,0.1,9.0,181,1009.9,32,17.5,20.7,163.0,1.5,117.0,2.1
2026-04-13 14:00:00,2026,4,13,14,Vĩnh Long,Xã An Ngãi Trung,10.0916931,106.5448581,80,Moderate,1,33.1,53,0.1,9.5,169,1008.7,27,16.7,19.9,161.0,1.5,117.0,2.1
2026-04-13 15:00:00,2026,4,13,15,Vĩnh Long,Xã An Ngãi Trung,10.0916931,106.5448581,80,Moderate,1,33.2,52,0.1,11.1,153,1008.0,25,16.2,19.4,156.0,1.6,116.0,2.1
2026-04-13 16:00:00,2026,4,13,16,Vĩnh Long,Xã An Ngãi Trung,10.0916931,106.5448581,79,Moderate,1,31.6,58,0.1,15.2,154,1007.8,30,15.9,19.2,154.0,2.4,112.0,2.3
2026-04-13 17:00:00,2026,4,13,17,Vĩnh Long,Xã An Ngãi Trung,10.0916931,106.5448581,79,Moderate,1,30.1,63,0.0,15.1,155,1008.0,4,16.1,19.4,158.0,4.3,103.0,2.7
2026-04-13 18:00:00,2026,4,13,18,Vĩnh Long,Xã An Ngãi Trung,10.0916931,106.5448581,79,Moderate,1,29.0,67,0.0,14.1,153,1008.4,1,18.3,21.7,166.0,6.9,92.0,3.2
2026-04-13 19:00:00,2026,4,13,19,Vĩnh Long,Xã An Ngãi Trung,10.0916931,106.5448581,79,Moderate,1,28.4,72,0.0,11.6,156,1009.1,0,19.2,22.1,172.0,9.1,82.0,3.7
2026-04-13 20:00:00,2026,4,13,20,Vĩnh Long,Xã An Ngãi Trung,10.0916931,106.5448581,79,Moderate,1,27.9,75,0.0,10.2,154,1009.8,0,20.1,22.9,176.0,10.5,75.0,4.1
2026-04-13 21:00:00,2026,4,13,21,Vĩnh Long,Xã An Ngãi Trung,10.0916931,106.5448581,79,Moderate,1,27.5,77,0.0,7.0,145,1010.4,0,21.9,24.7,179.0,11.5,70.0,4.4
2026-04-13 22:00:00,2026,4,13,22,Vĩnh Long,Xã An Ngãi Trung,10.0916931,106.5448581,78,Moderate,1,27.1,79,0.0,6.2,144,1011.1,0,24.3,27.0,180.0,12.6,65.0,4.6
2026-04-13 23:00:00,2026,4,13,23,Vĩnh Long,Xã An Ngãi Trung,10.0916931,106.5448581,78,Moderate,1,26.9,81,0.0,5.8,154,1011.0,0,26.9,29.6,180.0,13.8,61.0,4.5
