timestamp,year,month,day,hour,province,location,lat,lon,aqi,pollution_level,pollution_class,temp,humidity,rain,wind_speed,wind_dir,pressure,cloud,pm2_5,pm10,co,no2,o3,so2
2026-04-14 01:00:00,2026,4,14,1,Hồ Chí Minh,Phường Bình Phú,10.7385058,106.6274357,73.0,Moderate,1,26.1,90,0.0,6.1,177,1009.0,29,21.0,24.0,294.0,33.0,42.0,10.3
2026-04-14 02:00:00,2026,4,14,2,Hồ Chí Minh,Phường Bình Phú,10.7385058,106.6274357,73.0,Moderate,1,25.9,91,0.0,5.9,169,1008.6,33,21.5,24.6,299.0,34.1,40.0,10.6
2026-04-14 03:00:00,2026,4,14,3,Hồ Chí Minh,Phường Bình Phú,10.7385058,106.6274357,73.0,Moderate,1,25.7,92,0.0,5.9,169,1008.3,33,22.7,25.7,308.0,35.5,37.0,11.1
2026-04-14 04:00:00,2026,4,14,4,Hồ Chí Minh,Phường Bình Phú,10.7385058,106.6274357,72.0,Moderate,1,25.5,92,0.0,5.9,169,1008.7,33,25.3,28.2,338.0,36.9,35.0,12.3
2026-04-14 05:00:00,2026,4,14,5,Hồ Chí Minh,Phường Bình Phú,10.7385058,106.6274357,72.0,Moderate,1,25.4,93,0.0,5.8,173,1009.2,29,29.5,32.6,424.0,39.3,32.0,15.0
2026-04-14 06:00:00,2026,4,14,6,Hồ Chí Minh,Phường Bình Phú,10.7385058,106.6274357,73.0,Moderate,1,25.2,93,0.0,5.1,172,1009.7,26,35.3,38.8,531.0,41.7,29.0,18.2
2026-04-14 07:00:00,2026,4,14,7,Hồ Chí Minh,Phường Bình Phú,10.7385058,106.6274357,73.0,Moderate,1,26.3,89,0.0,5.8,173,1010.5,29,32.6,36.1,577.0,41.1,33.0,19.6
2026-04-14 08:00:00,2026,4,14,8,Hồ Chí Minh,Phường Bình Phú,10.7385058,106.6274357,74.0,Moderate,1,28.1,79,0.0,9.0,180,1011.3,65,23.4,27.4,503.0,34.9,48.0,17.5
2026-04-14 09:00:00,2026,4,14,9,Hồ Chí Minh,Phường Bình Phú,10.7385058,106.6274357,74.0,Moderate,1,29.5,69,0.0,9.7,178,1011.7,74,21.9,26.2,368.0,25.7,69.0,13.5
2026-04-14 09:00:00,2026,4,14,9,Hồ Chí Minh,Phường Bình Phú,10.7385058,106.6274357,78.0,Moderate,1,29.6,69,0.0,8.7,173,1011.9,73,23.4,28.0,368.0,23.3,71.0,10.3
2026-04-14 10:00:00,2026,4,14,10,Hồ Chí Minh,Phường Bình Phú,10.7385058,106.6274357,74.0,Moderate,1,30.9,63,0.0,7.7,169,1011.6,72,21.9,26.1,267.0,18.0,90.0,10.2
2026-04-14 10:00:00,2026,4,14,10,Hồ Chí Minh,Phường Bình Phú,10.7385058,106.6274357,78.0,Moderate,1,31.1,63,0.0,7.0,168,1011.6,68,23.2,26.4,267.0,15.1,92.0,7.3
2026-04-14 11:00:00,2026,4,14,11,Hồ Chí Minh,Phường Bình Phú,10.7385058,106.6274357,78.0,Moderate,1,32.2,57,0.0,5.4,160,1010.9,73,22.9,25.7,242.0,10.8,111.0,6.2
2026-04-14 11:00:00,2026,4,14,11,Hồ Chí Minh,Phường Bình Phú,10.7385058,106.6274357,74.0,Moderate,1,32.4,56,0.0,6.4,164,1010.9,81,22.2,25.7,242.0,13.6,110.0,8.7
2026-04-14 12:00:00,2026,4,14,12,Hồ Chí Minh,Phường Bình Phú,10.7385058,106.6274357,78.0,Moderate,1,33.5,52,0.0,5.4,132,1009.8,73,22.5,25.0,251.0,8.3,129.0,5.9
2026-04-14 12:00:00,2026,4,14,12,Hồ Chí Minh,Phường Bình Phú,10.7385058,106.6274357,74.0,Moderate,1,33.7,52,0.0,6.2,144,1009.8,85,22.8,25.8,251.0,10.7,131.0,7.9
2026-04-14 13:00:00,2026,4,14,13,Hồ Chí Minh,Phường Bình Phú,10.7385058,106.6274357,78.0,Moderate,1,34.8,48,0.0,7.1,131,1008.6,58,22.1,24.3,260.0,7.2,140.0,5.8
2026-04-14 13:00:00,2026,4,14,13,Hồ Chí Minh,Phường Bình Phú,10.7385058,106.6274357,74.0,Moderate,1,34.8,48,0.0,7.4,141,1008.5,71,23.0,26.0,260.0,9.0,143.0,7.3
2026-04-14 14:00:00,2026,4,14,14,Hồ Chí Minh,Phường Bình Phú,10.7385058,106.6274357,78.0,Moderate,1,35.4,46,0.0,9.0,127,1007.5,56,21.7,23.6,258.0,6.9,142.0,5.7
2026-04-14 14:00:00,2026,4,14,14,Hồ Chí Minh,Phường Bình Phú,10.7385058,106.6274357,74.0,Moderate,1,35.3,46,0.0,8.5,144,1007.3,60,23.7,26.7,258.0,8.2,145.0,6.8
2026-04-14 15:00:00,2026,4,14,15,Hồ Chí Minh,Phường Bình Phú,10.7385058,106.6274357,78.0,Moderate,1,35.3,45,0.0,11.0,131,1006.8,71,21.2,23.1,257.0,7.9,138.0,5.8
2026-04-14 15:00:00,2026,4,14,15,Hồ Chí Minh,Phường Bình Phú,10.7385058,106.6274357,74.0,Moderate,1,35.5,45,0.0,10.3,144,1006.4,47,21.8,24.7,257.0,8.7,139.0,6.5
2026-04-14 16:00:00,2026,4,14,16,Hồ Chí Minh,Phường Bình Phú,10.7385058,106.6274357,78.0,Moderate,1,34.1,51,0.1,12.8,140,1006.5,28,21.1,22.9,260.0,10.8,127.0,6.3
2026-04-14 16:00:00,2026,4,14,16,Hồ Chí Minh,Phường Bình Phú,10.7385058,106.6274357,74.0,Moderate,1,34.9,47,0.0,11.6,144,1006.0,57,20.8,23.6,260.0,10.7,128.0,6.6
2026-04-14 17:00:00,2026,4,14,17,Hồ Chí Minh,Phường Bình Phú,10.7385058,106.6274357,74.0,Moderate,1,33.9,51,0.0,13.2,145,1006.1,38,20.1,22.6,272.0,15.4,108.0,7.3
2026-04-14 17:00:00,2026,4,14,17,Hồ Chí Minh,Phường Bình Phú,10.7385058,106.6274357,78.0,Moderate,1,33.3,54,0.0,13.8,147,1006.6,36,21.2,22.9,272.0,16.7,107.0,7.5
2026-04-14 18:00:00,2026,4,14,18,Hồ Chí Minh,Phường Bình Phú,10.7385058,106.6274357,77.0,Moderate,1,31.5,58,0.0,14.0,145,1007.0,0,22.2,23.6,290.0,24.5,80.0,9.0
2026-04-14 18:00:00,2026,4,14,18,Hồ Chí Minh,Phường Bình Phú,10.7385058,106.6274357,78.0,Moderate,1,32.0,57,0.0,13.7,145,1006.5,0,20.5,22.8,290.0,21.6,82.0,8.4
2026-04-14 19:00:00,2026,4,14,19,Hồ Chí Minh,Phường Bình Phú,10.7385058,106.6274357,78.0,Moderate,1,29.6,66,0.0,12.5,139,1007.9,0,22.6,24.0,303.0,31.1,58.0,10.4
2026-04-14 19:00:00,2026,4,14,19,Hồ Chí Minh,Phường Bình Phú,10.7385058,106.6274357,76.0,Moderate,1,30.0,64,0.0,11.7,137,1007.3,0,20.9,22.9,303.0,27.0,61.0,9.4
2026-04-14 20:00:00,2026,4,14,20,Hồ Chí Minh,Phường Bình Phú,10.7385058,106.6274357,74.0,Moderate,1,28.6,71,0.0,10.9,136,1007.8,0,20.8,22.9,311.0,30.6,49.0,10.4
2026-04-14 20:00:00,2026,4,14,20,Hồ Chí Minh,Phường Bình Phú,10.7385058,106.6274357,77.0,Moderate,1,28.4,72,0.0,11.2,138,1008.1,0,23.7,25.3,311.0,35.5,45.0,11.4
2026-04-14 21:00:00,2026,4,14,21,Hồ Chí Minh,Phường Bình Phú,10.7385058,106.6274357,74.0,Moderate,1,27.7,76,0.0,9.7,141,1008.2,0,22.2,24.5,314.0,33.3,41.0,11.3
2026-04-14 21:00:00,2026,4,14,21,Hồ Chí Minh,Phường Bình Phú,10.7385058,106.6274357,77.0,Moderate,1,27.6,77,0.0,10.2,141,1008.5,0,25.2,27.2,314.0,38.7,36.0,12.2
2026-04-14 22:00:00,2026,4,14,22,Hồ Chí Minh,Phường Bình Phú,10.7385058,106.6274357,74.0,Moderate,1,27.0,80,0.0,9.4,148,1008.5,0,24.3,26.8,312.0,35.2,36.0,12.0
2026-04-14 22:00:00,2026,4,14,22,Hồ Chí Minh,Phường Bình Phú,10.7385058,106.6274357,77.0,Moderate,1,27.0,82,0.0,9.4,148,1008.6,0,26.3,28.3,312.0,40.3,31.0,12.6
2026-04-14 23:00:00,2026,4,14,23,Hồ Chí Minh,Phường Bình Phú,10.7385058,106.6274357,77.0,Moderate,1,26.7,84,0.0,7.8,158,1009.0,0,25.8,27.9,297.0,39.5,30.0,12.2
2026-04-14 23:00:00,2026,4,14,23,Hồ Chí Minh,Phường Bình Phú,10.7385058,106.6274357,74.0,Moderate,1,26.6,83,0.0,8.1,159,1008.6,0,25.4,27.9,297.0,36.1,34.0,12.2
2026-04-15 00:00:00,2026,4,15,0,Hồ Chí Minh,Phường Bình Phú,10.7385058,106.6274357,75.0,Moderate,1,26.1,86,0.0,7.2,183,1008.6,0,25.0,27.5,275.0,36.3,34.0,12.1
2026-04-15 00:00:00,2026,4,15,0,Hồ Chí Minh,Phường Bình Phú,10.7385058,106.6274357,77.0,Moderate,1,26.3,87,0.0,6.9,189,1009.1,15,23.5,25.7,275.0,37.0,34.0,11.4
2026-04-15 01:00:00,2026,4,15,1,Hồ Chí Minh,Phường Bình Phú,10.7385058,106.6274357,75.0,Moderate,1,25.8,88,0.0,7.0,192,1008.5,0,24.4,26.9,264.0,36.2,35.0,12.2
2026-04-15 01:00:00,2026,4,15,1,Hồ Chí Minh,Phường Bình Phú,10.7385058,106.6274357,77.0,Moderate,1,26.0,87,0.0,6.4,196,1008.8,22,21.5,23.8,264.0,34.9,36.0,10.9
2026-04-15 02:00:00,2026,4,15,2,Hồ Chí Minh,Phường Bình Phú,10.7385058,106.6274357,75.0,Moderate,1,25.4,89,0.0,5.8,187,1008.0,0,24.2,26.5,267.0,35.7,35.0,12.4
2026-04-15 02:00:00,2026,4,15,2,Hồ Chí Minh,Phường Bình Phú,10.7385058,106.6274357,76.0,Moderate,1,25.6,88,0.0,5.4,188,1008.3,20,20.3,22.6,267.0,33.4,37.0,10.6
2026-04-15 03:00:00,2026,4,15,3,Hồ Chí Minh,Phường Bình Phú,10.7385058,106.6274357,75.0,Moderate,1,25.1,90,0.0,5.1,184,1007.8,0,24.5,26.8,280.0,34.9,35.0,12.7
2026-04-15 03:00:00,2026,4,15,3,Hồ Chí Minh,Phường Bình Phú,10.7385058,106.6274357,76.0,Moderate,1,25.4,89,0.0,4.7,184,1007.9,21,20.5,22.8,280.0,32.3,37.0,10.5
2026-04-15 04:00:00,2026,4,15,4,Hồ Chí Minh,Phường Bình Phú,10.7385058,106.6274357,76.0,Moderate,1,25.1,91,0.0,4.0,185,1007.9,33,22.8,25.1,307.0,32.4,36.0,11.4
2026-04-15 04:00:00,2026,4,15,4,Hồ Chí Minh,Phường Bình Phú,10.7385058,106.6274357,76.0,Moderate,1,24.9,91,0.0,4.3,185,1007.7,24,26.3,28.6,307.0,35.0,35.0,13.6
2026-04-15 05:00:00,2026,4,15,5,Hồ Chí Minh,Phường Bình Phú,10.7385058,106.6274357,76.0,Moderate,1,24.8,92,0.0,4.3,175,1008.1,43,30.0,32.6,367.0,37.6,32.0,16.0
2026-04-15 05:00:00,2026,4,15,5,Hồ Chí Minh,Phường Bình Phú,10.7385058,106.6274357,75.0,Moderate,1,25.0,92,0.0,3.6,180,1008.4,35,28.2,30.9,367.0,35.8,32.0,14.6
2026-04-15 06:00:00,2026,4,15,6,Hồ Chí Minh,Phường Bình Phú,10.7385058,106.6274357,75.0,Moderate,1,24.9,92,0.0,3.3,186,1008.8,41,35.4,38.5,441.0,40.5,26.0,18.7
2026-04-15 06:00:00,2026,4,15,6,Hồ Chí Minh,Phường Bình Phú,10.7385058,106.6274357,76.0,Moderate,1,24.8,93,0.0,4.4,171,1008.5,43,36.0,39.0,441.0,41.1,28.0,19.0
2026-04-15 07:00:00,2026,4,15,7,Hồ Chí Minh,Phường Bình Phú,10.7385058,106.6274357,75.0,Moderate,1,26.0,88,0.0,4.0,185,1009.6,40,35.4,38.8,473.0,41.4,28.0,20.6
2026-04-15 07:00:00,2026,4,15,7,Hồ Chí Minh,Phường Bình Phú,10.7385058,106.6274357,76.0,Moderate,1,26.0,88,0.0,4.8,167,1009.3,11,34.0,37.0,473.0,41.0,31.0,20.0
2026-04-15 08:00:00,2026,4,15,8,Hồ Chí Minh,Phường Bình Phú,10.7385058,106.6274357,76.0,Moderate,1,27.9,77,0.0,7.6,177,1010.5,46,25.0,28.9,424.0,34.8,42.0,18.0
2026-04-15 08:00:00,2026,4,15,8,Hồ Chí Minh,Phường Bình Phú,10.7385058,106.6274357,76.0,Moderate,1,27.9,77,0.0,7.3,169,1010.1,31,24.2,27.7,424.0,34.2,46.0,17.4
2026-04-15 09:00:00,2026,4,15,9,Hồ Chí Minh,Phường Bình Phú,10.7385058,106.6274357,76.0,Moderate,1,29.1,69,0.0,8.8,168,1010.8,54,20.8,24.8,334.0,24.3,62.0,13.2
2026-04-15 09:00:00,2026,4,15,9,Hồ Chí Minh,Phường Bình Phú,10.7385058,106.6274357,76.0,Moderate,1,29.2,68,0.0,8.0,170,1010.3,47,20.8,24.2,334.0,24.0,68.0,12.8
2026-04-15 10:00:00,2026,4,15,10,Hồ Chí Minh,Phường Bình Phú,10.7385058,106.6274357,75.0,Moderate,1,30.8,61,0.0,8.9,166,1010.6,42,19.3,23.2,266.0,16.0,81.0,9.3
2026-04-15 10:00:00,2026,4,15,10,Hồ Chí Minh,Phường Bình Phú,10.7385058,106.6274357,76.0,Moderate,1,30.8,62,0.0,8.1,167,1010.2,37,19.8,23.1,266.0,15.6,89.0,9.1
2026-04-15 11:00:00,2026,4,15,11,Hồ Chí Minh,Phường Bình Phú,10.7385058,106.6274357,76.0,Moderate,1,32.3,54,0.0,8.5,168,1009.6,46,19.7,22.5,250.0,11.1,110.0,7.3
2026-04-15 11:00:00,2026,4,15,11,Hồ Chí Minh,Phường Bình Phú,10.7385058,106.6274357,75.0,Moderate,1,32.3,54,0.0,9.1,162,1009.9,38,18.9,22.4,250.0,12.2,96.0,7.6
2026-04-15 12:00:00,2026,4,15,12,Hồ Chí Minh,Phường Bình Phú,10.7385058,106.6274357,75.0,Moderate,1,33.5,50,0.0,8.8,171,1008.7,55,19.8,22.1,257.0,8.6,130.0,6.4
2026-04-15 12:00:00,2026,4,15,12,Hồ Chí Minh,Phường Bình Phú,10.7385058,106.6274357,75.0,Moderate,1,33.7,48,0.0,9.1,162,1008.8,35,18.9,21.5,257.0,10.4,109.0,6.8
2026-04-15 13:00:00,2026,4,15,13,Hồ Chí Minh,Phường Bình Phú,10.7385058,106.6274357,75.0,Moderate,1,34.5,46,0.0,9.1,171,1007.6,59,19.6,21.3,262.0,7.3,143.0,5.9
2026-04-15 13:00:00,2026,4,15,13,Hồ Chí Minh,Phường Bình Phú,10.7385058,106.6274357,74.0,Moderate,1,34.8,45,0.0,9.3,164,1007.6,36,19.6,22.2,262.0,9.5,117.0,6.3
2026-04-15 14:00:00,2026,4,15,14,Hồ Chí Minh,Phường Bình Phú,10.7385058,106.6274357,75.0,Moderate,1,35.5,42,0.0,9.1,173,1006.4,77,19.4,21.1,250.0,7.0,147.0,5.6
2026-04-15 14:00:00,2026,4,15,14,Hồ Chí Minh,Phường Bình Phú,10.7385058,106.6274357,74.0,Moderate,1,35.5,43,0.0,8.9,159,1006.5,79,19.3,21.9,250.0,8.5,118.0,5.7
2026-04-15 15:00:00,2026,4,15,15,Hồ Chí Minh,Phường Bình Phú,10.7385058,106.6274357,75.0,Moderate,1,35.5,41,0.0,9.7,180,1005.4,72,19.1,21.0,236.0,7.9,143.0,5.6
2026-04-15 15:00:00,2026,4,15,15,Hồ Chí Minh,Phường Bình Phú,10.7385058,106.6274357,74.0,Moderate,1,35.8,41,0.0,7.6,161,1005.4,65,18.0,20.8,236.0,8.3,113.0,5.4
2026-04-15 16:00:00,2026,4,15,16,Hồ Chí Minh,Phường Bình Phú,10.7385058,106.6274357,74.0,Moderate,1,35.4,42,0.0,9.8,188,1004.8,50,18.6,20.7,236.0,10.3,132.0,6.0
2026-04-15 16:00:00,2026,4,15,16,Hồ Chí Minh,Phường Bình Phú,10.7385058,106.6274357,74.0,Moderate,1,35.8,40,0.0,8.9,159,1004.8,59,16.6,19.3,236.0,10.1,103.0,5.6
2026-04-15 17:00:00,2026,4,15,17,Hồ Chí Minh,Phường Bình Phú,10.7385058,106.6274357,74.0,Moderate,1,35.0,42,0.0,9.4,173,1004.9,32,17.6,20.0,266.0,15.2,110.0,7.0
2026-04-15 17:00:00,2026,4,15,17,Hồ Chí Minh,Phường Bình Phú,10.7385058,106.6274357,73.0,Moderate,1,34.8,43,0.0,11.7,146,1005.2,82,15.5,17.8,266.0,15.5,85.0,6.5
2026-04-15 18:00:00,2026,4,15,18,Hồ Chí Minh,Phường Bình Phú,10.7385058,106.6274357,80.0,Moderate,1,32.9,52,0.0,13.5,146,1005.8,29,16.4,18.4,309.0,21.6,80.0,8.3
2026-04-15 18:00:00,2026,4,15,18,Hồ Chí Minh,Phường Bình Phú,10.7385058,106.6274357,73.0,Moderate,1,32.4,54,0.0,14.8,137,1006.2,45,15.5,17.6,309.0,22.8,62.0,7.8
2026-04-15 19:00:00,2026,4,15,19,Hồ Chí Minh,Phường Bình Phú,10.7385058,106.6274357,78.0,Moderate,1,30.4,64,0.0,14.0,138,1006.6,0,16.1,17.9,339.0,27.0,56.0,9.6
2026-04-15 19:00:00,2026,4,15,19,Hồ Chí Minh,Phường Bình Phú,10.7385058,106.6274357,72.0,Moderate,1,30.4,63,0.0,13.8,137,1007.1,13,17.1,19.1,339.0,29.0,43.0,9.2
2026-04-15 20:00:00,2026,4,15,20,Hồ Chí Minh,Phường Bình Phú,10.7385058,106.6274357,72.0,Moderate,1,29.0,71,0.0,13.0,138,1007.8,11,18.5,20.8,341.0,32.6,34.0,10.6
2026-04-15 20:00:00,2026,4,15,20,Hồ Chí Minh,Phường Bình Phú,10.7385058,106.6274357,73.0,Moderate,1,29.1,73,0.0,11.5,139,1007.4,0,16.6,18.5,341.0,30.6,43.0,10.8
2026-04-15 21:00:00,2026,4,15,21,Hồ Chí Minh,Phường Bình Phú,10.7385058,106.6274357,71.0,Moderate,1,28.2,77,0.0,11.0,148,1008.4,33,20.7,23.2,328.0,35.0,29.0,12.0
2026-04-15 21:00:00,2026,4,15,21,Hồ Chí Minh,Phường Bình Phú,10.7385058,106.6274357,73.0,Moderate,1,28.3,79,0.0,10.2,148,1008.1,6,18.2,20.3,328.0,33.2,37.0,12.0
2026-04-15 22:00:00,2026,4,15,22,Hồ Chí Minh,Phường Bình Phú,10.7385058,106.6274357,71.0,Moderate,1,27.8,81,0.0,9.4,162,1008.8,50,23.3,25.8,314.0,36.9,26.0,12.9
2026-04-15 22:00:00,2026,4,15,22,Hồ Chí Minh,Phường Bình Phú,10.7385058,106.6274357,72.0,Moderate,1,27.8,83,0.0,9.4,162,1008.6,22,20.5,22.5,314.0,35.2,32.0,12.8
2026-04-15 23:00:00,2026,4,15,23,Hồ Chí Minh,Phường Bình Phú,10.7385058,106.6274357,71.0,Moderate,1,27.5,83,0.0,9.0,175,1008.9,54,25.4,27.9,300.0,38.3,23.0,13.1
2026-04-15 23:00:00,2026,4,15,23,Hồ Chí Minh,Phường Bình Phú,10.7385058,106.6274357,72.0,Moderate,1,27.5,85,0.0,8.7,173,1008.7,30,22.5,24.5,300.0,36.6,29.0,12.9
2026-04-16 00:00:00,2026,4,16,0,Hồ Chí Minh,Phường Bình Phú,10.7385058,106.6274357,71.0,Moderate,1,27.2,85,0.0,7.2,186,1008.7,62,25.6,28.1,284.0,39.3,22.0,12.8
2026-04-16 00:00:00,2026,4,16,0,Hồ Chí Minh,Phường Bình Phú,10.7385058,106.6274357,72.0,Moderate,1,27.1,88,0.0,8.0,185,1008.6,39,22.7,24.7,284.0,37.3,29.0,12.6
2026-04-16 01:00:00,2026,4,16,1,Hồ Chí Minh,Phường Bình Phú,10.7385058,106.6274357,71.0,Moderate,1,27.0,87,0.0,6.2,190,1008.5,70,25.7,28.2,278.0,40.2,21.0,12.6
2026-04-16 01:00:00,2026,4,16,1,Hồ Chí Minh,Phường Bình Phú,10.7385058,106.6274357,72.0,Moderate,1,26.9,89,0.0,7.2,186,1008.3,67,22.7,24.7,278.0,37.7,29.0,12.3
2026-04-16 02:00:00,2026,4,16,2,Hồ Chí Minh,Phường Bình Phú,10.7385058,106.6274357,71.0,Moderate,1,26.8,88,0.0,5.9,191,1008.2,74,26.3,28.8,283.0,41.4,19.0,12.4
2026-04-16 02:00:00,2026,4,16,2,Hồ Chí Minh,Phường Bình Phú,10.7385058,106.6274357,71.0,Moderate,1,26.9,90,0.0,6.8,183,1008.0,60,22.4,24.3,283.0,37.7,28.0,12.1
2026-04-16 03:00:00,2026,4,16,3,Hồ Chí Minh,Phường Bình Phú,10.7385058,106.6274357,71.0,Moderate,1,26.8,90,0.0,6.5,177,1007.8,50,22.7,24.7,297.0,37.5,27.0,11.9
2026-04-16 03:00:00,2026,4,16,3,Hồ Chí Minh,Phường Bình Phú,10.7385058,106.6274357,72.0,Moderate,1,26.5,89,0.0,5.4,188,1008.1,60,28.4,31.1,297.0,42.5,17.0,12.3
2026-04-16 04:00:00,2026,4,16,4,Hồ Chí Minh,Phường Bình Phú,10.7385058,106.6274357,71.0,Moderate,1,26.5,91,0.0,5.8,176,1007.9,35,24.2,26.4,327.0,37.6,27.0,12.4
2026-04-16 04:00:00,2026,4,16,4,Hồ Chí Minh,Phường Bình Phú,10.7385058,106.6274357,72.0,Moderate,1,26.4,90,0.0,4.8,193,1008.1,55,32.5,35.5,327.0,43.3,16.0,12.9
2026-04-16 05:00:00,2026,4,16,5,Hồ Chí Minh,Phường Bình Phú,10.7385058,106.6274357,73.0,Moderate,1,26.2,91,0.0,3.7,209,1008.3,60,36.4,39.8,395.0,44.4,15.0,15.4
2026-04-16 05:00:00,2026,4,16,5,Hồ Chí Minh,Phường Bình Phú,10.7385058,106.6274357,71.0,Moderate,1,26.2,93,0.0,4.7,184,1008.1,32,27.8,30.3,395.0,39.4,25.0,14.6
2026-04-16 06:00:00,2026,4,16,6,Hồ Chí Minh,Phường Bình Phú,10.7385058,106.6274357,71.0,Moderate,1,26.1,94,0.0,3.6,186,1008.6,37,34.6,37.4,479.0,41.7,24.0,17.5
2026-04-16 06:00:00,2026,4,16,6,Hồ Chí Minh,Phường Bình Phú,10.7385058,106.6274357,74.0,Moderate,1,26.1,92,0.0,2.5,225,1008.7,61,43.0,46.6,479.0,45.2,15.0,18.6
2026-04-16 07:00:00,2026,4,16,7,Hồ Chí Minh,Phường Bình Phú,10.7385058,106.6274357,75.0,Moderate,1,27.0,89,0.0,2.4,243,1009.6,61,38.3,41.9,516.0,43.0,20.0,19.8
2026-04-16 07:00:00,2026,4,16,7,Hồ Chí Minh,Phường Bình Phú,10.7385058,106.6274357,71.0,Moderate,1,27.1,91,0.0,3.8,163,1009.4,36,30.2,33.2,516.0,41.1,28.0,18.6
2026-04-16 08:00:00,2026,4,16,8,Hồ Chí Minh,Phường Bình Phú,10.7385058,106.6274357,75.0,Moderate,1,28.5,80,0.0,5.2,205,1010.6,52,24.1,28.3,462.0,35.4,34.0,17.0
2026-04-16 08:00:00,2026,4,16,8,Hồ Chí Minh,Phường Bình Phú,10.7385058,106.6274357,70.0,Moderate,1,28.7,81,0.0,6.7,164,1010.3,44,20.1,23.6,462.0,35.1,42.0,16.1
2026-04-16 09:00:00,2026,4,16,9,Hồ Chí Minh,Phường Bình Phú,10.7385058,106.6274357,75.0,Moderate,1,30.1,71,0.0,5.8,187,1011.1,54,19.6,24.0,361.0,25.0,54.0,12.2
2026-04-16 09:00:00,2026,4,16,9,Hồ Chí Minh,Phường Bình Phú,10.7385058,106.6274357,70.0,Moderate,1,30.4,70,0.0,7.6,155,1010.7,52,17.6,21.5,361.0,26.3,61.0,11.7
2026-04-16 10:00:00,2026,4,16,10,Hồ Chí Minh,Phường Bình Phú,10.7385058,106.6274357,75.0,Moderate,1,31.8,62,0.0,4.8,167,1010.7,66,18.8,23.2,288.0,16.6,74.0,8.3
2026-04-16 10:00:00,2026,4,16,10,Hồ Chí Minh,Phường Bình Phú,10.7385058,106.6274357,70.0,Moderate,1,31.9,62,0.0,7.9,150,1010.3,60,18.4,22.8,288.0,19.0,79.0,8.3
2026-04-16 11:00:00,2026,4,16,11,Hồ Chí Minh,Phường Bình Phú,10.7385058,106.6274357,75.0,Moderate,1,32.7,57,0.0,6.6,131,1010.1,69,19.1,23.1,276.0,12.2,93.0,6.6
2026-04-16 11:00:00,2026,4,16,11,Hồ Chí Minh,Phường Bình Phú,10.7385058,106.6274357,69.0,Moderate,1,33.0,57,0.0,7.9,141,1009.8,79,18.7,22.5,276.0,14.9,95.0,6.9
2026-04-16 12:00:00,2026,4,16,12,Hồ Chí Minh,Phường Bình Phú,10.7385058,106.6274357,75.0,Moderate,1,33.8,55,0.0,7.7,131,1009.4,57,19.4,22.9,291.0,10.0,112.0,5.8
2026-04-16 12:00:00,2026,4,16,12,Hồ Chí Minh,Phường Bình Phú,10.7385058,106.6274357,69.0,Moderate,1,33.8,54,0.1,8.7,135,1009.0,60,18.8,22.2,291.0,12.3,110.0,6.4
2026-04-16 13:00:00,2026,4,16,13,Hồ Chí Minh,Phường Bình Phú,10.7385058,106.6274357,75.0,Moderate,1,34.8,52,0.0,8.4,140,1008.2,48,19.7,22.4,303.0,8.7,126.0,5.3
2026-04-16 13:00:00,2026,4,16,13,Hồ Chí Minh,Phường Bình Phú,10.7385058,106.6274357,69.0,Moderate,1,34.8,51,0.0,10.2,138,1007.9,38,18.5,21.8,303.0,10.7,120.0,6.1
2026-04-16 14:00:00,2026,4,16,14,Hồ Chí Minh,Phường Bình Phú,10.7385058,106.6274357,75.0,Moderate,1,34.8,51,0.0,10.7,138,1007.2,64,19.6,21.6,298.0,8.0,134.0,4.9
2026-04-16 14:00:00,2026,4,16,14,Hồ Chí Minh,Phường Bình Phú,10.7385058,106.6274357,69.0,Moderate,1,35.0,50,0.0,11.4,145,1006.8,54,17.5,20.5,298.0,9.6,124.0,5.7
2026-04-16 15:00:00,2026,4,16,15,Hồ Chí Minh,Phường Bình Phú,10.7385058,106.6274357,75.0,Moderate,1,34.2,53,0.1,12.0,134,1006.5,65,18.9,21.0,290.0,8.3,136.0,4.9
2026-04-16 15:00:00,2026,4,16,15,Hồ Chí Minh,Phường Bình Phú,10.7385058,106.6274357,69.0,Moderate,1,34.8,50,0.0,11.6,144,1006.0,78,16.5,19.4,290.0,9.4,122.0,5.5
2026-04-16 16:00:00,2026,4,16,16,Hồ Chí Minh,Phường Bình Phú,10.7385058,106.6274357,69.0,Moderate,1,33.8,53,0.1,11.7,146,1005.7,78,15.4,18.0,287.0,10.8,115.0,5.6
2026-04-16 16:00:00,2026,4,16,16,Hồ Chí Minh,Phường Bình Phú,10.7385058,106.6274357,75.0,Moderate,1,33.8,53,0.0,10.9,146,1006.0,72,17.7,19.6,287.0,10.2,130.0,5.3
2026-04-16 17:00:00,2026,4,16,17,Hồ Chí Minh,Phường Bình Phú,10.7385058,106.6274357,69.0,Moderate,1,33.1,54,0.1,11.8,153,1005.7,45,14.3,16.6,296.0,14.9,98.0,6.3
2026-04-16 17:00:00,2026,4,16,17,Hồ Chí Minh,Phường Bình Phú,10.7385058,106.6274357,75.0,Moderate,1,33.2,54,0.0,11.9,151,1005.9,56,16.5,18.3,296.0,14.6,110.0,6.3
2026-04-16 18:00:00,2026,4,16,18,Hồ Chí Minh,Phường Bình Phú,10.7385058,106.6274357,75.0,Moderate,1,31.9,60,0.0,13.6,143,1006.6,51,16.8,18.2,310.0,20.6,81.0,7.7
2026-04-16 18:00:00,2026,4,16,18,Hồ Chí Minh,Phường Bình Phú,10.7385058,106.6274357,68.0,Moderate,1,31.8,59,0.0,12.8,148,1006.2,46,13.6,15.7,310.0,20.6,76.0,7.4
2026-04-16 19:00:00,2026,4,16,19,Hồ Chí Minh,Phường Bình Phú,10.7385058,106.6274357,75.0,Moderate,1,30.0,68,0.0,13.8,139,1007.5,0,16.6,18.6,320.0,25.5,58.0,8.9
2026-04-16 19:00:00,2026,4,16,19,Hồ Chí Minh,Phường Bình Phú,10.7385058,106.6274357,68.0,Moderate,1,30.1,66,0.0,13.0,138,1007.2,6,14.4,16.5,320.0,25.5,58.0,8.5
2026-04-16 20:00:00,2026,4,16,20,Hồ Chí Minh,Phường Bình Phú,10.7385058,106.6274357,68.0,Moderate,1,28.9,73,0.0,12.2,135,1008.1,0,15.5,17.9,322.0,28.8,49.0,9.5
2026-04-16 20:00:00,2026,4,16,20,Hồ Chí Minh,Phường Bình Phú,10.7385058,106.6274357,75.0,Moderate,1,28.9,75,0.0,12.5,141,1008.3,0,17.0,18.9,322.0,28.4,47.0,9.6
2026-04-16 21:00:00,2026,4,16,21,Hồ Chí Minh,Phường Bình Phú,10.7385058,106.6274357,68.0,Moderate,1,28.2,79,0.0,10.2,138,1008.7,0,17.6,20.0,319.0,31.3,44.0,10.4
2026-04-16 21:00:00,2026,4,16,21,Hồ Chí Minh,Phường Bình Phú,10.7385058,106.6274357,75.0,Moderate,1,28.1,79,0.0,10.7,140,1008.7,0,18.7,20.8,319.0,30.2,43.0,10.1
2026-04-16 22:00:00,2026,4,16,22,Hồ Chí Minh,Phường Bình Phú,10.7385058,106.6274357,68.0,Moderate,1,27.8,82,0.0,9.3,144,1009.3,19,18.9,21.2,313.0,32.7,41.0,11.0
2026-04-16 22:00:00,2026,4,16,22,Hồ Chí Minh,Phường Bình Phú,10.7385058,106.6274357,75.0,Moderate,1,27.8,83,0.0,9.4,140,1009.2,19,19.9,22.1,313.0,31.1,40.0,10.3
2026-04-16 23:00:00,2026,4,16,23,Hồ Chí Minh,Phường Bình Phú,10.7385058,106.6274357,68.0,Moderate,1,27.5,85,0.0,8.4,155,1009.4,55,18.8,21.2,297.0,32.6,40.0,10.9
2026-04-16 23:00:00,2026,4,16,23,Hồ Chí Minh,Phường Bình Phú,10.7385058,106.6274357,74.0,Moderate,1,27.4,85,0.0,8.8,145,1009.5,29,19.8,22.1,297.0,30.8,39.0,9.9
2026-04-17 00:00:00,2026,4,17,0,Hồ Chí Minh,Phường Bình Phú,10.7385058,106.6274357,67.0,Moderate,1,27.3,86,0.0,8.1,159,1009.1,75,18.4,20.7,277.0,31.4,42.0,10.4
2026-04-17 00:00:00,2026,4,17,0,Hồ Chí Minh,Phường Bình Phú,10.7385058,106.6274357,74.0,Moderate,1,27.1,86,0.0,7.2,153,1009.3,38,19.2,21.5,277.0,29.6,41.0,9.3
2026-04-17 01:00:00,2026,4,17,1,Hồ Chí Minh,Phường Bình Phú,10.7385058,106.6274357,67.0,Moderate,1,27.2,86,0.0,7.4,157,1008.8,77,18.3,20.6,271.0,30.8,42.0,10.0
2026-04-17 01:00:00,2026,4,17,1,Hồ Chí Minh,Phường Bình Phú,10.7385058,106.6274357,73.0,Moderate,1,26.9,86,0.0,6.5,161,1008.9,58,18.6,20.9,271.0,28.9,41.0,8.8
2026-04-17 02:00:00,2026,4,17,2,Hồ Chí Minh,Phường Bình Phú,10.7385058,106.6274357,73.0,Moderate,1,26.6,87,0.0,6.0,163,1008.5,78,18.2,20.5,286.0,29.2,39.0,8.6
2026-04-17 02:00:00,2026,4,17,2,Hồ Chí Minh,Phường Bình Phú,10.7385058,106.6274357,66.0,Moderate,1,27.0,87,0.0,6.5,161,1008.7,76,18.2,20.5,286.0,31.3,40.0,9.7
2026-04-17 03:00:00,2026,4,17,3,Hồ Chí Minh,Phường Bình Phú,10.7385058,106.6274357,72.0,Moderate,1,26.6,88,0.0,5.6,165,1008.3,79,18.5,20.8,316.0,30.1,36.0,8.6
2026-04-17 03:00:00,2026,4,17,3,Hồ Chí Minh,Phường Bình Phú,10.7385058,106.6274357,66.0,Moderate,1,26.8,88,0.0,5.6,165,1008.5,75,18.9,21.1,316.0,32.2,38.0,9.5
2026-04-17 04:00:00,2026,4,17,4,Hồ Chí Minh,Phường Bình Phú,10.7385058,106.6274357,66.0,Moderate,1,26.7,88,0.0,4.8,167,1008.6,74,21.7,23.9,358.0,33.3,35.0,9.8
2026-04-17 04:00:00,2026,4,17,4,Hồ Chí Minh,Phường Bình Phú,10.7385058,106.6274357,71.0,Moderate,1,26.6,89,0.0,4.3,175,1008.6,80,20.6,22.9,358.0,31.1,33.0,9.1
2026-04-17 05:00:00,2026,4,17,5,Hồ Chí Minh,Phường Bình Phú,10.7385058,106.6274357,65.0,Moderate,1,26.6,88,0.0,4.0,170,1009.0,76,25.4,27.9,435.0,35.3,30.0,11.2
2026-04-17 05:00:00,2026,4,17,5,Hồ Chí Minh,Phường Bình Phú,10.7385058,106.6274357,70.0,Moderate,1,26.5,90,0.0,3.8,197,1009.0,76,24.6,27.1,435.0,33.3,28.0,10.9
2026-04-17 06:00:00,2026,4,17,6,Hồ Chí Minh,Phường Bình Phú,10.7385058,106.6274357,69.0,Moderate,1,26.4,90,0.0,3.9,214,1009.5,71,30.9,33.5,524.0,35.8,24.0,13.2
2026-04-17 06:00:00,2026,4,17,6,Hồ Chí Minh,Phường Bình Phú,10.7385058,106.6274357,65.0,Moderate,1,26.8,89,0.0,3.7,169,1009.5,78,31.1,33.6,524.0,37.5,26.0,13.1
2026-04-17 07:00:00,2026,4,17,7,Hồ Chí Minh,Phường Bình Phú,10.7385058,106.6274357,65.0,Moderate,1,27.2,86,0.0,3.7,169,1010.0,80,28.6,31.2,556.0,36.9,28.0,13.8
2026-04-17 07:00:00,2026,4,17,7,Hồ Chí Minh,Phường Bình Phú,10.7385058,106.6274357,68.0,Moderate,1,27.2,86,0.0,3.9,214,1010.4,67,29.2,32.0,556.0,35.2,26.0,14.1
2026-04-17 08:00:00,2026,4,17,8,Hồ Chí Minh,Phường Bình Phú,10.7385058,106.6274357,65.0,Moderate,1,28.4,79,0.0,4.8,167,1010.5,73,18.0,21.2,478.0,31.1,42.0,12.4
2026-04-17 08:00:00,2026,4,17,8,Hồ Chí Minh,Phường Bình Phú,10.7385058,106.6274357,67.0,Moderate,1,28.4,79,0.0,4.4,189,1010.8,65,19.4,22.8,478.0,28.8,40.0,12.2
2026-04-17 09:00:00,2026,4,17,9,Hồ Chí Minh,Phường Bình Phú,10.7385058,106.6274357,67.0,Moderate,1,29.9,70,0.0,6.3,167,1011.2,63,15.3,19.1,344.0,19.5,62.0,9.0
2026-04-17 09:00:00,2026,4,17,9,Hồ Chí Minh,Phường Bình Phú,10.7385058,106.6274357,65.0,Moderate,1,30.0,69,0.0,6.3,167,1010.9,67,15.7,19.2,344.0,22.6,62.0,9.8
2026-04-17 10:00:00,2026,4,17,10,Hồ Chí Minh,Phường Bình Phú,10.7385058,106.6274357,64.0,Moderate,1,31.4,61,0.0,7.2,162,1010.9,60,15.4,19.0,246.0,15.5,82.0,7.7
2026-04-17 10:00:00,2026,4,17,10,Hồ Chí Minh,Phường Bình Phú,10.7385058,106.6274357,66.0,Moderate,1,31.4,61,0.0,8.2,157,1011.1,61,15.8,20.0,246.0,12.1,82.0,6.4
2026-04-17 11:00:00,2026,4,17,11,Hồ Chí Minh,Phường Bình Phú,10.7385058,106.6274357,66.0,Moderate,1,32.7,54,0.0,8.5,152,1010.4,65,16.0,19.7,226.0,8.8,100.0,5.5
2026-04-17 11:00:00,2026,4,17,11,Hồ Chí Minh,Phường Bình Phú,10.7385058,106.6274357,64.0,Moderate,1,32.5,55,0.0,7.1,150,1010.2,69,14.3,17.2,226.0,11.4,100.0,6.6
2026-04-17 12:00:00,2026,4,17,12,Hồ Chí Minh,Phường Bình Phú,10.7385058,106.6274357,64.0,Moderate,1,33.7,51,0.0,6.9,129,1009.2,78,13.6,16.3,243.0,8.7,117.0,5.9
2026-04-17 12:00:00,2026,4,17,12,Hồ Chí Minh,Phường Bình Phú,10.7385058,106.6274357,66.0,Moderate,1,34.0,48,0.0,8.4,149,1009.3,68,17.1,20.5,243.0,7.5,118.0,5.3
2026-04-17 13:00:00,2026,4,17,13,Hồ Chí Minh,Phường Bình Phú,10.7385058,106.6274357,66.0,Moderate,1,34.8,44,0.0,8.3,146,1008.3,72,16.4,19.5,259.0,7.1,130.0,5.2
2026-04-17 13:00:00,2026,4,17,13,Hồ Chí Minh,Phường Bình Phú,10.7385058,106.6274357,63.0,Moderate,1,34.5,47,0.0,7.6,121,1008.2,87,13.0,15.4,259.0,7.2,127.0,5.4
2026-04-17 14:00:00,2026,4,17,14,Hồ Chí Minh,Phường Bình Phú,10.7385058,106.6274357,63.0,Moderate,1,34.9,44,0.0,9.2,132,1007.4,69,12.5,14.7,258.0,6.7,128.0,5.0
2026-04-17 14:00:00,2026,4,17,14,Hồ Chí Minh,Phường Bình Phú,10.7385058,106.6274357,65.0,Moderate,1,35.3,42,0.0,8.6,147,1007.4,74,15.9,18.9,258.0,6.7,135.0,5.0
2026-04-17 15:00:00,2026,4,17,15,Hồ Chí Minh,Phường Bình Phú,10.7385058,106.6274357,65.0,Moderate,1,35.5,41,0.0,9.5,151,1006.6,75,15.2,17.9,257.0,7.1,135.0,4.9
2026-04-17 15:00:00,2026,4,17,15,Hồ Chí Minh,Phường Bình Phú,10.7385058,106.6274357,62.0,Moderate,1,35.0,43,0.0,11.4,145,1006.6,50,11.8,13.9,257.0,7.4,122.0,4.9
2026-04-17 16:00:00,2026,4,17,16,Hồ Chí Minh,Phường Bình Phú,10.7385058,106.6274357,65.0,Moderate,1,35.0,43,0.0,10.3,151,1006.2,77,14.2,16.8,270.0,9.9,127.0,5.4
2026-04-17 16:00:00,2026,4,17,16,Hồ Chí Minh,Phường Bình Phú,10.7385058,106.6274357,62.0,Moderate,1,34.7,43,0.0,13.2,151,1006.3,32,11.5,13.5,270.0,10.0,111.0,5.3
2026-04-17 17:00:00,2026,4,17,17,Hồ Chí Minh,Phường Bình Phú,10.7385058,106.6274357,64.0,Moderate,1,33.7,48,0.0,12.4,144,1006.5,59,14.3,16.9,290.0,16.9,106.0,7.0
2026-04-17 17:00:00,2026,4,17,17,Hồ Chí Minh,Phường Bình Phú,10.7385058,106.6274357,62.0,Moderate,1,33.5,46,0.0,13.6,148,1006.6,21,11.3,13.2,290.0,15.9,93.0,6.6
2026-04-17 18:00:00,2026,4,17,18,Hồ Chí Minh,Phường Bình Phú,10.7385058,106.6274357,65.0,Moderate,1,31.6,56,0.0,15.3,139,1007.1,41,16.6,18.7,324.0,26.2,76.0,9.1
2026-04-17 18:00:00,2026,4,17,18,Hồ Chí Minh,Phường Bình Phú,10.7385058,106.6274357,61.0,Moderate,1,31.8,52,0.0,13.1,143,1007.1,11,13.2,14.8,324.0,23.7,70.0,8.3
2026-04-17 19:00:00,2026,4,17,19,Hồ Chí Minh,Phường Bình Phú,10.7385058,106.6274357,61.0,Moderate,1,30.2,58,0.0,12.5,139,1007.8,0,16.3,18.1,404.0,30.3,52.0,9.9
2026-04-17 19:00:00,2026,4,17,19,Hồ Chí Minh,Phường Bình Phú,10.7385058,106.6274357,64.0,Moderate,1,30.0,63,0.0,16.5,136,1007.9,23,18.3,20.2,404.0,33.6,52.0,10.9
2026-04-17 20:00:00,2026,4,17,20,Hồ Chí Minh,Phường Bình Phú,10.7385058,106.6274357,62.0,Moderate,1,29.1,65,0.0,11.2,140,1008.6,21,18.6,20.6,591.0,34.6,42.0,11.1
2026-04-17 20:00:00,2026,4,17,20,Hồ Chí Minh,Phường Bình Phú,10.7385058,106.6274357,64.0,Moderate,1,29.0,69,0.0,14.8,139,1008.7,32,19.8,21.9,591.0,37.6,38.0,11.9
2026-04-17 21:00:00,2026,4,17,21,Hồ Chí Minh,Phường Bình Phú,10.7385058,106.6274357,62.0,Moderate,1,28.3,74,0.0,9.6,146,1009.5,43,21.0,23.0,824.0,37.7,35.0,12.0
2026-04-17 21:00:00,2026,4,17,21,Hồ Chí Minh,Phường Bình Phú,10.7385058,106.6274357,65.0,Moderate,1,28.3,74,0.0,11.4,145,1009.6,41,21.1,23.1,824.0,39.7,30.0,12.6
2026-04-17 22:00:00,2026,4,17,22,Hồ Chí Minh,Phường Bình Phú,10.7385058,106.6274357,65.0,Moderate,1,27.8,78,0.0,8.7,156,1010.1,50,21.8,23.7,954.0,40.5,25.0,12.7
2026-04-17 22:00:00,2026,4,17,22,Hồ Chí Minh,Phường Bình Phú,10.7385058,106.6274357,62.0,Moderate,1,27.7,80,0.0,8.2,151,1010.0,64,22.7,24.8,954.0,39.7,31.0,12.4
2026-04-17 23:00:00,2026,4,17,23,Hồ Chí Minh,Phường Bình Phú,10.7385058,106.6274357,62.0,Moderate,1,27.4,83,0.0,6.6,158,1009.9,71,22.5,24.6,889.0,39.9,29.0,12.0
2026-04-17 23:00:00,2026,4,17,23,Hồ Chí Minh,Phường Bình Phú,10.7385058,106.6274357,65.0,Moderate,1,27.5,81,0.0,6.6,167,1010.1,59,21.5,23.4,889.0,39.6,24.0,12.0
2026-04-18 00:00:00,2026,4,18,0,Hồ Chí Minh,Phường Bình Phú,10.7385058,106.6274357,63.0,Moderate,1,27.2,84,0.0,5.2,164,1009.6,79,21.8,24.0,721.0,39.1,29.0,11.1
2026-04-18 00:00:00,2026,4,18,0,Hồ Chí Minh,Phường Bình Phú,10.7385058,106.6274357,65.0,Moderate,1,27.2,83,0.0,5.0,180,1009.8,69,20.3,22.3,721.0,37.5,27.0,10.8
2026-04-18 01:00:00,2026,4,18,1,Hồ Chí Minh,Phường Bình Phú,10.7385058,106.6274357,63.0,Moderate,1,27.1,85,0.0,4.4,171,1009.2,86,23.0,25.2,576.0,39.2,28.0,10.5
2026-04-18 01:00:00,2026,4,18,1,Hồ Chí Minh,Phường Bình Phú,10.7385058,106.6274357,65.0,Moderate,1,27.1,84,0.0,4.0,190,1009.5,78,19.7,21.7,576.0,36.2,28.0,10.0
2026-04-18 02:00:00,2026,4,18,2,Hồ Chí Minh,Phường Bình Phú,10.7385058,106.6274357,63.0,Moderate,1,27.0,86,0.0,3.6,174,1008.9,86,25.4,27.8,488.0,41.8,23.0,10.5
2026-04-18 02:00:00,2026,4,18,2,Hồ Chí Minh,Phường Bình Phú,10.7385058,106.6274357,65.0,Moderate,1,27.0,85,0.0,3.6,186,1009.2,79,20.0,21.9,488.0,36.7,26.0,9.7
2026-04-18 03:00:00,2026,4,18,3,Hồ Chí Minh,Phường Bình Phú,10.7385058,106.6274357,65.0,Moderate,1,26.8,85,0.0,3.8,163,1009.0,80,21.5,23.5,425.0,38.0,24.0,9.7
2026-04-18 03:00:00,2026,4,18,3,Hồ Chí Minh,Phường Bình Phú,10.7385058,106.6274357,64.0,Moderate,1,26.8,87,0.0,3.3,174,1008.7,85,28.6,31.1,425.0,45.4,17.0,10.9
2026-04-18 04:00:00,2026,4,18,4,Hồ Chí Minh,Phường Bình Phú,10.7385058,106.6274357,65.0,Moderate,1,26.8,87,0.0,3.0,166,1008.6,85,32.5,35.2,412.0,47.4,14.0,11.7
2026-04-18 04:00:00,2026,4,18,4,Hồ Chí Minh,Phường Bình Phú,10.7385058,106.6274357,66.0,Moderate,1,26.8,85,0.0,4.4,145,1008.9,81,24.2,26.4,412.0,38.9,22.0,10.3
2026-04-18 05:00:00,2026,4,18,5,Hồ Chí Minh,Phường Bình Phú,10.7385058,106.6274357,66.0,Moderate,1,26.7,86,0.0,4.4,125,1009.1,78,28.3,30.6,499.0,39.6,21.0,12.4
2026-04-18 05:00:00,2026,4,18,5,Hồ Chí Minh,Phường Bình Phú,10.7385058,106.6274357,66.0,Moderate,1,26.8,88,0.0,2.4,153,1008.8,82,36.7,39.5,499.0,46.2,16.0,13.3
2026-04-18 06:00:00,2026,4,18,6,Hồ Chí Minh,Phường Bình Phú,10.7385058,106.6274357,67.0,Moderate,1,26.9,88,0.0,2.3,141,1009.3,80,41.8,44.7,636.0,43.4,21.0,15.4
2026-04-18 06:00:00,2026,4,18,6,Hồ Chí Minh,Phường Bình Phú,10.7385058,106.6274357,66.0,Moderate,1,26.8,86,0.0,5.2,106,1009.6,76,34.3,36.9,636.0,39.9,21.0,15.1
2026-04-18 07:00:00,2026,4,18,7,Hồ Chí Minh,Phường Bình Phú,10.7385058,106.6274357,68.0,Moderate,1,27.5,85,0.0,2.8,130,1009.6,77,35.4,38.2,708.0,41.3,24.0,16.9
2026-04-18 07:00:00,2026,4,18,7,Hồ Chí Minh,Phường Bình Phú,10.7385058,106.6274357,67.0,Moderate,1,27.2,84,0.0,5.8,97,1009.9,73,30.4,32.9,646.5,37.6,26.0,16.1
2026-04-18 08:00:00,2026,4,18,8,Hồ Chí Minh,Phường Bình Phú,10.7385058,106.6274357,67.0,Moderate,1,28.5,77,0.0,6.3,103,1010.2,79,18.2,21.0,564.0,30.6,40.0,13.8
2026-04-18 08:00:00,2026,4,18,8,Hồ Chí Minh,Phường Bình Phú,10.7385058,106.6274357,68.0,Moderate,1,28.9,77,0.0,4.3,138,1009.9,74,16.866666666666667,19.766666666666666,730.0,27.46666666666667,46.666666666666664,12.5
2026-04-18 09:00:00,2026,4,18,9,Hồ Chí Minh,Phường Bình Phú,10.7385058,106.6274357,67.5,Moderate,1,30.7,66,0.0,6.2,144,1010.1,70,15.533333333333333,18.533333333333335,719.0,24.333333333333332,53.333333333333336,11.200000000000001
2026-04-18 09:00:00,2026,4,18,9,Hồ Chí Minh,Phường Bình Phú,10.7385058,106.6274357,67.0,Moderate,1,30.4,67,0.0,6.4,117,1010.4,85,14.2,17.3,398.0,21.2,60.0,9.9
2026-04-18 10:00:00,2026,4,18,10,Hồ Chí Minh,Phường Bình Phú,10.7385058,106.6274357,67.0,Moderate,1,32.0,59,0.0,6.5,124,1010.3,91,13.8,16.9,213.0,13.7,80.0,6.8
2026-04-18 10:00:00,2026,4,18,10,Hồ Chí Minh,Phường Bình Phú,10.7385058,106.6274357,66.66666666666667,Moderate,1,32.3,57,0.0,7.2,143,1010.0,67,13.766666666666667,16.766666666666666,207.66666666666666,12.5,86.66666666666667,6.3999999999999995
2026-04-18 11:00:00,2026,4,18,11,Hồ Chí Minh,Phường Bình Phú,10.7385058,106.6274357,66.33333333333333,Moderate,1,33.7,51,0.0,6.4,128,1009.4,58,13.733333333333333,16.633333333333333,202.33333333333334,11.299999999999999,93.33333333333333,6.0
2026-04-18 11:00:00,2026,4,18,11,Hồ Chí Minh,Phường Bình Phú,10.7385058,106.6274357,66.0,Moderate,1,33.3,53,0.0,5.5,122,1009.6,83,13.7,16.5,197.0,10.1,100.0,5.6
2026-04-18 12:00:00,2026,4,18,12,Hồ Chí Minh,Phường Bình Phú,10.7385058,106.6274357,66.0,Moderate,1,34.8,47,0.0,5.5,101,1008.4,48,14.05,16.65,203.5,9.35,109.5,5.449999999999999
2026-04-18 12:00:00,2026,4,18,12,Hồ Chí Minh,Phường Bình Phú,10.7385058,106.6274357,66.0,Moderate,1,34.5,49,0.0,3.9,112,1008.7,75,14.4,16.8,210.0,8.6,119.0,5.3
2026-04-18 13:00:00,2026,4,18,13,Hồ Chí Minh,Phường Bình Phú,10.7385058,106.6274357,66.0,Moderate,1,35.7,44,0.0,5.4,90,1007.5,39,14.65,16.85,216.0,8.25,125.5,5.199999999999999
2026-04-18 13:00:00,2026,4,18,13,Hồ Chí Minh,Phường Bình Phú,10.7385058,106.6274357,66.0,Moderate,1,35.3,46,0.0,3.1,111,1007.7,67,14.9,16.9,222.0,7.9,132.0,5.1
2026-04-18 14:00:00,2026,4,18,14,Hồ Chí Minh,Phường Bình Phú,10.7385058,106.6274357,66.0,Moderate,1,35.6,44,0.0,4.1,135,1006.8,68,15.1,17.2,220.0,7.6,135.0,4.8
2026-04-18 14:00:00,2026,4,18,14,Hồ Chí Minh,Phường Bình Phú,10.7385058,106.6274357,66.0,Moderate,1,36.2,41,0.0,5.2,115,1006.6,44,15.0,17.099999999999998,219.33333333333334,7.8,133.66666666666666,4.766666666666667
2026-04-18 15:00:00,2026,4,18,15,Hồ Chí Minh,Phường Bình Phú,10.7385058,106.6274357,66.0,Moderate,1,36.5,40,0.0,7.1,150,1005.8,48,14.9,17.0,218.66666666666666,7.999999999999999,132.33333333333334,4.733333333333333
2026-04-18 15:00:00,2026,4,18,15,Hồ Chí Minh,Phường Bình Phú,10.7385058,106.6274357,66.0,Moderate,1,35.5,43,0.0,6.9,152,1006.0,68,14.8,16.9,218.0,8.2,131.0,4.7
2026-04-18 16:00:00,2026,4,18,16,Hồ Chí Minh,Phường Bình Phú,10.7385058,106.6274357,66.0,Moderate,1,36.0,41,0.0,10.0,159,1005.4,53,14.5,16.7,220.5,9.25,126.0,4.800000000000001
2026-04-18 16:00:00,2026,4,18,16,Hồ Chí Minh,Phường Bình Phú,10.7385058,106.6274357,66.0,Moderate,1,34.9,45,0.0,9.7,153,1005.7,69,14.2,16.5,223.0,10.3,121.0,4.9
2026-04-18 17:00:00,2026,4,18,17,Hồ Chí Minh,Phường Bình Phú,10.7385058,106.6274357,66.0,Moderate,1,34.4,47,0.1,12.9,153,1005.8,50,13.899999999999999,16.3,233.5,12.7,111.5,5.35
2026-04-18 17:00:00,2026,4,18,17,Hồ Chí Minh,Phường Bình Phú,10.7385058,106.6274357,66.0,Moderate,1,33.4,50,0.0,12.6,149,1006.1,63,13.6,16.1,244.0,15.1,102.0,5.8
2026-04-18 18:00:00,2026,4,18,18,Hồ Chí Minh,Phường Bình Phú,10.7385058,106.6274357,66.0,Moderate,1,32.0,56,0.1,15.7,148,1006.7,47,13.3,15.55,258.0,18.25,90.0,6.449999999999999
2026-04-18 18:00:00,2026,4,18,18,Hồ Chí Minh,Phường Bình Phú,10.7385058,106.6274357,66.0,Moderate,1,31.4,58,0.0,15.5,144,1006.9,57,13.0,15.0,272.0,21.4,78.0,7.1
2026-04-18 19:00:00,2026,4,18,19,Hồ Chí Minh,Phường Bình Phú,10.7385058,106.6274357,65.0,Moderate,1,29.7,65,0.0,16.4,142,1007.8,51,14.3,16.1,293.0,26.0,61.0,8.1
2026-04-18 19:00:00,2026,4,18,19,Hồ Chí Minh,Phường Bình Phú,10.7385058,106.6274357,65.0,Moderate,1,30.1,64,0.1,16.8,145,1007.6,44,14.3,16.1,293.0,26.0,61.0,8.1
2026-04-18 20:00:00,2026,4,18,20,Hồ Chí Minh,Phường Bình Phú,10.7385058,106.6274357,65.0,Moderate,1,28.8,71,0.4,13.7,145,1008.7,61,14.3,16.1,293.0,26.0,61.0,8.1
2026-04-18 20:00:00,2026,4,18,20,Hồ Chí Minh,Phường Bình Phú,10.7385058,106.6274357,65.0,Moderate,1,29.0,70,0.1,14.3,146,1008.5,63,14.3,16.1,293.0,26.0,61.0,8.1
2026-04-18 21:00:00,2026,4,18,21,Hồ Chí Minh,Phường Bình Phú,10.7385058,106.6274357,65.0,Moderate,1,28.1,76,0.4,9.8,152,1009.6,70,14.3,16.1,293.0,26.0,61.0,8.1
2026-04-18 21:00:00,2026,4,18,21,Hồ Chí Minh,Phường Bình Phú,10.7385058,106.6274357,65.0,Moderate,1,28.3,75,0.1,9.3,152,1009.4,81,14.3,16.1,293.0,26.0,61.0,8.1
2026-04-18 22:00:00,2026,4,18,22,Hồ Chí Minh,Phường Bình Phú,10.7385058,106.6274357,65.0,Moderate,1,27.6,80,0.4,6.5,161,1010.2,80,14.3,16.1,293.0,26.0,61.0,8.1
2026-04-18 22:00:00,2026,4,18,22,Hồ Chí Minh,Phường Bình Phú,10.7385058,106.6274357,65.0,Moderate,1,27.8,79,0.1,5.9,166,1009.9,100,14.3,16.1,293.0,26.0,61.0,8.1
2026-04-18 23:00:00,2026,4,18,23,Hồ Chí Minh,Phường Bình Phú,10.7385058,106.6274357,65.0,Moderate,1,27.5,82,0.1,5.0,180,1009.8,96,14.3,16.1,293.0,26.0,61.0,8.1
2026-04-18 23:00:00,2026,4,18,23,Hồ Chí Minh,Phường Bình Phú,10.7385058,106.6274357,65.0,Moderate,1,27.1,84,1.4,5.5,157,1010.1,85,14.3,16.1,293.0,26.0,61.0,8.1
2026-04-19 00:00:00,2026,4,19,0,Hồ Chí Minh,Phường Bình Phú,10.7385058,106.6274357,65.0,Moderate,1,26.6,87,1.4,5.4,143,1009.6,90,14.3,16.1,293.0,26.0,61.0,8.1
2026-04-19 00:00:00,2026,4,19,0,Hồ Chí Minh,Phường Bình Phú,10.7385058,106.6274357,65.0,Moderate,1,27.2,83,0.1,4.7,189,1009.4,91,14.3,16.1,293.0,26.0,61.0,8.1
2026-04-19 01:00:00,2026,4,19,1,Hồ Chí Minh,Phường Bình Phú,10.7385058,106.6274357,65.0,Moderate,1,27.0,85,0.1,4.3,185,1009.0,87,14.3,16.1,293.0,26.0,61.0,8.1
2026-04-19 01:00:00,2026,4,19,1,Hồ Chí Minh,Phường Bình Phú,10.7385058,106.6274357,65.0,Moderate,1,26.4,89,1.4,5.6,135,1009.2,95,14.3,16.1,293.0,26.0,61.0,8.1
2026-04-19 02:00:00,2026,4,19,2,Hồ Chí Minh,Phường Bình Phú,10.7385058,106.6274357,65.0,Moderate,1,26.6,87,0.3,3.1,159,1008.6,91,14.3,16.1,293.0,26.0,61.0,8.1
2026-04-19 03:00:00,2026,4,19,3,Hồ Chí Minh,Phường Bình Phú,10.7385058,106.6274357,65.0,Moderate,1,26.2,89,0.3,3.9,112,1008.3,96,14.3,16.1,293.0,26.0,61.0,8.1
2026-04-19 04:00:00,2026,4,19,4,Hồ Chí Minh,Phường Bình Phú,10.7385058,106.6274357,65.0,Moderate,1,26.0,90,0.3,5.4,94,1008.2,100,14.3,16.1,293.0,26.0,61.0,8.1
2026-04-19 05:00:00,2026,4,19,5,Hồ Chí Minh,Phường Bình Phú,10.7385058,106.6274357,65.0,Moderate,1,26.1,90,0.0,6.2,97,1008.5,90,14.3,16.1,293.0,26.0,61.0,8.1
2026-04-19 06:00:00,2026,4,19,6,Hồ Chí Minh,Phường Bình Phú,10.7385058,106.6274357,65.0,Moderate,1,26.4,89,0.0,6.5,109,1009.1,80,14.3,16.1,293.0,26.0,61.0,8.1
2026-04-19 07:00:00,2026,4,19,7,Hồ Chí Minh,Phường Bình Phú,10.7385058,106.6274357,65.0,Moderate,1,26.8,87,0.0,6.9,118,1009.6,70,14.3,16.1,293.0,26.0,61.0,8.1
2026-04-19 08:00:00,2026,4,19,8,Hồ Chí Minh,Phường Bình Phú,10.7385058,106.6274357,65.0,Moderate,1,27.3,84,0.8,7.4,119,1010.0,78,14.3,16.1,293.0,26.0,61.0,8.1
2026-04-19 09:00:00,2026,4,19,9,Hồ Chí Minh,Phường Bình Phú,10.7385058,106.6274357,65.0,Moderate,1,28.0,81,0.8,7.9,120,1010.3,87,14.3,16.1,293.0,26.0,61.0,8.1
2026-04-19 10:00:00,2026,4,19,10,Hồ Chí Minh,Phường Bình Phú,10.7385058,106.6274357,65.0,Moderate,1,28.9,77,0.8,8.3,124,1010.2,95,14.3,16.1,293.0,26.0,61.0,8.1
2026-04-19 11:00:00,2026,4,19,11,Hồ Chí Minh,Phường Bình Phú,10.7385058,106.6274357,65.0,Moderate,1,30.1,72,0.3,8.9,133,1009.5,94,14.3,16.1,293.0,26.0,61.0,8.1
2026-04-19 12:00:00,2026,4,19,12,Hồ Chí Minh,Phường Bình Phú,10.7385058,106.6274357,65.0,Moderate,1,31.5,66,0.3,9.8,144,1008.5,94,14.3,16.1,293.0,26.0,61.0,8.1
2026-04-19 13:00:00,2026,4,19,13,Hồ Chí Minh,Phường Bình Phú,10.7385058,106.6274357,65.0,Moderate,1,32.3,62,0.3,10.8,150,1007.6,93,14.3,16.1,293.0,26.0,61.0,8.1
2026-04-19 14:00:00,2026,4,19,14,Hồ Chí Minh,Phường Bình Phú,10.7385058,106.6274357,65.0,Moderate,1,32.3,61,0.2,12.1,153,1006.9,95,14.3,16.1,293.0,26.0,61.0,8.1
2026-04-19 15:00:00,2026,4,19,15,Hồ Chí Minh,Phường Bình Phú,10.7385058,106.6274357,65.0,Moderate,1,31.8,62,0.2,13.2,154,1006.3,98,14.3,16.1,293.0,26.0,61.0,8.1
2026-04-19 16:00:00,2026,4,19,16,Hồ Chí Minh,Phường Bình Phú,10.7385058,106.6274357,65.0,Moderate,1,31.0,64,0.2,13.7,153,1006.1,100,14.3,16.1,293.0,26.0,61.0,8.1
2026-04-19 17:00:00,2026,4,19,17,Hồ Chí Minh,Phường Bình Phú,10.7385058,106.6274357,65.0,Moderate,1,30.0,67,0.0,13.0,152,1006.4,91,14.3,16.1,293.0,26.0,61.0,8.1
2026-04-19 18:00:00,2026,4,19,18,Hồ Chí Minh,Phường Bình Phú,10.7385058,106.6274357,65.0,Moderate,1,29.0,71,0.0,11.8,149,1007.1,83,14.3,16.1,293.0,26.0,61.0,8.1
2026-04-19 19:00:00,2026,4,19,19,Hồ Chí Minh,Phường Bình Phú,10.7385058,106.6274357,65.0,Moderate,1,28.0,75,0.0,10.3,144,1007.8,74,14.3,16.1,293.0,26.0,61.0,8.1
2026-04-19 20:00:00,2026,4,19,20,Hồ Chí Minh,Phường Bình Phú,10.7385058,106.6274357,65.0,Moderate,1,27.4,78,0.0,8.7,138,1008.6,81,14.3,16.1,293.0,26.0,61.0,8.1
2026-04-19 21:00:00,2026,4,19,21,Hồ Chí Minh,Phường Bình Phú,10.7385058,106.6274357,65.0,Moderate,1,26.9,82,0.0,7.1,135,1009.5,89,14.3,16.1,293.0,26.0,61.0,8.1
2026-04-19 22:00:00,2026,4,19,22,Hồ Chí Minh,Phường Bình Phú,10.7385058,106.6274357,65.0,Moderate,1,26.5,84,0.0,5.6,130,1010.0,96,14.3,16.1,293.0,26.0,61.0,8.1
2026-04-19 23:00:00,2026,4,19,23,Hồ Chí Minh,Phường Bình Phú,10.7385058,106.6274357,65.0,Moderate,1,26.3,85,0.0,4.8,132,1010.0,93,14.3,16.1,293.0,26.0,61.0,8.1
2026-04-20 00:00:00,2026,4,20,0,Hồ Chí Minh,Phường Bình Phú,10.7385058,106.6274357,65.0,Moderate,1,26.1,86,0.0,4.6,135,1009.6,91,14.3,16.1,293.0,26.0,61.0,8.1
2026-04-20 01:00:00,2026,4,20,1,Hồ Chí Minh,Phường Bình Phú,10.7385058,106.6274357,65.0,Moderate,1,26.0,86,0.0,4.3,138,1009.2,88,14.3,16.1,293.0,26.0,61.0,8.1
2026-04-20 02:00:00,2026,4,20,2,Hồ Chí Minh,Phường Bình Phú,10.7385058,106.6274357,65.0,Moderate,1,25.8,87,0.0,4.1,128,1008.9,92,14.3,16.1,293.0,26.0,61.0,8.1
2026-04-20 03:00:00,2026,4,20,3,Hồ Chí Minh,Phường Bình Phú,10.7385058,106.6274357,65.0,Moderate,1,25.5,87,0.0,4.0,117,1008.5,96,14.3,16.1,293.0,26.0,61.0,8.1
2026-04-20 04:00:00,2026,4,20,4,Hồ Chí Minh,Phường Bình Phú,10.7385058,106.6274357,65.0,Moderate,1,25.5,87,0.0,4.5,104,1008.4,100,14.3,16.1,293.0,26.0,61.0,8.1
2026-04-20 05:00:00,2026,4,20,5,Hồ Chí Minh,Phường Bình Phú,10.7385058,106.6274357,65.0,Moderate,1,25.5,87,0.0,4.7,99,1008.7,91,14.3,16.1,293.0,26.0,61.0,8.1
2026-04-20 06:00:00,2026,4,20,6,Hồ Chí Minh,Phường Bình Phú,10.7385058,106.6274357,65.0,Moderate,1,25.6,87,0.0,5.4,98,1009.3,81,14.3,16.1,293.0,26.0,61.0,8.1
2026-04-20 07:00:00,2026,4,20,7,Hồ Chí Minh,Phường Bình Phú,10.7385058,106.6274357,65.0,Moderate,1,26.2,84,0.0,6.3,103,1009.8,72,14.3,16.1,293.0,26.0,61.0,8.1
2026-04-20 08:00:00,2026,4,20,8,Hồ Chí Minh,Phường Bình Phú,10.7385058,106.6274357,65.0,Moderate,1,27.6,76,0.0,8.7,114,1010.2,81,14.3,16.1,293.0,26.0,61.0,8.1
2026-04-20 09:00:00,2026,4,20,9,Hồ Chí Minh,Phường Bình Phú,10.7385058,106.6274357,65.0,Moderate,1,29.4,65,0.0,12.0,123,1010.4,91,14.3,16.1,293.0,26.0,61.0,8.1
2026-04-20 10:00:00,2026,4,20,10,Hồ Chí Minh,Phường Bình Phú,10.7385058,106.6274357,65.0,Moderate,1,31.0,56,0.0,13.9,127,1010.4,100,14.3,16.1,293.0,26.0,61.0,8.1
2026-04-20 11:00:00,2026,4,20,11,Hồ Chí Minh,Phường Bình Phú,10.7385058,106.6274357,65.0,Moderate,1,32.2,50,0.0,13.0,129,1009.8,93,14.3,16.1,293.0,26.0,61.0,8.1
2026-04-20 12:00:00,2026,4,20,12,Hồ Chí Minh,Phường Bình Phú,10.7385058,106.6274357,65.0,Moderate,1,33.4,46,0.0,11.2,132,1009.1,85,14.3,16.1,293.0,26.0,61.0,8.1
2026-04-20 13:00:00,2026,4,20,13,Hồ Chí Minh,Phường Bình Phú,10.7385058,106.6274357,65.0,Moderate,1,34.1,43,0.0,9.9,136,1008.2,78,14.3,16.1,293.0,26.0,61.0,8.1
2026-04-20 14:00:00,2026,4,20,14,Hồ Chí Minh,Phường Bình Phú,10.7385058,106.6274357,65.0,Moderate,1,34.3,43,0.0,10.7,138,1007.3,78,14.3,16.1,293.0,26.0,61.0,8.1
2026-04-20 15:00:00,2026,4,20,15,Hồ Chí Minh,Phường Bình Phú,10.7385058,106.6274357,65.0,Moderate,1,34.0,44,0.0,12.7,137,1006.4,77,14.3,16.1,293.0,26.0,61.0,8.1
2026-04-20 16:00:00,2026,4,20,16,Hồ Chí Minh,Phường Bình Phú,10.7385058,106.6274357,65.0,Moderate,1,33.4,47,0.0,13.8,139,1005.9,77,14.3,16.1,293.0,26.0,61.0,8.1
2026-04-20 17:00:00,2026,4,20,17,Hồ Chí Minh,Phường Bình Phú,10.7385058,106.6274357,65.0,Moderate,1,32.1,51,0.0,13.6,143,1006.1,51,14.3,16.1,293.0,26.0,61.0,8.1
2026-04-20 18:00:00,2026,4,20,18,Hồ Chí Minh,Phường Bình Phú,10.7385058,106.6274357,65.0,Moderate,1,30.4,57,0.0,12.6,149,1006.8,26,14.3,16.1,293.0,26.0,61.0,8.1
2026-04-20 19:00:00,2026,4,20,19,Hồ Chí Minh,Phường Bình Phú,10.7385058,106.6274357,65.0,Moderate,1,29.0,63,0.0,11.8,153,1007.6,0,14.3,16.1,293.0,26.0,61.0,8.1
2026-04-20 20:00:00,2026,4,20,20,Hồ Chí Minh,Phường Bình Phú,10.7385058,106.6274357,65.0,Moderate,1,28.0,68,0.0,10.6,152,1008.3,19,14.3,16.1,293.0,26.0,61.0,8.1
2026-04-20 21:00:00,2026,4,20,21,Hồ Chí Minh,Phường Bình Phú,10.7385058,106.6274357,65.0,Moderate,1,27.4,74,0.0,9.2,149,1009.1,39,14.3,16.1,293.0,26.0,61.0,8.1
2026-04-20 22:00:00,2026,4,20,22,Hồ Chí Minh,Phường Bình Phú,10.7385058,106.6274357,65.0,Moderate,1,26.9,78,0.0,7.8,146,1009.5,58,14.3,16.1,293.0,26.0,61.0,8.1
2026-04-20 23:00:00,2026,4,20,23,Hồ Chí Minh,Phường Bình Phú,10.7385058,106.6274357,65.0,Moderate,1,26.5,81,0.0,6.5,146,1009.4,67,14.3,16.1,293.0,26.0,61.0,8.1
